2007.08.08 18:00:00.297,1.14085,1.1412,8.00,11.90
2007.08.08 18:00:00.310,1.1408,1.1412,9.60,11.90
2007.08.08 18:00:06.934,1.1408,1.14125,17.50,6.40
2007.08.08 18:00:07.055,1.1409,1.1413,8.00,15.90
2007.08.08 18:00:07.092,1.1409,1.1413,2.90,15.90
2007.08.08 18:00:07.352,1.1408,1.1413,17.50,11.90
2007.08.08 18:00:07.532,1.1407,1.1413,17.40,11.90
2007.08.08 18:00:09.431,1.1409,1.1414,23.10,18.30
2007.08.08 18:00:10.346,1.141,1.1414,4.10,14.30
2007.08.08 18:00:32.604,1.14075,1.1414,23.80,7.90
2007.08.08 18:00:36.372,1.1409,1.1414,15.10,7.90
2007.08.08 18:00:36.615,1.141,1.1414,8.00,14.30
2007.08.08 18:00:36.782,1.141,1.1414,21.50,6.40
2007.08.08 18:00:36.926,1.141,1.1415,13.50,11.90
2007.08.08 18:00:37.179,1.1411,1.1415,8.00,11.90
2007.08.08 18:00:37.823,1.1411,1.1415,8.00,7.90
2007.08.08 18:00:39.807,1.1412,1.14155,1.60,6.40
2007.08.08 18:00:39.868,1.1412,1.1416,9.60,15.90
2007.08.08 18:00:39.994,1.1412,1.1416,9.60,11.90
2007.08.08 18:00:40.924,1.1412,1.14165,27.10,6.40
2007.08.08 18:00:41.230,1.1412,1.1416,9.60,7.90
2007.08.08 18:00:41.357,1.14125,1.1416,8.00,7.90
2007.08.08 18:00:41.779,1.1412,1.1416,9.60,7.90
2007.08.08 18:00:42.124,1.1412,1.1416,1.60,14.30
2007.08.08 18:00:42.292,1.141,1.1415,17.50,9.50
2007.08.08 18:00:42.376,1.141,1.1415,13.50,9.50
2007.08.08 18:00:42.648,1.1411,1.1415,8.00,9.50
2007.08.08 18:00:43.154,1.14105,1.1415,8.00,15.90
2007.08.08 18:00:44.370,1.1411,1.1415,1.60,15.90
2007.08.08 18:00:44.518,1.1411,1.1415,9.60,9.50
2007.08.08 18:00:44.780,1.1409,1.1415,4.00,1.60
2007.08.08 18:00:45.179,1.14115,1.1415,8.00,1.60
2007.08.08 18:00:45.823,1.141,1.1415,17.50,9.50
2007.08.08 18:00:45.936,1.1412,1.1415,1.60,7.90
2007.08.08 18:00:46.581,1.14105,1.1415,8.00,14.30
2007.08.08 18:00:47.197,1.1412,1.1415,1.60,7.90
2007.08.08 18:00:47.767,1.1412,1.14155,1.60,6.40
2007.08.08 18:00:48.030,1.1412,1.1416,1.60,14.30
2007.08.08 18:00:48.301,1.1412,1.1416,9.60,7.90
2007.08.08 18:00:48.334,1.1413,1.1416,1.60,7.90
2007.08.08 18:00:49.424,1.14115,1.1416,8.00,14.30
2007.08.08 18:00:50.993,1.1413,1.1417,1.60,15.90
2007.08.08 18:00:51.013,1.1413,1.14165,1.60,6.40
2007.08.08 18:00:51.304,1.1413,1.1416,1.60,7.90
2007.08.08 18:00:51.330,1.1413,1.1416,1.60,14.30
2007.08.08 18:01:01.270,1.14115,1.1416,8.00,15.90
2007.08.08 18:01:01.364,1.1411,1.14155,23.90,6.40
2007.08.08 18:01:01.388,1.1411,1.1415,12.00,7.90
2007.08.08 18:01:01.662,1.1411,1.1415,4.00,14.30
2007.08.08 18:01:02.305,1.14105,1.1415,8.00,14.30
2007.08.08 18:01:04.390,1.1411,1.1415,8.00,7.90
2007.08.08 18:01:04.903,1.1411,1.1415,12.00,7.90
2007.08.08 18:01:04.984,1.14115,1.1415,8.00,7.90
2007.08.08 18:01:05.832,1.14115,1.1416,8.00,22.20
2007.08.08 18:01:06.801,1.1411,1.14155,12.00,14.30
2007.08.08 18:01:07.379,1.1411,1.1415,8.00,7.90
2007.08.08 18:01:14.340,1.1411,1.1415,12.00,7.90
2007.08.08 18:01:17.447,1.1411,1.14145,4.00,6.40
2007.08.08 18:01:17.473,1.141,1.1414,12.00,7.90
2007.08.08 18:01:29.925,1.141,1.1414,12.00,14.30
2007.08.08 18:01:31.234,1.141,1.1414,12.00,7.90
2007.08.08 18:01:33.652,1.14105,1.1414,8.00,7.90
2007.08.08 18:01:33.803,1.14105,1.14145,8.00,6.40
2007.08.08 18:01:33.946,1.1411,1.1415,8.00,14.30
2007.08.08 18:01:34.489,1.141,1.1415,15.90,7.90
2007.08.08 18:01:37.338,1.14115,1.1416,8.00,14.30
2007.08.08 18:01:38.132,1.1413,1.1416,1.60,7.90
2007.08.08 18:01:39.730,1.1412,1.1416,8.00,7.90
2007.08.08 18:01:39.949,1.14115,1.1416,8.00,14.30
2007.08.08 18:01:41.809,1.141,1.1415,17.50,7.90
2007.08.08 18:01:41.856,1.1411,1.1415,8.00,7.90
2007.08.08 18:01:42.108,1.141,1.1415,17.50,7.90
2007.08.08 18:01:42.194,1.141,1.1415,15.90,7.90
2007.08.08 18:01:42.417,1.141,1.1415,11.90,7.90
2007.08.08 18:01:42.427,1.1411,1.1415,8.00,14.30
2007.08.08 18:01:43.189,1.14105,1.1415,8.00,14.30
2007.08.08 18:01:44.216,1.1411,1.1415,8.00,7.90
2007.08.08 18:01:45.266,1.14105,1.1415,8.00,14.30
2007.08.08 18:01:46.055,1.1411,1.1415,8.00,7.90
2007.08.08 18:01:46.132,1.1411,1.14155,17.50,6.40
2007.08.08 18:01:46.760,1.1412,1.14155,11.90,6.40
2007.08.08 18:01:46.841,1.1412,1.1416,11.90,10.40
2007.08.08 18:01:47.812,1.1412,1.1416,11.90,6.40
2007.08.08 18:01:56.231,1.1412,1.1416,11.90,8.00
2007.08.08 18:01:56.298,1.1412,1.14155,11.90,6.40
2007.08.08 18:01:56.359,1.1411,1.14155,17.50,6.40
2007.08.08 18:01:56.944,1.141,1.14155,25.40,6.40
2007.08.08 18:02:02.445,1.1411,1.1416,17.50,22.30
2007.08.08 18:02:02.803,1.14115,1.1416,19.90,10.40
2007.08.08 18:02:02.988,1.1412,1.1416,1.30,4.00
2007.08.08 18:02:03.752,1.1411,1.14165,21.50,6.40
2007.08.08 18:02:06.090,1.1411,1.1416,21.50,1.60
2007.08.08 18:02:06.151,1.1412,1.1416,2.90,8.00
2007.08.08 18:02:06.212,1.1411,1.1416,17.50,19.90
2007.08.08 18:02:06.926,1.1411,1.1416,17.50,23.90
2007.08.08 18:02:08.729,1.14115,1.1416,19.90,10.40
2007.08.08 18:02:08.766,1.1411,1.1416,21.50,4.00
2007.08.08 18:02:09.886,1.1411,1.14165,21.50,6.40
2007.08.08 18:02:15.685,1.1411,1.1416,21.50,1.60
2007.08.08 18:02:25.706,1.141,1.14165,4.00,6.40
2007.08.08 18:02:30.093,1.1412,1.1416,13.50,6.40
2007.08.08 18:02:30.190,1.1412,1.1416,11.90,8.00
2007.08.08 18:02:30.284,1.14115,1.1416,8.00,19.90
2007.08.08 18:02:31.087,1.14115,1.1416,8.00,23.90
2007.08.08 18:02:32.149,1.14115,1.1416,8.00,22.30
2007.08.08 18:02:32.185,1.1412,1.1416,8.00,15.90
2007.08.08 18:02:32.267,1.1412,1.1416,19.90,4.00
2007.08.08 18:02:32.899,1.1412,1.14165,19.90,6.40
2007.08.08 18:02:35.238,1.1412,1.1416,8.00,13.50
2007.08.08 18:02:35.368,1.14115,1.1416,8.00,19.90
2007.08.08 18:02:35.763,1.14115,1.1416,8.00,23.90
2007.08.08 18:02:36.023,1.14115,1.1416,2.00,23.90
2007.08.08 18:02:46.239,1.14115,1.14155,3.50,6.40
2007.08.08 18:02:55.691,1.1411,1.1416,15.90,27.90
2007.08.08 18:02:55.775,1.1411,1.1416,15.90,26.30
2007.08.08 18:02:55.872,1.14115,1.1416,1.60,22.30
2007.08.08 18:03:04.133,1.14115,1.1416,3.70,18.30
2007.08.08 18:03:05.284,1.14115,1.14155,8.00,6.40
2007.08.08 18:03:10.777,1.1411,1.14155,15.90,6.40
2007.08.08 18:03:12.258,1.1411,1.1415,8.00,11.90
2007.08.08 18:03:12.783,1.1411,1.1415,8.00,15.90
2007.08.08 18:03:13.211,1.1411,1.1415,15.90,4.00
2007.08.08 18:03:13.643,1.1411,1.14155,15.90,6.40
2007.08.08 18:03:13.832,1.1411,1.1415,8.00,11.90
2007.08.08 18:03:14.271,1.1411,1.14155,15.90,6.40
2007.08.08 18:03:15.322,1.1411,1.1415,8.00,11.90
2007.08.08 18:03:15.757,1.1411,1.1415,8.00,15.90
2007.08.08 18:03:17.265,1.141,1.1415,15.90,15.90
2007.08.08 18:03:19.335,1.1411,1.1415,15.90,4.00
2007.08.08 18:03:19.534,1.1411,1.14155,15.90,6.40
2007.08.08 18:03:23.723,1.1411,1.1415,8.00,13.50
2007.08.08 18:03:23.935,1.141,1.1415,7.90,17.50
2007.08.08 18:03:24.460,1.1411,1.1415,8.00,17.50
2007.08.08 18:03:24.871,1.1411,1.1415,8.00,21.50
2007.08.08 18:03:41.247,1.1411,1.1415,8.00,19.90
2007.08.08 18:03:41.450,1.1411,1.1414,8.00,4.00
2007.08.08 18:03:41.961,1.1411,1.1415,8.00,15.90
2007.08.08 18:03:42.289,1.1411,1.1415,15.90,4.00
2007.08.08 18:03:42.717,1.1411,1.1415,8.00,15.90
2007.08.08 18:03:42.815,1.1411,1.1415,8.00,11.90
2007.08.08 18:03:43.759,1.1411,1.1415,8.00,15.90
2007.08.08 18:03:49.737,1.1411,1.1415,15.90,4.00
2007.08.08 18:03:50.858,1.1411,1.14155,15.90,6.40
2007.08.08 18:03:57.233,1.1411,1.1415,7.90,6.40
2007.08.08 18:03:59.015,1.1411,1.14155,15.90,6.40
2007.08.08 18:04:05.542,1.1411,1.14155,15.90,0.80
2007.08.08 18:04:06.331,1.1411,1.1415,8.00,0.50
2007.08.08 18:04:06.462,1.141,1.1415,15.90,19.90
2007.08.08 18:04:06.543,1.141,1.1415,15.90,23.90
2007.08.08 18:04:09.765,1.141,1.1415,8.00,27.90
2007.08.08 18:04:10.794,1.141,1.1414,8.00,0.90
2007.08.08 18:04:11.324,1.141,1.1415,15.90,27.90
2007.08.08 18:04:11.634,1.141,1.1414,15.90,0.50
2007.08.08 18:04:12.421,1.1411,1.1414,8.00,0.60
2007.08.08 18:04:18.295,1.141,1.1415,7.90,21.50
2007.08.08 18:04:18.358,1.141,1.1415,9.50,21.50
2007.08.08 18:04:22.822,1.14115,1.14175,8.00,24.88
2007.08.08 18:04:23.245,1.14115,1.1416,8.00,0.70
2007.08.08 18:04:23.340,1.14115,1.1416,8.00,23.90
2007.08.08 18:04:23.659,1.14115,1.1417,8.00,27.90
2007.08.08 18:04:24.293,1.14115,1.1416,8.00,0.90
2007.08.08 18:04:24.395,1.14115,1.14175,8.00,29.88
2007.08.08 18:04:31.318,1.1409,1.1415,4.00,0.50
2007.08.08 18:04:33.229,1.1411,1.1416,17.50,26.30
2007.08.08 18:04:33.374,1.1411,1.1416,17.50,26.30
2007.08.08 18:04:34.160,1.14115,1.1416,8.00,22.30
2007.08.08 18:04:34.320,1.14115,1.14155,8.00,10.40
2007.08.08 18:04:34.951,1.14115,1.14155,8.00,6.40
2007.08.08 18:04:39.934,1.14115,1.1415,8.00,4.00
2007.08.08 18:04:40.030,1.1411,1.1415,21.50,10.40
2007.08.08 18:04:54.444,1.1411,1.1415,8.00,22.30
2007.08.08 18:04:54.605,1.14105,1.1415,8.00,22.30
2007.08.08 18:04:54.784,1.14105,1.1415,8.00,26.30
2007.08.08 18:05:01.806,1.141,1.1415,15.90,26.30
2007.08.08 18:05:24.216,1.141,1.1415,15.90,22.30
2007.08.08 18:05:24.743,1.141,1.1415,15.90,26.30
2007.08.08 18:05:24.851,1.14105,1.1415,0.50,0.80
2007.08.08 18:05:28.775,1.1408,1.1415,17.40,27.90
2007.08.08 18:05:28.920,1.141,1.1414,8.00,0.50
2007.08.08 18:05:28.985,1.141,1.1414,8.00,0.60
2007.08.08 18:05:29.813,1.141,1.1414,8.00,0.60
2007.08.08 18:05:47.769,1.141,1.14145,15.90,14.40
2007.08.08 18:05:48.710,1.141,1.14145,15.90,10.40
2007.08.08 18:05:52.279,1.1411,1.14145,7.90,10.40
2007.08.08 18:05:52.489,1.1411,1.1415,15.90,8.00
2007.08.08 18:05:53.264,1.1411,1.1415,15.90,0.70
2007.08.08 18:05:53.327,1.14115,1.1416,8.00,26.30
2007.08.08 18:06:03.868,1.14115,1.1415,8.00,15.90
2007.08.08 18:06:28.969,1.141,1.1415,13.50,15.90
2007.08.08 18:06:29.974,1.14115,1.1415,8.00,15.90
2007.08.08 18:06:46.907,1.1411,1.1415,12.00,15.90
2007.08.08 18:06:46.918,1.1411,1.1414,12.00,4.00
2007.08.08 18:06:48.960,1.1411,1.1415,12.00,15.90
2007.08.08 18:06:49.269,1.1411,1.1414,12.00,4.00
2007.08.08 18:06:49.817,1.1409,1.14155,9.50,6.40
2007.08.08 18:06:49.906,1.1411,1.1414,8.00,11.90
2007.08.08 18:06:50.957,1.1411,1.1414,8.00,15.90
2007.08.08 18:06:52.197,1.1411,1.1413,8.00,11.90
2007.08.08 18:06:52.313,1.14105,1.1413,8.00,11.90
2007.08.08 18:06:52.410,1.1409,1.1413,5.60,11.90
2007.08.08 18:06:53.262,1.14105,1.1413,8.00,11.90
2007.08.08 18:06:57.062,1.14105,1.1414,8.00,19.90
2007.08.08 18:06:58.132,1.141,1.1414,12.00,19.90
2007.08.08 18:06:58.424,1.14095,1.1414,8.00,26.30
2007.08.08 18:06:58.722,1.141,1.1414,8.00,19.90
2007.08.08 18:06:58.742,1.141,1.1413,8.00,11.90
2007.08.08 18:06:58.848,1.1408,1.1413,13.50,15.90
2007.08.08 18:06:59.053,1.1409,1.1413,8.00,22.30
2007.08.08 18:06:59.394,1.1409,1.1412,8.00,4.00
2007.08.08 18:06:59.688,1.14085,1.1412,8.00,4.00
2007.08.08 18:06:59.934,1.14085,1.1413,8.00,23.90
2007.08.08 18:07:00.225,1.14085,1.14125,8.00,6.40
2007.08.08 18:07:00.367,1.14085,1.1412,8.00,4.00
2007.08.08 18:07:05.184,1.14085,1.14125,8.00,10.40
2007.08.08 18:07:05.312,1.1409,1.1412,7.90,0.60
2007.08.08 18:07:05.382,1.1409,1.1412,15.90,0.90
2007.08.08 18:07:06.211,1.14095,1.1413,8.00,9.60
2007.08.08 18:07:06.232,1.14095,1.1414,8.00,22.30
2007.08.08 18:07:06.457,1.141,1.1414,8.00,0.70
2007.08.08 18:07:06.490,1.141,1.1414,8.00,26.30
2007.08.08 18:07:09.272,1.1409,1.1413,11.90,10.40
2007.08.08 18:07:09.314,1.14085,1.14125,8.00,0.90
2007.08.08 18:07:09.430,1.14085,1.1412,8.00,0.50
2007.08.08 18:07:10.478,1.14085,1.1413,8.00,23.90
2007.08.08 18:07:11.306,1.14085,1.1412,8.00,0.50
2007.08.08 18:07:11.828,1.1409,1.1413,8.00,27.90
2007.08.08 18:07:12.236,1.1409,1.1412,15.90,0.60
2007.08.08 18:07:13.643,1.14095,1.1413,8.00,8.00
2007.08.08 18:07:14.266,1.14095,1.1413,8.00,0.70
2007.08.08 18:07:23.560,1.1409,1.1413,15.90,0.60
2007.08.08 18:07:23.730,1.1409,1.1413,8.00,0.60
2007.08.08 18:07:23.828,1.1409,1.14135,8.00,23.90
2007.08.08 18:07:23.840,1.14085,1.1413,8.00,23.90
2007.08.08 18:07:23.981,1.14085,1.1412,8.00,0.70
2007.08.08 18:07:24.110,1.1409,1.1413,8.00,23.90
2007.08.08 18:07:28.270,1.1408,1.1413,9.50,17.50
2007.08.08 18:07:28.297,1.14095,1.1412,8.00,0.90
2007.08.08 18:07:31.104,1.141,1.1412,8.00,0.90
2007.08.08 18:07:31.288,1.141,1.1414,8.00,26.30
2007.08.08 18:07:32.225,1.141,1.1414,8.00,27.90
2007.08.08 18:07:32.402,1.14095,1.14135,8.00,22.30
2007.08.08 18:07:34.769,1.14095,1.1413,1.20,15.90
2007.08.08 18:07:38.252,1.1408,1.1412,1.60,11.90
2007.08.08 18:07:38.340,1.1408,1.14135,1.60,6.40
2007.08.08 18:07:38.364,1.1409,1.14135,8.00,6.40
2007.08.08 18:07:38.450,1.1409,1.1412,8.00,11.90
2007.08.08 18:07:40.224,1.1409,1.1413,8.00,19.90
2007.08.08 18:07:40.271,1.1408,1.1413,9.50,19.90
2007.08.08 18:07:40.312,1.1408,1.1412,9.50,4.00
2007.08.08 18:07:40.543,1.14095,1.1412,8.00,4.00
2007.08.08 18:07:41.259,1.14095,1.14135,8.00,6.40
2007.08.08 18:07:45.232,1.1409,1.1412,17.50,4.00
2007.08.08 18:07:45.293,1.1409,1.1412,8.00,4.00
2007.08.08 18:07:45.403,1.1409,1.1413,8.00,23.90
2007.08.08 18:07:45.798,1.14085,1.14125,8.00,6.40
2007.08.08 18:07:45.934,1.14085,1.1412,8.00,4.00
2007.08.08 18:07:50.264,1.1409,1.1412,8.00,4.00
2007.08.08 18:07:51.334,1.1409,1.1413,8.00,26.30
2007.08.08 18:07:56.917,1.1409,1.1412,8.00,4.00
2007.08.08 18:07:57.363,1.1409,1.1413,8.00,26.30
2007.08.08 18:07:58.921,1.1409,1.1412,8.00,4.00
2007.08.08 18:08:01.901,1.1409,1.1413,8.00,26.30
2007.08.08 18:08:10.917,1.1409,1.1412,8.00,4.00
2007.08.08 18:08:11.966,1.1409,1.1413,8.00,19.90
2007.08.08 18:08:12.178,1.1409,1.1413,8.00,26.30
2007.08.08 18:08:15.272,1.1409,1.1413,8.00,22.30
2007.08.08 18:08:15.806,1.1409,1.1413,8.00,26.30
2007.08.08 18:08:18.321,1.14085,1.1413,8.00,26.30
2007.08.08 18:08:23.378,1.1409,1.1412,13.50,4.00
2007.08.08 18:08:23.428,1.1407,1.1412,4.00,4.00
2007.08.08 18:08:23.903,1.1407,1.1413,4.00,10.40
2007.08.08 18:08:24.316,1.1407,1.1412,4.00,4.00
2007.08.08 18:08:27.078,1.14095,1.14135,8.00,6.40
2007.08.08 18:08:30.837,1.14095,1.14135,8.00,0.80
2007.08.08 18:08:34.371,1.14095,1.14135,8.00,10.40
2007.08.08 18:08:47.027,1.141,1.1413,1.60,0.90
2007.08.08 18:08:47.236,1.14105,1.1413,8.00,0.50
2007.08.08 18:08:51.197,1.141,1.1414,19.10,8.00
2007.08.08 18:09:00.449,1.1408,1.1413,4.00,4.00
2007.08.08 18:09:01.432,1.1408,1.1414,4.00,10.40
2007.08.08 18:09:01.957,1.1408,1.1414,4.00,4.00
2007.08.08 18:09:01.969,1.1408,1.14145,4.00,6.40
2007.08.08 18:09:02.232,1.1408,1.1413,4.00,4.00
2007.08.08 18:09:08.368,1.1408,1.14145,4.00,6.40
2007.08.08 18:09:08.870,1.1408,1.1413,4.00,4.00
2007.08.08 18:09:19.936,1.14105,1.14145,8.00,6.40
2007.08.08 18:09:20.438,1.14105,1.1414,8.00,4.00
2007.08.08 18:09:21.032,1.14105,1.14145,8.00,6.40
2007.08.08 18:09:21.291,1.14105,1.1415,8.00,15.90
2007.08.08 18:09:21.363,1.14105,1.1413,8.00,4.00
2007.08.08 18:09:21.538,1.141,1.1413,3.20,4.00
2007.08.08 18:09:21.753,1.141,1.1413,11.10,4.00
2007.08.08 18:09:21.927,1.14105,1.1413,8.00,4.00
2007.08.08 18:09:22.414,1.14105,1.1414,8.00,8.00
2007.08.08 18:09:22.814,1.14105,1.1414,8.00,4.00
2007.08.08 18:09:23.368,1.14105,1.14145,8.00,6.40
2007.08.08 18:09:23.971,1.14105,1.1414,8.00,4.00
2007.08.08 18:09:28.298,1.14105,1.14145,8.00,6.40
2007.08.08 18:09:28.545,1.1411,1.1415,8.00,13.50
2007.08.08 18:09:28.720,1.1411,1.1413,8.00,4.00
2007.08.08 18:09:28.818,1.141,1.1413,1.60,4.00
2007.08.08 18:09:30.275,1.141,1.14135,1.60,6.40
2007.08.08 18:09:30.813,1.1411,1.14135,7.90,6.40
2007.08.08 18:09:30.914,1.1411,1.14135,9.50,6.40
2007.08.08 18:09:31.062,1.1411,1.14155,17.50,6.40
2007.08.08 18:09:31.333,1.1411,1.14155,21.50,6.40
2007.08.08 18:09:31.449,1.1411,1.14155,19.90,6.40
2007.08.08 18:09:31.682,1.1411,1.1414,19.90,8.00
2007.08.08 18:09:31.858,1.1411,1.1414,19.90,4.00
2007.08.08 18:09:32.706,1.1409,1.1414,4.00,4.00
2007.08.08 18:09:32.784,1.1411,1.1414,17.50,4.00
2007.08.08 18:09:32.869,1.1411,1.14155,17.50,6.40
2007.08.08 18:09:33.377,1.1412,1.1415,11.90,4.00
2007.08.08 18:09:33.971,1.1412,1.14165,19.90,6.40
2007.08.08 18:09:34.511,1.1412,1.1415,11.90,4.00
2007.08.08 18:09:35.840,1.1412,1.14165,19.90,6.40
2007.08.08 18:09:37.171,1.1412,1.1415,11.90,4.00
2007.08.08 18:09:37.651,1.1412,1.14165,19.90,6.40
2007.08.08 18:09:38.782,1.1412,1.1415,9.60,4.00
2007.08.08 18:09:40.742,1.1412,1.14165,21.50,6.40
2007.08.08 18:09:42.604,1.1412,1.1415,13.50,4.00
2007.08.08 18:09:42.735,1.14115,1.1415,8.00,4.00
2007.08.08 18:09:42.881,1.1411,1.1415,19.10,4.00
2007.08.08 18:09:44.317,1.141,1.1415,23.10,4.00
2007.08.08 18:09:45.943,1.1411,1.14155,19.10,6.40
2007.08.08 18:09:50.406,1.1411,1.1415,19.10,4.00
2007.08.08 18:10:01.284,1.1411,1.14155,19.10,6.40
2007.08.08 18:10:05.318,1.14115,1.1416,8.00,23.90
2007.08.08 18:10:05.868,1.1412,1.1416,19.90,4.00
2007.08.08 18:10:05.967,1.1412,1.1415,8.00,4.00
2007.08.08 18:10:06.369,1.14115,1.1415,8.00,4.00
2007.08.08 18:10:12.928,1.14115,1.1416,8.00,18.30
2007.08.08 18:10:12.948,1.1411,1.14155,17.50,6.40
2007.08.08 18:10:13.173,1.14115,1.1416,8.00,18.30
2007.08.08 18:10:13.435,1.14115,1.1415,8.00,4.00
2007.08.08 18:10:14.308,1.1411,1.1415,17.50,4.00
2007.08.08 18:10:14.559,1.14115,1.1415,8.00,4.00
2007.08.08 18:10:16.861,1.1411,1.1415,17.50,4.00
2007.08.08 18:10:18.301,1.1411,1.14155,17.50,6.40
2007.08.08 18:10:19.754,1.1411,1.1414,9.60,4.00
2007.08.08 18:10:19.861,1.1411,1.1414,8.00,4.00
2007.08.08 18:10:20.105,1.141,1.1414,15.90,4.00
2007.08.08 18:10:22.749,1.141,1.1414,8.00,17.50
2007.08.08 18:10:22.877,1.141,1.1414,8.00,21.50
2007.08.08 18:10:22.951,1.141,1.1413,8.00,4.00
2007.08.08 18:10:23.062,1.1409,1.1413,17.50,4.00
2007.08.08 18:10:24.329,1.1409,1.14135,17.50,6.40
2007.08.08 18:10:24.441,1.1409,1.1413,17.50,4.00
2007.08.08 18:10:24.565,1.14095,1.1413,8.00,4.00
2007.08.08 18:10:28.037,1.1409,1.1413,17.50,4.00
2007.08.08 18:10:29.297,1.1409,1.14135,17.50,6.40
2007.08.08 18:10:34.292,1.1409,1.1413,17.50,4.00
2007.08.08 18:10:38.441,1.1407,1.1413,4.00,4.00
2007.08.08 18:10:38.856,1.1409,1.1413,17.50,4.00
2007.08.08 18:10:40.511,1.1409,1.1413,2.20,4.00
2007.08.08 18:10:43.595,1.1408,1.1413,21.40,10.40
2007.08.08 18:10:44.884,1.1408,1.1413,21.40,4.00
2007.08.08 18:10:45.127,1.1409,1.1413,17.50,4.00
2007.08.08 18:10:45.905,1.1408,1.1413,21.40,4.00
2007.08.08 18:10:57.955,1.14095,1.1413,2.60,4.00
2007.08.08 18:11:00.216,1.1409,1.1414,17.50,22.30
2007.08.08 18:11:00.767,1.14095,1.1414,15.90,10.40
2007.08.08 18:11:00.784,1.1409,1.1414,21.40,4.00
2007.08.08 18:11:00.928,1.1409,1.14145,21.40,6.40
2007.08.08 18:11:01.073,1.14095,1.1413,15.90,4.00
2007.08.08 18:11:01.332,1.1409,1.14145,21.40,6.40
2007.08.08 18:11:01.341,1.1409,1.1414,21.40,4.00
2007.08.08 18:11:01.769,1.141,1.1414,2.20,11.90
2007.08.08 18:11:02.088,1.141,1.1414,0.90,15.90
2007.08.08 18:11:02.121,1.1408,1.14135,21.40,6.40
2007.08.08 18:11:08.944,1.1409,1.1414,17.50,22.30
2007.08.08 18:11:31.618,1.1409,1.1413,17.50,0.90
2007.08.08 18:11:32.275,1.141,1.1413,7.90,0.60
2007.08.08 18:11:32.399,1.141,1.1414,7.90,0.60
2007.08.08 18:11:32.491,1.141,1.1414,7.90,0.90
2007.08.08 18:11:46.967,1.141,1.1414,15.90,6.40
2007.08.08 18:11:47.330,1.1411,1.1414,7.90,6.40
2007.08.08 18:11:47.521,1.1411,1.1415,7.90,10.40
2007.08.08 18:11:47.713,1.1411,1.1415,7.90,6.40
2007.08.08 18:11:48.742,1.1411,1.1415,9.50,6.40
2007.08.08 18:11:48.860,1.1411,1.14155,17.50,6.40
2007.08.08 18:11:50.956,1.14115,1.14155,8.00,6.40
2007.08.08 18:11:51.273,1.1411,1.14155,17.50,6.40
2007.08.08 18:11:52.290,1.14115,1.1416,8.00,22.30
2007.08.08 18:11:52.493,1.14115,1.1415,8.00,4.00
2007.08.08 18:11:53.142,1.14115,1.1415,1.50,4.00
2007.08.08 18:11:58.451,1.1411,1.1415,1.70,10.40
2007.08.08 18:11:58.839,1.14105,1.1415,9.60,22.30
2007.08.08 18:11:59.225,1.14105,1.14145,9.60,6.40
2007.08.08 18:12:00.378,1.1411,1.1414,1.10,4.00
2007.08.08 18:12:02.330,1.1411,1.1414,0.90,10.40
2007.08.08 18:12:04.149,1.141,1.1414,17.50,4.00
2007.08.08 18:12:12.860,1.1411,1.1414,0.50,10.40
2007.08.08 18:12:13.765,1.1409,1.1414,19.80,12.00
2007.08.08 18:12:13.869,1.1409,1.1414,15.90,23.90
2007.08.08 18:12:14.002,1.1409,1.14135,15.90,6.40
2007.08.08 18:12:14.277,1.1408,1.14135,27.80,6.40
2007.08.08 18:12:19.776,1.141,1.14135,1.60,6.40
2007.08.08 18:12:19.883,1.141,1.1414,3.70,16.00
2007.08.08 18:12:20.703,1.141,1.1414,7.90,12.00
2007.08.08 18:12:24.449,1.141,1.1413,7.90,4.00
2007.08.08 18:12:26.052,1.141,1.1413,15.90,4.00
2007.08.08 18:12:26.307,1.141,1.1414,15.90,5.60
2007.08.08 18:12:43.831,1.141,1.1414,17.50,4.00
2007.08.08 18:12:43.940,1.14105,1.1414,8.00,4.00
2007.08.08 18:12:44.248,1.1411,1.1414,7.90,4.00
2007.08.08 18:12:44.335,1.1411,1.1415,7.90,10.40
2007.08.08 18:12:44.870,1.1411,1.1415,7.90,6.40
2007.08.08 18:12:56.249,1.1411,1.1416,7.90,19.90
2007.08.08 18:12:56.270,1.141,1.1414,9.60,13.50
2007.08.08 18:12:56.780,1.141,1.14145,21.50,6.40
2007.08.08 18:12:57.019,1.14105,1.1415,8.00,18.30
2007.08.08 18:12:57.086,1.14105,1.1415,8.00,14.30
2007.08.08 18:12:58.431,1.14105,1.1416,8.00,26.20
2007.08.08 18:13:00.096,1.14105,1.14145,8.00,0.50
2007.08.08 18:13:00.316,1.1409,1.1414,21.50,0.90
2007.08.08 18:13:00.727,1.1409,1.1414,17.50,0.50
2007.08.08 18:13:01.464,1.14115,1.1416,8.00,18.30
2007.08.08 18:13:01.774,1.14115,1.1416,8.00,0.90
2007.08.08 18:13:07.277,1.1412,1.1417,1.60,26.20
2007.08.08 18:13:07.781,1.1412,1.1417,13.50,22.30
2007.08.08 18:13:07.934,1.14125,1.1418,8.00,26.20
2007.08.08 18:13:07.990,1.14125,1.1418,8.00,26.20
2007.08.08 18:13:08.820,1.14125,1.1418,8.00,26.20
2007.08.08 18:13:10.286,1.1411,1.1417,21.50,18.20
2007.08.08 18:13:10.585,1.1412,1.1416,8.00,0.60
2007.08.08 18:13:10.686,1.1412,1.14165,9.60,14.30
2007.08.08 18:13:10.783,1.1412,1.1417,21.50,18.30
2007.08.08 18:13:11.406,1.141,1.14165,4.00,0.60
2007.08.08 18:13:11.839,1.1412,1.1417,25.50,14.30
2007.08.08 18:13:12.056,1.14125,1.1418,8.00,26.20
2007.08.08 18:13:12.260,1.14125,1.1417,8.00,18.20
2007.08.08 18:13:12.437,1.1411,1.1417,21.50,18.20
2007.08.08 18:13:12.868,1.1411,1.1416,17.50,0.80
2007.08.08 18:13:13.284,1.14125,1.1417,8.00,22.20
2007.08.08 18:13:13.965,1.1412,1.14165,12.00,14.30
2007.08.08 18:13:14.296,1.1412,1.14165,8.00,14.30
2007.08.08 18:13:14.725,1.1412,1.14165,9.60,14.30
2007.08.08 18:13:14.847,1.1412,1.14165,21.50,0.80
2007.08.08 18:13:14.941,1.141,1.14165,4.00,0.50
2007.08.08 18:13:15.033,1.14125,1.1418,8.00,26.20
2007.08.08 18:13:15.871,1.14125,1.1417,8.00,0.50
2007.08.08 18:13:20.757,1.14125,1.1416,8.00,0.90
2007.08.08 18:13:20.977,1.1411,1.1417,21.50,18.20
2007.08.08 18:13:21.228,1.1412,1.14165,8.00,14.30
2007.08.08 18:13:21.377,1.1412,1.14165,12.00,14.30
2007.08.08 18:13:22.206,1.1412,1.1416,13.60,0.70
2007.08.08 18:13:22.279,1.14125,1.1417,8.00,22.20
2007.08.08 18:13:22.302,1.14125,1.1417,8.00,0.90
2007.08.08 18:13:22.829,1.14125,1.1417,8.00,0.90
2007.08.08 18:13:27.922,1.1413,1.1418,4.00,26.20
2007.08.08 18:13:42.750,1.1413,1.1418,12.00,26.20
2007.08.08 18:13:43.522,1.1413,1.1417,4.00,0.60
2007.08.08 18:13:48.889,1.1414,1.1417,8.00,7.90
2007.08.08 18:13:52.256,1.1413,1.1417,4.00,7.90
2007.08.08 18:13:56.966,1.1417,1.1421,23.90,6.40
2007.08.08 18:13:58.299,1.1417,1.1421,8.00,14.30
2007.08.08 18:13:58.424,1.14165,1.14205,8.00,6.40
2007.08.08 18:13:58.503,1.14165,1.142,8.00,1.60
2007.08.08 18:13:58.684,1.1416,1.142,23.90,8.00
2007.08.08 18:14:00.909,1.1416,1.14195,15.90,6.40
2007.08.08 18:14:01.408,1.1416,1.142,23.90,8.00
2007.08.08 18:14:01.897,1.1416,1.14195,15.90,6.40
2007.08.08 18:14:01.920,1.1416,1.14195,4.00,6.40
2007.08.08 18:14:02.037,1.1415,1.14195,19.90,6.40
2007.08.08 18:14:02.420,1.1416,1.142,8.00,23.90
2007.08.08 18:14:02.548,1.1416,1.142,19.90,12.00
2007.08.08 18:14:02.642,1.1416,1.142,19.90,8.00
2007.08.08 18:14:04.002,1.1414,1.142,4.00,8.00
2007.08.08 18:14:05.019,1.1416,1.142,19.90,8.00
2007.08.08 18:14:05.331,1.1414,1.142,4.00,12.00
2007.08.08 18:14:06.390,1.1416,1.142,19.90,12.00
2007.08.08 18:14:08.355,1.1416,1.142,19.90,5.60
2007.08.08 18:14:08.771,1.1416,1.142,17.50,4.00
2007.08.08 18:14:08.961,1.1416,1.142,21.50,4.00
2007.08.08 18:14:10.741,1.1416,1.142,13.60,22.30
2007.08.08 18:14:10.937,1.1416,1.142,9.60,22.30
2007.08.08 18:14:11.088,1.1416,1.14195,1.60,6.40
2007.08.08 18:14:11.366,1.1416,1.1419,1.60,4.00
2007.08.08 18:14:12.706,1.14155,1.1419,8.00,4.00
2007.08.08 18:14:12.756,1.14155,1.14195,8.00,10.40
2007.08.08 18:14:12.940,1.1413,1.1419,4.00,10.40
2007.08.08 18:14:13.331,1.1415,1.1419,19.90,6.40
2007.08.08 18:14:13.753,1.1415,1.1419,15.90,6.40
2007.08.08 18:14:13.961,1.1415,1.1419,19.90,10.40
2007.08.08 18:14:14.315,1.14155,1.1419,8.00,4.00
2007.08.08 18:14:17.897,1.1415,1.1419,19.90,10.40
2007.08.08 18:14:18.205,1.1415,1.14185,11.90,6.40
2007.08.08 18:14:20.618,1.1415,1.14185,15.90,6.40
2007.08.08 18:14:20.714,1.1415,1.142,11.90,13.50
2007.08.08 18:14:20.913,1.1415,1.142,11.90,15.10
2007.08.08 18:14:21.011,1.14145,1.1418,8.00,4.00
2007.08.08 18:14:21.411,1.14145,1.14185,8.00,6.40
2007.08.08 18:14:21.424,1.1412,1.14185,4.00,6.40
2007.08.08 18:14:21.825,1.1414,1.14185,19.90,6.40
2007.08.08 18:14:21.932,1.1414,1.1418,19.90,4.00
2007.08.08 18:14:22.240,1.14145,1.1418,8.00,4.00
2007.08.08 18:14:28.171,1.1414,1.1418,19.90,4.00
2007.08.08 18:14:28.291,1.1414,1.1418,23.90,4.00
2007.08.08 18:14:29.104,1.1414,1.1418,19.90,4.00
2007.08.08 18:14:29.320,1.1414,1.1418,15.90,4.00
2007.08.08 18:14:29.415,1.1414,1.1418,19.90,4.00
2007.08.08 18:14:29.561,1.14145,1.1418,8.00,4.00
2007.08.08 18:14:30.860,1.1414,1.1418,23.90,4.00
2007.08.08 18:14:31.275,1.1414,1.1418,19.90,4.00
2007.08.08 18:14:32.161,1.14145,1.1418,8.00,4.00
2007.08.08 18:14:32.531,1.14145,1.1418,8.00,19.10
2007.08.08 18:14:32.639,1.1413,1.1417,11.90,4.00
2007.08.08 18:14:32.683,1.1413,1.1417,19.90,4.00
2007.08.08 18:14:32.947,1.1414,1.1417,4.00,4.00
2007.08.08 18:14:33.138,1.1413,1.1417,19.90,4.00
2007.08.08 18:14:36.759,1.1413,1.14165,11.90,6.40
2007.08.08 18:14:36.778,1.1413,1.14165,4.00,6.40
2007.08.08 18:14:36.993,1.1413,1.1416,4.00,4.00
2007.08.08 18:14:39.357,1.14125,1.1416,8.00,4.00
2007.08.08 18:14:39.377,1.1412,1.1416,19.90,4.00
2007.08.08 18:14:40.109,1.1412,1.1416,19.90,10.40
2007.08.08 18:14:40.205,1.1413,1.1418,7.90,11.90
2007.08.08 18:14:40.322,1.1413,1.1416,11.90,6.40
2007.08.08 18:14:40.418,1.1413,1.1418,11.90,15.90
2007.08.08 18:14:40.599,1.1414,1.1416,11.90,6.40
2007.08.08 18:14:40.813,1.1414,1.1417,4.00,4.00
2007.08.08 18:14:41.012,1.1413,1.14175,23.90,6.40
2007.08.08 18:14:41.146,1.1413,1.1417,19.90,4.00
2007.08.08 18:14:41.421,1.14135,1.1417,8.00,4.00
2007.08.08 18:14:42.296,1.1414,1.1417,8.00,4.00
2007.08.08 18:14:42.389,1.1414,1.14185,15.90,6.40
2007.08.08 18:14:42.488,1.1414,1.1418,15.90,4.00
2007.08.08 18:14:42.580,1.1414,1.1418,7.90,10.40
2007.08.08 18:14:42.787,1.14135,1.1418,8.00,22.30
2007.08.08 18:14:42.884,1.14135,1.1418,8.00,18.30
2007.08.08 18:14:43.137,1.1413,1.14175,19.90,6.40
2007.08.08 18:14:43.319,1.1413,1.14175,15.90,6.40
2007.08.08 18:14:44.240,1.1413,1.14175,19.90,6.40
2007.08.08 18:14:47.261,1.1414,1.14175,7.90,6.40
2007.08.08 18:14:47.357,1.1414,1.1418,15.90,4.00
2007.08.08 18:14:47.761,1.1414,1.14185,15.90,6.40
2007.08.08 18:14:49.326,1.1414,1.14185,19.90,6.40
2007.08.08 18:14:56.289,1.1415,1.14185,7.90,6.40
2007.08.08 18:14:56.521,1.1415,1.1419,15.90,4.00
2007.08.08 18:14:56.793,1.1415,1.14195,15.90,6.40
2007.08.08 18:14:57.006,1.1415,1.14195,19.90,6.40
2007.08.08 18:14:58.234,1.1415,1.1419,19.90,1.60
2007.08.08 18:14:58.291,1.1415,1.14185,11.90,6.40
2007.08.08 18:14:58.334,1.1414,1.14185,23.90,6.40
2007.08.08 18:14:58.448,1.1414,1.14185,19.90,6.40
2007.08.08 18:14:59.598,1.1414,1.14185,8.00,6.40
2007.08.08 18:14:59.609,1.1413,1.14165,8.00,6.40
2007.08.08 18:14:59.800,1.1413,1.14165,4.00,6.40
2007.08.08 18:14:59.917,1.1413,1.1417,4.00,25.50
2007.08.08 18:15:00.205,1.1413,1.14165,4.00,6.40
2007.08.08 18:15:00.426,1.14125,1.14165,8.00,6.40
2007.08.08 18:15:01.067,1.1413,1.14165,4.00,6.40
2007.08.08 18:15:03.087,1.1413,1.1417,12.00,25.50
2007.08.08 18:15:03.245,1.1411,1.1417,4.00,13.60
2007.08.08 18:15:03.341,1.1411,1.1417,4.00,12.00
2007.08.08 18:15:03.839,1.1413,1.1417,12.00,21.50
2007.08.08 18:15:03.886,1.1413,1.14165,4.00,6.40
2007.08.08 18:15:05.079,1.1413,1.14165,11.90,6.40
2007.08.08 18:15:05.204,1.1413,1.1417,19.90,4.00
2007.08.08 18:15:05.403,1.1413,1.14175,19.90,6.40
2007.08.08 18:15:05.480,1.14135,1.14175,8.00,6.40
2007.08.08 18:15:06.021,1.1414,1.14175,7.90,6.40
2007.08.08 18:15:06.048,1.1414,1.1418,15.90,4.00
2007.08.08 18:15:06.119,1.1414,1.1418,17.50,4.00
2007.08.08 18:15:06.231,1.1414,1.14185,17.50,6.40
2007.08.08 18:15:08.211,1.1414,1.14185,15.90,6.40
2007.08.08 18:15:08.309,1.1414,1.1418,8.00,11.90
2007.08.08 18:15:08.330,1.14135,1.1418,8.00,18.30
2007.08.08 18:15:08.363,1.1413,1.1418,21.50,18.30
2007.08.08 18:15:08.610,1.14135,1.1418,2.00,22.30
2007.08.08 18:15:08.720,1.1413,1.1417,17.50,4.00
2007.08.08 18:15:13.612,1.14135,1.1417,1.50,5.60
2007.08.08 18:15:13.904,1.1413,1.1417,8.90,5.60
2007.08.08 18:15:23.046,1.1413,1.1417,21.50,5.60
2007.08.08 18:15:23.136,1.14135,1.1418,1.70,22.30
2007.08.08 18:15:28.184,1.1414,1.1418,0.90,15.90
2007.08.08 18:15:28.307,1.1414,1.1418,5.30,4.00
2007.08.08 18:15:28.452,1.14145,1.1418,4.20,4.00
2007.08.08 18:15:28.718,1.1414,1.1419,15.90,22.30
2007.08.08 18:15:30.586,1.1414,1.14185,2.00,6.40
2007.08.08 18:15:30.815,1.1413,1.1418,17.50,11.90
2007.08.08 18:15:31.174,1.14135,1.1418,1.60,18.30
2007.08.08 18:15:32.268,1.14135,1.1418,0.90,22.30
2007.08.08 18:15:38.382,1.14135,1.1417,8.00,4.00
2007.08.08 18:15:39.427,1.14135,1.1418,8.00,22.30
2007.08.08 18:15:50.013,1.14135,1.1417,8.00,4.00
2007.08.08 18:15:50.326,1.1414,1.1417,9.50,4.00
2007.08.08 18:15:50.935,1.1414,1.1417,13.50,4.00
2007.08.08 18:15:50.990,1.1414,1.1417,21.50,4.00
2007.08.08 18:15:53.732,1.1414,1.1417,19.90,4.00
2007.08.08 18:15:53.829,1.1414,1.1417,4.00,4.00
2007.08.08 18:15:53.943,1.14135,1.1417,8.00,4.00
2007.08.08 18:15:54.862,1.14135,1.1418,8.00,22.30
2007.08.08 18:15:55.276,1.14135,1.1417,8.00,4.00
2007.08.08 18:15:56.055,1.1415,1.1417,1.60,4.00
2007.08.08 18:15:56.217,1.1415,1.14185,9.50,6.40
2007.08.08 18:15:56.322,1.1415,1.1419,17.50,6.40
2007.08.08 18:15:56.423,1.1415,1.1418,17.50,4.00
2007.08.08 18:15:56.832,1.1415,1.1419,21.50,6.40
2007.08.08 18:16:00.949,1.1415,1.142,13.50,17.50
2007.08.08 18:16:01.281,1.14145,1.1419,8.00,18.30
2007.08.08 18:16:01.514,1.14145,1.14185,8.00,6.40
2007.08.08 18:16:02.699,1.14145,1.14185,2.70,6.40
2007.08.08 18:16:02.740,1.1413,1.1418,5.10,15.10
2007.08.08 18:16:02.845,1.1413,1.14175,21.50,6.40
2007.08.08 18:16:03.082,1.1412,1.1417,25.50,6.40
2007.08.08 18:16:03.382,1.1412,1.1417,29.50,6.40
2007.08.08 18:16:04.420,1.1413,1.1417,6.40,6.40
2007.08.08 18:16:06.268,1.14125,1.1417,19.90,8.00
2007.08.08 18:16:06.852,1.1412,1.1417,21.50,19.90
2007.08.08 18:16:07.069,1.1412,1.14165,17.50,6.40
2007.08.08 18:16:08.654,1.1413,1.14165,1.00,6.40
2007.08.08 18:16:08.820,1.1413,1.14165,3.50,6.40
2007.08.08 18:16:08.926,1.1413,1.1417,4.90,10.40
2007.08.08 18:16:09.280,1.1413,1.1417,13.50,12.00
2007.08.08 18:16:09.782,1.1414,1.14165,0.50,6.40
2007.08.08 18:16:09.805,1.1412,1.14165,21.50,6.40
2007.08.08 18:16:13.735,1.1413,1.14165,3.20,6.40
2007.08.08 18:16:13.998,1.1414,1.1417,0.90,22.30
2007.08.08 18:16:14.360,1.14125,1.1416,21.50,4.00
2007.08.08 18:16:20.165,1.14125,1.1416,17.50,4.00
2007.08.08 18:16:20.181,1.1413,1.14175,17.50,6.40
2007.08.08 18:16:20.378,1.14135,1.1417,0.90,4.00
2007.08.08 18:16:20.732,1.1413,1.14175,17.50,10.40
2007.08.08 18:16:22.247,1.1412,1.14175,21.50,10.40
2007.08.08 18:16:23.784,1.1411,1.1417,0.90,0.60
2007.08.08 18:16:23.804,1.1413,1.1418,17.50,23.90
2007.08.08 18:16:25.254,1.14135,1.1418,15.90,12.00
2007.08.08 18:16:25.314,1.1414,1.1417,0.80,0.90
2007.08.08 18:16:25.359,1.1412,1.1417,0.90,0.90
2007.08.08 18:16:25.461,1.1413,1.1419,21.50,25.50
2007.08.08 18:16:25.874,1.1413,1.1419,21.50,25.50
2007.08.08 18:16:27.751,1.1413,1.1419,21.50,25.50
2007.08.08 18:16:27.902,1.14135,1.1418,0.50,0.80
2007.08.08 18:16:28.170,1.1412,1.1418,25.50,19.90
2007.08.08 18:16:30.710,1.1413,1.1418,9.50,25.50
2007.08.08 18:16:30.735,1.14125,1.1418,8.00,25.50
2007.08.08 18:16:30.941,1.14125,1.1418,8.00,25.50
2007.08.08 18:16:31.758,1.1414,1.14175,1.60,23.90
2007.08.08 18:16:31.774,1.1414,1.1417,1.60,0.50
2007.08.08 18:16:31.905,1.1414,1.14175,1.60,10.40
2007.08.08 18:16:32.295,1.1414,1.1418,1.60,21.50
2007.08.08 18:16:32.387,1.1414,1.1417,1.60,0.60
2007.08.08 18:16:32.803,1.1414,1.1418,1.60,25.50
2007.08.08 18:16:40.046,1.1414,1.14195,1.60,31.88
2007.08.08 18:16:40.804,1.14135,1.14195,8.00,26.88
2007.08.08 18:16:40.879,1.1411,1.1418,4.00,21.50
2007.08.08 18:16:41.133,1.14135,1.14195,8.00,26.88
2007.08.08 18:16:41.225,1.1414,1.1418,1.60,0.80
2007.08.08 18:16:41.332,1.1414,1.14195,1.60,31.88
2007.08.08 18:16:42.234,1.1414,1.1418,1.60,25.50
2007.08.08 18:16:42.452,1.1411,1.1418,4.00,21.50
2007.08.08 18:16:44.843,1.1414,1.1418,1.60,25.50
2007.08.08 18:16:44.863,1.1414,1.1418,1.60,0.80
2007.08.08 18:16:45.793,1.1414,1.1418,1.60,25.50
2007.08.08 18:16:45.912,1.14125,1.1418,8.00,25.50
2007.08.08 18:16:46.826,1.14125,1.1418,8.00,25.50
2007.08.08 18:16:47.766,1.1414,1.1418,1.60,25.50
2007.08.08 18:16:47.857,1.1414,1.1418,1.60,25.50
2007.08.08 18:16:48.668,1.1414,1.14195,1.60,31.88
2007.08.08 18:16:55.623,1.1414,1.1418,1.60,23.90
2007.08.08 18:16:55.832,1.14135,1.1418,8.00,19.90
2007.08.08 18:16:56.022,1.1411,1.14175,4.00,6.40
2007.08.08 18:16:57.275,1.1413,1.14175,17.50,6.40
2007.08.08 18:17:01.138,1.1413,1.1417,9.50,6.40
2007.08.08 18:17:01.310,1.1413,1.1417,13.50,6.40
2007.08.08 18:17:02.160,1.1411,1.14175,4.00,6.40
2007.08.08 18:17:13.846,1.1413,1.1417,13.50,6.40
2007.08.08 18:17:13.878,1.14125,1.1417,8.00,18.30
2007.08.08 18:17:14.286,1.14125,1.1416,8.00,4.00
2007.08.08 18:17:17.854,1.1412,1.1416,17.50,4.00
2007.08.08 18:17:22.388,1.14125,1.1417,21.50,10.40
2007.08.08 18:17:22.467,1.14125,1.1416,21.50,4.00
2007.08.08 18:17:22.490,1.141,1.14175,0.50,6.40
2007.08.08 18:17:35.763,1.1413,1.1416,3.00,4.00
2007.08.08 18:17:35.894,1.1413,1.1416,1.10,4.00
2007.08.08 18:17:41.959,1.14125,1.1416,0.80,4.00
2007.08.08 18:17:42.120,1.1412,1.1416,0.90,4.00
2007.08.08 18:17:47.269,1.1412,1.1416,8.00,15.90
2007.08.08 18:17:47.393,1.14115,1.1416,8.00,22.30
2007.08.08 18:17:49.150,1.1412,1.1416,8.00,15.90
2007.08.08 18:17:49.957,1.1412,1.1415,8.00,4.00
2007.08.08 18:17:50.378,1.1412,1.1416,8.00,15.90
2007.08.08 18:17:50.681,1.1412,1.1416,9.60,15.90
2007.08.08 18:17:50.788,1.1412,1.1416,17.50,4.00
2007.08.08 18:17:51.817,1.1412,1.14165,17.50,6.40
2007.08.08 18:17:52.441,1.14125,1.14165,8.00,6.40
2007.08.08 18:17:53.215,1.1412,1.14165,17.50,6.40
2007.08.08 18:18:01.014,1.1412,1.14165,17.50,0.50
2007.08.08 18:18:02.821,1.1412,1.14165,15.90,6.40
2007.08.08 18:18:03.319,1.1412,1.1416,8.00,11.90
2007.08.08 18:18:03.644,1.1412,1.1416,8.00,15.90
2007.08.08 18:18:06.224,1.14115,1.1416,8.00,22.30
2007.08.08 18:18:06.725,1.1412,1.1416,8.00,15.90
2007.08.08 18:18:07.680,1.1409,1.1416,4.00,4.00
2007.08.08 18:18:07.887,1.141,1.14165,4.00,6.40
2007.08.08 18:18:10.258,1.1412,1.1416,12.00,11.90
2007.08.08 18:18:10.422,1.1412,1.1416,4.00,18.30
2007.08.08 18:18:10.466,1.14115,1.1416,8.00,18.30
2007.08.08 18:18:10.991,1.14115,1.1416,8.00,22.30
2007.08.08 18:18:12.773,1.1409,1.14155,4.00,6.40
2007.08.08 18:18:12.970,1.1409,1.1415,4.00,4.00
2007.08.08 18:18:13.351,1.14115,1.1415,8.00,4.00
2007.08.08 18:18:13.795,1.1412,1.1415,7.90,4.00
2007.08.08 18:18:13.901,1.1412,1.1415,15.90,4.00
2007.08.08 18:18:14.935,1.1412,1.1416,15.90,12.00
2007.08.08 18:18:15.163,1.1412,1.1416,15.90,5.60
2007.08.08 18:18:16.921,1.1412,1.1415,8.00,4.00
2007.08.08 18:18:17.079,1.14115,1.1415,8.00,4.00
2007.08.08 18:18:19.205,1.1411,1.1415,19.90,4.00
2007.08.08 18:18:20.419,1.1411,1.14155,15.90,6.40
2007.08.08 18:18:20.952,1.14115,1.14155,8.00,6.40
2007.08.08 18:18:21.036,1.14115,1.1415,8.00,4.00
2007.08.08 18:18:26.747,1.1412,1.1415,7.90,4.00
2007.08.08 18:18:26.888,1.1412,1.1415,15.90,4.00
2007.08.08 18:18:26.955,1.1412,1.1415,19.90,4.00
2007.08.08 18:18:27.271,1.141,1.1415,4.00,4.00
2007.08.08 18:18:27.670,1.14125,1.1415,8.00,4.00
2007.08.08 18:18:28.964,1.141,1.1415,4.00,4.00
2007.08.08 18:18:29.244,1.1412,1.1415,13.60,4.00
2007.08.08 18:18:29.276,1.1412,1.1415,5.60,4.00
2007.08.08 18:18:29.365,1.1412,1.1415,4.00,4.00
2007.08.08 18:18:30.284,1.1412,1.1416,4.00,19.90
2007.08.08 18:18:32.030,1.1412,1.1415,4.00,4.00
2007.08.08 18:18:32.536,1.1412,1.1416,4.00,19.90
2007.08.08 18:18:36.914,1.14115,1.1415,8.00,15.90
2007.08.08 18:18:36.975,1.1411,1.1415,5.60,22.30
2007.08.08 18:18:37.033,1.1411,1.1415,4.00,22.30
2007.08.08 18:18:48.424,1.14105,1.1415,8.00,22.30
2007.08.08 18:18:50.047,1.1411,1.1415,4.00,22.30
2007.08.08 18:18:54.753,1.1411,1.1415,13.50,10.40
2007.08.08 18:18:55.106,1.1409,1.1415,4.00,4.00
2007.08.08 18:18:56.120,1.1409,1.1415,2.10,4.00
2007.08.08 18:19:02.611,1.141,1.14155,25.50,6.40
2007.08.08 18:19:02.729,1.141,1.14155,25.50,6.40
2007.08.08 18:19:02.778,1.14105,1.1414,19.90,4.00
2007.08.08 18:19:02.824,1.14105,1.1414,12.00,4.00
2007.08.08 18:19:02.936,1.14105,1.1415,3.20,22.30
2007.08.08 18:19:33.207,1.1411,1.1415,8.00,15.90
2007.08.08 18:19:33.337,1.1409,1.14155,4.00,6.40
2007.08.08 18:19:33.472,1.1409,1.14155,0.60,6.40
2007.08.08 18:19:35.236,1.1411,1.1415,4.00,5.60
2007.08.08 18:19:35.344,1.1411,1.1415,2.30,19.10
2007.08.08 18:19:35.449,1.141,1.1414,21.50,4.00
2007.08.08 18:19:35.540,1.1409,1.1414,25.50,4.00
2007.08.08 18:19:35.884,1.1409,1.14145,25.50,6.40
2007.08.08 18:19:36.572,1.141,1.1415,21.50,23.90
2007.08.08 18:19:36.737,1.14105,1.1415,3.00,19.90
2007.08.08 18:19:39.474,1.14105,1.1415,3.20,21.50
2007.08.08 18:19:39.784,1.14105,1.1415,2.20,19.90
2007.08.08 18:19:42.753,1.141,1.1415,21.50,21.50
2007.08.08 18:19:42.828,1.141,1.14145,5.30,6.40
2007.08.08 18:19:43.719,1.1408,1.14145,1.30,6.40
2007.08.08 18:19:53.918,1.141,1.14145,21.50,6.40
2007.08.08 18:20:01.526,1.141,1.1415,25.50,25.50
2007.08.08 18:20:02.562,1.1411,1.1415,4.00,25.50
2007.08.08 18:20:08.249,1.1412,1.1416,1.60,23.90
2007.08.08 18:20:08.282,1.1412,1.1415,1.60,0.90
2007.08.08 18:20:08.341,1.1412,1.1416,1.60,23.90
2007.08.08 18:20:08.471,1.1412,1.14175,1.60,29.88
2007.08.08 18:20:08.754,1.1412,1.1417,1.60,23.90
2007.08.08 18:20:18.397,1.1412,1.1417,5.60,23.90
2007.08.08 18:20:22.410,1.1412,1.1416,5.60,15.90
2007.08.08 18:20:22.730,1.1412,1.1416,4.00,19.90
2007.08.08 18:20:26.331,1.1412,1.1417,4.00,23.80
2007.08.08 18:20:26.745,1.1412,1.1417,5.60,23.80
2007.08.08 18:20:26.852,1.1412,1.14175,5.60,29.88
2007.08.08 18:20:27.708,1.1412,1.1417,5.60,23.90
2007.08.08 18:20:27.811,1.1412,1.1417,4.00,23.80
2007.08.08 18:20:27.884,1.1412,1.1416,4.00,15.90
2007.08.08 18:20:33.468,1.1412,1.1416,12.00,11.90
2007.08.08 18:20:33.790,1.1412,1.14165,19.90,6.40
2007.08.08 18:20:50.340,1.1412,1.1416,11.90,8.00
2007.08.08 18:20:50.405,1.1412,1.1418,4.00,4.00
2007.08.08 18:20:50.480,1.14115,1.1416,8.00,19.90
2007.08.08 18:20:50.600,1.1411,1.14155,19.90,6.40
2007.08.08 18:20:50.809,1.1412,1.14155,7.90,6.40
2007.08.08 18:20:50.895,1.1412,1.1416,15.90,4.00
2007.08.08 18:20:50.912,1.1412,1.1416,19.90,4.00
2007.08.08 18:20:51.360,1.1412,1.1416,8.00,15.90
2007.08.08 18:20:51.780,1.1412,1.1416,8.00,11.90
2007.08.08 18:20:52.250,1.14115,1.1416,8.00,18.30
2007.08.08 18:20:58.992,1.1412,1.1416,8.00,11.90
2007.08.08 18:21:02.600,1.1411,1.1416,7.90,11.90
2007.08.08 18:21:02.780,1.14125,1.1417,8.00,19.90
2007.08.08 18:21:02.981,1.14125,1.1417,8.00,15.90
2007.08.08 18:21:04.820,1.1412,1.1417,19.90,15.90
2007.08.08 18:21:23.191,1.1413,1.1417,0.80,15.90
2007.08.08 18:21:23.285,1.14125,1.1417,9.60,19.90
2007.08.08 18:21:29.304,1.1412,1.1417,13.40,6.40
2007.08.08 18:21:29.437,1.1413,1.1418,17.50,23.90
2007.08.08 18:21:29.507,1.1413,1.1418,17.50,19.90
2007.08.08 18:21:40.948,1.1414,1.1418,8.00,13.50
2007.08.08 18:21:41.270,1.14135,1.1418,8.00,19.90
2007.08.08 18:21:44.266,1.1412,1.1417,17.50,13.50
2007.08.08 18:21:44.358,1.14125,1.1419,8.00,4.00
2007.08.08 18:21:44.479,1.14125,1.1417,8.00,19.90
2007.08.08 18:21:49.290,1.1413,1.1417,8.00,13.50
2007.08.08 18:21:49.330,1.1413,1.14175,17.50,6.40
2007.08.08 18:21:50.301,1.14135,1.1418,8.00,19.90
2007.08.08 18:22:49.389,1.14135,1.1417,8.00,4.00
2007.08.08 18:22:52.315,1.1414,1.1417,1.60,4.00
2007.08.08 18:22:52.433,1.1414,1.1417,9.60,4.00
2007.08.08 18:23:08.775,1.14145,1.1417,8.00,4.00
2007.08.08 18:23:08.791,1.14145,1.1419,8.00,23.90
2007.08.08 18:23:08.994,1.14145,1.1418,8.00,4.00
2007.08.08 18:23:09.317,1.14145,1.1419,8.00,23.90
2007.08.08 18:23:10.371,1.14145,1.1418,8.00,4.00
2007.08.08 18:23:29.487,1.14145,1.1419,8.00,19.90
2007.08.08 18:23:30.011,1.14145,1.1418,8.00,4.00
2007.08.08 18:23:37.580,1.1415,1.1418,8.00,4.00
2007.08.08 18:23:47.606,1.1415,1.1418,9.60,4.00
2007.08.08 18:23:47.626,1.1415,1.1418,0.90,4.00
2007.08.08 18:23:51.503,1.1416,1.1418,3.40,4.00
2007.08.08 18:23:51.632,1.1416,1.1419,4.10,10.40
2007.08.08 18:23:51.818,1.1416,1.1419,2.70,4.00
2007.08.08 18:23:54.127,1.1416,1.1419,15.90,4.00
2007.08.08 18:23:54.137,1.1416,1.142,19.10,4.00
2007.08.08 18:23:54.350,1.14165,1.1421,3.20,19.90
2007.08.08 18:23:55.305,1.14165,1.1421,9.60,18.30
2007.08.08 18:23:55.431,1.14165,1.142,9.60,4.00
2007.08.08 18:23:55.577,1.1416,1.142,19.10,4.00
2007.08.08 18:23:55.633,1.1416,1.1421,19.10,11.90
2007.08.08 18:23:55.951,1.1417,1.142,1.00,4.00
2007.08.08 18:24:14.315,1.1417,1.1421,15.20,11.90
2007.08.08 18:24:16.749,1.1418,1.142,1.60,4.00
2007.08.08 18:24:30.224,1.1417,1.142,13.60,4.00
2007.08.08 18:24:30.573,1.1418,1.142,1.60,4.00
2007.08.08 18:24:43.691,1.1418,1.142,9.60,4.00
2007.08.08 18:24:43.819,1.1418,1.1422,8.00,15.90
2007.08.08 18:24:43.915,1.1418,1.1422,12.00,15.90
2007.08.08 18:24:44.345,1.1418,1.1421,8.00,4.00
2007.08.08 18:24:44.536,1.14175,1.1421,8.00,4.00
2007.08.08 18:24:48.250,1.14175,1.1422,8.00,15.90
2007.08.08 18:24:49.292,1.1418,1.1422,1.60,14.30
2007.08.08 18:24:49.409,1.1418,1.1421,9.50,4.00
2007.08.08 18:24:51.382,1.1418,1.1421,13.50,4.00
2007.08.08 18:24:52.315,1.1418,1.1421,9.50,4.00
2007.08.08 18:24:52.936,1.14175,1.1421,21.50,4.00
2007.08.08 18:25:00.313,1.1418,1.1421,9.50,4.00
2007.08.08 18:25:00.825,1.1418,1.1421,13.50,4.00
2007.08.08 18:25:00.932,1.1418,1.1421,9.50,4.00
2007.08.08 18:25:03.407,1.1418,1.1422,13.50,6.40
2007.08.08 18:25:03.509,1.1418,1.1421,9.50,4.00
2007.08.08 18:25:04.585,1.1418,1.1421,17.50,4.00
2007.08.08 18:25:05.286,1.1416,1.1422,4.00,6.40
2007.08.08 18:25:05.386,1.1416,1.1421,4.00,4.00
2007.08.08 18:25:06.247,1.1418,1.1421,13.50,4.00
2007.08.08 18:25:07.295,1.1416,1.1421,4.00,4.00
2007.08.08 18:25:09.134,1.1416,1.1421,8.00,4.00
2007.08.08 18:25:09.422,1.14185,1.1423,8.00,23.90
2007.08.08 18:25:10.246,1.14185,1.1422,8.00,4.00
2007.08.08 18:25:10.366,1.14185,1.1423,8.00,19.90
2007.08.08 18:25:11.146,1.1419,1.1423,8.00,19.90
2007.08.08 18:25:11.410,1.1419,1.1422,8.00,4.00
2007.08.08 18:25:11.439,1.14185,1.1422,8.00,4.00
2007.08.08 18:25:12.229,1.1419,1.1422,4.00,4.00
2007.08.08 18:25:13.794,1.14185,1.1422,8.00,4.00
2007.08.08 18:25:15.346,1.1419,1.1422,4.00,4.00
2007.08.08 18:25:16.280,1.14185,1.1422,8.00,4.00
2007.08.08 18:25:18.466,1.14185,1.1423,8.00,22.30
2007.08.08 18:25:18.689,1.1419,1.1423,8.00,22.30
2007.08.08 18:25:19.311,1.1419,1.1422,8.00,4.00
2007.08.08 18:25:21.379,1.1419,1.1423,8.00,22.30
2007.08.08 18:25:25.275,1.14185,1.1423,8.00,22.30
2007.08.08 18:25:25.313,1.14185,1.1425,8.00,4.00
2007.08.08 18:25:25.417,1.14185,1.1422,8.00,4.00
2007.08.08 18:25:26.056,1.1418,1.1422,13.50,4.00
2007.08.08 18:25:26.232,1.1418,1.1423,13.50,19.90
2007.08.08 18:25:26.323,1.1419,1.1423,8.00,26.30
2007.08.08 18:25:26.341,1.1419,1.1422,8.00,4.00
2007.08.08 18:25:26.438,1.1419,1.1423,8.00,26.30
2007.08.08 18:25:26.756,1.1419,1.1423,8.00,22.30
2007.08.08 18:25:27.271,1.1419,1.1423,8.00,23.90
2007.08.08 18:25:27.378,1.1419,1.1422,8.00,4.00
2007.08.08 18:25:27.614,1.14185,1.1422,8.00,4.00
2007.08.08 18:25:28.288,1.1419,1.1422,4.00,4.00
2007.08.08 18:25:32.273,1.1419,1.1422,13.50,4.00
2007.08.08 18:25:32.378,1.14195,1.1422,8.00,4.00
2007.08.08 18:25:32.471,1.14195,1.1423,8.00,8.00
2007.08.08 18:25:32.782,1.14195,1.1422,8.00,4.00
2007.08.08 18:25:33.304,1.14195,1.1423,8.00,4.00
2007.08.08 18:25:34.297,1.14195,1.14235,8.00,6.40
2007.08.08 18:25:37.015,1.1419,1.14235,21.50,6.40
2007.08.08 18:25:37.340,1.14195,1.14235,8.00,6.40
2007.08.08 18:25:44.349,1.1419,1.1422,21.50,4.00
2007.08.08 18:25:44.599,1.14195,1.14235,8.00,6.40
2007.08.08 18:25:45.190,1.1419,1.14235,21.50,6.40
2007.08.08 18:25:45.222,1.1419,1.1422,13.60,4.00
2007.08.08 18:25:45.331,1.1419,1.1423,8.00,15.90
2007.08.08 18:25:45.451,1.1419,1.1423,8.00,22.30
2007.08.08 18:25:46.365,1.1419,1.1422,8.00,4.00
2007.08.08 18:25:46.760,1.1419,1.1422,17.50,4.00
2007.08.08 18:25:46.923,1.142,1.1424,8.00,23.90
2007.08.08 18:25:47.769,1.14195,1.14235,8.00,6.40
2007.08.08 18:25:48.042,1.142,1.1424,8.00,23.90
2007.08.08 18:25:49.432,1.14195,1.14235,8.00,6.40
2007.08.08 18:25:49.898,1.14195,1.1423,8.00,4.00
2007.08.08 18:25:50.159,1.14195,1.1423,8.00,0.60
2007.08.08 18:25:50.319,1.14195,1.14235,8.00,0.50
2007.08.08 18:25:51.880,1.14195,1.1423,8.00,0.50
2007.08.08 18:25:52.476,1.14195,1.1424,8.00,23.90
2007.08.08 18:25:52.897,1.14195,1.14235,8.00,10.40
2007.08.08 18:26:03.828,1.14195,1.14235,8.00,22.30
2007.08.08 18:26:04.291,1.1419,1.1423,13.60,0.50
2007.08.08 18:26:04.349,1.1419,1.1423,12.00,0.60
2007.08.08 18:26:05.259,1.1419,1.1423,8.00,0.70
2007.08.08 18:26:10.870,1.1419,1.14235,8.00,23.90
2007.08.08 18:26:10.951,1.14185,1.1424,8.00,27.90
2007.08.08 18:26:10.974,1.1419,1.1423,4.00,23.90
2007.08.08 18:26:11.393,1.14185,1.1423,8.00,23.90
2007.08.08 18:26:12.319,1.1419,1.1422,1.60,0.50
2007.08.08 18:26:12.436,1.1419,1.1422,5.60,0.80
2007.08.08 18:26:12.550,1.1419,1.1423,13.60,19.90
2007.08.08 18:26:20.459,1.1419,1.1422,9.60,4.00
2007.08.08 18:26:20.956,1.1419,1.1422,13.60,4.00
2007.08.08 18:26:23.848,1.1419,1.1422,12.00,4.00
2007.08.08 18:26:23.951,1.1418,1.14225,21.50,6.40
2007.08.08 18:26:28.316,1.1419,1.14225,1.60,6.40
2007.08.08 18:26:28.860,1.1419,1.1423,9.60,22.30
2007.08.08 18:26:28.941,1.1419,1.1422,13.60,4.00
2007.08.08 18:26:29.230,1.1419,1.1422,12.00,4.00
2007.08.08 18:26:29.406,1.1419,1.1422,4.00,4.00
2007.08.08 18:26:30.381,1.14185,1.1422,8.00,4.00
2007.08.08 18:26:31.066,1.1419,1.1422,8.00,4.00
2007.08.08 18:26:31.214,1.1419,1.1422,11.20,4.00
2007.08.08 18:26:31.414,1.1419,1.1422,15.20,4.00
2007.08.08 18:26:36.953,1.1419,1.1423,15.20,22.30
2007.08.08 18:26:37.803,1.1419,1.1423,13.60,18.30
2007.08.08 18:26:37.886,1.142,1.1423,4.00,18.30
2007.08.08 18:26:38.213,1.142,1.1423,5.60,10.40
2007.08.08 18:26:38.449,1.142,1.1423,5.60,4.00
2007.08.08 18:26:46.556,1.14195,1.1423,13.60,4.00
2007.08.08 18:26:53.322,1.142,1.1424,1.60,22.30
2007.08.08 18:26:54.761,1.14195,1.1424,13.60,18.30
2007.08.08 18:26:54.875,1.1421,1.1424,0.50,18.30
2007.08.08 18:26:55.118,1.1421,1.1424,0.50,11.90
2007.08.08 18:26:55.923,1.1421,1.1424,1.20,18.30
2007.08.08 18:26:56.222,1.1421,1.1424,1.20,22.30
2007.08.08 18:26:56.442,1.1421,1.1423,0.50,4.00
2007.08.08 18:26:59.552,1.1421,1.1424,0.90,22.30
2007.08.08 18:27:04.319,1.142,1.1423,5.60,4.00
2007.08.08 18:27:06.596,1.142,1.1424,7.20,22.30
2007.08.08 18:27:06.800,1.14195,1.1424,12.00,23.90
2007.08.08 18:27:06.969,1.1419,1.1424,13.60,23.90
2007.08.08 18:27:06.986,1.1419,1.1423,13.60,22.30
2007.08.08 18:27:07.326,1.1418,1.1423,21.50,22.30
2007.08.08 18:27:07.939,1.142,1.1422,0.60,0.60
2007.08.08 18:27:09.000,1.1419,1.1422,0.90,0.50
2007.08.08 18:27:09.415,1.14185,1.1425,12.00,21.50
2007.08.08 18:27:09.732,1.1419,1.14225,0.70,0.50
2007.08.08 18:27:09.809,1.1418,1.1423,21.50,18.30
2007.08.08 18:27:10.036,1.1418,1.14225,21.50,10.40
2007.08.08 18:27:10.746,1.1419,1.1422,0.80,0.90
2007.08.08 18:27:10.959,1.14185,1.1422,0.80,0.70
2007.08.08 18:27:11.024,1.14175,1.1423,21.50,23.90
2007.08.08 18:27:11.287,1.14175,1.1423,25.50,19.90
2007.08.08 18:27:11.601,1.1418,1.1422,0.70,0.60
2007.08.08 18:27:13.893,1.14185,1.1423,8.00,19.90
2007.08.08 18:27:15.303,1.1419,1.1422,4.00,0.60
2007.08.08 18:27:19.978,1.1418,1.1422,21.50,0.90
2007.08.08 18:27:21.308,1.1418,1.1423,21.50,19.90
2007.08.08 18:27:22.398,1.1418,1.1422,13.50,10.40
2007.08.08 18:27:23.294,1.1418,1.1423,13.50,23.90
2007.08.08 18:27:24.305,1.1418,1.1422,13.50,10.40
2007.08.08 18:27:30.444,1.1418,1.1423,13.50,23.90
2007.08.08 18:27:32.011,1.1418,1.1422,13.50,10.40
2007.08.08 18:27:33.274,1.1418,1.1423,17.50,19.90
2007.08.08 18:27:33.644,1.1418,1.1422,25.50,0.90
2007.08.08 18:27:33.938,1.14185,1.1422,8.00,4.00
2007.08.08 18:27:35.448,1.1419,1.1422,4.00,4.00
2007.08.08 18:27:37.406,1.14185,1.1422,8.00,4.00
2007.08.08 18:27:38.342,1.1419,1.1422,4.00,4.00
2007.08.08 18:27:39.382,1.1419,1.1422,12.00,4.00
2007.08.08 18:27:39.473,1.1419,1.1423,8.00,11.90
2007.08.08 18:27:39.799,1.1419,1.1423,9.60,11.90
2007.08.08 18:27:40.010,1.1419,1.1423,13.60,11.90
2007.08.08 18:27:44.864,1.1419,1.1423,6.00,11.90
2007.08.08 18:27:47.277,1.1419,1.1423,12.00,11.90
2007.08.08 18:27:47.375,1.1419,1.1423,8.00,11.90
2007.08.08 18:27:48.512,1.1418,1.1423,17.50,11.90
2007.08.08 18:27:48.522,1.14195,1.1423,8.00,4.00
2007.08.08 18:27:48.924,1.14195,1.1423,8.00,11.90
2007.08.08 18:27:49.032,1.1419,1.1422,4.00,4.00
2007.08.08 18:27:51.524,1.1419,1.1422,15.90,4.00
2007.08.08 18:27:51.631,1.1419,1.14225,11.90,6.40
2007.08.08 18:27:51.973,1.14195,1.1423,8.00,8.00
2007.08.08 18:27:52.049,1.14195,1.1423,8.00,4.00
2007.08.08 18:27:52.150,1.14195,1.14235,8.00,6.40
2007.08.08 18:27:52.514,1.14195,1.1424,8.00,10.40
2007.08.08 18:27:52.728,1.142,1.1424,8.00,10.40
2007.08.08 18:27:53.496,1.14205,1.1424,8.00,4.00
2007.08.08 18:27:54.011,1.14205,1.1423,8.00,4.00
2007.08.08 18:27:54.251,1.142,1.1423,4.00,4.00
2007.08.08 18:27:59.833,1.142,1.1423,4.00,15.90
2007.08.08 18:28:00.014,1.142,1.1423,4.00,22.30
2007.08.08 18:28:00.028,1.1419,1.1423,13.60,22.30
2007.08.08 18:28:00.329,1.1419,1.1422,13.60,4.00
2007.08.08 18:28:01.252,1.1419,1.1423,12.00,18.30
2007.08.08 18:28:01.451,1.1419,1.1422,12.00,4.00
2007.08.08 18:28:01.593,1.1419,1.1422,4.00,4.00
2007.08.08 18:28:02.192,1.1419,1.14225,4.00,6.40
2007.08.08 18:28:02.251,1.1419,1.1423,12.00,15.90
2007.08.08 18:28:02.285,1.1419,1.1423,12.00,11.90
2007.08.08 18:28:02.794,1.1419,1.1423,4.00,18.30
2007.08.08 18:28:03.075,1.1419,1.1423,12.00,11.90
2007.08.08 18:28:04.946,1.14195,1.1423,8.00,11.90
2007.08.08 18:28:04.993,1.14195,1.1423,8.00,4.00
2007.08.08 18:28:05.111,1.14195,1.1424,8.00,22.30
2007.08.08 18:28:06.551,1.142,1.1424,8.00,15.90
2007.08.08 18:28:06.566,1.142,1.1424,12.00,15.90
2007.08.08 18:28:07.063,1.142,1.1424,12.00,11.90
2007.08.08 18:28:07.849,1.142,1.1424,4.00,18.30
2007.08.08 18:28:07.911,1.142,1.1423,4.00,4.00
2007.08.08 18:28:13.070,1.142,1.1423,12.00,4.00
2007.08.08 18:28:13.191,1.142,1.1424,13.60,15.90
2007.08.08 18:28:13.899,1.1421,1.1424,4.00,15.90
2007.08.08 18:28:17.979,1.142,1.1424,13.60,15.90
2007.08.08 18:28:20.015,1.14205,1.1424,8.00,15.90
2007.08.08 18:28:20.037,1.14205,1.1424,8.00,4.00
2007.08.08 18:28:20.145,1.1421,1.1424,4.00,4.00
2007.08.08 18:28:20.548,1.1421,1.1424,12.00,4.00
2007.08.08 18:28:20.564,1.1421,1.1425,13.60,15.90
2007.08.08 18:28:22.528,1.1421,1.1424,12.00,11.90
2007.08.08 18:28:22.596,1.1421,1.1424,4.00,11.90
2007.08.08 18:28:22.645,1.1421,1.1424,4.00,15.90
2007.08.08 18:28:23.259,1.1421,1.1423,4.00,4.00
2007.08.08 18:28:26.155,1.142,1.1424,4.00,22.30
2007.08.08 18:28:27.202,1.142,1.1423,4.00,4.00
2007.08.08 18:28:31.571,1.142,1.1423,12.00,4.00
2007.08.08 18:28:31.649,1.142,1.1424,12.00,15.90
2007.08.08 18:28:35.076,1.142,1.1424,13.60,15.90
2007.08.08 18:28:35.162,1.14205,1.1424,8.00,15.90
2007.08.08 18:28:35.171,1.1421,1.1424,4.00,4.00
2007.08.08 18:28:36.123,1.1421,1.1424,5.60,4.00
2007.08.08 18:28:44.364,1.1421,1.1424,5.60,0.80
2007.08.08 18:28:50.430,1.1421,1.1426,1.60,26.30
2007.08.08 18:28:54.290,1.1421,1.1426,13.50,26.30
2007.08.08 18:28:54.377,1.1421,1.1425,17.50,0.70
2007.08.08 18:28:54.450,1.14215,1.1426,8.00,26.30
2007.08.08 18:28:58.724,1.1421,1.1425,17.50,0.70
2007.08.08 18:28:58.739,1.1421,1.14285,5.60,10.00
2007.08.08 18:28:58.842,1.1421,1.14285,5.60,5.00
2007.08.08 18:28:58.957,1.1421,1.1425,5.60,19.90
2007.08.08 18:28:59.251,1.1421,1.1425,1.60,0.70
2007.08.08 18:28:59.874,1.1421,1.14255,9.60,19.90
2007.08.08 18:29:02.927,1.1421,1.1426,9.60,23.90
2007.08.08 18:29:03.222,1.1421,1.1425,9.60,0.50
2007.08.08 18:29:04.295,1.1421,1.1426,1.60,23.90
2007.08.08 18:29:04.508,1.1421,1.1425,1.60,19.90
2007.08.08 18:29:05.291,1.1421,1.1426,1.60,21.50
2007.08.08 18:29:08.366,1.1421,1.1425,9.60,0.70
2007.08.08 18:29:11.287,1.1421,1.14255,13.60,19.90
2007.08.08 18:29:12.429,1.1421,1.14255,9.60,19.90
2007.08.08 18:29:15.426,1.1421,1.1424,13.60,4.00
2007.08.08 18:29:15.565,1.1421,1.1424,5.60,4.00
2007.08.08 18:29:24.450,1.1421,1.1424,2.70,4.00
2007.08.08 18:29:33.350,1.14205,1.1425,9.60,19.90
2007.08.08 18:29:36.571,1.142,1.1425,25.50,13.50
2007.08.08 18:29:39.078,1.1421,1.1425,1.20,19.90
2007.08.08 18:29:42.915,1.14205,1.1424,13.60,4.00
2007.08.08 18:29:44.257,1.14205,1.1424,9.60,4.00
2007.08.08 18:29:45.282,1.14205,1.1425,9.60,19.90
2007.08.08 18:29:46.182,1.1421,1.1425,9.60,13.50
2007.08.08 18:29:46.322,1.1421,1.1425,21.50,5.60
2007.08.08 18:29:47.254,1.1419,1.1425,1.00,5.60
2007.08.08 18:29:47.358,1.1421,1.1425,0.90,13.50
2007.08.08 18:29:47.453,1.1421,1.1425,4.50,13.50
2007.08.08 18:29:47.774,1.14205,1.1425,9.60,19.90
2007.08.08 18:29:49.740,1.1421,1.1425,3.70,12.00
2007.08.08 18:29:49.852,1.1421,1.1425,21.50,5.60
2007.08.08 18:29:56.189,1.1422,1.1425,1.60,5.60
2007.08.08 18:29:56.791,1.14215,1.1425,8.00,5.60
2007.08.08 18:29:56.884,1.14215,1.1424,8.00,4.00
2007.08.08 18:29:57.111,1.1421,1.1424,21.50,4.00
2007.08.08 18:29:57.296,1.1421,1.1425,9.60,13.50
2007.08.08 18:29:57.701,1.1421,1.1425,21.50,5.60
2007.08.08 18:29:57.915,1.1419,1.1425,4.00,5.60
2007.08.08 18:29:57.938,1.14215,1.1425,8.00,5.60
2007.08.08 18:29:58.749,1.1419,1.1425,4.00,5.60
2007.08.08 18:29:58.770,1.1421,1.1425,13.60,13.50
2007.08.08 18:29:58.797,1.1421,1.1425,5.60,13.50
2007.08.08 18:29:59.267,1.142,1.1425,29.50,13.50
2007.08.08 18:30:00.305,1.14205,1.1427,9.60,4.00
2007.08.08 18:30:00.325,1.14205,1.1424,13.60,4.00
2007.08.08 18:30:15.034,1.14215,1.1424,3.70,4.00
2007.08.08 18:30:15.053,1.14215,1.1424,12.00,4.00
2007.08.08 18:30:15.302,1.1421,1.1424,13.60,4.00
2007.08.08 18:30:15.376,1.1422,1.1425,1.30,5.60
2007.08.08 18:30:15.872,1.1423,1.1425,1.60,5.60
2007.08.08 18:30:16.208,1.1421,1.1425,25.50,5.60
2007.08.08 18:30:16.791,1.1422,1.1425,13.60,5.60
2007.08.08 18:30:16.914,1.1422,1.1425,9.60,1.60
2007.08.08 18:30:18.675,1.1422,1.1425,1.10,1.60
2007.08.08 18:30:19.378,1.1421,1.1425,29.50,5.60
2007.08.08 18:30:19.423,1.14215,1.1425,13.60,5.60
2007.08.08 18:30:25.308,1.142,1.1425,25.50,17.50
2007.08.08 18:30:25.722,1.1421,1.1424,3.80,11.90
2007.08.08 18:30:25.836,1.1421,1.1424,3.80,13.50
2007.08.08 18:30:25.931,1.1421,1.1424,12.00,17.50
2007.08.08 18:30:25.992,1.1421,1.1424,4.00,17.50
2007.08.08 18:30:27.902,1.1421,1.1424,4.00,5.60
2007.08.08 18:30:34.870,1.1421,1.1424,2.40,5.60
2007.08.08 18:30:37.342,1.14165,1.1424,5.00,5.60
2007.08.08 18:30:38.267,1.142,1.1424,25.50,5.60
2007.08.08 18:30:42.307,1.142,1.1424,25.50,4.00
2007.08.08 18:30:42.437,1.142,1.14245,25.50,6.40
2007.08.08 18:30:43.281,1.14205,1.1425,9.60,18.30
2007.08.08 18:30:48.124,1.142,1.14245,25.50,6.40
2007.08.08 18:30:48.322,1.142,1.1424,12.00,15.90
2007.08.08 18:30:48.428,1.142,1.1424,0.50,15.90
2007.08.08 18:30:50.693,1.1419,1.1424,6.00,15.90
2007.08.08 18:30:50.728,1.14205,1.1424,1.60,4.00
2007.08.08 18:30:51.239,1.1421,1.1424,0.60,4.00
2007.08.08 18:30:51.270,1.142,1.1424,17.50,4.00
2007.08.08 18:30:51.775,1.1421,1.14255,4.70,6.40
2007.08.08 18:30:51.790,1.1421,1.1426,17.50,18.30
2007.08.08 18:30:52.360,1.1421,1.1425,17.50,4.00
2007.08.08 18:30:57.351,1.14215,1.1425,9.60,4.00
2007.08.08 18:30:58.786,1.142,1.1425,21.50,15.90
2007.08.08 18:30:58.985,1.142,1.1424,21.50,4.00
2007.08.08 18:31:00.104,1.142,1.1425,31.10,15.90
2007.08.08 18:31:01.764,1.14215,1.1424,0.90,0.90
2007.08.08 18:31:01.802,1.1421,1.1427,17.50,23.90
2007.08.08 18:31:02.026,1.14215,1.1425,0.60,0.70
2007.08.08 18:31:05.205,1.14215,1.1426,8.00,23.90
2007.08.08 18:31:05.333,1.14215,1.1425,8.00,15.90
2007.08.08 18:31:05.364,1.1421,1.1425,9.60,15.90
2007.08.08 18:31:05.738,1.1422,1.1426,1.60,18.30
2007.08.08 18:31:05.949,1.1422,1.1425,1.60,0.60
2007.08.08 18:31:06.244,1.1422,1.1426,9.60,22.30
2007.08.08 18:31:06.381,1.142,1.1426,11.90,22.30
2007.08.08 18:31:06.493,1.1422,1.1424,8.00,0.50
2007.08.08 18:31:06.535,1.14215,1.1425,8.00,15.90
2007.08.08 18:31:07.417,1.14215,1.14255,8.00,22.30
2007.08.08 18:31:07.717,1.14215,1.14255,8.00,10.40
2007.08.08 18:31:07.947,1.1422,1.1426,8.00,22.30
2007.08.08 18:31:08.225,1.1421,1.1425,15.90,0.70
2007.08.08 18:31:08.757,1.14205,1.1426,8.00,23.90
2007.08.08 18:31:08.968,1.14205,1.1424,8.00,0.50
2007.08.08 18:31:12.371,1.14205,1.1425,8.00,23.90
2007.08.08 18:31:12.796,1.142,1.14245,9.60,22.30
2007.08.08 18:31:13.418,1.142,1.1424,8.00,0.50
2007.08.08 18:31:14.360,1.142,1.1423,8.00,0.50
2007.08.08 18:31:14.593,1.1419,1.1423,9.60,0.50
2007.08.08 18:31:14.771,1.1419,1.14235,21.50,10.40
2007.08.08 18:31:14.889,1.14195,1.1424,8.00,19.90
2007.08.08 18:31:21.721,1.142,1.1424,1.60,22.30
2007.08.08 18:31:21.740,1.142,1.1423,9.60,0.90
2007.08.08 18:31:23.362,1.142,1.14245,9.60,22.30
2007.08.08 18:31:34.138,1.14205,1.1424,8.00,15.90
2007.08.08 18:31:34.265,1.14205,1.1424,8.00,4.00
2007.08.08 18:31:42.755,1.14205,1.1424,8.00,15.90
2007.08.08 18:31:42.768,1.142,1.1424,9.60,15.90
2007.08.08 18:31:43.288,1.142,1.14245,21.50,6.40
2007.08.08 18:31:43.328,1.14205,1.1425,8.00,14.30
2007.08.08 18:31:43.369,1.1419,1.1424,13.50,15.90
2007.08.08 18:31:43.498,1.1419,1.1424,9.50,15.90
2007.08.08 18:31:43.592,1.142,1.1424,8.00,15.90
2007.08.08 18:31:43.857,1.142,1.1426,8.00,8.00
2007.08.08 18:31:44.006,1.142,1.1423,8.00,4.00
2007.08.08 18:31:44.913,1.14195,1.1423,8.00,4.00
2007.08.08 18:31:48.752,1.1419,1.1423,15.90,4.00
2007.08.08 18:31:48.777,1.1419,1.1423,8.00,15.90
2007.08.08 18:31:51.903,1.1419,1.1423,19.90,4.00
2007.08.08 18:31:51.976,1.1419,1.14235,19.90,6.40
2007.08.08 18:31:53.759,1.1419,1.14235,17.50,6.40
2007.08.08 18:31:53.947,1.1419,1.1423,17.50,4.00
2007.08.08 18:31:53.972,1.14195,1.1423,8.00,4.00
2007.08.08 18:31:54.366,1.142,1.1423,11.90,4.00
2007.08.08 18:31:54.458,1.1421,1.1423,1.60,4.00
2007.08.08 18:31:54.514,1.1421,1.14245,1.60,6.40
2007.08.08 18:31:54.567,1.1421,1.1424,1.60,4.00
2007.08.08 18:31:54.897,1.1421,1.14245,1.60,6.40
2007.08.08 18:31:55.000,1.1421,1.1425,1.60,14.30
2007.08.08 18:31:56.438,1.1421,1.1426,1.60,22.30
2007.08.08 18:31:56.958,1.1421,1.1424,1.60,0.60
2007.08.08 18:31:57.067,1.14195,1.1426,8.00,0.70
2007.08.08 18:31:57.904,1.14195,1.1424,8.00,22.30
2007.08.08 18:32:08.668,1.1421,1.1424,1.60,15.90
2007.08.08 18:32:10.248,1.142,1.1424,8.00,13.50
2007.08.08 18:32:10.927,1.14195,1.1423,8.00,0.70
2007.08.08 18:32:15.326,1.14195,1.1425,8.00,23.90
2007.08.08 18:32:28.892,1.14195,1.1423,8.00,4.00
2007.08.08 18:32:29.305,1.14195,1.1424,8.00,19.90
2007.08.08 18:32:36.642,1.14195,1.1424,4.20,19.90
2007.08.08 18:32:38.401,1.1418,1.1424,21.50,13.50
2007.08.08 18:32:39.052,1.1417,1.1422,17.50,15.90
2007.08.08 18:32:39.171,1.1418,1.1422,0.90,22.30
2007.08.08 18:32:39.676,1.1418,1.1422,4.00,15.90
2007.08.08 18:32:39.879,1.1418,1.1421,1.00,4.00
2007.08.08 18:33:15.637,1.1419,1.1422,1.60,4.00
2007.08.08 18:33:15.769,1.1419,1.1422,9.60,4.00
2007.08.08 18:33:16.028,1.1419,1.1422,1.60,4.00
2007.08.08 18:33:16.051,1.1419,1.1422,1.60,15.90
2007.08.08 18:33:16.146,1.1418,1.1421,9.60,4.00
2007.08.08 18:33:29.591,1.1418,1.1421,1.60,10.40
2007.08.08 18:33:29.638,1.1417,1.1421,9.60,22.30
2007.08.08 18:33:29.746,1.1417,1.142,9.60,4.00
2007.08.08 18:33:34.040,1.1416,1.142,17.50,4.00
2007.08.08 18:33:38.897,1.14165,1.142,9.60,4.00
2007.08.08 18:33:40.963,1.1417,1.142,9.60,4.00
2007.08.08 18:33:41.252,1.1418,1.1421,1.20,15.90
2007.08.08 18:33:41.388,1.1418,1.14225,6.30,6.40
2007.08.08 18:33:44.097,1.14175,1.1421,17.50,4.00
2007.08.08 18:33:45.705,1.14175,1.1421,15.90,4.00
2007.08.08 18:33:49.732,1.14175,1.1421,19.90,4.00
2007.08.08 18:33:49.780,1.1417,1.1421,21.50,4.00
2007.08.08 18:33:49.839,1.1417,1.1422,21.50,10.40
2007.08.08 18:33:50.128,1.1417,1.1422,21.50,4.00
2007.08.08 18:33:52.245,1.1417,1.1422,21.50,15.10
2007.08.08 18:33:52.344,1.1417,1.1421,21.50,4.00
2007.08.08 18:33:52.359,1.1417,1.1421,21.50,4.00
2007.08.08 18:33:53.169,1.1417,1.1421,21.50,4.00
2007.08.08 18:33:53.277,1.1417,1.1422,21.50,5.60
2007.08.08 18:33:56.511,1.1419,1.1422,1.80,5.60
2007.08.08 18:33:56.809,1.1418,1.14235,23.10,6.40
2007.08.08 18:33:57.156,1.1419,1.1424,9.60,16.00
2007.08.08 18:33:57.314,1.14195,1.1423,4.20,4.00
2007.08.08 18:33:57.422,1.14195,1.1424,1.10,12.00
2007.08.08 18:33:57.481,1.1419,1.14235,1.80,6.40
2007.08.08 18:33:58.312,1.1418,1.1423,23.10,4.00
2007.08.08 18:33:58.870,1.1418,1.14235,23.10,6.40
2007.08.08 18:33:59.287,1.1419,1.1423,2.80,4.00
2007.08.08 18:34:01.199,1.1416,1.1423,19.10,4.00
2007.08.08 18:34:03.769,1.1419,1.1423,21.50,4.00
2007.08.08 18:34:05.200,1.14195,1.1423,9.60,4.00
2007.08.08 18:34:05.225,1.142,1.14245,9.60,6.40
2007.08.08 18:34:05.308,1.14205,1.14245,15.90,6.40
2007.08.08 18:34:10.286,1.1419,1.14245,17.50,6.40
2007.08.08 18:34:10.344,1.142,1.1423,1.00,4.00
2007.08.08 18:34:12.372,1.1417,1.1423,5.60,4.00
2007.08.08 18:34:13.109,1.1417,1.14245,5.60,6.40
2007.08.08 18:34:14.741,1.1419,1.14245,17.50,6.40
2007.08.08 18:34:14.830,1.142,1.1423,3.60,4.00
2007.08.08 18:34:15.092,1.14195,1.1423,9.60,4.00
2007.08.08 18:34:15.358,1.1419,1.1423,17.50,4.00
2007.08.08 18:34:16.154,1.1419,1.1423,4.40,4.00
2007.08.08 18:34:16.409,1.1419,1.1423,17.50,4.00
2007.08.08 18:34:17.979,1.1419,1.1423,17.50,4.00
2007.08.08 18:34:18.752,1.1419,1.1423,17.50,4.00
2007.08.08 18:34:20.070,1.1419,1.1423,3.60,4.00
2007.08.08 18:34:20.363,1.1419,1.1423,17.50,4.00
2007.08.08 18:34:21.119,1.14195,1.1423,0.90,4.00
2007.08.08 18:34:22.166,1.142,1.1423,8.00,4.00
2007.08.08 18:34:22.632,1.142,1.1423,9.60,4.00
2007.08.08 18:34:22.666,1.1421,1.1425,8.00,1.60
2007.08.08 18:34:22.791,1.1421,1.14255,8.00,6.40
2007.08.08 18:34:23.127,1.1421,1.14255,21.50,6.40
2007.08.08 18:34:23.172,1.14215,1.1426,8.00,8.00
2007.08.08 18:34:23.244,1.14215,1.1425,8.00,4.00
2007.08.08 18:34:37.186,1.1422,1.14265,8.00,6.40
2007.08.08 18:34:38.303,1.1421,1.1427,15.10,12.00
2007.08.08 18:34:38.310,1.14225,1.1427,8.00,8.00
2007.08.08 18:34:38.391,1.14225,1.1426,8.00,4.00
2007.08.08 18:34:38.554,1.1422,1.1426,21.50,4.00
2007.08.08 18:34:39.329,1.14225,1.1426,8.00,4.00
2007.08.08 18:34:40.606,1.1422,1.1426,21.50,4.00
2007.08.08 18:34:40.754,1.1422,1.1426,19.90,4.00
2007.08.08 18:34:40.965,1.1422,1.14265,19.90,6.40
2007.08.08 18:34:42.212,1.1422,1.14265,8.00,6.40
2007.08.08 18:34:42.309,1.1422,1.1426,8.00,1.60
2007.08.08 18:34:42.448,1.14215,1.14255,8.00,6.40
2007.08.08 18:34:53.242,1.1421,1.14255,19.10,6.40
2007.08.08 18:34:53.384,1.1421,1.14255,9.60,6.40
2007.08.08 18:34:55.801,1.1418,1.14255,4.00,6.40
2007.08.08 18:34:55.898,1.1418,1.1425,4.00,4.00
2007.08.08 18:34:56.117,1.14215,1.1425,8.00,4.00
2007.08.08 18:34:56.329,1.142,1.1425,1.60,1.60
2007.08.08 18:34:56.382,1.142,1.14245,9.60,6.40
2007.08.08 18:34:59.271,1.14205,1.1425,8.00,8.00
2007.08.08 18:34:59.311,1.14205,1.1424,8.00,4.00
2007.08.08 18:35:02.345,1.1419,1.1424,1.60,1.60
2007.08.08 18:35:02.774,1.1419,1.1424,13.50,1.60
2007.08.08 18:35:02.962,1.1417,1.14235,4.00,6.40
2007.08.08 18:35:03.038,1.1419,1.1423,21.50,4.00
2007.08.08 18:35:03.266,1.1419,1.1422,9.60,4.00
2007.08.08 18:35:06.270,1.1419,1.1422,8.00,4.00
2007.08.08 18:35:06.338,1.14185,1.1422,8.00,4.00
2007.08.08 18:35:07.310,1.14185,1.14225,8.00,6.40
2007.08.08 18:35:07.497,1.1418,1.1421,13.50,4.00
2007.08.08 18:35:09.409,1.1418,1.1421,13.50,0.70
2007.08.08 18:35:13.826,1.1418,1.1422,17.50,10.40
2007.08.08 18:35:13.957,1.14185,1.1422,8.00,4.00
2007.08.08 18:35:14.230,1.1419,1.1422,8.00,4.00
2007.08.08 18:35:16.731,1.1419,1.1422,19.90,4.00
2007.08.08 18:35:16.873,1.14195,1.14235,8.00,6.40
2007.08.08 18:35:16.949,1.14195,1.1423,8.00,4.00
2007.08.08 18:35:17.122,1.1419,1.1425,19.90,9.50
2007.08.08 18:35:17.248,1.1419,1.1423,8.00,22.30
2007.08.08 18:35:17.358,1.1419,1.1422,8.00,4.00
2007.08.08 18:35:17.911,1.14185,1.1422,8.00,4.00
2007.08.08 18:35:29.282,1.1418,1.1422,19.90,4.00
2007.08.08 18:35:29.402,1.1418,1.1422,15.90,4.00
2007.08.08 18:35:29.526,1.1418,1.1422,7.90,10.40
2007.08.08 18:35:29.808,1.14175,1.1424,8.00,4.00
2007.08.08 18:35:29.821,1.14175,1.14215,8.00,6.40
2007.08.08 18:35:29.912,1.14175,1.1421,8.00,4.00
2007.08.08 18:35:30.314,1.14175,1.14215,8.00,6.40
2007.08.08 18:35:30.373,1.14175,1.1422,8.00,22.30
2007.08.08 18:35:30.933,1.14175,1.1421,8.00,4.00
2007.08.08 18:35:31.349,1.14175,1.1422,8.00,22.30
2007.08.08 18:35:34.473,1.1418,1.1422,4.00,22.30
2007.08.08 18:35:34.780,1.1418,1.1422,4.00,18.30
2007.08.08 18:35:34.983,1.14175,1.1422,8.00,18.30
2007.08.08 18:35:35.000,1.14175,1.14215,8.00,6.40
2007.08.08 18:35:35.402,1.14175,1.1421,8.00,4.00
2007.08.08 18:35:37.252,1.1416,1.1421,9.50,15.90
2007.08.08 18:35:37.324,1.1417,1.1421,8.00,15.90
2007.08.08 18:35:37.363,1.1417,1.142,8.00,4.00
2007.08.08 18:35:38.923,1.1417,1.1421,8.00,15.90
2007.08.08 18:35:43.393,1.1414,1.1421,4.00,4.00
2007.08.08 18:35:43.485,1.14175,1.1421,8.00,4.00
2007.08.08 18:35:44.646,1.14175,1.1421,8.00,0.90
2007.08.08 18:36:12.854,1.1418,1.1421,8.00,4.00
2007.08.08 18:36:13.117,1.14175,1.1421,8.00,4.00
2007.08.08 18:37:06.065,1.1417,1.1421,17.50,4.00
2007.08.08 18:37:08.264,1.1417,1.14215,17.50,6.40
2007.08.08 18:37:08.813,1.1417,1.142,8.00,4.00
2007.08.08 18:37:08.896,1.14165,1.142,8.00,4.00
2007.08.08 18:37:10.411,1.14165,1.1423,8.00,4.00
2007.08.08 18:37:10.730,1.14165,1.1421,8.00,22.30
2007.08.08 18:37:11.962,1.1416,1.14205,17.50,6.40
2007.08.08 18:37:12.048,1.1414,1.142,4.00,4.00
2007.08.08 18:37:23.153,1.1413,1.14205,4.00,6.40
2007.08.08 18:37:37.302,1.1417,1.1419,1.60,4.00
2007.08.08 18:37:37.727,1.1413,1.1419,4.00,4.00
2007.08.08 18:37:37.906,1.1413,1.14205,4.00,6.40
2007.08.08 18:37:37.956,1.14115,1.14205,5.00,6.40
2007.08.08 18:37:38.056,1.1416,1.14205,19.90,6.40
2007.08.08 18:37:38.165,1.1416,1.1419,8.00,4.00
2007.08.08 18:37:38.174,1.14155,1.1419,8.00,4.00
2007.08.08 18:37:38.596,1.1416,1.1419,1.60,4.00
2007.08.08 18:37:38.753,1.1416,1.14195,1.60,6.40
2007.08.08 18:37:38.869,1.1416,1.1418,1.60,4.00
2007.08.08 18:37:40.117,1.1416,1.1418,3.20,4.00
2007.08.08 18:37:40.221,1.1416,1.1419,3.20,10.40
2007.08.08 18:37:40.239,1.1416,1.1419,11.20,4.00
2007.08.08 18:37:40.752,1.1416,1.1419,9.60,15.90
2007.08.08 18:37:40.864,1.1416,1.1419,1.60,15.90
2007.08.08 18:37:40.972,1.1416,1.1418,1.60,4.00
2007.08.08 18:37:49.426,1.1416,1.1419,1.60,11.90
2007.08.08 18:37:49.973,1.1416,1.1418,1.60,4.00
2007.08.08 18:37:51.972,1.1416,1.1419,1.60,11.90
2007.08.08 18:37:53.063,1.1416,1.1418,1.60,4.00
2007.08.08 18:37:53.282,1.1415,1.1417,8.00,4.00
2007.08.08 18:37:53.326,1.1414,1.1417,9.60,4.00
2007.08.08 18:37:57.472,1.14145,1.1417,8.00,4.00
2007.08.08 18:37:57.747,1.1414,1.1417,9.60,4.00
2007.08.08 18:37:57.872,1.1411,1.14185,4.00,6.40
2007.08.08 18:37:58.033,1.14145,1.1419,8.00,15.90
2007.08.08 18:37:58.714,1.14145,1.1417,8.00,4.00
2007.08.08 18:37:59.120,1.1414,1.1417,1.60,10.40
2007.08.08 18:37:59.159,1.1413,1.1416,9.60,4.00
2007.08.08 18:37:59.692,1.1413,1.1417,9.60,22.30
2007.08.08 18:38:07.235,1.1413,1.1416,9.60,4.00
2007.08.08 18:38:10.053,1.14135,1.1416,8.00,4.00
2007.08.08 18:38:10.089,1.14135,1.1418,8.00,18.30
2007.08.08 18:38:10.196,1.14135,1.1417,8.00,4.00
2007.08.08 18:38:11.553,1.14135,1.1417,8.00,15.90
2007.08.08 18:38:11.676,1.14135,1.1416,8.00,4.00
2007.08.08 18:38:11.847,1.1413,1.1416,9.60,4.00
2007.08.08 18:38:14.479,1.1413,1.1416,1.60,4.00
2007.08.08 18:38:14.757,1.1413,1.1416,9.60,4.00
2007.08.08 18:38:16.648,1.1413,1.1416,17.50,4.00
2007.08.08 18:38:16.753,1.1413,1.1417,17.50,10.40
2007.08.08 18:38:16.950,1.14135,1.1417,8.00,4.00
2007.08.08 18:38:18.127,1.14135,1.1417,8.00,15.90
2007.08.08 18:38:18.221,1.1413,1.1417,9.60,22.30
2007.08.08 18:38:20.292,1.1413,1.1417,9.60,15.90
2007.08.08 18:38:20.326,1.141,1.1417,4.00,4.00
2007.08.08 18:38:20.546,1.14135,1.1417,8.00,4.00
2007.08.08 18:38:20.731,1.1414,1.1417,1.60,4.00
2007.08.08 18:38:20.800,1.1414,1.1417,9.60,4.00
2007.08.08 18:38:21.293,1.1414,1.1417,8.00,4.00
2007.08.08 18:38:21.319,1.14135,1.1417,8.00,4.00
2007.08.08 18:38:21.629,1.1414,1.1417,11.90,4.00
2007.08.08 18:38:21.710,1.1414,1.14175,13.50,6.40
2007.08.08 18:38:21.849,1.14145,1.1418,8.00,4.00
2007.08.08 18:38:22.112,1.141,1.1418,4.00,4.00
2007.08.08 18:38:22.153,1.1414,1.1418,8.00,15.90
2007.08.08 18:38:24.954,1.1413,1.1418,9.50,15.90
2007.08.08 18:38:26.071,1.14145,1.1418,8.00,4.00
2007.08.08 18:38:26.238,1.1414,1.1418,17.50,4.00
2007.08.08 18:38:26.277,1.1414,1.1418,8.00,15.90
2007.08.08 18:38:34.055,1.1413,1.1418,17.50,15.90
2007.08.08 18:38:42.745,1.1414,1.1418,5.00,4.00
2007.08.08 18:38:43.075,1.1414,1.1418,17.50,4.00
2007.08.08 18:38:47.914,1.14145,1.1417,0.90,1.60
2007.08.08 18:38:48.247,1.1411,1.1417,17.40,13.50
2007.08.08 18:38:48.305,1.1412,1.1417,17.50,19.90
2007.08.08 18:38:48.523,1.14125,1.142,2.70,4.00
2007.08.08 18:38:48.978,1.1412,1.1416,17.50,4.00
2007.08.08 18:38:53.311,1.1412,1.1417,17.50,22.30
2007.08.08 18:38:53.429,1.1412,1.1417,17.50,15.90
2007.08.08 18:38:53.729,1.1412,1.1417,17.50,17.50
2007.08.08 18:38:53.942,1.14125,1.1419,4.30,4.00
2007.08.08 18:38:54.270,1.14125,1.1417,3.10,22.30
2007.08.08 18:38:55.021,1.1413,1.1417,4.40,15.90
2007.08.08 18:38:56.026,1.1412,1.1417,19.10,22.30
2007.08.08 18:38:56.200,1.14125,1.1419,2.90,4.00
2007.08.08 18:38:58.359,1.14125,1.1416,3.30,4.00
2007.08.08 18:38:59.859,1.14125,1.1417,3.80,23.90
2007.08.08 18:39:03.336,1.14125,1.1417,8.00,23.90
2007.08.08 18:39:03.427,1.14125,1.1419,8.00,4.00
2007.08.08 18:39:06.501,1.1412,1.1416,9.50,6.40
2007.08.08 18:39:06.729,1.14115,1.1416,8.00,18.30
2007.08.08 18:39:07.285,1.14115,1.1416,8.00,19.90
2007.08.08 18:39:07.378,1.14115,1.1416,8.00,23.90
2007.08.08 18:39:07.642,1.1412,1.1416,8.00,17.50
2007.08.08 18:39:07.823,1.1412,1.1416,17.50,4.00
2007.08.08 18:39:08.009,1.14125,1.1416,8.00,4.00
2007.08.08 18:39:11.091,1.1412,1.1416,17.50,4.00
2007.08.08 18:39:11.289,1.1412,1.1416,8.00,17.50
2007.08.08 18:39:11.435,1.14115,1.1418,8.00,4.00
2007.08.08 18:39:11.837,1.1412,1.1416,9.50,10.40
2007.08.08 18:39:11.964,1.14125,1.1416,8.00,4.00
2007.08.08 18:39:16.260,1.1413,1.1416,1.60,4.00
2007.08.08 18:39:16.395,1.1413,1.1416,9.60,4.00
2007.08.08 18:39:18.307,1.14135,1.1416,8.00,4.00
2007.08.08 18:39:18.590,1.1413,1.1416,9.60,4.00
2007.08.08 18:39:22.226,1.1413,1.1416,8.00,4.00
2007.08.08 18:39:25.195,1.1413,1.1416,2.90,4.00
2007.08.08 18:39:31.423,1.1413,1.1417,2.40,17.50
2007.08.08 18:39:32.937,1.1412,1.1416,17.50,4.00
2007.08.08 18:39:34.288,1.1412,1.1416,17.50,4.00
2007.08.08 18:39:38.246,1.141,1.14175,2.30,6.40
2007.08.08 18:39:38.387,1.14135,1.1418,1.50,15.90
2007.08.08 18:39:38.532,1.14135,1.1417,2.80,4.00
2007.08.08 18:39:39.270,1.1414,1.1417,0.50,4.00
2007.08.08 18:39:39.312,1.1413,1.1417,17.50,4.00
2007.08.08 18:39:40.765,1.1413,1.1417,9.60,15.90
2007.08.08 18:39:40.906,1.1413,1.1417,3.00,15.90
2007.08.08 18:39:41.727,1.1412,1.1417,17.50,17.50
2007.08.08 18:39:41.951,1.1413,1.1416,4.10,4.00
2007.08.08 18:39:42.242,1.1413,1.1416,2.50,4.00
2007.08.08 18:39:44.888,1.14125,1.1416,9.60,4.00
2007.08.08 18:39:45.264,1.1413,1.1416,3.70,4.00
2007.08.08 18:39:50.763,1.1412,1.1416,17.50,4.00
2007.08.08 18:39:54.755,1.1413,1.1416,9.60,4.00
2007.08.08 18:39:55.276,1.1413,1.1416,8.00,4.00
2007.08.08 18:40:00.756,1.1413,1.1416,8.00,15.90
2007.08.08 18:40:00.958,1.1413,1.1415,8.00,4.00
2007.08.08 18:40:01.168,1.14125,1.1415,8.00,4.00
2007.08.08 18:40:07.425,1.14125,1.1415,8.00,0.60
2007.08.08 18:40:09.073,1.1412,1.1416,9.60,15.90
2007.08.08 18:40:12.487,1.1413,1.1416,8.00,15.90
2007.08.08 18:40:12.737,1.1412,1.1416,1.60,15.90
2007.08.08 18:40:12.785,1.1412,1.1417,9.50,0.70
2007.08.08 18:40:12.893,1.1412,1.1417,9.50,17.50
2007.08.08 18:40:13.535,1.14125,1.1417,8.00,23.90
2007.08.08 18:40:13.719,1.14125,1.1417,8.00,23.90
2007.08.08 18:40:13.813,1.1412,1.14165,15.90,12.00
2007.08.08 18:40:13.832,1.1412,1.1416,8.00,0.90
2007.08.08 18:40:13.938,1.1412,1.1416,8.00,17.50
2007.08.08 18:40:14.897,1.1412,1.1416,8.00,0.80
2007.08.08 18:40:15.363,1.1412,1.1415,8.00,0.60
2007.08.08 18:40:19.987,1.1412,1.1416,9.60,15.90
2007.08.08 18:40:20.728,1.1412,1.1416,8.00,17.50
2007.08.08 18:40:21.364,1.1412,1.1415,8.00,15.90
2007.08.08 18:40:21.959,1.14115,1.1415,8.00,15.90
2007.08.08 18:40:23.780,1.1411,1.1414,9.60,0.50
2007.08.08 18:40:24.312,1.1409,1.14155,7.90,0.60
2007.08.08 18:40:24.424,1.1411,1.1417,8.00,10.40
2007.08.08 18:40:24.953,1.141,1.1414,9.60,17.50
2007.08.08 18:40:25.165,1.14105,1.1413,8.00,0.80
2007.08.08 18:40:25.428,1.141,1.1413,9.60,0.60
2007.08.08 18:40:25.776,1.141,1.1413,8.00,0.90
2007.08.08 18:40:25.890,1.141,1.1414,8.00,0.70
2007.08.08 18:40:25.957,1.14095,1.1415,8.00,27.90
2007.08.08 18:40:26.319,1.14095,1.1414,8.00,23.90
2007.08.08 18:40:26.425,1.14095,1.1415,8.00,27.90
2007.08.08 18:40:26.755,1.14095,1.1414,8.00,23.90
2007.08.08 18:40:26.967,1.1409,1.1413,9.60,0.50
2007.08.08 18:40:27.388,1.141,1.1414,7.90,16.00
2007.08.08 18:40:27.634,1.141,1.1414,15.90,0.80
2007.08.08 18:40:30.245,1.141,1.14145,8.00,23.90
2007.08.08 18:40:30.341,1.141,1.1413,8.00,0.80
2007.08.08 18:40:30.362,1.14095,1.1414,8.00,23.90
2007.08.08 18:40:30.967,1.14095,1.1415,8.00,27.90
2007.08.08 18:40:31.296,1.141,1.1414,7.90,0.60
2007.08.08 18:40:31.404,1.14105,1.1415,8.00,27.90
2007.08.08 18:40:37.302,1.1411,1.14155,15.90,6.40
2007.08.08 18:40:37.400,1.1411,1.1415,15.90,4.00
2007.08.08 18:40:37.561,1.14115,1.1415,8.00,4.00
2007.08.08 18:40:38.654,1.141,1.1415,4.00,4.00
2007.08.08 18:40:38.867,1.14115,1.1415,8.00,4.00
2007.08.08 18:40:40.210,1.1412,1.1415,8.00,4.00
2007.08.08 18:40:40.255,1.1412,1.14165,15.90,6.40
2007.08.08 18:40:40.374,1.1412,1.1416,15.90,4.00
2007.08.08 18:40:41.263,1.14125,1.1416,8.00,4.00
2007.08.08 18:40:42.784,1.1413,1.1416,1.60,4.00
2007.08.08 18:40:43.293,1.1413,1.1417,9.50,10.40
2007.08.08 18:40:43.349,1.1413,1.1417,17.50,4.00
2007.08.08 18:40:43.722,1.1413,1.1417,15.90,4.00
2007.08.08 18:40:43.882,1.1413,1.1417,7.90,10.40
2007.08.08 18:40:43.915,1.14125,1.1416,8.00,4.00
2007.08.08 18:40:46.891,1.14125,1.1416,8.00,15.90
2007.08.08 18:40:46.967,1.1412,1.1416,9.60,15.90
2007.08.08 18:40:46.985,1.1412,1.1415,9.60,4.00
2007.08.08 18:40:47.205,1.1412,1.14165,17.50,6.40
2007.08.08 18:40:47.383,1.14125,1.1416,8.00,4.00
2007.08.08 18:40:47.740,1.14125,1.1416,8.00,15.90
2007.08.08 18:40:47.796,1.1412,1.1416,9.60,15.90
2007.08.08 18:40:47.957,1.1412,1.1415,9.60,4.00
2007.08.08 18:40:48.278,1.1412,1.1415,8.00,4.00
2007.08.08 18:40:48.330,1.14115,1.1415,8.00,4.00
2007.08.08 18:40:48.514,1.1411,1.1415,17.50,4.00
2007.08.08 18:40:49.181,1.1411,1.1415,17.50,4.00
2007.08.08 18:40:49.207,1.1412,1.1415,3.20,4.00
2007.08.08 18:40:52.179,1.1411,1.1415,17.50,4.00
2007.08.08 18:40:52.294,1.1411,1.1415,17.50,4.00
2007.08.08 18:40:56.157,1.1411,1.1415,17.50,4.00
2007.08.08 18:40:56.260,1.1411,1.1415,17.50,4.00
2007.08.08 18:40:59.765,1.14125,1.1417,9.60,18.30
2007.08.08 18:40:59.968,1.14125,1.1416,9.60,4.00
2007.08.08 18:41:00.294,1.14125,1.1416,2.60,4.00
2007.08.08 18:41:03.296,1.1412,1.1416,9.60,15.90
2007.08.08 18:41:03.383,1.1412,1.1416,3.00,22.30
2007.08.08 18:41:03.421,1.1412,1.1415,1.10,4.00
2007.08.08 18:41:05.771,1.14115,1.1415,2.60,4.00
2007.08.08 18:41:06.181,1.14115,1.1415,9.60,4.00
2007.08.08 18:41:06.297,1.1412,1.14155,0.80,6.40
2007.08.08 18:41:06.389,1.14115,1.1415,9.60,4.00
2007.08.08 18:41:06.399,1.1412,1.1415,3.10,4.00
2007.08.08 18:41:07.624,1.1411,1.1416,17.50,22.30
2007.08.08 18:41:08.397,1.1412,1.1416,9.60,15.90
2007.08.08 18:41:08.496,1.1412,1.14165,17.50,10.40
2007.08.08 18:41:13.971,1.1413,1.1416,0.50,0.70
2007.08.08 18:41:14.004,1.1412,1.1417,17.50,15.90
2007.08.08 18:41:16.320,1.1413,1.14175,9.60,22.30
2007.08.08 18:41:18.121,1.1413,1.1417,9.60,15.90
2007.08.08 18:41:20.309,1.1413,1.14175,9.60,22.30
2007.08.08 18:41:20.405,1.1413,1.1417,9.60,15.90
2007.08.08 18:41:20.512,1.1413,1.1417,9.60,0.50
2007.08.08 18:41:23.292,1.1413,1.1417,9.60,15.90
2007.08.08 18:41:23.816,1.1414,1.14175,1.60,0.80
2007.08.08 18:41:23.936,1.1414,1.1417,1.60,0.70
2007.08.08 18:41:23.974,1.1414,1.1418,9.60,22.30
2007.08.08 18:41:26.777,1.1414,1.1418,8.00,19.90
2007.08.08 18:41:26.796,1.14135,1.14175,8.00,10.40
2007.08.08 18:41:30.766,1.1414,1.14175,1.60,10.40
2007.08.08 18:41:30.903,1.1414,1.1418,9.60,22.30
2007.08.08 18:41:31.300,1.1414,1.1419,21.50,15.90
2007.08.08 18:41:31.450,1.14145,1.14185,8.00,0.90
2007.08.08 18:41:32.352,1.14145,1.1418,8.00,0.90
2007.08.08 18:41:39.685,1.14145,1.1418,8.00,0.90
2007.08.08 18:41:39.800,1.1415,1.14185,3.20,10.40
2007.08.08 18:41:39.875,1.1415,1.1418,11.20,0.60
2007.08.08 18:41:44.261,1.1415,1.1419,1.60,23.90
2007.08.08 18:41:44.389,1.14145,1.1419,8.00,19.90
2007.08.08 18:41:51.725,1.1415,1.1419,8.00,19.90
2007.08.08 18:41:51.760,1.1415,1.1419,11.20,18.30
2007.08.08 18:41:55.566,1.1415,1.14185,3.20,10.40
2007.08.08 18:41:55.775,1.14145,1.1418,8.00,0.50
2007.08.08 18:41:56.831,1.1415,1.1418,1.60,0.50
2007.08.08 18:41:56.945,1.1415,1.1418,1.60,22.30
2007.08.08 18:41:57.354,1.14135,1.1418,8.00,19.90
2007.08.08 18:41:57.447,1.14135,1.14175,8.00,10.40
2007.08.08 18:41:58.280,1.14135,1.1418,8.00,21.50
2007.08.08 18:41:59.289,1.1414,1.14175,1.60,8.00
2007.08.08 18:41:59.396,1.1414,1.1417,9.60,0.70
2007.08.08 18:41:59.405,1.1414,1.1418,9.60,23.90
2007.08.08 18:42:06.251,1.1414,1.1418,8.00,17.50
2007.08.08 18:42:06.771,1.1414,1.14185,8.00,0.80
2007.08.08 18:42:06.936,1.1413,1.1419,1.60,6.40
2007.08.08 18:42:07.413,1.14145,1.1419,8.00,10.40
2007.08.08 18:42:07.824,1.14145,1.1419,8.00,18.30
2007.08.08 18:42:07.943,1.14145,1.1418,8.00,4.00
2007.08.08 18:42:08.761,1.1412,1.1418,4.00,4.00
2007.08.08 18:42:09.238,1.14145,1.1418,8.00,4.00
2007.08.08 18:42:10.070,1.1412,1.1418,4.00,4.00
2007.08.08 18:42:10.277,1.1414,1.1417,9.60,1.60
2007.08.08 18:42:10.355,1.1414,1.1417,9.60,5.60
2007.08.08 18:42:10.931,1.1414,1.1418,9.60,17.50
2007.08.08 18:42:11.728,1.1414,1.142,8.00,10.40
2007.08.08 18:42:12.115,1.1413,1.142,1.60,10.40
2007.08.08 18:42:13.183,1.1413,1.142,1.60,10.40
2007.08.08 18:42:13.414,1.1413,1.1417,13.50,0.70
2007.08.08 18:42:13.491,1.1414,1.1418,8.00,11.90
2007.08.08 18:42:13.743,1.1414,1.1417,9.60,0.90
2007.08.08 18:42:13.835,1.1414,1.1418,9.60,17.50
2007.08.08 18:42:14.360,1.1414,1.1417,9.60,0.70
2007.08.08 18:42:14.777,1.1412,1.1418,4.00,0.70
2007.08.08 18:42:14.849,1.14145,1.1419,8.00,18.30
2007.08.08 18:42:15.699,1.14145,1.1418,8.00,5.60
2007.08.08 18:42:15.884,1.1414,1.1417,9.60,0.90
2007.08.08 18:42:15.912,1.1414,1.1418,9.60,17.50
2007.08.08 18:42:17.181,1.1414,1.1417,9.60,0.70
2007.08.08 18:42:17.273,1.1414,1.1418,9.60,17.50
2007.08.08 18:42:17.847,1.1414,1.1418,9.60,17.50
2007.08.08 18:42:18.265,1.1414,1.1417,9.60,0.80
2007.08.08 18:42:19.432,1.1414,1.1418,9.60,17.50
2007.08.08 18:42:20.061,1.1414,1.1418,9.60,17.50
2007.08.08 18:42:20.284,1.1414,1.1417,9.60,0.60
2007.08.08 18:42:20.491,1.1414,1.1417,8.00,0.80
2007.08.08 18:42:20.924,1.1414,1.14185,8.00,0.70
2007.08.08 18:42:21.244,1.1414,1.1417,8.00,17.50
2007.08.08 18:42:21.310,1.1413,1.1416,1.60,0.80
2007.08.08 18:42:21.995,1.1413,1.14205,1.60,13.00
2007.08.08 18:42:23.121,1.1413,1.14175,9.60,23.90
2007.08.08 18:42:24.500,1.1413,1.1417,9.60,17.50
2007.08.08 18:42:25.033,1.1413,1.14175,9.60,23.90
2007.08.08 18:42:25.286,1.1413,1.14175,8.00,18.30
2007.08.08 18:42:25.997,1.14125,1.1418,8.00,26.20
2007.08.08 18:42:27.756,1.1413,1.1418,1.60,26.30
2007.08.08 18:42:27.767,1.1413,1.1417,9.60,0.70
2007.08.08 18:42:27.875,1.1413,1.1416,9.60,0.80
2007.08.08 18:42:30.306,1.1413,1.1417,9.60,0.70
2007.08.08 18:42:30.949,1.1413,1.1416,9.60,0.50
2007.08.08 18:42:31.414,1.1413,1.14175,9.60,22.30
2007.08.08 18:42:31.518,1.14135,1.1418,8.00,22.30
2007.08.08 18:42:31.839,1.1413,1.14175,9.60,22.30
2007.08.08 18:42:32.303,1.1414,1.1417,1.60,0.60
2007.08.08 18:42:32.382,1.1414,1.1418,9.60,15.90
2007.08.08 18:42:32.948,1.1414,1.14185,9.60,22.30
2007.08.08 18:42:33.369,1.1414,1.1418,9.60,15.90
2007.08.08 18:42:35.662,1.1414,1.1417,8.00,0.60
2007.08.08 18:42:35.749,1.14135,1.1418,8.00,22.30
2007.08.08 18:42:38.301,1.1414,1.1417,1.60,4.00
2007.08.08 18:42:38.846,1.1414,1.1417,9.60,4.00
2007.08.08 18:42:49.781,1.1414,1.1417,1.60,4.00
2007.08.08 18:42:50.035,1.1414,1.1417,9.60,4.00
2007.08.08 18:42:52.312,1.1414,1.1418,9.60,15.90
2007.08.08 18:42:57.511,1.1414,1.1417,9.60,4.00
2007.08.08 18:42:59.313,1.1412,1.14185,4.00,6.40
2007.08.08 18:42:59.399,1.1412,1.1418,4.00,4.00
2007.08.08 18:42:59.424,1.14145,1.1418,8.00,4.00
2007.08.08 18:43:02.137,1.1414,1.1418,21.50,4.00
2007.08.08 18:43:08.276,1.1412,1.1418,17.40,15.90
2007.08.08 18:43:08.425,1.1413,1.142,21.50,4.00
2007.08.08 18:43:10.787,1.1414,1.1418,17.50,10.40
2007.08.08 18:43:10.952,1.1415,1.1418,0.90,4.00
2007.08.08 18:43:11.265,1.1414,1.1418,17.50,4.00
2007.08.08 18:43:24.723,1.1415,1.1418,0.60,4.00
2007.08.08 18:43:25.239,1.1414,1.1418,17.50,4.00
2007.08.08 18:43:27.890,1.14145,1.1418,0.50,4.00
2007.08.08 18:43:28.217,1.14145,1.1418,9.60,4.00
2007.08.08 18:43:28.443,1.1414,1.1418,21.50,4.00
2007.08.08 18:43:34.251,1.1415,1.1418,8.00,4.00
2007.08.08 18:43:34.365,1.1415,1.1419,8.00,11.90
2007.08.08 18:43:34.464,1.14145,1.1419,8.00,18.30
2007.08.08 18:43:34.504,1.14145,1.1419,1.50,18.30
2007.08.08 18:43:34.738,1.1414,1.1419,19.90,11.90
2007.08.08 18:43:35.281,1.1414,1.1419,19.90,18.30
2007.08.08 18:43:35.815,1.1415,1.1419,0.80,22.30
2007.08.08 18:43:35.927,1.1415,1.1418,1.20,4.00
2007.08.08 18:43:36.056,1.1414,1.1418,17.50,4.00
2007.08.08 18:43:46.766,1.1415,1.14195,2.20,6.40
2007.08.08 18:43:46.848,1.1414,1.1418,4.90,15.90
2007.08.08 18:43:50.751,1.1414,1.1418,9.60,15.90
2007.08.08 18:43:50.824,1.1415,1.1418,0.80,4.00
2007.08.08 18:43:51.287,1.1415,1.1418,3.90,4.00
2007.08.08 18:43:52.375,1.1414,1.1419,17.50,15.90
2007.08.08 18:43:54.341,1.1414,1.1418,17.50,4.00
2007.08.08 18:43:54.483,1.14145,1.1418,9.60,4.00
2007.08.08 18:43:54.729,1.1415,1.1418,0.50,4.00
2007.08.08 18:43:56.313,1.1414,1.1419,17.50,15.90
2007.08.08 18:43:59.749,1.1414,1.1419,17.50,15.90
2007.08.08 18:43:59.856,1.1414,1.1421,17.50,8.00
2007.08.08 18:44:00.063,1.1414,1.1418,21.50,4.00
2007.08.08 18:44:02.187,1.1413,1.1418,25.50,4.00
2007.08.08 18:44:02.346,1.1414,1.1418,1.10,15.90
2007.08.08 18:44:11.262,1.1415,1.1418,1.60,4.00
2007.08.08 18:44:11.378,1.1415,1.14185,1.60,6.40
2007.08.08 18:44:11.555,1.1415,1.1419,1.60,18.30
2007.08.08 18:44:11.780,1.1415,1.1419,1.60,22.30
2007.08.08 18:44:11.818,1.1415,1.1419,9.60,15.90
2007.08.08 18:44:11.888,1.1415,1.1418,9.60,4.00
2007.08.08 18:44:15.124,1.1415,1.1418,1.60,4.00
2007.08.08 18:44:15.201,1.14145,1.1418,8.00,4.00
2007.08.08 18:44:15.314,1.14145,1.1421,8.00,8.00
2007.08.08 18:44:20.597,1.1414,1.1421,21.50,8.00
2007.08.08 18:44:23.047,1.1414,1.14185,3.20,6.40
2007.08.08 18:44:23.304,1.1414,1.1418,4.30,15.90
2007.08.08 18:44:29.325,1.1411,1.1418,8.00,4.00
2007.08.08 18:44:29.425,1.1414,1.14185,2.30,6.40
2007.08.08 18:44:29.448,1.1414,1.1419,21.50,18.30
2007.08.08 18:44:29.734,1.14145,1.1419,9.60,18.30
2007.08.08 18:44:29.854,1.14145,1.1419,11.20,22.30
2007.08.08 18:44:29.937,1.14145,1.1418,11.20,4.00
2007.08.08 18:44:29.948,1.1414,1.1418,19.10,4.00
2007.08.08 18:44:32.335,1.1414,1.1419,19.10,15.90
2007.08.08 18:44:36.746,1.1414,1.14195,30.30,22.30
2007.08.08 18:44:43.957,1.1415,1.1418,0.70,0.90
2007.08.08 18:44:48.926,1.1415,1.1419,11.20,0.70
2007.08.08 18:44:51.314,1.1415,1.1418,11.20,0.60
2007.08.08 18:44:52.346,1.1415,1.14195,11.20,22.30
2007.08.08 18:44:58.323,1.14155,1.142,8.00,22.30
2007.08.08 18:44:58.454,1.1416,1.142,3.20,22.30
2007.08.08 18:44:58.526,1.1416,1.1419,11.20,0.80
2007.08.08 18:44:58.789,1.1416,1.14195,3.20,10.40
2007.08.08 18:44:58.868,1.1416,1.14195,1.60,22.30
2007.08.08 18:45:03.342,1.1415,1.1419,9.60,0.80
2007.08.08 18:45:03.368,1.1415,1.1421,1.60,0.70
2007.08.08 18:45:03.440,1.14145,1.1419,8.00,22.30
2007.08.08 18:45:03.858,1.1415,1.1419,1.60,22.30
2007.08.08 18:45:03.902,1.1415,1.1419,9.60,15.90
2007.08.08 18:45:03.952,1.1416,1.14195,1.60,22.30
2007.08.08 18:45:10.901,1.1416,1.1418,1.60,4.00
2007.08.08 18:45:11.445,1.14145,1.1418,8.00,4.00
2007.08.08 18:45:14.360,1.1415,1.1418,1.60,4.00
2007.08.08 18:45:14.455,1.1415,1.1418,1.60,15.90
2007.08.08 18:45:14.555,1.1415,1.1417,1.60,4.00
2007.08.08 18:45:23.763,1.14135,1.1417,8.00,4.00
2007.08.08 18:45:24.277,1.14135,1.1418,8.00,22.30
2007.08.08 18:45:24.695,1.1415,1.1418,1.60,22.30
2007.08.08 18:45:25.324,1.1415,1.1417,1.60,4.00
2007.08.08 18:45:25.745,1.14135,1.1417,8.00,4.00
2007.08.08 18:45:26.360,1.14135,1.1418,8.00,22.30
2007.08.08 18:45:31.238,1.1415,1.1418,1.60,22.30
2007.08.08 18:45:31.752,1.14135,1.1418,8.00,22.30
2007.08.08 18:45:31.964,1.14135,1.1417,8.00,4.00
2007.08.08 18:45:31.975,1.1415,1.1417,1.60,4.00
2007.08.08 18:45:32.209,1.14135,1.1417,8.00,4.00
2007.08.08 18:45:32.276,1.1415,1.1418,1.60,22.30
2007.08.08 18:45:33.242,1.1415,1.1418,1.60,15.90
2007.08.08 18:45:33.395,1.1415,1.1417,1.60,4.00
2007.08.08 18:45:33.930,1.1415,1.1417,0.50,4.00
2007.08.08 18:45:44.739,1.1413,1.1417,17.50,4.00
2007.08.08 18:45:45.345,1.1413,1.14175,17.50,6.40
2007.08.08 18:45:47.919,1.14135,1.1417,4.20,4.00
2007.08.08 18:45:50.316,1.14135,1.14175,11.20,6.40
2007.08.08 18:45:50.351,1.14135,1.1418,11.20,22.30
2007.08.08 18:45:50.421,1.1414,1.1417,1.60,4.00
2007.08.08 18:46:11.757,1.14145,1.1417,8.00,4.00
2007.08.08 18:46:11.875,1.1415,1.1419,11.10,6.40
2007.08.08 18:46:12.274,1.1415,1.1418,11.10,4.00
2007.08.08 18:46:25.866,1.1415,1.1419,11.10,10.40
2007.08.08 18:46:26.237,1.1415,1.1419,0.90,10.40
2007.08.08 18:46:26.279,1.14145,1.1418,19.10,4.00
2007.08.08 18:46:36.251,1.1416,1.1418,1.50,4.00
2007.08.08 18:46:36.269,1.1416,1.142,2.70,10.40
2007.08.08 18:46:36.458,1.14155,1.1419,17.50,4.00
2007.08.08 18:46:40.813,1.14155,1.1419,15.90,4.00
2007.08.08 18:46:41.731,1.1416,1.1419,4.60,4.00
2007.08.08 18:46:57.727,1.1416,1.1419,7.90,4.00
2007.08.08 18:47:01.584,1.1416,1.1419,7.90,0.50
2007.08.08 18:47:12.936,1.1416,1.1421,7.90,0.90
2007.08.08 18:47:13.273,1.1415,1.1419,9.50,10.40
2007.08.08 18:47:13.485,1.1415,1.1419,9.50,0.50
2007.08.08 18:47:14.209,1.1415,1.1419,9.50,10.40
2007.08.08 18:47:56.803,1.1416,1.1418,7.90,4.00
2007.08.08 18:47:56.921,1.1416,1.1419,7.90,10.40
2007.08.08 18:47:56.927,1.1416,1.1419,7.90,4.00
2007.08.08 18:47:58.282,1.1416,1.1419,9.50,4.00
2007.08.08 18:47:59.310,1.1416,1.142,9.50,6.40
2007.08.08 18:48:05.214,1.1416,1.142,7.90,6.40
2007.08.08 18:48:05.319,1.1416,1.1419,7.90,4.00
2007.08.08 18:48:06.797,1.1416,1.1419,2.40,4.00
2007.08.08 18:48:17.958,1.1416,1.1421,7.90,15.90
2007.08.08 18:48:18.480,1.1416,1.14185,7.90,6.40
2007.08.08 18:48:21.426,1.1416,1.1421,7.90,15.90
2007.08.08 18:48:22.326,1.1416,1.1418,7.90,4.00
2007.08.08 18:48:22.422,1.1416,1.1421,7.90,19.90
2007.08.08 18:48:23.245,1.1416,1.14185,7.90,6.40
2007.08.08 18:48:29.193,1.1416,1.1419,7.90,4.00
2007.08.08 18:48:29.266,1.1416,1.14195,7.90,6.40
2007.08.08 18:48:29.389,1.1416,1.1419,7.90,4.00
2007.08.08 18:48:34.858,1.1416,1.1419,1.60,4.00
2007.08.08 18:48:39.844,1.1415,1.1419,15.90,4.00
2007.08.08 18:48:39.961,1.1415,1.14195,15.90,6.40
2007.08.08 18:48:40.137,1.1415,1.1418,7.90,4.00
2007.08.08 18:48:40.787,1.1416,1.1418,7.90,4.00
2007.08.08 18:48:40.994,1.1416,1.14185,7.90,6.40
2007.08.08 18:48:41.774,1.1416,1.1419,7.90,10.40
2007.08.08 18:48:52.020,1.1416,1.14185,7.90,6.40
2007.08.08 18:48:52.320,1.1416,1.1419,7.90,10.40
2007.08.08 18:48:52.354,1.1415,1.1419,7.90,10.40
2007.08.08 18:48:53.844,1.14145,1.1418,8.00,11.90
2007.08.08 18:48:53.891,1.1414,1.1418,1.60,18.30
2007.08.08 18:48:54.383,1.1414,1.1418,15.10,6.40
2007.08.08 18:48:54.460,1.1414,1.1418,15.10,10.40
2007.08.08 18:48:54.785,1.1415,1.142,11.90,15.90
2007.08.08 18:48:54.804,1.1415,1.1418,11.90,4.00
2007.08.08 18:48:54.991,1.1415,1.14185,11.90,6.40
2007.08.08 18:48:55.074,1.1415,1.1419,11.90,10.40
2007.08.08 18:48:55.820,1.14145,1.1419,8.00,18.30
2007.08.08 18:48:55.855,1.1414,1.14185,23.10,6.40
2007.08.08 18:48:56.329,1.1414,1.14185,19.10,6.40
2007.08.08 18:48:56.416,1.14145,1.1419,8.00,22.30
2007.08.08 18:48:57.485,1.1414,1.14185,19.10,6.40
2007.08.08 18:48:58.301,1.1415,1.1418,1.60,11.90
2007.08.08 18:48:58.466,1.1415,1.1418,1.60,15.90
2007.08.08 18:48:58.475,1.1415,1.142,1.60,8.00
2007.08.08 18:49:01.003,1.1415,1.1417,1.60,4.00
2007.08.08 18:49:01.406,1.1414,1.1417,1.60,4.00
2007.08.08 18:49:01.504,1.1413,1.14175,17.50,6.40
2007.08.08 18:49:01.722,1.1413,1.14175,15.90,6.40
2007.08.08 18:49:01.826,1.1417,1.1419,7.90,8.00
2007.08.08 18:49:01.927,1.1417,1.1419,9.50,8.00
2007.08.08 18:49:02.020,1.1417,1.14215,17.50,6.40
2007.08.08 18:49:02.283,1.14175,1.1424,8.00,8.00
2007.08.08 18:49:02.340,1.1416,1.1421,11.90,11.90
2007.08.08 18:49:02.446,1.1416,1.1421,7.90,11.90
2007.08.08 18:49:02.565,1.14165,1.1421,8.00,18.30
2007.08.08 18:49:02.835,1.1417,1.1421,8.00,11.90
2007.08.08 18:49:02.868,1.1417,1.14215,15.90,6.40
2007.08.08 18:49:03.796,1.1417,1.14215,19.90,6.40
2007.08.08 18:49:03.905,1.1417,1.1423,19.90,19.90
2007.08.08 18:49:03.939,1.1418,1.14225,8.00,6.40
2007.08.08 18:49:04.802,1.14175,1.1422,8.00,6.40
2007.08.08 18:49:04.838,1.14175,1.1424,8.00,4.00
2007.08.08 18:49:04.942,1.14175,1.1425,8.00,4.00
2007.08.08 18:49:07.821,1.14175,1.1421,8.00,11.90
2007.08.08 18:49:07.938,1.1417,1.1421,9.60,11.90
2007.08.08 18:49:08.456,1.1417,1.1421,9.60,15.90
2007.08.08 18:49:08.732,1.14175,1.1421,8.00,15.90
2007.08.08 18:49:09.003,1.1417,1.1421,9.60,15.90
2007.08.08 18:49:09.271,1.1417,1.14205,1.60,6.40
2007.08.08 18:49:09.287,1.1414,1.14205,4.00,6.40
2007.08.08 18:49:09.392,1.1416,1.142,17.50,4.00
2007.08.08 18:49:10.325,1.1416,1.14205,17.50,6.40
2007.08.08 18:49:10.434,1.1416,1.142,17.50,4.00
2007.08.08 18:49:13.862,1.14165,1.142,8.00,4.00
2007.08.08 18:49:14.126,1.1416,1.142,17.50,4.00
2007.08.08 18:49:15.399,1.1416,1.142,15.90,5.60
2007.08.08 18:49:15.518,1.1416,1.142,6.60,12.00
2007.08.08 18:49:15.812,1.1415,1.1419,11.20,11.90
2007.08.08 18:49:15.932,1.1416,1.1419,2.90,15.90
2007.08.08 18:49:16.102,1.1415,1.1419,11.20,15.90
2007.08.08 18:49:16.299,1.1416,1.1419,3.50,15.90
2007.08.08 18:49:16.358,1.1416,1.142,1.20,15.90
2007.08.08 18:49:16.834,1.1414,1.142,13.50,15.90
2007.08.08 18:49:16.863,1.1417,1.142,17.50,4.00
2007.08.08 18:49:16.973,1.1417,1.1422,19.10,14.40
2007.08.08 18:49:17.068,1.1417,1.1422,23.10,10.40
2007.08.08 18:49:17.135,1.14185,1.1422,2.20,4.00
2007.08.08 18:49:17.297,1.14185,1.1423,1.60,18.30
2007.08.08 18:49:17.471,1.1418,1.1422,4.40,6.40
2007.08.08 18:49:17.719,1.1418,1.1423,15.90,18.30
2007.08.08 18:49:17.807,1.1419,1.1423,2.60,6.40
2007.08.08 18:49:18.265,1.1418,1.14235,17.50,6.40
2007.08.08 18:49:19.076,1.1418,1.1423,17.50,6.40
2007.08.08 18:49:19.353,1.1418,1.1422,11.20,11.90
2007.08.08 18:49:19.364,1.1417,1.1422,23.10,11.90
2007.08.08 18:49:19.745,1.1417,1.1422,23.10,11.90
2007.08.08 18:49:19.843,1.1418,1.1424,19.80,21.50
2007.08.08 18:49:19.935,1.1419,1.1423,3.10,6.40
2007.08.08 18:49:22.547,1.1419,1.1424,1.50,21.50
2007.08.08 18:49:27.330,1.1417,1.1422,6.30,11.90
2007.08.08 18:49:27.369,1.1417,1.1424,21.50,9.60
2007.08.08 18:49:27.638,1.1418,1.1422,1.20,18.30
2007.08.08 18:49:29.700,1.1417,1.1424,17.50,8.00
2007.08.08 18:49:30.436,1.1418,1.1424,19.80,19.90
2007.08.08 18:49:30.587,1.1418,1.1422,19.80,1.60
2007.08.08 18:49:30.660,1.1419,1.1423,1.30,6.40
2007.08.08 18:49:31.856,1.14185,1.1423,15.90,6.40
2007.08.08 18:49:33.237,1.1419,1.1423,4.50,6.40
2007.08.08 18:49:34.678,1.1419,1.1423,7.20,6.40
2007.08.08 18:49:34.983,1.1419,1.1423,0.50,6.40
2007.08.08 18:49:35.253,1.1418,1.1423,21.40,6.40
2007.08.08 18:49:35.410,1.142,1.1425,2.60,17.50
2007.08.08 18:49:35.499,1.142,1.1424,5.60,6.40
2007.08.08 18:49:39.821,1.142,1.1425,2.30,17.50
2007.08.08 18:49:39.979,1.1419,1.1423,2.90,6.40
2007.08.08 18:49:40.264,1.1418,1.1425,17.50,8.00
2007.08.08 18:49:40.423,1.14185,1.1425,9.60,8.00
2007.08.08 18:49:41.945,1.1419,1.1423,5.70,6.40
2007.08.08 18:49:42.065,1.1419,1.1424,19.90,23.90
2007.08.08 18:49:42.156,1.1419,1.1424,19.90,19.90
2007.08.08 18:49:42.277,1.142,1.1424,0.80,6.40
2007.08.08 18:49:42.345,1.1419,1.1425,19.90,17.50
2007.08.08 18:49:42.369,1.1419,1.1423,3.10,6.40
2007.08.08 18:49:48.209,1.1419,1.1423,7.90,6.40
2007.08.08 18:49:48.284,1.1419,1.1425,1.60,8.00
2007.08.08 18:49:50.205,1.14185,1.1425,9.60,8.00
2007.08.08 18:49:52.047,1.1418,1.1425,17.50,8.00
2007.08.08 18:49:52.215,1.1419,1.1423,0.80,18.30
2007.08.08 18:49:52.322,1.1415,1.1423,8.00,6.40
2007.08.08 18:49:53.762,1.1419,1.1425,0.80,8.00
2007.08.08 18:49:53.908,1.1418,1.14225,0.80,6.40
2007.08.08 18:49:56.855,1.14185,1.14225,3.30,6.40
2007.08.08 18:49:57.081,1.1418,1.1423,15.90,18.30
2007.08.08 18:49:57.808,1.1419,1.1423,2.40,6.40
2007.08.08 18:49:57.912,1.1417,1.1423,2.30,6.40
2007.08.08 18:49:58.205,1.1415,1.14235,8.00,6.40
2007.08.08 18:50:02.394,1.1419,1.1424,19.90,14.30
2007.08.08 18:50:04.436,1.1419,1.1423,7.60,6.40
2007.08.08 18:50:04.740,1.1419,1.1423,4.80,6.40
2007.08.08 18:50:04.753,1.1418,1.1423,15.90,18.30
2007.08.08 18:50:05.886,1.1419,1.1423,3.50,6.40
2007.08.08 18:50:16.775,1.1419,1.1424,1.80,7.90
2007.08.08 18:50:16.782,1.1418,1.1424,19.90,9.50
2007.08.08 18:50:16.991,1.1418,1.1424,19.90,13.50
2007.08.08 18:50:17.190,1.1419,1.1422,5.10,1.60
2007.08.08 18:50:18.066,1.1417,1.1422,4.00,1.60
2007.08.08 18:50:18.361,1.1417,1.14235,4.00,6.40
2007.08.08 18:50:21.008,1.1419,1.1422,11.90,1.60
2007.08.08 18:50:23.850,1.1417,1.14235,4.00,6.40
2007.08.08 18:50:27.151,1.14185,1.1422,8.00,1.60
2007.08.08 18:50:30.729,1.1419,1.1422,8.00,1.60
2007.08.08 18:50:30.791,1.1419,1.1422,15.90,1.60
2007.08.08 18:50:33.289,1.14185,1.1422,8.00,1.60
2007.08.08 18:50:53.063,1.1419,1.1423,9.50,6.40
2007.08.08 18:50:53.236,1.1419,1.14235,17.50,6.40
2007.08.08 18:50:54.243,1.14195,1.1424,8.00,18.30
2007.08.08 18:50:57.041,1.1419,1.14235,17.50,6.40
2007.08.08 18:50:57.132,1.1419,1.1423,8.00,11.90
2007.08.08 18:50:57.310,1.14185,1.1425,8.00,8.00
2007.08.08 18:50:57.333,1.14185,1.1423,8.00,18.30
2007.08.08 18:50:57.739,1.14185,1.1422,8.00,1.60
2007.08.08 18:50:57.842,1.1418,1.1422,7.90,8.00
2007.08.08 18:51:06.010,1.14185,1.1422,8.00,1.60
2007.08.08 18:51:06.550,1.1418,1.1422,15.90,1.60
2007.08.08 18:51:07.057,1.14185,1.1422,8.00,1.60
2007.08.08 18:51:08.395,1.1418,1.1422,15.90,1.60
2007.08.08 18:51:09.457,1.1418,1.1422,7.90,8.00
2007.08.08 18:51:12.315,1.1418,1.14215,7.90,6.40
2007.08.08 18:51:12.568,1.1418,1.1421,7.90,6.40
2007.08.08 18:51:12.593,1.1417,1.1421,25.40,6.40
2007.08.08 18:51:15.266,1.1419,1.1421,2.40,6.40
2007.08.08 18:51:15.589,1.1417,1.1421,15.10,6.40
2007.08.08 18:51:18.555,1.14165,1.1421,21.50,6.40
2007.08.08 18:51:22.392,1.1416,1.14215,25.50,6.40
2007.08.08 18:51:22.610,1.1417,1.14215,21.50,6.40
2007.08.08 18:51:22.655,1.1418,1.1422,4.90,8.00
2007.08.08 18:51:22.716,1.1418,1.1422,1.60,6.40
2007.08.08 18:51:23.015,1.1418,1.1422,0.70,18.30
2007.08.08 18:51:23.123,1.14175,1.1422,2.10,18.30
2007.08.08 18:51:23.837,1.1416,1.1422,17.40,11.90
2007.08.08 18:51:23.856,1.1418,1.1423,15.90,26.30
2007.08.08 18:51:23.951,1.14185,1.1423,2.40,22.30
2007.08.08 18:51:24.799,1.1416,1.1422,17.40,11.90
2007.08.08 18:51:24.833,1.1417,1.1422,21.50,18.30
2007.08.08 18:51:25.013,1.1417,1.1422,17.50,22.30
2007.08.08 18:51:27.581,1.14175,1.1422,21.50,10.40
2007.08.08 18:51:27.700,1.14145,1.14225,5.00,6.40
2007.08.08 18:51:30.702,1.1417,1.14225,25.50,6.40
2007.08.08 18:51:30.900,1.14175,1.1421,19.90,4.00
2007.08.08 18:51:34.433,1.14175,1.1421,0.70,4.00
2007.08.08 18:51:34.579,1.1416,1.1421,25.50,4.00
2007.08.08 18:51:34.632,1.1416,1.14215,25.40,6.40
2007.08.08 18:51:35.256,1.1416,1.1421,25.40,4.00
2007.08.08 18:51:35.366,1.1416,1.14215,25.40,6.40
2007.08.08 18:51:35.784,1.1416,1.14215,25.40,6.40
2007.08.08 18:51:35.880,1.1417,1.1421,1.90,4.00
2007.08.08 18:51:36.194,1.1416,1.1421,21.40,5.60
2007.08.08 18:51:36.275,1.14165,1.1421,15.90,12.00
2007.08.08 18:51:36.826,1.14165,1.1421,2.10,23.90
2007.08.08 18:51:37.059,1.14165,1.142,1.20,4.00
2007.08.08 18:51:37.068,1.1415,1.142,21.40,4.00
2007.08.08 18:51:37.853,1.1415,1.14205,21.40,6.40
2007.08.08 18:51:38.274,1.1415,1.142,21.40,4.00
2007.08.08 18:51:38.982,1.14165,1.142,2.80,4.00
2007.08.08 18:51:39.234,1.1415,1.142,21.40,4.00
2007.08.08 18:51:41.086,1.1417,1.142,0.70,4.00
2007.08.08 18:51:41.180,1.1416,1.142,2.70,4.00
2007.08.08 18:51:43.070,1.1416,1.14195,9.50,6.40
2007.08.08 18:51:43.253,1.1415,1.14195,17.50,6.40
2007.08.08 18:51:43.377,1.1415,1.1419,17.50,4.00
2007.08.08 18:51:46.170,1.1415,1.1419,9.50,10.40
2007.08.08 18:51:46.280,1.14145,1.1421,8.00,4.00
2007.08.08 18:51:46.376,1.14145,1.1418,8.00,4.00
2007.08.08 18:51:46.423,1.1414,1.1418,17.50,4.00
2007.08.08 18:51:46.935,1.14145,1.1418,8.00,4.00
2007.08.08 18:51:47.210,1.1414,1.1418,17.50,4.00
2007.08.08 18:51:47.924,1.1414,1.14185,17.50,6.40
2007.08.08 18:51:48.346,1.1414,1.1418,17.50,4.00
2007.08.08 18:51:50.007,1.1414,1.1418,17.50,0.80
2007.08.08 18:51:52.792,1.1415,1.14185,7.90,10.40
2007.08.08 18:51:53.004,1.1415,1.1419,7.90,0.50
2007.08.08 18:51:53.840,1.1415,1.1419,9.50,0.90
2007.08.08 18:51:53.933,1.1415,1.1419,17.50,0.60
2007.08.08 18:51:53.959,1.1415,1.142,17.50,19.90
2007.08.08 18:51:54.447,1.1415,1.14195,17.50,10.40
2007.08.08 18:51:58.808,1.1415,1.14195,15.90,10.40
2007.08.08 18:51:58.922,1.14145,1.142,8.00,23.90
2007.08.08 18:51:59.106,1.1415,1.14195,8.00,22.30
2007.08.08 18:51:59.613,1.14145,1.142,8.00,23.90
2007.08.08 18:51:59.645,1.14145,1.142,8.00,23.80
2007.08.08 18:51:59.870,1.14145,1.142,8.00,23.80
2007.08.08 18:52:00.066,1.14145,1.1419,8.00,19.90
2007.08.08 18:52:00.574,1.1412,1.14185,4.00,10.40
2007.08.08 18:52:02.763,1.1414,1.1418,17.50,0.90
2007.08.08 18:52:03.091,1.1415,1.1419,8.00,15.90
2007.08.08 18:52:03.272,1.1415,1.14195,8.00,22.30
2007.08.08 18:52:03.698,1.1415,1.14195,9.60,22.30
2007.08.08 18:52:03.808,1.1412,1.1419,4.00,0.90
2007.08.08 18:52:04.234,1.1416,1.1419,1.60,0.80
2007.08.08 18:52:04.321,1.1416,1.142,3.20,22.30
2007.08.08 18:52:04.750,1.1416,1.14195,15.10,10.40
2007.08.08 18:52:05.075,1.1412,1.14205,4.00,10.40
2007.08.08 18:52:06.887,1.1413,1.1421,4.00,14.30
2007.08.08 18:52:10.201,1.14165,1.1422,8.00,22.20
2007.08.08 18:52:10.230,1.1417,1.1422,1.60,22.30
2007.08.08 18:52:11.476,1.1417,1.1421,1.60,22.30
2007.08.08 18:52:11.892,1.1417,1.1422,1.60,22.30
2007.08.08 18:52:12.308,1.1417,1.1421,1.60,22.30
2007.08.08 18:52:13.400,1.1417,1.1421,9.60,22.30
2007.08.08 18:52:13.426,1.1417,1.1422,9.60,26.30
2007.08.08 18:52:13.892,1.1417,1.1422,1.60,26.30
2007.08.08 18:52:13.978,1.1417,1.142,1.60,0.70
2007.08.08 18:52:14.453,1.1417,1.1422,1.60,26.30
2007.08.08 18:52:16.868,1.1417,1.1421,1.60,22.30
2007.08.08 18:52:18.086,1.1417,1.142,0.50,4.00
2007.08.08 18:52:18.331,1.1416,1.142,21.50,4.00
2007.08.08 18:52:19.770,1.1417,1.142,0.60,4.00
2007.08.08 18:52:20.296,1.14165,1.142,1.10,4.00
2007.08.08 18:52:23.254,1.1416,1.142,21.50,4.00
2007.08.08 18:52:23.406,1.1413,1.1421,2.10,4.00
2007.08.08 18:52:27.754,1.1417,1.1421,0.50,11.90
2007.08.08 18:52:27.914,1.1416,1.1421,21.50,18.30
2007.08.08 18:52:28.811,1.1416,1.1421,21.50,11.90
2007.08.08 18:52:31.178,1.14125,1.14205,5.00,6.40
2007.08.08 18:52:31.214,1.1416,1.1419,4.40,4.00
2007.08.08 18:52:31.298,1.14105,1.14205,5.00,6.40
2007.08.08 18:52:31.387,1.1412,1.142,2.10,4.00
2007.08.08 18:52:39.789,1.1413,1.142,0.80,4.00
2007.08.08 18:52:40.002,1.1415,1.142,23.00,4.00
2007.08.08 18:52:40.704,1.14165,1.142,0.70,4.00
2007.08.08 18:52:41.945,1.14165,1.14205,2.30,6.40
2007.08.08 18:52:43.424,1.1416,1.142,19.10,4.00
2007.08.08 18:52:44.439,1.1416,1.14205,21.50,6.40
2007.08.08 18:52:44.456,1.1415,1.142,23.10,6.40
2007.08.08 18:52:45.906,1.1415,1.142,23.10,10.40
2007.08.08 18:52:46.746,1.1413,1.142,4.00,10.40
2007.08.08 18:52:47.270,1.1416,1.142,17.50,10.40
2007.08.08 18:52:47.325,1.14165,1.142,8.00,4.00
2007.08.08 18:52:47.839,1.1416,1.142,17.50,4.00
2007.08.08 18:52:47.860,1.1416,1.142,21.50,4.00
2007.08.08 18:52:48.108,1.1416,1.142,21.50,10.40
2007.08.08 18:52:48.413,1.1416,1.142,21.50,0.50
2007.08.08 18:52:48.622,1.14165,1.142,8.00,4.00
2007.08.08 18:52:48.694,1.1418,1.142,11.90,4.00
2007.08.08 18:52:48.798,1.1418,1.1421,13.50,6.40
2007.08.08 18:52:48.930,1.1418,1.1422,21.50,4.00
2007.08.08 18:52:49.109,1.1418,1.1422,21.50,8.00
2007.08.08 18:52:49.220,1.1418,1.1422,21.50,4.00
2007.08.08 18:52:50.508,1.14185,1.1422,8.00,4.00
2007.08.08 18:52:54.720,1.14185,1.1421,8.00,7.90
2007.08.08 18:52:54.810,1.1417,1.1421,7.20,7.90
2007.08.08 18:52:54.860,1.1418,1.1421,8.00,7.90
2007.08.08 18:52:55.342,1.1418,1.1421,8.00,11.90
2007.08.08 18:52:55.434,1.1417,1.1421,11.20,11.90
2007.08.08 18:52:56.260,1.1417,1.1421,8.00,13.50
2007.08.08 18:52:56.395,1.14165,1.1423,8.00,4.00
2007.08.08 18:52:57.817,1.1416,1.14205,19.90,6.40
2007.08.08 18:52:57.838,1.1416,1.14205,15.90,6.40
2007.08.08 18:52:57.944,1.1416,1.14205,17.50,6.40
2007.08.08 18:52:58.387,1.1417,1.1421,8.00,13.50
2007.08.08 18:52:58.757,1.1417,1.1421,8.00,9.50
2007.08.08 18:52:59.077,1.14165,1.14205,8.00,6.40
2007.08.08 18:52:59.418,1.1417,1.1421,8.00,18.30
2007.08.08 18:53:00.235,1.1417,1.1421,8.00,11.90
2007.08.08 18:53:00.407,1.1417,1.1421,8.00,7.90
2007.08.08 18:53:00.921,1.1417,1.1421,8.00,11.90
2007.08.08 18:53:01.221,1.14165,1.1421,8.00,18.30
2007.08.08 18:53:01.245,1.14165,1.1421,8.00,19.90
2007.08.08 18:53:02.000,1.1417,1.1421,8.00,13.50
2007.08.08 18:53:02.393,1.1413,1.1421,4.00,4.00
2007.08.08 18:53:03.332,1.1414,1.1421,4.00,4.00
2007.08.08 18:53:04.434,1.1417,1.1421,13.50,10.40
2007.08.08 18:53:04.712,1.1414,1.1421,4.00,4.00
2007.08.08 18:53:14.796,1.14175,1.1421,8.00,4.00
2007.08.08 18:53:15.045,1.1414,1.1421,4.00,4.00
2007.08.08 18:53:15.320,1.1417,1.1421,13.50,4.00
2007.08.08 18:53:20.691,1.14175,1.1421,8.00,4.00
2007.08.08 18:53:20.945,1.1417,1.1421,13.50,4.00
2007.08.08 18:53:21.228,1.1418,1.1421,8.00,4.00
2007.08.08 18:53:21.743,1.1414,1.1421,4.00,4.00
2007.08.08 18:53:22.262,1.1414,1.1421,4.00,10.40
2007.08.08 18:53:22.571,1.1417,1.1421,13.50,4.00
2007.08.08 18:53:22.811,1.1414,1.1421,4.00,4.00
2007.08.08 18:53:23.065,1.1414,1.1421,4.00,10.40
2007.08.08 18:53:23.352,1.14175,1.1421,8.00,4.00
2007.08.08 18:53:23.874,1.1414,1.1421,4.00,4.00
2007.08.08 18:53:24.922,1.1417,1.1421,13.50,4.00
2007.08.08 18:53:25.807,1.1419,1.1423,9.60,11.90
2007.08.08 18:53:25.818,1.1416,1.14235,4.00,6.40
2007.08.08 18:53:25.923,1.1416,1.1423,4.00,4.00
2007.08.08 18:53:26.006,1.14195,1.1423,8.00,4.00
2007.08.08 18:53:30.798,1.14195,1.1423,8.00,17.50
2007.08.08 18:53:30.950,1.1419,1.1425,9.60,4.00
2007.08.08 18:53:31.010,1.1419,1.1422,9.60,4.00
2007.08.08 18:53:32.460,1.1417,1.1422,9.50,17.50
2007.08.08 18:53:32.557,1.1419,1.1422,8.00,4.00
2007.08.08 18:53:33.027,1.1418,1.1422,11.90,6.40
2007.08.08 18:53:33.049,1.14185,1.14225,8.00,6.40
2007.08.08 18:53:33.125,1.14185,1.1423,8.00,18.30
2007.08.08 18:53:33.147,1.1418,1.14225,19.90,6.40
2007.08.08 18:53:33.298,1.1418,1.1422,8.00,11.90
2007.08.08 18:53:33.392,1.1418,1.1422,8.00,15.90
2007.08.08 18:53:33.598,1.14175,1.1422,8.00,22.30
2007.08.08 18:53:34.737,1.14175,1.1422,8.00,18.30
2007.08.08 18:53:35.928,1.1417,1.1422,13.50,11.90
2007.08.08 18:53:37.212,1.1418,1.1422,8.00,11.90
2007.08.08 18:53:37.757,1.1414,1.14215,4.00,6.40
2007.08.08 18:53:37.794,1.1417,1.1421,8.00,7.90
2007.08.08 18:53:38.068,1.14165,1.1421,8.00,14.30
2007.08.08 18:53:38.084,1.14165,1.1421,8.00,18.30
2007.08.08 18:53:38.806,1.1416,1.1421,13.50,11.90
2007.08.08 18:53:38.854,1.1416,1.14195,1.60,6.40
2007.08.08 18:53:38.949,1.1415,1.14195,21.50,6.40
2007.08.08 18:53:39.139,1.1415,1.1419,21.50,6.40
2007.08.08 18:53:39.390,1.1412,1.1419,4.00,10.40
2007.08.08 18:53:42.713,1.1416,1.1419,1.60,10.40
2007.08.08 18:53:43.020,1.1416,1.1419,1.60,4.00
2007.08.08 18:53:44.145,1.14155,1.1419,9.60,4.00
2007.08.08 18:53:44.262,1.1415,1.1419,19.10,4.00
2007.08.08 18:53:44.330,1.1416,1.142,9.00,4.00
2007.08.08 18:53:44.458,1.1415,1.142,23.00,4.00
2007.08.08 18:53:44.781,1.1415,1.142,23.00,10.40
2007.08.08 18:53:44.851,1.1415,1.1423,19.10,4.00
2007.08.08 18:53:44.956,1.1415,1.1423,21.50,4.00
2007.08.08 18:53:45.078,1.1415,1.1422,17.50,4.00
2007.08.08 18:53:45.293,1.1413,1.1419,13.40,15.90
2007.08.08 18:53:45.385,1.1414,1.1419,17.50,15.90
2007.08.08 18:53:46.560,1.1414,1.1419,17.50,22.30
2007.08.08 18:53:47.764,1.1415,1.1419,4.40,10.40
2007.08.08 18:53:47.870,1.1415,1.1419,8.40,10.40
2007.08.08 18:53:49.006,1.1415,1.1419,6.20,4.00
2007.08.08 18:53:49.357,1.1415,1.1419,19.90,4.00
2007.08.08 18:53:49.956,1.1415,1.14195,19.90,6.40
2007.08.08 18:53:50.140,1.1415,1.14195,2.20,6.40
2007.08.08 18:53:50.270,1.1414,1.14195,21.40,6.40
2007.08.08 18:53:50.703,1.1415,1.14195,17.50,6.40
2007.08.08 18:53:50.917,1.1416,1.14195,4.90,6.40
2007.08.08 18:53:50.955,1.14155,1.142,21.50,10.40
2007.08.08 18:53:51.384,1.1412,1.142,2.10,4.00
2007.08.08 18:53:52.325,1.1415,1.142,21.50,11.90
2007.08.08 18:53:52.419,1.1415,1.142,21.50,7.90
2007.08.08 18:53:52.949,1.1415,1.142,21.50,11.90
2007.08.08 18:53:53.385,1.1415,1.142,21.50,7.90
2007.08.08 18:53:53.458,1.1413,1.142,17.50,7.90
2007.08.08 18:53:53.997,1.14155,1.142,3.30,14.30
2007.08.08 18:53:55.306,1.14155,1.142,1.90,18.30
2007.08.08 18:53:56.127,1.1415,1.142,21.50,11.90
2007.08.08 18:53:56.264,1.14115,1.142,5.00,4.00
2007.08.08 18:53:59.870,1.1415,1.142,21.40,4.00
2007.08.08 18:53:59.989,1.1416,1.142,4.00,4.00
2007.08.08 18:54:00.065,1.1416,1.142,19.10,4.00
2007.08.08 18:54:04.008,1.1417,1.1422,19.10,19.90
2007.08.08 18:54:04.070,1.1416,1.1421,23.00,4.00
2007.08.08 18:54:04.112,1.1416,1.1421,23.00,4.00
2007.08.08 18:54:07.842,1.14165,1.1421,19.10,10.40
2007.08.08 18:54:08.308,1.14165,1.142,9.60,4.00
2007.08.08 18:54:11.183,1.1417,1.142,3.20,4.00
2007.08.08 18:54:11.228,1.14125,1.14215,5.00,6.40
2007.08.08 18:54:11.441,1.14125,1.1421,5.00,4.00
2007.08.08 18:54:11.765,1.1416,1.1421,23.00,4.00
2007.08.08 18:54:11.975,1.1417,1.1421,19.10,4.00
2007.08.08 18:54:15.839,1.1417,1.1421,11.10,4.00
2007.08.08 18:54:15.933,1.14185,1.14225,8.00,6.40
2007.08.08 18:54:17.399,1.14185,1.1421,8.00,4.00
2007.08.08 18:54:17.470,1.1418,1.1421,11.20,4.00
2007.08.08 18:54:17.505,1.1418,1.1422,9.60,15.90
2007.08.08 18:54:17.826,1.1418,1.1422,1.60,22.30
2007.08.08 18:54:18.114,1.1418,1.14215,1.60,6.40
2007.08.08 18:54:18.388,1.14175,1.14215,8.00,6.40
2007.08.08 18:54:22.444,1.14175,1.1421,8.00,4.00
2007.08.08 18:54:23.543,1.14175,1.1421,8.00,0.60
2007.08.08 18:54:24.360,1.1417,1.1421,15.90,0.80
2007.08.08 18:54:25.873,1.14175,1.1422,8.00,22.30
2007.08.08 18:54:25.931,1.1418,1.1421,11.90,0.90
2007.08.08 18:54:26.014,1.1418,1.1423,11.90,23.90
2007.08.08 18:54:26.345,1.1418,1.1422,11.90,10.40
2007.08.08 18:54:29.004,1.1418,1.14225,19.90,0.50
2007.08.08 18:54:29.314,1.1418,1.1422,11.90,10.40
2007.08.08 18:54:30.558,1.1418,1.14225,19.90,0.60
2007.08.08 18:54:30.713,1.1415,1.14225,4.00,0.90
2007.08.08 18:54:31.890,1.14185,1.1423,8.00,0.80
2007.08.08 18:54:31.915,1.14185,1.1422,8.00,0.60
2007.08.08 18:54:33.956,1.14185,1.1424,8.00,23.80
2007.08.08 18:54:34.807,1.1419,1.1424,13.50,19.90
2007.08.08 18:54:34.817,1.1419,1.1423,21.50,0.60
2007.08.08 18:54:37.267,1.1419,1.14235,21.50,0.50
2007.08.08 18:54:38.171,1.1419,1.1423,21.50,10.40
2007.08.08 18:54:38.236,1.1419,1.1424,21.50,19.90
2007.08.08 18:54:43.517,1.1419,1.1423,17.50,0.60
2007.08.08 18:54:43.518,1.14195,1.1423,8.00,0.90
2007.08.08 18:54:44.312,1.1419,1.1423,17.50,0.70
2007.08.08 18:54:46.516,1.1419,1.1424,15.90,19.90
2007.08.08 18:54:46.623,1.1419,1.1422,7.90,0.70
2007.08.08 18:54:46.951,1.1419,1.1423,7.90,0.70
2007.08.08 18:54:47.598,1.1419,1.1423,7.90,10.40
2007.08.08 18:54:48.529,1.1419,1.1423,7.90,0.70
2007.08.08 18:54:49.276,1.1419,1.1422,7.90,0.70
2007.08.08 18:54:52.969,1.1419,1.1423,9.50,10.40
2007.08.08 18:54:53.099,1.1419,1.1423,17.50,4.00
2007.08.08 18:54:53.622,1.14195,1.1423,8.00,4.00
2007.08.08 18:54:53.939,1.14195,1.1424,8.00,19.90
2007.08.08 18:54:55.955,1.14195,1.1423,8.00,4.00
2007.08.08 18:54:56.032,1.1419,1.1423,17.50,4.00
2007.08.08 18:54:56.285,1.1419,1.1423,17.50,10.40
2007.08.08 18:55:01.386,1.1419,1.1423,9.50,10.40
2007.08.08 18:55:01.455,1.1419,1.1423,1.60,22.30
2007.08.08 18:55:01.550,1.14185,1.1422,8.00,4.00
2007.08.08 18:55:02.419,1.1418,1.1422,11.10,4.00
2007.08.08 18:55:02.514,1.14195,1.14235,8.00,6.40
2007.08.08 18:55:03.254,1.14195,1.1423,8.00,4.00
2007.08.08 18:55:09.475,1.14195,1.14235,8.00,6.40
2007.08.08 18:55:15.849,1.14195,1.1424,8.00,19.90
2007.08.08 18:55:17.403,1.14195,1.1423,8.00,4.00
2007.08.08 18:55:19.964,1.1419,1.1423,17.50,4.00
2007.08.08 18:55:20.038,1.1419,1.1423,21.50,4.00
2007.08.08 18:55:20.226,1.1419,1.1423,21.50,10.40
2007.08.08 18:55:26.581,1.1419,1.1423,21.50,4.00
2007.08.08 18:55:28.788,1.142,1.1423,11.90,4.00
2007.08.08 18:55:31.357,1.14195,1.1423,8.00,4.00
2007.08.08 18:55:31.525,1.1416,1.1423,4.00,4.00
2007.08.08 18:55:33.092,1.1419,1.14225,15.10,6.40
2007.08.08 18:55:33.364,1.1416,1.1422,4.00,4.00
2007.08.08 18:55:33.885,1.14185,1.1422,8.00,4.00
2007.08.08 18:55:34.307,1.14185,1.1423,8.00,18.30
2007.08.08 18:55:34.524,1.1419,1.1423,11.90,10.40
2007.08.08 18:55:34.629,1.1419,1.1423,13.50,10.40
2007.08.08 18:55:34.650,1.1415,1.1423,4.00,4.00
2007.08.08 18:55:36.216,1.1415,1.14235,4.00,10.40
2007.08.08 18:55:44.801,1.1419,1.1423,17.50,4.00
2007.08.08 18:55:44.908,1.1419,1.14235,17.50,6.40
2007.08.08 18:55:45.113,1.14195,1.1424,8.00,19.90
2007.08.08 18:55:53.246,1.14195,1.1423,8.00,4.00
2007.08.08 18:55:54.915,1.14195,1.1424,8.00,19.90
2007.08.08 18:55:57.262,1.14195,1.1424,8.00,0.60
2007.08.08 18:55:58.191,1.14195,1.14235,8.00,0.80
2007.08.08 18:55:59.218,1.14195,1.1424,8.00,0.50
2007.08.08 18:55:59.272,1.142,1.1424,13.50,10.40
2007.08.08 18:56:02.913,1.142,1.1425,13.50,19.90
2007.08.08 18:56:08.235,1.142,1.1424,9.50,0.60
2007.08.08 18:56:09.371,1.142,1.14245,17.50,10.40
2007.08.08 18:56:10.175,1.142,1.1425,9.50,23.90
2007.08.08 18:56:10.697,1.142,1.1425,7.90,23.90
2007.08.08 18:56:10.804,1.142,1.1426,1.60,0.50
2007.08.08 18:56:10.907,1.142,1.1424,1.60,23.90
2007.08.08 18:56:13.485,1.142,1.14235,1.60,0.50
2007.08.08 18:56:14.807,1.14195,1.14235,8.00,0.90
2007.08.08 18:56:14.905,1.14195,1.1423,8.00,0.50
2007.08.08 18:56:23.432,1.1419,1.1423,17.50,0.60
2007.08.08 18:56:27.716,1.1419,1.1423,19.90,4.00
2007.08.08 18:56:27.756,1.1419,1.1423,11.90,10.40
2007.08.08 18:56:27.823,1.1419,1.1422,11.90,4.00
2007.08.08 18:56:30.318,1.1419,1.1423,11.90,10.40
2007.08.08 18:56:32.332,1.1419,1.1422,11.90,4.00
2007.08.08 18:56:34.026,1.1419,1.1423,11.90,10.40
2007.08.08 18:56:34.330,1.1419,1.1422,11.90,4.00
2007.08.08 18:56:36.428,1.1419,1.1423,11.90,10.40
2007.08.08 18:56:39.233,1.1419,1.1423,7.90,10.40
2007.08.08 18:56:39.329,1.1419,1.1423,9.50,10.40
2007.08.08 18:56:39.347,1.1419,1.1423,17.50,4.00
2007.08.08 18:56:39.419,1.1418,1.1423,21.40,4.00
2007.08.08 18:56:46.854,1.1419,1.1423,17.50,10.40
2007.08.08 18:56:47.352,1.1419,1.1423,17.50,4.00
2007.08.08 18:56:47.396,1.1419,1.14235,17.50,6.40
2007.08.08 18:56:47.940,1.1419,1.1423,17.50,4.00
2007.08.08 18:56:50.694,1.1419,1.1423,9.50,10.40
2007.08.08 18:56:50.745,1.14185,1.1425,8.00,4.00
2007.08.08 18:56:50.854,1.14185,1.1422,8.00,4.00
2007.08.08 18:56:52.496,1.1418,1.1422,17.50,4.00
2007.08.08 18:56:57.457,1.1417,1.1422,21.40,4.00
2007.08.08 18:56:59.128,1.1418,1.1422,9.50,10.40
2007.08.08 18:56:59.217,1.1418,1.1422,11.90,10.40
2007.08.08 18:57:09.730,1.14185,1.1422,8.00,4.00
2007.08.08 18:57:09.835,1.1419,1.1422,13.50,4.00
2007.08.08 18:57:10.368,1.1419,1.1423,13.50,10.40
2007.08.08 18:57:10.969,1.1419,1.1423,13.50,6.40
2007.08.08 18:57:12.730,1.1419,1.1423,15.10,6.40
2007.08.08 18:57:12.850,1.142,1.1425,11.90,17.50
2007.08.08 18:57:12.881,1.142,1.1424,11.90,6.40
2007.08.08 18:57:14.746,1.14195,1.1426,8.00,8.00
2007.08.08 18:57:15.049,1.1419,1.1423,15.10,6.40
2007.08.08 18:57:15.348,1.1417,1.14235,4.00,6.40
2007.08.08 18:57:16.105,1.1419,1.1423,15.10,6.40
2007.08.08 18:57:20.346,1.14175,1.1424,8.00,9.50
2007.08.08 18:57:21.388,1.1419,1.1423,15.10,6.40
2007.08.08 18:57:22.311,1.1419,1.1423,1.60,14.30
2007.08.08 18:57:22.504,1.1419,1.14225,1.60,6.40
2007.08.08 18:57:22.742,1.1419,1.1422,1.60,11.90
2007.08.08 18:57:23.427,1.14175,1.1424,8.00,5.60
2007.08.08 18:57:23.829,1.14175,1.1422,8.00,19.90
2007.08.08 18:57:25.230,1.1418,1.1422,11.90,8.00
2007.08.08 18:57:25.325,1.1418,1.1422,13.50,6.40
2007.08.08 18:57:27.038,1.1415,1.14225,4.00,6.40
2007.08.08 18:57:27.308,1.1419,1.1424,11.90,17.50
2007.08.08 18:57:27.427,1.1419,1.1424,11.90,13.50
2007.08.08 18:57:27.725,1.1419,1.1424,13.50,13.50
2007.08.08 18:57:27.904,1.1419,1.1423,13.50,6.40
2007.08.08 18:57:29.714,1.1419,1.1423,9.50,6.40
2007.08.08 18:57:30.059,1.14195,1.1424,8.00,18.30
2007.08.08 18:57:30.231,1.142,1.1424,1.60,19.90
2007.08.08 18:57:30.779,1.1418,1.1423,9.50,11.90
2007.08.08 18:57:30.967,1.14185,1.1423,8.00,18.30
2007.08.08 18:57:34.744,1.1419,1.1423,7.90,6.40
2007.08.08 18:57:34.931,1.1419,1.1423,15.90,6.40
2007.08.08 18:57:35.226,1.1419,1.14235,15.90,6.40
2007.08.08 18:57:36.199,1.1419,1.1423,15.90,6.40
2007.08.08 18:57:36.731,1.1419,1.14235,15.90,6.40
2007.08.08 18:57:38.240,1.1419,1.14235,17.50,6.40
2007.08.08 18:57:38.251,1.14195,1.1424,8.00,18.30
2007.08.08 18:57:38.346,1.142,1.1424,11.90,6.40
2007.08.08 18:57:42.732,1.14195,1.1424,19.90,6.40
2007.08.08 18:57:43.295,1.14195,1.1424,8.00,19.90
2007.08.08 18:57:43.369,1.1419,1.14235,19.10,6.40
2007.08.08 18:57:43.944,1.1419,1.1423,19.10,6.40
2007.08.08 18:57:44.327,1.1419,1.14235,19.10,6.40
2007.08.08 18:57:47.030,1.14195,1.14235,8.00,6.40
2007.08.08 18:57:47.365,1.1419,1.14235,19.10,6.40
2007.08.08 18:57:49.332,1.142,1.1425,11.90,17.50
2007.08.08 18:57:49.389,1.142,1.1424,11.90,6.40
2007.08.08 18:57:49.748,1.14195,1.1424,8.00,18.30
2007.08.08 18:57:49.842,1.14195,1.1424,8.00,19.90
2007.08.08 18:57:49.911,1.1419,1.14235,19.10,6.40
2007.08.08 18:57:50.272,1.142,1.1423,11.90,1.60
2007.08.08 18:57:50.377,1.142,1.14235,11.90,6.40
2007.08.08 18:57:50.440,1.142,1.1424,11.90,8.00
2007.08.08 18:57:50.793,1.1418,1.1423,9.50,13.50
2007.08.08 18:57:50.962,1.14185,1.1423,8.00,19.90
2007.08.08 18:57:52.763,1.1419,1.1423,8.00,13.50
2007.08.08 18:57:52.799,1.1419,1.1423,15.90,1.60
2007.08.08 18:57:56.289,1.1419,1.1423,19.90,1.60
2007.08.08 18:57:56.494,1.1419,1.14225,11.90,6.40
2007.08.08 18:58:00.459,1.1419,1.1423,19.90,1.60
2007.08.08 18:58:05.921,1.1419,1.14225,11.90,6.40
2007.08.08 18:58:06.726,1.1419,1.1423,19.90,1.60
2007.08.08 18:58:07.367,1.1419,1.1423,15.90,1.60
2007.08.08 18:58:07.499,1.14195,1.1423,8.00,1.60
2007.08.08 18:58:08.261,1.1419,1.1423,15.90,1.60
2007.08.08 18:58:09.786,1.1419,1.1423,8.00,13.50
2007.08.08 18:58:09.805,1.1418,1.1422,7.90,6.40
2007.08.08 18:58:10.882,1.1419,1.1423,8.00,13.50
2007.08.08 18:58:13.394,1.1419,1.1423,19.90,1.60
2007.08.08 18:58:13.408,1.14195,1.1423,8.00,1.60
2007.08.08 18:58:14.840,1.1417,1.1422,9.50,13.50
2007.08.08 18:58:14.944,1.1418,1.1422,8.00,19.90
2007.08.08 18:58:23.288,1.14175,1.14215,8.00,6.40
2007.08.08 18:58:23.572,1.1417,1.14215,17.50,6.40
2007.08.08 18:58:24.060,1.14175,1.14215,8.00,6.40
2007.08.08 18:58:25.751,1.1417,1.14215,17.50,6.40
2007.08.08 18:58:29.169,1.1414,1.1418,13.50,4.00
2007.08.08 18:58:29.215,1.14145,1.1418,8.00,1.60
2007.08.08 18:58:29.306,1.14145,1.1418,8.00,5.60
2007.08.08 18:58:29.335,1.1414,1.1418,17.50,5.60
2007.08.08 18:58:29.398,1.1414,1.1418,17.50,1.60
2007.08.08 18:58:29.925,1.1414,1.1418,17.50,5.60
2007.08.08 18:58:30.202,1.1414,1.1418,17.50,12.00
2007.08.08 18:58:30.714,1.1414,1.1418,17.50,5.60
2007.08.08 18:58:37.934,1.1414,1.1417,9.50,6.40
2007.08.08 18:58:37.976,1.14125,1.1416,8.00,11.90
2007.08.08 18:58:38.228,1.1412,1.1416,9.60,11.90
2007.08.08 18:58:38.405,1.1412,1.1416,9.60,15.90
2007.08.08 18:58:38.516,1.1412,1.1416,0.60,15.90
2007.08.08 18:58:42.792,1.14125,1.1416,3.10,15.90
2007.08.08 18:58:42.860,1.14125,1.1416,2.00,4.00
2007.08.08 18:58:42.967,1.1412,1.1417,17.50,25.50
2007.08.08 18:58:46.196,1.1412,1.1417,17.50,19.10
2007.08.08 18:58:46.273,1.1413,1.1417,1.80,17.50
2007.08.08 18:58:46.299,1.1414,1.1417,0.50,15.90
2007.08.08 18:58:47.754,1.1412,1.1417,21.50,13.50
2007.08.08 18:58:48.110,1.14125,1.1417,3.60,19.90
2007.08.08 18:58:48.286,1.1412,1.1416,21.50,4.00
2007.08.08 18:58:49.298,1.1412,1.1417,21.50,19.90
2007.08.08 18:58:50.033,1.1412,1.1416,21.50,4.00
2007.08.08 18:58:50.451,1.1412,1.1417,21.50,19.90
2007.08.08 18:58:50.974,1.1412,1.1416,21.50,4.00
2007.08.08 18:58:51.273,1.1412,1.1417,21.50,19.90
2007.08.08 18:58:51.501,1.1412,1.1417,21.50,21.50
2007.08.08 18:58:51.801,1.14125,1.1417,9.60,23.90
2007.08.08 18:58:51.858,1.1412,1.1417,17.50,17.50
2007.08.08 18:58:53.276,1.1412,1.1416,17.50,4.00
2007.08.08 18:58:53.385,1.1413,1.14175,23.10,6.40
2007.08.08 18:58:53.429,1.14135,1.1418,9.60,15.90
2007.08.08 18:58:53.479,1.1414,1.1417,0.60,4.00
2007.08.08 18:58:54.731,1.14135,1.1417,9.60,11.90
2007.08.08 18:58:55.271,1.14125,1.1417,4.00,18.30
2007.08.08 18:58:55.626,1.14125,1.1417,0.90,0.50
2007.08.08 18:58:59.181,1.1412,1.14175,21.50,18.30
2007.08.08 18:59:00.931,1.1414,1.1417,0.70,0.50
2007.08.08 18:59:01.106,1.14135,1.1419,19.90,23.90
2007.08.08 18:59:01.415,1.14135,1.1419,21.50,19.90
2007.08.08 18:59:01.521,1.14135,1.1419,23.10,18.30
2007.08.08 18:59:02.265,1.14095,1.1419,5.00,18.30
2007.08.08 18:59:04.136,1.1414,1.1418,0.70,0.60
2007.08.08 18:59:04.344,1.1414,1.1418,0.50,0.90
2007.08.08 18:59:09.422,1.1414,1.1418,1.60,12.00
2007.08.08 18:59:09.531,1.14135,1.1418,8.00,13.60
2007.08.08 18:59:09.618,1.1413,1.14175,17.50,12.00
2007.08.08 18:59:11.086,1.1413,1.14175,17.50,8.00
2007.08.08 18:59:12.025,1.1413,1.1417,17.50,0.60
2007.08.08 18:59:13.263,1.1414,1.1418,8.00,7.20
2007.08.08 18:59:13.362,1.1414,1.14185,11.20,0.70
2007.08.08 18:59:13.459,1.1414,1.1418,11.20,0.90
2007.08.08 18:59:15.337,1.1414,1.14185,11.20,0.60
2007.08.08 18:59:16.998,1.1414,1.1419,9.60,12.00
2007.08.08 18:59:17.074,1.1414,1.1418,9.60,0.70
2007.08.08 18:59:17.317,1.1414,1.1418,9.60,0.90
2007.08.08 18:59:17.328,1.1414,1.1419,1.60,12.00
2007.08.08 18:59:17.421,1.1414,1.1419,3.20,12.00
2007.08.08 18:59:17.527,1.1414,1.1418,3.20,0.90
2007.08.08 18:59:17.618,1.1414,1.14185,11.20,0.80
2007.08.08 18:59:18.889,1.1414,1.1418,11.20,0.70
2007.08.08 18:59:21.429,1.1415,1.14185,1.60,10.40
2007.08.08 18:59:21.546,1.1415,1.1419,1.60,0.90
2007.08.08 18:59:25.312,1.1415,1.1419,13.50,6.40
2007.08.08 18:59:25.515,1.1415,1.14195,21.50,6.40
2007.08.08 18:59:25.800,1.1412,1.14195,4.00,6.40
2007.08.08 18:59:26.001,1.1416,1.14195,9.50,6.40
2007.08.08 18:59:26.065,1.1416,1.142,17.50,4.00
2007.08.08 18:59:29.860,1.1416,1.142,21.50,4.00
2007.08.08 18:59:30.343,1.1416,1.142,13.50,10.40
2007.08.08 18:59:34.332,1.1416,1.1419,9.50,4.00
2007.08.08 18:59:34.701,1.1416,1.14205,17.50,6.40
2007.08.08 18:59:34.874,1.1416,1.1419,8.00,4.00
2007.08.08 18:59:34.974,1.1416,1.142,8.00,17.50
2007.08.08 18:59:35.114,1.1415,1.14195,19.10,6.40
2007.08.08 18:59:35.489,1.14155,1.14195,8.00,6.40
2007.08.08 18:59:36.132,1.1415,1.14195,19.10,6.40
2007.08.08 18:59:36.454,1.1415,1.1419,19.10,4.00
2007.08.08 18:59:40.834,1.1412,1.1419,4.00,4.00
2007.08.08 18:59:42.299,1.1415,1.1419,19.10,4.00
2007.08.08 18:59:43.591,1.1415,1.1419,11.10,10.40
2007.08.08 18:59:43.770,1.1415,1.1419,9.50,10.40
2007.08.08 18:59:43.943,1.14145,1.1421,8.00,4.00
2007.08.08 18:59:44.360,1.14145,1.1418,8.00,4.00
2007.08.08 18:59:44.373,1.1414,1.1418,17.50,4.00
2007.08.08 18:59:48.275,1.1414,1.1418,9.50,4.00
2007.08.08 18:59:48.324,1.14155,1.142,8.00,23.90
2007.08.08 18:59:48.434,1.14155,1.1419,8.00,4.00
2007.08.08 18:59:48.962,1.14155,1.142,8.00,23.90
2007.08.08 18:59:49.264,1.1416,1.142,11.90,10.40
2007.08.08 18:59:49.364,1.1416,1.1419,11.90,4.00
2007.08.08 18:59:49.451,1.1416,1.14205,19.90,6.40
2007.08.08 18:59:49.479,1.1416,1.142,19.90,4.00
2007.08.08 18:59:52.250,1.1416,1.142,17.50,4.00
2007.08.08 18:59:52.890,1.1416,1.14205,17.50,6.40
2007.08.08 18:59:53.309,1.1416,1.142,17.50,4.00
2007.08.08 18:59:54.835,1.1416,1.142,21.50,4.00
2007.08.08 18:59:55.274,1.1416,1.142,17.50,4.00
