2009.07.06 18:00:02.400,0.8183,0.81865,13.60,9.80
2009.07.06 18:00:02.871,0.8184,0.8186,5.60,4.80
2009.07.06 18:00:03.050,0.8184,0.8187,5.60,10.60
2009.07.06 18:00:05.259,0.8184,0.8187,13.60,10.60
2009.07.06 18:00:08.038,0.8184,0.8187,13.60,5.80
2009.07.06 18:00:17.206,0.8184,0.81865,13.60,3.20
2009.07.06 18:00:17.386,0.8184,0.81875,13.60,29.80
2009.07.06 18:00:18.886,0.8184,0.81875,5.60,29.80
2009.07.06 18:00:19.116,0.81835,0.8187,21.60,17.60
2009.07.06 18:00:19.346,0.81835,0.8187,21.60,20.80
2009.07.06 18:00:19.566,0.81835,0.8187,21.60,36.80
2009.07.06 18:00:19.856,0.81835,0.8187,21.60,28.80
2009.07.06 18:00:19.966,0.81835,0.8187,21.60,20.80
2009.07.06 18:00:20.076,0.81835,0.8187,21.60,28.80
2009.07.06 18:00:20.186,0.81835,0.8187,21.60,36.80
2009.07.06 18:00:20.346,0.81835,0.81865,21.60,3.20
2009.07.06 18:00:20.576,0.81835,0.81865,13.60,3.20
2009.07.06 18:00:20.876,0.81835,0.81865,13.60,11.20
2009.07.06 18:00:21.055,0.81835,0.81865,5.60,11.20
2009.07.06 18:00:21.686,0.81835,0.81865,21.60,11.20
2009.07.06 18:00:21.865,0.81835,0.81865,21.60,3.20
2009.07.06 18:00:23.975,0.8184,0.81865,8.00,3.20
2009.07.06 18:00:24.805,0.81835,0.81865,21.60,3.20
2009.07.06 18:00:25.834,0.81835,0.81865,21.60,11.20
2009.07.06 18:00:26.014,0.81835,0.81865,21.60,3.20
2009.07.06 18:00:33.272,0.81835,0.8187,21.60,23.20
2009.07.06 18:00:33.912,0.81835,0.81865,16.00,3.20
2009.07.06 18:00:34.133,0.81835,0.81865,13.60,4.00
2009.07.06 18:00:34.312,0.81835,0.8187,21.60,30.60
2009.07.06 18:00:35.162,0.8184,0.8187,5.60,20.80
2009.07.06 18:00:35.452,0.8184,0.81875,13.60,9.80
2009.07.06 18:00:36.272,0.8184,0.81875,13.60,7.20
2009.07.06 18:00:36.502,0.81845,0.81875,21.60,3.20
2009.07.06 18:00:37.441,0.81845,0.8188,21.60,30.60
2009.07.06 18:00:38.081,0.8185,0.8188,5.60,8.00
2009.07.06 18:00:38.421,0.8185,0.81885,5.60,29.80
2009.07.06 18:00:39.161,0.8185,0.81885,8.00,35.40
2009.07.06 18:00:39.391,0.8185,0.8188,8.00,3.20
2009.07.06 18:00:39.571,0.81845,0.8188,21.60,3.20
2009.07.06 18:00:40.901,0.8185,0.8188,5.60,3.20
2009.07.06 18:00:41.191,0.8185,0.8188,5.60,20.00
2009.07.06 18:00:41.371,0.8185,0.81885,8.00,35.40
2009.07.06 18:00:41.591,0.8185,0.8188,8.00,3.20
2009.07.06 18:00:41.881,0.81845,0.8188,21.60,3.20
2009.07.06 18:00:42.110,0.8185,0.8188,5.60,3.20
2009.07.06 18:00:42.470,0.8185,0.81885,5.60,29.00
2009.07.06 18:00:43.160,0.8185,0.81885,13.60,29.00
2009.07.06 18:00:45.290,0.8185,0.81885,5.60,26.40
2009.07.06 18:00:45.470,0.8185,0.81885,5.60,23.20
2009.07.06 18:00:51.548,0.8185,0.81885,13.60,23.20
2009.07.06 18:00:53.747,0.8185,0.81885,5.60,23.20
2009.07.06 18:00:55.177,0.81845,0.8188,24.80,8.00
2009.07.06 18:00:55.357,0.81845,0.8188,24.80,16.00
2009.07.06 18:00:55.467,0.81845,0.8188,21.60,16.00
2009.07.06 18:01:02.476,0.81845,0.8188,21.60,19.20
2009.07.06 18:01:02.866,0.81845,0.8188,21.60,11.20
2009.07.06 18:01:03.206,0.81845,0.8188,21.60,3.20
2009.07.06 18:01:32.838,0.81845,0.81885,25.20,24.80
2009.07.06 18:01:33.068,0.81845,0.8188,25.20,19.20
2009.07.06 18:01:35.607,0.8185,0.8187,8.00,3.20
2009.07.06 18:01:35.778,0.8185,0.8187,8.00,12.00
2009.07.06 18:01:35.897,0.8184,0.8187,10.80,12.00
2009.07.06 18:01:36.008,0.8184,0.81875,5.60,24.00
2009.07.06 18:01:36.577,0.8184,0.8187,5.60,3.20
2009.07.06 18:01:44.505,0.81835,0.8187,21.60,30.60
2009.07.06 18:01:49.144,0.81835,0.8186,16.00,2.60
2009.07.06 18:01:49.315,0.81835,0.81855,16.00,3.20
2009.07.06 18:01:49.484,0.81835,0.81855,8.00,3.20
2009.07.06 18:01:49.784,0.81835,0.81855,8.00,19.20
2009.07.06 18:01:50.424,0.8182,0.8185,13.60,3.20
2009.07.06 18:01:51.304,0.81825,0.8185,5.60,3.20
2009.07.06 18:01:51.664,0.81825,0.81855,21.60,3.20
2009.07.06 18:01:57.462,0.8183,0.8185,5.60,4.80
2009.07.06 18:01:57.802,0.8183,0.8186,5.60,3.20
2009.07.06 18:01:58.602,0.8183,0.81865,5.60,29.80
2009.07.06 18:01:58.942,0.8183,0.81865,13.60,9.00
2009.07.06 18:02:03.822,0.81835,0.81865,13.60,8.00
2009.07.06 18:02:04.221,0.81835,0.8186,5.60,4.80
2009.07.06 18:02:09.389,0.8183,0.81865,13.60,3.20
2009.07.06 18:02:09.449,0.8183,0.8186,13.60,3.20
2009.07.06 18:02:16.188,0.81825,0.8185,5.60,16.00
2009.07.06 18:02:16.538,0.8182,0.8185,14.00,16.00
2009.07.06 18:02:20.777,0.8182,0.8185,22.00,8.00
2009.07.06 18:02:20.956,0.8182,0.8186,22.00,28.00
2009.07.06 18:02:21.117,0.81825,0.8185,5.60,8.00
2009.07.06 18:02:21.296,0.81825,0.8186,21.60,3.20
2009.07.06 18:02:24.446,0.81825,0.8186,21.60,4.00
2009.07.06 18:02:29.455,0.8183,0.8186,5.60,4.00
2009.07.06 18:02:29.744,0.8183,0.8186,5.60,3.20
2009.07.06 18:02:29.974,0.8183,0.8186,13.60,3.20
2009.07.06 18:02:34.433,0.8183,0.81865,13.60,29.80
2009.07.06 18:02:34.824,0.81835,0.81865,5.60,29.80
2009.07.06 18:02:34.993,0.81835,0.81865,5.60,8.00
2009.07.06 18:02:35.223,0.81835,0.8186,5.60,4.80
2009.07.06 18:02:35.853,0.81835,0.8187,13.60,8.00
2009.07.06 18:02:36.193,0.81835,0.81875,21.60,35.40
2009.07.06 18:02:48.280,0.8184,0.8187,5.60,8.00
2009.07.06 18:02:48.630,0.8184,0.8187,13.60,8.00
2009.07.06 18:02:48.790,0.8184,0.81875,13.60,25.80
2009.07.06 18:02:52.779,0.8184,0.81875,8.00,31.40
2009.07.06 18:02:52.899,0.8184,0.8187,8.00,12.00
2009.07.06 18:02:53.009,0.81835,0.8187,21.60,20.00
2009.07.06 18:02:53.129,0.81835,0.8187,13.60,25.60
2009.07.06 18:02:53.299,0.81835,0.8187,5.60,36.80
2009.07.06 18:02:53.589,0.81835,0.81865,5.60,8.00
2009.07.06 18:03:04.946,0.8183,0.81865,12.80,8.00
2009.07.06 18:03:05.057,0.8183,0.81865,12.80,3.20
2009.07.06 18:03:05.226,0.8183,0.81865,12.80,24.00
2009.07.06 18:03:05.346,0.8183,0.8186,8.00,4.80
2009.07.06 18:03:05.516,0.8183,0.81865,8.00,25.60
2009.07.06 18:03:05.626,0.8183,0.8186,8.00,18.40
2009.07.06 18:03:05.916,0.81825,0.8186,25.20,18.40
2009.07.06 18:03:06.566,0.81825,0.8186,25.20,4.00
2009.07.06 18:03:44.087,0.8182,0.81855,22.00,8.00
2009.07.06 18:03:45.346,0.8182,0.81855,22.00,3.20
2009.07.06 18:03:45.876,0.8182,0.81855,22.00,8.00
2009.07.06 18:03:45.986,0.8182,0.8186,22.00,25.60
2009.07.06 18:03:47.276,0.81825,0.81855,21.60,8.00
2009.07.06 18:03:47.556,0.81825,0.8186,21.60,21.60
2009.07.06 18:03:57.523,0.81825,0.8186,21.60,4.00
2009.07.06 18:03:57.693,0.81825,0.8186,25.20,4.00
2009.07.06 18:04:01.362,0.81855,0.81895,33.20,32.20
2009.07.06 18:04:01.772,0.8186,0.81895,13.60,6.60
2009.07.06 18:04:02.062,0.81855,0.8189,33.20,3.20
2009.07.06 18:04:02.302,0.8186,0.8189,13.60,8.00
2009.07.06 18:04:02.582,0.8186,0.81895,13.60,12.80
2009.07.06 18:04:05.901,0.81855,0.81895,37.20,26.40
2009.07.06 18:04:06.021,0.81855,0.8189,33.20,4.00
2009.07.06 18:04:06.431,0.81855,0.8189,25.20,12.00
2009.07.06 18:04:07.801,0.81855,0.8189,25.20,3.20
2009.07.06 18:04:18.328,0.81855,0.8189,28.40,12.00
2009.07.06 18:04:18.449,0.8186,0.8189,13.60,8.00
2009.07.06 18:04:18.678,0.8186,0.81895,13.60,12.80
2009.07.06 18:04:19.008,0.8186,0.81895,8.00,6.40
2009.07.06 18:04:19.248,0.8186,0.8189,8.00,3.20
2009.07.06 18:04:19.608,0.81855,0.8189,25.20,3.20
2009.07.06 18:04:28.846,0.81855,0.81885,24.80,8.00
2009.07.06 18:04:29.006,0.81855,0.81885,21.60,8.00
2009.07.06 18:04:37.334,0.81855,0.8189,21.60,20.00
2009.07.06 18:04:44.122,0.81855,0.81885,8.00,4.00
2009.07.06 18:04:44.242,0.8185,0.81885,17.20,4.00
2009.07.06 18:04:45.292,0.81855,0.8189,5.60,20.00
2009.07.06 18:04:45.472,0.81855,0.8189,21.60,20.00
2009.07.06 18:04:47.941,0.81855,0.81885,21.60,8.00
2009.07.06 18:04:52.710,0.81855,0.8189,21.60,16.00
2009.07.06 18:04:52.870,0.81855,0.8189,24.80,8.00
2009.07.06 18:04:53.280,0.81855,0.81885,24.80,8.00
2009.07.06 18:04:53.580,0.81855,0.8189,24.80,15.20
2009.07.06 18:04:54.150,0.8187,0.8189,5.60,15.20
2009.07.06 18:04:54.370,0.81865,0.819,16.00,10.60
2009.07.06 18:04:54.609,0.8187,0.81905,13.60,6.40
2009.07.06 18:04:56.010,0.8187,0.819,13.60,8.00
2009.07.06 18:04:56.129,0.81875,0.8191,5.60,30.60
2009.07.06 18:04:56.309,0.81875,0.8191,21.60,30.60
2009.07.06 18:04:57.959,0.81875,0.819,21.60,4.80
2009.07.06 18:04:58.349,0.8188,0.8191,8.00,2.60
2009.07.06 18:04:58.579,0.8188,0.81915,8.00,25.80
2009.07.06 18:04:58.798,0.8188,0.81915,8.00,22.60
2009.07.06 18:05:02.608,0.8188,0.81915,13.60,3.20
2009.07.06 18:05:02.838,0.8188,0.8191,13.60,4.80
2009.07.06 18:05:03.297,0.8188,0.8191,16.80,4.80
2009.07.06 18:05:03.637,0.8189,0.8192,5.60,16.80
2009.07.06 18:05:03.987,0.8189,0.8192,13.60,20.00
2009.07.06 18:05:06.697,0.81895,0.8193,5.60,44.20
2009.07.06 18:05:07.146,0.81895,0.8193,5.60,36.20
2009.07.06 18:05:17.434,0.81895,0.81925,5.60,3.20
2009.07.06 18:05:18.304,0.81895,0.8193,5.60,16.00
2009.07.06 18:05:18.654,0.81895,0.81925,21.60,8.00
2009.07.06 18:05:18.884,0.819,0.8193,5.60,16.00
2009.07.06 18:05:19.064,0.819,0.81935,5.60,25.80
2009.07.06 18:05:19.344,0.819,0.81935,13.60,33.80
2009.07.06 18:05:19.574,0.819,0.81935,5.60,25.80
2009.07.06 18:05:21.393,0.81905,0.81935,5.60,25.80
2009.07.06 18:05:21.453,0.81905,0.81935,5.60,25.00
2009.07.06 18:05:21.513,0.81905,0.81935,5.60,19.20
2009.07.06 18:05:21.673,0.819,0.8193,5.60,3.20
2009.07.06 18:05:21.833,0.819,0.8193,5.60,12.80
2009.07.06 18:05:22.433,0.81905,0.8193,5.60,12.80
2009.07.06 18:05:22.593,0.81905,0.81935,5.60,16.00
2009.07.06 18:05:24.362,0.819,0.8193,5.60,3.20
2009.07.06 18:05:24.642,0.819,0.8193,5.60,12.80
2009.07.06 18:05:25.052,0.819,0.81935,5.60,20.00
2009.07.06 18:05:25.342,0.819,0.8193,5.60,12.80
2009.07.06 18:05:27.212,0.819,0.81935,5.60,18.60
2009.07.06 18:05:27.272,0.8191,0.81935,5.60,18.60
2009.07.06 18:05:27.562,0.8191,0.81935,5.60,2.60
2009.07.06 18:05:27.782,0.81905,0.8194,5.60,30.60
2009.07.06 18:05:28.931,0.81905,0.81935,5.60,4.00
2009.07.06 18:05:29.051,0.819,0.81935,13.60,20.00
2009.07.06 18:05:29.271,0.819,0.81935,14.00,20.00
2009.07.06 18:05:29.511,0.81905,0.8193,5.60,12.80
2009.07.06 18:05:29.851,0.81905,0.8194,5.60,24.00
2009.07.06 18:05:30.201,0.81905,0.8194,5.60,20.80
2009.07.06 18:05:30.551,0.81905,0.8194,5.60,16.00
2009.07.06 18:05:31.911,0.81915,0.8194,5.60,16.00
2009.07.06 18:05:35.240,0.819,0.8194,20.40,30.40
2009.07.06 18:05:35.480,0.819,0.8194,13.60,36.20
2009.07.06 18:05:35.750,0.819,0.81935,13.60,23.20
2009.07.06 18:05:36.050,0.819,0.8193,5.60,16.00
2009.07.06 18:05:36.710,0.819,0.8193,13.60,16.80
2009.07.06 18:05:37.120,0.819,0.81935,13.60,19.20
2009.07.06 18:05:37.349,0.819,0.81935,13.60,23.20
2009.07.06 18:05:37.689,0.819,0.8193,5.60,3.20
2009.07.06 18:05:43.130,0.81895,0.8192,16.00,3.20
2009.07.06 18:05:43.598,0.8189,0.81925,13.60,16.00
2009.07.06 18:05:48.437,0.81885,0.8192,25.20,3.20
2009.07.06 18:05:48.786,0.8189,0.8192,12.80,3.20
2009.07.06 18:05:50.796,0.81885,0.8192,21.60,3.20
2009.07.06 18:05:55.335,0.81885,0.8192,21.60,20.80
2009.07.06 18:05:55.785,0.81885,0.8192,13.60,28.80
2009.07.06 18:05:56.015,0.81885,0.8192,5.60,36.80
2009.07.06 18:05:56.464,0.81885,0.81915,5.60,8.00
2009.07.06 18:05:59.604,0.81885,0.81915,5.60,16.00
2009.07.06 18:05:59.834,0.81885,0.8192,5.60,22.60
2009.07.06 18:06:00.064,0.81885,0.8192,5.60,27.40
2009.07.06 18:06:00.124,0.8188,0.8191,20.00,4.80
2009.07.06 18:06:00.525,0.8188,0.81915,13.60,20.00
2009.07.06 18:06:01.734,0.8188,0.81905,8.00,3.20
2009.07.06 18:06:02.143,0.8187,0.81905,30.00,3.20
2009.07.06 18:06:02.493,0.8187,0.81905,22.00,3.20
2009.07.06 18:06:29.457,0.81875,0.819,21.60,4.80
2009.07.06 18:06:29.917,0.81875,0.819,24.80,4.80
2009.07.06 18:06:29.967,0.81885,0.8191,5.60,26.60
2009.07.06 18:06:30.187,0.81885,0.8191,5.60,10.60
2009.07.06 18:06:32.946,0.81885,0.8191,5.60,5.80
2009.07.06 18:06:33.356,0.81885,0.81905,5.60,3.20
2009.07.06 18:06:33.656,0.81885,0.81915,5.60,21.80
2009.07.06 18:06:45.363,0.81885,0.81915,5.60,9.00
2009.07.06 18:06:45.543,0.8188,0.81915,13.60,25.80
2009.07.06 18:06:52.981,0.81885,0.8191,21.60,4.80
2009.07.06 18:06:58.280,0.8188,0.8191,13.60,8.00
2009.07.06 18:07:02.129,0.8188,0.8191,13.60,3.20
2009.07.06 18:07:09.757,0.8188,0.81915,13.60,29.80
2009.07.06 18:07:10.667,0.8188,0.8191,13.60,20.00
2009.07.06 18:07:10.947,0.8188,0.81915,13.60,5.80
2009.07.06 18:07:11.746,0.8188,0.8191,13.60,8.00
2009.07.06 18:07:12.037,0.81885,0.8191,5.60,8.00
2009.07.06 18:07:12.337,0.81885,0.8192,5.60,29.80
2009.07.06 18:07:14.006,0.8188,0.81915,13.60,21.80
2009.07.06 18:07:14.226,0.8188,0.81915,5.60,25.80
2009.07.06 18:07:14.516,0.8188,0.8191,5.60,3.20
2009.07.06 18:07:14.696,0.8188,0.8191,5.60,19.20
2009.07.06 18:07:21.894,0.8188,0.81915,13.60,29.80
2009.07.06 18:07:22.114,0.8188,0.81915,13.60,21.80
2009.07.06 18:07:22.294,0.8188,0.81915,13.60,19.20
2009.07.06 18:07:22.754,0.8188,0.81915,13.60,11.20
2009.07.06 18:07:22.924,0.8188,0.81915,13.60,3.20
2009.07.06 18:07:23.474,0.8188,0.81915,13.60,19.20
2009.07.06 18:07:24.333,0.8188,0.81915,13.60,3.20
2009.07.06 18:07:26.753,0.8188,0.81915,5.60,11.20
2009.07.06 18:07:27.053,0.8188,0.81915,13.60,3.20
2009.07.06 18:07:29.352,0.8188,0.81915,13.60,5.80
2009.07.06 18:07:29.592,0.8188,0.81905,8.00,3.20
2009.07.06 18:07:30.102,0.8188,0.81905,8.00,11.20
2009.07.06 18:07:30.272,0.81875,0.81905,13.60,16.00
2009.07.06 18:07:30.492,0.81875,0.81905,5.60,16.00
2009.07.06 18:07:30.732,0.81875,0.8191,21.60,20.00
2009.07.06 18:07:31.352,0.8188,0.8191,5.60,16.00
2009.07.06 18:07:32.591,0.81875,0.8191,21.60,16.00
2009.07.06 18:07:32.931,0.81875,0.8191,5.60,20.00
2009.07.06 18:07:35.671,0.81875,0.8191,5.60,24.80
2009.07.06 18:07:39.651,0.81875,0.8191,5.60,25.60
2009.07.06 18:07:39.770,0.81875,0.819,5.60,4.80
2009.07.06 18:07:41.699,0.81875,0.8191,5.60,30.60
2009.07.06 18:07:42.269,0.81875,0.81905,5.60,3.20
2009.07.06 18:07:42.549,0.8187,0.81905,5.60,19.20
2009.07.06 18:07:57.396,0.8187,0.81905,13.60,11.20
2009.07.06 18:07:57.455,0.8187,0.81905,13.60,3.20
2009.07.06 18:07:59.035,0.8187,0.81905,13.60,7.20
2009.07.06 18:07:59.095,0.8187,0.81905,5.60,15.20
2009.07.06 18:07:59.325,0.8187,0.81905,5.60,23.20
2009.07.06 18:07:59.385,0.8187,0.819,5.60,3.20
2009.07.06 18:07:59.895,0.8187,0.81905,5.60,22.40
2009.07.06 18:08:00.285,0.8187,0.81905,13.60,22.40
2009.07.06 18:08:01.684,0.81875,0.8191,21.60,30.60
2009.07.06 18:08:05.373,0.81875,0.81905,16.00,3.20
2009.07.06 18:08:05.554,0.8187,0.81905,5.60,19.20
2009.07.06 18:08:05.844,0.8187,0.81905,5.60,22.40
2009.07.06 18:08:11.132,0.8187,0.81905,13.60,3.20
2009.07.06 18:08:11.552,0.8187,0.81905,13.60,11.20
2009.07.06 18:08:11.672,0.8187,0.81905,5.60,19.20
2009.07.06 18:08:14.322,0.8187,0.81905,13.60,3.20
2009.07.06 18:08:14.431,0.81875,0.8191,5.60,38.60
2009.07.06 18:08:14.671,0.81875,0.8191,5.60,30.60
2009.07.06 18:08:14.791,0.8187,0.8191,13.60,36.20
2009.07.06 18:08:14.851,0.8187,0.81905,5.60,8.00
2009.07.06 18:08:15.073,0.8187,0.81905,5.60,19.20
2009.07.06 18:08:16.791,0.81875,0.8191,5.60,38.60
2009.07.06 18:08:16.971,0.81875,0.8191,5.60,30.60
2009.07.06 18:08:20.310,0.8187,0.81905,13.60,19.20
2009.07.06 18:08:28.367,0.8187,0.81905,13.60,22.40
2009.07.06 18:08:28.537,0.8187,0.81905,13.60,29.80
2009.07.06 18:08:28.657,0.81865,0.819,29.60,3.20
2009.07.06 18:08:28.936,0.81865,0.819,21.60,19.20
2009.07.06 18:08:29.056,0.81865,0.819,21.60,25.00
2009.07.06 18:08:29.586,0.81865,0.819,21.60,21.80
2009.07.06 18:08:29.696,0.81865,0.819,21.60,13.80
2009.07.06 18:08:29.806,0.8187,0.819,5.60,5.80
2009.07.06 18:08:32.105,0.8187,0.81895,5.60,3.20
2009.07.06 18:08:32.465,0.8187,0.81905,5.60,25.80
2009.07.06 18:08:32.695,0.8187,0.81905,5.60,25.00
2009.07.06 18:08:34.315,0.8187,0.81905,5.60,25.80
2009.07.06 18:08:39.243,0.81865,0.819,21.60,9.00
2009.07.06 18:08:39.413,0.81865,0.819,5.60,25.00
2009.07.06 18:08:39.593,0.81865,0.81895,5.60,2.60
2009.07.06 18:08:39.713,0.81865,0.81895,5.60,5.80
2009.07.06 18:08:43.202,0.81865,0.81895,5.60,9.00
2009.07.06 18:08:45.472,0.81865,0.81895,5.60,5.80
2009.07.06 18:08:50.231,0.8186,0.8189,13.60,2.60
2009.07.06 18:08:50.581,0.81855,0.8189,21.60,17.80
2009.07.06 18:08:51.031,0.81855,0.8189,13.60,25.80
2009.07.06 18:08:51.260,0.81855,0.8189,5.60,25.80
2009.07.06 18:08:52.530,0.8186,0.8189,5.60,22.60
2009.07.06 18:08:52.710,0.8186,0.8189,5.60,21.80
2009.07.06 18:08:52.890,0.8186,0.8189,13.60,5.80
2009.07.06 18:08:56.379,0.8186,0.8189,13.60,9.00
2009.07.06 18:08:56.499,0.8186,0.8189,8.00,9.00
2009.07.06 18:08:56.729,0.81855,0.8189,21.60,9.80
2009.07.06 18:08:56.959,0.81855,0.8189,21.60,17.80
2009.07.06 18:08:57.359,0.81855,0.8189,21.60,25.80
2009.07.06 18:08:57.599,0.8186,0.8189,5.60,22.60
2009.07.06 18:08:57.829,0.8186,0.8189,5.60,21.80
2009.07.06 18:08:58.170,0.8186,0.8189,13.60,13.80
2009.07.06 18:08:58.389,0.8186,0.8189,13.60,5.80
2009.07.06 18:09:00.878,0.81865,0.8189,5.60,5.80
2009.07.06 18:09:04.287,0.81865,0.8189,5.60,2.60
2009.07.06 18:09:14.025,0.81865,0.8189,5.60,8.00
2009.07.06 18:09:14.195,0.8186,0.8189,13.60,3.20
2009.07.06 18:09:14.435,0.8186,0.81885,8.00,3.20
2009.07.06 18:09:14.835,0.81855,0.8188,16.00,17.00
2009.07.06 18:09:15.245,0.81845,0.81875,29.60,2.60
2009.07.06 18:09:15.545,0.81845,0.81875,21.60,5.80
2009.07.06 18:09:17.504,0.81845,0.81875,21.60,9.00
2009.07.06 18:09:22.303,0.8185,0.8188,5.60,8.00
2009.07.06 18:09:25.742,0.8185,0.8188,5.60,3.20
2009.07.06 18:09:47.447,0.81845,0.8188,5.60,19.20
2009.07.06 18:09:49.626,0.8185,0.8188,5.60,11.20
2009.07.06 18:09:49.736,0.8185,0.8188,5.60,3.20
2009.07.06 18:09:50.036,0.8185,0.8188,5.60,11.20
2009.07.06 18:09:50.096,0.8185,0.8188,5.60,19.20
2009.07.06 18:09:52.756,0.81855,0.8188,5.60,3.20
2009.07.06 18:09:52.916,0.81855,0.81885,8.80,24.00
2009.07.06 18:09:53.196,0.81865,0.8188,5.60,12.80
2009.07.06 18:09:53.485,0.81865,0.81895,5.60,21.80
2009.07.06 18:09:53.775,0.8186,0.81895,5.60,29.00
2009.07.06 18:09:54.055,0.81865,0.8189,5.60,8.00
2009.07.06 18:09:54.106,0.81865,0.81885,5.60,8.00
2009.07.06 18:09:54.165,0.81865,0.81895,5.60,24.00
2009.07.06 18:09:54.465,0.81865,0.81895,5.60,16.00
2009.07.06 18:09:59.814,0.81865,0.81895,5.60,19.20
2009.07.06 18:10:03.733,0.81845,0.8187,5.60,19.20
2009.07.06 18:10:03.913,0.81845,0.81875,5.60,24.00
2009.07.06 18:10:04.353,0.81845,0.81875,5.60,16.00
2009.07.06 18:10:05.902,0.8184,0.8187,5.60,16.00
2009.07.06 18:10:06.133,0.8184,0.8187,5.60,19.20
2009.07.06 18:10:07.052,0.8184,0.8187,5.60,16.00
2009.07.06 18:10:11.481,0.8184,0.8187,8.80,19.20
2009.07.06 18:10:13.741,0.81845,0.81875,5.60,24.00
2009.07.06 18:10:14.250,0.81845,0.81875,5.60,16.00
2009.07.06 18:10:18.660,0.81845,0.8188,5.60,36.00
2009.07.06 18:10:18.939,0.81845,0.8188,5.60,28.00
2009.07.06 18:10:24.088,0.81845,0.8188,5.60,36.00
2009.07.06 18:10:27.797,0.81845,0.81875,5.60,8.00
2009.07.06 18:10:27.967,0.81845,0.81875,5.60,16.00
2009.07.06 18:10:28.267,0.81855,0.81875,3.20,16.00
2009.07.06 18:10:28.667,0.8186,0.8188,3.20,34.60
2009.07.06 18:10:28.837,0.81855,0.8188,3.20,26.60
2009.07.06 18:10:31.476,0.81855,0.8188,3.20,20.80
2009.07.06 18:10:35.805,0.81855,0.81875,3.20,16.00
2009.07.06 18:10:36.165,0.8185,0.81875,3.20,16.00
2009.07.06 18:10:36.435,0.81855,0.81875,3.20,16.00
2009.07.06 18:10:36.555,0.8186,0.8188,3.20,28.80
2009.07.06 18:10:36.776,0.8186,0.8188,3.20,16.00
2009.07.06 18:10:43.063,0.8187,0.81885,3.20,5.80
2009.07.06 18:10:43.343,0.8187,0.8189,3.20,26.60
2009.07.06 18:10:47.392,0.8187,0.8188,3.20,4.80
2009.07.06 18:10:47.552,0.8187,0.8189,3.20,20.80
2009.07.06 18:10:47.732,0.8187,0.8189,3.20,16.00
2009.07.06 18:10:50.882,0.81875,0.8189,3.20,16.00
2009.07.06 18:10:51.163,0.8187,0.8189,3.20,16.00
2009.07.06 18:10:51.221,0.8187,0.8189,3.20,8.00
2009.07.06 18:10:51.272,0.8187,0.81895,3.20,30.60
2009.07.06 18:10:51.392,0.8187,0.81895,3.20,21.80
2009.07.06 18:10:54.521,0.81865,0.81895,8.80,21.80
2009.07.06 18:10:54.741,0.8187,0.81895,3.20,21.80
2009.07.06 18:11:18.645,0.8186,0.8189,5.60,16.00
2009.07.06 18:11:19.315,0.8185,0.8188,22.00,4.00
2009.07.06 18:11:19.655,0.8185,0.8188,13.60,8.80
2009.07.06 18:11:20.005,0.8185,0.8188,5.60,8.00
2009.07.06 18:11:20.344,0.8185,0.8188,5.60,16.00
2009.07.06 18:11:23.674,0.8185,0.81885,5.60,16.00
2009.07.06 18:11:23.794,0.8185,0.81885,5.60,22.60
2009.07.06 18:11:23.964,0.8185,0.8188,5.60,16.00
2009.07.06 18:11:25.923,0.81845,0.81875,5.60,16.00
2009.07.06 18:11:28.773,0.81845,0.8187,5.60,12.80
2009.07.06 18:11:29.113,0.8184,0.81855,13.60,3.20
2009.07.06 18:11:29.412,0.8184,0.81855,5.60,3.20
2009.07.06 18:11:29.592,0.81835,0.81855,5.60,3.20
2009.07.06 18:11:33.071,0.8184,0.81855,5.60,3.20
2009.07.06 18:11:38.290,0.8184,0.81865,5.60,3.20
2009.07.06 18:11:57.906,0.81835,0.81855,5.60,3.20
2009.07.06 18:12:02.685,0.8183,0.81845,5.60,3.20
2009.07.06 18:12:03.984,0.81835,0.8185,5.60,3.20
2009.07.06 18:12:04.984,0.8184,0.8185,5.60,3.20
2009.07.06 18:12:05.104,0.8184,0.81855,5.60,3.20
2009.07.06 18:12:05.164,0.81835,0.8185,5.60,3.20
2009.07.06 18:12:06.914,0.8184,0.8185,5.60,3.20
2009.07.06 18:12:06.973,0.8184,0.81855,5.60,3.20
2009.07.06 18:12:07.143,0.81835,0.81855,5.60,3.20
2009.07.06 18:12:07.203,0.81835,0.8185,5.60,3.20
2009.07.06 18:12:08.703,0.8183,0.8185,5.60,3.20
2009.07.06 18:12:20.670,0.8184,0.8185,5.60,3.20
2009.07.06 18:12:20.840,0.8184,0.81855,5.60,3.20
2009.07.06 18:12:37.486,0.8184,0.8186,5.60,3.20
2009.07.06 18:12:38.356,0.8184,0.81855,5.60,3.20
2009.07.06 18:12:39.965,0.8184,0.8185,5.60,3.20
2009.07.06 18:12:40.085,0.8184,0.81855,5.60,3.20
2009.07.06 18:12:41.505,0.81845,0.81865,5.60,3.20
2009.07.06 18:12:43.954,0.8185,0.81865,5.60,3.20
2009.07.06 18:12:44.294,0.8185,0.8188,5.60,11.20
2009.07.06 18:12:44.524,0.8185,0.8188,5.60,3.20
2009.07.06 18:12:50.233,0.8185,0.81885,5.60,21.80
2009.07.06 18:12:50.473,0.8185,0.81885,5.60,13.80
2009.07.06 18:12:50.533,0.8185,0.81885,13.60,5.80
2009.07.06 18:12:50.593,0.8185,0.81885,13.60,9.00
2009.07.06 18:12:52.033,0.8185,0.8188,13.60,3.20
2009.07.06 18:12:52.952,0.8185,0.8188,8.00,9.00
2009.07.06 18:12:53.312,0.81845,0.8188,5.60,9.80
2009.07.06 18:12:56.211,0.81855,0.8188,5.60,4.80
2009.07.06 18:12:57.801,0.81855,0.81885,5.60,8.00
2009.07.06 18:12:57.972,0.81855,0.81885,5.60,16.00
2009.07.06 18:13:01.530,0.81855,0.81885,8.80,16.00
2009.07.06 18:13:02.040,0.81855,0.81885,8.80,8.00
2009.07.06 18:13:02.270,0.81855,0.8188,8.80,4.80
2009.07.06 18:13:08.089,0.81855,0.81885,5.60,16.00
2009.07.06 18:13:08.148,0.81855,0.81885,8.80,16.00
2009.07.06 18:13:08.378,0.81855,0.8189,8.80,34.60
2009.07.06 18:13:08.558,0.81855,0.8189,5.60,26.60
2009.07.06 18:13:08.899,0.81855,0.81885,5.60,16.00
2009.07.06 18:13:09.248,0.81855,0.81885,5.60,24.00
2009.07.06 18:13:09.589,0.81855,0.81885,5.60,16.00
2009.07.06 18:13:09.818,0.81855,0.8188,5.60,16.00
2009.07.06 18:13:10.089,0.81855,0.81885,5.60,24.00
2009.07.06 18:13:10.268,0.81855,0.81885,5.60,16.00
2009.07.06 18:13:11.288,0.81855,0.8188,5.60,16.00
2009.07.06 18:13:11.848,0.81855,0.81885,5.60,8.00
2009.07.06 18:13:12.127,0.81855,0.8189,5.60,34.60
2009.07.06 18:13:12.407,0.81855,0.8189,5.60,30.60
2009.07.06 18:13:12.697,0.81855,0.81885,5.60,16.00
2009.07.06 18:13:38.112,0.8185,0.81885,13.60,19.20
2009.07.06 18:13:38.341,0.8185,0.8188,8.00,9.00
2009.07.06 18:13:38.681,0.81845,0.8188,5.60,25.00
2009.07.06 18:13:39.331,0.81845,0.81875,5.60,16.00
2009.07.06 18:13:51.498,0.81845,0.81875,5.60,3.20
2009.07.06 18:13:51.728,0.8184,0.81875,16.80,5.80
2009.07.06 18:13:52.008,0.8184,0.81875,13.60,25.80
2009.07.06 18:13:52.358,0.81835,0.81865,21.60,3.20
2009.07.06 18:13:52.648,0.8183,0.8186,8.00,8.80
2009.07.06 18:13:52.988,0.81825,0.81865,29.60,32.20
2009.07.06 18:13:53.388,0.81825,0.8186,5.60,19.20
2009.07.06 18:13:54.208,0.81825,0.8186,6.00,19.20
2009.07.06 18:13:54.497,0.8183,0.8186,13.60,12.80
2009.07.06 18:13:54.847,0.81835,0.8186,5.60,12.80
2009.07.06 18:13:55.177,0.81835,0.81865,5.60,16.00
2009.07.06 18:13:59.386,0.8183,0.8186,5.60,12.80
2009.07.06 18:14:00.306,0.81825,0.8186,9.20,19.20
2009.07.06 18:14:00.546,0.8183,0.8186,5.60,16.00
2009.07.06 18:14:00.836,0.81835,0.8186,5.60,16.00
2009.07.06 18:14:01.056,0.81835,0.81865,5.60,16.00
2009.07.06 18:14:01.666,0.8183,0.8186,5.60,12.80
2009.07.06 18:14:03.205,0.8183,0.81865,5.60,20.00
2009.07.06 18:14:04.405,0.8183,0.81865,5.60,24.00
2009.07.06 18:14:04.755,0.81825,0.81865,25.20,29.60
2009.07.06 18:14:04.875,0.81825,0.8186,9.20,16.00
2009.07.06 18:14:05.285,0.8183,0.8186,5.60,16.00
2009.07.06 18:14:05.744,0.81825,0.8186,24.80,16.00
2009.07.06 18:14:06.095,0.81825,0.8186,5.60,16.00
2009.07.06 18:14:18.472,0.81835,0.81865,5.60,29.80
2009.07.06 18:14:18.872,0.81835,0.81865,5.60,16.00
2009.07.06 18:14:19.211,0.8184,0.8186,13.60,12.80
2009.07.06 18:14:19.511,0.8184,0.8187,5.60,19.20
2009.07.06 18:14:21.491,0.81835,0.81865,5.60,16.00
2009.07.06 18:14:24.190,0.81835,0.81865,5.60,19.20
2009.07.06 18:14:24.540,0.81835,0.81865,5.60,16.00
2009.07.06 18:14:24.840,0.8183,0.81865,20.00,16.00
2009.07.06 18:14:24.960,0.8183,0.81865,16.80,18.60
2009.07.06 18:14:25.140,0.8183,0.8186,16.80,12.80
2009.07.06 18:14:25.200,0.8183,0.8186,5.60,16.00
2009.07.06 18:14:35.158,0.81825,0.8186,22.00,16.00
2009.07.06 18:14:35.387,0.81825,0.8186,6.00,16.00
2009.07.06 18:14:36.417,0.81825,0.8186,9.20,16.00
2009.07.06 18:14:36.587,0.8183,0.8186,5.60,16.00
2009.07.06 18:14:36.817,0.8184,0.8186,5.60,16.00
2009.07.06 18:14:37.207,0.8184,0.81865,5.60,16.00
2009.07.06 18:14:37.417,0.8184,0.8187,5.60,16.00
2009.07.06 18:14:37.647,0.81835,0.8187,12.00,16.00
2009.07.06 18:14:37.877,0.81835,0.8187,5.60,16.00
2009.07.06 18:14:38.107,0.81835,0.81865,5.60,16.00
2009.07.06 18:14:42.296,0.81835,0.81865,8.80,16.00
2009.07.06 18:14:45.815,0.81835,0.81865,5.60,16.00
2009.07.06 18:14:46.885,0.81835,0.8187,24.80,16.00
2009.07.06 18:14:47.345,0.81835,0.81865,8.80,16.00
2009.07.06 18:14:55.203,0.81835,0.81865,12.00,16.00
2009.07.06 18:14:55.313,0.8184,0.81865,5.60,16.00
2009.07.06 18:14:55.643,0.8184,0.8187,5.60,16.00
2009.07.06 18:14:55.863,0.81835,0.8187,25.20,19.20
2009.07.06 18:14:56.033,0.81835,0.81865,13.60,8.00
2009.07.06 18:14:56.263,0.81835,0.81865,5.60,16.00
2009.07.06 18:14:56.492,0.81845,0.81865,3.20,16.00
2009.07.06 18:14:56.842,0.81845,0.8187,3.20,16.00
2009.07.06 18:14:57.942,0.8184,0.8187,6.40,16.00
2009.07.06 18:14:58.332,0.8184,0.81875,6.40,24.00
2009.07.06 18:14:58.612,0.8184,0.81875,6.40,16.00
2009.07.06 18:14:58.952,0.8184,0.8187,6.40,8.00
2009.07.06 18:14:59.422,0.8184,0.8187,6.40,16.00
2009.07.06 18:15:04.591,0.8184,0.8186,6.40,3.20
2009.07.06 18:15:04.770,0.81855,0.8186,5.60,3.20
2009.07.06 18:15:05.001,0.81855,0.8187,5.60,3.20
2009.07.06 18:15:05.400,0.81845,0.8187,8.80,16.00
2009.07.06 18:15:05.700,0.81845,0.81865,8.80,16.00
2009.07.06 18:15:10.949,0.81845,0.81865,8.80,8.00
2009.07.06 18:15:11.059,0.81845,0.81875,8.80,24.00
2009.07.06 18:15:12.029,0.8186,0.81875,5.60,16.00
2009.07.06 18:15:12.442,0.8186,0.8188,5.60,24.00
2009.07.06 18:15:12.849,0.8186,0.81885,5.60,16.00
2009.07.06 18:15:13.868,0.8186,0.8189,5.60,34.60
2009.07.06 18:15:14.208,0.81855,0.8189,5.60,37.80
2009.07.06 18:15:14.558,0.81855,0.81885,5.60,16.00
2009.07.06 18:15:19.127,0.8185,0.8188,13.60,12.80
2009.07.06 18:15:19.357,0.8185,0.8188,5.60,16.00
2009.07.06 18:15:19.537,0.81845,0.8188,32.80,16.00
2009.07.06 18:15:19.717,0.81845,0.81875,5.60,16.00
2009.07.06 18:15:23.796,0.8184,0.81875,16.80,2.60
2009.07.06 18:15:24.786,0.8184,0.81875,16.80,10.60
2009.07.06 18:15:24.906,0.8184,0.81875,16.80,18.60
2009.07.06 18:15:33.364,0.8185,0.8187,5.60,4.80
2009.07.06 18:15:35.183,0.81845,0.81875,11.20,8.00
2009.07.06 18:15:35.363,0.81845,0.8187,3.20,16.00
2009.07.06 18:15:35.543,0.8184,0.8187,5.60,16.00
2009.07.06 18:15:35.783,0.8184,0.81865,5.60,16.00
2009.07.06 18:15:40.362,0.8184,0.8187,13.60,12.80
2009.07.06 18:15:40.712,0.8184,0.8187,13.60,4.80
2009.07.06 18:15:42.072,0.8184,0.81875,13.60,8.00
2009.07.06 18:15:42.242,0.8184,0.81875,13.60,16.00
2009.07.06 18:15:42.941,0.8184,0.81875,13.60,8.00
2009.07.06 18:15:43.301,0.8184,0.8187,13.60,4.80
2009.07.06 18:15:43.591,0.8184,0.81875,13.60,16.00
2009.07.06 18:15:52.029,0.81835,0.8187,20.40,8.00
2009.07.06 18:15:52.369,0.81835,0.8187,12.40,16.00
2009.07.06 18:15:54.389,0.81835,0.8187,28.40,16.00
2009.07.06 18:16:05.936,0.8184,0.81875,3.20,21.80
2009.07.06 18:16:06.115,0.8184,0.81875,11.20,21.80
2009.07.06 18:16:06.506,0.8184,0.81875,3.20,21.80
2009.07.06 18:16:10.635,0.8183,0.8185,11.20,9.60
2009.07.06 18:16:10.694,0.81825,0.8185,8.00,13.60
2009.07.06 18:16:10.924,0.81815,0.81845,3.20,5.80
2009.07.06 18:16:11.094,0.81815,0.8184,3.20,8.00
2009.07.06 18:16:11.154,0.81805,0.8184,25.20,16.00
2009.07.06 18:16:11.334,0.8181,0.8184,5.60,16.00
2009.07.06 18:16:11.564,0.8181,0.81845,6.00,31.20
2009.07.06 18:16:11.674,0.8181,0.8184,16.40,19.20
2009.07.06 18:16:11.844,0.8181,0.8184,3.60,19.20
2009.07.06 18:16:18.003,0.81805,0.81815,11.60,3.20
2009.07.06 18:16:18.525,0.81805,0.81825,19.60,3.20
2009.07.06 18:16:18.803,0.81805,0.81815,3.60,3.20
2009.07.06 18:16:19.033,0.8181,0.81825,8.00,3.20
2009.07.06 18:16:19.323,0.818,0.81825,22.00,3.20
2009.07.06 18:16:22.642,0.81805,0.81825,25.20,3.20
2009.07.06 18:16:23.502,0.81805,0.8183,25.20,3.20
2009.07.06 18:16:24.201,0.81805,0.8183,24.80,3.20
2009.07.06 18:16:24.501,0.818,0.81825,22.00,3.20
2009.07.06 18:16:29.340,0.81805,0.81825,5.60,3.20
2009.07.06 18:16:29.560,0.81805,0.8183,21.60,3.20
2009.07.06 18:16:29.730,0.818,0.8183,22.00,3.20
2009.07.06 18:16:29.970,0.818,0.81825,22.00,3.20
2009.07.06 18:16:30.950,0.81805,0.81825,5.60,3.20
2009.07.06 18:16:31.299,0.81805,0.8183,5.60,3.20
2009.07.06 18:16:32.259,0.81805,0.8183,13.60,3.20
2009.07.06 18:16:32.439,0.81805,0.8183,21.60,3.20
2009.07.06 18:16:32.739,0.8181,0.8183,13.60,3.20
2009.07.06 18:16:33.259,0.8181,0.81835,13.60,3.20
2009.07.06 18:16:33.769,0.8181,0.81835,5.60,3.20
2009.07.06 18:16:34.049,0.81805,0.81845,28.40,21.60
2009.07.06 18:16:34.289,0.81805,0.8184,28.40,8.00
2009.07.06 18:16:34.579,0.81805,0.8184,28.40,16.00
2009.07.06 18:16:34.869,0.81805,0.8184,25.20,16.00
2009.07.06 18:16:35.329,0.8181,0.8184,5.60,8.00
2009.07.06 18:16:35.568,0.8181,0.8184,5.60,16.00
2009.07.06 18:16:36.078,0.81805,0.8184,25.20,16.00
2009.07.06 18:16:36.538,0.81805,0.8184,25.20,8.00
2009.07.06 18:16:36.658,0.81815,0.8184,5.60,16.00
2009.07.06 18:16:38.728,0.81815,0.8184,5.60,8.00
2009.07.06 18:16:39.008,0.81815,0.8184,5.60,16.00
2009.07.06 18:16:40.317,0.81815,0.8184,5.60,8.00
2009.07.06 18:16:40.437,0.81815,0.81835,5.60,8.00
2009.07.06 18:16:40.897,0.81815,0.8184,5.60,8.00
2009.07.06 18:16:44.126,0.81815,0.81845,5.60,3.20
2009.07.06 18:16:44.416,0.81815,0.81845,5.60,19.20
2009.07.06 18:16:46.796,0.8181,0.81845,5.60,19.20
2009.07.06 18:16:47.036,0.8181,0.8184,5.60,3.20
2009.07.06 18:16:52.045,0.81805,0.8184,5.60,25.00
2009.07.06 18:16:52.285,0.81805,0.8184,5.60,29.80
2009.07.06 18:17:02.102,0.81795,0.81825,5.60,8.00
2009.07.06 18:17:02.162,0.81795,0.8183,5.60,33.00
2009.07.06 18:17:02.392,0.81795,0.8183,5.60,37.80
2009.07.06 18:17:02.562,0.81795,0.8183,5.60,29.80
2009.07.06 18:17:02.912,0.81795,0.8183,21.60,29.80
2009.07.06 18:17:03.252,0.81795,0.8183,21.60,26.60
2009.07.06 18:17:04.012,0.81795,0.8183,13.60,26.60
2009.07.06 18:17:04.192,0.81795,0.8183,5.60,26.60
2009.07.06 18:17:05.301,0.81795,0.8183,21.60,26.60
2009.07.06 18:17:07.321,0.81795,0.8182,21.60,4.80
2009.07.06 18:17:07.381,0.81795,0.8183,21.60,27.20
2009.07.06 18:17:07.601,0.81795,0.8183,21.60,22.40
2009.07.06 18:17:08.830,0.81795,0.8183,21.60,19.20
2009.07.06 18:17:09.170,0.81795,0.8183,21.60,20.00
2009.07.06 18:17:09.390,0.8179,0.8183,22.00,25.60
2009.07.06 18:17:09.510,0.8179,0.81825,22.00,3.20
2009.07.06 18:17:12.720,0.81795,0.81825,5.60,3.20
2009.07.06 18:17:12.829,0.81795,0.8183,5.60,16.80
2009.07.06 18:17:12.940,0.81795,0.8183,21.60,16.80
2009.07.06 18:17:12.999,0.81795,0.8183,21.60,16.00
2009.07.06 18:17:13.359,0.81795,0.8183,21.60,8.00
2009.07.06 18:17:13.539,0.81795,0.81835,21.60,43.40
2009.07.06 18:17:13.839,0.81795,0.81835,21.60,35.40
2009.07.06 18:17:14.749,0.818,0.8183,5.60,20.00
2009.07.06 18:17:15.039,0.818,0.81835,5.60,25.00
2009.07.06 18:17:15.159,0.81795,0.8183,28.40,16.00
2009.07.06 18:17:15.279,0.81795,0.81835,28.40,34.60
2009.07.06 18:17:15.439,0.81795,0.8183,25.20,3.20
2009.07.06 18:17:16.579,0.81795,0.81835,25.20,35.40
2009.07.06 18:17:18.288,0.81795,0.8183,16.00,3.20
2009.07.06 18:17:18.458,0.8179,0.81825,22.00,8.00
2009.07.06 18:17:18.618,0.8179,0.81825,22.00,16.00
2009.07.06 18:17:21.907,0.8179,0.81825,16.40,21.60
2009.07.06 18:17:22.187,0.8179,0.81825,8.40,21.60
2009.07.06 18:17:22.297,0.8179,0.81825,14.00,16.00
2009.07.06 18:17:22.348,0.8179,0.81825,22.00,16.00
2009.07.06 18:17:24.117,0.8179,0.81825,25.20,16.00
2009.07.06 18:17:24.297,0.81795,0.81825,5.60,16.00
2009.07.06 18:17:24.467,0.818,0.81825,5.60,16.00
2009.07.06 18:17:24.747,0.818,0.8182,5.60,8.00
2009.07.06 18:17:24.927,0.818,0.81835,5.60,21.80
2009.07.06 18:17:25.207,0.818,0.81835,5.60,19.20
2009.07.06 18:17:28.656,0.818,0.81835,5.60,16.00
2009.07.06 18:17:28.886,0.81805,0.81835,8.80,16.00
2009.07.06 18:17:29.236,0.8181,0.8184,5.60,24.00
2009.07.06 18:17:29.706,0.8181,0.8184,5.60,16.00
2009.07.06 18:17:30.006,0.8181,0.81845,5.60,21.80
2009.07.06 18:17:31.895,0.81805,0.81835,16.00,8.80
2009.07.06 18:17:32.005,0.81805,0.8183,16.00,4.00
2009.07.06 18:17:32.245,0.8181,0.8183,12.80,16.00
2009.07.06 18:17:32.425,0.81805,0.81835,5.60,3.20
2009.07.06 18:17:32.595,0.818,0.81835,5.60,11.20
2009.07.06 18:17:32.825,0.818,0.81835,5.60,16.00
2009.07.06 18:17:32.945,0.818,0.81835,13.60,16.00
2009.07.06 18:17:33.665,0.81805,0.81835,3.20,16.00
2009.07.06 18:17:33.785,0.81805,0.8183,8.80,12.80
2009.07.06 18:17:34.024,0.81805,0.8183,8.80,4.80
2009.07.06 18:17:34.654,0.81805,0.8184,8.80,23.40
2009.07.06 18:17:34.994,0.81805,0.8184,8.80,18.60
2009.07.06 18:17:36.114,0.81805,0.8184,8.80,16.00
2009.07.06 18:17:36.864,0.81805,0.81835,3.20,8.00
2009.07.06 18:17:37.094,0.8181,0.81835,4.80,16.00
2009.07.06 18:17:37.844,0.8181,0.8183,4.80,8.00
2009.07.06 18:17:38.023,0.8181,0.8183,4.80,16.00
2009.07.06 18:17:42.383,0.818,0.8183,8.40,19.20
2009.07.06 18:17:42.623,0.81805,0.8183,3.20,16.00
2009.07.06 18:17:42.793,0.81795,0.81825,9.20,16.00
2009.07.06 18:17:43.202,0.818,0.81835,13.60,19.20
2009.07.06 18:17:43.432,0.818,0.81835,17.20,24.00
2009.07.06 18:17:43.712,0.818,0.81835,22.00,16.00
2009.07.06 18:17:47.741,0.818,0.8183,22.00,8.00
2009.07.06 18:17:47.921,0.818,0.8183,8.40,19.20
2009.07.06 18:17:57.729,0.81795,0.8183,29.20,16.00
2009.07.06 18:17:57.969,0.81805,0.81825,5.60,8.00
2009.07.06 18:17:58.029,0.81805,0.81835,5.60,3.20
2009.07.06 18:17:59.728,0.818,0.8183,8.00,4.80
2009.07.06 18:17:59.958,0.818,0.81825,8.00,1.00
2009.07.06 18:18:00.128,0.81795,0.81825,5.60,16.00
2009.07.06 18:18:00.408,0.818,0.8182,4.80,8.00
2009.07.06 18:18:00.588,0.8179,0.81825,18.40,4.00
2009.07.06 18:18:00.948,0.8179,0.81825,5.60,20.00
2009.07.06 18:18:02.288,0.81795,0.81825,5.60,16.80
2009.07.06 18:18:02.507,0.81795,0.8182,5.60,12.80
2009.07.06 18:18:02.617,0.81795,0.8182,5.60,4.80
2009.07.06 18:18:03.238,0.81795,0.8183,5.60,30.60
2009.07.06 18:18:03.537,0.81795,0.8183,5.60,23.20
2009.07.06 18:18:04.757,0.81795,0.8183,5.60,20.00
2009.07.06 18:18:05.397,0.81795,0.81825,5.60,8.00
2009.07.06 18:18:07.386,0.81795,0.81825,13.60,8.00
2009.07.06 18:18:07.446,0.81795,0.8183,13.60,19.20
2009.07.06 18:18:07.736,0.81795,0.8183,21.60,20.00
2009.07.06 18:18:07.796,0.81795,0.8183,5.60,20.00
2009.07.06 18:18:07.976,0.81795,0.81825,5.60,8.00
2009.07.06 18:18:08.496,0.81795,0.8183,13.60,20.00
2009.07.06 18:18:08.776,0.81795,0.8183,5.60,20.00
2009.07.06 18:18:09.066,0.81795,0.81825,5.60,8.00
2009.07.06 18:18:12.425,0.818,0.8183,5.60,19.20
2009.07.06 18:18:12.835,0.81795,0.8183,21.60,8.00
2009.07.06 18:18:13.195,0.81795,0.8183,21.60,19.20
2009.07.06 18:18:13.545,0.81795,0.81835,21.60,35.40
2009.07.06 18:18:14.115,0.81805,0.8183,5.60,12.80
2009.07.06 18:18:14.345,0.8181,0.8184,5.60,26.60
2009.07.06 18:18:14.575,0.8181,0.8184,5.60,24.00
2009.07.06 18:18:16.314,0.8181,0.8184,5.60,20.80
2009.07.06 18:18:16.718,0.81805,0.8184,21.60,23.40
2009.07.06 18:18:16.994,0.81805,0.8184,21.60,27.40
2009.07.06 18:18:17.294,0.81805,0.81835,5.60,3.20
2009.07.06 18:18:17.574,0.818,0.81835,13.60,3.20
2009.07.06 18:18:17.804,0.818,0.81835,5.60,11.20
2009.07.06 18:18:18.084,0.818,0.81835,5.60,19.20
2009.07.06 18:18:22.123,0.818,0.8183,16.00,9.60
2009.07.06 18:18:22.293,0.8179,0.81825,22.00,16.80
2009.07.06 18:18:22.633,0.8179,0.81825,14.00,16.80
2009.07.06 18:18:23.543,0.8179,0.81825,14.00,20.00
2009.07.06 18:18:25.182,0.8179,0.81825,10.80,20.00
2009.07.06 18:18:25.542,0.81795,0.81825,5.60,20.00
2009.07.06 18:18:25.602,0.81795,0.81825,5.60,3.20
2009.07.06 18:18:25.662,0.8179,0.81825,18.40,3.20
2009.07.06 18:18:25.722,0.8179,0.81825,18.40,16.00
2009.07.06 18:18:25.772,0.8179,0.81825,18.40,12.00
2009.07.06 18:18:25.832,0.8179,0.81825,10.40,20.00
2009.07.06 18:18:25.952,0.8179,0.81825,5.60,20.00
2009.07.06 18:18:27.132,0.8179,0.81825,5.60,24.00
2009.07.06 18:18:27.242,0.8179,0.81825,16.00,29.60
2009.07.06 18:18:27.422,0.8179,0.8182,5.60,16.80
2009.07.06 18:18:27.651,0.8179,0.81825,5.60,20.00
2009.07.06 18:18:27.822,0.8179,0.81825,16.00,29.60
2009.07.06 18:18:46.837,0.8179,0.81825,14.00,12.00
2009.07.06 18:18:47.187,0.8179,0.81825,14.00,20.00
2009.07.06 18:18:48.677,0.8179,0.8182,14.00,3.20
2009.07.06 18:18:48.976,0.8179,0.81825,14.00,20.00
2009.07.06 18:18:50.166,0.81795,0.81825,5.60,19.20
2009.07.06 18:18:50.586,0.81795,0.81825,5.60,3.20
2009.07.06 18:19:19.849,0.81785,0.81815,6.00,19.20
2009.07.06 18:19:20.009,0.81785,0.81815,9.20,19.20
2009.07.06 18:19:21.948,0.81785,0.81815,9.20,11.20
2009.07.06 18:19:22.248,0.81785,0.81815,9.20,3.20
2009.07.06 18:19:29.767,0.81785,0.8182,9.20,20.00
2009.07.06 18:19:30.057,0.81785,0.81815,8.80,8.00
2009.07.06 18:19:30.176,0.81785,0.8181,5.60,3.20
2009.07.06 18:19:30.417,0.8178,0.8181,22.00,3.20
2009.07.06 18:19:30.656,0.8178,0.81815,21.60,3.20
2009.07.06 18:19:30.827,0.8178,0.81815,18.40,3.20
2009.07.06 18:19:30.886,0.8178,0.81815,18.40,19.20
2009.07.06 18:19:31.336,0.8178,0.8181,12.80,3.20
2009.07.06 18:19:31.686,0.81775,0.8181,25.20,3.20
2009.07.06 18:19:32.326,0.81775,0.8181,17.20,11.20
2009.07.06 18:19:32.496,0.8178,0.8181,16.00,19.20
2009.07.06 18:19:32.676,0.81775,0.8181,9.20,19.20
2009.07.06 18:19:32.896,0.81775,0.8181,9.20,20.20
2009.07.06 18:19:33.706,0.81785,0.8181,3.20,4.20
2009.07.06 18:19:34.046,0.8179,0.8181,5.60,8.00
2009.07.06 18:19:34.505,0.8179,0.8182,5.60,3.20
2009.07.06 18:19:34.855,0.8179,0.81825,5.60,20.00
2009.07.06 18:19:40.024,0.8179,0.81825,13.60,20.00
2009.07.06 18:19:40.374,0.8179,0.81825,13.60,19.20
2009.07.06 18:19:41.624,0.8179,0.81825,16.80,16.00
2009.07.06 18:19:43.303,0.8179,0.81825,13.60,20.00
2009.07.06 18:19:43.523,0.8179,0.8182,13.60,3.20
2009.07.06 18:19:43.753,0.8179,0.8182,5.60,3.20
2009.07.06 18:19:45.403,0.8179,0.81825,5.60,20.00
2009.07.06 18:19:45.743,0.81785,0.8182,21.60,5.80
2009.07.06 18:19:46.123,0.81785,0.8182,5.60,21.80
2009.07.06 18:19:46.422,0.8178,0.81815,18.40,16.00
2009.07.06 18:19:46.772,0.8178,0.8181,10.40,3.20
2009.07.06 18:19:47.013,0.8178,0.81815,13.60,16.00
2009.07.06 18:19:49.242,0.8178,0.8181,13.60,3.20
2009.07.06 18:19:49.622,0.8178,0.8181,5.60,3.20
2009.07.06 18:19:55.221,0.8178,0.8181,13.60,3.20
2009.07.06 18:19:55.390,0.8178,0.81815,13.60,16.00
2009.07.06 18:19:55.441,0.8178,0.81815,16.80,8.00
2009.07.06 18:19:55.500,0.81785,0.8181,5.60,12.80
2009.07.06 18:19:55.560,0.81785,0.8182,5.60,37.80
2009.07.06 18:19:55.730,0.81785,0.8182,5.60,29.80
2009.07.06 18:19:56.480,0.8178,0.81815,13.60,16.00
2009.07.06 18:19:57.170,0.81785,0.8181,5.60,12.80
2009.07.06 18:19:57.230,0.81785,0.8182,5.60,29.80
2009.07.06 18:19:58.420,0.8178,0.8182,16.80,35.40
2009.07.06 18:19:58.750,0.8178,0.81815,13.60,16.00
2009.07.06 18:20:07.168,0.8179,0.8182,8.80,16.00
2009.07.06 18:20:10.477,0.818,0.8182,3.20,16.00
2009.07.06 18:20:10.937,0.818,0.81825,3.20,19.20
2009.07.06 18:20:11.517,0.81795,0.81825,3.20,19.20
2009.07.06 18:20:11.807,0.8179,0.81815,3.20,16.00
2009.07.06 18:20:11.986,0.8178,0.818,3.20,4.00
2009.07.06 18:20:12.096,0.81775,0.818,19.20,16.80
2009.07.06 18:20:12.216,0.81775,0.818,3.20,16.00
2009.07.06 18:20:12.976,0.8177,0.81795,3.20,3.20
2009.07.06 18:20:13.256,0.8177,0.8179,3.20,12.80
2009.07.06 18:20:13.546,0.8177,0.8179,3.20,16.00
2009.07.06 18:20:14.775,0.8177,0.81795,3.20,13.80
2009.07.06 18:20:14.886,0.8177,0.81795,3.20,5.80
2009.07.06 18:20:16.515,0.8178,0.81795,3.20,5.80
2009.07.06 18:20:17.085,0.81775,0.8179,3.20,8.00
2009.07.06 18:20:17.265,0.81775,0.818,3.20,33.00
2009.07.06 18:20:18.695,0.8177,0.818,3.20,33.00
2009.07.06 18:20:19.925,0.8177,0.8179,3.20,4.80
2009.07.06 18:20:20.165,0.8177,0.8179,3.20,12.80
2009.07.06 18:20:25.133,0.8177,0.81795,3.20,16.00
2009.07.06 18:20:25.363,0.8177,0.818,3.20,33.00
2009.07.06 18:20:31.022,0.8176,0.81785,3.20,24.80
2009.07.06 18:20:31.322,0.81755,0.8178,3.20,21.60
2009.07.06 18:20:40.370,0.8175,0.81775,3.20,11.20
2009.07.06 18:20:40.599,0.81755,0.8178,3.20,27.40
2009.07.06 18:20:40.779,0.8175,0.8178,3.20,27.40
2009.07.06 18:20:41.069,0.81755,0.8178,3.20,27.40
2009.07.06 18:20:41.189,0.81755,0.81775,3.20,11.20
2009.07.06 18:20:41.429,0.81755,0.8178,3.20,33.00
2009.07.06 18:20:42.649,0.81745,0.8177,3.20,17.60
2009.07.06 18:20:42.999,0.81745,0.8177,3.20,21.60
2009.07.06 18:20:44.269,0.8175,0.8177,3.20,21.60
2009.07.06 18:20:45.598,0.81745,0.81765,3.20,16.00
2009.07.06 18:20:46.288,0.81735,0.8176,3.20,12.80
2009.07.06 18:20:46.638,0.81735,0.81765,3.20,22.40
2009.07.06 18:20:47.628,0.81735,0.81765,3.20,25.00
2009.07.06 18:20:47.808,0.81735,0.81765,3.20,28.20
2009.07.06 18:20:48.827,0.8174,0.81765,3.20,28.20
2009.07.06 18:20:49.637,0.81745,0.81765,3.20,22.60
2009.07.06 18:20:49.867,0.81745,0.81765,3.20,21.80
2009.07.06 18:20:50.087,0.81745,0.81765,3.20,27.40
2009.07.06 18:20:50.437,0.8174,0.81765,3.20,28.20
2009.07.06 18:20:50.907,0.81735,0.81765,3.20,28.20
2009.07.06 18:20:53.207,0.81735,0.8175,3.20,10.40
2009.07.06 18:20:53.266,0.81735,0.8175,3.20,6.40
2009.07.06 18:20:53.486,0.81725,0.8175,3.20,6.40
2009.07.06 18:20:53.546,0.81725,0.8175,3.20,14.40
2009.07.06 18:20:53.666,0.81725,0.81745,3.20,8.00
2009.07.06 18:20:53.717,0.8172,0.81745,3.20,8.00
2009.07.06 18:20:53.836,0.8172,0.81745,3.20,16.00
2009.07.06 18:20:54.706,0.81725,0.81745,3.20,16.00
2009.07.06 18:20:55.296,0.8173,0.8175,3.20,41.00
2009.07.06 18:20:55.406,0.8173,0.8175,3.20,33.00
2009.07.06 18:20:58.725,0.81725,0.8175,3.20,33.00
2009.07.06 18:20:58.835,0.8173,0.8174,3.20,8.00
2009.07.06 18:20:59.065,0.8173,0.81745,3.20,5.80
2009.07.06 18:20:59.245,0.81715,0.81745,3.20,5.80
2009.07.06 18:20:59.365,0.8172,0.81745,3.20,21.80
2009.07.06 18:21:00.175,0.8171,0.81745,3.20,32.20
2009.07.06 18:21:01.145,0.81705,0.81745,24.80,32.20
2009.07.06 18:21:01.445,0.8171,0.8174,3.20,17.00
2009.07.06 18:21:01.844,0.8171,0.81735,3.20,8.00
2009.07.06 18:21:02.314,0.817,0.8173,8.00,13.80
2009.07.06 18:21:02.664,0.817,0.8172,8.00,3.20
2009.07.06 18:21:03.004,0.81695,0.81725,3.20,21.60
2009.07.06 18:21:03.924,0.817,0.81725,3.20,21.60
2009.07.06 18:21:06.143,0.8168,0.8171,3.20,23.20
2009.07.06 18:21:06.603,0.8168,0.8171,3.20,28.20
2009.07.06 18:21:06.883,0.8168,0.81705,3.20,11.20
2009.07.06 18:21:08.333,0.81695,0.8171,3.20,21.80
2009.07.06 18:21:09.053,0.8168,0.8171,3.20,27.40
2009.07.06 18:21:09.493,0.8168,0.8171,3.20,28.20
2009.07.06 18:21:10.053,0.81685,0.81705,3.20,16.00
2009.07.06 18:21:11.412,0.81685,0.81705,3.20,11.20
2009.07.06 18:21:11.592,0.81685,0.8171,3.20,16.00
2009.07.06 18:21:12.412,0.81695,0.81715,3.20,29.80
2009.07.06 18:21:13.142,0.81695,0.81715,3.20,21.80
2009.07.06 18:21:15.791,0.81695,0.8171,3.20,16.00
2009.07.06 18:21:16.191,0.817,0.81715,3.20,2.60
2009.07.06 18:21:16.951,0.81695,0.8171,3.20,4.80
2009.07.06 18:21:17.281,0.81695,0.8172,3.20,24.20
2009.07.06 18:21:17.681,0.81695,0.8172,3.20,12.80
2009.07.06 18:21:17.850,0.81695,0.8172,3.20,20.00
2009.07.06 18:21:18.080,0.81695,0.8172,3.20,20.80
2009.07.06 18:21:18.251,0.81695,0.81715,3.20,8.00
2009.07.06 18:21:18.601,0.81695,0.8172,3.20,16.80
2009.07.06 18:21:19.470,0.81685,0.8172,24.80,16.80
2009.07.06 18:21:21.030,0.8169,0.8172,3.20,16.80
2009.07.06 18:21:21.660,0.8169,0.8172,3.20,22.40
2009.07.06 18:21:21.770,0.81685,0.8172,11.20,22.40
2009.07.06 18:21:21.880,0.81685,0.8172,3.20,22.40
2009.07.06 18:21:22.509,0.81695,0.81715,3.20,8.00
2009.07.06 18:21:22.689,0.8169,0.81715,3.20,8.00
2009.07.06 18:21:22.920,0.8169,0.8172,3.20,22.40
2009.07.06 18:21:23.210,0.81685,0.8172,3.20,22.40
2009.07.06 18:21:24.589,0.81695,0.8172,3.20,16.80
2009.07.06 18:21:28.608,0.81695,0.8172,3.20,19.40
2009.07.06 18:21:28.778,0.81695,0.81715,3.20,8.00
2009.07.06 18:21:29.408,0.81695,0.8172,3.20,25.00
2009.07.06 18:21:29.858,0.81695,0.8172,3.20,16.00
2009.07.06 18:21:30.379,0.81695,0.81715,3.20,1.00
2009.07.06 18:21:30.497,0.81695,0.81715,3.20,11.40
2009.07.06 18:21:30.658,0.81695,0.81715,3.20,22.60
2009.07.06 18:21:30.828,0.81695,0.8171,3.20,16.00
2009.07.06 18:21:31.767,0.81705,0.8171,3.20,4.80
2009.07.06 18:21:32.107,0.81705,0.8173,19.20,10.60
2009.07.06 18:21:33.097,0.8171,0.8172,3.20,4.80
2009.07.06 18:21:33.437,0.8172,0.8173,3.20,4.80
2009.07.06 18:21:33.657,0.8172,0.8174,3.20,8.00
2009.07.06 18:21:34.137,0.81725,0.8174,3.20,8.00
2009.07.06 18:21:34.376,0.8174,0.8175,3.20,6.40
2009.07.06 18:21:34.596,0.8174,0.8175,3.20,4.80
2009.07.06 18:21:34.826,0.8174,0.8176,3.20,7.40
2009.07.06 18:21:35.066,0.8174,0.81765,3.20,5.80
2009.07.06 18:21:35.766,0.81745,0.81765,3.20,5.80
2009.07.06 18:21:35.996,0.81745,0.8176,3.20,8.00
2009.07.06 18:21:36.176,0.81745,0.8176,19.20,4.80
2009.07.06 18:21:36.347,0.8175,0.8176,3.20,4.80
2009.07.06 18:21:36.876,0.81745,0.8177,19.20,12.00
2009.07.06 18:21:39.015,0.81745,0.8177,19.20,2.60
2009.07.06 18:21:39.345,0.81745,0.8176,19.20,4.80
2009.07.06 18:21:40.505,0.81745,0.8176,3.20,4.80
2009.07.06 18:21:40.685,0.8174,0.8176,11.20,8.80
2009.07.06 18:21:40.805,0.8174,0.8176,3.20,8.80
2009.07.06 18:21:40.975,0.8174,0.8176,3.20,12.00
2009.07.06 18:21:41.035,0.8174,0.81765,3.20,17.00
2009.07.06 18:21:41.775,0.8174,0.81765,3.20,14.40
2009.07.06 18:21:42.005,0.81745,0.81755,3.20,6.40
2009.07.06 18:21:42.125,0.8175,0.81755,3.20,6.40
2009.07.06 18:21:42.355,0.8175,0.8177,3.20,10.60
2009.07.06 18:21:42.584,0.8175,0.8176,3.20,4.80
2009.07.06 18:21:43.264,0.8175,0.81765,3.20,9.60
2009.07.06 18:21:43.654,0.8175,0.81765,3.20,6.40
2009.07.06 18:21:43.954,0.8175,0.8177,3.20,14.40
2009.07.06 18:21:44.234,0.81755,0.8178,3.20,17.80
2009.07.06 18:21:44.574,0.81755,0.8178,19.20,11.40
2009.07.06 18:21:45.324,0.81755,0.8178,11.20,19.40
2009.07.06 18:21:45.564,0.81755,0.8178,3.20,27.40
2009.07.06 18:21:47.503,0.81765,0.8178,3.20,20.80
2009.07.06 18:21:47.793,0.81765,0.8178,3.20,16.00
2009.07.06 18:21:48.003,0.81765,0.81785,3.20,9.60
2009.07.06 18:21:48.163,0.81765,0.8179,3.20,16.00
2009.07.06 18:21:48.343,0.8177,0.81795,3.20,25.60
2009.07.06 18:21:48.923,0.8178,0.818,3.20,27.20
2009.07.06 18:21:49.103,0.8178,0.818,3.20,16.00
2009.07.06 18:21:49.673,0.8178,0.8179,3.20,16.00
2009.07.06 18:21:50.073,0.81785,0.818,3.20,22.40
2009.07.06 18:21:50.423,0.81785,0.81805,3.20,16.00
2009.07.06 18:21:50.773,0.81785,0.818,3.20,4.80
2009.07.06 18:21:51.063,0.81775,0.818,3.20,16.00
2009.07.06 18:21:51.533,0.8179,0.818,3.20,16.00
2009.07.06 18:21:51.942,0.81795,0.8181,3.20,22.40
2009.07.06 18:21:52.232,0.81795,0.8181,3.20,16.00
2009.07.06 18:21:52.562,0.81795,0.81815,3.20,18.60
2009.07.06 18:21:53.242,0.81795,0.81815,3.20,16.00
2009.07.06 18:21:53.482,0.81795,0.8181,3.20,16.00
2009.07.06 18:21:54.062,0.818,0.81815,3.20,16.80
2009.07.06 18:21:54.342,0.81785,0.81815,3.20,16.00
2009.07.06 18:21:54.692,0.81795,0.8181,3.20,16.00
2009.07.06 18:21:55.541,0.81785,0.8181,3.20,16.00
2009.07.06 18:21:55.821,0.81795,0.8181,3.20,16.00
2009.07.06 18:21:56.051,0.8179,0.8181,3.20,16.00
2009.07.06 18:21:56.631,0.81785,0.8181,3.20,16.00
2009.07.06 18:21:56.981,0.81795,0.8181,3.20,16.00
2009.07.06 18:21:57.971,0.81795,0.8182,3.20,26.60
2009.07.06 18:21:58.471,0.81795,0.8182,3.20,20.80
2009.07.06 18:21:58.531,0.818,0.8182,3.20,16.00
2009.07.06 18:21:59.180,0.818,0.81825,3.20,21.80
2009.07.06 18:21:59.651,0.81795,0.81825,3.20,21.80
2009.07.06 18:22:00.360,0.818,0.81825,3.20,21.80
2009.07.06 18:22:00.851,0.8179,0.81825,13.60,25.00
2009.07.06 18:22:01.200,0.8179,0.8182,8.00,6.60
2009.07.06 18:22:01.440,0.8179,0.81815,8.00,3.20
2009.07.06 18:22:01.900,0.81785,0.8182,5.60,22.60
2009.07.06 18:22:02.130,0.81785,0.81815,21.60,2.60
2009.07.06 18:22:02.360,0.8179,0.8181,4.80,24.00
2009.07.06 18:22:02.700,0.81785,0.818,8.00,3.20
2009.07.06 18:22:03.050,0.81775,0.818,16.00,3.20
2009.07.06 18:22:04.359,0.8177,0.8179,14.00,3.20
2009.07.06 18:22:05.739,0.8178,0.8179,4.80,3.20
2009.07.06 18:22:07.119,0.8177,0.8179,10.80,3.20
2009.07.06 18:22:09.338,0.8177,0.8178,10.60,3.20
2009.07.06 18:22:09.628,0.8176,0.81775,22.00,3.20
2009.07.06 18:22:10.438,0.8176,0.8178,22.00,3.20
2009.07.06 18:22:10.658,0.8176,0.8178,21.60,3.20
2009.07.06 18:22:10.958,0.8176,0.81775,13.60,3.20
2009.07.06 18:22:11.188,0.8176,0.81775,5.60,3.20
2009.07.06 18:22:12.527,0.8176,0.8178,5.60,3.20
2009.07.06 18:22:12.867,0.8176,0.8178,13.60,3.20
2009.07.06 18:22:13.098,0.8176,0.81785,13.60,3.20
2009.07.06 18:22:13.777,0.81765,0.81785,5.60,3.20
2009.07.06 18:22:14.227,0.8177,0.81795,5.60,3.20
2009.07.06 18:22:14.577,0.81775,0.818,21.60,3.20
2009.07.06 18:22:15.047,0.81785,0.81805,5.60,3.20
2009.07.06 18:22:15.567,0.81785,0.8181,5.60,3.20
2009.07.06 18:22:15.857,0.81785,0.81805,21.60,3.20
2009.07.06 18:22:16.146,0.81785,0.818,21.60,3.20
2009.07.06 18:22:16.986,0.81785,0.81795,16.00,3.20
2009.07.06 18:22:17.166,0.81785,0.818,5.60,3.20
2009.07.06 18:22:20.075,0.81785,0.8181,5.60,3.20
2009.07.06 18:22:20.765,0.81785,0.818,5.60,3.20
2009.07.06 18:22:29.103,0.8179,0.8181,5.60,3.20
2009.07.06 18:22:29.393,0.8179,0.81815,5.60,3.20
2009.07.06 18:22:29.623,0.81785,0.818,5.60,3.20
2009.07.06 18:22:30.833,0.81785,0.81805,5.60,3.20
2009.07.06 18:22:31.283,0.81785,0.8181,5.60,3.20
2009.07.06 18:22:32.692,0.81795,0.81815,5.60,3.20
2009.07.06 18:22:32.982,0.8179,0.81815,5.60,3.20
2009.07.06 18:22:33.262,0.81795,0.81815,5.60,3.20
2009.07.06 18:22:33.562,0.8179,0.81815,13.60,3.20
2009.07.06 18:22:33.742,0.8179,0.8181,5.60,3.20
2009.07.06 18:22:34.932,0.8179,0.81825,5.60,25.80
2009.07.06 18:22:37.231,0.8179,0.8182,5.60,8.00
2009.07.06 18:22:37.511,0.8179,0.8182,5.60,16.00
2009.07.06 18:22:39.451,0.8179,0.8182,5.60,8.00
2009.07.06 18:22:39.511,0.8179,0.81825,5.60,33.80
2009.07.06 18:22:39.681,0.8179,0.81825,5.60,25.80
2009.07.06 18:22:40.021,0.8179,0.8182,5.60,8.00
2009.07.06 18:22:40.320,0.8179,0.8182,5.60,16.00
2009.07.06 18:22:42.130,0.8179,0.81825,5.60,25.80
2009.07.06 18:22:46.359,0.8179,0.81815,5.60,8.00
2009.07.06 18:22:46.519,0.81785,0.8181,16.00,4.00
2009.07.06 18:22:46.699,0.8179,0.8181,12.80,13.60
2009.07.06 18:22:46.879,0.81775,0.8181,8.80,16.80
2009.07.06 18:22:47.719,0.81785,0.8181,5.60,8.80
2009.07.06 18:22:48.069,0.81785,0.8182,5.60,29.80
2009.07.06 18:22:48.399,0.8178,0.81815,13.60,8.00
2009.07.06 18:22:48.579,0.81785,0.81815,5.60,16.00
2009.07.06 18:22:48.798,0.81785,0.8182,5.60,37.80
2009.07.06 18:22:48.908,0.818,0.8182,4.00,26.60
2009.07.06 18:22:49.139,0.81805,0.8182,5.60,20.80
2009.07.06 18:22:49.258,0.81805,0.81815,5.60,8.00
2009.07.06 18:22:49.318,0.81805,0.81815,21.60,8.00
2009.07.06 18:22:49.428,0.81805,0.81815,16.00,8.00
2009.07.06 18:22:49.548,0.81805,0.8183,8.00,8.00
2009.07.06 18:22:49.889,0.81795,0.8183,5.60,19.20
2009.07.06 18:22:50.228,0.81795,0.8183,5.60,25.00
2009.07.06 18:22:51.168,0.8179,0.81825,5.60,20.00
2009.07.06 18:22:52.718,0.8179,0.8182,8.80,12.80
2009.07.06 18:22:52.778,0.81795,0.81825,5.60,16.00
2009.07.06 18:22:52.838,0.81795,0.81825,13.60,8.00
2009.07.06 18:22:52.998,0.81795,0.8183,21.60,37.80
2009.07.06 18:22:53.057,0.81795,0.8183,21.60,29.80
2009.07.06 18:22:53.108,0.81805,0.8183,5.60,29.80
2009.07.06 18:22:53.218,0.81805,0.8183,5.60,18.60
2009.07.06 18:22:53.277,0.81805,0.8182,5.60,4.80
2009.07.06 18:22:53.447,0.81805,0.8182,13.60,4.80
2009.07.06 18:22:53.787,0.81805,0.8184,21.60,10.60
2009.07.06 18:22:54.127,0.81805,0.8184,24.80,10.60
2009.07.06 18:22:55.097,0.81805,0.8183,19.20,4.80
2009.07.06 18:22:55.277,0.8181,0.8183,8.00,19.20
2009.07.06 18:22:55.517,0.81795,0.8183,21.60,19.20
2009.07.06 18:22:57.097,0.81795,0.8183,21.60,21.80
2009.07.06 18:22:57.207,0.81795,0.81825,21.60,4.80
2009.07.06 18:22:57.447,0.81795,0.81825,16.00,8.00
2009.07.06 18:22:57.616,0.8179,0.81825,5.60,20.00
2009.07.06 18:23:00.106,0.81805,0.8182,8.80,12.80
2009.07.06 18:23:00.456,0.81805,0.81835,24.80,2.60
2009.07.06 18:23:02.125,0.81805,0.81835,19.20,2.60
2009.07.06 18:23:02.405,0.81805,0.8183,8.00,8.00
2009.07.06 18:23:02.525,0.8181,0.8183,8.00,19.20
2009.07.06 18:23:02.745,0.81795,0.8183,25.20,19.20
2009.07.06 18:23:06.914,0.81795,0.8183,25.20,16.00
2009.07.06 18:23:07.384,0.81805,0.8183,5.60,16.00
2009.07.06 18:23:07.554,0.81805,0.8183,5.60,8.00
2009.07.06 18:23:07.724,0.81805,0.8183,5.60,16.00
2009.07.06 18:23:08.124,0.81805,0.8183,5.60,8.00
2009.07.06 18:23:08.344,0.81805,0.81835,5.60,2.60
2009.07.06 18:23:08.524,0.81805,0.8184,5.60,30.60
2009.07.06 18:23:10.434,0.81805,0.8183,5.60,4.80
2009.07.06 18:23:10.733,0.81805,0.8184,5.60,26.60
2009.07.06 18:23:10.843,0.81805,0.8184,13.60,18.60
2009.07.06 18:23:11.073,0.81805,0.8184,16.00,13.80
2009.07.06 18:23:11.373,0.818,0.8184,24.80,29.80
2009.07.06 18:23:11.543,0.818,0.8183,8.00,4.80
2009.07.06 18:23:11.873,0.81795,0.8183,25.20,19.20
2009.07.06 18:23:12.573,0.81795,0.8183,24.80,19.20
2009.07.06 18:23:18.681,0.818,0.8183,8.00,4.80
2009.07.06 18:23:18.921,0.81795,0.8183,33.20,16.00
2009.07.06 18:23:19.261,0.81795,0.8183,25.20,16.00
2009.07.06 18:23:22.241,0.81795,0.8183,25.20,16.00
2009.07.06 18:23:23.050,0.818,0.8183,5.60,16.00
2009.07.06 18:23:23.280,0.818,0.8183,13.60,8.00
2009.07.06 18:23:23.450,0.818,0.81835,13.60,20.00
2009.07.06 18:23:24.690,0.818,0.81835,13.60,16.80
2009.07.06 18:23:25.040,0.818,0.81835,13.60,20.00
2009.07.06 18:23:25.400,0.8181,0.81835,13.60,8.00
2009.07.06 18:23:25.850,0.81815,0.81835,5.60,3.20
2009.07.06 18:23:26.209,0.81815,0.8184,5.60,4.80
2009.07.06 18:23:26.490,0.8181,0.8184,13.60,4.80
2009.07.06 18:23:26.720,0.8181,0.81845,13.60,20.00
2009.07.06 18:23:29.189,0.8181,0.81845,5.60,20.00
2009.07.06 18:23:29.879,0.8181,0.81845,5.60,23.20
2009.07.06 18:23:33.258,0.81805,0.81845,25.20,28.80
2009.07.06 18:23:33.378,0.81805,0.8184,24.80,8.00
2009.07.06 18:23:33.678,0.81805,0.8184,21.60,16.00
2009.07.06 18:23:34.637,0.81805,0.81835,5.60,16.00
2009.07.06 18:23:34.807,0.818,0.81835,5.60,16.80
2009.07.06 18:23:35.388,0.818,0.81835,5.60,20.00
2009.07.06 18:23:36.027,0.81805,0.81835,8.00,12.00
2009.07.06 18:23:36.137,0.81805,0.81835,16.00,4.00
2009.07.06 18:23:36.537,0.8182,0.81845,13.60,5.80
2009.07.06 18:23:36.657,0.81815,0.81845,21.60,9.80
2009.07.06 18:23:37.627,0.81815,0.81845,21.60,6.60
2009.07.06 18:23:37.907,0.8182,0.81845,8.00,5.80
2009.07.06 18:23:38.496,0.8182,0.8184,8.00,8.00
2009.07.06 18:23:38.897,0.8182,0.8185,8.00,11.40
2009.07.06 18:23:38.957,0.81825,0.8185,16.00,10.60
2009.07.06 18:23:39.187,0.81825,0.81845,16.00,3.20
2009.07.06 18:23:41.166,0.81825,0.81845,8.00,3.20
2009.07.06 18:23:41.386,0.8182,0.81845,8.00,4.00
2009.07.06 18:23:41.506,0.81815,0.81845,16.00,4.00
2009.07.06 18:23:41.726,0.81815,0.81845,16.00,3.20
2009.07.06 18:23:41.786,0.8182,0.81845,8.00,3.20
2009.07.06 18:23:42.076,0.8182,0.8185,8.00,11.40
2009.07.06 18:23:42.306,0.8182,0.81845,8.00,3.20
2009.07.06 18:23:43.715,0.8182,0.8183,8.00,4.00
2009.07.06 18:23:44.175,0.81785,0.81825,16.00,1.60
2009.07.06 18:23:44.355,0.81785,0.81825,16.00,4.80
2009.07.06 18:23:45.505,0.8179,0.81825,13.60,20.80
2009.07.06 18:23:45.975,0.8179,0.81825,10.40,20.80
2009.07.06 18:23:46.145,0.8179,0.81825,13.60,20.80
2009.07.06 18:23:46.315,0.8179,0.8182,13.60,8.00
2009.07.06 18:23:46.595,0.8179,0.8182,5.60,12.80
2009.07.06 18:23:46.815,0.8179,0.8182,5.60,16.00
2009.07.06 18:23:47.044,0.8179,0.8182,8.80,16.00
2009.07.06 18:23:47.584,0.8179,0.8182,5.60,16.00
2009.07.06 18:23:47.964,0.8179,0.8182,8.80,16.00
2009.07.06 18:23:49.024,0.8179,0.8182,8.80,8.00
2009.07.06 18:23:49.314,0.81785,0.8182,28.00,33.60
2009.07.06 18:23:49.654,0.81805,0.81815,5.60,8.00
2009.07.06 18:23:49.934,0.818,0.8183,8.00,11.20
2009.07.06 18:23:50.274,0.81795,0.8183,16.00,19.20
2009.07.06 18:23:53.173,0.81795,0.8183,19.20,16.00
2009.07.06 18:23:53.393,0.8181,0.8183,5.60,16.00
2009.07.06 18:23:54.093,0.8181,0.8183,5.60,8.00
2009.07.06 18:23:54.433,0.8181,0.8184,5.60,26.60
2009.07.06 18:23:54.673,0.8181,0.8183,5.60,4.80
2009.07.06 18:23:54.843,0.8181,0.8184,5.60,26.60
2009.07.06 18:24:10.529,0.8181,0.8184,8.80,20.80
2009.07.06 18:24:10.649,0.8181,0.8183,8.80,4.80
2009.07.06 18:24:10.939,0.8181,0.81845,5.60,22.60
2009.07.06 18:24:11.059,0.8181,0.81845,5.60,25.80
2009.07.06 18:24:11.519,0.8181,0.81845,5.60,22.60
2009.07.06 18:24:12.048,0.81815,0.81845,5.60,16.00
2009.07.06 18:24:12.268,0.81815,0.8185,5.60,38.60
2009.07.06 18:24:12.488,0.81815,0.8185,5.60,27.40
2009.07.06 18:24:16.367,0.81815,0.8185,6.00,24.80
2009.07.06 18:24:16.588,0.81825,0.8185,5.60,24.80
2009.07.06 18:24:16.767,0.8182,0.81855,13.60,9.00
2009.07.06 18:24:16.937,0.8182,0.8185,5.60,8.00
2009.07.06 18:24:17.107,0.8182,0.8185,5.60,16.00
2009.07.06 18:24:17.687,0.8182,0.8185,5.60,8.00
2009.07.06 18:24:17.857,0.8182,0.81845,5.60,8.00
2009.07.06 18:24:17.978,0.81825,0.81855,5.60,29.80
2009.07.06 18:24:18.037,0.8183,0.81855,5.60,19.20
2009.07.06 18:24:18.097,0.8183,0.81855,5.60,16.00
2009.07.06 18:24:20.946,0.8183,0.8186,5.60,29.80
2009.07.06 18:24:26.325,0.8183,0.8186,5.60,25.00
2009.07.06 18:24:38.302,0.8183,0.8186,13.60,8.00
2009.07.06 18:24:38.482,0.8183,0.8186,5.60,8.00
2009.07.06 18:24:38.722,0.8183,0.8186,5.60,16.00
2009.07.06 18:24:41.452,0.81835,0.81865,5.60,25.00
2009.07.06 18:24:41.682,0.8183,0.8186,13.60,5.80
2009.07.06 18:24:41.912,0.8183,0.8186,8.00,5.80
2009.07.06 18:24:42.311,0.81825,0.8186,25.60,17.00
2009.07.06 18:24:42.591,0.81825,0.8186,17.60,26.60
2009.07.06 18:24:43.601,0.81825,0.8186,19.20,26.60
2009.07.06 18:24:44.721,0.81825,0.8186,20.80,26.60
2009.07.06 18:24:45.080,0.81825,0.8186,20.80,29.80
2009.07.06 18:24:45.550,0.81825,0.81855,20.80,9.00
2009.07.06 18:24:45.660,0.81825,0.81855,4.80,9.00
2009.07.06 18:24:45.840,0.81825,0.81855,5.60,9.00
2009.07.06 18:24:46.670,0.8182,0.8185,8.00,25.60
2009.07.06 18:24:46.780,0.81825,0.8185,8.00,34.40
2009.07.06 18:24:46.950,0.81825,0.8185,5.60,8.00
2009.07.06 18:24:47.070,0.81825,0.81855,5.60,17.00
2009.07.06 18:24:47.190,0.81825,0.81855,5.60,9.00
2009.07.06 18:24:48.010,0.81825,0.8184,5.60,3.20
2009.07.06 18:24:50.599,0.81825,0.8185,5.60,3.20
2009.07.06 18:24:50.999,0.81825,0.8184,5.60,3.20
2009.07.06 18:25:00.257,0.8182,0.8184,13.60,3.20
2009.07.06 18:25:00.427,0.8182,0.8184,5.60,3.20
2009.07.06 18:25:00.707,0.81825,0.8184,5.60,3.20
2009.07.06 18:25:01.846,0.8182,0.81835,5.60,3.20
2009.07.06 18:25:02.356,0.8182,0.81835,6.00,3.20
2009.07.06 18:25:02.627,0.81825,0.81845,5.60,3.20
2009.07.06 18:25:04.386,0.8183,0.81845,4.80,3.20
2009.07.06 18:25:04.666,0.8182,0.8184,5.60,3.20
2009.07.06 18:25:05.306,0.81815,0.81835,5.60,3.20
2009.07.06 18:25:08.875,0.8181,0.81825,5.60,3.20
2009.07.06 18:25:11.214,0.8181,0.8183,5.60,3.20
2009.07.06 18:25:13.104,0.81805,0.81825,24.80,3.20
2009.07.06 18:25:13.274,0.81805,0.81825,21.60,3.20
2009.07.06 18:25:15.633,0.8181,0.81825,5.60,3.20
2009.07.06 18:25:15.923,0.8181,0.8183,5.60,3.20
2009.07.06 18:25:24.331,0.81805,0.8183,21.60,3.20
2009.07.06 18:25:24.621,0.81805,0.81825,21.60,3.20
2009.07.06 18:25:24.791,0.81815,0.8183,5.60,3.20
2009.07.06 18:25:28.170,0.8181,0.8183,5.60,3.20
2009.07.06 18:25:28.800,0.81805,0.81825,21.60,3.20
2009.07.06 18:25:30.240,0.8181,0.8183,5.60,3.20
2009.07.06 18:25:43.299,0.81815,0.81835,5.60,3.20
2009.07.06 18:25:43.539,0.81815,0.8183,5.60,3.20
2009.07.06 18:25:43.999,0.81815,0.81835,5.60,3.20
2009.07.06 18:25:47.108,0.8181,0.81835,13.60,3.20
2009.07.06 18:25:47.278,0.8181,0.81825,5.60,3.20
2009.07.06 18:25:49.127,0.81815,0.8183,5.60,3.20
2009.07.06 18:25:50.177,0.8182,0.81835,5.60,3.20
2009.07.06 18:25:59.355,0.8182,0.81845,13.60,3.20
2009.07.06 18:25:59.625,0.8182,0.81845,5.60,3.20
2009.07.06 18:26:08.633,0.81825,0.81845,5.60,3.20
2009.07.06 18:26:12.032,0.8183,0.81845,5.60,3.20
2009.07.06 18:26:46.354,0.8183,0.8187,5.60,21.80
2009.07.06 18:26:48.183,0.8183,0.8186,5.60,25.00
2009.07.06 18:26:59.191,0.81835,0.8186,5.60,19.20
2009.07.06 18:26:59.600,0.81835,0.81865,5.60,16.00
2009.07.06 18:27:16.877,0.81835,0.81865,5.60,16.00
2009.07.06 18:27:20.645,0.8183,0.81865,5.60,16.00
2009.07.06 18:27:26.724,0.81835,0.81865,5.60,16.00
2009.07.06 18:27:31.043,0.8183,0.81865,5.60,16.00
2009.07.06 18:27:43.940,0.8183,0.81865,8.80,16.00
2009.07.06 18:27:44.220,0.81835,0.81865,5.60,16.00
2009.07.06 18:27:45.290,0.8183,0.81865,5.60,16.00
2009.07.06 18:27:58.227,0.81845,0.8186,8.80,12.80
2009.07.06 18:27:58.516,0.81835,0.81865,5.60,16.00
2009.07.06 18:28:00.526,0.8184,0.81865,5.60,16.00
2009.07.06 18:28:00.746,0.8184,0.81865,8.80,16.00
2009.07.06 18:28:00.976,0.8184,0.8187,8.80,10.60
2009.07.06 18:28:02.085,0.8184,0.8187,8.80,7.40
2009.07.06 18:28:02.195,0.8184,0.8186,8.80,4.80
2009.07.06 18:28:02.435,0.8184,0.81875,8.80,21.80
2009.07.06 18:28:06.054,0.81845,0.8187,5.60,11.20
2009.07.06 18:28:06.344,0.81845,0.81865,8.80,8.00
2009.07.06 18:28:06.634,0.8184,0.8187,8.80,2.60
2009.07.06 18:28:20.121,0.8184,0.8187,8.80,18.60
2009.07.06 18:28:20.521,0.8184,0.8187,8.80,2.60
2009.07.06 18:28:20.741,0.8184,0.81865,8.80,8.00
2009.07.06 18:28:20.971,0.8184,0.8187,8.80,16.00
2009.07.06 18:28:21.261,0.8184,0.8187,5.60,16.00
2009.07.06 18:28:22.341,0.8184,0.8187,5.60,8.00
2009.07.06 18:28:22.571,0.8184,0.8187,5.60,16.00
2009.07.06 18:28:22.681,0.8184,0.8187,5.60,8.00
2009.07.06 18:28:22.791,0.8184,0.81865,5.60,8.00
2009.07.06 18:28:23.030,0.8184,0.8187,5.60,16.00
2009.07.06 18:28:23.481,0.8184,0.8187,8.80,16.00
2009.07.06 18:28:24.060,0.8184,0.8187,5.60,16.00
2009.07.06 18:28:25.510,0.8184,0.8187,8.80,16.00
2009.07.06 18:28:25.870,0.8184,0.8187,8.80,8.00
2009.07.06 18:28:26.209,0.8184,0.8187,8.80,16.00
2009.07.06 18:28:27.063,0.8184,0.8187,8.80,8.00
2009.07.06 18:28:27.290,0.8184,0.81865,8.80,8.00
2009.07.06 18:28:27.570,0.8184,0.8187,8.80,16.00
2009.07.06 18:28:32.388,0.8184,0.8187,16.80,8.00
2009.07.06 18:28:33.878,0.8184,0.8187,8.80,8.00
2009.07.06 18:28:33.998,0.8184,0.8187,16.80,8.00
2009.07.06 18:28:34.857,0.8184,0.81875,13.60,9.80
2009.07.06 18:28:35.198,0.8184,0.8187,16.80,8.00
2009.07.06 18:28:35.497,0.8184,0.8187,8.80,8.00
2009.07.06 18:28:35.847,0.8184,0.8187,16.80,8.00
2009.07.06 18:28:37.307,0.8184,0.8187,16.80,16.00
2009.07.06 18:28:37.547,0.8184,0.8187,8.80,16.00
2009.07.06 18:28:39.037,0.8184,0.81865,5.60,3.20
2009.07.06 18:28:48.294,0.8184,0.81865,13.60,3.20
2009.07.06 18:28:48.814,0.81845,0.8187,5.60,16.00
2009.07.06 18:28:48.974,0.81845,0.81875,13.60,3.20
2009.07.06 18:28:49.094,0.8185,0.81875,5.60,3.20
2009.07.06 18:28:54.383,0.81845,0.81875,5.60,5.80
2009.07.06 18:28:54.673,0.81845,0.81865,5.60,3.20
2009.07.06 18:28:54.953,0.8184,0.81865,13.60,3.20
2009.07.06 18:28:55.123,0.81835,0.81865,21.60,3.20
2009.07.06 18:29:14.118,0.81835,0.8186,21.60,3.20
2009.07.06 18:29:14.588,0.81835,0.81855,5.60,3.20
2009.07.06 18:29:45.321,0.81835,0.81865,5.60,16.00
2009.07.06 18:30:07.915,0.81835,0.81865,5.60,8.00
2009.07.06 18:30:08.085,0.81835,0.8187,5.60,30.60
2009.07.06 18:30:08.785,0.8184,0.8187,1.00,24.00
2009.07.06 18:30:09.005,0.8185,0.8187,8.80,20.80
2009.07.06 18:30:09.175,0.8185,0.81875,8.80,2.60
2009.07.06 18:30:09.285,0.8185,0.8188,8.80,18.60
2009.07.06 18:30:09.465,0.8185,0.8188,8.80,10.60
2009.07.06 18:30:11.484,0.8185,0.8188,3.20,16.20
2009.07.06 18:30:11.724,0.8184,0.8188,13.60,36.20
2009.07.06 18:30:13.894,0.8185,0.8188,8.80,27.40
2009.07.06 18:30:13.953,0.8185,0.8188,8.80,26.60
2009.07.06 18:30:14.004,0.8185,0.81875,8.80,16.00
2009.07.06 18:30:14.244,0.8184,0.81875,13.60,16.00
2009.07.06 18:30:15.034,0.8184,0.81875,5.60,16.00
2009.07.06 18:30:15.743,0.8185,0.81875,5.60,16.00
2009.07.06 18:30:15.913,0.8185,0.8188,8.80,35.40
2009.07.06 18:30:16.143,0.8185,0.8188,8.80,26.60
2009.07.06 18:30:19.762,0.81845,0.8188,5.60,26.60
2009.07.06 18:30:19.982,0.8185,0.8188,3.20,26.60
2009.07.06 18:30:23.321,0.81845,0.8188,24.80,26.60
2009.07.06 18:30:24.361,0.81845,0.81875,21.60,3.20
2009.07.06 18:30:24.691,0.8184,0.8187,13.60,4.80
2009.07.06 18:30:25.091,0.8184,0.8187,5.60,12.80
2009.07.06 18:30:26.321,0.81845,0.8187,5.60,12.80
2009.07.06 18:30:26.661,0.81845,0.8188,24.80,34.60
2009.07.06 18:30:27.001,0.81845,0.8188,24.80,26.60
2009.07.06 18:30:27.530,0.81845,0.8187,8.80,16.00
2009.07.06 18:30:28.500,0.8184,0.8187,8.80,16.00
2009.07.06 18:30:28.840,0.8184,0.81865,8.80,16.00
2009.07.06 18:30:29.070,0.8184,0.81865,3.20,16.00
2009.07.06 18:30:29.460,0.81835,0.8186,5.60,16.00
2009.07.06 18:30:29.910,0.81835,0.8186,8.80,16.00
2009.07.06 18:30:30.140,0.8183,0.8186,8.80,16.00
2009.07.06 18:30:30.350,0.81835,0.8186,8.80,16.00
2009.07.06 18:30:30.640,0.8183,0.8186,8.80,16.00
2009.07.06 18:30:31.080,0.8183,0.8186,3.20,16.00
2009.07.06 18:30:31.360,0.81825,0.8185,8.80,16.00
2009.07.06 18:30:32.519,0.81825,0.8185,16.80,8.00
2009.07.06 18:30:32.689,0.81825,0.8186,24.80,3.20
2009.07.06 18:30:34.029,0.8183,0.8186,3.20,16.00
2009.07.06 18:30:34.079,0.8183,0.81865,16.80,2.60
2009.07.06 18:30:34.369,0.81835,0.81865,3.20,2.60
2009.07.06 18:30:34.659,0.81835,0.8186,24.80,4.80
2009.07.06 18:30:34.869,0.8183,0.8186,16.80,4.80
2009.07.06 18:30:35.089,0.8184,0.8186,3.20,4.80
2009.07.06 18:30:35.428,0.81835,0.8186,8.00,4.80
2009.07.06 18:30:35.938,0.8183,0.8186,16.80,4.80
2009.07.06 18:30:38.798,0.8182,0.8184,22.00,3.20
2009.07.06 18:30:39.367,0.81825,0.8184,8.00,3.20
2009.07.06 18:30:39.428,0.81825,0.81845,21.60,3.20
2009.07.06 18:30:39.777,0.81825,0.8184,21.60,3.20
2009.07.06 18:30:39.837,0.8182,0.8184,22.00,3.20
2009.07.06 18:30:39.888,0.8182,0.8185,22.00,3.20
2009.07.06 18:30:40.177,0.81825,0.81845,21.60,3.20
2009.07.06 18:30:40.417,0.81825,0.8184,16.00,3.20
2009.07.06 18:30:40.657,0.81825,0.8184,5.60,3.20
2009.07.06 18:30:40.887,0.81825,0.8185,21.60,3.20
2009.07.06 18:30:42.347,0.8183,0.8185,5.60,3.20
2009.07.06 18:30:43.147,0.8183,0.81855,5.60,3.20
2009.07.06 18:30:47.256,0.81835,0.8185,5.60,3.20
2009.07.06 18:30:47.536,0.81835,0.81855,5.60,3.20
2009.07.06 18:30:50.325,0.81825,0.8185,29.60,3.20
2009.07.06 18:30:50.565,0.81825,0.8185,21.60,3.20
2009.07.06 18:30:51.375,0.81825,0.8185,22.00,3.20
2009.07.06 18:30:51.665,0.8183,0.81845,5.60,3.20
2009.07.06 18:30:52.014,0.8183,0.8185,5.60,3.20
2009.07.06 18:30:53.614,0.81835,0.8185,5.60,3.20
2009.07.06 18:30:53.954,0.81835,0.81855,5.60,3.20
2009.07.06 18:30:58.793,0.81835,0.8185,5.60,3.20
2009.07.06 18:30:58.963,0.81835,0.81855,5.60,3.20
2009.07.06 18:31:00.042,0.8183,0.8185,8.00,3.20
2009.07.06 18:31:00.682,0.81825,0.8185,25.20,3.20
2009.07.06 18:31:02.632,0.81825,0.8185,26.00,3.20
2009.07.06 18:31:02.752,0.81835,0.8185,5.60,3.20
2009.07.06 18:31:02.812,0.81835,0.81855,5.60,3.20
2009.07.06 18:31:06.451,0.81835,0.81855,5.60,3.20
2009.07.06 18:31:09.630,0.81835,0.8185,5.60,3.20
2009.07.06 18:31:11.820,0.8183,0.8185,9.20,3.20
2009.07.06 18:31:27.676,0.8183,0.81855,5.60,3.20
2009.07.06 18:31:27.896,0.8183,0.8185,5.60,3.20
2009.07.06 18:31:30.075,0.8183,0.81855,13.60,3.20
2009.07.06 18:31:30.135,0.8183,0.81855,5.60,3.20
2009.07.06 18:31:30.595,0.8183,0.8185,5.60,3.20
2009.07.06 18:31:44.852,0.81835,0.81845,5.60,3.20
2009.07.06 18:31:52.070,0.81825,0.8184,13.60,3.20
2009.07.06 18:32:01.638,0.8182,0.81845,5.60,3.20
2009.07.06 18:32:02.128,0.8182,0.8184,5.60,3.20
2009.07.06 18:32:02.428,0.8182,0.8184,8.00,3.20
2009.07.06 18:32:02.707,0.8182,0.8184,13.60,3.20
2009.07.06 18:32:02.937,0.8182,0.81835,5.60,3.20
2009.07.06 18:32:03.268,0.81815,0.81845,5.60,19.20
2009.07.06 18:32:03.777,0.81815,0.81835,21.60,3.20
2009.07.06 18:32:04.117,0.81815,0.81845,21.60,3.20
2009.07.06 18:32:04.457,0.81815,0.8184,21.60,3.20
2009.07.06 18:32:04.797,0.81825,0.81845,5.60,3.20
2009.07.06 18:32:05.037,0.81825,0.81835,5.60,3.20
2009.07.06 18:32:05.217,0.8182,0.81835,5.60,3.20
2009.07.06 18:32:10.356,0.8182,0.81835,13.60,3.20
2009.07.06 18:32:12.735,0.8182,0.8184,13.60,3.20
2009.07.06 18:32:17.734,0.8182,0.81845,5.60,3.20
2009.07.06 18:32:17.904,0.8182,0.81835,8.00,3.20
2009.07.06 18:32:18.204,0.81815,0.81835,29.60,3.20
2009.07.06 18:32:18.604,0.81815,0.81835,21.60,3.20
2009.07.06 18:32:18.904,0.81815,0.81835,13.60,3.20
2009.07.06 18:32:19.303,0.81815,0.81835,21.60,3.20
2009.07.06 18:32:20.183,0.81815,0.81835,13.60,3.20
2009.07.06 18:32:20.423,0.8181,0.8183,22.00,3.20
2009.07.06 18:32:20.943,0.8181,0.8183,21.60,3.20
2009.07.06 18:32:21.173,0.8181,0.8183,16.80,3.20
2009.07.06 18:32:26.612,0.8182,0.81835,5.60,3.20
2009.07.06 18:32:28.061,0.8181,0.81835,16.80,3.20
2009.07.06 18:32:28.291,0.81815,0.81835,5.60,3.20
2009.07.06 18:32:28.581,0.8181,0.8183,5.60,3.20
2009.07.06 18:32:30.061,0.8181,0.8183,13.60,3.20
2009.07.06 18:32:30.361,0.8182,0.81835,5.60,3.20
2009.07.06 18:32:32.710,0.81825,0.81845,5.60,3.20
2009.07.06 18:32:34.680,0.8182,0.8184,8.00,3.20
2009.07.06 18:32:34.979,0.81815,0.81835,13.60,3.20
2009.07.06 18:32:35.270,0.81815,0.81835,5.60,3.20
2009.07.06 18:32:36.849,0.8181,0.8183,13.60,3.20
2009.07.06 18:32:38.669,0.8181,0.8183,8.00,3.20
2009.07.06 18:32:38.729,0.8181,0.81825,8.00,3.20
2009.07.06 18:32:39.019,0.81805,0.8183,21.60,3.20
2009.07.06 18:32:40.278,0.81805,0.8183,13.60,3.20
2009.07.06 18:32:40.618,0.81805,0.8183,21.60,3.20
2009.07.06 18:32:49.416,0.8181,0.8183,5.60,3.20
2009.07.06 18:32:56.064,0.81805,0.8183,21.60,3.20
2009.07.06 18:32:56.285,0.81805,0.81825,21.60,3.20
2009.07.06 18:32:56.454,0.8181,0.81825,5.60,3.20
2009.07.06 18:32:56.744,0.8181,0.8183,5.60,3.20
2009.07.06 18:32:57.094,0.81815,0.8183,5.60,3.20
2009.07.06 18:32:57.214,0.81815,0.81835,5.60,3.20
2009.07.06 18:32:57.334,0.8181,0.81835,5.60,3.20
2009.07.06 18:32:57.454,0.8181,0.81835,13.60,3.20
2009.07.06 18:32:57.514,0.81815,0.81835,5.60,3.20
2009.07.06 18:33:00.063,0.81815,0.8184,5.60,3.20
2009.07.06 18:33:16.630,0.8182,0.81845,13.60,3.20
2009.07.06 18:33:18.579,0.8182,0.81845,8.00,3.20
2009.07.06 18:33:18.689,0.81815,0.8183,16.00,3.20
2009.07.06 18:33:18.979,0.8181,0.8183,21.60,3.20
2009.07.06 18:33:19.209,0.8181,0.8183,13.60,3.20
2009.07.06 18:33:28.967,0.8181,0.81835,13.60,3.20
2009.07.06 18:33:37.464,0.8181,0.8183,13.60,3.20
2009.07.06 18:33:37.745,0.8181,0.8183,5.60,3.20
2009.07.06 18:33:38.094,0.81815,0.81835,5.60,3.20
2009.07.06 18:33:38.445,0.81815,0.81835,21.60,3.20
2009.07.06 18:33:45.373,0.8182,0.81835,5.60,3.20
2009.07.06 18:33:45.543,0.8182,0.8184,5.60,3.20
2009.07.06 18:33:45.842,0.8182,0.81845,5.60,3.20
2009.07.06 18:33:48.472,0.8182,0.81835,5.60,3.20
2009.07.06 18:33:48.582,0.8182,0.8184,5.60,3.20
2009.07.06 18:33:48.692,0.81825,0.8184,5.60,3.20
2009.07.06 18:33:54.211,0.81825,0.81845,5.60,3.20
2009.07.06 18:33:56.500,0.8182,0.81845,13.60,3.20
2009.07.06 18:33:56.840,0.8182,0.81845,5.60,3.20
2009.07.06 18:34:07.397,0.81825,0.8184,5.60,3.20
2009.07.06 18:34:08.267,0.81825,0.81845,5.60,3.20
2009.07.06 18:34:12.126,0.81825,0.81845,13.60,3.20
2009.07.06 18:34:12.356,0.81825,0.8185,13.60,3.20
2009.07.06 18:34:12.466,0.81825,0.8185,21.60,3.20
2009.07.06 18:34:12.577,0.81825,0.81845,21.60,3.20
2009.07.06 18:34:13.026,0.81825,0.8184,21.60,3.20
2009.07.06 18:34:13.266,0.8182,0.8184,13.60,3.20
2009.07.06 18:34:13.496,0.81825,0.81845,21.60,3.20
2009.07.06 18:34:18.325,0.81825,0.8185,21.60,3.20
2009.07.06 18:34:21.834,0.8183,0.81855,13.60,9.00
2009.07.06 18:34:22.584,0.8183,0.81855,8.00,9.00
2009.07.06 18:34:22.704,0.81825,0.81855,21.60,9.00
2009.07.06 18:34:22.824,0.8183,0.81855,5.60,9.00
2009.07.06 18:34:25.673,0.81825,0.81855,21.60,9.00
2009.07.06 18:34:26.193,0.8183,0.81855,5.60,9.00
2009.07.06 18:34:26.653,0.81825,0.81855,21.60,9.00
2009.07.06 18:34:31.772,0.81825,0.8184,5.60,3.20
2009.07.06 18:34:36.640,0.81825,0.81855,5.60,9.00
2009.07.06 18:34:36.850,0.81825,0.8186,24.80,26.60
2009.07.06 18:34:37.080,0.81845,0.8186,3.20,26.60
2009.07.06 18:34:37.191,0.81835,0.8186,3.20,18.60
2009.07.06 18:34:37.310,0.81835,0.8186,3.20,16.00
2009.07.06 18:34:37.600,0.81835,0.81855,3.20,16.00
2009.07.06 18:34:38.060,0.81845,0.81855,3.20,8.00
2009.07.06 18:34:38.540,0.81845,0.8186,3.20,16.00
2009.07.06 18:34:38.990,0.81845,0.81865,3.20,2.60
2009.07.06 18:34:39.590,0.81855,0.8186,3.20,4.80
2009.07.06 18:34:40.279,0.81855,0.8187,3.20,10.60
2009.07.06 18:34:40.629,0.8185,0.8187,3.20,26.60
2009.07.06 18:34:41.799,0.8185,0.8187,3.20,27.40
2009.07.06 18:34:42.259,0.8185,0.8187,3.20,26.60
2009.07.06 18:34:43.099,0.81845,0.8187,3.20,26.60
2009.07.06 18:34:43.429,0.8184,0.81865,3.20,14.60
2009.07.06 18:34:43.669,0.8184,0.81865,3.20,21.80
2009.07.06 18:34:43.889,0.81845,0.81865,3.20,2.60
2009.07.06 18:34:44.169,0.81845,0.8187,3.20,27.40
2009.07.06 18:34:44.398,0.81835,0.8187,8.80,27.40
2009.07.06 18:34:44.669,0.8185,0.8187,3.20,27.40
2009.07.06 18:34:44.958,0.81845,0.8187,3.20,26.60
2009.07.06 18:34:45.178,0.8185,0.8187,3.20,34.60
2009.07.06 18:34:45.348,0.81845,0.8187,3.20,27.40
2009.07.06 18:34:45.628,0.8185,0.8187,3.20,27.40
2009.07.06 18:34:45.808,0.81845,0.81865,3.20,8.00
2009.07.06 18:34:46.188,0.81845,0.8187,3.20,26.60
2009.07.06 18:34:46.488,0.8185,0.8187,3.20,26.60
2009.07.06 18:34:47.178,0.8185,0.8187,3.20,10.60
2009.07.06 18:34:48.418,0.81855,0.8187,3.20,10.60
2009.07.06 18:34:48.598,0.8184,0.8187,8.80,26.60
2009.07.06 18:34:49.797,0.8184,0.8186,3.20,4.80
2009.07.06 18:34:49.977,0.81845,0.8187,3.20,27.40
2009.07.06 18:34:53.246,0.8185,0.8187,3.20,10.60
2009.07.06 18:34:55.306,0.81845,0.8187,3.20,10.60
2009.07.06 18:34:55.526,0.8185,0.8187,3.20,5.80
2009.07.06 18:34:57.525,0.8185,0.8187,3.20,21.80
2009.07.06 18:34:57.975,0.8185,0.8187,3.20,5.80
2009.07.06 18:35:02.684,0.8185,0.8187,3.20,13.80
2009.07.06 18:35:02.864,0.8185,0.8187,3.20,21.80
2009.07.06 18:35:04.934,0.81845,0.8187,8.80,16.00
2009.07.06 18:35:05.223,0.81855,0.81875,3.20,21.80
2009.07.06 18:35:05.563,0.81855,0.8187,3.20,16.00
2009.07.06 18:35:05.913,0.81855,0.81875,3.20,5.80
2009.07.06 18:35:06.253,0.81855,0.8187,3.20,8.00
2009.07.06 18:35:06.483,0.8185,0.8187,3.20,8.00
2009.07.06 18:35:09.382,0.8187,0.8188,3.20,5.60
2009.07.06 18:35:09.562,0.81865,0.81885,3.20,5.80
2009.07.06 18:35:10.082,0.81865,0.8188,3.20,2.60
2009.07.06 18:35:10.382,0.81855,0.8188,3.20,7.40
2009.07.06 18:35:11.082,0.81855,0.8188,3.20,10.60
2009.07.06 18:35:13.632,0.81865,0.8188,3.20,10.60
2009.07.06 18:35:13.751,0.81865,0.8187,3.20,4.80
2009.07.06 18:35:14.151,0.8187,0.81885,3.20,5.80
2009.07.06 18:35:14.381,0.8187,0.8189,3.20,10.60
2009.07.06 18:35:14.721,0.81875,0.8189,3.20,10.60
2009.07.06 18:35:14.841,0.81875,0.8189,3.20,26.60
2009.07.06 18:35:15.341,0.8187,0.8189,3.20,34.60
2009.07.06 18:35:15.581,0.81865,0.8188,3.20,8.00
2009.07.06 18:35:15.851,0.81865,0.8188,3.20,16.00
2009.07.06 18:35:16.471,0.81855,0.8188,3.20,16.00
2009.07.06 18:35:16.811,0.81855,0.8188,3.20,24.00
2009.07.06 18:35:17.160,0.81855,0.8188,3.20,16.00
2009.07.06 18:35:20.060,0.81855,0.81875,3.20,16.00
2009.07.06 18:35:20.610,0.81855,0.8188,3.20,16.00
2009.07.06 18:35:22.419,0.81855,0.81875,3.20,16.00
2009.07.06 18:35:22.709,0.81855,0.8188,3.20,16.00
2009.07.06 18:35:25.209,0.8186,0.8188,3.20,16.00
2009.07.06 18:35:25.498,0.81865,0.8188,3.20,16.00
2009.07.06 18:35:26.688,0.81865,0.81885,3.20,29.80
2009.07.06 18:35:27.038,0.81865,0.81885,3.20,21.80
2009.07.06 18:35:27.668,0.81865,0.8188,3.20,8.00
2009.07.06 18:35:27.828,0.81865,0.8188,3.20,16.00
2009.07.06 18:35:29.568,0.8187,0.8188,3.20,16.00
2009.07.06 18:35:29.898,0.81865,0.81885,3.20,21.80
2009.07.06 18:35:30.537,0.81855,0.81885,3.20,21.80
2009.07.06 18:35:30.837,0.81855,0.8188,3.20,16.00
2009.07.06 18:35:37.856,0.81865,0.8188,3.20,16.00
2009.07.06 18:35:38.356,0.81865,0.8188,3.20,8.00
2009.07.06 18:35:38.526,0.81865,0.81885,3.20,29.80
2009.07.06 18:35:38.806,0.81865,0.81885,3.20,21.80
2009.07.06 18:35:48.383,0.8185,0.81885,8.80,21.80
2009.07.06 18:35:57.371,0.8185,0.81885,16.80,21.80
2009.07.06 18:35:57.481,0.81855,0.8188,5.60,8.00
2009.07.06 18:35:57.711,0.81855,0.81885,5.60,16.00
2009.07.06 18:36:01.680,0.81855,0.8189,5.60,29.80
2009.07.06 18:36:13.087,0.8185,0.81885,16.80,16.80
2009.07.06 18:36:27.304,0.8185,0.81885,8.80,16.80
2009.07.06 18:36:35.932,0.8185,0.81885,8.80,19.40
2009.07.06 18:36:36.342,0.8185,0.81885,8.80,22.60
2009.07.06 18:36:38.371,0.8185,0.8188,5.60,3.20
2009.07.06 18:36:39.461,0.81855,0.81885,3.20,22.60
2009.07.06 18:36:42.120,0.81855,0.81885,3.20,21.80
2009.07.06 18:36:43.170,0.81855,0.8188,3.20,8.00
2009.07.06 18:36:43.510,0.81855,0.81885,3.20,22.60
2009.07.06 18:36:44.160,0.81855,0.81885,3.20,21.80
2009.07.06 18:36:48.450,0.8185,0.81885,8.80,21.80
2009.07.06 18:36:48.559,0.81855,0.81885,3.20,21.80
2009.07.06 18:36:48.729,0.81855,0.81875,3.20,8.00
2009.07.06 18:36:49.758,0.8185,0.81875,3.20,8.00
2009.07.06 18:36:49.938,0.8185,0.81875,3.20,9.60
2009.07.06 18:36:50.268,0.8185,0.81875,3.20,8.80
2009.07.06 18:36:50.438,0.8185,0.81875,3.20,16.80
2009.07.06 18:37:07.824,0.8186,0.8188,3.20,24.00
2009.07.06 18:37:08.044,0.8186,0.8188,3.20,16.00
2009.07.06 18:37:25.370,0.8186,0.81875,3.20,8.00
2009.07.06 18:37:25.490,0.81855,0.81875,3.20,8.00
2009.07.06 18:37:25.550,0.81855,0.8188,3.20,16.00
2009.07.06 18:37:25.790,0.8186,0.8188,3.20,16.00
2009.07.06 18:37:47.684,0.8185,0.8188,5.60,16.00
2009.07.06 18:37:48.824,0.8185,0.81875,5.60,8.00
2009.07.06 18:37:48.874,0.8185,0.81875,5.60,16.00
2009.07.06 18:37:48.984,0.8185,0.81875,5.60,8.00
2009.07.06 18:37:49.214,0.8185,0.8188,5.60,16.00
2009.07.06 18:37:51.004,0.81845,0.8188,5.60,19.20
2009.07.06 18:37:51.234,0.81845,0.81875,5.60,8.00
2009.07.06 18:37:53.923,0.8185,0.81875,5.60,3.20
2009.07.06 18:38:06.110,0.81845,0.81875,21.60,3.20
2009.07.06 18:38:06.340,0.8185,0.81875,5.60,3.20
2009.07.06 18:38:08.059,0.81845,0.81875,21.60,3.20
2009.07.06 18:38:08.349,0.81845,0.81875,5.60,8.00
2009.07.06 18:38:08.879,0.8185,0.81875,5.60,3.20
2009.07.06 18:38:11.809,0.8186,0.8188,5.60,8.00
2009.07.06 18:38:12.188,0.81855,0.8189,21.60,22.60
2009.07.06 18:38:12.538,0.81855,0.81885,5.60,19.20
2009.07.06 18:38:13.228,0.81855,0.81885,5.60,3.20
2009.07.06 18:38:15.528,0.8185,0.81885,13.60,3.20
2009.07.06 18:38:15.918,0.8185,0.81885,13.60,4.00
2009.07.06 18:38:16.147,0.8185,0.8188,5.60,3.20
2009.07.06 18:38:16.368,0.81855,0.81885,5.60,19.20
2009.07.06 18:38:16.697,0.81855,0.81885,5.60,3.20
2009.07.06 18:38:26.975,0.81855,0.8188,5.60,3.20
2009.07.06 18:38:27.205,0.8185,0.8188,13.60,3.20
2009.07.06 18:38:27.375,0.8185,0.8188,5.60,3.20
2009.07.06 18:38:29.054,0.8185,0.81875,5.60,3.20
2009.07.06 18:38:29.334,0.8185,0.8188,5.60,25.00
2009.07.06 18:38:29.614,0.8185,0.8188,5.60,29.80
2009.07.06 18:38:30.874,0.8185,0.8188,5.60,26.60
2009.07.06 18:38:31.164,0.8184,0.8188,16.80,29.80
2009.07.06 18:38:31.504,0.8184,0.81875,16.80,16.00
2009.07.06 18:38:32.943,0.8184,0.81875,8.80,16.00
2009.07.06 18:38:36.023,0.8185,0.8187,5.60,4.80
2009.07.06 18:38:36.433,0.81845,0.81875,5.60,3.20
2009.07.06 18:38:36.903,0.81845,0.81875,5.60,11.20
2009.07.06 18:38:37.252,0.81845,0.81875,5.60,19.20
2009.07.06 18:38:40.285,0.81845,0.8188,5.60,36.00
2009.07.06 18:38:40.462,0.81845,0.8188,5.60,32.00
2009.07.06 18:38:40.812,0.8185,0.81875,5.60,3.20
2009.07.06 18:38:41.231,0.81845,0.81875,5.60,3.20
2009.07.06 18:38:41.561,0.81845,0.81875,5.60,11.20
2009.07.06 18:38:41.901,0.81845,0.81875,5.60,19.20
2009.07.06 18:38:47.330,0.81845,0.81875,5.60,11.20
2009.07.06 18:38:47.620,0.81845,0.81875,5.60,3.20
2009.07.06 18:38:48.360,0.81845,0.81875,5.60,19.20
2009.07.06 18:38:53.598,0.8185,0.81875,3.20,16.00
2009.07.06 18:39:05.816,0.81855,0.8188,3.20,26.60
2009.07.06 18:39:20.742,0.81855,0.81875,8.80,16.00
2009.07.06 18:39:20.962,0.81855,0.8188,3.20,18.60
2009.07.06 18:39:21.492,0.81855,0.81875,3.20,16.00
2009.07.06 18:39:46.946,0.8186,0.81875,3.20,8.00
2009.07.06 18:39:47.125,0.81855,0.8188,3.20,26.60
2009.07.06 18:39:47.286,0.81855,0.8188,3.20,27.40
2009.07.06 18:39:51.734,0.8186,0.8188,3.20,27.40
2009.07.06 18:39:51.854,0.8186,0.8188,3.20,26.60
2009.07.06 18:39:52.084,0.81855,0.8188,3.20,27.40
2009.07.06 18:39:52.194,0.81865,0.8188,3.20,27.40
2009.07.06 18:39:52.304,0.8186,0.8188,3.20,27.40
2009.07.06 18:39:52.424,0.81855,0.8188,3.20,27.40
2009.07.06 18:40:10.670,0.8184,0.8187,5.60,16.00
2009.07.06 18:40:11.020,0.8184,0.81875,13.60,26.60
2009.07.06 18:40:16.258,0.81835,0.8187,25.20,16.00
2009.07.06 18:40:17.988,0.81835,0.8187,22.00,3.20
2009.07.06 18:40:18.268,0.8184,0.8187,5.60,16.00
2009.07.06 18:40:18.658,0.8184,0.8187,3.20,16.00
2009.07.06 18:40:18.878,0.8184,0.81875,5.60,26.60
2009.07.06 18:40:19.238,0.8184,0.81875,16.80,23.40
2009.07.06 18:40:23.597,0.81855,0.81875,3.20,23.40
2009.07.06 18:40:30.545,0.81855,0.81875,3.20,20.80
2009.07.06 18:40:30.935,0.81855,0.81875,3.20,8.00
2009.07.06 18:40:31.275,0.81855,0.81875,3.20,4.80
2009.07.06 18:40:31.505,0.81855,0.81875,3.20,20.80
2009.07.06 18:40:32.375,0.81845,0.8187,3.20,16.00
2009.07.06 18:40:51.450,0.81845,0.8187,3.20,8.00
2009.07.06 18:40:51.570,0.81845,0.8187,3.20,16.80
2009.07.06 18:40:52.410,0.81845,0.8187,3.20,8.00
2009.07.06 18:40:52.850,0.81845,0.8187,3.20,16.00
2009.07.06 18:41:01.228,0.81845,0.8187,3.20,8.00
2009.07.06 18:41:01.348,0.81845,0.8187,3.20,16.80
2009.07.06 18:41:02.447,0.81845,0.8187,3.20,8.00
2009.07.06 18:41:03.157,0.81845,0.8187,3.20,16.80
2009.07.06 18:41:03.487,0.81845,0.8187,3.20,16.00
2009.07.06 18:41:04.847,0.81855,0.8187,3.20,16.00
2009.07.06 18:41:07.806,0.81855,0.8187,3.20,20.00
2009.07.06 18:41:08.336,0.81855,0.8187,3.20,16.00
2009.07.06 18:41:09.316,0.81855,0.8187,3.20,8.00
2009.07.06 18:41:09.536,0.81855,0.8187,3.20,20.00
2009.07.06 18:41:15.874,0.81855,0.8187,3.20,8.00
2009.07.06 18:41:16.094,0.81855,0.8187,3.20,16.00
2009.07.06 18:41:19.303,0.81855,0.8187,3.20,8.00
2009.07.06 18:41:19.543,0.81855,0.8187,3.20,20.00
2009.07.06 18:41:21.833,0.81855,0.8187,3.20,8.00
2009.07.06 18:41:22.133,0.81855,0.8187,3.20,16.00
2009.07.06 18:41:25.002,0.81855,0.8187,3.20,8.00
2009.07.06 18:41:25.292,0.8185,0.8187,3.20,20.00
2009.07.06 18:41:26.162,0.8185,0.8187,3.20,16.00
2009.07.06 18:41:26.402,0.81855,0.81875,3.20,26.60
2009.07.06 18:41:27.991,0.81855,0.81875,3.20,24.00
2009.07.06 18:41:28.111,0.81855,0.8187,3.20,16.80
2009.07.06 18:41:29.301,0.8184,0.8187,16.80,16.80
2009.07.06 18:41:31.390,0.8184,0.8187,13.60,16.80
2009.07.06 18:41:32.320,0.8184,0.8187,16.80,16.80
2009.07.06 18:41:32.550,0.8184,0.81875,13.60,24.00
2009.07.06 18:41:44.177,0.8184,0.81875,13.60,24.00
2009.07.06 18:41:44.527,0.8184,0.8187,13.60,4.00
2009.07.06 18:41:44.887,0.8184,0.81865,5.60,3.20
2009.07.06 18:41:45.227,0.81835,0.81855,16.00,3.20
2009.07.06 18:41:45.557,0.8183,0.8186,8.80,8.80
2009.07.06 18:41:45.777,0.8183,0.8186,8.80,16.80
2009.07.06 18:41:48.136,0.8183,0.8186,8.80,16.00
2009.07.06 18:41:48.316,0.8183,0.8186,5.60,8.00
2009.07.06 18:41:48.606,0.8183,0.8186,5.60,16.80
2009.07.06 18:41:53.655,0.81835,0.8186,5.60,12.80
2009.07.06 18:41:53.825,0.81835,0.8186,5.60,3.20
2009.07.06 18:41:56.005,0.8184,0.8187,5.60,12.00
2009.07.06 18:41:57.224,0.8184,0.8187,5.60,11.20
2009.07.06 18:41:58.694,0.8184,0.8187,5.60,6.40
2009.07.06 18:41:59.264,0.8184,0.8187,13.60,6.40
2009.07.06 18:41:59.494,0.81845,0.8187,16.00,3.20
2009.07.06 18:41:59.664,0.81845,0.8187,21.60,3.20
2009.07.06 18:41:59.893,0.81845,0.8187,21.60,8.00
2009.07.06 18:42:00.173,0.81845,0.81875,16.00,9.00
2009.07.06 18:42:00.403,0.81845,0.8187,16.00,3.20
2009.07.06 18:42:01.633,0.8184,0.8187,13.60,8.80
2009.07.06 18:42:02.083,0.8184,0.8187,13.60,16.80
2009.07.06 18:42:02.593,0.8184,0.8187,5.60,16.80
2009.07.06 18:42:03.003,0.8184,0.8187,13.60,16.80
2009.07.06 18:42:03.763,0.8184,0.81875,13.60,29.80
2009.07.06 18:42:04.063,0.8184,0.81875,5.60,29.80
2009.07.06 18:42:04.812,0.8184,0.8187,5.60,16.00
2009.07.06 18:42:09.451,0.8184,0.8187,5.60,19.20
2009.07.06 18:42:20.069,0.81835,0.8186,5.60,4.80
2009.07.06 18:42:20.688,0.81835,0.8186,8.00,3.20
2009.07.06 18:42:20.848,0.8183,0.8186,13.60,3.20
2009.07.06 18:42:22.988,0.8183,0.8186,8.00,3.20
2009.07.06 18:42:23.168,0.8183,0.8186,8.00,20.00
2009.07.06 18:42:23.698,0.81825,0.81855,24.80,3.20
2009.07.06 18:42:24.048,0.81825,0.8186,24.80,19.20
2009.07.06 18:42:24.337,0.81825,0.8186,21.60,19.20
2009.07.06 18:42:30.556,0.81825,0.8186,21.60,21.80
2009.07.06 18:42:30.716,0.81825,0.8186,21.60,29.80
2009.07.06 18:42:35.435,0.8183,0.8186,5.60,27.20
2009.07.06 18:42:35.735,0.8183,0.8186,5.60,11.20
2009.07.06 18:42:36.015,0.8183,0.8186,5.60,3.20
2009.07.06 18:42:53.632,0.8183,0.8186,13.60,3.20
2009.07.06 18:42:53.902,0.81835,0.8186,5.60,3.20
2009.07.06 18:43:01.140,0.81835,0.81865,5.60,9.00
2009.07.06 18:43:01.560,0.81835,0.81865,5.60,5.80
2009.07.06 18:43:01.740,0.81835,0.8186,5.60,4.80
2009.07.06 18:43:01.920,0.8184,0.8186,5.60,4.80
2009.07.06 18:43:26.134,0.81835,0.8187,21.60,30.60
2009.07.06 18:43:26.404,0.81835,0.8187,5.60,30.60
2009.07.06 18:43:28.314,0.81835,0.81865,5.60,3.20
2009.07.06 18:43:29.294,0.81835,0.8187,5.60,30.60
2009.07.06 18:43:30.473,0.81835,0.81865,5.60,8.00
2009.07.06 18:43:30.643,0.81835,0.81865,5.60,19.20
2009.07.06 18:43:35.252,0.81835,0.81865,5.60,16.00
2009.07.06 18:43:35.362,0.81835,0.81865,5.60,19.20
2009.07.06 18:43:35.752,0.8184,0.81865,5.60,16.00
2009.07.06 18:43:35.872,0.8184,0.81865,5.60,8.00
2009.07.06 18:43:36.052,0.81835,0.8186,5.60,3.20
2009.07.06 18:43:36.222,0.81835,0.81865,5.60,19.20
2009.07.06 18:43:36.502,0.81835,0.8186,5.60,3.20
2009.07.06 18:43:36.972,0.81835,0.81865,5.60,19.20
2009.07.06 18:43:37.801,0.81835,0.81865,5.60,11.20
2009.07.06 18:43:38.151,0.81835,0.81865,5.60,3.20
2009.07.06 18:43:43.380,0.8184,0.81865,5.60,3.20
2009.07.06 18:43:43.620,0.8184,0.8187,5.60,19.20
2009.07.06 18:43:47.589,0.8184,0.8187,5.60,20.00
2009.07.06 18:43:47.769,0.81835,0.8186,8.00,3.20
2009.07.06 18:43:47.939,0.8184,0.81865,5.60,20.00
2009.07.06 18:43:48.179,0.8184,0.81865,5.60,8.00
2009.07.06 18:43:48.359,0.8184,0.8187,5.60,19.20
2009.07.06 18:44:06.414,0.8184,0.81875,13.60,29.80
2009.07.06 18:44:06.585,0.8185,0.8187,5.60,16.00
2009.07.06 18:44:06.764,0.81845,0.8188,16.00,21.80
2009.07.06 18:44:06.935,0.81845,0.8188,16.00,22.60
2009.07.06 18:44:07.324,0.8184,0.8188,13.60,30.60
2009.07.06 18:44:09.014,0.8185,0.8188,5.60,30.60
2009.07.06 18:44:09.244,0.8185,0.8188,5.60,29.80
2009.07.06 18:44:09.524,0.8185,0.8188,5.60,13.80
2009.07.06 18:44:10.683,0.8185,0.8188,5.60,29.80
2009.07.06 18:44:10.803,0.8185,0.8188,5.60,13.80
2009.07.06 18:44:11.093,0.8185,0.8188,5.60,21.80
2009.07.06 18:44:11.213,0.8185,0.8188,5.60,29.80
2009.07.06 18:44:11.273,0.81845,0.8188,16.00,29.80
2009.07.06 18:44:11.453,0.8184,0.8188,13.60,30.60
2009.07.06 18:44:18.422,0.8184,0.8188,16.80,30.60
2009.07.06 18:44:18.532,0.8185,0.8188,5.60,13.80
2009.07.06 18:44:26.799,0.8185,0.8188,5.60,21.80
2009.07.06 18:44:27.300,0.8185,0.8188,5.60,13.80
2009.07.06 18:44:43.596,0.81845,0.81875,21.60,3.20
2009.07.06 18:44:43.825,0.81845,0.81875,5.60,3.20
2009.07.06 18:45:05.211,0.8185,0.8188,5.60,10.60
2009.07.06 18:45:05.730,0.81845,0.8188,24.80,11.40
2009.07.06 18:45:06.010,0.81845,0.8188,8.80,27.40
2009.07.06 18:45:13.188,0.81845,0.8188,5.60,30.60
2009.07.06 18:45:16.148,0.81845,0.8187,5.60,8.80
2009.07.06 18:45:16.378,0.8184,0.81875,13.60,4.80
2009.07.06 18:45:16.548,0.8184,0.81875,13.60,20.80
2009.07.06 18:45:17.347,0.8184,0.81875,13.60,24.00
2009.07.06 18:45:20.477,0.81845,0.8188,5.60,30.60
2009.07.06 18:45:20.707,0.8184,0.8187,5.60,19.20
2009.07.06 18:45:23.986,0.81845,0.8188,5.60,38.60
2009.07.06 18:45:24.106,0.81845,0.8188,8.80,35.40
2009.07.06 18:45:24.336,0.81845,0.8188,8.80,27.40
2009.07.06 18:45:28.215,0.81845,0.8188,5.60,38.60
2009.07.06 18:45:28.275,0.81845,0.8188,5.60,30.60
2009.07.06 18:45:36.863,0.81845,0.8188,8.80,27.40
2009.07.06 18:45:39.932,0.81845,0.81875,5.60,3.20
2009.07.06 18:45:42.971,0.8184,0.81875,22.00,8.00
2009.07.06 18:45:43.151,0.8184,0.81875,22.00,24.00
2009.07.06 18:45:43.381,0.81845,0.81875,5.60,12.00
2009.07.06 18:45:43.661,0.81845,0.81875,5.60,3.20
2009.07.06 18:45:47.360,0.81845,0.81875,8.80,8.00
2009.07.06 18:46:02.336,0.81845,0.8188,21.60,4.00
2009.07.06 18:46:06.335,0.8185,0.8188,5.60,4.00
2009.07.06 18:46:06.635,0.81855,0.81885,5.60,13.80
2009.07.06 18:46:06.926,0.81855,0.81885,5.60,21.80
2009.07.06 18:46:08.545,0.81855,0.81885,5.60,13.80
2009.07.06 18:46:08.725,0.81855,0.81885,5.60,5.80
2009.07.06 18:46:09.415,0.81855,0.8189,5.60,29.80
2009.07.06 18:46:09.465,0.81855,0.8189,5.60,26.60
2009.07.06 18:46:09.525,0.81855,0.8189,13.60,26.60
2009.07.06 18:46:09.585,0.81855,0.8189,21.60,26.60
2009.07.06 18:46:09.705,0.81855,0.8189,21.60,23.40
2009.07.06 18:46:10.005,0.81855,0.8189,21.60,18.60
2009.07.06 18:46:12.564,0.81855,0.8189,21.60,16.00
2009.07.06 18:46:12.984,0.81865,0.8189,5.60,16.00
2009.07.06 18:46:13.274,0.8186,0.81895,13.60,16.00
2009.07.06 18:46:13.494,0.8186,0.81895,13.60,19.20
2009.07.06 18:46:19.692,0.81865,0.819,21.60,13.80
2009.07.06 18:46:20.322,0.81865,0.819,21.60,9.00
2009.07.06 18:46:34.669,0.81865,0.819,24.80,20.00
2009.07.06 18:46:34.839,0.81865,0.819,25.20,20.00
2009.07.06 18:46:34.949,0.8187,0.81905,5.60,24.00
2009.07.06 18:46:35.119,0.8187,0.81905,13.60,12.00
2009.07.06 18:46:35.398,0.8187,0.81905,13.60,4.00
2009.07.06 18:46:39.668,0.81875,0.8191,5.60,30.60
2009.07.06 18:46:40.567,0.81875,0.8191,21.60,23.20
2009.07.06 18:46:40.807,0.81875,0.8191,5.60,20.00
2009.07.06 18:46:40.987,0.81875,0.8191,13.60,20.00
2009.07.06 18:46:41.267,0.81875,0.8191,21.60,20.00
2009.07.06 18:46:42.797,0.8188,0.81905,4.80,4.00
2009.07.06 18:46:42.977,0.8187,0.81905,22.00,4.00
2009.07.06 18:46:44.277,0.8187,0.819,22.00,3.20
2009.07.06 18:46:45.526,0.8187,0.819,14.00,3.20
2009.07.06 18:46:47.026,0.8187,0.819,22.00,3.20
2009.07.06 18:46:52.125,0.8187,0.819,8.40,3.20
2009.07.06 18:46:52.354,0.8187,0.81905,5.60,20.00
2009.07.06 18:46:52.584,0.81865,0.819,25.20,3.20
2009.07.06 18:46:57.533,0.81865,0.819,22.00,3.20
2009.07.06 18:47:02.192,0.81865,0.8189,8.00,3.20
2009.07.06 18:47:02.302,0.8187,0.81895,4.80,8.00
2009.07.06 18:47:02.362,0.81865,0.81895,13.60,8.00
2009.07.06 18:47:02.712,0.81865,0.819,21.60,3.20
2009.07.06 18:47:07.691,0.8187,0.819,5.60,3.20
2009.07.06 18:47:08.511,0.8187,0.819,13.60,3.20
2009.07.06 18:47:08.801,0.81875,0.819,5.60,3.20
2009.07.06 18:47:10.010,0.8187,0.819,13.60,3.20
2009.07.06 18:47:20.658,0.81875,0.8191,5.60,38.60
2009.07.06 18:47:20.958,0.81875,0.8191,5.60,30.60
2009.07.06 18:47:29.516,0.81875,0.81905,5.60,16.00
2009.07.06 18:47:29.846,0.81875,0.8191,5.60,38.60
2009.07.06 18:47:30.015,0.81875,0.8191,5.60,30.60
2009.07.06 18:47:41.403,0.81875,0.81905,5.60,8.00
2009.07.06 18:47:41.583,0.81875,0.81905,5.60,16.00
2009.07.06 18:47:41.873,0.81875,0.81905,5.60,8.00
2009.07.06 18:47:42.102,0.81875,0.81905,5.60,16.00
2009.07.06 18:47:42.792,0.81875,0.81905,5.60,19.20
2009.07.06 18:47:43.362,0.81875,0.81905,5.60,16.00
2009.07.06 18:47:46.472,0.81875,0.819,5.60,16.00
2009.07.06 18:47:46.582,0.81875,0.819,5.60,8.00
2009.07.06 18:47:46.761,0.81875,0.81905,5.60,16.00
2009.07.06 18:47:48.061,0.81875,0.8191,5.60,35.20
2009.07.06 18:47:48.281,0.81875,0.8191,21.60,27.20
2009.07.06 18:48:02.987,0.81875,0.8191,21.60,19.20
2009.07.06 18:48:03.737,0.81875,0.8191,21.60,20.00
2009.07.06 18:48:03.967,0.81875,0.8191,13.60,20.00
2009.07.06 18:48:04.077,0.81875,0.8191,5.60,20.00
2009.07.06 18:48:04.138,0.81875,0.81905,5.60,8.00
2009.07.06 18:48:04.367,0.8188,0.8189,4.80,3.20
2009.07.06 18:48:04.487,0.8188,0.81895,4.80,8.00
2009.07.06 18:48:04.647,0.81865,0.81895,8.00,8.00
2009.07.06 18:48:04.817,0.8186,0.8189,5.60,16.00
2009.07.06 18:48:05.877,0.81865,0.8189,5.60,16.00
2009.07.06 18:48:06.217,0.81865,0.81895,5.60,19.20
2009.07.06 18:48:14.155,0.81865,0.819,5.60,30.60
2009.07.06 18:48:14.675,0.81865,0.819,21.60,29.80
2009.07.06 18:48:14.785,0.81865,0.819,21.60,27.20
2009.07.06 18:48:15.015,0.81865,0.819,21.60,19.20
2009.07.06 18:48:15.125,0.81865,0.819,21.60,16.00
2009.07.06 18:48:23.493,0.81865,0.819,21.60,19.20
2009.07.06 18:48:32.241,0.8188,0.81895,8.00,3.20
2009.07.06 18:48:32.460,0.81875,0.8189,5.60,3.20
2009.07.06 18:48:33.331,0.8187,0.8189,13.60,3.20
2009.07.06 18:48:33.560,0.8187,0.81905,8.00,15.40
2009.07.06 18:48:33.790,0.81865,0.81905,36.40,31.40
2009.07.06 18:48:33.850,0.8187,0.81905,5.60,25.80
2009.07.06 18:48:51.786,0.81875,0.81905,21.60,5.80
2009.07.06 18:48:52.006,0.81875,0.81905,5.60,25.00
2009.07.06 18:49:03.253,0.8187,0.81905,5.60,25.00
2009.07.06 18:49:09.912,0.81865,0.8189,8.00,3.20
2009.07.06 18:49:10.142,0.81855,0.81885,5.60,16.00
2009.07.06 18:49:11.651,0.81855,0.81885,5.60,17.00
2009.07.06 18:49:12.001,0.81855,0.8188,5.60,8.00
2009.07.06 18:49:16.100,0.81845,0.81875,5.60,16.80
2009.07.06 18:49:17.129,0.8185,0.81875,5.60,16.00
2009.07.06 18:49:17.370,0.81845,0.8187,21.60,8.00
2009.07.06 18:49:17.660,0.81845,0.8188,21.60,24.00
2009.07.06 18:49:17.899,0.81845,0.8188,5.60,19.20
2009.07.06 18:49:18.359,0.81855,0.81875,5.60,8.00
2009.07.06 18:49:18.709,0.81855,0.8189,5.60,30.60
2009.07.06 18:49:19.109,0.8186,0.8189,5.60,24.00
2009.07.06 18:49:19.339,0.8186,0.8189,5.60,19.20
2009.07.06 18:49:23.128,0.8186,0.8189,5.60,11.20
2009.07.06 18:49:23.238,0.8186,0.8189,5.60,3.20
2009.07.06 18:49:24.688,0.8186,0.81895,5.60,29.80
2009.07.06 18:49:25.639,0.8186,0.81885,5.60,4.00
2009.07.06 18:49:25.748,0.81855,0.8188,16.00,4.00
2009.07.06 18:49:25.857,0.81855,0.8188,8.00,11.20
2009.07.06 18:49:25.917,0.8185,0.8188,16.40,19.20
2009.07.06 18:49:26.087,0.8185,0.8188,3.60,19.20
2009.07.06 18:49:26.778,0.8185,0.8188,17.20,8.00
2009.07.06 18:49:26.947,0.8185,0.81885,17.20,20.00
2009.07.06 18:49:27.127,0.8185,0.81885,17.20,19.20
2009.07.06 18:49:28.927,0.81855,0.81885,5.60,19.20
2009.07.06 18:49:28.987,0.81855,0.81885,5.60,16.00
2009.07.06 18:49:29.217,0.81855,0.8189,5.60,25.80
2009.07.06 18:49:32.486,0.8185,0.81885,22.00,19.20
2009.07.06 18:49:37.425,0.81855,0.81885,5.60,19.20
2009.07.06 18:49:37.595,0.81855,0.81885,5.60,11.20
2009.07.06 18:49:37.655,0.81855,0.81885,5.60,3.20
2009.07.06 18:49:41.624,0.81855,0.8189,5.60,25.80
2009.07.06 18:49:41.684,0.8186,0.8189,5.60,25.80
2009.07.06 18:49:41.744,0.8186,0.8189,5.60,23.20
2009.07.06 18:49:41.924,0.8186,0.8189,5.60,22.40
2009.07.06 18:49:44.213,0.8185,0.8188,13.60,3.20
2009.07.06 18:49:44.503,0.8185,0.8188,5.60,3.20
2009.07.06 18:49:44.793,0.8185,0.8188,13.60,3.20
2009.07.06 18:49:45.473,0.8185,0.81875,13.60,3.20
2009.07.06 18:49:45.803,0.8185,0.81875,8.00,3.20
2009.07.06 18:49:46.223,0.81845,0.8188,13.60,30.60
2009.07.06 18:49:46.583,0.81845,0.8188,5.60,30.60
2009.07.06 18:49:47.042,0.81845,0.81875,5.60,3.20
2009.07.06 18:49:49.372,0.8185,0.81875,5.60,3.20
2009.07.06 18:49:49.602,0.8185,0.81885,5.60,43.40
2009.07.06 18:49:49.832,0.8185,0.81875,5.60,8.00
2009.07.06 18:49:50.163,0.81855,0.8188,5.60,12.80
2009.07.06 18:49:50.512,0.81855,0.8189,21.60,32.00
2009.07.06 18:49:50.852,0.81855,0.8189,21.60,19.20
2009.07.06 18:49:51.651,0.8186,0.81885,8.00,8.00
2009.07.06 18:49:51.951,0.81865,0.81885,8.00,20.00
2009.07.06 18:49:52.191,0.81855,0.81885,5.60,16.00
2009.07.06 18:49:52.581,0.81855,0.8189,21.60,25.00
2009.07.06 18:49:53.621,0.8186,0.8189,5.60,3.20
2009.07.06 18:49:54.601,0.81855,0.81885,5.60,5.80
2009.07.06 18:49:54.721,0.81855,0.81885,5.60,9.00
2009.07.06 18:49:55.061,0.8186,0.8188,5.60,8.00
2009.07.06 18:49:55.180,0.8186,0.8189,5.60,24.00
2009.07.06 18:49:55.241,0.8186,0.8189,5.60,16.00
2009.07.06 18:49:55.300,0.8186,0.8189,5.60,8.00
2009.07.06 18:49:55.530,0.8186,0.8189,13.60,3.20
2009.07.06 18:49:55.711,0.8186,0.8189,5.60,3.20
2009.07.06 18:49:57.500,0.8186,0.8189,5.60,5.80
2009.07.06 18:49:57.620,0.81855,0.81885,21.60,3.20
2009.07.06 18:49:57.900,0.81855,0.81885,5.60,3.20
2009.07.06 18:50:04.088,0.81855,0.81885,9.20,3.20
2009.07.06 18:50:07.417,0.81855,0.8189,9.20,20.00
2009.07.06 18:50:14.906,0.81855,0.81885,9.20,8.80
2009.07.06 18:50:15.026,0.81855,0.81885,8.80,12.00
2009.07.06 18:50:15.136,0.8185,0.8188,12.80,4.00
2009.07.06 18:50:15.246,0.8186,0.8188,4.80,4.00
2009.07.06 18:50:15.366,0.81845,0.8188,33.20,3.20
2009.07.06 18:50:15.476,0.81845,0.8188,30.00,3.20
2009.07.06 18:50:15.696,0.81845,0.8188,22.00,19.20
2009.07.06 18:50:16.605,0.81845,0.81875,22.00,3.20
2009.07.06 18:50:17.005,0.81845,0.8188,22.00,19.20
2009.07.06 18:50:17.395,0.81845,0.8188,29.20,16.00
2009.07.06 18:50:17.795,0.81855,0.81885,5.60,16.00
2009.07.06 18:50:18.145,0.81855,0.8189,21.60,12.00
2009.07.06 18:50:18.485,0.81855,0.8189,5.60,28.00
2009.07.06 18:50:48.488,0.81855,0.8189,5.60,30.60
2009.07.06 18:50:52.586,0.8184,0.81865,13.60,3.20
2009.07.06 18:50:52.876,0.8184,0.81865,5.60,3.20
2009.07.06 18:50:54.066,0.81845,0.8187,5.60,3.20
2009.07.06 18:50:54.916,0.81845,0.81875,5.60,3.20
2009.07.06 18:50:55.596,0.81845,0.81875,5.60,4.00
2009.07.06 18:50:56.456,0.81845,0.81875,5.60,3.20
2009.07.06 18:51:02.574,0.8185,0.81885,5.60,29.80
2009.07.06 18:51:02.754,0.81845,0.81875,16.00,3.20
2009.07.06 18:51:02.964,0.8185,0.81875,8.00,3.20
2009.07.06 18:51:03.134,0.81845,0.81875,8.00,11.20
2009.07.06 18:51:03.304,0.81835,0.81865,32.80,3.20
2009.07.06 18:51:03.484,0.81835,0.81865,24.80,3.20
2009.07.06 18:51:03.724,0.8184,0.8186,8.00,3.20
2009.07.06 18:51:03.964,0.81835,0.81865,5.60,16.00
2009.07.06 18:51:04.244,0.81835,0.8187,5.60,20.00
2009.07.06 18:51:04.974,0.81845,0.8187,5.60,16.80
2009.07.06 18:51:05.214,0.81845,0.8187,5.60,8.00
2009.07.06 18:51:05.383,0.8184,0.81865,13.60,3.20
2009.07.06 18:51:05.663,0.8184,0.81865,5.60,3.20
2009.07.06 18:51:05.884,0.8184,0.81875,5.60,20.00
2009.07.06 18:51:06.173,0.81845,0.81875,5.60,16.00
2009.07.06 18:51:06.404,0.81845,0.81875,5.60,8.00
2009.07.06 18:51:06.573,0.81845,0.81875,5.60,3.20
2009.07.06 18:51:06.983,0.81845,0.8188,5.60,30.60
2009.07.06 18:51:07.264,0.81845,0.8187,5.60,4.80
2009.07.06 18:51:07.943,0.8184,0.81865,13.60,11.20
2009.07.06 18:51:10.382,0.8184,0.81865,5.60,3.20
2009.07.06 18:51:10.722,0.81845,0.8187,5.60,16.80
2009.07.06 18:51:11.062,0.8184,0.81865,5.60,3.20
2009.07.06 18:51:11.342,0.8184,0.81875,5.60,28.00
2009.07.06 18:51:11.512,0.81845,0.81865,5.60,3.20
2009.07.06 18:51:11.752,0.8184,0.8187,5.60,16.00
2009.07.06 18:51:11.922,0.8185,0.81875,5.60,20.00
2009.07.06 18:51:12.072,0.8185,0.81875,5.60,8.00
2009.07.06 18:51:12.522,0.81845,0.81875,21.60,3.20
2009.07.06 18:51:12.872,0.8185,0.8188,5.60,16.00
2009.07.06 18:51:13.222,0.8185,0.8187,5.60,1.00
2009.07.06 18:51:13.562,0.81835,0.8187,13.60,30.40
2009.07.06 18:51:13.852,0.8184,0.8187,5.60,16.00
2009.07.06 18:51:14.201,0.81835,0.81865,5.60,8.00
2009.07.06 18:51:14.611,0.8184,0.8187,5.60,16.00
2009.07.06 18:51:15.971,0.8184,0.8187,5.60,8.00
2009.07.06 18:51:16.251,0.8184,0.8187,8.80,16.00
2009.07.06 18:51:16.551,0.81845,0.81875,5.60,8.00
2009.07.06 18:51:16.611,0.8185,0.81875,5.60,8.00
2009.07.06 18:51:16.661,0.8185,0.81875,5.60,16.00
2009.07.06 18:51:17.001,0.81845,0.81875,5.60,16.00
2009.07.06 18:51:17.111,0.81845,0.81875,5.60,8.00
2009.07.06 18:51:17.281,0.8185,0.81875,5.60,8.00
2009.07.06 18:51:17.341,0.8185,0.81875,5.60,16.00
2009.07.06 18:51:17.691,0.8185,0.81875,5.60,16.80
2009.07.06 18:51:18.131,0.8185,0.8188,5.60,10.60
2009.07.06 18:51:18.430,0.8185,0.8187,5.60,4.80
2009.07.06 18:51:18.670,0.8185,0.81875,5.60,3.20
2009.07.06 18:51:18.900,0.8185,0.81885,5.60,35.40
2009.07.06 18:51:19.131,0.8185,0.8188,5.60,21.80
2009.07.06 18:51:19.370,0.81845,0.81875,5.60,3.20
2009.07.06 18:51:20.120,0.8184,0.81875,5.60,20.00
2009.07.06 18:51:20.470,0.8184,0.8187,5.60,12.80
2009.07.06 18:51:23.989,0.8184,0.81875,5.60,20.00
2009.07.06 18:51:24.219,0.8184,0.81875,5.60,23.40
2009.07.06 18:51:24.269,0.8184,0.81865,5.60,3.20
2009.07.06 18:51:24.439,0.81835,0.81865,21.60,3.20
2009.07.06 18:51:24.499,0.81835,0.8187,5.60,20.00
2009.07.06 18:51:24.609,0.81835,0.8187,5.60,19.20
2009.07.06 18:51:24.839,0.8183,0.81865,30.00,3.20
2009.07.06 18:51:24.899,0.8183,0.81865,22.00,3.20
2009.07.06 18:51:25.309,0.8183,0.81865,25.20,8.00
2009.07.06 18:51:32.107,0.8184,0.81865,4.80,20.00
2009.07.06 18:51:32.227,0.8183,0.81865,18.40,20.00
2009.07.06 18:51:32.397,0.8183,0.8186,18.40,8.00
2009.07.06 18:51:32.457,0.8183,0.8186,13.60,12.80
2009.07.06 18:51:33.217,0.81835,0.81865,5.60,3.20
2009.07.06 18:51:33.667,0.8183,0.81865,13.60,11.20
2009.07.06 18:51:34.007,0.8183,0.8186,13.60,12.80
2009.07.06 18:51:48.673,0.8184,0.81865,5.60,16.00
2009.07.06 18:51:48.793,0.81835,0.81865,13.60,11.20
2009.07.06 18:51:49.073,0.81835,0.81865,5.60,3.20
2009.07.06 18:51:52.972,0.81835,0.8186,5.60,3.20
2009.07.06 18:51:53.302,0.8183,0.8186,5.60,3.20
2009.07.06 18:51:54.722,0.81835,0.8186,5.60,3.20
2009.07.06 18:51:55.411,0.8183,0.8186,13.60,3.20
2009.07.06 18:51:55.691,0.81835,0.81865,5.60,19.20
2009.07.06 18:51:57.831,0.81835,0.81865,5.60,11.20
2009.07.06 18:51:58.231,0.81835,0.81865,5.60,3.20
2009.07.06 18:51:58.581,0.81835,0.81865,5.60,19.20
2009.07.06 18:51:59.590,0.8183,0.8186,5.60,3.20
2009.07.06 18:51:59.701,0.81835,0.81865,5.60,19.20
2009.07.06 18:51:59.990,0.8183,0.8186,13.60,3.20
2009.07.06 18:52:00.100,0.8183,0.8186,5.60,3.20
2009.07.06 18:52:00.340,0.81835,0.8186,5.60,3.20
2009.07.06 18:52:01.040,0.81835,0.81865,5.60,3.20
2009.07.06 18:52:02.260,0.8184,0.8187,5.60,26.60
2009.07.06 18:52:02.440,0.81845,0.8186,5.60,4.80
2009.07.06 18:52:02.740,0.8185,0.8187,5.60,16.00
2009.07.06 18:52:03.140,0.8185,0.8188,5.60,29.80
2009.07.06 18:52:03.250,0.8185,0.8188,5.60,13.80
2009.07.06 18:52:05.009,0.81845,0.81875,21.60,3.20
2009.07.06 18:52:05.469,0.81845,0.81875,5.60,3.20
2009.07.06 18:52:05.689,0.81845,0.81875,16.00,3.20
2009.07.06 18:52:05.969,0.81845,0.8187,16.00,3.20
2009.07.06 18:52:06.259,0.8184,0.8187,13.60,3.20
2009.07.06 18:52:06.429,0.81845,0.81875,5.60,20.00
2009.07.06 18:52:06.479,0.81845,0.8187,5.60,3.20
2009.07.06 18:52:06.819,0.8184,0.8187,13.60,3.20
2009.07.06 18:52:07.399,0.81845,0.8187,5.60,3.20
2009.07.06 18:52:07.629,0.8184,0.8187,13.60,3.20
2009.07.06 18:52:09.748,0.8184,0.81875,13.60,20.00
2009.07.06 18:52:09.858,0.8184,0.81875,13.60,11.20
2009.07.06 18:52:09.918,0.8184,0.8188,16.80,30.60
2009.07.06 18:52:12.857,0.8184,0.81875,8.00,9.00
2009.07.06 18:52:13.197,0.8184,0.81875,13.60,9.00
2009.07.06 18:52:13.427,0.8184,0.81865,5.60,8.00
2009.07.06 18:52:13.657,0.8184,0.81875,5.60,29.80
2009.07.06 18:52:14.067,0.8184,0.81875,5.60,21.80
2009.07.06 18:52:16.356,0.8185,0.8187,5.60,16.00
2009.07.06 18:52:16.706,0.8185,0.8187,5.60,8.00
2009.07.06 18:52:18.486,0.81845,0.8188,21.60,13.80
2009.07.06 18:52:18.646,0.81845,0.81875,21.60,3.20
2009.07.06 18:52:18.756,0.8185,0.81875,5.60,3.20
2009.07.06 18:52:19.046,0.81845,0.81875,21.60,3.20
2009.07.06 18:52:19.166,0.81845,0.8188,21.60,14.60
2009.07.06 18:52:19.226,0.8185,0.8188,5.60,14.60
2009.07.06 18:52:19.456,0.8185,0.81875,5.60,3.20
2009.07.06 18:52:19.625,0.8185,0.8188,5.60,13.80
2009.07.06 18:52:20.456,0.81855,0.8187,5.60,4.80
2009.07.06 18:52:20.745,0.81855,0.8188,5.60,10.60
2009.07.06 18:52:21.725,0.8185,0.8188,13.60,10.60
2009.07.06 18:52:21.905,0.8185,0.8188,13.60,13.80
2009.07.06 18:52:22.355,0.8185,0.8188,5.60,13.80
2009.07.06 18:52:23.155,0.8185,0.8187,13.60,4.80
2009.07.06 18:52:23.495,0.81855,0.81885,21.60,5.80
2009.07.06 18:52:23.825,0.81855,0.8188,21.60,4.80
2009.07.06 18:52:24.155,0.8186,0.81885,8.00,3.20
2009.07.06 18:52:24.274,0.8186,0.8188,8.00,4.80
2009.07.06 18:52:24.394,0.8186,0.8189,8.00,13.80
2009.07.06 18:52:25.084,0.81855,0.8189,21.60,13.80
2009.07.06 18:52:28.983,0.81855,0.8189,5.60,30.60
2009.07.06 18:52:38.211,0.81845,0.8188,5.60,27.40
2009.07.06 18:52:41.031,0.81845,0.81875,5.60,3.20
2009.07.06 18:52:41.081,0.81845,0.81875,5.60,4.00
2009.07.06 18:52:41.320,0.81845,0.81875,5.60,3.20
2009.07.06 18:52:41.650,0.81845,0.8188,5.60,27.40
2009.07.06 18:52:42.700,0.81845,0.8187,11.20,5.60
2009.07.06 18:52:42.880,0.81835,0.81865,5.60,8.00
2009.07.06 18:52:43.000,0.81835,0.8187,24.80,16.00
2009.07.06 18:52:43.120,0.81835,0.8187,21.60,16.00
2009.07.06 18:52:46.289,0.8185,0.8188,5.60,3.20
2009.07.06 18:52:46.629,0.81855,0.81885,5.60,16.00
2009.07.06 18:52:46.969,0.8186,0.81885,5.60,8.00
2009.07.06 18:52:47.249,0.8186,0.81885,8.00,3.20
2009.07.06 18:52:47.549,0.81855,0.81885,16.00,3.20
2009.07.06 18:52:47.839,0.81855,0.8189,5.60,29.80
2009.07.06 18:52:48.289,0.8185,0.81885,13.60,25.00
2009.07.06 18:52:53.607,0.8185,0.8188,13.60,9.00
2009.07.06 18:52:53.837,0.8185,0.8188,8.00,9.00
2009.07.06 18:52:58.376,0.8185,0.8188,13.60,3.20
2009.07.06 18:53:01.475,0.8185,0.81875,13.60,3.20
2009.07.06 18:53:01.655,0.8185,0.81875,8.00,3.20
2009.07.06 18:53:01.995,0.81845,0.81875,21.60,3.20
2009.07.06 18:53:02.975,0.81845,0.81875,13.60,3.20
2009.07.06 18:53:03.205,0.81845,0.81875,21.60,3.20
2009.07.06 18:53:06.074,0.81845,0.8187,21.60,3.20
2009.07.06 18:53:06.304,0.8184,0.8187,5.60,16.80
2009.07.06 18:53:06.634,0.81835,0.8187,21.60,4.00
2009.07.06 18:53:06.874,0.81835,0.8187,21.60,20.00
2009.07.06 18:53:10.383,0.81835,0.81865,21.60,3.20
2009.07.06 18:53:10.843,0.8183,0.81865,13.60,3.20
2009.07.06 18:53:11.063,0.8183,0.81865,13.60,22.40
2009.07.06 18:53:11.913,0.8183,0.81865,13.60,25.00
2009.07.06 18:53:12.153,0.8183,0.81865,5.60,25.00
2009.07.06 18:53:13.413,0.81825,0.81855,21.60,5.80
2009.07.06 18:53:13.763,0.81825,0.81845,8.00,3.20
2009.07.06 18:53:13.983,0.81815,0.81845,16.00,4.00
2009.07.06 18:53:14.282,0.8181,0.81845,13.60,22.60
2009.07.06 18:53:14.402,0.8181,0.81845,5.60,25.80
2009.07.06 18:53:17.392,0.8181,0.81845,5.60,23.20
2009.07.06 18:53:17.561,0.8181,0.81845,5.60,20.00
2009.07.06 18:53:19.481,0.81815,0.81845,5.60,20.00
2009.07.06 18:53:19.661,0.8181,0.81845,5.60,20.00
2009.07.06 18:53:20.121,0.81815,0.81845,5.60,19.20
2009.07.06 18:53:20.361,0.81815,0.81845,5.60,20.00
2009.07.06 18:53:20.541,0.81815,0.81845,5.60,19.20
2009.07.06 18:53:24.260,0.81825,0.8185,5.60,16.00
2009.07.06 18:53:24.480,0.8182,0.81855,13.60,21.80
2009.07.06 18:53:24.710,0.8182,0.8185,5.60,3.20
2009.07.06 18:53:25.070,0.8182,0.8185,13.60,3.20
2009.07.06 18:53:25.410,0.81825,0.81855,5.60,18.60
2009.07.06 18:53:25.760,0.81825,0.81855,5.60,16.00
2009.07.06 18:53:26.260,0.81825,0.81855,8.80,16.00
2009.07.06 18:53:26.540,0.8183,0.8185,5.60,12.80
2009.07.06 18:53:26.779,0.8183,0.8185,5.60,4.80
2009.07.06 18:53:27.019,0.81835,0.81855,5.60,3.20
2009.07.06 18:53:27.350,0.8183,0.81865,13.60,25.00
2009.07.06 18:53:27.709,0.8183,0.81865,5.60,25.00
2009.07.06 18:53:30.029,0.81825,0.8186,21.60,3.20
2009.07.06 18:53:30.429,0.8183,0.8186,5.60,16.00
2009.07.06 18:53:30.709,0.8183,0.81865,5.60,33.00
2009.07.06 18:53:30.948,0.8183,0.81865,5.60,25.00
2009.07.06 18:53:33.478,0.8183,0.8186,5.60,16.00
2009.07.06 18:53:36.127,0.81825,0.8186,5.60,19.20
2009.07.06 18:53:36.357,0.8183,0.8186,5.60,16.00
2009.07.06 18:53:43.665,0.8184,0.8187,5.60,29.80
2009.07.06 18:53:44.025,0.81835,0.8187,5.60,26.60
2009.07.06 18:53:44.445,0.81835,0.8187,5.60,29.80
2009.07.06 18:54:03.321,0.81835,0.81865,5.60,3.20
2009.07.06 18:54:03.431,0.81835,0.8187,21.60,19.20
2009.07.06 18:54:03.840,0.81835,0.8187,21.60,21.80
2009.07.06 18:54:03.950,0.81835,0.8187,5.60,21.80
2009.07.06 18:54:10.029,0.8184,0.8187,5.60,3.20
2009.07.06 18:54:10.319,0.81845,0.8188,5.60,30.60
2009.07.06 18:54:10.539,0.81845,0.8188,5.60,29.80
2009.07.06 18:54:39.182,0.81845,0.8188,21.60,3.20
2009.07.06 18:54:39.592,0.81845,0.81875,21.60,3.20
2009.07.06 18:54:40.232,0.8184,0.8187,21.60,3.20
2009.07.06 18:54:40.572,0.8184,0.8187,13.60,3.20
2009.07.06 18:54:42.401,0.8184,0.8187,5.60,3.20
2009.07.06 18:54:46.110,0.8184,0.81875,5.60,22.60
2009.07.06 18:54:46.460,0.8184,0.8187,5.60,2.60
2009.07.06 18:54:46.860,0.81835,0.8187,21.60,21.80
2009.07.06 18:54:47.190,0.81835,0.81865,16.00,3.20
2009.07.06 18:54:47.540,0.81835,0.8187,21.60,30.60
2009.07.06 18:54:47.770,0.81835,0.8187,21.60,26.60
2009.07.06 18:54:48.000,0.81835,0.8187,5.60,26.60
2009.07.06 18:54:48.240,0.81835,0.8187,21.60,26.60
2009.07.06 18:54:49.799,0.81835,0.8187,21.60,29.80
2009.07.06 18:54:50.869,0.81835,0.8187,24.80,26.60
2009.07.06 18:54:51.039,0.8184,0.8187,13.60,10.60
2009.07.06 18:54:51.219,0.8184,0.8187,13.60,7.40
2009.07.06 18:54:51.339,0.8184,0.8187,13.60,16.00
2009.07.06 18:54:51.509,0.8184,0.8187,13.60,8.00
2009.07.06 18:54:52.189,0.8184,0.8187,8.00,8.00
2009.07.06 18:54:52.409,0.81835,0.8187,16.00,28.00
2009.07.06 18:54:52.589,0.81835,0.81865,16.00,7.20
2009.07.06 18:54:52.759,0.8183,0.81865,5.60,26.60
2009.07.06 18:54:52.979,0.8183,0.8186,5.60,20.00
2009.07.06 18:54:53.338,0.81825,0.8186,21.60,21.80
2009.07.06 18:54:53.688,0.81825,0.8186,21.60,29.80
2009.07.06 18:54:54.918,0.81825,0.81855,21.60,3.20
2009.07.06 18:54:55.098,0.81825,0.81855,16.00,5.80
2009.07.06 18:54:55.158,0.8182,0.81855,13.60,9.00
2009.07.06 18:55:00.127,0.81825,0.81855,21.60,5.80
2009.07.06 18:55:00.797,0.81825,0.8185,21.60,8.00
2009.07.06 18:55:00.977,0.81825,0.8186,21.60,29.80
2009.07.06 18:55:01.157,0.8182,0.81855,13.60,16.00
2009.07.06 18:55:01.457,0.8182,0.81855,13.60,19.20
2009.07.06 18:55:01.627,0.81825,0.81855,5.60,16.00
2009.07.06 18:55:03.466,0.81825,0.8186,5.60,29.80
2009.07.06 18:55:10.095,0.8184,0.8187,8.00,3.20
2009.07.06 18:55:10.205,0.8184,0.8187,8.00,16.80
2009.07.06 18:55:10.385,0.8184,0.8187,5.60,3.20
2009.07.06 18:55:10.664,0.8184,0.8187,13.60,3.20
2009.07.06 18:55:12.404,0.8184,0.81875,13.60,13.80
2009.07.06 18:55:12.865,0.8184,0.81875,13.60,3.20
2009.07.06 18:55:14.084,0.81845,0.81875,5.60,3.20
2009.07.06 18:55:14.203,0.81845,0.81875,21.60,3.20
2009.07.06 18:55:14.374,0.81845,0.81875,16.00,3.20
2009.07.06 18:55:14.553,0.8184,0.8187,21.60,3.20
2009.07.06 18:55:14.724,0.81845,0.8187,21.60,4.80
2009.07.06 18:55:15.003,0.81845,0.81875,21.60,3.20
2009.07.06 18:55:15.063,0.81845,0.81875,16.00,3.20
2009.07.06 18:55:15.353,0.81845,0.81875,21.60,3.20
2009.07.06 18:55:15.883,0.81845,0.8188,21.60,30.60
2009.07.06 18:55:16.123,0.81845,0.8188,21.60,29.80
2009.07.06 18:55:16.443,0.81845,0.8188,21.60,27.20
2009.07.06 18:55:16.723,0.81845,0.81875,21.60,3.20
2009.07.06 18:55:17.423,0.8184,0.8187,5.60,3.20
2009.07.06 18:55:17.773,0.8184,0.81875,5.60,29.80
2009.07.06 18:55:19.322,0.8184,0.81875,13.60,29.80
2009.07.06 18:55:20.982,0.8184,0.8187,13.60,3.20
2009.07.06 18:55:21.092,0.8184,0.8187,5.60,3.20
2009.07.06 18:55:22.252,0.8184,0.81875,13.60,29.80
2009.07.06 18:55:22.421,0.8184,0.81875,13.60,24.00
2009.07.06 18:55:22.651,0.81845,0.81875,21.60,3.20
2009.07.06 18:55:22.832,0.81845,0.8188,21.60,19.20
2009.07.06 18:55:23.062,0.8185,0.81885,13.60,25.80
2009.07.06 18:55:23.341,0.8185,0.8188,13.60,8.00
2009.07.06 18:55:23.571,0.81855,0.81885,5.60,3.20
2009.07.06 18:55:23.861,0.8185,0.8189,13.60,35.40
2009.07.06 18:55:24.151,0.81855,0.81885,5.60,19.20
2009.07.06 18:55:24.381,0.8185,0.81885,13.60,8.00
2009.07.06 18:55:24.681,0.8185,0.81885,13.60,18.60
2009.07.06 18:55:25.911,0.8185,0.81885,13.60,16.00
2009.07.06 18:55:30.210,0.8186,0.81895,5.60,25.80
2009.07.06 18:55:31.100,0.8186,0.81895,5.60,23.20
2009.07.06 18:55:31.439,0.81865,0.81895,5.60,3.20
2009.07.06 18:55:33.599,0.8187,0.819,5.60,24.80
2009.07.06 18:55:33.759,0.8187,0.819,5.60,19.20
2009.07.06 18:55:34.169,0.8187,0.819,5.60,11.20
2009.07.06 18:55:34.349,0.8187,0.819,5.60,3.20
2009.07.06 18:55:34.849,0.8187,0.819,13.60,3.20
2009.07.06 18:55:35.178,0.8187,0.81905,13.60,29.80
2009.07.06 18:55:37.058,0.8187,0.819,13.60,20.00
2009.07.06 18:55:39.447,0.8187,0.81905,13.60,19.20
2009.07.06 18:55:39.917,0.8187,0.81905,13.60,21.80
2009.07.06 18:55:40.137,0.8187,0.81905,13.60,29.80
2009.07.06 18:55:42.307,0.8187,0.819,5.60,16.00
2009.07.06 18:55:46.116,0.81865,0.819,5.60,16.00
2009.07.06 18:55:46.496,0.81865,0.81905,5.60,35.40
2009.07.06 18:55:46.666,0.81865,0.819,5.60,16.00
2009.07.06 18:55:47.925,0.81865,0.819,5.60,19.20
2009.07.06 18:55:48.165,0.81865,0.81895,5.60,16.00
2009.07.06 18:55:48.275,0.81865,0.81895,5.60,19.20
2009.07.06 18:55:49.035,0.81865,0.81895,5.60,8.00
2009.07.06 18:55:49.435,0.8186,0.81895,8.80,23.20
2009.07.06 18:55:49.765,0.8186,0.81895,13.20,16.00
2009.07.06 18:55:50.115,0.81875,0.81895,5.60,16.00
2009.07.06 18:55:50.455,0.8187,0.81905,13.60,7.20
2009.07.06 18:55:50.735,0.8187,0.81905,13.60,8.00
2009.07.06 18:55:50.905,0.8187,0.81905,13.60,4.00
2009.07.06 18:55:51.805,0.8187,0.819,13.60,4.80
2009.07.06 18:55:52.034,0.81875,0.819,5.60,4.80
2009.07.06 18:55:52.324,0.81875,0.819,13.60,4.80
2009.07.06 18:55:52.564,0.81875,0.81905,21.60,3.20
2009.07.06 18:55:54.534,0.8187,0.819,20.80,4.00
2009.07.06 18:55:54.764,0.81875,0.81905,5.60,20.00
2009.07.06 18:55:54.994,0.81875,0.81905,13.60,8.00
2009.07.06 18:55:55.224,0.81875,0.8191,21.60,22.60
2009.07.06 18:55:55.514,0.81875,0.8191,21.60,25.80
2009.07.06 18:55:55.743,0.81875,0.81905,21.60,11.20
2009.07.06 18:55:56.074,0.8188,0.8191,5.60,22.40
2009.07.06 18:55:56.474,0.81875,0.819,21.60,4.80
2009.07.06 18:55:57.323,0.8188,0.8191,5.60,27.20
2009.07.06 18:55:57.793,0.8188,0.8191,5.60,22.40
2009.07.06 18:55:58.073,0.8188,0.81905,5.60,11.20
2009.07.06 18:55:58.353,0.8188,0.81905,5.60,3.20
2009.07.06 18:55:59.203,0.8188,0.8191,5.60,22.40
2009.07.06 18:55:59.433,0.81875,0.8191,21.60,25.80
2009.07.06 18:55:59.492,0.81875,0.8191,21.60,30.60
2009.07.06 18:56:00.653,0.8188,0.8191,5.60,30.60
2009.07.06 18:56:01.062,0.8188,0.8191,5.60,27.20
2009.07.06 18:56:01.702,0.8188,0.8191,5.60,22.40
2009.07.06 18:56:04.881,0.8188,0.8191,5.60,19.20
2009.07.06 18:56:05.991,0.8188,0.8191,5.60,25.00
2009.07.06 18:56:06.281,0.81875,0.81905,8.00,14.60
2009.07.06 18:56:06.631,0.8187,0.81905,5.60,25.80
2009.07.06 18:56:08.460,0.8187,0.81905,13.60,9.80
2009.07.06 18:56:08.750,0.8187,0.81905,5.60,25.80
2009.07.06 18:56:09.480,0.8187,0.819,5.60,8.00
2009.07.06 18:56:09.540,0.8187,0.81895,5.60,3.20
2009.07.06 18:56:09.650,0.8186,0.81895,30.00,3.20
2009.07.06 18:56:09.710,0.8187,0.819,12.80,23.20
2009.07.06 18:56:09.771,0.8187,0.81895,12.80,3.20
2009.07.06 18:56:09.990,0.8187,0.81895,4.80,3.20
2009.07.06 18:56:14.799,0.81865,0.819,21.60,4.00
2009.07.06 18:56:15.029,0.81865,0.819,21.60,3.20
2009.07.06 18:56:15.769,0.81865,0.81905,21.60,25.00
2009.07.06 18:56:15.949,0.81865,0.81905,21.60,25.80
2009.07.06 18:56:16.059,0.8187,0.81905,5.60,25.80
2009.07.06 18:56:16.298,0.81865,0.81905,24.80,25.80
2009.07.06 18:56:16.419,0.81865,0.81905,24.80,25.00
2009.07.06 18:56:16.588,0.8187,0.81905,5.60,25.80
2009.07.06 18:56:20.248,0.8187,0.819,5.60,16.00
2009.07.06 18:56:20.667,0.8187,0.81905,13.60,5.80
2009.07.06 18:56:20.898,0.8187,0.81905,13.60,3.40
2009.07.06 18:56:21.197,0.8187,0.81905,13.60,5.80
2009.07.06 18:56:21.488,0.8187,0.81905,5.60,19.40
2009.07.06 18:56:21.779,0.8187,0.81905,13.60,2.60
2009.07.06 18:56:21.947,0.8187,0.81895,13.60,3.20
2009.07.06 18:56:22.247,0.81875,0.81895,8.00,3.20
2009.07.06 18:56:22.417,0.81865,0.81895,5.60,19.20
2009.07.06 18:56:22.707,0.81865,0.81895,21.60,3.20
2009.07.06 18:56:28.046,0.8186,0.81895,18.40,20.00
2009.07.06 18:56:28.216,0.8186,0.81895,5.60,23.20
2009.07.06 18:56:28.386,0.8186,0.81895,5.60,25.80
2009.07.06 18:56:41.433,0.81855,0.8189,21.60,4.00
2009.07.06 18:56:43.602,0.8187,0.8189,1.00,16.00
2009.07.06 18:56:43.772,0.81875,0.8189,5.60,16.00
2009.07.06 18:56:43.992,0.81875,0.8191,21.60,3.20
2009.07.06 18:56:44.162,0.81875,0.8191,24.80,3.20
2009.07.06 18:56:44.322,0.81875,0.8191,25.20,3.20
2009.07.06 18:56:44.822,0.8188,0.81905,16.00,4.00
2009.07.06 18:56:45.052,0.81875,0.8191,21.60,9.00
2009.07.06 18:56:47.541,0.81875,0.8191,25.20,3.20
2009.07.06 18:56:49.541,0.8188,0.8191,13.60,3.20
2009.07.06 18:56:49.820,0.81885,0.8191,5.60,4.80
2009.07.06 18:56:50.040,0.81885,0.81915,21.60,3.20
2009.07.06 18:56:51.230,0.81885,0.8191,21.60,4.80
2009.07.06 18:56:51.460,0.8189,0.8191,5.60,4.80
2009.07.06 18:56:51.860,0.8189,0.8192,13.60,3.20
2009.07.06 18:56:53.570,0.8189,0.8192,13.60,5.80
2009.07.06 18:56:53.740,0.8189,0.81915,8.00,3.20
2009.07.06 18:56:53.960,0.81885,0.81915,29.60,3.20
2009.07.06 18:57:01.668,0.8189,0.8192,13.60,5.80
2009.07.06 18:57:01.958,0.8189,0.81915,13.60,3.20
2009.07.06 18:57:02.258,0.8189,0.8191,13.60,3.20
2009.07.06 18:57:02.427,0.81885,0.81915,21.60,3.20
2009.07.06 18:57:02.707,0.81885,0.8191,16.00,3.20
2009.07.06 18:57:02.887,0.8188,0.8191,13.60,3.20
2009.07.06 18:57:04.957,0.8188,0.8191,14.00,3.20
2009.07.06 18:57:05.067,0.81885,0.81915,21.60,3.20
2009.07.06 18:57:08.046,0.8188,0.81915,13.60,19.20
2009.07.06 18:57:08.336,0.8188,0.81915,13.60,25.00
2009.07.06 18:57:08.616,0.8188,0.8191,13.60,3.20
2009.07.06 18:57:08.846,0.8188,0.81915,13.60,25.00
2009.07.06 18:57:09.146,0.8188,0.8191,13.60,3.20
2009.07.06 18:57:09.446,0.8188,0.81915,13.60,25.00
2009.07.06 18:57:09.686,0.8188,0.8191,13.60,3.20
2009.07.06 18:57:13.495,0.8188,0.81905,13.60,3.20
2009.07.06 18:57:14.025,0.8188,0.81915,13.60,15.20
2009.07.06 18:57:14.145,0.8188,0.81915,13.60,3.20
2009.07.06 18:57:19.693,0.8188,0.81915,13.60,5.80
2009.07.06 18:57:19.803,0.81875,0.8191,33.20,3.20
2009.07.06 18:57:24.202,0.8188,0.8191,5.60,8.00
2009.07.06 18:57:24.592,0.81875,0.8191,25.60,19.20
2009.07.06 18:57:24.762,0.8188,0.8191,5.60,16.00
2009.07.06 18:57:24.982,0.8188,0.81905,8.00,3.20
2009.07.06 18:57:25.092,0.81875,0.8191,21.60,19.20
2009.07.06 18:57:25.272,0.81875,0.8191,25.60,19.20
2009.07.06 18:57:25.562,0.8188,0.8191,13.60,8.00
2009.07.06 18:57:25.682,0.8188,0.81915,13.60,25.00
2009.07.06 18:57:25.852,0.81875,0.81915,21.60,25.00
2009.07.06 18:57:26.022,0.81875,0.81915,21.60,25.80
2009.07.06 18:57:26.712,0.81875,0.81895,21.60,3.20
2009.07.06 18:57:27.061,0.81875,0.81895,16.00,3.20
2009.07.06 18:57:27.531,0.81875,0.8191,21.60,8.00
2009.07.06 18:57:27.642,0.81875,0.81915,21.60,25.80
2009.07.06 18:57:28.451,0.81875,0.81915,25.60,25.80
2009.07.06 18:57:28.691,0.8188,0.81915,5.60,25.00
2009.07.06 18:57:29.471,0.81875,0.8191,25.60,16.00
2009.07.06 18:57:29.651,0.81875,0.81905,25.60,3.20
2009.07.06 18:57:29.711,0.8188,0.81905,5.60,3.20
2009.07.06 18:57:29.771,0.8188,0.81915,13.60,25.80
2009.07.06 18:57:29.941,0.8188,0.81915,8.00,31.40
2009.07.06 18:57:30.001,0.8188,0.8191,8.00,3.20
2009.07.06 18:57:30.121,0.8188,0.8191,5.60,19.20
2009.07.06 18:57:30.291,0.8188,0.8191,5.60,16.00
2009.07.06 18:57:30.801,0.8188,0.81915,13.60,25.00
2009.07.06 18:57:31.151,0.81885,0.81915,8.00,3.20
2009.07.06 18:57:31.541,0.81885,0.81915,5.60,3.20
2009.07.06 18:57:31.710,0.8188,0.81915,17.20,3.20
2009.07.06 18:57:31.890,0.8188,0.8192,17.20,36.20
2009.07.06 18:57:32.650,0.8188,0.81915,17.20,3.20
2009.07.06 18:57:33.050,0.8188,0.8192,17.20,36.20
2009.07.06 18:57:33.450,0.8188,0.81915,17.20,8.00
2009.07.06 18:57:33.680,0.8188,0.81915,17.20,16.00
2009.07.06 18:57:33.970,0.8188,0.81915,17.20,19.20
2009.07.06 18:57:35.549,0.81885,0.81915,5.60,19.20
2009.07.06 18:57:35.609,0.81885,0.81915,5.60,8.00
2009.07.06 18:57:35.669,0.81885,0.8192,5.60,37.80
2009.07.06 18:57:35.839,0.81885,0.81915,5.60,8.00
2009.07.06 18:57:35.900,0.81885,0.81915,5.60,16.00
2009.07.06 18:57:36.459,0.81885,0.81915,5.60,8.00
2009.07.06 18:57:36.519,0.81885,0.8192,5.60,37.80
2009.07.06 18:57:36.859,0.81885,0.8192,5.60,29.80
2009.07.06 18:57:39.099,0.8188,0.8192,20.40,35.40
2009.07.06 18:57:39.389,0.8188,0.8192,17.20,35.40
2009.07.06 18:57:39.558,0.8188,0.81915,17.20,19.20
2009.07.06 18:57:40.378,0.8188,0.81915,17.20,11.20
2009.07.06 18:57:40.479,0.8188,0.81915,17.20,3.20
2009.07.06 18:57:40.538,0.8188,0.8191,17.20,4.80
2009.07.06 18:57:40.868,0.81885,0.8192,5.60,29.80
2009.07.06 18:57:41.038,0.8188,0.81915,17.20,3.20
2009.07.06 18:57:41.208,0.81885,0.81915,5.60,3.20
2009.07.06 18:57:41.548,0.8188,0.819,17.20,3.20
2009.07.06 18:57:42.638,0.8188,0.8189,6.00,3.20
2009.07.06 18:57:43.028,0.8188,0.81895,6.00,3.20
2009.07.06 18:57:43.977,0.8188,0.81895,5.60,3.20
2009.07.06 18:57:45.477,0.8188,0.8189,5.60,3.20
2009.07.06 18:57:45.587,0.8187,0.8189,14.00,3.20
2009.07.06 18:57:45.757,0.8187,0.8188,14.00,3.20
2009.07.06 18:57:45.917,0.8187,0.8189,22.00,3.20
2009.07.06 18:57:46.027,0.8188,0.81895,5.60,3.20
2009.07.06 18:57:46.197,0.8188,0.81895,6.00,3.20
2009.07.06 18:57:46.317,0.81885,0.81895,5.60,3.20
2009.07.06 18:57:46.717,0.81885,0.819,5.60,3.20
2009.07.06 18:57:46.837,0.81885,0.819,9.20,3.20
2009.07.06 18:57:47.647,0.8189,0.819,5.60,3.20
2009.07.06 18:57:47.877,0.819,0.81915,5.60,3.20
2009.07.06 18:57:47.996,0.81895,0.81905,21.60,3.20
2009.07.06 18:57:48.496,0.81895,0.8191,21.60,3.20
2009.07.06 18:57:48.666,0.81895,0.8191,5.60,3.20
2009.07.06 18:57:50.766,0.8189,0.8191,22.00,3.20
2009.07.06 18:57:50.986,0.81895,0.8191,5.60,3.20
2009.07.06 18:57:51.156,0.819,0.8191,5.60,3.20
2009.07.06 18:57:51.436,0.819,0.81905,5.60,3.20
2009.07.06 18:57:51.676,0.81895,0.8191,13.60,3.20
2009.07.06 18:57:51.946,0.81895,0.81905,5.60,3.20
2009.07.06 18:57:53.685,0.819,0.81915,5.60,3.20
2009.07.06 18:57:54.065,0.819,0.8191,8.00,3.20
2009.07.06 18:57:54.365,0.81895,0.8191,21.60,3.20
2009.07.06 18:57:54.995,0.81895,0.81915,21.60,3.20
2009.07.06 18:57:55.335,0.81895,0.8191,21.60,3.20
2009.07.06 18:57:59.214,0.81895,0.81915,21.60,3.20
2009.07.06 18:58:08.631,0.8189,0.81905,30.00,3.20
2009.07.06 18:58:09.022,0.81895,0.8191,21.60,3.20
2009.07.06 18:58:09.301,0.81895,0.81915,21.60,3.20
2009.07.06 18:58:11.381,0.81895,0.8191,21.60,3.20
2009.07.06 18:58:15.630,0.81895,0.8191,22.00,3.20
2009.07.06 18:58:15.970,0.819,0.81915,13.60,3.20
2009.07.06 18:58:20.199,0.81895,0.8191,25.20,3.20
2009.07.06 18:58:20.498,0.81895,0.81905,25.20,3.20
2009.07.06 18:58:20.879,0.819,0.81905,5.60,3.20
2009.07.06 18:58:21.289,0.819,0.81925,13.60,3.20
2009.07.06 18:58:21.468,0.8191,0.8192,5.60,3.20
2009.07.06 18:58:21.959,0.8191,0.8192,13.60,3.20
2009.07.06 18:58:22.698,0.8191,0.8193,13.60,3.20
2009.07.06 18:58:22.928,0.81915,0.8193,21.60,3.20
2009.07.06 18:58:23.618,0.81915,0.81925,13.60,3.20
2009.07.06 18:58:23.968,0.8191,0.8192,16.00,3.20
2009.07.06 18:58:24.308,0.81915,0.8193,5.60,3.20
2009.07.06 18:58:24.538,0.8191,0.8192,5.60,3.20
2009.07.06 18:58:24.718,0.81905,0.8192,25.20,3.20
2009.07.06 18:58:25.168,0.8191,0.8193,8.00,3.20
2009.07.06 18:58:25.457,0.81915,0.8193,5.60,3.20
2009.07.06 18:58:26.377,0.81915,0.81935,5.60,3.20
2009.07.06 18:58:27.647,0.8191,0.8193,13.60,3.20
2009.07.06 18:58:27.827,0.8191,0.81925,5.60,3.20
2009.07.06 18:58:28.047,0.8191,0.8192,5.60,3.20
2009.07.06 18:58:29.536,0.8191,0.8192,13.60,3.20
2009.07.06 18:58:31.976,0.8191,0.81925,13.60,3.20
2009.07.06 18:58:33.586,0.8191,0.81925,5.60,3.20
2009.07.06 18:58:34.725,0.81905,0.81925,9.20,3.20
2009.07.06 18:58:34.785,0.8191,0.81925,5.60,3.20
2009.07.06 18:58:34.965,0.8191,0.8192,5.60,3.20
2009.07.06 18:58:35.025,0.8191,0.81925,5.60,3.20
2009.07.06 18:58:35.315,0.8191,0.8193,5.60,3.20
2009.07.06 18:58:37.745,0.8191,0.8192,5.60,3.20
2009.07.06 18:58:37.805,0.81905,0.8192,9.20,3.20
2009.07.06 18:58:38.104,0.81905,0.81925,9.20,3.20
2009.07.06 18:58:39.004,0.81905,0.8192,9.20,3.20
2009.07.06 18:58:40.174,0.81905,0.8194,25.20,3.20
2009.07.06 18:58:42.623,0.81905,0.8194,25.20,11.20
2009.07.06 18:58:42.673,0.81905,0.8194,24.80,21.80
2009.07.06 18:58:43.013,0.81905,0.8193,5.60,3.20
2009.07.06 18:58:43.403,0.819,0.8193,18.40,3.20
2009.07.06 18:58:43.733,0.81905,0.81935,5.60,3.20
2009.07.06 18:58:43.843,0.81905,0.8194,5.60,25.00
2009.07.06 18:58:44.073,0.81905,0.8193,13.60,3.20
2009.07.06 18:58:44.253,0.81905,0.81935,21.60,3.20
2009.07.06 18:58:44.373,0.81905,0.81935,13.60,3.20
2009.07.06 18:58:44.493,0.81905,0.81935,5.60,3.20
2009.07.06 18:58:44.613,0.81905,0.8193,5.60,3.20
2009.07.06 18:58:48.912,0.81905,0.81935,5.60,3.20
2009.07.06 18:58:52.981,0.81905,0.8193,5.60,3.20
2009.07.06 18:58:53.221,0.81905,0.81935,21.60,8.00
2009.07.06 18:58:53.621,0.81905,0.8194,21.60,20.00
2009.07.06 18:58:55.400,0.81905,0.8194,22.00,20.00
2009.07.06 18:58:55.700,0.81905,0.8194,25.20,16.80
2009.07.06 18:58:58.080,0.819,0.8193,30.00,3.20
2009.07.06 18:58:58.430,0.819,0.81935,22.00,16.00
2009.07.06 18:58:58.789,0.819,0.8194,22.00,25.60
2009.07.06 18:59:05.548,0.8191,0.81935,4.80,8.00
2009.07.06 18:59:05.778,0.8191,0.8194,5.60,19.20
2009.07.06 18:59:05.878,0.81905,0.81935,25.20,8.00
2009.07.06 18:59:06.118,0.81905,0.81945,28.40,31.40
2009.07.06 18:59:06.238,0.8191,0.8194,5.60,3.20
2009.07.06 18:59:06.398,0.8191,0.8194,5.60,16.80
2009.07.06 18:59:06.518,0.8191,0.81945,5.60,21.80
2009.07.06 18:59:06.627,0.8191,0.81945,13.60,5.80
2009.07.06 18:59:07.617,0.8191,0.81945,5.60,21.80
2009.07.06 18:59:07.967,0.81905,0.8194,25.20,19.20
2009.07.06 18:59:08.147,0.81905,0.8194,25.20,20.00
2009.07.06 18:59:08.257,0.8191,0.8194,4.80,25.60
2009.07.06 18:59:08.437,0.8191,0.8194,4.80,24.80
2009.07.06 18:59:08.498,0.81905,0.8194,6.00,19.20
2009.07.06 18:59:09.017,0.81905,0.8194,22.00,3.20
2009.07.06 18:59:13.426,0.8191,0.8194,8.00,8.00
2009.07.06 18:59:13.716,0.81905,0.8194,33.20,8.00
2009.07.06 18:59:14.066,0.81905,0.8194,25.20,16.00
2009.07.06 18:59:14.356,0.8191,0.8194,5.60,16.00
2009.07.06 18:59:14.776,0.81905,0.8194,29.20,3.20
2009.07.06 18:59:14.835,0.81905,0.81945,28.40,28.20
2009.07.06 18:59:15.006,0.81905,0.8194,28.40,8.00
2009.07.06 18:59:15.285,0.81905,0.8194,25.20,19.20
2009.07.06 18:59:15.695,0.81905,0.8194,22.00,19.20
2009.07.06 18:59:15.975,0.81905,0.8193,5.60,3.20
2009.07.06 18:59:16.545,0.81905,0.8193,13.60,3.20
2009.07.06 18:59:16.715,0.81905,0.8194,21.60,12.00
2009.07.06 18:59:16.995,0.81905,0.8194,22.00,4.00
2009.07.06 18:59:17.165,0.81905,0.8194,25.20,3.20
2009.07.06 18:59:18.545,0.8191,0.81945,5.60,16.00
2009.07.06 18:59:18.895,0.81915,0.81945,5.60,8.00
2009.07.06 18:59:19.185,0.81915,0.8195,5.60,38.60
2009.07.06 18:59:19.694,0.81915,0.81945,13.60,3.20
2009.07.06 18:59:19.964,0.81915,0.81945,21.60,3.20
2009.07.06 18:59:20.534,0.8191,0.81945,13.60,3.20
2009.07.06 18:59:23.234,0.8191,0.8194,13.60,3.20
2009.07.06 18:59:26.083,0.8191,0.81935,13.60,3.20
2009.07.06 18:59:26.323,0.8191,0.81935,8.00,3.20
2009.07.06 18:59:26.433,0.81905,0.8194,32.80,3.20
2009.07.06 18:59:26.543,0.81905,0.8194,21.60,3.20
2009.07.06 18:59:26.893,0.81905,0.81945,21.60,35.40
2009.07.06 18:59:27.343,0.81905,0.8194,25.20,20.00
2009.07.06 18:59:27.522,0.81915,0.81945,8.80,16.00
2009.07.06 18:59:27.793,0.81915,0.81945,24.80,2.60
2009.07.06 18:59:28.083,0.81915,0.81945,16.00,9.00
2009.07.06 18:59:28.532,0.8191,0.81945,21.60,9.00
2009.07.06 18:59:28.862,0.8191,0.8194,13.60,3.20
2009.07.06 18:59:29.212,0.8191,0.8194,8.00,3.20
2009.07.06 18:59:29.552,0.8191,0.81945,13.60,13.80
2009.07.06 18:59:29.902,0.8191,0.8194,13.60,3.20
2009.07.06 18:59:31.082,0.8191,0.8194,8.00,3.20
2009.07.06 18:59:32.281,0.8191,0.8194,8.00,8.00
2009.07.06 18:59:32.512,0.8191,0.81945,13.60,6.40
2009.07.06 18:59:32.681,0.8191,0.8194,13.60,3.20
2009.07.06 18:59:35.221,0.81915,0.81945,5.60,13.80
2009.07.06 18:59:35.331,0.81915,0.81945,5.60,9.00
2009.07.06 18:59:35.630,0.81915,0.81945,5.60,6.40
2009.07.06 18:59:35.860,0.8191,0.81945,8.00,26.60
2009.07.06 18:59:36.080,0.81905,0.8194,21.60,3.20
2009.07.06 18:59:36.420,0.81905,0.8194,16.00,8.80
2009.07.06 18:59:36.772,0.81905,0.81935,16.00,4.00
2009.07.06 18:59:37.111,0.819,0.81935,13.60,19.20
2009.07.06 18:59:39.929,0.81905,0.81935,5.60,19.20
2009.07.06 18:59:40.160,0.81905,0.81935,21.60,3.20
2009.07.06 18:59:41.349,0.81905,0.8194,21.60,4.00
2009.07.06 18:59:41.519,0.8191,0.81945,13.60,9.00
2009.07.06 18:59:41.859,0.8191,0.81945,13.60,5.80
2009.07.06 18:59:46.258,0.8191,0.81945,13.60,3.20
2009.07.06 18:59:46.548,0.8191,0.8194,13.60,3.20
2009.07.06 18:59:46.837,0.8191,0.81945,13.60,3.20
2009.07.06 18:59:47.307,0.8191,0.8194,13.60,3.20
2009.07.06 18:59:47.598,0.8191,0.8194,5.60,3.20
2009.07.06 18:59:49.237,0.81905,0.8194,21.60,3.20
2009.07.06 18:59:49.467,0.8191,0.8194,5.60,19.20
2009.07.06 18:59:49.647,0.8191,0.8194,5.60,3.20
2009.07.06 18:59:56.165,0.8192,0.8195,5.60,21.80
2009.07.06 18:59:56.635,0.81925,0.8195,5.60,24.00
2009.07.06 18:59:56.995,0.81925,0.8196,5.60,24.00
2009.07.06 18:59:57.455,0.81935,0.8196,5.60,19.20
2009.07.06 18:59:57.755,0.8193,0.8196,5.60,19.20
2009.07.06 18:59:58.155,0.8193,0.81955,5.60,16.00
2009.07.06 18:59:59.195,0.8193,0.8196,5.60,21.80
2009.07.06 18:59:59.905,0.8193,0.8196,5.60,19.20
