2011.11.01 21:00:00.326,0.76786,0.76818,0.45,0.45
2011.11.01 21:00:00.826,0.76784,0.76818,0.45,0.45
2011.11.01 21:00:02.566,0.76796,0.7683,0.45,0.45
2011.11.01 21:00:12.126,0.76802,0.76836,0.45,0.45
2011.11.01 21:00:17.696,0.76796,0.7683,0.45,0.45
2011.11.01 21:00:18.026,0.76787,0.76821,0.45,0.45
2011.11.01 21:00:21.117,0.76806,0.76841,0.75,0.45
2011.11.01 21:00:28.576,0.76805,0.76839,0.45,0.75
2011.11.01 21:00:29.009,0.76805,0.76833,0.45,0.75
2011.11.01 21:00:38.846,0.76804,0.76829,0.45,0.45
2011.11.01 21:00:38.956,0.76787,0.76823,0.45,0.45
2011.11.01 21:00:42.976,0.76791,0.76823,0.75,0.45
2011.11.01 21:00:44.989,0.76787,0.76823,0.45,0.45
2011.11.01 21:00:47.036,0.76783,0.76817,0.45,0.45
2011.11.01 21:00:47.756,0.76773,0.76807,0.45,0.45
2011.11.01 21:00:48.617,0.76771,0.76801,0.45,0.45
2011.11.01 21:00:48.726,0.76773,0.76807,0.45,0.45
2011.11.01 21:00:49.599,0.76778,0.76814,0.45,0.45
2011.11.01 21:00:51.186,0.76769,0.76803,0.45,0.45
2011.11.01 21:00:56.116,0.7676,0.76796,0.45,0.45
2011.11.01 21:01:00.596,0.76796,0.76824,0.75,0.45
2011.11.01 21:01:00.706,0.76796,0.76829,0.75,0.45
2011.11.01 21:01:00.816,0.76796,0.76815,0.75,0.45
2011.11.01 21:01:01.066,0.76796,0.7683,0.75,0.45
2011.11.01 21:01:03.787,0.76797,0.7683,0.75,0.45
2011.11.01 21:01:06.996,0.76794,0.76829,0.45,0.75
2011.11.01 21:01:07.106,0.76791,0.76822,0.75,0.45
2011.11.01 21:01:22.419,0.76806,0.76822,0.75,0.45
2011.11.01 21:01:22.526,0.76816,0.76839,0.75,0.45
2011.11.01 21:01:23.346,0.76829,0.76849,0.45,0.75
2011.11.01 21:01:23.699,0.76829,0.76844,0.45,0.75
2011.11.01 21:01:24.006,0.76829,0.76849,0.45,0.75
2011.11.01 21:01:25.125,0.76829,0.76865,0.45,0.45
2011.11.01 21:01:25.236,0.76822,0.7685,0.75,0.45
2011.11.01 21:01:25.345,0.76816,0.7685,0.75,0.45
2011.11.01 21:01:25.456,0.76822,0.7685,0.75,0.45
2011.11.01 21:01:25.886,0.76816,0.7685,0.75,0.45
2011.11.01 21:01:43.575,0.7682,0.7685,0.45,0.45
2011.11.01 21:01:43.686,0.76821,0.76857,1.20,0.45
2011.11.01 21:01:59.796,0.76826,0.76857,0.75,0.45
2011.11.01 21:02:02.227,0.76822,0.76857,0.75,0.45
2011.11.01 21:02:04.978,0.76827,0.76857,0.75,0.45
2011.11.01 21:02:11.137,0.76831,0.76857,0.75,0.45
2011.11.01 21:02:11.727,0.76821,0.76843,0.75,0.45
2011.11.01 21:02:12.176,0.76821,0.76845,0.75,0.45
2011.11.01 21:02:12.396,0.76821,0.76851,0.75,0.45
2011.11.01 21:02:12.897,0.76817,0.76851,1.20,0.45
2011.11.01 21:02:13.226,0.76822,0.76851,0.75,0.45
2011.11.01 21:02:26.357,0.76817,0.76851,1.20,0.45
2011.11.01 21:02:26.576,0.76817,0.76844,0.75,0.45
2011.11.01 21:02:30.268,0.76811,0.76844,0.75,0.45
2011.11.01 21:02:30.506,0.76808,0.76844,0.45,1.20
2011.11.01 21:02:33.730,0.76812,0.76844,0.75,0.45
2011.11.01 21:02:34.718,0.76808,0.76844,0.45,1.20
2011.11.01 21:02:34.938,0.76791,0.76825,0.45,0.45
2011.11.01 21:02:37.497,0.76802,0.76825,0.75,0.45
2011.11.01 21:02:37.718,0.76806,0.76839,0.75,0.45
2011.11.01 21:02:44.808,0.76803,0.76839,0.45,0.45
2011.11.01 21:02:45.028,0.76806,0.76839,0.75,0.45
2011.11.01 21:02:53.839,0.76803,0.76839,0.45,0.45
2011.11.01 21:03:11.617,0.76803,0.76835,0.45,0.45
2011.11.01 21:03:11.947,0.76801,0.76833,0.75,0.45
2011.11.01 21:03:20.457,0.76807,0.76833,0.75,0.45
2011.11.01 21:03:27.277,0.76812,0.76833,0.75,0.45
2011.11.01 21:03:32.118,0.76806,0.76833,0.75,0.45
2011.11.01 21:03:32.400,0.76802,0.76833,0.75,0.45
2011.11.01 21:03:32.618,0.76807,0.76833,0.75,0.45
2011.11.01 21:03:32.949,0.76801,0.76833,0.75,0.45
2011.11.01 21:03:37.727,0.76807,0.76833,0.75,0.45
2011.11.01 21:03:37.977,0.76802,0.76833,0.75,0.45
2011.11.01 21:03:52.507,0.76797,0.76833,0.45,0.45
2011.11.01 21:04:04.197,0.76802,0.76833,0.75,0.45
2011.11.01 21:04:07.928,0.76797,0.76833,0.45,0.45
2011.11.01 21:04:08.037,0.76802,0.76833,0.75,0.45
2011.11.01 21:04:09.140,0.76797,0.76833,0.45,0.45
2011.11.01 21:04:09.898,0.76797,0.76824,0.75,0.45
2011.11.01 21:04:10.423,0.76791,0.76824,0.75,0.45
2011.11.01 21:04:12.798,0.76785,0.76821,0.45,0.45
2011.11.01 21:04:12.908,0.76776,0.7681,0.45,0.45
2011.11.01 21:04:17.398,0.76785,0.76812,0.45,0.45
2011.11.01 21:04:17.727,0.76785,0.76819,0.45,0.45
2011.11.01 21:04:17.837,0.7679,0.76822,0.45,0.45
2011.11.01 21:04:17.948,0.7679,0.76826,0.45,0.45
2011.11.01 21:04:23.249,0.76792,0.76826,0.75,0.45
2011.11.01 21:04:23.577,0.76799,0.76833,0.45,0.45
2011.11.01 21:04:25.339,0.76802,0.76833,0.75,0.45
2011.11.01 21:04:31.696,0.76806,0.76833,0.75,0.45
2011.11.01 21:04:31.937,0.76806,0.7684,0.75,0.45
2011.11.01 21:04:33.847,0.76812,0.7684,0.75,0.45
2011.11.01 21:04:33.957,0.76807,0.7684,0.75,0.45
2011.11.01 21:04:47.759,0.76804,0.7684,0.45,0.45
2011.11.01 21:05:10.909,0.76807,0.7684,0.75,0.45
2011.11.01 21:05:12.696,0.76804,0.7684,0.45,0.45
2011.11.01 21:05:14.404,0.76806,0.7684,0.75,0.45
2011.11.01 21:05:23.049,0.76804,0.7684,0.45,0.45
2011.11.01 21:05:25.990,0.76807,0.7684,0.75,0.45
2011.11.01 21:05:27.431,0.76804,0.7684,0.45,0.45
2011.11.01 21:05:30.509,0.76806,0.7684,0.75,0.45
2011.11.01 21:05:30.839,0.7681,0.76844,0.45,0.75
2011.11.01 21:05:32.049,0.7681,0.76843,0.45,0.75
2011.11.01 21:05:32.159,0.76804,0.7684,0.45,0.45
2011.11.01 21:05:38.200,0.76804,0.76839,0.45,0.75
2011.11.01 21:05:41.304,0.76804,0.7684,0.45,0.45
2011.11.01 21:05:44.772,0.76806,0.7684,0.75,0.45
2011.11.01 21:05:45.321,0.76806,0.76841,0.75,0.45
2011.11.01 21:05:45.881,0.76805,0.76838,0.45,0.75
2011.11.01 21:05:51.271,0.76806,0.76841,0.75,0.45
2011.11.01 21:06:06.210,0.76807,0.76841,0.75,0.45
2011.11.01 21:06:06.853,0.76806,0.76841,0.75,0.45
2011.11.01 21:06:18.921,0.76817,0.76841,0.75,0.45
2011.11.01 21:06:19.141,0.76816,0.7685,0.75,0.45
2011.11.01 21:06:30.782,0.76826,0.7685,0.75,0.45
2011.11.01 21:06:30.892,0.76821,0.7685,0.75,0.45
2011.11.01 21:06:34.161,0.76826,0.7685,0.75,0.45
2011.11.01 21:06:58.924,0.76826,0.76857,0.75,0.45
2011.11.01 21:07:00.091,0.76832,0.76857,0.75,0.45
2011.11.01 21:07:02.404,0.76821,0.76857,1.20,0.45
2011.11.01 21:07:03.172,0.76827,0.76857,0.75,0.45
2011.11.01 21:07:03.721,0.76822,0.76857,0.75,0.45
2011.11.01 21:07:04.362,0.76826,0.76857,0.75,0.45
2011.11.01 21:07:05.501,0.76822,0.76849,0.75,0.45
2011.11.01 21:07:05.721,0.76817,0.76849,0.75,0.45
2011.11.01 21:07:05.953,0.76821,0.76849,0.75,0.45
2011.11.01 21:07:07.181,0.76816,0.76849,0.75,0.45
2011.11.01 21:07:07.421,0.76822,0.76849,0.75,0.45
2011.11.01 21:07:07.761,0.76817,0.76849,0.75,0.45
2011.11.01 21:07:07.981,0.76822,0.76849,0.75,0.45
2011.11.01 21:07:10.192,0.76816,0.76849,0.75,0.45
2011.11.01 21:07:11.711,0.76816,0.76841,0.75,0.45
2011.11.01 21:07:11.822,0.76812,0.76841,0.75,0.45
2011.11.01 21:07:12.370,0.76811,0.76841,0.75,0.45
2011.11.01 21:07:12.972,0.76812,0.76841,0.75,0.45
2011.11.01 21:07:13.652,0.76807,0.76841,0.45,0.45
2011.11.01 21:07:13.761,0.76807,0.76837,0.45,0.45
2011.11.01 21:07:13.982,0.76802,0.76835,0.75,0.45
2011.11.01 21:07:17.542,0.76806,0.7684,0.45,0.45
2011.11.01 21:07:17.652,0.76811,0.7684,0.75,0.45
2011.11.01 21:07:20.782,0.76806,0.7684,1.20,0.45
2011.11.01 21:07:25.132,0.76811,0.7684,0.75,0.45
2011.11.01 21:07:25.673,0.76806,0.7684,1.20,0.45
2011.11.01 21:07:33.934,0.76824,0.76849,0.45,0.38
2011.11.01 21:07:34.164,0.76824,0.76859,0.45,0.75
2011.11.01 21:07:35.793,0.76827,0.7686,0.75,0.45
2011.11.01 21:07:36.122,0.76824,0.76859,0.45,0.75
2011.11.01 21:07:36.912,0.76827,0.7686,0.75,0.45
2011.11.01 21:07:37.113,0.76824,0.7686,0.45,0.45
2011.11.01 21:07:37.406,0.76824,0.76858,0.45,0.75
2011.11.01 21:07:41.462,0.76826,0.7686,0.75,0.45
2011.11.01 21:07:41.792,0.7683,0.76865,0.45,0.75
2011.11.01 21:07:42.011,0.76832,0.76865,0.75,0.75
2011.11.01 21:07:43.383,0.7683,0.76853,0.45,0.75
2011.11.01 21:07:43.714,0.76817,0.76842,0.75,0.45
2011.11.01 21:07:51.714,0.76821,0.76842,0.75,0.45
2011.11.01 21:07:51.833,0.76821,0.7685,0.75,0.45
2011.11.01 21:07:52.053,0.76817,0.7685,0.75,0.45
2011.11.01 21:07:53.026,0.76821,0.7685,0.75,0.45
2011.11.01 21:08:04.494,0.76826,0.7685,0.75,0.45
2011.11.01 21:08:04.831,0.76826,0.76852,0.75,0.45
2011.11.01 21:08:04.942,0.76826,0.76859,0.75,0.45
2011.11.01 21:08:08.164,0.76823,0.76858,0.45,0.75
2011.11.01 21:08:13.811,0.76821,0.76854,0.75,0.45
2011.11.01 21:08:13.924,0.76818,0.76853,0.45,0.75
2011.11.01 21:08:14.701,0.76818,0.76854,0.45,1.20
2011.11.01 21:08:14.818,0.76857,0.76863,0.60,0.38
2011.11.01 21:08:14.932,0.76857,0.76877,0.60,0.45
2011.11.01 21:08:15.042,0.76863,0.76877,0.45,0.45
2011.11.01 21:08:15.152,0.76872,0.76901,0.45,0.45
2011.11.01 21:08:15.262,0.76872,0.76906,0.45,0.45
2011.11.01 21:08:15.863,0.76872,0.76903,0.45,0.45
2011.11.01 21:08:15.971,0.76865,0.76901,0.45,0.45
2011.11.01 21:08:17.201,0.76868,0.76901,0.45,0.45
2011.11.01 21:08:17.311,0.76871,0.76905,0.45,0.45
2011.11.01 21:08:18.181,0.76871,0.76889,0.45,0.75
2011.11.01 21:08:18.521,0.76853,0.76889,0.45,1.20
2011.11.01 21:08:18.842,0.76853,0.7688,0.45,0.45
2011.11.01 21:08:19.295,0.76851,0.76878,0.75,0.45
2011.11.01 21:08:20.493,0.76847,0.76869,0.75,0.45
2011.11.01 21:08:20.711,0.76841,0.76869,0.75,0.45
2011.11.01 21:08:23.380,0.76843,0.76877,0.45,0.45
2011.11.01 21:08:25.171,0.76846,0.76877,0.75,0.45
2011.11.01 21:08:25.287,0.76843,0.76877,0.45,0.45
2011.11.01 21:08:25.413,0.76847,0.76877,0.75,0.45
2011.11.01 21:08:28.480,0.76843,0.76877,0.45,0.45
2011.11.01 21:08:28.701,0.76847,0.76877,0.75,0.45
2011.11.01 21:08:29.053,0.76842,0.76869,0.75,0.45
2011.11.01 21:08:30.042,0.76836,0.76869,0.75,0.45
2011.11.01 21:08:31.745,0.76841,0.76869,0.75,0.45
2011.11.01 21:08:34.597,0.76847,0.76869,0.75,0.45
2011.11.01 21:08:36.655,0.76842,0.76869,0.75,0.45
2011.11.01 21:08:40.051,0.76846,0.76869,0.75,0.45
2011.11.01 21:08:41.323,0.76837,0.76869,0.75,0.45
2011.11.01 21:08:41.433,0.76837,0.76866,0.75,0.45
2011.11.01 21:08:41.956,0.76837,0.76863,0.75,0.45
2011.11.01 21:08:42.722,0.76841,0.76863,0.75,0.45
2011.11.01 21:08:43.255,0.76836,0.76863,0.75,0.45
2011.11.01 21:08:43.377,0.76836,0.7687,1.20,0.45
2011.11.01 21:09:17.612,0.76837,0.7687,0.75,0.45
2011.11.01 21:09:18.164,0.76836,0.7687,1.20,0.45
2011.11.01 21:09:21.925,0.76837,0.7687,0.75,0.45
2011.11.01 21:09:43.280,0.76837,0.76879,0.75,0.75
2011.11.01 21:09:44.281,0.76831,0.76879,0.75,1.50
2011.11.01 21:09:54.173,0.76831,0.76873,0.75,0.75
2011.11.01 21:09:54.511,0.76825,0.76859,0.45,0.45
2011.11.01 21:10:01.406,0.76827,0.76859,0.75,0.45
2011.11.01 21:10:01.634,0.76825,0.76859,0.45,0.45
2011.11.01 21:10:11.372,0.76832,0.76859,0.75,0.45
2011.11.01 21:10:11.483,0.76832,0.76867,0.75,0.45
2011.11.01 21:10:11.672,0.76837,0.76867,0.75,0.45
2011.11.01 21:10:11.781,0.76831,0.76867,1.20,0.45
2011.11.01 21:10:12.003,0.76837,0.76867,0.75,0.45
2011.11.01 21:10:12.512,0.76832,0.76867,0.75,0.45
2011.11.01 21:10:13.117,0.76831,0.76867,0.45,0.45
2011.11.01 21:10:13.236,0.76826,0.76856,0.75,0.45
2011.11.01 21:10:33.563,0.76822,0.76856,1.80,0.45
2011.11.01 21:10:38.942,0.76834,0.76858,0.45,0.45
2011.11.01 21:10:39.055,0.76834,0.76868,0.45,0.45
2011.11.01 21:10:40.442,0.76842,0.76876,0.45,0.45
2011.11.01 21:10:49.003,0.76839,0.76867,0.45,0.45
2011.11.01 21:10:49.114,0.76833,0.76867,0.45,0.45
2011.11.01 21:11:27.349,0.76827,0.76863,0.45,0.45
2011.11.01 21:11:31.945,0.76833,0.76857,0.75,0.75
2011.11.01 21:11:36.093,0.76837,0.76861,0.75,0.75
2011.11.01 21:11:37.853,0.76838,0.76861,0.45,0.75
2011.11.01 21:11:38.422,0.7684,0.76865,0.75,0.75
2011.11.01 21:11:42.995,0.7684,0.76863,0.75,0.75
2011.11.01 21:11:43.112,0.76832,0.76858,1.50,0.75
2011.11.01 21:11:45.074,0.76837,0.76858,0.75,0.75
2011.11.01 21:11:46.524,0.76841,0.76864,0.75,0.75
2011.11.01 21:11:53.202,0.76829,0.76853,1.20,0.75
2011.11.01 21:11:55.785,0.76826,0.76849,0.75,0.75
2011.11.01 21:11:57.374,0.76831,0.76849,0.75,0.75
2011.11.01 21:11:57.705,0.76842,0.76864,0.75,0.75
2011.11.01 21:11:58.212,0.76843,0.76864,0.75,0.75
2011.11.01 21:12:00.354,0.76843,0.76868,0.75,0.75
2011.11.01 21:12:13.445,0.76848,0.76872,0.75,0.75
2011.11.01 21:12:14.035,0.76848,0.76868,0.75,0.75
2011.11.01 21:12:19.821,0.76844,0.76867,0.75,0.75
2011.11.01 21:12:23.522,0.76847,0.76872,0.75,0.75
2011.11.01 21:12:23.743,0.76848,0.76868,0.75,0.75
2011.11.01 21:12:23.973,0.76848,0.76873,0.75,1.20
2011.11.01 21:12:24.573,0.76845,0.76869,0.75,1.50
2011.11.01 21:12:30.481,0.76845,0.76864,0.75,0.75
2011.11.01 21:12:30.591,0.76837,0.76859,0.45,0.75
2011.11.01 21:12:30.812,0.76833,0.76859,0.75,0.75
2011.11.01 21:12:46.000,0.76833,0.76858,0.75,0.75
2011.11.01 21:13:05.554,0.76837,0.76862,0.75,0.75
2011.11.01 21:13:08.972,0.76837,0.76859,0.75,0.75
2011.11.01 21:13:09.082,0.76833,0.76859,0.75,1.50
2011.11.01 21:13:26.084,0.76833,0.76857,0.75,0.75
2011.11.01 21:13:26.416,0.76833,0.76853,0.75,0.75
2011.11.01 21:13:30.612,0.76829,0.76852,0.75,0.75
2011.11.01 21:13:49.601,0.76832,0.76853,0.75,0.75
2011.11.01 21:14:01.532,0.76835,0.76854,0.75,0.75
2011.11.01 21:14:01.752,0.76835,0.76856,0.75,0.75
2011.11.01 21:14:05.702,0.76831,0.76853,0.75,0.75
2011.11.01 21:14:05.921,0.76831,0.76851,0.75,0.75
2011.11.01 21:14:09.472,0.76836,0.76851,0.75,0.75
2011.11.01 21:14:09.692,0.76836,0.76859,0.75,0.75
2011.11.01 21:14:18.697,0.76836,0.7686,0.75,1.50
2011.11.01 21:14:31.701,0.76836,0.76858,0.75,0.75
2011.11.01 21:14:38.442,0.76831,0.76853,0.75,0.75
2011.11.01 21:14:40.713,0.76831,0.76854,0.75,0.75
2011.11.01 21:14:41.052,0.76835,0.76854,0.75,0.75
2011.11.01 21:14:41.161,0.76835,0.76859,0.75,0.75
2011.11.01 21:14:50.743,0.76835,0.7686,0.75,0.75
2011.11.01 21:14:50.864,0.7684,0.7686,0.75,0.75
2011.11.01 21:14:51.737,0.7684,0.76858,0.75,0.75
2011.11.01 21:14:51.855,0.76836,0.76858,0.75,0.75
2011.11.01 21:14:55.052,0.76836,0.76855,0.75,0.75
2011.11.01 21:14:56.584,0.76836,0.76854,0.75,0.75
2011.11.01 21:14:56.703,0.76831,0.76854,0.75,0.75
2011.11.01 21:14:56.925,0.76831,0.76851,0.75,0.75
2011.11.01 21:15:01.344,0.76831,0.76848,0.75,0.75
2011.11.01 21:15:01.468,0.76829,0.76848,0.75,0.75
2011.11.01 21:15:01.587,0.76829,0.76846,0.75,0.75
2011.11.01 21:15:01.705,0.76818,0.7684,1.20,0.75
2011.11.01 21:15:02.312,0.76818,0.76839,0.75,0.75
2011.11.01 21:15:07.313,0.76813,0.76839,1.20,0.75
2011.11.01 21:15:07.543,0.76813,0.76836,0.75,0.75
2011.11.01 21:15:10.144,0.76813,0.76834,0.75,0.75
2011.11.01 21:15:10.266,0.76807,0.7683,0.19,0.75
2011.11.01 21:15:10.494,0.76803,0.76828,0.75,0.75
2011.11.01 21:15:10.612,0.76805,0.76828,0.75,0.75
2011.11.01 21:15:11.805,0.76805,0.76827,0.75,0.75
2011.11.01 21:15:12.364,0.76805,0.76818,0.75,0.75
2011.11.01 21:15:12.593,0.76801,0.76818,0.75,0.75
2011.11.01 21:15:12.824,0.76805,0.76818,0.75,0.75
2011.11.01 21:15:13.055,0.76805,0.76829,0.75,0.75
2011.11.01 21:15:13.686,0.76805,0.7683,0.75,0.75
2011.11.01 21:15:15.504,0.76809,0.76832,0.75,0.75
2011.11.01 21:15:15.845,0.76809,0.76835,0.75,1.50
2011.11.01 21:15:15.964,0.76816,0.76835,0.19,0.75
2011.11.01 21:15:16.082,0.76817,0.76841,0.75,0.75
2011.11.01 21:15:16.443,0.76819,0.76843,0.75,0.75
2011.11.01 21:15:17.834,0.76819,0.76838,0.75,0.75
2011.11.01 21:15:18.173,0.76811,0.76833,0.19,0.75
2011.11.01 21:15:19.244,0.76813,0.76835,0.19,0.75
2011.11.01 21:15:20.714,0.76813,0.76826,0.19,0.75
2011.11.01 21:15:20.943,0.76806,0.7683,0.19,0.75
2011.11.01 21:15:21.407,0.7681,0.7683,0.19,0.75
2011.11.01 21:15:22.000,0.7681,0.76832,0.19,0.75
2011.11.01 21:15:22.114,0.76814,0.76838,0.75,0.75
2011.11.01 21:15:23.092,0.76814,0.76834,0.94,0.75
2011.11.01 21:15:23.424,0.76805,0.7683,0.75,1.50
2011.11.01 21:15:26.083,0.76801,0.76825,0.94,0.75
2011.11.01 21:15:26.642,0.768,0.76825,0.75,1.50
2011.11.01 21:15:32.353,0.76807,0.76825,0.75,0.75
2011.11.01 21:15:32.584,0.76814,0.76838,0.75,0.75
2011.11.01 21:15:32.812,0.76814,0.7684,0.75,1.20
2011.11.01 21:15:33.754,0.76814,0.76839,0.75,0.75
2011.11.01 21:15:33.874,0.76809,0.76824,0.19,0.75
2011.11.01 21:15:33.994,0.76801,0.76824,0.94,0.75
2011.11.01 21:15:34.642,0.76805,0.76829,0.75,1.20
2011.11.01 21:15:34.754,0.76814,0.7684,0.75,0.75
2011.11.01 21:15:36.643,0.76813,0.76839,0.19,0.75
2011.11.01 21:15:41.562,0.76813,0.76824,0.19,0.75
2011.11.01 21:15:41.782,0.768,0.76824,0.19,0.75
2011.11.01 21:15:42.558,0.76801,0.76825,0.75,0.75
2011.11.01 21:15:43.024,0.76807,0.76831,0.75,1.20
2011.11.01 21:15:43.363,0.76813,0.76838,0.75,0.45
2011.11.01 21:15:45.833,0.76811,0.76816,0.19,0.75
2011.11.01 21:15:46.063,0.76786,0.7681,0.75,0.75
2011.11.01 21:15:47.753,0.76789,0.7681,0.75,0.75
2011.11.01 21:15:48.317,0.7679,0.7681,0.19,0.75
2011.11.01 21:15:49.672,0.76793,0.7681,0.19,0.75
2011.11.01 21:15:54.873,0.76793,0.76814,0.19,0.75
2011.11.01 21:15:54.995,0.76799,0.76814,0.19,0.75
2011.11.01 21:15:55.114,0.76799,0.76827,0.19,0.45
2011.11.01 21:16:04.057,0.76796,0.76825,0.19,0.75
2011.11.01 21:16:08.801,0.76796,0.76821,0.19,0.75
2011.11.01 21:16:09.352,0.7679,0.76821,0.94,1.20
2011.11.01 21:16:11.573,0.7679,0.76814,0.19,0.75
2011.11.01 21:16:12.357,0.76789,0.76814,0.75,0.75
2011.11.01 21:16:16.203,0.7679,0.76816,0.75,0.75
2011.11.01 21:16:16.444,0.76794,0.76816,0.19,0.75
2011.11.01 21:16:16.893,0.76792,0.76815,0.75,0.75
2011.11.01 21:16:17.014,0.76796,0.76815,0.75,0.75
2011.11.01 21:16:17.133,0.76798,0.76818,0.19,0.45
2011.11.01 21:16:17.473,0.76798,0.76821,0.19,0.75
2011.11.01 21:16:18.774,0.76798,0.76813,0.19,0.75
2011.11.01 21:16:19.116,0.76798,0.76823,0.19,0.75
2011.11.01 21:16:19.875,0.76798,0.76807,0.19,0.75
2011.11.01 21:16:19.995,0.76796,0.76807,0.75,0.75
2011.11.01 21:16:20.115,0.76792,0.76807,0.19,0.75
2011.11.01 21:16:20.863,0.76785,0.76815,0.19,0.75
2011.11.01 21:16:24.324,0.76785,0.76799,0.19,0.75
2011.11.01 21:16:24.664,0.76772,0.76792,0.75,0.75
2011.11.01 21:16:24.892,0.7677,0.76792,0.75,0.75
2011.11.01 21:16:28.173,0.7677,0.76795,0.75,0.75
2011.11.01 21:16:51.433,0.7677,0.76796,0.75,0.75
2011.11.01 21:16:51.653,0.76774,0.768,1.20,0.75
2011.11.01 21:16:52.605,0.76777,0.768,0.75,0.75
2011.11.01 21:16:58.313,0.76776,0.768,0.75,0.75
2011.11.01 21:16:58.643,0.76779,0.768,0.75,0.75
2011.11.01 21:16:58.972,0.76781,0.76801,0.19,0.75
2011.11.01 21:17:00.633,0.76787,0.76804,0.75,0.75
2011.11.01 21:17:00.966,0.76799,0.76814,0.19,0.75
2011.11.01 21:17:01.414,0.76799,0.76816,0.19,0.75
2011.11.01 21:17:01.864,0.76799,0.76822,0.19,1.20
2011.11.01 21:17:02.493,0.76802,0.76822,0.19,1.20
2011.11.01 21:17:02.825,0.76786,0.768,0.75,0.75
2011.11.01 21:17:02.943,0.76799,0.76816,0.75,0.45
2011.11.01 21:17:03.063,0.76799,0.76821,0.75,0.75
2011.11.01 21:17:03.605,0.76789,0.76802,0.45,0.75
2011.11.01 21:17:04.067,0.76801,0.76811,0.19,0.75
2011.11.01 21:17:04.525,0.76802,0.76815,0.19,0.75
2011.11.01 21:17:04.648,0.76782,0.76801,0.75,0.75
2011.11.01 21:17:04.874,0.76784,0.768,0.75,0.75
2011.11.01 21:17:04.994,0.76786,0.768,0.19,0.75
2011.11.01 21:17:05.553,0.76789,0.76799,0.75,0.75
2011.11.01 21:17:05.772,0.76792,0.76807,0.19,1.20
2011.11.01 21:17:06.176,0.76792,0.76814,0.19,0.75
2011.11.01 21:17:06.717,0.76792,0.76815,0.19,0.45
2011.11.01 21:17:08.536,0.76794,0.76817,0.45,0.45
2011.11.01 21:17:08.874,0.768,0.7682,0.19,0.75
2011.11.01 21:17:08.992,0.768,0.76823,0.19,0.75
2011.11.01 21:17:09.544,0.76801,0.76823,0.19,0.75
2011.11.01 21:17:09.883,0.76804,0.76823,0.19,0.75
2011.11.01 21:17:10.893,0.76804,0.76819,0.19,0.75
2011.11.01 21:17:11.223,0.76788,0.76808,0.19,0.75
2011.11.01 21:17:13.044,0.76796,0.7681,0.19,0.75
2011.11.01 21:17:13.273,0.76792,0.7681,0.19,0.75
2011.11.01 21:17:14.077,0.76792,0.76809,0.19,0.75
2011.11.01 21:17:17.074,0.76797,0.76809,0.19,0.75
2011.11.01 21:17:18.003,0.76797,0.7681,0.19,0.75
2011.11.01 21:17:20.812,0.76794,0.7681,0.19,0.75
2011.11.01 21:17:22.163,0.76789,0.7681,0.19,0.75
2011.11.01 21:17:24.214,0.76789,0.76814,0.19,0.75
2011.11.01 21:17:24.334,0.76798,0.76814,0.45,0.75
2011.11.01 21:17:24.565,0.76802,0.76824,0.19,0.75
2011.11.01 21:17:36.013,0.768,0.76824,0.75,0.75
2011.11.01 21:17:36.122,0.76798,0.76824,1.39,0.75
2011.11.01 21:17:39.463,0.76802,0.76824,0.19,0.75
2011.11.01 21:18:05.892,0.76802,0.76832,0.19,0.75
2011.11.01 21:18:22.653,0.76802,0.76831,0.19,0.75
2011.11.01 21:19:22.758,0.76802,0.76832,0.19,0.75
2011.11.01 21:19:29.260,0.76801,0.76833,0.19,0.75
2011.11.01 21:19:34.138,0.76812,0.76833,0.75,0.75
2011.11.01 21:19:35.473,0.76812,0.76837,0.75,0.75
2011.11.01 21:19:35.583,0.76808,0.76834,0.19,0.75
2011.11.01 21:19:35.694,0.76801,0.76832,0.19,0.45
2011.11.01 21:19:38.473,0.76805,0.76835,0.19,1.50
2011.11.01 21:19:58.803,0.76805,0.76814,0.19,0.75
2011.11.01 21:19:58.914,0.76799,0.76814,0.19,0.75
2011.11.01 21:20:01.767,0.76792,0.76822,1.69,1.65
2011.11.01 21:20:02.109,0.76797,0.76826,1.69,1.20
2011.11.01 21:20:05.286,0.76792,0.76826,1.69,1.20
2011.11.01 21:20:05.516,0.76792,0.76826,1.69,1.95
2011.11.01 21:20:10.447,0.7679,0.76822,2.14,1.50
2011.11.01 21:20:19.586,0.76793,0.76826,1.50,1.20
2011.11.01 21:20:19.819,0.76795,0.76831,1.84,1.50
2011.11.01 21:21:08.379,0.76809,0.76831,1.20,1.50
2011.11.01 21:21:08.608,0.76809,0.76839,1.20,1.50
2011.11.01 21:21:11.889,0.76809,0.76836,1.20,1.50
2011.11.01 21:21:12.424,0.76809,0.76834,1.20,1.50
2011.11.01 21:21:12.760,0.76809,0.7683,1.20,1.50
2011.11.01 21:21:18.707,0.76809,0.76837,1.20,1.50
2011.11.01 21:21:18.827,0.76809,0.76838,1.20,1.50
2011.11.01 21:21:19.617,0.76809,0.76838,1.20,1.50
2011.11.01 21:21:19.738,0.76809,0.76832,1.20,1.50
2011.11.01 21:21:43.737,0.76809,0.76832,1.65,1.50
2011.11.01 21:21:44.077,0.76815,0.76838,1.20,1.50
2011.11.01 21:21:56.256,0.7682,0.76838,1.50,1.50
2011.11.01 21:21:56.489,0.76832,0.76854,1.20,1.50
2011.11.01 21:21:57.277,0.76832,0.76854,1.20,1.50
2011.11.01 21:21:57.849,0.76832,0.76854,1.20,1.50
2011.11.01 21:21:59.960,0.76835,0.76856,1.20,1.50
2011.11.01 21:22:00.297,0.76852,0.76878,1.20,1.50
2011.11.01 21:22:03.227,0.76852,0.76877,1.20,1.50
2011.11.01 21:22:03.714,0.76842,0.76868,1.20,1.50
2011.11.01 21:22:06.098,0.76849,0.76869,1.20,1.50
2011.11.01 21:22:06.438,0.76829,0.76858,1.20,1.50
2011.11.01 21:22:06.557,0.76829,0.76858,1.20,1.50
2011.11.01 21:22:07.476,0.76829,0.76859,1.20,1.50
2011.11.01 21:22:09.079,0.76835,0.76859,1.20,1.50
2011.11.01 21:22:09.199,0.76835,0.76863,1.20,1.50
2011.11.01 21:22:10.980,0.76827,0.76864,1.65,1.50
2011.11.01 21:22:11.099,0.76826,0.76862,1.65,1.50
2011.11.01 21:22:11.217,0.76826,0.76855,1.20,1.50
2011.11.01 21:22:28.618,0.76822,0.76855,1.65,1.50
2011.11.01 21:22:28.739,0.76815,0.76854,1.39,1.20
2011.11.01 21:22:33.108,0.76813,0.76848,1.39,1.20
2011.11.01 21:22:33.227,0.76813,0.76847,1.39,1.20
2011.11.01 21:22:34.438,0.76811,0.76844,1.84,1.50
2011.11.01 21:22:46.237,0.76812,0.76844,1.09,1.50
2011.11.01 21:22:46.577,0.7682,0.7685,1.20,2.25
2011.11.01 21:22:54.457,0.7682,0.76848,1.20,1.50
2011.11.01 21:22:57.367,0.76817,0.76847,1.09,1.50
2011.11.01 21:22:57.489,0.76812,0.76841,1.20,1.50
2011.11.01 21:23:03.818,0.76803,0.76835,2.14,1.20
2011.11.01 21:23:03.940,0.76801,0.76829,1.20,1.50
2011.11.01 21:23:04.167,0.76797,0.76829,1.65,1.50
2011.11.01 21:23:16.128,0.76798,0.76833,1.09,1.50
2011.11.01 21:23:23.848,0.76797,0.76829,1.65,1.50
2011.11.01 21:23:31.786,0.76797,0.76829,1.65,1.50
2011.11.01 21:23:32.017,0.7681,0.76834,1.20,1.50
2011.11.01 21:23:32.989,0.76801,0.76834,1.09,1.50
2011.11.01 21:23:33.109,0.76801,0.76834,1.09,1.50
2011.11.01 21:23:33.227,0.76798,0.7683,1.65,1.50
2011.11.01 21:24:33.087,0.76795,0.76831,1.69,1.50
2011.11.01 21:24:54.907,0.76781,0.76831,2.07,1.50
2011.11.01 21:25:18.386,0.7681,0.76831,1.20,1.50
2011.11.01 21:25:18.506,0.7681,0.76835,1.20,1.50
2011.11.01 21:25:23.070,0.7681,0.76836,1.20,1.50
2011.11.01 21:25:25.685,0.7681,0.76836,1.20,1.50
2011.11.01 21:25:26.204,0.7681,0.76836,1.20,1.50
2011.11.01 21:25:27.517,0.7681,0.76836,1.20,1.50
2011.11.01 21:25:36.936,0.7681,0.76835,1.20,1.50
2011.11.01 21:26:04.548,0.7681,0.76835,1.20,1.50
2011.11.01 21:26:04.887,0.7681,0.76833,1.20,1.50
2011.11.01 21:26:12.720,0.7681,0.76833,1.20,1.50
2011.11.01 21:26:12.949,0.7681,0.76833,1.20,1.50
2011.11.01 21:26:13.069,0.76803,0.76831,1.20,1.50
2011.11.01 21:26:13.588,0.76803,0.7683,1.20,1.50
2011.11.01 21:26:14.698,0.76803,0.76826,1.20,1.50
2011.11.01 21:26:17.489,0.76796,0.76824,1.39,1.50
2011.11.01 21:26:17.828,0.76796,0.76822,1.20,1.50
2011.11.01 21:26:17.948,0.76795,0.7682,1.20,1.50
2011.11.01 21:26:19.578,0.76796,0.76822,1.20,1.50
2011.11.01 21:26:29.327,0.76796,0.76824,1.20,1.50
2011.11.01 21:26:53.688,0.76796,0.76826,2.14,1.50
2011.11.01 21:26:59.760,0.76799,0.76826,1.50,1.50
2011.11.01 21:27:00.099,0.76803,0.76828,1.20,1.50
2011.11.01 21:27:03.520,0.76797,0.76826,1.20,1.50
2011.11.01 21:28:03.504,0.76782,0.76828,1.69,2.25
2011.11.01 21:28:04.004,0.76787,0.76828,1.69,2.25
2011.11.01 21:28:06.235,0.76791,0.76828,1.69,2.25
2011.11.01 21:28:12.474,0.76792,0.76826,1.69,1.50
2011.11.01 21:28:13.199,0.76791,0.76823,2.44,1.50
2011.11.01 21:28:20.574,0.76791,0.76822,2.44,1.50
2011.11.01 21:28:29.266,0.76791,0.76822,1.50,1.50
2011.11.01 21:28:29.783,0.76791,0.7682,1.50,1.50
2011.11.01 21:28:46.857,0.76788,0.76818,1.69,1.50
2011.11.01 21:28:49.953,0.76791,0.76818,1.50,1.50
2011.11.01 21:28:50.072,0.76794,0.76821,1.20,2.25
2011.11.01 21:28:50.190,0.76794,0.76821,1.20,1.50
2011.11.01 21:29:10.191,0.76794,0.7682,1.20,1.50
2011.11.01 21:29:10.539,0.76795,0.76824,1.20,1.50
2011.11.01 21:29:15.202,0.76794,0.7682,1.20,1.50
2011.11.01 21:29:15.848,0.76794,0.76816,1.20,1.50
2011.11.01 21:29:16.408,0.76794,0.7682,1.20,2.25
2011.11.01 21:29:18.005,0.76796,0.7682,1.50,1.50
2011.11.01 21:29:18.240,0.76799,0.76824,1.20,1.50
2011.11.01 21:29:19.238,0.76799,0.76827,1.20,1.50
2011.11.01 21:29:19.637,0.76799,0.76827,1.20,1.50
2011.11.01 21:29:21.179,0.76799,0.76827,1.20,1.50
2011.11.01 21:29:30.900,0.76802,0.76827,1.50,1.50
2011.11.01 21:29:36.252,0.76806,0.76829,1.50,2.25
2011.11.01 21:29:36.371,0.76806,0.76831,1.50,1.50
2011.11.01 21:29:36.601,0.76807,0.76831,1.50,1.50
2011.11.01 21:29:36.720,0.76808,0.76831,1.50,1.50
2011.11.01 21:29:36.948,0.76807,0.76834,1.50,1.50
2011.11.01 21:30:00.842,0.76805,0.76836,1.20,1.50
2011.11.01 21:30:01.288,0.76806,0.76835,1.50,1.50
2011.11.01 21:30:03.686,0.76805,0.76833,1.20,1.50
2011.11.01 21:30:05.640,0.76807,0.76835,1.20,1.50
2011.11.01 21:30:05.762,0.7681,0.76835,1.20,1.50
2011.11.01 21:30:05.993,0.76806,0.76832,1.50,1.50
2011.11.01 21:30:06.338,0.76813,0.76839,1.20,1.50
2011.11.01 21:30:06.911,0.76813,0.76839,1.20,2.25
2011.11.01 21:30:10.641,0.76809,0.76837,1.65,1.50
2011.11.01 21:30:10.979,0.76809,0.76835,1.65,2.25
2011.11.01 21:30:12.032,0.76803,0.76833,1.84,1.50
2011.11.01 21:30:12.151,0.768,0.76826,1.20,2.25
2011.11.01 21:30:12.378,0.76798,0.76826,1.65,2.25
2011.11.01 21:30:13.458,0.76798,0.76824,1.65,1.50
2011.11.01 21:30:14.024,0.76798,0.76823,1.65,1.50
2011.11.01 21:30:36.530,0.76797,0.76825,1.65,1.50
2011.11.01 21:30:43.010,0.7681,0.76825,1.20,1.50
2011.11.01 21:30:43.242,0.76812,0.76856,1.09,1.58
2011.11.01 21:30:43.468,0.76811,0.76853,1.09,1.13
2011.11.01 21:30:43.957,0.7682,0.76847,1.20,1.50
2011.11.01 21:30:44.298,0.76823,0.76859,1.09,1.50
2011.11.01 21:30:44.639,0.76818,0.76856,1.39,1.50
2011.11.01 21:30:44.759,0.76817,0.76853,1.39,1.50
2011.11.01 21:30:48.022,0.76815,0.7685,1.84,1.50
2011.11.01 21:30:48.692,0.76814,0.76849,1.09,1.50
2011.11.01 21:30:49.476,0.76814,0.76847,1.09,1.50
2011.11.01 21:30:50.042,0.76814,0.76846,1.09,1.50
2011.11.01 21:30:54.168,0.7681,0.76846,1.39,1.50
2011.11.01 21:31:17.308,0.76812,0.76846,1.39,1.50
2011.11.01 21:31:17.537,0.76818,0.76851,1.09,1.50
2011.11.01 21:31:17.657,0.76819,0.76854,1.09,1.50
2011.11.01 21:31:17.777,0.76819,0.76856,1.09,1.50
2011.11.01 21:31:18.666,0.76819,0.76856,1.09,1.50
2011.11.01 21:31:41.128,0.76818,0.76852,1.09,1.50
2011.11.01 21:31:41.356,0.76818,0.76854,1.09,1.50
2011.11.01 21:31:43.712,0.7682,0.76854,1.09,1.50
2011.11.01 21:32:04.518,0.76811,0.76851,1.39,1.50
2011.11.01 21:32:06.816,0.76806,0.76848,1.39,1.50
2011.11.01 21:32:17.487,0.76811,0.76847,1.39,1.50
2011.11.01 21:32:17.825,0.76806,0.76841,1.84,1.50
2011.11.01 21:32:20.629,0.76806,0.76838,1.39,1.20
2011.11.01 21:32:20.967,0.768,0.76833,2.14,1.50
2011.11.01 21:32:21.089,0.768,0.76833,2.14,1.50
2011.11.01 21:32:24.098,0.768,0.76833,1.39,1.50
2011.11.01 21:32:24.339,0.76788,0.76819,1.69,1.20
2011.11.01 21:32:24.678,0.76792,0.76819,1.69,1.20
2011.11.01 21:32:25.138,0.7679,0.76819,1.69,1.20
2011.11.01 21:32:29.328,0.7679,0.76819,1.69,1.95
2011.11.01 21:32:29.450,0.76787,0.76819,1.69,1.95
2011.11.01 21:32:31.628,0.76785,0.76819,2.14,1.95
2011.11.01 21:32:32.091,0.76785,0.76816,1.39,1.50
2011.11.01 21:32:32.209,0.76785,0.76814,1.20,1.50
2011.11.01 21:33:11.129,0.76785,0.76814,1.20,1.50
2011.11.01 21:33:16.169,0.76785,0.76814,1.20,1.50
2011.11.01 21:33:17.840,0.76785,0.76814,1.65,1.50
2011.11.01 21:33:17.961,0.76792,0.76822,1.39,1.50
2011.11.01 21:33:18.411,0.76785,0.7682,1.69,1.20
2011.11.01 21:33:19.650,0.76785,0.76818,1.69,1.50
2011.11.01 21:33:20.211,0.76787,0.76819,1.09,1.50
2011.11.01 21:33:20.768,0.76791,0.76819,1.20,1.50
2011.11.01 21:33:39.188,0.76792,0.76819,1.50,1.50
2011.11.01 21:33:39.530,0.76802,0.76828,1.20,2.25
2011.11.01 21:33:40.145,0.76802,0.76826,1.20,1.50
2011.11.01 21:33:40.379,0.76802,0.76828,1.20,1.50
2011.11.01 21:33:40.501,0.76802,0.76826,1.20,1.50
2011.11.01 21:33:40.743,0.76789,0.76814,1.65,1.50
2011.11.01 21:33:40.862,0.76786,0.76814,1.20,1.50
2011.11.01 21:33:40.980,0.76785,0.76816,1.65,1.50
2011.11.01 21:33:46.169,0.76786,0.76816,1.20,1.50
2011.11.01 21:33:46.727,0.76784,0.76816,1.84,1.50
2011.11.01 21:33:52.758,0.76786,0.76816,1.20,1.50
2011.11.01 21:33:52.884,0.76784,0.76816,1.09,1.50
2011.11.01 21:34:02.108,0.76792,0.76816,1.20,1.50
2011.11.01 21:34:06.277,0.76791,0.76816,1.20,1.50
2011.11.01 21:34:33.170,0.76788,0.76821,1.09,1.50
2011.11.01 21:34:36.788,0.76796,0.76821,1.65,1.50
2011.11.01 21:34:37.020,0.76796,0.76825,1.65,1.50
2011.11.01 21:34:48.340,0.76796,0.76823,1.65,1.50
2011.11.01 21:34:48.704,0.76796,0.76821,1.65,1.50
2011.11.01 21:34:49.599,0.76789,0.76821,1.09,1.50
2011.11.01 21:34:49.720,0.76785,0.76817,1.09,1.50
2011.11.01 21:34:51.300,0.76783,0.76815,1.69,1.50
2011.11.01 21:34:51.534,0.7678,0.76809,1.20,1.50
2011.11.01 21:34:57.041,0.7678,0.76807,1.20,1.50
2011.11.01 21:34:57.282,0.76778,0.76804,1.65,1.50
2011.11.01 21:34:57.401,0.76778,0.76804,1.65,2.25
2011.11.01 21:34:57.739,0.76778,0.76802,1.65,1.50
2011.11.01 21:34:59.823,0.76778,0.76803,1.65,1.50
2011.11.01 21:35:00.160,0.76775,0.76803,1.20,1.50
2011.11.01 21:35:01.102,0.76775,0.76802,1.20,1.50
2011.11.01 21:35:17.221,0.76775,0.76803,1.20,1.50
2011.11.01 21:36:13.457,0.76769,0.76802,1.69,1.50
2011.11.01 21:36:21.564,0.76766,0.76802,1.69,1.50
2011.11.01 21:36:25.747,0.7677,0.76803,1.69,1.50
2011.11.01 21:36:31.597,0.76772,0.76802,1.69,1.50
2011.11.01 21:36:43.367,0.76772,0.76802,1.69,1.50
2011.11.01 21:36:43.961,0.76772,0.76803,1.69,1.50
2011.11.01 21:36:49.826,0.76777,0.76804,1.50,1.50
2011.11.01 21:36:51.177,0.76771,0.76802,1.69,1.50
2011.11.01 21:36:52.607,0.76778,0.76802,1.20,1.50
2011.11.01 21:36:52.948,0.76782,0.76804,1.20,1.50
2011.11.01 21:36:57.851,0.76781,0.76804,1.20,1.50
2011.11.01 21:36:58.188,0.76776,0.76802,1.20,1.50
2011.11.01 21:37:32.851,0.76777,0.7681,1.69,1.95
2011.11.01 21:37:43.747,0.76777,0.7681,1.69,1.95
2011.11.01 21:38:13.075,0.76776,0.76809,1.69,1.50
2011.11.01 21:38:13.526,0.76778,0.76812,1.69,1.50
2011.11.01 21:38:16.670,0.7678,0.76814,1.84,1.50
2011.11.01 21:38:18.018,0.76784,0.76817,1.09,1.50
2011.11.01 21:38:19.192,0.76789,0.76817,1.20,1.50
2011.11.01 21:38:19.434,0.76793,0.76827,1.39,1.50
2011.11.01 21:38:19.552,0.76801,0.76834,1.69,1.20
2011.11.01 21:38:19.675,0.76801,0.76835,2.14,1.50
2011.11.01 21:38:35.500,0.76802,0.76842,2.14,1.65
2011.11.01 21:38:36.732,0.76807,0.76844,1.39,1.20
2011.11.01 21:38:37.640,0.76807,0.76843,1.39,1.95
2011.11.01 21:38:45.998,0.76807,0.76843,1.39,1.20
2011.11.01 21:38:51.947,0.76807,0.76843,1.39,1.20
2011.11.01 21:38:52.068,0.76807,0.76842,1.39,1.50
2011.11.01 21:38:59.720,0.76805,0.7684,1.84,1.50
2011.11.01 21:39:01.928,0.76802,0.76838,1.39,1.20
2011.11.01 21:39:09.890,0.76779,0.76818,1.28,1.50
2011.11.01 21:39:10.010,0.76778,0.76803,1.50,1.65
2011.11.01 21:39:10.567,0.76777,0.76803,1.69,1.65
2011.11.01 21:39:10.800,0.76781,0.76809,1.69,1.20
2011.11.01 21:39:11.141,0.76774,0.76804,1.69,1.65
2011.11.01 21:39:11.260,0.76774,0.76804,1.69,1.65
2011.11.01 21:39:12.049,0.76777,0.76805,1.39,1.50
2011.11.01 21:39:12.391,0.76774,0.76804,1.69,1.65
2011.11.01 21:39:12.509,0.76774,0.76804,1.69,1.65
2011.11.01 21:39:13.555,0.76788,0.76819,1.69,1.20
2011.11.01 21:39:13.779,0.76788,0.76822,1.69,1.65
2011.11.01 21:39:16.001,0.76792,0.76825,1.69,1.65
2011.11.01 21:39:16.591,0.76795,0.76829,1.69,3.15
2011.11.01 21:39:16.709,0.76795,0.76829,1.69,3.15
2011.11.01 21:39:17.283,0.76795,0.76829,1.69,1.65
2011.11.01 21:39:17.839,0.76795,0.76829,1.69,1.65
2011.11.01 21:39:19.179,0.76797,0.76831,1.39,1.50
2011.11.01 21:39:19.299,0.76799,0.76833,1.69,1.95
2011.11.01 21:39:20.724,0.76802,0.76835,1.69,1.65
2011.11.01 21:39:34.268,0.76802,0.76836,2.14,1.50
2011.11.01 21:39:35.981,0.76802,0.76836,2.14,1.50
2011.11.01 21:39:44.758,0.76802,0.76838,1.39,1.20
2011.11.01 21:40:13.848,0.76802,0.76838,1.39,1.20
2011.11.01 21:40:39.612,0.76802,0.7684,1.69,1.50
2011.11.01 21:40:46.657,0.76822,0.76841,1.65,1.50
2011.11.01 21:40:49.060,0.76823,0.76846,1.20,1.50
2011.11.01 21:41:05.718,0.76824,0.76846,1.20,1.50
2011.11.01 21:41:19.817,0.76824,0.76846,1.20,1.50
2011.11.01 21:41:55.689,0.76816,0.7685,1.50,1.50
2011.11.01 21:41:55.809,0.76816,0.7685,1.69,1.50
2011.11.01 21:41:56.367,0.76816,0.7685,1.69,1.50
2011.11.01 21:41:57.621,0.76817,0.7685,1.32,1.50
2011.11.01 21:41:57.739,0.76819,0.76853,1.69,1.50
2011.11.01 21:42:00.445,0.76835,0.76857,1.20,1.50
2011.11.01 21:42:00.561,0.76835,0.76857,1.20,1.50
2011.11.01 21:42:01.009,0.76835,0.76861,1.20,1.50
2011.11.01 21:42:10.750,0.76832,0.76861,1.50,1.50
2011.11.01 21:42:10.980,0.76835,0.76863,1.20,1.50
2011.11.01 21:42:12.828,0.76835,0.76863,1.20,1.50
2011.11.01 21:42:15.481,0.76831,0.76858,1.20,1.50
2011.11.01 21:42:19.184,0.76842,0.76866,1.20,1.50
2011.11.01 21:42:19.411,0.76842,0.76859,1.20,1.50
2011.11.01 21:42:19.864,0.7683,0.76859,1.58,1.50
2011.11.01 21:42:32.045,0.76852,0.76861,1.50,1.50
2011.11.01 21:42:32.272,0.76861,0.76884,1.20,1.50
2011.11.01 21:42:32.390,0.76846,0.76873,1.13,1.50
2011.11.01 21:42:32.620,0.76845,0.76873,1.20,1.50
2011.11.01 21:42:55.169,0.76838,0.76871,1.69,1.65
2011.11.01 21:42:55.288,0.76838,0.76862,1.69,1.65
2011.11.01 21:42:55.520,0.76833,0.76858,1.13,1.20
2011.11.01 21:42:56.088,0.76822,0.76853,1.50,1.20
2011.11.01 21:42:56.839,0.76819,0.76853,1.88,1.95
2011.11.01 21:42:58.131,0.76819,0.76848,1.13,1.50
2011.11.01 21:42:59.741,0.76817,0.76848,1.95,2.25
2011.11.01 21:43:00.751,0.76817,0.76845,1.20,1.50
2011.11.01 21:43:01.508,0.76825,0.76845,2.25,1.50
2011.11.01 21:43:02.112,0.76835,0.76845,1.73,1.50
2011.11.01 21:43:02.234,0.76853,0.76882,1.20,1.13
2011.11.01 21:43:02.348,0.76853,0.76882,1.20,1.50
2011.11.01 21:43:02.469,0.76853,0.76867,1.20,1.50
2011.11.01 21:43:05.971,0.76838,0.76872,1.20,1.95
2011.11.01 21:43:07.086,0.76838,0.76872,1.20,1.95
2011.11.01 21:43:11.783,0.76836,0.76867,1.58,1.50
2011.11.01 21:43:13.969,0.76836,0.76866,1.20,1.50
2011.11.01 21:43:14.310,0.76822,0.76852,1.69,1.95
2011.11.01 21:43:14.649,0.7682,0.76852,1.69,1.95
2011.11.01 21:43:16.880,0.7682,0.76852,1.69,1.95
2011.11.01 21:43:17.931,0.7682,0.76852,1.69,1.95
2011.11.01 21:43:18.048,0.76826,0.76852,1.50,1.95
2011.11.01 21:43:19.519,0.76826,0.76852,1.50,1.95
2011.11.01 21:43:34.097,0.76831,0.76859,1.50,1.50
2011.11.01 21:43:34.327,0.76831,0.76864,2.44,1.20
2011.11.01 21:43:35.732,0.76834,0.76864,1.50,1.20
2011.11.01 21:44:28.969,0.76832,0.76859,2.44,1.20
2011.11.01 21:44:29.198,0.76832,0.76859,1.69,1.20
2011.11.01 21:44:29.538,0.76828,0.76858,1.69,1.50
2011.11.01 21:44:29.658,0.76828,0.76859,2.44,1.20
2011.11.01 21:44:29.889,0.76832,0.76861,1.50,1.50
2011.11.01 21:44:40.777,0.7683,0.76858,1.39,1.50
2011.11.01 21:44:41.009,0.76829,0.76858,1.69,1.50
2011.11.01 21:44:42.140,0.76829,0.76858,1.69,1.50
2011.11.01 21:44:49.687,0.76829,0.76856,1.69,1.50
2011.11.01 21:44:49.921,0.76828,0.76854,1.69,1.50
2011.11.01 21:44:50.037,0.76827,0.76854,1.69,1.50
2011.11.01 21:44:50.810,0.76824,0.76853,1.69,1.20
2011.11.01 21:44:51.041,0.76826,0.76856,1.69,1.65
2011.11.01 21:44:51.159,0.76827,0.76858,1.20,1.50
2011.11.01 21:44:53.492,0.76827,0.76856,1.20,1.50
2011.11.01 21:44:53.720,0.76822,0.76853,2.44,2.25
2011.11.01 21:44:57.788,0.76822,0.76853,2.44,2.25
2011.11.01 21:45:01.327,0.76822,0.76853,1.69,1.50
2011.11.01 21:45:01.657,0.76822,0.76853,2.44,2.25
2011.11.01 21:45:02.871,0.76822,0.76853,2.44,2.25
2011.11.01 21:45:23.551,0.76824,0.76853,1.69,1.50
2011.11.01 21:45:24.720,0.76827,0.76853,1.50,1.50
2011.11.01 21:45:45.189,0.76825,0.76854,1.69,1.20
2011.11.01 21:46:17.171,0.76824,0.76849,1.69,1.50
2011.11.01 21:46:17.288,0.76822,0.76849,1.69,1.50
2011.11.01 21:46:21.682,0.76822,0.76854,1.69,2.25
2011.11.01 21:46:45.269,0.76821,0.76854,1.69,1.50
2011.11.01 21:46:49.317,0.76822,0.76854,1.69,2.25
2011.11.01 21:47:09.987,0.76818,0.76854,1.69,2.25
2011.11.01 21:47:10.327,0.76811,0.76844,1.69,1.65
2011.11.01 21:47:13.267,0.76812,0.76851,1.69,1.65
2011.11.01 21:47:15.956,0.76813,0.76851,1.69,1.65
2011.11.01 21:47:17.026,0.76816,0.76855,1.65,1.65
2011.11.01 21:47:26.246,0.76817,0.76855,1.20,1.65
2011.11.01 21:47:30.676,0.76824,0.7686,1.69,1.65
2011.11.01 21:47:36.935,0.76826,0.76862,1.09,1.50
2011.11.01 21:47:51.706,0.7683,0.76867,2.14,1.65
2011.11.01 21:47:54.505,0.76831,0.76873,1.69,1.65
2011.11.01 21:47:59.375,0.76838,0.76873,1.69,1.65
2011.11.01 21:47:59.498,0.76838,0.76877,1.69,2.40
2011.11.01 21:48:02.190,0.76838,0.76877,1.69,1.65
2011.11.01 21:48:02.308,0.7684,0.76878,1.69,2.40
2011.11.01 21:48:02.537,0.7684,0.76878,1.69,2.40
2011.11.01 21:48:03.608,0.7684,0.76875,1.69,1.65
2011.11.01 21:48:04.719,0.7684,0.76878,1.69,2.40
2011.11.01 21:48:05.167,0.7684,0.76878,1.69,1.65
2011.11.01 21:48:05.736,0.7684,0.76876,1.69,1.65
2011.11.01 21:48:24.478,0.76844,0.76878,1.39,1.95
2011.11.01 21:48:25.058,0.76844,0.76882,1.39,1.65
2011.11.01 21:48:27.329,0.76846,0.76881,1.69,1.65
2011.11.01 21:48:27.557,0.76839,0.76876,1.69,1.65
2011.11.01 21:48:30.258,0.76837,0.76873,1.39,1.95
2011.11.01 21:48:44.489,0.76837,0.76872,1.39,1.50
2011.11.01 21:48:44.827,0.76832,0.76865,2.44,1.20
2011.11.01 21:48:45.924,0.76832,0.76865,1.69,1.20
2011.11.01 21:48:47.920,0.76832,0.76862,1.69,1.50
2011.11.01 21:48:48.477,0.76831,0.76858,1.69,1.50
2011.11.01 21:48:49.598,0.76832,0.7686,1.69,1.20
2011.11.01 21:48:49.828,0.76829,0.76858,1.69,1.50
2011.11.01 21:48:50.639,0.7683,0.7686,1.69,1.95
2011.11.01 21:48:51.180,0.76829,0.76859,1.69,1.50
2011.11.01 21:48:56.047,0.76827,0.76859,1.69,1.50
2011.11.01 21:48:56.390,0.76851,0.76877,1.50,1.13
2011.11.01 21:48:56.507,0.76851,0.76878,1.50,1.13
2011.11.01 21:48:56.628,0.76853,0.7688,1.20,1.50
2011.11.01 21:48:57.097,0.76853,0.76879,1.20,1.50
2011.11.01 21:48:57.217,0.76853,0.7688,1.20,1.50
2011.11.01 21:48:58.148,0.76853,0.7688,1.20,1.50
2011.11.01 21:48:58.267,0.76848,0.76877,1.39,1.50
2011.11.01 21:48:58.497,0.76839,0.76875,1.39,1.65
2011.11.01 21:49:02.009,0.76839,0.76873,1.39,1.20
2011.11.01 21:49:16.990,0.76839,0.76873,1.39,1.95
2011.11.01 21:49:17.388,0.76833,0.76866,1.84,1.50
2011.11.01 21:49:17.507,0.76833,0.76866,1.39,1.50
2011.11.01 21:49:18.578,0.76833,0.76866,1.39,1.50
2011.11.01 21:49:18.698,0.76838,0.76872,1.39,1.50
2011.11.01 21:49:32.416,0.76838,0.76872,2.14,1.50
2011.11.01 21:49:32.870,0.7684,0.76874,1.69,1.20
2011.11.01 21:50:03.465,0.76842,0.76876,1.09,1.50
2011.11.01 21:50:06.228,0.76838,0.76874,1.39,1.65
2011.11.01 21:50:27.615,0.76838,0.76873,1.39,1.20
2011.11.01 21:51:06.173,0.76831,0.76876,1.69,1.50
2011.11.01 21:51:19.909,0.76842,0.76877,1.09,1.50
2011.11.01 21:51:20.479,0.76844,0.76878,1.39,1.95
2011.11.01 21:51:35.498,0.76844,0.76878,2.14,1.95
2011.11.01 21:51:35.837,0.76857,0.76886,1.50,1.50
2011.11.01 21:51:40.057,0.76862,0.76887,1.20,1.50
2011.11.01 21:51:40.177,0.76862,0.76889,1.20,1.50
2011.11.01 21:51:41.509,0.76862,0.76892,1.20,1.50
2011.11.01 21:51:41.629,0.76862,0.76892,1.20,1.50
2011.11.01 21:51:44.534,0.76869,0.76892,1.20,1.50
2011.11.01 21:51:44.754,0.76869,0.76902,1.39,1.50
2011.11.01 21:51:44.864,0.7687,0.76902,1.09,1.50
2011.11.01 21:51:52.935,0.76876,0.76912,1.84,1.50
2011.11.01 21:51:56.816,0.76874,0.76909,1.39,1.20
2011.11.01 21:51:57.806,0.76871,0.76907,1.84,1.50
2011.11.01 21:51:57.928,0.76869,0.76903,1.39,1.20
2011.11.01 21:51:58.496,0.76868,0.76902,1.69,1.65
2011.11.01 21:51:59.386,0.76867,0.769,1.69,1.65
2011.11.01 21:52:00.316,0.76867,0.76896,1.69,1.20
2011.11.01 21:52:00.439,0.76867,0.76896,1.50,1.20
2011.11.01 21:52:01.000,0.76862,0.76896,2.14,1.20
2011.11.01 21:52:20.966,0.76866,0.76898,1.09,1.50
2011.11.01 21:52:21.195,0.76872,0.76908,1.84,1.95
2011.11.01 21:52:24.517,0.76875,0.76908,1.09,1.50
2011.11.01 21:52:35.046,0.76871,0.76903,1.39,1.50
2011.11.01 21:52:35.167,0.76866,0.76899,1.84,1.50
2011.11.01 21:52:37.984,0.76871,0.76899,1.20,1.50
2011.11.01 21:52:38.866,0.76871,0.76902,1.20,1.50
2011.11.01 21:52:40.105,0.76877,0.76904,1.50,1.50
2011.11.01 21:52:46.846,0.76877,0.76904,1.50,1.50
2011.11.01 21:52:51.146,0.76879,0.76905,1.50,1.20
2011.11.01 21:52:56.015,0.76876,0.76905,2.44,1.20
2011.11.01 21:52:57.916,0.76877,0.76904,1.50,1.50
2011.11.01 21:52:59.273,0.76881,0.76905,1.50,1.20
2011.11.01 21:53:01.910,0.76881,0.76905,1.50,1.20
2011.11.01 21:53:02.249,0.76896,0.76925,1.50,1.50
2011.11.01 21:53:03.619,0.76893,0.76925,1.39,1.50
2011.11.01 21:53:03.738,0.7689,0.7692,1.50,1.50
2011.11.01 21:53:03.967,0.76887,0.7692,2.89,1.50
2011.11.01 21:53:07.995,0.76885,0.76916,1.84,1.50
2011.11.01 21:53:08.118,0.76886,0.76919,1.47,1.50
2011.11.01 21:53:08.236,0.76908,0.7694,1.09,1.88
2011.11.01 21:53:08.357,0.76923,0.76958,2.40,1.50
2011.11.01 21:53:08.476,0.76924,0.76958,1.09,1.50
2011.11.01 21:53:08.829,0.76927,0.76976,1.20,1.50
2011.11.01 21:53:09.066,0.76926,0.76976,1.39,1.50
2011.11.01 21:53:09.286,0.76926,0.76975,1.39,1.65
2011.11.01 21:53:09.628,0.76939,0.76974,0.94,1.65
2011.11.01 21:53:09.749,0.76928,0.76974,0.94,1.65
2011.11.01 21:53:10.259,0.76901,0.76974,1.69,1.65
2011.11.01 21:53:11.756,0.76925,0.76974,0.94,1.65
2011.11.01 21:53:12.946,0.76925,0.76949,0.94,1.50
2011.11.01 21:53:13.068,0.76889,0.76919,1.13,1.20
2011.11.01 21:53:14.450,0.76888,0.76909,1.69,1.20
2011.11.01 21:53:16.666,0.76907,0.76928,0.75,1.28
2011.11.01 21:53:17.117,0.76902,0.76932,1.50,1.20
2011.11.01 21:53:17.485,0.76902,0.76932,1.50,1.20
2011.11.01 21:53:17.971,0.76902,0.76932,1.50,1.20
2011.11.01 21:53:20.677,0.76898,0.76929,1.69,1.13
2011.11.01 21:53:20.797,0.76896,0.76928,2.14,1.20
2011.11.01 21:53:20.919,0.76886,0.7692,1.69,1.65
2011.11.01 21:53:21.037,0.76883,0.7692,2.14,1.65
2011.11.01 21:53:27.537,0.76882,0.7692,1.20,1.65
2011.11.01 21:53:27.657,0.76883,0.7692,1.20,1.65
2011.11.01 21:53:28.000,0.76882,0.7692,1.20,1.65
2011.11.01 21:53:28.119,0.76881,0.76912,1.50,1.20
2011.11.01 21:53:28.624,0.76882,0.76912,1.50,1.20
2011.11.01 21:53:29.246,0.76882,0.76912,1.50,1.20
2011.11.01 21:53:29.741,0.76874,0.76899,1.50,1.20
2011.11.01 21:53:31.388,0.76872,0.76899,1.50,1.20
2011.11.01 21:53:31.727,0.76872,0.76899,1.50,1.20
2011.11.01 21:53:31.848,0.76872,0.76899,1.50,1.20
2011.11.01 21:53:36.863,0.76872,0.76898,1.50,1.20
2011.11.01 21:53:37.088,0.76861,0.7689,1.50,1.20
2011.11.01 21:53:40.453,0.76854,0.76885,1.50,1.65
2011.11.01 21:53:44.197,0.76854,0.76885,1.50,1.65
2011.11.01 21:53:54.378,0.76862,0.76888,1.13,1.65
2011.11.01 21:53:54.609,0.7688,0.76908,1.50,1.20
2011.11.01 21:53:54.731,0.76874,0.76901,1.20,1.13
2011.11.01 21:53:55.066,0.76859,0.76887,1.50,1.20
2011.11.01 21:53:55.299,0.7686,0.76887,1.50,1.20
2011.11.01 21:53:57.050,0.7686,0.76889,1.50,1.65
2011.11.01 21:53:57.169,0.76876,0.769,1.50,1.20
2011.11.01 21:53:57.950,0.76876,0.769,1.50,1.20
2011.11.01 21:53:58.069,0.76872,0.769,1.50,1.20
2011.11.01 21:53:58.646,0.76871,0.769,1.50,1.20
2011.11.01 21:53:59.262,0.76872,0.769,1.50,1.20
2011.11.01 21:54:15.511,0.76871,0.769,1.50,1.20
2011.11.01 21:54:26.568,0.76872,0.76902,1.50,1.20
2011.11.01 21:54:26.923,0.76876,0.76905,1.50,1.20
2011.11.01 21:54:27.582,0.76876,0.76905,1.50,1.20
2011.11.01 21:54:29.501,0.76877,0.76905,1.50,1.20
2011.11.01 21:54:30.058,0.76879,0.76905,1.50,1.20
2011.11.01 21:54:35.555,0.76877,0.76905,1.50,1.20
2011.11.01 21:54:36.118,0.76871,0.76904,1.95,1.50
2011.11.01 21:54:39.956,0.76871,0.76905,1.95,1.95
2011.11.01 21:55:06.169,0.76877,0.76905,1.50,1.20
2011.11.01 21:55:30.067,0.76862,0.76902,1.20,1.20
2011.11.01 21:55:30.189,0.76865,0.76899,1.20,1.20
2011.11.01 21:55:30.419,0.76865,0.76898,1.20,1.20
2011.11.01 21:55:30.648,0.7686,0.76898,1.20,1.65
2011.11.01 21:55:40.267,0.7686,0.76897,1.20,1.65
2011.11.01 21:55:40.388,0.76861,0.76897,1.50,1.65
2011.11.01 21:55:40.947,0.76861,0.76896,1.50,1.65
2011.11.01 21:55:41.657,0.76861,0.76897,1.50,1.65
2011.11.01 21:55:43.022,0.7686,0.76897,1.20,1.65
2011.11.01 21:55:50.516,0.7686,0.76897,1.20,1.65
2011.11.01 21:55:50.636,0.7686,0.76896,1.20,1.65
2011.11.01 21:55:51.210,0.76865,0.76908,1.50,1.65
2011.11.01 21:55:51.550,0.76867,0.76915,1.50,1.65
2011.11.01 21:55:51.808,0.76871,0.76915,1.20,1.65
2011.11.01 21:55:52.368,0.76871,0.76915,1.65,1.20
2011.11.01 21:55:55.077,0.76872,0.76914,1.65,1.20
2011.11.01 21:56:00.621,0.76875,0.76917,1.65,1.65
2011.11.01 21:56:01.400,0.76868,0.76917,1.20,1.65
2011.11.01 21:56:06.178,0.76867,0.76917,1.20,1.65
2011.11.01 21:56:17.219,0.76867,0.76917,1.65,1.65
2011.11.01 21:56:17.938,0.76867,0.76917,1.20,1.65
2011.11.01 21:56:18.057,0.76865,0.76917,1.20,1.65
2011.11.01 21:56:20.829,0.76862,0.76917,1.65,1.65
2011.11.01 21:56:26.099,0.76859,0.76905,1.69,1.65
2011.11.01 21:56:26.758,0.76858,0.76905,1.39,1.65
2011.11.01 21:56:26.987,0.76856,0.76905,1.65,1.65
2011.11.01 21:56:33.405,0.76858,0.76905,1.20,1.65
2011.11.01 21:56:37.792,0.76877,0.76905,1.50,1.65
2011.11.01 21:56:37.910,0.76877,0.7691,1.50,1.20
2011.11.01 21:56:38.029,0.76861,0.7691,1.65,1.20
2011.11.01 21:56:38.148,0.76857,0.76903,1.20,1.65
2011.11.01 21:56:38.379,0.76857,0.76903,1.20,1.65
2011.11.01 21:56:41.229,0.76867,0.76903,1.20,1.20
2011.11.01 21:56:41.678,0.76858,0.76896,1.50,1.65
2011.11.01 21:56:44.480,0.76854,0.76897,1.20,1.65
2011.11.01 21:56:44.599,0.76868,0.76902,1.20,1.20
2011.11.01 21:56:44.831,0.76857,0.76889,1.50,1.65
2011.11.01 21:56:44.950,0.76856,0.76889,1.50,1.65
2011.11.01 21:56:45.290,0.76853,0.76889,1.50,1.65
2011.11.01 21:56:50.228,0.76854,0.76897,1.50,1.65
2011.11.01 21:56:51.482,0.76854,0.76897,1.50,1.65
2011.11.01 21:56:54.572,0.76854,0.76897,1.50,1.65
2011.11.01 21:57:01.682,0.76852,0.76897,1.20,1.65
2011.11.01 21:57:04.652,0.76881,0.76897,0.75,1.65
2011.11.01 21:57:04.878,0.76881,0.76909,1.20,1.50
2011.11.01 21:57:04.999,0.76881,0.76916,1.20,1.20
2011.11.01 21:57:05.339,0.76879,0.7692,1.65,1.65
2011.11.01 21:57:06.904,0.76862,0.76919,2.14,1.65
2011.11.01 21:57:07.022,0.76862,0.7692,2.14,1.65
2011.11.01 21:57:08.388,0.76868,0.7692,1.39,1.65
2011.11.01 21:57:08.947,0.76868,0.7692,1.39,1.65
2011.11.01 21:57:22.011,0.76868,0.7692,1.39,1.65
2011.11.01 21:57:22.530,0.76867,0.7692,2.59,1.65
2011.11.01 21:57:40.767,0.76868,0.76919,1.39,1.65
2011.11.01 21:57:41.766,0.76871,0.76919,1.65,1.65
2011.11.01 21:57:51.237,0.76874,0.76919,1.20,1.65
2011.11.01 21:58:00.253,0.76874,0.7691,1.20,1.20
2011.11.01 21:58:06.605,0.76874,0.7691,1.20,1.20
2011.11.01 21:58:07.989,0.76876,0.76914,1.65,1.20
2011.11.01 21:58:08.107,0.76876,0.76914,1.65,1.20
2011.11.01 21:58:08.663,0.76876,0.76914,1.65,1.20
2011.11.01 21:58:32.452,0.7688,0.76914,1.20,1.20
2011.11.01 21:58:35.748,0.7688,0.76914,1.20,1.20
2011.11.01 21:58:38.857,0.7688,0.76914,1.20,1.20
2011.11.01 21:58:40.407,0.7688,0.76914,1.20,1.20
2011.11.01 21:58:40.526,0.7688,0.76924,1.20,1.65
2011.11.01 21:59:08.010,0.76882,0.76924,0.75,0.75
2011.11.01 21:59:20.167,0.76882,0.76923,0.75,0.75
2011.11.01 21:59:32.591,0.7687,0.76923,0.75,0.75
2011.11.01 21:59:46.099,0.76876,0.76923,0.75,0.75
