2014.05.06 14:00:00.246,0.93171,0.93194,1.10,1.00
2014.05.06 14:00:00.570,0.93172,0.93192,1.00,1.00
2014.05.06 14:00:00.874,0.93173,0.93189,1.00,1.00
2014.05.06 14:00:01.026,0.93172,0.93192,1.50,1.00
2014.05.06 14:00:02.256,0.93172,0.93185,1.00,1.00
2014.05.06 14:00:02.560,0.93172,0.93183,1.00,1.43
2014.05.06 14:00:02.712,0.93163,0.93177,1.13,1.00
2014.05.06 14:00:02.813,0.93163,0.93173,1.13,1.00
2014.05.06 14:00:02.915,0.93157,0.93177,1.00,1.15
2014.05.06 14:00:03.016,0.93154,0.93177,1.00,1.00
2014.05.06 14:00:03.067,0.93152,0.93177,1.00,1.00
2014.05.06 14:00:03.119,0.93158,0.93178,1.00,1.00
2014.05.06 14:00:03.423,0.93153,0.9317,1.00,1.00
2014.05.06 14:00:03.474,0.93154,0.93172,1.00,1.00
2014.05.06 14:00:03.575,0.93154,0.93169,1.00,1.00
2014.05.06 14:00:03.677,0.93154,0.93173,1.00,1.00
2014.05.06 14:00:03.984,0.93157,0.93173,1.00,1.00
2014.05.06 14:00:04.035,0.93157,0.93176,1.00,1.00
2014.05.06 14:00:04.136,0.9316,0.9318,1.00,1.00
2014.05.06 14:00:04.440,0.93159,0.93178,1.00,1.00
2014.05.06 14:00:04.743,0.9317,0.93187,1.00,1.00
2014.05.06 14:00:04.794,0.9317,0.93189,1.00,1.00
2014.05.06 14:00:04.895,0.93172,0.9319,1.00,1.00
2014.05.06 14:00:04.947,0.93172,0.93192,1.50,1.00
2014.05.06 14:00:04.998,0.93174,0.93194,1.00,1.00
2014.05.06 14:00:05.301,0.93182,0.93196,1.00,1.00
2014.05.06 14:00:05.628,0.9319,0.93204,1.00,1.00
2014.05.06 14:00:05.679,0.9319,0.9321,1.00,1.20
2014.05.06 14:00:05.730,0.93187,0.9321,1.00,1.20
2014.05.06 14:00:05.983,0.93194,0.93212,1.10,1.00
2014.05.06 14:00:06.287,0.93196,0.93215,1.10,1.00
2014.05.06 14:00:06.793,0.93195,0.93213,1.10,1.00
2014.05.06 14:00:06.995,0.93196,0.93215,1.58,1.00
2014.05.06 14:00:07.097,0.93194,0.93214,1.58,1.00
2014.05.06 14:00:07.400,0.93194,0.93211,1.00,1.00
2014.05.06 14:00:07.704,0.93184,0.93198,1.00,1.00
2014.05.06 14:00:08.008,0.93176,0.9319,1.00,1.00
2014.05.06 14:00:09.373,0.93173,0.93187,1.00,1.00
2014.05.06 14:00:09.677,0.93171,0.93185,1.00,1.00
2014.05.06 14:00:09.981,0.93168,0.93182,1.00,1.00
2014.05.06 14:00:10.291,0.9317,0.93184,1.00,1.58
2014.05.06 14:00:10.595,0.93172,0.93183,1.00,1.00
2014.05.06 14:00:10.646,0.9317,0.93182,1.00,1.00
2014.05.06 14:00:10.697,0.93168,0.9318,1.10,1.00
2014.05.06 14:00:11.001,0.93173,0.93178,1.00,1.00
2014.05.06 14:00:11.102,0.93169,0.93182,1.00,1.50
2014.05.06 14:00:11.636,0.93168,0.93181,1.50,1.00
2014.05.06 14:00:11.789,0.9317,0.9318,1.00,1.00
2014.05.06 14:00:11.992,0.93167,0.9318,1.00,1.50
2014.05.06 14:00:12.093,0.93166,0.93178,1.00,1.00
2014.05.06 14:00:12.397,0.93162,0.93172,1.00,1.00
2014.05.06 14:00:12.599,0.93157,0.93168,1.00,1.00
2014.05.06 14:00:12.700,0.93159,0.93169,1.00,1.00
2014.05.06 14:00:13.003,0.93158,0.93167,2.10,1.50
2014.05.06 14:00:13.306,0.93155,0.93162,1.00,1.00
2014.05.06 14:00:13.407,0.93155,0.93164,1.00,1.00
2014.05.06 14:00:13.476,0.93153,0.93164,1.00,1.00
2014.05.06 14:00:13.527,0.93153,0.93162,1.00,1.00
2014.05.06 14:00:13.831,0.93159,0.93168,2.10,1.00
2014.05.06 14:00:14.033,0.93156,0.93168,1.50,1.00
2014.05.06 14:00:14.134,0.93159,0.93168,1.00,1.00
2014.05.06 14:00:14.185,0.9316,0.9317,1.00,1.00
2014.05.06 14:00:14.337,0.93162,0.9317,1.00,1.00
2014.05.06 14:00:14.489,0.93163,0.93172,1.00,1.00
2014.05.06 14:00:14.590,0.93164,0.93177,1.00,2.25
2014.05.06 14:00:14.741,0.93163,0.93175,2.85,1.00
2014.05.06 14:00:15.202,0.93165,0.93175,1.00,1.00
2014.05.06 14:00:15.354,0.93167,0.93178,2.10,1.00
2014.05.06 14:00:15.878,0.93168,0.93178,2.10,1.00
2014.05.06 14:00:16.132,0.93169,0.93174,2.10,1.00
2014.05.06 14:00:16.183,0.93166,0.93174,1.00,1.00
2014.05.06 14:00:16.284,0.93164,0.93174,1.00,1.00
2014.05.06 14:00:16.486,0.93164,0.93176,1.00,1.00
2014.05.06 14:00:16.589,0.93164,0.93172,2.85,1.00
2014.05.06 14:00:17.123,0.93163,0.93172,1.00,1.00
2014.05.06 14:00:17.224,0.93164,0.93175,1.00,1.00
2014.05.06 14:00:17.480,0.93162,0.93172,2.10,1.00
2014.05.06 14:00:17.531,0.9316,0.93172,2.85,1.00
2014.05.06 14:00:17.582,0.9316,0.9317,1.50,1.00
2014.05.06 14:00:17.886,0.93159,0.93164,1.00,1.00
2014.05.06 14:00:17.937,0.9315,0.93163,4.28,1.00
2014.05.06 14:00:18.038,0.9315,0.93163,3.60,1.00
2014.05.06 14:00:18.140,0.93155,0.93162,1.00,1.00
2014.05.06 14:00:18.241,0.93155,0.93164,1.00,1.58
2014.05.06 14:00:18.342,0.93158,0.93166,1.00,1.00
2014.05.06 14:00:18.444,0.9316,0.93169,1.00,1.00
2014.05.06 14:00:18.873,0.93165,0.93173,1.00,2.33
2014.05.06 14:00:18.975,0.9317,0.93176,1.00,1.00
2014.05.06 14:00:19.077,0.9317,0.9318,1.00,1.53
2014.05.06 14:00:19.128,0.93173,0.9318,2.10,1.53
2014.05.06 14:00:19.229,0.93175,0.93183,1.00,1.00
2014.05.06 14:00:19.280,0.93178,0.93183,1.00,1.00
2014.05.06 14:00:19.331,0.93178,0.93187,1.00,1.00
2014.05.06 14:00:19.483,0.93176,0.93185,2.10,1.00
2014.05.06 14:00:19.636,0.9317,0.93182,2.10,2.25
2014.05.06 14:00:19.686,0.9317,0.93177,2.10,1.00
2014.05.06 14:00:19.940,0.93165,0.93175,1.00,1.00
2014.05.06 14:00:19.991,0.93165,0.93173,1.00,1.00
2014.05.06 14:00:20.412,0.93162,0.93173,1.00,1.00
2014.05.06 14:00:21.856,0.93162,0.93169,1.00,1.00
2014.05.06 14:00:21.907,0.93158,0.93169,2.10,1.50
2014.05.06 14:00:22.810,0.93158,0.93167,2.85,1.00
2014.05.06 14:00:23.113,0.93156,0.93161,2.85,1.00
2014.05.06 14:00:23.164,0.93156,0.93163,2.85,1.00
2014.05.06 14:00:23.366,0.93156,0.93165,1.00,1.00
2014.05.06 14:00:23.518,0.93154,0.93162,2.85,1.00
2014.05.06 14:00:23.619,0.93154,0.93165,1.00,1.00
2014.05.06 14:00:23.721,0.93157,0.93165,1.00,1.00
2014.05.06 14:00:23.822,0.93157,0.93167,1.00,1.50
2014.05.06 14:00:24.227,0.93156,0.93164,2.10,1.00
2014.05.06 14:00:24.328,0.93154,0.93163,2.10,1.00
2014.05.06 14:00:24.429,0.93151,0.93162,1.00,1.00
2014.05.06 14:00:24.581,0.9315,0.9316,2.85,1.00
2014.05.06 14:00:26.944,0.93151,0.9316,1.00,1.00
2014.05.06 14:00:27.452,0.9315,0.93158,1.00,1.00
2014.05.06 14:00:27.672,0.93147,0.93158,2.85,1.00
2014.05.06 14:00:27.877,0.93147,0.93156,2.10,1.00
2014.05.06 14:00:28.392,0.93147,0.93155,2.10,1.10
2014.05.06 14:00:28.909,0.93146,0.93156,1.00,1.00
2014.05.06 14:00:29.630,0.93146,0.93157,1.00,1.00
2014.05.06 14:00:30.154,0.93146,0.93156,2.85,1.00
2014.05.06 14:00:30.985,0.93148,0.93156,1.00,1.00
2014.05.06 14:00:31.136,0.93148,0.93158,1.00,1.00
2014.05.06 14:00:33.587,0.93149,0.93158,1.00,1.00
2014.05.06 14:00:33.638,0.93149,0.9316,1.00,1.00
2014.05.06 14:00:34.150,0.93148,0.9316,1.00,1.00
2014.05.06 14:00:34.661,0.93147,0.93157,1.00,1.10
2014.05.06 14:00:34.915,0.93142,0.93154,1.50,1.58
2014.05.06 14:00:34.966,0.93145,0.93155,1.00,1.10
2014.05.06 14:00:35.860,0.93144,0.93155,1.50,1.58
2014.05.06 14:00:36.113,0.9314,0.93152,3.60,1.00
2014.05.06 14:00:36.163,0.93145,0.93154,1.00,2.33
2014.05.06 14:00:36.668,0.93146,0.93156,2.85,1.00
2014.05.06 14:00:37.191,0.93147,0.93157,1.00,1.00
2014.05.06 14:00:37.702,0.93146,0.93157,1.58,1.00
2014.05.06 14:00:38.361,0.93146,0.93155,1.00,1.00
2014.05.06 14:00:38.412,0.93143,0.93153,2.33,1.00
2014.05.06 14:00:38.614,0.93143,0.9315,1.00,1.00
2014.05.06 14:00:38.715,0.93143,0.93154,2.25,1.10
2014.05.06 14:00:39.018,0.93143,0.93152,1.00,1.00
2014.05.06 14:00:39.119,0.93141,0.93152,1.00,3.08
2014.05.06 14:00:39.170,0.9314,0.9315,1.50,1.00
2014.05.06 14:00:39.473,0.93138,0.93148,1.50,1.10
2014.05.06 14:00:40.396,0.93138,0.93147,1.00,1.10
2014.05.06 14:00:40.598,0.93138,0.9315,1.00,1.00
2014.05.06 14:00:44.106,0.93138,0.93148,1.00,1.10
2014.05.06 14:00:44.666,0.93137,0.93147,1.00,1.10
2014.05.06 14:00:45.454,0.93137,0.93146,1.00,1.10
2014.05.06 14:00:45.505,0.93134,0.93146,1.50,1.10
2014.05.06 14:00:45.606,0.93136,0.93145,1.00,1.00
2014.05.06 14:00:45.707,0.93134,0.93147,1.00,3.83
2014.05.06 14:00:45.909,0.93136,0.93147,1.00,3.08
2014.05.06 14:00:47.886,0.93136,0.93148,1.00,1.58
2014.05.06 14:00:48.239,0.93139,0.93148,1.00,1.00
2014.05.06 14:00:48.340,0.93137,0.93147,1.00,1.10
2014.05.06 14:00:48.728,0.9314,0.93148,1.50,1.00
2014.05.06 14:00:48.880,0.93141,0.93152,1.50,1.58
2014.05.06 14:00:48.981,0.93143,0.93152,1.00,1.00
2014.05.06 14:00:49.604,0.93143,0.93153,1.00,1.00
2014.05.06 14:00:49.806,0.93143,0.93155,1.50,1.00
2014.05.06 14:00:50.356,0.93144,0.93155,1.00,1.00
2014.05.06 14:00:50.639,0.93144,0.93157,1.50,1.50
2014.05.06 14:00:51.322,0.93148,0.93157,1.00,1.50
2014.05.06 14:00:51.827,0.93147,0.93158,1.00,1.00
2014.05.06 14:00:52.638,0.93147,0.93157,1.00,1.58
2014.05.06 14:00:52.739,0.93144,0.93155,1.00,1.00
2014.05.06 14:00:52.941,0.93144,0.93157,1.50,1.00
2014.05.06 14:00:53.395,0.93146,0.93158,1.00,1.50
2014.05.06 14:00:54.167,0.93145,0.93157,1.00,2.10
2014.05.06 14:00:54.320,0.93141,0.93154,1.50,1.00
2014.05.06 14:00:54.371,0.93141,0.93152,1.00,1.00
2014.05.06 14:00:54.775,0.93143,0.93154,1.00,1.00
2014.05.06 14:00:55.077,0.93145,0.93154,1.00,1.00
2014.05.06 14:00:55.280,0.93148,0.93161,1.00,4.35
2014.05.06 14:00:55.796,0.93151,0.93162,1.00,1.50
2014.05.06 14:00:57.690,0.93151,0.9316,1.00,1.58
2014.05.06 14:00:57.791,0.93151,0.93162,1.50,1.58
2014.05.06 14:00:58.139,0.93153,0.93162,1.00,1.58
2014.05.06 14:00:58.240,0.93153,0.93164,3.75,1.00
2014.05.06 14:00:58.290,0.93155,0.93164,1.00,1.00
2014.05.06 14:00:58.341,0.93156,0.93167,1.58,1.00
2014.05.06 14:00:58.392,0.93158,0.93167,1.00,1.00
2014.05.06 14:00:58.695,0.93155,0.93162,1.10,1.00
2014.05.06 14:00:58.897,0.93155,0.93164,1.00,1.10
2014.05.06 14:00:58.948,0.93159,0.93166,1.10,1.50
2014.05.06 14:00:59.200,0.93155,0.93167,4.43,1.00
2014.05.06 14:00:59.402,0.93157,0.93166,1.10,1.00
2014.05.06 14:00:59.705,0.93159,0.93167,1.00,1.00
2014.05.06 14:01:01.105,0.93159,0.93171,1.00,1.50
2014.05.06 14:01:01.213,0.93162,0.93172,1.00,2.33
2014.05.06 14:01:01.567,0.93162,0.93167,1.00,1.00
2014.05.06 14:01:03.646,0.93162,0.93172,1.00,2.33
2014.05.06 14:01:03.697,0.93165,0.93172,1.00,2.33
2014.05.06 14:01:03.871,0.93163,0.93171,1.00,1.10
2014.05.06 14:01:05.315,0.93163,0.93172,1.00,1.58
2014.05.06 14:01:05.872,0.93163,0.93171,1.00,1.10
2014.05.06 14:01:06.516,0.93163,0.93172,1.00,1.00
2014.05.06 14:01:08.108,0.93163,0.93167,1.00,1.00
2014.05.06 14:01:08.260,0.93163,0.93172,1.00,4.43
2014.05.06 14:01:08.311,0.93163,0.9317,1.00,1.10
2014.05.06 14:01:08.846,0.93162,0.9317,1.00,1.10
2014.05.06 14:01:09.138,0.9316,0.9317,1.00,1.10
2014.05.06 14:01:09.189,0.9316,0.93168,1.00,1.10
2014.05.06 14:01:09.737,0.93161,0.93167,1.00,1.00
2014.05.06 14:01:10.213,0.93163,0.93169,1.00,1.00
2014.05.06 14:01:10.316,0.93164,0.93169,1.00,1.10
2014.05.06 14:01:10.417,0.93164,0.93172,1.00,2.33
2014.05.06 14:01:10.569,0.93163,0.9317,1.00,1.00
2014.05.06 14:01:13.703,0.93164,0.9317,1.00,1.00
2014.05.06 14:01:14.516,0.93162,0.9317,1.00,1.00
2014.05.06 14:01:15.257,0.93163,0.9317,1.00,1.00
2014.05.06 14:01:15.426,0.93164,0.93172,1.00,1.00
2014.05.06 14:01:15.931,0.93165,0.93172,1.00,1.58
2014.05.06 14:01:16.156,0.93163,0.93172,1.00,1.58
2014.05.06 14:01:18.150,0.93164,0.93172,1.00,1.10
2014.05.06 14:01:19.246,0.93164,0.93173,1.00,2.33
2014.05.06 14:01:19.911,0.93164,0.93172,1.00,1.00
2014.05.06 14:01:19.962,0.93164,0.9317,1.00,1.10
2014.05.06 14:01:20.063,0.93162,0.9317,1.00,1.10
2014.05.06 14:01:20.579,0.93161,0.93169,1.00,1.10
2014.05.06 14:01:21.143,0.93163,0.93169,1.00,1.10
2014.05.06 14:01:21.363,0.9316,0.93167,1.00,1.00
2014.05.06 14:01:21.414,0.9316,0.93165,1.00,1.10
2014.05.06 14:01:21.566,0.93157,0.93163,1.50,1.10
2014.05.06 14:01:21.869,0.93155,0.93162,1.00,1.58
2014.05.06 14:01:22.957,0.93154,0.93162,1.00,1.58
2014.05.06 14:01:23.058,0.93157,0.93162,1.00,1.00
2014.05.06 14:01:23.109,0.93157,0.93164,1.00,1.50
2014.05.06 14:01:23.160,0.93159,0.93164,1.00,1.50
2014.05.06 14:01:23.211,0.93159,0.93167,1.00,2.10
2014.05.06 14:01:23.614,0.93159,0.93169,1.58,2.85
2014.05.06 14:01:23.665,0.93163,0.93169,1.00,1.00
2014.05.06 14:01:23.867,0.93164,0.93171,1.00,1.10
2014.05.06 14:01:24.274,0.93162,0.93169,1.00,1.58
2014.05.06 14:01:24.577,0.9316,0.93167,1.00,1.00
2014.05.06 14:01:25.908,0.9316,0.93165,1.00,1.10
2014.05.06 14:01:26.453,0.93159,0.93166,1.00,1.10
2014.05.06 14:01:26.756,0.93154,0.9316,1.00,1.10
2014.05.06 14:01:27.276,0.93153,0.93159,1.00,1.10
2014.05.06 14:01:27.894,0.93153,0.93158,1.00,1.10
2014.05.06 14:01:28.245,0.93154,0.93161,1.00,1.10
2014.05.06 14:01:28.843,0.93154,0.93162,1.00,1.00
2014.05.06 14:01:29.397,0.93156,0.93162,1.50,1.10
2014.05.06 14:01:29.447,0.93156,0.93164,1.50,1.00
2014.05.06 14:01:29.498,0.93158,0.93164,1.00,1.00
2014.05.06 14:01:29.650,0.93159,0.93167,1.00,2.85
2014.05.06 14:01:30.287,0.93159,0.93165,1.00,1.10
2014.05.06 14:01:31.008,0.93153,0.93165,1.95,1.58
2014.05.06 14:01:31.067,0.93158,0.93165,1.00,1.58
2014.05.06 14:01:31.218,0.93159,0.93168,1.20,1.00
2014.05.06 14:01:31.420,0.93163,0.93171,1.38,1.00
2014.05.06 14:01:31.953,0.93163,0.93172,1.38,1.00
2014.05.06 14:01:32.482,0.93163,0.93173,1.38,1.10
2014.05.06 14:01:33.036,0.93162,0.93174,1.95,1.58
2014.05.06 14:01:33.368,0.93166,0.93174,1.10,1.00
2014.05.06 14:01:33.525,0.93166,0.93176,1.10,1.13
2014.05.06 14:01:33.627,0.93168,0.93178,1.10,1.00
2014.05.06 14:01:34.143,0.93166,0.93177,4.05,1.10
2014.05.06 14:01:34.194,0.93168,0.93177,1.00,1.10
2014.05.06 14:01:34.302,0.93169,0.9318,2.10,2.33
2014.05.06 14:01:34.848,0.9317,0.93181,1.00,1.58
2014.05.06 14:01:35.360,0.93168,0.93179,1.88,1.10
2014.05.06 14:01:35.806,0.93168,0.93177,1.00,1.10
2014.05.06 14:01:36.336,0.93167,0.93179,1.20,2.70
2014.05.06 14:01:37.077,0.93167,0.93178,1.20,1.10
2014.05.06 14:01:37.601,0.93166,0.93176,1.88,1.10
2014.05.06 14:01:37.702,0.93165,0.93176,4.80,1.10
2014.05.06 14:01:37.753,0.93165,0.93174,2.85,1.10
2014.05.06 14:01:38.056,0.93166,0.93176,1.10,3.23
2014.05.06 14:01:38.576,0.93167,0.93177,1.20,1.00
2014.05.06 14:01:39.137,0.93169,0.93177,1.10,1.00
2014.05.06 14:01:39.339,0.93169,0.9318,1.20,1.58
2014.05.06 14:01:39.693,0.93171,0.93181,1.00,1.10
2014.05.06 14:01:40.147,0.93172,0.93181,1.48,1.00
2014.05.06 14:01:40.652,0.93172,0.93177,1.10,1.00
2014.05.06 14:01:40.703,0.9317,0.93177,1.10,1.00
2014.05.06 14:01:41.107,0.93169,0.93179,1.95,1.00
2014.05.06 14:01:41.158,0.93172,0.93179,1.10,1.00
2014.05.06 14:01:41.259,0.93172,0.93182,1.10,2.25
2014.05.06 14:01:41.512,0.93172,0.93178,1.10,1.00
2014.05.06 14:01:41.562,0.93169,0.93178,3.68,1.00
2014.05.06 14:01:42.109,0.93173,0.93177,1.10,1.00
2014.05.06 14:01:42.261,0.93175,0.93182,1.10,3.60
2014.05.06 14:01:42.413,0.93171,0.93177,1.00,1.00
2014.05.06 14:01:42.463,0.93171,0.93177,1.00,1.00
2014.05.06 14:01:42.565,0.93169,0.93177,1.00,1.00
2014.05.06 14:01:42.666,0.93168,0.93177,2.70,1.00
2014.05.06 14:01:42.817,0.93173,0.93182,1.10,1.50
2014.05.06 14:01:43.171,0.93176,0.93182,1.10,1.50
2014.05.06 14:01:43.827,0.93175,0.93182,1.13,1.00
2014.05.06 14:01:44.379,0.93176,0.93182,1.00,1.00
2014.05.06 14:01:45.997,0.93177,0.93182,1.00,1.00
2014.05.06 14:01:46.504,0.93176,0.93182,1.10,1.00
2014.05.06 14:01:47.409,0.93175,0.93182,1.10,1.00
2014.05.06 14:01:47.955,0.93176,0.93182,1.10,1.00
2014.05.06 14:01:48.313,0.93178,0.93182,1.10,1.00
2014.05.06 14:01:48.674,0.93176,0.93182,1.10,1.00
2014.05.06 14:01:48.926,0.93173,0.93179,1.13,1.00
2014.05.06 14:01:49.078,0.9317,0.93179,1.10,1.38
2014.05.06 14:01:49.129,0.93168,0.93172,2.33,1.00
2014.05.06 14:01:50.227,0.93169,0.93177,1.10,1.88
2014.05.06 14:01:50.769,0.93168,0.93172,1.10,1.00
2014.05.06 14:01:51.208,0.93166,0.93172,1.10,1.00
2014.05.06 14:01:51.460,0.93168,0.93172,1.10,1.00
2014.05.06 14:01:51.973,0.93169,0.93175,1.10,1.00
2014.05.06 14:01:52.205,0.93167,0.93172,1.10,1.00
2014.05.06 14:01:52.849,0.93167,0.93175,1.10,1.00
2014.05.06 14:01:52.900,0.9317,0.93175,1.10,1.00
2014.05.06 14:01:53.152,0.9317,0.93177,1.10,1.00
2014.05.06 14:01:53.704,0.93171,0.93177,1.10,1.00
2014.05.06 14:01:53.856,0.93168,0.93177,1.10,1.00
2014.05.06 14:01:54.109,0.93168,0.93177,1.48,1.00
2014.05.06 14:01:54.159,0.93168,0.93179,1.95,1.10
2014.05.06 14:01:54.225,0.93169,0.93181,1.95,2.33
2014.05.06 14:01:54.744,0.93169,0.9318,1.48,1.50
2014.05.06 14:01:55.852,0.93167,0.93174,1.38,1.00
2014.05.06 14:01:55.903,0.93166,0.93174,2.10,1.00
2014.05.06 14:01:56.055,0.93165,0.93176,1.10,1.95
2014.05.06 14:01:56.157,0.93165,0.93172,1.10,1.00
2014.05.06 14:01:56.896,0.93165,0.93176,1.20,1.58
2014.05.06 14:01:57.057,0.93163,0.93172,3.45,1.00
2014.05.06 14:01:58.656,0.93164,0.93176,1.48,1.58
2014.05.06 14:01:58.769,0.93164,0.93172,1.48,1.00
2014.05.06 14:01:59.072,0.93163,0.93172,3.45,1.00
2014.05.06 14:01:59.691,0.93163,0.93172,3.45,1.00
2014.05.06 14:02:00.393,0.93164,0.93172,1.38,1.00
2014.05.06 14:02:01.561,0.93163,0.93172,3.45,1.00
2014.05.06 14:02:02.066,0.93163,0.93172,1.88,1.58
2014.05.06 14:02:04.016,0.93161,0.9317,2.63,1.10
2014.05.06 14:02:04.534,0.93161,0.93171,1.88,1.10
2014.05.06 14:02:05.292,0.93161,0.93171,1.88,1.10
2014.05.06 14:02:05.801,0.93162,0.93172,1.88,1.00
2014.05.06 14:02:06.844,0.93165,0.93175,1.20,1.00
2014.05.06 14:02:06.907,0.93165,0.93172,1.20,1.00
2014.05.06 14:02:07.065,0.93165,0.93175,1.20,1.00
2014.05.06 14:02:07.166,0.93165,0.93172,1.20,1.00
2014.05.06 14:02:07.353,0.93163,0.93172,1.13,1.00
2014.05.06 14:02:07.975,0.93162,0.93172,2.70,1.00
2014.05.06 14:02:08.537,0.93162,0.93172,1.48,1.00
2014.05.06 14:02:09.041,0.93163,0.93173,1.95,1.00
2014.05.06 14:02:09.586,0.93163,0.93172,1.48,1.00
2014.05.06 14:02:10.227,0.93162,0.93172,1.48,1.00
2014.05.06 14:02:11.511,0.93164,0.93172,1.20,1.00
2014.05.06 14:02:12.256,0.93163,0.93172,1.20,1.00
2014.05.06 14:02:12.928,0.93161,0.93172,2.63,1.58
2014.05.06 14:02:13.689,0.93161,0.93171,2.25,1.10
2014.05.06 14:02:13.991,0.93161,0.93167,1.00,1.00
2014.05.06 14:02:14.244,0.93158,0.93167,1.58,1.13
2014.05.06 14:02:14.597,0.93156,0.93166,1.10,1.00
2014.05.06 14:02:14.779,0.93155,0.93164,1.00,1.10
2014.05.06 14:02:15.082,0.93153,0.93162,1.58,1.00
2014.05.06 14:02:15.626,0.93153,0.93162,1.48,1.00
2014.05.06 14:02:16.396,0.93152,0.93162,3.98,1.00
2014.05.06 14:02:16.497,0.93152,0.93162,3.98,1.00
2014.05.06 14:02:17.266,0.93155,0.93162,1.13,1.00
2014.05.06 14:02:17.369,0.93157,0.93165,1.30,1.10
2014.05.06 14:02:17.420,0.9316,0.93167,1.58,1.00
2014.05.06 14:02:17.572,0.93161,0.93169,1.00,1.00
2014.05.06 14:02:17.976,0.93161,0.93171,1.38,1.10
2014.05.06 14:02:18.127,0.93161,0.93167,1.38,1.00
2014.05.06 14:02:18.859,0.9316,0.93167,1.88,1.00
2014.05.06 14:02:19.902,0.9316,0.93169,1.88,1.10
2014.05.06 14:02:20.219,0.93158,0.93167,3.23,1.00
2014.05.06 14:02:20.840,0.93158,0.93167,1.50,1.58
2014.05.06 14:02:21.354,0.93158,0.93167,1.88,1.00
2014.05.06 14:02:23.253,0.93158,0.93167,1.00,1.58
2014.05.06 14:02:26.946,0.9316,0.93167,1.10,1.00
2014.05.06 14:02:27.727,0.93158,0.93167,1.88,1.00
2014.05.06 14:02:31.506,0.93155,0.93167,3.45,1.95
2014.05.06 14:02:31.717,0.93155,0.93167,3.45,1.58
2014.05.06 14:02:32.309,0.93158,0.93167,1.00,1.58
2014.05.06 14:02:33.275,0.93158,0.93167,1.00,1.95
2014.05.06 14:02:33.376,0.93154,0.93163,1.13,1.10
2014.05.06 14:02:33.684,0.93156,0.93165,1.10,1.00
2014.05.06 14:02:34.048,0.93153,0.93162,2.70,1.00
2014.05.06 14:02:34.588,0.93152,0.93162,2.63,1.00
2014.05.06 14:02:35.274,0.93152,0.93162,1.88,1.00
2014.05.06 14:02:35.778,0.93155,0.93165,1.10,2.10
2014.05.06 14:02:35.829,0.93156,0.93166,1.38,1.00
2014.05.06 14:02:36.132,0.93155,0.93162,1.58,1.00
2014.05.06 14:02:36.234,0.93157,0.93166,1.10,1.00
2014.05.06 14:02:36.448,0.93159,0.93167,1.10,1.50
2014.05.06 14:02:37.018,0.9316,0.93167,1.10,1.00
2014.05.06 14:02:37.627,0.93158,0.93167,1.20,1.00
2014.05.06 14:02:38.176,0.93157,0.93167,3.45,1.00
2014.05.06 14:02:39.206,0.9316,0.93167,1.10,1.00
2014.05.06 14:02:40.286,0.9316,0.9317,1.10,1.13
2014.05.06 14:02:40.751,0.9316,0.93167,1.10,1.00
2014.05.06 14:02:41.290,0.93157,0.93164,1.00,1.20
2014.05.06 14:02:41.445,0.93154,0.93163,1.10,1.50
2014.05.06 14:02:41.970,0.93154,0.93164,1.10,1.00
2014.05.06 14:02:42.273,0.93152,0.93162,1.95,1.00
2014.05.06 14:02:42.778,0.93152,0.93161,1.13,1.00
2014.05.06 14:02:43.011,0.9315,0.93161,1.58,1.13
2014.05.06 14:02:43.062,0.9315,0.93158,1.00,1.10
2014.05.06 14:02:43.163,0.93148,0.93158,1.50,1.10
2014.05.06 14:02:43.672,0.93146,0.93157,4.05,1.58
2014.05.06 14:02:43.928,0.93146,0.93152,1.10,1.00
2014.05.06 14:02:44.506,0.93145,0.93152,1.00,1.00
2014.05.06 14:02:45.020,0.93144,0.93152,1.95,1.00
2014.05.06 14:02:46.675,0.93145,0.93156,1.10,2.70
2014.05.06 14:02:46.776,0.93147,0.93156,1.10,1.88
2014.05.06 14:02:47.303,0.93147,0.93157,1.10,2.25
2014.05.06 14:02:47.841,0.93145,0.93156,1.95,1.10
2014.05.06 14:02:48.175,0.93148,0.93157,1.48,1.50
2014.05.06 14:02:48.955,0.9315,0.93157,1.10,1.00
2014.05.06 14:02:49.505,0.93151,0.93157,1.10,1.00
2014.05.06 14:02:49.656,0.93151,0.93161,1.10,1.13
2014.05.06 14:02:50.725,0.93153,0.93161,1.10,1.00
2014.05.06 14:02:51.294,0.93154,0.93162,1.00,1.00
2014.05.06 14:02:53.445,0.93154,0.93164,1.00,1.58
2014.05.06 14:02:53.697,0.93154,0.93162,1.00,1.00
2014.05.06 14:02:55.589,0.93152,0.93162,1.00,1.95
2014.05.06 14:02:55.691,0.93152,0.93159,1.13,1.00
2014.05.06 14:02:55.872,0.93152,0.93162,1.00,1.95
2014.05.06 14:02:58.465,0.93153,0.93162,1.10,1.00
2014.05.06 14:02:59.383,0.93153,0.93164,1.58,1.20
2014.05.06 14:02:59.875,0.93152,0.93162,2.70,1.00
2014.05.06 14:03:02.608,0.93151,0.93162,1.95,1.00
2014.05.06 14:03:10.406,0.93151,0.93162,2.70,1.00
2014.05.06 14:03:10.710,0.93157,0.93165,1.10,1.00
2014.05.06 14:03:10.760,0.93158,0.93167,1.00,2.10
2014.05.06 14:03:11.321,0.93157,0.93167,1.10,1.00
2014.05.06 14:03:12.162,0.93157,0.93167,1.48,1.00
2014.05.06 14:03:12.415,0.93157,0.93165,1.13,1.10
2014.05.06 14:03:12.516,0.93157,0.93167,1.13,1.58
2014.05.06 14:03:13.047,0.93157,0.93168,1.95,1.00
2014.05.06 14:03:13.932,0.93156,0.93168,1.58,1.95
2014.05.06 14:03:14.019,0.93156,0.93165,1.00,1.10
2014.05.06 14:03:14.329,0.93154,0.93163,1.00,1.58
2014.05.06 14:03:14.865,0.93153,0.93163,1.00,1.58
2014.05.06 14:03:15.068,0.93155,0.93166,1.58,2.70
2014.05.06 14:03:15.630,0.93156,0.93166,1.10,1.13
2014.05.06 14:03:16.211,0.93155,0.93165,1.00,1.10
2014.05.06 14:03:18.246,0.93155,0.93166,1.58,1.95
2014.05.06 14:03:18.706,0.93156,0.93166,1.48,1.00
2014.05.06 14:03:18.909,0.93163,0.9317,1.10,1.50
2014.05.06 14:03:19.013,0.93164,0.93172,1.10,1.00
2014.05.06 14:03:20.397,0.93163,0.93172,1.10,1.00
2014.05.06 14:03:20.920,0.93162,0.93172,1.10,1.13
2014.05.06 14:03:21.071,0.93161,0.93167,1.00,1.00
2014.05.06 14:03:21.615,0.9316,0.93167,1.13,1.00
2014.05.06 14:03:21.975,0.9316,0.93169,1.00,1.10
2014.05.06 14:03:22.380,0.93162,0.9317,1.10,1.00
2014.05.06 14:03:22.534,0.93162,0.93172,1.95,1.50
2014.05.06 14:03:22.864,0.93164,0.93172,1.00,1.50
2014.05.06 14:03:24.029,0.93163,0.93168,1.00,1.00
2014.05.06 14:03:24.182,0.93164,0.93172,1.00,1.00
2014.05.06 14:03:24.389,0.93162,0.93172,1.88,1.00
2014.05.06 14:03:25.934,0.93162,0.93169,1.50,1.10
2014.05.06 14:03:26.035,0.93162,0.93172,1.88,1.58
2014.05.06 14:03:26.137,0.93163,0.93174,1.95,1.00
2014.05.06 14:03:26.289,0.93165,0.93176,1.38,2.93
2014.05.06 14:03:26.491,0.93168,0.93179,1.10,1.95
2014.05.06 14:03:26.542,0.93169,0.93179,1.38,1.58
2014.05.06 14:03:26.844,0.93171,0.93181,1.48,1.50
2014.05.06 14:03:27.427,0.93172,0.93182,1.13,2.33
2014.05.06 14:03:28.779,0.93172,0.9318,1.95,1.00
2014.05.06 14:03:30.361,0.93171,0.9318,1.00,1.58
2014.05.06 14:03:30.871,0.9317,0.9318,2.85,1.58
2014.05.06 14:03:31.734,0.93171,0.9318,1.10,1.00
2014.05.06 14:03:32.725,0.9317,0.9318,1.88,1.58
2014.05.06 14:03:34.146,0.9317,0.93177,1.00,1.00
2014.05.06 14:03:34.197,0.93168,0.93177,2.70,1.00
2014.05.06 14:03:34.907,0.93172,0.93177,1.00,1.00
2014.05.06 14:03:35.957,0.93173,0.93177,1.00,1.00
2014.05.06 14:03:36.333,0.93173,0.93179,1.00,1.10
2014.05.06 14:03:37.517,0.93173,0.93179,1.00,1.48
2014.05.06 14:03:37.619,0.93171,0.93178,1.00,1.20
2014.05.06 14:03:37.721,0.93171,0.93176,1.00,1.10
2014.05.06 14:03:38.023,0.93173,0.93177,1.00,1.58
2014.05.06 14:03:38.326,0.93175,0.93179,1.00,1.10
2014.05.06 14:03:38.377,0.93177,0.93184,1.00,1.10
2014.05.06 14:03:39.057,0.93177,0.93183,1.00,1.10
2014.05.06 14:03:39.670,0.93176,0.93183,1.00,1.10
2014.05.06 14:03:41.362,0.93176,0.93182,1.00,1.00
2014.05.06 14:03:41.671,0.93175,0.9318,1.00,1.10
2014.05.06 14:03:41.773,0.93175,0.93182,1.00,1.00
2014.05.06 14:03:43.304,0.93175,0.9318,1.00,1.10
2014.05.06 14:03:43.746,0.93175,0.93182,1.00,1.95
2014.05.06 14:03:45.211,0.93175,0.93181,1.00,1.48
2014.05.06 14:03:45.313,0.93172,0.9318,1.50,1.48
2014.05.06 14:03:45.363,0.93172,0.93177,1.00,1.00
2014.05.06 14:03:45.990,0.93171,0.93177,1.00,1.00
2014.05.06 14:03:47.664,0.93171,0.93178,1.00,1.10
2014.05.06 14:03:48.252,0.93172,0.93177,1.00,1.00
2014.05.06 14:03:48.304,0.93172,0.93179,1.00,1.95
2014.05.06 14:03:48.506,0.93175,0.93181,1.00,1.00
2014.05.06 14:03:48.658,0.93176,0.93183,1.00,1.00
2014.05.06 14:03:49.187,0.93176,0.93182,1.00,1.00
2014.05.06 14:03:50.729,0.93176,0.93185,1.00,2.70
2014.05.06 14:03:50.986,0.93179,0.93185,1.00,1.50
2014.05.06 14:03:51.391,0.93177,0.93185,1.00,1.48
2014.05.06 14:03:52.335,0.93177,0.93182,1.00,1.00
2014.05.06 14:03:53.015,0.93179,0.93186,1.00,1.13
2014.05.06 14:03:53.116,0.93179,0.93184,1.00,1.00
2014.05.06 14:03:54.136,0.93179,0.93186,1.00,1.00
2014.05.06 14:03:54.237,0.93181,0.93186,1.00,1.00
2014.05.06 14:03:55.083,0.93181,0.93187,1.00,1.00
2014.05.06 14:03:55.134,0.93182,0.93189,1.00,1.88
2014.05.06 14:03:55.235,0.93185,0.93192,1.00,2.85
2014.05.06 14:03:55.337,0.93187,0.93192,1.00,1.00
2014.05.06 14:03:55.438,0.93189,0.93193,1.00,2.10
2014.05.06 14:03:55.647,0.93189,0.93195,1.00,2.10
2014.05.06 14:03:55.899,0.93189,0.93197,1.00,2.70
2014.05.06 14:03:56.946,0.9319,0.93197,1.00,2.70
2014.05.06 14:03:57.546,0.93189,0.93196,1.00,1.10
2014.05.06 14:03:57.748,0.93191,0.93197,1.00,1.00
2014.05.06 14:03:58.051,0.93187,0.93194,1.00,1.10
2014.05.06 14:03:58.104,0.93187,0.93192,1.00,1.00
2014.05.06 14:03:58.558,0.93189,0.93194,1.00,1.00
2014.05.06 14:03:58.609,0.93189,0.93194,1.00,1.00
2014.05.06 14:03:58.660,0.93189,0.93197,1.00,1.50
2014.05.06 14:03:59.166,0.93191,0.93197,1.00,1.50
2014.05.06 14:03:59.821,0.9319,0.93196,1.00,1.10
2014.05.06 14:03:59.923,0.93188,0.93195,1.00,1.00
2014.05.06 14:03:59.973,0.93185,0.9319,1.00,1.10
2014.05.06 14:04:00.125,0.93184,0.9319,2.25,1.10
2014.05.06 14:04:00.277,0.93185,0.93192,1.00,1.10
2014.05.06 14:04:00.327,0.93188,0.93192,1.00,1.10
2014.05.06 14:04:00.429,0.93186,0.93192,1.00,1.10
2014.05.06 14:04:00.682,0.93186,0.9319,1.00,1.10
2014.05.06 14:04:00.733,0.93183,0.9319,1.00,1.10
2014.05.06 14:04:00.834,0.9318,0.93189,1.50,1.48
2014.05.06 14:04:00.885,0.93184,0.93189,1.00,1.00
2014.05.06 14:04:01.006,0.93184,0.93191,1.00,1.00
2014.05.06 14:04:01.159,0.93185,0.93193,1.00,1.13
2014.05.06 14:04:01.210,0.93186,0.93195,1.00,1.95
2014.05.06 14:04:01.463,0.93185,0.93193,1.00,1.10
2014.05.06 14:04:01.716,0.93183,0.93192,1.50,1.95
2014.05.06 14:04:02.224,0.93184,0.93192,1.00,1.95
2014.05.06 14:04:02.738,0.93183,0.93192,1.00,1.13
2014.05.06 14:04:02.788,0.93183,0.9319,1.00,1.10
2014.05.06 14:04:03.311,0.93184,0.93191,1.00,1.10
2014.05.06 14:04:03.816,0.93185,0.93192,1.00,1.00
2014.05.06 14:04:05.181,0.93185,0.93191,1.00,1.48
2014.05.06 14:04:05.333,0.93181,0.93187,1.50,1.00
2014.05.06 14:04:05.434,0.93179,0.93187,2.25,1.58
2014.05.06 14:04:06.162,0.93179,0.93186,1.00,1.10
2014.05.06 14:04:06.776,0.93179,0.93187,1.00,1.95
2014.05.06 14:04:07.631,0.93179,0.93189,1.00,1.50
2014.05.06 14:04:07.833,0.93181,0.9319,1.00,1.10
2014.05.06 14:04:08.136,0.9318,0.93188,1.00,1.00
2014.05.06 14:04:08.540,0.93182,0.93189,1.00,1.10
2014.05.06 14:04:08.644,0.9318,0.93189,1.13,1.10
2014.05.06 14:04:09.243,0.9318,0.93188,1.00,1.10
2014.05.06 14:04:09.777,0.93182,0.9319,1.00,1.00
2014.05.06 14:04:10.231,0.93183,0.93192,1.00,1.58
2014.05.06 14:04:10.332,0.93187,0.93192,1.00,1.58
2014.05.06 14:04:10.537,0.9319,0.93195,1.00,1.00
2014.05.06 14:04:10.588,0.9319,0.93199,1.00,1.58
2014.05.06 14:04:10.689,0.93191,0.93197,1.00,1.00
2014.05.06 14:04:11.223,0.9319,0.93197,1.00,1.58
2014.05.06 14:04:11.537,0.93187,0.93194,1.50,1.10
2014.05.06 14:04:11.840,0.93184,0.93192,1.00,1.58
2014.05.06 14:04:12.409,0.93184,0.93191,1.00,1.10
2014.05.06 14:04:12.947,0.93183,0.9319,1.00,1.10
2014.05.06 14:04:13.579,0.93183,0.93191,1.00,1.10
2014.05.06 14:04:14.125,0.93184,0.93192,1.00,1.00
2014.05.06 14:04:14.227,0.93185,0.93194,1.13,1.00
2014.05.06 14:04:14.278,0.93188,0.93195,1.00,1.10
2014.05.06 14:04:14.784,0.93187,0.93193,1.00,1.10
2014.05.06 14:04:15.003,0.93187,0.93195,1.00,1.10
2014.05.06 14:04:16.089,0.93187,0.93194,1.00,1.10
2014.05.06 14:04:16.542,0.93187,0.93197,1.00,1.95
2014.05.06 14:04:16.900,0.9319,0.93197,1.00,1.10
2014.05.06 14:04:17.447,0.9319,0.93199,1.00,1.20
2014.05.06 14:04:17.958,0.93189,0.93198,1.00,2.93
2014.05.06 14:04:18.500,0.93188,0.93197,1.00,1.58
2014.05.06 14:04:19.013,0.93189,0.93197,1.00,1.00
2014.05.06 14:04:21.460,0.93189,0.93199,1.00,1.10
2014.05.06 14:04:21.510,0.93191,0.93199,1.00,1.10
2014.05.06 14:04:21.814,0.93193,0.93201,1.00,3.68
2014.05.06 14:04:22.137,0.93195,0.93202,1.00,1.50
2014.05.06 14:04:22.239,0.93196,0.93204,1.00,1.00
2014.05.06 14:04:22.290,0.93196,0.93206,1.00,2.33
2014.05.06 14:04:22.341,0.93196,0.93202,1.00,1.00
2014.05.06 14:04:22.543,0.93197,0.93206,1.00,1.58
2014.05.06 14:04:23.064,0.93196,0.93206,1.00,1.95
2014.05.06 14:04:23.114,0.93196,0.93204,1.00,1.10
2014.05.06 14:04:23.418,0.93194,0.93202,1.00,1.00
2014.05.06 14:04:23.740,0.93193,0.93197,1.00,1.00
2014.05.06 14:04:23.791,0.93194,0.93202,1.00,2.33
2014.05.06 14:04:24.093,0.93196,0.93202,1.00,1.00
2014.05.06 14:04:27.040,0.93193,0.93202,1.88,1.58
2014.05.06 14:04:27.419,0.93196,0.93202,1.10,1.00
2014.05.06 14:04:27.933,0.93194,0.93202,1.88,1.00
2014.05.06 14:04:28.236,0.93192,0.93201,3.98,1.10
2014.05.06 14:04:28.905,0.93192,0.93202,1.48,1.00
2014.05.06 14:04:29.517,0.93192,0.93201,1.48,1.00
2014.05.06 14:04:30.287,0.93191,0.93201,1.88,1.58
2014.05.06 14:04:30.338,0.93191,0.93197,1.38,1.00
2014.05.06 14:04:30.439,0.93189,0.93197,1.00,1.00
2014.05.06 14:04:30.541,0.93186,0.93197,1.88,1.58
2014.05.06 14:04:30.793,0.93187,0.93192,2.10,1.00
2014.05.06 14:04:31.329,0.93187,0.93195,2.10,1.10
2014.05.06 14:04:31.632,0.93187,0.93197,2.48,1.00
2014.05.06 14:04:32.092,0.93188,0.93197,1.95,1.00
2014.05.06 14:04:32.878,0.93188,0.93198,2.70,1.00
2014.05.06 14:04:32.929,0.93188,0.932,2.70,1.58
2014.05.06 14:04:33.529,0.93189,0.932,1.48,1.00
2014.05.06 14:04:34.804,0.93188,0.93199,1.88,1.10
2014.05.06 14:04:34.855,0.93188,0.93199,1.13,1.10
2014.05.06 14:04:35.006,0.93188,0.93197,1.88,1.10
2014.05.06 14:04:35.461,0.93189,0.93199,1.20,1.00
2014.05.06 14:04:35.512,0.93189,0.93197,1.20,1.00
2014.05.06 14:04:35.867,0.93189,0.93199,1.20,1.00
2014.05.06 14:04:37.147,0.93189,0.93199,1.48,1.00
2014.05.06 14:04:37.510,0.93189,0.93201,1.48,2.33
2014.05.06 14:04:38.161,0.93188,0.932,2.70,1.10
2014.05.06 14:04:39.273,0.9319,0.93201,1.48,1.50
2014.05.06 14:04:39.629,0.93193,0.93202,1.10,1.50
2014.05.06 14:04:39.932,0.93199,0.93207,1.10,1.00
2014.05.06 14:04:40.033,0.93199,0.93209,1.58,1.00
2014.05.06 14:04:42.116,0.93199,0.93208,1.10,1.00
2014.05.06 14:04:42.167,0.93197,0.93208,1.20,1.50
2014.05.06 14:04:42.268,0.93196,0.93206,1.13,1.10
2014.05.06 14:04:42.571,0.93193,0.93203,1.00,1.10
2014.05.06 14:04:43.111,0.93192,0.93202,1.95,1.00
2014.05.06 14:04:43.434,0.93194,0.93205,1.10,2.70
2014.05.06 14:04:43.485,0.93192,0.93203,1.95,1.10
2014.05.06 14:04:43.990,0.93192,0.93202,2.33,1.13
2014.05.06 14:04:44.534,0.93192,0.93202,2.70,1.00
2014.05.06 14:04:44.935,0.93192,0.932,1.88,1.10
2014.05.06 14:04:45.238,0.93188,0.93194,2.10,1.10
2014.05.06 14:04:45.339,0.93185,0.93193,1.00,1.00
2014.05.06 14:04:45.390,0.93182,0.93193,1.95,1.00
2014.05.06 14:04:45.441,0.93181,0.93192,1.88,1.10
2014.05.06 14:04:47.494,0.9318,0.93193,1.13,3.45
2014.05.06 14:04:47.818,0.9318,0.93193,1.95,2.25
2014.05.06 14:04:48.359,0.93181,0.93193,1.13,2.63
2014.05.06 14:04:48.867,0.9318,0.93193,1.13,3.45
2014.05.06 14:04:49.558,0.9318,0.93193,1.38,3.45
2014.05.06 14:04:49.860,0.93179,0.93191,3.23,1.50
2014.05.06 14:04:50.062,0.93177,0.93188,1.30,2.25
2014.05.06 14:04:50.163,0.93175,0.93184,2.48,1.00
2014.05.06 14:04:50.214,0.93175,0.93184,2.10,1.88
2014.05.06 14:04:50.315,0.93172,0.93184,4.20,1.13
2014.05.06 14:04:50.366,0.93172,0.93182,3.45,1.00
2014.05.06 14:04:50.969,0.93171,0.93182,1.13,1.00
2014.05.06 14:04:51.425,0.93172,0.93182,1.88,1.00
2014.05.06 14:04:51.475,0.93175,0.93185,1.00,2.85
2014.05.06 14:04:51.627,0.93175,0.93185,3.60,2.85
2014.05.06 14:04:51.879,0.93175,0.93187,2.63,1.00
2014.05.06 14:04:52.187,0.93178,0.93189,1.00,2.70
2014.05.06 14:04:52.490,0.93178,0.93189,1.88,1.00
2014.05.06 14:04:52.794,0.9318,0.93191,1.38,1.00
2014.05.06 14:04:53.484,0.93179,0.93191,3.23,1.00
2014.05.06 14:04:53.636,0.93178,0.93189,1.88,1.00
2014.05.06 14:04:54.142,0.93178,0.93191,1.88,3.45
2014.05.06 14:04:54.445,0.93179,0.93192,3.23,3.83
2014.05.06 14:04:55.009,0.93178,0.93191,1.88,1.13
2014.05.06 14:04:56.186,0.93178,0.9319,1.00,1.48
2014.05.06 14:04:56.854,0.93178,0.93188,1.00,1.13
2014.05.06 14:04:57.945,0.93178,0.93182,1.00,1.00
2014.05.06 14:04:58.046,0.93176,0.93183,1.13,1.00
2014.05.06 14:04:58.147,0.93174,0.93182,2.10,1.00
2014.05.06 14:04:58.675,0.93173,0.93182,1.00,1.00
2014.05.06 14:04:58.792,0.93169,0.9318,2.70,1.00
2014.05.06 14:04:59.628,0.9317,0.9318,1.48,1.00
2014.05.06 14:05:01.112,0.9317,0.93181,1.38,1.50
2014.05.06 14:05:01.893,0.93173,0.93181,1.38,1.50
2014.05.06 14:05:02.476,0.93173,0.93182,1.38,1.00
2014.05.06 14:05:02.876,0.93173,0.93184,1.38,2.33
2014.05.06 14:05:03.284,0.93172,0.93182,1.95,1.00
2014.05.06 14:05:03.608,0.93172,0.93182,1.95,1.00
2014.05.06 14:05:04.144,0.93173,0.93183,1.00,1.10
2014.05.06 14:05:04.694,0.93172,0.93184,2.03,1.88
2014.05.06 14:05:04.796,0.93172,0.93184,2.03,2.70
2014.05.06 14:05:05.489,0.93173,0.93184,1.10,2.70
2014.05.06 14:05:06.208,0.93173,0.93184,1.10,2.33
2014.05.06 14:05:07.372,0.93173,0.93182,1.10,1.00
2014.05.06 14:05:08.976,0.93173,0.93183,1.10,1.00
2014.05.06 14:05:09.279,0.93175,0.93184,1.10,1.00
2014.05.06 14:05:09.606,0.93173,0.93184,2.55,1.58
2014.05.06 14:05:12.362,0.93173,0.93183,2.55,1.00
2014.05.06 14:05:12.909,0.93173,0.93182,1.80,1.00
2014.05.06 14:05:13.670,0.93173,0.93182,1.10,1.88
2014.05.06 14:05:13.720,0.93172,0.93177,1.00,1.50
2014.05.06 14:05:13.771,0.9317,0.93177,1.00,1.50
2014.05.06 14:05:13.923,0.93169,0.93175,2.10,1.00
2014.05.06 14:05:14.475,0.93168,0.93175,1.50,1.58
2014.05.06 14:05:14.930,0.93164,0.93175,1.20,1.58
2014.05.06 14:05:15.043,0.93164,0.93175,3.30,1.58
2014.05.06 14:05:15.346,0.93169,0.93175,1.10,1.00
2014.05.06 14:05:15.447,0.93169,0.93179,1.10,1.00
2014.05.06 14:05:15.562,0.93169,0.93177,1.10,1.00
2014.05.06 14:05:15.703,0.9317,0.93179,1.10,1.00
2014.05.06 14:05:16.215,0.93171,0.93179,1.10,1.00
2014.05.06 14:05:16.428,0.93169,0.93179,1.20,1.00
2014.05.06 14:05:16.630,0.93169,0.93181,1.20,1.58
2014.05.06 14:05:17.148,0.93169,0.93181,1.48,1.58
2014.05.06 14:05:17.502,0.93172,0.93181,1.00,1.58
2014.05.06 14:05:18.617,0.93172,0.9318,1.00,1.10
2014.05.06 14:05:18.942,0.93172,0.93177,1.00,1.00
2014.05.06 14:05:18.994,0.93172,0.9318,1.00,1.10
2014.05.06 14:05:21.940,0.93172,0.93181,1.00,1.00
2014.05.06 14:05:22.243,0.93174,0.93182,2.70,1.00
2014.05.06 14:05:22.294,0.93174,0.93185,4.80,1.10
2014.05.06 14:05:22.346,0.93177,0.93186,1.00,1.10
2014.05.06 14:05:22.851,0.93178,0.93189,1.50,1.10
2014.05.06 14:05:23.003,0.93183,0.93192,1.10,1.50
2014.05.06 14:05:23.764,0.93185,0.93192,1.00,1.00
2014.05.06 14:05:23.890,0.93183,0.93192,2.25,1.00
2014.05.06 14:05:24.491,0.93183,0.93193,1.50,1.58
2014.05.06 14:05:25.069,0.93183,0.93192,1.00,1.58
2014.05.06 14:05:25.496,0.93182,0.93188,1.00,1.00
2014.05.06 14:05:25.799,0.93174,0.93183,3.60,1.58
2014.05.06 14:05:25.950,0.93174,0.93182,1.00,1.00
2014.05.06 14:05:26.001,0.93172,0.93181,1.50,1.10
2014.05.06 14:05:26.506,0.93172,0.9318,1.00,1.10
2014.05.06 14:05:26.607,0.9317,0.9318,1.50,1.10
2014.05.06 14:05:26.960,0.93168,0.9318,2.33,1.58
2014.05.06 14:05:27.010,0.93166,0.93172,1.00,3.63
2014.05.06 14:05:27.521,0.93163,0.93171,1.35,1.95
2014.05.06 14:05:27.859,0.93161,0.9317,1.00,1.13
2014.05.06 14:05:30.069,0.93161,0.93167,1.00,1.00
2014.05.06 14:05:30.170,0.93158,0.93167,1.00,1.00
2014.05.06 14:05:31.922,0.93158,0.93166,1.00,1.10
2014.05.06 14:05:32.846,0.93158,0.93167,1.00,1.58
2014.05.06 14:05:35.681,0.93158,0.93168,1.00,1.10
2014.05.06 14:05:35.782,0.93158,0.93165,1.00,1.10
2014.05.06 14:05:35.883,0.93156,0.93165,2.25,1.20
2014.05.06 14:05:35.984,0.93155,0.93164,1.00,1.95
2014.05.06 14:05:36.290,0.93154,0.93161,1.00,1.10
2014.05.06 14:05:36.949,0.93153,0.93161,1.00,1.10
2014.05.06 14:05:37.474,0.93153,0.93162,1.00,1.00
2014.05.06 14:05:38.435,0.93156,0.93162,1.10,1.00
2014.05.06 14:05:38.536,0.93156,0.93164,1.58,2.85
2014.05.06 14:05:38.946,0.93157,0.93167,1.10,1.00
2014.05.06 14:05:39.528,0.93157,0.93167,1.58,1.38
2014.05.06 14:05:39.681,0.93157,0.93164,1.00,1.10
2014.05.06 14:05:39.985,0.93153,0.93163,1.50,1.10
2014.05.06 14:05:40.521,0.93153,0.93161,1.00,1.10
2014.05.06 14:05:41.516,0.93155,0.93165,1.58,1.00
2014.05.06 14:05:41.668,0.93157,0.93165,1.00,1.00
2014.05.06 14:05:41.718,0.93157,0.93167,1.50,1.10
2014.05.06 14:05:43.273,0.93157,0.93164,1.00,1.10
2014.05.06 14:05:43.374,0.93155,0.93164,1.00,1.20
2014.05.06 14:05:43.577,0.93153,0.93161,1.50,1.10
2014.05.06 14:05:43.627,0.93153,0.93163,1.00,1.95
2014.05.06 14:05:44.007,0.93151,0.93163,1.50,1.95
2014.05.06 14:05:44.541,0.93151,0.93162,2.33,1.00
2014.05.06 14:05:45.581,0.93152,0.93162,1.00,1.00
2014.05.06 14:05:47.393,0.93152,0.93157,1.00,1.00
2014.05.06 14:05:47.494,0.93149,0.93156,1.50,1.10
2014.05.06 14:05:47.545,0.93146,0.93156,1.00,1.10
2014.05.06 14:05:47.747,0.93145,0.93154,1.00,1.10
2014.05.06 14:05:48.902,0.93145,0.93155,1.00,1.58
2014.05.06 14:05:49.245,0.93144,0.9315,1.00,1.10
2014.05.06 14:05:49.296,0.93141,0.9315,1.00,1.10
2014.05.06 14:05:49.800,0.93142,0.93151,1.00,1.10
2014.05.06 14:05:51.794,0.93144,0.93151,1.00,1.10
2014.05.06 14:05:53.887,0.93144,0.93152,1.00,1.10
2014.05.06 14:05:54.120,0.93144,0.93154,1.00,1.10
2014.05.06 14:05:54.632,0.93145,0.93155,1.13,1.00
2014.05.06 14:05:55.133,0.93146,0.93156,1.00,1.10
2014.05.06 14:05:55.739,0.93145,0.93157,1.58,3.08
2014.05.06 14:05:56.063,0.93145,0.93155,1.00,1.10
2014.05.06 14:05:57.188,0.93145,0.93156,1.00,1.10
2014.05.06 14:05:57.516,0.93149,0.93157,1.13,1.00
2014.05.06 14:05:57.720,0.93152,0.93162,1.13,2.10
2014.05.06 14:05:57.821,0.93154,0.93164,1.13,1.50
2014.05.06 14:05:58.125,0.93158,0.93166,3.00,2.10
2014.05.06 14:05:58.175,0.9316,0.9317,1.10,2.25
2014.05.06 14:05:58.429,0.93159,0.93167,1.00,1.00
2014.05.06 14:05:59.170,0.93159,0.93168,1.00,1.10
2014.05.06 14:05:59.503,0.93157,0.93165,1.00,1.10
2014.05.06 14:05:59.756,0.93158,0.93168,1.00,1.10
2014.05.06 14:06:01.910,0.93158,0.93167,1.00,1.00
2014.05.06 14:06:02.449,0.93158,0.93166,1.00,1.10
2014.05.06 14:06:02.609,0.93158,0.93168,1.00,1.10
2014.05.06 14:06:03.582,0.93158,0.93169,1.00,1.58
2014.05.06 14:06:03.793,0.9316,0.93169,1.10,1.00
2014.05.06 14:06:03.895,0.9316,0.93171,1.95,1.00
2014.05.06 14:06:04.147,0.9316,0.93167,1.58,1.00
2014.05.06 14:06:04.248,0.93158,0.93167,3.00,1.58
2014.05.06 14:06:04.450,0.9316,0.9317,1.00,1.10
2014.05.06 14:06:04.955,0.9316,0.93171,1.13,1.58
2014.05.06 14:06:05.106,0.9316,0.93167,1.13,1.58
2014.05.06 14:06:05.481,0.93159,0.93169,2.70,1.00
2014.05.06 14:06:05.583,0.93159,0.93171,2.70,1.58
2014.05.06 14:06:06.215,0.93159,0.93167,1.50,1.10
2014.05.06 14:06:06.468,0.9316,0.93169,1.00,1.10
2014.05.06 14:06:06.976,0.93159,0.93168,1.88,1.10
2014.05.06 14:06:07.084,0.93159,0.9317,1.88,1.10
2014.05.06 14:06:07.287,0.93159,0.93167,1.13,1.10
2014.05.06 14:06:08.801,0.93159,0.93168,1.50,1.10
2014.05.06 14:06:08.952,0.9316,0.93171,1.20,1.00
2014.05.06 14:06:09.053,0.93162,0.93171,1.00,1.00
2014.05.06 14:06:10.578,0.9316,0.9317,1.00,1.10
2014.05.06 14:06:10.708,0.9316,0.93168,1.00,1.10
2014.05.06 14:06:11.282,0.9316,0.93167,1.00,1.10
2014.05.06 14:06:12.218,0.9316,0.93168,1.00,1.10
2014.05.06 14:06:15.855,0.93158,0.93168,1.13,1.10
2014.05.06 14:06:15.957,0.93158,0.93165,1.00,1.10
2014.05.06 14:06:16.482,0.93158,0.93166,1.00,1.10
2014.05.06 14:06:16.633,0.93158,0.93168,1.00,2.33
2014.05.06 14:06:17.227,0.93158,0.93167,1.13,1.10
2014.05.06 14:06:17.784,0.93158,0.93168,1.13,1.10
2014.05.06 14:06:17.835,0.93158,0.93165,1.00,1.10
2014.05.06 14:06:17.886,0.93156,0.93165,1.00,1.10
2014.05.06 14:06:18.189,0.93158,0.93167,1.00,3.68
2014.05.06 14:06:18.691,0.93158,0.93166,1.00,1.10
2014.05.06 14:06:19.140,0.93158,0.93164,1.00,1.10
2014.05.06 14:06:19.509,0.93158,0.93167,1.00,1.58
2014.05.06 14:06:19.612,0.93158,0.93165,1.00,1.10
2014.05.06 14:06:20.355,0.93158,0.93167,1.00,1.58
2014.05.06 14:06:20.886,0.93158,0.93168,5.55,1.00
2014.05.06 14:06:21.475,0.9316,0.93168,1.00,1.00
2014.05.06 14:06:27.466,0.9316,0.93168,1.38,1.00
2014.05.06 14:06:27.620,0.9316,0.9317,1.38,1.58
2014.05.06 14:06:28.876,0.9316,0.9317,1.38,1.58
2014.05.06 14:06:29.387,0.93162,0.93171,1.38,1.58
2014.05.06 14:06:33.905,0.93162,0.93169,1.00,1.10
2014.05.06 14:06:34.414,0.93162,0.93168,1.00,1.10
2014.05.06 14:06:38.690,0.93162,0.9317,1.00,1.00
2014.05.06 14:06:39.512,0.93163,0.9317,1.00,1.00
2014.05.06 14:06:41.891,0.93162,0.9317,1.95,1.00
2014.05.06 14:06:42.729,0.9316,0.9317,1.95,1.00
2014.05.06 14:06:43.326,0.93162,0.9317,1.20,1.00
2014.05.06 14:06:43.949,0.93162,0.93171,1.20,1.00
2014.05.06 14:06:44.913,0.93163,0.93171,1.00,1.00
2014.05.06 14:06:45.326,0.93163,0.93171,1.95,1.00
2014.05.06 14:06:45.377,0.93163,0.93173,1.95,1.00
2014.05.06 14:06:50.143,0.93163,0.93169,1.38,1.10
2014.05.06 14:06:50.194,0.93161,0.93169,2.63,1.10
2014.05.06 14:06:50.296,0.93161,0.93171,1.88,1.10
2014.05.06 14:06:50.918,0.93164,0.93171,1.00,1.10
2014.05.06 14:06:52.885,0.93166,0.93171,1.00,1.10
2014.05.06 14:06:52.936,0.93166,0.93173,1.00,1.00
2014.05.06 14:06:55.973,0.93166,0.93171,1.00,1.10
2014.05.06 14:06:56.974,0.93165,0.93171,1.00,1.10
2014.05.06 14:06:59.331,0.93164,0.9317,1.00,1.73
2014.05.06 14:06:59.635,0.93159,0.93166,1.00,2.48
2014.05.06 14:06:59.989,0.93159,0.93167,1.00,1.73
2014.05.06 14:07:00.416,0.93159,0.93163,1.00,1.10
2014.05.06 14:07:00.568,0.93157,0.93163,1.00,1.10
2014.05.06 14:07:01.151,0.93156,0.93162,1.00,1.10
2014.05.06 14:07:01.406,0.93155,0.9316,1.50,1.10
2014.05.06 14:07:01.608,0.93155,0.93162,1.00,1.00
2014.05.06 14:07:01.710,0.93155,0.9316,1.00,1.10
2014.05.06 14:07:02.068,0.93155,0.93162,1.00,1.00
2014.05.06 14:07:02.169,0.93155,0.93159,1.00,1.10
2014.05.06 14:07:02.220,0.93153,0.93159,1.00,1.10
2014.05.06 14:07:02.271,0.93151,0.93157,1.00,1.10
2014.05.06 14:07:02.372,0.93151,0.93159,1.00,1.10
2014.05.06 14:07:02.423,0.93153,0.93159,1.00,1.10
2014.05.06 14:07:02.474,0.93153,0.93161,1.13,1.10
2014.05.06 14:07:02.978,0.93154,0.9316,1.00,1.10
2014.05.06 14:07:03.506,0.93154,0.93161,1.00,1.10
2014.05.06 14:07:03.761,0.9315,0.93161,1.00,1.48
2014.05.06 14:07:03.913,0.93152,0.93161,1.00,1.10
2014.05.06 14:07:04.216,0.93154,0.93161,1.00,1.10
2014.05.06 14:07:04.542,0.93151,0.93158,1.00,1.10
2014.05.06 14:07:05.115,0.93151,0.93157,1.00,1.00
2014.05.06 14:07:05.708,0.93152,0.93157,1.00,1.00
2014.05.06 14:07:06.153,0.93152,0.93161,1.00,1.20
2014.05.06 14:07:06.204,0.93154,0.93161,1.00,1.20
2014.05.06 14:07:07.629,0.93152,0.93161,2.25,1.10
2014.05.06 14:07:07.832,0.93155,0.93161,1.00,1.10
2014.05.06 14:07:08.341,0.93156,0.93162,1.00,1.00
2014.05.06 14:07:08.750,0.93154,0.93162,1.00,1.58
2014.05.06 14:07:08.970,0.93154,0.9316,1.00,1.10
2014.05.06 14:07:09.477,0.93154,0.93161,1.00,1.10
2014.05.06 14:07:09.779,0.93157,0.93162,1.00,1.10
2014.05.06 14:07:09.931,0.93157,0.93165,1.00,1.58
2014.05.06 14:07:09.982,0.93159,0.93165,1.00,1.58
2014.05.06 14:07:10.731,0.9316,0.93166,1.00,1.10
2014.05.06 14:07:11.211,0.93161,0.93168,1.00,1.10
2014.05.06 14:07:11.652,0.93163,0.93169,1.00,1.00
2014.05.06 14:07:12.210,0.93164,0.93169,1.00,1.00
2014.05.06 14:07:12.932,0.93164,0.93168,1.00,1.10
2014.05.06 14:07:13.631,0.93164,0.93169,1.00,1.00
2014.05.06 14:07:22.251,0.93159,0.93167,1.88,1.00
2014.05.06 14:07:22.302,0.93161,0.93167,1.00,1.00
2014.05.06 14:07:22.504,0.93159,0.93166,1.50,1.10
2014.05.06 14:07:22.656,0.93159,0.93164,1.00,1.10
2014.05.06 14:07:23.165,0.93158,0.93164,1.50,1.10
2014.05.06 14:07:23.792,0.93159,0.93164,1.00,1.10
2014.05.06 14:07:24.289,0.93161,0.93166,1.00,1.58
2014.05.06 14:07:24.592,0.93162,0.93168,1.00,1.10
2014.05.06 14:07:25.138,0.93163,0.93168,1.00,1.10
2014.05.06 14:07:25.295,0.93162,0.93166,1.00,1.10
2014.05.06 14:07:25.860,0.93163,0.93167,1.00,1.10
2014.05.06 14:07:27.130,0.9316,0.93167,1.00,1.10
2014.05.06 14:07:27.180,0.9316,0.93164,1.00,1.10
2014.05.06 14:07:27.688,0.93159,0.93164,1.00,1.10
2014.05.06 14:07:28.411,0.93159,0.93165,1.00,1.10
2014.05.06 14:07:29.370,0.9316,0.93165,1.00,1.10
2014.05.06 14:07:29.673,0.93162,0.93167,1.00,1.10
2014.05.06 14:07:30.196,0.93162,0.93168,1.00,1.10
2014.05.06 14:07:30.934,0.93163,0.93168,1.00,1.10
2014.05.06 14:07:31.264,0.93168,0.93177,2.58,1.00
2014.05.06 14:07:31.417,0.93175,0.93183,2.95,1.00
2014.05.06 14:07:31.468,0.93179,0.93183,1.00,1.00
2014.05.06 14:07:31.519,0.93179,0.93185,1.00,1.10
2014.05.06 14:07:31.721,0.93181,0.93186,1.20,1.58
2014.05.06 14:07:31.872,0.93182,0.93192,1.10,2.25
2014.05.06 14:07:31.974,0.93184,0.93192,1.00,1.50
2014.05.06 14:07:32.075,0.93182,0.93191,1.00,1.10
2014.05.06 14:07:32.277,0.93185,0.93192,1.00,1.50
2014.05.06 14:07:33.188,0.93183,0.93192,1.00,1.50
2014.05.06 14:07:34.190,0.93185,0.93192,1.00,1.00
2014.05.06 14:07:34.393,0.93183,0.93192,1.00,2.33
2014.05.06 14:07:34.909,0.93181,0.9319,1.00,1.10
2014.05.06 14:07:35.539,0.93181,0.93192,1.00,2.70
2014.05.06 14:07:35.640,0.93181,0.9319,1.00,1.10
2014.05.06 14:07:35.988,0.93181,0.93192,1.00,2.70
2014.05.06 14:07:36.401,0.93181,0.93189,1.00,1.10
2014.05.06 14:07:36.992,0.9318,0.9319,1.88,1.10
2014.05.06 14:07:37.396,0.9318,0.93184,1.00,1.00
2014.05.06 14:07:37.598,0.9318,0.93187,1.00,1.00
2014.05.06 14:07:38.130,0.9318,0.93188,1.50,1.10
2014.05.06 14:07:38.641,0.9318,0.93189,1.00,1.58
2014.05.06 14:07:38.804,0.9318,0.93187,1.88,1.00
2014.05.06 14:07:40.260,0.9318,0.93188,1.00,1.10
2014.05.06 14:07:42.026,0.93179,0.93188,1.00,1.10
2014.05.06 14:07:42.551,0.93179,0.93187,1.00,1.00
2014.05.06 14:07:43.669,0.93179,0.93186,1.00,1.10
2014.05.06 14:07:43.984,0.93179,0.93184,1.00,1.10
2014.05.06 14:07:44.035,0.93179,0.93187,1.00,1.58
2014.05.06 14:07:44.238,0.93177,0.93187,1.00,1.58
2014.05.06 14:07:44.389,0.93177,0.93182,1.00,1.00
2014.05.06 14:07:44.541,0.93173,0.93181,1.50,1.58
2014.05.06 14:07:44.642,0.93169,0.9318,5.18,1.13
2014.05.06 14:07:44.743,0.93169,0.93178,4.35,1.00
2014.05.06 14:07:46.257,0.93168,0.93178,1.00,1.13
2014.05.06 14:07:47.636,0.9317,0.93178,1.00,1.00
2014.05.06 14:07:48.733,0.9317,0.93177,1.00,1.10
2014.05.06 14:07:49.963,0.9317,0.93178,1.00,1.95
2014.05.06 14:07:51.978,0.9317,0.93179,1.00,1.10
2014.05.06 14:07:54.015,0.93172,0.93179,1.00,1.10
2014.05.06 14:07:55.152,0.93172,0.9318,1.00,1.50
2014.05.06 14:07:59.463,0.93172,0.93179,1.00,1.38
2014.05.06 14:07:59.564,0.9317,0.93179,1.00,1.38
2014.05.06 14:07:59.665,0.93168,0.93179,1.00,1.38
2014.05.06 14:08:00.668,0.93168,0.93179,2.33,1.58
2014.05.06 14:08:00.769,0.9317,0.93178,1.00,1.00
2014.05.06 14:08:00.870,0.93168,0.93178,1.58,1.00
2014.05.06 14:08:01.421,0.93168,0.93179,1.58,1.10
2014.05.06 14:08:01.981,0.93168,0.93178,1.00,1.58
2014.05.06 14:08:02.706,0.9317,0.93178,1.00,1.58
2014.05.06 14:08:03.230,0.9317,0.93179,1.00,1.10
2014.05.06 14:08:04.163,0.9317,0.9318,1.00,2.33
2014.05.06 14:08:17.770,0.9317,0.93179,1.00,1.10
2014.05.06 14:08:19.573,0.9317,0.93178,1.00,1.10
2014.05.06 14:08:19.877,0.93166,0.93175,1.00,1.95
2014.05.06 14:08:20.029,0.93163,0.93173,2.85,1.10
2014.05.06 14:08:20.606,0.93163,0.93172,2.85,1.10
2014.05.06 14:08:21.992,0.93163,0.93173,1.00,1.10
2014.05.06 14:08:22.061,0.93163,0.93173,1.38,1.10
2014.05.06 14:08:22.166,0.93165,0.93176,1.20,1.00
2014.05.06 14:08:22.217,0.93168,0.93176,1.10,1.00
2014.05.06 14:08:22.268,0.93168,0.93178,1.20,1.00
2014.05.06 14:08:22.773,0.93167,0.93177,3.23,1.10
2014.05.06 14:08:23.437,0.93167,0.93178,1.58,1.20
2014.05.06 14:08:25.043,0.93167,0.93177,1.00,1.10
2014.05.06 14:08:26.579,0.93167,0.93178,1.58,1.95
2014.05.06 14:08:27.220,0.93167,0.93178,1.95,1.58
2014.05.06 14:08:27.271,0.9317,0.93179,1.10,1.50
2014.05.06 14:08:27.574,0.9317,0.93181,1.10,2.70
2014.05.06 14:08:28.119,0.93171,0.93181,1.00,2.70
2014.05.06 14:08:28.630,0.93171,0.9318,1.00,1.20
2014.05.06 14:08:29.354,0.93169,0.9318,3.68,1.20
2014.05.06 14:08:30.584,0.9317,0.93181,1.10,2.70
2014.05.06 14:08:32.611,0.9317,0.93181,1.10,2.93
2014.05.06 14:08:32.661,0.93169,0.93179,2.85,1.10
2014.05.06 14:08:32.979,0.93169,0.93177,1.00,1.00
2014.05.06 14:08:33.513,0.93169,0.93179,1.00,1.58
2014.05.06 14:08:34.250,0.9317,0.9318,1.10,1.00
2014.05.06 14:08:35.573,0.93169,0.9318,4.43,1.80
2014.05.06 14:08:35.624,0.93169,0.93177,4.43,1.00
2014.05.06 14:08:35.776,0.93167,0.93176,1.00,1.10
2014.05.06 14:08:35.877,0.93167,0.93178,2.70,1.00
2014.05.06 14:08:35.978,0.93169,0.93179,1.50,1.58
2014.05.06 14:08:36.517,0.9317,0.93181,1.10,1.95
2014.05.06 14:08:37.032,0.9317,0.93181,1.10,1.95
2014.05.06 14:08:37.390,0.9317,0.93179,1.58,1.00
2014.05.06 14:08:37.693,0.93172,0.93181,1.00,1.10
2014.05.06 14:08:37.915,0.93172,0.93184,1.58,1.95
2014.05.06 14:08:38.428,0.93173,0.93183,1.00,1.20
2014.05.06 14:08:38.680,0.93171,0.9318,2.33,1.00
2014.05.06 14:08:38.832,0.93169,0.93179,2.85,1.10
2014.05.06 14:08:38.983,0.9317,0.93181,1.58,1.95
2014.05.06 14:08:39.336,0.9317,0.93179,1.50,1.10
2014.05.06 14:08:39.888,0.9317,0.9318,1.00,1.10
2014.05.06 14:08:40.740,0.9317,0.93181,2.70,1.58
2014.05.06 14:08:41.044,0.93176,0.93181,3.00,1.00
2014.05.06 14:08:41.246,0.93175,0.93185,1.00,1.58
2014.05.06 14:08:41.448,0.93176,0.93187,1.10,1.13
2014.05.06 14:08:41.815,0.93178,0.93187,1.00,1.00
2014.05.06 14:08:43.070,0.93178,0.93186,1.00,1.20
2014.05.06 14:08:43.373,0.93174,0.93183,1.00,1.88
2014.05.06 14:08:43.474,0.93172,0.93183,1.58,1.88
2014.05.06 14:08:43.980,0.93172,0.9318,1.00,1.13
2014.05.06 14:08:44.283,0.93172,0.93182,1.00,1.13
2014.05.06 14:08:44.850,0.93172,0.93181,1.00,1.10
2014.05.06 14:08:45.221,0.9317,0.93181,2.33,1.20
2014.05.06 14:08:45.373,0.9317,0.93178,1.00,1.10
2014.05.06 14:08:45.424,0.93168,0.93178,3.98,1.58
2014.05.06 14:08:45.676,0.93167,0.93177,1.00,2.70
2014.05.06 14:08:45.879,0.93163,0.93172,3.60,1.00
2014.05.06 14:08:45.929,0.93165,0.93172,1.10,1.00
2014.05.06 14:08:46.030,0.93163,0.93172,1.50,1.58
2014.05.06 14:08:47.129,0.93165,0.93172,1.10,1.00
2014.05.06 14:08:47.432,0.93163,0.93172,3.60,1.00
2014.05.06 14:08:48.480,0.93163,0.93169,1.00,1.10
2014.05.06 14:08:48.531,0.93161,0.93169,1.50,1.10
2014.05.06 14:08:48.837,0.93161,0.93167,1.00,1.00
2014.05.06 14:08:49.059,0.93161,0.93169,1.00,1.10
2014.05.06 14:08:49.160,0.93161,0.93172,1.38,1.58
2014.05.06 14:08:49.261,0.93163,0.93173,2.48,1.58
2014.05.06 14:08:49.571,0.93166,0.93176,2.85,1.10
2014.05.06 14:08:49.874,0.93168,0.93178,1.10,1.88
2014.05.06 14:08:50.210,0.93172,0.9318,1.10,1.00
2014.05.06 14:08:50.749,0.9317,0.93181,1.20,1.50
2014.05.06 14:08:51.629,0.93169,0.9318,1.38,1.10
2014.05.06 14:08:51.780,0.93169,0.93177,1.00,1.20
2014.05.06 14:08:51.932,0.93167,0.93177,1.50,2.70
2014.05.06 14:08:52.034,0.93165,0.93175,1.00,1.10
2014.05.06 14:08:52.185,0.93167,0.93176,1.10,1.13
2014.05.06 14:08:52.337,0.93165,0.93175,1.13,1.10
2014.05.06 14:08:52.869,0.93165,0.93174,1.00,1.10
2014.05.06 14:08:53.390,0.93165,0.93175,1.00,1.20
2014.05.06 14:08:54.391,0.93165,0.93173,1.00,1.10
2014.05.06 14:08:54.954,0.93164,0.93173,2.10,1.10
2014.05.06 14:08:55.459,0.93163,0.93173,1.50,1.10
2014.05.06 14:08:57.819,0.93163,0.93174,1.13,1.58
2014.05.06 14:08:58.482,0.93164,0.93174,2.10,1.10
2014.05.06 14:09:00.666,0.93164,0.93172,2.85,1.10
2014.05.06 14:09:01.306,0.93165,0.93172,1.00,1.10
2014.05.06 14:09:01.407,0.93163,0.93172,2.10,1.10
2014.05.06 14:09:01.559,0.93164,0.93175,1.00,1.95
2014.05.06 14:09:02.108,0.93164,0.93174,1.00,1.10
2014.05.06 14:09:02.658,0.93164,0.93173,1.00,1.10
2014.05.06 14:09:02.759,0.93165,0.93176,1.10,1.88
2014.05.06 14:09:03.284,0.93166,0.93172,1.00,1.00
2014.05.06 14:09:03.799,0.9316,0.93171,4.80,1.10
2014.05.06 14:09:04.389,0.9316,0.93172,4.80,2.33
2014.05.06 14:09:04.591,0.93163,0.93172,1.00,2.33
2014.05.06 14:09:06.834,0.93163,0.93174,3.98,1.58
2014.05.06 14:09:07.138,0.93163,0.93172,3.98,1.10
2014.05.06 14:09:08.826,0.93163,0.9317,1.50,1.10
2014.05.06 14:09:08.927,0.9316,0.93169,1.50,1.10
2014.05.06 14:09:09.230,0.93161,0.93171,1.00,2.33
2014.05.06 14:09:09.382,0.93161,0.93169,1.00,1.10
2014.05.06 14:09:09.983,0.93161,0.9317,1.00,1.10
2014.05.06 14:09:10.418,0.93159,0.9317,3.68,1.95
2014.05.06 14:09:10.570,0.93159,0.93166,1.00,1.10
2014.05.06 14:09:10.822,0.93157,0.93167,2.85,1.48
2014.05.06 14:09:11.135,0.93158,0.93168,1.10,1.13
2014.05.06 14:09:11.661,0.93159,0.93169,2.85,1.58
2014.05.06 14:09:12.079,0.93159,0.93169,1.58,1.38
2014.05.06 14:09:12.382,0.93155,0.93163,1.00,1.10
2014.05.06 14:09:12.785,0.93155,0.93165,1.00,1.20
2014.05.06 14:09:12.887,0.93155,0.93163,1.00,1.10
2014.05.06 14:09:13.139,0.93155,0.93165,1.88,1.58
2014.05.06 14:09:13.190,0.93157,0.93165,1.00,1.58
2014.05.06 14:09:13.342,0.93157,0.93167,3.60,1.20
2014.05.06 14:09:13.544,0.93157,0.93164,1.00,1.10
2014.05.06 14:09:14.363,0.93158,0.93164,1.00,1.10
2014.05.06 14:09:14.413,0.93159,0.93168,1.00,1.38
2014.05.06 14:09:14.565,0.93159,0.93169,1.88,1.10
2014.05.06 14:09:14.725,0.93161,0.9317,1.00,1.58
2014.05.06 14:09:15.028,0.93163,0.9317,1.00,1.10
2014.05.06 14:09:15.179,0.93163,0.93173,1.20,1.00
2014.05.06 14:09:15.230,0.93163,0.93175,1.20,2.63
2014.05.06 14:09:15.381,0.93165,0.93175,1.00,1.88
2014.05.06 14:09:15.698,0.93167,0.93175,1.00,1.13
2014.05.06 14:09:15.960,0.93167,0.93177,1.95,1.00
2014.05.06 14:09:16.620,0.93168,0.93177,1.10,3.98
2014.05.06 14:09:17.707,0.93167,0.93177,1.00,4.80
2014.05.06 14:09:18.713,0.93167,0.93177,1.00,4.80
2014.05.06 14:09:19.366,0.93168,0.93177,1.10,3.23
2014.05.06 14:09:19.915,0.93167,0.93177,1.10,1.13
2014.05.06 14:09:20.457,0.93166,0.93177,1.58,1.95
2014.05.06 14:09:20.627,0.93168,0.93177,1.00,1.58
2014.05.06 14:09:20.728,0.93168,0.9318,1.95,3.45
2014.05.06 14:09:20.830,0.93168,0.93177,1.20,1.50
2014.05.06 14:09:20.981,0.93165,0.93177,3.08,2.70
2014.05.06 14:09:21.767,0.93167,0.93176,1.00,1.95
2014.05.06 14:09:22.070,0.93162,0.93171,1.50,1.10
2014.05.06 14:09:22.122,0.93162,0.93173,2.33,1.13
2014.05.06 14:09:22.425,0.93164,0.93174,1.00,1.88
2014.05.06 14:09:23.898,0.93168,0.93174,1.58,1.50
2014.05.06 14:09:24.203,0.93163,0.93175,4.43,1.95
2014.05.06 14:09:24.839,0.93163,0.93175,2.70,1.95
2014.05.06 14:09:24.991,0.93166,0.93176,1.10,1.38
2014.05.06 14:09:25.534,0.93167,0.93176,1.10,1.38
2014.05.06 14:09:26.068,0.93166,0.93176,1.00,1.00
2014.05.06 14:09:27.025,0.93165,0.93176,1.10,1.38
2014.05.06 14:09:27.705,0.93164,0.93175,1.00,1.95
2014.05.06 14:09:28.890,0.93166,0.93175,1.00,1.38
2014.05.06 14:09:32.041,0.93166,0.93175,1.00,1.95
2014.05.06 14:09:32.357,0.93166,0.93172,1.00,1.00
2014.05.06 14:09:32.408,0.93163,0.93172,2.70,1.00
2014.05.06 14:09:33.144,0.93163,0.93173,1.50,1.95
2014.05.06 14:09:36.036,0.93163,0.93173,1.00,1.38
2014.05.06 14:09:36.238,0.93161,0.93172,1.00,1.95
2014.05.06 14:09:36.288,0.93159,0.93169,1.00,1.38
2014.05.06 14:09:36.591,0.93158,0.93166,2.10,1.10
2014.05.06 14:09:37.096,0.93157,0.93168,1.58,2.70
2014.05.06 14:09:37.764,0.93156,0.93167,1.10,1.95
2014.05.06 14:09:38.297,0.93158,0.93168,1.10,3.98
2014.05.06 14:09:38.849,0.93157,0.93167,1.10,1.13
2014.05.06 14:09:39.355,0.93156,0.93167,1.10,1.20
2014.05.06 14:09:40.287,0.93157,0.93167,1.10,1.13
2014.05.06 14:09:40.697,0.93155,0.93166,2.70,1.10
2014.05.06 14:09:42.136,0.93157,0.93167,1.10,1.50
2014.05.06 14:09:42.439,0.93159,0.93169,1.10,1.50
2014.05.06 14:09:42.741,0.93158,0.93167,1.58,1.00
2014.05.06 14:09:44.669,0.93158,0.93166,1.00,1.10
2014.05.06 14:09:44.972,0.93158,0.93162,1.00,1.00
2014.05.06 14:09:45.073,0.93158,0.93164,1.00,1.10
2014.05.06 14:09:45.276,0.93158,0.93162,1.00,1.00
2014.05.06 14:09:45.378,0.93158,0.93165,1.00,1.10
2014.05.06 14:09:45.479,0.93158,0.93167,1.00,1.00
2014.05.06 14:09:46.023,0.93157,0.93166,1.13,1.10
2014.05.06 14:09:46.740,0.93157,0.93166,1.38,1.10
2014.05.06 14:09:46.841,0.93157,0.93168,2.70,1.10
2014.05.06 14:09:47.282,0.9316,0.93167,1.00,1.10
2014.05.06 14:09:47.333,0.93161,0.9317,1.10,1.38
2014.05.06 14:09:47.384,0.93165,0.9317,1.50,1.38
2014.05.06 14:09:47.435,0.93168,0.93172,1.35,2.10
2014.05.06 14:09:47.485,0.93168,0.93172,1.35,2.10
2014.05.06 14:09:47.805,0.93172,0.93178,1.13,1.43
2014.05.06 14:09:47.957,0.93172,0.93178,1.88,3.53
2014.05.06 14:09:48.161,0.93172,0.93181,1.13,1.10
2014.05.06 14:09:48.756,0.93172,0.93177,1.00,1.10
2014.05.06 14:09:49.060,0.93167,0.93174,1.00,3.23
2014.05.06 14:09:49.465,0.93164,0.93169,1.00,2.10
2014.05.06 14:09:49.516,0.93163,0.93169,4.00,2.10
2014.05.06 14:09:49.568,0.93163,0.93167,1.50,1.00
2014.05.06 14:09:49.669,0.93157,0.93168,1.00,1.00
2014.05.06 14:09:49.720,0.93157,0.93166,1.00,1.00
2014.05.06 14:09:50.277,0.93156,0.93168,1.88,1.00
2014.05.06 14:09:50.429,0.93156,0.93166,1.88,1.10
2014.05.06 14:09:51.248,0.93158,0.93166,1.00,1.10
2014.05.06 14:09:51.770,0.93157,0.93165,1.00,1.10
2014.05.06 14:09:52.073,0.93154,0.93162,1.00,1.58
2014.05.06 14:09:52.592,0.93153,0.93162,1.50,1.00
2014.05.06 14:09:52.895,0.93156,0.93162,1.00,1.10
2014.05.06 14:09:52.946,0.93156,0.93164,1.00,1.10
2014.05.06 14:09:56.985,0.93154,0.93164,1.88,1.58
2014.05.06 14:09:57.197,0.93154,0.93162,1.50,1.00
2014.05.06 14:09:57.839,0.93154,0.93163,1.50,1.00
2014.05.06 14:09:58.481,0.93154,0.93164,1.00,1.10
2014.05.06 14:09:58.814,0.93153,0.93162,1.13,1.58
2014.05.06 14:09:59.932,0.93153,0.93164,1.88,1.58
2014.05.06 14:10:00.134,0.93154,0.93166,1.95,1.95
2014.05.06 14:10:00.185,0.93154,0.93162,1.95,1.00
2014.05.06 14:10:00.488,0.93157,0.93162,1.10,1.00
2014.05.06 14:10:00.997,0.93156,0.93162,1.00,1.00
2014.05.06 14:10:01.301,0.93156,0.9316,1.00,1.00
2014.05.06 14:10:01.351,0.93154,0.9316,2.33,1.00
2014.05.06 14:10:01.853,0.93153,0.9316,2.48,1.00
2014.05.06 14:10:02.768,0.93155,0.9316,1.20,1.00
2014.05.06 14:10:03.424,0.93155,0.93159,1.00,1.00
2014.05.06 14:10:04.349,0.93153,0.93159,2.10,1.00
2014.05.06 14:10:04.400,0.93152,0.93157,1.00,1.00
2014.05.06 14:10:04.552,0.93151,0.93157,1.13,1.00
2014.05.06 14:10:05.000,0.93153,0.93158,1.00,1.00
2014.05.06 14:10:05.202,0.9315,0.93158,1.88,1.00
2014.05.06 14:10:05.404,0.93148,0.93153,1.50,1.00
2014.05.06 14:10:05.454,0.93148,0.93153,1.50,1.00
2014.05.06 14:10:05.997,0.93146,0.93153,1.50,1.00
2014.05.06 14:10:06.430,0.93145,0.93151,1.00,1.00
2014.05.06 14:10:06.965,0.93144,0.93151,1.13,1.00
2014.05.06 14:10:07.607,0.93144,0.9315,1.13,1.00
2014.05.06 14:10:08.149,0.93143,0.93149,1.73,1.00
2014.05.06 14:10:08.486,0.93143,0.93147,1.00,1.00
2014.05.06 14:10:08.744,0.93143,0.9315,1.00,1.00
2014.05.06 14:10:08.946,0.93142,0.93148,1.50,1.00
2014.05.06 14:10:09.617,0.93143,0.93148,1.00,1.00
2014.05.06 14:10:10.782,0.93142,0.93148,1.00,1.00
2014.05.06 14:10:11.368,0.93143,0.93148,1.00,1.00
2014.05.06 14:10:11.627,0.93142,0.93153,1.00,1.95
2014.05.06 14:10:11.678,0.93142,0.93149,1.00,1.00
2014.05.06 14:10:12.192,0.93143,0.93148,1.00,1.00
2014.05.06 14:10:12.598,0.93145,0.93149,1.35,1.00
2014.05.06 14:10:12.649,0.93148,0.93153,1.00,1.10
2014.05.06 14:10:12.901,0.93146,0.93154,1.00,1.00
2014.05.06 14:10:12.952,0.93146,0.93151,1.00,1.50
2014.05.06 14:10:13.053,0.93144,0.9315,1.00,1.00
2014.05.06 14:10:13.305,0.93145,0.9315,1.10,1.00
2014.05.06 14:10:13.659,0.93143,0.93148,1.50,1.00
2014.05.06 14:10:13.760,0.93143,0.93151,2.70,1.00
2014.05.06 14:10:14.219,0.93148,0.93152,1.00,1.58
2014.05.06 14:10:14.602,0.93144,0.9315,1.13,1.00
2014.05.06 14:10:14.728,0.93144,0.93149,1.00,1.00
2014.05.06 14:10:15.676,0.93144,0.93152,1.00,1.58
2014.05.06 14:10:15.778,0.93144,0.93149,1.00,1.00
2014.05.06 14:10:16.145,0.93143,0.93148,1.00,1.00
2014.05.06 14:10:16.247,0.93138,0.93142,1.13,1.00
2014.05.06 14:10:16.348,0.93138,0.93142,1.00,1.00
2014.05.06 14:10:16.450,0.93131,0.93138,2.10,1.00
2014.05.06 14:10:16.652,0.93128,0.93133,1.00,1.50
2014.05.06 14:10:16.753,0.93125,0.93131,1.00,1.00
2014.05.06 14:10:17.157,0.93124,0.93133,1.50,1.00
2014.05.06 14:10:17.308,0.93126,0.93134,1.13,1.00
2014.05.06 14:10:17.611,0.93129,0.93138,1.38,1.00
2014.05.06 14:10:18.158,0.93133,0.93138,1.00,1.00
2014.05.06 14:10:21.003,0.93133,0.93137,1.13,1.10
2014.05.06 14:10:21.363,0.93133,0.93141,1.88,1.00
2014.05.06 14:10:21.580,0.93133,0.9314,1.88,1.00
2014.05.06 14:10:21.972,0.93133,0.93142,1.88,1.10
2014.05.06 14:10:22.023,0.93138,0.93143,1.00,1.00
2014.05.06 14:10:22.132,0.93133,0.93143,1.38,1.58
2014.05.06 14:10:22.182,0.93133,0.93141,1.38,1.00
2014.05.06 14:10:22.711,0.93133,0.9314,1.38,1.00
2014.05.06 14:10:25.327,0.93133,0.93139,1.00,1.10
2014.05.06 14:10:25.579,0.93132,0.93138,2.48,1.10
2014.05.06 14:10:25.731,0.93131,0.93136,1.00,1.10
2014.05.06 14:10:25.782,0.9313,0.93136,3.23,1.58
2014.05.06 14:10:25.934,0.93128,0.93133,1.38,1.00
2014.05.06 14:10:26.550,0.93126,0.93135,1.38,1.58
2014.05.06 14:10:27.196,0.93126,0.93135,1.38,1.10
2014.05.06 14:10:27.298,0.93126,0.93131,1.00,1.10
2014.05.06 14:10:27.506,0.93126,0.93132,1.38,1.10
2014.05.06 14:10:28.246,0.93126,0.93133,1.38,1.10
2014.05.06 14:10:28.577,0.93126,0.93133,1.13,1.10
2014.05.06 14:10:28.678,0.93126,0.93134,1.38,1.10
2014.05.06 14:10:28.903,0.93126,0.93134,1.00,1.10
2014.05.06 14:10:29.726,0.93129,0.93135,1.00,1.10
2014.05.06 14:10:29.828,0.93129,0.93137,1.00,1.10
2014.05.06 14:10:29.929,0.93129,0.9314,1.95,1.10
2014.05.06 14:10:32.713,0.93132,0.9314,1.00,1.10
2014.05.06 14:10:32.845,0.9313,0.9314,1.00,1.10
2014.05.06 14:10:33.354,0.93129,0.9314,1.10,1.43
2014.05.06 14:10:33.678,0.93131,0.93142,2.93,1.50
2014.05.06 14:10:33.981,0.93135,0.93144,1.10,1.00
2014.05.06 14:10:34.325,0.93138,0.93147,1.10,2.25
2014.05.06 14:10:34.527,0.93136,0.93146,1.50,1.58
2014.05.06 14:10:34.628,0.93135,0.93142,2.10,1.58
2014.05.06 14:10:34.932,0.93131,0.93142,1.50,1.58
2014.05.06 14:10:34.983,0.93133,0.93142,1.00,1.10
2014.05.06 14:10:35.084,0.93131,0.93142,1.50,1.58
2014.05.06 14:10:35.286,0.93131,0.93137,1.00,1.00
2014.05.06 14:10:35.388,0.93131,0.93141,1.00,1.10
2014.05.06 14:10:35.890,0.93131,0.93142,1.00,2.33
2014.05.06 14:10:36.653,0.93131,0.93141,1.00,1.10
2014.05.06 14:10:37.238,0.93133,0.93143,1.00,3.45
2014.05.06 14:10:37.561,0.93131,0.93139,1.00,1.10
2014.05.06 14:10:37.662,0.93128,0.93138,1.50,1.10
2014.05.06 14:10:38.167,0.93129,0.93137,1.00,1.50
2014.05.06 14:10:38.529,0.93127,0.93136,1.13,1.10
2014.05.06 14:10:39.678,0.93129,0.93136,1.13,1.10
2014.05.06 14:10:39.981,0.93133,0.93137,1.00,1.00
2014.05.06 14:10:40.031,0.93133,0.93143,1.50,1.10
2014.05.06 14:10:40.133,0.93133,0.93143,2.63,1.10
2014.05.06 14:10:40.183,0.93135,0.93146,1.20,1.58
2014.05.06 14:10:40.777,0.93138,0.93146,1.00,1.10
2014.05.06 14:10:41.118,0.93135,0.93146,1.95,1.10
2014.05.06 14:10:41.435,0.93138,0.93146,1.00,1.10
2014.05.06 14:10:41.961,0.93138,0.93145,1.00,1.20
2014.05.06 14:10:42.387,0.93135,0.93145,1.00,1.20
2014.05.06 14:10:42.736,0.93138,0.93145,1.00,1.10
2014.05.06 14:10:42.837,0.93138,0.93147,1.50,1.13
2014.05.06 14:10:42.938,0.9314,0.93149,1.10,1.38
2014.05.06 14:10:43.191,0.9314,0.9315,1.00,1.95
2014.05.06 14:10:43.241,0.93142,0.9315,1.10,1.13
2014.05.06 14:10:43.393,0.93143,0.93154,1.00,1.95
2014.05.06 14:10:44.188,0.93143,0.93152,1.00,1.48
2014.05.06 14:10:44.657,0.93142,0.93149,1.00,1.10
2014.05.06 14:10:44.708,0.9314,0.93149,1.50,1.10
2014.05.06 14:10:44.910,0.93143,0.93151,1.10,1.38
2014.05.06 14:10:45.062,0.93144,0.93153,1.00,1.88
2014.05.06 14:10:45.213,0.93149,0.93153,1.10,1.00
2014.05.06 14:10:45.264,0.93149,0.93155,1.10,1.00
2014.05.06 14:10:45.365,0.9315,0.93157,1.50,1.00
2014.05.06 14:10:45.467,0.9315,0.93155,1.00,1.10
2014.05.06 14:10:45.568,0.93148,0.93157,1.88,1.58
2014.05.06 14:10:46.022,0.93151,0.93158,1.00,1.10
2014.05.06 14:10:46.368,0.93147,0.93151,1.00,1.10
2014.05.06 14:10:46.419,0.93146,0.93151,1.00,1.10
2014.05.06 14:10:46.472,0.93144,0.93151,1.00,1.10
2014.05.06 14:10:46.573,0.93142,0.93151,1.00,1.58
2014.05.06 14:10:46.674,0.93144,0.9315,1.00,1.10
2014.05.06 14:10:46.977,0.9314,0.93144,1.00,1.10
2014.05.06 14:10:47.129,0.93136,0.93143,1.35,1.10
2014.05.06 14:10:47.776,0.93136,0.93144,1.00,1.10
2014.05.06 14:10:48.229,0.93136,0.93141,1.00,1.10
2014.05.06 14:10:48.856,0.93136,0.93142,1.00,1.10
2014.05.06 14:10:49.407,0.93136,0.93143,1.00,1.10
2014.05.06 14:10:49.559,0.93133,0.93141,1.00,1.10
2014.05.06 14:10:51.166,0.93133,0.93143,1.00,1.10
2014.05.06 14:10:52.066,0.93132,0.93143,2.33,1.10
2014.05.06 14:10:52.167,0.93132,0.93141,1.50,1.10
2014.05.06 14:10:52.695,0.93132,0.93142,1.00,1.10
2014.05.06 14:10:52.998,0.93136,0.93143,1.00,1.10
2014.05.06 14:10:53.048,0.93136,0.93146,1.00,1.10
2014.05.06 14:10:53.099,0.93139,0.93146,1.00,1.10
2014.05.06 14:10:53.608,0.93139,0.93147,1.00,1.10
2014.05.06 14:10:54.146,0.93139,0.93143,1.00,1.10
2014.05.06 14:10:54.197,0.93137,0.93143,1.00,1.10
2014.05.06 14:10:54.399,0.93131,0.93142,1.58,1.10
2014.05.06 14:10:54.501,0.93134,0.93142,1.00,1.10
2014.05.06 14:10:55.177,0.93133,0.93143,1.00,1.58
2014.05.06 14:10:55.480,0.93136,0.93145,1.00,1.00
2014.05.06 14:10:55.596,0.93136,0.93147,1.00,2.70
2014.05.06 14:10:55.699,0.93136,0.93142,1.00,1.10
2014.05.06 14:10:55.820,0.93133,0.93142,1.00,1.10
2014.05.06 14:10:56.343,0.93133,0.93141,1.00,1.10
2014.05.06 14:10:56.393,0.93135,0.93141,1.00,1.10
2014.05.06 14:10:56.997,0.93135,0.93142,1.00,1.10
2014.05.06 14:10:57.050,0.93133,0.93142,1.00,1.20
2014.05.06 14:10:57.591,0.93135,0.93142,1.00,1.00
2014.05.06 14:10:58.004,0.93135,0.93145,1.00,1.10
2014.05.06 14:10:58.155,0.93135,0.93143,1.00,1.10
2014.05.06 14:10:58.256,0.93135,0.93145,1.00,1.10
2014.05.06 14:10:58.559,0.93137,0.93147,1.10,1.00
2014.05.06 14:10:59.867,0.93137,0.93146,1.50,1.10
2014.05.06 14:11:00.757,0.93138,0.93148,1.00,1.10
2014.05.06 14:11:01.313,0.93138,0.93147,1.00,1.10
2014.05.06 14:11:01.955,0.93137,0.93147,1.50,1.10
2014.05.06 14:11:02.056,0.93138,0.93145,1.00,1.00
2014.05.06 14:11:02.577,0.93138,0.93146,1.00,1.00
2014.05.06 14:11:03.104,0.93137,0.93147,1.00,1.10
2014.05.06 14:11:03.629,0.93137,0.93145,1.00,1.10
2014.05.06 14:11:03.983,0.93135,0.93142,3.60,1.10
2014.05.06 14:11:05.487,0.93135,0.93141,1.00,1.10
2014.05.06 14:11:05.538,0.93133,0.93141,2.25,1.10
2014.05.06 14:11:07.499,0.93133,0.9314,2.25,1.10
2014.05.06 14:11:07.702,0.93134,0.93142,1.00,1.10
2014.05.06 14:11:08.056,0.93138,0.93142,1.00,1.10
2014.05.06 14:11:08.140,0.93135,0.93142,1.00,1.10
2014.05.06 14:11:09.156,0.93135,0.93141,1.00,1.10
2014.05.06 14:11:09.683,0.93135,0.93143,1.00,1.10
2014.05.06 14:11:10.887,0.93138,0.93146,1.00,1.10
2014.05.06 14:11:11.479,0.93138,0.93145,1.00,1.10
2014.05.06 14:11:11.580,0.93136,0.93145,1.00,1.10
2014.05.06 14:11:12.129,0.93135,0.93144,1.00,1.10
2014.05.06 14:11:12.459,0.93135,0.93142,1.00,1.00
2014.05.06 14:11:12.610,0.93133,0.93143,2.25,1.10
2014.05.06 14:11:13.081,0.93134,0.93146,1.10,1.95
2014.05.06 14:11:13.233,0.93138,0.93147,1.00,1.95
2014.05.06 14:11:13.336,0.93136,0.93146,2.10,1.10
2014.05.06 14:11:13.740,0.93138,0.93145,1.10,1.00
2014.05.06 14:11:13.841,0.93138,0.93147,1.58,1.00
2014.05.06 14:11:13.993,0.93138,0.93145,1.00,1.10
2014.05.06 14:11:14.773,0.93137,0.93145,1.00,1.58
2014.05.06 14:11:15.300,0.93138,0.93145,1.00,1.00
2014.05.06 14:11:15.646,0.93138,0.93148,1.58,2.25
2014.05.06 14:11:15.797,0.93141,0.93148,1.00,1.00
2014.05.06 14:11:16.269,0.93143,0.93149,1.00,1.50
2014.05.06 14:11:17.414,0.93143,0.93148,1.00,1.10
2014.05.06 14:11:17.466,0.93141,0.93148,1.00,1.10
2014.05.06 14:11:18.025,0.93141,0.93149,1.00,1.58
2014.05.06 14:11:18.227,0.93143,0.93149,1.00,1.00
2014.05.06 14:11:18.329,0.93143,0.93152,1.00,1.95
2014.05.06 14:11:18.430,0.93141,0.9315,1.00,1.10
2014.05.06 14:11:18.683,0.93143,0.93151,1.00,1.20
2014.05.06 14:11:19.105,0.93141,0.9315,1.00,1.10
2014.05.06 14:11:19.906,0.93141,0.93152,1.00,2.70
2014.05.06 14:11:20.124,0.93143,0.93151,1.00,1.48
2014.05.06 14:11:20.327,0.93138,0.93148,1.50,1.58
2014.05.06 14:11:20.746,0.9314,0.9315,1.00,1.58
2014.05.06 14:11:21.060,0.93143,0.93151,1.00,1.38
2014.05.06 14:11:21.572,0.93143,0.93151,1.00,1.38
2014.05.06 14:11:21.987,0.9314,0.93148,1.00,1.00
2014.05.06 14:11:22.038,0.9314,0.93148,1.00,1.95
2014.05.06 14:11:22.089,0.93138,0.93148,2.25,1.95
2014.05.06 14:11:22.392,0.9314,0.93148,1.00,1.00
2014.05.06 14:11:22.722,0.9314,0.93148,1.00,1.38
2014.05.06 14:11:22.773,0.9314,0.93148,1.00,1.95
2014.05.06 14:11:22.824,0.93138,0.93148,1.00,4.05
2014.05.06 14:11:23.374,0.93138,0.93147,1.00,1.10
2014.05.06 14:11:23.576,0.93137,0.93147,1.00,1.48
2014.05.06 14:11:23.728,0.93138,0.93148,1.00,1.95
2014.05.06 14:11:24.265,0.93138,0.93148,1.00,2.70
2014.05.06 14:11:24.315,0.93143,0.93148,1.00,2.33
2014.05.06 14:11:24.366,0.93143,0.93148,1.00,1.88
2014.05.06 14:11:24.976,0.9314,0.93149,1.00,1.48
2014.05.06 14:11:25.178,0.93143,0.9315,1.00,1.38
2014.05.06 14:11:26.586,0.9314,0.9315,1.58,1.38
2014.05.06 14:11:28.896,0.93143,0.93151,1.00,1.38
2014.05.06 14:11:29.337,0.9314,0.93151,1.58,1.38
2014.05.06 14:11:29.656,0.9314,0.9315,1.58,1.13
2014.05.06 14:11:30.059,0.9314,0.93148,1.50,1.00
2014.05.06 14:11:30.312,0.93138,0.93148,1.35,1.20
2014.05.06 14:11:30.413,0.93143,0.93149,1.10,1.38
2014.05.06 14:11:30.514,0.93141,0.9315,1.10,1.88
2014.05.06 14:11:30.737,0.93139,0.9315,1.00,1.95
2014.05.06 14:11:31.040,0.93139,0.93149,1.00,1.48
2014.05.06 14:11:31.548,0.93139,0.93151,1.58,1.95
2014.05.06 14:11:32.192,0.9314,0.93151,1.10,1.38
2014.05.06 14:11:33.001,0.93141,0.9315,1.00,1.48
2014.05.06 14:11:33.885,0.93141,0.93152,1.00,3.45
2014.05.06 14:11:33.936,0.93143,0.93152,1.10,2.63
2014.05.06 14:11:34.700,0.93144,0.93153,1.10,1.38
2014.05.06 14:11:35.035,0.93143,0.93154,1.58,1.48
2014.05.06 14:11:35.288,0.93144,0.93155,2.33,1.20
2014.05.06 14:11:35.339,0.93146,0.93156,1.10,2.48
2014.05.06 14:11:35.900,0.93147,0.93156,1.10,2.48
2014.05.06 14:11:36.453,0.93146,0.93156,1.10,2.48
2014.05.06 14:11:36.963,0.93146,0.93156,1.10,2.48
2014.05.06 14:11:37.165,0.93141,0.93152,1.58,2.48
2014.05.06 14:11:37.317,0.93141,0.9315,1.00,1.10
2014.05.06 14:11:37.469,0.93142,0.93152,1.10,1.13
2014.05.06 14:11:38.004,0.93143,0.93153,1.10,1.38
2014.05.06 14:11:38.328,0.93145,0.93153,1.00,1.00
2014.05.06 14:11:38.837,0.93145,0.93154,1.00,2.93
2014.05.06 14:11:40.541,0.93145,0.93152,1.00,1.00
2014.05.06 14:11:43.507,0.93145,0.93153,1.00,1.10
2014.05.06 14:11:43.918,0.93148,0.93154,1.00,1.00
2014.05.06 14:11:44.327,0.93143,0.93154,1.58,3.45
2014.05.06 14:11:44.378,0.93143,0.93151,1.58,1.00
2014.05.06 14:11:44.479,0.93141,0.9315,1.00,1.13
2014.05.06 14:11:44.682,0.93143,0.9315,1.00,1.58
2014.05.06 14:11:45.419,0.93143,0.93152,1.50,1.00
2014.05.06 14:11:45.944,0.93144,0.93152,1.10,1.00
2014.05.06 14:11:46.045,0.93144,0.93154,1.48,1.00
2014.05.06 14:11:46.146,0.93147,0.93154,1.48,1.00
2014.05.06 14:11:46.298,0.9315,0.93159,1.13,1.00
2014.05.06 14:11:46.500,0.93152,0.93162,1.10,1.00
2014.05.06 14:11:47.146,0.93153,0.93163,1.00,1.00
2014.05.06 14:11:48.147,0.93154,0.93163,1.20,1.00
2014.05.06 14:11:48.248,0.93154,0.93165,1.20,1.50
2014.05.06 14:11:48.349,0.93157,0.93166,1.10,1.00
2014.05.06 14:11:48.855,0.93155,0.93166,1.95,1.00
2014.05.06 14:11:49.108,0.93158,0.93169,2.33,1.95
2014.05.06 14:11:49.975,0.93157,0.93167,1.88,1.10
2014.05.06 14:11:50.718,0.93158,0.93167,1.00,1.10
2014.05.06 14:11:51.021,0.93166,0.93175,1.13,1.00
2014.05.06 14:11:51.706,0.93167,0.93176,3.23,1.10
2014.05.06 14:11:52.216,0.93168,0.93179,1.13,1.58
2014.05.06 14:11:52.368,0.9317,0.93179,1.00,1.10
2014.05.06 14:11:52.872,0.9317,0.93178,2.85,1.20
2014.05.06 14:11:52.923,0.93168,0.93178,3.23,1.10
2014.05.06 14:11:53.125,0.93171,0.9318,1.00,1.13
2014.05.06 14:11:53.748,0.9317,0.9318,1.13,1.00
2014.05.06 14:11:55.547,0.9317,0.9318,1.00,1.88
2014.05.06 14:11:55.850,0.93168,0.93175,1.00,1.10
2014.05.06 14:11:55.902,0.93166,0.93175,1.13,1.10
2014.05.06 14:11:56.406,0.93165,0.93175,1.88,1.10
2014.05.06 14:11:57.142,0.93165,0.93174,1.00,1.10
2014.05.06 14:11:57.653,0.93165,0.93175,1.88,1.10
2014.05.06 14:11:57.806,0.93165,0.93177,2.70,1.95
2014.05.06 14:11:57.908,0.93165,0.93172,2.70,1.00
2014.05.06 14:11:58.155,0.93165,0.93177,2.70,1.58
2014.05.06 14:11:58.690,0.93167,0.93177,1.13,1.00
2014.05.06 14:11:59.382,0.93167,0.93177,1.88,1.00
2014.05.06 14:12:00.068,0.93168,0.93177,1.88,1.00
2014.05.06 14:12:00.456,0.93169,0.93179,3.23,1.10
2014.05.06 14:12:00.797,0.9317,0.93181,1.95,1.10
2014.05.06 14:12:01.251,0.9317,0.93178,1.00,1.10
2014.05.06 14:12:01.504,0.93168,0.93179,2.33,1.13
2014.05.06 14:12:02.030,0.93168,0.93178,1.50,1.10
2014.05.06 14:12:02.232,0.93168,0.93176,1.00,1.10
2014.05.06 14:12:05.175,0.93168,0.93177,1.00,1.00
2014.05.06 14:12:05.678,0.93169,0.93178,2.10,1.10
2014.05.06 14:12:06.276,0.93168,0.93176,1.00,1.10
2014.05.06 14:12:08.521,0.93168,0.93178,1.00,1.95
2014.05.06 14:12:09.136,0.93171,0.9318,1.10,1.13
2014.05.06 14:12:09.794,0.93173,0.9318,1.10,1.13
2014.05.06 14:12:09.947,0.93171,0.9318,1.10,1.00
2014.05.06 14:12:10.792,0.93171,0.93179,1.10,1.00
2014.05.06 14:12:10.944,0.93169,0.93179,1.13,1.00
2014.05.06 14:12:11.146,0.93171,0.93179,1.10,1.00
2014.05.06 14:12:11.945,0.93171,0.93177,1.10,1.00
2014.05.06 14:12:12.433,0.93172,0.93181,1.10,1.50
2014.05.06 14:12:12.484,0.93174,0.93181,1.10,1.00
2014.05.06 14:12:12.736,0.93176,0.93185,1.10,1.38
2014.05.06 14:12:12.844,0.93174,0.93185,1.58,1.38
2014.05.06 14:12:13.513,0.93175,0.93183,1.10,1.00
2014.05.06 14:12:13.986,0.93176,0.93185,1.10,1.00
2014.05.06 14:12:14.412,0.93176,0.93187,1.10,4.20
2014.05.06 14:12:14.665,0.93178,0.93187,1.10,3.38
2014.05.06 14:12:15.962,0.93177,0.93187,1.10,3.38
2014.05.06 14:12:16.265,0.93174,0.93181,1.10,1.00
2014.05.06 14:12:16.424,0.9317,0.93181,1.95,1.00
2014.05.06 14:12:18.103,0.93173,0.93181,1.00,1.50
2014.05.06 14:12:18.896,0.9317,0.93181,1.95,1.50
2014.05.06 14:12:19.947,0.93172,0.93181,1.10,3.98
2014.05.06 14:12:20.048,0.9317,0.93181,1.10,4.80
2014.05.06 14:12:20.099,0.93173,0.93181,1.00,4.80
2014.05.06 14:12:20.201,0.9317,0.93181,1.10,4.80
2014.05.06 14:12:20.353,0.9317,0.93177,1.10,1.00
2014.05.06 14:12:20.403,0.93168,0.93177,1.10,1.00
2014.05.06 14:12:20.623,0.93171,0.93177,1.10,1.00
2014.05.06 14:12:20.675,0.93171,0.93179,1.10,2.25
2014.05.06 14:12:20.776,0.93169,0.93179,1.10,2.25
2014.05.06 14:12:20.877,0.93168,0.93177,1.10,1.00
2014.05.06 14:12:21.287,0.93168,0.93179,1.95,2.25
2014.05.06 14:12:21.389,0.93171,0.93179,1.10,2.25
2014.05.06 14:12:21.835,0.93168,0.93179,1.95,2.25
2014.05.06 14:12:22.364,0.93169,0.93179,1.10,2.25
2014.05.06 14:12:22.467,0.93171,0.93179,1.10,2.25
2014.05.06 14:12:22.887,0.93173,0.9318,1.00,1.00
2014.05.06 14:12:23.430,0.93173,0.93181,1.58,1.50
2014.05.06 14:12:27.524,0.93172,0.93181,1.58,1.50
2014.05.06 14:12:28.046,0.93173,0.93181,1.10,1.50
2014.05.06 14:12:28.555,0.93174,0.93181,1.10,1.50
2014.05.06 14:12:29.105,0.93173,0.93181,1.00,1.50
2014.05.06 14:12:29.642,0.93172,0.93181,1.00,1.50
2014.05.06 14:12:30.168,0.93173,0.93181,1.58,1.50
2014.05.06 14:12:31.260,0.93173,0.93183,4.05,1.00
2014.05.06 14:12:31.311,0.93176,0.93183,1.10,1.00
2014.05.06 14:12:31.463,0.93178,0.93186,1.10,1.88
2014.05.06 14:12:31.564,0.93177,0.93188,1.48,2.33
2014.05.06 14:12:33.374,0.93176,0.93187,1.95,1.10
2014.05.06 14:12:33.475,0.93176,0.93187,1.95,1.10
2014.05.06 14:12:34.044,0.93178,0.93188,1.00,2.33
2014.05.06 14:12:35.465,0.93176,0.93185,1.38,1.10
2014.05.06 14:12:35.767,0.93176,0.93183,1.13,1.00
2014.05.06 14:12:35.817,0.93176,0.93185,1.13,1.10
2014.05.06 14:12:36.233,0.93176,0.93188,1.95,2.70
2014.05.06 14:12:36.285,0.93176,0.93187,1.10,1.98
2014.05.06 14:12:36.599,0.93173,0.93182,1.00,1.10
2014.05.06 14:12:36.902,0.93173,0.9318,1.00,1.10
2014.05.06 14:12:37.446,0.93173,0.93179,1.00,1.10
2014.05.06 14:12:43.173,0.93171,0.93179,1.13,1.10
2014.05.06 14:12:43.795,0.93173,0.93179,1.00,1.10
2014.05.06 14:12:45.473,0.93173,0.93181,1.00,1.10
2014.05.06 14:12:45.914,0.93173,0.93179,1.00,1.10
2014.05.06 14:12:46.355,0.93173,0.93181,1.00,1.10
2014.05.06 14:12:46.657,0.93171,0.93181,1.13,1.10
2014.05.06 14:12:47.016,0.93171,0.93179,1.13,1.10
2014.05.06 14:12:47.565,0.93171,0.9318,1.13,1.10
2014.05.06 14:12:48.599,0.9317,0.9318,1.00,1.10
2014.05.06 14:12:49.255,0.9317,0.93179,1.00,1.10
2014.05.06 14:12:49.557,0.93167,0.93175,2.10,1.10
2014.05.06 14:12:49.810,0.93167,0.93177,3.23,1.00
2014.05.06 14:12:49.911,0.93169,0.93178,2.48,1.10
2014.05.06 14:12:50.214,0.93172,0.93182,1.88,1.00
2014.05.06 14:12:50.742,0.93173,0.93183,1.38,1.10
2014.05.06 14:12:51.385,0.93172,0.93182,3.98,1.00
2014.05.06 14:12:51.872,0.93173,0.93179,2.48,1.10
2014.05.06 14:12:51.973,0.93174,0.93182,2.10,1.10
2014.05.06 14:12:52.024,0.93172,0.93182,1.13,1.10
2014.05.06 14:12:52.580,0.93173,0.93181,2.10,1.00
2014.05.06 14:12:53.097,0.93173,0.93182,4.05,1.00
2014.05.06 14:12:53.844,0.93173,0.93183,3.98,1.58
2014.05.06 14:12:54.413,0.93174,0.93183,1.13,1.10
2014.05.06 14:12:55.125,0.93178,0.93183,1.00,1.10
2014.05.06 14:12:55.485,0.93173,0.93183,2.85,1.10
2014.05.06 14:12:55.536,0.93174,0.93185,1.10,1.95
2014.05.06 14:12:55.687,0.93178,0.93185,1.00,1.58
2014.05.06 14:12:56.127,0.93175,0.93185,1.95,1.00
2014.05.06 14:12:56.692,0.93178,0.93185,1.00,1.00
2014.05.06 14:12:57.056,0.93183,0.93187,1.00,1.00
2014.05.06 14:12:57.106,0.93178,0.93187,1.00,1.00
2014.05.06 14:12:57.359,0.93183,0.93188,1.00,1.10
2014.05.06 14:12:57.511,0.93183,0.93191,1.00,1.50
2014.05.06 14:12:57.974,0.93182,0.93193,1.95,1.58
2014.05.06 14:12:58.520,0.93183,0.93193,1.00,1.00
2014.05.06 14:12:59.343,0.93184,0.93193,1.00,1.13
2014.05.06 14:12:59.444,0.93186,0.93193,1.00,1.13
2014.05.06 14:13:00.003,0.93186,0.93194,1.00,1.10
2014.05.06 14:13:00.382,0.93186,0.93196,1.00,1.95
2014.05.06 14:13:01.541,0.93186,0.93196,1.00,1.95
2014.05.06 14:13:01.593,0.93183,0.93194,1.50,1.48
2014.05.06 14:13:01.996,0.93185,0.93192,1.00,1.00
2014.05.06 14:13:02.299,0.93188,0.93193,1.00,1.00
2014.05.06 14:13:02.350,0.93188,0.93195,1.00,1.00
2014.05.06 14:13:02.877,0.93187,0.93195,1.00,1.00
2014.05.06 14:13:03.446,0.93188,0.93195,1.00,1.00
2014.05.06 14:13:04.486,0.93188,0.93195,1.00,1.38
2014.05.06 14:13:05.122,0.93188,0.93195,1.00,1.13
2014.05.06 14:13:05.649,0.93187,0.93195,1.00,1.13
2014.05.06 14:13:06.532,0.93188,0.93195,1.00,1.13
2014.05.06 14:13:07.232,0.93188,0.93196,1.00,1.10
2014.05.06 14:13:07.517,0.93188,0.93194,1.00,1.10
2014.05.06 14:13:07.568,0.93185,0.93194,1.00,1.10
2014.05.06 14:13:07.669,0.93188,0.93193,1.00,1.10
2014.05.06 14:13:07.720,0.93189,0.93197,1.58,1.50
2014.05.06 14:13:07.871,0.93191,0.93198,1.00,1.00
2014.05.06 14:13:08.023,0.93193,0.93204,1.20,1.58
2014.05.06 14:13:08.175,0.93195,0.93205,1.00,1.10
2014.05.06 14:13:08.477,0.93195,0.93202,1.00,1.10
2014.05.06 14:13:08.730,0.93195,0.93205,1.00,1.10
2014.05.06 14:13:08.932,0.93197,0.93205,1.00,1.10
2014.05.06 14:13:09.482,0.93197,0.93206,1.00,1.10
2014.05.06 14:13:09.633,0.93195,0.93206,1.50,1.10
2014.05.06 14:13:10.423,0.93198,0.93206,1.00,1.10
2014.05.06 14:13:10.474,0.93199,0.93208,1.10,1.00
2014.05.06 14:13:10.954,0.93197,0.93209,1.95,2.70
2014.05.06 14:13:11.055,0.93197,0.93206,1.58,1.00
2014.05.06 14:13:11.564,0.93196,0.93206,1.58,1.13
2014.05.06 14:13:12.094,0.93196,0.93205,1.10,1.00
2014.05.06 14:13:12.621,0.93196,0.93206,1.10,1.88
2014.05.06 14:13:13.435,0.93197,0.93206,1.10,1.50
2014.05.06 14:13:13.739,0.93193,0.93201,2.33,1.00
2014.05.06 14:13:14.577,0.93191,0.93201,1.00,1.58
2014.05.06 14:13:15.644,0.93191,0.93201,1.00,1.95
2014.05.06 14:13:15.694,0.93191,0.93198,1.00,1.10
2014.05.06 14:13:15.947,0.93191,0.932,1.00,1.95
2014.05.06 14:13:16.483,0.9319,0.93201,1.58,1.95
2014.05.06 14:13:16.585,0.93193,0.93202,1.00,1.95
2014.05.06 14:13:16.888,0.93193,0.93199,1.00,1.10
2014.05.06 14:13:16.939,0.93193,0.93201,1.00,1.10
2014.05.06 14:13:17.446,0.93191,0.93201,1.00,1.10
2014.05.06 14:13:17.497,0.93191,0.93198,1.00,1.10
2014.05.06 14:13:18.034,0.9319,0.93198,1.00,1.10
2014.05.06 14:13:20.217,0.9319,0.932,1.88,1.10
2014.05.06 14:13:20.521,0.93192,0.932,1.00,1.10
2014.05.06 14:13:20.898,0.9319,0.93199,1.13,1.10
2014.05.06 14:13:21.326,0.9319,0.93201,2.70,1.10
2014.05.06 14:13:22.375,0.93193,0.93201,1.00,1.10
2014.05.06 14:13:22.687,0.9319,0.93201,2.70,1.10
2014.05.06 14:13:22.893,0.93193,0.93202,1.00,1.58
2014.05.06 14:13:23.197,0.93192,0.93198,1.00,1.80
2014.05.06 14:13:23.400,0.93188,0.93196,1.00,1.95
2014.05.06 14:13:23.653,0.9319,0.93198,1.00,1.95
2014.05.06 14:13:23.754,0.9319,0.932,1.00,2.70
2014.05.06 14:13:23.906,0.93191,0.93198,1.00,1.00
2014.05.06 14:13:24.007,0.93192,0.932,1.50,1.10
2014.05.06 14:13:24.240,0.93193,0.93203,1.00,1.00
2014.05.06 14:13:24.391,0.93191,0.93202,1.00,2.93
2014.05.06 14:13:24.543,0.9319,0.93199,1.50,1.00
2014.05.06 14:13:25.054,0.93189,0.93199,1.00,1.00
2014.05.06 14:13:25.455,0.93191,0.93199,1.00,1.00
2014.05.06 14:13:25.606,0.93189,0.93199,1.00,1.58
2014.05.06 14:13:25.657,0.93189,0.93197,1.00,1.10
2014.05.06 14:13:25.863,0.93189,0.93199,1.00,1.00
2014.05.06 14:13:26.064,0.93192,0.93199,1.00,1.00
2014.05.06 14:13:26.166,0.93193,0.93201,1.00,1.00
2014.05.06 14:13:26.693,0.93193,0.93202,1.50,1.20
2014.05.06 14:13:26.947,0.93193,0.93201,1.00,1.48
2014.05.06 14:13:27.099,0.93191,0.93201,1.00,1.80
2014.05.06 14:13:27.200,0.93189,0.93197,1.00,1.10
2014.05.06 14:13:27.503,0.9319,0.93199,1.00,1.10
2014.05.06 14:13:27.654,0.93193,0.932,1.50,1.00
2014.05.06 14:13:27.857,0.93193,0.93203,1.50,1.48
2014.05.06 14:13:27.958,0.93193,0.932,1.50,1.10
2014.05.06 14:13:28.059,0.93193,0.93202,1.00,1.95
2014.05.06 14:13:28.183,0.93193,0.932,1.00,1.10
2014.05.06 14:13:28.407,0.93193,0.93203,1.58,2.48
2014.05.06 14:13:28.458,0.93197,0.93203,1.00,2.10
2014.05.06 14:13:28.763,0.93203,0.93207,1.00,2.10
2014.05.06 14:13:28.814,0.93203,0.9321,1.00,2.10
2014.05.06 14:13:28.966,0.93203,0.93212,1.00,1.00
2014.05.06 14:13:29.405,0.93202,0.93207,1.00,1.00
2014.05.06 14:13:29.607,0.93201,0.9321,1.00,1.58
2014.05.06 14:13:29.709,0.93201,0.93207,1.00,1.00
2014.05.06 14:13:30.078,0.932,0.93209,1.00,2.93
2014.05.06 14:13:30.129,0.93198,0.93209,2.33,1.48
2014.05.06 14:13:30.230,0.93198,0.93207,1.00,1.38
2014.05.06 14:13:30.392,0.93196,0.93205,2.33,1.00
2014.05.06 14:13:30.494,0.93196,0.93207,2.70,1.50
2014.05.06 14:13:31.038,0.93196,0.93207,1.58,1.88
2014.05.06 14:13:31.679,0.93196,0.93207,1.10,1.88
2014.05.06 14:13:32.159,0.93196,0.93205,1.10,2.10
2014.05.06 14:13:32.311,0.93196,0.93207,1.10,3.98
2014.05.06 14:13:32.412,0.93198,0.93207,1.00,1.88
2014.05.06 14:13:32.715,0.93202,0.93207,1.50,1.00
2014.05.06 14:13:33.032,0.93208,0.93215,1.00,4.43
2014.05.06 14:13:33.133,0.93208,0.93213,1.00,1.10
2014.05.06 14:13:33.235,0.93208,0.93215,1.00,2.33
2014.05.06 14:13:33.689,0.93209,0.93219,1.50,1.20
2014.05.06 14:13:33.892,0.93209,0.93214,1.00,1.10
2014.05.06 14:13:33.943,0.93206,0.93214,4.35,1.10
2014.05.06 14:13:34.095,0.93208,0.93214,1.00,1.10
2014.05.06 14:13:34.145,0.93208,0.93217,1.00,1.50
2014.05.06 14:13:34.347,0.93209,0.93219,1.10,1.13
2014.05.06 14:13:34.650,0.93209,0.93217,1.00,1.00
2014.05.06 14:13:35.155,0.93211,0.93218,1.00,1.10
2014.05.06 14:13:35.423,0.93211,0.9322,1.00,1.10
2014.05.06 14:13:35.896,0.9321,0.93217,1.50,1.10
2014.05.06 14:13:36.708,0.93211,0.93219,1.00,1.10
2014.05.06 14:13:36.861,0.93209,0.93216,1.00,1.10
2014.05.06 14:13:37.376,0.93209,0.93217,1.00,1.10
2014.05.06 14:13:37.477,0.93206,0.93215,1.50,1.10
2014.05.06 14:13:37.779,0.93205,0.93213,1.00,1.10
2014.05.06 14:13:38.197,0.93205,0.93216,1.38,1.10
2014.05.06 14:13:38.298,0.93207,0.93218,1.88,2.33
2014.05.06 14:13:38.500,0.93208,0.93216,1.00,1.00
2014.05.06 14:13:39.044,0.93207,0.93215,1.50,1.10
2014.05.06 14:13:39.246,0.93208,0.93218,1.00,1.00
2014.05.06 14:13:39.750,0.93208,0.93217,1.00,1.10
2014.05.06 14:13:40.264,0.93207,0.93217,1.00,1.10
2014.05.06 14:13:40.315,0.93209,0.93217,1.00,1.10
2014.05.06 14:13:40.713,0.93206,0.93214,1.88,1.10
2014.05.06 14:13:43.372,0.93206,0.93213,1.00,1.10
2014.05.06 14:13:43.678,0.93206,0.93212,1.00,1.00
2014.05.06 14:13:44.116,0.93206,0.93212,1.00,1.00
2014.05.06 14:13:45.008,0.93204,0.93212,1.00,1.00
2014.05.06 14:13:45.311,0.93203,0.93207,1.00,1.00
2014.05.06 14:13:45.412,0.93203,0.93212,1.00,1.50
2014.05.06 14:13:45.916,0.93203,0.93211,1.00,1.10
2014.05.06 14:13:45.967,0.93203,0.93209,1.00,1.00
2014.05.06 14:13:46.156,0.93203,0.93211,1.00,1.58
2014.05.06 14:13:46.409,0.93203,0.93208,1.00,1.00
2014.05.06 14:13:46.825,0.93203,0.93211,1.00,1.10
2014.05.06 14:13:47.352,0.93204,0.93212,1.00,1.00
2014.05.06 14:13:48.020,0.93204,0.93213,1.00,1.10
2014.05.06 14:13:48.542,0.93203,0.93214,1.00,1.20
2014.05.06 14:13:48.851,0.93203,0.93214,1.00,1.48
2014.05.06 14:13:49.154,0.93202,0.93209,1.10,1.00
2014.05.06 14:13:49.458,0.9321,0.93215,1.10,2.10
2014.05.06 14:13:49.510,0.93211,0.93216,1.58,1.00
2014.05.06 14:13:49.560,0.93213,0.93219,1.10,1.00
2014.05.06 14:13:49.611,0.93213,0.93219,1.10,1.00
2014.05.06 14:13:49.763,0.93213,0.93222,1.10,1.88
2014.05.06 14:13:50.352,0.93213,0.93222,1.58,1.00
2014.05.06 14:13:51.211,0.93214,0.93222,1.10,1.00
2014.05.06 14:13:51.261,0.93218,0.93222,1.00,1.00
2014.05.06 14:13:51.312,0.93219,0.93224,1.10,2.10
2014.05.06 14:13:51.565,0.93219,0.93226,1.10,1.00
2014.05.06 14:13:52.099,0.93219,0.93227,1.10,1.13
2014.05.06 14:13:52.618,0.93219,0.93228,1.10,3.23
2014.05.06 14:13:53.162,0.93219,0.93229,1.10,3.23
2014.05.06 14:13:53.263,0.93221,0.93229,1.10,3.23
2014.05.06 14:13:54.024,0.93223,0.93229,1.00,1.00
2014.05.06 14:13:54.533,0.93223,0.9323,1.58,1.00
2014.05.06 14:13:55.484,0.93225,0.9323,1.10,1.00
2014.05.06 14:13:56.138,0.93223,0.9323,1.00,1.00
2014.05.06 14:13:57.643,0.93223,0.93231,1.00,1.00
2014.05.06 14:13:58.873,0.93223,0.93232,1.00,1.88
2014.05.06 14:14:00.666,0.93226,0.93232,1.10,1.50
2014.05.06 14:14:00.767,0.93226,0.93234,1.10,1.50
2014.05.06 14:14:00.919,0.93224,0.93234,1.10,1.00
2014.05.06 14:14:01.425,0.93224,0.93234,1.48,1.00
2014.05.06 14:14:01.526,0.93226,0.93232,1.10,1.00
2014.05.06 14:14:01.627,0.93223,0.93232,1.95,1.00
2014.05.06 14:14:02.030,0.93227,0.93232,1.10,1.00
2014.05.06 14:14:02.232,0.93227,0.93234,1.10,1.00
2014.05.06 14:14:02.434,0.93224,0.93234,1.10,1.13
2014.05.06 14:14:02.535,0.93226,0.93234,1.10,1.13
2014.05.06 14:14:02.687,0.93224,0.93233,1.10,1.13
2014.05.06 14:14:02.890,0.93226,0.93234,1.10,1.38
2014.05.06 14:14:03.199,0.93226,0.9323,1.10,1.00
2014.05.06 14:14:03.300,0.93226,0.93233,1.10,1.00
2014.05.06 14:14:03.850,0.93227,0.93233,1.10,1.00
2014.05.06 14:14:04.425,0.93224,0.93233,1.95,1.00
2014.05.06 14:14:04.779,0.93227,0.93233,1.10,1.00
2014.05.06 14:14:08.018,0.93227,0.93235,1.10,1.13
2014.05.06 14:14:08.830,0.93226,0.93235,1.10,1.13
2014.05.06 14:14:10.294,0.93228,0.93235,1.00,1.00
2014.05.06 14:14:11.059,0.93226,0.93235,1.95,1.00
2014.05.06 14:14:11.211,0.93228,0.93236,1.00,1.00
2014.05.06 14:14:12.863,0.93227,0.93236,1.00,1.00
2014.05.06 14:14:13.459,0.93228,0.93236,1.00,1.00
2014.05.06 14:14:21.662,0.93231,0.93236,1.10,1.00
2014.05.06 14:14:21.814,0.93228,0.93237,1.50,1.50
2014.05.06 14:14:21.864,0.93228,0.93235,1.00,1.00
2014.05.06 14:14:21.966,0.93227,0.93237,1.95,1.50
2014.05.06 14:14:22.118,0.93227,0.93234,1.13,1.10
2014.05.06 14:14:22.471,0.93225,0.93232,1.10,1.00
2014.05.06 14:14:22.774,0.9322,0.93229,3.30,1.00
2014.05.06 14:14:23.365,0.93219,0.93229,1.00,2.33
2014.05.06 14:14:25.805,0.93218,0.93229,1.13,1.58
2014.05.06 14:14:25.957,0.93217,0.93226,1.95,1.00
2014.05.06 14:14:26.602,0.93218,0.93226,1.10,1.00
2014.05.06 14:14:26.998,0.9322,0.93226,1.00,1.00
2014.05.06 14:14:27.627,0.9322,0.93227,1.00,1.00
2014.05.06 14:14:27.884,0.93218,0.93228,2.70,1.50
2014.05.06 14:14:27.935,0.9322,0.93228,1.10,1.50
2014.05.06 14:14:28.471,0.93221,0.93228,1.00,1.50
2014.05.06 14:14:29.347,0.93221,0.93228,1.00,1.88
2014.05.06 14:14:29.448,0.93219,0.93226,1.10,1.00
2014.05.06 14:14:29.650,0.93217,0.93226,1.00,1.58
2014.05.06 14:14:30.004,0.93213,0.93224,1.95,1.00
2014.05.06 14:14:30.155,0.9321,0.93219,1.88,1.58
2014.05.06 14:14:30.471,0.93208,0.93217,1.00,1.00
2014.05.06 14:14:30.572,0.93207,0.93215,1.00,1.48
2014.05.06 14:14:30.875,0.932,0.9321,1.13,1.50
2014.05.06 14:14:31.030,0.93204,0.9321,1.00,1.50
2014.05.06 14:14:31.131,0.93204,0.93212,1.58,1.00
2014.05.06 14:14:31.487,0.93205,0.93214,1.58,1.50
2014.05.06 14:14:31.639,0.93207,0.93214,1.00,1.50
2014.05.06 14:14:32.738,0.93208,0.93214,1.10,1.50
2014.05.06 14:14:33.347,0.93208,0.93215,1.58,1.00
2014.05.06 14:14:33.882,0.93207,0.93215,1.58,1.00
2014.05.06 14:14:34.258,0.93207,0.93213,1.10,1.00
2014.05.06 14:14:34.767,0.93207,0.93214,1.10,1.50
2014.05.06 14:14:34.919,0.93205,0.93215,1.00,1.00
2014.05.06 14:14:34.970,0.93204,0.93211,1.10,1.13
2014.05.06 14:14:35.021,0.932,0.9321,2.85,1.10
2014.05.06 14:14:35.875,0.932,0.93209,1.10,1.00
2014.05.06 14:14:36.466,0.932,0.9321,1.10,2.25
2014.05.06 14:14:37.191,0.932,0.93208,1.20,1.00
2014.05.06 14:14:37.735,0.932,0.93211,1.20,1.50
2014.05.06 14:14:38.029,0.932,0.93207,1.20,1.00
2014.05.06 14:14:38.332,0.93203,0.9321,1.10,1.00
2014.05.06 14:14:38.433,0.93201,0.9321,1.20,1.00
2014.05.06 14:14:39.387,0.93201,0.93211,1.10,1.00
2014.05.06 14:14:39.863,0.932,0.93208,1.10,1.00
2014.05.06 14:14:40.369,0.93199,0.93208,1.58,1.00
2014.05.06 14:14:40.709,0.93201,0.93208,1.10,1.00
2014.05.06 14:14:41.211,0.932,0.93208,1.20,1.00
2014.05.06 14:14:41.621,0.932,0.9321,1.20,1.50
2014.05.06 14:14:41.672,0.93202,0.9321,1.10,1.00
2014.05.06 14:14:42.189,0.932,0.9321,1.95,1.00
2014.05.06 14:14:42.710,0.932,0.93209,1.10,2.85
2014.05.06 14:14:42.862,0.932,0.93207,1.10,1.00
2014.05.06 14:14:43.205,0.93198,0.93207,1.10,1.00
2014.05.06 14:14:43.723,0.93197,0.93207,2.55,1.00
2014.05.06 14:14:44.194,0.93198,0.93205,1.58,1.00
2014.05.06 14:14:44.519,0.93196,0.93204,1.10,1.00
2014.05.06 14:14:45.471,0.93197,0.93204,1.10,1.00
2014.05.06 14:14:45.724,0.932,0.93205,1.10,1.00
2014.05.06 14:14:46.179,0.93199,0.93208,1.10,1.88
2014.05.06 14:14:46.691,0.932,0.93208,1.10,1.88
2014.05.06 14:14:46.843,0.93202,0.93208,1.10,1.00
2014.05.06 14:14:46.944,0.93202,0.9321,1.10,1.13
2014.05.06 14:14:47.126,0.932,0.9321,1.10,1.13
2014.05.06 14:14:47.334,0.932,0.9321,1.10,1.38
2014.05.06 14:14:47.924,0.932,0.93207,1.10,1.00
2014.05.06 14:14:48.429,0.93196,0.93207,1.20,1.00
2014.05.06 14:14:48.484,0.93198,0.93207,1.00,1.00
2014.05.06 14:14:48.535,0.93196,0.93207,1.20,1.50
2014.05.06 14:14:48.737,0.93198,0.93208,1.10,1.88
2014.05.06 14:14:49.362,0.93199,0.93208,1.10,1.00
2014.05.06 14:14:51.672,0.932,0.93208,1.10,1.00
2014.05.06 14:14:52.211,0.932,0.9321,1.10,1.38
2014.05.06 14:14:52.672,0.93203,0.93212,1.10,1.88
2014.05.06 14:14:53.335,0.93205,0.93212,1.10,1.50
2014.05.06 14:14:53.437,0.93202,0.93212,1.20,1.00
2014.05.06 14:14:53.588,0.93205,0.93212,1.10,1.00
2014.05.06 14:14:54.117,0.93205,0.93213,1.10,1.00
2014.05.06 14:14:54.661,0.93207,0.93213,1.10,1.00
2014.05.06 14:14:54.762,0.93208,0.93215,1.10,1.00
2014.05.06 14:14:54.863,0.93208,0.93218,1.10,1.88
2014.05.06 14:14:55.963,0.93208,0.93216,1.10,1.00
2014.05.06 14:14:58.492,0.93209,0.93216,1.10,1.00
2014.05.06 14:14:59.026,0.93208,0.93216,1.10,1.00
2014.05.06 14:15:01.692,0.93209,0.93216,1.00,1.00
2014.05.06 14:15:02.406,0.93208,0.93216,1.10,1.00
2014.05.06 14:15:02.715,0.93212,0.93216,1.10,1.00
2014.05.06 14:15:02.765,0.93212,0.93218,1.10,1.00
2014.05.06 14:15:02.816,0.93212,0.9322,1.10,1.88
2014.05.06 14:15:02.867,0.93212,0.93218,1.10,1.00
2014.05.06 14:15:02.917,0.93209,0.93218,1.20,1.00
2014.05.06 14:15:03.019,0.93209,0.9322,1.20,1.50
2014.05.06 14:15:03.120,0.93211,0.93217,1.10,1.00
2014.05.06 14:15:03.221,0.93211,0.93219,1.10,1.00
2014.05.06 14:15:03.794,0.93209,0.93219,1.95,1.00
2014.05.06 14:15:03.845,0.93209,0.93217,1.58,1.00
2014.05.06 14:15:03.946,0.93207,0.93217,1.95,1.00
2014.05.06 14:15:04.148,0.93208,0.93217,1.48,1.00
2014.05.06 14:15:04.299,0.93209,0.93219,1.95,1.00
2014.05.06 14:15:04.602,0.93209,0.93217,1.20,1.00
2014.05.06 14:15:05.165,0.93209,0.93218,1.20,1.00
2014.05.06 14:15:05.704,0.93209,0.93219,1.20,1.50
2014.05.06 14:15:08.251,0.93208,0.93219,1.48,1.58
2014.05.06 14:15:08.554,0.93212,0.93222,1.95,1.00
2014.05.06 14:15:08.604,0.93212,0.93224,1.95,2.33
2014.05.06 14:15:09.115,0.93213,0.93223,1.95,1.00
2014.05.06 14:15:09.646,0.93213,0.93224,1.20,1.00
2014.05.06 14:15:10.520,0.93213,0.93224,1.95,1.50
2014.05.06 14:15:11.205,0.93215,0.93224,1.48,1.50
2014.05.06 14:15:11.636,0.93217,0.93226,1.58,1.00
2014.05.06 14:15:11.686,0.93217,0.93224,1.58,1.00
2014.05.06 14:15:11.989,0.93215,0.93221,1.00,1.50
2014.05.06 14:15:12.744,0.93215,0.93219,1.00,1.00
2014.05.06 14:15:12.795,0.93213,0.93219,1.00,1.00
2014.05.06 14:15:12.898,0.9321,0.93219,1.00,1.00
2014.05.06 14:15:12.949,0.9321,0.93217,1.00,1.00
2014.05.06 14:15:13.259,0.93209,0.93215,1.20,1.00
2014.05.06 14:15:13.410,0.9321,0.93217,1.10,1.50
2014.05.06 14:15:13.612,0.93207,0.93215,1.13,1.00
2014.05.06 14:15:14.146,0.93206,0.9321,1.10,1.00
2014.05.06 14:15:14.196,0.93204,0.9321,1.20,1.00
2014.05.06 14:15:14.714,0.93202,0.9321,1.95,1.00
2014.05.06 14:15:16.433,0.93202,0.9321,1.95,1.00
2014.05.06 14:15:17.123,0.93203,0.9321,1.00,1.00
2014.05.06 14:15:19.322,0.93204,0.9321,1.10,1.00
2014.05.06 14:15:20.422,0.93203,0.9321,1.95,1.00
2014.05.06 14:15:21.412,0.93204,0.9321,1.10,1.00
2014.05.06 14:15:21.823,0.93202,0.93207,1.38,1.00
2014.05.06 14:15:21.977,0.932,0.93204,1.50,1.00
2014.05.06 14:15:22.079,0.93195,0.93202,1.05,1.00
2014.05.06 14:15:22.181,0.93194,0.93203,1.48,1.50
2014.05.06 14:15:22.333,0.93198,0.93205,1.00,1.00
2014.05.06 14:15:22.635,0.93201,0.93206,1.10,1.00
2014.05.06 14:15:22.686,0.93201,0.93209,1.10,1.00
2014.05.06 14:15:22.838,0.93201,0.9321,3.68,1.00
2014.05.06 14:15:23.091,0.93209,0.93217,1.10,1.00
2014.05.06 14:15:23.394,0.9321,0.93219,2.48,1.00
2014.05.06 14:15:23.647,0.93212,0.93218,1.10,1.00
2014.05.06 14:15:23.899,0.93212,0.93221,1.10,1.00
2014.05.06 14:15:25.248,0.93213,0.93221,1.00,1.00
2014.05.06 14:15:25.605,0.93213,0.93221,1.00,2.85
2014.05.06 14:15:25.756,0.93208,0.93216,1.50,1.95
2014.05.06 14:15:25.909,0.93208,0.93212,1.00,1.00
2014.05.06 14:15:26.414,0.93208,0.93213,1.00,1.00
2014.05.06 14:15:26.667,0.9321,0.93216,1.00,1.00
2014.05.06 14:15:26.718,0.9321,0.93217,1.38,1.00
2014.05.06 14:15:26.768,0.93211,0.93223,1.38,1.00
2014.05.06 14:15:27.273,0.93213,0.93222,1.00,1.50
2014.05.06 14:15:27.475,0.93213,0.9322,1.00,1.00
2014.05.06 14:15:27.740,0.93211,0.9322,1.20,1.00
2014.05.06 14:15:27.791,0.93211,0.93222,1.20,1.50
2014.05.06 14:15:28.272,0.93211,0.93219,1.20,1.00
2014.05.06 14:15:28.676,0.93209,0.93221,2.48,1.00
2014.05.06 14:15:29.134,0.93212,0.93219,1.00,2.10
2014.05.06 14:15:29.286,0.93206,0.93212,3.68,1.00
2014.05.06 14:15:29.387,0.93203,0.93212,1.00,1.00
2014.05.06 14:15:29.933,0.93203,0.93211,1.00,1.00
2014.05.06 14:15:30.190,0.93201,0.93211,1.13,1.00
2014.05.06 14:15:30.291,0.93202,0.93212,1.95,1.00
2014.05.06 14:15:30.493,0.93205,0.93215,1.00,1.58
2014.05.06 14:15:30.645,0.93208,0.93215,1.38,1.58
2014.05.06 14:15:30.847,0.9321,0.93219,1.00,2.25
2014.05.06 14:15:30.948,0.93212,0.9322,1.13,1.00
2014.05.06 14:15:30.999,0.93212,0.93222,1.13,3.60
2014.05.06 14:15:31.100,0.93212,0.93224,1.38,3.60
2014.05.06 14:15:31.201,0.93211,0.93221,1.38,1.00
2014.05.06 14:15:32.716,0.93212,0.93222,1.20,1.50
2014.05.06 14:15:33.227,0.93212,0.93221,1.48,1.00
2014.05.06 14:15:34.027,0.93211,0.9322,1.00,1.00
2014.05.06 14:15:34.078,0.93211,0.9322,1.00,1.60
2014.05.06 14:15:34.280,0.93203,0.93212,2.18,1.00
2014.05.06 14:15:34.692,0.93203,0.9321,1.50,1.00
2014.05.06 14:15:35.304,0.93203,0.93211,1.50,1.00
2014.05.06 14:15:36.825,0.93203,0.9321,1.00,1.00
2014.05.06 14:15:37.354,0.93203,0.93211,1.00,1.50
2014.05.06 14:15:37.864,0.932,0.9321,4.80,1.00
2014.05.06 14:15:40.364,0.932,0.93211,4.80,1.50
2014.05.06 14:15:40.920,0.93201,0.9321,3.30,1.00
2014.05.06 14:15:41.558,0.93201,0.9321,3.30,1.00
2014.05.06 14:15:42.501,0.93203,0.93211,1.38,1.00
2014.05.06 14:15:43.883,0.93203,0.93212,1.38,1.00
2014.05.06 14:15:44.201,0.9321,0.93218,1.48,1.00
2014.05.06 14:15:44.871,0.93209,0.93218,4.05,1.00
2014.05.06 14:15:44.921,0.93209,0.93216,1.13,1.00
2014.05.06 14:15:45.224,0.93204,0.93212,1.38,1.00
2014.05.06 14:15:45.729,0.93204,0.93212,1.48,1.00
2014.05.06 14:15:45.983,0.93204,0.93212,1.10,1.00
2014.05.06 14:15:46.034,0.93202,0.93208,1.00,1.00
2014.05.06 14:15:46.136,0.932,0.9321,4.05,1.00
2014.05.06 14:15:46.338,0.93203,0.9321,1.00,1.00
2014.05.06 14:15:47.697,0.93203,0.9321,1.38,1.00
2014.05.06 14:15:47.901,0.93203,0.93212,1.38,1.50
2014.05.06 14:15:49.543,0.93205,0.93212,1.48,1.50
2014.05.06 14:15:49.930,0.93208,0.93212,1.00,1.00
2014.05.06 14:15:51.206,0.93208,0.93214,1.38,1.00
2014.05.06 14:15:51.307,0.93209,0.93215,1.48,1.00
2014.05.06 14:15:51.408,0.93213,0.93219,1.00,1.00
2014.05.06 14:15:51.459,0.93213,0.93222,1.38,1.00
2014.05.06 14:15:51.509,0.93214,0.93222,2.48,1.00
2014.05.06 14:15:51.762,0.93214,0.93221,1.13,1.00
2014.05.06 14:15:52.266,0.93214,0.93221,1.38,1.00
2014.05.06 14:15:52.584,0.93214,0.93219,1.00,1.00
2014.05.06 14:15:52.635,0.93209,0.93215,1.10,1.00
2014.05.06 14:15:52.737,0.93208,0.93213,1.00,1.00
2014.05.06 14:15:53.257,0.93205,0.93213,1.38,1.00
2014.05.06 14:15:53.620,0.93205,0.93213,1.95,1.00
2014.05.06 14:15:53.772,0.93208,0.93215,1.38,1.00
2014.05.06 14:15:54.318,0.93208,0.93216,1.48,1.00
2014.05.06 14:15:55.145,0.93208,0.93215,3.23,1.00
2014.05.06 14:15:55.653,0.93208,0.93215,1.13,1.00
2014.05.06 14:15:55.754,0.93208,0.93213,1.13,1.00
2014.05.06 14:15:56.277,0.93207,0.93214,1.20,1.00
2014.05.06 14:15:56.806,0.93207,0.93213,1.20,1.00
2014.05.06 14:15:57.469,0.93205,0.93211,1.10,1.00
2014.05.06 14:15:57.824,0.93203,0.93211,2.48,1.50
2014.05.06 14:15:58.422,0.93202,0.93211,1.20,1.00
2014.05.06 14:16:00.990,0.93203,0.93211,1.10,1.00
2014.05.06 14:16:02.534,0.93202,0.93211,4.05,1.00
2014.05.06 14:16:02.584,0.93203,0.93213,1.38,1.00
2014.05.06 14:16:02.887,0.93209,0.93214,3.30,1.00
2014.05.06 14:16:03.241,0.93209,0.93218,3.30,1.00
2014.05.06 14:16:03.751,0.93211,0.93218,1.10,1.00
2014.05.06 14:16:04.300,0.93211,0.93219,1.10,1.00
2014.05.06 14:16:04.836,0.93212,0.9322,1.10,1.00
2014.05.06 14:16:06.480,0.93214,0.9322,1.10,1.00
2014.05.06 14:16:07.005,0.93214,0.93221,1.10,1.50
2014.05.06 14:16:12.332,0.93217,0.93221,1.10,1.00
2014.05.06 14:16:12.433,0.93217,0.93224,1.10,1.00
2014.05.06 14:16:12.534,0.93219,0.93227,1.10,1.50
2014.05.06 14:16:13.060,0.93219,0.93225,1.10,1.00
2014.05.06 14:16:13.414,0.93217,0.93225,1.10,1.00
2014.05.06 14:16:13.464,0.93217,0.93222,1.10,1.00
2014.05.06 14:16:14.427,0.93216,0.93222,1.10,1.00
2014.05.06 14:16:17.842,0.93216,0.93223,1.10,1.00
2014.05.06 14:16:18.402,0.93216,0.93222,1.10,1.00
2014.05.06 14:16:19.300,0.93218,0.93223,1.00,1.00
2014.05.06 14:16:19.351,0.93218,0.93225,1.50,1.50
2014.05.06 14:16:19.452,0.93222,0.93229,1.10,2.85
2014.05.06 14:16:19.704,0.93222,0.9323,1.95,2.85
2014.05.06 14:16:19.910,0.93225,0.93232,1.10,1.00
2014.05.06 14:16:20.012,0.93227,0.93234,1.10,1.00
2014.05.06 14:16:20.537,0.93228,0.93234,1.10,1.00
2014.05.06 14:16:20.840,0.93221,0.93227,2.10,2.93
2014.05.06 14:16:20.942,0.93213,0.93223,3.60,1.10
2014.05.06 14:16:21.045,0.93215,0.93223,1.00,1.00
2014.05.06 14:16:21.399,0.93215,0.93224,1.38,1.58
2014.05.06 14:16:21.601,0.93216,0.93226,1.38,1.10
2014.05.06 14:16:22.112,0.93218,0.93227,1.13,1.50
2014.05.06 14:16:23.235,0.93223,0.93227,1.10,1.00
2014.05.06 14:16:25.317,0.93221,0.93227,1.58,1.00
2014.05.06 14:16:25.418,0.93219,0.93227,1.10,1.00
2014.05.06 14:16:25.569,0.93217,0.93226,1.10,1.00
2014.05.06 14:16:25.621,0.93217,0.93222,1.10,1.00
2014.05.06 14:16:25.961,0.93219,0.93224,1.10,1.00
2014.05.06 14:16:26.291,0.93217,0.93224,1.10,1.00
2014.05.06 14:16:26.800,0.93215,0.93224,1.95,1.00
2014.05.06 14:16:28.459,0.93216,0.93226,1.13,1.00
2014.05.06 14:16:28.715,0.93216,0.9322,1.00,1.10
2014.05.06 14:16:28.867,0.93213,0.93221,1.00,1.10
2014.05.06 14:16:29.070,0.93211,0.93221,2.85,1.10
2014.05.06 14:16:29.198,0.93211,0.93218,1.00,1.10
2014.05.06 14:16:29.249,0.93209,0.93218,1.13,1.10
2014.05.06 14:16:29.602,0.9321,0.9322,1.48,1.00
2014.05.06 14:16:29.754,0.93213,0.93223,1.88,1.58
2014.05.06 14:16:31.360,0.93214,0.93225,1.13,2.33
2014.05.06 14:16:31.877,0.93215,0.93225,1.10,1.50
2014.05.06 14:16:34.492,0.93215,0.93225,1.48,1.00
2014.05.06 14:16:35.655,0.93215,0.93225,1.58,1.00
2014.05.06 14:16:35.756,0.93213,0.93223,2.63,1.00
2014.05.06 14:16:36.301,0.93213,0.93223,2.70,1.00
2014.05.06 14:16:36.811,0.93213,0.93224,2.70,1.50
2014.05.06 14:16:40.353,0.93213,0.93224,2.70,1.00
2014.05.06 14:16:40.880,0.93218,0.93225,1.00,1.58
2014.05.06 14:16:41.284,0.93219,0.93228,1.10,1.00
2014.05.06 14:16:41.828,0.93216,0.93227,2.70,1.10
2014.05.06 14:16:41.879,0.93216,0.93227,2.70,1.10
2014.05.06 14:16:42.383,0.93215,0.93226,1.95,1.10
2014.05.06 14:16:43.381,0.93214,0.93226,1.95,1.58
2014.05.06 14:16:44.103,0.93214,0.93225,1.95,1.00
2014.05.06 14:16:46.097,0.93214,0.93225,1.58,1.13
2014.05.06 14:16:46.596,0.93214,0.93223,1.10,1.00
2014.05.06 14:16:46.798,0.93211,0.93222,2.70,1.58
2014.05.06 14:16:47.630,0.93211,0.93221,1.88,1.10
2014.05.06 14:16:48.292,0.93211,0.93222,2.70,1.58
2014.05.06 14:16:48.806,0.93211,0.93221,1.88,1.10
2014.05.06 14:16:52.129,0.93211,0.93221,1.88,1.10
2014.05.06 14:16:53.832,0.93211,0.93221,1.88,1.10
2014.05.06 14:16:56.187,0.93211,0.93221,1.88,1.10
2014.05.06 14:16:59.337,0.93211,0.93221,1.00,1.95
2014.05.06 14:16:59.388,0.93211,0.93216,1.00,1.10
2014.05.06 14:16:59.439,0.93209,0.93216,1.50,1.10
2014.05.06 14:16:59.540,0.93205,0.93216,2.63,1.10
2014.05.06 14:17:01.023,0.93205,0.93215,1.38,1.10
2014.05.06 14:17:01.570,0.93205,0.93217,1.95,3.08
2014.05.06 14:17:01.722,0.93205,0.93215,1.38,1.10
2014.05.06 14:17:02.781,0.93205,0.93216,1.38,1.10
2014.05.06 14:17:03.372,0.93206,0.93215,3.23,1.10
2014.05.06 14:17:03.574,0.9321,0.93221,3.30,1.10
2014.05.06 14:17:06.195,0.93209,0.93217,1.38,1.10
2014.05.06 14:17:06.397,0.93208,0.93218,1.00,1.58
2014.05.06 14:17:06.548,0.93208,0.93218,3.98,1.10
2014.05.06 14:17:07.089,0.9321,0.93219,2.48,1.10
2014.05.06 14:17:07.620,0.9321,0.93221,3.30,1.10
2014.05.06 14:17:08.169,0.9321,0.93221,3.30,1.10
2014.05.06 14:17:08.730,0.93211,0.93221,2.10,1.10
2014.05.06 14:17:09.521,0.93211,0.93221,2.48,1.10
2014.05.06 14:17:09.821,0.93211,0.93219,2.48,1.10
2014.05.06 14:17:13.998,0.93211,0.93221,2.48,1.10
2014.05.06 14:17:16.203,0.93211,0.93221,2.10,1.10
2014.05.06 14:17:18.612,0.93211,0.93221,2.48,1.10
2014.05.06 14:17:19.096,0.93211,0.93219,2.48,1.10
2014.05.06 14:17:20.025,0.9321,0.93219,1.50,1.10
2014.05.06 14:17:20.176,0.93209,0.93217,1.00,1.10
2014.05.06 14:17:20.328,0.93206,0.93215,1.00,1.00
2014.05.06 14:17:20.480,0.93204,0.93214,1.00,1.48
2014.05.06 14:17:21.043,0.93203,0.93213,1.88,1.10
2014.05.06 14:17:21.639,0.93203,0.93212,1.13,1.00
2014.05.06 14:17:24.370,0.93203,0.93211,1.88,1.10
2014.05.06 14:17:24.943,0.93203,0.93213,2.63,1.10
2014.05.06 14:17:25.449,0.93203,0.93213,2.63,1.10
2014.05.06 14:17:29.464,0.93205,0.93214,1.38,1.10
2014.05.06 14:17:29.987,0.93204,0.93213,1.88,1.10
2014.05.06 14:17:30.290,0.93203,0.93211,2.63,1.10
2014.05.06 14:17:30.900,0.93203,0.9321,1.00,1.10
2014.05.06 14:17:31.310,0.93203,0.93207,1.50,1.00
2014.05.06 14:17:31.581,0.93203,0.93209,1.00,1.00
2014.05.06 14:17:32.163,0.93203,0.93211,1.00,1.10
2014.05.06 14:17:34.186,0.93201,0.93211,1.00,1.10
2014.05.06 14:17:35.374,0.93201,0.93207,1.00,1.10
2014.05.06 14:17:35.526,0.93196,0.93204,1.88,1.10
2014.05.06 14:17:35.728,0.93196,0.93202,1.00,1.10
2014.05.06 14:17:36.235,0.93193,0.93202,4.73,1.10
2014.05.06 14:17:39.308,0.93193,0.93202,2.63,1.10
2014.05.06 14:17:40.449,0.93195,0.93205,1.10,1.50
2014.05.06 14:17:40.702,0.93193,0.93203,1.00,1.00
2014.05.06 14:17:41.250,0.93192,0.93203,1.95,3.60
2014.05.06 14:17:41.758,0.93191,0.93202,1.35,1.20
2014.05.06 14:17:42.120,0.9319,0.932,2.55,1.00
2014.05.06 14:17:42.423,0.93189,0.93198,1.00,1.10
2014.05.06 14:17:42.942,0.93188,0.93197,1.50,1.00
2014.05.06 14:17:45.743,0.93188,0.93196,1.00,1.10
2014.05.06 14:17:45.946,0.93186,0.93195,1.00,1.10
2014.05.06 14:17:46.518,0.93184,0.93195,2.63,1.10
2014.05.06 14:17:47.153,0.93184,0.93196,3.45,1.10
2014.05.06 14:17:47.489,0.93188,0.93197,1.00,4.80
2014.05.06 14:17:47.640,0.93185,0.93197,1.20,3.45
2014.05.06 14:17:47.752,0.93188,0.93196,1.00,1.10
2014.05.06 14:17:48.549,0.93184,0.93196,3.45,1.10
2014.05.06 14:17:48.785,0.93188,0.93196,1.00,1.10
2014.05.06 14:17:49.335,0.93187,0.93196,1.00,1.10
2014.05.06 14:17:49.436,0.93184,0.93196,3.45,1.10
2014.05.06 14:17:50.689,0.93184,0.93197,2.70,4.20
2014.05.06 14:17:50.790,0.93184,0.93189,1.50,1.10
2014.05.06 14:17:50.891,0.93183,0.93191,1.00,1.00
2014.05.06 14:17:51.456,0.93183,0.93192,1.00,2.33
2014.05.06 14:17:52.911,0.93183,0.93191,1.00,1.10
2014.05.06 14:17:53.416,0.93184,0.93192,1.20,1.00
2014.05.06 14:17:53.467,0.93184,0.93194,1.20,1.00
2014.05.06 14:17:54.111,0.93185,0.93194,1.10,1.00
2014.05.06 14:17:55.770,0.93184,0.93194,1.20,1.00
2014.05.06 14:17:57.580,0.93183,0.93194,1.58,1.13
2014.05.06 14:17:58.128,0.93183,0.93193,1.13,1.10
2014.05.06 14:17:58.678,0.93183,0.93194,1.95,1.00
2014.05.06 14:17:59.183,0.93183,0.93194,1.13,1.58
2014.05.06 14:17:59.724,0.93183,0.93194,1.38,1.58
2014.05.06 14:18:00.350,0.93184,0.93195,1.20,1.00
2014.05.06 14:18:02.017,0.93183,0.93194,1.38,1.10
2014.05.06 14:18:02.068,0.93188,0.93194,1.00,1.10
2014.05.06 14:18:02.516,0.93183,0.93193,1.13,3.60
2014.05.06 14:18:02.567,0.93183,0.93191,1.00,1.10
2014.05.06 14:18:02.871,0.9318,0.93189,1.00,1.10
2014.05.06 14:18:02.972,0.93183,0.9319,1.00,1.58
2014.05.06 14:18:05.461,0.93179,0.9319,1.48,1.10
2014.05.06 14:18:05.651,0.93178,0.93188,2.63,1.10
2014.05.06 14:18:06.055,0.93179,0.93187,1.98,1.00
2014.05.06 14:18:06.156,0.93183,0.93189,1.00,1.00
2014.05.06 14:18:06.207,0.93183,0.93189,1.88,1.00
2014.05.06 14:18:06.560,0.93188,0.93196,1.00,2.10
2014.05.06 14:18:06.661,0.93185,0.93197,1.95,2.33
2014.05.06 14:18:06.712,0.93185,0.93196,1.95,1.00
2014.05.06 14:18:06.914,0.93188,0.93199,2.25,1.10
2014.05.06 14:18:06.965,0.93191,0.932,1.10,1.00
2014.05.06 14:18:07.016,0.93191,0.93202,1.58,1.50
2014.05.06 14:18:07.548,0.93191,0.93202,2.70,1.00
2014.05.06 14:18:08.091,0.93193,0.93202,1.58,1.00
2014.05.06 14:18:09.672,0.93193,0.93205,2.70,3.08
2014.05.06 14:18:09.823,0.93193,0.93204,2.63,2.93
2014.05.06 14:18:10.126,0.93188,0.93196,1.00,1.00
2014.05.06 14:18:10.661,0.93187,0.93196,1.20,1.00
2014.05.06 14:18:10.964,0.93186,0.93192,1.13,1.00
2014.05.06 14:18:11.834,0.93184,0.93192,1.00,1.00
2014.05.06 14:18:13.742,0.93184,0.93192,1.95,1.00
2014.05.06 14:18:16.549,0.93184,0.93188,1.00,1.10
2014.05.06 14:18:16.600,0.93182,0.93188,1.00,1.10
2014.05.06 14:18:16.802,0.93182,0.9319,1.00,1.58
2014.05.06 14:18:16.903,0.93179,0.93189,1.38,1.00
2014.05.06 14:18:17.155,0.93181,0.93192,1.95,2.33
2014.05.06 14:18:17.559,0.93184,0.93192,1.20,1.00
2014.05.06 14:18:18.067,0.93181,0.93192,2.63,1.10
2014.05.06 14:18:20.209,0.93185,0.93191,1.00,1.10
2014.05.06 14:18:20.648,0.93185,0.93194,1.00,1.58
2014.05.06 14:18:20.750,0.93185,0.93192,1.00,1.10
2014.05.06 14:18:21.254,0.93184,0.93191,1.00,1.10
2014.05.06 14:18:21.607,0.93185,0.93193,1.00,4.05
2014.05.06 14:18:21.926,0.93185,0.93191,1.00,1.10
2014.05.06 14:18:22.129,0.93183,0.93191,1.50,3.30
2014.05.06 14:18:22.179,0.93183,0.93189,1.50,1.10
2014.05.06 14:18:22.688,0.93181,0.93188,1.00,2.10
2014.05.06 14:18:23.140,0.93183,0.93188,1.50,2.10
2014.05.06 14:18:23.830,0.93183,0.93187,1.00,1.00
2014.05.06 14:18:23.931,0.9318,0.93187,1.00,1.00
2014.05.06 14:18:24.512,0.9318,0.93188,1.00,2.93
2014.05.06 14:18:26.598,0.9318,0.93189,1.00,1.58
2014.05.06 14:18:26.851,0.93187,0.93191,1.00,1.00
2014.05.06 14:18:27.154,0.93186,0.93193,1.50,1.10
2014.05.06 14:18:27.210,0.93189,0.93193,1.00,1.10
2014.05.06 14:18:27.723,0.93189,0.93195,1.00,1.10
2014.05.06 14:18:27.925,0.93188,0.93193,1.00,1.10
2014.05.06 14:18:28.329,0.93186,0.93194,1.00,1.10
2014.05.06 14:18:28.531,0.93189,0.93194,1.00,1.10
2014.05.06 14:18:29.359,0.93188,0.93195,1.00,1.10
2014.05.06 14:18:29.460,0.93189,0.93197,1.00,1.00
2014.05.06 14:18:31.851,0.9319,0.93197,1.00,2.33
2014.05.06 14:18:32.725,0.93192,0.93197,1.00,1.00
2014.05.06 14:18:32.927,0.93194,0.93202,1.50,4.35
2014.05.06 14:18:33.129,0.93195,0.932,1.00,1.10
2014.05.06 14:18:33.180,0.93193,0.932,1.00,1.10
2014.05.06 14:18:33.332,0.9319,0.93197,1.00,1.00
2014.05.06 14:18:33.841,0.93192,0.93197,1.00,1.00
2014.05.06 14:18:33.892,0.93192,0.93199,1.00,1.10
2014.05.06 14:18:34.094,0.93194,0.932,1.50,2.10
2014.05.06 14:18:34.145,0.93194,0.93203,1.50,1.20
2014.05.06 14:18:34.297,0.93196,0.93204,1.00,1.10
2014.05.06 14:18:34.612,0.93195,0.93202,1.00,1.10
2014.05.06 14:18:36.862,0.93196,0.93203,1.00,1.10
2014.05.06 14:18:37.417,0.93195,0.93203,1.00,1.10
2014.05.06 14:18:37.731,0.93194,0.93205,1.95,2.33
2014.05.06 14:18:37.832,0.93196,0.93205,1.00,2.33
2014.05.06 14:18:38.087,0.93197,0.93207,1.00,2.70
2014.05.06 14:18:38.278,0.93197,0.93205,1.00,1.10
2014.05.06 14:18:38.480,0.93194,0.93205,2.70,1.10
2014.05.06 14:18:38.757,0.93196,0.93207,1.58,2.70
2014.05.06 14:18:39.351,0.93196,0.93207,1.58,3.45
2014.05.06 14:18:39.714,0.93198,0.93206,1.00,1.20
2014.05.06 14:18:40.017,0.93197,0.93204,1.00,1.00
2014.05.06 14:18:40.522,0.93198,0.93204,1.00,1.00
2014.05.06 14:18:41.313,0.93197,0.93204,1.00,1.95
2014.05.06 14:18:41.616,0.93203,0.93207,1.00,1.00
2014.05.06 14:18:41.717,0.93203,0.9321,1.00,1.58
2014.05.06 14:18:42.332,0.93202,0.9321,1.50,1.00
2014.05.06 14:18:42.383,0.93202,0.93207,1.00,1.00
2014.05.06 14:18:42.434,0.932,0.93207,1.00,1.00
2014.05.06 14:18:42.997,0.93199,0.93207,1.00,1.00
2014.05.06 14:18:43.240,0.93198,0.93205,1.00,1.00
2014.05.06 14:18:43.832,0.93198,0.93206,1.00,1.00
2014.05.06 14:18:45.199,0.93198,0.93204,1.50,1.10
2014.05.06 14:18:45.350,0.93195,0.93204,1.50,1.10
2014.05.06 14:18:45.714,0.93197,0.93204,1.00,1.10
2014.05.06 14:18:47.529,0.93196,0.932,1.00,1.10
2014.05.06 14:18:47.630,0.93197,0.93202,1.00,1.20
2014.05.06 14:18:47.987,0.93194,0.93201,1.00,1.10
2014.05.06 14:18:48.727,0.93195,0.93201,1.00,1.10
2014.05.06 14:18:49.272,0.93195,0.932,1.00,1.10
2014.05.06 14:18:49.847,0.93195,0.93201,1.00,1.10
2014.05.06 14:18:50.975,0.93195,0.93202,1.00,1.58
2014.05.06 14:18:52.218,0.93194,0.93202,1.00,1.58
2014.05.06 14:18:52.270,0.93194,0.932,1.50,1.10
2014.05.06 14:18:52.796,0.93195,0.93199,1.00,1.10
2014.05.06 14:18:52.847,0.93195,0.93202,1.00,1.58
2014.05.06 14:18:53.167,0.93198,0.93203,1.00,1.58
2014.05.06 14:18:53.728,0.93198,0.93205,1.00,1.58
2014.05.06 14:18:54.275,0.93199,0.93204,1.00,1.10
2014.05.06 14:18:56.895,0.93199,0.93206,1.00,1.95
2014.05.06 14:18:57.199,0.93205,0.9321,1.00,1.00
2014.05.06 14:18:57.251,0.93206,0.9321,1.00,1.00
2014.05.06 14:18:57.352,0.93207,0.93212,1.00,2.10
2014.05.06 14:18:57.453,0.93207,0.93215,1.00,1.00
2014.05.06 14:18:57.504,0.93209,0.93215,1.00,1.00
2014.05.06 14:18:57.970,0.93209,0.93213,1.00,1.10
2014.05.06 14:18:58.022,0.93207,0.93213,1.00,1.10
2014.05.06 14:18:58.123,0.93205,0.93211,1.50,1.10
2014.05.06 14:18:58.628,0.93206,0.93211,1.00,1.10
2014.05.06 14:18:58.960,0.93208,0.93212,1.00,1.00
2014.05.06 14:18:59.481,0.93205,0.93211,1.00,1.10
2014.05.06 14:18:59.755,0.93206,0.93211,1.00,1.10
2014.05.06 14:18:59.857,0.93206,0.93213,1.00,1.10
2014.05.06 14:19:00.223,0.93206,0.93211,1.50,1.10
2014.05.06 14:19:00.328,0.93208,0.93214,1.00,1.00
2014.05.06 14:19:00.379,0.93208,0.93216,1.00,1.95
2014.05.06 14:19:00.860,0.93211,0.93216,1.00,1.10
2014.05.06 14:19:01.014,0.93209,0.93216,1.00,1.10
2014.05.06 14:19:01.639,0.93211,0.93216,1.00,1.10
2014.05.06 14:19:01.741,0.93212,0.93218,1.00,4.13
2014.05.06 14:19:01.943,0.93214,0.93219,1.00,1.43
2014.05.06 14:19:02.247,0.93212,0.93218,1.00,1.10
2014.05.06 14:19:02.521,0.9321,0.93216,1.00,1.10
2014.05.06 14:19:02.824,0.93213,0.93217,1.00,1.10
2014.05.06 14:19:03.956,0.93211,0.93217,1.00,1.10
2014.05.06 14:19:04.437,0.93213,0.93217,1.00,1.10
2014.05.06 14:19:05.008,0.93213,0.93218,1.00,1.10
2014.05.06 14:19:05.743,0.93212,0.93218,1.00,1.10
2014.05.06 14:19:06.407,0.93211,0.93218,1.00,1.10
2014.05.06 14:19:06.559,0.93209,0.93218,1.00,1.10
2014.05.06 14:19:06.660,0.93209,0.93216,1.00,1.10
2014.05.06 14:19:07.116,0.9321,0.93218,1.00,1.58
2014.05.06 14:19:07.167,0.93212,0.93218,1.00,1.58
2014.05.06 14:19:07.483,0.9321,0.93217,1.00,1.10
2014.05.06 14:19:07.584,0.93208,0.93215,1.50,1.10
2014.05.06 14:19:08.099,0.93208,0.93216,1.00,4.05
2014.05.06 14:19:09.137,0.93208,0.93216,1.00,1.95
2014.05.06 14:19:09.661,0.93207,0.93216,1.00,1.95
2014.05.06 14:19:10.311,0.93208,0.93216,1.00,1.95
2014.05.06 14:19:10.652,0.93206,0.93211,1.00,1.10
2014.05.06 14:19:11.082,0.93204,0.93211,1.00,1.10
2014.05.06 14:19:11.507,0.93205,0.93209,1.00,1.10
2014.05.06 14:19:11.763,0.93204,0.93211,1.00,1.10
2014.05.06 14:19:11.904,0.932,0.93211,4.20,1.10
2014.05.06 14:19:11.955,0.93201,0.93207,1.00,1.10
2014.05.06 14:19:12.308,0.93202,0.93209,1.00,1.10
2014.05.06 14:19:12.359,0.93202,0.93207,1.00,1.00
2014.05.06 14:19:12.561,0.93203,0.9321,1.00,1.00
2014.05.06 14:19:12.612,0.93203,0.93207,1.00,1.10
2014.05.06 14:19:12.713,0.93202,0.93209,1.00,1.10
2014.05.06 14:19:12.865,0.93201,0.93207,1.00,1.10
2014.05.06 14:19:13.269,0.93199,0.93206,1.50,1.00
2014.05.06 14:19:13.775,0.93201,0.93206,1.00,1.88
2014.05.06 14:19:14.029,0.93201,0.93207,1.00,1.10
2014.05.06 14:19:14.477,0.93203,0.93208,1.00,1.58
2014.05.06 14:19:14.983,0.932,0.93208,1.13,1.10
2014.05.06 14:19:15.135,0.932,0.93209,1.95,1.00
2014.05.06 14:19:15.236,0.93203,0.93212,1.13,2.25
2014.05.06 14:19:15.287,0.93205,0.93212,1.13,1.50
2014.05.06 14:19:15.389,0.93205,0.93215,1.88,2.93
2014.05.06 14:19:15.440,0.93207,0.93213,1.00,1.10
2014.05.06 14:19:15.653,0.93207,0.93215,1.00,1.00
2014.05.06 14:19:15.905,0.93205,0.93212,1.00,1.00
2014.05.06 14:19:16.259,0.93203,0.93213,1.50,1.10
2014.05.06 14:19:16.612,0.93203,0.93208,1.13,1.00
2014.05.06 14:19:16.764,0.93203,0.93212,1.13,1.10
2014.05.06 14:19:17.268,0.93205,0.93213,1.00,1.10
2014.05.06 14:19:17.758,0.93208,0.93214,1.00,1.00
2014.05.06 14:19:17.859,0.93205,0.93214,1.13,1.00
2014.05.06 14:19:18.316,0.93205,0.93216,1.58,1.88
2014.05.06 14:19:18.366,0.93206,0.93212,1.00,1.00
2014.05.06 14:19:18.669,0.932,0.93206,1.00,1.10
2014.05.06 14:19:18.720,0.932,0.93208,1.00,1.10
2014.05.06 14:19:18.922,0.93202,0.93208,1.00,1.10
2014.05.06 14:19:18.973,0.93202,0.9321,1.50,1.10
2014.05.06 14:19:19.176,0.93203,0.93214,1.88,1.00
2014.05.06 14:19:19.227,0.93203,0.93214,1.88,1.00
2014.05.06 14:19:19.532,0.93209,0.93214,1.00,1.00
2014.05.06 14:19:19.987,0.9321,0.93218,1.00,1.10
2014.05.06 14:19:20.140,0.93213,0.93217,1.00,1.10
2014.05.06 14:19:20.594,0.93211,0.93219,1.00,1.00
2014.05.06 14:19:20.745,0.93215,0.93219,1.00,1.58
2014.05.06 14:19:20.847,0.93212,0.93219,1.00,1.58
2014.05.06 14:19:20.948,0.93214,0.93219,1.00,1.50
2014.05.06 14:19:21.050,0.93212,0.93217,1.00,1.10
2014.05.06 14:19:21.600,0.9321,0.93217,1.00,1.10
2014.05.06 14:19:21.953,0.93212,0.93218,1.00,1.10
2014.05.06 14:19:22.206,0.9321,0.93221,1.88,1.58
2014.05.06 14:19:22.280,0.93214,0.93221,1.00,1.58
2014.05.06 14:19:22.384,0.93211,0.93221,1.13,1.58
2014.05.06 14:19:22.613,0.93214,0.93221,1.00,1.58
2014.05.06 14:19:22.916,0.93216,0.93221,1.00,1.00
2014.05.06 14:19:22.967,0.93216,0.93223,1.00,1.00
2014.05.06 14:19:23.068,0.93216,0.93225,1.00,1.00
2014.05.06 14:19:23.379,0.93219,0.93226,1.00,1.00
2014.05.06 14:19:23.682,0.93217,0.93221,1.00,1.58
2014.05.06 14:19:23.794,0.93215,0.93222,1.00,1.00
2014.05.06 14:19:23.846,0.93215,0.9322,1.00,1.00
2014.05.06 14:19:24.048,0.93214,0.93222,1.00,1.50
2014.05.06 14:19:24.250,0.93214,0.93219,1.00,1.00
2014.05.06 14:19:24.697,0.93212,0.93219,1.00,1.13
2014.05.06 14:19:25.526,0.93212,0.9322,1.00,1.00
2014.05.06 14:19:25.689,0.9321,0.9322,1.13,1.58
2014.05.06 14:19:25.794,0.93212,0.9322,1.00,1.58
2014.05.06 14:19:26.149,0.93212,0.93217,1.00,1.00
2014.05.06 14:19:26.201,0.93209,0.93217,1.50,1.50
2014.05.06 14:19:26.252,0.93209,0.93215,1.50,1.00
2014.05.06 14:19:26.555,0.93205,0.93211,2.85,1.10
2014.05.06 14:19:26.988,0.93203,0.93211,1.00,1.58
2014.05.06 14:19:27.532,0.93202,0.93211,1.00,1.58
2014.05.06 14:19:27.582,0.93202,0.93208,1.00,1.10
2014.05.06 14:19:27.689,0.93203,0.93211,1.00,1.00
2014.05.06 14:19:28.310,0.93204,0.93211,1.00,1.00
2014.05.06 14:19:28.361,0.93204,0.93214,1.00,1.00
2014.05.06 14:19:28.513,0.93206,0.93213,1.00,1.10
2014.05.06 14:19:28.867,0.93204,0.93213,1.13,1.10
2014.05.06 14:19:32.639,0.93205,0.93213,1.00,1.10
2014.05.06 14:19:32.691,0.93206,0.93213,1.38,1.10
2014.05.06 14:19:32.895,0.93207,0.93217,2.85,1.00
2014.05.06 14:19:33.458,0.93206,0.93216,1.00,1.10
2014.05.06 14:19:33.579,0.93208,0.93216,1.00,1.10
2014.05.06 14:19:34.333,0.93206,0.93212,1.00,1.35
2014.05.06 14:19:34.485,0.93199,0.93207,1.00,1.10
2014.05.06 14:19:34.536,0.93198,0.93209,1.50,1.00
2014.05.06 14:19:34.637,0.93198,0.93209,4.20,1.00
2014.05.06 14:19:34.940,0.93198,0.93204,1.50,1.10
2014.05.06 14:19:35.143,0.93196,0.93205,1.00,4.05
2014.05.06 14:19:35.446,0.93194,0.93201,1.00,1.10
2014.05.06 14:19:35.547,0.93192,0.93201,1.13,1.10
2014.05.06 14:19:36.131,0.93191,0.93202,2.25,1.20
2014.05.06 14:19:36.653,0.93191,0.93201,1.88,1.10
2014.05.06 14:19:39.258,0.93191,0.93201,1.88,1.10
2014.05.06 14:19:41.578,0.93193,0.93202,1.38,1.00
2014.05.06 14:19:41.831,0.93195,0.93205,1.13,1.58
2014.05.06 14:19:42.033,0.93198,0.93206,1.00,1.10
2014.05.06 14:19:42.488,0.93198,0.93203,1.00,1.10
2014.05.06 14:19:42.589,0.93196,0.93202,1.00,1.10
2014.05.06 14:19:42.691,0.93198,0.93205,1.00,1.58
2014.05.06 14:19:42.893,0.93196,0.93202,1.00,1.00
2014.05.06 14:19:43.145,0.93194,0.93202,1.00,1.58
2014.05.06 14:19:43.663,0.93195,0.93201,1.00,1.10
2014.05.06 14:19:43.815,0.93193,0.932,1.00,1.10
2014.05.06 14:19:43.869,0.93193,0.93203,1.13,1.10
2014.05.06 14:19:44.021,0.93195,0.93204,1.00,1.10
2014.05.06 14:19:44.323,0.93197,0.93205,1.00,1.58
2014.05.06 14:19:44.827,0.93198,0.93204,1.00,1.10
2014.05.06 14:19:45.623,0.93198,0.93202,1.00,1.10
2014.05.06 14:19:45.674,0.93196,0.93202,1.00,1.10
2014.05.06 14:19:45.826,0.93196,0.93204,1.00,1.10
2014.05.06 14:19:45.978,0.93198,0.93204,1.13,1.10
2014.05.06 14:19:46.282,0.93201,0.93206,1.00,1.10
2014.05.06 14:19:46.585,0.93201,0.93209,1.00,2.33
2014.05.06 14:19:47.449,0.93199,0.93206,1.00,1.10
2014.05.06 14:19:47.967,0.93198,0.93206,1.50,1.10
2014.05.06 14:19:50.639,0.93198,0.93207,1.00,1.58
2014.05.06 14:19:51.159,0.93198,0.93206,1.00,1.10
2014.05.06 14:19:51.674,0.93198,0.93205,1.00,1.10
2014.05.06 14:19:52.260,0.93198,0.93206,1.00,1.10
2014.05.06 14:19:53.613,0.93201,0.93206,1.00,1.10
2014.05.06 14:19:53.765,0.93205,0.93211,1.00,5.18
2014.05.06 14:19:53.816,0.93206,0.93211,1.00,4.43
2014.05.06 14:19:53.917,0.93207,0.93213,1.88,1.10
2014.05.06 14:19:53.968,0.93208,0.93215,1.88,1.00
2014.05.06 14:19:54.069,0.93211,0.93219,1.13,2.93
2014.05.06 14:19:54.171,0.93213,0.93221,1.20,1.00
2014.05.06 14:19:54.500,0.93213,0.93222,2.70,1.50
2014.05.06 14:19:54.652,0.93213,0.93224,3.45,1.10
2014.05.06 14:19:54.753,0.93214,0.93226,1.48,1.58
2014.05.06 14:19:54.955,0.93217,0.93222,1.00,1.10
2014.05.06 14:19:55.056,0.93215,0.93222,1.00,1.10
2014.05.06 14:19:55.409,0.93212,0.93217,1.50,1.10
2014.05.06 14:19:55.460,0.93212,0.93217,1.00,1.10
2014.05.06 14:19:55.561,0.9321,0.93217,1.00,1.10
2014.05.06 14:19:55.662,0.93212,0.9322,1.00,1.10
2014.05.06 14:19:55.713,0.93212,0.93222,1.13,1.10
2014.05.06 14:19:55.814,0.93216,0.93222,1.00,1.10
2014.05.06 14:19:56.117,0.93205,0.93213,1.00,1.00
2014.05.06 14:19:56.169,0.93202,0.93206,1.00,1.10
2014.05.06 14:19:56.271,0.932,0.93206,2.85,1.10
2014.05.06 14:19:56.423,0.93197,0.93207,1.00,1.50
2014.05.06 14:19:56.928,0.93198,0.93208,1.50,1.58
2014.05.06 14:19:58.066,0.93198,0.93209,1.88,1.00
2014.05.06 14:19:58.218,0.932,0.9321,1.00,2.70
2014.05.06 14:19:58.521,0.93203,0.93212,1.00,2.33
2014.05.06 14:19:58.823,0.93202,0.93211,1.50,1.38
2014.05.06 14:19:58.874,0.93204,0.93211,1.00,5.25
2014.05.06 14:19:58.925,0.93202,0.93207,1.00,1.13
2014.05.06 14:19:59.048,0.93196,0.93203,1.00,1.58
2014.05.06 14:19:59.150,0.93196,0.93202,1.00,1.00
2014.05.06 14:19:59.201,0.93193,0.93202,2.85,1.00
2014.05.06 14:19:59.353,0.93193,0.93199,1.00,1.10
2014.05.06 14:19:59.454,0.93191,0.93199,1.00,1.10
2014.05.06 14:19:59.556,0.93193,0.93198,1.00,1.00
2014.05.06 14:19:59.858,0.93188,0.93196,1.50,1.58
2014.05.06 14:20:00.270,0.93188,0.93198,3.45,2.85
2014.05.06 14:20:00.321,0.93191,0.93198,1.00,1.00
2014.05.06 14:20:00.868,0.93191,0.93199,1.00,1.58
2014.05.06 14:20:01.171,0.93189,0.93196,1.00,1.10
2014.05.06 14:20:01.373,0.93189,0.93198,1.00,2.33
2014.05.06 14:20:01.694,0.93189,0.932,1.95,1.10
2014.05.06 14:20:01.845,0.93191,0.932,1.00,1.10
2014.05.06 14:20:02.231,0.93191,0.93202,2.70,1.58
2014.05.06 14:20:02.668,0.93191,0.93199,1.00,1.10
2014.05.06 14:20:03.546,0.93191,0.93198,1.00,1.10
2014.05.06 14:20:03.647,0.93188,0.93198,2.25,1.10
2014.05.06 14:20:03.799,0.93189,0.932,1.10,1.58
2014.05.06 14:20:04.001,0.93191,0.932,1.10,1.00
2014.05.06 14:20:04.507,0.9319,0.93199,1.00,1.10
2014.05.06 14:20:04.810,0.93194,0.932,1.00,1.10
2014.05.06 14:20:05.113,0.93198,0.93203,1.00,1.00
2014.05.06 14:20:05.467,0.93194,0.93202,1.00,1.10
2014.05.06 14:20:05.770,0.93192,0.93202,1.00,1.20
2014.05.06 14:20:05.871,0.9319,0.93202,3.45,1.20
2014.05.06 14:20:06.332,0.93192,0.93202,1.00,1.38
2014.05.06 14:20:06.580,0.93192,0.93203,1.58,1.35
2014.05.06 14:20:06.631,0.93192,0.93199,1.00,1.10
2014.05.06 14:20:06.782,0.9319,0.93199,1.00,4.05
2014.05.06 14:20:06.833,0.9319,0.93197,1.00,1.38
2014.05.06 14:20:07.149,0.93188,0.93192,1.00,1.10
2014.05.06 14:20:07.684,0.93183,0.93191,2.33,1.10
2014.05.06 14:20:07.943,0.93183,0.9319,2.33,1.00
2014.05.06 14:20:08.146,0.93179,0.93187,1.00,1.95
2014.05.06 14:20:08.197,0.93179,0.93187,1.00,1.95
2014.05.06 14:20:08.298,0.93177,0.93186,1.00,1.20
2014.05.06 14:20:08.804,0.93177,0.93187,1.00,1.58
2014.05.06 14:20:09.225,0.93177,0.93185,1.00,1.10
2014.05.06 14:20:09.278,0.93175,0.93184,1.00,1.00
2014.05.06 14:20:09.581,0.93175,0.93186,1.13,1.58
2014.05.06 14:20:09.632,0.93179,0.93186,1.00,1.58
2014.05.06 14:20:11.185,0.93179,0.93184,1.00,1.10
2014.05.06 14:20:11.287,0.93176,0.93184,1.00,1.10
2014.05.06 14:20:11.831,0.93174,0.93183,1.13,1.00
2014.05.06 14:20:11.932,0.93176,0.93183,1.00,1.00
2014.05.06 14:20:12.271,0.93179,0.93183,1.00,1.58
2014.05.06 14:20:12.373,0.93176,0.93183,1.00,1.00
2014.05.06 14:20:12.474,0.93173,0.93182,1.00,1.58
2014.05.06 14:20:12.979,0.93173,0.93183,1.00,1.95
2014.05.06 14:20:13.262,0.93177,0.93183,1.00,1.20
2014.05.06 14:20:13.802,0.93175,0.93183,1.00,1.10
2014.05.06 14:20:16.066,0.93175,0.93184,1.00,1.10
2014.05.06 14:20:16.599,0.93175,0.93183,1.00,1.10
2014.05.06 14:20:16.809,0.93178,0.93185,1.00,1.58
2014.05.06 14:20:17.062,0.93179,0.93188,1.00,1.10
2014.05.06 14:20:17.516,0.93183,0.93189,1.00,1.10
2014.05.06 14:20:17.838,0.93183,0.93187,1.00,1.10
2014.05.06 14:20:18.040,0.9318,0.93189,1.00,1.00
2014.05.06 14:20:18.562,0.9318,0.9319,1.00,1.58
2014.05.06 14:20:19.441,0.9318,0.93188,1.00,1.10
2014.05.06 14:20:19.750,0.93183,0.93189,1.00,1.10
2014.05.06 14:20:20.301,0.93182,0.93188,1.00,1.10
2014.05.06 14:20:20.402,0.93179,0.93188,2.63,1.58
2014.05.06 14:20:20.456,0.93179,0.93185,2.25,1.10
2014.05.06 14:20:20.979,0.93175,0.93182,1.00,1.10
2014.05.06 14:20:21.344,0.93175,0.93184,1.00,1.10
2014.05.06 14:20:21.547,0.93175,0.93182,1.00,1.10
2014.05.06 14:20:22.950,0.93176,0.93182,1.00,1.10
2014.05.06 14:20:23.720,0.93176,0.93184,1.00,1.10
2014.05.06 14:20:23.976,0.93176,0.93186,1.50,1.10
2014.05.06 14:20:24.027,0.93178,0.93186,1.00,1.10
2014.05.06 14:20:24.547,0.93178,0.93187,1.50,1.10
2014.05.06 14:20:24.910,0.9318,0.93189,1.00,1.10
2014.05.06 14:20:25.062,0.93181,0.93192,1.20,1.58
2014.05.06 14:20:25.213,0.93183,0.93191,1.00,1.10
2014.05.06 14:20:25.389,0.93183,0.93194,1.00,1.58
2014.05.06 14:20:25.743,0.93184,0.93195,1.48,1.50
2014.05.06 14:20:26.054,0.93188,0.93196,1.00,2.33
2014.05.06 14:20:26.572,0.93189,0.93196,1.00,1.50
2014.05.06 14:20:27.079,0.93189,0.93197,1.00,1.10
2014.05.06 14:20:27.604,0.93189,0.93198,1.00,1.00
2014.05.06 14:20:28.116,0.93189,0.93197,1.00,1.10
2014.05.06 14:20:28.520,0.93188,0.93198,3.45,1.00
2014.05.06 14:20:28.672,0.93193,0.93201,1.13,1.50
2014.05.06 14:20:29.198,0.93194,0.93201,1.00,1.50
2014.05.06 14:20:29.785,0.93194,0.93204,1.00,2.33
2014.05.06 14:20:30.527,0.93193,0.93204,1.00,2.33
2014.05.06 14:20:30.780,0.93193,0.93202,1.50,1.10
2014.05.06 14:20:31.097,0.93198,0.93204,1.00,1.00
2014.05.06 14:20:31.201,0.93195,0.93204,1.58,1.38
2014.05.06 14:20:31.403,0.93193,0.93204,3.08,1.48
2014.05.06 14:20:32.318,0.93198,0.93202,1.00,1.20
2014.05.06 14:20:32.420,0.93193,0.93204,2.33,1.10
2014.05.06 14:20:32.935,0.93194,0.93204,1.00,1.10
2014.05.06 14:20:33.321,0.93198,0.93204,1.00,1.10
2014.05.06 14:20:33.911,0.93198,0.93205,1.00,1.00
2014.05.06 14:20:34.012,0.93198,0.93207,1.00,1.00
2014.05.06 14:20:34.113,0.93199,0.9321,1.58,1.00
2014.05.06 14:20:34.554,0.93201,0.9321,1.00,1.00
2014.05.06 14:20:35.127,0.93201,0.93211,1.00,1.58
2014.05.06 14:20:35.380,0.93204,0.93215,2.10,1.58
2014.05.06 14:20:36.015,0.93204,0.93213,1.50,1.10
2014.05.06 14:20:36.318,0.93203,0.9321,1.00,1.10
2014.05.06 14:20:36.369,0.93203,0.93212,1.00,1.58
2014.05.06 14:20:36.874,0.93203,0.93213,2.33,1.00
2014.05.06 14:20:37.027,0.93204,0.93215,1.58,3.08
2014.05.06 14:20:37.128,0.93206,0.93215,1.10,2.25
2014.05.06 14:20:37.330,0.9321,0.9322,1.10,1.00
2014.05.06 14:20:37.482,0.93209,0.93217,1.13,1.00
2014.05.06 14:20:37.634,0.93206,0.93216,1.13,1.00
2014.05.06 14:20:38.161,0.93206,0.93217,1.20,1.00
2014.05.06 14:20:38.734,0.93207,0.93216,1.00,1.10
2014.05.06 14:20:38.891,0.93207,0.93213,1.00,1.00
2014.05.06 14:20:39.043,0.93205,0.93212,1.00,1.00
2014.05.06 14:20:39.785,0.93205,0.93211,1.00,1.00
2014.05.06 14:20:40.306,0.93206,0.93212,1.00,1.00
2014.05.06 14:20:40.840,0.93205,0.93212,1.00,1.00
2014.05.06 14:20:41.363,0.93205,0.93211,1.00,1.00
2014.05.06 14:20:41.907,0.93205,0.9321,1.00,1.00
2014.05.06 14:20:42.057,0.93203,0.9321,2.70,1.00
2014.05.06 14:20:42.522,0.93202,0.93208,2.85,1.00
2014.05.06 14:20:43.046,0.93204,0.93211,1.10,1.00
2014.05.06 14:20:43.549,0.93203,0.93211,1.88,1.00
2014.05.06 14:20:43.802,0.93204,0.93211,1.48,1.50
2014.05.06 14:20:43.988,0.93203,0.93211,2.70,1.00
2014.05.06 14:20:46.327,0.93203,0.93212,2.70,1.00
2014.05.06 14:20:46.855,0.93204,0.93212,1.13,1.00
2014.05.06 14:20:47.122,0.93204,0.93215,1.13,1.58
2014.05.06 14:20:47.173,0.93204,0.93215,1.38,1.58
2014.05.06 14:20:47.678,0.93208,0.93215,1.58,1.00
2014.05.06 14:20:47.728,0.93208,0.93217,1.95,1.00
2014.05.06 14:20:47.779,0.9321,0.93217,1.10,1.00
2014.05.06 14:20:48.082,0.9321,0.93214,1.10,1.00
2014.05.06 14:20:48.133,0.93208,0.93214,1.00,1.00
2014.05.06 14:20:48.436,0.93208,0.93216,1.00,1.00
2014.05.06 14:20:49.005,0.93209,0.93216,1.10,1.00
2014.05.06 14:20:49.157,0.93209,0.93214,1.10,1.00
2014.05.06 14:20:49.460,0.93205,0.93213,1.13,1.00
2014.05.06 14:20:49.511,0.93207,0.93213,1.10,1.00
2014.05.06 14:20:49.668,0.93208,0.93215,1.58,1.00
2014.05.06 14:20:49.769,0.93208,0.93217,1.95,1.00
2014.05.06 14:20:50.181,0.93207,0.93211,1.10,1.00
2014.05.06 14:20:50.283,0.93207,0.93211,1.10,1.00
2014.05.06 14:20:50.384,0.93203,0.93209,1.00,1.00
2014.05.06 14:20:51.648,0.93202,0.93209,1.10,1.00
2014.05.06 14:20:52.190,0.93203,0.9321,1.00,1.00
2014.05.06 14:20:54.066,0.93201,0.9321,2.70,1.00
2014.05.06 14:20:54.577,0.93202,0.9321,1.10,1.00
2014.05.06 14:20:55.171,0.93205,0.9321,1.10,1.00
2014.05.06 14:20:55.322,0.93205,0.93215,1.43,1.88
2014.05.06 14:20:55.373,0.93208,0.93215,1.20,1.00
2014.05.06 14:20:55.726,0.93209,0.93217,1.10,1.00
2014.05.06 14:20:56.167,0.93211,0.93218,1.10,1.00
2014.05.06 14:20:57.141,0.93211,0.93219,1.10,1.00
2014.05.06 14:20:57.454,0.93209,0.9322,1.20,1.00
2014.05.06 14:20:57.555,0.93212,0.9322,1.10,1.00
2014.05.06 14:20:58.357,0.93212,0.93222,1.20,2.25
2014.05.06 14:20:58.869,0.93213,0.93222,1.58,1.00
2014.05.06 14:20:59.306,0.93214,0.93223,1.48,1.00
2014.05.06 14:20:59.559,0.9322,0.93229,1.10,1.50
2014.05.06 14:20:59.661,0.93218,0.93226,1.95,1.00
2014.05.06 14:20:59.964,0.93216,0.93225,1.10,1.00
2014.05.06 14:21:00.511,0.93215,0.93225,1.13,1.00
2014.05.06 14:21:01.046,0.93214,0.93225,1.20,1.00
2014.05.06 14:21:01.570,0.93214,0.93225,1.48,1.00
2014.05.06 14:21:02.948,0.93216,0.93225,1.10,1.00
2014.05.06 14:21:03.642,0.93218,0.93225,1.00,1.00
2014.05.06 14:21:04.070,0.93216,0.93225,1.10,1.00
2014.05.06 14:21:04.172,0.93218,0.93226,1.95,1.00
2014.05.06 14:21:04.475,0.93221,0.93228,1.10,1.00
2014.05.06 14:21:04.576,0.93221,0.9323,1.10,1.00
2014.05.06 14:21:05.135,0.9322,0.9323,1.48,1.00
2014.05.06 14:21:06.154,0.93223,0.9323,1.00,1.00
2014.05.06 14:21:06.657,0.93222,0.9323,1.10,1.00
2014.05.06 14:21:06.759,0.9322,0.93225,1.48,1.00
2014.05.06 14:21:06.810,0.93218,0.93225,1.00,1.00
2014.05.06 14:21:06.912,0.93215,0.93224,3.23,1.00
2014.05.06 14:21:08.676,0.93217,0.93226,1.10,1.00
2014.05.06 14:21:09.208,0.93218,0.93226,1.00,1.00
2014.05.06 14:21:09.561,0.9322,0.93226,1.10,1.00
2014.05.06 14:21:09.663,0.9322,0.9323,1.48,1.00
2014.05.06 14:21:09.915,0.93225,0.93231,1.10,1.50
2014.05.06 14:21:10.171,0.93225,0.93234,1.95,1.00
2014.05.06 14:21:10.272,0.93228,0.93236,1.20,2.25
2014.05.06 14:21:10.474,0.93226,0.93234,1.13,1.00
2014.05.06 14:21:11.088,0.93225,0.93234,1.20,1.00
2014.05.06 14:21:11.423,0.93227,0.93234,1.10,1.00
2014.05.06 14:21:11.712,0.93226,0.93236,1.48,1.00
2014.05.06 14:21:12.152,0.93225,0.93235,1.10,1.00
2014.05.06 14:21:12.203,0.93224,0.93231,1.88,1.00
2014.05.06 14:21:12.506,0.93221,0.93229,1.13,1.00
2014.05.06 14:21:12.657,0.93222,0.93231,1.10,1.00
2014.05.06 14:21:13.011,0.9322,0.9323,1.10,1.00
2014.05.06 14:21:13.525,0.93219,0.93229,1.13,1.00
2014.05.06 14:21:14.099,0.93219,0.9323,2.55,1.00
2014.05.06 14:21:14.201,0.93223,0.93232,1.20,1.00
2014.05.06 14:21:15.185,0.93222,0.93232,1.20,1.50
2014.05.06 14:21:15.705,0.93221,0.93231,2.70,1.00
2014.05.06 14:21:16.251,0.93222,0.93232,1.20,1.50
2014.05.06 14:21:16.403,0.93225,0.93234,1.10,1.00
2014.05.06 14:21:16.910,0.93225,0.93233,1.20,1.00
2014.05.06 14:21:17.429,0.93226,0.93234,1.13,1.00
2014.05.06 14:21:17.955,0.93226,0.93234,1.48,1.00
2014.05.06 14:21:18.257,0.93226,0.93236,1.95,1.00
2014.05.06 14:21:18.688,0.93226,0.93234,3.23,1.58
2014.05.06 14:21:19.193,0.93224,0.93233,3.30,1.00
2014.05.06 14:21:19.797,0.93224,0.93232,1.48,1.00
2014.05.06 14:21:22.248,0.93224,0.93232,1.48,1.00
2014.05.06 14:21:22.349,0.93225,0.93234,1.48,1.00
2014.05.06 14:21:22.501,0.93224,0.93233,1.10,1.00
2014.05.06 14:21:23.005,0.93223,0.93232,1.13,1.00
2014.05.06 14:21:23.106,0.93223,0.93228,1.13,1.00
2014.05.06 14:21:23.258,0.9322,0.93229,2.55,1.00
2014.05.06 14:21:23.771,0.93219,0.93227,1.95,1.00
2014.05.06 14:21:23.872,0.93218,0.93227,1.95,1.00
2014.05.06 14:21:24.118,0.93221,0.93228,1.20,1.00
2014.05.06 14:21:24.630,0.9322,0.93229,1.48,1.00
2014.05.06 14:21:26.006,0.93222,0.9323,1.20,1.00
2014.05.06 14:21:26.524,0.93222,0.93231,1.48,1.50
2014.05.06 14:21:27.514,0.93222,0.93232,1.48,1.50
2014.05.06 14:21:30.386,0.93222,0.93232,1.10,1.00
2014.05.06 14:21:31.747,0.9322,0.93232,1.20,2.70
2014.05.06 14:21:31.798,0.9322,0.9323,1.10,1.13
2014.05.06 14:21:32.102,0.93216,0.93223,1.00,1.10
2014.05.06 14:21:32.203,0.93213,0.93223,1.88,1.10
2014.05.06 14:21:32.744,0.93213,0.93222,1.13,1.00
2014.05.06 14:21:33.367,0.93213,0.93223,1.88,1.10
2014.05.06 14:21:33.925,0.93213,0.93223,1.88,1.10
2014.05.06 14:21:33.976,0.93213,0.93223,2.63,1.10
2014.05.06 14:21:34.129,0.93216,0.93226,1.20,1.00
2014.05.06 14:21:34.382,0.93214,0.93226,2.33,1.58
2014.05.06 14:21:34.484,0.93214,0.93224,1.00,1.10
2014.05.06 14:21:35.034,0.93213,0.93223,1.50,1.10
2014.05.06 14:21:37.455,0.93213,0.93224,2.25,1.58
2014.05.06 14:21:38.046,0.93213,0.93223,2.25,1.10
2014.05.06 14:21:38.665,0.93213,0.93224,1.50,1.58
2014.05.06 14:21:39.316,0.93213,0.93223,1.50,1.10
2014.05.06 14:21:39.619,0.9322,0.9323,1.88,1.10
2014.05.06 14:21:39.922,0.93219,0.93227,1.10,1.13
2014.05.06 14:21:40.229,0.93218,0.93225,1.00,1.10
2014.05.06 14:21:40.481,0.93215,0.93224,1.00,1.00
2014.05.06 14:21:40.645,0.93215,0.93221,1.00,1.10
2014.05.06 14:21:40.735,0.93213,0.93221,1.00,1.10
2014.05.06 14:21:41.785,0.93211,0.93221,1.00,1.10
2014.05.06 14:21:41.936,0.93211,0.93219,1.00,1.00
2014.05.06 14:21:42.149,0.93209,0.93221,1.95,2.33
2014.05.06 14:21:43.147,0.93209,0.93218,1.38,1.10
2014.05.06 14:21:43.248,0.93209,0.93221,1.95,2.33
2014.05.06 14:21:44.574,0.93209,0.9322,1.88,1.10
2014.05.06 14:21:44.725,0.93209,0.9322,2.63,1.10
2014.05.06 14:21:44.826,0.93212,0.93222,1.38,2.33
2014.05.06 14:21:45.186,0.93213,0.93224,2.48,1.58
2014.05.06 14:21:45.237,0.93216,0.93225,1.10,1.00
2014.05.06 14:21:45.590,0.93213,0.93222,1.38,1.10
2014.05.06 14:21:45.847,0.93213,0.93222,1.38,1.10
2014.05.06 14:21:46.137,0.93212,0.93219,1.38,1.10
2014.05.06 14:21:46.216,0.93212,0.93221,1.38,1.10
2014.05.06 14:21:46.729,0.93212,0.93221,1.13,1.10
2014.05.06 14:21:46.780,0.93213,0.93223,1.13,1.10
2014.05.06 14:21:47.284,0.93213,0.93224,2.63,1.10
2014.05.06 14:21:47.436,0.93214,0.93225,1.88,1.10
2014.05.06 14:21:47.537,0.93215,0.93227,2.55,2.33
2014.05.06 14:21:47.588,0.93215,0.93227,2.55,2.33
2014.05.06 14:21:48.397,0.93215,0.93227,1.95,1.58
2014.05.06 14:21:48.848,0.93214,0.93222,4.05,1.00
2014.05.06 14:21:48.951,0.93212,0.93219,2.10,1.10
2014.05.06 14:21:49.002,0.9321,0.9322,1.13,1.10
2014.05.06 14:21:49.053,0.93209,0.93217,2.48,1.00
2014.05.06 14:21:49.154,0.93208,0.93219,2.70,1.00
2014.05.06 14:21:49.658,0.93209,0.93219,1.48,1.00
2014.05.06 14:21:49.709,0.93209,0.93221,1.48,1.50
2014.05.06 14:21:49.796,0.93209,0.93219,1.48,1.00
2014.05.06 14:21:50.208,0.93209,0.93219,1.48,1.00
2014.05.06 14:21:50.259,0.93209,0.93221,1.48,1.50
2014.05.06 14:21:50.788,0.9321,0.93223,3.45,1.50
2014.05.06 14:21:51.308,0.9321,0.93222,2.70,1.00
2014.05.06 14:21:51.857,0.9321,0.93222,1.88,1.13
2014.05.06 14:21:52.419,0.93213,0.93222,1.00,1.13
2014.05.06 14:21:53.611,0.93211,0.93222,1.00,1.13
2014.05.06 14:21:54.918,0.9321,0.93222,1.13,1.13
2014.05.06 14:21:56.529,0.9321,0.93218,1.13,1.00
2014.05.06 14:21:57.031,0.93209,0.93218,1.13,1.50
2014.05.06 14:21:58.216,0.93208,0.93218,1.00,2.70
2014.05.06 14:21:58.419,0.93204,0.93215,1.13,1.00
2014.05.06 14:21:58.778,0.93206,0.93216,1.13,1.00
2014.05.06 14:21:59.288,0.93206,0.93217,1.50,1.13
2014.05.06 14:22:01.033,0.93205,0.93217,1.13,2.70
2014.05.06 14:22:01.336,0.93204,0.93214,1.13,1.00
2014.05.06 14:22:01.863,0.93203,0.93213,1.38,1.00
2014.05.06 14:22:02.367,0.93203,0.93213,1.00,1.00
2014.05.06 14:22:02.847,0.93203,0.93211,1.00,1.00
2014.05.06 14:22:04.042,0.93202,0.93213,2.55,1.00
2014.05.06 14:22:04.545,0.93203,0.93215,2.70,1.13
2014.05.06 14:22:05.485,0.93203,0.93215,1.50,1.38
2014.05.06 14:22:08.004,0.93203,0.93215,1.38,1.00
2014.05.06 14:22:08.405,0.93202,0.93215,3.23,1.88
2014.05.06 14:22:08.626,0.93202,0.93212,2.48,1.00
2014.05.06 14:22:10.067,0.93202,0.93213,3.30,1.00
2014.05.06 14:22:10.369,0.93206,0.93214,2.70,1.50
2014.05.06 14:22:10.688,0.93209,0.93214,1.10,1.00
2014.05.06 14:22:10.895,0.93209,0.93216,1.10,1.00
2014.05.06 14:22:10.971,0.93209,0.93218,1.10,1.00
2014.05.06 14:22:11.666,0.93208,0.93218,1.13,1.00
2014.05.06 14:22:12.356,0.93208,0.93218,1.10,1.38
2014.05.06 14:22:12.558,0.93205,0.93216,1.13,1.50
2014.05.06 14:22:13.032,0.93203,0.93216,1.88,2.63
2014.05.06 14:22:13.335,0.93205,0.93216,1.00,1.88
2014.05.06 14:22:13.436,0.93203,0.93216,1.88,2.63
2014.05.06 14:22:13.487,0.93203,0.93213,1.88,1.00
2014.05.06 14:22:13.789,0.93202,0.93211,1.13,1.00
2014.05.06 14:22:14.103,0.93202,0.93209,1.13,1.00
2014.05.06 14:22:14.683,0.93201,0.93209,4.65,1.00
2014.05.06 14:22:15.364,0.93201,0.93212,4.65,1.00
2014.05.06 14:22:15.968,0.93201,0.93212,4.65,1.00
2014.05.06 14:22:16.495,0.93203,0.93213,1.20,1.00
2014.05.06 14:22:16.891,0.93203,0.93213,1.48,1.00
2014.05.06 14:22:17.054,0.93208,0.93216,1.20,1.00
2014.05.06 14:22:17.307,0.93208,0.93218,3.30,1.00
2014.05.06 14:22:18.039,0.93209,0.93218,1.10,1.00
2014.05.06 14:22:18.803,0.93208,0.93218,3.30,1.00
2014.05.06 14:22:19.229,0.93206,0.93217,3.83,1.10
2014.05.06 14:22:19.381,0.93205,0.93215,1.00,1.00
2014.05.06 14:22:19.963,0.93204,0.93215,1.88,1.00
2014.05.06 14:22:21.910,0.93205,0.93215,1.10,1.13
2014.05.06 14:22:22.218,0.93209,0.93219,1.10,1.38
2014.05.06 14:22:22.269,0.93209,0.93219,1.10,1.13
2014.05.06 14:22:22.823,0.93208,0.93219,1.58,1.88
2014.05.06 14:22:23.544,0.93209,0.93219,1.00,1.13
2014.05.06 14:22:24.127,0.9321,0.93219,1.10,1.13
2014.05.06 14:22:25.300,0.9321,0.93217,1.10,1.00
2014.05.06 14:22:25.350,0.93206,0.93217,1.00,1.38
2014.05.06 14:22:25.875,0.93205,0.93217,1.00,1.88
2014.05.06 14:22:26.749,0.93205,0.93217,1.38,1.50
2014.05.06 14:22:26.903,0.93209,0.93217,1.10,1.50
2014.05.06 14:22:27.257,0.9321,0.93219,1.00,1.00
2014.05.06 14:22:37.397,0.9321,0.93216,1.00,1.00
2014.05.06 14:22:37.448,0.93208,0.93216,1.00,1.00
2014.05.06 14:22:37.549,0.93206,0.93216,1.88,1.00
2014.05.06 14:22:37.650,0.93209,0.93216,1.13,1.00
2014.05.06 14:22:37.701,0.93209,0.93218,1.13,1.00
2014.05.06 14:22:38.104,0.93206,0.93218,1.00,1.88
2014.05.06 14:22:38.205,0.93204,0.93214,1.13,1.10
2014.05.06 14:22:38.710,0.93205,0.93214,1.00,1.10
2014.05.06 14:22:38.760,0.93203,0.93214,1.50,1.20
2014.05.06 14:22:39.267,0.93203,0.93213,1.00,1.48
2014.05.06 14:22:39.721,0.93202,0.9321,1.00,1.10
2014.05.06 14:22:39.772,0.932,0.9321,1.13,1.10
2014.05.06 14:22:40.366,0.932,0.93211,1.00,1.95
2014.05.06 14:22:41.015,0.932,0.93211,1.38,1.00
2014.05.06 14:22:43.088,0.93202,0.93214,1.13,3.23
2014.05.06 14:22:43.240,0.93204,0.93214,1.10,1.00
2014.05.06 14:22:43.767,0.93203,0.93214,1.95,1.00
2014.05.06 14:22:45.671,0.93204,0.93214,1.00,1.00
2014.05.06 14:22:46.051,0.93205,0.93216,1.58,1.13
2014.05.06 14:22:46.586,0.93206,0.93217,1.00,1.38
2014.05.06 14:22:46.839,0.93207,0.93217,1.38,1.00
2014.05.06 14:22:46.990,0.93208,0.93219,1.20,1.00
2014.05.06 14:22:47.513,0.93209,0.93219,1.95,1.00
2014.05.06 14:22:48.407,0.9321,0.93219,1.10,1.00
2014.05.06 14:22:54.119,0.93215,0.93222,1.10,1.00
2014.05.06 14:22:54.270,0.93215,0.93224,1.10,1.00
2014.05.06 14:22:54.472,0.93213,0.93224,1.20,2.33
2014.05.06 14:22:54.775,0.93211,0.93222,4.05,1.00
2014.05.06 14:22:55.288,0.93211,0.93222,3.23,1.00
2014.05.06 14:22:55.541,0.9321,0.93221,1.13,1.00
2014.05.06 14:22:55.642,0.93208,0.9322,1.13,1.88
2014.05.06 14:22:56.209,0.9321,0.9322,1.00,1.13
2014.05.06 14:22:56.310,0.93211,0.93222,1.13,1.00
2014.05.06 14:22:56.884,0.93211,0.93224,2.63,1.88
2014.05.06 14:22:57.648,0.93211,0.93224,2.63,1.50
2014.05.06 14:22:58.181,0.93214,0.93224,1.38,1.00
2014.05.06 14:22:58.712,0.93215,0.93225,1.13,1.00
2014.05.06 14:22:59.255,0.93215,0.93225,1.00,1.38
2014.05.06 14:22:59.799,0.93216,0.93227,1.00,1.13
2014.05.06 14:22:59.950,0.93213,0.93224,4.73,1.00
2014.05.06 14:23:00.455,0.93213,0.93222,1.38,1.00
2014.05.06 14:23:01.454,0.93212,0.93222,1.38,1.00
2014.05.06 14:23:01.656,0.9321,0.93222,1.88,1.58
2014.05.06 14:23:01.997,0.9321,0.93219,1.88,1.00
2014.05.06 14:23:02.896,0.9321,0.93219,1.88,1.00
2014.05.06 14:23:03.426,0.9321,0.93219,1.88,1.00
2014.05.06 14:23:04.096,0.9321,0.93219,1.00,1.38
2014.05.06 14:23:04.147,0.93207,0.93218,1.50,1.13
2014.05.06 14:23:04.197,0.93207,0.93217,1.00,1.95
2014.05.06 14:23:04.248,0.93204,0.93216,1.88,1.13
2014.05.06 14:23:04.299,0.93204,0.93214,1.13,1.00
2014.05.06 14:23:04.757,0.93205,0.93216,1.38,1.50
2014.05.06 14:23:05.271,0.93206,0.93217,1.38,2.33
2014.05.06 14:23:07.223,0.93207,0.93217,1.38,1.58
2014.05.06 14:23:07.375,0.93208,0.93219,2.70,1.00
2014.05.06 14:23:07.476,0.9321,0.93221,1.13,1.00
2014.05.06 14:23:09.246,0.9321,0.93221,1.38,1.00
2014.05.06 14:23:09.815,0.9321,0.93222,2.63,1.00
2014.05.06 14:23:10.346,0.9321,0.93221,1.50,1.13
2014.05.06 14:23:10.447,0.9321,0.93217,1.50,1.10
2014.05.06 14:23:10.549,0.93206,0.93217,1.13,1.10
2014.05.06 14:23:11.133,0.93207,0.93218,1.00,2.70
2014.05.06 14:23:12.205,0.93207,0.93217,1.00,1.10
2014.05.06 14:23:12.918,0.93207,0.93217,1.00,1.48
2014.05.06 14:23:13.120,0.93203,0.93212,1.00,1.00
2014.05.06 14:23:13.170,0.93201,0.9321,2.10,1.00
2014.05.06 14:23:13.507,0.93204,0.9321,1.00,1.00
2014.05.06 14:23:13.608,0.93204,0.93213,1.00,1.10
2014.05.06 14:23:14.142,0.93204,0.93212,1.00,1.00
2014.05.06 14:23:14.192,0.93204,0.9321,1.00,1.10
2014.05.06 14:23:14.560,0.93204,0.93212,1.00,1.10
2014.05.06 14:23:15.665,0.93204,0.93211,1.00,1.00
2014.05.06 14:23:16.545,0.93204,0.93212,1.00,1.10
2014.05.06 14:23:17.063,0.93204,0.93213,1.00,1.58
2014.05.06 14:23:18.942,0.93204,0.93213,1.00,1.58
2014.05.06 14:23:19.093,0.93204,0.93213,1.00,1.58
2014.05.06 14:23:19.627,0.93204,0.93212,1.00,1.10
2014.05.06 14:23:19.687,0.93204,0.9321,1.00,1.10
2014.05.06 14:23:19.738,0.93202,0.9321,1.50,1.10
2014.05.06 14:23:21.533,0.93201,0.9321,1.50,1.58
2014.05.06 14:23:25.694,0.93203,0.9321,1.50,1.00
2014.05.06 14:23:25.795,0.93206,0.93215,1.00,1.50
2014.05.06 14:23:25.896,0.93209,0.93215,1.00,1.00
2014.05.06 14:23:25.947,0.9321,0.93219,1.00,1.00
2014.05.06 14:23:26.456,0.9321,0.9322,1.00,1.13
2014.05.06 14:23:26.892,0.9321,0.93218,1.00,1.00
2014.05.06 14:23:27.412,0.93209,0.93218,2.85,1.00
2014.05.06 14:23:29.236,0.93209,0.93218,1.88,1.00
2014.05.06 14:23:29.337,0.93213,0.93223,1.10,1.00
2014.05.06 14:23:29.388,0.93215,0.93224,1.10,1.00
2014.05.06 14:23:29.590,0.93213,0.93224,2.33,1.95
2014.05.06 14:23:30.114,0.93214,0.93224,1.20,1.00
2014.05.06 14:23:30.549,0.93214,0.93226,1.95,1.58
2014.05.06 14:23:31.094,0.93215,0.93225,1.38,1.58
2014.05.06 14:23:31.246,0.93219,0.93225,1.00,1.00
2014.05.06 14:23:31.751,0.93219,0.93226,1.00,1.10
2014.05.06 14:23:32.234,0.93219,0.93224,1.00,1.10
2014.05.06 14:23:32.702,0.93219,0.93226,1.00,1.10
2014.05.06 14:23:33.354,0.93219,0.93227,1.00,1.58
2014.05.06 14:23:34.216,0.93218,0.93227,1.00,1.00
2014.05.06 14:23:35.181,0.93217,0.93228,1.88,1.10
2014.05.06 14:23:35.717,0.93218,0.93227,2.10,1.00
2014.05.06 14:23:36.265,0.93216,0.93227,1.50,2.70
2014.05.06 14:23:36.467,0.93216,0.93225,1.00,1.00
2014.05.06 14:23:36.669,0.93213,0.93223,1.00,1.10
2014.05.06 14:23:38.915,0.93212,0.93222,1.10,1.00
2014.05.06 14:23:40.219,0.93211,0.93217,1.00,1.10
2014.05.06 14:23:40.271,0.93209,0.93217,1.00,1.10
2014.05.06 14:23:40.812,0.93208,0.93217,1.00,1.10
2014.05.06 14:23:41.175,0.93208,0.93215,1.00,1.10
2014.05.06 14:23:41.326,0.93206,0.93215,1.00,1.58
2014.05.06 14:23:41.427,0.93206,0.93213,1.00,1.00
2014.05.06 14:23:41.680,0.93204,0.93213,1.00,1.00
2014.05.06 14:23:41.730,0.93204,0.93211,1.00,1.10
2014.05.06 14:23:41.831,0.93201,0.9321,1.00,1.10
2014.05.06 14:23:41.883,0.93201,0.93208,1.00,1.00
2014.05.06 14:23:42.424,0.932,0.93208,1.00,1.00
2014.05.06 14:23:43.246,0.93201,0.93208,1.10,1.00
2014.05.06 14:23:43.549,0.9321,0.93214,1.13,1.00
2014.05.06 14:23:43.600,0.9321,0.93218,1.13,1.00
2014.05.06 14:23:43.751,0.93211,0.93215,1.00,1.00
2014.05.06 14:23:43.903,0.93208,0.93215,1.58,1.00
2014.05.06 14:23:43.953,0.93208,0.93213,1.00,1.00
2014.05.06 14:23:44.105,0.93208,0.93216,1.00,1.13
2014.05.06 14:23:44.156,0.93204,0.93211,3.60,1.10
2014.05.06 14:23:44.698,0.93205,0.93211,1.00,1.00
2014.05.06 14:23:46.185,0.93205,0.93213,1.00,1.00
2014.05.06 14:23:46.557,0.93208,0.93213,1.00,1.00
2014.05.06 14:23:47.375,0.93212,0.9322,1.50,1.00
2014.05.06 14:23:47.476,0.93209,0.93219,4.35,1.10
2014.05.06 14:23:47.679,0.93213,0.9322,1.00,1.10
2014.05.06 14:23:48.019,0.93209,0.93216,1.50,1.00
2014.05.06 14:23:48.133,0.93209,0.93218,1.50,1.00
2014.05.06 14:23:49.665,0.93209,0.93216,1.00,1.00
2014.05.06 14:23:52.673,0.93209,0.93218,1.00,1.00
2014.05.06 14:23:53.207,0.93209,0.93216,1.00,1.00
2014.05.06 14:23:54.903,0.93208,0.93216,1.88,1.00
2014.05.06 14:23:55.987,0.93208,0.93216,1.38,1.00
2014.05.06 14:23:56.336,0.93213,0.93218,1.00,1.10
2014.05.06 14:23:56.740,0.93212,0.93216,1.00,1.00
2014.05.06 14:23:56.790,0.9321,0.93216,1.00,1.00
2014.05.06 14:23:57.295,0.93209,0.93217,1.13,1.10
2014.05.06 14:23:57.497,0.93207,0.93216,1.50,1.10
2014.05.06 14:23:58.030,0.93208,0.93215,1.00,1.10
2014.05.06 14:23:58.563,0.93213,0.93219,1.00,1.88
2014.05.06 14:23:58.614,0.93213,0.93219,1.00,1.88
2014.05.06 14:23:59.785,0.93211,0.93218,1.00,1.10
2014.05.06 14:24:00.346,0.93213,0.93218,1.00,1.10
2014.05.06 14:24:00.599,0.93214,0.93221,1.60,1.00
2014.05.06 14:24:00.650,0.93218,0.93222,1.00,1.10
2014.05.06 14:24:00.700,0.93218,0.93224,1.00,1.00
2014.05.06 14:24:00.852,0.93218,0.93226,1.00,1.00
2014.05.06 14:24:00.953,0.93219,0.93228,1.00,1.00
2014.05.06 14:24:01.382,0.93219,0.93226,1.00,1.10
2014.05.06 14:24:01.905,0.93219,0.93224,1.00,1.10
2014.05.06 14:24:03.790,0.93219,0.93225,1.00,1.10
2014.05.06 14:24:05.236,0.93219,0.93224,1.00,1.10
2014.05.06 14:24:07.403,0.93219,0.93225,1.00,1.10
2014.05.06 14:24:08.426,0.93219,0.93228,1.13,1.00
2014.05.06 14:24:08.629,0.93223,0.93229,1.00,1.00
2014.05.06 14:24:08.881,0.93221,0.9323,1.00,1.58
2014.05.06 14:24:09.083,0.93223,0.9323,1.00,1.58
2014.05.06 14:24:09.285,0.93221,0.9323,1.10,1.00
2014.05.06 14:24:09.550,0.93219,0.93229,1.00,1.10
2014.05.06 14:24:12.107,0.93219,0.93229,3.23,1.10
2014.05.06 14:24:12.360,0.93221,0.93231,3.98,1.10
2014.05.06 14:24:14.933,0.93221,0.93233,3.98,1.58
2014.05.06 14:24:15.356,0.93228,0.93236,1.88,1.50
2014.05.06 14:24:15.458,0.93229,0.93238,1.00,1.10
2014.05.06 14:24:15.965,0.9323,0.93239,2.10,1.00
2014.05.06 14:24:16.016,0.9323,0.93241,2.48,1.58
2014.05.06 14:24:17.182,0.93231,0.93241,1.00,1.58
2014.05.06 14:24:18.549,0.9323,0.93241,3.23,1.58
2014.05.06 14:24:18.853,0.93229,0.93238,3.98,1.00
2014.05.06 14:24:19.157,0.93224,0.93229,1.43,1.00
2014.05.06 14:24:19.208,0.93222,0.93229,2.33,1.00
2014.05.06 14:24:19.258,0.93219,0.93226,2.18,1.00
2014.05.06 14:24:19.461,0.93218,0.93222,1.00,1.00
2014.05.06 14:24:19.674,0.93213,0.93221,1.50,1.10
2014.05.06 14:24:20.336,0.93215,0.93221,1.00,1.10
2014.05.06 14:24:20.863,0.93215,0.93224,1.13,1.10
2014.05.06 14:24:21.368,0.93213,0.93224,1.73,1.58
2014.05.06 14:24:21.519,0.93213,0.93222,1.88,1.10
2014.05.06 14:24:21.570,0.93213,0.93222,1.88,1.10
2014.05.06 14:24:22.130,0.93213,0.93221,1.13,1.10
2014.05.06 14:24:22.364,0.93214,0.93221,1.38,1.10
2014.05.06 14:24:22.415,0.93215,0.93224,1.13,1.10
2014.05.06 14:24:22.466,0.93215,0.93224,1.88,1.10
2014.05.06 14:24:22.718,0.93219,0.93227,1.00,1.00
2014.05.06 14:24:22.836,0.93219,0.93227,1.38,1.00
2014.05.06 14:24:22.887,0.93219,0.93229,1.38,1.58
2014.05.06 14:24:23.438,0.93219,0.9323,3.23,1.10
2014.05.06 14:24:24.233,0.9322,0.9323,1.38,1.10
2014.05.06 14:24:25.259,0.9322,0.93227,1.38,1.10
2014.05.06 14:24:26.238,0.9322,0.93229,1.38,1.10
2014.05.06 14:24:26.751,0.9322,0.93229,1.38,1.10
2014.05.06 14:24:27.282,0.9322,0.93229,1.38,1.10
2014.05.06 14:24:27.383,0.93219,0.93229,1.00,1.10
2014.05.06 14:24:27.484,0.9322,0.93227,1.00,1.10
2014.05.06 14:24:27.787,0.93223,0.93231,1.00,1.58
2014.05.06 14:24:28.039,0.9322,0.9323,3.98,1.10
2014.05.06 14:24:30.107,0.9322,0.93231,3.98,1.58
2014.05.06 14:24:30.158,0.93225,0.93231,1.00,1.58
2014.05.06 14:24:30.461,0.93228,0.93237,1.00,1.10
2014.05.06 14:24:30.664,0.93228,0.93239,2.70,1.58
2014.05.06 14:24:30.966,0.9323,0.9324,1.13,1.00
2014.05.06 14:24:33.984,0.9323,0.93236,1.13,1.10
2014.05.06 14:24:34.236,0.93228,0.93237,3.60,1.10
2014.05.06 14:24:34.499,0.93226,0.93234,2.25,1.10
2014.05.06 14:24:34.858,0.93223,0.93234,2.33,2.70
2014.05.06 14:24:34.987,0.93221,0.93233,2.48,1.95
2014.05.06 14:24:35.616,0.93222,0.93233,1.13,1.10
2014.05.06 14:24:36.184,0.93222,0.93233,1.50,1.48
2014.05.06 14:24:37.613,0.93222,0.93233,1.13,1.58
2014.05.06 14:24:38.343,0.93222,0.93231,1.13,1.10
2014.05.06 14:24:44.245,0.93222,0.93233,1.13,1.50
2014.05.06 14:24:44.783,0.93222,0.93233,1.38,1.58
2014.05.06 14:24:46.822,0.93222,0.93233,1.00,1.95
2014.05.06 14:24:47.404,0.93222,0.93229,1.00,1.10
2014.05.06 14:24:47.914,0.93221,0.93229,1.13,1.10
2014.05.06 14:24:50.123,0.9322,0.93227,1.88,1.10
2014.05.06 14:24:50.498,0.9322,0.93229,1.88,1.10
2014.05.06 14:24:51.493,0.9322,0.93229,1.00,1.10
2014.05.06 14:24:51.594,0.93218,0.93227,1.38,1.10
2014.05.06 14:24:52.099,0.93218,0.93227,1.38,1.10
2014.05.06 14:24:52.772,0.93218,0.93229,1.38,1.10
2014.05.06 14:24:52.917,0.93218,0.93227,1.13,1.10
2014.05.06 14:24:53.221,0.93217,0.93225,3.23,1.10
2014.05.06 14:24:53.473,0.93218,0.93228,1.38,1.00
2014.05.06 14:24:54.093,0.93218,0.93229,1.38,1.58
2014.05.06 14:24:54.797,0.93218,0.93229,1.38,1.58
2014.05.06 14:24:54.898,0.93218,0.93227,1.00,1.58
2014.05.06 14:24:55.204,0.93218,0.93225,1.00,1.10
2014.05.06 14:24:55.886,0.93218,0.93226,1.00,1.00
2014.05.06 14:24:56.546,0.93219,0.93226,1.10,1.00
2014.05.06 14:24:59.115,0.93219,0.93228,1.10,1.13
2014.05.06 14:25:00.153,0.93219,0.93229,1.10,1.00
2014.05.06 14:25:00.432,0.93215,0.93226,3.98,1.10
2014.05.06 14:25:00.836,0.93218,0.93226,1.00,1.00
2014.05.06 14:25:00.887,0.93218,0.93228,1.00,1.58
2014.05.06 14:25:01.190,0.93215,0.93226,1.58,1.00
2014.05.06 14:25:01.244,0.93213,0.93223,3.38,1.10
2014.05.06 14:25:01.554,0.93213,0.93221,1.00,1.10
2014.05.06 14:25:02.108,0.93212,0.93221,1.13,1.10
2014.05.06 14:25:03.281,0.93212,0.9322,1.00,1.00
2014.05.06 14:25:03.382,0.9321,0.9322,1.95,1.00
2014.05.06 14:25:03.912,0.93209,0.93219,1.88,1.10
2014.05.06 14:25:04.121,0.93213,0.93219,1.00,1.10
2014.05.06 14:25:04.425,0.9322,0.93227,1.10,1.00
2014.05.06 14:25:04.629,0.93219,0.93227,1.58,1.00
2014.05.06 14:25:04.991,0.93216,0.93225,2.10,1.00
2014.05.06 14:25:05.093,0.93214,0.93225,1.58,1.00
2014.05.06 14:25:13.644,0.93214,0.93223,1.50,1.10
2014.05.06 14:25:14.193,0.93214,0.93224,1.58,1.00
2014.05.06 14:25:15.004,0.93214,0.93223,1.00,1.10
2014.05.06 14:25:15.527,0.93214,0.93224,1.58,1.00
2014.05.06 14:25:15.842,0.93222,0.93226,1.00,1.10
2014.05.06 14:25:15.994,0.93225,0.93233,1.10,1.00
2014.05.06 14:25:17.533,0.93225,0.93232,1.10,1.00
2014.05.06 14:25:18.714,0.93223,0.93232,1.20,1.00
2014.05.06 14:25:18.916,0.93225,0.93232,1.10,1.00
2014.05.06 14:25:19.465,0.93225,0.93233,1.10,1.00
2014.05.06 14:25:20.094,0.93225,0.93232,1.10,1.00
2014.05.06 14:25:20.644,0.93225,0.93233,1.10,1.00
2014.05.06 14:25:21.222,0.93225,0.93232,1.10,1.00
2014.05.06 14:25:21.822,0.93225,0.93233,1.10,1.00
2014.05.06 14:25:21.924,0.93223,0.93232,1.00,1.58
2014.05.06 14:25:22.025,0.93225,0.93231,1.10,1.13
2014.05.06 14:25:22.277,0.93225,0.93233,1.10,1.00
2014.05.06 14:25:22.906,0.93225,0.93232,1.10,1.00
2014.05.06 14:25:23.566,0.93225,0.93233,1.10,1.00
2014.05.06 14:25:24.256,0.93225,0.93236,1.20,1.50
2014.05.06 14:25:26.378,0.93225,0.93232,1.20,1.00
2014.05.06 14:25:26.992,0.93225,0.93236,1.20,1.00
2014.05.06 14:25:27.524,0.93225,0.93232,1.20,1.00
2014.05.06 14:25:31.415,0.93225,0.93236,1.10,1.13
2014.05.06 14:25:31.736,0.93225,0.93232,1.10,1.00
2014.05.06 14:25:32.156,0.93225,0.93236,1.10,1.13
2014.05.06 14:25:33.972,0.93225,0.93234,1.10,1.00
2014.05.06 14:25:34.279,0.93225,0.93232,1.10,1.00
2014.05.06 14:25:34.380,0.93225,0.93234,1.10,1.50
2014.05.06 14:25:36.539,0.93223,0.93233,1.38,1.10
2014.05.06 14:25:36.928,0.93222,0.93232,1.10,1.50
2014.05.06 14:25:37.469,0.93221,0.93231,1.20,1.00
2014.05.06 14:25:38.763,0.93223,0.93231,1.20,1.00
2014.05.06 14:25:39.074,0.9322,0.93231,2.70,1.10
2014.05.06 14:25:39.592,0.93221,0.93232,1.10,1.95
2014.05.06 14:25:39.898,0.93224,0.93232,1.00,1.95
2014.05.06 14:25:39.999,0.93222,0.93232,1.00,1.58
2014.05.06 14:25:40.260,0.93224,0.93232,1.00,1.58
2014.05.06 14:25:40.563,0.93224,0.9323,1.10,1.00
2014.05.06 14:25:40.664,0.93228,0.93235,1.88,2.10
2014.05.06 14:25:41.119,0.9323,0.93237,1.10,1.50
2014.05.06 14:25:41.321,0.9323,0.9324,2.33,1.00
2014.05.06 14:25:41.848,0.93231,0.9324,1.00,1.00
2014.05.06 14:25:42.055,0.93228,0.93239,4.73,1.10
2014.05.06 14:25:42.157,0.93228,0.93237,1.88,1.00
2014.05.06 14:25:42.661,0.93227,0.93237,1.10,1.88
2014.05.06 14:25:43.342,0.93226,0.93237,1.10,3.38
2014.05.06 14:25:43.846,0.93225,0.93237,1.95,2.25
2014.05.06 14:25:44.623,0.93225,0.93237,1.10,3.38
2014.05.06 14:25:46.541,0.93225,0.93235,1.10,1.00
2014.05.06 14:25:46.843,0.93225,0.93232,1.10,1.00
2014.05.06 14:25:47.046,0.93222,0.93233,1.00,1.20
2014.05.06 14:25:47.626,0.93222,0.93233,1.00,1.95
2014.05.06 14:25:48.281,0.93222,0.93233,1.20,1.00
2014.05.06 14:25:48.433,0.93224,0.93234,1.58,1.00
2014.05.06 14:25:48.584,0.93225,0.93236,1.10,1.58
2014.05.06 14:25:49.117,0.93226,0.93236,1.00,1.10
2014.05.06 14:25:49.643,0.93226,0.93235,1.00,1.10
2014.05.06 14:25:50.735,0.93226,0.93236,1.00,1.10
2014.05.06 14:25:51.751,0.93226,0.93237,1.13,1.58
2014.05.06 14:25:51.802,0.93228,0.93237,1.00,1.10
2014.05.06 14:25:52.313,0.93228,0.93236,1.00,1.10
2014.05.06 14:25:52.864,0.93228,0.93237,1.00,1.10
2014.05.06 14:25:53.473,0.93229,0.93238,1.13,1.10
2014.05.06 14:25:53.694,0.93229,0.9324,1.95,1.10
2014.05.06 14:25:53.795,0.93232,0.93241,1.00,1.58
2014.05.06 14:25:55.231,0.93232,0.93239,1.00,1.10
2014.05.06 14:25:55.595,0.93232,0.93242,1.50,1.10
2014.05.06 14:25:56.112,0.93232,0.93243,1.50,1.20
2014.05.06 14:25:56.162,0.93232,0.93241,1.50,1.10
2014.05.06 14:25:58.221,0.93232,0.93238,1.50,1.10
2014.05.06 14:25:58.333,0.93232,0.93241,1.00,1.10
2014.05.06 14:25:58.434,0.93232,0.93238,1.00,1.10
2014.05.06 14:25:58.535,0.9323,0.9324,2.70,1.00
2014.05.06 14:25:58.586,0.93232,0.9324,1.00,1.00
2014.05.06 14:25:59.158,0.93232,0.93241,1.00,1.10
2014.05.06 14:26:00.667,0.9323,0.93241,2.70,1.10
2014.05.06 14:26:00.778,0.9323,0.93238,1.88,1.10
2014.05.06 14:26:00.880,0.9323,0.93241,2.70,1.10
2014.05.06 14:26:01.529,0.9323,0.93241,2.70,1.10
2014.05.06 14:26:04.622,0.9323,0.93237,1.38,1.10
2014.05.06 14:26:04.673,0.9323,0.93237,1.00,1.10
2014.05.06 14:26:04.724,0.9323,0.93235,1.00,1.10
2014.05.06 14:26:04.775,0.93228,0.93235,1.00,1.10
2014.05.06 14:26:04.876,0.93226,0.93235,3.23,1.10
2014.05.06 14:26:05.028,0.93226,0.93237,1.13,1.58
2014.05.06 14:26:05.182,0.93226,0.93235,1.13,1.10
2014.05.06 14:26:05.485,0.93225,0.93233,1.00,1.10
2014.05.06 14:26:05.687,0.93225,0.93236,1.38,1.10
2014.05.06 14:26:06.210,0.93226,0.93235,1.13,1.10
2014.05.06 14:26:06.493,0.93226,0.93232,1.00,1.10
2014.05.06 14:26:06.646,0.93222,0.9323,1.13,1.10
2014.05.06 14:26:13.100,0.93222,0.93229,1.00,1.10
2014.05.06 14:26:15.385,0.93222,0.9323,1.00,1.10
2014.05.06 14:26:15.931,0.93222,0.93231,1.00,1.10
2014.05.06 14:26:18.903,0.93222,0.9323,1.00,1.10
2014.05.06 14:26:19.043,0.93222,0.93232,1.13,1.10
2014.05.06 14:26:19.244,0.93225,0.93232,1.00,1.10
2014.05.06 14:26:20.127,0.93225,0.93235,1.00,1.50
2014.05.06 14:26:20.632,0.93224,0.93235,1.38,1.58
2014.05.06 14:26:20.783,0.93224,0.93234,1.13,1.10
2014.05.06 14:26:20.884,0.93224,0.93232,1.13,1.10
2014.05.06 14:26:20.985,0.93221,0.93232,1.88,1.58
2014.05.06 14:26:21.036,0.93221,0.9323,1.88,1.10
2014.05.06 14:26:21.591,0.9322,0.9323,1.13,1.10
2014.05.06 14:26:22.312,0.9322,0.93231,1.13,1.10
2014.05.06 14:26:22.972,0.9322,0.9323,1.13,1.10
2014.05.06 14:26:23.748,0.9322,0.93231,1.13,1.10
2014.05.06 14:26:26.491,0.9322,0.9323,1.13,1.10
2014.05.06 14:26:29.057,0.9322,0.93229,1.13,1.10
2014.05.06 14:26:29.470,0.93219,0.93227,1.88,1.10
2014.05.06 14:26:29.521,0.93219,0.9323,1.88,1.10
2014.05.06 14:26:30.030,0.93219,0.93227,1.88,1.10
2014.05.06 14:26:30.352,0.93219,0.93229,1.13,1.10
2014.05.06 14:26:30.995,0.93218,0.93229,4.20,1.10
2014.05.06 14:26:31.580,0.93218,0.9323,3.45,1.58
2014.05.06 14:26:32.238,0.93218,0.93229,3.45,1.10
2014.05.06 14:26:32.765,0.93218,0.93228,2.63,1.10
2014.05.06 14:26:33.284,0.93219,0.93229,1.13,1.10
2014.05.06 14:26:34.681,0.93219,0.93227,1.13,1.10
2014.05.06 14:26:35.291,0.93218,0.93227,1.88,1.10
2014.05.06 14:26:36.004,0.93218,0.93225,1.00,1.58
2014.05.06 14:26:36.206,0.93212,0.93221,3.23,1.10
2014.05.06 14:26:38.940,0.93212,0.9322,1.00,1.10
2014.05.06 14:26:39.641,0.93218,0.93223,1.00,1.58
2014.05.06 14:26:39.743,0.93216,0.93223,1.00,1.10
2014.05.06 14:26:39.995,0.93214,0.93223,1.00,1.10
2014.05.06 14:26:40.147,0.93214,0.93219,1.00,1.10
2014.05.06 14:26:40.298,0.93214,0.93223,1.00,1.10
2014.05.06 14:26:41.060,0.93214,0.93224,1.13,1.10
2014.05.06 14:26:41.562,0.93215,0.93224,1.00,1.10
2014.05.06 14:26:41.714,0.93215,0.93226,2.33,1.20
2014.05.06 14:26:42.072,0.93218,0.93227,1.00,1.95
2014.05.06 14:26:42.577,0.93218,0.93228,1.00,2.33
2014.05.06 14:26:43.084,0.93219,0.93227,2.10,1.00
2014.05.06 14:26:43.387,0.93218,0.93224,1.00,1.00
2014.05.06 14:26:43.488,0.93218,0.93228,1.00,1.58
2014.05.06 14:26:44.725,0.93218,0.93228,1.00,2.70
2014.05.06 14:26:45.231,0.93218,0.93228,1.00,1.95
2014.05.06 14:26:45.433,0.9322,0.93229,1.00,1.00
2014.05.06 14:26:45.686,0.93223,0.93233,1.13,1.58
2014.05.06 14:26:45.873,0.93223,0.9323,1.13,1.10
2014.05.06 14:26:46.133,0.93223,0.93232,1.88,1.10
2014.05.06 14:26:46.574,0.93223,0.93234,1.88,1.10
2014.05.06 14:26:47.073,0.93228,0.93235,1.00,1.13
2014.05.06 14:26:47.393,0.93224,0.93235,1.10,1.13
2014.05.06 14:26:47.747,0.93228,0.93236,1.00,2.33
2014.05.06 14:26:48.747,0.93228,0.93239,2.70,2.33
2014.05.06 14:26:48.848,0.93233,0.93239,1.00,1.00
2014.05.06 14:26:48.899,0.93233,0.93241,1.00,1.50
2014.05.06 14:26:49.000,0.93233,0.93243,1.00,2.33
2014.05.06 14:26:49.202,0.93235,0.93245,1.10,2.63
2014.05.06 14:26:49.875,0.93233,0.93242,1.95,1.00
2014.05.06 14:26:50.179,0.9323,0.93239,1.10,1.00
2014.05.06 14:26:50.803,0.93233,0.93239,1.00,1.00
2014.05.06 14:26:51.172,0.93228,0.93239,2.33,1.95
2014.05.06 14:26:52.263,0.93228,0.93238,1.50,1.10
2014.05.06 14:26:52.782,0.93229,0.93239,1.10,1.13
2014.05.06 14:26:53.322,0.93228,0.93238,1.50,1.10
2014.05.06 14:26:53.885,0.93232,0.93238,1.00,1.10
2014.05.06 14:26:54.087,0.9323,0.93238,1.00,1.10
2014.05.06 14:26:54.138,0.9323,0.9324,1.00,1.10
2014.05.06 14:26:54.289,0.93231,0.93242,1.00,1.58
2014.05.06 14:26:54.340,0.93233,0.93242,1.50,2.93
2014.05.06 14:26:54.643,0.93239,0.93246,1.00,1.10
2014.05.06 14:26:54.800,0.93239,0.93248,1.00,1.10
2014.05.06 14:26:55.082,0.93239,0.93246,1.00,1.00
2014.05.06 14:26:55.411,0.93239,0.93248,1.00,1.10
2014.05.06 14:26:57.822,0.93238,0.93248,1.00,1.10
2014.05.06 14:26:59.512,0.93238,0.93246,1.00,1.00
2014.05.06 14:27:00.059,0.93237,0.93246,1.00,1.58
2014.05.06 14:27:00.210,0.93238,0.93248,1.10,1.00
2014.05.06 14:27:00.311,0.9324,0.93248,1.10,1.00
2014.05.06 14:27:00.362,0.9324,0.9325,1.10,1.00
2014.05.06 14:27:00.867,0.93239,0.93249,1.50,1.10
2014.05.06 14:27:01.170,0.93238,0.93244,2.33,1.00
2014.05.06 14:27:02.842,0.93235,0.93244,1.13,1.00
2014.05.06 14:27:03.442,0.93236,0.93244,1.10,1.00
2014.05.06 14:27:04.913,0.93235,0.93244,1.58,1.00
2014.05.06 14:27:05.084,0.93238,0.93244,1.00,1.00
2014.05.06 14:27:05.337,0.93238,0.93248,1.00,4.80
2014.05.06 14:27:05.788,0.93238,0.93244,1.00,1.00
2014.05.06 14:27:06.383,0.93237,0.93244,1.58,1.00
2014.05.06 14:27:06.772,0.93239,0.93244,1.00,1.00
2014.05.06 14:27:06.883,0.93239,0.93248,1.00,1.95
2014.05.06 14:27:08.364,0.93239,0.93247,1.00,1.10
2014.05.06 14:27:08.773,0.93239,0.93245,1.00,1.10
2014.05.06 14:27:08.886,0.93239,0.93248,1.00,2.70
2014.05.06 14:27:09.389,0.93239,0.93248,1.00,2.70
2014.05.06 14:27:10.796,0.93239,0.93246,1.00,1.10
2014.05.06 14:27:10.998,0.93239,0.93248,1.00,2.70
2014.05.06 14:27:11.503,0.93239,0.93248,1.00,2.70
2014.05.06 14:27:12.036,0.93239,0.93248,1.00,2.70
2014.05.06 14:27:12.222,0.93239,0.93246,1.00,1.10
2014.05.06 14:27:12.323,0.93239,0.93248,1.00,2.70
2014.05.06 14:27:12.842,0.93239,0.93248,1.00,2.70
2014.05.06 14:27:13.885,0.93239,0.93248,1.00,1.20
2014.05.06 14:27:15.486,0.93239,0.93246,1.00,1.10
2014.05.06 14:27:15.731,0.93239,0.93248,1.00,2.93
2014.05.06 14:27:17.351,0.93239,0.93249,1.58,1.13
2014.05.06 14:27:20.253,0.93243,0.93251,1.00,1.00
2014.05.06 14:27:20.455,0.93244,0.93253,1.00,1.10
2014.05.06 14:27:22.232,0.93243,0.93251,1.00,1.10
2014.05.06 14:27:24.932,0.93243,0.93252,1.00,1.00
2014.05.06 14:27:25.440,0.93243,0.93254,1.95,1.10
2014.05.06 14:27:25.982,0.93244,0.93255,1.10,1.95
2014.05.06 14:27:26.173,0.93243,0.93253,1.13,1.10
2014.05.06 14:27:26.710,0.93243,0.93254,1.95,1.10
2014.05.06 14:27:27.161,0.93245,0.93255,1.10,1.13
2014.05.06 14:27:27.701,0.93244,0.93255,1.13,1.10
2014.05.06 14:27:28.046,0.93244,0.93252,1.13,1.00
2014.05.06 14:27:28.382,0.93244,0.93254,1.13,1.00
2014.05.06 14:27:31.150,0.93244,0.93255,1.13,1.58
2014.05.06 14:27:31.801,0.93244,0.93255,1.88,1.10
2014.05.06 14:27:31.902,0.93248,0.93256,1.00,1.00
2014.05.06 14:27:32.104,0.93246,0.93256,1.00,1.10
2014.05.06 14:27:32.653,0.93244,0.93255,2.63,1.10
2014.05.06 14:27:35.308,0.93246,0.93258,1.20,3.45
2014.05.06 14:27:35.410,0.93248,0.93254,1.13,1.00
2014.05.06 14:27:35.728,0.93252,0.93257,1.58,1.00
2014.05.06 14:27:36.286,0.93253,0.93257,1.00,1.00
2014.05.06 14:27:36.902,0.93253,0.93258,1.13,1.50
2014.05.06 14:27:37.801,0.93253,0.93257,1.00,1.00
2014.05.06 14:27:38.696,0.93252,0.93256,1.00,1.00
2014.05.06 14:27:39.631,0.93251,0.93256,1.00,1.00
2014.05.06 14:27:43.735,0.93249,0.93255,1.13,1.00
2014.05.06 14:27:43.787,0.93249,0.93254,1.88,1.00
2014.05.06 14:27:45.297,0.93246,0.93251,1.10,1.00
2014.05.06 14:27:45.398,0.93243,0.9325,3.30,1.00
2014.05.06 14:27:45.602,0.9324,0.93246,1.88,1.00
2014.05.06 14:27:45.654,0.9324,0.93245,1.88,1.00
2014.05.06 14:27:46.007,0.93242,0.93246,2.10,1.00
2014.05.06 14:27:46.892,0.9324,0.93246,2.10,1.00
2014.05.06 14:27:47.196,0.93238,0.93244,2.10,1.00
2014.05.06 14:27:47.347,0.93239,0.93243,1.00,1.00
2014.05.06 14:27:47.870,0.93238,0.93242,1.00,1.50
2014.05.06 14:27:48.203,0.93236,0.93242,1.43,1.00
2014.05.06 14:27:48.254,0.93238,0.93242,1.00,1.00
2014.05.06 14:27:48.456,0.93236,0.93241,1.00,1.00
2014.05.06 14:27:48.713,0.93236,0.93241,2.18,1.00
2014.05.06 14:27:49.020,0.93236,0.9324,2.18,1.00
2014.05.06 14:27:49.138,0.93236,0.93241,2.18,1.00
2014.05.06 14:27:50.101,0.93238,0.93246,1.00,1.13
2014.05.06 14:27:50.869,0.93237,0.93241,1.10,1.00
2014.05.06 14:27:51.407,0.93237,0.93242,1.10,1.50
2014.05.06 14:27:51.710,0.9324,0.93245,1.70,1.00
2014.05.06 14:27:52.215,0.93241,0.93245,1.00,1.00
2014.05.06 14:27:53.321,0.93241,0.93246,1.58,1.13
2014.05.06 14:27:53.372,0.93237,0.93242,1.00,1.50
2014.05.06 14:27:53.424,0.93235,0.9324,1.00,1.00
2014.05.06 14:27:53.475,0.93235,0.93239,1.50,1.00
2014.05.06 14:27:53.586,0.93232,0.93239,2.10,1.00
2014.05.06 14:27:53.687,0.93236,0.9324,1.00,1.00
2014.05.06 14:27:53.738,0.93236,0.93242,1.00,1.00
2014.05.06 14:27:53.940,0.93237,0.93245,1.48,1.50
2014.05.06 14:27:54.142,0.9324,0.93245,1.00,1.00
2014.05.06 14:27:54.649,0.9324,0.93244,1.00,1.00
2014.05.06 14:27:54.952,0.93238,0.93242,1.00,1.00
2014.05.06 14:27:55.162,0.93235,0.93242,1.00,1.00
2014.05.06 14:27:55.364,0.93235,0.93241,1.30,1.00
2014.05.06 14:27:55.617,0.93234,0.93241,1.00,1.00
2014.05.06 14:27:55.668,0.93234,0.93238,1.00,1.00
2014.05.06 14:27:56.173,0.93229,0.93237,1.75,1.00
2014.05.06 14:27:56.224,0.93228,0.93237,1.88,1.00
2014.05.06 14:27:56.325,0.93231,0.93236,1.00,1.00
2014.05.06 14:27:57.656,0.93231,0.93235,1.00,1.00
2014.05.06 14:27:58.202,0.93231,0.93238,1.00,1.00
2014.05.06 14:27:59.561,0.93231,0.93237,1.00,1.13
2014.05.06 14:27:59.663,0.93226,0.93236,1.00,1.00
2014.05.06 14:27:59.764,0.93224,0.93235,1.13,1.00
2014.05.06 14:28:00.377,0.93224,0.93234,1.00,1.95
2014.05.06 14:28:06.925,0.93224,0.93234,1.38,1.00
2014.05.06 14:28:07.027,0.93224,0.93236,1.38,2.33
2014.05.06 14:28:07.381,0.93227,0.93236,1.10,1.00
2014.05.06 14:28:07.890,0.93224,0.93235,3.30,1.00
2014.05.06 14:28:08.548,0.93224,0.93234,3.30,1.00
2014.05.06 14:28:09.102,0.93224,0.93234,2.70,2.25
2014.05.06 14:28:09.618,0.93224,0.93234,1.50,2.25
2014.05.06 14:28:10.388,0.93222,0.93234,2.63,2.25
2014.05.06 14:28:11.587,0.93224,0.93234,1.00,2.25
2014.05.06 14:28:12.263,0.93224,0.93235,1.00,4.20
2014.05.06 14:28:12.450,0.93224,0.93232,1.00,1.10
2014.05.06 14:28:12.854,0.93224,0.93234,1.00,1.95
2014.05.06 14:28:13.162,0.93228,0.93234,1.00,1.10
2014.05.06 14:28:13.574,0.93228,0.93237,1.35,2.70
2014.05.06 14:28:13.931,0.93231,0.93238,1.00,1.50
2014.05.06 14:28:14.234,0.93228,0.93236,1.00,3.00
2014.05.06 14:28:14.738,0.93228,0.93235,1.00,1.00
2014.05.06 14:28:15.445,0.93224,0.93235,1.13,1.58
2014.05.06 14:28:16.057,0.93224,0.93234,1.00,1.20
2014.05.06 14:28:16.971,0.93224,0.93233,1.00,1.00
2014.05.06 14:28:17.056,0.93221,0.93233,3.30,1.88
2014.05.06 14:28:17.107,0.93224,0.93233,1.00,2.70
2014.05.06 14:28:17.730,0.93224,0.93235,2.93,1.00
2014.05.06 14:28:18.231,0.93224,0.93234,1.00,1.10
2014.05.06 14:28:19.930,0.93224,0.93231,1.00,1.10
2014.05.06 14:28:20.031,0.93224,0.93233,1.00,1.10
2014.05.06 14:28:20.819,0.93224,0.93234,1.00,1.00
2014.05.06 14:28:33.257,0.93228,0.93234,1.00,2.33
2014.05.06 14:28:33.360,0.93225,0.93234,1.10,1.50
2014.05.06 14:28:33.931,0.93225,0.93236,1.20,2.33
2014.05.06 14:28:34.203,0.93228,0.93236,1.00,1.58
2014.05.06 14:28:34.711,0.93227,0.93236,1.00,1.58
2014.05.06 14:28:36.121,0.93227,0.93234,1.00,1.10
2014.05.06 14:28:36.450,0.93227,0.93236,1.00,1.58
2014.05.06 14:28:37.124,0.93227,0.93233,1.00,1.10
2014.05.06 14:28:37.248,0.93224,0.93234,1.88,1.10
2014.05.06 14:28:38.019,0.93224,0.93234,1.88,1.10
2014.05.06 14:28:38.596,0.93225,0.93235,1.10,1.00
2014.05.06 14:28:38.804,0.93224,0.93233,2.33,2.10
2014.05.06 14:28:39.158,0.93226,0.93234,1.00,1.00
2014.05.06 14:28:39.669,0.93225,0.93235,1.10,3.23
2014.05.06 14:28:40.230,0.93224,0.93235,1.10,3.23
2014.05.06 14:28:41.442,0.93223,0.93235,3.08,4.05
2014.05.06 14:28:44.355,0.93223,0.93235,3.08,2.70
2014.05.06 14:28:44.666,0.93223,0.93232,1.00,2.70
2014.05.06 14:28:50.302,0.93223,0.93232,1.50,1.13
2014.05.06 14:28:50.960,0.93224,0.93232,1.00,1.00
2014.05.06 14:28:51.478,0.93224,0.93234,1.58,3.38
2014.05.06 14:28:54.752,0.93225,0.93234,1.10,1.13
2014.05.06 14:28:55.278,0.93224,0.93235,1.58,3.23
2014.05.06 14:28:55.844,0.93224,0.93235,1.00,4.05
2014.05.06 14:28:56.438,0.93223,0.93233,2.25,1.20
2014.05.06 14:28:57.115,0.93223,0.93232,2.25,1.10
2014.05.06 14:28:57.824,0.93224,0.93233,1.00,1.20
2014.05.06 14:28:59.159,0.93225,0.93236,1.10,5.48
2014.05.06 14:28:59.210,0.93225,0.93236,1.10,5.48
2014.05.06 14:29:01.030,0.93226,0.93236,1.10,3.98
2014.05.06 14:29:01.131,0.93228,0.93236,1.00,3.98
2014.05.06 14:29:01.664,0.93228,0.93236,1.00,2.48
2014.05.06 14:29:02.231,0.93227,0.93236,1.00,2.48
2014.05.06 14:29:03.815,0.93228,0.93237,1.50,2.70
2014.05.06 14:29:04.131,0.93231,0.9324,1.50,2.48
2014.05.06 14:29:04.636,0.93233,0.93242,1.00,3.45
2014.05.06 14:29:05.090,0.93233,0.93242,1.00,1.48
2014.05.06 14:29:05.141,0.93231,0.93242,1.58,1.48
2014.05.06 14:29:05.664,0.93231,0.93242,1.58,1.95
2014.05.06 14:29:06.458,0.93232,0.93242,1.10,1.38
2014.05.06 14:29:06.963,0.93231,0.93242,1.58,3.98
2014.05.06 14:29:07.937,0.93232,0.93242,1.00,1.50
2014.05.06 14:29:08.189,0.93234,0.93243,1.10,2.48
2014.05.06 14:29:08.717,0.93235,0.93244,1.10,1.88
2014.05.06 14:29:09.758,0.93234,0.93244,1.58,1.38
2014.05.06 14:29:10.350,0.93233,0.93244,2.33,1.95
2014.05.06 14:29:10.668,0.93231,0.93241,1.00,1.13
2014.05.06 14:29:11.169,0.93233,0.93241,1.10,1.13
2014.05.06 14:29:12.686,0.93234,0.93243,1.00,1.38
2014.05.06 14:29:13.708,0.93233,0.93243,1.58,2.48
2014.05.06 14:29:14.330,0.93234,0.93243,1.00,3.30
2014.05.06 14:29:14.928,0.93234,0.93243,1.00,3.30
2014.05.06 14:29:20.317,0.93233,0.93242,1.00,2.48
2014.05.06 14:29:20.821,0.93233,0.93238,1.00,2.10
2014.05.06 14:29:21.359,0.93233,0.93239,1.00,1.13
2014.05.06 14:29:21.895,0.93233,0.93238,1.00,2.10
2014.05.06 14:29:22.712,0.93233,0.93239,1.00,2.48
2014.05.06 14:29:22.914,0.93233,0.93241,1.50,3.98
2014.05.06 14:29:23.809,0.93234,0.93244,1.10,3.38
2014.05.06 14:29:25.124,0.93233,0.93243,1.50,3.30
2014.05.06 14:29:25.326,0.93233,0.9324,1.00,2.48
2014.05.06 14:29:25.377,0.93231,0.9324,1.50,2.48
2014.05.06 14:29:25.427,0.93231,0.93239,1.00,2.48
2014.05.06 14:29:25.529,0.93229,0.93239,1.00,2.48
2014.05.06 14:29:27.932,0.93231,0.93239,1.00,5.18
2014.05.06 14:29:28.235,0.9324,0.93245,1.00,2.25
2014.05.06 14:29:28.550,0.93243,0.93251,1.50,1.20
2014.05.06 14:29:29.094,0.93243,0.93252,1.50,1.20
2014.05.06 14:29:31.619,0.93243,0.93251,1.00,1.10
2014.05.06 14:29:32.153,0.93243,0.93253,1.00,1.95
2014.05.06 14:29:32.254,0.93245,0.93252,1.00,1.20
2014.05.06 14:29:32.557,0.93248,0.93253,1.00,1.20
2014.05.06 14:29:32.658,0.93246,0.93253,1.00,1.20
2014.05.06 14:29:32.862,0.93248,0.93255,1.00,1.88
2014.05.06 14:29:33.164,0.9325,0.93257,1.00,4.20
2014.05.06 14:29:33.639,0.93253,0.93257,1.00,2.25
2014.05.06 14:29:33.841,0.93257,0.93263,1.00,1.43
2014.05.06 14:29:34.382,0.93257,0.93266,1.00,1.48
2014.05.06 14:29:37.494,0.93258,0.93266,1.50,1.00
2014.05.06 14:29:37.595,0.93261,0.93266,1.00,1.00
2014.05.06 14:29:37.747,0.93261,0.9327,1.50,1.00
2014.05.06 14:29:37.983,0.93263,0.93271,1.00,1.88
2014.05.06 14:29:39.270,0.93264,0.93272,1.00,1.48
2014.05.06 14:29:39.573,0.93272,0.9328,1.00,1.80
2014.05.06 14:29:39.676,0.93273,0.9328,1.00,1.80
2014.05.06 14:29:40.030,0.93273,0.93283,2.33,1.13
2014.05.06 14:29:40.181,0.93274,0.93278,1.00,1.10
2014.05.06 14:29:40.333,0.93269,0.93278,2.10,1.48
2014.05.06 14:29:40.435,0.93267,0.93278,1.00,1.95
2014.05.06 14:29:40.788,0.93266,0.93272,1.00,1.00
2014.05.06 14:29:41.419,0.93265,0.93272,1.50,1.00
2014.05.06 14:29:44.406,0.93263,0.93272,1.50,1.58
2014.05.06 14:29:44.457,0.93263,0.9327,1.50,1.58
2014.05.06 14:29:44.508,0.93259,0.93268,1.58,1.38
2014.05.06 14:29:45.046,0.93258,0.93267,1.58,1.00
2014.05.06 14:29:45.359,0.9326,0.93267,1.58,1.00
2014.05.06 14:29:45.511,0.9326,0.93269,1.58,1.00
2014.05.06 14:29:45.562,0.93262,0.93269,1.00,1.00
2014.05.06 14:29:45.865,0.93265,0.9327,1.00,1.00
2014.05.06 14:29:46.504,0.93265,0.93273,1.58,1.00
2014.05.06 14:29:48.270,0.93267,0.93273,1.00,1.00
2014.05.06 14:29:48.674,0.93264,0.93273,1.00,1.95
2014.05.06 14:29:49.154,0.93266,0.93275,1.00,2.70
2014.05.06 14:29:51.559,0.93264,0.93273,1.00,1.10
2014.05.06 14:29:52.528,0.93264,0.9327,1.00,1.10
2014.05.06 14:29:52.630,0.93262,0.93269,1.00,1.10
2014.05.06 14:29:52.883,0.93261,0.93267,1.00,1.00
2014.05.06 14:29:52.934,0.93259,0.93267,1.00,1.00
2014.05.06 14:29:53.649,0.93261,0.93267,1.00,1.58
2014.05.06 14:29:53.901,0.93262,0.93269,1.00,1.50
2014.05.06 14:29:54.355,0.9326,0.93268,1.58,1.00
2014.05.06 14:29:54.557,0.93258,0.93267,1.00,1.20
2014.05.06 14:29:55.062,0.93259,0.93267,1.00,1.00
2014.05.06 14:29:55.365,0.93261,0.93267,1.00,1.00
2014.05.06 14:29:55.668,0.93265,0.93271,1.00,1.00
2014.05.06 14:29:55.770,0.93265,0.93273,1.00,1.50
2014.05.06 14:29:56.459,0.93265,0.93272,1.00,1.10
2014.05.06 14:29:56.700,0.93263,0.93272,1.00,1.48
2014.05.06 14:29:57.362,0.93263,0.93272,1.00,1.20
2014.05.06 14:29:58.005,0.93263,0.93272,1.00,1.48
2014.05.06 14:29:58.106,0.93263,0.93271,1.00,1.48
2014.05.06 14:29:58.409,0.93258,0.93266,1.00,1.00
2014.05.06 14:29:58.459,0.93258,0.93266,1.00,1.00
2014.05.06 14:29:58.986,0.93259,0.93266,1.00,1.00
2014.05.06 14:30:00.135,0.9326,0.93266,1.00,1.00
2014.05.06 14:30:01.680,0.93263,0.93269,1.00,1.10
2014.05.06 14:30:01.934,0.93266,0.9327,1.95,1.00
2014.05.06 14:30:01.985,0.93268,0.93275,1.00,1.00
2014.05.06 14:30:02.137,0.93268,0.93272,1.00,1.00
2014.05.06 14:30:03.188,0.93266,0.93272,1.00,1.00
2014.05.06 14:30:04.849,0.93267,0.93272,1.10,1.00
2014.05.06 14:30:05.001,0.93269,0.93277,1.00,1.50
2014.05.06 14:30:05.103,0.93268,0.93274,1.00,1.00
2014.05.06 14:30:06.308,0.93267,0.93274,1.10,1.00
2014.05.06 14:30:06.860,0.93268,0.93274,1.00,1.00
2014.05.06 14:30:07.575,0.93267,0.93274,1.10,1.00
2014.05.06 14:30:08.015,0.93265,0.93274,2.33,1.00
2014.05.06 14:30:08.581,0.93265,0.93273,1.00,1.10
2014.05.06 14:30:08.683,0.93262,0.93272,1.95,1.00
2014.05.06 14:30:08.784,0.93264,0.93272,1.50,1.58
2014.05.06 14:30:08.936,0.93265,0.93274,1.00,1.58
2014.05.06 14:30:09.087,0.93267,0.93277,1.00,5.18
2014.05.06 14:30:09.629,0.93268,0.93277,1.50,1.58
2014.05.06 14:30:11.940,0.93267,0.93277,1.88,2.93
2014.05.06 14:30:12.601,0.93268,0.93277,1.00,1.50
2014.05.06 14:30:13.420,0.93268,0.93276,1.00,1.10
2014.05.06 14:30:13.710,0.93268,0.93277,1.00,4.05
2014.05.06 14:30:13.912,0.93268,0.93273,1.58,1.00
2014.05.06 14:30:14.797,0.93269,0.93273,1.00,1.00
2014.05.06 14:30:15.231,0.93268,0.93275,2.70,1.00
2014.05.06 14:30:15.635,0.9327,0.93276,1.00,1.00
2014.05.06 14:30:15.938,0.93273,0.93278,1.00,1.00
2014.05.06 14:30:16.441,0.93276,0.93281,1.00,1.00
2014.05.06 14:30:16.744,0.93278,0.93285,2.70,2.10
2014.05.06 14:30:17.263,0.93278,0.93285,1.58,1.00
2014.05.06 14:30:17.935,0.93278,0.93286,2.33,1.00
2014.05.06 14:30:19.640,0.93276,0.93286,1.58,1.50
2014.05.06 14:30:20.116,0.93276,0.93284,1.00,1.10
2014.05.06 14:30:20.166,0.93274,0.93284,1.00,1.10
2014.05.06 14:30:20.683,0.93275,0.93283,1.00,1.10
2014.05.06 14:30:21.188,0.93275,0.93282,1.00,1.10
2014.05.06 14:30:21.715,0.93275,0.93283,1.50,1.10
2014.05.06 14:30:21.816,0.93277,0.93284,1.00,1.00
2014.05.06 14:30:21.968,0.93278,0.93286,1.50,1.13
2014.05.06 14:30:22.405,0.93276,0.93286,1.50,3.30
2014.05.06 14:30:22.557,0.93274,0.93283,1.00,1.10
2014.05.06 14:30:22.860,0.93268,0.93278,1.58,1.00
2014.05.06 14:30:23.012,0.9327,0.93279,1.10,3.38
2014.05.06 14:30:26.007,0.9327,0.93279,1.10,1.38
2014.05.06 14:30:26.581,0.9327,0.93277,1.10,1.00
2014.05.06 14:30:26.885,0.93267,0.93274,1.00,1.00
2014.05.06 14:30:27.137,0.93267,0.93276,1.00,1.00
2014.05.06 14:30:27.238,0.93269,0.93276,1.00,1.00
2014.05.06 14:30:27.601,0.93267,0.93277,1.58,1.00
2014.05.06 14:30:27.652,0.93269,0.93277,1.10,1.00
2014.05.06 14:30:28.197,0.9327,0.93277,1.10,1.00
2014.05.06 14:30:28.700,0.93269,0.93277,1.58,1.00
2014.05.06 14:30:29.010,0.93274,0.93283,1.10,1.13
2014.05.06 14:30:29.061,0.93274,0.93283,1.10,1.13
2014.05.06 14:30:29.564,0.93273,0.93283,1.00,1.13
2014.05.06 14:30:30.109,0.93273,0.93282,1.00,1.58
2014.05.06 14:30:31.295,0.93273,0.93281,1.00,1.10
2014.05.06 14:30:31.397,0.93271,0.93279,1.00,1.10
2014.05.06 14:30:31.700,0.93273,0.9328,1.00,1.00
2014.05.06 14:30:32.004,0.93273,0.93283,2.33,1.13
2014.05.06 14:30:32.505,0.93273,0.93281,1.50,1.10
2014.05.06 14:30:35.585,0.93271,0.93281,1.50,1.10
2014.05.06 14:30:35.686,0.93273,0.93281,1.00,1.10
2014.05.06 14:30:36.434,0.93273,0.93282,1.50,1.10
2014.05.06 14:30:36.916,0.93271,0.93282,1.58,2.70
2014.05.06 14:30:37.118,0.93271,0.93279,1.00,1.10
2014.05.06 14:30:37.270,0.93268,0.93279,1.88,1.10
2014.05.06 14:30:37.679,0.93272,0.93279,1.00,1.10
2014.05.06 14:30:37.881,0.93275,0.93286,1.10,3.08
2014.05.06 14:30:37.931,0.93276,0.93286,3.98,1.10
2014.05.06 14:30:38.234,0.93279,0.93286,1.00,1.10
2014.05.06 14:30:39.646,0.93279,0.93287,1.00,1.10
2014.05.06 14:30:40.341,0.9328,0.9329,1.38,1.10
2014.05.06 14:30:40.393,0.9328,0.93292,1.95,2.33
2014.05.06 14:30:40.696,0.93283,0.93291,1.00,1.10
2014.05.06 14:30:41.201,0.93283,0.93292,1.50,1.20
2014.05.06 14:30:41.730,0.93283,0.9329,2.25,1.10
2014.05.06 14:30:42.838,0.93283,0.93289,1.00,1.10
2014.05.06 14:30:42.990,0.93281,0.93289,1.50,1.20
2014.05.06 14:30:44.310,0.93281,0.9329,1.00,1.20
2014.05.06 14:30:44.934,0.93281,0.93289,2.25,1.20
2014.05.06 14:30:45.491,0.93281,0.9329,2.25,1.10
2014.05.06 14:30:45.592,0.93281,0.93292,3.08,1.13
2014.05.06 14:30:45.693,0.93283,0.93293,1.00,1.48
2014.05.06 14:30:45.996,0.93285,0.93292,1.00,1.20
2014.05.06 14:30:46.249,0.93285,0.93295,1.00,2.48
2014.05.06 14:30:46.755,0.93286,0.93296,1.00,1.48
2014.05.06 14:30:47.293,0.93286,0.93296,1.00,1.48
2014.05.06 14:30:49.644,0.93286,0.93296,1.00,1.48
2014.05.06 14:30:50.204,0.93286,0.93295,1.00,1.20
2014.05.06 14:30:50.356,0.93288,0.93298,1.00,1.95
2014.05.06 14:30:50.508,0.93288,0.93298,1.00,1.48
2014.05.06 14:30:51.037,0.93289,0.933,1.10,1.88
2014.05.06 14:30:51.822,0.9329,0.93301,1.58,3.98
2014.05.06 14:30:51.873,0.93293,0.93301,1.00,1.88
2014.05.06 14:30:52.182,0.93288,0.93297,1.50,1.48
2014.05.06 14:30:52.237,0.93288,0.93298,1.50,1.20
2014.05.06 14:30:52.895,0.9329,0.93301,1.10,2.70
2014.05.06 14:30:53.198,0.93293,0.933,1.00,1.10
2014.05.06 14:30:53.703,0.93292,0.933,1.00,1.58
2014.05.06 14:30:53.906,0.9329,0.93299,1.00,1.20
2014.05.06 14:30:54.422,0.9329,0.93298,1.00,1.10
2014.05.06 14:30:54.761,0.9329,0.93296,1.00,1.10
2014.05.06 14:30:55.065,0.93293,0.93299,1.00,1.38
2014.05.06 14:30:55.116,0.93293,0.93299,1.00,1.13
2014.05.06 14:30:55.353,0.93291,0.933,1.50,1.48
2014.05.06 14:30:55.809,0.93293,0.93301,1.50,1.48
2014.05.06 14:30:55.860,0.93293,0.93303,1.50,1.95
2014.05.06 14:30:55.911,0.93298,0.93303,1.00,1.58
2014.05.06 14:30:56.416,0.93298,0.93304,1.00,1.95
2014.05.06 14:30:56.801,0.93295,0.93301,1.00,1.20
2014.05.06 14:30:56.902,0.93298,0.93303,1.00,1.58
2014.05.06 14:30:57.419,0.93298,0.93305,1.00,1.95
2014.05.06 14:30:57.810,0.93295,0.93305,1.00,1.48
2014.05.06 14:30:58.241,0.93298,0.93304,1.00,1.48
2014.05.06 14:30:58.544,0.93293,0.93302,1.00,1.48
2014.05.06 14:30:58.854,0.93293,0.93299,1.00,1.48
2014.05.06 14:30:58.905,0.93289,0.93299,1.50,1.48
2014.05.06 14:30:59.007,0.93293,0.93299,1.00,1.58
2014.05.06 14:30:59.522,0.93293,0.933,1.00,1.95
2014.05.06 14:31:00.023,0.93288,0.93298,1.00,1.48
2014.05.06 14:31:00.124,0.93288,0.93298,1.00,1.48
2014.05.06 14:31:00.229,0.93288,0.93297,1.00,1.38
2014.05.06 14:31:00.742,0.93288,0.93296,1.00,1.38
2014.05.06 14:31:01.047,0.9329,0.93296,1.10,2.48
2014.05.06 14:31:01.487,0.93293,0.93299,1.00,1.00
2014.05.06 14:31:01.639,0.93295,0.93299,1.00,1.00
2014.05.06 14:31:01.791,0.93298,0.93305,1.00,1.38
2014.05.06 14:31:02.044,0.93298,0.93306,1.00,1.00
2014.05.06 14:31:02.145,0.93299,0.93308,1.00,2.85
2014.05.06 14:31:02.297,0.93303,0.93308,1.00,1.00
2014.05.06 14:31:02.761,0.93298,0.93308,2.70,1.00
2014.05.06 14:31:02.963,0.93299,0.9331,1.13,2.33
2014.05.06 14:31:03.166,0.93299,0.93307,1.00,1.10
2014.05.06 14:31:03.418,0.93299,0.9331,1.00,2.70
2014.05.06 14:31:03.620,0.93299,0.93307,1.00,1.10
2014.05.06 14:31:04.126,0.93298,0.93308,1.00,1.95
2014.05.06 14:31:04.854,0.93303,0.93309,1.00,1.38
2014.05.06 14:31:05.071,0.93298,0.93309,3.08,1.38
2014.05.06 14:31:05.282,0.93303,0.93309,1.00,1.38
2014.05.06 14:31:05.383,0.93298,0.93307,1.00,1.00
2014.05.06 14:31:05.899,0.93298,0.93306,1.00,1.20
2014.05.06 14:31:05.950,0.93295,0.93306,1.58,1.20
2014.05.06 14:31:06.475,0.93295,0.93305,1.00,1.10
2014.05.06 14:31:06.980,0.93296,0.93306,1.10,1.13
2014.05.06 14:31:07.031,0.93298,0.93306,1.00,1.13
2014.05.06 14:31:10.199,0.93298,0.93308,1.00,2.70
2014.05.06 14:31:10.452,0.93303,0.93309,1.00,1.00
2014.05.06 14:31:10.654,0.93301,0.93309,1.00,1.10
2014.05.06 14:31:11.097,0.93303,0.93309,1.00,1.20
2014.05.06 14:31:11.400,0.93303,0.93311,1.00,1.95
2014.05.06 14:31:11.945,0.93303,0.93312,1.00,1.13
2014.05.06 14:31:12.302,0.93303,0.93309,1.00,1.00
2014.05.06 14:31:12.403,0.93301,0.93309,1.00,1.10
2014.05.06 14:31:12.922,0.93301,0.93308,1.00,1.10
2014.05.06 14:31:13.130,0.93301,0.9331,1.00,1.10
2014.05.06 14:31:13.283,0.93303,0.93312,1.00,1.95
2014.05.06 14:31:14.150,0.93303,0.9331,1.00,1.10
2014.05.06 14:31:14.453,0.93301,0.93307,1.00,1.10
2014.05.06 14:31:14.504,0.93299,0.93307,1.00,1.10
2014.05.06 14:31:15.032,0.93298,0.93307,1.00,1.10
2014.05.06 14:31:15.536,0.93301,0.93307,1.00,1.10
2014.05.06 14:31:15.639,0.93303,0.93311,1.00,1.10
2014.05.06 14:31:15.841,0.93303,0.93314,2.70,1.00
2014.05.06 14:31:16.257,0.93308,0.93315,1.00,1.00
2014.05.06 14:31:16.784,0.93308,0.93316,1.00,1.20
2014.05.06 14:31:17.133,0.93308,0.93314,1.00,1.10
2014.05.06 14:31:17.319,0.93308,0.93316,1.00,1.20
2014.05.06 14:31:17.966,0.93305,0.93316,1.00,1.20
2014.05.06 14:31:18.502,0.93305,0.93316,1.00,1.48
2014.05.06 14:31:19.011,0.93304,0.93314,1.00,1.20
2014.05.06 14:31:19.113,0.93304,0.93314,1.00,1.48
2014.05.06 14:31:19.516,0.93303,0.93314,2.25,1.20
2014.05.06 14:31:20.180,0.93305,0.93316,1.10,1.88
2014.05.06 14:31:20.490,0.93308,0.93316,1.00,1.00
2014.05.06 14:31:21.057,0.93308,0.93318,1.00,1.48
2014.05.06 14:31:23.036,0.93308,0.93318,1.00,1.20
2014.05.06 14:31:23.946,0.93308,0.93316,1.00,1.10
2014.05.06 14:31:24.027,0.93308,0.93319,1.58,1.95
2014.05.06 14:31:24.644,0.93308,0.93318,1.00,1.48
2014.05.06 14:31:25.010,0.93308,0.93319,1.95,1.58
2014.05.06 14:31:25.551,0.93309,0.9332,1.10,1.88
2014.05.06 14:31:25.989,0.93309,0.9332,1.10,3.45
2014.05.06 14:31:26.292,0.93308,0.93316,1.00,1.00
2014.05.06 14:31:26.630,0.93305,0.93312,1.20,1.00
2014.05.06 14:31:27.161,0.93304,0.93312,1.95,1.00
2014.05.06 14:31:27.890,0.933,0.93307,1.13,1.00
2014.05.06 14:31:28.042,0.933,0.93307,1.00,1.00
2014.05.06 14:31:28.143,0.93298,0.93307,1.20,1.50
2014.05.06 14:31:28.649,0.93297,0.93306,1.95,1.00
2014.05.06 14:31:29.252,0.93298,0.93307,1.20,1.50
2014.05.06 14:31:30.160,0.93298,0.93308,1.95,1.00
2014.05.06 14:31:30.668,0.93297,0.93307,1.00,3.08
2014.05.06 14:31:31.209,0.93296,0.93307,1.20,3.08
2014.05.06 14:31:32.209,0.93296,0.93307,1.10,3.45
2014.05.06 14:31:32.563,0.93296,0.93302,1.10,1.00
2014.05.06 14:31:32.664,0.93294,0.93302,1.10,1.00
2014.05.06 14:31:32.887,0.93294,0.93304,1.10,1.00
2014.05.06 14:31:33.419,0.93295,0.93305,1.00,1.95
2014.05.06 14:31:34.022,0.93296,0.93305,1.10,1.13
2014.05.06 14:31:35.933,0.93295,0.93305,1.58,1.13
2014.05.06 14:31:36.186,0.93297,0.93307,1.10,1.38
2014.05.06 14:31:36.714,0.93298,0.93307,1.10,1.00
2014.05.06 14:31:37.380,0.93297,0.93307,1.10,1.00
2014.05.06 14:31:39.267,0.93295,0.93306,1.95,1.10
2014.05.06 14:31:39.649,0.93295,0.93306,1.58,1.48
2014.05.06 14:31:40.396,0.93295,0.93303,1.00,1.10
2014.05.06 14:31:40.722,0.93295,0.93301,1.00,1.10
2014.05.06 14:31:40.944,0.93295,0.93303,1.00,1.10
2014.05.06 14:31:41.096,0.93295,0.93305,1.00,1.10
2014.05.06 14:31:41.248,0.93295,0.93305,1.00,1.95
2014.05.06 14:31:41.450,0.93291,0.93299,1.00,1.10
2014.05.06 14:31:41.653,0.93288,0.93299,2.25,1.48
2014.05.06 14:31:43.582,0.93288,0.93298,1.50,1.95
2014.05.06 14:31:43.885,0.93287,0.93297,1.00,1.95
2014.05.06 14:31:44.651,0.93284,0.93295,1.58,1.38
2014.05.06 14:31:45.726,0.93284,0.93292,1.00,1.00
2014.05.06 14:31:47.068,0.93283,0.93292,1.58,1.00
2014.05.06 14:31:47.619,0.93283,0.93294,1.10,1.38
2014.05.06 14:31:48.307,0.93284,0.93294,1.00,1.38
2014.05.06 14:31:48.810,0.93284,0.93292,1.00,1.10
2014.05.06 14:31:48.861,0.93284,0.9329,1.00,1.00
2014.05.06 14:31:49.063,0.93281,0.9329,1.00,1.95
2014.05.06 14:31:49.570,0.93283,0.93291,1.00,1.50
2014.05.06 14:31:50.853,0.93286,0.93292,1.00,1.13
2014.05.06 14:31:50.954,0.93285,0.93295,1.13,2.10
2014.05.06 14:31:51.156,0.93288,0.93296,1.00,1.10
2014.05.06 14:31:51.409,0.93289,0.93298,1.10,1.00
2014.05.06 14:31:51.578,0.93293,0.93298,1.00,1.00
2014.05.06 14:31:51.942,0.93293,0.933,1.00,1.13
2014.05.06 14:31:52.352,0.93293,0.93302,1.00,3.38
2014.05.06 14:31:52.606,0.93298,0.93303,1.10,2.10
2014.05.06 14:31:52.911,0.933,0.93308,1.10,1.50
2014.05.06 14:31:52.962,0.93302,0.93308,1.10,3.60
2014.05.06 14:31:53.529,0.93301,0.93308,1.10,1.50
2014.05.06 14:31:54.043,0.933,0.93308,1.00,1.50
2014.05.06 14:31:54.549,0.933,0.9331,1.00,1.38
2014.05.06 14:31:55.610,0.933,0.9331,1.58,1.00
2014.05.06 14:31:55.813,0.93305,0.93312,1.10,1.88
2014.05.06 14:31:56.354,0.93305,0.93313,1.10,1.13
2014.05.06 14:31:56.894,0.93304,0.93313,1.10,1.13
2014.05.06 14:31:57.208,0.93303,0.93311,1.50,1.00
2014.05.06 14:31:57.360,0.93301,0.9331,1.00,1.10
2014.05.06 14:31:57.890,0.93301,0.93309,1.00,1.13
2014.05.06 14:31:58.450,0.933,0.93309,1.50,1.13
2014.05.06 14:31:58.696,0.933,0.93307,1.50,1.00
2014.05.06 14:31:58.917,0.933,0.93309,1.50,1.13
2014.05.06 14:32:01.703,0.93299,0.93308,1.10,1.00
2014.05.06 14:32:02.453,0.93299,0.93309,1.10,1.88
2014.05.06 14:32:02.908,0.933,0.93306,1.10,1.13
2014.05.06 14:32:03.161,0.93297,0.93304,1.00,1.13
2014.05.06 14:32:03.695,0.93295,0.93304,1.10,1.00
2014.05.06 14:32:04.724,0.93294,0.93304,1.10,1.13
2014.05.06 14:32:04.879,0.93298,0.93305,1.00,3.68
2014.05.06 14:32:05.294,0.93298,0.93307,1.00,4.80
2014.05.06 14:32:05.699,0.93298,0.93303,1.00,1.10
2014.05.06 14:32:05.801,0.93298,0.93305,1.00,1.13
2014.05.06 14:32:06.307,0.93298,0.93304,1.00,1.58
2014.05.06 14:32:06.409,0.93294,0.93304,1.00,1.00
2014.05.06 14:32:06.599,0.93298,0.93304,1.00,1.00
2014.05.06 14:32:07.069,0.93298,0.93308,1.00,2.70
2014.05.06 14:32:07.576,0.93298,0.93308,1.00,1.95
2014.05.06 14:32:08.777,0.93298,0.93307,1.50,1.10
2014.05.06 14:32:09.278,0.93298,0.93308,2.70,1.00
2014.05.06 14:32:09.530,0.93299,0.9331,1.10,2.70
2014.05.06 14:32:09.889,0.93299,0.93308,1.00,1.10
2014.05.06 14:32:09.993,0.93299,0.9331,1.58,1.95
2014.05.06 14:32:10.433,0.93299,0.93305,1.00,1.10
2014.05.06 14:32:10.687,0.93293,0.93302,2.85,1.95
2014.05.06 14:32:10.890,0.93292,0.93297,1.00,1.10
2014.05.06 14:32:10.992,0.93292,0.93299,1.00,1.10
2014.05.06 14:32:11.372,0.93288,0.93299,3.00,1.20
2014.05.06 14:32:13.373,0.93289,0.93299,1.00,1.95
2014.05.06 14:32:16.390,0.93289,0.93301,1.58,1.95
2014.05.06 14:32:16.501,0.93293,0.93301,1.00,1.95
2014.05.06 14:32:16.644,0.93289,0.93301,2.33,1.48
2014.05.06 14:32:16.695,0.93291,0.93302,1.10,4.73
2014.05.06 14:32:16.848,0.93293,0.93303,1.50,4.43
2014.05.06 14:32:16.950,0.93298,0.93303,1.00,1.58
2014.05.06 14:32:17.290,0.93293,0.93303,2.25,1.10
2014.05.06 14:32:17.391,0.93293,0.93302,1.50,1.48
2014.05.06 14:32:17.845,0.93294,0.93304,1.10,1.13
2014.05.06 14:32:18.374,0.93293,0.93304,1.58,1.95
2014.05.06 14:32:18.588,0.93293,0.93302,1.00,1.48
2014.05.06 14:32:18.791,0.93294,0.93304,1.10,3.98
2014.05.06 14:32:19.205,0.93294,0.93302,1.00,2.10
2014.05.06 14:32:19.736,0.93293,0.93302,1.00,1.20
2014.05.06 14:32:20.089,0.93293,0.93304,1.58,1.95
2014.05.06 14:32:20.217,0.93293,0.93302,1.00,1.10
2014.05.06 14:32:20.803,0.93293,0.93303,1.58,1.00
2014.05.06 14:32:21.390,0.93298,0.93303,1.00,1.10
2014.05.06 14:32:22.143,0.93293,0.93303,3.38,1.10
2014.05.06 14:32:22.548,0.93293,0.93302,1.00,1.95
2014.05.06 14:32:23.035,0.93291,0.93302,1.50,2.70
2014.05.06 14:32:23.326,0.93293,0.93301,1.00,1.20
2014.05.06 14:32:24.223,0.93293,0.93301,1.00,1.48
2014.05.06 14:32:25.853,0.93293,0.93303,1.00,1.20
2014.05.06 14:32:27.047,0.93293,0.93302,1.00,1.10
2014.05.06 14:32:27.708,0.93293,0.93302,1.00,1.48
2014.05.06 14:32:28.226,0.93292,0.933,1.00,1.20
2014.05.06 14:32:28.570,0.93293,0.93298,1.00,1.10
2014.05.06 14:32:28.621,0.93289,0.933,1.00,1.48
2014.05.06 14:32:28.672,0.93291,0.933,1.00,1.48
2014.05.06 14:32:28.989,0.93293,0.93298,1.00,1.10
2014.05.06 14:32:29.267,0.93291,0.93298,1.00,1.10
2014.05.06 14:32:29.552,0.93288,0.93298,2.25,1.10
2014.05.06 14:32:29.660,0.93291,0.93298,1.00,1.10
2014.05.06 14:32:31.142,0.93293,0.93298,1.00,1.10
2014.05.06 14:32:31.710,0.93293,0.93297,1.00,1.10
2014.05.06 14:32:31.811,0.93288,0.93295,1.50,1.10
2014.05.06 14:32:31.913,0.93287,0.93292,1.00,1.20
2014.05.06 14:32:31.964,0.93285,0.93292,1.50,1.20
2014.05.06 14:32:32.015,0.93285,0.9329,1.50,1.10
2014.05.06 14:32:32.117,0.93284,0.93292,1.00,1.10
2014.05.06 14:32:32.219,0.93284,0.9329,1.00,1.10
2014.05.06 14:32:32.629,0.93281,0.93289,1.00,1.10
2014.05.06 14:32:32.680,0.93281,0.93286,1.00,1.10
2014.05.06 14:32:32.883,0.93278,0.93286,1.00,1.10
2014.05.06 14:32:32.984,0.93278,0.93288,1.00,1.88
2014.05.06 14:32:33.845,0.93279,0.93288,1.10,1.00
2014.05.06 14:32:34.266,0.9328,0.9329,1.00,2.70
2014.05.06 14:32:34.824,0.93279,0.9329,1.10,2.70
2014.05.06 14:32:35.484,0.9328,0.9329,1.00,1.10
2014.05.06 14:32:36.115,0.9328,0.93291,1.58,1.13
2014.05.06 14:32:36.659,0.93283,0.93291,1.00,1.00
2014.05.06 14:32:36.938,0.9328,0.93291,1.95,1.00
2014.05.06 14:32:37.929,0.93283,0.93291,1.00,1.00
2014.05.06 14:32:38.159,0.93281,0.93291,1.10,1.00
2014.05.06 14:32:38.368,0.93283,0.93291,1.00,1.38
2014.05.06 14:32:38.834,0.9328,0.93291,1.48,1.00
2014.05.06 14:32:39.561,0.93279,0.9329,1.48,1.10
2014.05.06 14:32:39.773,0.93279,0.9329,1.20,1.10
2014.05.06 14:32:40.890,0.93279,0.9329,1.48,1.10
2014.05.06 14:32:40.940,0.93283,0.9329,1.00,1.10
2014.05.06 14:32:41.242,0.93278,0.93289,2.70,1.10
2014.05.06 14:32:41.340,0.93283,0.93289,1.00,1.10
2014.05.06 14:32:41.574,0.93278,0.93288,1.88,1.10
2014.05.06 14:32:41.942,0.93283,0.93288,1.00,1.10
2014.05.06 14:32:42.157,0.93278,0.93288,1.88,1.10
2014.05.06 14:32:42.464,0.93283,0.93288,1.00,1.10
2014.05.06 14:32:42.670,0.93278,0.93288,2.63,1.10
2014.05.06 14:32:43.617,0.93278,0.93288,2.63,1.10
2014.05.06 14:32:44.267,0.93279,0.93288,1.38,1.10
2014.05.06 14:32:44.494,0.93279,0.93288,1.13,1.10
2014.05.06 14:32:45.040,0.93278,0.93287,2.63,1.10
2014.05.06 14:32:45.343,0.93278,0.93284,1.13,1.10
2014.05.06 14:32:45.749,0.93275,0.93284,1.88,1.10
2014.05.06 14:32:45.799,0.93275,0.93282,1.88,1.10
2014.05.06 14:32:46.217,0.93278,0.93282,1.00,1.10
2014.05.06 14:32:47.417,0.93278,0.93283,1.00,1.10
2014.05.06 14:32:48.638,0.93278,0.93285,1.00,2.10
2014.05.06 14:32:48.999,0.93278,0.93288,1.13,1.58
2014.05.06 14:32:49.201,0.93278,0.93288,1.88,1.10
2014.05.06 14:32:49.983,0.93278,0.93287,1.88,1.10
2014.05.06 14:32:50.565,0.93278,0.93286,1.88,1.10
2014.05.06 14:32:51.213,0.93281,0.93286,1.00,1.10
2014.05.06 14:32:51.638,0.93281,0.93288,1.13,1.10
2014.05.06 14:32:52.088,0.93283,0.93288,1.00,1.10
2014.05.06 14:32:52.189,0.93283,0.93291,1.13,1.10
2014.05.06 14:32:52.391,0.93281,0.93286,1.50,1.10
2014.05.06 14:32:52.492,0.93281,0.93288,1.38,1.10
2014.05.06 14:32:54.635,0.93279,0.93288,1.13,1.10
2014.05.06 14:32:55.142,0.9328,0.93288,1.00,1.10
2014.05.06 14:32:55.497,0.93278,0.93287,1.00,1.10
2014.05.06 14:32:56.023,0.93277,0.93287,1.00,1.10
2014.05.06 14:32:56.262,0.93277,0.93285,1.00,1.10
2014.05.06 14:32:56.990,0.93277,0.93284,1.00,1.10
2014.05.06 14:32:57.294,0.93273,0.93284,1.50,1.20
2014.05.06 14:32:57.345,0.93273,0.93281,1.50,1.10
2014.05.06 14:32:57.548,0.93273,0.93284,1.88,1.58
2014.05.06 14:32:57.599,0.93273,0.93284,3.38,1.10
2014.05.06 14:32:58.104,0.93275,0.93285,1.13,1.58
2014.05.06 14:32:58.608,0.93276,0.93285,1.00,1.58
2014.05.06 14:32:59.003,0.93276,0.93287,2.70,1.58
2014.05.06 14:32:59.054,0.93278,0.93287,1.38,1.58
2014.05.06 14:32:59.586,0.93279,0.93288,1.38,1.10
2014.05.06 14:33:00.397,0.93281,0.93289,1.13,1.10
2014.05.06 14:33:03.418,0.93281,0.93288,1.00,1.10
2014.05.06 14:33:04.200,0.93281,0.93287,1.00,1.10
2014.05.06 14:33:04.705,0.93281,0.93291,1.00,2.33
2014.05.06 14:33:04.907,0.93281,0.93289,1.38,1.10
2014.05.06 14:33:09.795,0.93283,0.93289,1.00,1.10
2014.05.06 14:33:09.896,0.93283,0.93292,1.00,1.58
2014.05.06 14:33:10.441,0.93283,0.93293,1.38,1.58
2014.05.06 14:33:12.510,0.93283,0.93291,1.38,1.00
2014.05.06 14:33:12.612,0.93282,0.93292,1.00,3.68
2014.05.06 14:33:12.714,0.93279,0.93289,1.38,1.10
2014.05.06 14:33:12.815,0.93279,0.93291,1.95,1.58
2014.05.06 14:33:13.336,0.93281,0.93291,1.38,1.10
2014.05.06 14:33:13.555,0.93282,0.93291,1.38,1.10
2014.05.06 14:33:13.707,0.93283,0.93293,1.95,1.00
2014.05.06 14:33:13.858,0.93285,0.93295,1.13,2.18
2014.05.06 14:33:13.910,0.93285,0.93297,1.95,2.93
2014.05.06 14:33:14.214,0.93286,0.93297,1.38,1.50
2014.05.06 14:33:14.758,0.93288,0.93297,2.70,1.50
2014.05.06 14:33:14.859,0.93288,0.93299,1.88,1.58
2014.05.06 14:33:15.062,0.93288,0.93297,1.00,1.00
2014.05.06 14:33:15.368,0.93288,0.93293,1.00,1.00
2014.05.06 14:33:15.418,0.93285,0.93293,1.00,1.50
2014.05.06 14:33:16.087,0.93284,0.93293,1.10,1.00
2014.05.06 14:33:16.462,0.93285,0.93295,1.10,1.50
2014.05.06 14:33:16.715,0.93283,0.93294,1.95,1.00
2014.05.06 14:33:17.346,0.93284,0.93293,1.00,1.10
2014.05.06 14:33:17.966,0.93284,0.93294,1.13,1.00
2014.05.06 14:33:18.332,0.93284,0.93294,1.38,1.00
2014.05.06 14:33:18.382,0.93284,0.93296,1.38,2.33
2014.05.06 14:33:18.912,0.93286,0.93295,2.63,1.10
2014.05.06 14:33:19.216,0.93286,0.93293,1.00,1.10
2014.05.06 14:33:19.318,0.93284,0.93293,1.00,1.10
2014.05.06 14:33:19.839,0.93284,0.93294,1.00,1.58
2014.05.06 14:33:20.405,0.93284,0.93295,1.95,2.33
2014.05.06 14:33:20.848,0.93284,0.93295,1.58,1.95
2014.05.06 14:33:20.949,0.93284,0.93295,1.10,2.70
2014.05.06 14:33:21.073,0.93283,0.93292,1.88,1.10
2014.05.06 14:33:21.578,0.93283,0.93293,1.13,1.00
2014.05.06 14:33:21.913,0.93283,0.93293,3.45,1.00
2014.05.06 14:33:22.217,0.93288,0.93295,1.00,1.10
2014.05.06 14:33:22.724,0.93287,0.93296,1.13,1.10
2014.05.06 14:33:23.296,0.93288,0.93296,1.00,1.10
2014.05.06 14:33:23.837,0.93287,0.93296,1.00,1.10
2014.05.06 14:33:23.888,0.93285,0.93295,1.10,1.00
2014.05.06 14:33:24.692,0.93286,0.93295,1.00,1.10
2014.05.06 14:33:25.224,0.93286,0.93294,1.00,1.10
2014.05.06 14:33:25.744,0.93287,0.93294,1.00,1.10
2014.05.06 14:33:26.273,0.93288,0.93294,1.00,1.10
2014.05.06 14:33:26.425,0.93285,0.93293,1.00,1.10
2014.05.06 14:33:26.526,0.93284,0.93291,1.00,1.10
2014.05.06 14:33:27.324,0.93286,0.93292,1.00,1.10
2014.05.06 14:33:27.628,0.93289,0.93295,1.00,1.10
2014.05.06 14:33:27.729,0.93289,0.93297,1.00,1.58
2014.05.06 14:33:28.124,0.93291,0.93297,1.00,1.10
2014.05.06 14:33:28.377,0.93291,0.933,1.00,1.13
2014.05.06 14:33:28.889,0.93292,0.93301,1.00,1.58
2014.05.06 14:33:29.146,0.93292,0.93298,1.00,1.10
2014.05.06 14:33:29.299,0.9329,0.93298,1.00,1.43
2014.05.06 14:33:29.400,0.9329,0.93295,1.00,1.10
2014.05.06 14:33:29.927,0.9329,0.93294,1.00,1.10
2014.05.06 14:33:31.027,0.93289,0.93293,1.00,1.10
2014.05.06 14:33:31.128,0.93286,0.93293,1.88,1.10
2014.05.06 14:33:31.230,0.93284,0.93293,1.50,1.58
2014.05.06 14:33:31.331,0.93287,0.93293,1.00,1.00
2014.05.06 14:33:31.836,0.93287,0.93294,1.13,1.10
2014.05.06 14:33:32.338,0.93288,0.93294,1.00,1.10
2014.05.06 14:33:32.884,0.93289,0.93295,1.13,1.10
2014.05.06 14:33:38.966,0.93289,0.93294,1.00,1.10
2014.05.06 14:33:39.487,0.93288,0.93294,1.00,1.10
2014.05.06 14:33:40.175,0.93287,0.93292,1.00,1.10
2014.05.06 14:33:40.701,0.93285,0.93289,1.00,1.10
2014.05.06 14:33:40.803,0.93284,0.93289,1.00,1.10
2014.05.06 14:33:41.482,0.93282,0.93289,1.88,1.10
2014.05.06 14:33:42.177,0.93282,0.9329,1.88,1.10
2014.05.06 14:33:42.732,0.93282,0.93289,1.13,1.10
2014.05.06 14:33:43.231,0.93282,0.93287,1.00,1.10
2014.05.06 14:33:43.383,0.9328,0.93287,1.00,1.10
2014.05.06 14:33:43.895,0.93281,0.93287,1.00,1.58
2014.05.06 14:33:44.158,0.93281,0.93289,1.00,1.58
2014.05.06 14:33:44.764,0.93281,0.9329,1.00,1.00
2014.05.06 14:33:45.221,0.93283,0.9329,1.00,1.10
2014.05.06 14:33:45.741,0.93283,0.93291,1.13,1.10
2014.05.06 14:33:46.272,0.93284,0.93292,1.00,1.10
2014.05.06 14:33:46.655,0.93284,0.93294,1.00,1.10
2014.05.06 14:33:46.706,0.93286,0.93294,1.00,1.10
2014.05.06 14:33:48.864,0.93286,0.93295,1.00,1.43
2014.05.06 14:33:49.016,0.93284,0.93294,1.88,2.93
2014.05.06 14:33:49.721,0.93284,0.93293,1.88,1.10
2014.05.06 14:33:50.225,0.93284,0.93294,1.13,2.93
2014.05.06 14:33:51.376,0.93284,0.93292,1.13,1.10
2014.05.06 14:33:51.492,0.93283,0.93294,1.13,2.93
2014.05.06 14:33:52.374,0.93283,0.93291,1.00,1.10
2014.05.06 14:33:52.678,0.93282,0.93289,1.13,1.58
2014.05.06 14:33:53.010,0.93284,0.93289,1.00,1.00
2014.05.06 14:33:53.167,0.93284,0.93292,1.00,1.10
2014.05.06 14:33:54.418,0.93283,0.93292,2.25,1.43
2014.05.06 14:33:54.569,0.93283,0.9329,1.00,1.10
2014.05.06 14:33:54.721,0.93281,0.93289,1.88,1.10
2014.05.06 14:33:56.715,0.93282,0.93289,1.00,1.10
2014.05.06 14:33:56.816,0.93281,0.93291,1.00,2.10
2014.05.06 14:33:56.917,0.93282,0.93289,1.00,1.10
2014.05.06 14:33:57.432,0.93282,0.93291,1.00,1.10
2014.05.06 14:33:57.647,0.93281,0.93289,1.13,1.10
2014.05.06 14:33:57.950,0.93278,0.93289,1.88,1.10
2014.05.06 14:33:58.346,0.93279,0.93291,1.20,4.05
2014.05.06 14:33:58.448,0.93281,0.93291,1.13,1.10
2014.05.06 14:33:58.751,0.93281,0.93293,2.70,1.10
2014.05.06 14:33:59.328,0.93283,0.93294,1.48,1.00
2014.05.06 14:33:59.992,0.93284,0.93295,1.20,1.50
2014.05.06 14:34:00.708,0.93285,0.93296,1.48,2.10
2014.05.06 14:34:01.248,0.93286,0.93297,1.38,2.33
2014.05.06 14:34:01.891,0.93287,0.93297,1.13,1.58
2014.05.06 14:34:02.205,0.93288,0.93299,1.10,1.20
2014.05.06 14:34:02.737,0.93288,0.93299,1.48,1.10
2014.05.06 14:34:03.314,0.93288,0.93297,1.95,1.00
2014.05.06 14:34:03.832,0.93288,0.93297,1.00,1.58
2014.05.06 14:34:04.135,0.93285,0.93293,1.00,1.10
2014.05.06 14:34:04.288,0.93282,0.93291,1.88,1.10
2014.05.06 14:34:04.813,0.93282,0.93292,1.13,1.58
2014.05.06 14:34:05.148,0.93286,0.93293,1.38,1.10
2014.05.06 14:34:05.400,0.93288,0.93297,1.95,2.85
2014.05.06 14:34:06.385,0.93291,0.93301,1.10,1.00
2014.05.06 14:34:06.587,0.93291,0.93297,1.10,1.00
2014.05.06 14:34:06.845,0.9329,0.933,1.00,1.48
2014.05.06 14:34:07.350,0.9329,0.93298,1.10,1.00
2014.05.06 14:34:07.451,0.93289,0.933,1.48,2.33
2014.05.06 14:34:07.502,0.93292,0.933,1.10,1.00
2014.05.06 14:34:07.805,0.93288,0.93297,1.38,1.10
2014.05.06 14:34:08.310,0.93288,0.93298,1.38,1.10
2014.05.06 14:34:08.947,0.93289,0.933,1.48,1.58
2014.05.06 14:34:09.402,0.93292,0.93301,1.10,1.00
2014.05.06 14:34:10.393,0.93291,0.93301,1.10,1.50
2014.05.06 14:34:11.225,0.93292,0.93301,1.10,1.50
2014.05.06 14:34:11.780,0.93292,0.93299,1.10,1.00
2014.05.06 14:34:12.196,0.93292,0.93301,1.10,3.60
2014.05.06 14:34:12.348,0.93291,0.93297,1.10,1.00
2014.05.06 14:34:12.853,0.9329,0.93297,1.10,1.00
2014.05.06 14:34:13.004,0.9329,0.93299,1.10,1.00
2014.05.06 14:34:13.886,0.93291,0.93299,1.10,1.00
2014.05.06 14:34:14.433,0.9329,0.93299,1.10,1.00
2014.05.06 14:34:15.515,0.9329,0.933,1.10,1.00
2014.05.06 14:34:16.467,0.9329,0.933,1.48,1.00
2014.05.06 14:34:16.669,0.93291,0.93301,2.70,1.00
2014.05.06 14:34:16.972,0.93296,0.93303,1.20,1.00
2014.05.06 14:34:17.376,0.93296,0.93305,1.20,1.00
2014.05.06 14:34:17.478,0.93296,0.93307,1.20,1.00
2014.05.06 14:34:19.753,0.93294,0.93306,2.70,1.58
2014.05.06 14:34:19.854,0.93294,0.93304,1.00,1.10
2014.05.06 14:34:20.308,0.93293,0.93303,1.88,1.00
2014.05.06 14:34:20.812,0.93295,0.93303,1.13,1.00
2014.05.06 14:34:21.021,0.93295,0.93305,1.13,1.00
2014.05.06 14:34:21.513,0.93295,0.93303,1.38,1.00
2014.05.06 14:34:21.664,0.93295,0.93306,1.95,1.00
2014.05.06 14:34:21.816,0.93295,0.93306,1.13,1.58
2014.05.06 14:34:22.397,0.93295,0.93305,1.00,1.58
2014.05.06 14:34:24.771,0.93295,0.93304,1.00,1.00
2014.05.06 14:34:25.095,0.93293,0.93304,2.70,1.00
2014.05.06 14:34:25.912,0.93293,0.93303,1.88,1.10
2014.05.06 14:34:26.470,0.93293,0.93303,1.88,1.10
2014.05.06 14:34:27.921,0.93293,0.93303,1.13,1.10
2014.05.06 14:34:28.452,0.93292,0.93302,1.13,1.00
2014.05.06 14:34:28.830,0.9329,0.93301,2.33,1.95
2014.05.06 14:34:29.440,0.9329,0.933,1.50,1.10
2014.05.06 14:34:32.575,0.9329,0.93301,2.33,1.95
2014.05.06 14:34:33.997,0.9329,0.93301,1.95,1.58
2014.05.06 14:34:34.526,0.9329,0.933,1.13,1.10
2014.05.06 14:34:35.050,0.93291,0.93301,1.10,1.50
2014.05.06 14:34:36.204,0.9329,0.933,1.13,1.10
2014.05.06 14:34:36.718,0.9329,0.93299,1.13,1.10
2014.05.06 14:34:37.221,0.9329,0.933,1.38,1.58
2014.05.06 14:34:37.803,0.93293,0.933,1.00,1.10
2014.05.06 14:34:39.295,0.93292,0.933,1.00,1.10
2014.05.06 14:34:39.810,0.9329,0.93301,2.70,1.58
2014.05.06 14:34:40.113,0.93293,0.93301,1.00,1.58
2014.05.06 14:34:40.664,0.93293,0.933,1.00,1.10
2014.05.06 14:34:40.766,0.93291,0.933,1.00,1.10
2014.05.06 14:34:42.159,0.93293,0.933,1.00,1.10
2014.05.06 14:34:42.412,0.93291,0.933,1.13,1.10
2014.05.06 14:34:42.486,0.93293,0.933,1.00,1.10
2014.05.06 14:34:43.764,0.93293,0.93301,1.00,1.58
2014.05.06 14:34:44.167,0.93293,0.93299,1.00,1.10
2014.05.06 14:34:45.675,0.93291,0.93299,1.00,1.10
2014.05.06 14:34:46.125,0.93293,0.933,1.00,1.00
2014.05.06 14:34:46.429,0.93298,0.93303,1.00,1.38
2014.05.06 14:34:46.481,0.93296,0.93305,1.58,2.10
2014.05.06 14:34:46.633,0.93297,0.93303,1.00,1.10
2014.05.06 14:34:46.734,0.93295,0.93303,1.88,1.10
2014.05.06 14:34:46.886,0.93298,0.93304,1.00,1.10
2014.05.06 14:34:47.106,0.93296,0.93304,1.13,1.10
2014.05.06 14:34:47.207,0.93298,0.93305,1.00,1.10
2014.05.06 14:34:49.373,0.93298,0.93306,1.50,1.10
2014.05.06 14:34:50.364,0.93298,0.93305,1.50,1.10
2014.05.06 14:34:51.276,0.93298,0.93302,1.50,1.10
2014.05.06 14:34:51.580,0.93292,0.93298,1.00,1.10
2014.05.06 14:34:51.733,0.93288,0.93298,1.88,1.10
2014.05.06 14:34:53.635,0.93288,0.93298,1.88,1.10
2014.05.06 14:34:54.694,0.93288,0.93297,1.13,1.00
2014.05.06 14:34:55.217,0.93288,0.93298,1.88,1.58
2014.05.06 14:34:57.782,0.93288,0.93296,1.13,1.10
2014.05.06 14:34:58.864,0.93288,0.93298,1.13,1.58
2014.05.06 14:34:59.664,0.93288,0.93297,1.13,1.58
2014.05.06 14:35:00.218,0.93288,0.93298,1.88,1.58
2014.05.06 14:35:01.113,0.93288,0.93299,1.88,2.33
2014.05.06 14:35:02.104,0.93288,0.93299,3.45,1.58
2014.05.06 14:35:04.474,0.93289,0.933,1.13,1.58
2014.05.06 14:35:04.985,0.9329,0.93301,1.20,1.10
2014.05.06 14:35:05.514,0.9329,0.933,1.00,1.58
2014.05.06 14:35:05.565,0.9329,0.93298,1.00,1.10
2014.05.06 14:35:06.078,0.9329,0.93299,1.00,1.10
2014.05.06 14:35:06.737,0.9329,0.93298,1.00,1.10
2014.05.06 14:35:08.656,0.9329,0.93299,1.00,1.10
2014.05.06 14:35:09.445,0.93288,0.93299,1.38,1.10
2014.05.06 14:35:10.379,0.93288,0.93299,1.13,1.58
2014.05.06 14:35:10.944,0.93289,0.93299,1.13,1.58
2014.05.06 14:35:11.534,0.9329,0.93299,1.00,1.10
2014.05.06 14:35:15.827,0.93289,0.93295,1.00,1.10
2014.05.06 14:35:15.878,0.93287,0.93295,1.00,1.10
2014.05.06 14:35:15.929,0.93287,0.93293,1.00,1.10
2014.05.06 14:35:16.232,0.93286,0.93291,1.00,1.10
2014.05.06 14:35:16.333,0.93284,0.93292,1.00,1.13
2014.05.06 14:35:16.586,0.93281,0.93289,1.00,1.10
2014.05.06 14:35:16.839,0.93281,0.93291,1.00,1.20
2014.05.06 14:35:17.476,0.93281,0.9329,1.50,1.10
2014.05.06 14:35:19.575,0.93281,0.93289,1.50,1.10
2014.05.06 14:35:19.981,0.93279,0.93288,1.00,1.10
2014.05.06 14:35:20.480,0.93279,0.93286,1.00,1.10
2014.05.06 14:35:20.688,0.93279,0.93288,1.00,1.10
2014.05.06 14:35:22.174,0.93278,0.93288,1.50,1.10
2014.05.06 14:35:22.720,0.9328,0.9329,1.00,1.58
2014.05.06 14:35:23.979,0.93283,0.9329,1.00,1.58
2014.05.06 14:35:24.232,0.93283,0.93292,1.00,1.10
2014.05.06 14:35:25.429,0.93283,0.93291,1.88,1.10
2014.05.06 14:35:26.423,0.93282,0.9329,1.00,1.10
2014.05.06 14:35:27.408,0.93285,0.93293,1.00,1.38
2014.05.06 14:35:27.559,0.93282,0.9329,1.00,1.10
2014.05.06 14:35:27.610,0.93282,0.93292,1.00,1.10
2014.05.06 14:35:28.064,0.93282,0.93289,1.00,1.10
2014.05.06 14:35:28.375,0.9328,0.93285,1.00,1.10
2014.05.06 14:35:28.426,0.93278,0.93285,1.00,1.10
2014.05.06 14:35:29.468,0.93278,0.93286,1.00,1.10
2014.05.06 14:35:30.087,0.93279,0.93287,1.00,1.58
2014.05.06 14:35:30.289,0.9328,0.93289,1.00,1.58
2014.05.06 14:35:33.125,0.9328,0.93287,1.50,1.10
2014.05.06 14:35:33.237,0.9328,0.93289,1.00,1.58
2014.05.06 14:35:33.456,0.93279,0.93287,1.50,1.10
2014.05.06 14:35:33.962,0.93279,0.93286,1.00,1.10
2014.05.06 14:35:34.466,0.9328,0.93287,1.13,1.10
2014.05.06 14:35:34.567,0.9328,0.93289,1.13,1.58
2014.05.06 14:35:36.035,0.93281,0.93289,1.00,1.00
2014.05.06 14:35:36.755,0.93281,0.93291,1.88,1.58
2014.05.06 14:35:37.334,0.93283,0.93291,1.10,1.00
2014.05.06 14:35:37.540,0.93284,0.93294,1.13,1.50
2014.05.06 14:35:38.214,0.93284,0.93292,1.13,1.10
2014.05.06 14:35:41.055,0.93284,0.93291,1.13,1.10
2014.05.06 14:35:41.359,0.93286,0.9329,1.00,1.10
2014.05.06 14:35:41.460,0.93284,0.9329,1.13,1.10
2014.05.06 14:35:44.895,0.93284,0.93292,1.00,1.10
2014.05.06 14:35:48.410,0.93284,0.93291,1.00,1.10
2014.05.06 14:35:51.094,0.93285,0.93291,1.00,1.10
2014.05.06 14:35:51.248,0.93286,0.93295,1.38,2.33
2014.05.06 14:35:51.349,0.93288,0.93295,1.38,1.00
2014.05.06 14:35:51.501,0.93289,0.93297,1.13,1.10
2014.05.06 14:35:51.703,0.93289,0.93295,1.13,1.10
2014.05.06 14:35:51.805,0.93289,0.93297,1.13,1.10
2014.05.06 14:35:53.029,0.93289,0.93295,1.00,1.10
2014.05.06 14:35:55.394,0.93287,0.93295,1.88,1.10
2014.05.06 14:35:55.697,0.93289,0.93296,1.00,1.58
2014.05.06 14:35:56.000,0.93292,0.93298,1.00,1.10
2014.05.06 14:35:56.101,0.93293,0.933,1.00,1.58
2014.05.06 14:35:56.710,0.93292,0.933,1.00,1.10
2014.05.06 14:35:57.894,0.93293,0.933,1.00,1.10
2014.05.06 14:35:59.723,0.9329,0.933,1.88,1.10
2014.05.06 14:36:01.153,0.93293,0.933,1.00,1.10
2014.05.06 14:36:01.722,0.9329,0.933,1.88,1.10
2014.05.06 14:36:03.023,0.93293,0.933,1.00,1.10
2014.05.06 14:36:03.357,0.9329,0.933,1.88,1.10
2014.05.06 14:36:04.118,0.9329,0.93299,1.13,1.10
2014.05.06 14:36:04.660,0.93289,0.933,2.70,1.10
2014.05.06 14:36:06.437,0.93289,0.933,2.70,1.10
2014.05.06 14:36:07.353,0.93289,0.93297,1.00,1.10
2014.05.06 14:36:07.456,0.93288,0.93299,1.50,1.20
2014.05.06 14:36:08.047,0.93288,0.93298,1.50,1.10
2014.05.06 14:36:08.573,0.93286,0.93297,3.45,1.00
2014.05.06 14:36:09.123,0.93286,0.93298,3.45,1.10
2014.05.06 14:36:10.522,0.93286,0.93297,3.45,1.00
2014.05.06 14:36:11.060,0.93287,0.93297,1.38,1.00
2014.05.06 14:36:11.582,0.93286,0.93296,1.88,1.10
2014.05.06 14:36:11.747,0.93286,0.93294,1.88,1.10
2014.05.06 14:36:12.001,0.93281,0.9329,1.13,1.10
2014.05.06 14:36:18.566,0.93281,0.93292,1.95,1.50
2014.05.06 14:36:18.924,0.93281,0.93292,1.95,1.50
2014.05.06 14:36:19.800,0.93281,0.93292,1.38,2.25
2014.05.06 14:36:21.212,0.93281,0.93292,1.88,1.10
2014.05.06 14:36:22.540,0.93282,0.93293,1.38,1.58
2014.05.06 14:36:22.742,0.93285,0.93296,1.48,1.00
2014.05.06 14:36:22.843,0.93285,0.93296,1.95,1.00
2014.05.06 14:36:22.945,0.93288,0.93298,1.13,1.10
2014.05.06 14:36:23.097,0.93288,0.93298,1.88,1.10
2014.05.06 14:36:23.203,0.93289,0.933,1.95,1.10
2014.05.06 14:36:23.709,0.9329,0.93301,1.95,2.33
2014.05.06 14:36:23.962,0.9329,0.93299,2.25,1.10
2014.05.06 14:36:24.930,0.9329,0.933,1.50,1.10
2014.05.06 14:36:25.474,0.9329,0.93297,1.00,1.00
2014.05.06 14:36:25.988,0.93289,0.93298,1.13,1.10
2014.05.06 14:36:26.039,0.93289,0.933,1.95,1.10
2014.05.06 14:36:26.795,0.93289,0.93299,1.13,1.10
2014.05.06 14:36:27.301,0.93289,0.933,1.95,1.10
2014.05.06 14:36:28.632,0.93289,0.93296,1.95,1.00
2014.05.06 14:36:29.574,0.93289,0.93298,1.95,1.00
2014.05.06 14:36:30.125,0.93289,0.93298,1.95,1.00
2014.05.06 14:36:30.644,0.93289,0.93299,1.95,1.00
2014.05.06 14:36:31.312,0.93289,0.933,1.95,1.58
2014.05.06 14:36:32.004,0.93288,0.93299,2.63,1.10
2014.05.06 14:36:32.634,0.93288,0.93299,1.88,1.10
2014.05.06 14:36:33.651,0.9329,0.933,1.10,1.13
2014.05.06 14:36:34.173,0.93289,0.933,1.95,1.10
2014.05.06 14:36:36.364,0.93289,0.93299,1.00,1.10
2014.05.06 14:36:36.919,0.93291,0.93299,1.00,1.10
2014.05.06 14:36:37.583,0.93291,0.933,1.00,1.10
2014.05.06 14:36:38.106,0.9329,0.933,1.00,1.10
2014.05.06 14:36:40.194,0.9329,0.93301,1.58,1.20
2014.05.06 14:36:43.529,0.9329,0.93299,1.00,1.10
2014.05.06 14:36:44.035,0.93288,0.93297,1.88,1.00
2014.05.06 14:36:44.187,0.93286,0.93296,1.13,1.10
2014.05.06 14:36:44.408,0.93286,0.93293,1.13,1.10
2014.05.06 14:36:44.610,0.93284,0.93293,1.13,1.10
2014.05.06 14:36:44.683,0.93288,0.93293,1.00,1.10
2014.05.06 14:36:45.132,0.93284,0.93293,1.00,1.10
2014.05.06 14:36:45.587,0.93283,0.93295,4.20,1.10
2014.05.06 14:36:46.284,0.93284,0.93294,3.23,1.10
2014.05.06 14:36:46.810,0.93284,0.93293,1.00,1.10
2014.05.06 14:36:49.487,0.93283,0.93293,1.88,1.10
2014.05.06 14:36:50.782,0.93283,0.93292,1.00,1.10
2014.05.06 14:36:51.288,0.93283,0.93291,1.00,1.10
2014.05.06 14:36:52.213,0.93283,0.93292,1.00,1.00
2014.05.06 14:36:52.744,0.93282,0.93291,1.13,1.10
2014.05.06 14:36:54.354,0.93283,0.93291,1.00,1.10
2014.05.06 14:36:54.860,0.93283,0.93292,1.50,1.58
2014.05.06 14:36:55.285,0.93283,0.9329,1.50,1.10
2014.05.06 14:36:56.044,0.93283,0.93291,1.50,1.10
2014.05.06 14:36:56.584,0.93283,0.93292,1.50,1.10
2014.05.06 14:36:56.844,0.93283,0.93294,1.50,1.95
2014.05.06 14:36:56.895,0.93288,0.93294,1.00,1.95
2014.05.06 14:36:57.047,0.93288,0.93296,1.00,1.50
2014.05.06 14:36:57.098,0.93285,0.93296,1.10,1.50
2014.05.06 14:36:57.522,0.93288,0.93296,1.00,1.00
2014.05.06 14:36:58.029,0.93288,0.93297,1.00,1.10
2014.05.06 14:36:58.383,0.93288,0.93299,1.88,2.33
2014.05.06 14:36:58.433,0.93293,0.93299,1.00,2.33
2014.05.06 14:36:58.977,0.93293,0.933,1.00,1.10
2014.05.06 14:36:59.325,0.9329,0.933,1.13,1.10
2014.05.06 14:36:59.375,0.9329,0.93297,1.13,1.10
2014.05.06 14:36:59.477,0.93288,0.93297,4.73,1.10
2014.05.06 14:36:59.932,0.93288,0.93299,4.73,2.33
2014.05.06 14:36:59.983,0.93293,0.93299,1.00,2.33
2014.05.06 14:37:00.185,0.93288,0.93299,4.73,2.33
2014.05.06 14:37:00.604,0.93288,0.93297,4.35,1.10
2014.05.06 14:37:01.109,0.93288,0.93298,4.35,1.10
2014.05.06 14:37:01.454,0.93293,0.93298,1.00,1.10
2014.05.06 14:37:01.957,0.93293,0.93299,1.00,1.00
2014.05.06 14:37:02.528,0.93293,0.933,1.00,1.10
2014.05.06 14:37:03.665,0.93293,0.93301,1.00,1.00
2014.05.06 14:37:04.230,0.93293,0.93302,1.00,1.00
2014.05.06 14:37:07.267,0.93293,0.93303,1.58,1.00
2014.05.06 14:37:10.258,0.93293,0.93302,1.00,1.10
2014.05.06 14:37:10.569,0.93298,0.93302,1.00,1.10
2014.05.06 14:37:10.872,0.93293,0.93302,1.00,1.10
2014.05.06 14:37:13.223,0.93298,0.93302,1.00,1.10
2014.05.06 14:37:13.599,0.93293,0.93302,1.00,1.10
2014.05.06 14:37:14.654,0.93298,0.93302,1.00,1.10
2014.05.06 14:37:14.764,0.93293,0.93302,1.00,1.10
2014.05.06 14:37:15.274,0.93293,0.93302,1.88,1.10
2014.05.06 14:37:15.884,0.93298,0.93302,1.00,1.10
2014.05.06 14:37:16.084,0.93293,0.93302,1.88,1.10
2014.05.06 14:37:17.008,0.93293,0.93303,1.88,1.10
2014.05.06 14:37:18.065,0.93298,0.93303,1.00,1.10
2014.05.06 14:37:19.509,0.93298,0.93305,1.00,1.00
2014.05.06 14:37:19.775,0.93298,0.93307,1.00,1.58
2014.05.06 14:37:20.315,0.93298,0.93306,1.00,1.10
2014.05.06 14:37:20.833,0.93298,0.93305,1.00,1.10
2014.05.06 14:37:21.494,0.93298,0.93307,1.00,1.10
2014.05.06 14:37:30.063,0.93298,0.93309,1.13,1.58
2014.05.06 14:37:31.423,0.93298,0.93308,1.00,1.10
2014.05.06 14:37:31.676,0.93296,0.93307,2.33,1.00
2014.05.06 14:37:31.934,0.93296,0.93305,1.10,1.00
2014.05.06 14:37:31.985,0.93294,0.93305,1.95,1.50
2014.05.06 14:37:33.391,0.93293,0.93302,3.45,1.00
2014.05.06 14:37:34.163,0.93294,0.93302,1.10,1.00
2014.05.06 14:37:34.694,0.93293,0.93303,1.95,1.00
2014.05.06 14:37:35.242,0.93293,0.93302,1.13,1.10
2014.05.06 14:37:35.750,0.93294,0.93303,1.10,1.00
2014.05.06 14:37:36.275,0.93293,0.93303,1.13,1.58
2014.05.06 14:37:36.643,0.93294,0.93302,1.95,1.00
2014.05.06 14:37:36.795,0.93295,0.93307,1.95,3.08
2014.05.06 14:37:37.353,0.93296,0.93306,1.00,1.10
2014.05.06 14:37:37.900,0.93296,0.93307,1.58,2.25
2014.05.06 14:37:40.671,0.93296,0.93307,1.48,2.25
2014.05.06 14:37:45.771,0.93296,0.93307,1.95,1.50
2014.05.06 14:37:46.274,0.93296,0.93306,1.95,1.00
2014.05.06 14:37:49.433,0.93298,0.93306,1.00,1.00
2014.05.06 14:37:50.074,0.93298,0.93307,1.13,1.00
2014.05.06 14:37:51.230,0.93299,0.93307,1.10,1.00
2014.05.06 14:37:51.331,0.933,0.9331,1.10,1.88
2014.05.06 14:37:51.791,0.93303,0.93311,1.00,1.00
2014.05.06 14:37:54.721,0.93301,0.93311,1.00,1.00
2014.05.06 14:37:54.873,0.93301,0.9331,1.00,1.38
2014.05.06 14:37:55.478,0.933,0.93309,1.10,1.00
2014.05.06 14:37:56.008,0.93299,0.93309,1.10,1.13
2014.05.06 14:37:56.526,0.93299,0.93308,1.10,1.00
2014.05.06 14:37:56.817,0.93296,0.93307,2.70,1.50
2014.05.06 14:37:56.869,0.93296,0.93302,1.00,1.10
2014.05.06 14:37:56.921,0.93293,0.93302,2.25,1.10
2014.05.06 14:37:57.490,0.93294,0.93302,1.10,1.00
2014.05.06 14:37:58.143,0.93293,0.93302,1.13,1.58
2014.05.06 14:37:59.021,0.93291,0.93302,1.58,2.70
2014.05.06 14:37:59.622,0.93291,0.93301,1.58,1.00
2014.05.06 14:38:00.130,0.93292,0.93301,1.10,1.00
2014.05.06 14:38:00.650,0.93291,0.93301,1.58,1.00
2014.05.06 14:38:01.753,0.93291,0.93297,1.58,1.00
2014.05.06 14:38:04.261,0.93291,0.93301,1.00,1.20
2014.05.06 14:38:04.802,0.93291,0.93297,1.00,1.00
2014.05.06 14:38:05.011,0.93291,0.93301,1.00,1.10
2014.05.06 14:38:05.231,0.93291,0.93297,1.00,1.00
2014.05.06 14:38:05.483,0.93288,0.93297,1.00,1.58
2014.05.06 14:38:05.534,0.93288,0.93295,1.00,1.10
2014.05.06 14:38:06.072,0.93288,0.93296,1.00,1.10
2014.05.06 14:38:06.864,0.93288,0.93297,1.00,1.00
2014.05.06 14:38:06.915,0.93288,0.93299,1.88,1.10
2014.05.06 14:38:07.016,0.93288,0.93297,1.95,1.00
2014.05.06 14:38:07.339,0.93288,0.93299,1.88,1.10
2014.05.06 14:38:08.402,0.93288,0.933,3.45,1.95
2014.05.06 14:38:09.097,0.93288,0.933,3.45,1.10
2014.05.06 14:38:11.462,0.93288,0.93297,2.63,1.10
2014.05.06 14:38:11.571,0.93288,0.93297,2.63,1.10
2014.05.06 14:38:12.452,0.93288,0.93295,1.88,1.10
2014.05.06 14:38:17.412,0.93288,0.93296,1.50,1.10
2014.05.06 14:38:17.719,0.93286,0.93293,1.00,1.10
2014.05.06 14:38:17.889,0.93283,0.93291,1.50,1.10
2014.05.06 14:38:18.041,0.93281,0.93291,1.00,1.10
2014.05.06 14:38:18.092,0.93281,0.93289,1.00,1.10
2014.05.06 14:38:18.446,0.9328,0.93288,1.50,2.25
2014.05.06 14:38:18.547,0.93277,0.93284,2.10,1.00
2014.05.06 14:38:18.648,0.93276,0.93286,1.00,1.00
2014.05.06 14:38:18.699,0.93278,0.93286,1.00,2.85
2014.05.06 14:38:18.902,0.93278,0.93288,1.88,1.10
2014.05.06 14:38:19.447,0.93278,0.93287,2.63,1.10
2014.05.06 14:38:19.649,0.93279,0.93285,1.13,1.10
2014.05.06 14:38:19.851,0.93279,0.93287,1.13,1.10
2014.05.06 14:38:20.851,0.93279,0.93289,1.13,1.10
2014.05.06 14:38:21.394,0.93279,0.93289,1.38,1.10
2014.05.06 14:38:23.141,0.93282,0.9329,1.13,1.00
2014.05.06 14:38:23.394,0.93284,0.93293,2.10,1.58
2014.05.06 14:38:23.596,0.93283,0.9329,1.00,1.10
2014.05.06 14:38:23.824,0.93281,0.9329,1.00,1.58
2014.05.06 14:38:24.352,0.9328,0.9329,1.88,1.58
2014.05.06 14:38:24.453,0.9328,0.9329,2.70,1.00
2014.05.06 14:38:24.756,0.93283,0.93291,3.23,1.58
2014.05.06 14:38:24.958,0.93283,0.93294,4.05,1.58
2014.05.06 14:38:25.544,0.93284,0.93294,1.48,1.00
2014.05.06 14:38:26.062,0.93284,0.93295,4.05,1.58
2014.05.06 14:38:32.470,0.93286,0.93295,1.00,1.00
2014.05.06 14:38:34.179,0.93286,0.93297,1.13,1.00
2014.05.06 14:38:36.591,0.93286,0.93298,1.13,2.55
2014.05.06 14:38:38.879,0.93286,0.93295,1.88,1.10
2014.05.06 14:38:39.996,0.93286,0.93295,1.88,1.10
2014.05.06 14:38:40.488,0.93286,0.93297,1.88,1.10
2014.05.06 14:38:46.241,0.93286,0.93296,1.88,1.10
2014.05.06 14:38:46.292,0.93286,0.93295,1.00,1.38
2014.05.06 14:38:46.444,0.93281,0.93291,2.85,1.20
2014.05.06 14:38:46.697,0.93279,0.93288,1.13,1.10
2014.05.06 14:38:48.093,0.93278,0.93288,1.88,1.10
2014.05.06 14:38:48.913,0.93278,0.9329,1.50,1.88
2014.05.06 14:38:49.581,0.93278,0.93288,1.50,1.10
2014.05.06 14:38:50.500,0.93278,0.93288,1.00,1.48
2014.05.06 14:38:51.130,0.93277,0.93287,1.50,1.13
2014.05.06 14:38:51.889,0.93278,0.93287,1.00,1.00
2014.05.06 14:38:52.405,0.93278,0.93288,1.00,1.58
2014.05.06 14:38:52.766,0.93283,0.93288,1.00,1.58
2014.05.06 14:38:53.274,0.93283,0.93289,1.00,1.58
2014.05.06 14:38:55.623,0.93279,0.93289,1.58,1.00
2014.05.06 14:38:56.158,0.93278,0.93288,1.00,1.00
2014.05.06 14:38:56.673,0.93279,0.93288,1.00,1.00
2014.05.06 14:38:57.186,0.93278,0.93289,1.58,2.70
2014.05.06 14:38:58.941,0.93278,0.93287,1.00,1.00
2014.05.06 14:38:58.991,0.93276,0.93287,2.70,1.00
2014.05.06 14:38:59.042,0.93276,0.93284,1.00,1.95
2014.05.06 14:38:59.194,0.93273,0.93282,1.00,1.95
2014.05.06 14:38:59.295,0.93271,0.93281,1.00,1.10
2014.05.06 14:38:59.869,0.93271,0.93282,1.00,1.13
2014.05.06 14:39:00.784,0.9327,0.9328,1.50,1.20
2014.05.06 14:39:01.087,0.93268,0.93278,1.10,1.50
2014.05.06 14:39:01.441,0.9327,0.93278,1.95,1.00
2014.05.06 14:39:01.492,0.9327,0.93281,1.95,3.23
2014.05.06 14:39:01.900,0.9327,0.93279,1.95,1.00
2014.05.06 14:39:03.204,0.93268,0.93279,1.95,2.25
2014.05.06 14:39:03.255,0.93268,0.93276,1.95,1.00
2014.05.06 14:39:03.356,0.93268,0.93279,1.95,1.00
2014.05.06 14:39:03.763,0.93269,0.93279,1.48,1.00
2014.05.06 14:39:04.312,0.9327,0.93281,1.88,1.00
2014.05.06 14:39:05.515,0.93271,0.9328,1.13,1.10
2014.05.06 14:39:06.021,0.9327,0.93279,1.10,1.00
2014.05.06 14:39:06.529,0.9327,0.9328,1.10,1.00
2014.05.06 14:39:06.782,0.93271,0.93282,1.48,1.00
2014.05.06 14:39:07.290,0.93271,0.93283,1.38,3.60
2014.05.06 14:39:07.796,0.93271,0.93283,1.00,1.88
2014.05.06 14:39:08.149,0.93268,0.93279,2.63,1.50
2014.05.06 14:39:08.352,0.93267,0.93277,1.00,1.73
2014.05.06 14:39:08.403,0.93267,0.93273,1.00,1.20
2014.05.06 14:39:08.605,0.93264,0.93273,1.00,1.20
2014.05.06 14:39:09.128,0.93264,0.93272,1.00,1.10
2014.05.06 14:39:09.634,0.93263,0.93271,1.95,1.00
2014.05.06 14:39:09.735,0.93264,0.93274,1.13,2.33
2014.05.06 14:39:10.147,0.93268,0.93277,1.00,1.20
2014.05.06 14:39:11.163,0.93269,0.93277,1.00,1.10
2014.05.06 14:39:11.713,0.93269,0.93278,1.00,2.70
2014.05.06 14:39:12.052,0.93265,0.93274,1.95,1.00
2014.05.06 14:39:12.558,0.93265,0.93275,1.50,1.43
2014.05.06 14:39:13.077,0.93265,0.93277,2.25,1.10
2014.05.06 14:39:13.229,0.93265,0.93275,2.63,1.10
2014.05.06 14:39:13.746,0.93266,0.93276,1.00,1.10
2014.05.06 14:39:14.340,0.93268,0.93278,1.00,1.95
2014.05.06 14:39:14.643,0.9327,0.9328,1.00,4.05
2014.05.06 14:39:14.745,0.9327,0.9328,1.00,3.30
2014.05.06 14:39:14.998,0.9327,0.93277,1.00,1.10
2014.05.06 14:39:15.523,0.9327,0.93279,1.00,1.20
2014.05.06 14:39:15.625,0.9327,0.93279,1.00,1.48
2014.05.06 14:39:15.676,0.93268,0.93277,1.00,1.20
2014.05.06 14:39:16.264,0.93267,0.93278,2.33,1.20
2014.05.06 14:39:16.425,0.93267,0.93275,1.00,1.00
2014.05.06 14:39:16.679,0.93263,0.93273,1.00,1.48
2014.05.06 14:39:16.982,0.93263,0.93269,1.50,1.10
2014.05.06 14:39:17.758,0.9326,0.93269,1.00,1.10
2014.05.06 14:39:18.881,0.93263,0.93269,1.00,1.10
2014.05.06 14:39:19.062,0.93263,0.93271,1.00,1.58
2014.05.06 14:39:19.210,0.9326,0.93271,1.58,1.58
2014.05.06 14:39:19.541,0.93259,0.93269,1.58,1.38
2014.05.06 14:39:19.963,0.93258,0.93266,1.00,1.10
2014.05.06 14:39:20.280,0.93256,0.93265,1.00,1.10
2014.05.06 14:39:20.381,0.93258,0.93267,1.00,2.93
2014.05.06 14:39:20.749,0.93263,0.93267,1.00,1.10
2014.05.06 14:39:20.850,0.9326,0.93267,1.00,1.10
2014.05.06 14:39:21.390,0.9326,0.93268,1.00,1.10
2014.05.06 14:39:21.794,0.9326,0.9327,1.00,1.58
2014.05.06 14:39:21.845,0.93263,0.9327,1.00,1.10
2014.05.06 14:39:21.947,0.93261,0.93271,1.00,1.58
2014.05.06 14:39:22.353,0.93261,0.93269,1.00,1.10
2014.05.06 14:39:22.715,0.93265,0.93271,1.00,1.20
2014.05.06 14:39:23.732,0.93263,0.93271,1.50,1.10
2014.05.06 14:39:28.400,0.93263,0.9327,1.50,1.10
2014.05.06 14:39:28.654,0.93263,0.93272,1.00,2.70
2014.05.06 14:39:29.194,0.93263,0.93271,1.00,1.10
2014.05.06 14:39:30.417,0.93263,0.9327,1.00,1.10
2014.05.06 14:39:30.954,0.9326,0.93269,1.00,1.10
2014.05.06 14:39:31.943,0.93261,0.93269,1.00,1.10
2014.05.06 14:39:33.711,0.93261,0.9327,1.00,1.10
2014.05.06 14:39:34.793,0.93261,0.9327,1.38,1.10
2014.05.06 14:39:37.019,0.93261,0.9327,1.00,1.10
2014.05.06 14:39:37.221,0.9326,0.93268,1.00,1.10
2014.05.06 14:39:37.425,0.9326,0.9327,1.00,1.10
2014.05.06 14:39:37.576,0.93263,0.9327,1.00,1.10
2014.05.06 14:39:38.427,0.93262,0.9327,1.00,1.10
2014.05.06 14:39:40.310,0.93261,0.9327,1.00,1.10
2014.05.06 14:39:44.161,0.93263,0.93271,1.00,1.10
2014.05.06 14:39:46.231,0.93262,0.93271,1.00,1.10
2014.05.06 14:39:47.529,0.93263,0.93271,1.00,1.10
2014.05.06 14:39:48.204,0.93262,0.93271,1.00,1.10
2014.05.06 14:39:48.726,0.93263,0.93271,1.00,1.10
2014.05.06 14:39:49.243,0.93263,0.93272,1.00,1.10
2014.05.06 14:39:49.773,0.93262,0.9327,1.00,1.10
2014.05.06 14:39:50.228,0.93262,0.93272,1.00,4.05
2014.05.06 14:39:50.330,0.93262,0.9327,1.00,1.10
2014.05.06 14:39:50.582,0.93261,0.93272,1.58,1.95
2014.05.06 14:39:50.633,0.93261,0.9327,1.00,1.10
2014.05.06 14:39:51.330,0.93261,0.93269,1.00,1.10
2014.05.06 14:39:51.938,0.9326,0.93269,1.00,1.10
2014.05.06 14:39:53.285,0.93261,0.93269,1.00,1.10
2014.05.06 14:39:54.021,0.93262,0.93269,1.00,1.10
2014.05.06 14:39:54.232,0.9326,0.93269,1.50,1.10
2014.05.06 14:39:57.244,0.93258,0.93269,3.00,1.20
2014.05.06 14:39:57.346,0.93258,0.93264,1.50,1.10
2014.05.06 14:39:57.497,0.93255,0.93264,1.88,1.10
2014.05.06 14:39:58.561,0.93255,0.93263,1.13,1.10
2014.05.06 14:40:04.644,0.93255,0.93265,1.00,1.10
2014.05.06 14:40:05.099,0.93257,0.93265,1.00,1.10
2014.05.06 14:40:05.200,0.93257,0.93267,1.13,1.58
2014.05.06 14:40:05.352,0.93258,0.93268,1.88,1.58
2014.05.06 14:40:05.403,0.9326,0.93271,2.85,1.95
2014.05.06 14:40:05.706,0.93261,0.93272,1.48,3.08
2014.05.06 14:40:06.009,0.93263,0.93269,1.00,1.10
2014.05.06 14:40:06.170,0.93259,0.93267,1.00,1.10
2014.05.06 14:40:06.385,0.93259,0.93269,3.23,1.10
2014.05.06 14:40:06.890,0.93259,0.9327,3.23,1.58
2014.05.06 14:40:06.941,0.93259,0.93268,3.23,1.10
2014.05.06 14:40:07.691,0.93259,0.93266,3.23,1.10
2014.05.06 14:40:07.894,0.93257,0.93265,1.88,1.10
2014.05.06 14:40:08.096,0.93259,0.93266,1.00,1.10
2014.05.06 14:40:08.660,0.9326,0.93267,1.00,1.10
2014.05.06 14:40:09.066,0.93258,0.93268,3.23,1.10
2014.05.06 14:40:10.909,0.93258,0.93266,1.13,1.10
2014.05.06 14:40:11.161,0.93256,0.93265,1.50,1.10
2014.05.06 14:40:11.880,0.93255,0.93265,1.13,1.10
2014.05.06 14:40:12.118,0.93255,0.93263,1.13,1.10
2014.05.06 14:40:13.434,0.93255,0.93262,1.00,1.10
2014.05.06 14:40:14.679,0.93258,0.93262,1.00,1.10
2014.05.06 14:40:14.780,0.93258,0.93264,1.00,1.10
2014.05.06 14:40:15.574,0.93255,0.93264,1.13,1.10
2014.05.06 14:40:16.630,0.93255,0.93263,1.13,1.10
2014.05.06 14:40:18.202,0.93255,0.93263,1.38,1.10
2014.05.06 14:40:19.422,0.93258,0.93265,1.00,1.10
2014.05.06 14:40:19.574,0.93258,0.93267,1.88,1.10
2014.05.06 14:40:19.776,0.93259,0.93269,1.00,1.10
2014.05.06 14:40:19.827,0.93263,0.93269,1.00,1.58
2014.05.06 14:40:20.180,0.93263,0.93271,1.00,2.10
2014.05.06 14:40:20.685,0.93262,0.9327,1.00,1.10
2014.05.06 14:40:24.660,0.93262,0.93271,1.00,1.10
2014.05.06 14:40:25.271,0.93262,0.9327,1.00,1.10
2014.05.06 14:40:27.079,0.93262,0.93272,1.00,1.95
2014.05.06 14:40:27.231,0.93262,0.9327,1.00,1.10
2014.05.06 14:40:33.798,0.93263,0.9327,1.00,1.10
2014.05.06 14:40:35.880,0.93262,0.9327,1.13,1.10
2014.05.06 14:40:38.081,0.93263,0.9327,1.00,1.10
2014.05.06 14:40:39.070,0.93263,0.93268,1.13,1.10
2014.05.06 14:40:39.222,0.93263,0.9327,1.13,1.10
2014.05.06 14:40:39.859,0.93262,0.93269,1.88,1.10
2014.05.06 14:40:40.395,0.93263,0.9327,1.00,1.10
2014.05.06 14:40:41.790,0.93262,0.9327,1.88,1.10
2014.05.06 14:40:42.809,0.93262,0.93272,1.50,1.10
2014.05.06 14:40:43.470,0.93262,0.93271,1.50,1.10
2014.05.06 14:40:43.989,0.93262,0.9327,1.50,1.10
2014.05.06 14:40:44.039,0.93264,0.9327,1.00,1.10
2014.05.06 14:40:44.545,0.93265,0.93269,1.00,1.10
2014.05.06 14:40:44.595,0.93265,0.93272,1.00,1.10
2014.05.06 14:40:48.039,0.93263,0.93269,1.00,1.10
2014.05.06 14:40:52.424,0.93263,0.93271,1.00,1.00
2014.05.06 14:40:54.399,0.93263,0.93269,1.00,1.10
2014.05.06 14:40:54.955,0.93262,0.93269,1.00,1.10
2014.05.06 14:40:55.410,0.93261,0.93267,1.00,1.10
2014.05.06 14:40:59.539,0.9326,0.93267,1.00,1.10
2014.05.06 14:40:59.590,0.93259,0.93269,1.88,1.10
2014.05.06 14:40:59.641,0.93262,0.93269,1.00,1.10
2014.05.06 14:41:02.913,0.93262,0.9327,1.00,1.10
2014.05.06 14:41:04.320,0.93262,0.93269,1.00,1.10
2014.05.06 14:41:05.732,0.93263,0.93269,1.00,1.10
2014.05.06 14:41:07.861,0.93263,0.9327,1.00,1.10
2014.05.06 14:41:07.962,0.93263,0.93272,1.00,1.00
2014.05.06 14:41:08.164,0.93263,0.9327,1.00,1.10
2014.05.06 14:41:09.945,0.93262,0.9327,1.00,1.10
2014.05.06 14:41:13.481,0.93259,0.9327,1.88,1.10
2014.05.06 14:41:15.175,0.93259,0.93269,1.13,1.10
2014.05.06 14:41:17.477,0.93259,0.9327,1.88,1.10
2014.05.06 14:41:18.994,0.93259,0.93269,1.88,1.10
2014.05.06 14:41:20.319,0.93259,0.9327,1.88,1.10
2014.05.06 14:41:20.489,0.93259,0.9327,1.88,1.10
2014.05.06 14:41:21.039,0.93259,0.93269,1.88,1.00
2014.05.06 14:41:22.436,0.93259,0.93269,1.88,1.10
2014.05.06 14:41:23.334,0.93259,0.93269,1.88,1.10
2014.05.06 14:41:24.039,0.93259,0.93268,1.13,1.10
2014.05.06 14:41:24.553,0.93259,0.93267,1.00,1.10
2014.05.06 14:41:25.090,0.93259,0.93266,1.00,1.10
2014.05.06 14:41:25.470,0.93259,0.93264,1.00,1.10
2014.05.06 14:41:25.673,0.93259,0.93266,1.00,1.10
2014.05.06 14:41:25.892,0.93259,0.93268,1.00,1.10
2014.05.06 14:41:27.420,0.93259,0.93267,1.00,1.10
2014.05.06 14:41:28.180,0.93259,0.93266,1.00,1.10
2014.05.06 14:41:28.336,0.93256,0.93266,3.98,1.10
2014.05.06 14:41:28.849,0.93256,0.93266,3.98,1.10
2014.05.06 14:41:31.589,0.93256,0.93267,4.80,1.10
2014.05.06 14:41:32.139,0.93258,0.93269,1.58,1.13
2014.05.06 14:41:34.231,0.93257,0.93267,1.88,1.10
2014.05.06 14:41:34.580,0.93259,0.93267,1.00,1.10
2014.05.06 14:41:35.128,0.93259,0.93266,1.00,1.10
2014.05.06 14:41:35.665,0.93259,0.93265,1.00,1.10
2014.05.06 14:41:36.293,0.93258,0.93266,1.00,1.10
2014.05.06 14:41:39.519,0.93259,0.93266,1.00,1.10
2014.05.06 14:41:40.182,0.93259,0.93269,1.00,1.95
2014.05.06 14:41:41.718,0.93259,0.93267,1.00,1.10
2014.05.06 14:41:41.938,0.93259,0.93269,1.00,1.95
2014.05.06 14:41:43.909,0.9326,0.93269,1.00,1.58
2014.05.06 14:41:43.959,0.93262,0.93269,1.10,1.00
2014.05.06 14:41:44.061,0.9326,0.93269,1.00,1.00
2014.05.06 14:41:48.419,0.93263,0.93269,1.00,1.00
2014.05.06 14:41:48.858,0.9326,0.93269,1.00,1.00
2014.05.06 14:41:53.539,0.93259,0.93269,1.58,1.00
2014.05.06 14:41:54.160,0.93258,0.93269,2.70,1.00
2014.05.06 14:41:55.505,0.9326,0.93269,1.10,1.00
2014.05.06 14:41:55.808,0.93263,0.93271,1.00,1.00
2014.05.06 14:41:56.322,0.93262,0.93271,1.10,1.00
2014.05.06 14:41:57.178,0.93261,0.93271,1.58,1.00
2014.05.06 14:41:58.067,0.9326,0.93271,1.58,1.13
2014.05.06 14:42:01.081,0.9326,0.93271,1.10,1.38
2014.05.06 14:42:03.128,0.9326,0.93271,1.10,1.38
2014.05.06 14:42:03.985,0.93259,0.9327,1.58,1.48
2014.05.06 14:42:06.763,0.93259,0.9327,1.58,1.20
2014.05.06 14:42:09.312,0.93259,0.93267,1.58,1.00
2014.05.06 14:42:10.499,0.93259,0.9327,1.58,1.20
2014.05.06 14:42:11.081,0.93259,0.93267,1.58,1.00
2014.05.06 14:42:12.706,0.93259,0.9327,1.58,1.20
2014.05.06 14:42:14.618,0.93259,0.9327,1.58,1.48
2014.05.06 14:42:16.968,0.93259,0.93268,1.00,1.10
2014.05.06 14:42:20.148,0.93259,0.93269,1.00,1.10
2014.05.06 14:42:20.757,0.93259,0.93268,1.00,1.10
2014.05.06 14:42:21.288,0.9326,0.93271,1.58,2.70
2014.05.06 14:42:21.339,0.93261,0.93271,1.38,1.58
2014.05.06 14:42:21.491,0.93264,0.93276,1.95,4.43
2014.05.06 14:42:22.127,0.93264,0.93273,1.95,1.00
2014.05.06 14:42:22.438,0.93264,0.9327,1.00,1.38
2014.05.06 14:42:22.489,0.93262,0.93269,1.00,2.48
2014.05.06 14:42:22.641,0.93262,0.93267,1.00,1.00
2014.05.06 14:42:22.692,0.9326,0.93267,1.00,1.00
2014.05.06 14:42:23.371,0.93258,0.93267,1.58,1.00
2014.05.06 14:42:23.906,0.93258,0.93268,1.50,1.13
2014.05.06 14:42:25.369,0.93258,0.93267,1.00,1.00
2014.05.06 14:42:25.534,0.93258,0.93266,1.00,1.48
2014.05.06 14:42:25.635,0.93254,0.93262,3.08,1.00
2014.05.06 14:42:26.446,0.93254,0.93261,1.00,1.20
2014.05.06 14:42:27.029,0.93253,0.9326,1.00,1.10
2014.05.06 14:42:27.667,0.93252,0.9326,1.00,1.10
2014.05.06 14:42:28.119,0.93252,0.93257,1.00,1.00
2014.05.06 14:42:28.221,0.93248,0.93256,1.50,1.10
2014.05.06 14:42:29.854,0.93246,0.93256,2.63,1.10
2014.05.06 14:42:30.056,0.93248,0.93257,1.00,1.58
2014.05.06 14:42:30.207,0.93248,0.9326,3.30,2.33
2014.05.06 14:42:30.309,0.93248,0.93257,1.20,1.00
2014.05.06 14:42:31.307,0.93248,0.93259,1.95,1.10
2014.05.06 14:42:31.607,0.93247,0.93257,1.95,1.00
2014.05.06 14:42:31.961,0.93248,0.9326,2.70,1.10
2014.05.06 14:42:32.062,0.93248,0.93257,2.70,1.00
2014.05.06 14:42:33.740,0.93248,0.9326,2.70,1.10
2014.05.06 14:42:34.177,0.93248,0.93257,2.63,1.10
2014.05.06 14:42:34.966,0.93248,0.93258,2.63,1.10
2014.05.06 14:42:35.713,0.93249,0.93261,1.10,2.33
2014.05.06 14:42:36.130,0.93249,0.93257,1.50,1.10
2014.05.06 14:42:36.486,0.93251,0.93259,1.00,1.10
2014.05.06 14:42:37.135,0.9325,0.93259,1.00,1.10
2014.05.06 14:42:37.793,0.93252,0.9326,1.10,1.00
2014.05.06 14:42:37.895,0.93252,0.93262,1.10,1.50
2014.05.06 14:42:38.536,0.93253,0.93262,1.00,1.00
2014.05.06 14:42:39.128,0.93253,0.93261,1.00,1.10
2014.05.06 14:42:39.230,0.93252,0.93259,1.00,1.10
2014.05.06 14:42:39.331,0.93249,0.93259,1.13,1.10
2014.05.06 14:42:40.239,0.93249,0.9326,1.95,1.00
2014.05.06 14:42:40.390,0.9325,0.93262,4.80,2.33
2014.05.06 14:42:40.441,0.93252,0.93262,1.10,1.50
2014.05.06 14:42:40.542,0.93253,0.93264,1.88,1.58
2014.05.06 14:42:42.880,0.93257,0.93264,1.00,1.10
2014.05.06 14:42:42.982,0.93254,0.93264,3.23,1.10
2014.05.06 14:42:43.033,0.93256,0.93264,1.00,1.10
2014.05.06 14:42:43.287,0.93254,0.93264,4.35,1.10
2014.05.06 14:42:43.388,0.93257,0.93264,1.00,1.10
2014.05.06 14:42:43.931,0.93256,0.93264,1.50,1.10
2014.05.06 14:42:45.156,0.93256,0.93261,1.00,1.10
2014.05.06 14:42:45.358,0.93253,0.93261,2.10,1.20
2014.05.06 14:42:45.410,0.9325,0.93259,1.50,1.10
2014.05.06 14:42:45.963,0.9325,0.93258,1.50,1.10
2014.05.06 14:42:46.392,0.93253,0.93258,1.00,1.10
2014.05.06 14:42:47.116,0.93251,0.93258,1.00,1.10
2014.05.06 14:42:47.668,0.93251,0.93257,1.00,1.00
2014.05.06 14:42:48.557,0.9325,0.93257,1.00,1.00
2014.05.06 14:42:48.892,0.93248,0.93257,1.00,1.00
2014.05.06 14:42:51.547,0.93247,0.93257,1.13,2.33
2014.05.06 14:42:51.648,0.93246,0.93252,1.00,1.00
2014.05.06 14:42:51.749,0.93244,0.93252,1.00,1.00
2014.05.06 14:42:51.901,0.93244,0.9325,1.00,1.10
2014.05.06 14:42:52.662,0.93244,0.93249,1.00,1.10
2014.05.06 14:42:52.763,0.93239,0.93249,1.00,1.58
2014.05.06 14:42:53.318,0.9324,0.93251,1.95,1.10
2014.05.06 14:42:53.420,0.93242,0.93251,1.00,1.10
2014.05.06 14:42:53.553,0.93243,0.93253,1.88,1.00
2014.05.06 14:42:53.604,0.93245,0.93253,1.00,1.00
2014.05.06 14:42:53.857,0.93248,0.93257,1.13,1.00
2014.05.06 14:42:54.017,0.93248,0.93259,2.70,1.58
2014.05.06 14:42:54.118,0.93248,0.93256,1.95,1.00
2014.05.06 14:42:54.437,0.9325,0.93256,1.00,1.00
2014.05.06 14:42:55.702,0.93247,0.93254,2.33,1.88
2014.05.06 14:42:55.804,0.93247,0.93253,1.00,1.13
2014.05.06 14:42:55.956,0.93245,0.93252,1.58,1.00
2014.05.06 14:42:56.007,0.93245,0.9325,1.00,1.00
2014.05.06 14:42:56.525,0.93244,0.93251,1.00,1.10
2014.05.06 14:42:57.057,0.93244,0.9325,1.00,1.10
2014.05.06 14:42:57.625,0.93244,0.93251,1.00,1.10
2014.05.06 14:42:57.989,0.93244,0.93249,1.00,1.10
2014.05.06 14:42:58.330,0.93242,0.93249,1.00,1.10
2014.05.06 14:43:01.588,0.93242,0.9325,1.00,1.10
2014.05.06 14:43:02.147,0.93242,0.93251,1.00,1.95
2014.05.06 14:43:02.388,0.93242,0.93249,1.00,1.10
2014.05.06 14:43:02.918,0.93241,0.93249,1.00,1.10
2014.05.06 14:43:03.342,0.93245,0.93251,1.00,1.00
2014.05.06 14:43:03.495,0.93245,0.93253,1.00,1.10
2014.05.06 14:43:04.035,0.93245,0.93252,1.00,1.58
2014.05.06 14:43:05.437,0.93245,0.93253,1.00,1.10
2014.05.06 14:43:06.465,0.93245,0.93256,1.00,4.05
2014.05.06 14:43:07.020,0.93245,0.93254,1.00,1.10
2014.05.06 14:43:07.121,0.93245,0.93256,1.00,1.95
2014.05.06 14:43:08.013,0.93245,0.93257,1.95,4.05
2014.05.06 14:43:08.526,0.93246,0.93256,1.10,1.13
2014.05.06 14:43:09.935,0.93246,0.93257,1.20,2.85
2014.05.06 14:43:10.488,0.93246,0.93256,1.10,1.13
2014.05.06 14:43:11.011,0.93245,0.93256,1.13,1.58
2014.05.06 14:43:12.400,0.93245,0.93252,1.00,1.10
2014.05.06 14:43:12.703,0.93244,0.9325,1.00,1.20
2014.05.06 14:43:12.855,0.93241,0.93251,1.00,1.48
2014.05.06 14:43:13.411,0.9324,0.93251,1.10,1.48
2014.05.06 14:43:13.969,0.93241,0.93251,1.00,1.95
2014.05.06 14:43:15.836,0.93242,0.93252,1.00,5.55
2014.05.06 14:43:17.466,0.93244,0.93253,1.10,1.00
2014.05.06 14:43:17.618,0.93243,0.93255,4.80,2.33
2014.05.06 14:43:17.769,0.93246,0.93257,1.00,1.95
2014.05.06 14:43:18.590,0.93247,0.93256,1.00,1.20
2014.05.06 14:43:19.558,0.93246,0.93256,1.50,1.20
2014.05.06 14:43:19.878,0.93246,0.93254,1.50,1.10
2014.05.06 14:43:21.095,0.93245,0.93254,1.00,1.58
2014.05.06 14:43:26.067,0.93244,0.93254,1.00,1.95
2014.05.06 14:43:28.221,0.93244,0.93253,1.00,1.95
2014.05.06 14:43:31.595,0.93243,0.93253,1.00,1.95
2014.05.06 14:43:32.124,0.93242,0.93253,2.33,1.95
2014.05.06 14:43:32.427,0.93243,0.93249,1.00,1.10
2014.05.06 14:43:32.586,0.93243,0.93251,1.00,1.10
2014.05.06 14:43:33.257,0.93242,0.93251,1.00,1.10
2014.05.06 14:43:33.806,0.93243,0.93251,1.00,1.10
2014.05.06 14:43:36.497,0.93243,0.93252,1.00,1.20
2014.05.06 14:43:36.750,0.93244,0.93254,1.00,1.58
2014.05.06 14:43:38.023,0.93244,0.93253,1.13,1.00
2014.05.06 14:43:38.176,0.93244,0.9325,1.00,1.10
2014.05.06 14:43:38.454,0.9324,0.9325,1.88,1.10
2014.05.06 14:43:38.755,0.93243,0.9325,1.00,1.10
2014.05.06 14:43:40.267,0.93244,0.93252,1.00,1.58
2014.05.06 14:43:41.649,0.93244,0.93254,1.13,1.10
2014.05.06 14:43:41.902,0.93249,0.93254,1.00,1.10
2014.05.06 14:43:41.952,0.93249,0.93257,1.00,3.68
2014.05.06 14:43:42.155,0.9325,0.93259,1.00,1.10
2014.05.06 14:43:42.357,0.93251,0.93262,1.00,1.95
2014.05.06 14:43:42.889,0.93252,0.93262,1.13,1.10
2014.05.06 14:43:43.655,0.93253,0.93262,1.00,1.10
2014.05.06 14:43:44.257,0.93253,0.93262,1.38,1.10
2014.05.06 14:43:45.027,0.93253,0.93262,1.13,1.10
2014.05.06 14:43:45.559,0.93254,0.93262,1.00,1.10
2014.05.06 14:43:46.347,0.93254,0.93263,1.00,1.10
2014.05.06 14:43:47.871,0.93253,0.9326,1.13,1.10
2014.05.06 14:43:48.174,0.93258,0.93263,1.00,3.23
2014.05.06 14:43:48.225,0.93258,0.93263,1.00,4.05
2014.05.06 14:43:48.327,0.93253,0.93263,1.13,3.68
2014.05.06 14:43:48.478,0.93253,0.93261,1.00,1.00
2014.05.06 14:43:48.781,0.93249,0.93255,1.00,1.10
2014.05.06 14:43:48.832,0.93248,0.93255,1.00,1.10
2014.05.06 14:43:49.186,0.93248,0.93257,1.00,1.58
2014.05.06 14:43:49.287,0.93248,0.93254,1.50,1.10
2014.05.06 14:43:49.539,0.93248,0.93256,1.50,1.10
2014.05.06 14:43:49.641,0.93248,0.93253,1.50,1.10
2014.05.06 14:43:49.944,0.93244,0.93251,1.88,1.10
2014.05.06 14:43:49.994,0.93248,0.93253,1.00,1.10
2014.05.06 14:43:50.309,0.93244,0.9325,1.13,1.10
2014.05.06 14:43:50.411,0.93248,0.93253,1.00,1.10
2014.05.06 14:43:51.167,0.93248,0.93254,1.00,1.00
2014.05.06 14:43:51.634,0.93244,0.93251,1.13,1.00
2014.05.06 14:43:51.736,0.93244,0.93253,1.13,1.00
2014.05.06 14:43:52.201,0.93246,0.93253,1.00,1.58
2014.05.06 14:43:52.504,0.93243,0.93248,1.00,1.10
2014.05.06 14:43:53.070,0.93241,0.93248,1.00,1.20
2014.05.06 14:43:53.172,0.9324,0.93245,1.00,1.10
2014.05.06 14:43:53.222,0.93238,0.93245,1.50,1.10
2014.05.06 14:43:53.788,0.93238,0.93244,1.50,1.10
2014.05.06 14:43:54.297,0.93238,0.93245,1.00,1.10
2014.05.06 14:43:54.944,0.93238,0.93244,1.00,1.10
2014.05.06 14:43:56.555,0.93236,0.93244,1.00,1.10
2014.05.06 14:43:57.645,0.93236,0.93244,1.38,1.10
2014.05.06 14:43:57.696,0.93237,0.93247,1.13,1.58
2014.05.06 14:43:57.848,0.93239,0.93247,1.00,1.10
2014.05.06 14:43:58.838,0.93238,0.93247,1.00,1.10
2014.05.06 14:43:59.828,0.93238,0.93247,1.88,1.10
2014.05.06 14:44:00.131,0.93243,0.93248,1.00,1.10
2014.05.06 14:44:00.182,0.93243,0.9325,1.00,1.58
2014.05.06 14:44:00.333,0.93243,0.93252,1.13,1.10
2014.05.06 14:44:00.435,0.93244,0.93255,1.58,1.58
2014.05.06 14:44:00.537,0.93246,0.93255,1.00,1.10
2014.05.06 14:44:01.044,0.93247,0.93255,1.13,1.10
2014.05.06 14:44:02.189,0.93247,0.93257,1.13,1.10
2014.05.06 14:44:02.712,0.93248,0.93257,1.13,1.10
2014.05.06 14:44:03.156,0.93246,0.93256,1.00,1.10
2014.05.06 14:44:03.207,0.93246,0.93253,1.00,1.10
2014.05.06 14:44:03.800,0.93248,0.93253,1.00,1.10
2014.05.06 14:44:03.901,0.93246,0.93253,1.00,1.10
2014.05.06 14:44:04.426,0.93246,0.93252,1.00,1.10
2014.05.06 14:44:06.967,0.93248,0.93252,1.00,1.10
2014.05.06 14:44:07.186,0.93246,0.93252,1.00,1.10
2014.05.06 14:44:07.576,0.93244,0.93252,1.13,1.10
2014.05.06 14:44:08.185,0.93244,0.93253,1.13,1.10
2014.05.06 14:44:08.786,0.93244,0.93252,1.13,1.10
2014.05.06 14:44:09.055,0.93248,0.93252,1.00,1.10
2014.05.06 14:44:09.156,0.93248,0.93255,1.00,1.10
2014.05.06 14:44:09.409,0.93253,0.93259,1.00,1.00
2014.05.06 14:44:09.460,0.93253,0.93259,1.00,1.00
2014.05.06 14:44:09.562,0.93253,0.93261,1.00,1.10
2014.05.06 14:44:10.122,0.93253,0.9326,1.00,1.10
2014.05.06 14:44:10.755,0.93252,0.93261,1.00,1.10
2014.05.06 14:44:12.636,0.93252,0.93259,1.00,1.10
2014.05.06 14:44:12.943,0.93249,0.93258,1.00,1.10
2014.05.06 14:44:13.095,0.93248,0.93255,1.50,1.10
2014.05.06 14:44:13.349,0.93248,0.93257,1.13,1.10
2014.05.06 14:44:13.753,0.93248,0.93255,1.50,1.10
2014.05.06 14:44:14.006,0.93248,0.93257,1.00,1.58
2014.05.06 14:44:14.107,0.93248,0.93255,1.00,1.10
2014.05.06 14:44:14.208,0.93247,0.93257,1.50,2.33
2014.05.06 14:44:14.309,0.93247,0.93255,1.50,1.10
2014.05.06 14:44:14.819,0.93247,0.93252,1.00,1.00
2014.05.06 14:44:15.021,0.93243,0.93252,1.50,1.00
2014.05.06 14:44:15.430,0.9324,0.93251,1.58,1.95
2014.05.06 14:44:15.647,0.9324,0.93249,1.00,1.10
2014.05.06 14:44:16.240,0.93241,0.93249,1.00,1.10
2014.05.06 14:44:16.770,0.93241,0.9325,1.00,1.58
2014.05.06 14:44:17.632,0.93241,0.93251,1.58,1.50
2014.05.06 14:44:21.682,0.93241,0.9325,1.00,1.10
2014.05.06 14:44:21.986,0.93243,0.93252,1.88,1.58
2014.05.06 14:44:22.137,0.93244,0.93255,1.38,1.10
2014.05.06 14:44:22.300,0.93247,0.93255,1.00,1.10
2014.05.06 14:44:22.704,0.93247,0.93252,1.00,1.10
2014.05.06 14:44:22.755,0.93245,0.93252,1.00,1.10
2014.05.06 14:44:23.364,0.93243,0.93252,2.63,1.10
2014.05.06 14:44:24.032,0.93243,0.93252,1.88,1.10
2014.05.06 14:44:24.885,0.93243,0.9325,2.63,1.10
2014.05.06 14:44:26.621,0.93243,0.93252,1.88,1.10
2014.05.06 14:44:26.981,0.93244,0.93255,1.50,1.10
2014.05.06 14:44:27.754,0.93248,0.93255,1.00,1.10
2014.05.06 14:44:29.080,0.93248,0.93256,1.00,1.10
2014.05.06 14:44:29.383,0.93248,0.93258,1.50,1.58
2014.05.06 14:44:30.056,0.93248,0.93259,2.25,1.58
2014.05.06 14:44:30.462,0.9325,0.9326,1.13,2.10
2014.05.06 14:44:30.563,0.93251,0.93262,1.58,3.30
2014.05.06 14:44:30.664,0.93253,0.93262,1.00,2.93
2014.05.06 14:44:30.968,0.93254,0.93264,1.88,1.10
2014.05.06 14:44:31.069,0.93255,0.93267,1.58,1.58
2014.05.06 14:44:31.175,0.93257,0.93267,1.00,1.58
2014.05.06 14:44:31.675,0.93257,0.93267,1.00,1.95
2014.05.06 14:44:31.877,0.93255,0.93265,1.88,2.10
2014.05.06 14:44:32.455,0.93255,0.93264,1.50,1.10
2014.05.06 14:44:33.019,0.93255,0.93265,2.25,1.10
2014.05.06 14:44:34.171,0.93255,0.93265,2.25,1.48
2014.05.06 14:44:34.374,0.93251,0.93261,1.88,1.10
2014.05.06 14:44:34.576,0.93252,0.93263,1.10,1.95
2014.05.06 14:44:34.677,0.93251,0.93261,1.88,1.10
2014.05.06 14:44:34.981,0.9325,0.93258,1.00,1.10
2014.05.06 14:44:35.593,0.9325,0.93257,1.00,1.10
2014.05.06 14:44:36.253,0.93249,0.93256,1.13,1.10
2014.05.06 14:44:36.455,0.93249,0.9326,1.95,1.58
2014.05.06 14:44:36.822,0.93253,0.9326,1.00,1.00
2014.05.06 14:44:36.872,0.93253,0.93262,1.00,2.33
2014.05.06 14:44:37.125,0.93253,0.9326,1.00,1.10
2014.05.06 14:44:37.443,0.9325,0.93256,1.00,1.10
2014.05.06 14:44:37.544,0.93249,0.93258,1.50,1.10
2014.05.06 14:44:38.000,0.93249,0.9326,2.63,1.10
2014.05.06 14:44:39.194,0.93253,0.9326,1.00,1.10
2014.05.06 14:44:39.704,0.93253,0.93261,1.00,1.10
2014.05.06 14:44:39.984,0.9325,0.93261,1.13,1.10
2014.05.06 14:44:40.542,0.93249,0.9326,1.88,1.10
2014.05.06 14:44:40.831,0.93249,0.93257,1.00,1.10
2014.05.06 14:44:41.415,0.93248,0.93256,1.50,1.10
2014.05.06 14:44:45.918,0.93248,0.93255,1.50,1.10
2014.05.06 14:44:48.736,0.93248,0.93256,1.50,1.10
2014.05.06 14:44:49.848,0.93248,0.93258,2.25,1.10
2014.05.06 14:44:49.898,0.93248,0.93258,2.63,1.10
2014.05.06 14:44:49.949,0.93251,0.93261,1.00,1.58
2014.05.06 14:44:50.404,0.93253,0.93262,1.00,1.10
2014.05.06 14:44:50.657,0.93254,0.93264,1.95,1.50
2014.05.06 14:44:51.807,0.93254,0.93265,1.13,1.10
2014.05.06 14:44:57.104,0.93254,0.93264,1.13,1.10
2014.05.06 14:44:57.256,0.93254,0.93262,1.00,1.10
2014.05.06 14:44:57.786,0.93253,0.93261,1.50,1.10
2014.05.06 14:44:58.196,0.93253,0.93263,1.88,1.10
2014.05.06 14:44:58.720,0.93253,0.93262,1.88,1.10
2014.05.06 14:44:59.295,0.93253,0.93263,1.88,1.10
2014.05.06 14:44:59.548,0.93253,0.9326,1.50,1.10
2014.05.06 14:44:59.649,0.93253,0.93262,1.50,1.10
2014.05.06 14:44:59.750,0.93253,0.9326,1.50,1.10
2014.05.06 14:45:00.066,0.93249,0.93256,1.50,1.10
2014.05.06 14:45:00.220,0.93249,0.93259,1.50,1.58
2014.05.06 14:45:00.741,0.93249,0.93259,1.88,1.10
2014.05.06 14:45:00.944,0.93252,0.93259,1.00,1.10
2014.05.06 14:45:01.406,0.93251,0.93263,2.33,3.68
2014.05.06 14:45:01.710,0.93251,0.93262,2.33,2.48
2014.05.06 14:45:02.216,0.9325,0.93259,1.00,1.95
2014.05.06 14:45:02.732,0.9325,0.93258,1.00,1.00
2014.05.06 14:45:03.202,0.93248,0.93258,1.50,1.00
2014.05.06 14:45:04.268,0.93247,0.93258,1.13,1.58
2014.05.06 14:45:04.319,0.93247,0.93256,1.00,1.10
2014.05.06 14:45:04.657,0.93253,0.93258,1.00,2.10
2014.05.06 14:45:04.708,0.93254,0.93258,1.00,1.00
2014.05.06 14:45:05.214,0.93256,0.93261,1.00,1.00
2014.05.06 14:45:05.315,0.93256,0.93261,1.00,1.00
2014.05.06 14:45:05.645,0.93256,0.93264,1.00,1.00
2014.05.06 14:45:08.611,0.93256,0.93266,1.00,1.00
2014.05.06 14:45:11.006,0.93255,0.93266,1.88,1.00
2014.05.06 14:45:11.107,0.93257,0.93265,1.00,1.10
2014.05.06 14:45:11.419,0.93256,0.93262,1.00,1.10
2014.05.06 14:45:11.471,0.93256,0.93264,1.00,1.10
2014.05.06 14:45:12.295,0.93257,0.93264,1.00,1.10
2014.05.06 14:45:14.959,0.93257,0.93265,1.00,1.10
2014.05.06 14:45:15.437,0.93255,0.93266,2.33,1.20
2014.05.06 14:45:15.538,0.93257,0.93266,1.00,1.20
2014.05.06 14:45:18.368,0.93257,0.93264,1.00,1.10
2014.05.06 14:45:18.470,0.93254,0.93264,1.00,1.10
2014.05.06 14:45:18.973,0.93255,0.93264,1.00,1.10
2014.05.06 14:45:20.153,0.93255,0.93266,1.00,1.10
2014.05.06 14:45:20.680,0.93256,0.93265,1.00,1.10
2014.05.06 14:45:20.785,0.93256,0.93263,1.00,1.10
2014.05.06 14:45:21.148,0.93256,0.93265,1.00,1.20
2014.05.06 14:45:21.408,0.93258,0.93265,1.00,1.20
2014.05.06 14:45:21.936,0.93259,0.93265,1.00,1.10
2014.05.06 14:45:22.447,0.93259,0.93266,1.00,1.10
2014.05.06 14:45:24.935,0.9326,0.93266,1.00,1.10
2014.05.06 14:45:25.887,0.9326,0.93267,1.00,1.10
2014.05.06 14:45:26.295,0.93261,0.9327,1.00,1.58
2014.05.06 14:45:30.689,0.93261,0.93269,1.00,1.00
2014.05.06 14:45:30.841,0.9326,0.93269,1.00,1.95
2014.05.06 14:45:30.943,0.93257,0.93269,2.25,3.30
2014.05.06 14:45:30.994,0.93259,0.93269,1.13,2.93
2014.05.06 14:45:31.297,0.9326,0.93267,1.00,1.00
2014.05.06 14:45:31.602,0.93262,0.93267,1.00,1.00
2014.05.06 14:45:31.653,0.93262,0.93271,1.00,1.58
2014.05.06 14:45:31.908,0.93262,0.93269,1.00,1.10
2014.05.06 14:45:32.448,0.93261,0.93269,1.00,1.10
2014.05.06 14:45:33.557,0.9326,0.93269,1.50,1.43
2014.05.06 14:45:34.026,0.9326,0.93267,1.00,1.10
2014.05.06 14:45:34.534,0.9326,0.93266,1.00,1.10
2014.05.06 14:45:34.704,0.93258,0.93267,1.00,1.10
2014.05.06 14:45:35.207,0.93258,0.93268,1.50,1.10
2014.05.06 14:45:36.517,0.93259,0.93268,1.00,1.10
2014.05.06 14:45:37.023,0.9326,0.93269,1.00,1.10
2014.05.06 14:45:38.283,0.93262,0.93269,1.00,1.10
2014.05.06 14:45:38.626,0.93259,0.93269,1.00,1.10
2014.05.06 14:45:39.268,0.93259,0.9327,1.58,1.20
2014.05.06 14:45:39.578,0.93259,0.93266,1.10,1.00
2014.05.06 14:45:41.098,0.93258,0.93266,1.95,1.00
2014.05.06 14:45:41.530,0.93259,0.93268,1.48,1.00
2014.05.06 14:45:41.874,0.93263,0.93269,1.00,1.00
2014.05.06 14:45:42.911,0.93263,0.93268,1.00,1.00
2014.05.06 14:45:43.624,0.9326,0.93268,1.10,1.00
2014.05.06 14:45:43.928,0.9326,0.93266,1.10,1.00
2014.05.06 14:45:44.451,0.9326,0.93267,1.10,1.50
2014.05.06 14:45:45.003,0.9326,0.93268,1.10,1.00
2014.05.06 14:45:45.524,0.93259,0.93268,1.00,1.58
2014.05.06 14:45:45.837,0.93263,0.93268,1.00,1.58
2014.05.06 14:45:47.158,0.93263,0.93267,1.00,1.00
2014.05.06 14:45:48.377,0.93258,0.93267,1.50,1.58
2014.05.06 14:45:49.582,0.93263,0.93267,1.00,1.00
2014.05.06 14:45:49.683,0.93258,0.93267,1.00,1.00
2014.05.06 14:45:49.775,0.93263,0.93267,1.00,1.00
2014.05.06 14:45:50.260,0.93258,0.93267,1.00,1.13
2014.05.06 14:45:50.361,0.93258,0.93266,1.00,1.38
2014.05.06 14:45:50.676,0.93258,0.93263,1.00,1.10
2014.05.06 14:45:50.885,0.93254,0.93263,1.00,1.10
2014.05.06 14:45:51.431,0.93254,0.93262,1.00,1.10
2014.05.06 14:45:51.986,0.93253,0.93262,1.00,1.58
2014.05.06 14:45:53.599,0.93253,0.93261,1.00,1.00
2014.05.06 14:45:54.306,0.93253,0.93262,1.00,1.10
2014.05.06 14:45:54.703,0.93253,0.93264,1.00,1.95
2014.05.06 14:45:55.447,0.93253,0.93264,1.38,1.10
2014.05.06 14:45:55.967,0.93253,0.93265,2.70,1.58
2014.05.06 14:45:58.735,0.93258,0.93265,1.00,1.10
2014.05.06 14:45:58.786,0.93258,0.93267,1.00,1.95
2014.05.06 14:46:00.344,0.93258,0.93265,1.00,1.10
2014.05.06 14:46:00.647,0.93258,0.93268,1.50,1.10
2014.05.06 14:46:00.783,0.93259,0.93271,2.70,1.10
2014.05.06 14:46:00.834,0.93262,0.93271,1.00,1.10
2014.05.06 14:46:01.427,0.93263,0.9327,1.00,1.00
2014.05.06 14:46:02.047,0.93262,0.9327,1.00,1.10
2014.05.06 14:46:02.254,0.9326,0.93269,1.00,1.20
2014.05.06 14:46:03.746,0.9326,0.9327,1.00,1.10
2014.05.06 14:46:03.916,0.9326,0.93267,1.00,1.00
2014.05.06 14:46:04.488,0.9326,0.9327,1.00,1.48
2014.05.06 14:46:05.213,0.9326,0.93272,2.33,1.48
2014.05.06 14:46:05.366,0.9326,0.93267,2.33,1.00
2014.05.06 14:46:06.659,0.9326,0.93269,1.00,1.10
2014.05.06 14:46:06.862,0.9326,0.93272,1.95,2.70
2014.05.06 14:46:07.384,0.93261,0.93272,1.00,2.70
2014.05.06 14:46:07.723,0.93263,0.93272,1.10,1.00
2014.05.06 14:46:07.925,0.93261,0.93272,1.00,1.95
2014.05.06 14:46:11.708,0.93262,0.93272,1.00,1.95
2014.05.06 14:46:12.275,0.93263,0.93272,1.00,1.95
2014.05.06 14:46:13.641,0.93262,0.93272,1.00,1.58
2014.05.06 14:46:14.147,0.93261,0.93272,1.88,1.58
2014.05.06 14:46:14.429,0.93261,0.93266,1.88,1.10
2014.05.06 14:46:14.581,0.93254,0.93266,3.08,1.20
2014.05.06 14:46:14.632,0.93254,0.93261,2.25,1.10
2014.05.06 14:46:15.293,0.93254,0.93261,1.00,1.10
2014.05.06 14:46:15.514,0.93251,0.93261,1.13,1.10
2014.05.06 14:46:16.334,0.93253,0.93261,1.00,1.10
2014.05.06 14:46:16.486,0.93253,0.93263,1.00,1.95
2014.05.06 14:46:17.729,0.93255,0.93264,1.48,1.00
2014.05.06 14:46:17.881,0.93257,0.93267,1.00,1.58
2014.05.06 14:46:17.932,0.93257,0.93263,1.00,1.10
2014.05.06 14:46:18.236,0.93256,0.93261,1.00,1.10
2014.05.06 14:46:18.791,0.93251,0.93261,1.13,1.10
2014.05.06 14:46:21.389,0.93252,0.93261,1.00,1.10
2014.05.06 14:46:21.440,0.93252,0.93264,1.13,1.13
2014.05.06 14:46:21.642,0.93252,0.93262,1.38,1.00
2014.05.06 14:46:22.229,0.93252,0.93262,1.13,1.00
2014.05.06 14:46:22.779,0.93252,0.93263,1.13,1.10
2014.05.06 14:46:23.082,0.93252,0.93261,1.13,1.10
2014.05.06 14:46:24.853,0.93252,0.93257,1.00,1.00
2014.05.06 14:46:24.904,0.9325,0.93257,1.50,1.00
2014.05.06 14:46:25.006,0.93248,0.93257,1.50,1.00
2014.05.06 14:46:25.208,0.93248,0.93259,2.70,1.10
2014.05.06 14:46:27.731,0.93248,0.9326,1.95,1.10
2014.05.06 14:46:28.222,0.93248,0.9326,2.70,1.10
2014.05.06 14:46:28.727,0.9325,0.93261,1.00,2.70
2014.05.06 14:46:32.058,0.93252,0.93261,1.00,1.00
2014.05.06 14:46:33.667,0.93252,0.93262,1.38,1.00
2014.05.06 14:46:34.121,0.93255,0.93263,1.00,1.10
2014.05.06 14:46:34.425,0.93256,0.93266,3.30,1.00
2014.05.06 14:46:34.970,0.93258,0.93268,1.00,2.25
2014.05.06 14:46:35.477,0.93258,0.93267,1.88,1.10
2014.05.06 14:46:35.987,0.93258,0.93268,2.70,1.00
2014.05.06 14:46:36.527,0.93259,0.93269,1.95,1.00
2014.05.06 14:46:40.464,0.93258,0.93268,1.88,1.10
2014.05.06 14:46:42.106,0.93258,0.93268,1.88,1.10
2014.05.06 14:46:45.221,0.93258,0.93269,2.33,1.95
2014.05.06 14:46:45.540,0.93258,0.93269,2.33,1.95
2014.05.06 14:46:46.096,0.93258,0.93269,1.58,1.95
2014.05.06 14:46:46.886,0.93258,0.93267,1.00,1.10
2014.05.06 14:46:48.649,0.93258,0.93265,1.00,1.10
2014.05.06 14:46:49.191,0.93257,0.93266,1.13,1.10
2014.05.06 14:46:51.997,0.93257,0.93266,1.38,1.10
2014.05.06 14:46:53.046,0.93257,0.93266,1.88,1.10
2014.05.06 14:46:56.352,0.93264,0.93268,1.13,1.10
2014.05.06 14:46:56.504,0.93264,0.93273,1.38,1.00
2014.05.06 14:46:56.605,0.93264,0.93273,1.13,1.10
2014.05.06 14:46:56.656,0.93264,0.93274,3.23,1.10
2014.05.06 14:46:56.875,0.93266,0.93277,1.95,1.00
2014.05.06 14:46:57.194,0.93267,0.93275,1.38,1.10
2014.05.06 14:46:57.346,0.93267,0.93277,1.38,1.10
2014.05.06 14:46:57.447,0.93268,0.93279,1.48,1.58
2014.05.06 14:46:57.498,0.93268,0.93277,1.48,1.00
2014.05.06 14:46:59.285,0.93268,0.93278,1.38,1.58
2014.05.06 14:46:59.881,0.93268,0.93278,1.13,1.58
2014.05.06 14:47:00.945,0.93268,0.93279,1.13,1.58
2014.05.06 14:47:05.123,0.93268,0.93275,1.00,1.10
2014.05.06 14:47:05.174,0.93266,0.93275,3.60,1.10
2014.05.06 14:47:05.325,0.93264,0.93275,1.13,1.10
2014.05.06 14:47:05.427,0.93265,0.93276,1.38,1.00
2014.05.06 14:47:05.970,0.93265,0.93275,1.00,1.10
2014.05.06 14:47:06.281,0.93263,0.93273,6.08,1.10
2014.05.06 14:47:06.585,0.93264,0.93277,4.05,1.88
2014.05.06 14:47:07.401,0.93266,0.93277,1.00,1.13
2014.05.06 14:47:08.184,0.93266,0.93277,1.38,1.00
2014.05.06 14:47:08.852,0.93267,0.9328,3.98,1.88
2014.05.06 14:47:09.371,0.93267,0.9328,3.98,1.50
2014.05.06 14:47:09.884,0.93267,0.93279,3.98,1.00
2014.05.06 14:47:10.424,0.93267,0.93278,1.00,1.10
2014.05.06 14:47:11.075,0.93267,0.93279,1.00,1.13
2014.05.06 14:47:11.594,0.93267,0.93279,3.23,1.00
2014.05.06 14:47:12.111,0.93267,0.93279,2.85,1.95
2014.05.06 14:47:12.616,0.93267,0.93278,3.23,1.00
2014.05.06 14:47:19.653,0.93267,0.93277,3.23,1.00
2014.05.06 14:47:22.643,0.93267,0.93276,3.23,1.10
2014.05.06 14:47:23.199,0.93267,0.93277,1.00,1.00
2014.05.06 14:47:25.160,0.93267,0.93278,4.05,1.58
2014.05.06 14:47:27.235,0.93268,0.93278,2.10,1.10
2014.05.06 14:47:27.636,0.9327,0.93278,2.10,1.10
2014.05.06 14:47:27.687,0.93272,0.93281,1.10,1.50
2014.05.06 14:47:28.142,0.93273,0.93284,1.95,2.33
2014.05.06 14:47:28.324,0.93276,0.93284,1.00,1.10
2014.05.06 14:47:28.584,0.93276,0.93286,2.85,1.20
2014.05.06 14:47:28.894,0.93276,0.93282,2.10,1.00
2014.05.06 14:47:29.529,0.93275,0.93282,1.58,1.00
2014.05.06 14:47:41.824,0.93275,0.93287,3.68,2.70
2014.05.06 14:47:44.826,0.93278,0.93287,1.00,1.95
2014.05.06 14:47:46.314,0.93278,0.93287,1.00,1.95
2014.05.06 14:47:46.567,0.93273,0.93284,4.43,1.20
2014.05.06 14:47:47.073,0.93274,0.93285,1.95,1.58
2014.05.06 14:47:47.175,0.93275,0.93287,1.95,2.70
2014.05.06 14:47:49.524,0.93275,0.93286,1.95,1.00
2014.05.06 14:47:50.026,0.93276,0.93286,1.10,1.00
2014.05.06 14:47:50.552,0.93277,0.93286,1.10,1.00
2014.05.06 14:47:56.056,0.93279,0.93287,1.00,1.88
2014.05.06 14:47:56.664,0.93278,0.93287,1.00,1.13
2014.05.06 14:47:59.950,0.93277,0.93286,1.50,1.10
2014.05.06 14:48:00.455,0.93278,0.93287,1.00,1.50
2014.05.06 14:48:03.325,0.93278,0.93286,1.00,1.20
2014.05.06 14:48:03.925,0.93277,0.93286,1.00,1.48
2014.05.06 14:48:04.356,0.93275,0.93282,1.50,1.00
2014.05.06 14:48:04.609,0.93272,0.93282,2.70,1.00
2014.05.06 14:48:04.761,0.93274,0.93282,1.00,1.00
2014.05.06 14:48:04.813,0.93275,0.93284,1.00,1.10
2014.05.06 14:48:04.914,0.93276,0.93286,1.50,1.20
2014.05.06 14:48:05.479,0.93277,0.93287,1.00,1.13
2014.05.06 14:48:06.643,0.93277,0.93286,1.00,1.10
2014.05.06 14:48:11.898,0.93277,0.93287,1.00,1.58
2014.05.06 14:48:13.074,0.93277,0.93287,1.00,1.95
2014.05.06 14:48:13.717,0.93277,0.93287,1.00,1.95
2014.05.06 14:48:14.872,0.93281,0.93287,1.10,1.00
2014.05.06 14:48:14.923,0.93281,0.93289,1.10,1.00
2014.05.06 14:48:15.075,0.93282,0.93291,1.00,1.13
2014.05.06 14:48:15.125,0.93283,0.93287,1.00,1.00
2014.05.06 14:48:21.794,0.93281,0.93287,1.10,1.00
2014.05.06 14:48:21.895,0.93279,0.93287,1.10,1.00
2014.05.06 14:48:21.946,0.93278,0.93285,1.00,1.10
2014.05.06 14:48:22.000,0.93275,0.93285,1.13,1.10
2014.05.06 14:48:22.050,0.93275,0.93284,1.00,1.48
2014.05.06 14:48:22.202,0.93272,0.93281,1.00,1.58
2014.05.06 14:48:22.682,0.93272,0.93277,1.00,1.00
2014.05.06 14:48:22.733,0.9327,0.93277,1.00,1.00
2014.05.06 14:48:24.182,0.93272,0.9328,1.10,1.13
2014.05.06 14:48:28.321,0.93271,0.9328,1.00,1.00
2014.05.06 14:48:28.473,0.9327,0.93277,1.00,1.00
2014.05.06 14:48:29.009,0.93271,0.93277,1.00,1.00
2014.05.06 14:48:29.475,0.93272,0.93281,1.10,1.38
2014.05.06 14:48:29.978,0.93272,0.93281,1.10,1.00
2014.05.06 14:48:34.103,0.93272,0.93278,1.00,1.00
2014.05.06 14:48:34.408,0.93269,0.93278,3.08,1.13
2014.05.06 14:48:34.862,0.93269,0.93275,1.00,1.00
2014.05.06 14:48:35.216,0.93269,0.93277,1.10,1.00
2014.05.06 14:48:35.792,0.9327,0.93277,1.00,1.00
2014.05.06 14:48:36.272,0.9327,0.93279,1.00,1.95
2014.05.06 14:48:39.791,0.9327,0.93279,1.58,1.38
2014.05.06 14:48:41.837,0.9327,0.93279,1.00,1.95
2014.05.06 14:48:42.346,0.93271,0.93281,1.00,1.95
2014.05.06 14:48:42.823,0.93273,0.93281,1.00,1.58
2014.05.06 14:48:43.382,0.93272,0.93281,1.00,1.58
2014.05.06 14:48:43.975,0.93272,0.93282,1.00,1.10
2014.05.06 14:48:44.523,0.93272,0.93283,1.58,1.20
2014.05.06 14:48:46.242,0.93272,0.93282,1.00,1.10
2014.05.06 14:48:49.321,0.93272,0.93283,1.58,1.95
2014.05.06 14:48:49.855,0.93273,0.93283,1.00,1.95
2014.05.06 14:48:50.409,0.93274,0.93283,1.00,1.00
2014.05.06 14:48:52.282,0.93274,0.93284,1.00,1.13
2014.05.06 14:48:58.088,0.93276,0.93284,1.00,1.00
2014.05.06 14:48:58.610,0.93275,0.93283,1.00,1.10
2014.05.06 14:48:59.051,0.93274,0.93281,1.00,1.10
2014.05.06 14:49:01.684,0.93271,0.93277,1.88,1.10
2014.05.06 14:49:01.997,0.93269,0.93277,1.00,1.58
2014.05.06 14:49:03.666,0.93269,0.93279,1.38,1.10
2014.05.06 14:49:06.887,0.93269,0.93279,1.50,1.20
2014.05.06 14:49:06.938,0.93269,0.93276,1.00,1.10
2014.05.06 14:49:08.590,0.93268,0.93275,1.50,1.00
2014.05.06 14:49:08.897,0.93268,0.93273,1.00,1.00
2014.05.06 14:49:10.522,0.93267,0.93273,1.00,1.00
2014.05.06 14:49:11.181,0.93268,0.93273,1.00,1.00
2014.05.06 14:49:11.602,0.9327,0.93274,1.10,1.00
2014.05.06 14:49:11.705,0.93268,0.93273,1.00,1.00
2014.05.06 14:49:12.249,0.93268,0.93274,1.00,1.00
2014.05.06 14:49:13.604,0.93268,0.93275,2.10,1.00
2014.05.06 14:49:13.756,0.93273,0.9328,1.10,1.00
2014.05.06 14:49:13.807,0.93271,0.9328,1.95,1.00
2014.05.06 14:49:13.858,0.93273,0.9328,1.00,1.00
2014.05.06 14:49:14.161,0.9327,0.93276,1.00,1.00
2014.05.06 14:49:19.633,0.9327,0.93275,1.00,1.00
2014.05.06 14:49:21.033,0.9327,0.93276,1.00,1.50
2014.05.06 14:49:21.546,0.9327,0.93275,1.00,1.00
2014.05.06 14:49:22.154,0.9327,0.93274,1.00,1.00
2014.05.06 14:49:32.483,0.93268,0.93273,2.10,1.00
2014.05.06 14:49:32.989,0.93268,0.93275,1.00,1.58
2014.05.06 14:49:34.861,0.93268,0.93274,1.13,1.10
2014.05.06 14:49:35.364,0.93268,0.93275,1.13,1.00
2014.05.06 14:49:40.633,0.93266,0.93275,2.48,1.10
2014.05.06 14:49:41.301,0.93266,0.93275,2.48,1.10
2014.05.06 14:49:44.171,0.93266,0.93274,2.48,1.10
2014.05.06 14:49:44.310,0.93268,0.93276,1.38,1.58
2014.05.06 14:49:44.936,0.93268,0.93276,1.38,1.58
2014.05.06 14:49:53.181,0.9327,0.93276,1.38,1.00
2014.05.06 14:49:54.427,0.9327,0.93277,1.38,1.00
2014.05.06 14:49:55.166,0.9327,0.93277,1.38,1.00
2014.05.06 14:49:55.853,0.9327,0.93278,1.38,1.50
2014.05.06 14:49:56.732,0.9327,0.93278,1.38,1.00
2014.05.06 14:49:56.935,0.93278,0.93284,1.00,1.00
2014.05.06 14:49:57.087,0.93278,0.93286,1.38,1.00
2014.05.06 14:49:58.091,0.93278,0.93286,3.98,1.00
2014.05.06 14:49:58.564,0.93279,0.93288,2.48,1.58
2014.05.06 14:49:59.084,0.9328,0.93287,1.38,1.10
2014.05.06 14:49:59.395,0.9328,0.93288,1.38,1.10
2014.05.06 14:50:00.258,0.93281,0.93288,2.48,1.10
2014.05.06 14:50:00.410,0.9328,0.93287,1.13,1.10
2014.05.06 14:50:00.957,0.93279,0.93286,3.23,1.10
2014.05.06 14:50:01.580,0.93279,0.93286,3.23,1.10
2014.05.06 14:50:02.096,0.93279,0.93287,3.23,1.10
2014.05.06 14:50:02.862,0.93279,0.93287,1.38,1.10
2014.05.06 14:50:03.921,0.93279,0.93287,3.23,1.10
2014.05.06 14:50:04.755,0.93283,0.93288,1.13,1.10
2014.05.06 14:50:07.203,0.93283,0.93291,1.00,1.58
2014.05.06 14:50:07.305,0.93283,0.93292,1.38,1.10
2014.05.06 14:50:07.871,0.93288,0.93293,1.00,1.10
2014.05.06 14:50:08.534,0.93288,0.93295,1.00,1.10
2014.05.06 14:50:09.057,0.93285,0.93295,3.98,1.10
2014.05.06 14:50:09.614,0.93285,0.93297,4.80,1.58
2014.05.06 14:50:10.175,0.93285,0.93296,3.98,1.10
2014.05.06 14:50:10.482,0.93285,0.93294,1.88,1.00
2014.05.06 14:50:14.959,0.93288,0.93294,1.00,1.00
2014.05.06 14:50:18.379,0.93288,0.93296,1.00,1.58
2014.05.06 14:50:22.300,0.93288,0.93295,1.00,1.00
2014.05.06 14:50:22.401,0.93285,0.93295,1.95,1.00
2014.05.06 14:50:22.973,0.93285,0.93294,1.38,1.10
2014.05.06 14:50:23.125,0.93288,0.93294,1.00,1.10
2014.05.06 14:50:23.276,0.93288,0.93298,1.95,1.00
2014.05.06 14:50:23.841,0.93288,0.93297,1.00,1.10
2014.05.06 14:50:26.384,0.93288,0.93295,1.00,1.10
2014.05.06 14:50:28.201,0.93288,0.93298,1.88,1.00
2014.05.06 14:50:28.253,0.9329,0.93299,1.95,1.00
2014.05.06 14:50:28.363,0.93291,0.93301,1.48,1.00
2014.05.06 14:50:28.464,0.93294,0.93302,1.00,1.00
2014.05.06 14:50:29.025,0.93294,0.93303,1.00,1.10
2014.05.06 14:50:29.832,0.93294,0.93304,1.00,1.50
2014.05.06 14:50:30.533,0.93294,0.93302,1.00,1.00
2014.05.06 14:50:30.836,0.9329,0.93297,1.00,1.10
2014.05.06 14:50:31.153,0.93293,0.93297,1.00,1.10
2014.05.06 14:50:31.903,0.9329,0.93298,1.00,1.58
2014.05.06 14:50:32.771,0.9329,0.93299,1.13,1.00
2014.05.06 14:50:32.822,0.93293,0.93299,1.00,1.00
2014.05.06 14:50:33.791,0.9329,0.93299,1.13,1.00
2014.05.06 14:50:33.892,0.93293,0.93299,1.00,1.00
2014.05.06 14:50:34.015,0.9329,0.93299,1.13,1.00
2014.05.06 14:50:35.565,0.93293,0.93299,1.00,1.00
2014.05.06 14:50:39.455,0.93293,0.93298,1.00,1.00
2014.05.06 14:50:40.034,0.93293,0.93299,1.00,1.50
2014.05.06 14:50:40.724,0.93293,0.93298,1.00,1.00
2014.05.06 14:50:41.262,0.9329,0.93298,1.38,1.00
2014.05.06 14:50:42.657,0.9329,0.93299,1.38,1.00
2014.05.06 14:50:44.063,0.9329,0.93299,1.38,1.00
2014.05.06 14:50:45.582,0.9329,0.93299,1.38,1.00
2014.05.06 14:50:47.632,0.9329,0.93299,1.00,1.50
2014.05.06 14:50:48.432,0.9329,0.93298,1.00,1.00
2014.05.06 14:50:48.483,0.9329,0.93296,1.00,1.00
2014.05.06 14:50:50.714,0.9329,0.93297,1.00,1.58
2014.05.06 14:50:51.610,0.93288,0.93297,1.88,1.10
2014.05.06 14:50:53.390,0.93288,0.93296,1.88,1.00
2014.05.06 14:50:53.911,0.93288,0.93297,1.50,1.58
2014.05.06 14:50:54.159,0.93288,0.93295,1.88,1.00
2014.05.06 14:50:55.051,0.93288,0.93296,1.88,1.00
2014.05.06 14:50:55.355,0.93287,0.93294,1.00,1.10
2014.05.06 14:50:55.456,0.93285,0.93295,1.00,1.58
2014.05.06 14:50:56.013,0.93285,0.93295,1.38,1.58
2014.05.06 14:50:56.793,0.93285,0.93295,1.13,1.58
2014.05.06 14:50:57.545,0.93283,0.93294,3.30,1.00
2014.05.06 14:50:59.040,0.93283,0.93292,2.93,1.00
2014.05.06 14:50:59.343,0.93283,0.93288,1.00,1.58
2014.05.06 14:50:59.621,0.93281,0.93288,1.00,1.00
2014.05.06 14:50:59.733,0.93278,0.93288,3.45,1.00
2014.05.06 14:51:00.254,0.93283,0.93288,1.00,1.00
2014.05.06 14:51:00.873,0.93283,0.93289,1.00,1.00
2014.05.06 14:51:01.036,0.93279,0.93289,1.48,1.00
2014.05.06 14:51:02.456,0.93283,0.93289,1.00,1.00
2014.05.06 14:51:02.999,0.93279,0.93289,1.48,1.00
2014.05.06 14:51:05.862,0.93278,0.93289,1.88,1.58
2014.05.06 14:51:06.384,0.93278,0.93288,1.88,1.00
2014.05.06 14:51:07.081,0.93278,0.93287,1.88,1.00
2014.05.06 14:51:13.399,0.93278,0.93287,2.33,1.00
2014.05.06 14:51:13.937,0.93277,0.93287,1.30,1.58
2014.05.06 14:51:14.488,0.93275,0.93286,4.65,1.10
2014.05.06 14:51:14.999,0.93277,0.93287,1.20,1.00
2014.05.06 14:51:15.613,0.93275,0.93286,5.40,1.10
2014.05.06 14:51:16.382,0.93276,0.93287,1.48,1.58
2014.05.06 14:51:16.685,0.93278,0.93288,1.95,1.00
2014.05.06 14:51:17.271,0.93278,0.93287,1.95,1.00
2014.05.06 14:51:18.169,0.93278,0.93287,1.00,1.00
2014.05.06 14:51:19.674,0.93278,0.93287,1.38,1.00
2014.05.06 14:51:21.871,0.93278,0.93287,1.38,1.00
2014.05.06 14:51:22.180,0.93278,0.93289,1.95,1.50
2014.05.06 14:51:22.716,0.93278,0.93288,1.95,1.00
2014.05.06 14:51:24.112,0.93278,0.93288,1.95,1.00
2014.05.06 14:51:24.213,0.93278,0.93286,1.38,1.00
2014.05.06 14:51:24.466,0.93273,0.93281,1.00,1.10
2014.05.06 14:51:25.002,0.9327,0.93281,1.95,1.10
2014.05.06 14:51:25.546,0.9327,0.9328,1.48,1.00
2014.05.06 14:51:33.038,0.93273,0.9328,1.00,1.00
2014.05.06 14:51:34.742,0.93273,0.93281,1.00,3.08
2014.05.06 14:51:35.285,0.93273,0.9328,1.00,1.58
2014.05.06 14:51:38.851,0.93273,0.93279,1.00,1.00
2014.05.06 14:51:41.770,0.93273,0.93278,1.00,1.10
2014.05.06 14:51:44.945,0.93273,0.93277,1.00,1.10
2014.05.06 14:51:44.996,0.93268,0.93276,1.50,1.00
2014.05.06 14:51:45.404,0.93266,0.93275,2.85,1.10
2014.05.06 14:51:46.978,0.93268,0.93275,1.00,1.10
2014.05.06 14:51:47.832,0.93268,0.93276,1.00,1.58
2014.05.06 14:51:50.019,0.93272,0.93277,1.00,1.50
2014.05.06 14:51:50.570,0.93268,0.93276,1.00,1.58
2014.05.06 14:51:53.340,0.93273,0.93277,1.00,1.50
2014.05.06 14:51:53.544,0.93273,0.93278,1.00,1.50
2014.05.06 14:51:53.645,0.93273,0.9328,1.00,1.00
2014.05.06 14:51:54.169,0.93273,0.93281,1.00,1.00
2014.05.06 14:51:54.319,0.93277,0.93282,1.00,1.58
2014.05.06 14:51:54.824,0.93278,0.93282,1.00,1.58
2014.05.06 14:51:55.499,0.93278,0.93283,1.00,1.50
2014.05.06 14:51:55.853,0.93271,0.93281,1.00,1.10
2014.05.06 14:51:56.175,0.93278,0.93283,1.00,1.58
2014.05.06 14:51:56.930,0.93278,0.93282,1.00,1.10
2014.05.06 14:51:57.736,0.93278,0.93283,1.00,1.58
2014.05.06 14:51:58.425,0.93278,0.93282,1.00,1.00
2014.05.06 14:51:58.627,0.93274,0.93282,1.00,1.58
2014.05.06 14:51:58.740,0.93273,0.9328,1.00,1.10
2014.05.06 14:51:58.993,0.93273,0.93282,1.00,1.10
2014.05.06 14:51:59.145,0.93273,0.9328,1.00,1.10
2014.05.06 14:52:01.130,0.93275,0.9328,1.00,1.00
2014.05.06 14:52:02.177,0.93273,0.9328,1.00,1.58
2014.05.06 14:52:02.733,0.93273,0.93279,1.00,1.00
2014.05.06 14:52:05.244,0.93273,0.93277,1.00,1.00
2014.05.06 14:52:05.711,0.93272,0.93279,1.00,1.00
2014.05.06 14:52:05.762,0.93274,0.93279,1.00,1.00
2014.05.06 14:52:05.913,0.93274,0.93282,1.00,1.00
2014.05.06 14:52:06.416,0.93273,0.93282,1.00,1.58
2014.05.06 14:52:07.001,0.93273,0.93281,1.00,1.00
2014.05.06 14:52:09.102,0.93274,0.93281,1.00,1.00
2014.05.06 14:52:09.943,0.93274,0.9328,1.00,1.10
2014.05.06 14:52:09.994,0.93271,0.93277,1.00,1.00
2014.05.06 14:52:10.196,0.93273,0.9328,1.50,1.10
2014.05.06 14:52:10.246,0.93275,0.9328,1.00,1.10
2014.05.06 14:52:10.784,0.93275,0.93281,1.00,1.00
2014.05.06 14:52:11.088,0.93277,0.93283,1.00,1.00
2014.05.06 14:52:11.616,0.93277,0.93284,1.50,1.00
2014.05.06 14:52:12.122,0.93278,0.93284,1.00,1.00
2014.05.06 14:52:16.547,0.93277,0.93284,1.00,1.00
2014.05.06 14:52:16.892,0.93273,0.93282,1.00,1.58
2014.05.06 14:52:17.094,0.93271,0.93282,1.58,2.33
2014.05.06 14:52:17.145,0.93271,0.9328,1.58,1.00
2014.05.06 14:52:17.196,0.93269,0.93279,1.00,1.10
2014.05.06 14:52:17.499,0.93271,0.9328,1.00,1.00
2014.05.06 14:52:18.152,0.93271,0.93279,1.00,1.00
2014.05.06 14:52:26.620,0.93273,0.93279,1.00,1.00
2014.05.06 14:52:26.874,0.93271,0.93279,1.00,1.00
2014.05.06 14:52:34.758,0.93273,0.93279,1.00,1.00
2014.05.06 14:52:35.857,0.93271,0.93279,1.00,1.00
2014.05.06 14:52:38.278,0.93273,0.93279,1.00,1.00
2014.05.06 14:52:38.390,0.93271,0.93279,1.00,1.00
2014.05.06 14:52:39.254,0.93272,0.93279,1.00,1.00
2014.05.06 14:52:39.941,0.93273,0.93279,1.00,1.00
2014.05.06 14:52:41.862,0.93273,0.93281,1.00,1.58
2014.05.06 14:52:45.339,0.93273,0.9328,1.00,1.10
2014.05.06 14:52:50.411,0.93273,0.93281,1.50,1.00
2014.05.06 14:52:50.462,0.93276,0.93281,1.00,1.00
2014.05.06 14:52:50.564,0.93277,0.93283,1.00,1.00
2014.05.06 14:52:50.767,0.93279,0.93283,1.00,1.00
2014.05.06 14:52:51.021,0.93279,0.93286,1.00,1.10
2014.05.06 14:52:51.525,0.93279,0.93287,1.00,2.33
2014.05.06 14:52:52.662,0.93279,0.93289,1.58,1.50
2014.05.06 14:52:52.713,0.93282,0.93289,1.00,1.00
2014.05.06 14:52:53.218,0.93283,0.93292,1.50,1.58
2014.05.06 14:52:54.168,0.93283,0.93291,1.50,1.10
2014.05.06 14:52:54.395,0.93285,0.93291,1.00,1.10
2014.05.06 14:52:54.496,0.93286,0.93293,1.00,1.00
2014.05.06 14:52:54.598,0.93286,0.93295,1.00,3.68
2014.05.06 14:52:55.102,0.93288,0.93295,1.00,1.10
2014.05.06 14:52:55.721,0.93288,0.93296,1.00,1.00
2014.05.06 14:52:57.942,0.93288,0.93297,1.00,1.58
2014.05.06 14:52:58.297,0.93288,0.93293,1.00,1.00
2014.05.06 14:52:58.651,0.9329,0.93297,1.00,1.10
2014.05.06 14:53:01.950,0.93288,0.93293,1.00,1.00
2014.05.06 14:53:07.079,0.93286,0.93293,1.00,1.00
2014.05.06 14:53:07.333,0.93288,0.93293,1.00,1.00
2014.05.06 14:53:07.434,0.93285,0.93293,1.00,1.00
2014.05.06 14:53:08.115,0.93288,0.93293,1.00,1.00
2014.05.06 14:53:10.706,0.93285,0.93293,1.50,1.00
2014.05.06 14:53:10.821,0.93288,0.93293,1.00,1.00
2014.05.06 14:53:16.971,0.93281,0.9329,1.10,1.00
2014.05.06 14:53:17.021,0.9328,0.9329,1.58,1.00
2014.05.06 14:53:17.072,0.9328,0.93286,1.58,1.00
2014.05.06 14:53:17.301,0.9328,0.93288,1.00,1.58
2014.05.06 14:53:17.961,0.93279,0.93288,1.00,1.10
2014.05.06 14:53:18.517,0.9328,0.93288,1.00,1.10
2014.05.06 14:53:20.068,0.9328,0.93287,1.00,1.10
2014.05.06 14:53:20.372,0.93278,0.93288,1.50,1.10
2014.05.06 14:53:20.422,0.93278,0.93286,1.50,1.10
2014.05.06 14:53:21.919,0.9328,0.93286,1.00,1.10
2014.05.06 14:53:21.969,0.9328,0.93288,1.00,1.10
2014.05.06 14:53:22.912,0.93279,0.93288,1.50,1.10
2014.05.06 14:53:23.458,0.93278,0.93287,1.50,1.10
2014.05.06 14:53:23.980,0.93279,0.93288,1.00,1.10
2014.05.06 14:53:24.284,0.93279,0.93285,1.50,1.10
2014.05.06 14:53:24.385,0.93279,0.93287,1.50,1.10
2014.05.06 14:53:26.008,0.93279,0.93288,1.50,1.10
2014.05.06 14:53:32.639,0.93279,0.93285,1.00,1.10
2014.05.06 14:53:32.850,0.93276,0.93284,1.00,1.10
2014.05.06 14:53:33.470,0.93277,0.93284,1.00,1.10
2014.05.06 14:53:33.521,0.93277,0.93286,1.00,1.10
2014.05.06 14:53:34.040,0.93277,0.93285,1.50,1.10
2014.05.06 14:53:34.600,0.93278,0.93287,1.00,1.10
2014.05.06 14:53:34.826,0.93277,0.93285,1.50,1.10
2014.05.06 14:53:35.370,0.93278,0.93285,1.00,1.10
2014.05.06 14:53:36.358,0.93278,0.93287,1.00,1.10
2014.05.06 14:53:36.961,0.93279,0.93287,1.00,1.10
2014.05.06 14:53:38.386,0.9328,0.93287,1.00,1.10
2014.05.06 14:53:38.955,0.9328,0.93288,1.50,1.10
2014.05.06 14:53:40.132,0.9328,0.93291,3.08,1.00
2014.05.06 14:53:40.639,0.93281,0.9329,1.00,1.10
2014.05.06 14:53:40.690,0.9328,0.93288,1.50,1.10
2014.05.06 14:53:44.739,0.93282,0.93288,1.00,1.10
2014.05.06 14:53:45.312,0.93283,0.93288,1.00,1.10
2014.05.06 14:53:46.607,0.93284,0.93288,1.00,1.10
2014.05.06 14:53:47.924,0.93283,0.93288,1.00,1.10
2014.05.06 14:53:47.975,0.93281,0.93288,1.00,1.10
2014.05.06 14:53:48.525,0.9328,0.93287,1.50,1.10
2014.05.06 14:53:49.474,0.9328,0.93288,1.50,1.10
2014.05.06 14:53:49.979,0.93281,0.93288,1.00,1.10
2014.05.06 14:53:50.707,0.93281,0.93289,1.00,1.10
2014.05.06 14:53:51.253,0.93282,0.93289,1.00,1.10
2014.05.06 14:53:51.571,0.93285,0.9329,1.00,1.10
2014.05.06 14:53:53.434,0.93285,0.93292,1.00,1.00
2014.05.06 14:54:00.147,0.93286,0.93292,1.00,1.00
2014.05.06 14:54:00.248,0.93288,0.93292,1.00,1.00
2014.05.06 14:54:00.399,0.93288,0.93294,1.00,1.58
2014.05.06 14:54:01.157,0.93288,0.93293,1.00,1.10
2014.05.06 14:54:03.244,0.93288,0.93294,1.00,1.58
2014.05.06 14:54:05.405,0.93287,0.93294,1.00,1.00
2014.05.06 14:54:06.114,0.93286,0.93293,1.00,1.10
2014.05.06 14:54:06.749,0.93286,0.93294,1.00,1.58
2014.05.06 14:54:06.949,0.93286,0.93292,1.00,1.00
2014.05.06 14:54:07.177,0.93286,0.93294,1.00,1.58
2014.05.06 14:54:10.620,0.93287,0.93294,1.00,1.00
2014.05.06 14:54:10.722,0.93289,0.93294,1.00,1.00
2014.05.06 14:54:10.823,0.93289,0.93297,1.00,1.00
2014.05.06 14:54:11.184,0.93291,0.93297,1.00,1.00
2014.05.06 14:54:11.447,0.93289,0.93297,1.00,1.10
2014.05.06 14:54:11.970,0.9329,0.93298,1.00,1.58
2014.05.06 14:54:12.367,0.9329,0.93296,1.00,1.10
2014.05.06 14:54:12.721,0.93288,0.93295,1.00,1.10
2014.05.06 14:54:12.924,0.93287,0.93292,1.00,1.10
2014.05.06 14:54:13.126,0.93285,0.93292,1.00,1.10
2014.05.06 14:54:13.379,0.93284,0.93289,1.00,1.10
2014.05.06 14:54:13.702,0.93283,0.93287,1.00,1.10
2014.05.06 14:54:14.813,0.93284,0.93289,1.00,1.10
2014.05.06 14:54:16.462,0.93283,0.93289,1.00,1.10
2014.05.06 14:54:16.513,0.93281,0.93289,1.50,1.10
2014.05.06 14:54:16.564,0.93281,0.93287,1.00,1.10
2014.05.06 14:54:16.867,0.93273,0.93279,2.85,1.10
2014.05.06 14:54:17.632,0.9327,0.93277,1.00,1.10
2014.05.06 14:54:18.387,0.93273,0.93277,1.00,1.10
2014.05.06 14:54:18.832,0.93271,0.93277,1.00,1.10
2014.05.06 14:54:19.181,0.93273,0.93277,1.00,1.10
2014.05.06 14:54:20.681,0.93273,0.93278,1.00,1.00
2014.05.06 14:54:21.220,0.93274,0.93281,1.00,1.58
2014.05.06 14:54:23.064,0.93274,0.9328,1.00,1.10
2014.05.06 14:54:23.620,0.93274,0.93279,1.00,1.10
2014.05.06 14:54:24.387,0.93274,0.93278,1.00,1.10
2014.05.06 14:54:24.817,0.93275,0.93279,1.00,1.10
2014.05.06 14:54:24.969,0.9328,0.93285,1.00,1.10
2014.05.06 14:54:25.473,0.93281,0.93286,1.00,1.00
2014.05.06 14:54:25.524,0.93279,0.93286,1.00,1.00
2014.05.06 14:54:25.787,0.93281,0.93286,1.00,1.00
2014.05.06 14:54:26.336,0.93281,0.93287,1.00,1.00
2014.05.06 14:54:27.896,0.93281,0.93286,1.00,1.10
2014.05.06 14:54:28.207,0.9328,0.93284,1.00,1.10
2014.05.06 14:54:28.308,0.93278,0.93284,1.00,1.10
2014.05.06 14:54:28.812,0.9328,0.93286,1.00,1.10
2014.05.06 14:54:29.250,0.93282,0.93287,1.00,1.00
2014.05.06 14:54:29.351,0.93283,0.93289,1.00,2.25
2014.05.06 14:54:30.286,0.93284,0.93289,1.00,1.50
2014.05.06 14:54:30.823,0.93285,0.93289,1.00,1.50
2014.05.06 14:54:30.924,0.93285,0.93292,1.00,1.58
2014.05.06 14:54:31.466,0.93286,0.93292,1.00,1.00
2014.05.06 14:54:31.981,0.93285,0.93289,1.00,1.10
2014.05.06 14:54:32.082,0.93285,0.93291,1.00,1.10
2014.05.06 14:54:32.233,0.93287,0.93292,1.00,1.58
2014.05.06 14:54:32.487,0.9329,0.93296,1.00,1.50
2014.05.06 14:54:33.514,0.9329,0.93297,1.00,1.58
2014.05.06 14:54:38.173,0.93288,0.93297,1.00,1.58
2014.05.06 14:54:41.129,0.93288,0.93294,1.00,1.10
2014.05.06 14:54:41.382,0.93285,0.93292,1.50,2.33
2014.05.06 14:54:41.483,0.93285,0.9329,1.00,1.10
2014.05.06 14:54:41.985,0.93284,0.93291,1.00,1.10
2014.05.06 14:54:42.495,0.93284,0.93292,1.00,2.33
2014.05.06 14:54:43.582,0.93284,0.93291,1.00,1.10
2014.05.06 14:54:43.900,0.93281,0.93287,1.00,1.10
2014.05.06 14:54:44.426,0.93281,0.93286,1.00,1.10
2014.05.06 14:54:45.022,0.93281,0.93287,1.00,1.58
2014.05.06 14:54:46.005,0.93279,0.93287,1.00,1.58
2014.05.06 14:54:51.262,0.93279,0.93285,1.00,1.10
2014.05.06 14:54:51.514,0.93284,0.93291,1.00,1.00
2014.05.06 14:54:51.619,0.93286,0.93291,1.00,1.00
2014.05.06 14:54:51.926,0.93287,0.93291,1.00,1.00
2014.05.06 14:54:52.178,0.93289,0.93293,1.00,1.00
2014.05.06 14:54:52.330,0.93289,0.93295,1.00,1.58
2014.05.06 14:54:53.840,0.93287,0.93295,1.00,1.58
2014.05.06 14:54:55.903,0.93287,0.93291,1.00,1.10
2014.05.06 14:54:55.956,0.93284,0.93291,1.50,1.10
2014.05.06 14:54:56.334,0.93283,0.93287,1.00,1.00
2014.05.06 14:54:56.385,0.93282,0.93287,1.00,1.58
2014.05.06 14:54:56.486,0.93278,0.93285,1.50,1.10
2014.05.06 14:54:57.000,0.93278,0.93283,1.00,1.10
2014.05.06 14:54:57.630,0.93277,0.93284,1.00,1.10
2014.05.06 14:54:57.961,0.93277,0.93282,1.00,1.10
2014.05.06 14:54:58.773,0.93277,0.93283,1.00,1.10
2014.05.06 14:54:59.330,0.93277,0.93284,1.00,1.10
2014.05.06 14:55:00.319,0.93279,0.93284,1.00,1.10
2014.05.06 14:55:01.025,0.9328,0.93287,1.00,2.33
2014.05.06 14:55:01.335,0.93282,0.93287,1.00,1.58
2014.05.06 14:55:01.538,0.93287,0.93293,1.00,2.10
2014.05.06 14:55:01.639,0.93289,0.93293,1.00,2.10
2014.05.06 14:55:01.993,0.93289,0.93296,1.00,1.10
2014.05.06 14:55:02.500,0.93289,0.93295,1.00,1.10
2014.05.06 14:55:03.012,0.93289,0.93296,1.00,1.10
2014.05.06 14:55:03.063,0.93289,0.93294,1.00,1.10
2014.05.06 14:55:03.281,0.93287,0.93295,1.00,1.10
2014.05.06 14:55:03.382,0.93289,0.93296,1.00,1.10
2014.05.06 14:55:03.707,0.93289,0.93294,1.00,1.10
2014.05.06 14:55:03.961,0.93287,0.93295,1.00,1.10
2014.05.06 14:55:04.364,0.93287,0.93292,1.00,1.10
2014.05.06 14:55:04.646,0.93285,0.93292,1.00,1.58
2014.05.06 14:55:04.697,0.93284,0.93288,1.00,1.10
2014.05.06 14:55:04.748,0.93283,0.93288,1.00,1.10
2014.05.06 14:55:04.799,0.93283,0.93292,1.00,1.58
2014.05.06 14:55:04.849,0.93285,0.93292,1.00,1.58
2014.05.06 14:55:05.233,0.93286,0.93294,1.00,1.10
2014.05.06 14:55:05.745,0.93286,0.93293,1.00,1.10
2014.05.06 14:55:06.264,0.93286,0.93294,1.00,1.10
2014.05.06 14:55:06.791,0.93286,0.93293,1.00,1.10
2014.05.06 14:55:07.307,0.93286,0.93292,1.00,1.00
2014.05.06 14:55:08.396,0.93285,0.93292,1.00,1.58
2014.05.06 14:55:11.779,0.93286,0.93292,1.00,1.58
2014.05.06 14:55:13.798,0.93286,0.93294,1.00,2.33
2014.05.06 14:55:14.429,0.93287,0.93295,1.00,1.00
2014.05.06 14:55:14.969,0.93288,0.93295,1.00,1.58
2014.05.06 14:55:15.254,0.93287,0.93292,1.00,1.10
2014.05.06 14:55:15.759,0.93287,0.93293,1.00,1.10
2014.05.06 14:55:15.910,0.93287,0.93295,1.00,1.58
2014.05.06 14:55:15.961,0.93289,0.93295,1.00,1.10
2014.05.06 14:55:16.066,0.93288,0.93297,1.50,1.58
2014.05.06 14:55:16.167,0.9329,0.93296,1.00,1.10
2014.05.06 14:55:16.638,0.93291,0.93298,1.00,1.58
2014.05.06 14:55:17.845,0.93291,0.933,1.00,1.58
2014.05.06 14:55:22.694,0.93293,0.933,1.00,1.58
2014.05.06 14:55:22.847,0.93291,0.933,1.00,1.58
2014.05.06 14:55:23.158,0.93293,0.93299,1.00,1.10
2014.05.06 14:55:23.260,0.93291,0.93299,1.00,1.10
2014.05.06 14:55:24.897,0.93292,0.93299,1.00,1.10
2014.05.06 14:55:25.326,0.93292,0.93297,1.00,1.10
2014.05.06 14:55:25.854,0.93291,0.93297,1.00,1.10
2014.05.06 14:55:26.506,0.93291,0.93298,1.00,1.10
2014.05.06 14:55:27.030,0.93291,0.93299,1.00,1.10
2014.05.06 14:55:27.518,0.93292,0.93297,1.00,1.10
2014.05.06 14:55:28.025,0.93292,0.93298,1.00,1.10
2014.05.06 14:55:28.568,0.93292,0.93299,1.00,1.10
2014.05.06 14:55:33.704,0.93292,0.93298,1.00,1.10
2014.05.06 14:55:35.423,0.9329,0.93295,1.00,1.10
2014.05.06 14:55:35.726,0.93288,0.93294,2.25,1.10
2014.05.06 14:55:35.878,0.93288,0.93292,1.50,1.10
2014.05.06 14:55:39.192,0.93288,0.93293,1.00,1.10
2014.05.06 14:55:42.456,0.93288,0.93292,1.00,1.10
2014.05.06 14:55:46.219,0.93288,0.93295,1.00,1.00
2014.05.06 14:55:46.421,0.93288,0.93294,1.00,1.10
2014.05.06 14:55:47.853,0.93288,0.93295,1.00,1.00
2014.05.06 14:55:48.397,0.93288,0.93292,1.00,1.10
2014.05.06 14:55:49.941,0.93288,0.93295,1.00,1.00
2014.05.06 14:55:52.361,0.93288,0.93292,1.00,1.10
2014.05.06 14:55:53.927,0.93288,0.93295,1.00,1.00
2014.05.06 14:55:55.463,0.93286,0.9329,1.00,1.10
2014.05.06 14:55:59.199,0.93285,0.93289,1.00,1.10
2014.05.06 14:55:59.452,0.93285,0.93292,1.00,1.10
2014.05.06 14:55:59.654,0.93286,0.9329,1.00,1.10
2014.05.06 14:56:00.594,0.93285,0.9329,1.00,1.10
2014.05.06 14:56:01.390,0.93284,0.93288,1.00,1.10
2014.05.06 14:56:02.928,0.93285,0.9329,1.00,1.10
2014.05.06 14:56:04.357,0.93284,0.93288,1.00,1.10
2014.05.06 14:56:08.353,0.9328,0.93285,1.50,1.10
2014.05.06 14:56:08.774,0.93278,0.93282,1.00,1.10
2014.05.06 14:56:10.194,0.93279,0.93286,1.00,1.00
2014.05.06 14:56:10.340,0.93279,0.93283,1.00,1.10
2014.05.06 14:56:10.780,0.93279,0.93285,1.00,1.10
2014.05.06 14:56:11.330,0.93279,0.93286,1.00,1.00
2014.05.06 14:56:11.431,0.93283,0.93288,1.00,1.00
2014.05.06 14:56:11.737,0.93286,0.93292,1.00,1.00
2014.05.06 14:56:11.838,0.93286,0.93294,1.00,1.10
2014.05.06 14:56:12.255,0.93288,0.93294,1.00,1.10
2014.05.06 14:56:13.412,0.93288,0.93292,1.00,1.10
2014.05.06 14:56:15.367,0.93288,0.93294,1.50,1.10
2014.05.06 14:56:18.486,0.93288,0.93296,1.00,2.93
2014.05.06 14:56:19.116,0.93288,0.93295,1.00,1.10
2014.05.06 14:56:19.684,0.93288,0.93297,1.50,2.93
2014.05.06 14:56:20.216,0.93289,0.93296,1.00,1.10
2014.05.06 14:56:20.729,0.93289,0.93295,1.00,1.10
2014.05.06 14:56:21.246,0.93288,0.93297,1.50,2.93
2014.05.06 14:56:21.347,0.93288,0.93295,1.50,1.10
2014.05.06 14:56:21.856,0.93288,0.93296,1.50,1.10
2014.05.06 14:56:22.517,0.93288,0.93297,1.50,2.93
2014.05.06 14:56:24.084,0.93288,0.93295,1.00,1.10
2014.05.06 14:56:24.598,0.93289,0.93296,1.00,1.00
2014.05.06 14:56:26.400,0.93288,0.93296,1.50,1.00
2014.05.06 14:56:27.104,0.93289,0.93296,1.00,1.00
2014.05.06 14:56:28.912,0.93288,0.93296,1.50,1.58
2014.05.06 14:56:33.357,0.93287,0.93294,1.50,1.10
2014.05.06 14:56:33.637,0.93288,0.93296,1.00,5.85
2014.05.06 14:56:34.142,0.93287,0.93296,1.00,2.85
2014.05.06 14:56:35.924,0.93286,0.93296,1.00,2.85
2014.05.06 14:56:36.042,0.93286,0.93294,1.00,2.10
2014.05.06 14:56:36.632,0.93288,0.93294,1.00,2.10
2014.05.06 14:56:36.737,0.93286,0.93294,1.00,2.10
2014.05.06 14:56:36.899,0.93286,0.93296,1.00,3.68
2014.05.06 14:56:37.970,0.93286,0.93295,1.00,1.00
2014.05.06 14:56:38.021,0.93284,0.93295,1.58,1.00
2014.05.06 14:56:38.122,0.93284,0.93292,1.58,2.10
2014.05.06 14:56:38.665,0.93283,0.93292,1.50,2.10
2014.05.06 14:56:39.188,0.93284,0.93292,1.50,2.10
2014.05.06 14:56:39.748,0.93285,0.93293,1.00,1.10
2014.05.06 14:56:41.840,0.93284,0.93293,1.50,1.10
2014.05.06 14:56:42.143,0.93286,0.93294,1.00,1.10
2014.05.06 14:56:42.647,0.93285,0.93294,1.00,1.10
2014.05.06 14:56:42.950,0.93283,0.93291,1.50,1.10
2014.05.06 14:56:43.417,0.93283,0.93289,1.00,1.10
2014.05.06 14:56:43.518,0.9328,0.93289,1.50,1.10
2014.05.06 14:56:44.596,0.93281,0.93289,1.00,1.10
2014.05.06 14:56:45.515,0.9328,0.93289,1.00,1.10
2014.05.06 14:56:45.717,0.9328,0.93287,1.50,1.10
2014.05.06 14:56:49.381,0.9328,0.93288,1.50,1.10
2014.05.06 14:56:49.920,0.9328,0.93287,1.50,1.10
2014.05.06 14:56:51.243,0.9328,0.93288,1.50,1.10
2014.05.06 14:56:51.899,0.9328,0.93287,1.50,1.10
2014.05.06 14:56:52.545,0.9328,0.93289,1.50,1.58
2014.05.06 14:56:52.646,0.93284,0.93289,1.00,1.00
2014.05.06 14:56:52.798,0.93284,0.93294,1.00,2.10
2014.05.06 14:56:52.899,0.93286,0.93293,1.00,1.10
2014.05.06 14:56:53.415,0.93286,0.93296,1.50,1.58
2014.05.06 14:56:54.306,0.93287,0.93298,1.00,2.93
2014.05.06 14:56:54.407,0.93287,0.93296,1.00,2.10
2014.05.06 14:56:54.920,0.93287,0.93297,1.00,1.10
2014.05.06 14:56:55.239,0.93285,0.93294,1.00,1.00
2014.05.06 14:56:55.999,0.93285,0.93296,1.00,2.33
2014.05.06 14:56:56.150,0.93283,0.93296,1.50,3.08
2014.05.06 14:56:56.403,0.93283,0.93292,1.50,1.10
2014.05.06 14:56:56.924,0.93283,0.93291,1.00,1.10
2014.05.06 14:56:57.523,0.93283,0.9329,1.00,1.58
2014.05.06 14:56:57.771,0.9328,0.9329,1.00,1.58
2014.05.06 14:56:57.973,0.9328,0.93287,1.00,1.10
2014.05.06 14:56:58.277,0.93278,0.93282,1.50,1.10
2014.05.06 14:56:58.429,0.93278,0.93284,1.50,1.10
2014.05.06 14:56:59.036,0.93278,0.93285,1.50,1.10
2014.05.06 14:57:00.083,0.93278,0.93284,1.50,1.10
2014.05.06 14:57:00.265,0.9328,0.93285,1.00,1.10
2014.05.06 14:57:01.145,0.93279,0.93286,1.50,1.10
2014.05.06 14:57:01.686,0.93279,0.93285,1.00,1.10
2014.05.06 14:57:02.003,0.93276,0.93285,1.00,1.10
2014.05.06 14:57:02.509,0.93277,0.93284,1.00,1.10
2014.05.06 14:57:03.154,0.93276,0.93284,2.25,1.58
2014.05.06 14:57:05.095,0.93276,0.93281,1.00,1.10
2014.05.06 14:57:05.593,0.93273,0.93281,1.00,1.10
2014.05.06 14:57:05.795,0.9327,0.9328,1.00,1.10
2014.05.06 14:57:05.896,0.9327,0.93277,1.00,1.10
2014.05.06 14:57:06.250,0.93268,0.93277,1.00,1.58
2014.05.06 14:57:07.407,0.93268,0.93279,2.10,1.00
2014.05.06 14:57:07.559,0.9327,0.93281,1.00,1.58
2014.05.06 14:57:07.960,0.93273,0.93281,1.00,1.58
2014.05.06 14:57:08.463,0.93273,0.93282,1.58,1.00
2014.05.06 14:57:08.999,0.93273,0.93281,1.00,1.10
2014.05.06 14:57:09.518,0.93273,0.9328,1.00,1.10
2014.05.06 14:57:09.821,0.93268,0.93275,1.00,1.10
2014.05.06 14:57:09.972,0.93272,0.93277,1.00,1.10
2014.05.06 14:57:10.125,0.93268,0.93278,1.60,1.10
2014.05.06 14:57:10.227,0.93269,0.9328,1.35,1.00
2014.05.06 14:57:10.328,0.93269,0.93278,1.35,1.00
2014.05.06 14:57:10.631,0.93264,0.93273,1.00,1.10
2014.05.06 14:57:12.476,0.93264,0.93271,1.00,1.10
2014.05.06 14:57:12.779,0.93263,0.93267,1.00,1.10
2014.05.06 14:57:12.884,0.93261,0.93267,1.00,1.10
2014.05.06 14:57:13.087,0.93258,0.93267,1.00,1.10
2014.05.06 14:57:14.597,0.93257,0.93267,1.00,1.10
2014.05.06 14:57:15.959,0.93258,0.93267,1.00,1.10
2014.05.06 14:57:18.105,0.93258,0.93264,1.00,1.10
2014.05.06 14:57:18.459,0.93253,0.93262,2.25,1.10
2014.05.06 14:57:21.319,0.93253,0.93261,1.00,1.10
2014.05.06 14:57:21.829,0.93253,0.9326,1.00,1.10
2014.05.06 14:57:21.879,0.93258,0.93264,1.00,1.00
2014.05.06 14:57:22.081,0.93253,0.93261,1.00,1.10
2014.05.06 14:57:23.277,0.93253,0.9326,1.00,1.10
2014.05.06 14:57:23.836,0.93258,0.93264,1.00,1.50
2014.05.06 14:57:25.146,0.9325,0.93258,1.00,1.10
2014.05.06 14:57:25.198,0.93253,0.9326,1.00,1.00
2014.05.06 14:57:25.249,0.93253,0.93257,1.00,1.10
2014.05.06 14:57:27.364,0.93249,0.93257,1.00,1.10
2014.05.06 14:57:28.096,0.93249,0.93256,1.00,1.10
2014.05.06 14:57:28.585,0.93253,0.93257,1.00,1.00
2014.05.06 14:57:28.787,0.93249,0.93258,1.00,1.10
2014.05.06 14:57:28.889,0.93248,0.93256,1.50,1.10
2014.05.06 14:57:29.192,0.93247,0.93252,1.00,1.10
2014.05.06 14:57:29.791,0.93248,0.93253,1.00,1.58
2014.05.06 14:57:30.156,0.9325,0.93255,1.00,1.10
2014.05.06 14:57:30.307,0.93251,0.93255,1.00,1.00
2014.05.06 14:57:30.459,0.93251,0.93257,1.00,1.10
2014.05.06 14:57:30.560,0.93248,0.93257,1.00,1.10
2014.05.06 14:57:32.415,0.93248,0.93258,1.00,1.58
2014.05.06 14:57:34.064,0.93248,0.93257,1.00,1.10
2014.05.06 14:57:34.169,0.93246,0.93257,1.50,1.10
2014.05.06 14:57:34.679,0.93246,0.93256,1.50,1.10
2014.05.06 14:57:34.836,0.93248,0.93256,1.00,1.10
2014.05.06 14:57:35.203,0.93248,0.93258,1.00,2.33
2014.05.06 14:57:35.823,0.93248,0.93256,1.00,1.00
2014.05.06 14:57:36.389,0.93248,0.93255,1.00,1.00
2014.05.06 14:57:40.743,0.93246,0.93255,1.10,1.00
2014.05.06 14:57:40.853,0.93248,0.93255,1.00,1.00
2014.05.06 14:57:41.704,0.93248,0.93254,1.00,1.00
2014.05.06 14:57:42.660,0.93247,0.93254,1.10,1.00
2014.05.06 14:57:43.231,0.93248,0.93255,1.00,1.00
2014.05.06 14:57:44.413,0.93249,0.93255,1.10,1.00
2014.05.06 14:57:44.565,0.93249,0.93258,1.10,1.00
2014.05.06 14:57:44.616,0.93253,0.93258,1.00,1.00
2014.05.06 14:57:44.667,0.93253,0.93261,1.58,1.50
2014.05.06 14:57:44.869,0.93255,0.93262,1.00,1.00
2014.05.06 14:57:45.172,0.93258,0.93263,1.00,1.50
2014.05.06 14:57:45.726,0.93258,0.93262,1.00,1.00
2014.05.06 14:57:46.974,0.93258,0.93264,1.00,1.50
2014.05.06 14:57:48.616,0.93258,0.93262,1.00,1.00
2014.05.06 14:57:48.921,0.93256,0.93262,1.10,1.00
2014.05.06 14:57:48.973,0.93256,0.93264,1.10,1.00
2014.05.06 14:57:49.527,0.93256,0.93263,1.10,1.00
2014.05.06 14:57:50.954,0.93258,0.93263,1.00,1.00
2014.05.06 14:57:51.174,0.93256,0.93263,1.10,1.00
2014.05.06 14:57:51.326,0.93258,0.93263,1.00,1.00
2014.05.06 14:57:52.210,0.93256,0.93263,1.10,1.00
2014.05.06 14:57:52.604,0.93258,0.93263,1.00,1.00
2014.05.06 14:57:53.420,0.93256,0.93263,1.10,1.00
2014.05.06 14:57:53.833,0.93258,0.93263,1.00,1.00
2014.05.06 14:57:54.035,0.93256,0.93263,1.10,1.00
2014.05.06 14:57:54.364,0.93258,0.93263,1.00,1.00
2014.05.06 14:57:55.402,0.93254,0.9326,1.00,1.00
2014.05.06 14:57:55.454,0.93254,0.93258,1.00,1.00
2014.05.06 14:57:55.605,0.93253,0.9326,1.00,1.00
2014.05.06 14:57:56.062,0.93251,0.9326,1.50,1.00
2014.05.06 14:57:56.113,0.93251,0.93262,1.50,1.58
2014.05.06 14:57:56.272,0.93253,0.93262,1.00,1.58
2014.05.06 14:57:56.792,0.93253,0.93261,1.00,1.00
2014.05.06 14:57:58.513,0.93253,0.93259,1.00,1.00
2014.05.06 14:57:58.766,0.93253,0.93261,1.00,1.00
2014.05.06 14:57:59.451,0.93254,0.93262,1.10,1.00
2014.05.06 14:57:59.552,0.93255,0.93259,1.00,1.00
2014.05.06 14:57:59.754,0.93253,0.93261,2.33,1.00
2014.05.06 14:58:00.292,0.93254,0.93262,1.58,1.00
2014.05.06 14:58:00.444,0.93256,0.93262,1.00,1.00
2014.05.06 14:58:00.997,0.93255,0.93259,1.00,1.00
2014.05.06 14:58:01.149,0.93254,0.93258,1.00,1.00
2014.05.06 14:58:01.250,0.9325,0.93258,1.00,1.58
2014.05.06 14:58:01.960,0.9325,0.93259,1.00,1.00
2014.05.06 14:58:02.011,0.93253,0.9326,1.00,1.00
2014.05.06 14:58:02.315,0.93253,0.9326,1.58,1.00
2014.05.06 14:58:02.518,0.93253,0.9326,2.33,1.00
2014.05.06 14:58:03.023,0.93253,0.93258,1.50,1.00
2014.05.06 14:58:03.125,0.93251,0.93257,1.00,1.50
2014.05.06 14:58:03.226,0.93249,0.93256,3.60,1.50
2014.05.06 14:58:03.770,0.93248,0.93255,1.50,1.00
2014.05.06 14:58:04.418,0.93248,0.93256,2.33,1.00
2014.05.06 14:58:04.927,0.93248,0.93255,2.33,1.00
2014.05.06 14:58:05.180,0.93248,0.93257,2.33,1.00
2014.05.06 14:58:06.899,0.93248,0.93254,3.08,1.00
2014.05.06 14:58:08.992,0.93248,0.93253,1.00,1.00
2014.05.06 14:58:09.143,0.93248,0.93255,1.50,1.00
2014.05.06 14:58:11.104,0.93248,0.93253,1.50,1.00
2014.05.06 14:58:11.306,0.93245,0.93252,1.58,1.00
2014.05.06 14:58:16.660,0.93245,0.93254,1.58,1.00
2014.05.06 14:58:16.711,0.93247,0.93254,1.00,1.00
2014.05.06 14:58:17.016,0.93247,0.93252,1.58,1.00
2014.05.06 14:58:17.168,0.93247,0.93254,1.00,1.00
2014.05.06 14:58:17.818,0.93248,0.93255,1.00,1.00
2014.05.06 14:58:18.359,0.93249,0.93256,1.00,1.00
2014.05.06 14:58:18.898,0.9325,0.93255,1.00,1.10
2014.05.06 14:58:19.814,0.9325,0.93254,1.00,1.10
2014.05.06 14:58:20.289,0.93248,0.93254,1.00,1.10
2014.05.06 14:58:20.653,0.9325,0.93254,1.00,1.10
2014.05.06 14:58:21.152,0.93251,0.93256,1.00,1.00
2014.05.06 14:58:21.203,0.93253,0.93257,1.00,1.10
2014.05.06 14:58:21.406,0.93251,0.93256,1.00,1.58
2014.05.06 14:58:21.719,0.9325,0.93254,1.00,1.10
2014.05.06 14:58:23.462,0.93249,0.93253,1.00,1.10
2014.05.06 14:58:23.563,0.93248,0.93253,1.50,1.10
2014.05.06 14:58:23.664,0.93249,0.93255,1.00,1.10
2014.05.06 14:58:23.816,0.93251,0.93256,1.00,1.00
2014.05.06 14:58:24.119,0.93254,0.93259,1.00,1.00
2014.05.06 14:58:24.322,0.93252,0.93259,1.00,2.85
2014.05.06 14:58:24.372,0.93252,0.93257,1.00,1.10
2014.05.06 14:58:24.893,0.93251,0.93257,1.00,1.10
2014.05.06 14:58:25.343,0.93253,0.93257,1.00,1.00
2014.05.06 14:58:25.495,0.93249,0.93254,1.50,1.00
2014.05.06 14:58:25.596,0.93252,0.93259,1.00,2.85
2014.05.06 14:58:25.648,0.93249,0.93256,1.00,1.00
2014.05.06 14:58:26.907,0.93253,0.93259,1.00,1.10
2014.05.06 14:58:27.138,0.93254,0.9326,1.00,1.10
2014.05.06 14:58:27.189,0.93253,0.93258,3.00,1.10
2014.05.06 14:58:27.342,0.93251,0.93257,1.00,1.10
2014.05.06 14:58:27.493,0.93249,0.93257,1.50,1.10
2014.05.06 14:58:27.669,0.9325,0.93259,1.00,1.58
2014.05.06 14:58:27.972,0.9325,0.93257,1.00,1.10
2014.05.06 14:58:28.499,0.93249,0.93257,1.50,1.10
2014.05.06 14:58:28.950,0.9325,0.93259,1.00,1.58
2014.05.06 14:58:29.001,0.93253,0.93259,1.50,1.58
2014.05.06 14:58:29.305,0.93255,0.93259,1.00,1.00
2014.05.06 14:58:29.872,0.93255,0.9326,1.00,1.10
2014.05.06 14:58:30.130,0.93253,0.9326,2.25,1.10
2014.05.06 14:58:31.247,0.93251,0.93258,1.00,1.00
2014.05.06 14:58:31.353,0.93249,0.93257,1.00,1.10
2014.05.06 14:58:31.868,0.93249,0.93256,1.00,1.00
2014.05.06 14:58:32.940,0.93249,0.93254,1.00,1.10
2014.05.06 14:58:33.442,0.93246,0.93254,1.50,1.10
2014.05.06 14:58:33.593,0.93248,0.93254,1.00,1.10
2014.05.06 14:58:34.584,0.93246,0.93254,1.00,1.10
2014.05.06 14:58:34.686,0.9325,0.93257,1.00,1.10
2014.05.06 14:58:35.405,0.93248,0.93256,1.00,1.00
2014.05.06 14:58:35.730,0.93253,0.93257,1.00,1.10
2014.05.06 14:58:35.798,0.93248,0.93256,1.00,1.00
2014.05.06 14:58:36.103,0.93248,0.93254,1.00,1.10
2014.05.06 14:58:38.986,0.93248,0.93255,1.50,1.10
2014.05.06 14:58:39.514,0.93248,0.93256,1.50,1.00
2014.05.06 14:58:41.405,0.93249,0.93256,1.10,1.00
2014.05.06 14:58:41.659,0.93251,0.93259,1.00,1.00
2014.05.06 14:58:41.760,0.93253,0.93259,1.00,1.00
2014.05.06 14:58:41.912,0.93253,0.93261,1.50,1.00
2014.05.06 14:58:42.114,0.93254,0.93263,1.00,1.00
2014.05.06 14:58:42.828,0.93253,0.93263,1.00,1.00
2014.05.06 14:58:43.743,0.93253,0.93259,1.50,1.10
2014.05.06 14:58:44.096,0.93249,0.93257,1.00,1.00
2014.05.06 14:58:44.210,0.93249,0.93259,1.58,1.00
2014.05.06 14:58:44.748,0.93249,0.93258,1.00,1.00
2014.05.06 14:58:46.069,0.93249,0.93258,1.60,1.00
2014.05.06 14:58:46.171,0.93253,0.93259,1.50,1.50
2014.05.06 14:58:46.424,0.93256,0.93264,1.10,1.00
2014.05.06 14:58:46.475,0.93254,0.93263,1.00,1.10
2014.05.06 14:58:46.577,0.93254,0.93261,1.00,1.00
2014.05.06 14:58:46.881,0.93253,0.93259,1.50,1.00
2014.05.06 14:58:47.447,0.93254,0.93259,1.00,1.00
2014.05.06 14:58:48.366,0.93254,0.93258,1.00,1.00
2014.05.06 14:58:48.517,0.9325,0.93258,1.50,1.00
2014.05.06 14:58:48.669,0.9325,0.93256,1.00,1.00
2014.05.06 14:58:48.922,0.93248,0.93256,1.00,1.58
2014.05.06 14:58:49.197,0.93247,0.93253,1.50,1.00
2014.05.06 14:58:49.703,0.93248,0.93256,1.00,1.50
2014.05.06 14:58:50.223,0.93248,0.93255,1.00,1.00
2014.05.06 14:58:50.865,0.93248,0.93254,1.00,1.00
2014.05.06 14:58:51.415,0.93249,0.93253,1.00,1.00
2014.05.06 14:58:51.959,0.93246,0.93252,1.00,1.00
2014.05.06 14:58:52.161,0.93247,0.93252,1.00,1.00
2014.05.06 14:58:52.675,0.93246,0.93253,1.00,1.00
2014.05.06 14:58:54.833,0.93248,0.93253,1.00,1.00
2014.05.06 14:58:55.136,0.93249,0.93255,1.10,1.00
2014.05.06 14:58:55.833,0.93249,0.93256,1.10,1.50
2014.05.06 14:58:57.087,0.93248,0.93256,1.58,1.00
2014.05.06 14:59:00.235,0.93248,0.93257,1.00,1.50
2014.05.06 14:59:00.387,0.9325,0.93257,1.10,1.00
2014.05.06 14:59:00.689,0.93248,0.93257,1.58,1.00
2014.05.06 14:59:00.962,0.93246,0.93256,2.33,1.00
2014.05.06 14:59:01.487,0.93247,0.93256,1.00,1.00
2014.05.06 14:59:02.088,0.93248,0.93256,1.00,1.10
2014.05.06 14:59:02.290,0.9325,0.93258,1.00,1.10
2014.05.06 14:59:02.711,0.93248,0.93256,2.25,1.10
2014.05.06 14:59:03.019,0.93251,0.93257,1.00,1.10
2014.05.06 14:59:03.618,0.93251,0.93258,1.00,1.00
2014.05.06 14:59:04.793,0.93249,0.93258,1.00,1.58
2014.05.06 14:59:04.945,0.93248,0.93256,1.00,1.00
2014.05.06 14:59:05.248,0.93243,0.93248,1.00,1.50
2014.05.06 14:59:05.564,0.93241,0.93247,1.00,1.00
2014.05.06 14:59:06.022,0.93238,0.93246,1.00,1.00
2014.05.06 14:59:11.264,0.93239,0.93247,1.10,1.00
2014.05.06 14:59:11.317,0.9324,0.9325,1.00,1.10
2014.05.06 14:59:11.368,0.9324,0.93248,1.00,1.10
2014.05.06 14:59:11.670,0.9324,0.93246,1.00,1.10
2014.05.06 14:59:12.411,0.93238,0.93244,1.00,1.00
2014.05.06 14:59:12.462,0.93238,0.93242,1.00,1.10
2014.05.06 14:59:13.033,0.93235,0.93242,1.00,1.10
2014.05.06 14:59:14.111,0.93235,0.93244,1.00,1.50
2014.05.06 14:59:14.162,0.93238,0.93244,1.00,1.50
2014.05.06 14:59:14.469,0.93238,0.93242,1.00,1.10
2014.05.06 14:59:14.822,0.93233,0.93242,1.50,1.10
2014.05.06 14:59:15.024,0.93233,0.9324,1.50,1.10
2014.05.06 14:59:15.729,0.93233,0.93238,1.50,1.00
2014.05.06 14:59:16.339,0.9323,0.93238,1.10,1.00
2014.05.06 14:59:16.842,0.93229,0.93238,1.10,1.00
2014.05.06 14:59:17.432,0.93233,0.93238,1.00,1.00
2014.05.06 14:59:19.087,0.93233,0.93237,1.00,1.00
2014.05.06 14:59:19.858,0.93228,0.93237,2.33,1.35
2014.05.06 14:59:19.959,0.93223,0.9323,2.85,1.10
2014.05.06 14:59:20.112,0.93223,0.93229,1.50,1.10
2014.05.06 14:59:20.163,0.9322,0.93226,2.10,1.10
2014.05.06 14:59:20.667,0.93223,0.93227,1.00,1.58
2014.05.06 14:59:20.971,0.93223,0.93228,1.00,1.00
2014.05.06 14:59:21.525,0.93223,0.9323,1.00,1.10
2014.05.06 14:59:21.837,0.93223,0.9323,1.50,1.10
2014.05.06 14:59:22.485,0.93223,0.93227,1.50,1.10
2014.05.06 14:59:22.788,0.93219,0.93225,1.00,1.10
2014.05.06 14:59:23.103,0.93223,0.93229,1.00,1.35
2014.05.06 14:59:23.614,0.93218,0.93224,1.00,1.10
2014.05.06 14:59:23.715,0.93218,0.93226,1.00,1.00
2014.05.06 14:59:23.917,0.9322,0.93225,1.00,1.10
2014.05.06 14:59:24.063,0.9322,0.93224,1.00,1.10
2014.05.06 14:59:24.236,0.93218,0.93223,1.00,1.10
2014.05.06 14:59:24.703,0.93216,0.9322,1.00,1.10
2014.05.06 14:59:24.906,0.93216,0.93222,1.00,1.10
2014.05.06 14:59:25.473,0.93218,0.93223,1.00,1.10
2014.05.06 14:59:25.575,0.93216,0.93222,1.50,1.10
2014.05.06 14:59:25.678,0.93219,0.93228,1.00,2.85
2014.05.06 14:59:25.881,0.93223,0.93228,1.00,2.85
2014.05.06 14:59:26.431,0.93223,0.93229,1.00,1.10
2014.05.06 14:59:26.687,0.93222,0.93227,1.00,1.10
2014.05.06 14:59:27.207,0.93223,0.93227,1.00,1.10
2014.05.06 14:59:27.733,0.93222,0.93227,1.00,1.10
2014.05.06 14:59:28.775,0.93223,0.93227,1.00,1.10
2014.05.06 14:59:29.214,0.93223,0.93227,1.00,1.00
2014.05.06 14:59:29.315,0.9322,0.93226,1.00,1.00
2014.05.06 14:59:29.416,0.93214,0.93219,1.00,1.10
2014.05.06 14:59:29.928,0.93213,0.93219,1.00,1.10
2014.05.06 14:59:30.952,0.93213,0.9322,1.00,1.10
2014.05.06 14:59:31.154,0.93218,0.93224,1.00,1.50
2014.05.06 14:59:31.603,0.93213,0.9322,1.00,1.10
2014.05.06 14:59:31.655,0.93213,0.93222,1.00,1.35
2014.05.06 14:59:31.756,0.93213,0.93218,1.00,1.10
2014.05.06 14:59:31.858,0.93211,0.93219,1.00,1.10
2014.05.06 14:59:32.220,0.93216,0.93221,1.00,1.58
2014.05.06 14:59:32.322,0.93213,0.93218,1.00,1.10
2014.05.06 14:59:32.424,0.93213,0.93221,1.00,1.00
2014.05.06 14:59:32.526,0.93213,0.93219,1.00,1.10
2014.05.06 14:59:33.102,0.93213,0.9322,1.00,1.00
2014.05.06 14:59:33.406,0.9321,0.93216,1.00,1.10
2014.05.06 14:59:33.507,0.93208,0.93216,1.50,1.10
2014.05.06 14:59:34.036,0.93208,0.93215,1.00,1.10
2014.05.06 14:59:34.138,0.93209,0.93215,1.00,1.10
2014.05.06 14:59:34.663,0.93213,0.93217,1.00,1.10
2014.05.06 14:59:35.183,0.93213,0.93217,1.00,1.10
2014.05.06 14:59:35.579,0.9321,0.93217,1.00,1.10
2014.05.06 14:59:35.644,0.93213,0.93217,1.00,1.10
2014.05.06 14:59:36.103,0.93213,0.93218,1.60,1.10
2014.05.06 14:59:36.155,0.93217,0.93221,1.00,1.00
2014.05.06 14:59:36.206,0.9322,0.93224,1.00,1.00
2014.05.06 14:59:36.307,0.93222,0.93227,1.00,1.58
2014.05.06 14:59:37.236,0.9322,0.93226,1.13,1.10
2014.05.06 14:59:37.489,0.93223,0.93229,1.00,1.58
2014.05.06 14:59:37.742,0.93225,0.9323,1.00,1.10
2014.05.06 14:59:37.995,0.93228,0.93234,1.00,1.88
2014.05.06 14:59:38.496,0.93228,0.93234,1.50,1.00
2014.05.06 14:59:38.885,0.93232,0.93237,1.00,1.00
2014.05.06 14:59:39.199,0.93232,0.93241,2.85,1.48
2014.05.06 14:59:39.408,0.93233,0.93238,1.00,1.10
2014.05.06 14:59:39.837,0.93228,0.93237,1.50,1.10
2014.05.06 14:59:39.888,0.93228,0.93235,1.50,1.10
2014.05.06 14:59:40.191,0.93228,0.93236,1.00,1.10
2014.05.06 14:59:40.696,0.93233,0.93237,1.00,1.10
2014.05.06 14:59:42.124,0.93234,0.9324,1.00,1.10
2014.05.06 14:59:42.227,0.93235,0.93242,1.13,1.00
2014.05.06 14:59:42.278,0.93235,0.93245,1.88,1.00
2014.05.06 14:59:42.379,0.93238,0.93246,1.00,1.00
2014.05.06 14:59:42.842,0.93238,0.93244,1.50,1.10
2014.05.06 14:59:43.348,0.93235,0.93244,1.00,1.10
2014.05.06 14:59:43.663,0.93235,0.93239,1.00,1.00
2014.05.06 14:59:43.916,0.93233,0.93239,1.00,1.10
2014.05.06 14:59:44.422,0.93233,0.9324,1.00,1.00
2014.05.06 14:59:44.624,0.93233,0.93237,1.00,1.10
2014.05.06 14:59:44.827,0.93231,0.93238,1.50,1.00
2014.05.06 14:59:44.979,0.93233,0.93237,1.00,1.00
2014.05.06 14:59:45.332,0.93231,0.93238,1.00,1.00
2014.05.06 14:59:45.434,0.93233,0.93238,1.00,1.00
2014.05.06 14:59:45.586,0.93231,0.93237,1.13,1.50
2014.05.06 14:59:45.932,0.93229,0.93236,1.13,1.10
2014.05.06 14:59:46.293,0.93227,0.93235,1.13,1.00
2014.05.06 14:59:46.394,0.93227,0.93232,1.00,1.10
2014.05.06 14:59:46.597,0.93226,0.93234,1.00,1.00
2014.05.06 14:59:46.648,0.93228,0.93234,1.00,1.00
2014.05.06 14:59:46.749,0.93226,0.93234,1.00,1.58
2014.05.06 14:59:47.103,0.93228,0.93234,1.00,1.58
2014.05.06 14:59:47.659,0.93228,0.93233,1.00,1.10
2014.05.06 14:59:47.811,0.93224,0.93233,1.88,1.10
2014.05.06 14:59:47.912,0.93224,0.93229,1.88,1.00
2014.05.06 14:59:48.417,0.93223,0.93228,1.00,1.10
2014.05.06 14:59:48.837,0.9322,0.93228,2.10,1.10
2014.05.06 14:59:48.939,0.93227,0.93233,1.00,1.58
2014.05.06 14:59:48.990,0.93228,0.93233,1.00,1.58
2014.05.06 14:59:49.091,0.93226,0.93233,1.00,1.10
2014.05.06 14:59:49.193,0.93224,0.93233,1.13,1.10
2014.05.06 14:59:49.244,0.93224,0.93231,1.13,1.10
2014.05.06 14:59:49.547,0.93228,0.93233,1.00,1.10
2014.05.06 14:59:51.150,0.93226,0.93231,1.00,1.00
2014.05.06 14:59:53.089,0.93224,0.93231,1.00,1.00
2014.05.06 14:59:53.413,0.93224,0.93228,1.00,1.00
2014.05.06 14:59:53.716,0.93218,0.93226,2.70,1.00
2014.05.06 14:59:53.868,0.93218,0.93226,3.45,1.00
2014.05.06 14:59:53.969,0.93218,0.93224,2.63,1.00
2014.05.06 14:59:54.480,0.93218,0.93224,1.50,1.00
2014.05.06 14:59:55.422,0.93218,0.93223,1.00,1.00
2014.05.06 14:59:55.960,0.93213,0.93219,1.50,1.10
2014.05.06 14:59:56.012,0.93213,0.93217,1.50,1.00
2014.05.06 14:59:57.233,0.93213,0.93219,1.00,1.00
2014.05.06 14:59:57.513,0.93216,0.93222,1.00,1.50
2014.05.06 14:59:58.034,0.93213,0.93221,1.00,1.00
2014.05.06 14:59:58.136,0.93214,0.93221,1.00,1.00
2014.05.06 14:59:58.338,0.93213,0.93217,1.50,1.00
2014.05.06 14:59:58.490,0.93213,0.93219,1.50,1.95
2014.05.06 14:59:58.592,0.93211,0.93219,1.00,1.13
2014.05.06 14:59:58.794,0.93213,0.93219,1.50,1.00
2014.05.06 14:59:59.148,0.93213,0.93217,1.00,1.00
2014.05.06 14:59:59.631,0.93213,0.93219,1.50,1.00
2014.05.06 14:59:59.682,0.93213,0.93221,1.50,2.70
