2013.08.05 03:00:01.033,0.9499,0.95008,1.32,2.37
2013.08.05 03:00:01.576,0.94989,0.95008,1.99,2.29
2013.08.05 03:00:01.992,0.9499,0.95008,1.24,1.62
2013.08.05 03:00:04.322,0.9499,0.95008,1.24,1.62
2013.08.05 03:00:11.705,0.94992,0.9501,1.13,2.44
2013.08.05 03:00:12.543,0.94993,0.9501,1.13,3.80
2013.08.05 03:00:13.042,0.94989,0.9501,1.24,5.90
2013.08.05 03:00:13.822,0.94989,0.95009,1.99,3.05
2013.08.05 03:00:15.605,0.94989,0.95008,1.99,3.05
2013.08.05 03:00:17.695,0.94989,0.95008,1.99,3.05
2013.08.05 03:00:19.129,0.94989,0.95008,1.99,3.05
2013.08.05 03:00:19.594,0.94989,0.95008,1.99,3.05
2013.08.05 03:00:22.013,0.94989,0.95008,1.99,3.05
2013.08.05 03:00:22.373,0.94989,0.95008,1.32,3.05
2013.08.05 03:00:32.802,0.9499,0.95008,1.32,2.29
2013.08.05 03:00:36.532,0.9499,0.95008,1.32,3.04
2013.08.05 03:00:37.665,0.94988,0.95008,2.67,3.04
2013.08.05 03:00:37.903,0.9499,0.95008,1.24,2.29
2013.08.05 03:00:38.725,0.94993,0.95014,1.92,4.92
2013.08.05 03:00:38.963,0.94998,0.95014,1.05,3.19
2013.08.05 03:00:39.323,0.94997,0.95014,1.80,2.44
2013.08.05 03:00:39.383,0.94997,0.95014,1.80,2.44
2013.08.05 03:00:40.183,0.94997,0.95014,1.13,2.44
2013.08.05 03:00:40.254,0.94997,0.95014,1.13,2.44
2013.08.05 03:00:40.804,0.94998,0.95014,1.13,2.44
2013.08.05 03:00:41.513,0.94998,0.95015,1.32,1.54
2013.08.05 03:00:42.015,0.94997,0.95015,1.32,1.62
2013.08.05 03:00:42.072,0.94997,0.95015,1.32,2.29
2013.08.05 03:00:47.982,0.94997,0.95015,2.07,1.43
2013.08.05 03:00:48.522,0.94998,0.95015,1.32,1.54
2013.08.05 03:00:53.053,0.94998,0.95016,1.32,1.62
2013.08.05 03:00:54.173,0.94997,0.95016,1.32,1.69
2013.08.05 03:00:54.603,0.94997,0.95016,1.32,1.62
2013.08.05 03:00:56.074,0.94999,0.95016,1.13,2.37
2013.08.05 03:00:56.613,0.94999,0.95016,1.13,1.69
2013.08.05 03:00:58.793,0.94996,0.95015,1.05,3.12
2013.08.05 03:00:59.313,0.94997,0.95015,1.13,2.37
2013.08.05 03:01:00.463,0.94998,0.95016,1.13,3.04
2013.08.05 03:01:01.643,0.94999,0.95016,1.05,2.37
2013.08.05 03:01:03.998,0.94999,0.95016,1.24,1.62
2013.08.05 03:01:08.144,0.94999,0.95016,1.24,1.62
2013.08.05 03:01:09.793,0.94999,0.95016,1.24,1.62
2013.08.05 03:01:10.005,0.94998,0.95016,1.32,1.43
2013.08.05 03:01:13.512,0.94997,0.95016,2.74,1.62
2013.08.05 03:01:13.753,0.94999,0.95018,1.99,2.10
2013.08.05 03:01:13.932,0.95001,0.9502,1.32,1.54
2013.08.05 03:01:16.663,0.95003,0.9502,1.13,3.72
2013.08.05 03:01:16.723,0.95001,0.9502,1.13,3.04
2013.08.05 03:01:18.953,0.95001,0.9502,1.80,3.05
2013.08.05 03:01:19.013,0.95001,0.9502,3.42,2.29
2013.08.05 03:01:19.453,0.95001,0.9502,3.42,2.29
2013.08.05 03:01:19.813,0.95,0.95019,1.32,5.29
2013.08.05 03:01:20.353,0.95002,0.95019,1.13,4.54
2013.08.05 03:01:20.534,0.95002,0.95017,1.13,3.04
2013.08.05 03:01:20.653,0.95002,0.95017,1.13,3.04
2013.08.05 03:01:21.193,0.95002,0.95018,1.13,1.62
2013.08.05 03:01:21.313,0.94999,0.95018,1.32,2.37
2013.08.05 03:01:21.493,0.94997,0.95017,2.07,5.63
2013.08.05 03:01:21.613,0.94997,0.95016,1.13,3.04
2013.08.05 03:01:22.103,0.94997,0.95015,1.13,3.04
2013.08.05 03:01:22.495,0.94997,0.95015,1.13,3.04
2013.08.05 03:01:23.114,0.94997,0.95015,1.32,2.29
2013.08.05 03:01:27.064,0.94996,0.95015,1.32,2.29
2013.08.05 03:01:28.333,0.94996,0.95015,1.32,2.29
2013.08.05 03:01:28.723,0.94996,0.95015,1.32,2.29
2013.08.05 03:01:28.963,0.94996,0.95014,2.07,3.04
2013.08.05 03:01:32.917,0.94998,0.95015,1.13,1.62
2013.08.05 03:01:34.623,0.94998,0.95015,1.13,1.62
2013.08.05 03:01:35.194,0.94998,0.95015,1.13,1.62
2013.08.05 03:01:35.844,0.94996,0.95015,2.07,1.43
2013.08.05 03:01:40.213,0.94997,0.95015,1.80,2.37
2013.08.05 03:01:45.753,0.94995,0.95014,1.54,3.42
2013.08.05 03:01:45.813,0.94994,0.95014,1.24,3.42
2013.08.05 03:01:45.873,0.94994,0.95014,1.24,3.42
2013.08.05 03:01:45.993,0.94992,0.95013,1.05,4.85
2013.08.05 03:01:46.523,0.9499,0.95011,1.24,3.42
2013.08.05 03:01:47.603,0.9499,0.9501,1.24,3.05
2013.08.05 03:01:47.723,0.9499,0.9501,1.24,3.05
2013.08.05 03:01:48.253,0.94993,0.95011,1.13,1.62
2013.08.05 03:01:49.583,0.94993,0.95011,1.13,1.62
2013.08.05 03:01:53.024,0.94993,0.95011,1.32,1.62
2013.08.05 03:01:53.943,0.94993,0.95011,1.13,3.72
2013.08.05 03:01:54.445,0.94993,0.95011,1.13,1.43
2013.08.05 03:01:55.014,0.94993,0.95011,1.13,1.43
2013.08.05 03:01:56.327,0.94991,0.95011,1.32,1.43
2013.08.05 03:01:56.543,0.94992,0.95011,1.13,2.29
2013.08.05 03:01:57.463,0.94992,0.95011,1.80,1.62
2013.08.05 03:02:03.753,0.94992,0.95011,1.32,1.35
2013.08.05 03:02:11.323,0.94992,0.95011,1.32,1.35
2013.08.05 03:02:13.753,0.94991,0.95011,1.99,3.04
2013.08.05 03:02:14.283,0.94992,0.95009,1.13,3.05
2013.08.05 03:02:14.999,0.94991,0.95009,1.80,1.62
2013.08.05 03:02:15.503,0.94991,0.95009,1.80,1.62
2013.08.05 03:02:19.233,0.94991,0.95009,2.74,1.62
2013.08.05 03:02:19.793,0.94991,0.9501,2.74,1.54
2013.08.05 03:02:21.075,0.94992,0.9501,1.13,2.29
2013.08.05 03:02:21.443,0.94992,0.9501,1.13,3.05
2013.08.05 03:02:21.563,0.9499,0.9501,1.24,4.47
2013.08.05 03:02:21.923,0.94987,0.95008,1.69,5.97
2013.08.05 03:02:22.873,0.94987,0.95006,2.44,3.05
2013.08.05 03:02:23.633,0.94987,0.95006,2.44,3.05
2013.08.05 03:02:24.409,0.94987,0.95006,3.19,1.43
2013.08.05 03:02:26.344,0.94987,0.95006,3.19,1.43
2013.08.05 03:02:27.283,0.94987,0.95006,2.82,1.62
2013.08.05 03:02:27.404,0.94987,0.95005,2.07,3.72
2013.08.05 03:02:27.583,0.9498,0.95002,2.67,5.15
2013.08.05 03:02:27.703,0.94981,0.95,1.32,4.20
2013.08.05 03:02:27.943,0.94978,0.94998,1.32,3.04
2013.08.05 03:02:34.403,0.94979,0.94998,2.37,2.37
2013.08.05 03:02:34.763,0.94981,0.94998,1.13,2.29
2013.08.05 03:02:35.424,0.94981,0.94998,1.13,2.29
2013.08.05 03:02:37.614,0.94981,0.94998,1.13,2.29
2013.08.05 03:02:39.083,0.9498,0.94998,1.32,2.29
2013.08.05 03:02:42.197,0.9498,0.94998,2.07,1.54
2013.08.05 03:02:42.314,0.9498,0.94998,1.32,2.97
2013.08.05 03:02:45.376,0.94981,0.94998,1.32,3.05
2013.08.05 03:02:46.042,0.94981,0.94998,1.32,3.72
2013.08.05 03:02:46.644,0.94978,0.94996,1.13,2.97
2013.08.05 03:02:46.883,0.94977,0.94996,1.32,4.39
2013.08.05 03:02:47.400,0.94977,0.94996,1.32,4.40
2013.08.05 03:02:49.169,0.94975,0.94992,1.32,2.56
2013.08.05 03:02:49.584,0.94973,0.94991,2.44,3.15
2013.08.05 03:02:49.652,0.94971,0.94987,1.13,5.07
2013.08.05 03:02:49.727,0.94966,0.94987,1.32,5.75
2013.08.05 03:02:49.794,0.94966,0.94987,1.13,7.25
2013.08.05 03:02:49.853,0.94965,0.94983,1.13,4.47
2013.08.05 03:02:50.153,0.94962,0.94982,2.29,2.97
2013.08.05 03:02:50.393,0.94961,0.94981,1.69,5.82
2013.08.05 03:02:50.813,0.94961,0.94978,1.69,4.20
2013.08.05 03:02:51.113,0.94958,0.94978,1.69,3.72
2013.08.05 03:02:52.923,0.94958,0.94978,1.39,4.47
2013.08.05 03:02:54.199,0.94958,0.94978,1.39,4.47
2013.08.05 03:02:55.406,0.94958,0.94978,1.39,3.04
2013.08.05 03:02:56.254,0.94958,0.94978,2.14,3.80
2013.08.05 03:02:58.512,0.94958,0.94978,1.39,1.54
2013.08.05 03:02:59.893,0.94962,0.94978,1.13,2.29
2013.08.05 03:03:00.415,0.94962,0.94978,1.13,1.62
2013.08.05 03:03:00.594,0.94964,0.94978,1.50,1.62
2013.08.05 03:03:00.773,0.94966,0.94984,1.13,1.54
2013.08.05 03:03:02.984,0.94968,0.94987,1.05,3.12
2013.08.05 03:03:03.501,0.94969,0.94987,1.13,3.87
2013.08.05 03:03:04.024,0.94969,0.94987,1.13,2.37
2013.08.05 03:03:12.265,0.94968,0.94987,1.43,1.62
2013.08.05 03:03:26.427,0.94969,0.94987,1.32,1.62
2013.08.05 03:03:27.834,0.94969,0.94987,2.07,1.62
2013.08.05 03:03:29.873,0.94969,0.94987,2.07,1.62
2013.08.05 03:03:35.157,0.94969,0.94987,1.32,2.37
2013.08.05 03:03:35.666,0.94969,0.94987,1.32,2.37
2013.08.05 03:03:35.996,0.94967,0.94987,2.07,2.29
2013.08.05 03:03:36.603,0.94969,0.94987,1.32,3.04
2013.08.05 03:03:49.113,0.9497,0.94987,1.13,2.29
2013.08.05 03:03:49.305,0.94969,0.94988,1.50,3.79
2013.08.05 03:03:49.483,0.94969,0.94988,1.32,3.04
2013.08.05 03:03:50.433,0.9497,0.94989,1.92,2.37
2013.08.05 03:03:50.873,0.94972,0.94991,2.67,2.44
2013.08.05 03:03:51.173,0.94974,0.94994,2.29,3.04
2013.08.05 03:03:59.275,0.94974,0.94994,2.67,3.79
2013.08.05 03:04:07.296,0.94974,0.94994,2.67,5.29
2013.08.05 03:04:09.813,0.94974,0.94993,1.80,3.79
2013.08.05 03:04:10.174,0.94973,0.94993,1.92,5.22
2013.08.05 03:04:10.714,0.9497,0.94991,1.62,3.05
2013.08.05 03:04:13.973,0.9497,0.94989,1.62,3.12
2013.08.05 03:04:19.158,0.9497,0.94989,1.43,2.37
2013.08.05 03:04:25.823,0.9497,0.94989,1.99,3.12
2013.08.05 03:04:29.843,0.94972,0.94989,1.13,2.37
2013.08.05 03:04:35.144,0.94969,0.94989,2.59,3.04
2013.08.05 03:04:35.504,0.94969,0.94987,1.24,3.12
2013.08.05 03:04:36.005,0.94967,0.94987,3.49,3.05
2013.08.05 03:04:52.993,0.94967,0.94987,2.07,4.47
2013.08.05 03:04:53.540,0.94967,0.94987,2.07,4.47
2013.08.05 03:05:00.154,0.94969,0.94987,1.50,2.29
2013.08.05 03:05:00.514,0.94969,0.94987,1.69,3.05
2013.08.05 03:05:06.263,0.94971,0.94987,1.13,1.62
2013.08.05 03:05:06.564,0.94977,0.94991,1.13,2.97
2013.08.05 03:05:06.624,0.94977,0.94991,1.13,1.35
2013.08.05 03:05:07.163,0.94974,0.94994,2.29,3.04
2013.08.05 03:05:08.084,0.94973,0.94994,1.62,3.04
2013.08.05 03:05:09.463,0.94974,0.94994,1.69,3.80
2013.08.05 03:05:09.975,0.94974,0.94993,1.50,3.05
2013.08.05 03:05:10.515,0.94974,0.94993,1.69,1.62
2013.08.05 03:05:11.063,0.94974,0.94993,2.37,1.62
2013.08.05 03:05:11.288,0.94974,0.94993,2.37,1.62
2013.08.05 03:05:11.603,0.94976,0.94993,1.13,1.62
2013.08.05 03:05:12.784,0.94976,0.94994,1.13,3.04
2013.08.05 03:05:12.843,0.94976,0.94994,1.32,3.04
2013.08.05 03:05:14.095,0.94978,0.94995,1.13,1.62
2013.08.05 03:05:20.583,0.94979,0.94995,1.13,2.37
2013.08.05 03:05:21.204,0.94979,0.94995,1.13,1.62
2013.08.05 03:05:21.443,0.94977,0.94995,1.47,1.62
2013.08.05 03:05:21.563,0.94977,0.94996,2.59,1.62
2013.08.05 03:05:21.804,0.94981,0.94997,1.32,1.54
2013.08.05 03:05:22.246,0.94981,0.94999,1.32,1.62
2013.08.05 03:05:23.823,0.9498,0.94998,1.24,3.12
2013.08.05 03:05:24.136,0.94977,0.94997,1.32,3.05
2013.08.05 03:05:26.443,0.94978,0.94997,1.32,3.05
2013.08.05 03:05:27.064,0.94981,0.94997,1.13,3.87
2013.08.05 03:05:27.544,0.94975,0.94995,2.10,4.47
2013.08.05 03:05:27.723,0.94973,0.94991,1.99,3.72
2013.08.05 03:05:28.263,0.94971,0.94991,1.99,1.43
2013.08.05 03:05:30.939,0.94973,0.9499,1.13,3.80
2013.08.05 03:05:35.503,0.94971,0.9499,1.13,5.29
2013.08.05 03:05:36.095,0.94972,0.9499,1.32,1.35
2013.08.05 03:05:36.453,0.94972,0.94991,1.32,1.54
2013.08.05 03:05:39.183,0.94976,0.94994,2.07,3.04
2013.08.05 03:05:41.123,0.94976,0.94994,1.32,3.04
2013.08.05 03:05:46.191,0.94976,0.94994,1.13,3.80
2013.08.05 03:05:50.444,0.94976,0.94994,1.13,3.04
2013.08.05 03:05:56.156,0.94976,0.94994,2.07,2.29
2013.08.05 03:05:58.703,0.94976,0.94994,1.13,1.62
2013.08.05 03:06:04.834,0.94975,0.94994,1.24,1.43
2013.08.05 03:06:05.363,0.94975,0.94994,1.24,1.43
2013.08.05 03:06:06.323,0.94975,0.94994,1.05,4.92
2013.08.05 03:06:06.574,0.94973,0.94994,1.05,6.35
2013.08.05 03:06:06.753,0.94971,0.94993,1.32,2.67
2013.08.05 03:06:07.346,0.94971,0.94993,2.07,2.10
2013.08.05 03:06:08.973,0.94972,0.94993,1.32,1.35
2013.08.05 03:06:09.545,0.94975,0.94993,1.05,1.62
2013.08.05 03:06:09.907,0.94976,0.94993,1.32,1.62
2013.08.05 03:06:19.213,0.94976,0.94993,1.32,1.62
2013.08.05 03:06:19.274,0.94977,0.94995,1.32,1.54
2013.08.05 03:06:19.545,0.94977,0.94996,1.99,1.54
2013.08.05 03:06:21.285,0.94978,0.94996,2.07,2.29
2013.08.05 03:06:24.714,0.94978,0.94996,2.07,1.35
2013.08.05 03:06:31.454,0.94978,0.94996,1.32,3.04
2013.08.05 03:06:34.614,0.94977,0.94996,1.17,4.10
2013.08.05 03:06:48.083,0.94976,0.94995,1.32,3.42
2013.08.05 03:07:00.628,0.94976,0.94995,1.32,3.42
2013.08.05 03:07:00.754,0.94976,0.94995,1.32,1.05
2013.08.05 03:07:00.993,0.94976,0.94994,1.32,3.83
2013.08.05 03:07:01.514,0.94979,0.94993,1.13,3.16
2013.08.05 03:07:04.713,0.94978,0.94993,1.13,2.40
2013.08.05 03:07:05.253,0.94976,0.94995,2.07,1.24
2013.08.05 03:07:05.373,0.94976,0.94995,2.07,1.24
2013.08.05 03:07:06.174,0.94977,0.94995,1.13,1.32
2013.08.05 03:07:07.512,0.94978,0.94995,1.13,1.13
2013.08.05 03:07:08.024,0.94976,0.94995,2.82,1.13
2013.08.05 03:07:09.774,0.94976,0.94995,2.82,1.99
2013.08.05 03:07:11.023,0.94975,0.94995,1.99,1.50
2013.08.05 03:07:11.143,0.94975,0.94994,1.32,2.85
2013.08.05 03:07:11.807,0.94975,0.94993,2.07,3.05
2013.08.05 03:07:12.319,0.94974,0.94993,1.32,3.04
2013.08.05 03:07:13.876,0.94976,0.94993,1.32,3.42
2013.08.05 03:07:14.327,0.94975,0.94991,1.32,3.45
2013.08.05 03:07:14.514,0.94968,0.94988,1.43,3.79
2013.08.05 03:07:14.574,0.94966,0.94986,1.62,2.75
2013.08.05 03:07:14.753,0.94965,0.94984,1.13,3.79
2013.08.05 03:07:15.263,0.94966,0.94984,1.50,2.67
2013.08.05 03:07:16.033,0.94966,0.94984,2.07,1.92
2013.08.05 03:07:17.010,0.94966,0.94984,2.07,3.05
2013.08.05 03:07:17.622,0.94966,0.94984,2.07,3.05
2013.08.05 03:07:18.943,0.94966,0.94984,2.07,2.29
2013.08.05 03:07:19.365,0.94966,0.94984,2.07,3.05
2013.08.05 03:07:26.296,0.94965,0.94983,2.07,2.67
2013.08.05 03:07:30.354,0.94966,0.94983,2.07,1.43
2013.08.05 03:07:33.839,0.94966,0.94983,2.07,1.43
2013.08.05 03:07:34.619,0.94967,0.94983,1.13,1.32
2013.08.05 03:07:35.256,0.94967,0.94983,1.32,1.13
2013.08.05 03:07:35.777,0.94971,0.94988,1.80,2.44
2013.08.05 03:07:36.135,0.94971,0.94989,1.99,1.24
2013.08.05 03:07:37.354,0.94971,0.94989,2.74,1.43
2013.08.05 03:07:37.413,0.94973,0.94989,1.13,1.43
2013.08.05 03:07:37.953,0.94973,0.94992,1.43,2.29
2013.08.05 03:07:38.253,0.94971,0.9499,1.32,2.74
2013.08.05 03:07:41.848,0.94971,0.9499,1.32,3.04
2013.08.05 03:07:45.234,0.94971,0.9499,1.13,5.29
2013.08.05 03:07:45.824,0.94969,0.94989,1.99,4.17
2013.08.05 03:07:46.353,0.94968,0.94988,2.07,3.05
2013.08.05 03:07:46.655,0.94964,0.9498,2.10,3.49
2013.08.05 03:07:46.774,0.94958,0.9498,2.37,5.59
2013.08.05 03:07:48.444,0.94957,0.94977,2.37,3.04
2013.08.05 03:07:48.685,0.94955,0.94975,2.07,4.09
2013.08.05 03:07:48.743,0.94955,0.94974,1.13,3.04
2013.08.05 03:07:49.514,0.94953,0.94974,2.07,4.84
2013.08.05 03:07:49.576,0.94951,0.94971,2.07,3.72
2013.08.05 03:07:49.826,0.94948,0.94968,1.13,3.72
2013.08.05 03:07:49.886,0.94948,0.94965,1.13,4.54
2013.08.05 03:07:50.354,0.94948,0.94964,1.50,3.72
2013.08.05 03:07:50.594,0.94947,0.94965,1.43,3.12
2013.08.05 03:07:51.014,0.94949,0.94965,1.13,1.35
2013.08.05 03:07:51.419,0.94951,0.94967,1.88,2.29
2013.08.05 03:07:53.056,0.94951,0.94967,1.50,1.54
2013.08.05 03:07:53.424,0.94951,0.94964,1.50,3.72
2013.08.05 03:07:53.604,0.94947,0.94964,1.50,3.72
2013.08.05 03:07:53.666,0.94946,0.94964,1.50,3.72
2013.08.05 03:07:53.983,0.94946,0.94961,1.50,2.97
2013.08.05 03:07:54.403,0.94944,0.94961,1.32,1.62
2013.08.05 03:07:56.319,0.94943,0.94961,1.13,3.05
2013.08.05 03:07:56.922,0.94942,0.94961,1.32,3.05
2013.08.05 03:07:57.474,0.94943,0.94961,1.50,3.04
2013.08.05 03:07:58.028,0.94941,0.94961,1.69,3.05
2013.08.05 03:07:58.204,0.94938,0.9496,3.04,4.17
2013.08.05 03:07:58.325,0.94938,0.94959,1.62,3.80
2013.08.05 03:07:58.648,0.94939,0.94959,1.62,3.80
2013.08.05 03:07:59.183,0.94939,0.94959,1.62,3.80
2013.08.05 03:07:59.694,0.94941,0.94959,1.43,3.12
2013.08.05 03:08:01.423,0.94942,0.94959,1.69,2.37
2013.08.05 03:08:03.255,0.94943,0.94962,1.05,3.12
2013.08.05 03:08:03.315,0.94943,0.94962,1.80,1.62
2013.08.05 03:08:03.494,0.94947,0.94964,2.07,1.35
2013.08.05 03:08:03.734,0.94949,0.94968,1.24,1.62
2013.08.05 03:08:03.794,0.9495,0.94968,1.05,1.62
2013.08.05 03:08:04.156,0.94955,0.9497,1.13,1.54
2013.08.05 03:08:04.934,0.9495,0.9497,1.99,1.43
2013.08.05 03:08:05.473,0.94951,0.9497,1.24,1.50
2013.08.05 03:08:05.984,0.94949,0.9497,1.24,3.79
2013.08.05 03:08:06.075,0.94951,0.9497,1.32,3.79
2013.08.05 03:08:06.383,0.94952,0.94968,1.13,2.74
2013.08.05 03:08:06.624,0.94939,0.94958,1.32,2.78
2013.08.05 03:08:06.684,0.94937,0.94958,1.62,5.22
2013.08.05 03:08:07.665,0.94934,0.94954,1.62,3.68
2013.08.05 03:08:08.003,0.94935,0.94954,1.32,2.25
2013.08.05 03:08:08.754,0.94936,0.94951,1.13,3.60
2013.08.05 03:08:09.285,0.94932,0.94951,1.62,3.79
2013.08.05 03:08:10.004,0.94931,0.9495,1.17,3.80
2013.08.05 03:08:10.064,0.94929,0.9495,1.47,4.85
2013.08.05 03:08:10.124,0.94929,0.94948,1.28,1.69
2013.08.05 03:08:10.184,0.94927,0.94948,2.55,3.12
2013.08.05 03:08:10.244,0.94927,0.94945,1.13,3.04
2013.08.05 03:08:12.303,0.94923,0.94945,1.99,6.65
2013.08.05 03:08:12.363,0.94923,0.94941,1.13,3.80
2013.08.05 03:08:12.979,0.94923,0.94941,1.13,3.79
2013.08.05 03:08:16.737,0.94923,0.94938,1.13,3.87
2013.08.05 03:08:16.975,0.94918,0.94938,1.24,3.87
2013.08.05 03:08:17.096,0.94918,0.94938,1.80,4.43
2013.08.05 03:08:17.455,0.94924,0.94936,1.13,3.12
2013.08.05 03:08:17.874,0.94927,0.94937,1.88,1.35
2013.08.05 03:08:18.377,0.94927,0.94937,1.88,1.35
2013.08.05 03:08:18.794,0.94927,0.94939,1.88,2.29
2013.08.05 03:08:19.153,0.94933,0.94943,1.13,2.29
2013.08.05 03:08:19.274,0.94931,0.94945,1.13,2.44
2013.08.05 03:08:19.806,0.9493,0.94945,1.05,2.44
2013.08.05 03:08:19.944,0.94932,0.94945,1.80,2.44
2013.08.05 03:08:20.004,0.94932,0.9495,1.43,3.12
2013.08.05 03:08:20.184,0.94931,0.94949,1.43,5.67
2013.08.05 03:08:20.243,0.9493,0.94949,1.62,5.67
2013.08.05 03:08:20.304,0.94929,0.94946,2.18,3.87
2013.08.05 03:08:20.714,0.94926,0.94945,3.30,4.54
2013.08.05 03:08:22.714,0.94927,0.94944,1.50,3.87
2013.08.05 03:08:23.678,0.94927,0.94944,1.50,3.19
2013.08.05 03:08:24.094,0.9493,0.94944,1.50,2.44
2013.08.05 03:08:24.214,0.94927,0.94944,1.80,2.44
2013.08.05 03:08:24.453,0.94927,0.94943,1.13,3.19
2013.08.05 03:08:26.813,0.94927,0.94943,1.88,2.44
2013.08.05 03:08:26.993,0.94923,0.94943,1.32,2.29
2013.08.05 03:08:27.054,0.94922,0.94943,1.62,1.54
2013.08.05 03:08:27.413,0.94921,0.9494,4.28,3.79
2013.08.05 03:08:27.714,0.94924,0.9494,1.35,2.44
2013.08.05 03:08:28.194,0.94926,0.9494,1.43,2.25
2013.08.05 03:08:28.254,0.94926,0.94941,1.43,1.69
2013.08.05 03:08:28.374,0.94928,0.94941,1.35,1.69
2013.08.05 03:08:28.734,0.94929,0.94942,1.43,2.44
2013.08.05 03:08:29.274,0.94929,0.94943,1.43,2.44
2013.08.05 03:08:29.813,0.94929,0.94943,2.10,2.44
2013.08.05 03:08:30.144,0.94929,0.94947,2.29,2.44
2013.08.05 03:08:30.204,0.9493,0.94947,1.43,2.44
2013.08.05 03:08:30.508,0.94934,0.94947,1.43,2.44
2013.08.05 03:08:30.745,0.94938,0.94957,2.10,2.44
2013.08.05 03:08:30.876,0.94942,0.9496,1.50,4.54
2013.08.05 03:08:31.684,0.94938,0.94959,1.43,4.55
2013.08.05 03:08:31.747,0.94938,0.94959,1.43,4.55
2013.08.05 03:08:34.194,0.94938,0.94959,2.18,4.92
2013.08.05 03:08:35.315,0.94938,0.94959,2.18,4.92
2013.08.05 03:08:35.861,0.94938,0.94956,2.18,3.87
2013.08.05 03:08:38.565,0.94938,0.94956,1.43,3.87
2013.08.05 03:08:38.624,0.94938,0.94956,1.43,5.29
2013.08.05 03:08:39.334,0.94932,0.94951,2.07,3.79
2013.08.05 03:08:39.883,0.94932,0.94951,1.69,5.22
2013.08.05 03:08:40.064,0.94932,0.94951,2.29,2.44
2013.08.05 03:08:40.569,0.94932,0.94952,3.04,3.04
2013.08.05 03:08:44.223,0.94935,0.94952,2.10,1.69
2013.08.05 03:08:44.663,0.94936,0.94953,1.43,1.62
2013.08.05 03:08:46.436,0.94932,0.94952,2.10,4.17
2013.08.05 03:08:46.556,0.94932,0.94948,1.43,3.80
2013.08.05 03:08:46.916,0.94927,0.94943,1.50,3.80
2013.08.05 03:08:47.423,0.94927,0.94943,1.50,5.22
2013.08.05 03:08:49.514,0.94927,0.94943,1.50,4.54
2013.08.05 03:08:49.993,0.94925,0.94943,2.18,1.62
2013.08.05 03:08:50.533,0.94925,0.94943,2.18,1.62
2013.08.05 03:08:50.995,0.94923,0.94941,1.80,3.87
2013.08.05 03:08:51.834,0.94922,0.9494,1.05,3.79
2013.08.05 03:08:51.894,0.9492,0.9494,1.99,4.85
2013.08.05 03:08:52.014,0.94918,0.94936,1.13,3.79
2013.08.05 03:08:52.648,0.94921,0.94936,1.13,2.44
2013.08.05 03:08:52.956,0.94925,0.94937,1.13,1.69
2013.08.05 03:08:53.475,0.94922,0.94938,1.50,1.69
2013.08.05 03:08:53.623,0.94922,0.94938,1.50,1.69
2013.08.05 03:08:54.154,0.94921,0.94939,1.88,1.62
2013.08.05 03:08:59.624,0.94921,0.94939,1.13,3.12
2013.08.05 03:08:59.744,0.94919,0.94938,1.13,4.55
2013.08.05 03:09:00.055,0.9492,0.94937,1.13,3.79
2013.08.05 03:09:00.293,0.94919,0.94937,1.13,3.79
2013.08.05 03:09:00.814,0.94919,0.94937,1.13,4.54
2013.08.05 03:09:00.934,0.94918,0.94937,1.13,3.79
2013.08.05 03:09:01.875,0.94913,0.94935,1.99,4.55
2013.08.05 03:09:01.995,0.94913,0.94933,1.62,4.62
2013.08.05 03:09:02.175,0.94913,0.94932,1.24,3.12
2013.08.05 03:09:02.355,0.94914,0.94931,1.13,3.72
2013.08.05 03:09:02.715,0.94922,0.94932,1.88,3.12
2013.08.05 03:09:02.774,0.94922,0.94934,1.88,1.62
2013.08.05 03:09:03.135,0.94922,0.94935,1.50,1.69
2013.08.05 03:09:03.315,0.94923,0.94936,1.43,2.44
2013.08.05 03:09:03.374,0.94924,0.94943,1.43,1.62
2013.08.05 03:09:03.434,0.94922,0.94943,1.99,2.29
2013.08.05 03:09:04.629,0.94924,0.94943,1.50,2.29
2013.08.05 03:09:07.093,0.94924,0.94943,1.50,3.04
2013.08.05 03:09:10.073,0.94924,0.94942,1.50,3.04
2013.08.05 03:09:10.253,0.94924,0.94942,1.50,3.04
2013.08.05 03:09:14.025,0.94924,0.94942,1.50,3.04
2013.08.05 03:09:16.402,0.94924,0.94942,1.50,3.04
2013.08.05 03:09:18.844,0.94927,0.94942,1.43,1.69
2013.08.05 03:09:18.966,0.94927,0.94944,1.43,1.69
2013.08.05 03:09:20.363,0.94927,0.94944,2.18,3.19
2013.08.05 03:09:21.394,0.9493,0.94944,1.13,1.62
2013.08.05 03:09:21.744,0.94929,0.94945,1.88,1.69
2013.08.05 03:09:22.624,0.94929,0.94945,1.88,1.69
2013.08.05 03:09:22.836,0.94929,0.94946,1.88,1.62
2013.08.05 03:09:23.576,0.94929,0.94946,1.88,1.62
2013.08.05 03:09:26.546,0.94929,0.94946,1.88,1.62
2013.08.05 03:09:27.686,0.94929,0.94948,1.32,1.54
2013.08.05 03:09:27.806,0.94929,0.94948,1.32,1.54
2013.08.05 03:09:28.165,0.94933,0.9495,1.13,1.62
2013.08.05 03:09:28.224,0.94932,0.94951,2.82,1.35
2013.08.05 03:09:28.285,0.94933,0.94953,1.62,1.35
2013.08.05 03:09:28.346,0.94933,0.94953,2.29,1.43
2013.08.05 03:09:28.524,0.94933,0.94952,2.10,3.04
2013.08.05 03:09:29.584,0.9493,0.94949,1.62,3.05
2013.08.05 03:09:30.485,0.94934,0.94949,1.13,1.43
2013.08.05 03:09:30.784,0.94937,0.94951,1.88,2.29
2013.08.05 03:09:30.846,0.94937,0.94951,1.88,1.62
2013.08.05 03:09:30.904,0.94937,0.94952,2.25,1.54
2013.08.05 03:09:30.966,0.94937,0.94952,1.88,1.54
2013.08.05 03:09:31.145,0.94937,0.94955,1.88,2.29
2013.08.05 03:09:31.264,0.94936,0.94955,2.25,2.29
2013.08.05 03:09:31.663,0.94936,0.94955,1.88,3.42
2013.08.05 03:09:31.855,0.94936,0.94955,1.88,3.42
2013.08.05 03:09:33.413,0.94936,0.94955,1.50,2.67
2013.08.05 03:09:33.533,0.94935,0.94953,1.69,2.97
2013.08.05 03:09:33.654,0.94934,0.94953,1.32,5.14
2013.08.05 03:09:33.994,0.9493,0.9495,1.69,4.47
2013.08.05 03:09:34.775,0.9493,0.9495,1.69,4.47
2013.08.05 03:09:38.033,0.94931,0.9495,1.50,2.29
2013.08.05 03:09:40.234,0.94936,0.9495,1.13,2.29
2013.08.05 03:09:40.294,0.94936,0.9495,1.88,1.35
2013.08.05 03:09:40.833,0.94936,0.94953,1.88,1.62
2013.08.05 03:09:41.345,0.94936,0.94953,2.07,1.62
2013.08.05 03:09:51.903,0.94936,0.94953,3.00,1.62
2013.08.05 03:09:52.954,0.94936,0.94953,3.00,1.62
2013.08.05 03:09:53.544,0.94938,0.94955,1.13,1.69
2013.08.05 03:09:58.464,0.94942,0.94955,1.50,1.69
2013.08.05 03:09:58.765,0.94952,0.94962,1.50,1.35
2013.08.05 03:09:58.944,0.94952,0.94963,1.50,1.43
2013.08.05 03:09:59.165,0.9495,0.94963,1.43,1.43
2013.08.05 03:09:59.343,0.94949,0.94964,1.32,1.35
2013.08.05 03:09:59.867,0.94949,0.94965,1.32,1.35
2013.08.05 03:09:59.985,0.94947,0.94965,1.50,3.05
2013.08.05 03:10:00.224,0.94945,0.94965,1.13,2.29
2013.08.05 03:10:00.344,0.94945,0.94965,1.13,2.29
2013.08.05 03:10:00.584,0.94946,0.94965,1.50,2.29
2013.08.05 03:10:02.265,0.9495,0.94968,1.50,1.62
2013.08.05 03:10:03.255,0.94949,0.94968,1.50,1.62
2013.08.05 03:10:03.374,0.94948,0.94967,1.43,3.87
2013.08.05 03:10:04.100,0.94946,0.94965,1.69,3.72
2013.08.05 03:10:04.834,0.94946,0.94964,1.69,3.05
2013.08.05 03:10:07.474,0.94946,0.94963,1.50,4.55
2013.08.05 03:10:07.658,0.94945,0.94963,1.13,4.55
2013.08.05 03:10:07.778,0.94946,0.94963,2.29,4.55
2013.08.05 03:10:07.834,0.94952,0.94966,1.13,1.54
2013.08.05 03:10:07.894,0.94953,0.94966,1.13,1.54
2013.08.05 03:10:08.022,0.94952,0.94966,1.88,1.54
2013.08.05 03:10:08.324,0.94947,0.94966,2.44,1.43
2013.08.05 03:10:08.844,0.94947,0.94966,1.69,1.35
2013.08.05 03:10:09.225,0.94947,0.94964,1.50,3.05
2013.08.05 03:10:11.975,0.94947,0.94964,1.50,3.05
2013.08.05 03:10:17.104,0.94947,0.94962,1.50,3.05
2013.08.05 03:10:17.164,0.94947,0.94962,1.50,4.54
2013.08.05 03:10:17.224,0.94945,0.94962,1.50,4.54
2013.08.05 03:10:17.284,0.94942,0.94961,1.43,5.22
2013.08.05 03:10:17.824,0.94937,0.94958,1.69,4.39
2013.08.05 03:10:17.883,0.94937,0.94958,1.69,4.39
2013.08.05 03:10:18.384,0.94936,0.94956,2.74,3.80
2013.08.05 03:10:18.444,0.94936,0.94956,2.74,3.80
2013.08.05 03:10:20.094,0.94936,0.94955,1.69,3.04
2013.08.05 03:10:20.214,0.94936,0.94953,1.50,3.72
2013.08.05 03:10:21.575,0.94932,0.94952,1.88,3.05
2013.08.05 03:10:22.974,0.94931,0.9495,1.88,3.04
2013.08.05 03:10:23.734,0.94933,0.9495,1.50,1.69
2013.08.05 03:10:28.227,0.94936,0.94951,1.50,1.62
2013.08.05 03:10:28.774,0.9494,0.94952,1.50,1.62
2013.08.05 03:10:29.537,0.94936,0.94954,2.07,1.35
2013.08.05 03:10:30.094,0.94936,0.94956,2.74,1.54
2013.08.05 03:10:30.635,0.94938,0.94956,1.62,1.62
2013.08.05 03:10:32.766,0.94938,0.94956,1.43,2.37
2013.08.05 03:10:34.464,0.94938,0.94956,1.43,2.37
2013.08.05 03:10:34.824,0.94936,0.94955,1.62,3.42
2013.08.05 03:10:35.005,0.94932,0.94953,2.29,4.92
2013.08.05 03:10:35.824,0.94932,0.94953,1.32,4.55
2013.08.05 03:10:36.364,0.94936,0.94953,1.50,3.19
2013.08.05 03:10:36.728,0.94931,0.94951,2.18,4.35
2013.08.05 03:10:36.844,0.94931,0.94951,2.18,4.35
2013.08.05 03:10:37.854,0.94931,0.94948,1.50,4.36
2013.08.05 03:10:38.818,0.94931,0.94947,1.50,3.12
2013.08.05 03:10:41.635,0.94931,0.94947,1.50,3.12
2013.08.05 03:10:42.937,0.94931,0.94947,1.50,2.37
2013.08.05 03:10:44.294,0.94931,0.94947,1.50,1.62
2013.08.05 03:10:46.354,0.94931,0.94948,1.50,1.69
2013.08.05 03:10:46.854,0.94927,0.94948,1.69,2.29
2013.08.05 03:10:46.974,0.94926,0.94946,3.04,3.04
2013.08.05 03:10:49.975,0.94926,0.94946,3.04,4.54
2013.08.05 03:10:58.044,0.94927,0.94946,1.32,4.54
2013.08.05 03:10:58.174,0.94927,0.94946,1.32,2.29
2013.08.05 03:10:58.368,0.94933,0.94949,1.13,2.37
2013.08.05 03:10:58.544,0.94936,0.94952,1.13,1.54
2013.08.05 03:10:58.604,0.94935,0.94952,1.69,1.54
2013.08.05 03:10:59.136,0.94938,0.94954,1.43,1.69
2013.08.05 03:10:59.684,0.94936,0.94954,1.43,2.44
2013.08.05 03:10:59.804,0.94937,0.94956,1.43,2.37
2013.08.05 03:11:07.944,0.94937,0.94956,1.62,2.37
2013.08.05 03:11:08.004,0.94938,0.94956,1.69,1.62
2013.08.05 03:11:08.135,0.94941,0.94959,1.43,2.37
2013.08.05 03:11:08.614,0.94942,0.94959,1.13,2.37
2013.08.05 03:11:08.794,0.94944,0.94962,1.32,1.54
2013.08.05 03:11:09.924,0.94944,0.94962,1.32,1.43
2013.08.05 03:11:10.650,0.94944,0.94962,1.32,1.54
2013.08.05 03:11:11.404,0.94945,0.94962,1.69,1.62
2013.08.05 03:11:11.964,0.94944,0.94962,1.32,2.29
2013.08.05 03:11:13.325,0.94943,0.94961,1.69,3.04
2013.08.05 03:11:13.504,0.94941,0.94961,2.29,3.04
2013.08.05 03:11:13.624,0.94939,0.94959,1.62,3.80
2013.08.05 03:11:14.576,0.94939,0.94959,1.43,5.30
2013.08.05 03:11:18.684,0.94939,0.94958,1.43,4.62
2013.08.05 03:11:22.334,0.94939,0.94957,1.62,3.87
2013.08.05 03:11:24.235,0.94939,0.94957,1.62,2.37
2013.08.05 03:11:24.878,0.94939,0.94957,2.37,2.37
2013.08.05 03:11:37.176,0.94939,0.94957,2.18,1.69
2013.08.05 03:11:41.715,0.94942,0.94957,1.50,1.43
2013.08.05 03:11:41.837,0.94943,0.94959,1.13,1.62
2013.08.05 03:11:42.136,0.94944,0.94959,1.13,1.62
2013.08.05 03:11:44.246,0.94943,0.94961,2.37,2.37
2013.08.05 03:11:45.079,0.9494,0.9496,1.69,3.79
2013.08.05 03:11:45.741,0.9494,0.94958,2.44,3.05
2013.08.05 03:11:47.264,0.9494,0.94958,1.50,3.80
2013.08.05 03:11:50.644,0.9494,0.94958,1.69,3.80
2013.08.05 03:11:51.574,0.94938,0.94958,1.32,5.22
2013.08.05 03:11:52.180,0.94939,0.94958,1.32,5.90
2013.08.05 03:11:53.494,0.94942,0.94958,1.50,3.05
2013.08.05 03:11:53.554,0.94942,0.94958,1.88,1.54
2013.08.05 03:11:53.794,0.94939,0.94958,1.32,1.35
2013.08.05 03:11:53.854,0.94939,0.94959,2.67,2.67
2013.08.05 03:11:53.974,0.94939,0.94959,1.62,1.54
2013.08.05 03:11:54.334,0.94938,0.94955,1.69,3.90
2013.08.05 03:11:54.705,0.94934,0.94954,1.32,4.39
2013.08.05 03:11:54.764,0.94933,0.94954,1.32,4.39
2013.08.05 03:11:54.884,0.9493,0.94952,3.04,4.47
2013.08.05 03:11:55.504,0.9493,0.94951,1.69,4.39
2013.08.05 03:11:56.565,0.9493,0.94949,1.69,3.05
2013.08.05 03:11:57.275,0.94928,0.94949,1.69,2.29
2013.08.05 03:11:57.804,0.9493,0.94949,1.69,2.29
2013.08.05 03:11:57.994,0.9493,0.94949,1.69,3.72
2013.08.05 03:11:59.304,0.94928,0.94948,1.69,4.54
2013.08.05 03:11:59.364,0.94926,0.94948,3.49,4.55
2013.08.05 03:11:59.724,0.94926,0.94946,1.69,5.52
2013.08.05 03:12:00.314,0.94926,0.94946,1.69,2.29
2013.08.05 03:12:02.286,0.94925,0.94944,2.44,4.54
2013.08.05 03:12:04.225,0.94925,0.94944,2.44,3.04
2013.08.05 03:12:06.835,0.94925,0.94944,2.82,4.54
2013.08.05 03:12:07.234,0.94927,0.94944,1.35,3.19
2013.08.05 03:12:07.294,0.94928,0.94947,1.62,1.54
2013.08.05 03:12:07.594,0.94932,0.94947,1.43,1.54
2013.08.05 03:12:07.714,0.94934,0.94952,1.62,1.62
2013.08.05 03:12:08.097,0.94936,0.94952,1.43,2.37
2013.08.05 03:12:08.457,0.94931,0.94948,1.50,3.94
2013.08.05 03:12:09.446,0.94933,0.94948,1.13,3.94
2013.08.05 03:12:18.277,0.94937,0.94948,1.13,2.44
2013.08.05 03:12:18.515,0.94937,0.94948,1.13,2.44
2013.08.05 03:12:19.478,0.94937,0.94948,1.13,1.69
2013.08.05 03:12:22.674,0.94936,0.94948,1.13,1.69
2013.08.05 03:12:23.283,0.94936,0.94948,1.13,2.25
2013.08.05 03:12:24.244,0.94934,0.94948,1.35,2.25
2013.08.05 03:12:24.424,0.94929,0.94947,1.92,3.68
2013.08.05 03:12:24.784,0.94926,0.94946,2.48,3.79
2013.08.05 03:12:25.085,0.94934,0.94946,1.13,2.10
2013.08.05 03:12:25.390,0.94936,0.94946,1.13,1.35
2013.08.05 03:12:25.635,0.94936,0.94946,1.13,1.43
2013.08.05 03:12:26.714,0.94933,0.94947,1.13,1.62
2013.08.05 03:12:26.954,0.9493,0.94947,1.13,1.62
2013.08.05 03:12:27.014,0.9493,0.94946,1.13,3.04
2013.08.05 03:12:27.074,0.94929,0.94945,1.13,2.86
2013.08.05 03:12:27.134,0.94924,0.94944,1.92,2.48
2013.08.05 03:12:27.195,0.94924,0.94943,1.54,3.50
2013.08.05 03:12:27.374,0.94922,0.94939,1.13,4.36
2013.08.05 03:12:27.884,0.94922,0.94938,1.13,3.68
2013.08.05 03:12:27.944,0.94921,0.94938,1.32,3.68
2013.08.05 03:12:28.004,0.94921,0.94936,1.13,3.79
2013.08.05 03:12:29.104,0.94923,0.94936,1.88,1.69
2013.08.05 03:12:29.694,0.94924,0.94936,1.88,1.69
2013.08.05 03:12:30.246,0.94924,0.94936,1.13,1.69
2013.08.05 03:12:30.335,0.94923,0.94936,1.13,1.69
2013.08.05 03:12:31.809,0.94923,0.94937,1.80,2.44
2013.08.05 03:12:32.594,0.94924,0.94937,1.43,2.44
2013.08.05 03:12:33.616,0.94924,0.94937,1.80,2.44
2013.08.05 03:12:34.024,0.94926,0.94937,1.50,2.44
2013.08.05 03:12:34.265,0.94929,0.9494,1.35,2.44
2013.08.05 03:12:34.325,0.94928,0.9494,1.05,2.44
2013.08.05 03:12:34.384,0.94928,0.94946,1.80,3.87
2013.08.05 03:12:34.684,0.94927,0.94946,1.43,4.55
2013.08.05 03:12:34.804,0.94927,0.94946,1.43,4.55
2013.08.05 03:12:34.924,0.94927,0.94946,2.93,4.54
2013.08.05 03:12:38.784,0.94931,0.94946,1.13,3.04
2013.08.05 03:12:39.186,0.94931,0.94946,1.13,1.69
2013.08.05 03:12:41.964,0.94932,0.94948,1.13,2.37
2013.08.05 03:12:43.235,0.94933,0.94948,1.13,3.12
2013.08.05 03:12:43.594,0.94935,0.94951,1.13,3.12
2013.08.05 03:12:44.567,0.94935,0.94951,1.13,2.37
2013.08.05 03:12:51.674,0.94937,0.94951,1.13,1.62
2013.08.05 03:12:51.854,0.94937,0.94951,1.13,1.62
2013.08.05 03:12:54.154,0.94935,0.94951,1.13,1.62
2013.08.05 03:12:54.674,0.94933,0.94951,2.55,1.62
2013.08.05 03:12:55.415,0.94933,0.94951,1.80,1.50
2013.08.05 03:12:55.974,0.94933,0.94951,1.13,4.66
2013.08.05 03:12:56.034,0.9493,0.9495,1.24,4.55
2013.08.05 03:12:56.094,0.94928,0.9495,3.49,5.22
2013.08.05 03:12:56.574,0.94931,0.94947,1.13,4.47
2013.08.05 03:12:57.344,0.94927,0.94946,1.32,3.72
2013.08.05 03:12:57.764,0.94927,0.94944,1.13,5.29
2013.08.05 03:12:57.824,0.94924,0.94944,1.13,5.29
2013.08.05 03:12:57.884,0.94924,0.94944,1.13,5.29
2013.08.05 03:12:58.064,0.94924,0.94944,1.13,5.29
2013.08.05 03:12:58.424,0.94925,0.94941,1.13,4.62
2013.08.05 03:12:58.545,0.94922,0.94939,1.13,3.87
2013.08.05 03:12:59.084,0.94923,0.94939,1.13,4.55
2013.08.05 03:12:59.384,0.94924,0.94939,1.13,4.62
2013.08.05 03:12:59.755,0.94924,0.94939,1.13,3.19
2013.08.05 03:12:59.935,0.94923,0.94939,1.13,3.19
2013.08.05 03:13:00.054,0.94924,0.94939,1.13,3.94
2013.08.05 03:13:00.174,0.9493,0.94939,1.13,1.43
2013.08.05 03:13:00.504,0.9493,0.94944,1.13,2.44
2013.08.05 03:13:01.024,0.9493,0.94944,1.13,2.44
2013.08.05 03:13:01.474,0.94932,0.94946,1.13,1.62
2013.08.05 03:13:01.594,0.94933,0.94948,1.13,4.24
2013.08.05 03:13:01.714,0.94933,0.94948,1.13,1.62
2013.08.05 03:13:01.834,0.94935,0.94948,1.13,1.62
2013.08.05 03:13:02.316,0.94936,0.94951,1.13,2.44
2013.08.05 03:13:02.434,0.94937,0.94952,1.13,1.62
2013.08.05 03:13:02.946,0.94936,0.94953,1.05,1.69
2013.08.05 03:13:04.045,0.94936,0.94953,1.05,1.69
2013.08.05 03:13:04.714,0.94933,0.94953,1.24,4.17
2013.08.05 03:13:05.034,0.94933,0.9495,1.32,3.04
2013.08.05 03:13:05.574,0.94934,0.94952,1.88,1.69
2013.08.05 03:13:05.894,0.94934,0.94952,1.88,1.69
2013.08.05 03:13:06.074,0.94931,0.9495,1.99,4.47
2013.08.05 03:13:06.604,0.94932,0.94949,1.13,3.79
2013.08.05 03:13:06.904,0.94927,0.94946,1.32,4.54
2013.08.05 03:13:07.085,0.94926,0.94944,1.32,3.05
2013.08.05 03:13:07.564,0.94927,0.94944,1.32,1.54
2013.08.05 03:13:07.625,0.94929,0.94944,1.13,3.04
2013.08.05 03:13:08.104,0.9493,0.94945,1.13,2.29
2013.08.05 03:13:09.124,0.94928,0.94945,1.13,2.29
2013.08.05 03:13:10.194,0.94926,0.94944,1.13,4.47
2013.08.05 03:13:11.574,0.94925,0.94942,1.13,3.05
2013.08.05 03:13:11.634,0.94922,0.94942,2.37,3.05
2013.08.05 03:13:11.814,0.94924,0.9494,1.13,3.72
2013.08.05 03:13:12.528,0.94924,0.9494,1.13,3.05
2013.08.05 03:13:14.226,0.94924,0.94939,1.13,4.69
2013.08.05 03:13:14.346,0.94925,0.94939,1.13,4.69
2013.08.05 03:13:14.404,0.94923,0.94939,1.13,5.07
2013.08.05 03:13:14.584,0.94921,0.94938,1.13,3.05
2013.08.05 03:13:15.286,0.94921,0.94938,1.13,3.80
2013.08.05 03:13:15.934,0.94922,0.94938,1.88,3.05
2013.08.05 03:13:16.234,0.94922,0.94938,2.07,1.54
2013.08.05 03:13:16.830,0.94922,0.9494,1.99,2.37
2013.08.05 03:13:17.434,0.9492,0.94939,1.50,4.35
2013.08.05 03:13:18.163,0.94921,0.94939,1.13,4.35
2013.08.05 03:13:18.445,0.94921,0.94938,1.13,3.19
2013.08.05 03:13:19.814,0.94921,0.94938,1.13,1.69
2013.08.05 03:13:20.344,0.94923,0.94938,1.05,2.44
2013.08.05 03:13:20.876,0.94924,0.94938,1.80,1.69
2013.08.05 03:13:20.939,0.94924,0.94938,1.80,3.00
2013.08.05 03:13:23.154,0.94924,0.94939,1.05,1.69
2013.08.05 03:13:23.648,0.94925,0.94939,1.73,1.69
2013.08.05 03:13:24.105,0.94925,0.9494,1.92,2.44
2013.08.05 03:13:24.615,0.94926,0.9494,2.40,2.44
2013.08.05 03:13:24.985,0.9493,0.9494,1.35,2.44
2013.08.05 03:13:25.044,0.9493,0.94944,1.35,1.69
2013.08.05 03:13:25.164,0.94929,0.94945,1.54,2.44
2013.08.05 03:13:26.043,0.94928,0.94945,1.92,1.69
2013.08.05 03:13:26.344,0.94927,0.94944,1.13,4.62
2013.08.05 03:13:27.494,0.94925,0.94943,2.67,3.19
2013.08.05 03:13:28.615,0.94925,0.94943,2.48,2.44
2013.08.05 03:13:30.715,0.94925,0.94943,1.73,1.69
2013.08.05 03:13:31.075,0.94929,0.94946,1.65,2.44
2013.08.05 03:13:31.436,0.94929,0.94945,1.05,3.12
2013.08.05 03:13:31.495,0.94927,0.94945,1.32,3.12
2013.08.05 03:13:31.944,0.94929,0.94945,1.35,1.69
2013.08.05 03:13:32.364,0.94927,0.94945,2.67,2.44
2013.08.05 03:13:34.153,0.94927,0.94945,2.67,3.12
2013.08.05 03:13:36.325,0.94928,0.94945,1.05,1.69
2013.08.05 03:13:36.505,0.94928,0.94945,1.73,1.69
2013.08.05 03:13:36.566,0.94929,0.94945,1.35,1.69
2013.08.05 03:13:36.685,0.9493,0.94948,1.24,1.62
2013.08.05 03:13:36.866,0.9493,0.94949,1.24,1.69
2013.08.05 03:13:37.105,0.9493,0.94949,1.92,1.69
2013.08.05 03:13:37.965,0.9493,0.94949,2.29,1.69
2013.08.05 03:13:38.524,0.9493,0.94949,1.35,1.69
2013.08.05 03:13:38.765,0.9493,0.94949,2.48,1.69
2013.08.05 03:13:40.385,0.9493,0.94949,1.92,1.69
2013.08.05 03:13:43.297,0.94929,0.94949,1.99,3.05
2013.08.05 03:13:43.535,0.94931,0.94949,1.62,1.62
2013.08.05 03:13:48.744,0.94931,0.9495,1.69,3.04
2013.08.05 03:13:51.586,0.94932,0.9495,1.62,1.69
2013.08.05 03:13:52.124,0.9493,0.94949,1.62,3.05
2013.08.05 03:13:54.143,0.94928,0.94947,1.62,3.12
2013.08.05 03:13:56.225,0.94928,0.94946,1.43,4.62
2013.08.05 03:13:56.584,0.94925,0.94945,1.43,3.12
2013.08.05 03:14:00.234,0.94924,0.94945,1.54,5.30
2013.08.05 03:14:06.205,0.94925,0.94944,1.43,6.05
2013.08.05 03:14:06.756,0.94922,0.94942,2.37,3.12
2013.08.05 03:14:07.754,0.94924,0.94942,1.62,2.44
2013.08.05 03:14:08.212,0.94924,0.94942,1.43,1.69
2013.08.05 03:14:08.655,0.94923,0.94942,2.29,1.69
2013.08.05 03:14:08.714,0.94925,0.94942,1.35,1.69
2013.08.05 03:14:08.835,0.94927,0.94945,1.54,2.37
2013.08.05 03:14:09.014,0.94929,0.94945,1.35,1.69
2013.08.05 03:14:09.195,0.94931,0.9495,2.22,1.62
2013.08.05 03:14:09.734,0.94933,0.94951,1.35,1.69
2013.08.05 03:14:10.256,0.94931,0.94951,1.92,2.37
2013.08.05 03:14:10.874,0.94931,0.94951,1.54,3.12
2013.08.05 03:14:11.474,0.94931,0.94951,3.04,2.37
2013.08.05 03:14:11.845,0.94933,0.94951,1.62,3.12
2013.08.05 03:14:13.516,0.94933,0.94951,1.62,1.62
2013.08.05 03:14:14.019,0.94935,0.94952,1.62,1.69
2013.08.05 03:14:17.406,0.94935,0.94952,1.32,1.69
2013.08.05 03:14:17.744,0.94931,0.94952,3.72,2.10
2013.08.05 03:14:17.864,0.94931,0.94952,2.74,2.10
2013.08.05 03:14:18.944,0.94933,0.94952,1.69,2.18
2013.08.05 03:14:19.255,0.94933,0.9495,1.32,2.85
2013.08.05 03:14:20.054,0.94933,0.9495,1.32,2.86
2013.08.05 03:14:20.609,0.94933,0.9495,1.32,2.10
2013.08.05 03:14:21.104,0.94933,0.9495,1.32,1.50
2013.08.05 03:14:21.404,0.94934,0.94954,2.67,3.04
2013.08.05 03:14:21.644,0.94934,0.94954,1.32,1.54
2013.08.05 03:14:21.704,0.94934,0.94954,2.07,3.05
2013.08.05 03:14:22.245,0.94932,0.94953,3.49,2.97
2013.08.05 03:14:23.584,0.94932,0.94953,1.99,3.72
2013.08.05 03:14:29.324,0.94933,0.94953,1.32,1.35
2013.08.05 03:14:30.120,0.94936,0.94953,1.13,1.43
2013.08.05 03:14:31.104,0.94936,0.94953,1.13,1.62
2013.08.05 03:14:31.344,0.94938,0.94956,1.92,2.29
2013.08.05 03:14:31.465,0.94941,0.94958,1.32,2.67
2013.08.05 03:14:31.744,0.94941,0.94958,1.32,1.62
2013.08.05 03:14:32.546,0.94941,0.94958,1.32,1.62
2013.08.05 03:14:34.564,0.94941,0.94958,1.32,1.62
2013.08.05 03:14:35.624,0.94942,0.94961,1.24,2.29
2013.08.05 03:14:36.704,0.94943,0.9496,1.32,3.12
2013.08.05 03:14:36.824,0.94943,0.9496,1.32,3.12
2013.08.05 03:14:37.575,0.94943,0.9496,1.32,3.05
2013.08.05 03:14:37.694,0.94941,0.94959,1.32,2.97
2013.08.05 03:14:38.004,0.94938,0.94959,1.32,3.79
2013.08.05 03:14:38.564,0.94937,0.94958,1.32,2.97
2013.08.05 03:14:38.624,0.94936,0.94956,1.99,4.25
2013.08.05 03:14:38.804,0.94934,0.94953,1.62,3.05
2013.08.05 03:14:39.344,0.94932,0.94951,1.32,3.72
2013.08.05 03:14:41.376,0.94931,0.9495,2.44,3.53
2013.08.05 03:14:43.034,0.94931,0.9495,3.12,1.62
2013.08.05 03:14:43.094,0.94931,0.94951,3.49,3.04
2013.08.05 03:14:43.405,0.94932,0.94952,1.24,1.62
2013.08.05 03:14:43.654,0.94932,0.94952,1.24,1.54
2013.08.05 03:14:46.734,0.94932,0.94952,1.62,2.29
2013.08.05 03:14:46.794,0.94931,0.9495,2.29,3.42
2013.08.05 03:14:46.854,0.94931,0.9495,1.54,4.17
2013.08.05 03:14:47.156,0.94929,0.94945,1.35,3.57
2013.08.05 03:14:47.277,0.94926,0.94945,1.35,4.92
2013.08.05 03:14:47.824,0.94923,0.94945,1.24,6.34
2013.08.05 03:14:50.285,0.94923,0.94944,1.05,4.47
2013.08.05 03:14:50.855,0.94923,0.94943,1.05,3.05
2013.08.05 03:14:51.364,0.94923,0.94943,1.32,1.43
2013.08.05 03:14:55.155,0.94923,0.94943,1.32,5.14
2013.08.05 03:14:55.274,0.9492,0.9494,1.99,3.72
2013.08.05 03:14:55.454,0.94917,0.94939,1.92,3.04
2013.08.05 03:14:55.634,0.94917,0.94938,1.92,3.04
2013.08.05 03:14:56.618,0.94916,0.94936,1.32,3.05
2013.08.05 03:14:57.163,0.94916,0.94936,2.07,2.37
2013.08.05 03:15:00.685,0.94917,0.94936,1.24,3.04
2013.08.05 03:15:01.015,0.94917,0.94936,1.24,1.62
2013.08.05 03:15:01.254,0.94917,0.94936,1.24,1.62
2013.08.05 03:15:01.816,0.94916,0.94936,2.74,2.18
2013.08.05 03:15:04.178,0.94916,0.94936,1.80,3.80
2013.08.05 03:15:04.546,0.94915,0.94936,1.24,5.89
2013.08.05 03:15:04.975,0.94914,0.94933,1.32,2.86
2013.08.05 03:15:05.917,0.94913,0.94933,1.99,2.86
2013.08.05 03:15:06.274,0.9492,0.94939,1.32,2.22
2013.08.05 03:15:10.154,0.9492,0.94939,3.42,2.10
2013.08.05 03:15:16.094,0.94921,0.94939,1.54,1.69
2013.08.05 03:15:17.465,0.94921,0.94939,2.29,1.50
2013.08.05 03:15:17.974,0.94922,0.94942,1.73,2.37
2013.08.05 03:15:19.664,0.94923,0.94942,1.05,1.62
2013.08.05 03:15:19.876,0.94924,0.94942,2.10,1.69
2013.08.05 03:15:21.614,0.94924,0.94944,2.97,3.04
2013.08.05 03:15:21.734,0.94926,0.94944,1.05,2.37
2013.08.05 03:15:22.034,0.94931,0.94949,1.73,3.12
2013.08.05 03:15:22.154,0.94931,0.94949,1.73,2.37
2013.08.05 03:15:23.204,0.9493,0.94949,1.35,2.37
2013.08.05 03:15:23.264,0.94929,0.94949,1.92,3.80
2013.08.05 03:15:23.715,0.94926,0.94946,1.54,3.04
2013.08.05 03:15:24.275,0.94926,0.94945,1.54,3.12
2013.08.05 03:15:32.044,0.94926,0.94945,1.35,3.12
2013.08.05 03:15:32.784,0.94924,0.94945,1.92,3.04
2013.08.05 03:15:33.350,0.94924,0.94945,1.92,3.04
2013.08.05 03:15:33.675,0.94924,0.94945,1.92,3.04
2013.08.05 03:15:33.855,0.94932,0.94947,1.32,1.43
2013.08.05 03:15:34.034,0.94931,0.9495,1.99,1.54
2013.08.05 03:15:34.274,0.94929,0.9495,1.99,2.10
2013.08.05 03:15:34.594,0.9493,0.94948,1.32,2.86
2013.08.05 03:15:34.954,0.94928,0.94948,2.82,2.86
2013.08.05 03:15:35.254,0.9493,0.94949,1.92,3.79
2013.08.05 03:15:36.186,0.9493,0.94949,1.54,3.79
2013.08.05 03:15:39.165,0.9493,0.94949,1.54,4.47
2013.08.05 03:15:39.584,0.94927,0.94949,2.44,4.47
2013.08.05 03:15:40.134,0.94927,0.94946,2.44,2.85
2013.08.05 03:15:44.366,0.94926,0.94946,2.29,3.79
2013.08.05 03:15:45.334,0.94929,0.94946,1.62,1.62
2013.08.05 03:15:45.394,0.94929,0.94949,1.62,1.62
2013.08.05 03:15:45.514,0.94932,0.9495,1.32,1.43
2013.08.05 03:15:45.704,0.94933,0.94953,1.24,3.04
2013.08.05 03:15:46.324,0.94931,0.94952,2.29,3.05
2013.08.05 03:15:46.921,0.9493,0.94952,2.74,2.18
2013.08.05 03:15:48.275,0.9493,0.9495,2.74,3.80
2013.08.05 03:15:54.394,0.94932,0.9495,1.99,2.37
2013.08.05 03:15:55.101,0.94932,0.9495,1.99,2.37
2013.08.05 03:15:57.104,0.94932,0.9495,1.99,2.37
2013.08.05 03:15:57.324,0.94932,0.9495,1.99,2.37
2013.08.05 03:15:57.475,0.94932,0.9495,1.99,2.37
2013.08.05 03:15:58.864,0.94932,0.9495,1.24,1.50
2013.08.05 03:16:04.344,0.94932,0.9495,2.74,1.62
2013.08.05 03:16:06.344,0.94932,0.9495,2.74,1.62
2013.08.05 03:16:06.890,0.94932,0.9495,2.74,1.62
2013.08.05 03:16:07.116,0.94932,0.9495,2.74,1.62
2013.08.05 03:16:07.295,0.94935,0.94953,1.05,2.37
2013.08.05 03:16:07.355,0.94935,0.94953,1.05,2.37
2013.08.05 03:16:07.416,0.94936,0.94955,2.07,1.62
2013.08.05 03:16:07.474,0.94936,0.94955,2.07,1.62
2013.08.05 03:16:07.775,0.94937,0.94955,1.24,1.62
2013.08.05 03:16:10.295,0.94937,0.94955,1.99,2.37
2013.08.05 03:16:10.809,0.94937,0.94955,2.74,1.62
2013.08.05 03:16:11.524,0.94939,0.94957,1.32,1.54
2013.08.05 03:16:13.034,0.94939,0.94957,2.07,1.62
2013.08.05 03:16:15.325,0.94938,0.94957,2.07,1.43
2013.08.05 03:16:15.871,0.94938,0.94957,1.32,1.43
2013.08.05 03:16:16.374,0.94938,0.94957,1.32,1.43
2013.08.05 03:16:16.564,0.9494,0.94957,1.32,2.29
2013.08.05 03:16:17.196,0.9494,0.94957,1.32,1.13
2013.08.05 03:16:18.025,0.94939,0.94957,2.07,1.43
2013.08.05 03:16:18.204,0.94937,0.94957,1.99,3.80
2013.08.05 03:16:18.764,0.94937,0.94957,1.32,5.15
2013.08.05 03:16:19.964,0.94936,0.94956,1.32,3.05
2013.08.05 03:16:21.518,0.94935,0.94956,1.62,3.05
2013.08.05 03:16:21.914,0.94934,0.94954,1.32,5.14
2013.08.05 03:16:22.703,0.94934,0.94954,1.32,5.15
2013.08.05 03:16:24.365,0.94933,0.94953,2.07,3.05
2013.08.05 03:16:36.366,0.94933,0.94953,1.32,3.05
2013.08.05 03:16:36.504,0.94933,0.94953,1.32,3.05
2013.08.05 03:16:36.624,0.94932,0.94953,1.92,3.05
2013.08.05 03:16:36.684,0.94933,0.94953,1.99,3.05
2013.08.05 03:16:40.014,0.94934,0.94953,1.05,3.05
2013.08.05 03:16:41.005,0.94934,0.94953,1.24,3.05
2013.08.05 03:16:41.663,0.94934,0.94953,1.24,3.05
2013.08.05 03:16:41.787,0.94934,0.94953,1.99,2.29
2013.08.05 03:16:42.204,0.94937,0.94956,1.32,3.12
2013.08.05 03:16:43.354,0.94937,0.94956,1.32,3.87
2013.08.05 03:16:43.869,0.94937,0.94956,1.32,1.50
2013.08.05 03:16:46.584,0.94937,0.94956,1.32,2.29
2013.08.05 03:16:47.199,0.94937,0.94954,1.32,3.04
2013.08.05 03:16:52.275,0.94936,0.94954,1.32,3.04
2013.08.05 03:16:54.301,0.94936,0.94954,1.32,3.04
2013.08.05 03:16:54.424,0.94936,0.94954,1.32,3.04
2013.08.05 03:16:54.955,0.94936,0.94954,1.32,2.10
2013.08.05 03:17:12.786,0.94936,0.94954,1.32,1.50
2013.08.05 03:17:12.905,0.94936,0.94954,1.32,1.50
2013.08.05 03:17:13.216,0.94936,0.94954,1.32,1.50
2013.08.05 03:17:13.574,0.94936,0.94954,2.07,3.05
2013.08.05 03:17:13.695,0.94937,0.94954,1.92,1.50
2013.08.05 03:17:14.054,0.94936,0.94954,2.74,1.50
2013.08.05 03:17:14.605,0.94936,0.94954,1.24,1.50
2013.08.05 03:17:15.305,0.94938,0.94954,1.05,1.50
2013.08.05 03:17:27.544,0.94938,0.94954,1.24,1.50
2013.08.05 03:17:28.384,0.94938,0.94954,1.05,1.50
2013.08.05 03:17:28.564,0.94937,0.94954,1.32,1.50
2013.08.05 03:17:29.086,0.94936,0.94954,1.62,1.50
2013.08.05 03:17:29.636,0.94935,0.94954,1.32,2.85
2013.08.05 03:17:29.694,0.94935,0.94954,1.32,2.85
2013.08.05 03:17:32.394,0.94933,0.94954,2.67,3.04
2013.08.05 03:17:32.454,0.94933,0.94953,2.67,3.04
2013.08.05 03:17:34.376,0.94933,0.94953,2.67,2.29
2013.08.05 03:17:34.494,0.94933,0.94953,1.92,2.29
2013.08.05 03:17:34.566,0.94933,0.94953,1.92,2.29
2013.08.05 03:17:34.685,0.94933,0.94953,1.92,2.29
2013.08.05 03:17:35.186,0.94933,0.94953,1.92,2.29
2013.08.05 03:17:35.752,0.94935,0.94953,1.32,2.29
2013.08.05 03:17:44.866,0.94933,0.94953,2.29,2.10
2013.08.05 03:17:49.915,0.94934,0.94953,1.62,1.43
2013.08.05 03:17:50.886,0.94934,0.94953,1.62,1.43
2013.08.05 03:17:55.095,0.94934,0.94953,1.62,1.43
2013.08.05 03:18:03.755,0.94935,0.94953,1.24,1.43
2013.08.05 03:18:04.708,0.94935,0.94953,1.05,1.43
2013.08.05 03:18:04.966,0.94935,0.94953,1.43,1.43
2013.08.05 03:18:05.635,0.94936,0.94955,2.67,2.10
2013.08.05 03:18:05.814,0.94939,0.94958,2.44,1.43
2013.08.05 03:18:07.295,0.94941,0.94958,1.62,1.43
2013.08.05 03:18:08.016,0.94941,0.94958,1.62,1.43
2013.08.05 03:18:10.495,0.94941,0.94958,1.62,1.43
2013.08.05 03:18:10.765,0.94942,0.94961,1.62,1.62
2013.08.05 03:18:10.824,0.94942,0.94961,3.12,1.43
2013.08.05 03:18:10.945,0.94944,0.94964,1.62,2.10
2013.08.05 03:18:11.124,0.94945,0.94965,1.54,2.29
2013.08.05 03:18:12.054,0.94945,0.94965,1.54,3.04
2013.08.05 03:18:12.755,0.94947,0.94965,1.54,1.50
2013.08.05 03:18:12.935,0.94947,0.94966,1.54,1.69
2013.08.05 03:18:13.486,0.94947,0.94966,2.29,1.50
2013.08.05 03:18:14.548,0.94951,0.94967,1.35,1.62
2013.08.05 03:18:14.678,0.94952,0.9497,1.24,1.35
2013.08.05 03:18:14.736,0.94952,0.9497,1.24,1.05
2013.08.05 03:18:14.978,0.94957,0.94976,1.54,1.54
2013.08.05 03:18:15.516,0.94955,0.94976,1.62,1.62
2013.08.05 03:18:16.236,0.94956,0.94976,1.62,1.24
2013.08.05 03:18:16.296,0.94957,0.94976,1.62,1.05
2013.08.05 03:18:16.415,0.94958,0.94977,1.62,1.73
2013.08.05 03:18:16.595,0.9496,0.94979,1.35,1.13
2013.08.05 03:18:16.901,0.94961,0.94979,1.35,1.13
2013.08.05 03:18:17.477,0.94961,0.94979,1.35,1.13
2013.08.05 03:18:17.595,0.9496,0.94979,1.54,1.13
2013.08.05 03:18:17.715,0.9496,0.94979,1.54,1.13
2013.08.05 03:18:21.394,0.9496,0.94979,1.54,1.69
2013.08.05 03:18:21.805,0.9496,0.94979,1.54,1.69
2013.08.05 03:18:22.355,0.94957,0.94978,3.12,3.42
2013.08.05 03:18:22.475,0.94956,0.94978,2.97,3.05
2013.08.05 03:18:22.534,0.94956,0.94978,2.97,3.05
2013.08.05 03:18:23.074,0.94957,0.94978,1.54,1.43
2013.08.05 03:18:23.491,0.94961,0.94978,1.35,1.50
2013.08.05 03:18:23.562,0.94959,0.94978,2.10,1.50
2013.08.05 03:18:24.065,0.94959,0.94978,3.04,1.50
2013.08.05 03:18:26.070,0.94959,0.94977,1.62,3.04
2013.08.05 03:18:27.214,0.94959,0.94977,1.62,3.04
2013.08.05 03:18:28.436,0.94959,0.94977,1.62,1.43
2013.08.05 03:18:28.949,0.94958,0.94977,3.04,1.43
2013.08.05 03:18:31.415,0.94958,0.94977,2.29,1.43
2013.08.05 03:18:32.585,0.94959,0.94977,1.54,1.43
2013.08.05 03:18:33.185,0.94958,0.94977,2.29,1.43
2013.08.05 03:18:38.445,0.94958,0.94977,2.29,1.43
2013.08.05 03:18:40.435,0.94959,0.94977,1.92,1.43
2013.08.05 03:18:40.496,0.94961,0.94978,1.62,1.35
2013.08.05 03:18:40.555,0.94961,0.94979,1.62,1.43
2013.08.05 03:18:40.616,0.94964,0.94983,1.73,1.54
2013.08.05 03:18:40.696,0.94964,0.94983,2.67,1.35
2013.08.05 03:18:41.115,0.94961,0.94983,3.42,1.43
2013.08.05 03:18:41.818,0.94961,0.94981,1.32,3.16
2013.08.05 03:18:42.501,0.94961,0.94981,1.32,3.16
2013.08.05 03:18:45.175,0.94961,0.94981,1.32,2.48
2013.08.05 03:18:47.037,0.94961,0.94981,1.32,2.48
2013.08.05 03:18:47.953,0.94962,0.94981,2.29,2.48
2013.08.05 03:18:48.096,0.94962,0.94981,2.29,2.10
2013.08.05 03:18:48.611,0.94962,0.94981,2.29,2.10
2013.08.05 03:18:50.184,0.94962,0.94981,2.29,2.10
2013.08.05 03:18:50.665,0.94964,0.94984,2.67,3.04
2013.08.05 03:18:50.785,0.94964,0.94984,2.67,3.04
2013.08.05 03:18:53.776,0.94964,0.94984,2.67,2.85
2013.08.05 03:18:57.374,0.94963,0.94984,1.99,2.86
2013.08.05 03:18:58.224,0.94963,0.94984,1.24,1.35
2013.08.05 03:18:58.485,0.94963,0.94984,1.24,2.10
2013.08.05 03:19:02.404,0.94961,0.94984,1.62,3.04
2013.08.05 03:19:02.645,0.94964,0.94984,1.35,2.37
2013.08.05 03:19:03.174,0.94965,0.94984,1.43,2.37
2013.08.05 03:19:04.475,0.94965,0.94984,1.43,3.05
2013.08.05 03:19:09.405,0.94963,0.94984,1.24,3.80
2013.08.05 03:19:09.744,0.94963,0.94984,1.24,3.80
2013.08.05 03:19:13.485,0.94962,0.94983,1.99,5.22
2013.08.05 03:19:14.032,0.94962,0.94983,1.62,4.47
2013.08.05 03:19:15.627,0.94962,0.94983,1.99,4.47
2013.08.05 03:19:16.135,0.94962,0.94983,3.34,1.35
2013.08.05 03:19:16.315,0.94962,0.94983,3.94,2.10
2013.08.05 03:19:16.495,0.94962,0.94983,3.94,2.10
2013.08.05 03:19:16.675,0.94962,0.94983,4.02,1.35
2013.08.05 03:19:16.794,0.94964,0.94983,1.69,2.10
2013.08.05 03:19:17.314,0.94964,0.94983,1.32,2.86
2013.08.05 03:19:18.667,0.94964,0.94983,1.32,2.85
2013.08.05 03:19:18.965,0.94968,0.94986,1.84,1.62
2013.08.05 03:19:19.295,0.94969,0.94988,1.73,3.87
2013.08.05 03:19:20.394,0.94969,0.94987,1.13,3.12
2013.08.05 03:19:20.815,0.94972,0.94989,1.73,1.43
2013.08.05 03:19:21.055,0.94972,0.9499,1.73,1.62
2013.08.05 03:19:21.175,0.94972,0.94992,1.35,2.29
2013.08.05 03:19:21.774,0.94972,0.94992,1.05,1.54
2013.08.05 03:19:21.835,0.94972,0.94992,1.05,2.29
2013.08.05 03:19:22.345,0.94974,0.94993,1.05,2.37
2013.08.05 03:19:22.404,0.94974,0.94993,1.73,1.69
2013.08.05 03:19:22.941,0.94974,0.94994,1.35,3.04
2013.08.05 03:19:25.506,0.94974,0.94994,1.35,3.04
2013.08.05 03:19:25.948,0.94971,0.94993,1.99,2.67
2013.08.05 03:19:26.125,0.94972,0.94993,1.24,2.67
2013.08.05 03:19:27.535,0.94972,0.94993,1.24,2.67
2013.08.05 03:19:28.261,0.94973,0.94993,2.67,1.62
2013.08.05 03:19:28.625,0.94974,0.94993,1.24,1.62
2013.08.05 03:19:28.864,0.94974,0.94993,1.24,1.62
2013.08.05 03:19:29.314,0.94972,0.94993,1.99,3.05
2013.08.05 03:19:29.705,0.94972,0.94992,1.62,2.78
2013.08.05 03:19:29.765,0.9497,0.94992,2.37,4.40
2013.08.05 03:19:30.234,0.9497,0.94992,1.69,5.82
2013.08.05 03:19:34.415,0.94969,0.94988,2.07,2.85
2013.08.05 03:19:34.775,0.94963,0.94983,1.62,3.05
2013.08.05 03:19:35.405,0.94963,0.94983,1.62,3.79
2013.08.05 03:19:35.525,0.94962,0.94983,1.99,3.80
2013.08.05 03:19:35.645,0.94963,0.94983,1.24,3.80
2013.08.05 03:19:35.765,0.94963,0.94983,1.62,3.79
2013.08.05 03:19:37.384,0.94961,0.9498,1.92,3.04
2013.08.05 03:19:38.715,0.9496,0.9498,1.17,3.79
2013.08.05 03:19:38.976,0.9496,0.9498,1.17,3.79
2013.08.05 03:19:39.715,0.94961,0.9498,1.17,4.17
2013.08.05 03:19:40.222,0.9496,0.9498,1.32,3.79
2013.08.05 03:19:49.635,0.94959,0.94979,1.99,3.12
2013.08.05 03:19:50.055,0.94957,0.94978,1.54,3.50
2013.08.05 03:19:50.115,0.94957,0.94977,1.54,3.12
2013.08.05 03:19:50.354,0.94954,0.94973,2.10,4.47
2013.08.05 03:19:51.415,0.94951,0.94971,1.24,3.05
2013.08.05 03:19:51.835,0.94951,0.94971,1.24,5.30
2013.08.05 03:19:53.224,0.94949,0.94968,1.24,3.05
2013.08.05 03:19:55.385,0.94949,0.94968,1.24,3.04
2013.08.05 03:19:55.934,0.94949,0.94967,1.24,3.12
2013.08.05 03:19:57.455,0.94949,0.94967,1.24,2.37
2013.08.05 03:19:57.814,0.94949,0.94967,1.05,1.62
2013.08.05 03:19:57.995,0.94949,0.94967,1.05,1.62
2013.08.05 03:19:58.054,0.94949,0.94967,1.80,1.62
2013.08.05 03:19:58.234,0.94947,0.94967,1.99,1.43
2013.08.05 03:20:01.855,0.94947,0.94965,1.05,3.12
2013.08.05 03:20:01.975,0.94943,0.94964,3.42,3.05
2013.08.05 03:20:02.215,0.94943,0.94964,2.37,4.47
2013.08.05 03:20:02.395,0.9494,0.94961,1.05,4.54
2013.08.05 03:20:03.784,0.9494,0.94959,1.05,3.19
2013.08.05 03:20:04.435,0.9494,0.94957,1.05,3.19
2013.08.05 03:20:04.555,0.9494,0.94957,2.40,3.19
2013.08.05 03:20:05.095,0.94943,0.94957,2.10,2.44
2013.08.05 03:20:06.719,0.94943,0.9496,2.10,1.69
2013.08.05 03:20:11.377,0.94944,0.9496,1.05,1.69
2013.08.05 03:20:11.915,0.94945,0.94961,1.13,1.69
2013.08.05 03:20:13.415,0.94943,0.94961,2.10,1.69
2013.08.05 03:20:13.886,0.94943,0.94962,2.10,2.44
2013.08.05 03:20:14.435,0.94946,0.94962,1.43,3.19
2013.08.05 03:20:14.755,0.94947,0.94964,1.13,2.37
2013.08.05 03:20:14.815,0.94946,0.94964,1.80,2.37
2013.08.05 03:20:15.295,0.94944,0.94964,1.54,1.43
2013.08.05 03:20:15.535,0.94943,0.94964,1.62,3.05
2013.08.05 03:20:15.775,0.94941,0.94961,1.35,5.29
2013.08.05 03:20:16.444,0.94939,0.9496,2.29,3.12
2013.08.05 03:20:21.414,0.94939,0.9496,2.29,3.12
2013.08.05 03:20:21.655,0.94939,0.9496,1.43,2.29
2013.08.05 03:20:22.355,0.9494,0.9496,1.05,3.05
2013.08.05 03:20:22.795,0.94939,0.94959,1.43,3.05
2013.08.05 03:20:25.225,0.94936,0.94958,2.74,3.05
2013.08.05 03:20:25.585,0.94936,0.94958,2.74,4.10
2013.08.05 03:20:26.075,0.9494,0.94957,1.13,3.05
2013.08.05 03:20:26.375,0.94942,0.94961,1.24,1.62
2013.08.05 03:20:26.921,0.94944,0.94961,1.05,1.62
2013.08.05 03:20:27.238,0.94946,0.94961,1.32,1.13
2013.08.05 03:20:27.296,0.94948,0.94964,1.62,1.24
2013.08.05 03:20:27.356,0.94948,0.94966,1.92,1.62
2013.08.05 03:20:27.655,0.94946,0.94966,2.67,3.50
2013.08.05 03:20:27.835,0.94946,0.94966,2.29,4.17
2013.08.05 03:20:28.146,0.94945,0.94964,1.32,3.05
2013.08.05 03:20:28.344,0.94944,0.94964,1.24,3.80
2013.08.05 03:20:31.454,0.94944,0.94964,1.24,3.80
2013.08.05 03:20:32.004,0.94944,0.94964,1.24,3.80
2013.08.05 03:20:46.135,0.94944,0.94964,1.99,3.80
2013.08.05 03:20:46.315,0.94946,0.94964,3.34,1.69
2013.08.05 03:20:46.495,0.9495,0.94966,1.35,2.44
2013.08.05 03:20:46.555,0.9495,0.94968,1.54,1.62
2013.08.05 03:21:06.845,0.9495,0.94969,1.35,2.44
2013.08.05 03:21:07.392,0.9495,0.94969,1.35,2.44
2013.08.05 03:21:22.476,0.9495,0.94969,1.54,1.69
2013.08.05 03:21:26.845,0.94949,0.94968,1.80,3.94
2013.08.05 03:21:27.984,0.94949,0.94968,1.80,2.44
2013.08.05 03:21:32.184,0.94949,0.94967,1.80,3.94
2013.08.05 03:21:36.267,0.94949,0.94967,1.80,2.44
2013.08.05 03:21:39.676,0.94949,0.94967,1.80,3.94
2013.08.05 03:21:41.795,0.9495,0.94967,1.13,1.69
2013.08.05 03:21:46.605,0.94949,0.94967,1.05,1.69
2013.08.05 03:21:46.785,0.94947,0.94967,2.67,3.79
2013.08.05 03:21:47.466,0.94947,0.94966,2.67,3.19
2013.08.05 03:21:48.856,0.94947,0.94966,2.67,3.19
2013.08.05 03:21:53.825,0.94947,0.94966,2.67,3.19
2013.08.05 03:21:54.005,0.94948,0.94967,1.32,1.54
2013.08.05 03:21:56.845,0.94948,0.94967,3.42,1.62
2013.08.05 03:21:57.595,0.94948,0.94967,2.67,2.37
2013.08.05 03:22:01.495,0.9495,0.94967,1.24,1.69
2013.08.05 03:22:05.925,0.9495,0.94969,1.92,2.44
2013.08.05 03:22:06.987,0.9495,0.94969,1.92,2.44
2013.08.05 03:22:16.236,0.9495,0.94969,1.92,2.44
2013.08.05 03:22:16.778,0.9495,0.94969,1.92,2.44
2013.08.05 03:22:16.895,0.94951,0.9497,1.32,2.29
2013.08.05 03:22:17.445,0.94955,0.9497,1.05,1.69
2013.08.05 03:22:18.238,0.94951,0.94971,3.42,3.04
2013.08.05 03:22:19.154,0.94951,0.94971,3.42,3.04
2013.08.05 03:22:19.215,0.94953,0.94971,1.24,2.37
2013.08.05 03:22:19.525,0.94954,0.94974,3.04,4.17
2013.08.05 03:22:19.585,0.94956,0.94974,1.32,3.04
2013.08.05 03:22:24.376,0.94957,0.94976,1.24,1.69
2013.08.05 03:22:25.075,0.94957,0.94978,1.24,2.10
2013.08.05 03:22:25.242,0.9496,0.94978,1.05,1.43
2013.08.05 03:22:26.325,0.9496,0.94978,1.05,1.50
2013.08.05 03:22:26.505,0.94956,0.94977,1.99,3.04
2013.08.05 03:22:26.565,0.94955,0.94974,1.32,3.79
2013.08.05 03:22:26.805,0.94954,0.94974,1.54,5.07
2013.08.05 03:22:29.057,0.94952,0.94973,1.69,4.85
2013.08.05 03:22:29.176,0.94952,0.94973,1.32,4.85
2013.08.05 03:22:29.725,0.9495,0.94972,2.29,3.42
2013.08.05 03:22:30.255,0.9495,0.94972,1.62,5.90
2013.08.05 03:22:30.466,0.9495,0.9497,1.62,3.05
2013.08.05 03:22:31.224,0.94948,0.9497,3.42,3.80
2013.08.05 03:22:38.615,0.94949,0.9497,1.24,3.80
2013.08.05 03:22:39.055,0.94948,0.94969,1.24,3.42
2013.08.05 03:22:39.925,0.94948,0.94969,1.24,4.17
2013.08.05 03:22:42.896,0.94949,0.94969,1.05,3.04
2013.08.05 03:22:50.275,0.94949,0.94969,1.24,2.37
2013.08.05 03:22:54.466,0.94949,0.94969,1.24,2.37
2013.08.05 03:23:03.055,0.94949,0.94969,1.24,2.37
2013.08.05 03:23:03.885,0.9495,0.94969,1.62,3.12
2013.08.05 03:23:08.015,0.94949,0.94969,1.92,3.12
2013.08.05 03:23:08.136,0.94949,0.94969,1.92,1.50
2013.08.05 03:23:08.660,0.94946,0.94967,3.12,2.86
2013.08.05 03:23:09.045,0.94946,0.94967,3.87,2.85
2013.08.05 03:23:10.045,0.94946,0.94967,1.62,3.79
2013.08.05 03:23:11.645,0.94948,0.94967,1.35,2.37
2013.08.05 03:23:11.784,0.94947,0.94967,2.29,2.37
2013.08.05 03:23:14.385,0.94947,0.94967,2.37,1.50
2013.08.05 03:23:18.497,0.94947,0.94967,2.37,1.50
2013.08.05 03:23:21.426,0.94949,0.94968,1.24,1.43
2013.08.05 03:23:21.545,0.94951,0.94969,1.54,1.69
2013.08.05 03:23:21.785,0.94953,0.94971,1.73,2.74
2013.08.05 03:23:22.665,0.94952,0.94971,1.05,3.79
2013.08.05 03:23:23.306,0.94952,0.94971,1.05,3.49
2013.08.05 03:23:38.895,0.94952,0.94971,1.05,1.62
2013.08.05 03:23:40.176,0.94952,0.94971,1.05,1.62
2013.08.05 03:23:41.058,0.94951,0.94971,1.54,1.50
2013.08.05 03:23:41.535,0.94949,0.94971,2.74,2.18
2013.08.05 03:23:49.646,0.94951,0.94971,1.99,4.54
2013.08.05 03:24:01.555,0.94951,0.9497,1.24,3.12
2013.08.05 03:24:02.857,0.94951,0.9497,1.24,3.12
2013.08.05 03:24:07.005,0.94952,0.9497,1.43,3.12
2013.08.05 03:24:07.385,0.94949,0.9497,1.24,3.80
2013.08.05 03:24:09.809,0.9495,0.9497,1.69,1.62
2013.08.05 03:24:09.926,0.94952,0.9497,1.05,1.62
2013.08.05 03:24:10.285,0.94952,0.9497,1.80,1.62
2013.08.05 03:24:10.797,0.94952,0.9497,1.80,1.62
2013.08.05 03:24:12.855,0.94953,0.94973,1.05,3.87
2013.08.05 03:24:13.406,0.94953,0.94973,2.74,2.37
2013.08.05 03:24:13.585,0.94953,0.94973,2.37,1.62
2013.08.05 03:24:14.245,0.94955,0.94973,1.92,1.69
2013.08.05 03:24:14.676,0.94955,0.94973,1.92,1.50
2013.08.05 03:24:15.059,0.94955,0.94973,1.92,1.50
2013.08.05 03:24:16.782,0.94955,0.94973,1.92,1.50
2013.08.05 03:24:20.227,0.94955,0.94973,1.32,2.86
2013.08.05 03:24:26.945,0.94954,0.94973,1.99,3.05
2013.08.05 03:24:27.005,0.94954,0.94973,1.99,3.04
2013.08.05 03:24:27.066,0.94953,0.94971,1.35,3.94
2013.08.05 03:24:27.245,0.94951,0.94971,2.29,5.97
2013.08.05 03:24:27.785,0.94949,0.94969,1.32,3.79
2013.08.05 03:24:28.817,0.94949,0.94969,1.32,3.80
2013.08.05 03:24:33.247,0.94948,0.94968,1.62,3.05
2013.08.05 03:24:39.665,0.94949,0.94968,1.13,1.43
2013.08.05 03:24:42.505,0.94949,0.94968,2.67,1.69
2013.08.05 03:24:43.254,0.94949,0.94968,3.04,1.69
2013.08.05 03:24:44.816,0.94949,0.94968,3.79,1.69
2013.08.05 03:24:45.566,0.94951,0.94971,2.37,2.37
2013.08.05 03:24:45.806,0.94955,0.94971,1.05,1.69
2013.08.05 03:24:45.927,0.94955,0.94973,1.24,1.54
2013.08.05 03:24:46.435,0.94957,0.94976,1.73,1.69
2013.08.05 03:24:47.405,0.94957,0.94976,1.73,1.69
2013.08.05 03:24:47.765,0.94959,0.94977,1.13,3.42
2013.08.05 03:24:49.315,0.94957,0.94977,1.92,3.42
2013.08.05 03:24:51.865,0.94958,0.94977,1.32,3.04
2013.08.05 03:24:57.638,0.94958,0.94977,1.32,3.04
2013.08.05 03:25:03.595,0.94957,0.94977,4.17,1.54
2013.08.05 03:25:03.715,0.94958,0.94977,1.32,1.54
2013.08.05 03:25:04.255,0.94962,0.94981,2.48,2.44
2013.08.05 03:25:05.115,0.94962,0.94982,3.42,2.29
2013.08.05 03:25:05.237,0.94962,0.94982,3.42,1.54
2013.08.05 03:25:06.265,0.94964,0.94983,1.24,2.37
2013.08.05 03:25:06.505,0.94964,0.94983,1.24,1.62
2013.08.05 03:25:06.685,0.94962,0.94983,2.67,2.29
2013.08.05 03:25:07.125,0.94962,0.94983,2.67,2.29
2013.08.05 03:25:07.546,0.94961,0.94981,1.24,2.85
2013.08.05 03:25:08.481,0.94961,0.94981,1.24,2.85
2013.08.05 03:25:09.056,0.94963,0.94981,1.24,1.50
2013.08.05 03:25:17.874,0.94962,0.9498,1.99,3.12
2013.08.05 03:25:20.735,0.94963,0.9498,1.24,1.62
2013.08.05 03:25:21.288,0.94964,0.94981,1.05,1.62
2013.08.05 03:25:24.485,0.94964,0.94981,1.24,1.62
2013.08.05 03:25:25.736,0.94964,0.94981,1.24,1.43
2013.08.05 03:25:25.859,0.94964,0.94982,1.24,1.54
2013.08.05 03:25:25.915,0.94964,0.94982,1.24,1.54
2013.08.05 03:25:26.643,0.94969,0.94984,1.05,1.69
2013.08.05 03:25:27.675,0.94969,0.94984,1.80,1.69
2013.08.05 03:25:29.658,0.94969,0.94984,1.80,1.69
2013.08.05 03:25:32.675,0.94969,0.94984,1.80,1.69
2013.08.05 03:25:33.047,0.94969,0.94985,1.80,1.69
2013.08.05 03:25:37.018,0.94969,0.94985,1.80,1.69
2013.08.05 03:25:37.846,0.94971,0.94985,1.05,1.69
2013.08.05 03:25:43.766,0.94969,0.94985,1.32,1.69
2013.08.05 03:25:45.727,0.94969,0.94985,1.32,1.69
2013.08.05 03:25:47.706,0.94969,0.94985,1.32,1.69
2013.08.05 03:25:52.055,0.94968,0.94985,2.29,1.69
2013.08.05 03:25:52.116,0.94966,0.94985,2.37,1.50
2013.08.05 03:25:52.235,0.94966,0.94984,1.62,3.04
2013.08.05 03:25:52.296,0.94966,0.94983,1.43,4.62
2013.08.05 03:25:52.536,0.9496,0.94982,1.24,3.42
2013.08.05 03:25:52.775,0.94959,0.9498,2.29,2.75
2013.08.05 03:25:54.588,0.9496,0.94978,2.48,3.12
2013.08.05 03:26:00.217,0.94961,0.94978,1.05,2.37
2013.08.05 03:26:18.977,0.9496,0.94978,1.99,3.12
2013.08.05 03:26:27.748,0.9496,0.94978,1.99,3.12
2013.08.05 03:26:27.806,0.9496,0.94978,1.99,2.37
2013.08.05 03:26:38.605,0.94959,0.94978,1.99,1.69
2013.08.05 03:26:43.645,0.94959,0.94978,1.24,1.69
2013.08.05 03:26:53.515,0.94959,0.94978,1.24,2.44
2013.08.05 03:26:54.036,0.94959,0.94978,1.24,2.44
2013.08.05 03:26:54.868,0.94959,0.94978,1.24,2.44
2013.08.05 03:26:58.756,0.94961,0.94978,1.05,2.44
2013.08.05 03:26:59.295,0.94961,0.94978,1.05,2.44
2013.08.05 03:26:59.575,0.94961,0.94978,2.48,2.44
2013.08.05 03:27:06.115,0.94961,0.94978,2.48,4.32
2013.08.05 03:27:06.476,0.94958,0.94975,2.10,3.87
2013.08.05 03:27:06.536,0.94957,0.94975,1.35,3.87
2013.08.05 03:27:06.956,0.94955,0.94975,1.35,6.42
2013.08.05 03:27:07.546,0.94953,0.94973,1.35,5.67
2013.08.05 03:27:11.265,0.94953,0.94971,1.43,3.12
2013.08.05 03:27:11.445,0.94951,0.94971,1.24,3.80
2013.08.05 03:27:11.790,0.94951,0.94971,1.24,3.79
2013.08.05 03:27:12.436,0.94949,0.9497,1.62,3.04
2013.08.05 03:27:12.495,0.94949,0.94969,1.62,4.62
2013.08.05 03:27:13.012,0.94949,0.94969,2.37,4.62
2013.08.05 03:27:13.760,0.94949,0.94969,1.99,4.62
2013.08.05 03:27:20.516,0.94949,0.94967,1.80,3.19
2013.08.05 03:27:20.817,0.94946,0.94966,2.10,3.04
2013.08.05 03:27:21.325,0.94945,0.94965,1.24,3.80
2013.08.05 03:27:21.989,0.94945,0.94965,1.05,4.62
2013.08.05 03:27:22.596,0.94943,0.94962,1.92,3.04
2013.08.05 03:27:24.667,0.94943,0.94962,1.92,3.04
2013.08.05 03:27:27.585,0.94943,0.94962,2.67,3.04
2013.08.05 03:27:27.645,0.94943,0.94962,4.09,2.29
2013.08.05 03:27:28.005,0.94948,0.94968,1.99,3.79
2013.08.05 03:27:28.607,0.94949,0.94968,1.62,2.37
2013.08.05 03:27:28.967,0.94951,0.94968,1.43,2.37
2013.08.05 03:27:29.027,0.94951,0.94968,1.43,1.62
2013.08.05 03:27:29.146,0.94951,0.94969,1.62,1.54
2013.08.05 03:27:29.266,0.94949,0.94969,1.69,1.62
2013.08.05 03:27:31.156,0.94949,0.94969,2.44,1.62
2013.08.05 03:27:31.317,0.94949,0.94969,2.44,2.29
2013.08.05 03:27:31.846,0.94951,0.94971,1.80,2.37
2013.08.05 03:27:32.422,0.94952,0.94971,1.35,2.37
2013.08.05 03:27:33.026,0.94952,0.94971,1.35,2.37
2013.08.05 03:27:33.205,0.94951,0.94971,1.43,3.05
2013.08.05 03:27:34.286,0.94951,0.94971,1.43,3.05
2013.08.05 03:27:34.466,0.94948,0.94971,2.29,4.84
2013.08.05 03:27:37.066,0.94946,0.94968,1.54,3.05
2013.08.05 03:27:37.126,0.94948,0.94968,1.35,3.05
2013.08.05 03:27:37.667,0.94948,0.94968,2.10,3.80
2013.08.05 03:27:38.085,0.9495,0.94968,2.10,1.69
2013.08.05 03:27:45.335,0.94947,0.94968,2.10,2.37
2013.08.05 03:27:45.575,0.94947,0.94968,1.43,3.79
2013.08.05 03:27:46.125,0.94947,0.94967,1.43,3.05
2013.08.05 03:27:48.416,0.94947,0.94967,1.62,3.05
2013.08.05 03:27:49.913,0.94946,0.94965,1.43,3.80
2013.08.05 03:27:50.215,0.94943,0.94964,1.62,3.05
2013.08.05 03:27:55.877,0.94943,0.94963,1.62,3.12
2013.08.05 03:28:10.816,0.94942,0.94963,3.79,2.37
2013.08.05 03:28:17.267,0.94943,0.94963,1.69,2.29
2013.08.05 03:28:30.660,0.94943,0.94963,1.69,3.04
2013.08.05 03:28:31.195,0.94943,0.94963,1.69,3.79
2013.08.05 03:28:35.126,0.94944,0.94963,1.62,2.29
2013.08.05 03:28:35.634,0.94949,0.94966,1.05,1.54
2013.08.05 03:28:36.525,0.94949,0.94966,1.05,1.62
2013.08.05 03:28:37.135,0.94949,0.94966,1.43,1.62
2013.08.05 03:28:38.676,0.9495,0.94968,1.43,1.62
2013.08.05 03:28:39.224,0.94951,0.94968,1.13,1.69
2013.08.05 03:28:41.436,0.94951,0.94968,2.07,1.43
2013.08.05 03:28:41.496,0.94951,0.94968,3.04,1.43
2013.08.05 03:28:41.616,0.94951,0.94971,3.72,2.37
2013.08.05 03:28:42.233,0.94951,0.94971,3.72,1.62
2013.08.05 03:28:43.405,0.94952,0.94971,1.05,1.62
2013.08.05 03:28:47.677,0.94952,0.94971,1.99,1.62
2013.08.05 03:28:47.796,0.94952,0.94971,1.99,1.62
2013.08.05 03:28:59.997,0.94952,0.94971,1.62,1.69
2013.08.05 03:29:00.536,0.94951,0.94971,1.62,2.37
2013.08.05 03:29:11.518,0.94951,0.9497,1.62,3.05
2013.08.05 03:29:20.485,0.94951,0.9497,1.62,3.05
2013.08.05 03:29:20.605,0.94951,0.9497,1.62,2.29
2013.08.05 03:29:28.039,0.94952,0.9497,1.43,1.69
2013.08.05 03:29:28.576,0.9495,0.9497,2.74,2.37
2013.08.05 03:29:28.945,0.9495,0.9497,1.99,3.12
2013.08.05 03:29:29.006,0.9495,0.9497,1.62,3.12
2013.08.05 03:29:29.066,0.94948,0.94969,2.29,3.12
2013.08.05 03:29:30.155,0.94947,0.94969,1.99,3.80
2013.08.05 03:29:32.796,0.94947,0.94969,1.99,3.80
2013.08.05 03:29:37.835,0.94948,0.94969,1.32,3.80
2013.08.05 03:29:39.036,0.94949,0.94969,1.62,3.12
2013.08.05 03:29:40.717,0.94949,0.94969,2.74,3.12
2013.08.05 03:29:41.466,0.94952,0.9497,1.62,1.62
2013.08.05 03:29:41.646,0.94953,0.94971,1.73,2.44
2013.08.05 03:29:41.766,0.94953,0.94972,1.99,1.62
2013.08.05 03:29:42.076,0.94954,0.94972,1.32,1.43
2013.08.05 03:29:42.556,0.94952,0.94971,3.19,2.78
2013.08.05 03:29:42.856,0.94947,0.94969,1.99,3.05
2013.08.05 03:29:43.236,0.94948,0.94969,1.32,3.05
2013.08.05 03:29:43.877,0.94947,0.94967,1.32,2.78
2013.08.05 03:29:44.666,0.94946,0.94967,2.07,2.10
2013.08.05 03:29:44.725,0.94946,0.94967,2.07,2.10
2013.08.05 03:29:46.568,0.94946,0.94967,2.07,2.67
2013.08.05 03:29:47.283,0.94947,0.94967,1.24,1.43
2013.08.05 03:29:54.248,0.94947,0.94967,1.99,2.37
2013.08.05 03:29:54.366,0.94949,0.94967,1.54,1.69
2013.08.05 03:29:55.427,0.94949,0.94969,1.54,1.62
2013.08.05 03:29:55.607,0.94954,0.94972,1.99,1.35
2013.08.05 03:29:56.187,0.94957,0.94977,2.48,2.29
2013.08.05 03:29:57.356,0.94957,0.94977,2.48,2.29
2013.08.05 03:29:57.919,0.94957,0.94977,1.73,3.04
2013.08.05 03:29:57.976,0.9496,0.94977,1.80,2.37
2013.08.05 03:29:58.156,0.94961,0.9498,1.62,2.29
2013.08.05 03:29:59.486,0.94961,0.9498,1.62,2.37
2013.08.05 03:30:00.345,0.94961,0.9498,1.62,2.37
2013.08.05 03:30:00.406,0.94961,0.9498,1.62,1.62
2013.08.05 03:30:01.137,0.94959,0.94978,2.48,3.19
2013.08.05 03:30:01.316,0.94958,0.94977,2.03,3.12
2013.08.05 03:30:01.927,0.94955,0.94975,1.54,3.80
2013.08.05 03:30:02.166,0.94955,0.94974,1.35,4.62
2013.08.05 03:30:02.346,0.94953,0.94974,1.24,5.29
2013.08.05 03:30:02.706,0.94955,0.94974,1.05,4.55
2013.08.05 03:30:02.766,0.94955,0.94974,1.99,1.43
2013.08.05 03:30:02.886,0.94961,0.94976,1.13,1.54
2013.08.05 03:30:02.947,0.94961,0.94977,1.13,1.54
2013.08.05 03:30:03.688,0.94962,0.94977,1.13,1.62
2013.08.05 03:30:04.886,0.94959,0.94977,1.32,1.43
2013.08.05 03:30:09.390,0.94958,0.94977,1.05,1.43
2013.08.05 03:30:15.295,0.94958,0.94977,1.32,1.43
2013.08.05 03:30:15.816,0.9496,0.9498,1.32,1.54
2013.08.05 03:30:15.936,0.94962,0.94982,2.74,1.35
2013.08.05 03:30:16.236,0.94963,0.94983,1.24,1.62
2013.08.05 03:30:16.816,0.94963,0.94983,1.24,2.37
2013.08.05 03:30:17.475,0.94963,0.94983,1.24,2.37
2013.08.05 03:30:18.666,0.94962,0.94983,1.32,3.05
2013.08.05 03:30:19.164,0.94962,0.94983,2.44,4.17
2013.08.05 03:30:22.819,0.94962,0.94983,1.69,3.42
2013.08.05 03:30:24.265,0.94963,0.94983,1.32,3.42
2013.08.05 03:30:25.456,0.94962,0.94983,1.32,4.17
2013.08.05 03:30:25.756,0.94958,0.9498,1.62,3.12
2013.08.05 03:30:26.296,0.94957,0.94977,1.32,2.78
2013.08.05 03:30:26.840,0.94957,0.94977,1.32,4.20
2013.08.05 03:30:27.596,0.94957,0.94977,1.32,3.53
2013.08.05 03:30:30.942,0.94955,0.94977,1.24,4.10
2013.08.05 03:30:31.946,0.94956,0.94976,1.32,2.67
2013.08.05 03:30:40.096,0.94955,0.94976,2.37,2.48
2013.08.05 03:30:45.756,0.94955,0.94976,1.24,3.05
2013.08.05 03:30:47.007,0.94956,0.94976,1.32,1.43
2013.08.05 03:30:52.058,0.94956,0.94976,2.07,3.05
2013.08.05 03:30:56.197,0.94957,0.94976,1.32,3.05
2013.08.05 03:30:56.556,0.94959,0.94976,2.07,1.35
2013.08.05 03:30:56.616,0.94959,0.94977,2.74,1.35
2013.08.05 03:30:57.197,0.94959,0.94978,2.74,2.10
2013.08.05 03:30:57.446,0.94959,0.94978,2.74,1.43
2013.08.05 03:31:00.196,0.94961,0.94978,1.32,1.62
2013.08.05 03:31:02.076,0.9496,0.94978,1.32,1.62
2013.08.05 03:31:02.616,0.94957,0.94978,2.44,2.97
2013.08.05 03:31:02.919,0.94957,0.94977,2.44,3.65
2013.08.05 03:31:03.456,0.94957,0.94976,2.44,3.91
2013.08.05 03:31:04.558,0.94955,0.94976,2.07,4.85
2013.08.05 03:31:06.466,0.94957,0.94976,1.32,3.53
2013.08.05 03:31:06.526,0.9496,0.94978,1.69,3.04
2013.08.05 03:31:06.706,0.94961,0.94978,1.13,2.29
2013.08.05 03:31:10.877,0.94962,0.94978,1.50,2.44
2013.08.05 03:31:11.797,0.94962,0.94978,1.88,2.44
2013.08.05 03:31:18.216,0.94962,0.9498,2.07,3.19
2013.08.05 03:31:18.337,0.94962,0.9498,2.07,3.19
2013.08.05 03:31:21.166,0.94962,0.9498,2.07,3.19
2013.08.05 03:31:21.228,0.94962,0.94981,2.07,1.62
2013.08.05 03:31:21.347,0.94966,0.94985,1.69,1.54
2013.08.05 03:31:21.886,0.94966,0.94986,2.37,1.62
2013.08.05 03:31:22.416,0.94966,0.94986,2.37,1.62
2013.08.05 03:31:22.476,0.94966,0.94986,2.37,2.37
2013.08.05 03:31:25.946,0.94966,0.94986,2.74,1.62
2013.08.05 03:31:26.516,0.94966,0.94986,2.10,5.29
2013.08.05 03:31:26.576,0.94966,0.94986,2.10,5.29
2013.08.05 03:31:27.191,0.94965,0.94985,1.62,3.80
2013.08.05 03:31:28.286,0.94964,0.94984,1.54,3.42
2013.08.05 03:31:28.346,0.94964,0.94983,1.54,2.75
2013.08.05 03:31:28.866,0.94963,0.94983,2.10,4.54
2013.08.05 03:31:29.879,0.94963,0.94983,2.29,3.04
2013.08.05 03:31:30.966,0.94962,0.94983,1.62,3.05
2013.08.05 03:31:31.086,0.94961,0.94983,2.29,4.54
2013.08.05 03:31:32.596,0.94962,0.94983,1.69,2.10
2013.08.05 03:31:32.958,0.94964,0.94983,1.80,1.54
2013.08.05 03:31:33.316,0.94966,0.94985,2.74,1.54
2013.08.05 03:31:34.046,0.94967,0.94987,1.62,1.62
2013.08.05 03:31:34.526,0.94969,0.94987,1.43,2.37
2013.08.05 03:31:35.217,0.94969,0.94987,1.43,2.37
2013.08.05 03:31:36.446,0.9497,0.94988,1.50,1.62
2013.08.05 03:31:36.876,0.9497,0.94988,1.13,3.04
2013.08.05 03:31:37.946,0.9497,0.94989,3.60,2.44
2013.08.05 03:31:38.066,0.9497,0.9499,4.47,2.29
2013.08.05 03:31:38.486,0.94973,0.94991,1.05,2.44
2013.08.05 03:31:38.846,0.94977,0.94995,1.62,1.62
2013.08.05 03:31:40.467,0.94978,0.94995,1.43,1.69
2013.08.05 03:31:40.995,0.94978,0.94996,1.62,1.43
2013.08.05 03:31:45.327,0.94978,0.94996,1.62,1.50
2013.08.05 03:31:46.681,0.94974,0.94995,1.99,3.05
2013.08.05 03:31:47.071,0.94974,0.94995,2.37,4.47
2013.08.05 03:31:48.036,0.94974,0.94995,2.37,3.72
2013.08.05 03:31:48.396,0.94973,0.94995,1.69,5.22
2013.08.05 03:31:48.636,0.94973,0.94995,3.04,3.04
2013.08.05 03:31:48.696,0.94973,0.94993,3.04,3.04
2013.08.05 03:31:51.636,0.94973,0.94991,1.62,3.05
2013.08.05 03:31:54.166,0.94973,0.94991,1.62,1.35
2013.08.05 03:31:54.346,0.94974,0.94993,1.62,1.54
2013.08.05 03:31:58.807,0.94974,0.94993,2.37,1.54
2013.08.05 03:32:00.116,0.94973,0.94993,2.29,4.17
2013.08.05 03:32:00.476,0.94967,0.94987,1.62,3.05
2013.08.05 03:32:00.536,0.94967,0.94987,1.62,3.05
2013.08.05 03:32:02.156,0.94968,0.94987,1.54,2.37
2013.08.05 03:32:02.336,0.94971,0.94988,1.54,1.50
2013.08.05 03:32:02.396,0.94972,0.94991,2.29,1.62
2013.08.05 03:32:03.728,0.94973,0.94991,1.62,1.69
2013.08.05 03:32:04.537,0.94973,0.94992,1.62,2.37
2013.08.05 03:32:06.207,0.94973,0.94992,1.62,1.62
2013.08.05 03:32:06.806,0.94974,0.94994,2.29,3.04
2013.08.05 03:32:07.177,0.94974,0.94994,2.29,3.79
2013.08.05 03:32:08.866,0.94974,0.94994,1.62,3.04
2013.08.05 03:32:10.880,0.94972,0.94993,2.37,3.05
2013.08.05 03:32:11.176,0.94972,0.94993,2.44,3.05
2013.08.05 03:32:12.276,0.94972,0.94992,1.69,3.79
2013.08.05 03:32:14.117,0.9497,0.9499,3.19,4.47
2013.08.05 03:32:14.176,0.94969,0.9499,2.37,6.72
2013.08.05 03:32:15.606,0.94972,0.9499,1.13,3.72
2013.08.05 03:32:15.787,0.94972,0.9499,1.13,1.35
2013.08.05 03:32:15.907,0.94972,0.94991,1.80,2.29
2013.08.05 03:32:16.086,0.94973,0.94994,1.99,1.35
2013.08.05 03:32:16.206,0.94975,0.94995,2.29,1.54
2013.08.05 03:32:16.396,0.94975,0.94995,2.29,2.29
2013.08.05 03:32:17.484,0.94975,0.94995,2.10,3.79
2013.08.05 03:32:24.197,0.94975,0.94995,2.10,3.79
2013.08.05 03:32:26.826,0.94975,0.94995,2.10,3.79
2013.08.05 03:32:27.186,0.94975,0.94995,2.10,3.79
2013.08.05 03:32:28.892,0.94975,0.94994,2.29,3.94
2013.08.05 03:32:31.127,0.94975,0.94994,2.29,1.69
2013.08.05 03:32:31.744,0.94975,0.94994,1.62,2.29
2013.08.05 03:32:34.586,0.94974,0.94994,1.62,2.29
2013.08.05 03:32:34.647,0.94972,0.94994,2.37,5.30
2013.08.05 03:32:35.246,0.94974,0.94993,1.62,3.80
2013.08.05 03:32:39.527,0.94975,0.94993,1.62,2.37
2013.08.05 03:32:41.636,0.94975,0.94993,1.62,2.37
2013.08.05 03:32:43.666,0.94975,0.94993,1.62,3.12
2013.08.05 03:32:47.556,0.94975,0.94993,2.29,2.18
2013.08.05 03:32:47.736,0.94977,0.94995,1.05,1.69
2013.08.05 03:32:47.857,0.94981,0.94997,1.99,1.05
2013.08.05 03:32:48.276,0.94979,0.94997,1.69,2.85
2013.08.05 03:32:48.655,0.94977,0.94997,2.29,3.79
2013.08.05 03:32:48.722,0.94977,0.94998,2.67,1.62
2013.08.05 03:32:48.789,0.94978,0.94998,1.35,1.62
2013.08.05 03:32:49.756,0.94981,0.95,1.54,1.69
2013.08.05 03:32:52.007,0.94982,0.95003,1.54,1.62
2013.08.05 03:32:52.127,0.94983,0.95003,1.43,1.69
2013.08.05 03:32:53.506,0.94985,0.95004,1.35,2.37
2013.08.05 03:32:53.807,0.94986,0.95004,1.43,3.12
2013.08.05 03:32:53.867,0.94986,0.95004,1.43,3.87
2013.08.05 03:32:54.372,0.94986,0.95004,1.43,3.12
2013.08.05 03:32:54.676,0.94986,0.95004,3.49,1.43
2013.08.05 03:32:55.036,0.94991,0.95004,1.32,1.35
2013.08.05 03:32:55.576,0.94991,0.95006,1.32,2.10
2013.08.05 03:32:55.648,0.94991,0.9501,1.32,1.54
2013.08.05 03:32:55.710,0.94991,0.95012,1.99,2.29
2013.08.05 03:32:57.637,0.94994,0.95012,1.62,1.62
2013.08.05 03:32:58.956,0.94993,0.95012,1.54,1.62
2013.08.05 03:33:00.347,0.94993,0.95012,1.54,1.62
2013.08.05 03:33:00.846,0.94996,0.95013,1.13,2.29
2013.08.05 03:33:01.396,0.94996,0.95015,1.32,2.37
2013.08.05 03:33:01.696,0.94993,0.95013,3.79,3.05
2013.08.05 03:33:01.757,0.94993,0.95011,1.62,2.67
2013.08.05 03:33:02.237,0.94991,0.9501,1.50,4.85
2013.08.05 03:33:02.596,0.94987,0.95009,3.12,5.41
2013.08.05 03:33:02.656,0.94986,0.95007,1.24,3.05
2013.08.05 03:33:04.667,0.94984,0.95006,1.24,5.30
2013.08.05 03:33:04.986,0.94984,0.95006,1.24,5.30
2013.08.05 03:33:05.523,0.94988,0.95006,1.13,5.29
2013.08.05 03:33:05.828,0.9499,0.95006,1.35,1.50
2013.08.05 03:33:06.166,0.94992,0.95009,1.05,3.19
2013.08.05 03:33:07.300,0.94992,0.95009,1.80,3.19
2013.08.05 03:33:07.357,0.94992,0.9501,1.80,1.69
2013.08.05 03:33:08.843,0.94992,0.9501,1.43,1.69
2013.08.05 03:33:09.352,0.94992,0.95009,1.80,3.19
2013.08.05 03:33:11.476,0.94992,0.95009,1.43,3.19
2013.08.05 03:33:11.966,0.94987,0.95009,2.29,3.87
2013.08.05 03:33:12.027,0.94987,0.95007,1.35,3.79
2013.08.05 03:33:12.086,0.94987,0.95007,1.35,4.47
2013.08.05 03:33:12.929,0.94987,0.95006,1.50,3.80
2013.08.05 03:33:13.346,0.94988,0.95006,1.43,3.87
2013.08.05 03:33:13.526,0.94992,0.95008,1.43,1.69
2013.08.05 03:33:13.586,0.94992,0.9501,1.43,3.12
2013.08.05 03:33:14.306,0.94989,0.95009,2.37,3.05
2013.08.05 03:33:14.546,0.94986,0.95006,1.80,3.79
2013.08.05 03:33:14.916,0.94989,0.95006,1.13,3.79
2013.08.05 03:33:15.216,0.94992,0.9501,1.32,1.62
2013.08.05 03:33:16.506,0.94992,0.9501,2.74,1.69
2013.08.05 03:33:17.578,0.94992,0.95012,3.49,2.37
2013.08.05 03:33:19.056,0.94991,0.95012,1.35,3.49
2013.08.05 03:33:19.177,0.94991,0.95011,1.35,2.82
2013.08.05 03:33:19.296,0.94988,0.95008,1.54,2.48
2013.08.05 03:33:20.206,0.94989,0.95008,1.92,1.50
2013.08.05 03:33:20.266,0.94989,0.95009,1.92,1.62
2013.08.05 03:33:20.768,0.94991,0.95009,1.43,1.69
2013.08.05 03:33:21.566,0.9499,0.95009,1.35,4.32
2013.08.05 03:33:21.626,0.94988,0.95008,1.73,4.17
2013.08.05 03:33:23.446,0.94989,0.95008,2.10,1.99
2013.08.05 03:33:23.506,0.9499,0.95009,1.05,1.62
2013.08.05 03:33:23.986,0.94989,0.95009,1.13,3.80
2013.08.05 03:33:25.016,0.94989,0.95008,1.13,3.49
2013.08.05 03:33:26.337,0.94987,0.95008,1.92,4.99
2013.08.05 03:33:26.905,0.94987,0.95006,1.99,3.80
2013.08.05 03:33:27.438,0.94987,0.95006,1.24,4.47
2013.08.05 03:33:27.988,0.94985,0.95004,1.32,3.04
2013.08.05 03:33:28.517,0.94985,0.95004,1.99,1.43
2013.08.05 03:33:30.806,0.94985,0.95004,3.42,1.69
2013.08.05 03:33:34.561,0.94985,0.95004,3.04,1.69
2013.08.05 03:33:37.676,0.94985,0.95004,3.04,1.69
2013.08.05 03:33:38.766,0.94986,0.95005,1.32,3.04
2013.08.05 03:33:39.126,0.94988,0.95008,1.54,2.37
2013.08.05 03:33:39.486,0.94993,0.95009,1.54,1.62
2013.08.05 03:33:59.666,0.94991,0.95009,1.35,1.69
2013.08.05 03:33:59.786,0.94991,0.95009,1.35,2.44
2013.08.05 03:34:00.086,0.94988,0.95008,1.35,4.54
2013.08.05 03:34:00.326,0.94988,0.95007,1.05,3.79
2013.08.05 03:34:00.876,0.94985,0.95005,1.24,4.54
2013.08.05 03:34:03.078,0.94986,0.95004,1.13,5.30
2013.08.05 03:34:04.716,0.94985,0.95003,1.80,3.87
2013.08.05 03:34:07.669,0.94985,0.95002,1.80,3.87
2013.08.05 03:34:08.476,0.94984,0.95002,2.48,3.19
2013.08.05 03:34:09.022,0.94986,0.95002,1.05,2.44
2013.08.05 03:34:09.603,0.94987,0.95002,1.13,2.44
2013.08.05 03:34:10.136,0.94987,0.95002,1.13,2.44
2013.08.05 03:34:11.487,0.94987,0.95003,1.13,1.69
2013.08.05 03:34:14.189,0.94987,0.95004,1.13,2.44
2013.08.05 03:34:14.916,0.94987,0.95004,1.13,2.37
2013.08.05 03:34:15.906,0.94986,0.95004,1.99,2.37
2013.08.05 03:34:16.027,0.94981,0.95002,2.37,3.80
2013.08.05 03:34:16.146,0.9498,0.95002,1.62,7.02
2013.08.05 03:34:16.266,0.94978,0.94998,1.54,4.55
2013.08.05 03:34:16.326,0.94975,0.94996,1.92,3.87
2013.08.05 03:34:16.386,0.94975,0.94994,1.24,3.05
2013.08.05 03:34:18.598,0.94975,0.94994,2.37,3.80
2013.08.05 03:34:19.198,0.94975,0.94994,1.92,2.37
2013.08.05 03:34:19.317,0.94973,0.94994,2.29,3.12
2013.08.05 03:34:19.378,0.94971,0.94992,2.29,3.42
2013.08.05 03:34:19.556,0.94968,0.94988,2.10,3.12
2013.08.05 03:34:19.616,0.94966,0.94988,1.62,3.80
2013.08.05 03:34:20.176,0.94967,0.94988,1.35,3.80
2013.08.05 03:34:20.647,0.94967,0.94988,1.35,3.12
2013.08.05 03:34:23.677,0.94968,0.94987,1.43,4.55
2013.08.05 03:34:25.626,0.94967,0.94987,1.35,3.87
2013.08.05 03:34:26.017,0.94969,0.94987,1.43,3.19
2013.08.05 03:34:34.279,0.9497,0.94989,1.13,3.87
2013.08.05 03:34:34.397,0.94972,0.9499,1.69,1.54
2013.08.05 03:34:34.980,0.94974,0.9499,1.62,1.54
2013.08.05 03:34:35.286,0.94978,0.94993,1.35,3.19
2013.08.05 03:34:36.717,0.94979,0.94993,1.43,3.19
2013.08.05 03:34:39.956,0.94977,0.94996,1.43,2.37
2013.08.05 03:34:40.017,0.94977,0.94996,1.35,1.69
2013.08.05 03:34:40.076,0.94977,0.94996,1.35,1.69
2013.08.05 03:34:40.673,0.94979,0.94996,1.43,1.69
2013.08.05 03:34:44.652,0.94979,0.94996,1.43,3.19
2013.08.05 03:34:54.907,0.94977,0.94996,1.35,2.44
2013.08.05 03:34:55.268,0.94977,0.94994,1.35,3.20
2013.08.05 03:34:55.507,0.94974,0.9499,1.35,3.19
2013.08.05 03:34:55.837,0.9497,0.9499,1.35,3.87
2013.08.05 03:34:56.376,0.94969,0.9499,1.35,5.30
2013.08.05 03:35:00.498,0.9497,0.94989,1.43,5.30
2013.08.05 03:35:01.006,0.94967,0.94989,2.29,5.29
2013.08.05 03:35:01.512,0.94968,0.94987,1.62,3.05
2013.08.05 03:35:03.167,0.94969,0.94987,1.69,1.43
2013.08.05 03:35:03.346,0.9497,0.9499,1.99,4.54
2013.08.05 03:35:03.406,0.94971,0.9499,1.13,3.87
2013.08.05 03:35:03.946,0.94975,0.9499,1.35,2.44
2013.08.05 03:35:04.306,0.94976,0.94994,1.05,2.37
2013.08.05 03:35:04.486,0.94978,0.94995,1.05,2.44
2013.08.05 03:35:06.366,0.94979,0.94995,2.10,3.19
2013.08.05 03:35:09.226,0.94979,0.94995,1.35,3.19
2013.08.05 03:35:09.466,0.94977,0.94995,1.35,3.19
2013.08.05 03:35:10.187,0.94977,0.94995,2.10,3.19
2013.08.05 03:35:11.786,0.94977,0.94995,2.29,1.69
2013.08.05 03:35:20.337,0.94976,0.94995,1.24,1.62
2013.08.05 03:35:20.456,0.94978,0.94995,1.13,1.62
2013.08.05 03:35:20.876,0.94981,0.95,1.69,3.04
2013.08.05 03:35:21.056,0.94983,0.95003,1.35,2.44
2013.08.05 03:35:21.116,0.94984,0.95004,1.99,2.37
2013.08.05 03:35:21.656,0.94984,0.95004,1.99,2.37
2013.08.05 03:35:25.077,0.94984,0.95004,2.74,4.24
2013.08.05 03:35:25.257,0.9498,0.95,1.54,4.54
2013.08.05 03:35:25.746,0.94977,0.94997,1.69,2.97
2013.08.05 03:35:27.046,0.94975,0.94995,1.43,4.55
2013.08.05 03:35:27.167,0.94974,0.94994,1.35,4.39
2013.08.05 03:35:27.526,0.94975,0.94994,1.13,3.79
2013.08.05 03:35:28.639,0.94976,0.94994,1.43,3.79
2013.08.05 03:35:29.196,0.94976,0.94994,1.43,2.37
2013.08.05 03:35:30.066,0.94977,0.94995,2.10,1.69
2013.08.05 03:35:30.815,0.94977,0.94996,2.10,1.69
2013.08.05 03:35:31.165,0.94979,0.94996,1.43,1.69
2013.08.05 03:35:36.896,0.94977,0.94996,1.35,1.69
2013.08.05 03:35:38.097,0.94977,0.94996,1.43,3.12
2013.08.05 03:35:39.136,0.94976,0.94996,2.37,2.37
2013.08.05 03:35:39.894,0.94977,0.94996,2.67,1.69
2013.08.05 03:35:40.564,0.94977,0.94997,2.67,1.69
2013.08.05 03:35:48.279,0.94978,0.94998,1.05,2.37
2013.08.05 03:35:48.757,0.94979,0.94998,1.99,1.62
2013.08.05 03:35:49.116,0.94986,0.94999,1.13,2.29
2013.08.05 03:35:49.177,0.94986,0.94999,1.13,1.35
2013.08.05 03:35:49.237,0.94986,0.94999,1.13,1.35
2013.08.05 03:35:49.789,0.94986,0.94999,1.13,1.35
2013.08.05 03:35:49.878,0.94986,0.95002,1.13,1.62
2013.08.05 03:35:50.427,0.94986,0.95004,2.48,2.44
2013.08.05 03:35:50.856,0.94986,0.95006,3.23,3.04
2013.08.05 03:35:53.338,0.94986,0.95006,2.48,3.04
2013.08.05 03:35:53.787,0.94986,0.95006,1.35,4.47
2013.08.05 03:35:53.967,0.94986,0.95004,1.35,4.32
2013.08.05 03:35:54.087,0.94984,0.95004,1.05,5.67
2013.08.05 03:35:54.146,0.94984,0.95004,1.05,5.67
2013.08.05 03:35:55.976,0.94985,0.95002,1.13,2.74
2013.08.05 03:35:57.347,0.94981,0.94999,1.32,3.05
2013.08.05 03:36:00.698,0.94982,0.94999,1.24,1.69
2013.08.05 03:36:02.796,0.94982,0.94999,1.24,1.69
2013.08.05 03:36:09.658,0.94983,0.95002,1.80,1.62
2013.08.05 03:36:09.717,0.94986,0.95003,1.99,1.54
2013.08.05 03:36:09.837,0.94989,0.95003,1.32,1.35
2013.08.05 03:36:09.957,0.94989,0.95004,1.32,1.43
2013.08.05 03:36:10.196,0.94989,0.95006,1.32,1.35
2013.08.05 03:36:10.316,0.94989,0.95009,1.99,1.99
2013.08.05 03:36:11.402,0.94993,0.95009,1.24,1.13
2013.08.05 03:36:13.671,0.94993,0.9501,1.99,2.18
2013.08.05 03:36:16.936,0.94993,0.9501,1.24,2.37
2013.08.05 03:36:17.306,0.94994,0.95012,1.35,1.62
2013.08.05 03:36:17.827,0.94995,0.95013,1.43,3.79
2013.08.05 03:36:18.478,0.94995,0.95013,2.48,2.44
2013.08.05 03:36:18.836,0.94996,0.95015,1.32,2.29
2013.08.05 03:36:18.896,0.94996,0.95015,1.99,2.29
2013.08.05 03:36:19.577,0.94998,0.95016,1.05,1.62
2013.08.05 03:36:20.366,0.94998,0.95016,1.99,1.69
2013.08.05 03:36:22.511,0.94998,0.95016,1.43,1.69
2013.08.05 03:36:23.680,0.94999,0.95017,1.62,1.43
2013.08.05 03:36:23.857,0.94999,0.95019,2.37,2.29
2013.08.05 03:36:24.217,0.94999,0.95019,2.67,1.62
2013.08.05 03:36:24.417,0.95,0.95019,1.47,1.62
2013.08.05 03:36:24.536,0.95001,0.95019,2.37,1.43
2013.08.05 03:36:25.017,0.95002,0.95019,1.62,3.50
2013.08.05 03:36:25.137,0.94997,0.95015,1.50,5.30
2013.08.05 03:36:25.436,0.94996,0.95012,1.43,4.69
2013.08.05 03:36:25.556,0.94996,0.9501,1.43,4.55
2013.08.05 03:36:25.616,0.94988,0.95009,1.62,3.05
2013.08.05 03:36:26.098,0.94987,0.95009,1.62,3.05
2013.08.05 03:36:26.217,0.94985,0.95004,2.22,3.94
2013.08.05 03:36:26.277,0.94985,0.95004,2.22,3.94
2013.08.05 03:36:26.816,0.9498,0.95002,3.12,4.47
2013.08.05 03:36:27.896,0.94978,0.95001,2.67,3.05
2013.08.05 03:36:29.027,0.9498,0.95001,1.62,3.80
2013.08.05 03:36:29.537,0.94982,0.95001,1.43,3.04
2013.08.05 03:36:32.037,0.9498,0.95001,2.22,1.50
2013.08.05 03:36:34.906,0.9498,0.95001,1.54,2.75
2013.08.05 03:36:43.137,0.94982,0.95001,1.43,1.62
2013.08.05 03:36:43.556,0.94984,0.95003,1.35,1.62
2013.08.05 03:36:44.376,0.94985,0.95004,2.10,2.82
2013.08.05 03:36:53.634,0.94985,0.95004,2.67,2.82
2013.08.05 03:36:54.267,0.94985,0.95003,1.54,3.49
2013.08.05 03:36:54.627,0.94982,0.94998,1.35,3.57
2013.08.05 03:36:54.746,0.9498,0.94998,1.35,3.19
2013.08.05 03:36:54.807,0.94979,0.94999,1.54,1.62
2013.08.05 03:36:54.926,0.9498,0.94999,1.62,1.62
2013.08.05 03:36:55.286,0.94981,0.94999,1.88,2.29
2013.08.05 03:36:55.527,0.94982,0.94999,1.13,1.54
2013.08.05 03:36:55.768,0.94982,0.94999,1.13,1.54
2013.08.05 03:36:55.892,0.94982,0.94999,1.13,1.54
2013.08.05 03:36:56.396,0.94983,0.95,1.24,1.62
2013.08.05 03:37:00.698,0.94983,0.95,1.24,1.69
2013.08.05 03:37:01.407,0.94983,0.95,1.24,3.57
2013.08.05 03:37:01.647,0.9498,0.94998,1.35,2.82
2013.08.05 03:37:01.708,0.94979,0.94998,1.35,2.82
2013.08.05 03:37:01.768,0.94979,0.94998,1.35,2.82
2013.08.05 03:37:02.246,0.94978,0.94998,1.54,4.17
2013.08.05 03:37:03.826,0.94977,0.94995,1.43,3.12
2013.08.05 03:37:05.787,0.94977,0.94995,1.62,3.12
2013.08.05 03:37:09.657,0.94974,0.94995,3.19,4.47
2013.08.05 03:37:10.017,0.94973,0.94991,1.92,3.35
2013.08.05 03:37:10.078,0.94974,0.94991,1.24,1.32
2013.08.05 03:37:10.138,0.94975,0.94993,1.43,3.94
2013.08.05 03:37:13.138,0.94976,0.94993,1.35,1.69
2013.08.05 03:37:17.588,0.94976,0.94996,3.72,4.17
2013.08.05 03:37:17.946,0.94984,0.95002,1.24,2.44
2013.08.05 03:37:18.467,0.94984,0.95002,1.24,2.44
2013.08.05 03:37:19.177,0.94985,0.95002,1.13,1.69
2013.08.05 03:37:19.297,0.94987,0.95005,1.54,1.69
2013.08.05 03:37:19.823,0.94989,0.95007,2.03,2.44
2013.08.05 03:37:19.886,0.94991,0.95007,1.35,2.44
2013.08.05 03:37:20.306,0.94992,0.95012,2.29,1.62
2013.08.05 03:37:20.366,0.94995,0.95013,1.35,3.19
2013.08.05 03:37:20.606,0.94993,0.95013,1.54,1.62
2013.08.05 03:37:20.727,0.94995,0.95014,1.35,1.62
2013.08.05 03:37:21.027,0.94992,0.95014,1.54,4.47
2013.08.05 03:37:26.127,0.94993,0.95012,2.10,3.12
2013.08.05 03:37:26.247,0.94997,0.95013,1.05,1.62
2013.08.05 03:37:26.307,0.94997,0.95014,1.73,1.69
2013.08.05 03:37:26.367,0.94998,0.95016,1.05,2.44
2013.08.05 03:37:26.427,0.95,0.95018,1.92,1.62
2013.08.05 03:37:26.616,0.95002,0.9502,1.35,1.69
2013.08.05 03:37:26.678,0.95002,0.95023,2.10,2.29
2013.08.05 03:37:27.204,0.95003,0.95023,1.35,2.29
2013.08.05 03:37:27.658,0.95001,0.95023,1.54,3.42
2013.08.05 03:37:28.187,0.95001,0.95021,2.29,2.85
2013.08.05 03:37:29.268,0.95001,0.95021,1.35,3.79
2013.08.05 03:37:29.848,0.95,0.95019,1.43,3.05
2013.08.05 03:37:30.386,0.94997,0.95019,2.29,2.29
2013.08.05 03:37:30.695,0.94999,0.95019,2.29,3.04
2013.08.05 03:37:31.215,0.94999,0.95019,2.29,5.29
2013.08.05 03:37:31.726,0.94999,0.95019,2.29,5.29
2013.08.05 03:37:31.786,0.94997,0.95018,1.54,3.12
2013.08.05 03:37:32.086,0.94995,0.95016,1.62,3.80
2013.08.05 03:37:32.616,0.94995,0.95016,1.62,5.22
2013.08.05 03:37:39.193,0.94995,0.95014,1.62,3.05
2013.08.05 03:37:40.299,0.94995,0.95014,1.62,3.05
2013.08.05 03:37:40.478,0.94998,0.95016,1.35,1.62
2013.08.05 03:37:40.939,0.95002,0.95016,1.35,1.43
2013.08.05 03:37:41.247,0.94998,0.95008,2.85,3.19
2013.08.05 03:37:41.547,0.95002,0.95012,1.35,1.69
2013.08.05 03:37:41.969,0.94999,0.95012,1.35,1.69
2013.08.05 03:37:42.110,0.94995,0.95012,2.10,3.79
2013.08.05 03:37:42.229,0.94989,0.95012,1.32,5.89
2013.08.05 03:37:42.376,0.94988,0.95012,2.67,6.64
2013.08.05 03:37:42.556,0.94988,0.95009,1.24,3.53
2013.08.05 03:37:42.906,0.94992,0.95009,1.43,1.43
2013.08.05 03:37:43.207,0.94992,0.95009,1.88,1.43
2013.08.05 03:37:43.626,0.94994,0.95011,1.43,1.62
2013.08.05 03:37:46.838,0.94994,0.95011,1.43,1.62
2013.08.05 03:37:49.916,0.94994,0.95011,1.62,1.62
2013.08.05 03:38:00.005,0.94994,0.95012,1.50,2.29
2013.08.05 03:38:01.307,0.94994,0.95012,1.69,3.04
2013.08.05 03:38:09.288,0.94992,0.95012,1.69,3.72
2013.08.05 03:38:09.408,0.94991,0.95011,1.43,5.29
2013.08.05 03:38:11.577,0.94988,0.95007,1.32,3.72
2013.08.05 03:38:11.907,0.94988,0.95007,1.32,3.72
2013.08.05 03:38:30.739,0.94987,0.95007,1.69,2.97
2013.08.05 03:38:30.997,0.94987,0.95007,1.69,3.72
2013.08.05 03:38:37.808,0.94986,0.95007,3.19,3.72
2013.08.05 03:38:37.932,0.94986,0.95007,3.19,3.72
2013.08.05 03:38:41.407,0.94984,0.95004,2.29,3.04
2013.08.05 03:38:41.527,0.94984,0.95004,2.29,3.72
2013.08.05 03:38:41.587,0.94984,0.95004,2.29,3.04
2013.08.05 03:38:41.707,0.94982,0.95001,2.10,3.94
2013.08.05 03:38:42.067,0.94986,0.95001,1.50,3.12
2013.08.05 03:38:42.187,0.94986,0.95002,1.69,2.29
2013.08.05 03:38:42.577,0.94986,0.95002,1.69,3.72
2013.08.05 03:38:42.949,0.94986,0.95002,1.69,1.62
2013.08.05 03:38:43.009,0.94986,0.95004,1.69,2.44
2013.08.05 03:38:43.946,0.94984,0.95004,2.37,3.80
2013.08.05 03:38:44.256,0.94986,0.95004,1.69,1.69
2013.08.05 03:38:52.115,0.94985,0.95004,3.04,1.69
2013.08.05 03:39:10.607,0.94985,0.95004,1.69,3.79
2013.08.05 03:39:33.736,0.94985,0.95004,1.62,1.43
2013.08.05 03:39:33.934,0.94985,0.95004,2.37,1.43
2013.08.05 03:39:39.008,0.94985,0.95004,2.37,1.62
2013.08.05 03:39:41.527,0.94985,0.95004,1.62,3.12
2013.08.05 03:39:54.589,0.94982,0.95003,2.37,4.10
2013.08.05 03:39:54.650,0.94982,0.95,1.43,2.82
2013.08.05 03:39:55.277,0.94977,0.94998,2.44,6.49
2013.08.05 03:39:55.849,0.94977,0.94996,2.44,5.82
2013.08.05 03:39:56.377,0.94977,0.94996,2.44,2.97
2013.08.05 03:39:56.497,0.94977,0.94994,1.69,2.48
2013.08.05 03:39:56.617,0.94974,0.94993,2.37,2.97
2013.08.05 03:39:56.737,0.94974,0.94991,1.69,3.46
2013.08.05 03:39:56.857,0.94972,0.94991,1.43,6.20
2013.08.05 03:39:57.217,0.94968,0.94988,2.07,3.72
2013.08.05 03:39:57.823,0.94966,0.94987,1.62,3.05
2013.08.05 03:40:02.207,0.94966,0.94984,2.18,3.12
2013.08.05 03:40:02.267,0.94964,0.94984,1.54,3.12
2013.08.05 03:40:02.807,0.94967,0.94984,1.50,1.69
2013.08.05 03:40:02.987,0.94968,0.94984,1.43,1.50
2013.08.05 03:40:03.109,0.94972,0.94988,1.50,2.67
2013.08.05 03:40:03.467,0.94973,0.94988,1.43,1.05
2013.08.05 03:40:03.768,0.94972,0.94988,1.13,1.05
2013.08.05 03:40:04.326,0.94973,0.94992,1.43,2.29
2013.08.05 03:40:07.718,0.94975,0.94992,1.50,1.54
2013.08.05 03:40:14.837,0.94975,0.94992,1.50,1.35
2013.08.05 03:40:15.433,0.94975,0.94992,1.50,1.35
2013.08.05 03:40:22.636,0.94975,0.94992,1.50,1.35
2013.08.05 03:40:33.957,0.94976,0.94992,1.13,1.35
2013.08.05 03:40:34.317,0.94982,0.94996,2.07,1.35
2013.08.05 03:40:34.377,0.94982,0.95,2.07,1.35
2013.08.05 03:40:35.005,0.94982,0.95002,2.74,1.54
2013.08.05 03:40:38.237,0.94982,0.95002,3.49,1.43
2013.08.05 03:40:38.357,0.94982,0.95001,2.82,3.05
2013.08.05 03:40:44.117,0.94982,0.95001,1.69,2.18
2013.08.05 03:40:50.679,0.94982,0.95001,2.44,1.54
2013.08.05 03:40:53.748,0.94984,0.95002,1.50,3.04
2013.08.05 03:41:04.688,0.94984,0.95002,1.50,2.29
2013.08.05 03:41:07.094,0.94985,0.95002,1.43,2.37
2013.08.05 03:41:07.637,0.94985,0.95002,1.43,3.12
2013.08.05 03:41:07.758,0.94985,0.95002,1.43,3.12
2013.08.05 03:41:24.337,0.94981,0.95002,1.62,3.79
2013.08.05 03:41:24.577,0.94984,0.95002,1.69,1.62
2013.08.05 03:41:25.207,0.94984,0.95003,1.69,2.29
2013.08.05 03:41:31.529,0.94983,0.95003,2.29,4.09
2013.08.05 03:41:31.589,0.94981,0.95003,3.04,4.85
2013.08.05 03:41:31.949,0.9498,0.94997,1.43,3.87
2013.08.05 03:41:33.287,0.94979,0.94997,1.69,1.69
2013.08.05 03:41:33.467,0.94982,0.94999,1.50,1.62
2013.08.05 03:41:33.827,0.94982,0.94999,1.50,1.43
2013.08.05 03:41:36.367,0.94981,0.95,2.18,2.10
2013.08.05 03:41:36.907,0.94978,0.94999,1.69,5.14
2013.08.05 03:41:37.147,0.94975,0.94998,1.99,2.97
2013.08.05 03:41:37.447,0.94974,0.94997,1.54,3.80
2013.08.05 03:41:37.687,0.94973,0.94994,2.37,2.78
2013.08.05 03:41:38.908,0.94975,0.94994,1.69,3.72
2013.08.05 03:41:39.147,0.94975,0.94995,2.74,1.62
2013.08.05 03:41:39.637,0.94977,0.94996,2.18,2.37
2013.08.05 03:41:39.697,0.94977,0.94996,2.85,1.62
2013.08.05 03:41:40.231,0.94977,0.94996,2.18,3.79
2013.08.05 03:41:44.308,0.94977,0.94996,2.93,1.62
2013.08.05 03:41:44.368,0.94978,0.94996,1.69,1.62
2013.08.05 03:41:44.880,0.9498,0.94996,1.50,1.62
2013.08.05 03:41:45.028,0.9498,0.94996,1.50,1.62
2013.08.05 03:41:48.997,0.94981,0.94997,1.50,2.37
2013.08.05 03:41:56.319,0.94981,0.94997,1.50,1.62
2013.08.05 03:41:58.219,0.94981,0.94997,1.50,2.37
2013.08.05 03:42:01.330,0.94981,0.94997,1.50,2.37
2013.08.05 03:42:02.447,0.94981,0.94997,1.50,2.37
2013.08.05 03:42:03.657,0.9498,0.94997,1.50,2.37
2013.08.05 03:42:04.348,0.9498,0.94997,1.50,2.37
2013.08.05 03:42:05.053,0.9498,0.94997,1.50,3.87
2013.08.05 03:42:07.539,0.9498,0.94997,1.50,1.62
2013.08.05 03:42:07.817,0.9498,0.94997,1.50,2.37
2013.08.05 03:42:08.607,0.94975,0.94996,1.69,3.05
2013.08.05 03:42:14.168,0.94974,0.94993,1.69,3.05
2013.08.05 03:42:20.389,0.94974,0.94993,1.69,3.05
2013.08.05 03:42:32.067,0.94974,0.94993,1.50,3.04
2013.08.05 03:42:33.267,0.94974,0.94993,1.69,3.04
2013.08.05 03:42:39.165,0.94974,0.94993,1.69,2.29
2013.08.05 03:42:39.757,0.94974,0.94993,1.69,2.29
2013.08.05 03:42:50.607,0.94975,0.94994,1.69,2.37
2013.08.05 03:42:54.138,0.94975,0.94994,1.69,2.37
2013.08.05 03:42:59.087,0.94974,0.94994,2.37,3.12
2013.08.05 03:43:00.248,0.94974,0.94994,2.18,3.12
2013.08.05 03:43:03.388,0.94974,0.94994,1.62,3.79
2013.08.05 03:43:04.115,0.94975,0.94994,1.69,3.79
2013.08.05 03:43:10.988,0.94975,0.94994,1.69,3.79
2013.08.05 03:43:14.789,0.94975,0.94994,1.50,4.55
2013.08.05 03:43:17.858,0.94975,0.94994,1.50,5.30
2013.08.05 03:43:18.339,0.94971,0.94993,2.29,5.29
2013.08.05 03:43:18.518,0.94972,0.94991,1.69,3.79
2013.08.05 03:43:52.547,0.94971,0.94991,2.29,3.04
2013.08.05 03:43:52.848,0.94969,0.94987,2.29,2.82
2013.08.05 03:43:55.097,0.94969,0.94987,1.35,1.32
2013.08.05 03:43:55.277,0.94967,0.94987,1.43,2.75
2013.08.05 03:43:56.036,0.94967,0.94986,1.43,2.82
2013.08.05 03:44:04.777,0.94967,0.94986,1.62,2.07
2013.08.05 03:44:10.907,0.94968,0.94986,1.50,2.82
2013.08.05 03:44:11.558,0.94968,0.94986,1.50,2.82
2013.08.05 03:44:15.918,0.94968,0.94986,2.10,3.50
2013.08.05 03:44:18.903,0.94968,0.94986,2.10,5.00
2013.08.05 03:44:23.915,0.94968,0.94986,2.10,3.50
2013.08.05 03:44:34.694,0.94968,0.94986,2.10,5.00
2013.08.05 03:44:36.828,0.94968,0.94986,2.10,5.00
2013.08.05 03:44:39.809,0.94968,0.94986,1.43,3.50
2013.08.05 03:44:43.871,0.94968,0.94986,1.80,3.50
2013.08.05 03:44:44.178,0.94972,0.94988,2.48,1.69
2013.08.05 03:44:44.238,0.94974,0.94991,1.13,1.32
2013.08.05 03:44:44.297,0.94974,0.94992,1.13,1.92
2013.08.05 03:44:46.138,0.94977,0.94993,1.50,1.32
2013.08.05 03:44:46.908,0.94976,0.94993,2.10,2.07
2013.08.05 03:44:47.777,0.94977,0.94993,1.50,1.32
2013.08.05 03:44:48.608,0.94976,0.94994,2.10,2.07
2013.08.05 03:44:48.730,0.94977,0.94994,1.50,2.07
2013.08.05 03:44:54.218,0.94976,0.94994,2.10,2.82
2013.08.05 03:44:59.477,0.94977,0.94994,1.88,2.75
2013.08.05 03:45:03.056,0.94977,0.94994,1.50,3.50
2013.08.05 03:45:07.987,0.94977,0.94994,1.50,2.75
2013.08.05 03:45:10.948,0.94975,0.94994,1.43,3.50
2013.08.05 03:45:13.138,0.94976,0.94994,1.50,3.49
2013.08.05 03:45:23.658,0.94976,0.94994,2.44,1.62
2013.08.05 03:45:23.898,0.94979,0.94998,1.35,2.44
2013.08.05 03:45:24.257,0.94981,0.95001,2.07,1.54
2013.08.05 03:45:24.449,0.94982,0.95002,2.67,1.54
2013.08.05 03:45:31.469,0.94987,0.95004,2.18,1.62
2013.08.05 03:45:32.057,0.94987,0.95004,2.18,1.62
2013.08.05 03:45:32.358,0.94991,0.95008,1.32,3.04
2013.08.05 03:45:32.718,0.94991,0.95009,2.29,1.69
2013.08.05 03:45:33.049,0.94993,0.95009,1.35,1.69
2013.08.05 03:45:33.801,0.94993,0.95013,2.29,1.62
2013.08.05 03:45:34.808,0.94995,0.95013,1.62,1.62
2013.08.05 03:45:38.598,0.94993,0.95013,2.67,1.62
2013.08.05 03:45:39.018,0.94992,0.95013,1.92,1.62
2013.08.05 03:45:39.547,0.94992,0.95012,1.62,3.05
2013.08.05 03:45:49.399,0.9499,0.95009,2.29,3.42
2013.08.05 03:45:49.517,0.94986,0.95006,2.85,2.67
2013.08.05 03:45:49.579,0.94986,0.95006,2.10,3.42
2013.08.05 03:45:50.117,0.94986,0.95006,2.10,3.42
2013.08.05 03:45:50.337,0.94984,0.95005,1.99,3.05
2013.08.05 03:45:50.878,0.94984,0.95005,1.62,3.05
2013.08.05 03:45:51.287,0.94984,0.95005,1.62,3.79
2013.08.05 03:45:52.567,0.94983,0.95005,1.54,3.80
2013.08.05 03:45:54.368,0.94982,0.95002,2.67,2.67
2013.08.05 03:45:54.732,0.94981,0.95001,1.62,2.67
2013.08.05 03:45:55.267,0.94983,0.95,1.69,3.72
2013.08.05 03:45:55.328,0.94981,0.95,1.69,2.97
2013.08.05 03:45:55.709,0.94981,0.94998,1.69,3.45
2013.08.05 03:45:57.607,0.94979,0.94998,1.62,2.29
2013.08.05 03:45:58.149,0.94984,0.94999,2.10,1.69
2013.08.05 03:45:58.269,0.94987,0.95004,1.43,2.37
2013.08.05 03:45:58.779,0.94987,0.95004,2.10,1.69
2013.08.05 03:45:59.669,0.94985,0.95004,2.29,2.44
2013.08.05 03:46:00.435,0.94987,0.95004,1.50,2.44
2013.08.05 03:46:01.002,0.94986,0.95004,1.50,3.80
2013.08.05 03:46:01.774,0.94986,0.95004,1.69,3.80
2013.08.05 03:46:03.266,0.94986,0.95004,1.69,3.80
2013.08.05 03:46:03.718,0.94984,0.95003,1.43,4.62
2013.08.05 03:46:04.331,0.94979,0.95001,1.62,4.47
2013.08.05 03:46:05.168,0.94981,0.95001,1.43,3.12
2013.08.05 03:46:23.352,0.94982,0.95,1.50,3.94
2013.08.05 03:46:24.357,0.94982,0.95,1.50,3.94
2013.08.05 03:46:38.235,0.94982,0.95,1.69,1.69
2013.08.05 03:46:48.258,0.9498,0.94999,1.69,3.79
2013.08.05 03:46:48.487,0.94979,0.94999,1.54,4.47
2013.08.05 03:46:49.029,0.94982,0.94999,1.50,3.80
2013.08.05 03:46:49.568,0.94982,0.94999,1.50,1.69
2013.08.05 03:46:58.329,0.94982,0.95,1.69,3.04
2013.08.05 03:46:59.548,0.94982,0.95,1.69,3.04
2013.08.05 03:47:06.048,0.94982,0.95,1.69,3.04
2013.08.05 03:47:09.308,0.94982,0.95,1.69,1.54
2013.08.05 03:47:09.731,0.94987,0.95004,1.50,1.62
2013.08.05 03:47:09.787,0.94987,0.95006,2.44,3.72
2013.08.05 03:47:10.629,0.94987,0.95006,3.42,2.37
2013.08.05 03:47:11.617,0.94988,0.95007,1.62,3.79
2013.08.05 03:47:12.748,0.94988,0.95007,1.62,2.37
2013.08.05 03:47:13.287,0.94991,0.95008,1.32,1.54
2013.08.05 03:47:13.817,0.94992,0.9501,1.99,1.62
2013.08.05 03:47:14.358,0.94992,0.9501,1.62,3.80
2013.08.05 03:47:15.029,0.94992,0.9501,2.37,2.37
2013.08.05 03:47:17.329,0.94992,0.9501,1.62,2.37
2013.08.05 03:47:22.287,0.94992,0.9501,2.37,2.37
2013.08.05 03:47:23.298,0.94991,0.9501,1.54,4.40
2013.08.05 03:47:23.358,0.94991,0.9501,1.54,4.40
2013.08.05 03:47:23.882,0.94986,0.95009,3.12,3.05
2013.08.05 03:47:30.228,0.94988,0.95008,1.62,3.12
2013.08.05 03:47:30.798,0.94988,0.95008,1.62,2.44
2013.08.05 03:47:33.649,0.94987,0.95008,2.29,3.12
2013.08.05 03:47:34.308,0.94985,0.95007,2.29,4.47
2013.08.05 03:47:37.598,0.94986,0.95006,1.62,3.12
2013.08.05 03:47:38.079,0.94984,0.95002,1.62,2.97
2013.08.05 03:47:38.200,0.94982,0.95001,2.10,3.04
2013.08.05 03:47:38.260,0.94979,0.95,1.62,3.05
2013.08.05 03:47:38.379,0.94979,0.95,1.62,3.72
2013.08.05 03:47:40.068,0.94977,0.94999,3.19,4.84
2013.08.05 03:47:42.617,0.94977,0.94997,1.69,3.04
2013.08.05 03:47:43.805,0.94976,0.94997,3.79,2.29
2013.08.05 03:47:49.777,0.94976,0.94996,2.44,3.05
2013.08.05 03:47:53.589,0.94976,0.94996,3.12,2.37
2013.08.05 03:47:54.374,0.94976,0.94996,2.37,1.62
2013.08.05 03:48:05.277,0.94976,0.94996,1.62,1.62
2013.08.05 03:48:05.398,0.94975,0.94996,2.37,1.35
2013.08.05 03:48:05.758,0.94973,0.94995,1.62,3.90
2013.08.05 03:48:05.817,0.94972,0.94995,1.54,4.09
2013.08.05 03:48:06.327,0.94974,0.94995,1.35,3.04
2013.08.05 03:48:06.447,0.94974,0.94995,2.10,3.04
2013.08.05 03:48:18.928,0.94975,0.94995,1.69,3.04
2013.08.05 03:48:19.978,0.94977,0.94995,1.62,2.37
2013.08.05 03:48:22.367,0.94977,0.94995,1.62,2.37
2013.08.05 03:48:23.418,0.94976,0.94996,3.04,2.29
2013.08.05 03:48:30.210,0.94976,0.94996,3.04,1.54
2013.08.05 03:48:30.786,0.94978,0.94998,2.10,3.04
2013.08.05 03:48:32.227,0.94978,0.94998,2.29,4.54
2013.08.05 03:48:32.768,0.94976,0.94996,2.29,3.79
2013.08.05 03:48:33.505,0.94976,0.94996,2.29,5.29
2013.08.05 03:48:39.158,0.94977,0.94996,1.50,3.04
2013.08.05 03:48:42.357,0.94977,0.94996,1.69,2.29
2013.08.05 03:48:44.949,0.94978,0.94996,1.69,2.29
2013.08.05 03:48:49.258,0.94977,0.94996,1.50,2.10
2013.08.05 03:48:52.677,0.94976,0.94996,3.04,2.29
2013.08.05 03:48:52.960,0.94978,0.94996,1.62,1.62
2013.08.05 03:48:53.535,0.94978,0.94996,2.37,1.62
2013.08.05 03:48:54.979,0.94978,0.94996,1.62,1.62
2013.08.05 03:49:03.630,0.94978,0.94996,1.62,1.62
2013.08.05 03:49:04.339,0.94978,0.94996,1.43,1.43
2013.08.05 03:49:12.777,0.94977,0.94996,1.43,1.43
2013.08.05 03:49:13.568,0.94978,0.94996,1.43,1.43
2013.08.05 03:49:14.118,0.94978,0.94996,1.62,1.62
2013.08.05 03:49:15.756,0.94978,0.94996,1.62,1.62
2013.08.05 03:49:36.148,0.94977,0.94996,2.37,1.62
2013.08.05 03:49:36.508,0.94972,0.94991,1.54,2.75
2013.08.05 03:49:37.048,0.94968,0.9499,2.82,2.97
2013.08.05 03:49:38.499,0.9497,0.9499,1.69,3.72
2013.08.05 03:49:41.959,0.94968,0.9499,2.07,3.79
2013.08.05 03:49:43.207,0.94968,0.94989,1.32,3.79
2013.08.05 03:49:51.389,0.9497,0.94989,1.69,2.10
2013.08.05 03:49:54.387,0.9497,0.94989,1.69,1.35
2013.08.05 03:49:54.945,0.9497,0.94989,3.04,1.69
2013.08.05 03:49:57.699,0.9497,0.94989,3.04,1.50
2013.08.05 03:49:58.217,0.9497,0.94989,2.37,2.85
2013.08.05 03:50:00.206,0.9497,0.94989,1.62,3.04
2013.08.05 03:50:02.249,0.9497,0.94989,1.62,3.04
2013.08.05 03:50:04.988,0.94969,0.94989,1.62,4.47
2013.08.05 03:50:07.628,0.94968,0.94989,2.37,1.62
2013.08.05 03:50:08.228,0.94968,0.94989,2.37,2.37
2013.08.05 03:50:14.698,0.94968,0.94989,2.37,3.12
2013.08.05 03:50:18.077,0.94968,0.94989,2.37,2.37
2013.08.05 03:50:24.248,0.94969,0.94989,1.69,2.37
2013.08.05 03:50:27.291,0.94969,0.94989,1.69,3.80
2013.08.05 03:50:28.437,0.94968,0.94989,1.62,3.80
2013.08.05 03:50:31.558,0.94969,0.94989,1.69,3.80
2013.08.05 03:50:35.983,0.94969,0.94988,1.69,3.50
2013.08.05 03:50:36.172,0.94963,0.94981,2.10,2.75
2013.08.05 03:50:36.290,0.94963,0.94979,1.35,4.24
2013.08.05 03:50:36.468,0.94963,0.94982,1.54,2.74
2013.08.05 03:50:36.529,0.94963,0.94982,1.62,4.09
2013.08.05 03:50:36.889,0.94962,0.94979,2.44,2.78
2013.08.05 03:50:37.278,0.94962,0.94979,2.44,1.35
2013.08.05 03:50:37.578,0.94964,0.94982,1.69,1.35
2013.08.05 03:50:37.758,0.94966,0.94986,2.37,3.72
2013.08.05 03:50:37.878,0.94966,0.94986,2.37,1.62
2013.08.05 03:50:38.028,0.94966,0.94986,1.69,3.04
2013.08.05 03:50:38.608,0.94964,0.94986,2.74,3.72
2013.08.05 03:50:38.788,0.94965,0.94984,1.35,3.57
2013.08.05 03:50:38.848,0.94964,0.94984,1.05,4.25
2013.08.05 03:50:39.148,0.94961,0.94984,3.49,6.72
2013.08.05 03:50:39.688,0.94961,0.94982,2.37,4.17
2013.08.05 03:50:40.908,0.94961,0.94982,1.62,5.67
2013.08.05 03:50:40.968,0.9496,0.94982,1.54,6.35
2013.08.05 03:50:41.498,0.94961,0.94981,1.62,5.67
2013.08.05 03:50:41.928,0.9496,0.9498,1.54,3.50
2013.08.05 03:50:42.348,0.9496,0.94979,1.62,3.04
2013.08.05 03:50:42.758,0.94963,0.94979,1.69,1.35
2013.08.05 03:50:43.557,0.94963,0.94982,3.04,1.54
2013.08.05 03:50:44.169,0.94965,0.94983,1.62,2.37
2013.08.05 03:50:45.196,0.94968,0.94985,1.43,1.69
2013.08.05 03:50:50.149,0.94968,0.94986,1.62,2.37
2013.08.05 03:50:50.617,0.94967,0.94986,2.29,3.87
2013.08.05 03:50:54.080,0.94965,0.94982,1.62,2.45
2013.08.05 03:50:54.438,0.94961,0.94977,1.35,4.92
2013.08.05 03:50:54.746,0.94957,0.94976,2.10,2.74
2013.08.05 03:50:54.808,0.94955,0.94976,1.92,2.74
2013.08.05 03:50:56.768,0.94956,0.94975,1.43,3.80
2013.08.05 03:51:00.808,0.94952,0.94973,3.04,4.17
2013.08.05 03:51:01.538,0.94954,0.94973,1.32,3.04
2013.08.05 03:51:01.848,0.94958,0.94973,1.13,1.35
2013.08.05 03:51:02.508,0.94958,0.94976,2.82,1.35
2013.08.05 03:51:02.778,0.94959,0.9498,1.62,3.04
2013.08.05 03:51:03.370,0.94959,0.9498,2.37,3.05
2013.08.05 03:51:03.898,0.94959,0.9498,1.62,3.05
2013.08.05 03:51:04.078,0.94958,0.9498,2.29,3.05
2013.08.05 03:51:04.318,0.94959,0.9498,1.62,3.42
2013.08.05 03:51:05.248,0.94958,0.9498,2.97,3.05
2013.08.05 03:51:05.548,0.94959,0.9498,1.99,2.29
2013.08.05 03:51:06.643,0.94962,0.9498,1.43,1.62
2013.08.05 03:51:07.651,0.94962,0.94981,1.43,2.29
2013.08.05 03:51:09.760,0.94962,0.94981,1.43,3.80
2013.08.05 03:51:10.868,0.94959,0.94979,1.05,3.12
2013.08.05 03:51:10.928,0.94958,0.94979,1.92,3.79
2013.08.05 03:51:12.758,0.94959,0.94978,1.13,4.47
2013.08.05 03:51:12.938,0.94961,0.94978,1.13,1.43
2013.08.05 03:51:13.213,0.9496,0.94981,1.43,1.54
2013.08.05 03:51:13.819,0.9496,0.94981,1.43,2.29
2013.08.05 03:51:14.339,0.94963,0.94983,2.29,2.29
2013.08.05 03:51:15.508,0.94963,0.94983,2.29,2.29
2013.08.05 03:51:15.874,0.94961,0.94983,1.69,2.10
2013.08.05 03:51:16.369,0.94961,0.94982,1.69,4.21
2013.08.05 03:51:16.550,0.94957,0.94979,1.99,3.64
2013.08.05 03:51:16.848,0.94957,0.94977,1.32,4.39
2013.08.05 03:51:20.948,0.94955,0.94975,1.62,3.80
2013.08.05 03:51:21.308,0.94954,0.94975,1.69,4.47
2013.08.05 03:51:21.668,0.94949,0.9497,1.24,7.47
2013.08.05 03:51:21.908,0.94949,0.94969,1.24,3.72
2013.08.05 03:51:22.088,0.94947,0.94968,2.07,5.14
2013.08.05 03:51:22.447,0.94951,0.94968,1.50,1.54
2013.08.05 03:51:25.038,0.94947,0.94968,2.29,1.35
2013.08.05 03:51:25.248,0.94946,0.94968,3.12,4.28
2013.08.05 03:51:26.308,0.94946,0.94968,1.62,4.39
2013.08.05 03:51:26.558,0.94945,0.94967,1.69,5.14
2013.08.05 03:51:27.298,0.94946,0.94967,1.62,2.10
2013.08.05 03:51:29.728,0.94945,0.94966,1.54,5.97
2013.08.05 03:51:29.788,0.94942,0.94964,2.29,4.47
2013.08.05 03:51:30.108,0.94942,0.94962,1.35,3.79
2013.08.05 03:51:30.688,0.94939,0.94961,1.43,3.87
2013.08.05 03:51:30.808,0.94938,0.9496,2.29,3.04
2013.08.05 03:51:31.178,0.94938,0.9496,2.29,3.79
2013.08.05 03:51:31.608,0.94938,0.9496,2.29,1.35
2013.08.05 03:51:31.986,0.94944,0.94961,2.10,3.19
2013.08.05 03:51:32.818,0.94944,0.94961,2.10,3.12
2013.08.05 03:51:33.005,0.94938,0.94959,1.35,3.80
2013.08.05 03:51:33.308,0.94935,0.94958,1.32,5.14
2013.08.05 03:51:33.989,0.94934,0.94957,2.29,4.92
2013.08.05 03:51:34.059,0.94931,0.94954,2.67,4.54
2013.08.05 03:51:34.588,0.94933,0.94954,1.54,1.69
2013.08.05 03:51:35.128,0.94933,0.94954,1.54,3.12
2013.08.05 03:51:35.308,0.94932,0.94954,1.54,3.80
2013.08.05 03:51:35.369,0.94933,0.94954,1.62,3.12
2013.08.05 03:51:35.684,0.94933,0.94954,1.24,2.37
2013.08.05 03:51:35.870,0.94933,0.94954,1.24,3.80
2013.08.05 03:51:35.929,0.94933,0.94954,1.54,3.80
2013.08.05 03:51:36.228,0.94933,0.94953,1.99,3.05
2013.08.05 03:51:36.588,0.94939,0.94957,1.05,1.62
2013.08.05 03:51:36.941,0.94939,0.94958,1.05,1.69
2013.08.05 03:51:37.510,0.94941,0.94958,1.73,1.69
2013.08.05 03:51:38.019,0.94941,0.94959,1.73,1.69
2013.08.05 03:51:38.679,0.94942,0.94959,1.35,1.69
2013.08.05 03:51:40.798,0.94943,0.94958,1.43,3.57
2013.08.05 03:51:41.338,0.9494,0.94958,1.35,3.57
2013.08.05 03:51:41.919,0.94942,0.94958,1.43,3.57
2013.08.05 03:51:43.928,0.94943,0.94959,2.10,1.69
2013.08.05 03:51:44.048,0.94943,0.94959,2.10,1.69
2013.08.05 03:51:45.082,0.94946,0.94961,1.43,1.69
2013.08.05 03:51:46.718,0.94945,0.94962,1.35,2.44
2013.08.05 03:51:46.900,0.94945,0.94963,2.10,2.37
2013.08.05 03:51:47.020,0.94945,0.94963,2.29,2.10
2013.08.05 03:51:47.569,0.94945,0.94963,1.54,1.35
2013.08.05 03:51:47.660,0.94946,0.94964,2.29,1.62
2013.08.05 03:51:47.778,0.94948,0.94966,1.35,1.69
2013.08.05 03:51:47.898,0.9495,0.94968,1.35,1.69
2013.08.05 03:51:49.058,0.94951,0.94968,1.43,1.69
2013.08.05 03:51:49.298,0.94948,0.94967,1.43,3.05
2013.08.05 03:51:49.828,0.94945,0.94967,2.48,3.04
2013.08.05 03:51:50.368,0.94945,0.94967,3.04,2.29
2013.08.05 03:51:51.909,0.94943,0.94963,2.44,3.45
2013.08.05 03:51:51.968,0.9494,0.94963,2.29,6.65
2013.08.05 03:51:52.328,0.94939,0.94961,3.12,4.39
2013.08.05 03:51:53.368,0.94937,0.94958,1.54,3.04
2013.08.05 03:51:54.468,0.94937,0.94958,2.29,3.79
2013.08.05 03:51:54.699,0.94937,0.94958,3.72,3.12
2013.08.05 03:51:54.818,0.94941,0.94959,1.35,1.69
2013.08.05 03:51:54.938,0.94941,0.94961,1.54,1.54
2013.08.05 03:51:55.318,0.94942,0.94963,1.35,1.62
2013.08.05 03:51:56.408,0.94943,0.94963,1.43,2.37
2013.08.05 03:51:56.979,0.94943,0.94963,1.62,2.37
2013.08.05 03:51:58.988,0.94942,0.94963,1.54,1.43
2013.08.05 03:51:59.348,0.9494,0.94962,2.29,4.47
2013.08.05 03:52:01.339,0.94941,0.94962,3.19,1.43
2013.08.05 03:52:01.579,0.94942,0.94963,3.79,1.54
2013.08.05 03:52:02.235,0.94944,0.94964,1.54,1.54
2013.08.05 03:52:02.418,0.94945,0.94964,1.62,1.54
2013.08.05 03:52:02.958,0.94946,0.94964,1.50,1.62
2013.08.05 03:52:03.532,0.94947,0.94965,1.62,1.69
2013.08.05 03:52:03.708,0.94946,0.94965,1.32,1.62
2013.08.05 03:52:04.217,0.94947,0.94965,1.69,2.37
2013.08.05 03:52:05.008,0.94947,0.94965,1.69,1.62
2013.08.05 03:52:08.011,0.94946,0.94966,2.07,1.54
2013.08.05 03:52:08.409,0.94947,0.94966,1.69,2.29
2013.08.05 03:52:10.659,0.94945,0.94966,2.74,3.42
2013.08.05 03:52:10.720,0.94945,0.94966,2.37,3.42
2013.08.05 03:52:10.840,0.94945,0.94966,1.43,5.67
2013.08.05 03:52:10.959,0.94944,0.94964,1.92,4.55
2013.08.05 03:52:11.485,0.94941,0.94963,2.37,4.39
2013.08.05 03:52:12.919,0.94941,0.94961,3.12,3.05
2013.08.05 03:52:15.098,0.94941,0.94961,2.37,3.05
2013.08.05 03:52:15.818,0.94938,0.94958,2.10,3.04
2013.08.05 03:52:16.109,0.94938,0.94958,1.35,3.04
2013.08.05 03:52:16.189,0.94938,0.94958,1.35,2.37
2013.08.05 03:52:16.620,0.94942,0.94959,1.43,1.69
2013.08.05 03:52:19.780,0.94941,0.94959,1.43,3.05
2013.08.05 03:52:38.258,0.94942,0.9496,1.62,1.62
2013.08.05 03:52:38.318,0.94942,0.94961,1.62,2.07
2013.08.05 03:52:38.438,0.94942,0.94961,1.62,2.74
2013.08.05 03:52:39.034,0.94943,0.94961,1.43,3.49
2013.08.05 03:52:39.541,0.94943,0.94961,1.35,2.07
2013.08.05 03:52:40.050,0.94945,0.94961,1.43,2.07
2013.08.05 03:52:41.988,0.94943,0.94962,1.35,1.69
2013.08.05 03:52:42.168,0.94946,0.94962,1.35,1.69
2013.08.05 03:52:52.209,0.94947,0.94963,1.43,2.44
2013.08.05 03:52:52.572,0.94948,0.94963,1.43,1.69
2013.08.05 03:52:52.639,0.94948,0.94968,2.29,2.29
2013.08.05 03:52:53.000,0.94948,0.94968,1.62,1.62
2013.08.05 03:52:53.989,0.94951,0.94969,2.10,1.69
2013.08.05 03:52:54.458,0.94951,0.9497,2.29,1.69
2013.08.05 03:52:54.519,0.94952,0.9497,1.62,1.69
2013.08.05 03:52:57.408,0.94953,0.9497,1.35,1.69
2013.08.05 03:53:00.539,0.94953,0.9497,1.35,2.44
2013.08.05 03:53:16.178,0.94951,0.9497,2.29,2.44
2013.08.05 03:53:18.948,0.94951,0.9497,2.67,1.69
2013.08.05 03:53:19.249,0.94955,0.94973,1.62,1.62
2013.08.05 03:53:20.948,0.94958,0.94976,1.62,1.69
2013.08.05 03:53:22.628,0.9496,0.94979,2.10,2.37
2013.08.05 03:53:23.129,0.94961,0.94979,1.43,3.12
2013.08.05 03:53:27.708,0.94961,0.94979,1.62,3.12
2013.08.05 03:53:30.220,0.94961,0.94979,1.43,3.12
2013.08.05 03:53:31.681,0.94961,0.94979,1.43,2.37
2013.08.05 03:53:37.889,0.94958,0.94979,2.07,3.04
2013.08.05 03:53:44.050,0.9496,0.94979,1.69,2.29
2013.08.05 03:53:45.738,0.9496,0.94979,1.69,3.42
2013.08.05 03:53:45.806,0.94957,0.94975,1.24,3.05
2013.08.05 03:53:46.168,0.94954,0.94975,2.29,2.97
2013.08.05 03:53:46.288,0.94954,0.94973,1.35,4.40
2013.08.05 03:53:46.498,0.94951,0.94972,1.99,2.97
2013.08.05 03:53:46.559,0.94951,0.94972,1.32,4.39
2013.08.05 03:53:48.479,0.94951,0.94972,2.07,5.15
2013.08.05 03:53:50.649,0.9495,0.94972,1.32,3.05
2013.08.05 03:53:50.770,0.94949,0.94972,2.74,3.80
2013.08.05 03:53:53.699,0.94951,0.94972,2.29,3.79
2013.08.05 03:53:54.251,0.94951,0.94968,1.69,2.85
2013.08.05 03:54:03.188,0.94951,0.94969,2.37,1.62
2013.08.05 03:54:03.920,0.94952,0.9497,1.69,1.62
2013.08.05 03:54:11.768,0.94952,0.9497,1.69,1.62
2013.08.05 03:54:20.059,0.94955,0.94976,3.04,2.37
2013.08.05 03:54:21.568,0.94956,0.94976,1.62,2.37
2013.08.05 03:54:31.309,0.94956,0.94976,1.62,1.50
2013.08.05 03:54:37.909,0.94957,0.94976,1.69,1.50
2013.08.05 03:54:40.308,0.94957,0.94976,2.44,1.43
2013.08.05 03:54:40.979,0.94957,0.94976,2.29,1.62
2013.08.05 03:54:41.495,0.94958,0.94976,1.62,1.62
2013.08.05 03:54:42.865,0.94958,0.94977,1.62,2.29
2013.08.05 03:54:49.690,0.94958,0.94977,1.62,1.54
2013.08.05 03:54:52.949,0.94956,0.94977,2.29,5.29
2013.08.05 03:54:53.009,0.94956,0.94975,2.29,3.79
2013.08.05 03:54:53.309,0.94955,0.94974,1.69,5.14
2013.08.05 03:54:53.668,0.94953,0.94972,2.44,2.97
2013.08.05 03:54:53.909,0.94951,0.94972,3.42,1.35
2013.08.05 03:54:54.269,0.94953,0.94972,1.32,1.35
2013.08.05 03:54:54.509,0.94954,0.94974,2.29,3.79
2013.08.05 03:54:55.120,0.94954,0.94974,3.04,2.85
2013.08.05 03:54:55.519,0.94956,0.94974,1.32,2.10
2013.08.05 03:54:55.950,0.94957,0.94975,1.43,1.54
2013.08.05 03:55:00.838,0.94958,0.94977,2.10,2.29
2013.08.05 03:55:01.359,0.94958,0.94977,2.10,2.29
2013.08.05 03:55:08.579,0.94961,0.94977,1.50,2.29
2013.08.05 03:55:08.638,0.94958,0.94977,2.29,2.29
2013.08.05 03:55:08.758,0.94958,0.94977,3.04,1.54
2013.08.05 03:55:09.287,0.94959,0.94977,1.62,1.62
2013.08.05 03:55:18.722,0.94959,0.94977,1.43,1.62
2013.08.05 03:55:27.718,0.94958,0.94978,1.54,3.04
2013.08.05 03:55:27.839,0.94958,0.94978,1.54,3.72
2013.08.05 03:55:28.388,0.94956,0.94978,1.69,4.39
2013.08.05 03:55:30.328,0.94957,0.94978,1.69,4.47
2013.08.05 03:55:30.936,0.94957,0.94978,3.12,3.05
2013.08.05 03:55:36.907,0.94958,0.94978,1.69,3.05
2013.08.05 03:55:45.019,0.94957,0.94978,2.37,3.80
2013.08.05 03:56:05.150,0.94957,0.94977,3.12,3.05
2013.08.05 03:56:14.869,0.94957,0.94977,1.62,3.05
2013.08.05 03:56:16.763,0.94957,0.94977,1.62,4.17
2013.08.05 03:56:16.821,0.94955,0.94977,1.54,4.17
2013.08.05 03:56:16.885,0.94955,0.94976,1.35,4.54
2013.08.05 03:56:17.009,0.94953,0.94976,2.29,3.87
2013.08.05 03:56:17.518,0.94951,0.94973,2.37,4.55
2013.08.05 03:56:18.177,0.94952,0.94973,1.69,5.30
2013.08.05 03:56:50.679,0.94955,0.94973,1.13,4.54
2013.08.05 03:56:50.919,0.94956,0.94973,1.99,1.43
2013.08.05 03:56:51.159,0.94957,0.94977,1.24,2.37
2013.08.05 03:56:51.219,0.94957,0.94977,1.99,1.62
2013.08.05 03:56:52.390,0.94959,0.94977,1.13,1.62
2013.08.05 03:56:56.126,0.9496,0.94978,1.62,3.04
2013.08.05 03:57:16.178,0.94959,0.94978,1.24,3.12
2013.08.05 03:57:16.719,0.9496,0.94978,1.62,2.37
2013.08.05 03:57:20.260,0.94959,0.94978,1.32,1.54
2013.08.05 03:57:32.099,0.94959,0.94978,1.32,3.04
2013.08.05 03:57:39.428,0.94959,0.94978,1.32,1.62
2013.08.05 03:58:29.589,0.94958,0.94979,1.24,2.29
2013.08.05 03:58:47.408,0.94959,0.94981,1.32,2.44
2013.08.05 03:58:58.135,0.9496,0.94981,1.32,3.19
2013.08.05 03:58:58.922,0.9496,0.94981,1.32,3.87
2013.08.05 03:59:02.951,0.9496,0.94981,2.07,2.37
2013.08.05 03:59:10.575,0.94961,0.94981,2.07,1.62
2013.08.05 03:59:10.883,0.94963,0.94981,1.05,2.29
2013.08.05 03:59:12.000,0.94964,0.94982,2.48,2.44
2013.08.05 03:59:15.074,0.94964,0.94983,2.29,2.29
2013.08.05 03:59:22.449,0.94964,0.94983,2.67,1.54
2013.08.05 03:59:22.689,0.94966,0.94984,1.43,1.62
2013.08.05 03:59:25.240,0.94966,0.94984,1.62,1.43
2013.08.05 03:59:36.864,0.94966,0.94984,1.62,1.62
2013.08.05 03:59:40.170,0.94966,0.94984,2.37,1.43
2013.08.05 03:59:50.139,0.94968,0.94986,1.62,1.62
2013.08.05 03:59:55.700,0.94968,0.94987,1.62,2.29
2013.08.05 03:59:58.447,0.94968,0.94987,1.62,3.04
