2013.08.06 18:00:01.241,0.94147,0.94167,3.53,1.24
2013.08.06 18:00:01.439,0.9415,0.94168,1.35,4.17
2013.08.06 18:00:01.809,0.94148,0.94167,2.10,2.67
2013.08.06 18:00:02.320,0.94148,0.94167,2.10,2.67
2013.08.06 18:00:02.864,0.9415,0.94167,1.80,1.84
2013.08.06 18:00:03.050,0.94152,0.94168,1.43,1.24
2013.08.06 18:00:03.561,0.94152,0.94168,1.43,1.32
2013.08.06 18:00:03.872,0.94152,0.94171,2.18,1.99
2013.08.06 18:00:04.471,0.94154,0.94172,1.43,1.99
2013.08.06 18:00:07.580,0.94153,0.94169,1.43,1.13
2013.08.06 18:00:08.190,0.94151,0.94169,2.10,2.67
2013.08.06 18:00:09.442,0.9415,0.94167,1.88,1.73
2013.08.06 18:00:09.622,0.94149,0.94167,2.85,1.73
2013.08.06 18:00:10.749,0.94149,0.94167,2.10,1.73
2013.08.06 18:00:11.269,0.94149,0.94167,2.85,1.73
2013.08.06 18:00:11.880,0.94149,0.94167,2.85,1.73
2013.08.06 18:00:12.765,0.94151,0.94167,1.69,1.73
2013.08.06 18:00:13.072,0.94151,0.94166,1.69,1.13
2013.08.06 18:00:13.130,0.94149,0.94166,2.10,1.69
2013.08.06 18:00:13.251,0.94151,0.94162,2.10,2.07
2013.08.06 18:00:13.789,0.94147,0.94159,1.35,1.13
2013.08.06 18:00:13.969,0.94145,0.94158,1.35,1.13
2013.08.06 18:00:14.089,0.94142,0.94158,1.35,1.13
2013.08.06 18:00:14.600,0.94141,0.94159,1.35,1.13
2013.08.06 18:00:17.609,0.9414,0.94158,1.35,1.32
2013.08.06 18:00:17.790,0.9414,0.94158,2.10,2.07
2013.08.06 18:00:18.149,0.9414,0.94158,1.35,1.32
2013.08.06 18:00:19.739,0.9414,0.94156,2.10,1.13
2013.08.06 18:00:20.039,0.94137,0.94155,1.54,1.43
2013.08.06 18:00:20.579,0.94138,0.94153,1.62,1.13
2013.08.06 18:00:21.099,0.94136,0.94154,1.54,1.13
2013.08.06 18:00:21.200,0.94138,0.94154,1.62,1.13
2013.08.06 18:00:22.569,0.94138,0.94154,1.54,1.80
2013.08.06 18:00:23.089,0.94138,0.94154,1.43,1.80
2013.08.06 18:00:28.539,0.94138,0.94153,1.43,1.13
2013.08.06 18:00:28.659,0.94138,0.94148,1.43,1.13
2013.08.06 18:00:28.719,0.94135,0.94148,1.62,1.73
2013.08.06 18:00:28.899,0.94128,0.94145,1.12,1.13
2013.08.06 18:00:39.069,0.9413,0.94145,2.10,1.13
2013.08.06 18:00:39.311,0.94128,0.94144,1.01,1.80
2013.08.06 18:00:39.429,0.94129,0.94145,1.43,2.55
2013.08.06 18:00:39.489,0.94129,0.94145,1.43,1.80
2013.08.06 18:00:58.431,0.94128,0.94145,2.36,1.13
2013.08.06 18:00:59.080,0.9413,0.94145,1.43,1.13
2013.08.06 18:01:01.420,0.94129,0.94146,1.43,1.35
2013.08.06 18:01:01.659,0.94132,0.94151,1.62,2.67
2013.08.06 18:01:01.721,0.94132,0.94151,2.97,2.67
2013.08.06 18:01:01.959,0.94137,0.94154,1.35,2.48
2013.08.06 18:01:02.019,0.94137,0.94154,1.35,1.80
2013.08.06 18:01:02.799,0.94139,0.94154,1.35,1.13
2013.08.06 18:01:06.379,0.9414,0.94154,1.43,1.50
2013.08.06 18:01:06.439,0.94136,0.94154,2.10,2.10
2013.08.06 18:01:06.860,0.94136,0.94154,2.10,1.13
2013.08.06 18:01:14.531,0.94139,0.94154,1.43,1.50
2013.08.06 18:01:14.770,0.94133,0.94149,2.10,1.13
2013.08.06 18:01:14.829,0.94133,0.94149,1.35,1.13
2013.08.06 18:01:15.009,0.94131,0.94149,1.43,1.80
2013.08.06 18:01:15.759,0.94131,0.94149,2.18,1.80
2013.08.06 18:01:16.099,0.94131,0.94149,2.18,1.80
2013.08.06 18:01:17.649,0.94134,0.94149,1.13,1.80
2013.08.06 18:01:17.890,0.94139,0.94156,1.43,1.80
2013.08.06 18:01:18.009,0.94139,0.94153,2.10,1.13
2013.08.06 18:01:27.481,0.94138,0.94144,2.10,1.50
2013.08.06 18:01:27.719,0.94138,0.94147,1.35,1.32
2013.08.06 18:01:27.899,0.94132,0.94149,1.35,1.13
2013.08.06 18:01:28.139,0.94134,0.94152,2.33,1.62
2013.08.06 18:01:28.259,0.94136,0.94154,1.35,1.99
2013.08.06 18:01:28.320,0.94137,0.94154,1.43,1.99
2013.08.06 18:01:33.535,0.94139,0.94155,1.43,2.55
2013.08.06 18:01:34.051,0.9414,0.94155,1.35,2.07
2013.08.06 18:01:51.789,0.94138,0.94154,2.03,1.13
2013.08.06 18:01:51.969,0.94139,0.94154,1.43,1.13
2013.08.06 18:01:55.250,0.94138,0.94154,1.35,1.13
2013.08.06 18:01:55.788,0.94139,0.94154,1.43,1.13
2013.08.06 18:01:56.349,0.94137,0.94154,1.35,1.13
2013.08.06 18:02:00.340,0.94137,0.94153,1.54,2.10
2013.08.06 18:02:00.519,0.94136,0.94153,1.35,1.80
2013.08.06 18:02:00.580,0.94136,0.94153,1.35,1.80
2013.08.06 18:02:00.639,0.94136,0.94153,2.10,1.80
2013.08.06 18:02:01.059,0.94138,0.94153,1.35,1.13
2013.08.06 18:02:01.739,0.94138,0.94153,2.10,1.13
2013.08.06 18:02:03.010,0.94138,0.94153,2.10,1.13
2013.08.06 18:02:03.191,0.94135,0.94149,1.35,1.35
2013.08.06 18:02:03.371,0.94132,0.94148,1.35,1.13
2013.08.06 18:02:03.729,0.94133,0.9415,1.43,1.62
2013.08.06 18:02:03.789,0.94133,0.94151,1.43,1.62
2013.08.06 18:02:04.149,0.94135,0.94152,1.43,1.05
2013.08.06 18:02:06.062,0.94136,0.94153,2.10,1.13
2013.08.06 18:02:07.159,0.94136,0.94153,2.78,1.13
2013.08.06 18:02:07.219,0.94136,0.94153,2.78,1.13
2013.08.06 18:02:07.840,0.94138,0.94154,1.43,1.32
2013.08.06 18:02:13.931,0.94138,0.9415,1.43,1.50
2013.08.06 18:02:14.229,0.94134,0.94147,1.35,1.50
2013.08.06 18:02:14.429,0.94129,0.94147,1.35,1.50
2013.08.06 18:02:15.234,0.94131,0.94147,1.35,1.50
2013.08.06 18:02:15.770,0.94132,0.94147,1.43,1.50
2013.08.06 18:02:17.139,0.94129,0.94146,1.35,2.63
2013.08.06 18:02:17.200,0.94129,0.94144,1.35,2.18
2013.08.06 18:02:17.259,0.94129,0.94144,1.35,4.28
2013.08.06 18:02:17.319,0.94128,0.94142,1.54,1.13
2013.08.06 18:02:17.379,0.94129,0.94144,1.43,1.62
2013.08.06 18:02:17.631,0.9413,0.94145,1.50,1.24
2013.08.06 18:02:18.233,0.94131,0.94148,1.43,3.12
2013.08.06 18:02:18.779,0.94132,0.94148,1.43,3.12
2013.08.06 18:02:18.960,0.94132,0.94148,1.43,1.99
2013.08.06 18:02:19.139,0.94138,0.94154,1.43,1.99
2013.08.06 18:02:20.233,0.94138,0.94153,1.43,2.44
2013.08.06 18:02:20.300,0.94137,0.94151,1.35,1.32
2013.08.06 18:02:20.659,0.94131,0.94147,1.43,1.05
2013.08.06 18:02:24.889,0.9413,0.94144,2.10,1.13
2013.08.06 18:02:25.130,0.94128,0.94145,1.01,1.32
2013.08.06 18:02:27.709,0.9413,0.94144,1.43,1.50
2013.08.06 18:02:28.250,0.9413,0.94144,1.50,1.32
2013.08.06 18:02:29.239,0.94129,0.94145,2.18,1.32
2013.08.06 18:02:29.790,0.94129,0.94144,2.18,1.13
2013.08.06 18:02:30.559,0.94129,0.94144,1.43,1.13
2013.08.06 18:02:30.619,0.94129,0.94144,1.43,1.50
2013.08.06 18:02:30.970,0.94127,0.94142,1.61,2.10
2013.08.06 18:02:32.065,0.94128,0.94142,1.69,2.10
2013.08.06 18:02:32.384,0.94127,0.94139,1.01,3.23
2013.08.06 18:02:32.509,0.94128,0.94139,1.01,1.13
2013.08.06 18:02:33.050,0.94129,0.94146,1.50,1.32
2013.08.06 18:02:33.581,0.94129,0.94147,2.85,1.73
2013.08.06 18:02:34.397,0.9413,0.94147,1.50,1.73
2013.08.06 18:02:36.231,0.94131,0.94148,1.43,1.80
2013.08.06 18:02:36.350,0.94133,0.94148,1.13,1.43
2013.08.06 18:02:36.470,0.94134,0.94152,1.43,1.80
2013.08.06 18:02:36.649,0.94135,0.94153,1.35,1.13
2013.08.06 18:02:36.889,0.94134,0.94152,2.78,1.05
2013.08.06 18:02:37.366,0.94134,0.94148,2.85,1.13
2013.08.06 18:02:37.699,0.94124,0.94141,1.01,1.13
2013.08.06 18:02:38.319,0.94127,0.94142,1.01,1.35
2013.08.06 18:02:38.439,0.94127,0.94144,1.69,1.80
2013.08.06 18:02:38.560,0.94128,0.94144,1.01,1.13
2013.08.06 18:02:39.579,0.94128,0.94144,1.01,1.13
2013.08.06 18:02:46.341,0.94129,0.94144,1.43,1.13
2013.08.06 18:02:47.040,0.94131,0.94148,1.80,5.14
2013.08.06 18:02:47.221,0.94131,0.94148,3.42,1.43
2013.08.06 18:02:47.282,0.94133,0.94151,1.73,1.05
2013.08.06 18:02:47.459,0.94134,0.94152,1.35,1.32
2013.08.06 18:02:47.770,0.94133,0.94147,1.43,1.43
2013.08.06 18:02:47.829,0.94129,0.94147,2.18,1.43
2013.08.06 18:02:48.190,0.94127,0.94146,2.36,1.43
2013.08.06 18:02:48.550,0.94135,0.9415,1.05,2.10
2013.08.06 18:02:48.669,0.94137,0.94155,1.35,2.07
2013.08.06 18:02:49.980,0.94137,0.94155,2.10,2.07
2013.08.06 18:02:51.939,0.94138,0.94155,2.10,1.13
2013.08.06 18:02:56.940,0.94139,0.94157,1.43,2.97
2013.08.06 18:02:57.020,0.94139,0.94157,1.43,1.62
2013.08.06 18:02:58.939,0.94138,0.94157,2.29,3.27
2013.08.06 18:02:59.515,0.94138,0.94155,2.10,1.69
2013.08.06 18:03:00.239,0.94139,0.94155,2.10,1.69
2013.08.06 18:03:00.599,0.94146,0.94162,1.35,1.13
2013.08.06 18:03:00.780,0.94142,0.94159,2.59,1.43
2013.08.06 18:03:01.269,0.94142,0.94161,1.92,1.35
2013.08.06 18:03:01.900,0.94143,0.94162,2.97,1.80
2013.08.06 18:03:02.409,0.94146,0.94162,1.43,1.88
2013.08.06 18:03:03.003,0.94146,0.94162,1.43,2.25
2013.08.06 18:03:03.309,0.94145,0.94159,1.43,1.32
2013.08.06 18:03:03.429,0.94141,0.94159,1.35,1.32
2013.08.06 18:03:03.549,0.9414,0.94159,1.35,2.67
2013.08.06 18:03:03.849,0.9414,0.94159,2.10,3.42
2013.08.06 18:03:04.389,0.9414,0.94159,1.35,2.67
2013.08.06 18:03:04.569,0.94142,0.94159,1.35,1.99
2013.08.06 18:03:07.090,0.94143,0.94159,2.18,1.62
2013.08.06 18:03:07.210,0.94144,0.94161,2.10,1.43
2013.08.06 18:03:07.329,0.94144,0.94163,3.27,2.10
2013.08.06 18:03:07.571,0.94147,0.94165,1.05,1.43
2013.08.06 18:03:08.579,0.94148,0.94163,1.43,1.80
2013.08.06 18:03:08.760,0.94142,0.94159,1.35,1.13
2013.08.06 18:03:09.315,0.94141,0.94159,1.65,2.10
2013.08.06 18:03:12.369,0.94141,0.94158,1.43,1.80
2013.08.06 18:03:12.920,0.94141,0.94157,1.43,1.13
2013.08.06 18:03:13.431,0.94141,0.94158,1.43,1.43
2013.08.06 18:03:16.210,0.9414,0.94158,2.10,2.18
2013.08.06 18:03:16.639,0.94138,0.94154,1.62,1.43
2013.08.06 18:03:17.279,0.94137,0.94154,2.29,1.43
2013.08.06 18:03:28.321,0.94137,0.94155,1.54,2.10
2013.08.06 18:03:29.052,0.94135,0.94154,3.42,2.10
2013.08.06 18:03:35.009,0.94135,0.94154,2.67,2.10
2013.08.06 18:03:35.597,0.94136,0.94154,1.32,2.10
2013.08.06 18:03:43.659,0.94137,0.94154,2.29,2.10
2013.08.06 18:03:43.959,0.94138,0.94156,3.23,2.48
2013.08.06 18:03:46.540,0.94138,0.94156,1.54,3.23
2013.08.06 18:03:47.106,0.94137,0.94154,1.62,1.43
2013.08.06 18:03:54.659,0.94137,0.94154,1.43,1.80
2013.08.06 18:03:56.462,0.94135,0.94154,3.04,2.10
2013.08.06 18:03:56.520,0.94136,0.94154,2.10,2.10
2013.08.06 18:03:59.870,0.94139,0.94154,1.50,1.35
2013.08.06 18:04:00.050,0.94139,0.94157,1.50,2.67
2013.08.06 18:04:01.801,0.94141,0.94157,1.88,1.54
2013.08.06 18:04:02.099,0.94147,0.94166,1.13,1.92
2013.08.06 18:04:03.069,0.94147,0.94166,1.32,1.92
2013.08.06 18:04:03.549,0.94149,0.94166,1.05,1.54
2013.08.06 18:04:03.880,0.94154,0.94169,1.05,1.62
2013.08.06 18:04:03.940,0.94154,0.94172,1.05,2.29
2013.08.06 18:04:04.451,0.94154,0.94172,1.05,1.54
2013.08.06 18:04:06.319,0.94154,0.94172,1.80,2.10
2013.08.06 18:04:09.909,0.94154,0.94171,1.05,1.73
2013.08.06 18:04:09.969,0.94153,0.94169,1.35,1.62
2013.08.06 18:04:10.029,0.94151,0.94168,1.73,1.54
2013.08.06 18:04:10.269,0.94147,0.94167,3.72,1.35
2013.08.06 18:04:10.839,0.9415,0.94167,1.50,1.35
2013.08.06 18:04:11.209,0.94152,0.94169,1.43,1.54
2013.08.06 18:04:12.819,0.94152,0.94169,1.80,1.35
2013.08.06 18:04:13.337,0.94152,0.94169,1.80,1.35
2013.08.06 18:04:17.323,0.94152,0.94168,1.05,1.43
2013.08.06 18:04:17.679,0.9415,0.94165,1.35,1.35
2013.08.06 18:04:18.199,0.9415,0.94165,1.35,2.10
2013.08.06 18:04:18.693,0.94149,0.94167,1.54,2.10
2013.08.06 18:04:19.253,0.94148,0.94167,2.29,2.48
2013.08.06 18:04:19.799,0.94148,0.94163,1.35,1.32
2013.08.06 18:04:19.860,0.94144,0.94163,1.24,1.99
2013.08.06 18:04:20.099,0.94143,0.9416,1.54,1.05
2013.08.06 18:04:20.403,0.94141,0.94158,1.62,1.05
2013.08.06 18:04:21.189,0.9414,0.94158,1.95,1.05
2013.08.06 18:04:21.880,0.9414,0.94158,1.95,1.80
2013.08.06 18:04:23.352,0.9414,0.94156,1.95,1.05
2013.08.06 18:04:23.411,0.9414,0.94156,1.28,2.10
2013.08.06 18:04:23.471,0.94137,0.94154,1.13,2.10
2013.08.06 18:04:23.590,0.94137,0.94154,1.13,2.29
2013.08.06 18:04:23.894,0.94133,0.94152,1.73,1.43
2013.08.06 18:04:26.400,0.94135,0.94152,1.80,1.43
2013.08.06 18:04:27.240,0.94136,0.94153,2.48,1.62
2013.08.06 18:04:27.761,0.94138,0.94154,1.35,1.50
2013.08.06 18:04:28.039,0.94138,0.94155,1.35,1.32
2013.08.06 18:04:28.462,0.9414,0.94155,1.35,1.69
2013.08.06 18:04:29.015,0.94139,0.94154,1.35,2.07
2013.08.06 18:04:29.601,0.94138,0.94154,1.35,2.07
2013.08.06 18:04:29.851,0.94137,0.94153,1.43,1.13
2013.08.06 18:04:30.443,0.94137,0.94154,1.43,1.50
2013.08.06 18:04:30.979,0.94137,0.94153,2.10,1.50
2013.08.06 18:04:31.159,0.94137,0.94153,1.43,2.44
2013.08.06 18:04:36.343,0.94136,0.94149,1.35,1.50
2013.08.06 18:04:36.589,0.94131,0.94149,1.92,1.50
2013.08.06 18:04:37.120,0.94133,0.94149,2.10,1.50
2013.08.06 18:04:37.180,0.94134,0.94149,1.05,1.50
2013.08.06 18:04:37.719,0.94135,0.94149,1.73,1.50
2013.08.06 18:04:38.610,0.94136,0.9415,1.43,1.69
2013.08.06 18:04:38.849,0.94132,0.94149,1.35,1.50
2013.08.06 18:04:39.270,0.94127,0.94145,2.36,1.13
2013.08.06 18:04:40.229,0.94127,0.94144,1.61,1.50
2013.08.06 18:04:40.531,0.94127,0.9414,1.54,1.50
2013.08.06 18:04:40.590,0.94128,0.9414,1.46,1.50
2013.08.06 18:04:41.212,0.94125,0.94143,1.76,1.69
2013.08.06 18:04:41.739,0.94125,0.94142,1.76,1.69
2013.08.06 18:04:42.610,0.94128,0.94142,1.09,1.50
2013.08.06 18:04:42.849,0.94128,0.94143,1.09,1.50
2013.08.06 18:04:42.909,0.94127,0.94143,2.32,1.50
2013.08.06 18:04:43.447,0.94124,0.94141,1.16,1.35
2013.08.06 18:04:43.689,0.94122,0.9414,3.37,1.50
2013.08.06 18:04:44.844,0.94122,0.9414,2.70,1.50
2013.08.06 18:04:45.329,0.9412,0.94138,1.65,1.35
2013.08.06 18:04:45.391,0.94119,0.94137,1.57,1.43
2013.08.06 18:04:45.571,0.94122,0.94138,1.16,2.10
2013.08.06 18:04:46.129,0.94123,0.94138,1.39,1.50
2013.08.06 18:04:52.980,0.94123,0.94139,1.39,2.25
2013.08.06 18:05:07.280,0.94119,0.94137,1.32,2.48
2013.08.06 18:05:14.460,0.94121,0.94137,1.13,1.43
2013.08.06 18:05:16.210,0.94121,0.94137,1.80,1.43
2013.08.06 18:05:17.730,0.94121,0.94138,2.18,1.43
2013.08.06 18:05:29.809,0.94121,0.94138,2.18,1.43
2013.08.06 18:05:30.290,0.94122,0.94141,1.43,1.92
2013.08.06 18:05:30.589,0.94127,0.94145,1.35,2.10
2013.08.06 18:05:32.060,0.94127,0.94145,2.29,2.85
2013.08.06 18:05:38.302,0.94127,0.94145,3.04,2.10
2013.08.06 18:05:39.078,0.94129,0.94148,1.80,1.99
2013.08.06 18:05:42.699,0.94129,0.94148,1.80,1.99
2013.08.06 18:05:44.793,0.94131,0.94148,1.50,1.99
2013.08.06 18:05:45.311,0.94129,0.94148,1.80,2.74
2013.08.06 18:05:50.291,0.94132,0.94148,2.03,1.43
2013.08.06 18:05:50.350,0.94132,0.94151,2.70,1.35
2013.08.06 18:05:50.410,0.94135,0.94152,1.05,1.62
2013.08.06 18:05:50.469,0.94135,0.94153,1.73,1.69
2013.08.06 18:05:52.420,0.94135,0.94151,1.35,1.50
2013.08.06 18:05:52.599,0.94132,0.94149,1.24,1.43
2013.08.06 18:05:52.660,0.9413,0.94147,1.32,1.35
2013.08.06 18:06:00.359,0.9413,0.94147,1.32,1.35
2013.08.06 18:06:02.831,0.9413,0.94147,2.07,1.35
2013.08.06 18:06:05.529,0.9413,0.94146,2.07,1.35
2013.08.06 18:06:05.709,0.94128,0.94144,1.62,1.35
2013.08.06 18:06:05.769,0.94126,0.94144,1.99,2.70
2013.08.06 18:06:06.312,0.94129,0.94145,1.13,1.50
2013.08.06 18:06:06.669,0.94132,0.9415,1.05,3.57
2013.08.06 18:06:08.099,0.94131,0.94148,1.80,1.62
2013.08.06 18:06:09.172,0.94131,0.94148,1.80,1.62
2013.08.06 18:06:09.891,0.94133,0.9415,1.65,1.69
2013.08.06 18:06:11.560,0.94137,0.94153,1.05,1.43
2013.08.06 18:06:11.939,0.94137,0.94153,1.05,2.18
2013.08.06 18:06:12.140,0.94137,0.94153,1.05,1.43
2013.08.06 18:06:12.670,0.94137,0.94153,1.05,2.18
2013.08.06 18:06:14.281,0.94137,0.94156,3.08,2.29
2013.08.06 18:06:14.340,0.94138,0.94157,1.35,2.29
2013.08.06 18:06:14.580,0.94138,0.94157,1.73,2.29
2013.08.06 18:06:14.887,0.94141,0.94158,1.05,1.62
2013.08.06 18:06:16.514,0.94142,0.94158,1.35,1.69
2013.08.06 18:06:16.592,0.94144,0.94162,3.34,1.35
2013.08.06 18:06:16.710,0.94144,0.94163,1.24,3.53
2013.08.06 18:06:16.769,0.94144,0.94163,1.05,4.47
2013.08.06 18:06:17.129,0.94142,0.94161,1.80,2.74
2013.08.06 18:06:17.950,0.94144,0.94161,1.50,2.37
2013.08.06 18:06:18.010,0.94146,0.94161,2.85,1.62
2013.08.06 18:06:18.129,0.94146,0.94162,3.90,3.04
2013.08.06 18:06:18.189,0.94146,0.94162,4.09,1.43
2013.08.06 18:06:18.309,0.94148,0.94165,1.65,1.54
2013.08.06 18:06:20.010,0.94148,0.94164,1.65,1.43
2013.08.06 18:06:20.763,0.94149,0.94166,1.50,1.62
2013.08.06 18:06:23.820,0.94155,0.94166,2.10,1.43
2013.08.06 18:06:24.121,0.94157,0.94167,1.32,1.35
2013.08.06 18:06:24.300,0.94159,0.94174,2.48,1.35
2013.08.06 18:06:24.619,0.94159,0.94177,2.48,1.35
2013.08.06 18:06:25.179,0.94159,0.94177,2.48,1.35
2013.08.06 18:06:25.747,0.9416,0.94178,1.28,3.04
2013.08.06 18:06:26.190,0.9416,0.94175,1.28,1.88
2013.08.06 18:06:26.310,0.94157,0.9417,1.35,1.13
2013.08.06 18:06:26.370,0.94153,0.94169,2.70,1.80
2013.08.06 18:06:26.430,0.94151,0.94169,2.97,1.80
2013.08.06 18:06:26.733,0.94154,0.94171,1.73,1.50
2013.08.06 18:06:27.058,0.94155,0.94171,1.35,1.50
2013.08.06 18:06:27.820,0.94156,0.94171,1.35,1.50
2013.08.06 18:06:28.059,0.94157,0.94172,1.35,1.13
2013.08.06 18:06:28.299,0.94159,0.94174,1.35,1.69
2013.08.06 18:06:28.360,0.94159,0.94175,1.35,1.69
2013.08.06 18:06:29.240,0.94159,0.94174,1.35,1.50
2013.08.06 18:06:29.420,0.94156,0.94172,2.10,1.43
2013.08.06 18:06:29.480,0.94152,0.94171,2.97,1.80
2013.08.06 18:06:29.599,0.94151,0.94169,2.10,1.05
2013.08.06 18:06:29.780,0.94155,0.94171,1.43,3.04
2013.08.06 18:06:30.079,0.94161,0.94177,1.35,1.13
2013.08.06 18:06:31.120,0.94161,0.94177,1.35,1.13
2013.08.06 18:06:31.960,0.94161,0.94178,1.35,1.24
2013.08.06 18:06:33.607,0.94162,0.94179,1.43,3.23
2013.08.06 18:06:35.899,0.94161,0.94179,1.35,4.17
2013.08.06 18:06:36.989,0.94162,0.9418,1.43,2.55
2013.08.06 18:06:37.529,0.94162,0.9418,1.80,1.43
2013.08.06 18:06:49.449,0.94163,0.94181,1.99,1.43
2013.08.06 18:06:50.091,0.94165,0.94181,1.43,1.43
2013.08.06 18:06:52.930,0.94165,0.94181,1.43,2.18
2013.08.06 18:06:55.810,0.94158,0.94177,1.99,1.05
2013.08.06 18:06:56.403,0.94159,0.94177,1.32,1.05
2013.08.06 18:06:57.240,0.94159,0.94177,1.69,1.43
2013.08.06 18:06:58.251,0.94161,0.94178,2.07,2.10
2013.08.06 18:06:58.314,0.94164,0.94178,1.05,1.43
2013.08.06 18:06:58.560,0.94165,0.94183,1.35,2.29
2013.08.06 18:07:00.181,0.94166,0.94183,1.43,3.23
2013.08.06 18:07:07.359,0.94165,0.94183,1.35,3.23
2013.08.06 18:07:12.869,0.94166,0.94182,1.05,2.18
2013.08.06 18:07:13.051,0.94161,0.94179,2.67,1.13
2013.08.06 18:07:13.230,0.94161,0.94178,1.05,1.43
2013.08.06 18:07:13.761,0.9416,0.94178,1.24,1.43
2013.08.06 18:07:13.820,0.9416,0.94178,1.99,2.18
2013.08.06 18:07:24.953,0.94162,0.94178,1.13,1.43
2013.08.06 18:07:25.311,0.94163,0.94179,1.05,1.50
2013.08.06 18:07:25.430,0.94163,0.94181,1.73,1.24
2013.08.06 18:07:25.970,0.94164,0.94182,1.05,1.24
2013.08.06 18:07:26.530,0.94165,0.94182,1.13,1.80
2013.08.06 18:07:30.351,0.94165,0.94182,1.13,1.43
2013.08.06 18:07:47.241,0.94166,0.94183,2.85,1.69
2013.08.06 18:07:59.672,0.94167,0.94184,1.99,1.50
2013.08.06 18:08:00.161,0.94168,0.94185,1.62,1.43
2013.08.06 18:08:00.280,0.9417,0.94186,1.88,1.43
2013.08.06 18:08:00.520,0.94173,0.94188,1.35,1.32
2013.08.06 18:08:00.883,0.94175,0.94186,1.35,3.23
2013.08.06 18:08:01.000,0.94172,0.94185,1.35,1.32
2013.08.06 18:08:01.120,0.94168,0.94185,2.85,1.32
2013.08.06 18:08:01.180,0.94168,0.94185,1.43,1.99
2013.08.06 18:08:06.131,0.94166,0.94183,1.62,1.43
2013.08.06 18:08:06.370,0.94165,0.94182,1.35,1.13
2013.08.06 18:08:06.431,0.94163,0.94182,3.34,2.48
2013.08.06 18:08:06.491,0.94163,0.94182,3.34,2.48
2013.08.06 18:08:07.035,0.94165,0.94184,2.10,3.04
2013.08.06 18:08:07.580,0.94168,0.94185,1.43,1.99
2013.08.06 18:08:14.157,0.94169,0.94187,1.43,1.92
2013.08.06 18:08:14.532,0.94169,0.94189,3.53,2.74
2013.08.06 18:08:15.539,0.94172,0.94189,2.10,2.07
2013.08.06 18:08:22.671,0.94172,0.94189,2.10,2.07
2013.08.06 18:08:25.749,0.94171,0.94188,1.80,1.43
2013.08.06 18:08:26.370,0.9417,0.94186,1.54,1.88
2013.08.06 18:08:26.431,0.94168,0.94186,2.29,2.85
2013.08.06 18:08:26.490,0.94168,0.94186,1.35,2.85
2013.08.06 18:08:26.550,0.94167,0.94185,2.70,1.05
2013.08.06 18:08:27.089,0.94167,0.94185,2.03,1.73
2013.08.06 18:08:27.500,0.94167,0.94185,2.78,2.48
2013.08.06 18:08:28.179,0.94167,0.94185,2.97,1.80
2013.08.06 18:08:30.800,0.94169,0.94188,1.35,3.04
2013.08.06 18:08:30.861,0.94169,0.94188,1.35,2.85
2013.08.06 18:08:31.249,0.94169,0.94188,2.10,2.85
2013.08.06 18:08:33.462,0.94169,0.94188,2.48,3.23
2013.08.06 18:08:34.031,0.94169,0.94186,1.13,2.10
2013.08.06 18:08:35.511,0.94167,0.94184,2.37,1.35
2013.08.06 18:08:35.573,0.94167,0.94184,1.62,1.73
2013.08.06 18:08:40.359,0.94167,0.94184,1.43,2.67
2013.08.06 18:08:42.051,0.94167,0.94184,1.35,4.09
2013.08.06 18:08:42.170,0.94166,0.94184,1.05,4.09
2013.08.06 18:08:42.291,0.94165,0.94183,1.05,1.54
2013.08.06 18:08:42.350,0.94165,0.94183,1.80,2.29
2013.08.06 18:08:44.490,0.94167,0.94183,1.88,1.43
2013.08.06 18:08:44.730,0.94167,0.94186,2.55,1.73
2013.08.06 18:08:45.291,0.94169,0.94186,1.13,1.43
2013.08.06 18:08:45.530,0.9417,0.94188,1.05,1.43
2013.08.06 18:08:45.889,0.94171,0.94189,1.73,1.99
2013.08.06 18:08:47.023,0.94173,0.94189,1.43,1.99
2013.08.06 18:09:05.981,0.94172,0.94188,2.18,1.80
2013.08.06 18:09:06.043,0.94172,0.94188,1.43,1.80
2013.08.06 18:09:06.111,0.94171,0.94185,1.24,1.13
2013.08.06 18:09:06.291,0.94168,0.94185,1.13,1.62
2013.08.06 18:09:06.531,0.94167,0.94185,2.37,1.43
2013.08.06 18:09:06.590,0.94175,0.94186,1.13,1.35
2013.08.06 18:09:06.652,0.94176,0.94186,1.13,1.35
2013.08.06 18:09:06.711,0.94176,0.94187,1.13,1.35
2013.08.06 18:09:06.771,0.94176,0.9419,1.13,2.78
2013.08.06 18:09:06.830,0.94176,0.94191,1.13,1.35
2013.08.06 18:09:06.950,0.94181,0.94194,1.13,1.35
2013.08.06 18:09:08.360,0.94181,0.94195,1.13,1.35
2013.08.06 18:09:11.482,0.94172,0.94188,1.05,1.43
2013.08.06 18:09:12.001,0.94168,0.94185,1.24,1.43
2013.08.06 18:09:13.533,0.9417,0.94187,2.18,1.35
2013.08.06 18:09:13.890,0.94172,0.9419,3.04,2.48
2013.08.06 18:09:13.950,0.94171,0.94188,3.42,1.43
2013.08.06 18:09:14.309,0.94169,0.94185,1.05,1.43
2013.08.06 18:09:16.560,0.94167,0.94185,2.29,2.18
2013.08.06 18:09:17.100,0.94167,0.94183,1.32,1.43
2013.08.06 18:09:17.479,0.94168,0.94183,1.32,1.43
2013.08.06 18:09:17.720,0.94171,0.94187,1.88,1.62
2013.08.06 18:09:18.531,0.94171,0.94189,2.93,2.37
2013.08.06 18:09:18.863,0.94172,0.94189,1.13,3.12
2013.08.06 18:09:19.483,0.94174,0.94191,1.05,1.69
2013.08.06 18:09:21.088,0.94175,0.94191,1.13,1.50
2013.08.06 18:09:21.350,0.94176,0.94193,1.13,2.37
2013.08.06 18:09:21.471,0.94177,0.94193,1.13,1.62
2013.08.06 18:09:21.830,0.94177,0.94187,1.35,3.42
2013.08.06 18:09:21.892,0.94176,0.94186,1.50,1.80
2013.08.06 18:09:22.070,0.9417,0.94186,2.48,1.43
2013.08.06 18:09:22.130,0.94168,0.94186,1.24,1.43
2013.08.06 18:09:29.109,0.94168,0.94186,3.04,2.85
2013.08.06 18:09:34.340,0.94169,0.94184,1.13,1.43
2013.08.06 18:09:34.991,0.94168,0.94184,1.50,1.43
2013.08.06 18:09:45.850,0.94168,0.94184,1.32,1.43
2013.08.06 18:09:48.789,0.94168,0.94184,1.32,2.93
2013.08.06 18:09:49.091,0.94163,0.94178,2.10,1.24
2013.08.06 18:09:49.450,0.9416,0.94175,1.05,1.43
2013.08.06 18:09:52.970,0.94162,0.94175,1.50,1.35
2013.08.06 18:09:53.091,0.94164,0.94178,1.50,1.54
2013.08.06 18:09:53.210,0.94167,0.9418,1.13,1.35
2013.08.06 18:09:53.270,0.94167,0.94181,1.13,1.35
2013.08.06 18:09:53.510,0.94164,0.94181,1.50,2.03
2013.08.06 18:09:53.629,0.94163,0.94179,1.24,1.43
2013.08.06 18:09:54.200,0.94164,0.94179,1.13,1.43
2013.08.06 18:09:56.170,0.94163,0.9418,1.43,1.43
2013.08.06 18:09:57.340,0.94165,0.94181,1.88,1.35
2013.08.06 18:09:58.049,0.94166,0.94181,1.88,1.35
2013.08.06 18:09:58.126,0.94166,0.94183,2.55,1.43
2013.08.06 18:10:00.560,0.94167,0.94183,1.05,1.43
2013.08.06 18:10:07.610,0.94168,0.94185,1.05,2.10
2013.08.06 18:10:13.723,0.94167,0.94184,2.74,1.43
2013.08.06 18:10:15.591,0.94168,0.94184,1.13,1.62
2013.08.06 18:10:15.951,0.94169,0.94186,1.50,1.62
2013.08.06 18:10:19.761,0.94169,0.94187,2.25,2.97
2013.08.06 18:10:25.579,0.94171,0.94187,1.13,2.29
2013.08.06 18:10:31.059,0.94172,0.94189,1.05,2.48
2013.08.06 18:10:31.122,0.94172,0.94189,1.05,1.43
2013.08.06 18:10:31.490,0.94172,0.94189,1.05,2.18
2013.08.06 18:10:31.991,0.94171,0.94188,1.88,1.35
2013.08.06 18:10:35.180,0.94171,0.9419,3.23,2.97
2013.08.06 18:10:35.239,0.94171,0.94189,3.23,1.50
2013.08.06 18:10:44.342,0.94171,0.94187,1.88,1.43
2013.08.06 18:10:45.110,0.94171,0.94187,1.88,1.43
2013.08.06 18:10:45.642,0.94171,0.94187,1.88,1.43
2013.08.06 18:10:50.021,0.94172,0.94187,1.13,1.43
2013.08.06 18:10:50.142,0.94172,0.94187,1.13,2.18
2013.08.06 18:10:50.201,0.94173,0.94188,1.50,1.35
2013.08.06 18:10:50.260,0.94172,0.94188,1.80,1.35
2013.08.06 18:10:50.511,0.94173,0.94189,1.50,2.78
2013.08.06 18:10:50.690,0.94172,0.94188,1.13,2.03
2013.08.06 18:10:50.851,0.94171,0.94188,2.07,2.03
2013.08.06 18:10:51.372,0.94171,0.94188,2.07,2.03
2013.08.06 18:11:28.061,0.94171,0.94189,2.67,2.10
2013.08.06 18:11:28.241,0.94172,0.9419,1.35,1.99
2013.08.06 18:11:28.611,0.94173,0.94191,1.35,2.22
2013.08.06 18:11:32.961,0.94175,0.94191,1.80,3.34
2013.08.06 18:11:38.670,0.94175,0.94191,1.05,2.22
2013.08.06 18:11:38.980,0.94178,0.94193,1.35,1.69
2013.08.06 18:11:42.386,0.9418,0.94194,1.43,1.69
2013.08.06 18:11:42.574,0.9418,0.94197,1.62,1.13
2013.08.06 18:11:43.562,0.94181,0.94199,1.50,2.63
2013.08.06 18:11:46.230,0.94181,0.94198,1.50,1.13
2013.08.06 18:11:46.994,0.94181,0.94199,3.60,2.25
2013.08.06 18:12:11.730,0.94181,0.94198,2.25,2.55
2013.08.06 18:12:13.802,0.94181,0.94197,2.25,1.13
2013.08.06 18:12:15.220,0.94181,0.94196,1.50,1.13
2013.08.06 18:12:15.522,0.94181,0.94197,2.25,1.32
2013.08.06 18:12:15.701,0.94181,0.94197,2.25,1.32
2013.08.06 18:12:16.060,0.94177,0.94194,1.73,1.50
2013.08.06 18:12:17.011,0.94177,0.94194,2.10,1.50
2013.08.06 18:12:18.600,0.94177,0.94194,1.35,1.50
2013.08.06 18:12:23.331,0.94176,0.94188,1.13,1.50
2013.08.06 18:12:23.391,0.94174,0.94188,1.32,1.50
2013.08.06 18:12:23.510,0.94172,0.94191,2.74,2.93
2013.08.06 18:12:23.750,0.94174,0.94191,2.29,1.43
2013.08.06 18:12:24.555,0.94176,0.94192,1.43,1.50
2013.08.06 18:12:24.895,0.94176,0.94192,2.18,1.50
2013.08.06 18:12:25.731,0.94176,0.94192,2.85,1.50
2013.08.06 18:12:27.040,0.94176,0.94192,2.55,1.50
2013.08.06 18:12:29.320,0.94176,0.94192,2.18,1.50
2013.08.06 18:12:32.890,0.94176,0.94194,2.18,2.55
2013.08.06 18:12:35.820,0.94177,0.94194,1.35,1.50
2013.08.06 18:12:40.300,0.94177,0.94194,1.73,1.50
2013.08.06 18:12:40.540,0.9418,0.94198,1.84,1.73
2013.08.06 18:12:40.600,0.94182,0.94198,1.13,1.35
2013.08.06 18:12:40.660,0.94183,0.942,1.05,1.43
2013.08.06 18:12:45.750,0.94184,0.942,1.13,2.18
2013.08.06 18:12:45.811,0.94183,0.94199,1.24,1.50
2013.08.06 18:12:45.871,0.94181,0.94199,2.97,1.50
2013.08.06 18:12:45.932,0.94181,0.94196,1.35,1.50
2013.08.06 18:12:46.051,0.94178,0.94193,1.99,1.50
2013.08.06 18:12:46.111,0.94177,0.94193,2.29,1.88
2013.08.06 18:12:46.350,0.94175,0.94193,1.35,1.88
2013.08.06 18:12:46.411,0.94174,0.94193,1.05,2.18
2013.08.06 18:12:57.670,0.94174,0.94189,1.99,1.50
2013.08.06 18:13:10.151,0.94175,0.94191,1.35,1.50
2013.08.06 18:13:10.815,0.94173,0.9419,1.43,1.50
2013.08.06 18:13:50.313,0.94172,0.94189,1.35,1.32
2013.08.06 18:13:50.552,0.94172,0.94187,1.35,2.55
2013.08.06 18:13:50.734,0.94167,0.94187,2.29,3.23
2013.08.06 18:13:50.861,0.94167,0.94184,1.54,1.43
2013.08.06 18:13:53.093,0.94165,0.94183,2.67,1.88
2013.08.06 18:14:01.850,0.94166,0.94186,2.37,2.48
2013.08.06 18:14:01.910,0.94167,0.94186,1.32,1.35
2013.08.06 18:14:02.450,0.94169,0.94186,1.84,1.43
2013.08.06 18:14:04.160,0.94168,0.94186,2.29,2.48
2013.08.06 18:14:04.462,0.94171,0.94188,1.73,1.50
2013.08.06 18:14:04.822,0.94168,0.94184,1.17,1.43
2013.08.06 18:14:07.291,0.94169,0.94185,1.92,1.35
2013.08.06 18:14:07.472,0.94169,0.94187,1.92,1.35
2013.08.06 18:14:08.118,0.94171,0.94188,1.80,2.18
2013.08.06 18:14:08.822,0.9417,0.94186,1.54,1.50
2013.08.06 18:14:09.340,0.94168,0.94187,2.59,2.55
2013.08.06 18:14:11.330,0.94168,0.94184,1.92,2.18
2013.08.06 18:14:23.890,0.94165,0.94183,4.47,1.50
2013.08.06 18:14:24.070,0.94165,0.94183,2.59,1.50
2013.08.06 18:14:24.251,0.94165,0.94183,1.62,2.25
2013.08.06 18:14:24.611,0.94157,0.94174,1.54,1.13
2013.08.06 18:14:24.670,0.94157,0.94174,1.54,1.13
2013.08.06 18:14:25.210,0.94155,0.94174,1.99,1.43
2013.08.06 18:14:27.351,0.94155,0.94173,1.99,1.50
2013.08.06 18:14:29.602,0.94154,0.94173,2.67,2.25
2013.08.06 18:14:30.171,0.94154,0.9417,1.32,2.10
2013.08.06 18:14:31.840,0.94154,0.94171,1.99,1.43
2013.08.06 18:14:33.950,0.94154,0.94171,1.99,1.43
2013.08.06 18:14:40.041,0.94154,0.94171,2.37,1.43
2013.08.06 18:14:40.742,0.94155,0.94171,1.69,1.43
2013.08.06 18:14:40.817,0.94156,0.94172,1.73,1.50
2013.08.06 18:14:41.300,0.9416,0.94173,1.13,1.43
2013.08.06 18:14:41.421,0.9416,0.94175,1.80,1.35
2013.08.06 18:14:41.841,0.94162,0.94179,1.24,2.85
2013.08.06 18:14:42.050,0.94163,0.94179,1.35,1.50
2013.08.06 18:14:42.650,0.94162,0.94179,1.92,1.50
2013.08.06 18:14:43.301,0.94163,0.94179,1.43,1.50
2013.08.06 18:14:44.970,0.94162,0.94179,1.54,1.88
2013.08.06 18:14:45.091,0.94161,0.94178,1.43,2.18
2013.08.06 18:14:45.331,0.94159,0.94173,1.35,1.50
2013.08.06 18:14:45.630,0.94156,0.94173,1.43,2.93
2013.08.06 18:14:46.185,0.94156,0.94173,1.43,2.93
2013.08.06 18:14:46.490,0.94155,0.9417,1.24,1.50
2013.08.06 18:14:46.793,0.94162,0.94174,1.35,3.00
2013.08.06 18:14:46.851,0.94162,0.94174,1.35,1.50
2013.08.06 18:14:46.970,0.94162,0.94179,1.73,1.50
2013.08.06 18:14:48.461,0.94163,0.94179,3.57,2.25
2013.08.06 18:14:49.049,0.94165,0.94182,1.05,2.18
2013.08.06 18:14:50.136,0.94165,0.94182,1.05,2.93
2013.08.06 18:14:52.272,0.94165,0.94182,1.05,2.93
2013.08.06 18:14:52.800,0.94165,0.94182,1.24,2.93
2013.08.06 18:14:54.930,0.94166,0.94182,2.29,2.93
2013.08.06 18:14:54.990,0.94167,0.94183,2.03,1.88
2013.08.06 18:14:55.170,0.94168,0.94184,1.17,2.18
2013.08.06 18:14:55.531,0.94171,0.94184,1.99,1.50
2013.08.06 18:14:56.821,0.94172,0.9419,1.32,2.18
2013.08.06 18:14:58.718,0.94177,0.94194,1.05,2.37
2013.08.06 18:14:59.292,0.94175,0.94193,1.13,2.37
2013.08.06 18:15:01.220,0.94176,0.94193,1.13,1.69
2013.08.06 18:15:06.110,0.94176,0.94192,1.13,1.50
2013.08.06 18:15:06.351,0.94171,0.94188,1.24,1.43
2013.08.06 18:15:06.840,0.94168,0.94187,1.62,1.54
2013.08.06 18:15:07.700,0.94167,0.94186,2.07,2.78
2013.08.06 18:15:08.219,0.94167,0.94184,2.07,1.35
2013.08.06 18:15:09.820,0.94167,0.94184,2.07,2.10
2013.08.06 18:15:10.193,0.9417,0.94187,1.99,1.43
2013.08.06 18:15:10.253,0.94171,0.94188,1.32,1.35
2013.08.06 18:15:10.550,0.94173,0.9419,1.05,1.35
2013.08.06 18:15:13.471,0.94174,0.9419,2.10,1.35
2013.08.06 18:15:13.712,0.94174,0.94192,2.10,1.35
2013.08.06 18:15:14.782,0.94175,0.94192,1.32,1.35
2013.08.06 18:15:14.904,0.94175,0.94192,2.07,1.35
2013.08.06 18:15:16.207,0.94175,0.94192,1.13,1.35
2013.08.06 18:15:21.381,0.94175,0.94192,1.88,1.35
2013.08.06 18:15:22.022,0.94175,0.94192,1.88,1.35
2013.08.06 18:15:27.352,0.94175,0.94191,1.13,1.43
2013.08.06 18:15:27.612,0.94172,0.9419,1.24,1.35
2013.08.06 18:15:27.732,0.94172,0.94188,1.24,1.35
2013.08.06 18:15:28.251,0.94174,0.9419,1.13,1.43
2013.08.06 18:15:30.030,0.94174,0.94189,1.13,1.43
2013.08.06 18:15:30.211,0.94172,0.94189,1.05,3.79
2013.08.06 18:15:30.330,0.94168,0.94186,1.99,1.35
2013.08.06 18:15:30.451,0.94168,0.94186,1.24,1.35
2013.08.06 18:15:31.781,0.94168,0.94186,1.92,1.43
2013.08.06 18:15:32.486,0.9417,0.94187,1.05,1.43
2013.08.06 18:15:32.952,0.9417,0.94187,1.05,1.43
2013.08.06 18:15:35.375,0.9417,0.94187,1.24,1.43
2013.08.06 18:15:35.447,0.94174,0.94192,1.35,2.59
2013.08.06 18:15:35.634,0.94172,0.9419,1.35,2.03
2013.08.06 18:15:35.752,0.9417,0.94188,2.74,2.85
2013.08.06 18:15:35.994,0.9417,0.94188,1.32,2.18
2013.08.06 18:15:36.110,0.9417,0.94188,1.32,2.85
2013.08.06 18:15:36.411,0.94169,0.94186,1.62,1.05
2013.08.06 18:15:37.310,0.94167,0.94185,2.82,2.18
2013.08.06 18:15:39.482,0.94167,0.94185,1.88,2.18
2013.08.06 18:15:41.731,0.94167,0.94183,1.50,2.18
2013.08.06 18:15:43.101,0.94167,0.94182,2.07,1.43
2013.08.06 18:15:45.760,0.94167,0.94182,2.07,1.43
2013.08.06 18:15:46.703,0.94167,0.94183,2.07,2.18
2013.08.06 18:15:47.112,0.94167,0.94183,2.07,2.18
2013.08.06 18:15:47.351,0.94166,0.94181,1.05,1.43
2013.08.06 18:15:47.991,0.94163,0.94181,2.07,2.85
2013.08.06 18:15:52.631,0.94162,0.94178,1.73,1.69
2013.08.06 18:15:52.871,0.94159,0.94174,1.62,1.43
2013.08.06 18:15:53.667,0.94158,0.94175,1.47,1.43
2013.08.06 18:15:54.917,0.94158,0.94175,1.65,2.18
2013.08.06 18:15:57.460,0.94157,0.94174,2.07,2.10
2013.08.06 18:15:58.650,0.94157,0.94173,1.80,1.43
2013.08.06 18:15:58.830,0.94157,0.94173,1.80,1.43
2013.08.06 18:16:02.975,0.94157,0.94173,1.99,1.43
2013.08.06 18:16:03.553,0.94157,0.94173,1.99,1.43
2013.08.06 18:16:04.340,0.94157,0.94173,1.32,1.43
2013.08.06 18:16:04.654,0.94156,0.94166,2.07,1.13
2013.08.06 18:16:05.011,0.94139,0.94157,1.99,1.73
2013.08.06 18:16:05.070,0.94139,0.94157,1.24,1.73
2013.08.06 18:16:05.602,0.94141,0.94158,1.35,1.13
2013.08.06 18:16:06.161,0.94141,0.94159,2.40,2.10
2013.08.06 18:16:06.346,0.94143,0.94161,1.05,1.62
2013.08.06 18:16:06.411,0.94145,0.94162,1.35,1.88
2013.08.06 18:16:06.591,0.94147,0.94159,2.10,1.50
2013.08.06 18:16:06.710,0.94144,0.94159,2.29,1.50
2013.08.06 18:16:07.339,0.94143,0.94159,1.54,1.50
2013.08.06 18:16:10.024,0.94142,0.94159,2.74,1.50
2013.08.06 18:16:12.822,0.94144,0.94159,1.35,1.50
2013.08.06 18:16:13.774,0.94144,0.94161,2.63,1.13
2013.08.06 18:16:13.894,0.94145,0.94163,1.80,3.60
2013.08.06 18:16:14.134,0.94147,0.94163,1.35,1.50
2013.08.06 18:16:14.823,0.94148,0.94166,1.05,2.29
2013.08.06 18:16:15.399,0.94148,0.94165,1.99,1.43
2013.08.06 18:16:18.323,0.94148,0.94164,1.62,1.88
2013.08.06 18:16:18.884,0.94145,0.94158,1.69,1.50
2013.08.06 18:16:21.141,0.94145,0.94158,1.69,1.50
2013.08.06 18:16:21.263,0.94144,0.94158,1.43,1.50
2013.08.06 18:16:26.654,0.94145,0.94161,1.43,1.50
2013.08.06 18:16:27.073,0.94145,0.94163,1.35,1.32
2013.08.06 18:16:38.933,0.94145,0.94163,1.54,1.13
2013.08.06 18:16:39.054,0.94147,0.94165,3.49,2.18
2013.08.06 18:16:39.174,0.94151,0.94165,1.05,1.50
2013.08.06 18:16:39.414,0.94151,0.94169,1.80,1.62
2013.08.06 18:16:39.533,0.94151,0.94171,1.99,1.35
2013.08.06 18:16:40.075,0.94154,0.9417,1.05,1.43
2013.08.06 18:16:40.753,0.94154,0.9417,1.05,1.43
2013.08.06 18:16:42.365,0.94154,0.9417,1.43,2.18
2013.08.06 18:16:42.723,0.94151,0.94167,1.62,1.50
2013.08.06 18:16:43.534,0.94151,0.94166,1.35,1.13
2013.08.06 18:16:43.653,0.94149,0.94166,1.24,1.43
2013.08.06 18:16:44.632,0.94149,0.94166,1.99,2.18
2013.08.06 18:16:45.665,0.94149,0.94166,2.74,2.18
2013.08.06 18:16:46.203,0.94149,0.94166,1.24,2.18
2013.08.06 18:16:47.583,0.94148,0.94166,2.48,2.93
2013.08.06 18:16:48.073,0.94147,0.94164,1.92,2.25
2013.08.06 18:16:49.533,0.94147,0.94164,1.92,2.25
2013.08.06 18:16:51.235,0.94147,0.94163,1.92,1.50
2013.08.06 18:17:03.155,0.94146,0.94164,1.32,2.85
2013.08.06 18:17:04.675,0.94147,0.94164,1.92,1.50
2013.08.06 18:17:07.283,0.94147,0.94166,3.42,1.80
2013.08.06 18:17:07.835,0.94147,0.94164,4.17,1.50
2013.08.06 18:17:08.414,0.94149,0.94164,1.54,1.50
2013.08.06 18:17:17.306,0.94149,0.94163,1.35,1.50
2013.08.06 18:17:17.723,0.94145,0.94158,1.54,1.13
2013.08.06 18:17:18.263,0.94142,0.94158,2.85,1.13
2013.08.06 18:17:18.323,0.94142,0.94158,1.43,1.13
2013.08.06 18:17:18.874,0.9414,0.94157,1.32,1.35
2013.08.06 18:17:20.050,0.94139,0.94154,1.50,1.13
2013.08.06 18:17:20.353,0.94132,0.9415,2.67,1.35
2013.08.06 18:17:20.713,0.94131,0.94149,1.62,2.48
2013.08.06 18:17:20.833,0.9413,0.94148,1.28,2.22
2013.08.06 18:17:20.894,0.94129,0.94147,2.37,2.03
2013.08.06 18:17:21.433,0.94128,0.94146,1.99,1.35
2013.08.06 18:17:22.885,0.94127,0.94146,3.04,1.35
2013.08.06 18:17:23.634,0.94127,0.94145,1.62,2.03
2013.08.06 18:17:24.053,0.94126,0.94144,2.93,2.03
2013.08.06 18:17:24.173,0.94127,0.94145,1.43,2.03
2013.08.06 18:17:24.594,0.94127,0.94145,1.50,2.10
2013.08.06 18:17:25.143,0.94127,0.94146,3.60,1.99
2013.08.06 18:17:30.394,0.94128,0.94146,1.43,1.80
2013.08.06 18:17:30.934,0.94129,0.94146,1.43,1.80
2013.08.06 18:17:31.414,0.9413,0.94146,1.05,1.43
2013.08.06 18:17:31.653,0.94131,0.94148,1.05,1.62
2013.08.06 18:17:33.775,0.94131,0.94148,1.05,1.62
2013.08.06 18:17:34.307,0.9413,0.94148,2.48,1.62
2013.08.06 18:17:40.046,0.94131,0.94148,1.05,1.62
2013.08.06 18:17:41.413,0.9413,0.94148,2.67,1.43
2013.08.06 18:17:44.137,0.94132,0.94149,3.53,1.35
2013.08.06 18:17:44.207,0.94134,0.94152,1.28,3.42
2013.08.06 18:17:44.453,0.94132,0.94149,3.90,1.35
2013.08.06 18:17:51.543,0.94133,0.94149,1.65,1.43
2013.08.06 18:17:51.785,0.94131,0.94149,2.37,1.43
2013.08.06 18:17:55.917,0.94132,0.94149,1.54,2.48
2013.08.06 18:17:56.403,0.94133,0.94149,1.73,2.10
2013.08.06 18:18:03.273,0.94132,0.94149,1.92,1.43
2013.08.06 18:18:03.634,0.94133,0.9415,1.65,1.43
2013.08.06 18:18:04.006,0.94131,0.94148,1.24,2.10
2013.08.06 18:18:04.534,0.94132,0.94148,1.05,2.85
2013.08.06 18:18:04.653,0.9413,0.94148,3.42,2.85
2013.08.06 18:18:05.633,0.9413,0.94146,2.67,2.10
2013.08.06 18:18:06.775,0.94131,0.94146,1.88,1.35
2013.08.06 18:18:07.283,0.94131,0.94147,1.88,1.35
2013.08.06 18:18:09.703,0.94131,0.94149,2.07,2.85
2013.08.06 18:18:11.404,0.94131,0.94149,1.13,2.85
2013.08.06 18:18:14.803,0.94131,0.94149,1.69,2.85
2013.08.06 18:18:15.274,0.94131,0.94148,1.69,2.10
2013.08.06 18:18:23.014,0.9413,0.94148,2.48,2.10
2013.08.06 18:18:42.914,0.9413,0.94146,1.69,1.05
2013.08.06 18:18:54.383,0.9413,0.94147,1.50,1.73
2013.08.06 18:19:03.838,0.94128,0.94145,1.43,2.10
2013.08.06 18:19:04.085,0.94126,0.94143,1.69,2.40
2013.08.06 18:19:04.206,0.94125,0.94143,1.69,2.40
2013.08.06 18:19:04.266,0.94124,0.94143,2.29,2.40
2013.08.06 18:19:12.543,0.94125,0.94141,2.37,1.43
2013.08.06 18:19:13.083,0.94126,0.94142,2.48,1.35
2013.08.06 18:19:13.143,0.94126,0.94144,3.15,2.29
2013.08.06 18:19:14.293,0.94127,0.94143,2.48,1.05
2013.08.06 18:19:15.029,0.9413,0.94143,1.50,1.05
2013.08.06 18:19:19.243,0.94132,0.94143,1.13,1.05
2013.08.06 18:19:19.783,0.94127,0.94143,2.10,1.35
2013.08.06 18:19:33.953,0.94127,0.94143,3.53,1.43
2013.08.06 18:19:39.473,0.94127,0.94143,2.25,1.80
2013.08.06 18:19:39.593,0.94127,0.94142,1.50,1.05
2013.08.06 18:19:39.653,0.94124,0.94141,2.55,1.13
2013.08.06 18:19:39.713,0.94124,0.94138,1.13,1.43
2013.08.06 18:19:40.232,0.94123,0.94138,1.13,2.10
2013.08.06 18:19:41.126,0.94124,0.94138,1.13,2.48
2013.08.06 18:19:43.643,0.94124,0.94138,1.13,1.43
2013.08.06 18:19:45.895,0.94124,0.94138,1.13,1.13
2013.08.06 18:19:46.536,0.94124,0.94138,1.13,1.13
2013.08.06 18:19:47.056,0.94124,0.94138,1.13,1.13
2013.08.06 18:19:47.584,0.94123,0.94137,1.50,1.13
2013.08.06 18:19:47.643,0.94121,0.94137,1.35,1.80
2013.08.06 18:19:47.884,0.94118,0.94133,1.50,2.10
2013.08.06 18:19:48.785,0.94118,0.94134,1.50,1.43
2013.08.06 18:19:58.074,0.94115,0.94134,2.29,1.99
2013.08.06 18:19:58.193,0.94115,0.9413,1.43,1.13
2013.08.06 18:19:58.515,0.94114,0.94128,3.75,1.05
2013.08.06 18:19:59.255,0.94114,0.94128,3.75,1.73
2013.08.06 18:20:04.235,0.94114,0.94128,3.75,1.54
2013.08.06 18:20:04.475,0.94114,0.94126,3.75,1.73
2013.08.06 18:20:04.834,0.94113,0.94127,1.48,1.35
2013.08.06 18:20:04.955,0.94113,0.94127,2.23,1.35
2013.08.06 18:20:05.575,0.94114,0.9413,1.43,1.99
2013.08.06 18:20:06.524,0.94114,0.9413,1.43,1.80
2013.08.06 18:20:06.644,0.94116,0.94132,2.18,1.24
2013.08.06 18:20:06.883,0.94115,0.94131,2.10,1.32
2013.08.06 18:20:07.243,0.94116,0.9413,1.43,1.13
2013.08.06 18:20:09.304,0.94118,0.94134,3.23,1.99
2013.08.06 18:20:09.424,0.9412,0.94134,1.43,1.05
2013.08.06 18:20:09.604,0.94121,0.94139,2.10,2.67
2013.08.06 18:20:10.134,0.94121,0.94139,2.10,1.32
2013.08.06 18:20:11.663,0.94122,0.94138,1.43,1.99
2013.08.06 18:20:16.080,0.94122,0.94138,1.43,1.80
2013.08.06 18:20:22.045,0.94122,0.94137,1.43,1.13
2013.08.06 18:20:22.224,0.94118,0.94136,2.67,2.85
2013.08.06 18:20:22.403,0.94118,0.94136,3.34,2.10
2013.08.06 18:20:23.784,0.9412,0.94135,1.43,1.80
2013.08.06 18:20:24.025,0.94117,0.94133,1.35,1.80
2013.08.06 18:20:24.144,0.94117,0.94133,2.10,1.80
2013.08.06 18:20:24.323,0.94116,0.94132,1.50,1.35
2013.08.06 18:20:24.624,0.94116,0.94132,1.43,1.43
2013.08.06 18:20:31.206,0.94114,0.94131,2.23,2.29
2013.08.06 18:20:37.494,0.94114,0.94129,2.23,1.99
2013.08.06 18:20:49.829,0.94114,0.94129,2.23,1.43
2013.08.06 18:20:50.013,0.94114,0.94129,2.23,3.23
2013.08.06 18:20:50.193,0.94114,0.94129,2.23,1.62
2013.08.06 18:20:54.778,0.94113,0.94129,2.23,2.67
2013.08.06 18:20:55.328,0.94113,0.94129,2.23,1.43
2013.08.06 18:21:08.634,0.94113,0.94129,2.23,2.37
2013.08.06 18:21:14.113,0.94113,0.94129,2.23,2.55
2013.08.06 18:21:14.233,0.94113,0.94129,2.23,2.37
2013.08.06 18:21:14.543,0.94113,0.94126,2.23,1.13
2013.08.06 18:21:19.235,0.94113,0.94128,2.23,2.18
2013.08.06 18:21:19.955,0.94113,0.94118,1.48,1.50
2013.08.06 18:21:20.525,0.94111,0.94119,1.48,1.50
2013.08.06 18:21:20.704,0.94105,0.94117,1.62,1.50
2013.08.06 18:21:20.764,0.94104,0.94114,6.42,1.50
2013.08.06 18:21:20.824,0.94104,0.94114,4.05,1.50
2013.08.06 18:21:22.144,0.94106,0.94118,1.43,1.50
2013.08.06 18:21:22.324,0.94109,0.94118,1.43,1.50
2013.08.06 18:21:22.384,0.94109,0.94118,3.53,1.50
2013.08.06 18:21:22.563,0.94112,0.94123,1.35,1.50
2013.08.06 18:21:23.103,0.94113,0.94123,1.43,1.50
2013.08.06 18:21:24.383,0.9411,0.94123,2.10,1.50
2013.08.06 18:21:24.924,0.94112,0.94123,1.43,1.50
2013.08.06 18:21:29.284,0.94109,0.94123,2.10,1.50
2013.08.06 18:21:38.398,0.94107,0.94123,2.48,1.50
2013.08.06 18:21:42.744,0.94108,0.94124,2.67,1.50
2013.08.06 18:21:42.924,0.94109,0.94126,1.80,1.43
2013.08.06 18:21:43.490,0.94111,0.94129,1.13,1.43
2013.08.06 18:21:44.284,0.94111,0.94129,2.85,1.50
2013.08.06 18:21:45.186,0.94113,0.9413,1.73,1.43
2013.08.06 18:21:45.247,0.94114,0.94131,1.24,1.43
2013.08.06 18:21:45.785,0.94115,0.94133,1.54,2.18
2013.08.06 18:21:46.764,0.94117,0.94131,1.43,1.50
2013.08.06 18:21:50.554,0.94115,0.94131,1.69,2.25
2013.08.06 18:21:53.003,0.94117,0.94131,1.62,1.50
2013.08.06 18:21:58.903,0.94114,0.94131,1.54,1.50
2013.08.06 18:21:59.083,0.94115,0.94131,2.10,2.25
2013.08.06 18:22:08.396,0.94116,0.94131,1.43,1.50
2013.08.06 18:22:08.576,0.94115,0.94131,5.03,1.50
2013.08.06 18:22:08.884,0.94115,0.94129,2.10,1.88
2013.08.06 18:22:09.303,0.94114,0.94129,1.35,1.50
2013.08.06 18:22:09.844,0.94113,0.94129,2.10,1.50
2013.08.06 18:22:12.253,0.94114,0.94129,2.18,1.50
2013.08.06 18:22:12.374,0.94116,0.94133,1.35,2.55
2013.08.06 18:22:12.685,0.94117,0.94133,1.50,2.18
2013.08.06 18:22:13.224,0.94117,0.94129,1.43,1.50
2013.08.06 18:22:16.844,0.94116,0.94128,1.35,1.50
2013.08.06 18:22:16.964,0.94113,0.94128,1.73,1.50
2013.08.06 18:22:17.484,0.94114,0.94128,1.43,1.50
2013.08.06 18:22:17.924,0.94116,0.94128,1.43,1.50
2013.08.06 18:22:36.894,0.94116,0.94131,1.43,1.50
2013.08.06 18:22:44.214,0.94115,0.94131,2.67,1.50
2013.08.06 18:22:57.335,0.94117,0.94131,1.43,1.50
2013.08.06 18:23:01.244,0.94116,0.94128,1.62,1.50
2013.08.06 18:23:01.748,0.94118,0.94128,1.05,1.50
2013.08.06 18:23:02.524,0.94118,0.94133,1.05,2.25
2013.08.06 18:23:10.844,0.94119,0.94135,1.05,1.80
2013.08.06 18:23:10.964,0.94123,0.94138,1.62,1.43
2013.08.06 18:23:11.024,0.94123,0.94139,1.62,2.10
2013.08.06 18:23:11.144,0.94125,0.94139,1.05,1.35
2013.08.06 18:23:11.204,0.94125,0.94143,1.73,2.18
2013.08.06 18:23:13.008,0.94127,0.94143,1.24,1.50
2013.08.06 18:23:14.864,0.94128,0.94143,2.29,1.50
2013.08.06 18:23:18.834,0.94128,0.94146,2.10,2.55
2013.08.06 18:23:19.399,0.94128,0.94146,2.29,2.55
2013.08.06 18:23:19.742,0.94128,0.94146,2.29,3.30
2013.08.06 18:23:20.525,0.94127,0.94145,2.29,2.10
2013.08.06 18:23:22.818,0.94128,0.94145,1.99,2.10
2013.08.06 18:23:22.886,0.94131,0.94146,1.13,1.43
2013.08.06 18:23:22.945,0.94132,0.94149,3.19,2.10
2013.08.06 18:23:23.185,0.94134,0.94152,1.73,1.88
2013.08.06 18:23:23.544,0.94133,0.94149,1.54,1.50
2013.08.06 18:23:23.604,0.94133,0.94151,1.54,2.55
2013.08.06 18:23:23.844,0.94133,0.94149,1.54,1.50
2013.08.06 18:23:26.614,0.94132,0.94148,1.69,1.88
2013.08.06 18:23:26.735,0.94131,0.94143,2.07,1.50
2013.08.06 18:23:26.854,0.94131,0.94143,1.50,1.50
2013.08.06 18:23:26.974,0.94126,0.94141,2.29,1.13
2013.08.06 18:23:29.285,0.94126,0.94141,3.04,1.13
2013.08.06 18:23:30.844,0.94127,0.94143,1.69,1.88
2013.08.06 18:23:31.586,0.94127,0.94143,1.69,1.50
2013.08.06 18:23:33.314,0.94127,0.94143,2.55,1.50
2013.08.06 18:23:33.374,0.94129,0.94145,1.13,2.37
2013.08.06 18:23:33.495,0.9413,0.94148,1.43,2.55
2013.08.06 18:23:34.036,0.94131,0.94148,1.43,1.88
2013.08.06 18:23:36.284,0.94131,0.94148,1.43,2.44
2013.08.06 18:23:36.404,0.94129,0.94143,2.10,1.50
2013.08.06 18:23:43.094,0.94129,0.94143,1.35,1.50
2013.08.06 18:23:43.614,0.94129,0.94146,1.35,3.57
2013.08.06 18:23:43.674,0.9413,0.94146,1.88,2.82
2013.08.06 18:23:43.915,0.94135,0.94152,1.99,2.48
2013.08.06 18:23:44.094,0.94137,0.94157,2.48,1.62
2013.08.06 18:23:46.377,0.94138,0.94157,1.43,1.62
2013.08.06 18:23:49.379,0.94139,0.94158,2.10,4.92
2013.08.06 18:23:52.638,0.94139,0.94153,2.10,1.50
2013.08.06 18:23:54.654,0.94139,0.94153,2.10,1.50
2013.08.06 18:24:03.104,0.94139,0.94155,2.29,1.50
2013.08.06 18:24:03.166,0.94139,0.94156,4.39,1.50
2013.08.06 18:24:03.226,0.9414,0.94158,2.22,3.23
2013.08.06 18:24:03.346,0.94142,0.94158,1.05,2.18
2013.08.06 18:24:08.824,0.94142,0.94159,1.32,2.18
2013.08.06 18:24:09.064,0.9414,0.94151,1.35,1.50
2013.08.06 18:24:11.025,0.9414,0.94154,1.43,1.50
2013.08.06 18:24:11.294,0.9414,0.94154,2.55,1.50
2013.08.06 18:24:11.354,0.94146,0.94158,1.13,1.43
2013.08.06 18:24:11.475,0.94149,0.94159,1.50,2.10
2013.08.06 18:24:11.537,0.94151,0.94159,3.23,1.43
2013.08.06 18:24:11.605,0.94152,0.94162,1.17,1.43
2013.08.06 18:24:11.664,0.94152,0.94164,1.17,1.35
2013.08.06 18:24:11.844,0.94152,0.94167,1.17,1.43
2013.08.06 18:24:12.395,0.94152,0.94168,1.17,2.10
2013.08.06 18:24:12.686,0.94152,0.94168,1.17,2.10
2013.08.06 18:24:13.325,0.94151,0.94169,3.42,1.50
2013.08.06 18:24:20.154,0.94152,0.94169,1.32,1.50
2013.08.06 18:24:20.730,0.94153,0.94169,1.32,1.50
2013.08.06 18:24:21.287,0.94151,0.94169,3.42,1.50
2013.08.06 18:24:21.464,0.94151,0.94169,2.67,1.50
2013.08.06 18:24:22.166,0.94151,0.94168,2.37,2.85
2013.08.06 18:24:26.634,0.94151,0.94167,1.50,1.05
2013.08.06 18:24:27.414,0.94151,0.94168,2.18,2.18
2013.08.06 18:24:28.906,0.94152,0.9417,2.40,2.82
2013.08.06 18:24:29.026,0.94155,0.9417,1.05,1.50
2013.08.06 18:24:29.383,0.94155,0.9417,2.03,1.50
2013.08.06 18:24:32.394,0.94157,0.94173,1.43,1.69
2013.08.06 18:24:34.450,0.94155,0.94169,1.13,1.43
2013.08.06 18:24:34.520,0.94154,0.94169,1.13,1.43
2013.08.06 18:24:35.064,0.94155,0.94171,1.50,2.18
2013.08.06 18:24:36.655,0.94155,0.94171,1.50,2.18
2013.08.06 18:24:37.964,0.94155,0.94171,2.18,1.43
2013.08.06 18:24:38.085,0.94156,0.94171,1.35,1.50
2013.08.06 18:24:38.446,0.94157,0.9417,1.05,1.50
2013.08.06 18:24:39.164,0.94157,0.9417,1.80,1.50
2013.08.06 18:24:43.024,0.94158,0.9417,2.10,1.50
2013.08.06 18:24:43.384,0.94158,0.94174,2.10,3.00
2013.08.06 18:24:44.204,0.94159,0.94174,1.80,1.50
2013.08.06 18:24:44.625,0.94159,0.9417,1.43,1.50
2013.08.06 18:24:48.188,0.94155,0.9417,1.80,1.50
2013.08.06 18:24:50.307,0.94155,0.94168,2.40,1.50
2013.08.06 18:24:50.786,0.94153,0.9417,2.29,1.50
2013.08.06 18:24:51.326,0.94152,0.94169,1.62,1.43
2013.08.06 18:24:53.634,0.94152,0.94169,1.62,2.18
2013.08.06 18:24:54.114,0.94158,0.94171,1.35,1.50
2013.08.06 18:24:57.715,0.94155,0.9417,1.54,1.13
2013.08.06 18:24:57.835,0.94154,0.94161,1.80,1.35
2013.08.06 18:24:58.015,0.94145,0.94158,1.43,1.24
2013.08.06 18:24:58.075,0.94139,0.94158,1.35,1.92
2013.08.06 18:24:58.138,0.94139,0.94158,1.35,1.92
2013.08.06 18:24:58.494,0.94141,0.94154,1.35,1.50
2013.08.06 18:24:58.554,0.94141,0.94157,1.35,1.50
2013.08.06 18:24:58.675,0.94142,0.94158,1.35,1.50
2013.08.06 18:24:58.734,0.94142,0.94157,1.35,1.50
2013.08.06 18:24:59.034,0.9414,0.94154,1.35,1.50
2013.08.06 18:24:59.275,0.94143,0.94161,2.40,2.18
2013.08.06 18:24:59.334,0.94143,0.94162,2.40,1.43
2013.08.06 18:25:00.224,0.94144,0.94163,2.10,3.60
2013.08.06 18:25:01.535,0.94147,0.94163,1.13,2.85
2013.08.06 18:25:01.776,0.94148,0.94164,4.09,1.50
2013.08.06 18:25:01.836,0.94149,0.94166,3.08,2.18
2013.08.06 18:25:01.955,0.94152,0.94169,1.35,2.82
2013.08.06 18:25:02.075,0.94152,0.94169,2.97,2.25
2013.08.06 18:25:04.084,0.94155,0.94169,1.43,2.25
2013.08.06 18:25:04.324,0.94153,0.94169,1.99,2.25
2013.08.06 18:25:08.044,0.94154,0.94169,2.10,1.50
2013.08.06 18:25:08.831,0.94156,0.94169,1.43,1.50
2013.08.06 18:25:16.884,0.94156,0.94169,1.43,2.25
2013.08.06 18:25:17.004,0.94153,0.94169,1.54,2.25
2013.08.06 18:25:17.244,0.94152,0.94169,4.02,2.63
2013.08.06 18:25:18.014,0.94155,0.94169,1.43,1.50
2013.08.06 18:25:19.931,0.94154,0.94169,1.35,1.50
2013.08.06 18:25:21.664,0.94152,0.94169,1.80,1.50
2013.08.06 18:25:23.484,0.94152,0.9417,1.43,2.18
2013.08.06 18:25:23.864,0.94156,0.9417,1.13,1.50
2013.08.06 18:25:23.924,0.94157,0.94172,1.50,1.43
2013.08.06 18:25:23.985,0.94157,0.94172,1.88,1.43
2013.08.06 18:25:24.405,0.94156,0.94168,1.80,1.50
2013.08.06 18:25:24.765,0.94154,0.94168,1.32,1.50
2013.08.06 18:25:24.884,0.94154,0.9417,1.32,1.43
2013.08.06 18:25:25.144,0.94157,0.94172,1.69,2.10
2013.08.06 18:25:25.205,0.94157,0.94173,3.04,2.18
2013.08.06 18:25:25.529,0.94161,0.94173,1.05,1.50
2013.08.06 18:25:26.067,0.94158,0.94172,2.29,1.50
2013.08.06 18:25:26.377,0.94154,0.94173,1.99,2.55
2013.08.06 18:25:26.437,0.94155,0.9417,1.13,1.43
2013.08.06 18:25:26.734,0.94158,0.94174,1.62,1.50
2013.08.06 18:25:27.041,0.9416,0.94174,1.43,1.50
2013.08.06 18:25:28.124,0.94159,0.94172,1.43,1.50
2013.08.06 18:25:28.304,0.94155,0.94169,2.37,1.50
2013.08.06 18:25:29.500,0.94155,0.94169,1.43,1.50
2013.08.06 18:25:33.204,0.94156,0.94169,1.13,1.50
2013.08.06 18:25:33.723,0.94155,0.94169,1.43,1.50
2013.08.06 18:25:39.934,0.94155,0.94169,1.43,1.50
2013.08.06 18:25:40.057,0.94154,0.94168,2.29,1.50
2013.08.06 18:25:40.235,0.94151,0.94168,1.69,2.10
2013.08.06 18:25:40.295,0.94152,0.94168,1.43,1.43
2013.08.06 18:25:40.834,0.94152,0.94168,1.80,1.43
2013.08.06 18:25:42.374,0.94153,0.94169,2.10,1.50
2013.08.06 18:25:52.794,0.94153,0.94168,1.43,2.18
2013.08.06 18:25:53.394,0.94153,0.94165,2.85,1.50
2013.08.06 18:25:54.754,0.94155,0.94164,1.35,1.50
2013.08.06 18:25:55.154,0.94153,0.94164,2.10,1.50
2013.08.06 18:25:57.215,0.94154,0.9417,1.35,2.07
2013.08.06 18:25:57.274,0.94154,0.9417,1.35,2.07
2013.08.06 18:25:57.335,0.94157,0.94172,1.43,1.69
2013.08.06 18:25:57.455,0.94161,0.94173,1.13,1.43
2013.08.06 18:25:57.575,0.94161,0.94178,1.80,1.43
2013.08.06 18:25:59.635,0.94161,0.94178,1.80,1.43
2013.08.06 18:26:00.185,0.94163,0.9418,1.05,2.18
2013.08.06 18:26:00.815,0.94163,0.9418,1.05,2.93
2013.08.06 18:26:01.154,0.94163,0.94176,1.05,1.50
2013.08.06 18:26:01.334,0.94161,0.94174,1.24,1.50
2013.08.06 18:26:01.454,0.94157,0.94172,1.43,1.50
2013.08.06 18:26:01.574,0.94154,0.9417,3.34,1.50
2013.08.06 18:26:01.635,0.94157,0.9417,1.35,1.50
2013.08.06 18:26:03.064,0.94157,0.94169,1.73,1.50
2013.08.06 18:26:03.424,0.94154,0.94169,1.62,1.50
2013.08.06 18:26:10.825,0.94154,0.9417,1.05,1.50
2013.08.06 18:26:44.234,0.94153,0.94171,4.09,2.25
2013.08.06 18:26:45.825,0.94153,0.94171,2.67,2.25
2013.08.06 18:27:01.584,0.94154,0.94171,1.24,1.50
2013.08.06 18:27:03.565,0.94153,0.94171,2.07,1.50
2013.08.06 18:27:04.756,0.94156,0.94172,2.37,1.43
2013.08.06 18:27:07.505,0.94156,0.94171,1.62,2.25
2013.08.06 18:27:07.864,0.94153,0.94169,1.62,1.50
2013.08.06 18:27:08.044,0.94153,0.94171,1.62,3.15
2013.08.06 18:27:09.734,0.94152,0.9417,2.37,1.43
2013.08.06 18:27:09.990,0.94151,0.94167,1.43,1.43
2013.08.06 18:27:10.585,0.9415,0.94167,1.35,1.43
2013.08.06 18:27:11.884,0.94148,0.94167,2.22,2.85
2013.08.06 18:27:24.088,0.94149,0.94166,1.43,1.50
2013.08.06 18:27:24.666,0.94151,0.94166,1.35,1.50
2013.08.06 18:27:29.134,0.94149,0.94166,2.10,1.50
2013.08.06 18:27:35.855,0.94149,0.94166,2.29,1.88
2013.08.06 18:27:46.574,0.94149,0.94166,2.29,1.50
2013.08.06 18:27:49.365,0.94149,0.94164,2.29,1.50
2013.08.06 18:27:50.167,0.94149,0.94164,2.29,1.50
2013.08.06 18:27:53.414,0.9415,0.94164,1.35,1.50
2013.08.06 18:27:59.764,0.9415,0.94168,1.54,1.80
2013.08.06 18:27:59.944,0.94153,0.9417,1.35,1.13
2013.08.06 18:28:00.124,0.94154,0.94173,1.73,2.10
2013.08.06 18:28:00.304,0.94156,0.94174,1.35,3.60
2013.08.06 18:28:01.754,0.94156,0.94174,2.29,3.83
2013.08.06 18:28:02.336,0.94157,0.94174,1.54,2.48
2013.08.06 18:28:18.626,0.94157,0.94174,1.54,1.50
2013.08.06 18:28:19.045,0.94158,0.94174,2.10,1.50
2013.08.06 18:28:19.284,0.94159,0.94178,1.05,3.94
2013.08.06 18:28:19.345,0.94159,0.94178,2.48,2.52
2013.08.06 18:28:19.525,0.94159,0.94178,4.84,1.95
2013.08.06 18:28:19.901,0.94161,0.94178,1.24,1.35
2013.08.06 18:28:20.117,0.94161,0.94179,1.24,2.85
2013.08.06 18:28:20.534,0.94163,0.94181,1.62,1.35
2013.08.06 18:28:21.355,0.94163,0.94181,1.62,2.10
2013.08.06 18:28:23.865,0.94165,0.94181,2.67,1.35
2013.08.06 18:28:23.996,0.94166,0.94183,1.50,3.45
2013.08.06 18:28:25.194,0.94166,0.94182,1.50,2.10
2013.08.06 18:28:26.504,0.94166,0.94182,1.13,1.35
2013.08.06 18:28:27.135,0.94166,0.94183,2.55,1.35
2013.08.06 18:28:29.195,0.94167,0.94183,2.37,2.10
2013.08.06 18:29:06.414,0.94168,0.94184,1.50,1.43
2013.08.06 18:29:06.474,0.94171,0.94184,1.88,1.43
2013.08.06 18:29:06.834,0.94169,0.94188,1.92,2.85
2013.08.06 18:29:07.355,0.94168,0.94184,1.99,1.50
2013.08.06 18:29:09.115,0.94168,0.94184,1.99,1.50
2013.08.06 18:29:12.335,0.94168,0.94184,1.99,1.50
2013.08.06 18:29:15.965,0.9417,0.94184,1.73,1.50
2013.08.06 18:29:16.205,0.94172,0.94188,2.48,2.93
2013.08.06 18:29:16.325,0.94172,0.94188,2.48,1.50
2013.08.06 18:29:16.937,0.94173,0.94188,1.73,1.50
2013.08.06 18:29:17.234,0.94173,0.94191,1.73,2.44
2013.08.06 18:29:17.294,0.94173,0.94191,1.73,2.44
2013.08.06 18:29:17.927,0.94175,0.94191,1.05,1.50
2013.08.06 18:29:21.588,0.94175,0.94191,1.24,1.50
2013.08.06 18:29:21.923,0.94175,0.94191,1.24,1.50
2013.08.06 18:29:22.527,0.94175,0.94187,1.05,1.50
2013.08.06 18:29:25.616,0.94175,0.94187,1.05,1.50
2013.08.06 18:29:25.676,0.94175,0.9419,1.05,2.25
2013.08.06 18:29:26.128,0.94178,0.94193,1.05,1.13
2013.08.06 18:29:26.674,0.94177,0.94191,1.05,1.50
2013.08.06 18:29:27.185,0.94175,0.94191,1.92,1.50
2013.08.06 18:29:28.264,0.94175,0.94191,1.92,1.50
2013.08.06 18:29:29.734,0.94175,0.94191,1.92,1.50
2013.08.06 18:29:30.467,0.9418,0.94193,1.05,2.18
2013.08.06 18:29:30.768,0.9418,0.94196,1.05,1.50
2013.08.06 18:29:31.274,0.94178,0.94193,1.73,1.50
2013.08.06 18:29:33.084,0.94177,0.94192,1.24,1.50
2013.08.06 18:29:44.567,0.94177,0.94191,1.05,1.50
2013.08.06 18:29:45.016,0.94176,0.94188,1.73,1.50
2013.08.06 18:29:45.326,0.9417,0.94182,2.78,1.13
2013.08.06 18:29:45.385,0.94168,0.94182,1.35,1.13
2013.08.06 18:29:45.446,0.94168,0.94183,1.35,1.54
2013.08.06 18:29:45.506,0.94167,0.94181,1.35,1.35
2013.08.06 18:29:45.566,0.94167,0.94181,1.35,1.35
2013.08.06 18:29:46.115,0.94167,0.94184,1.05,3.04
2013.08.06 18:29:46.174,0.94167,0.94185,1.05,1.43
2013.08.06 18:29:46.234,0.94167,0.94186,2.48,2.37
2013.08.06 18:29:46.295,0.94167,0.94186,1.73,2.37
2013.08.06 18:29:46.474,0.94169,0.94186,1.43,1.62
2013.08.06 18:29:48.174,0.94168,0.94184,1.43,1.50
2013.08.06 18:29:48.596,0.94166,0.94185,1.73,1.88
2013.08.06 18:29:53.527,0.94165,0.94182,1.05,1.50
2013.08.06 18:29:59.755,0.94165,0.94179,1.05,1.50
2013.08.06 18:30:02.004,0.94164,0.94179,1.05,2.63
2013.08.06 18:30:02.305,0.94162,0.94178,1.24,3.15
2013.08.06 18:30:06.375,0.94161,0.94178,1.05,2.55
2013.08.06 18:30:06.896,0.94162,0.94178,1.24,1.43
2013.08.06 18:30:08.615,0.94162,0.94179,1.99,1.43
2013.08.06 18:30:09.104,0.94163,0.94179,1.05,1.50
2013.08.06 18:30:09.645,0.94162,0.94179,1.05,2.18
2013.08.06 18:30:17.330,0.94162,0.94179,1.05,2.18
2013.08.06 18:30:19.286,0.94162,0.94179,1.80,2.18
2013.08.06 18:30:19.406,0.94162,0.94179,2.55,1.43
2013.08.06 18:30:19.528,0.94163,0.94179,1.13,1.43
2013.08.06 18:30:19.704,0.94162,0.94179,1.05,2.18
2013.08.06 18:30:20.004,0.94162,0.94179,1.80,1.43
2013.08.06 18:30:20.642,0.94162,0.94179,1.13,2.85
2013.08.06 18:30:21.184,0.94162,0.94179,1.80,2.18
2013.08.06 18:30:24.874,0.94163,0.94179,1.50,1.43
2013.08.06 18:30:24.935,0.94167,0.9418,1.80,1.54
2013.08.06 18:30:25.175,0.9417,0.94189,1.80,3.04
2013.08.06 18:30:25.354,0.94171,0.94189,1.80,1.62
2013.08.06 18:30:25.936,0.94172,0.9419,1.13,2.29
2013.08.06 18:30:26.646,0.94173,0.9419,1.32,2.10
2013.08.06 18:30:27.415,0.94174,0.94189,1.13,1.50
2013.08.06 18:30:28.278,0.94174,0.94189,1.13,1.50
2013.08.06 18:30:29.096,0.94174,0.94189,1.43,1.50
2013.08.06 18:30:33.598,0.94174,0.94189,1.13,2.18
2013.08.06 18:30:34.155,0.94172,0.94189,2.74,2.18
2013.08.06 18:30:38.216,0.94174,0.94189,1.32,2.18
2013.08.06 18:30:38.775,0.94174,0.94189,1.13,2.18
2013.08.06 18:30:39.787,0.94174,0.94189,1.13,1.43
2013.08.06 18:30:39.845,0.94174,0.94189,1.69,1.43
2013.08.06 18:30:40.205,0.94178,0.94194,1.05,1.50
2013.08.06 18:30:40.566,0.9418,0.94197,1.88,2.37
2013.08.06 18:30:40.626,0.94186,0.942,1.13,3.04
2013.08.06 18:30:40.685,0.94186,0.94202,1.50,2.44
2013.08.06 18:30:40.805,0.94186,0.94205,3.04,1.35
2013.08.06 18:30:41.324,0.94188,0.94205,1.13,1.35
2013.08.06 18:30:41.755,0.94188,0.94205,1.80,1.43
2013.08.06 18:30:41.815,0.94188,0.94204,1.80,1.05
2013.08.06 18:30:42.174,0.94187,0.94206,2.67,1.35
2013.08.06 18:30:42.855,0.94188,0.94206,1.13,1.35
2013.08.06 18:30:47.084,0.94189,0.94206,2.25,1.35
2013.08.06 18:30:48.935,0.94191,0.94206,1.50,1.35
2013.08.06 18:30:49.658,0.94191,0.94207,1.50,1.05
2013.08.06 18:30:51.765,0.94191,0.94208,1.50,2.10
2013.08.06 18:30:52.577,0.94191,0.94208,1.50,2.48
2013.08.06 18:30:53.825,0.94191,0.94207,1.50,1.05
2013.08.06 18:30:53.945,0.94191,0.94207,1.50,1.73
2013.08.06 18:30:57.684,0.94189,0.94207,1.13,2.67
2013.08.06 18:30:57.985,0.94186,0.94203,2.37,1.43
2013.08.06 18:30:58.508,0.94186,0.94203,2.44,1.43
2013.08.06 18:30:59.075,0.94186,0.94202,1.50,3.42
2013.08.06 18:30:59.257,0.94183,0.94198,1.99,1.50
2013.08.06 18:31:01.245,0.9418,0.94196,1.43,2.10
2013.08.06 18:31:01.545,0.94172,0.94191,3.12,2.78
2013.08.06 18:31:01.665,0.94172,0.94188,2.44,1.43
2013.08.06 18:31:02.685,0.94172,0.94187,1.32,1.43
2013.08.06 18:31:04.344,0.94172,0.94188,1.32,1.50
2013.08.06 18:31:04.705,0.94172,0.94188,1.62,1.50
2013.08.06 18:31:08.661,0.94172,0.94189,1.80,2.18
2013.08.06 18:31:08.846,0.94173,0.94189,1.13,2.18
2013.08.06 18:31:09.086,0.94174,0.94193,1.99,2.18
2013.08.06 18:31:09.704,0.94174,0.94193,2.74,2.93
2013.08.06 18:31:10.248,0.94174,0.94193,2.74,2.93
2013.08.06 18:31:11.217,0.94174,0.94193,2.74,2.93
2013.08.06 18:31:11.747,0.94175,0.94193,1.73,2.93
2013.08.06 18:31:18.455,0.94174,0.94192,2.85,1.43
2013.08.06 18:31:21.413,0.94174,0.94192,3.04,1.43
2013.08.06 18:31:24.535,0.94174,0.94192,3.04,1.43
2013.08.06 18:31:24.999,0.94174,0.94192,3.04,2.18
2013.08.06 18:31:25.110,0.94174,0.94192,3.04,1.43
2013.08.06 18:31:25.648,0.94174,0.94192,3.04,1.43
2013.08.06 18:31:28.694,0.94174,0.94192,3.04,1.43
2013.08.06 18:31:31.455,0.94174,0.94192,1.69,2.10
2013.08.06 18:31:32.900,0.94173,0.9419,3.49,1.43
2013.08.06 18:31:36.260,0.94175,0.94191,1.43,1.43
2013.08.06 18:31:36.325,0.94176,0.94192,1.13,1.35
2013.08.06 18:31:36.386,0.94182,0.94192,1.35,1.35
2013.08.06 18:31:36.446,0.94182,0.94195,1.73,1.62
2013.08.06 18:31:36.565,0.94182,0.94196,2.48,1.35
2013.08.06 18:31:36.985,0.94183,0.942,1.13,1.35
2013.08.06 18:31:48.685,0.94184,0.942,1.32,2.10
2013.08.06 18:31:50.554,0.94184,0.942,1.13,2.10
2013.08.06 18:31:54.155,0.94183,0.942,1.32,2.10
2013.08.06 18:31:58.225,0.94183,0.942,2.07,2.10
2013.08.06 18:32:01.665,0.94183,0.94199,1.24,1.43
2013.08.06 18:32:09.975,0.94183,0.94199,1.24,1.43
2013.08.06 18:32:19.126,0.94183,0.942,1.05,1.43
2013.08.06 18:32:19.305,0.94184,0.942,1.32,1.43
2013.08.06 18:32:19.846,0.94183,0.94199,1.24,1.43
2013.08.06 18:32:20.655,0.94183,0.94199,1.24,2.10
2013.08.06 18:32:21.227,0.94182,0.94198,2.07,1.35
2013.08.06 18:32:23.675,0.94184,0.94198,1.13,1.35
2013.08.06 18:32:24.346,0.94186,0.94198,1.32,1.35
2013.08.06 18:32:24.585,0.94189,0.94208,1.62,2.10
2013.08.06 18:32:24.765,0.94189,0.94208,1.62,2.10
2013.08.06 18:32:25.795,0.94192,0.94208,1.13,1.43
2013.08.06 18:32:31.227,0.94193,0.94209,1.13,1.50
2013.08.06 18:32:38.575,0.94194,0.9421,1.50,1.50
2013.08.06 18:32:38.637,0.94195,0.94211,1.13,2.10
2013.08.06 18:32:39.085,0.94198,0.94216,1.24,1.43
2013.08.06 18:32:45.195,0.94199,0.94216,2.48,2.93
2013.08.06 18:32:45.255,0.942,0.94216,1.05,2.93
2013.08.06 18:32:45.436,0.942,0.94216,1.05,2.93
2013.08.06 18:32:46.110,0.942,0.94216,1.05,2.93
2013.08.06 18:32:48.328,0.942,0.94216,1.99,2.18
2013.08.06 18:32:48.865,0.94199,0.94216,1.54,2.18
2013.08.06 18:32:49.415,0.94199,0.94216,1.54,1.50
2013.08.06 18:32:50.067,0.94198,0.94216,3.42,1.50
2013.08.06 18:32:53.207,0.94198,0.94216,2.67,1.50
2013.08.06 18:33:03.276,0.94201,0.94215,1.35,1.43
2013.08.06 18:33:05.272,0.94199,0.94215,1.50,1.43
2013.08.06 18:33:05.826,0.94197,0.94214,1.24,1.43
2013.08.06 18:33:07.545,0.94196,0.94212,1.32,1.35
2013.08.06 18:33:07.605,0.94196,0.94214,1.13,2.10
2013.08.06 18:33:07.835,0.94196,0.94214,1.88,2.85
2013.08.06 18:33:09.995,0.94197,0.94214,1.13,2.10
2013.08.06 18:33:14.200,0.94199,0.94215,1.13,2.18
2013.08.06 18:33:14.847,0.94201,0.94215,1.13,1.43
2013.08.06 18:33:21.937,0.94201,0.94218,1.80,2.18
2013.08.06 18:33:22.446,0.94202,0.94217,1.50,1.35
2013.08.06 18:33:34.499,0.94201,0.94218,2.07,2.10
2013.08.06 18:33:34.737,0.94202,0.94218,1.50,2.10
2013.08.06 18:33:36.018,0.94202,0.94218,1.50,2.85
2013.08.06 18:33:36.197,0.94201,0.94215,1.13,1.50
2013.08.06 18:33:46.867,0.94198,0.94214,2.74,1.43
2013.08.06 18:33:48.998,0.94201,0.94216,1.13,1.35
2013.08.06 18:33:49.117,0.94201,0.94216,1.80,1.35
2013.08.06 18:33:49.657,0.94202,0.94219,1.80,2.18
2013.08.06 18:33:50.356,0.94202,0.94219,2.55,1.43
2013.08.06 18:33:50.537,0.94203,0.94219,1.13,1.43
2013.08.06 18:34:03.377,0.94203,0.94221,3.79,2.85
2013.08.06 18:34:03.737,0.94202,0.94221,1.99,1.43
2013.08.06 18:34:03.797,0.94203,0.94221,1.32,1.43
2013.08.06 18:34:12.740,0.94204,0.94219,2.29,1.43
2013.08.06 18:34:12.802,0.94204,0.94219,1.35,1.43
2013.08.06 18:34:13.307,0.94201,0.94218,3.60,1.05
2013.08.06 18:34:13.487,0.94201,0.94217,2.25,1.73
2013.08.06 18:34:14.677,0.94201,0.94215,2.25,1.35
2013.08.06 18:34:14.737,0.94197,0.94214,1.69,1.43
2013.08.06 18:34:14.797,0.94198,0.94214,1.13,1.43
2013.08.06 18:34:15.159,0.94201,0.94218,1.43,2.37
2013.08.06 18:34:15.658,0.94199,0.94216,1.80,1.43
2013.08.06 18:34:28.797,0.94198,0.94213,1.13,2.85
2013.08.06 18:34:29.407,0.94195,0.94212,2.67,1.43
2013.08.06 18:34:29.900,0.94191,0.94206,2.07,1.35
2013.08.06 18:34:31.508,0.94191,0.94206,1.69,2.10
2013.08.06 18:34:34.040,0.94191,0.94206,1.50,2.10
2013.08.06 18:34:35.179,0.94191,0.94206,1.50,2.10
2013.08.06 18:34:35.507,0.94191,0.94207,1.50,1.35
2013.08.06 18:34:35.568,0.94191,0.94207,1.50,2.03
2013.08.06 18:34:35.807,0.94186,0.94204,3.87,2.10
2013.08.06 18:34:35.867,0.94186,0.94202,3.87,1.05
2013.08.06 18:34:36.177,0.94183,0.94198,3.19,1.73
2013.08.06 18:34:36.708,0.94183,0.94198,3.19,1.73
2013.08.06 18:34:38.577,0.94183,0.94197,1.50,1.43
2013.08.06 18:34:40.677,0.94184,0.94197,1.69,1.43
2013.08.06 18:34:40.797,0.94187,0.94199,2.63,1.73
2013.08.06 18:34:41.337,0.94183,0.94199,2.44,1.13
2013.08.06 18:34:42.388,0.94183,0.94199,2.37,1.13
2013.08.06 18:34:42.447,0.94186,0.94201,1.13,1.05
2013.08.06 18:34:42.687,0.94185,0.94203,1.62,1.05
2013.08.06 18:34:43.258,0.94183,0.94199,2.74,1.05
2013.08.06 18:34:44.647,0.94183,0.94199,2.07,1.73
2013.08.06 18:34:45.196,0.94184,0.942,1.50,2.48
2013.08.06 18:34:47.526,0.94183,0.94199,2.55,1.13
2013.08.06 18:34:52.127,0.94183,0.94198,1.80,1.13
2013.08.06 18:34:53.448,0.94182,0.94199,1.35,3.30
2013.08.06 18:34:55.410,0.94181,0.94197,2.10,1.43
2013.08.06 18:34:58.038,0.94181,0.94198,2.18,1.43
2013.08.06 18:34:58.158,0.94182,0.94199,1.62,2.93
2013.08.06 18:34:58.847,0.94183,0.94199,1.24,1.50
2013.08.06 18:34:59.387,0.94181,0.94199,3.19,2.85
2013.08.06 18:35:01.717,0.94181,0.94199,2.44,2.85
2013.08.06 18:35:07.617,0.94179,0.94198,3.12,1.43
2013.08.06 18:35:09.177,0.94181,0.94197,2.10,1.50
2013.08.06 18:35:14.528,0.94182,0.94199,1.05,3.79
2013.08.06 18:35:14.647,0.94183,0.94199,2.29,1.43
2013.08.06 18:35:14.887,0.94186,0.94205,2.48,2.37
2013.08.06 18:35:15.247,0.94187,0.94205,1.05,2.37
2013.08.06 18:35:15.307,0.94186,0.94205,2.55,2.37
2013.08.06 18:35:15.708,0.94186,0.94199,2.18,1.13
2013.08.06 18:35:16.007,0.94182,0.94199,1.43,1.80
2013.08.06 18:35:20.297,0.94182,0.94197,1.43,1.50
2013.08.06 18:35:23.777,0.94182,0.94198,1.43,1.50
2013.08.06 18:35:23.897,0.94182,0.94199,1.05,2.18
2013.08.06 18:35:23.957,0.94184,0.942,2.10,2.37
2013.08.06 18:35:24.077,0.94184,0.942,2.29,1.50
2013.08.06 18:35:25.027,0.94183,0.94202,4.02,2.85
2013.08.06 18:35:25.567,0.94181,0.94199,2.37,2.85
2013.08.06 18:35:26.808,0.94181,0.94199,2.37,2.85
2013.08.06 18:35:30.339,0.94181,0.94198,1.43,1.43
2013.08.06 18:35:33.157,0.94181,0.94194,1.43,1.50
2013.08.06 18:35:51.727,0.94181,0.94197,1.35,5.33
2013.08.06 18:35:51.967,0.94178,0.94189,1.35,1.13
2013.08.06 18:35:52.087,0.94174,0.94193,3.27,3.42
2013.08.06 18:35:52.147,0.94174,0.94185,3.27,1.50
2013.08.06 18:35:52.267,0.94174,0.94189,2.10,1.69
2013.08.06 18:35:52.327,0.94176,0.94189,1.35,2.07
2013.08.06 18:35:52.687,0.94173,0.9419,2.03,1.69
2013.08.06 18:35:52.807,0.94174,0.94188,1.35,1.50
2013.08.06 18:35:53.047,0.94175,0.94189,1.35,1.69
2013.08.06 18:35:54.268,0.94175,0.94189,1.35,1.69
2013.08.06 18:35:54.687,0.94174,0.94189,1.43,1.50
2013.08.06 18:35:54.818,0.94172,0.94189,1.95,1.50
2013.08.06 18:35:55.567,0.94172,0.94189,2.70,2.25
2013.08.06 18:35:55.867,0.94172,0.94189,2.10,2.44
2013.08.06 18:35:55.927,0.94171,0.94189,1.43,2.37
2013.08.06 18:35:56.107,0.94171,0.94189,2.10,2.07
2013.08.06 18:35:56.417,0.94174,0.94189,1.35,2.82
2013.08.06 18:35:57.067,0.94176,0.94189,1.35,1.88
2013.08.06 18:35:59.062,0.94174,0.94185,1.35,1.50
2013.08.06 18:35:59.187,0.94171,0.94185,1.92,1.50
2013.08.06 18:35:59.758,0.9417,0.94185,1.92,1.50
2013.08.06 18:36:05.379,0.94172,0.94185,1.35,1.50
2013.08.06 18:36:08.047,0.9417,0.94184,2.48,1.50
2013.08.06 18:36:08.108,0.9417,0.94184,1.05,1.50
2013.08.06 18:36:08.617,0.94169,0.94184,1.43,1.50
2013.08.06 18:36:11.858,0.94169,0.94183,1.43,1.50
2013.08.06 18:36:12.167,0.94164,0.9418,1.35,2.07
2013.08.06 18:36:12.427,0.94161,0.9418,1.43,2.74
2013.08.06 18:36:12.967,0.94161,0.94178,1.43,1.43
2013.08.06 18:36:13.737,0.94161,0.94178,2.18,2.10
2013.08.06 18:36:18.347,0.94162,0.94178,1.13,2.10
2013.08.06 18:36:18.717,0.94162,0.9418,1.80,2.44
2013.08.06 18:36:19.017,0.94165,0.9418,1.05,2.44
2013.08.06 18:36:19.137,0.94163,0.94179,1.05,1.43
2013.08.06 18:36:21.590,0.94163,0.94179,1.73,2.37
2013.08.06 18:36:22.067,0.94167,0.9418,1.35,1.50
2013.08.06 18:36:22.308,0.94166,0.9418,1.80,1.50
2013.08.06 18:36:32.947,0.94165,0.9418,1.73,1.50
2013.08.06 18:36:33.467,0.94163,0.94178,1.05,1.50
2013.08.06 18:36:33.618,0.94162,0.94178,1.73,1.50
2013.08.06 18:36:35.397,0.94163,0.94182,3.30,2.37
2013.08.06 18:36:35.457,0.94165,0.94182,1.13,2.37
2013.08.06 18:36:35.517,0.94166,0.94182,1.13,1.50
2013.08.06 18:36:35.760,0.94167,0.94184,1.32,1.43
2013.08.06 18:36:35.878,0.94166,0.94183,1.69,2.10
2013.08.06 18:36:36.188,0.94164,0.94182,2.74,1.43
2013.08.06 18:36:36.547,0.94163,0.94178,3.30,1.50
2013.08.06 18:36:38.067,0.94163,0.9418,1.80,1.43
2013.08.06 18:36:42.937,0.94165,0.94181,1.13,1.43
2013.08.06 18:36:42.997,0.94165,0.94182,1.50,1.54
2013.08.06 18:36:43.057,0.94165,0.94183,2.37,1.73
2013.08.06 18:36:43.117,0.94165,0.94183,2.37,1.35
2013.08.06 18:36:43.741,0.94166,0.94183,1.50,2.10
2013.08.06 18:36:43.977,0.94165,0.94182,1.62,1.43
2013.08.06 18:36:44.597,0.94164,0.9418,2.67,1.50
2013.08.06 18:36:45.183,0.94164,0.9418,1.13,2.18
2013.08.06 18:36:54.848,0.94163,0.9418,1.80,2.18
2013.08.06 18:37:01.817,0.94163,0.9418,1.80,2.18
2013.08.06 18:37:02.056,0.94163,0.9418,1.80,2.18
2013.08.06 18:37:07.197,0.94163,0.9418,2.85,1.50
2013.08.06 18:37:07.498,0.94167,0.94185,1.88,3.04
2013.08.06 18:37:08.058,0.94168,0.94185,1.73,3.12
2013.08.06 18:37:08.367,0.94168,0.94182,1.73,1.35
2013.08.06 18:37:08.557,0.94166,0.94181,1.35,1.50
2013.08.06 18:37:08.617,0.94164,0.94181,1.80,1.50
2013.08.06 18:37:15.388,0.94163,0.9418,1.05,1.43
2013.08.06 18:37:19.569,0.94163,0.94179,1.05,1.50
2013.08.06 18:37:20.136,0.94161,0.94175,2.10,1.13
2013.08.06 18:37:20.205,0.94156,0.94174,4.84,1.35
2013.08.06 18:37:22.757,0.94156,0.94173,1.99,1.43
2013.08.06 18:37:23.368,0.94156,0.94173,1.80,1.43
2013.08.06 18:37:27.568,0.94156,0.94173,2.74,1.43
2013.08.06 18:37:29.027,0.94156,0.94175,3.12,1.43
2013.08.06 18:37:30.073,0.94156,0.94173,2.44,2.18
2013.08.06 18:37:30.317,0.94155,0.94168,1.35,1.50
2013.08.06 18:37:30.870,0.94153,0.94168,1.24,1.50
2013.08.06 18:37:31.587,0.94153,0.94168,1.05,1.50
2013.08.06 18:37:32.318,0.94153,0.94168,1.05,1.50
2013.08.06 18:37:52.797,0.94154,0.94168,1.35,1.50
2013.08.06 18:37:57.707,0.94156,0.94172,1.50,1.50
2013.08.06 18:37:57.767,0.9416,0.94173,1.50,3.04
2013.08.06 18:37:57.887,0.94162,0.94173,1.28,1.62
2013.08.06 18:37:58.007,0.94163,0.94178,1.65,1.43
2013.08.06 18:37:58.187,0.94165,0.94182,1.05,2.37
2013.08.06 18:37:59.899,0.94163,0.94182,2.33,2.37
2013.08.06 18:38:00.498,0.94163,0.94179,2.33,1.50
2013.08.06 18:38:01.428,0.94163,0.94176,1.05,1.50
2013.08.06 18:38:01.548,0.94159,0.94174,1.54,1.50
2013.08.06 18:38:01.609,0.94156,0.94174,2.10,1.50
2013.08.06 18:38:05.718,0.94159,0.94172,1.50,1.50
2013.08.06 18:38:05.959,0.94162,0.94175,1.73,1.43
2013.08.06 18:38:06.198,0.94164,0.94177,1.05,1.35
2013.08.06 18:38:06.259,0.94164,0.94183,1.73,2.37
2013.08.06 18:38:06.377,0.94165,0.94183,1.73,1.69
2013.08.06 18:38:10.397,0.94165,0.94181,1.05,1.50
2013.08.06 18:38:12.497,0.94165,0.94181,1.05,1.50
2013.08.06 18:38:13.206,0.94164,0.94181,1.05,1.43
2013.08.06 18:38:14.405,0.94165,0.94181,1.13,1.43
2013.08.06 18:38:14.647,0.94167,0.94185,1.13,2.10
2013.08.06 18:38:14.707,0.94167,0.94185,1.13,2.10
2013.08.06 18:38:15.367,0.94166,0.94182,1.13,2.29
2013.08.06 18:38:15.427,0.94164,0.94181,2.48,1.43
2013.08.06 18:38:15.947,0.94163,0.9418,1.05,1.43
2013.08.06 18:38:34.807,0.94163,0.9418,1.05,2.55
2013.08.06 18:38:34.927,0.94161,0.94175,1.62,2.18
2013.08.06 18:38:35.107,0.94157,0.94173,1.35,1.43
2013.08.06 18:38:35.227,0.94156,0.9417,1.13,1.50
2013.08.06 18:38:35.757,0.94152,0.94169,1.24,1.43
2013.08.06 18:38:41.968,0.94155,0.9417,2.48,1.35
2013.08.06 18:38:42.091,0.94157,0.94173,2.10,1.43
2013.08.06 18:38:42.217,0.94162,0.94177,1.73,1.35
2013.08.06 18:38:42.397,0.94162,0.94179,1.73,1.43
2013.08.06 18:38:42.647,0.94162,0.9418,1.35,1.43
2013.08.06 18:38:42.768,0.94162,0.94177,1.35,1.80
2013.08.06 18:38:43.008,0.94154,0.94172,1.73,1.62
2013.08.06 18:38:45.498,0.94154,0.94171,2.48,1.43
2013.08.06 18:39:00.489,0.94155,0.94171,1.13,1.43
2013.08.06 18:39:00.848,0.94156,0.94173,2.29,1.35
2013.08.06 18:39:00.908,0.94157,0.94175,1.62,1.43
2013.08.06 18:39:01.478,0.94157,0.94174,1.62,1.43
2013.08.06 18:39:01.537,0.94157,0.94173,1.24,1.50
2013.08.06 18:39:01.657,0.94154,0.94173,2.55,2.18
2013.08.06 18:39:01.717,0.94154,0.94173,1.80,2.93
2013.08.06 18:39:06.067,0.94154,0.94171,1.80,2.29
2013.08.06 18:39:21.269,0.94154,0.94171,1.05,1.62
2013.08.06 18:39:31.107,0.94154,0.94172,1.80,1.69
2013.08.06 18:39:31.408,0.94158,0.94175,1.05,1.62
2013.08.06 18:39:31.468,0.94158,0.94174,1.05,1.62
2013.08.06 18:39:31.837,0.94155,0.94172,1.24,2.18
2013.08.06 18:39:32.087,0.94154,0.94172,1.92,2.85
2013.08.06 18:39:37.357,0.94154,0.94171,1.73,1.69
2013.08.06 18:39:37.658,0.94149,0.94163,1.35,1.50
2013.08.06 18:39:37.777,0.94146,0.94162,1.43,1.43
2013.08.06 18:39:37.897,0.94145,0.94162,1.13,2.10
2013.08.06 18:39:43.999,0.94146,0.94162,1.50,2.18
2013.08.06 18:39:45.762,0.94146,0.94162,1.50,2.25
2013.08.06 18:39:45.987,0.94146,0.94161,1.50,1.50
2013.08.06 18:39:49.328,0.94142,0.94159,1.13,2.25
2013.08.06 18:39:50.967,0.94141,0.94158,2.10,1.88
2013.08.06 18:39:51.151,0.94141,0.94154,1.35,1.50
2013.08.06 18:39:51.209,0.94138,0.94153,2.78,2.44
2013.08.06 18:39:51.329,0.94136,0.94153,1.80,3.12
2013.08.06 18:39:53.337,0.94136,0.94153,1.05,3.87
2013.08.06 18:39:58.199,0.94136,0.94153,1.05,2.37
2013.08.06 18:40:03.040,0.94137,0.94153,1.80,1.62
2013.08.06 18:40:03.159,0.94138,0.94154,1.73,2.44
2013.08.06 18:40:03.278,0.94138,0.94156,3.72,1.35
2013.08.06 18:40:03.858,0.94143,0.94159,1.05,2.37
2013.08.06 18:40:07.099,0.94143,0.94158,1.05,1.50
2013.08.06 18:40:10.147,0.94143,0.94159,1.05,2.18
2013.08.06 18:40:10.693,0.94143,0.94159,2.40,1.43
2013.08.06 18:40:18.157,0.94142,0.94158,1.50,1.50
2013.08.06 18:40:18.577,0.94143,0.94159,1.13,1.43
2013.08.06 18:40:19.289,0.94143,0.94161,1.13,2.29
2013.08.06 18:40:24.848,0.94143,0.94161,1.50,2.29
2013.08.06 18:40:24.908,0.94146,0.94161,1.13,1.54
2013.08.06 18:40:25.087,0.94146,0.94164,2.93,2.10
2013.08.06 18:40:25.207,0.94146,0.94163,1.05,1.43
2013.08.06 18:40:25.388,0.94145,0.94162,1.05,1.35
2013.08.06 18:40:25.747,0.94145,0.94161,1.05,1.43
2013.08.06 18:40:44.671,0.94144,0.94159,1.73,2.63
2013.08.06 18:40:44.910,0.94137,0.94156,1.62,1.43
2013.08.06 18:40:45.088,0.94136,0.94156,3.42,1.43
2013.08.06 18:40:46.538,0.94136,0.94154,4.17,1.50
2013.08.06 18:40:52.740,0.9414,0.94155,2.40,1.13
2013.08.06 18:40:52.858,0.9414,0.94158,2.89,3.23
2013.08.06 18:40:52.918,0.9414,0.94158,3.27,2.85
2013.08.06 18:40:53.038,0.94143,0.94158,1.05,1.43
2013.08.06 18:40:53.477,0.9414,0.94158,1.24,1.50
2013.08.06 18:40:53.598,0.9414,0.94153,1.24,1.50
2013.08.06 18:40:53.837,0.94138,0.94157,2.85,3.42
2013.08.06 18:40:54.642,0.94138,0.94155,1.43,1.43
2013.08.06 18:41:07.117,0.94139,0.94157,1.43,1.99
2013.08.06 18:41:08.600,0.94139,0.94158,2.10,1.24
2013.08.06 18:41:08.778,0.94141,0.94158,1.80,1.05
2013.08.06 18:41:09.077,0.94142,0.94161,2.48,2.29
2013.08.06 18:41:11.048,0.94142,0.94161,2.10,2.29
2013.08.06 18:41:11.107,0.94142,0.94159,1.35,1.43
2013.08.06 18:41:11.428,0.94139,0.94156,1.43,1.73
2013.08.06 18:41:13.197,0.9414,0.94156,1.43,1.13
2013.08.06 18:41:13.649,0.94138,0.94156,3.45,1.88
2013.08.06 18:41:13.828,0.94138,0.94155,1.35,1.13
2013.08.06 18:41:25.267,0.94137,0.94154,3.45,1.50
2013.08.06 18:41:26.367,0.94138,0.94153,1.43,1.43
2013.08.06 18:41:26.891,0.94136,0.94154,3.12,2.18
2013.08.06 18:41:30.728,0.94136,0.94154,3.68,1.43
2013.08.06 18:41:31.158,0.94136,0.94152,2.18,1.13
2013.08.06 18:41:31.518,0.94133,0.94151,2.29,2.18
2013.08.06 18:41:37.698,0.94135,0.94152,2.18,1.05
2013.08.06 18:41:37.758,0.94136,0.94153,1.50,1.54
2013.08.06 18:41:37.818,0.94136,0.94154,2.18,2.97
2013.08.06 18:41:38.358,0.94139,0.94155,1.05,1.69
2013.08.06 18:41:38.733,0.94138,0.94155,2.40,1.43
2013.08.06 18:41:39.118,0.94138,0.94155,2.40,2.10
2013.08.06 18:41:39.477,0.94134,0.94149,1.35,1.43
2013.08.06 18:41:41.858,0.94131,0.94145,1.43,1.43
2013.08.06 18:41:42.098,0.9413,0.94139,1.43,1.13
2013.08.06 18:41:42.637,0.94128,0.94139,1.35,1.13
2013.08.06 18:41:42.758,0.94123,0.94139,1.35,1.13
2013.08.06 18:41:43.317,0.94122,0.94139,2.29,1.13
2013.08.06 18:41:44.688,0.94122,0.94138,2.10,1.69
2013.08.06 18:41:45.408,0.94122,0.94135,1.35,1.50
2013.08.06 18:41:45.527,0.9412,0.94135,1.35,1.50
2013.08.06 18:41:45.767,0.94116,0.94134,3.12,1.80
2013.08.06 18:41:46.517,0.94116,0.94133,2.18,1.05
2013.08.06 18:41:47.208,0.94116,0.94133,2.93,1.43
2013.08.06 18:41:58.380,0.94116,0.94125,2.40,1.50
2013.08.06 18:41:58.558,0.94112,0.94123,2.37,1.50
2013.08.06 18:41:58.678,0.94111,0.94123,1.35,1.50
2013.08.06 18:41:58.738,0.94109,0.94127,2.10,1.32
2013.08.06 18:41:58.798,0.94108,0.94126,1.35,1.24
2013.08.06 18:41:58.858,0.94111,0.94128,1.05,4.17
2013.08.06 18:41:59.407,0.94113,0.94128,1.43,1.69
2013.08.06 18:42:01.609,0.94112,0.94123,1.35,1.50
2013.08.06 18:42:01.789,0.9411,0.94123,1.43,2.07
2013.08.06 18:42:01.849,0.94108,0.94123,1.35,2.07
2013.08.06 18:42:02.358,0.94107,0.94124,2.85,1.32
2013.08.06 18:42:02.900,0.94109,0.94124,2.10,1.32
2013.08.06 18:42:03.528,0.94109,0.94124,2.10,1.13
2013.08.06 18:42:06.547,0.94109,0.94123,2.10,1.50
2013.08.06 18:42:07.418,0.94109,0.94119,1.35,1.50
2013.08.06 18:42:07.778,0.94106,0.94124,1.43,3.42
2013.08.06 18:42:08.280,0.94107,0.94124,1.35,2.82
2013.08.06 18:42:08.488,0.94107,0.94124,1.35,1.88
2013.08.06 18:42:09.284,0.94107,0.94124,2.10,1.50
2013.08.06 18:42:09.838,0.94109,0.94125,2.10,1.69
2013.08.06 18:42:16.438,0.94111,0.94124,1.05,1.50
2013.08.06 18:42:16.498,0.94112,0.94128,1.50,1.54
2013.08.06 18:42:16.558,0.94113,0.94129,1.24,1.35
2013.08.06 18:42:16.798,0.94113,0.94132,1.92,1.62
2013.08.06 18:42:16.978,0.94115,0.9413,1.35,1.13
2013.08.06 18:42:17.337,0.94111,0.94127,1.13,1.43
2013.08.06 18:42:17.951,0.94112,0.94129,1.50,1.62
2013.08.06 18:42:19.551,0.94112,0.94129,2.25,1.43
2013.08.06 18:42:20.369,0.94112,0.94129,1.80,1.50
2013.08.06 18:42:20.907,0.94112,0.9413,2.55,1.43
2013.08.06 18:42:22.387,0.94112,0.9413,3.98,1.43
2013.08.06 18:42:25.757,0.94113,0.94132,2.10,1.80
2013.08.06 18:42:25.878,0.94116,0.94133,1.35,1.13
2013.08.06 18:42:26.407,0.94116,0.94134,2.10,1.80
2013.08.06 18:42:26.938,0.94116,0.94133,2.85,1.50
2013.08.06 18:42:27.288,0.94116,0.94128,2.10,1.88
2013.08.06 18:42:27.408,0.94114,0.94127,1.43,1.43
2013.08.06 18:42:27.469,0.94112,0.94127,1.43,1.43
2013.08.06 18:42:27.588,0.94109,0.94126,1.43,1.13
2013.08.06 18:42:27.647,0.94108,0.94127,2.29,2.18
2013.08.06 18:42:27.827,0.94108,0.94127,2.29,1.80
2013.08.06 18:42:28.898,0.94108,0.94127,3.04,2.55
2013.08.06 18:42:29.657,0.94109,0.94127,1.05,2.18
2013.08.06 18:42:29.778,0.94111,0.94128,1.43,1.99
2013.08.06 18:42:29.838,0.94113,0.94129,1.43,1.32
2013.08.06 18:42:30.198,0.94115,0.94128,1.13,1.50
2013.08.06 18:42:30.378,0.94111,0.94128,1.99,2.18
2013.08.06 18:42:34.848,0.94111,0.94127,1.05,1.50
2013.08.06 18:42:35.355,0.94112,0.94127,1.05,1.50
2013.08.06 18:42:35.610,0.94109,0.94127,1.99,2.85
2013.08.06 18:42:36.282,0.9411,0.94127,1.73,1.50
2013.08.06 18:42:37.038,0.9411,0.94128,2.59,2.85
2013.08.06 18:42:37.218,0.94115,0.94132,1.73,1.43
2013.08.06 18:42:37.767,0.94114,0.94133,1.05,2.78
2013.08.06 18:42:38.299,0.94111,0.94129,3.23,2.10
2013.08.06 18:42:38.658,0.94111,0.94128,1.13,2.10
2013.08.06 18:42:40.339,0.9411,0.94128,1.32,2.10
2013.08.06 18:42:40.398,0.94112,0.94128,1.13,2.10
2013.08.06 18:42:40.757,0.94116,0.94133,1.05,2.97
2013.08.06 18:42:41.978,0.94116,0.9413,1.05,2.44
2013.08.06 18:42:42.158,0.94115,0.94133,1.05,4.77
2013.08.06 18:42:42.337,0.94114,0.94131,1.32,1.35
2013.08.06 18:42:42.457,0.94118,0.94135,1.05,3.12
2013.08.06 18:42:42.992,0.94118,0.94133,1.05,1.50
2013.08.06 18:42:45.599,0.94118,0.94133,1.05,1.50
2013.08.06 18:42:53.409,0.94117,0.94133,1.35,1.50
2013.08.06 18:42:57.366,0.94119,0.94137,2.48,2.37
2013.08.06 18:42:58.879,0.94121,0.94137,1.50,1.99
2013.08.06 18:42:58.939,0.94122,0.94137,1.13,1.43
2013.08.06 18:42:59.178,0.94123,0.94141,1.99,1.35
2013.08.06 18:42:59.238,0.94125,0.94143,1.73,2.10
2013.08.06 18:42:59.799,0.94125,0.94144,1.73,1.32
2013.08.06 18:43:07.088,0.94126,0.94144,2.25,2.10
2013.08.06 18:43:07.267,0.94128,0.94145,1.50,1.35
2013.08.06 18:43:07.508,0.94128,0.94145,1.50,2.10
2013.08.06 18:43:09.758,0.94129,0.94145,2.44,2.10
2013.08.06 18:43:09.939,0.94132,0.94147,1.62,2.10
2013.08.06 18:43:10.118,0.94134,0.94154,1.73,3.04
2013.08.06 18:43:11.679,0.94134,0.94152,1.73,1.43
2013.08.06 18:43:12.918,0.94134,0.94148,1.35,1.50
2013.08.06 18:43:13.098,0.94131,0.94147,2.85,1.80
2013.08.06 18:43:13.278,0.94128,0.94144,3.04,1.43
2013.08.06 18:43:13.397,0.94126,0.94144,2.18,1.43
2013.08.06 18:43:13.457,0.94126,0.94144,1.43,1.43
2013.08.06 18:43:14.808,0.94126,0.94144,2.18,2.18
2013.08.06 18:43:19.243,0.94127,0.94144,1.43,2.18
2013.08.06 18:43:27.898,0.94127,0.94144,2.29,2.55
2013.08.06 18:43:28.020,0.94126,0.94138,1.54,2.85
2013.08.06 18:43:28.378,0.94119,0.94137,1.54,1.35
2013.08.06 18:43:28.858,0.94119,0.94131,1.35,1.35
2013.08.06 18:43:28.978,0.94115,0.94131,1.43,2.40
2013.08.06 18:43:29.218,0.94116,0.94133,1.35,1.43
2013.08.06 18:43:29.740,0.94118,0.94136,1.35,3.27
2013.08.06 18:43:30.568,0.94115,0.94134,2.10,1.43
2013.08.06 18:43:31.131,0.94116,0.94133,1.43,1.50
2013.08.06 18:43:35.458,0.94118,0.94134,1.62,1.43
2013.08.06 18:43:36.458,0.94119,0.94135,1.62,1.50
2013.08.06 18:43:36.638,0.94117,0.94133,1.62,1.50
2013.08.06 18:43:43.288,0.94116,0.9413,1.54,1.35
2013.08.06 18:43:43.349,0.94116,0.9413,1.35,2.48
2013.08.06 18:43:43.468,0.94114,0.9413,1.43,2.48
2013.08.06 18:43:43.768,0.94111,0.94129,1.35,1.32
2013.08.06 18:43:44.023,0.94109,0.94129,1.43,1.99
2013.08.06 18:43:44.528,0.9411,0.94128,1.05,1.05
2013.08.06 18:43:45.037,0.9411,0.94128,1.80,1.80
2013.08.06 18:44:07.368,0.9411,0.94126,1.80,1.50
2013.08.06 18:44:07.728,0.9411,0.94128,2.18,3.12
2013.08.06 18:44:10.590,0.9411,0.94128,2.55,2.37
2013.08.06 18:44:15.288,0.9411,0.94126,1.80,1.50
2013.08.06 18:44:28.698,0.94111,0.94126,1.88,1.43
2013.08.06 18:44:30.748,0.94111,0.94129,3.30,1.69
2013.08.06 18:44:30.929,0.94114,0.94132,1.35,3.42
2013.08.06 18:44:30.991,0.94114,0.94132,1.35,2.29
2013.08.06 18:44:31.110,0.94114,0.94132,2.59,2.10
2013.08.06 18:44:31.648,0.94115,0.94134,1.73,1.43
2013.08.06 18:44:32.098,0.94118,0.94137,1.35,1.99
2013.08.06 18:44:34.908,0.94116,0.94134,2.97,1.50
2013.08.06 18:44:35.308,0.94117,0.94134,1.99,1.50
2013.08.06 18:44:35.728,0.94119,0.94136,1.50,1.35
2013.08.06 18:44:36.278,0.94119,0.94135,1.13,1.43
2013.08.06 18:44:37.278,0.94119,0.94134,1.13,1.43
2013.08.06 18:44:37.418,0.94119,0.94133,1.13,1.43
2013.08.06 18:44:37.598,0.94117,0.94133,1.13,2.18
2013.08.06 18:44:38.103,0.94114,0.94131,2.37,1.50
2013.08.06 18:44:38.868,0.94114,0.94131,2.37,1.50
2013.08.06 18:44:40.328,0.94117,0.94131,1.62,1.50
2013.08.06 18:44:47.068,0.94117,0.94133,2.37,1.50
2013.08.06 18:44:47.188,0.94118,0.94133,1.05,1.50
2013.08.06 18:44:49.978,0.94118,0.94135,1.73,2.18
2013.08.06 18:44:50.039,0.9412,0.94135,1.05,1.50
2013.08.06 18:44:50.398,0.94119,0.94135,1.73,1.50
2013.08.06 18:44:50.899,0.94119,0.94135,1.73,1.50
2013.08.06 18:44:51.878,0.94121,0.94137,1.13,2.10
2013.08.06 18:44:52.493,0.94121,0.94137,1.13,2.10
2013.08.06 18:44:52.808,0.94119,0.94137,2.48,2.10
2013.08.06 18:44:59.568,0.94119,0.94137,2.48,1.35
2013.08.06 18:45:00.104,0.94119,0.94137,3.23,2.10
2013.08.06 18:45:00.368,0.9412,0.94139,2.78,2.03
2013.08.06 18:45:01.557,0.94123,0.94139,1.73,1.35
2013.08.06 18:45:02.098,0.94125,0.94143,1.73,4.39
2013.08.06 18:45:02.461,0.94125,0.94143,2.10,4.39
2013.08.06 18:45:02.709,0.94125,0.94143,1.92,2.10
2013.08.06 18:45:02.769,0.94126,0.94143,1.24,1.43
2013.08.06 18:45:03.188,0.94127,0.94143,1.73,1.13
2013.08.06 18:45:03.308,0.94125,0.94143,1.92,2.85
2013.08.06 18:45:03.428,0.94125,0.9414,2.59,1.50
2013.08.06 18:45:03.990,0.94127,0.94141,1.35,1.50
2013.08.06 18:45:04.529,0.94125,0.94142,2.48,2.44
2013.08.06 18:45:08.958,0.94125,0.94142,2.10,2.25
2013.08.06 18:45:09.318,0.94128,0.94142,2.10,1.50
2013.08.06 18:45:09.378,0.9413,0.94144,1.43,1.54
2013.08.06 18:45:09.688,0.9413,0.94146,1.43,1.99
2013.08.06 18:45:15.659,0.94129,0.94146,2.10,2.55
2013.08.06 18:45:16.563,0.94131,0.94146,1.50,1.80
2013.08.06 18:45:16.808,0.94132,0.94149,1.43,1.43
2013.08.06 18:45:16.868,0.94132,0.94149,1.43,1.43
2013.08.06 18:45:20.738,0.9414,0.94156,1.13,1.54
2013.08.06 18:45:21.100,0.94139,0.94158,2.10,2.29
2013.08.06 18:45:23.148,0.94141,0.94158,1.50,3.04
2013.08.06 18:45:23.777,0.94139,0.94155,2.10,1.43
2013.08.06 18:45:23.898,0.94142,0.94155,1.50,1.43
2013.08.06 18:45:24.079,0.94142,0.94158,1.50,2.37
2013.08.06 18:45:29.667,0.94142,0.94158,2.18,1.50
2013.08.06 18:45:30.188,0.94142,0.94158,1.50,2.85
2013.08.06 18:45:33.058,0.94143,0.94158,1.43,1.50
2013.08.06 18:45:36.838,0.94143,0.94159,2.37,1.43
2013.08.06 18:45:37.579,0.94144,0.94159,2.55,1.43
2013.08.06 18:45:37.639,0.94145,0.94159,1.13,1.43
2013.08.06 18:45:42.134,0.94143,0.94159,2.10,1.50
2013.08.06 18:45:42.204,0.94143,0.94159,1.35,1.50
2013.08.06 18:45:42.392,0.94143,0.94158,1.35,2.10
2013.08.06 18:45:42.698,0.94143,0.94159,1.73,2.18
2013.08.06 18:45:47.568,0.94144,0.94159,2.07,1.43
2013.08.06 18:45:49.728,0.94146,0.94162,2.18,1.43
2013.08.06 18:45:49.849,0.94146,0.94163,2.18,2.10
2013.08.06 18:45:50.098,0.94148,0.94164,1.13,1.43
2013.08.06 18:45:50.338,0.94149,0.94164,1.43,1.50
2013.08.06 18:45:50.639,0.94149,0.94161,1.43,1.50
2013.08.06 18:45:51.058,0.94145,0.94161,3.04,1.50
2013.08.06 18:45:51.178,0.94145,0.94161,3.04,1.50
2013.08.06 18:45:55.348,0.94142,0.94156,1.54,1.50
2013.08.06 18:45:55.769,0.94139,0.94152,3.53,2.29
2013.08.06 18:45:55.829,0.94139,0.94152,2.10,2.29
2013.08.06 18:45:56.388,0.94136,0.9415,1.35,1.50
2013.08.06 18:45:56.958,0.94134,0.9415,1.35,1.50
2013.08.06 18:45:57.018,0.94133,0.9415,2.10,1.50
2013.08.06 18:45:58.317,0.94133,0.94149,2.10,1.88
2013.08.06 18:45:58.878,0.94134,0.94148,1.43,1.50
2013.08.06 18:45:59.278,0.94133,0.94148,2.10,1.50
2013.08.06 18:45:59.458,0.94133,0.94148,2.10,1.50
2013.08.06 18:46:01.351,0.94132,0.94148,2.85,1.50
2013.08.06 18:46:02.337,0.94132,0.94148,2.85,1.50
2013.08.06 18:46:02.458,0.94134,0.94148,1.35,1.50
2013.08.06 18:46:02.762,0.94143,0.9415,1.13,1.35
2013.08.06 18:46:02.829,0.94143,0.94155,1.13,1.54
2013.08.06 18:46:03.010,0.94144,0.94155,1.32,1.35
2013.08.06 18:46:03.070,0.94144,0.94161,1.99,1.35
2013.08.06 18:46:03.949,0.94146,0.9416,1.13,1.35
2013.08.06 18:46:04.489,0.94146,0.94162,1.13,1.35
2013.08.06 18:46:04.858,0.94148,0.94167,2.10,3.04
2013.08.06 18:46:05.120,0.94148,0.94162,1.35,1.50
2013.08.06 18:46:05.418,0.94145,0.94161,1.62,1.50
2013.08.06 18:46:06.698,0.94142,0.94159,2.29,1.50
2013.08.06 18:46:07.308,0.94145,0.94161,1.50,1.69
2013.08.06 18:46:07.428,0.94145,0.94163,2.18,3.12
2013.08.06 18:46:08.794,0.94145,0.94162,2.18,1.62
2013.08.06 18:46:09.918,0.94145,0.94162,2.18,1.62
2013.08.06 18:46:10.169,0.94146,0.94163,1.35,1.62
2013.08.06 18:46:10.678,0.94147,0.94163,1.43,1.62
2013.08.06 18:46:12.128,0.94148,0.94163,1.88,1.43
2013.08.06 18:46:12.368,0.94151,0.94168,2.10,1.43
2013.08.06 18:46:12.549,0.94154,0.94173,1.95,2.29
2013.08.06 18:46:12.788,0.94158,0.94174,1.35,1.35
2013.08.06 18:46:13.419,0.94155,0.94174,2.67,2.03
2013.08.06 18:46:14.109,0.94157,0.94174,1.35,1.28
2013.08.06 18:46:14.228,0.94163,0.94175,1.43,1.35
2013.08.06 18:46:14.708,0.94165,0.94178,1.35,1.13
2013.08.06 18:46:14.775,0.94162,0.94178,1.73,1.13
2013.08.06 18:46:14.898,0.94158,0.94177,2.29,1.43
2013.08.06 18:46:15.459,0.94158,0.94175,2.37,1.43
2013.08.06 18:46:16.268,0.94159,0.94176,1.50,2.29
2013.08.06 18:46:16.808,0.94157,0.94173,2.55,2.18
2013.08.06 18:46:17.159,0.94159,0.94173,1.50,1.43
2013.08.06 18:46:17.338,0.9416,0.94176,2.03,1.43
2013.08.06 18:46:17.398,0.94164,0.94177,1.50,1.35
2013.08.06 18:46:17.518,0.94164,0.94179,1.50,1.35
2013.08.06 18:46:17.638,0.94165,0.94183,1.43,1.05
2013.08.06 18:46:17.698,0.94164,0.94182,2.18,1.43
2013.08.06 18:46:18.058,0.94163,0.94182,1.62,1.43
2013.08.06 18:46:21.278,0.94161,0.94179,3.12,3.53
2013.08.06 18:46:21.518,0.94161,0.94179,2.44,2.85
2013.08.06 18:46:21.578,0.94161,0.94179,1.69,2.18
2013.08.06 18:46:21.698,0.9416,0.94179,2.37,2.85
2013.08.06 18:46:21.758,0.9416,0.94179,1.62,2.85
2013.08.06 18:46:21.998,0.94159,0.94176,2.18,2.37
2013.08.06 18:46:22.529,0.94158,0.94174,1.80,1.43
2013.08.06 18:46:23.899,0.94159,0.94175,1.50,2.03
2013.08.06 18:46:24.259,0.94166,0.94172,1.13,1.35
2013.08.06 18:46:24.318,0.94166,0.94183,1.13,1.43
2013.08.06 18:46:24.498,0.94168,0.94185,1.43,1.50
2013.08.06 18:46:24.559,0.94167,0.94185,2.48,1.50
2013.08.06 18:46:26.328,0.94168,0.94185,1.50,2.25
2013.08.06 18:46:26.925,0.94168,0.94184,1.50,1.50
2013.08.06 18:46:27.348,0.94168,0.94184,1.50,1.50
2013.08.06 18:46:27.708,0.9416,0.94178,1.35,2.29
2013.08.06 18:46:28.259,0.9416,0.94178,2.48,3.04
2013.08.06 18:46:28.599,0.94161,0.94178,1.13,3.04
2013.08.06 18:46:28.960,0.94166,0.94179,1.13,1.50
2013.08.06 18:46:29.078,0.94166,0.94181,3.15,1.50
2013.08.06 18:46:29.601,0.94168,0.94185,2.10,1.69
2013.08.06 18:46:31.208,0.94169,0.94185,1.43,2.44
2013.08.06 18:46:31.268,0.94169,0.94185,2.18,2.44
2013.08.06 18:46:31.508,0.94169,0.94185,2.18,2.18
2013.08.06 18:46:32.018,0.9417,0.94184,1.13,1.43
2013.08.06 18:46:35.408,0.94177,0.94185,1.13,1.35
2013.08.06 18:46:35.529,0.94177,0.94187,1.13,1.35
2013.08.06 18:46:35.588,0.94177,0.94188,1.88,1.43
2013.08.06 18:46:35.709,0.94176,0.94193,1.50,1.35
2013.08.06 18:46:36.068,0.94175,0.94192,1.43,1.73
2013.08.06 18:46:36.129,0.94175,0.94189,1.43,1.43
2013.08.06 18:46:37.439,0.94173,0.94188,1.69,1.43
2013.08.06 18:46:38.819,0.94173,0.94187,1.50,2.10
2013.08.06 18:46:38.938,0.94173,0.94185,1.50,1.43
2013.08.06 18:46:39.309,0.94171,0.94185,1.50,1.43
2013.08.06 18:46:39.390,0.94172,0.94185,1.50,1.43
2013.08.06 18:46:39.859,0.94171,0.94185,2.25,1.43
2013.08.06 18:46:40.158,0.94171,0.94183,1.13,2.10
2013.08.06 18:46:40.218,0.94171,0.94183,1.13,2.10
2013.08.06 18:46:40.458,0.94173,0.94187,1.43,1.43
2013.08.06 18:46:47.348,0.94172,0.94188,1.88,2.85
2013.08.06 18:46:49.360,0.94174,0.94189,1.80,1.50
2013.08.06 18:46:49.599,0.94175,0.94192,1.43,1.43
2013.08.06 18:46:49.719,0.94177,0.94193,1.88,1.43
2013.08.06 18:46:50.018,0.94178,0.94194,1.43,1.62
2013.08.06 18:46:50.768,0.9418,0.94196,1.43,1.13
2013.08.06 18:46:50.949,0.94182,0.94201,1.80,2.18
2013.08.06 18:46:51.068,0.94183,0.94201,1.13,1.43
2013.08.06 18:46:54.698,0.94182,0.94198,2.74,1.50
2013.08.06 18:46:55.217,0.94184,0.94201,1.32,2.85
2013.08.06 18:46:55.958,0.94183,0.94201,1.69,2.85
2013.08.06 18:46:57.019,0.94183,0.94199,1.32,2.85
2013.08.06 18:46:57.079,0.94184,0.942,1.32,1.43
2013.08.06 18:46:57.258,0.94184,0.94201,2.29,1.35
2013.08.06 18:46:57.318,0.94187,0.94204,1.62,2.03
2013.08.06 18:46:57.378,0.94185,0.94203,1.62,1.43
2013.08.06 18:46:57.558,0.94183,0.942,1.88,1.35
2013.08.06 18:46:59.589,0.94183,0.94199,1.13,2.18
2013.08.06 18:47:00.038,0.94183,0.94199,1.32,2.85
2013.08.06 18:47:00.468,0.94179,0.94197,1.73,2.10
2013.08.06 18:47:01.618,0.9418,0.94197,1.32,2.10
2013.08.06 18:47:02.797,0.94181,0.94197,1.32,1.35
2013.08.06 18:47:03.688,0.94178,0.94197,4.02,3.04
2013.08.06 18:47:04.109,0.94179,0.94196,1.35,1.35
2013.08.06 18:47:04.289,0.94182,0.94198,1.13,1.69
2013.08.06 18:47:04.408,0.94182,0.94199,1.13,2.29
2013.08.06 18:47:04.530,0.94186,0.942,1.13,1.05
2013.08.06 18:47:04.708,0.94186,0.942,1.13,1.43
2013.08.06 18:47:04.949,0.94187,0.94201,1.50,1.35
2013.08.06 18:47:05.195,0.94187,0.94202,1.73,1.43
2013.08.06 18:47:07.898,0.94186,0.94202,1.80,2.18
2013.08.06 18:47:08.418,0.94186,0.94202,1.80,2.18
2013.08.06 18:47:09.739,0.94186,0.94202,1.80,2.18
2013.08.06 18:47:13.378,0.94186,0.94202,1.80,2.18
2013.08.06 18:47:13.678,0.94186,0.94202,1.80,1.43
2013.08.06 18:47:13.858,0.94186,0.94202,1.13,2.10
2013.08.06 18:47:14.378,0.94186,0.94202,1.13,2.10
2013.08.06 18:47:17.240,0.94183,0.942,1.73,1.50
2013.08.06 18:47:17.359,0.94182,0.94199,1.05,1.43
2013.08.06 18:47:17.638,0.94182,0.94199,1.80,1.43
2013.08.06 18:47:17.818,0.94184,0.942,1.05,2.18
2013.08.06 18:47:20.578,0.94185,0.942,1.69,1.43
2013.08.06 18:47:33.460,0.94185,0.942,1.13,1.43
2013.08.06 18:47:33.520,0.94183,0.942,1.05,1.43
2013.08.06 18:47:34.425,0.94185,0.942,1.13,1.43
2013.08.06 18:47:50.549,0.94185,0.942,1.13,1.43
2013.08.06 18:47:51.893,0.9419,0.942,1.13,1.35
2013.08.06 18:47:52.019,0.94196,0.94202,1.80,1.35
2013.08.06 18:47:52.199,0.94201,0.94206,1.69,1.43
2013.08.06 18:47:52.560,0.94209,0.94215,2.10,1.43
2013.08.06 18:47:52.619,0.9421,0.9422,2.10,1.35
2013.08.06 18:47:52.799,0.94207,0.9422,1.13,1.35
2013.08.06 18:47:52.981,0.94205,0.94219,1.35,1.43
2013.08.06 18:47:53.041,0.94203,0.94219,1.32,1.43
2013.08.06 18:47:53.468,0.94206,0.94223,1.35,1.13
2013.08.06 18:47:53.778,0.94213,0.94223,1.35,1.80
2013.08.06 18:47:54.301,0.94212,0.94219,1.35,2.25
2013.08.06 18:47:54.419,0.94207,0.94213,1.35,1.43
2013.08.06 18:47:54.848,0.94206,0.94215,4.21,2.10
2013.08.06 18:47:54.978,0.94205,0.94213,1.35,1.43
2013.08.06 18:47:55.158,0.94204,0.94213,1.35,1.43
2013.08.06 18:47:55.976,0.94199,0.94213,1.35,2.18
2013.08.06 18:47:56.038,0.94199,0.94212,1.35,1.43
2013.08.06 18:47:56.340,0.94195,0.94209,1.54,1.35
2013.08.06 18:47:57.478,0.94194,0.94209,1.92,1.35
2013.08.06 18:47:58.072,0.94193,0.94209,2.82,1.35
2013.08.06 18:47:58.259,0.94194,0.94209,1.69,1.35
2013.08.06 18:47:58.808,0.94197,0.94213,1.32,1.50
2013.08.06 18:47:59.741,0.94197,0.94212,3.42,1.35
2013.08.06 18:48:00.185,0.94198,0.94212,1.73,1.35
2013.08.06 18:48:00.309,0.94202,0.94217,2.67,1.35
2013.08.06 18:48:00.668,0.94205,0.94221,1.50,1.35
2013.08.06 18:48:01.098,0.94205,0.9422,1.50,2.10
2013.08.06 18:48:02.308,0.94206,0.94218,1.50,1.35
2013.08.06 18:48:02.848,0.94206,0.9422,1.50,1.35
2013.08.06 18:48:02.908,0.94206,0.94221,1.50,3.45
2013.08.06 18:48:03.631,0.94206,0.94221,1.88,1.35
2013.08.06 18:48:04.668,0.94206,0.94221,1.50,1.54
2013.08.06 18:48:04.848,0.94202,0.94219,1.32,1.43
2013.08.06 18:48:04.908,0.94205,0.9422,1.13,1.35
2013.08.06 18:48:10.218,0.94204,0.94219,1.50,1.43
2013.08.06 18:48:10.338,0.94203,0.94218,2.07,1.43
2013.08.06 18:48:10.584,0.942,0.94217,1.69,1.35
2013.08.06 18:48:10.649,0.94199,0.94216,2.74,1.43
2013.08.06 18:48:11.009,0.94196,0.94211,1.62,1.43
2013.08.06 18:48:11.128,0.94194,0.94211,1.47,2.10
2013.08.06 18:48:11.489,0.94191,0.94208,2.29,2.48
2013.08.06 18:48:11.549,0.9419,0.94205,2.67,1.50
2013.08.06 18:48:11.669,0.94187,0.94203,2.29,1.35
2013.08.06 18:48:11.729,0.94184,0.94203,4.17,2.03
2013.08.06 18:48:11.789,0.94184,0.94203,1.99,2.03
2013.08.06 18:48:13.469,0.94184,0.94201,1.32,2.03
2013.08.06 18:48:13.589,0.94183,0.94199,1.69,2.78
2013.08.06 18:48:14.128,0.94183,0.94198,1.69,1.35
2013.08.06 18:48:17.089,0.94184,0.94197,2.07,1.35
2013.08.06 18:48:17.648,0.94186,0.94198,1.50,1.43
2013.08.06 18:48:18.149,0.94187,0.942,2.25,1.35
2013.08.06 18:48:22.568,0.94187,0.94201,1.50,1.35
2013.08.06 18:48:27.940,0.94181,0.94199,1.69,1.43
2013.08.06 18:48:28.238,0.94181,0.94199,1.50,1.62
2013.08.06 18:48:28.598,0.94181,0.94194,1.50,1.35
2013.08.06 18:48:29.839,0.94181,0.94194,1.13,1.35
2013.08.06 18:48:30.199,0.94181,0.94192,1.13,1.35
2013.08.06 18:48:30.319,0.94181,0.94195,1.13,1.35
2013.08.06 18:48:30.559,0.94179,0.94192,1.13,1.35
2013.08.06 18:48:31.099,0.9418,0.94191,1.13,1.35
2013.08.06 18:48:31.400,0.94173,0.9418,1.13,1.35
2013.08.06 18:48:31.459,0.94166,0.9418,1.35,1.35
2013.08.06 18:48:31.818,0.94164,0.9418,1.05,1.35
2013.08.06 18:48:31.878,0.94164,0.9418,1.05,1.35
2013.08.06 18:48:32.359,0.94166,0.94181,1.43,2.10
2013.08.06 18:48:32.420,0.94166,0.94182,1.43,1.54
2013.08.06 18:48:32.538,0.94169,0.94182,1.43,1.35
2013.08.06 18:48:32.898,0.94171,0.94188,1.69,2.10
2013.08.06 18:48:32.958,0.94171,0.94188,1.69,2.10
2013.08.06 18:48:33.198,0.94171,0.94186,1.69,1.35
2013.08.06 18:48:33.939,0.94172,0.94188,1.13,1.35
2013.08.06 18:48:34.624,0.94172,0.94187,1.13,1.35
2013.08.06 18:48:35.089,0.94172,0.94189,1.50,2.10
2013.08.06 18:48:35.389,0.94176,0.9419,1.13,1.43
2013.08.06 18:48:35.508,0.94176,0.94193,1.13,2.29
2013.08.06 18:48:37.598,0.94177,0.94193,1.13,2.10
2013.08.06 18:48:38.301,0.94176,0.94193,1.50,2.10
2013.08.06 18:48:39.408,0.94176,0.94193,1.13,3.04
2013.08.06 18:48:39.468,0.94174,0.94191,1.13,1.69
2013.08.06 18:48:39.588,0.94172,0.94189,1.13,1.43
2013.08.06 18:48:39.648,0.94173,0.94188,1.50,1.35
2013.08.06 18:48:39.948,0.94173,0.94187,1.13,1.35
2013.08.06 18:48:40.369,0.94173,0.94186,1.13,1.35
2013.08.06 18:48:40.729,0.9417,0.94186,2.48,1.35
2013.08.06 18:48:40.788,0.9417,0.94189,3.53,2.10
2013.08.06 18:48:40.848,0.94171,0.94189,1.50,2.18
2013.08.06 18:48:40.908,0.94173,0.94189,1.50,1.43
2013.08.06 18:48:41.029,0.94173,0.9419,1.80,1.54
2013.08.06 18:48:43.379,0.94173,0.94189,1.80,1.43
2013.08.06 18:48:44.358,0.94171,0.94188,1.32,2.10
2013.08.06 18:48:44.418,0.9417,0.94188,2.59,2.10
2013.08.06 18:48:44.598,0.94168,0.94186,1.69,1.35
2013.08.06 18:48:45.234,0.94168,0.94185,1.69,1.43
2013.08.06 18:48:45.899,0.94167,0.94185,1.62,1.35
2013.08.06 18:48:46.079,0.94164,0.94183,1.62,1.35
2013.08.06 18:48:46.258,0.94163,0.94183,2.37,2.78
2013.08.06 18:48:46.749,0.94167,0.94184,1.32,2.85
2013.08.06 18:48:46.809,0.94171,0.94184,1.13,2.10
2013.08.06 18:48:46.868,0.94168,0.94184,1.32,2.10
2013.08.06 18:48:47.468,0.94168,0.94184,1.13,2.10
2013.08.06 18:48:49.088,0.94168,0.94183,1.13,2.03
2013.08.06 18:48:49.209,0.94165,0.94183,1.99,2.78
2013.08.06 18:48:50.538,0.94165,0.9418,1.80,1.35
2013.08.06 18:48:50.969,0.94165,0.94182,1.43,1.43
2013.08.06 18:48:53.089,0.94164,0.94181,1.35,2.78
2013.08.06 18:48:53.269,0.94161,0.94178,1.05,1.43
2013.08.06 18:48:53.642,0.94164,0.94178,1.13,1.43
2013.08.06 18:48:53.700,0.94164,0.94176,1.13,1.50
2013.08.06 18:48:53.939,0.94157,0.94174,1.43,1.43
2013.08.06 18:48:55.368,0.94159,0.94174,1.50,1.43
2013.08.06 18:48:55.728,0.94159,0.94174,1.13,1.43
2013.08.06 18:48:56.278,0.94157,0.94174,1.80,1.43
2013.08.06 18:48:57.279,0.94157,0.94174,1.05,3.04
2013.08.06 18:48:57.519,0.94155,0.94173,1.73,2.29
2013.08.06 18:48:58.038,0.94155,0.94171,1.13,1.43
2013.08.06 18:48:58.278,0.94154,0.94171,1.05,1.43
2013.08.06 18:48:58.809,0.94154,0.94171,1.43,2.18
2013.08.06 18:48:58.929,0.94156,0.94172,2.18,1.43
2013.08.06 18:48:58.989,0.94159,0.94173,1.13,3.04
2013.08.06 18:48:59.529,0.94159,0.94175,1.73,1.43
2013.08.06 18:48:59.829,0.94157,0.94172,2.44,1.35
2013.08.06 18:48:59.889,0.94154,0.94171,3.79,1.35
2013.08.06 18:49:00.256,0.94147,0.94165,1.62,1.43
2013.08.06 18:49:01.480,0.94149,0.94166,2.18,1.43
2013.08.06 18:49:02.031,0.94147,0.9416,1.35,1.13
2013.08.06 18:49:02.389,0.94138,0.94155,1.13,1.43
2013.08.06 18:49:02.569,0.94138,0.94155,1.13,1.43
2013.08.06 18:49:02.776,0.94139,0.94157,2.48,1.62
2013.08.06 18:49:05.591,0.94142,0.94158,1.43,2.37
2013.08.06 18:49:05.651,0.94142,0.94158,2.18,2.37
2013.08.06 18:49:05.770,0.94144,0.94158,1.32,1.43
2013.08.06 18:49:06.331,0.94147,0.94164,1.73,1.13
2013.08.06 18:49:07.289,0.94147,0.94163,2.10,1.50
2013.08.06 18:49:07.349,0.94147,0.94166,2.48,2.10
2013.08.06 18:49:08.220,0.94147,0.94164,3.23,1.50
2013.08.06 18:49:09.929,0.94147,0.94164,2.48,1.50
2013.08.06 18:49:11.018,0.94146,0.94164,2.85,2.85
2013.08.06 18:49:11.318,0.94147,0.94164,1.50,2.85
2013.08.06 18:49:15.959,0.94146,0.94162,2.74,1.43
2013.08.06 18:49:16.198,0.94146,0.94162,1.13,1.35
2013.08.06 18:49:16.790,0.94147,0.94163,1.13,1.43
2013.08.06 18:49:18.738,0.94148,0.94164,2.10,2.37
2013.08.06 18:49:18.798,0.94148,0.94164,2.10,1.69
2013.08.06 18:49:19.229,0.9415,0.94164,1.73,1.69
2013.08.06 18:49:19.747,0.9416,0.94172,1.35,1.35
2013.08.06 18:49:20.049,0.94159,0.94173,1.35,2.29
2013.08.06 18:49:20.508,0.94158,0.94173,1.35,2.10
2013.08.06 18:49:22.119,0.94159,0.94174,1.43,1.13
2013.08.06 18:49:22.298,0.94159,0.94174,1.80,1.13
2013.08.06 18:49:25.429,0.94159,0.94174,1.13,1.62
2013.08.06 18:49:30.928,0.94159,0.94174,1.13,1.62
2013.08.06 18:49:36.978,0.94156,0.94173,1.05,1.50
2013.08.06 18:49:40.019,0.94156,0.9417,1.05,1.88
2013.08.06 18:49:40.874,0.94158,0.94171,1.13,1.35
2013.08.06 18:49:41.219,0.94157,0.94173,1.99,1.43
2013.08.06 18:49:42.798,0.94157,0.94173,1.99,1.50
2013.08.06 18:49:43.560,0.94157,0.94172,1.32,1.43
2013.08.06 18:49:44.634,0.94157,0.94172,1.32,1.43
2013.08.06 18:49:45.930,0.94156,0.94172,1.69,2.10
2013.08.06 18:49:45.990,0.94154,0.94169,2.82,2.10
2013.08.06 18:49:46.109,0.94154,0.94167,1.69,1.35
2013.08.06 18:49:46.169,0.94152,0.94167,1.32,1.35
2013.08.06 18:49:46.229,0.94151,0.94167,1.32,1.35
2013.08.06 18:49:46.618,0.94152,0.94167,1.69,1.35
2013.08.06 18:49:46.799,0.9416,0.94173,1.50,1.43
2013.08.06 18:49:46.859,0.9416,0.94175,1.50,1.35
2013.08.06 18:49:47.039,0.94155,0.9417,1.13,1.43
2013.08.06 18:49:47.279,0.94156,0.94171,1.13,1.43
2013.08.06 18:49:47.398,0.94157,0.94173,1.50,2.85
2013.08.06 18:49:47.909,0.94157,0.94174,1.88,2.10
2013.08.06 18:49:51.828,0.94158,0.94174,1.32,1.35
2013.08.06 18:49:52.069,0.94158,0.94174,1.32,2.85
2013.08.06 18:49:52.488,0.94156,0.94174,1.50,4.28
2013.08.06 18:49:52.728,0.94155,0.94173,2.44,1.43
2013.08.06 18:49:53.500,0.94155,0.94171,2.44,2.10
2013.08.06 18:49:53.861,0.94155,0.94171,2.25,2.10
2013.08.06 18:49:54.441,0.94155,0.94171,2.25,2.10
2013.08.06 18:49:55.568,0.94156,0.94171,1.50,2.10
2013.08.06 18:49:55.929,0.94157,0.94172,1.32,1.35
2013.08.06 18:49:55.988,0.94157,0.94174,1.99,1.43
2013.08.06 18:49:56.048,0.94157,0.94174,1.99,2.18
2013.08.06 18:49:56.588,0.94156,0.94172,2.44,1.43
2013.08.06 18:49:56.708,0.94155,0.94173,1.69,2.10
2013.08.06 18:49:57.470,0.94155,0.94171,1.69,1.43
2013.08.06 18:49:58.860,0.94155,0.94172,1.69,1.43
2013.08.06 18:50:00.298,0.94155,0.94173,1.69,1.35
2013.08.06 18:50:00.849,0.94155,0.94173,2.44,2.10
2013.08.06 18:50:01.420,0.94155,0.9417,2.07,1.50
2013.08.06 18:50:01.727,0.94154,0.94169,1.13,1.35
2013.08.06 18:50:01.795,0.94152,0.94169,1.50,1.35
2013.08.06 18:50:01.979,0.94153,0.94172,2.10,2.29
2013.08.06 18:50:02.280,0.94153,0.94172,2.85,1.54
2013.08.06 18:50:03.311,0.94155,0.94172,1.13,1.35
2013.08.06 18:50:03.558,0.94155,0.94172,1.13,1.35
2013.08.06 18:50:04.706,0.94155,0.94172,1.13,2.10
2013.08.06 18:50:05.248,0.94154,0.94172,1.13,2.85
2013.08.06 18:50:06.088,0.94154,0.9417,1.80,1.50
2013.08.06 18:50:06.388,0.94155,0.94174,1.24,3.15
2013.08.06 18:50:06.959,0.94158,0.94174,1.73,2.48
2013.08.06 18:50:07.569,0.94157,0.94173,1.05,1.50
2013.08.06 18:50:08.848,0.94157,0.94174,1.05,2.78
2013.08.06 18:50:10.472,0.94157,0.94174,1.05,2.78
2013.08.06 18:50:10.589,0.94158,0.94174,1.13,2.78
2013.08.06 18:50:11.858,0.94161,0.94178,1.24,2.18
2013.08.06 18:50:11.918,0.94161,0.94178,1.24,2.18
2013.08.06 18:50:12.219,0.94163,0.9418,1.05,1.35
2013.08.06 18:50:12.578,0.94166,0.94183,3.12,1.35
2013.08.06 18:50:12.700,0.94169,0.94185,1.05,1.43
2013.08.06 18:50:12.938,0.9417,0.94184,1.05,1.50
2013.08.06 18:50:14.429,0.9417,0.94184,1.05,1.50
2013.08.06 18:50:15.469,0.94168,0.94184,2.18,2.18
2013.08.06 18:50:16.209,0.94168,0.94184,2.18,2.18
2013.08.06 18:50:16.789,0.94169,0.94186,1.05,2.18
2013.08.06 18:50:17.942,0.9417,0.94186,1.05,1.50
2013.08.06 18:50:18.601,0.9417,0.94186,1.05,1.50
2013.08.06 18:50:19.160,0.9417,0.94186,1.05,1.50
2013.08.06 18:50:20.033,0.94169,0.94186,1.05,2.18
2013.08.06 18:50:20.763,0.94166,0.94184,3.12,1.50
2013.08.06 18:50:21.415,0.94167,0.94184,1.50,2.25
2013.08.06 18:50:30.891,0.94169,0.94184,1.73,2.25
2013.08.06 18:50:31.251,0.94173,0.94187,1.35,1.50
2013.08.06 18:50:36.860,0.94171,0.94186,1.80,1.50
2013.08.06 18:50:45.520,0.94172,0.94186,1.73,1.50
2013.08.06 18:50:49.741,0.94173,0.94186,1.05,1.50
2013.08.06 18:50:51.282,0.94173,0.94186,1.05,1.50
2013.08.06 18:50:55.791,0.94173,0.94186,1.05,1.50
2013.08.06 18:50:56.781,0.94173,0.94186,1.05,1.50
2013.08.06 18:50:59.360,0.94169,0.94185,1.92,1.50
2013.08.06 18:51:05.449,0.94169,0.94184,2.48,1.50
2013.08.06 18:51:08.320,0.94169,0.94184,1.13,1.50
2013.08.06 18:51:13.420,0.94169,0.94187,2.48,3.04
2013.08.06 18:51:13.480,0.94169,0.94187,3.34,2.85
2013.08.06 18:51:14.012,0.9417,0.94187,1.80,1.43
2013.08.06 18:51:14.760,0.94171,0.94187,1.13,1.43
2013.08.06 18:51:15.120,0.94171,0.94188,1.13,1.43
2013.08.06 18:51:15.690,0.94173,0.94188,1.13,1.43
2013.08.06 18:51:16.266,0.94174,0.94188,1.13,1.43
2013.08.06 18:51:31.500,0.94174,0.94189,1.13,1.43
2013.08.06 18:51:42.450,0.94174,0.9419,1.32,2.18
2013.08.06 18:51:42.691,0.94171,0.94188,2.44,2.10
2013.08.06 18:51:42.810,0.94171,0.94188,3.57,1.35
2013.08.06 18:51:43.359,0.94173,0.94189,1.05,1.50
2013.08.06 18:51:47.440,0.94173,0.94189,1.05,1.50
2013.08.06 18:51:47.941,0.94172,0.94185,1.80,1.50
2013.08.06 18:51:48.280,0.94171,0.94185,1.73,1.50
2013.08.06 18:51:48.841,0.94169,0.94183,1.24,1.50
2013.08.06 18:51:51.472,0.94169,0.94183,1.99,1.50
2013.08.06 18:52:00.651,0.94169,0.94184,1.80,1.50
2013.08.06 18:52:00.771,0.9417,0.94184,1.32,1.50
2013.08.06 18:52:00.950,0.94172,0.94186,1.50,1.43
2013.08.06 18:52:01.130,0.94172,0.94189,2.25,1.43
2013.08.06 18:52:01.699,0.94172,0.9419,3.60,2.85
2013.08.06 18:52:02.220,0.94173,0.9419,1.13,3.60
2013.08.06 18:52:07.010,0.94174,0.9419,1.13,3.60
2013.08.06 18:52:07.496,0.94175,0.9419,1.13,2.10
2013.08.06 18:52:08.011,0.94177,0.94193,1.05,1.62
2013.08.06 18:52:08.964,0.94176,0.94192,1.88,1.43
2013.08.06 18:52:09.732,0.94176,0.94191,1.88,1.43
2013.08.06 18:52:21.113,0.94176,0.94191,2.25,1.43
2013.08.06 18:52:21.293,0.94176,0.94194,4.65,2.85
2013.08.06 18:52:21.411,0.94176,0.94194,5.33,2.18
2013.08.06 18:52:21.940,0.94177,0.94194,2.48,1.50
2013.08.06 18:52:26.110,0.94177,0.94194,1.35,1.50
2013.08.06 18:52:26.670,0.94176,0.94194,3.23,2.85
2013.08.06 18:52:34.090,0.94176,0.94194,5.78,2.10
2013.08.06 18:52:34.151,0.94177,0.94194,2.18,2.10
2013.08.06 18:52:34.736,0.9418,0.94194,1.62,1.50
2013.08.06 18:52:37.071,0.94178,0.94194,2.10,1.50
2013.08.06 18:52:43.261,0.94179,0.94196,2.93,1.43
2013.08.06 18:52:43.321,0.94182,0.94198,1.13,1.50
2013.08.06 18:52:44.892,0.94183,0.94198,1.13,1.50
2013.08.06 18:52:45.920,0.94185,0.94201,1.50,2.37
2013.08.06 18:52:46.100,0.94186,0.94202,1.43,1.69
2013.08.06 18:52:46.160,0.94186,0.94203,1.43,1.43
2013.08.06 18:52:46.690,0.94186,0.94203,1.50,1.50
2013.08.06 18:52:50.001,0.94187,0.94204,1.50,2.10
2013.08.06 18:52:50.300,0.94195,0.94209,1.50,1.35
2013.08.06 18:52:50.650,0.94195,0.94212,1.50,1.35
2013.08.06 18:52:55.579,0.94195,0.94212,2.25,2.10
2013.08.06 18:52:57.920,0.94195,0.94211,1.13,1.50
2013.08.06 18:52:58.630,0.94192,0.94209,1.24,1.43
2013.08.06 18:52:59.421,0.94196,0.94209,1.13,1.43
2013.08.06 18:52:59.972,0.94196,0.9421,1.13,1.35
2013.08.06 18:53:07.251,0.94196,0.94211,1.32,2.10
2013.08.06 18:53:09.140,0.94195,0.9421,1.69,1.43
2013.08.06 18:53:09.672,0.94192,0.94209,1.24,2.10
2013.08.06 18:53:10.190,0.94193,0.94209,1.13,1.50
2013.08.06 18:53:18.790,0.94192,0.94209,2.67,1.50
2013.08.06 18:53:30.506,0.94192,0.9421,2.48,2.07
2013.08.06 18:53:31.052,0.94192,0.94209,1.13,1.50
2013.08.06 18:53:34.392,0.94192,0.94209,1.13,1.50
2013.08.06 18:53:34.570,0.94191,0.94208,1.24,2.85
2013.08.06 18:53:34.870,0.94187,0.94205,2.48,2.18
2013.08.06 18:53:35.720,0.94187,0.94204,2.63,1.13
2013.08.06 18:53:35.783,0.94187,0.94204,3.00,1.13
2013.08.06 18:53:40.210,0.94188,0.94204,1.13,1.43
2013.08.06 18:53:56.623,0.9419,0.94206,1.05,1.50
2013.08.06 18:54:07.183,0.9419,0.94203,1.43,1.50
2013.08.06 18:54:07.751,0.94189,0.94205,1.99,2.18
2013.08.06 18:54:08.271,0.9419,0.94203,1.13,1.50
2013.08.06 18:54:11.384,0.94191,0.94207,3.30,1.43
2013.08.06 18:54:11.631,0.94192,0.9421,1.62,2.10
2013.08.06 18:54:12.171,0.94195,0.94209,1.43,1.50
2013.08.06 18:54:12.710,0.94194,0.94211,2.48,1.88
2013.08.06 18:54:13.578,0.94196,0.94211,1.35,1.88
2013.08.06 18:54:14.241,0.94196,0.94211,1.35,1.50
2013.08.06 18:54:14.430,0.94195,0.94211,2.10,2.18
2013.08.06 18:54:14.950,0.94195,0.94211,1.43,2.18
2013.08.06 18:54:23.792,0.94196,0.94211,1.35,1.43
2013.08.06 18:54:23.854,0.94196,0.94211,1.35,2.18
2013.08.06 18:54:23.982,0.94197,0.94214,1.69,2.85
2013.08.06 18:54:24.101,0.94198,0.94213,1.32,1.43
2013.08.06 18:54:26.093,0.94199,0.94213,1.24,1.43
2013.08.06 18:54:26.394,0.94212,0.94222,1.13,1.35
2013.08.06 18:54:26.513,0.94214,0.94228,2.10,2.29
2013.08.06 18:54:26.695,0.94212,0.94228,1.32,2.85
2013.08.06 18:54:26.762,0.94211,0.94228,1.65,2.18
2013.08.06 18:54:27.140,0.9421,0.94228,1.17,4.28
2013.08.06 18:54:27.728,0.9421,0.94227,1.17,1.35
2013.08.06 18:54:28.437,0.9421,0.94227,1.65,1.35
2013.08.06 18:54:30.491,0.94211,0.94227,1.54,2.18
2013.08.06 18:54:30.794,0.94206,0.94222,1.99,1.43
2013.08.06 18:54:31.032,0.942,0.94219,1.54,3.98
2013.08.06 18:54:31.211,0.94201,0.94219,1.62,1.43
2013.08.06 18:54:31.272,0.94202,0.94221,1.69,2.10
2013.08.06 18:54:31.830,0.94205,0.94223,1.69,2.93
2013.08.06 18:54:32.601,0.94206,0.94223,1.32,2.93
2013.08.06 18:54:32.720,0.94206,0.94223,1.32,2.18
2013.08.06 18:54:35.781,0.94208,0.94224,1.32,1.43
2013.08.06 18:54:36.310,0.94207,0.94225,2.07,1.35
2013.08.06 18:54:42.090,0.94209,0.94225,1.13,1.35
2013.08.06 18:54:48.792,0.94209,0.94226,1.80,2.10
2013.08.06 18:54:50.771,0.94209,0.94226,1.80,2.10
2013.08.06 18:54:51.321,0.94209,0.94226,1.80,2.10
2013.08.06 18:54:55.980,0.94209,0.94226,1.80,2.10
2013.08.06 18:55:01.060,0.94209,0.94225,1.32,1.35
2013.08.06 18:55:01.391,0.94207,0.94223,2.07,1.50
2013.08.06 18:55:01.510,0.94207,0.94222,2.07,1.43
2013.08.06 18:55:01.571,0.94207,0.9422,2.07,1.35
2013.08.06 18:55:01.930,0.94201,0.94216,2.52,1.50
2013.08.06 18:55:02.051,0.942,0.94215,1.24,1.50
2013.08.06 18:55:02.590,0.94199,0.94214,1.32,1.50
2013.08.06 18:55:02.832,0.94199,0.94214,1.32,1.50
2013.08.06 18:55:03.690,0.94197,0.94214,1.24,1.50
2013.08.06 18:55:04.151,0.942,0.94213,1.13,1.50
2013.08.06 18:55:04.451,0.94199,0.94217,1.95,2.93
2013.08.06 18:55:04.582,0.94201,0.94217,3.53,1.43
2013.08.06 18:55:04.701,0.94206,0.94219,1.05,1.50
2013.08.06 18:55:05.060,0.94208,0.94221,1.73,1.50
2013.08.06 18:55:08.430,0.94209,0.94221,1.43,1.50
2013.08.06 18:55:26.062,0.94207,0.9422,1.43,1.50
2013.08.06 18:55:30.891,0.94208,0.94223,2.10,1.50
2013.08.06 18:55:31.412,0.94208,0.94224,2.10,3.00
2013.08.06 18:55:39.853,0.94208,0.94224,1.80,2.25
2013.08.06 18:55:46.541,0.94208,0.94223,1.13,1.50
2013.08.06 18:55:47.541,0.94208,0.94224,1.13,2.25
2013.08.06 18:55:47.922,0.94208,0.94223,1.13,1.50
2013.08.06 18:55:52.712,0.94206,0.94218,1.54,1.50
2013.08.06 18:55:52.830,0.94205,0.94218,2.10,1.50
2013.08.06 18:55:52.950,0.94201,0.94218,2.29,2.85
2013.08.06 18:55:59.761,0.94202,0.94218,2.18,2.18
2013.08.06 18:56:00.910,0.94204,0.94219,1.80,1.50
2013.08.06 18:56:01.090,0.94205,0.9422,1.35,1.50
2013.08.06 18:56:01.290,0.94205,0.9422,1.05,1.50
2013.08.06 18:56:01.681,0.94206,0.94222,1.13,1.43
2013.08.06 18:56:01.741,0.94206,0.94222,1.32,1.43
2013.08.06 18:56:01.861,0.94206,0.94223,1.69,2.10
2013.08.06 18:56:01.986,0.94205,0.94222,2.74,1.43
2013.08.06 18:56:02.230,0.94207,0.94224,1.32,2.10
2013.08.06 18:56:02.351,0.94207,0.94223,1.99,1.43
2013.08.06 18:56:02.532,0.94206,0.94221,1.80,1.99
2013.08.06 18:56:02.710,0.94201,0.94218,1.80,1.43
2013.08.06 18:56:02.770,0.94201,0.94217,1.13,1.35
2013.08.06 18:56:04.021,0.94199,0.94217,1.73,2.10
2013.08.06 18:56:06.752,0.94199,0.94217,1.73,2.10
2013.08.06 18:56:14.461,0.94202,0.94217,1.05,1.50
2013.08.06 18:56:23.061,0.94202,0.94217,1.05,1.50
2013.08.06 18:56:24.766,0.942,0.9421,1.92,1.50
2013.08.06 18:56:25.072,0.94198,0.94208,1.35,1.50
2013.08.06 18:56:25.242,0.94194,0.94208,1.35,1.50
2013.08.06 18:56:26.290,0.94192,0.94208,1.24,2.18
2013.08.06 18:56:27.450,0.94192,0.94208,1.99,2.18
2013.08.06 18:56:27.631,0.94201,0.94215,1.13,1.35
2013.08.06 18:56:27.811,0.94201,0.94219,2.10,3.60
2013.08.06 18:56:27.931,0.94201,0.94219,2.10,2.85
2013.08.06 18:56:28.110,0.94201,0.94219,1.73,2.85
2013.08.06 18:56:28.682,0.94201,0.94219,1.35,2.85
2013.08.06 18:56:29.581,0.94201,0.94219,2.10,2.93
2013.08.06 18:56:36.201,0.94201,0.94218,1.43,1.43
2013.08.06 18:56:51.870,0.94199,0.94217,2.67,2.10
2013.08.06 18:56:54.451,0.942,0.94217,1.13,2.10
2013.08.06 18:56:58.240,0.94199,0.94217,3.42,2.85
2013.08.06 18:57:01.460,0.94199,0.94217,3.42,2.85
2013.08.06 18:57:02.070,0.94199,0.94217,3.42,2.85
2013.08.06 18:57:04.891,0.942,0.94217,1.13,2.29
2013.08.06 18:57:04.951,0.94202,0.94219,1.13,2.29
2013.08.06 18:57:05.011,0.94203,0.94219,1.50,2.29
2013.08.06 18:57:05.071,0.94204,0.94219,2.48,1.35
2013.08.06 18:57:05.191,0.94207,0.94223,1.13,1.62
2013.08.06 18:57:05.372,0.94206,0.94218,1.28,1.50
2013.08.06 18:57:05.551,0.94203,0.94218,1.43,2.18
2013.08.06 18:57:05.730,0.94201,0.94217,1.99,1.50
2013.08.06 18:57:06.642,0.94203,0.94218,2.48,2.18
2013.08.06 18:57:06.943,0.94209,0.94223,2.48,2.10
2013.08.06 18:57:07.072,0.94209,0.94224,2.48,2.10
2013.08.06 18:57:07.191,0.94211,0.94228,1.13,1.35
2013.08.06 18:57:07.713,0.94211,0.94226,1.13,1.35
2013.08.06 18:57:23.590,0.94211,0.94228,1.13,1.43
2013.08.06 18:57:24.328,0.94211,0.94228,1.13,1.43
2013.08.06 18:57:27.041,0.94211,0.94228,1.13,1.43
2013.08.06 18:57:34.652,0.94211,0.94225,1.13,2.18
2013.08.06 18:57:35.011,0.94202,0.94218,2.67,1.50
2013.08.06 18:57:35.190,0.94202,0.94218,1.73,1.50
2013.08.06 18:57:38.591,0.94202,0.94216,1.05,2.25
2013.08.06 18:57:38.894,0.94198,0.94216,1.92,1.43
2013.08.06 18:57:39.410,0.942,0.94217,1.05,1.50
2013.08.06 18:57:40.207,0.942,0.94217,1.73,1.50
2013.08.06 18:57:47.580,0.94201,0.94217,1.80,1.50
2013.08.06 18:57:49.561,0.94201,0.94217,2.93,1.50
2013.08.06 18:57:49.861,0.94205,0.94223,1.73,1.43
2013.08.06 18:57:50.341,0.94207,0.94224,1.05,1.50
2013.08.06 18:57:50.885,0.94207,0.94222,1.05,1.50
2013.08.06 18:57:51.466,0.94207,0.94222,1.05,1.50
2013.08.06 18:57:51.792,0.94208,0.94222,2.29,1.50
2013.08.06 18:57:52.151,0.94212,0.94225,1.05,1.50
2013.08.06 18:57:52.512,0.94214,0.94229,1.05,1.50
2013.08.06 18:57:52.813,0.94217,0.94229,1.35,1.50
2013.08.06 18:57:52.991,0.94214,0.94229,1.73,1.50
2013.08.06 18:57:53.541,0.94214,0.94229,1.35,1.50
2013.08.06 18:57:53.742,0.94214,0.94228,1.35,1.50
2013.08.06 18:57:53.920,0.94211,0.94228,1.99,2.18
2013.08.06 18:57:54.480,0.94211,0.94226,1.24,1.50
2013.08.06 18:57:54.943,0.94209,0.94226,1.92,2.18
2013.08.06 18:57:55.122,0.94208,0.94223,1.92,1.50
2013.08.06 18:57:56.531,0.94206,0.94223,1.92,1.88
2013.08.06 18:57:56.711,0.94206,0.9422,1.92,1.50
2013.08.06 18:57:56.891,0.94202,0.94218,1.05,1.50
2013.08.06 18:57:56.952,0.94201,0.94217,1.92,1.50
2013.08.06 18:57:57.191,0.94201,0.94218,1.92,2.93
2013.08.06 18:57:58.213,0.94201,0.94218,1.32,1.50
2013.08.06 18:58:00.731,0.942,0.94218,3.79,2.25
2013.08.06 18:58:00.971,0.94204,0.94221,2.18,2.10
2013.08.06 18:58:01.031,0.94204,0.94221,2.18,2.10
2013.08.06 18:58:01.391,0.94205,0.94221,2.37,2.18
2013.08.06 18:58:01.691,0.94203,0.9422,2.74,1.43
2013.08.06 18:58:03.471,0.94203,0.94218,1.43,1.50
2013.08.06 18:58:06.201,0.94203,0.94218,1.43,1.50
2013.08.06 18:58:23.951,0.94202,0.94218,1.69,1.50
2013.08.06 18:58:29.969,0.94202,0.94217,1.13,1.50
2013.08.06 18:58:36.483,0.94202,0.94217,1.13,1.50
2013.08.06 18:58:39.703,0.94202,0.94218,1.50,1.50
2013.08.06 18:58:40.014,0.94207,0.94221,1.13,1.43
2013.08.06 18:58:40.551,0.94207,0.94221,1.13,2.18
2013.08.06 18:58:40.671,0.94207,0.94221,1.13,2.18
2013.08.06 18:58:49.632,0.94206,0.94221,1.92,2.18
2013.08.06 18:58:49.752,0.94207,0.94221,1.69,2.18
2013.08.06 18:58:50.300,0.94208,0.94225,1.43,1.43
2013.08.06 18:58:52.512,0.94207,0.94223,2.25,2.18
2013.08.06 18:58:52.931,0.94207,0.94222,1.50,2.10
2013.08.06 18:58:53.493,0.94207,0.9422,1.50,1.43
2013.08.06 18:58:55.331,0.94208,0.94222,1.13,2.18
2013.08.06 18:58:55.391,0.94208,0.94222,1.13,1.50
2013.08.06 18:58:58.111,0.94207,0.94222,2.29,1.88
2013.08.06 18:58:58.172,0.94207,0.94222,2.29,1.88
2013.08.06 18:58:58.721,0.94205,0.94219,1.69,1.50
2013.08.06 18:58:59.641,0.94202,0.94218,2.37,1.50
2013.08.06 18:59:00.283,0.94201,0.94218,3.34,2.18
2013.08.06 18:59:00.843,0.94202,0.94218,1.69,1.50
2013.08.06 18:59:04.551,0.94202,0.94218,1.69,2.18
2013.08.06 18:59:04.611,0.94202,0.94217,1.69,1.43
2013.08.06 18:59:04.791,0.94197,0.94212,1.62,1.35
2013.08.06 18:59:04.971,0.94194,0.9421,2.37,1.43
2013.08.06 18:59:07.162,0.94194,0.94208,1.69,1.43
2013.08.06 18:59:08.001,0.94196,0.9421,1.32,1.43
2013.08.06 18:59:08.121,0.94197,0.94211,1.50,1.43
2013.08.06 18:59:09.771,0.94196,0.94211,2.07,1.43
2013.08.06 18:59:10.771,0.94195,0.94209,1.69,1.43
2013.08.06 18:59:11.072,0.94193,0.94204,1.35,1.50
2013.08.06 18:59:11.621,0.94193,0.94202,1.35,1.13
2013.08.06 18:59:11.994,0.94189,0.94202,1.35,1.13
2013.08.06 18:59:12.310,0.94187,0.94202,1.54,1.13
2013.08.06 18:59:12.871,0.94185,0.94201,1.35,1.13
2013.08.06 18:59:15.112,0.94185,0.94196,1.35,1.13
2013.08.06 18:59:15.291,0.94182,0.94194,1.54,1.50
2013.08.06 18:59:15.475,0.94182,0.94197,2.48,1.13
2013.08.06 18:59:15.592,0.94182,0.94199,1.80,1.05
2013.08.06 18:59:15.711,0.94183,0.94199,1.62,1.13
2013.08.06 18:59:16.486,0.94183,0.94199,1.62,1.50
2013.08.06 18:59:18.401,0.94184,0.942,2.10,1.13
2013.08.06 18:59:20.651,0.94182,0.94196,2.29,1.13
2013.08.06 18:59:20.951,0.94177,0.94194,2.67,1.88
2013.08.06 18:59:21.980,0.94177,0.94194,3.42,1.88
2013.08.06 18:59:23.031,0.94177,0.94194,3.23,1.88
2013.08.06 18:59:23.311,0.94178,0.94194,1.43,1.88
2013.08.06 18:59:23.861,0.94178,0.94194,1.43,1.88
2013.08.06 18:59:26.322,0.94178,0.94193,2.18,1.13
2013.08.06 18:59:26.381,0.94177,0.94193,2.10,1.13
2013.08.06 18:59:26.441,0.94177,0.94193,1.13,1.80
2013.08.06 18:59:26.821,0.94177,0.94193,2.63,1.13
2013.08.06 18:59:30.441,0.94178,0.94193,2.10,1.13
2013.08.06 18:59:31.592,0.94178,0.94195,2.48,1.50
2013.08.06 18:59:31.895,0.94181,0.94197,1.50,1.88
2013.08.06 18:59:32.023,0.94181,0.94198,5.22,1.43
2013.08.06 18:59:32.322,0.94183,0.94202,1.73,1.13
2013.08.06 18:59:35.171,0.94184,0.942,2.37,1.50
2013.08.06 18:59:35.351,0.94188,0.94203,1.35,1.13
2013.08.06 18:59:35.591,0.94188,0.94202,1.35,1.80
2013.08.06 18:59:35.651,0.94185,0.94199,1.32,1.50
2013.08.06 18:59:35.891,0.94186,0.94201,1.35,2.10
2013.08.06 18:59:35.952,0.94186,0.94201,1.73,2.10
2013.08.06 18:59:36.191,0.94187,0.94203,2.18,1.69
2013.08.06 18:59:36.751,0.94187,0.94203,1.50,3.04
2013.08.06 18:59:37.573,0.94187,0.94203,2.25,2.85
2013.08.06 18:59:37.631,0.94187,0.94203,1.88,2.85
2013.08.06 18:59:37.692,0.94189,0.94204,1.50,1.43
2013.08.06 18:59:37.813,0.9419,0.94206,2.10,1.35
2013.08.06 18:59:38.173,0.94191,0.94207,1.50,2.37
2013.08.06 18:59:38.413,0.94188,0.94206,1.43,1.13
2013.08.06 18:59:38.472,0.94188,0.94204,1.43,1.50
2013.08.06 18:59:38.533,0.94188,0.94204,1.43,2.18
2013.08.06 18:59:39.187,0.94188,0.94204,1.80,2.18
2013.08.06 18:59:39.731,0.94188,0.94204,1.80,1.43
2013.08.06 18:59:39.791,0.94188,0.94203,1.43,1.43
2013.08.06 18:59:40.151,0.94185,0.94202,1.73,1.43
2013.08.06 18:59:40.691,0.94185,0.942,1.28,1.50
2013.08.06 18:59:40.751,0.94184,0.94199,2.48,1.50
2013.08.06 18:59:41.051,0.94185,0.94201,3.90,2.18
2013.08.06 18:59:41.591,0.94186,0.94201,2.33,1.50
2013.08.06 18:59:42.102,0.94193,0.94204,1.05,1.50
2013.08.06 18:59:42.401,0.94198,0.94214,1.73,1.50
2013.08.06 18:59:43.150,0.94201,0.94214,1.05,1.50
2013.08.06 18:59:43.221,0.94198,0.94213,2.48,1.50
2013.08.06 18:59:43.291,0.94198,0.94208,1.80,1.50
2013.08.06 18:59:43.591,0.94192,0.94204,2.10,1.50
2013.08.06 18:59:43.711,0.94193,0.94209,1.73,2.25
2013.08.06 18:59:43.771,0.94196,0.94211,1.05,2.44
2013.08.06 18:59:43.831,0.94196,0.94211,1.05,2.44
2013.08.06 18:59:43.891,0.94196,0.94211,2.48,2.44
2013.08.06 18:59:44.251,0.94198,0.94211,1.05,1.50
2013.08.06 18:59:44.311,0.94198,0.94212,1.05,1.50
2013.08.06 18:59:44.851,0.942,0.94214,1.73,1.69
2013.08.06 18:59:45.871,0.942,0.94214,1.73,1.50
2013.08.06 18:59:46.421,0.942,0.94212,1.73,1.50
2013.08.06 18:59:46.543,0.94197,0.94212,1.35,1.50
2013.08.06 18:59:46.961,0.94198,0.94211,1.05,1.50
2013.08.06 18:59:47.321,0.94196,0.94209,1.05,1.50
2013.08.06 18:59:47.811,0.94193,0.94207,1.35,1.50
2013.08.06 18:59:47.932,0.94191,0.94204,1.92,1.50
2013.08.06 18:59:48.051,0.94191,0.94207,1.24,2.25
2013.08.06 18:59:48.293,0.94191,0.94203,1.24,1.50
2013.08.06 18:59:49.172,0.94191,0.94207,1.80,1.50
2013.08.06 18:59:49.471,0.94193,0.94207,1.05,1.50
2013.08.06 18:59:51.342,0.94192,0.94205,1.05,1.50
2013.08.06 18:59:51.521,0.94192,0.94204,1.05,1.50
2013.08.06 18:59:51.821,0.94189,0.94204,1.05,1.50
2013.08.06 18:59:51.881,0.94189,0.94205,1.43,1.50
2013.08.06 18:59:52.001,0.9419,0.94206,1.35,1.35
2013.08.06 18:59:52.121,0.94193,0.94207,1.80,1.50
2013.08.06 18:59:52.660,0.94193,0.94211,1.62,2.18
2013.08.06 18:59:53.201,0.94191,0.94205,1.24,1.50
2013.08.06 18:59:53.381,0.9419,0.94204,1.13,1.50
2013.08.06 18:59:53.902,0.9419,0.94204,1.13,1.50
2013.08.06 18:59:54.022,0.9419,0.94204,1.80,2.18
2013.08.06 18:59:54.142,0.94192,0.94206,1.13,3.53
2013.08.06 18:59:54.681,0.94191,0.94205,1.05,1.50
2013.08.06 18:59:55.045,0.94191,0.94204,1.05,1.50
2013.08.06 18:59:55.586,0.94188,0.94203,2.67,1.50
2013.08.06 18:59:56.402,0.9419,0.94203,1.54,1.50
2013.08.06 18:59:57.262,0.94188,0.94203,1.73,1.50
2013.08.06 18:59:57.922,0.94189,0.94201,1.43,1.50
2013.08.06 18:59:58.223,0.94194,0.9421,1.05,1.32
2013.08.06 18:59:58.581,0.94193,0.94209,2.10,1.43
2013.08.06 18:59:58.764,0.94193,0.94208,2.10,1.50
2013.08.06 18:59:59.011,0.94193,0.9421,2.10,1.88
