2015.06.04 12:00:00.038,0.99672,0.99681,1.00,1.00
2015.06.04 12:00:00.089,0.99668,0.99679,1.00,1.00
2015.06.04 12:00:00.448,0.99664,0.99676,1.50,1.00
2015.06.04 12:00:00.954,0.99664,0.99677,1.00,1.50
2015.06.04 12:00:01.006,0.99664,0.99675,1.00,1.00
2015.06.04 12:00:01.107,0.99664,0.99677,1.00,1.50
2015.06.04 12:00:01.838,0.99664,0.99676,1.10,1.00
2015.06.04 12:00:02.344,0.99664,0.99677,1.00,1.00
2015.06.04 12:00:02.881,0.99665,0.99677,1.00,1.00
2015.06.04 12:00:03.337,0.99663,0.99677,3.07,1.50
2015.06.04 12:00:03.881,0.99664,0.99678,1.50,1.00
2015.06.04 12:00:04.647,0.99664,0.99677,1.50,1.00
2015.06.04 12:00:05.170,0.99663,0.99677,1.50,1.00
2015.06.04 12:00:05.401,0.99662,0.9967,1.50,1.00
2015.06.04 12:00:05.604,0.99659,0.99671,1.12,1.00
2015.06.04 12:00:05.857,0.99661,0.99673,1.00,1.00
2015.06.04 12:00:05.958,0.99661,0.99675,2.25,1.00
2015.06.04 12:00:06.485,0.99662,0.99675,1.00,1.00
2015.06.04 12:00:07.022,0.99662,0.99676,1.50,1.00
2015.06.04 12:00:07.525,0.99664,0.99677,1.00,2.25
2015.06.04 12:00:07.983,0.99661,0.99674,3.00,1.00
2015.06.04 12:00:08.337,0.99658,0.99673,2.32,1.00
2015.06.04 12:00:08.799,0.9966,0.99673,1.00,1.00
2015.06.04 12:00:09.400,0.99661,0.99674,1.00,1.00
2015.06.04 12:00:10.502,0.99662,0.99674,1.00,1.00
2015.06.04 12:00:11.044,0.99663,0.99675,1.00,1.00
2015.06.04 12:00:11.347,0.99663,0.99677,1.00,1.00
2015.06.04 12:00:13.846,0.99665,0.99677,1.00,1.00
2015.06.04 12:00:14.150,0.99667,0.99678,1.00,1.00
2015.06.04 12:00:15.912,0.99667,0.99679,1.00,1.00
2015.06.04 12:00:16.636,0.99667,0.9968,1.00,1.50
2015.06.04 12:00:17.456,0.99666,0.9968,1.00,1.50
2015.06.04 12:00:18.001,0.99667,0.9968,1.00,1.50
2015.06.04 12:00:19.385,0.99667,0.99681,1.00,1.50
2015.06.04 12:00:19.688,0.99669,0.99681,1.00,1.50
2015.06.04 12:00:21.246,0.99669,0.99682,1.00,2.62
2015.06.04 12:00:22.479,0.9967,0.99682,1.00,1.50
2015.06.04 12:00:23.000,0.99669,0.99682,1.50,1.50
2015.06.04 12:00:23.654,0.99669,0.9968,1.00,1.00
2015.06.04 12:00:23.755,0.99667,0.9968,1.50,1.00
2015.06.04 12:00:24.261,0.99667,0.99679,2.25,1.00
2015.06.04 12:00:24.564,0.99665,0.99679,2.25,1.00
2015.06.04 12:00:25.075,0.99666,0.9968,1.50,1.00
2015.06.04 12:00:25.889,0.99667,0.99678,1.00,1.00
2015.06.04 12:00:26.287,0.99666,0.9968,2.25,1.00
2015.06.04 12:00:26.389,0.99669,0.9968,1.00,1.00
2015.06.04 12:00:26.440,0.99669,0.99682,1.00,1.50
2015.06.04 12:00:26.968,0.9967,0.99681,1.00,1.00
2015.06.04 12:00:27.461,0.99672,0.99683,1.00,1.50
2015.06.04 12:00:27.974,0.99672,0.99682,1.00,1.00
2015.06.04 12:00:28.476,0.99671,0.99682,1.00,1.50
2015.06.04 12:00:30.745,0.9967,0.99682,1.50,1.50
2015.06.04 12:00:31.158,0.99673,0.99683,1.00,1.50
2015.06.04 12:00:31.563,0.99673,0.99685,1.00,1.00
2015.06.04 12:00:32.075,0.99674,0.99686,1.00,1.50
2015.06.04 12:00:32.636,0.99675,0.99685,1.00,1.00
2015.06.04 12:00:33.772,0.99677,0.99686,1.00,1.00
2015.06.04 12:00:34.167,0.99674,0.99686,1.50,1.00
2015.06.04 12:00:34.672,0.99674,0.99685,1.50,1.00
2015.06.04 12:00:35.335,0.99674,0.99686,1.50,1.00
2015.06.04 12:00:35.587,0.99674,0.99684,1.50,1.00
2015.06.04 12:00:35.841,0.99676,0.9969,2.62,1.50
2015.06.04 12:00:35.892,0.99677,0.99688,1.00,1.00
2015.06.04 12:00:36.195,0.99684,0.99696,1.00,1.00
2015.06.04 12:00:36.560,0.99687,0.99697,1.00,1.00
2015.06.04 12:00:37.648,0.99687,0.99695,1.00,1.12
2015.06.04 12:00:37.700,0.99684,0.99695,1.57,1.12
2015.06.04 12:00:37.802,0.99682,0.99695,1.50,1.12
2015.06.04 12:00:38.397,0.99682,0.99694,1.50,1.00
2015.06.04 12:00:38.930,0.99682,0.99695,1.50,1.12
2015.06.04 12:00:40.232,0.99683,0.99695,1.00,1.12
2015.06.04 12:00:40.845,0.99683,0.99693,1.00,1.00
2015.06.04 12:00:41.099,0.9968,0.99691,1.00,1.00
2015.06.04 12:00:41.379,0.9968,0.99689,1.50,1.00
2015.06.04 12:00:41.891,0.99681,0.99689,1.00,1.00
2015.06.04 12:00:42.220,0.99681,0.99693,1.00,1.50
2015.06.04 12:00:42.553,0.99683,0.99693,1.00,1.00
2015.06.04 12:00:42.857,0.99682,0.9969,1.00,1.00
2015.06.04 12:00:42.908,0.99682,0.99693,1.00,1.00
2015.06.04 12:00:43.437,0.99682,0.99694,1.00,1.50
2015.06.04 12:00:44.249,0.99682,0.99693,1.00,1.00
2015.06.04 12:00:44.350,0.99682,0.99689,1.00,1.00
2015.06.04 12:00:45.292,0.99683,0.99689,1.00,1.00
2015.06.04 12:00:45.747,0.99683,0.99694,1.00,1.00
2015.06.04 12:00:46.680,0.99683,0.99691,1.00,1.00
2015.06.04 12:00:46.932,0.99687,0.99697,1.00,1.50
2015.06.04 12:00:46.983,0.99687,0.99694,1.00,1.00
2015.06.04 12:00:47.186,0.99687,0.99698,1.00,1.50
2015.06.04 12:00:47.714,0.99686,0.99697,1.00,1.00
2015.06.04 12:00:48.242,0.99686,0.99698,1.00,1.50
2015.06.04 12:00:48.775,0.99686,0.99697,1.00,1.00
2015.06.04 12:00:49.141,0.99691,0.99698,1.00,1.00
2015.06.04 12:00:49.243,0.99694,0.99706,1.00,1.57
2015.06.04 12:00:49.294,0.99696,0.99706,1.50,1.10
2015.06.04 12:00:49.345,0.99697,0.99708,1.00,1.00
2015.06.04 12:00:49.851,0.99697,0.99707,1.00,1.00
2015.06.04 12:00:53.547,0.99696,0.99707,2.25,1.00
2015.06.04 12:00:53.648,0.99698,0.99707,1.00,1.00
2015.06.04 12:00:53.800,0.99696,0.99706,1.50,1.00
2015.06.04 12:00:54.532,0.99697,0.99706,1.00,1.00
2015.06.04 12:00:54.583,0.99697,0.99708,1.00,1.50
2015.06.04 12:00:55.119,0.99696,0.99707,1.50,1.00
2015.06.04 12:00:55.220,0.99698,0.99707,1.00,1.00
2015.06.04 12:00:55.844,0.99697,0.99708,1.00,1.50
2015.06.04 12:00:56.396,0.99697,0.99707,1.50,1.00
2015.06.04 12:00:58.101,0.99697,0.99708,1.00,1.00
2015.06.04 12:00:59.437,0.99698,0.99708,1.00,1.00
2015.06.04 12:00:59.963,0.99698,0.99709,1.00,1.00
2015.06.04 12:01:00.476,0.99699,0.9971,1.00,1.00
2015.06.04 12:01:00.830,0.99702,0.9971,1.00,1.00
2015.06.04 12:01:01.035,0.997,0.9971,1.50,1.00
2015.06.04 12:01:01.558,0.99699,0.9971,1.50,1.00
2015.06.04 12:01:01.710,0.99702,0.99715,1.00,1.50
2015.06.04 12:01:01.761,0.99702,0.99713,1.00,1.00
2015.06.04 12:01:01.812,0.99702,0.99715,1.50,1.50
2015.06.04 12:01:01.914,0.99704,0.99715,1.00,1.00
2015.06.04 12:01:02.270,0.99705,0.99712,1.00,1.00
2015.06.04 12:01:02.372,0.99704,0.99715,1.00,1.00
2015.06.04 12:01:02.473,0.99702,0.99714,1.00,1.00
2015.06.04 12:01:02.643,0.99701,0.99711,1.00,1.00
2015.06.04 12:01:02.694,0.99698,0.99713,1.50,1.00
2015.06.04 12:01:02.847,0.99701,0.99713,1.50,1.50
2015.06.04 12:01:03.257,0.99701,0.99715,2.25,1.00
2015.06.04 12:01:03.359,0.99704,0.99715,1.00,1.00
2015.06.04 12:01:03.515,0.99706,0.99718,1.00,2.62
2015.06.04 12:01:04.175,0.99707,0.99718,1.00,1.00
2015.06.04 12:01:05.143,0.99707,0.99717,2.25,1.00
2015.06.04 12:01:05.246,0.99707,0.9972,2.25,1.00
2015.06.04 12:01:08.168,0.99708,0.9972,1.00,1.50
2015.06.04 12:01:08.762,0.99708,0.99719,1.00,1.00
2015.06.04 12:01:08.864,0.9971,0.99719,1.00,1.00
2015.06.04 12:01:08.965,0.99708,0.99719,1.50,1.00
2015.06.04 12:01:09.445,0.99706,0.99719,3.00,1.12
2015.06.04 12:01:09.496,0.99705,0.99717,1.00,1.00
2015.06.04 12:01:09.547,0.99703,0.99717,1.00,1.00
2015.06.04 12:01:09.749,0.99701,0.99715,2.25,1.00
2015.06.04 12:01:10.269,0.99702,0.99715,1.00,1.00
2015.06.04 12:01:11.526,0.99703,0.99715,1.00,1.00
2015.06.04 12:01:11.627,0.99704,0.99717,1.00,1.00
2015.06.04 12:01:11.729,0.99704,0.9972,3.00,2.25
2015.06.04 12:01:11.830,0.99706,0.9972,1.50,1.00
2015.06.04 12:01:12.377,0.99707,0.9972,1.00,1.00
2015.06.04 12:01:13.635,0.99708,0.9972,1.50,1.00
2015.06.04 12:01:13.939,0.9971,0.99722,1.00,1.50
2015.06.04 12:01:14.394,0.9971,0.9972,1.00,1.00
2015.06.04 12:01:14.445,0.9971,0.99722,1.00,1.00
2015.06.04 12:01:14.496,0.99712,0.99721,1.00,1.00
2015.06.04 12:01:14.971,0.99712,0.99724,1.00,1.50
2015.06.04 12:01:17.151,0.99711,0.99718,1.50,1.00
2015.06.04 12:01:17.202,0.99711,0.99722,1.00,1.00
2015.06.04 12:01:17.253,0.99709,0.9972,1.00,1.50
2015.06.04 12:01:17.506,0.99706,0.99718,1.00,1.00
2015.06.04 12:01:17.659,0.99704,0.99718,1.00,1.50
2015.06.04 12:01:17.861,0.99703,0.99715,1.00,1.00
2015.06.04 12:01:18.164,0.99701,0.99711,1.00,1.00
2015.06.04 12:01:18.216,0.99699,0.99713,1.00,1.50
2015.06.04 12:01:18.317,0.99698,0.9971,2.25,1.00
2015.06.04 12:01:18.469,0.99698,0.99712,1.50,2.25
2015.06.04 12:01:18.633,0.99698,0.99708,1.50,1.00
2015.06.04 12:01:18.997,0.99698,0.99711,1.00,1.00
2015.06.04 12:01:20.076,0.99698,0.99712,1.00,2.25
2015.06.04 12:01:20.280,0.997,0.99712,1.00,1.00
2015.06.04 12:01:20.813,0.997,0.99713,1.50,1.00
2015.06.04 12:01:21.455,0.99701,0.99713,1.00,1.00
2015.06.04 12:01:22.003,0.99701,0.99712,1.00,1.00
2015.06.04 12:01:22.568,0.99701,0.99711,1.00,1.00
2015.06.04 12:01:22.670,0.99701,0.99713,1.00,1.00
2015.06.04 12:01:22.831,0.99701,0.99711,1.00,1.00
2015.06.04 12:01:22.933,0.99702,0.99713,1.00,1.00
2015.06.04 12:01:23.236,0.99702,0.99711,1.00,1.00
2015.06.04 12:01:23.388,0.99699,0.99713,1.50,1.50
2015.06.04 12:01:25.849,0.99698,0.99712,1.50,1.00
2015.06.04 12:01:26.125,0.99699,0.9971,1.00,1.00
2015.06.04 12:01:26.329,0.99699,0.99713,1.00,1.00
2015.06.04 12:01:26.945,0.99698,0.99712,1.50,1.00
2015.06.04 12:01:27.863,0.99698,0.99711,2.25,1.00
2015.06.04 12:01:27.914,0.99699,0.99713,1.50,1.00
2015.06.04 12:01:28.117,0.997,0.99715,1.00,1.50
2015.06.04 12:01:28.219,0.99702,0.99715,1.00,1.00
2015.06.04 12:01:28.725,0.99703,0.99716,1.00,2.25
2015.06.04 12:01:29.237,0.99704,0.99716,1.00,3.00
2015.06.04 12:01:29.542,0.99706,0.99717,1.00,1.00
2015.06.04 12:01:29.754,0.99706,0.99719,1.00,1.00
2015.06.04 12:01:30.256,0.99705,0.99718,1.00,1.00
2015.06.04 12:01:30.757,0.99704,0.99717,2.25,1.00
2015.06.04 12:01:31.785,0.99705,0.99718,1.50,1.12
2015.06.04 12:01:31.988,0.99706,0.9972,1.00,1.00
2015.06.04 12:01:32.089,0.99708,0.99721,1.50,1.00
2015.06.04 12:01:32.393,0.9971,0.99722,1.00,1.00
2015.06.04 12:01:32.797,0.9971,0.99724,2.25,1.12
2015.06.04 12:01:33.478,0.9971,0.99722,1.50,1.00
2015.06.04 12:01:33.579,0.99711,0.99725,1.00,1.87
2015.06.04 12:01:34.524,0.9971,0.99724,2.62,1.00
2015.06.04 12:01:35.059,0.9971,0.99723,1.00,1.00
2015.06.04 12:01:35.564,0.99711,0.99723,1.00,1.00
2015.06.04 12:01:36.071,0.99712,0.99724,1.00,1.00
2015.06.04 12:01:36.817,0.9971,0.99724,2.70,1.00
2015.06.04 12:01:36.918,0.9971,0.99722,1.95,1.00
2015.06.04 12:01:37.196,0.9971,0.99724,1.87,1.00
2015.06.04 12:01:37.829,0.99711,0.99724,1.00,1.00
2015.06.04 12:01:38.334,0.9971,0.99724,2.62,1.00
2015.06.04 12:01:39.130,0.99711,0.99724,1.00,1.00
2015.06.04 12:01:39.232,0.99712,0.99726,1.50,1.50
2015.06.04 12:01:39.334,0.99714,0.99727,1.00,1.00
2015.06.04 12:01:39.740,0.99713,0.99725,1.00,1.00
2015.06.04 12:01:39.842,0.9971,0.99724,2.25,1.00
2015.06.04 12:01:40.362,0.9971,0.99723,1.00,1.00
2015.06.04 12:01:40.864,0.9971,0.99724,1.00,1.00
2015.06.04 12:01:41.816,0.99712,0.99725,1.00,1.00
2015.06.04 12:01:41.925,0.99713,0.99727,1.00,1.00
2015.06.04 12:01:41.976,0.99712,0.99725,1.10,1.12
2015.06.04 12:01:42.179,0.9971,0.99724,2.32,1.00
2015.06.04 12:01:42.734,0.9971,0.99723,1.87,1.00
2015.06.04 12:01:43.251,0.99711,0.99723,1.00,1.00
2015.06.04 12:01:43.817,0.9971,0.99723,3.37,1.00
2015.06.04 12:01:47.331,0.99712,0.99723,1.00,1.00
2015.06.04 12:01:48.041,0.99712,0.99724,1.00,1.00
2015.06.04 12:01:48.358,0.99709,0.99718,1.00,1.00
2015.06.04 12:01:48.662,0.99702,0.99713,1.00,1.00
2015.06.04 12:01:48.763,0.99699,0.99713,1.50,1.00
2015.06.04 12:01:49.377,0.99698,0.99712,3.00,1.00
2015.06.04 12:01:49.428,0.99699,0.9971,1.50,1.00
2015.06.04 12:01:49.916,0.99699,0.99712,1.00,1.00
2015.06.04 12:01:50.421,0.99699,0.99711,1.00,1.00
2015.06.04 12:01:52.443,0.99698,0.99711,2.25,1.50
2015.06.04 12:01:53.082,0.99698,0.9971,1.50,1.00
2015.06.04 12:01:53.281,0.99698,0.99708,1.50,1.00
2015.06.04 12:01:53.336,0.99697,0.99711,1.00,2.25
2015.06.04 12:01:53.388,0.99697,0.99707,1.00,1.00
2015.06.04 12:01:53.591,0.99694,0.99705,1.10,1.00
2015.06.04 12:01:54.048,0.99692,0.99706,1.00,1.00
2015.06.04 12:01:54.365,0.99694,0.99707,1.00,1.50
2015.06.04 12:01:54.466,0.99694,0.99709,1.00,1.50
2015.06.04 12:01:54.618,0.99695,0.99707,1.00,1.00
2015.06.04 12:01:54.922,0.99699,0.99711,1.50,1.00
2015.06.04 12:01:55.279,0.99696,0.99708,1.00,1.00
2015.06.04 12:01:55.784,0.99697,0.99709,2.25,1.00
2015.06.04 12:01:56.341,0.99698,0.99709,1.00,1.00
2015.06.04 12:01:57.073,0.997,0.99709,1.00,1.00
2015.06.04 12:01:57.376,0.99698,0.99709,1.00,1.00
2015.06.04 12:01:57.790,0.99698,0.99712,1.00,1.87
2015.06.04 12:01:58.338,0.99699,0.99713,1.00,3.37
2015.06.04 12:01:58.591,0.99699,0.99709,1.00,1.00
2015.06.04 12:01:58.693,0.99697,0.99709,1.50,1.00
2015.06.04 12:01:58.992,0.99697,0.99711,1.00,2.25
2015.06.04 12:01:59.533,0.99697,0.9971,1.00,1.00
2015.06.04 12:02:00.204,0.99697,0.99709,1.50,1.00
2015.06.04 12:02:00.802,0.99698,0.9971,1.00,1.00
2015.06.04 12:02:01.308,0.99697,0.99707,1.00,1.00
2015.06.04 12:02:01.359,0.99697,0.9971,1.00,2.25
2015.06.04 12:02:01.631,0.99695,0.99707,1.00,1.00
2015.06.04 12:02:01.835,0.99696,0.99709,1.00,1.12
2015.06.04 12:02:01.886,0.99695,0.99704,1.00,1.00
2015.06.04 12:02:02.038,0.99693,0.99703,1.10,1.00
2015.06.04 12:02:02.139,0.99689,0.99704,1.12,1.50
2015.06.04 12:02:02.190,0.99691,0.99703,1.12,1.00
2015.06.04 12:02:02.535,0.99689,0.997,1.87,1.00
2015.06.04 12:02:02.586,0.99692,0.99704,1.50,1.00
2015.06.04 12:02:03.110,0.99691,0.99702,1.00,1.00
2015.06.04 12:02:03.212,0.9969,0.99704,1.57,3.00
2015.06.04 12:02:03.566,0.9969,0.99702,1.50,1.00
2015.06.04 12:02:03.972,0.99688,0.99703,3.07,2.25
2015.06.04 12:02:04.124,0.99688,0.99701,1.10,1.00
2015.06.04 12:02:04.427,0.9969,0.99704,1.00,1.50
2015.06.04 12:02:04.805,0.99694,0.99704,1.00,1.00
2015.06.04 12:02:05.008,0.99694,0.99708,1.00,2.25
2015.06.04 12:02:05.170,0.99694,0.99706,1.00,1.00
2015.06.04 12:02:05.322,0.99694,0.99708,1.00,2.25
2015.06.04 12:02:05.423,0.99694,0.99706,1.00,1.00
2015.06.04 12:02:05.612,0.99694,0.99708,1.00,1.50
2015.06.04 12:02:05.714,0.99694,0.99705,1.00,1.00
2015.06.04 12:02:06.287,0.99694,0.99708,1.50,1.50
2015.06.04 12:02:06.338,0.99694,0.99704,1.50,1.00
2015.06.04 12:02:06.590,0.99693,0.99706,2.32,1.00
2015.06.04 12:02:06.641,0.99694,0.99708,1.00,1.00
2015.06.04 12:02:07.224,0.99694,0.99704,1.50,1.00
2015.06.04 12:02:07.980,0.99693,0.99704,2.32,1.00
2015.06.04 12:02:08.860,0.99693,0.99708,2.32,1.00
2015.06.04 12:02:09.373,0.99694,0.99707,1.00,1.50
2015.06.04 12:02:09.876,0.99693,0.99707,1.50,1.50
2015.06.04 12:02:11.346,0.99693,0.99706,1.50,1.00
2015.06.04 12:02:11.801,0.99691,0.99706,3.00,1.00
2015.06.04 12:02:12.108,0.99692,0.99708,1.50,2.25
2015.06.04 12:02:12.260,0.99693,0.99704,1.00,1.00
2015.06.04 12:02:12.713,0.99693,0.99702,1.00,1.00
2015.06.04 12:02:12.915,0.99694,0.99706,1.00,1.50
2015.06.04 12:02:13.017,0.99693,0.99708,1.00,1.50
2015.06.04 12:02:13.531,0.99696,0.99708,1.00,1.00
2015.06.04 12:02:13.583,0.99697,0.99711,1.50,3.00
2015.06.04 12:02:13.837,0.99698,0.99708,1.00,1.00
2015.06.04 12:02:13.888,0.99698,0.99711,1.50,1.00
2015.06.04 12:02:13.939,0.99698,0.99708,1.50,1.00
2015.06.04 12:02:14.142,0.99698,0.9971,1.00,1.00
2015.06.04 12:02:14.193,0.99701,0.9971,1.00,1.00
2015.06.04 12:02:14.666,0.99699,0.99707,1.00,1.00
2015.06.04 12:02:14.717,0.99699,0.99711,1.00,1.00
2015.06.04 12:02:14.768,0.99699,0.99709,1.00,1.00
2015.06.04 12:02:15.273,0.99698,0.99709,1.00,1.00
2015.06.04 12:02:15.848,0.99699,0.99709,1.00,1.00
2015.06.04 12:02:16.403,0.997,0.99709,1.00,1.00
2015.06.04 12:02:16.785,0.997,0.99712,1.00,1.00
2015.06.04 12:02:16.988,0.99698,0.99711,1.00,1.00
2015.06.04 12:02:17.039,0.99698,0.99709,1.00,1.00
2015.06.04 12:02:17.090,0.99699,0.99713,1.00,2.25
2015.06.04 12:02:17.293,0.99701,0.99714,1.00,1.50
2015.06.04 12:02:17.815,0.997,0.99714,1.00,2.25
2015.06.04 12:02:18.283,0.99699,0.99711,1.00,1.00
2015.06.04 12:02:18.385,0.99697,0.99711,2.32,1.00
2015.06.04 12:02:18.739,0.99697,0.99709,1.10,1.00
2015.06.04 12:02:19.171,0.99694,0.99707,2.32,1.00
2015.06.04 12:02:19.222,0.99694,0.99705,1.00,1.00
2015.06.04 12:02:19.527,0.99692,0.99699,1.00,1.00
2015.06.04 12:02:19.629,0.99692,0.99701,1.00,1.00
2015.06.04 12:02:19.842,0.99692,0.99699,1.00,1.00
2015.06.04 12:02:20.055,0.99689,0.99701,1.00,1.00
2015.06.04 12:02:20.257,0.99688,0.99699,1.00,1.00
2015.06.04 12:02:20.510,0.99689,0.99701,1.00,1.00
2015.06.04 12:02:20.712,0.99691,0.99702,1.00,1.00
2015.06.04 12:02:20.864,0.9969,0.99705,1.50,2.62
2015.06.04 12:02:21.015,0.99691,0.99703,1.50,1.00
2015.06.04 12:02:21.336,0.99691,0.99705,1.00,1.50
2015.06.04 12:02:21.841,0.99692,0.99706,1.00,1.87
2015.06.04 12:02:22.498,0.99693,0.99706,1.00,1.37
2015.06.04 12:02:23.172,0.99692,0.99705,1.50,1.12
2015.06.04 12:02:24.137,0.99692,0.99707,2.25,1.50
2015.06.04 12:02:24.593,0.99695,0.99708,1.00,1.87
2015.06.04 12:02:24.812,0.99693,0.99708,1.50,1.87
2015.06.04 12:02:25.932,0.99694,0.99708,1.00,1.12
2015.06.04 12:02:26.453,0.99693,0.99708,1.50,1.87
2015.06.04 12:02:26.836,0.99693,0.99705,1.50,1.00
2015.06.04 12:02:27.259,0.9969,0.99703,2.25,1.00
2015.06.04 12:02:27.590,0.99692,0.99703,1.00,1.00
2015.06.04 12:02:27.893,0.9969,0.99703,1.50,1.00
2015.06.04 12:02:29.680,0.99691,0.99703,1.00,1.00
2015.06.04 12:02:30.226,0.9969,0.99703,1.50,1.00
2015.06.04 12:02:31.222,0.9969,0.99702,1.50,1.00
2015.06.04 12:02:34.088,0.9969,0.99703,1.50,1.00
2015.06.04 12:02:34.639,0.99691,0.99703,1.00,1.00
2015.06.04 12:02:36.293,0.99691,0.99704,1.00,1.00
2015.06.04 12:02:36.815,0.9969,0.99703,1.00,1.50
2015.06.04 12:02:36.916,0.99689,0.99698,1.00,1.50
2015.06.04 12:02:37.018,0.99686,0.99698,1.12,1.50
2015.06.04 12:02:37.546,0.99687,0.99699,1.00,1.50
2015.06.04 12:02:38.096,0.99688,0.997,1.00,1.00
2015.06.04 12:02:39.106,0.99689,0.99699,1.50,1.00
2015.06.04 12:02:39.258,0.99689,0.99701,1.00,1.00
2015.06.04 12:02:39.309,0.99691,0.99701,1.50,1.00
2015.06.04 12:02:39.773,0.99691,0.99703,1.00,1.00
2015.06.04 12:02:40.296,0.9969,0.99703,1.50,1.50
2015.06.04 12:02:41.874,0.99691,0.99703,1.00,1.50
2015.06.04 12:02:43.710,0.99693,0.99704,1.00,1.00
2015.06.04 12:02:43.761,0.99693,0.99706,1.00,1.50
2015.06.04 12:02:44.014,0.99696,0.99707,1.00,1.50
2015.06.04 12:02:44.317,0.99697,0.99705,1.50,1.00
2015.06.04 12:02:44.832,0.99696,0.99708,1.00,1.00
2015.06.04 12:02:45.034,0.99696,0.99705,1.00,1.00
2015.06.04 12:02:45.136,0.99696,0.99708,1.00,1.50
2015.06.04 12:02:46.416,0.99696,0.99707,1.50,1.00
2015.06.04 12:02:46.945,0.99696,0.99706,1.50,1.00
2015.06.04 12:02:48.235,0.99697,0.99708,1.00,1.00
2015.06.04 12:02:48.286,0.99697,0.99706,1.00,1.00
2015.06.04 12:02:48.337,0.99697,0.99709,1.00,1.00
2015.06.04 12:02:49.017,0.99698,0.99709,1.00,1.00
2015.06.04 12:02:50.585,0.99698,0.99711,1.00,1.50
2015.06.04 12:02:51.141,0.99698,0.99709,1.00,1.00
2015.06.04 12:02:52.580,0.99699,0.99712,1.00,1.00
2015.06.04 12:02:52.783,0.997,0.9971,1.50,1.00
2015.06.04 12:02:53.183,0.99702,0.99713,1.00,1.50
2015.06.04 12:02:53.740,0.99702,0.99714,1.50,1.00
2015.06.04 12:02:54.245,0.99702,0.99715,1.50,1.00
2015.06.04 12:02:54.747,0.99702,0.99716,1.50,1.12
2015.06.04 12:02:55.057,0.99702,0.99714,2.25,1.00
2015.06.04 12:02:55.360,0.99704,0.99714,1.00,1.00
2015.06.04 12:02:56.847,0.99705,0.99714,1.00,1.00
2015.06.04 12:02:58.391,0.99704,0.99714,1.50,1.00
2015.06.04 12:02:59.402,0.99703,0.99714,1.50,1.00
2015.06.04 12:02:59.565,0.99703,0.99716,1.50,1.00
2015.06.04 12:03:00.073,0.99702,0.99716,1.50,1.50
2015.06.04 12:03:00.589,0.99702,0.99714,1.00,1.00
2015.06.04 12:03:01.044,0.99702,0.99711,1.50,1.00
2015.06.04 12:03:03.104,0.99702,0.99714,1.00,1.00
2015.06.04 12:03:03.799,0.99703,0.99714,1.00,1.00
2015.06.04 12:03:04.332,0.99701,0.99714,1.00,1.00
2015.06.04 12:03:04.950,0.99702,0.99714,1.00,1.00
2015.06.04 12:03:05.205,0.99701,0.99712,2.25,1.00
2015.06.04 12:03:05.654,0.99702,0.99715,1.00,1.00
2015.06.04 12:03:06.189,0.99703,0.99714,1.00,1.00
2015.06.04 12:03:06.715,0.99703,0.99715,1.00,1.00
2015.06.04 12:03:07.254,0.99702,0.99715,1.00,1.00
2015.06.04 12:03:09.117,0.99701,0.99715,1.50,1.00
2015.06.04 12:03:09.702,0.99701,0.99714,1.50,1.00
2015.06.04 12:03:09.803,0.99703,0.99714,1.00,1.00
2015.06.04 12:03:10.304,0.99702,0.99714,1.00,1.00
2015.06.04 12:03:11.709,0.99701,0.99714,1.50,1.00
2015.06.04 12:03:12.012,0.99698,0.99711,1.00,1.50
2015.06.04 12:03:12.419,0.997,0.99711,1.00,1.50
2015.06.04 12:03:12.672,0.99698,0.99711,1.00,1.00
2015.06.04 12:03:13.123,0.997,0.99711,1.00,1.00
2015.06.04 12:03:13.327,0.99698,0.99712,1.50,1.00
2015.06.04 12:03:13.841,0.997,0.99712,1.00,1.12
2015.06.04 12:03:14.649,0.997,0.99711,1.00,1.00
2015.06.04 12:03:14.700,0.99698,0.99711,1.00,1.00
2015.06.04 12:03:14.941,0.997,0.99713,1.00,1.87
2015.06.04 12:03:15.333,0.997,0.99711,1.00,1.00
2015.06.04 12:03:15.636,0.99697,0.99712,1.50,1.87
2015.06.04 12:03:15.687,0.99697,0.99711,1.00,1.37
2015.06.04 12:03:16.615,0.99697,0.9971,1.00,1.37
2015.06.04 12:03:17.120,0.99696,0.99709,1.00,1.87
2015.06.04 12:03:17.171,0.99694,0.99708,1.50,1.50
2015.06.04 12:03:18.087,0.99694,0.99708,1.50,1.87
2015.06.04 12:03:18.519,0.99693,0.99708,1.50,1.00
2015.06.04 12:03:18.958,0.99696,0.99709,1.00,1.00
2015.06.04 12:03:20.845,0.99695,0.99708,1.00,1.00
2015.06.04 12:03:21.178,0.99703,0.99713,1.00,1.00
2015.06.04 12:03:21.381,0.99703,0.99715,1.00,1.00
2015.06.04 12:03:21.936,0.99703,0.99714,1.00,1.00
2015.06.04 12:03:22.441,0.99703,0.99715,1.00,1.00
2015.06.04 12:03:23.991,0.99703,0.99716,1.00,1.50
2015.06.04 12:03:27.426,0.99704,0.99715,1.00,1.00
2015.06.04 12:03:27.629,0.99703,0.99717,1.50,1.87
2015.06.04 12:03:28.134,0.99704,0.99717,1.00,1.00
2015.06.04 12:03:28.689,0.99704,0.99718,1.00,2.25
2015.06.04 12:03:29.339,0.99704,0.99717,1.00,1.00
2015.06.04 12:03:30.061,0.99705,0.99717,1.00,1.50
2015.06.04 12:03:30.961,0.99704,0.99718,1.50,1.00
2015.06.04 12:03:31.651,0.99704,0.99717,1.50,1.00
2015.06.04 12:03:32.154,0.99704,0.99718,1.50,1.50
2015.06.04 12:03:33.585,0.99705,0.99718,1.00,1.00
2015.06.04 12:03:33.889,0.99706,0.9972,1.50,1.50
2015.06.04 12:03:34.414,0.99706,0.99719,1.50,1.50
2015.06.04 12:03:34.608,0.99704,0.99719,1.50,1.50
2015.06.04 12:03:34.812,0.99706,0.99719,1.00,1.00
2015.06.04 12:03:35.319,0.99707,0.99719,1.00,1.50
2015.06.04 12:03:35.729,0.99705,0.99719,1.00,1.00
2015.06.04 12:03:36.321,0.99705,0.9972,1.00,2.62
2015.06.04 12:03:36.525,0.99707,0.99719,1.00,1.00
2015.06.04 12:03:36.576,0.99707,0.99721,1.00,1.00
2015.06.04 12:03:36.677,0.99709,0.99723,1.00,1.00
2015.06.04 12:03:36.979,0.99709,0.99715,1.10,1.00
2015.06.04 12:03:37.030,0.99702,0.99715,1.12,1.00
2015.06.04 12:03:37.637,0.99702,0.99715,1.57,1.00
2015.06.04 12:03:37.991,0.99704,0.99715,1.00,1.00
2015.06.04 12:03:38.207,0.99704,0.99717,1.00,1.00
2015.06.04 12:03:39.071,0.99704,0.99715,1.00,1.00
2015.06.04 12:03:39.236,0.99702,0.99716,1.50,1.00
2015.06.04 12:03:40.124,0.99702,0.99715,1.50,1.12
2015.06.04 12:03:40.175,0.99702,0.99713,1.00,1.00
2015.06.04 12:03:40.276,0.997,0.99713,1.57,1.00
2015.06.04 12:03:40.630,0.997,0.99711,1.00,1.00
2015.06.04 12:03:41.943,0.99701,0.99712,1.00,1.00
2015.06.04 12:03:42.628,0.997,0.99711,1.00,1.00
2015.06.04 12:03:42.729,0.997,0.99713,1.00,1.00
2015.06.04 12:03:43.369,0.99701,0.99712,1.00,1.00
2015.06.04 12:03:43.924,0.99699,0.99712,1.00,1.00
2015.06.04 12:03:44.276,0.99703,0.99714,1.00,1.00
2015.06.04 12:03:44.378,0.99705,0.99717,1.00,1.00
2015.06.04 12:03:44.682,0.99706,0.99719,1.00,1.00
2015.06.04 12:03:44.784,0.99705,0.99721,1.50,2.25
2015.06.04 12:03:45.461,0.99705,0.9972,1.00,1.00
2015.06.04 12:03:46.113,0.99707,0.9972,1.00,1.00
2015.06.04 12:03:46.214,0.99705,0.99721,1.50,2.25
2015.06.04 12:03:46.739,0.99706,0.9972,1.50,1.50
2015.06.04 12:03:46.942,0.99708,0.99721,1.00,1.00
2015.06.04 12:03:47.246,0.9971,0.99723,1.00,3.00
2015.06.04 12:03:47.751,0.99709,0.99723,1.00,2.25
2015.06.04 12:03:48.949,0.99709,0.99721,1.50,1.00
2015.06.04 12:03:49.100,0.99709,0.99723,1.00,2.25
2015.06.04 12:03:50.144,0.99709,0.99721,1.00,1.00
2015.06.04 12:03:50.246,0.99707,0.99721,1.00,1.00
2015.06.04 12:03:52.545,0.99708,0.99721,1.00,1.00
2015.06.04 12:03:52.802,0.99707,0.99718,2.25,1.00
2015.06.04 12:03:52.853,0.99709,0.99722,1.00,1.50
2015.06.04 12:03:53.209,0.99711,0.99722,1.00,2.25
2015.06.04 12:03:53.361,0.99704,0.99717,1.10,2.62
2015.06.04 12:03:53.515,0.99706,0.99717,1.00,2.62
2015.06.04 12:03:54.032,0.99706,0.99717,1.00,1.00
2015.06.04 12:03:54.552,0.99705,0.99715,1.00,1.00
2015.06.04 12:03:54.603,0.99703,0.99715,2.25,1.00
2015.06.04 12:03:54.856,0.99702,0.99713,1.00,1.00
2015.06.04 12:03:55.035,0.99702,0.99715,1.00,3.37
2015.06.04 12:03:55.393,0.99706,0.99717,1.00,1.12
2015.06.04 12:03:56.071,0.99706,0.99717,1.00,1.00
2015.06.04 12:03:58.771,0.99704,0.99717,1.00,1.12
2015.06.04 12:03:59.226,0.99703,0.99716,1.00,1.37
2015.06.04 12:03:59.379,0.99701,0.99714,2.25,1.12
2015.06.04 12:03:59.911,0.997,0.99713,1.00,1.00
2015.06.04 12:04:02.412,0.99701,0.99714,1.00,1.00
2015.06.04 12:04:02.956,0.99702,0.99715,1.00,2.25
2015.06.04 12:04:03.489,0.99701,0.99714,1.00,1.12
2015.06.04 12:04:03.761,0.99703,0.99714,1.00,1.00
2015.06.04 12:04:03.862,0.99704,0.99716,1.00,1.00
2015.06.04 12:04:04.376,0.99703,0.99716,1.50,1.00
2015.06.04 12:04:05.752,0.99704,0.99717,1.00,2.25
2015.06.04 12:04:07.776,0.99705,0.99717,1.00,1.50
2015.06.04 12:04:08.377,0.99704,0.99717,1.00,2.25
2015.06.04 12:04:09.352,0.99705,0.99717,1.00,1.50
2015.06.04 12:04:09.884,0.99704,0.99717,1.00,1.50
2015.06.04 12:04:10.553,0.99704,0.99716,1.00,1.00
2015.06.04 12:04:10.705,0.99703,0.99715,1.50,1.37
2015.06.04 12:04:10.806,0.99701,0.99714,1.50,1.87
2015.06.04 12:04:11.328,0.99702,0.99713,1.00,1.00
2015.06.04 12:04:11.430,0.99704,0.99715,1.00,1.50
2015.06.04 12:04:11.689,0.99704,0.99717,1.00,2.25
2015.06.04 12:04:12.547,0.99705,0.99718,1.00,1.87
2015.06.04 12:04:12.850,0.99704,0.99717,1.00,1.37
2015.06.04 12:04:13.155,0.99699,0.99712,1.50,1.12
2015.06.04 12:04:13.307,0.99698,0.9971,1.00,1.00
2015.06.04 12:04:13.661,0.99696,0.99711,1.00,3.37
2015.06.04 12:04:14.181,0.99696,0.99708,1.00,1.50
2015.06.04 12:04:14.688,0.99697,0.99707,1.00,1.00
2015.06.04 12:04:14.789,0.99694,0.99707,1.10,1.00
2015.06.04 12:04:15.462,0.99692,0.99706,3.00,1.00
2015.06.04 12:04:15.638,0.99695,0.99706,1.00,1.00
2015.06.04 12:04:16.171,0.99695,0.99707,1.00,1.50
2015.06.04 12:04:16.696,0.99694,0.99707,1.10,2.25
2015.06.04 12:04:17.212,0.99693,0.99707,1.00,2.25
2015.06.04 12:04:17.772,0.99693,0.99705,1.00,1.00
2015.06.04 12:04:18.700,0.99694,0.99705,1.00,1.00
2015.06.04 12:04:18.802,0.99693,0.99707,1.50,1.00
2015.06.04 12:04:19.328,0.99694,0.99708,1.00,1.00
2015.06.04 12:04:20.239,0.99693,0.99708,1.50,1.00
2015.06.04 12:04:20.882,0.99695,0.99708,1.00,1.50
2015.06.04 12:04:21.031,0.99693,0.99707,1.00,1.00
2015.06.04 12:04:22.092,0.99695,0.99707,1.00,1.00
2015.06.04 12:04:22.345,0.99693,0.99708,1.00,2.62
2015.06.04 12:04:22.639,0.99693,0.99704,1.00,1.00
2015.06.04 12:04:22.792,0.99687,0.99699,1.00,1.00
2015.06.04 12:04:22.893,0.99684,0.99698,1.00,1.87
2015.06.04 12:04:22.944,0.99683,0.99695,1.50,1.00
2015.06.04 12:04:23.046,0.99681,0.99695,1.50,1.00
2015.06.04 12:04:23.147,0.99681,0.99697,1.50,1.00
2015.06.04 12:04:23.780,0.99682,0.99697,1.00,1.50
2015.06.04 12:04:24.909,0.99682,0.99698,1.00,1.87
2015.06.04 12:04:24.960,0.99684,0.99698,1.00,1.87
2015.06.04 12:04:25.136,0.99682,0.99698,1.00,1.87
2015.06.04 12:04:25.187,0.99684,0.99698,1.00,1.87
2015.06.04 12:04:25.862,0.99686,0.99698,1.00,1.50
2015.06.04 12:04:26.064,0.99684,0.99698,1.50,1.50
2015.06.04 12:04:26.165,0.99686,0.99698,1.00,1.00
2015.06.04 12:04:26.645,0.99684,0.99698,1.50,1.87
2015.06.04 12:04:27.180,0.99686,0.99698,1.00,1.12
2015.06.04 12:04:27.383,0.99686,0.997,1.00,2.70
2015.06.04 12:04:27.979,0.99685,0.997,1.00,2.70
2015.06.04 12:04:28.131,0.99684,0.99698,2.25,1.00
2015.06.04 12:04:28.485,0.99687,0.99698,1.00,1.00
2015.06.04 12:04:28.536,0.99687,0.997,1.00,1.10
2015.06.04 12:04:28.753,0.99689,0.99702,1.00,1.00
2015.06.04 12:04:29.461,0.99688,0.99702,1.00,1.00
2015.06.04 12:04:29.972,0.9969,0.99702,1.00,1.00
2015.06.04 12:04:30.479,0.99692,0.99703,1.00,1.00
2015.06.04 12:04:30.531,0.9969,0.99703,1.00,1.00
2015.06.04 12:04:30.885,0.99691,0.99705,1.50,2.25
2015.06.04 12:04:30.936,0.99693,0.99705,1.50,1.00
2015.06.04 12:04:31.525,0.99693,0.99706,2.25,1.87
2015.06.04 12:04:32.209,0.99693,0.99705,1.00,1.00
2015.06.04 12:04:33.430,0.99694,0.99706,1.00,1.87
2015.06.04 12:04:33.937,0.99693,0.99706,1.00,1.87
2015.06.04 12:04:34.400,0.99691,0.99706,1.00,1.87
2015.06.04 12:04:35.008,0.99691,0.99706,1.87,1.50
2015.06.04 12:04:35.314,0.99695,0.99707,1.50,1.00
2015.06.04 12:04:35.867,0.99696,0.99707,1.00,1.00
2015.06.04 12:04:36.399,0.99696,0.99708,1.00,1.00
2015.06.04 12:04:36.961,0.99696,0.99707,1.00,1.00
2015.06.04 12:04:37.266,0.99705,0.99709,1.00,1.00
2015.06.04 12:04:37.317,0.99706,0.99716,1.00,1.37
2015.06.04 12:04:37.368,0.99703,0.99716,1.00,1.37
2015.06.04 12:04:37.419,0.99702,0.99716,3.00,1.00
2015.06.04 12:04:37.724,0.99702,0.99714,1.50,1.00
2015.06.04 12:04:38.097,0.99704,0.99715,1.00,1.00
2015.06.04 12:04:38.199,0.99702,0.99715,1.50,1.00
2015.06.04 12:04:38.773,0.99702,0.99714,2.25,1.00
2015.06.04 12:04:39.281,0.99703,0.99714,1.00,1.00
2015.06.04 12:04:40.662,0.99705,0.99714,1.00,1.00
2015.06.04 12:04:40.713,0.99705,0.99716,1.00,1.00
2015.06.04 12:04:41.097,0.99706,0.99719,1.00,1.10
2015.06.04 12:04:41.658,0.99706,0.9972,1.00,1.00
2015.06.04 12:04:42.366,0.99707,0.99718,1.00,1.00
2015.06.04 12:04:42.921,0.99705,0.99718,2.25,1.00
2015.06.04 12:04:43.483,0.99706,0.99719,1.00,1.00
2015.06.04 12:04:44.243,0.99706,0.9972,1.00,1.12
2015.06.04 12:04:44.520,0.99708,0.99719,1.00,1.00
2015.06.04 12:04:44.846,0.9971,0.99719,1.12,1.00
2015.06.04 12:04:45.060,0.99712,0.99723,1.00,1.00
2015.06.04 12:04:45.112,0.9971,0.99723,1.50,1.00
2015.06.04 12:04:45.617,0.9971,0.99722,1.00,1.00
2015.06.04 12:04:45.819,0.99708,0.99721,1.50,1.00
2015.06.04 12:04:46.022,0.9971,0.9972,1.00,1.00
2015.06.04 12:04:46.555,0.9971,0.99721,1.00,1.00
2015.06.04 12:04:46.830,0.99708,0.99721,1.00,1.00
2015.06.04 12:04:47.082,0.9971,0.99722,1.00,1.00
2015.06.04 12:04:47.472,0.99711,0.99725,2.25,1.37
2015.06.04 12:04:47.523,0.99713,0.99724,1.00,1.12
2015.06.04 12:04:47.625,0.99711,0.99724,2.25,1.12
2015.06.04 12:04:47.878,0.99712,0.99723,1.00,1.37
2015.06.04 12:04:48.954,0.99708,0.9972,2.25,1.00
2015.06.04 12:04:49.106,0.99706,0.9972,2.25,1.37
2015.06.04 12:04:49.308,0.99704,0.99718,1.00,1.87
2015.06.04 12:04:49.663,0.99707,0.99717,1.00,1.00
2015.06.04 12:04:49.714,0.99707,0.99719,1.50,1.50
2015.06.04 12:04:49.932,0.99711,0.99724,1.00,1.00
2015.06.04 12:04:50.083,0.99713,0.99726,1.00,1.12
2015.06.04 12:04:50.589,0.99714,0.99726,1.00,1.00
2015.06.04 12:04:51.052,0.99714,0.99728,1.00,1.00
2015.06.04 12:04:51.103,0.99714,0.99728,1.00,1.37
2015.06.04 12:04:51.685,0.99713,0.99726,1.50,1.12
2015.06.04 12:04:52.311,0.99714,0.99727,1.00,1.37
2015.06.04 12:04:52.816,0.99715,0.99726,3.00,1.12
2015.06.04 12:04:53.019,0.99713,0.99726,3.00,1.12
2015.06.04 12:04:56.419,0.99714,0.99726,1.00,1.12
2015.06.04 12:04:56.831,0.99714,0.99727,1.00,1.37
2015.06.04 12:04:56.933,0.99711,0.99726,1.50,1.37
2015.06.04 12:04:56.984,0.99711,0.99721,1.50,1.00
2015.06.04 12:04:57.135,0.99709,0.99722,1.50,1.12
2015.06.04 12:04:57.237,0.99709,0.99722,1.50,1.37
2015.06.04 12:04:57.338,0.99707,0.9972,1.00,1.37
2015.06.04 12:04:57.440,0.99705,0.99718,2.25,1.00
2015.06.04 12:04:57.976,0.99706,0.99718,1.00,1.12
2015.06.04 12:04:58.513,0.99707,0.9972,1.00,1.12
2015.06.04 12:04:59.035,0.99707,0.99721,2.62,1.00
2015.06.04 12:04:59.215,0.99709,0.99721,1.50,1.00
2015.06.04 12:04:59.266,0.99709,0.99723,1.50,1.87
2015.06.04 12:04:59.769,0.9971,0.99722,1.00,1.00
2015.06.04 12:05:00.123,0.99708,0.99722,2.25,1.00
2015.06.04 12:05:00.730,0.99708,0.99723,2.25,1.12
2015.06.04 12:05:01.280,0.99708,0.99722,2.25,1.00
2015.06.04 12:05:02.293,0.99709,0.99721,1.00,1.00
2015.06.04 12:05:02.844,0.99708,0.99722,2.25,1.12
2015.06.04 12:05:03.745,0.99708,0.99722,2.25,1.37
2015.06.04 12:05:04.261,0.99708,0.99719,1.50,1.00
2015.06.04 12:05:04.899,0.99707,0.99719,1.00,1.00
2015.06.04 12:05:05.405,0.99708,0.99719,1.00,1.00
2015.06.04 12:05:05.709,0.99707,0.99721,1.50,1.87
2015.06.04 12:05:06.333,0.99708,0.99719,1.00,1.00
2015.06.04 12:05:06.434,0.99707,0.99721,1.50,1.87
2015.06.04 12:05:06.762,0.99707,0.99721,1.50,1.87
2015.06.04 12:05:06.964,0.99707,0.99721,1.50,1.87
2015.06.04 12:05:07.512,0.99707,0.99721,1.50,1.87
2015.06.04 12:05:08.130,0.99707,0.99721,1.50,1.87
2015.06.04 12:05:08.635,0.99707,0.99721,1.50,1.87
2015.06.04 12:05:09.175,0.99707,0.99721,1.50,1.87
2015.06.04 12:05:09.821,0.99709,0.9972,1.00,1.00
2015.06.04 12:05:10.329,0.99709,0.99721,1.50,1.12
2015.06.04 12:05:10.582,0.99707,0.99721,1.00,1.37
2015.06.04 12:05:11.733,0.99706,0.9972,3.00,1.12
2015.06.04 12:05:12.240,0.99707,0.99721,1.50,1.00
2015.06.04 12:05:12.812,0.99707,0.9972,1.50,1.00
2015.06.04 12:05:13.423,0.99708,0.99719,1.00,1.12
2015.06.04 12:05:13.946,0.99707,0.99721,1.50,1.37
2015.06.04 12:05:14.461,0.99707,0.9972,1.50,1.00
2015.06.04 12:05:15.503,0.99707,0.99721,1.50,1.00
2015.06.04 12:05:16.905,0.99708,0.99722,1.00,1.12
2015.06.04 12:05:17.411,0.99709,0.99723,1.00,1.37
2015.06.04 12:05:17.622,0.99711,0.99724,1.00,1.12
2015.06.04 12:05:18.364,0.99711,0.99723,1.00,1.00
2015.06.04 12:05:18.415,0.99709,0.99723,3.00,1.12
2015.06.04 12:05:18.966,0.99708,0.99722,2.25,1.12
2015.06.04 12:05:20.240,0.99708,0.99722,2.25,1.37
2015.06.04 12:05:20.290,0.99708,0.99722,2.25,1.00
2015.06.04 12:05:20.825,0.99708,0.99721,2.25,1.00
2015.06.04 12:05:21.495,0.99708,0.9972,2.25,1.00
2015.06.04 12:05:21.546,0.99708,0.99722,1.50,1.00
2015.06.04 12:05:21.795,0.99711,0.99723,1.00,1.50
2015.06.04 12:05:21.846,0.99711,0.99725,1.50,1.50
2015.06.04 12:05:21.896,0.99713,0.99725,1.50,1.00
2015.06.04 12:05:22.402,0.99714,0.99727,1.00,1.00
2015.06.04 12:05:22.453,0.99716,0.99727,1.00,1.00
2015.06.04 12:05:22.907,0.99718,0.99729,1.00,1.00
2015.06.04 12:05:23.211,0.99716,0.99729,1.50,1.00
2015.06.04 12:05:23.718,0.99715,0.99726,1.00,1.00
2015.06.04 12:05:24.115,0.99711,0.99726,1.00,1.00
2015.06.04 12:05:24.217,0.9971,0.99723,2.32,1.00
2015.06.04 12:05:24.525,0.99712,0.99723,1.00,1.00
2015.06.04 12:05:24.727,0.99711,0.99725,1.00,2.25
2015.06.04 12:05:24.981,0.99709,0.99724,1.10,1.00
2015.06.04 12:05:25.516,0.99708,0.99724,2.32,2.25
2015.06.04 12:05:25.824,0.99708,0.99722,2.32,1.00
2015.06.04 12:05:26.191,0.99706,0.9972,2.32,1.00
2015.06.04 12:05:26.496,0.99707,0.99721,1.12,1.00
2015.06.04 12:05:27.023,0.99707,0.99721,1.10,1.00
2015.06.04 12:05:27.564,0.99707,0.9972,1.50,1.00
2015.06.04 12:05:27.952,0.99709,0.99722,1.00,1.00
2015.06.04 12:05:28.256,0.99715,0.99729,1.00,1.87
2015.06.04 12:05:28.825,0.99716,0.99731,1.50,5.62
2015.06.04 12:05:29.061,0.99716,0.99731,1.50,5.62
2015.06.04 12:05:29.213,0.99714,0.9973,2.25,2.25
2015.06.04 12:05:29.669,0.99714,0.99728,1.00,1.00
2015.06.04 12:05:30.257,0.99713,0.99727,1.00,1.00
2015.06.04 12:05:30.560,0.99712,0.99725,2.25,1.00
2015.06.04 12:05:30.867,0.9971,0.99725,1.10,1.00
2015.06.04 12:05:30.969,0.99708,0.99721,3.00,1.00
2015.06.04 12:05:31.071,0.99707,0.9972,1.12,1.50
2015.06.04 12:05:31.273,0.99704,0.99719,4.87,1.00
2015.06.04 12:05:31.490,0.99707,0.99719,1.00,1.00
2015.06.04 12:05:32.931,0.99704,0.99719,1.87,1.00
2015.06.04 12:05:33.479,0.99706,0.99718,1.00,1.00
2015.06.04 12:05:33.681,0.99704,0.99716,1.00,1.00
2015.06.04 12:05:34.069,0.99701,0.99714,1.12,1.00
2015.06.04 12:05:34.592,0.997,0.99715,3.45,1.00
2015.06.04 12:05:35.107,0.99703,0.99715,1.00,1.00
2015.06.04 12:05:36.243,0.99702,0.99715,1.00,1.00
2015.06.04 12:05:36.791,0.99702,0.99716,1.00,1.50
2015.06.04 12:05:38.284,0.99702,0.99717,2.25,2.25
2015.06.04 12:05:39.236,0.99703,0.99717,1.87,1.00
2015.06.04 12:05:39.540,0.99706,0.9972,1.00,1.00
2015.06.04 12:05:39.844,0.99708,0.99719,1.12,1.00
2015.06.04 12:05:39.894,0.99704,0.99719,1.00,2.25
2015.06.04 12:05:40.248,0.99703,0.99717,1.00,1.00
2015.06.04 12:05:40.779,0.99702,0.99716,3.00,1.00
2015.06.04 12:05:41.233,0.99704,0.99717,1.00,1.00
2015.06.04 12:05:41.638,0.99704,0.99719,1.00,1.50
2015.06.04 12:05:41.790,0.99707,0.9972,1.00,1.50
2015.06.04 12:05:42.322,0.99706,0.99721,1.00,1.00
2015.06.04 12:05:42.626,0.99705,0.99719,1.00,1.00
2015.06.04 12:05:43.080,0.99706,0.99721,1.50,1.50
2015.06.04 12:05:43.384,0.99705,0.99719,1.00,1.00
2015.06.04 12:05:43.485,0.99703,0.99718,1.00,1.00
2015.06.04 12:05:43.536,0.99703,0.99715,1.00,1.00
2015.06.04 12:05:46.156,0.99702,0.99715,1.50,1.50
2015.06.04 12:05:47.170,0.99702,0.99716,2.25,2.25
2015.06.04 12:05:47.796,0.99703,0.99716,1.00,1.50
2015.06.04 12:05:48.314,0.99702,0.99716,3.00,2.25
2015.06.04 12:05:49.363,0.99703,0.99716,1.00,1.00
2015.06.04 12:05:50.042,0.99702,0.99716,2.25,1.00
2015.06.04 12:05:50.345,0.99706,0.99721,1.00,2.62
2015.06.04 12:05:50.547,0.99706,0.99719,1.50,1.00
2015.06.04 12:05:50.750,0.99706,0.99721,2.25,1.00
2015.06.04 12:05:50.802,0.99708,0.99721,1.00,1.00
2015.06.04 12:05:51.325,0.99706,0.99722,2.25,2.25
2015.06.04 12:05:51.484,0.99708,0.99722,1.00,1.00
2015.06.04 12:05:52.028,0.99706,0.99721,1.00,1.00
2015.06.04 12:05:52.130,0.99704,0.9972,1.95,2.25
2015.06.04 12:05:52.383,0.99704,0.99717,1.50,1.00
2015.06.04 12:05:53.119,0.99705,0.99718,1.00,1.00
2015.06.04 12:05:53.425,0.99709,0.99722,1.00,1.00
2015.06.04 12:05:54.029,0.9971,0.99722,1.50,1.00
2015.06.04 12:05:54.081,0.9971,0.99724,1.00,2.25
2015.06.04 12:05:54.637,0.9971,0.99725,1.50,1.00
2015.06.04 12:05:55.163,0.99711,0.99725,1.00,1.00
2015.06.04 12:05:55.979,0.99711,0.99724,1.00,1.00
2015.06.04 12:05:56.483,0.9971,0.99725,1.50,1.00
2015.06.04 12:05:57.076,0.9971,0.99724,1.50,1.00
2015.06.04 12:05:57.616,0.9971,0.99723,1.00,1.00
2015.06.04 12:05:58.118,0.99709,0.99723,2.25,1.00
2015.06.04 12:06:00.093,0.99709,0.99722,1.00,1.00
2015.06.04 12:06:00.195,0.99709,0.9972,1.00,1.00
2015.06.04 12:06:00.347,0.99704,0.99717,1.00,1.00
2015.06.04 12:06:00.879,0.99703,0.99717,1.00,1.12
2015.06.04 12:06:04.491,0.99703,0.99716,1.50,1.00
2015.06.04 12:06:06.977,0.99703,0.99716,1.87,1.00
2015.06.04 12:06:07.130,0.99706,0.99719,1.00,1.00
2015.06.04 12:06:07.232,0.99706,0.99717,1.00,1.00
2015.06.04 12:06:07.736,0.99706,0.9972,1.00,1.00
2015.06.04 12:06:08.252,0.99705,0.99719,1.50,1.00
2015.06.04 12:06:09.454,0.99704,0.99719,1.50,1.50
2015.06.04 12:06:09.960,0.99706,0.99719,1.00,1.00
2015.06.04 12:06:10.273,0.99708,0.99719,1.00,1.00
2015.06.04 12:06:10.627,0.99708,0.99721,1.00,1.00
2015.06.04 12:06:11.187,0.99708,0.99722,1.00,2.25
2015.06.04 12:06:11.340,0.99707,0.9972,1.00,1.00
2015.06.04 12:06:11.643,0.99705,0.99719,1.87,1.50
2015.06.04 12:06:12.173,0.99705,0.99718,1.00,1.50
2015.06.04 12:06:12.811,0.99704,0.99717,1.50,1.00
2015.06.04 12:06:14.061,0.99703,0.99717,1.50,1.00
2015.06.04 12:06:14.676,0.99704,0.99717,1.00,1.00
2015.06.04 12:06:16.068,0.99704,0.99716,1.00,1.00
2015.06.04 12:06:16.270,0.99702,0.99716,1.00,1.50
2015.06.04 12:06:16.725,0.99704,0.99716,1.00,1.00
2015.06.04 12:06:17.261,0.99704,0.99717,1.00,1.50
2015.06.04 12:06:17.762,0.99704,0.99716,1.00,1.00
2015.06.04 12:06:17.939,0.99705,0.99718,1.00,2.62
2015.06.04 12:06:19.374,0.99704,0.99718,1.00,1.50
2015.06.04 12:06:20.926,0.99705,0.99718,1.00,1.00
2015.06.04 12:06:21.255,0.99703,0.99717,1.00,1.50
2015.06.04 12:06:21.357,0.99703,0.99715,1.00,1.00
2015.06.04 12:06:21.611,0.99704,0.99717,1.00,1.87
2015.06.04 12:06:22.384,0.99704,0.99716,1.00,1.00
2015.06.04 12:06:22.487,0.99702,0.99715,1.50,1.50
2015.06.04 12:06:22.689,0.99704,0.99715,1.00,2.25
2015.06.04 12:06:23.939,0.99706,0.99715,1.00,1.50
2015.06.04 12:06:23.990,0.99706,0.99717,1.00,2.25
2015.06.04 12:06:24.142,0.99708,0.99719,1.00,2.62
2015.06.04 12:06:24.445,0.99706,0.99718,1.00,1.00
2015.06.04 12:06:24.950,0.99705,0.99719,1.00,1.50
2015.06.04 12:06:25.524,0.99705,0.99718,1.00,1.00
2015.06.04 12:06:26.031,0.99704,0.99717,1.00,1.50
2015.06.04 12:06:26.082,0.99704,0.99715,1.00,1.00
2015.06.04 12:06:26.496,0.99703,0.99717,1.00,3.00
2015.06.04 12:06:26.893,0.99702,0.99715,1.00,1.00
2015.06.04 12:06:27.197,0.99699,0.99711,1.00,1.00
2015.06.04 12:06:27.501,0.99701,0.99711,1.00,1.00
2015.06.04 12:06:28.802,0.99701,0.99714,1.00,1.50
2015.06.04 12:06:29.308,0.99702,0.99714,1.00,1.50
2015.06.04 12:06:29.851,0.99703,0.99714,1.00,1.00
2015.06.04 12:06:30.356,0.99702,0.99715,1.00,1.00
2015.06.04 12:06:30.981,0.99701,0.99715,1.00,2.25
2015.06.04 12:06:31.494,0.99703,0.99715,1.00,1.00
2015.06.04 12:06:31.995,0.99702,0.99715,1.00,1.00
2015.06.04 12:06:33.220,0.99701,0.99715,1.00,1.00
2015.06.04 12:06:35.919,0.99702,0.99715,1.00,1.50
2015.06.04 12:06:36.433,0.99703,0.99715,1.00,1.50
2015.06.04 12:06:36.938,0.99702,0.99714,1.00,1.50
2015.06.04 12:06:40.522,0.99702,0.99713,1.00,1.00
2015.06.04 12:06:41.233,0.99702,0.99714,1.00,1.00
2015.06.04 12:06:41.777,0.99703,0.99714,1.00,1.00
2015.06.04 12:06:42.446,0.99702,0.99715,1.50,1.50
2015.06.04 12:06:43.592,0.99702,0.99714,1.50,1.00
2015.06.04 12:06:44.151,0.99703,0.99715,1.00,1.00
2015.06.04 12:06:44.915,0.99702,0.99715,1.50,1.50
2015.06.04 12:06:45.244,0.99704,0.99715,1.00,1.50
2015.06.04 12:06:45.542,0.99702,0.99715,1.50,1.50
2015.06.04 12:06:46.359,0.99704,0.99715,1.00,1.00
2015.06.04 12:06:46.562,0.99702,0.99715,2.25,1.00
2015.06.04 12:06:47.773,0.99703,0.99714,1.00,1.00
2015.06.04 12:06:48.313,0.99703,0.99715,1.00,1.50
2015.06.04 12:06:48.900,0.99703,0.99716,1.00,1.50
2015.06.04 12:06:49.567,0.99703,0.99718,1.12,2.62
2015.06.04 12:06:50.001,0.99704,0.99716,1.00,1.00
2015.06.04 12:06:50.305,0.99706,0.99716,1.00,1.00
2015.06.04 12:06:50.356,0.99706,0.99718,1.00,3.00
2015.06.04 12:06:50.407,0.99708,0.99718,1.00,1.50
2015.06.04 12:06:50.558,0.99709,0.99721,1.00,1.00
2015.06.04 12:06:51.061,0.99708,0.9972,1.50,1.00
2015.06.04 12:06:51.162,0.99708,0.99722,2.25,1.00
2015.06.04 12:06:51.516,0.9971,0.99724,1.00,1.00
2015.06.04 12:06:52.056,0.99711,0.99724,1.00,1.00
2015.06.04 12:06:52.390,0.9971,0.99721,1.00,1.00
2015.06.04 12:06:52.492,0.9971,0.99723,1.00,2.25
2015.06.04 12:06:52.694,0.99712,0.99724,1.00,1.00
2015.06.04 12:06:52.846,0.99713,0.99726,1.00,2.62
2015.06.04 12:06:53.364,0.99712,0.99725,1.00,1.00
2015.06.04 12:06:53.865,0.99711,0.99723,1.00,1.00
2015.06.04 12:06:54.372,0.99711,0.99722,1.00,1.00
2015.06.04 12:06:54.575,0.9971,0.99724,2.25,1.00
2015.06.04 12:06:54.743,0.99711,0.99722,1.00,1.00
2015.06.04 12:06:55.047,0.9971,0.99724,1.50,1.50
2015.06.04 12:06:55.452,0.9971,0.99722,1.00,1.00
2015.06.04 12:06:56.122,0.99709,0.99722,2.25,1.00
2015.06.04 12:06:56.540,0.99708,0.9972,1.50,1.00
2015.06.04 12:06:57.046,0.99707,0.9972,1.50,1.00
2015.06.04 12:06:57.706,0.99708,0.99719,1.00,1.00
2015.06.04 12:06:59.113,0.99707,0.99721,1.50,1.50
2015.06.04 12:06:59.621,0.99708,0.9972,1.00,1.00
2015.06.04 12:07:00.127,0.99708,0.99721,1.00,1.12
2015.06.04 12:07:00.662,0.99707,0.9972,1.50,1.00
2015.06.04 12:07:01.172,0.99706,0.99717,1.00,1.00
2015.06.04 12:07:01.502,0.99703,0.99716,1.12,1.00
2015.06.04 12:07:01.604,0.99703,0.99714,1.50,1.00
2015.06.04 12:07:01.857,0.99704,0.99717,1.00,1.50
2015.06.04 12:07:02.970,0.99704,0.99718,1.00,1.00
2015.06.04 12:07:03.477,0.99704,0.99717,1.00,1.00
2015.06.04 12:07:04.884,0.99702,0.99717,2.62,1.00
2015.06.04 12:07:04.934,0.99706,0.99718,1.00,1.50
2015.06.04 12:07:05.241,0.99706,0.99716,1.00,1.00
2015.06.04 12:07:05.292,0.99702,0.99716,3.37,1.00
2015.06.04 12:07:05.693,0.99702,0.99714,1.00,1.00
2015.06.04 12:07:06.020,0.99702,0.99712,1.00,1.00
2015.06.04 12:07:06.893,0.99702,0.99713,1.00,1.00
2015.06.04 12:07:07.409,0.99702,0.99714,1.00,1.00
2015.06.04 12:07:07.763,0.99701,0.99711,1.50,1.00
2015.06.04 12:07:08.495,0.99701,0.99712,1.00,1.00
2015.06.04 12:07:10.874,0.99701,0.99713,1.00,1.00
2015.06.04 12:07:11.408,0.99701,0.99714,1.00,1.00
2015.06.04 12:07:12.370,0.99702,0.99714,1.00,1.00
2015.06.04 12:07:12.573,0.99699,0.99712,1.00,1.00
2015.06.04 12:07:13.111,0.99699,0.99711,1.50,1.00
2015.06.04 12:07:14.720,0.99699,0.99712,1.50,1.00
2015.06.04 12:07:15.363,0.997,0.99713,1.00,1.00
2015.06.04 12:07:15.946,0.997,0.99711,1.12,1.50
2015.06.04 12:07:16.200,0.99695,0.99707,1.00,1.50
2015.06.04 12:07:16.251,0.99693,0.99707,1.50,1.00
2015.06.04 12:07:16.757,0.99693,0.99708,1.50,2.25
2015.06.04 12:07:17.889,0.99694,0.99708,1.00,1.50
2015.06.04 12:07:18.410,0.99695,0.99708,2.25,1.00
2015.06.04 12:07:18.815,0.99693,0.99707,2.25,2.25
2015.06.04 12:07:19.894,0.99695,0.99707,1.00,1.50
2015.06.04 12:07:21.152,0.99693,0.99707,1.00,1.50
2015.06.04 12:07:22.072,0.99695,0.99707,1.00,1.50
2015.06.04 12:07:22.402,0.99693,0.99707,1.00,1.50
2015.06.04 12:07:23.355,0.99694,0.99707,1.00,1.50
2015.06.04 12:07:24.282,0.99696,0.99707,1.00,1.00
2015.06.04 12:07:24.751,0.99696,0.99709,1.00,1.87
2015.06.04 12:07:25.263,0.99698,0.9971,1.00,1.00
2015.06.04 12:07:28.260,0.99699,0.9971,1.00,1.00
2015.06.04 12:07:28.361,0.997,0.99712,1.00,1.12
2015.06.04 12:07:28.891,0.997,0.99713,1.00,1.50
2015.06.04 12:07:29.415,0.99699,0.99712,1.00,1.00
2015.06.04 12:07:29.996,0.99698,0.99712,1.00,1.12
2015.06.04 12:07:30.538,0.99699,0.99712,1.00,1.12
2015.06.04 12:07:31.107,0.99698,0.99711,1.00,1.50
2015.06.04 12:07:31.747,0.99699,0.99711,1.00,1.00
2015.06.04 12:07:32.404,0.997,0.99712,1.00,1.12
2015.06.04 12:07:35.278,0.99699,0.99712,1.00,1.50
2015.06.04 12:07:35.834,0.99699,0.9971,1.00,1.00
2015.06.04 12:07:35.935,0.99698,0.99712,1.00,1.87
2015.06.04 12:07:36.441,0.99699,0.99712,1.00,1.87
2015.06.04 12:07:37.288,0.997,0.99712,1.00,1.37
2015.06.04 12:07:37.803,0.997,0.99712,1.00,1.00
2015.06.04 12:07:38.414,0.997,0.99713,1.00,1.87
2015.06.04 12:07:38.584,0.99698,0.99711,2.25,1.00
2015.06.04 12:07:38.937,0.99703,0.9971,1.00,1.00
2015.06.04 12:07:39.039,0.99706,0.99717,1.00,1.50
2015.06.04 12:07:39.420,0.99707,0.9972,1.00,2.62
2015.06.04 12:07:39.927,0.99707,0.9972,1.00,1.12
2015.06.04 12:07:40.699,0.99707,0.99718,1.00,1.00
2015.06.04 12:07:41.132,0.99707,0.9972,1.00,1.50
2015.06.04 12:07:42.754,0.99706,0.9972,1.00,1.87
2015.06.04 12:07:43.264,0.99706,0.99719,1.00,1.50
2015.06.04 12:07:43.778,0.99706,0.9972,1.00,2.25
2015.06.04 12:07:43.980,0.99708,0.9972,1.00,1.00
2015.06.04 12:07:44.083,0.99709,0.99722,1.00,1.50
2015.06.04 12:07:44.286,0.99711,0.99722,1.00,1.00
2015.06.04 12:07:44.759,0.99709,0.99722,1.00,1.00
2015.06.04 12:07:45.279,0.99709,0.99716,1.00,1.00
2015.06.04 12:07:45.380,0.99707,0.99716,1.00,1.00
2015.06.04 12:07:45.431,0.99707,0.99718,1.00,1.50
2015.06.04 12:07:45.838,0.99708,0.9972,1.00,1.00
2015.06.04 12:07:46.344,0.99708,0.99721,1.50,1.00
2015.06.04 12:07:46.617,0.99708,0.99719,1.00,1.00
2015.06.04 12:07:46.934,0.99706,0.99719,1.00,1.00
2015.06.04 12:07:47.389,0.99706,0.99717,1.00,1.00
2015.06.04 12:07:47.592,0.99706,0.99719,1.00,1.50
2015.06.04 12:07:48.434,0.99705,0.99718,3.37,1.00
2015.06.04 12:07:51.101,0.99704,0.99717,1.00,1.00
2015.06.04 12:07:51.695,0.99704,0.99716,1.00,1.00
2015.06.04 12:07:51.796,0.99705,0.99718,1.00,1.00
2015.06.04 12:07:52.083,0.99708,0.99718,1.00,1.00
2015.06.04 12:07:52.589,0.99707,0.99718,1.00,1.00
2015.06.04 12:07:53.341,0.99707,0.99717,1.00,1.00
2015.06.04 12:07:54.006,0.99707,0.99718,1.00,1.00
2015.06.04 12:07:55.973,0.99707,0.99719,1.00,1.00
2015.06.04 12:07:56.499,0.99707,0.9972,1.00,1.12
2015.06.04 12:07:56.803,0.99713,0.9972,1.00,1.00
2015.06.04 12:07:57.214,0.9971,0.9972,1.00,1.00
2015.06.04 12:07:57.265,0.99712,0.99721,1.00,1.00
2015.06.04 12:07:57.569,0.99705,0.99714,1.00,1.00
2015.06.04 12:07:57.620,0.99702,0.99713,2.25,1.00
2015.06.04 12:07:57.824,0.99698,0.99712,1.50,1.50
2015.06.04 12:07:58.014,0.99699,0.99709,1.00,1.00
2015.06.04 12:07:58.066,0.99696,0.99709,1.00,1.50
2015.06.04 12:07:58.723,0.99698,0.99709,1.00,1.00
2015.06.04 12:07:59.177,0.99696,0.99707,1.00,1.00
2015.06.04 12:07:59.710,0.99695,0.99706,1.00,1.00
2015.06.04 12:08:00.680,0.99695,0.99707,1.00,2.25
2015.06.04 12:08:00.991,0.99693,0.99704,1.00,1.00
2015.06.04 12:08:01.042,0.99691,0.99705,1.50,1.57
2015.06.04 12:08:01.568,0.99692,0.99705,1.00,1.10
2015.06.04 12:08:02.117,0.99691,0.99705,2.25,1.57
2015.06.04 12:08:03.556,0.99691,0.99702,1.00,1.00
2015.06.04 12:08:03.658,0.99689,0.99703,1.00,1.00
2015.06.04 12:08:03.861,0.99691,0.99703,1.00,1.50
2015.06.04 12:08:04.398,0.99693,0.99704,1.00,1.10
2015.06.04 12:08:04.904,0.99692,0.99704,1.00,1.10
2015.06.04 12:08:05.434,0.99693,0.99704,1.00,1.50
2015.06.04 12:08:05.987,0.99692,0.99703,1.00,1.00
2015.06.04 12:08:06.668,0.99691,0.99704,1.50,1.00
2015.06.04 12:08:07.174,0.99692,0.99703,1.00,1.50
2015.06.04 12:08:07.276,0.99692,0.99705,1.00,1.57
2015.06.04 12:08:08.599,0.99693,0.99705,1.00,1.10
2015.06.04 12:08:08.977,0.99692,0.99702,1.00,1.00
2015.06.04 12:08:09.510,0.99691,0.99705,1.00,1.10
2015.06.04 12:08:10.270,0.99692,0.99704,1.00,1.00
2015.06.04 12:08:10.835,0.99692,0.99705,1.00,1.50
2015.06.04 12:08:11.461,0.99691,0.99705,1.00,1.50
2015.06.04 12:08:12.009,0.99692,0.99705,1.50,1.00
2015.06.04 12:08:12.336,0.99694,0.99705,1.00,1.00
2015.06.04 12:08:12.844,0.99693,0.99706,1.00,1.00
2015.06.04 12:08:13.171,0.99691,0.99706,1.50,1.50
2015.06.04 12:08:13.697,0.99691,0.99705,1.50,1.00
2015.06.04 12:08:14.202,0.99691,0.99704,1.00,1.00
2015.06.04 12:08:14.728,0.99692,0.99704,1.00,1.00
2015.06.04 12:08:14.880,0.99691,0.99706,1.50,1.50
2015.06.04 12:08:15.552,0.99691,0.99705,1.50,1.00
2015.06.04 12:08:15.784,0.99693,0.99704,1.00,1.00
2015.06.04 12:08:15.849,0.99691,0.99706,1.50,1.50
2015.06.04 12:08:16.377,0.99692,0.99707,1.00,2.32
2015.06.04 12:08:16.428,0.99696,0.99707,1.00,2.32
2015.06.04 12:08:16.732,0.99698,0.99709,1.00,2.25
2015.06.04 12:08:17.538,0.99697,0.99709,1.00,1.50
2015.06.04 12:08:18.082,0.99697,0.99711,1.00,2.62
2015.06.04 12:08:18.604,0.99698,0.99711,1.00,2.62
2015.06.04 12:08:19.515,0.997,0.99711,1.00,1.87
2015.06.04 12:08:20.041,0.997,0.99712,1.00,3.37
2015.06.04 12:08:20.396,0.99698,0.9971,1.50,1.50
2015.06.04 12:08:20.969,0.99697,0.99709,1.00,1.47
2015.06.04 12:08:21.822,0.99696,0.99708,1.00,1.12
2015.06.04 12:08:22.711,0.99695,0.99708,1.00,1.87
2015.06.04 12:08:23.116,0.99697,0.99709,1.00,1.95
2015.06.04 12:08:26.539,0.99697,0.99709,1.00,1.37
2015.06.04 12:08:26.591,0.99695,0.99709,1.50,1.37
2015.06.04 12:08:27.135,0.99696,0.99708,1.00,1.87
2015.06.04 12:08:27.780,0.99696,0.99707,1.00,1.37
2015.06.04 12:08:27.882,0.99694,0.99707,1.00,1.37
2015.06.04 12:08:27.983,0.99696,0.99708,1.00,1.12
2015.06.04 12:08:28.135,0.99698,0.9971,1.00,1.00
2015.06.04 12:08:28.288,0.99701,0.99711,1.00,1.00
2015.06.04 12:08:28.854,0.99701,0.99714,1.50,1.37
2015.06.04 12:08:28.907,0.99701,0.99714,1.50,1.12
2015.06.04 12:08:29.110,0.99703,0.99714,1.00,1.00
2015.06.04 12:08:29.364,0.99701,0.99713,2.25,2.25
2015.06.04 12:08:29.517,0.99699,0.99712,1.00,1.50
2015.06.04 12:08:29.822,0.99698,0.99709,1.00,1.00
2015.06.04 12:08:30.472,0.99698,0.9971,1.00,1.12
2015.06.04 12:08:30.977,0.99698,0.99709,1.00,1.00
2015.06.04 12:08:31.402,0.99702,0.99712,1.00,1.50
2015.06.04 12:08:31.605,0.99701,0.99714,1.00,2.25
2015.06.04 12:08:31.960,0.99704,0.99715,1.00,1.37
2015.06.04 12:08:32.163,0.99702,0.99716,1.50,1.95
2015.06.04 12:08:32.691,0.99701,0.99714,1.50,1.37
2015.06.04 12:08:33.935,0.99702,0.99714,1.00,1.37
2015.06.04 12:08:35.703,0.99701,0.99714,1.50,1.37
2015.06.04 12:08:37.001,0.99702,0.99714,1.00,1.37
2015.06.04 12:08:37.455,0.997,0.99713,1.00,1.87
2015.06.04 12:08:37.658,0.997,0.99713,1.00,1.95
2015.06.04 12:08:37.709,0.99698,0.9971,1.50,1.12
2015.06.04 12:08:38.262,0.99698,0.99711,1.00,1.12
2015.06.04 12:08:38.805,0.99699,0.99711,1.00,1.12
2015.06.04 12:08:39.315,0.99699,0.99712,1.00,1.00
2015.06.04 12:08:39.830,0.997,0.99711,1.00,1.00
2015.06.04 12:08:39.881,0.997,0.99713,1.00,1.87
2015.06.04 12:08:41.658,0.997,0.99711,1.00,1.00
2015.06.04 12:08:42.063,0.99698,0.99712,1.50,1.37
2015.06.04 12:08:42.592,0.99699,0.99712,1.00,1.37
2015.06.04 12:08:43.130,0.99698,0.99712,1.00,1.87
2015.06.04 12:08:44.499,0.99697,0.99711,1.50,1.12
2015.06.04 12:08:44.653,0.99697,0.99711,1.00,1.37
2015.06.04 12:08:44.805,0.99695,0.99708,1.50,1.00
2015.06.04 12:08:45.390,0.99695,0.99707,1.00,1.00
2015.06.04 12:08:46.043,0.99694,0.99708,1.00,1.12
2015.06.04 12:08:47.399,0.99694,0.99704,1.00,1.00
2015.06.04 12:08:47.451,0.99692,0.99704,1.00,1.00
2015.06.04 12:08:47.816,0.99691,0.99702,1.00,1.00
2015.06.04 12:08:48.352,0.99692,0.99703,1.00,1.87
2015.06.04 12:08:48.454,0.9969,0.99703,1.00,1.87
2015.06.04 12:08:48.958,0.99691,0.99702,1.00,1.00
2015.06.04 12:08:49.649,0.99691,0.99704,1.00,1.87
2015.06.04 12:08:49.801,0.99693,0.99704,1.00,1.12
2015.06.04 12:08:50.325,0.99693,0.99705,1.00,1.12
2015.06.04 12:08:51.859,0.99693,0.99704,1.00,1.00
2015.06.04 12:08:52.365,0.99692,0.99705,1.00,1.87
2015.06.04 12:08:53.091,0.99691,0.99704,1.00,1.12
2015.06.04 12:08:53.395,0.99693,0.99704,1.00,1.12
2015.06.04 12:08:54.789,0.99694,0.99705,1.50,1.87
2015.06.04 12:08:55.194,0.99694,0.99706,1.00,1.12
2015.06.04 12:08:55.858,0.99694,0.99705,1.00,1.00
2015.06.04 12:08:56.380,0.99694,0.99706,1.00,1.87
2015.06.04 12:08:56.902,0.99694,0.99705,1.00,1.00
2015.06.04 12:08:57.155,0.99695,0.99708,1.00,3.37
2015.06.04 12:08:57.705,0.99696,0.99709,1.00,1.95
2015.06.04 12:08:58.169,0.99698,0.99709,1.00,1.12
2015.06.04 12:08:58.573,0.99698,0.99711,1.00,1.87
2015.06.04 12:08:58.878,0.99698,0.9971,1.00,1.87
2015.06.04 12:08:59.030,0.99695,0.99707,1.00,1.50
2015.06.04 12:08:59.261,0.99693,0.99707,1.00,2.62
2015.06.04 12:08:59.312,0.99692,0.99704,2.25,1.00
2015.06.04 12:09:00.239,0.99691,0.99704,1.00,1.00
2015.06.04 12:09:00.715,0.99693,0.99704,1.00,1.00
2015.06.04 12:09:00.816,0.99693,0.99706,1.00,1.12
2015.06.04 12:09:01.171,0.99693,0.99704,1.00,1.00
2015.06.04 12:09:01.272,0.99691,0.99705,1.00,1.00
2015.06.04 12:09:01.782,0.99692,0.99704,2.25,1.00
2015.06.04 12:09:01.986,0.99692,0.99702,1.00,1.12
2015.06.04 12:09:02.037,0.9969,0.99702,1.00,1.12
2015.06.04 12:09:02.542,0.99689,0.99701,1.00,1.00
2015.06.04 12:09:03.044,0.99689,0.997,1.00,1.00
2015.06.04 12:09:03.548,0.9969,0.99701,1.00,1.00
2015.06.04 12:09:04.083,0.99689,0.99701,1.00,1.50
2015.06.04 12:09:04.599,0.99688,0.997,1.00,1.50
2015.06.04 12:09:04.878,0.9969,0.99702,1.00,1.57
2015.06.04 12:09:05.182,0.99693,0.99705,1.50,1.57
2015.06.04 12:09:05.716,0.99694,0.99705,1.00,1.00
2015.06.04 12:09:06.117,0.99692,0.99706,2.25,2.25
2015.06.04 12:09:06.636,0.99692,0.99705,1.50,1.00
2015.06.04 12:09:07.182,0.99693,0.99705,1.00,1.00
2015.06.04 12:09:07.690,0.99694,0.99705,1.00,1.12
2015.06.04 12:09:07.969,0.99692,0.99705,1.00,1.87
2015.06.04 12:09:08.172,0.9969,0.99704,1.00,1.00
2015.06.04 12:09:08.692,0.99691,0.99703,1.00,1.00
2015.06.04 12:09:08.848,0.99691,0.99705,1.00,1.87
2015.06.04 12:09:09.198,0.99693,0.99705,1.00,1.50
2015.06.04 12:09:10.399,0.99693,0.99705,1.00,1.87
2015.06.04 12:09:10.679,0.9969,0.99703,1.50,1.00
2015.06.04 12:09:11.201,0.99691,0.99703,1.00,1.00
2015.06.04 12:09:11.751,0.99692,0.99704,2.25,1.00
2015.06.04 12:09:12.216,0.99693,0.99706,2.25,1.00
2015.06.04 12:09:12.267,0.99695,0.99706,1.00,1.00
2015.06.04 12:09:12.808,0.99696,0.99708,1.00,1.87
2015.06.04 12:09:13.223,0.99694,0.99707,1.50,1.12
2015.06.04 12:09:13.349,0.99696,0.99707,1.00,1.12
2015.06.04 12:09:13.450,0.99694,0.99706,1.00,1.12
2015.06.04 12:09:13.652,0.99693,0.99703,1.00,1.00
2015.06.04 12:09:13.703,0.9969,0.99703,1.50,1.00
2015.06.04 12:09:14.249,0.99692,0.99702,1.00,1.00
2015.06.04 12:09:14.351,0.99692,0.99705,1.00,1.50
2015.06.04 12:09:14.553,0.99694,0.99703,1.00,1.00
2015.06.04 12:09:15.059,0.99693,0.99703,1.50,1.00
2015.06.04 12:09:15.602,0.99694,0.99705,1.50,1.00
2015.06.04 12:09:15.754,0.99693,0.99702,1.00,1.00
2015.06.04 12:09:15.805,0.9969,0.99702,1.00,1.50
2015.06.04 12:09:16.312,0.99689,0.99702,1.50,1.50
2015.06.04 12:09:16.831,0.9969,0.99703,2.25,1.50
2015.06.04 12:09:16.983,0.99692,0.99703,1.00,1.00
2015.06.04 12:09:17.494,0.99692,0.99704,1.00,1.00
2015.06.04 12:09:18.275,0.99691,0.99703,1.00,1.00
2015.06.04 12:09:18.377,0.99689,0.99702,2.25,1.00
2015.06.04 12:09:18.781,0.99691,0.99701,1.00,1.00
2015.06.04 12:09:18.832,0.99691,0.99703,1.00,1.50
2015.06.04 12:09:19.341,0.9969,0.99702,1.50,1.00
2015.06.04 12:09:20.275,0.99691,0.99702,1.00,1.00
2015.06.04 12:09:20.781,0.99691,0.99701,1.50,1.00
2015.06.04 12:09:20.933,0.99692,0.99703,1.00,1.12
2015.06.04 12:09:21.439,0.99691,0.99704,1.00,1.50
2015.06.04 12:09:21.947,0.99692,0.99704,1.00,1.50
2015.06.04 12:09:22.048,0.99692,0.99702,1.50,1.00
2015.06.04 12:09:22.209,0.99692,0.99705,1.50,1.87
2015.06.04 12:09:22.846,0.99693,0.99705,1.00,1.50
2015.06.04 12:09:23.352,0.99694,0.99705,1.00,1.50
2015.06.04 12:09:23.870,0.99693,0.99705,1.50,1.00
2015.06.04 12:09:24.139,0.99693,0.99703,1.00,1.00
2015.06.04 12:09:24.712,0.99693,0.99705,1.00,1.50
2015.06.04 12:09:27.158,0.99695,0.99705,1.00,1.00
2015.06.04 12:09:28.180,0.99696,0.99705,1.00,1.00
2015.06.04 12:09:28.231,0.99696,0.99708,1.00,1.50
2015.06.04 12:09:28.332,0.99697,0.99705,1.00,1.00
2015.06.04 12:09:28.433,0.99697,0.9971,1.00,1.00
2015.06.04 12:09:28.737,0.99699,0.99712,1.00,1.50
2015.06.04 12:09:31.157,0.99699,0.99711,1.50,1.00
2015.06.04 12:09:31.563,0.99701,0.99711,1.00,1.00
2015.06.04 12:09:32.096,0.997,0.99711,1.00,1.00
2015.06.04 12:09:32.589,0.997,0.99713,1.00,1.10
2015.06.04 12:09:33.682,0.99701,0.99714,1.00,2.25
2015.06.04 12:09:34.789,0.997,0.99713,1.00,1.10
2015.06.04 12:09:35.518,0.99699,0.99713,1.50,1.95
2015.06.04 12:09:35.721,0.99699,0.9971,1.00,1.00
2015.06.04 12:09:36.244,0.99698,0.9971,1.50,1.00
2015.06.04 12:09:37.641,0.99698,0.99711,1.50,1.12
2015.06.04 12:09:38.694,0.99698,0.99711,1.50,1.37
2015.06.04 12:09:38.795,0.99696,0.99709,1.00,1.87
2015.06.04 12:09:38.846,0.99694,0.99707,1.50,1.00
2015.06.04 12:09:39.251,0.99694,0.99704,1.00,1.00
2015.06.04 12:09:42.347,0.99693,0.99705,1.00,1.00
2015.06.04 12:09:42.649,0.99696,0.99705,1.00,1.00
2015.06.04 12:09:42.700,0.99694,0.99705,1.00,1.00
2015.06.04 12:09:42.903,0.99696,0.99705,1.00,1.00
2015.06.04 12:09:43.358,0.99694,0.99706,1.50,1.00
2015.06.04 12:09:43.926,0.99695,0.99706,1.00,1.00
2015.06.04 12:09:45.356,0.99693,0.99706,1.50,1.50
2015.06.04 12:09:45.457,0.99693,0.99704,1.50,1.00
2015.06.04 12:09:46.125,0.99691,0.99701,1.00,1.00
2015.06.04 12:09:46.227,0.99689,0.997,1.00,1.00
2015.06.04 12:09:46.328,0.99687,0.997,1.50,1.00
2015.06.04 12:09:46.430,0.99687,0.99698,1.50,1.00
2015.06.04 12:09:46.582,0.99687,0.997,1.50,1.50
2015.06.04 12:09:46.785,0.9969,0.99703,1.00,1.50
2015.06.04 12:09:47.089,0.99692,0.99704,1.00,1.00
2015.06.04 12:09:47.209,0.99692,0.99706,1.00,1.00
2015.06.04 12:09:47.361,0.99693,0.99704,1.00,1.00
2015.06.04 12:09:47.513,0.99693,0.99706,1.00,1.50
2015.06.04 12:09:48.582,0.99694,0.99706,1.00,1.00
2015.06.04 12:09:48.684,0.99696,0.99707,1.00,1.50
2015.06.04 12:09:49.356,0.99692,0.99703,1.50,1.00
2015.06.04 12:09:50.173,0.99692,0.99701,1.00,1.00
2015.06.04 12:09:50.594,0.9969,0.99702,1.00,1.00
2015.06.04 12:09:50.645,0.99688,0.997,1.00,1.00
2015.06.04 12:09:50.949,0.99688,0.99696,1.00,1.00
2015.06.04 12:09:51.478,0.99687,0.99695,1.00,1.00
2015.06.04 12:09:53.175,0.99687,0.99696,1.00,1.12
2015.06.04 12:09:53.600,0.99692,0.99696,1.00,1.00
2015.06.04 12:09:53.701,0.99692,0.997,1.00,1.57
2015.06.04 12:09:53.904,0.99691,0.99703,1.00,1.00
2015.06.04 12:09:54.005,0.9969,0.99701,1.50,1.00
2015.06.04 12:09:54.475,0.99691,0.99704,1.00,3.37
2015.06.04 12:09:54.778,0.99693,0.99705,1.00,1.50
2015.06.04 12:09:55.082,0.99693,0.99703,1.00,1.12
2015.06.04 12:09:55.603,0.99692,0.99704,1.50,1.00
2015.06.04 12:09:56.151,0.99691,0.99703,1.00,1.12
2015.06.04 12:09:56.905,0.9969,0.99703,1.00,1.00
2015.06.04 12:09:57.304,0.99693,0.99702,1.00,1.00
2015.06.04 12:09:57.557,0.99694,0.99705,1.00,1.00
2015.06.04 12:09:58.242,0.99692,0.99704,1.00,1.00
2015.06.04 12:09:59.331,0.99692,0.99705,1.50,1.00
2015.06.04 12:09:59.989,0.99694,0.99702,1.00,1.00
2015.06.04 12:10:00.040,0.99694,0.99705,1.00,1.50
2015.06.04 12:10:00.141,0.99694,0.99707,1.00,2.62
2015.06.04 12:10:00.192,0.99697,0.99708,1.00,1.00
2015.06.04 12:10:00.719,0.99697,0.99709,1.50,1.00
2015.06.04 12:10:01.231,0.99696,0.99709,1.00,1.50
2015.06.04 12:10:01.703,0.99693,0.99704,1.00,1.00
2015.06.04 12:10:01.754,0.99691,0.99705,1.50,1.00
2015.06.04 12:10:02.272,0.9969,0.99703,1.50,1.00
2015.06.04 12:10:02.793,0.99689,0.99704,1.00,3.00
2015.06.04 12:10:03.260,0.99688,0.99701,1.50,1.50
2015.06.04 12:10:03.766,0.99687,0.997,2.25,1.00
2015.06.04 12:10:04.281,0.99686,0.99699,1.00,1.00
2015.06.04 12:10:04.635,0.99685,0.99696,1.50,1.00
2015.06.04 12:10:05.107,0.99683,0.99695,1.00,1.50
2015.06.04 12:10:05.633,0.99682,0.99694,1.00,1.12
2015.06.04 12:10:06.174,0.99682,0.99695,1.50,3.37
2015.06.04 12:10:06.357,0.99682,0.99693,1.50,1.00
2015.06.04 12:10:06.510,0.99683,0.99696,1.00,1.57
2015.06.04 12:10:07.015,0.99684,0.99697,1.00,1.50
2015.06.04 12:10:07.888,0.99685,0.99698,1.00,2.62
2015.06.04 12:10:08.613,0.99685,0.99696,1.00,1.00
2015.06.04 12:10:09.124,0.99685,0.99697,1.00,1.12
2015.06.04 12:10:09.549,0.99683,0.99694,1.00,1.00
2015.06.04 12:10:10.068,0.99682,0.99694,1.50,1.00
2015.06.04 12:10:10.374,0.99684,0.99694,1.00,1.00
2015.06.04 12:10:10.954,0.99683,0.99694,1.00,1.00
2015.06.04 12:10:11.006,0.99683,0.99696,1.00,1.00
2015.06.04 12:10:11.512,0.99683,0.99697,1.00,1.50
2015.06.04 12:10:11.614,0.99685,0.99697,1.00,1.00
2015.06.04 12:10:12.154,0.99687,0.99697,1.00,1.00
2015.06.04 12:10:12.665,0.99687,0.99699,1.50,1.50
2015.06.04 12:10:13.286,0.99687,0.997,2.25,1.50
2015.06.04 12:10:13.337,0.99687,0.99698,2.25,1.00
2015.06.04 12:10:13.642,0.99693,0.99699,1.00,1.00
2015.06.04 12:10:14.315,0.99687,0.99699,1.00,1.00
2015.06.04 12:10:14.472,0.99687,0.99696,1.00,1.00
2015.06.04 12:10:14.982,0.99687,0.99695,1.00,1.00
2015.06.04 12:10:15.335,0.99687,0.99698,1.00,1.00
2015.06.04 12:10:16.350,0.99687,0.99697,1.00,1.00
2015.06.04 12:10:16.401,0.99685,0.99697,1.00,1.00
2015.06.04 12:10:16.503,0.99686,0.99699,1.00,1.50
2015.06.04 12:10:16.554,0.99685,0.99697,1.00,1.00
2015.06.04 12:10:16.655,0.99686,0.99699,1.00,1.00
2015.06.04 12:10:16.958,0.9969,0.997,1.00,1.00
2015.06.04 12:10:17.009,0.99688,0.99701,1.50,1.00
2015.06.04 12:10:17.465,0.9969,0.99703,1.00,1.50
2015.06.04 12:10:18.108,0.99691,0.99703,1.00,1.12
2015.06.04 12:10:18.536,0.9969,0.99701,1.00,1.00
2015.06.04 12:10:19.274,0.9969,0.99703,1.00,1.87
2015.06.04 12:10:19.428,0.99691,0.99704,1.00,1.50
2015.06.04 12:10:20.105,0.99692,0.99704,1.00,1.00
2015.06.04 12:10:20.646,0.99691,0.99704,1.00,1.00
2015.06.04 12:10:21.318,0.99692,0.99703,1.00,1.50
2015.06.04 12:10:22.726,0.9969,0.99702,1.00,1.00
2015.06.04 12:10:22.828,0.99688,0.997,2.25,1.00
2015.06.04 12:10:23.168,0.99687,0.99697,1.00,1.00
2015.06.04 12:10:23.704,0.99686,0.997,1.00,1.20
2015.06.04 12:10:23.805,0.99688,0.997,1.00,1.20
2015.06.04 12:10:24.264,0.99689,0.99697,1.00,1.00
2015.06.04 12:10:24.315,0.99688,0.99699,1.00,1.00
2015.06.04 12:10:25.261,0.99686,0.99699,1.50,1.00
2015.06.04 12:10:25.362,0.99688,0.997,1.00,1.00
2015.06.04 12:10:26.706,0.99687,0.997,1.00,1.00
2015.06.04 12:10:27.183,0.99685,0.99698,1.00,1.50
2015.06.04 12:10:27.590,0.99683,0.99697,1.00,1.50
2015.06.04 12:10:27.908,0.99685,0.99697,1.00,1.10
2015.06.04 12:10:28.434,0.99687,0.99698,1.00,1.00
2015.06.04 12:10:28.788,0.99689,0.99701,1.00,1.10
2015.06.04 12:10:29.243,0.99689,0.99698,1.00,1.00
2015.06.04 12:10:29.561,0.99689,0.99701,1.50,1.00
2015.06.04 12:10:29.613,0.99689,0.99703,1.50,1.50
2015.06.04 12:10:29.867,0.99691,0.99702,1.00,1.00
2015.06.04 12:10:29.968,0.99688,0.997,2.25,1.00
2015.06.04 12:10:30.545,0.99686,0.997,1.50,1.00
2015.06.04 12:10:30.701,0.99687,0.99698,2.25,1.00
2015.06.04 12:10:30.852,0.99688,0.99701,2.25,1.00
2015.06.04 12:10:31.282,0.99686,0.997,1.50,1.00
2015.06.04 12:10:31.807,0.99686,0.99701,1.50,1.50
2015.06.04 12:10:32.382,0.99687,0.99701,1.00,2.25
2015.06.04 12:10:32.991,0.99687,0.997,1.00,1.00
2015.06.04 12:10:33.505,0.99688,0.99701,1.00,1.50
2015.06.04 12:10:34.067,0.99687,0.997,1.50,1.00
2015.06.04 12:10:34.584,0.99686,0.99699,2.25,1.00
2015.06.04 12:10:36.011,0.99687,0.99699,1.00,1.00
2015.06.04 12:10:36.517,0.99688,0.99699,1.00,1.00
2015.06.04 12:10:38.001,0.99688,0.99701,1.50,1.00
2015.06.04 12:10:38.514,0.99689,0.99701,1.50,1.00
2015.06.04 12:10:39.027,0.9969,0.99702,1.00,1.50
2015.06.04 12:10:39.128,0.99688,0.997,1.50,1.00
2015.06.04 12:10:39.230,0.99686,0.99699,1.50,1.00
2015.06.04 12:10:40.214,0.99687,0.997,1.00,2.25
2015.06.04 12:10:40.315,0.99689,0.997,1.00,1.00
2015.06.04 12:10:40.366,0.99689,0.99702,1.00,2.62
2015.06.04 12:10:40.821,0.99691,0.99702,1.50,1.00
2015.06.04 12:10:41.274,0.99693,0.99703,1.00,1.50
2015.06.04 12:10:42.291,0.99692,0.99705,1.00,1.00
2015.06.04 12:10:42.841,0.99692,0.99706,1.50,1.00
2015.06.04 12:10:43.392,0.99691,0.99706,2.25,1.50
2015.06.04 12:10:44.180,0.99692,0.99706,1.00,1.00
2015.06.04 12:10:44.783,0.99692,0.99705,1.50,1.00
2015.06.04 12:10:44.834,0.99694,0.99703,1.00,1.00
2015.06.04 12:10:44.935,0.99691,0.99704,1.00,1.12
2015.06.04 12:10:44.986,0.99691,0.99701,1.00,1.00
2015.06.04 12:10:45.487,0.9969,0.997,1.00,1.00
2015.06.04 12:10:45.588,0.99688,0.997,1.50,1.00
2015.06.04 12:10:46.045,0.99689,0.99702,1.00,1.50
2015.06.04 12:10:46.247,0.9969,0.99704,1.00,3.37
2015.06.04 12:10:46.877,0.9969,0.99703,1.00,1.00
2015.06.04 12:10:47.136,0.9969,0.99701,1.00,1.00
2015.06.04 12:10:47.642,0.9969,0.99703,1.00,2.25
2015.06.04 12:10:47.946,0.99689,0.99699,1.00,1.00
2015.06.04 12:10:48.355,0.99687,0.997,1.50,1.10
2015.06.04 12:10:48.557,0.99689,0.99701,1.00,1.87
2015.06.04 12:10:49.101,0.9969,0.99701,1.00,1.00
2015.06.04 12:10:50.335,0.99691,0.99701,1.00,1.00
2015.06.04 12:10:50.487,0.99692,0.99704,1.00,1.95
2015.06.04 12:10:51.020,0.99693,0.99705,1.00,3.00
2015.06.04 12:10:51.741,0.99693,0.99701,1.00,1.00
2015.06.04 12:10:51.894,0.9969,0.99701,1.00,1.00
2015.06.04 12:10:52.203,0.99692,0.99701,1.00,1.00
2015.06.04 12:10:52.745,0.99689,0.99701,1.00,1.50
2015.06.04 12:10:53.752,0.9969,0.99701,1.00,1.00
2015.06.04 12:10:54.258,0.99689,0.99701,1.50,1.00
2015.06.04 12:10:54.785,0.9969,0.99703,1.00,2.25
2015.06.04 12:10:55.372,0.99689,0.99699,1.00,1.00
2015.06.04 12:10:55.723,0.99687,0.997,1.10,1.00
2015.06.04 12:10:56.268,0.99688,0.997,1.00,1.00
2015.06.04 12:10:56.769,0.99688,0.99699,1.00,1.00
2015.06.04 12:10:57.295,0.99687,0.99698,1.00,1.50
2015.06.04 12:10:57.397,0.99685,0.99698,1.00,1.00
2015.06.04 12:10:58.013,0.99685,0.99696,1.00,1.00
2015.06.04 12:10:58.540,0.99684,0.99695,1.00,1.00
2015.06.04 12:10:59.247,0.99686,0.99695,1.00,1.00
2015.06.04 12:10:59.400,0.99686,0.99698,1.00,1.12
2015.06.04 12:10:59.720,0.99686,0.99696,1.00,1.00
2015.06.04 12:10:59.872,0.99686,0.99699,1.00,1.10
2015.06.04 12:11:00.024,0.99689,0.99699,1.00,1.10
2015.06.04 12:11:00.276,0.99689,0.99702,1.00,1.00
2015.06.04 12:11:01.421,0.99689,0.99701,1.00,1.00
2015.06.04 12:11:02.148,0.99689,0.99702,1.00,1.50
2015.06.04 12:11:02.610,0.9969,0.99704,1.57,2.32
2015.06.04 12:11:02.864,0.99691,0.99701,1.00,1.00
2015.06.04 12:11:02.915,0.99691,0.99704,1.00,1.50
2015.06.04 12:11:03.268,0.99691,0.99702,1.00,1.00
2015.06.04 12:11:03.673,0.99689,0.997,1.12,1.00
2015.06.04 12:11:03.912,0.99688,0.99699,1.50,1.00
2015.06.04 12:11:03.963,0.99686,0.997,1.10,1.87
2015.06.04 12:11:04.763,0.99687,0.99698,1.00,1.00
2015.06.04 12:11:05.141,0.99685,0.99697,1.00,1.00
2015.06.04 12:11:05.293,0.99683,0.99695,1.00,1.00
2015.06.04 12:11:05.798,0.99682,0.99694,1.10,1.00
2015.06.04 12:11:06.323,0.99682,0.99696,1.57,1.50
2015.06.04 12:11:07.127,0.99682,0.99696,1.10,2.62
2015.06.04 12:11:07.178,0.99681,0.99692,1.12,1.00
2015.06.04 12:11:07.556,0.9968,0.99692,1.10,1.00
2015.06.04 12:11:08.933,0.99679,0.99693,1.12,1.00
2015.06.04 12:11:09.482,0.99679,0.99692,1.12,1.00
2015.06.04 12:11:09.786,0.99677,0.9969,3.00,1.00
2015.06.04 12:11:10.993,0.9968,0.9969,1.50,1.00
2015.06.04 12:11:11.246,0.9968,0.99693,2.32,1.50
2015.06.04 12:11:11.448,0.99681,0.99693,1.12,1.00
2015.06.04 12:11:11.957,0.99679,0.9969,1.50,1.00
2015.06.04 12:11:12.867,0.99677,0.9969,1.00,1.50
2015.06.04 12:11:14.421,0.99674,0.99686,1.57,1.00
2015.06.04 12:11:14.971,0.99674,0.99687,2.32,1.00
2015.06.04 12:11:15.275,0.99677,0.99688,1.00,1.50
2015.06.04 12:11:15.781,0.99678,0.99689,1.50,1.00
2015.06.04 12:11:16.212,0.99686,0.99694,1.12,1.10
2015.06.04 12:11:16.316,0.99688,0.99698,1.00,1.00
2015.06.04 12:11:16.620,0.99692,0.99698,1.00,1.00
2015.06.04 12:11:16.721,0.99692,0.99702,1.00,1.00
2015.06.04 12:11:17.228,0.99692,0.99703,1.00,1.00
2015.06.04 12:11:18.029,0.99692,0.99702,1.00,1.00
2015.06.04 12:11:18.181,0.99687,0.99702,3.37,2.25
2015.06.04 12:11:18.282,0.99688,0.997,1.12,1.00
2015.06.04 12:11:18.485,0.99687,0.99699,1.10,1.00
2015.06.04 12:11:18.586,0.99687,0.99697,1.10,1.00
2015.06.04 12:11:18.962,0.99687,0.99695,1.00,1.00
2015.06.04 12:11:19.013,0.99683,0.99695,2.25,1.00
2015.06.04 12:11:19.265,0.99683,0.99697,2.70,1.00
2015.06.04 12:11:19.577,0.99687,0.99696,1.00,1.00
2015.06.04 12:11:20.341,0.99687,0.99697,1.00,1.50
2015.06.04 12:11:20.797,0.99687,0.99695,1.00,1.00
2015.06.04 12:11:21.121,0.99687,0.99698,1.00,1.00
2015.06.04 12:11:21.637,0.99687,0.99697,1.00,1.50
2015.06.04 12:11:22.314,0.99687,0.99696,1.00,1.00
2015.06.04 12:11:22.466,0.99687,0.99698,1.00,1.00
2015.06.04 12:11:22.991,0.99688,0.99699,1.12,1.00
2015.06.04 12:11:23.558,0.99687,0.99698,1.50,1.00
2015.06.04 12:11:24.183,0.99687,0.997,2.25,1.00
2015.06.04 12:11:24.437,0.99693,0.99703,1.00,2.25
2015.06.04 12:11:24.740,0.99689,0.99702,2.25,1.00
2015.06.04 12:11:24.841,0.99689,0.997,2.25,1.00
2015.06.04 12:11:24.993,0.99687,0.997,1.50,1.50
2015.06.04 12:11:25.599,0.99688,0.997,1.50,1.50
2015.06.04 12:11:26.619,0.99688,0.99699,1.00,1.50
2015.06.04 12:11:27.144,0.99686,0.99697,1.00,1.50
2015.06.04 12:11:27.297,0.99682,0.99694,1.10,1.00
2015.06.04 12:11:27.499,0.9968,0.99691,2.62,1.00
2015.06.04 12:11:27.753,0.99677,0.9969,4.12,1.50
2015.06.04 12:11:27.854,0.99677,0.99688,3.37,1.00
2015.06.04 12:11:28.344,0.99676,0.9969,1.87,1.50
2015.06.04 12:11:28.880,0.99678,0.99691,1.10,1.00
2015.06.04 12:11:29.385,0.99679,0.9969,1.00,1.00
2015.06.04 12:11:29.886,0.99678,0.9969,1.57,1.00
2015.06.04 12:11:30.595,0.99678,0.99691,1.20,1.00
2015.06.04 12:11:31.160,0.99678,0.99691,1.47,1.00
2015.06.04 12:11:31.670,0.99678,0.99691,1.20,1.00
2015.06.04 12:11:32.213,0.99678,0.9969,1.20,1.00
2015.06.04 12:11:32.730,0.99677,0.99689,1.12,1.00
2015.06.04 12:11:32.883,0.99677,0.99687,1.87,1.00
2015.06.04 12:11:33.397,0.99677,0.99688,1.10,1.00
2015.06.04 12:11:34.217,0.99677,0.99687,1.57,1.00
2015.06.04 12:11:34.452,0.99677,0.99689,1.10,1.00
2015.06.04 12:11:35.852,0.99677,0.9969,1.57,1.00
2015.06.04 12:11:36.362,0.99677,0.99689,1.57,1.00
2015.06.04 12:11:36.863,0.99677,0.99688,1.57,1.00
2015.06.04 12:11:37.940,0.99677,0.99688,2.62,1.00
2015.06.04 12:11:38.193,0.99677,0.9969,3.00,1.00
2015.06.04 12:11:39.701,0.99678,0.99691,1.57,1.00
2015.06.04 12:11:40.726,0.99678,0.99689,1.57,1.00
2015.06.04 12:11:41.272,0.99679,0.9969,1.50,1.00
2015.06.04 12:11:42.155,0.9968,0.9969,1.00,1.00
2015.06.04 12:11:42.391,0.9968,0.99692,1.50,1.00
2015.06.04 12:11:42.901,0.99682,0.99693,1.10,1.00
2015.06.04 12:11:43.221,0.99683,0.99693,1.37,1.00
2015.06.04 12:11:43.273,0.99683,0.99695,1.87,1.00
2015.06.04 12:11:43.506,0.99686,0.99696,1.10,1.00
2015.06.04 12:11:43.854,0.99686,0.99697,3.37,1.00
2015.06.04 12:11:44.743,0.99687,0.99699,1.87,1.00
2015.06.04 12:11:45.312,0.99687,0.997,1.12,1.00
2015.06.04 12:11:45.464,0.99688,0.99698,1.10,1.00
2015.06.04 12:11:45.890,0.99688,0.99698,1.50,1.00
2015.06.04 12:11:46.093,0.99688,0.997,1.50,1.00
2015.06.04 12:11:46.416,0.99687,0.99698,2.25,1.00
2015.06.04 12:11:46.568,0.99687,0.99698,1.12,1.00
2015.06.04 12:11:47.166,0.99691,0.99698,1.00,1.00
2015.06.04 12:11:47.216,0.99687,0.99698,2.62,1.00
2015.06.04 12:11:47.622,0.99686,0.99693,3.00,1.00
2015.06.04 12:11:47.876,0.99681,0.99691,1.12,1.00
2015.06.04 12:11:48.157,0.99679,0.99691,1.00,1.50
2015.06.04 12:11:48.208,0.99679,0.99688,1.00,1.00
2015.06.04 12:11:48.360,0.99676,0.99688,1.57,1.00
2015.06.04 12:11:48.614,0.99675,0.99686,1.00,1.00
2015.06.04 12:11:49.239,0.99675,0.99685,1.00,1.00
2015.06.04 12:11:49.665,0.99677,0.99687,1.00,1.00
2015.06.04 12:11:51.099,0.99677,0.99688,1.00,1.00
2015.06.04 12:11:53.501,0.99677,0.99687,1.00,1.00
2015.06.04 12:11:55.766,0.99675,0.99686,1.00,1.00
2015.06.04 12:11:56.575,0.99677,0.99688,1.00,1.00
2015.06.04 12:11:57.082,0.99677,0.99687,1.00,1.00
2015.06.04 12:11:57.233,0.99677,0.99689,1.00,1.00
2015.06.04 12:12:00.504,0.99678,0.9969,1.00,1.00
2015.06.04 12:12:01.009,0.99679,0.99691,1.00,1.00
2015.06.04 12:12:01.550,0.99679,0.99692,1.00,1.00
2015.06.04 12:12:02.067,0.99679,0.99692,1.87,1.00
2015.06.04 12:12:02.818,0.99679,0.99691,1.12,1.00
2015.06.04 12:12:03.136,0.99678,0.99691,1.50,1.00
2015.06.04 12:12:05.007,0.99678,0.9969,1.00,1.00
2015.06.04 12:12:05.557,0.9968,0.99691,1.00,1.50
2015.06.04 12:12:06.014,0.99677,0.9969,1.50,1.00
2015.06.04 12:12:09.188,0.99678,0.9969,1.00,1.00
2015.06.04 12:12:09.341,0.99679,0.99692,1.50,1.12
2015.06.04 12:12:09.543,0.99681,0.99694,1.00,1.95
2015.06.04 12:12:09.847,0.99683,0.99695,1.00,1.10
2015.06.04 12:12:10.364,0.99682,0.99694,1.00,1.00
2015.06.04 12:12:10.415,0.99682,0.99697,1.50,1.57
2015.06.04 12:12:10.466,0.99682,0.99694,1.50,1.00
2015.06.04 12:12:10.517,0.99682,0.99697,1.50,2.70
2015.06.04 12:12:10.771,0.99682,0.99695,1.50,1.00
2015.06.04 12:12:11.084,0.99682,0.99693,1.00,1.00
2015.06.04 12:12:11.621,0.9968,0.99694,2.32,1.00
2015.06.04 12:12:11.722,0.99679,0.99692,1.87,1.00
2015.06.04 12:12:12.076,0.99678,0.99691,2.25,1.00
2015.06.04 12:12:12.741,0.99677,0.99689,2.62,1.00
2015.06.04 12:12:20.871,0.99677,0.9969,3.00,1.00
2015.06.04 12:12:21.190,0.99677,0.99686,1.00,1.00
2015.06.04 12:12:21.342,0.99677,0.9969,1.00,1.57
2015.06.04 12:12:21.646,0.9968,0.9969,1.00,1.00
2015.06.04 12:12:22.000,0.99681,0.99692,1.00,1.00
2015.06.04 12:12:22.478,0.99683,0.99691,1.00,1.00
2015.06.04 12:12:22.529,0.99684,0.99693,1.00,1.10
2015.06.04 12:12:22.631,0.99685,0.99696,1.00,1.00
2015.06.04 12:12:22.682,0.99685,0.99698,3.00,1.00
2015.06.04 12:12:22.733,0.99687,0.997,1.00,1.00
2015.06.04 12:12:23.238,0.99688,0.997,1.00,1.00
2015.06.04 12:12:23.769,0.99688,0.99699,1.00,1.00
2015.06.04 12:12:24.279,0.99689,0.99699,1.50,1.00
2015.06.04 12:12:24.808,0.99689,0.99701,1.00,1.00
2015.06.04 12:12:25.344,0.99689,0.997,1.00,1.00
2015.06.04 12:12:25.910,0.99688,0.99699,1.00,1.00
2015.06.04 12:12:25.961,0.99686,0.997,2.25,2.25
2015.06.04 12:12:26.478,0.99687,0.997,1.00,1.50
2015.06.04 12:12:27.990,0.99686,0.99699,2.25,1.00
2015.06.04 12:12:28.522,0.99687,0.997,1.50,1.50
2015.06.04 12:12:28.960,0.99689,0.99701,1.00,1.50
2015.06.04 12:12:29.468,0.99689,0.99702,1.00,1.10
2015.06.04 12:12:29.772,0.99689,0.997,1.00,2.70
2015.06.04 12:12:29.823,0.99687,0.997,1.00,2.70
2015.06.04 12:12:30.035,0.99689,0.99699,1.00,1.00
2015.06.04 12:12:30.237,0.9969,0.99701,1.00,1.00
2015.06.04 12:12:32.669,0.9969,0.99702,1.00,1.10
2015.06.04 12:12:33.172,0.99689,0.99702,1.50,1.57
2015.06.04 12:12:34.317,0.9969,0.997,1.00,1.00
2015.06.04 12:12:35.032,0.99689,0.99702,1.50,1.57
2015.06.04 12:12:35.397,0.99691,0.99702,1.00,1.57
2015.06.04 12:12:35.600,0.99688,0.997,1.00,1.00
2015.06.04 12:12:35.802,0.99686,0.99699,3.37,1.00
2015.06.04 12:12:36.430,0.99686,0.99698,1.00,1.00
2015.06.04 12:12:36.481,0.99685,0.99696,1.10,1.00
2015.06.04 12:12:36.683,0.99682,0.99695,1.50,1.00
2015.06.04 12:12:37.434,0.99683,0.99695,1.37,1.00
2015.06.04 12:12:37.791,0.99686,0.99697,1.00,1.00
2015.06.04 12:12:38.094,0.99685,0.99695,1.50,1.00
2015.06.04 12:12:38.196,0.99683,0.99695,1.50,1.00
2015.06.04 12:12:38.246,0.99683,0.99692,1.00,1.00
2015.06.04 12:12:38.348,0.99682,0.99694,1.00,1.00
2015.06.04 12:12:38.449,0.99681,0.99692,1.00,1.00
2015.06.04 12:12:38.703,0.99679,0.99692,2.32,1.00
2015.06.04 12:12:39.236,0.99679,0.99691,1.57,1.00
2015.06.04 12:12:40.763,0.9968,0.99691,1.00,1.00
2015.06.04 12:12:41.219,0.99677,0.99691,1.87,1.00
2015.06.04 12:12:41.829,0.99677,0.9969,1.50,1.50
2015.06.04 12:12:42.529,0.99678,0.9969,1.00,1.00
2015.06.04 12:12:42.631,0.99678,0.99692,1.50,1.12
2015.06.04 12:12:42.732,0.99676,0.9969,1.57,1.00
2015.06.04 12:12:43.035,0.99675,0.99688,1.50,1.00
2015.06.04 12:12:43.745,0.99675,0.99687,1.00,1.00
2015.06.04 12:12:43.898,0.99676,0.99689,1.00,1.57
2015.06.04 12:12:44.050,0.99678,0.99689,1.00,1.10
2015.06.04 12:12:44.303,0.99678,0.99692,1.00,1.12
2015.06.04 12:12:44.659,0.9968,0.99692,1.00,1.12
2015.06.04 12:12:45.165,0.9968,0.99693,1.00,1.12
2015.06.04 12:12:45.673,0.99681,0.99694,1.50,3.00
2015.06.04 12:12:46.200,0.99682,0.99695,1.00,1.75
2015.06.04 12:12:46.746,0.99682,0.99693,1.00,1.00
2015.06.04 12:12:47.174,0.99684,0.99694,1.00,1.10
2015.06.04 12:12:47.707,0.99684,0.99696,1.00,1.12
2015.06.04 12:12:48.352,0.99683,0.99696,1.50,1.12
2015.06.04 12:12:49.074,0.99682,0.99695,1.50,1.57
2015.06.04 12:12:49.479,0.9968,0.99693,1.00,1.00
2015.06.04 12:12:50.009,0.99681,0.99694,1.00,1.57
2015.06.04 12:12:50.558,0.99682,0.99694,1.50,1.10
2015.06.04 12:12:50.913,0.9968,0.99694,1.50,1.57
2015.06.04 12:12:51.115,0.99682,0.99694,1.00,1.10
2015.06.04 12:12:52.375,0.9968,0.99694,1.50,1.57
2015.06.04 12:12:53.591,0.99681,0.99694,1.00,1.50
2015.06.04 12:12:54.137,0.99681,0.99693,1.50,1.00
2015.06.04 12:12:54.970,0.99681,0.99694,1.50,1.00
2015.06.04 12:12:55.488,0.99682,0.99695,1.00,1.10
2015.06.04 12:12:55.741,0.99684,0.99696,1.00,1.57
2015.06.04 12:12:56.045,0.99686,0.99697,1.00,1.10
2015.06.04 12:12:57.294,0.99687,0.99698,1.00,1.50
2015.06.04 12:12:57.475,0.99685,0.99698,1.50,1.50
2015.06.04 12:12:58.599,0.99685,0.99696,1.50,1.00
2015.06.04 12:12:58.902,0.99683,0.99696,1.57,1.00
2015.06.04 12:13:00.565,0.99682,0.99696,1.50,1.50
2015.06.04 12:13:01.227,0.99682,0.99695,1.50,1.00
2015.06.04 12:13:01.822,0.99683,0.99695,1.50,1.00
2015.06.04 12:13:04.447,0.99683,0.99696,1.00,1.12
2015.06.04 12:13:04.961,0.99685,0.99696,1.00,1.00
2015.06.04 12:13:05.643,0.99686,0.99698,1.50,1.12
2015.06.04 12:13:06.301,0.99687,0.99698,1.00,1.50
2015.06.04 12:13:07.030,0.99686,0.99698,1.50,1.50
2015.06.04 12:13:07.537,0.99685,0.99697,1.00,1.87
2015.06.04 12:13:07.739,0.99682,0.99694,1.00,1.50
2015.06.04 12:13:07.841,0.9968,0.99693,1.00,1.50
2015.06.04 12:13:08.030,0.99678,0.99693,1.57,2.25
2015.06.04 12:13:08.536,0.99678,0.99692,1.50,1.00
2015.06.04 12:13:08.848,0.99677,0.9969,1.57,1.00
2015.06.04 12:13:09.366,0.99678,0.99691,1.00,1.87
2015.06.04 12:13:09.720,0.9968,0.99691,1.00,1.00
2015.06.04 12:13:10.485,0.99679,0.99691,1.00,1.00
2015.06.04 12:13:10.788,0.99678,0.99689,1.50,1.00
2015.06.04 12:13:11.311,0.99678,0.9969,1.50,1.00
2015.06.04 12:13:11.880,0.99678,0.99689,1.00,1.00
2015.06.04 12:13:12.417,0.99678,0.99692,1.00,2.32
2015.06.04 12:13:12.713,0.9968,0.99693,1.00,1.00
2015.06.04 12:13:13.450,0.9968,0.99692,1.10,1.00
2015.06.04 12:13:14.139,0.99682,0.99693,1.00,1.00
2015.06.04 12:13:14.343,0.99678,0.99692,1.87,1.00
2015.06.04 12:13:14.444,0.99679,0.9969,1.12,1.00
2015.06.04 12:13:14.957,0.99678,0.99691,1.50,1.00
2015.06.04 12:13:15.616,0.99678,0.99691,1.87,1.00
2015.06.04 12:13:15.920,0.99686,0.99697,1.00,1.50
2015.06.04 12:13:16.022,0.99687,0.997,1.00,2.25
2015.06.04 12:13:16.123,0.99691,0.99702,1.37,2.25
2015.06.04 12:13:16.376,0.99695,0.99705,1.50,1.75
2015.06.04 12:13:16.427,0.99695,0.99705,1.50,1.12
2015.06.04 12:13:17.024,0.99695,0.99707,1.50,2.32
2015.06.04 12:13:17.840,0.99696,0.99707,1.00,1.57
2015.06.04 12:13:17.942,0.99694,0.99707,1.00,1.57
2015.06.04 12:13:18.043,0.99693,0.99705,1.57,1.00
2015.06.04 12:13:18.544,0.99694,0.99706,1.00,1.00
2015.06.04 12:13:19.052,0.99694,0.99707,1.50,1.50
2015.06.04 12:13:19.361,0.99696,0.99707,1.00,1.00
2015.06.04 12:13:19.581,0.99697,0.99709,1.00,1.00
2015.06.04 12:13:20.099,0.99697,0.9971,1.57,1.00
2015.06.04 12:13:20.503,0.99697,0.99707,1.10,1.00
2015.06.04 12:13:20.605,0.99695,0.99707,1.10,1.00
2015.06.04 12:13:21.137,0.99694,0.99707,1.57,1.00
2015.06.04 12:13:21.707,0.99694,0.99707,2.25,1.12
2015.06.04 12:13:22.212,0.99693,0.99706,1.00,1.10
2015.06.04 12:13:22.580,0.99692,0.99704,1.00,1.00
2015.06.04 12:13:22.681,0.99692,0.99706,1.50,3.07
2015.06.04 12:13:23.210,0.9969,0.99704,2.25,1.00
2015.06.04 12:13:23.667,0.99689,0.99702,2.25,1.00
2015.06.04 12:13:24.185,0.99689,0.99701,1.00,1.00
2015.06.04 12:13:24.691,0.9969,0.99703,1.00,1.12
2015.06.04 12:13:25.467,0.99691,0.99703,1.00,1.12
2015.06.04 12:13:25.975,0.99692,0.99704,1.50,1.12
2015.06.04 12:13:26.228,0.99693,0.99706,1.00,1.87
2015.06.04 12:13:28.182,0.99694,0.99706,1.00,1.12
2015.06.04 12:13:28.756,0.99693,0.99707,1.50,2.25
2015.06.04 12:13:29.284,0.99692,0.99707,2.25,2.25
2015.06.04 12:13:30.471,0.99693,0.99707,1.00,3.00
2015.06.04 12:13:31.167,0.99692,0.99704,1.00,1.00
2015.06.04 12:13:31.674,0.99691,0.99704,1.00,1.87
2015.06.04 12:13:32.876,0.99691,0.99702,1.00,1.50
2015.06.04 12:13:33.068,0.99689,0.99702,1.00,1.50
2015.06.04 12:13:34.786,0.99688,0.99702,2.25,1.50
2015.06.04 12:13:34.888,0.9969,0.99703,1.00,3.00
2015.06.04 12:13:35.243,0.99687,0.99699,1.00,1.00
2015.06.04 12:13:35.345,0.99689,0.99701,1.00,1.12
2015.06.04 12:13:35.654,0.99692,0.99704,1.00,1.12
2015.06.04 12:13:35.958,0.99696,0.99708,1.00,2.62
2015.06.04 12:13:36.009,0.99694,0.99708,1.00,2.62
2015.06.04 12:13:36.515,0.99693,0.99708,1.50,3.00
2015.06.04 12:13:37.102,0.99694,0.99708,1.00,2.25
2015.06.04 12:13:37.607,0.99693,0.99705,2.25,1.00
2015.06.04 12:13:38.152,0.99693,0.99707,2.25,1.87
2015.06.04 12:13:38.688,0.99694,0.99707,1.00,1.87
2015.06.04 12:13:39.286,0.99696,0.99708,1.00,1.50
2015.06.04 12:13:39.490,0.99694,0.99707,2.25,1.12
2015.06.04 12:13:40.002,0.99694,0.99707,2.25,1.10
2015.06.04 12:13:40.154,0.99696,0.99707,1.00,1.10
2015.06.04 12:13:40.676,0.99695,0.99709,1.00,3.37
2015.06.04 12:13:41.182,0.99696,0.99708,1.00,1.00
2015.06.04 12:13:41.687,0.99697,0.99709,1.00,1.20
2015.06.04 12:13:42.203,0.99697,0.9971,1.00,1.50
2015.06.04 12:13:42.686,0.99695,0.99708,1.00,1.12
2015.06.04 12:13:43.047,0.99694,0.99707,1.00,1.50
2015.06.04 12:13:43.350,0.99693,0.99704,1.00,1.12
2015.06.04 12:13:43.401,0.99691,0.99704,1.00,1.47
2015.06.04 12:13:44.899,0.9969,0.99704,1.50,1.50
2015.06.04 12:13:45.102,0.99692,0.99705,1.00,2.25
2015.06.04 12:13:45.649,0.99692,0.99705,1.50,1.50
2015.06.04 12:13:45.954,0.99694,0.99706,1.00,2.62
2015.06.04 12:13:46.501,0.99694,0.99706,1.00,2.25
2015.06.04 12:13:47.303,0.99695,0.99706,1.00,2.25
2015.06.04 12:13:47.811,0.99694,0.99705,1.50,1.10
2015.06.04 12:13:49.315,0.99695,0.99708,1.00,1.50
2015.06.04 12:13:51.729,0.99697,0.99708,1.00,1.37
2015.06.04 12:13:53.021,0.99696,0.9971,1.50,2.62
2015.06.04 12:13:53.072,0.99696,0.9971,1.50,2.25
2015.06.04 12:13:53.579,0.99696,0.9971,2.25,1.50
2015.06.04 12:13:55.009,0.99699,0.99711,1.00,1.57
2015.06.04 12:13:55.920,0.99699,0.9971,1.00,1.00
2015.06.04 12:13:56.685,0.99699,0.99712,1.50,1.87
2015.06.04 12:13:56.997,0.99701,0.99713,1.00,1.50
2015.06.04 12:13:57.503,0.99703,0.99714,1.00,1.10
2015.06.04 12:13:57.605,0.99705,0.99717,1.00,1.00
2015.06.04 12:13:58.204,0.99704,0.99717,2.25,1.00
2015.06.04 12:13:58.457,0.99706,0.99717,1.00,1.00
2015.06.04 12:13:59.281,0.99705,0.99719,1.00,1.00
2015.06.04 12:13:59.810,0.99706,0.99718,1.00,1.00
2015.06.04 12:14:00.315,0.99706,0.99719,1.00,1.00
2015.06.04 12:14:02.288,0.99708,0.9972,1.00,1.00
2015.06.04 12:14:04.688,0.99709,0.9972,1.00,1.00
2015.06.04 12:14:05.042,0.9971,0.99722,1.00,1.57
2015.06.04 12:14:05.703,0.9971,0.99723,1.00,1.20
2015.06.04 12:14:06.253,0.99711,0.99722,1.50,1.00
2015.06.04 12:14:06.556,0.99711,0.99724,3.00,1.00
2015.06.04 12:14:06.911,0.9971,0.99722,1.57,1.00
2015.06.04 12:14:07.427,0.99709,0.99722,1.57,1.00
2015.06.04 12:14:08.038,0.9971,0.99722,1.50,1.00
2015.06.04 12:14:08.669,0.9971,0.99721,2.25,1.00
2015.06.04 12:14:09.200,0.99709,0.99721,1.10,1.00
2015.06.04 12:14:09.653,0.99709,0.99723,1.50,1.00
2015.06.04 12:14:10.174,0.9971,0.99723,1.50,1.00
2015.06.04 12:14:12.306,0.99711,0.99723,1.00,1.00
2015.06.04 12:14:13.050,0.99712,0.99723,1.00,1.00
2015.06.04 12:14:13.742,0.99713,0.99723,1.00,1.00
2015.06.04 12:14:13.844,0.99711,0.99724,1.50,1.00
2015.06.04 12:14:14.247,0.99714,0.99724,1.00,1.00
2015.06.04 12:14:14.737,0.99712,0.99724,1.00,1.00
2015.06.04 12:14:15.255,0.99712,0.99723,1.00,1.12
2015.06.04 12:14:15.812,0.99712,0.99724,1.00,1.00
2015.06.04 12:14:16.978,0.99713,0.99724,1.00,1.00
2015.06.04 12:14:17.231,0.99715,0.99726,1.00,1.12
2015.06.04 12:14:17.384,0.99715,0.99728,1.50,2.32
2015.06.04 12:14:17.601,0.99715,0.99726,1.00,1.37
2015.06.04 12:14:17.652,0.99712,0.99724,1.10,1.00
2015.06.04 12:14:18.186,0.99712,0.99725,1.50,1.95
2015.06.04 12:14:18.439,0.99712,0.99723,1.50,1.00
2015.06.04 12:14:18.789,0.9971,0.99723,2.25,1.00
2015.06.04 12:14:19.328,0.9971,0.99722,1.00,1.00
2015.06.04 12:14:19.643,0.9971,0.9972,1.00,1.00
2015.06.04 12:14:19.895,0.9971,0.99722,2.25,1.10
2015.06.04 12:14:20.978,0.99711,0.99724,1.00,1.87
2015.06.04 12:14:21.508,0.99712,0.99724,1.00,1.50
2015.06.04 12:14:21.660,0.99712,0.9972,1.00,1.00
2015.06.04 12:14:21.710,0.9971,0.9972,1.00,1.00
2015.06.04 12:14:22.014,0.99708,0.9972,3.00,1.00
2015.06.04 12:14:22.166,0.99708,0.99718,1.50,1.00
2015.06.04 12:14:22.612,0.99709,0.99722,1.50,1.50
2015.06.04 12:14:24.013,0.9971,0.99722,1.00,1.50
2015.06.04 12:14:24.919,0.99709,0.99718,1.50,1.00
2015.06.04 12:14:25.071,0.99707,0.99718,1.00,1.00
2015.06.04 12:14:25.576,0.99706,0.99718,1.00,1.57
2015.06.04 12:14:26.134,0.99705,0.99718,3.00,1.57
2015.06.04 12:14:26.387,0.99703,0.99715,1.50,1.00
2015.06.04 12:14:26.893,0.99703,0.99714,1.00,1.00
2015.06.04 12:14:27.247,0.99702,0.99712,1.00,1.00
2015.06.04 12:14:27.297,0.997,0.99712,1.00,1.50
2015.06.04 12:14:27.349,0.99699,0.9971,1.10,1.00
2015.06.04 12:14:27.855,0.99698,0.99711,1.50,1.00
2015.06.04 12:14:28.503,0.99698,0.99711,1.50,1.12
2015.06.04 12:14:28.908,0.99699,0.99712,1.00,1.10
2015.06.04 12:14:29.414,0.997,0.99712,1.50,1.00
2015.06.04 12:14:29.933,0.99701,0.99711,1.50,1.00
2015.06.04 12:14:30.135,0.99701,0.99713,1.50,1.00
2015.06.04 12:14:30.489,0.99702,0.99715,1.50,1.00
2015.06.04 12:14:30.539,0.99704,0.99716,1.00,1.00
2015.06.04 12:14:31.085,0.99705,0.99717,1.00,3.37
2015.06.04 12:14:31.593,0.99706,0.99717,1.00,1.00
2015.06.04 12:14:32.114,0.99706,0.99718,1.00,1.57
2015.06.04 12:14:32.453,0.99706,0.99716,1.00,1.00
2015.06.04 12:14:33.686,0.99704,0.99717,1.50,1.00
2015.06.04 12:14:33.938,0.99707,0.99718,1.00,1.57
2015.06.04 12:14:34.513,0.99706,0.99717,1.50,1.00
2015.06.04 12:14:35.026,0.99706,0.99713,1.50,1.00
2015.06.04 12:14:35.577,0.99707,0.99713,1.00,1.00
2015.06.04 12:14:36.243,0.99706,0.99713,1.50,1.00
2015.06.04 12:14:37.133,0.99706,0.99718,1.50,1.10
2015.06.04 12:14:37.878,0.99705,0.99718,1.00,1.57
2015.06.04 12:14:37.979,0.99705,0.99713,1.00,1.00
2015.06.04 12:14:38.233,0.99705,0.99717,1.00,1.00
2015.06.04 12:14:38.536,0.99705,0.99713,1.00,1.00
2015.06.04 12:14:39.678,0.99704,0.99713,3.00,1.00
2015.06.04 12:14:40.068,0.99704,0.99717,2.25,1.12
2015.06.04 12:14:40.611,0.99705,0.99717,1.00,1.12
2015.06.04 12:14:40.662,0.99703,0.99716,1.00,1.10
2015.06.04 12:14:40.764,0.99703,0.99713,1.00,1.00
2015.06.04 12:14:41.070,0.99705,0.99713,1.00,1.00
2015.06.04 12:14:41.526,0.99702,0.99713,2.25,1.00
2015.06.04 12:14:41.728,0.99702,0.99715,2.25,1.00
2015.06.04 12:14:41.779,0.99702,0.99713,1.00,1.00
2015.06.04 12:14:41.881,0.997,0.99712,2.32,1.00
2015.06.04 12:14:42.286,0.99701,0.99707,1.00,1.00
2015.06.04 12:14:42.388,0.99701,0.99713,1.00,2.25
2015.06.04 12:14:42.612,0.99699,0.99708,1.00,1.00
2015.06.04 12:14:42.865,0.997,0.99712,1.00,1.10
2015.06.04 12:14:43.366,0.99699,0.99712,1.00,1.57
2015.06.04 12:14:44.177,0.99699,0.99712,1.50,1.95
2015.06.04 12:14:46.175,0.99699,0.99712,1.50,2.70
2015.06.04 12:14:46.327,0.99699,0.99712,1.00,2.62
2015.06.04 12:14:46.631,0.997,0.99712,1.00,1.10
2015.06.04 12:14:46.681,0.997,0.99708,1.00,1.00
2015.06.04 12:14:47.035,0.99701,0.99713,1.00,1.87
2015.06.04 12:14:47.268,0.99699,0.99712,1.00,1.57
2015.06.04 12:14:47.790,0.99698,0.99712,1.50,2.70
2015.06.04 12:14:48.310,0.99699,0.99712,1.00,1.95
2015.06.04 12:14:48.812,0.99698,0.99711,1.00,1.00
2015.06.04 12:14:49.317,0.99699,0.99711,1.00,1.00
2015.06.04 12:14:49.938,0.99698,0.99711,1.00,1.00
2015.06.04 12:14:50.553,0.99699,0.99711,1.00,1.50
2015.06.04 12:14:50.908,0.99697,0.9971,1.00,1.00
2015.06.04 12:14:51.061,0.99694,0.99709,1.50,1.87
2015.06.04 12:14:51.292,0.99693,0.99707,1.50,1.00
2015.06.04 12:14:51.798,0.99694,0.99707,1.00,1.10
2015.06.04 12:14:52.329,0.99693,0.99706,3.00,1.00
2015.06.04 12:14:52.753,0.99695,0.99707,1.00,1.10
2015.06.04 12:14:53.422,0.99696,0.99708,1.00,1.12
2015.06.04 12:14:53.885,0.99694,0.99708,1.10,1.10
2015.06.04 12:14:53.987,0.99692,0.99707,1.87,1.57
2015.06.04 12:14:54.327,0.99692,0.99702,1.50,1.00
2015.06.04 12:14:54.580,0.99689,0.99701,1.50,1.37
2015.06.04 12:14:54.682,0.99687,0.997,1.50,1.20
2015.06.04 12:14:54.922,0.99685,0.99698,1.12,1.00
2015.06.04 12:14:55.023,0.99684,0.99698,1.10,1.00
2015.06.04 12:14:55.528,0.99685,0.99698,1.00,1.50
2015.06.04 12:14:55.983,0.99687,0.99699,1.00,1.10
2015.06.04 12:14:56.499,0.99688,0.997,1.00,1.00
2015.06.04 12:14:56.838,0.9969,0.99701,1.00,1.50
2015.06.04 12:14:57.152,0.99688,0.997,1.00,1.00
2015.06.04 12:14:57.659,0.99689,0.99699,1.00,1.00
2015.06.04 12:14:57.811,0.99689,0.99701,1.50,1.00
2015.06.04 12:14:58.318,0.99688,0.997,1.10,1.00
2015.06.04 12:14:58.369,0.99687,0.99702,2.62,1.00
2015.06.04 12:14:58.585,0.99687,0.997,1.12,1.50
2015.06.04 12:14:58.889,0.99687,0.99697,1.00,1.00
2015.06.04 12:14:58.940,0.99683,0.99696,2.25,1.00
2015.06.04 12:14:59.446,0.99682,0.99696,1.57,1.00
2015.06.04 12:14:59.497,0.99684,0.99698,1.00,2.25
2015.06.04 12:15:00.007,0.99685,0.99698,1.00,1.00
2015.06.04 12:15:00.544,0.99685,0.99697,1.00,1.00
2015.06.04 12:15:00.747,0.99683,0.99697,1.10,2.25
2015.06.04 12:15:01.731,0.99684,0.99697,1.00,1.50
2015.06.04 12:15:01.782,0.99686,0.99697,1.00,1.50
2015.06.04 12:15:01.833,0.99686,0.99699,1.00,1.00
2015.06.04 12:15:01.884,0.99689,0.99699,1.00,1.00
2015.06.04 12:15:01.935,0.99689,0.99702,1.00,2.62
2015.06.04 12:15:02.136,0.9969,0.99703,1.00,1.12
2015.06.04 12:15:02.187,0.99693,0.99705,1.00,1.50
2015.06.04 12:15:02.730,0.99692,0.99705,1.00,1.50
2015.06.04 12:15:03.253,0.99693,0.99704,1.00,1.00
2015.06.04 12:15:03.559,0.99694,0.99707,1.00,1.50
2015.06.04 12:15:04.065,0.99693,0.99707,1.50,1.50
2015.06.04 12:15:04.590,0.99694,0.99707,1.00,1.00
2015.06.04 12:15:04.641,0.99696,0.99708,1.00,1.10
2015.06.04 12:15:04.893,0.99697,0.9971,1.00,1.00
2015.06.04 12:15:04.995,0.99698,0.99708,1.00,1.00
2015.06.04 12:15:05.097,0.99695,0.99708,1.50,1.00
2015.06.04 12:15:05.540,0.99694,0.99706,1.00,1.00
2015.06.04 12:15:05.987,0.99694,0.99708,1.50,1.87
2015.06.04 12:15:06.202,0.99695,0.99706,1.00,1.00
2015.06.04 12:15:09.164,0.99694,0.99708,1.50,1.57
2015.06.04 12:15:10.263,0.99694,0.99707,1.00,1.00
2015.06.04 12:15:10.769,0.99695,0.99707,1.00,2.25
2015.06.04 12:15:11.933,0.99696,0.99708,1.00,1.10
2015.06.04 12:15:12.590,0.99695,0.99708,1.00,1.10
2015.06.04 12:15:12.900,0.99697,0.99709,1.00,1.57
2015.06.04 12:15:13.677,0.99697,0.9971,1.00,1.50
2015.06.04 12:15:14.183,0.99698,0.99711,1.00,1.57
2015.06.04 12:15:14.898,0.997,0.99711,1.12,1.00
2015.06.04 12:15:14.949,0.99701,0.99714,2.25,1.00
2015.06.04 12:15:15.101,0.99704,0.99717,1.00,1.12
2015.06.04 12:15:15.555,0.99706,0.99716,1.00,1.00
2015.06.04 12:15:16.310,0.99705,0.99718,1.00,1.12
2015.06.04 12:15:16.838,0.99706,0.99718,1.00,1.12
2015.06.04 12:15:17.373,0.99705,0.99717,1.50,1.00
2015.06.04 12:15:18.957,0.99705,0.99718,1.50,1.00
2015.06.04 12:15:19.059,0.99706,0.99716,1.00,1.00
2015.06.04 12:15:20.042,0.99705,0.99718,2.25,1.00
2015.06.04 12:15:20.143,0.99707,0.99718,1.00,1.00
2015.06.04 12:15:21.056,0.99707,0.99719,1.00,1.00
2015.06.04 12:15:21.632,0.99706,0.99719,1.57,1.50
2015.06.04 12:15:22.917,0.99706,0.99718,1.10,1.00
2015.06.04 12:15:23.446,0.99705,0.99718,1.10,1.00
2015.06.04 12:15:24.181,0.99706,0.99718,1.00,1.00
2015.06.04 12:15:24.730,0.99705,0.99717,1.10,1.00
2015.06.04 12:15:25.275,0.99705,0.99718,1.57,1.00
2015.06.04 12:15:26.739,0.99706,0.99719,1.00,1.50
2015.06.04 12:15:27.864,0.99706,0.99717,1.00,1.00
2015.06.04 12:15:28.168,0.99706,0.99719,1.00,1.00
2015.06.04 12:15:29.312,0.99705,0.99717,1.57,1.00
2015.06.04 12:15:29.895,0.99706,0.99718,1.00,1.00
2015.06.04 12:15:30.458,0.99706,0.99719,1.50,1.50
2015.06.04 12:15:31.000,0.99706,0.99718,1.50,1.00
2015.06.04 12:15:31.599,0.99706,0.99719,1.50,1.87
2015.06.04 12:15:32.162,0.99705,0.99718,1.50,1.00
2015.06.04 12:15:32.712,0.99705,0.99717,1.50,1.00
2015.06.04 12:15:33.388,0.99705,0.99718,1.50,1.50
2015.06.04 12:15:33.928,0.99705,0.99717,1.50,1.00
2015.06.04 12:15:35.359,0.99706,0.99717,1.00,1.00
2015.06.04 12:15:36.702,0.99706,0.99719,1.50,1.50
2015.06.04 12:15:38.648,0.99707,0.9972,1.00,3.45
2015.06.04 12:15:39.298,0.99706,0.99719,1.50,1.00
2015.06.04 12:15:39.815,0.99705,0.99718,1.00,1.00
2015.06.04 12:15:40.322,0.99706,0.99719,1.57,1.00
2015.06.04 12:15:41.077,0.99707,0.9972,1.00,2.62
2015.06.04 12:15:43.474,0.99706,0.99718,1.10,1.00
2015.06.04 12:15:44.025,0.99705,0.99717,1.12,1.00
2015.06.04 12:15:46.232,0.99704,0.99716,2.25,1.00
2015.06.04 12:15:46.535,0.99701,0.99713,1.50,1.00
2015.06.04 12:15:46.586,0.99701,0.99713,1.00,1.00
2015.06.04 12:15:47.324,0.99703,0.99714,1.00,1.00
2015.06.04 12:15:47.628,0.99705,0.99716,1.00,2.25
2015.06.04 12:15:48.175,0.99704,0.99717,1.00,1.00
2015.06.04 12:15:48.682,0.99705,0.99717,1.00,1.00
2015.06.04 12:15:50.617,0.99704,0.99717,1.50,1.00
2015.06.04 12:15:51.154,0.99705,0.99716,1.00,1.00
2015.06.04 12:15:51.733,0.99705,0.99718,1.00,1.50
2015.06.04 12:15:51.784,0.99708,0.99718,1.00,1.00
2015.06.04 12:15:52.087,0.99716,0.99729,1.12,1.00
2015.06.04 12:15:52.382,0.99719,0.99731,1.50,1.50
2015.06.04 12:15:52.636,0.99721,0.99734,1.00,1.50
2015.06.04 12:15:52.737,0.99723,0.99736,1.12,3.00
2015.06.04 12:15:53.147,0.99726,0.99738,1.00,1.00
2015.06.04 12:15:53.697,0.99726,0.99739,2.25,1.00
2015.06.04 12:15:54.203,0.99726,0.99738,2.25,1.50
2015.06.04 12:15:54.507,0.99723,0.99735,1.50,1.00
2015.06.04 12:15:54.832,0.99722,0.99733,1.00,1.00
2015.06.04 12:15:54.883,0.9972,0.99733,2.25,1.00
2015.06.04 12:15:55.051,0.9972,0.99731,2.25,1.00
2015.06.04 12:15:55.588,0.99718,0.99732,2.32,1.00
2015.06.04 12:15:56.223,0.99719,0.99732,1.00,1.00
2015.06.04 12:15:56.888,0.99722,0.99733,1.00,1.00
2015.06.04 12:15:57.148,0.9972,0.99733,1.57,1.00
2015.06.04 12:15:58.342,0.99721,0.99733,1.00,1.00
2015.06.04 12:15:58.757,0.99722,0.99735,1.00,1.50
2015.06.04 12:15:59.011,0.99722,0.99733,1.10,1.00
2015.06.04 12:15:59.956,0.99724,0.99733,1.12,1.00
2015.06.04 12:16:00.007,0.99726,0.99739,1.00,1.50
2015.06.04 12:16:00.210,0.99728,0.99739,1.00,1.50
2015.06.04 12:16:00.618,0.99728,0.99741,1.00,1.20
2015.06.04 12:16:00.771,0.99726,0.9974,1.50,1.00
2015.06.04 12:16:01.316,0.99726,0.99739,1.00,1.50
2015.06.04 12:16:01.468,0.99725,0.99737,2.25,1.00
2015.06.04 12:16:01.773,0.99722,0.99735,1.87,1.00
2015.06.04 12:16:01.977,0.99721,0.99734,1.00,1.00
2015.06.04 12:16:02.345,0.99723,0.99734,1.00,1.00
2015.06.04 12:16:02.397,0.99721,0.99734,1.50,1.00
2015.06.04 12:16:02.707,0.99722,0.99736,1.00,2.25
2015.06.04 12:16:03.163,0.99721,0.99731,1.10,1.00
2015.06.04 12:16:03.495,0.99718,0.99729,1.00,1.00
2015.06.04 12:16:04.014,0.99717,0.9973,1.10,1.00
2015.06.04 12:16:06.121,0.99718,0.99729,1.00,1.00
2015.06.04 12:16:06.627,0.99718,0.99728,1.00,1.00
2015.06.04 12:16:06.789,0.99717,0.9973,1.10,1.00
2015.06.04 12:16:07.310,0.99718,0.99731,1.00,1.50
2015.06.04 12:16:07.515,0.99718,0.99727,1.00,1.00
2015.06.04 12:16:07.876,0.99716,0.99727,1.00,1.00
2015.06.04 12:16:10.584,0.99716,0.99729,1.00,1.00
2015.06.04 12:16:11.138,0.99716,0.99727,1.00,1.00
2015.06.04 12:16:11.341,0.99717,0.99729,1.00,1.00
2015.06.04 12:16:11.543,0.99718,0.99731,1.00,1.00
2015.06.04 12:16:13.377,0.99719,0.99732,1.00,2.62
2015.06.04 12:16:14.598,0.99719,0.99731,1.00,1.00
2015.06.04 12:16:15.148,0.99719,0.99732,1.00,2.62
2015.06.04 12:16:15.479,0.99721,0.99732,1.00,1.50
2015.06.04 12:16:15.985,0.99722,0.99733,1.00,1.00
2015.06.04 12:16:16.637,0.99722,0.99735,1.00,1.00
2015.06.04 12:16:16.789,0.99721,0.99731,1.50,1.00
2015.06.04 12:16:16.840,0.99719,0.99731,1.10,1.00
2015.06.04 12:16:17.355,0.99717,0.9973,1.87,1.00
2015.06.04 12:16:17.877,0.99718,0.99731,1.10,1.00
2015.06.04 12:16:18.452,0.99719,0.99732,1.00,2.25
2015.06.04 12:16:19.139,0.9972,0.99732,1.00,2.25
2015.06.04 12:16:19.538,0.99718,0.99731,1.10,1.00
2015.06.04 12:16:20.044,0.99717,0.9973,1.87,1.00
2015.06.04 12:16:22.956,0.99718,0.99731,1.10,1.50
2015.06.04 12:16:23.653,0.9972,0.99731,1.00,1.00
2015.06.04 12:16:23.856,0.99718,0.99731,1.10,1.00
2015.06.04 12:16:24.546,0.99717,0.9973,2.62,1.00
2015.06.04 12:16:25.125,0.99718,0.99731,1.57,1.50
2015.06.04 12:16:26.045,0.99719,0.99731,1.00,1.00
2015.06.04 12:16:27.148,0.99719,0.99732,1.00,1.50
2015.06.04 12:16:27.664,0.99718,0.99731,1.57,1.00
2015.06.04 12:16:28.403,0.99718,0.99731,1.12,1.00
2015.06.04 12:16:28.938,0.9972,0.99731,1.00,1.00
2015.06.04 12:16:29.249,0.9972,0.99733,1.00,3.00
2015.06.04 12:16:29.758,0.99719,0.99732,1.10,1.00
2015.06.04 12:16:35.478,0.99719,0.99731,1.10,1.00
2015.06.04 12:16:35.631,0.99721,0.99732,1.00,1.00
2015.06.04 12:16:35.886,0.99722,0.99735,1.10,1.50
2015.06.04 12:16:35.937,0.99725,0.99737,1.00,2.62
2015.06.04 12:16:36.038,0.99726,0.99738,1.00,2.25
2015.06.04 12:16:36.147,0.99727,0.99734,1.00,1.00
2015.06.04 12:16:36.415,0.99721,0.99734,3.75,1.00
2015.06.04 12:16:36.466,0.99719,0.99732,1.00,1.50
2015.06.04 12:16:36.921,0.99717,0.9973,2.25,1.00
2015.06.04 12:16:37.426,0.99718,0.99731,1.00,1.57
2015.06.04 12:16:38.584,0.99717,0.9973,1.00,1.00
2015.06.04 12:16:39.239,0.99718,0.99731,1.00,3.82
2015.06.04 12:16:39.543,0.99719,0.99728,1.00,1.00
2015.06.04 12:16:40.372,0.99718,0.99728,1.00,1.00
2015.06.04 12:16:40.904,0.99718,0.99729,1.00,1.00
2015.06.04 12:16:41.542,0.99717,0.99729,1.00,1.00
2015.06.04 12:16:42.068,0.99718,0.9973,1.00,1.10
2015.06.04 12:16:42.595,0.99717,0.9973,1.00,1.57
2015.06.04 12:16:44.083,0.99717,0.99729,1.00,1.00
2015.06.04 12:16:44.656,0.99717,0.99728,1.00,1.00
2015.06.04 12:16:44.980,0.99714,0.99726,1.00,1.00
2015.06.04 12:16:45.486,0.99713,0.99726,2.32,1.00
2015.06.04 12:16:46.010,0.99714,0.99727,1.00,1.57
2015.06.04 12:16:46.555,0.99715,0.99728,1.00,2.62
2015.06.04 12:16:47.097,0.99714,0.99727,1.00,1.10
2015.06.04 12:16:48.037,0.99715,0.99728,1.00,3.00
2015.06.04 12:16:48.553,0.99714,0.99727,1.50,1.10
2015.06.04 12:16:48.604,0.99716,0.99727,1.00,1.00
2015.06.04 12:16:49.118,0.99715,0.99728,1.00,1.57
2015.06.04 12:16:49.422,0.99714,0.99725,1.00,1.00
2015.06.04 12:16:49.574,0.99711,0.99726,2.25,1.00
2015.06.04 12:16:49.827,0.99713,0.99725,1.00,1.00
2015.06.04 12:16:50.031,0.99714,0.99727,1.00,1.00
2015.06.04 12:16:50.551,0.99715,0.99728,1.00,2.32
2015.06.04 12:16:51.669,0.99716,0.99727,1.00,1.00
2015.06.04 12:16:51.770,0.99716,0.99729,1.00,2.32
2015.06.04 12:16:52.290,0.99717,0.99728,1.00,1.00
2015.06.04 12:16:52.863,0.99717,0.99729,1.00,1.57
2015.06.04 12:16:53.679,0.99717,0.9973,1.00,2.25
2015.06.04 12:16:54.203,0.99718,0.99731,1.00,3.07
2015.06.04 12:16:54.746,0.99717,0.99729,1.00,1.00
2015.06.04 12:16:55.308,0.99718,0.99729,1.00,1.00
2015.06.04 12:16:55.749,0.99719,0.99732,1.00,1.57
2015.06.04 12:16:56.307,0.9972,0.99733,1.00,1.57
2015.06.04 12:16:56.934,0.99721,0.99733,1.00,1.10
2015.06.04 12:16:57.483,0.99722,0.99734,1.00,1.12
2015.06.04 12:16:57.584,0.99722,0.99735,1.00,1.10
2015.06.04 12:16:57.736,0.99721,0.99733,1.10,1.00
2015.06.04 12:16:58.039,0.99718,0.99731,1.50,1.00
2015.06.04 12:16:58.090,0.99718,0.99729,1.50,1.00
2015.06.04 12:16:58.141,0.99718,0.99732,1.00,3.37
2015.06.04 12:16:58.192,0.99716,0.9973,2.25,1.00
2015.06.04 12:16:58.723,0.99716,0.99728,1.00,1.00
2015.06.04 12:16:59.027,0.99713,0.99724,1.10,1.00
2015.06.04 12:16:59.487,0.99711,0.99724,1.10,1.00
2015.06.04 12:17:00.031,0.99712,0.99725,1.00,1.00
2015.06.04 12:17:00.539,0.99711,0.99723,1.10,1.00
2015.06.04 12:17:00.996,0.99708,0.99722,2.32,1.50
2015.06.04 12:17:01.254,0.9971,0.99723,1.00,2.25
2015.06.04 12:17:01.558,0.99713,0.99725,1.50,1.12
2015.06.04 12:17:01.659,0.99713,0.99727,1.50,1.87
2015.06.04 12:17:02.013,0.99715,0.99727,1.50,1.00
2015.06.04 12:17:02.335,0.99717,0.99727,1.00,1.00
2015.06.04 12:17:02.849,0.99715,0.99728,1.87,1.00
2015.06.04 12:17:03.550,0.99713,0.99729,2.62,2.62
2015.06.04 12:17:03.865,0.99715,0.99727,1.00,1.00
2015.06.04 12:17:04.227,0.99717,0.99728,1.00,1.50
2015.06.04 12:17:04.731,0.99716,0.99729,2.62,1.00
2015.06.04 12:17:05.263,0.99718,0.99728,1.00,1.00
2015.06.04 12:17:05.798,0.99717,0.99728,1.10,1.00
2015.06.04 12:17:06.334,0.99714,0.99727,3.00,1.00
2015.06.04 12:17:07.217,0.99714,0.99728,3.00,1.00
2015.06.04 12:17:08.479,0.99715,0.99728,1.00,1.00
2015.06.04 12:17:08.994,0.99714,0.99728,1.00,1.57
2015.06.04 12:17:09.297,0.99712,0.99725,1.12,1.00
2015.06.04 12:17:09.804,0.99712,0.99725,1.10,1.00
2015.06.04 12:17:12.593,0.99713,0.99725,1.00,1.00
2015.06.04 12:17:13.128,0.99713,0.99727,1.00,1.12
2015.06.04 12:17:14.383,0.99713,0.99725,1.00,1.00
2015.06.04 12:17:14.809,0.9971,0.99725,1.10,1.57
2015.06.04 12:17:15.056,0.99709,0.99723,2.62,1.00
2015.06.04 12:17:15.583,0.9971,0.99724,1.10,2.25
2015.06.04 12:17:19.220,0.9971,0.99722,1.57,1.00
2015.06.04 12:17:20.838,0.9971,0.99723,1.10,1.00
2015.06.04 12:17:21.142,0.99713,0.99726,1.50,1.00
2015.06.04 12:17:21.460,0.99716,0.99727,1.00,1.00
2015.06.04 12:17:21.692,0.99714,0.99728,1.50,1.10
2015.06.04 12:17:22.241,0.99714,0.99727,1.00,1.00
2015.06.04 12:17:22.959,0.99715,0.99727,1.00,1.00
2015.06.04 12:17:23.246,0.99714,0.99725,1.00,1.00
2015.06.04 12:17:23.297,0.99714,0.99727,1.00,1.00
2015.06.04 12:17:23.500,0.99713,0.99725,1.10,1.00
2015.06.04 12:17:24.456,0.99712,0.99725,1.00,1.57
2015.06.04 12:17:25.031,0.99713,0.99725,1.00,1.57
2015.06.04 12:17:26.011,0.99713,0.99724,1.00,1.00
2015.06.04 12:17:26.634,0.99713,0.99725,1.00,1.57
2015.06.04 12:17:29.074,0.99714,0.99725,1.00,1.50
2015.06.04 12:17:29.909,0.99714,0.99727,1.50,1.00
2015.06.04 12:17:29.961,0.99716,0.99727,1.00,1.00
2015.06.04 12:17:30.505,0.99715,0.99728,1.00,1.50
2015.06.04 12:17:31.030,0.99714,0.99727,1.00,1.50
2015.06.04 12:17:31.666,0.99715,0.99727,1.00,1.00
2015.06.04 12:17:32.172,0.99715,0.99728,1.00,1.00
2015.06.04 12:17:32.688,0.99714,0.99728,1.57,2.25
2015.06.04 12:17:33.270,0.99713,0.99726,1.12,1.00
2015.06.04 12:17:34.005,0.99712,0.99725,1.50,1.00
2015.06.04 12:17:34.308,0.99713,0.99723,1.00,1.00
2015.06.04 12:17:34.751,0.9971,0.99721,1.50,1.87
2015.06.04 12:17:35.055,0.99701,0.99714,2.25,1.00
2015.06.04 12:17:35.106,0.99701,0.99714,1.50,1.00
2015.06.04 12:17:35.625,0.99701,0.99713,1.50,1.00
2015.06.04 12:17:35.676,0.99702,0.99715,1.00,1.50
2015.06.04 12:17:35.879,0.99699,0.99713,2.25,1.00
2015.06.04 12:17:35.981,0.99699,0.99713,1.10,1.00
2015.06.04 12:17:36.133,0.99701,0.99714,1.00,1.50
2015.06.04 12:17:36.530,0.99695,0.99706,1.00,1.00
2015.06.04 12:17:36.783,0.99693,0.99706,1.00,1.50
2015.06.04 12:17:36.891,0.99692,0.99704,1.10,1.00
2015.06.04 12:17:37.419,0.99693,0.99706,1.00,1.57
2015.06.04 12:17:37.572,0.99697,0.99708,2.25,1.10
2015.06.04 12:17:37.673,0.99697,0.9971,2.25,1.10
2015.06.04 12:17:37.724,0.99697,0.9971,3.75,1.00
2015.06.04 12:17:37.877,0.99701,0.99712,1.00,1.00
2015.06.04 12:17:38.290,0.99697,0.9971,3.00,1.00
2015.06.04 12:17:38.392,0.99697,0.9971,1.57,1.00
2015.06.04 12:17:38.444,0.99697,0.99707,1.10,1.00
2015.06.04 12:17:38.647,0.99695,0.99708,1.57,1.50
2015.06.04 12:17:39.071,0.99699,0.99707,1.00,1.00
2015.06.04 12:17:39.123,0.99699,0.9971,1.00,1.00
2015.06.04 12:17:39.226,0.99697,0.99708,1.57,1.00
2015.06.04 12:17:39.277,0.99697,0.99711,1.87,1.00
2015.06.04 12:17:39.429,0.99698,0.99713,1.10,1.50
2015.06.04 12:17:39.632,0.99697,0.99711,1.57,1.00
2015.06.04 12:17:40.156,0.99697,0.9971,1.57,1.00
2015.06.04 12:17:40.208,0.99698,0.99712,1.00,2.32
2015.06.04 12:17:40.727,0.99699,0.99712,1.00,1.50
2015.06.04 12:17:40.978,0.99701,0.9971,1.00,1.00
2015.06.04 12:17:41.030,0.99701,0.99713,1.00,1.50
2015.06.04 12:17:41.081,0.99698,0.99713,1.57,1.50
2015.06.04 12:17:41.334,0.99697,0.9971,1.12,1.00
2015.06.04 12:17:41.639,0.99693,0.99704,1.12,1.00
2015.06.04 12:17:41.690,0.99693,0.99706,1.12,1.00
2015.06.04 12:17:41.948,0.99691,0.99706,1.87,1.00
2015.06.04 12:17:42.743,0.99693,0.99706,1.00,1.10
2015.06.04 12:17:43.249,0.99693,0.99707,1.00,2.25
2015.06.04 12:17:43.402,0.99695,0.99707,1.00,1.50
2015.06.04 12:17:43.655,0.99695,0.99709,1.00,1.57
2015.06.04 12:17:43.921,0.99697,0.99708,1.00,1.00
2015.06.04 12:17:44.276,0.99694,0.99707,1.87,1.00
2015.06.04 12:17:45.030,0.99695,0.99708,1.10,1.57
2015.06.04 12:17:45.306,0.99697,0.99708,1.00,1.57
2015.06.04 12:17:45.508,0.99695,0.99708,1.10,1.57
2015.06.04 12:17:45.611,0.99697,0.99708,1.00,1.10
2015.06.04 12:17:46.140,0.99698,0.99709,1.00,1.00
2015.06.04 12:17:46.444,0.997,0.99711,1.00,1.00
2015.06.04 12:17:46.647,0.99701,0.99713,1.00,3.00
2015.06.04 12:17:46.977,0.997,0.9971,1.00,1.00
2015.06.04 12:17:47.331,0.997,0.99712,1.00,1.00
2015.06.04 12:17:47.913,0.997,0.99713,1.00,2.25
2015.06.04 12:17:48.015,0.997,0.99711,1.12,1.00
2015.06.04 12:17:48.372,0.99702,0.99713,1.00,1.00
2015.06.04 12:17:48.991,0.99699,0.99712,1.12,1.00
2015.06.04 12:17:49.713,0.99699,0.99712,1.00,1.00
2015.06.04 12:17:50.239,0.99698,0.99711,1.57,1.00
2015.06.04 12:17:50.341,0.99697,0.99709,1.12,1.00
2015.06.04 12:17:50.847,0.99697,0.9971,1.00,1.00
2015.06.04 12:17:51.584,0.99696,0.99709,1.10,1.00
2015.06.04 12:17:51.888,0.99698,0.99711,1.50,1.50
2015.06.04 12:17:52.190,0.99698,0.99709,1.00,1.00
2015.06.04 12:17:52.342,0.99698,0.99711,1.10,1.50
2015.06.04 12:17:52.892,0.99697,0.9971,1.00,1.00
2015.06.04 12:17:53.806,0.99697,0.9971,1.00,1.12
2015.06.04 12:17:54.262,0.99698,0.99711,1.00,1.50
2015.06.04 12:17:54.415,0.99698,0.99709,1.00,1.00
2015.06.04 12:17:54.640,0.99698,0.99711,1.00,1.00
2015.06.04 12:17:55.066,0.99696,0.9971,1.00,3.82
2015.06.04 12:17:55.167,0.99698,0.9971,1.00,2.32
2015.06.04 12:17:55.674,0.99697,0.99709,1.10,1.00
2015.06.04 12:17:55.931,0.99695,0.99709,1.00,1.00
2015.06.04 12:17:56.295,0.99697,0.99709,1.00,1.00
2015.06.04 12:17:57.386,0.99696,0.99709,1.00,1.00
2015.06.04 12:17:58.154,0.99695,0.99708,1.00,1.00
2015.06.04 12:17:58.683,0.99697,0.99709,1.00,1.12
2015.06.04 12:17:58.836,0.99695,0.99708,1.00,1.57
2015.06.04 12:17:59.038,0.99699,0.99707,1.00,1.50
2015.06.04 12:17:59.190,0.99702,0.99713,1.00,2.32
2015.06.04 12:17:59.390,0.99702,0.99715,1.00,1.12
2015.06.04 12:17:59.901,0.99703,0.99716,1.00,1.50
2015.06.04 12:18:00.478,0.99701,0.99713,1.10,1.00
2015.06.04 12:18:00.985,0.99699,0.99712,1.50,2.25
2015.06.04 12:18:01.086,0.99698,0.99711,1.00,1.00
2015.06.04 12:18:01.137,0.99698,0.99707,1.00,1.00
2015.06.04 12:18:01.188,0.99698,0.9971,1.00,1.50
2015.06.04 12:18:01.290,0.99697,0.99705,1.00,1.00
2015.06.04 12:18:01.486,0.99697,0.99708,1.00,1.00
2015.06.04 12:18:01.890,0.99695,0.99708,1.00,1.50
2015.06.04 12:18:02.425,0.99694,0.99708,1.57,2.25
2015.06.04 12:18:02.475,0.99696,0.99708,1.00,2.32
2015.06.04 12:18:03.097,0.99695,0.99708,1.00,1.00
2015.06.04 12:18:03.743,0.99696,0.99708,1.00,1.50
2015.06.04 12:18:04.063,0.997,0.9971,1.00,1.12
2015.06.04 12:18:04.165,0.997,0.99711,1.00,1.10
2015.06.04 12:18:04.670,0.99701,0.99712,1.00,1.12
2015.06.04 12:18:04.873,0.99699,0.9971,1.00,1.00
2015.06.04 12:18:05.024,0.99697,0.9971,1.00,1.00
2015.06.04 12:18:05.738,0.99698,0.99711,1.00,2.32
2015.06.04 12:18:06.397,0.99701,0.99711,1.00,1.10
2015.06.04 12:18:06.587,0.99701,0.99713,1.00,1.50
2015.06.04 12:18:06.843,0.997,0.99711,1.10,1.00
2015.06.04 12:18:06.947,0.99698,0.99711,1.57,1.00
2015.06.04 12:18:07.404,0.997,0.99711,1.00,1.00
2015.06.04 12:18:07.823,0.99698,0.99711,1.00,2.32
2015.06.04 12:18:09.388,0.99699,0.99712,1.00,1.87
2015.06.04 12:18:09.901,0.997,0.99712,1.00,1.87
2015.06.04 12:18:11.936,0.997,0.99711,1.00,1.87
2015.06.04 12:18:12.476,0.99699,0.99711,1.00,2.62
2015.06.04 12:18:13.085,0.99698,0.99711,1.00,3.37
2015.06.04 12:18:13.686,0.99697,0.99709,1.00,1.00
2015.06.04 12:18:13.888,0.99695,0.99708,1.00,1.00
2015.06.04 12:18:14.392,0.99694,0.99707,1.10,1.00
2015.06.04 12:18:14.443,0.99694,0.99705,1.10,1.00
2015.06.04 12:18:14.853,0.99694,0.99707,1.10,1.50
2015.06.04 12:18:15.074,0.99693,0.99705,1.12,1.00
2015.06.04 12:18:16.184,0.99693,0.99706,1.12,1.00
2015.06.04 12:18:16.628,0.99692,0.99704,3.37,1.00
2015.06.04 12:18:18.480,0.99694,0.99705,1.10,1.00
2015.06.04 12:18:20.164,0.99695,0.99705,1.00,1.00
2015.06.04 12:18:21.365,0.99695,0.99707,1.00,1.00
2015.06.04 12:18:22.036,0.99695,0.99706,1.00,1.00
2015.06.04 12:18:22.554,0.99693,0.99705,1.12,1.00
2015.06.04 12:18:23.583,0.99695,0.99705,1.00,1.00
2015.06.04 12:18:24.166,0.99694,0.99707,1.10,1.50
2015.06.04 12:18:24.673,0.99695,0.99706,1.00,1.00
2015.06.04 12:18:25.518,0.99696,0.99708,1.00,1.10
2015.06.04 12:18:26.215,0.99695,0.99708,1.00,1.00
2015.06.04 12:18:26.266,0.99697,0.99708,1.00,1.00
2015.06.04 12:18:26.469,0.99699,0.99711,1.00,1.10
2015.06.04 12:18:26.999,0.997,0.99711,1.00,1.00
2015.06.04 12:18:27.515,0.99698,0.99711,1.87,1.00
2015.06.04 12:18:28.714,0.99698,0.9971,1.87,1.00
2015.06.04 12:18:28.815,0.99698,0.99707,1.12,1.00
2015.06.04 12:18:29.018,0.99691,0.99704,1.75,1.00
2015.06.04 12:18:29.120,0.9969,0.99704,3.00,1.50
2015.06.04 12:18:29.641,0.9969,0.99702,1.50,1.00
2015.06.04 12:18:30.181,0.9969,0.99703,2.25,1.00
2015.06.04 12:18:30.698,0.99692,0.997,1.10,1.00
2015.06.04 12:18:30.800,0.9969,0.997,1.10,1.00
2015.06.04 12:18:30.851,0.99693,0.99701,1.00,1.00
2015.06.04 12:18:31.105,0.9969,0.99702,1.10,1.00
2015.06.04 12:18:31.927,0.99691,0.99702,1.00,1.00
2015.06.04 12:18:32.574,0.99693,0.99705,1.00,1.00
2015.06.04 12:18:33.029,0.9969,0.99704,2.32,1.57
2015.06.04 12:18:33.564,0.99691,0.99702,1.00,1.00
2015.06.04 12:18:34.228,0.99691,0.99704,1.00,1.10
2015.06.04 12:18:34.604,0.99691,0.99702,1.10,1.00
2015.06.04 12:18:35.217,0.99691,0.99703,1.10,1.00
2015.06.04 12:18:35.831,0.99692,0.99704,1.00,1.00
2015.06.04 12:18:36.134,0.99695,0.99704,1.00,1.00
2015.06.04 12:18:36.662,0.99695,0.99705,1.00,1.00
2015.06.04 12:18:37.524,0.99693,0.99705,1.57,1.00
2015.06.04 12:18:37.878,0.99696,0.99705,1.00,1.00
2015.06.04 12:18:37.929,0.99696,0.99708,1.00,1.00
2015.06.04 12:18:38.463,0.99697,0.99709,1.00,1.00
2015.06.04 12:18:38.982,0.99696,0.99708,1.57,1.00
2015.06.04 12:18:39.895,0.99696,0.99707,1.10,1.00
2015.06.04 12:18:40.148,0.99693,0.99705,3.00,1.00
2015.06.04 12:18:40.249,0.99694,0.99705,1.00,1.00
2015.06.04 12:18:40.830,0.99693,0.99707,1.10,1.00
2015.06.04 12:18:41.752,0.99693,0.99706,1.10,1.00
2015.06.04 12:18:42.221,0.99694,0.99708,1.00,1.50
2015.06.04 12:18:43.101,0.99696,0.99707,1.00,1.00
2015.06.04 12:18:43.203,0.99696,0.99709,1.00,1.00
2015.06.04 12:18:43.726,0.99695,0.99708,1.00,1.00
2015.06.04 12:18:45.204,0.99696,0.99708,1.00,1.00
2015.06.04 12:18:46.558,0.99695,0.99708,1.00,1.00
2015.06.04 12:18:47.712,0.99694,0.99707,1.50,1.00
2015.06.04 12:18:48.236,0.99695,0.99706,1.50,1.00
2015.06.04 12:18:48.590,0.99695,0.99708,1.00,1.50
2015.06.04 12:18:49.250,0.99694,0.99708,1.00,1.00
2015.06.04 12:18:49.456,0.99694,0.99706,1.00,1.00
2015.06.04 12:18:50.931,0.99692,0.99707,2.25,1.50
2015.06.04 12:18:51.554,0.99692,0.99706,1.10,1.00
2015.06.04 12:18:52.059,0.99691,0.99705,1.87,1.00
2015.06.04 12:18:52.590,0.99693,0.99705,1.00,1.00
2015.06.04 12:18:53.131,0.99693,0.99704,1.00,1.00
2015.06.04 12:18:53.385,0.99691,0.99705,1.10,1.00
2015.06.04 12:18:53.902,0.99694,0.99706,1.00,1.10
2015.06.04 12:18:54.003,0.99691,0.99706,1.57,1.10
2015.06.04 12:18:54.512,0.99691,0.99706,2.62,1.00
2015.06.04 12:18:55.434,0.99693,0.99707,1.00,1.50
2015.06.04 12:19:00.325,0.99693,0.99708,1.00,1.10
2015.06.04 12:19:00.831,0.99694,0.99709,1.00,1.50
2015.06.04 12:19:02.578,0.99694,0.99707,1.50,1.00
2015.06.04 12:19:03.120,0.99695,0.99707,1.57,1.00
2015.06.04 12:19:03.635,0.99695,0.99708,2.25,1.00
2015.06.04 12:19:04.649,0.99698,0.99708,1.00,1.00
2015.06.04 12:19:05.173,0.99698,0.99707,1.00,1.00
2015.06.04 12:19:05.427,0.99695,0.99707,1.50,1.00
2015.06.04 12:19:06.171,0.99695,0.99708,2.25,1.00
2015.06.04 12:19:06.693,0.99695,0.99707,1.50,1.00
2015.06.04 12:19:07.203,0.99696,0.99708,1.00,1.00
2015.06.04 12:19:07.868,0.99695,0.99708,1.50,1.00
2015.06.04 12:19:08.414,0.99695,0.99707,1.00,1.00
2015.06.04 12:19:08.863,0.99697,0.99707,1.00,1.00
2015.06.04 12:19:08.964,0.99695,0.99708,2.25,1.00
2015.06.04 12:19:10.161,0.99696,0.99708,1.00,1.00
2015.06.04 12:19:10.713,0.99697,0.99709,1.00,1.00
2015.06.04 12:19:11.389,0.99697,0.9971,1.50,1.00
2015.06.04 12:19:11.893,0.99697,0.99709,1.00,1.00
2015.06.04 12:19:12.752,0.99699,0.99709,1.00,1.00
2015.06.04 12:19:13.269,0.99697,0.99709,3.37,1.00
2015.06.04 12:19:13.320,0.997,0.99709,1.00,1.00
2015.06.04 12:19:13.493,0.99698,0.99711,1.00,1.00
2015.06.04 12:19:13.645,0.997,0.99711,1.00,1.00
2015.06.04 12:19:14.291,0.99701,0.99711,1.50,1.00
2015.06.04 12:19:14.544,0.99707,0.99719,1.00,1.00
2015.06.04 12:19:15.035,0.9971,0.99723,1.00,1.10
2015.06.04 12:19:15.085,0.99713,0.99724,1.50,1.10
2015.06.04 12:19:15.389,0.99719,0.99732,1.00,1.10
2015.06.04 12:19:15.440,0.99719,0.9973,1.50,1.00
2015.06.04 12:19:15.542,0.99719,0.99732,1.57,1.00
2015.06.04 12:19:16.188,0.99721,0.99731,1.00,1.00
2015.06.04 12:19:16.862,0.99721,0.99733,1.00,1.00
2015.06.04 12:19:17.062,0.99721,0.99731,1.00,1.00
2015.06.04 12:19:17.698,0.9972,0.99732,1.50,1.00
2015.06.04 12:19:17.749,0.9972,0.99734,1.50,1.00
2015.06.04 12:19:18.620,0.9972,0.99733,1.50,1.00
2015.06.04 12:19:20.582,0.9972,0.99732,1.00,1.00
2015.06.04 12:19:21.153,0.9972,0.99733,1.50,1.00
2015.06.04 12:19:21.791,0.99721,0.99733,1.00,1.00
2015.06.04 12:19:22.790,0.99721,0.99734,1.87,1.00
2015.06.04 12:19:22.943,0.99723,0.99734,1.00,1.00
2015.06.04 12:19:23.382,0.99721,0.99733,1.50,1.00
2015.06.04 12:19:23.897,0.99721,0.99734,2.25,1.00
2015.06.04 12:19:24.441,0.99722,0.99733,1.00,1.00
2015.06.04 12:19:24.725,0.99722,0.99735,1.00,1.50
2015.06.04 12:19:25.996,0.99721,0.99734,2.62,1.00
2015.06.04 12:19:26.589,0.99722,0.99735,1.00,1.50
2015.06.04 12:19:26.640,0.99722,0.99733,1.00,1.00
2015.06.04 12:19:26.893,0.99722,0.99735,1.00,1.50
2015.06.04 12:19:27.401,0.99723,0.99735,1.00,1.00
2015.06.04 12:19:27.814,0.99721,0.99734,1.50,1.00
2015.06.04 12:19:29.421,0.99721,0.99733,1.50,1.00
2015.06.04 12:19:31.005,0.9972,0.99733,1.00,1.00
2015.06.04 12:19:31.544,0.99721,0.99734,1.50,1.50
2015.06.04 12:19:32.069,0.99721,0.99733,1.50,1.00
2015.06.04 12:19:33.934,0.99721,0.99732,1.00,1.00
2015.06.04 12:19:33.985,0.99719,0.99732,1.50,1.00
2015.06.04 12:19:34.036,0.99721,0.99732,1.00,1.00
2015.06.04 12:19:34.570,0.99721,0.99731,1.00,1.00
2015.06.04 12:19:35.121,0.99721,0.99732,1.00,1.00
2015.06.04 12:19:35.470,0.99721,0.9973,1.00,1.00
2015.06.04 12:19:35.571,0.99721,0.99732,1.00,1.00
2015.06.04 12:19:36.093,0.99721,0.99731,1.00,1.00
2015.06.04 12:19:36.424,0.99718,0.99731,1.10,1.00
2015.06.04 12:19:36.933,0.99719,0.9973,1.00,1.50
2015.06.04 12:19:36.985,0.99716,0.99728,1.50,1.00
2015.06.04 12:19:37.238,0.99718,0.99731,1.00,1.00
2015.06.04 12:19:37.289,0.99722,0.99731,1.00,1.00
2015.06.04 12:19:37.340,0.99718,0.99731,1.50,1.00
2015.06.04 12:19:37.918,0.99719,0.99731,1.50,1.00
2015.06.04 12:19:38.738,0.99719,0.99732,1.50,1.00
2015.06.04 12:19:39.944,0.9972,0.99733,1.00,1.87
2015.06.04 12:19:40.591,0.99719,0.99732,1.00,1.00
2015.06.04 12:19:41.096,0.9972,0.99732,1.00,1.00
2015.06.04 12:19:41.422,0.99718,0.99731,1.50,1.00
2015.06.04 12:19:42.027,0.99719,0.99732,1.00,1.00
2015.06.04 12:19:42.531,0.99721,0.99733,1.00,1.00
2015.06.04 12:19:43.051,0.9972,0.99733,1.50,1.00
2015.06.04 12:19:43.604,0.99721,0.99734,1.00,1.10
2015.06.04 12:19:43.950,0.99724,0.99736,1.50,1.50
2015.06.04 12:19:44.052,0.99726,0.99739,1.50,1.12
2015.06.04 12:19:44.153,0.99726,0.9974,1.50,1.00
2015.06.04 12:19:44.851,0.99728,0.99742,1.50,1.50
2015.06.04 12:19:45.359,0.99729,0.99742,1.00,1.00
2015.06.04 12:19:45.905,0.9973,0.99743,1.00,1.20
2015.06.04 12:19:49.777,0.99731,0.99744,1.00,1.95
2015.06.04 12:19:50.298,0.99731,0.99745,1.00,1.12
2015.06.04 12:19:50.400,0.99731,0.99746,1.00,2.32
2015.06.04 12:19:51.300,0.99731,0.99745,1.00,1.00
2015.06.04 12:19:51.815,0.99731,0.99744,1.00,1.00
2015.06.04 12:19:52.436,0.99732,0.99744,1.00,1.00
2015.06.04 12:19:53.038,0.99732,0.99743,1.00,1.00
2015.06.04 12:19:55.274,0.99731,0.99743,1.00,1.10
2015.06.04 12:19:55.905,0.9973,0.99744,1.00,1.87
2015.06.04 12:19:57.760,0.99729,0.99743,1.00,1.57
2015.06.04 12:19:58.278,0.99728,0.99743,1.57,1.57
2015.06.04 12:19:58.430,0.9973,0.99743,1.00,1.57
2015.06.04 12:19:58.935,0.99731,0.99744,1.00,1.12
2015.06.04 12:19:59.453,0.99732,0.99744,1.00,1.12
2015.06.04 12:19:59.959,0.99731,0.99744,1.00,1.50
2015.06.04 12:20:00.060,0.99732,0.99746,1.00,1.57
2015.06.04 12:20:00.212,0.99734,0.99747,1.00,2.62
2015.06.04 12:20:00.529,0.99736,0.99749,1.00,2.25
2015.06.04 12:20:00.733,0.99732,0.99744,1.10,1.50
2015.06.04 12:20:00.936,0.99734,0.99746,1.00,1.00
2015.06.04 12:20:01.139,0.99735,0.99748,1.57,1.00
2015.06.04 12:20:01.189,0.99735,0.99749,2.25,1.00
2015.06.04 12:20:01.506,0.99737,0.99748,1.50,1.00
2015.06.04 12:20:01.610,0.99737,0.99751,1.50,1.00
2015.06.04 12:20:02.128,0.99737,0.99751,1.12,1.00
2015.06.04 12:20:02.229,0.99738,0.99749,1.10,1.00
2015.06.04 12:20:02.765,0.99736,0.9975,1.50,1.50
2015.06.04 12:20:03.474,0.99737,0.9975,1.00,1.00
2015.06.04 12:20:03.801,0.99729,0.99739,2.25,1.00
2015.06.04 12:20:03.852,0.99729,0.99739,1.00,1.00
2015.06.04 12:20:04.357,0.99728,0.99739,1.00,1.00
2015.06.04 12:20:04.879,0.99727,0.99738,1.10,1.00
2015.06.04 12:20:09.737,0.99726,0.99739,1.87,1.00
2015.06.04 12:20:10.075,0.99725,0.99736,2.25,1.00
2015.06.04 12:20:10.127,0.99721,0.99734,3.00,1.00
2015.06.04 12:20:10.230,0.99722,0.99735,1.00,1.50
2015.06.04 12:20:10.382,0.99721,0.99733,1.57,1.00
2015.06.04 12:20:10.839,0.99723,0.99733,1.00,1.00
2015.06.04 12:20:10.941,0.99724,0.99737,1.50,1.87
2015.06.04 12:20:11.042,0.99728,0.99738,1.00,1.50
2015.06.04 12:20:11.093,0.99728,0.9974,1.00,1.50
2015.06.04 12:20:11.285,0.99728,0.9974,1.50,1.10
2015.06.04 12:20:11.337,0.9973,0.99742,1.00,1.12
2015.06.04 12:20:11.850,0.9973,0.99743,2.25,1.12
2015.06.04 12:20:12.735,0.9973,0.99743,2.25,1.00
2015.06.04 12:20:13.251,0.99731,0.99743,1.00,1.00
2015.06.04 12:20:13.802,0.9973,0.99743,2.25,1.00
2015.06.04 12:20:14.584,0.99731,0.99742,1.00,1.00
2015.06.04 12:20:15.759,0.99731,0.99744,1.00,1.57
2015.06.04 12:20:16.566,0.99731,0.99744,1.00,2.25
2015.06.04 12:20:16.998,0.99729,0.99742,1.50,1.10
2015.06.04 12:20:17.150,0.99729,0.99742,1.00,2.25
2015.06.04 12:20:18.678,0.9973,0.99742,1.00,1.50
2015.06.04 12:20:19.181,0.99729,0.99742,1.50,1.50
2015.06.04 12:20:19.751,0.99729,0.99742,1.50,1.12
2015.06.04 12:20:20.062,0.99731,0.99742,1.00,1.12
2015.06.04 12:20:20.151,0.99729,0.99742,1.50,1.12
2015.06.04 12:20:20.698,0.9973,0.99743,1.00,2.25
2015.06.04 12:20:21.204,0.99731,0.99743,1.00,2.25
2015.06.04 12:20:23.164,0.99731,0.99743,1.00,1.12
2015.06.04 12:20:23.672,0.99731,0.99742,1.00,1.12
2015.06.04 12:20:24.174,0.9973,0.99742,1.50,1.12
2015.06.04 12:20:25.025,0.99732,0.99744,1.00,1.87
2015.06.04 12:20:25.530,0.99733,0.99744,1.00,1.50
2015.06.04 12:20:25.834,0.99734,0.99745,1.50,1.12
2015.06.04 12:20:26.703,0.99734,0.99747,1.50,1.20
2015.06.04 12:20:27.007,0.99732,0.99745,1.50,1.00
2015.06.04 12:20:27.542,0.99733,0.99745,1.00,1.10
2015.06.04 12:20:28.051,0.99732,0.99745,1.00,1.10
2015.06.04 12:20:29.330,0.99734,0.99745,1.00,1.10
2015.06.04 12:20:29.784,0.9973,0.99743,1.87,1.00
2015.06.04 12:20:30.327,0.99732,0.99744,1.00,1.00
2015.06.04 12:20:30.833,0.99731,0.99744,1.00,1.50
2015.06.04 12:20:31.388,0.9973,0.99744,1.87,1.50
2015.06.04 12:20:31.901,0.99731,0.99744,1.00,1.50
2015.06.04 12:20:32.414,0.99732,0.99744,1.00,1.00
2015.06.04 12:20:32.616,0.99734,0.99744,1.00,1.00
2015.06.04 12:20:33.143,0.99734,0.99746,1.00,1.10
2015.06.04 12:20:33.674,0.99735,0.99748,1.00,1.50
2015.06.04 12:20:33.775,0.99736,0.99748,1.00,1.10
2015.06.04 12:20:33.826,0.99738,0.99748,1.00,1.10
2015.06.04 12:20:34.130,0.99736,0.99748,1.00,1.10
2015.06.04 12:20:34.692,0.99735,0.99748,1.00,1.57
2015.06.04 12:20:35.163,0.99734,0.99746,1.50,1.00
2015.06.04 12:20:35.214,0.99734,0.99748,1.50,1.95
2015.06.04 12:20:35.265,0.99735,0.99746,1.00,1.00
2015.06.04 12:20:35.366,0.99734,0.99748,1.50,1.95
2015.06.04 12:20:35.882,0.99735,0.99747,1.00,1.00
2015.06.04 12:20:36.388,0.99734,0.99748,1.50,2.70
2015.06.04 12:20:37.027,0.99735,0.99748,1.00,1.95
2015.06.04 12:20:37.078,0.99737,0.99748,1.00,1.10
2015.06.04 12:20:37.584,0.99738,0.9975,1.00,2.62
2015.06.04 12:20:39.158,0.99738,0.9975,1.00,1.20
2015.06.04 12:20:39.664,0.99739,0.99749,1.00,1.00
2015.06.04 12:20:40.181,0.99738,0.99749,1.00,1.00
2015.06.04 12:20:41.621,0.99737,0.99749,1.00,1.00
2015.06.04 12:20:42.165,0.99738,0.99749,1.00,1.00
2015.06.04 12:20:42.763,0.99738,0.99751,1.00,3.00
2015.06.04 12:20:43.265,0.99739,0.99751,1.00,1.50
2015.06.04 12:20:43.773,0.99738,0.99751,1.00,1.87
2015.06.04 12:20:44.623,0.99738,0.99751,1.00,2.25
2015.06.04 12:20:45.126,0.99737,0.99749,1.00,1.00
2015.06.04 12:20:45.720,0.99737,0.9975,1.50,1.10
2015.06.04 12:20:47.259,0.99735,0.99748,1.87,1.00
2015.06.04 12:20:47.563,0.99744,0.99754,1.50,1.75
2015.06.04 12:20:47.614,0.99744,0.99757,1.87,1.50
2015.06.04 12:20:47.665,0.99748,0.99758,1.00,1.00
2015.06.04 12:20:47.918,0.99747,0.9976,1.50,1.00
2015.06.04 12:20:48.019,0.99749,0.99762,1.00,3.45
2015.06.04 12:20:48.877,0.99748,0.99761,1.00,1.00
2015.06.04 12:20:49.402,0.99749,0.99761,1.00,1.37
2015.06.04 12:20:49.453,0.99746,0.99759,1.00,1.12
2015.06.04 12:20:49.554,0.99744,0.99758,1.57,1.12
2015.06.04 12:20:49.655,0.99743,0.99756,1.50,1.12
2015.06.04 12:20:50.180,0.99742,0.99756,1.57,1.87
2015.06.04 12:20:52.754,0.99743,0.99755,1.00,1.00
2015.06.04 12:20:53.319,0.99743,0.99756,1.50,1.00
2015.06.04 12:20:53.825,0.99744,0.99755,1.00,1.00
2015.06.04 12:20:54.843,0.99742,0.99756,2.70,1.50
2015.06.04 12:20:55.484,0.99742,0.99755,2.32,1.00
2015.06.04 12:20:56.040,0.99742,0.99756,2.32,1.50
2015.06.04 12:20:56.595,0.99743,0.99756,1.00,1.00
2015.06.04 12:20:56.917,0.99744,0.99758,1.00,1.00
2015.06.04 12:20:57.507,0.99745,0.99759,1.00,2.70
2015.06.04 12:20:57.557,0.99745,0.99756,1.50,1.00
2015.06.04 12:20:57.659,0.99744,0.99759,1.50,1.95
2015.06.04 12:20:58.172,0.99744,0.99758,1.00,1.00
2015.06.04 12:20:58.803,0.99744,0.99756,1.50,1.00
2015.06.04 12:20:58.854,0.99744,0.99759,1.50,2.70
2015.06.04 12:20:58.955,0.99745,0.99757,1.50,1.00
2015.06.04 12:20:59.340,0.99748,0.99759,1.50,1.00
2015.06.04 12:21:00.207,0.99747,0.9976,1.00,1.10
2015.06.04 12:21:00.555,0.99747,0.99758,1.12,1.00
2015.06.04 12:21:01.061,0.99744,0.99757,2.25,1.00
2015.06.04 12:21:01.837,0.99745,0.99758,1.75,1.12
2015.06.04 12:21:02.091,0.99746,0.9976,1.50,2.62
2015.06.04 12:21:02.612,0.99747,0.99759,1.12,1.87
2015.06.04 12:21:03.171,0.99745,0.99757,1.75,1.00
2015.06.04 12:21:03.424,0.99746,0.99757,1.00,1.00
2015.06.04 12:21:03.626,0.99747,0.99759,1.00,1.87
2015.06.04 12:21:04.185,0.99746,0.99759,1.00,1.87
2015.06.04 12:21:04.700,0.99745,0.99758,1.10,2.25
2015.06.04 12:21:05.224,0.99744,0.99757,1.10,1.00
2015.06.04 12:21:10.227,0.99745,0.99757,1.00,1.12
2015.06.04 12:21:12.885,0.99746,0.99757,1.00,1.50
2015.06.04 12:21:13.292,0.99748,0.99757,1.00,1.00
2015.06.04 12:21:13.949,0.99748,0.99758,1.00,1.00
2015.06.04 12:21:16.508,0.9975,0.99758,1.00,1.00
2015.06.04 12:21:16.660,0.99749,0.99761,1.00,1.00
2015.06.04 12:21:17.165,0.99747,0.99756,1.10,1.00
2015.06.04 12:21:17.548,0.99739,0.9975,1.75,1.00
2015.06.04 12:21:17.599,0.99738,0.9975,1.12,1.00
2015.06.04 12:21:17.701,0.99737,0.99749,1.57,1.00
2015.06.04 12:21:19.037,0.99736,0.99748,1.12,1.00
2015.06.04 12:21:19.290,0.99734,0.99748,1.87,1.00
2015.06.04 12:21:19.593,0.99732,0.99746,3.00,1.00
2015.06.04 12:21:20.114,0.99732,0.99745,1.50,1.00
2015.06.04 12:21:20.781,0.99732,0.99744,2.25,1.00
2015.06.04 12:21:21.230,0.99732,0.99746,1.50,1.00
2015.06.04 12:21:21.733,0.99732,0.99745,1.50,1.12
2015.06.04 12:21:22.279,0.99732,0.99744,1.50,1.50
2015.06.04 12:21:24.502,0.99732,0.99744,1.10,1.50
2015.06.04 12:21:26.745,0.99732,0.99743,1.10,1.00
2015.06.04 12:21:28.937,0.99732,0.99744,1.10,1.00
2015.06.04 12:21:28.988,0.99734,0.99744,1.00,1.00
2015.06.04 12:21:29.297,0.99741,0.99753,1.00,1.00
2015.06.04 12:21:29.821,0.99742,0.99754,1.00,1.00
2015.06.04 12:21:30.426,0.99742,0.99755,1.10,2.25
2015.06.04 12:21:30.927,0.99742,0.99754,1.10,1.00
2015.06.04 12:21:31.589,0.99741,0.99753,2.62,1.00
2015.06.04 12:21:31.859,0.99739,0.99748,1.00,1.00
2015.06.04 12:21:31.910,0.99737,0.99748,1.10,1.00
2015.06.04 12:21:32.316,0.99734,0.99747,4.64,1.00
2015.06.04 12:21:32.569,0.99734,0.99745,3.14,1.00
2015.06.04 12:21:33.073,0.99733,0.99746,1.10,1.00
2015.06.04 12:21:33.586,0.99734,0.99747,1.50,2.25
2015.06.04 12:21:34.169,0.99735,0.99747,1.00,1.00
2015.06.04 12:21:34.675,0.99734,0.99747,1.00,1.00
2015.06.04 12:21:35.191,0.99734,0.99748,1.12,1.50
2015.06.04 12:21:36.332,0.99736,0.99748,1.00,1.50
2015.06.04 12:21:36.871,0.99738,0.99749,1.00,1.50
2015.06.04 12:21:37.418,0.99736,0.99748,1.10,1.50
2015.06.04 12:21:37.960,0.99736,0.99747,1.57,1.00
2015.06.04 12:21:38.061,0.99736,0.99745,1.10,1.00
2015.06.04 12:21:38.606,0.99734,0.99745,1.87,1.00
2015.06.04 12:21:38.708,0.99734,0.99747,1.87,1.00
2015.06.04 12:21:39.412,0.99734,0.99748,1.12,1.00
2015.06.04 12:21:40.619,0.99735,0.99747,1.10,1.00
2015.06.04 12:21:41.165,0.99735,0.99748,1.10,1.00
2015.06.04 12:21:42.225,0.99736,0.9975,1.50,3.45
2015.06.04 12:21:42.326,0.99738,0.9975,1.00,2.70
2015.06.04 12:21:42.856,0.99739,0.9975,1.00,2.62
2015.06.04 12:21:42.907,0.99737,0.9975,1.00,2.62
2015.06.04 12:21:43.482,0.99737,0.9975,1.00,2.70
2015.06.04 12:21:43.995,0.99736,0.99748,2.32,1.00
2015.06.04 12:21:44.452,0.99738,0.9975,2.25,1.10
2015.06.04 12:21:44.756,0.9974,0.99752,1.10,1.00
2015.06.04 12:21:45.388,0.99741,0.99752,1.00,1.00
2015.06.04 12:21:46.290,0.9974,0.99751,1.57,1.00
2015.06.04 12:21:46.849,0.9974,0.99752,1.10,1.00
2015.06.04 12:21:47.371,0.9974,0.99753,1.57,1.87
2015.06.04 12:21:48.310,0.9974,0.99753,2.62,1.12
2015.06.04 12:21:48.816,0.99742,0.99753,1.00,1.12
2015.06.04 12:21:49.503,0.9974,0.99753,1.87,1.87
2015.06.04 12:21:50.051,0.9974,0.99752,1.12,1.00
2015.06.04 12:21:55.900,0.9974,0.99753,1.87,1.50
2015.06.04 12:21:56.405,0.99739,0.99752,1.50,1.00
2015.06.04 12:21:58.451,0.9974,0.99753,1.12,1.00
2015.06.04 12:21:59.194,0.99741,0.99754,1.10,1.87
2015.06.04 12:21:59.695,0.9974,0.99753,1.12,1.00
2015.06.04 12:22:00.833,0.99739,0.99752,2.25,1.00
2015.06.04 12:22:01.908,0.99741,0.99754,1.10,1.87
2015.06.04 12:22:02.450,0.99739,0.99752,3.00,1.00
2015.06.04 12:22:03.039,0.99739,0.99752,2.32,1.00
2015.06.04 12:22:05.905,0.9974,0.99753,1.00,1.50
2015.06.04 12:22:06.600,0.99741,0.99752,1.00,1.00
2015.06.04 12:22:06.906,0.99741,0.99754,1.00,1.12
2015.06.04 12:22:07.109,0.99741,0.99752,1.00,1.00
2015.06.04 12:22:07.891,0.99742,0.99752,1.00,1.00
2015.06.04 12:22:08.510,0.9974,0.99753,1.00,1.50
2015.06.04 12:22:10.099,0.9974,0.99753,1.00,1.87
2015.06.04 12:22:10.150,0.99739,0.99749,1.50,1.00
2015.06.04 12:22:10.403,0.99737,0.9975,1.10,1.50
2015.06.04 12:22:10.555,0.99737,0.99748,1.10,1.00
2015.06.04 12:22:10.657,0.99737,0.9975,1.10,1.00
2015.06.04 12:22:11.231,0.99738,0.99749,1.00,1.50
2015.06.04 12:22:11.597,0.99733,0.99741,1.75,1.00
2015.06.04 12:22:11.750,0.9973,0.99737,1.00,1.00
2015.06.04 12:22:11.801,0.99727,0.99737,1.12,1.00
2015.06.04 12:22:11.902,0.99726,0.99737,1.00,1.00
2015.06.04 12:22:12.156,0.99727,0.99739,1.00,1.00
2015.06.04 12:22:12.257,0.99728,0.99736,1.00,1.00
2015.06.04 12:22:12.308,0.99725,0.99736,1.87,1.00
2015.06.04 12:22:12.828,0.99725,0.99738,1.87,1.50
2015.06.04 12:22:13.237,0.99727,0.99735,1.00,1.00
2015.06.04 12:22:13.391,0.99725,0.99735,1.50,1.00
2015.06.04 12:22:13.595,0.99723,0.99733,1.12,1.00
2015.06.04 12:22:13.910,0.99722,0.99728,1.00,1.50
2015.06.04 12:22:14.213,0.99722,0.99726,1.00,1.00
2015.06.04 12:22:14.720,0.99716,0.99727,1.10,1.00
2015.06.04 12:22:15.260,0.99715,0.99726,1.12,1.00
2015.06.04 12:22:16.126,0.99714,0.99725,1.50,1.00
2015.06.04 12:22:16.579,0.99714,0.99727,1.50,1.00
2015.06.04 12:22:17.196,0.99714,0.99728,1.50,2.25
2015.06.04 12:22:17.713,0.99717,0.99728,1.50,1.00
2015.06.04 12:22:18.255,0.99717,0.99729,1.00,1.00
2015.06.04 12:22:18.409,0.99717,0.99727,1.00,1.00
2015.06.04 12:22:18.974,0.99716,0.99727,1.10,1.50
2015.06.04 12:22:21.121,0.99717,0.99727,1.00,1.00
2015.06.04 12:22:21.833,0.99717,0.99728,1.00,1.00
2015.06.04 12:22:22.589,0.99717,0.99727,1.00,1.00
2015.06.04 12:22:23.199,0.99717,0.99728,1.00,1.00
2015.06.04 12:22:23.809,0.99717,0.99729,1.00,1.00
2015.06.04 12:22:24.693,0.99717,0.99727,1.00,1.00
2015.06.04 12:22:25.786,0.99717,0.99728,1.00,1.00
2015.06.04 12:22:26.653,0.99717,0.99727,1.00,1.00
2015.06.04 12:22:27.190,0.99717,0.99728,1.00,1.00
2015.06.04 12:22:27.471,0.99713,0.99725,2.32,1.00
2015.06.04 12:22:27.623,0.99717,0.99725,1.00,1.00
2015.06.04 12:22:27.674,0.99717,0.99727,1.00,1.50
2015.06.04 12:22:28.207,0.99717,0.99728,1.00,1.00
2015.06.04 12:22:28.943,0.99715,0.99727,1.50,1.00
2015.06.04 12:22:31.654,0.99714,0.99727,2.32,1.00
2015.06.04 12:22:32.519,0.99714,0.99724,1.57,1.00
2015.06.04 12:22:32.671,0.99714,0.99726,1.10,1.00
2015.06.04 12:22:33.321,0.99714,0.99727,1.10,2.25
2015.06.04 12:22:33.371,0.99714,0.99725,1.10,1.00
2015.06.04 12:22:33.777,0.99712,0.99724,1.00,1.12
2015.06.04 12:22:35.341,0.99712,0.99722,1.00,1.00
2015.06.04 12:22:35.594,0.99712,0.99724,1.00,1.00
2015.06.04 12:22:35.745,0.9971,0.99723,1.10,1.50
2015.06.04 12:22:36.259,0.99709,0.99722,1.87,1.50
2015.06.04 12:22:36.689,0.99709,0.9972,1.87,1.00
2015.06.04 12:22:37.432,0.99711,0.99722,1.00,1.50
2015.06.04 12:22:37.946,0.99712,0.99721,1.00,1.00
2015.06.04 12:22:37.997,0.99715,0.99728,1.00,2.62
2015.06.04 12:22:38.098,0.99717,0.99729,1.00,2.25
2015.06.04 12:22:38.149,0.99717,0.9973,1.00,2.25
2015.06.04 12:22:38.201,0.99721,0.9973,1.00,1.00
2015.06.04 12:22:38.352,0.99719,0.99732,1.10,1.50
2015.06.04 12:22:38.897,0.9972,0.99732,1.00,1.00
2015.06.04 12:22:39.442,0.99721,0.99733,1.10,1.00
2015.06.04 12:22:39.984,0.99719,0.99732,2.62,1.00
2015.06.04 12:22:41.910,0.9972,0.99732,1.00,1.00
2015.06.04 12:22:44.507,0.9972,0.99733,2.25,1.00
2015.06.04 12:22:46.150,0.9972,0.99731,1.50,1.00
2015.06.04 12:22:46.656,0.9972,0.99732,1.00,1.00
2015.06.04 12:22:47.281,0.9972,0.99733,1.50,1.00
2015.06.04 12:22:48.005,0.9972,0.99732,1.00,1.00
2015.06.04 12:22:48.632,0.99719,0.99732,2.70,1.00
2015.06.04 12:22:49.869,0.99718,0.99731,3.37,1.00
2015.06.04 12:22:50.370,0.99719,0.99732,2.32,1.00
2015.06.04 12:22:51.212,0.9972,0.99733,1.00,1.00
2015.06.04 12:22:51.539,0.9972,0.99731,1.00,1.00
2015.06.04 12:22:51.979,0.9972,0.99733,1.00,1.00
2015.06.04 12:22:52.181,0.99719,0.99731,2.32,1.00
2015.06.04 12:22:52.849,0.99719,0.99732,2.32,1.00
2015.06.04 12:22:54.414,0.99718,0.99732,2.70,1.00
2015.06.04 12:22:55.610,0.99719,0.99732,1.00,1.00
2015.06.04 12:22:57.073,0.9972,0.99733,1.00,1.50
2015.06.04 12:22:57.377,0.99731,0.99743,1.00,1.75
2015.06.04 12:22:57.428,0.99733,0.99743,1.00,1.00
2015.06.04 12:22:57.580,0.99731,0.99744,1.00,1.00
2015.06.04 12:22:58.109,0.99732,0.99744,1.00,1.00
2015.06.04 12:22:59.580,0.99732,0.99743,1.50,1.00
2015.06.04 12:23:00.129,0.99732,0.99744,1.00,1.50
2015.06.04 12:23:00.649,0.99732,0.99743,1.00,1.00
2015.06.04 12:23:01.464,0.99732,0.99744,1.50,1.00
2015.06.04 12:23:04.283,0.99731,0.99744,2.25,1.00
2015.06.04 12:23:04.853,0.99731,0.99743,1.00,1.00
2015.06.04 12:23:05.116,0.99729,0.9974,1.50,1.12
2015.06.04 12:23:05.319,0.99731,0.99742,1.00,1.00
2015.06.04 12:23:05.825,0.9973,0.99743,1.50,2.25
2015.06.04 12:23:06.045,0.99728,0.99739,1.00,1.00
2015.06.04 12:23:06.298,0.99726,0.99738,1.10,1.00
2015.06.04 12:23:06.804,0.99726,0.99739,1.50,1.87
2015.06.04 12:23:07.319,0.99726,0.99739,1.00,1.87
2015.06.04 12:23:07.854,0.99725,0.99738,1.10,1.12
2015.06.04 12:23:08.360,0.99726,0.99739,1.00,1.87
2015.06.04 12:23:08.858,0.99726,0.99736,1.00,1.00
2015.06.04 12:23:09.061,0.99726,0.99739,1.00,2.62
2015.06.04 12:23:09.263,0.99724,0.99737,1.00,1.50
2015.06.04 12:23:09.808,0.99723,0.99736,1.00,1.00
2015.06.04 12:23:10.355,0.99724,0.99737,1.00,1.87
2015.06.04 12:23:10.891,0.99725,0.99737,1.00,1.12
2015.06.04 12:23:12.519,0.99725,0.99736,1.00,1.00
2015.06.04 12:23:12.672,0.99722,0.99735,1.50,1.87
2015.06.04 12:23:12.773,0.99724,0.99736,1.50,1.00
2015.06.04 12:23:12.976,0.99725,0.99739,1.50,2.32
2015.06.04 12:23:13.441,0.99727,0.99739,1.00,1.00
2015.06.04 12:23:13.744,0.9973,0.9974,1.00,1.00
2015.06.04 12:23:14.049,0.99734,0.99743,1.00,1.50
2015.06.04 12:23:14.100,0.99734,0.99745,1.00,1.00
2015.06.04 12:23:14.464,0.99735,0.99742,1.00,1.00
2015.06.04 12:23:14.521,0.99733,0.99744,1.00,1.00
2015.06.04 12:23:14.572,0.99733,0.99744,1.50,1.00
2015.06.04 12:23:14.977,0.99733,0.99746,2.25,1.50
2015.06.04 12:23:15.658,0.99735,0.99746,1.10,2.62
2015.06.04 12:23:16.165,0.99734,0.99745,1.00,1.12
2015.06.04 12:23:16.671,0.99734,0.99747,1.00,3.37
2015.06.04 12:23:17.217,0.99734,0.99743,1.00,1.00
2015.06.04 12:23:17.774,0.99734,0.99745,1.00,2.62
2015.06.04 12:23:19.179,0.99734,0.99743,1.00,1.00
2015.06.04 12:23:20.438,0.99735,0.99744,1.00,1.37
2015.06.04 12:23:20.844,0.99734,0.99745,1.00,1.00
2015.06.04 12:23:21.350,0.99734,0.99745,1.12,1.00
2015.06.04 12:23:23.628,0.99735,0.99746,1.10,1.00
2015.06.04 12:23:27.758,0.99734,0.99746,1.12,1.37
2015.06.04 12:23:28.771,0.99734,0.99747,1.12,3.37
2015.06.04 12:23:29.357,0.99734,0.99747,1.12,1.87
2015.06.04 12:23:30.185,0.99734,0.99747,1.12,1.87
2015.06.04 12:23:30.707,0.99735,0.99747,1.10,1.37
2015.06.04 12:23:31.991,0.99735,0.99746,1.10,1.12
2015.06.04 12:23:32.142,0.99737,0.99747,1.00,1.12
2015.06.04 12:23:32.612,0.99737,0.99747,1.00,1.37
2015.06.04 12:23:32.663,0.99732,0.99744,1.75,1.00
2015.06.04 12:23:32.869,0.99732,0.99744,1.12,1.00
2015.06.04 12:23:33.168,0.99731,0.99744,1.50,1.87
2015.06.04 12:23:33.320,0.99729,0.9974,1.87,1.00
2015.06.04 12:23:33.676,0.99731,0.99742,1.00,1.00
2015.06.04 12:23:33.878,0.99731,0.99744,1.00,2.25
2015.06.04 12:23:34.459,0.9973,0.99743,1.57,1.00
2015.06.04 12:23:34.737,0.99732,0.99743,1.00,1.00
2015.06.04 12:23:37.945,0.99731,0.99742,1.00,1.00
2015.06.04 12:23:40.593,0.99729,0.99742,3.37,1.00
2015.06.04 12:23:41.565,0.99731,0.99742,1.00,1.00
2015.06.04 12:23:45.325,0.99729,0.99742,2.62,1.00
2015.06.04 12:23:45.850,0.99731,0.99742,1.00,1.00
2015.06.04 12:23:46.429,0.99729,0.99742,2.62,1.00
2015.06.04 12:23:46.953,0.9973,0.99743,1.57,1.00
2015.06.04 12:23:50.133,0.99731,0.99743,1.00,1.00
2015.06.04 12:23:50.659,0.9973,0.99743,1.57,1.00
2015.06.04 12:23:53.114,0.99731,0.99744,1.00,1.87
2015.06.04 12:23:53.889,0.99731,0.99743,1.00,1.00
2015.06.04 12:23:54.465,0.9973,0.99743,1.50,1.00
2015.06.04 12:23:54.862,0.99729,0.99741,1.10,1.00
2015.06.04 12:23:58.290,0.99728,0.9974,1.50,1.00
2015.06.04 12:24:02.187,0.9973,0.99741,1.00,1.00
2015.06.04 12:24:02.697,0.9973,0.99742,1.00,1.00
2015.06.04 12:24:03.809,0.99731,0.99742,1.00,1.00
2015.06.04 12:24:04.312,0.9973,0.99742,1.00,1.00
2015.06.04 12:24:05.702,0.99729,0.99742,2.25,1.50
2015.06.04 12:24:08.388,0.99731,0.99742,1.00,1.00
2015.06.04 12:24:10.927,0.99731,0.99744,1.00,1.00
2015.06.04 12:24:11.250,0.99733,0.99744,1.00,1.00
2015.06.04 12:24:11.504,0.99731,0.99744,1.10,1.50
2015.06.04 12:24:16.725,0.99733,0.99744,1.00,1.00
2015.06.04 12:24:17.258,0.99732,0.99744,1.00,1.00
2015.06.04 12:24:17.769,0.99733,0.99745,1.10,1.00
2015.06.04 12:24:19.147,0.99733,0.99743,1.10,1.00
2015.06.04 12:24:20.353,0.99731,0.99744,3.37,1.00
2015.06.04 12:24:21.748,0.99731,0.99744,1.87,1.00
2015.06.04 12:24:23.158,0.99733,0.99744,1.00,1.00
2015.06.04 12:24:23.746,0.99732,0.99745,1.10,1.50
2015.06.04 12:24:25.984,0.99731,0.99744,1.12,1.00
2015.06.04 12:24:26.738,0.99732,0.99745,1.57,1.00
2015.06.04 12:24:27.042,0.99737,0.99744,1.00,1.00
2015.06.04 12:24:27.094,0.99735,0.99746,1.50,1.00
2015.06.04 12:24:27.145,0.99738,0.99746,1.00,1.00
2015.06.04 12:24:27.195,0.99739,0.99749,1.00,1.00
2015.06.04 12:24:27.297,0.9974,0.99752,1.00,1.50
2015.06.04 12:24:27.913,0.99741,0.99752,1.10,1.00
2015.06.04 12:24:28.420,0.99742,0.99753,3.07,1.00
2015.06.04 12:24:31.215,0.99743,0.99753,1.00,1.00
2015.06.04 12:24:31.367,0.99746,0.99753,1.00,1.00
2015.06.04 12:24:31.569,0.99744,0.99753,1.10,1.00
2015.06.04 12:24:31.670,0.99743,0.99758,2.62,1.50
2015.06.04 12:24:32.251,0.99743,0.99757,1.87,1.00
2015.06.04 12:24:32.661,0.99744,0.99755,1.10,1.00
2015.06.04 12:24:32.916,0.99743,0.99757,1.12,1.00
2015.06.04 12:24:33.467,0.99744,0.99758,1.00,1.00
2015.06.04 12:24:33.992,0.99744,0.99759,1.00,3.45
2015.06.04 12:24:34.346,0.99746,0.99759,1.00,1.50
2015.06.04 12:24:34.900,0.99746,0.99758,1.50,1.00
2015.06.04 12:24:35.441,0.99747,0.99758,1.10,1.00
2015.06.04 12:24:36.054,0.99748,0.99758,1.50,1.00
2015.06.04 12:24:36.564,0.99747,0.99758,2.32,1.00
2015.06.04 12:24:37.096,0.99747,0.99759,2.32,1.00
2015.06.04 12:24:37.615,0.99747,0.99758,2.32,1.00
2015.06.04 12:24:40.767,0.99748,0.99758,1.00,1.00
2015.06.04 12:24:41.105,0.99745,0.99753,1.50,1.00
2015.06.04 12:24:41.155,0.99743,0.99753,1.50,1.00
2015.06.04 12:24:41.257,0.9974,0.99752,1.50,1.00
2015.06.04 12:24:41.308,0.99739,0.99747,1.75,1.00
2015.06.04 12:24:41.359,0.99739,0.99747,1.10,1.00
2015.06.04 12:24:41.460,0.99738,0.99749,2.62,1.00
2015.06.04 12:24:41.612,0.99741,0.99752,1.00,1.00
2015.06.04 12:24:41.714,0.99744,0.99753,2.25,1.00
2015.06.04 12:24:42.088,0.9974,0.99754,2.62,1.00
2015.06.04 12:24:42.139,0.9974,0.99752,2.62,1.00
2015.06.04 12:24:42.647,0.99738,0.99752,3.75,1.00
2015.06.04 12:24:43.133,0.99742,0.99753,1.00,1.00
2015.06.04 12:24:43.647,0.99743,0.99754,1.50,1.50
2015.06.04 12:24:44.404,0.9974,0.99754,2.62,1.87
2015.06.04 12:24:44.917,0.99742,0.99754,1.00,1.00
2015.06.04 12:24:45.478,0.99742,0.99755,1.00,1.00
2015.06.04 12:24:45.787,0.99743,0.99751,1.00,1.00
2015.06.04 12:24:45.838,0.99741,0.99751,1.10,1.00
2015.06.04 12:24:45.939,0.99742,0.99755,1.50,1.50
2015.06.04 12:24:46.294,0.99744,0.99754,1.00,1.00
2015.06.04 12:24:46.395,0.99739,0.99753,2.25,1.00
2015.06.04 12:24:46.446,0.99743,0.99751,1.00,1.00
2015.06.04 12:24:46.723,0.99742,0.99755,1.00,3.07
2015.06.04 12:24:46.775,0.99741,0.99753,1.57,1.00
2015.06.04 12:24:47.180,0.99738,0.99752,4.12,1.00
2015.06.04 12:24:47.682,0.99738,0.99751,1.12,1.50
2015.06.04 12:24:48.718,0.99737,0.9975,3.00,1.00
2015.06.04 12:24:48.971,0.99737,0.99747,2.25,1.00
2015.06.04 12:24:49.478,0.99734,0.99748,3.00,1.50
2015.06.04 12:24:49.580,0.99734,0.99747,2.25,1.00
2015.06.04 12:24:50.197,0.99738,0.99747,1.00,1.00
2015.06.04 12:24:50.298,0.99735,0.99747,1.87,1.00
2015.06.04 12:24:50.833,0.99735,0.99748,1.12,1.00
2015.06.04 12:24:51.513,0.99733,0.99747,2.25,1.00
2015.06.04 12:24:51.616,0.99733,0.99745,1.75,1.50
2015.06.04 12:24:51.717,0.99735,0.99747,1.10,1.00
2015.06.04 12:24:52.172,0.99736,0.99749,1.10,1.00
2015.06.04 12:24:52.223,0.99739,0.99749,1.00,1.00
2015.06.04 12:24:52.753,0.99735,0.99748,1.87,1.00
2015.06.04 12:24:53.305,0.99735,0.99747,1.87,1.00
2015.06.04 12:24:55.900,0.99735,0.99746,1.12,1.00
2015.06.04 12:24:56.002,0.99736,0.99744,1.10,1.00
2015.06.04 12:24:56.422,0.99732,0.99746,1.50,1.00
2015.06.04 12:24:56.878,0.99734,0.99747,2.25,2.25
2015.06.04 12:24:57.233,0.99734,0.99745,1.50,1.00
2015.06.04 12:24:57.756,0.99735,0.99747,1.12,1.00
2015.06.04 12:24:58.268,0.99734,0.99748,3.75,1.00
2015.06.04 12:24:58.793,0.99734,0.99749,3.75,1.00
2015.06.04 12:24:59.427,0.99737,0.99748,1.00,1.00
2015.06.04 12:24:59.935,0.99737,0.99749,1.00,1.00
2015.06.04 12:25:00.484,0.99734,0.99749,2.25,1.00
2015.06.04 12:25:00.636,0.99734,0.99742,1.50,1.00
2015.06.04 12:25:00.839,0.99733,0.99742,1.10,1.00
2015.06.04 12:25:01.798,0.99731,0.99743,3.00,1.00
2015.06.04 12:25:02.153,0.99737,0.99743,1.00,1.00
2015.06.04 12:25:02.666,0.99737,0.99743,1.50,1.00
2015.06.04 12:25:02.719,0.99736,0.99748,1.75,1.50
2015.06.04 12:25:03.236,0.99741,0.99752,1.00,1.00
2015.06.04 12:25:03.286,0.99743,0.99753,1.00,1.00
2015.06.04 12:25:03.608,0.99736,0.99748,3.75,1.00
2015.06.04 12:25:03.659,0.99736,0.99748,3.37,1.00
2015.06.04 12:25:04.200,0.99738,0.99748,1.00,1.00
2015.06.04 12:25:04.710,0.99738,0.99752,2.62,1.00
2015.06.04 12:25:05.227,0.9974,0.99752,1.00,1.50
2015.06.04 12:25:05.743,0.99739,0.99752,1.50,1.00
2015.06.04 12:25:06.108,0.99737,0.99748,3.00,1.00
2015.06.04 12:25:06.311,0.99737,0.99748,3.00,1.00
2015.06.04 12:25:06.720,0.99737,0.99743,1.50,1.00
2015.06.04 12:25:06.873,0.99737,0.99748,1.12,1.00
2015.06.04 12:25:07.126,0.99738,0.9975,1.10,1.00
2015.06.04 12:25:07.228,0.9974,0.9975,1.00,1.00
2015.06.04 12:25:07.279,0.99738,0.9975,1.57,1.00
2015.06.04 12:25:07.330,0.99739,0.99752,1.00,1.57
2015.06.04 12:25:07.859,0.99739,0.99751,2.25,1.00
2015.06.04 12:25:08.317,0.9974,0.99754,1.87,1.50
2015.06.04 12:25:08.835,0.9974,0.99753,1.87,1.00
2015.06.04 12:25:09.366,0.9974,0.99752,1.87,1.00
2015.06.04 12:25:09.734,0.99743,0.99753,1.00,1.00
2015.06.04 12:25:10.090,0.99743,0.99757,1.00,1.57
2015.06.04 12:25:10.405,0.99744,0.99753,1.00,1.00
2015.06.04 12:25:10.598,0.99745,0.99758,1.00,2.25
2015.06.04 12:25:11.114,0.99744,0.99758,1.50,1.95
2015.06.04 12:25:11.317,0.99747,0.99758,1.50,1.10
2015.06.04 12:25:11.706,0.99753,0.99766,1.12,1.00
2015.06.04 12:25:11.758,0.99757,0.99768,1.00,1.00
2015.06.04 12:25:12.062,0.99755,0.99768,1.10,2.25
2015.06.04 12:25:12.214,0.99755,0.9977,1.10,3.75
2015.06.04 12:25:12.265,0.99755,0.99768,1.10,1.00
2015.06.04 12:25:12.844,0.99754,0.99767,1.57,1.00
2015.06.04 12:25:13.148,0.99752,0.99767,3.82,1.50
2015.06.04 12:25:13.251,0.99753,0.99767,1.50,1.50
2015.06.04 12:25:14.211,0.99753,0.99766,2.25,1.00
2015.06.04 12:25:14.917,0.99755,0.99768,1.50,2.25
2015.06.04 12:25:15.171,0.99761,0.99773,1.10,1.00
2015.06.04 12:25:15.510,0.99762,0.99775,1.10,1.00
2015.06.04 12:25:16.016,0.99762,0.99776,1.10,1.50
2015.06.04 12:25:16.635,0.99763,0.99776,1.00,1.00
2015.06.04 12:25:17.165,0.99762,0.99775,1.10,1.50
2015.06.04 12:25:17.740,0.99764,0.99775,1.00,1.50
2015.06.04 12:25:17.841,0.99762,0.99775,1.10,1.50
2015.06.04 12:25:18.246,0.9976,0.99773,1.50,1.00
2015.06.04 12:25:18.607,0.99759,0.9977,2.25,1.00
2015.06.04 12:25:18.760,0.99755,0.99767,1.87,1.50
2015.06.04 12:25:18.811,0.99758,0.99767,1.00,2.25
2015.06.04 12:25:18.862,0.99754,0.99767,1.87,2.25
2015.06.04 12:25:19.115,0.99757,0.99767,1.00,1.00
2015.06.04 12:25:19.218,0.99755,0.99767,1.10,1.50
2015.06.04 12:25:20.399,0.99755,0.99768,1.10,1.50
2015.06.04 12:25:22.176,0.99754,0.99767,1.87,1.00
2015.06.04 12:25:22.981,0.99754,0.99764,1.12,1.00
2015.06.04 12:25:23.939,0.99752,0.99766,2.25,1.00
2015.06.04 12:25:24.458,0.99754,0.99767,1.87,1.50
2015.06.04 12:25:25.024,0.99757,0.99769,1.00,1.50
2015.06.04 12:25:25.125,0.99755,0.99769,2.32,1.50
2015.06.04 12:25:25.176,0.99757,0.99769,1.00,1.00
2015.06.04 12:25:26.008,0.99757,0.9977,1.10,1.00
2015.06.04 12:25:26.515,0.99757,0.99771,1.57,1.50
2015.06.04 12:25:26.819,0.99758,0.99771,1.12,1.50
2015.06.04 12:25:27.364,0.99758,0.9977,1.12,1.00
2015.06.04 12:25:29.282,0.99757,0.99771,1.50,3.75
2015.06.04 12:25:29.813,0.99756,0.9977,1.75,1.50
2015.06.04 12:25:30.169,0.99757,0.99768,1.50,1.00
2015.06.04 12:25:30.647,0.99757,0.99768,1.10,1.00
2015.06.04 12:25:30.872,0.99757,0.9977,1.10,1.00
2015.06.04 12:25:31.075,0.99758,0.9977,1.12,1.00
2015.06.04 12:25:31.329,0.99757,0.9977,1.57,1.00
2015.06.04 12:25:31.431,0.99757,0.99768,1.10,1.00
2015.06.04 12:25:32.030,0.99755,0.99768,2.62,1.00
2015.06.04 12:25:34.382,0.99755,0.99767,1.12,1.00
2015.06.04 12:25:35.062,0.99755,0.99767,1.00,1.00
2015.06.04 12:25:35.568,0.99754,0.99767,1.00,1.87
2015.06.04 12:25:35.871,0.99757,0.99768,1.00,2.25
2015.06.04 12:25:35.922,0.99755,0.99768,1.57,1.00
2015.06.04 12:25:36.507,0.99756,0.99768,1.00,1.00
2015.06.04 12:25:37.048,0.99755,0.99768,1.57,1.00
2015.06.04 12:25:37.647,0.99755,0.99767,1.10,1.50
2015.06.04 12:25:38.162,0.99756,0.99767,1.00,1.50
2015.06.04 12:25:38.710,0.99755,0.99767,1.10,1.50
2015.06.04 12:25:41.963,0.99755,0.99768,1.10,4.12
2015.06.04 12:25:43.754,0.99756,0.99768,1.00,1.00
2015.06.04 12:25:44.260,0.99756,0.99767,1.10,1.12
2015.06.04 12:25:44.766,0.99756,0.99766,1.10,1.00
2015.06.04 12:25:46.030,0.99753,0.99766,1.57,1.50
2015.06.04 12:25:46.334,0.99753,0.99759,1.00,1.12
2015.06.04 12:25:46.588,0.99746,0.99753,1.00,2.25
2015.06.04 12:25:47.035,0.99744,0.99748,1.00,1.00
2015.06.04 12:25:47.137,0.99735,0.99746,1.00,1.00
2015.06.04 12:25:47.239,0.99734,0.99744,1.00,1.00
2015.06.04 12:25:47.343,0.99734,0.99746,1.00,2.25
2015.06.04 12:25:47.546,0.99733,0.99746,1.00,2.25
2015.06.04 12:25:47.799,0.99733,0.99746,1.00,1.00
2015.06.04 12:25:48.475,0.99733,0.99745,1.00,1.00
2015.06.04 12:25:48.930,0.99731,0.99745,1.50,1.00
2015.06.04 12:25:50.258,0.9973,0.99744,1.57,1.00
2015.06.04 12:25:50.663,0.9973,0.99743,1.00,1.12
2015.06.04 12:25:50.867,0.99731,0.99744,1.00,1.57
2015.06.04 12:25:53.521,0.99733,0.99744,1.00,1.10
2015.06.04 12:25:53.977,0.99731,0.99746,3.00,1.00
2015.06.04 12:25:54.479,0.99731,0.99745,1.50,1.00
2015.06.04 12:25:55.571,0.9973,0.99744,1.00,1.50
2015.06.04 12:25:56.524,0.9973,0.99744,1.00,2.62
2015.06.04 12:25:57.032,0.99731,0.99742,1.00,1.50
2015.06.04 12:25:57.083,0.99738,0.99746,1.00,1.00
2015.06.04 12:25:57.184,0.99736,0.99746,1.00,1.00
2015.06.04 12:25:57.286,0.99734,0.99746,1.50,1.00
2015.06.04 12:25:57.387,0.99732,0.99745,1.10,1.00
2015.06.04 12:25:57.438,0.99734,0.99745,1.00,1.00
2015.06.04 12:25:57.540,0.99732,0.99745,1.00,1.00
2015.06.04 12:25:58.028,0.99735,0.99745,1.00,1.00
2015.06.04 12:25:58.572,0.99735,0.99742,1.00,1.00
2015.06.04 12:25:58.623,0.9973,0.99742,2.62,1.00
2015.06.04 12:25:58.927,0.99729,0.9974,1.57,1.00
2015.06.04 12:25:59.230,0.99728,0.99737,1.00,1.00
2015.06.04 12:25:59.543,0.99728,0.99739,1.00,1.10
2015.06.04 12:26:00.086,0.99728,0.9974,1.00,1.00
2015.06.04 12:26:00.137,0.9973,0.9974,1.00,1.00
2015.06.04 12:26:00.339,0.99728,0.9974,1.00,1.00
2015.06.04 12:26:00.879,0.99729,0.99739,1.50,1.00
2015.06.04 12:26:00.980,0.99729,0.99743,1.50,1.10
2015.06.04 12:26:01.031,0.99731,0.99743,1.00,1.10
2015.06.04 12:26:01.544,0.9973,0.99743,1.50,1.00
2015.06.04 12:26:02.068,0.99734,0.99743,1.00,1.00
2015.06.04 12:26:02.372,0.99736,0.99746,1.00,1.12
2015.06.04 12:26:02.474,0.99734,0.99746,1.00,1.12
2015.06.04 12:26:02.576,0.99732,0.99746,1.00,1.10
2015.06.04 12:26:03.081,0.99732,0.99746,1.00,2.62
2015.06.04 12:26:03.805,0.99731,0.99744,1.50,1.00
2015.06.04 12:26:04.356,0.99732,0.99744,1.00,1.00
2015.06.04 12:26:04.609,0.9973,0.99739,2.25,1.00
2015.06.04 12:26:04.849,0.99729,0.99742,1.00,1.50
2015.06.04 12:26:04.951,0.99735,0.99743,1.00,1.00
2015.06.04 12:26:05.357,0.99735,0.99749,1.00,2.25
2015.06.04 12:26:06.300,0.99736,0.99746,1.00,1.00
2015.06.04 12:26:06.351,0.99733,0.99746,1.57,1.00
2015.06.04 12:26:06.604,0.9973,0.99743,2.25,1.00
2015.06.04 12:26:08.065,0.99733,0.99743,1.00,1.00
2015.06.04 12:26:08.116,0.99734,0.99745,1.00,1.10
2015.06.04 12:26:08.268,0.99735,0.99748,1.50,1.50
2015.06.04 12:26:08.478,0.99739,0.99748,1.00,1.00
2015.06.04 12:26:08.529,0.99735,0.99747,1.00,1.00
2015.06.04 12:26:09.034,0.99732,0.99747,1.00,1.50
2015.06.04 12:26:09.570,0.99732,0.99746,1.00,1.00
2015.06.04 12:26:10.144,0.99732,0.99747,1.50,2.25
2015.06.04 12:26:10.296,0.99735,0.99747,1.00,3.00
2015.06.04 12:26:11.098,0.99735,0.99748,1.00,1.12
2015.06.04 12:26:11.411,0.99743,0.99753,1.00,2.62
2015.06.04 12:26:11.614,0.99747,0.99757,1.00,1.10
2015.06.04 12:26:11.766,0.99745,0.99756,1.00,1.00
2015.06.04 12:26:12.391,0.99744,0.99756,1.00,1.00
2015.06.04 12:26:13.009,0.99744,0.99757,1.00,1.12
2015.06.04 12:26:13.585,0.99744,0.99756,1.00,1.00
2015.06.04 12:26:14.106,0.99743,0.99756,1.00,1.50
2015.06.04 12:26:14.257,0.99743,0.99753,1.00,1.00
2015.06.04 12:26:14.767,0.99744,0.99753,1.00,1.00
2015.06.04 12:26:15.427,0.99743,0.99753,1.00,1.00
2015.06.04 12:26:16.606,0.99742,0.99753,1.00,1.00
2015.06.04 12:26:17.078,0.99742,0.99755,1.00,1.10
2015.06.04 12:26:17.590,0.99742,0.99754,1.00,1.00
2015.06.04 12:26:18.306,0.99742,0.99755,2.25,1.57
2015.06.04 12:26:18.357,0.99744,0.99755,1.00,1.10
2015.06.04 12:26:18.610,0.99746,0.99758,1.00,1.00
2015.06.04 12:26:18.761,0.99749,0.99758,1.00,1.00
2015.06.04 12:26:18.863,0.99749,0.9976,1.00,1.00
2015.06.04 12:26:18.964,0.99749,0.99763,1.00,1.12
2015.06.04 12:26:19.655,0.99749,0.99763,1.50,2.32
2015.06.04 12:26:19.706,0.99752,0.99763,1.00,1.57
2015.06.04 12:26:19.859,0.9975,0.99764,1.50,2.62
2015.06.04 12:26:20.316,0.99748,0.99762,2.32,1.00
2015.06.04 12:26:21.939,0.99749,0.99763,1.00,1.12
2015.06.04 12:26:22.466,0.9975,0.99763,1.00,1.12
2015.06.04 12:26:24.593,0.99751,0.99764,1.00,1.00
2015.06.04 12:26:25.326,0.9975,0.99764,1.50,1.00
2015.06.04 12:26:25.870,0.99751,0.99764,1.00,1.00
2015.06.04 12:26:26.546,0.99751,0.99765,1.00,1.95
2015.06.04 12:26:27.116,0.99752,0.99763,1.00,1.00
2015.06.04 12:26:28.550,0.99751,0.99765,1.00,1.95
2015.06.04 12:26:29.286,0.99751,0.99764,1.00,1.00
2015.06.04 12:26:30.324,0.99751,0.99765,1.00,1.95
2015.06.04 12:26:31.996,0.99752,0.99765,1.00,1.95
2015.06.04 12:26:32.642,0.99754,0.99766,1.00,1.50
2015.06.04 12:26:34.021,0.99753,0.99766,1.00,2.70
2015.06.04 12:26:34.562,0.99752,0.99765,1.00,1.12
2015.06.04 12:26:35.017,0.99754,0.99765,1.00,1.00
2015.06.04 12:26:37.019,0.99754,0.99766,1.00,1.57
2015.06.04 12:26:38.019,0.99754,0.99765,1.00,1.00
2015.06.04 12:26:38.658,0.99753,0.99765,1.00,1.00
2015.06.04 12:26:39.285,0.99754,0.99765,1.00,1.00
2015.06.04 12:26:39.786,0.99754,0.99767,1.00,3.37
2015.06.04 12:26:40.324,0.99753,0.99765,1.00,1.00
2015.06.04 12:26:40.866,0.99753,0.99766,1.50,1.20
2015.06.04 12:26:41.137,0.99751,0.99765,1.50,1.00
2015.06.04 12:26:41.737,0.99752,0.99764,1.00,1.50
2015.06.04 12:26:42.531,0.99752,0.99765,1.00,2.25
2015.06.04 12:26:43.367,0.99753,0.99765,1.00,1.50
2015.06.04 12:26:43.915,0.99753,0.99764,1.00,1.00
2015.06.04 12:26:44.946,0.99753,0.99765,1.00,1.50
2015.06.04 12:26:45.816,0.99754,0.99765,1.00,1.00
2015.06.04 12:26:48.245,0.99755,0.99764,1.00,1.00
2015.06.04 12:26:48.296,0.99755,0.99764,1.00,1.50
2015.06.04 12:26:48.347,0.99752,0.99764,1.50,1.50
2015.06.04 12:26:48.670,0.99754,0.99764,1.00,1.50
2015.06.04 12:26:49.196,0.99755,0.99763,1.00,1.12
2015.06.04 12:26:50.031,0.99753,0.99763,1.00,1.12
2015.06.04 12:26:50.551,0.99752,0.99763,1.00,1.12
2015.06.04 12:26:51.681,0.99751,0.99763,1.00,1.12
2015.06.04 12:26:52.057,0.9975,0.9976,1.00,1.50
2015.06.04 12:26:52.259,0.99746,0.99758,1.00,1.57
2015.06.04 12:26:52.361,0.99743,0.99756,1.00,1.10
2015.06.04 12:26:53.513,0.99745,0.99756,1.00,1.10
2015.06.04 12:26:53.925,0.99743,0.99756,2.25,1.10
2015.06.04 12:26:54.466,0.99744,0.99756,1.00,1.10
2015.06.04 12:26:54.979,0.99742,0.99756,1.00,1.10
2015.06.04 12:26:55.037,0.9975,0.99757,1.00,1.12
2015.06.04 12:26:55.088,0.9975,0.99763,1.00,4.50
2015.06.04 12:26:55.240,0.9975,0.99763,1.00,1.57
2015.06.04 12:26:55.594,0.99752,0.99763,1.00,1.50
2015.06.04 12:26:56.120,0.99752,0.99765,1.00,2.25
2015.06.04 12:26:56.786,0.99753,0.99765,1.00,1.50
2015.06.04 12:26:57.476,0.99752,0.99765,1.00,1.37
2015.06.04 12:26:59.007,0.99755,0.99766,1.00,1.95
2015.06.04 12:27:00.874,0.99754,0.99766,1.00,1.47
2015.06.04 12:27:00.981,0.99754,0.99766,1.00,1.20
2015.06.04 12:27:02.725,0.99755,0.99767,1.00,1.47
2015.06.04 12:27:02.877,0.99753,0.99767,2.25,1.47
2015.06.04 12:27:04.197,0.99754,0.99767,1.00,1.47
2015.06.04 12:27:04.701,0.99753,0.99766,1.50,1.12
2015.06.04 12:27:05.940,0.99754,0.99766,1.00,1.20
2015.06.04 12:27:06.617,0.99753,0.99767,2.25,2.25
2015.06.04 12:27:07.125,0.99753,0.99766,1.50,1.47
2015.06.04 12:27:07.366,0.99752,0.99765,1.00,1.47
2015.06.04 12:27:09.148,0.99751,0.99765,1.00,1.95
2015.06.04 12:27:10.027,0.99753,0.99764,1.00,1.37
2015.06.04 12:27:10.676,0.99752,0.99765,1.00,1.95
2015.06.04 12:27:11.310,0.99754,0.99765,1.00,1.47
2015.06.04 12:27:11.766,0.99752,0.99765,1.00,3.45
2015.06.04 12:27:12.891,0.99751,0.99764,1.00,1.47
2015.06.04 12:27:13.408,0.99752,0.99765,1.00,3.00
2015.06.04 12:27:14.069,0.99754,0.99766,1.00,2.62
2015.06.04 12:27:14.618,0.99753,0.99766,1.00,3.37
2015.06.04 12:27:15.125,0.99754,0.99766,1.00,1.87
2015.06.04 12:27:15.649,0.99754,0.99766,1.00,2.62
2015.06.04 12:27:16.161,0.99753,0.99766,1.50,2.62
2015.06.04 12:27:16.827,0.99753,0.99766,1.50,2.62
2015.06.04 12:27:17.332,0.99754,0.99766,1.00,1.87
2015.06.04 12:27:18.933,0.99755,0.99765,1.00,1.50
2015.06.04 12:27:19.135,0.99753,0.99765,1.00,1.12
2015.06.04 12:27:19.669,0.99754,0.99765,1.00,1.50
2015.06.04 12:27:20.196,0.99755,0.99765,1.00,1.12
2015.06.04 12:27:21.584,0.99754,0.99767,1.00,2.25
2015.06.04 12:27:22.095,0.99755,0.99766,1.00,1.87
2015.06.04 12:27:22.612,0.99754,0.99767,1.00,2.62
2015.06.04 12:27:23.299,0.99755,0.99767,1.00,1.75
2015.06.04 12:27:23.968,0.99755,0.99767,1.00,1.50
2015.06.04 12:27:24.492,0.99756,0.99767,1.00,2.25
2015.06.04 12:27:26.485,0.99754,0.99767,1.00,2.25
2015.06.04 12:27:27.365,0.99755,0.99766,1.00,1.12
2015.06.04 12:27:28.278,0.99755,0.99766,1.00,1.00
2015.06.04 12:27:28.790,0.99755,0.99768,1.00,1.87
2015.06.04 12:27:29.678,0.99756,0.99768,1.00,1.87
2015.06.04 12:27:30.215,0.99755,0.99768,1.00,1.12
2015.06.04 12:27:30.761,0.99755,0.99768,1.00,1.50
2015.06.04 12:27:31.312,0.99754,0.99768,1.50,1.50
2015.06.04 12:27:32.688,0.99753,0.99767,2.25,1.00
2015.06.04 12:27:33.211,0.99753,0.99766,1.50,1.10
2015.06.04 12:27:36.070,0.99753,0.99764,1.00,1.00
2015.06.04 12:27:36.585,0.99752,0.99764,1.00,1.00
2015.06.04 12:27:36.973,0.99751,0.99762,2.25,1.00
2015.06.04 12:27:38.331,0.99751,0.99764,2.25,1.50
2015.06.04 12:27:38.889,0.99751,0.99765,3.00,1.50
2015.06.04 12:27:39.391,0.99751,0.99764,3.00,1.00
2015.06.04 12:27:39.942,0.99752,0.99764,1.00,1.00
2015.06.04 12:27:40.465,0.99751,0.99764,3.00,1.00
2015.06.04 12:27:43.320,0.99752,0.99764,1.00,1.00
2015.06.04 12:27:43.635,0.99754,0.99764,1.00,1.00
2015.06.04 12:27:43.938,0.99757,0.99767,1.00,1.00
2015.06.04 12:27:43.989,0.99755,0.99767,1.50,1.00
2015.06.04 12:27:44.494,0.99754,0.99767,1.00,1.00
2015.06.04 12:27:45.043,0.99754,0.99766,1.50,1.00
2015.06.04 12:27:45.823,0.99753,0.99766,1.50,1.00
2015.06.04 12:27:46.077,0.99751,0.99765,3.00,1.00
2015.06.04 12:27:47.828,0.99751,0.99763,1.50,1.00
2015.06.04 12:27:48.375,0.99752,0.99764,1.00,1.12
2015.06.04 12:27:48.577,0.99752,0.99765,1.00,1.00
2015.06.04 12:27:49.185,0.99753,0.99765,1.00,1.00
2015.06.04 12:27:49.715,0.99753,0.99766,1.00,1.57
2015.06.04 12:27:52.165,0.99753,0.99765,1.00,1.00
2015.06.04 12:27:52.266,0.99752,0.99763,1.00,1.00
2015.06.04 12:27:52.367,0.99752,0.99765,1.87,1.00
2015.06.04 12:27:52.743,0.99755,0.99765,1.00,1.00
2015.06.04 12:27:53.890,0.99754,0.99765,1.00,1.00
2015.06.04 12:27:53.992,0.99752,0.99766,3.37,1.00
2015.06.04 12:27:54.498,0.99752,0.99765,1.00,1.00
2015.06.04 12:27:55.823,0.99751,0.99765,2.25,1.00
2015.06.04 12:27:56.348,0.99751,0.99764,1.87,1.00
2015.06.04 12:27:57.952,0.99751,0.99763,1.87,1.00
2015.06.04 12:27:59.505,0.99751,0.99764,1.00,1.00
2015.06.04 12:28:00.026,0.99751,0.99765,1.50,1.00
2015.06.04 12:28:00.560,0.99751,0.99764,1.00,1.00
2015.06.04 12:28:00.804,0.99751,0.99762,1.00,1.00
2015.06.04 12:28:01.259,0.9975,0.99764,2.62,1.00
2015.06.04 12:28:01.855,0.99751,0.99764,1.00,1.00
2015.06.04 12:28:02.679,0.99751,0.99763,1.00,1.00
2015.06.04 12:28:02.968,0.99749,0.99761,1.00,1.00
2015.06.04 12:28:03.272,0.99747,0.99761,1.50,1.50
2015.06.04 12:28:03.373,0.99746,0.99758,1.00,1.00
2015.06.04 12:28:03.424,0.99744,0.99758,1.00,1.00
2015.06.04 12:28:03.687,0.99744,0.99756,1.00,1.00
2015.06.04 12:28:04.673,0.99744,0.99758,1.50,1.00
2015.06.04 12:28:05.179,0.99744,0.99759,1.50,2.25
2015.06.04 12:28:07.338,0.99744,0.99758,1.50,1.00
2015.06.04 12:28:07.864,0.99745,0.99758,1.00,1.00
2015.06.04 12:28:08.371,0.99744,0.99757,1.50,1.00
2015.06.04 12:28:10.032,0.99744,0.99756,1.50,1.00
2015.06.04 12:28:14.378,0.99743,0.99756,1.00,1.00
2015.06.04 12:28:15.031,0.99743,0.99755,1.00,1.00
2015.06.04 12:28:15.538,0.99742,0.99755,2.25,1.00
2015.06.04 12:28:20.158,0.99743,0.99755,1.00,1.00
2015.06.04 12:28:20.839,0.99742,0.99755,1.00,1.00
2015.06.04 12:28:27.099,0.9974,0.99754,4.12,1.00
2015.06.04 12:28:27.200,0.99742,0.99753,1.00,1.00
2015.06.04 12:28:27.251,0.99739,0.99752,1.00,1.00
2015.06.04 12:28:27.656,0.99743,0.99753,1.00,1.00
2015.06.04 12:28:28.133,0.9974,0.99751,2.25,1.00
2015.06.04 12:28:28.538,0.99741,0.99753,1.00,1.00
2015.06.04 12:28:29.220,0.9974,0.99753,1.00,2.25
2015.06.04 12:28:29.422,0.9974,0.99751,1.00,1.00
2015.06.04 12:28:30.142,0.99739,0.99753,1.50,2.25
2015.06.04 12:28:31.416,0.99739,0.99751,1.00,1.00
2015.06.04 12:28:31.979,0.99739,0.99749,1.00,1.00
2015.06.04 12:28:32.281,0.99735,0.99748,1.00,1.00
2015.06.04 12:28:32.585,0.99732,0.99747,3.37,1.50
2015.06.04 12:28:34.855,0.99733,0.99746,1.12,1.00
2015.06.04 12:28:35.477,0.99733,0.99745,1.00,1.00
2015.06.04 12:28:35.628,0.99731,0.99745,1.87,1.50
2015.06.04 12:28:36.147,0.99731,0.99745,2.62,1.00
2015.06.04 12:28:36.654,0.99733,0.99746,1.00,1.50
2015.06.04 12:28:37.453,0.99733,0.99747,1.87,1.00
2015.06.04 12:28:37.555,0.99735,0.99747,1.00,1.00
2015.06.04 12:28:38.945,0.99735,0.99746,1.00,1.00
2015.06.04 12:28:39.467,0.99734,0.99747,1.00,1.00
2015.06.04 12:28:40.517,0.99734,0.99748,1.00,1.00
2015.06.04 12:28:41.734,0.99734,0.99748,1.87,1.50
2015.06.04 12:28:42.246,0.99736,0.99748,1.00,1.00
2015.06.04 12:28:44.698,0.99734,0.99748,1.37,1.00
2015.06.04 12:28:45.229,0.99736,0.99748,1.12,1.00
2015.06.04 12:28:45.536,0.99736,0.99746,1.00,1.00
2015.06.04 12:28:45.587,0.99736,0.99748,1.00,1.00
2015.06.04 12:28:46.212,0.99735,0.99749,1.00,1.50
2015.06.04 12:28:46.263,0.99735,0.99747,1.00,1.00
2015.06.04 12:28:46.567,0.99734,0.99744,1.00,1.00
2015.06.04 12:28:46.669,0.99732,0.99744,1.00,1.00
2015.06.04 12:28:46.770,0.99734,0.99744,1.00,1.00
2015.06.04 12:28:46.873,0.9973,0.99744,2.25,1.00
2015.06.04 12:28:47.405,0.99729,0.99743,1.50,1.50
2015.06.04 12:28:47.557,0.99729,0.99741,1.00,1.00
2015.06.04 12:28:48.213,0.99729,0.99742,1.00,1.00
2015.06.04 12:28:48.809,0.9973,0.99742,1.00,1.50
2015.06.04 12:28:50.307,0.99729,0.99742,1.50,1.00
2015.06.04 12:28:51.175,0.99728,0.99742,1.00,1.00
2015.06.04 12:28:52.746,0.99728,0.99743,1.50,2.25
2015.06.04 12:28:53.243,0.99731,0.99744,1.00,1.00
2015.06.04 12:28:53.344,0.99729,0.99744,3.00,1.00
2015.06.04 12:28:53.497,0.99731,0.99744,1.00,1.00
2015.06.04 12:28:54.322,0.9973,0.99744,1.50,1.00
2015.06.04 12:28:54.638,0.99733,0.99744,1.00,1.00
2015.06.04 12:28:54.689,0.9973,0.99744,1.00,1.00
2015.06.04 12:28:55.657,0.9973,0.99745,1.00,1.00
2015.06.04 12:28:56.204,0.99731,0.99745,1.00,1.00
2015.06.04 12:28:56.913,0.99731,0.99742,1.00,1.00
2015.06.04 12:28:57.381,0.9973,0.99744,1.00,1.00
2015.06.04 12:28:58.008,0.9973,0.99742,1.00,1.00
2015.06.04 12:28:58.436,0.99733,0.99745,1.00,1.00
2015.06.04 12:28:58.739,0.99737,0.99744,1.50,1.00
2015.06.04 12:28:58.790,0.99737,0.99748,2.62,3.58
2015.06.04 12:28:59.338,0.99739,0.99748,1.00,1.00
2015.06.04 12:28:59.796,0.99739,0.9975,1.00,1.00
2015.06.04 12:29:00.345,0.99739,0.99749,1.00,1.00
2015.06.04 12:29:00.848,0.99739,0.9975,1.00,1.00
2015.06.04 12:29:01.350,0.9974,0.99751,1.00,1.00
2015.06.04 12:29:01.793,0.99738,0.9975,1.50,1.00
2015.06.04 12:29:02.314,0.99739,0.99751,1.00,1.00
2015.06.04 12:29:02.831,0.99738,0.99751,1.00,1.00
2015.06.04 12:29:03.904,0.99738,0.99749,1.00,1.00
2015.06.04 12:29:04.405,0.99738,0.9975,1.00,1.00
2015.06.04 12:29:05.068,0.99738,0.99751,1.00,1.00
2015.06.04 12:29:06.810,0.99738,0.9975,1.00,1.00
2015.06.04 12:29:09.443,0.99739,0.99751,1.00,1.00
2015.06.04 12:29:10.547,0.99739,0.99753,1.00,1.87
2015.06.04 12:29:13.494,0.9974,0.99753,1.00,1.50
2015.06.04 12:29:14.861,0.9974,0.99752,1.00,1.00
2015.06.04 12:29:15.216,0.99737,0.99746,1.50,1.00
2015.06.04 12:29:15.520,0.99734,0.99743,1.00,1.50
2015.06.04 12:29:16.033,0.99734,0.99742,1.00,1.00
2015.06.04 12:29:16.286,0.99729,0.99742,1.00,1.00
2015.06.04 12:29:17.267,0.99727,0.99742,1.00,1.00
2015.06.04 12:29:17.731,0.99726,0.9974,1.50,1.00
2015.06.04 12:29:18.449,0.9973,0.9974,1.00,1.00
2015.06.04 12:29:18.652,0.99728,0.9974,1.00,1.00
2015.06.04 12:29:18.703,0.99731,0.99745,1.00,1.00
2015.06.04 12:29:19.007,0.99733,0.99745,1.00,1.00
2015.06.04 12:29:19.209,0.9973,0.99745,1.50,1.00
2015.06.04 12:29:19.412,0.99733,0.99745,1.00,1.00
2015.06.04 12:29:19.697,0.9973,0.99744,2.25,1.00
2015.06.04 12:29:19.748,0.9973,0.99741,1.50,1.00
2015.06.04 12:29:19.850,0.99728,0.99741,1.50,1.00
2015.06.04 12:29:20.205,0.99729,0.99744,1.00,1.00
2015.06.04 12:29:20.711,0.9973,0.99744,1.00,1.00
2015.06.04 12:29:20.762,0.99738,0.99744,1.00,1.00
2015.06.04 12:29:20.973,0.9973,0.99744,1.00,1.50
2015.06.04 12:29:21.126,0.99733,0.99745,1.00,1.00
2015.06.04 12:29:21.177,0.99733,0.99747,1.00,1.00
2015.06.04 12:29:21.522,0.99731,0.99747,1.50,1.50
2015.06.04 12:29:22.198,0.99732,0.99747,1.00,2.25
2015.06.04 12:29:22.676,0.99735,0.99748,1.00,1.00
2015.06.04 12:29:22.778,0.99732,0.99748,1.50,1.00
2015.06.04 12:29:23.234,0.99734,0.99749,1.50,1.00
2015.06.04 12:29:24.112,0.99736,0.99749,1.00,1.00
2015.06.04 12:29:24.315,0.99738,0.99753,1.50,1.50
2015.06.04 12:29:24.416,0.9974,0.99755,1.00,1.00
2015.06.04 12:29:24.936,0.99741,0.99756,1.00,1.50
2015.06.04 12:29:25.239,0.99742,0.99754,1.00,1.00
2015.06.04 12:29:26.449,0.99739,0.99754,1.00,1.00
2015.06.04 12:29:29.553,0.99741,0.99755,1.00,1.00
2015.06.04 12:29:29.857,0.99739,0.99753,1.00,1.50
2015.06.04 12:29:30.258,0.99739,0.9975,1.50,1.00
2015.06.04 12:29:30.517,0.99739,0.99753,1.00,1.50
2015.06.04 12:29:30.568,0.99736,0.99752,2.25,1.50
2015.06.04 12:29:30.822,0.99736,0.9975,2.25,1.00
2015.06.04 12:29:30.873,0.99734,0.9975,1.50,2.25
2015.06.04 12:29:30.924,0.99734,0.99748,1.50,1.00
2015.06.04 12:29:31.270,0.99734,0.99745,1.00,1.00
2015.06.04 12:29:31.321,0.9973,0.99744,1.00,1.00
2015.06.04 12:29:31.827,0.99729,0.99744,1.00,1.50
2015.06.04 12:29:32.400,0.99727,0.99744,1.50,1.50
2015.06.04 12:29:32.451,0.99727,0.99741,1.00,1.00
2015.06.04 12:29:33.701,0.99726,0.99741,1.00,1.00
2015.06.04 12:29:33.955,0.99723,0.99739,2.25,1.50
2015.06.04 12:29:34.461,0.99724,0.99738,1.00,1.00
2015.06.04 12:29:35.470,0.99728,0.99738,1.00,1.50
2015.06.04 12:29:35.572,0.9973,0.99746,2.25,1.10
2015.06.04 12:29:35.674,0.9973,0.99742,1.50,1.00
2015.06.04 12:29:35.776,0.99727,0.99742,1.50,1.50
2015.06.04 12:29:35.939,0.99729,0.99742,1.00,1.00
2015.06.04 12:29:37.176,0.99727,0.99742,1.00,1.00
2015.06.04 12:29:37.623,0.99729,0.99743,1.00,2.25
2015.06.04 12:29:37.675,0.99731,0.99746,1.00,1.00
2015.06.04 12:29:37.777,0.9973,0.99744,1.50,1.00
2015.06.04 12:29:38.285,0.99729,0.99744,1.50,1.00
2015.06.04 12:29:38.821,0.99731,0.99745,1.00,1.50
2015.06.04 12:29:38.872,0.99731,0.99748,2.25,2.25
2015.06.04 12:29:38.974,0.99733,0.99749,1.50,1.00
2015.06.04 12:29:39.480,0.99735,0.99749,1.00,1.00
2015.06.04 12:29:39.855,0.9974,0.99748,1.00,1.00
2015.06.04 12:29:39.907,0.99741,0.99755,1.50,1.00
2015.06.04 12:29:40.009,0.99738,0.99755,1.00,1.50
2015.06.04 12:29:40.161,0.99742,0.99756,1.00,1.00
2015.06.04 12:29:40.213,0.99742,0.99758,1.00,2.25
2015.06.04 12:29:40.264,0.99744,0.99758,1.50,1.00
2015.06.04 12:29:40.670,0.99744,0.99755,1.00,1.00
2015.06.04 12:29:40.917,0.9974,0.99755,1.00,1.50
2015.06.04 12:29:42.564,0.9974,0.99754,1.00,1.00
2015.06.04 12:29:43.049,0.99737,0.99751,1.00,1.00
2015.06.04 12:29:43.358,0.9973,0.99746,1.50,1.50
2015.06.04 12:29:43.510,0.9973,0.99744,1.00,1.00
2015.06.04 12:29:44.030,0.99731,0.99743,1.00,1.50
2015.06.04 12:29:44.454,0.99731,0.99745,1.00,1.00
2015.06.04 12:29:44.972,0.99731,0.99746,1.00,1.50
2015.06.04 12:29:45.174,0.99733,0.99747,1.00,1.00
2015.06.04 12:29:46.317,0.99731,0.99748,1.00,1.50
2015.06.04 12:29:46.419,0.99734,0.99748,1.00,1.00
2015.06.04 12:29:46.969,0.99732,0.99748,1.00,1.50
2015.06.04 12:29:47.071,0.99732,0.99745,1.00,1.00
2015.06.04 12:29:47.274,0.99729,0.99743,1.50,1.00
2015.06.04 12:29:47.376,0.99728,0.99738,1.00,1.00
2015.06.04 12:29:47.950,0.99728,0.99737,1.00,1.00
2015.06.04 12:29:48.574,0.99723,0.99737,1.50,1.00
2015.06.04 12:29:48.675,0.99723,0.99739,1.00,1.50
2015.06.04 12:29:49.522,0.99724,0.9974,1.00,1.50
2015.06.04 12:29:49.725,0.99727,0.9974,1.00,1.00
2015.06.04 12:29:49.776,0.99727,0.99743,1.50,1.00
2015.06.04 12:29:49.827,0.9973,0.99745,1.00,1.00
2015.06.04 12:29:50.163,0.9973,0.99743,1.00,1.00
2015.06.04 12:29:50.315,0.99728,0.99742,1.00,1.00
2015.06.04 12:29:50.705,0.99726,0.99741,1.50,1.00
2015.06.04 12:29:51.009,0.99727,0.99743,1.00,1.00
2015.06.04 12:29:51.110,0.99732,0.99745,1.00,1.00
2015.06.04 12:29:51.161,0.99732,0.9975,1.00,1.00
2015.06.04 12:29:51.263,0.99732,0.99755,1.00,1.00
2015.06.04 12:29:51.415,0.99726,0.99756,1.00,1.00
2015.06.04 12:29:51.686,0.99725,0.99753,1.50,1.00
2015.06.04 12:29:52.091,0.99726,0.99758,1.00,1.00
2015.06.04 12:29:52.394,0.99728,0.99759,1.00,1.00
2015.06.04 12:29:52.666,0.99725,0.99759,1.00,1.00
2015.06.04 12:29:53.172,0.99726,0.99759,1.00,1.00
2015.06.04 12:29:53.810,0.99727,0.99759,1.00,1.00
2015.06.04 12:29:54.013,0.99725,0.99759,1.00,1.00
2015.06.04 12:29:54.216,0.99724,0.99757,1.00,1.00
2015.06.04 12:29:54.267,0.99722,0.99757,1.00,1.00
2015.06.04 12:29:54.319,0.99729,0.99758,1.00,1.00
2015.06.04 12:29:54.524,0.99727,0.99759,1.50,1.50
2015.06.04 12:29:54.625,0.99726,0.99757,1.50,1.00
2015.06.04 12:29:54.727,0.99725,0.99759,1.00,1.00
2015.06.04 12:29:54.924,0.99723,0.99759,1.00,1.00
2015.06.04 12:29:55.132,0.99707,0.99759,1.00,1.00
2015.06.04 12:29:55.740,0.99712,0.99759,1.00,1.00
2015.06.04 12:29:56.800,0.99717,0.99759,1.00,1.00
2015.06.04 12:29:56.902,0.99717,0.99768,1.00,1.12
2015.06.04 12:29:56.954,0.99717,0.99772,1.00,1.00
2015.06.04 12:29:57.222,0.99717,0.99771,1.00,1.37
2015.06.04 12:29:58.244,0.99717,0.99773,1.00,1.37
2015.06.04 12:29:58.764,0.99717,0.99769,1.00,1.12
2015.06.04 12:29:58.817,0.99717,0.99795,1.00,1.00
2015.06.04 12:30:00.057,0.99722,0.99795,1.00,1.00
2015.06.04 12:30:00.361,0.99717,0.99799,1.00,1.00
2015.06.04 12:30:00.564,0.99722,0.99799,1.00,1.00
2015.06.04 12:30:00.863,0.99713,0.99799,1.00,1.00
2015.06.04 12:30:01.407,0.99712,0.99799,1.00,1.00
2015.06.04 12:30:02.323,0.99763,0.99799,0.75,1.00
2015.06.04 12:30:02.498,0.99766,0.99799,0.75,1.00
2015.06.04 12:30:02.652,0.99736,0.99799,1.00,0.75
2015.06.04 12:30:02.703,0.99722,0.99799,1.00,0.75
2015.06.04 12:30:02.855,0.99727,0.99799,0.75,0.75
2015.06.04 12:30:03.109,0.99713,0.99799,1.00,0.75
2015.06.04 12:30:03.211,0.99722,0.99799,0.75,1.00
2015.06.04 12:30:03.632,0.99728,0.99798,0.75,1.00
2015.06.04 12:30:03.840,0.99717,0.99798,0.75,1.00
2015.06.04 12:30:04.157,0.99717,0.99798,1.00,1.37
2015.06.04 12:30:04.208,0.99712,0.99798,1.00,1.37
2015.06.04 12:30:04.360,0.99712,0.99798,1.00,1.37
2015.06.04 12:30:04.720,0.99718,0.99799,1.00,1.37
2015.06.04 12:30:04.979,0.99713,0.99798,1.00,1.37
2015.06.04 12:30:05.081,0.99717,0.99799,1.00,1.37
2015.06.04 12:30:05.486,0.99725,0.99791,1.00,1.00
2015.06.04 12:30:05.826,0.99727,0.99791,1.00,1.00
2015.06.04 12:30:06.183,0.99723,0.9979,1.00,1.00
2015.06.04 12:30:06.285,0.99727,0.9979,1.00,1.00
2015.06.04 12:30:06.589,0.99761,0.99793,1.00,1.00
2015.06.04 12:30:06.783,0.99758,0.99793,1.00,1.00
2015.06.04 12:30:06.986,0.99755,0.99793,1.00,1.00
2015.06.04 12:30:07.240,0.99759,0.99793,1.00,1.00
2015.06.04 12:30:07.392,0.99759,0.99797,1.00,1.00
2015.06.04 12:30:07.594,0.99759,0.99793,1.00,1.00
2015.06.04 12:30:07.806,0.99759,0.99797,1.00,1.00
2015.06.04 12:30:07.908,0.99772,0.99798,1.00,1.00
2015.06.04 12:30:08.110,0.99767,0.99799,1.37,1.00
2015.06.04 12:30:08.161,0.99773,0.99799,1.00,1.00
2015.06.04 12:30:08.364,0.99771,0.99799,1.00,1.00
2015.06.04 12:30:08.415,0.99774,0.99799,1.00,1.50
2015.06.04 12:30:08.826,0.99772,0.99797,1.00,1.00
2015.06.04 12:30:08.877,0.9977,0.99796,1.00,1.00
2015.06.04 12:30:09.030,0.99768,0.99789,1.00,1.00
2015.06.04 12:30:09.334,0.99776,0.99797,1.00,1.50
2015.06.04 12:30:09.756,0.99764,0.99797,1.00,1.00
2015.06.04 12:30:09.809,0.99759,0.99792,1.00,1.00
2015.06.04 12:30:10.112,0.99755,0.99793,1.00,1.00
2015.06.04 12:30:10.214,0.99758,0.99793,1.00,1.00
2015.06.04 12:30:10.518,0.99753,0.99787,1.00,1.00
2015.06.04 12:30:10.735,0.99751,0.99787,1.12,1.00
2015.06.04 12:30:10.786,0.99753,0.99783,1.00,1.00
2015.06.04 12:30:10.888,0.9975,0.99788,1.37,1.50
2015.06.04 12:30:11.191,0.99753,0.99788,1.00,1.00
2015.06.04 12:30:11.447,0.99758,0.99794,1.50,1.00
2015.06.04 12:30:11.498,0.99758,0.99789,1.00,1.00
2015.06.04 12:30:11.819,0.99762,0.99788,1.50,1.00
2015.06.04 12:30:11.870,0.99762,0.99792,2.25,3.00
2015.06.04 12:30:12.022,0.99763,0.9979,1.00,1.00
2015.06.04 12:30:12.325,0.99762,0.99788,1.50,1.00
2015.06.04 12:30:12.478,0.99757,0.99785,1.00,1.00
2015.06.04 12:30:12.720,0.99759,0.99786,1.00,1.00
2015.06.04 12:30:13.177,0.99758,0.99788,1.00,1.00
2015.06.04 12:30:13.430,0.99759,0.99783,1.00,1.00
2015.06.04 12:30:13.747,0.99759,0.99789,1.00,2.25
2015.06.04 12:30:13.797,0.99759,0.99783,1.00,1.00
2015.06.04 12:30:13.949,0.99758,0.99786,1.00,1.00
2015.06.04 12:30:14.000,0.99757,0.99783,1.87,1.00
2015.06.04 12:30:14.356,0.99758,0.99786,1.00,1.00
2015.06.04 12:30:14.457,0.99758,0.99783,1.50,1.00
2015.06.04 12:30:14.558,0.99758,0.99787,1.00,1.00
2015.06.04 12:30:15.141,0.99758,0.99788,1.00,1.50
2015.06.04 12:30:15.344,0.99758,0.99786,1.00,1.00
2015.06.04 12:30:15.496,0.99753,0.99784,1.50,1.00
2015.06.04 12:30:15.889,0.99753,0.99782,1.00,1.50
2015.06.04 12:30:15.940,0.99751,0.99781,1.87,1.00
2015.06.04 12:30:15.992,0.99757,0.99782,1.00,1.00
2015.06.04 12:30:16.043,0.99757,0.99787,1.00,1.50
2015.06.04 12:30:16.195,0.99755,0.99782,1.00,1.50
2015.06.04 12:30:16.297,0.99755,0.99784,1.00,1.00
2015.06.04 12:30:16.398,0.99755,0.99777,1.00,1.00
2015.06.04 12:30:16.754,0.99754,0.99784,1.10,1.00
2015.06.04 12:30:16.957,0.99754,0.99784,3.07,1.50
2015.06.04 12:30:17.413,0.99754,0.99782,1.85,1.50
2015.06.04 12:30:17.464,0.99755,0.99781,1.37,1.00
2015.06.04 12:30:17.515,0.99755,0.99777,1.37,1.00
2015.06.04 12:30:17.617,0.99752,0.99776,1.50,1.00
2015.06.04 12:30:17.718,0.99758,0.99775,1.00,1.00
2015.06.04 12:30:17.949,0.99753,0.99777,1.50,1.00
2015.06.04 12:30:18.101,0.99758,0.99774,1.00,1.00
2015.06.04 12:30:18.151,0.99752,0.99777,1.75,1.00
2015.06.04 12:30:18.202,0.99755,0.99775,1.12,1.50
2015.06.04 12:30:18.506,0.99747,0.99768,1.10,1.00
2015.06.04 12:30:18.557,0.99747,0.99764,1.10,1.00
2015.06.04 12:30:18.929,0.99742,0.9976,1.50,1.00
2015.06.04 12:30:19.031,0.99744,0.99762,1.37,1.00
2015.06.04 12:30:19.335,0.99757,0.99778,1.00,1.00
2015.06.04 12:30:19.437,0.99757,0.99776,1.00,1.50
2015.06.04 12:30:19.539,0.99757,0.99778,1.00,1.00
2015.06.04 12:30:19.640,0.99757,0.99781,1.87,1.50
2015.06.04 12:30:19.905,0.99762,0.99783,1.00,1.00
2015.06.04 12:30:20.007,0.99758,0.99783,1.00,1.00
2015.06.04 12:30:20.108,0.99761,0.99779,1.00,1.00
2015.06.04 12:30:20.261,0.99761,0.99781,1.50,1.00
2015.06.04 12:30:20.313,0.99764,0.99781,1.00,1.00
2015.06.04 12:30:20.414,0.99762,0.99781,1.00,1.00
2015.06.04 12:30:20.465,0.99762,0.99779,1.00,1.00
2015.06.04 12:30:20.619,0.99764,0.99782,1.00,1.00
2015.06.04 12:30:20.962,0.99758,0.99777,1.00,1.00
2015.06.04 12:30:21.063,0.99756,0.99778,1.00,1.00
2015.06.04 12:30:21.164,0.99753,0.99774,1.50,1.00
2015.06.04 12:30:21.469,0.99753,0.99771,1.00,1.00
2015.06.04 12:30:21.772,0.99756,0.99774,1.00,1.00
2015.06.04 12:30:22.085,0.99754,0.99772,1.00,1.00
2015.06.04 12:30:22.389,0.99756,0.99774,1.00,1.00
2015.06.04 12:30:22.793,0.99762,0.99773,1.00,1.00
2015.06.04 12:30:23.076,0.99762,0.99778,1.00,1.00
2015.06.04 12:30:23.179,0.99758,0.99775,1.00,1.00
2015.06.04 12:30:23.382,0.99758,0.99773,1.00,1.00
2015.06.04 12:30:23.587,0.99755,0.99773,1.00,1.50
2015.06.04 12:30:23.689,0.99754,0.99771,1.00,1.00
2015.06.04 12:30:24.053,0.99751,0.99769,1.00,1.00
2015.06.04 12:30:24.105,0.99754,0.9977,1.00,1.00
2015.06.04 12:30:24.207,0.99751,0.99769,1.00,1.00
2015.06.04 12:30:24.258,0.9975,0.99766,1.00,1.00
2015.06.04 12:30:24.563,0.99752,0.99766,1.00,1.00
2015.06.04 12:30:24.715,0.9975,0.99766,1.50,1.00
2015.06.04 12:30:24.817,0.99752,0.99768,1.00,1.00
2015.06.04 12:30:25.044,0.99749,0.99766,1.00,1.00
2015.06.04 12:30:25.145,0.99751,0.99768,1.00,2.25
2015.06.04 12:30:25.450,0.99752,0.99765,1.00,1.00
2015.06.04 12:30:25.501,0.99752,0.99767,1.00,1.00
2015.06.04 12:30:25.654,0.99752,0.99769,1.00,1.50
2015.06.04 12:30:25.705,0.99756,0.99769,1.00,1.00
2015.06.04 12:30:26.079,0.99755,0.99773,1.50,1.87
2015.06.04 12:30:26.130,0.99755,0.99768,1.00,1.00
2015.06.04 12:30:26.637,0.99756,0.99768,1.00,1.00
2015.06.04 12:30:26.856,0.99756,0.99773,1.00,1.50
2015.06.04 12:30:26.909,0.99751,0.99773,1.00,1.10
2015.06.04 12:30:26.960,0.99751,0.99768,1.00,1.00
2015.06.04 12:30:27.062,0.99745,0.99766,1.00,1.00
2015.06.04 12:30:27.113,0.9975,0.99767,1.00,1.00
2015.06.04 12:30:27.216,0.99742,0.9976,1.00,1.00
2015.06.04 12:30:27.268,0.99741,0.99758,1.50,1.00
2015.06.04 12:30:27.733,0.99747,0.99763,1.00,1.50
2015.06.04 12:30:28.037,0.99749,0.99765,1.00,1.00
2015.06.04 12:30:28.341,0.99746,0.99756,1.50,1.00
2015.06.04 12:30:28.391,0.99746,0.99764,2.25,1.00
2015.06.04 12:30:28.657,0.99749,0.99766,1.00,1.00
2015.06.04 12:30:28.859,0.9975,0.99768,1.00,1.00
2015.06.04 12:30:28.910,0.9975,0.99759,1.00,1.00
2015.06.04 12:30:29.215,0.99753,0.9976,1.00,1.00
2015.06.04 12:30:29.317,0.99753,0.99761,1.00,1.00
2015.06.04 12:30:29.586,0.99753,0.99761,1.50,1.00
2015.06.04 12:30:29.637,0.99756,0.99762,1.00,1.00
2015.06.04 12:30:29.792,0.99754,0.99763,1.50,1.00
2015.06.04 12:30:29.844,0.99757,0.99764,1.00,1.00
2015.06.04 12:30:29.947,0.99753,0.99763,1.00,1.00
2015.06.04 12:30:29.999,0.99756,0.99763,1.00,1.00
2015.06.04 12:30:30.362,0.9975,0.9976,1.00,1.00
2015.06.04 12:30:30.465,0.99747,0.99759,1.50,1.00
2015.06.04 12:30:30.567,0.99745,0.99757,1.00,1.00
2015.06.04 12:30:30.719,0.99741,0.99755,1.50,1.00
2015.06.04 12:30:30.771,0.99737,0.99747,1.10,1.00
2015.06.04 12:30:30.873,0.99739,0.9975,1.00,1.00
2015.06.04 12:30:30.976,0.99739,0.99753,1.00,1.00
2015.06.04 12:30:31.453,0.99738,0.99755,1.00,1.00
2015.06.04 12:30:31.605,0.99745,0.99762,1.00,1.00
2015.06.04 12:30:31.909,0.99739,0.99754,1.00,1.00
2015.06.04 12:30:32.010,0.99742,0.9976,1.00,1.00
2015.06.04 12:30:32.386,0.99748,0.99757,1.00,1.00
2015.06.04 12:30:32.437,0.99748,0.99762,1.00,1.00
2015.06.04 12:30:32.538,0.99748,0.99758,1.00,1.00
2015.06.04 12:30:32.589,0.99743,0.99761,1.00,1.00
2015.06.04 12:30:32.691,0.99742,0.99756,1.00,1.00
2015.06.04 12:30:32.742,0.99742,0.99758,1.50,1.00
2015.06.04 12:30:32.843,0.99742,0.99756,1.00,1.00
2015.06.04 12:30:32.995,0.99738,0.99754,1.00,1.87
2015.06.04 12:30:33.046,0.99734,0.99752,1.00,1.00
2015.06.04 12:30:33.097,0.99732,0.9975,1.00,1.00
2015.06.04 12:30:33.424,0.99727,0.99746,1.00,1.50
2015.06.04 12:30:33.479,0.99724,0.99745,1.12,1.00
2015.06.04 12:30:34.187,0.99727,0.99744,1.00,1.00
2015.06.04 12:30:34.392,0.99722,0.99745,1.87,1.00
2015.06.04 12:30:34.717,0.99728,0.99744,1.00,1.37
2015.06.04 12:30:34.819,0.99717,0.99741,1.37,1.12
2015.06.04 12:30:34.870,0.99719,0.99737,1.00,1.00
2015.06.04 12:30:35.174,0.99717,0.99735,1.50,1.00
2015.06.04 12:30:35.478,0.9972,0.99734,1.00,1.00
2015.06.04 12:30:35.813,0.99712,0.99734,1.00,1.00
2015.06.04 12:30:35.864,0.99718,0.99732,1.00,1.00
2015.06.04 12:30:35.916,0.99712,0.99732,1.00,1.00
2015.06.04 12:30:36.018,0.99717,0.99732,1.00,1.00
2015.06.04 12:30:36.271,0.99711,0.99732,1.00,1.00
2015.06.04 12:30:36.373,0.99718,0.99732,1.00,1.00
2015.06.04 12:30:37.070,0.99718,0.99733,1.00,1.00
2015.06.04 12:30:37.374,0.99726,0.99742,1.00,1.50
2015.06.04 12:30:37.425,0.99723,0.99741,1.50,1.12
2015.06.04 12:30:37.527,0.99719,0.99734,1.00,1.00
2015.06.04 12:30:37.736,0.9972,0.99736,1.00,1.00
2015.06.04 12:30:37.788,0.99718,0.99736,1.00,1.50
2015.06.04 12:30:37.889,0.99714,0.9973,1.00,1.00
2015.06.04 12:30:38.192,0.99722,0.99736,1.50,1.50
2015.06.04 12:30:38.397,0.99723,0.99739,1.00,1.00
2015.06.04 12:30:38.713,0.99721,0.99734,1.00,1.00
2015.06.04 12:30:38.764,0.99722,0.99739,1.00,1.50
2015.06.04 12:30:38.865,0.9972,0.99738,1.50,1.00
2015.06.04 12:30:38.919,0.9972,0.99733,1.00,1.00
2015.06.04 12:30:38.970,0.99717,0.99733,1.00,1.00
2015.06.04 12:30:39.021,0.99719,0.99737,1.00,2.62
2015.06.04 12:30:39.072,0.99713,0.99734,1.00,1.37
2015.06.04 12:30:39.124,0.99714,0.99731,1.00,1.00
2015.06.04 12:30:39.445,0.99684,0.99698,9.30,1.00
2015.06.04 12:30:39.497,0.99674,0.99678,3.00,1.00
2015.06.04 12:30:39.729,0.99689,0.99697,1.00,1.00
2015.06.04 12:30:39.830,0.99694,0.99698,1.00,1.00
2015.06.04 12:30:39.881,0.99698,0.99705,1.00,1.50
2015.06.04 12:30:39.932,0.99701,0.99705,1.00,1.50
2015.06.04 12:30:39.982,0.99701,0.99714,1.00,1.00
2015.06.04 12:30:40.084,0.99703,0.99719,1.00,1.00
2015.06.04 12:30:40.185,0.9971,0.99723,1.00,1.50
2015.06.04 12:30:40.287,0.99706,0.99721,1.00,1.50
2015.06.04 12:30:40.388,0.99704,0.99722,1.00,1.00
2015.06.04 12:30:40.661,0.99711,0.99724,1.00,1.00
2015.06.04 12:30:40.712,0.99708,0.99725,1.00,1.00
2015.06.04 12:30:40.914,0.99704,0.99723,1.00,1.00
2015.06.04 12:30:41.016,0.99704,0.99721,1.00,1.00
2015.06.04 12:30:42.259,0.99706,0.99721,1.00,1.00
2015.06.04 12:30:42.411,0.99707,0.99726,1.00,1.57
2015.06.04 12:30:42.833,0.9971,0.99725,1.00,1.00
2015.06.04 12:30:42.986,0.99711,0.99727,1.00,1.00
2015.06.04 12:30:43.037,0.99709,0.99727,1.00,1.00
2015.06.04 12:30:43.239,0.99712,0.99727,1.00,1.00
2015.06.04 12:30:43.441,0.99712,0.99729,1.50,1.00
2015.06.04 12:30:43.723,0.99714,0.9973,1.00,1.00
2015.06.04 12:30:44.028,0.99717,0.99732,1.00,1.00
2015.06.04 12:30:44.348,0.9972,0.99733,1.00,1.50
2015.06.04 12:30:45.575,0.99718,0.99733,1.50,1.00
2015.06.04 12:30:46.170,0.99718,0.99734,1.00,1.00
2015.06.04 12:30:46.225,0.9972,0.99735,1.00,1.50
2015.06.04 12:30:46.327,0.99718,0.99734,1.00,1.50
2015.06.04 12:30:46.378,0.99718,0.9973,1.00,1.00
2015.06.04 12:30:46.581,0.99718,0.99734,1.00,2.25
2015.06.04 12:30:46.926,0.99717,0.99728,1.00,1.00
2015.06.04 12:30:46.977,0.99717,0.99733,1.00,1.50
2015.06.04 12:30:47.404,0.99715,0.99732,1.00,1.00
2015.06.04 12:30:47.555,0.99713,0.99731,1.50,1.00
2015.06.04 12:30:47.707,0.99711,0.99729,1.00,1.00
2015.06.04 12:30:48.232,0.99712,0.9973,1.00,1.50
2015.06.04 12:30:48.579,0.99711,0.99728,1.00,1.00
2015.06.04 12:30:48.883,0.99713,0.99729,1.00,1.50
2015.06.04 12:30:49.187,0.9971,0.99727,1.00,1.00
2015.06.04 12:30:49.767,0.9971,0.99728,1.00,1.00
2015.06.04 12:30:49.818,0.99712,0.99728,1.00,1.00
2015.06.04 12:30:49.971,0.99712,0.9973,1.50,1.00
2015.06.04 12:30:50.478,0.99713,0.9973,1.00,2.25
2015.06.04 12:30:50.959,0.99713,0.99727,1.00,1.00
2015.06.04 12:30:51.010,0.99713,0.9973,1.00,2.62
2015.06.04 12:30:51.415,0.99712,0.99726,1.00,1.00
2015.06.04 12:30:51.568,0.99711,0.99728,1.00,1.50
2015.06.04 12:30:52.099,0.99713,0.99728,1.00,1.00
2015.06.04 12:30:52.251,0.99713,0.9973,1.00,1.00
2015.06.04 12:30:52.708,0.99713,0.99728,1.00,1.00
2015.06.04 12:30:53.136,0.99719,0.99735,1.00,1.00
2015.06.04 12:30:53.188,0.99719,0.99733,1.00,1.00
2015.06.04 12:30:53.239,0.99717,0.99733,1.50,1.00
2015.06.04 12:30:53.594,0.99719,0.99733,1.00,1.00
2015.06.04 12:30:53.898,0.99716,0.99732,1.00,1.00
2015.06.04 12:30:54.364,0.99718,0.99731,1.00,1.00
2015.06.04 12:30:54.793,0.99721,0.99732,1.00,1.00
2015.06.04 12:30:54.895,0.99717,0.99732,1.00,1.00
2015.06.04 12:30:55.047,0.99719,0.99732,1.00,1.00
2015.06.04 12:30:55.098,0.99719,0.99735,1.00,1.00
2015.06.04 12:30:55.339,0.99725,0.99735,1.00,1.00
2015.06.04 12:30:55.391,0.99725,0.99737,1.00,1.50
2015.06.04 12:30:55.442,0.99723,0.99735,1.00,1.00
2015.06.04 12:30:55.493,0.99723,0.99737,1.50,1.00
2015.06.04 12:30:55.544,0.99727,0.99737,1.00,1.00
2015.06.04 12:30:55.696,0.99721,0.99737,1.00,1.37
2015.06.04 12:30:55.798,0.99718,0.99734,1.00,1.12
2015.06.04 12:30:55.899,0.99723,0.99733,1.00,1.00
2015.06.04 12:30:56.254,0.9972,0.99731,1.00,1.00
2015.06.04 12:30:56.310,0.99723,0.99734,1.00,1.00
2015.06.04 12:30:56.462,0.9972,0.99733,1.00,1.00
2015.06.04 12:30:56.513,0.9972,0.99736,1.00,1.00
2015.06.04 12:30:56.564,0.99722,0.99738,1.00,1.50
2015.06.04 12:30:56.867,0.99726,0.99738,1.00,1.00
2015.06.04 12:30:57.019,0.99724,0.99737,1.00,1.00
2015.06.04 12:30:57.070,0.99724,0.99734,1.00,1.00
2015.06.04 12:30:57.291,0.99721,0.99738,1.00,1.50
2015.06.04 12:30:57.342,0.99723,0.99735,1.00,1.00
2015.06.04 12:30:57.444,0.99721,0.99737,1.50,1.00
2015.06.04 12:30:57.970,0.99722,0.99736,1.00,1.00
2015.06.04 12:30:58.496,0.99721,0.99735,1.00,1.00
2015.06.04 12:30:58.647,0.99719,0.99734,1.00,1.00
2015.06.04 12:30:58.749,0.99722,0.99736,1.00,1.00
2015.06.04 12:30:58.851,0.9972,0.99737,1.00,1.00
2015.06.04 12:30:58.902,0.9972,0.99733,1.00,1.00
2015.06.04 12:30:59.104,0.99718,0.99732,1.00,1.00
2015.06.04 12:30:59.526,0.99718,0.99735,1.00,1.12
2015.06.04 12:30:59.578,0.99718,0.99733,1.00,1.00
2015.06.04 12:30:59.936,0.99718,0.9973,1.00,1.00
2015.06.04 12:30:59.987,0.99715,0.9973,1.00,1.00
2015.06.04 12:31:00.088,0.99717,0.9973,1.00,1.00
2015.06.04 12:31:00.342,0.99717,0.99735,1.50,2.25
2015.06.04 12:31:00.393,0.99722,0.99735,1.00,1.50
2015.06.04 12:31:00.673,0.99723,0.99738,1.00,3.00
2015.06.04 12:31:00.724,0.99721,0.99738,1.00,3.00
2015.06.04 12:31:00.927,0.99724,0.9974,1.00,1.00
2015.06.04 12:31:01.180,0.99725,0.99742,1.00,1.00
2015.06.04 12:31:01.383,0.99727,0.99743,1.00,1.87
2015.06.04 12:31:01.704,0.9973,0.99745,1.00,1.00
2015.06.04 12:31:01.909,0.99727,0.99745,1.50,1.00
2015.06.04 12:31:01.960,0.9973,0.99746,1.00,1.87
2015.06.04 12:31:02.282,0.9973,0.99744,1.00,1.00
2015.06.04 12:31:02.485,0.99728,0.99744,1.00,1.00
2015.06.04 12:31:02.859,0.99729,0.99746,1.00,3.00
2015.06.04 12:31:03.112,0.99729,0.99742,1.00,1.00
2015.06.04 12:31:03.163,0.99724,0.99742,1.87,1.50
2015.06.04 12:31:03.265,0.99723,0.99739,1.50,1.00
2015.06.04 12:31:03.467,0.99721,0.99738,1.00,1.50
2015.06.04 12:31:03.518,0.99724,0.99738,1.00,1.00
2015.06.04 12:31:03.670,0.99722,0.99739,1.00,1.00
2015.06.04 12:31:04.197,0.99724,0.9974,1.00,1.00
2015.06.04 12:31:04.298,0.99722,0.9974,1.50,1.50
2015.06.04 12:31:04.349,0.99725,0.9974,1.00,1.50
2015.06.04 12:31:04.552,0.99726,0.99742,1.50,1.00
2015.06.04 12:31:04.604,0.99729,0.99745,1.00,2.32
2015.06.04 12:31:04.908,0.99739,0.99756,1.00,1.75
2015.06.04 12:31:05.144,0.99738,0.99756,1.00,1.50
2015.06.04 12:31:05.311,0.99738,0.99754,1.00,1.00
2015.06.04 12:31:05.464,0.99734,0.99751,1.00,1.00
2015.06.04 12:31:05.565,0.99732,0.9975,2.25,1.00
2015.06.04 12:31:05.667,0.99737,0.9975,1.00,1.00
2015.06.04 12:31:05.768,0.99734,0.9975,1.00,1.00
2015.06.04 12:31:05.921,0.99733,0.99747,1.00,1.00
2015.06.04 12:31:06.239,0.9973,0.99747,1.00,1.00
2015.06.04 12:31:06.441,0.99734,0.99747,1.00,1.00
2015.06.04 12:31:06.543,0.99734,0.9975,1.00,1.00
2015.06.04 12:31:06.644,0.99733,0.99748,1.00,1.00
2015.06.04 12:31:06.695,0.99731,0.99748,1.00,1.00
2015.06.04 12:31:07.221,0.9973,0.99747,1.00,1.00
2015.06.04 12:31:07.741,0.99729,0.99746,1.12,1.00
2015.06.04 12:31:08.282,0.9973,0.99746,1.00,1.00
2015.06.04 12:31:08.434,0.99731,0.99742,1.50,1.00
2015.06.04 12:31:08.485,0.99731,0.99748,2.25,2.25
2015.06.04 12:31:08.637,0.99734,0.99749,1.00,1.50
2015.06.04 12:31:08.890,0.99732,0.99749,1.50,1.00
2015.06.04 12:31:08.941,0.99729,0.99741,1.00,1.00
2015.06.04 12:31:09.281,0.99712,0.99727,1.00,1.50
2015.06.04 12:31:09.383,0.99707,0.99727,1.00,1.50
2015.06.04 12:31:09.434,0.99704,0.99726,1.00,2.25
2015.06.04 12:31:09.535,0.99703,0.99723,1.00,1.00
2015.06.04 12:31:09.737,0.99701,0.99722,1.00,1.00
2015.06.04 12:31:09.788,0.99704,0.99722,1.00,1.50
2015.06.04 12:31:10.205,0.99702,0.9972,1.00,1.00
2015.06.04 12:31:10.560,0.997,0.99718,1.00,1.00
2015.06.04 12:31:10.966,0.99702,0.99719,1.00,1.50
2015.06.04 12:31:11.295,0.99702,0.99717,1.00,1.00
2015.06.04 12:31:11.499,0.99702,0.99719,1.00,1.00
2015.06.04 12:31:11.550,0.99702,0.99717,1.00,1.00
2015.06.04 12:31:11.854,0.9972,0.99729,1.00,1.00
2015.06.04 12:31:11.956,0.99722,0.99738,1.00,1.57
2015.06.04 12:31:12.007,0.99719,0.99737,1.50,1.00
2015.06.04 12:31:12.059,0.99717,0.99731,1.00,1.00
2015.06.04 12:31:12.273,0.99714,0.99731,1.57,1.00
2015.06.04 12:31:12.375,0.99713,0.99723,1.00,1.00
2015.06.04 12:31:12.476,0.99712,0.99727,1.00,1.00
2015.06.04 12:31:12.730,0.99715,0.99728,1.00,1.00
2015.06.04 12:31:12.782,0.99715,0.99731,1.00,1.50
2015.06.04 12:31:12.833,0.99717,0.99728,1.00,1.00
2015.06.04 12:31:12.884,0.99717,0.99731,1.50,1.00
2015.06.04 12:31:12.938,0.99717,0.99733,1.00,1.50
2015.06.04 12:31:13.204,0.99719,0.99735,1.00,3.00
2015.06.04 12:31:13.463,0.99717,0.99734,1.00,1.00
2015.06.04 12:31:14.016,0.99713,0.99731,1.87,1.00
2015.06.04 12:31:14.067,0.99715,0.99733,1.87,1.00
2015.06.04 12:31:14.169,0.99722,0.99735,1.00,1.00
2015.06.04 12:31:14.399,0.99722,0.99737,1.00,2.25
2015.06.04 12:31:14.450,0.99718,0.99736,1.00,1.00
2015.06.04 12:31:14.552,0.99723,0.99737,1.00,1.87
2015.06.04 12:31:14.603,0.99717,0.99734,1.00,1.00
2015.06.04 12:31:14.705,0.99719,0.99733,1.00,1.00
2015.06.04 12:31:14.806,0.99719,0.99735,1.00,1.50
2015.06.04 12:31:14.858,0.99717,0.99734,1.50,1.50
2015.06.04 12:31:14.959,0.99717,0.9973,1.00,1.00
2015.06.04 12:31:15.061,0.99717,0.99733,1.00,1.50
2015.06.04 12:31:15.663,0.99718,0.99735,1.00,1.00
2015.06.04 12:31:15.714,0.99718,0.99733,1.00,1.00
2015.06.04 12:31:16.018,0.99713,0.99728,1.00,1.00
2015.06.04 12:31:16.069,0.99711,0.99728,1.00,1.50
2015.06.04 12:31:16.171,0.99713,0.99727,1.00,1.00
2015.06.04 12:31:16.434,0.99711,0.99728,1.00,1.00
2015.06.04 12:31:16.586,0.99713,0.9973,1.00,1.50
2015.06.04 12:31:16.840,0.99709,0.99727,1.50,1.00
2015.06.04 12:31:16.941,0.99708,0.99722,1.00,1.00
2015.06.04 12:31:17.045,0.99708,0.99725,1.00,1.00
2015.06.04 12:31:17.147,0.99708,0.99721,1.00,1.00
2015.06.04 12:31:17.198,0.99706,0.99721,1.00,1.00
2015.06.04 12:31:17.426,0.99704,0.9972,1.00,1.00
2015.06.04 12:31:17.838,0.99704,0.99717,1.00,1.00
2015.06.04 12:31:17.940,0.99706,0.9972,1.00,1.00
2015.06.04 12:31:18.144,0.99704,0.99717,1.00,1.00
2015.06.04 12:31:18.346,0.99706,0.9972,1.00,1.00
2015.06.04 12:31:19.288,0.99706,0.99721,1.00,1.50
2015.06.04 12:31:19.340,0.99705,0.99718,2.25,1.00
2015.06.04 12:31:19.441,0.99706,0.99721,1.00,1.50
2015.06.04 12:31:19.593,0.99709,0.99721,1.00,1.50
2015.06.04 12:31:19.837,0.99705,0.99721,2.25,1.50
2015.06.04 12:31:19.948,0.99705,0.99717,1.50,1.00
2015.06.04 12:31:19.999,0.99705,0.99721,2.25,1.50
2015.06.04 12:31:20.152,0.99705,0.99715,1.50,1.00
2015.06.04 12:31:20.253,0.99705,0.99721,2.25,1.50
2015.06.04 12:31:20.626,0.99707,0.99722,1.00,1.50
2015.06.04 12:31:20.930,0.99709,0.99723,1.00,1.00
2015.06.04 12:31:21.446,0.99708,0.99724,1.00,1.00
2015.06.04 12:31:21.952,0.99709,0.99723,1.50,1.00
2015.06.04 12:31:22.473,0.99709,0.99722,1.50,1.00
2015.06.04 12:31:22.777,0.99713,0.99723,1.00,1.00
2015.06.04 12:31:22.879,0.99709,0.99723,1.50,1.00
2015.06.04 12:31:23.082,0.99708,0.9972,1.00,1.00
2015.06.04 12:31:23.614,0.99708,0.99722,2.25,1.00
2015.06.04 12:31:23.715,0.99709,0.99724,1.00,1.00
2015.06.04 12:31:23.974,0.99714,0.99723,1.00,1.00
2015.06.04 12:31:24.025,0.99707,0.99723,2.25,1.00
2015.06.04 12:31:24.581,0.99705,0.99721,1.00,1.00
2015.06.04 12:31:25.063,0.99706,0.99718,1.00,1.00
2015.06.04 12:31:25.114,0.99706,0.9972,1.00,1.00
2015.06.04 12:31:25.165,0.99704,0.9972,1.00,1.00
2015.06.04 12:31:25.215,0.99704,0.99718,1.50,1.00
2015.06.04 12:31:25.733,0.99704,0.99717,1.00,1.00
2015.06.04 12:31:26.138,0.99702,0.99717,1.00,2.25
2015.06.04 12:31:26.189,0.99702,0.99712,1.00,1.00
2015.06.04 12:31:26.391,0.99699,0.99712,1.00,1.50
2015.06.04 12:31:26.625,0.99699,0.99715,2.25,1.50
2015.06.04 12:31:26.676,0.99701,0.99715,1.50,1.50
2015.06.04 12:31:26.727,0.99702,0.99717,1.50,1.00
2015.06.04 12:31:26.828,0.99699,0.99716,3.00,1.50
2015.06.04 12:31:26.980,0.99706,0.99716,1.00,1.50
2015.06.04 12:31:27.707,0.99701,0.99716,1.00,1.50
2015.06.04 12:31:27.809,0.99701,0.9971,1.00,1.00
2015.06.04 12:31:27.963,0.99698,0.99708,1.00,1.00
2015.06.04 12:31:28.015,0.99695,0.99708,1.00,1.00
2015.06.04 12:31:28.116,0.99693,0.99708,1.10,1.50
2015.06.04 12:31:28.740,0.99692,0.99707,2.25,1.00
2015.06.04 12:31:28.892,0.99692,0.99705,1.50,1.00
2015.06.04 12:31:28.943,0.99692,0.99708,1.50,2.25
2015.06.04 12:31:28.994,0.99691,0.99704,1.00,1.00
2015.06.04 12:31:29.196,0.99689,0.99703,1.00,1.00
2015.06.04 12:31:29.399,0.99693,0.99704,1.00,2.25
2015.06.04 12:31:29.951,0.99693,0.99705,1.00,1.00
2015.06.04 12:31:30.490,0.99693,0.99704,1.00,1.50
2015.06.04 12:31:31.016,0.99693,0.99705,1.00,1.00
2015.06.04 12:31:31.563,0.99693,0.99704,1.00,1.00
2015.06.04 12:31:31.716,0.99693,0.99706,1.00,2.25
2015.06.04 12:31:32.277,0.99696,0.99707,1.00,1.00
2015.06.04 12:31:32.328,0.99698,0.9971,1.00,1.50
2015.06.04 12:31:32.429,0.997,0.9971,1.00,1.00
2015.06.04 12:31:32.480,0.997,0.99713,1.00,1.00
2015.06.04 12:31:32.531,0.997,0.99716,1.50,1.50
2015.06.04 12:31:32.582,0.99703,0.99716,1.00,1.00
2015.06.04 12:31:32.835,0.99704,0.9972,1.50,1.12
2015.06.04 12:31:32.886,0.99704,0.99718,1.00,1.00
2015.06.04 12:31:33.618,0.99703,0.99719,2.25,1.00
2015.06.04 12:31:34.022,0.99705,0.9972,1.00,1.00
2015.06.04 12:31:34.420,0.99707,0.9972,1.00,1.00
2015.06.04 12:31:34.974,0.99708,0.9972,1.00,1.00
2015.06.04 12:31:35.278,0.99708,0.99718,1.00,1.00
2015.06.04 12:31:35.329,0.99706,0.99717,1.00,1.00
2015.06.04 12:31:35.380,0.99703,0.99718,1.87,1.50
2015.06.04 12:31:35.532,0.99703,0.99716,1.00,1.00
2015.06.04 12:31:35.899,0.99707,0.99719,1.50,1.00
2015.06.04 12:31:36.686,0.99707,0.9972,1.50,1.00
2015.06.04 12:31:37.215,0.99709,0.99721,1.00,1.00
2015.06.04 12:31:37.520,0.99709,0.99719,1.00,1.00
2015.06.04 12:31:38.034,0.99709,0.99718,1.00,1.00
2015.06.04 12:31:38.272,0.99709,0.99722,1.00,1.00
2015.06.04 12:31:38.792,0.9971,0.99722,1.00,1.00
2015.06.04 12:31:39.324,0.99709,0.99722,1.00,1.00
2015.06.04 12:31:39.841,0.99711,0.99721,1.12,1.00
2015.06.04 12:31:40.145,0.99718,0.9973,1.00,1.00
2015.06.04 12:31:40.196,0.99718,0.99732,1.00,1.50
2015.06.04 12:31:40.247,0.99721,0.99732,1.00,1.00
2015.06.04 12:31:40.753,0.99721,0.99735,1.00,1.00
2015.06.04 12:31:41.266,0.9972,0.99735,2.32,1.12
2015.06.04 12:31:41.765,0.99721,0.99726,1.00,1.00
2015.06.04 12:31:41.816,0.99721,0.99736,1.00,2.62
2015.06.04 12:31:42.338,0.99723,0.99736,1.50,1.10
2015.06.04 12:31:42.843,0.99723,0.99739,2.25,1.37
2015.06.04 12:31:42.894,0.99723,0.9974,2.25,3.00
2015.06.04 12:31:43.103,0.99723,0.99736,2.25,1.00
2015.06.04 12:31:43.473,0.99719,0.99731,1.75,1.00
2015.06.04 12:31:43.524,0.99718,0.99732,1.50,1.87
2015.06.04 12:31:43.575,0.99717,0.99728,1.50,1.00
2015.06.04 12:31:44.083,0.99718,0.99731,1.00,1.10
2015.06.04 12:31:44.342,0.99718,0.99727,1.00,1.00
2015.06.04 12:31:44.467,0.99718,0.99731,1.00,1.10
2015.06.04 12:31:45.646,0.9972,0.99733,1.00,1.87
2015.06.04 12:31:45.848,0.99724,0.99737,1.00,1.12
2015.06.04 12:31:46.051,0.99727,0.9974,1.00,1.87
2015.06.04 12:31:46.101,0.99727,0.99741,1.00,1.50
2015.06.04 12:31:47.228,0.99729,0.99742,1.00,1.12
2015.06.04 12:31:47.431,0.99728,0.99742,1.00,1.50
2015.06.04 12:31:47.532,0.99727,0.99738,2.25,1.00
2015.06.04 12:31:47.826,0.99728,0.99742,1.00,1.50
2015.06.04 12:31:48.432,0.99728,0.99737,1.00,1.00
2015.06.04 12:31:48.484,0.99726,0.99736,1.00,1.00
2015.06.04 12:31:48.535,0.99726,0.99732,1.00,1.00
2015.06.04 12:31:48.586,0.99722,0.99732,3.00,1.00
2015.06.04 12:31:48.637,0.99722,0.99732,1.00,1.00
2015.06.04 12:31:48.688,0.99722,0.99735,1.00,1.00
2015.06.04 12:31:49.586,0.99722,0.9973,1.00,1.00
2015.06.04 12:31:50.272,0.99723,0.99736,1.00,1.50
2015.06.04 12:31:50.690,0.99721,0.99735,1.00,1.10
2015.06.04 12:31:51.235,0.9972,0.99734,1.00,1.00
2015.06.04 12:31:51.340,0.99722,0.99734,1.00,1.00
2015.06.04 12:31:51.863,0.99722,0.99735,1.00,1.20
2015.06.04 12:31:52.521,0.99721,0.99735,1.00,1.95
2015.06.04 12:31:52.935,0.9972,0.99733,1.00,1.12
2015.06.04 12:31:53.454,0.99721,0.99734,1.00,1.12
2015.06.04 12:31:54.004,0.9972,0.99732,1.00,1.00
2015.06.04 12:31:54.525,0.99719,0.99731,1.00,1.50
2015.06.04 12:31:54.858,0.99719,0.99725,1.00,1.00
2015.06.04 12:31:54.959,0.99718,0.99731,1.00,1.00
2015.06.04 12:31:55.505,0.99719,0.99731,1.00,1.00
2015.06.04 12:31:56.512,0.99719,0.99725,1.00,1.00
2015.06.04 12:31:56.664,0.99719,0.99731,1.00,1.00
2015.06.04 12:31:56.867,0.99719,0.99727,1.00,1.00
2015.06.04 12:31:56.918,0.99718,0.9973,1.00,1.12
2015.06.04 12:31:56.969,0.9972,0.9973,1.00,1.20
2015.06.04 12:31:57.273,0.99722,0.99732,1.00,2.62
2015.06.04 12:31:57.628,0.99721,0.99734,1.00,1.12
2015.06.04 12:31:57.831,0.9972,0.99732,1.00,1.50
2015.06.04 12:31:58.270,0.99719,0.99732,1.00,1.10
2015.06.04 12:31:58.422,0.99721,0.99732,1.00,1.20
2015.06.04 12:31:58.574,0.99719,0.99732,1.00,1.57
2015.06.04 12:31:58.625,0.99717,0.99732,2.25,1.10
2015.06.04 12:31:58.726,0.99717,0.99732,1.00,2.25
2015.06.04 12:31:59.143,0.99719,0.99732,1.57,1.00
2015.06.04 12:31:59.345,0.99717,0.99732,2.25,1.00
2015.06.04 12:31:59.497,0.99717,0.99723,1.00,1.00
2015.06.04 12:31:59.649,0.99716,0.99731,1.00,1.12
2015.06.04 12:31:59.750,0.99718,0.9973,1.00,1.10
2015.06.04 12:32:00.280,0.99718,0.99731,1.10,1.50
2015.06.04 12:32:00.635,0.9972,0.99731,1.00,1.12
2015.06.04 12:32:01.308,0.99721,0.99733,1.00,2.25
2015.06.04 12:32:01.359,0.99721,0.99733,1.00,1.87
2015.06.04 12:32:01.683,0.9972,0.99725,1.00,1.00
2015.06.04 12:32:02.043,0.9972,0.99733,1.00,1.87
2015.06.04 12:32:02.459,0.99723,0.99732,1.00,1.10
2015.06.04 12:32:02.561,0.99721,0.99731,1.00,1.00
2015.06.04 12:32:02.713,0.99721,0.99726,1.00,1.00
2015.06.04 12:32:02.865,0.9972,0.99733,1.00,1.00
2015.06.04 12:32:03.018,0.99719,0.99727,1.00,1.00
2015.06.04 12:32:03.119,0.99719,0.99733,1.00,1.00
2015.06.04 12:32:03.272,0.99719,0.99725,1.00,1.00
2015.06.04 12:32:03.647,0.99718,0.99732,1.50,1.00
2015.06.04 12:32:03.698,0.99719,0.99727,1.00,1.00
2015.06.04 12:32:03.800,0.99717,0.99732,1.57,1.12
2015.06.04 12:32:04.309,0.99717,0.99731,1.00,1.50
2015.06.04 12:32:04.360,0.99722,0.99729,1.00,1.12
2015.06.04 12:32:04.411,0.99719,0.99729,1.00,1.12
2015.06.04 12:32:04.462,0.99714,0.99726,1.12,1.00
2015.06.04 12:32:04.513,0.99718,0.99726,1.00,1.00
2015.06.04 12:32:04.739,0.99711,0.99722,1.00,1.00
2015.06.04 12:32:04.791,0.99718,0.99725,1.00,1.12
2015.06.04 12:32:04.893,0.99713,0.99723,1.00,1.00
2015.06.04 12:32:05.304,0.99719,0.99726,1.00,2.25
2015.06.04 12:32:05.406,0.99713,0.99726,1.50,1.50
2015.06.04 12:32:05.457,0.99713,0.99727,2.25,1.10
2015.06.04 12:32:05.735,0.99716,0.99727,1.00,1.00
2015.06.04 12:32:05.787,0.99714,0.99727,1.00,1.00
2015.06.04 12:32:06.273,0.99713,0.99723,1.00,1.00
2015.06.04 12:32:06.325,0.99709,0.99723,1.50,1.00
2015.06.04 12:32:06.426,0.99709,0.99722,1.00,1.00
2015.06.04 12:32:06.477,0.99707,0.9972,1.12,1.00
2015.06.04 12:32:06.752,0.99706,0.9972,1.00,1.57
2015.06.04 12:32:06.954,0.99705,0.99718,1.00,1.00
2015.06.04 12:32:07.257,0.99703,0.99718,1.57,1.10
2015.06.04 12:32:07.827,0.99704,0.99718,1.00,1.10
2015.06.04 12:32:08.535,0.99705,0.9972,1.00,2.62
2015.06.04 12:32:08.687,0.99707,0.99718,1.00,1.10
2015.06.04 12:32:08.738,0.99705,0.99718,1.00,1.10
2015.06.04 12:32:09.241,0.99706,0.99718,1.50,1.10
2015.06.04 12:32:09.747,0.99707,0.9972,1.00,1.50
2015.06.04 12:32:09.848,0.99707,0.9972,1.50,1.10
2015.06.04 12:32:10.316,0.99709,0.99722,1.00,1.50
2015.06.04 12:32:10.417,0.99709,0.99723,1.00,2.25
2015.06.04 12:32:10.519,0.99707,0.99723,1.50,2.25
2015.06.04 12:32:10.772,0.99711,0.99723,1.00,2.25
2015.06.04 12:32:10.924,0.99708,0.99723,1.00,2.25
2015.06.04 12:32:11.152,0.99717,0.99722,1.00,1.10
2015.06.04 12:32:11.203,0.99716,0.99722,1.00,1.10
2015.06.04 12:32:11.304,0.99719,0.99729,1.00,1.57
2015.06.04 12:32:11.406,0.99719,0.99731,1.00,1.00
2015.06.04 12:32:11.507,0.9972,0.99733,1.50,1.00
2015.06.04 12:32:11.994,0.9972,0.99735,1.50,1.20
2015.06.04 12:32:12.358,0.9972,0.99735,1.00,2.62
2015.06.04 12:32:12.878,0.99719,0.99733,1.00,1.10
2015.06.04 12:32:13.182,0.99719,0.9973,2.32,1.00
2015.06.04 12:32:13.532,0.99714,0.99725,2.25,1.00
2015.06.04 12:32:14.053,0.99713,0.99727,1.00,2.25
2015.06.04 12:32:17.441,0.99714,0.99726,1.00,2.25
2015.06.04 12:32:17.543,0.99711,0.99724,1.00,1.00
2015.06.04 12:32:17.883,0.99709,0.9972,1.12,1.00
2015.06.04 12:32:17.986,0.99707,0.99721,1.57,1.00
2015.06.04 12:32:18.087,0.99711,0.99723,1.00,1.12
2015.06.04 12:32:18.391,0.99721,0.99735,1.50,1.75
2015.06.04 12:32:18.442,0.99721,0.99734,1.00,1.00
2015.06.04 12:32:18.644,0.99723,0.99735,1.00,1.00
2015.06.04 12:32:18.897,0.9972,0.99733,1.00,1.00
2015.06.04 12:32:19.281,0.99718,0.99733,1.00,1.57
2015.06.04 12:32:19.685,0.99718,0.9973,1.00,1.00
2015.06.04 12:32:19.838,0.99716,0.9973,1.57,1.00
2015.06.04 12:32:20.358,0.99717,0.99731,1.50,1.37
2015.06.04 12:32:20.663,0.99714,0.99728,2.25,1.00
2015.06.04 12:32:20.713,0.99714,0.99728,1.57,1.00
2015.06.04 12:32:20.967,0.9972,0.9973,1.00,1.00
2015.06.04 12:32:21.017,0.99717,0.9973,1.00,1.00
2015.06.04 12:32:21.385,0.99715,0.9973,2.25,1.00
2015.06.04 12:32:21.952,0.99716,0.9973,1.00,1.50
2015.06.04 12:32:22.003,0.99716,0.99728,1.00,1.00
2015.06.04 12:32:22.054,0.99716,0.9973,1.50,1.50
2015.06.04 12:32:22.419,0.99719,0.99729,1.00,1.00
2015.06.04 12:32:22.722,0.99724,0.99738,1.50,3.37
2015.06.04 12:32:22.824,0.99724,0.99738,1.00,2.70
2015.06.04 12:32:23.401,0.99723,0.99738,1.57,1.50
2015.06.04 12:32:23.509,0.99724,0.99736,1.00,1.00
2015.06.04 12:32:23.964,0.99726,0.99739,1.00,2.25
2015.06.04 12:32:24.382,0.99723,0.99737,2.25,1.12
2015.06.04 12:32:25.040,0.99722,0.99737,1.57,3.00
2015.06.04 12:32:25.143,0.99721,0.99734,1.50,1.00
2015.06.04 12:32:25.666,0.99722,0.99734,1.00,1.10
2015.06.04 12:32:25.770,0.99722,0.99737,1.00,1.87
2015.06.04 12:32:26.348,0.99721,0.99735,1.50,1.00
2015.06.04 12:32:26.703,0.99723,0.99735,1.00,1.00
2015.06.04 12:32:26.905,0.99719,0.99733,1.10,1.00
2015.06.04 12:32:27.007,0.99718,0.99731,2.62,1.00
2015.06.04 12:32:27.378,0.99715,0.99728,1.00,1.00
2015.06.04 12:32:27.886,0.99715,0.99728,1.00,1.12
2015.06.04 12:32:28.439,0.99716,0.99727,1.00,1.10
2015.06.04 12:32:29.148,0.99714,0.99727,1.50,2.32
2015.06.04 12:32:29.199,0.99714,0.99724,1.50,1.00
2015.06.04 12:32:29.301,0.99714,0.99727,1.00,2.32
2015.06.04 12:32:29.673,0.99717,0.99726,1.00,1.00
2015.06.04 12:32:30.186,0.99718,0.99728,1.00,1.12
2015.06.04 12:32:30.449,0.99715,0.99727,1.50,1.10
2015.06.04 12:32:30.994,0.99715,0.99726,1.00,1.00
2015.06.04 12:32:31.221,0.99715,0.99723,1.00,1.00
2015.06.04 12:32:31.373,0.9971,0.99725,2.25,1.00
2015.06.04 12:32:31.424,0.9971,0.99725,1.10,1.10
2015.06.04 12:32:31.954,0.99711,0.99726,1.00,3.37
2015.06.04 12:32:32.004,0.99711,0.99721,1.00,1.00
2015.06.04 12:32:32.156,0.99711,0.99726,1.00,3.37
2015.06.04 12:32:32.359,0.99714,0.99728,1.00,1.75
2015.06.04 12:32:32.410,0.99714,0.99728,2.25,1.87
2015.06.04 12:32:32.512,0.99715,0.99725,1.12,1.00
2015.06.04 12:32:32.728,0.99708,0.99721,1.00,1.00
2015.06.04 12:32:32.880,0.99706,0.99721,1.00,1.57
2015.06.04 12:32:32.931,0.99705,0.99719,1.50,1.10
2015.06.04 12:32:33.184,0.997,0.99716,3.00,1.12
2015.06.04 12:32:33.487,0.997,0.99716,2.25,1.10
2015.06.04 12:32:33.898,0.99704,0.99718,1.00,1.00
2015.06.04 12:32:34.201,0.99704,0.99719,2.25,1.00
2015.06.04 12:32:34.252,0.99704,0.99718,1.12,1.00
2015.06.04 12:32:34.303,0.99704,0.99716,1.12,1.00
2015.06.04 12:32:34.354,0.99707,0.99719,1.00,1.00
2015.06.04 12:32:34.456,0.99709,0.9972,1.00,1.10
2015.06.04 12:32:34.727,0.99707,0.99722,1.12,1.00
2015.06.04 12:32:34.982,0.99708,0.99724,2.62,2.25
2015.06.04 12:32:35.133,0.99708,0.99724,2.25,1.00
2015.06.04 12:32:35.386,0.99708,0.99724,1.12,1.00
2015.06.04 12:32:36.383,0.99708,0.99719,1.12,1.00
2015.06.04 12:32:37.104,0.99707,0.99723,1.50,1.50
2015.06.04 12:32:37.256,0.99712,0.99722,1.00,1.00
2015.06.04 12:32:37.307,0.99707,0.99721,1.50,1.00
2015.06.04 12:32:37.408,0.99705,0.99719,1.75,1.00
2015.06.04 12:32:37.914,0.99709,0.99718,1.00,1.00
2015.06.04 12:32:38.181,0.99706,0.99718,1.00,1.00
2015.06.04 12:32:38.383,0.99709,0.99718,1.00,1.00
2015.06.04 12:32:38.536,0.99704,0.99718,1.12,1.00
2015.06.04 12:32:39.214,0.99705,0.99719,1.10,2.25
2015.06.04 12:32:40.365,0.99709,0.99719,1.00,1.50
2015.06.04 12:32:40.416,0.99705,0.99719,1.10,1.50
2015.06.04 12:32:41.931,0.9971,0.99719,1.00,1.00
2015.06.04 12:32:41.982,0.99707,0.99719,1.00,1.00
2015.06.04 12:32:42.033,0.99709,0.99719,1.00,1.00
2015.06.04 12:32:42.135,0.9971,0.99722,1.00,1.00
2015.06.04 12:32:42.186,0.9971,0.99723,1.00,2.25
2015.06.04 12:32:42.238,0.99708,0.99723,1.00,2.25
2015.06.04 12:32:42.448,0.99713,0.99724,1.00,1.00
2015.06.04 12:32:42.499,0.99714,0.99728,1.50,2.32
2015.06.04 12:32:43.008,0.99714,0.99728,1.50,1.87
2015.06.04 12:32:43.545,0.99715,0.99728,1.00,1.10
2015.06.04 12:32:43.646,0.99713,0.99728,1.00,1.57
2015.06.04 12:32:44.155,0.99714,0.99728,1.50,1.10
2015.06.04 12:32:44.257,0.99716,0.99728,1.00,1.10
2015.06.04 12:32:44.776,0.99715,0.99727,1.00,1.00
2015.06.04 12:32:45.282,0.99716,0.99727,1.50,1.00
2015.06.04 12:32:45.815,0.99716,0.9973,1.00,1.50
2015.06.04 12:32:46.019,0.99713,0.99727,1.00,1.10
2015.06.04 12:32:46.070,0.9971,0.99726,1.87,1.00
2015.06.04 12:32:46.172,0.99709,0.99724,2.25,1.00
2015.06.04 12:32:46.477,0.99713,0.99721,1.00,1.00
2015.06.04 12:32:47.049,0.99706,0.99721,1.57,1.00
2015.06.04 12:32:47.782,0.99714,0.99723,1.00,1.00
2015.06.04 12:32:47.835,0.99714,0.99726,1.00,1.12
2015.06.04 12:32:47.886,0.99714,0.99727,1.00,1.12
2015.06.04 12:32:47.938,0.9971,0.99726,1.87,1.00
2015.06.04 12:32:48.039,0.99712,0.99724,1.10,1.00
2015.06.04 12:32:48.343,0.99712,0.99724,1.50,1.00
2015.06.04 12:32:48.394,0.99712,0.99727,1.50,2.25
2015.06.04 12:32:48.648,0.99715,0.99731,1.00,1.87
2015.06.04 12:32:49.122,0.99716,0.99732,1.10,2.25
2015.06.04 12:32:49.301,0.99716,0.99729,1.10,1.00
2015.06.04 12:32:49.807,0.99716,0.99732,1.57,3.00
2015.06.04 12:32:50.323,0.99716,0.99729,1.10,1.00
2015.06.04 12:32:50.845,0.99716,0.99732,1.10,3.00
2015.06.04 12:32:51.149,0.99719,0.99731,1.00,2.25
2015.06.04 12:32:51.200,0.99714,0.99729,1.00,1.50
2015.06.04 12:32:51.446,0.99718,0.99728,1.00,1.00
2015.06.04 12:32:51.496,0.99714,0.99728,1.00,1.00
2015.06.04 12:32:51.598,0.99713,0.9973,1.10,1.57
2015.06.04 12:32:52.133,0.99713,0.99729,1.10,1.00
2015.06.04 12:32:52.778,0.99712,0.99728,1.12,1.00
2015.06.04 12:32:52.880,0.99717,0.99729,1.00,1.00
2015.06.04 12:32:53.032,0.99712,0.99729,1.87,1.00
2015.06.04 12:32:53.321,0.99715,0.99728,1.00,1.00
2015.06.04 12:32:53.372,0.99712,0.99727,1.12,1.00
2015.06.04 12:32:53.903,0.99716,0.99729,1.00,1.00
2015.06.04 12:32:54.137,0.99712,0.99727,1.12,1.00
2015.06.04 12:32:54.188,0.99709,0.99724,2.25,1.00
2015.06.04 12:32:54.391,0.99708,0.99722,2.25,1.00
2015.06.04 12:32:54.919,0.99708,0.99722,1.10,1.00
2015.06.04 12:32:55.242,0.9971,0.99723,1.00,1.00
2015.06.04 12:32:55.959,0.9971,0.99724,1.10,1.87
2015.06.04 12:32:56.920,0.9971,0.99725,1.87,2.62
2015.06.04 12:32:57.750,0.9971,0.99722,1.12,1.00
2015.06.04 12:32:57.851,0.9971,0.99725,1.12,1.87
2015.06.04 12:32:59.204,0.9971,0.99721,1.12,1.00
2015.06.04 12:32:59.983,0.9971,0.99718,1.12,1.00
2015.06.04 12:33:00.034,0.9971,0.99721,1.12,1.00
2015.06.04 12:33:00.287,0.99708,0.99717,1.75,1.00
2015.06.04 12:33:00.439,0.99708,0.99721,1.75,1.00
2015.06.04 12:33:00.592,0.99708,0.99718,2.25,1.00
2015.06.04 12:33:00.643,0.99708,0.99722,2.25,1.00
2015.06.04 12:33:00.694,0.99715,0.99722,1.00,1.00
2015.06.04 12:33:00.744,0.99715,0.99724,1.00,1.00
2015.06.04 12:33:01.015,0.99718,0.99724,1.00,1.00
2015.06.04 12:33:01.069,0.99718,0.99733,1.00,1.57
2015.06.04 12:33:01.582,0.99718,0.99733,1.50,1.37
2015.06.04 12:33:01.981,0.99713,0.99726,1.75,1.50
2015.06.04 12:33:02.037,0.99712,0.99723,1.10,1.00
2015.06.04 12:33:02.088,0.99713,0.99725,1.87,1.00
2015.06.04 12:33:02.190,0.99715,0.99728,1.00,1.00
2015.06.04 12:33:02.241,0.99714,0.9973,1.95,1.57
2015.06.04 12:33:02.292,0.99716,0.9973,1.10,1.50
2015.06.04 12:33:02.931,0.99716,0.99729,1.10,1.00
2015.06.04 12:33:02.984,0.99717,0.99732,1.00,1.10
2015.06.04 12:33:03.035,0.99717,0.9973,1.00,1.00
2015.06.04 12:33:03.195,0.99715,0.9973,2.25,1.10
2015.06.04 12:33:03.296,0.99717,0.99731,1.00,1.10
2015.06.04 12:33:03.850,0.99717,0.99728,1.00,1.00
2015.06.04 12:33:03.901,0.99717,0.99731,1.00,1.87
2015.06.04 12:33:04.002,0.99718,0.99728,1.00,1.00
2015.06.04 12:33:04.103,0.99716,0.99728,1.00,1.00
2015.06.04 12:33:04.255,0.99716,0.99731,1.00,1.12
2015.06.04 12:33:04.306,0.99715,0.99726,1.00,1.00
2015.06.04 12:33:04.458,0.99711,0.99724,1.50,1.00
2015.06.04 12:33:04.510,0.99711,0.99724,1.00,2.25
2015.06.04 12:33:04.560,0.99708,0.99724,1.00,2.25
2015.06.04 12:33:05.079,0.99707,0.99722,2.25,1.10
2015.06.04 12:33:05.332,0.99711,0.99723,1.00,1.50
2015.06.04 12:33:05.737,0.99707,0.99724,2.32,4.20
2015.06.04 12:33:05.838,0.99709,0.99723,1.00,1.37
2015.06.04 12:33:06.111,0.99706,0.99723,1.87,2.62
2015.06.04 12:33:06.616,0.99706,0.99721,1.10,1.50
2015.06.04 12:33:06.920,0.99705,0.99719,1.12,1.87
2015.06.04 12:33:07.123,0.99704,0.99718,1.10,1.00
2015.06.04 12:33:07.408,0.9971,0.99721,1.00,1.10
2015.06.04 12:33:07.662,0.99712,0.99724,1.10,1.00
2015.06.04 12:33:07.713,0.99711,0.99722,1.12,1.00
2015.06.04 12:33:07.916,0.99709,0.99723,1.57,2.25
2015.06.04 12:33:08.017,0.99717,0.99723,1.00,1.00
2015.06.04 12:33:08.241,0.9972,0.99732,1.50,1.57
2015.06.04 12:33:09.321,0.99719,0.99732,1.50,1.10
2015.06.04 12:33:09.626,0.99721,0.99733,1.00,1.12
2015.06.04 12:33:10.134,0.99721,0.99733,1.00,1.00
2015.06.04 12:33:10.451,0.99723,0.99735,1.00,1.10
2015.06.04 12:33:10.759,0.99716,0.9973,1.75,1.00
2015.06.04 12:33:10.860,0.99716,0.9973,1.00,1.10
2015.06.04 12:33:10.911,0.99719,0.99729,1.00,1.00
2015.06.04 12:33:11.013,0.99717,0.9973,1.00,1.10
2015.06.04 12:33:11.337,0.99717,0.99728,1.57,1.00
2015.06.04 12:33:11.540,0.99714,0.99729,1.50,1.12
2015.06.04 12:33:11.944,0.99716,0.9973,1.87,1.00
2015.06.04 12:33:12.147,0.99719,0.99733,1.00,1.00
2015.06.04 12:33:12.412,0.99724,0.99737,1.12,1.37
2015.06.04 12:33:12.716,0.9973,0.99744,1.00,1.10
2015.06.04 12:33:12.818,0.99732,0.99744,1.00,1.10
2015.06.04 12:33:13.122,0.99735,0.99746,1.00,1.10
2015.06.04 12:33:13.175,0.99733,0.99746,1.10,1.00
2015.06.04 12:33:13.709,0.99733,0.99747,1.50,1.50
2015.06.04 12:33:13.760,0.99733,0.99744,1.00,1.00
2015.06.04 12:33:14.013,0.99734,0.99747,1.00,1.00
2015.06.04 12:33:14.646,0.99733,0.99748,1.50,2.32
2015.06.04 12:33:20.017,0.99728,0.99742,1.00,1.10
2015.06.04 12:33:20.119,0.9973,0.99743,1.00,1.12
2015.06.04 12:33:20.648,0.99731,0.99742,1.00,1.00
2015.06.04 12:33:20.878,0.99729,0.99742,1.00,1.00
2015.06.04 12:33:21.243,0.9973,0.9974,1.00,1.00
2015.06.04 12:33:21.294,0.99728,0.9974,1.10,1.00
2015.06.04 12:33:21.399,0.99726,0.9974,1.00,1.00
2015.06.04 12:33:21.833,0.99723,0.99736,1.12,1.00
2015.06.04 12:33:22.188,0.99726,0.99735,1.00,1.00
2015.06.04 12:33:22.239,0.99724,0.99737,1.00,1.10
2015.06.04 12:33:22.443,0.99724,0.99735,1.00,1.00
2015.06.04 12:33:22.820,0.99724,0.99732,1.00,1.00
2015.06.04 12:33:22.871,0.99722,0.99732,1.10,1.00
2015.06.04 12:33:22.972,0.99724,0.99732,1.00,1.00
2015.06.04 12:33:23.327,0.99724,0.99737,1.50,1.00
2015.06.04 12:33:23.529,0.99724,0.99733,1.50,1.00
2015.06.04 12:33:23.631,0.99724,0.99738,1.50,1.50
2015.06.04 12:33:24.051,0.99728,0.99737,1.00,1.00
2015.06.04 12:33:24.204,0.99727,0.99741,1.00,1.57
2015.06.04 12:33:24.255,0.99729,0.99743,1.00,2.25
2015.06.04 12:33:24.306,0.99729,0.99743,1.00,1.57
2015.06.04 12:33:24.844,0.99728,0.99743,1.57,1.00
2015.06.04 12:33:25.147,0.9973,0.99743,1.00,1.00
2015.06.04 12:33:25.681,0.99732,0.99743,1.00,1.00
2015.06.04 12:33:26.423,0.9973,0.99743,1.00,1.00
2015.06.04 12:33:27.049,0.99731,0.99743,1.00,1.00
2015.06.04 12:33:27.628,0.99732,0.99743,1.00,1.00
2015.06.04 12:33:28.136,0.99733,0.99743,1.00,1.00
2015.06.04 12:33:28.673,0.99731,0.99743,1.87,1.00
2015.06.04 12:33:29.245,0.99733,0.99743,1.00,1.00
2015.06.04 12:33:29.781,0.99733,0.99742,1.00,1.00
2015.06.04 12:33:30.161,0.99732,0.99747,1.10,1.87
2015.06.04 12:33:30.701,0.99732,0.99747,1.12,1.50
2015.06.04 12:33:30.903,0.99733,0.99743,1.57,1.00
2015.06.04 12:33:31.253,0.99735,0.99743,1.00,1.00
2015.06.04 12:33:32.048,0.99732,0.99743,1.87,1.00
2015.06.04 12:33:32.100,0.99733,0.99747,1.57,1.50
2015.06.04 12:33:32.368,0.99734,0.99747,1.75,2.25
2015.06.04 12:33:32.419,0.99732,0.99747,1.10,2.25
2015.06.04 12:33:32.776,0.99731,0.99745,1.12,1.00
2015.06.04 12:33:33.080,0.99736,0.99745,1.00,1.00
2015.06.04 12:33:33.397,0.99739,0.99748,1.50,1.00
2015.06.04 12:33:33.449,0.99741,0.99753,1.00,2.25
2015.06.04 12:33:33.803,0.99739,0.9975,1.57,1.00
2015.06.04 12:33:34.157,0.99738,0.99746,1.12,1.00
2015.06.04 12:33:34.208,0.99736,0.99746,1.12,1.00
2015.06.04 12:33:34.310,0.99733,0.99747,1.12,1.00
2015.06.04 12:33:34.595,0.99732,0.99745,1.12,1.00
2015.06.04 12:33:35.138,0.99731,0.99747,3.75,1.87
2015.06.04 12:33:35.340,0.99732,0.99745,1.12,1.00
2015.06.04 12:33:35.719,0.99735,0.99745,1.00,1.00
2015.06.04 12:33:35.778,0.99736,0.99748,1.00,1.00
2015.06.04 12:33:35.880,0.99735,0.99745,1.10,1.00
2015.06.04 12:33:36.185,0.99729,0.99743,1.75,1.50
2015.06.04 12:33:36.774,0.9973,0.99743,1.12,1.00
2015.06.04 12:33:36.827,0.9973,0.99741,1.12,1.00
2015.06.04 12:33:37.763,0.99727,0.9974,1.75,1.00
2015.06.04 12:33:37.814,0.99727,0.9974,1.50,1.00
2015.06.04 12:33:38.931,0.99728,0.9974,1.00,1.00
2015.06.04 12:33:39.603,0.99727,0.99739,1.10,1.00
2015.06.04 12:33:39.906,0.9973,0.9974,1.00,1.00
2015.06.04 12:33:39.957,0.99727,0.99742,1.10,1.00
2015.06.04 12:33:40.159,0.99727,0.99739,1.10,1.00
2015.06.04 12:33:40.483,0.99727,0.99737,1.10,1.00
2015.06.04 12:33:40.534,0.99725,0.9974,1.50,1.87
2015.06.04 12:33:40.990,0.99728,0.99742,2.25,1.00
2015.06.04 12:33:41.467,0.99728,0.9974,1.57,1.00
2015.06.04 12:33:41.725,0.99729,0.99742,1.50,1.00
2015.06.04 12:33:42.232,0.9973,0.99743,1.00,1.00
2015.06.04 12:33:42.502,0.99728,0.99741,3.37,1.00
2015.06.04 12:33:43.020,0.9973,0.99741,1.00,1.00
2015.06.04 12:33:43.565,0.99729,0.99741,1.10,1.00
2015.06.04 12:33:44.671,0.99728,0.99739,1.87,1.00
2015.06.04 12:33:45.177,0.99728,0.99739,1.10,1.00
2015.06.04 12:33:45.768,0.99728,0.9974,1.10,1.00
2015.06.04 12:33:46.072,0.99725,0.99738,1.95,1.00
2015.06.04 12:33:46.123,0.99728,0.9974,1.00,1.00
2015.06.04 12:33:46.325,0.99727,0.99742,1.00,2.70
2015.06.04 12:33:46.427,0.99727,0.9974,1.00,1.12
2015.06.04 12:33:46.745,0.99728,0.99742,1.00,1.20
2015.06.04 12:33:46.998,0.99731,0.99741,1.00,1.00
2015.06.04 12:33:47.535,0.99731,0.99743,1.00,3.37
2015.06.04 12:33:47.738,0.99729,0.99743,1.00,2.25
2015.06.04 12:33:48.247,0.99728,0.99743,1.57,1.50
2015.06.04 12:33:48.297,0.99728,0.99741,1.57,1.00
2015.06.04 12:33:48.948,0.99729,0.99742,1.50,1.50
2015.06.04 12:33:49.252,0.99732,0.99745,1.50,1.10
2015.06.04 12:33:49.555,0.99733,0.99746,1.12,1.00
2015.06.04 12:33:50.598,0.99733,0.99747,1.87,1.00
2015.06.04 12:33:51.104,0.99734,0.99746,1.10,1.00
2015.06.04 12:33:51.810,0.99733,0.99745,1.12,1.00
2015.06.04 12:33:52.013,0.99732,0.99745,1.00,1.00
2015.06.04 12:33:52.064,0.99731,0.99743,1.57,1.50
2015.06.04 12:33:52.570,0.9973,0.99743,2.25,1.00
2015.06.04 12:33:53.057,0.9973,0.9974,1.00,1.00
2015.06.04 12:33:53.462,0.99728,0.99739,1.10,1.00
2015.06.04 12:33:53.664,0.99726,0.99738,1.10,1.00
2015.06.04 12:33:54.210,0.99725,0.99737,2.25,1.00
2015.06.04 12:33:54.729,0.99726,0.99737,1.00,1.00
2015.06.04 12:33:54.780,0.99729,0.9974,1.00,1.00
2015.06.04 12:33:55.033,0.99731,0.99743,1.50,1.00
2015.06.04 12:33:55.135,0.99733,0.99744,1.00,1.00
2015.06.04 12:33:55.236,0.99734,0.99747,1.00,1.57
2015.06.04 12:33:55.338,0.99732,0.99745,2.25,1.00
2015.06.04 12:33:55.599,0.99732,0.99745,1.50,1.00
2015.06.04 12:33:56.149,0.99733,0.99746,1.00,1.00
2015.06.04 12:33:56.668,0.99732,0.99745,2.25,1.00
2015.06.04 12:33:57.205,0.99733,0.99745,1.00,1.00
2015.06.04 12:33:57.660,0.99733,0.99747,1.00,1.00
2015.06.04 12:33:58.087,0.99733,0.99745,1.00,1.00
2015.06.04 12:33:58.533,0.99735,0.99747,1.00,1.00
2015.06.04 12:33:59.039,0.99735,0.99748,1.00,1.50
2015.06.04 12:33:59.343,0.99737,0.9975,1.50,1.10
2015.06.04 12:33:59.655,0.99736,0.99746,2.25,1.00
2015.06.04 12:33:59.706,0.99736,0.99746,1.12,1.00
2015.06.04 12:33:59.909,0.99733,0.99745,1.87,1.00
2015.06.04 12:33:59.960,0.99732,0.99743,3.00,1.00
2015.06.04 12:34:00.162,0.99732,0.99743,1.57,1.00
2015.06.04 12:34:00.415,0.99732,0.99745,2.32,1.00
2015.06.04 12:34:00.517,0.99734,0.99747,1.00,1.00
2015.06.04 12:34:01.503,0.99734,0.99746,1.00,1.00
2015.06.04 12:34:01.808,0.99731,0.99742,1.00,1.00
2015.06.04 12:34:02.325,0.99732,0.99743,1.50,1.50
2015.06.04 12:34:02.629,0.99728,0.9974,1.50,1.00
2015.06.04 12:34:02.883,0.99728,0.99739,1.00,1.75
2015.06.04 12:34:03.433,0.99728,0.99741,1.00,2.25
2015.06.04 12:34:03.787,0.99726,0.99739,1.50,1.87
2015.06.04 12:34:04.301,0.99727,0.99737,1.00,1.00
2015.06.04 12:34:04.479,0.99727,0.99733,1.00,1.00
2015.06.04 12:34:04.530,0.99724,0.99733,1.50,1.00
2015.06.04 12:34:04.834,0.99724,0.99737,1.00,2.62
2015.06.04 12:34:04.885,0.99722,0.99737,1.50,2.62
2015.06.04 12:34:05.398,0.99723,0.99736,1.00,1.12
2015.06.04 12:34:06.604,0.99723,0.99733,1.00,1.00
2015.06.04 12:34:07.141,0.99724,0.99734,1.00,1.00
2015.06.04 12:34:07.243,0.99721,0.99734,1.50,1.00
2015.06.04 12:34:07.496,0.99725,0.99737,1.00,3.00
2015.06.04 12:34:08.381,0.99723,0.99736,1.00,1.10
2015.06.04 12:34:08.483,0.99721,0.99732,1.50,1.00
2015.06.04 12:34:08.787,0.99719,0.99732,1.00,1.00
2015.06.04 12:34:08.990,0.99723,0.99732,1.50,1.12
2015.06.04 12:34:09.142,0.99723,0.99736,1.50,2.62
2015.06.04 12:34:09.245,0.99725,0.99737,1.00,1.75
2015.06.04 12:34:09.347,0.99723,0.99736,1.50,1.50
2015.06.04 12:34:10.334,0.99722,0.99726,2.25,1.00
2015.06.04 12:34:10.638,0.99713,0.99726,1.50,1.10
2015.06.04 12:34:10.901,0.99716,0.99728,1.00,3.00
2015.06.04 12:34:10.954,0.99717,0.99728,1.00,1.00
2015.06.04 12:34:11.106,0.99715,0.99727,2.25,1.00
2015.06.04 12:34:11.208,0.99715,0.99723,1.57,1.00
2015.06.04 12:34:11.310,0.99715,0.99728,1.50,1.50
2015.06.04 12:34:11.411,0.99717,0.99727,1.00,1.00
2015.06.04 12:34:11.462,0.99718,0.99731,1.50,1.50
2015.06.04 12:34:11.563,0.9972,0.99734,1.00,2.25
2015.06.04 12:34:12.014,0.99721,0.99734,1.00,1.10
2015.06.04 12:34:12.129,0.99719,0.99735,2.32,3.00
2015.06.04 12:34:12.644,0.99719,0.99732,1.57,1.00
2015.06.04 12:34:13.709,0.99719,0.99733,1.57,1.57
2015.06.04 12:34:13.759,0.99722,0.99733,1.00,1.57
2015.06.04 12:34:14.339,0.99722,0.99735,1.00,1.10
2015.06.04 12:34:14.998,0.99721,0.99734,1.50,1.00
2015.06.04 12:34:15.302,0.99718,0.99732,3.37,1.50
2015.06.04 12:34:15.809,0.99718,0.99731,1.50,1.10
2015.06.04 12:34:17.029,0.99722,0.99732,1.00,1.12
2015.06.04 12:34:17.181,0.99723,0.99735,1.00,3.00
2015.06.04 12:34:17.282,0.99721,0.99734,1.00,1.47
2015.06.04 12:34:17.434,0.9972,0.99733,1.00,1.87
2015.06.04 12:34:18.128,0.99719,0.99732,2.25,1.50
2015.06.04 12:34:21.657,0.99721,0.99731,1.00,1.12
2015.06.04 12:34:21.910,0.99722,0.99734,2.25,1.57
2015.06.04 12:34:22.279,0.9972,0.99734,1.50,1.50
2015.06.04 12:34:22.815,0.99719,0.99733,1.50,1.10
2015.06.04 12:34:23.461,0.9972,0.99733,1.00,1.10
2015.06.04 12:34:23.886,0.9972,0.99731,1.00,1.00
2015.06.04 12:34:24.425,0.9972,0.99732,1.00,1.12
2015.06.04 12:34:24.950,0.99721,0.99732,1.00,1.00
2015.06.04 12:34:25.521,0.99722,0.99732,1.00,1.50
2015.06.04 12:34:25.622,0.9972,0.99732,2.25,1.50
2015.06.04 12:34:26.089,0.99719,0.99732,1.50,2.25
2015.06.04 12:34:26.297,0.9972,0.99733,1.50,1.00
2015.06.04 12:34:27.090,0.99721,0.99733,1.00,1.10
2015.06.04 12:34:27.645,0.99722,0.99733,1.00,1.10
2015.06.04 12:34:28.668,0.9972,0.99733,1.00,1.10
2015.06.04 12:34:29.169,0.99721,0.99733,1.50,1.57
2015.06.04 12:34:29.581,0.99724,0.99732,1.00,1.00
2015.06.04 12:34:30.087,0.99722,0.99732,1.50,1.00
2015.06.04 12:34:30.625,0.99723,0.99732,2.25,1.00
2015.06.04 12:34:31.169,0.99724,0.99732,1.00,1.00
2015.06.04 12:34:31.675,0.99725,0.99732,1.00,1.00
2015.06.04 12:34:31.877,0.99724,0.99728,1.00,1.00
2015.06.04 12:34:31.928,0.99721,0.99728,1.00,1.00
2015.06.04 12:34:32.080,0.9972,0.99731,1.00,1.00
2015.06.04 12:34:32.399,0.99721,0.99733,1.50,1.95
2015.06.04 12:34:33.108,0.99726,0.99733,1.00,1.10
2015.06.04 12:34:33.311,0.99726,0.99737,1.50,1.00
2015.06.04 12:34:33.362,0.99726,0.9974,1.50,1.12
2015.06.04 12:34:33.618,0.9973,0.99744,1.00,2.25
2015.06.04 12:34:33.922,0.99731,0.99745,1.50,1.00
2015.06.04 12:34:34.429,0.99732,0.99747,1.00,2.25
2015.06.04 12:34:34.684,0.99734,0.99747,1.00,1.50
2015.06.04 12:34:34.986,0.99734,0.99744,1.00,1.00
2015.06.04 12:34:35.088,0.99734,0.99747,1.00,2.62
2015.06.04 12:34:35.139,0.99734,0.99744,1.00,1.00
2015.06.04 12:34:35.291,0.99733,0.99747,1.00,3.00
2015.06.04 12:34:35.342,0.99732,0.9974,1.00,1.00
2015.06.04 12:34:35.443,0.99729,0.9974,1.10,1.87
2015.06.04 12:34:35.544,0.99726,0.99739,1.00,1.00
2015.06.04 12:34:35.646,0.99725,0.99737,1.00,1.50
2015.06.04 12:34:35.798,0.99723,0.99736,1.00,1.12
2015.06.04 12:34:35.899,0.99722,0.99735,1.00,1.12
2015.06.04 12:34:36.131,0.9972,0.99735,1.57,2.25
2015.06.04 12:34:36.638,0.99719,0.99734,1.00,1.95
2015.06.04 12:34:37.360,0.9972,0.99733,1.00,1.00
2015.06.04 12:34:37.883,0.99721,0.99735,1.00,3.75
2015.06.04 12:34:38.259,0.99719,0.99735,2.25,3.00
2015.06.04 12:34:38.938,0.9972,0.99733,1.00,1.00
2015.06.04 12:34:39.444,0.99719,0.99733,1.00,1.87
2015.06.04 12:34:39.993,0.99719,0.99732,1.00,1.57
2015.06.04 12:34:40.499,0.99719,0.99731,1.50,2.25
2015.06.04 12:34:41.371,0.9972,0.99731,1.00,2.25
2015.06.04 12:34:41.915,0.99719,0.99731,1.50,1.50
2015.06.04 12:34:42.424,0.9972,0.99731,1.00,1.00
2015.06.04 12:34:42.953,0.99721,0.99733,1.00,2.25
2015.06.04 12:34:43.359,0.99721,0.99735,1.50,1.12
2015.06.04 12:34:43.885,0.99721,0.99736,2.25,2.62
2015.06.04 12:34:44.429,0.99722,0.99736,1.00,1.47
2015.06.04 12:34:44.933,0.99721,0.99735,1.50,2.62
2015.06.04 12:34:45.551,0.9972,0.99734,1.50,1.47
2015.06.04 12:34:46.095,0.9972,0.99735,1.50,2.25
2015.06.04 12:34:46.626,0.9972,0.99735,1.50,1.95
2015.06.04 12:34:47.133,0.99721,0.99735,1.00,1.20
2015.06.04 12:34:47.835,0.9972,0.99735,1.50,1.20
2015.06.04 12:34:48.248,0.99721,0.99732,1.00,1.00
2015.06.04 12:34:48.400,0.99718,0.99731,1.12,1.50
2015.06.04 12:34:48.774,0.99721,0.99731,1.00,1.00
2015.06.04 12:34:48.976,0.9972,0.99733,2.25,1.00
2015.06.04 12:34:49.078,0.99724,0.99733,1.00,1.00
2015.06.04 12:34:49.179,0.99721,0.99735,1.50,1.12
2015.06.04 12:34:49.586,0.99726,0.99737,1.00,3.00
2015.06.04 12:34:49.846,0.9972,0.99731,1.50,1.00
2015.06.04 12:34:49.948,0.99718,0.99732,1.50,3.00
2015.06.04 12:34:50.049,0.99718,0.99729,1.00,1.00
2015.06.04 12:34:50.201,0.99718,0.99731,1.00,3.00
2015.06.04 12:34:50.833,0.99719,0.99733,1.00,3.00
2015.06.04 12:34:52.371,0.99719,0.99732,1.00,1.50
2015.06.04 12:34:53.207,0.99718,0.99732,1.00,1.50
2015.06.04 12:34:53.822,0.99717,0.99732,3.00,1.50
2015.06.04 12:34:54.077,0.99719,0.99732,1.00,1.50
2015.06.04 12:34:54.256,0.99717,0.99732,2.25,1.50
2015.06.04 12:34:54.711,0.99719,0.99732,1.00,1.50
2015.06.04 12:34:55.215,0.99719,0.9973,1.00,1.95
2015.06.04 12:34:58.874,0.99717,0.9973,1.00,1.95
2015.06.04 12:34:59.113,0.99719,0.9973,1.00,1.95
2015.06.04 12:34:59.325,0.99717,0.9973,1.50,1.95
2015.06.04 12:34:59.376,0.99717,0.99727,1.50,1.50
2015.06.04 12:34:59.578,0.99711,0.99726,1.87,2.25
2015.06.04 12:34:59.629,0.99711,0.99724,1.00,1.00
2015.06.04 12:35:00.096,0.99718,0.99731,1.00,1.57
2015.06.04 12:35:00.400,0.9972,0.99733,1.00,1.87
2015.06.04 12:35:01.081,0.9972,0.99729,1.00,1.00
2015.06.04 12:35:01.387,0.99718,0.99731,1.50,2.62
2015.06.04 12:35:01.489,0.9972,0.99731,1.00,1.12
2015.06.04 12:35:02.030,0.99719,0.99733,2.25,4.12
2015.06.04 12:35:02.377,0.99721,0.99733,1.00,1.87
2015.06.04 12:35:02.428,0.99721,0.99733,1.00,1.87
2015.06.04 12:35:02.530,0.99721,0.99733,1.00,1.12
2015.06.04 12:35:03.042,0.99723,0.99734,1.00,1.50
2015.06.04 12:35:03.351,0.99727,0.99738,1.50,2.25
2015.06.04 12:35:03.403,0.99728,0.99739,1.50,1.87
2015.06.04 12:35:03.605,0.99726,0.99737,1.00,1.50
2015.06.04 12:35:03.707,0.99724,0.99738,1.00,3.00
2015.06.04 12:35:04.475,0.99722,0.99733,1.00,1.10
2015.06.04 12:35:04.577,0.9972,0.99734,1.50,1.50
2015.06.04 12:35:04.898,0.99722,0.99735,1.00,1.87
2015.06.04 12:35:05.050,0.99719,0.99732,1.00,1.50
2015.06.04 12:35:05.151,0.99717,0.99731,1.50,1.10
2015.06.04 12:35:05.253,0.99715,0.99728,2.25,1.50
2015.06.04 12:35:05.592,0.99719,0.99731,1.00,1.87
2015.06.04 12:35:05.997,0.99721,0.99731,1.00,1.87
2015.06.04 12:35:06.252,0.99722,0.99735,1.00,2.62
2015.06.04 12:35:06.776,0.99719,0.99733,1.50,2.32
2015.06.04 12:35:06.828,0.99719,0.99731,1.00,1.12
2015.06.04 12:35:07.132,0.99713,0.99724,1.00,1.00
2015.06.04 12:35:07.335,0.99708,0.99721,1.00,1.50
2015.06.04 12:35:07.881,0.99708,0.9972,1.00,1.00
2015.06.04 12:35:08.334,0.99715,0.99722,1.00,1.12
2015.06.04 12:35:08.486,0.99716,0.99728,1.50,2.25
2015.06.04 12:35:08.587,0.99717,0.99728,1.00,1.12
2015.06.04 12:35:08.900,0.99719,0.99729,1.00,1.12
2015.06.04 12:35:09.425,0.9972,0.99729,1.00,1.37
2015.06.04 12:35:09.963,0.99719,0.99729,1.00,1.37
2015.06.04 12:35:10.064,0.99717,0.99729,1.50,1.37
2015.06.04 12:35:10.601,0.99718,0.99729,1.00,1.12
2015.06.04 12:35:11.113,0.99717,0.99729,1.00,1.37
2015.06.04 12:35:11.758,0.99717,0.99728,1.00,1.20
2015.06.04 12:35:12.333,0.99718,0.99728,1.00,1.20
2015.06.04 12:35:12.637,0.99716,0.9973,1.50,2.62
2015.06.04 12:35:13.152,0.99717,0.99729,1.00,1.50
2015.06.04 12:35:14.507,0.99718,0.9973,1.00,1.87
2015.06.04 12:35:15.138,0.99718,0.9973,1.00,1.47
2015.06.04 12:35:15.668,0.99719,0.9973,1.00,1.95
2015.06.04 12:35:15.718,0.99718,0.99725,1.50,1.00
2015.06.04 12:35:15.770,0.99718,0.9973,1.00,1.95
2015.06.04 12:35:15.821,0.99715,0.99727,2.25,1.00
2015.06.04 12:35:16.052,0.99718,0.99729,1.00,1.00
2015.06.04 12:35:16.563,0.99717,0.9973,1.00,1.50
2015.06.04 12:35:17.093,0.99718,0.9973,1.00,1.87
2015.06.04 12:35:17.624,0.99717,0.9973,1.00,2.25
2015.06.04 12:35:18.084,0.99716,0.99727,1.00,1.50
2015.06.04 12:35:18.389,0.99707,0.9972,1.50,1.50
2015.06.04 12:35:18.642,0.99704,0.99709,2.25,1.00
2015.06.04 12:35:18.896,0.99695,0.99704,1.00,1.00
2015.06.04 12:35:19.068,0.99692,0.99705,1.50,1.00
2015.06.04 12:35:19.119,0.99691,0.99703,2.25,1.50
2015.06.04 12:35:19.423,0.99696,0.99701,1.00,1.00
2015.06.04 12:35:19.474,0.99696,0.99705,1.00,1.87
2015.06.04 12:35:19.525,0.99696,0.997,1.00,1.00
2015.06.04 12:35:19.678,0.99691,0.99701,2.25,1.00
2015.06.04 12:35:19.729,0.99691,0.99699,2.25,1.00
2015.06.04 12:35:19.780,0.99689,0.99698,1.00,1.00
2015.06.04 12:35:19.882,0.99686,0.99699,1.50,1.10
2015.06.04 12:35:20.047,0.99688,0.997,1.00,1.00
2015.06.04 12:35:20.199,0.99688,0.99702,2.25,2.25
2015.06.04 12:35:20.300,0.9969,0.99702,1.00,1.50
2015.06.04 12:35:20.654,0.99688,0.99701,1.50,1.00
2015.06.04 12:35:21.184,0.99689,0.997,1.00,1.00
2015.06.04 12:35:21.502,0.99685,0.99697,1.50,1.50
2015.06.04 12:35:21.654,0.99683,0.99696,1.10,1.00
2015.06.04 12:35:21.705,0.99685,0.99696,1.00,1.00
2015.06.04 12:35:22.161,0.99692,0.99704,1.00,1.87
2015.06.04 12:35:22.674,0.99691,0.99704,1.00,1.00
2015.06.04 12:35:23.306,0.99692,0.99704,1.00,1.00
2015.06.04 12:35:23.408,0.9969,0.99704,1.00,1.87
2015.06.04 12:35:23.915,0.99689,0.99703,1.50,2.25
2015.06.04 12:35:23.966,0.99689,0.997,1.00,1.50
2015.06.04 12:35:24.017,0.99687,0.99699,1.00,1.00
2015.06.04 12:35:24.278,0.99689,0.99697,1.00,1.00
2015.06.04 12:35:24.328,0.99689,0.997,1.50,1.00
2015.06.04 12:35:24.480,0.99691,0.99702,1.00,1.20
2015.06.04 12:35:24.936,0.99694,0.99705,1.00,1.10
2015.06.04 12:35:25.038,0.99692,0.99704,1.00,1.12
2015.06.04 12:35:25.808,0.99691,0.99703,1.00,1.37
2015.06.04 12:35:25.910,0.99689,0.997,1.10,1.00
2015.06.04 12:35:26.275,0.9969,0.99702,1.00,1.57
2015.06.04 12:35:26.798,0.9969,0.99703,1.00,1.50
2015.06.04 12:35:27.390,0.9969,0.99704,1.00,2.70
2015.06.04 12:35:27.913,0.99691,0.99704,1.00,2.70
2015.06.04 12:35:28.250,0.99689,0.99702,1.00,1.00
2015.06.04 12:35:28.497,0.99689,0.99704,1.50,1.95
2015.06.04 12:35:29.021,0.99691,0.99704,1.50,1.57
2015.06.04 12:35:29.694,0.99691,0.99703,1.00,1.00
2015.06.04 12:35:30.002,0.99687,0.99697,1.00,1.00
2015.06.04 12:35:30.204,0.99687,0.997,1.00,1.00
2015.06.04 12:35:30.742,0.99687,0.99701,2.25,1.10
2015.06.04 12:35:31.198,0.99685,0.99698,1.57,1.00
2015.06.04 12:35:31.501,0.99667,0.99678,1.57,1.00
2015.06.04 12:35:31.773,0.99653,0.99668,1.10,1.50
2015.06.04 12:35:31.976,0.99653,0.99668,1.67,1.50
2015.06.04 12:35:32.657,0.99653,0.99669,1.77,1.50
2015.06.04 12:35:33.163,0.99653,0.99669,2.32,2.25
2015.06.04 12:35:33.670,0.99654,0.99669,1.00,2.25
2015.06.04 12:35:34.262,0.99658,0.9967,1.00,1.75
2015.06.04 12:35:34.363,0.99655,0.9967,1.00,1.75
2015.06.04 12:35:34.414,0.99657,0.99671,1.00,1.75
2015.06.04 12:35:34.515,0.99657,0.99669,1.00,1.00
2015.06.04 12:35:35.034,0.99659,0.99669,1.00,1.00
2015.06.04 12:35:35.085,0.9966,0.99674,1.00,1.50
2015.06.04 12:35:35.187,0.9966,0.99674,1.12,1.00
2015.06.04 12:35:36.458,0.99661,0.99675,1.10,1.00
2015.06.04 12:35:37.007,0.99662,0.99676,1.00,1.00
2015.06.04 12:35:37.480,0.9966,0.99674,1.12,1.00
2015.06.04 12:35:37.788,0.9966,0.99673,1.75,1.00
2015.06.04 12:35:37.942,0.99659,0.99671,1.57,1.00
2015.06.04 12:35:38.145,0.99657,0.99672,1.57,1.00
2015.06.04 12:35:38.485,0.99661,0.99671,1.00,1.00
2015.06.04 12:35:38.537,0.99665,0.99678,1.00,1.57
2015.06.04 12:35:38.891,0.99665,0.99681,1.00,1.87
2015.06.04 12:35:39.397,0.99666,0.99681,1.10,1.87
2015.06.04 12:35:40.003,0.99666,0.99681,1.57,1.00
2015.06.04 12:35:40.520,0.99667,0.9968,1.00,1.00
2015.06.04 12:35:41.063,0.99666,0.9968,1.00,1.00
2015.06.04 12:35:41.575,0.99665,0.9968,1.00,1.12
2015.06.04 12:35:41.676,0.99667,0.99681,1.00,1.50
2015.06.04 12:35:41.778,0.99665,0.99681,1.10,1.57
2015.06.04 12:35:42.066,0.99665,0.99677,1.10,1.00
2015.06.04 12:35:42.371,0.99663,0.99675,1.00,1.50
2015.06.04 12:35:42.574,0.99661,0.99675,1.10,1.00
2015.06.04 12:35:43.046,0.99659,0.99672,1.50,1.00
2015.06.04 12:35:43.350,0.99658,0.99668,1.10,1.00
2015.06.04 12:35:43.856,0.99657,0.99669,1.50,1.00
2015.06.04 12:35:44.535,0.9966,0.99674,1.12,1.50
2015.06.04 12:35:44.737,0.99662,0.99677,1.10,1.50
2015.06.04 12:35:44.991,0.99662,0.99677,1.87,1.00
2015.06.04 12:35:45.452,0.99665,0.9968,1.50,1.50
2015.06.04 12:35:45.655,0.99665,0.9968,1.75,1.50
2015.06.04 12:35:48.270,0.99666,0.99681,2.25,1.00
2015.06.04 12:35:48.804,0.99665,0.9968,2.25,1.00
2015.06.04 12:35:49.908,0.99666,0.99682,1.75,1.50
2015.06.04 12:35:50.454,0.99665,0.99677,1.75,1.00
2015.06.04 12:35:50.812,0.99663,0.99676,1.75,1.00
2015.06.04 12:35:52.738,0.99663,0.99675,1.87,1.00
2015.06.04 12:35:53.780,0.99662,0.9967,1.75,1.00
2015.06.04 12:35:53.882,0.99659,0.99671,1.12,1.00
2015.06.04 12:35:54.389,0.99657,0.9967,2.25,1.00
2015.06.04 12:35:54.978,0.99657,0.99669,2.25,1.00
2015.06.04 12:35:55.079,0.99657,0.99669,2.25,1.00
2015.06.04 12:35:55.586,0.99658,0.99668,1.12,1.00
2015.06.04 12:35:56.106,0.99657,0.99667,1.50,1.00
2015.06.04 12:35:56.287,0.99656,0.99665,1.75,1.00
2015.06.04 12:35:56.792,0.99655,0.99664,1.75,1.00
2015.06.04 12:35:57.289,0.99653,0.99667,2.62,1.00
2015.06.04 12:35:57.493,0.99658,0.99668,1.12,1.00
2015.06.04 12:35:57.696,0.9966,0.99671,1.12,1.00
2015.06.04 12:35:58.162,0.99661,0.99672,1.37,1.00
2015.06.04 12:35:58.800,0.99663,0.99673,1.10,1.00
2015.06.04 12:35:59.196,0.99662,0.99673,2.62,1.00
2015.06.04 12:35:59.247,0.99663,0.99673,1.12,1.00
2015.06.04 12:35:59.602,0.99663,0.99674,1.75,1.00
2015.06.04 12:36:00.175,0.99659,0.99671,1.75,1.00
2015.06.04 12:36:00.277,0.99659,0.99669,1.50,1.00
2015.06.04 12:36:00.329,0.99662,0.99672,1.00,1.00
2015.06.04 12:36:00.532,0.99664,0.99673,1.12,1.00
2015.06.04 12:36:00.583,0.99664,0.99675,1.50,1.00
2015.06.04 12:36:00.685,0.99664,0.99676,2.62,1.00
2015.06.04 12:36:01.108,0.99657,0.99667,1.10,1.00
2015.06.04 12:36:01.159,0.99653,0.99667,1.87,1.00
2015.06.04 12:36:01.210,0.99653,0.99661,1.87,1.00
2015.06.04 12:36:01.362,0.9965,0.9966,1.50,1.00
2015.06.04 12:36:01.413,0.99652,0.9966,1.00,1.00
2015.06.04 12:36:02.049,0.99652,0.99661,1.00,1.00
2015.06.04 12:36:02.568,0.99652,0.9966,1.00,1.00
2015.06.04 12:36:03.318,0.99652,0.99663,1.10,1.00
2015.06.04 12:36:03.421,0.99654,0.99666,1.00,1.00
2015.06.04 12:36:03.473,0.99654,0.99666,1.50,1.00
2015.06.04 12:36:03.879,0.99654,0.99664,1.75,1.00
2015.06.04 12:36:04.047,0.99654,0.99665,1.12,1.00
2015.06.04 12:36:04.200,0.99653,0.99663,1.12,1.00
2015.06.04 12:36:04.771,0.99653,0.99664,1.12,1.00
2015.06.04 12:36:05.278,0.99653,0.99662,1.12,1.00
2015.06.04 12:36:05.829,0.99653,0.99663,1.12,1.00
2015.06.04 12:36:06.733,0.99654,0.99665,1.10,1.00
2015.06.04 12:36:07.238,0.99652,0.99664,2.25,1.00
2015.06.04 12:36:07.772,0.99651,0.99663,1.12,1.00
2015.06.04 12:36:08.836,0.99655,0.99663,1.00,1.00
2015.06.04 12:36:08.937,0.99656,0.99667,1.00,1.00
2015.06.04 12:36:09.140,0.99653,0.99664,1.12,1.00
2015.06.04 12:36:09.688,0.99652,0.99665,1.57,1.00
2015.06.04 12:36:10.143,0.99652,0.99667,1.10,1.87
2015.06.04 12:36:10.245,0.99654,0.99667,1.00,1.12
2015.06.04 12:36:10.775,0.99652,0.99666,1.20,1.00
2015.06.04 12:36:10.825,0.99655,0.99665,1.00,1.00
2015.06.04 12:36:10.927,0.99653,0.99665,1.00,1.00
2015.06.04 12:36:11.347,0.99654,0.99665,1.12,1.00
2015.06.04 12:36:13.637,0.99652,0.99664,1.75,1.00
2015.06.04 12:36:13.789,0.99648,0.9966,2.25,1.00
2015.06.04 12:36:13.891,0.99648,0.99661,1.10,1.12
2015.06.04 12:36:14.078,0.99648,0.99658,1.10,1.00
2015.06.04 12:36:14.332,0.99648,0.99661,1.57,1.00
2015.06.04 12:36:14.383,0.99651,0.99661,1.00,1.00
2015.06.04 12:36:14.434,0.99651,0.99665,1.87,1.50
2015.06.04 12:36:14.486,0.99655,0.99665,1.00,1.00
2015.06.04 12:36:14.638,0.99656,0.99668,1.00,1.00
2015.06.04 12:36:14.689,0.99656,0.9967,1.00,1.00
2015.06.04 12:36:15.211,0.99657,0.9967,1.10,1.00
2015.06.04 12:36:16.242,0.99659,0.99671,1.00,1.00
2015.06.04 12:36:16.850,0.99661,0.99671,1.00,1.00
2015.06.04 12:36:17.398,0.99661,0.9967,1.00,1.00
2015.06.04 12:36:17.755,0.99658,0.9967,1.00,1.00
2015.06.04 12:36:18.060,0.99658,0.99668,1.00,1.00
2015.06.04 12:36:18.551,0.99655,0.99666,1.50,1.00
2015.06.04 12:36:19.075,0.99655,0.99666,1.12,1.00
2015.06.04 12:36:19.820,0.99655,0.99665,1.12,1.00
2015.06.04 12:36:20.029,0.99656,0.99667,1.10,1.00
2015.06.04 12:36:20.080,0.99662,0.99667,1.00,1.00
2015.06.04 12:36:20.131,0.99662,0.99672,1.00,1.00
2015.06.04 12:36:20.182,0.9966,0.99672,1.50,1.00
2015.06.04 12:36:20.233,0.99663,0.99672,1.00,1.00
2015.06.04 12:36:20.284,0.99663,0.99676,1.50,1.00
2015.06.04 12:36:20.436,0.99665,0.99676,1.00,1.00
2015.06.04 12:36:20.803,0.99667,0.9968,2.32,1.00
2015.06.04 12:36:21.317,0.99666,0.99679,1.50,1.00
2015.06.04 12:36:21.886,0.99666,0.99677,1.12,1.00
2015.06.04 12:36:22.221,0.99663,0.99675,2.62,1.00
2015.06.04 12:36:22.575,0.99663,0.99676,1.87,1.00
2015.06.04 12:36:23.218,0.99663,0.99673,1.50,1.00
2015.06.04 12:36:23.785,0.9966,0.99671,2.25,1.00
2015.06.04 12:36:23.937,0.9966,0.99672,2.25,1.00
2015.06.04 12:36:24.362,0.99667,0.99679,2.32,1.00
2015.06.04 12:36:24.413,0.99667,0.99681,2.32,1.00
2015.06.04 12:36:25.030,0.99667,0.99681,3.37,1.00
2015.06.04 12:36:25.950,0.99669,0.99682,1.57,1.00
2015.06.04 12:36:26.254,0.99669,0.9968,1.10,1.00
2015.06.04 12:36:26.675,0.99667,0.99679,1.10,1.00
2015.06.04 12:36:26.988,0.99668,0.99679,1.50,1.00
2015.06.04 12:36:27.140,0.99668,0.99681,1.50,1.00
2015.06.04 12:36:27.342,0.99668,0.99678,1.50,1.00
2015.06.04 12:36:27.595,0.99667,0.9968,3.75,1.00
2015.06.04 12:36:27.931,0.99669,0.99683,1.12,2.25
2015.06.04 12:36:28.437,0.99668,0.99682,1.10,1.00
2015.06.04 12:36:29.567,0.99668,0.99683,1.57,1.50
2015.06.04 12:36:30.362,0.99668,0.99682,1.10,1.50
2015.06.04 12:36:33.024,0.9967,0.99684,2.62,1.00
2015.06.04 12:36:33.562,0.99672,0.99685,1.00,1.00
2015.06.04 12:36:33.857,0.99672,0.99687,1.00,3.37
2015.06.04 12:36:34.536,0.99672,0.99686,2.32,1.00
2015.06.04 12:36:35.179,0.99672,0.99687,2.32,2.62
2015.06.04 12:36:36.033,0.99672,0.99686,2.32,1.00
2015.06.04 12:36:36.757,0.99673,0.99686,1.00,1.00
2015.06.04 12:36:37.249,0.99672,0.99688,2.32,3.37
2015.06.04 12:36:37.793,0.99672,0.99687,2.32,1.00
2015.06.04 12:36:38.491,0.99672,0.99685,2.32,1.00
2015.06.04 12:36:38.797,0.9968,0.99689,1.00,1.37
2015.06.04 12:36:38.898,0.99682,0.99696,1.00,1.37
2015.06.04 12:36:39.202,0.99685,0.99696,1.00,1.87
2015.06.04 12:36:39.708,0.99685,0.99697,1.00,1.10
2015.06.04 12:36:40.239,0.99684,0.99697,1.00,1.10
2015.06.04 12:36:40.997,0.99683,0.99696,1.00,1.00
2015.06.04 12:36:41.524,0.99683,0.99697,1.00,1.95
2015.06.04 12:36:42.764,0.99682,0.99697,3.00,1.95
2015.06.04 12:36:42.967,0.99679,0.99694,1.50,1.00
2015.06.04 12:36:43.320,0.99679,0.99692,1.00,1.00
2015.06.04 12:36:43.639,0.99678,0.9969,1.00,1.57
2015.06.04 12:36:43.891,0.99676,0.99689,1.50,1.00
2015.06.04 12:36:43.993,0.99676,0.99687,1.00,1.00
2015.06.04 12:36:44.196,0.99676,0.9969,1.00,1.00
2015.06.04 12:36:44.720,0.99675,0.99689,2.25,1.00
2015.06.04 12:36:44.972,0.99675,0.99688,1.00,2.62
2015.06.04 12:36:45.023,0.99673,0.99686,1.00,1.10
2015.06.04 12:36:45.125,0.99671,0.99685,1.00,1.50
2015.06.04 12:36:45.648,0.9967,0.99685,1.50,1.10
2015.06.04 12:36:46.002,0.9967,0.99684,1.00,1.50
2015.06.04 12:36:46.509,0.9967,0.99682,1.00,1.00
2015.06.04 12:36:46.942,0.99668,0.99682,1.00,1.00
2015.06.04 12:36:48.093,0.99669,0.99682,1.00,1.00
2015.06.04 12:36:48.144,0.99671,0.99682,1.00,1.00
2015.06.04 12:36:48.297,0.99671,0.99684,1.00,1.00
2015.06.04 12:36:49.048,0.99669,0.99682,1.00,1.00
2015.06.04 12:36:49.352,0.99667,0.99681,1.00,1.00
2015.06.04 12:36:49.858,0.99667,0.99682,2.25,2.70
2015.06.04 12:36:49.909,0.99669,0.99682,1.00,1.95
2015.06.04 12:36:50.417,0.9967,0.99682,1.00,1.00
2015.06.04 12:36:50.721,0.99672,0.99682,1.00,1.00
2015.06.04 12:36:50.975,0.99673,0.99685,1.00,1.10
2015.06.04 12:36:51.275,0.99674,0.99688,1.00,1.50
2015.06.04 12:36:51.327,0.99674,0.99686,1.00,1.00
2015.06.04 12:36:51.631,0.99667,0.99679,1.00,1.50
2015.06.04 12:36:51.783,0.99668,0.99682,1.50,2.25
2015.06.04 12:36:52.201,0.99669,0.99684,1.50,1.57
2015.06.04 12:36:52.707,0.9967,0.99684,1.00,1.57
2015.06.04 12:36:53.303,0.99669,0.99684,1.50,1.00
2015.06.04 12:36:53.507,0.99669,0.99685,3.00,1.12
2015.06.04 12:36:53.812,0.99668,0.99681,1.00,1.87
2015.06.04 12:36:54.305,0.99664,0.99676,1.57,1.00
2015.06.04 12:36:54.409,0.99662,0.99676,1.50,2.25
2015.06.04 12:36:54.662,0.99662,0.99674,1.00,1.00
2015.06.04 12:36:54.865,0.99663,0.99676,1.00,1.50
2015.06.04 12:36:54.916,0.99668,0.99677,1.00,1.50
2015.06.04 12:36:55.018,0.99668,0.9968,1.00,1.50
2015.06.04 12:36:55.427,0.99671,0.99682,1.00,1.00
2015.06.04 12:36:55.884,0.99671,0.99685,1.00,2.25
2015.06.04 12:36:57.375,0.99671,0.99682,1.50,1.00
2015.06.04 12:36:57.830,0.99669,0.99682,1.00,1.00
2015.06.04 12:36:58.030,0.99672,0.99687,2.25,1.12
2015.06.04 12:36:58.233,0.99674,0.99687,1.00,1.00
2015.06.04 12:36:58.436,0.99671,0.99685,2.32,1.00
2015.06.04 12:36:59.304,0.99672,0.99685,1.00,1.10
2015.06.04 12:36:59.355,0.99674,0.99685,1.00,1.10
2015.06.04 12:37:00.244,0.99675,0.99685,1.00,1.00
2015.06.04 12:37:00.498,0.99673,0.99685,1.10,1.00
2015.06.04 12:37:00.853,0.99671,0.99685,2.25,1.00
2015.06.04 12:37:01.055,0.99673,0.99685,1.00,1.00
2015.06.04 12:37:01.511,0.9967,0.99684,1.00,1.12
2015.06.04 12:37:01.678,0.9967,0.99682,1.00,1.00
2015.06.04 12:37:01.729,0.99667,0.99681,1.00,1.50
2015.06.04 12:37:02.236,0.99667,0.99681,1.00,3.00
2015.06.04 12:37:02.871,0.99667,0.99679,1.00,1.00
2015.06.04 12:37:03.610,0.99667,0.99679,1.00,1.37
2015.06.04 12:37:04.168,0.99667,0.99679,1.00,1.12
2015.06.04 12:37:04.713,0.99666,0.99679,1.50,1.12
2015.06.04 12:37:06.275,0.99667,0.99679,1.00,1.00
2015.06.04 12:37:08.428,0.99668,0.99679,1.00,1.00
2015.06.04 12:37:09.155,0.99667,0.99679,1.50,1.00
2015.06.04 12:37:09.205,0.99669,0.99679,1.00,1.00
2015.06.04 12:37:09.401,0.99669,0.99681,1.00,1.00
2015.06.04 12:37:09.452,0.99669,0.99679,1.00,1.00
2015.06.04 12:37:09.604,0.99664,0.99679,1.00,1.00
2015.06.04 12:37:09.656,0.99664,0.99676,1.00,1.50
2015.06.04 12:37:09.909,0.99659,0.99672,1.00,1.00
2015.06.04 12:37:10.437,0.99659,0.99671,1.00,1.00
2015.06.04 12:37:10.488,0.99661,0.99672,1.00,1.00
2015.06.04 12:37:10.590,0.99661,0.99674,1.50,1.00
2015.06.04 12:37:11.151,0.99663,0.99669,1.00,1.00
2015.06.04 12:37:11.396,0.99652,0.99664,1.50,1.50
2015.06.04 12:37:11.498,0.9965,0.99661,1.57,1.00
2015.06.04 12:37:11.649,0.99647,0.99659,1.50,1.00
2015.06.04 12:37:11.751,0.99645,0.99658,1.00,1.00
2015.06.04 12:37:12.157,0.99642,0.99658,3.07,1.50
2015.06.04 12:37:12.259,0.99642,0.99656,1.57,1.00
2015.06.04 12:37:12.561,0.99642,0.99656,3.00,1.00
2015.06.04 12:37:15.233,0.99643,0.99656,2.32,1.00
2015.06.04 12:37:15.538,0.99645,0.99656,1.00,1.00
2015.06.04 12:37:15.970,0.99643,0.99656,1.57,1.00
2015.06.04 12:37:16.504,0.99643,0.99658,1.57,2.32
2015.06.04 12:37:16.657,0.99646,0.99657,1.00,1.00
2015.06.04 12:37:16.987,0.99644,0.99658,1.00,3.07
2015.06.04 12:37:17.391,0.99643,0.99656,1.10,1.00
2015.06.04 12:37:18.028,0.99641,0.99655,3.00,1.00
2015.06.04 12:37:18.382,0.99644,0.99657,1.50,1.10
2015.06.04 12:37:18.775,0.99646,0.99658,1.00,1.00
2015.06.04 12:37:19.078,0.99649,0.99661,1.00,1.00
2015.06.04 12:37:19.179,0.99647,0.99661,1.00,1.00
2015.06.04 12:37:19.384,0.99649,0.99661,1.00,1.00
2015.06.04 12:37:20.303,0.99646,0.99661,2.32,1.50
2015.06.04 12:37:21.029,0.99648,0.99661,1.00,1.00
2015.06.04 12:37:22.786,0.99648,0.99659,1.10,1.00
2015.06.04 12:37:22.989,0.99645,0.99657,1.50,1.12
2015.06.04 12:37:23.141,0.99642,0.99657,1.87,1.12
2015.06.04 12:37:23.394,0.99645,0.99658,1.00,1.57
2015.06.04 12:37:23.731,0.99643,0.99658,2.32,1.00
2015.06.04 12:37:24.237,0.99643,0.99657,1.10,1.50
2015.06.04 12:37:25.031,0.99644,0.99657,1.00,1.00
2015.06.04 12:37:25.457,0.99646,0.99659,1.00,1.50
2015.06.04 12:37:26.171,0.99646,0.99658,1.00,1.00
2015.06.04 12:37:26.686,0.99646,0.9966,1.00,1.50
2015.06.04 12:37:26.888,0.99646,0.99662,3.75,2.25
2015.06.04 12:37:27.410,0.99649,0.99663,1.00,1.00
2015.06.04 12:37:27.787,0.99649,0.99659,1.50,1.00
2015.06.04 12:37:27.991,0.99643,0.99657,2.62,1.50
2015.06.04 12:37:28.193,0.99642,0.99655,1.57,1.00
2015.06.04 12:37:28.495,0.99642,0.99653,1.00,1.00
2015.06.04 12:37:28.545,0.99642,0.99655,1.00,1.50
2015.06.04 12:37:29.053,0.99642,0.99656,2.32,1.00
2015.06.04 12:37:29.206,0.99644,0.99657,1.00,1.00
2015.06.04 12:37:29.710,0.99644,0.99656,1.00,1.00
2015.06.04 12:37:31.648,0.99644,0.99657,1.00,1.00
2015.06.04 12:37:33.027,0.99643,0.99657,1.00,1.87
2015.06.04 12:37:33.532,0.99642,0.99657,2.32,2.25
2015.06.04 12:37:34.987,0.99642,0.99657,2.32,1.87
2015.06.04 12:37:35.334,0.99639,0.99651,1.00,2.25
2015.06.04 12:37:35.386,0.99636,0.9965,1.00,1.50
2015.06.04 12:37:35.437,0.99638,0.99649,1.00,1.00
2015.06.04 12:37:35.487,0.99633,0.99649,1.50,1.50
2015.06.04 12:37:36.027,0.99638,0.99649,1.00,1.00
2015.06.04 12:37:36.128,0.99635,0.99648,1.00,1.00
2015.06.04 12:37:36.310,0.99634,0.9965,3.00,1.50
2015.06.04 12:37:36.462,0.99639,0.99651,1.00,1.50
2015.06.04 12:37:36.614,0.99637,0.99651,2.32,1.00
2015.06.04 12:37:36.665,0.99637,0.99652,3.00,1.00
2015.06.04 12:37:37.284,0.99638,0.99653,1.12,1.50
2015.06.04 12:37:37.692,0.99639,0.99655,1.10,1.50
2015.06.04 12:37:37.795,0.99642,0.99655,1.00,1.50
2015.06.04 12:37:38.629,0.99639,0.99653,1.75,1.00
2015.06.04 12:37:39.135,0.99639,0.99654,2.25,1.00
2015.06.04 12:37:39.665,0.99642,0.99655,1.57,1.12
2015.06.04 12:37:39.969,0.99642,0.99657,2.25,1.00
2015.06.04 12:37:40.425,0.99642,0.99657,1.10,1.12
2015.06.04 12:37:40.731,0.99642,0.99656,1.10,1.37
2015.06.04 12:37:42.279,0.99639,0.99654,2.25,1.00
2015.06.04 12:37:42.584,0.99642,0.99654,1.00,1.37
2015.06.04 12:37:43.992,0.9964,0.99653,1.87,1.00
2015.06.04 12:37:44.296,0.99643,0.99658,2.25,1.87
2015.06.04 12:37:44.599,0.9964,0.99655,1.75,1.37
2015.06.04 12:37:44.701,0.9964,0.99655,1.75,1.37
2015.06.04 12:37:44.966,0.99641,0.99656,1.10,1.00
2015.06.04 12:37:45.520,0.99641,0.99656,1.10,1.87
2015.06.04 12:37:46.829,0.9964,0.99653,1.12,1.00
2015.06.04 12:37:47.284,0.99643,0.99655,1.00,1.37
2015.06.04 12:37:47.386,0.9964,0.99655,1.87,1.37
2015.06.04 12:37:47.553,0.9964,0.99656,2.25,1.50
2015.06.04 12:37:47.655,0.99643,0.99656,1.00,1.00
2015.06.04 12:37:47.959,0.99646,0.99661,1.50,2.25
2015.06.04 12:37:48.318,0.99649,0.99661,2.25,1.00
2015.06.04 12:37:48.420,0.9965,0.99665,1.12,1.00
2015.06.04 12:37:48.724,0.99649,0.99663,1.75,1.00
2015.06.04 12:37:48.878,0.99649,0.99663,1.10,1.00
2015.06.04 12:37:49.207,0.99646,0.99659,1.50,1.00
2015.06.04 12:37:49.561,0.99646,0.99661,1.57,1.00
2015.06.04 12:37:49.664,0.99646,0.99661,2.25,1.00
2015.06.04 12:37:50.204,0.99644,0.99659,2.25,1.00
2015.06.04 12:37:50.710,0.99644,0.99658,1.75,1.87
2015.06.04 12:37:51.336,0.99643,0.99657,1.75,1.50
2015.06.04 12:37:51.842,0.99643,0.99658,3.00,1.37
2015.06.04 12:37:52.095,0.99643,0.99659,3.00,2.62
2015.06.04 12:37:52.661,0.99648,0.99658,1.00,1.00
2015.06.04 12:37:52.714,0.99648,0.99661,1.50,1.00
2015.06.04 12:37:52.866,0.99649,0.99664,1.75,2.25
2015.06.04 12:37:53.172,0.99647,0.99659,1.75,1.00
2015.06.04 12:37:53.324,0.99647,0.99661,1.50,1.50
2015.06.04 12:37:53.751,0.99649,0.99662,1.75,1.00
2015.06.04 12:37:54.055,0.9965,0.99664,1.50,2.25
2015.06.04 12:37:54.510,0.9965,0.99662,1.50,1.00
2015.06.04 12:37:55.061,0.99649,0.99662,1.10,1.12
2015.06.04 12:37:55.733,0.9965,0.99663,1.75,1.12
2015.06.04 12:37:56.922,0.9965,0.99664,1.75,1.87
2015.06.04 12:37:57.985,0.99652,0.99663,1.12,1.00
2015.06.04 12:37:58.504,0.9965,0.99664,1.75,1.37
2015.06.04 12:37:59.337,0.99651,0.99664,2.25,1.12
2015.06.04 12:37:59.742,0.99652,0.99666,1.75,2.25
2015.06.04 12:38:00.890,0.99651,0.99665,1.87,1.00
2015.06.04 12:38:01.421,0.9965,0.99665,1.75,2.62
2015.06.04 12:38:01.674,0.99649,0.99661,3.00,1.00
2015.06.04 12:38:02.265,0.99648,0.99661,1.75,1.12
2015.06.04 12:38:02.774,0.99648,0.99662,2.25,1.00
2015.06.04 12:38:02.875,0.99648,0.99662,2.25,1.00
2015.06.04 12:38:03.249,0.99648,0.99664,3.00,3.37
2015.06.04 12:38:03.759,0.99649,0.99663,2.25,1.00
2015.06.04 12:38:04.296,0.99648,0.99662,1.75,1.12
2015.06.04 12:38:04.447,0.99648,0.99658,1.75,1.37
2015.06.04 12:38:04.600,0.99642,0.99655,2.25,1.00
2015.06.04 12:38:04.854,0.9964,0.99655,1.75,1.50
2015.06.04 12:38:05.364,0.9964,0.99654,1.75,1.12
2015.06.04 12:38:05.768,0.99642,0.99656,1.50,1.00
2015.06.04 12:38:05.819,0.99642,0.99656,2.25,1.00
2015.06.04 12:38:06.361,0.99643,0.99657,1.87,1.00
2015.06.04 12:38:06.665,0.99645,0.9966,2.25,1.50
2015.06.04 12:38:06.817,0.99647,0.99662,1.12,3.75
2015.06.04 12:38:06.969,0.99646,0.9966,3.00,1.00
2015.06.04 12:38:07.290,0.99646,0.99658,1.00,2.25
2015.06.04 12:38:07.600,0.99641,0.99652,1.12,2.25
2015.06.04 12:38:07.853,0.99639,0.99652,1.00,3.00
2015.06.04 12:38:08.005,0.99635,0.9965,1.75,1.00
2015.06.04 12:38:08.310,0.99631,0.99644,3.75,1.00
2015.06.04 12:38:08.361,0.99631,0.99644,3.00,1.00
2015.06.04 12:38:08.462,0.99629,0.99641,2.25,1.00
2015.06.04 12:38:08.564,0.99629,0.99641,1.12,1.00
2015.06.04 12:38:09.072,0.99627,0.9964,1.50,1.00
2015.06.04 12:38:09.578,0.99628,0.99641,1.12,1.50
2015.06.04 12:38:09.782,0.99631,0.99642,1.00,1.00
2015.06.04 12:38:09.966,0.9963,0.99644,1.10,1.00
2015.06.04 12:38:10.069,0.99632,0.99644,1.00,1.00
2015.06.04 12:38:10.120,0.99632,0.99646,1.00,1.50
2015.06.04 12:38:10.222,0.99636,0.99648,1.00,1.50
2015.06.04 12:38:10.526,0.99637,0.99651,1.00,1.00
2015.06.04 12:38:10.628,0.99639,0.99651,1.00,1.00
2015.06.04 12:38:10.796,0.99637,0.99652,2.25,1.00
2015.06.04 12:38:10.847,0.99642,0.99652,1.00,1.00
2015.06.04 12:38:10.898,0.99637,0.99652,3.00,1.00
2015.06.04 12:38:11.406,0.99641,0.99651,1.00,1.50
2015.06.04 12:38:11.929,0.9964,0.99654,1.10,1.50
2015.06.04 12:38:11.980,0.9964,0.99652,1.10,1.00
2015.06.04 12:38:12.234,0.99636,0.99652,1.87,3.37
2015.06.04 12:38:12.336,0.99636,0.99648,1.12,1.00
2015.06.04 12:38:12.538,0.99632,0.99646,1.12,1.00
2015.06.04 12:38:12.690,0.99632,0.99644,1.10,1.00
2015.06.04 12:38:13.035,0.99627,0.99641,1.75,1.00
2015.06.04 12:38:13.086,0.99627,0.99643,1.00,2.25
2015.06.04 12:38:13.440,0.99634,0.99643,1.00,1.50
2015.06.04 12:38:14.111,0.99627,0.99642,2.62,1.00
2015.06.04 12:38:14.367,0.99633,0.99642,1.00,1.00
2015.06.04 12:38:14.520,0.99629,0.99642,1.00,1.00
2015.06.04 12:38:14.671,0.99631,0.99642,1.00,1.00
2015.06.04 12:38:14.773,0.99631,0.99645,2.25,1.10
2015.06.04 12:38:14.824,0.99633,0.99646,1.00,1.12
2015.06.04 12:38:15.239,0.99634,0.99646,1.12,1.00
2015.06.04 12:38:15.291,0.99636,0.99648,1.00,1.50
2015.06.04 12:38:15.494,0.99631,0.99647,1.87,1.50
2015.06.04 12:38:15.595,0.99631,0.99646,1.10,1.50
2015.06.04 12:38:15.900,0.99634,0.99647,1.50,1.50
2015.06.04 12:38:16.052,0.99635,0.9965,1.00,1.00
2015.06.04 12:38:16.510,0.9964,0.99652,1.00,2.25
2015.06.04 12:38:16.561,0.99637,0.99652,1.50,2.25
2015.06.04 12:38:16.765,0.99639,0.99652,1.00,1.50
2015.06.04 12:38:17.330,0.99638,0.99651,1.12,1.00
2015.06.04 12:38:17.735,0.9964,0.99653,1.00,2.25
2015.06.04 12:38:18.554,0.99643,0.99653,1.00,1.50
2015.06.04 12:38:18.605,0.99639,0.99654,2.62,1.50
2015.06.04 12:38:19.010,0.99638,0.99653,1.57,1.00
2015.06.04 12:38:19.263,0.99636,0.99652,1.57,1.50
2015.06.04 12:38:19.314,0.99642,0.99652,1.00,1.00
2015.06.04 12:38:19.545,0.99644,0.99657,1.00,2.25
2015.06.04 12:38:19.647,0.99644,0.9966,1.00,2.25
2015.06.04 12:38:19.698,0.99643,0.99658,1.50,1.00
2015.06.04 12:38:20.104,0.99641,0.99657,1.57,3.00
2015.06.04 12:38:20.359,0.99643,0.99657,1.00,1.50
2015.06.04 12:38:20.698,0.99647,0.9966,1.00,1.50
2015.06.04 12:38:21.001,0.99652,0.99667,3.00,1.00
2015.06.04 12:38:21.578,0.99653,0.99666,1.00,1.00
2015.06.04 12:38:22.083,0.99652,0.99666,1.00,1.00
2015.06.04 12:38:22.238,0.9965,0.99662,1.10,1.00
2015.06.04 12:38:22.607,0.99645,0.9966,1.87,1.00
2015.06.04 12:38:22.658,0.99644,0.9966,2.25,1.50
2015.06.04 12:38:23.206,0.99646,0.9966,1.00,1.50
2015.06.04 12:38:23.511,0.99648,0.99661,1.00,1.00
2015.06.04 12:38:23.758,0.99646,0.99661,1.10,1.00
2015.06.04 12:38:23.910,0.99645,0.99659,1.12,1.00
2015.06.04 12:38:24.213,0.99644,0.99657,1.50,1.00
2015.06.04 12:38:24.870,0.99645,0.99657,1.00,1.00
2015.06.04 12:38:24.921,0.99643,0.99657,1.50,1.00
2015.06.04 12:38:25.074,0.99644,0.99659,1.00,1.50
2015.06.04 12:38:25.579,0.99645,0.99659,1.50,1.00
2015.06.04 12:38:26.429,0.99646,0.9966,1.00,1.00
2015.06.04 12:38:26.530,0.99648,0.9966,1.00,1.00
2015.06.04 12:38:26.581,0.99648,0.99662,1.00,1.00
2015.06.04 12:38:26.885,0.99649,0.99664,2.25,2.25
2015.06.04 12:38:27.114,0.99651,0.99666,1.00,3.00
2015.06.04 12:38:27.519,0.9965,0.99664,2.25,1.00
2015.06.04 12:38:27.824,0.9965,0.99662,1.00,1.00
2015.06.04 12:38:28.179,0.99648,0.99661,1.00,1.00
2015.06.04 12:38:28.483,0.99645,0.99659,1.12,1.50
2015.06.04 12:38:28.685,0.99642,0.99657,2.32,3.00
2015.06.04 12:38:28.837,0.99639,0.99654,3.75,1.00
2015.06.04 12:38:28.938,0.99638,0.99652,3.07,1.50
2015.06.04 12:38:29.204,0.99638,0.9965,1.50,1.00
2015.06.04 12:38:29.609,0.99636,0.99649,1.10,1.00
2015.06.04 12:38:29.814,0.99638,0.99651,1.00,1.50
2015.06.04 12:38:29.916,0.99636,0.99652,1.50,1.50
2015.06.04 12:38:30.017,0.9964,0.99653,1.00,2.25
2015.06.04 12:38:30.347,0.99642,0.99655,1.50,1.50
2015.06.04 12:38:30.806,0.99638,0.99652,1.87,1.00
2015.06.04 12:38:31.110,0.99642,0.99652,1.00,1.00
2015.06.04 12:38:31.262,0.99638,0.99652,2.25,1.00
2015.06.04 12:38:31.768,0.99642,0.99652,1.00,1.00
2015.06.04 12:38:31.819,0.99638,0.99652,1.50,1.00
2015.06.04 12:38:32.327,0.99637,0.99651,1.57,1.00
2015.06.04 12:38:32.762,0.99638,0.99652,1.12,1.00
2015.06.04 12:38:33.066,0.99642,0.99653,1.00,1.00
2015.06.04 12:38:33.219,0.99642,0.99656,2.25,1.50
2015.06.04 12:38:33.320,0.99642,0.99656,1.57,1.50
2015.06.04 12:38:33.862,0.99643,0.99657,2.62,1.50
2015.06.04 12:38:34.165,0.99645,0.9966,2.25,1.00
2015.06.04 12:38:34.499,0.99646,0.9966,1.75,1.00
2015.06.04 12:38:34.651,0.99643,0.99658,1.87,1.00
2015.06.04 12:38:34.803,0.99647,0.99657,1.00,1.00
2015.06.04 12:38:35.106,0.99643,0.99657,1.10,1.00
2015.06.04 12:38:35.489,0.99641,0.99657,1.10,2.25
2015.06.04 12:38:35.742,0.9964,0.99655,1.12,1.00
2015.06.04 12:38:36.046,0.99638,0.99653,3.75,1.00
2015.06.04 12:38:36.097,0.99638,0.99652,2.32,1.00
2015.06.04 12:38:36.519,0.99639,0.99653,1.12,1.50
2015.06.04 12:38:37.026,0.9964,0.99654,1.00,1.50
2015.06.04 12:38:37.426,0.99642,0.99655,1.50,1.00
2015.06.04 12:38:37.734,0.99645,0.99656,1.00,1.50
2015.06.04 12:38:37.888,0.99642,0.99656,1.00,1.50
2015.06.04 12:38:38.192,0.99641,0.99654,1.57,1.00
2015.06.04 12:38:38.512,0.99646,0.99656,1.00,1.00
2015.06.04 12:38:38.563,0.99643,0.99656,1.87,1.00
2015.06.04 12:38:38.917,0.99643,0.99658,4.12,1.50
2015.06.04 12:38:39.623,0.99643,0.99658,3.07,1.50
2015.06.04 12:38:40.173,0.99644,0.99658,1.50,1.00
2015.06.04 12:38:40.404,0.99643,0.99655,1.10,1.00
2015.06.04 12:38:40.709,0.99639,0.99652,1.12,1.00
2015.06.04 12:38:41.215,0.9964,0.99653,1.10,1.00
2015.06.04 12:38:41.756,0.9964,0.99654,1.10,1.50
2015.06.04 12:38:42.713,0.9964,0.99653,1.10,1.00
2015.06.04 12:38:43.017,0.99637,0.99649,1.00,1.00
2015.06.04 12:38:43.118,0.99635,0.99649,1.00,1.00
2015.06.04 12:38:43.271,0.99636,0.99651,1.00,1.50
2015.06.04 12:38:43.779,0.99637,0.99651,1.00,2.25
2015.06.04 12:38:43.931,0.99635,0.99651,1.50,1.50
2015.06.04 12:38:43.982,0.99635,0.99649,1.00,1.00
2015.06.04 12:38:44.286,0.99634,0.99647,1.00,1.00
2015.06.04 12:38:44.590,0.99638,0.99651,1.00,1.50
2015.06.04 12:38:45.175,0.99636,0.99651,1.57,1.50
2015.06.04 12:38:45.478,0.99636,0.99646,1.10,1.00
2015.06.04 12:38:45.630,0.99632,0.99643,1.00,1.00
2015.06.04 12:38:45.838,0.9963,0.99642,1.50,1.00
2015.06.04 12:38:45.889,0.9963,0.99644,1.00,1.50
2015.06.04 12:38:46.294,0.99632,0.99643,1.00,1.00
2015.06.04 12:38:46.446,0.9963,0.99643,1.00,1.00
2015.06.04 12:38:46.874,0.99627,0.99641,2.62,1.00
2015.06.04 12:38:47.178,0.99629,0.99643,2.32,1.00
2015.06.04 12:38:47.893,0.9963,0.99643,1.00,1.00
2015.06.04 12:38:47.994,0.99633,0.99643,1.00,1.00
2015.06.04 12:38:48.247,0.99629,0.99644,1.50,2.25
2015.06.04 12:38:48.624,0.99628,0.99641,2.25,1.00
2015.06.04 12:38:48.725,0.99628,0.99643,1.50,1.00
2015.06.04 12:38:49.093,0.99631,0.99641,1.00,1.00
2015.06.04 12:38:49.144,0.99629,0.99641,1.00,1.00
2015.06.04 12:38:49.448,0.99627,0.9964,1.57,1.00
2015.06.04 12:38:49.953,0.99628,0.99641,1.00,1.00
2015.06.04 12:38:50.136,0.99632,0.99644,1.50,1.00
2015.06.04 12:38:50.592,0.99633,0.99646,1.00,1.00
2015.06.04 12:38:51.304,0.99633,0.99647,1.50,2.25
2015.06.04 12:38:51.774,0.99635,0.99646,1.00,1.00
2015.06.04 12:38:52.947,0.99633,0.99646,1.00,1.00
2015.06.04 12:38:53.553,0.99633,0.99645,1.50,1.00
2015.06.04 12:38:54.555,0.99634,0.99646,1.00,1.00
2015.06.04 12:38:55.216,0.99632,0.99646,3.07,1.50
2015.06.04 12:38:55.470,0.99634,0.99646,1.00,1.50
2015.06.04 12:38:55.976,0.99635,0.99647,1.00,1.00
2015.06.04 12:38:56.192,0.99635,0.99649,1.00,1.50
2015.06.04 12:38:56.447,0.99637,0.99648,1.00,1.00
2015.06.04 12:38:56.498,0.99638,0.99651,1.00,1.00
2015.06.04 12:38:57.004,0.99639,0.9965,1.00,1.00
2015.06.04 12:38:57.534,0.99636,0.99649,1.57,1.00
2015.06.04 12:38:58.438,0.99639,0.99649,1.50,1.00
2015.06.04 12:38:58.490,0.9964,0.99654,1.00,1.00
2015.06.04 12:38:58.541,0.9964,0.99652,1.10,1.00
2015.06.04 12:38:58.592,0.99641,0.99654,1.00,1.00
2015.06.04 12:38:58.643,0.99641,0.99656,1.50,1.50
2015.06.04 12:38:58.896,0.99643,0.99653,1.00,1.00
2015.06.04 12:38:59.049,0.9964,0.99652,1.10,1.00
2015.06.04 12:38:59.302,0.99637,0.99648,1.10,1.00
2015.06.04 12:38:59.665,0.99638,0.9965,1.00,1.00
2015.06.04 12:38:59.817,0.99639,0.99652,1.00,1.00
2015.06.04 12:39:00.172,0.99639,0.9965,1.00,1.00
2015.06.04 12:39:00.223,0.99636,0.9965,1.10,1.00
2015.06.04 12:39:00.724,0.99635,0.9965,2.25,1.00
2015.06.04 12:39:00.775,0.99633,0.99648,3.37,2.25
2015.06.04 12:39:01.129,0.99633,0.99645,1.00,1.00
2015.06.04 12:39:01.433,0.99631,0.9964,1.00,1.00
2015.06.04 12:39:01.763,0.99629,0.99638,1.00,1.00
2015.06.04 12:39:01.865,0.99628,0.9964,1.00,1.00
2015.06.04 12:39:02.596,0.99628,0.99637,1.00,1.00
2015.06.04 12:39:02.697,0.99626,0.99637,1.00,1.50
2015.06.04 12:39:02.904,0.99624,0.99637,1.00,2.25
2015.06.04 12:39:02.955,0.99624,0.99634,1.00,1.00
2015.06.04 12:39:03.056,0.99624,0.99636,1.00,1.00
2015.06.04 12:39:03.107,0.99622,0.99636,1.50,1.50
2015.06.04 12:39:03.158,0.99622,0.99634,1.00,1.00
2015.06.04 12:39:03.259,0.99621,0.99636,2.25,2.25
2015.06.04 12:39:03.310,0.99623,0.99636,1.00,1.50
2015.06.04 12:39:03.613,0.99623,0.99631,1.00,1.00
2015.06.04 12:39:03.894,0.9962,0.99631,1.00,1.00
2015.06.04 12:39:03.996,0.99619,0.99629,1.50,1.00
2015.06.04 12:39:04.151,0.99617,0.99628,1.00,1.00
2015.06.04 12:39:04.202,0.99615,0.99628,1.00,1.00
2015.06.04 12:39:04.709,0.99616,0.99629,1.00,1.50
2015.06.04 12:39:04.925,0.99616,0.99627,1.50,1.00
2015.06.04 12:39:05.027,0.99614,0.99627,1.50,1.00
2015.06.04 12:39:05.231,0.99615,0.99624,1.50,1.00
2015.06.04 12:39:05.333,0.99611,0.99624,1.50,1.00
2015.06.04 12:39:06.105,0.99611,0.99623,1.00,1.00
2015.06.04 12:39:06.208,0.99613,0.99625,1.00,1.50
2015.06.04 12:39:06.512,0.99614,0.99627,1.00,2.25
2015.06.04 12:39:06.880,0.99617,0.99625,1.00,1.00
2015.06.04 12:39:06.931,0.99611,0.99625,1.00,1.00
2015.06.04 12:39:06.982,0.99615,0.99625,1.00,1.00
2015.06.04 12:39:07.084,0.99612,0.99625,1.00,1.00
2015.06.04 12:39:08.078,0.99615,0.99625,1.00,1.00
2015.06.04 12:39:08.229,0.99612,0.99627,1.50,1.50
2015.06.04 12:39:08.735,0.99612,0.99627,2.62,1.00
2015.06.04 12:39:09.024,0.99615,0.99627,1.00,1.00
2015.06.04 12:39:09.535,0.99614,0.99627,1.00,1.00
2015.06.04 12:39:10.114,0.99615,0.99627,1.00,3.07
2015.06.04 12:39:10.419,0.99612,0.99624,1.50,1.00
2015.06.04 12:39:10.948,0.99613,0.99626,1.50,1.00
2015.06.04 12:39:11.148,0.99616,0.99626,1.00,1.00
2015.06.04 12:39:11.250,0.99613,0.99626,2.62,1.00
2015.06.04 12:39:11.351,0.99616,0.99629,1.00,1.00
2015.06.04 12:39:11.452,0.99616,0.99627,1.00,1.00
2015.06.04 12:39:11.655,0.99613,0.99625,1.00,1.00
2015.06.04 12:39:11.858,0.9961,0.99625,1.12,3.00
2015.06.04 12:39:12.402,0.99612,0.99625,1.00,1.00
2015.06.04 12:39:12.563,0.99614,0.99626,1.00,1.00
2015.06.04 12:39:12.967,0.99612,0.99626,1.10,1.00
2015.06.04 12:39:13.220,0.99612,0.99623,1.10,1.50
2015.06.04 12:39:13.450,0.99607,0.9962,1.57,1.50
2015.06.04 12:39:13.652,0.99608,0.99622,1.50,2.25
2015.06.04 12:39:13.703,0.99608,0.9962,1.00,1.00
2015.06.04 12:39:14.006,0.99608,0.99622,1.50,2.25
2015.06.04 12:39:14.638,0.99608,0.99623,3.07,1.50
2015.06.04 12:39:15.168,0.99609,0.99622,1.00,1.00
2015.06.04 12:39:15.673,0.99609,0.99623,1.00,1.00
2015.06.04 12:39:15.991,0.99611,0.99623,1.00,1.00
2015.06.04 12:39:16.497,0.9961,0.99623,1.50,1.50
2015.06.04 12:39:17.259,0.99611,0.99623,1.00,1.12
2015.06.04 12:39:17.564,0.99614,0.99628,2.32,1.50
2015.06.04 12:39:17.665,0.99619,0.9963,1.00,1.00
2015.06.04 12:39:17.766,0.99618,0.99632,2.25,1.50
2015.06.04 12:39:17.817,0.99618,0.9963,1.57,1.00
2015.06.04 12:39:18.126,0.9962,0.99633,2.25,1.50
2015.06.04 12:39:18.400,0.99621,0.99631,1.00,1.00
2015.06.04 12:39:19.116,0.99621,0.99634,1.00,1.50
2015.06.04 12:39:19.167,0.99621,0.99631,1.00,1.00
2015.06.04 12:39:19.269,0.99621,0.99633,1.00,1.00
2015.06.04 12:39:19.549,0.99621,0.99631,1.00,1.00
2015.06.04 12:39:19.600,0.99619,0.99631,1.50,1.00
2015.06.04 12:39:20.136,0.9962,0.99631,1.00,1.00
2015.06.04 12:39:20.725,0.99622,0.9963,1.00,1.00
2015.06.04 12:39:20.775,0.99622,0.99634,1.50,1.00
2015.06.04 12:39:21.281,0.99625,0.99635,1.00,1.00
2015.06.04 12:39:21.585,0.99625,0.99637,1.00,1.50
2015.06.04 12:39:22.284,0.99626,0.99637,1.00,1.50
2015.06.04 12:39:22.791,0.99625,0.99637,1.00,1.50
2015.06.04 12:39:23.338,0.99626,0.99638,1.00,1.00
2015.06.04 12:39:23.616,0.99626,0.99635,1.00,1.00
2015.06.04 12:39:23.717,0.99629,0.99639,1.00,1.10
2015.06.04 12:39:24.216,0.99627,0.99641,1.00,1.87
2015.06.04 12:39:24.267,0.99625,0.99635,1.00,1.00
2015.06.04 12:39:24.423,0.99626,0.99637,1.00,1.00
2015.06.04 12:39:24.625,0.99624,0.99637,1.00,1.50
2015.06.04 12:39:24.828,0.99622,0.99636,1.00,1.00
2015.06.04 12:39:24.879,0.99622,0.99632,1.00,1.00
2015.06.04 12:39:25.110,0.9962,0.99633,1.00,1.00
2015.06.04 12:39:25.496,0.99619,0.99631,1.00,1.00
2015.06.04 12:39:26.002,0.99621,0.99631,1.00,1.00
2015.06.04 12:39:26.053,0.99621,0.99633,1.50,1.50
2015.06.04 12:39:26.356,0.99625,0.99633,1.00,1.00
2015.06.04 12:39:26.407,0.99625,0.99635,1.00,1.00
2015.06.04 12:39:26.609,0.99626,0.99633,1.00,1.00
2015.06.04 12:39:26.862,0.99626,0.99635,1.00,1.00
2015.06.04 12:39:27.083,0.99623,0.99635,1.00,1.00
2015.06.04 12:39:27.320,0.99621,0.99634,1.50,1.00
2015.06.04 12:39:27.574,0.99624,0.99633,1.50,1.00
2015.06.04 12:39:27.625,0.99624,0.99637,1.50,1.00
2015.06.04 12:39:27.676,0.99626,0.99634,1.00,1.00
2015.06.04 12:39:27.727,0.99626,0.99636,1.00,1.00
2015.06.04 12:39:27.778,0.99626,0.99638,1.00,1.00
2015.06.04 12:39:28.201,0.99631,0.99639,1.00,1.10
2015.06.04 12:39:28.303,0.99631,0.99642,3.00,1.00
2015.06.04 12:39:28.354,0.99635,0.99642,1.00,1.00
2015.06.04 12:39:28.406,0.99635,0.99648,1.00,2.25
2015.06.04 12:39:28.457,0.99637,0.99648,1.00,1.50
2015.06.04 12:39:28.973,0.9964,0.9965,1.00,1.00
2015.06.04 12:39:29.379,0.9964,0.99652,1.00,1.50
2015.06.04 12:39:30.030,0.9964,0.99649,1.00,1.00
2015.06.04 12:39:30.081,0.9964,0.99652,1.00,1.00
2015.06.04 12:39:30.588,0.99639,0.99652,1.00,1.00
2015.06.04 12:39:31.114,0.99639,0.99651,1.00,1.50
2015.06.04 12:39:31.164,0.99639,0.99648,1.00,1.00
2015.06.04 12:39:31.215,0.99639,0.99651,1.00,2.25
2015.06.04 12:39:31.476,0.99637,0.99649,1.00,1.00
2015.06.04 12:39:31.988,0.99636,0.99648,1.00,1.00
2015.06.04 12:39:32.090,0.99636,0.9965,1.50,2.25
2015.06.04 12:39:32.443,0.99638,0.9965,1.00,1.00
2015.06.04 12:39:32.747,0.99638,0.99648,1.00,1.00
2015.06.04 12:39:32.848,0.99638,0.9965,1.00,1.00
2015.06.04 12:39:33.364,0.99639,0.9965,1.00,1.00
2015.06.04 12:39:33.623,0.99637,0.9965,1.00,1.50
2015.06.04 12:39:33.876,0.99638,0.99648,1.00,1.00
2015.06.04 12:39:34.083,0.99637,0.9965,1.00,1.50
2015.06.04 12:39:34.464,0.99641,0.99651,1.00,1.00
2015.06.04 12:39:34.819,0.99638,0.99651,1.12,1.00
2015.06.04 12:39:35.021,0.99638,0.99649,1.00,1.00
2015.06.04 12:39:35.174,0.99636,0.99649,1.10,1.00
2015.06.04 12:39:35.607,0.99638,0.99649,1.00,1.00
2015.06.04 12:39:37.017,0.99638,0.9965,1.00,1.50
2015.06.04 12:39:37.557,0.99637,0.9965,1.00,1.50
2015.06.04 12:39:38.070,0.99637,0.99651,1.50,1.00
2015.06.04 12:39:38.812,0.99638,0.99651,1.00,1.00
2015.06.04 12:39:39.518,0.99638,0.99649,1.00,1.00
2015.06.04 12:39:39.620,0.99638,0.99651,1.00,1.00
2015.06.04 12:39:40.352,0.99637,0.99648,1.00,1.00
2015.06.04 12:39:40.504,0.99639,0.99651,1.00,1.00
2015.06.04 12:39:41.010,0.99639,0.99652,1.00,1.87
2015.06.04 12:39:41.561,0.9964,0.99653,1.00,3.37
2015.06.04 12:39:41.663,0.99642,0.99653,1.00,1.87
2015.06.04 12:39:41.765,0.9964,0.99653,1.57,1.87
2015.06.04 12:39:42.119,0.99638,0.99653,1.50,4.12
2015.06.04 12:39:42.443,0.9964,0.99653,1.00,2.25
2015.06.04 12:39:42.750,0.99642,0.99655,1.00,1.00
2015.06.04 12:39:43.055,0.99644,0.99658,1.00,3.00
2015.06.04 12:39:43.106,0.99642,0.99658,3.07,3.00
2015.06.04 12:39:43.370,0.99644,0.99658,1.00,1.00
2015.06.04 12:39:43.676,0.99645,0.99656,1.00,1.00
2015.06.04 12:39:43.980,0.99647,0.99656,1.00,1.00
2015.06.04 12:39:44.456,0.99641,0.99653,1.00,1.12
2015.06.04 12:39:44.712,0.9964,0.99651,1.50,1.00
2015.06.04 12:39:44.816,0.9964,0.99653,1.00,1.00
2015.06.04 12:39:45.352,0.9964,0.99651,1.00,1.00
2015.06.04 12:39:45.505,0.99636,0.9965,2.32,1.00
2015.06.04 12:39:45.656,0.99638,0.9965,1.00,1.00
2015.06.04 12:39:45.707,0.99638,0.99652,1.50,2.25
2015.06.04 12:39:46.071,0.99641,0.99652,1.00,1.00
2015.06.04 12:39:46.387,0.99638,0.99652,1.00,1.87
2015.06.04 12:39:46.438,0.99638,0.99649,1.00,1.00
2015.06.04 12:39:46.489,0.99639,0.99652,1.00,1.50
2015.06.04 12:39:46.641,0.99639,0.99649,1.00,1.00
2015.06.04 12:39:46.691,0.99639,0.99652,1.00,1.50
2015.06.04 12:39:46.742,0.99639,0.99648,1.00,1.00
2015.06.04 12:39:46.844,0.99637,0.99649,1.00,1.50
2015.06.04 12:39:46.946,0.99635,0.99648,1.00,1.00
2015.06.04 12:39:47.402,0.99633,0.99646,1.50,1.00
2015.06.04 12:39:47.830,0.99636,0.99648,1.00,1.12
2015.06.04 12:39:48.496,0.99634,0.99648,2.25,1.00
2015.06.04 12:39:48.804,0.99636,0.99648,1.00,1.00
2015.06.04 12:39:48.906,0.99634,0.99648,2.25,1.50
2015.06.04 12:39:48.958,0.99636,0.99648,1.00,1.00
2015.06.04 12:39:49.366,0.99634,0.99648,1.50,1.00
2015.06.04 12:39:49.417,0.99636,0.99648,1.00,1.00
2015.06.04 12:39:49.761,0.99635,0.99645,1.10,1.00
2015.06.04 12:39:49.863,0.99635,0.99648,1.10,1.00
2015.06.04 12:39:50.167,0.99637,0.99648,1.00,1.00
2015.06.04 12:39:50.320,0.99639,0.99651,1.00,1.50
2015.06.04 12:39:50.845,0.99638,0.99651,1.00,1.00
2015.06.04 12:39:50.896,0.99641,0.99652,1.00,1.50
2015.06.04 12:39:50.998,0.99642,0.99655,1.00,1.10
2015.06.04 12:39:51.049,0.99642,0.99653,1.00,1.00
2015.06.04 12:39:51.200,0.9964,0.99653,1.10,1.00
2015.06.04 12:39:51.454,0.99641,0.99651,1.00,1.00
2015.06.04 12:39:51.697,0.99641,0.99654,1.00,1.00
2015.06.04 12:39:51.862,0.99642,0.9965,1.00,1.00
2015.06.04 12:39:52.014,0.99642,0.99654,1.00,1.50
2015.06.04 12:39:52.521,0.99641,0.99654,1.00,1.00
2015.06.04 12:39:52.928,0.99644,0.99655,1.00,1.50
2015.06.04 12:39:52.980,0.99642,0.99655,1.00,1.50
2015.06.04 12:39:53.819,0.99642,0.99654,1.00,1.00
2015.06.04 12:39:54.347,0.99641,0.99654,1.00,1.00
2015.06.04 12:39:54.600,0.99643,0.99655,1.00,1.00
2015.06.04 12:39:54.924,0.99642,0.99652,1.00,1.00
2015.06.04 12:39:55.345,0.99642,0.99655,1.00,1.00
2015.06.04 12:39:55.896,0.99643,0.99655,1.00,1.12
2015.06.04 12:39:55.947,0.99641,0.99654,1.00,1.00
2015.06.04 12:39:56.149,0.99643,0.99655,1.00,1.50
2015.06.04 12:39:56.703,0.99643,0.99654,1.00,1.00
2015.06.04 12:39:56.804,0.99641,0.99654,1.00,1.00
2015.06.04 12:39:57.161,0.9964,0.9965,2.25,1.00
2015.06.04 12:39:57.214,0.9964,0.99654,2.25,1.00
2015.06.04 12:39:57.265,0.9964,0.99652,1.00,1.00
2015.06.04 12:39:57.653,0.99646,0.99656,1.00,1.12
2015.06.04 12:39:57.705,0.99648,0.99659,1.00,1.00
2015.06.04 12:39:57.756,0.99646,0.99659,1.50,1.00
2015.06.04 12:39:57.857,0.99646,0.99661,1.50,1.00
2015.06.04 12:39:57.959,0.99648,0.99662,1.00,1.50
2015.06.04 12:39:58.264,0.99648,0.99659,1.00,1.00
2015.06.04 12:39:58.315,0.99645,0.99659,1.57,1.00
2015.06.04 12:39:58.366,0.99645,0.99656,1.10,1.50
2015.06.04 12:39:58.467,0.99641,0.99656,3.37,1.50
2015.06.04 12:39:58.682,0.99641,0.99654,1.87,1.00
2015.06.04 12:39:58.835,0.99639,0.99653,1.50,3.00
2015.06.04 12:39:59.341,0.99638,0.99652,3.82,1.00
2015.06.04 12:39:59.901,0.99639,0.99652,1.00,1.00
2015.06.04 12:40:00.256,0.99643,0.99654,1.00,1.10
2015.06.04 12:40:00.357,0.99639,0.99653,2.25,1.50
2015.06.04 12:40:00.459,0.99639,0.99644,1.00,1.00
2015.06.04 12:40:00.741,0.9963,0.9964,1.00,1.00
2015.06.04 12:40:00.792,0.99626,0.99638,1.10,1.00
2015.06.04 12:40:01.045,0.99623,0.99638,1.57,1.50
2015.06.04 12:40:01.250,0.99623,0.99636,1.57,1.00
2015.06.04 12:40:01.884,0.9962,0.99633,1.57,1.00
2015.06.04 12:40:02.189,0.99616,0.9963,1.10,1.00
2015.06.04 12:40:02.725,0.99614,0.99627,1.00,1.00
2015.06.04 12:40:03.079,0.99615,0.99629,1.00,1.00
2015.06.04 12:40:03.612,0.99615,0.9963,1.00,1.50
2015.06.04 12:40:03.663,0.99615,0.99627,1.00,1.00
2015.06.04 12:40:04.174,0.99615,0.99628,1.00,1.50
2015.06.04 12:40:05.479,0.99616,0.99628,1.00,1.00
2015.06.04 12:40:05.812,0.9962,0.99632,1.00,1.00
2015.06.04 12:40:05.964,0.99617,0.99631,1.00,1.50
2015.06.04 12:40:06.065,0.99617,0.99628,1.00,1.00
2015.06.04 12:40:06.167,0.99614,0.99628,1.57,1.00
2015.06.04 12:40:06.470,0.99612,0.99626,2.25,1.00
2015.06.04 12:40:06.672,0.99613,0.99628,1.00,1.50
2015.06.04 12:40:06.881,0.99618,0.99629,1.00,1.50
2015.06.04 12:40:07.488,0.99618,0.9963,1.00,1.00
2015.06.04 12:40:08.104,0.99617,0.9963,1.00,1.00
2015.06.04 12:40:08.794,0.99617,0.9963,1.50,1.00
2015.06.04 12:40:09.098,0.99619,0.99632,1.10,1.87
2015.06.04 12:40:09.149,0.99621,0.99632,1.00,1.00
2015.06.04 12:40:09.367,0.99617,0.99632,2.62,1.00
2015.06.04 12:40:09.874,0.99617,0.99632,3.37,1.00
2015.06.04 12:40:10.329,0.99622,0.99634,1.00,2.25
2015.06.04 12:40:10.491,0.99619,0.99634,1.57,2.25
2015.06.04 12:40:10.643,0.99621,0.99634,1.00,1.50
2015.06.04 12:40:10.745,0.99619,0.99634,1.57,1.50
2015.06.04 12:40:10.796,0.99622,0.99634,1.00,1.50
2015.06.04 12:40:11.324,0.99622,0.99635,1.00,1.00
2015.06.04 12:40:11.477,0.9962,0.99635,1.00,1.00
2015.06.04 12:40:11.822,0.9962,0.99633,1.00,1.00
2015.06.04 12:40:12.351,0.99619,0.99633,1.10,1.00
2015.06.04 12:40:12.885,0.99621,0.99634,1.00,1.00
2015.06.04 12:40:13.089,0.99622,0.99637,1.00,1.50
2015.06.04 12:40:13.139,0.99622,0.99634,1.00,1.00
2015.06.04 12:40:13.443,0.99624,0.99634,1.00,1.00
2015.06.04 12:40:13.819,0.99627,0.99637,1.00,1.50
2015.06.04 12:40:13.870,0.99631,0.99642,1.00,2.32
2015.06.04 12:40:13.973,0.99627,0.9964,1.00,1.00
2015.06.04 12:40:14.075,0.99629,0.9964,1.00,1.00
2015.06.04 12:40:14.278,0.99624,0.99639,2.25,1.00
2015.06.04 12:40:14.481,0.99624,0.99639,1.87,1.12
2015.06.04 12:40:15.004,0.99624,0.99637,1.00,1.50
2015.06.04 12:40:15.510,0.99624,0.99636,1.00,1.00
2015.06.04 12:40:15.814,0.99621,0.99636,1.12,1.00
2015.06.04 12:40:15.986,0.99621,0.99634,1.12,1.00
2015.06.04 12:40:16.139,0.9962,0.99634,1.10,1.00
2015.06.04 12:40:16.979,0.99623,0.99634,1.00,1.50
2015.06.04 12:40:18.527,0.99623,0.99635,1.00,1.00
2015.06.04 12:40:18.998,0.99623,0.99632,1.00,1.00
2015.06.04 12:40:19.049,0.99619,0.99632,1.50,1.00
2015.06.04 12:40:19.100,0.99616,0.99632,2.25,1.00
2015.06.04 12:40:19.506,0.99619,0.9963,1.00,1.00
2015.06.04 12:40:19.922,0.99626,0.99634,1.00,1.00
2015.06.04 12:40:20.075,0.99621,0.99634,2.25,1.00
2015.06.04 12:40:20.227,0.99621,0.99634,1.10,1.00
2015.06.04 12:40:20.968,0.99618,0.99634,1.87,2.25
2015.06.04 12:40:21.474,0.99621,0.99633,1.00,1.00
2015.06.04 12:40:21.677,0.99617,0.99632,1.12,1.50
2015.06.04 12:40:22.200,0.99616,0.99629,1.10,1.00
2015.06.04 12:40:22.745,0.99618,0.99629,1.00,1.00
2015.06.04 12:40:23.267,0.99617,0.9963,1.00,1.00
2015.06.04 12:40:23.723,0.9962,0.99631,1.00,2.25
2015.06.04 12:40:23.773,0.99617,0.99631,1.00,2.25
2015.06.04 12:40:23.825,0.99621,0.99628,1.00,1.00
2015.06.04 12:40:23.926,0.99621,0.99631,1.00,1.00
2015.06.04 12:40:23.977,0.99616,0.99631,1.50,1.00
2015.06.04 12:40:24.029,0.99619,0.99629,1.00,1.50
2015.06.04 12:40:24.249,0.99613,0.99627,1.75,1.00
2015.06.04 12:40:24.403,0.9961,0.99625,1.75,1.00
2015.06.04 12:40:24.504,0.99612,0.99625,1.00,1.50
2015.06.04 12:40:24.605,0.99612,0.99623,1.00,1.50
2015.06.04 12:40:24.707,0.99609,0.99622,1.00,1.00
2015.06.04 12:40:24.809,0.99606,0.99622,1.87,1.50
2015.06.04 12:40:24.910,0.99606,0.99619,1.12,1.00
2015.06.04 12:40:25.328,0.99603,0.99616,1.12,1.50
2015.06.04 12:40:25.582,0.99598,0.99614,1.57,1.50
2015.06.04 12:40:25.835,0.99604,0.99616,1.00,1.00
2015.06.04 12:40:26.199,0.996,0.99614,1.57,1.00
2015.06.04 12:40:26.351,0.996,0.99615,1.50,2.25
2015.06.04 12:40:26.503,0.996,0.99615,1.10,2.25
2015.06.04 12:40:26.807,0.99599,0.99613,1.87,1.00
2015.06.04 12:40:27.400,0.99596,0.99612,3.00,1.50
2015.06.04 12:40:27.451,0.99596,0.99612,3.00,1.50
2015.06.04 12:40:27.704,0.99596,0.9961,2.25,1.00
2015.06.04 12:40:28.230,0.99597,0.9961,1.00,1.50
2015.06.04 12:40:28.685,0.99594,0.9961,2.62,1.50
2015.06.04 12:40:28.788,0.99597,0.9961,1.00,2.25
2015.06.04 12:40:29.587,0.99597,0.99611,1.00,1.50
2015.06.04 12:40:29.997,0.99599,0.99612,1.00,1.00
2015.06.04 12:40:30.201,0.996,0.99614,1.00,2.25
2015.06.04 12:40:30.719,0.99603,0.99613,1.00,1.00
2015.06.04 12:40:30.871,0.99606,0.9962,2.25,1.00
2015.06.04 12:40:30.923,0.99608,0.99621,1.00,1.10
2015.06.04 12:40:31.227,0.99607,0.99618,1.10,1.00
2015.06.04 12:40:31.787,0.99604,0.99618,2.25,1.00
2015.06.04 12:40:31.995,0.99605,0.9962,1.12,1.50
2015.06.04 12:40:32.501,0.99606,0.9962,1.87,1.50
2015.06.04 12:40:32.552,0.9961,0.9962,1.00,1.50
2015.06.04 12:40:32.654,0.99608,0.99621,1.00,1.50
2015.06.04 12:40:33.168,0.99607,0.99621,1.10,1.50
2015.06.04 12:40:33.674,0.99606,0.9962,3.37,1.00
2015.06.04 12:40:33.827,0.99607,0.99616,1.57,1.00
2015.06.04 12:40:34.192,0.99606,0.99618,1.00,1.50
2015.06.04 12:40:34.344,0.99609,0.99618,1.00,1.00
2015.06.04 12:40:34.395,0.99606,0.99619,1.12,1.00
2015.06.04 12:40:34.446,0.99611,0.99621,1.00,1.00
2015.06.04 12:40:34.547,0.99611,0.99624,1.00,2.25
2015.06.04 12:40:34.598,0.99608,0.99624,3.00,3.00
2015.06.04 12:40:34.649,0.99609,0.99621,1.50,1.00
2015.06.04 12:40:34.750,0.99608,0.99623,1.50,1.50
2015.06.04 12:40:34.952,0.99615,0.99624,1.00,1.50
2015.06.04 12:40:35.278,0.99613,0.99624,1.10,1.00
2015.06.04 12:40:35.432,0.99609,0.99621,1.75,1.00
2015.06.04 12:40:35.483,0.99609,0.99621,1.12,1.00
2015.06.04 12:40:35.737,0.99607,0.99619,1.12,1.50
2015.06.04 12:40:36.365,0.99609,0.99621,1.00,1.00
2015.06.04 12:40:36.878,0.99608,0.99621,1.50,1.00
2015.06.04 12:40:37.365,0.99608,0.99621,1.10,1.00
2015.06.04 12:40:37.820,0.9961,0.99621,1.10,1.00
2015.06.04 12:40:37.922,0.99609,0.99623,1.12,1.50
2015.06.04 12:40:38.024,0.99609,0.99623,1.75,1.50
2015.06.04 12:40:38.125,0.99609,0.99623,1.87,1.50
2015.06.04 12:40:38.396,0.99609,0.99621,1.50,1.00
2015.06.04 12:40:38.448,0.99608,0.99621,1.10,1.00
2015.06.04 12:40:38.499,0.99608,0.99619,1.10,1.00
2015.06.04 12:40:38.702,0.99609,0.99622,1.00,1.00
2015.06.04 12:40:39.274,0.99607,0.99622,1.12,1.50
2015.06.04 12:40:39.477,0.99609,0.99624,2.25,1.50
2015.06.04 12:40:39.579,0.99609,0.99623,2.25,1.50
2015.06.04 12:40:40.097,0.99609,0.99622,1.50,1.00
2015.06.04 12:40:40.431,0.99606,0.99619,2.25,1.50
2015.06.04 12:40:40.583,0.99604,0.99616,1.10,1.50
2015.06.04 12:40:40.634,0.99604,0.99614,1.10,1.00
2015.06.04 12:40:40.685,0.996,0.99613,2.25,1.00
2015.06.04 12:40:40.989,0.99602,0.99615,1.50,3.00
2015.06.04 12:40:41.521,0.99603,0.99615,1.00,1.00
2015.06.04 12:40:41.876,0.99604,0.99617,1.00,1.00
2015.06.04 12:40:42.078,0.99605,0.99618,1.12,1.00
2015.06.04 12:40:42.618,0.99605,0.99617,1.87,1.00
2015.06.04 12:40:42.670,0.99605,0.99619,1.87,1.00
2015.06.04 12:40:43.084,0.99604,0.99617,1.50,1.00
2015.06.04 12:40:43.438,0.99608,0.99618,1.00,1.50
2015.06.04 12:40:43.714,0.99606,0.9962,1.10,1.00
2015.06.04 12:40:43.866,0.99606,0.99621,1.50,2.25
2015.06.04 12:40:44.220,0.99606,0.99619,1.50,1.00
2015.06.04 12:40:44.653,0.99607,0.99622,1.87,1.50
2015.06.04 12:40:44.938,0.9961,0.99623,1.50,1.00
2015.06.04 12:40:45.454,0.9961,0.99622,1.57,1.50
2015.06.04 12:40:47.259,0.99612,0.99622,1.00,1.00
2015.06.04 12:40:47.310,0.99608,0.99622,3.82,1.00
2015.06.04 12:40:47.416,0.99612,0.99622,1.00,1.00
2015.06.04 12:40:47.518,0.99609,0.9962,1.00,1.00
2015.06.04 12:40:47.721,0.99608,0.99622,1.00,1.00
2015.06.04 12:40:48.256,0.99607,0.99621,2.25,1.50
2015.06.04 12:40:48.927,0.99607,0.9962,1.00,1.00
2015.06.04 12:40:49.541,0.99608,0.9962,1.00,1.00
2015.06.04 12:40:50.065,0.99608,0.99619,1.00,1.50
2015.06.04 12:40:50.368,0.99605,0.99618,1.00,1.00
2015.06.04 12:40:50.763,0.99607,0.99618,1.00,1.00
2015.06.04 12:40:51.305,0.99607,0.99617,1.00,1.00
2015.06.04 12:40:51.692,0.99605,0.99617,1.00,1.00
2015.06.04 12:40:52.400,0.99603,0.99617,3.37,1.50
2015.06.04 12:40:52.501,0.99603,0.99615,1.00,1.00
2015.06.04 12:40:52.825,0.99603,0.99611,1.00,1.50
2015.06.04 12:40:52.876,0.99598,0.99611,1.50,1.50
2015.06.04 12:40:53.130,0.99601,0.99611,1.00,1.00
2015.06.04 12:40:53.181,0.99598,0.99611,2.25,1.00
2015.06.04 12:40:53.232,0.99602,0.99614,1.00,4.87
2015.06.04 12:40:53.334,0.99602,0.99615,1.00,1.57
2015.06.04 12:40:53.486,0.99605,0.99615,1.00,1.00
2015.06.04 12:40:53.537,0.99602,0.99616,1.00,1.00
2015.06.04 12:40:53.693,0.99605,0.99616,1.00,1.00
2015.06.04 12:40:53.895,0.99602,0.99615,1.00,1.00
2015.06.04 12:40:54.098,0.996,0.99614,1.50,1.50
2015.06.04 12:40:54.351,0.99603,0.99614,1.00,1.50
2015.06.04 12:40:54.402,0.996,0.99614,1.50,1.50
2015.06.04 12:40:54.453,0.996,0.9961,1.50,1.00
2015.06.04 12:40:54.905,0.99601,0.99608,1.00,1.00
2015.06.04 12:40:55.209,0.99603,0.99611,1.00,1.00
2015.06.04 12:40:55.412,0.99601,0.99608,1.00,1.00
2015.06.04 12:40:55.514,0.99601,0.9961,1.00,1.00
2015.06.04 12:40:55.616,0.99601,0.99608,1.00,1.00
2015.06.04 12:40:55.894,0.99601,0.99611,1.00,1.00
2015.06.04 12:40:55.946,0.99601,0.99609,1.10,1.00
2015.06.04 12:40:56.199,0.99599,0.99608,1.20,1.00
2015.06.04 12:40:56.401,0.99602,0.99608,1.00,1.00
2015.06.04 12:40:56.706,0.99602,0.99606,1.00,1.00
2015.06.04 12:40:57.013,0.996,0.99604,1.00,1.00
2015.06.04 12:40:57.418,0.99597,0.99606,1.00,1.00
2015.06.04 12:40:57.924,0.99597,0.99607,1.00,1.00
2015.06.04 12:40:58.171,0.99595,0.99604,2.62,1.00
2015.06.04 12:40:58.694,0.99597,0.99605,1.00,1.00
2015.06.04 12:40:59.228,0.99597,0.99606,1.00,1.00
2015.06.04 12:40:59.331,0.99601,0.99611,1.00,1.00
2015.06.04 12:40:59.432,0.99601,0.99609,1.00,1.00
2015.06.04 12:40:59.534,0.99603,0.99612,1.00,1.00
2015.06.04 12:40:59.687,0.99605,0.99613,1.00,1.00
2015.06.04 12:40:59.789,0.99604,0.99615,1.50,1.00
2015.06.04 12:41:00.281,0.99605,0.99611,1.00,1.00
2015.06.04 12:41:00.332,0.99603,0.99611,1.00,1.00
2015.06.04 12:41:00.434,0.996,0.9961,1.50,1.00
2015.06.04 12:41:00.536,0.996,0.99604,1.50,1.00
2015.06.04 12:41:00.840,0.99594,0.99598,1.00,1.00
2015.06.04 12:41:00.992,0.99596,0.996,1.00,1.00
2015.06.04 12:41:01.043,0.99592,0.996,1.00,1.00
2015.06.04 12:41:01.094,0.99592,0.99604,1.00,1.00
2015.06.04 12:41:01.355,0.99595,0.99604,1.00,1.00
2015.06.04 12:41:01.609,0.99591,0.99603,2.32,1.00
2015.06.04 12:41:01.659,0.99596,0.99603,1.00,1.00
2015.06.04 12:41:01.710,0.99594,0.99603,1.00,1.00
2015.06.04 12:41:01.964,0.99597,0.99604,1.00,1.00
2015.06.04 12:41:02.829,0.99597,0.99603,1.00,1.00
2015.06.04 12:41:02.981,0.99593,0.99603,1.10,1.00
2015.06.04 12:41:03.339,0.99598,0.99602,1.00,1.00
2015.06.04 12:41:03.390,0.99592,0.99602,1.12,1.00
2015.06.04 12:41:03.601,0.99596,0.99603,1.00,1.00
2015.06.04 12:41:03.753,0.99591,0.99603,3.00,1.00
2015.06.04 12:41:04.259,0.99596,0.996,1.00,1.00
2015.06.04 12:41:04.648,0.99595,0.99602,1.00,1.00
2015.06.04 12:41:05.236,0.996,0.99604,1.00,1.00
2015.06.04 12:41:05.337,0.99594,0.99603,1.00,1.00
2015.06.04 12:41:05.438,0.99596,0.99602,1.00,1.00
2015.06.04 12:41:05.489,0.99596,0.99605,1.50,1.00
2015.06.04 12:41:06.014,0.99596,0.99606,1.00,1.00
2015.06.04 12:41:06.217,0.99599,0.99606,1.00,1.00
2015.06.04 12:41:06.268,0.99595,0.99606,1.00,1.00
2015.06.04 12:41:06.775,0.99595,0.99607,1.50,1.00
2015.06.04 12:41:07.028,0.99595,0.99605,1.00,1.00
2015.06.04 12:41:07.897,0.99595,0.99604,1.00,1.00
2015.06.04 12:41:08.200,0.99599,0.99605,1.00,1.00
2015.06.04 12:41:08.251,0.99594,0.99605,2.32,1.00
2015.06.04 12:41:08.353,0.99599,0.99605,1.00,1.00
2015.06.04 12:41:08.505,0.99594,0.99605,2.32,1.00
2015.06.04 12:41:08.607,0.99594,0.99605,3.00,1.00
2015.06.04 12:41:09.021,0.99594,0.99607,3.00,1.00
2015.06.04 12:41:09.223,0.996,0.99607,1.00,1.00
2015.06.04 12:41:09.527,0.996,0.99605,1.00,1.00
2015.06.04 12:41:09.958,0.996,0.99607,1.00,1.00
2015.06.04 12:41:10.009,0.996,0.99605,1.00,1.00
2015.06.04 12:41:10.111,0.99596,0.99604,1.10,1.00
2015.06.04 12:41:10.212,0.99596,0.99607,1.10,1.00
2015.06.04 12:41:10.364,0.99601,0.99607,1.00,1.00
2015.06.04 12:41:10.466,0.99596,0.99607,1.57,1.00
2015.06.04 12:41:10.517,0.99601,0.99607,1.00,1.00
2015.06.04 12:41:10.618,0.99596,0.99607,1.57,1.00
2015.06.04 12:41:10.936,0.99599,0.99607,1.00,1.00
2015.06.04 12:41:11.140,0.99592,0.99604,1.50,1.00
2015.06.04 12:41:11.292,0.9959,0.99603,1.50,1.50
2015.06.04 12:41:11.445,0.99592,0.99601,1.00,1.00
2015.06.04 12:41:12.009,0.99588,0.996,3.75,1.00
2015.06.04 12:41:12.313,0.99594,0.99605,2.25,1.00
2015.06.04 12:41:12.415,0.99595,0.99608,1.00,1.50
2015.06.04 12:41:12.618,0.99596,0.99605,1.00,1.00
2015.06.04 12:41:12.953,0.99595,0.99608,2.62,1.00
2015.06.04 12:41:13.012,0.99601,0.99608,1.00,1.00
2015.06.04 12:41:13.164,0.99596,0.99608,2.25,1.00
2015.06.04 12:41:13.469,0.99595,0.99607,1.50,1.00
2015.06.04 12:41:13.772,0.99595,0.99606,1.10,1.00
2015.06.04 12:41:14.243,0.99598,0.99607,1.00,1.00
2015.06.04 12:41:14.344,0.99596,0.99607,1.00,1.00
2015.06.04 12:41:14.598,0.99596,0.99605,1.00,1.00
2015.06.04 12:41:15.063,0.99598,0.99606,1.00,1.00
2015.06.04 12:41:15.569,0.99597,0.99607,1.10,1.00
2015.06.04 12:41:16.081,0.99598,0.99608,1.00,1.00
2015.06.04 12:41:16.385,0.996,0.99609,1.10,1.00
2015.06.04 12:41:16.487,0.996,0.99611,2.32,1.00
2015.06.04 12:41:16.588,0.99602,0.99614,1.00,1.00
2015.06.04 12:41:16.843,0.99605,0.99614,1.00,1.00
2015.06.04 12:41:16.895,0.99603,0.99614,1.00,1.00
2015.06.04 12:41:17.401,0.99604,0.99615,1.00,1.00
2015.06.04 12:41:17.502,0.99602,0.99613,3.07,1.00
2015.06.04 12:41:17.807,0.99603,0.99615,1.50,1.00
2015.06.04 12:41:17.858,0.99606,0.99615,1.00,1.00
2015.06.04 12:41:18.161,0.99603,0.99616,2.62,1.00
2015.06.04 12:41:18.517,0.99604,0.99615,1.50,1.00
2015.06.04 12:41:19.542,0.99603,0.99613,1.75,1.00
2015.06.04 12:41:19.795,0.99606,0.99615,1.10,1.00
2015.06.04 12:41:20.357,0.99606,0.99614,1.10,1.00
2015.06.04 12:41:20.975,0.99602,0.99613,3.75,1.00
2015.06.04 12:41:21.502,0.99602,0.99614,3.00,1.00
2015.06.04 12:41:22.109,0.99602,0.99613,3.00,1.00
2015.06.04 12:41:22.211,0.99603,0.99615,1.12,1.00
2015.06.04 12:41:22.313,0.99602,0.99612,2.25,1.00
2015.06.04 12:41:22.515,0.99604,0.99614,1.10,1.00
2015.06.04 12:41:22.985,0.99604,0.99611,1.10,1.00
2015.06.04 12:41:23.441,0.99602,0.99613,3.00,1.00
2015.06.04 12:41:23.745,0.99604,0.99615,1.57,1.00
2015.06.04 12:41:23.796,0.99606,0.99615,1.00,1.00
2015.06.04 12:41:24.098,0.99609,0.99615,1.00,1.00
2015.06.04 12:41:24.149,0.99604,0.99615,1.75,1.00
2015.06.04 12:41:24.200,0.99604,0.99613,1.75,1.00
2015.06.04 12:41:24.251,0.99604,0.99613,1.12,1.00
2015.06.04 12:41:24.504,0.99601,0.9961,1.75,1.00
2015.06.04 12:41:24.555,0.99599,0.9961,3.00,1.00
2015.06.04 12:41:24.707,0.99605,0.9961,1.00,1.00
2015.06.04 12:41:25.247,0.99605,0.99609,1.00,1.00
2015.06.04 12:41:25.553,0.99601,0.99609,1.00,1.00
2015.06.04 12:41:25.857,0.99601,0.99607,1.00,1.00
2015.06.04 12:41:26.229,0.996,0.99604,1.00,1.00
2015.06.04 12:41:26.381,0.99601,0.99606,1.00,1.00
2015.06.04 12:41:26.432,0.99598,0.99606,1.00,1.00
2015.06.04 12:41:26.483,0.99598,0.99608,1.00,1.00
2015.06.04 12:41:26.687,0.99602,0.99608,1.00,1.00
2015.06.04 12:41:26.738,0.99598,0.99608,1.00,1.00
2015.06.04 12:41:26.839,0.99602,0.99607,1.00,1.00
2015.06.04 12:41:26.991,0.99597,0.99607,1.10,1.00
2015.06.04 12:41:27.368,0.99597,0.99605,1.10,1.00
2015.06.04 12:41:27.887,0.99601,0.99606,1.00,1.00
2015.06.04 12:41:27.937,0.99601,0.99608,1.00,1.00
2015.06.04 12:41:28.039,0.99601,0.99611,1.00,1.00
2015.06.04 12:41:28.395,0.99598,0.99612,2.25,1.00
2015.06.04 12:41:28.497,0.99601,0.99612,1.00,1.00
2015.06.04 12:41:28.801,0.99599,0.99608,1.12,1.00
2015.06.04 12:41:28.902,0.99598,0.99608,1.00,1.00
2015.06.04 12:41:29.271,0.99595,0.99606,1.00,1.00
2015.06.04 12:41:29.374,0.99595,0.99608,1.00,1.00
2015.06.04 12:41:29.627,0.99598,0.99607,1.00,1.00
2015.06.04 12:41:29.922,0.99595,0.99606,1.50,1.00
2015.06.04 12:41:30.469,0.99595,0.99607,1.00,1.00
2015.06.04 12:41:30.621,0.99595,0.99605,1.10,1.00
2015.06.04 12:41:30.823,0.99592,0.99603,1.00,1.00
2015.06.04 12:41:31.356,0.99593,0.99604,1.00,1.00
2015.06.04 12:41:31.863,0.99592,0.99603,1.57,1.00
2015.06.04 12:41:33.168,0.99593,0.99603,1.00,1.00
2015.06.04 12:41:33.704,0.99593,0.99604,1.00,1.00
2015.06.04 12:41:34.223,0.99592,0.99604,2.32,1.00
2015.06.04 12:41:34.476,0.99595,0.99604,1.00,1.00
2015.06.04 12:41:34.697,0.99595,0.99606,1.00,1.50
2015.06.04 12:41:34.748,0.99593,0.99606,1.00,1.50
2015.06.04 12:41:34.851,0.99593,0.99604,1.00,1.00
2015.06.04 12:41:35.816,0.99596,0.99603,1.00,1.00
2015.06.04 12:41:35.918,0.99592,0.99603,1.87,1.00
2015.06.04 12:41:35.969,0.99595,0.99603,1.00,1.00
2015.06.04 12:41:36.279,0.99592,0.99602,1.87,1.00
2015.06.04 12:41:36.633,0.99592,0.99604,2.62,1.00
2015.06.04 12:41:37.147,0.99596,0.99603,1.00,1.00
2015.06.04 12:41:37.299,0.99592,0.99603,1.87,1.00
2015.06.04 12:41:38.353,0.99595,0.99604,1.00,1.00
2015.06.04 12:41:38.404,0.99592,0.99604,1.87,1.00
2015.06.04 12:41:38.556,0.99595,0.99605,1.00,1.00
2015.06.04 12:41:38.658,0.99596,0.99607,1.00,1.50
2015.06.04 12:41:38.861,0.996,0.99607,1.00,1.00
2015.06.04 12:41:38.912,0.996,0.99609,1.00,1.00
2015.06.04 12:41:38.963,0.99597,0.99609,1.00,1.00
2015.06.04 12:41:39.013,0.99597,0.99607,1.00,1.00
2015.06.04 12:41:39.282,0.99595,0.99609,2.70,1.00
2015.06.04 12:41:39.384,0.99598,0.99609,1.50,1.00
2015.06.04 12:41:39.587,0.99599,0.99611,1.50,1.00
2015.06.04 12:41:40.283,0.99599,0.9961,1.57,1.00
2015.06.04 12:41:40.384,0.99603,0.9961,1.00,1.00
2015.06.04 12:41:40.486,0.99604,0.99614,1.00,1.50
2015.06.04 12:41:40.536,0.99606,0.99614,1.00,1.50
2015.06.04 12:41:40.587,0.99602,0.99613,1.00,1.00
2015.06.04 12:41:40.841,0.99605,0.99612,1.00,1.00
2015.06.04 12:41:41.277,0.996,0.99614,2.25,1.50
2015.06.04 12:41:41.328,0.99604,0.99614,1.00,1.50
2015.06.04 12:41:41.433,0.996,0.99614,2.25,1.50
2015.06.04 12:41:41.990,0.99605,0.99614,1.00,1.50
2015.06.04 12:41:42.092,0.996,0.99614,2.25,1.50
2015.06.04 12:41:42.596,0.996,0.99613,1.00,1.00
2015.06.04 12:41:43.102,0.996,0.99612,1.00,1.00
2015.06.04 12:41:44.556,0.99602,0.99612,1.00,1.00
2015.06.04 12:41:44.607,0.996,0.99612,1.00,1.00
2015.06.04 12:41:45.216,0.99599,0.99611,1.57,1.00
2015.06.04 12:41:45.471,0.99602,0.99612,1.00,1.00
2015.06.04 12:41:45.791,0.99599,0.99612,1.57,1.00
2015.06.04 12:41:46.310,0.99602,0.99612,1.00,1.00
2015.06.04 12:41:46.411,0.996,0.99612,1.00,1.00
2015.06.04 12:41:46.923,0.99603,0.99613,1.00,1.00
2015.06.04 12:41:46.974,0.99603,0.99616,1.50,1.00
2015.06.04 12:41:47.318,0.99605,0.99616,1.00,1.00
2015.06.04 12:41:47.623,0.99607,0.99619,1.00,1.00
2015.06.04 12:41:47.725,0.99608,0.99617,1.00,1.00
2015.06.04 12:41:47.927,0.99605,0.99618,1.10,1.00
2015.06.04 12:41:48.079,0.99609,0.99618,1.00,1.00
2015.06.04 12:41:48.231,0.99606,0.99616,1.00,1.00
2015.06.04 12:41:48.445,0.99604,0.99616,1.00,1.00
2015.06.04 12:41:48.952,0.99603,0.99615,1.50,1.00
2015.06.04 12:41:49.791,0.99604,0.99616,1.00,1.00
2015.06.04 12:41:50.255,0.99606,0.99616,1.00,1.00
2015.06.04 12:41:50.753,0.99605,0.99612,2.62,1.00
2015.06.04 12:41:50.855,0.99603,0.99613,1.00,1.00
2015.06.04 12:41:51.007,0.99601,0.99614,1.57,1.00
2015.06.04 12:41:51.109,0.99605,0.99614,1.00,1.00
2015.06.04 12:41:51.160,0.99605,0.99616,1.50,1.00
2015.06.04 12:41:51.261,0.99607,0.99617,1.00,1.00
2015.06.04 12:41:51.312,0.99605,0.99617,1.57,1.00
2015.06.04 12:41:51.415,0.99607,0.99617,1.10,1.00
2015.06.04 12:41:51.923,0.99604,0.99616,1.75,1.00
2015.06.04 12:41:51.973,0.99604,0.99616,1.10,1.00
2015.06.04 12:41:52.177,0.99606,0.99615,1.00,1.00
2015.06.04 12:41:52.228,0.99604,0.99615,1.00,1.00
2015.06.04 12:41:52.713,0.99602,0.99613,2.62,1.00
2015.06.04 12:41:53.018,0.99604,0.99617,1.50,1.10
2015.06.04 12:41:53.120,0.99608,0.99617,1.00,1.00
2015.06.04 12:41:53.893,0.9961,0.99622,1.00,1.50
2015.06.04 12:41:53.994,0.99612,0.99622,1.00,1.00
2015.06.04 12:41:54.095,0.99613,0.99624,1.00,1.10
2015.06.04 12:41:54.146,0.99611,0.99623,3.75,1.00
2015.06.04 12:41:54.197,0.99614,0.99622,1.00,1.00
2015.06.04 12:41:54.400,0.9961,0.99621,1.50,1.00
2015.06.04 12:41:54.665,0.99609,0.99618,1.00,1.00
2015.06.04 12:41:54.919,0.99609,0.99622,1.00,1.50
2015.06.04 12:41:54.971,0.99609,0.9962,1.00,1.00
2015.06.04 12:41:55.274,0.99609,0.99622,1.50,1.10
2015.06.04 12:41:55.498,0.99608,0.99613,1.00,1.00
2015.06.04 12:41:55.652,0.99604,0.99613,1.00,1.00
2015.06.04 12:41:55.906,0.99604,0.9961,1.50,1.00
2015.06.04 12:41:55.957,0.99604,0.99616,1.50,1.00
2015.06.04 12:41:56.211,0.99607,0.9962,1.50,1.50
2015.06.04 12:41:56.262,0.99609,0.99621,1.00,1.00
2015.06.04 12:41:56.460,0.99607,0.99621,1.50,1.00
2015.06.04 12:41:56.615,0.99609,0.99622,1.00,1.00
2015.06.04 12:41:56.920,0.99613,0.99625,1.00,1.00
2015.06.04 12:41:57.021,0.99611,0.99625,2.25,1.00
2015.06.04 12:41:57.501,0.99611,0.99622,1.00,1.00
2015.06.04 12:41:57.653,0.99609,0.99621,1.00,1.00
2015.06.04 12:41:57.755,0.99608,0.99619,1.50,1.00
2015.06.04 12:41:57.857,0.99609,0.99621,1.00,1.00
2015.06.04 12:41:57.908,0.99611,0.99621,1.00,1.00
2015.06.04 12:41:58.060,0.99609,0.99623,1.50,2.25
2015.06.04 12:41:58.161,0.99609,0.9962,1.00,1.00
2015.06.04 12:41:58.509,0.99612,0.99622,1.00,1.00
2015.06.04 12:41:59.015,0.99609,0.99623,2.25,1.00
2015.06.04 12:41:59.167,0.99609,0.99621,2.25,1.00
2015.06.04 12:41:59.703,0.9961,0.99622,1.00,1.00
2015.06.04 12:42:00.006,0.99606,0.99615,1.00,1.00
2015.06.04 12:42:00.158,0.99601,0.99612,1.10,1.50
2015.06.04 12:42:00.492,0.99605,0.99612,1.00,1.00
2015.06.04 12:42:00.644,0.99602,0.99613,1.00,1.00
2015.06.04 12:42:00.696,0.99602,0.99608,1.00,1.00
2015.06.04 12:42:00.849,0.99599,0.99608,1.00,1.00
2015.06.04 12:42:00.950,0.99596,0.99607,1.00,1.50
2015.06.04 12:42:01.334,0.99601,0.99612,1.00,1.10
2015.06.04 12:42:01.487,0.99601,0.99614,1.50,1.00
2015.06.04 12:42:02.018,0.99602,0.99613,1.00,1.00
2015.06.04 12:42:02.292,0.99602,0.99615,1.50,2.25
2015.06.04 12:42:02.444,0.99605,0.99615,1.00,1.00
2015.06.04 12:42:02.747,0.99607,0.99616,1.00,1.00
2015.06.04 12:42:02.849,0.99603,0.99614,1.00,1.00
2015.06.04 12:42:02.950,0.99601,0.99614,2.25,1.00
2015.06.04 12:42:03.220,0.99603,0.99614,1.00,1.00
2015.06.04 12:42:03.727,0.99602,0.99613,1.00,1.00
2015.06.04 12:42:04.319,0.99603,0.99613,1.00,1.00
2015.06.04 12:42:04.521,0.99601,0.99613,1.00,1.50
2015.06.04 12:42:04.673,0.99603,0.99613,1.00,1.00
2015.06.04 12:42:05.027,0.99606,0.99614,1.00,1.00
2015.06.04 12:42:05.078,0.99603,0.99614,1.50,1.00
2015.06.04 12:42:05.230,0.99603,0.99612,1.50,1.00
2015.06.04 12:42:05.466,0.99603,0.99614,1.00,1.00
2015.06.04 12:42:05.972,0.99603,0.99612,1.00,1.00
2015.06.04 12:42:06.074,0.99603,0.99615,1.00,1.00
2015.06.04 12:42:06.656,0.99603,0.99614,1.50,1.00
2015.06.04 12:42:06.902,0.99605,0.99614,1.00,1.00
2015.06.04 12:42:07.004,0.99603,0.99614,1.00,1.00
2015.06.04 12:42:07.055,0.99603,0.99611,1.00,1.00
2015.06.04 12:42:07.207,0.99603,0.99614,1.00,1.00
2015.06.04 12:42:07.863,0.99602,0.99615,1.00,1.00
2015.06.04 12:42:08.085,0.99602,0.99613,1.00,1.00
2015.06.04 12:42:10.284,0.99602,0.99614,1.00,1.00
2015.06.04 12:42:10.585,0.996,0.99613,1.00,1.00
2015.06.04 12:42:11.095,0.99601,0.99613,1.00,1.00
2015.06.04 12:42:11.248,0.99604,0.99613,1.00,1.00
2015.06.04 12:42:11.473,0.996,0.9961,2.25,1.00
2015.06.04 12:42:11.626,0.996,0.99612,1.00,1.00
2015.06.04 12:42:11.677,0.99604,0.99612,1.00,1.00
2015.06.04 12:42:11.778,0.99607,0.99618,1.00,1.50
2015.06.04 12:42:11.880,0.99609,0.99621,1.00,1.50
2015.06.04 12:42:12.352,0.99612,0.99624,1.00,1.57
2015.06.04 12:42:12.454,0.9961,0.99624,1.00,1.57
2015.06.04 12:42:12.874,0.9961,0.99622,1.00,1.00
2015.06.04 12:42:13.449,0.99614,0.99623,1.00,1.00
2015.06.04 12:42:13.502,0.99612,0.99623,1.00,1.00
2015.06.04 12:42:13.705,0.9961,0.99624,1.00,1.50
2015.06.04 12:42:13.756,0.99612,0.99622,1.00,1.00
2015.06.04 12:42:14.059,0.9961,0.99623,1.00,1.00
2015.06.04 12:42:14.342,0.9961,0.99621,1.00,1.00
2015.06.04 12:42:14.712,0.99611,0.99623,1.00,1.00
2015.06.04 12:42:14.864,0.99616,0.99624,1.00,1.00
2015.06.04 12:42:14.965,0.99611,0.99624,2.25,1.00
2015.06.04 12:42:15.183,0.99616,0.99623,1.00,1.00
2015.06.04 12:42:15.284,0.99611,0.99623,2.25,1.00
2015.06.04 12:42:15.588,0.99616,0.99623,1.00,1.00
2015.06.04 12:42:15.639,0.99611,0.99623,2.25,1.00
2015.06.04 12:42:16.027,0.99614,0.99623,1.00,1.00
2015.06.04 12:42:16.332,0.99614,0.99621,1.00,1.00
2015.06.04 12:42:16.484,0.99609,0.99622,1.00,1.00
2015.06.04 12:42:16.585,0.99609,0.9962,1.00,1.00
2015.06.04 12:42:16.737,0.99609,0.99622,1.00,1.50
2015.06.04 12:42:16.839,0.9961,0.99624,1.50,1.50
2015.06.04 12:42:17.013,0.9961,0.99621,1.50,1.50
2015.06.04 12:42:17.373,0.99609,0.99619,1.00,1.50
2015.06.04 12:42:17.474,0.99606,0.99619,1.00,1.00
2015.06.04 12:42:17.731,0.99604,0.99619,2.25,1.50
2015.06.04 12:42:18.005,0.99609,0.99619,1.00,1.00
2015.06.04 12:42:18.259,0.99606,0.9962,1.12,1.00
2015.06.04 12:42:18.311,0.99608,0.9962,1.00,1.00
2015.06.04 12:42:19.236,0.9961,0.9962,1.00,1.00
2015.06.04 12:42:19.286,0.99608,0.9962,1.50,1.00
2015.06.04 12:42:19.501,0.9961,0.9962,1.00,1.00
2015.06.04 12:42:19.551,0.99608,0.9962,1.50,1.00
2015.06.04 12:42:19.956,0.99612,0.99621,1.00,1.00
2015.06.04 12:42:20.108,0.99612,0.99623,1.00,1.00
2015.06.04 12:42:20.486,0.99608,0.9962,1.00,1.50
2015.06.04 12:42:20.538,0.99606,0.9962,2.25,1.50
2015.06.04 12:42:20.639,0.99609,0.9962,1.00,1.50
2015.06.04 12:42:20.690,0.99606,0.9962,1.00,1.50
2015.06.04 12:42:20.893,0.99605,0.99618,1.00,1.00
2015.06.04 12:42:21.197,0.99608,0.99618,1.00,1.00
2015.06.04 12:42:21.518,0.99604,0.99618,2.25,1.00
2015.06.04 12:42:21.863,0.99606,0.9962,1.00,1.57
2015.06.04 12:42:22.318,0.99609,0.99621,1.00,1.00
2015.06.04 12:42:22.724,0.99611,0.99621,1.00,1.00
2015.06.04 12:42:22.961,0.99609,0.99621,1.50,1.00
2015.06.04 12:42:23.425,0.99611,0.99623,1.00,1.50
2015.06.04 12:42:23.526,0.99612,0.99625,1.00,1.50
2015.06.04 12:42:23.729,0.99615,0.99625,1.00,1.50
2015.06.04 12:42:23.967,0.99616,0.99627,1.00,1.00
2015.06.04 12:42:24.069,0.99615,0.99624,1.00,1.00
2015.06.04 12:42:24.120,0.99612,0.99624,1.00,1.00
2015.06.04 12:42:24.322,0.99611,0.99622,1.00,1.00
2015.06.04 12:42:24.960,0.99612,0.99622,1.00,1.00
2015.06.04 12:42:25.415,0.99612,0.99625,1.00,1.10
2015.06.04 12:42:25.840,0.99611,0.99621,1.00,1.00
2015.06.04 12:42:25.941,0.99609,0.99622,1.00,1.00
2015.06.04 12:42:26.155,0.99611,0.99622,1.00,1.00
2015.06.04 12:42:26.206,0.99608,0.99622,1.00,1.00
2015.06.04 12:42:26.712,0.99607,0.99621,1.50,1.50
2015.06.04 12:42:27.246,0.99612,0.99621,1.00,1.00
2015.06.04 12:42:27.501,0.9961,0.99622,1.00,1.00
2015.06.04 12:42:28.006,0.99611,0.99621,1.00,1.00
2015.06.04 12:42:28.057,0.99609,0.9962,1.00,1.00
2015.06.04 12:42:30.233,0.9961,0.9962,1.00,1.00
2015.06.04 12:42:30.284,0.9961,0.99622,1.00,1.00
2015.06.04 12:42:30.599,0.99612,0.99623,1.00,1.50
2015.06.04 12:42:30.751,0.99612,0.99625,1.00,2.32
2015.06.04 12:42:31.235,0.99611,0.99623,1.50,1.00
2015.06.04 12:42:32.534,0.99613,0.99625,1.00,1.00
2015.06.04 12:42:32.838,0.99618,0.99629,1.00,2.25
2015.06.04 12:42:33.143,0.9962,0.99631,1.00,1.00
2015.06.04 12:42:33.664,0.99621,0.99632,1.00,1.00
2015.06.04 12:42:33.969,0.99625,0.99632,1.00,1.00
2015.06.04 12:42:34.020,0.99621,0.99632,1.00,1.00
2015.06.04 12:42:35.612,0.99623,0.99632,1.00,1.00
2015.06.04 12:42:35.713,0.99621,0.99632,1.00,1.00
2015.06.04 12:42:36.167,0.99622,0.99629,1.00,1.00
2015.06.04 12:42:36.342,0.99622,0.99631,1.00,1.00
2015.06.04 12:42:36.394,0.9962,0.99629,1.50,1.00
2015.06.04 12:42:36.721,0.99617,0.99628,1.00,1.00
2015.06.04 12:42:36.873,0.99615,0.99628,2.25,1.00
2015.06.04 12:42:37.700,0.99615,0.99627,3.00,1.00
2015.06.04 12:42:37.801,0.9962,0.99627,1.00,1.00
2015.06.04 12:42:37.903,0.99615,0.99628,1.50,1.00
2015.06.04 12:42:37.953,0.99615,0.99626,2.25,1.00
2015.06.04 12:42:38.257,0.99618,0.99626,1.00,1.00
2015.06.04 12:42:38.308,0.99615,0.99626,2.25,1.00
2015.06.04 12:42:38.359,0.99617,0.99626,1.00,1.00
2015.06.04 12:42:38.460,0.99613,0.99626,1.12,1.00
2015.06.04 12:42:38.562,0.99616,0.99626,1.00,1.00
2015.06.04 12:42:38.613,0.99617,0.99628,1.00,1.50
2015.06.04 12:42:38.818,0.99619,0.9963,1.00,1.00
2015.06.04 12:42:39.596,0.99617,0.9963,1.00,1.00
2015.06.04 12:42:40.603,0.99618,0.99629,1.00,1.00
2015.06.04 12:42:40.654,0.99616,0.99629,3.00,1.00
2015.06.04 12:42:41.771,0.99617,0.9963,1.00,2.25
2015.06.04 12:42:41.872,0.99619,0.9963,1.00,1.50
2015.06.04 12:42:42.125,0.99617,0.9963,2.25,1.50
2015.06.04 12:42:43.142,0.99621,0.9963,1.00,1.00
2015.06.04 12:42:43.194,0.99617,0.9963,1.00,1.00
2015.06.04 12:42:43.710,0.99616,0.9963,2.32,1.50
2015.06.04 12:42:44.022,0.99616,0.99628,1.57,1.00
2015.06.04 12:42:44.275,0.99616,0.9963,1.10,1.00
2015.06.04 12:42:44.478,0.99618,0.9963,1.00,1.00
2015.06.04 12:42:44.941,0.99619,0.99632,1.00,1.87
2015.06.04 12:42:45.346,0.99623,0.99632,1.00,1.00
2015.06.04 12:42:45.499,0.99621,0.99632,1.00,1.00
2015.06.04 12:42:46.179,0.99619,0.99633,3.37,1.00
2015.06.04 12:42:46.686,0.99622,0.99634,1.00,1.00
2015.06.04 12:42:47.213,0.99623,0.99635,1.50,1.00
2015.06.04 12:42:47.314,0.99623,0.99633,1.00,1.00
2015.06.04 12:42:47.718,0.99621,0.99633,1.20,1.00
2015.06.04 12:42:48.255,0.99621,0.99634,1.87,1.00
2015.06.04 12:42:49.587,0.99621,0.99634,1.87,1.00
2015.06.04 12:42:50.135,0.99625,0.99634,1.00,1.00
2015.06.04 12:42:50.511,0.99628,0.99634,1.00,1.00
2015.06.04 12:42:50.724,0.99622,0.99634,1.50,1.00
2015.06.04 12:42:50.884,0.99622,0.99634,2.62,1.00
2015.06.04 12:42:50.935,0.99627,0.99637,1.00,1.00
2015.06.04 12:42:51.036,0.99627,0.99639,1.00,1.50
2015.06.04 12:42:51.139,0.99631,0.99641,1.00,1.00
2015.06.04 12:42:51.241,0.99628,0.99641,2.62,1.00
2015.06.04 12:42:51.443,0.9963,0.99642,1.00,1.00
2015.06.04 12:42:51.761,0.99628,0.9964,1.50,1.00
2015.06.04 12:42:52.267,0.99627,0.9964,1.00,1.00
2015.06.04 12:42:52.878,0.99628,0.99641,1.12,1.00
2015.06.04 12:42:53.234,0.99629,0.99639,1.00,1.00
2015.06.04 12:42:53.465,0.99629,0.99641,1.00,1.00
2015.06.04 12:42:53.516,0.99631,0.99641,1.00,1.00
2015.06.04 12:42:53.567,0.99629,0.99641,1.00,1.00
2015.06.04 12:42:53.975,0.99633,0.99642,1.00,1.00
2015.06.04 12:42:54.329,0.99629,0.99642,2.62,1.00
2015.06.04 12:42:54.431,0.99632,0.99642,1.00,1.00
2015.06.04 12:42:54.922,0.99629,0.9964,2.25,1.00
2015.06.04 12:42:55.430,0.99629,0.99641,1.00,1.00
2015.06.04 12:42:55.949,0.99629,0.99643,3.37,1.00
2015.06.04 12:42:56.475,0.99631,0.99642,1.00,1.00
2015.06.04 12:42:56.627,0.9963,0.99644,1.00,1.50
2015.06.04 12:42:57.146,0.99633,0.99644,1.00,1.00
2015.06.04 12:42:57.653,0.99633,0.99645,1.00,1.00
2015.06.04 12:42:57.856,0.99637,0.9965,2.25,1.00
2015.06.04 12:42:58.008,0.99639,0.9965,1.00,1.00
2015.06.04 12:42:58.326,0.99637,0.99648,1.00,1.00
2015.06.04 12:42:58.580,0.99635,0.99648,1.50,1.00
2015.06.04 12:42:58.885,0.99634,0.99646,1.00,1.00
2015.06.04 12:42:59.192,0.99636,0.99645,1.00,1.00
2015.06.04 12:42:59.637,0.99638,0.99646,1.00,1.00
2015.06.04 12:43:00.171,0.99638,0.99647,1.00,1.00
2015.06.04 12:43:00.475,0.99634,0.99646,1.87,1.00
2015.06.04 12:43:01.011,0.99635,0.99647,1.00,1.00
2015.06.04 12:43:01.112,0.99635,0.99647,1.37,1.00
2015.06.04 12:43:01.416,0.99638,0.99645,1.00,1.00
2015.06.04 12:43:01.569,0.99636,0.99645,1.00,1.00
2015.06.04 12:43:01.670,0.99634,0.99645,1.00,1.50
2015.06.04 12:43:02.171,0.99635,0.99645,1.00,1.00
2015.06.04 12:43:02.676,0.99635,0.99646,1.00,1.00
2015.06.04 12:43:03.061,0.99633,0.99645,2.25,1.00
2015.06.04 12:43:03.831,0.99633,0.99646,1.50,1.50
2015.06.04 12:43:04.519,0.99634,0.99645,1.50,1.00
2015.06.04 12:43:05.024,0.99634,0.99644,1.00,1.00
2015.06.04 12:43:05.378,0.99633,0.99642,1.00,1.00
2015.06.04 12:43:05.648,0.99631,0.99643,1.57,1.00
2015.06.04 12:43:05.851,0.99634,0.99643,1.00,1.00
2015.06.04 12:43:06.358,0.99633,0.99643,1.00,1.00
2015.06.04 12:43:06.460,0.99631,0.99643,1.57,1.00
2015.06.04 12:43:06.612,0.99635,0.99643,1.00,1.00
2015.06.04 12:43:06.833,0.99632,0.99644,1.00,1.00
2015.06.04 12:43:07.340,0.99632,0.99645,1.50,1.50
2015.06.04 12:43:07.873,0.99632,0.99644,1.50,1.00
2015.06.04 12:43:08.538,0.99633,0.99643,1.00,1.00
2015.06.04 12:43:08.846,0.99635,0.99643,1.00,1.00
2015.06.04 12:43:08.897,0.99635,0.99647,1.00,1.50
2015.06.04 12:43:09.178,0.99634,0.99645,1.00,1.00
2015.06.04 12:43:09.532,0.99633,0.99643,1.00,1.00
2015.06.04 12:43:09.736,0.9963,0.99643,1.50,1.50
2015.06.04 12:43:09.999,0.99629,0.99641,2.25,1.00
2015.06.04 12:43:10.303,0.99628,0.99637,2.25,1.00
2015.06.04 12:43:10.406,0.99627,0.9964,1.57,1.00
2015.06.04 12:43:10.826,0.99629,0.9964,1.50,1.50
2015.06.04 12:43:10.878,0.99629,0.99642,1.00,1.00
2015.06.04 12:43:11.385,0.9963,0.99642,1.50,1.50
2015.06.04 12:43:11.908,0.99629,0.99641,1.00,1.00
2015.06.04 12:43:12.363,0.99633,0.99642,1.00,1.00
2015.06.04 12:43:12.465,0.99628,0.99642,1.50,1.00
2015.06.04 12:43:13.313,0.99629,0.99643,1.00,1.50
2015.06.04 12:43:13.415,0.99628,0.99641,1.50,1.00
2015.06.04 12:43:13.912,0.9963,0.99642,1.00,1.00
2015.06.04 12:43:14.754,0.9963,0.99643,1.00,2.25
2015.06.04 12:43:15.260,0.9963,0.99644,1.00,1.00
2015.06.04 12:43:15.801,0.9963,0.99643,1.00,1.00
2015.06.04 12:43:16.307,0.99629,0.99642,2.25,1.00
2015.06.04 12:43:16.559,0.99627,0.99641,3.75,1.00
2015.06.04 12:43:16.711,0.99626,0.99638,1.00,1.00
2015.06.04 12:43:17.032,0.99629,0.9964,1.00,1.00
2015.06.04 12:43:17.552,0.9963,0.9964,1.00,1.00
2015.06.04 12:43:17.603,0.99628,0.9964,1.50,1.00
2015.06.04 12:43:18.282,0.9963,0.99641,1.00,1.00
2015.06.04 12:43:18.485,0.9963,0.99643,1.00,1.50
2015.06.04 12:43:19.042,0.99631,0.99643,1.00,2.25
2015.06.04 12:43:20.764,0.99632,0.99643,1.00,1.00
2015.06.04 12:43:21.068,0.99629,0.99642,1.00,1.00
2015.06.04 12:43:21.220,0.99627,0.99639,1.50,1.00
2015.06.04 12:43:21.523,0.99623,0.99636,1.50,1.50
2015.06.04 12:43:22.107,0.99627,0.99636,1.00,1.87
2015.06.04 12:43:22.208,0.9962,0.99632,1.50,1.00
2015.06.04 12:43:22.411,0.99622,0.99635,1.00,1.00
2015.06.04 12:43:22.664,0.99621,0.99633,1.00,1.00
2015.06.04 12:43:23.018,0.99617,0.99632,2.25,1.00
2015.06.04 12:43:23.070,0.99623,0.99632,1.00,1.00
2015.06.04 12:43:23.436,0.99617,0.99629,1.00,1.00
2015.06.04 12:43:23.769,0.99623,0.99631,1.00,1.00
2015.06.04 12:43:23.870,0.99617,0.99631,2.25,1.00
2015.06.04 12:43:23.921,0.99619,0.99631,1.00,1.00
2015.06.04 12:43:24.162,0.99616,0.9963,1.00,1.00
2015.06.04 12:43:24.213,0.99621,0.99628,1.00,1.00
2015.06.04 12:43:24.415,0.99621,0.9963,1.00,1.00
2015.06.04 12:43:24.639,0.99617,0.99631,1.00,1.00
2015.06.04 12:43:25.046,0.99623,0.99631,1.00,1.00
2015.06.04 12:43:25.249,0.99622,0.99633,1.00,1.10
2015.06.04 12:43:25.401,0.99623,0.99637,1.50,1.00
2015.06.04 12:43:25.452,0.99623,0.99634,2.25,1.00
2015.06.04 12:43:25.553,0.99623,0.99637,2.25,1.00
2015.06.04 12:43:26.015,0.99623,0.99634,1.50,1.00
2015.06.04 12:43:26.319,0.99618,0.9963,1.00,1.00
2015.06.04 12:43:26.522,0.99616,0.99629,2.25,1.00
2015.06.04 12:43:27.150,0.99618,0.99629,1.00,1.00
2015.06.04 12:43:27.655,0.99616,0.99629,2.62,1.00
2015.06.04 12:43:28.250,0.99617,0.99628,1.50,1.00
2015.06.04 12:43:30.369,0.99618,0.99625,1.00,1.00
2015.06.04 12:43:30.420,0.99615,0.99625,1.50,1.00
2015.06.04 12:43:30.471,0.99616,0.99628,1.00,1.50
2015.06.04 12:43:30.972,0.99615,0.99629,1.50,1.00
2015.06.04 12:43:31.326,0.99617,0.99629,1.00,1.00
2015.06.04 12:43:31.681,0.99622,0.9963,1.00,1.50
2015.06.04 12:43:31.782,0.99618,0.9963,1.00,1.00
2015.06.04 12:43:32.050,0.99621,0.9963,1.00,1.00
2015.06.04 12:43:32.664,0.99618,0.9963,1.50,1.12
2015.06.04 12:43:33.650,0.99619,0.99629,1.00,1.00
2015.06.04 12:43:33.953,0.99619,0.99631,1.00,1.87
2015.06.04 12:43:34.054,0.99622,0.99631,1.00,1.12
2015.06.04 12:43:34.105,0.9962,0.99631,1.00,1.12
2015.06.04 12:43:34.207,0.99624,0.99634,1.00,1.47
2015.06.04 12:43:34.259,0.99624,0.99634,1.00,1.20
2015.06.04 12:43:34.310,0.99628,0.99634,1.00,1.10
2015.06.04 12:43:34.361,0.99628,0.99637,1.00,1.12
2015.06.04 12:43:34.563,0.99627,0.9964,1.50,1.00
2015.06.04 12:43:35.090,0.99628,0.99639,1.00,1.50
2015.06.04 12:43:35.319,0.99626,0.99638,1.00,1.37
2015.06.04 12:43:35.522,0.99624,0.99635,1.00,1.12
2015.06.04 12:43:35.725,0.99627,0.99635,1.00,1.12
2015.06.04 12:43:35.826,0.99622,0.99635,3.00,1.12
2015.06.04 12:43:36.016,0.99621,0.99633,1.00,1.00
2015.06.04 12:43:36.522,0.99622,0.99634,1.00,1.00
2015.06.04 12:43:36.832,0.99621,0.99632,1.50,1.00
2015.06.04 12:43:37.356,0.9962,0.99634,1.50,1.37
2015.06.04 12:43:39.444,0.9962,0.99633,1.00,1.37
2015.06.04 12:43:40.351,0.99623,0.99632,1.00,1.12
2015.06.04 12:43:40.402,0.99619,0.99632,1.00,1.12
2015.06.04 12:43:40.857,0.99621,0.99631,1.00,1.12
2015.06.04 12:43:40.908,0.99619,0.99631,1.50,1.12
2015.06.04 12:43:41.422,0.9962,0.99632,1.50,1.00
2015.06.04 12:43:41.523,0.99624,0.99632,1.00,1.00
2015.06.04 12:43:41.624,0.99619,0.99632,1.00,1.00
2015.06.04 12:43:41.675,0.99619,0.99627,1.00,1.00
2015.06.04 12:43:41.928,0.99618,0.99631,1.00,1.00
2015.06.04 12:43:42.181,0.9962,0.99631,1.00,1.00
2015.06.04 12:43:42.232,0.99618,0.99632,1.00,1.50
2015.06.04 12:43:42.762,0.99619,0.99631,1.50,1.00
2015.06.04 12:43:43.015,0.99621,0.99631,1.00,1.00
2015.06.04 12:43:43.116,0.99618,0.99633,1.50,2.62
2015.06.04 12:43:43.167,0.99621,0.99633,1.00,1.12
2015.06.04 12:43:43.370,0.99621,0.99636,2.62,2.25
2015.06.04 12:43:44.141,0.99624,0.99636,1.00,1.00
2015.06.04 12:43:44.749,0.99624,0.99637,1.50,2.25
2015.06.04 12:43:45.208,0.99626,0.99638,1.00,1.50
2015.06.04 12:43:45.410,0.99624,0.99638,2.25,1.50
2015.06.04 12:43:45.916,0.99624,0.99637,2.25,1.12
2015.06.04 12:43:46.229,0.99624,0.99637,1.00,1.37
2015.06.04 12:43:46.532,0.99627,0.99638,1.00,1.50
2015.06.04 12:43:47.099,0.99627,0.99637,1.00,1.00
2015.06.04 12:43:47.627,0.99628,0.99638,1.00,1.00
2015.06.04 12:43:48.215,0.99627,0.99638,1.00,1.00
2015.06.04 12:43:48.981,0.99627,0.99637,1.00,1.00
2015.06.04 12:43:50.106,0.99624,0.99637,1.00,1.37
2015.06.04 12:43:50.356,0.99624,0.99634,1.00,1.00
2015.06.04 12:43:50.662,0.99622,0.99628,1.00,1.00
2015.06.04 12:43:50.713,0.99619,0.99628,1.00,1.00
2015.06.04 12:43:50.915,0.99617,0.99628,1.50,1.00
2015.06.04 12:43:51.456,0.99618,0.9963,1.50,1.37
2015.06.04 12:43:51.608,0.99618,0.99631,1.00,1.12
2015.06.04 12:43:52.114,0.99619,0.99632,1.50,1.12
2015.06.04 12:43:52.649,0.99619,0.99633,3.00,1.12
2015.06.04 12:43:52.699,0.99621,0.99633,1.50,1.87
2015.06.04 12:43:53.003,0.9962,0.99627,1.50,1.00
2015.06.04 12:43:53.105,0.9962,0.99633,1.50,2.25
2015.06.04 12:43:53.256,0.99622,0.99632,1.00,1.00
2015.06.04 12:43:53.586,0.99621,0.99628,1.00,1.00
2015.06.04 12:43:53.759,0.99619,0.99628,1.00,1.00
2015.06.04 12:43:54.113,0.99619,0.9963,1.00,1.12
2015.06.04 12:43:54.623,0.99619,0.9963,1.00,1.37
2015.06.04 12:43:54.732,0.99619,0.9963,1.00,1.12
2015.06.04 12:43:55.565,0.9962,0.99631,1.00,1.37
2015.06.04 12:43:56.002,0.99618,0.99631,1.50,1.37
2015.06.04 12:43:56.760,0.99618,0.9963,1.50,1.37
2015.06.04 12:43:57.287,0.99618,0.99628,1.50,1.00
2015.06.04 12:43:58.229,0.99618,0.9963,1.00,1.12
2015.06.04 12:43:58.381,0.99618,0.99628,1.00,1.00
2015.06.04 12:43:58.892,0.9962,0.99628,1.00,1.00
2015.06.04 12:43:58.943,0.99618,0.99628,1.00,1.00
2015.06.04 12:43:59.525,0.99619,0.99627,1.00,1.00
2015.06.04 12:43:59.576,0.99617,0.99627,1.50,1.00
2015.06.04 12:44:00.081,0.99617,0.99628,1.50,1.00
2015.06.04 12:44:00.744,0.99618,0.99628,1.00,1.00
2015.06.04 12:44:01.849,0.99619,0.99628,1.00,1.00
2015.06.04 12:44:02.125,0.99619,0.99631,1.00,1.00
2015.06.04 12:44:02.378,0.99622,0.99632,1.00,1.00
2015.06.04 12:44:02.883,0.99622,0.99633,1.00,1.50
2015.06.04 12:44:03.260,0.99627,0.99633,1.00,1.00
2015.06.04 12:44:03.311,0.99625,0.99637,1.50,1.00
2015.06.04 12:44:03.362,0.99625,0.99633,1.50,1.00
2015.06.04 12:44:03.413,0.99623,0.99633,1.00,1.00
2015.06.04 12:44:03.616,0.99621,0.99633,1.00,1.50
2015.06.04 12:44:04.534,0.99624,0.99633,1.00,1.50
2015.06.04 12:44:04.686,0.99621,0.99633,2.25,1.50
2015.06.04 12:44:05.195,0.99622,0.99633,1.50,1.50
2015.06.04 12:44:05.500,0.99626,0.99632,1.00,1.00
2015.06.04 12:44:05.551,0.99622,0.99632,1.00,1.00
2015.06.04 12:44:05.854,0.9962,0.99633,2.25,1.50
2015.06.04 12:44:06.157,0.99622,0.99633,1.00,1.50
2015.06.04 12:44:06.643,0.9962,0.99632,2.25,1.00
2015.06.04 12:44:07.150,0.99621,0.99632,1.00,1.00
2015.06.04 12:44:07.251,0.99622,0.99635,1.50,1.00
2015.06.04 12:44:07.453,0.99624,0.99636,1.00,1.00
2015.06.04 12:44:07.986,0.99625,0.99636,1.00,1.00
2015.06.04 12:44:08.533,0.99625,0.99635,1.00,1.00
2015.06.04 12:44:09.013,0.99625,0.99637,1.50,1.00
2015.06.04 12:44:09.420,0.99624,0.99635,1.00,1.00
2015.06.04 12:44:10.054,0.99623,0.99636,1.00,1.00
2015.06.04 12:44:10.661,0.99625,0.99636,1.00,1.00
2015.06.04 12:44:10.965,0.99625,0.99638,1.00,2.25
2015.06.04 12:44:11.066,0.99623,0.99637,3.00,1.00
2015.06.04 12:44:11.833,0.99624,0.99637,1.00,1.00
2015.06.04 12:44:11.910,0.99627,0.99637,1.00,1.00
2015.06.04 12:44:12.080,0.99625,0.99637,1.00,1.50
2015.06.04 12:44:12.131,0.99623,0.99636,1.00,1.00
2015.06.04 12:44:12.333,0.99626,0.99635,1.00,1.00
2015.06.04 12:44:12.634,0.9962,0.99632,1.50,1.00
2015.06.04 12:44:12.685,0.99623,0.99634,1.00,1.37
2015.06.04 12:44:12.836,0.99625,0.99637,1.00,1.50
2015.06.04 12:44:13.039,0.99627,0.99638,1.00,1.00
2015.06.04 12:44:13.570,0.99626,0.99637,1.00,1.50
2015.06.04 12:44:14.098,0.99625,0.99637,1.00,1.00
2015.06.04 12:44:14.627,0.99625,0.99638,1.00,1.00
2015.06.04 12:44:15.171,0.99624,0.99637,1.00,1.00
2015.06.04 12:44:15.728,0.99624,0.99637,1.50,1.37
2015.06.04 12:44:16.313,0.99624,0.99637,1.00,1.00
2015.06.04 12:44:16.827,0.99625,0.99638,1.50,1.00
2015.06.04 12:44:17.130,0.99621,0.99634,1.00,1.00
2015.06.04 12:44:17.746,0.99622,0.99634,1.00,1.00
2015.06.04 12:44:18.049,0.99626,0.99635,1.00,1.00
2015.06.04 12:44:18.100,0.99624,0.99636,1.00,1.00
2015.06.04 12:44:18.658,0.99624,0.99637,1.50,1.00
2015.06.04 12:44:19.181,0.99626,0.99638,1.50,1.50
2015.06.04 12:44:19.587,0.99624,0.99639,1.00,2.25
2015.06.04 12:44:19.802,0.99624,0.99637,2.25,1.00
2015.06.04 12:44:20.113,0.99623,0.99633,1.00,1.00
2015.06.04 12:44:20.215,0.99619,0.99631,1.50,1.00
2015.06.04 12:44:20.265,0.99624,0.99631,1.00,1.00
2015.06.04 12:44:20.458,0.99619,0.99631,1.50,1.00
2015.06.04 12:44:20.509,0.99623,0.99633,1.00,1.50
2015.06.04 12:44:20.560,0.9962,0.99633,1.00,1.00
2015.06.04 12:44:20.712,0.99621,0.99631,1.00,1.00
2015.06.04 12:44:21.161,0.9962,0.99634,1.00,1.00
2015.06.04 12:44:21.212,0.99624,0.99634,1.00,1.00
2015.06.04 12:44:21.516,0.99626,0.99634,1.00,1.00
2015.06.04 12:44:21.668,0.99623,0.99635,2.25,1.00
2015.06.04 12:44:22.176,0.99625,0.99635,1.00,1.00
2015.06.04 12:44:22.348,0.99622,0.99635,1.50,1.00
2015.06.04 12:44:23.369,0.99623,0.99636,1.50,1.00
2015.06.04 12:44:23.470,0.99625,0.99637,1.00,1.12
2015.06.04 12:44:23.991,0.99627,0.99637,1.00,1.00
2015.06.04 12:44:24.144,0.99628,0.99642,3.00,1.12
2015.06.04 12:44:24.499,0.9963,0.99643,1.00,1.50
2015.06.04 12:44:24.896,0.99631,0.99642,1.00,1.37
2015.06.04 12:44:25.426,0.9963,0.99642,3.00,1.12
2015.06.04 12:44:25.729,0.99631,0.99641,1.00,1.37
2015.06.04 12:44:26.039,0.99629,0.99642,3.00,1.00
2015.06.04 12:44:26.140,0.99631,0.99641,1.00,1.12
2015.06.04 12:44:26.651,0.9963,0.99643,3.00,1.37
2015.06.04 12:44:27.490,0.9963,0.99642,3.00,1.00
2015.06.04 12:44:28.056,0.99631,0.99643,1.00,1.37
2015.06.04 12:44:28.380,0.99626,0.99639,1.12,1.87
2015.06.04 12:44:28.482,0.99624,0.99636,1.00,1.12
2015.06.04 12:44:28.533,0.99623,0.99633,2.25,1.00
2015.06.04 12:44:29.096,0.99623,0.99634,1.00,1.00
2015.06.04 12:44:29.616,0.99625,0.99634,1.00,1.12
2015.06.04 12:44:29.920,0.99629,0.99638,2.25,1.00
2015.06.04 12:44:30.224,0.99631,0.99638,1.00,1.00
2015.06.04 12:44:30.275,0.99631,0.9964,1.00,1.00
2015.06.04 12:44:30.326,0.99632,0.99642,1.00,1.00
2015.06.04 12:44:30.647,0.9963,0.99643,1.00,1.50
2015.06.04 12:44:31.209,0.9963,0.99642,1.50,1.00
2015.06.04 12:44:31.740,0.99631,0.99644,1.50,1.12
2015.06.04 12:44:32.301,0.99631,0.99644,1.00,1.37
2015.06.04 12:44:32.849,0.99632,0.99643,1.00,1.00
2015.06.04 12:44:32.950,0.9963,0.99643,1.00,1.00
2015.06.04 12:44:33.464,0.99631,0.99644,1.50,1.00
2015.06.04 12:44:35.817,0.99631,0.99645,1.50,1.12
2015.06.04 12:44:35.918,0.99633,0.99646,1.00,1.37
2015.06.04 12:44:36.447,0.99634,0.99647,1.00,1.37
2015.06.04 12:44:38.034,0.99634,0.99647,1.00,1.37
2015.06.04 12:44:38.136,0.99632,0.99647,3.82,1.37
2015.06.04 12:44:38.696,0.99633,0.99645,1.00,1.37
2015.06.04 12:44:39.051,0.99631,0.99642,1.50,1.00
2015.06.04 12:44:39.569,0.9963,0.99643,1.50,1.12
2015.06.04 12:44:40.085,0.9963,0.99642,1.50,1.12
2015.06.04 12:44:40.440,0.99632,0.99644,1.00,1.37
2015.06.04 12:44:41.687,0.99633,0.99646,1.00,1.37
2015.06.04 12:44:41.990,0.9963,0.99643,1.50,1.87
2015.06.04 12:44:42.445,0.99628,0.99641,1.00,2.25
2015.06.04 12:44:43.950,0.99631,0.99643,1.00,1.37
2015.06.04 12:44:44.000,0.99629,0.99644,1.00,3.37
2015.06.04 12:44:44.521,0.9963,0.99644,1.00,1.87
2015.06.04 12:44:45.090,0.99631,0.99643,1.00,1.12
2015.06.04 12:44:45.599,0.99631,0.99644,1.50,1.12
2015.06.04 12:44:46.118,0.99632,0.99645,1.00,1.37
2015.06.04 12:44:46.808,0.99632,0.99646,1.50,2.62
2015.06.04 12:44:47.786,0.99632,0.99646,1.50,1.12
2015.06.04 12:44:48.316,0.99634,0.99647,1.00,1.87
2015.06.04 12:44:48.621,0.99635,0.99648,1.00,1.12
2015.06.04 12:44:48.975,0.99637,0.9965,1.00,1.87
2015.06.04 12:44:49.481,0.99639,0.99648,1.00,1.00
2015.06.04 12:44:49.728,0.99636,0.99649,1.50,1.37
2015.06.04 12:44:50.236,0.99635,0.99648,1.50,1.87
2015.06.04 12:44:50.879,0.99635,0.99645,1.00,1.37
2015.06.04 12:44:51.258,0.99633,0.99646,1.00,1.37
2015.06.04 12:44:51.761,0.99633,0.99646,1.00,1.37
2015.06.04 12:44:52.298,0.99634,0.99646,1.00,1.87
2015.06.04 12:44:52.601,0.99632,0.99645,2.25,1.37
2015.06.04 12:44:53.151,0.99633,0.99646,1.00,1.87
2015.06.04 12:44:53.655,0.99634,0.99645,1.00,1.37
2015.06.04 12:44:54.226,0.99635,0.99646,1.00,1.37
2015.06.04 12:44:54.558,0.99636,0.99647,1.00,1.37
2015.06.04 12:44:55.178,0.99637,0.99649,1.00,1.37
2015.06.04 12:44:55.279,0.99636,0.99649,1.00,1.37
2015.06.04 12:44:55.330,0.99636,0.99649,1.00,1.37
2015.06.04 12:44:55.835,0.99636,0.99646,1.00,1.00
2015.06.04 12:44:56.297,0.99635,0.99648,1.00,1.50
2015.06.04 12:44:57.297,0.99636,0.99646,1.00,1.12
2015.06.04 12:44:57.449,0.99634,0.99647,1.00,1.37
2015.06.04 12:44:58.000,0.99635,0.99648,1.00,1.37
2015.06.04 12:44:58.409,0.99637,0.9965,1.00,1.87
2015.06.04 12:44:58.887,0.99636,0.99646,1.50,1.37
2015.06.04 12:44:58.989,0.99633,0.99646,1.00,1.37
2015.06.04 12:44:59.090,0.99635,0.99646,1.00,1.37
2015.06.04 12:44:59.141,0.99633,0.99646,2.25,1.37
2015.06.04 12:44:59.192,0.99633,0.99645,1.00,1.37
2015.06.04 12:44:59.294,0.99635,0.99646,1.00,1.37
2015.06.04 12:44:59.395,0.99636,0.99647,1.00,1.00
2015.06.04 12:44:59.446,0.99636,0.99645,1.00,1.00
2015.06.04 12:44:59.497,0.99634,0.99645,1.00,1.00
2015.06.04 12:44:59.599,0.99634,0.99647,1.00,3.00
2015.06.04 12:44:59.751,0.99634,0.99645,1.00,1.00
2015.06.04 12:44:59.852,0.99635,0.99647,1.00,1.50
2015.06.04 12:45:00.362,0.99636,0.99648,1.00,1.87
2015.06.04 12:45:00.413,0.99636,0.99646,1.50,1.00
2015.06.04 12:45:00.880,0.99636,0.99648,1.50,1.12
2015.06.04 12:45:02.020,0.99636,0.99647,1.50,1.00
2015.06.04 12:45:02.544,0.99636,0.99647,1.00,1.37
2015.06.04 12:45:02.595,0.99634,0.99646,1.50,1.37
2015.06.04 12:45:02.697,0.99637,0.99644,1.00,1.12
2015.06.04 12:45:02.748,0.99632,0.99644,1.00,1.12
2015.06.04 12:45:02.962,0.99631,0.99642,1.00,1.00
2015.06.04 12:45:03.474,0.9963,0.99644,1.50,1.37
2015.06.04 12:45:04.034,0.9963,0.99643,1.50,1.37
2015.06.04 12:45:04.351,0.9963,0.99644,1.87,1.12
2015.06.04 12:45:04.705,0.9963,0.99644,1.87,1.37
2015.06.04 12:45:05.178,0.99632,0.99644,1.00,1.37
2015.06.04 12:45:05.684,0.99632,0.99642,1.00,1.00
2015.06.04 12:45:05.836,0.99629,0.9964,1.50,1.00
2015.06.04 12:45:05.988,0.99628,0.99637,1.00,1.00
2015.06.04 12:45:06.266,0.99626,0.99637,1.10,1.00
2015.06.04 12:45:06.801,0.99626,0.99638,1.00,2.25
2015.06.04 12:45:07.417,0.99626,0.99639,1.00,1.00
2015.06.04 12:45:07.569,0.99626,0.99637,1.00,1.00
2015.06.04 12:45:08.117,0.99625,0.99637,1.50,1.12
2015.06.04 12:45:08.319,0.99623,0.99637,1.50,1.37
2015.06.04 12:45:08.421,0.99627,0.99637,1.00,1.37
2015.06.04 12:45:08.676,0.99625,0.99637,1.00,1.50
2015.06.04 12:45:09.057,0.99624,0.99639,1.00,1.50
2015.06.04 12:45:09.107,0.99626,0.99639,1.00,1.50
2015.06.04 12:45:09.411,0.99628,0.9964,1.00,1.00
2015.06.04 12:45:09.735,0.99629,0.99643,1.00,1.50
2015.06.04 12:45:09.837,0.99631,0.99643,1.00,1.50
2015.06.04 12:45:10.141,0.9964,0.99652,1.00,2.62
2015.06.04 12:45:10.293,0.99638,0.99652,1.00,2.62
2015.06.04 12:45:10.935,0.99637,0.9965,1.00,1.12
2015.06.04 12:45:11.390,0.99636,0.99647,1.00,1.00
2015.06.04 12:45:11.876,0.99637,0.99649,1.00,1.00
2015.06.04 12:45:12.384,0.99637,0.9965,1.00,1.87
2015.06.04 12:45:12.792,0.99637,0.99649,1.00,1.37
2015.06.04 12:45:13.607,0.99635,0.99648,2.25,1.37
2015.06.04 12:45:13.658,0.99635,0.99648,1.50,1.37
2015.06.04 12:45:13.760,0.99635,0.99648,1.00,1.37
2015.06.04 12:45:14.063,0.99635,0.99646,1.00,1.37
2015.06.04 12:45:14.266,0.99636,0.99648,1.00,1.37
2015.06.04 12:45:14.581,0.99633,0.99643,1.00,1.50
2015.06.04 12:45:14.683,0.99627,0.99639,1.00,1.00
2015.06.04 12:45:14.835,0.99629,0.99641,1.50,1.50
2015.06.04 12:45:15.139,0.99631,0.99641,1.00,1.00
2015.06.04 12:45:15.671,0.9963,0.99641,1.00,1.00
2015.06.04 12:45:16.212,0.99629,0.99641,1.00,1.00
2015.06.04 12:45:17.098,0.99629,0.99642,1.50,1.00
2015.06.04 12:45:17.553,0.99631,0.99642,1.00,1.00
2015.06.04 12:45:17.806,0.99621,0.99634,1.00,1.00
2015.06.04 12:45:18.033,0.9962,0.99631,3.75,1.00
2015.06.04 12:45:18.236,0.99618,0.9963,2.25,1.00
2015.06.04 12:45:18.542,0.99621,0.99633,1.00,1.00
2015.06.04 12:45:19.165,0.99622,0.99633,1.00,1.50
2015.06.04 12:45:19.268,0.99617,0.99629,1.50,1.00
2015.06.04 12:45:19.369,0.9962,0.99628,1.00,1.00
2015.06.04 12:45:19.471,0.99614,0.99624,1.00,1.00
2015.06.04 12:45:19.522,0.99613,0.99622,1.00,1.00
2015.06.04 12:45:19.775,0.99608,0.99621,1.50,2.25
2015.06.04 12:45:20.056,0.9961,0.99621,1.00,2.25
2015.06.04 12:45:20.209,0.99608,0.99621,1.50,1.50
2015.06.04 12:45:20.716,0.99608,0.9962,1.00,1.00
2015.06.04 12:45:21.258,0.99608,0.99619,1.00,1.00
2015.06.04 12:45:21.592,0.99606,0.99618,1.00,1.00
2015.06.04 12:45:21.847,0.99605,0.99616,2.25,1.00
2015.06.04 12:45:22.049,0.99606,0.99618,1.00,1.50
2015.06.04 12:45:22.201,0.99609,0.99618,1.00,1.50
2015.06.04 12:45:22.767,0.99609,0.99619,1.00,1.00
2015.06.04 12:45:23.199,0.99607,0.99619,1.00,1.00
2015.06.04 12:45:23.724,0.99607,0.99618,1.00,1.00
2015.06.04 12:45:24.253,0.99607,0.99617,1.00,1.00
2015.06.04 12:45:24.489,0.99605,0.99618,1.50,1.50
2015.06.04 12:45:24.850,0.99607,0.99617,1.00,1.00
2015.06.04 12:45:25.058,0.99605,0.99618,1.50,1.50
2015.06.04 12:45:25.533,0.99608,0.99617,1.00,1.00
2015.06.04 12:45:25.634,0.99606,0.99618,1.50,1.00
2015.06.04 12:45:25.685,0.99609,0.99619,1.00,1.00
2015.06.04 12:45:25.925,0.99608,0.99621,3.00,1.00
2015.06.04 12:45:25.976,0.9961,0.99621,1.00,1.00
2015.06.04 12:45:26.482,0.9961,0.99622,1.00,1.00
2015.06.04 12:45:26.753,0.99608,0.99622,1.50,1.00
2015.06.04 12:45:27.463,0.99607,0.99622,1.00,1.50
2015.06.04 12:45:27.832,0.9961,0.99622,1.00,1.50
2015.06.04 12:45:28.136,0.99613,0.99625,1.00,1.00
2015.06.04 12:45:28.542,0.99611,0.99624,1.00,1.00
2015.06.04 12:45:28.848,0.99613,0.99624,1.00,1.50
2015.06.04 12:45:29.355,0.99612,0.99624,1.00,1.00
2015.06.04 12:45:30.341,0.99611,0.99624,1.50,1.00
2015.06.04 12:45:30.847,0.9961,0.99624,1.00,1.57
2015.06.04 12:45:31.154,0.99606,0.99617,1.00,1.00
2015.06.04 12:45:31.559,0.99609,0.99622,1.00,2.25
2015.06.04 12:45:31.609,0.99609,0.99622,1.00,1.50
2015.06.04 12:45:31.660,0.99608,0.9962,1.00,1.00
2015.06.04 12:45:32.303,0.99608,0.99621,1.00,1.00
2015.06.04 12:45:32.846,0.99607,0.99621,1.50,1.00
2015.06.04 12:45:33.151,0.99605,0.99617,1.00,1.00
2015.06.04 12:45:33.697,0.99603,0.99616,1.50,1.00
2015.06.04 12:45:33.899,0.996,0.99615,1.50,1.00
2015.06.04 12:45:34.633,0.996,0.99614,1.00,1.00
2015.06.04 12:45:35.145,0.996,0.99613,1.00,1.00
2015.06.04 12:45:35.500,0.99598,0.99611,1.50,1.00
2015.06.04 12:45:36.029,0.996,0.99612,1.00,1.00
2015.06.04 12:45:36.535,0.99601,0.99612,1.50,1.50
2015.06.04 12:45:37.067,0.99597,0.99608,1.57,1.00
2015.06.04 12:45:37.169,0.99601,0.99614,1.00,1.00
2015.06.04 12:45:37.270,0.99602,0.99616,1.00,1.10
2015.06.04 12:45:37.372,0.99606,0.99619,1.50,2.25
2015.06.04 12:45:37.726,0.99607,0.99621,1.00,1.50
2015.06.04 12:45:38.262,0.99607,0.9962,1.00,1.00
2015.06.04 12:45:38.313,0.99605,0.9962,1.50,1.00
2015.06.04 12:45:39.096,0.99607,0.9962,1.00,1.00
2015.06.04 12:45:39.632,0.99606,0.99621,1.00,1.00
2015.06.04 12:45:40.162,0.99605,0.99619,1.50,1.00
2015.06.04 12:45:40.493,0.99607,0.99619,1.00,1.00
2015.06.04 12:45:40.544,0.99607,0.99621,1.00,1.50
2015.06.04 12:45:40.696,0.99607,0.99617,1.00,1.00
2015.06.04 12:45:40.797,0.99604,0.99617,1.00,1.00
2015.06.04 12:45:40.848,0.99601,0.99617,2.62,1.00
2015.06.04 12:45:40.950,0.99604,0.99616,1.00,1.00
2015.06.04 12:45:41.253,0.99606,0.99617,1.00,1.00
2015.06.04 12:45:41.500,0.99603,0.99617,1.50,1.00
2015.06.04 12:45:41.855,0.99606,0.99617,1.00,1.00
2015.06.04 12:45:42.007,0.99604,0.99617,1.00,1.00
2015.06.04 12:45:42.159,0.99605,0.99619,1.00,1.00
2015.06.04 12:45:42.311,0.99607,0.99619,1.00,1.00
2015.06.04 12:45:42.516,0.99605,0.9962,1.50,1.00
2015.06.04 12:45:43.025,0.99606,0.99619,1.00,1.00
2015.06.04 12:45:43.228,0.99604,0.99619,1.50,1.50
2015.06.04 12:45:43.279,0.99606,0.99619,1.00,1.00
2015.06.04 12:45:43.475,0.99604,0.99618,1.00,1.00
2015.06.04 12:45:43.779,0.99603,0.99616,1.50,1.00
2015.06.04 12:45:44.424,0.99603,0.99618,1.50,1.00
2015.06.04 12:45:44.972,0.99603,0.99619,2.25,1.50
2015.06.04 12:45:45.023,0.99606,0.99619,1.50,1.00
2015.06.04 12:45:45.429,0.99606,0.99621,1.00,1.00
2015.06.04 12:45:45.756,0.99607,0.99619,1.00,1.00
2015.06.04 12:45:46.162,0.99606,0.99621,2.25,1.00
2015.06.04 12:45:46.679,0.99606,0.9962,1.00,1.00
2015.06.04 12:45:47.083,0.9961,0.99621,1.00,1.00
2015.06.04 12:45:47.185,0.99608,0.99622,1.00,1.00
2015.06.04 12:45:47.756,0.99608,0.99621,1.00,1.00
2015.06.04 12:45:48.043,0.99608,0.99623,1.00,1.50
2015.06.04 12:45:49.921,0.9961,0.99623,1.00,1.00
2015.06.04 12:45:50.142,0.99607,0.99623,2.25,1.00
2015.06.04 12:45:50.497,0.99607,0.9962,1.00,1.00
2015.06.04 12:45:51.006,0.99607,0.99622,1.00,3.00
2015.06.04 12:45:51.276,0.99609,0.99621,1.00,1.00
2015.06.04 12:45:51.479,0.99607,0.99622,1.00,1.50
2015.06.04 12:45:51.682,0.9961,0.99623,1.00,1.00
2015.06.04 12:45:51.784,0.99608,0.99623,1.00,1.00
2015.06.04 12:45:52.038,0.9961,0.99623,1.00,1.00
2015.06.04 12:45:52.140,0.99608,0.99623,1.00,1.50
2015.06.04 12:45:52.546,0.9961,0.99623,1.00,1.00
2015.06.04 12:45:52.648,0.99608,0.99623,2.25,1.50
2015.06.04 12:45:52.901,0.99608,0.9962,1.00,1.00
2015.06.04 12:45:52.952,0.99604,0.9962,1.00,1.50
2015.06.04 12:45:53.104,0.99606,0.99618,1.00,1.50
2015.06.04 12:45:53.155,0.99603,0.99618,1.00,1.50
2015.06.04 12:45:53.636,0.99602,0.99616,1.00,1.00
2015.06.04 12:45:53.940,0.99605,0.99617,1.00,1.00
2015.06.04 12:45:55.143,0.99607,0.99617,1.00,1.50
2015.06.04 12:45:55.346,0.99605,0.99618,2.25,1.00
2015.06.04 12:45:55.397,0.99607,0.99618,1.00,1.00
2015.06.04 12:45:55.498,0.99605,0.99618,3.00,1.00
2015.06.04 12:45:55.650,0.99606,0.9962,1.50,1.00
2015.06.04 12:45:56.113,0.99608,0.9962,1.00,1.00
2015.06.04 12:45:56.164,0.99606,0.9962,1.50,1.00
2015.06.04 12:45:56.215,0.99608,0.99621,1.00,1.50
2015.06.04 12:45:58.019,0.99607,0.99621,1.50,1.00
2015.06.04 12:45:58.802,0.99611,0.99621,1.00,1.00
2015.06.04 12:45:58.853,0.99608,0.99621,1.00,1.00
2015.06.04 12:45:59.916,0.99607,0.99621,1.00,1.50
2015.06.04 12:46:00.270,0.99612,0.99621,1.00,1.00
2015.06.04 12:46:00.524,0.9962,0.99634,1.50,1.87
2015.06.04 12:46:00.575,0.99622,0.99634,1.50,1.37
2015.06.04 12:46:01.011,0.9962,0.99634,1.50,1.37
2015.06.04 12:46:01.541,0.99621,0.99634,1.00,1.37
2015.06.04 12:46:02.061,0.99621,0.99635,1.50,1.87
2015.06.04 12:46:02.674,0.99622,0.99636,1.00,1.37
2015.06.04 12:46:02.979,0.99623,0.99637,1.00,1.87
2015.06.04 12:46:03.498,0.99623,0.99637,1.00,1.87
2015.06.04 12:46:04.066,0.99624,0.99637,1.00,1.37
2015.06.04 12:46:04.268,0.99624,0.99637,1.00,1.00
2015.06.04 12:46:04.572,0.99625,0.99637,1.00,1.37
2015.06.04 12:46:05.106,0.99624,0.99638,1.00,1.37
2015.06.04 12:46:05.463,0.99626,0.99638,1.00,1.37
2015.06.04 12:46:05.969,0.99627,0.99638,1.00,1.37
2015.06.04 12:46:06.172,0.9963,0.99642,1.00,2.62
2015.06.04 12:46:06.273,0.99629,0.99642,1.50,1.37
2015.06.04 12:46:06.752,0.99627,0.9964,1.00,1.37
2015.06.04 12:46:06.904,0.99625,0.9964,2.25,1.87
2015.06.04 12:46:06.955,0.99627,0.9964,1.00,1.37
2015.06.04 12:46:07.465,0.99627,0.9964,1.00,1.37
2015.06.04 12:46:08.024,0.99627,0.99642,1.50,2.62
2015.06.04 12:46:08.530,0.99628,0.99641,1.00,1.37
2015.06.04 12:46:09.594,0.99629,0.99642,1.00,1.87
2015.06.04 12:46:09.797,0.99629,0.99642,1.00,1.37
2015.06.04 12:46:10.170,0.99631,0.99641,1.00,1.12
2015.06.04 12:46:10.272,0.99632,0.99646,1.00,3.37
2015.06.04 12:46:10.552,0.99633,0.99646,1.00,1.87
2015.06.04 12:46:11.058,0.99634,0.99646,1.00,1.00
2015.06.04 12:46:11.755,0.99633,0.99646,1.50,1.00
2015.06.04 12:46:11.907,0.99635,0.99648,1.50,1.50
2015.06.04 12:46:12.211,0.99639,0.99648,1.00,1.00
2015.06.04 12:46:12.514,0.99641,0.99648,1.00,1.00
2015.06.04 12:46:12.970,0.99645,0.99653,1.00,1.00
2015.06.04 12:46:13.501,0.99644,0.99653,1.00,1.00
2015.06.04 12:46:14.062,0.99643,0.99652,1.00,1.00
2015.06.04 12:46:14.568,0.99642,0.99653,1.00,1.00
2015.06.04 12:46:14.720,0.9964,0.99653,1.00,1.00
2015.06.04 12:46:14.973,0.99638,0.99653,2.25,1.50
2015.06.04 12:46:15.315,0.99638,0.99648,1.00,1.00
2015.06.04 12:46:16.108,0.99638,0.99652,1.50,1.00
2015.06.04 12:46:16.526,0.99638,0.99648,1.50,1.00
2015.06.04 12:46:16.829,0.9964,0.99648,1.00,1.00
2015.06.04 12:46:16.880,0.9964,0.99653,1.00,1.00
2015.06.04 12:46:17.421,0.99641,0.99653,1.00,1.00
2015.06.04 12:46:18.635,0.99643,0.99653,1.00,1.00
2015.06.04 12:46:19.148,0.99641,0.99653,1.00,1.00
2015.06.04 12:46:20.073,0.99641,0.99652,1.00,1.00
2015.06.04 12:46:20.346,0.99643,0.99652,1.00,1.00
2015.06.04 12:46:20.398,0.99641,0.99652,1.95,1.00
2015.06.04 12:46:20.603,0.99643,0.99652,1.50,1.00
2015.06.04 12:46:21.199,0.99645,0.99652,1.00,1.00
2015.06.04 12:46:21.301,0.99644,0.99658,1.00,1.50
2015.06.04 12:46:22.384,0.99644,0.99657,1.00,1.37
2015.06.04 12:46:24.551,0.99642,0.99658,1.12,1.87
2015.06.04 12:46:24.601,0.99642,0.99658,1.00,1.87
2015.06.04 12:46:25.140,0.99641,0.99658,2.70,1.87
2015.06.04 12:46:25.647,0.99642,0.99657,1.00,1.37
2015.06.04 12:46:25.943,0.99646,0.99662,2.25,1.50
2015.06.04 12:46:25.994,0.9965,0.99663,1.50,1.12
2015.06.04 12:46:26.146,0.9965,0.99666,1.50,1.00
2015.06.04 12:46:26.197,0.99652,0.99666,1.00,1.00
2015.06.04 12:46:26.703,0.99652,0.99667,1.50,1.00
2015.06.04 12:46:27.325,0.99653,0.99667,1.50,1.00
2015.06.04 12:46:27.679,0.99653,0.99666,1.00,1.75
2015.06.04 12:46:27.882,0.99649,0.99663,1.00,1.87
2015.06.04 12:46:28.084,0.99647,0.99663,1.50,1.87
2015.06.04 12:46:28.186,0.99651,0.99663,1.00,1.00
2015.06.04 12:46:28.430,0.99653,0.99667,1.00,1.00
2015.06.04 12:46:28.634,0.99653,0.99669,2.25,1.50
2015.06.04 12:46:28.786,0.99653,0.99667,1.50,1.00
2015.06.04 12:46:29.192,0.99655,0.99667,1.00,1.00
2015.06.04 12:46:29.243,0.99653,0.99667,1.00,1.50
2015.06.04 12:46:29.775,0.99654,0.99667,1.00,1.50
2015.06.04 12:46:29.876,0.99656,0.99667,1.00,1.00
2015.06.04 12:46:29.977,0.99654,0.99667,1.00,1.50
2015.06.04 12:46:30.878,0.99654,0.99665,1.00,1.00
2015.06.04 12:46:31.380,0.99655,0.99665,1.00,1.00
2015.06.04 12:46:31.481,0.99655,0.99667,1.00,1.00
2015.06.04 12:46:32.002,0.99655,0.99668,1.00,1.00
2015.06.04 12:46:32.610,0.99656,0.99671,1.50,1.00
2015.06.04 12:46:33.940,0.99655,0.99668,1.00,1.00
2015.06.04 12:46:33.991,0.99655,0.99671,1.50,1.12
2015.06.04 12:46:34.042,0.99655,0.99668,1.00,1.00
2015.06.04 12:46:34.815,0.99655,0.99666,1.00,1.00
2015.06.04 12:46:34.916,0.99652,0.99666,1.00,1.00
2015.06.04 12:46:34.967,0.99652,0.99668,1.00,1.12
2015.06.04 12:46:35.018,0.99652,0.99665,1.00,1.00
2015.06.04 12:46:36.973,0.99652,0.99662,1.00,1.00
2015.06.04 12:46:37.074,0.99652,0.99665,1.50,1.00
2015.06.04 12:46:37.377,0.99652,0.99663,1.00,1.00
2015.06.04 12:46:37.631,0.99653,0.99665,1.00,1.00
2015.06.04 12:46:37.870,0.99652,0.99663,1.00,1.00
2015.06.04 12:46:38.637,0.99651,0.99663,1.00,1.00
2015.06.04 12:46:38.789,0.99651,0.99665,1.50,1.00
2015.06.04 12:46:39.172,0.99651,0.99663,1.00,1.00
2015.06.04 12:46:39.223,0.9965,0.99665,1.50,1.50
2015.06.04 12:46:39.787,0.99649,0.99664,1.00,1.00
2015.06.04 12:46:39.939,0.99649,0.9966,1.00,1.00
2015.06.04 12:46:39.990,0.9965,0.99664,1.00,1.00
2015.06.04 12:46:40.495,0.9965,0.99664,1.50,1.37
2015.06.04 12:46:41.315,0.99651,0.99666,1.00,1.87
2015.06.04 12:46:41.720,0.99653,0.99662,1.00,1.00
2015.06.04 12:46:43.887,0.99652,0.99662,1.00,1.00
2015.06.04 12:46:44.039,0.99652,0.99666,1.00,1.37
2015.06.04 12:46:44.192,0.99652,0.99662,1.00,1.00
2015.06.04 12:46:44.728,0.99651,0.99662,1.00,1.00
2015.06.04 12:46:45.382,0.99651,0.99666,1.00,1.87
2015.06.04 12:46:47.452,0.99652,0.99666,1.00,1.37
2015.06.04 12:46:47.832,0.99654,0.99662,1.00,1.00
2015.06.04 12:46:47.883,0.99654,0.99666,1.00,1.37
2015.06.04 12:46:48.035,0.99654,0.99663,1.00,1.00
2015.06.04 12:46:48.137,0.99651,0.99663,1.00,1.12
2015.06.04 12:46:48.238,0.99651,0.99667,1.87,1.37
2015.06.04 12:46:48.744,0.99651,0.99663,1.00,1.00
2015.06.04 12:46:49.066,0.99653,0.99663,1.00,1.00
2015.06.04 12:46:49.500,0.99653,0.99667,1.00,1.00
2015.06.04 12:46:50.050,0.99652,0.99667,1.50,1.00
2015.06.04 12:46:51.155,0.99652,0.99663,1.00,1.00
2015.06.04 12:46:51.206,0.9965,0.99666,2.25,1.00
2015.06.04 12:46:51.408,0.9965,0.99664,1.50,1.00
2015.06.04 12:46:51.661,0.9965,0.99666,2.25,1.00
2015.06.04 12:46:52.177,0.99651,0.99665,1.50,1.00
2015.06.04 12:46:52.329,0.99651,0.99661,1.00,1.00
2015.06.04 12:46:55.833,0.99652,0.99661,1.00,1.00
2015.06.04 12:46:56.020,0.99652,0.99665,1.50,1.00
2015.06.04 12:46:56.237,0.99652,0.99667,1.50,1.00
2015.06.04 12:46:57.111,0.99654,0.99664,1.00,1.00
2015.06.04 12:46:57.264,0.99656,0.99671,1.00,1.10
2015.06.04 12:46:57.370,0.99656,0.99669,1.00,1.00
2015.06.04 12:46:57.522,0.99658,0.99672,1.00,1.00
2015.06.04 12:46:57.759,0.99662,0.99673,1.50,1.00
2015.06.04 12:46:57.911,0.99666,0.99678,1.00,1.50
2015.06.04 12:46:58.315,0.99666,0.99681,1.00,2.25
2015.06.04 12:46:58.468,0.99667,0.99683,1.00,1.87
2015.06.04 12:46:59.490,0.99667,0.99682,1.00,1.50
2015.06.04 12:46:59.541,0.99663,0.99678,1.50,1.00
2015.06.04 12:46:59.946,0.99666,0.9968,1.00,1.00
2015.06.04 12:47:00.489,0.99666,0.99681,1.50,1.50
2015.06.04 12:47:00.944,0.99668,0.99682,1.00,1.00
2015.06.04 12:47:01.451,0.99667,0.99682,1.00,1.00
2015.06.04 12:47:03.950,0.99669,0.99682,1.00,1.00
2015.06.04 12:47:04.611,0.99668,0.99683,1.00,1.00
2015.06.04 12:47:05.167,0.99668,0.99684,1.00,1.00
2015.06.04 12:47:05.797,0.99667,0.99684,1.50,1.00
2015.06.04 12:47:06.615,0.99668,0.99684,1.00,1.00
2015.06.04 12:47:06.970,0.99668,0.99682,1.12,1.00
2015.06.04 12:47:07.230,0.99668,0.99684,1.12,1.12
2015.06.04 12:47:07.970,0.99668,0.99682,1.12,1.00
2015.06.04 12:47:08.021,0.99669,0.99684,1.00,1.12
2015.06.04 12:47:08.646,0.99668,0.99684,1.12,1.12
2015.06.04 12:47:09.188,0.99667,0.99684,1.87,1.12
2015.06.04 12:47:09.731,0.99668,0.99683,1.00,1.00
2015.06.04 12:47:10.280,0.99668,0.99682,1.87,1.00
2015.06.04 12:47:10.546,0.9967,0.99682,1.50,1.00
2015.06.04 12:47:10.901,0.99672,0.99682,1.00,1.00
2015.06.04 12:47:11.002,0.99672,0.99687,1.00,1.12
2015.06.04 12:47:11.104,0.99672,0.99683,1.00,1.00
2015.06.04 12:47:11.155,0.99672,0.99687,1.00,2.62
2015.06.04 12:47:11.620,0.99669,0.99683,2.62,1.00
2015.06.04 12:47:12.076,0.9967,0.99687,1.12,2.62
2015.06.04 12:47:13.415,0.9967,0.99686,1.12,1.00
2015.06.04 12:47:13.568,0.99669,0.99684,1.12,1.00
2015.06.04 12:47:14.162,0.9967,0.99685,1.00,1.00
2015.06.04 12:47:14.976,0.99669,0.99685,1.50,1.00
2015.06.04 12:47:15.718,0.9967,0.99685,1.00,1.87
2015.06.04 12:47:16.620,0.9967,0.99685,1.12,1.37
2015.06.04 12:47:17.133,0.99671,0.99685,1.00,1.87
2015.06.04 12:47:17.285,0.99671,0.99687,1.00,2.62
2015.06.04 12:47:17.848,0.9967,0.99686,1.00,1.12
2015.06.04 12:47:18.101,0.9967,0.99684,1.00,1.00
2015.06.04 12:47:18.202,0.9967,0.99686,1.00,1.12
2015.06.04 12:47:18.707,0.99672,0.99685,1.00,1.00
2015.06.04 12:47:18.887,0.9967,0.99685,1.00,1.00
2015.06.04 12:47:19.507,0.99669,0.99685,2.25,1.87
2015.06.04 12:47:19.760,0.99668,0.99682,1.12,1.00
2015.06.04 12:47:20.100,0.99666,0.99679,1.95,1.00
2015.06.04 12:47:20.476,0.99666,0.99676,1.00,1.00
2015.06.04 12:47:20.678,0.99666,0.99679,1.00,1.00
2015.06.04 12:47:20.881,0.99666,0.99681,2.25,1.00
2015.06.04 12:47:21.966,0.99665,0.99677,1.50,1.00
2015.06.04 12:47:22.068,0.99663,0.99677,1.57,1.00
2015.06.04 12:47:22.422,0.99662,0.99673,1.00,1.00
2015.06.04 12:47:22.858,0.99663,0.99675,1.00,1.00
2015.06.04 12:47:22.909,0.99663,0.99678,1.00,1.00
2015.06.04 12:47:22.960,0.99665,0.99678,1.00,1.00
2015.06.04 12:47:23.314,0.99667,0.99679,1.00,1.00
2015.06.04 12:47:23.416,0.99667,0.99681,1.00,1.50
2015.06.04 12:47:23.991,0.99667,0.99682,1.10,1.00
2015.06.04 12:47:24.964,0.99667,0.99681,1.10,1.00
2015.06.04 12:47:25.197,0.99662,0.99677,1.75,1.00
2015.06.04 12:47:25.248,0.99662,0.99677,1.00,1.00
2015.06.04 12:47:25.400,0.9966,0.99674,1.10,1.00
2015.06.04 12:47:25.754,0.99661,0.99676,1.00,1.50
2015.06.04 12:47:25.805,0.99659,0.99673,1.00,1.00
2015.06.04 12:47:26.345,0.99656,0.99672,1.50,1.50
2015.06.04 12:47:26.598,0.99655,0.99668,1.50,1.00
2015.06.04 12:47:27.292,0.99656,0.99668,1.00,1.00
2015.06.04 12:47:27.394,0.99657,0.99672,1.00,1.12
2015.06.04 12:47:27.900,0.99659,0.99673,1.37,1.50
2015.06.04 12:47:28.255,0.99662,0.99673,1.00,1.00
2015.06.04 12:47:28.521,0.99662,0.99675,1.00,1.00
2015.06.04 12:47:28.724,0.9966,0.99675,1.00,1.50
2015.06.04 12:47:28.926,0.9966,0.99673,1.00,1.50
2015.06.04 12:47:29.230,0.99657,0.99673,1.20,1.50
2015.06.04 12:47:29.382,0.9966,0.99673,1.00,1.50
2015.06.04 12:47:29.859,0.99657,0.99672,1.00,1.50
2015.06.04 12:47:30.827,0.99657,0.99671,1.37,1.00
2015.06.04 12:47:31.029,0.99659,0.99673,1.37,1.00
2015.06.04 12:47:31.130,0.99659,0.99675,1.87,2.25
2015.06.04 12:47:31.426,0.99659,0.99673,1.87,1.00
2015.06.04 12:47:31.780,0.99659,0.99675,1.87,1.50
2015.06.04 12:47:32.150,0.99661,0.99675,1.00,1.50
2015.06.04 12:47:32.303,0.99659,0.99675,1.87,1.00
2015.06.04 12:47:32.810,0.9966,0.99675,1.00,1.00
2015.06.04 12:47:33.382,0.99659,0.99672,1.37,1.00
2015.06.04 12:47:33.931,0.99659,0.99673,1.00,1.00
2015.06.04 12:47:34.286,0.99657,0.99671,1.12,1.00
2015.06.04 12:47:34.662,0.99659,0.99675,1.37,1.50
2015.06.04 12:47:34.764,0.99662,0.99674,1.00,1.00
2015.06.04 12:47:34.866,0.99663,0.99677,1.00,1.87
2015.06.04 12:47:35.369,0.99661,0.99676,1.50,1.50
2015.06.04 12:47:35.420,0.99659,0.99673,1.00,1.00
2015.06.04 12:47:35.960,0.99663,0.99676,1.00,1.00
2015.06.04 12:47:36.516,0.99663,0.99678,1.50,2.62
2015.06.04 12:47:37.020,0.99662,0.99677,1.57,1.00
2015.06.04 12:47:37.323,0.99661,0.99675,1.50,1.37
2015.06.04 12:47:37.576,0.99661,0.99676,2.25,1.00
2015.06.04 12:47:38.048,0.99665,0.99678,1.00,1.50
2015.06.04 12:47:38.352,0.99667,0.99682,1.50,1.50
2015.06.04 12:47:38.853,0.99666,0.99681,1.50,1.00
2015.06.04 12:47:39.250,0.99666,0.99679,1.00,1.00
2015.06.04 12:47:39.553,0.99669,0.99681,1.00,1.87
2015.06.04 12:47:39.604,0.99665,0.99681,3.00,1.87
2015.06.04 12:47:39.857,0.99665,0.99681,1.00,2.62
2015.06.04 12:47:40.502,0.99664,0.99679,1.50,1.87
2015.06.04 12:47:40.805,0.99665,0.99671,1.00,1.00
2015.06.04 12:47:40.856,0.99661,0.99671,1.00,1.00
2015.06.04 12:47:40.907,0.99659,0.99671,1.57,1.00
2015.06.04 12:47:41.568,0.99658,0.99672,3.07,1.12
2015.06.04 12:47:41.721,0.9966,0.99672,1.00,1.00
2015.06.04 12:47:41.822,0.99662,0.99675,1.00,1.00
2015.06.04 12:47:41.924,0.99662,0.99678,1.00,2.62
2015.06.04 12:47:42.076,0.99665,0.99678,1.50,1.00
2015.06.04 12:47:42.336,0.99666,0.99681,1.00,1.12
2015.06.04 12:47:42.923,0.99667,0.99681,1.00,1.12
2015.06.04 12:47:43.596,0.99666,0.99681,1.00,1.12
2015.06.04 12:47:44.178,0.99666,0.9968,1.00,1.00
2015.06.04 12:47:44.685,0.99666,0.99681,1.00,1.12
2015.06.04 12:47:46.465,0.99666,0.99679,1.00,1.00
2015.06.04 12:47:46.566,0.99666,0.99681,1.00,1.00
2015.06.04 12:47:47.236,0.99668,0.99681,1.00,1.00
2015.06.04 12:47:47.591,0.9967,0.99681,1.00,1.00
2015.06.04 12:47:47.642,0.9967,0.99684,1.50,1.00
2015.06.04 12:47:48.150,0.99669,0.99683,1.00,1.00
2015.06.04 12:47:48.202,0.99668,0.99681,1.50,1.00
2015.06.04 12:47:48.303,0.99668,0.99683,1.50,1.00
2015.06.04 12:47:48.817,0.99667,0.99682,1.00,1.50
2015.06.04 12:47:49.272,0.99665,0.99681,1.00,2.62
2015.06.04 12:47:49.433,0.99664,0.99677,2.25,1.00
2015.06.04 12:47:49.748,0.99664,0.99679,1.00,1.50
2015.06.04 12:47:50.257,0.99663,0.99678,1.00,1.12
2015.06.04 12:47:51.052,0.99663,0.99678,1.00,1.37
2015.06.04 12:47:51.579,0.99662,0.99678,1.00,1.87
2015.06.04 12:47:51.630,0.99664,0.99678,1.00,1.12
2015.06.04 12:47:52.136,0.99663,0.99677,1.00,1.00
2015.06.04 12:47:52.574,0.99665,0.99679,1.00,1.00
2015.06.04 12:47:53.080,0.99666,0.99679,1.00,1.00
2015.06.04 12:47:53.594,0.99666,0.99678,1.50,1.00
2015.06.04 12:47:53.897,0.99664,0.99678,3.07,1.00
2015.06.04 12:47:54.440,0.99664,0.99679,3.07,1.00
2015.06.04 12:47:54.790,0.99664,0.99677,2.32,1.00
2015.06.04 12:47:55.094,0.99666,0.99677,1.00,1.00
2015.06.04 12:47:55.398,0.99664,0.99677,1.57,1.00
2015.06.04 12:47:55.705,0.99664,0.99677,1.10,1.87
2015.06.04 12:47:56.059,0.99659,0.9967,1.00,1.00
2015.06.04 12:47:56.111,0.99656,0.9967,2.25,1.50
2015.06.04 12:47:56.618,0.99658,0.99671,1.00,1.00
2015.06.04 12:47:56.771,0.99662,0.99674,1.50,1.00
2015.06.04 12:47:56.822,0.99663,0.99676,1.00,1.50
2015.06.04 12:47:57.325,0.99663,0.99677,1.50,1.50
2015.06.04 12:47:57.426,0.99663,0.99675,1.50,1.00
2015.06.04 12:47:57.629,0.99661,0.99674,1.00,1.50
2015.06.04 12:47:57.832,0.99666,0.99677,1.00,1.50
2015.06.04 12:47:57.933,0.99665,0.9968,1.00,1.50
2015.06.04 12:47:58.375,0.99667,0.99681,1.00,1.00
2015.06.04 12:47:58.881,0.99668,0.99681,1.00,1.50
2015.06.04 12:47:59.633,0.99669,0.99681,1.00,1.12
2015.06.04 12:47:59.835,0.99667,0.99681,1.00,1.12
2015.06.04 12:48:00.370,0.99666,0.99681,3.75,1.12
2015.06.04 12:48:00.632,0.99666,0.99678,1.50,1.37
2015.06.04 12:48:00.937,0.99663,0.99676,1.00,1.37
2015.06.04 12:48:01.342,0.99663,0.99676,1.50,1.12
2015.06.04 12:48:01.845,0.99663,0.99677,1.00,1.87
2015.06.04 12:48:02.467,0.99664,0.99679,1.00,2.62
2015.06.04 12:48:03.541,0.99664,0.99675,1.00,1.00
2015.06.04 12:48:03.795,0.99656,0.99669,1.00,1.50
2015.06.04 12:48:03.897,0.99654,0.9967,2.25,1.87
2015.06.04 12:48:04.410,0.99655,0.9967,2.25,1.00
2015.06.04 12:48:04.973,0.99656,0.9967,1.00,1.00
2015.06.04 12:48:05.125,0.99658,0.99672,1.00,2.62
2015.06.04 12:48:05.637,0.99657,0.99672,1.50,2.25
2015.06.04 12:48:06.326,0.99658,0.99671,1.00,1.00
2015.06.04 12:48:06.869,0.99657,0.99672,1.50,1.12
2015.06.04 12:48:07.374,0.99657,0.99672,1.50,1.87
2015.06.04 12:48:07.879,0.99657,0.99672,1.50,1.87
2015.06.04 12:48:08.430,0.99657,0.99672,1.50,1.87
2015.06.04 12:48:09.032,0.99657,0.99671,1.50,1.37
2015.06.04 12:48:09.404,0.99655,0.99671,1.50,2.62
2015.06.04 12:48:09.712,0.99654,0.99667,1.00,1.12
2015.06.04 12:48:09.763,0.99652,0.99667,2.25,1.37
2015.06.04 12:48:10.638,0.99652,0.99666,1.50,1.37
2015.06.04 12:48:11.150,0.99651,0.99663,1.50,1.00
2015.06.04 12:48:11.252,0.99649,0.99663,1.00,1.87
2015.06.04 12:48:11.353,0.99649,0.99663,1.00,2.62
2015.06.04 12:48:11.555,0.99649,0.99663,1.00,2.62
2015.06.04 12:48:11.909,0.99651,0.99663,1.00,1.00
2015.06.04 12:48:11.960,0.99651,0.99665,1.00,3.37
2015.06.04 12:48:12.568,0.99652,0.99666,1.00,1.12
2015.06.04 12:48:13.107,0.99651,0.99665,1.00,1.87
2015.06.04 12:48:13.158,0.9965,0.99664,1.50,1.87
2015.06.04 12:48:13.461,0.99647,0.99658,1.50,1.12
2015.06.04 12:48:13.729,0.99644,0.99657,1.00,1.00
2015.06.04 12:48:13.830,0.99644,0.99659,1.50,2.25
2015.06.04 12:48:13.881,0.99647,0.99659,1.00,1.50
2015.06.04 12:48:13.932,0.99644,0.99659,3.00,1.00
2015.06.04 12:48:13.982,0.99646,0.99659,1.00,1.00
2015.06.04 12:48:14.185,0.99645,0.99661,1.10,1.00
2015.06.04 12:48:14.236,0.99647,0.99661,1.00,1.00
2015.06.04 12:48:14.766,0.99647,0.99662,2.25,1.50
2015.06.04 12:48:15.316,0.99647,0.99663,1.50,3.00
2015.06.04 12:48:15.817,0.99648,0.99663,2.25,1.00
2015.06.04 12:48:16.122,0.9965,0.99664,1.50,1.00
2015.06.04 12:48:16.670,0.99651,0.99664,1.00,1.00
2015.06.04 12:48:17.175,0.9965,0.99664,2.25,1.00
2015.06.04 12:48:18.203,0.9965,0.99666,2.25,1.87
2015.06.04 12:48:18.710,0.99651,0.99666,1.50,1.50
2015.06.04 12:48:19.181,0.99653,0.99666,1.00,1.50
2015.06.04 12:48:19.392,0.99651,0.99666,1.50,1.50
2015.06.04 12:48:19.696,0.9965,0.99664,1.00,1.00
2015.06.04 12:48:20.353,0.99649,0.99664,1.50,1.50
2015.06.04 12:48:20.805,0.9965,0.99661,1.50,1.37
2015.06.04 12:48:20.856,0.99647,0.99661,2.25,1.87
2015.06.04 12:48:20.907,0.99647,0.99661,1.50,2.25
2015.06.04 12:48:20.958,0.99644,0.9966,1.50,1.50
2015.06.04 12:48:21.059,0.99643,0.99658,1.50,1.00
2015.06.04 12:48:21.362,0.99641,0.99655,1.50,1.00
2015.06.04 12:48:21.900,0.99641,0.99656,3.00,1.00
2015.06.04 12:48:22.203,0.99644,0.99657,1.00,1.00
2015.06.04 12:48:22.643,0.99646,0.99657,1.00,1.00
2015.06.04 12:48:23.052,0.99655,0.99659,1.50,1.00
2015.06.04 12:48:23.153,0.99658,0.99667,1.00,1.00
2015.06.04 12:48:23.204,0.99658,0.99671,1.50,1.00
2015.06.04 12:48:23.255,0.99663,0.99671,1.00,1.00
2015.06.04 12:48:23.306,0.99665,0.99678,1.00,2.62
2015.06.04 12:48:23.407,0.99666,0.99681,1.50,1.00
2015.06.04 12:48:23.509,0.99668,0.99682,1.00,1.50
2015.06.04 12:48:24.224,0.99668,0.9968,1.00,1.00
2015.06.04 12:48:24.275,0.99665,0.9968,1.00,2.25
2015.06.04 12:48:24.326,0.99664,0.99678,2.25,1.00
2015.06.04 12:48:24.530,0.99661,0.99677,3.07,1.50
2015.06.04 12:48:24.581,0.99664,0.99678,1.00,1.00
2015.06.04 12:48:24.734,0.99665,0.9968,1.00,1.50
2015.06.04 12:48:24.937,0.99665,0.99678,1.00,1.00
2015.06.04 12:48:24.990,0.99661,0.99678,3.00,1.00
2015.06.04 12:48:25.213,0.99666,0.99681,1.00,1.10
2015.06.04 12:48:25.567,0.99668,0.99682,1.00,1.00
2015.06.04 12:48:25.769,0.99668,0.99684,1.00,1.10
2015.06.04 12:48:26.329,0.99668,0.99683,1.00,1.00
2015.06.04 12:48:27.755,0.9967,0.99684,1.00,1.00
2015.06.04 12:48:27.806,0.99667,0.99683,1.57,1.00
2015.06.04 12:48:28.311,0.99666,0.99683,1.00,3.00
2015.06.04 12:48:28.413,0.99668,0.99683,1.00,2.25
2015.06.04 12:48:28.864,0.99663,0.99678,1.12,1.00
2015.06.04 12:48:29.168,0.99663,0.99676,1.00,1.00
2015.06.04 12:48:29.710,0.99663,0.99679,1.00,1.50
2015.06.04 12:48:30.064,0.99663,0.99673,1.50,1.00
2015.06.04 12:48:30.536,0.9966,0.99672,1.10,1.00
2015.06.04 12:48:30.891,0.9966,0.99675,1.50,1.00
2015.06.04 12:48:31.094,0.99662,0.99673,1.00,1.00
2015.06.04 12:48:31.568,0.99658,0.99672,1.00,2.25
2015.06.04 12:48:31.827,0.9966,0.99673,1.00,1.50
2015.06.04 12:48:32.131,0.99663,0.99672,1.50,1.00
2015.06.04 12:48:32.283,0.99668,0.99678,1.00,1.00
2015.06.04 12:48:32.486,0.99666,0.99678,1.00,1.00
2015.06.04 12:48:33.158,0.99665,0.99678,1.00,1.50
2015.06.04 12:48:33.260,0.99662,0.99677,1.10,1.50
2015.06.04 12:48:33.362,0.99662,0.99673,1.10,1.00
2015.06.04 12:48:33.514,0.9966,0.99673,1.00,1.00
2015.06.04 12:48:34.139,0.99658,0.99673,1.50,1.00
2015.06.04 12:48:34.666,0.99657,0.99673,1.50,1.50
2015.06.04 12:48:35.261,0.99658,0.99673,1.00,1.50
2015.06.04 12:48:35.554,0.99657,0.99671,1.00,1.00
2015.06.04 12:48:35.858,0.99655,0.99669,1.95,1.00
2015.06.04 12:48:35.959,0.99655,0.99672,2.25,1.00
2015.06.04 12:48:36.112,0.99655,0.99669,1.50,1.00
2015.06.04 12:48:36.213,0.99655,0.99671,1.50,1.00
2015.06.04 12:48:36.644,0.99656,0.99673,1.00,1.87
2015.06.04 12:48:36.841,0.99656,0.99671,1.00,1.50
2015.06.04 12:48:37.347,0.99655,0.99671,1.50,1.00
2015.06.04 12:48:37.651,0.9966,0.99671,1.00,1.00
2015.06.04 12:48:38.005,0.99662,0.99678,1.50,4.12
2015.06.04 12:48:38.056,0.99662,0.99675,1.50,1.00
2015.06.04 12:48:38.158,0.99662,0.99677,1.50,1.00
2015.06.04 12:48:38.462,0.99664,0.99673,1.00,1.00
2015.06.04 12:48:38.563,0.99658,0.99672,1.37,1.00
2015.06.04 12:48:38.766,0.99657,0.99672,1.00,2.25
2015.06.04 12:48:39.161,0.99656,0.9967,1.57,1.00
2015.06.04 12:48:39.414,0.99654,0.99669,1.00,1.00
2015.06.04 12:48:39.919,0.99653,0.99669,1.57,1.50
2015.06.04 12:48:40.472,0.99655,0.99669,1.00,1.50
2015.06.04 12:48:40.981,0.99654,0.99668,1.87,1.00
2015.06.04 12:48:41.547,0.99656,0.99667,1.00,1.00
2015.06.04 12:48:42.057,0.99655,0.99668,1.50,1.00
2015.06.04 12:48:43.097,0.99656,0.99668,1.00,1.00
2015.06.04 12:48:43.401,0.99655,0.99663,1.00,1.00
2015.06.04 12:48:43.452,0.99653,0.99663,1.00,1.00
2015.06.04 12:48:43.604,0.99648,0.99661,1.37,1.12
2015.06.04 12:48:43.706,0.99649,0.99659,1.00,1.00
2015.06.04 12:48:43.757,0.99644,0.99659,3.77,1.50
2015.06.04 12:48:44.289,0.99642,0.99658,1.50,1.50
2015.06.04 12:48:44.594,0.99645,0.99658,1.00,1.00
2015.06.04 12:48:45.166,0.99645,0.99659,1.00,1.10
2015.06.04 12:48:45.572,0.99643,0.99659,1.50,1.50
2015.06.04 12:48:45.622,0.99645,0.99659,1.00,1.00
2015.06.04 12:48:46.432,0.99643,0.99659,1.00,1.87
2015.06.04 12:48:46.942,0.99642,0.99658,1.00,1.00
2015.06.04 12:48:47.195,0.99644,0.99658,1.00,1.00
2015.06.04 12:48:47.410,0.99642,0.99657,1.00,1.00
2015.06.04 12:48:48.002,0.99643,0.99657,1.00,1.87
2015.06.04 12:48:48.548,0.99644,0.99658,1.00,1.87
2015.06.04 12:48:48.650,0.99641,0.99658,1.50,1.87
2015.06.04 12:48:49.128,0.99645,0.99657,1.00,1.12
2015.06.04 12:48:49.179,0.99641,0.99657,1.50,1.12
2015.06.04 12:48:49.552,0.99643,0.99654,1.00,1.00
2015.06.04 12:48:49.756,0.99642,0.99658,1.50,1.12
2015.06.04 12:48:50.777,0.99642,0.99653,1.00,1.00
2015.06.04 12:48:51.080,0.99646,0.99658,1.00,1.87
2015.06.04 12:48:51.600,0.99645,0.99658,1.00,1.87
2015.06.04 12:48:51.752,0.99643,0.99658,1.00,1.87
2015.06.04 12:48:52.527,0.99644,0.99657,1.00,1.87
2015.06.04 12:48:52.578,0.99644,0.99654,1.00,1.00
2015.06.04 12:48:52.730,0.99643,0.99657,1.50,1.00
2015.06.04 12:48:53.169,0.99648,0.99658,1.00,1.00
2015.06.04 12:48:53.322,0.99645,0.99658,1.00,1.00
2015.06.04 12:48:53.842,0.99644,0.99658,1.00,1.00
2015.06.04 12:48:54.574,0.99645,0.99658,1.00,1.00
2015.06.04 12:48:54.676,0.99645,0.99655,1.00,1.00
2015.06.04 12:48:55.046,0.99646,0.99659,1.00,1.12
2015.06.04 12:48:55.513,0.99646,0.99655,1.00,1.00
2015.06.04 12:48:55.788,0.99646,0.99659,1.00,1.50
2015.06.04 12:48:57.994,0.99645,0.99659,1.00,1.00
2015.06.04 12:48:59.695,0.99644,0.99656,1.37,1.00
2015.06.04 12:48:59.804,0.99644,0.99659,1.37,1.00
2015.06.04 12:49:00.455,0.99644,0.99659,1.87,1.00
2015.06.04 12:49:00.506,0.99648,0.99659,1.00,1.50
2015.06.04 12:49:00.557,0.99644,0.99659,1.12,1.50
2015.06.04 12:49:00.709,0.99647,0.99659,1.00,1.50
2015.06.04 12:49:00.861,0.99645,0.99659,1.12,1.00
2015.06.04 12:49:01.330,0.99645,0.99661,1.87,2.25
2015.06.04 12:49:01.637,0.99646,0.99661,1.37,1.00
2015.06.04 12:49:01.688,0.99647,0.99663,1.87,1.57
2015.06.04 12:49:01.840,0.99649,0.99663,1.37,1.57
2015.06.04 12:49:01.941,0.99647,0.99662,1.50,1.00
2015.06.04 12:49:01.992,0.99648,0.99658,1.00,1.00
2015.06.04 12:49:02.093,0.99644,0.9966,1.12,1.00
2015.06.04 12:49:02.367,0.99642,0.99658,1.20,1.00
2015.06.04 12:49:02.874,0.99642,0.99657,1.12,1.00
2015.06.04 12:49:02.925,0.99645,0.99659,1.00,1.00
2015.06.04 12:49:03.557,0.99645,0.99658,1.00,1.00
2015.06.04 12:49:03.717,0.99643,0.99658,1.00,1.00
2015.06.04 12:49:03.819,0.99645,0.99658,1.00,2.25
2015.06.04 12:49:03.870,0.99641,0.99657,1.87,1.87
2015.06.04 12:49:04.945,0.99642,0.99656,1.12,1.00
2015.06.04 12:49:05.158,0.99645,0.99657,1.00,1.12
2015.06.04 12:49:05.209,0.9964,0.99656,1.87,1.00
2015.06.04 12:49:05.614,0.99647,0.99658,1.00,1.50
2015.06.04 12:49:05.715,0.99641,0.99658,1.87,1.00
2015.06.04 12:49:05.766,0.99641,0.99658,2.25,1.00
2015.06.04 12:49:06.144,0.99647,0.99662,1.12,1.50
2015.06.04 12:49:06.245,0.99649,0.99662,1.00,1.00
2015.06.04 12:49:06.755,0.99647,0.99662,1.87,1.00
2015.06.04 12:49:07.143,0.99648,0.99658,1.00,1.00
2015.06.04 12:49:07.396,0.99642,0.99658,2.25,1.50
2015.06.04 12:49:07.497,0.99644,0.99657,1.00,1.00
2015.06.04 12:49:07.803,0.99642,0.99657,1.50,1.00
2015.06.04 12:49:08.054,0.99648,0.99656,1.00,1.00
2015.06.04 12:49:08.510,0.99647,0.99651,1.00,1.00
2015.06.04 12:49:08.561,0.99641,0.99649,1.00,1.00
2015.06.04 12:49:08.612,0.99638,0.99649,1.00,1.00
2015.06.04 12:49:08.714,0.99634,0.99649,1.00,1.00
2015.06.04 12:49:09.018,0.99638,0.99648,1.00,1.00
2015.06.04 12:49:09.330,0.99638,0.99651,1.00,1.00
2015.06.04 12:49:09.431,0.99641,0.99651,1.00,1.00
2015.06.04 12:49:09.482,0.99641,0.99653,1.00,1.50
2015.06.04 12:49:09.533,0.99639,0.99653,1.00,1.00
2015.06.04 12:49:09.584,0.99638,0.99655,1.50,1.50
2015.06.04 12:49:09.635,0.99641,0.99655,1.00,1.00
2015.06.04 12:49:10.159,0.99641,0.99654,1.00,1.00
2015.06.04 12:49:10.210,0.99641,0.99656,1.00,1.50
2015.06.04 12:49:10.311,0.99644,0.99656,1.00,1.50
2015.06.04 12:49:10.464,0.99641,0.99656,1.50,1.50
2015.06.04 12:49:10.970,0.99644,0.99656,1.00,1.50
2015.06.04 12:49:11.325,0.99642,0.99656,1.00,1.00
2015.06.04 12:49:11.376,0.99644,0.99656,1.00,1.00
2015.06.04 12:49:11.427,0.99641,0.99656,1.50,1.00
2015.06.04 12:49:11.478,0.99645,0.99656,1.00,1.00
2015.06.04 12:49:11.681,0.99641,0.99656,1.50,1.50
2015.06.04 12:49:11.731,0.99646,0.99656,1.00,1.50
2015.06.04 12:49:11.904,0.99641,0.99656,1.50,1.50
2015.06.04 12:49:12.107,0.99645,0.99656,1.00,1.00
2015.06.04 12:49:12.158,0.99641,0.99656,1.00,1.00
2015.06.04 12:49:12.399,0.99645,0.99653,1.00,1.00
2015.06.04 12:49:12.500,0.99638,0.99653,1.00,1.00
2015.06.04 12:49:12.652,0.99636,0.99652,1.00,2.25
2015.06.04 12:49:12.704,0.99638,0.99652,1.00,1.50
2015.06.04 12:49:13.008,0.99642,0.99653,1.00,1.00
2015.06.04 12:49:13.109,0.99643,0.99656,1.00,1.50
2015.06.04 12:49:13.839,0.99647,0.99657,1.00,1.00
2015.06.04 12:49:13.891,0.99644,0.99661,1.50,2.62
2015.06.04 12:49:13.942,0.99648,0.99661,1.00,1.87
2015.06.04 12:49:13.993,0.99648,0.99661,1.50,1.00
2015.06.04 12:49:14.044,0.99648,0.99663,1.50,1.50
2015.06.04 12:49:14.246,0.99647,0.9966,1.00,1.00
2015.06.04 12:49:14.298,0.99645,0.9966,1.00,1.00
2015.06.04 12:49:14.607,0.99646,0.99662,1.00,2.25
2015.06.04 12:49:15.595,0.99646,0.99661,1.50,1.00
2015.06.04 12:49:16.122,0.99647,0.99661,1.00,1.00
2015.06.04 12:49:16.815,0.99648,0.99661,1.00,1.50
2015.06.04 12:49:16.866,0.99649,0.99664,1.00,1.50
2015.06.04 12:49:17.430,0.99649,0.99662,1.50,1.00
2015.06.04 12:49:18.004,0.9965,0.99665,1.00,1.00
2015.06.04 12:49:18.505,0.99654,0.99667,1.00,1.37
2015.06.04 12:49:18.910,0.99652,0.99667,1.00,1.37
2015.06.04 12:49:19.453,0.99652,0.99667,1.00,1.37
2015.06.04 12:49:19.707,0.99651,0.99666,1.00,1.37
2015.06.04 12:49:19.809,0.99651,0.99664,1.00,1.00
2015.06.04 12:49:20.164,0.9965,0.99662,1.00,1.00
2015.06.04 12:49:20.591,0.99651,0.99664,1.00,1.00
2015.06.04 12:49:21.096,0.9965,0.99664,1.00,1.00
2015.06.04 12:49:21.401,0.99651,0.99664,1.37,1.00
2015.06.04 12:49:21.452,0.99655,0.99667,1.00,1.10
2015.06.04 12:49:21.553,0.99658,0.99668,1.00,1.57
2015.06.04 12:49:21.881,0.99658,0.99672,1.00,1.87
2015.06.04 12:49:22.402,0.99658,0.99672,1.50,1.00
2015.06.04 12:49:22.950,0.99659,0.99673,1.00,1.12
2015.06.04 12:49:23.504,0.99659,0.99673,1.00,1.37
2015.06.04 12:49:25.418,0.99659,0.99673,1.00,1.12
2015.06.04 12:49:29.165,0.99659,0.99674,1.00,1.87
2015.06.04 12:49:29.570,0.99662,0.99674,1.00,1.00
2015.06.04 12:49:30.108,0.99662,0.99675,1.00,1.50
2015.06.04 12:49:30.615,0.99663,0.99675,1.00,1.87
2015.06.04 12:49:30.868,0.99664,0.99677,1.00,1.50
2015.06.04 12:49:31.379,0.99663,0.99677,1.00,1.47
2015.06.04 12:49:31.596,0.99663,0.99673,1.00,1.00
2015.06.04 12:49:31.697,0.99661,0.99673,1.00,1.00
2015.06.04 12:49:33.029,0.99661,0.99676,1.00,1.12
2015.06.04 12:49:33.517,0.99662,0.99673,1.00,1.00
2015.06.04 12:49:33.619,0.99663,0.99677,1.00,1.95
2015.06.04 12:49:34.038,0.99663,0.99674,1.00,1.00
2015.06.04 12:49:34.140,0.99663,0.99677,1.00,1.20
2015.06.04 12:49:34.648,0.99664,0.99677,1.00,1.12
2015.06.04 12:49:35.311,0.99665,0.99677,1.00,1.00
2015.06.04 12:49:36.937,0.99667,0.9968,1.00,1.37
2015.06.04 12:49:37.677,0.99667,0.99681,1.00,1.37
2015.06.04 12:49:38.144,0.99669,0.99681,1.00,1.37
2015.06.04 12:49:38.552,0.99668,0.99679,1.00,1.37
2015.06.04 12:49:38.603,0.99665,0.99679,1.50,1.37
2015.06.04 12:49:38.806,0.99666,0.99679,1.00,1.00
2015.06.04 12:49:39.314,0.99666,0.99678,1.00,1.50
2015.06.04 12:49:39.365,0.99665,0.99675,1.00,1.00
2015.06.04 12:49:39.723,0.99667,0.99675,1.00,1.00
2015.06.04 12:49:39.774,0.99667,0.99678,1.00,1.00
2015.06.04 12:49:40.306,0.99667,0.99679,1.00,1.00
2015.06.04 12:49:40.881,0.99668,0.99677,1.00,1.00
2015.06.04 12:49:40.932,0.99668,0.99681,1.00,1.87
2015.06.04 12:49:42.617,0.99667,0.99681,1.00,2.70
2015.06.04 12:49:42.669,0.99667,0.99678,1.00,1.00
2015.06.04 12:49:46.640,0.99665,0.99678,1.50,1.12
2015.06.04 12:49:47.196,0.99665,0.99678,1.00,1.87
2015.06.04 12:49:48.106,0.99664,0.99678,1.00,1.87
2015.06.04 12:49:48.360,0.99665,0.99675,1.00,1.00
2015.06.04 12:49:48.411,0.99663,0.99675,1.00,1.00
2015.06.04 12:49:48.978,0.99663,0.99671,1.00,1.00
2015.06.04 12:49:49.029,0.99663,0.99674,1.00,1.00
2015.06.04 12:49:49.702,0.99662,0.99674,1.00,1.00
2015.06.04 12:49:51.352,0.99661,0.99674,1.50,1.00
2015.06.04 12:49:52.208,0.99661,0.99675,1.00,1.87
2015.06.04 12:49:52.850,0.99662,0.99675,1.00,1.50
2015.06.04 12:49:55.723,0.99662,0.99674,1.00,1.00
2015.06.04 12:49:55.925,0.99662,0.99675,1.37,2.25
2015.06.04 12:49:56.269,0.99673,0.99679,1.00,1.00
2015.06.04 12:49:56.473,0.99677,0.99687,1.00,1.87
2015.06.04 12:49:56.526,0.99679,0.99687,1.00,1.00
2015.06.04 12:49:56.830,0.99677,0.99683,1.00,1.00
2015.06.04 12:49:56.932,0.9968,0.99688,1.00,1.50
2015.06.04 12:49:56.983,0.99679,0.99685,1.00,1.00
2015.06.04 12:49:57.162,0.99677,0.99688,1.00,1.00
2015.06.04 12:49:57.215,0.99679,0.99688,1.00,1.00
2015.06.04 12:49:57.366,0.99679,0.9969,1.00,1.00
2015.06.04 12:49:57.418,0.99675,0.99691,2.25,1.50
2015.06.04 12:49:57.648,0.99675,0.99684,1.50,1.00
2015.06.04 12:49:57.750,0.99673,0.99683,2.25,1.00
2015.06.04 12:49:57.851,0.99671,0.99683,1.50,1.00
2015.06.04 12:49:58.329,0.9967,0.9968,1.00,1.00
2015.06.04 12:49:58.380,0.9967,0.99682,1.00,1.00
2015.06.04 12:49:58.851,0.99667,0.99681,1.50,1.00
2015.06.04 12:49:59.387,0.99667,0.9968,1.00,1.00
2015.06.04 12:49:59.596,0.9967,0.99681,1.00,1.00
2015.06.04 12:49:59.901,0.99674,0.99685,1.00,1.00
2015.06.04 12:50:00.153,0.99676,0.99688,1.00,1.87
2015.06.04 12:50:00.673,0.99675,0.99687,1.00,1.00
2015.06.04 12:50:01.215,0.99675,0.9969,1.00,1.10
2015.06.04 12:50:01.266,0.99677,0.9969,1.00,1.57
2015.06.04 12:50:01.418,0.99678,0.99692,1.00,2.25
2015.06.04 12:50:01.939,0.99679,0.99691,1.00,1.00
2015.06.04 12:50:02.450,0.9968,0.99691,1.50,1.00
2015.06.04 12:50:02.501,0.9968,0.99689,1.50,1.00
2015.06.04 12:50:03.038,0.99679,0.99689,1.00,1.00
2015.06.04 12:50:03.089,0.99679,0.99691,1.00,1.00
2015.06.04 12:50:03.241,0.99677,0.99692,2.25,1.00
2015.06.04 12:50:03.343,0.99682,0.99693,1.00,1.00
2015.06.04 12:50:03.546,0.9968,0.99694,1.50,1.57
2015.06.04 12:50:03.596,0.99683,0.99694,1.00,1.50
2015.06.04 12:50:03.698,0.99683,0.99696,1.00,1.50
2015.06.04 12:50:03.850,0.99683,0.99693,1.50,1.00
2015.06.04 12:50:03.901,0.99683,0.99696,1.00,1.00
2015.06.04 12:50:04.227,0.99683,0.99694,1.00,1.00
2015.06.04 12:50:04.481,0.99683,0.99696,1.00,1.00
2015.06.04 12:50:04.684,0.99686,0.99699,1.00,1.50
2015.06.04 12:50:05.210,0.99687,0.997,1.50,1.00
2015.06.04 12:50:05.517,0.99689,0.99701,1.00,1.00
2015.06.04 12:50:05.821,0.99695,0.99703,1.00,1.00
2015.06.04 12:50:06.055,0.99693,0.99706,1.50,1.00
2015.06.04 12:50:07.367,0.99692,0.99703,1.00,1.00
2015.06.04 12:50:07.469,0.9969,0.99702,1.00,1.00
2015.06.04 12:50:07.520,0.99694,0.997,1.00,1.00
2015.06.04 12:50:07.571,0.99694,0.99703,1.00,2.25
2015.06.04 12:50:07.673,0.99689,0.99701,1.00,1.00
2015.06.04 12:50:07.780,0.99689,0.99698,1.00,1.00
2015.06.04 12:50:07.983,0.99687,0.99697,1.00,1.00
2015.06.04 12:50:08.459,0.99686,0.99699,1.00,1.00
2015.06.04 12:50:08.914,0.99685,0.99697,1.00,1.00
2015.06.04 12:50:09.345,0.99687,0.99697,1.00,1.00
2015.06.04 12:50:09.550,0.99688,0.99699,1.00,1.50
2015.06.04 12:50:10.056,0.99689,0.99699,1.00,1.50
2015.06.04 12:50:10.158,0.99687,0.99699,1.00,1.50
2015.06.04 12:50:10.709,0.99687,0.99698,1.00,1.00
2015.06.04 12:50:11.065,0.99686,0.99697,1.00,3.37
2015.06.04 12:50:11.587,0.99686,0.99697,1.00,1.50
2015.06.04 12:50:11.891,0.99686,0.99692,1.00,1.00
2015.06.04 12:50:11.942,0.99686,0.99697,1.00,1.50
2015.06.04 12:50:12.481,0.99687,0.99697,1.00,1.50
2015.06.04 12:50:12.992,0.99686,0.99697,1.00,1.50
2015.06.04 12:50:13.245,0.99689,0.99697,1.00,1.00
2015.06.04 12:50:13.774,0.99688,0.99698,1.00,1.10
2015.06.04 12:50:14.277,0.99687,0.99697,1.00,1.00
2015.06.04 12:50:14.581,0.99689,0.99698,1.00,1.00
2015.06.04 12:50:15.119,0.9969,0.99698,1.00,1.57
2015.06.04 12:50:15.584,0.99688,0.99696,1.00,1.00
2015.06.04 12:50:15.686,0.99683,0.99695,1.00,1.00
2015.06.04 12:50:16.336,0.99683,0.99693,1.00,1.00
2015.06.04 12:50:16.639,0.99685,0.99693,1.00,2.62
2015.06.04 12:50:16.690,0.9968,0.99693,1.50,2.62
2015.06.04 12:50:16.792,0.99678,0.99687,1.00,1.00
2015.06.04 12:50:16.843,0.99676,0.99687,1.00,1.00
2015.06.04 12:50:17.028,0.99675,0.9968,1.00,1.00
2015.06.04 12:50:17.545,0.99667,0.9968,1.00,1.00
2015.06.04 12:50:17.596,0.99666,0.99678,2.25,1.00
2015.06.04 12:50:17.798,0.99667,0.9968,1.00,1.00
2015.06.04 12:50:18.427,0.99668,0.9968,1.00,1.00
2015.06.04 12:50:18.649,0.99669,0.99678,1.00,1.00
2015.06.04 12:50:18.751,0.99669,0.9968,1.00,1.50
2015.06.04 12:50:19.005,0.99666,0.9968,2.25,1.87
2015.06.04 12:50:19.510,0.99666,0.99679,1.50,1.00
2015.06.04 12:50:19.759,0.99666,0.99681,2.25,1.00
2015.06.04 12:50:19.810,0.99668,0.99681,1.00,1.00
2015.06.04 12:50:20.316,0.99668,0.99678,1.00,1.00
2015.06.04 12:50:20.726,0.99669,0.99681,1.00,1.00
2015.06.04 12:50:20.827,0.99669,0.99683,1.00,1.50
2015.06.04 12:50:21.350,0.99669,0.99682,1.00,1.00
2015.06.04 12:50:21.401,0.99669,0.9968,1.00,1.00
2015.06.04 12:50:21.603,0.99667,0.9968,1.50,1.00
2015.06.04 12:50:22.112,0.99666,0.9968,3.00,1.00
2015.06.04 12:50:23.220,0.99665,0.9968,1.00,2.25
2015.06.04 12:50:23.721,0.99666,0.9968,2.25,1.00
2015.06.04 12:50:24.235,0.99667,0.9968,1.00,1.00
2015.06.04 12:50:24.753,0.99666,0.9968,1.00,1.00
2015.06.04 12:50:25.415,0.99666,0.99679,1.50,1.00
2015.06.04 12:50:25.998,0.99666,0.9968,1.00,1.00
2015.06.04 12:50:26.475,0.99668,0.99681,1.00,1.50
2015.06.04 12:50:27.220,0.99667,0.99677,1.50,1.00
2015.06.04 12:50:27.272,0.99667,0.99681,2.25,1.00
2015.06.04 12:50:27.692,0.99668,0.99676,1.00,1.00
2015.06.04 12:50:27.847,0.99668,0.9968,1.00,1.00
2015.06.04 12:50:27.948,0.99666,0.9968,2.25,1.00
2015.06.04 12:50:27.999,0.99666,0.99678,1.00,1.00
2015.06.04 12:50:28.554,0.99666,0.99679,1.00,1.00
2015.06.04 12:50:28.867,0.99666,0.99674,1.00,1.00
2015.06.04 12:50:28.917,0.99665,0.99679,1.00,1.87
2015.06.04 12:50:29.554,0.99666,0.99679,1.00,1.87
2015.06.04 12:50:30.267,0.99666,0.99679,1.00,1.50
2015.06.04 12:50:31.340,0.99667,0.99679,1.00,1.00
2015.06.04 12:50:31.393,0.99669,0.9968,1.00,1.00
2015.06.04 12:50:31.495,0.99669,0.99682,1.00,2.62
2015.06.04 12:50:31.749,0.99667,0.99681,1.00,1.00
2015.06.04 12:50:32.382,0.99668,0.99682,1.00,2.62
2015.06.04 12:50:32.889,0.99669,0.99682,1.00,2.62
2015.06.04 12:50:33.041,0.99667,0.99681,1.50,1.12
2015.06.04 12:50:33.644,0.99666,0.9968,1.00,1.12
2015.06.04 12:50:34.188,0.99666,0.99681,1.00,1.87
2015.06.04 12:50:34.592,0.99667,0.99681,1.00,2.62
2015.06.04 12:50:34.744,0.99665,0.99679,1.00,1.12
2015.06.04 12:50:35.250,0.99665,0.99678,1.00,1.00
2015.06.04 12:50:38.349,0.99666,0.99678,1.00,1.00
2015.06.04 12:50:38.401,0.99666,0.9968,1.00,1.50
2015.06.04 12:50:38.939,0.99667,0.9968,1.00,1.50
2015.06.04 12:50:40.203,0.99666,0.9968,1.50,1.50
2015.06.04 12:50:40.304,0.99668,0.9968,1.00,1.00
2015.06.04 12:50:40.809,0.99668,0.99681,1.50,1.00
2015.06.04 12:50:41.121,0.9967,0.99678,1.00,1.00
2015.06.04 12:50:41.223,0.99664,0.99677,1.00,1.50
2015.06.04 12:50:41.426,0.99668,0.99678,1.00,1.50
2015.06.04 12:50:41.528,0.99668,0.9968,1.00,3.07
2015.06.04 12:50:42.394,0.99669,0.99682,1.00,1.87
2015.06.04 12:50:42.900,0.99668,0.99682,1.00,1.12
2015.06.04 12:50:43.204,0.9967,0.99682,1.00,1.12
2015.06.04 12:50:44.348,0.9967,0.99682,1.00,1.37
2015.06.04 12:50:44.886,0.99669,0.99682,1.00,1.37
2015.06.04 12:50:45.419,0.9967,0.99682,1.00,1.87
2015.06.04 12:50:46.028,0.9967,0.99682,1.00,1.00
2015.06.04 12:50:46.533,0.99669,0.99682,1.50,1.50
2015.06.04 12:50:47.097,0.99668,0.9968,1.00,1.00
2015.06.04 12:50:47.452,0.99666,0.9968,1.00,1.00
2015.06.04 12:50:47.655,0.99665,0.99679,1.00,1.37
2015.06.04 12:50:47.857,0.99662,0.99675,1.00,1.37
2015.06.04 12:50:48.161,0.99661,0.99674,1.00,1.87
2015.06.04 12:50:48.683,0.99661,0.99674,1.00,1.87
2015.06.04 12:50:48.986,0.99663,0.99674,1.00,1.00
2015.06.04 12:50:49.290,0.99662,0.99676,1.00,2.32
2015.06.04 12:50:49.341,0.99665,0.99676,1.00,1.00
2015.06.04 12:50:49.848,0.99665,0.99677,1.00,1.50
2015.06.04 12:50:50.102,0.99663,0.99676,1.50,1.50
2015.06.04 12:50:50.153,0.99665,0.99676,1.00,1.00
2015.06.04 12:50:50.490,0.99664,0.99673,1.00,1.00
2015.06.04 12:50:50.646,0.99662,0.99675,1.00,1.00
2015.06.04 12:50:50.850,0.99661,0.99673,1.00,1.00
2015.06.04 12:50:50.901,0.99659,0.99673,1.50,1.00
2015.06.04 12:50:51.105,0.99661,0.99673,1.00,1.00
2015.06.04 12:50:51.415,0.99662,0.99676,1.00,2.62
2015.06.04 12:50:51.516,0.99664,0.99676,1.00,1.12
2015.06.04 12:50:51.819,0.99669,0.9968,1.00,1.50
2015.06.04 12:50:51.870,0.9967,0.99682,1.00,1.10
2015.06.04 12:50:51.972,0.99673,0.99683,1.00,1.87
2015.06.04 12:50:52.450,0.99674,0.99684,1.00,1.00
2015.06.04 12:50:52.551,0.99671,0.99684,1.00,1.00
2015.06.04 12:50:53.069,0.9967,0.99684,1.50,1.87
2015.06.04 12:50:53.120,0.9967,0.99681,1.50,1.00
2015.06.04 12:50:53.171,0.99667,0.99681,1.50,1.00
2015.06.04 12:50:53.323,0.99667,0.99675,1.00,1.00
2015.06.04 12:50:53.501,0.99666,0.9968,1.50,1.00
2015.06.04 12:50:53.653,0.99669,0.99681,1.00,1.57
2015.06.04 12:50:54.158,0.9967,0.99681,1.00,1.00
2015.06.04 12:50:54.823,0.99669,0.99681,1.00,1.00
2015.06.04 12:50:55.280,0.99671,0.99681,1.00,1.00
2015.06.04 12:50:55.584,0.99669,0.99681,1.00,1.00
2015.06.04 12:50:56.474,0.9967,0.99681,1.00,1.00
2015.06.04 12:50:56.728,0.99667,0.99676,1.50,1.00
2015.06.04 12:50:56.880,0.99663,0.99676,1.00,1.00
2015.06.04 12:50:57.387,0.99663,0.99675,1.00,1.00
2015.06.04 12:50:57.585,0.99667,0.99678,1.50,1.00
2015.06.04 12:50:57.689,0.99665,0.99678,1.00,1.00
2015.06.04 12:50:57.943,0.99663,0.99676,1.00,1.00
2015.06.04 12:50:58.247,0.99662,0.99674,1.00,1.00
2015.06.04 12:50:58.348,0.99662,0.99676,1.00,1.57
2015.06.04 12:50:58.450,0.99665,0.99676,1.00,1.57
2015.06.04 12:50:58.638,0.99665,0.99678,1.00,1.00
2015.06.04 12:50:58.691,0.99668,0.99679,1.00,2.25
2015.06.04 12:50:58.894,0.99668,0.99681,1.00,1.87
2015.06.04 12:50:59.350,0.99666,0.99679,1.00,1.00
2015.06.04 12:50:59.743,0.99665,0.99676,1.00,1.37
2015.06.04 12:50:59.796,0.99663,0.99675,1.00,1.12
2015.06.04 12:51:00.303,0.99662,0.99674,1.00,1.12
2015.06.04 12:51:00.808,0.99661,0.99674,1.00,1.87
2015.06.04 12:51:01.416,0.99662,0.99674,1.00,1.12
2015.06.04 12:51:01.948,0.99661,0.99674,1.00,1.00
2015.06.04 12:51:02.477,0.9966,0.99672,1.00,1.00
2015.06.04 12:51:02.781,0.99662,0.99674,1.00,1.00
2015.06.04 12:51:03.085,0.99664,0.99674,1.00,1.00
2015.06.04 12:51:03.439,0.99663,0.99672,1.00,1.00
2015.06.04 12:51:03.491,0.99661,0.99672,1.00,1.00
2015.06.04 12:51:03.998,0.9966,0.99672,1.00,1.12
2015.06.04 12:51:04.201,0.99659,0.99672,1.00,1.37
2015.06.04 12:51:05.072,0.99659,0.99672,1.00,1.37
2015.06.04 12:51:05.649,0.99658,0.9967,1.00,1.12
2015.06.04 12:51:06.180,0.99657,0.9967,1.00,1.87
2015.06.04 12:51:06.483,0.99657,0.99667,1.00,1.00
2015.06.04 12:51:07.179,0.99657,0.9967,1.00,1.87
2015.06.04 12:51:07.687,0.99658,0.9967,1.00,1.87
2015.06.04 12:51:08.129,0.99656,0.9967,1.00,1.37
2015.06.04 12:51:08.659,0.99656,0.9967,1.00,1.00
2015.06.04 12:51:09.183,0.99657,0.9967,1.00,1.50
2015.06.04 12:51:09.998,0.99658,0.9967,1.00,1.00
2015.06.04 12:51:10.685,0.99658,0.99672,1.00,3.00
2015.06.04 12:51:10.989,0.99662,0.99672,1.00,1.12
2015.06.04 12:51:11.242,0.9966,0.99672,1.00,1.12
2015.06.04 12:51:11.931,0.9966,0.99672,1.00,1.87
2015.06.04 12:51:12.438,0.99661,0.99672,1.00,1.00
2015.06.04 12:51:13.050,0.99661,0.99673,1.00,2.62
2015.06.04 12:51:13.101,0.99663,0.99673,1.00,2.62
2015.06.04 12:51:13.669,0.99662,0.99674,1.00,1.37
2015.06.04 12:51:13.771,0.9966,0.99674,1.00,1.87
2015.06.04 12:51:14.176,0.99658,0.99672,1.50,1.37
2015.06.04 12:51:14.549,0.99657,0.99672,1.50,1.47
2015.06.04 12:51:15.498,0.99657,0.9967,1.50,1.12
2015.06.04 12:51:16.153,0.99658,0.9967,1.00,1.00
2015.06.04 12:51:17.491,0.99661,0.99671,1.00,1.00
2015.06.04 12:51:17.704,0.99661,0.99675,1.10,1.37
2015.06.04 12:51:17.856,0.99661,0.99676,1.57,1.12
2015.06.04 12:51:18.391,0.99661,0.99677,2.70,2.62
2015.06.04 12:51:18.852,0.99663,0.99677,1.00,1.87
2015.06.04 12:51:18.954,0.99661,0.99677,1.57,1.87
2015.06.04 12:51:19.504,0.99663,0.99677,1.00,1.87
2015.06.04 12:51:19.605,0.99661,0.99677,1.95,1.50
2015.06.04 12:51:19.657,0.99664,0.99677,1.00,1.00
2015.06.04 12:51:19.811,0.99662,0.99677,1.00,1.87
2015.06.04 12:51:19.862,0.99661,0.99675,3.07,1.00
2015.06.04 12:51:20.434,0.99661,0.99674,1.10,1.12
2015.06.04 12:51:20.693,0.99658,0.99672,1.10,1.00
2015.06.04 12:51:21.655,0.99658,0.99673,2.32,1.12
2015.06.04 12:51:22.159,0.99659,0.99673,1.00,1.12
2015.06.04 12:51:22.643,0.99661,0.99674,1.00,1.37
2015.06.04 12:51:23.146,0.99663,0.99675,1.00,1.37
2015.06.04 12:51:23.715,0.99664,0.99675,1.00,1.37
2015.06.04 12:51:24.266,0.99663,0.99675,1.00,1.87
2015.06.04 12:51:25.071,0.99662,0.99675,1.10,1.00
2015.06.04 12:51:25.426,0.99664,0.99675,1.00,1.00
2015.06.04 12:51:25.528,0.99663,0.99677,1.00,1.50
2015.06.04 12:51:25.680,0.99665,0.99678,1.00,1.87
2015.06.04 12:51:25.950,0.99663,0.99678,1.50,1.12
2015.06.04 12:51:26.455,0.99664,0.99678,1.00,1.12
2015.06.04 12:51:26.709,0.99666,0.99678,1.00,1.00
2015.06.04 12:51:27.356,0.99666,0.99678,1.95,1.00
2015.06.04 12:51:27.407,0.99668,0.9968,1.00,1.00
2015.06.04 12:51:27.661,0.99668,0.99682,1.00,1.00
2015.06.04 12:51:27.966,0.9967,0.99682,1.00,1.00
2015.06.04 12:51:28.523,0.99669,0.99682,1.00,1.00
2015.06.04 12:51:29.601,0.9967,0.99682,1.00,1.00
2015.06.04 12:51:30.448,0.99669,0.99682,1.00,1.12
2015.06.04 12:51:30.954,0.9967,0.99682,1.00,1.00
2015.06.04 12:51:31.230,0.99668,0.99682,1.10,1.00
2015.06.04 12:51:31.806,0.99668,0.99681,1.10,1.00
2015.06.04 12:51:32.613,0.99668,0.99681,1.10,1.37
2015.06.04 12:51:33.232,0.99669,0.99681,1.00,1.87
2015.06.04 12:51:33.284,0.99669,0.99681,1.00,1.87
2015.06.04 12:51:33.875,0.99667,0.99681,1.87,1.50
2015.06.04 12:51:34.381,0.99669,0.99682,1.00,1.37
2015.06.04 12:51:34.919,0.99669,0.99682,1.00,1.00
2015.06.04 12:51:36.229,0.99669,0.99683,1.00,2.62
2015.06.04 12:51:36.762,0.9967,0.99683,1.00,1.00
2015.06.04 12:51:37.579,0.99671,0.99683,1.00,1.00
2015.06.04 12:51:38.093,0.99672,0.99685,1.00,1.87
2015.06.04 12:51:38.761,0.99671,0.99683,1.50,1.00
2015.06.04 12:51:39.287,0.9967,0.99683,1.00,1.00
2015.06.04 12:51:39.490,0.99675,0.99683,1.00,1.87
2015.06.04 12:51:39.540,0.99675,0.99685,1.00,1.00
2015.06.04 12:51:39.591,0.99678,0.99686,1.00,1.50
2015.06.04 12:51:39.693,0.99677,0.99691,1.00,3.00
2015.06.04 12:51:40.132,0.99679,0.99689,1.00,1.00
2015.06.04 12:51:40.540,0.99678,0.99691,1.00,1.87
2015.06.04 12:51:41.092,0.99677,0.99691,1.57,1.87
2015.06.04 12:51:41.143,0.99679,0.99691,1.00,2.62
2015.06.04 12:51:42.003,0.99677,0.99691,1.57,1.87
2015.06.04 12:51:42.335,0.99678,0.99691,1.00,1.87
2015.06.04 12:51:42.882,0.99677,0.99691,1.50,2.62
2015.06.04 12:51:43.425,0.99678,0.99691,1.00,2.62
2015.06.04 12:51:43.957,0.99677,0.99691,1.50,2.62
2015.06.04 12:51:44.502,0.99677,0.99691,1.50,1.87
2015.06.04 12:51:45.245,0.99676,0.9969,1.00,1.87
2015.06.04 12:51:45.638,0.99679,0.99689,1.00,1.00
2015.06.04 12:51:45.696,0.99679,0.99691,1.00,1.87
2015.06.04 12:51:46.215,0.99679,0.99692,1.00,1.87
2015.06.04 12:51:46.727,0.99678,0.99692,1.00,1.87
2015.06.04 12:51:47.248,0.99677,0.99691,2.25,1.50
2015.06.04 12:51:47.300,0.9968,0.99691,1.00,1.00
2015.06.04 12:51:47.823,0.99679,0.99693,1.00,1.12
2015.06.04 12:51:48.372,0.9968,0.99694,1.00,3.37
2015.06.04 12:51:48.970,0.99679,0.99693,1.00,1.12
2015.06.04 12:51:50.044,0.99679,0.99692,1.00,1.00
2015.06.04 12:51:50.404,0.99682,0.99692,1.00,1.00
2015.06.04 12:51:50.907,0.99682,0.99694,1.00,1.37
2015.06.04 12:51:51.793,0.99681,0.99694,1.00,1.37
2015.06.04 12:51:52.314,0.9968,0.99694,1.50,1.37
2015.06.04 12:51:52.618,0.99682,0.99694,1.00,1.12
2015.06.04 12:51:52.931,0.99681,0.99692,1.00,1.00
2015.06.04 12:51:53.234,0.99679,0.99692,1.00,1.00
2015.06.04 12:51:53.336,0.99678,0.9969,2.25,1.50
2015.06.04 12:51:53.774,0.99676,0.99685,1.00,1.12
2015.06.04 12:51:54.028,0.9968,0.9969,1.00,1.00
2015.06.04 12:51:54.180,0.9968,0.99692,1.00,1.50
2015.06.04 12:51:54.231,0.99682,0.99692,1.00,1.50
2015.06.04 12:51:54.434,0.99681,0.99694,1.00,1.00
2015.06.04 12:51:54.985,0.99682,0.99695,1.00,1.50
2015.06.04 12:51:55.505,0.99681,0.99695,1.00,1.50
2015.06.04 12:51:55.607,0.99682,0.99693,1.00,1.00
2015.06.04 12:51:56.060,0.99683,0.99695,1.00,1.87
2015.06.04 12:51:56.448,0.99689,0.99698,1.00,1.50
2015.06.04 12:51:56.751,0.99693,0.99699,1.00,1.00
2015.06.04 12:51:56.802,0.99693,0.99701,1.00,1.00
2015.06.04 12:51:57.229,0.99691,0.99702,1.00,1.50
2015.06.04 12:51:57.431,0.99688,0.99699,1.50,1.00
2015.06.04 12:51:57.583,0.99685,0.99698,1.00,1.00
2015.06.04 12:51:58.089,0.99685,0.99697,1.00,1.00
2015.06.04 12:51:58.603,0.99684,0.99697,1.00,1.00
2015.06.04 12:51:59.108,0.99684,0.99696,1.00,3.00
2015.06.04 12:51:59.159,0.99684,0.99694,1.00,1.37
2015.06.04 12:51:59.210,0.99681,0.99694,1.10,1.37
2015.06.04 12:51:59.261,0.99681,0.99691,1.10,1.00
2015.06.04 12:51:59.615,0.99689,0.99694,1.50,1.37
2015.06.04 12:51:59.768,0.99695,0.99703,1.00,1.00
2015.06.04 12:51:59.819,0.99695,0.99705,1.00,1.00
2015.06.04 12:51:59.972,0.99696,0.99707,1.00,1.00
2015.06.04 12:52:00.074,0.99693,0.99707,1.10,1.50
2015.06.04 12:52:00.124,0.99693,0.99705,1.10,1.00
2015.06.04 12:52:00.428,0.99696,0.99703,1.00,1.00
2015.06.04 12:52:00.636,0.99697,0.99707,1.00,1.87
2015.06.04 12:52:00.788,0.99697,0.99708,1.00,1.50
2015.06.04 12:52:00.839,0.99696,0.99706,1.00,1.00
2015.06.04 12:52:01.142,0.99698,0.99708,1.00,2.32
2015.06.04 12:52:01.725,0.99697,0.99708,1.00,1.00
2015.06.04 12:52:01.978,0.99695,0.99708,1.50,1.00
2015.06.04 12:52:02.483,0.99695,0.99707,1.00,1.00
2015.06.04 12:52:02.788,0.99695,0.99703,1.00,1.00
2015.06.04 12:52:03.304,0.99696,0.99703,1.00,1.00
2015.06.04 12:52:04.158,0.99694,0.99703,1.50,1.00
2015.06.04 12:52:04.698,0.99695,0.99702,1.00,1.00
2015.06.04 12:52:05.174,0.99698,0.99703,1.00,1.00
2015.06.04 12:52:05.327,0.99697,0.99708,1.00,1.00
2015.06.04 12:52:05.640,0.99697,0.99703,1.00,1.00
2015.06.04 12:52:06.148,0.99695,0.99703,1.00,1.00
2015.06.04 12:52:06.502,0.99693,0.99703,1.00,1.50
2015.06.04 12:52:07.160,0.99698,0.99706,1.00,1.50
2015.06.04 12:52:07.464,0.99701,0.99708,1.00,1.00
2015.06.04 12:52:07.566,0.99699,0.99708,1.00,1.00
2015.06.04 12:52:07.792,0.99697,0.99708,1.00,1.00
2015.06.04 12:52:07.893,0.99699,0.99708,1.00,1.00
2015.06.04 12:52:07.995,0.99696,0.99708,1.00,1.00
2015.06.04 12:52:08.502,0.99697,0.99708,1.50,1.00
2015.06.04 12:52:09.048,0.99698,0.99708,1.00,1.00
2015.06.04 12:52:09.760,0.997,0.99708,1.00,1.00
2015.06.04 12:52:10.085,0.99704,0.99713,1.00,1.00
2015.06.04 12:52:10.588,0.99703,0.99712,1.50,1.00
2015.06.04 12:52:11.177,0.99703,0.99713,1.50,2.25
2015.06.04 12:52:11.328,0.997,0.99712,1.00,2.62
2015.06.04 12:52:11.379,0.997,0.99707,1.00,1.00
2015.06.04 12:52:11.734,0.99696,0.99708,1.50,1.00
2015.06.04 12:52:11.886,0.99698,0.9971,1.00,1.00
2015.06.04 12:52:12.218,0.997,0.99711,1.00,1.00
2015.06.04 12:52:12.371,0.99698,0.99711,1.00,1.00
2015.06.04 12:52:12.523,0.99701,0.9971,1.00,1.00
2015.06.04 12:52:12.726,0.99698,0.99711,2.25,1.00
2015.06.04 12:52:12.777,0.99699,0.99709,1.00,1.00
2015.06.04 12:52:12.828,0.99699,0.99711,1.00,2.25
2015.06.04 12:52:12.879,0.99696,0.9971,1.00,1.00
2015.06.04 12:52:13.423,0.997,0.99711,1.00,2.62
2015.06.04 12:52:13.626,0.99696,0.99708,1.00,1.00
2015.06.04 12:52:13.728,0.99696,0.99706,1.00,1.00
2015.06.04 12:52:13.829,0.99695,0.99708,1.00,1.00
2015.06.04 12:52:14.348,0.99696,0.99707,1.00,2.25
2015.06.04 12:52:14.954,0.99695,0.99707,1.00,1.50
2015.06.04 12:52:16.306,0.99695,0.99704,1.00,1.00
2015.06.04 12:52:16.782,0.99696,0.99706,1.00,1.00
2015.06.04 12:52:17.004,0.99698,0.99706,1.00,1.00
2015.06.04 12:52:17.055,0.99699,0.99709,1.00,2.25
2015.06.04 12:52:17.773,0.99699,0.99708,1.00,1.00
2015.06.04 12:52:17.824,0.99695,0.99706,1.00,1.00
2015.06.04 12:52:19.115,0.99694,0.99706,1.00,1.50
2015.06.04 12:52:19.785,0.99695,0.99706,1.00,1.00
2015.06.04 12:52:20.303,0.99696,0.99707,1.00,2.25
2015.06.04 12:52:20.834,0.99695,0.99706,1.00,1.00
2015.06.04 12:52:21.337,0.99695,0.99707,1.00,1.00
2015.06.04 12:52:21.996,0.99694,0.99707,1.00,1.50
2015.06.04 12:52:22.721,0.99694,0.99706,1.00,1.50
2015.06.04 12:52:23.761,0.99694,0.99705,1.00,1.00
2015.06.04 12:52:24.014,0.99694,0.99703,1.00,1.00
2015.06.04 12:52:24.328,0.99695,0.99706,1.00,1.50
2015.06.04 12:52:24.379,0.99695,0.99704,1.00,1.00
2015.06.04 12:52:24.640,0.99691,0.99704,1.50,1.00
2015.06.04 12:52:24.944,0.99694,0.99704,1.00,1.50
2015.06.04 12:52:25.470,0.99692,0.99704,1.00,2.25
2015.06.04 12:52:25.988,0.99692,0.99705,1.00,1.00
2015.06.04 12:52:26.039,0.99694,0.99706,1.00,1.50
2015.06.04 12:52:26.546,0.99695,0.99706,1.00,1.00
2015.06.04 12:52:26.810,0.99693,0.99706,1.00,1.50
2015.06.04 12:52:26.963,0.99696,0.99706,1.00,1.12
2015.06.04 12:52:27.368,0.99694,0.99706,1.50,1.00
2015.06.04 12:52:27.941,0.99696,0.99706,1.00,1.00
2015.06.04 12:52:28.295,0.99695,0.99708,1.00,3.75
2015.06.04 12:52:28.951,0.99696,0.99707,1.00,1.00
2015.06.04 12:52:29.571,0.99695,0.99708,1.00,1.50
2015.06.04 12:52:30.274,0.99695,0.99707,1.00,1.00
2015.06.04 12:52:30.823,0.99694,0.99707,1.00,1.50
2015.06.04 12:52:31.005,0.99698,0.99707,1.50,1.00
2015.06.04 12:52:31.208,0.99702,0.99713,1.00,1.00
2015.06.04 12:52:31.418,0.99702,0.99715,1.50,1.50
2015.06.04 12:52:33.437,0.99703,0.99716,1.00,1.50
2015.06.04 12:52:33.953,0.99704,0.99715,1.00,1.00
2015.06.04 12:52:34.361,0.99704,0.99713,1.00,1.00
2015.06.04 12:52:34.895,0.99703,0.99716,1.50,1.87
2015.06.04 12:52:35.403,0.99704,0.99716,1.00,1.12
2015.06.04 12:52:35.455,0.99704,0.99712,1.00,1.00
2015.06.04 12:52:35.961,0.99704,0.99713,1.00,1.00
2015.06.04 12:52:36.671,0.99704,0.99715,1.00,1.00
2015.06.04 12:52:37.084,0.99704,0.99713,1.00,1.00
2015.06.04 12:52:37.500,0.99702,0.99713,1.00,1.00
2015.06.04 12:52:38.550,0.99703,0.99713,1.00,1.00
2015.06.04 12:52:39.096,0.99702,0.99713,1.00,1.00
2015.06.04 12:52:39.198,0.99702,0.99715,1.00,1.50
2015.06.04 12:52:39.633,0.99705,0.99716,1.00,1.00
2015.06.04 12:52:41.900,0.99706,0.99716,1.00,1.00
2015.06.04 12:52:42.645,0.99704,0.99715,1.00,1.00
2015.06.04 12:52:43.191,0.99705,0.99716,1.00,1.00
2015.06.04 12:52:43.704,0.99706,0.99718,1.00,2.62
2015.06.04 12:52:44.205,0.99705,0.99717,1.00,1.00
2015.06.04 12:52:44.657,0.99707,0.99717,1.00,1.00
2015.06.04 12:52:45.431,0.99705,0.99717,1.00,1.12
2015.06.04 12:52:46.352,0.99705,0.99716,1.00,1.00
2015.06.04 12:52:46.967,0.99704,0.99716,1.00,1.00
2015.06.04 12:52:47.496,0.99703,0.99714,1.00,1.00
2015.06.04 12:52:48.072,0.99704,0.99715,1.00,1.00
2015.06.04 12:52:49.262,0.99703,0.99715,1.00,1.00
2015.06.04 12:52:49.808,0.99704,0.99715,1.00,1.00
2015.06.04 12:52:50.309,0.99704,0.99717,1.00,1.37
2015.06.04 12:52:50.648,0.99706,0.99716,1.00,1.12
2015.06.04 12:52:51.166,0.99707,0.99715,1.00,1.00
2015.06.04 12:52:51.833,0.99707,0.99717,1.00,1.37
2015.06.04 12:52:52.376,0.99707,0.99717,1.00,1.12
2015.06.04 12:52:52.921,0.99707,0.99716,1.00,1.12
2015.06.04 12:52:53.649,0.99706,0.99717,1.00,1.37
2015.06.04 12:52:54.159,0.99706,0.99717,1.00,1.12
2015.06.04 12:52:54.758,0.99705,0.99717,1.00,1.12
2015.06.04 12:52:55.294,0.99706,0.99718,1.00,4.12
2015.06.04 12:52:56.153,0.99706,0.99716,1.00,1.50
2015.06.04 12:52:56.677,0.99705,0.99716,1.00,1.00
2015.06.04 12:52:57.185,0.99706,0.99716,1.00,1.00
2015.06.04 12:52:57.827,0.99702,0.99713,1.00,1.00
2015.06.04 12:52:57.879,0.99702,0.99715,1.00,1.00
2015.06.04 12:52:57.981,0.99705,0.99716,1.00,1.50
2015.06.04 12:52:58.487,0.99706,0.99716,1.00,1.00
2015.06.04 12:52:58.793,0.99708,0.99718,1.00,1.00
2015.06.04 12:52:59.494,0.99708,0.99717,1.00,1.00
2015.06.04 12:52:59.596,0.99706,0.99717,1.00,1.50
2015.06.04 12:53:00.582,0.99707,0.99717,1.00,1.00
2015.06.04 12:53:00.683,0.99709,0.99717,1.00,1.00
2015.06.04 12:53:01.149,0.99711,0.99717,1.00,1.00
2015.06.04 12:53:01.657,0.99712,0.99718,1.00,1.00
2015.06.04 12:53:02.112,0.9971,0.99718,1.00,1.00
2015.06.04 12:53:02.264,0.99706,0.99718,1.50,2.25
2015.06.04 12:53:02.838,0.99706,0.99717,1.00,1.00
2015.06.04 12:53:03.359,0.99707,0.99717,1.00,1.00
2015.06.04 12:53:03.873,0.99706,0.99717,1.00,1.00
2015.06.04 12:53:04.395,0.99707,0.99717,1.00,1.50
2015.06.04 12:53:04.865,0.99705,0.99716,1.00,1.00
2015.06.04 12:53:05.727,0.99705,0.99715,1.00,1.00
2015.06.04 12:53:06.248,0.99704,0.99716,1.00,1.12
2015.06.04 12:53:06.755,0.99703,0.99715,1.00,1.00
2015.06.04 12:53:07.327,0.99704,0.99715,1.00,1.00
2015.06.04 12:53:07.987,0.99706,0.99717,1.00,1.47
2015.06.04 12:53:08.424,0.99707,0.99715,1.00,1.50
2015.06.04 12:53:08.483,0.99699,0.99709,1.50,1.00
2015.06.04 12:53:08.585,0.99697,0.99709,1.00,1.00
2015.06.04 12:53:08.787,0.99698,0.99705,1.00,1.00
2015.06.04 12:53:09.326,0.99698,0.99709,1.00,1.00
2015.06.04 12:53:09.832,0.99699,0.99709,1.00,1.00
2015.06.04 12:53:09.984,0.99698,0.99707,1.00,1.00
2015.06.04 12:53:10.327,0.99698,0.99705,1.00,1.00
2015.06.04 12:53:11.249,0.99697,0.99705,1.00,1.00
2015.06.04 12:53:11.300,0.99697,0.99708,1.00,1.00
2015.06.04 12:53:11.877,0.99696,0.99707,1.00,1.50
2015.06.04 12:53:12.451,0.99695,0.99707,1.00,1.50
2015.06.04 12:53:13.336,0.99695,0.99705,1.00,1.00
2015.06.04 12:53:14.108,0.99697,0.99707,1.00,1.00
2015.06.04 12:53:14.632,0.99697,0.99708,1.00,1.00
2015.06.04 12:53:16.024,0.99697,0.99704,1.00,1.00
2015.06.04 12:53:16.075,0.99689,0.99703,1.80,1.00
2015.06.04 12:53:16.126,0.9969,0.99704,2.17,1.50
2015.06.04 12:53:16.227,0.99693,0.99706,1.67,1.00
2015.06.04 12:53:16.531,0.99694,0.99705,1.67,1.00
2015.06.04 12:53:16.916,0.99697,0.99707,1.00,1.00
2015.06.04 12:53:17.293,0.99696,0.99702,1.00,1.00
2015.06.04 12:53:17.446,0.99692,0.99703,1.00,1.87
2015.06.04 12:53:17.547,0.9969,0.99702,1.00,1.00
2015.06.04 12:53:17.649,0.99692,0.99702,1.00,1.50
2015.06.04 12:53:17.801,0.99694,0.99705,1.00,1.50
2015.06.04 12:53:17.852,0.99696,0.99705,1.00,1.00
2015.06.04 12:53:18.206,0.99695,0.99707,1.00,1.50
2015.06.04 12:53:18.830,0.99696,0.99707,1.00,1.50
2015.06.04 12:53:19.498,0.99697,0.99707,1.00,1.00
2015.06.04 12:53:20.135,0.99696,0.99707,1.00,1.50
2015.06.04 12:53:20.236,0.99696,0.99705,1.00,1.00
2015.06.04 12:53:20.781,0.99696,0.99707,1.00,1.00
2015.06.04 12:53:22.028,0.99695,0.99707,1.50,1.00
2015.06.04 12:53:22.460,0.99697,0.99707,1.00,1.00
2015.06.04 12:53:23.037,0.99696,0.99707,1.00,1.00
2015.06.04 12:53:23.494,0.99693,0.99706,1.00,1.00
2015.06.04 12:53:24.049,0.99693,0.99705,1.00,1.00
2015.06.04 12:53:24.558,0.99692,0.99705,1.50,1.50
2015.06.04 12:53:24.680,0.99692,0.99703,1.50,1.00
2015.06.04 12:53:24.882,0.99692,0.99705,2.25,1.00
2015.06.04 12:53:25.034,0.99694,0.99706,1.00,1.50
2015.06.04 12:53:25.300,0.99692,0.99705,1.50,1.50
2015.06.04 12:53:25.464,0.99692,0.99703,1.50,1.00
2015.06.04 12:53:26.856,0.99691,0.99703,1.50,1.00
2015.06.04 12:53:29.092,0.99692,0.99703,1.00,1.00
2015.06.04 12:53:29.621,0.99693,0.99705,1.00,1.50
2015.06.04 12:53:29.874,0.99694,0.99703,1.00,1.00
2015.06.04 12:53:29.925,0.99691,0.99703,1.87,1.00
2015.06.04 12:53:30.278,0.99692,0.99705,1.50,1.87
2015.06.04 12:53:30.662,0.99691,0.99703,1.00,1.00
2015.06.04 12:53:32.581,0.99692,0.99703,1.00,1.00
2015.06.04 12:53:33.085,0.99692,0.99704,1.00,1.00
2015.06.04 12:53:33.671,0.99691,0.99705,1.00,1.50
2015.06.04 12:53:34.214,0.99691,0.99704,1.00,2.25
2015.06.04 12:53:34.725,0.9969,0.99704,1.87,2.25
2015.06.04 12:53:35.065,0.99691,0.99702,1.00,1.00
2015.06.04 12:53:35.570,0.9969,0.99702,1.50,1.00
2015.06.04 12:53:36.227,0.99691,0.99702,1.00,1.00
2015.06.04 12:53:36.754,0.9969,0.99702,1.00,1.00
2015.06.04 12:53:37.302,0.99689,0.99701,1.00,1.50
2015.06.04 12:53:37.916,0.99689,0.997,1.00,1.00
2015.06.04 12:53:38.984,0.99688,0.997,1.00,1.00
2015.06.04 12:53:39.322,0.99688,0.99696,1.00,1.50
2015.06.04 12:53:39.474,0.99686,0.99697,1.00,1.00
2015.06.04 12:53:39.627,0.99687,0.997,1.00,1.00
2015.06.04 12:53:39.678,0.99689,0.997,1.00,1.00
2015.06.04 12:53:40.188,0.99689,0.99701,1.50,1.00
2015.06.04 12:53:40.737,0.99691,0.99702,1.00,3.00
2015.06.04 12:53:41.192,0.99694,0.99702,1.00,1.00
2015.06.04 12:53:41.344,0.99694,0.99704,1.00,1.00
2015.06.04 12:53:41.395,0.99691,0.99704,1.50,1.00
2015.06.04 12:53:41.903,0.99692,0.99703,1.37,1.00
2015.06.04 12:53:42.156,0.99689,0.99702,2.62,1.00
2015.06.04 12:53:42.358,0.99692,0.99703,1.00,1.00
2015.06.04 12:53:42.510,0.99689,0.99703,1.50,1.00
2015.06.04 12:53:43.026,0.99689,0.99701,1.00,1.00
2015.06.04 12:53:43.278,0.9969,0.99703,1.50,1.00
2015.06.04 12:53:44.008,0.99689,0.99703,2.25,1.00
2015.06.04 12:53:44.514,0.9969,0.99702,1.00,1.00
2015.06.04 12:53:44.817,0.99688,0.99703,2.25,2.25
2015.06.04 12:53:45.593,0.99689,0.99701,1.00,1.00
2015.06.04 12:53:45.796,0.99689,0.99703,1.00,2.25
2015.06.04 12:53:46.382,0.9969,0.99704,1.50,1.00
2015.06.04 12:53:46.685,0.99689,0.99702,1.00,1.00
2015.06.04 12:53:47.201,0.9969,0.99702,1.50,1.00
2015.06.04 12:53:47.529,0.99693,0.99705,1.00,1.00
2015.06.04 12:53:47.630,0.99691,0.99705,1.50,1.00
2015.06.04 12:53:47.782,0.99695,0.99705,1.00,1.00
2015.06.04 12:53:48.086,0.997,0.9971,1.00,3.00
2015.06.04 12:53:48.339,0.99698,0.99712,1.87,1.00
2015.06.04 12:53:48.789,0.99697,0.99709,1.00,1.00
2015.06.04 12:53:49.194,0.99699,0.99711,1.00,1.50
2015.06.04 12:53:49.346,0.997,0.99713,1.00,1.00
2015.06.04 12:53:49.448,0.997,0.99711,1.00,1.00
2015.06.04 12:53:49.803,0.99699,0.99713,1.50,1.00
2015.06.04 12:53:50.084,0.99699,0.99711,1.00,1.00
2015.06.04 12:53:50.540,0.99702,0.99713,1.00,1.00
2015.06.04 12:53:50.999,0.99704,0.99715,1.00,1.00
2015.06.04 12:53:51.507,0.99702,0.99716,1.00,1.50
2015.06.04 12:53:51.659,0.99701,0.99714,1.00,1.00
2015.06.04 12:53:52.192,0.99702,0.99714,1.00,1.00
2015.06.04 12:53:52.496,0.99704,0.99714,1.00,1.00
2015.06.04 12:53:53.004,0.99703,0.99713,1.00,1.00
2015.06.04 12:53:53.402,0.99701,0.99713,1.00,1.50
2015.06.04 12:53:53.909,0.99702,0.99712,1.00,1.00
2015.06.04 12:53:54.432,0.99701,0.99712,1.00,1.00
2015.06.04 12:53:54.942,0.997,0.99713,1.50,1.50
2015.06.04 12:53:55.397,0.99703,0.99713,1.00,1.50
2015.06.04 12:53:55.907,0.99701,0.99713,1.00,1.50
2015.06.04 12:53:56.412,0.99702,0.99712,1.00,1.00
2015.06.04 12:53:57.272,0.99702,0.99713,1.00,1.00
2015.06.04 12:53:57.593,0.99699,0.99708,1.50,1.00
2015.06.04 12:53:57.779,0.99697,0.9971,1.00,1.00
2015.06.04 12:53:57.881,0.99699,0.9971,1.00,1.00
2015.06.04 12:53:58.033,0.997,0.99713,1.00,2.32
2015.06.04 12:53:58.539,0.99701,0.99713,1.50,2.62
2015.06.04 12:53:58.692,0.99697,0.99708,1.50,1.00
2015.06.04 12:53:59.223,0.99697,0.9971,1.00,1.12
2015.06.04 12:53:59.729,0.99696,0.99709,1.00,1.00
2015.06.04 12:53:59.831,0.99696,0.99707,1.00,1.00
2015.06.04 12:54:00.220,0.99698,0.99707,1.00,1.00
2015.06.04 12:54:00.677,0.99697,0.99709,1.50,1.00
2015.06.04 12:54:00.778,0.99698,0.99711,1.00,1.50
2015.06.04 12:54:01.449,0.99697,0.99711,3.00,1.00
2015.06.04 12:54:02.080,0.99698,0.9971,1.00,1.00
2015.06.04 12:54:02.181,0.99696,0.99711,2.25,1.87
2015.06.04 12:54:02.282,0.99696,0.9971,2.25,1.37
2015.06.04 12:54:02.707,0.99698,0.9971,1.12,1.00
2015.06.04 12:54:03.015,0.99701,0.99712,1.00,1.00
2015.06.04 12:54:03.419,0.99699,0.99712,1.50,1.00
2015.06.04 12:54:03.521,0.99699,0.9971,1.50,1.00
2015.06.04 12:54:03.572,0.99697,0.9971,2.25,1.50
2015.06.04 12:54:03.674,0.99696,0.99708,1.50,1.00
2015.06.04 12:54:04.089,0.99694,0.99708,3.75,1.50
2015.06.04 12:54:04.595,0.99694,0.99707,2.62,1.00
2015.06.04 12:54:04.646,0.99696,0.99707,1.00,1.50
2015.06.04 12:54:04.697,0.99694,0.99707,2.62,1.50
2015.06.04 12:54:04.849,0.99696,0.99707,1.00,1.00
2015.06.04 12:54:05.223,0.99699,0.99708,1.00,1.00
2015.06.04 12:54:05.274,0.99698,0.99711,1.50,1.00
2015.06.04 12:54:05.780,0.99696,0.9971,2.25,1.00
2015.06.04 12:54:05.983,0.99695,0.99707,1.50,1.00
2015.06.04 12:54:06.659,0.99695,0.99708,1.50,2.25
2015.06.04 12:54:07.165,0.99694,0.99706,1.50,1.00
2015.06.04 12:54:07.634,0.99693,0.99704,1.50,1.00
2015.06.04 12:54:08.161,0.99693,0.99705,1.50,1.00
2015.06.04 12:54:08.263,0.99694,0.99707,1.00,1.50
2015.06.04 12:54:08.364,0.99698,0.99708,1.00,1.50
2015.06.04 12:54:08.827,0.99698,0.9971,2.25,1.00
2015.06.04 12:54:09.184,0.99698,0.99707,1.50,1.00
2015.06.04 12:54:09.286,0.99696,0.99707,1.00,1.00
2015.06.04 12:54:09.438,0.99694,0.99705,1.00,1.00
2015.06.04 12:54:09.978,0.99695,0.99706,1.00,1.00
2015.06.04 12:54:11.195,0.99696,0.99706,1.00,1.00
2015.06.04 12:54:11.741,0.99695,0.99707,1.50,1.10
2015.06.04 12:54:12.044,0.99693,0.99703,1.00,1.00
2015.06.04 12:54:12.633,0.99692,0.99703,1.00,1.00
2015.06.04 12:54:12.936,0.9969,0.99702,1.50,1.00
2015.06.04 12:54:12.987,0.9969,0.997,1.00,1.00
2015.06.04 12:54:13.240,0.99687,0.99698,1.00,1.00
2015.06.04 12:54:13.745,0.99686,0.99698,1.00,1.00
2015.06.04 12:54:16.073,0.99685,0.99698,1.87,1.00
2015.06.04 12:54:16.175,0.99685,0.99696,1.12,1.00
2015.06.04 12:54:16.647,0.99686,0.99698,1.00,1.00
2015.06.04 12:54:17.234,0.99684,0.99697,2.62,1.00
2015.06.04 12:54:18.054,0.99687,0.99697,1.00,1.00
2015.06.04 12:54:18.156,0.9969,0.99702,1.50,1.10
2015.06.04 12:54:18.359,0.99692,0.99705,1.00,1.00
2015.06.04 12:54:18.461,0.99694,0.99706,1.00,1.50
2015.06.04 12:54:18.765,0.99691,0.99701,1.50,1.00
2015.06.04 12:54:18.967,0.99689,0.99701,1.50,1.00
2015.06.04 12:54:19.018,0.99689,0.99699,1.50,1.00
2015.06.04 12:54:19.271,0.99686,0.99699,1.50,1.50
2015.06.04 12:54:19.809,0.99685,0.99698,1.50,1.00
2015.06.04 12:54:20.011,0.99685,0.99696,1.50,1.00
2015.06.04 12:54:20.214,0.99679,0.99691,1.50,1.00
2015.06.04 12:54:20.467,0.99679,0.99689,1.50,1.00
2015.06.04 12:54:20.998,0.9968,0.99689,1.00,1.00
2015.06.04 12:54:21.520,0.9968,0.9969,1.00,1.00
2015.06.04 12:54:22.173,0.9968,0.99689,1.00,1.00
2015.06.04 12:54:22.224,0.99676,0.99688,1.00,1.00
2015.06.04 12:54:22.528,0.99679,0.99689,1.00,1.00
2015.06.04 12:54:22.680,0.99676,0.99687,1.00,1.00
2015.06.04 12:54:23.393,0.99677,0.99689,1.50,1.00
2015.06.04 12:54:23.646,0.9968,0.99693,1.00,3.37
2015.06.04 12:54:23.950,0.99684,0.99695,1.00,1.12
2015.06.04 12:54:24.051,0.99684,0.99697,1.50,2.32
2015.06.04 12:54:25.207,0.99684,0.99696,1.00,1.00
2015.06.04 12:54:25.359,0.99686,0.99697,1.00,1.00
2015.06.04 12:54:25.877,0.99686,0.99698,1.50,1.00
2015.06.04 12:54:26.448,0.99687,0.99698,1.00,1.00
2015.06.04 12:54:28.495,0.99687,0.99699,1.00,1.00
2015.06.04 12:54:29.016,0.99686,0.99699,1.50,1.00
2015.06.04 12:54:30.310,0.99686,0.99698,1.50,1.00
2015.06.04 12:54:30.855,0.99686,0.99699,1.50,1.00
2015.06.04 12:54:31.159,0.99687,0.99697,1.00,1.00
2015.06.04 12:54:32.008,0.99687,0.997,1.50,1.00
2015.06.04 12:54:32.640,0.99689,0.997,1.00,1.00
2015.06.04 12:54:33.322,0.99689,0.99701,1.00,1.00
2015.06.04 12:54:33.980,0.99689,0.99702,1.50,1.00
2015.06.04 12:54:34.503,0.99689,0.99703,1.50,1.50
2015.06.04 12:54:35.022,0.9969,0.99702,1.00,1.00
2015.06.04 12:54:35.938,0.9969,0.99703,1.00,1.00
2015.06.04 12:54:36.242,0.99688,0.997,1.00,1.00
2015.06.04 12:54:36.344,0.99686,0.997,1.12,1.50
2015.06.04 12:54:36.596,0.99685,0.99698,1.00,1.00
2015.06.04 12:54:36.984,0.99683,0.99696,1.87,1.00
2015.06.04 12:54:37.138,0.9968,0.99694,2.25,2.25
2015.06.04 12:54:37.290,0.99683,0.99694,1.00,1.50
2015.06.04 12:54:37.341,0.99683,0.99697,1.00,1.00
2015.06.04 12:54:37.392,0.99685,0.99698,1.00,2.32
2015.06.04 12:54:37.746,0.99686,0.99696,1.00,1.00
2015.06.04 12:54:37.847,0.99687,0.99698,1.00,1.00
2015.06.04 12:54:38.385,0.99687,0.99699,1.00,1.00
2015.06.04 12:54:38.891,0.99687,0.99698,1.00,1.00
2015.06.04 12:54:39.588,0.99687,0.99699,1.00,1.00
2015.06.04 12:54:40.444,0.99688,0.99699,1.00,1.00
2015.06.04 12:54:40.980,0.99686,0.99698,1.00,1.00
2015.06.04 12:54:41.032,0.99684,0.99697,1.00,1.00
2015.06.04 12:54:41.560,0.99685,0.99698,1.50,1.50
2015.06.04 12:54:43.002,0.99686,0.99698,1.00,1.00
2015.06.04 12:54:43.696,0.99687,0.997,1.00,1.50
2015.06.04 12:54:44.298,0.99688,0.997,1.00,1.00
2015.06.04 12:54:45.546,0.99689,0.997,1.00,1.00
2015.06.04 12:54:46.078,0.99688,0.997,1.00,1.00
2015.06.04 12:54:46.363,0.99689,0.99702,1.00,1.00
2015.06.04 12:54:47.260,0.9969,0.99702,1.00,1.00
2015.06.04 12:54:50.172,0.99689,0.99702,1.50,1.50
2015.06.04 12:54:50.374,0.99691,0.99702,1.00,1.50
2015.06.04 12:54:50.875,0.99692,0.99701,1.00,1.00
2015.06.04 12:54:50.926,0.99692,0.99703,1.00,1.00
2015.06.04 12:54:51.280,0.9969,0.99703,1.00,1.00
2015.06.04 12:54:51.798,0.9969,0.99704,1.50,1.50
2015.06.04 12:54:54.328,0.9969,0.99703,1.00,1.00
2015.06.04 12:54:54.837,0.9969,0.99704,1.00,1.50
2015.06.04 12:54:55.373,0.99691,0.99703,1.00,1.00
2015.06.04 12:54:56.092,0.99691,0.99702,1.00,1.00
2015.06.04 12:54:56.595,0.99691,0.99703,1.50,1.00
2015.06.04 12:54:57.199,0.99691,0.99704,1.00,2.62
2015.06.04 12:54:57.249,0.99689,0.99701,1.00,1.00
2015.06.04 12:54:57.401,0.9969,0.99704,1.00,2.62
2015.06.04 12:54:57.856,0.9969,0.99702,1.50,1.00
2015.06.04 12:54:58.155,0.9969,0.99704,1.00,2.62
2015.06.04 12:54:58.469,0.99689,0.99699,1.00,1.00
2015.06.04 12:54:58.571,0.99688,0.99702,1.50,2.62
2015.06.04 12:54:58.622,0.99687,0.99699,1.00,1.00
2015.06.04 12:54:58.925,0.99689,0.997,1.00,1.00
2015.06.04 12:54:59.433,0.99689,0.99701,1.00,1.00
2015.06.04 12:54:59.745,0.99689,0.99703,1.50,1.00
2015.06.04 12:55:00.259,0.99689,0.99704,1.50,2.62
2015.06.04 12:55:00.912,0.99689,0.99703,1.00,1.00
2015.06.04 12:55:01.490,0.99689,0.99704,1.00,2.25
2015.06.04 12:55:02.054,0.99689,0.99702,1.00,1.00
2015.06.04 12:55:02.564,0.99689,0.99703,1.00,2.25
2015.06.04 12:55:03.020,0.99689,0.997,1.00,1.00
2015.06.04 12:55:03.555,0.9969,0.997,1.00,1.00
2015.06.04 12:55:03.606,0.99688,0.997,1.00,1.00
2015.06.04 12:55:03.707,0.99686,0.99699,1.00,1.00
2015.06.04 12:55:04.214,0.99687,0.997,1.00,1.00
2015.06.04 12:55:04.366,0.99686,0.99698,1.00,1.00
2015.06.04 12:55:04.752,0.99687,0.997,1.00,1.00
2015.06.04 12:55:05.275,0.99688,0.99701,1.00,1.50
2015.06.04 12:55:06.329,0.9969,0.997,1.00,1.00
2015.06.04 12:55:08.085,0.99688,0.99699,1.00,1.00
2015.06.04 12:55:08.834,0.99686,0.99699,2.25,1.00
2015.06.04 12:55:09.412,0.99686,0.99698,1.50,1.00
2015.06.04 12:55:09.919,0.99687,0.99698,1.00,1.00
2015.06.04 12:55:10.357,0.99685,0.99697,1.00,1.00
2015.06.04 12:55:10.867,0.99684,0.99696,1.00,1.00
2015.06.04 12:55:11.329,0.99686,0.99696,1.00,1.00
2015.06.04 12:55:11.380,0.99687,0.99699,1.00,1.00
2015.06.04 12:55:11.650,0.99691,0.99701,1.00,1.00
2015.06.04 12:55:11.956,0.9969,0.99703,1.00,1.50
2015.06.04 12:55:12.500,0.9969,0.99702,1.00,1.00
2015.06.04 12:55:13.067,0.9969,0.99703,1.00,1.00
2015.06.04 12:55:13.593,0.99689,0.99702,1.50,1.00
2015.06.04 12:55:14.105,0.9969,0.99702,1.00,1.50
2015.06.04 12:55:14.633,0.99689,0.99701,1.00,1.00
2015.06.04 12:55:16.877,0.99689,0.99702,1.00,1.00
2015.06.04 12:55:17.455,0.99688,0.99702,3.00,1.50
2015.06.04 12:55:17.995,0.99691,0.99703,1.00,1.50
2015.06.04 12:55:18.298,0.99695,0.99707,1.00,1.00
2015.06.04 12:55:18.802,0.99695,0.99709,2.25,2.17
2015.06.04 12:55:19.602,0.99695,0.99706,1.00,1.00
2015.06.04 12:55:19.956,0.99693,0.99706,1.00,1.50
2015.06.04 12:55:20.510,0.99695,0.99708,1.00,2.25
2015.06.04 12:55:20.815,0.99699,0.9971,1.00,1.00
2015.06.04 12:55:20.967,0.99699,0.99712,1.50,1.00
2015.06.04 12:55:21.711,0.997,0.99713,1.00,1.50
2015.06.04 12:55:22.216,0.997,0.99712,1.00,1.12
2015.06.04 12:55:22.478,0.997,0.9971,1.00,1.00
2015.06.04 12:55:22.580,0.99698,0.9971,1.00,1.00
2015.06.04 12:55:23.154,0.99698,0.99711,1.50,1.00
2015.06.04 12:55:23.659,0.99699,0.99712,2.25,1.00
2015.06.04 12:55:24.014,0.99701,0.99714,1.00,1.00
2015.06.04 12:55:24.373,0.99703,0.99713,1.00,1.00
2015.06.04 12:55:24.576,0.99703,0.99715,1.00,1.00
2015.06.04 12:55:25.983,0.99703,0.99716,1.50,2.25
2015.06.04 12:55:27.868,0.99705,0.99716,1.00,1.00
2015.06.04 12:55:28.122,0.99705,0.99718,1.00,1.00
2015.06.04 12:55:28.777,0.99706,0.99718,1.00,1.00
2015.06.04 12:55:29.757,0.99706,0.99717,1.00,1.00
2015.06.04 12:55:30.219,0.99705,0.99714,1.00,1.00
2015.06.04 12:55:30.939,0.99705,0.99716,1.00,1.00
2015.06.04 12:55:31.055,0.99705,0.99714,1.00,1.00
2015.06.04 12:55:31.756,0.99705,0.99716,1.00,1.00
2015.06.04 12:55:31.807,0.99703,0.99716,1.00,1.00
2015.06.04 12:55:32.415,0.99704,0.99717,1.00,1.00
2015.06.04 12:55:33.267,0.99704,0.99718,1.00,1.50
2015.06.04 12:55:33.620,0.99706,0.99718,1.00,1.00
2015.06.04 12:55:33.722,0.99704,0.99718,1.50,1.00
2015.06.04 12:55:34.266,0.99704,0.99715,1.00,1.00
2015.06.04 12:55:34.580,0.99704,0.99717,1.00,1.00
2015.06.04 12:55:35.173,0.99708,0.99718,1.00,2.25
2015.06.04 12:55:35.579,0.99706,0.99718,1.00,1.50
2015.06.04 12:55:36.084,0.99707,0.99719,1.00,1.50
2015.06.04 12:55:36.352,0.99706,0.99716,1.00,1.00
2015.06.04 12:55:36.722,0.99708,0.99716,1.00,1.00
2015.06.04 12:55:36.924,0.99706,0.99716,2.25,1.00
2015.06.04 12:55:37.076,0.99706,0.99719,1.50,1.00
2015.06.04 12:55:37.127,0.99708,0.99717,1.50,1.00
2015.06.04 12:55:37.499,0.99707,0.99719,2.25,1.00
2015.06.04 12:55:37.550,0.99709,0.99719,1.00,1.00
2015.06.04 12:55:37.853,0.9971,0.99722,1.00,1.00
2015.06.04 12:55:38.005,0.9971,0.99716,1.00,1.00
2015.06.04 12:55:38.056,0.9971,0.99718,1.00,1.00
2015.06.04 12:55:38.376,0.99704,0.99716,1.50,1.50
2015.06.04 12:55:38.528,0.99707,0.99716,1.00,1.50
2015.06.04 12:55:38.579,0.99707,0.99718,1.00,1.00
2015.06.04 12:55:38.680,0.99707,0.99716,1.00,1.00
2015.06.04 12:55:38.883,0.99705,0.99716,1.00,1.00
2015.06.04 12:55:39.397,0.99708,0.99716,1.00,1.00
2015.06.04 12:55:39.498,0.99706,0.99716,1.00,1.00
2015.06.04 12:55:39.650,0.99707,0.99714,1.00,1.00
2015.06.04 12:55:39.701,0.99705,0.99714,1.00,1.00
2015.06.04 12:55:40.107,0.99704,0.99716,1.00,1.00
2015.06.04 12:55:40.626,0.99705,0.99717,1.00,1.50
2015.06.04 12:55:41.186,0.99707,0.99718,1.00,1.00
2015.06.04 12:55:41.700,0.99707,0.99716,1.00,1.00
2015.06.04 12:55:41.852,0.99707,0.99719,1.00,1.00
2015.06.04 12:55:42.359,0.99706,0.99719,1.50,1.00
2015.06.04 12:55:42.613,0.99708,0.99719,1.00,1.00
2015.06.04 12:55:42.825,0.99708,0.99721,1.50,1.00
2015.06.04 12:55:43.330,0.99707,0.9972,1.50,1.50
2015.06.04 12:55:43.715,0.99707,0.99718,1.50,1.00
2015.06.04 12:55:44.152,0.99707,0.99715,1.50,1.00
2015.06.04 12:55:44.254,0.99708,0.9972,1.00,1.00
2015.06.04 12:55:44.355,0.99707,0.99718,1.00,1.00
2015.06.04 12:55:44.457,0.99707,0.9972,2.25,1.00
2015.06.04 12:55:44.760,0.99709,0.9972,1.00,1.00
2015.06.04 12:55:44.862,0.99709,0.99723,1.00,2.70
2015.06.04 12:55:45.013,0.9971,0.9972,1.00,1.00
2015.06.04 12:55:45.354,0.99715,0.99724,1.00,1.00
2015.06.04 12:55:45.607,0.99713,0.99725,1.50,1.00
2015.06.04 12:55:45.759,0.99713,0.99722,1.50,1.00
2015.06.04 12:55:45.911,0.99714,0.99725,1.00,1.00
2015.06.04 12:55:46.378,0.99714,0.99723,1.00,1.00
2015.06.04 12:55:46.697,0.99716,0.99725,1.00,1.00
2015.06.04 12:55:46.904,0.99716,0.99728,1.00,1.00
2015.06.04 12:55:46.955,0.99716,0.99725,1.00,1.00
2015.06.04 12:55:47.060,0.99714,0.99725,1.50,1.00
2015.06.04 12:55:47.111,0.99714,0.99728,1.50,1.50
2015.06.04 12:55:47.539,0.99714,0.99724,1.50,1.00
2015.06.04 12:55:47.590,0.99714,0.99728,1.50,1.50
2015.06.04 12:55:48.332,0.99715,0.99728,1.00,1.00
2015.06.04 12:55:48.383,0.99715,0.99723,1.00,1.00
2015.06.04 12:55:48.688,0.99708,0.99721,1.00,1.50
2015.06.04 12:55:48.791,0.99707,0.99719,2.25,1.00
2015.06.04 12:55:49.420,0.99707,0.99721,1.50,2.25
2015.06.04 12:55:49.834,0.99707,0.99719,1.00,1.00
2015.06.04 12:55:50.139,0.99712,0.99723,1.50,1.87
2015.06.04 12:55:50.645,0.99711,0.99722,1.00,1.00
2015.06.04 12:55:51.060,0.99709,0.9972,1.00,1.00
2015.06.04 12:55:51.438,0.99708,0.99722,1.00,1.00
2015.06.04 12:55:51.939,0.99708,0.99721,1.00,1.00
2015.06.04 12:55:52.197,0.99711,0.99723,1.00,1.50
2015.06.04 12:55:52.748,0.9971,0.99722,1.00,1.00
2015.06.04 12:55:54.263,0.99708,0.99722,1.50,1.00
2015.06.04 12:55:54.806,0.99709,0.99722,1.00,1.50
2015.06.04 12:55:55.424,0.99709,0.99721,1.00,1.00
2015.06.04 12:55:55.820,0.99712,0.99722,1.00,1.00
2015.06.04 12:55:55.922,0.99709,0.99723,1.00,1.50
2015.06.04 12:55:56.175,0.99711,0.99725,1.50,1.50
2015.06.04 12:55:56.611,0.99713,0.99726,1.50,1.00
2015.06.04 12:55:56.764,0.99714,0.99728,1.50,1.10
2015.06.04 12:55:57.220,0.99714,0.99725,1.00,1.00
2015.06.04 12:55:57.321,0.99714,0.99727,1.00,1.00
2015.06.04 12:55:57.422,0.99714,0.99725,1.00,1.00
2015.06.04 12:55:57.524,0.99713,0.99728,1.00,2.32
2015.06.04 12:55:57.999,0.99713,0.99723,1.00,1.00
2015.06.04 12:55:58.174,0.99713,0.99728,1.00,1.57
2015.06.04 12:55:58.377,0.99713,0.99725,1.00,1.00
2015.06.04 12:55:58.685,0.99708,0.99722,1.00,1.00
2015.06.04 12:55:59.111,0.99706,0.99716,1.50,1.00
2015.06.04 12:55:59.638,0.99707,0.99717,1.00,1.00
2015.06.04 12:55:59.689,0.99707,0.9972,1.00,2.32
2015.06.04 12:55:59.740,0.99707,0.99718,1.00,1.00
2015.06.04 12:56:00.144,0.99707,0.9972,1.00,1.50
2015.06.04 12:56:00.742,0.99708,0.99721,1.00,1.00
2015.06.04 12:56:01.113,0.99708,0.99717,1.00,1.00
2015.06.04 12:56:01.316,0.99706,0.99717,1.00,1.00
2015.06.04 12:56:01.518,0.99705,0.99715,1.00,1.00
2015.06.04 12:56:01.962,0.99707,0.9972,1.00,1.00
2015.06.04 12:56:03.560,0.99708,0.9972,1.00,1.00
2015.06.04 12:56:03.990,0.99708,0.99718,1.00,1.00
2015.06.04 12:56:04.092,0.99708,0.99721,1.00,1.00
2015.06.04 12:56:04.692,0.99708,0.99718,1.00,1.00
2015.06.04 12:56:04.743,0.99708,0.99721,1.00,1.00
2015.06.04 12:56:05.294,0.99707,0.99721,1.00,1.00
2015.06.04 12:56:05.900,0.99707,0.99719,1.00,1.00
2015.06.04 12:56:06.002,0.99707,0.99721,1.00,1.50
2015.06.04 12:56:06.535,0.99709,0.99721,1.00,1.00
2015.06.04 12:56:06.586,0.99711,0.99724,1.50,1.50
2015.06.04 12:56:06.738,0.99713,0.99726,1.50,1.00
2015.06.04 12:56:07.041,0.99716,0.99728,1.00,1.00
2015.06.04 12:56:07.579,0.99716,0.99729,1.00,1.50
2015.06.04 12:56:07.883,0.99715,0.99727,1.00,1.00
2015.06.04 12:56:08.322,0.99715,0.99725,1.00,1.00
2015.06.04 12:56:08.677,0.99713,0.99726,1.00,1.00
2015.06.04 12:56:08.830,0.9971,0.99722,1.00,1.00
2015.06.04 12:56:09.133,0.99709,0.9972,1.50,1.00
2015.06.04 12:56:09.669,0.99709,0.99721,1.00,1.00
2015.06.04 12:56:10.306,0.99708,0.99722,1.00,1.00
2015.06.04 12:56:10.803,0.99708,0.9972,1.00,1.00
2015.06.04 12:56:11.115,0.99709,0.99722,1.00,1.50
2015.06.04 12:56:11.624,0.99708,0.99722,1.00,2.25
2015.06.04 12:56:11.770,0.99707,0.99719,1.00,1.00
2015.06.04 12:56:12.233,0.99707,0.99717,1.00,1.00
2015.06.04 12:56:12.387,0.99705,0.99718,1.00,1.00
2015.06.04 12:56:12.929,0.99704,0.99717,1.50,1.00
2015.06.04 12:56:13.236,0.99705,0.99719,1.00,1.50
2015.06.04 12:56:13.715,0.99702,0.99712,1.00,1.00
2015.06.04 12:56:13.767,0.997,0.99712,1.00,1.00
2015.06.04 12:56:14.284,0.997,0.99711,1.00,1.00
2015.06.04 12:56:15.961,0.997,0.99712,1.00,3.00
2015.06.04 12:56:16.214,0.99697,0.99711,1.00,1.00
2015.06.04 12:56:16.784,0.99699,0.99712,1.00,1.50
2015.06.04 12:56:17.087,0.99701,0.99714,1.00,1.87
2015.06.04 12:56:17.696,0.997,0.99713,1.00,1.00
2015.06.04 12:56:20.673,0.99699,0.99713,1.50,2.25
2015.06.04 12:56:21.178,0.99699,0.99712,1.50,1.50
2015.06.04 12:56:21.682,0.99704,0.99712,1.00,1.50
2015.06.04 12:56:21.784,0.99705,0.99718,1.00,1.87
2015.06.04 12:56:22.088,0.99707,0.99718,1.00,1.00
2015.06.04 12:56:22.393,0.99709,0.99718,1.00,1.00
2015.06.04 12:56:22.647,0.99712,0.99724,1.00,1.00
2015.06.04 12:56:22.749,0.99714,0.99724,1.00,1.00
2015.06.04 12:56:23.281,0.99715,0.99724,1.00,1.00
2015.06.04 12:56:23.596,0.99715,0.99727,1.00,1.00
2015.06.04 12:56:24.128,0.99715,0.99728,1.00,1.00
2015.06.04 12:56:25.391,0.99716,0.99727,1.00,1.00
2015.06.04 12:56:25.664,0.99716,0.99729,1.00,2.62
2015.06.04 12:56:26.261,0.99716,0.99729,1.00,1.87
2015.06.04 12:56:26.770,0.99717,0.99729,1.00,1.12
2015.06.04 12:56:27.285,0.99717,0.99728,1.00,1.12
2015.06.04 12:56:28.511,0.99718,0.99729,1.00,1.00
2015.06.04 12:56:28.713,0.9972,0.9973,1.00,1.00
2015.06.04 12:56:28.814,0.99718,0.9973,1.00,1.00
2015.06.04 12:56:29.118,0.99719,0.99732,1.00,2.62
2015.06.04 12:56:29.170,0.99717,0.9973,1.12,1.50
2015.06.04 12:56:29.695,0.99718,0.99729,1.00,1.00
2015.06.04 12:56:29.948,0.99716,0.99729,3.00,1.00
2015.06.04 12:56:30.352,0.99718,0.9973,1.00,1.50
2015.06.04 12:56:30.454,0.99716,0.99729,1.00,1.00
2015.06.04 12:56:30.980,0.99715,0.99728,1.00,1.00
2015.06.04 12:56:31.685,0.99717,0.99728,1.00,1.12
2015.06.04 12:56:31.958,0.99715,0.99727,1.00,1.00
2015.06.04 12:56:32.473,0.99714,0.99726,1.00,1.12
2015.06.04 12:56:32.847,0.99715,0.99724,1.00,1.00
2015.06.04 12:56:33.066,0.99708,0.99718,1.00,1.00
2015.06.04 12:56:33.117,0.99706,0.99718,1.00,1.00
2015.06.04 12:56:33.219,0.99708,0.99718,1.00,1.00
2015.06.04 12:56:33.320,0.99706,0.99718,1.00,1.00
2015.06.04 12:56:33.988,0.99706,0.99717,1.00,1.00
2015.06.04 12:56:34.878,0.99706,0.99718,1.00,1.00
2015.06.04 12:56:35.473,0.99708,0.9972,1.00,1.00
2015.06.04 12:56:36.027,0.99707,0.9972,1.50,1.00
2015.06.04 12:56:36.381,0.99709,0.99721,1.00,1.00
2015.06.04 12:56:36.825,0.99708,0.99719,1.50,1.00
2015.06.04 12:56:37.401,0.99708,0.99721,1.50,1.00
2015.06.04 12:56:37.607,0.99708,0.99718,1.00,1.00
2015.06.04 12:56:37.658,0.99708,0.99721,1.00,1.00
2015.06.04 12:56:38.072,0.99707,0.99719,1.00,1.00
2015.06.04 12:56:38.326,0.99705,0.9972,2.25,1.87
2015.06.04 12:56:38.581,0.99707,0.99719,1.00,1.00
2015.06.04 12:56:38.733,0.99707,0.99721,1.50,1.50
2015.06.04 12:56:38.985,0.99709,0.99721,1.00,1.00
2015.06.04 12:56:39.510,0.99708,0.99721,1.50,1.00
2015.06.04 12:56:40.154,0.99708,0.9972,1.00,1.00
2015.06.04 12:56:41.156,0.99707,0.99719,1.50,1.00
2015.06.04 12:56:41.207,0.99707,0.99721,2.25,1.12
2015.06.04 12:56:41.309,0.99706,0.99718,1.50,1.00
2015.06.04 12:56:42.863,0.99708,0.99721,1.00,1.87
2015.06.04 12:56:43.433,0.99707,0.9972,1.00,1.12
2015.06.04 12:56:43.889,0.99709,0.99722,1.00,1.95
2015.06.04 12:56:46.949,0.99709,0.99721,1.00,1.00
2015.06.04 12:56:47.469,0.99708,0.99721,1.00,1.12
2015.06.04 12:56:48.075,0.99709,0.99721,1.00,1.12
2015.06.04 12:56:48.177,0.99707,0.99721,2.25,1.87
2015.06.04 12:56:48.689,0.99717,0.99725,1.00,1.10
2015.06.04 12:56:48.893,0.99722,0.99732,1.00,1.00
2015.06.04 12:56:48.944,0.9972,0.99732,1.50,1.00
2015.06.04 12:56:49.401,0.99718,0.99731,1.50,1.00
2015.06.04 12:56:49.812,0.99719,0.99733,1.50,1.00
2015.06.04 12:56:50.359,0.99718,0.99733,1.50,1.00
2015.06.04 12:56:50.967,0.99719,0.99733,1.00,1.50
2015.06.04 12:56:51.487,0.99719,0.99734,1.50,1.50
2015.06.04 12:56:51.791,0.99721,0.99734,1.00,1.50
2015.06.04 12:56:53.340,0.99721,0.99735,1.00,1.00
2015.06.04 12:56:53.948,0.99724,0.99735,1.00,1.00
2015.06.04 12:56:54.253,0.99728,0.9974,1.50,1.10
2015.06.04 12:56:54.355,0.99728,0.99738,1.50,1.00
2015.06.04 12:56:54.457,0.99731,0.99743,1.00,1.50
2015.06.04 12:56:54.710,0.99731,0.99745,1.00,1.10
2015.06.04 12:56:55.258,0.9973,0.99744,1.50,1.00
2015.06.04 12:56:56.090,0.99732,0.99745,1.00,1.87
2015.06.04 12:56:56.192,0.99731,0.99746,1.00,1.87
2015.06.04 12:56:56.445,0.99731,0.99744,1.50,1.00
2015.06.04 12:56:56.950,0.99731,0.99745,1.50,1.00
2015.06.04 12:56:57.643,0.99732,0.99745,1.00,1.00
2015.06.04 12:56:58.161,0.99733,0.99746,1.50,1.50
2015.06.04 12:57:00.208,0.99734,0.99746,1.50,1.00
2015.06.04 12:57:00.522,0.99736,0.99747,1.50,1.00
2015.06.04 12:57:01.030,0.99735,0.99747,1.50,1.50
2015.06.04 12:57:01.384,0.99734,0.99745,1.00,1.00
2015.06.04 12:57:01.690,0.99736,0.99746,1.00,1.00
2015.06.04 12:57:02.050,0.99734,0.99746,1.00,1.50
2015.06.04 12:57:02.252,0.99735,0.99748,1.00,1.12
2015.06.04 12:57:02.404,0.99735,0.99746,1.50,1.00
2015.06.04 12:57:02.507,0.99734,0.99748,1.50,1.50
2015.06.04 12:57:03.475,0.99734,0.99746,1.50,1.00
2015.06.04 12:57:03.980,0.99734,0.99747,1.50,1.00
2015.06.04 12:57:04.370,0.99736,0.99745,1.00,1.00
2015.06.04 12:57:04.472,0.99737,0.99747,1.00,1.00
2015.06.04 12:57:04.574,0.99739,0.99751,1.00,1.12
2015.06.04 12:57:04.676,0.99739,0.99752,2.25,1.50
2015.06.04 12:57:04.832,0.9974,0.99746,1.00,1.00
2015.06.04 12:57:04.984,0.99732,0.99743,1.12,1.00
2015.06.04 12:57:05.255,0.99731,0.99742,1.00,1.00
2015.06.04 12:57:05.459,0.99729,0.99742,2.25,1.50
2015.06.04 12:57:05.863,0.99728,0.99739,1.00,1.00
2015.06.04 12:57:06.300,0.99729,0.99737,1.00,1.00
2015.06.04 12:57:06.351,0.99729,0.99741,1.00,1.00
2015.06.04 12:57:06.453,0.99731,0.99741,1.00,1.00
2015.06.04 12:57:06.883,0.99729,0.99742,1.50,1.00
2015.06.04 12:57:07.388,0.99729,0.99743,1.00,2.25
2015.06.04 12:57:07.439,0.99728,0.99741,1.00,1.00
2015.06.04 12:57:07.962,0.99727,0.99741,1.50,1.00
2015.06.04 12:57:08.574,0.99727,0.9974,1.00,1.00
2015.06.04 12:57:08.877,0.99724,0.99737,1.50,1.00
2015.06.04 12:57:09.191,0.99723,0.99735,1.00,1.00
2015.06.04 12:57:09.495,0.99719,0.99731,1.00,1.50
2015.06.04 12:57:09.997,0.9972,0.9973,1.00,1.00
2015.06.04 12:57:10.049,0.99718,0.9973,2.25,1.00
2015.06.04 12:57:10.588,0.99718,0.99729,2.25,1.00
2015.06.04 12:57:11.514,0.99718,0.9973,1.00,1.00
2015.06.04 12:57:12.137,0.99717,0.9973,1.00,1.00
2015.06.04 12:57:12.526,0.99718,0.99728,1.00,1.00
2015.06.04 12:57:12.678,0.99713,0.99724,1.00,1.00
2015.06.04 12:57:12.729,0.99711,0.99724,1.50,1.50
2015.06.04 12:57:12.831,0.99711,0.99722,1.00,1.00
2015.06.04 12:57:13.084,0.99714,0.99728,1.50,1.50
2015.06.04 12:57:13.186,0.99717,0.99728,1.00,1.50
2015.06.04 12:57:13.704,0.99715,0.99726,1.00,1.00
2015.06.04 12:57:13.755,0.99713,0.99726,1.50,1.00
2015.06.04 12:57:13.909,0.99713,0.99724,1.50,1.00
2015.06.04 12:57:14.162,0.99711,0.99723,1.00,1.00
2015.06.04 12:57:14.264,0.99714,0.99723,1.00,1.00
2015.06.04 12:57:14.315,0.99714,0.99726,1.50,1.00
2015.06.04 12:57:14.467,0.99716,0.99728,1.00,1.00
2015.06.04 12:57:14.798,0.99719,0.99728,1.00,1.00
2015.06.04 12:57:14.852,0.99719,0.99731,1.00,1.00
2015.06.04 12:57:15.157,0.9972,0.99733,1.00,3.00
2015.06.04 12:57:15.702,0.9972,0.99732,1.00,1.00
2015.06.04 12:57:16.360,0.99719,0.99732,1.50,1.00
2015.06.04 12:57:16.562,0.99723,0.99736,1.00,1.57
2015.06.04 12:57:16.885,0.99725,0.99736,1.00,1.00
2015.06.04 12:57:16.987,0.99723,0.99736,1.50,1.00
2015.06.04 12:57:17.089,0.99725,0.99737,1.00,1.50
2015.06.04 12:57:17.343,0.99728,0.99742,1.00,1.10
2015.06.04 12:57:17.394,0.99731,0.99742,1.00,1.00
2015.06.04 12:57:17.598,0.99728,0.99741,1.50,1.00
2015.06.04 12:57:18.002,0.99729,0.99739,1.00,1.00
2015.06.04 12:57:18.224,0.99723,0.99736,1.00,1.50
2015.06.04 12:57:18.932,0.99722,0.99736,1.00,1.00
2015.06.04 12:57:19.084,0.99722,0.99734,1.00,1.00
2015.06.04 12:57:19.607,0.99722,0.99735,1.50,1.00
2015.06.04 12:57:21.498,0.99721,0.99735,1.50,1.00
2015.06.04 12:57:21.801,0.99721,0.99732,1.00,1.00
2015.06.04 12:57:22.055,0.9971,0.99723,1.12,1.50
2015.06.04 12:57:22.157,0.99708,0.99722,1.00,1.50
2015.06.04 12:57:22.422,0.99706,0.9972,1.00,1.00
2015.06.04 12:57:22.927,0.99705,0.9972,2.25,1.00
2015.06.04 12:57:23.231,0.99705,0.99718,1.50,1.00
2015.06.04 12:57:23.874,0.99704,0.99718,1.00,1.00
2015.06.04 12:57:24.179,0.99711,0.99721,1.00,1.00
2015.06.04 12:57:24.482,0.99709,0.99724,1.87,1.00
2015.06.04 12:57:24.685,0.99715,0.99725,1.00,1.00
2015.06.04 12:57:24.872,0.99711,0.99724,2.62,1.00
2015.06.04 12:57:25.128,0.99709,0.99723,2.62,1.00
2015.06.04 12:57:25.432,0.99706,0.99722,2.25,1.00
2015.06.04 12:57:25.534,0.99706,0.99721,1.00,1.00
2015.06.04 12:57:25.584,0.99706,0.99719,1.00,1.00
2015.06.04 12:57:26.093,0.99707,0.9972,1.00,1.00
2015.06.04 12:57:26.415,0.99708,0.99718,1.50,1.00
2015.06.04 12:57:26.567,0.99708,0.9972,1.00,1.00
2015.06.04 12:57:26.922,0.99709,0.99722,1.00,1.00
2015.06.04 12:57:27.446,0.99709,0.99721,1.00,1.00
2015.06.04 12:57:27.497,0.99707,0.99721,1.50,1.00
2015.06.04 12:57:27.851,0.9971,0.99721,1.00,1.00
2015.06.04 12:57:28.004,0.99711,0.99725,1.00,1.00
2015.06.04 12:57:28.106,0.99713,0.99726,1.00,1.00
2015.06.04 12:57:28.460,0.99715,0.99725,1.00,1.00
2015.06.04 12:57:28.808,0.99713,0.99726,1.50,1.00
2015.06.04 12:57:29.298,0.99715,0.99726,1.00,1.00
2015.06.04 12:57:29.852,0.99713,0.99726,1.50,1.00
2015.06.04 12:57:30.666,0.99715,0.99725,1.00,1.00
2015.06.04 12:57:31.173,0.99715,0.99723,1.00,1.00
2015.06.04 12:57:31.275,0.99711,0.99723,1.12,1.00
2015.06.04 12:57:31.530,0.99709,0.99721,1.00,1.00
2015.06.04 12:57:32.035,0.99709,0.9972,1.00,1.00
2015.06.04 12:57:32.674,0.99709,0.99719,1.00,1.00
2015.06.04 12:57:32.826,0.99711,0.99722,1.00,1.00
2015.06.04 12:57:32.877,0.99713,0.99724,1.00,1.00
2015.06.04 12:57:32.928,0.99715,0.99727,1.00,1.00
2015.06.04 12:57:33.333,0.99717,0.99728,1.00,1.00
2015.06.04 12:57:33.384,0.99717,0.9973,1.00,1.00
2015.06.04 12:57:33.898,0.99716,0.99729,1.57,1.00
2015.06.04 12:57:34.050,0.99718,0.99729,1.00,1.00
2015.06.04 12:57:34.202,0.99716,0.99728,1.57,1.00
2015.06.04 12:57:34.651,0.99718,0.99728,1.00,1.00
2015.06.04 12:57:34.929,0.99718,0.99731,1.50,1.00
2015.06.04 12:57:35.435,0.99719,0.99732,1.00,1.00
2015.06.04 12:57:36.078,0.99718,0.99732,3.00,1.00
2015.06.04 12:57:36.584,0.99718,0.99731,2.25,1.00
2015.06.04 12:57:37.106,0.99718,0.99732,3.00,1.00
2015.06.04 12:57:37.644,0.99718,0.99731,2.25,1.00
2015.06.04 12:57:38.225,0.99718,0.99729,2.25,1.00
2015.06.04 12:57:38.535,0.9972,0.99728,1.00,1.00
2015.06.04 12:57:38.990,0.99717,0.9973,1.00,1.50
2015.06.04 12:57:39.243,0.99717,0.99728,1.00,1.00
2015.06.04 12:57:39.344,0.99717,0.9973,1.00,1.00
2015.06.04 12:57:39.818,0.99717,0.99726,1.50,1.00
2015.06.04 12:57:39.981,0.99716,0.99728,1.50,1.00
2015.06.04 12:57:40.487,0.99717,0.99729,1.00,1.00
2015.06.04 12:57:40.998,0.99716,0.99729,1.50,1.00
2015.06.04 12:57:41.625,0.99717,0.99728,1.00,1.00
2015.06.04 12:57:41.726,0.99715,0.99728,1.10,1.00
2015.06.04 12:57:42.420,0.99716,0.99728,1.00,1.00
2015.06.04 12:57:42.825,0.99714,0.99727,1.50,1.50
2015.06.04 12:57:42.876,0.99713,0.99724,1.00,1.00
2015.06.04 12:57:42.977,0.99712,0.99726,1.50,1.00
2015.06.04 12:57:43.079,0.99714,0.99727,1.00,1.00
2015.06.04 12:57:43.596,0.99715,0.99727,1.00,1.00
2015.06.04 12:57:44.114,0.99714,0.99727,3.75,1.50
2015.06.04 12:57:44.418,0.99716,0.99725,1.00,1.00
2015.06.04 12:57:44.744,0.99716,0.99727,1.50,1.00
2015.06.04 12:57:45.099,0.99718,0.99728,1.00,1.00
2015.06.04 12:57:45.151,0.99718,0.99733,2.25,3.00
2015.06.04 12:57:45.253,0.99721,0.99733,1.00,1.50
2015.06.04 12:57:45.558,0.99724,0.99736,1.00,1.00
2015.06.04 12:57:45.921,0.99724,0.99738,2.25,1.00
2015.06.04 12:57:46.426,0.99725,0.99738,1.50,1.00
2015.06.04 12:57:47.232,0.99725,0.99739,1.50,1.00
2015.06.04 12:57:47.741,0.99725,0.99738,1.50,1.00
2015.06.04 12:57:48.420,0.99726,0.99739,1.00,1.00
2015.06.04 12:57:49.025,0.99725,0.99739,2.25,1.00
2015.06.04 12:57:49.529,0.99725,0.99738,1.50,1.00
2015.06.04 12:57:49.920,0.99727,0.99739,1.00,1.00
2015.06.04 12:57:51.186,0.99727,0.99738,1.00,1.00
2015.06.04 12:57:51.695,0.99727,0.99739,1.00,1.00
2015.06.04 12:57:51.998,0.9973,0.9974,1.00,1.00
2015.06.04 12:57:52.049,0.99727,0.9974,2.25,1.00
2015.06.04 12:57:52.567,0.99727,0.99739,3.75,1.00
2015.06.04 12:57:52.668,0.9973,0.9974,1.00,1.00
2015.06.04 12:57:53.174,0.99727,0.99738,1.00,1.50
2015.06.04 12:57:53.225,0.99725,0.99738,1.50,2.25
2015.06.04 12:57:53.276,0.99725,0.99734,1.00,1.00
2015.06.04 12:57:53.607,0.99723,0.99734,1.00,1.00
2015.06.04 12:57:54.113,0.99722,0.99734,1.50,1.00
2015.06.04 12:57:54.467,0.99724,0.99733,1.00,1.00
2015.06.04 12:57:54.518,0.99722,0.99733,1.00,1.00
2015.06.04 12:57:54.942,0.99721,0.99735,1.00,1.00
2015.06.04 12:57:55.195,0.99721,0.99733,1.00,1.00
2015.06.04 12:57:55.650,0.99719,0.99732,1.50,1.00
2015.06.04 12:57:56.182,0.99719,0.99731,1.00,1.00
2015.06.04 12:57:56.486,0.99719,0.99733,1.00,2.25
2015.06.04 12:57:57.056,0.9972,0.99734,1.00,1.00
2015.06.04 12:57:57.265,0.9972,0.99731,1.00,1.00
2015.06.04 12:57:57.789,0.99721,0.99731,1.00,1.00
2015.06.04 12:57:57.839,0.99719,0.99731,1.50,1.00
2015.06.04 12:57:57.941,0.99719,0.99727,1.50,1.00
2015.06.04 12:57:58.143,0.99715,0.99726,1.00,1.00
2015.06.04 12:57:58.676,0.99716,0.99725,1.50,1.00
2015.06.04 12:57:59.185,0.99716,0.99726,1.00,1.00
2015.06.04 12:57:59.829,0.99717,0.99726,1.00,1.00
2015.06.04 12:58:00.338,0.99716,0.99726,1.50,1.00
2015.06.04 12:58:01.011,0.99716,0.99725,1.00,1.00
2015.06.04 12:58:01.568,0.99716,0.99728,1.00,1.00
2015.06.04 12:58:01.872,0.99717,0.9973,1.50,1.00
2015.06.04 12:58:01.923,0.99719,0.9973,1.00,1.00
2015.06.04 12:58:02.243,0.99722,0.99734,1.00,1.50
2015.06.04 12:58:02.756,0.99723,0.99734,1.00,1.00
2015.06.04 12:58:03.345,0.99724,0.99735,1.00,1.00
2015.06.04 12:58:03.853,0.99724,0.99734,1.00,1.00
2015.06.04 12:58:04.259,0.99722,0.99734,1.50,1.00
2015.06.04 12:58:04.411,0.99724,0.99734,1.00,1.00
2015.06.04 12:58:04.677,0.99724,0.99736,1.87,1.00
2015.06.04 12:58:04.829,0.99726,0.99737,1.12,1.00
2015.06.04 12:58:05.083,0.99727,0.99739,1.12,1.00
2015.06.04 12:58:05.488,0.99725,0.99738,1.00,2.25
2015.06.04 12:58:05.794,0.99723,0.99732,1.00,1.00
2015.06.04 12:58:05.851,0.99721,0.99732,2.25,1.00
2015.06.04 12:58:06.367,0.99721,0.99733,1.00,1.00
2015.06.04 12:58:07.099,0.99721,0.99732,1.00,1.00
2015.06.04 12:58:07.200,0.99719,0.99733,1.10,2.25
2015.06.04 12:58:07.251,0.99719,0.9973,1.00,1.00
2015.06.04 12:58:07.353,0.99717,0.9973,1.87,1.00
2015.06.04 12:58:07.505,0.99716,0.99728,1.37,1.00
2015.06.04 12:58:07.960,0.99719,0.99729,1.00,1.00
2015.06.04 12:58:08.381,0.99721,0.99731,1.00,1.00
2015.06.04 12:58:08.685,0.99723,0.99733,1.00,1.00
2015.06.04 12:58:09.196,0.99723,0.99734,1.12,1.00
2015.06.04 12:58:09.717,0.99722,0.99734,2.25,1.50
2015.06.04 12:58:10.021,0.99719,0.9973,1.00,1.00
2015.06.04 12:58:10.541,0.99718,0.9973,1.00,1.00
2015.06.04 12:58:11.440,0.99719,0.99728,1.00,1.00
2015.06.04 12:58:11.542,0.99717,0.99728,1.00,1.00
2015.06.04 12:58:12.340,0.99719,0.99728,1.00,1.00
2015.06.04 12:58:12.442,0.99718,0.9973,1.00,1.00
2015.06.04 12:58:12.745,0.99721,0.99731,1.00,1.00
2015.06.04 12:58:13.049,0.99724,0.99734,1.00,1.50
2015.06.04 12:58:13.694,0.99724,0.99735,1.00,1.00
2015.06.04 12:58:15.125,0.99723,0.99735,1.50,1.00
2015.06.04 12:58:15.650,0.99724,0.99735,1.00,1.00
2015.06.04 12:58:16.367,0.99724,0.99736,1.00,1.00
2015.06.04 12:58:17.783,0.99722,0.99734,1.87,1.00
2015.06.04 12:58:17.943,0.99722,0.99736,1.87,1.00
2015.06.04 12:58:18.255,0.99722,0.99733,1.12,1.00
2015.06.04 12:58:18.312,0.99722,0.99736,1.12,1.50
2015.06.04 12:58:18.414,0.99722,0.99736,1.37,1.50
2015.06.04 12:58:18.515,0.99725,0.99738,1.12,1.50
2015.06.04 12:58:18.567,0.99727,0.99738,1.00,1.50
2015.06.04 12:58:19.147,0.99727,0.99739,1.00,1.00
2015.06.04 12:58:19.350,0.99725,0.99738,2.62,1.50
2015.06.04 12:58:20.580,0.99725,0.99733,1.12,1.00
2015.06.04 12:58:20.631,0.99723,0.99733,1.57,1.00
2015.06.04 12:58:20.782,0.9972,0.99731,1.00,1.00
2015.06.04 12:58:20.833,0.99718,0.99731,2.25,1.00
2015.06.04 12:58:20.935,0.99718,0.99728,1.00,1.50
2015.06.04 12:58:20.985,0.99715,0.99728,1.20,1.50
2015.06.04 12:58:22.774,0.99714,0.99727,1.00,1.00
2015.06.04 12:58:22.825,0.99714,0.99729,1.00,2.25
2015.06.04 12:58:23.028,0.99714,0.99726,1.00,1.00
2015.06.04 12:58:23.445,0.99712,0.99726,1.00,1.50
2015.06.04 12:58:23.785,0.99712,0.99724,1.00,1.00
2015.06.04 12:58:24.468,0.99712,0.99726,1.87,1.00
2015.06.04 12:58:25.115,0.99713,0.99724,1.00,1.00
2015.06.04 12:58:25.318,0.9971,0.99723,1.87,1.00
2015.06.04 12:58:25.419,0.99712,0.99723,1.00,1.00
2015.06.04 12:58:25.851,0.99712,0.99725,1.00,1.00
2015.06.04 12:58:26.259,0.99709,0.99722,1.00,1.00
2015.06.04 12:58:26.568,0.99706,0.99715,1.00,1.00
2015.06.04 12:58:26.619,0.99703,0.99715,2.62,1.00
2015.06.04 12:58:27.023,0.99707,0.99715,1.00,1.00
2015.06.04 12:58:27.399,0.99704,0.99714,1.00,1.00
2015.06.04 12:58:27.754,0.99708,0.99716,1.00,1.00
2015.06.04 12:58:27.855,0.99705,0.99718,1.87,1.50
2015.06.04 12:58:27.957,0.99705,0.99716,1.00,1.00
2015.06.04 12:58:28.109,0.99703,0.99716,1.00,1.00
2015.06.04 12:58:28.160,0.99703,0.99714,1.00,1.00
2015.06.04 12:58:28.505,0.99706,0.99716,1.00,1.00
2015.06.04 12:58:28.556,0.99703,0.99716,1.00,1.00
2015.06.04 12:58:28.608,0.99703,0.99713,1.00,1.00
2015.06.04 12:58:28.711,0.997,0.99712,1.50,1.00
2015.06.04 12:58:28.812,0.997,0.9971,1.00,1.00
2015.06.04 12:58:28.864,0.99697,0.9971,1.00,1.00
2015.06.04 12:58:29.016,0.99694,0.99709,2.32,1.00
2015.06.04 12:58:29.169,0.99697,0.99708,1.00,1.00
2015.06.04 12:58:29.439,0.99694,0.99706,1.00,1.00
2015.06.04 12:58:29.919,0.99694,0.99704,1.00,1.00
2015.06.04 12:58:30.500,0.99694,0.99705,1.00,1.00
2015.06.04 12:58:30.830,0.99704,0.99713,1.00,2.25
2015.06.04 12:58:30.881,0.99704,0.99713,1.00,1.00
2015.06.04 12:58:30.932,0.99705,0.99717,1.00,1.50
2015.06.04 12:58:31.468,0.99706,0.99717,1.00,1.00
2015.06.04 12:58:31.980,0.99707,0.99717,1.00,1.00
2015.06.04 12:58:32.133,0.99711,0.99717,1.00,1.00
2015.06.04 12:58:32.184,0.99711,0.99723,1.00,1.10
2015.06.04 12:58:32.447,0.99711,0.99725,1.50,1.00
2015.06.04 12:58:33.711,0.99711,0.99724,1.00,1.00
2015.06.04 12:58:33.762,0.99711,0.99722,1.00,1.00
2015.06.04 12:58:34.087,0.99707,0.9972,1.50,1.00
2015.06.04 12:58:34.442,0.99706,0.99718,1.50,1.00
2015.06.04 12:58:34.951,0.99708,0.99718,1.00,1.00
2015.06.04 12:58:35.103,0.99709,0.9972,1.00,1.00
2015.06.04 12:58:35.306,0.99706,0.99717,1.00,1.00
2015.06.04 12:58:35.811,0.99705,0.99716,1.50,1.00
2015.06.04 12:58:36.261,0.99704,0.99714,1.00,1.00
2015.06.04 12:58:36.762,0.99704,0.99715,1.00,1.00
2015.06.04 12:58:37.268,0.99705,0.99716,1.00,1.00
2015.06.04 12:58:37.762,0.99704,0.99718,1.50,1.00
2015.06.04 12:58:38.166,0.99706,0.99718,1.00,1.00
2015.06.04 12:58:38.577,0.99708,0.99719,1.00,1.00
2015.06.04 12:58:39.092,0.99708,0.9972,1.00,1.00
2015.06.04 12:58:39.599,0.99709,0.9972,1.00,1.00
2015.06.04 12:58:39.700,0.99709,0.99722,1.00,1.50
2015.06.04 12:58:40.213,0.99708,0.99721,1.00,1.00
2015.06.04 12:58:41.018,0.99707,0.9972,2.25,1.00
2015.06.04 12:58:41.366,0.99709,0.99722,1.00,1.50
2015.06.04 12:58:41.882,0.9971,0.99722,1.12,1.00
2015.06.04 12:58:42.672,0.99711,0.99723,1.00,1.50
2015.06.04 12:58:43.145,0.99712,0.99723,1.37,1.00
2015.06.04 12:58:43.360,0.99714,0.99725,1.12,1.00
2015.06.04 12:58:43.462,0.99715,0.99727,1.37,1.00
2015.06.04 12:58:43.766,0.99716,0.99725,1.00,1.00
2015.06.04 12:58:43.918,0.99716,0.99727,1.00,1.00
2015.06.04 12:58:44.426,0.99715,0.99727,1.00,1.00
2015.06.04 12:58:44.585,0.99717,0.99727,1.00,1.00
2015.06.04 12:58:45.041,0.99715,0.99727,1.12,1.00
2015.06.04 12:58:45.890,0.99715,0.99728,1.12,1.00
2015.06.04 12:58:46.391,0.99715,0.99727,1.12,1.00
2015.06.04 12:58:46.916,0.99715,0.99728,1.00,1.00
2015.06.04 12:58:47.297,0.99715,0.99726,2.25,1.00
2015.06.04 12:58:47.816,0.99714,0.99726,1.12,1.00
2015.06.04 12:58:48.124,0.99712,0.99723,1.00,1.00
2015.06.04 12:58:48.450,0.99714,0.99722,1.00,1.00
2015.06.04 12:58:48.653,0.99711,0.99722,1.12,1.00
2015.06.04 12:58:48.806,0.99713,0.99722,1.00,1.00
2015.06.04 12:58:48.857,0.9971,0.99722,1.87,1.00
2015.06.04 12:58:49.327,0.99711,0.99724,1.87,1.00
2015.06.04 12:58:49.377,0.99714,0.99722,1.00,1.00
2015.06.04 12:58:49.529,0.99712,0.99722,1.12,1.00
2015.06.04 12:58:49.735,0.99711,0.99724,2.62,1.00
2015.06.04 12:58:49.907,0.99714,0.99724,1.00,1.00
2015.06.04 12:58:50.262,0.99714,0.99726,1.00,1.00
2015.06.04 12:58:50.738,0.99715,0.99724,1.00,1.00
2015.06.04 12:58:50.840,0.99715,0.99727,1.00,1.00
2015.06.04 12:58:50.941,0.99717,0.99729,1.00,1.00
2015.06.04 12:58:51.295,0.99716,0.99726,1.00,1.00
2015.06.04 12:58:51.447,0.99714,0.99726,1.00,1.00
2015.06.04 12:58:51.839,0.99714,0.99724,1.00,1.00
2015.06.04 12:58:52.143,0.99716,0.99722,1.00,1.00
2015.06.04 12:58:52.315,0.99712,0.99722,1.00,1.00
2015.06.04 12:58:53.000,0.99707,0.9972,2.25,1.00
2015.06.04 12:58:53.051,0.99707,0.99718,1.50,1.00
2015.06.04 12:58:53.153,0.99709,0.99721,1.00,1.00
2015.06.04 12:58:53.456,0.99711,0.99724,1.50,1.00
2015.06.04 12:58:53.507,0.99713,0.99724,1.00,1.00
2015.06.04 12:58:54.159,0.99712,0.99724,1.50,1.00
2015.06.04 12:58:54.673,0.99711,0.99725,1.50,1.00
2015.06.04 12:58:55.189,0.99711,0.99724,1.00,1.00
2015.06.04 12:58:55.710,0.99711,0.99723,1.00,1.00
2015.06.04 12:58:56.331,0.99711,0.99724,1.00,1.00
2015.06.04 12:58:56.786,0.99712,0.99726,1.00,1.00
2015.06.04 12:58:56.838,0.99712,0.99718,1.00,1.00
2015.06.04 12:58:57.119,0.99705,0.99716,1.00,1.00
2015.06.04 12:58:57.435,0.99703,0.99717,1.50,1.00
2015.06.04 12:58:57.937,0.99703,0.99716,1.50,1.00
2015.06.04 12:58:58.448,0.99703,0.99717,1.50,1.00
2015.06.04 12:58:59.301,0.99703,0.99718,2.25,2.25
2015.06.04 12:58:59.813,0.99703,0.99717,1.87,1.00
2015.06.04 12:59:00.319,0.99703,0.99715,1.12,1.00
2015.06.04 12:59:00.959,0.99703,0.99714,1.00,1.00
2015.06.04 12:59:01.467,0.99703,0.99715,1.87,1.00
2015.06.04 12:59:01.973,0.99704,0.99716,1.12,1.00
2015.06.04 12:59:02.695,0.99703,0.99717,1.37,1.00
2015.06.04 12:59:03.216,0.99705,0.99717,1.12,1.00
2015.06.04 12:59:03.729,0.99712,0.99725,1.12,1.57
2015.06.04 12:59:04.256,0.99712,0.99724,1.50,1.00
2015.06.04 12:59:04.913,0.99712,0.99725,1.50,1.00
2015.06.04 12:59:05.886,0.99712,0.99724,1.50,1.00
2015.06.04 12:59:06.098,0.99713,0.99726,1.00,1.00
2015.06.04 12:59:06.616,0.99714,0.99725,1.00,1.00
2015.06.04 12:59:07.122,0.99714,0.99726,2.25,1.00
2015.06.04 12:59:07.596,0.99712,0.99725,1.87,1.00
2015.06.04 12:59:08.101,0.99713,0.99726,1.00,1.00
2015.06.04 12:59:08.622,0.99713,0.99725,1.00,1.00
2015.06.04 12:59:09.139,0.99717,0.99725,1.00,1.00
2015.06.04 12:59:09.648,0.99717,0.99726,1.00,1.00
2015.06.04 12:59:09.800,0.99714,0.99726,1.00,1.00
2015.06.04 12:59:10.149,0.99716,0.99727,1.00,1.00
2015.06.04 12:59:10.617,0.99716,0.99729,1.00,2.25
2015.06.04 12:59:11.165,0.99716,0.99727,1.50,1.00
2015.06.04 12:59:11.618,0.99713,0.99727,2.62,1.00
2015.06.04 12:59:11.669,0.99715,0.99727,1.00,1.50
2015.06.04 12:59:11.973,0.99713,0.99725,1.00,1.00
2015.06.04 12:59:12.481,0.99713,0.99726,1.00,1.00
2015.06.04 12:59:12.895,0.99715,0.99725,1.00,1.00
2015.06.04 12:59:12.946,0.99713,0.99725,1.00,1.00
2015.06.04 12:59:13.300,0.99711,0.99724,3.00,1.00
2015.06.04 12:59:13.401,0.99713,0.99725,1.00,1.00
2015.06.04 12:59:14.685,0.99716,0.99725,1.00,1.00
2015.06.04 12:59:14.839,0.99712,0.99725,1.00,1.00
2015.06.04 12:59:14.991,0.99715,0.99726,1.00,1.00
2015.06.04 12:59:15.593,0.99714,0.99725,1.00,1.00
2015.06.04 12:59:15.847,0.99712,0.99724,1.00,1.12
2015.06.04 12:59:15.898,0.99712,0.99722,1.00,1.00
2015.06.04 12:59:16.101,0.9971,0.99722,1.57,1.00
2015.06.04 12:59:16.354,0.9971,0.99719,1.00,1.00
2015.06.04 12:59:16.559,0.99709,0.99722,1.00,1.50
2015.06.04 12:59:16.747,0.99712,0.99723,1.00,1.50
2015.06.04 12:59:17.252,0.99711,0.99723,1.50,1.00
2015.06.04 12:59:17.556,0.99715,0.99724,1.50,1.00
2015.06.04 12:59:17.607,0.99716,0.99727,1.00,1.00
2015.06.04 12:59:17.835,0.99719,0.99727,1.00,1.00
2015.06.04 12:59:17.886,0.99718,0.99731,1.50,1.00
2015.06.04 12:59:18.398,0.99719,0.99732,1.00,1.50
2015.06.04 12:59:18.651,0.99721,0.99734,1.00,1.50
2015.06.04 12:59:18.955,0.99717,0.9973,2.25,1.00
2015.06.04 12:59:19.860,0.99717,0.99729,1.00,1.00
2015.06.04 12:59:20.448,0.99717,0.99728,1.00,1.00
2015.06.04 12:59:21.116,0.99719,0.9973,1.00,1.00
2015.06.04 12:59:21.635,0.99716,0.99729,1.50,1.00
2015.06.04 12:59:22.418,0.99719,0.9973,1.00,1.12
2015.06.04 12:59:22.520,0.99717,0.9973,3.37,1.00
2015.06.04 12:59:23.052,0.99718,0.99731,1.00,1.00
2015.06.04 12:59:23.204,0.99719,0.99729,1.00,1.00
2015.06.04 12:59:23.407,0.99717,0.9973,1.00,1.87
2015.06.04 12:59:23.610,0.99722,0.99731,1.00,1.00
2015.06.04 12:59:23.712,0.99723,0.99736,1.00,1.37
2015.06.04 12:59:24.262,0.99723,0.99736,1.00,1.00
2015.06.04 12:59:25.028,0.99723,0.99735,1.00,1.00
2015.06.04 12:59:25.578,0.99722,0.99735,2.25,1.50
2015.06.04 12:59:26.889,0.99724,0.99735,1.00,1.00
2015.06.04 12:59:27.041,0.99724,0.99737,1.00,1.87
2015.06.04 12:59:29.246,0.99722,0.99735,2.25,1.00
2015.06.04 12:59:30.104,0.99724,0.99735,1.00,1.00
2015.06.04 12:59:30.565,0.99722,0.99735,1.00,1.00
2015.06.04 12:59:31.070,0.99723,0.99736,1.00,1.00
2015.06.04 12:59:31.614,0.99722,0.99735,1.00,1.00
2015.06.04 12:59:31.867,0.99724,0.99737,1.00,2.62
2015.06.04 12:59:32.423,0.99724,0.99738,2.25,1.00
2015.06.04 12:59:32.954,0.99724,0.99737,1.50,1.00
2015.06.04 12:59:33.998,0.99725,0.99737,1.00,1.50
2015.06.04 12:59:34.388,0.99727,0.99737,1.00,1.00
2015.06.04 12:59:34.911,0.99727,0.99738,1.00,1.00
2015.06.04 12:59:35.355,0.99724,0.99737,1.50,1.00
2015.06.04 12:59:35.983,0.99725,0.99737,1.00,1.12
2015.06.04 12:59:36.135,0.99724,0.99736,1.00,1.37
2015.06.04 12:59:36.667,0.99724,0.99736,1.00,1.12
2015.06.04 12:59:36.870,0.99725,0.99738,1.00,1.12
2015.06.04 12:59:38.824,0.99724,0.99738,3.00,1.00
2015.06.04 12:59:39.718,0.99725,0.99738,1.12,1.00
2015.06.04 12:59:40.228,0.99725,0.99739,2.62,1.00
2015.06.04 12:59:40.520,0.99728,0.9974,1.00,1.00
2015.06.04 12:59:41.036,0.99726,0.99739,1.37,1.00
2015.06.04 12:59:41.345,0.99725,0.99739,2.62,1.12
2015.06.04 12:59:41.548,0.99723,0.99733,1.12,1.00
2015.06.04 12:59:41.829,0.99722,0.99735,1.50,1.00
2015.06.04 12:59:41.931,0.99728,0.99736,1.00,1.50
2015.06.04 12:59:41.983,0.99729,0.9974,1.00,1.00
2015.06.04 12:59:42.085,0.99729,0.99742,1.00,1.00
2015.06.04 12:59:42.599,0.9973,0.99743,1.00,2.25
2015.06.04 12:59:43.744,0.99731,0.99743,1.00,1.50
2015.06.04 12:59:44.858,0.99731,0.99742,1.00,1.00
2015.06.04 12:59:45.159,0.99728,0.99741,1.00,1.00
2015.06.04 12:59:45.716,0.99728,0.9974,1.00,1.00
2015.06.04 12:59:46.263,0.99728,0.99741,1.00,1.00
2015.06.04 12:59:46.708,0.9973,0.99741,1.00,1.50
2015.06.04 12:59:48.254,0.9973,0.99742,1.00,1.00
2015.06.04 12:59:48.790,0.9973,0.99741,1.00,1.00
2015.06.04 12:59:49.864,0.99729,0.99742,1.50,1.00
2015.06.04 12:59:50.522,0.99729,0.9974,1.00,1.00
2015.06.04 12:59:50.573,0.99727,0.9974,3.00,1.00
2015.06.04 12:59:50.725,0.99727,0.99743,3.75,3.00
2015.06.04 12:59:51.246,0.99728,0.99743,1.00,3.00
2015.06.04 12:59:51.821,0.99728,0.9974,1.00,1.00
2015.06.04 12:59:53.306,0.99729,0.9974,1.00,1.00
2015.06.04 12:59:54.126,0.99728,0.99742,1.00,3.00
2015.06.04 12:59:55.742,0.99728,0.99741,1.00,1.00
2015.06.04 12:59:56.005,0.99728,0.99739,1.00,1.00
2015.06.04 12:59:56.329,0.99727,0.99742,1.50,1.50
2015.06.04 12:59:56.380,0.99727,0.9974,1.00,1.00
2015.06.04 12:59:56.895,0.99727,0.99741,1.00,1.50
2015.06.04 12:59:57.569,0.99726,0.99741,1.50,2.25
2015.06.04 12:59:58.099,0.99727,0.99741,1.00,1.50
2015.06.04 12:59:59.034,0.99728,0.99741,1.00,1.50
2015.06.04 12:59:59.340,0.9973,0.99741,1.00,1.00
2015.06.04 12:59:59.392,0.99728,0.99741,1.12,1.00
2015.06.04 12:59:59.493,0.99729,0.99744,1.00,1.50
2015.06.04 12:59:59.756,0.99729,0.99744,1.37,1.00
