2008.11.25 04:00:00.060,0.7753,0.77585,2.20,1.20
2008.11.25 04:00:07.619,0.77535,0.77585,2.20,1.20
2008.11.25 04:00:10.168,0.7754,0.77585,2.20,1.20
2008.11.25 04:00:17.046,0.7754,0.7759,2.20,1.20
2008.11.25 04:00:17.696,0.77545,0.7759,2.20,1.20
2008.11.25 04:00:18.036,0.77545,0.77595,2.20,1.20
2008.11.25 04:00:22.675,0.7755,0.77595,2.20,1.20
2008.11.25 04:00:23.135,0.7755,0.776,2.20,1.20
2008.11.25 04:00:27.994,0.7755,0.77605,2.20,1.20
2008.11.25 04:00:29.143,0.7755,0.7761,3.00,34.40
2008.11.25 04:00:32.702,0.7755,0.77605,2.20,1.20
2008.11.25 04:00:33.722,0.7755,0.77595,2.20,1.20
2008.11.25 04:00:34.422,0.77545,0.77595,2.20,1.20
2008.11.25 04:00:36.152,0.7755,0.77595,2.20,1.20
2008.11.25 04:00:36.841,0.77545,0.77595,2.20,1.20
2008.11.25 04:00:38.211,0.7755,0.7761,3.00,34.40
2008.11.25 04:00:38.731,0.7755,0.77605,2.20,1.20
2008.11.25 04:00:45.220,0.77545,0.77605,2.20,1.20
2008.11.25 04:00:47.289,0.7755,0.7761,1.00,34.40
2008.11.25 04:00:47.569,0.7755,0.7761,3.00,34.40
2008.11.25 04:00:51.608,0.77555,0.7761,2.20,33.60
2008.11.25 04:00:52.288,0.7756,0.7761,2.20,33.60
2008.11.25 04:00:57.587,0.7755,0.7761,3.00,33.60
2008.11.25 04:00:58.046,0.7755,0.7761,2.20,34.40
2008.11.25 04:00:59.007,0.77545,0.7761,2.20,34.40
2008.11.25 04:00:59.406,0.77545,0.77605,2.20,1.20
2008.11.25 04:01:00.206,0.7754,0.77605,2.20,1.00
2008.11.25 04:01:02.895,0.7754,0.77605,2.20,1.20
2008.11.25 04:01:03.285,0.77535,0.776,2.20,1.20
2008.11.25 04:01:06.174,0.7754,0.77605,2.20,1.20
2008.11.25 04:01:09.884,0.7754,0.776,2.20,1.20
2008.11.25 04:01:10.183,0.7753,0.77595,2.20,1.20
2008.11.25 04:01:10.573,0.7753,0.7759,2.20,1.20
2008.11.25 04:01:11.303,0.7753,0.77585,2.20,1.20
2008.11.25 04:01:11.993,0.7752,0.77585,2.20,1.20
2008.11.25 04:01:12.283,0.77515,0.77575,2.20,1.20
2008.11.25 04:01:12.583,0.77525,0.77575,2.20,1.20
2008.11.25 04:01:12.993,0.77525,0.77585,2.20,1.20
2008.11.25 04:01:13.333,0.7753,0.77585,2.20,1.20
2008.11.25 04:01:15.092,0.7753,0.7759,2.20,1.20
2008.11.25 04:01:17.842,0.77525,0.77585,2.20,1.20
2008.11.25 04:01:18.471,0.7752,0.77585,2.20,1.20
2008.11.25 04:01:18.741,0.7752,0.77575,2.20,1.20
2008.11.25 04:01:20.211,0.77525,0.77575,2.20,1.20
2008.11.25 04:01:20.801,0.77525,0.77585,2.20,1.20
2008.11.25 04:01:21.091,0.77525,0.7758,2.20,1.20
2008.11.25 04:01:24.870,0.7752,0.7758,2.20,1.20
2008.11.25 04:01:25.200,0.7752,0.77575,2.20,1.20
2008.11.25 04:01:25.710,0.7752,0.7758,2.20,1.20
2008.11.25 04:01:27.799,0.77525,0.7758,2.20,1.20
2008.11.25 04:01:27.959,0.77525,0.77585,2.20,1.20
2008.11.25 04:01:32.958,0.77525,0.7759,4.20,1.20
2008.11.25 04:01:33.368,0.77525,0.7759,3.60,1.20
2008.11.25 04:01:33.759,0.77525,0.7759,3.00,1.20
2008.11.25 04:01:34.118,0.77525,0.7759,2.20,1.20
2008.11.25 04:01:36.957,0.7752,0.7759,4.20,1.60
2008.11.25 04:01:37.237,0.7752,0.77585,3.00,1.20
2008.11.25 04:01:38.237,0.7753,0.77585,2.20,1.20
2008.11.25 04:01:39.056,0.7753,0.7758,2.20,1.20
2008.11.25 04:01:39.406,0.7753,0.77585,2.20,1.20
2008.11.25 04:01:42.196,0.77525,0.77585,2.20,1.20
2008.11.25 04:01:44.225,0.7752,0.77585,1.00,1.20
2008.11.25 04:01:44.695,0.7752,0.77585,2.00,1.20
2008.11.25 04:01:46.085,0.7753,0.77595,1.00,1.20
2008.11.25 04:01:46.485,0.77535,0.7761,1.20,74.40
2008.11.25 04:01:47.914,0.77535,0.7761,1.20,73.60
2008.11.25 04:01:48.254,0.77555,0.7761,1.20,73.60
2008.11.25 04:01:53.543,0.77555,0.7761,1.20,74.40
2008.11.25 04:01:53.653,0.77535,0.7761,3.60,74.40
2008.11.25 04:01:54.893,0.7754,0.7761,2.20,74.40
2008.11.25 04:01:55.063,0.77545,0.7761,1.00,73.60
2008.11.25 04:01:55.232,0.77545,0.7761,2.00,73.60
2008.11.25 04:01:58.082,0.77545,0.7761,4.20,73.60
2008.11.25 04:01:58.702,0.77545,0.7761,3.00,73.60
2008.11.25 04:01:58.992,0.77545,0.7761,4.20,73.60
2008.11.25 04:01:59.922,0.77545,0.7761,1.00,73.60
2008.11.25 04:02:00.191,0.7754,0.7761,3.60,74.40
2008.11.25 04:02:01.281,0.7754,0.776,1.20,1.20
2008.11.25 04:02:01.631,0.77535,0.776,1.00,1.20
2008.11.25 04:02:02.081,0.7753,0.77595,4.20,1.20
2008.11.25 04:02:05.660,0.77535,0.776,1.00,1.20
2008.11.25 04:02:17.707,0.7754,0.7761,2.20,74.40
2008.11.25 04:02:18.167,0.7754,0.77605,2.20,1.20
2008.11.25 04:02:19.297,0.7754,0.7761,2.20,74.40
2008.11.25 04:02:19.417,0.77545,0.7761,2.20,73.60
2008.11.25 04:02:19.707,0.77555,0.7761,1.20,73.60
2008.11.25 04:02:20.117,0.7756,0.7761,1.20,73.60
2008.11.25 04:02:20.517,0.77555,0.7761,1.20,73.60
2008.11.25 04:02:22.116,0.7756,0.7761,1.20,73.60
2008.11.25 04:02:22.566,0.77555,0.7761,1.20,73.60
2008.11.25 04:02:24.216,0.7756,0.7761,1.20,73.60
2008.11.25 04:02:25.265,0.77565,0.7761,1.20,73.60
2008.11.25 04:02:37.162,0.7756,0.7761,1.20,73.60
2008.11.25 04:02:37.622,0.77565,0.7761,1.20,73.60
2008.11.25 04:02:59.457,0.7756,0.7761,1.20,73.60
2008.11.25 04:03:30.390,0.77565,0.7761,1.20,73.60
2008.11.25 04:03:30.909,0.7757,0.7761,1.20,73.60
2008.11.25 04:03:31.429,0.77575,0.7761,1.20,73.60
2008.11.25 04:03:34.638,0.7759,0.7761,1.00,73.60
2008.11.25 04:03:34.969,0.7759,0.7761,2.00,73.60
2008.11.25 04:03:39.307,0.7759,0.7761,1.00,73.60
2008.11.25 04:03:45.256,0.7758,0.7761,1.20,73.60
2008.11.25 04:03:45.496,0.77565,0.7761,1.20,73.60
2008.11.25 04:03:58.293,0.77575,0.7761,1.20,73.60
2008.11.25 04:03:58.513,0.7757,0.7761,1.20,73.60
2008.11.25 04:03:59.953,0.77565,0.7761,3.60,73.60
2008.11.25 04:04:02.142,0.7757,0.7761,1.20,73.60
2008.11.25 04:04:07.671,0.77565,0.7761,1.20,73.60
2008.11.25 04:04:09.790,0.77565,0.7761,1.00,73.60
2008.11.25 04:04:10.140,0.7757,0.7761,1.20,73.60
2008.11.25 04:04:11.920,0.7757,0.7761,2.00,73.60
2008.11.25 04:04:12.140,0.7757,0.7761,4.20,73.60
2008.11.25 04:04:12.309,0.77575,0.7761,1.20,73.60
2008.11.25 04:04:13.859,0.77575,0.7761,2.00,73.60
2008.11.25 04:04:14.309,0.7758,0.7761,1.20,73.60
2008.11.25 04:04:14.719,0.77575,0.7761,1.20,73.60
2008.11.25 04:04:16.579,0.7758,0.7761,1.00,73.60
2008.11.25 04:04:16.978,0.77585,0.7761,1.20,73.60
2008.11.25 04:04:19.718,0.77585,0.7761,2.00,73.60
2008.11.25 04:04:20.008,0.7759,0.7761,4.20,73.60
2008.11.25 04:04:20.358,0.77605,0.7761,1.20,73.60
2008.11.25 04:04:20.867,0.77605,0.7765,1.20,8.00
2008.11.25 04:04:23.037,0.77605,0.7762,1.20,73.60
2008.11.25 04:04:23.487,0.77605,0.7765,1.20,8.00
2008.11.25 04:04:25.736,0.77605,0.7762,1.20,73.60
2008.11.25 04:04:26.076,0.77605,0.7765,1.20,8.00
2008.11.25 04:04:26.306,0.7761,0.7771,3.60,1.00
2008.11.25 04:04:26.776,0.77625,0.77725,1.20,1.00
2008.11.25 04:04:27.466,0.7763,0.77715,1.20,1.00
2008.11.25 04:04:27.706,0.7763,0.77705,1.20,1.20
2008.11.25 04:04:27.936,0.77625,0.77705,3.60,1.20
2008.11.25 04:04:28.336,0.77625,0.7771,1.20,1.00
2008.11.25 04:04:28.676,0.7763,0.77715,1.20,1.00
2008.11.25 04:04:28.975,0.7763,0.7771,1.20,1.00
2008.11.25 04:04:29.835,0.7763,0.777,1.20,1.20
2008.11.25 04:04:30.175,0.7763,0.77695,1.20,1.20
2008.11.25 04:04:30.575,0.7762,0.77695,3.60,1.20
2008.11.25 04:04:30.965,0.77625,0.77705,2.20,1.00
2008.11.25 04:04:31.315,0.7762,0.77705,3.60,1.00
2008.11.25 04:04:31.615,0.7763,0.7771,1.20,1.00
2008.11.25 04:04:31.944,0.7763,0.77715,1.20,1.00
2008.11.25 04:04:32.725,0.77635,0.7772,1.20,1.00
2008.11.25 04:04:33.764,0.77625,0.7771,1.20,1.00
2008.11.25 04:04:34.214,0.77635,0.7772,1.20,1.00
2008.11.25 04:04:37.403,0.7764,0.7772,1.20,1.20
2008.11.25 04:04:38.403,0.7765,0.7773,1.20,8.80
2008.11.25 04:04:39.743,0.7765,0.7773,1.20,8.00
2008.11.25 04:04:39.973,0.77655,0.7773,1.20,8.00
2008.11.25 04:04:42.762,0.7766,0.7773,1.20,8.00
2008.11.25 04:04:47.081,0.77655,0.7773,1.20,8.00
2008.11.25 04:04:47.941,0.7765,0.7773,1.20,8.00
2008.11.25 04:04:48.341,0.7765,0.7773,1.20,8.80
2008.11.25 04:04:50.580,0.7765,0.7773,1.20,8.00
2008.11.25 04:04:51.630,0.77655,0.7773,1.20,8.00
2008.11.25 04:04:52.260,0.7766,0.7773,1.20,8.00
2008.11.25 04:04:54.209,0.77665,0.7773,1.20,8.00
2008.11.25 04:04:54.859,0.77665,0.7773,2.00,8.00
2008.11.25 04:04:54.979,0.77675,0.7773,1.20,8.00
2008.11.25 04:04:55.679,0.7768,0.7773,1.20,8.00
2008.11.25 04:04:57.718,0.77685,0.7773,1.20,8.00
2008.11.25 04:04:58.119,0.7769,0.7773,1.20,8.00
2008.11.25 04:04:58.468,0.77685,0.7773,1.20,8.00
2008.11.25 04:05:01.858,0.7769,0.7773,1.20,8.00
2008.11.25 04:05:02.827,0.77695,0.7773,1.20,8.00
2008.11.25 04:05:03.187,0.7769,0.7773,1.20,8.00
2008.11.25 04:05:05.346,0.777,0.7773,1.20,8.00
2008.11.25 04:05:06.027,0.77695,0.7773,1.20,8.00
2008.11.25 04:05:06.386,0.7768,0.7773,1.20,8.00
2008.11.25 04:05:10.105,0.77675,0.7773,1.20,8.00
2008.11.25 04:05:13.065,0.77665,0.7773,1.20,8.00
2008.11.25 04:05:13.295,0.7767,0.7773,1.20,8.00
2008.11.25 04:05:13.745,0.77665,0.7773,1.20,8.00
2008.11.25 04:05:14.085,0.77655,0.7773,1.20,8.00
2008.11.25 04:05:15.104,0.7765,0.7773,1.20,8.00
2008.11.25 04:05:17.963,0.7766,0.7773,1.20,8.00
2008.11.25 04:05:18.184,0.77655,0.7773,1.20,8.00
2008.11.25 04:05:18.583,0.7765,0.7773,1.20,8.20
2008.11.25 04:05:21.543,0.7765,0.7773,1.20,8.00
2008.11.25 04:05:22.352,0.7765,0.7773,1.20,8.20
2008.11.25 04:05:22.922,0.7765,0.7773,1.20,8.00
2008.11.25 04:05:23.212,0.7765,0.7773,1.20,9.00
2008.11.25 04:05:24.392,0.77645,0.7773,1.20,8.20
2008.11.25 04:05:24.612,0.77665,0.7773,1.20,8.00
2008.11.25 04:05:25.362,0.77675,0.7773,1.20,8.00
2008.11.25 04:05:29.081,0.7767,0.7773,1.20,8.00
2008.11.25 04:05:30.640,0.77635,0.7771,1.00,1.20
2008.11.25 04:05:31.210,0.7764,0.77735,1.00,1.00
2008.11.25 04:05:31.560,0.7766,0.7774,1.20,16.00
2008.11.25 04:05:31.970,0.77665,0.7774,1.20,16.00
2008.11.25 04:05:34.010,0.7765,0.7773,1.20,16.00
2008.11.25 04:05:34.639,0.77635,0.7771,2.00,1.20
2008.11.25 04:05:35.599,0.77635,0.7771,1.20,1.20
2008.11.25 04:05:36.009,0.77625,0.777,1.20,1.20
2008.11.25 04:05:38.579,0.77625,0.77695,1.20,1.20
2008.11.25 04:05:41.718,0.77625,0.77705,2.00,1.00
2008.11.25 04:05:41.958,0.77645,0.7774,1.20,17.00
2008.11.25 04:05:48.876,0.77625,0.77675,1.20,1.20
2008.11.25 04:05:49.236,0.77615,0.77675,1.40,1.20
2008.11.25 04:05:50.606,0.77625,0.77705,1.20,1.20
2008.11.25 04:05:50.886,0.7762,0.777,1.20,1.20
2008.11.25 04:05:51.705,0.7762,0.777,2.80,1.00
2008.11.25 04:05:51.995,0.7764,0.7772,1.20,8.00
2008.11.25 04:05:53.965,0.77655,0.7772,1.20,8.00
2008.11.25 04:06:05.082,0.77665,0.7772,2.00,8.00
2008.11.25 04:06:05.602,0.77665,0.7772,1.20,8.00
2008.11.25 04:06:07.232,0.7766,0.7772,1.20,8.00
2008.11.25 04:06:07.802,0.77655,0.7772,2.00,8.00
2008.11.25 04:06:08.031,0.77655,0.7772,1.20,8.00
2008.11.25 04:06:08.951,0.7765,0.7772,1.20,8.00
2008.11.25 04:06:14.490,0.7765,0.777,1.20,1.20
2008.11.25 04:06:14.820,0.77635,0.777,1.00,1.20
2008.11.25 04:06:14.940,0.7763,0.77685,1.20,1.20
2008.11.25 04:06:15.230,0.77625,0.77685,1.00,1.20
2008.11.25 04:06:15.799,0.7762,0.77675,8.00,1.20
2008.11.25 04:06:18.279,0.7762,0.7766,8.00,1.20
2008.11.25 04:06:18.619,0.7762,0.77665,8.60,1.20
2008.11.25 04:06:21.358,0.7762,0.77655,8.00,1.20
2008.11.25 04:06:23.288,0.7762,0.7765,8.00,1.20
2008.11.25 04:06:27.797,0.7762,0.77655,8.00,1.20
2008.11.25 04:06:27.957,0.7762,0.7765,8.00,1.20
2008.11.25 04:06:28.136,0.7762,0.77645,8.00,1.00
2008.11.25 04:06:28.307,0.7756,0.77625,1.00,1.20
2008.11.25 04:06:28.687,0.77605,0.77625,8.00,1.20
2008.11.25 04:06:41.993,0.77605,0.77645,8.00,1.00
2008.11.25 04:06:54.700,0.7762,0.7764,8.00,1.20
2008.11.25 04:06:58.299,0.7761,0.7763,8.00,1.20
2008.11.25 04:06:59.389,0.7762,0.7764,8.00,1.20
2008.11.25 04:07:02.168,0.7761,0.7763,8.00,1.20
2008.11.25 04:07:02.978,0.7761,0.77635,8.00,1.20
2008.11.25 04:07:05.697,0.7761,0.7763,8.00,1.20
2008.11.25 04:07:08.997,0.7761,0.77635,8.00,1.20
2008.11.25 04:07:12.676,0.7762,0.7764,8.00,1.20
2008.11.25 04:07:12.906,0.7762,0.77645,8.00,1.20
2008.11.25 04:07:13.886,0.7762,0.7764,8.00,1.20
2008.11.25 04:07:15.115,0.7762,0.77645,8.00,1.20
2008.11.25 04:07:16.545,0.7762,0.7765,8.00,1.20
2008.11.25 04:07:17.585,0.7762,0.77655,8.00,1.20
2008.11.25 04:07:18.045,0.7762,0.77665,8.00,1.20
2008.11.25 04:07:18.505,0.77625,0.77665,1.00,1.20
2008.11.25 04:07:18.844,0.77625,0.7767,1.00,1.20
2008.11.25 04:07:19.064,0.77625,0.77675,1.00,1.20
2008.11.25 04:07:19.284,0.7763,0.77675,1.00,1.20
2008.11.25 04:07:20.344,0.7763,0.7768,1.00,24.80
2008.11.25 04:07:20.464,0.77635,0.7768,1.00,24.80
2008.11.25 04:07:20.634,0.77645,0.7768,1.00,24.80
2008.11.25 04:07:20.854,0.77645,0.7768,1.00,24.00
2008.11.25 04:07:21.574,0.7765,0.7768,1.00,24.00
2008.11.25 04:07:23.663,0.7764,0.7768,1.00,24.00
2008.11.25 04:07:33.901,0.7764,0.77675,1.00,1.20
2008.11.25 04:07:34.820,0.7764,0.7767,1.00,1.20
2008.11.25 04:07:34.991,0.77635,0.7767,1.00,1.20
2008.11.25 04:07:35.271,0.77635,0.77665,1.00,1.20
2008.11.25 04:07:35.600,0.7763,0.77665,1.00,1.20
2008.11.25 04:07:35.890,0.77625,0.7766,1.00,1.20
2008.11.25 04:07:36.240,0.77625,0.77665,1.00,1.20
2008.11.25 04:07:36.590,0.7763,0.7767,1.00,1.20
2008.11.25 04:07:37.360,0.7764,0.77675,1.00,1.20
2008.11.25 04:07:38.629,0.77635,0.77675,1.00,1.20
2008.11.25 04:07:38.919,0.77635,0.77665,1.00,1.20
2008.11.25 04:07:43.398,0.7764,0.77665,1.00,1.20
2008.11.25 04:07:43.678,0.7764,0.77675,1.00,1.20
2008.11.25 04:07:44.068,0.77635,0.7767,1.00,1.20
2008.11.25 04:07:54.047,0.77635,0.77665,1.00,1.20
2008.11.25 04:07:54.386,0.77635,0.7767,1.00,1.20
2008.11.25 04:07:56.415,0.77635,0.7766,1.00,1.20
2008.11.25 04:07:57.775,0.7762,0.7766,8.00,1.20
2008.11.25 04:07:57.935,0.7762,0.7767,10.00,1.20
2008.11.25 04:07:58.405,0.7762,0.77665,9.20,1.20
2008.11.25 04:07:58.455,0.7762,0.77665,8.00,1.20
2008.11.25 04:08:00.734,0.7763,0.77665,2.20,1.20
2008.11.25 04:08:06.273,0.7762,0.77665,10.20,1.20
2008.11.25 04:08:06.443,0.7762,0.77655,8.00,1.20
2008.11.25 04:08:06.943,0.7762,0.7765,8.00,1.20
2008.11.25 04:08:08.032,0.7762,0.77645,8.00,1.20
2008.11.25 04:08:08.712,0.7762,0.77665,8.00,1.20
2008.11.25 04:08:09.002,0.7762,0.7767,10.20,1.20
2008.11.25 04:08:09.792,0.7762,0.7767,8.00,1.20
2008.11.25 04:08:10.192,0.7762,0.77665,8.00,1.20
2008.11.25 04:08:12.851,0.7762,0.7767,8.00,1.20
2008.11.25 04:08:14.761,0.7762,0.7766,8.00,1.20
2008.11.25 04:08:15.391,0.7762,0.7767,12.20,1.20
2008.11.25 04:08:15.620,0.7762,0.7766,11.60,1.20
2008.11.25 04:08:15.731,0.7762,0.7766,10.20,1.20
2008.11.25 04:08:17.280,0.7762,0.7766,8.00,1.20
2008.11.25 04:08:19.979,0.7762,0.7767,8.00,1.20
2008.11.25 04:08:25.079,0.7762,0.77655,8.00,1.20
2008.11.25 04:08:25.898,0.7762,0.7767,10.20,1.20
2008.11.25 04:08:26.818,0.7762,0.7767,8.00,1.20
2008.11.25 04:08:27.228,0.7762,0.77665,10.20,1.20
2008.11.25 04:08:30.657,0.7762,0.77665,8.00,1.20
2008.11.25 04:08:31.806,0.7762,0.7768,8.00,24.80
2008.11.25 04:08:32.566,0.7762,0.7768,8.00,24.00
2008.11.25 04:08:34.506,0.7762,0.7768,9.20,24.00
2008.11.25 04:08:34.736,0.7763,0.7768,2.20,24.00
2008.11.25 04:08:37.675,0.7762,0.77675,11.60,1.20
2008.11.25 04:08:37.905,0.7762,0.77675,10.20,1.20
2008.11.25 04:08:38.825,0.7762,0.77665,8.00,1.00
2008.11.25 04:08:39.185,0.7761,0.7764,8.00,1.20
2008.11.25 04:08:39.525,0.7761,0.7764,10.20,1.20
2008.11.25 04:08:39.885,0.7762,0.7766,8.00,1.20
2008.11.25 04:08:40.275,0.7762,0.7769,10.20,24.00
2008.11.25 04:08:40.714,0.7762,0.77685,8.00,1.20
2008.11.25 04:08:40.875,0.7762,0.77675,8.00,1.20
2008.11.25 04:08:49.083,0.7762,0.77675,8.00,1.20
2008.11.25 04:08:49.362,0.7762,0.7768,8.00,24.80
2008.11.25 04:08:49.842,0.7762,0.7768,10.20,24.80
2008.11.25 04:08:51.682,0.7762,0.7768,11.00,24.00
2008.11.25 04:08:51.852,0.77625,0.7768,3.60,24.00
2008.11.25 04:08:53.991,0.7763,0.7768,3.00,24.00
2008.11.25 04:08:54.161,0.7763,0.7768,4.20,24.00
2008.11.25 04:08:54.981,0.77635,0.7768,2.20,24.00
2008.11.25 04:08:55.261,0.77635,0.7768,3.00,24.00
2008.11.25 04:08:55.441,0.77635,0.7768,4.20,24.00
2008.11.25 04:08:57.090,0.77635,0.7768,2.20,24.00
2008.11.25 04:08:57.381,0.7763,0.7768,2.00,24.00
2008.11.25 04:08:57.610,0.7762,0.77675,11.60,1.20
2008.11.25 04:08:58.510,0.7762,0.77665,11.60,1.20
2008.11.25 04:08:58.730,0.7762,0.77665,9.20,1.20
2008.11.25 04:08:59.120,0.7762,0.77665,8.00,1.20
2008.11.25 04:09:00.230,0.7762,0.7766,8.00,1.20
2008.11.25 04:09:00.640,0.7762,0.7767,8.00,1.60
2008.11.25 04:09:00.809,0.7762,0.7768,10.20,24.00
2008.11.25 04:09:00.930,0.77625,0.7768,1.20,24.00
2008.11.25 04:09:01.330,0.7762,0.7768,11.60,24.00
2008.11.25 04:09:01.899,0.7762,0.7768,9.20,24.00
2008.11.25 04:09:04.769,0.7762,0.77675,9.20,1.20
2008.11.25 04:09:04.939,0.7762,0.77675,8.00,1.20
2008.11.25 04:09:05.049,0.7762,0.77665,8.00,1.20
2008.11.25 04:09:08.208,0.7762,0.7767,8.00,1.20
2008.11.25 04:09:09.488,0.7762,0.77665,8.00,1.20
2008.11.25 04:09:11.267,0.7762,0.7765,8.00,1.20
2008.11.25 04:09:11.487,0.7762,0.77665,8.00,1.20
2008.11.25 04:09:14.386,0.7762,0.77655,8.00,1.20
2008.11.25 04:09:17.756,0.7762,0.7764,8.00,1.20
2008.11.25 04:09:23.884,0.776,0.77625,8.80,1.20
2008.11.25 04:09:23.994,0.776,0.7763,8.80,1.20
2008.11.25 04:09:25.194,0.776,0.77635,8.80,1.20
2008.11.25 04:09:25.254,0.776,0.7763,8.80,1.20
2008.11.25 04:09:27.043,0.776,0.77635,8.80,1.20
2008.11.25 04:09:27.333,0.7762,0.77635,8.00,1.20
2008.11.25 04:09:30.393,0.776,0.77635,8.80,1.20
2008.11.25 04:09:33.432,0.776,0.7764,8.80,1.20
2008.11.25 04:09:33.552,0.7762,0.7764,8.00,1.20
2008.11.25 04:09:38.001,0.7762,0.77635,8.00,1.20
2008.11.25 04:09:38.161,0.776,0.77635,8.80,1.20
2008.11.25 04:09:44.589,0.776,0.7764,8.80,1.20
2008.11.25 04:09:45.109,0.7762,0.7764,8.00,1.20
2008.11.25 04:10:02.255,0.7762,0.77645,8.00,1.20
2008.11.25 04:10:12.403,0.7762,0.7765,8.00,1.20
2008.11.25 04:10:18.441,0.7762,0.7767,8.00,1.20
2008.11.25 04:10:18.971,0.77625,0.7768,1.00,1.20
2008.11.25 04:10:19.191,0.77625,0.7768,2.00,1.20
2008.11.25 04:10:20.300,0.7763,0.7768,1.00,1.20
2008.11.25 04:10:20.940,0.77635,0.77685,1.00,1.20
2008.11.25 04:10:23.090,0.7763,0.7768,1.20,1.20
2008.11.25 04:10:23.320,0.7763,0.7768,2.00,1.20
2008.11.25 04:10:23.820,0.7763,0.7768,1.00,1.20
2008.11.25 04:10:24.100,0.77625,0.77675,1.20,1.20
2008.11.25 04:10:24.439,0.77625,0.7768,1.00,1.20
2008.11.25 04:10:24.719,0.77625,0.7768,2.00,1.20
2008.11.25 04:10:38.386,0.7763,0.77715,1.00,1.20
2008.11.25 04:10:38.666,0.7764,0.77715,1.20,1.20
2008.11.25 04:10:39.136,0.77645,0.77715,1.20,1.20
2008.11.25 04:10:42.655,0.7766,0.77705,1.20,1.20
2008.11.25 04:10:42.895,0.77665,0.7771,1.00,1.20
2008.11.25 04:10:45.954,0.7766,0.7771,1.20,1.20
2008.11.25 04:10:46.224,0.77655,0.7771,2.00,1.20
2008.11.25 04:10:46.384,0.77655,0.7771,1.20,1.20
2008.11.25 04:10:46.624,0.7765,0.7771,2.00,1.20
2008.11.25 04:10:51.743,0.7766,0.7772,1.00,40.80
2008.11.25 04:10:52.883,0.77665,0.7772,1.00,40.80
2008.11.25 04:10:57.811,0.77665,0.7772,2.00,40.80
2008.11.25 04:10:58.231,0.77665,0.7772,1.00,40.80
2008.11.25 04:11:09.778,0.77645,0.77705,1.00,1.20
2008.11.25 04:11:11.178,0.77645,0.777,1.00,1.20
2008.11.25 04:11:12.248,0.77645,0.77695,1.00,1.20
2008.11.25 04:11:12.538,0.7764,0.77685,16.00,1.20
2008.11.25 04:11:15.348,0.7764,0.7769,16.00,1.20
2008.11.25 04:11:17.467,0.7764,0.77685,16.00,1.20
2008.11.25 04:11:19.776,0.7764,0.77695,16.60,1.20
2008.11.25 04:11:34.672,0.7765,0.777,1.00,1.20
2008.11.25 04:11:39.431,0.77645,0.77695,1.00,1.20
2008.11.25 04:11:39.881,0.7765,0.777,1.00,1.20
2008.11.25 04:11:42.720,0.77655,0.777,1.00,1.20
2008.11.25 04:11:43.360,0.7765,0.777,1.00,1.20
2008.11.25 04:11:43.480,0.77655,0.777,1.00,1.20
2008.11.25 04:11:44.980,0.77655,0.77705,1.00,1.20
2008.11.25 04:11:51.918,0.77665,0.77715,1.00,1.20
2008.11.25 04:11:54.348,0.7767,0.7772,1.00,40.80
2008.11.25 04:11:57.347,0.77665,0.77715,1.00,1.20
2008.11.25 04:11:57.817,0.7766,0.77715,1.00,1.20
2008.11.25 04:11:59.217,0.7766,0.7771,1.00,1.20
2008.11.25 04:12:05.505,0.7766,0.7771,1.00,1.60
2008.11.25 04:12:06.875,0.7766,0.77705,1.00,1.00
2008.11.25 04:12:07.275,0.77655,0.77705,1.00,1.00
2008.11.25 04:12:07.614,0.7766,0.7771,1.00,1.60
2008.11.25 04:12:12.164,0.77655,0.77705,1.00,1.20
2008.11.25 04:12:14.593,0.7765,0.777,1.00,1.20
2008.11.25 04:12:15.513,0.7764,0.777,16.60,1.20
2008.11.25 04:12:16.092,0.77645,0.77705,1.00,1.20
2008.11.25 04:12:18.142,0.77645,0.777,1.00,1.00
2008.11.25 04:12:18.602,0.7764,0.7769,16.60,1.20
2008.11.25 04:12:19.132,0.7764,0.7769,16.60,1.60
2008.11.25 04:12:22.072,0.7764,0.77685,16.00,1.20
2008.11.25 04:12:23.810,0.7764,0.77685,16.00,1.60
2008.11.25 04:12:23.971,0.7764,0.7768,16.00,1.20
2008.11.25 04:12:24.250,0.7764,0.77675,16.00,1.20
2008.11.25 04:12:25.790,0.7764,0.77675,16.00,1.60
2008.11.25 04:12:34.398,0.7764,0.77675,16.00,1.00
2008.11.25 04:12:34.628,0.7764,0.7768,16.00,1.60
2008.11.25 04:12:37.977,0.7764,0.7768,16.00,1.20
2008.11.25 04:12:38.837,0.7764,0.77685,16.00,1.60
2008.11.25 04:12:39.127,0.7764,0.7768,16.00,1.00
2008.11.25 04:12:39.417,0.7764,0.7768,16.00,1.60
2008.11.25 04:12:39.717,0.7764,0.7768,16.00,1.20
2008.11.25 04:12:45.095,0.7764,0.77675,16.00,1.20
2008.11.25 04:12:56.983,0.7764,0.7767,16.00,1.20
2008.11.25 04:13:03.161,0.7764,0.77675,16.00,1.20
2008.11.25 04:13:09.919,0.7764,0.7768,16.00,1.20
2008.11.25 04:13:25.126,0.7764,0.77675,16.00,1.20
2008.11.25 04:13:30.744,0.7764,0.7768,16.00,1.00
2008.11.25 04:13:35.723,0.7764,0.7768,16.00,1.60
2008.11.25 04:13:36.583,0.7764,0.7768,16.00,1.00
2008.11.25 04:13:37.343,0.7764,0.77675,16.00,1.00
2008.11.25 04:13:37.963,0.7764,0.7768,16.00,1.00
2008.11.25 04:13:46.931,0.7764,0.77685,16.00,1.20
2008.11.25 04:13:47.051,0.7764,0.7769,16.60,1.60
2008.11.25 04:13:47.460,0.7764,0.77685,16.60,1.00
2008.11.25 04:14:24.821,0.7764,0.77685,16.00,1.60
2008.11.25 04:14:29.930,0.7764,0.77685,16.60,1.00
2008.11.25 04:14:30.340,0.7764,0.77685,16.00,1.60
2008.11.25 04:14:30.630,0.7764,0.7768,16.00,1.60
2008.11.25 04:14:31.720,0.7764,0.7768,16.00,1.20
2008.11.25 04:14:31.900,0.7764,0.77685,16.00,2.00
2008.11.25 04:14:32.070,0.7764,0.77685,16.00,1.60
2008.11.25 04:14:37.508,0.7764,0.7768,16.00,1.00
2008.11.25 04:14:37.729,0.7764,0.7768,16.00,1.60
2008.11.25 04:14:39.658,0.7764,0.77685,16.00,1.60
2008.11.25 04:14:45.256,0.7764,0.7768,16.00,1.00
2008.11.25 04:14:49.995,0.7764,0.77675,16.00,1.00
2008.11.25 04:15:02.832,0.7764,0.7767,16.00,1.20
2008.11.25 04:15:08.981,0.7764,0.7767,16.00,1.60
2008.11.25 04:15:09.781,0.7764,0.7767,16.00,1.00
2008.11.25 04:15:10.122,0.7764,0.7768,16.00,2.00
2008.11.25 04:15:10.291,0.7764,0.77675,16.00,1.60
2008.11.25 04:15:10.470,0.7764,0.77675,16.00,1.00
2008.11.25 04:15:11.090,0.7764,0.77675,16.00,1.60
2008.11.25 04:15:11.600,0.7764,0.77675,16.00,1.00
2008.11.25 04:15:11.830,0.7764,0.77675,16.00,1.60
2008.11.25 04:15:13.779,0.7764,0.77675,16.00,1.00
2008.11.25 04:15:22.238,0.7764,0.7767,16.00,1.00
2008.11.25 04:15:22.458,0.7764,0.7767,16.00,1.60
2008.11.25 04:15:30.376,0.7764,0.77665,16.00,1.20
2008.11.25 04:15:30.706,0.7764,0.7767,16.00,1.60
2008.11.25 04:15:31.775,0.7764,0.77665,16.00,1.20
2008.11.25 04:15:32.065,0.7764,0.7767,16.00,2.00
2008.11.25 04:15:32.245,0.7764,0.7767,16.00,1.60
2008.11.25 04:15:33.815,0.7764,0.77665,16.00,1.20
2008.11.25 04:15:34.105,0.7764,0.7767,16.00,1.60
2008.11.25 04:15:35.114,0.7764,0.7767,16.00,1.20
2008.11.25 04:15:35.344,0.7764,0.7767,16.00,1.60
2008.11.25 04:15:36.954,0.7764,0.77665,16.00,1.20
2008.11.25 04:15:37.344,0.7764,0.7767,16.00,1.60
2008.11.25 04:15:37.454,0.7764,0.7767,16.00,2.00
2008.11.25 04:15:38.083,0.7764,0.7767,16.00,1.60
2008.11.25 04:15:40.183,0.7764,0.77665,16.00,1.20
2008.11.25 04:15:40.424,0.7764,0.7767,16.00,1.60
2008.11.25 04:15:40.823,0.7764,0.77665,16.00,1.20
2008.11.25 04:15:41.173,0.7764,0.7767,16.00,1.60
2008.11.25 04:15:45.222,0.776,0.7766,1.00,1.20
2008.11.25 04:15:53.900,0.77615,0.77665,1.00,1.60
2008.11.25 04:15:54.180,0.77615,0.77665,1.00,1.00
2008.11.25 04:16:05.937,0.7761,0.7766,1.00,1.20
2008.11.25 04:16:11.656,0.7761,0.77655,1.00,1.00
2008.11.25 04:16:11.835,0.7761,0.77655,1.00,1.60
2008.11.25 04:16:12.066,0.7761,0.77655,1.00,1.00
2008.11.25 04:16:12.235,0.7761,0.7766,1.00,1.60
2008.11.25 04:16:20.324,0.7761,0.7766,1.00,1.20
2008.11.25 04:16:20.833,0.7762,0.77665,1.00,1.00
2008.11.25 04:16:24.542,0.7762,0.7767,1.00,1.60
2008.11.25 04:16:35.540,0.7762,0.7767,1.00,1.20
2008.11.25 04:16:35.720,0.77625,0.7767,1.00,1.20
2008.11.25 04:16:36.549,0.77625,0.7767,1.00,1.60
2008.11.25 04:16:38.009,0.77625,0.7767,1.00,1.00
2008.11.25 04:16:38.309,0.7763,0.7768,1.00,2.00
2008.11.25 04:16:38.589,0.7763,0.7768,1.00,1.60
2008.11.25 04:16:38.819,0.7763,0.77675,1.00,1.00
2008.11.25 04:16:39.289,0.77635,0.7768,1.00,1.00
2008.11.25 04:16:39.679,0.7763,0.7768,1.00,1.60
2008.11.25 04:16:40.129,0.77635,0.7768,1.00,1.00
2008.11.25 04:16:40.409,0.7763,0.77675,1.00,1.00
2008.11.25 04:16:46.947,0.77625,0.77675,1.00,1.60
2008.11.25 04:16:49.507,0.7763,0.77675,1.00,1.00
2008.11.25 04:16:49.627,0.7763,0.7768,1.00,2.00
2008.11.25 04:16:49.746,0.7763,0.7768,1.00,1.60
2008.11.25 04:16:49.926,0.7763,0.77675,1.00,1.00
2008.11.25 04:16:51.476,0.77625,0.77675,1.00,1.60
2008.11.25 04:16:52.506,0.77625,0.7767,1.00,1.00
2008.11.25 04:16:52.855,0.7762,0.7767,1.00,1.60
2008.11.25 04:17:02.363,0.77615,0.77665,1.00,1.20
2008.11.25 04:17:02.473,0.77615,0.77665,1.00,1.60
2008.11.25 04:17:13.222,0.77615,0.77665,1.00,1.20
2008.11.25 04:17:13.721,0.77615,0.77665,1.00,1.00
2008.11.25 04:17:14.120,0.77615,0.77665,1.00,1.20
2008.11.25 04:17:17.640,0.77625,0.7767,1.00,1.00
2008.11.25 04:17:18.040,0.77615,0.77665,1.00,1.20
2008.11.25 04:17:18.320,0.7762,0.7767,1.00,2.00
2008.11.25 04:17:18.559,0.7762,0.7767,1.00,1.60
2008.11.25 04:17:20.219,0.77635,0.77675,1.00,1.00
2008.11.25 04:17:20.449,0.77635,0.7768,1.00,1.00
2008.11.25 04:17:20.679,0.77635,0.77685,1.00,1.00
2008.11.25 04:17:25.788,0.77635,0.7769,1.00,1.00
2008.11.25 04:17:26.008,0.77635,0.77695,1.00,1.00
2008.11.25 04:17:26.398,0.77645,0.77695,1.00,1.00
2008.11.25 04:17:34.086,0.7764,0.77695,1.00,1.00
2008.11.25 04:17:53.131,0.7764,0.777,1.00,1.20
2008.11.25 04:17:53.871,0.7764,0.77695,1.00,1.00
2008.11.25 04:17:55.900,0.7763,0.7768,1.00,1.20
2008.11.25 04:18:00.929,0.77635,0.7769,1.00,1.20
2008.11.25 04:18:05.968,0.7764,0.7769,1.00,1.20
2008.11.25 04:18:16.005,0.77635,0.77685,1.00,1.20
2008.11.25 04:19:10.812,0.7763,0.77685,1.00,1.20
2008.11.25 04:19:11.102,0.77625,0.7768,1.00,1.60
2008.11.25 04:19:12.132,0.7761,0.77675,1.00,1.00
2008.11.25 04:19:12.412,0.7761,0.77675,1.00,2.00
2008.11.25 04:19:12.682,0.7761,0.7767,1.00,1.20
2008.11.25 04:19:13.192,0.7763,0.7767,1.00,1.20
2008.11.25 04:19:13.372,0.7763,0.77675,1.00,1.60
2008.11.25 04:19:16.911,0.7763,0.77665,1.00,1.00
2008.11.25 04:19:17.031,0.77595,0.7766,1.00,1.20
2008.11.25 04:19:18.480,0.77615,0.77665,1.00,1.60
2008.11.25 04:19:19.850,0.7761,0.7766,1.00,1.20
2008.11.25 04:19:20.610,0.77605,0.7766,1.00,1.20
2008.11.25 04:19:21.060,0.776,0.7765,16.60,1.20
2008.11.25 04:19:21.180,0.77605,0.77655,1.00,1.00
2008.11.25 04:19:21.480,0.77605,0.77655,1.00,1.20
2008.11.25 04:19:21.600,0.77605,0.7766,1.00,1.20
2008.11.25 04:19:23.289,0.7761,0.7766,1.00,1.20
2008.11.25 04:19:31.157,0.77615,0.77665,1.00,1.20
2008.11.25 04:19:32.647,0.7761,0.7766,1.00,1.20
2008.11.25 04:19:37.116,0.7761,0.77655,1.00,1.20
2008.11.25 04:19:37.746,0.7761,0.77655,1.00,1.00
2008.11.25 04:19:37.925,0.7761,0.77655,1.00,1.00
2008.11.25 04:19:38.335,0.776,0.7765,19.00,1.20
2008.11.25 04:19:39.675,0.776,0.77655,19.00,1.00
2008.11.25 04:19:39.795,0.776,0.77655,19.00,1.20
2008.11.25 04:19:40.315,0.77605,0.77655,2.20,1.20
2008.11.25 04:19:40.595,0.77605,0.7766,3.00,1.00
2008.11.25 04:19:40.825,0.77605,0.7766,3.00,1.20
2008.11.25 04:19:43.614,0.7761,0.77665,1.00,1.00
2008.11.25 04:19:43.724,0.7761,0.77665,3.00,1.00
2008.11.25 04:19:43.994,0.7761,0.7767,3.00,1.00
2008.11.25 04:19:45.024,0.7761,0.7766,3.00,1.20
2008.11.25 04:19:50.363,0.7761,0.7766,1.00,1.20
2008.11.25 04:19:50.942,0.77605,0.7766,2.20,1.20
2008.11.25 04:19:57.201,0.776,0.77655,19.00,1.20
2008.11.25 04:19:57.491,0.77615,0.7767,2.20,1.00
2008.11.25 04:19:57.611,0.77615,0.7768,3.60,1.00
2008.11.25 04:19:58.901,0.7762,0.7769,2.20,1.00
2008.11.25 04:20:02.830,0.7761,0.77675,2.20,1.20
2008.11.25 04:20:03.120,0.7761,0.7768,2.20,1.20
2008.11.25 04:20:03.579,0.77615,0.7768,2.20,1.20
2008.11.25 04:20:04.429,0.776,0.77655,18.20,1.20
2008.11.25 04:20:06.559,0.776,0.77645,16.00,1.20
2008.11.25 04:20:07.078,0.776,0.77645,18.20,1.20
2008.11.25 04:20:12.047,0.77605,0.77665,1.00,1.20
2008.11.25 04:20:12.208,0.7761,0.7767,2.20,1.20
2008.11.25 04:20:12.547,0.7761,0.77665,2.20,1.20
2008.11.25 04:20:17.336,0.7761,0.7767,1.20,1.00
2008.11.25 04:20:17.456,0.776,0.7765,19.00,1.20
2008.11.25 04:20:23.555,0.77605,0.7765,2.20,1.20
2008.11.25 04:20:23.735,0.77605,0.77655,3.00,1.20
2008.11.25 04:20:28.214,0.776,0.7765,19.00,1.20
2008.11.25 04:20:28.623,0.77605,0.7765,2.20,1.20
2008.11.25 04:20:28.793,0.77605,0.77655,3.00,1.20
2008.11.25 04:20:32.882,0.776,0.77665,18.20,1.00
2008.11.25 04:20:33.002,0.77605,0.77655,1.00,1.20
2008.11.25 04:20:33.333,0.77605,0.77655,3.00,1.20
2008.11.25 04:20:33.562,0.77605,0.7765,2.20,1.20
2008.11.25 04:20:33.792,0.77605,0.77655,3.00,1.20
2008.11.25 04:20:39.071,0.776,0.7765,19.00,1.20
2008.11.25 04:20:39.311,0.7761,0.7766,1.00,1.20
2008.11.25 04:20:39.651,0.776,0.7765,19.00,1.20
2008.11.25 04:20:39.771,0.77605,0.77655,3.00,1.20
2008.11.25 04:20:40.401,0.7761,0.77655,2.20,1.20
2008.11.25 04:20:40.740,0.7761,0.77655,1.00,1.20
2008.11.25 04:20:42.560,0.77605,0.7765,1.00,1.20
2008.11.25 04:20:42.960,0.77605,0.7765,3.00,1.20
2008.11.25 04:20:43.490,0.7761,0.77655,1.00,1.20
2008.11.25 04:20:45.620,0.77605,0.77675,2.20,1.20
2008.11.25 04:20:49.118,0.7762,0.77675,1.00,1.20
2008.11.25 04:20:49.458,0.7762,0.77675,1.00,1.00
2008.11.25 04:20:49.758,0.7762,0.77685,1.00,1.00
2008.11.25 04:20:57.736,0.7762,0.7769,3.00,1.00
2008.11.25 04:20:58.256,0.77625,0.77695,3.00,1.00
2008.11.25 04:20:58.776,0.77625,0.77695,4.20,1.00
2008.11.25 04:20:59.416,0.77625,0.77695,3.60,1.00
2008.11.25 04:21:00.615,0.77625,0.77695,2.20,1.00
2008.11.25 04:21:02.645,0.7762,0.7769,3.60,1.00
2008.11.25 04:21:03.445,0.77625,0.77695,2.20,1.00
2008.11.25 04:21:06.784,0.7762,0.7769,3.60,1.00
2008.11.25 04:21:07.074,0.77625,0.77695,2.20,1.00
2008.11.25 04:21:08.104,0.7762,0.7769,3.60,1.00
2008.11.25 04:21:08.664,0.7762,0.7769,2.20,1.00
2008.11.25 04:21:09.734,0.77615,0.77685,2.20,1.00
2008.11.25 04:21:09.973,0.77625,0.7769,2.20,1.00
2008.11.25 04:21:11.833,0.7762,0.77685,3.60,1.00
2008.11.25 04:21:12.063,0.7762,0.77685,2.20,1.00
2008.11.25 04:21:13.223,0.7761,0.7768,3.60,1.00
2008.11.25 04:21:14.792,0.7763,0.77685,1.00,1.00
2008.11.25 04:21:18.241,0.7763,0.7769,1.00,1.00
2008.11.25 04:21:18.411,0.77635,0.7769,1.00,1.00
2008.11.25 04:21:18.871,0.77635,0.77695,1.00,1.60
2008.11.25 04:21:19.441,0.7764,0.77695,1.00,1.00
2008.11.25 04:21:19.551,0.7764,0.777,1.00,1.60
2008.11.25 04:21:21.940,0.7764,0.77695,1.00,1.00
2008.11.25 04:21:22.120,0.7763,0.77695,1.00,1.60
2008.11.25 04:21:22.561,0.7763,0.77695,3.00,1.20
2008.11.25 04:21:23.240,0.7763,0.77695,1.00,1.60
2008.11.25 04:21:25.140,0.77625,0.7769,1.00,1.60
2008.11.25 04:21:25.310,0.7763,0.77695,1.00,1.60
2008.11.25 04:21:25.699,0.7762,0.7769,3.60,1.60
2008.11.25 04:21:25.999,0.7762,0.7769,2.20,1.60
2008.11.25 04:21:26.339,0.77615,0.77685,2.20,1.00
2008.11.25 04:21:29.709,0.7761,0.7768,10.20,1.00
2008.11.25 04:21:30.628,0.77615,0.77685,2.20,1.00
2008.11.25 04:21:31.618,0.7763,0.7769,1.00,1.00
2008.11.25 04:21:31.848,0.7763,0.77695,1.00,1.60
2008.11.25 04:21:32.088,0.7763,0.77695,3.00,1.20
2008.11.25 04:21:47.234,0.7761,0.7768,10.20,1.00
2008.11.25 04:21:47.644,0.7761,0.7768,11.60,1.00
2008.11.25 04:21:47.814,0.77615,0.77685,2.20,1.00
2008.11.25 04:21:49.514,0.7761,0.7767,10.20,1.20
2008.11.25 04:21:56.442,0.7761,0.7767,8.00,1.20
2008.11.25 04:21:57.222,0.7761,0.7767,8.00,1.60
2008.11.25 04:21:57.802,0.7761,0.7766,8.00,1.00
2008.11.25 04:21:58.761,0.7761,0.77665,8.00,1.00
2008.11.25 04:21:59.261,0.7761,0.77675,8.00,1.00
2008.11.25 04:21:59.542,0.7761,0.7767,8.00,1.20
2008.11.25 04:21:59.661,0.7761,0.7767,10.20,1.20
2008.11.25 04:22:00.241,0.7761,0.7767,8.00,1.60
2008.11.25 04:22:00.701,0.7761,0.7767,10.20,1.20
2008.11.25 04:22:01.751,0.7761,0.7767,8.00,1.60
2008.11.25 04:22:02.171,0.7761,0.77665,8.00,1.00
2008.11.25 04:22:02.331,0.7761,0.7767,10.20,1.20
2008.11.25 04:22:02.681,0.7761,0.7767,8.00,1.60
2008.11.25 04:22:03.570,0.7761,0.7767,8.00,1.20
2008.11.25 04:22:04.210,0.7761,0.7767,10.20,1.20
2008.11.25 04:22:05.010,0.7761,0.7767,8.00,1.20
2008.11.25 04:22:05.300,0.7761,0.7768,10.20,1.20
2008.11.25 04:22:05.540,0.7761,0.7767,10.20,1.20
2008.11.25 04:22:06.420,0.7761,0.7767,8.00,1.20
2008.11.25 04:22:07.000,0.7761,0.7767,8.00,1.00
2008.11.25 04:22:07.390,0.7761,0.7767,8.00,1.60
2008.11.25 04:22:09.219,0.7761,0.7767,8.00,1.20
2008.11.25 04:22:11.798,0.7761,0.77665,8.00,1.20
2008.11.25 04:22:15.418,0.7761,0.77675,8.00,1.20
2008.11.25 04:22:15.657,0.7761,0.7768,8.60,1.20
2008.11.25 04:22:15.937,0.7761,0.77675,8.00,1.20
2008.11.25 04:22:16.218,0.7761,0.7768,8.00,1.00
2008.11.25 04:22:17.317,0.7761,0.77675,8.00,1.20
2008.11.25 04:22:17.497,0.7761,0.77665,8.00,1.20
2008.11.25 04:22:17.957,0.7761,0.77665,8.00,1.00
2008.11.25 04:22:19.807,0.7761,0.77655,8.00,1.20
2008.11.25 04:22:23.396,0.7761,0.7765,8.00,1.20
2008.11.25 04:22:23.906,0.7761,0.77655,8.00,1.20
2008.11.25 04:22:24.136,0.7761,0.7766,8.00,1.20
2008.11.25 04:22:24.306,0.7761,0.77635,8.00,1.20
2008.11.25 04:22:25.645,0.7761,0.7762,8.00,1.20
2008.11.25 04:22:25.875,0.776,0.7762,16.00,1.20
2008.11.25 04:22:32.894,0.776,0.7764,16.00,1.00
2008.11.25 04:22:32.953,0.776,0.77615,16.00,1.20
2008.11.25 04:22:33.293,0.7761,0.77625,8.00,1.20
2008.11.25 04:22:33.583,0.776,0.77625,16.00,1.20
2008.11.25 04:22:34.023,0.7761,0.77615,8.00,1.20
2008.11.25 04:22:34.373,0.7757,0.7762,8.00,1.20
2008.11.25 04:22:34.733,0.7759,0.7762,16.00,1.20
2008.11.25 04:22:35.173,0.776,0.77635,8.00,1.80
2008.11.25 04:22:35.393,0.776,0.77615,16.00,1.00
2008.11.25 04:22:35.853,0.7761,0.7762,8.00,1.20
2008.11.25 04:22:36.123,0.776,0.7762,16.00,1.20
2008.11.25 04:22:39.182,0.7754,0.7762,1.00,1.20
2008.11.25 04:22:39.242,0.77545,0.7762,1.00,1.20
2008.11.25 04:22:42.911,0.7757,0.7762,1.00,1.20
2008.11.25 04:22:43.941,0.77575,0.7762,1.00,1.20
2008.11.25 04:22:44.960,0.7756,0.7762,2.00,1.20
2008.11.25 04:22:45.351,0.7758,0.77625,1.00,1.20
2008.11.25 04:22:45.690,0.7757,0.7762,1.00,1.20
2008.11.25 04:22:46.830,0.7756,0.77615,1.00,1.20
2008.11.25 04:22:47.060,0.77565,0.77615,1.00,1.20
2008.11.25 04:22:48.390,0.7756,0.77615,1.00,1.20
2008.11.25 04:22:48.510,0.77565,0.77615,1.00,1.20
2008.11.25 04:22:51.189,0.7756,0.77615,1.00,1.20
2008.11.25 04:22:51.369,0.77565,0.77615,1.00,1.20
2008.11.25 04:22:52.309,0.7756,0.77615,1.00,1.20
2008.11.25 04:22:54.158,0.77555,0.776,1.00,1.20
2008.11.25 04:22:55.488,0.7756,0.77605,1.00,1.20
2008.11.25 04:22:56.448,0.77545,0.77595,1.00,1.20
2008.11.25 04:22:56.748,0.7755,0.776,1.00,1.20
2008.11.25 04:22:58.767,0.77555,0.776,1.00,1.20
2008.11.25 04:23:01.657,0.77545,0.77595,1.00,1.20
2008.11.25 04:23:03.676,0.77545,0.7759,1.00,1.20
2008.11.25 04:23:03.916,0.77545,0.77595,1.00,1.20
2008.11.25 04:23:04.086,0.77545,0.7759,1.00,1.20
2008.11.25 04:23:04.666,0.77545,0.77595,1.00,1.20
2008.11.25 04:23:05.416,0.77545,0.7759,1.00,1.20
2008.11.25 04:23:05.586,0.77545,0.77595,1.00,1.20
2008.11.25 04:23:07.435,0.77545,0.7759,1.00,1.20
2008.11.25 04:23:10.115,0.77545,0.77595,1.00,1.20
2008.11.25 04:23:12.674,0.77545,0.7759,1.00,1.20
2008.11.25 04:23:12.784,0.77545,0.77595,1.00,1.20
2008.11.25 04:23:14.443,0.7755,0.776,1.00,1.20
2008.11.25 04:23:15.173,0.77545,0.77595,1.00,1.20
2008.11.25 04:23:20.702,0.7755,0.776,1.00,1.20
2008.11.25 04:23:22.322,0.77555,0.776,1.00,1.20
2008.11.25 04:23:24.741,0.7755,0.776,1.00,1.20
2008.11.25 04:23:24.961,0.77545,0.77595,1.00,1.20
2008.11.25 04:23:25.431,0.7755,0.776,1.00,1.20
2008.11.25 04:23:30.030,0.77555,0.776,1.00,1.20
2008.11.25 04:23:31.069,0.77545,0.77595,1.00,1.20
2008.11.25 04:23:31.409,0.7755,0.77605,1.00,1.20
2008.11.25 04:23:32.269,0.77565,0.7761,1.00,1.20
2008.11.25 04:23:32.899,0.7755,0.77605,1.00,1.20
2008.11.25 04:23:33.839,0.7755,0.776,1.00,1.20
2008.11.25 04:23:53.364,0.77565,0.7761,1.00,1.20
2008.11.25 04:23:54.964,0.7755,0.77605,1.00,1.20
2008.11.25 04:24:08.080,0.77555,0.7761,1.00,1.20
2008.11.25 04:24:08.610,0.77555,0.7762,1.00,1.20
2008.11.25 04:24:08.900,0.7757,0.77625,1.00,1.20
2008.11.25 04:24:09.130,0.77575,0.7763,1.00,1.20
2008.11.25 04:24:09.300,0.77575,0.77635,1.00,1.20
2008.11.25 04:24:09.420,0.77575,0.77645,1.00,1.20
2008.11.25 04:24:09.750,0.77575,0.7765,1.00,1.20
2008.11.25 04:24:10.150,0.77585,0.7766,1.00,1.00
2008.11.25 04:24:10.260,0.77585,0.7766,1.00,1.20
2008.11.25 04:24:10.660,0.77585,0.77665,1.00,1.00
2008.11.25 04:24:11.010,0.77605,0.7767,1.00,1.00
2008.11.25 04:24:11.250,0.77605,0.77675,1.00,1.20
2008.11.25 04:24:11.520,0.776,0.77665,1.00,1.20
2008.11.25 04:24:11.850,0.77595,0.77645,1.20,1.20
2008.11.25 04:24:12.079,0.77585,0.77645,1.00,1.20
2008.11.25 04:24:12.359,0.77585,0.7764,1.00,1.20
2008.11.25 04:24:12.649,0.7758,0.7764,10.20,1.20
2008.11.25 04:24:15.089,0.7758,0.7762,8.00,1.20
2008.11.25 04:24:17.828,0.7758,0.77615,8.00,1.20
2008.11.25 04:24:18.688,0.7758,0.7761,8.00,1.20
2008.11.25 04:24:18.798,0.7758,0.77605,8.00,1.20
2008.11.25 04:24:37.663,0.7757,0.77595,8.00,1.20
2008.11.25 04:24:48.911,0.7752,0.77585,3.00,1.20
2008.11.25 04:24:50.010,0.77535,0.77585,1.00,1.20
2008.11.25 04:24:50.180,0.7753,0.7758,3.00,1.20
2008.11.25 04:24:51.740,0.7754,0.7758,2.20,1.20
2008.11.25 04:24:51.910,0.77545,0.7759,1.00,1.20
2008.11.25 04:24:53.280,0.77545,0.7759,3.00,1.20
2008.11.25 04:24:54.090,0.7753,0.7758,3.00,1.20
2008.11.25 04:24:57.878,0.77535,0.7758,2.20,1.20
2008.11.25 04:24:58.158,0.77535,0.77585,3.00,1.20
2008.11.25 04:25:02.207,0.77535,0.77585,1.00,1.20
2008.11.25 04:25:13.645,0.7753,0.7758,1.00,1.20
2008.11.25 04:25:14.294,0.7753,0.7758,3.00,1.20
2008.11.25 04:25:19.013,0.7753,0.7758,1.00,1.20
2008.11.25 04:25:31.790,0.77525,0.7757,1.00,1.20
2008.11.25 04:26:00.253,0.77545,0.7758,1.20,1.20
2008.11.25 04:26:00.423,0.77525,0.7758,1.00,1.20
2008.11.25 04:26:02.723,0.7754,0.7757,2.20,1.20
2008.11.25 04:26:02.783,0.7754,0.7759,3.00,1.00
2008.11.25 04:26:02.893,0.77545,0.77605,1.20,1.00
2008.11.25 04:26:03.702,0.7755,0.77605,1.20,1.00
2008.11.25 04:26:03.942,0.77545,0.77605,1.20,1.00
2008.11.25 04:26:08.221,0.7755,0.77605,1.20,1.00
2008.11.25 04:26:08.631,0.77545,0.77605,1.20,1.00
2008.11.25 04:26:09.651,0.77545,0.7761,1.20,1.00
2008.11.25 04:26:10.041,0.77555,0.77625,2.20,1.20
2008.11.25 04:26:10.341,0.77555,0.77625,3.60,1.00
2008.11.25 04:26:11.110,0.77555,0.77625,2.20,1.00
2008.11.25 04:26:18.779,0.77545,0.77615,3.60,1.00
2008.11.25 04:26:19.069,0.77545,0.7761,3.60,1.20
2008.11.25 04:26:19.248,0.77545,0.7761,2.20,1.20
2008.11.25 04:26:21.508,0.7755,0.7761,2.20,1.20
2008.11.25 04:26:21.568,0.7755,0.77615,2.20,1.20
2008.11.25 04:26:22.678,0.7754,0.7761,2.20,1.00
2008.11.25 04:26:22.898,0.7754,0.77595,2.20,1.20
2008.11.25 04:26:25.957,0.77535,0.77595,1.00,1.20
2008.11.25 04:26:26.127,0.7753,0.77585,2.20,1.20
2008.11.25 04:26:26.987,0.7754,0.77585,1.00,1.20
2008.11.25 04:26:48.672,0.7754,0.77585,3.00,1.20
2008.11.25 04:26:48.841,0.7755,0.77595,1.00,1.20
2008.11.25 04:26:55.390,0.7754,0.7761,2.20,1.00
2008.11.25 04:27:01.428,0.7755,0.77615,2.20,1.00
2008.11.25 04:27:01.649,0.7755,0.7762,2.20,1.20
2008.11.25 04:27:01.888,0.77545,0.77615,2.20,1.00
2008.11.25 04:27:02.118,0.7755,0.77595,1.00,1.20
2008.11.25 04:27:03.598,0.7754,0.7759,1.00,1.20
2008.11.25 04:27:04.927,0.7754,0.77595,3.00,1.20
2008.11.25 04:27:06.017,0.7755,0.77595,1.00,1.20
2008.11.25 04:27:18.284,0.7755,0.776,1.00,1.20
2008.11.25 04:27:23.523,0.7754,0.7759,3.00,1.20
2008.11.25 04:27:23.583,0.7754,0.7759,1.00,1.20
2008.11.25 04:27:24.273,0.7754,0.77585,1.00,1.20
2008.11.25 04:27:29.802,0.7754,0.7759,1.00,1.20
2008.11.25 04:27:31.861,0.77535,0.7759,3.00,1.20
2008.11.25 04:27:32.321,0.77535,0.7759,1.00,1.20
2008.11.25 04:27:32.611,0.7753,0.77585,3.00,1.20
2008.11.25 04:27:34.111,0.7754,0.776,1.00,1.00
2008.11.25 04:27:34.340,0.7754,0.776,3.00,1.20
2008.11.25 04:27:34.520,0.77545,0.776,2.20,1.20
2008.11.25 04:27:34.821,0.77545,0.77605,3.00,1.20
2008.11.25 04:27:35.860,0.77545,0.776,2.20,1.20
2008.11.25 04:27:36.090,0.77555,0.77615,1.00,1.20
2008.11.25 04:27:36.370,0.77555,0.7762,1.00,2.00
2008.11.25 04:27:36.550,0.77555,0.7762,1.00,1.60
2008.11.25 04:27:46.418,0.7755,0.77615,3.00,1.20
2008.11.25 04:27:46.597,0.7755,0.77615,1.00,1.60
2008.11.25 04:27:47.347,0.7755,0.7761,1.00,1.20
2008.11.25 04:27:48.877,0.7755,0.7761,3.00,1.20
2008.11.25 04:27:49.047,0.77555,0.77615,1.00,1.20
2008.11.25 04:27:50.537,0.77555,0.77615,1.00,1.60
2008.11.25 04:27:50.927,0.7755,0.7761,1.00,1.20
2008.11.25 04:27:52.026,0.77555,0.77615,1.00,1.60
2008.11.25 04:27:56.465,0.7756,0.77615,1.00,1.20
2008.11.25 04:27:58.894,0.77575,0.77615,1.20,1.20
2008.11.25 04:27:59.065,0.77575,0.77635,1.20,1.00
2008.11.25 04:28:00.034,0.77575,0.77645,3.60,1.00
2008.11.25 04:28:00.504,0.7758,0.77645,1.20,1.00
2008.11.25 04:28:00.674,0.7759,0.7765,1.20,1.00
2008.11.25 04:28:00.904,0.77585,0.7765,2.20,1.00
2008.11.25 04:28:01.314,0.7758,0.7765,2.20,1.00
2008.11.25 04:28:05.063,0.77575,0.77625,1.20,1.20
2008.11.25 04:28:05.183,0.77565,0.77625,2.20,1.20
2008.11.25 04:28:08.113,0.7756,0.77615,3.00,1.20
2008.11.25 04:28:08.222,0.7756,0.77615,2.20,1.20
2008.11.25 04:28:08.392,0.7756,0.7761,2.20,1.20
2008.11.25 04:28:08.572,0.77555,0.7761,2.20,1.20
2008.11.25 04:28:36.286,0.7756,0.77615,2.20,1.20
2008.11.25 04:28:36.506,0.7756,0.7761,2.20,1.20
2008.11.25 04:28:36.735,0.77555,0.7761,2.20,1.20
2008.11.25 04:28:44.914,0.7756,0.7762,1.00,1.00
2008.11.25 04:28:45.083,0.77565,0.77635,3.60,1.00
2008.11.25 04:28:54.362,0.7757,0.7764,2.20,1.00
2008.11.25 04:28:58.380,0.77575,0.77645,4.20,1.00
2008.11.25 04:28:59.060,0.77575,0.7764,2.00,1.00
2008.11.25 04:28:59.810,0.77575,0.77635,1.20,1.00
2008.11.25 04:28:59.980,0.7757,0.77635,3.00,1.00
2008.11.25 04:29:02.139,0.7757,0.7764,3.00,1.00
2008.11.25 04:29:02.419,0.77575,0.7764,2.00,1.00
2008.11.25 04:29:02.809,0.77575,0.7764,1.00,1.00
2008.11.25 04:29:02.909,0.7757,0.7764,3.00,1.00
2008.11.25 04:29:05.848,0.77575,0.77645,3.00,1.00
2008.11.25 04:29:06.088,0.77575,0.77645,4.20,1.00
2008.11.25 04:29:06.708,0.77575,0.77635,2.00,1.00
2008.11.25 04:29:06.888,0.77575,0.77635,1.20,1.00
2008.11.25 04:29:07.168,0.77575,0.7764,2.00,1.00
2008.11.25 04:29:09.068,0.77575,0.77635,2.00,1.00
2008.11.25 04:29:09.178,0.77575,0.77635,1.20,1.00
2008.11.25 04:29:09.338,0.77565,0.77635,3.00,1.00
2008.11.25 04:29:09.798,0.7757,0.7764,2.20,1.00
2008.11.25 04:29:10.147,0.77565,0.7763,1.00,1.00
2008.11.25 04:29:10.537,0.776,0.77645,1.00,1.00
2008.11.25 04:29:10.767,0.776,0.7766,1.00,72.00
2008.11.25 04:29:10.937,0.776,0.7766,1.00,72.80
2008.11.25 04:29:11.157,0.776,0.7766,1.00,73.60
2008.11.25 04:29:17.285,0.77615,0.7766,1.00,72.80
2008.11.25 04:29:20.675,0.77615,0.7766,1.00,72.00
2008.11.25 04:29:24.634,0.7762,0.7766,1.00,72.00
2008.11.25 04:29:27.463,0.77625,0.7766,1.00,72.00
2008.11.25 04:29:29.973,0.7762,0.7766,1.00,72.00
2008.11.25 04:29:31.212,0.77615,0.7766,1.00,72.00
2008.11.25 04:29:32.003,0.77615,0.7766,1.00,72.80
2008.11.25 04:29:33.952,0.77615,0.7766,1.00,72.00
2008.11.25 04:29:38.600,0.77615,0.7766,1.00,72.80
2008.11.25 04:29:41.070,0.7761,0.77655,1.00,1.20
2008.11.25 04:29:42.450,0.77615,0.7766,1.00,72.80
2008.11.25 04:29:43.420,0.7761,0.77655,1.00,1.20
2008.11.25 04:29:46.779,0.77615,0.7766,1.00,72.80
2008.11.25 04:29:50.118,0.7762,0.7766,1.00,72.00
2008.11.25 04:29:53.027,0.77615,0.7766,1.00,72.00
2008.11.25 04:30:01.675,0.7763,0.7766,1.00,72.00
2008.11.25 04:30:07.603,0.77615,0.7766,1.00,72.00
2008.11.25 04:30:07.843,0.77615,0.7766,1.00,72.80
2008.11.25 04:30:08.183,0.7758,0.7765,8.00,1.20
2008.11.25 04:30:08.483,0.7758,0.77635,8.00,1.00
2008.11.25 04:30:15.551,0.7764,0.7766,1.00,72.00
2008.11.25 04:30:17.051,0.77635,0.7766,1.00,72.00
2008.11.25 04:30:17.391,0.77595,0.7766,1.20,72.00
2008.11.25 04:30:17.611,0.7759,0.7766,1.00,72.00
2008.11.25 04:30:18.281,0.7758,0.7766,16.00,72.00
2008.11.25 04:30:18.691,0.7759,0.77645,16.00,1.00
2008.11.25 04:30:20.140,0.7759,0.77635,16.00,1.00
2008.11.25 04:30:22.280,0.7759,0.7763,16.00,1.00
2008.11.25 04:30:27.409,0.7759,0.77635,16.00,1.00
2008.11.25 04:30:30.218,0.7759,0.7763,16.00,1.00
2008.11.25 04:30:30.848,0.7759,0.77635,16.00,1.00
2008.11.25 04:30:32.368,0.7759,0.7763,16.00,1.00
2008.11.25 04:30:32.977,0.7759,0.77635,16.00,1.00
2008.11.25 04:30:39.486,0.7759,0.7763,16.00,1.00
2008.11.25 04:30:39.836,0.7759,0.77635,16.00,1.00
2008.11.25 04:30:40.076,0.7759,0.7763,16.00,1.00
2008.11.25 04:30:44.324,0.7759,0.77635,16.00,1.00
2008.11.25 04:30:47.124,0.7759,0.7763,16.00,1.00
2008.11.25 04:30:53.163,0.7759,0.7762,16.00,1.00
2008.11.25 04:30:55.752,0.7759,0.77615,16.00,1.00
2008.11.25 04:30:56.792,0.7759,0.7761,16.00,1.00
2008.11.25 04:30:57.081,0.7759,0.77615,16.00,1.00
2008.11.25 04:30:57.481,0.7759,0.7761,16.00,1.00
2008.11.25 04:30:57.821,0.7759,0.77605,16.00,1.00
2008.11.25 04:30:59.781,0.7759,0.776,16.00,1.00
2008.11.25 04:31:00.301,0.7759,0.7761,16.00,1.00
2008.11.25 04:31:02.230,0.7759,0.776,16.00,1.00
2008.11.25 04:31:06.259,0.7758,0.776,8.80,1.00
2008.11.25 04:31:08.349,0.7759,0.776,16.00,1.00
2008.11.25 04:31:08.619,0.7759,0.7761,16.00,1.00
2008.11.25 04:31:13.048,0.7759,0.77605,16.00,1.00
2008.11.25 04:31:13.338,0.7759,0.776,16.00,1.00
2008.11.25 04:31:13.518,0.7759,0.77605,16.00,1.00
2008.11.25 04:31:17.867,0.7758,0.77605,8.80,1.00
2008.11.25 04:31:18.617,0.7759,0.77615,16.00,1.00
2008.11.25 04:31:18.677,0.7759,0.776,16.00,1.00
2008.11.25 04:31:18.736,0.7759,0.7761,16.00,1.00
2008.11.25 04:31:19.256,0.7759,0.77615,16.00,1.00
2008.11.25 04:31:19.606,0.7759,0.7762,16.00,1.00
2008.11.25 04:31:21.026,0.7759,0.77605,16.00,1.00
2008.11.25 04:31:22.286,0.7759,0.776,16.00,1.00
2008.11.25 04:31:24.855,0.7759,0.77605,16.00,1.00
2008.11.25 04:31:27.964,0.7758,0.77605,8.80,1.00
2008.11.25 04:31:28.634,0.7758,0.776,8.80,1.00
2008.11.25 04:31:28.754,0.7759,0.776,16.00,1.00
2008.11.25 04:31:29.264,0.7759,0.77605,16.00,1.00
2008.11.25 04:31:29.613,0.7759,0.776,16.00,1.00
2008.11.25 04:31:29.954,0.7759,0.77605,16.00,1.00
2008.11.25 04:31:30.813,0.7759,0.776,16.00,1.00
2008.11.25 04:31:34.042,0.7758,0.776,8.80,1.00
2008.11.25 04:31:37.701,0.7759,0.776,16.00,1.00
2008.11.25 04:31:39.991,0.7759,0.77595,16.00,1.00
2008.11.25 04:31:41.061,0.7758,0.7759,20.40,1.00
2008.11.25 04:31:41.471,0.7759,0.77595,16.00,1.00
2008.11.25 04:31:44.740,0.7758,0.77595,8.80,1.00
2008.11.25 04:31:45.550,0.7756,0.77595,8.00,1.00
2008.11.25 04:31:47.879,0.7758,0.7763,16.00,8.60
2008.11.25 04:31:50.239,0.7759,0.776,16.00,1.00
2008.11.25 04:31:56.587,0.7758,0.776,8.80,1.00
2008.11.25 04:31:57.927,0.7759,0.776,16.00,1.00
2008.11.25 04:32:01.166,0.7758,0.776,8.80,1.00
2008.11.25 04:32:01.456,0.7758,0.7759,8.80,1.00
2008.11.25 04:32:01.806,0.7758,0.776,8.80,1.00
2008.11.25 04:32:06.955,0.7758,0.776,8.80,1.00
2008.11.25 04:32:07.124,0.7759,0.77595,16.00,1.00
2008.11.25 04:32:10.134,0.7759,0.77615,16.00,9.40
2008.11.25 04:32:10.364,0.7755,0.7759,8.00,1.20
2008.11.25 04:32:10.484,0.77485,0.7759,1.20,1.20
2008.11.25 04:32:10.844,0.7748,0.7758,1.20,1.20
2008.11.25 04:32:10.964,0.77465,0.77575,1.20,1.00
2008.11.25 04:32:12.723,0.7748,0.7756,1.20,1.20
2008.11.25 04:32:12.843,0.77475,0.77555,1.20,1.00
2008.11.25 04:32:14.804,0.7748,0.7756,1.20,1.00
2008.11.25 04:32:14.913,0.7748,0.7756,1.20,1.00
2008.11.25 04:32:17.832,0.7748,0.77565,1.20,1.00
2008.11.25 04:32:17.892,0.77485,0.7757,1.20,1.00
2008.11.25 04:32:18.702,0.775,0.7758,1.20,1.00
2008.11.25 04:32:19.052,0.7748,0.7756,1.20,1.00
2008.11.25 04:32:19.391,0.7748,0.77565,1.20,1.00
2008.11.25 04:32:19.911,0.77495,0.77575,1.20,1.00
2008.11.25 04:32:20.261,0.7749,0.77575,1.20,1.00
2008.11.25 04:32:20.662,0.77495,0.77575,1.20,1.00
2008.11.25 04:32:21.191,0.7749,0.77575,1.20,1.00
2008.11.25 04:32:21.361,0.7749,0.7756,1.20,1.20
2008.11.25 04:32:21.651,0.77475,0.77555,1.20,1.00
2008.11.25 04:32:21.871,0.7747,0.77555,3.60,1.00
2008.11.25 04:32:22.511,0.7748,0.7756,1.20,1.00
2008.11.25 04:32:23.151,0.7749,0.77575,1.20,1.20
2008.11.25 04:32:23.441,0.7749,0.7757,1.20,1.20
2008.11.25 04:32:23.601,0.7748,0.77565,1.20,1.00
2008.11.25 04:32:23.830,0.7748,0.7756,1.20,1.00
2008.11.25 04:32:24.700,0.7749,0.7757,1.20,1.00
2008.11.25 04:32:25.330,0.7749,0.77575,1.20,1.00
2008.11.25 04:32:25.900,0.77485,0.7757,2.00,1.00
2008.11.25 04:32:26.070,0.77485,0.7757,1.20,1.00
2008.11.25 04:32:27.150,0.77485,0.7757,3.60,1.00
2008.11.25 04:32:27.370,0.77485,0.7757,4.20,1.00
2008.11.25 04:32:27.480,0.7749,0.77575,1.20,1.00
2008.11.25 04:32:27.760,0.77485,0.7757,3.60,1.00
2008.11.25 04:32:27.879,0.7748,0.77565,3.60,1.00
2008.11.25 04:32:28.279,0.7748,0.77565,1.20,1.00
2008.11.25 04:32:32.809,0.7748,0.77565,2.00,1.00
2008.11.25 04:32:32.919,0.77485,0.7757,1.20,1.00
2008.11.25 04:32:34.818,0.7749,0.77575,1.20,1.00
2008.11.25 04:32:36.758,0.77485,0.7757,2.00,1.00
2008.11.25 04:32:37.107,0.7749,0.77575,1.20,1.00
2008.11.25 04:32:43.056,0.77485,0.7757,1.20,1.00
2008.11.25 04:32:43.337,0.7748,0.77565,3.60,1.00
2008.11.25 04:32:43.786,0.7748,0.77565,4.20,1.00
2008.11.25 04:32:44.016,0.77485,0.7757,1.20,1.00
2008.11.25 04:32:47.395,0.77485,0.7757,1.20,1.00
2008.11.25 04:32:47.625,0.7748,0.77565,3.60,1.00
2008.11.25 04:32:48.564,0.7748,0.77565,1.20,1.00
2008.11.25 04:32:50.525,0.7748,0.7756,1.20,1.20
2008.11.25 04:32:50.704,0.77475,0.77555,1.20,1.00
2008.11.25 04:32:51.004,0.7748,0.7756,1.20,1.00
2008.11.25 04:32:51.885,0.7748,0.77565,1.20,1.00
2008.11.25 04:32:52.224,0.77485,0.7757,1.20,1.00
2008.11.25 04:32:59.682,0.7748,0.77565,1.20,1.00
2008.11.25 04:33:00.662,0.7748,0.77565,1.20,1.00
2008.11.25 04:33:00.832,0.7748,0.7756,1.20,1.20
2008.11.25 04:33:01.052,0.77475,0.77555,1.20,1.00
2008.11.25 04:33:01.331,0.7748,0.77565,1.20,1.00
2008.11.25 04:33:01.741,0.7748,0.77565,1.20,1.20
2008.11.25 04:33:01.971,0.7748,0.7756,1.20,1.20
2008.11.25 04:33:02.421,0.77475,0.77555,1.20,1.00
2008.11.25 04:33:03.231,0.7748,0.7756,1.20,1.00
2008.11.25 04:33:04.901,0.7748,0.77565,1.20,1.00
2008.11.25 04:33:06.390,0.7748,0.77565,1.20,1.00
2008.11.25 04:33:06.560,0.7748,0.7756,1.20,1.00
2008.11.25 04:33:06.670,0.77475,0.77555,1.20,1.00
2008.11.25 04:33:12.559,0.7749,0.77575,1.20,2.00
2008.11.25 04:33:13.189,0.7749,0.77575,1.20,1.00
2008.11.25 04:33:13.649,0.7749,0.77575,1.20,2.00
2008.11.25 04:33:13.948,0.77485,0.77565,1.20,1.00
2008.11.25 04:33:16.138,0.7749,0.77575,1.20,1.00
2008.11.25 04:33:16.369,0.77485,0.7757,1.20,1.00
2008.11.25 04:33:19.137,0.77485,0.7757,2.00,1.00
2008.11.25 04:33:19.487,0.7749,0.77575,1.20,1.00
2008.11.25 04:33:29.385,0.7749,0.77575,1.20,1.00
2008.11.25 04:33:29.674,0.77485,0.7757,1.20,1.00
2008.11.25 04:33:30.534,0.77485,0.7757,1.20,1.00
2008.11.25 04:33:30.654,0.7748,0.77565,1.20,1.00
2008.11.25 04:33:32.014,0.7748,0.77545,1.20,1.20
2008.11.25 04:33:32.184,0.77475,0.77545,1.00,1.20
2008.11.25 04:33:32.684,0.77475,0.7755,1.00,1.20
2008.11.25 04:33:32.974,0.7748,0.7755,1.00,1.20
2008.11.25 04:33:41.782,0.7749,0.7756,1.00,1.20
2008.11.25 04:33:50.100,0.77485,0.77555,1.00,1.20
2008.11.25 04:33:50.660,0.7749,0.7756,1.00,1.00
2008.11.25 04:33:50.830,0.7749,0.7756,1.00,1.20
2008.11.25 04:33:51.649,0.7749,0.7756,1.00,1.00
2008.11.25 04:33:51.949,0.7749,0.7756,1.00,1.20
2008.11.25 04:33:55.909,0.77495,0.77565,1.00,1.00
2008.11.25 04:33:56.208,0.77495,0.77565,1.00,1.00
2008.11.25 04:33:56.548,0.77495,0.7757,1.00,1.20
2008.11.25 04:33:58.308,0.77495,0.77565,1.00,1.20
2008.11.25 04:33:58.938,0.77495,0.7757,1.00,1.20
2008.11.25 04:33:59.637,0.77495,0.77565,1.00,1.20
2008.11.25 04:33:59.907,0.7749,0.7756,1.00,1.20
2008.11.25 04:34:03.207,0.77495,0.77565,1.00,1.20
2008.11.25 04:34:05.396,0.77495,0.77565,1.00,1.00
2008.11.25 04:34:05.876,0.77495,0.77565,1.00,1.20
2008.11.25 04:34:18.293,0.77495,0.7757,1.00,1.00
2008.11.25 04:34:18.463,0.77495,0.7757,1.00,1.20
2008.11.25 04:34:29.640,0.77495,0.77565,1.00,1.20
2008.11.25 04:34:33.500,0.7749,0.7756,1.00,1.20
2008.11.25 04:34:35.468,0.77495,0.77565,1.00,1.00
2008.11.25 04:34:35.819,0.7749,0.7756,1.00,1.20
2008.11.25 04:34:38.188,0.77485,0.77555,1.00,1.20
2008.11.25 04:34:39.038,0.7748,0.7755,2.00,1.20
2008.11.25 04:34:39.318,0.7748,0.7755,1.00,1.20
2008.11.25 04:34:39.668,0.77485,0.77555,1.00,1.00
2008.11.25 04:34:40.028,0.7749,0.7756,1.00,1.20
2008.11.25 04:34:45.166,0.7749,0.7756,2.00,1.20
2008.11.25 04:34:45.286,0.77495,0.7757,1.00,1.20
2008.11.25 04:34:47.266,0.775,0.7757,1.00,1.20
2008.11.25 04:34:48.006,0.77495,0.7757,2.00,1.20
2008.11.25 04:34:48.236,0.77495,0.7757,1.00,1.20
2008.11.25 04:34:52.605,0.77495,0.7757,2.00,1.20
2008.11.25 04:34:52.785,0.77495,0.7756,1.20,1.20
2008.11.25 04:34:52.945,0.7749,0.7756,1.00,1.20
2008.11.25 04:34:53.185,0.7749,0.7756,3.00,1.20
2008.11.25 04:34:53.414,0.775,0.77565,1.00,1.00
2008.11.25 04:34:53.654,0.775,0.7757,1.00,1.20
2008.11.25 04:34:54.564,0.775,0.7757,1.00,1.00
2008.11.25 04:34:54.964,0.775,0.7757,1.00,1.20
2008.11.25 04:34:55.534,0.77495,0.7757,1.00,1.20
2008.11.25 04:34:59.533,0.77495,0.77565,1.00,1.20
2008.11.25 04:35:00.693,0.77495,0.7757,1.00,1.00
2008.11.25 04:35:00.853,0.77495,0.7757,1.00,1.20
2008.11.25 04:35:04.802,0.77495,0.7757,3.00,1.20
2008.11.25 04:35:05.102,0.77495,0.7757,4.20,1.20
2008.11.25 04:35:05.321,0.775,0.7757,1.00,1.20
2008.11.25 04:35:10.920,0.77495,0.7757,1.00,1.20
2008.11.25 04:35:13.019,0.775,0.7757,1.00,1.20
2008.11.25 04:35:28.376,0.77495,0.7757,4.20,1.20
2008.11.25 04:35:28.526,0.77495,0.7757,2.00,1.20
2008.11.25 04:35:28.806,0.77495,0.7757,1.00,1.20
2008.11.25 04:35:29.386,0.775,0.7757,2.20,1.20
2008.11.25 04:35:29.436,0.775,0.77575,3.00,1.00
2008.11.25 04:35:29.676,0.77505,0.7759,1.20,1.00
2008.11.25 04:35:30.885,0.7751,0.77595,1.20,1.00
2008.11.25 04:35:42.622,0.7751,0.77595,2.00,1.00
2008.11.25 04:35:42.792,0.77515,0.776,1.20,1.00
2008.11.25 04:35:43.003,0.7751,0.77595,2.00,1.00
2008.11.25 04:35:45.132,0.77535,0.77595,1.00,1.00
2008.11.25 04:35:45.302,0.77535,0.77605,1.00,1.20
2008.11.25 04:35:50.101,0.77535,0.77605,1.00,1.60
2008.11.25 04:35:50.211,0.77535,0.77595,1.00,1.20
2008.11.25 04:35:52.700,0.7753,0.776,1.00,1.20
2008.11.25 04:35:52.940,0.7753,0.776,1.00,1.00
2008.11.25 04:35:53.060,0.77535,0.77595,1.00,1.20
2008.11.25 04:35:53.340,0.7753,0.77595,1.00,1.20
2008.11.25 04:36:08.207,0.77525,0.77585,1.00,1.20
2008.11.25 04:36:08.776,0.7753,0.77595,1.00,1.00
2008.11.25 04:36:09.057,0.7753,0.77595,1.00,1.20
2008.11.25 04:36:11.626,0.7752,0.77595,1.00,1.20
2008.11.25 04:36:12.275,0.7752,0.7758,1.00,1.20
2008.11.25 04:36:13.435,0.7752,0.77595,1.00,1.20
2008.11.25 04:36:15.175,0.7752,0.7759,1.00,1.20
2008.11.25 04:36:17.564,0.77515,0.77575,1.00,1.20
2008.11.25 04:36:19.314,0.7752,0.7759,1.00,2.00
2008.11.25 04:36:19.434,0.7752,0.7759,1.00,1.60
2008.11.25 04:36:19.724,0.7752,0.7758,1.00,1.20
2008.11.25 04:36:20.073,0.7752,0.7759,1.00,2.00
2008.11.25 04:36:20.514,0.7752,0.7759,1.00,1.60
2008.11.25 04:36:21.793,0.7752,0.7759,1.00,1.00
2008.11.25 04:36:21.904,0.7752,0.77595,1.00,1.00
2008.11.25 04:36:22.123,0.7752,0.77595,1.00,1.20
2008.11.25 04:36:22.893,0.7752,0.7758,1.00,1.20
2008.11.25 04:36:23.183,0.77525,0.77585,1.00,1.20
2008.11.25 04:36:27.982,0.7752,0.7758,1.00,1.20
2008.11.25 04:36:28.721,0.7752,0.7758,1.00,1.60
2008.11.25 04:36:36.670,0.77515,0.77575,3.00,1.20
2008.11.25 04:36:38.649,0.77515,0.77575,1.00,1.60
2008.11.25 04:36:39.159,0.7751,0.7757,10.20,1.20
2008.11.25 04:36:39.809,0.7751,0.7757,8.00,1.20
2008.11.25 04:36:40.489,0.7751,0.77575,8.00,1.00
2008.11.25 04:36:41.689,0.7751,0.7756,8.00,1.20
2008.11.25 04:36:41.968,0.7751,0.77565,8.00,1.20
2008.11.25 04:36:44.508,0.7751,0.77565,8.00,1.60
2008.11.25 04:36:45.337,0.7751,0.7756,8.00,1.20
2008.11.25 04:36:46.077,0.7751,0.77565,8.00,1.60
2008.11.25 04:36:48.037,0.7751,0.7756,8.00,1.20
2008.11.25 04:36:55.085,0.7751,0.7756,8.00,1.60
2008.11.25 04:37:00.354,0.7751,0.7757,8.00,2.00
2008.11.25 04:37:00.694,0.7751,0.7757,8.00,1.60
2008.11.25 04:37:00.804,0.7751,0.77575,8.60,2.00
2008.11.25 04:37:01.154,0.7751,0.77575,8.60,1.00
2008.11.25 04:37:01.593,0.7751,0.77575,11.00,1.00
2008.11.25 04:37:05.263,0.7751,0.7757,8.00,1.20
2008.11.25 04:37:05.502,0.7751,0.77575,8.60,1.00
2008.11.25 04:37:05.722,0.7751,0.77575,8.60,1.60
2008.11.25 04:37:07.952,0.7751,0.77575,11.00,1.60
2008.11.25 04:37:09.051,0.7751,0.77575,8.60,1.60
2008.11.25 04:37:09.682,0.7751,0.77575,8.60,2.00
2008.11.25 04:37:09.862,0.7751,0.77575,8.60,1.20
2008.11.25 04:37:09.981,0.7751,0.77575,8.60,1.00
2008.11.25 04:37:14.041,0.7751,0.77575,8.60,1.60
2008.11.25 04:37:14.560,0.7751,0.77575,8.60,2.00
2008.11.25 04:37:14.830,0.7751,0.77575,8.60,1.60
2008.11.25 04:37:17.080,0.7751,0.7756,8.60,1.20
2008.11.25 04:37:40.554,0.7751,0.7756,8.00,1.20
2008.11.25 04:37:40.784,0.7751,0.7755,8.00,1.20
2008.11.25 04:37:41.024,0.7751,0.77555,8.00,1.20
2008.11.25 04:37:41.694,0.7751,0.7754,8.00,1.20
2008.11.25 04:37:45.173,0.7751,0.77555,8.00,1.20
2008.11.25 04:37:56.320,0.7751,0.7754,8.00,1.20
2008.11.25 04:38:02.239,0.7751,0.7755,8.00,1.60
2008.11.25 04:38:03.669,0.7751,0.7755,8.00,1.20
2008.11.25 04:38:06.948,0.7751,0.77545,8.00,1.20
2008.11.25 04:38:07.528,0.7751,0.7754,8.00,1.20
2008.11.25 04:38:10.877,0.7751,0.77545,8.00,1.20
2008.11.25 04:38:11.157,0.7751,0.7756,8.00,1.20
2008.11.25 04:38:14.106,0.7751,0.7755,8.00,1.20
2008.11.25 04:38:15.196,0.7751,0.77555,8.00,1.20
2008.11.25 04:38:15.616,0.7751,0.77535,8.00,1.20
2008.11.25 04:38:17.695,0.775,0.77525,16.00,1.20
2008.11.25 04:38:18.165,0.7751,0.77525,8.00,1.20
2008.11.25 04:38:19.195,0.775,0.77525,16.00,1.20
2008.11.25 04:38:19.835,0.7751,0.77535,8.00,1.60
2008.11.25 04:38:20.635,0.775,0.77525,16.00,1.20
2008.11.25 04:38:20.974,0.7751,0.77525,8.00,1.60
2008.11.25 04:38:21.264,0.7751,0.77525,8.00,1.20
2008.11.25 04:38:21.834,0.7751,0.77535,8.00,1.60
2008.11.25 04:38:22.014,0.7751,0.77535,8.00,1.00
2008.11.25 04:38:22.294,0.7751,0.7753,8.00,1.20
2008.11.25 04:38:22.634,0.775,0.77525,16.00,1.20
2008.11.25 04:38:24.014,0.775,0.7752,16.00,1.20
2008.11.25 04:38:24.784,0.7751,0.7752,8.00,1.20
2008.11.25 04:38:25.073,0.7751,0.77515,8.00,1.20
2008.11.25 04:38:27.513,0.7749,0.77515,80.80,1.20
2008.11.25 04:38:28.163,0.7751,0.77525,8.00,1.70
2008.11.25 04:38:29.442,0.7751,0.7752,8.00,1.20
2008.11.25 04:38:30.512,0.775,0.7752,16.00,1.20
2008.11.25 04:38:30.862,0.775,0.7752,16.00,1.00
2008.11.25 04:38:31.102,0.775,0.7752,16.00,1.20
2008.11.25 04:38:32.171,0.7751,0.77515,8.00,1.70
2008.11.25 04:38:34.171,0.77435,0.77505,2.20,1.20
2008.11.25 04:38:34.291,0.77435,0.7751,2.20,1.20
2008.11.25 04:38:37.690,0.7745,0.77505,2.20,1.20
2008.11.25 04:38:38.260,0.7745,0.7751,2.20,1.20
2008.11.25 04:38:38.970,0.7745,0.77505,2.20,1.20
2008.11.25 04:38:39.200,0.77445,0.77505,3.00,1.20
2008.11.25 04:38:41.209,0.77445,0.775,2.20,1.20
2008.11.25 04:38:41.379,0.77445,0.77515,3.00,1.00
2008.11.25 04:38:41.609,0.77455,0.7752,2.20,1.00
2008.11.25 04:38:41.720,0.77455,0.77525,3.00,1.60
2008.11.25 04:38:42.419,0.7746,0.77525,2.20,1.20
2008.11.25 04:38:44.599,0.77465,0.7753,2.20,1.20
2008.11.25 04:38:46.278,0.77465,0.77525,2.20,1.20
2008.11.25 04:38:46.548,0.77465,0.7753,2.20,1.00
2008.11.25 04:38:46.668,0.77465,0.7753,2.20,1.20
2008.11.25 04:38:47.068,0.7746,0.7752,1.00,1.00
2008.11.25 04:38:47.128,0.7745,0.7751,2.20,1.20
2008.11.25 04:38:49.798,0.77445,0.7751,3.00,1.20
2008.11.25 04:38:50.217,0.77455,0.7751,2.20,1.20
2008.11.25 04:38:50.437,0.77455,0.77525,3.00,1.60
2008.11.25 04:38:51.167,0.77455,0.77515,2.20,1.20
2008.11.25 04:38:51.667,0.7745,0.7751,3.00,1.20
2008.11.25 04:38:53.806,0.77455,0.7752,2.20,1.00
2008.11.25 04:38:53.926,0.77455,0.7752,2.20,1.20
2008.11.25 04:38:58.935,0.7746,0.7752,2.20,1.20
2008.11.25 04:38:59.225,0.7746,0.77525,3.00,1.60
2008.11.25 04:39:06.083,0.7746,0.7752,3.00,1.20
2008.11.25 04:39:18.110,0.7746,0.7753,3.00,1.60
2008.11.25 04:39:32.197,0.77465,0.7752,1.00,1.20
2008.11.25 04:39:59.580,0.77465,0.77535,1.00,1.00
2008.11.25 04:40:00.040,0.77465,0.77535,1.00,1.20
2008.11.25 04:40:01.970,0.77475,0.77535,1.00,1.20
2008.11.25 04:40:04.049,0.77475,0.7753,1.00,1.20
2008.11.25 04:40:04.449,0.77475,0.77535,1.00,1.20
2008.11.25 04:40:16.676,0.77475,0.7753,1.00,1.20
2008.11.25 04:40:21.136,0.77475,0.77535,1.00,1.20
2008.11.25 04:41:01.155,0.7748,0.7754,1.00,1.20
2008.11.25 04:41:15.292,0.77485,0.7754,1.00,1.20
2008.11.25 04:41:19.971,0.77485,0.7755,1.00,1.20
2008.11.25 04:41:32.128,0.7749,0.77555,1.00,1.20
2008.11.25 04:41:32.408,0.77485,0.7755,1.00,1.20
2008.11.25 04:41:39.537,0.7748,0.77545,1.00,1.20
2008.11.25 04:41:42.376,0.7748,0.7754,1.00,1.20
2008.11.25 04:41:45.405,0.77485,0.7754,1.00,1.20
2008.11.25 04:41:46.764,0.7748,0.77545,1.00,1.20
2008.11.25 04:41:46.875,0.7749,0.77545,1.00,1.20
2008.11.25 04:41:47.674,0.77495,0.7755,1.00,1.20
2008.11.25 04:41:50.464,0.77495,0.77555,1.00,1.20
2008.11.25 04:41:50.704,0.775,0.7756,1.00,1.20
2008.11.25 04:41:56.052,0.7751,0.77565,1.00,1.20
2008.11.25 04:42:01.171,0.77515,0.7758,1.00,8.80
2008.11.25 04:42:01.751,0.77515,0.77575,1.00,1.20
2008.11.25 04:42:02.211,0.7752,0.7758,1.00,8.80
2008.11.25 04:42:04.970,0.77525,0.7758,1.00,8.00
2008.11.25 04:42:06.000,0.7753,0.7758,1.00,8.00
2008.11.25 04:42:07.750,0.77525,0.7758,1.00,8.00
2008.11.25 04:42:08.339,0.7753,0.7758,1.00,8.00
2008.11.25 04:42:14.948,0.77535,0.7758,1.00,8.00
2008.11.25 04:42:15.567,0.7754,0.7758,1.00,8.00
2008.11.25 04:42:15.847,0.77535,0.7758,1.00,8.00
2008.11.25 04:42:19.097,0.7754,0.7758,1.00,8.00
2008.11.25 04:42:19.947,0.7753,0.7758,2.00,8.00
2008.11.25 04:42:20.407,0.7753,0.7758,1.00,8.00
2008.11.25 04:42:24.595,0.77545,0.7758,1.00,8.00
2008.11.25 04:42:44.391,0.7755,0.7758,3.00,8.00
2008.11.25 04:42:44.740,0.7755,0.7758,1.00,8.00
2008.11.25 04:42:45.880,0.77545,0.7758,1.00,8.00
2008.11.25 04:42:50.779,0.77545,0.7758,3.00,8.00
2008.11.25 04:42:50.999,0.77555,0.7758,1.00,8.00
2008.11.25 04:42:57.927,0.7755,0.7758,1.00,8.00
2008.11.25 04:43:00.077,0.7756,0.7758,1.00,8.00
2008.11.25 04:43:01.626,0.77555,0.7758,1.00,8.00
2008.11.25 04:43:01.867,0.7754,0.7758,1.00,8.00
2008.11.25 04:43:02.027,0.7754,0.7758,3.00,8.00
2008.11.25 04:43:02.606,0.7754,0.7758,1.00,8.00
2008.11.25 04:43:09.295,0.7754,0.7758,3.00,8.00
2008.11.25 04:43:09.405,0.7755,0.7758,1.00,8.00
2008.11.25 04:43:12.354,0.77565,0.7758,1.00,8.00
2008.11.25 04:43:13.304,0.7757,0.7758,1.00,8.00
2008.11.25 04:43:14.094,0.77555,0.7758,1.00,8.00
2008.11.25 04:43:15.023,0.7755,0.7758,1.00,8.00
2008.11.25 04:43:17.903,0.77555,0.7758,1.00,8.00
2008.11.25 04:43:24.591,0.7755,0.7758,1.00,8.00
2008.11.25 04:43:29.800,0.77555,0.7758,1.00,8.00
2008.11.25 04:43:34.229,0.77565,0.7762,1.00,1.20
2008.11.25 04:43:34.459,0.77565,0.7759,1.00,8.00
2008.11.25 04:43:35.788,0.77555,0.7758,1.00,8.00
2008.11.25 04:43:49.065,0.7755,0.7758,1.00,8.00
2008.11.25 04:43:52.904,0.77545,0.7758,1.00,8.00
2008.11.25 04:43:58.253,0.77555,0.7758,1.00,8.00
2008.11.25 04:44:05.041,0.7756,0.7758,1.00,8.00
2008.11.25 04:44:08.070,0.7755,0.7758,1.00,8.00
2008.11.25 04:44:17.648,0.7756,0.7758,1.00,8.00
2008.11.25 04:44:20.428,0.77555,0.7758,1.00,8.00
2008.11.25 04:44:27.716,0.77545,0.7758,3.60,8.00
2008.11.25 04:44:30.595,0.7755,0.7758,2.20,8.00
2008.11.25 04:44:34.084,0.77545,0.7758,3.60,8.00
2008.11.25 04:44:34.375,0.77555,0.7758,1.00,8.00
2008.11.25 04:45:05.737,0.77545,0.7758,1.00,8.00
2008.11.25 04:45:07.506,0.7755,0.7758,1.00,8.00
2008.11.25 04:45:12.365,0.77545,0.7758,1.00,8.00
2008.11.25 04:45:16.274,0.7755,0.7758,1.00,8.00
2008.11.25 04:45:26.862,0.77545,0.7758,1.00,8.00
2008.11.25 04:45:32.690,0.7755,0.7758,1.00,8.00
2008.11.25 04:45:41.658,0.77545,0.7758,1.00,8.00
2008.11.25 04:45:47.196,0.7754,0.7758,1.00,8.00
2008.11.25 04:45:51.246,0.77535,0.7758,1.00,8.00
2008.11.25 04:45:51.836,0.7753,0.7758,1.00,8.80
2008.11.25 04:45:52.175,0.77525,0.7758,3.00,8.80
2008.11.25 04:45:52.535,0.77525,0.7758,3.00,8.00
2008.11.25 04:45:52.875,0.77535,0.7758,1.00,8.00
2008.11.25 04:45:54.105,0.7754,0.7758,1.00,8.00
2008.11.25 04:45:56.294,0.7753,0.77575,1.00,1.20
2008.11.25 04:45:56.404,0.77525,0.7757,1.00,1.20
2008.11.25 04:45:56.624,0.77525,0.7758,1.00,8.00
2008.11.25 04:45:56.734,0.77525,0.7758,3.00,8.00
2008.11.25 04:45:57.014,0.77525,0.7758,1.00,8.00
2008.11.25 04:45:57.544,0.77525,0.7758,3.00,8.00
2008.11.25 04:45:58.584,0.77525,0.7757,1.00,1.20
2008.11.25 04:45:59.564,0.77525,0.7758,1.00,8.00
2008.11.25 04:46:00.213,0.77525,0.7758,3.00,8.00
2008.11.25 04:46:00.314,0.7754,0.7758,1.00,8.00
2008.11.25 04:46:02.543,0.77535,0.7758,1.00,8.00
2008.11.25 04:46:06.032,0.7753,0.77575,1.00,1.20
2008.11.25 04:46:06.382,0.77525,0.7757,1.00,1.20
2008.11.25 04:46:07.072,0.77535,0.7758,1.00,8.00
2008.11.25 04:46:07.832,0.77525,0.7758,3.00,8.00
2008.11.25 04:46:08.061,0.77535,0.7758,1.00,8.00
2008.11.25 04:46:09.881,0.77525,0.7758,3.00,8.00
2008.11.25 04:46:10.401,0.77535,0.7758,1.00,8.00
2008.11.25 04:46:20.628,0.7754,0.7758,1.00,8.00
2008.11.25 04:46:28.976,0.77535,0.7758,1.00,8.00
2008.11.25 04:46:29.546,0.7754,0.7758,1.00,8.00
2008.11.25 04:46:32.176,0.77535,0.7758,1.00,8.00
2008.11.25 04:46:32.816,0.7754,0.7758,1.00,8.00
2008.11.25 04:46:33.505,0.77535,0.7758,1.00,8.00
2008.11.25 04:46:34.075,0.7753,0.7758,3.00,8.80
2008.11.25 04:46:34.305,0.7753,0.7758,1.00,8.80
2008.11.25 04:46:35.605,0.77535,0.7758,3.00,8.00
2008.11.25 04:46:35.785,0.7754,0.7758,1.00,8.00
2008.11.25 04:46:54.471,0.77545,0.7758,1.00,8.00
2008.11.25 04:46:59.589,0.7754,0.7758,1.00,8.00
2008.11.25 04:46:59.699,0.77545,0.7758,1.00,8.00
2008.11.25 04:47:00.499,0.7754,0.7758,1.00,8.00
2008.11.25 04:47:01.069,0.7755,0.7758,1.00,8.00
2008.11.25 04:47:01.299,0.77545,0.7758,1.00,8.00
2008.11.25 04:47:04.458,0.7754,0.7758,1.00,8.00
2008.11.25 04:47:17.534,0.77545,0.7758,1.00,8.00
2008.11.25 04:47:18.284,0.7755,0.7758,1.00,8.00
2008.11.25 04:47:28.672,0.7755,0.7758,1.00,8.00
2008.11.25 04:47:48.557,0.77555,0.7758,1.00,8.00
2008.11.25 04:47:50.867,0.77565,0.7762,1.00,1.20
2008.11.25 04:47:51.546,0.7756,0.77615,1.00,1.20
2008.11.25 04:47:52.047,0.7756,0.7759,1.00,8.00
2008.11.25 04:47:53.296,0.77555,0.7758,1.00,8.00
2008.11.25 04:47:53.516,0.7756,0.7758,1.00,8.00
2008.11.25 04:47:58.265,0.77555,0.7758,1.00,8.00
2008.11.25 04:47:58.605,0.7756,0.7758,1.00,8.00
2008.11.25 04:48:09.552,0.77565,0.7762,1.00,1.20
2008.11.25 04:48:09.892,0.77565,0.7759,1.00,8.00
2008.11.25 04:48:10.482,0.77565,0.77625,1.00,1.20
2008.11.25 04:48:10.832,0.77565,0.7759,1.00,8.00
2008.11.25 04:48:16.230,0.77555,0.7758,2.20,8.00
2008.11.25 04:48:19.390,0.77555,0.7758,3.00,8.00
2008.11.25 04:48:19.670,0.77565,0.77625,1.00,1.20
2008.11.25 04:48:19.890,0.77565,0.7759,1.00,8.00
2008.11.25 04:48:21.009,0.7757,0.7758,1.00,8.00
2008.11.25 04:48:23.799,0.77565,0.7758,1.00,8.00
2008.11.25 04:48:30.007,0.77565,0.7762,1.00,8.80
2008.11.25 04:48:30.307,0.77555,0.7759,2.20,8.00
2008.11.25 04:48:30.357,0.77565,0.77625,1.00,1.20
2008.11.25 04:48:30.477,0.77565,0.7759,1.00,8.00
2008.11.25 04:48:34.246,0.77565,0.77625,1.00,8.80
2008.11.25 04:48:42.674,0.77565,0.77615,1.00,9.60
2008.11.25 04:48:42.794,0.7756,0.77605,1.00,8.80
2008.11.25 04:48:43.124,0.7756,0.7759,1.00,8.00
2008.11.25 04:48:48.273,0.77565,0.7762,1.00,1.20
2008.11.25 04:48:48.723,0.77565,0.7759,1.00,8.00
2008.11.25 04:48:52.562,0.77565,0.7762,1.00,8.80
2008.11.25 04:49:01.370,0.7756,0.77605,1.00,8.80
2008.11.25 04:49:01.599,0.7756,0.7759,1.00,8.00
2008.11.25 04:49:03.669,0.77565,0.7758,1.00,8.00
2008.11.25 04:49:03.889,0.77565,0.7762,1.00,8.80
2008.11.25 04:49:04.129,0.77565,0.77625,1.00,8.80
2008.11.25 04:49:04.299,0.77565,0.7759,1.00,8.00
2008.11.25 04:49:07.328,0.7756,0.7758,1.00,8.00
2008.11.25 04:49:09.868,0.77565,0.77625,1.00,1.20
2008.11.25 04:49:10.208,0.77565,0.7759,1.00,8.00
2008.11.25 04:49:14.007,0.77565,0.7762,1.00,8.80
2008.11.25 04:49:19.545,0.77565,0.7761,1.00,1.20
2008.11.25 04:49:52.967,0.77565,0.7758,1.00,8.00
2008.11.25 04:49:53.307,0.77565,0.7765,4.20,1.00
2008.11.25 04:49:59.496,0.7758,0.77635,1.00,1.00
2008.11.25 04:49:59.676,0.7758,0.7764,1.00,1.00
2008.11.25 04:50:00.036,0.77585,0.7764,1.00,1.00
2008.11.25 04:50:32.928,0.7757,0.77625,3.00,1.20
2008.11.25 04:50:37.216,0.7758,0.77625,1.00,1.20
2008.11.25 04:50:39.926,0.77575,0.7762,1.00,1.20
2008.11.25 04:50:40.216,0.77565,0.7762,1.00,1.20
2008.11.25 04:50:47.024,0.77565,0.7762,3.00,1.20
2008.11.25 04:50:47.824,0.7756,0.77615,3.00,1.20
2008.11.25 04:51:00.731,0.7756,0.77615,1.00,1.20
2008.11.25 04:51:00.851,0.77555,0.77605,3.00,1.20
2008.11.25 04:51:02.130,0.7756,0.77605,2.20,1.20
2008.11.25 04:51:02.461,0.7756,0.77615,1.00,1.20
2008.11.25 04:51:04.630,0.77555,0.77605,1.00,1.20
2008.11.25 04:51:06.349,0.77565,0.7765,1.00,1.00
2008.11.25 04:51:06.879,0.77555,0.7765,1.20,1.00
2008.11.25 04:51:23.556,0.77555,0.7764,3.60,1.00
2008.11.25 04:51:23.675,0.7757,0.7765,1.20,1.00
2008.11.25 04:51:24.145,0.77565,0.7765,1.20,1.00
2008.11.25 04:51:27.125,0.77565,0.7765,1.20,1.20
2008.11.25 04:51:30.664,0.77565,0.7765,2.00,2.00
2008.11.25 04:51:32.903,0.7757,0.7765,1.00,1.00
2008.11.25 04:51:33.073,0.7757,0.7765,2.00,1.00
2008.11.25 04:51:35.512,0.7758,0.77655,1.20,1.60
2008.11.25 04:51:41.851,0.77575,0.77655,1.20,1.60
2008.11.25 04:51:44.351,0.77575,0.77655,2.00,1.20
2008.11.25 04:51:44.640,0.7758,0.77655,1.20,1.20
2008.11.25 04:51:47.100,0.77575,0.77655,1.20,2.00
2008.11.25 04:51:47.260,0.7757,0.7765,2.00,1.00
2008.11.25 04:51:52.049,0.77575,0.7765,1.00,1.00
2008.11.25 04:51:52.488,0.77575,0.77655,2.00,1.00
2008.11.25 04:51:54.558,0.7758,0.77655,1.00,1.00
2008.11.25 04:51:54.908,0.7758,0.7766,1.00,2.00
2008.11.25 04:51:56.797,0.7758,0.7766,1.00,1.00
2008.11.25 04:51:57.707,0.77585,0.7766,1.00,1.00
2008.11.25 04:51:57.937,0.77585,0.77665,1.00,2.00
2008.11.25 04:51:59.667,0.7758,0.7766,2.00,1.60
2008.11.25 04:51:59.777,0.7758,0.7766,1.00,2.00
2008.11.25 04:52:01.256,0.77585,0.77665,1.00,1.00
2008.11.25 04:52:01.886,0.77585,0.77665,1.00,2.00
2008.11.25 04:52:09.384,0.7758,0.7766,2.00,1.60
2008.11.25 04:52:09.604,0.7758,0.7766,1.00,2.00
2008.11.25 04:52:10.474,0.77575,0.77655,2.00,1.20
2008.11.25 04:52:11.034,0.77575,0.77655,2.00,1.00
2008.11.25 04:52:14.463,0.77575,0.77655,1.00,1.00
2008.11.25 04:52:22.111,0.77575,0.77655,1.00,2.00
2008.11.25 04:52:28.160,0.77575,0.77655,1.00,1.00
2008.11.25 04:52:32.689,0.7757,0.7765,1.00,1.00
2008.11.25 04:52:33.359,0.77565,0.7765,2.00,1.00
2008.11.25 04:52:34.768,0.77565,0.7765,2.00,2.00
2008.11.25 04:52:37.887,0.77565,0.77645,2.00,1.20
2008.11.25 04:52:38.117,0.77565,0.77645,1.00,1.00
2008.11.25 04:52:39.157,0.7757,0.7765,1.00,1.00
2008.11.25 04:52:44.626,0.7757,0.7765,1.00,2.00
2008.11.25 04:52:47.615,0.7757,0.77645,1.00,1.00
2008.11.25 04:52:48.015,0.77565,0.77645,1.00,2.00
2008.11.25 04:52:56.893,0.77565,0.77645,1.00,1.00
2008.11.25 04:53:10.629,0.7757,0.77645,1.00,1.00
2008.11.25 04:53:10.730,0.7757,0.7765,1.00,2.00
2008.11.25 04:53:17.508,0.7757,0.77645,1.00,1.00
2008.11.25 04:53:17.798,0.77565,0.77645,1.00,2.00
2008.11.25 04:53:18.657,0.7756,0.7764,1.00,1.00
2008.11.25 04:53:20.927,0.7757,0.7765,1.00,2.00
2008.11.25 04:53:22.037,0.7757,0.77645,1.00,1.00
2008.11.25 04:53:22.376,0.77565,0.77645,1.00,2.00
2008.11.25 04:53:22.487,0.7756,0.7764,2.00,1.20
2008.11.25 04:53:22.656,0.7756,0.7764,1.00,1.00
2008.11.25 04:53:30.715,0.77565,0.77645,1.00,1.00
2008.11.25 04:53:33.374,0.7756,0.77635,2.00,1.20
2008.11.25 04:53:33.484,0.7756,0.77635,1.00,1.00
2008.11.25 04:53:38.743,0.7756,0.7763,1.00,1.20
2008.11.25 04:53:39.392,0.7756,0.7764,1.00,1.00
2008.11.25 04:53:43.571,0.77565,0.77645,1.00,2.00
2008.11.25 04:53:45.741,0.7756,0.7764,2.00,1.20
2008.11.25 04:53:45.981,0.7756,0.7764,1.00,1.00
2008.11.25 04:53:46.881,0.7756,0.77635,1.00,1.00
2008.11.25 04:53:59.388,0.77555,0.77635,2.00,1.00
2008.11.25 04:53:59.688,0.77555,0.77635,1.00,1.00
2008.11.25 04:54:01.937,0.77555,0.77635,2.00,1.00
2008.11.25 04:54:05.726,0.77555,0.77635,2.00,1.20
2008.11.25 04:54:06.016,0.77555,0.77635,2.00,1.00
2008.11.25 04:54:15.684,0.77555,0.77635,1.00,1.00
2008.11.25 04:54:25.092,0.77555,0.77635,2.00,1.00
2008.11.25 04:54:44.477,0.77555,0.77635,1.00,1.00
2008.11.25 04:55:02.722,0.77555,0.77635,2.00,1.00
2008.11.25 04:55:02.892,0.77555,0.77635,1.00,1.00
2008.11.25 04:55:04.572,0.77555,0.77635,1.00,1.00
2008.11.25 04:55:09.221,0.77555,0.7764,2.00,1.00
2008.11.25 04:55:15.229,0.77555,0.77635,1.00,1.00
2008.11.25 04:55:21.348,0.77555,0.77635,2.00,1.00
2008.11.25 04:55:21.578,0.77565,0.77635,1.00,1.00
2008.11.25 04:55:23.467,0.7756,0.77635,1.00,1.00
2008.11.25 04:55:29.106,0.7757,0.77615,1.00,1.20
2008.11.25 04:55:35.434,0.77585,0.77645,1.00,1.20
2008.11.25 04:55:38.903,0.7759,0.77645,1.00,1.20
2008.11.25 04:55:40.564,0.7759,0.77655,1.00,1.20
2008.11.25 04:55:41.183,0.77585,0.77645,1.00,1.20
2008.11.25 04:55:42.573,0.77585,0.77655,1.00,1.20
2008.11.25 04:55:43.273,0.77585,0.7765,1.00,1.00
2008.11.25 04:55:43.632,0.77585,0.77655,1.00,1.20
2008.11.25 04:55:44.932,0.776,0.77655,1.00,1.20
2008.11.25 04:55:46.362,0.776,0.7765,1.00,1.20
2008.11.25 04:55:47.862,0.77595,0.77645,1.00,1.20
2008.11.25 04:55:51.621,0.77605,0.7765,1.00,1.20
2008.11.25 04:55:54.120,0.77595,0.7765,1.00,1.20
2008.11.25 04:55:55.100,0.77595,0.7764,1.00,1.20
2008.11.25 04:55:56.180,0.7759,0.7764,1.00,1.20
2008.11.25 04:55:56.469,0.7759,0.77635,1.00,1.20
2008.11.25 04:56:04.987,0.77595,0.7764,1.00,1.20
2008.11.25 04:56:06.677,0.7759,0.7764,1.00,1.20
2008.11.25 04:56:08.446,0.7759,0.77635,1.00,1.20
2008.11.25 04:56:12.666,0.7758,0.77635,1.00,1.20
2008.11.25 04:56:13.945,0.7759,0.77635,1.00,1.20
2008.11.25 04:56:20.144,0.7758,0.77635,1.00,1.20
2008.11.25 04:56:20.493,0.7758,0.7763,1.00,1.20
2008.11.25 04:56:20.694,0.7758,0.77625,1.00,1.20
2008.11.25 04:56:47.387,0.77575,0.77625,1.00,1.20
2008.11.25 04:56:50.326,0.7757,0.77615,1.00,1.20
2008.11.25 04:56:50.886,0.77575,0.7762,1.00,1.20
2008.11.25 04:56:51.006,0.7757,0.7762,1.00,1.20
2008.11.25 04:56:52.516,0.7757,0.77615,1.00,1.20
2008.11.25 04:56:54.075,0.7757,0.7762,1.00,1.20
2008.11.25 04:56:54.976,0.77565,0.7761,1.00,1.20
2008.11.25 04:57:01.224,0.77555,0.77605,1.00,1.20
2008.11.25 04:57:01.384,0.77555,0.776,1.00,1.20
2008.11.25 04:57:01.604,0.77555,0.77605,1.00,1.20
2008.11.25 04:57:02.973,0.7755,0.77595,11.00,1.20
2008.11.25 04:57:03.303,0.7755,0.77595,8.60,1.20
2008.11.25 04:57:03.663,0.7755,0.77595,11.00,1.20
2008.11.25 04:57:04.003,0.7756,0.77605,1.00,1.20
2008.11.25 04:57:11.331,0.77575,0.7762,1.00,1.20
2008.11.25 04:57:11.851,0.77575,0.77625,1.00,1.20
2008.11.25 04:57:13.051,0.7757,0.77615,1.00,1.20
2008.11.25 04:57:13.451,0.7756,0.77615,1.00,1.20
2008.11.25 04:57:15.060,0.77575,0.7762,1.00,1.20
2008.11.25 04:57:15.410,0.77575,0.77625,1.00,1.20
2008.11.25 04:57:18.870,0.7757,0.7762,1.00,1.20
2008.11.25 04:57:19.659,0.77565,0.7762,1.00,1.20
2008.11.25 04:57:24.788,0.7757,0.7762,1.00,1.20
2008.11.25 04:57:25.518,0.7757,0.77615,1.00,1.20
2008.11.25 04:57:31.677,0.77565,0.7761,1.00,1.20
2008.11.25 04:57:35.396,0.7756,0.77605,1.00,1.20
2008.11.25 04:57:35.845,0.77555,0.77605,1.00,1.20
2008.11.25 04:57:36.135,0.7756,0.77605,1.00,1.20
2008.11.25 04:57:54.361,0.77555,0.77605,1.00,1.20
2008.11.25 04:57:58.880,0.7756,0.77605,1.00,1.20
2008.11.25 04:58:12.656,0.77555,0.77605,1.00,1.20
2008.11.25 04:58:13.977,0.77555,0.776,1.00,1.20
2008.11.25 04:58:14.086,0.7755,0.77595,8.60,1.20
2008.11.25 04:58:28.483,0.77555,0.776,1.00,1.20
2008.11.25 04:58:32.302,0.7755,0.77595,8.60,1.20
2008.11.25 04:58:32.592,0.7755,0.77595,8.00,1.20
2008.11.25 04:58:47.788,0.7755,0.776,8.00,1.20
2008.11.25 04:58:55.136,0.77555,0.776,1.00,1.20
2008.11.25 04:59:04.154,0.7755,0.776,8.60,1.20
2008.11.25 04:59:04.394,0.7755,0.77595,8.00,1.20
2008.11.25 04:59:10.163,0.7755,0.7759,8.00,1.20
2008.11.25 04:59:12.472,0.7755,0.77595,8.00,1.20
2008.11.25 04:59:13.242,0.7755,0.77595,8.60,1.20
2008.11.25 04:59:13.362,0.7755,0.776,8.00,1.20
2008.11.25 04:59:24.129,0.7755,0.77595,8.00,1.20
2008.11.25 04:59:26.919,0.7755,0.7759,8.00,1.20
2008.11.25 04:59:28.968,0.7755,0.77595,8.60,1.20
2008.11.25 04:59:29.468,0.77555,0.776,1.00,1.20
2008.11.25 04:59:31.727,0.7755,0.776,8.00,1.20
2008.11.25 04:59:31.898,0.7756,0.77605,1.00,1.20
2008.11.25 04:59:41.295,0.7756,0.7761,1.00,1.20
2008.11.25 04:59:41.655,0.77565,0.77615,1.00,1.20
2008.11.25 04:59:42.095,0.77565,0.77615,1.00,1.60
2008.11.25 04:59:42.205,0.7756,0.77605,1.00,1.20
2008.11.25 04:59:42.775,0.77555,0.776,1.00,1.20
2008.11.25 04:59:43.694,0.7755,0.776,8.00,1.20
