2008.11.06 16:00:00.321,0.8315,0.8321,6.00,1.00
2008.11.06 16:00:00.711,0.83175,0.8323,1.00,7.00
2008.11.06 16:00:01.111,0.8316,0.83225,1.80,6.00
2008.11.06 16:00:01.411,0.8316,0.83225,1.30,6.60
2008.11.06 16:00:01.821,0.8316,0.8322,6.00,1.00
2008.11.06 16:00:02.171,0.83175,0.83235,6.10,1.60
2008.11.06 16:00:02.741,0.83185,0.83235,1.00,1.60
2008.11.06 16:00:02.971,0.8319,0.8323,1.00,1.60
2008.11.06 16:00:03.320,0.8321,0.8323,1.00,1.60
2008.11.06 16:00:03.780,0.83205,0.8323,1.20,1.60
2008.11.06 16:00:04.310,0.8321,0.83235,1.00,1.60
2008.11.06 16:00:04.950,0.83205,0.83235,1.20,1.60
2008.11.06 16:00:05.310,0.832,0.83245,6.00,1.60
2008.11.06 16:00:05.990,0.83205,0.83245,6.00,1.60
2008.11.06 16:00:06.740,0.83205,0.83225,6.00,1.60
2008.11.06 16:00:07.190,0.8321,0.83235,6.10,1.60
2008.11.06 16:00:07.530,0.83225,0.83305,6.00,1.00
2008.11.06 16:00:07.820,0.8324,0.8332,1.00,12.40
2008.11.06 16:00:08.169,0.83245,0.8332,1.00,12.40
2008.11.06 16:00:08.460,0.83245,0.8331,6.10,6.40
2008.11.06 16:00:08.869,0.8325,0.8333,6.00,6.00
2008.11.06 16:00:09.439,0.8325,0.83325,1.20,6.00
2008.11.06 16:00:09.739,0.83245,0.8332,1.20,6.00
2008.11.06 16:00:10.019,0.8324,0.83255,6.00,1.60
2008.11.06 16:00:10.589,0.8324,0.8332,6.00,1.00
2008.11.06 16:00:10.999,0.8326,0.8332,1.00,1.00
2008.11.06 16:00:11.349,0.8326,0.83335,1.00,1.00
2008.11.06 16:00:11.769,0.8326,0.83275,7.30,1.60
2008.11.06 16:00:12.458,0.83265,0.8329,6.10,1.60
2008.11.06 16:00:12.798,0.8327,0.83275,1.00,1.60
2008.11.06 16:00:13.208,0.83265,0.8328,1.20,1.60
2008.11.06 16:00:13.548,0.83245,0.8326,11.70,1.60
2008.11.06 16:00:14.060,0.8326,0.8327,7.30,1.60
2008.11.06 16:00:14.468,0.83275,0.8335,6.00,1.00
2008.11.06 16:00:15.208,0.83275,0.8329,6.00,1.60
2008.11.06 16:00:15.548,0.8327,0.833,7.30,1.60
2008.11.06 16:00:15.888,0.8327,0.833,6.00,1.60
2008.11.06 16:00:16.467,0.83275,0.83285,1.00,1.60
2008.11.06 16:00:16.797,0.8327,0.833,6.00,1.60
2008.11.06 16:00:17.147,0.8327,0.83315,7.30,1.60
2008.11.06 16:00:17.477,0.83275,0.8332,6.10,1.60
2008.11.06 16:00:17.817,0.83275,0.8332,7.30,1.60
2008.11.06 16:00:18.167,0.83275,0.83325,7.30,1.60
2008.11.06 16:00:18.437,0.83295,0.83325,1.00,1.60
2008.11.06 16:00:18.887,0.83305,0.83315,1.20,1.60
2008.11.06 16:00:19.247,0.833,0.83315,1.20,1.60
2008.11.06 16:00:19.487,0.8329,0.83315,6.10,1.60
2008.11.06 16:00:20.626,0.83285,0.8333,7.30,1.60
2008.11.06 16:00:20.976,0.8329,0.8334,1.20,1.60
2008.11.06 16:00:21.386,0.83285,0.8334,6.10,1.60
2008.11.06 16:00:22.576,0.83285,0.8334,7.30,1.60
2008.11.06 16:00:22.866,0.83295,0.8334,1.00,1.60
2008.11.06 16:00:23.206,0.83295,0.8334,6.10,1.60
2008.11.06 16:00:23.596,0.83295,0.8334,1.00,1.60
2008.11.06 16:00:23.956,0.8329,0.8334,1.30,1.60
2008.11.06 16:00:24.256,0.8329,0.83345,1.00,1.60
2008.11.06 16:00:24.605,0.833,0.8335,1.00,1.60
2008.11.06 16:00:24.955,0.83295,0.8335,7.30,1.60
2008.11.06 16:00:25.645,0.833,0.8335,1.00,1.60
2008.11.06 16:00:26.045,0.83295,0.8335,1.30,1.60
2008.11.06 16:00:26.385,0.8329,0.8335,7.20,1.60
2008.11.06 16:00:26.735,0.833,0.8335,1.00,1.60
2008.11.06 16:00:27.895,0.83295,0.8335,1.30,1.60
2008.11.06 16:00:28.235,0.83305,0.83355,1.00,1.60
2008.11.06 16:00:28.584,0.83305,0.8337,6.10,1.60
2008.11.06 16:00:28.884,0.83305,0.83365,1.00,6.00
2008.11.06 16:00:29.185,0.8331,0.8337,1.00,7.60
2008.11.06 16:00:29.715,0.83315,0.8337,1.00,1.60
2008.11.06 16:00:30.174,0.8331,0.8337,6.10,1.60
2008.11.06 16:00:30.534,0.83315,0.83365,6.00,1.60
2008.11.06 16:00:30.934,0.8331,0.83365,1.00,1.60
2008.11.06 16:00:31.214,0.8331,0.8336,6.10,1.60
2008.11.06 16:00:31.674,0.83315,0.8336,1.00,1.60
2008.11.06 16:00:32.004,0.8331,0.8336,7.30,1.60
2008.11.06 16:00:32.343,0.8331,0.83355,6.10,1.60
2008.11.06 16:00:32.573,0.8331,0.8336,7.30,1.60
2008.11.06 16:00:32.924,0.83315,0.8336,1.00,1.60
2008.11.06 16:00:33.623,0.8331,0.8336,1.20,1.60
2008.11.06 16:00:34.033,0.83305,0.8336,1.20,1.60
2008.11.06 16:00:34.153,0.83295,0.8336,1.20,8.20
2008.11.06 16:00:34.443,0.83295,0.8334,1.20,6.00
2008.11.06 16:00:34.833,0.8329,0.8334,1.00,6.00
2008.11.06 16:00:35.173,0.8328,0.83335,1.00,7.50
2008.11.06 16:00:35.753,0.8328,0.8332,1.00,6.00
2008.11.06 16:00:36.162,0.8328,0.83325,1.00,7.50
2008.11.06 16:00:36.483,0.83285,0.8332,1.00,6.60
2008.11.06 16:00:36.763,0.8328,0.8331,1.00,1.50
2008.11.06 16:00:37.753,0.8328,0.83305,1.00,6.00
2008.11.06 16:00:38.392,0.83285,0.83305,1.00,6.00
2008.11.06 16:00:39.082,0.83285,0.83315,1.00,8.10
2008.11.06 16:00:39.352,0.83285,0.83325,1.00,6.00
2008.11.06 16:00:39.862,0.83295,0.8333,1.00,6.00
2008.11.06 16:00:40.211,0.8329,0.83335,1.00,6.00
2008.11.06 16:00:40.562,0.833,0.83335,1.00,6.00
2008.11.06 16:00:41.371,0.833,0.8334,1.00,6.00
2008.11.06 16:00:41.712,0.833,0.83335,1.00,6.00
2008.11.06 16:00:42.002,0.83305,0.83335,1.00,6.00
2008.11.06 16:00:42.342,0.83305,0.83325,1.00,6.00
2008.11.06 16:00:42.681,0.83305,0.83325,1.00,6.60
2008.11.06 16:00:43.011,0.83305,0.8332,1.00,6.00
2008.11.06 16:00:43.371,0.83295,0.8332,1.00,6.00
2008.11.06 16:00:43.791,0.8329,0.83325,1.00,6.00
2008.11.06 16:00:44.081,0.8328,0.83345,6.60,7.00
2008.11.06 16:00:44.371,0.8328,0.83335,6.00,1.60
2008.11.06 16:00:44.611,0.8328,0.83335,6.10,1.60
2008.11.06 16:00:44.941,0.8328,0.8333,6.10,1.60
2008.11.06 16:00:45.351,0.83285,0.8333,6.00,1.60
2008.11.06 16:00:45.691,0.83285,0.83335,6.00,1.60
2008.11.06 16:00:46.110,0.83285,0.8332,6.00,1.60
2008.11.06 16:00:46.400,0.83275,0.8332,1.20,1.60
2008.11.06 16:00:46.790,0.83265,0.83315,6.10,1.60
2008.11.06 16:00:48.030,0.8327,0.83315,6.10,1.60
2008.11.06 16:00:48.380,0.8326,0.833,1.20,6.00
2008.11.06 16:00:48.720,0.83245,0.833,7.30,6.00
2008.11.06 16:00:49.129,0.83245,0.833,1.00,6.00
2008.11.06 16:00:49.430,0.8325,0.8331,1.00,6.00
2008.11.06 16:00:49.999,0.8326,0.8332,1.00,6.00
2008.11.06 16:00:50.359,0.8326,0.83325,6.60,6.00
2008.11.06 16:00:50.699,0.83265,0.83325,1.00,6.00
2008.11.06 16:00:51.569,0.83265,0.83335,6.00,6.00
2008.11.06 16:00:52.029,0.83265,0.83335,7.30,7.60
2008.11.06 16:00:53.069,0.83265,0.8333,7.30,1.60
2008.11.06 16:00:53.518,0.83265,0.8333,7.20,1.60
2008.11.06 16:00:53.878,0.83265,0.83335,7.20,6.00
2008.11.06 16:00:54.219,0.83275,0.8334,1.00,6.00
2008.11.06 16:00:55.088,0.83275,0.8334,1.00,6.00
2008.11.06 16:00:55.418,0.8328,0.83345,6.00,6.00
2008.11.06 16:00:56.348,0.8328,0.8334,6.00,1.60
2008.11.06 16:00:57.778,0.8328,0.83345,6.00,7.60
2008.11.06 16:00:58.187,0.83285,0.8332,6.00,1.60
2008.11.06 16:00:58.597,0.83285,0.8332,7.20,1.60
2008.11.06 16:00:59.277,0.8328,0.83325,1.20,1.60
2008.11.06 16:00:59.677,0.8328,0.83335,6.60,1.60
2008.11.06 16:01:00.017,0.8328,0.8333,1.00,1.60
2008.11.06 16:01:00.597,0.8329,0.8333,7.20,1.60
2008.11.06 16:01:00.767,0.83285,0.8333,1.20,7.60
2008.11.06 16:01:01.327,0.8325,0.8333,6.10,7.60
2008.11.06 16:01:01.667,0.8325,0.83325,6.00,6.00
2008.11.06 16:01:03.166,0.8326,0.83325,1.00,6.00
2008.11.06 16:01:03.466,0.83265,0.83325,1.00,6.00
2008.11.06 16:01:04.066,0.8327,0.8334,6.00,6.00
2008.11.06 16:01:04.466,0.83275,0.83345,6.00,6.00
2008.11.06 16:01:04.886,0.83275,0.83345,6.60,6.00
2008.11.06 16:01:05.236,0.8327,0.8333,1.00,6.00
2008.11.06 16:01:05.585,0.8327,0.8333,1.00,6.60
2008.11.06 16:01:06.055,0.83275,0.8332,1.00,6.00
2008.11.06 16:01:06.695,0.8327,0.8332,1.00,6.00
2008.11.06 16:01:07.255,0.8328,0.83325,1.00,6.00
2008.11.06 16:01:08.105,0.83275,0.83325,1.00,6.00
2008.11.06 16:01:08.405,0.83275,0.8332,1.00,6.00
2008.11.06 16:01:08.785,0.83265,0.8332,1.00,6.00
2008.11.06 16:01:09.075,0.83265,0.83315,1.00,6.00
2008.11.06 16:01:09.425,0.83265,0.8332,1.00,6.00
2008.11.06 16:01:09.765,0.8327,0.83325,1.00,6.00
2008.11.06 16:01:10.404,0.8326,0.8333,6.00,6.00
2008.11.06 16:01:10.754,0.8326,0.8333,7.20,6.00
2008.11.06 16:01:11.484,0.8326,0.83315,1.20,6.00
2008.11.06 16:01:11.944,0.8326,0.8334,7.20,6.00
2008.11.06 16:01:12.574,0.8326,0.8334,7.20,7.60
2008.11.06 16:01:13.494,0.83265,0.83335,6.00,6.00
2008.11.06 16:01:13.774,0.83265,0.83315,1.00,6.00
2008.11.06 16:01:14.343,0.8327,0.83335,1.00,6.00
2008.11.06 16:01:14.633,0.8327,0.8334,1.00,6.00
2008.11.06 16:01:14.923,0.8326,0.8333,7.20,6.00
2008.11.06 16:01:15.333,0.8326,0.8333,7.20,7.60
2008.11.06 16:01:16.193,0.8326,0.8333,7.20,6.00
2008.11.06 16:01:16.693,0.83265,0.83335,6.00,7.60
2008.11.06 16:01:16.913,0.83265,0.8333,1.20,7.60
2008.11.06 16:01:17.822,0.83265,0.8332,1.20,1.60
2008.11.06 16:01:18.402,0.8327,0.8333,6.00,1.60
2008.11.06 16:01:18.972,0.8327,0.83335,6.00,1.60
2008.11.06 16:01:19.312,0.8328,0.83335,1.20,1.60
2008.11.06 16:01:20.432,0.83285,0.83335,6.00,1.60
2008.11.06 16:01:20.712,0.83285,0.8334,6.00,1.60
2008.11.06 16:01:21.062,0.83285,0.83325,6.00,1.60
2008.11.06 16:01:21.452,0.83285,0.83345,6.00,1.60
2008.11.06 16:01:22.082,0.83285,0.8334,6.00,1.60
2008.11.06 16:01:22.531,0.833,0.8334,1.00,1.60
2008.11.06 16:01:22.951,0.83295,0.8334,1.20,1.60
2008.11.06 16:01:23.181,0.8329,0.8334,7.30,1.60
2008.11.06 16:01:23.811,0.8331,0.8334,1.20,1.60
2008.11.06 16:01:24.191,0.83305,0.83345,1.20,1.60
2008.11.06 16:01:24.891,0.833,0.83355,1.30,1.60
2008.11.06 16:01:25.221,0.833,0.83355,1.20,1.60
2008.11.06 16:01:25.621,0.83295,0.83355,1.00,1.60
2008.11.06 16:01:25.981,0.8329,0.8336,7.20,7.60
2008.11.06 16:01:26.390,0.8329,0.83355,1.00,6.00
2008.11.06 16:01:26.920,0.8329,0.83355,6.10,6.00
2008.11.06 16:01:27.430,0.8329,0.8336,6.10,6.00
2008.11.06 16:01:27.900,0.8329,0.8336,7.30,6.00
2008.11.06 16:01:28.190,0.83295,0.83365,6.00,6.00
2008.11.06 16:01:28.680,0.83295,0.83365,6.60,6.00
2008.11.06 16:01:28.850,0.833,0.83365,1.00,6.00
2008.11.06 16:01:29.130,0.83295,0.83365,8.10,6.00
2008.11.06 16:01:29.460,0.83295,0.83365,7.80,6.00
2008.11.06 16:01:29.760,0.833,0.83365,6.10,6.00
2008.11.06 16:01:30.040,0.83295,0.8336,1.20,6.00
2008.11.06 16:01:30.380,0.8329,0.8336,7.30,6.00
2008.11.06 16:01:30.850,0.83295,0.8336,1.00,6.00
2008.11.06 16:01:31.179,0.83285,0.83345,1.20,6.00
2008.11.06 16:01:31.509,0.8327,0.8334,7.30,6.00
2008.11.06 16:01:31.849,0.8328,0.8334,1.00,6.00
2008.11.06 16:01:32.199,0.8328,0.83325,1.00,6.00
2008.11.06 16:01:32.829,0.83285,0.8332,1.00,6.00
2008.11.06 16:01:33.769,0.83285,0.83335,1.00,6.00
2008.11.06 16:01:34.129,0.83285,0.83335,1.00,6.40
2008.11.06 16:01:34.699,0.8329,0.8335,1.00,6.00
2008.11.06 16:01:34.998,0.83285,0.8335,1.00,6.00
2008.11.06 16:01:35.569,0.83275,0.83345,6.00,6.00
2008.11.06 16:01:35.968,0.83275,0.8334,6.10,1.60
2008.11.06 16:01:36.328,0.83275,0.8333,6.10,1.60
2008.11.06 16:01:36.968,0.83275,0.83325,7.30,1.60
2008.11.06 16:01:37.258,0.8328,0.83345,1.20,6.00
2008.11.06 16:01:38.288,0.8328,0.8335,7.20,6.00
2008.11.06 16:01:38.678,0.8328,0.8335,6.00,6.00
2008.11.06 16:01:39.197,0.83285,0.83355,6.10,7.60
2008.11.06 16:01:39.837,0.8328,0.83345,7.20,6.00
2008.11.06 16:01:40.127,0.83275,0.8334,1.20,6.00
2008.11.06 16:01:40.527,0.83275,0.83345,6.00,6.00
2008.11.06 16:01:41.047,0.83275,0.83345,6.60,6.00
2008.11.06 16:01:41.447,0.8327,0.8334,8.10,6.00
2008.11.06 16:01:41.797,0.8328,0.83345,1.00,6.00
2008.11.06 16:01:42.317,0.8328,0.83345,1.30,6.00
2008.11.06 16:01:42.547,0.8328,0.83345,1.00,6.00
2008.11.06 16:01:42.897,0.83285,0.83345,1.00,6.00
2008.11.06 16:01:44.486,0.8328,0.83345,1.20,6.00
2008.11.06 16:01:44.986,0.8327,0.8334,6.90,6.00
2008.11.06 16:01:45.276,0.8327,0.8334,8.10,6.00
2008.11.06 16:01:46.216,0.8327,0.8334,6.10,6.00
2008.11.06 16:01:46.446,0.8327,0.8334,6.00,6.00
2008.11.06 16:01:46.806,0.83265,0.8333,7.30,6.00
2008.11.06 16:01:47.306,0.8327,0.83335,6.00,6.00
2008.11.06 16:01:47.765,0.83265,0.8333,6.10,6.00
2008.11.06 16:01:48.175,0.83265,0.8333,6.00,6.00
2008.11.06 16:01:48.616,0.8326,0.8333,6.00,6.00
2008.11.06 16:01:48.785,0.8326,0.8333,6.10,6.00
2008.11.06 16:01:48.965,0.83265,0.8333,1.00,6.00
2008.11.06 16:01:51.924,0.8326,0.8333,6.10,6.00
2008.11.06 16:01:52.034,0.8326,0.83325,1.00,6.00
2008.11.06 16:01:52.714,0.8326,0.8332,1.00,6.00
2008.11.06 16:01:55.634,0.83265,0.8332,1.00,6.00
2008.11.06 16:01:56.164,0.83265,0.83325,1.00,6.00
2008.11.06 16:01:56.444,0.8326,0.83325,1.00,6.00
2008.11.06 16:01:56.853,0.8326,0.8332,1.00,6.00
2008.11.06 16:01:57.833,0.8328,0.83355,1.00,6.00
2008.11.06 16:01:58.123,0.83255,0.83345,7.30,6.00
2008.11.06 16:01:58.783,0.83265,0.8334,1.00,6.00
2008.11.06 16:01:59.453,0.83275,0.83335,1.00,6.00
2008.11.06 16:01:59.673,0.8327,0.83335,1.00,6.00
2008.11.06 16:02:00.083,0.83265,0.8333,1.30,6.00
2008.11.06 16:02:00.312,0.83265,0.83335,6.10,6.00
2008.11.06 16:02:00.932,0.8327,0.83335,1.00,6.00
2008.11.06 16:02:01.222,0.8327,0.8334,6.10,6.00
2008.11.06 16:02:01.682,0.8328,0.83345,1.00,6.00
2008.11.06 16:02:02.142,0.83275,0.83345,7.20,7.60
2008.11.06 16:02:02.502,0.8327,0.8334,6.10,6.00
2008.11.06 16:02:02.732,0.83275,0.8334,6.00,6.00
2008.11.06 16:02:05.811,0.8329,0.8335,1.00,6.00
2008.11.06 16:02:08.360,0.8328,0.8334,6.00,1.00
2008.11.06 16:02:08.590,0.8328,0.8334,1.20,1.00
2008.11.06 16:02:08.990,0.83275,0.8334,6.10,1.00
2008.11.06 16:02:11.010,0.83275,0.8334,6.00,1.00
2008.11.06 16:02:11.350,0.83275,0.83345,7.20,6.00
2008.11.06 16:02:11.939,0.83275,0.83345,6.00,8.20
2008.11.06 16:02:12.209,0.8327,0.83335,1.20,6.00
2008.11.06 16:02:12.659,0.83265,0.8333,6.00,6.00
2008.11.06 16:02:13.659,0.8326,0.8332,1.20,6.60
2008.11.06 16:02:13.939,0.83255,0.8332,1.00,6.00
2008.11.06 16:02:14.339,0.83245,0.8331,1.20,6.00
2008.11.06 16:02:15.339,0.8324,0.8331,6.10,6.00
2008.11.06 16:02:15.879,0.8324,0.83305,1.30,6.00
2008.11.06 16:02:16.238,0.83255,0.8332,1.00,1.00
2008.11.06 16:02:16.638,0.8325,0.8331,1.20,6.00
2008.11.06 16:02:17.328,0.8326,0.8331,1.00,6.00
2008.11.06 16:02:17.748,0.8326,0.83315,1.00,6.00
2008.11.06 16:02:18.318,0.83265,0.83315,1.00,6.00
2008.11.06 16:02:18.818,0.83265,0.83315,1.30,6.00
2008.11.06 16:02:19.168,0.83265,0.8332,1.30,6.00
2008.11.06 16:02:19.868,0.83265,0.8332,1.00,6.00
2008.11.06 16:02:20.397,0.83265,0.83325,1.00,6.00
2008.11.06 16:02:20.687,0.83265,0.8332,1.00,6.00
2008.11.06 16:02:21.088,0.8326,0.8333,7.20,7.60
2008.11.06 16:02:21.447,0.8325,0.8332,6.00,6.00
2008.11.06 16:02:22.007,0.83255,0.83325,6.10,6.00
2008.11.06 16:02:22.487,0.8325,0.8332,7.30,6.00
2008.11.06 16:02:22.817,0.8324,0.8331,7.20,6.00
2008.11.06 16:02:23.227,0.83235,0.83295,1.00,6.00
2008.11.06 16:02:23.757,0.83235,0.83285,1.00,6.00
2008.11.06 16:02:24.847,0.8324,0.83285,1.00,6.00
2008.11.06 16:02:25.256,0.8324,0.8332,6.10,6.00
2008.11.06 16:02:25.816,0.83245,0.8332,6.00,6.00
2008.11.06 16:02:26.206,0.83245,0.83325,6.00,6.00
2008.11.06 16:02:26.946,0.8324,0.8331,7.20,6.00
2008.11.06 16:02:27.326,0.8324,0.8331,6.00,6.00
2008.11.06 16:02:27.616,0.83245,0.83315,6.00,6.00
2008.11.06 16:02:28.296,0.8324,0.8331,6.00,6.00
2008.11.06 16:02:28.945,0.83245,0.83315,6.00,6.00
2008.11.06 16:02:29.625,0.8324,0.8331,6.60,6.00
2008.11.06 16:02:30.365,0.8325,0.8332,6.00,8.20
2008.11.06 16:02:30.655,0.8325,0.83305,1.20,6.00
2008.11.06 16:02:31.065,0.83245,0.8331,6.10,6.00
2008.11.06 16:02:31.365,0.8324,0.8331,6.10,6.60
2008.11.06 16:02:31.695,0.8324,0.83305,6.00,1.00
2008.11.06 16:02:32.145,0.83235,0.83305,7.30,6.00
2008.11.06 16:02:32.445,0.83235,0.83305,6.00,6.00
2008.11.06 16:02:32.735,0.8323,0.833,6.00,6.00
2008.11.06 16:02:35.175,0.83225,0.83295,6.00,6.00
2008.11.06 16:02:35.574,0.8323,0.833,6.00,6.00
2008.11.06 16:02:36.844,0.8325,0.833,1.00,6.00
2008.11.06 16:02:37.194,0.8325,0.8331,1.00,6.00
2008.11.06 16:02:37.543,0.83255,0.8331,1.00,6.00
2008.11.06 16:02:37.843,0.83255,0.83315,1.00,6.00
2008.11.06 16:02:38.943,0.83255,0.8332,1.00,6.60
2008.11.06 16:02:39.403,0.8325,0.8332,6.10,6.60
2008.11.06 16:02:40.043,0.83255,0.8332,6.00,1.00
2008.11.06 16:02:40.543,0.8325,0.83315,6.10,6.00
2008.11.06 16:02:44.871,0.8326,0.83325,1.00,7.60
2008.11.06 16:02:45.112,0.8325,0.83315,6.10,6.00
2008.11.06 16:02:49.590,0.8323,0.833,6.00,6.00
2008.11.06 16:02:50.460,0.83225,0.83295,6.10,6.00
2008.11.06 16:02:51.890,0.83245,0.83305,1.00,6.60
2008.11.06 16:02:52.060,0.83245,0.83305,1.00,6.00
2008.11.06 16:02:56.210,0.83235,0.83305,7.20,7.60
2008.11.06 16:02:56.389,0.83225,0.83295,6.00,6.00
2008.11.06 16:02:56.839,0.83225,0.83295,6.10,6.00
2008.11.06 16:02:57.169,0.8323,0.833,6.00,6.00
2008.11.06 16:02:59.218,0.83225,0.83295,6.00,6.00
2008.11.06 16:02:59.608,0.83235,0.83305,6.00,7.60
2008.11.06 16:02:59.888,0.83245,0.83305,1.00,6.00
2008.11.06 16:03:00.178,0.83235,0.833,1.30,6.00
2008.11.06 16:03:00.508,0.83225,0.8328,1.20,1.00
2008.11.06 16:03:01.088,0.83215,0.83295,6.00,6.00
2008.11.06 16:03:01.478,0.83215,0.83295,6.10,6.00
2008.11.06 16:03:01.758,0.8322,0.83285,6.00,6.00
2008.11.06 16:03:02.808,0.83215,0.83285,6.10,6.00
2008.11.06 16:03:03.197,0.83215,0.83285,6.00,6.00
2008.11.06 16:03:03.897,0.83205,0.8327,1.80,6.00
2008.11.06 16:03:04.227,0.83205,0.8327,1.20,6.00
2008.11.06 16:03:04.677,0.83205,0.83275,6.10,7.60
2008.11.06 16:03:05.317,0.8321,0.8327,1.00,6.00
2008.11.06 16:03:05.667,0.8321,0.83275,1.00,6.00
2008.11.06 16:03:06.066,0.8321,0.8327,1.00,6.00
2008.11.06 16:03:06.467,0.832,0.8327,7.80,6.00
2008.11.06 16:03:06.877,0.83195,0.8326,7.30,6.00
2008.11.06 16:03:07.176,0.83195,0.83255,1.30,6.00
2008.11.06 16:03:07.556,0.83185,0.83255,6.60,6.00
2008.11.06 16:03:07.856,0.8318,0.8325,8.10,6.00
2008.11.06 16:03:08.236,0.83185,0.8325,1.00,6.00
2008.11.06 16:03:08.586,0.83175,0.83245,7.80,6.00
2008.11.06 16:03:08.826,0.83175,0.8324,6.00,6.00
2008.11.06 16:03:09.296,0.8317,0.8324,6.00,6.00
2008.11.06 16:03:10.855,0.8317,0.8324,6.10,6.00
2008.11.06 16:03:11.215,0.8317,0.8324,6.00,6.00
2008.11.06 16:03:11.605,0.83165,0.8323,6.00,6.00
2008.11.06 16:03:12.115,0.8316,0.8323,6.10,6.00
2008.11.06 16:03:12.855,0.83155,0.8322,7.20,1.00
2008.11.06 16:03:13.425,0.83155,0.8322,6.00,1.00
2008.11.06 16:03:13.944,0.8315,0.8322,6.10,6.00
2008.11.06 16:03:14.415,0.8316,0.83225,6.10,7.60
2008.11.06 16:03:14.744,0.8316,0.83225,6.10,1.60
2008.11.06 16:03:15.614,0.8316,0.8323,6.10,6.00
2008.11.06 16:03:15.964,0.83165,0.8323,1.00,6.00
2008.11.06 16:03:16.824,0.83175,0.8323,1.00,6.00
2008.11.06 16:03:17.514,0.8317,0.8323,1.00,6.60
2008.11.06 16:03:17.964,0.8316,0.83225,6.00,1.00
2008.11.06 16:03:18.234,0.83155,0.83225,6.00,6.60
2008.11.06 16:03:18.584,0.83155,0.83225,6.10,6.00
2008.11.06 16:03:18.943,0.8315,0.8322,7.30,6.00
2008.11.06 16:03:19.173,0.8315,0.8322,6.10,6.60
2008.11.06 16:03:19.953,0.83155,0.83225,6.00,6.60
2008.11.06 16:03:20.333,0.83165,0.8323,6.00,6.60
2008.11.06 16:03:20.573,0.83175,0.8323,1.00,6.60
2008.11.06 16:03:20.913,0.83185,0.83235,1.00,6.60
2008.11.06 16:03:21.703,0.8318,0.8323,1.00,6.00
2008.11.06 16:03:22.163,0.8318,0.8323,1.00,1.00
2008.11.06 16:03:22.552,0.83195,0.8324,6.00,6.40
2008.11.06 16:03:22.962,0.832,0.8325,6.00,6.40
2008.11.06 16:03:23.312,0.832,0.8327,6.00,7.50
2008.11.06 16:03:23.782,0.832,0.8327,6.00,6.00
2008.11.06 16:03:24.352,0.8319,0.83255,6.00,1.00
2008.11.06 16:03:27.121,0.8319,0.8326,6.00,6.60
2008.11.06 16:03:27.281,0.8319,0.83255,6.00,1.00
2008.11.06 16:03:27.801,0.8318,0.8325,6.00,6.00
2008.11.06 16:03:27.981,0.83185,0.8325,1.00,6.00
2008.11.06 16:03:28.311,0.83185,0.83255,6.10,6.60
2008.11.06 16:03:29.781,0.83185,0.8325,6.10,6.00
2008.11.06 16:03:30.361,0.83185,0.8325,6.00,6.00
2008.11.06 16:03:30.710,0.83185,0.8325,6.10,6.00
2008.11.06 16:03:32.490,0.83185,0.83255,6.10,6.60
2008.11.06 16:03:33.270,0.83185,0.8325,1.00,6.00
2008.11.06 16:03:33.550,0.8318,0.8325,6.90,6.00
2008.11.06 16:03:33.840,0.83185,0.83255,6.10,6.60
2008.11.06 16:03:35.240,0.8319,0.83255,1.00,6.60
2008.11.06 16:03:35.699,0.8319,0.83255,1.00,6.00
2008.11.06 16:03:38.559,0.83195,0.83255,1.00,6.00
2008.11.06 16:03:39.529,0.83195,0.8326,1.00,6.00
2008.11.06 16:03:41.248,0.83195,0.8326,6.10,6.00
2008.11.06 16:03:41.588,0.832,0.8326,1.00,6.00
2008.11.06 16:03:42.048,0.83195,0.8326,6.10,6.00
2008.11.06 16:03:43.887,0.83195,0.8326,1.00,6.00
2008.11.06 16:03:44.697,0.8319,0.8326,6.10,6.00
2008.11.06 16:03:45.457,0.8319,0.83255,1.00,6.00
2008.11.06 16:03:45.797,0.83185,0.83255,7.30,6.60
2008.11.06 16:03:46.067,0.83185,0.83255,6.10,6.60
2008.11.06 16:03:46.417,0.83185,0.83255,6.00,6.60
2008.11.06 16:03:46.577,0.8318,0.8325,6.10,6.00
2008.11.06 16:03:47.716,0.83185,0.8325,1.00,6.00
2008.11.06 16:03:48.126,0.83185,0.83255,6.10,6.00
2008.11.06 16:03:48.457,0.83185,0.83255,6.10,6.60
2008.11.06 16:03:48.516,0.83185,0.83255,6.00,8.20
2008.11.06 16:03:48.756,0.8318,0.8325,7.30,6.00
2008.11.06 16:03:49.046,0.8318,0.8325,6.10,6.00
2008.11.06 16:03:49.336,0.83185,0.8325,1.00,6.00
2008.11.06 16:03:49.726,0.83185,0.8325,1.30,6.00
2008.11.06 16:03:52.055,0.83195,0.8325,1.00,6.00
2008.11.06 16:03:52.515,0.83195,0.83255,1.00,6.00
2008.11.06 16:03:52.745,0.8319,0.83255,1.00,6.00
2008.11.06 16:03:53.445,0.8319,0.8326,6.10,7.60
2008.11.06 16:03:53.505,0.8319,0.8326,6.10,6.00
2008.11.06 16:03:54.784,0.83195,0.8326,1.00,6.00
2008.11.06 16:03:55.075,0.8319,0.8326,6.10,6.00
2008.11.06 16:03:56.554,0.83185,0.83255,7.30,6.00
2008.11.06 16:03:58.054,0.83185,0.83255,7.30,6.60
2008.11.06 16:03:58.344,0.8319,0.83255,6.00,1.00
2008.11.06 16:03:58.644,0.83185,0.83255,6.00,6.60
2008.11.06 16:04:00.353,0.8318,0.8325,6.10,6.60
2008.11.06 16:04:01.293,0.8318,0.83245,1.00,6.00
2008.11.06 16:04:01.633,0.83175,0.83245,6.90,6.00
2008.11.06 16:04:01.923,0.8317,0.8324,6.60,6.00
2008.11.06 16:04:02.343,0.83165,0.83235,6.90,6.00
2008.11.06 16:04:02.693,0.83165,0.83235,6.90,6.60
2008.11.06 16:04:03.442,0.83165,0.83235,6.90,6.00
2008.11.06 16:04:03.723,0.83165,0.8323,1.00,6.00
2008.11.06 16:04:04.872,0.8316,0.83225,6.00,6.00
2008.11.06 16:04:05.572,0.83155,0.83225,6.90,6.00
2008.11.06 16:04:06.092,0.8316,0.83225,6.00,6.00
2008.11.06 16:04:06.712,0.8316,0.83225,6.10,6.00
2008.11.06 16:04:07.292,0.8316,0.8323,6.10,7.60
2008.11.06 16:04:07.521,0.8316,0.8323,6.10,6.00
2008.11.06 16:04:08.901,0.8316,0.8323,6.00,6.60
2008.11.06 16:04:10.051,0.83155,0.83225,6.60,6.00
2008.11.06 16:04:10.331,0.83155,0.83225,6.00,6.60
2008.11.06 16:04:11.611,0.8316,0.83225,6.00,1.00
2008.11.06 16:04:11.961,0.8316,0.8323,6.00,6.60
2008.11.06 16:04:12.640,0.83155,0.83225,6.00,6.00
2008.11.06 16:04:12.990,0.83155,0.83225,6.00,6.60
2008.11.06 16:04:13.450,0.83155,0.83225,6.10,6.00
2008.11.06 16:04:13.860,0.83155,0.83225,7.30,6.00
2008.11.06 16:04:14.190,0.8316,0.8323,6.00,6.00
2008.11.06 16:04:14.720,0.8316,0.8323,6.00,6.60
2008.11.06 16:04:15.170,0.83155,0.83225,6.00,6.60
2008.11.06 16:04:15.450,0.83155,0.83225,6.10,6.60
2008.11.06 16:04:15.900,0.83155,0.83225,6.00,6.60
2008.11.06 16:04:16.359,0.83155,0.83225,6.10,6.00
2008.11.06 16:04:16.899,0.8316,0.8323,6.10,6.00
2008.11.06 16:04:17.409,0.83165,0.83235,6.00,6.60
2008.11.06 16:04:17.750,0.83165,0.83235,6.10,6.60
2008.11.06 16:04:17.969,0.8317,0.83235,6.00,6.00
2008.11.06 16:04:18.609,0.8317,0.8324,6.00,6.60
2008.11.06 16:04:18.949,0.8317,0.8324,7.20,6.00
2008.11.06 16:04:19.069,0.8317,0.8324,6.00,6.00
2008.11.06 16:04:19.249,0.8317,0.8324,7.20,6.00
2008.11.06 16:04:20.808,0.8317,0.8324,6.00,6.00
2008.11.06 16:04:22.129,0.83175,0.83245,6.10,6.00
2008.11.06 16:04:24.547,0.83175,0.83245,6.00,6.00
2008.11.06 16:04:25.008,0.8317,0.8324,7.20,6.00
2008.11.06 16:04:25.478,0.83165,0.83235,6.10,6.00
2008.11.06 16:04:25.818,0.8316,0.8323,6.10,6.00
2008.11.06 16:04:26.927,0.83165,0.83235,6.10,6.60
2008.11.06 16:04:27.277,0.8317,0.83235,6.00,1.00
2008.11.06 16:04:27.617,0.83165,0.83235,6.90,6.00
2008.11.06 16:04:28.127,0.8317,0.83235,1.00,6.00
2008.11.06 16:04:28.587,0.83165,0.83235,6.10,6.00
2008.11.06 16:04:28.877,0.8317,0.83235,6.00,6.00
2008.11.06 16:04:30.326,0.83165,0.83235,7.20,6.00
2008.11.06 16:04:30.596,0.83165,0.83235,6.00,6.00
2008.11.06 16:04:31.006,0.83175,0.83235,1.00,6.00
2008.11.06 16:04:31.286,0.83175,0.8323,1.00,6.00
2008.11.06 16:04:31.656,0.8317,0.8323,1.20,6.00
2008.11.06 16:04:31.996,0.8317,0.83235,6.00,6.00
2008.11.06 16:04:32.286,0.8317,0.83235,7.30,6.00
2008.11.06 16:04:32.645,0.83175,0.83245,6.10,7.60
2008.11.06 16:04:33.066,0.8318,0.83235,6.00,1.60
2008.11.06 16:04:33.455,0.8318,0.83245,6.10,1.60
2008.11.06 16:04:33.865,0.8318,0.83245,7.30,1.60
2008.11.06 16:04:34.155,0.8318,0.8325,6.10,6.00
2008.11.06 16:04:34.505,0.83185,0.83255,6.00,7.60
2008.11.06 16:04:34.805,0.8318,0.8325,6.10,6.00
2008.11.06 16:04:35.155,0.8318,0.8325,6.00,6.00
2008.11.06 16:04:35.455,0.83175,0.83245,7.80,6.00
2008.11.06 16:04:35.815,0.8318,0.83245,1.00,6.00
2008.11.06 16:04:36.115,0.8318,0.8325,6.60,6.60
2008.11.06 16:04:36.575,0.8318,0.8325,6.00,6.60
2008.11.06 16:04:37.375,0.8318,0.8325,6.00,8.20
2008.11.06 16:04:37.615,0.8318,0.8325,6.00,6.60
2008.11.06 16:04:38.594,0.8317,0.8324,6.60,6.00
2008.11.06 16:04:38.884,0.8317,0.8324,6.60,6.60
2008.11.06 16:04:39.184,0.8317,0.8324,6.60,6.00
2008.11.06 16:04:39.624,0.83165,0.83235,6.60,6.60
2008.11.06 16:04:40.194,0.83165,0.83235,6.60,6.00
2008.11.06 16:04:40.604,0.83165,0.83225,1.00,6.00
2008.11.06 16:04:41.083,0.8316,0.83225,6.00,6.00
2008.11.06 16:04:43.373,0.8316,0.83225,6.10,6.00
2008.11.06 16:04:43.733,0.8316,0.8323,6.10,6.00
2008.11.06 16:04:44.253,0.8316,0.8323,6.00,6.60
2008.11.06 16:04:44.783,0.8316,0.8323,6.10,6.00
2008.11.06 16:04:45.552,0.83165,0.8323,1.00,6.00
2008.11.06 16:04:48.212,0.8316,0.8323,6.10,6.00
2008.11.06 16:04:48.602,0.8316,0.8323,6.10,6.60
2008.11.06 16:04:50.041,0.8318,0.8323,1.00,6.60
2008.11.06 16:04:50.512,0.8318,0.83235,1.00,6.00
2008.11.06 16:04:50.731,0.8319,0.8325,1.00,9.60
2008.11.06 16:04:51.091,0.8318,0.8325,6.10,6.00
2008.11.06 16:04:51.551,0.8318,0.8324,6.00,1.60
2008.11.06 16:04:51.961,0.8317,0.83235,1.00,6.00
2008.11.06 16:04:52.421,0.83165,0.83225,1.00,6.00
2008.11.06 16:04:52.701,0.8317,0.83225,1.00,6.00
2008.11.06 16:04:52.940,0.8317,0.8323,1.00,6.00
2008.11.06 16:04:54.660,0.83175,0.83245,6.10,6.60
2008.11.06 16:04:55.250,0.8317,0.8324,6.10,6.60
2008.11.06 16:04:55.820,0.8317,0.83235,1.00,6.00
2008.11.06 16:04:56.230,0.83175,0.83235,1.00,6.00
2008.11.06 16:04:56.510,0.8318,0.8324,6.00,1.60
2008.11.06 16:04:56.790,0.8319,0.8325,1.00,6.00
2008.11.06 16:04:58.199,0.832,0.83255,1.00,1.60
2008.11.06 16:04:58.849,0.83195,0.83255,6.00,1.60
2008.11.06 16:04:59.239,0.83185,0.8325,6.00,1.00
2008.11.06 16:04:59.539,0.83185,0.83255,6.00,6.60
2008.11.06 16:05:00.359,0.83185,0.8325,6.00,1.60
2008.11.06 16:05:00.719,0.83175,0.83245,6.10,6.00
2008.11.06 16:05:01.859,0.8319,0.83245,1.00,6.00
2008.11.06 16:05:02.038,0.8319,0.8326,1.00,6.00
2008.11.06 16:05:02.848,0.8319,0.8326,6.10,6.60
2008.11.06 16:05:03.129,0.8319,0.8326,6.00,7.60
2008.11.06 16:05:03.248,0.83185,0.83255,7.30,6.00
2008.11.06 16:05:03.598,0.8318,0.83245,1.00,6.00
2008.11.06 16:05:04.598,0.83185,0.83245,1.00,6.00
2008.11.06 16:05:05.058,0.83175,0.83245,6.00,6.00
2008.11.06 16:05:05.498,0.8318,0.8324,1.20,6.00
2008.11.06 16:05:05.948,0.832,0.8325,1.00,6.00
2008.11.06 16:05:06.347,0.832,0.83265,1.00,6.00
2008.11.06 16:05:06.697,0.832,0.83265,1.00,6.60
2008.11.06 16:05:09.157,0.83195,0.83265,6.10,6.60
2008.11.06 16:05:09.907,0.832,0.83265,1.00,6.60
2008.11.06 16:05:10.257,0.83195,0.8326,1.00,6.00
2008.11.06 16:05:10.547,0.832,0.8326,1.00,6.00
2008.11.06 16:05:10.886,0.832,0.83265,1.00,6.60
2008.11.06 16:05:12.266,0.832,0.8326,1.00,6.00
2008.11.06 16:05:12.496,0.83195,0.8326,1.00,6.00
2008.11.06 16:05:12.776,0.83195,0.83255,1.00,6.00
2008.11.06 16:05:13.366,0.83185,0.83255,6.10,6.00
2008.11.06 16:05:13.606,0.83185,0.83255,6.00,6.00
2008.11.06 16:05:13.886,0.83185,0.83255,6.10,6.00
2008.11.06 16:05:14.236,0.83185,0.8325,1.00,6.00
2008.11.06 16:05:14.646,0.8319,0.8325,1.00,6.00
2008.11.06 16:05:14.815,0.8319,0.83255,1.00,6.00
2008.11.06 16:05:15.155,0.832,0.8326,6.00,1.00
2008.11.06 16:05:15.745,0.832,0.83255,1.00,6.00
2008.11.06 16:05:16.155,0.8319,0.8326,6.10,6.00
2008.11.06 16:05:16.445,0.8319,0.83255,1.00,6.00
2008.11.06 16:05:17.145,0.83195,0.8326,1.00,6.00
2008.11.06 16:05:17.485,0.83205,0.8326,1.00,6.00
2008.11.06 16:05:17.875,0.83205,0.8327,1.00,6.00
2008.11.06 16:05:19.164,0.83225,0.8329,1.00,9.60
2008.11.06 16:05:19.534,0.83225,0.8328,1.00,6.40
2008.11.06 16:05:20.064,0.83225,0.8328,1.00,1.00
2008.11.06 16:05:20.524,0.83235,0.83295,1.00,6.00
2008.11.06 16:05:21.484,0.83235,0.833,1.00,7.60
2008.11.06 16:05:21.994,0.8324,0.833,1.00,6.00
2008.11.06 16:05:22.554,0.8324,0.83295,1.00,6.60
2008.11.06 16:05:22.724,0.8324,0.833,1.00,6.00
2008.11.06 16:05:24.103,0.83235,0.833,1.00,6.00
2008.11.06 16:05:24.613,0.8323,0.83295,1.00,6.00
2008.11.06 16:05:25.473,0.8324,0.83295,1.00,6.00
2008.11.06 16:05:25.943,0.8323,0.833,6.10,6.00
2008.11.06 16:05:26.243,0.8323,0.83295,6.10,6.00
2008.11.06 16:05:27.002,0.8323,0.83295,7.30,6.00
2008.11.06 16:05:27.302,0.8323,0.833,7.30,6.00
2008.11.06 16:05:28.032,0.8323,0.83295,1.00,6.00
2008.11.06 16:05:28.452,0.83235,0.83305,7.20,6.00
2008.11.06 16:05:28.862,0.8325,0.8331,6.00,1.00
2008.11.06 16:05:29.352,0.83245,0.8331,6.10,6.60
2008.11.06 16:05:29.732,0.83245,0.8331,6.00,1.00
2008.11.06 16:05:30.182,0.83245,0.8331,6.10,1.00
2008.11.06 16:05:30.832,0.83235,0.833,1.80,6.00
2008.11.06 16:05:31.182,0.83225,0.83295,6.90,6.00
2008.11.06 16:05:31.521,0.83225,0.83295,6.00,6.00
2008.11.06 16:05:31.791,0.8322,0.83285,1.00,6.00
2008.11.06 16:05:32.141,0.83215,0.83285,7.30,6.00
2008.11.06 16:05:32.552,0.83215,0.8328,1.00,6.00
2008.11.06 16:05:33.711,0.8323,0.833,1.00,6.00
2008.11.06 16:05:33.941,0.8321,0.8329,6.00,6.00
2008.11.06 16:05:34.281,0.8323,0.83295,1.00,2.20
2008.11.06 16:05:34.631,0.8323,0.833,1.00,6.00
2008.11.06 16:05:35.041,0.8324,0.83305,6.10,6.00
2008.11.06 16:05:35.400,0.83235,0.83295,1.20,6.00
2008.11.06 16:05:35.560,0.8322,0.8329,6.00,6.00
2008.11.06 16:05:36.740,0.83235,0.83295,1.00,6.00
2008.11.06 16:05:37.090,0.83235,0.8329,1.00,6.00
2008.11.06 16:05:38.250,0.83235,0.83295,1.00,6.00
2008.11.06 16:05:38.780,0.83235,0.833,1.00,6.00
2008.11.06 16:05:39.359,0.8324,0.83305,1.00,6.00
2008.11.06 16:05:39.760,0.8324,0.83305,6.10,6.00
2008.11.06 16:05:40.519,0.83265,0.83305,1.00,6.00
2008.11.06 16:05:41.039,0.83265,0.8336,1.00,6.00
2008.11.06 16:05:41.339,0.8326,0.8336,6.10,6.00
2008.11.06 16:05:41.679,0.83275,0.83355,1.00,6.00
2008.11.06 16:05:42.479,0.83275,0.83345,6.00,6.60
2008.11.06 16:05:42.989,0.8327,0.8334,6.00,7.50
2008.11.06 16:05:43.389,0.83255,0.8332,7.20,6.00
2008.11.06 16:05:43.788,0.8327,0.8332,1.00,6.00
2008.11.06 16:05:44.139,0.8327,0.8333,1.00,6.00
2008.11.06 16:05:44.438,0.83285,0.8334,1.00,1.00
2008.11.06 16:05:44.788,0.8329,0.8335,1.00,6.40
2008.11.06 16:05:45.198,0.8329,0.83365,1.00,6.00
2008.11.06 16:05:45.718,0.833,0.83365,1.20,6.00
2008.11.06 16:05:46.228,0.833,0.83365,7.30,6.00
2008.11.06 16:05:46.858,0.8331,0.8337,1.00,6.00
2008.11.06 16:05:47.388,0.8331,0.83375,1.00,6.00
2008.11.06 16:05:47.678,0.83305,0.83375,7.20,6.00
2008.11.06 16:05:48.147,0.83305,0.83375,6.10,6.00
2008.11.06 16:05:48.507,0.83315,0.83375,1.00,6.00
2008.11.06 16:05:48.967,0.83315,0.83385,6.10,8.20
2008.11.06 16:05:49.187,0.8332,0.83385,6.10,1.60
2008.11.06 16:05:49.777,0.8332,0.8339,6.10,6.00
2008.11.06 16:05:50.218,0.83325,0.8339,1.00,6.00
2008.11.06 16:05:50.557,0.8332,0.8339,6.10,6.00
2008.11.06 16:05:51.377,0.8332,0.8339,6.10,6.60
2008.11.06 16:05:51.657,0.83325,0.8339,6.00,1.00
2008.11.06 16:05:52.706,0.8333,0.834,6.10,6.60
2008.11.06 16:05:53.406,0.8333,0.83395,6.10,6.00
2008.11.06 16:05:55.176,0.83335,0.83395,1.00,6.00
2008.11.06 16:05:55.465,0.8333,0.83395,6.00,6.00
2008.11.06 16:05:55.706,0.8334,0.83405,1.20,6.00
2008.11.06 16:05:56.115,0.8336,0.8341,1.00,6.00
2008.11.06 16:05:56.525,0.8336,0.83425,1.30,6.00
2008.11.06 16:05:57.045,0.83375,0.83425,1.20,6.00
2008.11.06 16:05:57.275,0.83375,0.8342,1.20,6.00
2008.11.06 16:05:57.745,0.83365,0.8342,1.20,6.00
2008.11.06 16:05:58.385,0.83365,0.83425,1.20,6.00
2008.11.06 16:05:58.775,0.83365,0.83435,7.30,6.00
2008.11.06 16:05:59.235,0.83375,0.8344,1.20,6.60
2008.11.06 16:05:59.524,0.8337,0.8344,7.20,6.00
2008.11.06 16:05:59.754,0.83375,0.8344,1.20,6.00
2008.11.06 16:06:02.604,0.8338,0.83435,1.20,6.00
2008.11.06 16:06:03.024,0.8338,0.8343,1.20,6.00
2008.11.06 16:06:03.444,0.8337,0.8343,1.20,6.00
2008.11.06 16:06:05.374,0.83375,0.83435,1.20,6.00
2008.11.06 16:06:06.183,0.8337,0.83435,1.20,6.00
2008.11.06 16:06:06.463,0.83375,0.8344,1.20,6.00
2008.11.06 16:06:08.492,0.8337,0.8344,6.00,6.00
2008.11.06 16:06:10.012,0.83365,0.83435,6.90,6.00
2008.11.06 16:06:10.352,0.83365,0.83435,6.60,6.00
2008.11.06 16:06:10.812,0.83365,0.83435,7.20,6.00
2008.11.06 16:06:11.052,0.83365,0.83435,8.10,6.00
2008.11.06 16:06:11.462,0.8337,0.8344,6.00,6.00
2008.11.06 16:06:14.151,0.8337,0.83435,6.00,6.00
2008.11.06 16:06:14.841,0.83365,0.8343,6.00,6.00
2008.11.06 16:06:15.481,0.8337,0.8344,6.00,6.00
2008.11.06 16:06:16.611,0.8337,0.8344,7.20,6.00
2008.11.06 16:06:17.001,0.83375,0.83445,7.30,6.00
2008.11.06 16:06:17.520,0.8338,0.8345,6.00,6.00
2008.11.06 16:06:18.260,0.83385,0.8345,6.00,6.00
2008.11.06 16:06:18.490,0.83375,0.83445,7.30,6.00
2008.11.06 16:06:18.840,0.8338,0.8345,6.00,7.60
2008.11.06 16:06:19.020,0.8338,0.8345,6.00,6.00
2008.11.06 16:06:19.800,0.8338,0.8345,6.00,6.60
2008.11.06 16:06:20.150,0.83375,0.8344,6.00,1.00
2008.11.06 16:06:21.289,0.8338,0.8344,6.00,1.00
2008.11.06 16:06:21.679,0.8337,0.83435,6.60,6.60
2008.11.06 16:06:22.009,0.83355,0.83425,7.20,6.60
2008.11.06 16:06:22.239,0.83355,0.8342,6.00,1.00
2008.11.06 16:06:22.759,0.8335,0.8342,7.20,6.60
2008.11.06 16:06:23.149,0.8335,0.8342,7.20,6.00
2008.11.06 16:06:23.499,0.83355,0.83425,6.00,6.00
2008.11.06 16:06:24.358,0.8335,0.8342,7.20,6.00
2008.11.06 16:06:24.639,0.8335,0.8342,6.00,6.00
2008.11.06 16:06:26.248,0.8335,0.8342,7.20,6.00
2008.11.06 16:06:26.918,0.83345,0.83415,7.20,6.00
2008.11.06 16:06:27.218,0.83345,0.83415,6.00,6.00
2008.11.06 16:06:28.048,0.8334,0.8341,7.80,6.60
2008.11.06 16:06:28.378,0.8333,0.83395,6.60,6.00
2008.11.06 16:06:28.727,0.8333,0.83395,6.00,6.00
2008.11.06 16:06:29.308,0.8333,0.83395,6.00,6.60
2008.11.06 16:06:29.597,0.83325,0.8339,6.00,6.00
2008.11.06 16:06:31.607,0.83325,0.8339,6.10,6.00
2008.11.06 16:06:32.077,0.83325,0.8339,6.00,6.00
2008.11.06 16:06:32.397,0.8333,0.83385,1.20,6.00
2008.11.06 16:06:32.727,0.83315,0.83385,12.00,7.50
2008.11.06 16:06:33.017,0.83315,0.83385,6.00,7.50
2008.11.06 16:06:33.606,0.8331,0.8338,6.00,6.00
2008.11.06 16:06:34.126,0.83325,0.83385,6.00,1.60
2008.11.06 16:06:34.576,0.83325,0.8339,6.00,6.00
2008.11.06 16:06:35.206,0.83325,0.83395,6.00,6.00
2008.11.06 16:06:35.536,0.83325,0.83395,7.20,6.00
2008.11.06 16:06:36.266,0.83325,0.83395,7.30,6.00
2008.11.06 16:06:36.666,0.83325,0.83395,7.20,6.00
2008.11.06 16:06:38.045,0.83325,0.83395,6.00,6.00
2008.11.06 16:06:38.335,0.8332,0.8339,7.20,6.00
2008.11.06 16:06:39.085,0.83325,0.83395,6.00,6.00
2008.11.06 16:06:39.775,0.83325,0.83395,7.20,6.00
2008.11.06 16:06:41.054,0.8333,0.834,6.00,6.00
2008.11.06 16:06:41.375,0.8334,0.8341,6.00,6.00
2008.11.06 16:06:41.714,0.8334,0.8341,6.90,6.00
2008.11.06 16:06:42.194,0.83345,0.83415,8.10,6.00
2008.11.06 16:06:42.535,0.83355,0.8342,6.00,6.00
2008.11.06 16:06:44.194,0.8336,0.8343,6.00,8.20
2008.11.06 16:06:44.484,0.83355,0.8342,6.00,6.00
2008.11.06 16:06:44.824,0.8337,0.83425,6.00,2.20
2008.11.06 16:06:45.224,0.8337,0.8344,6.10,6.00
2008.11.06 16:06:45.793,0.83375,0.83445,6.00,6.60
2008.11.06 16:06:46.373,0.8337,0.8344,6.00,6.00
2008.11.06 16:06:48.323,0.8337,0.8344,6.10,6.00
2008.11.06 16:06:48.603,0.8337,0.8344,7.30,6.00
2008.11.06 16:06:48.813,0.8337,0.8344,6.10,6.00
2008.11.06 16:06:48.993,0.8337,0.8344,7.30,6.00
2008.11.06 16:06:50.262,0.8338,0.83445,1.00,6.00
2008.11.06 16:06:50.662,0.83375,0.83445,6.00,6.00
2008.11.06 16:06:50.832,0.8337,0.8344,7.30,6.00
2008.11.06 16:06:53.332,0.83375,0.8344,1.20,6.00
2008.11.06 16:06:53.912,0.8338,0.83445,6.00,6.00
2008.11.06 16:06:54.432,0.83385,0.8345,6.00,6.00
2008.11.06 16:06:54.761,0.83385,0.83455,6.00,6.60
2008.11.06 16:06:55.111,0.8338,0.8345,6.60,6.00
2008.11.06 16:06:56.151,0.8338,0.8345,6.00,6.00
2008.11.06 16:06:56.571,0.83385,0.83455,6.00,6.00
2008.11.06 16:06:56.861,0.8339,0.8346,6.00,6.00
2008.11.06 16:06:57.421,0.8339,0.83455,6.00,6.00
2008.11.06 16:06:58.650,0.83385,0.83455,6.00,6.60
2008.11.06 16:06:59.570,0.8339,0.83455,6.00,1.00
2008.11.06 16:07:00.310,0.8339,0.8346,6.00,7.60
2008.11.06 16:07:01.020,0.83385,0.83455,6.00,6.00
2008.11.06 16:07:01.380,0.8338,0.8344,1.80,6.00
2008.11.06 16:07:01.730,0.83375,0.8344,6.00,7.50
2008.11.06 16:07:02.080,0.8337,0.8344,6.00,7.50
2008.11.06 16:07:02.489,0.83365,0.83435,6.00,7.50
2008.11.06 16:07:03.009,0.83355,0.83425,6.00,6.00
2008.11.06 16:07:03.299,0.83365,0.83435,6.10,7.60
2008.11.06 16:07:03.589,0.83365,0.83435,7.30,6.00
2008.11.06 16:07:03.889,0.83375,0.83445,6.10,6.00
2008.11.06 16:07:04.819,0.83435,0.83445,1.00,1.60
2008.11.06 16:07:05.229,0.834,0.83465,1.30,6.40
2008.11.06 16:07:05.579,0.834,0.8348,1.20,6.00
2008.11.06 16:07:05.979,0.834,0.83475,1.20,7.50
2008.11.06 16:07:06.218,0.8339,0.83455,7.20,6.00
2008.11.06 16:07:06.718,0.8339,0.83455,6.00,6.00
2008.11.06 16:07:07.068,0.8339,0.83435,6.00,6.60
2008.11.06 16:07:07.998,0.8339,0.8344,6.00,6.60
2008.11.06 16:07:08.298,0.8339,0.83435,6.00,6.00
2008.11.06 16:07:08.718,0.8339,0.83455,6.10,13.00
2008.11.06 16:07:09.078,0.8339,0.83455,6.00,12.00
2008.11.06 16:07:09.428,0.8339,0.83455,6.00,6.00
2008.11.06 16:07:09.768,0.8339,0.83455,7.20,6.00
2008.11.06 16:07:10.068,0.8339,0.8346,12.10,6.00
2008.11.06 16:07:10.627,0.83395,0.8346,1.20,6.00
2008.11.06 16:07:11.137,0.8341,0.8348,6.10,7.60
2008.11.06 16:07:11.467,0.8341,0.8348,7.30,6.00
2008.11.06 16:07:11.817,0.8342,0.8349,6.00,6.00
2008.11.06 16:07:12.697,0.8341,0.8348,6.00,6.00
2008.11.06 16:07:13.277,0.83405,0.83475,6.00,6.00
2008.11.06 16:07:14.436,0.834,0.8347,7.20,6.00
2008.11.06 16:07:15.896,0.834,0.8347,6.00,6.00
2008.11.06 16:07:16.506,0.834,0.8347,7.20,6.00
2008.11.06 16:07:17.146,0.834,0.8347,6.00,6.60
2008.11.06 16:07:17.606,0.834,0.8347,7.20,6.00
2008.11.06 16:07:18.406,0.834,0.8346,1.20,6.00
2008.11.06 16:07:18.755,0.83395,0.8346,1.20,6.00
2008.11.06 16:07:19.396,0.8339,0.8346,13.30,6.00
2008.11.06 16:07:19.755,0.8341,0.83475,1.00,6.00
2008.11.06 16:07:19.995,0.83415,0.8348,6.00,1.60
2008.11.06 16:07:20.685,0.8341,0.8348,7.20,7.60
2008.11.06 16:07:21.145,0.8341,0.8348,6.00,8.20
2008.11.06 16:07:21.585,0.8341,0.8348,6.00,6.60
2008.11.06 16:07:21.985,0.8341,0.83475,6.00,6.00
2008.11.06 16:07:22.715,0.8341,0.8348,6.00,6.60
2008.11.06 16:07:23.454,0.8341,0.8348,6.90,6.60
2008.11.06 16:07:23.674,0.83415,0.83485,6.00,6.00
2008.11.06 16:07:24.414,0.83415,0.83485,6.00,6.60
2008.11.06 16:07:24.864,0.83415,0.83485,6.00,8.20
2008.11.06 16:07:25.204,0.8341,0.8348,7.30,6.60
2008.11.06 16:07:25.494,0.83405,0.83475,7.20,6.00
2008.11.06 16:07:25.784,0.83405,0.8347,1.20,6.00
2008.11.06 16:07:26.084,0.834,0.8347,7.20,6.00
2008.11.06 16:07:26.494,0.83395,0.83465,7.20,6.00
2008.11.06 16:07:26.793,0.834,0.8347,6.00,6.00
2008.11.06 16:07:27.194,0.834,0.8347,7.20,6.00
2008.11.06 16:07:29.903,0.834,0.8347,6.00,6.00
2008.11.06 16:07:30.243,0.834,0.8347,7.20,6.00
2008.11.06 16:07:30.592,0.834,0.8346,1.20,6.60
2008.11.06 16:07:30.712,0.8339,0.8346,13.20,6.60
2008.11.06 16:07:30.932,0.8339,0.8346,12.00,6.60
2008.11.06 16:07:31.112,0.83395,0.8346,1.20,6.00
2008.11.06 16:07:31.773,0.83395,0.8346,6.00,6.00
2008.11.06 16:07:32.082,0.83395,0.8346,7.20,6.00
2008.11.06 16:07:32.592,0.83395,0.8346,6.00,6.00
2008.11.06 16:07:32.882,0.8339,0.8346,13.20,6.00
2008.11.06 16:07:33.602,0.8339,0.83455,6.00,6.00
2008.11.06 16:07:33.962,0.8339,0.8345,6.00,6.00
2008.11.06 16:07:34.822,0.8339,0.8346,12.00,6.00
2008.11.06 16:07:35.223,0.8339,0.83455,6.00,6.00
2008.11.06 16:07:35.581,0.8339,0.83455,6.60,6.00
2008.11.06 16:07:35.911,0.8339,0.8346,13.20,6.00
2008.11.06 16:07:37.571,0.8339,0.83455,13.20,6.00
2008.11.06 16:07:37.971,0.8339,0.83455,12.00,6.00
2008.11.06 16:07:38.741,0.8339,0.8346,12.00,6.60
2008.11.06 16:07:39.031,0.8339,0.8346,12.00,6.00
2008.11.06 16:07:39.480,0.8339,0.8346,12.00,6.60
2008.11.06 16:07:40.110,0.8339,0.83455,6.00,6.60
2008.11.06 16:07:40.810,0.8339,0.8345,6.00,6.00
2008.11.06 16:07:41.090,0.8339,0.83445,6.00,6.00
2008.11.06 16:07:45.199,0.8339,0.8345,6.00,6.00
2008.11.06 16:07:45.779,0.8339,0.8345,6.00,6.60
2008.11.06 16:07:46.229,0.8339,0.8345,6.00,6.00
2008.11.06 16:07:46.809,0.8339,0.83455,6.00,6.60
2008.11.06 16:07:47.039,0.8339,0.83455,6.00,6.00
2008.11.06 16:07:47.968,0.8339,0.83455,6.00,6.60
2008.11.06 16:07:48.388,0.8339,0.8345,6.00,6.00
2008.11.06 16:07:49.658,0.8339,0.8345,6.00,7.50
2008.11.06 16:07:50.058,0.8339,0.83445,6.00,6.00
2008.11.06 16:07:52.188,0.8339,0.8345,12.00,1.00
2008.11.06 16:07:52.647,0.8339,0.83455,12.00,6.60
2008.11.06 16:07:53.097,0.8339,0.83455,12.00,8.10
2008.11.06 16:07:53.837,0.8339,0.83455,12.00,6.60
2008.11.06 16:07:54.187,0.83395,0.83455,1.00,6.60
2008.11.06 16:07:54.407,0.83405,0.83465,1.00,6.00
2008.11.06 16:07:54.857,0.83405,0.8347,1.00,6.00
2008.11.06 16:07:55.217,0.83415,0.8347,1.00,6.00
2008.11.06 16:07:55.627,0.83415,0.8347,1.20,6.60
2008.11.06 16:07:55.866,0.8341,0.83465,1.00,1.00
2008.11.06 16:07:56.146,0.834,0.8346,6.00,1.00
2008.11.06 16:07:56.426,0.83385,0.83455,6.00,7.50
2008.11.06 16:07:57.236,0.83395,0.83455,1.00,6.00
2008.11.06 16:07:57.506,0.834,0.8347,6.00,12.40
2008.11.06 16:07:57.726,0.83395,0.83455,1.20,1.50
2008.11.06 16:07:57.956,0.8339,0.83455,1.20,6.00
2008.11.06 16:07:58.256,0.83375,0.83455,6.00,6.00
2008.11.06 16:07:58.436,0.8337,0.8345,7.20,6.00
2008.11.06 16:07:58.666,0.83365,0.83445,6.00,6.00
2008.11.06 16:07:58.836,0.83385,0.83435,1.00,6.00
2008.11.06 16:07:59.066,0.83385,0.83445,1.00,1.00
2008.11.06 16:07:59.236,0.8339,0.8343,1.20,7.50
2008.11.06 16:07:59.406,0.83385,0.8343,1.20,7.50
2008.11.06 16:07:59.756,0.83385,0.83425,1.20,6.00
2008.11.06 16:08:00.095,0.83345,0.83425,6.00,6.00
2008.11.06 16:08:00.325,0.8334,0.8342,6.60,6.00
2008.11.06 16:08:00.555,0.8334,0.83415,1.00,6.00
2008.11.06 16:08:00.895,0.8335,0.8343,6.00,6.00
2008.11.06 16:08:01.295,0.83365,0.8343,1.20,6.00
2008.11.06 16:08:01.765,0.8337,0.8344,6.00,6.00
2008.11.06 16:08:02.625,0.8337,0.8344,7.20,6.00
2008.11.06 16:08:03.085,0.8337,0.8344,6.00,6.00
2008.11.06 16:08:03.485,0.8336,0.8343,7.20,6.00
2008.11.06 16:08:03.775,0.8335,0.8342,6.60,6.00
2008.11.06 16:08:04.365,0.8335,0.8342,6.00,6.00
2008.11.06 16:08:04.544,0.83345,0.83415,6.00,6.00
2008.11.06 16:08:04.835,0.8334,0.83405,1.00,6.00
2008.11.06 16:08:05.424,0.83335,0.834,1.00,6.00
2008.11.06 16:08:05.764,0.83335,0.834,1.20,6.00
2008.11.06 16:08:06.244,0.8333,0.834,6.60,6.00
2008.11.06 16:08:06.594,0.8333,0.834,6.00,6.00
2008.11.06 16:08:07.414,0.83325,0.83395,7.80,6.00
2008.11.06 16:08:07.694,0.83325,0.8339,6.60,1.00
2008.11.06 16:08:08.204,0.8332,0.8338,6.60,1.00
2008.11.06 16:08:08.563,0.8332,0.8339,6.60,6.60
2008.11.06 16:08:08.853,0.8332,0.8338,1.00,6.00
2008.11.06 16:08:09.203,0.83315,0.8337,1.20,1.50
2008.11.06 16:08:09.493,0.8331,0.8337,1.00,6.00
2008.11.06 16:08:10.243,0.83305,0.8337,1.00,7.50
2008.11.06 16:08:10.583,0.833,0.83355,1.80,6.00
2008.11.06 16:08:10.923,0.8329,0.83355,6.60,6.00
2008.11.06 16:08:11.733,0.83285,0.8335,6.00,7.50
2008.11.06 16:08:12.123,0.83285,0.8335,6.00,6.00
2008.11.06 16:08:12.522,0.83285,0.83355,6.00,6.00
2008.11.06 16:08:13.102,0.8328,0.83355,6.60,6.00
2008.11.06 16:08:13.492,0.83275,0.83345,7.80,6.00
2008.11.06 16:08:13.902,0.8328,0.83345,1.00,6.00
2008.11.06 16:08:14.532,0.83275,0.83345,6.60,6.00
2008.11.06 16:08:15.102,0.8327,0.8334,6.60,6.00
2008.11.06 16:08:15.372,0.83275,0.83345,7.20,6.00
2008.11.06 16:08:15.722,0.8328,0.8335,6.00,7.60
2008.11.06 16:08:16.601,0.8328,0.8335,7.20,7.60
2008.11.06 16:08:17.522,0.83275,0.83335,7.80,1.00
2008.11.06 16:08:17.811,0.83275,0.83345,6.60,6.00
2008.11.06 16:08:18.491,0.8327,0.8334,6.90,6.00
2008.11.06 16:08:18.971,0.8327,0.8334,8.10,6.00
2008.11.06 16:08:19.271,0.83275,0.83345,6.00,6.00
2008.11.06 16:08:19.491,0.8327,0.83335,1.20,6.00
2008.11.06 16:08:19.991,0.8327,0.83335,1.00,6.00
2008.11.06 16:08:20.561,0.83265,0.83335,6.60,7.50
2008.11.06 16:08:20.961,0.83265,0.8333,1.00,6.00
2008.11.06 16:08:21.470,0.8326,0.83325,6.60,1.50
2008.11.06 16:08:22.090,0.8326,0.8332,6.00,1.50
2008.11.06 16:08:23.100,0.83265,0.8332,7.20,1.50
2008.11.06 16:08:23.510,0.8326,0.8333,6.00,6.00
2008.11.06 16:08:23.900,0.83255,0.83325,6.00,6.00
2008.11.06 16:08:24.280,0.83255,0.83325,6.60,6.60
2008.11.06 16:08:24.569,0.8325,0.8332,6.90,6.00
2008.11.06 16:08:24.860,0.83255,0.83325,6.00,7.60
2008.11.06 16:08:25.259,0.83255,0.83325,6.00,6.00
2008.11.06 16:08:25.549,0.83255,0.8332,6.00,6.00
2008.11.06 16:08:25.929,0.83265,0.83335,6.00,7.60
2008.11.06 16:08:26.219,0.83265,0.8333,7.20,1.60
2008.11.06 16:08:26.629,0.8327,0.83335,6.00,1.60
2008.11.06 16:08:27.049,0.83265,0.8333,7.20,6.00
2008.11.06 16:08:27.399,0.8326,0.83325,1.20,6.00
2008.11.06 16:08:27.749,0.8326,0.8333,7.20,6.00
2008.11.06 16:08:28.039,0.83265,0.83335,6.00,7.50
2008.11.06 16:08:28.669,0.8326,0.8333,7.20,6.60
2008.11.06 16:08:28.948,0.8326,0.83325,1.20,6.00
2008.11.06 16:08:29.469,0.83255,0.83325,6.00,6.00
2008.11.06 16:08:29.818,0.8326,0.83315,1.00,6.60
2008.11.06 16:08:30.568,0.8325,0.83315,1.00,6.00
2008.11.06 16:08:30.968,0.8325,0.8332,6.60,6.00
2008.11.06 16:08:31.308,0.83255,0.83325,7.80,6.00
2008.11.06 16:08:31.718,0.8326,0.8333,6.00,6.00
2008.11.06 16:08:32.018,0.83265,0.8332,1.20,1.60
2008.11.06 16:08:33.108,0.83265,0.8333,1.20,7.60
2008.11.06 16:08:33.458,0.8326,0.8333,7.20,7.60
2008.11.06 16:08:33.797,0.8326,0.8333,7.20,6.00
2008.11.06 16:08:36.157,0.83265,0.83335,6.00,7.60
2008.11.06 16:08:36.667,0.8327,0.83335,6.10,1.60
2008.11.06 16:08:37.007,0.83275,0.83345,7.20,6.00
2008.11.06 16:08:37.357,0.83275,0.83345,6.00,6.00
2008.11.06 16:08:37.826,0.8328,0.83345,6.00,6.00
2008.11.06 16:08:39.206,0.8328,0.83345,6.00,1.50
2008.11.06 16:08:39.436,0.8327,0.83335,6.00,6.00
2008.11.06 16:08:40.106,0.83265,0.8333,1.20,6.00
2008.11.06 16:08:40.686,0.83265,0.8333,6.00,6.00
2008.11.06 16:08:43.085,0.83265,0.8333,6.00,7.50
2008.11.06 16:08:43.385,0.83265,0.83335,6.00,6.60
2008.11.06 16:08:43.785,0.83265,0.83335,7.20,6.00
2008.11.06 16:08:46.005,0.83265,0.83335,6.00,9.10
2008.11.06 16:08:46.345,0.8326,0.8333,7.20,6.00
2008.11.06 16:08:46.694,0.8326,0.8333,6.00,8.10
2008.11.06 16:08:47.054,0.8326,0.8333,6.00,6.60
2008.11.06 16:08:47.284,0.8326,0.8333,6.00,8.10
2008.11.06 16:08:48.044,0.8326,0.8333,6.00,6.60
2008.11.06 16:08:48.564,0.8326,0.8333,6.00,8.10
2008.11.06 16:08:49.034,0.83255,0.83325,6.00,6.00
2008.11.06 16:08:50.313,0.8327,0.83325,1.00,6.00
2008.11.06 16:08:50.594,0.83275,0.8333,6.00,1.60
2008.11.06 16:08:50.813,0.83265,0.83335,6.00,6.00
2008.11.06 16:08:51.103,0.83265,0.83335,6.10,6.00
2008.11.06 16:08:51.573,0.83265,0.83335,7.20,6.00
2008.11.06 16:08:51.923,0.83265,0.83335,6.00,6.00
2008.11.06 16:08:53.883,0.83285,0.83345,6.10,1.60
2008.11.06 16:08:54.213,0.8329,0.83335,1.20,6.00
2008.11.06 16:08:54.383,0.8328,0.83335,6.00,6.00
2008.11.06 16:08:54.552,0.8328,0.83335,6.60,6.00
2008.11.06 16:08:55.072,0.83265,0.83335,6.00,6.00
2008.11.06 16:08:55.362,0.8326,0.8333,6.00,6.00
2008.11.06 16:08:58.511,0.8328,0.83335,6.00,1.60
2008.11.06 16:08:58.781,0.8328,0.8334,1.20,6.00
2008.11.06 16:08:59.261,0.83265,0.83335,12.00,6.00
2008.11.06 16:08:59.721,0.83265,0.83335,6.00,6.00
2008.11.06 16:09:00.061,0.83265,0.83335,7.20,6.00
2008.11.06 16:09:01.781,0.8326,0.8333,7.20,6.00
2008.11.06 16:09:02.111,0.83255,0.83325,6.00,6.00
2008.11.06 16:09:04.780,0.83265,0.8333,6.00,6.00
2008.11.06 16:09:05.230,0.83265,0.8333,7.20,6.00
2008.11.06 16:09:05.590,0.83265,0.83335,7.20,6.00
2008.11.06 16:09:05.930,0.8327,0.8334,6.00,7.50
2008.11.06 16:09:06.279,0.83265,0.83335,7.20,6.00
2008.11.06 16:09:06.610,0.8327,0.8334,6.00,6.00
2008.11.06 16:09:07.289,0.83275,0.83345,7.30,6.00
2008.11.06 16:09:08.129,0.83275,0.83345,6.00,6.00
2008.11.06 16:09:09.869,0.8328,0.8335,6.00,6.00
2008.11.06 16:09:10.109,0.8328,0.8335,6.00,6.60
2008.11.06 16:09:10.449,0.83275,0.83345,6.00,6.00
2008.11.06 16:09:10.848,0.8327,0.8334,6.00,6.00
2008.11.06 16:09:11.948,0.8327,0.83335,6.00,6.00
2008.11.06 16:09:12.298,0.83265,0.8333,1.00,6.00
2008.11.06 16:09:12.598,0.83265,0.83335,6.00,6.00
2008.11.06 16:09:14.667,0.83265,0.83315,6.00,1.50
2008.11.06 16:09:14.947,0.8326,0.833,1.20,6.00
2008.11.06 16:09:15.057,0.8322,0.833,1.20,6.00
2008.11.06 16:09:15.358,0.83215,0.833,6.00,6.00
2008.11.06 16:09:15.468,0.83205,0.83295,7.30,6.00
2008.11.06 16:09:15.877,0.83205,0.8328,1.00,6.00
2008.11.06 16:09:16.167,0.8321,0.83275,1.20,6.00
2008.11.06 16:09:16.397,0.83205,0.83275,7.30,6.60
2008.11.06 16:09:16.857,0.8322,0.83265,1.00,1.00
2008.11.06 16:09:17.257,0.8322,0.833,1.00,6.00
2008.11.06 16:09:17.677,0.8322,0.83275,1.00,6.60
2008.11.06 16:09:18.027,0.8322,0.8327,1.00,6.60
2008.11.06 16:09:18.376,0.8321,0.8326,1.00,6.60
2008.11.06 16:09:18.717,0.8321,0.83255,1.00,6.00
2008.11.06 16:09:20.136,0.83165,0.8324,6.00,6.00
2008.11.06 16:09:20.546,0.83155,0.83235,7.30,6.00
2008.11.06 16:09:20.846,0.8316,0.8324,6.00,8.20
2008.11.06 16:09:21.196,0.8317,0.8324,7.20,6.00
2008.11.06 16:09:21.826,0.83175,0.83245,6.00,6.00
2008.11.06 16:09:22.296,0.83175,0.83245,7.20,6.00
2008.11.06 16:09:22.585,0.8317,0.83235,7.20,6.00
2008.11.06 16:09:23.555,0.83175,0.83235,1.20,6.00
2008.11.06 16:09:23.965,0.83175,0.8324,1.20,6.00
2008.11.06 16:09:24.485,0.83165,0.83235,7.20,6.60
2008.11.06 16:09:24.955,0.83165,0.83235,6.00,6.60
2008.11.06 16:09:25.455,0.83165,0.83235,7.20,6.60
2008.11.06 16:09:25.805,0.8316,0.8323,7.20,6.00
2008.11.06 16:09:26.575,0.8316,0.8323,6.00,6.00
2008.11.06 16:09:27.075,0.8316,0.8323,7.20,6.00
2008.11.06 16:09:27.364,0.83165,0.8323,1.20,6.00
2008.11.06 16:09:27.984,0.83165,0.83235,7.20,6.00
2008.11.06 16:09:28.464,0.8317,0.83235,1.20,6.00
2008.11.06 16:09:28.794,0.83165,0.83235,6.00,6.00
2008.11.06 16:09:29.074,0.8316,0.8323,7.20,6.00
2008.11.06 16:09:29.414,0.8316,0.8322,1.20,6.00
2008.11.06 16:09:30.054,0.83155,0.8322,7.20,6.00
2008.11.06 16:09:30.395,0.8316,0.8323,6.10,6.00
2008.11.06 16:09:30.744,0.83165,0.8323,7.20,6.00
2008.11.06 16:09:31.083,0.83165,0.8323,6.00,6.00
2008.11.06 16:09:31.494,0.8317,0.83235,6.00,6.00
2008.11.06 16:09:31.894,0.83175,0.8324,6.00,1.00
2008.11.06 16:09:32.303,0.8318,0.8325,6.00,7.60
2008.11.06 16:09:32.573,0.8317,0.83235,1.30,6.00
2008.11.06 16:09:32.923,0.8317,0.8322,1.80,6.00
2008.11.06 16:09:33.263,0.8317,0.8322,1.00,6.00
2008.11.06 16:09:34.003,0.83165,0.8322,1.00,6.00
2008.11.06 16:09:34.413,0.8315,0.83215,1.20,6.00
2008.11.06 16:09:34.763,0.8315,0.8322,6.00,6.00
2008.11.06 16:09:35.223,0.8315,0.8322,7.20,7.60
2008.11.06 16:09:35.973,0.83155,0.83225,6.00,7.60
2008.11.06 16:09:36.373,0.8315,0.8322,7.20,6.00
2008.11.06 16:09:36.612,0.83145,0.83205,1.80,6.00
2008.11.06 16:09:37.122,0.83145,0.83215,6.60,6.00
2008.11.06 16:09:37.482,0.8314,0.83205,6.00,6.00
2008.11.06 16:09:38.592,0.8314,0.8321,6.00,6.60
2008.11.06 16:09:39.291,0.8314,0.8321,6.00,6.00
2008.11.06 16:09:39.452,0.83135,0.83205,7.20,6.00
2008.11.06 16:09:39.612,0.83135,0.83205,6.00,6.00
2008.11.06 16:09:40.071,0.83145,0.8321,6.00,1.00
2008.11.06 16:09:40.241,0.8315,0.83215,6.00,1.00
2008.11.06 16:09:40.571,0.8315,0.8322,6.00,6.00
2008.11.06 16:09:40.861,0.8314,0.8321,7.20,7.50
2008.11.06 16:09:41.151,0.8313,0.832,6.00,7.50
2008.11.06 16:09:41.441,0.83125,0.8319,6.00,7.50
2008.11.06 16:09:42.001,0.83125,0.83185,6.00,1.50
2008.11.06 16:09:42.401,0.83105,0.83175,6.00,7.50
2008.11.06 16:09:43.031,0.8311,0.83175,6.00,1.50
2008.11.06 16:09:43.441,0.83105,0.8317,1.00,6.00
2008.11.06 16:09:43.720,0.831,0.8317,6.00,6.00
2008.11.06 16:09:45.220,0.83095,0.83165,6.00,6.00
2008.11.06 16:09:45.860,0.83095,0.8316,6.00,6.00
2008.11.06 16:09:47.330,0.831,0.8317,6.00,6.00
2008.11.06 16:09:49.439,0.831,0.8317,6.10,6.00
2008.11.06 16:09:49.559,0.83105,0.8317,1.20,6.00
2008.11.06 16:09:50.089,0.83105,0.83175,7.20,6.00
2008.11.06 16:09:50.439,0.83105,0.83175,7.30,6.00
2008.11.06 16:09:51.809,0.83095,0.83165,6.00,6.00
2008.11.06 16:09:52.379,0.83095,0.83165,6.00,7.60
2008.11.06 16:09:52.559,0.8309,0.8316,7.30,6.00
2008.11.06 16:09:53.009,0.8309,0.8316,6.10,6.00
2008.11.06 16:09:53.228,0.8309,0.8316,6.00,6.00
2008.11.06 16:09:55.198,0.83085,0.83155,7.20,6.00
2008.11.06 16:09:55.558,0.8309,0.8316,6.00,6.00
2008.11.06 16:09:56.197,0.8309,0.83155,1.20,6.00
2008.11.06 16:09:56.727,0.8309,0.8316,6.00,6.60
2008.11.06 16:09:57.587,0.8309,0.8316,6.00,6.00
2008.11.06 16:09:57.877,0.83085,0.83155,6.00,6.00
2008.11.06 16:09:58.397,0.8308,0.8314,6.00,1.50
2008.11.06 16:09:58.757,0.83075,0.83135,1.20,6.60
2008.11.06 16:09:58.927,0.8307,0.83135,7.00,6.60
2008.11.06 16:09:59.097,0.8307,0.8313,1.00,6.00
2008.11.06 16:09:59.437,0.8307,0.83125,1.00,1.00
2008.11.06 16:09:59.777,0.8307,0.83125,1.00,6.60
2008.11.06 16:10:00.067,0.8307,0.83125,1.00,6.00
2008.11.06 16:10:00.416,0.8307,0.8312,1.00,6.00
2008.11.06 16:10:02.336,0.8307,0.83125,1.00,6.00
2008.11.06 16:10:02.626,0.8307,0.8313,1.00,6.00
2008.11.06 16:10:03.986,0.8307,0.8312,1.00,1.00
2008.11.06 16:10:04.806,0.8307,0.83125,1.00,1.60
2008.11.06 16:10:05.095,0.8307,0.8313,1.00,6.00
2008.11.06 16:10:05.665,0.8307,0.8312,1.00,6.00
2008.11.06 16:10:06.015,0.8307,0.8312,1.00,6.60
2008.11.06 16:10:06.725,0.8307,0.83115,1.00,6.00
2008.11.06 16:10:07.445,0.8307,0.8311,1.00,6.00
2008.11.06 16:10:08.845,0.8307,0.83115,1.00,6.00
2008.11.06 16:10:09.404,0.8307,0.8312,1.00,6.00
2008.11.06 16:10:10.574,0.8307,0.83125,1.00,6.60
2008.11.06 16:10:10.914,0.8307,0.83125,1.00,6.00
2008.11.06 16:10:12.883,0.8307,0.83115,1.00,1.00
2008.11.06 16:10:13.453,0.8307,0.8312,1.00,6.60
2008.11.06 16:10:13.753,0.83035,0.83115,6.00,6.00
2008.11.06 16:10:14.373,0.8303,0.8311,7.20,6.00
2008.11.06 16:10:14.493,0.8303,0.8311,6.00,6.00
2008.11.06 16:10:14.653,0.8303,0.83105,6.00,6.00
2008.11.06 16:10:15.243,0.8303,0.831,8.10,6.00
2008.11.06 16:10:15.713,0.8303,0.831,7.80,6.00
2008.11.06 16:10:15.943,0.83025,0.83095,6.10,6.00
2008.11.06 16:10:16.273,0.8304,0.83095,1.00,6.00
2008.11.06 16:10:16.783,0.8304,0.83105,1.30,6.00
2008.11.06 16:10:17.193,0.83045,0.83105,1.00,6.00
2008.11.06 16:10:17.582,0.83045,0.83105,1.20,6.00
2008.11.06 16:10:17.943,0.8304,0.83105,1.20,6.60
2008.11.06 16:10:18.353,0.83035,0.83105,7.30,6.60
2008.11.06 16:10:19.052,0.83035,0.831,6.00,6.00
2008.11.06 16:10:19.402,0.83025,0.8309,1.20,6.00
2008.11.06 16:10:19.694,0.8302,0.8308,1.20,6.60
2008.11.06 16:10:20.302,0.8301,0.8308,6.00,6.00
2008.11.06 16:10:20.712,0.83,0.83065,1.30,6.00
2008.11.06 16:10:21.242,0.82995,0.83065,7.30,6.00
2008.11.06 16:10:21.592,0.82995,0.83065,7.80,6.00
2008.11.06 16:10:22.061,0.8299,0.83055,6.60,6.00
2008.11.06 16:10:22.451,0.8299,0.8306,6.60,6.00
2008.11.06 16:10:22.911,0.82985,0.83055,6.10,6.00
2008.11.06 16:10:23.441,0.82985,0.8305,1.00,6.00
2008.11.06 16:10:23.841,0.8298,0.8305,7.30,6.00
2008.11.06 16:10:24.181,0.82985,0.8305,1.20,6.00
2008.11.06 16:10:24.511,0.82985,0.8305,6.00,6.00
2008.11.06 16:10:24.851,0.82985,0.83055,6.00,6.00
2008.11.06 16:10:25.530,0.82985,0.8305,6.00,6.00
2008.11.06 16:10:27.250,0.82985,0.83055,6.00,6.00
2008.11.06 16:10:28.110,0.8298,0.83045,1.00,6.00
2008.11.06 16:10:28.580,0.82975,0.83045,7.20,6.00
2008.11.06 16:10:29.050,0.8298,0.83045,1.20,6.00
2008.11.06 16:10:33.698,0.82985,0.8305,1.20,6.00
2008.11.06 16:10:34.388,0.8298,0.8305,7.20,6.00
2008.11.06 16:10:35.428,0.8298,0.8305,6.00,6.00
2008.11.06 16:10:36.198,0.82975,0.83045,7.20,6.00
2008.11.06 16:10:36.538,0.82975,0.83045,6.00,6.00
2008.11.06 16:10:37.818,0.82975,0.83045,6.00,6.60
2008.11.06 16:10:38.397,0.8297,0.8304,6.00,6.00
2008.11.06 16:10:38.677,0.8297,0.8304,6.00,6.60
2008.11.06 16:10:39.497,0.82975,0.83045,6.00,6.00
2008.11.06 16:10:43.646,0.8297,0.8304,7.20,6.00
2008.11.06 16:10:44.326,0.8297,0.8304,6.00,6.00
2008.11.06 16:10:44.606,0.8297,0.8304,7.20,6.00
2008.11.06 16:10:44.966,0.8297,0.8304,6.00,6.00
2008.11.06 16:10:45.545,0.82985,0.8305,1.00,6.00
2008.11.06 16:10:46.056,0.82985,0.83055,6.00,6.00
2008.11.06 16:10:47.075,0.8299,0.83055,6.00,6.00
2008.11.06 16:10:47.525,0.83005,0.8307,6.00,6.60
2008.11.06 16:10:47.985,0.83005,0.8307,6.00,6.00
2008.11.06 16:10:48.425,0.8301,0.8307,6.00,1.00
2008.11.06 16:10:48.655,0.83005,0.8307,6.00,1.00
2008.11.06 16:10:49.635,0.83,0.8307,6.00,6.60
2008.11.06 16:10:49.805,0.82995,0.8306,6.00,6.60
2008.11.06 16:10:50.095,0.82995,0.8306,6.00,6.00
2008.11.06 16:10:50.445,0.82985,0.8305,6.00,1.00
2008.11.06 16:10:50.674,0.8299,0.8305,6.00,1.00
2008.11.06 16:10:50.995,0.8299,0.8306,6.00,8.10
2008.11.06 16:10:51.344,0.82995,0.8306,1.20,6.00
2008.11.06 16:10:51.974,0.82995,0.83065,7.20,6.00
2008.11.06 16:10:52.264,0.83,0.8306,1.20,1.50
2008.11.06 16:10:52.684,0.8299,0.8306,6.00,7.50
2008.11.06 16:10:53.194,0.8299,0.8306,6.00,6.60
2008.11.06 16:10:54.114,0.82995,0.8306,6.00,1.00
2008.11.06 16:10:54.693,0.83,0.8306,7.20,1.00
2008.11.06 16:10:55.033,0.83,0.8307,7.20,6.00
2008.11.06 16:10:55.483,0.8301,0.83075,7.20,1.60
2008.11.06 16:10:56.053,0.83015,0.83085,7.20,6.60
2008.11.06 16:10:56.273,0.8302,0.83085,1.20,6.00
2008.11.06 16:10:56.693,0.83015,0.83085,7.20,6.60
2008.11.06 16:10:56.983,0.83015,0.83085,6.00,6.60
2008.11.06 16:10:57.273,0.8303,0.83085,1.20,6.60
2008.11.06 16:10:57.733,0.8303,0.8309,1.20,6.60
2008.11.06 16:10:58.353,0.83025,0.83095,7.20,6.00
2008.11.06 16:10:58.573,0.83025,0.83095,6.00,6.00
2008.11.06 16:10:59.162,0.83025,0.83095,6.00,6.60
2008.11.06 16:10:59.562,0.83015,0.83085,6.00,6.00
2008.11.06 16:11:00.082,0.83015,0.83085,6.00,8.10
2008.11.06 16:11:00.192,0.8301,0.8308,6.00,6.00
2008.11.06 16:11:00.702,0.8301,0.8308,6.00,9.70
2008.11.06 16:11:00.872,0.83005,0.8307,6.00,6.00
2008.11.06 16:11:01.502,0.83005,0.83075,6.00,6.00
2008.11.06 16:11:01.972,0.83005,0.83075,6.00,6.60
2008.11.06 16:11:02.332,0.83,0.8307,6.00,6.00
2008.11.06 16:11:02.741,0.83005,0.8307,6.00,1.00
2008.11.06 16:11:03.031,0.82995,0.83065,6.00,6.00
2008.11.06 16:11:03.601,0.82995,0.8306,6.00,6.00
2008.11.06 16:11:04.391,0.82995,0.83065,6.00,6.00
2008.11.06 16:11:05.441,0.82995,0.83065,7.20,6.00
2008.11.06 16:11:06.301,0.82995,0.83065,6.00,6.00
2008.11.06 16:11:06.591,0.82995,0.83065,7.20,6.00
2008.11.06 16:11:07.740,0.82995,0.83065,6.00,6.00
2008.11.06 16:11:08.740,0.8299,0.8306,6.00,6.00
2008.11.06 16:11:09.070,0.82995,0.83065,6.00,6.00
2008.11.06 16:11:09.420,0.83,0.8307,6.00,7.60
2008.11.06 16:11:09.800,0.83,0.8307,6.00,6.00
2008.11.06 16:11:10.560,0.83,0.8307,6.00,7.50
2008.11.06 16:11:11.030,0.8299,0.8306,6.00,6.00
2008.11.06 16:11:11.629,0.82985,0.83055,6.00,6.00
2008.11.06 16:11:13.069,0.8299,0.8306,6.00,7.60
2008.11.06 16:11:13.289,0.8299,0.8306,6.00,6.00
2008.11.06 16:11:13.849,0.82995,0.83065,6.00,6.00
2008.11.06 16:11:14.229,0.8299,0.8306,6.00,6.00
2008.11.06 16:11:14.809,0.82985,0.83055,6.00,6.00
2008.11.06 16:11:15.619,0.82985,0.83055,7.20,6.00
2008.11.06 16:11:15.908,0.82985,0.83055,6.00,6.00
2008.11.06 16:11:16.298,0.82985,0.8305,6.00,6.00
2008.11.06 16:11:20.687,0.82985,0.83055,6.00,6.00
2008.11.06 16:11:21.347,0.8299,0.8306,6.00,6.00
2008.11.06 16:11:23.596,0.82985,0.83055,6.00,6.00
2008.11.06 16:11:24.976,0.82985,0.83055,6.90,6.00
2008.11.06 16:11:25.336,0.8299,0.8306,6.00,6.00
2008.11.06 16:11:25.686,0.82995,0.83065,6.00,6.00
2008.11.06 16:11:26.156,0.82985,0.83055,7.20,6.00
2008.11.06 16:11:26.616,0.8298,0.8305,6.60,6.00
2008.11.06 16:11:27.126,0.82985,0.83055,6.00,6.60
2008.11.06 16:11:28.646,0.82985,0.83055,6.00,6.00
2008.11.06 16:11:30.025,0.82985,0.83055,6.00,6.60
2008.11.06 16:11:30.835,0.82985,0.83055,6.10,6.60
2008.11.06 16:11:31.125,0.82995,0.8306,6.00,1.60
2008.11.06 16:11:31.475,0.83,0.8306,1.20,1.60
2008.11.06 16:11:31.764,0.82995,0.8306,6.00,6.00
2008.11.06 16:11:33.074,0.82995,0.8306,7.20,6.00
2008.11.06 16:11:33.654,0.82995,0.8306,6.00,6.00
2008.11.06 16:11:33.894,0.83,0.83065,6.00,7.50
2008.11.06 16:11:34.064,0.8299,0.8306,7.80,6.00
2008.11.06 16:11:34.184,0.8299,0.8306,7.20,6.00
2008.11.06 16:11:34.594,0.8299,0.8306,6.00,6.00
2008.11.06 16:11:35.384,0.82985,0.83055,6.00,6.00
2008.11.06 16:11:36.113,0.8299,0.8306,6.00,6.00
2008.11.06 16:11:36.513,0.82985,0.83055,6.00,6.00
2008.11.06 16:11:37.953,0.8299,0.83055,6.00,6.00
2008.11.06 16:11:39.163,0.82995,0.8306,6.00,6.00
2008.11.06 16:11:42.212,0.82995,0.83065,6.00,6.60
2008.11.06 16:11:42.562,0.82995,0.83065,6.00,6.00
2008.11.06 16:11:43.022,0.83,0.8307,6.00,6.00
2008.11.06 16:11:43.262,0.83,0.83065,6.00,6.00
2008.11.06 16:11:43.732,0.83,0.8307,6.00,6.00
2008.11.06 16:11:46.811,0.83005,0.83075,6.00,6.60
2008.11.06 16:11:47.101,0.83005,0.83075,6.00,6.00
2008.11.06 16:11:47.551,0.83005,0.83075,6.00,6.60
2008.11.06 16:11:47.781,0.83,0.8307,6.00,6.00
2008.11.06 16:11:48.141,0.83,0.8307,6.00,6.60
2008.11.06 16:11:49.780,0.83005,0.8307,6.00,1.00
2008.11.06 16:11:50.300,0.83005,0.83075,6.00,6.60
2008.11.06 16:11:50.530,0.83015,0.8308,6.00,1.60
2008.11.06 16:11:50.990,0.8302,0.8308,6.10,1.60
2008.11.06 16:11:51.570,0.8303,0.83095,1.20,7.60
2008.11.06 16:11:52.110,0.8304,0.83095,6.00,1.60
2008.11.06 16:11:52.530,0.83045,0.831,6.00,1.60
2008.11.06 16:11:53.279,0.8304,0.831,6.00,1.60
2008.11.06 16:11:53.630,0.8304,0.8311,6.00,6.00
2008.11.06 16:11:54.039,0.8304,0.8311,6.60,6.00
2008.11.06 16:11:54.729,0.8304,0.8311,6.00,6.00
2008.11.06 16:11:55.709,0.83045,0.83115,6.00,7.60
2008.11.06 16:11:56.109,0.83045,0.83115,6.10,7.60
2008.11.06 16:11:56.389,0.8304,0.83105,1.00,6.00
2008.11.06 16:11:56.679,0.8304,0.831,1.00,6.00
2008.11.06 16:11:57.378,0.8304,0.83095,1.00,6.00
2008.11.06 16:12:00.357,0.8303,0.831,6.00,7.60
2008.11.06 16:12:00.697,0.83035,0.831,6.00,1.60
2008.11.06 16:12:01.377,0.8304,0.83105,6.00,1.60
2008.11.06 16:12:01.677,0.8304,0.8311,6.00,7.60
2008.11.06 16:12:02.087,0.8304,0.8311,6.00,6.00
2008.11.06 16:12:02.437,0.83035,0.83105,6.00,6.00
2008.11.06 16:12:03.247,0.83035,0.83105,7.20,6.00
2008.11.06 16:12:03.787,0.83035,0.83105,6.00,6.00
2008.11.06 16:12:05.566,0.8303,0.831,7.20,6.00
2008.11.06 16:12:05.976,0.8303,0.831,6.00,6.00
2008.11.06 16:12:06.316,0.8304,0.83105,6.00,1.00
2008.11.06 16:12:06.776,0.8303,0.831,6.00,6.60
2008.11.06 16:12:07.126,0.8303,0.831,6.00,6.00
2008.11.06 16:12:07.636,0.83035,0.83105,6.00,6.60
2008.11.06 16:12:07.866,0.8304,0.8311,6.00,6.60
2008.11.06 16:12:08.565,0.8304,0.8311,6.00,6.00
2008.11.06 16:12:08.965,0.83045,0.83115,6.00,8.20
2008.11.06 16:12:09.205,0.8304,0.8311,6.00,6.60
2008.11.06 16:12:09.375,0.8304,0.8311,6.00,6.00
2008.11.06 16:12:09.606,0.8304,0.8311,6.00,6.60
2008.11.06 16:12:09.885,0.83045,0.8311,6.00,1.00
2008.11.06 16:12:10.295,0.8304,0.8311,6.00,6.60
2008.11.06 16:12:14.424,0.8304,0.8311,6.00,6.00
2008.11.06 16:12:14.944,0.83045,0.83115,6.00,6.60
2008.11.06 16:12:15.294,0.83045,0.83115,6.00,6.00
2008.11.06 16:12:17.803,0.8305,0.83115,6.00,6.00
2008.11.06 16:12:18.713,0.83045,0.83115,7.20,7.50
2008.11.06 16:12:19.003,0.83045,0.8311,7.30,1.00
2008.11.06 16:12:19.313,0.83055,0.8312,7.20,1.00
2008.11.06 16:12:20.023,0.83055,0.8312,1.20,6.60
2008.11.06 16:12:20.353,0.8305,0.8312,7.20,6.60
2008.11.06 16:12:21.852,0.83065,0.8312,6.00,1.00
2008.11.06 16:12:22.703,0.83065,0.8312,6.10,1.00
2008.11.06 16:12:23.042,0.83065,0.8312,7.30,1.00
2008.11.06 16:12:23.552,0.83065,0.8312,1.20,1.20
2008.11.06 16:12:23.972,0.8308,0.8312,6.00,1.00
2008.11.06 16:12:24.362,0.8308,0.8312,7.20,1.00
2008.11.06 16:12:24.712,0.8308,0.8312,6.00,1.00
2008.11.06 16:12:25.402,0.8308,0.8312,7.20,1.00
2008.11.06 16:12:28.031,0.8308,0.8312,7.30,1.00
2008.11.06 16:12:29.181,0.8309,0.8312,6.00,1.00
2008.11.06 16:12:29.630,0.83095,0.83175,6.00,6.00
2008.11.06 16:12:30.100,0.83095,0.83135,6.00,1.00
2008.11.06 16:12:30.320,0.83085,0.83135,1.30,1.00
2008.11.06 16:12:30.620,0.8309,0.83135,6.00,1.00
2008.11.06 16:12:30.780,0.8309,0.83135,6.10,1.00
2008.11.06 16:12:31.130,0.83085,0.8312,6.00,1.00
2008.11.06 16:12:32.220,0.8308,0.8312,6.00,1.00
2008.11.06 16:12:33.900,0.83075,0.8312,1.20,1.00
2008.11.06 16:12:34.300,0.83065,0.8312,6.00,1.00
2008.11.06 16:12:35.689,0.8306,0.8312,6.60,1.00
2008.11.06 16:12:35.909,0.8306,0.8312,6.00,1.00
2008.11.06 16:12:36.369,0.8307,0.8312,6.00,1.00
2008.11.06 16:12:36.719,0.83065,0.8312,6.00,1.00
2008.11.06 16:12:37.159,0.83055,0.8312,6.00,6.60
2008.11.06 16:12:38.208,0.8308,0.8312,6.00,1.00
2008.11.06 16:12:39.288,0.83075,0.8312,6.00,1.00
2008.11.06 16:12:40.848,0.8308,0.8312,6.00,1.00
2008.11.06 16:12:41.248,0.8308,0.8312,7.20,1.00
2008.11.06 16:12:41.598,0.83095,0.83175,6.00,6.00
2008.11.06 16:12:42.058,0.83095,0.8318,6.00,6.00
2008.11.06 16:12:42.367,0.83105,0.83185,6.00,1.60
2008.11.06 16:12:43.107,0.8311,0.8317,6.00,1.60
2008.11.06 16:12:43.467,0.8311,0.8317,1.20,6.00
2008.11.06 16:12:43.757,0.8311,0.8318,7.20,7.60
2008.11.06 16:12:44.117,0.8311,0.83175,1.20,6.00
2008.11.06 16:12:44.727,0.83105,0.83175,7.20,6.00
2008.11.06 16:12:45.297,0.83105,0.8317,1.20,6.00
2008.11.06 16:12:45.647,0.831,0.8317,7.80,6.00
2008.11.06 16:12:45.936,0.83105,0.8317,7.20,6.00
2008.11.06 16:12:49.026,0.83105,0.8317,6.00,6.00
2008.11.06 16:12:49.426,0.83105,0.8317,7.20,6.00
2008.11.06 16:12:50.416,0.83105,0.8317,6.00,6.00
2008.11.06 16:12:50.885,0.83095,0.83165,6.60,6.60
2008.11.06 16:12:52.445,0.831,0.83165,6.00,1.00
2008.11.06 16:12:52.785,0.83095,0.83165,6.00,6.00
2008.11.06 16:12:53.125,0.83105,0.83175,6.00,7.60
2008.11.06 16:12:53.465,0.8311,0.83175,7.20,1.60
2008.11.06 16:12:53.915,0.83115,0.8317,6.00,1.60
2008.11.06 16:12:54.555,0.8311,0.8318,6.00,6.00
2008.11.06 16:12:55.175,0.83115,0.8318,6.00,6.00
2008.11.06 16:12:55.744,0.8311,0.8318,6.00,7.50
2008.11.06 16:12:56.044,0.8311,0.8318,6.00,8.10
2008.11.06 16:12:56.334,0.83105,0.83175,6.00,6.60
2008.11.06 16:12:56.624,0.83105,0.83175,6.00,6.00
2008.11.06 16:12:57.604,0.83105,0.83175,6.00,6.60
2008.11.06 16:12:58.184,0.831,0.8317,6.00,8.10
2008.11.06 16:12:58.854,0.83105,0.8317,6.00,6.60
2008.11.06 16:13:01.293,0.83105,0.8317,6.00,6.00
2008.11.06 16:13:01.473,0.83105,0.83175,6.00,6.60
2008.11.06 16:13:03.652,0.83105,0.83175,6.00,8.10
2008.11.06 16:13:05.422,0.83105,0.83175,6.00,9.70
2008.11.06 16:13:05.712,0.83095,0.83165,6.00,6.00
2008.11.06 16:13:06.182,0.83105,0.83175,6.00,6.00
2008.11.06 16:13:06.532,0.8311,0.8318,6.00,6.00
2008.11.06 16:13:07.331,0.83115,0.83185,6.00,6.60
2008.11.06 16:13:07.671,0.83115,0.8318,6.00,1.00
2008.11.06 16:13:08.171,0.83105,0.83175,6.00,6.00
2008.11.06 16:13:08.521,0.8311,0.8318,6.00,6.60
2008.11.06 16:13:09.321,0.8312,0.8318,6.00,1.00
2008.11.06 16:13:09.611,0.83115,0.8318,1.00,6.60
2008.11.06 16:13:09.961,0.8311,0.8318,6.00,6.00
2008.11.06 16:13:11.591,0.83115,0.83185,6.00,6.00
2008.11.06 16:13:12.000,0.83115,0.8318,1.20,6.00
2008.11.06 16:13:12.390,0.83115,0.83185,6.00,6.00
2008.11.06 16:13:12.910,0.83115,0.83185,6.00,6.60
2008.11.06 16:13:13.371,0.8311,0.8318,6.00,6.00
2008.11.06 16:13:13.890,0.8311,0.8318,6.00,6.60
2008.11.06 16:13:15.349,0.8311,0.8318,6.00,6.00
2008.11.06 16:13:15.589,0.83105,0.83175,6.00,6.60
2008.11.06 16:13:15.990,0.831,0.8317,6.60,6.00
2008.11.06 16:13:16.689,0.831,0.8317,6.00,6.00
2008.11.06 16:13:17.149,0.8311,0.8318,6.00,7.50
2008.11.06 16:13:17.329,0.83115,0.83185,6.00,6.60
2008.11.06 16:13:17.879,0.83115,0.83185,6.00,6.00
2008.11.06 16:13:18.049,0.8311,0.8318,6.00,6.00
2008.11.06 16:13:18.969,0.8311,0.8318,7.20,6.00
2008.11.06 16:13:19.379,0.8311,0.8318,6.90,6.00
2008.11.06 16:13:19.558,0.83115,0.83185,6.00,6.00
2008.11.06 16:13:20.059,0.8312,0.8319,6.00,6.00
2008.11.06 16:13:20.478,0.83115,0.8318,1.20,6.00
2008.11.06 16:13:20.768,0.8312,0.83185,1.20,6.00
2008.11.06 16:13:21.098,0.83115,0.83185,7.20,6.00
2008.11.06 16:13:21.728,0.83115,0.8318,6.00,6.00
2008.11.06 16:13:24.497,0.83115,0.83185,6.00,6.00
2008.11.06 16:13:25.417,0.8312,0.83185,1.00,6.00
2008.11.06 16:13:25.647,0.8313,0.83195,6.00,7.60
2008.11.06 16:13:26.117,0.8313,0.83195,6.00,6.00
2008.11.06 16:13:29.446,0.8313,0.832,7.20,6.00
2008.11.06 16:13:29.966,0.8314,0.83205,6.00,1.00
2008.11.06 16:13:30.306,0.8314,0.8321,6.00,6.60
2008.11.06 16:13:30.666,0.8314,0.8321,6.00,6.00
2008.11.06 16:13:31.236,0.83135,0.83205,7.30,6.60
2008.11.06 16:13:31.586,0.83135,0.83205,6.00,6.60
2008.11.06 16:13:32.036,0.8313,0.832,7.20,6.00
2008.11.06 16:13:32.595,0.8313,0.832,6.00,6.00
2008.11.06 16:13:33.345,0.83125,0.83195,6.00,6.00
2008.11.06 16:13:33.915,0.83125,0.8319,6.00,6.00
2008.11.06 16:13:40.374,0.8312,0.83185,7.20,6.00
2008.11.06 16:13:40.773,0.8312,0.8319,7.20,6.00
2008.11.06 16:13:42.653,0.8312,0.83185,1.20,6.00
2008.11.06 16:13:44.743,0.83115,0.83185,7.20,6.00
2008.11.06 16:13:47.392,0.83115,0.83185,7.80,6.00
2008.11.06 16:13:47.722,0.83115,0.83185,7.20,6.00
2008.11.06 16:13:48.002,0.8312,0.8319,6.00,6.00
2008.11.06 16:13:48.342,0.83115,0.83185,6.60,6.00
2008.11.06 16:13:48.742,0.83125,0.83195,6.00,6.00
2008.11.06 16:13:49.551,0.83125,0.83195,7.20,6.00
2008.11.06 16:13:49.841,0.83135,0.83205,6.00,6.00
2008.11.06 16:13:50.251,0.83135,0.83205,7.80,6.00
2008.11.06 16:13:50.601,0.83145,0.8321,6.00,6.00
2008.11.06 16:13:51.401,0.8314,0.8321,6.00,6.00
2008.11.06 16:13:51.681,0.83135,0.832,2.10,6.00
2008.11.06 16:13:52.041,0.8314,0.832,1.20,6.00
2008.11.06 16:13:52.390,0.8314,0.83205,1.20,7.60
2008.11.06 16:13:52.740,0.8314,0.83205,1.20,6.00
2008.11.06 16:13:53.431,0.83135,0.83205,7.20,6.00
2008.11.06 16:13:53.720,0.8314,0.8321,6.00,6.00
2008.11.06 16:13:54.680,0.8314,0.832,1.20,6.00
2008.11.06 16:13:54.980,0.83145,0.83205,6.00,1.60
2008.11.06 16:13:55.700,0.8314,0.8321,7.20,6.00
2008.11.06 16:13:57.040,0.83145,0.8321,6.00,6.00
2008.11.06 16:13:57.449,0.83145,0.83215,6.00,6.00
2008.11.06 16:13:58.109,0.8315,0.8322,6.00,6.00
2008.11.06 16:13:58.849,0.83145,0.83215,7.20,6.00
2008.11.06 16:13:59.449,0.83145,0.83215,6.00,6.00
2008.11.06 16:14:00.829,0.8314,0.8321,6.00,6.00
2008.11.06 16:14:01.388,0.8314,0.8321,6.00,6.60
2008.11.06 16:14:02.678,0.83135,0.83205,6.60,6.00
2008.11.06 16:14:02.908,0.83135,0.83205,6.00,6.00
2008.11.06 16:14:04.248,0.8313,0.832,6.00,6.00
2008.11.06 16:14:04.708,0.8313,0.832,6.00,6.60
2008.11.06 16:14:04.998,0.8313,0.83195,6.00,6.00
2008.11.06 16:14:05.407,0.8312,0.83175,1.20,6.00
2008.11.06 16:14:05.577,0.8311,0.8317,1.20,1.00
2008.11.06 16:14:06.207,0.8311,0.83175,1.20,6.60
2008.11.06 16:14:06.677,0.8311,0.8317,1.20,1.00
2008.11.06 16:14:08.867,0.8311,0.83165,1.20,6.00
2008.11.06 16:14:09.197,0.8311,0.8317,1.20,1.00
2008.11.06 16:14:11.036,0.8311,0.83175,1.20,6.60
2008.11.06 16:14:11.596,0.8311,0.83175,7.20,1.00
2008.11.06 16:14:11.946,0.8311,0.8318,7.20,6.60
2008.11.06 16:14:12.286,0.8311,0.8318,7.20,6.00
2008.11.06 16:14:13.406,0.8311,0.8318,7.20,6.60
2008.11.06 16:14:19.884,0.83115,0.8318,6.00,1.00
2008.11.06 16:14:20.164,0.83115,0.83185,6.00,6.60
2008.11.06 16:14:20.754,0.8312,0.83185,6.00,1.00
2008.11.06 16:14:21.624,0.8312,0.83185,6.00,2.20
2008.11.06 16:14:22.203,0.83125,0.8318,1.00,6.00
2008.11.06 16:14:22.653,0.8313,0.83195,6.00,6.00
2008.11.06 16:14:23.053,0.8313,0.832,6.00,6.90
2008.11.06 16:14:24.433,0.8313,0.832,6.00,6.30
2008.11.06 16:14:24.713,0.83135,0.832,6.00,1.00
2008.11.06 16:14:25.403,0.83135,0.832,6.00,6.30
2008.11.06 16:14:25.793,0.8314,0.832,6.00,1.00
2008.11.06 16:14:26.382,0.83135,0.832,6.00,1.00
2008.11.06 16:14:26.732,0.8313,0.832,6.60,6.90
2008.11.06 16:14:28.222,0.8314,0.832,6.10,1.00
2008.11.06 16:14:28.582,0.8314,0.832,7.20,1.00
2008.11.06 16:14:29.152,0.8314,0.832,6.00,1.00
2008.11.06 16:14:30.242,0.8314,0.832,7.20,1.00
2008.11.06 16:14:30.591,0.8314,0.832,6.00,1.00
2008.11.06 16:14:32.261,0.83135,0.832,6.60,1.00
2008.11.06 16:14:32.891,0.83135,0.832,7.80,1.00
2008.11.06 16:14:33.231,0.83135,0.832,7.20,1.00
2008.11.06 16:14:33.901,0.83135,0.832,7.80,1.00
2008.11.06 16:14:34.080,0.8314,0.832,6.00,1.00
2008.11.06 16:14:34.430,0.83135,0.832,7.20,6.30
2008.11.06 16:14:34.910,0.8314,0.832,6.00,1.00
2008.11.06 16:14:35.090,0.8314,0.832,7.20,1.00
2008.11.06 16:14:35.500,0.8314,0.832,7.30,1.00
2008.11.06 16:14:35.840,0.83145,0.832,1.20,1.00
2008.11.06 16:14:36.170,0.83145,0.832,6.00,1.00
2008.11.06 16:14:37.020,0.8314,0.832,6.00,1.00
2008.11.06 16:14:37.530,0.83135,0.832,6.00,1.00
2008.11.06 16:14:39.229,0.8313,0.832,7.20,6.30
2008.11.06 16:14:39.579,0.83125,0.83195,6.60,6.00
2008.11.06 16:14:39.869,0.83125,0.83195,6.00,6.00
2008.11.06 16:14:41.759,0.8313,0.83195,6.00,6.00
2008.11.06 16:14:42.628,0.83125,0.83195,6.00,6.60
2008.11.06 16:14:42.909,0.83125,0.83195,6.00,6.00
2008.11.06 16:14:43.358,0.8313,0.832,6.00,6.90
2008.11.06 16:14:43.748,0.83125,0.83195,6.00,6.00
2008.11.06 16:14:44.108,0.83125,0.83195,6.00,6.60
2008.11.06 16:14:44.408,0.83125,0.8319,6.00,6.00
2008.11.06 16:14:55.276,0.83125,0.83195,6.00,6.00
2008.11.06 16:14:56.005,0.83125,0.83195,7.20,6.00
2008.11.06 16:14:57.665,0.83125,0.83195,6.00,6.00
2008.11.06 16:15:01.244,0.83125,0.83195,7.20,6.00
2008.11.06 16:15:02.364,0.83125,0.8319,6.00,6.00
2008.11.06 16:15:07.223,0.8314,0.832,6.00,1.00
2008.11.06 16:15:07.572,0.8314,0.832,6.60,1.00
2008.11.06 16:15:07.812,0.83145,0.832,6.00,1.00
2008.11.06 16:15:08.662,0.8314,0.832,6.00,1.00
2008.11.06 16:15:08.992,0.83135,0.832,7.20,1.00
2008.11.06 16:15:09.342,0.83135,0.832,6.00,1.00
2008.11.06 16:15:11.152,0.83135,0.832,6.10,1.00
2008.11.06 16:15:11.432,0.83145,0.832,6.00,1.00
2008.11.06 16:15:11.772,0.8314,0.832,6.00,1.00
2008.11.06 16:15:12.102,0.83135,0.832,6.00,1.00
2008.11.06 16:15:12.892,0.83135,0.832,6.10,1.00
2008.11.06 16:15:13.251,0.8314,0.832,6.00,1.00
2008.11.06 16:15:13.591,0.8314,0.832,7.20,1.00
2008.11.06 16:15:14.221,0.83145,0.832,1.20,1.00
2008.11.06 16:15:14.501,0.83145,0.832,7.20,1.00
2008.11.06 16:15:15.421,0.8315,0.832,1.20,1.00
2008.11.06 16:15:15.801,0.83155,0.832,6.00,1.00
2008.11.06 16:15:16.580,0.8316,0.832,6.00,1.00
2008.11.06 16:15:16.880,0.83165,0.832,1.20,1.00
2008.11.06 16:15:17.220,0.83165,0.832,7.20,1.00
2008.11.06 16:15:17.500,0.8317,0.832,1.20,1.00
2008.11.06 16:15:17.910,0.8317,0.832,6.00,1.00
2008.11.06 16:15:18.850,0.83165,0.832,6.00,1.00
2008.11.06 16:15:19.709,0.8316,0.832,6.60,1.00
2008.11.06 16:15:20.039,0.8316,0.832,6.00,1.00
2008.11.06 16:15:20.559,0.83155,0.832,7.20,1.00
2008.11.06 16:15:21.189,0.83155,0.832,6.00,1.00
2008.11.06 16:15:22.959,0.8315,0.832,7.80,1.00
2008.11.06 16:15:23.249,0.8315,0.832,1.20,1.00
2008.11.06 16:15:23.778,0.8313,0.8319,1.20,6.00
2008.11.06 16:15:24.129,0.8312,0.8319,6.00,6.00
2008.11.06 16:15:25.058,0.83115,0.83185,7.20,6.00
2008.11.06 16:15:25.358,0.8311,0.8318,6.00,6.00
2008.11.06 16:15:26.188,0.8311,0.83175,6.00,6.00
2008.11.06 16:15:27.228,0.83115,0.83185,6.00,6.00
2008.11.06 16:15:27.748,0.8311,0.8318,7.80,6.00
2008.11.06 16:15:28.107,0.8311,0.8318,6.00,8.40
2008.11.06 16:15:28.567,0.8311,0.8318,7.80,8.40
2008.11.06 16:15:28.927,0.83115,0.8318,6.00,2.40
2008.11.06 16:15:29.327,0.8312,0.8318,6.00,2.40
2008.11.06 16:15:29.677,0.83125,0.8318,1.20,2.40
2008.11.06 16:15:29.857,0.83125,0.8318,7.20,2.40
2008.11.06 16:15:30.157,0.8313,0.8318,6.00,2.40
2008.11.06 16:15:30.807,0.83135,0.8318,6.00,2.40
2008.11.06 16:15:31.157,0.83125,0.8318,7.80,2.40
2008.11.06 16:15:31.517,0.83125,0.8318,6.00,2.40
2008.11.06 16:15:31.936,0.8312,0.8318,6.00,2.40
2008.11.06 16:15:34.076,0.83115,0.8318,6.00,2.40
2008.11.06 16:15:36.036,0.8312,0.8318,1.20,2.40
2008.11.06 16:15:37.115,0.83105,0.83175,12.60,6.00
2008.11.06 16:15:37.805,0.83105,0.83175,6.00,6.00
2008.11.06 16:15:38.275,0.83105,0.83175,6.00,7.50
2008.11.06 16:15:39.425,0.83105,0.83175,6.00,6.00
2008.11.06 16:15:39.535,0.831,0.8317,6.00,6.00
2008.11.06 16:15:39.935,0.831,0.8317,6.00,7.50
2008.11.06 16:15:40.225,0.83115,0.8318,6.00,2.80
2008.11.06 16:15:40.624,0.83115,0.8318,6.00,2.40
2008.11.06 16:15:44.593,0.8312,0.8318,1.20,2.40
2008.11.06 16:15:45.494,0.8312,0.83185,1.20,6.00
2008.11.06 16:15:46.254,0.8312,0.8319,7.20,6.00
2008.11.06 16:15:47.343,0.83125,0.83195,6.00,7.60
2008.11.06 16:15:47.743,0.83125,0.83195,6.00,6.00
2008.11.06 16:15:52.841,0.8312,0.8319,7.20,6.00
2008.11.06 16:15:53.361,0.8312,0.8319,6.00,6.00
2008.11.06 16:15:53.841,0.8312,0.83185,6.00,6.00
2008.11.06 16:15:56.601,0.8311,0.8318,7.20,6.00
2008.11.06 16:15:57.111,0.8311,0.8318,6.00,6.00
2008.11.06 16:15:57.510,0.8311,0.8318,7.20,6.00
2008.11.06 16:15:57.970,0.8311,0.83175,7.20,6.00
2008.11.06 16:15:58.300,0.8311,0.83175,6.00,6.00
2008.11.06 16:15:58.950,0.8311,0.83175,7.20,6.00
2008.11.06 16:16:00.550,0.83115,0.83185,6.00,7.60
2008.11.06 16:16:00.910,0.83115,0.83185,6.00,6.00
2008.11.06 16:16:01.300,0.83115,0.83185,7.20,6.00
2008.11.06 16:16:01.760,0.83115,0.83185,6.00,6.00
2008.11.06 16:16:02.049,0.83115,0.83185,7.20,6.00
2008.11.06 16:16:02.859,0.83115,0.83185,6.00,6.00
2008.11.06 16:16:04.869,0.83115,0.83185,6.60,6.00
2008.11.06 16:16:05.109,0.8312,0.8319,6.00,6.00
2008.11.06 16:16:05.858,0.83115,0.83185,7.20,6.00
2008.11.06 16:16:09.068,0.83115,0.8318,6.00,6.00
2008.11.06 16:16:09.487,0.83105,0.8317,1.20,6.00
2008.11.06 16:16:09.728,0.83105,0.83165,1.20,6.00
2008.11.06 16:16:10.068,0.83095,0.83165,6.00,6.00
2008.11.06 16:16:10.477,0.8309,0.8316,7.20,6.60
2008.11.06 16:16:11.107,0.8309,0.8316,6.00,6.60
2008.11.06 16:16:11.517,0.83095,0.83165,6.00,8.20
2008.11.06 16:16:11.817,0.83095,0.83165,6.00,6.60
2008.11.06 16:16:12.227,0.8309,0.8316,6.00,6.00
2008.11.06 16:16:12.977,0.8309,0.8316,6.00,6.60
2008.11.06 16:16:13.497,0.83085,0.83155,6.60,6.60
2008.11.06 16:16:14.007,0.83085,0.83155,6.00,6.60
2008.11.06 16:16:14.476,0.83085,0.83155,6.00,6.00
2008.11.06 16:16:15.156,0.8309,0.8316,6.00,6.60
2008.11.06 16:16:15.716,0.8309,0.83145,6.00,1.00
2008.11.06 16:16:15.946,0.8308,0.83145,1.00,6.60
2008.11.06 16:16:16.636,0.8306,0.8314,6.00,6.00
2008.11.06 16:16:17.275,0.8306,0.8313,6.00,6.60
2008.11.06 16:16:17.606,0.8306,0.8313,6.00,6.00
2008.11.06 16:16:19.845,0.83065,0.83135,6.00,6.60
2008.11.06 16:16:20.075,0.8307,0.8314,6.10,6.00
2008.11.06 16:16:20.885,0.83075,0.8314,1.30,6.00
2008.11.06 16:16:21.365,0.83075,0.8314,6.00,6.00
2008.11.06 16:16:21.885,0.83085,0.83155,6.00,6.00
2008.11.06 16:16:22.244,0.83085,0.83155,6.10,6.00
2008.11.06 16:16:22.484,0.8309,0.83155,1.20,6.00
2008.11.06 16:16:22.895,0.83085,0.83155,7.30,6.00
2008.11.06 16:16:23.354,0.8309,0.83155,1.20,6.00
2008.11.06 16:16:24.664,0.831,0.83165,1.20,6.00
2008.11.06 16:16:26.863,0.83095,0.83165,6.00,6.00
2008.11.06 16:16:28.403,0.83095,0.8316,6.00,6.00
2008.11.06 16:16:31.113,0.8309,0.8316,6.00,6.00
2008.11.06 16:16:31.452,0.8309,0.8316,7.20,6.00
2008.11.06 16:16:31.782,0.8309,0.8316,6.00,6.00
2008.11.06 16:16:32.202,0.83095,0.83165,6.00,7.60
2008.11.06 16:16:32.602,0.83095,0.83165,7.20,6.00
2008.11.06 16:16:33.552,0.83095,0.83165,7.20,7.50
2008.11.06 16:16:33.962,0.83095,0.83165,7.20,6.00
2008.11.06 16:16:34.312,0.83095,0.83165,6.00,6.00
2008.11.06 16:16:35.791,0.8309,0.8316,7.80,6.00
2008.11.06 16:16:36.021,0.8309,0.8316,7.20,6.00
2008.11.06 16:16:37.591,0.8309,0.8316,6.00,6.60
2008.11.06 16:16:38.001,0.8309,0.8315,6.00,2.10
2008.11.06 16:16:38.231,0.83075,0.8314,6.00,6.00
2008.11.06 16:16:38.751,0.8307,0.8314,7.20,6.00
2008.11.06 16:16:39.870,0.8307,0.8314,6.00,6.00
2008.11.06 16:16:40.510,0.83075,0.8314,6.00,6.00
2008.11.06 16:16:40.620,0.8308,0.8314,1.20,6.00
2008.11.06 16:16:41.150,0.83075,0.8314,7.20,6.00
2008.11.06 16:16:42.070,0.83075,0.8314,6.00,6.00
2008.11.06 16:16:42.769,0.83075,0.8314,7.20,6.00
2008.11.06 16:16:43.229,0.83075,0.8314,1.20,6.00
2008.11.06 16:16:43.789,0.83075,0.83135,1.20,6.00
2008.11.06 16:16:44.179,0.8307,0.83135,1.20,6.00
2008.11.06 16:16:44.469,0.83065,0.83135,7.20,6.00
2008.11.06 16:16:44.639,0.83065,0.8313,1.20,6.00
2008.11.06 16:16:44.909,0.8306,0.8313,7.20,6.00
2008.11.06 16:16:45.729,0.8307,0.83135,6.00,6.00
2008.11.06 16:16:46.579,0.83065,0.83135,7.20,6.00
2008.11.06 16:16:47.269,0.83065,0.83135,6.00,6.00
2008.11.06 16:16:47.868,0.8306,0.8313,7.20,6.00
2008.11.06 16:16:48.148,0.8306,0.8313,6.00,6.00
2008.11.06 16:16:49.258,0.8306,0.8313,7.20,6.00
2008.11.06 16:16:49.558,0.8305,0.83115,6.60,6.00
2008.11.06 16:16:50.368,0.8305,0.83115,6.00,6.00
2008.11.06 16:16:50.868,0.8305,0.83115,1.20,6.00
2008.11.06 16:16:51.837,0.83055,0.8311,1.20,6.00
2008.11.06 16:16:52.297,0.8304,0.8311,7.20,6.00
2008.11.06 16:16:52.987,0.8304,0.831,1.20,6.00
2008.11.06 16:16:53.387,0.8303,0.831,7.80,6.00
2008.11.06 16:16:53.967,0.83035,0.831,1.20,6.00
2008.11.06 16:16:54.367,0.8304,0.83105,6.00,6.00
2008.11.06 16:16:55.466,0.8304,0.83105,7.20,6.00
2008.11.06 16:16:55.827,0.8304,0.8311,7.20,6.00
2008.11.06 16:16:56.126,0.8304,0.83105,1.20,6.00
2008.11.06 16:16:56.506,0.83035,0.831,1.20,6.60
2008.11.06 16:16:57.126,0.83035,0.831,1.00,6.60
2008.11.06 16:16:57.456,0.8303,0.8308,1.80,6.00
2008.11.06 16:16:57.846,0.8303,0.83085,1.20,6.00
2008.11.06 16:16:58.126,0.83025,0.8308,1.00,6.00
2008.11.06 16:16:58.476,0.83015,0.8308,1.80,6.00
2008.11.06 16:16:58.776,0.8301,0.8308,7.20,6.00
2008.11.06 16:16:59.055,0.83015,0.83085,7.20,6.00
2008.11.06 16:16:59.415,0.83025,0.8309,6.00,7.60
2008.11.06 16:17:00.225,0.8302,0.8309,6.00,7.60
2008.11.06 16:17:00.985,0.83015,0.83085,7.80,6.60
2008.11.06 16:17:01.565,0.83015,0.83085,6.60,6.60
2008.11.06 16:17:02.085,0.83015,0.8308,1.00,6.00
2008.11.06 16:17:02.655,0.8301,0.8308,7.20,6.00
2008.11.06 16:17:03.695,0.8301,0.8308,6.00,6.00
2008.11.06 16:17:04.034,0.8301,0.83075,1.20,6.00
2008.11.06 16:17:04.314,0.83005,0.83075,7.80,6.00
2008.11.06 16:17:04.784,0.83005,0.83075,6.00,6.00
2008.11.06 16:17:05.084,0.83005,0.8307,6.00,6.00
2008.11.06 16:17:05.934,0.8301,0.8308,6.00,6.00
2008.11.06 16:17:07.524,0.83015,0.8308,6.00,6.00
2008.11.06 16:17:08.444,0.83015,0.83085,6.00,6.00
2008.11.06 16:17:09.393,0.8302,0.8309,6.00,6.00
2008.11.06 16:17:10.083,0.8302,0.8309,7.20,6.00
2008.11.06 16:17:10.433,0.8303,0.831,6.00,6.00
2008.11.06 16:17:10.853,0.8303,0.831,6.00,6.60
2008.11.06 16:17:11.143,0.83035,0.83105,6.00,6.00
2008.11.06 16:17:11.373,0.83035,0.83105,6.00,8.20
2008.11.06 16:17:11.713,0.8303,0.831,7.20,6.00
2008.11.06 16:17:12.043,0.83035,0.83105,6.00,6.00
2008.11.06 16:17:12.622,0.83035,0.831,6.00,6.00
2008.11.06 16:17:13.082,0.8304,0.831,1.20,6.00
2008.11.06 16:17:13.532,0.83035,0.83105,6.00,7.60
2008.11.06 16:17:13.872,0.8304,0.8311,6.00,7.60
2008.11.06 16:17:14.152,0.8304,0.8311,6.00,6.00
2008.11.06 16:17:14.502,0.83045,0.83115,6.00,6.00
2008.11.06 16:17:15.252,0.8304,0.83105,6.00,1.00
2008.11.06 16:17:15.662,0.83045,0.8311,6.00,2.10
2008.11.06 16:17:15.952,0.83045,0.83115,6.00,6.00
2008.11.06 16:17:16.361,0.83045,0.83115,6.00,6.60
2008.11.06 16:17:16.591,0.8304,0.83105,6.00,6.00
2008.11.06 16:17:17.041,0.8304,0.83105,6.00,6.60
2008.11.06 16:17:17.451,0.8303,0.83085,1.00,6.00
2008.11.06 16:17:17.781,0.83025,0.8308,1.00,6.00
2008.11.06 16:17:18.131,0.83015,0.83085,6.00,6.00
2008.11.06 16:17:19.211,0.8302,0.8309,6.00,7.60
2008.11.06 16:17:19.771,0.83025,0.8309,6.00,1.60
2008.11.06 16:17:20.240,0.83025,0.83095,6.00,7.60
2008.11.06 16:17:20.870,0.8302,0.8309,6.00,6.00
2008.11.06 16:17:21.220,0.83015,0.83085,7.80,6.00
2008.11.06 16:17:21.620,0.83015,0.83085,6.60,6.60
2008.11.06 16:17:21.950,0.8302,0.8309,6.00,6.00
2008.11.06 16:17:22.300,0.83025,0.8309,6.00,6.00
2008.11.06 16:17:23.000,0.83025,0.8309,6.00,7.60
2008.11.06 16:17:23.969,0.83025,0.8309,7.20,6.00
2008.11.06 16:17:24.789,0.8303,0.8308,1.20,6.00
2008.11.06 16:17:25.189,0.8304,0.8307,1.20,6.00
2008.11.06 16:17:25.309,0.8303,0.83065,6.00,6.00
2008.11.06 16:17:25.479,0.83015,0.83065,1.00,6.00
2008.11.06 16:17:26.349,0.83015,0.83055,1.00,6.00
2008.11.06 16:17:26.689,0.8301,0.83055,1.00,6.00
2008.11.06 16:17:27.269,0.83,0.83065,1.00,6.00
2008.11.06 16:17:27.618,0.83005,0.83065,1.20,6.00
2008.11.06 16:17:28.558,0.83,0.83065,1.20,6.00
2008.11.06 16:17:29.778,0.83,0.83065,1.20,7.60
2008.11.06 16:17:30.078,0.82995,0.8306,6.00,1.60
2008.11.06 16:17:30.958,0.82995,0.83065,6.00,7.60
2008.11.06 16:17:31.488,0.82985,0.83045,1.00,6.00
2008.11.06 16:17:32.297,0.82985,0.8304,1.00,6.00
2008.11.06 16:17:32.648,0.82985,0.8303,1.00,6.00
2008.11.06 16:17:33.517,0.82975,0.8303,1.00,6.00
2008.11.06 16:17:34.367,0.8297,0.83015,1.00,6.00
2008.11.06 16:17:35.057,0.82965,0.83015,1.00,6.00
2008.11.06 16:17:35.517,0.82965,0.8301,1.00,6.00
2008.11.06 16:17:35.787,0.82965,0.83005,1.00,6.00
2008.11.06 16:17:36.527,0.8296,0.82995,1.00,6.00
2008.11.06 16:17:37.066,0.82955,0.82995,1.00,6.00
2008.11.06 16:17:37.306,0.82955,0.8299,1.00,6.00
2008.11.06 16:17:37.656,0.82945,0.8299,1.00,6.00
2008.11.06 16:17:38.006,0.82945,0.8298,1.00,6.00
2008.11.06 16:17:38.536,0.8294,0.82975,1.00,6.00
2008.11.06 16:17:38.886,0.82935,0.82965,1.00,6.00
2008.11.06 16:17:39.226,0.8293,0.8296,1.00,6.00
2008.11.06 16:17:39.736,0.82925,0.8296,1.00,6.00
2008.11.06 16:17:40.196,0.8292,0.8297,1.00,6.00
2008.11.06 16:17:40.786,0.8292,0.82975,1.00,6.00
2008.11.06 16:17:41.505,0.82915,0.82975,1.00,6.00
2008.11.06 16:17:41.845,0.82915,0.8298,6.10,6.00
2008.11.06 16:17:42.485,0.82915,0.82985,6.00,6.00
2008.11.06 16:17:42.885,0.82925,0.82965,1.00,1.60
2008.11.06 16:17:43.805,0.82925,0.82975,1.00,1.60
2008.11.06 16:17:44.425,0.8292,0.82985,7.30,1.60
2008.11.06 16:17:45.065,0.8293,0.82985,1.20,1.60
2008.11.06 16:17:45.414,0.82925,0.8299,1.30,7.60
2008.11.06 16:17:45.814,0.82925,0.8299,1.20,7.60
2008.11.06 16:17:46.084,0.8292,0.8299,7.20,6.00
2008.11.06 16:17:46.604,0.82915,0.82985,7.30,6.00
2008.11.06 16:17:47.644,0.82915,0.82985,6.10,6.00
2008.11.06 16:17:48.164,0.8292,0.8299,6.00,6.00
2008.11.06 16:17:48.784,0.8292,0.82985,6.10,6.00
2008.11.06 16:17:49.394,0.8292,0.82985,6.00,6.00
2008.11.06 16:17:49.773,0.82915,0.82985,7.80,6.00
2008.11.06 16:17:50.193,0.82915,0.82985,6.90,6.00
2008.11.06 16:17:50.703,0.82915,0.82985,8.10,6.00
2008.11.06 16:17:51.003,0.82915,0.82985,7.30,6.00
2008.11.06 16:17:51.713,0.8292,0.82985,1.20,6.00
2008.11.06 16:17:52.003,0.82925,0.82985,1.20,6.00
2008.11.06 16:17:52.343,0.8292,0.8299,7.30,6.00
2008.11.06 16:17:52.803,0.8292,0.8298,1.20,7.50
2008.11.06 16:17:53.262,0.8292,0.82965,1.20,6.60
2008.11.06 16:17:56.202,0.8291,0.8297,1.20,1.60
2008.11.06 16:17:56.782,0.82905,0.8297,6.00,7.60
2008.11.06 16:17:57.082,0.82915,0.8297,1.30,1.60
2008.11.06 16:17:57.721,0.82915,0.82975,1.20,1.60
2008.11.06 16:17:58.291,0.82915,0.8298,1.20,7.50
2008.11.06 16:17:58.821,0.8291,0.8298,6.00,6.00
2008.11.06 16:17:59.221,0.82915,0.82985,6.00,7.60
2008.11.06 16:17:59.511,0.8292,0.8298,6.00,1.60
2008.11.06 16:17:59.801,0.8292,0.8299,6.00,7.60
2008.11.06 16:18:00.311,0.8293,0.8299,1.00,7.60
2008.11.06 16:18:00.960,0.8293,0.8299,6.10,1.60
2008.11.06 16:18:01.301,0.8293,0.8299,7.20,1.60
2008.11.06 16:18:01.641,0.8293,0.82985,7.30,1.60
2008.11.06 16:18:02.170,0.8293,0.8299,1.20,1.60
2008.11.06 16:18:02.560,0.82925,0.8299,1.20,6.00
2008.11.06 16:18:03.260,0.8292,0.8299,8.10,6.00
2008.11.06 16:18:03.550,0.82925,0.82995,7.30,6.00
2008.11.06 16:18:03.900,0.82935,0.82995,1.00,6.00
2008.11.06 16:18:04.400,0.8293,0.82995,1.20,6.00
2008.11.06 16:18:04.800,0.82925,0.82995,6.10,6.00
2008.11.06 16:18:06.039,0.8293,0.82995,1.20,6.00
2008.11.06 16:18:06.649,0.8292,0.8299,7.20,6.00
2008.11.06 16:18:06.999,0.8292,0.82985,1.20,6.00
2008.11.06 16:18:07.229,0.82915,0.82985,8.10,6.00
2008.11.06 16:18:07.399,0.8292,0.82985,1.20,6.00
2008.11.06 16:18:07.629,0.8292,0.8299,7.20,6.00
2008.11.06 16:18:08.609,0.82925,0.8299,1.20,6.00
2008.11.06 16:18:09.189,0.8292,0.82985,1.20,6.00
2008.11.06 16:18:09.868,0.82915,0.82985,6.90,6.00
2008.11.06 16:18:10.228,0.82915,0.82985,6.10,6.00
2008.11.06 16:18:10.878,0.8291,0.8298,6.90,6.00
2008.11.06 16:18:11.388,0.8291,0.8298,6.00,6.00
2008.11.06 16:18:11.908,0.8291,0.8298,6.00,6.60
2008.11.06 16:18:12.378,0.82905,0.82975,7.30,6.00
2008.11.06 16:18:12.558,0.8291,0.8298,7.20,6.00
2008.11.06 16:18:13.218,0.8291,0.8298,7.20,7.60
2008.11.06 16:18:13.748,0.8291,0.8298,6.00,6.00
2008.11.06 16:18:15.057,0.8291,0.8296,6.00,1.00
2008.11.06 16:18:15.237,0.82875,0.8295,1.20,6.00
2008.11.06 16:18:15.537,0.8288,0.8295,6.00,6.00
2008.11.06 16:18:15.837,0.8286,0.8294,1.20,6.00
2008.11.06 16:18:16.127,0.82855,0.8293,6.00,6.00
2008.11.06 16:18:16.777,0.82865,0.8293,1.20,6.00
2008.11.06 16:18:17.647,0.82865,0.82935,6.10,7.60
2008.11.06 16:18:17.946,0.82865,0.82935,6.10,6.00
2008.11.06 16:18:18.266,0.82865,0.82935,7.30,6.00
2008.11.06 16:18:18.547,0.8287,0.8294,6.00,6.60
2008.11.06 16:18:18.956,0.8286,0.82925,1.20,6.00
2008.11.06 16:18:19.366,0.8285,0.8292,7.30,6.00
2008.11.06 16:18:19.656,0.8285,0.8292,6.10,6.00
2008.11.06 16:18:20.066,0.82855,0.82925,6.00,6.00
2008.11.06 16:18:20.636,0.8285,0.8292,7.30,6.00
2008.11.06 16:18:21.976,0.82855,0.82925,6.00,6.00
2008.11.06 16:18:22.605,0.8286,0.82925,6.00,6.00
2008.11.06 16:18:23.005,0.8286,0.82925,7.20,6.00
2008.11.06 16:18:23.935,0.8286,0.82925,6.00,6.00
2008.11.06 16:18:24.275,0.82855,0.82925,7.20,6.00
2008.11.06 16:18:24.665,0.82855,0.82925,6.00,6.00
2008.11.06 16:18:25.125,0.8285,0.8292,7.20,6.00
2008.11.06 16:18:25.625,0.82855,0.82925,6.00,6.00
2008.11.06 16:18:26.155,0.82855,0.82925,6.10,6.00
2008.11.06 16:18:26.565,0.82875,0.82935,6.00,1.60
2008.11.06 16:18:27.134,0.82875,0.82945,7.20,6.00
2008.11.06 16:18:27.354,0.82875,0.8294,6.00,6.00
2008.11.06 16:18:27.864,0.8287,0.82935,6.00,6.00
2008.11.06 16:18:28.164,0.82865,0.82935,6.00,7.50
2008.11.06 16:18:28.734,0.82865,0.82935,6.00,6.00
2008.11.06 16:18:29.084,0.82885,0.82955,6.00,6.00
2008.11.06 16:18:29.655,0.8289,0.82955,6.00,6.00
2008.11.06 16:18:29.944,0.8288,0.8292,1.80,1.50
2008.11.06 16:18:30.344,0.8288,0.8296,1.80,1.50
2008.11.06 16:18:30.793,0.8286,0.82925,1.30,6.40
2008.11.06 16:18:31.083,0.82855,0.8295,1.00,6.60
2008.11.06 16:18:32.753,0.8286,0.82935,1.00,6.60
2008.11.06 16:18:33.093,0.82865,0.8294,6.00,8.10
2008.11.06 16:18:33.493,0.8287,0.8294,6.00,6.00
2008.11.06 16:18:33.963,0.8287,0.8294,6.00,7.50
2008.11.06 16:18:34.293,0.8287,0.8294,6.00,6.00
2008.11.06 16:18:35.153,0.8287,0.8293,1.00,6.00
2008.11.06 16:18:35.502,0.8286,0.8293,7.80,6.00
2008.11.06 16:18:35.782,0.82865,0.82935,6.60,6.00
2008.11.06 16:18:36.132,0.8287,0.82935,1.00,6.00
2008.11.06 16:18:36.432,0.8287,0.82935,6.00,1.00
2008.11.06 16:18:36.722,0.8287,0.8294,6.00,6.60
2008.11.06 16:18:37.132,0.82875,0.8294,6.00,6.60
2008.11.06 16:18:37.542,0.82875,0.8294,6.00,6.00
2008.11.06 16:18:38.222,0.82875,0.82945,7.30,6.00
2008.11.06 16:18:38.552,0.82875,0.82945,7.20,6.00
2008.11.06 16:18:39.711,0.8288,0.8295,7.20,6.00
2008.11.06 16:18:40.341,0.82885,0.82955,6.00,7.60
2008.11.06 16:18:40.801,0.82885,0.82955,6.00,6.00
2008.11.06 16:18:41.151,0.8289,0.8296,6.00,7.60
2008.11.06 16:18:41.781,0.82895,0.8296,6.00,2.20
2008.11.06 16:18:42.321,0.82895,0.82965,6.00,7.60
2008.11.06 16:18:42.940,0.82915,0.82965,1.00,7.60
2008.11.06 16:18:43.420,0.82915,0.82965,6.00,1.60
2008.11.06 16:18:43.870,0.8291,0.82965,6.00,1.60
2008.11.06 16:18:44.220,0.8291,0.8297,6.00,1.60
2008.11.06 16:18:45.700,0.8292,0.82975,1.00,6.00
2008.11.06 16:18:46.250,0.8291,0.8298,7.80,6.00
2008.11.06 16:18:46.770,0.8291,0.8298,7.80,7.50
2008.11.06 16:18:47.349,0.8291,0.82975,6.60,1.00
2008.11.06 16:18:47.769,0.8291,0.82975,1.20,6.00
2008.11.06 16:18:48.059,0.82915,0.8298,6.00,6.00
2008.11.06 16:18:50.348,0.8292,0.82985,6.00,6.00
2008.11.06 16:18:51.488,0.82925,0.8299,6.00,6.10
2008.11.06 16:18:51.708,0.8293,0.8299,6.00,1.00
2008.11.06 16:18:53.358,0.82925,0.8299,6.00,1.00
2008.11.06 16:18:54.048,0.8293,0.8299,6.00,1.00
2008.11.06 16:18:54.448,0.82935,0.8299,6.00,1.00
2008.11.06 16:18:54.798,0.8293,0.8299,7.80,1.00
2008.11.06 16:18:55.148,0.8293,0.8299,7.20,1.00
2008.11.06 16:18:55.557,0.8293,0.8299,6.00,1.00
2008.11.06 16:18:56.817,0.82925,0.8299,6.00,1.00
2008.11.06 16:19:00.197,0.82925,0.8299,6.10,1.00
2008.11.06 16:19:00.546,0.8293,0.8299,6.00,1.00
2008.11.06 16:19:01.246,0.82925,0.8299,6.00,1.00
2008.11.06 16:19:03.016,0.82925,0.8299,6.10,1.00
2008.11.06 16:19:03.686,0.8293,0.8299,6.00,1.00
2008.11.06 16:19:06.555,0.82925,0.8299,7.30,1.00
2008.11.06 16:19:06.945,0.82925,0.8299,1.00,6.10
2008.11.06 16:19:07.744,0.8292,0.8299,6.10,6.10
2008.11.06 16:19:08.135,0.8291,0.82965,1.20,1.00
2008.11.06 16:19:08.624,0.8291,0.82975,1.20,6.00
2008.11.06 16:19:08.864,0.829,0.82975,7.20,6.00
2008.11.06 16:19:09.144,0.829,0.8297,7.20,6.00
2008.11.06 16:19:09.674,0.82905,0.82975,6.00,6.00
2008.11.06 16:19:09.954,0.8291,0.82975,1.00,6.00
2008.11.06 16:19:10.334,0.8291,0.82975,6.10,6.60
2008.11.06 16:19:10.504,0.82915,0.8298,6.00,6.00
2008.11.06 16:19:10.734,0.8292,0.8299,6.00,8.50
2008.11.06 16:19:11.014,0.8292,0.8299,6.00,6.70
2008.11.06 16:19:11.344,0.8292,0.82985,6.00,1.00
2008.11.06 16:19:11.874,0.82915,0.82985,6.00,6.60
2008.11.06 16:19:13.323,0.8293,0.82985,6.00,1.00
2008.11.06 16:19:13.803,0.8293,0.8299,6.00,1.00
2008.11.06 16:19:14.083,0.82935,0.8299,6.00,1.00
2008.11.06 16:19:15.173,0.8293,0.8299,6.00,1.00
2008.11.06 16:19:19.192,0.82925,0.8299,6.00,1.00
2008.11.06 16:19:19.822,0.82925,0.82985,6.00,1.60
2008.11.06 16:19:20.232,0.82905,0.8297,1.30,6.00
2008.11.06 16:19:20.691,0.82905,0.8297,1.00,6.00
2008.11.06 16:19:20.981,0.82895,0.8296,6.00,6.00
2008.11.06 16:19:21.321,0.8289,0.8296,6.00,6.00
2008.11.06 16:19:23.901,0.82895,0.82965,6.00,8.20
2008.11.06 16:19:24.130,0.82905,0.8297,1.20,7.60
2008.11.06 16:19:24.571,0.82905,0.8297,1.20,6.00
2008.11.06 16:19:25.140,0.829,0.8297,7.20,6.00
2008.11.06 16:19:28.110,0.82915,0.8297,1.00,6.00
2008.11.06 16:19:28.450,0.8293,0.8298,6.10,2.20
2008.11.06 16:19:28.959,0.82965,0.8298,1.00,1.00
2008.11.06 16:19:29.309,0.82965,0.8299,1.00,1.00
2008.11.06 16:19:29.689,0.82985,0.8299,1.00,1.00
2008.11.06 16:19:30.199,0.8301,0.83045,1.00,1.60
2008.11.06 16:19:30.599,0.83015,0.83065,1.00,1.60
2008.11.06 16:19:31.319,0.83015,0.83055,1.00,1.60
2008.11.06 16:19:31.609,0.83015,0.83065,1.00,1.60
2008.11.06 16:19:32.179,0.83005,0.83065,1.30,6.00
2008.11.06 16:19:32.528,0.8299,0.83055,6.90,6.00
2008.11.06 16:19:32.968,0.82995,0.8305,1.00,6.00
2008.11.06 16:19:33.498,0.83,0.8307,6.00,18.30
2008.11.06 16:19:33.848,0.83,0.83065,1.20,7.60
2008.11.06 16:19:34.138,0.83005,0.83065,6.10,1.60
2008.11.06 16:19:34.488,0.83005,0.8306,6.10,1.60
2008.11.06 16:19:34.948,0.83005,0.8307,7.30,12.30
2008.11.06 16:19:35.228,0.8301,0.8307,1.00,12.30
2008.11.06 16:19:35.508,0.83005,0.83065,7.30,1.60
2008.11.06 16:19:35.858,0.83005,0.8305,1.00,1.00
2008.11.06 16:19:36.158,0.83005,0.8306,1.00,6.60
2008.11.06 16:19:38.168,0.83005,0.8305,1.00,6.00
2008.11.06 16:19:39.677,0.83005,0.8305,1.00,6.60
2008.11.06 16:19:40.876,0.83005,0.8305,1.00,6.00
2008.11.06 16:19:41.227,0.8301,0.8305,1.00,6.00
2008.11.06 16:19:41.566,0.83015,0.8305,1.00,6.00
2008.11.06 16:19:43.136,0.8297,0.8305,6.10,6.00
2008.11.06 16:19:43.616,0.8298,0.83055,1.30,7.60
2008.11.06 16:19:43.966,0.82975,0.8305,1.00,6.00
2008.11.06 16:19:44.476,0.8299,0.83055,1.00,6.00
2008.11.06 16:19:45.045,0.82995,0.83055,1.00,6.00
2008.11.06 16:19:45.675,0.82995,0.83055,1.30,6.00
2008.11.06 16:19:46.025,0.82995,0.83045,1.20,1.50
2008.11.06 16:19:46.425,0.82975,0.83045,6.00,7.50
2008.11.06 16:19:47.745,0.8297,0.8303,1.20,6.00
2008.11.06 16:19:48.315,0.8296,0.8303,6.00,6.00
2008.11.06 16:19:48.595,0.82955,0.83025,6.10,6.00
2008.11.06 16:19:49.604,0.8296,0.8303,6.00,7.60
2008.11.06 16:19:49.954,0.82965,0.8303,1.00,6.00
2008.11.06 16:19:50.274,0.8298,0.8304,6.00,1.60
2008.11.06 16:19:50.804,0.8299,0.8306,6.00,12.40
2008.11.06 16:19:51.444,0.82995,0.8306,1.20,6.00
2008.11.06 16:19:52.164,0.83,0.83065,6.00,1.60
2008.11.06 16:19:52.444,0.83015,0.83065,6.00,1.60
2008.11.06 16:19:53.064,0.83015,0.83065,1.20,1.60
2008.11.06 16:19:53.764,0.8301,0.83065,6.00,1.60
2008.11.06 16:19:54.413,0.83015,0.83065,1.20,7.60
2008.11.06 16:19:54.863,0.83,0.83055,1.30,6.00
2008.11.06 16:19:55.323,0.83005,0.83055,6.60,6.00
2008.11.06 16:19:55.843,0.83,0.83055,1.00,6.00
2008.11.06 16:19:56.303,0.83,0.8306,1.00,6.00
2008.11.06 16:19:56.483,0.8304,0.83075,6.00,1.60
2008.11.06 16:19:57.892,0.83055,0.83075,7.20,1.60
2008.11.06 16:19:58.242,0.8306,0.83075,1.20,1.60
2008.11.06 16:19:58.652,0.83065,0.83075,6.00,1.60
2008.11.06 16:19:59.362,0.8307,0.8309,1.20,1.00
2008.11.06 16:19:59.772,0.8306,0.83085,1.20,6.00
2008.11.06 16:20:00.342,0.83055,0.83085,1.00,6.00
2008.11.06 16:20:00.572,0.83055,0.83085,1.00,6.00
2008.11.06 16:20:01.151,0.8306,0.8309,1.20,1.00
2008.11.06 16:20:01.482,0.83065,0.8309,1.20,1.00
2008.11.06 16:20:01.991,0.83065,0.831,7.20,1.00
2008.11.06 16:20:02.481,0.83055,0.8309,1.20,1.00
2008.11.06 16:20:02.891,0.83065,0.8309,1.20,1.00
2008.11.06 16:20:03.801,0.8306,0.8309,6.00,1.00
2008.11.06 16:20:04.191,0.83065,0.831,6.00,1.00
2008.11.06 16:20:04.581,0.8306,0.8309,7.80,1.00
2008.11.06 16:20:04.931,0.8306,0.8309,1.80,1.00
2008.11.06 16:20:05.231,0.8305,0.8309,6.60,1.00
2008.11.06 16:20:05.561,0.8305,0.8309,7.30,1.00
2008.11.06 16:20:05.961,0.83045,0.8309,7.20,1.00
2008.11.06 16:20:06.251,0.8305,0.8309,8.10,1.00
2008.11.06 16:20:06.750,0.8305,0.8309,1.00,1.00
2008.11.06 16:20:07.092,0.83055,0.8309,1.20,1.00
2008.11.06 16:20:07.950,0.83055,0.8309,1.80,1.00
2008.11.06 16:20:08.400,0.83055,0.8309,7.80,1.00
2008.11.06 16:20:09.040,0.83065,0.8309,1.20,1.00
2008.11.06 16:20:10.620,0.8307,0.831,6.00,1.00
2008.11.06 16:20:10.909,0.8309,0.8312,7.20,1.00
2008.11.06 16:20:11.429,0.8309,0.8312,6.00,1.00
2008.11.06 16:20:13.439,0.8309,0.831,1.00,1.00
2008.11.06 16:20:13.939,0.8309,0.83175,6.10,6.00
2008.11.06 16:20:14.448,0.8309,0.83165,1.00,6.00
2008.11.06 16:20:14.848,0.8308,0.83145,1.20,6.00
2008.11.06 16:20:15.209,0.83075,0.8313,6.60,6.00
2008.11.06 16:20:15.538,0.8306,0.8313,6.10,6.00
2008.11.06 16:20:16.008,0.8306,0.8313,7.30,6.00
2008.11.06 16:20:16.478,0.83065,0.8313,6.10,6.00
2008.11.06 16:20:17.368,0.8307,0.8313,1.00,6.00
2008.11.06 16:20:17.718,0.83065,0.83135,6.10,6.00
2008.11.06 16:20:18.357,0.8306,0.83135,7.20,6.60
2008.11.06 16:20:18.697,0.8306,0.8312,1.20,6.00
2008.11.06 16:20:19.097,0.8305,0.8312,6.00,6.00
2008.11.06 16:20:19.277,0.83045,0.83115,7.30,6.00
2008.11.06 16:20:20.707,0.83065,0.83125,1.00,6.00
2008.11.06 16:20:20.817,0.83065,0.83135,6.10,6.00
2008.11.06 16:20:23.876,0.83065,0.83135,6.00,6.00
2008.11.06 16:20:24.166,0.83065,0.83135,6.10,6.00
2008.11.06 16:20:24.456,0.83065,0.83135,6.00,6.60
2008.11.06 16:20:24.876,0.83065,0.83135,6.10,6.00
2008.11.06 16:20:25.166,0.8307,0.8314,6.00,6.60
2008.11.06 16:20:27.115,0.83065,0.83135,6.00,6.60
2008.11.06 16:20:31.514,0.83075,0.83135,6.10,1.00
2008.11.06 16:20:31.864,0.83075,0.83145,6.10,6.00
2008.11.06 16:20:34.164,0.83075,0.83145,7.30,6.00
2008.11.06 16:20:34.694,0.8309,0.83145,1.00,6.00
2008.11.06 16:20:35.274,0.8309,0.8315,6.10,1.00
2008.11.06 16:20:35.673,0.8309,0.8315,7.30,1.00
2008.11.06 16:20:36.213,0.8309,0.83145,1.20,6.00
2008.11.06 16:20:36.963,0.83085,0.83145,1.00,6.00
2008.11.06 16:20:37.293,0.83085,0.8315,6.00,1.00
2008.11.06 16:20:37.623,0.83075,0.8314,7.20,1.00
2008.11.06 16:20:37.913,0.83075,0.8314,6.00,1.00
2008.11.06 16:20:38.972,0.83075,0.83145,6.00,6.60
2008.11.06 16:20:41.762,0.83075,0.8314,6.00,1.00
2008.11.06 16:20:42.282,0.8307,0.8314,6.00,6.60
2008.11.06 16:20:42.692,0.8307,0.8314,6.00,10.20
2008.11.06 16:20:43.152,0.8307,0.83135,6.00,1.50
2008.11.06 16:20:43.451,0.83065,0.83125,1.00,6.00
2008.11.06 16:20:43.851,0.83065,0.83135,7.20,6.00
2008.11.06 16:20:44.192,0.83065,0.8313,1.00,6.60
2008.11.06 16:20:44.752,0.8306,0.8313,6.00,6.00
2008.11.06 16:20:44.991,0.83055,0.83125,7.20,6.60
2008.11.06 16:20:45.471,0.83055,0.8312,1.00,6.00
2008.11.06 16:20:45.751,0.83045,0.83115,7.80,6.00
2008.11.06 16:20:46.451,0.83045,0.83115,6.60,6.00
2008.11.06 16:20:47.151,0.83045,0.83115,6.00,6.00
2008.11.06 16:20:50.710,0.83045,0.83115,7.20,6.00
2008.11.06 16:20:52.889,0.83045,0.83115,6.00,6.00
2008.11.06 16:20:53.409,0.8304,0.8311,6.00,6.00
2008.11.06 16:20:54.109,0.8304,0.83105,6.00,6.00
2008.11.06 16:20:54.399,0.8304,0.83105,6.00,7.50
2008.11.06 16:20:54.799,0.83035,0.831,6.60,1.00
2008.11.06 16:20:55.079,0.83035,0.83095,1.00,6.00
2008.11.06 16:20:55.369,0.83035,0.8309,1.00,6.00
2008.11.06 16:20:56.128,0.83035,0.83085,1.00,6.00
2008.11.06 16:20:56.718,0.8303,0.8309,1.00,6.00
2008.11.06 16:20:57.308,0.83025,0.8308,1.00,6.00
2008.11.06 16:20:57.698,0.8302,0.83065,1.00,6.00
2008.11.06 16:20:58.288,0.83015,0.83065,1.00,6.00
2008.11.06 16:20:58.688,0.8301,0.8306,1.00,6.00
2008.11.06 16:20:59.667,0.83015,0.8306,1.00,6.00
2008.11.06 16:21:00.208,0.83015,0.83045,1.00,6.00
2008.11.06 16:21:00.507,0.83005,0.8304,1.00,7.50
2008.11.06 16:21:01.027,0.83005,0.83025,1.00,7.50
2008.11.06 16:21:01.317,0.8299,0.83005,1.00,7.50
2008.11.06 16:21:01.827,0.8299,0.83,1.00,6.00
2008.11.06 16:21:02.467,0.82985,0.83,1.00,6.00
2008.11.06 16:21:02.867,0.82985,0.8301,1.00,6.00
2008.11.06 16:21:03.536,0.82985,0.8303,1.00,7.50
2008.11.06 16:21:03.887,0.82965,0.83025,1.00,1.50
2008.11.06 16:21:04.226,0.8296,0.83025,7.20,1.50
2008.11.06 16:21:04.526,0.8297,0.8303,6.00,3.10
2008.11.06 16:21:04.826,0.8296,0.83025,7.20,3.10
2008.11.06 16:21:05.337,0.8296,0.8302,7.20,1.60
2008.11.06 16:21:05.676,0.8296,0.8301,6.00,1.60
2008.11.06 16:21:06.006,0.8296,0.83005,6.00,1.60
2008.11.06 16:21:06.356,0.82965,0.83005,6.10,1.60
2008.11.06 16:21:06.636,0.82965,0.83005,7.30,1.60
2008.11.06 16:21:07.276,0.82965,0.83015,7.30,1.60
2008.11.06 16:21:07.576,0.82965,0.83015,7.20,1.60
2008.11.06 16:21:07.926,0.82965,0.83035,7.20,7.60
2008.11.06 16:21:08.265,0.82965,0.83035,6.00,7.60
2008.11.06 16:21:08.675,0.8296,0.8303,6.00,6.00
2008.11.06 16:21:09.475,0.82965,0.83035,6.00,8.20
2008.11.06 16:21:09.815,0.82965,0.83035,6.00,7.60
2008.11.06 16:21:10.615,0.8296,0.83015,6.00,1.50
2008.11.06 16:21:10.925,0.82955,0.83,1.00,6.00
2008.11.06 16:21:11.905,0.82955,0.8299,1.00,6.00
2008.11.06 16:21:12.584,0.82955,0.82985,1.00,6.00
2008.11.06 16:21:12.925,0.82955,0.83005,1.00,12.40
2008.11.06 16:21:13.394,0.82955,0.8301,1.00,6.00
2008.11.06 16:21:13.784,0.8295,0.83015,6.60,7.50
2008.11.06 16:21:14.344,0.8295,0.8301,6.00,1.50
2008.11.06 16:21:14.694,0.82945,0.83005,6.00,1.50
2008.11.06 16:21:15.094,0.8294,0.82995,21.60,1.60
2008.11.06 16:21:15.493,0.8294,0.8299,21.60,1.60
2008.11.06 16:21:15.714,0.82955,0.8299,6.00,1.60
2008.11.06 16:21:16.224,0.82965,0.8299,1.00,1.60
2008.11.06 16:21:16.804,0.82955,0.8301,1.20,6.00
2008.11.06 16:21:17.433,0.8294,0.83005,14.40,6.00
2008.11.06 16:21:17.843,0.8294,0.83,14.40,6.00
2008.11.06 16:21:18.023,0.8294,0.83005,15.00,6.00
2008.11.06 16:21:18.423,0.8294,0.8301,21.00,6.00
2008.11.06 16:21:19.253,0.8294,0.82995,14.40,6.00
2008.11.06 16:21:19.933,0.8295,0.83,1.00,6.00
2008.11.06 16:21:20.862,0.8294,0.83,14.40,6.00
2008.11.06 16:21:21.212,0.82955,0.82995,1.00,6.00
2008.11.06 16:21:21.662,0.8294,0.82995,14.40,6.00
2008.11.06 16:21:21.962,0.8294,0.8299,14.40,6.00
2008.11.06 16:21:24.582,0.8294,0.82995,14.40,6.00
2008.11.06 16:21:24.981,0.8294,0.83,14.40,6.00
2008.11.06 16:21:25.401,0.8294,0.8298,14.40,6.60
2008.11.06 16:21:26.031,0.8294,0.82975,14.40,6.00
2008.11.06 16:21:26.271,0.8294,0.82995,14.40,6.00
2008.11.06 16:21:26.841,0.8294,0.82995,14.40,7.60
2008.11.06 16:21:27.131,0.8294,0.8298,14.40,6.00
2008.11.06 16:21:27.931,0.8292,0.8296,1.00,7.50
2008.11.06 16:21:28.401,0.82925,0.8296,1.00,6.00
2008.11.06 16:21:28.690,0.82905,0.8296,1.00,6.00
2008.11.06 16:21:28.910,0.829,0.8296,1.00,6.00
2008.11.06 16:21:29.181,0.82905,0.8296,1.00,6.00
2008.11.06 16:21:29.410,0.8292,0.8296,1.00,6.00
2008.11.06 16:21:29.690,0.8292,0.82955,1.00,6.00
2008.11.06 16:21:30.160,0.8291,0.82955,1.00,6.00
2008.11.06 16:21:30.450,0.82905,0.82955,1.00,6.00
2008.11.06 16:21:30.620,0.829,0.82955,1.00,6.00
2008.11.06 16:21:30.840,0.82885,0.82955,6.00,6.00
2008.11.06 16:21:31.820,0.8288,0.8295,7.80,6.00
2008.11.06 16:21:32.110,0.82885,0.82955,6.00,6.00
2008.11.06 16:21:33.939,0.8289,0.82955,6.00,6.00
2008.11.06 16:21:34.919,0.82885,0.82955,6.00,6.00
2008.11.06 16:21:36.789,0.8288,0.8295,7.80,6.00
2008.11.06 16:21:37.258,0.8288,0.8295,6.60,6.00
2008.11.06 16:21:37.668,0.82885,0.82955,6.00,6.00
2008.11.06 16:21:37.948,0.82885,0.8295,6.00,6.00
2008.11.06 16:21:38.718,0.8288,0.8295,7.20,6.00
2008.11.06 16:21:39.298,0.8288,0.8294,1.20,6.00
2008.11.06 16:21:39.598,0.82875,0.82935,1.00,1.50
2008.11.06 16:21:39.938,0.8287,0.82935,1.00,7.50
2008.11.06 16:21:40.398,0.82865,0.8293,1.00,6.00
2008.11.06 16:21:40.857,0.8286,0.8293,6.00,6.00
2008.11.06 16:21:42.657,0.82855,0.82925,6.00,6.00
2008.11.06 16:21:43.227,0.82865,0.8293,1.00,6.00
2008.11.06 16:21:43.447,0.8286,0.8293,6.10,6.00
2008.11.06 16:21:43.977,0.8287,0.82935,7.20,6.00
2008.11.06 16:21:44.367,0.82875,0.8294,1.20,6.00
2008.11.06 16:21:45.366,0.82875,0.8294,1.30,6.00
2008.11.06 16:21:46.666,0.82885,0.82955,6.00,6.00
2008.11.06 16:21:47.206,0.8289,0.82955,1.00,6.00
2008.11.06 16:21:47.446,0.82895,0.82965,6.10,6.00
2008.11.06 16:21:47.866,0.82905,0.8297,6.00,6.00
2008.11.06 16:21:48.366,0.82905,0.82975,7.20,6.00
2008.11.06 16:21:48.606,0.82905,0.82975,7.30,6.00
2008.11.06 16:21:49.066,0.8291,0.8298,6.00,6.00
2008.11.06 16:21:49.366,0.8291,0.8298,7.20,6.00
2008.11.06 16:21:49.785,0.82915,0.82985,6.10,6.00
2008.11.06 16:21:50.076,0.8292,0.8299,6.00,6.00
2008.11.06 16:21:50.475,0.82915,0.8297,1.20,2.10
2008.11.06 16:21:50.915,0.829,0.82975,6.00,6.00
2008.11.06 16:21:52.115,0.8289,0.8296,6.00,6.00
2008.11.06 16:21:52.565,0.829,0.8295,1.00,6.00
2008.11.06 16:21:52.975,0.82905,0.8297,1.20,6.00
2008.11.06 16:21:53.385,0.829,0.8297,7.20,6.00
2008.11.06 16:21:53.675,0.82905,0.82975,6.00,6.00
2008.11.06 16:21:54.024,0.8291,0.82975,1.20,6.00
2008.11.06 16:21:54.415,0.8291,0.8296,1.20,6.00
2008.11.06 16:21:54.774,0.829,0.82955,1.00,6.00
2008.11.06 16:21:55.064,0.82905,0.82955,1.00,6.00
2008.11.06 16:21:55.464,0.82895,0.8295,1.00,6.00
2008.11.06 16:21:56.544,0.829,0.8294,1.00,6.00
2008.11.06 16:21:57.064,0.829,0.8295,1.00,7.60
2008.11.06 16:21:57.513,0.8291,0.8295,1.00,6.00
2008.11.06 16:21:57.863,0.8292,0.8296,1.00,7.60
2008.11.06 16:21:58.204,0.8292,0.8296,1.00,6.00
2008.11.06 16:21:58.714,0.82875,0.8295,1.80,6.00
2008.11.06 16:21:59.233,0.82875,0.82945,1.80,6.00
2008.11.06 16:21:59.593,0.82865,0.8293,7.30,6.00
2008.11.06 16:21:59.933,0.82875,0.8293,1.00,6.00
2008.11.06 16:22:00.173,0.82875,0.82935,1.00,6.00
2008.11.06 16:22:00.353,0.82865,0.82935,7.80,6.00
2008.11.06 16:22:00.943,0.82865,0.8293,1.20,6.00
2008.11.06 16:22:01.173,0.8288,0.82935,1.20,6.00
2008.11.06 16:22:01.512,0.82865,0.82935,7.30,6.00
2008.11.06 16:22:01.814,0.8287,0.82935,1.20,6.00
2008.11.06 16:22:03.072,0.82875,0.8294,1.20,6.00
2008.11.06 16:22:03.482,0.8287,0.82935,1.20,6.00
2008.11.06 16:22:04.012,0.8287,0.8294,7.20,6.00
2008.11.06 16:22:04.692,0.8287,0.8294,7.20,7.60
2008.11.06 16:22:05.232,0.8287,0.82935,1.20,6.00
2008.11.06 16:22:05.621,0.82865,0.82935,7.20,6.00
2008.11.06 16:22:06.081,0.8287,0.8294,7.20,6.00
2008.11.06 16:22:06.601,0.82875,0.82945,6.00,7.60
2008.11.06 16:22:07.061,0.82875,0.82945,7.20,7.60
2008.11.06 16:22:07.411,0.82875,0.82945,7.20,6.00
2008.11.06 16:22:07.761,0.82875,0.82945,6.00,6.00
2008.11.06 16:22:08.411,0.8288,0.82945,6.00,6.00
2008.11.06 16:22:08.681,0.8288,0.82945,7.20,6.00
2008.11.06 16:22:09.151,0.8288,0.82945,6.00,6.00
2008.11.06 16:22:18.768,0.8288,0.8295,7.20,6.00
2008.11.06 16:22:19.178,0.8288,0.82945,6.00,6.00
2008.11.06 16:22:19.818,0.8288,0.82945,7.20,6.00
2008.11.06 16:22:20.048,0.8288,0.82945,6.00,6.00
2008.11.06 16:22:25.387,0.82875,0.82945,6.00,6.60
2008.11.06 16:22:25.737,0.8287,0.8294,6.60,6.00
2008.11.06 16:22:25.966,0.8287,0.82925,1.20,6.00
2008.11.06 16:22:26.247,0.82865,0.82925,6.60,6.00
2008.11.06 16:22:26.717,0.82855,0.8292,1.20,6.00
2008.11.06 16:22:27.256,0.8285,0.8292,6.00,6.00
2008.11.06 16:22:27.666,0.82845,0.82915,7.20,6.00
2008.11.06 16:22:28.046,0.8284,0.8291,7.20,6.00
2008.11.06 16:22:28.976,0.8284,0.82905,7.20,1.50
2008.11.06 16:22:29.496,0.8283,0.829,7.20,6.00
2008.11.06 16:22:30.666,0.8285,0.82905,6.00,1.50
2008.11.06 16:22:30.956,0.8285,0.82915,6.00,1.50
2008.11.06 16:22:31.405,0.8285,0.8292,6.00,6.00
2008.11.06 16:22:31.756,0.8286,0.8293,6.00,6.30
2008.11.06 16:22:32.155,0.8286,0.8293,7.20,6.30
2008.11.06 16:22:34.035,0.82855,0.82925,7.20,6.00
2008.11.06 16:22:34.785,0.82855,0.8292,1.20,6.00
2008.11.06 16:22:35.304,0.8285,0.8292,6.00,6.00
2008.11.06 16:22:37.494,0.8284,0.82905,1.00,6.00
2008.11.06 16:22:37.904,0.8283,0.829,6.60,6.00
2008.11.06 16:22:38.244,0.8283,0.829,6.00,6.00
2008.11.06 16:22:39.073,0.82825,0.82895,6.00,6.00
2008.11.06 16:22:39.613,0.82825,0.82895,6.10,6.00
2008.11.06 16:22:39.973,0.8284,0.829,1.00,6.00
2008.11.06 16:22:40.254,0.8284,0.8291,6.10,7.60
2008.11.06 16:22:40.483,0.82845,0.82915,6.10,8.20
2008.11.06 16:22:40.843,0.82845,0.82915,6.10,7.60
2008.11.06 16:22:41.243,0.82845,0.82915,6.10,6.00
2008.11.06 16:22:41.613,0.8285,0.82915,1.00,6.00
2008.11.06 16:22:42.033,0.82845,0.82915,6.00,6.00
2008.11.06 16:22:42.443,0.82855,0.8292,6.00,6.00
2008.11.06 16:22:43.602,0.8285,0.8291,1.00,6.00
2008.11.06 16:22:43.942,0.82845,0.8291,1.00,6.00
2008.11.06 16:22:44.302,0.8284,0.8291,6.60,6.00
2008.11.06 16:22:44.592,0.8284,0.8291,6.00,6.00
2008.11.06 16:22:45.732,0.82845,0.82915,6.00,9.10
2008.11.06 16:22:46.082,0.82845,0.82915,6.00,7.60
2008.11.06 16:22:46.492,0.8285,0.82915,1.20,7.60
2008.11.06 16:22:46.842,0.8285,0.82915,1.20,6.00
2008.11.06 16:22:47.242,0.8285,0.829,1.20,6.00
2008.11.06 16:22:47.721,0.8284,0.8289,1.00,6.00
2008.11.06 16:22:48.061,0.82825,0.8289,7.20,6.00
2008.11.06 16:22:48.421,0.8284,0.8289,1.20,6.00
2008.11.06 16:22:48.661,0.8283,0.8289,1.20,6.00
2008.11.06 16:22:52.630,0.8283,0.82895,7.20,6.00
2008.11.06 16:22:54.020,0.8283,0.8289,1.20,6.00
2008.11.06 16:22:54.310,0.8282,0.8289,6.00,6.00
2008.11.06 16:22:56.229,0.8282,0.82885,6.00,6.00
2008.11.06 16:22:56.899,0.82815,0.8288,1.20,7.50
2008.11.06 16:22:57.230,0.82795,0.82865,6.00,6.00
2008.11.06 16:22:57.569,0.82795,0.82865,6.00,7.50
2008.11.06 16:22:58.019,0.8279,0.82855,6.00,6.00
2008.11.06 16:22:58.369,0.82785,0.82855,6.00,6.00
2008.11.06 16:22:58.819,0.82795,0.8286,1.20,6.00
2008.11.06 16:22:59.448,0.82795,0.82855,1.20,6.00
2008.11.06 16:23:00.029,0.82785,0.82855,7.20,6.00
2008.11.06 16:23:00.369,0.82785,0.82855,6.00,6.00
2008.11.06 16:23:00.668,0.82785,0.8285,6.00,1.50
2008.11.06 16:23:01.078,0.82775,0.82845,6.00,6.00
2008.11.06 16:23:02.128,0.8277,0.8284,6.00,6.00
2008.11.06 16:23:06.907,0.82775,0.82845,6.00,6.00
2008.11.06 16:23:08.716,0.8277,0.8284,6.00,6.00
2008.11.06 16:23:09.416,0.82775,0.8284,6.00,6.00
2008.11.06 16:23:09.896,0.8278,0.8284,1.00,6.00
2008.11.06 16:23:10.296,0.82785,0.82845,1.00,6.00
2008.11.06 16:23:10.476,0.8279,0.8286,7.30,6.00
2008.11.06 16:23:10.656,0.82795,0.82865,6.00,12.40
2008.11.06 16:23:10.996,0.82795,0.82865,7.20,6.00
2008.11.06 16:23:11.166,0.828,0.8287,6.00,6.00
2008.11.06 16:23:12.096,0.82795,0.82855,1.20,6.00
2008.11.06 16:23:12.326,0.8281,0.82855,1.20,6.00
2008.11.06 16:23:13.305,0.828,0.82855,6.60,6.00
2008.11.06 16:23:13.475,0.82785,0.82855,6.00,6.00
2008.11.06 16:23:14.465,0.8278,0.8285,6.00,6.00
2008.11.06 16:23:14.925,0.82775,0.82845,6.60,6.00
2008.11.06 16:23:15.155,0.82775,0.82845,6.00,6.00
2008.11.06 16:23:15.555,0.82775,0.82845,6.00,7.50
2008.11.06 16:23:15.905,0.82795,0.82845,6.00,1.00
2008.11.06 16:23:16.264,0.82795,0.82845,1.20,6.00
2008.11.06 16:23:16.834,0.8279,0.8286,6.00,6.00
2008.11.06 16:23:17.225,0.82785,0.8285,6.00,1.60
2008.11.06 16:23:17.814,0.82785,0.82855,6.00,6.00
2008.11.06 16:23:17.994,0.82795,0.82845,1.20,6.00
2008.11.06 16:23:18.584,0.82775,0.82845,6.60,7.50
2008.11.06 16:23:18.984,0.8277,0.8284,6.60,6.00
2008.11.06 16:23:19.264,0.8277,0.8284,6.00,6.00
2008.11.06 16:23:19.614,0.8278,0.82845,1.20,6.00
2008.11.06 16:23:19.914,0.8278,0.82835,1.20,6.00
2008.11.06 16:23:20.364,0.8278,0.82835,1.20,8.10
2008.11.06 16:23:20.653,0.82765,0.8283,6.00,1.50
2008.11.06 16:23:21.103,0.8276,0.8283,6.00,6.00
2008.11.06 16:23:21.383,0.82755,0.82825,6.00,6.00
2008.11.06 16:23:22.023,0.82765,0.8283,6.00,1.60
2008.11.06 16:23:22.433,0.82775,0.82835,1.20,6.00
2008.11.06 16:23:22.953,0.82765,0.82835,7.20,6.00
2008.11.06 16:23:23.703,0.8276,0.8282,1.20,6.00
2008.11.06 16:23:23.983,0.82755,0.82815,1.20,6.00
2008.11.06 16:23:24.442,0.82745,0.82815,7.80,6.00
2008.11.06 16:23:24.732,0.8274,0.82805,6.60,6.00
2008.11.06 16:23:25.063,0.8274,0.82795,1.00,6.00
2008.11.06 16:23:25.403,0.8273,0.828,6.60,6.00
2008.11.06 16:23:25.702,0.82735,0.82805,6.00,6.00
2008.11.06 16:23:26.262,0.82735,0.82805,6.00,7.60
2008.11.06 16:23:26.942,0.82745,0.8281,6.00,9.10
2008.11.06 16:23:27.292,0.8274,0.8281,6.00,9.70
2008.11.06 16:23:27.742,0.8274,0.8281,6.00,7.60
2008.11.06 16:23:28.382,0.82745,0.82815,6.00,6.00
2008.11.06 16:23:28.772,0.82755,0.8282,6.00,1.60
2008.11.06 16:23:29.121,0.8275,0.8282,6.60,6.00
2008.11.06 16:23:29.472,0.8275,0.8282,6.00,6.00
2008.11.06 16:23:30.111,0.82755,0.8282,6.00,6.00
2008.11.06 16:23:30.451,0.8275,0.8282,6.00,6.00
2008.11.06 16:23:31.061,0.8276,0.82825,6.00,1.60
2008.11.06 16:23:31.461,0.82765,0.8283,6.00,6.00
2008.11.06 16:23:31.881,0.82755,0.82825,6.60,6.00
2008.11.06 16:23:32.171,0.82755,0.82825,6.00,6.00
2008.11.06 16:23:32.471,0.8276,0.8283,6.00,6.00
2008.11.06 16:23:34.110,0.82765,0.82835,6.00,6.00
2008.11.06 16:23:35.200,0.8276,0.8283,6.60,7.50
2008.11.06 16:23:35.420,0.8276,0.82825,6.00,1.60
2008.11.06 16:23:35.710,0.8275,0.8282,6.00,7.50
2008.11.06 16:23:36.120,0.82745,0.82815,6.00,6.00
2008.11.06 16:23:37.050,0.8275,0.8282,6.00,6.00
2008.11.06 16:23:37.269,0.82755,0.8282,6.00,6.00
2008.11.06 16:23:37.919,0.82755,0.82825,6.00,6.00
2008.11.06 16:23:38.269,0.82755,0.82825,6.00,7.50
2008.11.06 16:23:38.729,0.82745,0.82815,6.00,6.00
2008.11.06 16:23:39.349,0.8274,0.8281,7.20,6.00
2008.11.06 16:23:39.759,0.8274,0.8281,6.00,6.00
2008.11.06 16:23:41.518,0.82745,0.82815,6.00,6.00
2008.11.06 16:23:41.918,0.8275,0.82815,6.00,6.00
2008.11.06 16:23:42.918,0.82745,0.82815,7.20,6.00
2008.11.06 16:23:44.068,0.82755,0.82825,6.00,6.00
2008.11.06 16:23:44.358,0.8276,0.8282,1.20,6.00
2008.11.06 16:23:44.628,0.8275,0.8282,6.00,6.00
2008.11.06 16:23:44.968,0.82755,0.82825,6.00,6.00
2008.11.06 16:23:48.147,0.82765,0.8283,6.00,6.00
2008.11.06 16:23:48.567,0.8277,0.82835,6.00,1.60
2008.11.06 16:23:48.907,0.82775,0.8284,6.00,1.60
2008.11.06 16:23:49.327,0.82775,0.82845,6.00,6.00
2008.11.06 16:23:49.666,0.8277,0.8284,6.00,6.00
2008.11.06 16:23:50.356,0.8277,0.8284,7.20,6.00
2008.11.06 16:23:51.616,0.82765,0.8283,1.00,6.00
2008.11.06 16:23:52.016,0.8276,0.82825,6.00,6.00
2008.11.06 16:23:52.316,0.82755,0.8282,6.60,6.00
2008.11.06 16:23:52.666,0.82755,0.8282,6.00,6.00
2008.11.06 16:23:53.075,0.8275,0.8282,6.00,6.00
2008.11.06 16:23:54.705,0.82745,0.82815,6.00,6.00
2008.11.06 16:23:55.365,0.8274,0.8281,6.00,6.00
2008.11.06 16:23:55.815,0.82735,0.82805,6.00,6.00
2008.11.06 16:23:57.704,0.82735,0.82805,7.20,6.00
2008.11.06 16:23:58.394,0.8274,0.8281,7.20,6.00
2008.11.06 16:23:59.484,0.82745,0.82815,6.00,7.60
2008.11.06 16:23:59.784,0.8275,0.82815,1.20,6.00
2008.11.06 16:24:00.434,0.82745,0.82815,7.20,6.00
2008.11.06 16:24:01.454,0.8275,0.8282,6.00,6.00
2008.11.06 16:24:01.814,0.8275,0.8282,7.20,6.00
2008.11.06 16:24:03.873,0.8275,0.8282,6.00,6.00
2008.11.06 16:24:04.103,0.8275,0.82815,7.20,6.00
2008.11.06 16:24:04.333,0.8275,0.82815,6.00,6.00
2008.11.06 16:24:04.953,0.82745,0.8281,1.20,6.00
2008.11.06 16:24:05.253,0.82735,0.82805,7.80,6.00
2008.11.06 16:24:05.583,0.82735,0.82805,7.20,6.00
2008.11.06 16:24:05.983,0.8273,0.828,6.00,6.00
2008.11.06 16:24:06.442,0.82725,0.82795,7.80,6.00
2008.11.06 16:24:06.782,0.82725,0.82795,7.20,7.50
2008.11.06 16:24:07.122,0.82725,0.82795,7.20,7.60
2008.11.06 16:24:07.462,0.8272,0.8279,7.80,6.00
2008.11.06 16:24:07.872,0.8273,0.82795,6.00,6.00
2008.11.06 16:24:08.224,0.8272,0.8279,6.60,6.00
2008.11.06 16:24:08.512,0.8272,0.8279,6.00,6.00
2008.11.06 16:24:09.622,0.8272,0.82785,6.00,6.00
2008.11.06 16:24:10.292,0.82715,0.8278,7.20,6.00
2008.11.06 16:24:10.631,0.82715,0.82775,1.20,6.00
2008.11.06 16:24:11.141,0.8271,0.82775,1.20,7.50
2008.11.06 16:24:11.601,0.82705,0.8277,1.20,6.00
2008.11.06 16:24:12.001,0.827,0.82765,1.20,6.00
2008.11.06 16:24:12.411,0.827,0.8277,7.20,6.00
2008.11.06 16:24:12.861,0.8271,0.82775,6.00,1.50
2008.11.06 16:24:13.281,0.82705,0.8277,1.00,6.00
2008.11.06 16:24:13.681,0.827,0.8277,6.00,6.00
2008.11.06 16:24:14.670,0.82695,0.8276,7.20,6.00
2008.11.06 16:24:15.350,0.82685,0.82755,6.00,6.00
2008.11.06 16:24:16.120,0.82695,0.8276,6.00,6.00
2008.11.06 16:24:16.400,0.827,0.82765,6.00,6.00
2008.11.06 16:24:19.570,0.82695,0.82765,6.00,6.00
2008.11.06 16:24:20.449,0.8269,0.8276,7.20,6.00
2008.11.06 16:24:20.799,0.8269,0.8276,6.00,6.00
2008.11.06 16:24:21.099,0.82685,0.82755,7.20,6.00
2008.11.06 16:24:21.459,0.82685,0.82755,6.00,6.00
2008.11.06 16:24:23.198,0.8269,0.8276,6.00,6.00
2008.11.06 16:24:23.718,0.827,0.8277,6.00,6.00
2008.11.06 16:24:24.188,0.827,0.8277,7.20,6.00
2008.11.06 16:24:24.538,0.82705,0.82775,6.00,7.60
2008.11.06 16:24:25.048,0.827,0.8277,7.20,6.00
2008.11.06 16:24:25.678,0.827,0.82765,1.20,6.00
2008.11.06 16:24:26.278,0.82705,0.82775,6.00,7.60
2008.11.06 16:24:26.637,0.827,0.8277,7.20,7.60
2008.11.06 16:24:26.918,0.827,0.8277,7.20,6.00
2008.11.06 16:24:27.157,0.8271,0.82775,1.20,6.00
2008.11.06 16:24:27.727,0.8271,0.8278,7.20,7.60
2008.11.06 16:24:28.067,0.8271,0.82775,1.20,6.00
2008.11.06 16:24:28.777,0.82705,0.82775,6.00,6.00
2008.11.06 16:24:30.476,0.8271,0.8278,6.00,7.60
2008.11.06 16:24:30.817,0.82705,0.82765,1.20,6.00
2008.11.06 16:24:31.097,0.82705,0.82765,1.20,6.60
2008.11.06 16:24:31.506,0.827,0.8276,1.00,6.00
2008.11.06 16:24:31.907,0.82695,0.82765,6.00,6.00
2008.11.06 16:24:32.426,0.82705,0.82775,6.00,7.60
2008.11.06 16:24:32.886,0.8272,0.8277,6.00,1.60
2008.11.06 16:24:33.126,0.8272,0.82775,7.30,1.60
2008.11.06 16:24:33.466,0.82725,0.82775,6.00,1.60
2008.11.06 16:24:34.046,0.82725,0.8279,7.20,1.60
2008.11.06 16:24:34.466,0.82725,0.82795,6.00,6.00
2008.11.06 16:24:34.875,0.82725,0.8279,1.30,6.00
2008.11.06 16:24:35.285,0.82725,0.8279,1.20,6.00
2008.11.06 16:24:35.625,0.8272,0.8279,6.60,6.00
2008.11.06 16:24:35.856,0.8272,0.82785,6.60,6.00
2008.11.06 16:24:36.715,0.8272,0.82785,6.00,6.00
2008.11.06 16:24:36.945,0.82715,0.82785,8.10,6.00
2008.11.06 16:24:37.295,0.82715,0.82775,1.20,6.00
2008.11.06 16:24:37.645,0.82705,0.82775,8.10,6.00
2008.11.06 16:24:37.945,0.8271,0.82775,1.00,6.00
2008.11.06 16:24:39.075,0.82705,0.82775,7.80,6.00
2008.11.06 16:24:39.924,0.82705,0.82765,1.80,6.00
2008.11.06 16:24:40.384,0.82705,0.8277,6.00,6.00
2008.11.06 16:24:40.784,0.8271,0.82775,6.00,2.10
2008.11.06 16:24:41.124,0.827,0.8277,6.00,6.00
2008.11.06 16:24:41.524,0.82695,0.8276,6.60,6.00
2008.11.06 16:24:41.864,0.827,0.82765,6.00,6.00
2008.11.06 16:24:42.854,0.82695,0.82765,6.60,6.00
2008.11.06 16:24:43.254,0.82695,0.82765,6.00,6.00
2008.11.06 16:24:47.203,0.8269,0.8274,1.20,6.00
2008.11.06 16:24:47.503,0.8269,0.82745,1.20,6.40
2008.11.06 16:24:47.833,0.8269,0.82765,1.20,6.00
2008.11.06 16:24:48.592,0.8269,0.82735,1.20,1.60
2008.11.06 16:24:49.003,0.8269,0.82755,1.20,7.60
2008.11.06 16:24:49.362,0.8269,0.82755,1.20,6.00
2008.11.06 16:24:49.862,0.8269,0.8274,1.20,6.00
2008.11.06 16:24:50.202,0.8268,0.82745,1.00,6.00
2008.11.06 16:24:50.542,0.82675,0.8274,7.20,1.60
2008.11.06 16:24:51.232,0.82675,0.82745,7.20,6.00
2008.11.06 16:24:51.412,0.82675,0.82745,7.30,6.00
2008.11.06 16:24:51.732,0.8268,0.82745,1.20,6.00
2008.11.06 16:24:52.011,0.82685,0.82755,6.00,7.60
2008.11.06 16:24:52.351,0.82685,0.82755,6.00,6.00
2008.11.06 16:24:54.651,0.827,0.8276,6.00,1.60
2008.11.06 16:24:55.181,0.827,0.8277,6.00,6.00
2008.11.06 16:24:55.741,0.82705,0.82775,6.00,7.60
2008.11.06 16:24:56.090,0.82705,0.82775,6.00,6.00
2008.11.06 16:24:56.540,0.82705,0.82775,6.10,6.00
2008.11.06 16:24:56.880,0.8271,0.8278,6.10,7.60
2008.11.06 16:24:57.350,0.82715,0.82785,6.00,7.60
2008.11.06 16:24:57.650,0.82715,0.82785,7.20,6.00
2008.11.06 16:24:58.170,0.82725,0.82785,1.00,6.00
2008.11.06 16:24:58.630,0.82725,0.82795,6.10,7.60
2008.11.06 16:24:58.970,0.82735,0.82795,6.00,1.60
2008.11.06 16:24:59.610,0.82735,0.828,6.00,6.00
2008.11.06 16:25:00.189,0.82725,0.82795,6.90,6.00
2008.11.06 16:25:01.099,0.82725,0.8279,2.10,6.00
2008.11.06 16:25:01.480,0.8273,0.82795,1.00,6.00
2008.11.06 16:25:02.279,0.8273,0.82795,1.30,6.00
2008.11.06 16:25:02.729,0.8274,0.82795,1.00,6.00
2008.11.06 16:25:03.029,0.8274,0.82805,6.10,1.60
2008.11.06 16:25:03.389,0.8274,0.8281,6.10,7.60
2008.11.06 16:25:04.018,0.82745,0.82815,7.30,7.60
2008.11.06 16:25:04.358,0.8275,0.82815,1.30,7.60
2008.11.06 16:25:04.709,0.8275,0.8282,6.10,7.60
2008.11.06 16:25:05.058,0.82755,0.8282,6.10,7.60
2008.11.06 16:25:05.578,0.82755,0.8282,7.30,7.60
2008.11.06 16:25:05.868,0.82755,0.82825,7.30,7.60
2008.11.06 16:25:06.458,0.82765,0.8283,6.00,7.60
2008.11.06 16:25:06.748,0.82765,0.8283,7.20,7.60
2008.11.06 16:25:07.218,0.82775,0.82835,1.00,6.00
2008.11.06 16:25:07.578,0.82795,0.8284,1.20,1.60
2008.11.06 16:25:08.087,0.82805,0.8284,1.20,1.60
2008.11.06 16:25:08.487,0.82805,0.8284,1.00,1.60
2008.11.06 16:25:09.657,0.8279,0.82845,1.20,1.60
2008.11.06 16:25:10.287,0.8278,0.82845,2.10,6.00
2008.11.06 16:25:10.977,0.8278,0.82845,1.00,6.00
2008.11.06 16:25:11.447,0.82785,0.82845,1.00,6.00
2008.11.06 16:25:12.097,0.8278,0.82845,1.00,6.00
2008.11.06 16:25:12.447,0.82785,0.82845,1.00,6.00
2008.11.06 16:25:12.796,0.82775,0.8284,1.00,6.00
2008.11.06 16:25:13.137,0.8277,0.8284,6.60,6.60
2008.11.06 16:25:13.676,0.82765,0.82835,6.00,6.00
2008.11.06 16:25:14.136,0.82765,0.8283,1.00,6.00
2008.11.06 16:25:14.529,0.82765,0.8283,6.60,6.00
2008.11.06 16:25:14.826,0.8277,0.8283,1.20,6.00
2008.11.06 16:25:15.176,0.82775,0.8283,1.00,6.00
2008.11.06 16:25:15.526,0.8278,0.8285,6.10,7.60
2008.11.06 16:25:15.816,0.8278,0.8285,6.00,7.60
2008.11.06 16:25:16.246,0.82785,0.8285,6.00,7.60
2008.11.06 16:25:16.746,0.82785,0.8285,6.00,1.60
2008.11.06 16:25:17.595,0.82785,0.8284,6.00,1.60
2008.11.06 16:25:18.225,0.82785,0.82835,6.10,1.60
2008.11.06 16:25:19.035,0.82785,0.8284,6.10,1.60
2008.11.06 16:25:19.385,0.82785,0.8285,6.00,7.60
2008.11.06 16:25:19.725,0.82785,0.8285,6.10,6.00
2008.11.06 16:25:20.225,0.8279,0.8285,1.20,6.00
2008.11.06 16:25:20.914,0.8278,0.8285,6.90,6.00
2008.11.06 16:25:21.554,0.8279,0.8286,7.20,7.60
2008.11.06 16:25:21.734,0.82795,0.8286,6.00,1.60
2008.11.06 16:25:22.324,0.82795,0.8286,7.20,1.60
2008.11.06 16:25:23.094,0.82795,0.8286,6.00,1.60
2008.11.06 16:25:23.594,0.828,0.82855,6.00,1.60
2008.11.06 16:25:24.234,0.828,0.8287,6.00,6.00
2008.11.06 16:25:24.344,0.828,0.82865,6.00,1.60
2008.11.06 16:25:24.744,0.828,0.8287,6.00,6.00
2008.11.06 16:25:25.134,0.82805,0.82875,6.00,7.60
2008.11.06 16:25:25.663,0.82815,0.8287,6.00,1.60
2008.11.06 16:25:26.363,0.82815,0.8288,6.00,7.60
2008.11.06 16:25:26.843,0.8281,0.8288,6.00,7.60
2008.11.06 16:25:27.083,0.8281,0.82875,1.20,6.00
2008.11.06 16:25:27.473,0.82805,0.82875,6.60,6.00
2008.11.06 16:25:27.823,0.8281,0.8288,6.00,6.60
2008.11.06 16:25:28.913,0.8281,0.8288,6.00,6.00
2008.11.06 16:25:29.332,0.82805,0.82875,6.60,6.00
2008.11.06 16:25:29.632,0.8281,0.8288,6.00,8.10
2008.11.06 16:25:29.962,0.8281,0.8288,6.00,6.00
2008.11.06 16:25:30.382,0.82815,0.8288,6.00,6.00
2008.11.06 16:25:30.962,0.8281,0.82875,6.00,6.00
2008.11.06 16:25:32.142,0.82805,0.82875,6.00,6.00
2008.11.06 16:25:32.542,0.8281,0.8288,6.00,7.60
2008.11.06 16:25:32.892,0.8281,0.8288,6.00,6.00
2008.11.06 16:25:33.631,0.8282,0.82885,6.00,7.60
2008.11.06 16:25:34.621,0.82815,0.8288,6.00,1.60
2008.11.06 16:25:34.971,0.82815,0.82885,7.20,7.60
2008.11.06 16:25:35.271,0.8282,0.82885,6.00,1.60
2008.11.06 16:25:35.551,0.8282,0.8289,6.00,7.60
2008.11.06 16:25:35.891,0.82815,0.82885,7.20,7.50
2008.11.06 16:25:36.251,0.8281,0.8288,6.60,6.00
2008.11.06 16:25:36.771,0.82815,0.82885,6.00,7.50
2008.11.06 16:25:37.350,0.8282,0.8289,6.00,7.60
2008.11.06 16:25:37.410,0.82825,0.8289,6.00,1.60
2008.11.06 16:25:38.050,0.8283,0.82895,6.00,1.60
2008.11.06 16:25:39.660,0.8283,0.829,6.00,8.20
2008.11.06 16:25:40.939,0.8283,0.829,6.00,8.10
2008.11.06 16:25:41.909,0.8283,0.829,6.00,6.60
2008.11.06 16:25:44.039,0.82825,0.82895,6.00,6.60
2008.11.06 16:25:47.058,0.8282,0.82885,1.00,6.00
2008.11.06 16:25:47.288,0.82815,0.82885,7.20,6.00
2008.11.06 16:25:47.708,0.82815,0.82885,6.00,6.00
2008.11.06 16:25:48.098,0.82815,0.82885,6.00,6.60
2008.11.06 16:25:48.788,0.8282,0.8289,6.00,6.00
2008.11.06 16:25:51.647,0.82815,0.82885,6.00,6.00
2008.11.06 16:25:52.877,0.82815,0.8288,6.00,6.00
2008.11.06 16:25:53.297,0.82815,0.82885,6.00,6.00
2008.11.06 16:25:55.196,0.8281,0.8288,7.80,6.00
2008.11.06 16:25:55.356,0.8281,0.8288,6.00,6.00
2008.11.06 16:25:55.706,0.82815,0.82885,6.00,6.00
2008.11.06 16:25:56.056,0.8281,0.8288,7.20,6.00
2008.11.06 16:25:56.576,0.8281,0.8288,6.00,6.00
2008.11.06 16:25:57.416,0.82805,0.8287,7.30,6.00
2008.11.06 16:25:57.766,0.82795,0.8285,1.00,6.60
2008.11.06 16:25:58.065,0.8279,0.82835,1.00,6.00
2008.11.06 16:25:58.456,0.8279,0.82825,1.00,6.00
2008.11.06 16:25:58.855,0.8279,0.8282,1.00,6.00
2008.11.06 16:25:59.325,0.8277,0.8282,1.00,6.00
2008.11.06 16:25:59.735,0.8275,0.8282,7.20,6.00
2008.11.06 16:26:00.325,0.8275,0.8282,6.00,6.00
2008.11.06 16:26:00.485,0.82745,0.8281,1.80,6.00
2008.11.06 16:26:00.665,0.8274,0.8281,7.20,6.00
2008.11.06 16:26:00.995,0.8274,0.8281,6.00,6.00
2008.11.06 16:26:01.385,0.8274,0.82805,1.00,6.00
2008.11.06 16:26:01.795,0.8275,0.8281,1.30,6.00
2008.11.06 16:26:02.084,0.8276,0.82825,7.20,7.60
2008.11.06 16:26:02.425,0.8276,0.82825,1.20,6.00
2008.11.06 16:26:03.174,0.8276,0.82825,7.30,6.00
2008.11.06 16:26:03.524,0.8276,0.82825,7.20,6.00
2008.11.06 16:26:04.334,0.8276,0.82825,1.20,6.00
2008.11.06 16:26:05.244,0.8276,0.82825,7.20,6.00
2008.11.06 16:26:05.534,0.82765,0.82825,1.00,6.00
2008.11.06 16:26:06.154,0.82765,0.8283,1.00,6.00
2008.11.06 16:26:06.693,0.82765,0.82835,7.30,6.00
2008.11.06 16:26:06.983,0.8277,0.8284,6.00,6.00
2008.11.06 16:26:07.443,0.82775,0.8284,1.00,6.00
2008.11.06 16:26:07.853,0.82775,0.8284,6.10,6.00
2008.11.06 16:26:08.143,0.8278,0.8284,1.20,6.00
2008.11.06 16:26:08.363,0.82775,0.8284,7.30,6.00
2008.11.06 16:26:08.703,0.8278,0.8284,1.30,6.00
2008.11.06 16:26:09.443,0.8278,0.82845,7.30,6.00
2008.11.06 16:26:09.853,0.8278,0.82845,6.00,6.00
2008.11.06 16:26:10.133,0.8278,0.82845,7.30,6.00
2008.11.06 16:26:11.533,0.8278,0.8284,1.30,6.00
2008.11.06 16:26:12.022,0.82785,0.8285,1.30,6.00
2008.11.06 16:26:13.322,0.82785,0.8285,1.20,6.00
2008.11.06 16:26:13.502,0.8278,0.82845,1.20,6.00
2008.11.06 16:26:13.672,0.82775,0.82845,6.00,6.00
2008.11.06 16:26:13.971,0.82775,0.82845,6.00,7.50
2008.11.06 16:26:14.132,0.8277,0.8284,6.00,6.00
2008.11.06 16:26:14.891,0.8277,0.82835,6.00,6.00
2008.11.06 16:26:16.321,0.82765,0.8283,6.00,6.00
2008.11.06 16:26:17.181,0.82765,0.82835,6.00,6.00
2008.11.06 16:26:17.751,0.8276,0.8283,7.20,6.00
2008.11.06 16:26:18.251,0.82755,0.8282,6.00,6.00
2008.11.06 16:26:18.591,0.8276,0.82825,6.00,1.50
2008.11.06 16:26:18.940,0.8277,0.82825,6.00,1.50
2008.11.06 16:26:19.160,0.82775,0.82835,1.30,6.00
2008.11.06 16:26:19.750,0.82775,0.8284,7.30,6.00
2008.11.06 16:26:20.720,0.82775,0.8284,7.20,6.00
2008.11.06 16:26:21.233,0.82775,0.82835,1.20,6.00
2008.11.06 16:26:21.760,0.82755,0.82825,7.20,6.00
2008.11.06 16:26:22.380,0.8275,0.8282,6.00,6.00
2008.11.06 16:26:22.729,0.8275,0.82815,1.20,7.50
2008.11.06 16:26:23.060,0.8274,0.8281,7.20,6.00
2008.11.06 16:26:24.049,0.8274,0.82805,7.20,6.00
2008.11.06 16:26:25.559,0.82745,0.8281,6.00,6.00
2008.11.06 16:26:27.378,0.82745,0.82815,6.00,6.00
2008.11.06 16:26:27.788,0.82745,0.8281,1.20,6.00
2008.11.06 16:26:28.028,0.8274,0.8281,7.20,6.00
2008.11.06 16:26:28.318,0.8274,0.828,1.20,6.00
2008.11.06 16:26:28.708,0.8274,0.82795,1.20,6.00
2008.11.06 16:26:30.138,0.8274,0.82805,1.20,6.00
2008.11.06 16:26:31.687,0.82745,0.8281,6.00,6.00
2008.11.06 16:26:32.047,0.8274,0.8281,7.20,6.00
2008.11.06 16:26:32.627,0.8274,0.8281,8.40,6.00
2008.11.06 16:26:34.477,0.8274,0.8281,9.00,6.00
2008.11.06 16:26:34.817,0.82745,0.82815,6.00,6.00
2008.11.06 16:26:35.856,0.8274,0.82805,1.20,6.00
2008.11.06 16:26:36.966,0.8274,0.82805,1.20,7.60
2008.11.06 16:26:37.306,0.8274,0.828,1.20,6.00
2008.11.06 16:26:50.233,0.8274,0.82805,1.20,6.00
2008.11.06 16:26:50.633,0.8274,0.828,1.20,6.00
2008.11.06 16:26:56.172,0.8274,0.82795,1.20,6.00
2008.11.06 16:26:56.742,0.8274,0.82785,1.20,6.00
2008.11.06 16:26:57.081,0.8274,0.8278,1.20,6.00
2008.11.06 16:27:03.340,0.8274,0.8279,1.20,6.00
2008.11.06 16:27:04.610,0.8274,0.82795,1.20,6.00
2008.11.06 16:27:05.089,0.8274,0.82785,1.20,1.50
2008.11.06 16:27:05.889,0.8274,0.8279,1.20,1.50
2008.11.06 16:27:06.449,0.8274,0.82785,1.20,1.50
2008.11.06 16:27:07.129,0.8274,0.8279,1.20,7.50
2008.11.06 16:27:07.409,0.8274,0.8279,1.20,6.00
2008.11.06 16:27:07.699,0.8274,0.82785,1.20,6.00
2008.11.06 16:27:15.197,0.8274,0.8279,1.20,6.00
2008.11.06 16:27:17.266,0.8274,0.82785,1.20,6.00
2008.11.06 16:27:19.226,0.8274,0.8278,1.20,6.00
2008.11.06 16:27:19.746,0.8274,0.82775,1.20,6.00
2008.11.06 16:27:20.036,0.8274,0.8278,1.20,6.00
2008.11.06 16:27:20.316,0.8274,0.8278,1.20,1.50
2008.11.06 16:27:20.716,0.8274,0.8277,1.20,1.50
2008.11.06 16:27:21.516,0.827,0.8277,6.00,1.50
2008.11.06 16:27:21.985,0.82695,0.8277,6.00,1.50
2008.11.06 16:27:23.095,0.8271,0.82775,6.00,2.10
2008.11.06 16:27:23.495,0.8271,0.82775,6.00,1.50
2008.11.06 16:27:23.905,0.82715,0.82775,6.00,1.50
2008.11.06 16:27:26.284,0.8271,0.8277,6.00,1.50
2008.11.06 16:27:26.785,0.8271,0.82775,6.00,1.50
2008.11.06 16:27:32.323,0.82715,0.82775,6.00,1.50
2008.11.06 16:27:32.443,0.82715,0.8278,6.00,1.50
2008.11.06 16:27:33.732,0.8272,0.8278,6.00,1.50
2008.11.06 16:27:34.012,0.8272,0.82785,6.00,7.50
2008.11.06 16:27:34.462,0.82725,0.82785,6.00,1.50
2008.11.06 16:27:34.982,0.82715,0.8278,6.00,1.50
2008.11.06 16:27:36.402,0.8272,0.8278,6.00,1.50
2008.11.06 16:27:36.962,0.8272,0.82785,6.00,1.50
2008.11.06 16:27:39.481,0.82725,0.82785,6.00,1.50
2008.11.06 16:27:41.431,0.82725,0.8278,6.00,1.50
2008.11.06 16:27:41.721,0.82715,0.8278,6.00,1.50
2008.11.06 16:27:42.110,0.82715,0.8278,6.60,1.50
2008.11.06 16:27:42.230,0.8272,0.8278,6.00,1.50
2008.11.06 16:27:42.511,0.8272,0.82785,6.00,1.50
2008.11.06 16:27:42.910,0.8272,0.8278,6.00,1.50
2008.11.06 16:27:43.540,0.82715,0.8278,7.80,1.50
2008.11.06 16:27:43.940,0.82715,0.82785,7.20,7.50
2008.11.06 16:27:44.250,0.82715,0.8278,6.00,1.50
2008.11.06 16:27:44.780,0.8272,0.8278,6.00,1.50
2008.11.06 16:27:45.770,0.8272,0.82785,6.00,1.50
2008.11.06 16:27:46.190,0.82725,0.82785,6.00,1.50
2008.11.06 16:27:48.939,0.8273,0.8279,6.00,1.50
2008.11.06 16:27:49.169,0.8273,0.82795,6.00,1.50
2008.11.06 16:27:49.739,0.82735,0.828,6.00,1.50
2008.11.06 16:27:50.259,0.82735,0.82795,6.00,1.50
2008.11.06 16:27:50.968,0.8274,0.8281,6.00,6.00
2008.11.06 16:27:51.438,0.82745,0.82815,6.00,6.00
2008.11.06 16:27:51.778,0.82745,0.82815,7.20,6.00
2008.11.06 16:27:52.248,0.8274,0.828,6.00,1.50
2008.11.06 16:27:53.828,0.82745,0.82805,6.00,1.50
2008.11.06 16:27:54.678,0.8274,0.82805,6.00,1.50
2008.11.06 16:27:56.167,0.82735,0.82795,7.20,1.50
2008.11.06 16:27:56.467,0.82735,0.82795,6.00,1.50
2008.11.06 16:27:57.397,0.82735,0.828,6.00,7.50
2008.11.06 16:27:58.447,0.82725,0.82785,7.20,1.50
2008.11.06 16:27:58.726,0.82725,0.8279,6.00,1.50
2008.11.06 16:27:59.096,0.82735,0.82795,6.00,1.50
2008.11.06 16:27:59.446,0.82725,0.8278,1.00,6.00
2008.11.06 16:27:59.976,0.82725,0.8278,1.00,7.50
2008.11.06 16:28:00.326,0.82715,0.8278,7.20,7.50
2008.11.06 16:28:00.556,0.82715,0.82785,6.00,7.50
2008.11.06 16:28:01.356,0.82715,0.8278,6.00,1.50
2008.11.06 16:28:02.226,0.8271,0.8278,6.00,7.50
2008.11.06 16:28:02.695,0.8271,0.82775,6.00,1.50
2008.11.06 16:28:02.985,0.8271,0.8277,6.00,1.50
2008.11.06 16:28:03.215,0.82705,0.8277,6.00,1.50
2008.11.06 16:28:03.496,0.82705,0.82765,6.00,1.50
2008.11.06 16:28:04.025,0.827,0.82765,6.00,1.50
2008.11.06 16:28:04.545,0.82695,0.8276,7.20,1.50
2008.11.06 16:28:05.045,0.827,0.82765,6.00,7.50
2008.11.06 16:28:07.005,0.827,0.8276,6.00,1.50
2008.11.06 16:28:08.044,0.827,0.82765,6.00,7.50
2008.11.06 16:28:08.504,0.82695,0.82755,7.80,1.50
2008.11.06 16:28:08.964,0.8269,0.82755,6.00,1.50
2008.11.06 16:28:09.314,0.8269,0.82755,6.00,7.50
2008.11.06 16:28:10.454,0.8269,0.82755,6.00,1.50
2008.11.06 16:28:11.383,0.8269,0.8275,6.00,1.50
2008.11.06 16:28:12.963,0.8269,0.82755,6.00,1.50
2008.11.06 16:28:13.423,0.82695,0.8275,6.00,1.50
2008.11.06 16:28:13.763,0.827,0.82755,6.00,1.50
2008.11.06 16:28:14.003,0.827,0.8276,6.00,1.50
2008.11.06 16:28:14.593,0.827,0.82755,6.00,1.50
2008.11.06 16:28:15.153,0.827,0.82765,6.00,1.50
2008.11.06 16:28:15.602,0.82705,0.82765,6.00,1.50
2008.11.06 16:28:15.882,0.8271,0.8277,6.00,1.50
2008.11.06 16:28:16.862,0.82705,0.8277,7.20,1.50
2008.11.06 16:28:17.162,0.82705,0.8277,6.00,1.50
2008.11.06 16:28:17.742,0.82705,0.8277,7.20,7.50
2008.11.06 16:28:18.482,0.827,0.82765,6.00,7.50
2008.11.06 16:28:19.091,0.82695,0.82755,7.20,1.50
2008.11.06 16:28:19.541,0.82695,0.82755,6.00,1.50
2008.11.06 16:28:19.986,0.8269,0.82755,6.00,1.50
2008.11.06 16:28:21.641,0.82685,0.82755,7.80,6.60
2008.11.06 16:28:21.981,0.82685,0.8275,7.20,1.50
2008.11.06 16:28:22.501,0.8269,0.8275,6.00,1.50
2008.11.06 16:28:22.971,0.8269,0.82755,6.00,1.50
2008.11.06 16:28:23.211,0.82695,0.8276,6.00,7.50
2008.11.06 16:28:23.961,0.82695,0.8276,6.00,8.10
2008.11.06 16:28:24.380,0.82695,0.8276,6.00,1.50
2008.11.06 16:28:25.450,0.827,0.8276,6.00,1.50
2008.11.06 16:28:26.570,0.82695,0.8276,6.00,1.50
2008.11.06 16:28:28.509,0.82695,0.8275,6.00,1.50
2008.11.06 16:28:29.069,0.8269,0.82755,6.00,1.50
2008.11.06 16:28:29.709,0.8269,0.8275,6.00,1.50
2008.11.06 16:28:29.989,0.8269,0.82745,6.00,1.50
2008.11.06 16:28:30.579,0.8269,0.8275,6.00,1.50
2008.11.06 16:28:30.929,0.82675,0.82735,7.20,1.50
2008.11.06 16:28:31.399,0.8267,0.82735,6.60,1.50
2008.11.06 16:28:31.759,0.8267,0.82735,6.00,1.50
2008.11.06 16:28:32.059,0.8267,0.8274,6.60,7.50
2008.11.06 16:28:32.459,0.82675,0.82725,1.20,1.50
2008.11.06 16:28:32.688,0.82665,0.8273,6.00,1.50
2008.11.06 16:28:33.048,0.82665,0.82725,7.20,1.50
2008.11.06 16:28:33.508,0.82665,0.82735,6.00,7.50
2008.11.06 16:28:33.928,0.8267,0.82725,6.00,1.50
2008.11.06 16:28:34.288,0.8267,0.82735,6.00,1.50
2008.11.06 16:28:34.628,0.82665,0.82725,6.00,1.50
2008.11.06 16:28:34.918,0.82665,0.8273,7.20,1.50
2008.11.06 16:28:35.328,0.82675,0.8274,6.00,7.50
2008.11.06 16:28:35.617,0.82695,0.8275,6.00,1.60
2008.11.06 16:28:36.067,0.827,0.8275,6.00,1.60
2008.11.06 16:28:37.097,0.82695,0.8276,7.80,1.00
2008.11.06 16:28:37.497,0.8269,0.82745,6.00,1.50
2008.11.06 16:28:37.817,0.8268,0.82745,6.60,1.50
2008.11.06 16:28:38.417,0.8268,0.82745,6.00,1.50
2008.11.06 16:28:39.067,0.8268,0.8274,6.00,1.50
2008.11.06 16:28:40.357,0.8268,0.82745,6.00,1.50
2008.11.06 16:28:41.106,0.8268,0.8274,6.00,1.50
2008.11.06 16:28:41.587,0.82675,0.8274,6.00,1.50
2008.11.06 16:28:41.926,0.82675,0.82735,6.00,1.50
2008.11.06 16:28:43.595,0.82675,0.8274,6.00,1.50
2008.11.06 16:28:43.966,0.8268,0.8274,6.00,1.50
2008.11.06 16:28:44.375,0.8268,0.82735,6.00,1.50
2008.11.06 16:28:45.775,0.82675,0.8273,6.00,1.50
2008.11.06 16:28:46.175,0.8268,0.82735,6.00,1.50
2008.11.06 16:28:49.004,0.8268,0.82745,6.00,7.50
2008.11.06 16:28:49.294,0.82685,0.82745,6.00,1.50
2008.11.06 16:28:49.774,0.82685,0.8275,6.00,1.50
2008.11.06 16:28:50.114,0.8269,0.8275,6.00,1.50
2008.11.06 16:28:50.414,0.8269,0.82755,7.20,1.50
2008.11.06 16:28:50.764,0.8269,0.82755,6.00,1.50
2008.11.06 16:28:51.044,0.82695,0.82755,6.00,1.50
2008.11.06 16:28:51.804,0.8269,0.82755,6.00,1.50
2008.11.06 16:28:52.293,0.82695,0.82755,6.00,1.50
2008.11.06 16:28:52.643,0.82695,0.8276,6.00,1.50
2008.11.06 16:28:52.983,0.827,0.8276,6.00,1.50
2008.11.06 16:28:54.223,0.82695,0.8276,6.00,1.50
2008.11.06 16:28:54.613,0.8269,0.82755,6.00,1.50
2008.11.06 16:28:58.572,0.8269,0.8275,6.00,1.50
2008.11.06 16:28:59.032,0.82685,0.8275,6.00,1.50
2008.11.06 16:28:59.772,0.8269,0.8275,6.00,1.50
2008.11.06 16:29:00.232,0.8269,0.82755,6.00,1.50
2008.11.06 16:29:00.571,0.82695,0.82755,6.00,1.50
2008.11.06 16:29:02.991,0.82695,0.8276,6.00,1.50
2008.11.06 16:29:04.271,0.827,0.8277,6.00,7.50
2008.11.06 16:29:04.630,0.827,0.8276,7.20,1.50
2008.11.06 16:29:04.921,0.827,0.8276,6.00,1.50
2008.11.06 16:29:07.240,0.827,0.82765,6.00,1.50
2008.11.06 16:29:07.760,0.827,0.8276,6.00,1.50
2008.11.06 16:29:08.629,0.827,0.82765,6.00,1.50
2008.11.06 16:29:09.129,0.827,0.82765,7.20,1.50
2008.11.06 16:29:09.539,0.82705,0.8277,6.00,1.50
2008.11.06 16:29:09.989,0.82725,0.8277,1.00,1.50
2008.11.06 16:29:10.279,0.82735,0.8281,1.00,12.00
2008.11.06 16:29:10.729,0.8274,0.8281,1.00,6.00
2008.11.06 16:29:11.189,0.82735,0.8281,1.00,6.00
2008.11.06 16:29:11.599,0.8274,0.828,1.00,6.00
2008.11.06 16:29:12.169,0.82745,0.82805,1.00,6.60
2008.11.06 16:29:12.279,0.82745,0.82805,1.00,6.00
2008.11.06 16:29:12.849,0.82745,0.8281,1.00,6.60
2008.11.06 16:29:13.299,0.82745,0.82815,6.10,6.60
2008.11.06 16:29:13.649,0.82755,0.8282,6.00,6.00
2008.11.06 16:29:14.638,0.82755,0.82825,6.00,8.10
2008.11.06 16:29:14.988,0.8276,0.82825,6.00,1.50
2008.11.06 16:29:15.278,0.8277,0.82835,6.00,7.50
2008.11.06 16:29:15.688,0.8277,0.82835,6.00,6.00
2008.11.06 16:29:16.368,0.8277,0.8284,6.00,7.50
2008.11.06 16:29:17.068,0.8277,0.82835,6.00,1.50
2008.11.06 16:29:17.707,0.82775,0.82845,7.20,9.10
2008.11.06 16:29:17.997,0.82775,0.82845,7.20,7.50
2008.11.06 16:29:19.887,0.82775,0.82835,7.20,1.50
2008.11.06 16:29:20.177,0.82795,0.8285,6.00,1.00
2008.11.06 16:29:20.587,0.82795,0.8287,6.00,6.00
2008.11.06 16:29:20.917,0.82795,0.82875,6.00,6.00
2008.11.06 16:29:21.217,0.82805,0.8287,6.00,1.50
2008.11.06 16:29:21.657,0.828,0.82865,1.80,6.60
2008.11.06 16:29:22.127,0.82785,0.8285,7.20,1.00
2008.11.06 16:29:22.406,0.8278,0.8285,6.00,8.10
2008.11.06 16:29:23.166,0.82775,0.82845,7.20,6.00
2008.11.06 16:29:23.636,0.82775,0.8284,1.20,6.00
2008.11.06 16:29:24.276,0.8277,0.8284,7.20,7.50
2008.11.06 16:29:24.736,0.8278,0.82845,6.00,6.00
2008.11.06 16:29:25.026,0.82785,0.82855,6.00,6.60
2008.11.06 16:29:25.256,0.82785,0.82855,6.00,6.00
2008.11.06 16:29:28.225,0.8279,0.8286,6.00,6.00
2008.11.06 16:29:28.565,0.82795,0.82865,6.00,7.50
2008.11.06 16:29:28.855,0.82795,0.82865,6.00,6.00
2008.11.06 16:29:29.285,0.82795,0.82865,7.20,6.00
2008.11.06 16:29:29.455,0.82795,0.82865,6.00,6.00
2008.11.06 16:29:29.624,0.82795,0.82865,7.20,6.00
2008.11.06 16:29:31.164,0.82795,0.82865,6.00,6.00
2008.11.06 16:29:32.274,0.82795,0.82865,7.20,6.00
2008.11.06 16:29:32.564,0.82805,0.8287,6.00,6.00
2008.11.06 16:29:33.534,0.82825,0.8287,1.00,6.00
2008.11.06 16:29:33.825,0.82825,0.82875,1.30,6.00
2008.11.06 16:29:34.274,0.82825,0.82885,1.30,6.00
2008.11.06 16:29:34.573,0.82825,0.8289,1.30,6.00
2008.11.06 16:29:35.153,0.82825,0.8289,1.20,6.00
2008.11.06 16:29:35.623,0.82825,0.8289,7.20,6.00
2008.11.06 16:29:38.422,0.82835,0.82895,1.00,6.00
2008.11.06 16:29:38.943,0.8285,0.82915,6.00,1.50
2008.11.06 16:29:39.402,0.8285,0.82915,7.20,1.50
2008.11.06 16:29:39.682,0.82855,0.82915,6.00,1.50
2008.11.06 16:29:41.682,0.8286,0.82915,6.00,1.50
2008.11.06 16:29:43.071,0.8286,0.82915,6.00,2.10
2008.11.06 16:29:43.611,0.82855,0.8292,6.00,2.50
2008.11.06 16:29:43.891,0.82855,0.8292,6.00,1.00
2008.11.06 16:29:44.461,0.8286,0.8292,6.00,1.00
2008.11.06 16:29:44.761,0.82865,0.8292,6.00,1.00
2008.11.06 16:29:45.151,0.82865,0.8292,1.20,1.00
2008.11.06 16:29:45.591,0.82855,0.8292,7.20,1.00
2008.11.06 16:29:45.921,0.8286,0.8292,7.20,1.00
2008.11.06 16:29:46.561,0.82865,0.8292,6.00,1.00
2008.11.06 16:29:46.740,0.82865,0.8292,7.20,1.00
2008.11.06 16:29:47.390,0.8287,0.8292,1.20,1.00
2008.11.06 16:29:47.910,0.8287,0.8292,6.10,1.00
2008.11.06 16:29:48.240,0.82875,0.8292,7.20,1.00
2008.11.06 16:29:48.940,0.82875,0.82955,7.20,6.00
2008.11.06 16:29:49.400,0.82875,0.82955,7.80,6.00
2008.11.06 16:29:49.730,0.82885,0.8296,6.00,2.20
2008.11.06 16:29:50.020,0.82885,0.8295,7.20,1.60
2008.11.06 16:29:50.320,0.82885,0.8295,7.20,6.00
2008.11.06 16:29:50.720,0.8288,0.82945,7.80,6.00
2008.11.06 16:29:51.129,0.8288,0.82945,6.60,6.00
2008.11.06 16:29:51.530,0.8288,0.82945,6.00,7.50
2008.11.06 16:29:51.819,0.82875,0.8294,1.20,6.60
2008.11.06 16:29:52.109,0.8287,0.8294,6.60,6.00
2008.11.06 16:29:52.519,0.8287,0.8294,6.60,6.60
2008.11.06 16:29:52.739,0.82865,0.82935,6.60,8.10
2008.11.06 16:29:53.029,0.82865,0.82935,6.00,8.10
2008.11.06 16:29:53.619,0.82865,0.8293,6.60,6.00
2008.11.06 16:29:54.329,0.8287,0.82935,6.00,6.00
2008.11.06 16:29:55.598,0.8287,0.8294,6.00,6.00
2008.11.06 16:29:55.948,0.8287,0.8294,7.20,6.00
2008.11.06 16:29:57.238,0.82875,0.8294,1.00,6.00
2008.11.06 16:29:57.478,0.8288,0.82945,1.20,6.00
2008.11.06 16:29:57.728,0.8287,0.8294,7.20,6.00
2008.11.06 16:29:57.968,0.82875,0.82945,6.00,7.60
2008.11.06 16:29:58.558,0.82875,0.82945,6.00,8.10
2008.11.06 16:29:59.087,0.82875,0.8294,6.00,6.00
2008.11.06 16:30:02.497,0.8287,0.82935,6.00,6.00
2008.11.06 16:30:03.127,0.82865,0.82935,7.20,6.00
2008.11.06 16:30:03.406,0.82865,0.82935,7.20,6.60
2008.11.06 16:30:03.866,0.8286,0.8293,7.20,6.00
2008.11.06 16:30:04.276,0.82865,0.82935,6.00,7.60
2008.11.06 16:30:04.676,0.82865,0.82935,8.10,6.00
2008.11.06 16:30:04.966,0.8287,0.8294,6.10,6.00
2008.11.06 16:30:05.346,0.8287,0.8294,7.30,6.00
2008.11.06 16:30:06.156,0.8287,0.8294,7.20,6.00
2008.11.06 16:30:06.396,0.82875,0.82945,6.00,6.00
2008.11.06 16:30:06.736,0.82875,0.82945,7.30,6.00
2008.11.06 16:30:07.016,0.82885,0.8295,1.20,7.60
2008.11.06 16:30:07.136,0.82885,0.8295,1.20,6.00
2008.11.06 16:30:07.495,0.82885,0.82955,7.20,8.20
2008.11.06 16:30:07.675,0.82885,0.82955,7.20,7.60
2008.11.06 16:30:07.795,0.82885,0.82955,7.20,6.00
2008.11.06 16:30:08.495,0.82895,0.82955,1.20,6.00
2008.11.06 16:30:10.215,0.82885,0.82955,7.20,6.00
2008.11.06 16:30:10.615,0.82895,0.82955,1.20,6.00
2008.11.06 16:30:11.465,0.8289,0.82955,7.20,6.00
2008.11.06 16:30:11.694,0.8289,0.82955,1.20,6.00
2008.11.06 16:30:14.094,0.8289,0.82955,6.00,6.00
2008.11.06 16:30:14.454,0.829,0.82965,1.20,6.00
2008.11.06 16:30:15.433,0.82895,0.82965,7.20,6.00
2008.11.06 16:30:16.183,0.82895,0.8296,7.20,1.50
2008.11.06 16:30:16.763,0.82895,0.82955,1.20,6.00
2008.11.06 16:30:16.943,0.8289,0.8296,6.00,6.00
2008.11.06 16:30:17.193,0.82895,0.82965,6.00,6.00
2008.11.06 16:30:17.483,0.82895,0.82965,7.20,6.00
2008.11.06 16:30:19.332,0.82895,0.82965,6.00,6.00
2008.11.06 16:30:20.682,0.829,0.8297,6.00,9.70
2008.11.06 16:30:21.092,0.829,0.8297,6.00,6.00
2008.11.06 16:30:21.432,0.82895,0.82965,6.00,6.00
2008.11.06 16:30:22.062,0.82895,0.82965,7.20,6.00
2008.11.06 16:30:22.362,0.829,0.8297,7.20,6.00
2008.11.06 16:30:22.652,0.829,0.82965,1.20,6.00
2008.11.06 16:30:23.062,0.82905,0.82975,6.00,6.00
2008.11.06 16:30:24.341,0.82905,0.82975,7.20,6.00
2008.11.06 16:30:25.761,0.82925,0.8298,6.00,1.60
2008.11.06 16:30:26.281,0.82925,0.8299,1.20,6.00
2008.11.06 16:30:26.581,0.8292,0.8299,7.20,6.00
2008.11.06 16:30:26.911,0.82925,0.82995,6.00,6.00
2008.11.06 16:30:27.670,0.8293,0.83,6.00,6.00
2008.11.06 16:30:28.480,0.82935,0.83,6.00,6.00
2008.11.06 16:30:30.400,0.82935,0.83005,6.00,8.20
2008.11.06 16:30:30.730,0.82935,0.83005,7.20,6.00
2008.11.06 16:30:31.250,0.8294,0.8301,6.00,6.00
2008.11.06 16:30:31.490,0.82945,0.8301,6.00,6.00
2008.11.06 16:30:32.000,0.8295,0.8302,6.00,8.20
2008.11.06 16:30:32.119,0.8296,0.8303,6.00,11.70
2008.11.06 16:30:32.510,0.8296,0.8303,6.00,8.10
2008.11.06 16:30:32.909,0.82965,0.83035,6.00,6.00
2008.11.06 16:30:33.259,0.82965,0.8303,6.00,6.00
2008.11.06 16:30:33.649,0.82965,0.8303,6.00,6.60
2008.11.06 16:30:34.059,0.8296,0.8303,6.00,6.60
2008.11.06 16:30:34.639,0.82965,0.8303,6.00,6.60
2008.11.06 16:30:35.039,0.8297,0.8304,6.00,6.60
2008.11.06 16:30:35.329,0.82975,0.8304,6.00,1.00
2008.11.06 16:30:35.619,0.82975,0.83045,6.00,6.00
2008.11.06 16:30:35.978,0.82975,0.83045,6.00,6.60
2008.11.06 16:30:36.338,0.82975,0.8304,6.00,6.60
2008.11.06 16:30:36.978,0.8297,0.8304,6.00,6.60
2008.11.06 16:30:37.668,0.82965,0.83035,6.00,6.60
2008.11.06 16:30:39.598,0.8297,0.8304,6.00,6.60
2008.11.06 16:30:40.927,0.82975,0.83035,6.00,1.00
2008.11.06 16:30:41.047,0.8297,0.83035,6.00,6.60
2008.11.06 16:30:41.397,0.8297,0.8304,6.00,7.50
2008.11.06 16:30:41.627,0.8297,0.8304,6.00,6.00
2008.11.06 16:30:41.687,0.8298,0.83045,6.00,1.00
2008.11.06 16:30:41.987,0.8298,0.8305,6.00,6.60
2008.11.06 16:30:42.207,0.82985,0.8305,6.00,1.00
2008.11.06 16:30:42.387,0.82985,0.83055,6.00,6.60
2008.11.06 16:30:43.157,0.8299,0.83055,6.00,6.00
2008.11.06 16:30:43.737,0.82995,0.83065,6.00,6.00
2008.11.06 16:30:44.147,0.83,0.8307,6.00,6.60
2008.11.06 16:30:46.036,0.83,0.83065,1.20,8.10
2008.11.06 16:30:46.276,0.8299,0.8306,6.00,6.00
2008.11.06 16:30:46.616,0.8299,0.8306,6.00,6.60
2008.11.06 16:30:47.256,0.8299,0.8306,6.00,6.00
2008.11.06 16:30:48.106,0.82995,0.83065,6.00,6.00
2008.11.06 16:30:48.666,0.82995,0.83065,7.20,6.00
2008.11.06 16:30:49.375,0.82995,0.83065,7.80,6.60
2008.11.06 16:30:49.795,0.83,0.83065,6.00,1.00
2008.11.06 16:30:50.135,0.82995,0.83065,7.20,6.00
2008.11.06 16:30:50.645,0.82995,0.83065,7.20,6.60
2008.11.06 16:30:51.045,0.82995,0.83065,6.00,6.60
2008.11.06 16:30:51.625,0.83,0.83065,6.00,1.00
2008.11.06 16:30:51.845,0.83,0.8307,6.00,8.10
2008.11.06 16:30:52.145,0.83,0.8307,6.00,7.50
2008.11.06 16:30:52.305,0.83,0.8307,7.20,6.00
2008.11.06 16:30:54.844,0.83,0.83065,1.20,6.00
2008.11.06 16:30:55.184,0.82995,0.83065,7.20,6.00
2008.11.06 16:30:55.694,0.82995,0.8306,1.20,6.00
2008.11.06 16:30:56.044,0.82985,0.83055,6.00,6.00
2008.11.06 16:30:57.733,0.8298,0.8305,6.10,6.00
2008.11.06 16:30:58.073,0.8298,0.8305,6.00,6.00
2008.11.06 16:30:58.393,0.82975,0.83045,6.00,6.00
2008.11.06 16:30:58.853,0.8297,0.83035,1.20,6.00
2008.11.06 16:30:59.413,0.8296,0.8303,6.00,6.00
2008.11.06 16:30:59.763,0.8297,0.83035,6.00,6.00
2008.11.06 16:31:00.123,0.82975,0.83045,6.00,8.20
2008.11.06 16:31:00.573,0.82985,0.8305,6.00,6.60
2008.11.06 16:31:00.933,0.82985,0.8305,6.00,6.00
2008.11.06 16:31:01.223,0.82985,0.8305,6.00,6.60
2008.11.06 16:31:01.682,0.8298,0.8305,6.00,6.00
2008.11.06 16:31:01.962,0.8298,0.8305,6.00,6.60
2008.11.06 16:31:02.372,0.8298,0.8305,6.00,6.00
2008.11.06 16:31:03.702,0.82985,0.8305,6.00,6.00
2008.11.06 16:31:05.512,0.82985,0.83055,6.00,6.00
2008.11.06 16:31:06.021,0.8298,0.8305,7.20,6.00
2008.11.06 16:31:06.251,0.8298,0.8305,6.00,6.00
2008.11.06 16:31:07.351,0.82985,0.83055,6.00,6.60
2008.11.06 16:31:09.351,0.8299,0.83055,6.00,1.00
2008.11.06 16:31:09.751,0.8299,0.8306,6.00,6.00
2008.11.06 16:31:10.690,0.82985,0.83055,6.00,6.00
2008.11.06 16:31:11.220,0.82985,0.83055,6.00,6.60
2008.11.06 16:31:11.620,0.82985,0.83055,6.00,6.00
2008.11.06 16:31:11.970,0.8298,0.8304,7.20,1.50
2008.11.06 16:31:12.500,0.8297,0.8304,7.20,6.60
2008.11.06 16:31:12.800,0.8296,0.8303,7.20,6.00
2008.11.06 16:31:13.950,0.82955,0.83025,6.00,6.00
2008.11.06 16:31:14.249,0.8296,0.8303,6.00,6.60
2008.11.06 16:31:16.479,0.8296,0.8303,7.20,6.00
2008.11.06 16:31:17.409,0.82965,0.83035,6.00,6.60
2008.11.06 16:31:17.809,0.82965,0.83035,6.00,6.00
2008.11.06 16:31:18.208,0.8297,0.83035,6.00,6.00
2008.11.06 16:31:19.538,0.8297,0.8304,6.00,6.00
2008.11.06 16:31:19.818,0.8297,0.8304,7.20,6.00
2008.11.06 16:31:20.738,0.8297,0.8304,6.00,6.00
2008.11.06 16:31:21.258,0.82975,0.83045,6.00,8.10
2008.11.06 16:31:21.817,0.82975,0.83045,6.00,6.60
2008.11.06 16:31:22.158,0.82965,0.8303,7.80,1.00
2008.11.06 16:31:22.387,0.8296,0.8303,6.00,6.60
2008.11.06 16:31:22.837,0.8295,0.8302,7.20,6.00
2008.11.06 16:31:23.127,0.8295,0.8302,6.60,6.00
2008.11.06 16:31:23.487,0.82955,0.83025,6.00,6.00
2008.11.06 16:31:23.877,0.82965,0.83035,6.00,6.00
2008.11.06 16:31:24.177,0.8297,0.8304,6.00,6.00
2008.11.06 16:31:24.977,0.8297,0.8304,6.00,8.10
2008.11.06 16:31:26.627,0.82975,0.8304,6.00,6.00
2008.11.06 16:31:27.216,0.82975,0.83045,6.00,8.10
2008.11.06 16:31:28.896,0.82985,0.83045,6.00,1.00
2008.11.06 16:31:29.466,0.8298,0.83045,6.00,1.00
2008.11.06 16:31:29.706,0.8298,0.83045,6.00,2.10
2008.11.06 16:31:30.216,0.8298,0.83045,6.00,1.00
2008.11.06 16:31:30.925,0.82975,0.83045,6.00,8.10
2008.11.06 16:31:31.095,0.8297,0.8304,6.00,6.00
2008.11.06 16:31:31.855,0.82965,0.83035,6.00,6.00
2008.11.06 16:31:32.545,0.8298,0.8305,6.00,6.00
2008.11.06 16:31:32.825,0.82985,0.83055,6.00,8.20
2008.11.06 16:31:33.165,0.82985,0.83055,6.00,6.60
2008.11.06 16:31:35.024,0.8298,0.8305,6.00,6.60
2008.11.06 16:31:35.924,0.8298,0.8305,6.00,6.00
2008.11.06 16:31:36.294,0.82985,0.8305,6.00,6.00
2008.11.06 16:31:36.684,0.82985,0.83055,6.00,6.00
2008.11.06 16:31:37.383,0.8299,0.8306,6.00,8.10
2008.11.06 16:31:37.604,0.8299,0.8306,6.00,6.60
2008.11.06 16:31:37.814,0.8299,0.8306,6.00,6.00
2008.11.06 16:31:38.553,0.83005,0.83075,6.00,7.60
2008.11.06 16:31:38.953,0.82995,0.83065,7.20,6.00
2008.11.06 16:31:39.513,0.82995,0.83065,6.00,6.00
2008.11.06 16:31:40.783,0.82995,0.83065,6.00,6.60
2008.11.06 16:31:42.942,0.82995,0.8306,6.00,6.60
2008.11.06 16:31:43.362,0.82995,0.83065,6.00,6.60
2008.11.06 16:31:45.142,0.83,0.8307,6.00,6.60
2008.11.06 16:31:45.732,0.82995,0.8306,6.00,6.00
2008.11.06 16:31:46.652,0.8299,0.8306,6.00,6.00
2008.11.06 16:31:46.882,0.82985,0.8305,6.00,1.00
2008.11.06 16:31:47.181,0.8298,0.83045,6.00,1.00
2008.11.06 16:31:47.861,0.82975,0.83045,6.00,6.60
2008.11.06 16:31:51.580,0.8298,0.8305,6.00,6.60
2008.11.06 16:31:52.460,0.8298,0.83045,6.00,1.00
2008.11.06 16:31:53.290,0.82975,0.83045,6.00,6.60
2008.11.06 16:31:54.330,0.82975,0.83045,6.00,6.00
2008.11.06 16:31:54.610,0.82975,0.83045,6.00,6.60
2008.11.06 16:31:57.219,0.82975,0.83045,6.00,6.00
2008.11.06 16:31:57.629,0.8298,0.8305,6.00,6.60
2008.11.06 16:31:58.029,0.82975,0.83045,6.00,6.60
2008.11.06 16:31:58.949,0.8297,0.8304,6.00,6.60
2008.11.06 16:31:59.749,0.82965,0.83025,1.00,6.60
2008.11.06 16:31:59.979,0.8296,0.83025,6.00,6.60
2008.11.06 16:32:00.378,0.8295,0.8302,7.20,6.00
2008.11.06 16:32:00.618,0.8295,0.8302,6.00,6.00
2008.11.06 16:32:02.608,0.82955,0.8302,6.00,6.00
2008.11.06 16:32:03.658,0.82955,0.83025,6.00,6.00
2008.11.06 16:32:04.347,0.8295,0.8301,1.20,6.00
2008.11.06 16:32:04.637,0.82945,0.8301,7.80,6.00
2008.11.06 16:32:05.147,0.82935,0.83005,7.20,6.00
2008.11.06 16:32:05.437,0.82935,0.83005,6.00,7.50
2008.11.06 16:32:05.777,0.8293,0.83,6.00,6.00
2008.11.06 16:32:06.307,0.8294,0.8301,6.00,6.00
2008.11.06 16:32:06.886,0.82935,0.83005,7.20,7.50
2008.11.06 16:32:07.187,0.82935,0.83,6.00,1.60
2008.11.06 16:32:07.596,0.82925,0.82995,6.00,6.00
2008.11.06 16:32:07.876,0.82925,0.82985,6.00,6.00
2008.11.06 16:32:08.156,0.82915,0.82985,6.00,6.00
2008.11.06 16:32:09.146,0.8291,0.8298,6.00,6.00
2008.11.06 16:32:09.786,0.8291,0.82975,6.00,6.00
2008.11.06 16:32:10.306,0.8291,0.82975,7.20,6.00
2008.11.06 16:32:10.996,0.8291,0.82975,6.00,6.00
2008.11.06 16:32:12.165,0.82905,0.8297,1.20,6.00
2008.11.06 16:32:12.665,0.829,0.8297,7.30,6.00
2008.11.06 16:32:13.015,0.8291,0.82975,6.00,7.60
2008.11.06 16:32:13.595,0.8292,0.8299,6.00,7.60
2008.11.06 16:32:13.925,0.8291,0.8298,6.00,7.60
2008.11.06 16:32:14.255,0.82905,0.82975,7.30,6.00
2008.11.06 16:32:14.545,0.82915,0.82975,1.20,6.00
2008.11.06 16:32:14.835,0.82905,0.82975,7.20,6.00
2008.11.06 16:32:15.224,0.8292,0.8299,1.20,1.50
2008.11.06 16:32:15.744,0.82925,0.8299,1.20,1.50
2008.11.06 16:32:16.154,0.82945,0.83005,6.00,1.60
2008.11.06 16:32:16.854,0.82955,0.8301,6.00,1.00
2008.11.06 16:32:18.644,0.8295,0.8301,6.00,1.00
2008.11.06 16:32:19.004,0.8295,0.82995,6.00,1.60
2008.11.06 16:32:19.354,0.82935,0.82985,6.60,6.00
2008.11.06 16:32:19.793,0.82945,0.8299,6.00,1.50
2008.11.06 16:32:20.263,0.8294,0.82985,1.20,7.50
2008.11.06 16:32:20.553,0.8292,0.82985,1.00,7.50
2008.11.06 16:32:21.133,0.8291,0.8298,7.00,6.00
2008.11.06 16:32:21.523,0.8291,0.8298,7.00,7.50
2008.11.06 16:32:21.873,0.82915,0.8298,6.00,7.50
2008.11.06 16:32:22.163,0.8291,0.82975,1.00,7.50
2008.11.06 16:32:22.633,0.8291,0.82975,1.00,6.00
2008.11.06 16:32:24.333,0.8291,0.82975,1.00,7.50
2008.11.06 16:32:24.692,0.8291,0.8297,1.00,6.00
2008.11.06 16:32:26.212,0.8291,0.8296,1.00,6.00
2008.11.06 16:32:26.912,0.8291,0.8297,1.00,1.60
2008.11.06 16:32:27.261,0.8291,0.8297,2.20,1.60
2008.11.06 16:32:27.482,0.82925,0.8298,6.00,1.60
2008.11.06 16:32:28.111,0.8293,0.8298,6.00,1.60
2008.11.06 16:32:28.522,0.82925,0.82985,1.20,7.50
2008.11.06 16:32:29.061,0.82915,0.82985,6.00,7.50
2008.11.06 16:32:30.221,0.8291,0.8298,7.00,6.00
2008.11.06 16:32:32.960,0.82915,0.82985,6.00,7.60
2008.11.06 16:32:33.240,0.82915,0.82985,6.00,6.00
2008.11.06 16:32:33.800,0.8291,0.8298,7.00,6.00
2008.11.06 16:32:34.100,0.82915,0.82985,6.00,6.00
2008.11.06 16:32:34.690,0.8291,0.8298,7.00,6.00
2008.11.06 16:32:35.010,0.8291,0.8298,7.30,6.00
2008.11.06 16:32:35.580,0.8291,0.8298,7.00,6.00
2008.11.06 16:32:36.090,0.8291,0.82975,7.00,6.00
2008.11.06 16:32:38.499,0.8291,0.82975,1.00,6.00
2008.11.06 16:32:40.418,0.8291,0.8297,1.00,6.00
2008.11.06 16:32:40.928,0.8291,0.82975,1.00,6.00
2008.11.06 16:32:42.388,0.8291,0.8297,1.00,6.00
2008.11.06 16:32:43.318,0.8291,0.82975,1.00,6.00
2008.11.06 16:32:43.698,0.8291,0.82975,2.20,6.00
2008.11.06 16:32:44.098,0.8291,0.82975,1.00,6.00
2008.11.06 16:32:44.677,0.82915,0.8298,1.20,6.00
2008.11.06 16:32:45.198,0.8291,0.8298,7.00,6.00
2008.11.06 16:32:48.417,0.8291,0.82965,1.00,6.00
2008.11.06 16:32:49.796,0.8291,0.8296,1.00,6.00
2008.11.06 16:32:50.506,0.8291,0.82965,1.00,6.00
2008.11.06 16:32:51.116,0.8291,0.82975,1.00,6.00
2008.11.06 16:32:51.406,0.8291,0.82975,2.20,6.00
2008.11.06 16:32:51.766,0.8291,0.82975,1.00,6.00
2008.11.06 16:32:52.285,0.8291,0.8297,1.00,6.00
2008.11.06 16:32:52.636,0.8291,0.82965,1.00,6.00
2008.11.06 16:32:53.046,0.82935,0.8296,1.00,6.00
2008.11.06 16:32:53.345,0.8294,0.8297,1.20,6.40
2008.11.06 16:32:53.645,0.8293,0.82975,6.60,7.60
2008.11.06 16:32:54.095,0.829,0.82965,1.30,6.00
2008.11.06 16:32:54.445,0.829,0.8297,1.30,6.00
2008.11.06 16:32:55.005,0.82905,0.8298,6.00,6.00
2008.11.06 16:32:55.295,0.8292,0.8298,1.20,6.00
2008.11.06 16:32:55.685,0.8292,0.82985,1.20,6.00
2008.11.06 16:32:56.205,0.8292,0.8299,6.00,7.60
2008.11.06 16:32:56.555,0.8292,0.8299,6.60,7.60
2008.11.06 16:32:56.955,0.82925,0.8299,6.00,1.00
2008.11.06 16:32:57.334,0.82925,0.8299,6.60,1.00
2008.11.06 16:32:57.504,0.8293,0.8299,6.00,1.00
2008.11.06 16:32:58.244,0.82935,0.8299,6.00,1.00
2008.11.06 16:33:00.674,0.8293,0.8299,7.20,1.00
2008.11.06 16:33:01.134,0.8293,0.8299,6.00,1.00
2008.11.06 16:33:01.423,0.82925,0.8299,7.20,6.10
2008.11.06 16:33:01.704,0.82925,0.8299,6.10,6.10
2008.11.06 16:33:02.473,0.82925,0.8299,6.00,1.00
2008.11.06 16:33:02.813,0.8293,0.8299,1.00,1.00
2008.11.06 16:33:03.213,0.82935,0.8299,6.00,1.00
2008.11.06 16:33:04.303,0.82935,0.8299,6.10,1.00
2008.11.06 16:33:04.603,0.82935,0.8299,7.30,1.00
2008.11.06 16:33:05.652,0.8294,0.8299,6.00,1.00
2008.11.06 16:33:06.222,0.82945,0.8299,6.00,1.00
2008.11.06 16:33:06.572,0.82945,0.8299,7.30,1.00
2008.11.06 16:33:06.792,0.82955,0.8299,6.00,1.00
2008.11.06 16:33:07.492,0.8296,0.8299,7.30,1.00
2008.11.06 16:33:07.832,0.82965,0.8301,7.20,1.00
2008.11.06 16:33:08.342,0.8297,0.8301,1.00,1.00
2008.11.06 16:33:08.812,0.82975,0.8301,6.00,1.00
2008.11.06 16:33:10.831,0.8297,0.8301,7.20,1.00
2008.11.06 16:33:11.361,0.8297,0.8301,6.00,1.00
2008.11.06 16:33:11.661,0.82975,0.8301,6.00,1.00
2008.11.06 16:33:13.121,0.8298,0.8301,7.30,1.00
2008.11.06 16:33:13.411,0.82985,0.8307,6.10,6.00
2008.11.06 16:33:13.691,0.82995,0.83075,6.00,6.00
2008.11.06 16:33:14.580,0.8299,0.8306,6.00,7.50
2008.11.06 16:33:14.920,0.82985,0.83055,6.00,6.00
2008.11.06 16:33:15.800,0.8298,0.8305,6.00,6.00
2008.11.06 16:33:16.300,0.82975,0.83045,6.00,6.00
2008.11.06 16:33:16.600,0.82975,0.83045,6.10,6.00
2008.11.06 16:33:16.900,0.82995,0.83065,6.00,6.00
2008.11.06 16:33:17.130,0.83,0.83065,1.20,7.50
2008.11.06 16:33:17.569,0.83,0.83065,7.20,6.00
2008.11.06 16:33:18.399,0.83,0.8307,7.20,6.00
2008.11.06 16:33:18.729,0.83005,0.8307,1.20,7.50
2008.11.06 16:33:19.079,0.83005,0.8307,1.20,6.00
2008.11.06 16:33:19.359,0.83005,0.8307,7.20,1.50
2008.11.06 16:33:19.589,0.83005,0.83075,7.20,6.00
2008.11.06 16:33:20.039,0.83005,0.83065,6.00,1.00
2008.11.06 16:33:20.449,0.82995,0.83065,6.00,6.00
2008.11.06 16:33:21.129,0.8299,0.8306,7.20,6.00
2008.11.06 16:33:21.868,0.83,0.8307,6.00,7.50
2008.11.06 16:33:22.249,0.8301,0.8307,1.20,6.00
2008.11.06 16:33:22.998,0.83005,0.8307,7.20,6.00
2008.11.06 16:33:23.288,0.83005,0.8307,6.00,6.00
2008.11.06 16:33:23.508,0.83005,0.8307,7.20,6.00
2008.11.06 16:33:23.928,0.83,0.8307,7.20,6.00
2008.11.06 16:33:24.168,0.83,0.8307,6.00,6.00
2008.11.06 16:33:24.448,0.82995,0.8306,6.00,6.00
2008.11.06 16:33:24.948,0.8299,0.83055,6.00,6.00
2008.11.06 16:33:25.948,0.82975,0.8304,1.20,6.00
2008.11.06 16:33:26.407,0.82965,0.83035,6.00,6.00
2008.11.06 16:33:27.067,0.82955,0.8302,6.00,6.00
2008.11.06 16:33:27.517,0.82955,0.8302,6.10,6.00
2008.11.06 16:33:27.817,0.82955,0.8302,1.20,6.00
2008.11.06 16:33:28.107,0.8295,0.8302,6.10,6.00
2008.11.06 16:33:28.687,0.8295,0.8302,6.00,6.00
2008.11.06 16:33:29.097,0.82955,0.83025,6.00,6.00
2008.11.06 16:33:29.967,0.8295,0.8302,6.10,6.00
2008.11.06 16:33:30.246,0.82955,0.83025,6.00,6.00
2008.11.06 16:33:31.506,0.8295,0.8302,6.00,6.00
2008.11.06 16:33:31.746,0.8295,0.83015,1.00,6.60
2008.11.06 16:33:32.127,0.82955,0.83015,1.00,6.60
2008.11.06 16:33:32.526,0.8295,0.8301,1.00,6.00
2008.11.06 16:33:32.766,0.8295,0.8302,6.10,7.60
2008.11.06 16:33:33.636,0.8295,0.8302,6.10,6.00
2008.11.06 16:33:35.725,0.82945,0.83015,7.20,6.00
2008.11.06 16:33:36.115,0.82965,0.8302,1.20,6.00
2008.11.06 16:33:36.345,0.82965,0.8303,1.20,6.00
2008.11.06 16:33:36.785,0.82965,0.83035,7.20,6.00
2008.11.06 16:33:37.315,0.8297,0.8304,6.00,6.00
2008.11.06 16:33:37.435,0.8297,0.8304,7.20,6.00
2008.11.06 16:33:37.735,0.8297,0.8304,7.20,7.50
2008.11.06 16:33:38.015,0.8297,0.8304,6.00,7.50
2008.11.06 16:33:38.424,0.8297,0.8304,7.20,6.00
2008.11.06 16:33:39.474,0.82975,0.83045,6.00,7.50
2008.11.06 16:33:39.814,0.82975,0.8304,6.00,6.00
2008.11.06 16:33:40.055,0.8299,0.8304,6.60,6.00
2008.11.06 16:33:40.634,0.8297,0.83035,1.20,7.60
2008.11.06 16:33:40.994,0.82965,0.8302,1.00,6.00
2008.11.06 16:33:41.564,0.82955,0.83015,1.00,6.00
2008.11.06 16:33:42.004,0.82955,0.8302,1.00,6.00
2008.11.06 16:33:42.583,0.8295,0.83015,1.00,6.00
2008.11.06 16:33:42.933,0.8295,0.83015,1.00,6.00
2008.11.06 16:33:43.343,0.8295,0.83015,1.00,6.00
2008.11.06 16:33:44.913,0.8295,0.8301,1.00,6.00
2008.11.06 16:33:45.423,0.8295,0.8301,1.00,6.00
2008.11.06 16:33:45.723,0.8295,0.83005,1.00,6.00
2008.11.06 16:33:46.133,0.8295,0.82995,1.00,6.00
2008.11.06 16:33:47.532,0.8295,0.83,1.00,6.00
2008.11.06 16:33:48.282,0.8295,0.83005,1.00,7.60
2008.11.06 16:33:48.642,0.8295,0.83,1.00,6.00
2008.11.06 16:33:48.992,0.8295,0.83,1.00,6.60
2008.11.06 16:33:49.512,0.8295,0.82995,1.00,6.00
2008.11.06 16:33:51.991,0.8295,0.8299,1.00,6.00
2008.11.06 16:33:52.391,0.8291,0.8299,7.20,6.00
2008.11.06 16:33:54.241,0.8292,0.8299,6.00,6.00
2008.11.06 16:33:54.531,0.8292,0.8299,7.20,6.00
2008.11.06 16:33:55.311,0.8292,0.8299,7.30,6.00
2008.11.06 16:33:55.770,0.82935,0.83005,6.10,6.00
2008.11.06 16:33:56.210,0.8295,0.83015,6.00,7.60
2008.11.06 16:33:56.550,0.8295,0.83015,6.00,6.00
2008.11.06 16:33:57.960,0.8295,0.83015,6.00,7.50
2008.11.06 16:33:58.570,0.8294,0.8301,6.00,7.50
2008.11.06 16:33:58.980,0.8294,0.8301,6.10,6.00
2008.11.06 16:33:59.330,0.82945,0.83015,7.20,12.40
2008.11.06 16:33:59.919,0.8295,0.83015,6.00,6.00
2008.11.06 16:34:00.559,0.8295,0.8302,6.00,7.50
2008.11.06 16:34:00.959,0.8295,0.83015,6.00,1.50
2008.11.06 16:34:01.709,0.82945,0.8301,7.20,1.50
2008.11.06 16:34:01.989,0.82945,0.8301,6.00,1.50
2008.11.06 16:34:02.439,0.82945,0.83015,6.00,7.60
2008.11.06 16:34:02.729,0.8295,0.8302,6.00,7.60
2008.11.06 16:34:03.069,0.8295,0.8302,7.20,6.00
2008.11.06 16:34:04.178,0.82945,0.83015,7.80,6.00
2008.11.06 16:34:04.468,0.8294,0.8301,6.60,6.00
2008.11.06 16:34:04.818,0.82935,0.83005,7.80,6.60
2008.11.06 16:34:05.168,0.82935,0.83005,7.80,6.00
2008.11.06 16:34:05.508,0.82945,0.83015,6.00,7.60
2008.11.06 16:34:06.028,0.82945,0.83015,6.00,6.00
2008.11.06 16:34:09.757,0.8295,0.83015,6.00,6.00
2008.11.06 16:34:10.217,0.8294,0.83005,7.80,6.00
2008.11.06 16:34:10.557,0.82945,0.8301,6.00,1.00
2008.11.06 16:34:10.847,0.8295,0.83015,6.00,6.00
2008.11.06 16:34:11.187,0.82955,0.83025,6.00,9.10
2008.11.06 16:34:11.487,0.82945,0.83005,6.00,1.00
2008.11.06 16:34:11.937,0.82945,0.83015,6.00,6.00
2008.11.06 16:34:12.286,0.82945,0.8301,7.20,2.10
2008.11.06 16:34:12.576,0.82945,0.8301,6.00,1.50
2008.11.06 16:34:12.966,0.82945,0.83015,7.20,6.00
2008.11.06 16:34:13.317,0.82955,0.8302,6.00,1.00
2008.11.06 16:34:16.185,0.82955,0.83025,6.00,8.10
2008.11.06 16:34:17.506,0.82955,0.8302,6.00,1.00
2008.11.06 16:34:18.295,0.8295,0.8301,6.00,1.50
2008.11.06 16:34:18.595,0.82945,0.82995,6.00,1.00
2008.11.06 16:34:19.055,0.82945,0.83015,6.00,6.00
2008.11.06 16:34:20.084,0.82945,0.83015,7.20,6.00
2008.11.06 16:34:20.364,0.82945,0.83015,6.00,6.00
2008.11.06 16:34:21.004,0.8295,0.83015,6.00,1.00
2008.11.06 16:34:21.344,0.8295,0.8302,7.20,6.00
2008.11.06 16:34:21.984,0.82955,0.83025,6.00,7.50
2008.11.06 16:34:22.224,0.82955,0.83025,7.20,6.00
2008.11.06 16:34:23.373,0.82955,0.83025,6.00,6.00
2008.11.06 16:34:24.364,0.8296,0.8303,7.20,8.20
2008.11.06 16:34:24.893,0.8296,0.83025,6.00,2.10
2008.11.06 16:34:25.233,0.82955,0.83025,6.00,8.10
2008.11.06 16:34:26.024,0.8296,0.8303,6.00,6.00
2008.11.06 16:34:26.723,0.8296,0.8303,6.00,7.60
2008.11.06 16:34:27.073,0.82955,0.83025,6.00,6.00
2008.11.06 16:34:27.523,0.8295,0.8302,6.00,6.00
2008.11.06 16:34:27.873,0.8295,0.8302,6.00,7.50
2008.11.06 16:34:28.453,0.82945,0.83015,6.00,6.00
2008.11.06 16:34:28.852,0.8294,0.8301,6.00,6.00
2008.11.06 16:34:29.252,0.82945,0.83015,6.00,6.00
2008.11.06 16:34:29.652,0.82945,0.83015,6.90,6.00
2008.11.06 16:34:29.882,0.8295,0.8302,7.20,6.00
2008.11.06 16:34:30.162,0.82945,0.83015,7.20,6.00
2008.11.06 16:34:30.862,0.8295,0.8302,7.20,6.00
2008.11.06 16:34:31.132,0.8295,0.8302,6.00,6.00
2008.11.06 16:34:31.601,0.82955,0.83025,6.00,6.00
2008.11.06 16:34:32.012,0.82955,0.83025,7.20,6.00
2008.11.06 16:34:32.452,0.82955,0.83025,6.00,6.00
2008.11.06 16:34:33.311,0.8296,0.8303,6.00,6.00
2008.11.06 16:34:35.091,0.82965,0.83035,6.00,6.00
2008.11.06 16:34:35.551,0.82965,0.8303,6.00,1.50
2008.11.06 16:34:36.001,0.8296,0.8303,6.00,7.50
2008.11.06 16:34:36.530,0.8296,0.8302,6.00,1.00
2008.11.06 16:34:36.761,0.8296,0.8303,6.00,6.00
2008.11.06 16:34:37.150,0.8296,0.8303,6.00,8.10
2008.11.06 16:34:37.380,0.8297,0.8303,6.00,1.00
2008.11.06 16:34:37.850,0.8298,0.83045,6.00,6.00
2008.11.06 16:34:42.239,0.82975,0.83045,7.20,6.00
2008.11.06 16:34:42.869,0.82995,0.83055,6.00,1.50
2008.11.06 16:34:43.269,0.82995,0.8306,6.00,6.00
2008.11.06 16:34:43.509,0.82995,0.83065,6.00,6.00
2008.11.06 16:34:44.818,0.8299,0.8306,7.80,6.00
2008.11.06 16:34:45.038,0.8299,0.8306,6.00,6.60
2008.11.06 16:34:48.098,0.82985,0.83055,6.00,6.00
2008.11.06 16:34:49.118,0.82975,0.83045,7.20,6.00
2008.11.06 16:34:49.468,0.82975,0.83045,6.00,7.50
2008.11.06 16:34:49.857,0.8297,0.8304,6.00,6.60
2008.11.06 16:34:50.327,0.82955,0.83025,6.00,1.00
2008.11.06 16:34:51.017,0.8296,0.8304,6.00,6.00
2008.11.06 16:34:52.567,0.8296,0.8303,6.00,7.60
2008.11.06 16:34:53.147,0.82955,0.83025,6.00,6.00
2008.11.06 16:34:54.146,0.82955,0.83025,6.00,7.60
2008.11.06 16:34:54.417,0.8295,0.8302,6.00,6.00
2008.11.06 16:34:54.936,0.82945,0.83015,6.00,7.60
2008.11.06 16:34:55.226,0.8294,0.8301,6.00,6.00
2008.11.06 16:34:55.626,0.82935,0.83005,7.20,6.00
2008.11.06 16:34:56.686,0.82935,0.83,1.20,7.50
2008.11.06 16:34:57.265,0.8293,0.83,6.00,7.50
2008.11.06 16:34:57.606,0.82925,0.82995,6.00,6.00
2008.11.06 16:34:59.825,0.82925,0.82995,6.00,8.10
2008.11.06 16:35:00.105,0.82925,0.82995,6.00,7.50
2008.11.06 16:35:00.945,0.82925,0.8299,6.00,6.00
2008.11.06 16:35:01.285,0.82925,0.82995,6.00,6.00
2008.11.06 16:35:02.874,0.8293,0.83,6.00,7.50
2008.11.06 16:35:03.324,0.82935,0.83,6.00,6.00
2008.11.06 16:35:03.834,0.82935,0.83,6.00,1.00
2008.11.06 16:35:04.064,0.8293,0.83,6.00,8.10
2008.11.06 16:35:04.653,0.82925,0.8299,6.00,6.00
2008.11.06 16:35:06.233,0.8292,0.8299,6.00,6.00
2008.11.06 16:35:06.633,0.82915,0.82985,7.80,6.00
2008.11.06 16:35:07.034,0.82915,0.82985,7.20,6.60
2008.11.06 16:35:07.263,0.82915,0.82985,6.00,6.60
2008.11.06 16:35:11.792,0.8291,0.8298,6.00,6.00
2008.11.06 16:35:12.012,0.8291,0.8298,6.00,8.20
2008.11.06 16:35:12.362,0.82905,0.82975,6.00,6.60
2008.11.06 16:35:12.702,0.829,0.8297,7.20,6.00
2008.11.06 16:35:13.272,0.829,0.82965,6.00,6.00
2008.11.06 16:35:13.542,0.829,0.82965,6.00,6.60
2008.11.06 16:35:14.303,0.829,0.82965,6.00,6.00
2008.11.06 16:35:14.821,0.82895,0.82965,7.20,6.00
2008.11.06 16:35:15.111,0.8289,0.8295,1.20,7.50
2008.11.06 16:35:15.511,0.8288,0.8295,6.00,7.50
2008.11.06 16:35:16.011,0.8288,0.82945,6.00,6.00
2008.11.06 16:35:18.970,0.8287,0.82935,6.00,6.00
2008.11.06 16:35:20.060,0.82865,0.82935,6.00,6.00
2008.11.06 16:35:20.420,0.8286,0.82915,1.00,6.00
2008.11.06 16:35:20.930,0.8285,0.82915,1.00,6.00
2008.11.06 16:35:21.320,0.82845,0.82915,7.80,6.00
2008.11.06 16:35:21.729,0.82845,0.82915,6.00,6.00
2008.11.06 16:35:22.070,0.82845,0.82915,7.20,6.00
2008.11.06 16:35:22.419,0.82845,0.82915,6.00,6.00
2008.11.06 16:35:22.929,0.8284,0.8291,20.10,6.00
2008.11.06 16:35:23.399,0.8284,0.8291,18.90,6.00
2008.11.06 16:35:23.799,0.8284,0.829,12.90,6.00
2008.11.06 16:35:24.319,0.8284,0.82895,12.90,6.60
2008.11.06 16:35:25.139,0.8284,0.82895,12.30,6.60
2008.11.06 16:35:25.659,0.8284,0.82885,12.30,6.00
2008.11.06 16:35:26.179,0.8284,0.82875,12.30,6.00
2008.11.06 16:35:27.099,0.8284,0.8288,12.30,6.00
2008.11.06 16:35:27.568,0.8284,0.8289,12.30,1.60
2008.11.06 16:35:28.038,0.8284,0.82885,12.30,1.60
2008.11.06 16:35:28.738,0.8284,0.8289,12.30,7.60
2008.11.06 16:35:29.268,0.8284,0.8289,12.30,6.00
2008.11.06 16:35:30.707,0.8284,0.8288,12.30,6.00
2008.11.06 16:35:31.507,0.8284,0.82895,12.30,6.00
2008.11.06 16:35:31.788,0.8284,0.82895,12.30,2.20
2008.11.06 16:35:32.377,0.8284,0.8289,12.30,1.60
2008.11.06 16:35:33.017,0.8284,0.82895,12.30,8.20
2008.11.06 16:35:33.357,0.8284,0.8288,12.30,1.00
2008.11.06 16:35:33.767,0.8284,0.8288,12.30,6.00
2008.11.06 16:35:34.207,0.8284,0.82885,12.30,6.00
2008.11.06 16:35:34.506,0.8284,0.8288,12.30,6.00
2008.11.06 16:35:34.786,0.8284,0.82875,12.30,6.00
2008.11.06 16:35:35.257,0.8284,0.8287,12.30,6.00
2008.11.06 16:35:36.416,0.8282,0.82865,1.00,6.00
2008.11.06 16:35:36.936,0.82785,0.82865,6.60,6.00
2008.11.06 16:35:37.276,0.82785,0.8286,1.00,6.00
2008.11.06 16:35:37.866,0.8278,0.8286,7.80,6.00
2008.11.06 16:35:38.326,0.828,0.8287,6.00,7.60
2008.11.06 16:35:38.616,0.82795,0.82865,6.00,6.00
2008.11.06 16:35:39.026,0.82795,0.82865,6.60,6.60
2008.11.06 16:35:39.356,0.82795,0.82865,6.00,6.60
2008.11.06 16:35:39.645,0.82805,0.8287,6.00,1.60
2008.11.06 16:35:39.945,0.82795,0.82865,7.20,6.00
2008.11.06 16:35:40.465,0.828,0.8287,6.00,7.60
2008.11.06 16:35:40.855,0.828,0.8287,6.00,6.00
2008.11.06 16:35:41.255,0.828,0.8287,7.20,6.00
2008.11.06 16:35:41.485,0.82805,0.82875,6.00,6.60
2008.11.06 16:35:42.705,0.8281,0.8288,7.20,6.60
2008.11.06 16:35:43.864,0.8281,0.82875,7.20,6.00
2008.11.06 16:35:44.434,0.8281,0.82875,6.00,6.00
2008.11.06 16:35:45.584,0.82815,0.82875,1.00,6.00
2008.11.06 16:35:45.924,0.8282,0.82885,6.00,6.00
2008.11.06 16:35:46.334,0.82825,0.82885,1.20,6.00
2008.11.06 16:35:46.803,0.82835,0.82905,6.00,6.00
2008.11.06 16:35:47.303,0.82845,0.8291,6.00,1.50
2008.11.06 16:35:47.653,0.8284,0.8291,7.20,7.50
2008.11.06 16:35:48.773,0.8284,0.82905,1.20,6.00
2008.11.06 16:35:49.303,0.8284,0.8291,7.20,7.50
2008.11.06 16:35:49.693,0.8284,0.8291,7.20,6.00
2008.11.06 16:35:49.983,0.8284,0.8291,7.20,7.50
2008.11.06 16:35:50.573,0.8284,0.82905,1.00,6.00
2008.11.06 16:35:51.092,0.82845,0.8291,1.20,6.00
2008.11.06 16:35:51.772,0.82845,0.82915,7.20,9.10
2008.11.06 16:35:52.062,0.82845,0.82915,6.00,7.50
2008.11.06 16:35:52.532,0.82845,0.82915,6.00,6.00
2008.11.06 16:35:53.162,0.82855,0.8292,1.20,6.00
2008.11.06 16:35:53.283,0.8285,0.8292,7.20,6.00
2008.11.06 16:35:53.632,0.82855,0.82925,6.00,6.00
2008.11.06 16:35:53.962,0.82865,0.8293,6.00,7.80
2008.11.06 16:35:54.302,0.82865,0.8293,6.00,6.30
2008.11.06 16:35:54.582,0.82865,0.8293,7.20,6.30
2008.11.06 16:35:55.042,0.8287,0.8293,6.00,1.00
2008.11.06 16:35:55.451,0.8287,0.8293,6.00,1.80
2008.11.06 16:35:55.861,0.82865,0.8293,1.20,7.80
2008.11.06 16:35:56.151,0.8286,0.8293,7.20,6.30
2008.11.06 16:35:56.791,0.82865,0.8293,6.00,1.00
2008.11.06 16:35:57.141,0.82865,0.8293,7.20,1.00
2008.11.06 16:35:57.441,0.82865,0.8293,1.20,6.30
2008.11.06 16:35:57.711,0.82865,0.8293,1.20,7.80
2008.11.06 16:35:58.111,0.8286,0.82925,1.20,6.00
2008.11.06 16:35:58.561,0.8285,0.82915,7.20,7.50
2008.11.06 16:35:58.901,0.8285,0.82915,6.00,7.50
2008.11.06 16:35:59.360,0.8285,0.82915,7.20,1.50
2008.11.06 16:35:59.610,0.82855,0.82925,6.00,7.50
2008.11.06 16:35:59.890,0.82855,0.82925,7.20,7.50
2008.11.06 16:36:00.300,0.8286,0.8293,6.00,6.30
2008.11.06 16:36:00.760,0.82865,0.8293,1.20,7.80
2008.11.06 16:36:01.060,0.82855,0.82925,6.60,7.50
2008.11.06 16:36:01.520,0.8286,0.82925,1.20,6.00
2008.11.06 16:36:01.860,0.8286,0.8293,7.20,9.60
2008.11.06 16:36:02.390,0.8286,0.8293,7.20,6.30
2008.11.06 16:36:02.740,0.8287,0.8293,1.20,6.30
2008.11.06 16:36:03.040,0.8287,0.8293,1.20,1.00
2008.11.06 16:36:03.450,0.82875,0.8293,6.00,1.00
2008.11.06 16:36:03.689,0.82885,0.8293,7.20,1.00
2008.11.06 16:36:04.309,0.82885,0.8293,1.20,1.00
2008.11.06 16:36:05.349,0.82895,0.8293,6.00,1.00
2008.11.06 16:36:05.869,0.82905,0.82985,6.00,3.10
2008.11.06 16:36:06.229,0.8291,0.8299,6.00,1.50
2008.11.06 16:36:06.719,0.8291,0.82995,6.00,6.00
2008.11.06 16:36:07.049,0.8292,0.8299,6.00,7.60
2008.11.06 16:36:07.558,0.8292,0.8299,7.20,7.60
2008.11.06 16:36:07.619,0.8294,0.8299,1.00,1.60
2008.11.06 16:36:08.198,0.8295,0.8299,6.00,1.60
2008.11.06 16:36:08.898,0.8297,0.83,6.00,1.60
2008.11.06 16:36:09.338,0.82985,0.83035,6.00,1.60
2008.11.06 16:36:09.678,0.8298,0.8306,7.30,7.60
2008.11.06 16:36:10.028,0.8298,0.8306,7.20,7.60
2008.11.06 16:36:10.368,0.8298,0.8306,6.00,6.00
2008.11.06 16:36:10.958,0.8298,0.83045,6.00,3.10
2008.11.06 16:36:11.317,0.8298,0.8305,6.00,7.50
2008.11.06 16:36:12.177,0.8298,0.83045,6.00,1.50
2008.11.06 16:36:12.417,0.82975,0.8304,1.00,6.00
2008.11.06 16:36:13.047,0.8297,0.8304,6.60,6.00
2008.11.06 16:36:14.277,0.8297,0.83035,1.00,6.00
2008.11.06 16:36:14.577,0.82965,0.83035,6.60,6.00
2008.11.06 16:36:15.267,0.82965,0.8303,1.00,6.00
2008.11.06 16:36:15.447,0.8296,0.8303,6.00,6.00
2008.11.06 16:36:15.986,0.82965,0.83035,6.00,6.00
2008.11.06 16:36:16.347,0.8297,0.83035,6.00,1.60
2008.11.06 16:36:16.747,0.8297,0.8304,6.00,8.10
2008.11.06 16:36:17.326,0.8297,0.83035,6.00,1.50
2008.11.06 16:36:17.916,0.82965,0.83035,7.20,7.50
2008.11.06 16:36:18.206,0.82965,0.83035,6.00,7.50
2008.11.06 16:36:18.446,0.82965,0.83035,7.20,7.50
2008.11.06 16:36:20.806,0.82965,0.8303,1.20,6.00
2008.11.06 16:36:21.195,0.8296,0.8303,6.00,6.00
2008.11.06 16:36:21.485,0.8296,0.83025,6.00,6.00
2008.11.06 16:36:23.515,0.82965,0.8303,6.00,6.00
2008.11.06 16:36:24.205,0.82965,0.83035,6.00,6.00
2008.11.06 16:36:24.734,0.8296,0.8303,7.20,6.00
2008.11.06 16:36:25.484,0.8296,0.8303,6.00,6.00
2008.11.06 16:36:27.614,0.82975,0.83045,6.00,6.00
2008.11.06 16:36:27.894,0.82965,0.83035,6.60,6.00
2008.11.06 16:36:28.233,0.82985,0.83035,1.20,6.00
2008.11.06 16:36:28.533,0.82985,0.8303,1.20,6.00
2008.11.06 16:36:28.763,0.8295,0.8303,7.20,6.00
2008.11.06 16:36:29.643,0.8295,0.83025,1.20,6.00
2008.11.06 16:36:30.093,0.82955,0.83025,7.20,7.50
2008.11.06 16:36:30.483,0.8295,0.8302,7.20,6.00
2008.11.06 16:36:30.603,0.8295,0.8301,1.20,6.00
2008.11.06 16:36:31.073,0.8294,0.8301,6.00,6.00
2008.11.06 16:36:32.283,0.82935,0.83005,7.20,6.00
2008.11.06 16:36:32.632,0.82935,0.83005,6.00,6.00
2008.11.06 16:36:33.143,0.82935,0.83005,6.00,7.60
2008.11.06 16:36:33.263,0.8293,0.83,6.30,6.00
2008.11.06 16:36:33.502,0.8293,0.83,7.50,6.00
2008.11.06 16:36:34.202,0.8293,0.83,6.60,6.00
2008.11.06 16:36:34.613,0.82935,0.83005,6.00,6.00
2008.11.06 16:36:36.201,0.82935,0.83,6.00,6.00
2008.11.06 16:36:36.951,0.82935,0.83005,6.00,6.00
2008.11.06 16:36:37.411,0.8294,0.8301,7.20,6.00
2008.11.06 16:36:37.752,0.82955,0.8303,6.00,1.50
2008.11.06 16:36:37.971,0.8296,0.83035,6.00,1.50
2008.11.06 16:36:38.321,0.8297,0.83035,6.00,1.50
2008.11.06 16:36:38.681,0.8297,0.83045,6.00,3.10
2008.11.06 16:36:39.021,0.82985,0.83045,6.00,1.50
2008.11.06 16:36:39.721,0.8298,0.83045,7.20,1.50
2008.11.06 16:36:40.001,0.8299,0.8305,6.00,1.50
2008.11.06 16:36:40.340,0.82995,0.83045,6.00,1.50
2008.11.06 16:36:40.740,0.82995,0.8305,6.00,1.50
2008.11.06 16:36:41.430,0.83,0.8306,1.00,1.00
2008.11.06 16:36:41.660,0.8302,0.83075,6.00,1.50
2008.11.06 16:36:41.950,0.8301,0.83075,6.00,2.10
2008.11.06 16:36:42.290,0.8301,0.8308,6.00,8.10
2008.11.06 16:36:43.060,0.83005,0.83075,6.00,8.10
2008.11.06 16:36:43.170,0.83005,0.8307,6.00,1.50
2008.11.06 16:36:43.450,0.83005,0.8307,6.00,2.10
2008.11.06 16:36:43.560,0.83,0.8307,6.60,6.60
2008.11.06 16:36:44.230,0.83,0.8306,6.60,1.50
2008.11.06 16:36:44.530,0.8299,0.83055,6.60,1.50
2008.11.06 16:36:44.930,0.8299,0.83055,6.00,1.50
2008.11.06 16:36:45.529,0.8299,0.83045,6.00,1.50
2008.11.06 16:36:45.889,0.82985,0.83045,6.00,1.50
2008.11.06 16:36:46.459,0.8298,0.83045,6.00,1.50
2008.11.06 16:36:48.010,0.8298,0.83045,7.20,1.50
2008.11.06 16:36:48.529,0.8298,0.83045,6.00,1.50
2008.11.06 16:36:49.849,0.8298,0.8304,6.00,1.50
2008.11.06 16:36:50.998,0.8297,0.8304,7.20,7.50
2008.11.06 16:36:51.398,0.8297,0.8304,6.00,7.50
2008.11.06 16:36:52.787,0.8297,0.83035,6.00,7.50
2008.11.06 16:36:53.127,0.8297,0.8303,6.00,1.50
2008.11.06 16:36:54.747,0.8297,0.8304,6.00,6.00
2008.11.06 16:36:54.977,0.8297,0.8304,6.60,6.00
2008.11.06 16:36:55.577,0.8298,0.83045,1.20,6.00
2008.11.06 16:36:56.047,0.8298,0.8305,7.20,7.50
2008.11.06 16:36:56.397,0.8298,0.83045,6.00,1.50
2008.11.06 16:36:56.747,0.82975,0.83045,7.20,8.10
2008.11.06 16:36:56.927,0.82975,0.83045,7.20,6.00
2008.11.06 16:36:57.157,0.82975,0.83045,6.00,6.00
2008.11.06 16:36:57.336,0.8298,0.83045,6.00,6.00
2008.11.06 16:36:59.956,0.8298,0.83045,6.00,7.50
2008.11.06 16:37:00.196,0.8298,0.83045,6.00,2.10
2008.11.06 16:37:00.556,0.8298,0.83045,6.00,1.00
2008.11.06 16:37:02.075,0.8298,0.83045,6.00,2.10
2008.11.06 16:37:02.485,0.8298,0.83045,6.00,8.10
2008.11.06 16:37:03.085,0.82975,0.83045,6.00,8.10
2008.11.06 16:37:03.855,0.82975,0.83045,6.00,7.50
2008.11.06 16:37:04.085,0.8297,0.8304,6.00,6.00
2008.11.06 16:37:04.855,0.82975,0.83045,6.00,9.10
2008.11.06 16:37:05.025,0.82975,0.83045,6.00,7.50
2008.11.06 16:37:06.954,0.82975,0.8304,6.00,1.50
2008.11.06 16:37:07.224,0.8297,0.83035,1.20,6.00
2008.11.06 16:37:07.564,0.82965,0.83035,6.00,6.60
2008.11.06 16:37:08.004,0.8296,0.83025,6.00,6.00
2008.11.06 16:37:08.244,0.82955,0.83015,6.00,2.20
2008.11.06 16:37:08.594,0.8295,0.83005,1.00,7.50
2008.11.06 16:37:08.884,0.8295,0.83005,1.00,8.10
2008.11.06 16:37:09.634,0.8295,0.83,1.00,6.60
2008.11.06 16:37:10.164,0.8295,0.83,1.00,6.00
2008.11.06 16:37:10.463,0.8295,0.8299,1.00,2.10
2008.11.06 16:37:10.813,0.8295,0.8299,1.00,1.00
2008.11.06 16:37:11.153,0.8295,0.8299,1.00,6.60
2008.11.06 16:37:11.583,0.8295,0.8299,1.00,6.00
2008.11.06 16:37:12.053,0.8295,0.82995,1.00,6.00
2008.11.06 16:37:13.523,0.8295,0.83,1.00,6.60
2008.11.06 16:37:15.492,0.8295,0.83,1.00,8.20
2008.11.06 16:37:16.002,0.8295,0.8298,1.00,1.50
2008.11.06 16:37:16.362,0.82895,0.82975,6.00,8.10
2008.11.06 16:37:16.762,0.82895,0.82975,6.00,7.50
2008.11.06 16:37:16.982,0.82895,0.82975,6.00,6.00
2008.11.06 16:37:17.342,0.82895,0.8297,6.00,1.50
2008.11.06 16:37:17.702,0.82905,0.8297,6.00,1.50
2008.11.06 16:37:18.122,0.829,0.8296,6.00,1.50
2008.11.06 16:37:18.422,0.8286,0.82945,6.60,1.50
2008.11.06 16:37:18.901,0.8286,0.82945,6.00,1.50
2008.11.06 16:37:19.201,0.8285,0.82935,6.60,1.50
2008.11.06 16:37:20.171,0.82865,0.82935,6.00,9.10
2008.11.06 16:37:20.511,0.82855,0.82925,6.60,7.50
2008.11.06 16:37:20.971,0.82855,0.82925,6.60,6.00
2008.11.06 16:37:21.421,0.82855,0.82925,7.20,6.00
2008.11.06 16:37:22.290,0.82855,0.82925,6.00,6.00
2008.11.06 16:37:22.860,0.82855,0.82925,6.00,7.50
2008.11.06 16:37:24.170,0.8285,0.8292,6.60,6.00
2008.11.06 16:37:24.870,0.8285,0.8292,6.60,7.50
2008.11.06 16:37:25.260,0.8285,0.82915,1.00,6.00
2008.11.06 16:37:25.670,0.8286,0.8292,7.20,1.50
2008.11.06 16:37:26.090,0.82865,0.8292,7.20,1.50
2008.11.06 16:37:26.819,0.8287,0.8292,1.20,1.60
2008.11.06 16:37:27.109,0.8286,0.82925,6.00,1.50
2008.11.06 16:37:27.399,0.82855,0.82925,6.00,7.50
2008.11.06 16:37:27.629,0.8286,0.82925,1.00,7.50
2008.11.06 16:37:27.899,0.82855,0.82925,6.00,7.50
2008.11.06 16:37:30.638,0.82855,0.82925,6.00,6.00
2008.11.06 16:37:31.218,0.82855,0.82925,7.20,6.00
2008.11.06 16:37:31.378,0.82855,0.82925,6.00,6.00
2008.11.06 16:37:33.678,0.82855,0.82925,6.00,7.50
2008.11.06 16:37:35.898,0.8285,0.8292,7.20,6.00
2008.11.06 16:37:36.177,0.82845,0.82915,6.00,6.00
2008.11.06 16:37:36.397,0.82845,0.82905,6.00,1.50
2008.11.06 16:37:36.847,0.8284,0.82905,7.20,7.50
2008.11.06 16:37:37.027,0.8284,0.82905,6.00,7.50
2008.11.06 16:37:39.146,0.82835,0.82905,6.00,7.50
2008.11.06 16:37:39.476,0.8283,0.829,6.00,7.50
2008.11.06 16:37:41.046,0.8283,0.82895,6.00,1.50
2008.11.06 16:37:41.336,0.82835,0.82895,6.00,1.50
2008.11.06 16:37:41.676,0.82835,0.8289,6.00,1.50
2008.11.06 16:37:42.326,0.8282,0.82875,8.80,1.00
2008.11.06 16:37:42.656,0.8282,0.8288,2.10,6.60
2008.11.06 16:37:43.006,0.8282,0.82875,2.10,1.00
2008.11.06 16:37:43.166,0.8282,0.8287,2.10,8.10
2008.11.06 16:37:43.526,0.8282,0.82855,2.10,6.00
2008.11.06 16:37:43.765,0.8282,0.8285,2.10,6.00
2008.11.06 16:37:44.175,0.8282,0.8285,2.10,7.50
2008.11.06 16:37:44.566,0.8275,0.82835,7.80,8.10
2008.11.06 16:37:44.915,0.82745,0.8283,6.60,6.00
2008.11.06 16:37:45.275,0.82745,0.82825,1.00,6.00
2008.11.06 16:37:45.595,0.82755,0.82825,6.60,6.00
2008.11.06 16:37:46.105,0.8275,0.82815,6.60,1.50
2008.11.06 16:37:46.565,0.82745,0.8281,7.20,6.00
2008.11.06 16:37:46.914,0.8274,0.8281,7.80,6.00
2008.11.06 16:37:47.205,0.8275,0.82815,6.00,6.00
2008.11.06 16:37:47.554,0.8274,0.8281,7.20,6.00
2008.11.06 16:37:48.294,0.82745,0.8281,6.00,6.00
2008.11.06 16:37:48.684,0.8275,0.8282,6.00,6.60
2008.11.06 16:37:49.154,0.8275,0.8282,6.00,6.00
2008.11.06 16:37:49.654,0.82755,0.82825,6.00,6.60
2008.11.06 16:37:50.064,0.8276,0.8283,7.20,6.00
2008.11.06 16:37:50.414,0.82765,0.82835,6.00,6.00
2008.11.06 16:37:50.924,0.8277,0.8284,6.00,7.50
2008.11.06 16:37:51.274,0.8277,0.8284,6.00,6.00
2008.11.06 16:37:51.793,0.8278,0.8285,6.00,7.60
2008.11.06 16:37:52.093,0.8278,0.8285,7.20,6.00
2008.11.06 16:37:54.243,0.82785,0.8285,1.20,6.00
2008.11.06 16:37:54.473,0.82785,0.82855,7.20,6.00
2008.11.06 16:37:55.062,0.8279,0.8286,7.20,9.10
2008.11.06 16:37:55.342,0.828,0.82865,6.00,1.00
2008.11.06 16:37:55.663,0.82805,0.82875,6.00,9.10
2008.11.06 16:37:56.132,0.82805,0.82875,7.20,6.00
2008.11.06 16:37:56.562,0.8281,0.8288,7.20,7.60
2008.11.06 16:37:57.002,0.82815,0.82885,6.00,9.10
2008.11.06 16:37:57.462,0.8282,0.82885,6.00,6.00
2008.11.06 16:37:58.102,0.8282,0.8289,6.00,6.60
2008.11.06 16:37:58.382,0.8282,0.8289,6.00,6.00
2008.11.06 16:37:58.731,0.82835,0.82895,6.00,1.60
2008.11.06 16:37:59.122,0.82845,0.82895,7.20,1.60
2008.11.06 16:37:59.462,0.82845,0.829,6.00,1.60
2008.11.06 16:37:59.811,0.82845,0.8291,6.00,6.00
2008.11.06 16:38:00.781,0.8284,0.8291,7.80,6.00
2008.11.06 16:38:01.271,0.8284,0.829,1.20,6.00
2008.11.06 16:38:01.651,0.8284,0.82895,1.20,6.00
2008.11.06 16:38:02.101,0.82835,0.82895,1.00,6.00
2008.11.06 16:38:02.681,0.8283,0.82895,6.00,6.00
2008.11.06 16:38:03.271,0.8282,0.8289,7.80,6.00
2008.11.06 16:38:03.611,0.8282,0.8289,6.60,7.50
2008.11.06 16:38:03.840,0.8282,0.8289,6.60,6.00
2008.11.06 16:38:04.081,0.8282,0.82885,6.00,6.00
2008.11.06 16:38:04.670,0.82815,0.82875,1.00,1.00
2008.11.06 16:38:05.030,0.82815,0.82875,1.00,8.10
2008.11.06 16:38:05.370,0.8281,0.82875,1.00,8.10
2008.11.06 16:38:05.770,0.82805,0.8287,1.00,8.10
2008.11.06 16:38:06.120,0.828,0.8287,6.60,6.00
2008.11.06 16:38:06.750,0.828,0.8287,7.80,6.00
2008.11.06 16:38:07.260,0.828,0.8287,6.00,6.00
2008.11.06 16:38:07.829,0.828,0.8287,7.20,6.00
2008.11.06 16:38:08.119,0.8281,0.82875,6.00,6.00
2008.11.06 16:38:08.179,0.8281,0.8288,6.00,7.60
2008.11.06 16:38:09.869,0.8281,0.8288,6.00,6.00
2008.11.06 16:38:10.619,0.82815,0.82885,6.00,6.00
2008.11.06 16:38:10.899,0.82815,0.82885,7.20,6.00
2008.11.06 16:38:11.358,0.82815,0.82885,6.00,6.00
2008.11.06 16:38:12.438,0.82805,0.8287,1.80,6.00
2008.11.06 16:38:12.788,0.82805,0.8287,1.00,6.00
2008.11.06 16:38:12.958,0.82805,0.82865,1.00,6.00
2008.11.06 16:38:13.188,0.82795,0.82865,7.80,6.00
2008.11.06 16:38:13.578,0.82795,0.82865,6.00,7.50
2008.11.06 16:38:13.868,0.8281,0.82865,1.20,1.50
2008.11.06 16:38:14.268,0.82795,0.82865,12.60,7.60
2008.11.06 16:38:14.558,0.82795,0.82865,7.20,6.00
2008.11.06 16:38:15.038,0.82795,0.82865,6.00,6.00
2008.11.06 16:38:15.268,0.82795,0.8286,1.20,6.00
2008.11.06 16:38:15.768,0.8279,0.8286,6.00,7.60
2008.11.06 16:38:16.168,0.8278,0.8285,7.20,6.00
2008.11.06 16:38:16.987,0.82785,0.82855,6.00,6.00
2008.11.06 16:38:17.338,0.8279,0.8286,7.20,6.00
2008.11.06 16:38:18.317,0.82795,0.8286,1.20,6.00
2008.11.06 16:38:18.607,0.828,0.82865,6.00,1.60
2008.11.06 16:38:19.027,0.828,0.8287,7.20,6.00
2008.11.06 16:38:19.467,0.828,0.8287,6.00,6.00
2008.11.06 16:38:19.987,0.828,0.82865,1.20,6.00
2008.11.06 16:38:20.487,0.828,0.8286,1.20,6.00
2008.11.06 16:38:20.946,0.8279,0.82855,1.20,6.00
2008.11.06 16:38:21.356,0.82785,0.82855,7.20,6.00
2008.11.06 16:38:21.696,0.8279,0.82855,1.20,6.00
2008.11.06 16:38:22.156,0.82785,0.82855,7.20,6.00
2008.11.06 16:38:22.446,0.8279,0.82855,1.20,6.00
2008.11.06 16:38:23.256,0.828,0.82855,1.20,6.00
2008.11.06 16:38:23.486,0.8279,0.82855,1.20,6.00
2008.11.06 16:38:24.536,0.82785,0.8285,7.20,6.00
2008.11.06 16:38:24.885,0.82785,0.8285,6.00,6.00
2008.11.06 16:38:26.595,0.8278,0.82845,1.30,6.00
2008.11.06 16:38:26.825,0.8278,0.82845,1.20,6.00
2008.11.06 16:38:27.155,0.82785,0.8285,6.00,6.00
2008.11.06 16:38:28.175,0.8279,0.8286,6.00,7.60
2008.11.06 16:38:28.404,0.8279,0.8286,6.00,6.00
2008.11.06 16:38:29.364,0.82795,0.82865,6.00,7.60
2008.11.06 16:38:29.714,0.82795,0.82865,6.00,6.00
2008.11.06 16:38:31.434,0.828,0.8287,6.00,6.00
2008.11.06 16:38:31.714,0.8281,0.8288,6.00,6.00
2008.11.06 16:38:32.514,0.8281,0.8288,7.20,6.00
2008.11.06 16:38:32.933,0.8281,0.82875,7.20,1.50
2008.11.06 16:38:33.113,0.8281,0.82875,1.20,7.50
2008.11.06 16:38:33.393,0.82805,0.82875,6.00,7.50
2008.11.06 16:38:33.673,0.828,0.82865,6.00,6.00
2008.11.06 16:38:34.183,0.82795,0.82865,6.00,6.00
2008.11.06 16:38:34.713,0.82805,0.82875,6.10,6.00
2008.11.06 16:38:35.003,0.828,0.82865,6.10,6.00
2008.11.06 16:38:35.373,0.828,0.8287,6.10,6.00
2008.11.06 16:38:35.723,0.828,0.82865,6.00,6.00
2008.11.06 16:38:36.453,0.8279,0.82855,1.00,6.00
2008.11.06 16:38:36.793,0.82785,0.82855,6.10,6.00
2008.11.06 16:38:37.372,0.82785,0.82845,1.00,6.00
2008.11.06 16:38:38.402,0.82785,0.8284,1.00,6.00
2008.11.06 16:38:38.902,0.82785,0.82845,1.00,6.00
2008.11.06 16:38:40.022,0.82795,0.8285,1.00,6.00
2008.11.06 16:38:40.542,0.82795,0.82855,1.00,6.60
2008.11.06 16:38:40.792,0.82795,0.82855,1.00,6.00
2008.11.06 16:38:41.542,0.8279,0.8285,1.00,6.00
2008.11.06 16:38:41.891,0.82795,0.8285,1.00,6.00
2008.11.06 16:38:43.381,0.8279,0.8285,1.00,6.00
2008.11.06 16:38:44.271,0.82795,0.8285,1.00,6.00
2008.11.06 16:38:44.680,0.82795,0.82855,1.00,6.00
2008.11.06 16:38:46.380,0.828,0.82855,1.00,6.00
2008.11.06 16:38:46.980,0.82805,0.8286,1.00,7.60
2008.11.06 16:38:47.370,0.828,0.8286,1.00,7.60
2008.11.06 16:38:47.660,0.82785,0.82855,6.00,6.00
2008.11.06 16:38:48.460,0.82785,0.82855,6.60,6.00
2008.11.06 16:38:49.150,0.82795,0.82855,1.20,6.00
2008.11.06 16:38:49.490,0.82795,0.8286,7.20,6.00
2008.11.06 16:38:49.769,0.82795,0.8286,6.00,6.00
2008.11.06 16:38:50.679,0.82795,0.8286,6.00,7.60
2008.11.06 16:38:51.039,0.8279,0.82855,7.20,6.00
2008.11.06 16:38:51.269,0.8279,0.82855,6.00,6.00
2008.11.06 16:38:54.638,0.82785,0.8285,6.00,6.00
2008.11.06 16:38:56.278,0.82785,0.82855,6.00,6.00
2008.11.06 16:38:57.498,0.8278,0.8285,6.00,6.00
2008.11.06 16:38:58.147,0.82785,0.82855,6.00,6.00
2008.11.06 16:38:58.537,0.8278,0.82845,7.80,6.00
2008.11.06 16:38:59.117,0.8278,0.82845,7.20,6.00
2008.11.06 16:38:59.437,0.82775,0.8284,1.00,6.60
2008.11.06 16:38:59.797,0.8277,0.8284,6.90,6.00
2008.11.06 16:39:00.187,0.8277,0.8284,6.30,6.00
2008.11.06 16:39:00.427,0.8277,0.82835,1.00,6.60
2008.11.06 16:39:01.466,0.8277,0.82835,1.00,7.50
2008.11.06 16:39:01.916,0.8277,0.82835,1.00,6.00
2008.11.06 16:39:03.096,0.8277,0.8284,6.30,7.60
2008.11.06 16:39:03.656,0.8277,0.8284,6.30,6.00
2008.11.06 16:39:04.916,0.82775,0.8284,6.00,6.00
2008.11.06 16:39:05.376,0.8278,0.8285,6.00,6.00
2008.11.06 16:39:05.666,0.82785,0.82855,6.00,7.60
2008.11.06 16:39:06.065,0.8279,0.8286,6.00,6.00
2008.11.06 16:39:06.355,0.82795,0.82865,6.00,7.60
2008.11.06 16:39:06.705,0.82795,0.82865,6.00,6.00
2008.11.06 16:39:07.066,0.828,0.8287,6.00,6.00
2008.11.06 16:39:08.875,0.8281,0.82875,6.00,2.20
2008.11.06 16:39:09.345,0.8281,0.8288,7.20,6.00
2008.11.06 16:39:09.924,0.8281,0.8288,6.00,6.00
2008.11.06 16:39:10.734,0.82805,0.82875,6.00,6.00
2008.11.06 16:39:11.204,0.8281,0.8288,6.00,6.00
2008.11.06 16:39:12.084,0.82805,0.82875,6.00,6.00
2008.11.06 16:39:12.794,0.828,0.8287,6.00,6.00
2008.11.06 16:39:13.074,0.82805,0.8287,1.20,6.00
2008.11.06 16:39:13.474,0.82805,0.82875,7.20,6.00
2008.11.06 16:39:14.113,0.8281,0.8288,6.00,6.00
2008.11.06 16:39:16.003,0.8281,0.8288,7.20,6.00
2008.11.06 16:39:16.713,0.82815,0.8288,6.00,6.00
2008.11.06 16:39:17.123,0.8282,0.82885,6.00,6.00
2008.11.06 16:39:17.793,0.8282,0.82885,7.20,6.00
2008.11.06 16:39:18.442,0.8282,0.8289,7.20,6.00
2008.11.06 16:39:18.792,0.82825,0.8289,1.20,6.00
2008.11.06 16:39:19.842,0.8283,0.82895,6.00,6.00
2008.11.06 16:39:20.422,0.8283,0.829,6.00,6.00
2008.11.06 16:39:21.182,0.8283,0.829,6.60,6.00
2008.11.06 16:39:21.751,0.8285,0.8292,6.00,6.00
2008.11.06 16:39:22.042,0.82855,0.82925,7.30,6.00
2008.11.06 16:39:22.322,0.8286,0.82925,1.20,6.00
2008.11.06 16:39:22.672,0.8286,0.8293,7.20,7.60
2008.11.06 16:39:23.021,0.8287,0.8293,1.20,1.60
2008.11.06 16:39:23.431,0.8287,0.82935,7.20,1.60
2008.11.06 16:39:23.951,0.8288,0.82945,6.00,1.60
2008.11.06 16:39:24.281,0.8289,0.82945,6.00,1.60
2008.11.06 16:39:24.681,0.82895,0.82945,6.00,1.60
2008.11.06 16:39:24.971,0.829,0.82945,7.20,1.60
2008.11.06 16:39:25.301,0.829,0.82955,1.20,1.60
2008.11.06 16:39:25.641,0.829,0.8296,6.00,14.20
2008.11.06 16:39:26.060,0.829,0.8296,6.00,12.00
2008.11.06 16:39:27.880,0.82895,0.8296,6.00,12.00
2008.11.06 16:39:28.400,0.8289,0.82955,6.60,1.50
2008.11.06 16:39:28.750,0.8289,0.8296,6.90,18.00
2008.11.06 16:39:28.870,0.82895,0.8296,7.20,12.00
2008.11.06 16:39:29.220,0.82905,0.8296,6.00,12.00
2008.11.06 16:39:31.159,0.82905,0.8296,7.20,12.00
2008.11.06 16:39:31.919,0.82905,0.8296,6.00,12.00
2008.11.06 16:39:32.209,0.82905,0.8296,1.20,12.00
2008.11.06 16:39:32.479,0.829,0.8296,7.20,12.00
2008.11.06 16:39:33.049,0.829,0.8296,6.00,12.00
2008.11.06 16:39:33.339,0.82905,0.8296,6.00,12.00
2008.11.06 16:39:33.969,0.82905,0.8296,7.20,12.00
2008.11.06 16:39:34.649,0.82915,0.8296,7.20,12.00
2008.11.06 16:39:35.059,0.8292,0.8296,6.00,12.00
2008.11.06 16:39:35.479,0.82915,0.8296,6.00,12.00
2008.11.06 16:39:35.918,0.8292,0.8296,1.20,12.00
2008.11.06 16:39:36.439,0.8292,0.8296,7.20,12.00
2008.11.06 16:39:37.128,0.8292,0.8296,1.20,12.00
2008.11.06 16:39:37.868,0.829,0.8296,7.80,12.60
2008.11.06 16:39:38.158,0.8288,0.82945,8.50,6.00
2008.11.06 16:39:38.508,0.82875,0.82945,7.20,6.00
2008.11.06 16:39:38.898,0.82895,0.8296,6.00,18.00
2008.11.06 16:39:39.767,0.82895,0.8296,1.20,18.00
2008.11.06 16:39:40.057,0.8289,0.8296,7.20,18.00
2008.11.06 16:39:40.407,0.8291,0.8296,6.00,12.00
2008.11.06 16:39:41.037,0.8292,0.8296,6.00,12.00
2008.11.06 16:39:41.447,0.82925,0.8296,6.00,12.00
2008.11.06 16:39:42.057,0.82935,0.83,6.00,1.50
2008.11.06 16:39:42.387,0.8292,0.8297,6.00,12.00
2008.11.06 16:39:42.737,0.8292,0.82995,6.00,1.00
2008.11.06 16:39:43.077,0.8292,0.83,6.00,6.00
2008.11.06 16:39:43.306,0.82925,0.83,1.00,6.00
2008.11.06 16:39:43.817,0.8292,0.8299,6.00,6.00
2008.11.06 16:39:44.576,0.8292,0.8299,6.00,6.60
2008.11.06 16:39:45.336,0.82925,0.82995,6.00,8.20
2008.11.06 16:39:46.136,0.82925,0.82995,6.00,6.60
2008.11.06 16:39:46.966,0.82925,0.82995,6.00,8.10
2008.11.06 16:39:49.555,0.8292,0.82985,6.00,1.00
2008.11.06 16:39:49.965,0.8292,0.8299,6.00,6.00
2008.11.06 16:39:50.195,0.8292,0.8299,7.20,6.00
2008.11.06 16:39:50.435,0.8292,0.8299,6.00,6.00
2008.11.06 16:39:52.114,0.82925,0.82995,6.00,8.10
2008.11.06 16:39:52.634,0.8292,0.8299,6.60,6.00
2008.11.06 16:39:52.684,0.8292,0.8299,6.00,6.00
2008.11.06 16:39:54.174,0.82915,0.82985,7.80,6.00
2008.11.06 16:39:54.694,0.82915,0.82985,6.00,6.00
2008.11.06 16:39:54.974,0.8292,0.8299,6.00,6.00
2008.11.06 16:39:58.213,0.8292,0.8299,6.60,6.00
2008.11.06 16:39:58.573,0.82925,0.82995,6.00,6.00
2008.11.06 16:39:59.782,0.8293,0.83,6.00,6.60
2008.11.06 16:40:00.252,0.8293,0.83,6.00,6.00
2008.11.06 16:40:00.822,0.82935,0.83005,6.00,6.60
2008.11.06 16:40:03.551,0.8294,0.8301,6.00,7.50
2008.11.06 16:40:04.062,0.8295,0.83015,6.00,8.20
2008.11.06 16:40:04.462,0.8295,0.83015,6.00,7.60
2008.11.06 16:40:04.921,0.8295,0.83015,6.00,6.00
2008.11.06 16:40:05.212,0.82955,0.83025,6.00,7.60
2008.11.06 16:40:05.891,0.82955,0.83025,7.20,7.60
2008.11.06 16:40:06.181,0.8296,0.8303,6.10,7.60
2008.11.06 16:40:06.651,0.82965,0.8303,6.00,1.60
2008.11.06 16:40:07.411,0.82965,0.83035,6.00,7.60
2008.11.06 16:40:07.811,0.82965,0.83035,6.00,6.00
2008.11.06 16:40:08.601,0.82965,0.83035,7.20,6.00
2008.11.06 16:40:09.600,0.8297,0.83035,1.20,6.00
2008.11.06 16:40:09.960,0.8297,0.8304,7.20,7.60
2008.11.06 16:40:10.490,0.82965,0.83035,7.20,6.00
2008.11.06 16:40:11.979,0.82965,0.83035,7.80,6.00
2008.11.06 16:40:13.069,0.82965,0.83035,7.20,6.00
2008.11.06 16:40:13.639,0.82965,0.8303,7.20,6.00
2008.11.06 16:40:14.159,0.82965,0.8303,6.00,6.00
2008.11.06 16:40:16.938,0.82965,0.83035,6.00,8.10
2008.11.06 16:40:17.279,0.82965,0.83035,6.00,6.00
2008.11.06 16:40:17.668,0.82965,0.83035,6.00,7.50
2008.11.06 16:40:18.138,0.82965,0.8303,6.00,7.50
2008.11.06 16:40:18.588,0.82955,0.83025,6.60,6.00
2008.11.06 16:40:18.868,0.8295,0.8302,6.60,6.00
2008.11.06 16:40:19.168,0.8295,0.8302,6.00,6.00
2008.11.06 16:40:20.377,0.82955,0.83025,6.00,8.10
2008.11.06 16:40:20.708,0.82955,0.83025,6.00,6.00
2008.11.06 16:40:21.067,0.8295,0.8302,6.00,6.00
2008.11.06 16:40:21.297,0.8295,0.8302,6.00,7.50
2008.11.06 16:40:21.537,0.8295,0.8302,6.00,8.10
2008.11.06 16:40:21.937,0.8295,0.8302,6.00,7.50
2008.11.06 16:40:22.177,0.8295,0.8302,6.00,6.00
2008.11.06 16:40:22.647,0.82955,0.83025,6.00,8.10
2008.11.06 16:40:24.866,0.82955,0.83025,6.00,6.00
2008.11.06 16:40:25.256,0.82955,0.83025,6.00,6.60
2008.11.06 16:40:25.547,0.8296,0.83025,6.00,6.00
2008.11.06 16:40:26.116,0.8296,0.83025,6.00,6.60
2008.11.06 16:40:26.686,0.82955,0.83025,6.00,6.60
2008.11.06 16:40:27.016,0.82955,0.83025,6.00,8.10
2008.11.06 16:40:27.766,0.8295,0.8302,6.00,6.00
2008.11.06 16:40:29.125,0.82955,0.83025,6.00,6.00
2008.11.06 16:40:30.945,0.8296,0.8303,6.00,6.60
2008.11.06 16:40:31.345,0.8296,0.8303,6.00,6.00
2008.11.06 16:40:32.265,0.82965,0.83035,6.00,7.50
2008.11.06 16:40:33.085,0.82965,0.83035,6.00,9.10
2008.11.06 16:40:33.254,0.8296,0.8303,6.00,6.00
2008.11.06 16:40:33.605,0.82955,0.83025,6.00,7.50
2008.11.06 16:40:33.934,0.82955,0.83025,6.00,8.10
2008.11.06 16:40:34.434,0.82955,0.8302,6.00,1.00
2008.11.06 16:40:34.784,0.8296,0.8303,6.00,6.60
2008.11.06 16:40:35.434,0.8296,0.8303,6.00,6.00
2008.11.06 16:40:35.704,0.8296,0.8303,6.00,6.60
2008.11.06 16:40:36.564,0.8296,0.83025,6.00,1.00
2008.11.06 16:40:37.653,0.8296,0.8303,6.00,6.60
2008.11.06 16:40:43.172,0.82965,0.8303,6.00,1.00
2008.11.06 16:40:43.642,0.82965,0.83035,6.00,6.00
2008.11.06 16:40:43.993,0.8297,0.83035,6.00,6.00
2008.11.06 16:40:44.961,0.8297,0.83035,6.00,1.50
2008.11.06 16:40:45.581,0.82975,0.8304,6.00,1.00
2008.11.06 16:40:45.871,0.82975,0.83045,6.00,9.70
2008.11.06 16:40:46.282,0.82975,0.83045,6.00,8.10
2008.11.06 16:40:50.590,0.8298,0.83045,6.00,6.60
2008.11.06 16:40:50.980,0.8298,0.83045,6.00,6.00
2008.11.06 16:40:52.170,0.8298,0.8305,6.00,6.00
2008.11.06 16:40:52.810,0.82985,0.83055,6.00,6.00
2008.11.06 16:40:53.949,0.8299,0.8306,6.00,6.00
2008.11.06 16:40:55.469,0.82985,0.83055,7.20,8.10
2008.11.06 16:40:55.699,0.8298,0.8305,6.00,6.00
2008.11.06 16:40:56.279,0.82975,0.83045,6.00,6.00
2008.11.06 16:40:56.559,0.82985,0.83045,1.00,6.00
2008.11.06 16:40:56.949,0.82985,0.83055,6.10,7.60
2008.11.06 16:40:57.229,0.82985,0.83055,6.10,6.00
2008.11.06 16:40:57.609,0.82985,0.83055,6.00,6.00
2008.11.06 16:41:04.857,0.83005,0.83065,1.00,6.00
2008.11.06 16:41:05.197,0.83,0.83065,7.20,6.00
2008.11.06 16:41:05.647,0.83,0.83065,1.20,6.00
2008.11.06 16:41:05.947,0.83,0.83065,1.30,6.00
2008.11.06 16:41:06.306,0.83005,0.83065,1.20,6.00
2008.11.06 16:41:07.546,0.83005,0.8307,1.20,6.00
2008.11.06 16:41:08.296,0.83,0.8307,7.20,6.00
2008.11.06 16:41:08.576,0.83,0.8307,7.80,6.00
2008.11.06 16:41:08.746,0.8301,0.83075,1.20,6.00
2008.11.06 16:41:09.026,0.8301,0.8308,7.20,6.00
2008.11.06 16:41:11.145,0.83005,0.83075,6.00,6.00
2008.11.06 16:41:12.065,0.83005,0.83075,6.60,6.00
2008.11.06 16:41:12.235,0.8301,0.8308,6.00,6.00
2008.11.06 16:41:16.444,0.8301,0.83075,6.00,6.00
2008.11.06 16:41:19.753,0.8301,0.83075,1.20,6.00
2008.11.06 16:41:20.324,0.83005,0.83075,6.00,6.00
2008.11.06 16:41:20.853,0.83005,0.8307,6.00,1.50
2008.11.06 16:41:21.123,0.82995,0.83065,6.00,6.00
2008.11.06 16:41:22.223,0.8299,0.8306,6.00,6.00
2008.11.06 16:41:22.882,0.8299,0.8306,7.20,6.00
2008.11.06 16:41:23.392,0.8299,0.8306,6.00,6.00
2008.11.06 16:41:27.531,0.82985,0.83055,6.00,6.00
2008.11.06 16:41:28.631,0.82985,0.83055,6.00,8.10
2008.11.06 16:41:28.741,0.8298,0.8305,6.00,6.00
2008.11.06 16:41:29.071,0.82985,0.83055,6.00,6.00
2008.11.06 16:41:29.641,0.8299,0.8306,6.00,6.00
2008.11.06 16:41:30.731,0.82995,0.8306,6.00,6.00
2008.11.06 16:41:32.270,0.82995,0.83065,6.00,6.00
2008.11.06 16:41:34.900,0.83,0.8307,6.00,6.00
2008.11.06 16:41:35.689,0.83005,0.83075,6.00,6.00
2008.11.06 16:41:36.199,0.83,0.83065,7.20,6.00
2008.11.06 16:41:36.519,0.83,0.83065,6.00,6.00
2008.11.06 16:41:37.829,0.83,0.8307,6.00,6.00
2008.11.06 16:41:38.909,0.83,0.8307,7.20,6.00
2008.11.06 16:41:39.348,0.83,0.8307,6.00,6.00
2008.11.06 16:41:39.638,0.83005,0.83075,6.00,6.00
2008.11.06 16:41:40.598,0.83005,0.83075,6.00,6.60
2008.11.06 16:41:40.948,0.83,0.8307,7.20,6.00
2008.11.06 16:41:41.968,0.83005,0.83075,6.00,6.00
2008.11.06 16:41:43.658,0.83005,0.8307,6.00,1.50
2008.11.06 16:41:44.007,0.82995,0.83065,6.00,6.60
2008.11.06 16:41:46.317,0.82995,0.83065,6.00,6.00
2008.11.06 16:41:46.667,0.83,0.83065,1.20,6.00
2008.11.06 16:41:47.027,0.83005,0.83075,6.00,6.00
2008.11.06 16:41:47.497,0.8301,0.8308,6.00,6.00
2008.11.06 16:41:47.786,0.8302,0.83085,6.00,6.00
2008.11.06 16:41:48.067,0.83025,0.8309,6.00,6.00
2008.11.06 16:41:48.646,0.8303,0.831,6.00,6.00
2008.11.06 16:41:49.056,0.83025,0.83095,6.00,7.50
2008.11.06 16:41:50.136,0.8302,0.83085,6.00,1.50
2008.11.06 16:41:51.006,0.83015,0.83085,6.00,7.50
2008.11.06 16:41:51.366,0.8301,0.8308,6.00,7.50
2008.11.06 16:41:51.705,0.8301,0.83075,6.00,1.50
2008.11.06 16:41:51.996,0.83015,0.83075,6.00,1.50
2008.11.06 16:41:52.275,0.83015,0.83085,6.00,6.00
2008.11.06 16:41:53.135,0.8302,0.8309,6.00,6.00
2008.11.06 16:41:53.665,0.8302,0.8309,7.20,6.00
2008.11.06 16:41:54.245,0.8302,0.8309,6.00,6.00
2008.11.06 16:41:55.165,0.8302,0.8309,7.20,6.00
2008.11.06 16:41:55.745,0.83025,0.83095,6.00,6.00
2008.11.06 16:41:56.035,0.83025,0.83095,7.20,6.00
2008.11.06 16:41:56.334,0.8303,0.831,6.00,8.20
2008.11.06 16:41:56.665,0.8303,0.831,6.00,6.60
2008.11.06 16:41:57.344,0.83025,0.83095,7.20,6.00
2008.11.06 16:41:57.694,0.83025,0.83095,7.20,7.50
2008.11.06 16:41:58.034,0.83025,0.8309,6.00,6.00
2008.11.06 16:41:58.204,0.8302,0.8309,7.20,6.00
2008.11.06 16:41:58.654,0.8302,0.8309,6.00,6.00
2008.11.06 16:41:59.114,0.8302,0.8309,6.00,7.50
2008.11.06 16:41:59.384,0.83015,0.83085,7.20,6.00
2008.11.06 16:41:59.903,0.83015,0.8308,7.20,6.00
2008.11.06 16:42:00.204,0.83015,0.8308,6.00,6.00
2008.11.06 16:42:00.504,0.8302,0.83085,6.00,6.00
2008.11.06 16:42:00.913,0.8302,0.8309,6.00,6.60
2008.11.06 16:42:01.263,0.8302,0.8309,6.00,6.00
2008.11.06 16:42:03.773,0.8302,0.83085,6.00,6.00
2008.11.06 16:42:06.022,0.8302,0.8308,6.00,1.00
2008.11.06 16:42:06.142,0.8301,0.8308,6.60,6.60
2008.11.06 16:42:06.262,0.8301,0.8308,6.00,6.00
2008.11.06 16:42:06.612,0.83015,0.83085,6.00,7.50
2008.11.06 16:42:06.732,0.83015,0.83085,6.00,6.00
2008.11.06 16:42:07.062,0.83015,0.83085,7.20,6.00
2008.11.06 16:42:07.412,0.8302,0.83085,6.00,6.00
2008.11.06 16:42:09.251,0.8301,0.8308,7.20,6.00
2008.11.06 16:42:09.651,0.8301,0.83075,1.20,6.00
2008.11.06 16:42:10.151,0.83005,0.83075,6.00,6.00
2008.11.06 16:42:11.701,0.83005,0.8307,6.00,6.00
2008.11.06 16:42:12.451,0.83005,0.83075,6.00,6.00
2008.11.06 16:42:12.690,0.83015,0.8308,6.00,6.60
2008.11.06 16:42:12.911,0.83015,0.8308,6.00,6.00
2008.11.06 16:42:13.660,0.8301,0.8308,6.00,6.00
2008.11.06 16:42:14.280,0.83015,0.8308,6.00,6.00
2008.11.06 16:42:16.360,0.8301,0.83075,1.20,6.00
2008.11.06 16:42:16.899,0.8301,0.8308,6.00,6.00
2008.11.06 16:42:17.459,0.8301,0.83075,6.00,6.00
2008.11.06 16:42:18.039,0.8301,0.8308,6.00,6.00
2008.11.06 16:42:18.579,0.83015,0.83085,6.00,6.00
2008.11.06 16:42:18.699,0.83015,0.83085,7.20,6.00
2008.11.06 16:42:19.099,0.83015,0.83085,6.00,6.00
2008.11.06 16:42:21.928,0.83015,0.83085,7.20,6.00
2008.11.06 16:42:22.168,0.8302,0.8309,7.20,6.00
2008.11.06 16:42:22.638,0.83015,0.83085,6.00,6.00
2008.11.06 16:42:23.378,0.83015,0.83085,7.20,6.00
2008.11.06 16:42:25.737,0.83015,0.83085,6.00,6.00
2008.11.06 16:42:26.068,0.83015,0.83085,7.20,6.00
2008.11.06 16:42:29.166,0.83015,0.8308,7.20,6.00
2008.11.06 16:42:29.456,0.83015,0.8308,6.00,6.00
2008.11.06 16:42:30.766,0.8301,0.8308,7.20,6.00
2008.11.06 16:42:30.936,0.8301,0.8308,6.00,6.00
2008.11.06 16:42:31.636,0.83015,0.83085,6.00,8.10
2008.11.06 16:42:32.666,0.83015,0.83085,6.00,7.50
2008.11.06 16:42:33.125,0.83015,0.83085,6.00,6.00
2008.11.06 16:42:33.356,0.8301,0.8307,1.20,6.00
2008.11.06 16:42:33.716,0.83005,0.8307,7.20,7.50
2008.11.06 16:42:34.105,0.82995,0.83065,7.20,6.00
2008.11.06 16:42:34.465,0.83,0.8307,6.00,6.00
2008.11.06 16:42:35.215,0.83,0.83065,6.00,6.00
2008.11.06 16:42:36.085,0.8299,0.8306,7.20,6.00
2008.11.06 16:42:36.425,0.8299,0.8306,6.00,7.50
2008.11.06 16:42:36.894,0.82985,0.83055,6.60,6.00
2008.11.06 16:42:37.345,0.82985,0.8305,6.00,6.00
2008.11.06 16:42:38.634,0.82985,0.83055,7.20,6.00
2008.11.06 16:42:39.094,0.82985,0.83055,6.00,6.00
2008.11.06 16:42:39.384,0.82985,0.8305,6.00,6.00
2008.11.06 16:42:40.254,0.8298,0.8305,6.00,7.60
2008.11.06 16:42:40.584,0.8297,0.8304,7.20,6.00
2008.11.06 16:42:40.884,0.8297,0.8304,6.00,6.00
2008.11.06 16:42:41.234,0.8297,0.8304,6.00,7.50
2008.11.06 16:42:41.584,0.82965,0.83035,6.00,6.60
2008.11.06 16:42:42.043,0.82965,0.83035,6.00,8.10
2008.11.06 16:42:42.613,0.8296,0.8303,7.30,6.60
2008.11.06 16:42:42.953,0.8296,0.83015,1.00,6.00
2008.11.06 16:42:43.233,0.8296,0.8301,1.00,6.00
2008.11.06 16:42:44.043,0.82925,0.82995,1.00,7.50
2008.11.06 16:42:44.443,0.82925,0.82975,1.00,6.00
2008.11.06 16:42:44.723,0.82895,0.82975,1.00,8.10
2008.11.06 16:42:45.073,0.82885,0.82975,6.00,8.10
2008.11.06 16:42:45.593,0.82885,0.82965,6.00,6.00
2008.11.06 16:42:46.632,0.829,0.8297,6.00,8.20
2008.11.06 16:42:46.963,0.82895,0.82965,6.00,6.00
2008.11.06 16:42:47.422,0.82895,0.82965,6.60,6.00
2008.11.06 16:42:47.782,0.82895,0.82965,6.00,6.00
2008.11.06 16:42:48.232,0.829,0.82965,1.20,6.00
2008.11.06 16:42:49.291,0.829,0.8295,1.20,1.50
2008.11.06 16:42:49.642,0.8289,0.82935,1.00,8.10
2008.11.06 16:42:50.101,0.8289,0.8292,1.00,6.00
2008.11.06 16:42:50.442,0.8285,0.82915,1.00,7.50
2008.11.06 16:42:50.971,0.8285,0.8291,1.00,6.00
2008.11.06 16:42:51.141,0.82835,0.8291,1.00,6.00
2008.11.06 16:42:51.831,0.82845,0.8291,1.00,7.50
2008.11.06 16:42:52.231,0.82845,0.8291,1.20,7.50
2008.11.06 16:42:53.271,0.82845,0.82905,1.20,6.00
2008.11.06 16:42:53.450,0.8284,0.82905,1.20,7.50
2008.11.06 16:42:54.030,0.82845,0.82905,1.00,6.00
2008.11.06 16:42:54.470,0.8285,0.82915,6.00,7.60
2008.11.06 16:42:54.880,0.8286,0.8291,1.20,1.60
2008.11.06 16:42:55.240,0.8288,0.82925,1.20,1.60
2008.11.06 16:42:55.590,0.82855,0.8293,12.60,7.60
2008.11.06 16:42:56.090,0.82865,0.8293,1.00,6.00
2008.11.06 16:42:56.610,0.82855,0.8293,6.00,6.00
2008.11.06 16:42:56.950,0.8286,0.8293,7.20,6.00
2008.11.06 16:42:57.609,0.8286,0.82925,1.20,6.00
2008.11.06 16:42:58.130,0.82855,0.8292,1.20,6.00
2008.11.06 16:42:58.600,0.8285,0.8292,6.60,6.00
2008.11.06 16:42:59.939,0.82855,0.82925,6.00,7.50
2008.11.06 16:43:00.409,0.8286,0.82925,1.20,7.60
2008.11.06 16:43:00.809,0.82865,0.82925,6.00,1.60
2008.11.06 16:43:01.449,0.82865,0.8293,6.00,1.60
2008.11.06 16:43:01.789,0.82865,0.82935,6.00,6.00
2008.11.06 16:43:02.699,0.8287,0.8294,6.00,7.60
2008.11.06 16:43:03.168,0.8287,0.8294,6.00,9.10
2008.11.06 16:43:03.688,0.82865,0.82935,6.00,6.00
2008.11.06 16:43:04.188,0.8286,0.8293,7.80,6.00
2008.11.06 16:43:04.938,0.82865,0.82935,6.00,6.00
2008.11.06 16:43:05.218,0.8287,0.8294,6.00,7.60
2008.11.06 16:43:06.488,0.8287,0.8294,7.20,6.00
2008.11.06 16:43:06.847,0.8287,0.82935,6.00,1.50
2008.11.06 16:43:07.237,0.82865,0.82935,6.00,7.50
2008.11.06 16:43:07.657,0.82865,0.82935,6.00,6.00
2008.11.06 16:43:08.107,0.8286,0.8293,6.00,6.00
2008.11.06 16:43:10.257,0.8286,0.8293,7.20,6.00
2008.11.06 16:43:10.777,0.82865,0.82935,6.00,6.00
2008.11.06 16:43:14.995,0.82865,0.82935,7.20,6.00
2008.11.06 16:43:15.465,0.82865,0.82935,6.00,6.00
2008.11.06 16:43:17.485,0.82865,0.82935,7.80,6.00
2008.11.06 16:43:17.765,0.8287,0.8294,6.00,6.00
2008.11.06 16:43:23.103,0.8287,0.8294,7.80,6.00
2008.11.06 16:43:23.443,0.82875,0.82945,6.00,6.00
2008.11.06 16:43:23.774,0.8288,0.8295,6.00,6.00
2008.11.06 16:43:25.203,0.82885,0.8295,6.00,6.00
2008.11.06 16:43:25.973,0.82885,0.8295,7.20,6.00
2008.11.06 16:43:26.532,0.82885,0.82955,7.20,6.00
2008.11.06 16:43:28.222,0.8289,0.82955,1.20,6.00
2008.11.06 16:43:28.272,0.8289,0.8296,7.20,7.00
2008.11.06 16:43:28.732,0.829,0.8296,6.00,1.00
2008.11.06 16:43:29.552,0.82905,0.8296,6.00,1.00
2008.11.06 16:43:30.082,0.82905,0.8296,7.20,1.00
2008.11.06 16:43:30.382,0.82905,0.8296,6.00,1.00
2008.11.06 16:43:30.882,0.8291,0.8296,6.00,1.00
2008.11.06 16:43:31.222,0.82915,0.8296,1.20,1.00
2008.11.06 16:43:31.582,0.82905,0.8296,6.00,1.00
2008.11.06 16:43:31.861,0.829,0.8296,6.00,1.00
2008.11.06 16:43:32.721,0.829,0.8296,7.20,1.00
2008.11.06 16:43:33.181,0.82895,0.8296,6.00,1.00
2008.11.06 16:43:33.811,0.8289,0.8296,7.20,7.00
2008.11.06 16:43:35.150,0.82895,0.8296,6.00,1.00
2008.11.06 16:43:36.240,0.829,0.8296,6.00,1.00
2008.11.06 16:43:37.050,0.829,0.8296,7.20,1.00
2008.11.06 16:43:37.610,0.82905,0.8296,6.00,1.00
2008.11.06 16:43:39.060,0.82905,0.8296,7.20,1.00
2008.11.06 16:43:39.469,0.82905,0.82945,7.20,1.60
2008.11.06 16:43:39.810,0.8287,0.82955,6.10,6.00
2008.11.06 16:43:40.089,0.8288,0.82965,1.20,12.40
2008.11.06 16:43:40.499,0.8288,0.82955,1.20,6.00
2008.11.06 16:43:42.699,0.82895,0.82955,1.20,6.00
2008.11.06 16:43:43.109,0.82905,0.8296,1.20,1.00
2008.11.06 16:43:43.629,0.8291,0.8296,1.20,1.00
2008.11.06 16:43:44.039,0.82915,0.8296,1.20,1.00
2008.11.06 16:43:44.508,0.8291,0.8296,7.20,1.00
2008.11.06 16:43:44.888,0.8291,0.8296,6.00,1.00
2008.11.06 16:43:46.418,0.82905,0.8296,7.20,1.00
2008.11.06 16:43:46.648,0.829,0.8296,7.20,1.00
2008.11.06 16:43:48.328,0.82905,0.8296,6.00,1.00
2008.11.06 16:43:48.947,0.82905,0.8296,7.20,1.00
2008.11.06 16:43:49.287,0.8291,0.82955,1.20,6.00
2008.11.06 16:43:49.457,0.8289,0.82955,6.00,7.50
2008.11.06 16:43:49.757,0.8288,0.8295,7.80,6.00
2008.11.06 16:43:50.117,0.82895,0.8296,7.20,4.30
2008.11.06 16:43:50.457,0.829,0.8296,7.20,2.50
2008.11.06 16:43:50.847,0.82905,0.8296,7.20,2.50
2008.11.06 16:43:51.607,0.8292,0.8296,1.20,1.00
2008.11.06 16:43:52.126,0.82915,0.8296,7.20,2.50
2008.11.06 16:43:52.417,0.82915,0.8296,6.00,2.50
2008.11.06 16:43:52.856,0.8291,0.82955,7.20,1.50
2008.11.06 16:43:53.267,0.8291,0.82955,6.00,1.50
2008.11.06 16:43:53.896,0.82895,0.82955,6.00,1.50
2008.11.06 16:43:54.376,0.8289,0.82955,6.00,1.50
2008.11.06 16:43:54.656,0.82885,0.82955,6.00,7.50
2008.11.06 16:43:55.566,0.8289,0.82955,1.20,7.50
2008.11.06 16:43:55.796,0.82885,0.82955,6.00,7.50
2008.11.06 16:43:56.316,0.82885,0.8295,6.00,6.00
2008.11.06 16:43:57.035,0.82895,0.8296,6.00,2.50
2008.11.06 16:43:57.755,0.8289,0.8296,7.20,8.50
2008.11.06 16:43:58.095,0.8289,0.82955,1.20,7.50
2008.11.06 16:43:58.445,0.82885,0.82955,7.20,7.50
2008.11.06 16:44:00.024,0.82885,0.8294,1.20,6.00
2008.11.06 16:44:00.485,0.8289,0.82965,6.00,7.50
2008.11.06 16:44:00.784,0.8288,0.82945,6.00,6.60
2008.11.06 16:44:01.124,0.8288,0.8296,6.00,6.00
2008.11.06 16:44:01.864,0.82885,0.8295,1.20,6.00
2008.11.06 16:44:02.284,0.8288,0.8295,6.60,6.00
2008.11.06 16:44:02.574,0.8289,0.8295,1.20,6.00
2008.11.06 16:44:03.504,0.82885,0.8295,6.00,6.00
2008.11.06 16:44:05.274,0.8288,0.82935,1.20,6.00
2008.11.06 16:44:05.663,0.82875,0.82935,1.00,6.00
2008.11.06 16:44:06.133,0.8287,0.82935,1.00,6.00
2008.11.06 16:44:06.533,0.8287,0.8293,1.00,6.00
2008.11.06 16:44:07.263,0.82865,0.8293,1.00,6.00
2008.11.06 16:44:07.723,0.82865,0.82925,1.00,6.00
2008.11.06 16:44:09.942,0.82875,0.82925,1.00,6.00
2008.11.06 16:44:10.572,0.82875,0.8293,1.00,6.00
2008.11.06 16:44:14.251,0.82875,0.82935,6.10,1.60
2008.11.06 16:44:14.551,0.8288,0.8294,1.20,6.00
2008.11.06 16:44:14.961,0.8289,0.8295,1.20,7.60
2008.11.06 16:44:15.361,0.82895,0.82955,1.20,6.00
2008.11.06 16:44:15.641,0.82895,0.8296,6.00,2.70
2008.11.06 16:44:16.141,0.82895,0.8296,6.00,1.00
2008.11.06 16:44:16.611,0.829,0.8296,6.00,1.00
2008.11.06 16:44:16.911,0.8291,0.8296,1.20,1.00
2008.11.06 16:44:18.090,0.8291,0.8296,7.20,1.00
2008.11.06 16:44:18.330,0.8292,0.8296,1.20,1.00
2008.11.06 16:44:18.670,0.8292,0.8296,7.20,1.00
2008.11.06 16:44:19.420,0.82925,0.8296,7.20,1.00
2008.11.06 16:44:20.020,0.82935,0.8296,1.20,1.00
2008.11.06 16:44:20.360,0.82935,0.83015,7.20,1.50
2008.11.06 16:44:21.479,0.8294,0.83,1.20,1.50
2008.11.06 16:44:21.819,0.82935,0.83,7.20,1.50
2008.11.06 16:44:23.669,0.8294,0.83,1.20,1.50
2008.11.06 16:44:23.840,0.8294,0.83,7.20,1.50
2008.11.06 16:44:24.189,0.82945,0.83,6.00,1.50
2008.11.06 16:44:24.479,0.8295,0.83,1.20,1.50
2008.11.06 16:44:24.819,0.8295,0.83,7.20,1.50
2008.11.06 16:44:27.988,0.8295,0.83005,7.20,1.50
2008.11.06 16:44:28.368,0.8295,0.83,1.20,1.50
2008.11.06 16:44:28.728,0.82945,0.83005,7.20,1.50
2008.11.06 16:44:29.068,0.8295,0.83005,1.20,1.50
2008.11.06 16:44:29.907,0.82945,0.83,1.20,1.50
2008.11.06 16:44:30.648,0.8294,0.8301,6.00,8.10
2008.11.06 16:44:30.987,0.82935,0.83,6.00,6.00
2008.11.06 16:44:31.377,0.8293,0.82995,6.00,6.00
2008.11.06 16:44:32.947,0.8293,0.82995,6.10,6.00
2008.11.06 16:44:33.347,0.8293,0.83,6.00,6.00
2008.11.06 16:44:33.696,0.82925,0.82995,7.20,6.00
2008.11.06 16:44:34.056,0.82925,0.82995,6.00,6.00
2008.11.06 16:44:34.616,0.8292,0.8299,7.20,6.00
2008.11.06 16:44:35.776,0.82915,0.82985,7.20,6.00
2008.11.06 16:44:37.327,0.82915,0.82985,6.00,6.00
2008.11.06 16:44:38.525,0.82915,0.82985,7.20,7.50
2008.11.06 16:44:38.805,0.82915,0.82985,6.00,7.50
2008.11.06 16:44:39.625,0.82915,0.82985,6.00,8.10
2008.11.06 16:44:40.035,0.82915,0.8298,6.00,1.00
2008.11.06 16:44:40.275,0.8291,0.82975,6.00,6.00
2008.11.06 16:44:40.905,0.82905,0.8297,6.00,1.50
2008.11.06 16:44:41.255,0.82895,0.8296,6.00,6.00
2008.11.06 16:44:41.995,0.82895,0.82965,6.00,7.50
2008.11.06 16:44:42.744,0.82895,0.8296,6.00,6.00
2008.11.06 16:44:43.644,0.8289,0.8296,6.00,7.50
2008.11.06 16:44:44.724,0.82885,0.82955,6.00,6.00
2008.11.06 16:44:45.434,0.829,0.82965,6.00,7.60
2008.11.06 16:44:45.784,0.82895,0.82965,6.00,6.00
2008.11.06 16:44:46.533,0.829,0.82965,6.00,6.00
2008.11.06 16:44:47.104,0.82895,0.8296,6.00,1.50
2008.11.06 16:44:47.393,0.8289,0.8296,6.00,7.50
2008.11.06 16:44:47.693,0.8289,0.8296,6.00,6.00
2008.11.06 16:44:48.333,0.8289,0.8296,6.00,7.50
2008.11.06 16:44:48.683,0.82885,0.82955,6.00,6.00
2008.11.06 16:45:09.458,0.82885,0.82955,6.00,7.50
2008.11.06 16:45:09.688,0.8288,0.8295,6.00,6.00
2008.11.06 16:45:19.685,0.82885,0.82955,6.00,8.20
2008.11.06 16:45:19.796,0.82885,0.82955,6.00,8.10
2008.11.06 16:45:23.805,0.82885,0.82955,6.00,6.60
2008.11.06 16:45:25.594,0.82885,0.82955,6.00,8.10
2008.11.06 16:45:25.814,0.82885,0.82955,6.00,6.60
2008.11.06 16:45:25.934,0.82885,0.82955,6.00,6.00
2008.11.06 16:45:26.504,0.82895,0.8296,6.00,1.00
2008.11.06 16:45:26.914,0.82895,0.82965,6.00,6.00
2008.11.06 16:45:27.613,0.82895,0.82965,6.00,7.50
2008.11.06 16:45:27.843,0.82895,0.82965,6.00,6.00
2008.11.06 16:45:28.943,0.82895,0.82965,6.60,6.00
2008.11.06 16:45:29.293,0.829,0.8297,6.00,6.00
2008.11.06 16:45:29.533,0.82895,0.82965,7.20,6.00
2008.11.06 16:45:29.933,0.82895,0.82965,6.00,6.00
2008.11.06 16:45:31.583,0.829,0.8297,6.00,6.00
2008.11.06 16:45:32.392,0.8291,0.8298,7.20,7.60
2008.11.06 16:45:32.782,0.8291,0.8298,7.20,6.00
2008.11.06 16:45:34.132,0.8292,0.8298,1.20,6.00
2008.11.06 16:45:34.892,0.8291,0.8298,7.20,6.00
2008.11.06 16:45:35.251,0.82905,0.82975,7.20,6.00
2008.11.06 16:45:36.172,0.82905,0.82975,7.30,6.00
2008.11.06 16:45:36.461,0.8291,0.8298,6.00,6.00
2008.11.06 16:45:37.311,0.82905,0.82975,7.20,6.00
2008.11.06 16:45:38.211,0.8291,0.8298,6.00,6.00
2008.11.06 16:45:38.921,0.82905,0.82975,7.20,6.00
2008.11.06 16:45:39.891,0.82905,0.82975,7.20,7.50
2008.11.06 16:45:40.370,0.82905,0.82975,7.20,6.00
2008.11.06 16:45:41.850,0.82905,0.82975,6.00,6.00
2008.11.06 16:45:42.380,0.829,0.82965,1.20,6.60
2008.11.06 16:45:42.970,0.82885,0.82955,6.00,6.60
2008.11.06 16:45:43.240,0.8288,0.8295,6.00,6.00
2008.11.06 16:45:43.759,0.82875,0.82945,7.20,6.00
2008.11.06 16:45:44.180,0.82875,0.82945,6.00,6.00
2008.11.06 16:45:44.520,0.82875,0.82945,7.20,6.00
2008.11.06 16:45:45.789,0.8288,0.8295,6.00,6.00
2008.11.06 16:45:46.499,0.8288,0.8295,6.00,6.60
2008.11.06 16:45:47.999,0.8288,0.8295,6.00,8.10
2008.11.06 16:45:48.238,0.82875,0.82945,7.20,6.00
2008.11.06 16:45:49.158,0.82875,0.8294,1.20,6.00
2008.11.06 16:45:49.488,0.8287,0.8294,6.00,6.00
2008.11.06 16:45:49.778,0.82865,0.82935,6.00,6.00
2008.11.06 16:45:50.568,0.8286,0.8293,6.60,6.00
2008.11.06 16:45:51.028,0.8286,0.8293,6.00,6.00
2008.11.06 16:45:53.107,0.82865,0.82935,6.00,6.00
2008.11.06 16:45:56.677,0.8287,0.82935,6.00,6.00
2008.11.06 16:45:57.196,0.8287,0.8294,6.00,6.00
2008.11.06 16:45:57.376,0.8287,0.8294,7.20,6.00
2008.11.06 16:45:58.006,0.8287,0.8294,6.00,6.00
2008.11.06 16:45:58.296,0.82875,0.82945,6.10,6.60
2008.11.06 16:45:58.986,0.82875,0.82945,6.00,6.60
2008.11.06 16:45:59.486,0.82875,0.82945,6.00,6.00
2008.11.06 16:45:59.996,0.8288,0.8295,6.00,6.00
2008.11.06 16:46:00.796,0.82885,0.8295,6.00,6.00
2008.11.06 16:46:03.475,0.8289,0.82955,6.00,6.00
2008.11.06 16:46:08.384,0.8289,0.8296,6.00,6.00
2008.11.06 16:46:09.454,0.8289,0.8296,7.20,6.00
2008.11.06 16:46:10.023,0.82895,0.82965,6.00,6.00
2008.11.06 16:46:10.673,0.829,0.82965,6.00,6.00
2008.11.06 16:46:11.483,0.829,0.8297,6.00,6.60
2008.11.06 16:46:11.813,0.829,0.8297,7.20,6.00
2008.11.06 16:46:12.743,0.829,0.8297,7.30,6.00
2008.11.06 16:46:13.033,0.829,0.8297,6.00,6.00
2008.11.06 16:46:13.372,0.82905,0.82975,6.00,6.60
2008.11.06 16:46:13.732,0.82905,0.82975,6.00,6.00
2008.11.06 16:46:14.132,0.82905,0.82975,6.10,6.00
2008.11.06 16:46:14.432,0.8291,0.82975,6.00,6.00
2008.11.06 16:46:20.251,0.82905,0.8297,6.00,6.00
2008.11.06 16:46:20.791,0.829,0.8297,7.20,6.00
2008.11.06 16:46:21.142,0.829,0.8297,6.00,6.00
2008.11.06 16:46:21.371,0.829,0.8297,7.20,6.00
2008.11.06 16:46:21.820,0.829,0.8297,7.20,7.60
2008.11.06 16:46:22.151,0.82895,0.82965,6.00,6.00
2008.11.06 16:46:23.680,0.82895,0.82965,6.10,6.00
2008.11.06 16:46:23.860,0.829,0.8297,7.20,6.00
2008.11.06 16:46:24.470,0.829,0.82965,1.20,6.00
2008.11.06 16:46:25.420,0.829,0.82965,1.30,6.00
2008.11.06 16:46:25.750,0.829,0.8297,7.30,6.00
2008.11.06 16:46:27.889,0.82895,0.82965,6.00,6.00
2008.11.06 16:46:28.339,0.8289,0.82955,6.00,6.00
2008.11.06 16:46:28.459,0.82895,0.8296,6.00,6.00
2008.11.06 16:46:33.838,0.82895,0.8296,6.10,6.00
2008.11.06 16:46:34.178,0.829,0.8297,6.00,6.00
2008.11.06 16:46:35.857,0.82905,0.82975,6.00,6.00
2008.11.06 16:46:43.835,0.82905,0.82975,6.00,6.60
2008.11.06 16:46:44.525,0.8291,0.8298,6.00,6.60
2008.11.06 16:46:45.105,0.82905,0.82975,6.00,6.00
2008.11.06 16:46:46.944,0.82915,0.8298,6.00,6.00
2008.11.06 16:46:48.494,0.82915,0.82985,6.10,6.00
2008.11.06 16:46:48.844,0.82915,0.82985,7.30,6.00
2008.11.06 16:46:52.063,0.8292,0.8299,7.20,6.00
2008.11.06 16:46:55.772,0.82935,0.83,6.00,2.20
2008.11.06 16:46:55.932,0.82935,0.83,6.10,1.00
2008.11.06 16:46:56.102,0.82935,0.83005,7.30,6.60
2008.11.06 16:46:57.212,0.8293,0.83,6.00,6.00
2008.11.06 16:46:57.452,0.82935,0.83005,6.00,6.00
2008.11.06 16:46:57.793,0.82935,0.83005,6.00,6.60
2008.11.06 16:46:58.382,0.82935,0.83,6.00,6.00
2008.11.06 16:46:58.732,0.82935,0.83005,7.20,6.00
2008.11.06 16:47:01.021,0.8294,0.8301,6.00,6.60
2008.11.06 16:47:01.361,0.8294,0.8301,6.10,6.00
2008.11.06 16:47:01.781,0.82945,0.83015,6.10,7.60
2008.11.06 16:47:02.121,0.8296,0.8302,6.00,6.00
2008.11.06 16:47:02.410,0.8296,0.8303,6.10,6.00
2008.11.06 16:47:02.711,0.82965,0.83035,6.00,6.00
2008.11.06 16:47:03.090,0.8297,0.8304,6.10,6.00
2008.11.06 16:47:03.550,0.8297,0.8304,6.00,6.00
2008.11.06 16:47:03.900,0.82975,0.8304,1.20,6.00
2008.11.06 16:47:04.350,0.82985,0.83045,1.00,6.00
2008.11.06 16:47:04.820,0.8298,0.83045,1.00,6.00
2008.11.06 16:47:05.210,0.8299,0.83055,1.00,6.00
2008.11.06 16:47:05.770,0.82985,0.83055,6.10,6.00
2008.11.06 16:47:06.400,0.82985,0.83055,6.10,6.60
2008.11.06 16:47:06.850,0.82985,0.83045,1.00,6.00
2008.11.06 16:47:07.319,0.8298,0.8305,6.00,7.60
2008.11.06 16:47:07.679,0.8298,0.8305,6.10,6.00
2008.11.06 16:47:08.010,0.82985,0.8305,6.00,6.00
2008.11.06 16:47:08.429,0.82985,0.8305,7.20,6.00
2008.11.06 16:47:08.709,0.82985,0.83055,7.20,6.00
2008.11.06 16:47:09.449,0.82995,0.8306,1.00,6.00
2008.11.06 16:47:10.099,0.82995,0.83065,6.10,6.00
2008.11.06 16:47:10.619,0.83,0.8307,6.00,6.00
2008.11.06 16:47:10.859,0.8301,0.83075,6.00,8.20
2008.11.06 16:47:11.599,0.83015,0.83075,6.00,1.60
2008.11.06 16:47:11.998,0.83015,0.83085,6.00,6.00
2008.11.06 16:47:13.278,0.83015,0.8308,6.00,6.00
2008.11.06 16:47:13.978,0.8301,0.8308,6.00,6.00
2008.11.06 16:47:14.667,0.83015,0.8308,6.00,6.00
2008.11.06 16:47:15.537,0.8301,0.8308,7.20,6.00
2008.11.06 16:47:15.837,0.8301,0.8308,6.00,6.00
2008.11.06 16:47:17.847,0.83005,0.83075,6.00,6.00
2008.11.06 16:47:18.487,0.8301,0.8308,6.10,6.00
2008.11.06 16:47:18.847,0.83005,0.83075,6.00,6.00
2008.11.06 16:47:19.027,0.8301,0.8308,6.00,6.00
2008.11.06 16:47:19.257,0.8301,0.83075,6.00,1.00
2008.11.06 16:47:19.667,0.83015,0.83085,6.00,6.60
2008.11.06 16:47:19.966,0.83015,0.83085,7.30,6.00
2008.11.06 16:47:20.256,0.83015,0.83085,6.10,6.00
2008.11.06 16:47:20.616,0.8302,0.83085,1.20,6.00
2008.11.06 16:47:21.766,0.83025,0.8309,1.20,6.00
2008.11.06 16:47:22.106,0.8302,0.8309,6.10,6.00
2008.11.06 16:47:22.626,0.83025,0.8309,1.20,6.00
2008.11.06 16:47:22.966,0.83025,0.83085,1.20,6.00
2008.11.06 16:47:23.246,0.83025,0.8309,6.00,2.20
2008.11.06 16:47:23.766,0.83025,0.8309,6.00,1.00
2008.11.06 16:47:24.115,0.83015,0.83085,6.60,6.00
2008.11.06 16:47:24.596,0.8301,0.83075,1.80,6.00
2008.11.06 16:47:24.875,0.8301,0.83075,1.20,6.60
2008.11.06 16:47:25.215,0.83005,0.83075,6.00,6.60
2008.11.06 16:47:26.685,0.83005,0.83075,6.00,6.00
2008.11.06 16:47:28.284,0.83005,0.83075,7.20,6.00
2008.11.06 16:47:28.884,0.83005,0.83075,6.00,6.00
2008.11.06 16:47:29.164,0.83005,0.83075,7.20,6.00
2008.11.06 16:47:30.694,0.8301,0.8308,6.00,6.00
2008.11.06 16:47:30.984,0.8301,0.8308,6.10,6.00
2008.11.06 16:47:31.274,0.83015,0.8308,1.20,6.00
2008.11.06 16:47:32.064,0.8301,0.8308,7.20,6.00
2008.11.06 16:47:32.463,0.83005,0.8307,1.20,6.00
2008.11.06 16:47:32.743,0.83,0.8307,7.30,6.00
2008.11.06 16:47:33.103,0.83005,0.8307,1.20,6.00
2008.11.06 16:47:34.793,0.83,0.8307,7.20,7.60
2008.11.06 16:47:35.023,0.82995,0.83065,6.00,6.00
2008.11.06 16:47:35.423,0.8299,0.8306,6.00,6.00
2008.11.06 16:47:35.932,0.82985,0.83055,7.20,6.00
2008.11.06 16:47:37.142,0.82985,0.83055,6.00,6.00
2008.11.06 16:47:37.432,0.82995,0.8306,1.20,7.60
2008.11.06 16:47:37.712,0.82995,0.83065,7.20,7.60
2008.11.06 16:47:37.952,0.82995,0.83065,7.30,7.60
2008.11.06 16:47:38.362,0.82995,0.83065,7.20,7.60
2008.11.06 16:47:38.782,0.83,0.8307,7.20,6.00
2008.11.06 16:47:39.942,0.83005,0.83075,6.10,6.00
2008.11.06 16:47:40.341,0.8301,0.8308,7.20,7.60
2008.11.06 16:47:41.191,0.83015,0.8308,6.00,1.60
2008.11.06 16:47:41.481,0.83015,0.8308,7.20,1.60
2008.11.06 16:47:41.841,0.8302,0.83085,6.00,1.60
2008.11.06 16:47:42.131,0.83015,0.83085,6.00,7.60
2008.11.06 16:47:42.431,0.83015,0.83085,6.00,6.00
2008.11.06 16:47:42.871,0.8302,0.83085,6.00,6.00
2008.11.06 16:47:44.241,0.83015,0.83085,7.20,6.00
2008.11.06 16:47:44.651,0.83015,0.83085,6.00,6.00
2008.11.06 16:47:45.231,0.8302,0.83085,6.00,6.00
2008.11.06 16:47:45.580,0.83025,0.83095,6.00,8.20
2008.11.06 16:47:45.980,0.83025,0.83095,7.20,7.60
2008.11.06 16:47:46.310,0.8302,0.8309,7.20,7.60
2008.11.06 16:47:46.600,0.83025,0.8309,7.20,1.60
2008.11.06 16:47:47.290,0.83025,0.83095,7.20,7.60
2008.11.06 16:47:47.690,0.83025,0.83095,6.00,7.60
2008.11.06 16:47:48.250,0.8302,0.8309,7.20,6.00
2008.11.06 16:47:49.000,0.83025,0.8309,1.20,6.00
2008.11.06 16:47:49.909,0.83025,0.83095,7.20,6.00
2008.11.06 16:47:50.209,0.83025,0.83095,6.00,6.00
2008.11.06 16:47:50.889,0.83025,0.83095,6.00,6.60
2008.11.06 16:47:51.289,0.83025,0.83095,6.00,6.00
2008.11.06 16:47:51.629,0.83025,0.83095,7.20,6.00
2008.11.06 16:47:52.878,0.8303,0.831,6.00,7.60
2008.11.06 16:47:53.988,0.83025,0.83095,7.20,6.00
2008.11.06 16:47:54.278,0.8302,0.83075,1.00,6.60
2008.11.06 16:47:54.748,0.8301,0.83075,1.00,6.60
2008.11.06 16:47:55.018,0.8301,0.83075,1.00,6.00
2008.11.06 16:47:55.428,0.83005,0.83075,6.00,6.00
2008.11.06 16:47:55.838,0.83005,0.83075,6.00,7.60
2008.11.06 16:47:56.238,0.8301,0.83075,6.00,1.60
2008.11.06 16:47:56.717,0.83015,0.83085,6.00,7.60
2008.11.06 16:47:57.128,0.83025,0.83085,6.00,1.60
2008.11.06 16:47:57.727,0.8302,0.83085,6.00,6.00
2008.11.06 16:47:58.257,0.83015,0.8308,6.00,6.00
2008.11.06 16:47:59.547,0.8302,0.8309,6.00,7.60
2008.11.06 16:47:59.887,0.8302,0.83085,6.00,1.00
2008.11.06 16:48:00.187,0.8302,0.8309,6.00,6.60
2008.11.06 16:48:00.907,0.8302,0.83085,6.00,2.10
2008.11.06 16:48:01.306,0.83015,0.8308,1.00,6.00
2008.11.06 16:48:02.076,0.8301,0.8308,6.60,6.00
2008.11.06 16:48:02.546,0.83025,0.83085,6.00,1.60
2008.11.06 16:48:03.286,0.8303,0.83085,6.00,1.60
2008.11.06 16:48:03.706,0.83035,0.8309,6.00,1.60
2008.11.06 16:48:03.936,0.83035,0.831,6.00,7.60
2008.11.06 16:48:04.516,0.83035,0.831,6.00,6.00
2008.11.06 16:48:04.865,0.8303,0.831,6.00,6.00
2008.11.06 16:48:05.566,0.8303,0.831,7.20,6.00
2008.11.06 16:48:06.445,0.8303,0.831,6.00,6.00
2008.11.06 16:48:06.965,0.8303,0.83095,6.00,6.00
2008.11.06 16:48:07.305,0.83025,0.83095,6.00,6.00
2008.11.06 16:48:07.755,0.83025,0.83095,6.00,6.60
2008.11.06 16:48:09.005,0.83025,0.83095,6.00,6.00
2008.11.06 16:48:10.234,0.8304,0.831,1.00,6.00
2008.11.06 16:48:10.584,0.83045,0.831,1.20,6.00
2008.11.06 16:48:10.924,0.8304,0.83105,1.20,6.00
2008.11.06 16:48:11.374,0.8304,0.83105,7.20,6.00
2008.11.06 16:48:11.904,0.83045,0.8311,7.20,6.00
2008.11.06 16:48:12.694,0.83045,0.8311,6.00,6.00
2008.11.06 16:48:14.343,0.83035,0.83105,7.80,7.50
2008.11.06 16:48:14.743,0.83035,0.831,6.00,1.00
2008.11.06 16:48:15.263,0.8303,0.83095,1.00,6.60
2008.11.06 16:48:15.613,0.8303,0.83095,1.00,6.00
2008.11.06 16:48:15.973,0.83025,0.83095,6.00,6.60
2008.11.06 16:48:16.333,0.8302,0.83085,6.00,1.00
2008.11.06 16:48:16.663,0.83015,0.8308,1.00,6.00
2008.11.06 16:48:16.963,0.8301,0.8308,6.00,8.10
2008.11.06 16:48:17.322,0.83005,0.83075,6.60,6.00
2008.11.06 16:48:18.073,0.83015,0.8308,6.00,6.60
2008.11.06 16:48:18.372,0.8301,0.8308,6.00,6.60
2008.11.06 16:48:18.772,0.8301,0.8308,7.20,8.10
2008.11.06 16:48:18.932,0.83005,0.83075,6.00,7.50
2008.11.06 16:48:19.332,0.83005,0.83075,6.00,6.00
2008.11.06 16:48:20.232,0.83015,0.83085,6.00,7.60
2008.11.06 16:48:20.702,0.8302,0.83085,1.20,6.00
2008.11.06 16:48:20.982,0.8302,0.8309,6.00,6.00
2008.11.06 16:48:21.551,0.8302,0.8309,6.00,6.60
2008.11.06 16:48:22.361,0.8302,0.8309,7.20,6.60
2008.11.06 16:48:22.642,0.8302,0.8309,6.00,6.60
2008.11.06 16:48:23.061,0.8302,0.8309,6.00,8.10
2008.11.06 16:48:23.341,0.8302,0.8308,6.00,1.50
2008.11.06 16:48:24.151,0.8302,0.83075,6.00,1.50
2008.11.06 16:48:24.271,0.83015,0.83075,7.20,1.50
2008.11.06 16:48:24.561,0.8302,0.83075,1.20,1.50
2008.11.06 16:48:24.921,0.83015,0.83075,6.00,1.50
2008.11.06 16:48:25.261,0.8302,0.8308,1.00,1.00
2008.11.06 16:48:28.950,0.8302,0.8308,1.00,6.60
2008.11.06 16:48:29.770,0.8302,0.83075,1.00,1.00
2008.11.06 16:48:29.940,0.83015,0.83075,1.00,1.00
2008.11.06 16:48:30.300,0.83015,0.83075,1.00,6.60
2008.11.06 16:48:30.599,0.83015,0.8307,1.00,1.00
2008.11.06 16:48:32.180,0.8301,0.8307,1.00,1.00
2008.11.06 16:48:32.619,0.8301,0.83075,1.00,6.60
2008.11.06 16:48:32.949,0.8301,0.83075,6.10,1.00
2008.11.06 16:48:33.619,0.83015,0.83075,6.10,1.00
2008.11.06 16:48:34.088,0.83015,0.83085,6.10,6.60
2008.11.06 16:48:35.288,0.8302,0.83085,1.00,6.60
2008.11.06 16:48:35.578,0.8302,0.83085,6.10,1.00
2008.11.06 16:48:35.868,0.8302,0.83085,6.00,1.00
2008.11.06 16:48:37.338,0.83015,0.83085,6.10,6.60
2008.11.06 16:48:38.427,0.83015,0.8308,6.00,1.00
2008.11.06 16:48:38.837,0.8301,0.83075,6.00,6.60
2008.11.06 16:48:39.357,0.83005,0.8307,6.10,1.00
2008.11.06 16:48:41.077,0.83015,0.8308,6.10,1.60
2008.11.06 16:48:41.377,0.8302,0.8309,6.00,6.00
2008.11.06 16:48:41.667,0.8302,0.8309,6.10,6.00
2008.11.06 16:48:42.017,0.8302,0.8309,7.30,6.00
2008.11.06 16:48:42.317,0.8302,0.8309,6.00,6.00
2008.11.06 16:48:42.647,0.8303,0.83095,6.00,1.00
2008.11.06 16:48:42.997,0.83035,0.83105,6.00,6.00
2008.11.06 16:48:43.756,0.8303,0.831,6.00,6.00
2008.11.06 16:48:44.576,0.83035,0.83105,6.10,6.60
2008.11.06 16:48:44.986,0.8304,0.83105,6.00,1.60
2008.11.06 16:48:45.106,0.83035,0.831,6.00,6.00
2008.11.06 16:48:46.236,0.8303,0.831,6.00,6.00
2008.11.06 16:48:47.375,0.83045,0.83105,1.00,7.60
2008.11.06 16:48:47.905,0.8304,0.83095,1.20,6.00
2008.11.06 16:48:48.375,0.83025,0.83095,7.30,6.00
2008.11.06 16:48:49.915,0.83025,0.83095,7.20,6.00
2008.11.06 16:48:50.365,0.8303,0.831,6.00,6.00
2008.11.06 16:48:50.835,0.83025,0.83095,7.30,6.00
2008.11.06 16:48:51.235,0.83025,0.83095,6.10,6.00
2008.11.06 16:48:51.584,0.8302,0.8309,7.30,6.00
2008.11.06 16:48:51.994,0.83015,0.83085,7.80,6.00
2008.11.06 16:48:52.344,0.83015,0.8308,6.60,6.00
2008.11.06 16:48:52.734,0.8301,0.8308,6.00,6.00
2008.11.06 16:48:53.354,0.8301,0.8308,6.10,6.00
2008.11.06 16:48:53.694,0.8301,0.8308,6.00,6.00
2008.11.06 16:48:53.994,0.8301,0.8308,6.60,6.60
2008.11.06 16:48:54.404,0.8301,0.8307,1.00,6.00
2008.11.06 16:48:54.754,0.83005,0.8307,6.00,6.00
2008.11.06 16:48:55.903,0.83,0.8307,6.00,6.00
2008.11.06 16:48:56.313,0.83,0.8307,6.10,6.00
2008.11.06 16:48:56.603,0.83005,0.83075,6.00,6.00
2008.11.06 16:48:57.124,0.83005,0.83075,6.00,7.60
2008.11.06 16:48:57.523,0.83,0.8307,6.00,6.00
2008.11.06 16:48:58.103,0.82995,0.8306,1.00,6.00
2008.11.06 16:48:58.373,0.82995,0.8305,1.00,1.50
2008.11.06 16:48:59.012,0.82995,0.83015,1.00,1.50
2008.11.06 16:48:59.532,0.82985,0.83015,1.00,1.50
2008.11.06 16:48:59.892,0.83,0.83015,6.00,1.50
2008.11.06 16:49:00.462,0.82995,0.83,1.00,1.50
2008.11.06 16:49:01.612,0.8296,0.83005,1.00,1.50
2008.11.06 16:49:02.212,0.82945,0.83005,1.00,1.50
2008.11.06 16:49:02.562,0.8294,0.83005,7.30,1.50
2008.11.06 16:49:02.911,0.8295,0.83005,6.60,1.50
2008.11.06 16:49:03.551,0.8295,0.83,6.60,1.50
2008.11.06 16:49:08.370,0.8295,0.82995,6.60,1.50
2008.11.06 16:49:09.770,0.8295,0.83,6.60,1.50
2008.11.06 16:49:11.500,0.8295,0.82995,6.60,1.50
2008.11.06 16:49:11.899,0.8295,0.82995,6.60,7.50
2008.11.06 16:49:12.479,0.8295,0.8299,6.60,6.00
2008.11.06 16:49:18.118,0.8295,0.82995,6.60,6.00
2008.11.06 16:49:20.358,0.8295,0.83,6.60,6.00
2008.11.06 16:49:21.777,0.8295,0.83005,12.60,1.50
2008.11.06 16:49:22.187,0.82955,0.82995,1.20,1.50
2008.11.06 16:49:22.527,0.8295,0.83,13.80,1.50
2008.11.06 16:49:22.757,0.8295,0.82995,13.80,1.50
2008.11.06 16:49:23.257,0.8295,0.8303,13.80,6.00
2008.11.06 16:49:24.287,0.82955,0.83035,6.00,6.00
2008.11.06 16:49:24.636,0.8295,0.8302,14.50,6.00
2008.11.06 16:49:24.927,0.8295,0.8302,13.80,6.00
2008.11.06 16:49:28.015,0.82955,0.8302,1.00,6.00
2008.11.06 16:49:28.416,0.8296,0.83025,6.00,6.00
2008.11.06 16:49:29.315,0.82955,0.8302,1.20,6.00
2008.11.06 16:49:29.605,0.8295,0.8302,12.60,6.00
2008.11.06 16:49:29.965,0.8295,0.8302,13.80,6.00
2008.11.06 16:49:30.315,0.8295,0.8302,12.60,6.00
2008.11.06 16:49:30.765,0.8295,0.8302,13.80,6.00
2008.11.06 16:49:30.885,0.8295,0.8302,14.10,6.00
2008.11.06 16:49:31.165,0.8295,0.8302,14.70,6.00
2008.11.06 16:49:31.325,0.82955,0.83025,6.00,6.00
2008.11.06 16:49:33.404,0.82955,0.83025,7.20,6.00
2008.11.06 16:49:33.584,0.82955,0.83025,6.00,6.00
2008.11.06 16:49:36.933,0.82955,0.83025,7.20,6.00
2008.11.06 16:49:37.493,0.82955,0.83025,6.00,6.00
2008.11.06 16:49:37.953,0.82955,0.83025,7.20,6.00
2008.11.06 16:49:38.993,0.8296,0.8303,6.00,6.00
2008.11.06 16:49:39.563,0.8296,0.8303,6.60,6.00
2008.11.06 16:49:39.673,0.8297,0.8304,6.00,6.00
2008.11.06 16:49:40.532,0.8297,0.8304,7.20,6.00
2008.11.06 16:49:41.672,0.82975,0.8304,1.20,6.00
2008.11.06 16:49:42.752,0.8297,0.8304,7.20,6.00
2008.11.06 16:49:43.152,0.82975,0.8303,1.20,6.00
2008.11.06 16:49:43.502,0.8296,0.8303,6.00,6.00
2008.11.06 16:49:43.862,0.8296,0.8303,7.20,6.00
2008.11.06 16:49:44.391,0.8296,0.8303,6.00,6.00
2008.11.06 16:49:44.622,0.8297,0.8304,6.00,6.00
2008.11.06 16:49:44.971,0.8297,0.8304,7.20,6.00
2008.11.06 16:49:45.441,0.82975,0.83045,6.00,7.60
2008.11.06 16:49:45.791,0.82975,0.83045,7.20,6.00
2008.11.06 16:49:48.171,0.8298,0.83045,6.00,6.00
2008.11.06 16:49:50.640,0.82995,0.8305,1.00,6.00
2008.11.06 16:49:51.210,0.8298,0.83045,1.20,6.00
2008.11.06 16:49:51.610,0.8297,0.8304,6.60,6.00
2008.11.06 16:49:52.860,0.82965,0.8303,1.80,6.00
2008.11.06 16:49:53.279,0.82965,0.83025,1.00,6.00
2008.11.06 16:49:53.620,0.8296,0.83025,6.00,6.00
2008.11.06 16:49:54.029,0.8296,0.8303,7.20,6.00
2008.11.06 16:49:54.429,0.8297,0.8303,1.20,6.00
2008.11.06 16:49:54.889,0.82975,0.83035,6.00,1.60
2008.11.06 16:49:55.349,0.8298,0.8304,6.00,1.60
2008.11.06 16:49:55.869,0.8298,0.83035,7.20,1.60
2008.11.06 16:49:56.279,0.8298,0.8305,6.00,7.60
2008.11.06 16:49:56.829,0.8298,0.83045,6.00,6.00
2008.11.06 16:49:57.799,0.8298,0.83045,7.20,6.00
2008.11.06 16:49:59.328,0.82975,0.83045,6.00,6.00
2008.11.06 16:49:59.718,0.8297,0.8304,7.20,6.00
2008.11.06 16:49:59.898,0.8297,0.8304,6.00,6.00
2008.11.06 16:50:00.758,0.82965,0.83035,6.00,6.00
2008.11.06 16:50:01.268,0.8296,0.8303,6.00,6.00
2008.11.06 16:50:02.687,0.82965,0.83035,6.00,6.00
2008.11.06 16:50:03.427,0.82965,0.83035,7.20,6.00
2008.11.06 16:50:03.777,0.82965,0.8303,7.20,6.00
2008.11.06 16:50:04.247,0.82965,0.8303,6.00,6.00
2008.11.06 16:50:04.777,0.82965,0.8303,7.20,6.00
2008.11.06 16:50:05.007,0.82965,0.8303,6.00,6.00
2008.11.06 16:50:05.596,0.82965,0.8303,7.20,6.00
2008.11.06 16:50:06.416,0.82975,0.83045,6.00,6.00
2008.11.06 16:50:06.856,0.82995,0.8306,6.00,7.50
2008.11.06 16:50:07.086,0.82995,0.8306,6.00,6.00
2008.11.06 16:50:07.546,0.83015,0.83075,1.00,7.60
2008.11.06 16:50:07.926,0.83,0.8307,1.20,6.00
2008.11.06 16:50:08.096,0.82995,0.8307,6.00,6.00
2008.11.06 16:50:08.846,0.83,0.8307,6.00,6.00
2008.11.06 16:50:09.525,0.82995,0.83065,6.00,6.00
2008.11.06 16:50:09.825,0.82995,0.83065,6.60,6.00
2008.11.06 16:50:10.166,0.82995,0.83065,7.80,6.00
2008.11.06 16:50:10.505,0.8299,0.8306,6.60,6.00
2008.11.06 16:50:10.905,0.8299,0.8306,6.00,6.00
2008.11.06 16:50:11.325,0.82985,0.83055,7.20,6.00
2008.11.06 16:50:12.765,0.82995,0.8306,1.00,6.00
2008.11.06 16:50:13.065,0.83,0.8307,7.20,6.00
2008.11.06 16:50:14.414,0.82995,0.83065,7.20,6.00
2008.11.06 16:50:15.944,0.83,0.8307,6.00,6.00
2008.11.06 16:50:16.674,0.83,0.83065,6.00,6.00
2008.11.06 16:50:17.325,0.82995,0.83055,1.20,6.00
2008.11.06 16:50:17.904,0.8299,0.83055,6.60,6.00
2008.11.06 16:50:18.303,0.8299,0.83055,6.00,6.00
2008.11.06 16:50:19.103,0.83005,0.83065,6.00,1.50
2008.11.06 16:50:19.513,0.83005,0.8307,6.00,6.00
2008.11.06 16:50:19.693,0.8302,0.8307,1.00,6.00
2008.11.06 16:50:20.153,0.83015,0.83075,1.00,6.00
2008.11.06 16:50:20.563,0.8302,0.83075,1.00,6.00
2008.11.06 16:50:21.043,0.8302,0.8308,1.00,6.00
2008.11.06 16:50:21.213,0.8302,0.83085,1.00,6.00
2008.11.06 16:50:21.733,0.83015,0.83085,6.00,6.00
2008.11.06 16:50:22.083,0.83015,0.8308,1.20,6.00
2008.11.06 16:50:22.473,0.8302,0.8307,1.20,6.00
2008.11.06 16:50:22.772,0.8301,0.83065,1.30,6.00
2008.11.06 16:50:23.232,0.8301,0.83065,1.00,6.00
2008.11.06 16:50:23.852,0.8301,0.83065,1.30,6.00
2008.11.06 16:50:24.092,0.8301,0.8307,1.00,7.60
2008.11.06 16:50:24.602,0.8301,0.8307,1.00,6.00
2008.11.06 16:50:25.292,0.8301,0.83065,1.00,6.00
2008.11.06 16:50:26.212,0.8301,0.8307,1.00,6.00
2008.11.06 16:50:26.911,0.8301,0.8308,6.10,6.60
2008.11.06 16:50:27.491,0.8301,0.8307,1.30,6.00
2008.11.06 16:50:27.841,0.8301,0.8307,1.20,6.00
2008.11.06 16:50:28.591,0.83005,0.8307,7.30,6.00
2008.11.06 16:50:29.211,0.83015,0.8307,1.00,6.00
2008.11.06 16:50:29.491,0.8302,0.83075,1.00,6.00
2008.11.06 16:50:30.381,0.8301,0.83075,1.30,6.00
2008.11.06 16:50:30.730,0.8301,0.8307,1.00,6.00
2008.11.06 16:50:32.430,0.83,0.8305,1.00,6.00
2008.11.06 16:50:32.760,0.82965,0.8304,1.00,6.60
2008.11.06 16:50:33.110,0.82965,0.83035,1.00,6.00
2008.11.06 16:50:33.561,0.8296,0.83035,1.00,6.00
2008.11.06 16:50:33.849,0.82975,0.83045,6.00,6.60
2008.11.06 16:50:34.200,0.8298,0.83035,1.00,6.00
2008.11.06 16:50:34.540,0.82985,0.8304,1.00,6.00
2008.11.06 16:50:34.899,0.82995,0.8304,1.00,1.60
2008.11.06 16:50:35.339,0.83,0.8305,1.00,1.60
2008.11.06 16:50:35.669,0.83,0.83055,1.00,7.60
2008.11.06 16:50:36.249,0.8299,0.83055,1.20,7.60
2008.11.06 16:50:36.549,0.8299,0.83055,1.20,6.00
2008.11.06 16:50:37.009,0.82985,0.83055,7.20,6.00
2008.11.06 16:50:38.109,0.8298,0.8305,7.20,6.00
2008.11.06 16:50:39.089,0.8298,0.8305,7.80,6.00
2008.11.06 16:50:39.428,0.82975,0.83045,7.80,6.00
2008.11.06 16:50:39.888,0.82975,0.83045,6.60,6.00
2008.11.06 16:50:40.398,0.82975,0.83045,7.80,6.00
2008.11.06 16:50:40.628,0.82975,0.83045,7.20,6.00
2008.11.06 16:50:41.258,0.8298,0.8305,6.00,6.00
2008.11.06 16:50:41.648,0.8298,0.8305,7.20,6.00
2008.11.06 16:50:42.008,0.82985,0.83055,6.00,7.60
2008.11.06 16:50:42.738,0.82985,0.83055,6.00,6.00
2008.11.06 16:50:43.027,0.82975,0.8304,7.80,6.00
2008.11.06 16:50:43.358,0.82975,0.83035,1.00,6.00
2008.11.06 16:50:44.097,0.8297,0.83035,1.00,6.00
2008.11.06 16:50:44.437,0.82965,0.83035,6.60,6.00
2008.11.06 16:50:44.877,0.82965,0.83035,6.00,6.00
2008.11.06 16:50:46.976,0.82965,0.83035,6.00,7.50
2008.11.06 16:50:47.416,0.8296,0.83025,6.00,6.00
2008.11.06 16:50:49.906,0.8296,0.8303,6.00,6.00
2008.11.06 16:50:50.316,0.82965,0.8303,6.00,6.00
2008.11.06 16:50:53.775,0.82965,0.83035,6.00,6.00
2008.11.06 16:50:54.335,0.8297,0.8304,6.00,6.00
2008.11.06 16:50:56.294,0.82975,0.83045,6.00,6.00
2008.11.06 16:50:56.694,0.8298,0.8305,6.00,6.00
2008.11.06 16:50:57.504,0.82985,0.83045,6.00,1.50
2008.11.06 16:50:57.894,0.8298,0.8304,6.00,1.00
2008.11.06 16:50:58.224,0.8298,0.8305,6.00,6.00
2008.11.06 16:50:58.824,0.8298,0.8305,7.20,6.00
2008.11.06 16:50:59.403,0.8298,0.8305,6.00,6.00
2008.11.06 16:50:59.643,0.82975,0.83045,7.20,6.00
2008.11.06 16:51:00.094,0.82975,0.83045,7.20,7.50
2008.11.06 16:51:00.323,0.8297,0.83035,6.60,6.00
2008.11.06 16:51:00.713,0.8297,0.83035,6.00,6.00
2008.11.06 16:51:01.803,0.82965,0.8303,6.00,6.00
2008.11.06 16:51:02.503,0.8296,0.8303,8.10,6.00
2008.11.06 16:51:02.833,0.8297,0.8303,1.20,6.00
2008.11.06 16:51:03.113,0.8296,0.8303,7.20,6.00
2008.11.06 16:51:05.892,0.8297,0.8303,1.00,6.00
2008.11.06 16:51:06.292,0.8298,0.83045,6.00,7.60
2008.11.06 16:51:06.792,0.8299,0.8306,7.20,6.00
2008.11.06 16:51:07.022,0.8299,0.8306,6.00,6.00
2008.11.06 16:51:08.011,0.8299,0.8306,7.20,6.00
2008.11.06 16:51:08.351,0.8299,0.8306,6.00,6.00
2008.11.06 16:51:11.890,0.8299,0.83055,6.00,6.00
2008.11.06 16:51:13.860,0.8299,0.83055,6.00,6.60
2008.11.06 16:51:14.200,0.8298,0.8305,6.00,6.60
2008.11.06 16:51:14.490,0.82985,0.83055,6.00,6.00
2008.11.06 16:51:15.010,0.82985,0.83055,6.00,7.50
2008.11.06 16:51:15.291,0.82985,0.83055,6.00,6.00
2008.11.06 16:51:15.810,0.8299,0.8306,6.00,7.50
2008.11.06 16:51:16.259,0.82985,0.83055,6.00,6.00
2008.11.06 16:51:16.939,0.8299,0.8306,7.20,6.00
2008.11.06 16:51:17.289,0.82995,0.83065,6.00,6.60
2008.11.06 16:51:19.259,0.83,0.8307,6.00,6.00
2008.11.06 16:51:19.659,0.83,0.8307,7.20,6.00
2008.11.06 16:51:19.959,0.83005,0.8307,6.00,6.00
2008.11.06 16:51:20.138,0.83,0.8307,7.20,6.00
2008.11.06 16:51:20.648,0.83,0.83065,1.20,6.00
2008.11.06 16:51:20.978,0.82995,0.83065,7.20,8.10
2008.11.06 16:51:21.279,0.82995,0.83065,6.00,6.00
2008.11.06 16:51:21.628,0.82995,0.8306,6.00,6.00
2008.11.06 16:51:23.198,0.82995,0.83065,6.00,6.60
2008.11.06 16:51:23.528,0.83,0.8307,6.00,7.60
2008.11.06 16:51:24.287,0.83005,0.8307,6.00,1.60
2008.11.06 16:51:24.877,0.83005,0.83075,6.00,6.60
2008.11.06 16:51:24.997,0.83005,0.83075,6.00,6.00
2008.11.06 16:51:26.977,0.8301,0.8308,6.00,7.60
2008.11.06 16:51:27.427,0.8301,0.8308,6.00,6.00
2008.11.06 16:51:27.887,0.83005,0.83075,6.00,6.00
2008.11.06 16:51:28.307,0.83,0.8307,7.80,6.00
2008.11.06 16:51:28.536,0.83,0.8307,7.20,6.00
2008.11.06 16:51:28.817,0.83,0.8307,6.00,6.00
2008.11.06 16:51:29.476,0.83005,0.8307,6.00,6.00
2008.11.06 16:51:30.296,0.83005,0.83075,6.00,6.00
2008.11.06 16:51:31.166,0.83005,0.83075,6.00,6.60
2008.11.06 16:51:31.566,0.83005,0.8307,6.00,1.50
2008.11.06 16:51:31.736,0.83,0.8307,6.00,7.50
2008.11.06 16:51:32.125,0.82995,0.83065,6.00,6.60
2008.11.06 16:51:32.686,0.83,0.8307,7.20,6.00
2008.11.06 16:51:33.095,0.8301,0.8308,6.00,6.00
2008.11.06 16:51:33.495,0.83015,0.83085,6.00,7.50
2008.11.06 16:51:33.785,0.83015,0.8308,6.00,6.00
2008.11.06 16:51:35.215,0.83,0.8307,7.20,6.00
2008.11.06 16:51:35.725,0.83005,0.83075,6.00,6.00
2008.11.06 16:51:36.005,0.8301,0.8308,6.00,6.00
2008.11.06 16:51:36.535,0.83015,0.8308,1.20,6.00
2008.11.06 16:51:36.945,0.8301,0.8308,6.00,6.00
2008.11.06 16:51:40.913,0.83015,0.8308,1.20,6.00
2008.11.06 16:51:41.363,0.83015,0.83085,7.20,6.00
2008.11.06 16:51:42.463,0.83015,0.83085,6.00,6.00
2008.11.06 16:51:43.143,0.83005,0.83075,6.00,6.00
2008.11.06 16:51:43.473,0.83,0.8307,6.00,6.60
2008.11.06 16:51:43.883,0.82995,0.8306,1.00,6.00
2008.11.06 16:51:44.293,0.8299,0.8306,6.00,6.00
2008.11.06 16:51:44.763,0.82985,0.83055,7.80,6.00
2008.11.06 16:51:45.523,0.82985,0.83055,6.60,6.00
2008.11.06 16:51:45.692,0.82985,0.83055,6.00,6.00
2008.11.06 16:51:46.832,0.8298,0.8305,7.80,7.50
2008.11.06 16:51:47.332,0.82975,0.83045,6.00,6.00
2008.11.06 16:51:48.532,0.82975,0.8304,6.00,6.00
2008.11.06 16:51:49.991,0.82975,0.83045,6.00,6.00
2008.11.06 16:51:53.531,0.82975,0.83045,7.20,6.00
2008.11.06 16:51:55.930,0.82985,0.83055,6.00,6.00
2008.11.06 16:51:59.279,0.8299,0.8306,6.00,6.00
2008.11.06 16:52:00.889,0.82985,0.83055,7.20,6.00
2008.11.06 16:52:01.358,0.8298,0.8305,7.80,6.00
2008.11.06 16:52:01.689,0.8298,0.8305,7.20,6.00
2008.11.06 16:52:03.698,0.82985,0.83055,6.00,6.00
2008.11.06 16:52:04.398,0.83,0.83065,6.00,7.60
2008.11.06 16:52:04.808,0.83,0.83065,6.00,6.00
2008.11.06 16:52:05.088,0.83,0.83065,7.20,6.00
2008.11.06 16:52:05.657,0.82995,0.83065,7.20,6.00
2008.11.06 16:52:06.127,0.8299,0.8306,7.80,6.00
2008.11.06 16:52:06.477,0.82985,0.83045,7.80,1.50
2008.11.06 16:52:06.987,0.8298,0.8306,7.80,6.00
2008.11.06 16:52:07.327,0.8298,0.8306,6.60,6.00
2008.11.06 16:52:07.797,0.8298,0.8305,6.00,6.00
2008.11.06 16:52:08.737,0.82975,0.8304,1.20,6.00
2008.11.06 16:52:08.907,0.82975,0.83035,1.20,1.50
2008.11.06 16:52:09.257,0.8297,0.83035,7.80,1.50
2008.11.06 16:52:09.956,0.8297,0.83035,6.60,1.50
2008.11.06 16:52:10.536,0.8297,0.83035,6.00,1.50
2008.11.06 16:52:11.046,0.8297,0.8304,6.00,6.00
2008.11.06 16:52:11.496,0.82975,0.83045,6.00,7.60
2008.11.06 16:52:11.776,0.82975,0.83045,7.20,6.00
2008.11.06 16:52:12.156,0.82975,0.83045,6.00,6.00
2008.11.06 16:52:12.886,0.8298,0.8305,6.00,6.00
2008.11.06 16:52:13.286,0.8298,0.8305,7.20,6.00
2008.11.06 16:52:13.926,0.82985,0.83055,6.00,7.60
2008.11.06 16:52:14.335,0.82985,0.83055,6.00,6.00
2008.11.06 16:52:16.485,0.8299,0.83055,1.00,6.00
2008.11.06 16:52:16.765,0.83005,0.83075,6.00,6.00
2008.11.06 16:52:17.645,0.8303,0.8309,6.00,6.40
2008.11.06 16:52:18.005,0.8301,0.8309,6.00,7.50
2008.11.06 16:52:18.404,0.83005,0.8308,6.00,6.00
2008.11.06 16:52:18.684,0.83015,0.83085,6.00,7.50
2008.11.06 16:52:19.024,0.83015,0.83085,6.00,8.10
2008.11.06 16:52:19.414,0.8301,0.8308,6.60,7.50
2008.11.06 16:52:20.174,0.8301,0.8308,6.60,8.10
2008.11.06 16:52:20.624,0.8301,0.83075,6.00,1.00
2008.11.06 16:52:20.974,0.83015,0.8308,6.00,1.50
2008.11.06 16:52:21.314,0.83015,0.8308,6.00,2.10
2008.11.06 16:52:22.413,0.83015,0.83085,6.00,8.20
2008.11.06 16:52:22.693,0.83015,0.83085,6.10,6.60
2008.11.06 16:52:23.043,0.83025,0.83095,6.00,7.60
2008.11.06 16:52:23.453,0.83035,0.83095,6.00,1.60
2008.11.06 16:52:24.103,0.8304,0.83105,6.00,3.10
2008.11.06 16:52:24.563,0.8304,0.8311,6.00,8.10
2008.11.06 16:52:24.783,0.83035,0.83105,6.60,7.50
2008.11.06 16:52:25.143,0.83035,0.83105,6.00,7.50
2008.11.06 16:52:25.893,0.83035,0.831,6.00,2.10
2008.11.06 16:52:26.303,0.8304,0.83105,6.00,7.50
2008.11.06 16:52:26.943,0.83035,0.83105,6.00,8.10
2008.11.06 16:52:27.292,0.83035,0.831,6.00,2.10
2008.11.06 16:52:27.632,0.8303,0.8309,1.00,8.10
2008.11.06 16:52:28.272,0.8303,0.831,6.60,6.00
2008.11.06 16:52:28.592,0.83035,0.83105,6.00,6.00
2008.11.06 16:52:28.932,0.83035,0.831,6.00,1.60
2008.11.06 16:52:29.222,0.8303,0.831,7.20,9.10
2008.11.06 16:52:29.682,0.83025,0.83095,6.00,6.00
2008.11.06 16:52:30.082,0.83025,0.83095,6.60,6.00
2008.11.06 16:52:30.381,0.83025,0.83085,1.00,6.00
2008.11.06 16:52:30.781,0.8303,0.83085,1.00,6.00
2008.11.06 16:52:31.062,0.83025,0.83085,1.00,6.00
2008.11.06 16:52:31.681,0.8302,0.8309,6.60,6.00
2008.11.06 16:52:32.271,0.8302,0.8309,6.00,6.00
2008.11.06 16:52:33.661,0.8302,0.8309,7.20,6.00
2008.11.06 16:52:35.980,0.8302,0.8309,6.00,6.00
2008.11.06 16:52:36.330,0.83015,0.8307,1.80,1.50
2008.11.06 16:52:36.680,0.83015,0.8307,1.00,1.50
2008.11.06 16:52:36.970,0.83025,0.8307,1.20,1.50
2008.11.06 16:52:37.620,0.83015,0.8307,1.00,1.50
2008.11.06 16:52:38.649,0.83005,0.8307,6.00,1.50
2008.11.06 16:52:38.979,0.83015,0.8307,1.00,1.50
2008.11.06 16:52:39.139,0.83005,0.8307,6.00,7.50
2008.11.06 16:52:40.529,0.83,0.8307,6.60,7.50
2008.11.06 16:52:41.239,0.83,0.8307,6.00,7.50
2008.11.06 16:52:43.608,0.83015,0.83075,6.00,1.60
2008.11.06 16:52:45.678,0.83015,0.8308,6.00,6.00
2008.11.06 16:52:46.817,0.83015,0.8308,6.10,6.00
2008.11.06 16:52:47.287,0.83025,0.83085,6.00,1.00
2008.11.06 16:52:47.557,0.8303,0.8309,6.00,1.60
2008.11.06 16:52:47.857,0.8303,0.831,6.00,6.00
2008.11.06 16:52:48.727,0.83025,0.83095,7.20,6.00
2008.11.06 16:52:49.028,0.8302,0.8309,7.80,6.00
2008.11.06 16:52:49.437,0.8302,0.8309,6.60,6.00
2008.11.06 16:52:49.728,0.83015,0.83085,7.80,6.00
2008.11.06 16:52:50.117,0.83015,0.83085,7.20,6.00
2008.11.06 16:52:50.816,0.83015,0.8308,7.20,1.50
2008.11.06 16:52:51.167,0.83015,0.8308,1.20,8.10
2008.11.06 16:52:51.636,0.8301,0.8308,6.00,8.10
2008.11.06 16:52:52.446,0.83005,0.8307,6.00,6.00
2008.11.06 16:52:54.806,0.83005,0.83075,6.00,6.00
2008.11.06 16:52:55.156,0.83005,0.83075,7.20,6.00
2008.11.06 16:52:55.335,0.8301,0.8308,7.20,6.60
2008.11.06 16:52:55.605,0.8301,0.8308,7.20,6.00
2008.11.06 16:52:56.065,0.83015,0.83085,6.00,7.50
2008.11.06 16:52:56.365,0.8302,0.83085,6.00,6.00
2008.11.06 16:52:58.115,0.83025,0.8309,6.00,8.10
2008.11.06 16:52:58.635,0.83025,0.83085,6.00,1.50
2008.11.06 16:52:59.255,0.8302,0.83085,6.00,7.50
2008.11.06 16:52:59.964,0.8302,0.8308,6.00,1.50
2008.11.06 16:53:00.274,0.83015,0.8308,6.00,1.50
2008.11.06 16:53:02.594,0.83015,0.83085,6.00,8.10
2008.11.06 16:53:03.114,0.8302,0.83085,6.00,2.10
2008.11.06 16:53:03.783,0.83015,0.83085,6.00,8.10
2008.11.06 16:53:04.843,0.83015,0.8308,6.00,1.00
2008.11.06 16:53:05.133,0.8301,0.8308,6.00,6.60
2008.11.06 16:53:05.543,0.8301,0.8308,6.00,8.10
2008.11.06 16:53:06.503,0.8301,0.83075,6.00,6.00
2008.11.06 16:53:09.312,0.8301,0.8308,6.00,8.10
2008.11.06 16:53:09.602,0.8301,0.8308,6.00,9.70
2008.11.06 16:53:10.182,0.83005,0.83075,6.00,7.50
2008.11.06 16:53:10.292,0.8301,0.8308,6.00,8.10
2008.11.06 16:53:10.692,0.83005,0.83075,6.00,7.50
2008.11.06 16:53:11.362,0.83005,0.83075,6.00,8.10
2008.11.06 16:53:11.752,0.83,0.8307,7.20,8.10
2008.11.06 16:53:12.211,0.82995,0.83065,6.60,6.60
2008.11.06 16:53:12.502,0.82995,0.83065,6.00,6.00
2008.11.06 16:53:13.121,0.83,0.8307,6.00,6.60
2008.11.06 16:53:14.021,0.83005,0.8307,6.00,1.00
2008.11.06 16:53:15.471,0.83,0.8307,6.00,6.60
2008.11.06 16:53:15.750,0.83,0.83065,6.00,1.50
2008.11.06 16:53:16.090,0.82995,0.83065,6.00,8.10
2008.11.06 16:53:16.640,0.82995,0.8306,6.00,1.00
2008.11.06 16:53:17.440,0.82995,0.8306,6.00,2.10
2008.11.06 16:53:17.770,0.82995,0.8306,6.00,8.10
2008.11.06 16:53:18.120,0.82995,0.8306,6.00,6.00
2008.11.06 16:53:18.480,0.82995,0.83065,6.00,8.10
2008.11.06 16:53:19.400,0.82995,0.8306,6.00,2.10
2008.11.06 16:53:19.700,0.82995,0.83055,6.00,1.50
2008.11.06 16:53:19.810,0.82995,0.83055,6.00,2.10
2008.11.06 16:53:20.929,0.8299,0.83055,6.00,2.10
2008.11.06 16:53:21.509,0.8299,0.8306,6.00,8.10
2008.11.06 16:53:21.849,0.8299,0.83055,6.00,2.10
2008.11.06 16:53:22.819,0.82985,0.8305,6.00,1.00
2008.11.06 16:53:23.169,0.82985,0.8305,6.00,2.10
2008.11.06 16:53:23.759,0.82985,0.83055,6.00,7.50
2008.11.06 16:53:24.628,0.8299,0.83055,6.00,1.50
2008.11.06 16:53:24.908,0.8299,0.8306,6.00,7.60
2008.11.06 16:53:25.318,0.82995,0.8306,6.00,2.20
2008.11.06 16:53:25.719,0.83005,0.83075,6.00,6.00
2008.11.06 16:53:26.698,0.83015,0.8308,6.00,6.00
2008.11.06 16:53:27.208,0.8302,0.8309,6.00,7.50
2008.11.06 16:53:29.047,0.8302,0.8309,6.00,6.00
2008.11.06 16:53:30.147,0.83025,0.83095,6.00,8.10
2008.11.06 16:53:30.547,0.83015,0.8308,7.20,7.50
2008.11.06 16:53:30.887,0.83015,0.83075,6.00,1.50
2008.11.06 16:53:31.227,0.8301,0.83075,6.00,8.10
2008.11.06 16:53:33.356,0.83005,0.83075,6.00,8.10
2008.11.06 16:53:33.866,0.83,0.8307,6.00,6.60
2008.11.06 16:53:34.166,0.83,0.8307,6.00,8.10
2008.11.06 16:53:34.506,0.83,0.83065,6.00,2.10
2008.11.06 16:53:34.686,0.83,0.8306,6.00,1.00
2008.11.06 16:53:34.866,0.83,0.83065,6.00,8.10
2008.11.06 16:53:35.156,0.83,0.8306,6.00,1.00
2008.11.06 16:53:35.446,0.83,0.83065,6.00,8.10
2008.11.06 16:53:35.846,0.83,0.8306,6.00,1.00
2008.11.06 16:53:36.236,0.82985,0.8305,6.00,2.10
2008.11.06 16:53:36.526,0.82985,0.8305,6.00,8.10
2008.11.06 16:53:37.505,0.8298,0.83045,6.00,6.60
2008.11.06 16:53:37.795,0.82975,0.83045,6.00,8.10
2008.11.06 16:53:38.165,0.82975,0.8304,6.00,2.10
2008.11.06 16:53:40.005,0.82975,0.83045,6.00,6.00
2008.11.06 16:53:40.355,0.8298,0.83045,1.00,6.00
2008.11.06 16:53:40.685,0.82985,0.8305,6.00,2.10
2008.11.06 16:53:41.015,0.8298,0.83045,6.00,2.10
2008.11.06 16:53:41.255,0.82975,0.8304,6.00,8.10
2008.11.06 16:53:41.764,0.82975,0.8304,6.00,6.00
2008.11.06 16:53:42.104,0.8298,0.8304,6.00,6.00
2008.11.06 16:53:42.514,0.8298,0.8305,6.00,6.60
2008.11.06 16:53:43.194,0.8298,0.8305,7.20,6.00
2008.11.06 16:53:44.064,0.82985,0.83055,6.00,6.00
2008.11.06 16:53:44.174,0.82985,0.83055,6.00,7.50
2008.11.06 16:53:44.514,0.82985,0.8305,6.00,1.50
2008.11.06 16:53:44.693,0.8298,0.8305,6.00,8.10
2008.11.06 16:53:47.203,0.8298,0.8305,6.00,6.60
2008.11.06 16:53:49.682,0.82975,0.83045,6.00,8.10
2008.11.06 16:53:50.412,0.82975,0.8304,6.00,1.50
2008.11.06 16:53:50.702,0.8297,0.8304,6.00,8.10
2008.11.06 16:53:51.042,0.8297,0.83035,6.00,1.00
2008.11.06 16:53:51.372,0.8297,0.8304,6.00,7.50
2008.11.06 16:53:52.082,0.8297,0.83035,6.00,1.50
2008.11.06 16:53:52.382,0.82975,0.83045,6.00,8.10
2008.11.06 16:53:52.892,0.82975,0.8304,6.00,1.50
2008.11.06 16:53:53.812,0.82975,0.83045,6.00,8.10
2008.11.06 16:53:57.750,0.82995,0.83045,1.00,6.00
2008.11.06 16:53:57.930,0.83005,0.83055,6.00,1.00
2008.11.06 16:53:58.270,0.8301,0.8309,6.00,12.10
2008.11.06 16:53:58.630,0.8301,0.8309,6.00,6.10
2008.11.06 16:53:58.960,0.83015,0.8309,6.00,1.00
2008.11.06 16:53:59.430,0.8301,0.8308,7.20,6.10
2008.11.06 16:54:00.000,0.83005,0.83055,1.20,1.50
2008.11.06 16:54:00.580,0.82965,0.8306,6.00,8.10
2008.11.06 16:54:00.750,0.8297,0.8306,6.00,2.10
2008.11.06 16:54:01.040,0.8297,0.83045,6.00,1.00
2008.11.06 16:54:02.609,0.8298,0.8305,6.00,8.10
2008.11.06 16:54:03.069,0.8299,0.8306,7.20,6.00
2008.11.06 16:54:03.419,0.82995,0.83065,6.00,6.00
2008.11.06 16:54:03.989,0.8299,0.8306,6.00,6.00
2008.11.06 16:54:04.109,0.82985,0.83055,7.20,6.00
2008.11.06 16:54:04.669,0.82985,0.83055,6.00,6.00
2008.11.06 16:54:06.788,0.8298,0.8305,7.20,6.00
2008.11.06 16:54:07.128,0.8298,0.83045,1.20,6.00
2008.11.06 16:54:07.418,0.82975,0.83045,6.00,6.00
2008.11.06 16:54:07.818,0.8297,0.8303,1.80,6.60
2008.11.06 16:54:08.158,0.8297,0.83035,1.20,8.10
2008.11.06 16:54:08.498,0.82965,0.8303,6.00,1.00
2008.11.06 16:54:09.028,0.82975,0.83035,6.00,1.50
2008.11.06 16:54:09.318,0.8297,0.8304,6.00,6.00
2008.11.06 16:54:10.457,0.8296,0.8303,9.60,6.60
2008.11.06 16:54:10.918,0.8296,0.8303,6.00,8.10
2008.11.06 16:54:11.267,0.8296,0.8303,6.00,6.00
2008.11.06 16:54:11.557,0.8296,0.8303,6.00,8.10
2008.11.06 16:54:11.977,0.8296,0.83025,6.00,6.00
2008.11.06 16:54:13.807,0.82955,0.83025,6.00,8.10
2008.11.06 16:54:14.267,0.8296,0.83025,6.00,1.00
2008.11.06 16:54:14.556,0.8296,0.83025,6.00,6.60
2008.11.06 16:54:14.896,0.8296,0.83025,6.00,6.00
2008.11.06 16:54:15.866,0.8296,0.8303,7.20,8.10
2008.11.06 16:54:16.206,0.8296,0.8303,6.00,6.00
2008.11.06 16:54:16.606,0.8296,0.8303,7.20,6.00
2008.11.06 16:54:16.956,0.8296,0.8303,6.00,8.10
2008.11.06 16:54:17.816,0.8296,0.8303,6.00,6.60
2008.11.06 16:54:18.106,0.82965,0.83035,6.00,8.10
2008.11.06 16:54:18.496,0.82975,0.8304,6.00,7.60
2008.11.06 16:54:18.785,0.82975,0.8304,6.00,6.00
2008.11.06 16:54:19.635,0.82975,0.8304,7.20,6.00
2008.11.06 16:54:21.075,0.82975,0.83045,7.20,6.00
2008.11.06 16:54:21.755,0.8298,0.8305,6.00,6.00
2008.11.06 16:54:21.975,0.8298,0.8305,6.00,7.50
2008.11.06 16:54:22.315,0.8299,0.83055,6.00,1.00
2008.11.06 16:54:22.884,0.8299,0.8306,6.90,6.00
2008.11.06 16:54:23.244,0.8301,0.8307,1.20,6.00
2008.11.06 16:54:23.814,0.8301,0.83075,1.20,6.00
2008.11.06 16:54:24.904,0.8301,0.8308,7.20,6.00
2008.11.06 16:54:25.184,0.83015,0.83085,6.10,6.00
2008.11.06 16:54:25.524,0.83025,0.83085,1.20,6.00
2008.11.06 16:54:25.884,0.8303,0.831,7.20,7.60
2008.11.06 16:54:26.274,0.83035,0.83105,7.20,7.60
2008.11.06 16:54:26.694,0.83045,0.8311,1.20,6.00
2008.11.06 16:54:26.993,0.8304,0.8311,7.20,6.00
2008.11.06 16:54:29.143,0.8304,0.8311,6.00,7.50
2008.11.06 16:54:29.763,0.83035,0.83105,6.00,6.00
2008.11.06 16:54:30.043,0.83035,0.831,6.00,1.50
2008.11.06 16:54:30.283,0.8302,0.83085,7.20,6.00
2008.11.06 16:54:30.682,0.8301,0.8308,6.10,6.00
2008.11.06 16:54:31.072,0.8301,0.83075,1.00,6.00
2008.11.06 16:54:31.422,0.8301,0.8307,1.00,6.00
2008.11.06 16:54:31.822,0.83,0.83065,1.30,6.00
2008.11.06 16:54:32.292,0.83015,0.8308,6.00,6.00
2008.11.06 16:54:32.642,0.8302,0.8307,1.20,6.00
2008.11.06 16:54:33.112,0.83,0.83065,6.10,6.00
2008.11.06 16:54:33.462,0.83005,0.83075,6.00,6.00
2008.11.06 16:54:33.742,0.8301,0.83075,1.20,6.00
2008.11.06 16:54:34.142,0.8301,0.8308,7.20,6.00
2008.11.06 16:54:34.651,0.8301,0.8308,6.00,6.00
2008.11.06 16:54:35.041,0.8301,0.8308,7.20,6.00
2008.11.06 16:54:35.871,0.83005,0.83075,6.10,6.60
2008.11.06 16:54:36.101,0.83005,0.8307,6.00,1.00
2008.11.06 16:54:36.331,0.83005,0.83075,6.00,6.60
2008.11.06 16:54:36.791,0.83005,0.8307,1.00,6.00
2008.11.06 16:54:37.691,0.83,0.8307,6.10,6.00
2008.11.06 16:54:40.060,0.82995,0.83065,7.30,6.00
2008.11.06 16:54:40.350,0.82995,0.83065,6.10,6.00
2008.11.06 16:54:42.410,0.82995,0.8306,6.10,6.00
2008.11.06 16:54:42.650,0.82995,0.8306,6.00,6.60
2008.11.06 16:54:43.219,0.8298,0.8305,7.30,6.00
2008.11.06 16:54:43.609,0.8298,0.8305,6.10,6.00
2008.11.06 16:54:44.109,0.8298,0.83045,1.00,6.00
2008.11.06 16:54:44.379,0.82975,0.83045,7.20,6.00
2008.11.06 16:54:44.739,0.82975,0.83045,6.10,6.00
2008.11.06 16:54:45.619,0.82975,0.83045,6.00,6.00
2008.11.06 16:54:47.648,0.8298,0.83045,6.00,6.00
2008.11.06 16:54:48.318,0.82985,0.8305,6.00,6.60
2008.11.06 16:54:48.588,0.8299,0.8305,1.00,6.00
2008.11.06 16:54:48.868,0.8299,0.83055,6.00,6.60
2008.11.06 16:54:49.088,0.8299,0.83055,6.10,6.60
2008.11.06 16:54:49.858,0.8299,0.83055,6.00,6.60
2008.11.06 16:54:50.198,0.82985,0.83055,6.10,6.60
2008.11.06 16:54:51.607,0.8299,0.83055,6.00,6.60
2008.11.06 16:54:52.078,0.8299,0.83055,6.10,6.60
2008.11.06 16:54:52.997,0.8299,0.8305,6.10,1.60
2008.11.06 16:54:53.217,0.8299,0.83035,1.00,6.00
2008.11.06 16:54:53.497,0.82975,0.83035,1.20,1.00
2008.11.06 16:54:53.857,0.82965,0.83035,6.00,1.00
2008.11.06 16:54:54.267,0.82955,0.83025,6.00,6.60
2008.11.06 16:54:57.486,0.8295,0.8301,1.30,6.60
2008.11.06 16:54:57.896,0.82945,0.83005,1.20,6.60
2008.11.06 16:54:58.256,0.8293,0.82995,14.10,6.00
2008.11.06 16:54:58.656,0.8293,0.82995,7.30,6.00
2008.11.06 16:54:58.946,0.82925,0.8299,7.20,1.00
2008.11.06 16:54:59.246,0.82925,0.8299,1.00,6.60
2008.11.06 16:54:59.786,0.8292,0.8299,7.30,6.00
2008.11.06 16:55:00.115,0.82925,0.82995,6.00,8.20
2008.11.06 16:55:00.286,0.82925,0.82995,6.00,6.60
2008.11.06 16:55:00.645,0.82935,0.83,6.00,6.00
2008.11.06 16:55:01.115,0.82925,0.82995,6.00,6.00
2008.11.06 16:55:01.525,0.82925,0.8299,6.00,1.00
2008.11.06 16:55:03.325,0.8293,0.83,6.00,6.00
2008.11.06 16:55:03.725,0.82935,0.83,6.00,6.00
2008.11.06 16:55:04.754,0.8294,0.83005,6.00,6.00
2008.11.06 16:55:05.044,0.8294,0.83005,6.00,6.60
2008.11.06 16:55:05.444,0.8294,0.83005,6.00,1.50
2008.11.06 16:55:06.014,0.8294,0.8301,6.00,7.50
2008.11.06 16:55:06.244,0.82945,0.8301,6.00,6.00
2008.11.06 16:55:08.713,0.82935,0.83005,7.20,6.00
2008.11.06 16:55:10.633,0.82935,0.83,7.20,6.00
2008.11.06 16:55:10.993,0.82935,0.83,6.00,6.00
2008.11.06 16:55:12.323,0.82935,0.83005,6.00,6.00
2008.11.06 16:55:12.672,0.82935,0.83005,7.20,6.00
2008.11.06 16:55:12.963,0.82935,0.83,1.20,6.00
2008.11.06 16:55:13.252,0.8293,0.83,7.20,6.00
2008.11.06 16:55:13.732,0.82935,0.83005,7.20,6.00
2008.11.06 16:55:14.592,0.8294,0.8301,6.00,6.00
2008.11.06 16:55:14.712,0.8294,0.83005,6.00,6.00
2008.11.06 16:55:15.402,0.82935,0.83,7.20,6.00
2008.11.06 16:55:15.922,0.82935,0.83,6.00,6.00
2008.11.06 16:55:17.481,0.82935,0.83005,6.00,6.00
2008.11.06 16:55:17.771,0.82945,0.83015,6.00,8.10
2008.11.06 16:55:18.232,0.8294,0.8301,6.00,6.00
2008.11.06 16:55:18.681,0.82945,0.83015,6.00,6.00
2008.11.06 16:55:19.341,0.8295,0.8302,6.60,6.00
2008.11.06 16:55:19.701,0.8296,0.83025,6.00,6.00
2008.11.06 16:55:19.990,0.8296,0.8303,6.00,7.50
2008.11.06 16:55:20.441,0.82965,0.8303,1.00,6.00
2008.11.06 16:55:20.720,0.8297,0.83035,6.00,1.00
2008.11.06 16:55:20.960,0.82965,0.83035,6.00,6.60
2008.11.06 16:55:22.440,0.82965,0.83035,6.00,8.10
2008.11.06 16:55:22.720,0.82965,0.83035,6.00,6.00
2008.11.06 16:55:22.960,0.82965,0.8303,6.00,6.00
2008.11.06 16:55:23.590,0.8297,0.83035,6.00,6.00
2008.11.06 16:55:24.050,0.82965,0.83035,6.00,6.00
2008.11.06 16:55:24.220,0.8297,0.83035,1.20,6.00
2008.11.06 16:55:24.330,0.82965,0.83035,6.00,6.00
2008.11.06 16:55:24.500,0.82965,0.83035,6.00,7.60
2008.11.06 16:55:24.620,0.8296,0.8303,6.00,6.00
2008.11.06 16:55:25.309,0.82955,0.83025,7.20,6.60
2008.11.06 16:55:25.549,0.82955,0.83025,6.00,6.60
2008.11.06 16:55:26.639,0.8295,0.8302,7.80,6.00
2008.11.06 16:55:26.969,0.8295,0.8301,1.00,1.00
2008.11.06 16:55:27.259,0.8296,0.83025,1.00,6.00
2008.11.06 16:55:27.549,0.8296,0.83025,1.20,6.00
2008.11.06 16:55:28.009,0.8296,0.8303,7.20,6.00
2008.11.06 16:55:28.469,0.8296,0.8303,6.00,6.00
2008.11.06 16:55:29.278,0.8296,0.8303,7.20,6.00
2008.11.06 16:55:29.628,0.8296,0.8303,6.00,6.00
2008.11.06 16:55:29.978,0.8296,0.8303,7.20,6.00
2008.11.06 16:55:30.388,0.82965,0.8303,1.20,6.00
2008.11.06 16:55:30.678,0.8296,0.8303,6.10,6.00
2008.11.06 16:55:31.118,0.82965,0.8303,1.20,6.00
2008.11.06 16:55:31.418,0.82965,0.83035,7.20,6.00
2008.11.06 16:55:31.878,0.8297,0.83035,6.00,2.10
2008.11.06 16:55:32.288,0.82965,0.83035,6.00,6.00
2008.11.06 16:55:33.907,0.8297,0.83035,6.00,6.00
2008.11.06 16:55:34.437,0.82975,0.8304,6.00,6.00
2008.11.06 16:55:34.847,0.8297,0.8304,6.00,6.60
2008.11.06 16:55:37.346,0.8297,0.8304,6.00,6.00
2008.11.06 16:55:38.496,0.8297,0.8304,6.00,6.60
2008.11.06 16:55:38.856,0.82965,0.83035,6.00,6.00
2008.11.06 16:55:40.386,0.82965,0.83035,7.20,6.00
2008.11.06 16:55:40.796,0.82965,0.83035,6.00,6.00
2008.11.06 16:55:41.095,0.8297,0.8304,6.00,6.00
2008.11.06 16:55:41.675,0.82975,0.8304,1.20,6.00
2008.11.06 16:55:42.075,0.82975,0.83045,7.20,6.00
2008.11.06 16:55:42.595,0.8298,0.8305,7.20,6.00
2008.11.06 16:55:44.495,0.8298,0.8305,7.20,7.60
2008.11.06 16:55:44.675,0.8298,0.83045,1.20,6.00
2008.11.06 16:55:44.965,0.82975,0.83045,7.20,6.00
2008.11.06 16:55:45.774,0.8298,0.83045,1.20,6.00
2008.11.06 16:55:46.114,0.82985,0.8305,1.00,6.00
2008.11.06 16:55:46.514,0.8299,0.8306,6.10,6.00
2008.11.06 16:55:46.964,0.82995,0.83065,6.00,6.00
2008.11.06 16:55:47.324,0.83,0.8307,6.00,6.00
2008.11.06 16:55:47.774,0.83,0.83065,1.20,6.00
2008.11.06 16:55:48.064,0.83,0.8307,6.00,9.60
2008.11.06 16:55:48.474,0.83005,0.8307,1.20,6.00
2008.11.06 16:55:48.824,0.83,0.8307,6.00,6.00
2008.11.06 16:55:49.174,0.83,0.8307,7.20,6.00
2008.11.06 16:55:49.555,0.8301,0.8307,1.20,6.00
2008.11.06 16:55:49.733,0.83,0.83065,6.00,6.00
2008.11.06 16:55:50.763,0.83,0.8307,7.20,6.00
2008.11.06 16:55:51.263,0.83005,0.8307,1.20,6.00
2008.11.06 16:55:51.893,0.83005,0.83075,6.00,6.00
2008.11.06 16:55:52.123,0.83005,0.83075,7.20,6.00
2008.11.06 16:55:54.322,0.8301,0.8308,6.00,6.00
2008.11.06 16:55:54.832,0.8301,0.8308,6.00,6.60
2008.11.06 16:55:55.112,0.83005,0.83075,7.20,6.00
2008.11.06 16:55:55.512,0.83005,0.83075,6.00,6.00
2008.11.06 16:55:56.112,0.83005,0.83075,7.20,6.00
2008.11.06 16:55:56.912,0.8301,0.8308,7.20,6.00
2008.11.06 16:55:57.142,0.8301,0.8308,6.00,6.00
2008.11.06 16:55:57.382,0.8301,0.8308,6.00,6.60
2008.11.06 16:55:57.612,0.83005,0.83075,7.20,6.00
2008.11.06 16:55:59.571,0.83005,0.83075,7.80,6.00
2008.11.06 16:55:59.861,0.8301,0.8308,6.00,6.60
2008.11.06 16:56:00.211,0.8301,0.8308,6.00,6.00
2008.11.06 16:56:00.551,0.83015,0.83085,6.60,6.00
2008.11.06 16:56:00.931,0.8302,0.8309,6.00,6.00
2008.11.06 16:56:01.281,0.83015,0.83085,7.80,6.60
2008.11.06 16:56:01.621,0.8301,0.8308,6.60,7.50
2008.11.06 16:56:02.021,0.83005,0.83075,6.60,6.00
2008.11.06 16:56:02.360,0.83005,0.83075,6.00,6.00
2008.11.06 16:56:02.770,0.83,0.8307,7.20,6.00
2008.11.06 16:56:03.060,0.83,0.83065,6.00,6.00
2008.11.06 16:56:04.690,0.83,0.8307,6.00,6.00
2008.11.06 16:56:05.150,0.83005,0.83075,6.00,7.60
2008.11.06 16:56:05.660,0.83005,0.83075,6.00,6.00
2008.11.06 16:56:05.829,0.8301,0.83075,1.20,6.00
2008.11.06 16:56:06.220,0.83005,0.83075,6.00,6.00
2008.11.06 16:56:07.439,0.83005,0.83075,6.00,7.50
2008.11.06 16:56:08.199,0.83005,0.83075,6.00,9.10
2008.11.06 16:56:08.589,0.83,0.83065,6.00,6.00
2008.11.06 16:56:08.829,0.83,0.8307,6.00,6.60
2008.11.06 16:56:10.838,0.83,0.8307,6.00,6.00
2008.11.06 16:56:14.028,0.83005,0.83075,6.00,6.00
2008.11.06 16:56:14.317,0.83005,0.83075,7.30,6.00
2008.11.06 16:56:14.538,0.8301,0.8308,6.00,7.60
2008.11.06 16:56:14.767,0.8301,0.8308,6.00,6.00
2008.11.06 16:56:15.357,0.8301,0.8308,6.60,6.00
2008.11.06 16:56:15.638,0.83015,0.83085,6.00,6.00
2008.11.06 16:56:15.757,0.8302,0.8309,7.20,6.00
2008.11.06 16:56:16.517,0.8302,0.8309,7.20,6.60
2008.11.06 16:56:16.807,0.83025,0.83095,6.00,6.60
2008.11.06 16:56:18.087,0.8302,0.8309,6.00,6.00
2008.11.06 16:56:18.706,0.83015,0.8308,1.20,6.00
2008.11.06 16:56:18.986,0.83015,0.8308,1.20,6.60
2008.11.06 16:56:19.276,0.83005,0.83075,6.00,6.00
2008.11.06 16:56:20.776,0.83,0.83065,6.00,6.00
2008.11.06 16:56:21.996,0.83,0.8307,6.00,6.60
2008.11.06 16:56:23.465,0.83,0.8307,6.00,6.00
2008.11.06 16:56:23.805,0.83005,0.8307,6.00,6.00
2008.11.06 16:56:25.575,0.83005,0.8307,6.00,6.60
2008.11.06 16:56:26.315,0.83005,0.8307,6.00,6.00
2008.11.06 16:56:27.545,0.83005,0.83075,7.20,6.00
2008.11.06 16:56:27.784,0.8301,0.83075,1.20,6.00
2008.11.06 16:56:28.254,0.8301,0.8308,7.30,6.00
2008.11.06 16:56:28.644,0.83015,0.8308,1.20,6.00
2008.11.06 16:56:28.884,0.8301,0.8308,7.20,6.00
2008.11.06 16:56:29.974,0.83015,0.8308,6.00,6.00
2008.11.06 16:56:30.424,0.83015,0.8308,7.20,6.00
2008.11.06 16:56:30.694,0.8302,0.83085,1.20,6.00
2008.11.06 16:56:31.253,0.83015,0.8308,7.20,6.00
2008.11.06 16:56:32.023,0.83015,0.8308,6.00,6.00
2008.11.06 16:56:32.673,0.8301,0.8308,7.20,6.60
2008.11.06 16:56:33.023,0.83005,0.8307,7.20,6.00
2008.11.06 16:56:33.373,0.8301,0.8308,6.00,6.60
2008.11.06 16:56:34.183,0.83015,0.8308,6.00,6.00
2008.11.06 16:56:35.892,0.8301,0.8308,7.20,6.60
2008.11.06 16:56:36.232,0.83015,0.8308,6.00,6.60
2008.11.06 16:56:36.472,0.83015,0.8308,6.00,6.00
2008.11.06 16:56:37.232,0.8301,0.8308,7.20,6.00
2008.11.06 16:56:37.702,0.8301,0.8308,7.20,6.60
2008.11.06 16:56:37.992,0.8301,0.8308,6.00,6.60
2008.11.06 16:56:40.061,0.83015,0.8308,6.00,6.60
2008.11.06 16:56:40.351,0.83015,0.8308,6.00,6.00
2008.11.06 16:56:40.941,0.83015,0.83085,6.00,6.00
2008.11.06 16:56:41.351,0.83015,0.83085,7.20,6.00
2008.11.06 16:56:44.150,0.83015,0.83085,6.00,6.00
2008.11.06 16:56:44.510,0.83015,0.83085,7.20,6.00
2008.11.06 16:56:51.709,0.83015,0.8308,1.20,6.00
2008.11.06 16:56:52.518,0.83005,0.83075,7.20,6.00
2008.11.06 16:56:52.798,0.83005,0.83075,7.20,6.60
2008.11.06 16:56:53.158,0.83005,0.83075,6.00,6.60
2008.11.06 16:56:53.678,0.8301,0.8308,6.00,6.60
2008.11.06 16:56:56.577,0.83015,0.8308,6.00,6.60
2008.11.06 16:56:57.157,0.83015,0.8308,6.00,6.00
2008.11.06 16:56:59.487,0.8301,0.8308,6.00,6.60
2008.11.06 16:56:59.947,0.83015,0.8308,6.00,1.00
2008.11.06 16:57:01.926,0.83015,0.83085,6.00,6.60
2008.11.06 16:57:02.716,0.83015,0.83085,6.00,6.00
2008.11.06 16:57:06.655,0.8302,0.83085,6.00,6.00
2008.11.06 16:57:07.285,0.8302,0.8309,6.00,6.60
2008.11.06 16:57:09.864,0.8302,0.8309,6.10,6.60
2008.11.06 16:57:10.274,0.8302,0.8309,6.90,6.00
2008.11.06 16:57:10.684,0.8303,0.831,6.00,6.00
2008.11.06 16:57:16.862,0.8303,0.831,6.00,6.60
2008.11.06 16:57:17.482,0.8303,0.831,6.00,6.00
2008.11.06 16:57:18.002,0.8303,0.831,6.00,6.60
2008.11.06 16:57:18.482,0.8303,0.8309,6.00,1.00
2008.11.06 16:57:18.662,0.8302,0.8309,7.20,6.60
2008.11.06 16:57:18.952,0.8302,0.8309,7.20,6.00
2008.11.06 16:57:19.182,0.8302,0.8309,6.00,6.60
2008.11.06 16:57:20.801,0.8302,0.8309,6.00,6.00
2008.11.06 16:57:21.861,0.8302,0.8309,6.00,6.60
2008.11.06 16:57:22.871,0.83015,0.83085,6.00,6.60
2008.11.06 16:57:23.051,0.8301,0.8308,6.00,6.00
2008.11.06 16:57:25.160,0.83015,0.83085,6.00,6.60
2008.11.06 16:57:25.400,0.83015,0.83085,6.00,6.00
2008.11.06 16:57:25.580,0.8302,0.83085,6.00,6.00
2008.11.06 16:57:26.340,0.8302,0.8309,6.00,6.00
2008.11.06 16:57:27.800,0.8302,0.8308,6.00,1.50
2008.11.06 16:57:28.150,0.83025,0.83095,6.00,13.00
2008.11.06 16:57:28.550,0.8302,0.83085,6.00,6.00
2008.11.06 16:57:29.749,0.8301,0.8308,7.20,6.00
2008.11.06 16:57:30.049,0.83015,0.83085,6.00,6.60
2008.11.06 16:57:30.449,0.83005,0.8307,7.20,1.50
2008.11.06 16:57:31.209,0.83015,0.8308,6.00,6.00
2008.11.06 16:57:31.599,0.8302,0.8309,6.00,7.60
2008.11.06 16:57:31.879,0.8302,0.8309,6.00,6.00
2008.11.06 16:57:32.339,0.8303,0.83095,6.00,6.00
2008.11.06 16:57:32.629,0.8303,0.83095,6.00,6.60
2008.11.06 16:57:32.979,0.83025,0.8309,6.00,6.00
2008.11.06 16:57:36.658,0.83025,0.83095,6.00,6.00
2008.11.06 16:57:36.947,0.83025,0.83095,7.20,6.00
2008.11.06 16:57:37.937,0.83025,0.83095,6.00,6.00
2008.11.06 16:57:38.687,0.8303,0.831,6.00,6.60
2008.11.06 16:57:39.467,0.83025,0.83095,6.00,6.00
2008.11.06 16:57:39.697,0.83025,0.83095,6.00,6.60
2008.11.06 16:57:40.107,0.8302,0.8309,7.20,6.00
2008.11.06 16:57:40.507,0.8302,0.8309,6.00,6.00
2008.11.06 16:57:40.868,0.8302,0.8309,7.20,6.00
2008.11.06 16:57:42.296,0.8302,0.8309,6.00,6.00
2008.11.06 16:57:43.106,0.83015,0.83085,7.20,6.00
2008.11.06 16:57:43.556,0.83015,0.83085,6.00,6.00
2008.11.06 16:57:44.006,0.83025,0.83095,6.10,7.60
2008.11.06 16:57:44.456,0.83035,0.83095,1.20,6.00
2008.11.06 16:57:44.786,0.8303,0.83095,1.20,6.00
2008.11.06 16:57:45.136,0.8303,0.831,6.00,6.60
2008.11.06 16:57:45.955,0.83035,0.831,6.00,6.60
2008.11.06 16:57:46.195,0.83035,0.83105,6.00,6.60
2008.11.06 16:57:46.485,0.83035,0.83105,6.00,8.10
2008.11.06 16:57:46.766,0.83035,0.831,6.00,6.00
2008.11.06 16:57:47.215,0.8303,0.831,6.00,6.00
2008.11.06 16:57:48.005,0.8303,0.831,6.00,7.50
2008.11.06 16:57:48.525,0.83025,0.83095,7.20,6.00
2008.11.06 16:57:49.055,0.8303,0.831,6.00,6.00
2008.11.06 16:57:49.465,0.83035,0.83105,6.00,8.10
2008.11.06 16:57:49.765,0.83035,0.831,6.00,6.00
2008.11.06 16:57:52.874,0.8303,0.831,6.00,6.00
2008.11.06 16:57:53.514,0.8303,0.831,6.00,7.50
2008.11.06 16:57:53.753,0.83025,0.83095,6.00,6.60
2008.11.06 16:57:55.563,0.83025,0.83095,6.00,6.00
2008.11.06 16:57:55.803,0.83025,0.8309,6.00,6.00
2008.11.06 16:57:56.153,0.83025,0.8309,6.00,6.60
2008.11.06 16:57:56.373,0.83025,0.8309,6.00,6.00
2008.11.06 16:57:56.553,0.83015,0.8307,1.20,6.00
2008.11.06 16:57:56.783,0.83005,0.8307,1.00,6.00
2008.11.06 16:57:57.073,0.8299,0.8307,6.00,6.00
2008.11.06 16:57:58.722,0.82995,0.83065,6.00,6.00
2008.11.06 16:57:59.022,0.82995,0.83065,7.20,6.00
2008.11.06 16:57:59.712,0.83005,0.83075,6.00,6.00
2008.11.06 16:58:00.232,0.8301,0.83075,1.20,6.00
2008.11.06 16:58:02.231,0.8301,0.8308,7.20,6.00
2008.11.06 16:58:02.632,0.8301,0.8308,6.00,6.00
2008.11.06 16:58:02.991,0.83005,0.83075,6.00,6.00
2008.11.06 16:58:04.051,0.83005,0.83075,6.00,6.60
2008.11.06 16:58:06.150,0.83005,0.83075,6.00,6.00
2008.11.06 16:58:07.921,0.83005,0.8307,6.00,6.00
2008.11.06 16:58:10.669,0.82995,0.83045,1.80,7.50
2008.11.06 16:58:10.719,0.82995,0.8304,1.20,1.00
2008.11.06 16:58:10.959,0.8299,0.8304,1.20,1.00
2008.11.06 16:58:11.019,0.8298,0.83045,6.60,6.60
2008.11.06 16:58:11.079,0.8298,0.83045,1.00,6.60
2008.11.06 16:58:11.140,0.82965,0.83045,6.00,6.60
2008.11.06 16:58:11.199,0.82965,0.83045,6.00,6.00
2008.11.06 16:58:12.189,0.82965,0.83035,7.20,6.00
2008.11.06 16:58:12.609,0.8297,0.8304,6.00,6.00
2008.11.06 16:58:13.179,0.8298,0.83045,1.00,6.00
2008.11.06 16:58:13.628,0.82985,0.8305,7.20,6.00
2008.11.06 16:58:13.908,0.8299,0.8305,1.20,6.00
2008.11.06 16:58:14.588,0.82985,0.8305,7.20,6.00
2008.11.06 16:58:14.928,0.82985,0.8305,7.30,6.00
2008.11.06 16:58:15.728,0.82985,0.8305,7.20,6.00
2008.11.06 16:58:16.298,0.82985,0.8305,6.00,6.00
2008.11.06 16:58:16.738,0.8298,0.8305,6.00,6.00
2008.11.06 16:58:17.298,0.8298,0.8305,6.10,6.00
2008.11.06 16:58:17.528,0.82985,0.8305,6.00,6.00
2008.11.06 16:58:17.868,0.8298,0.83045,1.20,6.00
2008.11.06 16:58:18.267,0.82975,0.8304,7.20,1.00
2008.11.06 16:58:18.608,0.82975,0.83045,6.00,6.00
2008.11.06 16:58:19.337,0.82975,0.83045,7.20,6.00
2008.11.06 16:58:21.547,0.8298,0.8305,6.00,6.00
2008.11.06 16:58:21.787,0.8298,0.8305,7.20,6.00
2008.11.06 16:58:21.967,0.8298,0.8305,6.00,6.00
2008.11.06 16:58:22.437,0.82975,0.83045,7.20,6.00
2008.11.06 16:58:22.857,0.8297,0.8304,6.00,6.00
2008.11.06 16:58:23.317,0.82965,0.83035,7.20,6.00
2008.11.06 16:58:23.886,0.8297,0.8304,6.00,6.00
2008.11.06 16:58:24.336,0.8297,0.8304,6.60,6.00
2008.11.06 16:58:24.626,0.82985,0.83055,6.00,8.20
2008.11.06 16:58:24.976,0.82985,0.83055,6.00,6.00
2008.11.06 16:58:25.306,0.8299,0.8306,6.00,6.00
2008.11.06 16:58:31.654,0.82995,0.83065,6.00,6.00
2008.11.06 16:58:32.954,0.83,0.83065,6.00,6.00
2008.11.06 16:58:33.174,0.8299,0.8306,8.10,6.00
2008.11.06 16:58:33.574,0.82995,0.8306,1.20,6.00
2008.11.06 16:58:34.004,0.8299,0.8306,6.00,6.00
2008.11.06 16:58:34.394,0.8298,0.8305,6.00,6.00
2008.11.06 16:58:34.744,0.82975,0.83045,6.00,6.00
2008.11.06 16:58:35.203,0.82975,0.8304,6.00,6.00
2008.11.06 16:58:36.573,0.82975,0.83045,6.00,6.00
2008.11.06 16:58:36.933,0.8298,0.83045,1.20,6.00
2008.11.06 16:58:37.293,0.8298,0.8305,7.20,6.00
2008.11.06 16:58:37.633,0.8298,0.8305,6.00,6.00
2008.11.06 16:58:39.482,0.8298,0.8305,7.20,6.00
2008.11.06 16:58:39.703,0.82985,0.8305,6.00,6.00
2008.11.06 16:58:41.212,0.82985,0.83055,6.00,6.00
2008.11.06 16:58:42.872,0.8299,0.8306,6.00,6.00
2008.11.06 16:58:42.932,0.82995,0.83065,6.00,7.60
2008.11.06 16:58:43.222,0.82995,0.83065,6.00,6.00
2008.11.06 16:58:43.562,0.82995,0.83065,7.20,6.00
2008.11.06 16:58:43.741,0.83,0.83065,6.00,6.00
2008.11.06 16:58:44.201,0.82995,0.83065,6.00,6.00
2008.11.06 16:58:45.121,0.8299,0.8306,6.00,6.00
2008.11.06 16:58:45.401,0.83,0.83065,6.00,6.00
2008.11.06 16:58:49.270,0.83,0.8306,7.20,2.10
2008.11.06 16:58:49.620,0.8299,0.8306,6.60,7.50
2008.11.06 16:58:49.740,0.8299,0.83055,6.00,1.00
2008.11.06 16:58:50.830,0.82985,0.83055,6.00,6.60
2008.11.06 16:58:52.089,0.8298,0.83045,6.00,1.00
2008.11.06 16:58:52.549,0.8298,0.8305,6.00,6.60
2008.11.06 16:58:54.059,0.8298,0.8305,6.00,8.10
2008.11.06 16:58:55.389,0.8298,0.83045,6.00,1.00
2008.11.06 16:58:55.439,0.8298,0.8305,6.00,6.00
2008.11.06 16:58:55.739,0.82985,0.8305,6.00,6.00
2008.11.06 16:58:58.138,0.82985,0.8305,6.00,7.50
2008.11.06 16:58:58.318,0.82985,0.8305,6.00,8.10
2008.11.06 16:58:58.778,0.82985,0.8305,6.00,7.50
2008.11.06 16:58:59.248,0.82985,0.8305,6.00,8.10
2008.11.06 16:58:59.927,0.82985,0.8305,6.00,7.50
2008.11.06 16:59:00.107,0.82985,0.8305,6.00,6.00
2008.11.06 16:59:00.977,0.8299,0.83055,6.00,1.50
2008.11.06 16:59:01.097,0.82995,0.8306,1.20,6.00
2008.11.06 16:59:02.267,0.8299,0.8306,6.00,7.50
2008.11.06 16:59:02.907,0.8299,0.8306,6.00,6.00
2008.11.06 16:59:05.656,0.82995,0.83065,6.00,7.60
2008.11.06 16:59:05.836,0.82995,0.83065,7.20,6.00
2008.11.06 16:59:08.485,0.82995,0.83065,7.20,7.50
2008.11.06 16:59:08.836,0.82995,0.83055,1.20,6.00
2008.11.06 16:59:09.125,0.82995,0.8306,7.20,6.00
2008.11.06 16:59:09.535,0.82995,0.8306,6.10,6.00
2008.11.06 16:59:09.825,0.83005,0.8307,6.00,6.00
2008.11.06 16:59:10.055,0.83005,0.8307,7.20,6.00
2008.11.06 16:59:11.924,0.83005,0.8307,1.20,6.00
2008.11.06 16:59:12.264,0.83005,0.83065,1.20,6.00
2008.11.06 16:59:12.594,0.83,0.8306,1.20,1.00
2008.11.06 16:59:12.885,0.82985,0.83055,6.00,6.00
2008.11.06 16:59:13.464,0.8298,0.8305,7.20,6.00
2008.11.06 16:59:13.864,0.82975,0.8304,6.00,6.00
2008.11.06 16:59:14.514,0.82965,0.83035,6.00,6.00
2008.11.06 16:59:15.014,0.82965,0.83035,6.60,6.00
2008.11.06 16:59:15.544,0.82975,0.8304,6.00,6.00
2008.11.06 16:59:15.834,0.8298,0.8304,1.20,6.60
2008.11.06 16:59:16.184,0.82975,0.83045,6.00,6.00
2008.11.06 16:59:17.703,0.8297,0.83035,6.00,1.00
2008.11.06 16:59:18.053,0.82965,0.83035,6.00,6.60
2008.11.06 16:59:18.463,0.8297,0.83035,6.00,6.00
2008.11.06 16:59:18.823,0.8298,0.8305,7.20,6.00
2008.11.06 16:59:19.003,0.82995,0.83065,6.00,8.20
2008.11.06 16:59:19.303,0.82995,0.83065,6.00,6.60
2008.11.06 16:59:20.153,0.82995,0.8306,6.00,1.00
2008.11.06 16:59:20.323,0.82995,0.83055,6.00,1.00
2008.11.06 16:59:21.032,0.82995,0.8306,6.00,1.00
2008.11.06 16:59:22.482,0.82995,0.83065,6.00,6.60
2008.11.06 16:59:22.902,0.8299,0.8306,6.00,6.60
2008.11.06 16:59:23.232,0.8299,0.83055,6.00,1.00
2008.11.06 16:59:23.522,0.82985,0.8305,6.00,1.00
2008.11.06 16:59:24.492,0.82975,0.83045,6.00,6.00
2008.11.06 16:59:24.902,0.82975,0.83035,1.20,1.00
2008.11.06 16:59:25.241,0.8296,0.8303,6.60,6.00
2008.11.06 16:59:25.531,0.8296,0.83025,6.00,1.00
2008.11.06 16:59:25.951,0.8296,0.8303,6.00,6.00
2008.11.06 16:59:27.960,0.82965,0.8303,6.00,6.00
2008.11.06 16:59:28.531,0.8296,0.8303,6.00,6.60
2008.11.06 16:59:28.761,0.8296,0.8303,6.00,8.10
2008.11.06 16:59:29.121,0.82955,0.83025,6.00,6.60
2008.11.06 16:59:29.530,0.82955,0.83015,6.00,1.00
2008.11.06 16:59:30.030,0.8295,0.83015,6.00,1.00
2008.11.06 16:59:30.390,0.82945,0.83005,6.00,1.00
2008.11.06 16:59:30.680,0.8293,0.8299,6.60,1.50
2008.11.06 16:59:31.030,0.8293,0.8298,6.60,1.00
2008.11.06 16:59:31.200,0.8292,0.82975,1.20,6.00
2008.11.06 16:59:31.900,0.82905,0.82975,7.20,6.00
2008.11.06 16:59:32.230,0.8292,0.82985,1.20,7.60
2008.11.06 16:59:32.640,0.8293,0.82985,6.00,1.60
2008.11.06 16:59:33.390,0.82935,0.83,7.20,6.00
2008.11.06 16:59:33.849,0.82935,0.83,6.00,6.00
2008.11.06 16:59:34.659,0.82935,0.82995,6.00,1.00
2008.11.06 16:59:34.929,0.8293,0.82995,6.00,1.00
2008.11.06 16:59:36.279,0.82925,0.82995,6.00,6.60
2008.11.06 16:59:36.619,0.8293,0.83,6.00,6.00
2008.11.06 16:59:36.918,0.8293,0.82995,6.00,6.00
2008.11.06 16:59:38.138,0.8293,0.82995,6.00,6.60
2008.11.06 16:59:38.838,0.8293,0.82995,6.00,6.00
2008.11.06 16:59:39.118,0.8293,0.82995,6.00,1.00
2008.11.06 16:59:39.458,0.8293,0.83,6.00,6.60
2008.11.06 16:59:39.748,0.82935,0.82995,6.00,1.00
2008.11.06 16:59:40.088,0.82935,0.83005,6.00,8.10
2008.11.06 16:59:40.448,0.82935,0.83005,6.00,6.60
2008.11.06 16:59:40.798,0.8295,0.83015,6.00,6.00
2008.11.06 16:59:40.977,0.82955,0.83025,6.00,6.00
2008.11.06 16:59:41.787,0.8296,0.8303,6.00,6.60
2008.11.06 16:59:42.137,0.8296,0.8303,6.00,8.10
2008.11.06 16:59:42.597,0.8295,0.8302,7.20,6.00
2008.11.06 16:59:42.897,0.8295,0.83015,6.00,2.10
2008.11.06 16:59:43.277,0.82945,0.83,1.00,6.00
2008.11.06 16:59:43.677,0.8293,0.83,6.00,6.00
2008.11.06 16:59:44.137,0.82925,0.82995,7.20,6.00
2008.11.06 16:59:44.597,0.82925,0.82995,6.00,6.00
2008.11.06 16:59:45.447,0.82925,0.82985,6.90,1.00
2008.11.06 16:59:45.796,0.82935,0.82995,1.20,8.10
2008.11.06 16:59:45.967,0.82925,0.82995,6.00,8.10
2008.11.06 16:59:46.546,0.82925,0.82985,6.00,1.50
2008.11.06 16:59:47.126,0.82915,0.82985,7.20,7.50
2008.11.06 16:59:48.816,0.82915,0.82985,6.00,7.50
2008.11.06 16:59:49.506,0.82915,0.82975,6.00,1.00
2008.11.06 16:59:49.785,0.8291,0.82975,6.00,1.00
2008.11.06 16:59:49.956,0.82905,0.8297,6.00,6.00
2008.11.06 16:59:50.425,0.82905,0.82965,6.00,1.00
2008.11.06 16:59:50.755,0.829,0.82965,6.00,1.00
2008.11.06 16:59:51.035,0.8289,0.8296,6.00,6.00
2008.11.06 16:59:51.155,0.8289,0.82955,6.00,1.00
2008.11.06 16:59:51.445,0.8289,0.8295,6.00,1.00
2008.11.06 16:59:51.726,0.82885,0.8295,6.00,1.00
2008.11.06 16:59:53.475,0.8289,0.82955,6.00,1.00
2008.11.06 16:59:54.104,0.8289,0.8296,6.60,6.00
2008.11.06 16:59:54.585,0.82895,0.82965,6.00,6.60
2008.11.06 16:59:54.814,0.82905,0.82975,6.00,6.00
2008.11.06 16:59:55.114,0.82905,0.82975,7.20,6.00
2008.11.06 16:59:55.514,0.82915,0.82985,6.00,8.10
2008.11.06 16:59:56.084,0.82915,0.8298,6.00,1.00
2008.11.06 16:59:56.544,0.8292,0.8298,6.00,2.10
2008.11.06 16:59:56.894,0.8292,0.8298,6.00,1.50
2008.11.06 16:59:57.184,0.8291,0.8298,7.80,7.50
2008.11.06 16:59:57.584,0.8291,0.82975,7.20,1.00
2008.11.06 16:59:57.994,0.82905,0.82975,6.00,6.60
2008.11.06 16:59:58.443,0.82915,0.82985,6.00,8.20
2008.11.06 16:59:58.833,0.8292,0.8299,6.00,8.20
2008.11.06 16:59:59.123,0.8292,0.82985,6.00,1.00
2008.11.06 16:59:59.413,0.8293,0.82985,6.00,1.00
2008.11.06 16:59:59.823,0.8293,0.83,6.00,8.20
