2009.01.07 23:00:00.031,0.7756,0.77625,1.20,1.00
2009.01.07 23:00:00.321,0.7757,0.77625,1.20,1.00
2009.01.07 23:00:00.501,0.77575,0.77625,1.20,2.00
2009.01.07 23:00:20.766,0.7758,0.77625,1.20,2.00
2009.01.07 23:00:20.986,0.7758,0.77625,1.20,1.20
2009.01.07 23:00:21.576,0.77575,0.77625,1.20,1.20
2009.01.07 23:00:25.235,0.7758,0.77625,1.20,1.20
2009.01.07 23:00:29.064,0.77585,0.7763,1.20,1.20
2009.01.07 23:00:34.393,0.77555,0.7762,1.20,1.00
2009.01.07 23:00:34.692,0.7755,0.77615,1.20,1.00
2009.01.07 23:00:40.671,0.77555,0.77615,1.20,1.00
2009.01.07 23:00:41.191,0.77555,0.7762,1.20,1.00
2009.01.07 23:00:42.001,0.77535,0.7761,2.80,1.00
2009.01.07 23:00:42.121,0.77535,0.7761,1.60,1.00
2009.01.07 23:00:42.240,0.77535,0.77605,1.60,1.00
2009.01.07 23:00:46.390,0.77545,0.77605,1.20,1.00
2009.01.07 23:00:46.510,0.77545,0.77615,1.20,1.00
2009.01.07 23:00:47.199,0.77545,0.77615,1.20,2.20
2009.01.07 23:00:47.539,0.7753,0.77595,1.20,1.20
2009.01.07 23:00:50.808,0.7754,0.77585,1.20,1.20
2009.01.07 23:00:51.728,0.77535,0.7758,1.20,1.20
2009.01.07 23:00:55.597,0.7753,0.77575,1.20,1.20
2009.01.07 23:01:08.564,0.7753,0.7758,1.20,1.20
2009.01.07 23:01:12.913,0.77535,0.7758,1.20,1.20
2009.01.07 23:01:13.493,0.7753,0.77575,1.20,1.20
2009.01.07 23:01:18.032,0.77535,0.7758,1.20,1.20
2009.01.07 23:01:39.777,0.7755,0.77595,1.20,1.00
2009.01.07 23:01:40.467,0.7755,0.77615,1.20,1.00
2009.01.07 23:01:42.826,0.7754,0.77595,1.20,1.20
2009.01.07 23:01:57.232,0.7754,0.7759,1.20,1.20
2009.01.07 23:02:26.415,0.77545,0.77595,1.20,1.20
2009.01.07 23:02:27.045,0.7755,0.77605,1.20,1.20
2009.01.07 23:02:32.244,0.77555,0.7761,1.20,1.20
2009.01.07 23:03:13.304,0.77565,0.7761,1.20,1.20
2009.01.07 23:03:22.292,0.77575,0.7762,1.20,1.20
2009.01.07 23:03:22.352,0.7758,0.77625,1.20,1.20
2009.01.07 23:03:32.429,0.7757,0.7762,1.20,1.20
2009.01.07 23:03:37.248,0.77575,0.7762,1.20,1.20
2009.01.07 23:03:40.368,0.7756,0.7761,1.20,1.20
2009.01.07 23:03:41.617,0.77555,0.776,1.20,1.20
2009.01.07 23:03:48.825,0.7755,0.77595,1.20,1.20
2009.01.07 23:03:55.344,0.77555,0.776,1.20,1.20
2009.01.07 23:03:58.793,0.7755,0.77595,1.20,1.20
2009.01.07 23:04:00.473,0.77555,0.776,1.20,1.20
2009.01.07 23:04:03.622,0.7755,0.77595,1.20,1.20
2009.01.07 23:04:04.112,0.77555,0.776,1.20,1.20
2009.01.07 23:04:04.332,0.7755,0.77595,1.20,1.20
2009.01.07 23:04:15.609,0.7755,0.77605,1.20,1.20
2009.01.07 23:04:15.899,0.7755,0.7761,1.20,1.20
2009.01.07 23:04:29.736,0.7756,0.7761,1.20,1.20
2009.01.07 23:04:30.146,0.7756,0.77605,1.20,1.20
2009.01.07 23:04:37.374,0.7755,0.77605,1.20,1.20
2009.01.07 23:04:51.271,0.77545,0.7759,1.20,1.20
2009.01.07 23:04:51.600,0.7755,0.77595,1.20,1.20
2009.01.07 23:04:52.110,0.7755,0.77605,1.20,1.20
2009.01.07 23:04:54.520,0.7756,0.77605,1.20,1.20
2009.01.07 23:05:28.632,0.7755,0.77595,1.20,1.20
2009.01.07 23:05:43.738,0.7756,0.77605,1.20,1.20
2009.01.07 23:05:44.368,0.7755,0.776,1.20,1.20
2009.01.07 23:05:45.337,0.7755,0.77595,1.20,1.20
2009.01.07 23:05:57.195,0.7755,0.776,1.20,1.20
2009.01.07 23:06:19.419,0.77555,0.77605,1.20,1.20
2009.01.07 23:06:21.659,0.7756,0.77605,1.20,1.20
2009.01.07 23:06:22.649,0.77555,0.77605,1.20,1.20
2009.01.07 23:06:30.576,0.77565,0.7761,1.20,1.20
2009.01.07 23:06:30.686,0.7756,0.7761,1.20,1.20
2009.01.07 23:06:30.856,0.77555,0.77605,1.20,1.20
2009.01.07 23:06:31.876,0.7756,0.7761,1.20,1.20
2009.01.07 23:06:34.286,0.77555,0.77605,1.20,1.20
2009.01.07 23:06:37.095,0.7756,0.7761,1.20,1.20
2009.01.07 23:06:37.675,0.77565,0.7761,1.20,1.20
2009.01.07 23:06:49.792,0.77555,0.776,1.20,1.20
2009.01.07 23:07:06.428,0.77555,0.77605,1.20,1.20
2009.01.07 23:07:10.517,0.7756,0.7761,1.20,1.20
2009.01.07 23:07:12.757,0.77565,0.7761,1.20,1.20
2009.01.07 23:07:14.736,0.77565,0.7762,1.20,1.20
2009.01.07 23:07:18.145,0.77565,0.7761,1.20,1.20
2009.01.07 23:07:28.533,0.7756,0.7761,1.20,1.20
2009.01.07 23:07:31.612,0.77565,0.7761,1.20,1.20
2009.01.07 23:07:35.421,0.7757,0.7762,1.20,1.20
2009.01.07 23:07:46.468,0.7758,0.77625,1.20,1.20
2009.01.07 23:08:37.006,0.77575,0.77625,1.20,1.20
2009.01.07 23:08:38.986,0.7757,0.7762,1.20,1.20
2009.01.07 23:08:39.386,0.77575,0.7762,1.20,1.20
2009.01.07 23:08:40.075,0.7757,0.7762,1.20,1.20
2009.01.07 23:08:42.485,0.77575,0.77625,1.20,1.20
2009.01.07 23:08:42.784,0.77585,0.7763,1.20,1.20
2009.01.07 23:09:16.306,0.77575,0.7762,1.20,1.20
2009.01.07 23:09:19.136,0.7758,0.77625,1.20,1.20
2009.01.07 23:09:19.306,0.77575,0.7762,1.20,1.20
2009.01.07 23:09:19.586,0.77575,0.7763,1.20,1.20
2009.01.07 23:09:20.266,0.7758,0.7763,1.20,1.20
2009.01.07 23:09:20.496,0.7759,0.77635,1.20,1.20
2009.01.07 23:09:22.175,0.77585,0.7763,1.20,1.20
2009.01.07 23:09:22.235,0.77575,0.7763,1.20,1.20
2009.01.07 23:09:22.705,0.77585,0.77635,1.20,1.20
2009.01.07 23:09:22.815,0.77585,0.7763,1.20,1.20
2009.01.07 23:09:23.565,0.77585,0.77635,1.20,1.20
2009.01.07 23:09:23.915,0.77585,0.7763,1.20,1.20
2009.01.07 23:09:24.555,0.77585,0.77635,1.20,1.20
2009.01.07 23:09:25.005,0.77585,0.7763,1.20,1.20
2009.01.07 23:09:25.744,0.77585,0.77635,1.20,1.20
2009.01.07 23:09:26.084,0.77585,0.7763,1.20,1.20
2009.01.07 23:09:27.324,0.77585,0.77635,1.20,1.20
2009.01.07 23:09:49.978,0.77575,0.77625,1.20,1.20
2009.01.07 23:09:50.638,0.77575,0.7762,1.20,1.20
2009.01.07 23:09:54.338,0.77575,0.77625,1.20,1.20
2009.01.07 23:09:56.457,0.77585,0.7763,1.20,1.20
2009.01.07 23:10:13.523,0.7758,0.77625,1.20,1.20
2009.01.07 23:10:28.260,0.77585,0.7763,1.20,1.20
2009.01.07 23:10:40.376,0.7759,0.77635,1.20,1.20
2009.01.07 23:10:40.596,0.7759,0.7765,1.20,2.00
2009.01.07 23:10:40.936,0.7759,0.7765,1.20,1.20
2009.01.07 23:10:41.166,0.7759,0.77655,1.20,1.20
2009.01.07 23:10:43.205,0.77595,0.7766,1.20,1.00
2009.01.07 23:10:43.666,0.77595,0.77665,1.20,3.40
2009.01.07 23:10:46.915,0.7759,0.77655,1.20,1.20
2009.01.07 23:11:02.281,0.7759,0.7765,1.20,1.20
2009.01.07 23:11:02.851,0.77585,0.77645,1.20,1.20
2009.01.07 23:11:28.365,0.7758,0.7764,1.20,1.20
2009.01.07 23:11:54.018,0.7758,0.77625,1.20,1.20
2009.01.07 23:11:56.058,0.77575,0.7763,1.20,1.20
2009.01.07 23:11:59.577,0.77575,0.77625,1.20,1.20
2009.01.07 23:12:00.897,0.77575,0.7762,1.20,1.40
2009.01.07 23:12:01.587,0.7757,0.7762,1.20,2.60
2009.01.07 23:12:02.097,0.77575,0.7762,1.20,1.40
2009.01.07 23:12:03.736,0.77575,0.77625,1.20,2.60
2009.01.07 23:12:04.827,0.7757,0.7762,1.20,1.20
2009.01.07 23:12:06.295,0.77565,0.7762,1.20,1.20
2009.01.07 23:12:08.425,0.7757,0.7762,1.20,1.20
2009.01.07 23:12:10.515,0.77565,0.7762,1.20,1.20
2009.01.07 23:12:14.643,0.77555,0.77605,1.20,1.20
2009.01.07 23:12:15.983,0.7756,0.77615,1.20,2.00
2009.01.07 23:12:16.433,0.7756,0.77615,1.20,1.20
2009.01.07 23:12:18.982,0.77565,0.7762,1.20,1.20
2009.01.07 23:12:19.273,0.7756,0.77615,1.20,1.20
2009.01.07 23:12:20.972,0.7756,0.7761,1.20,1.20
2009.01.07 23:12:32.029,0.7756,0.7761,1.20,1.20
2009.01.07 23:13:39.263,0.7756,0.7761,1.20,1.20
2009.01.07 23:13:46.811,0.77555,0.7761,1.20,1.20
2009.01.07 23:13:54.269,0.77535,0.776,2.40,1.20
2009.01.07 23:13:54.689,0.7753,0.776,2.80,2.00
2009.01.07 23:14:05.487,0.77525,0.77585,1.20,1.20
2009.01.07 23:14:05.937,0.7753,0.7759,1.20,2.00
2009.01.07 23:14:06.176,0.7753,0.7759,1.20,1.20
2009.01.07 23:14:10.376,0.77525,0.77585,1.20,1.20
2009.01.07 23:14:34.130,0.7753,0.7759,1.20,1.20
2009.01.07 23:14:42.278,0.7753,0.77585,1.20,1.20
2009.01.07 23:14:42.688,0.77525,0.7758,1.20,1.20
2009.01.07 23:14:55.195,0.77525,0.77575,1.20,1.20
2009.01.07 23:15:25.928,0.7752,0.7757,1.20,1.20
2009.01.07 23:15:35.025,0.77515,0.7757,1.20,1.20
2009.01.07 23:15:50.651,0.77515,0.77565,1.20,1.20
2009.01.07 23:15:53.121,0.77515,0.77565,1.20,2.60
2009.01.07 23:15:53.231,0.77505,0.7756,1.20,1.20
2009.01.07 23:15:55.560,0.775,0.77555,1.20,1.20
2009.01.07 23:16:04.988,0.77505,0.7756,1.20,1.20
2009.01.07 23:16:14.656,0.775,0.77555,1.20,1.20
2009.01.07 23:16:15.915,0.7751,0.7757,1.20,1.40
2009.01.07 23:16:16.025,0.7751,0.77575,1.20,1.40
2009.01.07 23:16:16.195,0.7751,0.77575,1.20,2.60
2009.01.07 23:16:17.745,0.77515,0.77575,1.20,1.20
2009.01.07 23:16:25.103,0.7752,0.7758,1.20,1.20
2009.01.07 23:16:27.153,0.7751,0.77575,1.20,1.20
2009.01.07 23:16:27.852,0.7751,0.7757,1.20,1.20
2009.01.07 23:16:29.062,0.77505,0.7755,1.60,1.20
2009.01.07 23:16:29.122,0.775,0.7755,1.20,1.20
2009.01.07 23:16:47.428,0.7749,0.77565,1.60,1.00
2009.01.07 23:16:47.967,0.77485,0.77565,1.60,1.00
2009.01.07 23:16:48.077,0.7749,0.77565,1.60,1.00
2009.01.07 23:17:00.654,0.77495,0.77565,1.60,1.00
2009.01.07 23:17:00.884,0.77495,0.77575,1.60,1.00
2009.01.07 23:17:01.284,0.775,0.77585,4.00,2.20
2009.01.07 23:17:04.164,0.7751,0.7757,1.20,1.20
2009.01.07 23:17:04.733,0.77505,0.77565,1.20,1.20
2009.01.07 23:17:42.974,0.77495,0.7755,2.80,1.20
2009.01.07 23:17:43.264,0.77495,0.7755,1.20,1.20
2009.01.07 23:17:47.893,0.775,0.77555,1.20,1.20
2009.01.07 23:17:48.123,0.7751,0.7756,1.20,1.20
2009.01.07 23:18:07.848,0.77495,0.77555,1.20,1.20
2009.01.07 23:18:16.196,0.77505,0.7756,1.20,1.20
2009.01.07 23:18:20.905,0.7751,0.7757,1.20,1.20
2009.01.07 23:18:24.784,0.7752,0.7757,1.20,1.20
2009.01.07 23:18:29.213,0.7751,0.7757,2.80,1.20
2009.01.07 23:18:41.710,0.7751,0.7757,1.60,1.20
2009.01.07 23:18:41.880,0.77505,0.7757,2.80,1.20
2009.01.07 23:18:53.287,0.7751,0.7757,2.80,1.20
2009.01.07 23:18:55.407,0.77525,0.77585,1.20,1.00
2009.01.07 23:18:56.157,0.77525,0.7759,1.20,1.20
2009.01.07 23:19:01.415,0.77535,0.77595,1.20,1.20
2009.01.07 23:19:06.124,0.77535,0.7759,1.20,1.20
2009.01.07 23:19:06.534,0.7753,0.7759,1.20,1.20
2009.01.07 23:19:08.504,0.7753,0.77595,1.20,1.20
2009.01.07 23:19:09.963,0.7753,0.7759,1.20,1.20
2009.01.07 23:19:12.163,0.7753,0.77595,1.20,1.20
2009.01.07 23:19:16.352,0.7753,0.7759,1.20,1.20
2009.01.07 23:19:20.601,0.7753,0.77595,1.20,1.20
2009.01.07 23:19:26.279,0.7753,0.7759,1.20,1.20
2009.01.07 23:19:28.419,0.7753,0.77595,1.20,1.20
2009.01.07 23:19:38.047,0.7752,0.7759,4.00,1.20
2009.01.07 23:19:38.107,0.7752,0.7759,1.60,2.00
2009.01.07 23:19:38.706,0.7751,0.7759,1.60,2.00
2009.01.07 23:19:38.986,0.7751,0.77585,1.60,1.00
2009.01.07 23:19:40.816,0.77515,0.77585,2.80,1.00
2009.01.07 23:19:41.276,0.77525,0.77595,1.20,2.60
2009.01.07 23:19:44.155,0.7753,0.776,1.20,2.60
2009.01.07 23:19:46.934,0.77535,0.77605,1.20,3.40
2009.01.07 23:19:47.114,0.77535,0.77605,1.20,2.60
2009.01.07 23:19:47.854,0.7754,0.77605,1.20,2.60
2009.01.07 23:19:50.024,0.7754,0.77605,1.20,1.20
2009.01.07 23:19:50.604,0.77545,0.7761,1.20,1.20
2009.01.07 23:19:50.773,0.77545,0.77615,1.20,2.20
2009.01.07 23:19:51.983,0.77545,0.7761,1.20,1.20
2009.01.07 23:19:54.803,0.7755,0.77615,1.20,2.20
2009.01.07 23:19:55.083,0.77535,0.77615,1.20,2.20
2009.01.07 23:19:55.383,0.77535,0.77615,2.80,1.00
2009.01.07 23:19:59.341,0.77535,0.77615,1.60,2.00
2009.01.07 23:19:59.742,0.7753,0.7761,2.80,1.00
2009.01.07 23:19:59.861,0.7753,0.7761,1.60,2.00
2009.01.07 23:19:59.921,0.77525,0.7761,5.20,3.40
2009.01.07 23:20:00.271,0.77525,0.77605,2.80,1.00
2009.01.07 23:20:00.451,0.77525,0.776,1.60,2.00
2009.01.07 23:20:03.690,0.77525,0.776,1.60,1.20
2009.01.07 23:20:03.930,0.77525,0.77605,1.60,2.00
2009.01.07 23:20:04.320,0.77525,0.776,1.60,1.20
2009.01.07 23:20:04.550,0.77525,0.776,1.60,2.00
2009.01.07 23:20:17.277,0.77535,0.7761,1.60,1.00
2009.01.07 23:20:17.447,0.7754,0.7761,1.60,1.00
2009.01.07 23:20:17.967,0.7754,0.77615,4.00,1.20
2009.01.07 23:20:18.137,0.7754,0.77615,1.60,2.00
2009.01.07 23:20:29.814,0.77535,0.77615,1.60,2.00
2009.01.07 23:20:31.454,0.77535,0.7761,1.60,1.20
2009.01.07 23:20:31.794,0.77535,0.7761,1.60,2.00
2009.01.07 23:20:36.462,0.7752,0.776,4.00,1.20
2009.01.07 23:20:36.682,0.77515,0.7759,1.60,2.00
2009.01.07 23:20:37.272,0.7751,0.77585,1.60,1.00
2009.01.07 23:20:37.672,0.7751,0.77585,1.60,2.00
2009.01.07 23:20:38.322,0.7751,0.77585,1.60,1.00
2009.01.07 23:20:38.382,0.7751,0.7758,1.60,1.20
2009.01.07 23:20:38.732,0.77505,0.7758,1.60,2.00
2009.01.07 23:20:39.172,0.775,0.7758,1.60,2.00
2009.01.07 23:20:39.292,0.775,0.77575,1.60,1.20
2009.01.07 23:20:39.812,0.775,0.77575,1.60,2.00
2009.01.07 23:20:41.381,0.7751,0.77575,1.60,1.00
2009.01.07 23:20:41.731,0.77515,0.7759,1.60,1.00
2009.01.07 23:20:42.081,0.7752,0.77595,1.60,1.00
2009.01.07 23:20:46.220,0.7751,0.7759,4.00,1.20
2009.01.07 23:20:46.770,0.7751,0.77585,1.60,1.00
2009.01.07 23:20:46.950,0.77505,0.77585,1.60,2.00
2009.01.07 23:20:47.470,0.775,0.77585,5.20,3.40
2009.01.07 23:20:54.489,0.77505,0.77585,2.80,1.00
2009.01.07 23:20:54.548,0.77505,0.77585,5.20,1.00
2009.01.07 23:20:55.288,0.7752,0.7759,1.20,1.20
2009.01.07 23:21:39.658,0.77515,0.7758,2.40,1.20
2009.01.07 23:21:40.127,0.7751,0.7758,1.20,1.20
2009.01.07 23:21:42.916,0.7752,0.77595,2.40,1.40
2009.01.07 23:21:47.735,0.77515,0.77595,2.40,1.40
2009.01.07 23:21:48.425,0.7751,0.77585,1.60,1.00
2009.01.07 23:21:50.864,0.77515,0.77595,2.40,1.40
2009.01.07 23:21:52.334,0.7751,0.77595,4.00,2.20
2009.01.07 23:21:58.063,0.7751,0.77565,1.60,1.20
2009.01.07 23:21:58.283,0.77475,0.77565,1.20,1.20
2009.01.07 23:21:58.753,0.77475,0.7756,1.20,1.20
2009.01.07 23:22:10.100,0.7748,0.77545,1.20,1.20
2009.01.07 23:22:40.663,0.77485,0.77545,1.20,1.20
2009.01.07 23:22:44.951,0.77495,0.77545,1.20,1.20
2009.01.07 23:22:51.590,0.77505,0.7756,1.20,1.00
2009.01.07 23:22:51.770,0.77505,0.77575,1.20,1.40
2009.01.07 23:22:51.950,0.7751,0.77585,2.40,1.40
2009.01.07 23:22:52.190,0.7751,0.77575,2.40,1.40
2009.01.07 23:22:52.720,0.7751,0.77585,2.40,1.40
2009.01.07 23:22:56.299,0.7752,0.7759,2.40,1.40
2009.01.07 23:22:56.589,0.7752,0.77585,2.40,1.40
2009.01.07 23:22:56.708,0.77505,0.77575,1.20,1.00
2009.01.07 23:22:56.869,0.775,0.7757,4.40,1.20
2009.01.07 23:22:58.838,0.775,0.7757,2.60,1.20
2009.01.07 23:24:16.059,0.77505,0.77585,1.20,1.20
2009.01.07 23:24:16.819,0.7751,0.77585,1.60,2.00
2009.01.07 23:24:45.592,0.7751,0.77585,2.60,2.00
2009.01.07 23:24:55.060,0.7751,0.77585,2.60,1.20
2009.01.07 23:24:55.480,0.7751,0.77585,2.60,2.00
2009.01.07 23:25:05.388,0.7751,0.77585,2.60,1.20
2009.01.07 23:25:05.558,0.7751,0.77585,2.60,2.00
2009.01.07 23:25:27.582,0.7751,0.77585,5.00,1.20
2009.01.07 23:25:31.692,0.7751,0.7757,4.00,1.20
2009.01.07 23:25:32.141,0.7751,0.7757,1.60,1.20
2009.01.07 23:25:34.161,0.77505,0.7757,1.20,1.20
2009.01.07 23:25:40.389,0.7751,0.7757,1.20,1.20
2009.01.07 23:25:41.679,0.77505,0.7757,1.20,1.20
2009.01.07 23:25:42.509,0.7751,0.7757,1.20,1.20
2009.01.07 23:25:43.889,0.7752,0.7757,1.20,1.20
2009.01.07 23:25:50.057,0.77515,0.77565,1.20,1.20
2009.01.07 23:25:51.826,0.77495,0.77555,3.40,1.20
2009.01.07 23:25:52.657,0.77495,0.77555,1.20,1.20
2009.01.07 23:25:53.406,0.775,0.7756,1.20,1.20
2009.01.07 23:25:55.376,0.77505,0.7757,1.20,2.00
2009.01.07 23:25:55.825,0.77505,0.7757,1.20,1.20
2009.01.07 23:25:57.615,0.775,0.7757,1.20,1.20
2009.01.07 23:25:57.955,0.775,0.7757,1.20,2.00
2009.01.07 23:25:59.785,0.77505,0.7757,1.20,1.20
2009.01.07 23:26:04.173,0.77515,0.77575,1.20,1.20
2009.01.07 23:26:04.693,0.77515,0.7757,1.20,1.00
2009.01.07 23:26:05.214,0.77515,0.7757,1.20,1.20
2009.01.07 23:26:06.813,0.77515,0.77575,1.20,1.20
2009.01.07 23:26:23.649,0.77515,0.7757,1.20,1.20
2009.01.07 23:26:28.398,0.77515,0.77575,1.20,1.20
2009.01.07 23:26:39.545,0.77515,0.7757,1.20,1.20
2009.01.07 23:26:40.305,0.77515,0.77575,1.20,1.20
2009.01.07 23:27:05.609,0.77515,0.7757,1.20,1.20
2009.01.07 23:27:06.368,0.77505,0.7757,1.20,1.20
2009.01.07 23:27:06.718,0.7751,0.7758,1.20,2.00
2009.01.07 23:27:06.948,0.7751,0.7758,1.20,1.20
2009.01.07 23:27:13.317,0.775,0.7758,3.40,1.20
2009.01.07 23:27:14.467,0.775,0.7758,2.40,2.00
2009.01.07 23:27:14.587,0.775,0.7758,3.40,2.00
2009.01.07 23:27:16.546,0.775,0.7757,1.20,1.20
2009.01.07 23:27:17.516,0.7749,0.7757,3.40,1.20
2009.01.07 23:27:17.956,0.7749,0.7757,1.20,2.00
2009.01.07 23:27:26.304,0.7749,0.7757,3.40,1.20
2009.01.07 23:27:27.003,0.7749,0.7757,1.20,2.00
2009.01.07 23:27:29.903,0.7749,0.77565,2.40,1.20
2009.01.07 23:27:30.143,0.7748,0.77565,3.40,2.00
2009.01.07 23:27:32.074,0.77485,0.7757,3.40,2.00
2009.01.07 23:27:42.490,0.7749,0.7757,2.40,1.20
2009.01.07 23:27:42.840,0.77485,0.7757,3.40,2.00
2009.01.07 23:27:45.259,0.77495,0.7757,1.20,1.20
2009.01.07 23:28:01.865,0.7749,0.7756,3.40,1.20
2009.01.07 23:28:02.045,0.7749,0.7756,1.20,1.20
2009.01.07 23:28:02.565,0.77485,0.77555,1.20,1.20
2009.01.07 23:28:03.605,0.7748,0.7755,3.40,1.20
2009.01.07 23:28:03.765,0.7747,0.7755,3.40,1.20
2009.01.07 23:28:04.874,0.7748,0.7755,2.40,1.20
2009.01.07 23:28:05.054,0.7747,0.7755,3.40,1.20
2009.01.07 23:28:06.734,0.77475,0.7755,2.40,1.20
2009.01.07 23:28:06.894,0.7747,0.7755,3.40,1.20
2009.01.07 23:28:07.534,0.7748,0.7755,1.20,1.20
2009.01.07 23:28:14.902,0.77485,0.77555,1.20,1.20
2009.01.07 23:28:22.320,0.7749,0.7756,1.20,1.20
2009.01.07 23:28:32.298,0.77485,0.77555,1.20,1.20
2009.01.07 23:28:34.258,0.7749,0.7756,1.20,2.00
2009.01.07 23:28:34.827,0.7749,0.7756,1.20,1.20
2009.01.07 23:28:44.865,0.77495,0.77565,1.20,1.00
2009.01.07 23:28:45.205,0.77495,0.7757,1.20,1.20
2009.01.07 23:28:45.255,0.775,0.7757,2.40,1.20
2009.01.07 23:28:45.365,0.77495,0.7757,1.20,1.20
2009.01.07 23:28:46.064,0.77495,0.7757,3.40,1.20
2009.01.07 23:28:46.694,0.77495,0.7757,1.20,1.20
2009.01.07 23:28:53.033,0.7749,0.7756,1.20,1.20
2009.01.07 23:29:10.399,0.77475,0.7754,1.20,1.20
2009.01.07 23:29:19.716,0.7746,0.7753,1.20,1.20
2009.01.07 23:29:20.336,0.7747,0.77535,1.20,2.00
2009.01.07 23:29:20.856,0.7747,0.77535,1.20,1.20
2009.01.07 23:29:23.065,0.77465,0.77535,3.40,1.20
2009.01.07 23:29:23.625,0.77465,0.7753,2.40,1.20
2009.01.07 23:29:24.035,0.7746,0.7753,1.20,1.20
2009.01.07 23:29:24.575,0.7747,0.77535,1.20,2.00
2009.01.07 23:29:25.095,0.7747,0.77535,1.20,1.20
2009.01.07 23:29:28.294,0.7748,0.77545,1.20,1.20
2009.01.07 23:29:32.063,0.77475,0.7754,1.20,1.20
2009.01.07 23:29:32.693,0.77465,0.77535,3.40,1.20
2009.01.07 23:29:32.813,0.77465,0.77535,1.20,1.20
2009.01.07 23:29:38.872,0.77465,0.7752,1.20,1.20
2009.01.07 23:29:41.291,0.7747,0.77535,1.20,2.00
2009.01.07 23:29:41.411,0.7747,0.77535,1.20,1.20
2009.01.07 23:29:43.490,0.7748,0.7754,1.20,1.20
2009.01.07 23:29:47.229,0.77475,0.77525,1.20,1.20
2009.01.07 23:29:48.649,0.7748,0.77535,1.20,1.00
2009.01.07 23:29:49.109,0.7748,0.7754,1.20,1.20
2009.01.07 23:29:50.649,0.7746,0.77535,2.40,1.20
2009.01.07 23:29:50.809,0.77455,0.7753,1.20,1.00
2009.01.07 23:29:51.769,0.77465,0.7753,1.20,1.00
2009.01.07 23:29:52.158,0.77465,0.7754,1.20,2.00
2009.01.07 23:29:52.848,0.7746,0.77535,1.20,2.00
2009.01.07 23:29:55.198,0.77465,0.77535,1.20,1.00
2009.01.07 23:29:55.538,0.77465,0.7754,1.20,2.00
2009.01.07 23:29:56.118,0.7747,0.7754,1.20,2.00
2009.01.07 23:29:56.757,0.7747,0.77535,1.20,1.20
2009.01.07 23:30:00.986,0.7746,0.77535,1.20,1.20
2009.01.07 23:30:01.046,0.7746,0.77535,1.20,2.00
2009.01.07 23:30:27.320,0.7748,0.7755,1.20,1.00
2009.01.07 23:30:28.010,0.7748,0.77565,1.20,2.00
2009.01.07 23:30:29.999,0.7749,0.7756,1.20,1.20
2009.01.07 23:30:30.229,0.7749,0.77565,1.20,2.00
2009.01.07 23:30:39.137,0.7749,0.7756,1.20,1.00
2009.01.07 23:30:39.717,0.7749,0.77565,1.20,2.00
2009.01.07 23:30:39.947,0.7749,0.77565,1.20,1.00
2009.01.07 23:30:40.307,0.7749,0.7757,1.20,2.00
2009.01.07 23:31:07.340,0.77485,0.7757,3.40,2.00
2009.01.07 23:31:07.630,0.77485,0.77565,1.20,1.00
2009.01.07 23:31:25.356,0.77495,0.77565,1.20,1.00
2009.01.07 23:31:25.936,0.77495,0.7757,1.20,1.00
2009.01.07 23:31:36.163,0.775,0.77575,1.20,1.00
2009.01.07 23:31:53.139,0.775,0.7758,3.40,1.20
2009.01.07 23:31:53.379,0.77505,0.77585,1.20,1.00
2009.01.07 23:31:56.708,0.775,0.7758,1.20,1.00
2009.01.07 23:32:07.016,0.775,0.7758,1.20,2.00
2009.01.07 23:32:07.596,0.775,0.77575,1.20,1.00
2009.01.07 23:32:12.325,0.77495,0.77575,3.40,2.00
2009.01.07 23:32:16.254,0.77505,0.77575,1.20,1.00
2009.01.07 23:32:16.604,0.77505,0.77585,1.20,2.00
2009.01.07 23:32:16.894,0.775,0.7758,3.40,1.20
2009.01.07 23:32:17.593,0.77495,0.77575,2.40,1.20
2009.01.07 23:32:17.983,0.77495,0.77575,2.40,2.00
2009.01.07 23:32:24.242,0.77475,0.7756,2.40,1.00
2009.01.07 23:32:24.652,0.7747,0.77555,2.40,1.00
2009.01.07 23:32:29.071,0.77465,0.7755,2.40,1.00
2009.01.07 23:32:44.817,0.77475,0.77555,2.40,1.00
2009.01.07 23:32:46.247,0.7748,0.7756,2.40,1.00
2009.01.07 23:32:47.046,0.77485,0.77565,2.40,2.00
2009.01.07 23:32:47.336,0.77475,0.77555,2.40,1.00
2009.01.07 23:32:52.025,0.7749,0.7757,2.40,2.00
2009.01.07 23:32:54.674,0.77485,0.7757,3.40,2.00
2009.01.07 23:33:34.885,0.7748,0.77565,3.40,2.00
2009.01.07 23:33:35.335,0.7749,0.77565,1.20,1.00
2009.01.07 23:33:35.445,0.77485,0.77565,1.20,1.00
2009.01.07 23:33:35.914,0.77485,0.7757,3.40,2.00
2009.01.07 23:33:36.144,0.7749,0.7757,2.40,1.20
2009.01.07 23:33:36.564,0.77495,0.7757,1.20,1.20
2009.01.07 23:33:36.744,0.77495,0.7757,3.40,1.20
2009.01.07 23:33:37.644,0.77495,0.7757,1.20,1.20
2009.01.07 23:33:43.203,0.77495,0.77575,1.20,2.00
2009.01.07 23:33:43.992,0.77515,0.77575,1.20,1.00
2009.01.07 23:33:44.273,0.77515,0.77585,1.20,1.20
2009.01.07 23:33:44.562,0.77515,0.77585,1.20,2.00
2009.01.07 23:33:44.682,0.77505,0.77585,3.40,2.00
2009.01.07 23:33:44.852,0.77505,0.77585,2.40,2.00
2009.01.07 23:33:46.852,0.77505,0.77585,3.40,2.00
2009.01.07 23:33:49.141,0.77505,0.7758,2.40,1.20
2009.01.07 23:33:54.400,0.77495,0.77555,1.20,1.20
2009.01.07 23:34:06.937,0.7749,0.77545,1.20,1.20
2009.01.07 23:34:18.944,0.77495,0.77545,1.20,1.20
2009.01.07 23:34:19.514,0.77495,0.77555,1.20,1.20
2009.01.07 23:34:23.243,0.7749,0.77545,1.20,1.20
2009.01.07 23:34:33.751,0.77485,0.7754,1.20,1.20
2009.01.07 23:34:48.367,0.7747,0.7752,1.20,1.20
2009.01.07 23:34:48.547,0.7747,0.77535,1.20,1.20
2009.01.07 23:34:49.397,0.77465,0.77535,3.40,1.20
2009.01.07 23:34:50.196,0.77465,0.77535,1.20,1.20
2009.01.07 23:34:51.286,0.77465,0.77545,1.20,1.00
2009.01.07 23:34:51.756,0.7747,0.7755,2.40,1.20
2009.01.07 23:34:51.986,0.77475,0.7755,1.20,1.20
2009.01.07 23:34:52.336,0.77475,0.7755,3.40,1.20
2009.01.07 23:34:56.835,0.77475,0.7753,2.40,1.20
2009.01.07 23:34:56.945,0.7747,0.7753,1.20,1.20
2009.01.07 23:34:58.265,0.77465,0.7752,1.20,1.20
2009.01.07 23:35:04.833,0.7747,0.7752,1.20,1.20
2009.01.07 23:35:08.542,0.77465,0.7752,1.20,1.20
2009.01.07 23:35:11.422,0.77475,0.77525,1.20,1.20
2009.01.07 23:35:12.451,0.7748,0.7754,1.20,1.20
2009.01.07 23:35:12.691,0.7747,0.7752,3.40,1.20
2009.01.07 23:35:13.311,0.7747,0.7752,1.20,1.20
2009.01.07 23:35:14.001,0.77465,0.7752,1.20,1.20
2009.01.07 23:35:33.086,0.77455,0.7751,1.20,1.20
2009.01.07 23:35:35.566,0.7746,0.77515,1.20,1.20
2009.01.07 23:35:44.143,0.77455,0.7751,1.20,1.20
2009.01.07 23:35:46.593,0.77455,0.77505,1.20,1.20
2009.01.07 23:35:46.983,0.77455,0.7751,1.20,1.20
2009.01.07 23:35:52.971,0.7746,0.77515,1.20,1.20
2009.01.07 23:36:01.920,0.77465,0.7752,1.20,1.20
2009.01.07 23:36:03.869,0.7746,0.77515,1.20,1.20
2009.01.07 23:36:06.508,0.77465,0.7752,1.20,1.20
2009.01.07 23:36:38.970,0.7747,0.77525,1.20,1.20
2009.01.07 23:36:39.700,0.77455,0.7751,1.20,1.20
2009.01.07 23:36:41.820,0.7746,0.77515,1.20,1.20
2009.01.07 23:36:43.819,0.77455,0.7751,1.20,1.20
2009.01.07 23:36:59.845,0.7745,0.77505,1.20,1.20
2009.01.07 23:37:05.754,0.77455,0.77505,1.20,1.20
2009.01.07 23:37:06.584,0.77455,0.77515,1.20,1.20
2009.01.07 23:37:15.352,0.77445,0.77515,1.20,1.20
2009.01.07 23:37:22.500,0.7745,0.77515,1.20,1.20
2009.01.07 23:37:27.419,0.7745,0.7751,1.20,1.20
2009.01.07 23:37:34.127,0.77445,0.77495,1.20,1.20
2009.01.07 23:37:36.236,0.77435,0.77495,2.80,1.20
2009.01.07 23:37:36.457,0.77435,0.77495,1.20,1.20
2009.01.07 23:37:37.016,0.7743,0.77495,1.20,1.20
2009.01.07 23:37:38.566,0.77435,0.77495,1.20,1.20
2009.01.07 23:37:47.374,0.7743,0.7749,1.20,1.20
2009.01.07 23:37:47.784,0.7743,0.77485,1.20,1.20
2009.01.07 23:37:52.642,0.7743,0.7749,1.20,1.20
2009.01.07 23:38:08.899,0.77435,0.7749,1.20,1.20
2009.01.07 23:38:10.948,0.7743,0.77485,1.20,1.20
2009.01.07 23:38:15.387,0.7742,0.77485,2.80,1.20
2009.01.07 23:38:15.797,0.7742,0.77485,1.20,1.20
2009.01.07 23:38:18.166,0.77425,0.7749,1.20,1.20
2009.01.07 23:38:19.236,0.77425,0.7749,2.80,1.20
2009.01.07 23:38:22.565,0.7743,0.7749,2.80,1.20
2009.01.07 23:38:26.764,0.77435,0.77495,1.20,1.20
2009.01.07 23:38:46.880,0.77455,0.7751,1.20,1.20
2009.01.07 23:38:52.888,0.7746,0.7751,1.20,1.20
2009.01.07 23:38:53.558,0.77455,0.7751,1.20,1.20
2009.01.07 23:38:55.057,0.7746,0.7751,1.20,1.20
2009.01.07 23:38:56.267,0.7746,0.77525,1.20,1.00
2009.01.07 23:38:56.487,0.7746,0.7752,1.20,1.20
2009.01.07 23:38:59.526,0.77425,0.77505,2.80,1.20
2009.01.07 23:39:01.516,0.7744,0.77505,1.20,1.20
2009.01.07 23:39:14.873,0.7744,0.775,1.20,1.20
2009.01.07 23:39:16.212,0.77435,0.77495,1.20,1.20
2009.01.07 23:39:19.292,0.7745,0.775,1.20,1.20
2009.01.07 23:39:21.521,0.77455,0.77505,1.20,1.20
2009.01.07 23:39:25.550,0.7745,0.775,1.20,1.20
2009.01.07 23:39:42.186,0.77455,0.77505,1.20,1.20
2009.01.07 23:39:43.646,0.7745,0.775,1.20,1.20
2009.01.07 23:39:48.355,0.77455,0.77505,1.20,1.20
2009.01.07 23:39:49.315,0.7745,0.775,1.20,1.20
2009.01.07 23:40:12.289,0.77455,0.77505,1.20,1.20
2009.01.07 23:40:42.921,0.7745,0.775,1.20,1.20
2009.01.07 23:40:45.801,0.77435,0.77495,5.20,1.20
2009.01.07 23:40:46.101,0.77435,0.77495,2.80,1.20
2009.01.07 23:40:46.271,0.77435,0.77495,1.20,1.20
2009.01.07 23:40:49.750,0.7742,0.77495,2.80,1.20
2009.01.07 23:40:52.159,0.7742,0.77495,1.60,1.20
2009.01.07 23:40:52.779,0.7742,0.77495,1.60,2.00
2009.01.07 23:40:53.459,0.7742,0.77495,1.60,3.60
2009.01.07 23:40:53.919,0.77415,0.77475,22.40,1.20
2009.01.07 23:41:03.726,0.77425,0.7748,1.20,1.20
2009.01.07 23:41:05.036,0.77415,0.7747,23.40,1.20
2009.01.07 23:41:05.866,0.77415,0.7748,22.40,1.20
2009.01.07 23:41:06.106,0.77415,0.77475,22.40,1.40
2009.01.07 23:41:06.286,0.77415,0.7746,22.40,1.00
2009.01.07 23:41:06.746,0.77415,0.77475,22.40,1.00
2009.01.07 23:41:22.952,0.77415,0.7748,22.40,4.20
2009.01.07 23:41:23.642,0.7743,0.7748,1.20,1.60
2009.01.07 23:41:26.201,0.7742,0.7748,2.40,2.80
2009.01.07 23:41:26.311,0.77415,0.7746,22.40,1.00
2009.01.07 23:41:26.421,0.77425,0.7746,1.60,1.00
2009.01.07 23:41:26.931,0.7743,0.77515,2.40,1.40
2009.01.07 23:41:27.041,0.77415,0.77505,24.00,1.00
2009.01.07 23:41:27.441,0.7744,0.77515,2.40,1.40
2009.01.07 23:41:29.440,0.7746,0.775,2.40,1.40
2009.01.07 23:41:31.450,0.7746,0.77535,2.40,1.40
2009.01.07 23:41:32.339,0.7745,0.77535,2.40,1.40
2009.01.07 23:41:43.757,0.77415,0.77475,22.40,2.20
2009.01.07 23:41:44.467,0.77415,0.77465,22.40,1.00
2009.01.07 23:41:44.877,0.77415,0.7747,22.40,1.00
2009.01.07 23:41:45.157,0.77415,0.77465,22.40,1.00
2009.01.07 23:41:47.186,0.77415,0.77465,22.40,2.20
2009.01.07 23:41:47.936,0.77415,0.7746,22.40,1.00
2009.01.07 23:41:50.255,0.77415,0.77455,22.40,1.20
2009.01.07 23:41:50.945,0.77415,0.77445,22.40,1.00
2009.01.07 23:41:52.385,0.77415,0.77445,22.40,2.20
2009.01.07 23:41:56.874,0.77415,0.77445,22.40,1.40
2009.01.07 23:41:56.934,0.77415,0.7746,22.40,2.60
2009.01.07 23:41:58.643,0.77415,0.7746,22.40,1.20
2009.01.07 23:41:59.153,0.77415,0.77455,22.40,1.20
2009.01.07 23:42:01.383,0.77415,0.77445,22.40,1.20
2009.01.07 23:42:01.883,0.77415,0.77435,22.40,1.20
2009.01.07 23:42:04.112,0.7735,0.77435,1.60,1.20
2009.01.07 23:42:04.622,0.77355,0.77435,1.20,1.20
2009.01.07 23:42:04.922,0.774,0.77435,22.40,1.20
2009.01.07 23:42:07.871,0.77415,0.77445,22.40,2.00
2009.01.07 23:42:07.991,0.77415,0.77445,22.40,1.20
2009.01.07 23:42:09.591,0.77415,0.77435,22.40,1.20
2009.01.07 23:42:10.091,0.77415,0.77445,22.40,2.00
2009.01.07 23:42:10.560,0.77415,0.77445,22.40,1.20
2009.01.07 23:42:13.270,0.77415,0.7745,22.40,1.20
2009.01.07 23:42:15.839,0.77415,0.77455,22.40,1.20
2009.01.07 23:42:16.619,0.77415,0.7745,22.40,1.20
2009.01.07 23:42:17.789,0.77415,0.77445,22.40,1.20
2009.01.07 23:42:19.708,0.77415,0.7745,22.40,1.20
2009.01.07 23:42:34.385,0.77415,0.77445,22.40,1.20
2009.01.07 23:42:34.904,0.77415,0.77455,22.40,1.20
2009.01.07 23:42:35.735,0.77415,0.7746,22.40,1.20
2009.01.07 23:42:45.532,0.77415,0.77465,22.40,1.20
2009.01.07 23:42:48.511,0.77415,0.7747,22.40,2.00
2009.01.07 23:42:49.441,0.77415,0.7747,22.40,1.20
2009.01.07 23:42:49.681,0.77415,0.77465,22.40,1.20
2009.01.07 23:42:50.741,0.77415,0.7747,22.40,2.00
2009.01.07 23:42:51.271,0.77415,0.7747,22.40,1.20
2009.01.07 23:42:52.940,0.77415,0.77475,22.40,1.20
2009.01.07 23:42:56.490,0.77415,0.7747,22.40,1.20
2009.01.07 23:42:56.999,0.77415,0.77465,22.40,1.20
2009.01.07 23:43:00.308,0.77415,0.7746,22.40,1.20
2009.01.07 23:43:00.888,0.77415,0.77465,22.40,2.00
2009.01.07 23:43:01.058,0.77415,0.77465,22.40,1.20
2009.01.07 23:44:00.004,0.77415,0.7746,22.40,1.20
2009.01.07 23:44:01.813,0.77415,0.77465,22.40,2.00
2009.01.07 23:44:02.314,0.77415,0.77465,22.40,1.20
2009.01.07 23:44:02.533,0.77415,0.7746,22.40,1.20
2009.01.07 23:44:03.293,0.77415,0.77465,22.40,2.00
2009.01.07 23:44:03.873,0.77415,0.77465,22.40,1.20
2009.01.07 23:44:09.592,0.77415,0.7747,22.40,1.20
2009.01.07 23:44:11.551,0.77415,0.77465,22.40,1.20
2009.01.07 23:44:11.611,0.77415,0.7747,22.40,1.20
2009.01.07 23:44:24.898,0.77415,0.77475,22.40,1.20
2009.01.07 23:44:25.059,0.77415,0.7748,22.40,1.00
2009.01.07 23:44:25.468,0.77415,0.7748,22.40,2.00
2009.01.07 23:44:26.308,0.77415,0.7748,22.40,1.20
2009.01.07 23:44:27.577,0.77415,0.77485,22.40,1.20
2009.01.07 23:44:30.837,0.77415,0.77485,24.80,1.20
2009.01.07 23:44:31.007,0.77425,0.7749,1.20,1.20
2009.01.07 23:44:34.406,0.7743,0.775,1.20,1.00
2009.01.07 23:44:34.875,0.7743,0.77505,1.20,1.20
2009.01.07 23:44:37.305,0.77425,0.7749,1.20,1.20
2009.01.07 23:44:37.645,0.77425,0.77495,3.40,1.20
2009.01.07 23:44:37.985,0.77425,0.77495,1.20,1.20
2009.01.07 23:44:43.234,0.77425,0.7749,1.20,1.20
2009.01.07 23:44:44.394,0.77425,0.77495,1.20,2.00
2009.01.07 23:44:47.742,0.7742,0.7749,1.20,1.20
2009.01.07 23:44:48.503,0.7742,0.7749,1.20,2.00
2009.01.07 23:45:11.417,0.77425,0.7749,1.20,1.00
2009.01.07 23:45:11.867,0.77435,0.7749,1.20,1.00
2009.01.07 23:45:12.046,0.77435,0.775,1.20,1.00
2009.01.07 23:45:12.387,0.7744,0.775,1.20,1.00
2009.01.07 23:45:12.856,0.7744,0.7751,1.20,1.20
2009.01.07 23:45:13.776,0.7744,0.77495,1.20,1.20
2009.01.07 23:45:14.886,0.77435,0.7749,1.20,1.20
2009.01.07 23:45:16.385,0.7744,0.77495,1.20,1.20
2009.01.07 23:45:17.015,0.77445,0.77495,1.20,1.20
2009.01.07 23:45:20.755,0.7743,0.77485,1.20,1.20
2009.01.07 23:45:32.372,0.7742,0.77475,1.20,1.00
2009.01.07 23:45:32.482,0.7742,0.7748,1.20,1.20
2009.01.07 23:45:43.109,0.77425,0.77485,1.20,1.20
2009.01.07 23:45:49.698,0.7742,0.7748,1.20,1.20
2009.01.07 23:45:49.927,0.77425,0.77485,1.20,1.20
2009.01.07 23:46:02.395,0.7743,0.77485,1.20,1.20
2009.01.07 23:46:03.694,0.77425,0.77485,1.20,1.20
2009.01.07 23:46:08.003,0.7743,0.77485,1.20,1.20
2009.01.07 23:46:13.102,0.77425,0.7748,1.20,1.20
2009.01.07 23:46:15.351,0.7742,0.77475,1.20,1.20
2009.01.07 23:46:32.537,0.77415,0.77465,22.40,1.20
2009.01.07 23:46:33.557,0.77415,0.77455,22.40,1.20
2009.01.07 23:46:35.997,0.77415,0.7746,22.40,1.20
2009.01.07 23:46:36.666,0.77415,0.7745,22.40,1.20
2009.01.07 23:46:37.176,0.77415,0.7745,22.40,2.00
2009.01.07 23:46:37.646,0.77415,0.77455,22.40,1.20
2009.01.07 23:46:38.746,0.77415,0.7745,22.40,1.20
2009.01.07 23:46:38.926,0.77415,0.77455,22.40,1.20
2009.01.07 23:46:41.325,0.77415,0.7746,22.40,1.20
2009.01.07 23:46:42.025,0.77415,0.77455,22.40,1.20
2009.01.07 23:46:45.585,0.77415,0.7746,22.40,1.20
2009.01.07 23:46:49.063,0.77415,0.7745,22.40,1.20
2009.01.07 23:46:52.562,0.77415,0.77445,22.40,1.20
2009.01.07 23:46:54.612,0.77415,0.7745,22.40,1.20
2009.01.07 23:46:56.251,0.77415,0.77445,22.40,1.20
2009.01.07 23:46:58.601,0.77415,0.7745,22.40,1.20
2009.01.07 23:47:00.600,0.77415,0.7746,22.40,2.20
2009.01.07 23:47:01.130,0.77415,0.7746,22.40,1.00
2009.01.07 23:47:01.300,0.77415,0.77465,22.40,1.20
2009.01.07 23:47:04.169,0.77415,0.7746,22.40,1.20
2009.01.07 23:47:05.339,0.77415,0.77455,22.40,1.20
2009.01.07 23:47:05.519,0.77415,0.7745,22.40,1.20
2009.01.07 23:47:06.259,0.77415,0.7744,22.40,1.20
2009.01.07 23:47:06.959,0.77415,0.77445,22.40,1.20
2009.01.07 23:47:12.348,0.77415,0.7745,22.40,1.20
2009.01.07 23:47:17.136,0.77415,0.77455,22.40,2.80
2009.01.07 23:47:17.518,0.77415,0.7745,22.40,1.20
2009.01.07 23:47:18.476,0.77415,0.77455,22.40,2.80
2009.01.07 23:47:18.696,0.77415,0.77455,22.40,1.20
2009.01.07 23:47:20.126,0.77415,0.7745,22.40,1.20
2009.01.07 23:47:21.535,0.77415,0.77455,22.40,1.20
2009.01.07 23:47:23.575,0.77415,0.7745,22.40,1.20
2009.01.07 23:47:28.784,0.77415,0.77455,22.40,1.20
2009.01.07 23:47:38.221,0.77415,0.7746,22.40,1.20
2009.01.07 23:47:45.710,0.77415,0.77455,22.40,1.20
2009.01.07 23:47:58.857,0.77415,0.7745,22.40,1.20
2009.01.07 23:48:02.536,0.77415,0.77455,22.40,1.20
2009.01.07 23:48:05.815,0.77415,0.7746,22.40,1.20
2009.01.07 23:48:31.659,0.77415,0.77455,22.40,1.20
2009.01.07 23:48:39.017,0.7744,0.77455,1.60,1.20
2009.01.07 23:48:39.237,0.7744,0.77465,1.60,1.00
2009.01.07 23:48:39.976,0.77455,0.7751,4.00,1.40
2009.01.07 23:48:40.087,0.77455,0.77515,4.00,1.40
2009.01.07 23:48:41.656,0.77455,0.7751,4.00,1.40
2009.01.07 23:48:43.186,0.77455,0.77515,4.00,1.40
2009.01.07 23:48:46.885,0.77455,0.7749,1.60,1.00
2009.01.07 23:48:51.344,0.774,0.77475,22.40,1.00
2009.01.07 23:48:52.513,0.77415,0.77465,22.40,1.20
2009.01.07 23:49:11.579,0.77415,0.7747,22.40,1.20
2009.01.07 23:49:14.128,0.7742,0.7747,1.20,1.20
2009.01.07 23:49:18.608,0.77415,0.7747,22.40,1.20
2009.01.07 23:49:35.923,0.77415,0.7747,23.40,1.20
2009.01.07 23:49:38.882,0.77415,0.7747,22.40,1.20
2009.01.07 23:49:53.799,0.77415,0.77465,22.40,1.20
2009.01.07 23:49:55.408,0.7742,0.7747,1.20,1.20
2009.01.07 23:50:19.983,0.77415,0.77465,23.40,1.20
2009.01.07 23:50:21.252,0.7742,0.7747,1.20,1.20
2009.01.07 23:50:26.451,0.77425,0.77475,1.20,1.20
2009.01.07 23:50:26.571,0.77425,0.7748,1.20,1.20
2009.01.07 23:50:42.557,0.7742,0.77475,1.20,1.20
2009.01.07 23:50:48.176,0.7742,0.7747,1.20,1.20
2009.01.07 23:50:48.805,0.7742,0.77475,1.20,1.20
2009.01.07 23:50:52.325,0.77425,0.77475,1.20,1.20
2009.01.07 23:50:57.333,0.7743,0.7748,1.20,1.20
2009.01.07 23:51:02.842,0.77425,0.77475,1.20,1.20
2009.01.07 23:51:03.232,0.7742,0.7747,1.20,1.20
2009.01.07 23:51:05.882,0.77415,0.7747,22.40,1.20
2009.01.07 23:51:08.201,0.77415,0.7746,22.40,1.20
2009.01.07 23:51:28.636,0.7742,0.7747,1.20,2.60
2009.01.07 23:51:32.915,0.77415,0.77465,23.40,2.60
2009.01.07 23:51:33.735,0.7742,0.77465,1.20,1.40
2009.01.07 23:51:38.294,0.77415,0.77465,23.40,2.60
2009.01.07 23:51:41.763,0.7742,0.7747,1.20,2.60
2009.01.07 23:51:44.292,0.77415,0.77465,23.40,2.60
2009.01.07 23:51:46.942,0.77415,0.77465,22.40,2.60
2009.01.07 23:51:47.391,0.77415,0.77465,23.40,2.60
2009.01.07 23:51:59.208,0.77415,0.77465,23.40,1.20
2009.01.07 23:52:06.207,0.7742,0.7747,1.20,1.20
2009.01.07 23:52:11.205,0.77415,0.77465,23.40,1.20
2009.01.07 23:52:21.373,0.77415,0.77465,22.40,1.20
2009.01.07 23:52:37.589,0.77415,0.77465,23.40,1.20
2009.01.07 23:52:40.569,0.7742,0.7747,1.20,1.20
2009.01.07 23:52:44.388,0.77425,0.77475,1.20,1.20
2009.01.07 23:53:06.972,0.7742,0.7747,1.20,1.20
2009.01.07 23:53:10.961,0.77425,0.77475,1.20,1.20
2009.01.07 23:53:11.821,0.7743,0.7748,1.20,1.20
2009.01.07 23:53:12.001,0.7743,0.77485,1.20,2.80
2009.01.07 23:53:12.271,0.7743,0.77485,1.20,1.20
2009.01.07 23:53:13.841,0.77435,0.77485,1.20,1.20
2009.01.07 23:53:14.410,0.77445,0.77495,1.20,2.00
2009.01.07 23:53:15.070,0.77445,0.77495,1.20,1.20
2009.01.07 23:53:15.540,0.77465,0.77505,1.60,1.00
2009.01.07 23:53:15.710,0.7748,0.77525,2.40,1.40
2009.01.07 23:53:16.000,0.77465,0.77525,1.60,1.40
2009.01.07 23:53:16.170,0.7748,0.7753,1.60,1.40
2009.01.07 23:53:16.610,0.775,0.7753,2.40,1.40
2009.01.07 23:53:17.400,0.775,0.77535,2.40,1.40
2009.01.07 23:53:20.399,0.775,0.7754,2.40,1.40
2009.01.07 23:53:21.909,0.775,0.77545,2.40,1.40
2009.01.07 23:53:22.258,0.77495,0.77545,2.40,1.40
2009.01.07 23:53:22.888,0.77505,0.77545,2.40,1.40
2009.01.07 23:53:23.068,0.77505,0.7755,2.40,1.40
2009.01.07 23:53:24.218,0.77465,0.7753,1.60,1.00
2009.01.07 23:53:24.328,0.77465,0.7753,1.60,2.20
2009.01.07 23:53:32.336,0.77475,0.7753,1.60,1.00
2009.01.07 23:53:32.736,0.7748,0.77535,1.60,2.20
2009.01.07 23:53:33.426,0.77475,0.7753,1.60,1.40
2009.01.07 23:53:33.816,0.77475,0.7753,1.60,2.20
2009.01.07 23:53:36.725,0.77475,0.7752,1.60,1.40
2009.01.07 23:53:42.404,0.7748,0.7752,1.60,1.40
2009.01.07 23:53:42.874,0.77485,0.77525,1.60,1.40
2009.01.07 23:53:42.984,0.7749,0.7753,1.60,1.40
2009.01.07 23:53:47.542,0.77495,0.77535,1.60,1.40
2009.01.07 23:53:53.171,0.77495,0.7754,1.60,1.40
2009.01.07 23:53:53.631,0.775,0.7754,1.60,1.40
2009.01.07 23:54:01.209,0.77505,0.7754,1.60,1.40
2009.01.07 23:54:07.468,0.77505,0.77545,1.60,1.40
2009.01.07 23:54:09.437,0.77515,0.77545,1.60,1.40
2009.01.07 23:54:09.607,0.77515,0.77555,1.60,2.20
2009.01.07 23:54:10.107,0.77515,0.77555,1.60,1.40
2009.01.07 23:54:17.535,0.77505,0.7755,1.60,1.40
2009.01.07 23:54:28.262,0.7751,0.7755,1.60,1.40
2009.01.07 23:54:29.492,0.7751,0.77585,1.20,1.40
2009.01.07 23:54:30.582,0.77505,0.7757,1.20,1.20
2009.01.07 23:54:31.662,0.775,0.77565,1.20,1.20
2009.01.07 23:54:33.002,0.77505,0.7757,1.20,1.20
2009.01.07 23:54:33.411,0.775,0.77565,1.20,1.20
2009.01.07 23:54:34.101,0.7749,0.77565,5.20,1.20
2009.01.07 23:54:34.331,0.7749,0.77565,2.80,2.00
2009.01.07 23:54:35.321,0.77485,0.7755,1.20,1.20
2009.01.07 23:54:43.279,0.7749,0.77545,1.20,1.20
2009.01.07 23:54:44.229,0.77485,0.7754,1.20,1.20
2009.01.07 23:54:48.408,0.7749,0.77545,1.20,1.20
2009.01.07 23:54:51.227,0.77485,0.7754,1.20,1.20
2009.01.07 23:54:54.186,0.7749,0.77545,1.20,1.20
2009.01.07 23:54:54.836,0.77485,0.7754,1.20,1.20
2009.01.07 23:54:55.356,0.7749,0.77545,1.20,1.20
2009.01.07 23:54:58.845,0.77495,0.77545,1.20,1.20
2009.01.07 23:55:00.505,0.7749,0.77545,1.20,1.20
2009.01.07 23:55:01.845,0.7749,0.7754,1.20,1.20
2009.01.07 23:55:05.253,0.7749,0.77545,1.20,1.20
2009.01.07 23:55:08.343,0.7749,0.77545,1.20,1.20
2009.01.07 23:55:11.342,0.7749,0.7754,1.20,1.20
2009.01.07 23:55:12.112,0.7749,0.77545,1.20,1.20
2009.01.07 23:55:12.412,0.7749,0.7754,1.20,1.20
2009.01.07 23:55:14.341,0.7749,0.77545,1.20,1.20
2009.01.07 23:55:17.171,0.77505,0.77555,1.20,1.20
2009.01.07 23:55:18.960,0.7749,0.77545,1.20,1.20
2009.01.07 23:55:19.730,0.7749,0.7754,1.20,1.20
2009.01.07 23:55:21.650,0.7748,0.7754,1.20,1.20
2009.01.07 23:55:22.589,0.7748,0.77545,1.20,1.20
2009.01.07 23:55:24.429,0.7748,0.7753,1.20,1.20
2009.01.07 23:55:25.339,0.7747,0.7753,1.20,1.20
2009.01.07 23:55:31.187,0.7748,0.7753,1.20,1.20
2009.01.07 23:55:31.707,0.77485,0.77535,1.20,1.20
2009.01.07 23:55:34.936,0.7748,0.7753,1.20,1.20
2009.01.07 23:55:35.676,0.7747,0.7753,1.20,1.20
2009.01.07 23:55:36.136,0.7748,0.7753,1.20,1.20
2009.01.07 23:55:36.576,0.7747,0.7753,1.20,1.20
2009.01.07 23:55:37.836,0.7748,0.7753,1.20,1.20
2009.01.07 23:55:44.694,0.77485,0.77535,1.20,1.20
2009.01.07 23:56:03.119,0.77485,0.7755,1.20,1.20
2009.01.07 23:56:03.230,0.7749,0.7755,1.20,1.20
2009.01.07 23:56:04.609,0.775,0.7755,1.20,1.20
2009.01.07 23:56:12.387,0.77505,0.77555,1.20,1.20
2009.01.07 23:56:32.573,0.7751,0.7756,1.20,1.20
2009.01.07 23:56:39.211,0.7751,0.77565,1.20,1.20
2009.01.07 23:56:44.779,0.77515,0.7757,1.20,1.20
2009.01.07 23:56:53.368,0.7752,0.7757,1.20,1.20
2009.01.07 23:56:59.446,0.77515,0.7757,1.20,1.20
2009.01.07 23:57:00.976,0.7751,0.77565,1.20,1.20
2009.01.07 23:57:13.972,0.7751,0.77555,1.20,1.60
2009.01.07 23:57:14.092,0.7749,0.77535,1.60,1.20
2009.01.07 23:57:14.202,0.77485,0.77535,1.60,1.20
2009.01.07 23:57:14.422,0.7748,0.7754,1.20,1.20
2009.01.07 23:57:15.062,0.77465,0.77535,1.20,1.20
2009.01.07 23:57:24.500,0.77465,0.7752,1.20,1.20
2009.01.07 23:57:26.239,0.77465,0.77525,1.20,1.20
2009.01.07 23:57:26.629,0.7746,0.7752,1.20,1.20
2009.01.07 23:57:31.368,0.77475,0.7753,1.20,1.20
2009.01.07 23:57:32.498,0.77465,0.77525,1.20,1.20
2009.01.07 23:57:34.228,0.7747,0.7753,1.20,1.20
2009.01.07 23:57:37.597,0.77465,0.77525,1.20,1.20
2009.01.07 23:57:37.767,0.7746,0.7752,1.20,1.20
2009.01.07 23:57:43.456,0.77465,0.77525,1.20,1.20
2009.01.07 23:57:45.125,0.7746,0.77525,1.20,1.20
2009.01.07 23:57:46.994,0.77465,0.77525,1.20,1.20
2009.01.07 23:57:53.503,0.7747,0.77525,1.20,1.20
2009.01.07 23:57:57.722,0.77475,0.7753,1.20,1.20
2009.01.07 23:58:05.570,0.7747,0.7753,1.20,1.20
2009.01.07 23:58:09.969,0.77465,0.77525,1.20,1.20
2009.01.07 23:58:16.058,0.7747,0.7753,1.20,1.20
2009.01.07 23:58:21.466,0.77475,0.77535,1.20,1.20
2009.01.07 23:58:22.556,0.77485,0.77535,1.20,1.20
2009.01.07 23:58:24.355,0.7748,0.77535,1.20,1.20
2009.01.07 23:58:26.995,0.77475,0.77525,1.20,1.20
2009.01.07 23:58:34.373,0.7747,0.7752,1.20,1.20
2009.01.07 23:58:39.892,0.77475,0.77525,1.20,1.20
2009.01.07 23:58:40.692,0.77475,0.7753,1.20,1.20
2009.01.07 23:58:41.171,0.7748,0.7753,1.20,1.20
2009.01.07 23:58:44.361,0.7747,0.77525,1.20,1.20
2009.01.07 23:58:44.831,0.7747,0.7752,1.20,1.20
2009.01.07 23:58:45.821,0.7746,0.77515,1.20,1.20
2009.01.07 23:58:53.319,0.77465,0.7752,1.20,1.20
2009.01.07 23:58:59.017,0.7746,0.77515,1.20,1.20
2009.01.07 23:59:00.727,0.7745,0.77535,1.60,3.00
2009.01.07 23:59:07.925,0.77455,0.77535,1.60,3.00
2009.01.07 23:59:34.089,0.77455,0.77535,1.60,1.60
2009.01.07 23:59:34.259,0.77465,0.77535,1.60,1.60
2009.01.07 23:59:34.539,0.7747,0.77535,1.60,1.60
2009.01.07 23:59:34.939,0.77465,0.77545,1.60,1.40
2009.01.07 23:59:35.708,0.77465,0.7755,1.60,1.40
2009.01.07 23:59:50.395,0.7746,0.77545,1.60,1.40
2009.01.07 23:59:50.685,0.7746,0.7754,1.60,1.40
2009.01.07 23:59:51.445,0.7746,0.77545,1.60,1.40
2009.01.07 23:59:57.513,0.77455,0.7754,1.60,1.40
2009.01.07 23:59:58.433,0.77455,0.77535,1.60,1.40
