2008.04.16 20:00:00.060,1.01485,1.01535,0.30,0.10
2008.04.16 20:00:00.248,1.01485,1.01525,0.30,0.10
2008.04.16 20:00:00.464,1.01485,1.01525,0.30,0.10
2008.04.16 20:00:00.674,1.01485,1.01525,0.30,0.10
2008.04.16 20:00:00.983,1.01485,1.01525,0.30,0.10
2008.04.16 20:00:01.229,1.01485,1.01525,0.30,0.10
2008.04.16 20:00:01.507,1.01485,1.01525,0.30,0.10
2008.04.16 20:00:01.786,1.01485,1.01525,0.30,0.10
2008.04.16 20:00:02.020,1.01485,1.01525,0.30,0.10
2008.04.16 20:00:02.254,1.01485,1.01525,0.30,0.10
2008.04.16 20:00:02.488,1.01485,1.01525,0.30,0.10
2008.04.16 20:00:02.722,1.01485,1.01525,0.30,0.10
2008.04.16 20:00:02.906,1.01485,1.01525,0.30,0.10
2008.04.16 20:00:03.090,1.01485,1.01545,0.50,1.10
2008.04.16 20:00:03.274,1.01485,1.01545,0.50,1.10
2008.04.16 20:00:03.488,1.01485,1.01545,0.50,1.10
2008.04.16 20:00:03.641,1.01485,1.01545,0.50,1.10
2008.04.16 20:00:03.824,1.01485,1.01545,0.50,1.10
2008.04.16 20:00:04.129,1.01485,1.01545,0.50,1.10
2008.04.16 20:00:04.402,1.01485,1.01545,0.50,1.10
2008.04.16 20:00:04.676,1.01485,1.01545,0.50,1.10
2008.04.16 20:00:04.948,1.01485,1.01545,0.50,1.10
2008.04.16 20:00:05.156,1.01485,1.01545,0.50,1.10
2008.04.16 20:00:05.365,1.01485,1.01545,0.50,1.10
2008.04.16 20:00:05.604,1.01485,1.01545,0.50,1.10
2008.04.16 20:00:05.783,1.01485,1.01545,0.50,1.10
2008.04.16 20:00:05.997,1.01485,1.01545,0.50,1.10
2008.04.16 20:00:06.210,1.01485,1.01545,0.50,1.10
2008.04.16 20:00:06.423,1.01485,1.01545,0.50,1.10
2008.04.16 20:00:06.644,1.01485,1.01545,0.50,1.10
2008.04.16 20:00:06.857,1.01485,1.01545,0.50,1.10
2008.04.16 20:00:07.076,1.01485,1.01545,0.50,1.10
2008.04.16 20:00:07.294,1.01485,1.01545,0.50,1.10
2008.04.16 20:00:07.514,1.01485,1.01545,0.50,1.10
2008.04.16 20:00:07.732,1.01485,1.01545,0.50,1.10
2008.04.16 20:00:07.951,1.01485,1.01545,0.50,1.10
2008.04.16 20:00:08.165,1.01485,1.01545,0.50,1.10
2008.04.16 20:00:08.379,1.01485,1.01545,0.50,1.10
2008.04.16 20:00:08.596,1.01485,1.01545,0.50,1.10
2008.04.16 20:00:08.809,1.01485,1.01545,0.50,1.10
2008.04.16 20:00:09.023,1.01485,1.01545,0.50,1.10
2008.04.16 20:00:09.262,1.01485,1.01545,0.50,1.10
2008.04.16 20:00:09.440,1.01485,1.01545,0.50,1.10
2008.04.16 20:00:09.648,1.01485,1.01545,0.50,1.10
2008.04.16 20:00:09.856,1.01485,1.01545,0.50,1.10
2008.04.16 20:00:10.065,1.01485,1.01545,0.50,1.10
2008.04.16 20:00:10.279,1.01485,1.01545,0.50,1.10
2008.04.16 20:00:10.493,1.01485,1.01545,0.50,1.10
2008.04.16 20:00:10.707,1.01485,1.01545,0.50,1.10
2008.04.16 20:00:10.920,1.01485,1.01545,0.50,1.10
2008.04.16 20:00:11.134,1.01485,1.01545,0.50,1.10
2008.04.16 20:00:11.341,1.01485,1.01545,0.50,1.10
2008.04.16 20:00:11.550,1.01485,1.01545,0.50,1.10
2008.04.16 20:00:11.760,1.01485,1.01535,0.50,0.10
2008.04.16 20:00:11.968,1.01485,1.01535,0.50,0.10
2008.04.16 20:00:12.177,1.01485,1.01535,0.50,0.10
2008.04.16 20:00:12.411,1.01485,1.01535,0.50,0.10
2008.04.16 20:00:12.645,1.01485,1.01535,0.50,0.10
2008.04.16 20:00:12.890,1.01485,1.01535,0.50,0.10
2008.04.16 20:00:13.122,1.01485,1.01535,0.50,0.10
2008.04.16 20:00:13.366,1.01485,1.01535,0.50,0.10
2008.04.16 20:00:13.630,1.01485,1.01535,0.50,0.10
2008.04.16 20:00:13.874,1.01485,1.01535,0.50,0.10
2008.04.16 20:00:14.118,1.01485,1.01535,0.50,0.10
2008.04.16 20:00:14.296,1.01485,1.01525,0.30,0.10
2008.04.16 20:00:14.475,1.01485,1.01525,0.30,0.10
2008.04.16 20:00:14.654,1.01485,1.01525,0.30,0.10
2008.04.16 20:00:14.833,1.01485,1.01525,0.30,0.10
2008.04.16 20:00:15.012,1.01485,1.01525,0.30,0.10
2008.04.16 20:00:15.190,1.01485,1.01525,0.30,0.10
2008.04.16 20:00:15.495,1.01485,1.01525,0.30,0.10
2008.04.16 20:00:15.801,1.01485,1.01525,0.30,0.10
2008.04.16 20:00:16.106,1.01485,1.01525,0.50,0.10
2008.04.16 20:00:16.275,1.01485,1.01535,0.50,0.10
2008.04.16 20:00:16.444,1.01485,1.01535,0.50,0.10
2008.04.16 20:00:16.612,1.01485,1.01535,0.50,0.10
2008.04.16 20:00:16.780,1.01485,1.01535,0.50,0.10
2008.04.16 20:00:16.949,1.01485,1.01535,0.50,0.10
2008.04.16 20:00:17.119,1.01485,1.01535,0.50,0.10
2008.04.16 20:00:17.447,1.01485,1.01535,0.50,0.10
2008.04.16 20:00:17.807,1.01485,1.01535,0.50,0.10
2008.04.16 20:00:18.106,1.01485,1.01525,0.50,0.10
2008.04.16 20:00:18.290,1.01485,1.01525,0.30,0.10
2008.04.16 20:00:18.474,1.01485,1.01525,0.30,0.10
2008.04.16 20:00:18.668,1.01495,1.01525,0.30,0.10
2008.04.16 20:00:18.884,1.01495,1.01525,0.30,0.10
2008.04.16 20:00:19.038,1.01495,1.01525,0.30,0.10
2008.04.16 20:00:19.223,1.01495,1.01525,0.30,0.10
2008.04.16 20:00:19.529,1.01495,1.01525,0.30,0.10
2008.04.16 20:00:19.866,1.01495,1.01525,0.30,0.10
2008.04.16 20:00:20.202,1.01495,1.01525,0.30,0.10
2008.04.16 20:00:20.386,1.01495,1.01525,0.30,0.10
2008.04.16 20:00:20.570,1.01495,1.01525,0.30,0.10
2008.04.16 20:00:20.753,1.01495,1.01525,0.30,0.10
2008.04.16 20:00:20.936,1.01495,1.01525,0.30,0.10
2008.04.16 20:00:21.121,1.01495,1.01525,0.30,0.10
2008.04.16 20:00:21.338,1.01485,1.01525,0.20,0.10
2008.04.16 20:00:21.645,1.0148,1.01525,0.20,0.10
2008.04.16 20:00:21.885,1.01505,1.01545,0.30,0.80
2008.04.16 20:00:22.158,1.01505,1.01545,0.30,0.10
2008.04.16 20:00:22.432,1.01505,1.01545,0.30,0.10
2008.04.16 20:00:22.638,1.01505,1.01545,0.30,0.80
2008.04.16 20:00:22.843,1.01505,1.01545,0.30,0.80
2008.04.16 20:00:23.048,1.01505,1.01545,0.30,0.80
2008.04.16 20:00:23.251,1.01505,1.01545,0.30,0.10
2008.04.16 20:00:23.522,1.01505,1.01545,0.30,0.10
2008.04.16 20:00:23.760,1.01505,1.01545,0.30,0.10
2008.04.16 20:00:24.000,1.01505,1.01545,0.30,0.10
2008.04.16 20:00:24.238,1.01505,1.01545,0.30,0.10
2008.04.16 20:00:24.476,1.01505,1.01545,0.30,0.10
2008.04.16 20:00:24.744,1.01505,1.01545,0.30,0.10
2008.04.16 20:00:25.008,1.01505,1.01545,0.30,0.10
2008.04.16 20:00:25.272,1.01505,1.01545,0.30,0.10
2008.04.16 20:00:25.492,1.01505,1.01545,0.30,0.10
2008.04.16 20:00:25.709,1.01505,1.01545,0.30,0.10
2008.04.16 20:00:25.927,1.01505,1.01545,0.30,0.10
2008.04.16 20:00:26.145,1.01505,1.01545,0.30,0.10
2008.04.16 20:00:26.364,1.01505,1.01545,0.30,0.10
2008.04.16 20:00:26.582,1.01505,1.01545,0.30,0.10
2008.04.16 20:00:26.835,1.01505,1.01545,0.30,0.10
2008.04.16 20:00:27.020,1.01505,1.01545,0.30,0.10
2008.04.16 20:00:27.239,1.01505,1.01545,0.30,0.10
2008.04.16 20:00:27.457,1.01505,1.01545,0.30,0.10
2008.04.16 20:00:27.687,1.01505,1.01545,0.30,0.10
2008.04.16 20:00:27.945,1.01505,1.01545,0.30,0.10
2008.04.16 20:00:28.145,1.01505,1.01545,0.30,0.10
2008.04.16 20:00:28.374,1.01505,1.01545,0.30,0.10
2008.04.16 20:00:28.635,1.01505,1.01535,0.30,0.10
2008.04.16 20:00:28.829,1.01485,1.01535,0.20,0.10
2008.04.16 20:00:29.023,1.01485,1.01535,0.20,0.10
2008.04.16 20:00:29.218,1.01485,1.01535,0.20,0.10
2008.04.16 20:00:29.412,1.01485,1.01535,0.20,0.10
2008.04.16 20:00:29.605,1.01485,1.01535,0.20,0.10
2008.04.16 20:00:29.854,1.01485,1.01535,0.20,0.10
2008.04.16 20:00:30.103,1.01485,1.01535,0.20,0.10
2008.04.16 20:00:30.351,1.01485,1.01535,0.20,0.10
2008.04.16 20:00:30.600,1.01485,1.01535,0.20,0.10
2008.04.16 20:00:30.850,1.01485,1.01535,0.20,0.10
2008.04.16 20:00:31.069,1.01485,1.01535,0.20,0.10
2008.04.16 20:00:31.287,1.01485,1.01535,0.20,0.10
2008.04.16 20:00:31.505,1.01485,1.01535,0.20,0.10
2008.04.16 20:00:31.720,1.01485,1.01535,0.20,0.10
2008.04.16 20:00:31.933,1.01485,1.01535,0.20,0.10
2008.04.16 20:00:32.148,1.01485,1.01535,0.20,0.10
2008.04.16 20:00:32.362,1.01485,1.01535,0.20,0.10
2008.04.16 20:00:32.576,1.01485,1.01535,0.50,0.10
2008.04.16 20:00:32.790,1.01495,1.01535,0.30,0.10
2008.04.16 20:00:33.003,1.01495,1.01535,0.30,0.10
2008.04.16 20:00:33.218,1.01495,1.01535,0.30,0.10
2008.04.16 20:00:33.431,1.01495,1.01535,0.30,0.10
2008.04.16 20:00:33.646,1.01495,1.01535,0.30,0.10
2008.04.16 20:00:33.919,1.01495,1.01535,0.30,0.10
2008.04.16 20:00:34.168,1.01495,1.01535,0.30,0.10
2008.04.16 20:00:34.416,1.01495,1.01535,0.30,0.10
2008.04.16 20:00:34.673,1.01495,1.01535,0.30,0.10
2008.04.16 20:00:34.887,1.01495,1.01535,0.30,0.10
2008.04.16 20:00:35.102,1.01495,1.01535,0.30,0.10
2008.04.16 20:00:35.316,1.01495,1.01535,0.30,0.10
2008.04.16 20:00:35.529,1.01495,1.01535,0.30,0.10
2008.04.16 20:00:35.743,1.01495,1.01535,0.30,0.10
2008.04.16 20:00:36.014,1.01495,1.01535,0.30,0.10
2008.04.16 20:00:36.252,1.01495,1.01535,0.30,0.10
2008.04.16 20:00:36.491,1.01495,1.01535,0.30,0.10
2008.04.16 20:00:36.730,1.01495,1.01535,0.30,0.10
2008.04.16 20:00:36.914,1.01495,1.01535,0.30,0.10
2008.04.16 20:00:37.124,1.01495,1.01535,0.30,0.10
2008.04.16 20:00:37.309,1.01495,1.01535,0.30,0.10
2008.04.16 20:00:37.493,1.01495,1.01535,0.30,0.10
2008.04.16 20:00:37.677,1.01495,1.01535,0.30,0.10
2008.04.16 20:00:37.920,1.01495,1.01535,0.30,0.10
2008.04.16 20:00:38.194,1.01495,1.01535,0.30,0.10
2008.04.16 20:00:38.408,1.01495,1.01535,0.30,0.10
2008.04.16 20:00:38.651,1.01495,1.01535,0.30,0.10
2008.04.16 20:00:38.929,1.01495,1.01535,0.30,0.10
2008.04.16 20:00:39.096,1.01495,1.01535,0.30,0.10
2008.04.16 20:00:39.295,1.01495,1.01535,0.30,0.10
2008.04.16 20:00:39.524,1.01495,1.01535,0.30,0.10
2008.04.16 20:00:39.722,1.01495,1.01535,0.30,0.10
2008.04.16 20:00:39.920,1.01495,1.01535,0.30,0.10
2008.04.16 20:00:40.178,1.01495,1.01535,0.30,0.10
2008.04.16 20:00:40.436,1.01495,1.01535,0.30,0.10
2008.04.16 20:00:40.696,1.01495,1.01535,0.30,0.10
2008.04.16 20:00:40.955,1.01495,1.01535,0.30,0.10
2008.04.16 20:00:41.139,1.01495,1.01535,0.30,0.10
2008.04.16 20:00:41.324,1.01495,1.01535,0.30,0.10
2008.04.16 20:00:41.508,1.01495,1.01535,0.30,0.10
2008.04.16 20:00:41.692,1.01495,1.01535,0.30,0.10
2008.04.16 20:00:41.875,1.01495,1.01535,0.30,0.10
2008.04.16 20:00:42.124,1.01495,1.01535,0.30,0.10
2008.04.16 20:00:42.372,1.01495,1.01535,0.30,0.10
2008.04.16 20:00:42.621,1.01495,1.01535,0.30,0.10
2008.04.16 20:00:42.899,1.01495,1.01535,0.30,0.10
2008.04.16 20:00:43.135,1.01495,1.01535,0.30,0.10
2008.04.16 20:00:43.369,1.01495,1.01535,0.30,0.10
2008.04.16 20:00:43.634,1.01495,1.01535,0.30,0.10
2008.04.16 20:00:43.866,1.01495,1.01535,0.30,0.10
2008.04.16 20:00:44.099,1.01495,1.01535,0.30,0.10
2008.04.16 20:00:44.330,1.01495,1.01535,0.30,0.10
2008.04.16 20:00:44.497,1.01495,1.01535,0.30,0.10
2008.04.16 20:00:44.712,1.01495,1.01535,0.30,0.10
2008.04.16 20:00:44.912,1.01495,1.01535,0.30,0.10
2008.04.16 20:00:45.136,1.01495,1.01535,0.30,0.10
2008.04.16 20:00:45.360,1.01495,1.01535,0.30,0.10
2008.04.16 20:00:45.583,1.01495,1.01535,0.30,0.10
2008.04.16 20:00:45.807,1.01495,1.01535,0.30,0.10
2008.04.16 20:00:46.032,1.01495,1.01535,0.30,0.10
2008.04.16 20:00:46.303,1.01495,1.01535,0.30,0.10
2008.04.16 20:00:46.507,1.01495,1.01535,0.30,0.10
2008.04.16 20:00:46.745,1.01495,1.01535,0.30,0.10
2008.04.16 20:00:46.984,1.01495,1.01535,0.30,0.10
2008.04.16 20:00:47.209,1.01495,1.01535,0.30,0.10
2008.04.16 20:00:47.432,1.01495,1.01535,0.30,0.10
2008.04.16 20:00:47.666,1.01495,1.01535,0.30,0.10
2008.04.16 20:00:47.890,1.01495,1.01535,0.30,0.10
2008.04.16 20:00:48.114,1.01495,1.01535,0.30,0.10
2008.04.16 20:00:48.364,1.01495,1.01535,0.30,0.10
2008.04.16 20:00:48.612,1.01495,1.01535,0.30,0.10
2008.04.16 20:00:48.861,1.01495,1.01535,0.30,0.10
2008.04.16 20:00:49.138,1.01495,1.01535,0.30,0.10
2008.04.16 20:00:49.338,1.01495,1.01535,0.30,0.10
2008.04.16 20:00:49.539,1.01495,1.01535,0.30,0.10
2008.04.16 20:00:49.737,1.01495,1.01535,0.30,0.10
2008.04.16 20:00:49.936,1.01495,1.01535,0.30,0.10
2008.04.16 20:00:50.166,1.01495,1.01535,0.30,0.10
2008.04.16 20:00:50.353,1.01495,1.01535,0.30,0.10
2008.04.16 20:00:50.572,1.01495,1.01535,0.30,0.10
2008.04.16 20:00:50.791,1.01495,1.01535,0.30,0.10
2008.04.16 20:00:51.009,1.01495,1.01535,0.30,0.10
2008.04.16 20:00:51.225,1.01495,1.01535,0.30,0.10
2008.04.16 20:00:51.473,1.01495,1.01535,0.30,0.10
2008.04.16 20:00:51.686,1.01495,1.01535,0.30,0.10
2008.04.16 20:00:51.900,1.01495,1.01535,0.30,0.10
2008.04.16 20:00:52.114,1.01495,1.01535,0.30,0.10
2008.04.16 20:00:52.353,1.01495,1.01535,0.30,0.10
2008.04.16 20:00:52.622,1.01495,1.01535,0.30,0.10
2008.04.16 20:00:52.830,1.01495,1.01535,0.30,0.10
2008.04.16 20:00:53.069,1.01495,1.01535,0.30,0.10
2008.04.16 20:00:53.253,1.01495,1.01535,0.30,0.10
2008.04.16 20:00:53.438,1.01495,1.01535,0.30,0.10
2008.04.16 20:00:53.624,1.01495,1.01535,0.30,0.10
2008.04.16 20:00:53.844,1.01495,1.01535,0.30,0.10
2008.04.16 20:00:54.029,1.01495,1.01535,0.30,0.10
2008.04.16 20:00:54.212,1.01495,1.01535,0.30,0.10
2008.04.16 20:00:54.555,1.01515,1.01555,0.30,0.80
2008.04.16 20:00:54.886,1.01515,1.01555,0.30,0.80
2008.04.16 20:00:55.185,1.01515,1.01555,0.30,0.80
2008.04.16 20:00:55.484,1.01515,1.01555,0.30,0.80
2008.04.16 20:00:55.658,1.01515,1.01555,0.30,0.80
2008.04.16 20:00:55.862,1.01515,1.01555,0.30,0.80
2008.04.16 20:00:56.036,1.01515,1.01555,0.30,0.80
2008.04.16 20:00:56.211,1.01515,1.01555,0.30,0.80
2008.04.16 20:00:56.415,1.01515,1.01555,0.30,0.80
2008.04.16 20:00:56.668,1.01515,1.01555,0.30,0.80
2008.04.16 20:00:56.952,1.01515,1.01555,0.30,0.80
2008.04.16 20:00:57.236,1.01515,1.01555,0.30,0.80
2008.04.16 20:00:57.470,1.01515,1.01555,0.30,0.80
2008.04.16 20:00:57.693,1.01515,1.01555,0.30,0.80
2008.04.16 20:00:57.916,1.01515,1.01555,0.30,0.80
2008.04.16 20:00:58.140,1.01515,1.01555,0.30,0.80
2008.04.16 20:00:58.364,1.01515,1.01555,0.30,0.80
2008.04.16 20:00:58.588,1.01515,1.01555,0.30,0.80
2008.04.16 20:00:58.811,1.01515,1.01555,0.30,0.80
2008.04.16 20:00:59.034,1.01515,1.01555,0.30,0.80
2008.04.16 20:00:59.259,1.01515,1.01555,0.30,0.80
2008.04.16 20:00:59.487,1.01515,1.01555,0.30,0.80
2008.04.16 20:00:59.742,1.01515,1.01555,0.30,0.80
2008.04.16 20:00:59.972,1.01515,1.01555,0.30,0.80
2008.04.16 20:01:00.200,1.01515,1.01555,0.30,0.80
2008.04.16 20:01:00.428,1.01515,1.01555,0.30,0.80
2008.04.16 20:01:00.678,1.01515,1.01555,0.30,0.80
2008.04.16 20:01:00.926,1.01515,1.01555,0.30,0.80
2008.04.16 20:01:01.202,1.01515,1.01555,0.30,0.80
2008.04.16 20:01:01.451,1.01515,1.01555,0.30,0.80
2008.04.16 20:01:01.649,1.01515,1.01555,0.30,0.80
2008.04.16 20:01:01.846,1.01515,1.01555,0.30,0.80
2008.04.16 20:01:02.046,1.01515,1.01555,0.30,0.80
2008.04.16 20:01:02.244,1.01515,1.01555,0.30,0.80
2008.04.16 20:01:02.443,1.01515,1.01555,0.30,0.80
2008.04.16 20:01:02.701,1.01515,1.01555,0.30,0.80
2008.04.16 20:01:02.997,1.01515,1.01555,0.30,0.80
2008.04.16 20:01:03.224,1.01515,1.01555,0.30,0.80
2008.04.16 20:01:03.483,1.01515,1.01555,0.30,0.80
2008.04.16 20:01:03.692,1.01515,1.01555,0.30,0.80
2008.04.16 20:01:03.924,1.01515,1.01555,0.30,0.80
2008.04.16 20:01:04.134,1.01515,1.01555,0.30,0.80
2008.04.16 20:01:04.342,1.01515,1.01555,0.30,0.80
2008.04.16 20:01:04.550,1.01515,1.01555,0.30,0.80
2008.04.16 20:01:04.794,1.01515,1.01555,0.30,0.80
2008.04.16 20:01:05.037,1.01515,1.01555,0.30,0.80
2008.04.16 20:01:05.312,1.01515,1.01555,0.30,0.80
2008.04.16 20:01:05.525,1.01515,1.01555,0.30,0.80
2008.04.16 20:01:05.770,1.01515,1.01555,0.30,0.80
2008.04.16 20:01:05.994,1.01515,1.01555,0.30,0.80
2008.04.16 20:01:06.218,1.01515,1.01555,0.30,0.80
2008.04.16 20:01:06.442,1.01515,1.01555,0.30,0.80
2008.04.16 20:01:06.676,1.01515,1.01555,0.30,0.80
2008.04.16 20:01:06.914,1.01515,1.01555,0.30,0.80
2008.04.16 20:01:07.153,1.01515,1.01555,0.30,0.80
2008.04.16 20:01:07.392,1.01515,1.01555,0.30,0.80
2008.04.16 20:01:07.631,1.01515,1.01555,0.30,0.80
2008.04.16 20:01:07.845,1.01515,1.01555,0.30,0.80
2008.04.16 20:01:08.059,1.01515,1.01555,0.30,0.80
2008.04.16 20:01:08.273,1.01515,1.01555,0.30,0.80
2008.04.16 20:01:08.517,1.01515,1.01555,0.30,0.80
2008.04.16 20:01:08.731,1.01515,1.01555,0.30,0.80
2008.04.16 20:01:08.945,1.01515,1.01555,0.30,0.80
2008.04.16 20:01:09.165,1.01515,1.01555,0.30,0.80
2008.04.16 20:01:09.379,1.01515,1.01555,0.30,0.80
2008.04.16 20:01:09.593,1.01515,1.01555,0.30,0.80
2008.04.16 20:01:09.811,1.01515,1.01555,0.30,0.80
2008.04.16 20:01:10.030,1.01515,1.01555,0.30,0.80
2008.04.16 20:01:10.280,1.01515,1.01555,0.30,0.80
2008.04.16 20:01:10.501,1.01515,1.01555,0.30,0.80
2008.04.16 20:01:10.719,1.01515,1.01555,0.30,0.80
2008.04.16 20:01:10.927,1.01515,1.01555,0.30,0.80
2008.04.16 20:01:11.135,1.01515,1.01555,0.30,0.80
2008.04.16 20:01:11.346,1.01515,1.01555,0.30,0.80
2008.04.16 20:01:11.553,1.01515,1.01555,0.30,0.10
2008.04.16 20:01:11.763,1.01515,1.01555,0.30,0.10
2008.04.16 20:01:12.024,1.01515,1.01555,0.30,0.10
2008.04.16 20:01:12.257,1.01515,1.01555,0.30,0.10
2008.04.16 20:01:12.492,1.01515,1.01555,0.30,0.10
2008.04.16 20:01:12.725,1.01515,1.01555,0.30,0.10
2008.04.16 20:01:12.957,1.01515,1.01555,0.30,0.10
2008.04.16 20:01:13.151,1.01515,1.01555,0.30,0.10
2008.04.16 20:01:13.345,1.01515,1.01555,0.30,0.10
2008.04.16 20:01:13.538,1.01515,1.01555,0.30,0.10
2008.04.16 20:01:13.746,1.01515,1.01555,0.50,0.10
2008.04.16 20:01:13.940,1.01525,1.0157,0.30,0.80
2008.04.16 20:01:14.189,1.01525,1.0157,0.30,0.80
2008.04.16 20:01:14.438,1.01525,1.0157,0.30,0.80
2008.04.16 20:01:14.685,1.01525,1.0157,0.30,0.80
2008.04.16 20:01:14.934,1.01525,1.01565,0.30,0.10
2008.04.16 20:01:15.157,1.01525,1.01565,0.30,0.10
2008.04.16 20:01:15.414,1.01525,1.01565,0.30,0.10
2008.04.16 20:01:15.638,1.01515,1.01555,0.30,0.10
2008.04.16 20:01:15.862,1.01515,1.01555,0.30,0.10
2008.04.16 20:01:16.091,1.01515,1.01555,0.30,0.10
2008.04.16 20:01:16.319,1.01515,1.01555,0.30,0.10
2008.04.16 20:01:16.547,1.01515,1.01555,0.30,0.10
2008.04.16 20:01:16.776,1.01515,1.01555,0.30,0.10
2008.04.16 20:01:17.005,1.01515,1.01555,0.30,0.10
2008.04.16 20:01:17.214,1.01515,1.01555,0.30,0.10
2008.04.16 20:01:17.423,1.01515,1.01555,0.30,0.10
2008.04.16 20:01:17.631,1.01515,1.01555,0.30,0.10
2008.04.16 20:01:17.840,1.01515,1.01555,0.30,0.10
2008.04.16 20:01:18.049,1.01515,1.01555,0.30,0.10
2008.04.16 20:01:18.257,1.01515,1.01555,0.30,0.10
2008.04.16 20:01:18.465,1.01515,1.01555,0.30,0.10
2008.04.16 20:01:18.674,1.01515,1.01555,0.30,0.10
2008.04.16 20:01:18.882,1.01515,1.01555,0.30,0.10
2008.04.16 20:01:19.097,1.01515,1.01555,0.30,0.10
2008.04.16 20:01:19.314,1.01515,1.01555,0.30,0.10
2008.04.16 20:01:19.529,1.01515,1.01555,0.30,0.10
2008.04.16 20:01:19.743,1.01515,1.01555,0.30,0.10
2008.04.16 20:01:19.956,1.01515,1.01555,0.30,0.10
2008.04.16 20:01:20.175,1.01515,1.01555,0.30,0.10
2008.04.16 20:01:20.394,1.01515,1.01555,0.30,0.10
2008.04.16 20:01:20.614,1.01525,1.01555,0.30,0.10
2008.04.16 20:01:20.832,1.01525,1.01555,0.30,0.10
2008.04.16 20:01:21.081,1.01525,1.01555,0.30,0.10
2008.04.16 20:01:21.296,1.01525,1.01555,0.30,0.10
2008.04.16 20:01:21.508,1.01525,1.01555,0.30,0.10
2008.04.16 20:01:21.722,1.01525,1.01555,0.30,0.10
2008.04.16 20:01:21.936,1.01525,1.01555,0.30,0.10
2008.04.16 20:01:22.150,1.01525,1.01555,0.30,0.10
2008.04.16 20:01:22.364,1.01525,1.01555,0.30,0.10
2008.04.16 20:01:22.578,1.01525,1.01555,0.30,0.10
2008.04.16 20:01:22.823,1.01525,1.01555,0.30,0.10
2008.04.16 20:01:23.037,1.01525,1.01555,0.30,0.10
2008.04.16 20:01:23.261,1.01525,1.01555,0.30,0.10
2008.04.16 20:01:23.485,1.01525,1.01555,0.30,0.10
2008.04.16 20:01:23.708,1.01525,1.01555,0.30,0.10
2008.04.16 20:01:23.944,1.01525,1.01555,0.30,0.10
2008.04.16 20:01:24.168,1.01525,1.01555,0.30,0.10
2008.04.16 20:01:24.377,1.01525,1.01555,0.30,0.10
2008.04.16 20:01:24.586,1.01525,1.01555,0.30,0.10
2008.04.16 20:01:24.795,1.01525,1.01555,0.30,0.10
2008.04.16 20:01:25.033,1.01525,1.01555,0.30,0.10
2008.04.16 20:01:25.243,1.01525,1.01555,0.30,0.10
2008.04.16 20:01:25.450,1.01525,1.01555,0.30,0.10
2008.04.16 20:01:25.658,1.01525,1.01555,0.30,0.10
2008.04.16 20:01:25.866,1.01525,1.01555,0.30,0.10
2008.04.16 20:01:26.107,1.01525,1.01555,0.30,0.10
2008.04.16 20:01:26.327,1.01525,1.01555,0.30,0.10
2008.04.16 20:01:26.545,1.01525,1.01555,0.30,0.10
2008.04.16 20:01:26.763,1.01525,1.01555,0.30,0.10
2008.04.16 20:01:26.981,1.01525,1.01555,0.30,0.10
2008.04.16 20:01:27.199,1.01525,1.01555,0.30,0.10
2008.04.16 20:01:27.473,1.01525,1.01555,0.30,0.10
2008.04.16 20:01:27.758,1.01525,1.01555,0.30,0.10
2008.04.16 20:01:28.013,1.01525,1.01555,0.30,0.10
2008.04.16 20:01:28.267,1.01525,1.01555,0.30,0.10
2008.04.16 20:01:28.480,1.01525,1.01555,0.30,0.10
2008.04.16 20:01:28.685,1.01525,1.01555,0.30,0.10
2008.04.16 20:01:28.888,1.01525,1.01555,0.30,0.10
2008.04.16 20:01:29.093,1.01525,1.01555,0.30,0.10
2008.04.16 20:01:29.297,1.01525,1.01555,0.30,0.10
2008.04.16 20:01:29.562,1.01525,1.01555,0.30,0.10
2008.04.16 20:01:29.796,1.01525,1.01555,0.30,0.10
2008.04.16 20:01:30.029,1.01525,1.01555,0.30,0.10
2008.04.16 20:01:30.264,1.01525,1.01555,0.30,0.10
2008.04.16 20:01:30.446,1.01525,1.01555,0.30,0.10
2008.04.16 20:01:30.658,1.01525,1.01555,0.30,0.10
2008.04.16 20:01:30.842,1.01525,1.01555,0.30,0.10
2008.04.16 20:01:31.025,1.01525,1.01555,0.30,0.10
2008.04.16 20:01:31.242,1.01525,1.01555,0.30,0.10
2008.04.16 20:01:31.425,1.01525,1.01555,0.30,0.10
2008.04.16 20:01:31.690,1.01525,1.01565,0.30,0.80
2008.04.16 20:01:31.954,1.01525,1.01555,0.30,0.10
2008.04.16 20:01:32.217,1.01525,1.01555,0.30,0.10
2008.04.16 20:01:32.481,1.01525,1.01555,0.30,0.10
2008.04.16 20:01:32.695,1.01525,1.01555,0.30,0.10
2008.04.16 20:01:32.909,1.01525,1.01555,0.30,0.10
2008.04.16 20:01:33.126,1.01525,1.01555,0.30,0.10
2008.04.16 20:01:33.340,1.01525,1.01555,0.30,0.10
2008.04.16 20:01:33.554,1.01525,1.01555,0.30,0.10
2008.04.16 20:01:33.792,1.01525,1.01555,0.30,0.10
2008.04.16 20:01:34.030,1.01525,1.01555,0.30,0.10
2008.04.16 20:01:34.272,1.01525,1.01555,0.30,0.10
2008.04.16 20:01:34.510,1.01525,1.01555,0.30,0.10
2008.04.16 20:01:34.695,1.01525,1.01555,0.30,0.10
2008.04.16 20:01:34.879,1.01525,1.01555,0.30,0.10
2008.04.16 20:01:35.063,1.01525,1.01555,0.30,0.10
2008.04.16 20:01:35.281,1.01525,1.01555,0.30,0.10
2008.04.16 20:01:35.464,1.01525,1.01555,0.30,0.10
2008.04.16 20:01:35.714,1.01525,1.01555,0.30,0.10
2008.04.16 20:01:35.963,1.01525,1.01555,0.30,0.10
2008.04.16 20:01:36.215,1.01525,1.01555,0.30,0.10
2008.04.16 20:01:36.465,1.01525,1.01555,0.30,0.10
2008.04.16 20:01:36.704,1.01525,1.01555,0.30,0.10
2008.04.16 20:01:36.943,1.01525,1.01555,0.30,0.10
2008.04.16 20:01:37.181,1.01525,1.01555,0.30,0.10
2008.04.16 20:01:37.419,1.01525,1.01555,0.30,0.10
2008.04.16 20:01:37.609,1.01525,1.01555,0.30,0.10
2008.04.16 20:01:37.798,1.01525,1.01555,0.30,0.10
2008.04.16 20:01:38.010,1.01525,1.01555,0.30,0.10
2008.04.16 20:01:38.199,1.01525,1.01555,0.30,0.10
2008.04.16 20:01:38.387,1.01525,1.01555,0.30,0.10
2008.04.16 20:01:38.577,1.01525,1.01555,0.30,0.10
2008.04.16 20:01:38.826,1.01525,1.01555,0.30,0.10
2008.04.16 20:01:39.108,1.01525,1.01555,0.30,0.10
2008.04.16 20:01:39.324,1.01525,1.01555,0.30,0.10
2008.04.16 20:01:39.574,1.01525,1.01555,0.30,0.10
2008.04.16 20:01:39.762,1.01525,1.01555,0.30,0.10
2008.04.16 20:01:39.951,1.01525,1.01555,0.30,0.10
2008.04.16 20:01:40.140,1.01525,1.01555,0.30,0.10
2008.04.16 20:01:40.329,1.01525,1.01555,0.30,0.10
2008.04.16 20:01:40.517,1.01525,1.01555,0.30,0.10
2008.04.16 20:01:40.762,1.01525,1.01555,0.30,0.10
2008.04.16 20:01:41.005,1.01525,1.01555,0.30,0.10
2008.04.16 20:01:41.279,1.01525,1.01555,0.30,0.10
2008.04.16 20:01:41.523,1.01525,1.01555,0.30,0.10
2008.04.16 20:01:41.768,1.01525,1.01565,0.30,0.80
2008.04.16 20:01:41.966,1.01525,1.01565,0.30,0.80
2008.04.16 20:01:42.165,1.01525,1.01565,0.30,0.80
2008.04.16 20:01:42.364,1.01525,1.01565,0.30,0.80
2008.04.16 20:01:42.563,1.01525,1.01565,0.30,0.80
2008.04.16 20:01:42.816,1.01525,1.01565,0.30,0.80
2008.04.16 20:01:43.069,1.01525,1.01565,0.30,0.80
2008.04.16 20:01:43.323,1.01525,1.01565,0.30,0.80
2008.04.16 20:01:43.576,1.01525,1.01565,0.30,0.80
2008.04.16 20:01:43.775,1.01525,1.01565,0.30,0.80
2008.04.16 20:01:43.974,1.01525,1.01565,0.30,0.10
2008.04.16 20:01:44.204,1.01525,1.01565,0.30,0.10
2008.04.16 20:01:44.373,1.01525,1.01565,0.30,0.10
2008.04.16 20:01:44.572,1.01525,1.01565,0.30,0.10
2008.04.16 20:01:44.849,1.01525,1.01565,0.30,0.10
2008.04.16 20:01:45.092,1.01525,1.01565,0.30,0.10
2008.04.16 20:01:45.336,1.01525,1.01565,0.30,0.10
2008.04.16 20:01:45.579,1.01525,1.01565,0.30,0.10
2008.04.16 20:01:45.822,1.01525,1.01565,0.30,0.10
2008.04.16 20:01:46.035,1.01525,1.01565,0.30,0.10
2008.04.16 20:01:46.249,1.01525,1.01565,0.30,0.10
2008.04.16 20:01:46.462,1.01525,1.01565,0.30,0.10
2008.04.16 20:01:46.703,1.01525,1.01565,0.30,0.10
2008.04.16 20:01:46.925,1.01525,1.01565,0.30,0.10
2008.04.16 20:01:47.149,1.01525,1.01565,0.30,0.10
2008.04.16 20:01:47.372,1.01525,1.01565,0.30,0.10
2008.04.16 20:01:47.595,1.01525,1.01565,0.30,0.10
2008.04.16 20:01:47.835,1.01525,1.01565,0.30,0.10
2008.04.16 20:01:48.030,1.01525,1.01565,0.30,0.10
2008.04.16 20:01:48.225,1.01525,1.01565,0.30,0.10
2008.04.16 20:01:48.418,1.01525,1.01565,0.30,0.10
2008.04.16 20:01:48.612,1.01525,1.01565,0.30,0.10
2008.04.16 20:01:48.878,1.01525,1.01565,0.30,0.10
2008.04.16 20:01:49.114,1.01525,1.01565,0.30,0.10
2008.04.16 20:01:49.347,1.01525,1.01565,0.30,0.10
2008.04.16 20:01:49.581,1.01525,1.01565,0.30,0.10
2008.04.16 20:01:49.817,1.01525,1.01575,0.50,0.80
2008.04.16 20:01:50.011,1.01525,1.01575,0.50,0.80
2008.04.16 20:01:50.205,1.01525,1.01575,0.50,0.80
2008.04.16 20:01:50.398,1.01525,1.01575,0.50,0.10
2008.04.16 20:01:50.592,1.01525,1.01575,0.50,0.10
2008.04.16 20:01:50.784,1.01525,1.01575,0.50,0.10
2008.04.16 20:01:51.028,1.01525,1.01575,0.50,0.10
2008.04.16 20:01:51.292,1.01525,1.01575,0.50,0.10
2008.04.16 20:01:51.536,1.01525,1.01575,0.50,0.10
2008.04.16 20:01:51.779,1.01525,1.01575,0.50,0.10
2008.04.16 20:01:51.981,1.01525,1.01575,0.50,0.10
2008.04.16 20:01:52.178,1.01525,1.01575,0.50,0.10
2008.04.16 20:01:52.374,1.01525,1.01575,0.50,0.10
2008.04.16 20:01:52.570,1.01525,1.01575,0.50,0.10
2008.04.16 20:01:52.764,1.01525,1.01575,0.50,0.10
2008.04.16 20:01:53.027,1.01525,1.01575,0.50,0.10
2008.04.16 20:01:53.290,1.01525,1.01575,0.50,0.10
2008.04.16 20:01:53.554,1.01525,1.01575,0.50,0.10
2008.04.16 20:01:53.819,1.01525,1.01575,0.50,0.10
2008.04.16 20:01:54.027,1.01525,1.01575,0.50,0.10
2008.04.16 20:01:54.236,1.01525,1.01575,0.50,0.10
2008.04.16 20:01:54.444,1.01525,1.01575,0.50,0.10
2008.04.16 20:01:54.684,1.01525,1.01575,0.50,0.10
2008.04.16 20:01:54.864,1.01525,1.01575,0.50,0.10
2008.04.16 20:01:55.133,1.01525,1.01575,0.50,0.10
2008.04.16 20:01:55.403,1.01525,1.01575,0.50,0.10
2008.04.16 20:01:55.671,1.01525,1.01575,0.50,0.10
2008.04.16 20:01:55.939,1.01525,1.01575,0.50,0.10
2008.04.16 20:01:56.143,1.01525,1.01575,0.50,0.10
2008.04.16 20:01:56.347,1.01525,1.01575,0.50,0.10
2008.04.16 20:01:56.551,1.01525,1.01575,0.50,0.10
2008.04.16 20:01:56.784,1.01525,1.01575,0.50,0.10
2008.04.16 20:01:56.987,1.01525,1.01575,0.50,0.10
2008.04.16 20:01:57.191,1.01525,1.01575,0.50,0.10
2008.04.16 20:01:57.405,1.01525,1.01575,0.50,0.10
2008.04.16 20:01:57.619,1.01525,1.01575,0.50,0.10
2008.04.16 20:01:57.833,1.01525,1.01575,0.50,0.10
2008.04.16 20:01:58.045,1.01525,1.01575,0.50,0.10
2008.04.16 20:01:58.290,1.01525,1.01575,0.50,0.10
2008.04.16 20:01:58.541,1.01525,1.01575,0.70,0.10
2008.04.16 20:01:58.775,1.01525,1.01575,0.70,0.10
2008.04.16 20:01:59.008,1.01525,1.01575,0.70,0.10
2008.04.16 20:01:59.241,1.01525,1.01575,0.70,0.10
2008.04.16 20:01:59.439,1.01525,1.01575,0.70,0.10
2008.04.16 20:01:59.637,1.01525,1.01575,0.70,0.10
2008.04.16 20:01:59.836,1.01525,1.01575,0.70,0.10
2008.04.16 20:02:00.035,1.01525,1.01575,0.70,0.10
2008.04.16 20:02:00.302,1.01525,1.01575,0.70,0.10
2008.04.16 20:02:00.571,1.01525,1.01575,0.70,0.10
2008.04.16 20:02:00.840,1.0153,1.01585,0.60,0.80
2008.04.16 20:02:01.109,1.0153,1.01585,0.60,0.80
2008.04.16 20:02:01.344,1.0153,1.01585,0.60,0.80
2008.04.16 20:02:01.563,1.0153,1.01585,0.60,0.80
2008.04.16 20:02:01.781,1.0153,1.01585,0.60,0.80
2008.04.16 20:02:02.029,1.0153,1.01585,0.60,0.80
2008.04.16 20:02:02.264,1.0153,1.01585,0.60,0.80
2008.04.16 20:02:02.466,1.0153,1.01585,0.60,0.80
2008.04.16 20:02:02.700,1.0153,1.01585,0.60,0.80
2008.04.16 20:02:02.938,1.0153,1.01585,0.60,0.80
2008.04.16 20:02:03.196,1.01535,1.01585,0.40,0.80
2008.04.16 20:02:03.428,1.01535,1.01585,0.50,0.80
2008.04.16 20:02:03.661,1.01535,1.01585,0.50,0.80
2008.04.16 20:02:03.895,1.01535,1.01585,0.50,0.80
2008.04.16 20:02:04.129,1.01535,1.01585,0.50,0.80
2008.04.16 20:02:04.363,1.01535,1.01585,0.50,0.80
2008.04.16 20:02:04.597,1.01535,1.01585,0.50,0.80
2008.04.16 20:02:04.831,1.01535,1.01585,0.50,0.80
2008.04.16 20:02:05.066,1.01535,1.01585,0.50,0.80
2008.04.16 20:02:05.299,1.01535,1.01585,0.50,0.80
2008.04.16 20:02:05.531,1.01535,1.01585,0.50,0.80
2008.04.16 20:02:05.740,1.01535,1.01585,0.50,0.80
2008.04.16 20:02:05.949,1.01535,1.01585,0.50,0.80
2008.04.16 20:02:06.158,1.01535,1.01585,0.30,0.80
2008.04.16 20:02:06.392,1.01535,1.01585,0.30,0.80
2008.04.16 20:02:06.625,1.01535,1.01585,0.30,0.80
2008.04.16 20:02:06.858,1.01535,1.01585,0.30,0.80
2008.04.16 20:02:07.092,1.01535,1.01585,0.30,0.80
2008.04.16 20:02:07.306,1.01535,1.01585,0.30,0.80
2008.04.16 20:02:07.520,1.01535,1.01585,0.30,0.80
2008.04.16 20:02:07.734,1.01535,1.01585,0.30,0.80
2008.04.16 20:02:07.948,1.01535,1.01585,0.30,0.80
2008.04.16 20:02:08.161,1.01535,1.01585,0.30,0.80
2008.04.16 20:02:08.390,1.01535,1.01585,0.30,0.80
2008.04.16 20:02:08.650,1.01535,1.01585,0.30,0.80
2008.04.16 20:02:08.848,1.01535,1.01585,0.30,0.80
2008.04.16 20:02:09.076,1.01535,1.01585,0.30,0.80
2008.04.16 20:02:09.306,1.01535,1.01585,0.30,0.80
2008.04.16 20:02:09.499,1.01535,1.01585,0.30,0.80
2008.04.16 20:02:09.726,1.01535,1.01585,0.30,0.80
2008.04.16 20:02:09.889,1.01535,1.01585,0.30,0.80
2008.04.16 20:02:10.085,1.01535,1.01585,0.30,0.80
2008.04.16 20:02:10.300,1.01535,1.01585,0.30,0.80
2008.04.16 20:02:10.571,1.01535,1.01585,0.30,0.80
2008.04.16 20:02:10.845,1.01535,1.01585,0.30,0.80
2008.04.16 20:02:11.119,1.01535,1.01585,0.30,0.80
2008.04.16 20:02:11.393,1.01535,1.01585,0.30,0.80
2008.04.16 20:02:11.582,1.01535,1.01585,0.30,0.80
2008.04.16 20:02:11.771,1.01535,1.01585,0.30,0.80
2008.04.16 20:02:11.960,1.01535,1.01585,0.30,0.80
2008.04.16 20:02:12.174,1.01535,1.01585,0.30,0.80
2008.04.16 20:02:12.361,1.01535,1.01585,0.30,0.80
2008.04.16 20:02:12.594,1.01535,1.01585,0.30,0.80
2008.04.16 20:02:12.828,1.01535,1.01585,0.30,0.80
2008.04.16 20:02:13.063,1.01535,1.01585,0.30,0.80
2008.04.16 20:02:13.296,1.01535,1.01585,0.30,0.80
2008.04.16 20:02:13.584,1.01535,1.01585,0.30,0.80
2008.04.16 20:02:13.812,1.01535,1.01585,0.30,0.80
2008.04.16 20:02:14.071,1.01535,1.01585,0.30,0.80
2008.04.16 20:02:14.351,1.01535,1.01585,0.30,0.80
2008.04.16 20:02:14.560,1.01535,1.01585,0.30,0.80
2008.04.16 20:02:14.768,1.01535,1.01585,0.30,0.80
2008.04.16 20:02:14.999,1.01535,1.01585,0.30,0.80
2008.04.16 20:02:15.210,1.01535,1.01575,0.30,0.10
2008.04.16 20:02:15.419,1.01535,1.01575,0.30,0.10
2008.04.16 20:02:15.677,1.01535,1.01585,0.30,1.20
2008.04.16 20:02:15.938,1.01535,1.01585,0.30,1.20
2008.04.16 20:02:16.197,1.01535,1.01585,0.30,1.20
2008.04.16 20:02:16.454,1.01535,1.01585,0.30,1.20
2008.04.16 20:02:16.683,1.01535,1.01585,0.30,1.20
2008.04.16 20:02:16.912,1.01535,1.01585,0.30,1.20
2008.04.16 20:02:17.141,1.01535,1.01585,0.30,1.20
2008.04.16 20:02:17.368,1.01535,1.01585,0.30,1.20
2008.04.16 20:02:17.597,1.01535,1.01585,0.30,1.20
2008.04.16 20:02:17.816,1.01535,1.01585,0.30,1.20
2008.04.16 20:02:18.035,1.01535,1.01585,0.30,1.20
2008.04.16 20:02:18.283,1.01535,1.01585,0.30,1.20
2008.04.16 20:02:18.500,1.01535,1.01585,0.30,1.20
2008.04.16 20:02:18.708,1.01535,1.01585,0.30,1.20
2008.04.16 20:02:18.917,1.01535,1.01585,0.30,1.20
2008.04.16 20:02:19.126,1.01535,1.01585,0.30,1.20
2008.04.16 20:02:19.335,1.01535,1.01585,0.30,1.20
2008.04.16 20:02:19.544,1.01535,1.01585,0.30,1.20
2008.04.16 20:02:19.798,1.01535,1.01585,0.30,0.80
2008.04.16 20:02:20.084,1.01535,1.01575,0.30,0.10
2008.04.16 20:02:20.370,1.01535,1.01575,0.30,0.10
2008.04.16 20:02:20.590,1.01535,1.01575,0.30,0.10
2008.04.16 20:02:20.824,1.01535,1.01575,0.30,0.10
2008.04.16 20:02:21.058,1.01535,1.01575,0.30,0.10
2008.04.16 20:02:21.292,1.01535,1.01575,0.30,0.10
2008.04.16 20:02:21.526,1.01535,1.01575,0.30,0.10
2008.04.16 20:02:21.760,1.01535,1.01575,0.30,0.10
2008.04.16 20:02:21.989,1.01535,1.01575,0.30,0.10
2008.04.16 20:02:22.223,1.01535,1.01575,0.30,0.10
2008.04.16 20:02:22.451,1.01535,1.01575,0.30,0.10
2008.04.16 20:02:22.680,1.01535,1.01575,0.30,0.10
2008.04.16 20:02:22.909,1.01535,1.01575,0.30,0.10
2008.04.16 20:02:23.132,1.01535,1.01575,0.30,0.10
2008.04.16 20:02:23.356,1.01535,1.01575,0.30,0.10
2008.04.16 20:02:23.578,1.01535,1.01575,0.30,0.10
2008.04.16 20:02:23.803,1.01535,1.01575,0.30,0.10
2008.04.16 20:02:24.033,1.01535,1.01575,0.30,0.10
2008.04.16 20:02:24.262,1.01535,1.01575,0.30,0.10
2008.04.16 20:02:24.490,1.01535,1.01575,0.30,0.10
2008.04.16 20:02:24.718,1.01535,1.01575,0.30,0.10
2008.04.16 20:02:24.902,1.01535,1.01575,0.30,0.10
2008.04.16 20:02:25.117,1.01535,1.01575,0.30,0.10
2008.04.16 20:02:25.300,1.01535,1.01575,0.30,0.10
2008.04.16 20:02:25.484,1.01535,1.01575,0.30,0.10
2008.04.16 20:02:25.669,1.01535,1.01565,0.30,0.10
2008.04.16 20:02:25.938,1.01535,1.01565,0.30,0.10
2008.04.16 20:02:26.207,1.01535,1.01565,0.30,0.10
2008.04.16 20:02:26.476,1.01535,1.01565,0.30,0.10
2008.04.16 20:02:26.772,1.01535,1.01565,0.30,0.10
2008.04.16 20:02:26.977,1.01535,1.01565,0.30,0.10
2008.04.16 20:02:27.180,1.01535,1.01565,0.30,0.10
2008.04.16 20:02:27.384,1.01535,1.01565,0.30,0.10
2008.04.16 20:02:27.595,1.01535,1.01565,0.30,0.10
2008.04.16 20:02:27.799,1.01535,1.01565,0.30,0.10
2008.04.16 20:02:28.068,1.01535,1.01565,0.30,0.10
2008.04.16 20:02:28.337,1.01535,1.01565,0.30,0.10
2008.04.16 20:02:28.614,1.01535,1.01565,0.30,0.10
2008.04.16 20:02:28.882,1.01535,1.01565,0.30,0.10
2008.04.16 20:02:29.106,1.01535,1.01565,0.30,0.10
2008.04.16 20:02:29.329,1.01535,1.01565,0.30,0.10
2008.04.16 20:02:29.553,1.01535,1.01565,0.30,0.10
2008.04.16 20:02:29.776,1.01535,1.01565,0.30,0.10
2008.04.16 20:02:29.999,1.01535,1.01565,0.30,0.10
2008.04.16 20:02:30.217,1.01535,1.01565,0.30,0.10
2008.04.16 20:02:30.437,1.01535,1.01565,0.30,0.10
2008.04.16 20:02:30.657,1.01535,1.01565,0.30,0.10
2008.04.16 20:02:30.874,1.01535,1.01565,0.30,0.10
2008.04.16 20:02:31.093,1.01535,1.01565,0.30,0.10
2008.04.16 20:02:31.347,1.01535,1.01565,0.30,0.10
2008.04.16 20:02:31.567,1.01535,1.01565,0.30,0.10
2008.04.16 20:02:31.785,1.01535,1.01565,0.30,0.10
2008.04.16 20:02:32.044,1.01535,1.01565,0.30,0.10
2008.04.16 20:02:32.255,1.01535,1.01565,0.30,0.10
2008.04.16 20:02:32.488,1.01535,1.01565,0.30,0.10
2008.04.16 20:02:32.724,1.01535,1.01565,0.30,0.10
2008.04.16 20:02:32.957,1.01535,1.01565,0.30,0.10
2008.04.16 20:02:33.190,1.01535,1.01565,0.30,0.10
2008.04.16 20:02:33.384,1.01535,1.01565,0.30,0.10
2008.04.16 20:02:33.578,1.01535,1.01565,0.30,0.10
2008.04.16 20:02:33.771,1.01535,1.01565,0.30,0.10
2008.04.16 20:02:33.966,1.01535,1.01565,0.30,0.10
2008.04.16 20:02:34.159,1.01535,1.01565,0.30,0.10
2008.04.16 20:02:34.389,1.01535,1.01565,0.30,0.10
2008.04.16 20:02:34.617,1.01535,1.01565,0.30,0.10
2008.04.16 20:02:34.846,1.01535,1.01565,0.30,0.10
2008.04.16 20:02:35.074,1.01535,1.01565,0.30,0.10
2008.04.16 20:02:35.284,1.01535,1.01565,0.30,0.10
2008.04.16 20:02:35.494,1.01535,1.01565,0.30,0.10
2008.04.16 20:02:35.703,1.01515,1.01565,0.50,0.10
2008.04.16 20:02:35.931,1.01515,1.01565,0.50,0.10
2008.04.16 20:02:36.141,1.01515,1.01565,0.50,0.10
2008.04.16 20:02:36.422,1.01515,1.01565,0.30,0.10
2008.04.16 20:02:36.700,1.01515,1.01565,0.30,0.10
2008.04.16 20:02:36.978,1.01515,1.01565,0.30,0.10
2008.04.16 20:02:37.288,1.01515,1.01565,0.30,0.10
2008.04.16 20:02:37.507,1.01515,1.01565,0.30,0.10
2008.04.16 20:02:37.726,1.01515,1.01565,0.30,0.10
2008.04.16 20:02:37.945,1.01515,1.01565,0.30,0.10
2008.04.16 20:02:38.163,1.01515,1.01565,0.30,0.10
2008.04.16 20:02:38.396,1.01515,1.01565,0.30,0.10
2008.04.16 20:02:38.659,1.01515,1.01565,0.30,0.10
2008.04.16 20:02:38.893,1.01515,1.01565,0.50,0.10
2008.04.16 20:02:39.127,1.01525,1.01565,0.30,0.10
2008.04.16 20:02:39.360,1.01525,1.01565,0.30,0.10
2008.04.16 20:02:39.599,1.01525,1.01565,0.30,0.10
2008.04.16 20:02:39.852,1.01525,1.01565,0.30,0.10
2008.04.16 20:02:40.089,1.01525,1.01565,0.30,0.10
2008.04.16 20:02:40.328,1.01525,1.01565,0.30,0.10
2008.04.16 20:02:40.561,1.01525,1.01565,0.30,0.10
2008.04.16 20:02:40.796,1.01525,1.01565,0.30,0.10
2008.04.16 20:02:41.029,1.01525,1.01565,0.30,0.10
2008.04.16 20:02:41.263,1.01525,1.01565,0.30,0.10
2008.04.16 20:02:41.534,1.01525,1.01565,0.30,0.10
2008.04.16 20:02:41.771,1.01525,1.01565,0.30,0.10
2008.04.16 20:02:42.010,1.01525,1.01565,0.30,0.10
2008.04.16 20:02:42.250,1.01525,1.01565,0.30,0.10
2008.04.16 20:02:42.488,1.01525,1.01565,0.30,0.10
2008.04.16 20:02:42.682,1.01525,1.01565,0.30,0.10
2008.04.16 20:02:42.875,1.01525,1.01565,0.30,0.10
2008.04.16 20:02:43.069,1.01525,1.01565,0.30,0.10
2008.04.16 20:02:43.268,1.01525,1.01565,0.30,0.10
2008.04.16 20:02:43.511,1.01525,1.01565,0.30,0.10
2008.04.16 20:02:43.754,1.01525,1.01565,0.30,0.10
2008.04.16 20:02:43.997,1.01525,1.01565,0.30,0.10
2008.04.16 20:02:44.242,1.01525,1.01565,0.30,0.10
2008.04.16 20:02:44.485,1.01525,1.01565,0.30,0.10
2008.04.16 20:02:44.693,1.01525,1.01565,0.30,0.10
2008.04.16 20:02:44.901,1.01525,1.01565,0.30,0.10
2008.04.16 20:02:45.109,1.01525,1.01565,0.30,0.10
2008.04.16 20:02:45.318,1.01525,1.01565,0.30,0.10
2008.04.16 20:02:45.537,1.01525,1.01565,0.30,0.10
2008.04.16 20:02:45.755,1.01525,1.01565,0.30,0.10
2008.04.16 20:02:45.984,1.01525,1.01565,0.30,0.10
2008.04.16 20:02:46.203,1.01525,1.01565,0.30,0.10
2008.04.16 20:02:46.421,1.01525,1.01565,0.30,0.10
2008.04.16 20:02:46.624,1.01525,1.01565,0.30,0.10
2008.04.16 20:02:46.827,1.01525,1.01565,0.30,0.10
2008.04.16 20:02:47.032,1.01525,1.01565,0.30,0.10
2008.04.16 20:02:47.236,1.01525,1.01565,0.30,0.10
2008.04.16 20:02:47.439,1.01525,1.01565,0.30,0.10
2008.04.16 20:02:47.692,1.01525,1.01565,0.30,0.10
2008.04.16 20:02:47.945,1.01525,1.01565,0.30,0.10
2008.04.16 20:02:48.207,1.01525,1.01565,0.30,0.10
2008.04.16 20:02:48.460,1.01525,1.01565,0.30,0.10
2008.04.16 20:02:48.673,1.01525,1.01565,0.30,0.10
2008.04.16 20:02:48.886,1.01525,1.01565,0.30,0.10
2008.04.16 20:02:49.099,1.01525,1.01565,0.30,0.10
2008.04.16 20:02:49.313,1.01525,1.01565,0.30,0.10
2008.04.16 20:02:49.527,1.01525,1.01565,0.30,0.10
2008.04.16 20:02:49.730,1.01525,1.01565,0.30,0.10
2008.04.16 20:02:49.936,1.01525,1.01565,0.30,0.10
2008.04.16 20:02:50.140,1.01525,1.01565,0.30,0.10
2008.04.16 20:02:50.343,1.01525,1.01565,0.30,0.10
2008.04.16 20:02:50.547,1.01525,1.01565,0.30,0.10
2008.04.16 20:02:50.819,1.01525,1.01565,0.30,0.10
2008.04.16 20:02:51.104,1.01525,1.01565,0.30,0.10
2008.04.16 20:02:51.377,1.01525,1.01565,0.30,0.10
2008.04.16 20:02:51.651,1.01525,1.01565,0.30,0.10
2008.04.16 20:02:51.844,1.01525,1.01565,0.30,0.10
2008.04.16 20:02:52.039,1.01525,1.01565,0.30,0.10
2008.04.16 20:02:52.233,1.01525,1.01565,0.30,0.10
2008.04.16 20:02:52.427,1.01525,1.01565,0.30,0.10
2008.04.16 20:02:52.665,1.01525,1.01565,0.30,0.10
2008.04.16 20:02:52.904,1.01525,1.01565,0.30,0.10
2008.04.16 20:02:53.173,1.01525,1.01565,0.30,0.10
2008.04.16 20:02:53.381,1.01525,1.01565,0.30,0.10
2008.04.16 20:02:53.619,1.01525,1.01565,0.30,0.10
2008.04.16 20:02:53.828,1.01525,1.01565,0.30,0.10
2008.04.16 20:02:54.036,1.01525,1.01565,0.30,0.10
2008.04.16 20:02:54.244,1.01525,1.01565,0.30,0.10
2008.04.16 20:02:54.453,1.01525,1.01565,0.30,0.10
2008.04.16 20:02:54.662,1.01525,1.01565,0.30,0.10
2008.04.16 20:02:54.891,1.01525,1.01565,0.30,0.10
2008.04.16 20:02:55.119,1.01525,1.01565,0.30,0.10
2008.04.16 20:02:55.347,1.01525,1.01565,0.30,0.10
2008.04.16 20:02:55.575,1.01525,1.01565,0.30,0.10
2008.04.16 20:02:55.784,1.01525,1.01565,0.30,0.10
2008.04.16 20:02:55.994,1.01525,1.01565,0.30,0.10
2008.04.16 20:02:56.204,1.01525,1.01565,0.30,0.10
2008.04.16 20:02:56.412,1.01525,1.01565,0.30,0.10
2008.04.16 20:02:56.634,1.01525,1.01565,0.30,0.10
2008.04.16 20:02:56.858,1.01525,1.01565,0.30,0.10
2008.04.16 20:02:57.079,1.01525,1.01565,0.30,0.10
2008.04.16 20:02:57.303,1.01525,1.01565,0.30,0.10
2008.04.16 20:02:57.526,1.01525,1.01575,0.30,0.80
2008.04.16 20:02:57.750,1.01525,1.01575,0.30,0.80
2008.04.16 20:02:57.978,1.01525,1.01575,0.30,0.80
2008.04.16 20:02:58.206,1.01525,1.01575,0.30,0.80
2008.04.16 20:02:58.435,1.01525,1.01575,0.30,0.80
2008.04.16 20:02:58.695,1.01525,1.01575,0.30,0.80
2008.04.16 20:02:58.873,1.01525,1.01575,0.30,0.80
2008.04.16 20:02:59.082,1.01525,1.01575,0.30,0.80
2008.04.16 20:02:59.289,1.01525,1.01575,0.30,0.80
2008.04.16 20:02:59.503,1.01525,1.01575,0.30,0.80
2008.04.16 20:02:59.745,1.01525,1.01575,0.30,0.80
2008.04.16 20:03:00.012,1.01525,1.01575,0.30,0.80
2008.04.16 20:03:00.311,1.01525,1.01575,0.30,0.80
2008.04.16 20:03:00.614,1.01525,1.01575,0.30,0.80
2008.04.16 20:03:00.806,1.01525,1.01575,0.30,0.80
2008.04.16 20:03:00.997,1.01525,1.01575,0.30,0.80
2008.04.16 20:03:01.186,1.01525,1.01575,0.30,0.80
2008.04.16 20:03:01.408,1.01525,1.01575,0.30,0.80
2008.04.16 20:03:01.565,1.01525,1.01575,0.30,0.80
2008.04.16 20:03:01.755,1.01525,1.01565,0.30,0.10
2008.04.16 20:03:02.034,1.01525,1.01565,0.30,0.10
2008.04.16 20:03:02.354,1.01525,1.01565,0.30,0.10
2008.04.16 20:03:02.634,1.01525,1.01565,0.30,0.10
2008.04.16 20:03:02.823,1.01525,1.01565,0.30,0.10
2008.04.16 20:03:03.012,1.01525,1.01565,0.30,0.10
2008.04.16 20:03:03.201,1.01525,1.01565,0.30,0.10
2008.04.16 20:03:03.389,1.01525,1.01565,0.30,0.10
2008.04.16 20:03:03.589,1.01525,1.01565,0.30,0.10
2008.04.16 20:03:03.777,1.01525,1.01565,0.30,0.10
2008.04.16 20:03:04.047,1.01525,1.01565,0.30,0.10
2008.04.16 20:03:04.315,1.01525,1.01565,0.30,0.10
2008.04.16 20:03:04.584,1.01525,1.01565,0.30,0.10
2008.04.16 20:03:04.852,1.01525,1.01565,0.30,0.10
2008.04.16 20:03:05.079,1.01525,1.01565,0.30,0.10
2008.04.16 20:03:05.272,1.01525,1.01565,0.30,0.10
2008.04.16 20:03:05.466,1.01525,1.01575,0.30,0.80
2008.04.16 20:03:05.659,1.01525,1.01575,0.30,0.80
2008.04.16 20:03:05.853,1.01525,1.01575,0.30,0.80
2008.04.16 20:03:06.082,1.01525,1.01575,0.30,0.80
2008.04.16 20:03:06.312,1.01535,1.01575,0.30,0.10
2008.04.16 20:03:06.542,1.01535,1.01575,0.30,0.10
2008.04.16 20:03:06.780,1.01535,1.01575,0.30,0.10
2008.04.16 20:03:07.009,1.01535,1.01575,0.30,0.10
2008.04.16 20:03:07.230,1.01535,1.01575,0.30,0.10
2008.04.16 20:03:07.480,1.01535,1.01575,0.30,0.10
2008.04.16 20:03:07.698,1.01535,1.01575,0.30,0.10
2008.04.16 20:03:07.916,1.01535,1.01575,0.30,0.10
2008.04.16 20:03:08.129,1.01535,1.01575,0.30,0.10
2008.04.16 20:03:08.342,1.01535,1.01575,0.30,0.10
2008.04.16 20:03:08.562,1.01535,1.01575,0.30,0.10
2008.04.16 20:03:08.776,1.01535,1.01575,0.30,0.10
2008.04.16 20:03:08.991,1.01535,1.01575,0.30,0.10
2008.04.16 20:03:09.248,1.01535,1.01575,0.30,0.10
2008.04.16 20:03:09.483,1.01535,1.01575,0.30,0.10
2008.04.16 20:03:09.716,1.01535,1.01575,0.30,0.10
2008.04.16 20:03:09.980,1.01535,1.01575,0.30,0.10
2008.04.16 20:03:10.183,1.01535,1.01575,0.30,0.10
2008.04.16 20:03:10.387,1.01535,1.01575,0.30,0.10
2008.04.16 20:03:10.605,1.01535,1.01575,0.30,0.10
2008.04.16 20:03:10.806,1.01535,1.01575,0.30,0.10
2008.04.16 20:03:11.011,1.01535,1.01575,0.30,0.10
2008.04.16 20:03:11.261,1.01535,1.01575,0.30,0.10
2008.04.16 20:03:11.510,1.01535,1.01575,0.30,0.10
2008.04.16 20:03:11.758,1.01535,1.01575,0.30,0.10
2008.04.16 20:03:12.007,1.01535,1.01575,0.30,0.10
2008.04.16 20:03:12.268,1.01535,1.01575,0.30,0.10
2008.04.16 20:03:12.499,1.01535,1.01575,0.30,0.10
2008.04.16 20:03:12.727,1.01535,1.01575,0.30,0.10
2008.04.16 20:03:12.956,1.01535,1.01575,0.30,0.10
2008.04.16 20:03:13.184,1.01535,1.01575,0.30,0.10
2008.04.16 20:03:13.421,1.01535,1.01575,0.30,0.10
2008.04.16 20:03:13.661,1.01535,1.01575,0.30,0.10
2008.04.16 20:03:13.898,1.01535,1.01575,0.30,0.10
2008.04.16 20:03:14.137,1.01535,1.01575,0.30,0.10
2008.04.16 20:03:14.321,1.01535,1.01575,0.30,0.10
2008.04.16 20:03:14.547,1.01535,1.01575,0.30,0.10
2008.04.16 20:03:14.726,1.01535,1.01575,0.30,0.10
2008.04.16 20:03:14.910,1.01535,1.01575,0.30,0.10
2008.04.16 20:03:15.093,1.01535,1.01575,0.30,0.10
2008.04.16 20:03:15.277,1.01535,1.01575,0.30,0.10
2008.04.16 20:03:15.590,1.01535,1.01575,0.30,0.10
2008.04.16 20:03:15.904,1.01535,1.01575,0.30,0.10
2008.04.16 20:03:16.217,1.01535,1.01575,0.30,0.10
2008.04.16 20:03:16.530,1.01535,1.01575,0.30,0.10
2008.04.16 20:03:16.684,1.01535,1.01575,0.30,0.10
2008.04.16 20:03:16.838,1.01535,1.01575,0.30,0.10
2008.04.16 20:03:16.992,1.01535,1.01575,0.30,0.10
2008.04.16 20:03:17.146,1.01535,1.01575,0.30,0.10
2008.04.16 20:03:17.300,1.01535,1.01575,0.30,0.10
2008.04.16 20:03:17.594,1.01535,1.01575,0.30,0.10
2008.04.16 20:03:17.888,1.01535,1.01575,0.30,0.10
2008.04.16 20:03:18.182,1.01535,1.01575,0.30,0.10
2008.04.16 20:03:18.475,1.01535,1.01575,0.30,0.10
2008.04.16 20:03:18.674,1.01535,1.01575,0.30,0.10
2008.04.16 20:03:18.852,1.01535,1.01575,0.30,0.10
2008.04.16 20:03:19.036,1.01535,1.01575,0.30,0.10
2008.04.16 20:03:19.212,1.01535,1.01575,0.30,0.10
2008.04.16 20:03:19.390,1.01535,1.01575,0.30,0.10
2008.04.16 20:03:19.700,1.01535,1.01575,0.30,0.10
2008.04.16 20:03:20.043,1.01535,1.01575,0.30,0.10
2008.04.16 20:03:20.350,1.01535,1.01575,0.30,0.10
2008.04.16 20:03:20.540,1.01535,1.01575,0.30,0.10
2008.04.16 20:03:20.728,1.01535,1.01575,0.30,0.10
2008.04.16 20:03:20.916,1.01535,1.01575,0.30,0.10
2008.04.16 20:03:21.104,1.01535,1.01575,0.30,0.10
2008.04.16 20:03:21.293,1.01535,1.01575,0.30,0.10
2008.04.16 20:03:21.482,1.01535,1.01575,0.30,0.10
2008.04.16 20:03:21.769,1.01535,1.01575,0.30,0.10
2008.04.16 20:03:21.990,1.01535,1.01575,0.30,0.10
2008.04.16 20:03:22.243,1.01535,1.01575,0.30,0.10
2008.04.16 20:03:22.528,1.01535,1.01575,0.30,0.10
2008.04.16 20:03:22.701,1.01535,1.01575,0.30,0.10
2008.04.16 20:03:22.905,1.01535,1.01575,0.30,0.10
2008.04.16 20:03:23.109,1.01535,1.01575,0.30,0.10
2008.04.16 20:03:23.313,1.01535,1.01575,0.30,0.10
2008.04.16 20:03:23.517,1.01535,1.01575,0.30,0.10
2008.04.16 20:03:23.745,1.01535,1.01575,0.30,0.10
2008.04.16 20:03:23.974,1.01535,1.01575,0.30,0.10
2008.04.16 20:03:24.202,1.01535,1.01575,0.30,0.10
2008.04.16 20:03:24.431,1.01535,1.01575,0.30,0.10
2008.04.16 20:03:24.647,1.01535,1.01575,0.30,0.10
2008.04.16 20:03:24.862,1.01535,1.01575,0.30,0.10
2008.04.16 20:03:25.077,1.01535,1.01575,0.30,0.10
2008.04.16 20:03:25.290,1.01535,1.01575,0.30,0.10
2008.04.16 20:03:25.504,1.01535,1.01575,0.30,0.10
2008.04.16 20:03:25.748,1.01535,1.01575,0.30,0.10
2008.04.16 20:03:26.021,1.01535,1.01575,0.30,0.10
2008.04.16 20:03:26.266,1.01535,1.01575,0.30,0.10
2008.04.16 20:03:26.510,1.01535,1.01575,0.30,0.10
2008.04.16 20:03:26.704,1.01535,1.01575,0.30,0.10
2008.04.16 20:03:26.897,1.01535,1.01575,0.30,0.10
2008.04.16 20:03:27.091,1.01535,1.01575,0.30,0.10
2008.04.16 20:03:27.286,1.01535,1.01575,0.30,0.10
2008.04.16 20:03:27.479,1.01535,1.01575,0.30,0.10
2008.04.16 20:03:27.718,1.01535,1.01575,0.30,0.10
2008.04.16 20:03:27.958,1.01535,1.01575,0.30,0.10
2008.04.16 20:03:28.195,1.01535,1.01575,0.30,0.10
2008.04.16 20:03:28.435,1.01535,1.01575,0.30,0.10
2008.04.16 20:03:28.649,1.01535,1.01575,0.30,0.10
2008.04.16 20:03:28.861,1.01535,1.01575,0.30,0.10
2008.04.16 20:03:29.087,1.01535,1.01575,0.30,0.10
2008.04.16 20:03:29.301,1.01535,1.01575,0.30,0.10
2008.04.16 20:03:29.514,1.01535,1.01575,0.30,0.10
2008.04.16 20:03:29.748,1.01535,1.01575,0.30,0.10
2008.04.16 20:03:29.982,1.01535,1.01565,0.30,0.10
2008.04.16 20:03:30.217,1.01535,1.01565,0.30,0.10
2008.04.16 20:03:30.450,1.01535,1.01565,0.30,0.10
2008.04.16 20:03:30.685,1.01535,1.01565,0.30,0.10
2008.04.16 20:03:30.904,1.01535,1.01565,0.30,0.10
2008.04.16 20:03:31.123,1.01535,1.01565,0.30,0.10
2008.04.16 20:03:31.342,1.01535,1.01565,0.30,0.10
2008.04.16 20:03:31.560,1.01535,1.01565,0.30,0.10
2008.04.16 20:03:31.812,1.01535,1.01565,0.30,0.10
2008.04.16 20:03:32.039,1.01535,1.01565,0.30,0.10
2008.04.16 20:03:32.258,1.01535,1.01565,0.30,0.10
2008.04.16 20:03:32.477,1.01535,1.01565,0.30,0.10
2008.04.16 20:03:32.695,1.01535,1.01565,0.30,0.10
2008.04.16 20:03:32.938,1.01535,1.01565,0.30,0.10
2008.04.16 20:03:33.183,1.01535,1.01565,0.30,0.10
2008.04.16 20:03:33.429,1.01535,1.01565,0.30,0.10
2008.04.16 20:03:33.702,1.01535,1.01565,0.30,0.10
2008.04.16 20:03:33.926,1.01535,1.01565,0.30,0.10
2008.04.16 20:03:34.149,1.01535,1.01565,0.30,0.10
2008.04.16 20:03:34.373,1.01535,1.01565,0.30,0.10
2008.04.16 20:03:34.605,1.01535,1.01565,0.30,0.10
2008.04.16 20:03:34.831,1.01535,1.01565,0.30,0.10
2008.04.16 20:03:34.999,1.01535,1.01565,0.30,0.10
2008.04.16 20:03:35.199,1.01535,1.01565,0.30,0.10
2008.04.16 20:03:35.397,1.01535,1.01565,0.30,0.10
2008.04.16 20:03:35.596,1.01535,1.01565,0.30,0.10
2008.04.16 20:03:35.819,1.01535,1.01565,0.30,0.10
2008.04.16 20:03:36.043,1.01535,1.01565,0.30,0.10
2008.04.16 20:03:36.296,1.01535,1.01565,0.30,0.10
2008.04.16 20:03:36.519,1.01535,1.01565,0.30,0.10
2008.04.16 20:03:36.743,1.01535,1.01565,0.30,0.10
2008.04.16 20:03:36.947,1.01535,1.01565,0.30,0.10
2008.04.16 20:03:37.150,1.01535,1.01565,0.30,0.10
2008.04.16 20:03:37.355,1.01535,1.01565,0.30,0.10
2008.04.16 20:03:37.561,1.01535,1.01565,0.30,0.10
2008.04.16 20:03:37.797,1.01535,1.01565,0.30,0.10
2008.04.16 20:03:38.062,1.01535,1.01565,0.30,0.10
2008.04.16 20:03:38.296,1.01535,1.01565,0.30,0.10
2008.04.16 20:03:38.533,1.01535,1.01565,0.30,0.10
2008.04.16 20:03:38.728,1.01535,1.01565,0.30,0.10
2008.04.16 20:03:38.925,1.01535,1.01565,0.30,0.10
2008.04.16 20:03:39.119,1.01535,1.01565,0.30,0.10
2008.04.16 20:03:39.344,1.01535,1.01565,0.30,0.10
2008.04.16 20:03:39.541,1.01535,1.01565,0.30,0.10
2008.04.16 20:03:39.734,1.01535,1.01565,0.30,0.10
2008.04.16 20:03:40.009,1.01535,1.01565,0.30,0.10
2008.04.16 20:03:40.281,1.01535,1.01565,0.30,0.10
2008.04.16 20:03:40.554,1.01535,1.01565,0.30,0.10
2008.04.16 20:03:40.828,1.01535,1.01565,0.30,0.10
2008.04.16 20:03:41.052,1.01535,1.01565,0.30,0.10
2008.04.16 20:03:41.276,1.01535,1.01565,0.30,0.10
2008.04.16 20:03:41.524,1.01535,1.01565,0.30,0.10
2008.04.16 20:03:41.749,1.01535,1.01565,0.30,0.10
2008.04.16 20:03:41.934,1.01535,1.01565,0.30,0.10
2008.04.16 20:03:42.118,1.01535,1.01565,0.30,0.10
2008.04.16 20:03:42.302,1.01535,1.01565,0.30,0.10
2008.04.16 20:03:42.486,1.01535,1.01565,0.30,0.10
2008.04.16 20:03:42.670,1.01535,1.01565,0.30,0.10
2008.04.16 20:03:42.945,1.01535,1.01565,0.30,0.10
2008.04.16 20:03:43.218,1.01535,1.01565,0.30,0.10
2008.04.16 20:03:43.493,1.01535,1.01565,0.30,0.10
2008.04.16 20:03:43.767,1.01535,1.01565,0.30,0.10
2008.04.16 20:03:43.965,1.01535,1.01565,0.30,0.10
2008.04.16 20:03:44.165,1.01535,1.01565,0.30,0.10
2008.04.16 20:03:44.363,1.01535,1.01565,0.30,0.10
2008.04.16 20:03:44.594,1.01535,1.01565,0.30,0.10
2008.04.16 20:03:44.793,1.01535,1.01565,0.30,0.10
2008.04.16 20:03:45.002,1.01535,1.01565,0.30,0.10
2008.04.16 20:03:45.213,1.01535,1.01565,0.30,0.10
2008.04.16 20:03:45.422,1.01535,1.01565,0.30,0.10
2008.04.16 20:03:45.630,1.01535,1.01565,0.30,0.10
2008.04.16 20:03:45.869,1.01535,1.01565,0.30,0.10
2008.04.16 20:03:46.087,1.01535,1.01565,0.30,0.10
2008.04.16 20:03:46.355,1.01535,1.01565,0.30,0.10
2008.04.16 20:03:46.604,1.01535,1.01565,0.30,0.10
2008.04.16 20:03:46.852,1.01535,1.01565,0.30,0.10
2008.04.16 20:03:47.031,1.01535,1.01565,0.30,0.10
2008.04.16 20:03:47.209,1.01535,1.01565,0.30,0.10
2008.04.16 20:03:47.419,1.01535,1.01565,0.30,0.10
2008.04.16 20:03:47.601,1.01535,1.01565,0.30,0.10
2008.04.16 20:03:47.780,1.01535,1.01565,0.30,0.10
2008.04.16 20:03:47.960,1.01535,1.01565,0.30,0.10
2008.04.16 20:03:48.218,1.01535,1.01565,0.30,0.10
2008.04.16 20:03:48.477,1.01535,1.01565,0.30,0.10
2008.04.16 20:03:48.736,1.01535,1.01565,0.30,0.10
2008.04.16 20:03:48.995,1.01535,1.01565,0.30,0.10
2008.04.16 20:03:49.188,1.01535,1.01565,0.30,0.10
2008.04.16 20:03:49.383,1.01535,1.01565,0.30,0.10
2008.04.16 20:03:49.577,1.01535,1.01565,0.30,0.10
2008.04.16 20:03:49.771,1.01535,1.01565,0.30,0.10
2008.04.16 20:03:49.965,1.01535,1.01565,0.30,0.10
2008.04.16 20:03:50.193,1.01535,1.01565,0.30,0.10
2008.04.16 20:03:50.422,1.01535,1.01565,0.30,0.10
2008.04.16 20:03:50.652,1.01535,1.01565,0.30,0.10
2008.04.16 20:03:50.880,1.01535,1.01565,0.30,0.10
2008.04.16 20:03:51.110,1.01535,1.01565,0.30,0.10
2008.04.16 20:03:51.343,1.01535,1.01565,0.30,0.10
2008.04.16 20:03:51.606,1.01535,1.01565,0.30,0.10
2008.04.16 20:03:51.840,1.01535,1.01565,0.30,0.10
2008.04.16 20:03:52.072,1.01535,1.01565,0.30,0.10
2008.04.16 20:03:52.306,1.01535,1.01565,0.30,0.10
2008.04.16 20:03:52.479,1.01535,1.01565,0.30,0.10
2008.04.16 20:03:52.683,1.01535,1.01575,0.30,0.10
2008.04.16 20:03:52.918,1.01535,1.01575,0.30,0.10
2008.04.16 20:03:53.091,1.01535,1.01575,0.30,0.10
2008.04.16 20:03:53.330,1.01535,1.01575,0.30,0.10
2008.04.16 20:03:53.598,1.01535,1.01575,0.30,0.10
2008.04.16 20:03:53.808,1.01535,1.01575,0.30,0.10
2008.04.16 20:03:54.047,1.01535,1.01575,0.30,0.10
2008.04.16 20:03:54.285,1.01535,1.0158,0.30,0.80
2008.04.16 20:03:54.503,1.01535,1.0158,0.30,0.80
2008.04.16 20:03:54.722,1.01535,1.0158,0.30,0.80
2008.04.16 20:03:54.970,1.01535,1.0158,0.30,0.80
2008.04.16 20:03:55.187,1.01535,1.0158,0.30,0.80
2008.04.16 20:03:55.416,1.01535,1.0158,0.30,0.80
2008.04.16 20:03:55.645,1.01535,1.0158,0.30,0.80
2008.04.16 20:03:55.874,1.01535,1.0158,0.30,0.80
2008.04.16 20:03:56.103,1.01535,1.0158,0.30,0.80
2008.04.16 20:03:56.332,1.01535,1.0158,0.30,0.80
2008.04.16 20:03:56.526,1.01535,1.0158,0.30,0.80
2008.04.16 20:03:56.720,1.01535,1.0158,0.30,0.80
2008.04.16 20:03:56.913,1.01535,1.0158,0.30,0.80
2008.04.16 20:03:57.118,1.01535,1.0158,0.30,0.80
2008.04.16 20:03:57.312,1.01535,1.0158,0.30,0.80
2008.04.16 20:03:57.546,1.01535,1.0158,0.30,0.80
2008.04.16 20:03:57.783,1.01535,1.0158,0.30,0.80
2008.04.16 20:03:58.017,1.01535,1.01575,0.30,0.10
2008.04.16 20:03:58.251,1.01535,1.01575,0.30,0.10
2008.04.16 20:03:58.459,1.01535,1.01575,0.30,0.10
2008.04.16 20:03:58.669,1.01535,1.01575,0.30,0.10
2008.04.16 20:03:58.877,1.01535,1.01575,0.30,0.10
2008.04.16 20:03:59.106,1.01535,1.01575,0.30,0.10
2008.04.16 20:03:59.315,1.01535,1.01575,0.30,0.10
2008.04.16 20:03:59.553,1.01535,1.01575,0.30,0.10
2008.04.16 20:03:59.792,1.01535,1.01575,0.30,0.10
2008.04.16 20:04:00.032,1.01535,1.01575,0.30,0.10
2008.04.16 20:04:00.270,1.01535,1.01575,0.30,0.10
2008.04.16 20:04:00.490,1.01535,1.01575,0.30,0.10
2008.04.16 20:04:00.699,1.01535,1.01575,0.30,0.10
2008.04.16 20:04:00.907,1.01535,1.01575,0.30,0.10
2008.04.16 20:04:01.148,1.01535,1.01575,0.30,0.10
2008.04.16 20:04:01.357,1.01535,1.01575,0.30,0.10
2008.04.16 20:04:01.616,1.01535,1.01575,0.30,0.10
2008.04.16 20:04:01.874,1.01535,1.01575,0.30,0.10
2008.04.16 20:04:02.164,1.01535,1.01575,0.30,0.10
2008.04.16 20:04:02.391,1.01535,1.01575,0.30,0.10
2008.04.16 20:04:02.574,1.01535,1.01575,0.30,0.10
2008.04.16 20:04:02.758,1.01535,1.01575,0.30,0.10
2008.04.16 20:04:02.942,1.01535,1.01575,0.30,0.10
2008.04.16 20:04:03.126,1.01535,1.01575,0.30,0.10
2008.04.16 20:04:03.309,1.01535,1.01575,0.30,0.10
2008.04.16 20:04:03.491,1.01535,1.01575,0.30,0.10
2008.04.16 20:04:03.778,1.01535,1.01575,0.30,0.10
2008.04.16 20:04:04.054,1.01535,1.01575,0.30,0.10
2008.04.16 20:04:04.329,1.01535,1.01575,0.30,0.10
2008.04.16 20:04:04.602,1.01535,1.01575,0.30,0.10
2008.04.16 20:04:04.805,1.01535,1.01575,0.30,0.10
2008.04.16 20:04:05.008,1.01535,1.01575,0.30,0.10
2008.04.16 20:04:05.212,1.01535,1.01575,0.30,0.10
2008.04.16 20:04:05.415,1.01535,1.01575,0.30,0.10
2008.04.16 20:04:05.619,1.01535,1.01575,0.30,0.10
2008.04.16 20:04:05.826,1.01535,1.01575,0.30,0.10
2008.04.16 20:04:06.035,1.01535,1.01575,0.30,0.10
2008.04.16 20:04:06.243,1.01535,1.01575,0.30,0.10
2008.04.16 20:04:06.452,1.01535,1.01575,0.30,0.10
2008.04.16 20:04:06.661,1.01535,1.01575,0.30,0.10
2008.04.16 20:04:06.890,1.01535,1.01575,0.30,0.10
2008.04.16 20:04:07.119,1.01535,1.01575,0.30,0.10
2008.04.16 20:04:07.348,1.01535,1.01575,0.30,0.10
2008.04.16 20:04:07.577,1.01535,1.01575,0.30,0.10
2008.04.16 20:04:07.794,1.01535,1.01575,0.30,0.10
2008.04.16 20:04:08.013,1.01535,1.01575,0.30,0.10
2008.04.16 20:04:08.232,1.01535,1.01575,0.30,0.10
2008.04.16 20:04:08.449,1.01535,1.01575,0.30,0.10
2008.04.16 20:04:08.668,1.01535,1.01575,0.30,0.10
2008.04.16 20:04:08.892,1.01535,1.01575,0.30,0.10
2008.04.16 20:04:09.130,1.01535,1.01575,0.30,0.10
2008.04.16 20:04:09.354,1.01535,1.01575,0.30,0.10
2008.04.16 20:04:09.578,1.01535,1.01575,0.30,0.10
2008.04.16 20:04:09.797,1.01535,1.01575,0.30,0.10
2008.04.16 20:04:10.015,1.01535,1.01575,0.30,0.10
2008.04.16 20:04:10.232,1.01535,1.01575,0.30,0.10
2008.04.16 20:04:10.451,1.01535,1.01575,0.30,0.10
2008.04.16 20:04:10.673,1.01535,1.01575,0.30,0.10
2008.04.16 20:04:10.869,1.01535,1.01575,0.30,0.10
2008.04.16 20:04:11.066,1.01535,1.01575,0.30,0.10
2008.04.16 20:04:11.257,1.01535,1.01575,0.30,0.10
2008.04.16 20:04:11.451,1.01535,1.01575,0.30,0.10
2008.04.16 20:04:11.644,1.01535,1.01575,0.30,0.10
2008.04.16 20:04:11.899,1.01535,1.01575,0.30,0.10
2008.04.16 20:04:12.154,1.01535,1.01575,0.30,0.10
2008.04.16 20:04:12.427,1.01535,1.01575,0.30,0.10
2008.04.16 20:04:12.681,1.01535,1.01575,0.30,0.10
2008.04.16 20:04:12.880,1.01535,1.01575,0.30,0.10
2008.04.16 20:04:13.082,1.01535,1.01575,0.30,0.10
2008.04.16 20:04:13.279,1.01535,1.01575,0.30,0.10
2008.04.16 20:04:13.510,1.01535,1.01575,0.30,0.10
2008.04.16 20:04:13.677,1.01535,1.01575,0.30,0.10
2008.04.16 20:04:13.898,1.01535,1.01575,0.30,0.10
2008.04.16 20:04:14.117,1.01535,1.01575,0.30,0.10
2008.04.16 20:04:14.336,1.01535,1.01575,0.30,0.10
2008.04.16 20:04:14.568,1.01535,1.01575,0.30,0.10
2008.04.16 20:04:14.788,1.01535,1.01575,0.30,0.10
2008.04.16 20:04:15.002,1.01535,1.01575,0.30,0.10
2008.04.16 20:04:15.217,1.01535,1.01575,0.30,0.10
2008.04.16 20:04:15.431,1.01535,1.01575,0.30,0.10
2008.04.16 20:04:15.644,1.01535,1.01575,0.30,0.10
2008.04.16 20:04:15.857,1.01535,1.01575,0.30,0.10
2008.04.16 20:04:16.097,1.01535,1.01575,0.30,0.10
2008.04.16 20:04:16.336,1.01535,1.01575,0.30,0.10
2008.04.16 20:04:16.575,1.01535,1.01575,0.30,0.10
2008.04.16 20:04:16.813,1.01535,1.01575,0.30,0.10
2008.04.16 20:04:17.008,1.01535,1.01575,0.30,0.10
2008.04.16 20:04:17.203,1.01535,1.01575,0.30,0.10
2008.04.16 20:04:17.427,1.01535,1.01575,0.30,0.10
2008.04.16 20:04:17.621,1.01535,1.01575,0.30,0.10
2008.04.16 20:04:17.814,1.01535,1.01575,0.30,0.10
2008.04.16 20:04:18.061,1.01535,1.01575,0.30,0.10
2008.04.16 20:04:18.302,1.01535,1.01575,0.30,0.10
2008.04.16 20:04:18.538,1.01535,1.01575,0.30,0.10
2008.04.16 20:04:18.777,1.01535,1.01575,0.30,0.10
2008.04.16 20:04:19.016,1.01535,1.01575,0.30,0.10
2008.04.16 20:04:19.239,1.01535,1.01575,0.30,0.10
2008.04.16 20:04:19.462,1.01535,1.01575,0.30,0.10
2008.04.16 20:04:19.687,1.01535,1.01575,0.30,0.10
2008.04.16 20:04:19.942,1.01535,1.01575,0.30,0.10
2008.04.16 20:04:20.140,1.01535,1.01575,0.30,0.10
2008.04.16 20:04:20.339,1.01535,1.01575,0.30,0.10
2008.04.16 20:04:20.539,1.01535,1.01575,0.30,0.10
2008.04.16 20:04:20.737,1.01535,1.01575,0.30,0.10
2008.04.16 20:04:20.936,1.01535,1.01575,0.30,0.10
2008.04.16 20:04:21.160,1.01535,1.01575,0.30,0.10
2008.04.16 20:04:21.384,1.01535,1.01575,0.30,0.10
2008.04.16 20:04:21.608,1.01535,1.01575,0.30,0.10
2008.04.16 20:04:21.832,1.01535,1.01575,0.30,0.10
2008.04.16 20:04:22.058,1.01535,1.01575,0.30,0.10
2008.04.16 20:04:22.270,1.01535,1.01575,0.30,0.10
2008.04.16 20:04:22.489,1.01535,1.01575,0.30,0.10
2008.04.16 20:04:22.707,1.01535,1.01575,0.30,0.10
2008.04.16 20:04:22.927,1.01535,1.01575,0.30,0.10
2008.04.16 20:04:23.185,1.01535,1.01575,0.30,0.10
2008.04.16 20:04:23.443,1.01535,1.01575,0.30,0.10
2008.04.16 20:04:23.702,1.01535,1.01575,0.30,0.10
2008.04.16 20:04:23.960,1.01535,1.01575,0.30,0.10
2008.04.16 20:04:24.159,1.01535,1.01575,0.30,0.10
2008.04.16 20:04:24.357,1.01535,1.01575,0.30,0.10
2008.04.16 20:04:24.555,1.01535,1.01575,0.30,0.10
2008.04.16 20:04:24.777,1.01535,1.01575,0.30,0.10
2008.04.16 20:04:24.976,1.01535,1.01575,0.30,0.10
2008.04.16 20:04:25.220,1.01535,1.01575,0.30,0.10
2008.04.16 20:04:25.464,1.01535,1.01575,0.30,0.10
2008.04.16 20:04:25.708,1.01535,1.01575,0.30,0.10
2008.04.16 20:04:25.985,1.01535,1.01575,0.30,0.10
2008.04.16 20:04:26.168,1.01535,1.01575,0.30,0.10
2008.04.16 20:04:26.352,1.01535,1.01575,0.30,0.10
2008.04.16 20:04:26.536,1.01535,1.01575,0.30,0.10
2008.04.16 20:04:26.720,1.01535,1.01575,0.30,0.10
2008.04.16 20:04:26.904,1.01535,1.01575,0.30,0.10
2008.04.16 20:04:27.088,1.01535,1.01575,0.30,0.10
2008.04.16 20:04:27.337,1.01535,1.01575,0.30,0.10
2008.04.16 20:04:27.580,1.01535,1.01575,0.30,0.10
2008.04.16 20:04:27.823,1.01535,1.01575,0.30,0.10
2008.04.16 20:04:28.066,1.01535,1.01575,0.30,0.10
2008.04.16 20:04:28.274,1.01535,1.01575,0.30,0.10
2008.04.16 20:04:28.483,1.01535,1.01575,0.30,0.10
2008.04.16 20:04:28.691,1.01535,1.01575,0.30,0.10
2008.04.16 20:04:28.900,1.01535,1.01575,0.30,0.10
2008.04.16 20:04:29.143,1.01535,1.01575,0.30,0.10
2008.04.16 20:04:29.360,1.01535,1.01575,0.30,0.10
2008.04.16 20:04:29.578,1.01535,1.01575,0.30,0.10
2008.04.16 20:04:29.797,1.01535,1.01575,0.30,0.10
2008.04.16 20:04:30.016,1.01535,1.01575,0.30,0.10
2008.04.16 20:04:30.234,1.01535,1.01575,0.30,0.10
2008.04.16 20:04:30.458,1.01535,1.01575,0.30,0.10
2008.04.16 20:04:30.681,1.01535,1.01575,0.30,0.10
2008.04.16 20:04:30.904,1.01535,1.01575,0.30,0.10
2008.04.16 20:04:31.128,1.01535,1.01575,0.30,0.10
2008.04.16 20:04:31.352,1.01535,1.01575,0.30,0.10
2008.04.16 20:04:31.585,1.01535,1.01575,0.30,0.10
2008.04.16 20:04:31.808,1.01535,1.01575,0.30,0.10
2008.04.16 20:04:32.031,1.01535,1.01575,0.30,0.10
2008.04.16 20:04:32.255,1.01535,1.01575,0.30,0.10
2008.04.16 20:04:32.458,1.01535,1.01575,0.30,0.10
2008.04.16 20:04:32.662,1.01535,1.01575,0.30,0.10
2008.04.16 20:04:32.865,1.01535,1.01575,0.30,0.10
2008.04.16 20:04:33.070,1.01535,1.01575,0.30,0.10
2008.04.16 20:04:33.273,1.01535,1.01575,0.30,0.10
2008.04.16 20:04:33.488,1.01535,1.01575,0.30,0.10
2008.04.16 20:04:33.702,1.01535,1.01565,0.30,0.10
2008.04.16 20:04:33.915,1.01535,1.01565,0.30,0.10
2008.04.16 20:04:34.129,1.01535,1.01565,0.30,0.10
2008.04.16 20:04:34.353,1.01535,1.01565,0.30,0.10
2008.04.16 20:04:34.609,1.01535,1.01565,0.30,0.10
2008.04.16 20:04:34.832,1.01535,1.01565,0.30,0.10
2008.04.16 20:04:35.056,1.01535,1.01565,0.30,0.10
2008.04.16 20:04:35.279,1.01535,1.01565,0.30,0.10
2008.04.16 20:04:35.483,1.01535,1.01565,0.30,0.10
2008.04.16 20:04:35.686,1.01535,1.01565,0.30,0.10
2008.04.16 20:04:35.890,1.01535,1.01565,0.30,0.10
2008.04.16 20:04:36.093,1.01535,1.01565,0.30,0.10
2008.04.16 20:04:36.298,1.01535,1.01565,0.30,0.10
2008.04.16 20:04:36.516,1.01535,1.01565,0.30,0.10
2008.04.16 20:04:36.736,1.01535,1.01565,0.30,0.10
2008.04.16 20:04:36.981,1.01535,1.01565,0.30,0.10
2008.04.16 20:04:37.201,1.01535,1.01565,0.30,0.10
2008.04.16 20:04:37.420,1.01535,1.01565,0.30,0.10
2008.04.16 20:04:37.684,1.01535,1.01565,0.30,0.10
2008.04.16 20:04:37.967,1.01535,1.01565,0.30,0.10
2008.04.16 20:04:38.230,1.01535,1.01565,0.30,0.10
2008.04.16 20:04:38.496,1.01535,1.01565,0.30,0.10
2008.04.16 20:04:38.715,1.01535,1.01565,0.30,0.10
2008.04.16 20:04:38.935,1.01535,1.01565,0.30,0.10
2008.04.16 20:04:39.153,1.01535,1.01565,0.30,0.10
2008.04.16 20:04:39.391,1.01535,1.01565,0.30,0.10
2008.04.16 20:04:39.620,1.01535,1.01565,0.30,0.10
2008.04.16 20:04:39.848,1.01535,1.01565,0.30,0.10
2008.04.16 20:04:40.108,1.01535,1.01565,0.30,0.10
2008.04.16 20:04:40.306,1.01535,1.01565,0.30,0.10
2008.04.16 20:04:40.514,1.01535,1.01565,0.30,0.10
2008.04.16 20:04:40.722,1.01535,1.01565,0.30,0.10
2008.04.16 20:04:40.931,1.01535,1.01565,0.30,0.10
2008.04.16 20:04:41.162,1.01535,1.01565,0.30,0.10
2008.04.16 20:04:41.371,1.01535,1.01565,0.30,0.10
2008.04.16 20:04:41.604,1.01535,1.01565,0.30,0.10
2008.04.16 20:04:41.839,1.01535,1.01565,0.30,0.10
2008.04.16 20:04:42.073,1.01535,1.01565,0.30,0.10
2008.04.16 20:04:42.338,1.01535,1.01565,0.30,0.10
2008.04.16 20:04:42.529,1.01535,1.01565,0.30,0.10
2008.04.16 20:04:42.718,1.01535,1.01565,0.30,0.10
2008.04.16 20:04:42.906,1.01535,1.01565,0.30,0.10
2008.04.16 20:04:43.094,1.01535,1.01565,0.30,0.10
2008.04.16 20:04:43.313,1.01535,1.01565,0.30,0.10
2008.04.16 20:04:43.555,1.01535,1.01565,0.30,0.10
2008.04.16 20:04:43.792,1.01535,1.01565,0.30,0.10
2008.04.16 20:04:44.030,1.01535,1.01565,0.30,0.10
2008.04.16 20:04:44.268,1.01535,1.01565,0.30,0.10
2008.04.16 20:04:44.506,1.01535,1.01565,0.30,0.10
2008.04.16 20:04:44.738,1.01535,1.01565,0.30,0.10
2008.04.16 20:04:44.956,1.01535,1.01565,0.30,0.10
2008.04.16 20:04:45.175,1.01535,1.01565,0.30,0.10
2008.04.16 20:04:45.393,1.01535,1.01565,0.30,0.10
2008.04.16 20:04:45.617,1.01535,1.01565,0.30,0.10
2008.04.16 20:04:45.811,1.01535,1.01565,0.30,0.10
2008.04.16 20:04:46.004,1.01535,1.01565,0.30,0.10
2008.04.16 20:04:46.198,1.01535,1.01565,0.30,0.10
2008.04.16 20:04:46.392,1.01535,1.01565,0.30,0.10
2008.04.16 20:04:46.585,1.01535,1.01565,0.30,0.10
2008.04.16 20:04:46.809,1.01535,1.01565,0.30,0.10
2008.04.16 20:04:47.063,1.01535,1.01565,0.30,0.10
2008.04.16 20:04:47.256,1.01535,1.01565,0.30,0.10
2008.04.16 20:04:47.481,1.01535,1.01565,0.30,0.10
2008.04.16 20:04:47.699,1.01535,1.01565,0.30,0.10
2008.04.16 20:04:47.918,1.01535,1.01565,0.30,0.10
2008.04.16 20:04:48.136,1.01535,1.01565,0.30,0.10
2008.04.16 20:04:48.369,1.01535,1.01565,0.30,0.10
2008.04.16 20:04:48.589,1.01535,1.01565,0.30,0.10
2008.04.16 20:04:48.823,1.01535,1.01565,0.30,0.10
2008.04.16 20:04:49.057,1.01535,1.01565,0.30,0.10
2008.04.16 20:04:49.291,1.01535,1.01565,0.30,0.10
2008.04.16 20:04:49.526,1.01535,1.01565,0.30,0.10
2008.04.16 20:04:49.755,1.01535,1.01565,0.30,0.10
2008.04.16 20:04:49.983,1.01535,1.01565,0.30,0.10
2008.04.16 20:04:50.212,1.01535,1.01565,0.30,0.10
2008.04.16 20:04:50.441,1.01535,1.01565,0.30,0.10
2008.04.16 20:04:50.670,1.01535,1.01565,0.30,0.10
2008.04.16 20:04:50.869,1.01535,1.01565,0.30,0.10
2008.04.16 20:04:51.068,1.01535,1.01565,0.30,0.10
2008.04.16 20:04:51.266,1.01535,1.01565,0.30,0.10
2008.04.16 20:04:51.465,1.01535,1.01565,0.30,0.10
2008.04.16 20:04:51.664,1.01535,1.01565,0.30,0.10
2008.04.16 20:04:51.904,1.01535,1.01565,0.30,0.10
2008.04.16 20:04:52.163,1.01535,1.01565,0.30,0.10
2008.04.16 20:04:52.403,1.01535,1.01565,0.30,0.10
2008.04.16 20:04:52.641,1.01535,1.01565,0.30,0.10
2008.04.16 20:04:52.834,1.01535,1.01565,0.30,0.10
2008.04.16 20:04:53.028,1.01535,1.01565,0.30,0.10
2008.04.16 20:04:53.254,1.01535,1.01565,0.30,0.10
2008.04.16 20:04:53.447,1.01535,1.01565,0.30,0.10
2008.04.16 20:04:53.641,1.01535,1.01565,0.30,0.10
2008.04.16 20:04:53.869,1.01535,1.01565,0.30,0.10
2008.04.16 20:04:54.098,1.01535,1.01565,0.30,0.10
2008.04.16 20:04:54.327,1.01535,1.01565,0.30,0.10
2008.04.16 20:04:54.556,1.01535,1.01565,0.30,0.10
2008.04.16 20:04:54.784,1.01535,1.01565,0.30,0.10
2008.04.16 20:04:54.982,1.01535,1.01565,0.30,0.10
2008.04.16 20:04:55.180,1.01535,1.01565,0.30,0.10
2008.04.16 20:04:55.379,1.01535,1.01565,0.30,0.10
2008.04.16 20:04:55.577,1.01535,1.01565,0.30,0.10
2008.04.16 20:04:55.801,1.01535,1.01565,0.30,0.10
2008.04.16 20:04:56.025,1.01535,1.01565,0.30,0.10
2008.04.16 20:04:56.251,1.01535,1.01565,0.30,0.10
2008.04.16 20:04:56.474,1.01535,1.01565,0.30,0.10
2008.04.16 20:04:56.699,1.01535,1.01565,0.30,0.10
2008.04.16 20:04:56.958,1.01535,1.01565,0.30,0.10
2008.04.16 20:04:57.242,1.01535,1.01565,0.30,0.10
2008.04.16 20:04:57.501,1.01535,1.01565,0.30,0.10
2008.04.16 20:04:57.759,1.01535,1.01565,0.30,0.10
2008.04.16 20:04:57.973,1.01535,1.01565,0.30,0.10
2008.04.16 20:04:58.186,1.01535,1.01565,0.30,0.10
2008.04.16 20:04:58.399,1.01535,1.01565,0.30,0.10
2008.04.16 20:04:58.612,1.01535,1.01565,0.30,0.10
2008.04.16 20:04:58.815,1.01535,1.01565,0.30,0.10
2008.04.16 20:04:59.050,1.01535,1.01565,0.30,0.10
2008.04.16 20:04:59.252,1.01535,1.01565,0.30,0.10
2008.04.16 20:04:59.456,1.01535,1.01565,0.30,0.10
2008.04.16 20:04:59.659,1.01535,1.01565,0.30,0.10
2008.04.16 20:04:59.939,1.01535,1.01565,0.30,0.10
2008.04.16 20:05:00.217,1.01535,1.01565,0.30,0.10
2008.04.16 20:05:00.496,1.01535,1.01565,0.30,0.10
2008.04.16 20:05:00.805,1.01535,1.01565,0.30,0.10
2008.04.16 20:05:00.953,1.01535,1.01565,0.30,0.10
2008.04.16 20:05:01.133,1.01535,1.01565,0.30,0.10
2008.04.16 20:05:01.311,1.01535,1.01565,0.30,0.10
2008.04.16 20:05:01.490,1.01535,1.01565,0.30,0.10
2008.04.16 20:05:01.669,1.01535,1.01565,0.30,0.10
2008.04.16 20:05:01.893,1.01535,1.01565,0.30,0.10
2008.04.16 20:05:02.118,1.01535,1.01565,0.30,0.10
2008.04.16 20:05:02.358,1.01535,1.01565,0.30,0.10
2008.04.16 20:05:02.583,1.01535,1.01565,0.30,0.10
2008.04.16 20:05:02.807,1.01535,1.01565,0.30,0.10
2008.04.16 20:05:03.030,1.01535,1.01565,0.30,0.10
2008.04.16 20:05:03.254,1.01535,1.01565,0.30,0.10
2008.04.16 20:05:03.479,1.01535,1.01565,0.30,0.10
2008.04.16 20:05:03.703,1.01535,1.01565,0.30,0.10
2008.04.16 20:05:03.941,1.01535,1.01565,0.30,0.10
2008.04.16 20:05:04.179,1.01535,1.01565,0.30,0.10
2008.04.16 20:05:04.437,1.01535,1.01565,0.30,0.10
2008.04.16 20:05:04.677,1.01535,1.01565,0.30,0.10
2008.04.16 20:05:04.916,1.01535,1.01565,0.30,0.10
2008.04.16 20:05:05.144,1.01535,1.01565,0.30,0.10
2008.04.16 20:05:05.337,1.01535,1.01565,0.30,0.10
2008.04.16 20:05:05.531,1.01535,1.01565,0.30,0.10
2008.04.16 20:05:05.724,1.01535,1.01565,0.30,0.10
2008.04.16 20:05:05.918,1.01535,1.01565,0.30,0.10
2008.04.16 20:05:06.172,1.01535,1.01565,0.30,0.10
2008.04.16 20:05:06.405,1.01535,1.01565,0.30,0.10
2008.04.16 20:05:06.640,1.01535,1.01565,0.30,0.10
2008.04.16 20:05:06.873,1.01535,1.01565,0.30,0.10
2008.04.16 20:05:07.087,1.01535,1.01565,0.30,0.10
2008.04.16 20:05:07.301,1.01535,1.01565,0.30,0.10
2008.04.16 20:05:07.516,1.01535,1.01565,0.30,0.10
2008.04.16 20:05:07.729,1.01535,1.01565,0.30,0.10
2008.04.16 20:05:07.968,1.01535,1.01565,0.30,0.10
2008.04.16 20:05:08.207,1.01535,1.01575,0.30,0.10
2008.04.16 20:05:08.447,1.01535,1.01575,0.30,0.10
2008.04.16 20:05:08.687,1.01535,1.01575,0.30,0.10
2008.04.16 20:05:08.958,1.01535,1.01575,0.30,0.10
2008.04.16 20:05:09.162,1.01535,1.01575,0.30,0.10
2008.04.16 20:05:09.366,1.01535,1.01575,0.30,0.10
2008.04.16 20:05:09.569,1.01535,1.01575,0.30,0.10
2008.04.16 20:05:09.772,1.01535,1.01575,0.30,0.10
2008.04.16 20:05:09.977,1.01535,1.01575,0.30,0.10
2008.04.16 20:05:10.230,1.01535,1.01575,0.30,0.10
2008.04.16 20:05:10.478,1.01535,1.01575,0.30,0.10
2008.04.16 20:05:10.729,1.01535,1.01575,0.30,0.10
2008.04.16 20:05:11.012,1.01535,1.01575,0.30,0.10
2008.04.16 20:05:11.182,1.01535,1.01575,0.30,0.10
2008.04.16 20:05:11.388,1.01535,1.01575,0.30,0.10
2008.04.16 20:05:11.592,1.01535,1.01575,0.30,0.10
2008.04.16 20:05:11.795,1.01535,1.01575,0.30,0.10
2008.04.16 20:05:12.000,1.01535,1.01575,0.30,0.10
2008.04.16 20:05:12.258,1.01535,1.01575,0.30,0.10
2008.04.16 20:05:12.518,1.01535,1.01575,0.30,0.10
2008.04.16 20:05:12.777,1.01535,1.01575,0.30,0.10
2008.04.16 20:05:13.036,1.01535,1.01575,0.30,0.10
2008.04.16 20:05:13.222,1.01535,1.01575,0.30,0.10
2008.04.16 20:05:13.406,1.01535,1.01575,0.30,0.10
2008.04.16 20:05:13.590,1.01535,1.01575,0.30,0.10
2008.04.16 20:05:13.804,1.01535,1.01575,0.30,0.10
2008.04.16 20:05:13.988,1.01535,1.01575,0.30,0.10
2008.04.16 20:05:14.217,1.01535,1.01575,0.30,0.10
2008.04.16 20:05:14.477,1.01535,1.01575,0.30,0.10
2008.04.16 20:05:14.707,1.01535,1.01565,0.30,0.10
2008.04.16 20:05:14.936,1.01535,1.01565,0.30,0.10
2008.04.16 20:05:15.165,1.01535,1.01565,0.30,0.10
2008.04.16 20:05:15.434,1.01535,1.01565,0.30,0.10
2008.04.16 20:05:15.643,1.01535,1.01565,0.30,0.10
2008.04.16 20:05:15.882,1.01535,1.01565,0.30,0.10
2008.04.16 20:05:16.121,1.01535,1.01565,0.30,0.10
2008.04.16 20:05:16.360,1.01535,1.01565,0.30,0.10
2008.04.16 20:05:16.569,1.01535,1.01575,0.30,0.10
2008.04.16 20:05:16.812,1.01535,1.01575,0.30,0.10
2008.04.16 20:05:17.021,1.01535,1.0157,0.30,0.80
2008.04.16 20:05:17.230,1.01535,1.0157,0.30,0.80
2008.04.16 20:05:17.505,1.01535,1.0157,0.30,0.80
2008.04.16 20:05:17.748,1.01535,1.0157,0.30,0.80
2008.04.16 20:05:17.991,1.01535,1.0157,0.30,0.80
2008.04.16 20:05:18.235,1.01535,1.0157,0.30,0.80
2008.04.16 20:05:18.509,1.01535,1.0157,0.30,0.80
2008.04.16 20:05:18.707,1.01535,1.0157,0.30,0.80
2008.04.16 20:05:18.906,1.01535,1.0157,0.30,0.80
2008.04.16 20:05:19.130,1.01535,1.0157,0.30,0.80
2008.04.16 20:05:19.328,1.01535,1.0157,0.30,0.80
2008.04.16 20:05:19.592,1.01535,1.0157,0.30,0.80
2008.04.16 20:05:19.856,1.01535,1.0157,0.30,0.80
2008.04.16 20:05:20.121,1.01535,1.0157,0.30,0.80
2008.04.16 20:05:20.384,1.01535,1.0157,0.30,0.80
2008.04.16 20:05:20.604,1.01535,1.0157,0.30,0.80
2008.04.16 20:05:20.798,1.01535,1.0157,0.30,0.80
2008.04.16 20:05:20.990,1.01535,1.0157,0.30,0.80
2008.04.16 20:05:21.185,1.01535,1.0157,0.30,0.80
2008.04.16 20:05:21.378,1.01535,1.0157,0.30,0.80
2008.04.16 20:05:21.612,1.01535,1.0157,0.30,0.80
2008.04.16 20:05:21.847,1.01535,1.0157,0.30,0.80
2008.04.16 20:05:22.081,1.01535,1.0157,0.30,0.80
2008.04.16 20:05:22.350,1.01535,1.0157,0.30,0.80
2008.04.16 20:05:22.546,1.01535,1.0157,0.30,0.80
2008.04.16 20:05:22.739,1.01535,1.0157,0.30,0.80
2008.04.16 20:05:22.934,1.01535,1.0157,0.30,0.80
2008.04.16 20:05:23.127,1.01535,1.0157,0.30,0.80
2008.04.16 20:05:23.351,1.01535,1.0157,0.30,0.80
2008.04.16 20:05:23.588,1.01535,1.0157,0.30,0.80
2008.04.16 20:05:23.826,1.01535,1.0157,0.30,0.80
2008.04.16 20:05:24.064,1.01535,1.0157,0.30,0.80
2008.04.16 20:05:24.302,1.01535,1.0157,0.30,0.80
2008.04.16 20:05:24.541,1.01535,1.0157,0.30,0.80
2008.04.16 20:05:24.765,1.01535,1.0157,0.30,0.80
2008.04.16 20:05:24.988,1.01535,1.0157,0.30,0.80
2008.04.16 20:05:25.213,1.01535,1.0157,0.30,0.80
2008.04.16 20:05:25.437,1.01535,1.0157,0.30,0.80
2008.04.16 20:05:25.626,1.01535,1.0157,0.30,0.80
2008.04.16 20:05:25.814,1.01535,1.0157,0.30,0.80
2008.04.16 20:05:26.002,1.01535,1.0157,0.30,0.80
2008.04.16 20:05:26.190,1.01535,1.0157,0.30,0.80
2008.04.16 20:05:26.379,1.01535,1.0157,0.30,0.80
2008.04.16 20:05:26.569,1.01535,1.0157,0.30,0.80
2008.04.16 20:05:26.807,1.01535,1.0157,0.30,0.80
2008.04.16 20:05:27.045,1.01535,1.0157,0.30,0.80
2008.04.16 20:05:27.284,1.01535,1.0157,0.30,0.80
2008.04.16 20:05:27.523,1.01535,1.0157,0.30,0.80
2008.04.16 20:05:27.712,1.01535,1.0157,0.30,0.80
2008.04.16 20:05:27.901,1.01535,1.0157,0.30,0.80
2008.04.16 20:05:28.089,1.01535,1.0157,0.30,0.80
2008.04.16 20:05:28.278,1.01535,1.0157,0.30,0.80
2008.04.16 20:05:28.466,1.01535,1.0157,0.30,0.80
2008.04.16 20:05:28.656,1.01535,1.0157,0.30,0.80
2008.04.16 20:05:28.913,1.01535,1.0157,0.30,0.80
2008.04.16 20:05:29.163,1.01535,1.0157,0.30,0.80
2008.04.16 20:05:29.412,1.01535,1.0157,0.30,0.80
2008.04.16 20:05:29.661,1.01535,1.0157,0.30,0.80
2008.04.16 20:05:29.839,1.01535,1.0157,0.30,0.80
2008.04.16 20:05:30.051,1.01535,1.0157,0.30,0.80
2008.04.16 20:05:30.228,1.01535,1.0157,0.30,0.80
2008.04.16 20:05:30.407,1.01535,1.0157,0.30,0.80
2008.04.16 20:05:30.586,1.01535,1.0157,0.30,0.80
2008.04.16 20:05:30.825,1.01535,1.0157,0.30,0.80
2008.04.16 20:05:31.063,1.01535,1.0157,0.30,0.80
2008.04.16 20:05:31.302,1.01535,1.0157,0.30,0.80
2008.04.16 20:05:31.544,1.01535,1.0157,0.30,0.80
2008.04.16 20:05:31.735,1.01535,1.0157,0.30,0.80
2008.04.16 20:05:31.924,1.01535,1.0157,0.30,0.80
2008.04.16 20:05:32.145,1.01535,1.0157,0.30,0.80
2008.04.16 20:05:32.334,1.01535,1.0157,0.30,0.80
2008.04.16 20:05:32.523,1.01535,1.0157,0.30,0.80
2008.04.16 20:05:32.711,1.01535,1.0157,0.30,0.80
2008.04.16 20:05:32.975,1.01535,1.0157,0.30,0.80
2008.04.16 20:05:33.239,1.01535,1.0157,0.30,0.80
2008.04.16 20:05:33.503,1.01535,1.0157,0.30,0.80
2008.04.16 20:05:33.767,1.01535,1.0157,0.30,0.80
2008.04.16 20:05:33.946,1.01535,1.0157,0.30,0.80
2008.04.16 20:05:34.125,1.01535,1.0157,0.30,0.80
2008.04.16 20:05:34.304,1.01535,1.0157,0.30,0.80
2008.04.16 20:05:34.484,1.01535,1.0157,0.30,0.80
2008.04.16 20:05:34.695,1.01535,1.0157,0.30,0.80
2008.04.16 20:05:34.942,1.01535,1.0157,0.30,0.80
2008.04.16 20:05:35.187,1.01535,1.01565,0.30,0.10
2008.04.16 20:05:35.432,1.01535,1.01565,0.30,0.10
2008.04.16 20:05:35.685,1.01535,1.01565,0.30,0.10
2008.04.16 20:05:35.888,1.01535,1.01565,0.30,0.10
2008.04.16 20:05:36.093,1.01535,1.01565,0.30,0.10
2008.04.16 20:05:36.297,1.01535,1.01565,0.30,0.10
2008.04.16 20:05:36.500,1.01535,1.01565,0.30,0.10
2008.04.16 20:05:36.704,1.01535,1.01565,0.30,0.10
2008.04.16 20:05:36.919,1.01535,1.01565,0.30,0.10
2008.04.16 20:05:37.148,1.01535,1.01565,0.30,0.10
2008.04.16 20:05:37.363,1.01535,1.01565,0.30,0.10
2008.04.16 20:05:37.576,1.01535,1.01565,0.30,0.10
2008.04.16 20:05:37.822,1.01535,1.01565,0.30,0.10
2008.04.16 20:05:38.057,1.01535,1.01565,0.30,0.10
2008.04.16 20:05:38.291,1.01535,1.01565,0.30,0.10
2008.04.16 20:05:38.525,1.01535,1.01565,0.30,0.10
2008.04.16 20:05:38.759,1.01535,1.01565,0.30,0.10
2008.04.16 20:05:38.992,1.01535,1.01565,0.30,0.10
2008.04.16 20:05:39.196,1.01535,1.01565,0.30,0.10
2008.04.16 20:05:39.400,1.01535,1.01565,0.30,0.10
2008.04.16 20:05:40.812,1.01535,1.01565,0.30,0.10
2008.04.16 20:05:40.912,1.01535,1.01565,0.30,0.10
2008.04.16 20:05:41.010,1.01535,1.01565,0.30,0.10
2008.04.16 20:05:41.111,1.01535,1.01565,0.30,0.10
2008.04.16 20:05:41.209,1.01535,1.01565,0.30,0.10
2008.04.16 20:05:41.339,1.01535,1.01565,0.30,0.10
2008.04.16 20:05:41.408,1.01535,1.01565,0.30,0.10
2008.04.16 20:05:41.517,1.01535,1.01565,0.30,0.10
2008.04.16 20:05:41.615,1.01535,1.01565,0.30,0.10
2008.04.16 20:05:41.715,1.01535,1.01565,0.30,0.10
2008.04.16 20:05:41.814,1.01515,1.01555,0.30,0.10
2008.04.16 20:05:42.149,1.01515,1.01555,0.30,0.10
2008.04.16 20:05:42.483,1.01515,1.0155,0.30,0.80
2008.04.16 20:05:42.817,1.01515,1.0155,0.30,0.80
2008.04.16 20:05:43.151,1.01515,1.0155,0.30,0.80
2008.04.16 20:05:43.314,1.01515,1.0155,0.30,0.80
2008.04.16 20:05:43.478,1.01515,1.0155,0.30,0.80
2008.04.16 20:05:43.641,1.01515,1.0155,0.30,0.80
2008.04.16 20:05:43.838,1.01515,1.0155,0.30,0.80
2008.04.16 20:05:43.969,1.01515,1.0155,0.30,0.80
2008.04.16 20:05:44.242,1.01515,1.0155,0.30,0.80
2008.04.16 20:05:44.535,1.01515,1.0155,0.30,0.80
2008.04.16 20:05:44.809,1.01515,1.0155,0.30,0.80
2008.04.16 20:05:45.084,1.01515,1.0155,0.30,0.80
2008.04.16 20:05:45.283,1.01515,1.0155,0.50,0.80
2008.04.16 20:05:45.484,1.01525,1.0156,0.30,0.80
2008.04.16 20:05:45.683,1.01525,1.01565,0.30,0.10
2008.04.16 20:05:45.883,1.01525,1.0156,0.30,0.80
2008.04.16 20:05:46.082,1.01525,1.0156,0.30,0.80
2008.04.16 20:05:46.342,1.01525,1.0156,0.30,0.80
2008.04.16 20:05:46.600,1.01525,1.01565,0.30,0.10
2008.04.16 20:05:46.859,1.01525,1.01565,0.30,0.10
2008.04.16 20:05:47.118,1.01525,1.01565,0.30,0.10
2008.04.16 20:05:47.312,1.01525,1.01565,0.30,0.10
2008.04.16 20:05:47.506,1.01525,1.01565,0.30,0.10
2008.04.16 20:05:47.699,1.01525,1.01565,0.30,0.10
2008.04.16 20:05:47.894,1.01525,1.01565,0.30,0.10
2008.04.16 20:05:48.087,1.01525,1.01565,0.30,0.10
2008.04.16 20:05:48.280,1.01525,1.01565,0.30,0.10
2008.04.16 20:05:48.559,1.01525,1.01565,0.30,0.10
2008.04.16 20:05:48.838,1.01525,1.01565,0.30,0.10
2008.04.16 20:05:49.139,1.01525,1.01565,0.30,0.10
2008.04.16 20:05:49.333,1.01525,1.01565,0.30,0.10
2008.04.16 20:05:49.546,1.01525,1.01565,0.30,0.10
2008.04.16 20:05:49.739,1.01525,1.01565,0.30,0.10
2008.04.16 20:05:49.932,1.01525,1.01565,0.30,0.10
2008.04.16 20:05:50.157,1.01525,1.01565,0.30,0.10
2008.04.16 20:05:50.384,1.01525,1.01565,0.30,0.10
2008.04.16 20:05:50.613,1.01525,1.01565,0.30,0.10
2008.04.16 20:05:50.841,1.01525,1.01565,0.30,0.10
2008.04.16 20:05:51.069,1.01525,1.01565,0.30,0.10
2008.04.16 20:05:51.299,1.01525,1.01565,0.30,0.10
2008.04.16 20:05:51.512,1.01525,1.01565,0.30,0.10
2008.04.16 20:05:51.726,1.01525,1.01565,0.30,0.10
2008.04.16 20:05:51.940,1.01525,1.01565,0.30,0.10
2008.04.16 20:05:52.154,1.01525,1.01565,0.30,0.10
2008.04.16 20:05:52.368,1.01525,1.01565,0.30,0.10
2008.04.16 20:05:52.577,1.01525,1.01565,0.30,0.10
2008.04.16 20:05:52.787,1.01525,1.01565,0.30,0.10
2008.04.16 20:05:52.997,1.01525,1.01565,0.30,0.10
2008.04.16 20:05:53.230,1.01525,1.01565,0.30,0.10
2008.04.16 20:05:53.437,1.01525,1.01565,0.30,0.10
2008.04.16 20:05:53.686,1.01525,1.01565,0.30,0.10
2008.04.16 20:05:53.934,1.01525,1.01565,0.30,0.10
2008.04.16 20:05:54.182,1.01525,1.01565,0.30,0.10
2008.04.16 20:05:54.430,1.01525,1.01565,0.30,0.10
2008.04.16 20:05:54.624,1.01525,1.01565,0.30,0.10
2008.04.16 20:05:54.817,1.01525,1.01565,0.30,0.10
2008.04.16 20:05:55.009,1.01525,1.01565,0.30,0.10
2008.04.16 20:05:55.203,1.01525,1.01565,0.30,0.10
2008.04.16 20:05:55.397,1.01525,1.01565,0.30,0.10
2008.04.16 20:05:55.645,1.01525,1.01565,0.30,0.80
2008.04.16 20:05:55.894,1.01525,1.01565,0.30,0.80
2008.04.16 20:05:56.142,1.01525,1.01565,0.30,0.80
2008.04.16 20:05:56.391,1.01525,1.01565,0.30,0.80
2008.04.16 20:05:56.584,1.01525,1.01565,0.30,0.80
2008.04.16 20:05:56.778,1.01525,1.01565,0.30,0.80
2008.04.16 20:05:56.971,1.01525,1.01565,0.30,0.80
2008.04.16 20:05:57.193,1.01525,1.01565,0.30,0.80
2008.04.16 20:05:57.385,1.01525,1.01565,0.30,0.80
2008.04.16 20:05:57.619,1.01525,1.01565,0.30,0.80
2008.04.16 20:05:57.852,1.01525,1.01565,0.30,0.80
2008.04.16 20:05:58.086,1.01525,1.01565,0.30,0.80
2008.04.16 20:05:58.337,1.01525,1.01565,0.30,0.80
2008.04.16 20:05:58.530,1.01525,1.01565,0.30,0.80
2008.04.16 20:05:58.723,1.01525,1.01565,0.30,0.80
2008.04.16 20:05:58.921,1.01525,1.01565,0.30,0.80
2008.04.16 20:05:59.113,1.01525,1.01565,0.30,0.80
2008.04.16 20:05:59.308,1.01525,1.01565,0.30,0.80
2008.04.16 20:05:59.592,1.01525,1.01565,0.30,0.80
2008.04.16 20:05:59.876,1.01525,1.01565,0.30,0.80
2008.04.16 20:06:00.159,1.01525,1.01565,0.30,0.80
2008.04.16 20:06:00.443,1.01525,1.01565,0.30,0.80
2008.04.16 20:06:00.621,1.01525,1.01565,0.30,0.80
2008.04.16 20:06:00.801,1.01525,1.01565,0.30,0.80
2008.04.16 20:06:00.979,1.01525,1.01565,0.30,0.80
2008.04.16 20:06:01.158,1.01525,1.01565,0.30,0.80
2008.04.16 20:06:01.337,1.01525,1.01565,0.30,0.80
2008.04.16 20:06:01.594,1.01525,1.01565,0.30,0.80
2008.04.16 20:06:01.853,1.01525,1.01565,0.30,0.80
2008.04.16 20:06:02.111,1.01525,1.01565,0.30,0.80
2008.04.16 20:06:02.370,1.01525,1.01565,0.30,0.80
2008.04.16 20:06:02.549,1.01525,1.01565,0.30,0.80
2008.04.16 20:06:02.728,1.01525,1.01565,0.30,0.80
2008.04.16 20:06:02.905,1.01525,1.01565,0.30,0.80
2008.04.16 20:06:03.085,1.01525,1.01565,0.30,0.80
2008.04.16 20:06:03.264,1.01525,1.01565,0.30,0.80
2008.04.16 20:06:03.464,1.01525,1.01565,0.30,0.80
2008.04.16 20:06:03.736,1.01525,1.01565,0.30,0.80
2008.04.16 20:06:04.008,1.01525,1.01565,0.30,0.80
2008.04.16 20:06:04.282,1.01525,1.01565,0.30,0.80
2008.04.16 20:06:04.556,1.01525,1.01565,0.30,0.80
2008.04.16 20:06:04.766,1.01525,1.01565,0.30,0.80
2008.04.16 20:06:05.004,1.01525,1.01565,0.30,0.80
2008.04.16 20:06:05.212,1.01525,1.01565,0.30,0.80
2008.04.16 20:06:05.421,1.01525,1.01565,0.30,0.80
2008.04.16 20:06:05.650,1.01525,1.01565,0.30,0.80
2008.04.16 20:06:05.880,1.01525,1.01565,0.30,0.80
2008.04.16 20:06:06.108,1.01525,1.01565,0.30,0.80
2008.04.16 20:06:06.338,1.01525,1.01565,0.30,0.80
2008.04.16 20:06:06.568,1.01525,1.01565,0.30,0.80
2008.04.16 20:06:06.791,1.01525,1.01565,0.30,0.80
2008.04.16 20:06:07.016,1.01525,1.01565,0.30,0.80
2008.04.16 20:06:07.239,1.01525,1.01565,0.30,0.80
2008.04.16 20:06:07.463,1.01525,1.01565,0.30,0.80
2008.04.16 20:06:07.682,1.01525,1.01565,0.30,0.80
2008.04.16 20:06:07.901,1.01525,1.01565,0.30,0.80
2008.04.16 20:06:08.120,1.01525,1.01565,0.30,0.10
2008.04.16 20:06:08.339,1.01525,1.01565,0.30,0.10
2008.04.16 20:06:08.559,1.01525,1.01565,0.30,0.10
2008.04.16 20:06:08.803,1.01525,1.01565,0.30,0.10
2008.04.16 20:06:09.047,1.01525,1.01565,0.30,0.10
2008.04.16 20:06:09.291,1.01525,1.01565,0.30,0.10
2008.04.16 20:06:09.535,1.01525,1.01565,0.30,0.10
2008.04.16 20:06:09.743,1.01525,1.01565,0.30,0.10
2008.04.16 20:06:09.952,1.01525,1.01565,0.30,0.10
2008.04.16 20:06:10.160,1.01525,1.01565,0.30,0.10
2008.04.16 20:06:10.397,1.01525,1.01565,0.30,0.10
2008.04.16 20:06:10.605,1.01525,1.01565,0.30,0.10
2008.04.16 20:06:10.833,1.01525,1.01565,0.30,0.10
2008.04.16 20:06:11.062,1.01525,1.01565,0.30,0.10
2008.04.16 20:06:11.290,1.01525,1.01565,0.30,0.10
2008.04.16 20:06:11.518,1.01525,1.01565,0.30,0.10
2008.04.16 20:06:11.747,1.01525,1.01565,0.30,0.10
2008.04.16 20:06:11.941,1.01525,1.01565,0.30,0.10
2008.04.16 20:06:12.135,1.01525,1.01565,0.30,0.10
2008.04.16 20:06:12.327,1.01525,1.01565,0.30,0.10
2008.04.16 20:06:12.521,1.01525,1.01565,0.30,0.10
2008.04.16 20:06:12.715,1.01525,1.01565,0.30,0.10
2008.04.16 20:06:12.955,1.01525,1.01565,0.30,0.10
2008.04.16 20:06:13.194,1.01525,1.01565,0.30,0.10
2008.04.16 20:06:13.432,1.01525,1.01565,0.30,0.10
2008.04.16 20:06:13.671,1.01525,1.01565,0.30,0.10
2008.04.16 20:06:13.865,1.01525,1.01565,0.30,0.10
2008.04.16 20:06:14.058,1.01525,1.01565,0.30,0.10
2008.04.16 20:06:14.251,1.01525,1.01565,0.30,0.10
2008.04.16 20:06:14.452,1.01525,1.01565,0.30,0.10
2008.04.16 20:06:14.646,1.01525,1.01565,0.30,0.10
2008.04.16 20:06:14.875,1.01525,1.01565,0.30,0.10
2008.04.16 20:06:15.104,1.01525,1.01565,0.30,0.10
2008.04.16 20:06:15.333,1.01525,1.01565,0.30,0.10
2008.04.16 20:06:15.593,1.01525,1.01565,0.30,0.10
2008.04.16 20:06:15.791,1.01525,1.01565,0.30,0.10
2008.04.16 20:06:15.998,1.01525,1.01565,0.30,0.10
2008.04.16 20:06:16.208,1.01525,1.01565,0.30,0.10
2008.04.16 20:06:16.416,1.01525,1.01565,0.30,0.10
2008.04.16 20:06:16.625,1.01525,1.01565,0.30,0.10
2008.04.16 20:06:16.834,1.01525,1.01565,0.30,0.10
2008.04.16 20:06:17.052,1.01525,1.01565,0.30,0.10
2008.04.16 20:06:17.271,1.01525,1.01565,0.30,0.10
2008.04.16 20:06:17.490,1.01525,1.01565,0.30,0.10
2008.04.16 20:06:17.715,1.01525,1.01565,0.30,0.10
2008.04.16 20:06:17.946,1.01525,1.01565,0.30,0.10
2008.04.16 20:06:18.174,1.01525,1.01565,0.30,0.10
2008.04.16 20:06:18.405,1.01525,1.01565,0.30,0.10
2008.04.16 20:06:18.634,1.01525,1.01565,0.30,0.10
2008.04.16 20:06:18.863,1.01525,1.01565,0.30,0.10
2008.04.16 20:06:19.098,1.01525,1.01565,0.30,0.10
2008.04.16 20:06:19.302,1.01525,1.01565,0.30,0.10
2008.04.16 20:06:19.506,1.01525,1.01565,0.30,0.10
2008.04.16 20:06:19.710,1.01525,1.01565,0.30,0.10
2008.04.16 20:06:20.004,1.01525,1.01565,0.30,0.10
2008.04.16 20:06:20.237,1.01525,1.01565,0.30,0.10
2008.04.16 20:06:20.501,1.01525,1.01565,0.30,0.10
2008.04.16 20:06:20.765,1.01525,1.01565,0.30,0.10
2008.04.16 20:06:20.959,1.01525,1.01565,0.30,0.10
2008.04.16 20:06:21.152,1.01525,1.01565,0.30,0.10
2008.04.16 20:06:21.346,1.01525,1.01565,0.30,0.10
2008.04.16 20:06:21.540,1.01525,1.01565,0.30,0.10
2008.04.16 20:06:21.733,1.01525,1.01565,0.30,0.10
2008.04.16 20:06:21.927,1.01525,1.01565,0.30,0.10
2008.04.16 20:06:22.200,1.01525,1.01565,0.30,0.10
2008.04.16 20:06:22.474,1.01525,1.01565,0.30,0.10
2008.04.16 20:06:22.748,1.01525,1.01565,0.30,0.10
2008.04.16 20:06:23.021,1.01525,1.01565,0.30,0.10
2008.04.16 20:06:23.230,1.01525,1.01565,0.30,0.10
2008.04.16 20:06:23.439,1.01525,1.01565,0.30,0.10
2008.04.16 20:06:23.647,1.01525,1.01565,0.30,0.10
2008.04.16 20:06:23.877,1.01525,1.01565,0.30,0.10
2008.04.16 20:06:24.091,1.01525,1.01565,0.30,0.10
2008.04.16 20:06:24.304,1.01525,1.01565,0.30,0.10
2008.04.16 20:06:24.517,1.01525,1.01565,0.30,0.10
2008.04.16 20:06:24.731,1.01525,1.01565,0.30,0.10
2008.04.16 20:06:24.944,1.01525,1.01565,0.30,0.10
2008.04.16 20:06:25.152,1.01525,1.01565,0.30,0.10
2008.04.16 20:06:25.361,1.01525,1.01565,0.30,0.10
2008.04.16 20:06:25.569,1.01525,1.01565,0.30,0.10
2008.04.16 20:06:25.777,1.01525,1.01565,0.30,0.10
2008.04.16 20:06:25.987,1.01525,1.01565,0.30,0.10
2008.04.16 20:06:26.211,1.01525,1.01565,0.30,0.10
2008.04.16 20:06:26.433,1.01525,1.01565,0.30,0.10
2008.04.16 20:06:26.658,1.01525,1.01565,0.30,0.10
2008.04.16 20:06:26.882,1.01525,1.01565,0.30,0.10
2008.04.16 20:06:27.136,1.01525,1.01565,0.30,0.10
2008.04.16 20:06:27.328,1.01525,1.01565,0.30,0.10
2008.04.16 20:06:27.552,1.01525,1.01565,0.30,0.10
2008.04.16 20:06:27.776,1.01525,1.01565,0.30,0.10
2008.04.16 20:06:27.999,1.01525,1.01565,0.30,0.10
2008.04.16 20:06:28.225,1.01525,1.01565,0.30,0.10
2008.04.16 20:06:28.444,1.01525,1.01565,0.30,0.10
2008.04.16 20:06:28.663,1.01525,1.01565,0.30,0.10
2008.04.16 20:06:28.883,1.01525,1.01565,0.30,0.10
2008.04.16 20:06:29.101,1.01525,1.01565,0.30,0.10
2008.04.16 20:06:29.320,1.01525,1.01565,0.30,0.10
2008.04.16 20:06:29.534,1.01525,1.01565,0.30,0.10
2008.04.16 20:06:29.748,1.01525,1.01565,0.30,0.10
2008.04.16 20:06:29.961,1.01525,1.01565,0.30,0.10
2008.04.16 20:06:30.170,1.01525,1.01565,0.30,0.10
2008.04.16 20:06:30.379,1.01525,1.01565,0.30,0.10
2008.04.16 20:06:30.619,1.01525,1.01565,0.30,0.10
2008.04.16 20:06:30.798,1.01525,1.01565,0.30,0.10
2008.04.16 20:06:31.008,1.01525,1.01565,0.30,0.40
2008.04.16 20:06:31.289,1.01515,1.01555,0.30,0.10
2008.04.16 20:06:31.568,1.01515,1.01555,0.30,0.10
2008.04.16 20:06:31.846,1.01515,1.01555,0.30,0.10
2008.04.16 20:06:32.125,1.01515,1.01555,0.30,0.10
2008.04.16 20:06:32.364,1.01515,1.01555,0.30,0.10
2008.04.16 20:06:32.603,1.01515,1.01555,0.30,0.10
2008.04.16 20:06:32.842,1.01515,1.01555,0.30,0.10
2008.04.16 20:06:33.107,1.01515,1.01555,0.30,0.10
2008.04.16 20:06:33.290,1.01515,1.01555,0.30,0.10
2008.04.16 20:06:33.474,1.01515,1.01555,0.30,0.10
2008.04.16 20:06:33.657,1.01515,1.01555,0.30,0.10
2008.04.16 20:06:33.841,1.01515,1.01555,0.30,0.10
2008.04.16 20:06:34.025,1.01515,1.01555,0.30,0.10
2008.04.16 20:06:34.207,1.01515,1.01555,0.30,0.10
2008.04.16 20:06:34.481,1.01515,1.01555,0.30,0.10
2008.04.16 20:06:34.742,1.01515,1.01555,0.30,0.10
2008.04.16 20:06:35.003,1.01515,1.01555,0.30,0.10
2008.04.16 20:06:35.293,1.01515,1.01555,0.30,0.10
2008.04.16 20:06:35.477,1.01515,1.01555,0.30,0.10
2008.04.16 20:06:35.662,1.01515,1.01555,0.30,0.10
2008.04.16 20:06:35.880,1.01515,1.01555,0.30,0.10
2008.04.16 20:06:36.063,1.01515,1.01555,0.30,0.10
2008.04.16 20:06:36.248,1.01515,1.01555,0.30,0.10
2008.04.16 20:06:36.511,1.01515,1.01555,0.30,0.10
2008.04.16 20:06:36.775,1.01515,1.01555,0.30,0.10
2008.04.16 20:06:37.052,1.01515,1.01555,0.30,0.10
2008.04.16 20:06:37.316,1.01515,1.01555,0.30,0.10
2008.04.16 20:06:37.496,1.01515,1.01555,0.30,0.10
2008.04.16 20:06:37.677,1.01515,1.01555,0.30,0.10
2008.04.16 20:06:37.856,1.01515,1.01555,0.30,0.10
2008.04.16 20:06:38.064,1.01515,1.01555,0.30,0.10
2008.04.16 20:06:38.247,1.01515,1.01555,0.30,0.10
2008.04.16 20:06:38.428,1.01515,1.01555,0.50,0.10
2008.04.16 20:06:38.727,1.01525,1.01565,0.30,0.10
2008.04.16 20:06:38.990,1.01525,1.01565,0.30,0.10
2008.04.16 20:06:39.256,1.01525,1.01565,0.30,0.10
2008.04.16 20:06:39.520,1.01525,1.01565,0.30,0.10
2008.04.16 20:06:39.734,1.01525,1.01565,0.30,0.10
2008.04.16 20:06:39.949,1.01525,1.01565,0.30,0.10
2008.04.16 20:06:40.163,1.01525,1.01565,0.30,0.10
2008.04.16 20:06:40.376,1.01525,1.01565,0.30,0.10
2008.04.16 20:06:40.660,1.01525,1.01565,0.30,0.10
2008.04.16 20:06:40.943,1.01525,1.01565,0.30,0.10
2008.04.16 20:06:41.226,1.01525,1.01565,0.30,0.10
2008.04.16 20:06:41.509,1.01525,1.01565,0.30,0.10
2008.04.16 20:06:41.693,1.01525,1.01565,0.30,0.10
2008.04.16 20:06:41.877,1.01525,1.01565,0.30,0.10
2008.04.16 20:06:42.060,1.01525,1.01565,0.30,0.10
2008.04.16 20:06:42.243,1.01525,1.01565,0.30,0.10
2008.04.16 20:06:42.427,1.01525,1.01565,0.30,0.10
2008.04.16 20:06:42.686,1.01525,1.01565,0.30,0.10
2008.04.16 20:06:42.944,1.01525,1.01565,0.30,0.10
2008.04.16 20:06:43.201,1.01525,1.01565,0.30,0.10
2008.04.16 20:06:43.462,1.01525,1.01565,0.30,0.10
2008.04.16 20:06:43.687,1.01525,1.01565,0.30,0.10
2008.04.16 20:06:43.911,1.01525,1.01565,0.30,0.10
2008.04.16 20:06:44.134,1.01525,1.01565,0.30,0.10
2008.04.16 20:06:44.357,1.01525,1.01565,0.30,0.10
2008.04.16 20:06:44.581,1.01525,1.01565,0.30,0.10
2008.04.16 20:06:44.816,1.01525,1.01565,0.30,0.10
2008.04.16 20:06:45.051,1.01525,1.01565,0.30,0.10
2008.04.16 20:06:45.284,1.01525,1.01565,0.30,0.10
2008.04.16 20:06:45.517,1.01525,1.01565,0.30,0.10
2008.04.16 20:06:45.755,1.01525,1.01565,0.30,0.10
2008.04.16 20:06:45.995,1.01525,1.01565,0.30,0.10
2008.04.16 20:06:46.233,1.01525,1.01565,0.30,0.10
2008.04.16 20:06:46.471,1.01525,1.01565,0.30,0.10
2008.04.16 20:06:46.695,1.01525,1.01565,0.30,0.10
2008.04.16 20:06:46.920,1.01525,1.01565,0.30,0.10
2008.04.16 20:06:47.143,1.01525,1.01565,0.30,0.10
2008.04.16 20:06:47.366,1.01525,1.01565,0.30,0.10
2008.04.16 20:06:47.590,1.01525,1.01565,0.30,0.10
2008.04.16 20:06:47.818,1.01525,1.01565,0.30,0.10
2008.04.16 20:06:48.046,1.01525,1.01565,0.30,0.10
2008.04.16 20:06:48.274,1.01525,1.01565,0.30,0.10
2008.04.16 20:06:48.504,1.01525,1.01565,0.30,0.10
2008.04.16 20:06:48.723,1.01525,1.01565,0.30,0.10
2008.04.16 20:06:48.941,1.01525,1.01565,0.30,0.10
2008.04.16 20:06:49.160,1.01525,1.01565,0.30,0.10
2008.04.16 20:06:49.379,1.01525,1.01565,0.30,0.10
2008.04.16 20:06:49.598,1.01525,1.01565,0.30,0.10
2008.04.16 20:06:49.812,1.01525,1.01565,0.30,0.10
2008.04.16 20:06:50.036,1.01525,1.01565,0.30,0.10
2008.04.16 20:06:50.248,1.01525,1.01565,0.30,0.10
2008.04.16 20:06:50.462,1.01525,1.01565,0.30,0.10
2008.04.16 20:06:50.675,1.01525,1.01565,0.30,0.10
2008.04.16 20:06:50.940,1.01525,1.01565,0.30,0.10
2008.04.16 20:06:51.141,1.01525,1.01565,0.30,0.10
2008.04.16 20:06:51.374,1.01525,1.01565,0.30,0.10
2008.04.16 20:06:51.607,1.01525,1.01565,0.30,0.10
2008.04.16 20:06:51.831,1.01525,1.01565,0.30,0.10
2008.04.16 20:06:52.084,1.01525,1.01565,0.30,0.10
2008.04.16 20:06:52.308,1.01525,1.01565,0.30,0.10
2008.04.16 20:06:52.531,1.01525,1.01565,0.30,0.10
2008.04.16 20:06:52.749,1.01525,1.01565,0.30,0.10
2008.04.16 20:06:52.967,1.01525,1.01565,0.30,0.10
2008.04.16 20:06:53.186,1.01525,1.01565,0.30,0.10
2008.04.16 20:06:53.431,1.01525,1.01565,0.30,0.10
2008.04.16 20:06:53.650,1.01525,1.01565,0.30,0.10
2008.04.16 20:06:53.862,1.01525,1.01565,0.30,0.10
2008.04.16 20:06:54.076,1.01525,1.01565,0.30,0.10
2008.04.16 20:06:54.290,1.01525,1.01565,0.30,0.10
2008.04.16 20:06:54.511,1.01525,1.01565,0.30,0.10
2008.04.16 20:06:54.725,1.01525,1.01565,0.30,0.10
2008.04.16 20:06:54.949,1.01525,1.01565,0.30,0.10
2008.04.16 20:06:55.174,1.01525,1.01565,0.30,0.10
2008.04.16 20:06:55.396,1.01525,1.01565,0.30,0.10
2008.04.16 20:06:55.620,1.01525,1.01565,0.30,0.10
2008.04.16 20:06:55.858,1.01525,1.01565,0.30,0.10
2008.04.16 20:06:56.097,1.01525,1.01565,0.30,0.10
2008.04.16 20:06:56.336,1.01525,1.01565,0.30,0.10
2008.04.16 20:06:56.575,1.01525,1.01565,0.30,0.10
2008.04.16 20:06:56.814,1.01525,1.01565,0.30,0.10
2008.04.16 20:06:57.058,1.01525,1.01565,0.30,0.10
2008.04.16 20:06:57.302,1.01525,1.01565,0.30,0.10
2008.04.16 20:06:57.547,1.01525,1.01565,0.30,0.10
2008.04.16 20:06:57.790,1.01525,1.01565,0.30,0.10
2008.04.16 20:06:57.999,1.01525,1.01565,0.30,0.10
2008.04.16 20:06:58.215,1.01525,1.01565,0.30,0.10
2008.04.16 20:06:58.424,1.01525,1.01565,0.30,0.10
2008.04.16 20:06:58.633,1.01525,1.01565,0.30,0.10
2008.04.16 20:06:58.841,1.01525,1.01565,0.30,0.10
2008.04.16 20:06:59.064,1.01525,1.01565,0.30,0.10
2008.04.16 20:06:59.288,1.01525,1.01565,0.30,0.10
2008.04.16 20:06:59.512,1.01525,1.01565,0.30,0.10
2008.04.16 20:06:59.735,1.01525,1.01565,0.30,0.10
2008.04.16 20:06:59.959,1.01525,1.01565,0.30,0.10
2008.04.16 20:07:00.164,1.01525,1.01565,0.30,0.10
2008.04.16 20:07:00.367,1.01525,1.01565,0.30,0.10
2008.04.16 20:07:00.571,1.01525,1.01565,0.30,0.10
2008.04.16 20:07:00.804,1.01525,1.01565,0.30,0.10
2008.04.16 20:07:00.978,1.01525,1.01565,0.30,0.10
2008.04.16 20:07:01.197,1.01525,1.01565,0.30,0.10
2008.04.16 20:07:01.441,1.01525,1.01565,0.30,0.10
2008.04.16 20:07:01.660,1.01525,1.01555,0.30,0.10
2008.04.16 20:07:01.880,1.01525,1.01555,0.30,0.10
2008.04.16 20:07:02.128,1.01525,1.01555,0.30,0.10
2008.04.16 20:07:02.390,1.01525,1.01555,0.30,0.10
2008.04.16 20:07:02.639,1.01525,1.01565,0.30,0.10
2008.04.16 20:07:02.889,1.01525,1.01565,0.30,0.10
2008.04.16 20:07:03.160,1.01525,1.01565,0.30,0.10
2008.04.16 20:07:03.397,1.01525,1.01565,0.30,0.10
2008.04.16 20:07:03.636,1.01525,1.01565,0.30,0.10
2008.04.16 20:07:03.876,1.01525,1.01565,0.30,0.10
2008.04.16 20:07:04.114,1.01525,1.01565,0.30,0.10
2008.04.16 20:07:04.315,1.01525,1.01565,0.30,0.10
2008.04.16 20:07:04.512,1.01525,1.01565,0.30,0.10
2008.04.16 20:07:04.711,1.01525,1.01565,0.30,0.10
2008.04.16 20:07:04.910,1.01525,1.01565,0.30,0.10
2008.04.16 20:07:05.144,1.01525,1.01565,0.30,0.10
2008.04.16 20:07:05.378,1.01525,1.01565,0.30,0.10
2008.04.16 20:07:05.612,1.01525,1.01565,0.30,0.10
2008.04.16 20:07:05.846,1.01525,1.01565,0.30,0.10
2008.04.16 20:07:06.080,1.01525,1.01565,0.30,0.10
2008.04.16 20:07:06.274,1.01525,1.01565,0.30,0.10
2008.04.16 20:07:06.497,1.01525,1.01565,0.30,0.10
2008.04.16 20:07:06.661,1.01525,1.01565,0.30,0.10
2008.04.16 20:07:06.855,1.01525,1.01565,0.30,0.10
2008.04.16 20:07:07.048,1.01525,1.01565,0.30,0.10
2008.04.16 20:07:07.277,1.01525,1.01565,0.30,0.10
2008.04.16 20:07:07.506,1.01525,1.01565,0.30,0.10
2008.04.16 20:07:07.735,1.01525,1.01565,0.30,0.10
2008.04.16 20:07:07.992,1.01525,1.01565,0.30,0.10
2008.04.16 20:07:08.195,1.01525,1.01565,0.30,0.10
2008.04.16 20:07:08.398,1.01525,1.01565,0.30,0.10
2008.04.16 20:07:08.602,1.01525,1.01565,0.30,0.10
2008.04.16 20:07:08.806,1.01525,1.01565,0.30,0.10
2008.04.16 20:07:09.010,1.01525,1.01565,0.30,0.10
2008.04.16 20:07:09.218,1.01525,1.01565,0.30,0.10
2008.04.16 20:07:09.455,1.01525,1.01565,0.30,0.10
2008.04.16 20:07:09.664,1.01525,1.01565,0.30,0.10
2008.04.16 20:07:09.872,1.01525,1.01565,0.30,0.10
2008.04.16 20:07:10.081,1.01525,1.01565,0.30,0.10
2008.04.16 20:07:10.305,1.01525,1.01565,0.30,0.10
2008.04.16 20:07:10.529,1.01525,1.01565,0.30,0.10
2008.04.16 20:07:10.752,1.01525,1.01565,0.30,0.10
2008.04.16 20:07:10.976,1.01525,1.01565,0.30,0.10
2008.04.16 20:07:11.201,1.01525,1.01565,0.30,0.10
2008.04.16 20:07:11.410,1.01525,1.01565,0.30,0.10
2008.04.16 20:07:11.619,1.01525,1.01565,0.30,0.10
2008.04.16 20:07:11.827,1.01525,1.01565,0.30,0.10
2008.04.16 20:07:12.071,1.01525,1.01565,0.30,0.10
2008.04.16 20:07:12.274,1.01525,1.01565,0.30,0.10
2008.04.16 20:07:12.478,1.01525,1.01565,0.30,0.10
2008.04.16 20:07:12.682,1.01525,1.01565,0.30,0.10
2008.04.16 20:07:12.886,1.01525,1.01565,0.30,0.10
2008.04.16 20:07:13.122,1.01525,1.01565,0.30,0.10
2008.04.16 20:07:13.351,1.01525,1.01565,0.30,0.10
2008.04.16 20:07:13.582,1.01525,1.01565,0.30,0.10
2008.04.16 20:07:13.815,1.01525,1.01565,0.30,0.10
2008.04.16 20:07:14.044,1.01525,1.01565,0.30,0.10
2008.04.16 20:07:14.274,1.01525,1.01565,0.30,0.10
2008.04.16 20:07:14.485,1.01525,1.01565,0.30,0.10
2008.04.16 20:07:14.694,1.01525,1.01565,0.30,0.10
2008.04.16 20:07:14.936,1.01525,1.01565,0.30,0.10
2008.04.16 20:07:15.112,1.01525,1.01565,0.30,0.10
2008.04.16 20:07:15.333,1.01525,1.01565,0.30,0.10
2008.04.16 20:07:15.552,1.01525,1.01565,0.30,0.10
2008.04.16 20:07:15.771,1.01525,1.01565,0.30,0.10
2008.04.16 20:07:16.000,1.01525,1.01565,0.30,0.10
2008.04.16 20:07:16.219,1.01525,1.01565,0.30,0.10
2008.04.16 20:07:16.462,1.01525,1.01565,0.30,0.10
2008.04.16 20:07:16.706,1.01525,1.01565,0.30,0.10
2008.04.16 20:07:16.949,1.01525,1.01565,0.30,0.10
2008.04.16 20:07:17.193,1.01525,1.01565,0.30,0.10
2008.04.16 20:07:17.407,1.01525,1.01565,0.30,0.10
2008.04.16 20:07:17.620,1.01525,1.01565,0.30,0.10
2008.04.16 20:07:17.833,1.01525,1.01565,0.30,0.10
2008.04.16 20:07:18.047,1.01525,1.01565,0.30,0.10
2008.04.16 20:07:18.261,1.01525,1.01565,0.30,0.10
2008.04.16 20:07:18.475,1.01525,1.01565,0.30,0.10
2008.04.16 20:07:18.689,1.01525,1.01565,0.30,0.10
2008.04.16 20:07:18.904,1.01525,1.01565,0.30,0.10
2008.04.16 20:07:19.131,1.01525,1.01565,0.30,0.10
2008.04.16 20:07:19.334,1.01525,1.01565,0.30,0.10
2008.04.16 20:07:19.539,1.01525,1.01565,0.30,0.10
2008.04.16 20:07:19.742,1.01525,1.01565,0.30,0.10
2008.04.16 20:07:19.946,1.01525,1.01565,0.30,0.10
2008.04.16 20:07:20.150,1.01525,1.01565,0.30,0.10
2008.04.16 20:07:20.393,1.01525,1.01565,0.30,0.10
2008.04.16 20:07:20.638,1.01525,1.01565,0.30,0.10
2008.04.16 20:07:20.881,1.01525,1.01565,0.30,0.10
2008.04.16 20:07:21.125,1.01525,1.01565,0.30,0.10
2008.04.16 20:07:21.368,1.01525,1.01565,0.30,0.10
2008.04.16 20:07:21.566,1.01525,1.01565,0.30,0.10
2008.04.16 20:07:21.765,1.01525,1.01565,0.30,0.10
2008.04.16 20:07:21.965,1.01525,1.01565,0.30,0.10
2008.04.16 20:07:22.163,1.01525,1.01565,0.30,0.10
2008.04.16 20:07:22.361,1.01525,1.01565,0.30,0.10
2008.04.16 20:07:22.599,1.01525,1.01565,0.30,0.10
2008.04.16 20:07:22.837,1.01525,1.01565,0.30,0.10
2008.04.16 20:07:23.075,1.01525,1.01565,0.30,0.10
2008.04.16 20:07:23.313,1.01525,1.01565,0.30,0.10
2008.04.16 20:07:23.537,1.01525,1.01565,0.30,0.10
2008.04.16 20:07:23.761,1.01525,1.01565,0.30,0.10
2008.04.16 20:07:23.985,1.01525,1.01565,0.30,0.10
2008.04.16 20:07:24.209,1.01525,1.01565,0.30,0.10
2008.04.16 20:07:24.434,1.01525,1.01565,0.30,0.10
2008.04.16 20:07:24.653,1.01525,1.01565,0.30,0.10
2008.04.16 20:07:24.871,1.01525,1.01565,0.30,0.10
2008.04.16 20:07:25.090,1.01525,1.01565,0.30,0.10
2008.04.16 20:07:25.309,1.01525,1.01565,0.30,0.10
2008.04.16 20:07:25.518,1.01525,1.01565,0.30,0.10
2008.04.16 20:07:25.727,1.01525,1.01565,0.30,0.10
2008.04.16 20:07:25.937,1.01525,1.01565,0.30,0.10
2008.04.16 20:07:26.178,1.01525,1.01565,0.30,0.10
2008.04.16 20:07:26.354,1.01525,1.01565,0.30,0.10
2008.04.16 20:07:26.583,1.01525,1.01565,0.30,0.10
2008.04.16 20:07:26.812,1.01525,1.01565,0.30,0.10
2008.04.16 20:07:27.040,1.01525,1.01565,0.30,0.10
2008.04.16 20:07:27.269,1.01525,1.01565,0.30,0.10
2008.04.16 20:07:27.499,1.01525,1.01565,0.30,0.10
2008.04.16 20:07:27.715,1.0153,1.01565,0.40,0.10
2008.04.16 20:07:27.966,1.01545,1.01575,0.30,0.80
2008.04.16 20:07:28.180,1.01545,1.01575,0.30,0.80
2008.04.16 20:07:28.394,1.01545,1.01575,0.30,0.80
2008.04.16 20:07:28.619,1.01545,1.01575,0.30,0.80
2008.04.16 20:07:28.843,1.01545,1.01575,0.30,0.80
2008.04.16 20:07:29.066,1.01545,1.01575,0.30,0.80
2008.04.16 20:07:29.291,1.0153,1.01575,1.60,0.80
2008.04.16 20:07:29.515,1.01525,1.01575,0.50,0.80
2008.04.16 20:07:29.759,1.01525,1.01575,0.50,0.80
2008.04.16 20:07:30.003,1.01525,1.01575,0.50,0.80
2008.04.16 20:07:30.247,1.01525,1.01575,0.70,0.80
2008.04.16 20:07:30.491,1.01525,1.01585,0.70,0.80
2008.04.16 20:07:30.720,1.01525,1.01585,0.70,0.80
2008.04.16 20:07:30.948,1.01525,1.01585,0.70,0.80
2008.04.16 20:07:31.178,1.01525,1.01585,0.70,0.80
2008.04.16 20:07:31.406,1.01525,1.01585,0.70,0.80
2008.04.16 20:07:31.634,1.01525,1.01585,0.70,0.80
2008.04.16 20:07:31.859,1.01525,1.01585,0.70,0.80
2008.04.16 20:07:32.102,1.01525,1.01585,0.70,0.80
2008.04.16 20:07:32.305,1.01525,1.01585,0.70,0.80
2008.04.16 20:07:32.509,1.01525,1.01585,0.70,0.80
2008.04.16 20:07:32.727,1.01525,1.01585,0.70,0.80
2008.04.16 20:07:32.945,1.01525,1.01585,0.70,0.80
2008.04.16 20:07:33.163,1.01525,1.01585,0.70,0.80
2008.04.16 20:07:33.383,1.01525,1.01585,0.70,0.80
2008.04.16 20:07:33.602,1.01525,1.01585,0.70,0.80
2008.04.16 20:07:33.810,1.01525,1.01585,0.70,0.80
2008.04.16 20:07:34.018,1.01525,1.01585,0.70,0.80
2008.04.16 20:07:34.262,1.01525,1.01585,0.70,0.80
2008.04.16 20:07:34.435,1.01525,1.01585,0.70,0.80
2008.04.16 20:07:34.643,1.01525,1.01585,0.70,0.80
2008.04.16 20:07:34.897,1.01525,1.01585,0.70,0.80
2008.04.16 20:07:35.120,1.01525,1.01585,0.70,0.80
2008.04.16 20:07:35.342,1.01525,1.01585,0.70,0.80
2008.04.16 20:07:35.566,1.01525,1.01585,0.70,0.80
2008.04.16 20:07:35.814,1.01525,1.01585,0.70,0.80
2008.04.16 20:07:36.063,1.01525,1.01585,0.70,0.80
2008.04.16 20:07:36.313,1.01525,1.01585,0.70,0.80
2008.04.16 20:07:36.562,1.0153,1.01585,0.20,0.80
2008.04.16 20:07:36.810,1.0153,1.01585,0.20,0.80
2008.04.16 20:07:37.040,1.0153,1.01585,0.20,0.80
2008.04.16 20:07:37.267,1.0153,1.01585,0.20,0.80
2008.04.16 20:07:37.498,1.0153,1.01585,0.20,0.80
2008.04.16 20:07:37.755,1.0153,1.01585,0.20,0.80
2008.04.16 20:07:37.994,1.0153,1.01585,0.20,0.80
2008.04.16 20:07:38.232,1.0153,1.01585,0.20,0.80
2008.04.16 20:07:38.472,1.0153,1.01585,0.20,0.80
2008.04.16 20:07:38.710,1.0153,1.01585,0.20,0.80
2008.04.16 20:07:38.924,1.0153,1.01585,0.20,0.80
2008.04.16 20:07:39.139,1.0153,1.01585,0.60,0.80
2008.04.16 20:07:39.354,1.0153,1.0159,0.60,0.40
2008.04.16 20:07:39.567,1.0153,1.01595,0.60,0.60
2008.04.16 20:07:39.781,1.0153,1.01595,0.60,0.60
2008.04.16 20:07:40.004,1.0153,1.01595,0.60,0.60
2008.04.16 20:07:40.227,1.0153,1.01595,0.60,0.60
2008.04.16 20:07:40.451,1.0153,1.01595,0.60,0.60
2008.04.16 20:07:40.675,1.0153,1.01595,0.60,0.60
2008.04.16 20:07:40.917,1.0153,1.01595,0.60,0.60
2008.04.16 20:07:41.125,1.0153,1.01595,0.60,0.60
2008.04.16 20:07:41.333,1.0153,1.01595,0.60,0.60
2008.04.16 20:07:41.542,1.0153,1.01595,0.60,0.60
2008.04.16 20:07:41.750,1.0153,1.01595,0.60,0.60
2008.04.16 20:07:42.008,1.0153,1.01595,0.60,0.60
2008.04.16 20:07:42.265,1.0153,1.01595,0.60,0.60
2008.04.16 20:07:42.524,1.0153,1.01595,0.60,0.60
2008.04.16 20:07:42.782,1.0153,1.01595,0.60,0.60
2008.04.16 20:07:42.960,1.0153,1.01595,0.60,0.60
2008.04.16 20:07:43.139,1.0153,1.01595,0.60,0.60
2008.04.16 20:07:43.347,1.0153,1.01595,0.60,0.60
2008.04.16 20:07:43.495,1.0153,1.01595,0.60,0.60
2008.04.16 20:07:43.674,1.0153,1.01595,0.60,0.60
2008.04.16 20:07:43.853,1.0153,1.01595,0.60,0.60
2008.04.16 20:07:44.121,1.0153,1.01595,0.60,0.60
2008.04.16 20:07:44.415,1.0153,1.01595,0.60,0.60
2008.04.16 20:07:44.684,1.0153,1.01595,0.60,0.60
2008.04.16 20:07:44.954,1.0153,1.01595,0.60,0.60
2008.04.16 20:07:45.142,1.0153,1.01595,0.60,0.60
2008.04.16 20:07:45.331,1.0153,1.01595,0.60,0.60
2008.04.16 20:07:45.520,1.0153,1.01595,0.60,0.60
2008.04.16 20:07:45.708,1.0153,1.01595,0.60,0.60
2008.04.16 20:07:45.897,1.0153,1.01595,0.60,0.60
2008.04.16 20:07:46.117,1.0153,1.01595,0.60,0.60
2008.04.16 20:07:46.337,1.0153,1.01585,0.20,0.10
2008.04.16 20:07:46.555,1.0153,1.01585,0.20,0.10
2008.04.16 20:07:46.775,1.0153,1.01585,0.20,0.10
2008.04.16 20:07:46.993,1.0153,1.01585,0.20,0.10
2008.04.16 20:07:47.212,1.0153,1.01585,0.20,0.10
2008.04.16 20:07:47.430,1.0153,1.01585,0.20,0.10
2008.04.16 20:07:47.677,1.0153,1.01585,0.60,0.10
2008.04.16 20:07:47.897,1.0153,1.01595,0.60,0.60
2008.04.16 20:07:48.121,1.0153,1.01595,0.60,0.60
2008.04.16 20:07:48.376,1.0153,1.01595,0.60,0.60
2008.04.16 20:07:48.569,1.0153,1.01595,0.60,0.60
2008.04.16 20:07:48.793,1.0153,1.01595,0.60,0.60
2008.04.16 20:07:48.993,1.0153,1.01595,0.60,0.60
2008.04.16 20:07:49.192,1.0153,1.01595,0.60,0.60
2008.04.16 20:07:49.390,1.0153,1.01595,0.60,0.60
2008.04.16 20:07:49.588,1.0153,1.01595,0.60,0.60
2008.04.16 20:07:49.788,1.0153,1.01595,0.60,0.60
2008.04.16 20:07:50.022,1.0153,1.01595,0.60,0.60
2008.04.16 20:07:50.257,1.0154,1.016,0.40,1.10
2008.04.16 20:07:50.492,1.01545,1.016,0.40,0.80
2008.04.16 20:07:50.729,1.01545,1.016,0.50,0.80
2008.04.16 20:07:50.962,1.01545,1.016,0.30,0.80
2008.04.16 20:07:51.208,1.0155,1.01595,0.40,0.10
2008.04.16 20:07:51.485,1.01555,1.016,0.30,0.80
2008.04.16 20:07:51.729,1.01555,1.016,0.30,0.80
2008.04.16 20:07:51.973,1.01555,1.016,0.30,0.80
2008.04.16 20:07:52.201,1.01555,1.016,0.30,0.80
2008.04.16 20:07:52.461,1.01555,1.016,0.30,0.80
2008.04.16 20:07:52.691,1.01555,1.016,0.30,0.80
2008.04.16 20:07:52.923,1.01555,1.016,0.30,0.80
2008.04.16 20:07:53.163,1.01555,1.016,0.30,0.80
2008.04.16 20:07:53.433,1.01555,1.016,0.30,0.80
2008.04.16 20:07:53.640,1.01555,1.016,0.30,0.80
2008.04.16 20:07:53.879,1.01555,1.016,0.30,0.80
2008.04.16 20:07:54.077,1.01555,1.016,0.30,0.80
2008.04.16 20:07:54.277,1.01555,1.016,0.30,0.80
2008.04.16 20:07:54.476,1.01555,1.016,0.30,0.80
2008.04.16 20:07:54.674,1.01555,1.016,0.30,0.80
2008.04.16 20:07:54.873,1.01555,1.016,0.30,0.80
2008.04.16 20:07:55.168,1.01555,1.016,0.30,0.80
2008.04.16 20:07:55.463,1.01555,1.016,0.30,0.80
2008.04.16 20:07:55.757,1.01555,1.016,0.30,0.80
2008.04.16 20:07:56.051,1.01555,1.016,0.30,0.80
2008.04.16 20:07:56.235,1.01555,1.016,0.30,0.80
2008.04.16 20:07:56.421,1.01555,1.016,0.30,0.80
2008.04.16 20:07:56.606,1.01555,1.016,0.30,0.80
2008.04.16 20:07:56.789,1.01555,1.016,0.30,0.80
2008.04.16 20:07:56.973,1.01555,1.016,0.30,0.80
2008.04.16 20:07:57.208,1.01555,1.016,0.30,0.80
2008.04.16 20:07:57.440,1.01555,1.016,0.30,0.80
2008.04.16 20:07:57.673,1.01555,1.016,0.30,0.80
2008.04.16 20:07:57.906,1.01555,1.016,0.30,0.80
2008.04.16 20:07:58.124,1.01555,1.016,0.30,0.80
2008.04.16 20:07:58.342,1.01555,1.016,0.30,0.80
2008.04.16 20:07:58.561,1.01555,1.016,0.30,0.80
2008.04.16 20:07:58.779,1.01555,1.016,0.30,0.80
2008.04.16 20:07:58.997,1.01555,1.016,0.30,0.80
2008.04.16 20:07:59.247,1.01555,1.016,0.30,0.80
2008.04.16 20:07:59.496,1.01555,1.016,0.30,0.80
2008.04.16 20:07:59.744,1.01555,1.016,0.30,0.80
2008.04.16 20:07:59.993,1.01555,1.016,0.30,0.80
2008.04.16 20:08:00.182,1.01555,1.016,0.30,0.80
2008.04.16 20:08:00.370,1.01555,1.016,0.30,0.80
2008.04.16 20:08:00.602,1.01555,1.016,0.30,0.80
2008.04.16 20:08:00.839,1.01555,1.016,0.30,0.80
2008.04.16 20:08:00.981,1.01555,1.016,0.30,0.80
2008.04.16 20:08:01.260,1.01555,1.016,0.30,0.80
2008.04.16 20:08:01.574,1.01555,1.016,0.30,0.80
2008.04.16 20:08:01.854,1.01555,1.01605,0.30,0.10
2008.04.16 20:08:02.132,1.01555,1.01605,0.30,0.10
2008.04.16 20:08:02.331,1.01555,1.01605,0.30,0.10
2008.04.16 20:08:02.529,1.01555,1.01605,0.30,0.10
2008.04.16 20:08:02.728,1.01555,1.01605,0.30,0.10
2008.04.16 20:08:02.928,1.01555,1.01605,0.30,0.10
2008.04.16 20:08:03.129,1.01555,1.01605,0.30,0.10
2008.04.16 20:08:03.362,1.01555,1.01605,0.30,0.10
2008.04.16 20:08:03.595,1.01555,1.01605,0.30,0.10
2008.04.16 20:08:03.828,1.01555,1.01605,0.30,0.10
2008.04.16 20:08:04.061,1.01555,1.01605,0.30,0.10
2008.04.16 20:08:04.274,1.01555,1.01605,0.30,0.10
2008.04.16 20:08:04.513,1.01555,1.01605,0.30,0.10
2008.04.16 20:08:04.727,1.01555,1.01605,0.30,0.10
2008.04.16 20:08:04.940,1.01555,1.01605,0.30,0.10
2008.04.16 20:08:05.154,1.01555,1.01605,0.30,0.10
2008.04.16 20:08:05.367,1.01555,1.01605,0.30,0.10
2008.04.16 20:08:05.585,1.01555,1.01605,0.30,0.10
2008.04.16 20:08:05.799,1.01555,1.01605,0.30,0.10
2008.04.16 20:08:06.012,1.01555,1.01605,0.30,0.10
2008.04.16 20:08:06.227,1.01555,1.01605,0.30,0.10
2008.04.16 20:08:06.451,1.01555,1.01605,0.30,0.10
2008.04.16 20:08:06.675,1.01555,1.01605,0.30,0.10
2008.04.16 20:08:06.898,1.01555,1.01605,0.30,0.10
2008.04.16 20:08:07.122,1.01555,1.01605,0.30,0.10
2008.04.16 20:08:07.330,1.01555,1.01605,0.30,0.10
2008.04.16 20:08:07.540,1.01555,1.01605,0.30,0.10
2008.04.16 20:08:07.748,1.01555,1.01605,0.30,0.10
2008.04.16 20:08:07.956,1.01555,1.01605,0.30,0.10
2008.04.16 20:08:08.164,1.01555,1.01605,0.30,0.10
2008.04.16 20:08:08.398,1.01555,1.01605,0.30,0.10
2008.04.16 20:08:08.631,1.01555,1.01605,0.30,0.10
2008.04.16 20:08:08.866,1.01555,1.01605,0.30,0.10
2008.04.16 20:08:09.100,1.01555,1.01605,0.30,0.10
2008.04.16 20:08:09.334,1.01555,1.01605,0.30,0.10
2008.04.16 20:08:09.547,1.01555,1.01605,0.30,0.10
2008.04.16 20:08:09.761,1.01555,1.01605,0.30,0.10
2008.04.16 20:08:09.973,1.01555,1.01605,0.30,0.10
2008.04.16 20:08:10.187,1.01555,1.01605,0.30,0.10
2008.04.16 20:08:10.400,1.01555,1.01605,0.30,0.10
2008.04.16 20:08:10.628,1.01555,1.01605,0.50,0.10
2008.04.16 20:08:10.858,1.01565,1.01615,0.40,0.10
2008.04.16 20:08:11.088,1.01565,1.0162,0.50,0.80
2008.04.16 20:08:11.318,1.01585,1.01625,0.30,0.10
2008.04.16 20:08:11.543,1.01585,1.01625,0.30,0.10
2008.04.16 20:08:11.766,1.01585,1.01625,0.30,0.10
2008.04.16 20:08:11.990,1.01585,1.01625,0.30,0.10
2008.04.16 20:08:12.213,1.01585,1.01625,0.30,0.10
2008.04.16 20:08:12.437,1.01585,1.01625,0.30,0.10
2008.04.16 20:08:12.703,1.01585,1.01625,0.30,0.10
2008.04.16 20:08:12.951,1.01585,1.01625,0.30,0.10
2008.04.16 20:08:13.200,1.01585,1.01625,0.30,0.10
2008.04.16 20:08:13.451,1.01585,1.01625,0.30,0.10
2008.04.16 20:08:13.675,1.01585,1.0163,0.30,0.80
2008.04.16 20:08:13.892,1.01585,1.0163,0.30,0.80
2008.04.16 20:08:14.113,1.01585,1.0163,0.30,0.80
2008.04.16 20:08:14.330,1.01585,1.0163,0.30,0.80
2008.04.16 20:08:14.568,1.01585,1.0163,0.30,0.80
2008.04.16 20:08:14.808,1.01585,1.0163,0.30,0.80
2008.04.16 20:08:15.047,1.01585,1.01625,0.30,0.10
2008.04.16 20:08:15.300,1.01595,1.01625,0.30,0.10
2008.04.16 20:08:15.542,1.01595,1.01625,0.30,0.10
2008.04.16 20:08:15.758,1.01595,1.01625,0.30,0.10
2008.04.16 20:08:15.972,1.01595,1.01625,0.30,0.10
2008.04.16 20:08:16.217,1.01595,1.01625,0.30,0.10
2008.04.16 20:08:16.434,1.01595,1.01625,0.30,0.10
2008.04.16 20:08:16.682,1.01595,1.01625,0.30,0.10
2008.04.16 20:08:16.932,1.01595,1.01625,0.30,0.10
2008.04.16 20:08:17.181,1.01595,1.01625,0.30,0.10
2008.04.16 20:08:17.462,1.01595,1.01625,0.30,0.10
2008.04.16 20:08:17.658,1.01595,1.01625,0.30,0.10
2008.04.16 20:08:17.886,1.01595,1.01625,0.30,0.10
2008.04.16 20:08:18.115,1.01595,1.01625,0.30,0.10
2008.04.16 20:08:18.344,1.01595,1.01625,0.30,0.10
2008.04.16 20:08:18.574,1.01595,1.01625,0.30,0.10
2008.04.16 20:08:18.787,1.01595,1.01625,0.30,0.10
2008.04.16 20:08:19.003,1.01585,1.01625,0.30,0.10
2008.04.16 20:08:19.238,1.01585,1.01625,0.30,0.10
2008.04.16 20:08:19.452,1.01585,1.01625,0.30,0.10
2008.04.16 20:08:19.711,1.01585,1.01625,0.30,0.10
2008.04.16 20:08:19.968,1.01585,1.01625,0.30,0.10
2008.04.16 20:08:20.227,1.01585,1.01625,0.30,0.10
2008.04.16 20:08:20.486,1.01585,1.01625,0.30,0.10
2008.04.16 20:08:20.691,1.0157,1.01615,1.30,0.10
2008.04.16 20:08:20.895,1.01565,1.01615,0.50,0.10
2008.04.16 20:08:21.099,1.01565,1.01615,0.50,0.10
2008.04.16 20:08:21.302,1.01565,1.01625,0.70,0.10
2008.04.16 20:08:21.506,1.01565,1.01625,0.70,0.10
2008.04.16 20:08:21.836,1.01595,1.01625,0.30,0.10
2008.04.16 20:08:22.165,1.01595,1.01625,0.30,0.10
2008.04.16 20:08:22.493,1.01595,1.01625,0.30,0.10
2008.04.16 20:08:22.823,1.01585,1.01625,0.30,0.10
2008.04.16 20:08:23.026,1.01585,1.01625,0.30,0.10
2008.04.16 20:08:23.231,1.01585,1.01625,0.30,0.10
2008.04.16 20:08:23.436,1.01595,1.01625,0.30,0.10
2008.04.16 20:08:23.640,1.01595,1.01625,0.30,0.10
2008.04.16 20:08:23.939,1.01595,1.01625,0.30,0.10
2008.04.16 20:08:24.238,1.01595,1.01625,0.30,0.10
2008.04.16 20:08:24.537,1.01595,1.01625,0.30,0.10
2008.04.16 20:08:24.765,1.01595,1.01625,0.30,0.10
2008.04.16 20:08:24.969,1.01595,1.01625,0.30,0.10
2008.04.16 20:08:25.172,1.01595,1.01625,0.30,0.10
2008.04.16 20:08:25.376,1.01595,1.01625,0.30,0.10
2008.04.16 20:08:25.580,1.01595,1.01625,0.30,0.10
2008.04.16 20:08:25.809,1.01595,1.01625,0.30,0.10
2008.04.16 20:08:26.038,1.01595,1.01625,0.30,0.10
2008.04.16 20:08:26.267,1.01595,1.01625,0.30,0.10
2008.04.16 20:08:26.495,1.01595,1.01625,0.30,0.10
2008.04.16 20:08:26.724,1.01595,1.01625,0.30,0.10
2008.04.16 20:08:26.942,1.01595,1.01625,0.30,0.10
2008.04.16 20:08:27.160,1.01595,1.01625,0.30,0.10
2008.04.16 20:08:27.409,1.01595,1.01625,0.30,0.10
2008.04.16 20:08:27.628,1.01595,1.01625,0.30,0.10
2008.04.16 20:08:27.877,1.01595,1.01625,0.30,0.10
2008.04.16 20:08:28.125,1.01595,1.01625,0.30,0.10
2008.04.16 20:08:28.373,1.01595,1.01625,0.30,0.10
2008.04.16 20:08:28.622,1.01595,1.01625,0.30,0.10
2008.04.16 20:08:28.870,1.01595,1.01625,0.30,0.10
2008.04.16 20:08:29.063,1.01595,1.01625,0.30,0.10
2008.04.16 20:08:29.257,1.01595,1.01625,0.30,0.10
2008.04.16 20:08:29.450,1.01595,1.01625,0.30,0.10
2008.04.16 20:08:29.643,1.01595,1.01625,0.30,0.10
2008.04.16 20:08:29.837,1.01595,1.01625,0.30,0.10
2008.04.16 20:08:30.085,1.01595,1.01625,0.30,0.10
2008.04.16 20:08:30.333,1.01595,1.01625,0.30,0.10
2008.04.16 20:08:30.581,1.01595,1.01625,0.30,0.10
2008.04.16 20:08:30.829,1.01595,1.01625,0.30,0.10
2008.04.16 20:08:31.017,1.01595,1.01625,0.30,0.10
2008.04.16 20:08:31.206,1.01595,1.01625,0.30,0.10
2008.04.16 20:08:31.395,1.01595,1.01625,0.30,0.10
2008.04.16 20:08:31.583,1.01595,1.01625,0.30,0.10
2008.04.16 20:08:31.773,1.01595,1.01625,0.30,0.10
2008.04.16 20:08:32.087,1.01595,1.01625,0.30,0.10
2008.04.16 20:08:32.363,1.01595,1.01625,0.30,0.10
2008.04.16 20:08:32.658,1.01595,1.01625,0.30,0.10
2008.04.16 20:08:32.952,1.01595,1.01625,0.30,0.10
2008.04.16 20:08:33.175,1.01595,1.01625,0.30,0.10
2008.04.16 20:08:33.398,1.01595,1.01625,0.30,0.10
2008.04.16 20:08:33.624,1.01595,1.01625,0.30,0.10
2008.04.16 20:08:33.879,1.01595,1.01625,0.30,0.10
2008.04.16 20:08:34.128,1.01595,1.01625,0.30,0.10
2008.04.16 20:08:34.378,1.01575,1.01625,0.50,0.10
2008.04.16 20:08:34.626,1.01575,1.01625,0.30,0.10
2008.04.16 20:08:34.876,1.01575,1.01625,0.30,0.10
2008.04.16 20:08:35.085,1.01575,1.01625,0.30,0.10
2008.04.16 20:08:35.293,1.01575,1.01625,0.30,0.10
2008.04.16 20:08:35.501,1.01575,1.01625,0.30,0.10
2008.04.16 20:08:35.717,1.01575,1.01625,0.30,0.10
2008.04.16 20:08:35.925,1.01575,1.01625,0.30,0.10
2008.04.16 20:08:36.149,1.01575,1.01625,0.30,0.10
2008.04.16 20:08:36.374,1.01575,1.01625,0.30,0.10
2008.04.16 20:08:36.598,1.01575,1.01625,0.30,0.10
2008.04.16 20:08:36.822,1.01575,1.01625,0.30,0.10
2008.04.16 20:08:37.046,1.01575,1.01625,0.30,0.10
2008.04.16 20:08:37.311,1.01575,1.01615,0.30,0.10
2008.04.16 20:08:37.581,1.01575,1.01615,0.30,0.10
2008.04.16 20:08:37.876,1.01575,1.01615,0.30,0.10
2008.04.16 20:08:38.094,1.01575,1.01615,0.30,0.10
2008.04.16 20:08:38.312,1.01575,1.01615,0.30,0.10
2008.04.16 20:08:38.531,1.01575,1.01615,0.30,0.10
2008.04.16 20:08:38.750,1.01575,1.01615,0.30,0.10
2008.04.16 20:08:38.969,1.01575,1.01615,0.30,0.10
2008.04.16 20:08:39.218,1.01585,1.01615,0.30,0.10
2008.04.16 20:08:39.469,1.01585,1.01615,0.30,0.10
2008.04.16 20:08:39.718,1.01585,1.01615,0.30,0.10
2008.04.16 20:08:39.988,1.01585,1.01615,0.30,0.10
2008.04.16 20:08:40.256,1.01585,1.01615,0.30,0.10
2008.04.16 20:08:40.496,1.01585,1.01615,0.30,0.10
2008.04.16 20:08:40.736,1.01585,1.01615,0.30,0.10
2008.04.16 20:08:40.975,1.01585,1.01615,0.30,0.10
2008.04.16 20:08:41.228,1.01585,1.01615,0.30,0.10
2008.04.16 20:08:41.482,1.01585,1.01615,0.30,0.10
2008.04.16 20:08:41.736,1.01585,1.01615,0.30,0.10
2008.04.16 20:08:41.991,1.01585,1.01625,0.30,0.10
2008.04.16 20:08:42.245,1.01585,1.01625,0.30,0.10
2008.04.16 20:08:42.509,1.01585,1.01625,0.30,0.10
2008.04.16 20:08:42.773,1.01595,1.01625,0.30,0.10
2008.04.16 20:08:43.037,1.01595,1.01625,0.30,0.10
2008.04.16 20:08:43.270,1.01595,1.01625,0.30,0.10
2008.04.16 20:08:43.504,1.01595,1.01625,0.30,0.10
2008.04.16 20:08:43.738,1.01595,1.01625,0.30,0.10
2008.04.16 20:08:43.971,1.01595,1.01625,0.30,0.10
2008.04.16 20:08:44.234,1.01595,1.01625,0.30,0.10
2008.04.16 20:08:44.478,1.01595,1.01625,0.30,0.10
2008.04.16 20:08:44.722,1.01595,1.01625,0.30,0.10
2008.04.16 20:08:44.997,1.01595,1.01625,0.30,0.10
2008.04.16 20:08:45.241,1.01595,1.01625,0.30,0.10
2008.04.16 20:08:45.455,1.01595,1.01625,0.30,0.10
2008.04.16 20:08:45.668,1.01595,1.01625,0.30,0.10
2008.04.16 20:08:45.881,1.01595,1.01625,0.30,0.10
2008.04.16 20:08:46.102,1.01595,1.01625,0.30,0.10
2008.04.16 20:08:46.326,1.01595,1.01625,0.30,0.10
2008.04.16 20:08:46.550,1.01595,1.01625,0.30,0.10
2008.04.16 20:08:46.773,1.01595,1.01625,0.30,0.10
2008.04.16 20:08:46.996,1.01595,1.01625,0.30,0.10
2008.04.16 20:08:47.220,1.01595,1.01625,0.30,0.10
2008.04.16 20:08:47.443,1.01595,1.01625,0.30,0.10
2008.04.16 20:08:47.667,1.01595,1.01625,0.30,0.10
2008.04.16 20:08:47.896,1.01595,1.01625,0.30,0.10
2008.04.16 20:08:48.119,1.01595,1.01625,0.30,0.10
2008.04.16 20:08:48.343,1.01595,1.01625,0.30,0.10
2008.04.16 20:08:48.582,1.01595,1.01625,0.30,0.10
2008.04.16 20:08:48.821,1.01595,1.01625,0.30,0.10
2008.04.16 20:08:49.060,1.0158,1.01625,0.60,0.10
2008.04.16 20:08:49.299,1.0158,1.01625,0.60,0.10
2008.04.16 20:08:49.572,1.0158,1.01625,0.60,0.10
2008.04.16 20:08:49.825,1.0158,1.01625,0.60,0.10
2008.04.16 20:08:50.078,1.0158,1.01625,0.60,0.10
2008.04.16 20:08:50.333,1.0158,1.01625,0.60,0.10
2008.04.16 20:08:50.567,1.0158,1.01625,0.60,0.10
2008.04.16 20:08:50.801,1.0158,1.01625,0.60,0.10
2008.04.16 20:08:51.034,1.0158,1.01625,0.60,0.10
2008.04.16 20:08:51.267,1.0158,1.01625,0.60,0.10
2008.04.16 20:08:51.540,1.0158,1.01625,0.60,0.10
2008.04.16 20:08:51.838,1.0158,1.01625,0.60,0.10
2008.04.16 20:08:52.110,1.0158,1.01625,0.60,0.10
2008.04.16 20:08:52.383,1.0158,1.01625,0.60,0.10
2008.04.16 20:08:52.612,1.0158,1.01625,0.60,0.10
2008.04.16 20:08:52.846,1.0158,1.01625,0.60,0.10
2008.04.16 20:08:53.074,1.0158,1.01625,0.60,0.10
2008.04.16 20:08:53.303,1.0158,1.01625,0.60,0.10
2008.04.16 20:08:53.516,1.0158,1.01625,0.60,0.10
2008.04.16 20:08:53.731,1.0158,1.01625,0.60,0.10
2008.04.16 20:08:53.945,1.0158,1.01625,0.60,0.10
2008.04.16 20:08:54.189,1.0158,1.01625,0.60,0.10
2008.04.16 20:08:54.402,1.0158,1.01625,0.60,0.10
2008.04.16 20:08:54.656,1.0158,1.01625,0.60,0.10
2008.04.16 20:08:54.941,1.0158,1.01625,0.60,0.10
2008.04.16 20:08:55.226,1.0158,1.01625,1.30,0.10
2008.04.16 20:08:55.486,1.01585,1.01625,1.00,0.10
2008.04.16 20:08:55.701,1.01585,1.01625,1.00,0.10
2008.04.16 20:08:55.914,1.01585,1.01625,1.00,0.10
2008.04.16 20:08:56.159,1.01585,1.01625,1.20,0.10
2008.04.16 20:08:56.342,1.01585,1.01625,1.20,0.10
2008.04.16 20:08:56.673,1.01585,1.01625,1.20,0.10
2008.04.16 20:08:56.972,1.01585,1.01625,1.20,0.10
2008.04.16 20:08:57.271,1.01585,1.01625,1.00,0.10
2008.04.16 20:08:57.570,1.01585,1.01625,1.00,0.10
2008.04.16 20:08:57.800,1.01585,1.01625,1.00,0.10
2008.04.16 20:08:58.028,1.01585,1.01625,1.00,0.10
2008.04.16 20:08:58.257,1.01585,1.01625,1.00,0.10
2008.04.16 20:08:58.495,1.01585,1.01625,1.00,0.10
2008.04.16 20:08:58.759,1.01585,1.01625,1.00,0.10
2008.04.16 20:08:59.023,1.01585,1.01625,1.00,0.10
2008.04.16 20:08:59.309,1.01585,1.01625,1.00,0.10
2008.04.16 20:08:59.570,1.01585,1.01625,1.00,0.10
2008.04.16 20:08:59.779,1.01585,1.01625,1.00,0.10
2008.04.16 20:08:59.994,1.01585,1.01625,1.00,0.10
2008.04.16 20:09:00.202,1.01585,1.01625,1.00,0.10
2008.04.16 20:09:00.410,1.01585,1.01625,1.00,0.10
2008.04.16 20:09:00.661,1.01585,1.01625,1.00,0.10
2008.04.16 20:09:00.910,1.01585,1.01625,1.00,0.10
2008.04.16 20:09:01.160,1.01585,1.01625,1.00,0.10
2008.04.16 20:09:01.440,1.01585,1.01625,1.00,0.10
2008.04.16 20:09:01.689,1.01585,1.01625,1.00,0.10
2008.04.16 20:09:01.937,1.01585,1.01625,1.00,0.10
2008.04.16 20:09:02.186,1.01585,1.01625,1.00,0.10
2008.04.16 20:09:02.458,1.01585,1.01625,1.00,0.10
2008.04.16 20:09:02.652,1.01585,1.01625,1.00,0.10
2008.04.16 20:09:02.851,1.01585,1.01625,1.00,0.10
2008.04.16 20:09:03.077,1.01585,1.01625,1.00,0.10
2008.04.16 20:09:03.271,1.01585,1.01625,1.00,0.10
2008.04.16 20:09:03.465,1.01585,1.01625,1.00,0.10
2008.04.16 20:09:03.699,1.01585,1.01625,1.00,0.10
2008.04.16 20:09:03.932,1.01585,1.01625,1.00,0.10
2008.04.16 20:09:04.166,1.01585,1.01625,1.00,0.10
2008.04.16 20:09:04.398,1.01585,1.01625,1.00,0.10
2008.04.16 20:09:04.632,1.01585,1.01625,1.00,0.10
2008.04.16 20:09:04.859,1.01585,1.01625,1.00,0.10
2008.04.16 20:09:05.123,1.01585,1.01625,1.00,0.10
2008.04.16 20:09:05.331,1.01585,1.01625,1.20,0.10
2008.04.16 20:09:05.540,1.01595,1.01625,0.30,0.10
2008.04.16 20:09:05.809,1.01595,1.01625,0.30,0.10
2008.04.16 20:09:06.078,1.01595,1.01625,0.30,0.10
2008.04.16 20:09:06.346,1.01595,1.01625,0.30,0.10
2008.04.16 20:09:06.616,1.01595,1.01625,0.30,0.10
2008.04.16 20:09:06.834,1.01595,1.01625,0.30,0.10
2008.04.16 20:09:06.992,1.01595,1.01625,0.30,0.10
2008.04.16 20:09:07.181,1.01595,1.01625,0.30,0.10
2008.04.16 20:09:07.370,1.01595,1.01625,0.30,0.10
2008.04.16 20:09:07.583,1.01595,1.01625,0.30,0.10
2008.04.16 20:09:07.842,1.01595,1.01625,0.30,0.10
2008.04.16 20:09:08.101,1.01595,1.01625,0.30,0.10
2008.04.16 20:09:08.360,1.01595,1.01625,0.30,0.10
2008.04.16 20:09:08.625,1.01595,1.01625,0.30,0.10
2008.04.16 20:09:08.839,1.01595,1.01625,0.30,0.10
2008.04.16 20:09:09.052,1.01595,1.01625,0.30,0.10
2008.04.16 20:09:09.266,1.01595,1.01625,0.30,0.10
2008.04.16 20:09:09.479,1.01595,1.01625,0.30,0.10
2008.04.16 20:09:09.725,1.01595,1.01625,0.30,0.10
2008.04.16 20:09:09.971,1.01595,1.01625,0.30,0.10
2008.04.16 20:09:10.215,1.01595,1.01625,0.30,0.10
2008.04.16 20:09:10.460,1.01595,1.01625,0.30,0.10
2008.04.16 20:09:10.704,1.01595,1.01625,0.30,0.10
2008.04.16 20:09:10.949,1.01595,1.01625,0.30,0.10
2008.04.16 20:09:11.193,1.01595,1.01625,0.30,0.10
2008.04.16 20:09:11.436,1.01595,1.01625,0.30,0.10
2008.04.16 20:09:11.680,1.01595,1.01625,0.30,0.10
2008.04.16 20:09:11.971,1.01595,1.01625,0.30,0.10
2008.04.16 20:09:12.200,1.01595,1.01625,0.30,0.10
2008.04.16 20:09:12.459,1.01595,1.01625,0.30,0.10
2008.04.16 20:09:12.718,1.01595,1.01625,0.30,0.10
2008.04.16 20:09:12.921,1.01595,1.01625,0.30,0.10
2008.04.16 20:09:13.157,1.01595,1.01625,0.30,0.10
2008.04.16 20:09:13.360,1.01595,1.01625,0.30,0.10
2008.04.16 20:09:13.563,1.01595,1.01625,0.30,0.10
2008.04.16 20:09:13.798,1.01595,1.01625,0.30,0.10
2008.04.16 20:09:13.991,1.01595,1.01625,0.30,0.10
2008.04.16 20:09:14.215,1.01595,1.01625,0.30,0.10
2008.04.16 20:09:14.439,1.01595,1.01625,0.30,0.10
2008.04.16 20:09:14.663,1.01595,1.01625,0.30,0.10
2008.04.16 20:09:14.895,1.01595,1.01625,0.30,0.10
2008.04.16 20:09:15.115,1.01595,1.01625,0.30,0.10
2008.04.16 20:09:15.334,1.01595,1.01625,0.30,0.10
2008.04.16 20:09:15.553,1.01595,1.01625,0.30,0.10
2008.04.16 20:09:15.804,1.01595,1.01625,0.30,0.10
2008.04.16 20:09:16.028,1.01595,1.01625,0.30,0.10
2008.04.16 20:09:16.251,1.01595,1.01625,0.30,0.10
2008.04.16 20:09:16.475,1.01595,1.01625,0.30,0.10
2008.04.16 20:09:16.700,1.01595,1.01625,0.30,0.10
2008.04.16 20:09:16.923,1.01595,1.01625,0.30,0.10
2008.04.16 20:09:17.157,1.01595,1.01625,0.30,0.10
2008.04.16 20:09:17.391,1.01595,1.01625,0.30,0.10
2008.04.16 20:09:17.625,1.01595,1.01625,0.30,0.10
2008.04.16 20:09:17.859,1.01595,1.01625,0.30,0.10
2008.04.16 20:09:18.074,1.01595,1.01635,0.30,0.10
2008.04.16 20:09:18.288,1.01595,1.01635,0.30,0.10
2008.04.16 20:09:18.502,1.01595,1.01635,0.30,0.10
2008.04.16 20:09:18.717,1.01595,1.01635,0.30,0.10
2008.04.16 20:09:18.929,1.01595,1.01635,0.30,0.10
2008.04.16 20:09:19.158,1.01595,1.01635,0.30,0.10
2008.04.16 20:09:19.387,1.01595,1.01635,0.30,0.10
2008.04.16 20:09:19.629,1.01595,1.01635,0.30,0.10
2008.04.16 20:09:19.857,1.01595,1.01635,0.30,0.10
2008.04.16 20:09:20.052,1.01595,1.01635,0.30,0.10
2008.04.16 20:09:20.245,1.01595,1.01635,0.30,0.10
2008.04.16 20:09:20.439,1.01595,1.01635,0.30,0.10
2008.04.16 20:09:20.666,1.01595,1.01635,0.30,0.10
2008.04.16 20:09:20.857,1.01595,1.01635,0.30,0.10
2008.04.16 20:09:21.050,1.01595,1.01635,0.30,0.10
2008.04.16 20:09:21.279,1.01595,1.01635,0.30,0.10
2008.04.16 20:09:21.507,1.01595,1.01635,0.30,0.10
2008.04.16 20:09:21.735,1.01595,1.01635,0.30,0.10
2008.04.16 20:09:21.963,1.01595,1.01635,0.30,0.10
2008.04.16 20:09:22.187,1.01595,1.01635,0.30,0.10
2008.04.16 20:09:22.411,1.01595,1.01635,0.30,0.10
2008.04.16 20:09:22.664,1.01595,1.01635,0.30,0.10
2008.04.16 20:09:22.888,1.01595,1.01635,0.30,0.10
2008.04.16 20:09:23.112,1.01595,1.01635,0.30,0.10
2008.04.16 20:09:23.330,1.01595,1.01635,0.30,0.10
2008.04.16 20:09:23.548,1.01595,1.01635,0.30,0.10
2008.04.16 20:09:23.767,1.01595,1.01635,0.30,0.10
2008.04.16 20:09:24.005,1.01595,1.01635,0.30,0.10
2008.04.16 20:09:24.244,1.01595,1.01635,0.30,0.10
2008.04.16 20:09:24.484,1.01595,1.01635,0.30,0.10
2008.04.16 20:09:24.751,1.01595,1.01635,0.30,0.10
2008.04.16 20:09:24.991,1.01595,1.01635,0.30,0.10
2008.04.16 20:09:25.228,1.01595,1.01635,0.30,0.10
2008.04.16 20:09:25.450,1.01595,1.01635,0.30,0.10
2008.04.16 20:09:25.644,1.01595,1.01635,0.30,0.10
2008.04.16 20:09:25.838,1.01595,1.01635,0.30,0.10
2008.04.16 20:09:26.064,1.01595,1.01635,0.30,0.10
2008.04.16 20:09:26.261,1.01595,1.01635,0.30,0.10
2008.04.16 20:09:26.491,1.01595,1.01635,0.30,0.10
2008.04.16 20:09:26.720,1.01595,1.01635,0.30,0.10
2008.04.16 20:09:26.948,1.01595,1.01635,0.30,0.10
2008.04.16 20:09:27.177,1.01595,1.01635,0.30,0.10
2008.04.16 20:09:27.406,1.01595,1.01635,0.30,0.10
2008.04.16 20:09:27.635,1.01595,1.01635,0.30,0.10
2008.04.16 20:09:27.875,1.01595,1.01635,0.30,0.10
2008.04.16 20:09:28.105,1.01595,1.01635,0.30,0.10
2008.04.16 20:09:28.298,1.01595,1.01635,0.30,0.10
2008.04.16 20:09:28.491,1.01595,1.01635,0.30,0.10
2008.04.16 20:09:28.684,1.01595,1.01635,0.30,0.10
2008.04.16 20:09:28.888,1.01595,1.01635,0.30,0.10
2008.04.16 20:09:29.081,1.01595,1.01635,0.30,0.10
2008.04.16 20:09:29.309,1.01595,1.01635,0.30,0.10
2008.04.16 20:09:29.539,1.01595,1.01635,0.30,0.10
2008.04.16 20:09:29.766,1.01595,1.01635,0.30,0.10
2008.04.16 20:09:30.008,1.01595,1.01635,0.30,0.10
2008.04.16 20:09:30.237,1.01595,1.01635,0.30,0.10
2008.04.16 20:09:30.447,1.01595,1.01635,0.30,0.10
2008.04.16 20:09:30.660,1.01595,1.01645,0.30,0.50
2008.04.16 20:09:30.870,1.01595,1.01645,0.30,0.50
2008.04.16 20:09:31.078,1.01595,1.01645,0.30,0.50
2008.04.16 20:09:31.286,1.01595,1.01645,0.30,0.50
2008.04.16 20:09:31.509,1.01595,1.01645,0.30,0.50
2008.04.16 20:09:31.732,1.01595,1.01645,0.30,0.50
2008.04.16 20:09:31.956,1.01595,1.01645,0.30,0.50
2008.04.16 20:09:32.179,1.01595,1.01645,0.30,0.50
2008.04.16 20:09:32.393,1.01595,1.01645,0.30,0.50
2008.04.16 20:09:32.608,1.01595,1.01645,0.30,0.10
2008.04.16 20:09:32.824,1.01595,1.01645,0.30,0.10
2008.04.16 20:09:33.038,1.01595,1.01635,0.30,0.10
2008.04.16 20:09:33.253,1.01595,1.01635,0.30,0.10
2008.04.16 20:09:33.493,1.01595,1.01635,0.30,0.10
2008.04.16 20:09:33.731,1.01605,1.01635,0.30,0.10
2008.04.16 20:09:33.969,1.01605,1.01635,0.30,0.10
2008.04.16 20:09:34.224,1.01605,1.01635,0.30,0.10
2008.04.16 20:09:34.520,1.01605,1.01635,0.30,0.10
2008.04.16 20:09:34.780,1.01605,1.01635,0.30,0.10
2008.04.16 20:09:35.041,1.01605,1.01635,0.30,0.10
2008.04.16 20:09:35.301,1.01595,1.01635,0.80,0.10
2008.04.16 20:09:35.527,1.01585,1.01635,1.00,0.10
2008.04.16 20:09:35.761,1.01585,1.01635,1.00,0.10
2008.04.16 20:09:35.934,1.01585,1.01635,0.30,0.10
2008.04.16 20:09:36.139,1.01585,1.01635,0.30,0.10
2008.04.16 20:09:36.343,1.01585,1.01635,0.30,0.10
2008.04.16 20:09:36.638,1.01585,1.01635,0.30,0.10
2008.04.16 20:09:36.932,1.01585,1.01635,0.30,0.10
2008.04.16 20:09:37.257,1.01585,1.01635,0.30,0.10
2008.04.16 20:09:37.554,1.01585,1.01635,0.30,0.10
2008.04.16 20:09:37.782,1.01585,1.01635,0.30,0.10
2008.04.16 20:09:37.981,1.01585,1.01635,0.30,0.10
2008.04.16 20:09:38.180,1.01585,1.01635,0.30,0.10
2008.04.16 20:09:38.386,1.01595,1.01635,0.30,0.10
2008.04.16 20:09:38.653,1.01595,1.01635,0.30,0.10
2008.04.16 20:09:38.928,1.01595,1.01635,0.30,0.10
2008.04.16 20:09:39.202,1.01595,1.01635,0.30,0.10
2008.04.16 20:09:39.476,1.01595,1.01635,0.30,0.10
2008.04.16 20:09:39.676,1.01595,1.01635,0.30,0.10
2008.04.16 20:09:39.875,1.01595,1.01635,0.30,0.10
2008.04.16 20:09:40.073,1.01595,1.01635,0.30,0.10
2008.04.16 20:09:40.272,1.01595,1.01635,0.30,0.10
2008.04.16 20:09:40.492,1.01595,1.01635,0.30,0.10
2008.04.16 20:09:40.707,1.01595,1.01635,0.30,0.10
2008.04.16 20:09:40.922,1.01595,1.01635,0.30,0.10
2008.04.16 20:09:41.136,1.01595,1.01635,0.30,0.10
2008.04.16 20:09:41.382,1.01595,1.01635,0.30,0.10
2008.04.16 20:09:41.594,1.01595,1.01635,0.30,0.10
2008.04.16 20:09:41.838,1.01595,1.01635,0.30,0.10
2008.04.16 20:09:42.082,1.01595,1.01635,0.30,0.10
2008.04.16 20:09:42.327,1.01595,1.01635,0.30,0.10
2008.04.16 20:09:42.571,1.01595,1.01635,0.30,0.10
2008.04.16 20:09:42.766,1.01595,1.01635,0.30,0.10
2008.04.16 20:09:42.960,1.01595,1.01635,0.30,0.10
2008.04.16 20:09:43.153,1.01595,1.01635,0.30,0.10
2008.04.16 20:09:43.346,1.01595,1.01635,0.30,0.10
2008.04.16 20:09:43.539,1.01595,1.01635,0.30,0.10
2008.04.16 20:09:43.808,1.01595,1.01635,0.30,0.10
2008.04.16 20:09:44.032,1.01595,1.01635,0.30,0.10
2008.04.16 20:09:44.255,1.01595,1.01635,0.30,0.10
2008.04.16 20:09:44.522,1.01595,1.01635,0.30,0.10
2008.04.16 20:09:44.737,1.01595,1.01635,0.30,0.10
2008.04.16 20:09:44.951,1.01595,1.01635,0.30,0.10
2008.04.16 20:09:45.165,1.01595,1.01635,0.30,0.10
2008.04.16 20:09:45.379,1.01595,1.01635,0.30,0.10
2008.04.16 20:09:45.593,1.01595,1.01635,0.30,0.10
2008.04.16 20:09:45.796,1.01595,1.01635,0.30,0.10
2008.04.16 20:09:46.002,1.01595,1.01635,0.30,0.10
2008.04.16 20:09:46.206,1.01595,1.01635,0.30,0.10
2008.04.16 20:09:46.411,1.01595,1.01635,0.30,0.10
2008.04.16 20:09:46.615,1.01595,1.01635,0.30,0.10
2008.04.16 20:09:46.889,1.01595,1.01635,0.30,0.10
2008.04.16 20:09:47.163,1.01595,1.01635,0.30,0.10
2008.04.16 20:09:47.436,1.01595,1.01635,0.30,0.10
2008.04.16 20:09:47.709,1.01595,1.01635,0.30,0.10
2008.04.16 20:09:47.918,1.01595,1.01635,0.30,0.10
2008.04.16 20:09:48.127,1.01595,1.01635,0.30,0.10
2008.04.16 20:09:48.335,1.01595,1.01635,0.30,0.10
2008.04.16 20:09:48.544,1.01595,1.01635,0.30,0.10
2008.04.16 20:09:48.762,1.01595,1.01635,0.30,0.10
2008.04.16 20:09:48.981,1.01595,1.01635,0.30,0.10
2008.04.16 20:09:49.200,1.01595,1.01635,0.30,0.10
2008.04.16 20:09:49.418,1.01595,1.01635,0.30,0.10
2008.04.16 20:09:49.638,1.01595,1.01635,0.30,0.10
2008.04.16 20:09:49.840,1.01595,1.01635,0.30,0.10
2008.04.16 20:09:50.054,1.01595,1.01635,0.30,0.10
2008.04.16 20:09:50.257,1.01595,1.01635,0.30,0.10
2008.04.16 20:09:50.461,1.01595,1.01635,0.30,0.10
2008.04.16 20:09:50.675,1.01595,1.01635,0.30,0.10
2008.04.16 20:09:50.914,1.01595,1.01635,0.30,0.10
2008.04.16 20:09:51.153,1.01595,1.01635,0.30,0.10
2008.04.16 20:09:51.392,1.01595,1.01635,0.30,0.10
2008.04.16 20:09:51.630,1.01595,1.01635,0.30,0.10
2008.04.16 20:09:51.828,1.01595,1.01635,0.30,0.10
2008.04.16 20:09:52.065,1.01595,1.01635,0.30,0.10
2008.04.16 20:09:52.262,1.01595,1.01635,0.30,0.10
2008.04.16 20:09:52.460,1.01595,1.01635,0.30,0.10
2008.04.16 20:09:52.668,1.01595,1.01635,0.30,0.10
2008.04.16 20:09:52.957,1.01595,1.01635,0.30,0.10
2008.04.16 20:09:53.181,1.01595,1.01635,0.30,0.10
2008.04.16 20:09:53.434,1.01595,1.01635,0.30,0.10
2008.04.16 20:09:53.688,1.01595,1.01645,0.30,0.10
2008.04.16 20:09:53.923,1.01595,1.01645,0.30,0.10
2008.04.16 20:09:54.187,1.01595,1.01645,0.30,0.10
2008.04.16 20:09:54.392,1.01595,1.01645,0.30,0.10
2008.04.16 20:09:54.625,1.01595,1.01645,0.30,0.10
2008.04.16 20:09:54.884,1.01595,1.01645,0.30,0.10
2008.04.16 20:09:55.110,1.01595,1.01645,0.30,0.10
2008.04.16 20:09:55.332,1.01595,1.01645,0.30,0.10
2008.04.16 20:09:55.590,1.01595,1.01645,0.30,0.10
2008.04.16 20:09:55.813,1.01595,1.01645,0.30,0.10
2008.04.16 20:09:56.051,1.01595,1.01645,0.30,0.10
2008.04.16 20:09:56.290,1.01595,1.01645,0.30,0.10
2008.04.16 20:09:56.529,1.01595,1.01635,0.30,0.10
2008.04.16 20:09:56.768,1.01595,1.01635,0.30,0.10
2008.04.16 20:09:56.976,1.01595,1.01635,0.30,0.10
2008.04.16 20:09:57.185,1.01595,1.01635,0.30,0.10
2008.04.16 20:09:57.393,1.01595,1.01635,0.30,0.10
2008.04.16 20:09:57.603,1.01595,1.01635,0.30,0.10
2008.04.16 20:09:57.827,1.01595,1.01635,0.30,0.10
2008.04.16 20:09:58.057,1.01595,1.01635,0.30,0.10
2008.04.16 20:09:58.285,1.01595,1.01635,0.30,0.10
2008.04.16 20:09:58.575,1.01595,1.01635,0.30,0.10
2008.04.16 20:09:58.802,1.01595,1.01635,0.30,0.10
2008.04.16 20:09:59.030,1.01595,1.01635,0.30,0.10
2008.04.16 20:09:59.229,1.01595,1.01635,0.30,0.10
2008.04.16 20:09:59.428,1.01595,1.01635,0.30,0.10
2008.04.16 20:09:59.626,1.01595,1.01635,0.30,0.10
2008.04.16 20:09:59.825,1.01595,1.01635,0.30,0.10
2008.04.16 20:10:00.048,1.01595,1.01635,0.30,0.10
2008.04.16 20:10:00.291,1.01595,1.01635,0.30,0.10
2008.04.16 20:10:00.552,1.01595,1.01635,0.30,0.10
2008.04.16 20:10:00.739,1.01595,1.01635,0.30,0.10
2008.04.16 20:10:00.962,1.01595,1.01635,0.30,0.10
2008.04.16 20:10:01.207,1.01595,1.01635,0.30,0.10
2008.04.16 20:10:01.450,1.01595,1.01635,0.30,0.10
2008.04.16 20:10:01.694,1.01595,1.01635,0.30,0.10
2008.04.16 20:10:01.938,1.01595,1.01635,0.30,0.10
2008.04.16 20:10:02.172,1.01595,1.01635,0.30,0.10
2008.04.16 20:10:02.405,1.01595,1.01635,0.30,0.10
2008.04.16 20:10:02.637,1.01595,1.01635,0.30,0.10
2008.04.16 20:10:02.872,1.01595,1.01635,0.30,0.10
2008.04.16 20:10:03.095,1.01595,1.01635,0.30,0.10
2008.04.16 20:10:03.319,1.01595,1.01635,0.30,0.10
2008.04.16 20:10:03.543,1.01595,1.01635,0.30,0.10
2008.04.16 20:10:03.781,1.01595,1.01635,0.30,0.10
2008.04.16 20:10:04.042,1.01595,1.01635,0.30,0.10
2008.04.16 20:10:04.332,1.01595,1.01635,0.30,0.10
2008.04.16 20:10:04.601,1.01595,1.01635,0.30,0.10
2008.04.16 20:10:04.876,1.01595,1.01635,0.30,0.10
2008.04.16 20:10:05.149,1.01595,1.01635,0.30,0.10
2008.04.16 20:10:05.408,1.01595,1.01635,0.30,0.10
2008.04.16 20:10:05.698,1.01595,1.01635,0.30,0.10
2008.04.16 20:10:05.956,1.01595,1.01635,0.30,0.10
2008.04.16 20:10:06.214,1.01595,1.01635,0.30,0.10
2008.04.16 20:10:06.473,1.01595,1.01635,0.30,0.10
2008.04.16 20:10:06.731,1.01595,1.01635,0.30,0.10
2008.04.16 20:10:06.990,1.01595,1.01635,0.30,0.10
2008.04.16 20:10:07.236,1.01595,1.01635,0.30,0.10
2008.04.16 20:10:07.471,1.01595,1.01635,0.30,0.10
2008.04.16 20:10:07.704,1.01595,1.01635,0.30,0.10
2008.04.16 20:10:07.941,1.01595,1.01635,0.30,0.10
2008.04.16 20:10:08.165,1.01595,1.01635,0.30,0.10
2008.04.16 20:10:08.390,1.01595,1.01635,0.30,0.10
2008.04.16 20:10:08.616,1.01595,1.01635,0.30,0.10
2008.04.16 20:10:08.838,1.01595,1.01635,0.30,0.10
2008.04.16 20:10:09.062,1.01595,1.01635,0.30,0.10
2008.04.16 20:10:09.314,1.01595,1.01635,0.30,0.10
2008.04.16 20:10:09.544,1.01595,1.01635,0.30,0.10
2008.04.16 20:10:09.773,1.01595,1.01635,0.30,0.10
2008.04.16 20:10:10.006,1.01595,1.01635,0.30,0.10
2008.04.16 20:10:10.274,1.01595,1.01635,0.30,0.10
2008.04.16 20:10:10.507,1.01595,1.01635,0.30,0.10
2008.04.16 20:10:10.741,1.01595,1.01635,0.30,0.10
2008.04.16 20:10:11.006,1.01595,1.01635,0.30,0.10
2008.04.16 20:10:11.224,1.01595,1.01635,0.30,0.10
2008.04.16 20:10:11.443,1.01595,1.01635,0.30,0.10
2008.04.16 20:10:11.693,1.01595,1.01635,0.30,0.10
2008.04.16 20:10:11.911,1.01595,1.01635,0.30,0.10
2008.04.16 20:10:12.130,1.01595,1.01635,0.30,0.10
2008.04.16 20:10:12.348,1.01595,1.01635,0.30,0.10
2008.04.16 20:10:12.566,1.01595,1.01635,0.30,0.10
2008.04.16 20:10:12.785,1.01595,1.01635,0.30,0.10
2008.04.16 20:10:13.004,1.01595,1.01635,0.30,0.10
2008.04.16 20:10:13.223,1.01595,1.01635,0.30,0.10
2008.04.16 20:10:13.447,1.01595,1.01635,0.30,0.10
2008.04.16 20:10:13.671,1.01595,1.01635,0.30,0.10
2008.04.16 20:10:13.895,1.01595,1.01635,0.30,0.10
2008.04.16 20:10:14.118,1.01595,1.01635,0.30,0.10
2008.04.16 20:10:14.357,1.01595,1.01635,0.30,0.10
2008.04.16 20:10:14.595,1.01595,1.01635,0.30,0.10
2008.04.16 20:10:14.834,1.01595,1.01635,0.30,0.10
2008.04.16 20:10:15.074,1.01595,1.01635,0.30,0.10
2008.04.16 20:10:15.297,1.01595,1.01635,0.30,0.10
2008.04.16 20:10:15.521,1.01595,1.01635,0.30,0.10
2008.04.16 20:10:15.747,1.01595,1.01635,0.30,0.10
2008.04.16 20:10:15.970,1.01595,1.01635,0.30,0.10
2008.04.16 20:10:16.194,1.01595,1.01635,0.30,0.10
2008.04.16 20:10:16.439,1.01595,1.01635,0.30,0.10
2008.04.16 20:10:16.622,1.01595,1.01635,0.30,0.10
2008.04.16 20:10:16.836,1.01595,1.01635,0.30,0.10
2008.04.16 20:10:17.049,1.01595,1.01635,0.30,0.10
2008.04.16 20:10:17.264,1.01595,1.01635,0.30,0.10
2008.04.16 20:10:17.477,1.01595,1.01635,0.30,0.10
2008.04.16 20:10:17.691,1.01595,1.01635,0.30,0.10
2008.04.16 20:10:17.926,1.01595,1.01635,0.30,0.10
2008.04.16 20:10:18.141,1.01595,1.01635,0.30,0.10
2008.04.16 20:10:18.359,1.01595,1.01635,0.30,0.10
2008.04.16 20:10:18.606,1.01595,1.01635,0.30,0.10
2008.04.16 20:10:18.824,1.01595,1.01635,0.30,0.10
2008.04.16 20:10:19.042,1.01595,1.01635,0.30,0.10
2008.04.16 20:10:19.259,1.01595,1.01635,0.30,0.10
2008.04.16 20:10:19.478,1.01595,1.01635,0.30,0.10
2008.04.16 20:10:19.697,1.01595,1.01635,0.30,0.10
2008.04.16 20:10:19.916,1.01595,1.01635,0.30,0.10
2008.04.16 20:10:20.134,1.01595,1.01635,0.30,0.10
2008.04.16 20:10:20.352,1.01595,1.01635,0.30,0.10
2008.04.16 20:10:20.600,1.01595,1.01635,0.30,0.10
2008.04.16 20:10:20.839,1.01595,1.01635,0.30,0.10
2008.04.16 20:10:21.078,1.01595,1.01635,0.30,0.10
2008.04.16 20:10:21.349,1.01595,1.01635,0.30,0.10
2008.04.16 20:10:21.515,1.01595,1.01635,0.30,0.10
2008.04.16 20:10:21.714,1.01595,1.01635,0.30,0.10
2008.04.16 20:10:21.913,1.01595,1.01635,0.30,0.10
2008.04.16 20:10:22.112,1.01595,1.01635,0.30,0.10
2008.04.16 20:10:22.310,1.01595,1.01635,0.30,0.10
2008.04.16 20:10:22.569,1.01595,1.01635,0.30,0.10
2008.04.16 20:10:22.829,1.01595,1.01635,0.30,0.10
2008.04.16 20:10:23.088,1.01605,1.01635,0.30,0.10
2008.04.16 20:10:23.350,1.01605,1.01635,0.30,0.10
2008.04.16 20:10:23.584,1.01605,1.01645,0.30,0.10
2008.04.16 20:10:23.752,1.01605,1.01645,0.30,0.10
2008.04.16 20:10:23.952,1.01605,1.01655,0.30,0.10
2008.04.16 20:10:24.184,1.01605,1.01655,0.30,0.10
2008.04.16 20:10:24.385,1.01605,1.01655,0.30,0.10
2008.04.16 20:10:24.634,1.01605,1.01655,0.30,0.10
2008.04.16 20:10:24.915,1.01605,1.01655,0.30,0.10
2008.04.16 20:10:25.165,1.01605,1.01655,0.30,0.10
2008.04.16 20:10:25.414,1.01605,1.01655,0.30,0.10
2008.04.16 20:10:25.634,1.01605,1.01655,0.30,0.10
2008.04.16 20:10:25.821,1.01605,1.01655,0.30,0.10
2008.04.16 20:10:26.011,1.01605,1.01655,0.30,0.40
2008.04.16 20:10:26.201,1.01605,1.01645,0.30,0.10
2008.04.16 20:10:26.390,1.01605,1.01645,0.30,0.10
2008.04.16 20:10:26.674,1.01605,1.01645,0.30,0.10
2008.04.16 20:10:26.958,1.01605,1.01645,0.30,0.10
2008.04.16 20:10:27.243,1.01605,1.01635,0.30,0.10
2008.04.16 20:10:27.527,1.01605,1.01635,0.30,0.10
2008.04.16 20:10:27.731,1.01605,1.01635,0.30,0.10
2008.04.16 20:10:27.937,1.01605,1.01635,0.30,0.10
2008.04.16 20:10:28.140,1.01605,1.01645,0.30,0.10
2008.04.16 20:10:28.363,1.01605,1.01645,0.30,0.10
2008.04.16 20:10:28.567,1.01605,1.01645,0.30,0.10
2008.04.16 20:10:28.876,1.01605,1.01645,0.30,0.10
2008.04.16 20:10:29.186,1.01605,1.01645,0.30,0.10
2008.04.16 20:10:29.497,1.01605,1.01645,0.30,0.10
2008.04.16 20:10:29.724,1.01605,1.01645,0.30,0.10
2008.04.16 20:10:29.955,1.01605,1.01645,0.30,0.10
2008.04.16 20:10:30.110,1.01605,1.01645,0.30,0.10
2008.04.16 20:10:30.312,1.01605,1.01645,0.30,0.10
2008.04.16 20:10:30.535,1.01605,1.01645,0.30,0.10
2008.04.16 20:10:30.812,1.01605,1.01645,0.30,0.10
2008.04.16 20:10:31.089,1.01605,1.01645,0.30,0.10
2008.04.16 20:10:31.365,1.01605,1.01645,0.30,0.10
2008.04.16 20:10:31.672,1.01605,1.01645,0.30,0.10
2008.04.16 20:10:31.865,1.01605,1.01645,0.30,0.10
2008.04.16 20:10:32.062,1.01605,1.01645,0.30,0.10
2008.04.16 20:10:32.255,1.01605,1.01645,0.30,0.10
2008.04.16 20:10:32.448,1.01605,1.01645,0.30,0.10
2008.04.16 20:10:32.663,1.01605,1.01645,0.30,0.10
2008.04.16 20:10:32.989,1.01605,1.01645,0.30,0.10
2008.04.16 20:10:33.286,1.01605,1.01645,0.30,0.10
2008.04.16 20:10:33.579,1.01605,1.01645,0.30,0.10
2008.04.16 20:10:33.778,1.01605,1.01645,0.30,0.10
2008.04.16 20:10:33.976,1.01605,1.01645,0.30,0.10
2008.04.16 20:10:34.200,1.01605,1.01645,0.30,0.10
2008.04.16 20:10:34.399,1.01605,1.01645,0.30,0.10
2008.04.16 20:10:34.598,1.01605,1.01645,0.30,0.10
2008.04.16 20:10:34.839,1.01605,1.01645,0.30,0.10
2008.04.16 20:10:35.015,1.01605,1.01645,0.30,0.10
2008.04.16 20:10:35.224,1.01605,1.01645,0.30,0.10
2008.04.16 20:10:35.433,1.01605,1.01645,0.30,0.10
2008.04.16 20:10:36.825,1.01605,1.01645,0.30,0.10
2008.04.16 20:10:36.952,1.01605,1.01645,0.30,0.10
2008.04.16 20:10:37.051,1.01605,1.01645,0.30,0.10
2008.04.16 20:10:37.148,1.01605,1.01645,0.30,0.10
2008.04.16 20:10:37.247,1.01605,1.01645,0.30,0.10
2008.04.16 20:10:37.349,1.01605,1.01645,0.30,0.10
2008.04.16 20:10:37.450,1.01605,1.01645,0.30,0.10
2008.04.16 20:10:37.548,1.01605,1.01645,0.30,0.10
2008.04.16 20:10:37.679,1.01605,1.01645,0.30,0.10
2008.04.16 20:10:37.778,1.01605,1.01645,0.30,0.10
2008.04.16 20:10:37.877,1.01605,1.01645,0.30,0.10
2008.04.16 20:10:38.211,1.01605,1.01645,0.30,0.10
2008.04.16 20:10:38.545,1.01605,1.01645,0.30,0.10
2008.04.16 20:10:38.886,1.01605,1.01645,0.30,0.10
2008.04.16 20:10:39.038,1.01605,1.01645,0.30,0.10
2008.04.16 20:10:39.192,1.01605,1.01645,0.30,0.10
2008.04.16 20:10:39.346,1.01605,1.01645,0.30,0.10
2008.04.16 20:10:39.500,1.01605,1.01645,0.30,0.10
2008.04.16 20:10:39.653,1.01605,1.01645,0.30,0.10
2008.04.16 20:10:39.807,1.01605,1.01645,0.30,0.10
2008.04.16 20:10:39.960,1.01605,1.01645,0.30,0.10
2008.04.16 20:10:40.254,1.01605,1.01645,0.30,0.10
2008.04.16 20:10:40.550,1.01605,1.01645,0.30,0.10
2008.04.16 20:10:40.844,1.01605,1.01645,0.30,0.10
2008.04.16 20:10:41.138,1.01605,1.01645,0.30,0.10
2008.04.16 20:10:41.302,1.01605,1.01645,0.30,0.10
2008.04.16 20:10:41.465,1.01605,1.01645,0.30,0.10
2008.04.16 20:10:41.630,1.01605,1.01645,0.30,0.10
2008.04.16 20:10:41.793,1.01605,1.01645,0.30,0.10
2008.04.16 20:10:41.957,1.01605,1.01645,0.30,0.10
2008.04.16 20:10:42.200,1.01605,1.01645,0.30,0.10
2008.04.16 20:10:42.447,1.01605,1.01645,0.30,0.10
2008.04.16 20:10:42.690,1.01605,1.01645,0.30,0.10
2008.04.16 20:10:42.934,1.01605,1.01645,0.30,0.10
2008.04.16 20:10:43.178,1.01605,1.01645,0.30,0.10
2008.04.16 20:10:43.411,1.01605,1.01645,0.30,0.10
2008.04.16 20:10:43.620,1.01605,1.01645,0.30,0.10
2008.04.16 20:10:43.830,1.01605,1.01645,0.30,0.10
2008.04.16 20:10:44.038,1.01605,1.01645,0.30,0.10
2008.04.16 20:10:44.247,1.01605,1.01645,0.30,0.10
2008.04.16 20:10:44.490,1.01605,1.01645,0.30,0.10
2008.04.16 20:10:44.665,1.01605,1.01645,0.30,0.10
2008.04.16 20:10:44.873,1.01605,1.01645,0.30,0.10
2008.04.16 20:10:45.082,1.01605,1.01645,0.30,0.10
2008.04.16 20:10:45.301,1.01605,1.01645,0.30,0.10
2008.04.16 20:10:45.520,1.01605,1.01645,0.30,0.10
2008.04.16 20:10:45.739,1.01605,1.01645,0.30,0.10
2008.04.16 20:10:45.976,1.01605,1.01645,0.30,0.10
2008.04.16 20:10:46.196,1.01605,1.01645,0.30,0.10
2008.04.16 20:10:46.405,1.01605,1.01645,0.30,0.10
2008.04.16 20:10:46.613,1.01605,1.01645,0.30,0.10
2008.04.16 20:10:46.822,1.01605,1.01645,0.30,0.10
2008.04.16 20:10:47.060,1.01605,1.01645,0.30,0.10
2008.04.16 20:10:47.268,1.01605,1.01645,0.30,0.10
2008.04.16 20:10:47.477,1.01605,1.01645,0.30,0.10
2008.04.16 20:10:47.696,1.01605,1.01635,0.30,0.10
2008.04.16 20:10:47.915,1.01605,1.01635,0.30,0.10
2008.04.16 20:10:48.134,1.01605,1.01635,0.30,0.10
2008.04.16 20:10:48.352,1.01605,1.01635,0.30,0.10
2008.04.16 20:10:48.596,1.01605,1.01635,0.30,0.10
2008.04.16 20:10:48.840,1.01605,1.01635,0.30,0.10
2008.04.16 20:10:49.084,1.01605,1.01635,0.30,0.10
2008.04.16 20:10:49.360,1.01605,1.01635,0.30,0.10
2008.04.16 20:10:49.638,1.01605,1.01635,0.30,0.10
2008.04.16 20:10:49.818,1.01605,1.01635,0.30,0.10
2008.04.16 20:10:50.032,1.01605,1.01635,0.30,0.10
2008.04.16 20:10:50.247,1.01605,1.01635,0.30,0.10
2008.04.16 20:10:50.460,1.01605,1.01635,0.30,0.10
2008.04.16 20:10:50.717,1.01605,1.01635,0.30,0.10
2008.04.16 20:10:50.961,1.01605,1.01635,0.30,0.10
2008.04.16 20:10:51.205,1.01605,1.01635,0.30,0.10
2008.04.16 20:10:51.480,1.01605,1.01635,0.30,0.10
2008.04.16 20:10:51.673,1.01605,1.01635,0.30,0.10
2008.04.16 20:10:51.867,1.01605,1.01635,0.30,0.10
2008.04.16 20:10:52.062,1.01605,1.01635,0.30,0.10
2008.04.16 20:10:52.257,1.01605,1.01635,0.30,0.10
2008.04.16 20:10:52.452,1.01605,1.01635,0.30,0.10
2008.04.16 20:10:52.647,1.01605,1.01635,0.30,0.10
2008.04.16 20:10:52.908,1.01605,1.01635,0.30,0.10
2008.04.16 20:10:53.166,1.01605,1.01635,0.30,0.10
2008.04.16 20:10:53.425,1.01605,1.01635,0.30,0.10
2008.04.16 20:10:53.683,1.01605,1.01635,0.30,0.10
2008.04.16 20:10:53.867,1.01605,1.01635,0.30,0.10
2008.04.16 20:10:54.051,1.01605,1.01635,0.30,0.10
2008.04.16 20:10:54.235,1.01605,1.01635,0.30,0.10
2008.04.16 20:10:54.419,1.01605,1.01635,0.30,0.10
2008.04.16 20:10:54.602,1.01605,1.01635,0.30,0.10
2008.04.16 20:10:54.856,1.01605,1.01635,0.30,0.10
2008.04.16 20:10:55.110,1.01605,1.01635,0.30,0.10
2008.04.16 20:10:55.363,1.01605,1.01635,0.30,0.10
2008.04.16 20:10:55.647,1.01605,1.01635,0.30,0.10
2008.04.16 20:10:55.829,1.01605,1.01635,0.30,0.10
2008.04.16 20:10:56.043,1.01605,1.01635,0.30,0.10
2008.04.16 20:10:56.256,1.01605,1.01635,0.30,0.10
2008.04.16 20:10:56.470,1.01605,1.01635,0.30,0.10
2008.04.16 20:10:56.684,1.01605,1.01635,0.30,0.10
2008.04.16 20:10:56.932,1.01605,1.01635,0.30,0.10
2008.04.16 20:10:57.180,1.01605,1.01635,0.30,0.10
2008.04.16 20:10:57.430,1.01605,1.01635,0.30,0.10
2008.04.16 20:10:57.679,1.01605,1.01635,0.30,0.10
2008.04.16 20:10:57.907,1.01605,1.01635,0.30,0.10
2008.04.16 20:10:58.137,1.01605,1.01635,0.30,0.10
2008.04.16 20:10:58.365,1.01605,1.01635,0.30,0.10
2008.04.16 20:10:58.594,1.01605,1.01635,0.30,0.10
2008.04.16 20:10:58.824,1.01605,1.01635,0.30,0.10
2008.04.16 20:10:59.033,1.01605,1.01635,0.30,0.10
2008.04.16 20:10:59.241,1.01605,1.01635,0.30,0.10
2008.04.16 20:10:59.451,1.01605,1.01635,0.30,0.10
2008.04.16 20:10:59.659,1.01605,1.01635,0.30,0.10
2008.04.16 20:10:59.869,1.01605,1.01635,0.30,0.10
2008.04.16 20:11:00.106,1.01605,1.01635,0.30,0.10
2008.04.16 20:11:00.314,1.01605,1.01635,0.30,0.10
2008.04.16 20:11:00.523,1.01605,1.01635,0.30,0.10
2008.04.16 20:11:00.732,1.01605,1.01635,0.30,0.10
2008.04.16 20:11:00.956,1.01605,1.01635,0.30,0.10
2008.04.16 20:11:01.180,1.01605,1.01635,0.30,0.10
2008.04.16 20:11:01.404,1.01605,1.01635,0.30,0.10
2008.04.16 20:11:01.627,1.01605,1.01635,0.30,0.10
2008.04.16 20:11:01.850,1.01605,1.01635,0.30,0.10
2008.04.16 20:11:02.074,1.01605,1.01635,0.30,0.10
2008.04.16 20:11:02.298,1.01605,1.01635,0.30,0.10
2008.04.16 20:11:02.520,1.01605,1.01635,0.30,0.10
2008.04.16 20:11:02.769,1.01605,1.01635,0.30,0.10
2008.04.16 20:11:02.987,1.01605,1.01635,0.30,0.10
2008.04.16 20:11:03.205,1.01605,1.01635,0.30,0.10
2008.04.16 20:11:03.425,1.01605,1.01635,0.30,0.10
2008.04.16 20:11:03.643,1.01605,1.01635,0.30,0.10
2008.04.16 20:11:03.862,1.01605,1.01635,0.30,0.10
2008.04.16 20:11:04.114,1.01605,1.01635,0.30,0.10
2008.04.16 20:11:04.353,1.01605,1.01635,0.30,0.10
2008.04.16 20:11:04.592,1.01605,1.01635,0.30,0.10
2008.04.16 20:11:04.830,1.01605,1.01635,0.30,0.10
2008.04.16 20:11:05.044,1.01605,1.01635,0.30,0.10
2008.04.16 20:11:05.259,1.01605,1.01635,0.30,0.10
2008.04.16 20:11:05.472,1.01605,1.01635,0.30,0.10
2008.04.16 20:11:05.686,1.01605,1.01635,0.30,0.10
2008.04.16 20:11:05.899,1.01605,1.01635,0.30,0.10
2008.04.16 20:11:06.098,1.0159,1.01615,0.20,0.10
2008.04.16 20:11:06.298,1.0159,1.01615,0.20,0.10
2008.04.16 20:11:06.496,1.0158,1.01615,0.80,0.10
2008.04.16 20:11:06.696,1.0158,1.01615,0.80,0.10
2008.04.16 20:11:06.894,1.0158,1.01615,0.80,0.10
2008.04.16 20:11:07.143,1.0158,1.01615,0.80,0.10
2008.04.16 20:11:07.392,1.0158,1.01615,0.80,0.10
2008.04.16 20:11:07.641,1.0158,1.01615,0.80,0.10
2008.04.16 20:11:07.890,1.0158,1.01615,0.80,0.10
2008.04.16 20:11:08.104,1.0158,1.01615,0.80,0.10
2008.04.16 20:11:08.294,1.0158,1.01615,0.80,0.10
2008.04.16 20:11:08.482,1.0158,1.01615,0.80,0.10
2008.04.16 20:11:08.671,1.0158,1.01615,0.80,0.10
2008.04.16 20:11:08.861,1.0158,1.01615,0.80,0.10
2008.04.16 20:11:09.120,1.0158,1.01615,0.80,0.10
2008.04.16 20:11:09.380,1.0158,1.01615,0.80,0.10
2008.04.16 20:11:09.639,1.0158,1.01615,0.80,0.10
2008.04.16 20:11:09.898,1.0158,1.01615,0.80,0.10
2008.04.16 20:11:10.088,1.0158,1.01615,0.80,0.10
2008.04.16 20:11:10.271,1.0158,1.01615,0.80,0.10
2008.04.16 20:11:10.455,1.0158,1.01615,0.80,0.10
2008.04.16 20:11:10.639,1.01585,1.01615,0.40,0.10
2008.04.16 20:11:10.823,1.01585,1.01635,0.50,0.10
2008.04.16 20:11:11.027,1.01585,1.01635,0.50,0.10
2008.04.16 20:11:11.312,1.01585,1.01635,0.50,0.10
2008.04.16 20:11:11.596,1.01585,1.01635,0.50,0.10
2008.04.16 20:11:11.910,1.01585,1.01635,0.50,0.10
2008.04.16 20:11:12.073,1.01585,1.01635,0.50,0.10
2008.04.16 20:11:12.235,1.01585,1.01635,0.50,0.10
2008.04.16 20:11:12.403,1.01585,1.01635,0.50,0.10
2008.04.16 20:11:12.566,1.01585,1.01635,0.50,0.10
2008.04.16 20:11:12.753,1.01585,1.01635,0.50,0.10
2008.04.16 20:11:12.916,1.01585,1.01635,0.50,0.10
2008.04.16 20:11:13.204,1.01585,1.01635,0.50,0.10
2008.04.16 20:11:13.492,1.01585,1.01635,0.50,0.10
2008.04.16 20:11:13.781,1.01585,1.01635,0.50,0.10
2008.04.16 20:11:14.070,1.01585,1.01635,0.50,0.10
2008.04.16 20:11:14.254,1.01585,1.01635,0.50,0.10
2008.04.16 20:11:14.439,1.01585,1.01635,0.50,0.10
2008.04.16 20:11:14.621,1.01585,1.01635,0.50,0.10
2008.04.16 20:11:14.804,1.01585,1.01635,0.50,0.10
2008.04.16 20:11:14.988,1.01585,1.01635,0.50,0.10
2008.04.16 20:11:15.172,1.01585,1.01635,0.50,0.10
2008.04.16 20:11:15.425,1.01585,1.01635,0.50,0.10
2008.04.16 20:11:15.679,1.01585,1.01635,0.50,0.10
2008.04.16 20:11:15.932,1.01585,1.01635,0.50,0.10
2008.04.16 20:11:16.186,1.0158,1.01615,0.20,0.10
2008.04.16 20:11:16.375,1.0158,1.01615,0.20,0.10
2008.04.16 20:11:16.564,1.01575,1.01615,0.70,0.10
2008.04.16 20:11:16.755,1.01575,1.01615,0.70,0.10
2008.04.16 20:11:16.942,1.01575,1.01615,0.70,0.10
2008.04.16 20:11:17.150,1.01575,1.01615,0.70,0.10
2008.04.16 20:11:17.428,1.01575,1.01615,0.70,0.10
2008.04.16 20:11:17.707,1.01575,1.01615,0.70,0.10
2008.04.16 20:11:17.986,1.01575,1.01615,0.70,0.10
2008.04.16 20:11:18.265,1.01575,1.01615,0.70,0.10
2008.04.16 20:11:18.490,1.01575,1.01615,0.70,0.10
2008.04.16 20:11:18.713,1.01575,1.01615,0.70,0.10
2008.04.16 20:11:18.936,1.01575,1.01615,0.70,0.10
2008.04.16 20:11:19.159,1.01575,1.01615,0.70,0.10
2008.04.16 20:11:19.408,1.01575,1.01615,0.70,0.10
2008.04.16 20:11:19.656,1.01575,1.01615,0.70,0.10
2008.04.16 20:11:19.906,1.01575,1.01615,0.70,0.10
2008.04.16 20:11:20.155,1.01585,1.01635,0.50,0.50
2008.04.16 20:11:20.382,1.01585,1.01635,0.50,0.10
2008.04.16 20:11:20.637,1.01585,1.01635,0.50,0.10
2008.04.16 20:11:20.859,1.01585,1.01635,0.50,0.10
2008.04.16 20:11:21.083,1.01585,1.01635,0.50,0.10
2008.04.16 20:11:21.309,1.01585,1.01635,0.50,0.10
2008.04.16 20:11:21.553,1.01585,1.01635,0.50,0.10
2008.04.16 20:11:21.797,1.01585,1.01635,0.50,0.10
2008.04.16 20:11:22.040,1.01585,1.01635,0.50,0.10
2008.04.16 20:11:22.284,1.01585,1.01635,0.50,0.10
2008.04.16 20:11:22.497,1.01585,1.01635,0.50,0.10
2008.04.16 20:11:22.710,1.01585,1.01635,0.50,0.10
2008.04.16 20:11:22.925,1.01585,1.01635,0.50,0.10
2008.04.16 20:11:23.139,1.01585,1.01635,0.50,0.10
2008.04.16 20:11:23.358,1.01585,1.01635,0.50,0.10
2008.04.16 20:11:23.577,1.01585,1.01635,0.50,0.10
2008.04.16 20:11:23.795,1.01585,1.01635,0.50,0.10
2008.04.16 20:11:24.014,1.01585,1.01635,0.50,0.10
2008.04.16 20:11:24.233,1.01585,1.01635,0.50,0.10
2008.04.16 20:11:24.481,1.01585,1.01635,0.50,0.10
2008.04.16 20:11:24.731,1.01585,1.01635,0.50,0.10
2008.04.16 20:11:25.011,1.01585,1.01635,0.30,0.10
2008.04.16 20:11:25.263,1.01585,1.01635,0.30,0.10
2008.04.16 20:11:25.510,1.01585,1.01635,0.30,0.10
2008.04.16 20:11:25.760,1.01585,1.01635,0.30,0.10
2008.04.16 20:11:26.007,1.01585,1.01635,0.30,0.10
2008.04.16 20:11:26.257,1.01585,1.01635,0.30,0.10
2008.04.16 20:11:26.481,1.01585,1.01635,0.30,0.10
2008.04.16 20:11:26.739,1.01585,1.01635,0.30,0.10
2008.04.16 20:11:26.962,1.01585,1.01635,0.30,0.10
2008.04.16 20:11:27.185,1.01585,1.01635,0.30,0.10
2008.04.16 20:11:27.440,1.01585,1.01635,0.30,0.10
2008.04.16 20:11:27.649,1.01585,1.01635,0.30,0.10
2008.04.16 20:11:27.888,1.01585,1.01635,0.30,0.10
2008.04.16 20:11:28.127,1.01585,1.01635,0.30,0.10
2008.04.16 20:11:28.398,1.01585,1.01625,0.30,0.10
2008.04.16 20:11:28.612,1.01585,1.01625,0.30,0.10
2008.04.16 20:11:28.827,1.01585,1.01625,0.30,0.10
2008.04.16 20:11:29.041,1.01585,1.01625,0.30,0.10
2008.04.16 20:11:29.254,1.01585,1.01625,0.30,0.10
2008.04.16 20:11:29.494,1.01585,1.01625,0.30,0.10
2008.04.16 20:11:29.742,1.01585,1.01625,0.30,0.10
2008.04.16 20:11:29.980,1.01585,1.01625,0.30,0.10
2008.04.16 20:11:30.219,1.01585,1.01625,0.30,0.10
2008.04.16 20:11:30.489,1.01585,1.01625,0.30,0.10
2008.04.16 20:11:30.677,1.01585,1.01625,0.30,0.10
2008.04.16 20:11:30.896,1.01585,1.01625,0.30,0.10
2008.04.16 20:11:31.115,1.01585,1.01625,0.30,0.10
2008.04.16 20:11:31.335,1.01585,1.01625,0.30,0.10
2008.04.16 20:11:31.554,1.01585,1.01625,0.30,0.10
2008.04.16 20:11:32.685,1.01585,1.01625,0.30,0.10
2008.04.16 20:11:32.777,1.01585,1.01625,0.30,0.10
2008.04.16 20:11:32.871,1.01585,1.01625,0.30,0.10
2008.04.16 20:11:32.965,1.01585,1.01625,0.30,0.10
2008.04.16 20:11:33.058,1.01585,1.01625,0.30,0.10
2008.04.16 20:11:33.151,1.01585,1.01625,0.30,0.10
2008.04.16 20:11:33.246,1.01585,1.01625,0.30,0.10
2008.04.16 20:11:33.342,1.01585,1.01625,0.30,0.10
2008.04.16 20:11:33.435,1.01585,1.01625,0.30,0.10
2008.04.16 20:11:33.532,1.01585,1.01635,0.30,0.10
2008.04.16 20:11:33.624,1.01585,1.01635,0.30,0.10
2008.04.16 20:11:33.718,1.01585,1.01625,0.30,0.10
2008.04.16 20:11:34.052,1.01585,1.01625,0.30,0.10
2008.04.16 20:11:34.386,1.01585,1.01625,0.30,0.10
2008.04.16 20:11:34.752,1.01585,1.01625,0.30,0.10
2008.04.16 20:11:34.919,1.01585,1.01625,0.30,0.10
2008.04.16 20:11:35.088,1.01585,1.01625,0.30,0.10
2008.04.16 20:11:35.256,1.01585,1.01625,0.30,0.10
2008.04.16 20:11:35.456,1.01585,1.01625,0.30,0.10
2008.04.16 20:11:35.594,1.01585,1.01625,0.30,0.10
2008.04.16 20:11:35.762,1.01585,1.01625,0.30,0.10
2008.04.16 20:11:36.083,1.01585,1.01625,0.30,0.10
2008.04.16 20:11:36.400,1.01585,1.01625,0.30,0.10
2008.04.16 20:11:36.719,1.01585,1.01625,0.30,0.10
2008.04.16 20:11:37.038,1.01585,1.01625,0.30,0.10
2008.04.16 20:11:37.207,1.01585,1.01625,0.30,0.10
2008.04.16 20:11:37.398,1.01585,1.01625,0.30,0.10
2008.04.16 20:11:37.569,1.01585,1.01625,0.30,0.10
2008.04.16 20:11:37.737,1.01585,1.01625,0.30,0.10
2008.04.16 20:11:37.904,1.01585,1.01625,0.30,0.10
2008.04.16 20:11:38.233,1.01585,1.01625,0.30,0.10
2008.04.16 20:11:38.562,1.01585,1.01625,0.30,0.10
2008.04.16 20:11:38.890,1.01585,1.01625,0.30,0.10
2008.04.16 20:11:39.084,1.01585,1.01625,0.30,0.10
2008.04.16 20:11:39.277,1.01585,1.01625,0.30,0.10
2008.04.16 20:11:39.498,1.01585,1.01625,0.30,0.10
2008.04.16 20:11:39.691,1.01585,1.01625,0.30,0.10
2008.04.16 20:11:39.886,1.01585,1.01625,0.30,0.10
2008.04.16 20:11:40.139,1.01585,1.01625,0.30,0.10
2008.04.16 20:11:40.393,1.01585,1.01625,0.30,0.10
2008.04.16 20:11:40.649,1.01595,1.01645,0.50,0.10
2008.04.16 20:11:40.904,1.01595,1.01645,0.50,0.10
2008.04.16 20:11:41.140,1.01595,1.01645,0.50,0.40
2008.04.16 20:11:41.372,1.01595,1.01635,0.30,0.10
2008.04.16 20:11:41.632,1.01595,1.01635,0.30,0.10
2008.04.16 20:11:41.861,1.01595,1.01635,0.30,0.10
2008.04.16 20:11:42.114,1.01595,1.01635,0.30,0.10
2008.04.16 20:11:42.368,1.01595,1.01635,0.30,0.10
2008.04.16 20:11:42.622,1.01595,1.01635,0.30,0.10
2008.04.16 20:11:42.876,1.01595,1.01635,0.30,0.10
2008.04.16 20:11:43.130,1.01595,1.01635,0.30,0.10
2008.04.16 20:11:43.360,1.01595,1.01635,0.30,0.10
2008.04.16 20:11:43.526,1.01595,1.01635,0.30,0.10
2008.04.16 20:11:43.726,1.01595,1.01635,0.30,0.10
2008.04.16 20:11:43.929,1.01595,1.01635,0.30,0.10
2008.04.16 20:11:44.165,1.01595,1.01635,0.30,0.10
2008.04.16 20:11:44.415,1.01595,1.01635,0.30,0.10
2008.04.16 20:11:44.638,1.01595,1.01635,0.30,0.10
2008.04.16 20:11:44.862,1.01595,1.01635,0.30,0.10
2008.04.16 20:11:45.115,1.01595,1.01635,0.30,0.10
2008.04.16 20:11:45.332,1.01595,1.01635,0.30,0.10
2008.04.16 20:11:45.585,1.01595,1.01635,0.30,0.10
2008.04.16 20:11:45.761,1.01595,1.01635,0.30,0.10
2008.04.16 20:11:45.974,1.01595,1.01635,0.30,0.10
2008.04.16 20:11:46.188,1.01595,1.01635,0.30,0.10
2008.04.16 20:11:46.487,1.01595,1.01635,0.30,0.10
2008.04.16 20:11:46.785,1.01595,1.01635,0.30,0.10
2008.04.16 20:11:47.084,1.01595,1.01635,0.30,0.10
2008.04.16 20:11:47.278,1.01595,1.01635,0.30,0.10
2008.04.16 20:11:47.475,1.01595,1.01635,0.30,0.10
2008.04.16 20:11:47.670,1.01595,1.01635,0.30,0.10
2008.04.16 20:11:47.864,1.01595,1.01635,0.30,0.10
2008.04.16 20:11:48.074,1.01595,1.01635,0.30,0.10
2008.04.16 20:11:48.322,1.01595,1.01635,0.30,0.10
2008.04.16 20:11:48.569,1.01595,1.01635,0.30,0.10
2008.04.16 20:11:48.818,1.01595,1.01635,0.30,0.10
2008.04.16 20:11:49.066,1.01595,1.01635,0.30,0.10
2008.04.16 20:11:49.315,1.01595,1.01635,0.30,0.10
2008.04.16 20:11:49.568,1.01595,1.01635,0.30,0.10
2008.04.16 20:11:49.821,1.01595,1.01635,0.30,0.10
2008.04.16 20:11:50.075,1.01595,1.01635,0.30,0.10
2008.04.16 20:11:50.293,1.01595,1.01635,0.30,0.10
2008.04.16 20:11:50.512,1.01595,1.01635,0.30,0.10
2008.04.16 20:11:50.740,1.01595,1.01635,0.30,0.10
2008.04.16 20:11:50.958,1.01595,1.01635,0.30,0.10
2008.04.16 20:11:51.178,1.01595,1.01635,0.30,0.10
2008.04.16 20:11:51.452,1.01595,1.01635,0.30,0.10
2008.04.16 20:11:51.726,1.01595,1.01635,0.30,0.10
2008.04.16 20:11:52.013,1.01595,1.01635,0.30,0.10
2008.04.16 20:11:52.319,1.01595,1.01635,0.30,0.10
2008.04.16 20:11:52.559,1.01595,1.01635,0.30,0.10
2008.04.16 20:11:52.797,1.01595,1.01635,0.30,0.10
2008.04.16 20:11:53.036,1.01595,1.01635,0.30,0.10
2008.04.16 20:11:53.274,1.01595,1.01635,0.30,0.10
2008.04.16 20:11:53.498,1.01595,1.01635,0.30,0.10
2008.04.16 20:11:53.720,1.01595,1.01635,0.30,0.10
2008.04.16 20:11:53.975,1.01595,1.01635,0.30,0.10
2008.04.16 20:11:54.197,1.01595,1.01635,0.30,0.10
2008.04.16 20:11:54.420,1.01595,1.01635,0.30,0.10
2008.04.16 20:11:54.614,1.01595,1.01635,0.30,0.10
2008.04.16 20:11:54.823,1.01595,1.01635,0.30,0.10
2008.04.16 20:11:55.030,1.01595,1.01635,0.30,0.10
2008.04.16 20:11:55.222,1.01595,1.01635,0.30,0.10
2008.04.16 20:11:55.492,1.01595,1.01635,0.30,0.10
2008.04.16 20:11:55.736,1.01595,1.01635,0.30,0.10
2008.04.16 20:11:55.980,1.01595,1.01635,0.30,0.10
2008.04.16 20:11:56.224,1.01595,1.01635,0.30,0.10
2008.04.16 20:11:56.413,1.01595,1.01635,0.30,0.10
2008.04.16 20:11:56.602,1.01595,1.01635,0.30,0.10
2008.04.16 20:11:56.790,1.01595,1.01635,0.30,0.10
2008.04.16 20:11:56.983,1.01595,1.01635,0.30,0.10
2008.04.16 20:11:57.172,1.01595,1.01635,0.30,0.10
2008.04.16 20:11:57.361,1.01595,1.01635,0.30,0.10
2008.04.16 20:11:57.612,1.01595,1.01635,0.30,0.10
2008.04.16 20:11:57.890,1.01595,1.01635,0.30,0.10
2008.04.16 20:11:58.137,1.01595,1.01635,0.30,0.10
2008.04.16 20:11:58.384,1.01595,1.01635,0.30,0.10
2008.04.16 20:11:58.649,1.01595,1.01635,0.30,0.10
2008.04.16 20:11:58.881,1.01595,1.01635,0.30,0.10
2008.04.16 20:11:59.115,1.01595,1.01635,0.30,0.10
2008.04.16 20:11:59.348,1.01595,1.01635,0.30,0.10
2008.04.16 20:11:59.536,1.01595,1.01635,0.30,0.10
2008.04.16 20:11:59.725,1.01595,1.01635,0.30,0.10
2008.04.16 20:11:59.913,1.01595,1.01635,0.30,0.10
2008.04.16 20:12:00.101,1.01595,1.01635,0.30,0.10
2008.04.16 20:12:00.290,1.01595,1.01635,0.30,0.10
2008.04.16 20:12:00.509,1.01595,1.01635,0.30,0.10
2008.04.16 20:12:00.727,1.01595,1.01635,0.30,0.10
2008.04.16 20:12:00.968,1.01595,1.01635,0.30,0.10
2008.04.16 20:12:01.186,1.01595,1.01635,0.30,0.10
2008.04.16 20:12:01.405,1.01595,1.01635,0.30,0.10
2008.04.16 20:12:01.673,1.01595,1.01635,0.30,0.10
2008.04.16 20:12:01.948,1.01595,1.01635,0.30,0.10
2008.04.16 20:12:02.217,1.01595,1.01635,0.30,0.10
2008.04.16 20:12:02.497,1.01595,1.01635,0.30,0.10
2008.04.16 20:12:02.700,1.01595,1.01635,0.30,0.10
2008.04.16 20:12:02.905,1.01595,1.01635,0.30,0.10
2008.04.16 20:12:03.109,1.01595,1.01635,0.30,0.10
2008.04.16 20:12:03.312,1.01595,1.01635,0.30,0.10
2008.04.16 20:12:03.518,1.01595,1.01635,0.30,0.10
2008.04.16 20:12:03.761,1.01595,1.01635,0.30,0.10
2008.04.16 20:12:04.025,1.01595,1.01635,0.30,0.10
2008.04.16 20:12:04.299,1.01595,1.01635,0.30,0.10
2008.04.16 20:12:04.542,1.01595,1.01635,0.30,0.10
2008.04.16 20:12:04.805,1.01595,1.01635,0.30,0.10
2008.04.16 20:12:05.070,1.01595,1.01635,0.30,0.10
2008.04.16 20:12:05.364,1.01595,1.01635,0.30,0.10
2008.04.16 20:12:05.597,1.01595,1.01635,0.30,0.10
2008.04.16 20:12:05.775,1.01595,1.01635,0.30,0.10
2008.04.16 20:12:05.955,1.01595,1.01635,0.30,0.10
2008.04.16 20:12:06.135,1.01595,1.01635,0.30,0.10
2008.04.16 20:12:06.314,1.01595,1.01635,0.30,0.10
2008.04.16 20:12:06.495,1.01595,1.01635,0.30,0.10
2008.04.16 20:12:06.794,1.01595,1.01635,0.30,0.10
2008.04.16 20:12:07.096,1.01595,1.01635,0.30,0.10
2008.04.16 20:12:07.425,1.01595,1.01635,0.30,0.10
2008.04.16 20:12:07.638,1.01595,1.01635,0.30,0.10
2008.04.16 20:12:07.851,1.01595,1.01635,0.30,0.10
2008.04.16 20:12:08.064,1.01595,1.01635,0.30,0.10
2008.04.16 20:12:08.278,1.01595,1.01635,0.30,0.10
2008.04.16 20:12:08.491,1.01595,1.01635,0.30,0.10
2008.04.16 20:12:08.750,1.01595,1.01635,0.30,0.10
2008.04.16 20:12:09.009,1.01595,1.01635,0.30,0.10
2008.04.16 20:12:09.268,1.01595,1.01635,0.30,0.10
2008.04.16 20:12:09.527,1.01595,1.01635,0.30,0.10
2008.04.16 20:12:09.705,1.01595,1.01635,0.30,0.10
2008.04.16 20:12:09.884,1.01595,1.01635,0.30,0.10
2008.04.16 20:12:10.093,1.01595,1.01635,0.30,0.10
2008.04.16 20:12:10.273,1.01595,1.01635,0.30,0.10
2008.04.16 20:12:10.451,1.01595,1.01635,0.30,0.10
2008.04.16 20:12:10.629,1.01595,1.01635,0.30,0.10
2008.04.16 20:12:10.943,1.01595,1.01635,0.30,0.10
2008.04.16 20:12:11.256,1.01595,1.01635,0.30,0.10
2008.04.16 20:12:11.570,1.01595,1.01635,0.30,0.10
2008.04.16 20:12:11.787,1.01595,1.01635,0.30,0.10
2008.04.16 20:12:11.974,1.01595,1.01635,0.30,0.10
2008.04.16 20:12:12.161,1.01595,1.01635,0.30,0.10
2008.04.16 20:12:12.350,1.01595,1.01635,0.30,0.10
2008.04.16 20:12:12.538,1.01595,1.01635,0.30,0.10
2008.04.16 20:12:12.768,1.01595,1.01635,0.30,0.10
2008.04.16 20:12:12.996,1.01595,1.01635,0.30,0.10
2008.04.16 20:12:13.225,1.01595,1.01635,0.30,0.10
2008.04.16 20:12:13.454,1.01595,1.01635,0.30,0.10
2008.04.16 20:12:13.683,1.01595,1.01635,0.30,0.10
2008.04.16 20:12:13.951,1.01595,1.01635,0.30,0.10
2008.04.16 20:12:14.251,1.01595,1.01635,0.30,0.10
2008.04.16 20:12:14.518,1.01595,1.01635,0.30,0.10
2008.04.16 20:12:14.787,1.01595,1.01635,0.30,0.10
2008.04.16 20:12:15.039,1.01595,1.01635,0.30,0.10
2008.04.16 20:12:15.225,1.01595,1.01635,0.30,0.10
2008.04.16 20:12:15.444,1.01595,1.01635,0.30,0.10
2008.04.16 20:12:15.662,1.01595,1.01635,0.30,0.10
2008.04.16 20:12:15.856,1.01595,1.01635,0.30,0.10
2008.04.16 20:12:16.050,1.01595,1.01635,0.30,0.10
2008.04.16 20:12:16.244,1.01595,1.01635,0.30,0.10
2008.04.16 20:12:16.438,1.01595,1.01635,0.30,0.10
2008.04.16 20:12:16.631,1.01595,1.01635,0.30,0.10
2008.04.16 20:12:16.824,1.01595,1.01635,0.30,0.10
2008.04.16 20:12:17.063,1.01595,1.01635,0.30,0.10
2008.04.16 20:12:17.301,1.01595,1.01635,0.30,0.10
2008.04.16 20:12:17.540,1.01595,1.01635,0.30,0.10
2008.04.16 20:12:17.779,1.01595,1.01635,0.30,0.10
2008.04.16 20:12:17.978,1.01595,1.01635,0.30,0.10
2008.04.16 20:12:18.177,1.01595,1.01635,0.30,0.10
2008.04.16 20:12:18.376,1.01595,1.01635,0.30,0.10
2008.04.16 20:12:18.586,1.01595,1.01635,0.30,0.10
2008.04.16 20:12:18.786,1.01595,1.01635,0.30,0.10
2008.04.16 20:12:19.002,1.01595,1.01635,0.30,0.10
2008.04.16 20:12:19.216,1.01595,1.01635,0.30,0.10
2008.04.16 20:12:19.460,1.01595,1.01645,0.30,0.10
2008.04.16 20:12:19.691,1.01595,1.01645,0.30,0.10
2008.04.16 20:12:19.938,1.01595,1.01645,0.30,0.10
2008.04.16 20:12:20.254,1.01595,1.01645,0.30,0.10
2008.04.16 20:12:20.593,1.01595,1.01645,0.30,0.10
2008.04.16 20:12:20.905,1.01595,1.01645,0.30,0.10
2008.04.16 20:12:21.113,1.01595,1.01645,0.30,0.10
2008.04.16 20:12:21.321,1.01595,1.01645,0.30,0.10
2008.04.16 20:12:21.530,1.01595,1.01645,0.30,0.10
2008.04.16 20:12:21.739,1.016,1.01645,1.60,0.10
2008.04.16 20:12:21.963,1.0161,1.01645,1.80,0.10
2008.04.16 20:12:22.188,1.01625,1.0165,0.30,0.30
2008.04.16 20:12:22.413,1.01625,1.0165,0.30,0.30
2008.04.16 20:12:22.636,1.0163,1.0165,0.80,0.30
2008.04.16 20:12:22.861,1.01635,1.01675,0.50,0.10
2008.04.16 20:12:23.156,1.01635,1.01675,0.50,0.10
2008.04.16 20:12:23.449,1.01635,1.01675,0.50,0.10
2008.04.16 20:12:23.744,1.01635,1.01675,0.50,0.10
2008.04.16 20:12:23.979,1.01635,1.01675,0.50,0.10
2008.04.16 20:12:24.214,1.01635,1.01675,0.50,0.10
2008.04.16 20:12:24.448,1.01635,1.01675,0.50,0.10
2008.04.16 20:12:24.713,1.01635,1.01675,0.50,0.10
2008.04.16 20:12:24.916,1.01635,1.01675,0.50,0.10
2008.04.16 20:12:25.160,1.01635,1.01675,0.50,0.10
2008.04.16 20:12:25.405,1.01635,1.01675,0.50,0.10
2008.04.16 20:12:25.651,1.01635,1.01675,0.50,0.10
2008.04.16 20:12:25.921,1.01635,1.01675,0.50,0.10
2008.04.16 20:12:26.211,1.01635,1.01675,0.50,0.10
2008.04.16 20:12:26.469,1.01635,1.01675,0.50,0.10
2008.04.16 20:12:26.718,1.01635,1.01675,0.50,0.10
2008.04.16 20:12:26.972,1.01635,1.01675,0.50,0.10
2008.04.16 20:12:27.212,1.01635,1.01675,0.50,0.10
2008.04.16 20:12:27.451,1.01635,1.01675,0.50,0.10
2008.04.16 20:12:27.707,1.01635,1.01675,0.50,0.10
2008.04.16 20:12:27.979,1.01635,1.01675,0.50,0.10
2008.04.16 20:12:28.251,1.01635,1.01675,0.50,0.10
2008.04.16 20:12:28.520,1.01635,1.01675,0.50,0.10
2008.04.16 20:12:28.790,1.01635,1.01675,0.50,0.10
2008.04.16 20:12:29.064,1.01635,1.01675,0.50,0.10
2008.04.16 20:12:29.285,1.01635,1.01675,0.50,0.10
2008.04.16 20:12:29.502,1.01635,1.01675,0.50,0.10
2008.04.16 20:12:29.737,1.01635,1.01675,0.50,0.10
2008.04.16 20:12:29.995,1.0164,1.01675,0.40,0.10
2008.04.16 20:12:30.230,1.01645,1.0169,0.30,0.30
2008.04.16 20:12:30.472,1.01645,1.01685,0.30,0.10
2008.04.16 20:12:30.711,1.01645,1.01685,0.30,0.10
2008.04.16 20:12:30.977,1.01645,1.01685,0.30,0.10
2008.04.16 20:12:31.285,1.01645,1.01685,0.30,0.10
2008.04.16 20:12:31.558,1.01645,1.01685,0.30,0.10
2008.04.16 20:12:31.832,1.01645,1.01685,0.30,0.10
2008.04.16 20:12:32.111,1.01645,1.01685,0.30,0.10
2008.04.16 20:12:32.368,1.01645,1.01685,0.30,0.10
2008.04.16 20:12:32.596,1.01645,1.01685,0.30,0.10
2008.04.16 20:12:32.825,1.01645,1.01685,0.30,0.10
2008.04.16 20:12:33.055,1.01645,1.01685,0.30,0.10
2008.04.16 20:12:33.385,1.01645,1.01685,0.30,0.10
2008.04.16 20:12:33.683,1.01645,1.01685,0.30,0.10
2008.04.16 20:12:33.982,1.01645,1.01685,0.30,0.10
2008.04.16 20:12:34.285,1.01645,1.01685,0.30,0.10
2008.04.16 20:12:34.503,1.01635,1.01675,1.00,0.10
2008.04.16 20:12:34.723,1.01625,1.01675,1.20,0.10
2008.04.16 20:12:34.945,1.01625,1.01675,0.50,0.10
2008.04.16 20:12:35.183,1.01625,1.01675,0.50,0.40
2008.04.16 20:12:35.489,1.01625,1.01665,0.30,0.10
2008.04.16 20:12:35.809,1.01625,1.01665,0.30,0.10
2008.04.16 20:12:36.038,1.01625,1.01665,0.30,0.10
2008.04.16 20:12:36.256,1.01625,1.01665,0.30,0.10
2008.04.16 20:12:36.506,1.01625,1.01665,0.30,0.10
2008.04.16 20:12:36.726,1.01625,1.01665,0.30,0.10
2008.04.16 20:12:36.946,1.0163,1.01665,0.40,0.10
2008.04.16 20:12:37.165,1.01635,1.01685,0.50,0.10
2008.04.16 20:12:37.429,1.01635,1.01685,1.20,0.10
2008.04.16 20:12:37.693,1.01635,1.01685,1.20,0.10
2008.04.16 20:12:37.957,1.01635,1.01685,1.20,0.10
2008.04.16 20:12:38.220,1.01635,1.01685,1.20,0.10
2008.04.16 20:12:38.438,1.01635,1.01685,1.20,0.10
2008.04.16 20:12:38.657,1.01635,1.01685,1.20,0.10
2008.04.16 20:12:38.875,1.01635,1.01685,1.20,0.10
2008.04.16 20:12:39.094,1.01635,1.01685,1.20,0.10
2008.04.16 20:12:39.314,1.01635,1.01685,1.20,0.10
2008.04.16 20:12:39.567,1.01635,1.01685,1.20,0.10
2008.04.16 20:12:39.822,1.01635,1.01685,1.20,0.10
2008.04.16 20:12:40.097,1.01635,1.01685,1.20,0.10
2008.04.16 20:12:40.350,1.01635,1.01685,1.20,0.10
2008.04.16 20:12:40.622,1.01635,1.01685,1.20,0.10
2008.04.16 20:12:40.896,1.01635,1.01685,1.20,0.10
2008.04.16 20:12:41.170,1.01635,1.01685,1.20,0.10
2008.04.16 20:12:41.443,1.01635,1.01685,1.20,0.10
2008.04.16 20:12:41.652,1.01635,1.01685,1.20,0.10
2008.04.16 20:12:41.860,1.01635,1.01685,1.20,0.10
2008.04.16 20:12:42.099,1.01635,1.01685,1.20,0.10
2008.04.16 20:12:42.308,1.01645,1.01685,0.30,0.10
2008.04.16 20:12:42.552,1.01645,1.01685,0.30,0.10
2008.04.16 20:12:42.796,1.01645,1.01685,1.00,0.10
2008.04.16 20:12:43.040,1.01645,1.01685,1.00,0.10
2008.04.16 20:12:43.285,1.01645,1.01685,1.00,0.10
2008.04.16 20:12:43.510,1.01645,1.01685,0.30,0.10
2008.04.16 20:12:43.733,1.01645,1.01685,0.30,0.10
2008.04.16 20:12:43.957,1.01645,1.01685,0.30,0.10
2008.04.16 20:12:44.180,1.01645,1.01685,0.30,0.10
2008.04.16 20:12:44.404,1.01645,1.01685,0.30,0.10
2008.04.16 20:12:44.666,1.01645,1.01685,0.30,0.10
2008.04.16 20:12:44.861,1.01645,1.01685,0.30,0.10
2008.04.16 20:12:45.093,1.01645,1.01685,0.30,0.10
2008.04.16 20:12:45.322,1.01645,1.01685,0.30,0.10
2008.04.16 20:12:45.536,1.01645,1.01685,0.30,0.10
2008.04.16 20:12:45.751,1.01645,1.01685,0.30,0.10
2008.04.16 20:12:45.965,1.01645,1.01685,0.30,0.10
2008.04.16 20:12:46.209,1.01645,1.01685,0.30,0.10
2008.04.16 20:12:46.392,1.01645,1.01685,0.30,0.10
2008.04.16 20:12:46.603,1.01645,1.01685,0.30,0.10
2008.04.16 20:12:46.813,1.01645,1.01685,0.30,0.10
2008.04.16 20:12:47.056,1.01645,1.01685,0.30,0.10
2008.04.16 20:12:47.232,1.01645,1.01685,0.30,0.10
2008.04.16 20:12:47.442,1.01645,1.01685,0.30,0.10
2008.04.16 20:12:47.725,1.01645,1.01685,0.30,0.10
2008.04.16 20:12:47.974,1.01645,1.01685,0.30,0.10
2008.04.16 20:12:48.222,1.01645,1.01685,0.30,0.10
2008.04.16 20:12:48.471,1.01645,1.01685,0.30,0.10
2008.04.16 20:12:48.695,1.01645,1.01685,0.30,0.10
2008.04.16 20:12:48.919,1.01645,1.01685,0.30,0.10
2008.04.16 20:12:49.147,1.01645,1.01685,0.30,0.10
2008.04.16 20:12:49.404,1.01645,1.01685,0.30,0.10
2008.04.16 20:12:49.627,1.01645,1.01685,0.30,0.10
2008.04.16 20:12:49.876,1.01645,1.01685,0.30,0.10
2008.04.16 20:12:50.126,1.01645,1.01685,0.30,0.10
2008.04.16 20:12:50.375,1.01645,1.01685,0.30,0.10
2008.04.16 20:12:50.630,1.01645,1.01685,0.30,0.10
2008.04.16 20:12:50.853,1.01645,1.01685,0.30,0.10
2008.04.16 20:12:51.078,1.01645,1.01685,0.30,0.10
2008.04.16 20:12:51.334,1.01645,1.01685,0.30,0.10
2008.04.16 20:12:51.525,1.01645,1.01685,0.30,0.10
2008.04.16 20:12:51.748,1.01645,1.01685,0.30,0.10
2008.04.16 20:12:51.966,1.01645,1.01685,0.30,0.10
2008.04.16 20:12:52.185,1.01645,1.01685,0.30,0.10
2008.04.16 20:12:52.405,1.01645,1.01685,0.30,0.10
2008.04.16 20:12:52.624,1.01645,1.01685,0.30,0.10
2008.04.16 20:12:52.833,1.01645,1.01685,0.30,0.10
2008.04.16 20:12:53.057,1.01645,1.01685,0.30,0.10
2008.04.16 20:12:53.265,1.01645,1.01685,0.30,0.10
2008.04.16 20:12:53.475,1.01645,1.01685,0.30,0.10
2008.04.16 20:12:53.683,1.01645,1.01685,0.30,0.10
2008.04.16 20:12:53.943,1.01645,1.01685,0.30,0.10
2008.04.16 20:12:54.203,1.01645,1.01685,0.30,0.10
2008.04.16 20:12:54.462,1.01645,1.01685,0.30,0.10
2008.04.16 20:12:54.720,1.01645,1.01685,0.30,0.10
2008.04.16 20:12:54.920,1.01645,1.01685,0.30,0.10
2008.04.16 20:12:55.118,1.01645,1.01685,0.30,0.10
2008.04.16 20:12:55.318,1.01645,1.01685,0.30,0.10
2008.04.16 20:12:55.516,1.01645,1.01685,0.30,0.10
2008.04.16 20:12:55.724,1.01645,1.01685,0.30,0.10
2008.04.16 20:12:55.959,1.01645,1.01685,0.30,0.10
2008.04.16 20:12:56.193,1.01645,1.01685,0.30,0.10
2008.04.16 20:12:56.427,1.01645,1.01685,0.30,0.10
2008.04.16 20:12:56.661,1.01645,1.01685,0.30,0.10
2008.04.16 20:12:56.894,1.01645,1.01685,0.30,0.10
2008.04.16 20:12:57.132,1.01645,1.01685,0.30,0.10
2008.04.16 20:12:57.369,1.01645,1.01685,0.30,0.10
2008.04.16 20:12:57.608,1.01645,1.01685,0.30,0.10
2008.04.16 20:12:57.846,1.01645,1.01685,0.30,0.10
2008.04.16 20:12:58.085,1.01645,1.01685,0.30,0.10
2008.04.16 20:12:58.324,1.01645,1.01685,0.30,0.10
2008.04.16 20:12:58.562,1.01645,1.01685,0.30,0.10
2008.04.16 20:12:58.801,1.01645,1.01685,0.30,0.10
2008.04.16 20:12:59.039,1.01645,1.01685,0.30,0.10
2008.04.16 20:12:59.278,1.01645,1.01685,0.30,0.10
2008.04.16 20:12:59.544,1.01645,1.01685,0.30,0.10
2008.04.16 20:12:59.782,1.01645,1.01685,0.30,0.10
2008.04.16 20:13:00.030,1.01645,1.01685,0.30,0.10
2008.04.16 20:13:00.308,1.01645,1.01685,0.30,0.10
2008.04.16 20:13:00.527,1.01645,1.01685,0.30,0.10
2008.04.16 20:13:00.775,1.01645,1.01685,0.30,0.10
2008.04.16 20:13:00.964,1.01645,1.01685,0.30,0.10
2008.04.16 20:13:01.153,1.01645,1.01685,0.30,0.10
2008.04.16 20:13:01.363,1.01645,1.01685,0.30,0.10
2008.04.16 20:13:01.553,1.01645,1.01685,0.30,0.10
2008.04.16 20:13:01.740,1.01645,1.01685,0.30,0.10
2008.04.16 20:13:01.929,1.01645,1.01685,0.30,0.10
2008.04.16 20:13:02.168,1.01645,1.01685,0.30,0.10
2008.04.16 20:13:02.406,1.01645,1.01685,0.30,0.10
2008.04.16 20:13:02.646,1.01645,1.01685,0.30,0.10
2008.04.16 20:13:02.884,1.01645,1.01685,0.30,0.10
2008.04.16 20:13:03.089,1.01645,1.01685,0.30,0.10
2008.04.16 20:13:03.292,1.01645,1.01685,0.30,0.10
2008.04.16 20:13:03.495,1.01645,1.01685,0.30,0.10
2008.04.16 20:13:03.707,1.01645,1.0167,0.30,0.30
2008.04.16 20:13:03.924,1.0162,1.01665,0.80,0.40
2008.04.16 20:13:04.193,1.0162,1.01655,0.80,0.10
2008.04.16 20:13:04.395,1.0162,1.01655,0.80,0.10
2008.04.16 20:13:04.630,1.0162,1.01655,0.80,0.10
2008.04.16 20:13:04.899,1.0162,1.01655,0.80,0.10
2008.04.16 20:13:05.132,1.0162,1.01655,0.80,0.10
2008.04.16 20:13:05.342,1.0162,1.01655,0.80,0.10
2008.04.16 20:13:05.571,1.0162,1.01655,0.80,0.10
2008.04.16 20:13:05.782,1.0162,1.01655,0.80,0.10
2008.04.16 20:13:05.991,1.0162,1.01655,0.80,0.10
2008.04.16 20:13:06.231,1.0162,1.01655,0.80,0.10
2008.04.16 20:13:06.470,1.0162,1.01655,0.80,0.10
2008.04.16 20:13:06.708,1.0162,1.01655,0.80,0.10
2008.04.16 20:13:06.948,1.0162,1.01655,0.80,0.10
2008.04.16 20:13:07.188,1.0162,1.01655,0.80,0.10
2008.04.16 20:13:07.407,1.0162,1.01655,0.80,0.10
2008.04.16 20:13:07.625,1.0162,1.01655,0.80,0.10
2008.04.16 20:13:07.846,1.0162,1.01655,0.80,0.10
2008.04.16 20:13:08.097,1.0162,1.01655,0.80,0.10
2008.04.16 20:13:08.351,1.0162,1.01655,0.80,0.10
2008.04.16 20:13:08.605,1.0162,1.01655,0.80,0.10
2008.04.16 20:13:08.859,1.0162,1.01655,0.80,0.10
2008.04.16 20:13:09.112,1.0162,1.01655,0.80,0.10
2008.04.16 20:13:09.321,1.0162,1.01655,0.80,0.10
2008.04.16 20:13:09.529,1.0162,1.01655,0.80,0.10
2008.04.16 20:13:09.737,1.0162,1.01655,0.80,0.10
2008.04.16 20:13:09.946,1.0162,1.01655,0.80,0.10
2008.04.16 20:13:10.154,1.0162,1.01655,0.80,0.10
2008.04.16 20:13:10.393,1.0162,1.01655,0.80,0.10
2008.04.16 20:13:10.632,1.0162,1.01655,0.80,0.10
2008.04.16 20:13:10.902,1.0162,1.01655,0.80,0.10
2008.04.16 20:13:11.110,1.0162,1.01655,0.80,0.10
2008.04.16 20:13:11.303,1.0162,1.01655,0.80,0.10
2008.04.16 20:13:11.503,1.0162,1.01655,0.80,0.10
2008.04.16 20:13:11.697,1.0162,1.01655,0.80,0.10
2008.04.16 20:13:11.892,1.0162,1.01655,0.80,0.10
2008.04.16 20:13:12.086,1.0162,1.01655,0.80,0.10
2008.04.16 20:13:12.375,1.0162,1.01655,0.80,0.10
2008.04.16 20:13:12.634,1.0162,1.01655,0.80,0.10
2008.04.16 20:13:12.891,1.0162,1.01655,0.80,0.10
2008.04.16 20:13:13.150,1.0162,1.01655,0.80,0.10
2008.04.16 20:13:13.369,1.0162,1.01655,0.80,0.10
2008.04.16 20:13:13.588,1.0162,1.01655,0.80,0.10
2008.04.16 20:13:13.807,1.0162,1.01655,0.80,0.10
2008.04.16 20:13:14.025,1.0162,1.01655,0.80,0.10
2008.04.16 20:13:14.244,1.0162,1.01655,0.80,0.10
2008.04.16 20:13:14.442,1.0162,1.01655,0.80,0.10
2008.04.16 20:13:14.643,1.0162,1.01655,0.80,0.10
2008.04.16 20:13:14.878,1.0162,1.01645,0.80,0.10
2008.04.16 20:13:15.079,1.0162,1.01645,0.80,0.10
2008.04.16 20:13:15.278,1.0162,1.01645,0.80,0.10
2008.04.16 20:13:15.531,1.0162,1.01645,0.80,0.10
2008.04.16 20:13:15.786,1.0162,1.01645,0.80,0.10
2008.04.16 20:13:16.040,1.0162,1.01645,0.80,0.10
2008.04.16 20:13:16.294,1.0162,1.01645,0.80,0.10
2008.04.16 20:13:16.515,1.0162,1.01645,0.80,0.10
2008.04.16 20:13:16.734,1.0162,1.01645,0.80,0.10
2008.04.16 20:13:16.953,1.0162,1.01645,0.80,0.10
2008.04.16 20:13:17.173,1.0162,1.01645,0.80,0.10
2008.04.16 20:13:17.391,1.0162,1.01645,0.80,0.10
2008.04.16 20:13:17.605,1.0162,1.01645,0.80,0.10
2008.04.16 20:13:17.820,1.0162,1.01645,0.80,0.10
2008.04.16 20:13:18.035,1.0162,1.01645,0.80,0.10
2008.04.16 20:13:18.249,1.0162,1.01645,0.80,0.10
2008.04.16 20:13:18.463,1.0162,1.01645,0.80,0.10
2008.04.16 20:13:18.717,1.0162,1.01645,0.80,0.10
2008.04.16 20:13:18.971,1.0162,1.01645,0.80,0.10
2008.04.16 20:13:19.225,1.0162,1.01645,0.80,0.10
2008.04.16 20:13:19.481,1.0162,1.01645,0.80,0.10
2008.04.16 20:13:19.729,1.0162,1.01645,0.80,0.10
2008.04.16 20:13:19.977,1.0162,1.01645,0.80,0.10
2008.04.16 20:13:20.257,1.0162,1.01645,0.80,0.10
2008.04.16 20:13:20.503,1.01605,1.01645,0.30,0.10
2008.04.16 20:13:20.688,1.01605,1.01645,0.30,0.40
2008.04.16 20:13:20.873,1.016,1.01645,0.20,0.40
2008.04.16 20:13:21.058,1.01595,1.01645,0.20,0.40
2008.04.16 20:13:21.242,1.01595,1.01645,0.20,0.40
2008.04.16 20:13:21.456,1.01595,1.01645,0.20,0.40
2008.04.16 20:13:21.734,1.01595,1.01645,0.20,0.40
2008.04.16 20:13:22.013,1.01595,1.01645,0.20,0.40
2008.04.16 20:13:22.292,1.01595,1.01645,0.20,0.40
2008.04.16 20:13:22.571,1.01595,1.01645,0.20,0.40
2008.04.16 20:13:22.790,1.01595,1.01645,0.20,0.40
2008.04.16 20:13:23.030,1.01595,1.01645,0.20,0.40
2008.04.16 20:13:23.249,1.01595,1.01645,1.00,0.40
2008.04.16 20:13:23.469,1.01595,1.01645,1.00,0.40
2008.04.16 20:13:23.744,1.01595,1.01645,1.00,0.40
2008.04.16 20:13:23.988,1.01595,1.01645,1.00,0.40
2008.04.16 20:13:24.231,1.01595,1.01645,1.00,0.40
2008.04.16 20:13:24.475,1.01595,1.01645,1.20,0.10
2008.04.16 20:13:24.664,1.01595,1.01645,1.20,0.10
2008.04.16 20:13:24.853,1.01595,1.01645,1.20,0.10
2008.04.16 20:13:25.051,1.01595,1.01645,1.20,0.10
2008.04.16 20:13:25.270,1.01595,1.01645,1.20,0.10
2008.04.16 20:13:25.458,1.01595,1.01645,1.20,0.10
2008.04.16 20:13:25.732,1.016,1.01645,0.20,0.10
2008.04.16 20:13:26.006,1.016,1.01645,0.20,0.10
2008.04.16 20:13:26.280,1.016,1.01645,0.20,0.10
2008.04.16 20:13:26.554,1.016,1.01645,0.20,0.10
2008.04.16 20:13:26.794,1.016,1.01645,0.20,0.10
2008.04.16 20:13:27.043,1.016,1.01645,0.20,0.10
2008.04.16 20:13:27.313,1.016,1.01645,0.20,0.40
2008.04.16 20:13:27.553,1.01595,1.01645,1.20,0.40
2008.04.16 20:13:27.821,1.01595,1.01645,1.20,0.40
2008.04.16 20:13:28.089,1.01595,1.01645,1.20,0.40
2008.04.16 20:13:28.389,1.01595,1.01645,1.20,0.40
2008.04.16 20:13:28.627,1.01595,1.01645,1.20,0.40
2008.04.16 20:13:28.806,1.01595,1.01645,1.20,0.40
2008.04.16 20:13:28.984,1.01595,1.01645,1.20,0.40
2008.04.16 20:13:29.163,1.01595,1.01645,1.20,0.40
2008.04.16 20:13:29.342,1.01595,1.01645,1.20,0.40
2008.04.16 20:13:29.520,1.01595,1.01645,1.20,0.40
2008.04.16 20:13:29.815,1.01595,1.01645,1.20,0.40
2008.04.16 20:13:30.126,1.01595,1.01645,1.20,0.40
2008.04.16 20:13:30.449,1.01595,1.01645,1.20,0.10
2008.04.16 20:13:30.697,1.01595,1.01645,1.20,0.10
2008.04.16 20:13:30.879,1.01595,1.01645,1.20,0.10
2008.04.16 20:13:31.124,1.01595,1.01645,1.20,0.10
2008.04.16 20:13:31.340,1.01595,1.01645,1.20,0.10
2008.04.16 20:13:31.555,1.01595,1.01645,1.20,0.10
2008.04.16 20:13:31.808,1.01595,1.01645,1.20,0.10
2008.04.16 20:13:32.031,1.01595,1.01645,1.20,0.10
2008.04.16 20:13:32.255,1.01595,1.01645,1.20,0.10
2008.04.16 20:13:32.481,1.01595,1.01645,1.20,0.10
2008.04.16 20:13:32.724,1.01595,1.01645,1.20,0.10
2008.04.16 20:13:32.968,1.01595,1.01645,1.20,0.10
2008.04.16 20:13:33.212,1.01595,1.01645,1.20,0.10
2008.04.16 20:13:33.455,1.01595,1.01645,1.20,0.10
2008.04.16 20:13:33.700,1.01595,1.01645,1.20,0.10
2008.04.16 20:13:33.909,1.01595,1.01645,1.20,0.10
2008.04.16 20:13:34.149,1.01595,1.01645,1.20,0.10
2008.04.16 20:13:34.359,1.01595,1.01645,1.20,0.10
2008.04.16 20:13:34.568,1.01595,1.01645,1.20,0.10
2008.04.16 20:13:34.782,1.016,1.01645,0.20,0.10
2008.04.16 20:13:34.996,1.016,1.01645,0.20,0.10
2008.04.16 20:13:35.209,1.016,1.01645,0.20,0.10
2008.04.16 20:13:35.423,1.016,1.01645,0.20,0.10
2008.04.16 20:13:35.637,1.016,1.01645,0.20,0.10
2008.04.16 20:13:35.881,1.016,1.01645,0.20,0.10
2008.04.16 20:13:36.125,1.016,1.01645,0.20,0.10
2008.04.16 20:13:36.368,1.016,1.01645,0.20,0.40
2008.04.16 20:13:36.612,1.016,1.01645,0.20,0.40
2008.04.16 20:13:36.826,1.01595,1.01645,1.20,0.40
2008.04.16 20:13:37.070,1.01595,1.01645,1.20,0.40
2008.04.16 20:13:37.254,1.01595,1.01645,1.20,0.40
2008.04.16 20:13:37.467,1.01595,1.01645,1.20,0.40
2008.04.16 20:13:37.681,1.01595,1.01645,1.20,0.40
2008.04.16 20:13:37.938,1.01595,1.01645,1.20,0.10
2008.04.16 20:13:38.214,1.01595,1.01645,1.20,0.10
2008.04.16 20:13:38.472,1.01595,1.01645,1.20,0.10
2008.04.16 20:13:38.731,1.01595,1.01645,1.20,0.10
2008.04.16 20:13:38.936,1.01595,1.01645,1.20,0.10
2008.04.16 20:13:39.141,1.01595,1.01645,1.20,0.10
2008.04.16 20:13:39.344,1.01595,1.01645,1.20,0.10
2008.04.16 20:13:39.548,1.01595,1.01645,1.20,0.10
2008.04.16 20:13:39.752,1.01595,1.01645,1.20,0.10
2008.04.16 20:13:39.986,1.01595,1.01645,1.20,0.10
2008.04.16 20:13:40.205,1.01595,1.01645,1.20,0.10
2008.04.16 20:13:40.423,1.01595,1.01645,1.20,0.10
2008.04.16 20:13:40.645,1.01595,1.01645,1.20,0.10
2008.04.16 20:13:40.864,1.01595,1.01645,1.20,0.10
2008.04.16 20:13:41.119,1.01595,1.01645,1.20,0.10
2008.04.16 20:13:41.372,1.01595,1.01645,1.20,0.10
2008.04.16 20:13:41.629,1.01595,1.01645,1.20,0.10
2008.04.16 20:13:41.883,1.01595,1.01645,1.20,0.10
2008.04.16 20:13:42.122,1.01595,1.01645,1.20,0.10
2008.04.16 20:13:42.360,1.01595,1.01645,1.20,0.10
2008.04.16 20:13:42.599,1.01595,1.01645,1.20,0.10
2008.04.16 20:13:42.839,1.01595,1.01645,1.20,0.10
2008.04.16 20:13:43.056,1.01595,1.01645,1.20,0.10
2008.04.16 20:13:43.275,1.01595,1.01645,1.20,0.10
2008.04.16 20:13:43.496,1.01595,1.01645,1.20,0.10
2008.04.16 20:13:43.730,1.01605,1.01645,0.30,0.10
2008.04.16 20:13:43.949,1.01605,1.01645,0.30,0.10
2008.04.16 20:13:44.203,1.01605,1.01645,0.30,0.10
2008.04.16 20:13:44.457,1.01605,1.01645,0.30,0.10
2008.04.16 20:13:44.742,1.01605,1.01645,0.30,0.10
2008.04.16 20:13:44.997,1.01605,1.01645,0.30,0.10
2008.04.16 20:13:45.184,1.01605,1.01645,0.30,0.10
2008.04.16 20:13:45.397,1.01605,1.01645,0.30,0.10
2008.04.16 20:13:45.622,1.01605,1.01645,0.30,0.10
2008.04.16 20:13:45.777,1.01605,1.01645,0.30,0.10
2008.04.16 20:13:46.027,1.01605,1.01645,0.30,0.10
2008.04.16 20:13:46.276,1.01605,1.01645,0.30,0.10
2008.04.16 20:13:46.528,1.01605,1.01645,0.30,0.10
2008.04.16 20:13:46.778,1.01605,1.01645,0.30,0.10
2008.04.16 20:13:47.058,1.01605,1.01645,0.30,0.10
2008.04.16 20:13:47.317,1.01605,1.01645,0.30,0.10
2008.04.16 20:13:47.578,1.01605,1.01645,0.30,0.10
2008.04.16 20:13:47.835,1.01605,1.01645,0.30,0.10
2008.04.16 20:13:48.039,1.01605,1.01645,0.30,0.10
2008.04.16 20:13:48.290,1.01605,1.01645,0.30,0.10
2008.04.16 20:13:48.448,1.01605,1.01645,0.30,0.10
2008.04.16 20:13:48.652,1.01605,1.01645,0.30,0.10
2008.04.16 20:13:48.860,1.01605,1.01645,0.30,0.10
2008.04.16 20:13:49.065,1.01605,1.01655,0.50,0.10
2008.04.16 20:13:49.339,1.01605,1.01655,0.50,0.10
2008.04.16 20:13:49.612,1.01605,1.01655,0.50,0.10
2008.04.16 20:13:49.886,1.01605,1.01655,0.50,0.10
2008.04.16 20:13:50.159,1.01605,1.01655,0.50,0.10
2008.04.16 20:13:50.357,1.01605,1.01655,0.50,0.10
2008.04.16 20:13:50.557,1.01605,1.01655,0.50,0.10
2008.04.16 20:13:50.755,1.01605,1.01655,0.50,0.10
2008.04.16 20:13:50.984,1.01605,1.01655,0.50,0.10
2008.04.16 20:13:51.167,1.01605,1.01655,0.50,0.10
2008.04.16 20:13:51.381,1.01605,1.01655,0.50,0.10
2008.04.16 20:13:51.594,1.01605,1.01655,0.50,0.10
2008.04.16 20:13:51.807,1.01605,1.01655,0.50,0.10
2008.04.16 20:13:52.024,1.01605,1.01655,0.50,0.10
2008.04.16 20:13:52.243,1.01605,1.01655,0.50,0.10
2008.04.16 20:13:52.461,1.01605,1.01655,0.50,0.10
2008.04.16 20:13:52.680,1.01605,1.01655,0.50,0.10
2008.04.16 20:13:52.899,1.01605,1.01655,0.50,0.10
2008.04.16 20:13:53.118,1.01605,1.01655,0.50,0.10
2008.04.16 20:13:53.353,1.01605,1.01655,0.50,0.10
2008.04.16 20:13:53.587,1.01605,1.01655,0.50,0.10
2008.04.16 20:13:53.822,1.01605,1.01655,0.50,0.10
2008.04.16 20:13:54.056,1.01605,1.01655,0.50,0.10
2008.04.16 20:13:54.325,1.01605,1.01655,0.50,0.10
2008.04.16 20:13:54.593,1.01605,1.01655,0.50,0.10
2008.04.16 20:13:54.861,1.01605,1.01655,0.50,0.10
2008.04.16 20:13:55.130,1.01605,1.01655,0.50,0.10
2008.04.16 20:13:55.304,1.01605,1.01655,0.50,0.10
2008.04.16 20:13:55.477,1.01605,1.01655,0.50,0.10
2008.04.16 20:13:55.667,1.01605,1.01655,0.50,0.10
2008.04.16 20:13:55.841,1.01605,1.01655,0.50,0.10
2008.04.16 20:13:56.015,1.01605,1.01655,0.50,0.10
2008.04.16 20:13:56.189,1.01605,1.01655,0.50,0.10
2008.04.16 20:13:56.519,1.01605,1.01655,0.50,0.10
2008.04.16 20:13:56.849,1.0161,1.01655,0.20,0.10
2008.04.16 20:13:57.142,1.0161,1.01655,0.20,0.10
2008.04.16 20:13:57.341,1.0161,1.01655,0.20,0.10
2008.04.16 20:13:57.542,1.0161,1.01655,0.20,0.10
2008.04.16 20:13:57.740,1.0161,1.01655,0.20,0.10
2008.04.16 20:13:57.938,1.0161,1.01655,0.20,0.10
2008.04.16 20:13:58.137,1.0161,1.01655,0.20,0.10
2008.04.16 20:13:58.361,1.0161,1.01655,0.20,0.10
2008.04.16 20:13:58.584,1.0161,1.01655,0.20,0.10
2008.04.16 20:13:58.809,1.0161,1.01655,0.20,0.10
2008.04.16 20:13:59.033,1.0161,1.01655,0.20,0.10
2008.04.16 20:13:59.278,1.0161,1.01655,0.20,0.10
2008.04.16 20:13:59.512,1.01615,1.01665,0.30,0.10
2008.04.16 20:13:59.747,1.01615,1.01665,0.50,0.10
2008.04.16 20:14:00.011,1.01615,1.01665,0.50,0.10
2008.04.16 20:14:00.245,1.01615,1.01665,0.50,0.10
2008.04.16 20:14:00.439,1.01615,1.01665,0.50,0.10
2008.04.16 20:14:00.633,1.01615,1.01665,0.50,0.10
2008.04.16 20:14:00.825,1.01615,1.01665,0.50,0.10
2008.04.16 20:14:01.020,1.01615,1.01665,0.50,0.10
2008.04.16 20:14:01.213,1.01615,1.01665,0.50,0.10
2008.04.16 20:14:01.457,1.01615,1.01665,0.50,0.10
2008.04.16 20:14:01.701,1.01615,1.01665,0.50,0.10
2008.04.16 20:14:01.966,1.01615,1.01665,0.50,0.10
2008.04.16 20:14:02.209,1.01615,1.01665,0.50,0.10
2008.04.16 20:14:02.438,1.01615,1.01665,0.50,0.10
2008.04.16 20:14:02.667,1.01615,1.01665,0.50,0.10
2008.04.16 20:14:02.895,1.01615,1.01665,0.50,0.10
2008.04.16 20:14:03.124,1.01615,1.01665,0.50,0.10
2008.04.16 20:14:03.372,1.01615,1.01665,0.50,0.10
2008.04.16 20:14:03.666,1.01615,1.01665,0.50,0.10
2008.04.16 20:14:03.925,1.01615,1.01665,0.50,0.10
2008.04.16 20:14:04.184,1.01615,1.01665,0.50,0.10
2008.04.16 20:14:04.443,1.01615,1.01665,0.50,0.10
2008.04.16 20:14:04.652,1.01615,1.01665,0.50,0.10
2008.04.16 20:14:04.861,1.01615,1.01665,0.50,0.10
2008.04.16 20:14:05.070,1.01615,1.01665,0.50,0.10
2008.04.16 20:14:05.279,1.01615,1.01665,0.50,0.10
2008.04.16 20:14:05.518,1.01615,1.01665,0.50,0.10
2008.04.16 20:14:05.791,1.01615,1.01665,0.50,0.10
2008.04.16 20:14:06.028,1.01615,1.01665,0.50,0.10
2008.04.16 20:14:06.266,1.01615,1.01665,0.50,0.10
2008.04.16 20:14:06.505,1.01615,1.01665,0.50,0.10
2008.04.16 20:14:06.754,1.01615,1.01665,0.50,0.10
2008.04.16 20:14:07.003,1.01615,1.01665,0.50,0.10
2008.04.16 20:14:07.252,1.01615,1.01665,0.50,0.10
2008.04.16 20:14:07.501,1.01615,1.01665,0.50,0.10
2008.04.16 20:14:07.710,1.01615,1.01665,0.50,0.10
2008.04.16 20:14:07.919,1.01615,1.01665,0.50,0.10
2008.04.16 20:14:08.127,1.01615,1.01665,0.50,0.10
2008.04.16 20:14:08.336,1.01615,1.01665,0.50,0.10
2008.04.16 20:14:08.545,1.01615,1.01665,0.50,0.10
2008.04.16 20:14:08.789,1.01615,1.01665,0.50,0.10
2008.04.16 20:14:09.034,1.0163,1.01665,0.20,0.10
2008.04.16 20:14:09.280,1.01635,1.01685,0.30,0.10
2008.04.16 20:14:09.524,1.01635,1.01685,0.30,0.10
2008.04.16 20:14:09.722,1.01635,1.01685,0.50,0.10
2008.04.16 20:14:09.922,1.01635,1.01685,0.50,0.10
2008.04.16 20:14:10.120,1.01635,1.01685,0.50,0.10
2008.04.16 20:14:10.320,1.01635,1.01685,0.50,0.10
2008.04.16 20:14:10.519,1.01635,1.01685,0.50,0.10
2008.04.16 20:14:10.850,1.01635,1.01685,0.50,0.10
2008.04.16 20:14:11.149,1.01635,1.01685,0.50,0.10
2008.04.16 20:14:11.447,1.01635,1.01685,0.50,0.10
2008.04.16 20:14:11.669,1.01635,1.01685,0.30,0.10
2008.04.16 20:14:11.826,1.01635,1.01685,0.30,0.40
2008.04.16 20:14:12.015,1.01635,1.01685,0.30,0.40
2008.04.16 20:14:12.204,1.01635,1.01685,0.30,0.40
2008.04.16 20:14:12.393,1.01635,1.01685,0.30,0.40
2008.04.16 20:14:12.582,1.01635,1.01685,0.30,0.40
2008.04.16 20:14:12.830,1.01635,1.01685,0.30,0.40
2008.04.16 20:14:13.080,1.01635,1.01685,0.30,0.40
2008.04.16 20:14:13.361,1.01625,1.0168,0.50,0.30
2008.04.16 20:14:13.643,1.01625,1.0168,0.30,0.30
2008.04.16 20:14:13.849,1.01625,1.0168,0.30,0.30
2008.04.16 20:14:14.089,1.01625,1.01685,0.50,0.50
2008.04.16 20:14:14.327,1.01625,1.01685,0.50,0.50
2008.04.16 20:14:14.566,1.01625,1.01685,0.50,0.50
2008.04.16 20:14:14.799,1.01625,1.01685,0.50,0.50
2008.04.16 20:14:15.032,1.01625,1.01685,0.50,0.50
2008.04.16 20:14:15.266,1.01625,1.01685,0.50,0.50
2008.04.16 20:14:15.499,1.01625,1.01685,0.50,0.50
2008.04.16 20:14:15.728,1.01625,1.01685,0.50,0.50
2008.04.16 20:14:15.957,1.01625,1.01685,0.50,0.50
2008.04.16 20:14:16.189,1.01625,1.01685,0.50,0.50
2008.04.16 20:14:16.449,1.01625,1.01685,0.50,0.50
2008.04.16 20:14:16.648,1.01625,1.01685,0.50,0.50
2008.04.16 20:14:16.911,1.01625,1.01685,0.50,0.50
2008.04.16 20:14:17.174,1.01625,1.01685,0.50,0.50
2008.04.16 20:14:17.438,1.01625,1.01685,0.50,0.50
2008.04.16 20:14:17.701,1.01625,1.01685,0.50,0.50
2008.04.16 20:14:17.920,1.01625,1.01685,0.50,0.50
2008.04.16 20:14:18.140,1.01625,1.01685,0.50,0.50
2008.04.16 20:14:18.359,1.01625,1.01685,0.50,0.50
2008.04.16 20:14:18.610,1.0163,1.01685,0.40,0.40
2008.04.16 20:14:18.833,1.0163,1.01695,0.40,0.60
2008.04.16 20:14:19.088,1.0163,1.01695,0.40,0.60
2008.04.16 20:14:19.343,1.0163,1.01695,0.40,0.60
2008.04.16 20:14:19.627,1.0163,1.01695,0.60,0.60
2008.04.16 20:14:19.850,1.0163,1.01695,0.60,0.60
2008.04.16 20:14:20.074,1.0163,1.01695,0.60,0.60
2008.04.16 20:14:20.298,1.0163,1.01685,0.40,0.10
2008.04.16 20:14:20.561,1.01625,1.01685,0.50,0.40
2008.04.16 20:14:20.784,1.01625,1.01685,0.50,0.40
2008.04.16 20:14:21.018,1.01625,1.01685,0.50,0.40
2008.04.16 20:14:21.251,1.01625,1.01685,0.50,0.40
2008.04.16 20:14:21.485,1.01625,1.01685,0.50,0.40
2008.04.16 20:14:21.718,1.01625,1.01685,0.50,0.40
2008.04.16 20:14:21.952,1.01635,1.01695,0.30,0.60
2008.04.16 20:14:22.186,1.01635,1.01695,0.30,0.60
2008.04.16 20:14:22.427,1.01635,1.01695,0.30,0.60
2008.04.16 20:14:22.660,1.01635,1.01695,0.30,0.60
2008.04.16 20:14:22.887,1.01635,1.01695,0.30,0.60
2008.04.16 20:14:23.117,1.01635,1.01685,0.30,0.10
2008.04.16 20:14:23.346,1.01635,1.01685,0.30,0.10
2008.04.16 20:14:23.575,1.01635,1.01685,0.30,0.10
2008.04.16 20:14:23.803,1.01635,1.01685,0.30,0.10
2008.04.16 20:14:24.056,1.01635,1.01685,0.30,0.10
2008.04.16 20:14:24.310,1.01635,1.01685,0.30,0.10
2008.04.16 20:14:24.564,1.01635,1.01685,0.30,0.10
2008.04.16 20:14:24.818,1.01635,1.01685,0.30,0.10
2008.04.16 20:14:25.042,1.01635,1.01685,0.30,0.10
2008.04.16 20:14:25.265,1.01635,1.01685,0.30,0.10
2008.04.16 20:14:25.489,1.01635,1.01685,0.30,0.10
2008.04.16 20:14:25.743,1.01635,1.01685,0.30,0.10
2008.04.16 20:14:26.006,1.01635,1.01685,0.30,0.10
2008.04.16 20:14:26.273,1.01645,1.01695,0.30,0.40
2008.04.16 20:14:26.537,1.01645,1.01695,0.30,0.50
2008.04.16 20:14:26.802,1.01645,1.01695,0.30,0.60
2008.04.16 20:14:27.011,1.01645,1.01695,0.30,0.60
2008.04.16 20:14:27.220,1.01645,1.01695,0.30,0.60
2008.04.16 20:14:27.460,1.01645,1.01695,0.30,0.60
2008.04.16 20:14:27.669,1.01645,1.01695,0.30,0.10
2008.04.16 20:14:27.910,1.01645,1.01695,0.30,0.10
2008.04.16 20:14:28.183,1.01645,1.01695,0.30,0.10
2008.04.16 20:14:28.486,1.01645,1.01685,0.30,0.10
2008.04.16 20:14:28.791,1.01635,1.01675,0.30,0.10
2008.04.16 20:14:28.992,1.01635,1.01675,0.30,0.10
2008.04.16 20:14:29.234,1.01635,1.01675,0.30,0.10
2008.04.16 20:14:29.389,1.01635,1.01675,0.30,0.10
2008.04.16 20:14:29.588,1.01635,1.01675,0.30,0.10
2008.04.16 20:14:29.820,1.01635,1.01675,0.30,0.10
2008.04.16 20:14:30.095,1.01635,1.01675,0.30,0.10
2008.04.16 20:14:30.368,1.01635,1.01675,0.30,0.10
2008.04.16 20:14:30.642,1.01635,1.01675,0.30,0.10
2008.04.16 20:14:30.915,1.01635,1.01675,0.30,0.10
2008.04.16 20:14:31.124,1.01635,1.01675,0.30,0.10
2008.04.16 20:14:31.333,1.01635,1.01675,0.30,0.10
2008.04.16 20:14:31.542,1.01645,1.01685,0.30,0.10
2008.04.16 20:14:31.751,1.01645,1.01685,0.30,0.10
2008.04.16 20:14:31.992,1.01645,1.01685,0.30,0.10
2008.04.16 20:14:32.253,1.01645,1.01685,0.30,0.10
2008.04.16 20:14:32.516,1.01645,1.01685,0.30,0.10
2008.04.16 20:14:32.779,1.01645,1.01685,0.30,0.10
2008.04.16 20:14:32.984,1.01645,1.01685,0.30,0.10
2008.04.16 20:14:33.189,1.01645,1.01685,0.30,0.10
2008.04.16 20:14:33.391,1.01645,1.01685,0.30,0.10
2008.04.16 20:14:33.595,1.01645,1.01685,0.30,0.10
2008.04.16 20:14:33.799,1.01645,1.01685,0.30,0.10
2008.04.16 20:14:34.041,1.01645,1.01685,0.30,0.10
2008.04.16 20:14:34.308,1.01645,1.01685,0.30,0.10
2008.04.16 20:14:34.499,1.01645,1.01685,0.30,0.10
2008.04.16 20:14:34.727,1.01645,1.01685,0.30,0.10
2008.04.16 20:14:34.956,1.01645,1.01685,0.30,0.10
2008.04.16 20:14:35.176,1.01645,1.01685,0.30,0.10
2008.04.16 20:14:35.394,1.01645,1.01685,0.30,0.10
2008.04.16 20:14:35.642,1.01645,1.01685,0.30,0.10
2008.04.16 20:14:35.861,1.01645,1.01685,0.30,0.10
2008.04.16 20:14:36.094,1.01645,1.01685,0.30,0.10
2008.04.16 20:14:36.329,1.01645,1.01685,0.30,0.10
2008.04.16 20:14:36.561,1.01645,1.01685,0.30,0.10
2008.04.16 20:14:36.795,1.01645,1.01685,0.30,0.10
2008.04.16 20:14:37.029,1.01645,1.01685,0.30,0.10
2008.04.16 20:14:37.253,1.01645,1.01685,0.30,0.10
2008.04.16 20:14:37.478,1.01645,1.01685,0.30,0.10
2008.04.16 20:14:37.703,1.01645,1.01685,0.30,0.10
2008.04.16 20:14:37.926,1.01645,1.01685,0.30,0.10
2008.04.16 20:14:38.180,1.01645,1.01685,0.30,0.10
2008.04.16 20:14:38.435,1.01645,1.01685,0.30,0.10
2008.04.16 20:14:38.690,1.01645,1.01685,0.30,0.10
2008.04.16 20:14:38.944,1.01645,1.01685,0.30,0.10
2008.04.16 20:14:39.153,1.01645,1.01685,0.30,0.10
2008.04.16 20:14:39.363,1.01645,1.01685,0.30,0.10
2008.04.16 20:14:39.603,1.01645,1.01685,0.30,0.10
2008.04.16 20:14:39.813,1.01645,1.01685,0.30,0.10
2008.04.16 20:14:40.022,1.01645,1.01685,0.30,0.10
2008.04.16 20:14:40.240,1.01645,1.01685,0.30,0.10
2008.04.16 20:14:40.458,1.01645,1.01685,0.30,0.10
2008.04.16 20:14:40.707,1.01645,1.01685,0.30,0.10
2008.04.16 20:14:40.925,1.01645,1.01685,0.30,0.10
2008.04.16 20:14:41.144,1.01645,1.01685,0.30,0.10
2008.04.16 20:14:41.357,1.01645,1.01685,0.30,0.10
2008.04.16 20:14:41.570,1.01645,1.01685,0.30,0.10
2008.04.16 20:14:41.785,1.01645,1.01685,0.30,0.10
2008.04.16 20:14:41.998,1.01645,1.01685,0.30,0.10
2008.04.16 20:14:42.211,1.01645,1.01685,0.30,0.10
2008.04.16 20:14:42.425,1.01645,1.01685,0.30,0.10
2008.04.16 20:14:42.650,1.01645,1.01685,0.30,0.10
2008.04.16 20:14:42.864,1.01645,1.01685,0.30,0.10
2008.04.16 20:14:43.077,1.01645,1.01685,0.30,0.10
2008.04.16 20:14:43.345,1.01645,1.01685,0.30,0.10
2008.04.16 20:14:43.644,1.01645,1.01685,0.30,0.10
2008.04.16 20:14:43.913,1.01645,1.01685,0.30,0.10
2008.04.16 20:14:44.182,1.01645,1.01685,0.30,0.10
2008.04.16 20:14:44.366,1.01645,1.01685,0.30,0.10
2008.04.16 20:14:44.549,1.01645,1.01685,0.30,0.10
2008.04.16 20:14:44.732,1.01645,1.01685,0.30,0.10
2008.04.16 20:14:44.915,1.01645,1.01685,0.30,0.10
2008.04.16 20:14:45.099,1.01645,1.01685,0.30,0.10
2008.04.16 20:14:45.336,1.01645,1.01685,0.30,0.10
2008.04.16 20:14:45.569,1.01645,1.01685,0.30,0.10
2008.04.16 20:14:45.803,1.01645,1.01685,0.30,0.10
2008.04.16 20:14:46.036,1.01645,1.01685,0.30,0.10
2008.04.16 20:14:46.301,1.01645,1.01685,0.30,0.10
2008.04.16 20:14:46.503,1.01645,1.01685,0.30,0.10
2008.04.16 20:14:46.736,1.01645,1.01685,0.30,0.10
2008.04.16 20:14:46.970,1.01645,1.01685,0.30,0.10
2008.04.16 20:14:47.203,1.01645,1.01685,0.30,0.10
2008.04.16 20:14:47.437,1.01645,1.01685,0.30,0.10
2008.04.16 20:14:47.683,1.01645,1.01685,0.30,0.10
2008.04.16 20:14:47.917,1.01645,1.01685,0.30,0.10
2008.04.16 20:14:48.151,1.01645,1.01685,0.30,0.10
2008.04.16 20:14:48.375,1.01645,1.01685,0.30,0.10
2008.04.16 20:14:48.537,1.01645,1.01685,0.30,0.10
2008.04.16 20:14:48.731,1.01645,1.01685,0.30,0.10
2008.04.16 20:14:48.926,1.01645,1.01685,0.30,0.10
2008.04.16 20:14:49.120,1.01645,1.01685,0.30,0.10
2008.04.16 20:14:49.374,1.01645,1.01685,0.30,0.10
2008.04.16 20:14:49.598,1.01645,1.01685,0.30,0.10
2008.04.16 20:14:49.822,1.01645,1.01685,0.30,0.10
2008.04.16 20:14:50.046,1.01645,1.01685,0.30,0.10
2008.04.16 20:14:50.270,1.01645,1.01685,0.30,0.10
2008.04.16 20:14:50.484,1.01645,1.01685,0.30,0.10
2008.04.16 20:14:50.718,1.01645,1.01685,0.30,0.10
2008.04.16 20:14:50.933,1.01645,1.01685,0.30,0.10
2008.04.16 20:14:51.146,1.01645,1.01685,0.30,0.10
2008.04.16 20:14:51.364,1.01645,1.01685,0.30,0.10
2008.04.16 20:14:51.583,1.01645,1.01685,0.30,0.10
2008.04.16 20:14:51.801,1.01645,1.01685,0.30,0.10
2008.04.16 20:14:52.021,1.01645,1.01685,0.30,0.10
2008.04.16 20:14:52.239,1.01645,1.01685,0.30,0.10
2008.04.16 20:14:52.472,1.01645,1.01685,0.30,0.10
2008.04.16 20:14:52.732,1.01645,1.01685,0.30,0.10
2008.04.16 20:14:52.967,1.01625,1.01665,0.50,0.10
2008.04.16 20:14:53.202,1.01625,1.01665,0.30,0.10
2008.04.16 20:14:53.423,1.01625,1.01665,0.30,0.10
2008.04.16 20:14:53.641,1.01625,1.01665,0.30,0.10
2008.04.16 20:14:53.872,1.01625,1.01665,0.30,0.10
2008.04.16 20:14:54.090,1.01625,1.01665,0.30,0.10
2008.04.16 20:14:54.307,1.01625,1.01665,0.30,0.10
2008.04.16 20:14:54.550,1.01625,1.01665,0.30,0.10
2008.04.16 20:14:54.794,1.01625,1.01665,0.30,0.10
2008.04.16 20:14:55.038,1.01625,1.01665,0.30,0.10
2008.04.16 20:14:55.281,1.01625,1.01665,0.30,0.10
2008.04.16 20:14:55.470,1.01625,1.01665,0.30,0.10
2008.04.16 20:14:55.658,1.01625,1.01665,0.30,0.10
2008.04.16 20:14:55.846,1.01625,1.01665,0.30,0.10
2008.04.16 20:14:56.037,1.01625,1.01665,0.30,0.10
2008.04.16 20:14:56.224,1.01625,1.01665,0.30,0.10
2008.04.16 20:14:56.413,1.01625,1.01665,0.30,0.10
2008.04.16 20:14:56.651,1.01625,1.01665,0.30,0.10
2008.04.16 20:14:56.889,1.01625,1.01665,0.30,0.10
2008.04.16 20:14:57.127,1.01625,1.01665,0.30,0.10
2008.04.16 20:14:57.365,1.01625,1.01665,0.30,0.10
2008.04.16 20:14:57.591,1.01625,1.01665,0.30,0.10
2008.04.16 20:14:57.814,1.01625,1.01665,0.30,0.10
2008.04.16 20:14:58.038,1.01625,1.01665,0.30,0.10
2008.04.16 20:14:58.295,1.01625,1.01665,0.30,0.10
2008.04.16 20:14:58.486,1.01625,1.01665,0.30,0.10
2008.04.16 20:14:58.724,1.01625,1.01665,0.30,0.10
2008.04.16 20:14:58.962,1.01625,1.01665,0.30,0.10
2008.04.16 20:14:59.201,1.01625,1.01665,0.30,0.10
2008.04.16 20:14:59.445,1.01625,1.01665,0.30,0.10
2008.04.16 20:14:59.640,1.01625,1.01665,0.30,0.10
2008.04.16 20:14:59.833,1.01625,1.01665,0.30,0.10
2008.04.16 20:15:00.026,1.01625,1.01665,0.30,0.10
2008.04.16 20:15:00.221,1.01625,1.01665,0.30,0.10
2008.04.16 20:15:00.446,1.01625,1.01665,0.30,0.10
2008.04.16 20:15:00.674,1.01625,1.01665,0.30,0.10
2008.04.16 20:15:00.902,1.01625,1.01665,0.30,0.10
2008.04.16 20:15:01.131,1.01625,1.01665,0.30,0.10
2008.04.16 20:15:01.360,1.01625,1.01665,0.30,0.10
2008.04.16 20:15:01.589,1.01625,1.01665,0.30,0.10
2008.04.16 20:15:01.807,1.01625,1.01665,0.30,0.10
2008.04.16 20:15:02.025,1.01625,1.01665,0.30,0.10
2008.04.16 20:15:02.244,1.01625,1.01665,0.30,0.10
2008.04.16 20:15:02.463,1.01625,1.01665,0.30,0.10
2008.04.16 20:15:02.674,1.01625,1.01665,0.30,0.10
2008.04.16 20:15:02.882,1.01625,1.01665,0.30,0.10
2008.04.16 20:15:03.098,1.01625,1.01665,0.30,0.10
2008.04.16 20:15:03.340,1.01625,1.01665,0.30,0.10
2008.04.16 20:15:03.517,1.01625,1.01665,0.30,0.10
2008.04.16 20:15:03.761,1.01625,1.01665,0.30,0.10
2008.04.16 20:15:04.005,1.01625,1.01665,0.30,0.10
2008.04.16 20:15:04.249,1.01625,1.01665,0.30,0.10
2008.04.16 20:15:04.492,1.01625,1.01665,0.30,0.10
2008.04.16 20:15:04.736,1.01625,1.01665,0.30,0.10
2008.04.16 20:15:04.934,1.01625,1.01665,0.30,0.10
2008.04.16 20:15:05.133,1.01625,1.01665,0.30,0.10
2008.04.16 20:15:05.332,1.01625,1.01665,0.30,0.10
2008.04.16 20:15:05.531,1.0163,1.01665,0.20,0.10
2008.04.16 20:15:05.766,1.01645,1.0168,0.30,0.80
2008.04.16 20:15:05.999,1.01645,1.0168,0.30,0.80
2008.04.16 20:15:06.234,1.01645,1.01685,0.30,0.10
2008.04.16 20:15:06.467,1.01645,1.01685,0.30,0.10
2008.04.16 20:15:06.701,1.01645,1.01685,0.30,0.10
2008.04.16 20:15:06.929,1.01645,1.01685,0.30,0.10
2008.04.16 20:15:07.137,1.01645,1.01685,0.30,0.10
2008.04.16 20:15:07.347,1.01645,1.01685,0.30,0.10
2008.04.16 20:15:07.556,1.01645,1.01685,0.30,0.40
2008.04.16 20:15:07.814,1.0163,1.01685,0.20,0.40
2008.04.16 20:15:08.062,1.0163,1.01685,0.20,0.40
2008.04.16 20:15:08.310,1.0163,1.01685,0.20,0.40
2008.04.16 20:15:08.559,1.0163,1.01685,0.20,0.40
2008.04.16 20:15:08.768,1.0163,1.01685,0.20,0.40
2008.04.16 20:15:08.976,1.0163,1.01685,0.20,0.40
2008.04.16 20:15:09.185,1.0163,1.01685,0.20,0.40
2008.04.16 20:15:09.393,1.0163,1.01685,0.20,0.40
2008.04.16 20:15:09.602,1.0163,1.01685,0.20,0.40
2008.04.16 20:15:09.811,1.0163,1.01685,0.20,0.40
2008.04.16 20:15:10.035,1.0163,1.01685,0.20,0.40
2008.04.16 20:15:10.259,1.0163,1.01685,0.20,0.40
2008.04.16 20:15:10.481,1.0163,1.01685,0.20,0.40
2008.04.16 20:15:10.705,1.0163,1.01685,0.20,0.40
2008.04.16 20:15:10.914,1.0163,1.01685,0.20,0.40
2008.04.16 20:15:11.123,1.0163,1.01685,0.20,0.40
2008.04.16 20:15:11.332,1.0163,1.01685,0.20,0.40
2008.04.16 20:15:11.541,1.0163,1.01685,0.20,0.40
2008.04.16 20:15:11.748,1.0163,1.01685,0.20,0.40
2008.04.16 20:15:11.962,1.0163,1.01685,0.20,0.40
2008.04.16 20:15:12.176,1.0163,1.01685,0.20,0.40
2008.04.16 20:15:12.390,1.0163,1.01685,0.20,0.40
2008.04.16 20:15:12.603,1.0163,1.01685,0.20,0.40
2008.04.16 20:15:12.818,1.01635,1.01685,0.30,0.40
2008.04.16 20:15:13.043,1.01635,1.01685,0.30,0.10
2008.04.16 20:15:13.267,1.01635,1.01685,0.30,0.10
2008.04.16 20:15:13.491,1.01635,1.01685,0.30,0.10
2008.04.16 20:15:13.715,1.01635,1.01685,0.30,0.10
2008.04.16 20:15:13.934,1.01635,1.01685,0.30,0.10
2008.04.16 20:15:14.154,1.01635,1.01685,0.30,0.10
2008.04.16 20:15:14.372,1.01635,1.01685,0.30,0.10
2008.04.16 20:15:14.591,1.01635,1.01685,0.30,0.10
2008.04.16 20:15:14.857,1.01635,1.01685,0.30,0.10
2008.04.16 20:15:15.069,1.01635,1.01685,0.30,0.10
2008.04.16 20:15:15.284,1.01635,1.01685,0.30,0.10
2008.04.16 20:15:15.497,1.01635,1.01685,0.30,0.10
2008.04.16 20:15:15.712,1.01635,1.01685,0.30,0.10
2008.04.16 20:15:15.928,1.01635,1.01685,0.30,0.10
2008.04.16 20:15:16.154,1.01635,1.01685,0.50,0.10
2008.04.16 20:15:16.377,1.01635,1.01685,0.50,0.10
2008.04.16 20:15:16.602,1.01635,1.01685,0.50,0.10
2008.04.16 20:15:16.826,1.01635,1.01685,0.50,0.10
2008.04.16 20:15:17.024,1.01635,1.01685,0.50,0.10
2008.04.16 20:15:17.255,1.01635,1.01685,0.30,0.10
2008.04.16 20:15:17.454,1.01635,1.01685,0.30,0.10
2008.04.16 20:15:17.654,1.01635,1.01685,0.30,0.10
2008.04.16 20:15:17.853,1.01635,1.01685,0.30,0.10
2008.04.16 20:15:18.051,1.01635,1.01685,0.30,0.10
2008.04.16 20:15:18.303,1.01635,1.01685,0.30,0.10
2008.04.16 20:15:18.537,1.01635,1.01685,0.30,0.10
2008.04.16 20:15:18.771,1.01635,1.01685,0.30,0.10
2008.04.16 20:15:19.004,1.01635,1.01685,0.30,0.10
2008.04.16 20:15:19.204,1.01635,1.01685,0.30,0.10
2008.04.16 20:15:19.401,1.01635,1.01685,0.30,0.10
2008.04.16 20:15:19.600,1.01635,1.01685,0.30,0.10
2008.04.16 20:15:19.799,1.01635,1.01685,0.30,0.10
2008.04.16 20:15:20.029,1.01635,1.01685,0.30,0.10
2008.04.16 20:15:20.236,1.01635,1.01685,0.30,0.10
2008.04.16 20:15:20.474,1.01635,1.01685,0.30,0.10
2008.04.16 20:15:20.712,1.01635,1.01685,0.30,0.10
2008.04.16 20:15:20.951,1.01635,1.01685,0.30,0.10
2008.04.16 20:15:21.195,1.01635,1.01685,0.30,0.10
2008.04.16 20:15:21.395,1.01635,1.01685,0.30,0.10
2008.04.16 20:15:21.592,1.01635,1.01685,0.30,0.10
2008.04.16 20:15:21.789,1.01635,1.01685,0.30,0.10
2008.04.16 20:15:21.988,1.01635,1.01685,0.30,0.10
2008.04.16 20:15:22.187,1.01635,1.01685,0.30,0.10
2008.04.16 20:15:22.430,1.01635,1.01685,0.30,0.10
2008.04.16 20:15:22.673,1.01635,1.01685,0.30,0.10
2008.04.16 20:15:22.917,1.01635,1.01685,0.30,0.10
2008.04.16 20:15:23.173,1.01635,1.01685,0.30,0.10
2008.04.16 20:15:23.371,1.01635,1.01685,0.30,0.10
2008.04.16 20:15:23.570,1.01635,1.01685,0.30,0.10
2008.04.16 20:15:23.769,1.01635,1.01685,0.30,0.10
2008.04.16 20:15:23.967,1.01635,1.01685,0.30,0.10
2008.04.16 20:15:24.166,1.01635,1.01685,0.30,0.10
2008.04.16 20:15:24.410,1.01635,1.01685,0.30,0.10
2008.04.16 20:15:26.122,1.01635,1.01685,0.30,0.10
2008.04.16 20:15:26.127,1.01635,1.01685,0.30,0.10
2008.04.16 20:15:26.400,1.01635,1.01685,0.30,0.10
2008.04.16 20:15:26.445,1.01635,1.01685,0.30,0.10
2008.04.16 20:15:26.545,1.01635,1.01685,0.30,0.10
2008.04.16 20:15:26.619,1.01635,1.01685,0.30,0.10
2008.04.16 20:15:26.694,1.01635,1.01685,0.30,0.10
2008.04.16 20:15:26.803,1.01635,1.01685,0.30,0.10
2008.04.16 20:15:26.877,1.01635,1.01685,0.30,0.10
2008.04.16 20:15:26.950,1.01635,1.01685,0.30,0.10
2008.04.16 20:15:27.024,1.01635,1.01685,0.30,0.10
2008.04.16 20:15:27.097,1.01635,1.01685,0.30,0.10
2008.04.16 20:15:27.202,1.01635,1.01685,0.30,0.10
2008.04.16 20:15:27.506,1.01635,1.01685,0.30,0.10
2008.04.16 20:15:27.839,1.01635,1.01685,0.30,0.10
2008.04.16 20:15:28.201,1.01635,1.01685,0.30,0.10
2008.04.16 20:15:28.365,1.01635,1.01685,0.30,0.10
2008.04.16 20:15:28.531,1.01635,1.01685,0.30,0.10
2008.04.16 20:15:28.696,1.01635,1.01685,0.30,0.10
2008.04.16 20:15:28.859,1.01635,1.01685,0.30,0.10
2008.04.16 20:15:29.071,1.01635,1.01685,0.30,0.10
2008.04.16 20:15:29.186,1.01635,1.01685,0.30,0.10
2008.04.16 20:15:29.471,1.01635,1.01685,0.30,0.10
2008.04.16 20:15:29.786,1.01635,1.01685,0.30,0.10
2008.04.16 20:15:30.069,1.01635,1.01685,0.30,0.10
2008.04.16 20:15:30.352,1.01635,1.01685,0.30,0.10
2008.04.16 20:15:30.562,1.01635,1.01685,0.30,0.10
2008.04.16 20:15:30.770,1.01635,1.01685,0.30,0.10
2008.04.16 20:15:30.978,1.01635,1.01685,0.30,0.10
2008.04.16 20:15:31.190,1.01635,1.01685,0.30,0.10
2008.04.16 20:15:31.395,1.01635,1.01685,0.30,0.10
2008.04.16 20:15:31.613,1.01635,1.01685,0.30,0.10
2008.04.16 20:15:31.832,1.01635,1.01685,0.30,0.10
2008.04.16 20:15:32.077,1.01635,1.01685,0.30,0.10
2008.04.16 20:15:32.295,1.01635,1.01685,0.30,0.10
2008.04.16 20:15:32.551,1.01635,1.01685,0.30,0.10
2008.04.16 20:15:32.744,1.01635,1.01685,0.30,0.10
2008.04.16 20:15:32.973,1.01635,1.01685,0.30,0.10
2008.04.16 20:15:33.200,1.01635,1.01685,0.30,0.10
2008.04.16 20:15:33.428,1.01635,1.01685,0.30,0.10
2008.04.16 20:15:33.672,1.01635,1.01685,0.30,0.10
2008.04.16 20:15:33.916,1.01635,1.01685,0.30,0.10
2008.04.16 20:15:34.160,1.01635,1.01685,0.30,0.10
2008.04.16 20:15:34.404,1.01635,1.01685,0.30,0.10
2008.04.16 20:15:34.675,1.01635,1.01685,0.30,0.10
2008.04.16 20:15:34.914,1.01635,1.01685,0.30,0.10
2008.04.16 20:15:35.154,1.01635,1.01685,0.30,0.10
2008.04.16 20:15:35.392,1.01635,1.01685,0.30,0.10
2008.04.16 20:15:35.661,1.01635,1.01685,0.30,0.10
2008.04.16 20:15:35.901,1.01635,1.01685,0.30,0.10
2008.04.16 20:15:36.141,1.01635,1.01685,0.30,0.10
2008.04.16 20:15:36.380,1.01635,1.01685,0.30,0.10
2008.04.16 20:15:36.618,1.01635,1.01685,0.30,0.10
2008.04.16 20:15:36.831,1.01635,1.01685,0.30,0.10
2008.04.16 20:15:37.077,1.01635,1.01685,0.30,0.10
2008.04.16 20:15:37.260,1.01635,1.01685,0.30,0.10
2008.04.16 20:15:37.474,1.01635,1.01685,0.30,0.10
2008.04.16 20:15:37.681,1.01635,1.01685,0.30,0.10
2008.04.16 20:15:37.891,1.01635,1.01685,0.30,0.10
2008.04.16 20:15:38.098,1.01635,1.01685,0.30,0.10
2008.04.16 20:15:38.313,1.01635,1.01685,0.30,0.10
2008.04.16 20:15:38.522,1.01635,1.01685,0.30,0.10
2008.04.16 20:15:38.781,1.01635,1.01685,0.30,0.10
2008.04.16 20:15:39.040,1.01635,1.01685,0.30,0.10
2008.04.16 20:15:39.299,1.01635,1.01685,0.30,0.10
2008.04.16 20:15:39.558,1.01635,1.01685,0.30,0.10
2008.04.16 20:15:39.811,1.01635,1.01685,0.30,0.10
2008.04.16 20:15:40.065,1.01635,1.01685,0.30,0.10
2008.04.16 20:15:40.319,1.01635,1.01685,0.30,0.10
2008.04.16 20:15:40.573,1.01635,1.01685,0.30,0.10
2008.04.16 20:15:40.791,1.01635,1.01685,0.30,0.10
2008.04.16 20:15:41.022,1.01635,1.01685,0.30,0.10
2008.04.16 20:15:41.240,1.01635,1.01675,0.30,0.10
2008.04.16 20:15:41.459,1.01635,1.01675,0.30,0.10
2008.04.16 20:15:41.672,1.01635,1.01675,0.30,0.10
2008.04.16 20:15:41.886,1.01635,1.01675,0.30,0.10
2008.04.16 20:15:42.100,1.01635,1.01675,0.30,0.10
2008.04.16 20:15:42.314,1.01635,1.01675,0.30,0.10
2008.04.16 20:15:42.528,1.01635,1.01675,0.30,0.10
2008.04.16 20:15:42.793,1.01635,1.01675,0.30,0.10
2008.04.16 20:15:43.030,1.01635,1.01675,0.30,0.10
2008.04.16 20:15:43.270,1.01635,1.01675,0.30,0.10
2008.04.16 20:15:43.539,1.01635,1.01675,0.30,0.10
2008.04.16 20:15:43.721,1.01635,1.01675,0.30,0.10
2008.04.16 20:15:43.905,1.01635,1.01675,0.30,0.10
2008.04.16 20:15:44.089,1.01635,1.01675,0.30,0.10
2008.04.16 20:15:44.273,1.01635,1.01675,0.30,0.10
2008.04.16 20:15:44.458,1.01635,1.01675,0.30,0.10
2008.04.16 20:15:44.641,1.01635,1.01675,0.30,0.10
2008.04.16 20:15:44.916,1.01635,1.01675,0.30,0.10
2008.04.16 20:15:45.224,1.01635,1.01675,0.30,0.10
2008.04.16 20:15:45.466,1.01635,1.01675,0.30,0.10
2008.04.16 20:15:45.739,1.01635,1.01675,0.30,0.10
2008.04.16 20:15:45.964,1.01635,1.01675,0.30,0.10
2008.04.16 20:15:46.191,1.01635,1.01675,0.30,0.10
2008.04.16 20:15:46.413,1.01635,1.01675,0.30,0.10
2008.04.16 20:15:46.637,1.01635,1.01675,0.30,0.10
2008.04.16 20:15:46.891,1.01635,1.01675,0.30,0.10
2008.04.16 20:15:47.154,1.01635,1.01675,0.30,0.10
2008.04.16 20:15:47.447,1.01635,1.01675,0.30,0.10
2008.04.16 20:15:47.662,1.01635,1.01675,0.30,0.10
2008.04.16 20:15:47.885,1.01635,1.01675,0.30,0.10
2008.04.16 20:15:48.110,1.01635,1.01675,0.30,0.10
2008.04.16 20:15:48.334,1.01635,1.01675,0.30,0.10
2008.04.16 20:15:48.557,1.01635,1.01675,0.30,0.10
2008.04.16 20:15:48.778,1.01635,1.01675,0.50,0.10
2008.04.16 20:15:48.998,1.01645,1.01695,0.30,0.10
2008.04.16 20:15:49.216,1.01645,1.01695,0.30,0.10
2008.04.16 20:15:49.435,1.01645,1.01695,0.30,0.10
2008.04.16 20:15:49.670,1.01645,1.01695,0.30,0.10
2008.04.16 20:15:49.892,1.01645,1.01695,0.30,0.10
2008.04.16 20:15:50.117,1.01645,1.01695,0.30,0.10
2008.04.16 20:15:50.340,1.01645,1.01695,0.30,0.10
2008.04.16 20:15:50.563,1.01645,1.01695,0.30,0.10
2008.04.16 20:15:50.787,1.01645,1.01695,0.30,0.10
2008.04.16 20:15:51.019,1.01645,1.01695,0.30,0.10
2008.04.16 20:15:51.228,1.01645,1.01695,0.30,0.10
2008.04.16 20:15:51.436,1.01645,1.01695,0.30,0.10
2008.04.16 20:15:51.646,1.01645,1.01695,0.30,0.10
2008.04.16 20:15:51.870,1.01645,1.01695,0.30,0.10
2008.04.16 20:15:52.093,1.01645,1.01695,0.30,0.10
2008.04.16 20:15:52.316,1.01645,1.01695,0.30,0.10
2008.04.16 20:15:52.541,1.01645,1.01695,0.30,0.10
2008.04.16 20:15:52.782,1.01645,1.01695,0.30,0.10
2008.04.16 20:15:52.996,1.01645,1.01695,0.30,0.10
2008.04.16 20:15:53.210,1.01645,1.01695,0.30,0.10
2008.04.16 20:15:53.454,1.01645,1.01695,0.30,0.10
2008.04.16 20:15:53.669,1.01645,1.01695,0.30,0.10
2008.04.16 20:15:53.898,1.01645,1.01695,0.30,0.10
2008.04.16 20:15:54.127,1.01645,1.01695,0.30,0.10
2008.04.16 20:15:54.356,1.01645,1.01695,0.30,0.10
2008.04.16 20:15:54.585,1.01645,1.01695,0.30,0.10
2008.04.16 20:15:54.813,1.01645,1.01695,0.30,0.10
2008.04.16 20:15:55.043,1.01645,1.01695,0.30,0.10
2008.04.16 20:15:55.272,1.01645,1.01695,0.30,0.10
2008.04.16 20:15:55.501,1.01645,1.01695,0.30,0.10
2008.04.16 20:15:55.730,1.01645,1.01695,0.30,0.10
2008.04.16 20:15:55.945,1.01645,1.01695,0.30,0.10
2008.04.16 20:15:56.158,1.01645,1.01695,0.30,0.10
2008.04.16 20:15:56.403,1.01645,1.01695,0.30,0.10
2008.04.16 20:15:56.587,1.01645,1.01695,0.30,0.10
2008.04.16 20:15:56.800,1.01645,1.01695,0.30,0.10
2008.04.16 20:15:57.053,1.01645,1.01695,0.30,0.10
2008.04.16 20:15:57.307,1.01645,1.01695,0.30,0.10
2008.04.16 20:15:57.561,1.01645,1.01695,0.30,0.10
2008.04.16 20:15:57.815,1.01645,1.01695,0.30,0.10
2008.04.16 20:15:58.044,1.01645,1.01695,0.30,0.10
2008.04.16 20:15:58.284,1.01645,1.01695,0.30,0.10
2008.04.16 20:15:58.545,1.01645,1.01695,0.30,0.10
2008.04.16 20:15:58.773,1.01645,1.01695,0.30,0.10
2008.04.16 20:15:59.002,1.01645,1.01695,0.30,0.10
2008.04.16 20:15:59.242,1.01645,1.01695,0.30,0.10
2008.04.16 20:15:59.481,1.01645,1.01695,0.30,0.10
2008.04.16 20:15:59.720,1.01655,1.01695,0.30,0.10
2008.04.16 20:15:59.959,1.01655,1.01695,0.30,0.10
2008.04.16 20:16:00.198,1.01655,1.01695,0.30,0.10
2008.04.16 20:16:00.438,1.01655,1.01695,0.30,0.10
2008.04.16 20:16:00.677,1.01655,1.01695,0.30,0.10
2008.04.16 20:16:00.915,1.01655,1.01695,0.30,0.10
2008.04.16 20:16:01.163,1.01655,1.01695,0.30,0.10
2008.04.16 20:16:01.412,1.01655,1.01695,0.30,0.10
2008.04.16 20:16:01.663,1.01655,1.01695,0.30,0.10
2008.04.16 20:16:01.912,1.01655,1.01695,0.30,0.10
2008.04.16 20:16:02.109,1.01655,1.01695,0.30,0.10
2008.04.16 20:16:02.316,1.01655,1.01695,0.30,0.10
2008.04.16 20:16:02.464,1.01655,1.01695,0.30,0.10
2008.04.16 20:16:02.642,1.01655,1.01695,0.30,0.10
2008.04.16 20:16:02.822,1.01655,1.01695,0.30,0.10
2008.04.16 20:16:03.001,1.01655,1.01695,0.30,0.10
2008.04.16 20:16:03.340,1.01655,1.01695,0.30,0.10
2008.04.16 20:16:03.664,1.01655,1.01695,0.30,0.10
2008.04.16 20:16:03.988,1.01655,1.01695,0.30,0.10
2008.04.16 20:16:04.182,1.01655,1.01695,0.30,0.10
2008.04.16 20:16:04.346,1.01655,1.01695,0.30,0.10
2008.04.16 20:16:04.511,1.01655,1.01695,0.30,0.10
2008.04.16 20:16:04.675,1.01655,1.01695,0.30,0.10
2008.04.16 20:16:04.839,1.01655,1.01695,0.30,0.10
2008.04.16 20:16:05.005,1.01655,1.01695,0.30,0.10
2008.04.16 20:16:05.274,1.01655,1.01695,0.30,0.10
2008.04.16 20:16:05.543,1.01655,1.01695,0.30,0.10
2008.04.16 20:16:05.812,1.01655,1.01695,0.30,0.10
2008.04.16 20:16:06.082,1.01655,1.01695,0.30,0.10
2008.04.16 20:16:06.291,1.01655,1.01695,0.30,0.10
2008.04.16 20:16:06.530,1.01655,1.01695,0.30,0.10
2008.04.16 20:16:06.739,1.01655,1.01695,0.30,0.10
2008.04.16 20:16:06.947,1.01655,1.01695,0.30,0.10
2008.04.16 20:16:07.206,1.01655,1.01695,0.30,0.10
2008.04.16 20:16:07.465,1.01655,1.01695,0.30,0.10
2008.04.16 20:16:07.724,1.01655,1.01695,0.30,0.10
2008.04.16 20:16:07.983,1.01655,1.01695,0.30,0.10
2008.04.16 20:16:08.211,1.01655,1.01695,0.30,0.10
2008.04.16 20:16:08.409,1.01655,1.01695,0.30,0.10
2008.04.16 20:16:08.608,1.01655,1.01695,0.30,0.10
2008.04.16 20:16:08.806,1.01655,1.01695,0.30,0.10
2008.04.16 20:16:09.005,1.01655,1.01695,0.30,0.10
2008.04.16 20:16:09.229,1.01655,1.01695,0.30,0.10
2008.04.16 20:16:09.453,1.01655,1.01695,0.30,0.10
2008.04.16 20:16:09.676,1.01655,1.01695,0.30,0.10
2008.04.16 20:16:09.899,1.01655,1.01695,0.30,0.10
2008.04.16 20:16:10.123,1.01655,1.01695,0.30,0.10
2008.04.16 20:16:10.347,1.01655,1.01695,0.30,0.10
2008.04.16 20:16:10.570,1.01655,1.01695,0.30,0.10
2008.04.16 20:16:10.794,1.01655,1.01695,0.30,0.10
2008.04.16 20:16:11.020,1.01655,1.01695,0.30,0.10
2008.04.16 20:16:11.274,1.01655,1.01695,0.30,0.10
2008.04.16 20:16:11.527,1.01655,1.01695,0.30,0.10
2008.04.16 20:16:11.781,1.01655,1.01695,0.30,0.10
2008.04.16 20:16:12.037,1.0164,1.01685,2.40,0.10
2008.04.16 20:16:12.291,1.01635,1.01685,1.00,0.10
2008.04.16 20:16:12.540,1.01635,1.01685,0.30,0.10
2008.04.16 20:16:12.775,1.01645,1.01685,0.20,0.10
2008.04.16 20:16:13.009,1.01645,1.01685,0.20,0.10
2008.04.16 20:16:13.245,1.01645,1.01685,0.30,0.10
2008.04.16 20:16:13.463,1.01645,1.01685,0.30,0.10
2008.04.16 20:16:13.682,1.01645,1.01685,0.50,0.10
2008.04.16 20:16:13.902,1.01645,1.01685,0.50,0.10
2008.04.16 20:16:14.122,1.01655,1.01705,0.30,0.10
2008.04.16 20:16:14.341,1.01655,1.01705,0.30,0.10
2008.04.16 20:16:14.560,1.01655,1.01705,0.30,0.10
2008.04.16 20:16:14.779,1.01655,1.01705,0.30,0.10
2008.04.16 20:16:14.999,1.01655,1.01705,0.30,0.10
2008.04.16 20:16:15.219,1.01655,1.01705,0.30,0.10
2008.04.16 20:16:15.447,1.01655,1.01705,0.30,0.10
2008.04.16 20:16:15.676,1.01655,1.01705,0.30,0.10
2008.04.16 20:16:15.937,1.0166,1.01705,0.80,0.10
2008.04.16 20:16:16.167,1.0166,1.01705,0.80,0.10
2008.04.16 20:16:16.380,1.0166,1.01705,0.80,0.10
2008.04.16 20:16:16.598,1.0166,1.01705,0.80,0.10
2008.04.16 20:16:16.812,1.0166,1.01705,0.80,0.10
2008.04.16 20:16:17.025,1.0166,1.01705,0.80,0.10
2008.04.16 20:16:17.238,1.0166,1.01705,0.80,0.10
2008.04.16 20:16:17.487,1.0166,1.01705,0.80,0.10
2008.04.16 20:16:17.761,1.0166,1.01705,0.80,0.10
2008.04.16 20:16:18.019,1.0166,1.01705,0.80,0.10
2008.04.16 20:16:18.299,1.0166,1.01705,0.80,0.10
2008.04.16 20:16:18.529,1.0166,1.01705,0.80,0.10
2008.04.16 20:16:18.787,1.0166,1.01705,0.80,0.10
2008.04.16 20:16:19.046,1.0166,1.01705,0.80,0.10
2008.04.16 20:16:19.305,1.0166,1.01705,0.80,0.10
2008.04.16 20:16:19.535,1.0166,1.01705,0.80,0.10
2008.04.16 20:16:19.764,1.0166,1.01705,0.80,0.10
2008.04.16 20:16:19.993,1.0166,1.01705,0.80,0.10
2008.04.16 20:16:20.222,1.0166,1.01705,0.80,0.10
2008.04.16 20:16:20.427,1.0166,1.01705,1.10,0.10
2008.04.16 20:16:20.640,1.01665,1.01705,0.30,0.10
2008.04.16 20:16:20.856,1.01665,1.01705,0.30,0.10
2008.04.16 20:16:21.064,1.01665,1.01705,0.30,0.10
2008.04.16 20:16:21.288,1.01665,1.01705,0.30,0.10
2008.04.16 20:16:21.570,1.01665,1.01705,0.30,0.10
2008.04.16 20:16:21.853,1.01665,1.01705,0.30,0.10
2008.04.16 20:16:22.137,1.01665,1.01705,0.30,0.10
2008.04.16 20:16:22.453,1.01665,1.01705,0.30,0.10
2008.04.16 20:16:22.646,1.01665,1.01705,0.30,0.10
2008.04.16 20:16:22.838,1.01665,1.01705,0.30,0.10
2008.04.16 20:16:23.032,1.01665,1.01705,0.30,0.10
2008.04.16 20:16:23.226,1.01665,1.01705,0.30,0.10
2008.04.16 20:16:23.421,1.0167,1.01705,0.80,0.10
2008.04.16 20:16:23.639,1.0167,1.01705,0.80,0.10
2008.04.16 20:16:23.857,1.0167,1.01705,0.80,0.10
2008.04.16 20:16:24.076,1.0167,1.01705,0.80,0.10
2008.04.16 20:16:24.295,1.0167,1.01705,0.80,0.10
2008.04.16 20:16:24.512,1.0167,1.01705,0.80,0.10
2008.04.16 20:16:24.771,1.0167,1.01705,0.80,0.10
2008.04.16 20:16:25.029,1.0167,1.01705,0.80,0.10
2008.04.16 20:16:25.287,1.0167,1.01705,0.80,0.10
2008.04.16 20:16:25.545,1.0167,1.01705,0.80,0.10
2008.04.16 20:16:25.739,1.0167,1.01705,0.80,0.10
2008.04.16 20:16:25.933,1.0167,1.01705,0.80,0.10
2008.04.16 20:16:26.127,1.0167,1.01705,0.80,0.10
2008.04.16 20:16:26.354,1.0167,1.01705,0.80,0.10
2008.04.16 20:16:26.588,1.0167,1.01705,0.80,0.10
2008.04.16 20:16:26.821,1.0167,1.01705,0.80,0.10
2008.04.16 20:16:27.055,1.0167,1.01705,0.80,0.10
2008.04.16 20:16:27.289,1.0167,1.01705,0.80,0.10
2008.04.16 20:16:27.522,1.0167,1.01705,0.80,0.10
2008.04.16 20:16:27.741,1.0167,1.01705,0.80,0.10
2008.04.16 20:16:27.959,1.0167,1.01705,0.80,0.10
2008.04.16 20:16:28.178,1.0167,1.01705,0.80,0.10
2008.04.16 20:16:28.397,1.0167,1.01705,0.80,0.10
2008.04.16 20:16:28.616,1.0167,1.01705,0.80,0.10
2008.04.16 20:16:28.845,1.0167,1.01705,0.80,0.10
2008.04.16 20:16:29.072,1.0167,1.01705,0.80,0.10
2008.04.16 20:16:29.303,1.01665,1.01705,0.30,0.10
2008.04.16 20:16:29.543,1.01665,1.01705,0.30,0.10
2008.04.16 20:16:29.772,1.0166,1.01705,2.40,0.10
2008.04.16 20:16:30.035,1.0166,1.01695,2.40,0.10
2008.04.16 20:16:30.264,1.0166,1.01695,0.80,0.10
2008.04.16 20:16:30.494,1.0166,1.01695,0.80,0.10
2008.04.16 20:16:30.743,1.0166,1.01695,0.80,0.10
2008.04.16 20:16:30.992,1.0166,1.01695,0.80,0.10
2008.04.16 20:16:31.241,1.0166,1.01695,0.80,0.10
2008.04.16 20:16:31.490,1.0166,1.01695,0.80,0.10
2008.04.16 20:16:31.740,1.0166,1.01695,0.80,0.10
2008.04.16 20:16:31.943,1.0166,1.01695,0.80,0.10
2008.04.16 20:16:32.147,1.0166,1.01695,0.80,0.10
2008.04.16 20:16:32.352,1.0166,1.01695,0.80,0.10
2008.04.16 20:16:32.555,1.0166,1.01695,0.80,0.10
2008.04.16 20:16:32.793,1.0166,1.01695,0.80,0.10
2008.04.16 20:16:33.031,1.0166,1.01695,0.80,0.10
2008.04.16 20:16:33.299,1.0166,1.01695,0.80,0.10
2008.04.16 20:16:33.539,1.0166,1.01685,0.80,0.10
2008.04.16 20:16:33.778,1.01645,1.01685,1.20,0.10
2008.04.16 20:16:33.972,1.0165,1.01685,0.80,0.10
2008.04.16 20:16:34.166,1.0165,1.01685,0.80,0.10
2008.04.16 20:16:34.360,1.0165,1.01685,0.80,0.10
2008.04.16 20:16:34.554,1.0165,1.01685,0.80,0.10
2008.04.16 20:16:34.818,1.0165,1.01685,0.80,0.10
2008.04.16 20:16:35.082,1.0165,1.01685,0.80,0.10
2008.04.16 20:16:35.347,1.0165,1.01685,0.80,0.10
2008.04.16 20:16:35.638,1.0165,1.01685,0.80,0.10
2008.04.16 20:16:35.866,1.0165,1.01685,0.80,0.10
2008.04.16 20:16:36.094,1.0165,1.01685,0.80,0.10
2008.04.16 20:16:36.352,1.0165,1.01685,0.80,0.10
2008.04.16 20:16:36.582,1.0165,1.01685,0.80,0.10
2008.04.16 20:16:36.812,1.0165,1.01685,0.80,0.10
2008.04.16 20:16:37.030,1.0165,1.01685,0.80,0.10
2008.04.16 20:16:37.248,1.0165,1.01685,0.80,0.10
2008.04.16 20:16:37.467,1.0165,1.01685,0.80,0.10
2008.04.16 20:16:37.686,1.0165,1.01685,0.80,0.10
2008.04.16 20:16:37.901,1.0165,1.01685,0.80,0.10
2008.04.16 20:16:38.116,1.0165,1.01685,0.80,0.10
2008.04.16 20:16:38.343,1.0165,1.01685,0.80,0.10
2008.04.16 20:16:38.556,1.0165,1.01685,0.80,0.10
2008.04.16 20:16:38.770,1.0165,1.01685,0.80,0.10
2008.04.16 20:16:39.052,1.0165,1.01685,0.80,0.10
2008.04.16 20:16:39.298,1.0165,1.01685,0.80,0.10
2008.04.16 20:16:39.548,1.01655,1.01695,0.30,0.10
2008.04.16 20:16:39.796,1.01655,1.01695,0.30,0.10
2008.04.16 20:16:39.996,1.01655,1.01695,0.30,0.10
2008.04.16 20:16:40.193,1.01655,1.01695,0.30,0.10
2008.04.16 20:16:40.392,1.01655,1.01695,0.30,0.10
2008.04.16 20:16:40.591,1.01655,1.01695,0.30,0.10
2008.04.16 20:16:40.789,1.01655,1.01695,0.30,0.10
2008.04.16 20:16:41.023,1.01655,1.01695,0.30,0.10
2008.04.16 20:16:41.257,1.01655,1.01695,0.30,0.10
2008.04.16 20:16:41.492,1.01655,1.01695,0.30,0.10
2008.04.16 20:16:41.726,1.01655,1.01695,0.30,0.10
2008.04.16 20:16:41.960,1.01655,1.01695,0.30,0.10
2008.04.16 20:16:42.174,1.01655,1.01695,0.30,0.10
2008.04.16 20:16:42.387,1.01655,1.01695,0.30,0.10
2008.04.16 20:16:42.601,1.01655,1.01695,0.30,0.10
2008.04.16 20:16:42.814,1.01655,1.01695,0.30,0.10
2008.04.16 20:16:43.097,1.01655,1.01695,0.30,0.10
2008.04.16 20:16:43.313,1.01655,1.01695,0.30,0.10
2008.04.16 20:16:43.562,1.01655,1.01695,0.30,0.10
2008.04.16 20:16:43.811,1.01655,1.01695,0.30,0.10
2008.04.16 20:16:44.059,1.01655,1.01695,0.30,0.10
2008.04.16 20:16:44.328,1.01655,1.01695,0.30,0.10
2008.04.16 20:16:44.576,1.01655,1.01695,0.30,0.10
2008.04.16 20:16:44.825,1.01655,1.01695,0.30,0.10
2008.04.16 20:16:45.040,1.01655,1.01695,0.30,0.10
2008.04.16 20:16:45.254,1.01655,1.01695,0.30,0.10
2008.04.16 20:16:45.467,1.01655,1.01695,0.30,0.10
2008.04.16 20:16:45.680,1.01655,1.01695,0.30,0.10
2008.04.16 20:16:45.925,1.01655,1.01695,0.30,0.10
2008.04.16 20:16:46.117,1.01655,1.01695,0.30,0.10
2008.04.16 20:16:46.340,1.01655,1.01695,0.30,0.10
2008.04.16 20:16:46.587,1.01655,1.01695,0.30,0.10
2008.04.16 20:16:46.811,1.01655,1.01695,0.30,0.10
2008.04.16 20:16:47.034,1.01655,1.01695,0.30,0.10
2008.04.16 20:16:47.273,1.01655,1.01695,0.30,0.10
2008.04.16 20:16:47.512,1.01655,1.01695,0.30,0.10
2008.04.16 20:16:47.750,1.01655,1.01695,0.30,0.10
2008.04.16 20:16:47.989,1.01655,1.01695,0.30,0.10
2008.04.16 20:16:48.198,1.01655,1.01695,0.30,0.10
2008.04.16 20:16:48.407,1.01655,1.01695,0.30,0.10
2008.04.16 20:16:48.615,1.01655,1.01695,0.30,0.10
2008.04.16 20:16:48.824,1.0165,1.01685,0.80,0.10
2008.04.16 20:16:49.033,1.0164,1.01685,0.80,0.10
2008.04.16 20:16:49.307,1.01635,1.01685,1.60,0.10
2008.04.16 20:16:49.581,1.01635,1.01685,1.60,0.10
2008.04.16 20:16:49.866,1.01635,1.01685,0.80,0.10
2008.04.16 20:16:50.170,1.01635,1.01685,0.80,0.40
2008.04.16 20:16:50.390,1.01635,1.01675,0.80,0.10
2008.04.16 20:16:50.608,1.01635,1.01675,0.80,0.10
2008.04.16 20:16:50.827,1.01635,1.01675,0.80,0.10
2008.04.16 20:16:51.056,1.01635,1.01675,0.80,0.10
2008.04.16 20:16:51.274,1.01635,1.01675,0.80,0.10
2008.04.16 20:16:51.494,1.01645,1.0169,0.30,0.40
2008.04.16 20:16:51.714,1.01645,1.0169,0.30,0.30
2008.04.16 20:16:51.935,1.0164,1.01685,0.80,0.10
2008.04.16 20:16:52.160,1.0164,1.01685,0.80,0.10
2008.04.16 20:16:52.410,1.0164,1.01685,0.80,0.10
2008.04.16 20:16:52.659,1.0164,1.01685,0.80,0.10
2008.04.16 20:16:52.910,1.0164,1.01685,0.80,0.10
2008.04.16 20:16:53.192,1.0164,1.01675,0.80,0.30
2008.04.16 20:16:53.359,1.01625,1.01665,0.30,0.10
2008.04.16 20:16:53.559,1.01625,1.01665,0.30,0.10
2008.04.16 20:16:53.782,1.01625,1.01665,0.50,0.10
2008.04.16 20:16:54.017,1.01625,1.01665,0.30,0.10
2008.04.16 20:16:54.185,1.01625,1.01675,0.30,0.80
2008.04.16 20:16:54.430,1.01625,1.01675,0.30,0.10
2008.04.16 20:16:54.675,1.0162,1.01655,0.80,0.10
2008.04.16 20:16:54.950,1.01615,1.01655,1.20,0.10
2008.04.16 20:16:55.195,1.01615,1.01655,1.20,0.10
2008.04.16 20:16:55.405,1.01615,1.01665,1.20,0.10
2008.04.16 20:16:55.616,1.01615,1.01665,1.20,0.10
2008.04.16 20:16:55.826,1.0163,1.01665,0.80,0.10
2008.04.16 20:16:56.034,1.0163,1.01665,0.80,0.10
2008.04.16 20:16:56.244,1.01635,1.01675,0.30,0.10
2008.04.16 20:16:56.477,1.01635,1.01675,0.30,0.10
2008.04.16 20:16:56.711,1.01635,1.01675,0.30,0.10
2008.04.16 20:16:56.954,1.01635,1.01675,0.30,0.10
2008.04.16 20:16:57.186,1.01635,1.01675,0.30,0.10
2008.04.16 20:16:57.419,1.01635,1.01675,0.30,0.10
2008.04.16 20:16:57.668,1.0162,1.01665,0.80,0.10
2008.04.16 20:16:57.918,1.0162,1.01655,0.80,0.10
2008.04.16 20:16:58.185,1.01615,1.01655,1.00,0.10
2008.04.16 20:16:58.434,1.01615,1.01655,1.00,0.10
2008.04.16 20:16:58.658,1.01615,1.01655,1.00,0.10
2008.04.16 20:16:58.882,1.01615,1.01655,1.00,0.10
2008.04.16 20:16:59.106,1.01615,1.01655,1.00,0.10
2008.04.16 20:16:59.330,1.01615,1.01655,1.00,0.10
2008.04.16 20:16:59.525,1.01615,1.01655,1.00,0.10
2008.04.16 20:16:59.719,1.0162,1.01655,0.80,0.10
2008.04.16 20:16:59.913,1.0162,1.01655,0.80,0.10
2008.04.16 20:17:00.107,1.0162,1.01655,0.80,0.10
2008.04.16 20:17:00.300,1.0162,1.01655,0.80,0.10
2008.04.16 20:17:00.536,1.0162,1.01655,0.80,0.10
2008.04.16 20:17:00.769,1.0162,1.01655,0.80,0.10
2008.04.16 20:17:01.003,1.0162,1.01655,0.80,0.10
2008.04.16 20:17:01.269,1.0162,1.01655,0.80,0.10
2008.04.16 20:17:01.503,1.01615,1.01655,0.30,0.10
2008.04.16 20:17:01.716,1.01615,1.01655,0.30,0.10
2008.04.16 20:17:01.930,1.01615,1.01655,0.30,0.10
2008.04.16 20:17:02.148,1.01615,1.01655,0.30,0.10
2008.04.16 20:17:02.361,1.01615,1.01655,0.30,0.10
2008.04.16 20:17:02.584,1.01615,1.01655,0.30,0.10
2008.04.16 20:17:02.807,1.01615,1.01655,0.30,0.10
2008.04.16 20:17:03.064,1.01615,1.01655,0.30,0.10
2008.04.16 20:17:03.255,1.01615,1.01655,0.30,0.10
2008.04.16 20:17:03.478,1.01615,1.01655,0.30,0.10
2008.04.16 20:17:03.708,1.01615,1.01655,0.30,0.10
2008.04.16 20:17:03.936,1.01615,1.01655,0.30,0.10
2008.04.16 20:17:04.165,1.01615,1.01655,0.30,0.10
2008.04.16 20:17:04.400,1.01615,1.01655,0.30,0.10
2008.04.16 20:17:04.625,1.01615,1.01655,0.30,0.10
2008.04.16 20:17:04.849,1.01615,1.01655,0.30,0.10
2008.04.16 20:17:05.073,1.01615,1.01655,0.50,0.10
2008.04.16 20:17:05.328,1.01615,1.01655,0.50,0.10
2008.04.16 20:17:05.546,1.01615,1.01655,0.50,0.10
2008.04.16 20:17:05.765,1.01615,1.01655,0.50,0.10
2008.04.16 20:17:05.984,1.01615,1.01655,0.50,0.10
2008.04.16 20:17:06.203,1.01615,1.01655,0.50,0.10
2008.04.16 20:17:06.422,1.01615,1.01655,0.50,0.10
2008.04.16 20:17:06.699,1.01615,1.01655,0.50,0.10
2008.04.16 20:17:06.967,1.01615,1.01655,0.50,0.10
2008.04.16 20:17:07.237,1.01615,1.01655,0.50,0.10
2008.04.16 20:17:07.506,1.01615,1.01655,0.50,0.10
2008.04.16 20:17:07.715,1.01615,1.01655,0.50,0.10
2008.04.16 20:17:07.924,1.01615,1.01655,0.50,0.10
2008.04.16 20:17:08.133,1.01615,1.01655,0.50,0.10
2008.04.16 20:17:08.370,1.0162,1.01655,0.40,0.10
2008.04.16 20:17:08.611,1.0162,1.01675,0.40,0.10
2008.04.16 20:17:08.865,1.0162,1.01675,0.60,0.10
2008.04.16 20:17:09.119,1.0162,1.01675,0.60,0.10
2008.04.16 20:17:09.372,1.0162,1.01675,0.60,0.10
2008.04.16 20:17:09.638,1.01625,1.01675,0.40,0.10
2008.04.16 20:17:09.833,1.01625,1.01685,0.40,0.50
2008.04.16 20:17:10.025,1.01625,1.01685,0.40,0.50
2008.04.16 20:17:10.217,1.01625,1.01685,0.40,0.50
2008.04.16 20:17:10.411,1.01625,1.01685,0.40,0.50
2008.04.16 20:17:10.606,1.01635,1.01685,0.30,0.10
2008.04.16 20:17:10.864,1.01635,1.01685,0.50,0.10
2008.04.16 20:17:11.123,1.01635,1.01685,0.50,0.10
2008.04.16 20:17:11.382,1.01635,1.01685,0.50,0.10
2008.04.16 20:17:11.640,1.01635,1.01685,0.50,0.10
2008.04.16 20:17:11.839,1.01635,1.01685,0.50,0.10
2008.04.16 20:17:12.037,1.01635,1.01685,0.50,0.10
2008.04.16 20:17:12.250,1.01635,1.01685,0.50,0.10
2008.04.16 20:17:12.449,1.01635,1.01685,0.50,0.10
2008.04.16 20:17:12.647,1.01635,1.01685,0.50,0.10
2008.04.16 20:17:12.876,1.01635,1.01685,0.50,0.10
2008.04.16 20:17:13.104,1.01635,1.01685,0.50,0.10
2008.04.16 20:17:13.360,1.01635,1.01685,0.50,0.10
2008.04.16 20:17:13.590,1.01635,1.01685,0.50,0.10
2008.04.16 20:17:13.798,1.01635,1.01675,0.30,0.10
2008.04.16 20:17:14.003,1.01635,1.01675,0.30,0.10
2008.04.16 20:17:14.206,1.01635,1.01675,0.30,0.10
2008.04.16 20:17:14.409,1.01635,1.01675,0.30,0.10
2008.04.16 20:17:14.613,1.01635,1.01675,0.30,0.10
2008.04.16 20:17:14.877,1.01635,1.01675,0.30,0.10
2008.04.16 20:17:15.111,1.01635,1.01675,0.30,0.10
2008.04.16 20:17:15.344,1.01635,1.01675,0.30,0.10
2008.04.16 20:17:15.579,1.01635,1.01675,0.30,0.10
2008.04.16 20:17:15.766,1.01635,1.01675,0.30,0.10
2008.04.16 20:17:15.955,1.01635,1.01675,0.30,0.10
2008.04.16 20:17:16.144,1.01635,1.01675,0.30,0.10
2008.04.16 20:17:16.332,1.01635,1.01675,0.30,0.10
2008.04.16 20:17:16.521,1.01635,1.01675,0.30,0.10
2008.04.16 20:17:16.760,1.01635,1.01675,0.30,0.10
2008.04.16 20:17:17.001,1.01635,1.01675,0.30,0.10
2008.04.16 20:17:17.264,1.01635,1.01675,0.30,0.10
2008.04.16 20:17:17.535,1.01635,1.01675,0.30,0.10
2008.04.16 20:17:17.773,1.01635,1.01675,0.30,0.10
2008.04.16 20:17:18.021,1.01635,1.01675,0.30,0.10
2008.04.16 20:17:18.269,1.01635,1.01675,0.30,0.10
2008.04.16 20:17:18.517,1.01635,1.01675,0.30,0.10
2008.04.16 20:17:18.765,1.01635,1.01675,0.30,0.10
2008.04.16 20:17:18.978,1.01635,1.01675,0.30,0.10
2008.04.16 20:17:19.192,1.01635,1.01675,0.30,0.10
2008.04.16 20:17:19.406,1.01635,1.01675,0.30,0.10
2008.04.16 20:17:19.621,1.01635,1.01675,0.30,0.10
2008.04.16 20:17:19.875,1.01635,1.01675,0.30,0.10
2008.04.16 20:17:20.128,1.01635,1.01675,0.30,0.10
2008.04.16 20:17:20.383,1.01635,1.01675,0.30,0.10
2008.04.16 20:17:20.637,1.01635,1.01675,0.30,0.10
2008.04.16 20:17:20.877,1.01635,1.01675,0.30,0.10
2008.04.16 20:17:21.086,1.01635,1.01675,0.30,0.10
2008.04.16 20:17:21.294,1.01635,1.01675,0.30,0.10
2008.04.16 20:17:21.504,1.01635,1.01675,0.30,0.10
2008.04.16 20:17:21.713,1.01635,1.01675,0.30,0.10
2008.04.16 20:17:21.940,1.01635,1.01675,0.30,0.10
2008.04.16 20:17:22.190,1.01635,1.01675,0.30,0.10
2008.04.16 20:17:22.419,1.01635,1.01675,0.30,0.10
2008.04.16 20:17:22.647,1.01635,1.01675,0.30,0.10
2008.04.16 20:17:22.905,1.01635,1.01675,0.30,0.10
2008.04.16 20:17:23.074,1.01635,1.01675,0.30,0.10
2008.04.16 20:17:23.272,1.01635,1.01675,0.30,0.10
2008.04.16 20:17:23.472,1.01635,1.01675,0.30,0.10
2008.04.16 20:17:23.671,1.01635,1.01675,0.30,0.10
2008.04.16 20:17:23.896,1.01635,1.01675,0.30,0.10
2008.04.16 20:17:24.120,1.01635,1.01675,0.30,0.10
2008.04.16 20:17:24.345,1.01635,1.01675,0.30,0.50
2008.04.16 20:17:24.571,1.0162,1.01665,0.80,0.10
2008.04.16 20:17:24.796,1.01615,1.01665,1.20,0.10
2008.04.16 20:17:25.060,1.01615,1.01665,1.20,0.10
2008.04.16 20:17:25.334,1.01615,1.01665,1.20,0.10
2008.04.16 20:17:25.610,1.01615,1.01665,1.20,0.10
2008.04.16 20:17:25.853,1.01615,1.01665,1.20,0.10
2008.04.16 20:17:26.102,1.01615,1.01665,1.20,0.10
2008.04.16 20:17:26.384,1.01615,1.01665,1.20,0.10
2008.04.16 20:17:26.632,1.01615,1.01665,0.50,0.10
2008.04.16 20:17:26.879,1.01615,1.01665,0.50,0.10
2008.04.16 20:17:27.130,1.01615,1.01665,0.50,0.10
2008.04.16 20:17:27.354,1.01615,1.01665,0.50,0.10
2008.04.16 20:17:27.556,1.01615,1.01665,0.50,0.10
2008.04.16 20:17:27.758,1.01615,1.01665,0.70,0.10
2008.04.16 20:17:27.994,1.01615,1.01665,0.70,0.10
2008.04.16 20:17:28.223,1.0162,1.01665,0.80,0.10
2008.04.16 20:17:28.453,1.01625,1.01665,0.80,0.10
2008.04.16 20:17:28.682,1.01625,1.01665,0.80,0.10
2008.04.16 20:17:28.911,1.01625,1.01665,0.80,0.10
2008.04.16 20:17:29.139,1.01625,1.01665,0.80,0.10
2008.04.16 20:17:29.358,1.01625,1.01685,1.10,0.50
2008.04.16 20:17:29.578,1.0163,1.0169,0.60,1.00
2008.04.16 20:17:29.797,1.0163,1.0169,2.10,0.30
2008.04.16 20:17:30.049,1.01635,1.01695,0.40,0.60
2008.04.16 20:17:30.336,1.01635,1.01695,0.40,0.60
2008.04.16 20:17:30.624,1.0164,1.01695,0.20,0.40
2008.04.16 20:17:30.912,1.0164,1.01695,0.20,0.40
2008.04.16 20:17:31.201,1.0164,1.01695,0.20,0.40
2008.04.16 20:17:31.402,1.0164,1.01695,0.20,0.40
2008.04.16 20:17:31.585,1.0164,1.01695,0.20,0.40
2008.04.16 20:17:31.770,1.0164,1.01695,0.20,0.40
2008.04.16 20:17:31.953,1.0164,1.01685,0.20,0.30
2008.04.16 20:17:32.243,1.01635,1.01685,0.20,0.40
2008.04.16 20:17:32.533,1.01635,1.01685,0.20,0.40
2008.04.16 20:17:32.820,1.01635,1.01685,0.20,0.40
2008.04.16 20:17:33.139,1.01635,1.01685,0.20,0.40
2008.04.16 20:17:33.302,1.01635,1.01685,0.60,0.10
2008.04.16 20:17:33.497,1.0164,1.01695,0.20,0.30
2008.04.16 20:17:33.691,1.0164,1.01695,0.20,0.30
2008.04.16 20:17:33.885,1.01635,1.01695,0.60,0.30
2008.04.16 20:17:34.079,1.01635,1.0169,0.20,0.30
2008.04.16 20:17:34.318,1.01635,1.01695,0.20,0.40
2008.04.16 20:17:34.557,1.01635,1.01695,0.20,0.40
2008.04.16 20:17:34.796,1.01635,1.01695,0.20,0.40
2008.04.16 20:17:35.034,1.01635,1.01695,0.20,0.40
2008.04.16 20:17:35.254,1.01635,1.01695,0.20,0.40
2008.04.16 20:17:35.476,1.01635,1.01675,0.20,0.10
2008.04.16 20:17:35.694,1.01625,1.01675,0.50,0.10
2008.04.16 20:17:35.913,1.01625,1.01675,0.50,0.10
2008.04.16 20:17:36.133,1.01625,1.01675,0.50,0.10
2008.04.16 20:17:36.357,1.01625,1.01675,0.70,0.10
2008.04.16 20:17:36.583,1.01635,1.01675,0.30,0.10
2008.04.16 20:17:36.807,1.01635,1.01675,0.30,0.10
2008.04.16 20:17:37.048,1.01635,1.01675,0.30,0.10
2008.04.16 20:17:37.267,1.01635,1.01675,0.30,0.10
2008.04.16 20:17:37.485,1.01635,1.01675,0.30,0.10
2008.04.16 20:17:37.705,1.01635,1.01675,0.30,0.10
2008.04.16 20:17:37.924,1.01635,1.01675,0.30,0.10
2008.04.16 20:17:38.142,1.01635,1.01675,0.30,0.10
2008.04.16 20:17:38.355,1.01635,1.01675,0.30,0.10
2008.04.16 20:17:38.569,1.01635,1.01675,0.30,0.10
2008.04.16 20:17:38.782,1.01635,1.01675,0.30,0.10
2008.04.16 20:17:38.996,1.01635,1.01675,0.30,0.10
2008.04.16 20:17:39.215,1.01635,1.01675,0.30,0.10
2008.04.16 20:17:39.424,1.01635,1.01675,0.30,0.10
2008.04.16 20:17:39.633,1.01635,1.01675,0.30,0.10
2008.04.16 20:17:39.841,1.01635,1.01675,0.30,0.10
2008.04.16 20:17:40.050,1.01635,1.01675,0.30,0.10
2008.04.16 20:17:40.291,1.01645,1.01675,0.30,0.10
2008.04.16 20:17:40.516,1.01645,1.01675,0.30,0.10
2008.04.16 20:17:40.740,1.01645,1.01675,0.30,0.10
2008.04.16 20:17:40.965,1.01645,1.01675,0.30,0.10
2008.04.16 20:17:41.222,1.01645,1.01675,0.30,0.10
2008.04.16 20:17:41.408,1.01645,1.01675,0.30,0.10
2008.04.16 20:17:41.628,1.01645,1.01675,0.30,0.10
2008.04.16 20:17:41.879,1.01655,1.01695,0.30,0.40
2008.04.16 20:17:42.132,1.01655,1.01695,0.30,0.10
2008.04.16 20:17:42.353,1.01655,1.01695,0.30,0.10
2008.04.16 20:17:42.608,1.01655,1.01695,0.30,0.10
2008.04.16 20:17:42.862,1.01655,1.01695,0.30,0.10
2008.04.16 20:17:43.115,1.01655,1.01695,0.30,0.10
2008.04.16 20:17:43.369,1.01655,1.01695,0.30,0.10
2008.04.16 20:17:43.582,1.01655,1.01695,0.30,0.10
2008.04.16 20:17:43.765,1.01655,1.01695,0.30,0.10
2008.04.16 20:17:43.949,1.01655,1.01695,0.30,0.10
2008.04.16 20:17:44.133,1.01655,1.01695,0.30,0.10
2008.04.16 20:17:44.317,1.01665,1.01695,0.30,0.10
2008.04.16 20:17:44.566,1.01665,1.01695,0.30,0.10
2008.04.16 20:17:44.816,1.01665,1.01705,0.30,0.10
2008.04.16 20:17:45.067,1.01665,1.01705,0.50,0.10
2008.04.16 20:17:45.333,1.01665,1.01695,0.30,0.10
2008.04.16 20:17:45.571,1.01665,1.01695,0.30,0.10
2008.04.16 20:17:45.809,1.01665,1.01695,0.30,0.10
2008.04.16 20:17:46.049,1.01665,1.01695,0.30,0.10
2008.04.16 20:17:46.288,1.01665,1.01695,0.30,0.10
2008.04.16 20:17:46.526,1.01665,1.01695,0.30,0.10
2008.04.16 20:17:46.741,1.01665,1.01695,0.30,0.10
2008.04.16 20:17:46.985,1.01665,1.01695,0.30,0.10
2008.04.16 20:17:47.198,1.01665,1.01695,0.30,0.10
2008.04.16 20:17:47.413,1.01675,1.0171,0.30,0.30
2008.04.16 20:17:47.656,1.0166,1.01705,1.60,0.10
2008.04.16 20:17:47.900,1.01655,1.01705,0.30,0.10
2008.04.16 20:17:48.144,1.01655,1.01705,0.30,0.10
2008.04.16 20:17:48.387,1.01655,1.01705,0.30,0.10
2008.04.16 20:17:48.631,1.01655,1.01705,0.30,0.10
2008.04.16 20:17:48.885,1.01655,1.01705,0.30,0.10
2008.04.16 20:17:49.138,1.01655,1.01705,0.30,0.10
2008.04.16 20:17:49.421,1.01655,1.01705,0.30,0.10
2008.04.16 20:17:49.646,1.01655,1.01705,0.30,0.10
2008.04.16 20:17:49.836,1.01655,1.01705,0.30,0.10
2008.04.16 20:17:50.054,1.01655,1.01705,0.30,0.10
2008.04.16 20:17:50.243,1.01655,1.01705,0.30,0.10
2008.04.16 20:17:50.433,1.01655,1.01705,0.30,0.10
2008.04.16 20:17:50.687,1.01655,1.01705,0.30,0.10
2008.04.16 20:17:50.941,1.01655,1.01705,0.30,0.10
2008.04.16 20:17:51.197,1.01655,1.01705,0.30,0.10
2008.04.16 20:17:51.448,1.01655,1.01705,0.30,0.10
2008.04.16 20:17:51.703,1.01655,1.01705,0.30,0.10
2008.04.16 20:17:51.906,1.01655,1.01705,0.30,0.10
2008.04.16 20:17:52.111,1.01655,1.01705,0.30,0.10
2008.04.16 20:17:52.315,1.01655,1.01705,0.30,0.10
2008.04.16 20:17:52.520,1.01655,1.01705,0.30,0.10
2008.04.16 20:17:52.755,1.01655,1.01705,0.30,0.10
2008.04.16 20:17:52.928,1.01655,1.01705,0.30,0.10
2008.04.16 20:17:53.134,1.01655,1.01705,0.30,0.10
2008.04.16 20:17:53.337,1.01655,1.01705,0.30,0.10
2008.04.16 20:17:53.540,1.01655,1.01705,0.30,0.10
2008.04.16 20:17:53.759,1.01655,1.01705,0.30,0.10
2008.04.16 20:17:53.977,1.01655,1.01705,0.30,0.10
2008.04.16 20:17:54.209,1.01655,1.01705,0.30,0.10
2008.04.16 20:17:54.426,1.01655,1.01705,0.30,0.10
2008.04.16 20:17:54.646,1.01655,1.01705,0.30,0.10
2008.04.16 20:17:54.875,1.01655,1.01705,0.30,0.10
2008.04.16 20:17:55.129,1.01655,1.01705,0.30,0.10
2008.04.16 20:17:55.358,1.01655,1.01705,0.30,0.10
2008.04.16 20:17:55.586,1.01655,1.01705,0.30,0.10
2008.04.16 20:17:55.810,1.01655,1.01705,0.30,0.10
2008.04.16 20:17:56.033,1.01655,1.01705,0.30,0.10
2008.04.16 20:17:56.283,1.01655,1.01695,0.30,0.10
2008.04.16 20:17:56.507,1.01655,1.01695,0.30,0.10
2008.04.16 20:17:56.732,1.01655,1.01695,0.30,0.10
2008.04.16 20:17:56.956,1.01655,1.01695,0.30,0.10
2008.04.16 20:17:57.180,1.01655,1.01695,0.30,0.10
2008.04.16 20:17:57.403,1.01655,1.01695,0.30,0.10
2008.04.16 20:17:57.630,1.01655,1.01695,0.30,0.10
2008.04.16 20:17:57.838,1.01655,1.01695,0.30,0.10
2008.04.16 20:17:58.048,1.01655,1.01695,0.30,0.10
2008.04.16 20:17:58.256,1.01655,1.01695,0.30,0.10
2008.04.16 20:17:58.498,1.01655,1.01695,0.30,0.10
2008.04.16 20:17:58.675,1.01655,1.01695,0.30,0.10
2008.04.16 20:17:58.933,1.01655,1.01695,0.30,0.10
2008.04.16 20:17:59.193,1.01655,1.01695,0.30,0.10
2008.04.16 20:17:59.452,1.01655,1.01695,0.30,0.10
2008.04.16 20:17:59.710,1.01655,1.01695,0.30,0.10
2008.04.16 20:17:59.937,1.01655,1.01695,0.30,0.10
2008.04.16 20:18:00.146,1.01655,1.01695,0.30,0.10
2008.04.16 20:18:00.355,1.01655,1.01695,0.30,0.10
2008.04.16 20:18:00.565,1.01655,1.01695,0.30,0.10
2008.04.16 20:18:00.773,1.01655,1.01695,0.30,0.10
2008.04.16 20:18:01.023,1.01655,1.01695,0.30,0.10
2008.04.16 20:18:01.212,1.01655,1.01695,0.30,0.10
2008.04.16 20:18:01.429,1.01655,1.01695,0.30,0.10
2008.04.16 20:18:01.649,1.01655,1.01695,0.30,0.10
2008.04.16 20:18:01.867,1.01655,1.01695,0.30,0.10
2008.04.16 20:18:02.119,1.01655,1.01695,0.30,0.10
2008.04.16 20:18:02.274,1.01655,1.01695,0.30,0.10
2008.04.16 20:18:02.478,1.01655,1.01695,0.30,0.10
2008.04.16 20:18:02.713,1.01655,1.01695,0.30,0.10
2008.04.16 20:18:02.887,1.01655,1.01695,0.30,0.10
2008.04.16 20:18:03.106,1.01655,1.01695,0.30,0.10
2008.04.16 20:18:03.357,1.01655,1.01695,0.30,0.10
2008.04.16 20:18:03.544,1.01655,1.01695,0.30,0.10
2008.04.16 20:18:03.762,1.01655,1.01695,0.30,0.10
2008.04.16 20:18:03.982,1.01655,1.01695,0.30,0.10
2008.04.16 20:18:04.205,1.01655,1.01695,0.30,0.10
2008.04.16 20:18:04.429,1.01655,1.01695,0.30,0.10
2008.04.16 20:18:04.653,1.01655,1.01695,0.30,0.10
2008.04.16 20:18:04.876,1.01655,1.01695,0.30,0.10
2008.04.16 20:18:05.091,1.01655,1.01695,0.30,0.10
2008.04.16 20:18:05.304,1.01655,1.01695,0.30,0.10
2008.04.16 20:18:05.518,1.01655,1.01705,0.30,0.10
2008.04.16 20:18:05.764,1.01655,1.01705,0.30,0.10
2008.04.16 20:18:05.977,1.01655,1.01705,0.30,0.10
2008.04.16 20:18:06.197,1.01655,1.01705,0.30,0.10
2008.04.16 20:18:06.415,1.01655,1.01705,0.30,0.10
2008.04.16 20:18:06.634,1.01655,1.01705,0.30,0.10
2008.04.16 20:18:06.852,1.01655,1.01705,0.30,0.10
2008.04.16 20:18:07.051,1.01655,1.01705,0.30,0.10
2008.04.16 20:18:07.249,1.01655,1.01705,0.30,0.10
2008.04.16 20:18:07.474,1.01655,1.01705,0.30,0.10
2008.04.16 20:18:07.673,1.01655,1.01705,0.30,0.10
2008.04.16 20:18:07.872,1.01655,1.01705,0.30,0.10
2008.04.16 20:18:08.096,1.01655,1.01705,0.30,0.10
2008.04.16 20:18:08.320,1.01655,1.01705,0.30,0.10
2008.04.16 20:18:08.544,1.01655,1.01705,0.30,0.10
2008.04.16 20:18:08.768,1.01655,1.01705,0.30,0.10
2008.04.16 20:18:08.992,1.01655,1.01705,0.30,0.10
2008.04.16 20:18:09.216,1.01655,1.01705,0.30,0.10
2008.04.16 20:18:09.440,1.01655,1.01705,0.30,0.10
2008.04.16 20:18:09.665,1.01655,1.01705,0.30,0.10
2008.04.16 20:18:09.918,1.01655,1.01705,0.30,0.10
2008.04.16 20:18:10.121,1.01655,1.01705,0.30,0.10
2008.04.16 20:18:10.324,1.01655,1.01705,0.30,0.10
2008.04.16 20:18:10.527,1.01655,1.01705,0.30,0.10
2008.04.16 20:18:10.730,1.01655,1.01705,0.30,0.10
2008.04.16 20:18:10.934,1.01655,1.01705,0.30,0.10
2008.04.16 20:18:11.154,1.01655,1.01705,0.30,0.10
2008.04.16 20:18:11.372,1.01655,1.01705,0.30,0.10
2008.04.16 20:18:11.591,1.01655,1.01705,0.30,0.10
2008.04.16 20:18:11.810,1.01655,1.01705,0.30,0.10
2008.04.16 20:18:12.028,1.01655,1.01695,0.30,0.10
2008.04.16 20:18:12.228,1.01655,1.01695,0.30,0.10
2008.04.16 20:18:12.426,1.01655,1.01695,0.30,0.10
2008.04.16 20:18:12.626,1.01655,1.01695,0.30,0.10
2008.04.16 20:18:12.824,1.01655,1.01695,0.30,0.10
2008.04.16 20:18:13.023,1.01655,1.01695,0.30,0.10
2008.04.16 20:18:13.262,1.01655,1.01695,0.30,0.10
2008.04.16 20:18:13.501,1.01655,1.01695,0.30,0.10
2008.04.16 20:18:13.740,1.01655,1.01695,0.30,0.10
2008.04.16 20:18:13.979,1.01655,1.01695,0.30,0.10
2008.04.16 20:18:14.173,1.01655,1.01695,0.30,0.10
2008.04.16 20:18:14.367,1.01655,1.01695,0.30,0.10
2008.04.16 20:18:14.562,1.01665,1.01695,0.30,0.10
2008.04.16 20:18:14.757,1.01665,1.01695,0.30,0.10
2008.04.16 20:18:14.951,1.01665,1.01695,0.30,0.10
2008.04.16 20:18:15.231,1.01665,1.01695,0.30,0.10
2008.04.16 20:18:15.480,1.01665,1.01695,0.30,0.10
2008.04.16 20:18:15.731,1.01665,1.01695,0.30,0.10
2008.04.16 20:18:15.979,1.01665,1.01695,0.30,0.10
2008.04.16 20:18:16.178,1.01665,1.01695,0.30,0.10
2008.04.16 20:18:16.377,1.01665,1.01695,0.30,0.10
2008.04.16 20:18:16.577,1.01665,1.01695,0.30,0.10
2008.04.16 20:18:16.819,1.01665,1.01695,0.30,0.10
2008.04.16 20:18:17.017,1.01665,1.01695,0.30,0.10
2008.04.16 20:18:17.256,1.01665,1.01695,0.30,0.10
2008.04.16 20:18:17.536,1.01665,1.01695,0.30,0.10
2008.04.16 20:18:17.775,1.01665,1.01695,0.30,0.10
2008.04.16 20:18:18.015,1.01665,1.01705,0.30,0.40
2008.04.16 20:18:18.251,1.01665,1.01705,0.30,0.10
2008.04.16 20:18:18.457,1.01665,1.01705,0.30,0.10
2008.04.16 20:18:18.661,1.01665,1.01705,0.30,0.10
2008.04.16 20:18:18.901,1.01665,1.01705,0.30,0.10
2008.04.16 20:18:19.104,1.01665,1.01705,0.30,0.10
2008.04.16 20:18:19.337,1.01665,1.01705,0.30,0.10
2008.04.16 20:18:19.571,1.01665,1.01705,0.30,0.10
2008.04.16 20:18:19.805,1.01665,1.01705,0.30,0.10
2008.04.16 20:18:20.038,1.01665,1.01705,0.30,0.10
2008.04.16 20:18:20.275,1.01665,1.01705,0.30,0.10
2008.04.16 20:18:20.467,1.01665,1.01705,0.30,0.10
2008.04.16 20:18:20.661,1.01665,1.01705,0.30,0.10
2008.04.16 20:18:20.885,1.01665,1.01705,0.30,0.10
2008.04.16 20:18:21.048,1.01665,1.01705,0.30,0.10
2008.04.16 20:18:21.242,1.01665,1.01705,0.30,0.10
2008.04.16 20:18:21.502,1.01665,1.01705,0.30,0.10
2008.04.16 20:18:21.760,1.01665,1.01705,0.30,0.10
2008.04.16 20:18:22.019,1.01665,1.01705,0.30,0.10
2008.04.16 20:18:22.276,1.01665,1.01705,0.30,0.10
2008.04.16 20:18:22.470,1.01665,1.01705,0.30,0.10
2008.04.16 20:18:22.664,1.01665,1.01705,0.30,0.10
2008.04.16 20:18:22.864,1.01665,1.01705,0.30,0.10
2008.04.16 20:18:23.059,1.01665,1.01705,0.30,0.10
2008.04.16 20:18:23.253,1.01665,1.01705,0.30,0.10
2008.04.16 20:18:23.522,1.01665,1.01705,0.30,0.10
2008.04.16 20:18:23.790,1.01665,1.01705,0.30,0.10
2008.04.16 20:18:24.059,1.01665,1.01705,0.30,0.10
2008.04.16 20:18:24.361,1.01665,1.01705,0.30,0.10
2008.04.16 20:18:24.517,1.01665,1.01705,0.30,0.10
2008.04.16 20:18:24.706,1.01665,1.01705,0.30,0.10
2008.04.16 20:18:24.894,1.01665,1.01705,0.30,0.10
2008.04.16 20:18:25.083,1.01665,1.01705,0.30,0.10
2008.04.16 20:18:25.303,1.01665,1.01705,0.30,0.10
2008.04.16 20:18:25.528,1.01665,1.01705,0.30,0.10
2008.04.16 20:18:25.751,1.01665,1.01705,0.30,0.10
2008.04.16 20:18:25.975,1.01665,1.01705,0.30,0.10
2008.04.16 20:18:26.199,1.01665,1.01705,0.30,0.10
2008.04.16 20:18:26.450,1.01665,1.01705,0.30,0.10
2008.04.16 20:18:26.653,1.01665,1.01705,0.30,0.10
2008.04.16 20:18:26.857,1.01665,1.01705,0.30,0.10
2008.04.16 20:18:27.061,1.01665,1.01705,0.30,0.10
2008.04.16 20:18:27.265,1.01665,1.01705,0.30,0.10
2008.04.16 20:18:27.479,1.01665,1.01705,0.30,0.10
2008.04.16 20:18:27.721,1.01665,1.01705,0.30,0.40
2008.04.16 20:18:27.970,1.01665,1.01695,0.30,0.10
2008.04.16 20:18:28.216,1.01665,1.01695,0.30,0.10
2008.04.16 20:18:28.429,1.01665,1.01695,0.30,0.10
2008.04.16 20:18:28.693,1.01665,1.01695,0.30,0.10
2008.04.16 20:18:28.957,1.01665,1.01695,0.30,0.10
2008.04.16 20:18:29.251,1.01665,1.01695,0.30,0.10
2008.04.16 20:18:29.515,1.01665,1.01695,0.30,0.10
2008.04.16 20:18:29.723,1.01665,1.01695,0.30,0.10
2008.04.16 20:18:29.932,1.01665,1.01695,0.30,0.10
2008.04.16 20:18:30.141,1.01665,1.01705,0.30,0.10
2008.04.16 20:18:30.350,1.01665,1.01705,0.30,0.10
2008.04.16 20:18:30.595,1.01665,1.01705,0.30,0.10
2008.04.16 20:18:30.839,1.01665,1.01705,0.30,0.10
2008.04.16 20:18:31.083,1.01665,1.01705,0.30,0.10
2008.04.16 20:18:31.327,1.01665,1.01705,0.30,0.10
2008.04.16 20:18:31.603,1.01665,1.01705,0.30,0.10
2008.04.16 20:18:31.763,1.01665,1.01705,0.30,0.10
2008.04.16 20:18:31.951,1.01665,1.01705,0.30,0.10
2008.04.16 20:18:32.167,1.01665,1.01705,0.30,0.10
2008.04.16 20:18:32.356,1.01665,1.01705,0.30,0.10
2008.04.16 20:18:32.596,1.01665,1.01705,0.30,0.10
2008.04.16 20:18:32.835,1.01665,1.01705,0.30,0.10
2008.04.16 20:18:33.074,1.01665,1.01705,0.30,0.10
2008.04.16 20:18:33.313,1.01665,1.01705,0.30,0.10
2008.04.16 20:18:33.582,1.01665,1.01705,0.30,0.10
2008.04.16 20:18:33.770,1.01665,1.01705,0.30,0.10
2008.04.16 20:18:33.989,1.01665,1.01705,0.30,0.10
2008.04.16 20:18:34.208,1.01665,1.01705,0.30,0.10
2008.04.16 20:18:34.427,1.01665,1.01705,0.30,0.10
2008.04.16 20:18:34.627,1.01665,1.01705,0.30,0.10
2008.04.16 20:18:34.826,1.01665,1.01705,0.30,0.10
2008.04.16 20:18:35.025,1.01665,1.01705,0.30,0.10
2008.04.16 20:18:35.226,1.01665,1.01705,0.30,0.10
2008.04.16 20:18:35.424,1.01665,1.01705,0.30,0.10
2008.04.16 20:18:35.622,1.01665,1.01705,0.30,0.10
2008.04.16 20:18:35.924,1.01665,1.01705,0.30,0.10
2008.04.16 20:18:36.203,1.01665,1.01705,0.30,0.10
2008.04.16 20:18:36.482,1.01665,1.01705,0.30,0.10
2008.04.16 20:18:36.690,1.01665,1.01705,0.30,0.10
2008.04.16 20:18:36.899,1.01665,1.01705,0.30,0.10
2008.04.16 20:18:37.108,1.01665,1.01705,0.30,0.10
2008.04.16 20:18:37.345,1.01665,1.01705,0.30,0.10
2008.04.16 20:18:37.554,1.01665,1.01705,0.30,0.10
2008.04.16 20:18:37.782,1.01665,1.01705,0.30,0.10
2008.04.16 20:18:38.011,1.01665,1.01705,0.30,0.10
2008.04.16 20:18:38.239,1.01665,1.01705,0.30,0.10
2008.04.16 20:18:38.468,1.01665,1.01705,0.30,0.10
2008.04.16 20:18:38.708,1.01665,1.01695,0.30,0.10
2008.04.16 20:18:38.948,1.01665,1.01695,0.30,0.10
2008.04.16 20:18:39.192,1.01665,1.01695,0.30,0.10
2008.04.16 20:18:39.432,1.01665,1.01695,0.30,0.10
2008.04.16 20:18:39.672,1.01665,1.01695,0.30,0.10
2008.04.16 20:18:39.906,1.01665,1.01695,0.30,0.10
2008.04.16 20:18:40.140,1.01665,1.01695,0.30,0.10
2008.04.16 20:18:40.373,1.01665,1.01695,0.30,0.10
2008.04.16 20:18:40.606,1.01665,1.01695,0.30,0.10
2008.04.16 20:18:40.839,1.01665,1.01695,0.30,0.10
2008.04.16 20:18:41.104,1.01665,1.01695,0.30,0.10
2008.04.16 20:18:41.338,1.01665,1.01695,0.30,0.10
2008.04.16 20:18:41.572,1.01655,1.01695,0.30,0.10
2008.04.16 20:18:41.806,1.01655,1.01695,0.30,0.10
2008.04.16 20:18:42.011,1.01655,1.01695,0.30,0.10
2008.04.16 20:18:42.216,1.01655,1.01695,0.30,0.10
2008.04.16 20:18:42.421,1.01655,1.01695,0.30,0.10
2008.04.16 20:18:42.624,1.01655,1.01695,0.30,0.10
2008.04.16 20:18:42.923,1.01655,1.01695,0.30,0.10
2008.04.16 20:18:43.221,1.01655,1.01695,0.30,0.10
2008.04.16 20:18:43.546,1.01655,1.01695,0.30,0.10
2008.04.16 20:18:43.844,1.01655,1.01695,0.30,0.10
2008.04.16 20:18:44.039,1.01655,1.01695,0.30,0.10
2008.04.16 20:18:44.232,1.01655,1.01695,0.30,0.10
2008.04.16 20:18:44.436,1.01655,1.01695,0.30,0.10
2008.04.16 20:18:44.629,1.01655,1.01695,0.30,0.10
2008.04.16 20:18:44.824,1.01655,1.01695,0.30,0.10
2008.04.16 20:18:45.092,1.01655,1.01695,0.30,0.10
2008.04.16 20:18:45.379,1.01655,1.01695,0.30,0.10
2008.04.16 20:18:45.683,1.01655,1.01695,0.30,0.10
2008.04.16 20:18:45.983,1.01655,1.01695,0.30,0.10
2008.04.16 20:18:46.169,1.01655,1.01695,0.30,0.10
2008.04.16 20:18:46.389,1.01655,1.01695,0.30,0.10
2008.04.16 20:18:46.609,1.01655,1.01695,0.30,0.10
2008.04.16 20:18:46.827,1.01655,1.01695,0.30,0.10
2008.04.16 20:18:47.056,1.01655,1.01695,0.30,0.10
2008.04.16 20:18:47.313,1.01655,1.01695,0.30,0.10
2008.04.16 20:18:47.542,1.01655,1.01695,0.30,0.10
2008.04.16 20:18:47.772,1.01655,1.01695,0.30,0.10
2008.04.16 20:18:48.010,1.01655,1.01695,0.30,0.10
2008.04.16 20:18:48.219,1.01645,1.01685,0.30,0.10
2008.04.16 20:18:48.428,1.01645,1.01685,0.30,0.10
2008.04.16 20:18:48.638,1.01645,1.01685,0.30,0.10
2008.04.16 20:18:48.847,1.01645,1.01685,0.30,0.10
2008.04.16 20:18:49.126,1.01645,1.01685,0.30,0.10
2008.04.16 20:18:49.404,1.01645,1.01685,0.30,0.10
2008.04.16 20:18:49.682,1.01645,1.01685,0.30,0.10
2008.04.16 20:18:49.960,1.01645,1.01685,0.30,0.10
2008.04.16 20:18:50.194,1.01645,1.01685,0.30,0.10
2008.04.16 20:18:50.434,1.01645,1.01685,0.30,0.10
2008.04.16 20:18:50.666,1.01645,1.01685,0.30,0.10
2008.04.16 20:18:50.899,1.01645,1.01685,0.30,0.40
2008.04.16 20:18:51.125,1.01635,1.01675,0.30,0.10
2008.04.16 20:18:51.351,1.0164,1.01675,0.20,0.10
2008.04.16 20:18:51.575,1.01645,1.01685,0.30,0.10
2008.04.16 20:18:51.798,1.01645,1.01685,0.30,0.10
2008.04.16 20:18:52.023,1.01645,1.01685,0.30,0.10
2008.04.16 20:18:52.343,1.01645,1.01685,0.30,0.10
2008.04.16 20:18:52.595,1.01645,1.01685,0.30,0.10
2008.04.16 20:18:52.879,1.01645,1.01685,0.30,0.10
2008.04.16 20:18:53.073,1.01645,1.01685,0.30,0.10
2008.04.16 20:18:53.266,1.01645,1.01685,0.30,0.10
2008.04.16 20:18:53.459,1.01645,1.01685,0.30,0.10
2008.04.16 20:18:53.653,1.01645,1.01685,0.30,0.10
2008.04.16 20:18:53.849,1.01645,1.01685,0.30,0.10
2008.04.16 20:18:54.128,1.01645,1.01685,0.30,0.10
2008.04.16 20:18:54.410,1.01655,1.01685,0.30,0.10
2008.04.16 20:18:54.691,1.01655,1.01685,0.30,0.10
2008.04.16 20:18:54.969,1.01655,1.01685,0.30,0.10
2008.04.16 20:18:55.198,1.01655,1.01685,0.30,0.10
2008.04.16 20:18:55.457,1.01655,1.01685,0.30,0.10
2008.04.16 20:18:55.655,1.01655,1.01685,0.30,0.10
2008.04.16 20:18:55.885,1.01655,1.01685,0.30,0.10
2008.04.16 20:18:56.084,1.01655,1.01685,0.30,0.10
2008.04.16 20:18:56.283,1.01655,1.01685,0.30,0.10
2008.04.16 20:18:56.489,1.01655,1.01685,0.30,0.10
2008.04.16 20:18:56.688,1.01655,1.01685,0.30,0.10
2008.04.16 20:18:56.897,1.01655,1.01685,0.30,0.10
2008.04.16 20:18:57.156,1.01655,1.01685,0.30,0.10
2008.04.16 20:18:57.414,1.01655,1.01685,0.50,0.10
2008.04.16 20:18:57.677,1.01675,1.0171,0.30,0.80
2008.04.16 20:18:57.935,1.01675,1.0171,0.30,0.80
2008.04.16 20:18:58.153,1.01675,1.0171,0.30,0.80
2008.04.16 20:18:58.372,1.01675,1.0171,0.30,0.80
2008.04.16 20:18:58.609,1.01675,1.0171,0.30,0.80
2008.04.16 20:18:58.828,1.01675,1.0171,0.30,0.80
2008.04.16 20:18:59.047,1.01675,1.0171,0.30,0.80
2008.04.16 20:18:59.282,1.01675,1.0171,0.30,0.80
2008.04.16 20:18:59.516,1.01675,1.0171,0.30,0.80
2008.04.16 20:18:59.749,1.01675,1.0171,0.30,0.80
2008.04.16 20:18:59.983,1.01675,1.0171,0.30,0.80
2008.04.16 20:19:00.241,1.01675,1.0171,0.30,0.80
2008.04.16 20:19:00.497,1.01675,1.0171,0.30,0.80
2008.04.16 20:19:00.719,1.01675,1.0171,0.30,0.80
2008.04.16 20:19:00.912,1.01675,1.0171,0.30,0.80
2008.04.16 20:19:01.137,1.01675,1.0171,0.30,0.80
2008.04.16 20:19:01.385,1.01675,1.0171,0.30,0.80
2008.04.16 20:19:01.633,1.01675,1.0171,0.30,0.80
2008.04.16 20:19:01.882,1.01675,1.0171,0.30,0.80
2008.04.16 20:19:02.131,1.01675,1.0171,0.30,0.80
2008.04.16 20:19:02.335,1.01675,1.0171,0.30,0.80
2008.04.16 20:19:02.567,1.01675,1.0171,0.30,0.80
2008.04.16 20:19:02.772,1.01675,1.0171,0.30,0.80
2008.04.16 20:19:02.975,1.01675,1.0171,0.30,0.80
2008.04.16 20:19:03.180,1.01675,1.0171,0.30,0.80
2008.04.16 20:19:03.429,1.01675,1.0171,0.30,0.80
2008.04.16 20:19:03.677,1.01675,1.0171,0.30,0.80
2008.04.16 20:19:03.926,1.01675,1.0171,0.30,0.80
2008.04.16 20:19:04.175,1.01675,1.0171,0.30,0.80
2008.04.16 20:19:04.364,1.01675,1.0171,0.30,0.80
2008.04.16 20:19:04.552,1.01675,1.0171,0.30,0.80
2008.04.16 20:19:04.741,1.01675,1.0171,0.30,0.80
2008.04.16 20:19:04.960,1.01675,1.0171,0.30,0.80
2008.04.16 20:19:05.146,1.01675,1.0171,0.30,0.80
2008.04.16 20:19:05.391,1.01675,1.0171,0.30,0.80
2008.04.16 20:19:05.666,1.01675,1.0171,0.30,0.80
2008.04.16 20:19:05.908,1.01675,1.0171,0.30,0.80
2008.04.16 20:19:06.152,1.01675,1.0171,0.30,0.80
2008.04.16 20:19:06.330,1.01675,1.0171,0.30,0.80
2008.04.16 20:19:06.509,1.01675,1.0171,0.30,0.80
2008.04.16 20:19:06.689,1.01675,1.0171,0.30,0.80
2008.04.16 20:19:06.868,1.01675,1.0171,0.30,0.80
2008.04.16 20:19:07.046,1.01675,1.0171,0.30,0.80
2008.04.16 20:19:07.254,1.01675,1.0171,0.30,0.80
2008.04.16 20:19:07.513,1.01675,1.0171,0.30,0.80
2008.04.16 20:19:07.774,1.01675,1.0171,0.30,0.80
2008.04.16 20:19:08.031,1.01675,1.0171,0.30,0.80
2008.04.16 20:19:08.289,1.01675,1.0171,0.30,0.80
2008.04.16 20:19:08.522,1.01675,1.0171,0.30,0.80
2008.04.16 20:19:08.756,1.01675,1.0171,0.30,0.80
2008.04.16 20:19:08.989,1.01675,1.0171,0.30,0.80
2008.04.16 20:19:09.223,1.01675,1.0171,0.30,0.80
2008.04.16 20:19:09.467,1.01675,1.0171,0.30,0.80
2008.04.16 20:19:09.711,1.01675,1.0171,0.30,0.80
2008.04.16 20:19:09.954,1.01675,1.0171,0.30,0.80
2008.04.16 20:19:10.197,1.01675,1.0171,0.30,0.80
2008.04.16 20:19:10.390,1.01675,1.0171,0.30,0.80
2008.04.16 20:19:10.585,1.01675,1.01705,0.30,0.80
2008.04.16 20:19:10.778,1.01675,1.01705,0.30,0.80
2008.04.16 20:19:10.972,1.01675,1.01705,0.30,0.80
2008.04.16 20:19:11.166,1.01675,1.01705,0.30,0.80
2008.04.16 20:19:11.360,1.01675,1.01705,0.30,0.80
2008.04.16 20:19:11.625,1.01675,1.01705,0.30,0.80
2008.04.16 20:19:11.889,1.01675,1.01705,0.30,0.80
2008.04.16 20:19:12.159,1.01675,1.01705,0.30,0.80
2008.04.16 20:19:12.424,1.01675,1.01705,0.30,0.80
2008.04.16 20:19:12.619,1.01685,1.01715,0.30,0.40
2008.04.16 20:19:12.813,1.01685,1.01715,0.30,0.10
2008.04.16 20:19:13.040,1.01685,1.01715,0.30,0.10
2008.04.16 20:19:13.234,1.01685,1.01715,0.30,0.10
2008.04.16 20:19:13.427,1.01685,1.01715,0.30,0.10
2008.04.16 20:19:13.681,1.01685,1.01715,0.30,0.10
2008.04.16 20:19:13.934,1.01685,1.01715,0.30,0.10
2008.04.16 20:19:14.189,1.01685,1.01715,0.30,0.10
2008.04.16 20:19:14.442,1.01685,1.01715,0.30,0.10
2008.04.16 20:19:14.657,1.01685,1.01715,0.30,0.10
2008.04.16 20:19:14.871,1.01685,1.01715,0.30,0.10
2008.04.16 20:19:15.084,1.01685,1.01715,0.30,0.10
2008.04.16 20:19:15.299,1.01685,1.01715,0.30,0.10
2008.04.16 20:19:15.513,1.01685,1.01715,0.30,0.10
2008.04.16 20:19:15.752,1.01685,1.01715,0.30,0.10
2008.04.16 20:19:15.991,1.01685,1.01715,0.30,0.10
2008.04.16 20:19:16.230,1.01685,1.01715,0.30,0.10
2008.04.16 20:19:16.469,1.01685,1.01715,0.30,0.10
2008.04.16 20:19:16.669,1.01685,1.01715,0.30,0.10
2008.04.16 20:19:16.867,1.01685,1.01715,0.30,0.10
2008.04.16 20:19:17.092,1.01685,1.01715,0.30,0.10
2008.04.16 20:19:17.290,1.01685,1.01715,0.30,0.10
2008.04.16 20:19:17.489,1.01685,1.01715,0.30,0.10
2008.04.16 20:19:17.757,1.01685,1.01715,0.30,0.10
2008.04.16 20:19:17.996,1.01685,1.01715,0.30,0.10
2008.04.16 20:19:18.234,1.01685,1.01715,0.30,0.10
2008.04.16 20:19:18.472,1.01685,1.01715,0.30,0.10
2008.04.16 20:19:18.685,1.01685,1.01715,0.30,0.10
2008.04.16 20:19:18.900,1.01675,1.01715,0.30,0.10
2008.04.16 20:19:19.114,1.01675,1.01715,0.30,0.10
2008.04.16 20:19:19.328,1.01675,1.01715,0.30,0.10
2008.04.16 20:19:19.543,1.01675,1.01715,0.30,0.10
2008.04.16 20:19:19.833,1.01675,1.01715,0.30,0.10
2008.04.16 20:19:20.091,1.01675,1.01715,0.30,0.10
2008.04.16 20:19:20.350,1.01675,1.01715,0.30,0.10
2008.04.16 20:19:20.609,1.01675,1.01715,0.30,0.10
2008.04.16 20:19:20.843,1.01675,1.01715,0.30,0.10
2008.04.16 20:19:21.078,1.01675,1.01715,0.30,0.10
2008.04.16 20:19:21.310,1.01675,1.01715,0.30,0.10
2008.04.16 20:19:21.544,1.01675,1.01715,0.30,0.10
2008.04.16 20:19:21.753,1.01675,1.01715,0.30,0.10
2008.04.16 20:19:21.962,1.01675,1.01715,0.30,0.10
2008.04.16 20:19:22.177,1.01675,1.01715,0.30,0.10
2008.04.16 20:19:22.386,1.01675,1.01715,0.30,0.10
2008.04.16 20:19:22.593,1.01675,1.01715,0.30,0.10
2008.04.16 20:19:22.807,1.01675,1.01715,0.30,0.10
2008.04.16 20:19:23.021,1.01675,1.01715,0.30,0.10
2008.04.16 20:19:23.234,1.01675,1.01715,0.30,0.10
2008.04.16 20:19:23.448,1.01675,1.01715,0.30,0.10
2008.04.16 20:19:23.661,1.01675,1.01715,0.30,0.10
2008.04.16 20:19:23.890,1.01675,1.01715,0.30,0.10
2008.04.16 20:19:24.132,1.01675,1.01715,0.30,0.10
2008.04.16 20:19:24.360,1.01675,1.01715,0.30,0.10
2008.04.16 20:19:24.596,1.01675,1.01715,0.30,0.10
2008.04.16 20:19:24.870,1.01675,1.01715,0.30,0.10
2008.04.16 20:19:25.083,1.01675,1.01715,0.30,0.10
2008.04.16 20:19:25.326,1.01675,1.01715,0.30,0.10
2008.04.16 20:19:25.569,1.01675,1.01715,0.30,0.10
2008.04.16 20:19:25.813,1.01675,1.01715,0.30,0.10
2008.04.16 20:19:26.039,1.01675,1.01715,0.30,0.10
2008.04.16 20:19:26.234,1.01675,1.01715,0.30,0.10
2008.04.16 20:19:26.427,1.01675,1.01715,0.30,0.10
2008.04.16 20:19:26.620,1.01675,1.01715,0.30,0.10
2008.04.16 20:19:26.840,1.01675,1.01715,0.30,0.10
2008.04.16 20:19:27.059,1.01675,1.01715,0.30,0.10
2008.04.16 20:19:27.278,1.01675,1.01715,0.30,0.10
2008.04.16 20:19:27.496,1.01675,1.01715,0.30,0.10
2008.04.16 20:19:27.715,1.01675,1.01715,0.30,0.10
2008.04.16 20:19:27.958,1.01675,1.01715,0.30,0.10
2008.04.16 20:19:28.193,1.01675,1.01715,0.30,0.10
2008.04.16 20:19:28.425,1.01675,1.01715,0.30,0.10
2008.04.16 20:19:28.658,1.01675,1.01715,0.30,0.10
2008.04.16 20:19:28.892,1.01675,1.01715,0.30,0.10
2008.04.16 20:19:29.198,1.01675,1.01715,0.30,0.10
2008.04.16 20:19:29.478,1.01675,1.01715,0.30,0.10
2008.04.16 20:19:29.756,1.01675,1.01715,0.30,0.10
2008.04.16 20:19:29.950,1.01675,1.01715,0.30,0.10
2008.04.16 20:19:30.143,1.01675,1.01715,0.30,0.10
2008.04.16 20:19:30.336,1.01675,1.01715,0.30,0.10
2008.04.16 20:19:30.562,1.01675,1.01715,0.30,0.10
2008.04.16 20:19:30.726,1.01675,1.01715,0.30,0.10
2008.04.16 20:19:30.918,1.01675,1.01715,0.30,0.10
2008.04.16 20:19:31.172,1.01675,1.01715,0.30,0.10
2008.04.16 20:19:31.424,1.01675,1.01715,0.30,0.10
2008.04.16 20:19:31.677,1.01675,1.01715,0.30,0.10
2008.04.16 20:19:31.931,1.01675,1.01715,0.30,0.10
2008.04.16 20:19:32.130,1.01675,1.01715,0.30,0.10
2008.04.16 20:19:32.327,1.01675,1.01715,0.30,0.10
2008.04.16 20:19:32.556,1.01675,1.01715,0.30,0.10
2008.04.16 20:19:32.725,1.01675,1.01715,0.30,0.10
2008.04.16 20:19:32.924,1.01675,1.01715,0.30,0.10
2008.04.16 20:19:33.153,1.01675,1.01715,0.30,0.10
2008.04.16 20:19:33.382,1.01675,1.01715,0.30,0.10
2008.04.16 20:19:33.611,1.01675,1.01715,0.30,0.10
2008.04.16 20:19:33.841,1.01675,1.01715,0.30,0.10
2008.04.16 20:19:34.064,1.01675,1.01715,0.30,0.10
2008.04.16 20:19:34.278,1.01675,1.01715,0.30,0.10
2008.04.16 20:19:34.492,1.01675,1.01715,0.30,0.10
2008.04.16 20:19:34.711,1.01675,1.01715,0.30,0.10
2008.04.16 20:19:34.924,1.01675,1.01715,0.30,0.10
2008.04.16 20:19:35.136,1.01675,1.01715,0.30,0.10
2008.04.16 20:19:35.350,1.01675,1.01715,0.30,0.10
2008.04.16 20:19:35.568,1.01675,1.01715,0.30,0.10
2008.04.16 20:19:35.781,1.01675,1.01715,0.30,0.10
2008.04.16 20:19:35.996,1.01675,1.01715,0.30,0.10
2008.04.16 20:19:36.232,1.01675,1.01715,0.30,0.10
2008.04.16 20:19:36.465,1.01675,1.01715,0.30,0.10
2008.04.16 20:19:36.698,1.01675,1.01715,0.30,0.10
2008.04.16 20:19:36.932,1.01675,1.01715,0.30,0.10
2008.04.16 20:19:37.152,1.01675,1.01715,0.30,0.10
2008.04.16 20:19:37.372,1.01675,1.01715,0.30,0.10
2008.04.16 20:19:37.590,1.01675,1.01715,0.30,0.10
2008.04.16 20:19:37.810,1.01675,1.01715,0.30,0.10
2008.04.16 20:19:38.028,1.01675,1.01715,0.30,0.10
2008.04.16 20:19:38.272,1.01675,1.01715,0.30,0.10
2008.04.16 20:19:38.515,1.01675,1.01715,0.30,0.10
2008.04.16 20:19:38.758,1.01675,1.01715,0.30,0.10
2008.04.16 20:19:39.029,1.01675,1.01715,0.30,0.10
2008.04.16 20:19:39.208,1.01675,1.01715,0.30,0.10
2008.04.16 20:19:39.388,1.01675,1.01715,0.30,0.10
2008.04.16 20:19:39.566,1.01675,1.01715,0.30,0.10
2008.04.16 20:19:39.745,1.01675,1.01715,0.30,0.10
2008.04.16 20:19:39.924,1.01675,1.01715,0.30,0.10
2008.04.16 20:19:40.103,1.01675,1.01715,0.30,0.10
2008.04.16 20:19:40.367,1.01675,1.01715,0.30,0.10
2008.04.16 20:19:40.631,1.01675,1.01715,0.30,0.10
2008.04.16 20:19:40.895,1.01675,1.01715,0.30,0.10
2008.04.16 20:19:41.158,1.01675,1.01715,0.30,0.10
2008.04.16 20:19:41.322,1.01675,1.01715,0.30,0.10
2008.04.16 20:19:41.485,1.01675,1.01715,0.30,0.10
2008.04.16 20:19:41.649,1.01675,1.01715,0.30,0.10
2008.04.16 20:19:41.813,1.01675,1.01715,0.30,0.10
2008.04.16 20:19:41.977,1.01675,1.01715,0.30,0.10
2008.04.16 20:19:42.174,1.01675,1.01715,0.30,0.10
2008.04.16 20:19:42.338,1.01675,1.01715,0.30,0.10
2008.04.16 20:19:42.592,1.01675,1.01715,0.30,0.10
2008.04.16 20:19:42.845,1.01675,1.01715,0.30,0.10
2008.04.16 20:19:43.098,1.01675,1.01715,0.30,0.10
2008.04.16 20:19:43.352,1.01675,1.01715,0.30,0.10
2008.04.16 20:19:43.540,1.01675,1.01715,0.30,0.10
2008.04.16 20:19:43.728,1.01675,1.01715,0.30,0.10
2008.04.16 20:19:43.917,1.01675,1.01715,0.30,0.10
2008.04.16 20:19:44.106,1.01675,1.01715,0.30,0.10
2008.04.16 20:19:44.295,1.01675,1.01715,0.30,0.10
2008.04.16 20:19:44.547,1.01675,1.01715,0.30,0.10
2008.04.16 20:19:44.789,1.01675,1.01715,0.30,0.10
2008.04.16 20:19:45.032,1.01675,1.01715,0.30,0.10
2008.04.16 20:19:45.276,1.01675,1.01715,0.30,0.10
2008.04.16 20:19:45.491,1.01675,1.01715,0.30,0.10
2008.04.16 20:19:45.680,1.01675,1.01715,0.30,0.10
2008.04.16 20:19:45.868,1.01675,1.01715,0.30,0.10
2008.04.16 20:19:46.058,1.01675,1.01715,0.30,0.10
2008.04.16 20:19:46.248,1.01675,1.01715,0.30,0.10
2008.04.16 20:19:46.497,1.01675,1.01715,0.30,0.10
2008.04.16 20:19:46.745,1.01675,1.01715,0.30,0.10
2008.04.16 20:19:46.993,1.01675,1.01715,0.30,0.10
2008.04.16 20:19:47.241,1.01675,1.01715,0.30,0.10
2008.04.16 20:19:47.429,1.01675,1.01715,0.30,0.10
2008.04.16 20:19:47.619,1.01675,1.01715,0.30,0.10
2008.04.16 20:19:47.808,1.01675,1.01715,0.30,0.10
2008.04.16 20:19:47.997,1.01675,1.01715,0.30,0.10
2008.04.16 20:19:48.184,1.01675,1.01715,0.30,0.10
2008.04.16 20:19:48.372,1.01675,1.01715,0.30,0.10
2008.04.16 20:19:48.641,1.01675,1.01715,0.30,0.10
2008.04.16 20:19:48.881,1.01675,1.01715,0.30,0.10
2008.04.16 20:19:49.119,1.01675,1.01715,0.30,0.10
2008.04.16 20:19:49.390,1.01675,1.01715,0.30,0.10
2008.04.16 20:19:49.595,1.01675,1.01715,0.30,0.10
2008.04.16 20:19:49.798,1.01675,1.01715,0.30,0.10
2008.04.16 20:19:50.001,1.01675,1.01715,0.30,0.10
2008.04.16 20:19:50.205,1.01675,1.01715,0.30,0.10
2008.04.16 20:19:50.409,1.01675,1.01715,0.30,0.10
2008.04.16 20:19:50.633,1.01675,1.01715,0.30,0.10
2008.04.16 20:19:50.857,1.01675,1.01715,0.30,0.10
2008.04.16 20:19:51.080,1.01675,1.01715,0.30,0.10
2008.04.16 20:19:51.304,1.01675,1.01715,0.30,0.10
2008.04.16 20:19:51.513,1.01675,1.01715,0.30,0.10
2008.04.16 20:19:51.722,1.01675,1.01715,0.30,0.10
2008.04.16 20:19:51.931,1.01675,1.01715,0.30,0.10
2008.04.16 20:19:52.170,1.01675,1.01715,0.30,0.10
2008.04.16 20:19:52.348,1.01675,1.01715,0.30,0.10
2008.04.16 20:19:52.576,1.01675,1.01715,0.30,0.10
2008.04.16 20:19:52.805,1.01675,1.01715,0.30,0.10
2008.04.16 20:19:53.033,1.01675,1.01715,0.30,0.10
2008.04.16 20:19:53.286,1.01675,1.01715,0.30,0.10
2008.04.16 20:19:53.516,1.01675,1.01715,0.30,0.10
2008.04.16 20:19:53.726,1.01675,1.01715,0.30,0.10
2008.04.16 20:19:53.933,1.01675,1.01715,0.30,0.10
2008.04.16 20:19:54.142,1.01675,1.01715,0.30,0.10
2008.04.16 20:19:54.371,1.01675,1.01715,0.30,0.10
2008.04.16 20:19:54.577,1.01685,1.01715,0.30,0.10
2008.04.16 20:19:54.782,1.01685,1.01715,0.30,0.10
2008.04.16 20:19:54.983,1.01685,1.01715,0.30,0.10
2008.04.16 20:19:55.218,1.01685,1.01715,0.30,0.10
2008.04.16 20:19:55.390,1.01685,1.01715,0.30,0.10
2008.04.16 20:19:55.593,1.01685,1.01715,0.30,0.10
2008.04.16 20:19:55.838,1.01685,1.01715,0.30,0.10
2008.04.16 20:19:56.082,1.01685,1.01715,0.30,0.10
2008.04.16 20:19:56.358,1.01685,1.01715,0.30,0.10
2008.04.16 20:19:56.601,1.01675,1.01715,0.30,0.10
2008.04.16 20:19:56.796,1.01675,1.01715,0.30,0.10
2008.04.16 20:19:56.989,1.01675,1.01715,0.30,0.10
2008.04.16 20:19:57.185,1.01675,1.01715,0.30,0.10
2008.04.16 20:19:57.378,1.01675,1.01715,0.30,0.10
2008.04.16 20:19:57.573,1.01675,1.01715,0.30,0.10
2008.04.16 20:19:57.850,1.01675,1.01715,0.30,0.10
2008.04.16 20:19:58.092,1.01675,1.01715,0.30,0.10
2008.04.16 20:19:58.335,1.01675,1.01715,0.30,0.10
2008.04.16 20:19:58.578,1.01675,1.01715,0.30,0.10
2008.04.16 20:19:58.812,1.01675,1.01715,0.30,0.10
2008.04.16 20:19:59.046,1.01685,1.01715,0.30,0.10
2008.04.16 20:19:59.281,1.01685,1.01715,0.30,0.10
2008.04.16 20:19:59.518,1.01685,1.01715,0.30,0.10
2008.04.16 20:19:59.731,1.01685,1.01715,0.30,0.10
2008.04.16 20:19:59.945,1.01685,1.01715,0.30,0.10
2008.04.16 20:20:00.159,1.01685,1.01715,0.30,0.10
2008.04.16 20:20:00.373,1.01685,1.01715,0.30,0.10
2008.04.16 20:20:00.587,1.01685,1.01715,0.30,0.10
2008.04.16 20:20:00.800,1.01685,1.01715,0.30,0.10
2008.04.16 20:20:01.015,1.01685,1.01715,0.30,0.10
2008.04.16 20:20:01.229,1.01685,1.01715,0.30,0.10
2008.04.16 20:20:01.443,1.01685,1.01715,0.30,0.10
2008.04.16 20:20:01.657,1.01685,1.01715,0.30,0.10
2008.04.16 20:20:01.900,1.01685,1.01715,0.30,0.10
2008.04.16 20:20:02.137,1.01685,1.01715,0.30,0.10
2008.04.16 20:20:02.372,1.01685,1.01715,0.30,0.10
2008.04.16 20:20:02.606,1.01685,1.01715,0.30,0.10
2008.04.16 20:20:02.820,1.01685,1.01715,0.30,0.10
2008.04.16 20:20:03.034,1.01685,1.01715,0.30,0.10
2008.04.16 20:20:03.276,1.01685,1.01715,0.30,0.10
2008.04.16 20:20:03.491,1.01685,1.01715,0.30,0.10
2008.04.16 20:20:03.706,1.01685,1.01715,0.30,0.10
2008.04.16 20:20:03.919,1.01685,1.01715,0.30,0.10
2008.04.16 20:20:04.132,1.01685,1.01715,0.30,0.10
2008.04.16 20:20:04.346,1.01685,1.01715,0.30,0.10
2008.04.16 20:20:04.559,1.01685,1.01715,0.30,0.10
2008.04.16 20:20:04.774,1.01685,1.01715,0.30,0.10
2008.04.16 20:20:04.989,1.01685,1.01715,0.30,0.10
2008.04.16 20:20:05.210,1.01685,1.01715,0.30,0.10
2008.04.16 20:20:05.423,1.01685,1.01715,0.30,0.10
2008.04.16 20:20:05.636,1.01685,1.01715,0.30,0.10
2008.04.16 20:20:05.855,1.01685,1.01715,0.30,0.10
2008.04.16 20:20:06.090,1.01685,1.01715,0.30,0.10
2008.04.16 20:20:06.309,1.01685,1.01715,0.30,0.10
2008.04.16 20:20:06.528,1.01685,1.01715,0.30,0.10
2008.04.16 20:20:06.747,1.01685,1.01715,0.30,0.10
2008.04.16 20:20:06.966,1.01685,1.01715,0.30,0.10
2008.04.16 20:20:07.185,1.01685,1.01715,0.30,0.10
2008.04.16 20:20:07.404,1.01685,1.01715,0.30,0.10
2008.04.16 20:20:07.622,1.01685,1.01715,0.30,0.10
2008.04.16 20:20:07.846,1.01685,1.01715,0.30,0.10
2008.04.16 20:20:08.071,1.01685,1.01715,0.30,0.10
2008.04.16 20:20:08.294,1.01685,1.01715,0.30,0.10
2008.04.16 20:20:08.518,1.01685,1.01715,0.30,0.10
2008.04.16 20:20:08.742,1.01685,1.01715,0.30,0.10
2008.04.16 20:20:08.998,1.01685,1.01715,0.30,0.10
2008.04.16 20:20:09.232,1.01685,1.01715,0.30,0.10
2008.04.16 20:20:09.466,1.01685,1.01715,0.30,0.10
2008.04.16 20:20:09.699,1.01685,1.01715,0.30,0.10
2008.04.16 20:20:09.940,1.01685,1.01715,0.30,0.10
2008.04.16 20:20:10.177,1.01685,1.01715,0.30,0.10
2008.04.16 20:20:10.415,1.01685,1.01715,0.30,0.10
2008.04.16 20:20:10.654,1.01685,1.01715,0.30,0.10
2008.04.16 20:20:10.848,1.01685,1.01715,0.30,0.10
2008.04.16 20:20:11.043,1.01685,1.01715,0.30,0.10
2008.04.16 20:20:11.236,1.01685,1.01715,0.30,0.10
2008.04.16 20:20:11.430,1.01685,1.01715,0.30,0.10
2008.04.16 20:20:11.623,1.01685,1.01715,0.30,0.10
2008.04.16 20:20:11.851,1.01685,1.01715,0.30,0.10
2008.04.16 20:20:12.080,1.01685,1.01715,0.30,0.10
2008.04.16 20:20:12.309,1.01685,1.01715,0.30,0.10
2008.04.16 20:20:12.539,1.01685,1.01715,0.30,0.10
2008.04.16 20:20:12.768,1.01685,1.01715,0.30,0.10
2008.04.16 20:20:12.957,1.01685,1.01715,0.30,0.10
2008.04.16 20:20:13.145,1.01685,1.01715,0.30,0.10
2008.04.16 20:20:13.352,1.01685,1.01715,0.30,0.10
2008.04.16 20:20:13.541,1.01685,1.01715,0.30,0.10
2008.04.16 20:20:13.731,1.01685,1.01715,0.30,0.10
2008.04.16 20:20:13.920,1.01685,1.01715,0.30,0.10
2008.04.16 20:20:14.183,1.01685,1.01715,0.30,0.10
2008.04.16 20:20:14.446,1.01685,1.01715,0.30,0.10
2008.04.16 20:20:14.709,1.01685,1.01715,0.30,0.10
2008.04.16 20:20:14.973,1.01685,1.01715,0.30,0.10
2008.04.16 20:20:15.157,1.01685,1.01715,0.30,0.10
2008.04.16 20:20:15.340,1.01685,1.01715,0.30,0.10
2008.04.16 20:20:15.555,1.01685,1.01715,0.30,0.10
2008.04.16 20:20:15.739,1.01685,1.01715,0.30,0.10
2008.04.16 20:20:15.922,1.01685,1.01715,0.30,0.10
2008.04.16 20:20:16.166,1.01685,1.01715,0.30,0.10
2008.04.16 20:20:16.411,1.01685,1.01715,0.30,0.10
2008.04.16 20:20:16.656,1.01685,1.01715,0.30,0.10
2008.04.16 20:20:16.899,1.01685,1.01715,0.30,0.10
2008.04.16 20:20:17.083,1.01685,1.01715,0.30,0.10
2008.04.16 20:20:17.266,1.01685,1.01715,0.30,0.10
2008.04.16 20:20:17.450,1.01685,1.01715,0.30,0.10
2008.04.16 20:20:17.665,1.01685,1.01715,0.30,0.10
2008.04.16 20:20:17.847,1.01685,1.01715,0.30,0.10
2008.04.16 20:20:18.032,1.01685,1.01715,0.30,0.10
2008.04.16 20:20:18.301,1.01685,1.01715,0.30,0.10
2008.04.16 20:20:18.570,1.01685,1.01715,0.30,0.10
2008.04.16 20:20:18.840,1.01685,1.01715,0.30,0.10
2008.04.16 20:20:19.109,1.01685,1.01715,0.30,0.10
2008.04.16 20:20:19.288,1.01685,1.01715,0.30,0.10
2008.04.16 20:20:19.500,1.01685,1.01715,0.30,0.10
2008.04.16 20:20:19.680,1.01675,1.01715,0.30,0.10
2008.04.16 20:20:19.857,1.01675,1.01715,0.30,0.10
2008.04.16 20:20:20.055,1.01675,1.01715,0.30,0.10
2008.04.16 20:20:20.308,1.01675,1.01715,0.30,0.10
2008.04.16 20:20:20.558,1.01675,1.01715,0.30,0.10
2008.04.16 20:20:20.838,1.01675,1.01715,0.30,0.10
2008.04.16 20:20:21.056,1.01675,1.01715,0.30,0.10
2008.04.16 20:20:21.263,1.01675,1.01715,0.30,0.10
2008.04.16 20:20:21.442,1.01675,1.01715,0.30,0.10
2008.04.16 20:20:21.621,1.01675,1.01715,0.30,0.10
2008.04.16 20:20:21.800,1.01675,1.01715,0.30,0.10
2008.04.16 20:20:21.979,1.01675,1.01715,0.30,0.10
2008.04.16 20:20:22.159,1.01675,1.01715,0.30,0.10
2008.04.16 20:20:22.438,1.01675,1.01715,0.30,0.10
2008.04.16 20:20:22.722,1.01675,1.01715,0.30,0.10
2008.04.16 20:20:23.004,1.01675,1.01715,0.30,0.10
2008.04.16 20:20:23.288,1.01675,1.01715,0.30,0.10
2008.04.16 20:20:23.497,1.01675,1.01715,0.30,0.10
2008.04.16 20:20:23.744,1.01675,1.01715,0.30,0.10
2008.04.16 20:20:23.955,1.01675,1.01715,0.30,0.10
2008.04.16 20:20:24.165,1.01675,1.01715,0.30,0.10
2008.04.16 20:20:24.430,1.01675,1.01715,0.30,0.10
2008.04.16 20:20:24.662,1.01675,1.01715,0.30,0.10
2008.04.16 20:20:24.896,1.01675,1.01715,0.30,0.10
2008.04.16 20:20:25.129,1.01675,1.01715,0.30,0.10
2008.04.16 20:20:25.362,1.01675,1.01715,0.30,0.10
2008.04.16 20:20:25.571,1.01675,1.01715,0.30,0.10
2008.04.16 20:20:25.780,1.01675,1.01715,0.30,0.10
2008.04.16 20:20:25.988,1.01675,1.01715,0.30,0.10
2008.04.16 20:20:26.214,1.01675,1.01715,0.30,0.10
2008.04.16 20:20:26.444,1.01675,1.01715,0.30,0.10
2008.04.16 20:20:26.672,1.01675,1.01715,0.30,0.10
2008.04.16 20:20:26.916,1.01675,1.01715,0.30,0.10
2008.04.16 20:20:27.148,1.01675,1.01715,0.30,0.10
2008.04.16 20:20:27.378,1.01675,1.01715,0.30,0.10
2008.04.16 20:20:27.581,1.01675,1.01715,0.30,0.10
2008.04.16 20:20:27.785,1.01675,1.01715,0.30,0.10
2008.04.16 20:20:27.989,1.01675,1.01715,0.30,0.10
2008.04.16 20:20:28.192,1.01675,1.01715,0.30,0.10
2008.04.16 20:20:28.396,1.01675,1.01715,0.30,0.10
2008.04.16 20:20:28.640,1.01675,1.01715,0.30,0.10
2008.04.16 20:20:28.909,1.01675,1.01715,0.30,0.10
2008.04.16 20:20:29.154,1.01675,1.01715,0.30,0.10
2008.04.16 20:20:29.396,1.01675,1.01715,0.30,0.10
2008.04.16 20:20:29.620,1.01675,1.01715,0.30,0.10
2008.04.16 20:20:29.845,1.01675,1.01715,0.30,0.10
2008.04.16 20:20:30.067,1.01675,1.01715,0.30,0.10
2008.04.16 20:20:30.290,1.01675,1.01715,0.30,0.10
2008.04.16 20:20:30.514,1.01675,1.01715,0.30,0.10
2008.04.16 20:20:30.783,1.01675,1.01715,0.30,0.10
2008.04.16 20:20:31.051,1.01675,1.01715,0.30,0.10
2008.04.16 20:20:31.320,1.01675,1.01715,0.30,0.10
2008.04.16 20:20:31.588,1.01675,1.01715,0.30,0.10
2008.04.16 20:20:31.802,1.01675,1.01715,0.30,0.10
2008.04.16 20:20:32.042,1.01675,1.01715,0.30,0.10
2008.04.16 20:20:32.285,1.01675,1.01715,0.30,0.10
2008.04.16 20:20:32.497,1.01675,1.01715,0.30,0.10
2008.04.16 20:20:32.731,1.01675,1.01715,0.30,0.10
2008.04.16 20:20:32.965,1.01675,1.01715,0.30,0.10
2008.04.16 20:20:33.198,1.01675,1.01715,0.30,0.10
2008.04.16 20:20:33.432,1.01675,1.01715,0.30,0.10
2008.04.16 20:20:33.646,1.01675,1.01715,0.30,0.10
2008.04.16 20:20:33.860,1.01675,1.01715,0.30,0.10
2008.04.16 20:20:34.093,1.01675,1.01715,0.30,0.10
2008.04.16 20:20:34.306,1.01675,1.01715,0.30,0.10
2008.04.16 20:20:34.519,1.01675,1.01715,0.30,0.10
2008.04.16 20:20:34.775,1.01675,1.01715,0.30,0.10
2008.04.16 20:20:34.968,1.01675,1.01715,0.30,0.10
2008.04.16 20:20:35.191,1.01675,1.01715,0.30,0.10
2008.04.16 20:20:35.414,1.01675,1.01715,0.30,0.10
2008.04.16 20:20:35.638,1.01675,1.01715,0.30,0.10
2008.04.16 20:20:35.851,1.01675,1.01715,0.30,0.10
2008.04.16 20:20:36.066,1.01675,1.01715,0.30,0.10
2008.04.16 20:20:36.278,1.01675,1.01715,0.30,0.10
2008.04.16 20:20:36.492,1.01675,1.01715,0.30,0.10
2008.04.16 20:20:36.717,1.01675,1.01715,0.30,0.10
2008.04.16 20:20:36.960,1.01675,1.01715,0.30,0.10
2008.04.16 20:20:37.183,1.01675,1.01715,0.30,0.10
2008.04.16 20:20:37.407,1.01675,1.01715,0.30,0.10
2008.04.16 20:20:37.631,1.01675,1.01715,0.30,0.10
2008.04.16 20:20:37.861,1.01675,1.01715,0.30,0.10
2008.04.16 20:20:38.090,1.01675,1.01715,0.30,0.10
2008.04.16 20:20:38.318,1.01675,1.01715,0.30,0.10
2008.04.16 20:20:38.546,1.01675,1.01715,0.30,0.10
2008.04.16 20:20:38.770,1.01675,1.01715,0.30,0.10
2008.04.16 20:20:38.994,1.01675,1.01715,0.30,0.10
2008.04.16 20:20:39.218,1.01675,1.01715,0.50,0.10
2008.04.16 20:20:39.443,1.01685,1.0173,0.30,0.40
2008.04.16 20:20:39.667,1.01685,1.0173,0.30,0.40
2008.04.16 20:20:39.885,1.01685,1.0173,0.30,0.40
2008.04.16 20:20:40.104,1.01685,1.0173,0.30,0.40
2008.04.16 20:20:40.325,1.01685,1.0173,0.30,0.40
2008.04.16 20:20:40.544,1.01685,1.0173,0.30,0.40
2008.04.16 20:20:40.774,1.01685,1.0173,0.30,0.40
2008.04.16 20:20:41.036,1.01685,1.0173,0.30,0.40
2008.04.16 20:20:41.265,1.01685,1.0173,0.30,0.40
2008.04.16 20:20:41.493,1.01685,1.0173,0.30,0.40
2008.04.16 20:20:41.722,1.01685,1.0173,0.30,0.40
2008.04.16 20:20:41.940,1.01685,1.0173,0.30,0.40
2008.04.16 20:20:43.933,1.01685,1.0173,0.30,0.40
2008.04.16 20:20:44.014,1.01685,1.0173,0.30,0.40
2008.04.16 20:20:44.027,1.01685,1.0173,0.30,0.40
2008.04.16 20:20:44.074,1.01685,1.0173,0.30,0.40
2008.04.16 20:20:44.128,1.01685,1.0173,0.30,0.40
2008.04.16 20:20:44.174,1.01685,1.0173,0.30,0.40
2008.04.16 20:20:44.227,1.01685,1.0173,0.30,0.40
2008.04.16 20:20:44.271,1.01685,1.0173,0.30,0.40
2008.04.16 20:20:44.332,1.01685,1.0173,0.30,0.40
2008.04.16 20:20:44.416,1.01685,1.0173,0.30,0.40
2008.04.16 20:20:44.433,1.01685,1.0173,0.30,0.40
2008.04.16 20:20:44.523,1.01685,1.0173,0.30,0.40
2008.04.16 20:20:44.566,1.01685,1.0173,0.30,0.40
2008.04.16 20:20:44.627,1.01685,1.0173,0.30,0.40
2008.04.16 20:20:44.673,1.01685,1.0173,0.30,0.40
2008.04.16 20:20:44.720,1.01685,1.0173,0.30,0.40
2008.04.16 20:20:44.761,1.01685,1.0173,0.30,0.40
2008.04.16 20:20:44.809,1.01685,1.0173,0.30,0.40
2008.04.16 20:20:44.852,1.01685,1.0173,0.30,0.40
2008.04.16 20:20:44.924,1.01685,1.0173,0.30,0.40
2008.04.16 20:20:45.003,1.01685,1.0173,0.30,0.40
2008.04.16 20:20:45.330,1.01685,1.0173,0.30,0.40
2008.04.16 20:20:45.663,1.01685,1.0173,0.30,0.40
2008.04.16 20:20:45.996,1.01685,1.0173,0.30,0.40
2008.04.16 20:20:46.175,1.01685,1.0173,0.30,0.40
2008.04.16 20:20:46.353,1.01685,1.0173,0.30,0.40
2008.04.16 20:20:46.566,1.01685,1.0173,0.30,0.40
2008.04.16 20:20:46.710,1.01685,1.0173,0.30,0.50
2008.04.16 20:20:46.889,1.01675,1.0173,0.30,0.50
2008.04.16 20:20:47.099,1.01675,1.0173,0.30,0.50
2008.04.16 20:20:47.341,1.01675,1.0173,0.30,0.50
2008.04.16 20:20:47.615,1.01675,1.0173,0.30,0.50
2008.04.16 20:20:47.911,1.01675,1.0173,0.30,0.50
2008.04.16 20:20:48.184,1.01675,1.0173,0.30,0.50
2008.04.16 20:20:48.383,1.01675,1.0173,0.30,0.50
2008.04.16 20:20:48.581,1.01675,1.0173,0.30,0.50
2008.04.16 20:20:48.779,1.01675,1.0173,0.30,0.50
2008.04.16 20:20:48.977,1.01675,1.0173,0.30,0.50
2008.04.16 20:20:49.175,1.01675,1.0173,0.30,0.50
2008.04.16 20:20:49.389,1.01675,1.0173,0.30,0.50
2008.04.16 20:20:49.603,1.01675,1.0173,0.30,0.50
2008.04.16 20:20:49.817,1.01675,1.0173,0.30,0.50
2008.04.16 20:20:50.031,1.01675,1.0173,0.30,0.50
2008.04.16 20:20:50.255,1.01675,1.0173,0.30,0.50
2008.04.16 20:20:50.479,1.01675,1.0173,0.30,0.50
2008.04.16 20:20:50.702,1.01675,1.0173,0.30,0.50
2008.04.16 20:20:50.927,1.01675,1.0173,0.30,0.50
2008.04.16 20:20:51.150,1.01675,1.0173,0.30,0.50
2008.04.16 20:20:51.378,1.01675,1.0173,0.30,0.50
2008.04.16 20:20:51.607,1.01675,1.0173,0.30,0.50
2008.04.16 20:20:51.837,1.01675,1.0173,0.30,0.50
2008.04.16 20:20:52.087,1.01675,1.0173,0.30,0.50
2008.04.16 20:20:52.269,1.01675,1.0173,0.30,0.50
2008.04.16 20:20:52.454,1.01675,1.0173,0.30,0.50
2008.04.16 20:20:52.675,1.01675,1.0173,0.30,0.50
2008.04.16 20:20:52.825,1.01675,1.0173,0.30,0.50
2008.04.16 20:20:53.009,1.01675,1.0172,0.30,0.30
2008.04.16 20:20:53.225,1.01665,1.0172,0.30,0.30
2008.04.16 20:20:53.498,1.01665,1.01715,0.30,0.40
2008.04.16 20:20:53.772,1.01665,1.01715,0.30,0.40
2008.04.16 20:20:54.046,1.01665,1.01715,0.30,0.40
2008.04.16 20:20:54.320,1.01665,1.01715,0.30,0.40
2008.04.16 20:20:54.503,1.01665,1.01715,0.30,0.40
2008.04.16 20:20:54.701,1.01665,1.01715,0.30,0.40
2008.04.16 20:20:54.885,1.01665,1.01715,0.30,0.40
2008.04.16 20:20:55.073,1.01665,1.01715,0.30,0.40
2008.04.16 20:20:55.255,1.01665,1.01715,0.30,0.40
2008.04.16 20:20:55.493,1.01665,1.01715,0.30,0.40
2008.04.16 20:20:55.732,1.01665,1.01715,0.30,0.40
2008.04.16 20:20:55.971,1.01665,1.01715,0.30,0.40
2008.04.16 20:20:56.209,1.01665,1.01715,0.30,0.40
2008.04.16 20:20:56.437,1.01665,1.01715,0.30,0.40
2008.04.16 20:20:56.665,1.01665,1.01715,0.30,0.40
2008.04.16 20:20:56.894,1.01665,1.01715,0.30,0.40
2008.04.16 20:20:57.123,1.01665,1.01715,0.30,0.40
2008.04.16 20:20:57.375,1.01665,1.01715,0.30,0.40
2008.04.16 20:20:57.578,1.01665,1.01715,0.30,0.40
2008.04.16 20:20:57.782,1.01665,1.01715,0.30,0.40
2008.04.16 20:20:57.987,1.01665,1.01715,0.30,0.40
2008.04.16 20:20:58.191,1.01665,1.01715,0.30,0.40
2008.04.16 20:20:58.394,1.01665,1.01715,0.50,0.10
2008.04.16 20:20:58.657,1.01665,1.01725,0.30,0.60
2008.04.16 20:20:58.842,1.01665,1.01725,0.30,0.60
2008.04.16 20:20:59.065,1.01665,1.01725,0.30,0.60
2008.04.16 20:20:59.289,1.01665,1.01725,0.30,0.60
2008.04.16 20:20:59.527,1.01665,1.01725,0.30,0.60
2008.04.16 20:20:59.765,1.01665,1.01725,0.30,0.60
2008.04.16 20:21:00.004,1.01665,1.01725,0.30,0.60
2008.04.16 20:21:00.243,1.01665,1.01725,0.30,0.60
2008.04.16 20:21:00.456,1.01665,1.01725,0.30,0.60
2008.04.16 20:21:00.670,1.01665,1.01725,0.30,0.60
2008.04.16 20:21:00.884,1.01665,1.01725,0.30,0.60
2008.04.16 20:21:01.098,1.01665,1.01725,0.30,0.60
2008.04.16 20:21:01.311,1.01665,1.01725,0.30,0.60
2008.04.16 20:21:01.536,1.01665,1.01725,0.30,0.60
2008.04.16 20:21:01.744,1.01665,1.01725,0.30,0.60
2008.04.16 20:21:01.955,1.01665,1.01725,0.50,0.40
2008.04.16 20:21:02.165,1.01665,1.01725,0.70,0.40
2008.04.16 20:21:02.372,1.01665,1.01725,0.70,0.40
2008.04.16 20:21:02.581,1.01665,1.01725,0.70,0.40
2008.04.16 20:21:02.790,1.01665,1.01725,0.70,0.40
2008.04.16 20:21:02.999,1.01665,1.01725,0.70,0.40
2008.04.16 20:21:03.207,1.01665,1.01725,0.70,0.40
2008.04.16 20:21:03.447,1.01665,1.01725,0.70,0.40
2008.04.16 20:21:03.676,1.01665,1.0172,0.50,0.30
2008.04.16 20:21:03.905,1.01665,1.01715,0.50,0.10
2008.04.16 20:21:04.150,1.01665,1.01715,0.30,0.10
2008.04.16 20:21:04.379,1.01665,1.01715,0.30,0.10
2008.04.16 20:21:04.597,1.01665,1.01715,0.30,0.10
2008.04.16 20:21:04.815,1.01665,1.01715,0.30,0.10
2008.04.16 20:21:05.033,1.01665,1.01715,0.30,0.10
2008.04.16 20:21:05.253,1.01665,1.01715,0.30,0.10
2008.04.16 20:21:05.491,1.01665,1.01715,0.30,0.10
2008.04.16 20:21:05.729,1.01665,1.01715,0.30,0.10
2008.04.16 20:21:05.964,1.01665,1.01715,0.30,0.10
2008.04.16 20:21:06.197,1.01665,1.01715,0.30,0.10
2008.04.16 20:21:06.432,1.01665,1.01715,0.30,0.10
2008.04.16 20:21:06.631,1.01665,1.01715,0.30,0.10
2008.04.16 20:21:06.829,1.01665,1.01715,0.30,0.10
2008.04.16 20:21:07.028,1.01665,1.01715,0.50,0.10
2008.04.16 20:21:07.227,1.01665,1.01715,0.50,0.10
2008.04.16 20:21:07.456,1.01665,1.01715,0.50,0.10
2008.04.16 20:21:07.665,1.01665,1.01715,0.50,0.10
2008.04.16 20:21:07.903,1.01665,1.01715,0.50,0.10
2008.04.16 20:21:08.174,1.01665,1.01715,0.50,0.10
2008.04.16 20:21:08.413,1.01665,1.01715,0.50,0.10
2008.04.16 20:21:08.628,1.01665,1.01715,0.50,0.10
2008.04.16 20:21:08.841,1.01665,1.01715,0.50,0.10
2008.04.16 20:21:09.056,1.01665,1.01715,0.50,0.10
2008.04.16 20:21:09.303,1.01665,1.01715,0.50,0.10
2008.04.16 20:21:09.516,1.01665,1.01715,0.50,0.10
2008.04.16 20:21:09.725,1.01665,1.01715,0.30,0.10
2008.04.16 20:21:09.934,1.01665,1.01715,0.30,0.10
2008.04.16 20:21:10.142,1.01665,1.01715,0.30,0.10
2008.04.16 20:21:10.351,1.01665,1.01715,0.30,0.10
2008.04.16 20:21:10.591,1.01665,1.01715,0.30,0.10
2008.04.16 20:21:10.835,1.01665,1.01715,0.30,0.10
2008.04.16 20:21:11.078,1.01665,1.01715,0.30,0.10
2008.04.16 20:21:11.321,1.01675,1.01715,0.30,0.10
2008.04.16 20:21:11.565,1.01675,1.01715,0.30,0.10
2008.04.16 20:21:11.764,1.01675,1.01715,0.30,0.10
2008.04.16 20:21:11.963,1.01675,1.01715,0.30,0.10
2008.04.16 20:21:12.162,1.01675,1.01715,0.30,0.10
2008.04.16 20:21:12.361,1.01675,1.01715,0.30,0.10
2008.04.16 20:21:12.561,1.01675,1.01715,0.30,0.10
2008.04.16 20:21:12.791,1.01675,1.01715,0.30,0.10
2008.04.16 20:21:13.019,1.01675,1.01715,0.30,0.10
2008.04.16 20:21:13.280,1.01675,1.01715,0.30,0.10
2008.04.16 20:21:13.510,1.01675,1.01715,0.30,0.10
2008.04.16 20:21:13.714,1.01675,1.01715,0.30,0.10
2008.04.16 20:21:13.949,1.01675,1.01715,0.30,0.10
2008.04.16 20:21:14.122,1.01675,1.01715,0.30,0.10
2008.04.16 20:21:14.325,1.01675,1.01715,0.30,0.10
2008.04.16 20:21:14.529,1.01675,1.01715,0.30,0.10
2008.04.16 20:21:14.732,1.01675,1.01715,0.30,0.10
2008.04.16 20:21:14.966,1.01675,1.01715,0.30,0.10
2008.04.16 20:21:15.201,1.01675,1.01715,0.30,0.10
2008.04.16 20:21:15.434,1.01675,1.01715,0.30,0.10
2008.04.16 20:21:15.700,1.01675,1.01715,0.30,0.10
2008.04.16 20:21:15.909,1.01675,1.01715,0.30,0.10
2008.04.16 20:21:16.118,1.01675,1.01715,0.30,0.10
2008.04.16 20:21:16.326,1.01675,1.01715,0.30,0.10
2008.04.16 20:21:16.536,1.01675,1.01715,0.30,0.10
2008.04.16 20:21:16.744,1.01675,1.01715,0.30,0.10
2008.04.16 20:21:16.969,1.01675,1.01725,0.30,0.50
2008.04.16 20:21:17.194,1.01675,1.01725,0.30,0.10
2008.04.16 20:21:17.418,1.01675,1.01725,0.30,0.10
2008.04.16 20:21:17.672,1.01675,1.01725,0.30,0.10
2008.04.16 20:21:17.901,1.01675,1.01735,0.30,0.60
2008.04.16 20:21:18.131,1.01675,1.01735,0.50,0.60
2008.04.16 20:21:18.359,1.01675,1.01735,0.50,0.60
2008.04.16 20:21:18.588,1.01675,1.01735,0.50,0.60
2008.04.16 20:21:18.817,1.01675,1.01735,0.50,0.60
2008.04.16 20:21:19.030,1.01675,1.01735,0.50,0.60
2008.04.16 20:21:19.243,1.01675,1.01735,0.50,0.60
2008.04.16 20:21:19.456,1.01675,1.01735,0.50,0.60
2008.04.16 20:21:19.668,1.01675,1.01735,0.50,0.60
2008.04.16 20:21:19.883,1.01675,1.01735,0.50,0.60
2008.04.16 20:21:20.101,1.01675,1.01735,0.50,0.60
2008.04.16 20:21:20.319,1.01675,1.01735,0.50,0.60
2008.04.16 20:21:20.538,1.01675,1.01735,0.50,0.60
2008.04.16 20:21:20.757,1.01675,1.01735,0.50,0.60
2008.04.16 20:21:20.969,1.01675,1.01735,0.50,0.60
2008.04.16 20:21:21.182,1.01675,1.01735,0.50,0.60
2008.04.16 20:21:21.396,1.01675,1.01735,0.50,0.60
2008.04.16 20:21:21.610,1.01675,1.01735,0.50,0.60
2008.04.16 20:21:21.831,1.01675,1.01735,0.50,0.60
2008.04.16 20:21:22.056,1.01675,1.01735,0.50,0.60
2008.04.16 20:21:22.280,1.01675,1.01735,0.50,0.60
2008.04.16 20:21:22.504,1.01675,1.01735,0.50,0.60
2008.04.16 20:21:22.727,1.01675,1.01735,0.50,0.60
2008.04.16 20:21:22.952,1.01685,1.01735,0.30,0.10
2008.04.16 20:21:23.193,1.01685,1.01735,0.30,0.10
2008.04.16 20:21:23.403,1.01685,1.01735,0.30,0.10
2008.04.16 20:21:23.615,1.01685,1.01735,0.30,0.10
2008.04.16 20:21:23.823,1.01685,1.01735,0.30,0.10
2008.04.16 20:21:24.050,1.01685,1.01735,0.30,0.10
2008.04.16 20:21:24.279,1.01685,1.01735,0.30,0.10
2008.04.16 20:21:24.509,1.01685,1.01735,0.30,0.10
2008.04.16 20:21:24.739,1.01685,1.01735,0.30,0.10
2008.04.16 20:21:24.933,1.01685,1.01735,0.30,0.10
2008.04.16 20:21:25.129,1.01685,1.01735,0.30,0.10
2008.04.16 20:21:25.322,1.01685,1.01735,0.30,0.10
2008.04.16 20:21:25.516,1.01685,1.01735,0.30,0.10
2008.04.16 20:21:25.740,1.01685,1.01735,0.30,0.10
2008.04.16 20:21:25.933,1.01685,1.01735,0.30,0.10
2008.04.16 20:21:26.161,1.01685,1.01735,0.30,0.10
2008.04.16 20:21:26.389,1.01685,1.01735,0.30,0.10
2008.04.16 20:21:26.616,1.01685,1.01735,0.30,0.10
2008.04.16 20:21:26.845,1.01685,1.01735,0.30,0.10
2008.04.16 20:21:27.094,1.01685,1.01735,0.30,0.10
2008.04.16 20:21:27.343,1.01685,1.01735,0.30,0.10
2008.04.16 20:21:27.591,1.01685,1.01735,0.30,0.10
2008.04.16 20:21:27.840,1.01685,1.01735,0.30,0.10
2008.04.16 20:21:28.089,1.01685,1.01735,0.30,0.10
2008.04.16 20:21:28.278,1.01685,1.01735,0.30,0.10
2008.04.16 20:21:28.500,1.01685,1.01735,0.30,0.10
2008.04.16 20:21:28.686,1.01685,1.01735,0.30,0.10
2008.04.16 20:21:28.876,1.01685,1.01735,0.30,0.10
2008.04.16 20:21:29.145,1.01685,1.01735,0.30,0.10
2008.04.16 20:21:29.352,1.01685,1.01735,0.30,0.10
2008.04.16 20:21:29.591,1.01685,1.01735,0.30,0.10
2008.04.16 20:21:29.860,1.01685,1.01735,0.30,0.10
2008.04.16 20:21:30.099,1.01685,1.01735,0.30,0.10
2008.04.16 20:21:30.303,1.01685,1.01735,0.30,0.10
2008.04.16 20:21:30.507,1.01685,1.01735,0.30,0.10
2008.04.16 20:21:30.744,1.01685,1.01735,0.30,0.10
2008.04.16 20:21:30.945,1.0171,1.01735,1.60,0.10
2008.04.16 20:21:31.218,1.0171,1.01735,1.60,0.10
2008.04.16 20:21:31.492,1.0171,1.01735,1.60,0.10
2008.04.16 20:21:31.798,1.0171,1.01735,1.60,0.10
2008.04.16 20:21:32.040,1.0171,1.01735,1.60,0.10
2008.04.16 20:21:32.244,1.0171,1.01735,1.60,0.10
2008.04.16 20:21:32.447,1.0171,1.01735,1.60,0.10
2008.04.16 20:21:32.650,1.0171,1.01735,1.60,0.10
2008.04.16 20:21:32.855,1.0171,1.01735,1.60,0.10
2008.04.16 20:21:33.059,1.0171,1.01735,1.60,0.10
2008.04.16 20:21:33.297,1.0171,1.01735,1.60,0.10
2008.04.16 20:21:33.535,1.0171,1.01735,1.60,0.10
2008.04.16 20:21:33.774,1.0171,1.01735,1.60,0.10
2008.04.16 20:21:34.013,1.0171,1.01735,1.60,0.10
2008.04.16 20:21:34.227,1.0171,1.01735,1.60,0.10
2008.04.16 20:21:34.441,1.0171,1.01735,1.60,0.10
2008.04.16 20:21:34.653,1.0171,1.01735,1.60,0.10
2008.04.16 20:21:34.867,1.0171,1.01735,1.60,0.10
2008.04.16 20:21:35.081,1.0171,1.01735,1.60,0.10
2008.04.16 20:21:35.321,1.0171,1.01735,1.60,0.10
2008.04.16 20:21:35.559,1.0171,1.01735,1.60,0.10
2008.04.16 20:21:35.798,1.0171,1.01735,1.60,0.10
2008.04.16 20:21:36.038,1.0171,1.01735,1.60,0.10
2008.04.16 20:21:36.237,1.0171,1.01735,1.60,0.10
2008.04.16 20:21:36.435,1.0171,1.01735,1.60,0.10
2008.04.16 20:21:36.665,1.0171,1.01735,1.60,0.10
2008.04.16 20:21:36.863,1.0171,1.01735,1.60,0.10
2008.04.16 20:21:37.062,1.0171,1.01735,1.60,0.10
2008.04.16 20:21:37.306,1.0171,1.01735,1.60,0.10
2008.04.16 20:21:37.550,1.0171,1.01735,1.60,0.10
2008.04.16 20:21:37.795,1.0171,1.0173,1.60,0.30
2008.04.16 20:21:38.039,1.0171,1.0173,1.60,0.30
2008.04.16 20:21:38.284,1.0171,1.0173,1.60,0.30
2008.04.16 20:21:38.483,1.0171,1.0173,1.60,0.30
2008.04.16 20:21:38.713,1.0171,1.0173,1.60,0.30
2008.04.16 20:21:38.912,1.0171,1.01735,1.60,0.40
2008.04.16 20:21:39.112,1.0171,1.01735,1.60,0.40
2008.04.16 20:21:39.346,1.0171,1.01735,1.60,0.40
2008.04.16 20:21:39.597,1.0171,1.01735,1.60,0.40
2008.04.16 20:21:39.830,1.0171,1.01735,1.60,0.40
2008.04.16 20:21:40.065,1.0171,1.01735,1.60,0.40
2008.04.16 20:21:40.299,1.0171,1.01735,1.60,0.40
2008.04.16 20:21:40.553,1.0171,1.01735,1.60,0.40
2008.04.16 20:21:40.807,1.0171,1.01735,1.60,0.40
2008.04.16 20:21:41.061,1.0171,1.01735,1.60,0.40
2008.04.16 20:21:41.315,1.0171,1.01735,1.60,0.40
2008.04.16 20:21:41.562,1.0171,1.01735,1.60,0.40
2008.04.16 20:21:41.780,1.0171,1.01735,1.60,0.40
2008.04.16 20:21:41.998,1.0171,1.01735,1.60,0.60
2008.04.16 20:21:42.218,1.0171,1.01735,1.60,0.10
2008.04.16 20:21:42.453,1.0171,1.01745,1.60,0.50
2008.04.16 20:21:42.687,1.0171,1.01735,1.60,0.30
2008.04.16 20:21:42.922,1.0171,1.01735,1.60,0.30
2008.04.16 20:21:43.155,1.0171,1.01735,1.60,0.30
2008.04.16 20:21:43.389,1.0171,1.01735,1.60,0.30
2008.04.16 20:21:43.638,1.0171,1.01735,1.60,0.30
2008.04.16 20:21:43.872,1.0171,1.01735,1.60,0.30
2008.04.16 20:21:44.106,1.0171,1.01735,1.60,0.30
2008.04.16 20:21:44.323,1.0171,1.01735,1.60,0.30
2008.04.16 20:21:44.541,1.0171,1.01735,1.60,0.30
2008.04.16 20:21:44.761,1.0171,1.0173,1.60,0.30
2008.04.16 20:21:44.980,1.0171,1.0173,1.60,0.30
2008.04.16 20:21:45.199,1.0171,1.01735,1.60,0.60
2008.04.16 20:21:45.428,1.0171,1.01735,1.60,0.40
2008.04.16 20:21:45.656,1.0171,1.01735,1.60,0.40
2008.04.16 20:21:45.885,1.0171,1.01735,1.60,0.40
2008.04.16 20:21:46.113,1.0171,1.01735,1.60,0.40
2008.04.16 20:21:46.341,1.0171,1.01735,1.60,0.40
2008.04.16 20:21:46.560,1.0171,1.01735,1.60,0.40
2008.04.16 20:21:46.778,1.0171,1.01735,1.60,0.40
2008.04.16 20:21:46.996,1.0171,1.01735,1.60,0.40
2008.04.16 20:21:47.242,1.0171,1.0173,1.60,0.30
2008.04.16 20:21:47.445,1.0171,1.0173,1.60,0.30
2008.04.16 20:21:47.649,1.0171,1.0173,1.60,0.30
2008.04.16 20:21:47.857,1.0171,1.0173,1.60,0.30
2008.04.16 20:21:48.062,1.0171,1.0173,1.60,0.30
2008.04.16 20:21:48.265,1.0171,1.0173,1.60,0.30
2008.04.16 20:21:48.498,1.0171,1.0173,1.60,0.30
2008.04.16 20:21:48.733,1.0171,1.0173,1.60,0.30
2008.04.16 20:21:48.976,1.0171,1.0173,1.60,0.30
2008.04.16 20:21:49.242,1.0171,1.0173,1.60,0.30
2008.04.16 20:21:49.478,1.0171,1.0173,1.60,0.30
2008.04.16 20:21:49.747,1.0171,1.0173,1.60,0.30
2008.04.16 20:21:50.016,1.0171,1.01735,1.60,0.50
2008.04.16 20:21:50.285,1.0171,1.01735,1.60,0.30
2008.04.16 20:21:50.519,1.0171,1.01735,1.60,0.30
2008.04.16 20:21:50.753,1.0171,1.01735,1.60,0.30
2008.04.16 20:21:50.987,1.0171,1.01735,1.60,0.30
2008.04.16 20:21:51.220,1.0171,1.01735,1.60,0.30
2008.04.16 20:21:51.454,1.0171,1.01735,1.60,0.30
2008.04.16 20:21:51.676,1.0171,1.01735,1.60,0.30
2008.04.16 20:21:51.899,1.0171,1.01735,1.60,0.30
2008.04.16 20:21:52.154,1.0171,1.01735,1.60,0.30
2008.04.16 20:21:52.379,1.0171,1.01735,1.60,0.30
2008.04.16 20:21:52.598,1.0171,1.01735,1.60,0.30
2008.04.16 20:21:52.815,1.0171,1.01735,1.60,0.30
2008.04.16 20:21:53.034,1.0171,1.01735,1.60,0.30
2008.04.16 20:21:53.254,1.0171,1.0174,1.60,0.40
2008.04.16 20:21:53.472,1.0171,1.01745,1.60,0.60
2008.04.16 20:21:53.701,1.0171,1.01745,1.60,0.60
2008.04.16 20:21:53.929,1.0171,1.01745,1.60,0.60
2008.04.16 20:21:54.157,1.0171,1.01745,1.60,0.60
2008.04.16 20:21:54.415,1.0171,1.01745,1.60,0.60
2008.04.16 20:21:54.638,1.0171,1.01745,1.60,0.60
2008.04.16 20:21:54.862,1.0171,1.01745,1.60,0.60
2008.04.16 20:21:55.118,1.0171,1.01745,1.60,0.60
2008.04.16 20:21:55.342,1.0171,1.01745,1.60,0.60
2008.04.16 20:21:55.566,1.0171,1.01745,1.60,0.60
2008.04.16 20:21:55.809,1.0171,1.01745,1.60,0.60
2008.04.16 20:21:55.983,1.0171,1.01745,1.60,0.60
2008.04.16 20:21:56.231,1.0171,1.01745,1.60,0.60
2008.04.16 20:21:56.441,1.0171,1.01745,1.60,0.60
2008.04.16 20:21:56.668,1.0171,1.01745,1.60,0.60
2008.04.16 20:21:56.896,1.0171,1.01745,1.60,0.60
2008.04.16 20:21:57.144,1.0171,1.01745,1.60,0.60
2008.04.16 20:21:57.372,1.0171,1.01745,1.60,0.60
2008.04.16 20:21:57.602,1.0171,1.0174,1.60,0.30
2008.04.16 20:21:57.847,1.0171,1.0174,1.60,0.30
2008.04.16 20:21:58.122,1.0171,1.0174,1.60,0.30
2008.04.16 20:21:58.365,1.01685,1.0174,0.30,0.30
2008.04.16 20:21:58.608,1.01685,1.0174,0.30,0.30
2008.04.16 20:21:58.812,1.01685,1.0174,0.30,0.30
2008.04.16 20:21:59.016,1.01685,1.0174,0.30,0.30
2008.04.16 20:21:59.220,1.01685,1.0174,0.30,0.30
2008.04.16 20:21:59.424,1.01685,1.0174,0.30,0.30
2008.04.16 20:21:59.628,1.01685,1.0174,0.30,0.30
2008.04.16 20:21:59.842,1.01685,1.0174,0.30,0.30
2008.04.16 20:22:00.054,1.01685,1.0174,0.30,0.30
2008.04.16 20:22:00.268,1.01685,1.0174,0.30,0.30
2008.04.16 20:22:00.482,1.01685,1.0174,0.30,0.30
2008.04.16 20:22:00.695,1.01685,1.0174,0.30,0.30
2008.04.16 20:22:00.910,1.01685,1.01735,0.30,0.30
2008.04.16 20:22:01.123,1.0168,1.01735,0.20,0.30
2008.04.16 20:22:01.337,1.0168,1.01735,0.20,0.30
2008.04.16 20:22:01.555,1.0168,1.01735,0.20,0.30
2008.04.16 20:22:01.822,1.0168,1.01735,0.20,0.30
2008.04.16 20:22:02.118,1.0168,1.01735,0.20,0.30
2008.04.16 20:22:02.372,1.0168,1.01735,0.20,0.30
2008.04.16 20:22:02.639,1.0168,1.01735,0.20,0.30
2008.04.16 20:22:02.858,1.0168,1.01735,0.20,0.30
2008.04.16 20:22:03.077,1.0168,1.01735,0.20,0.30
2008.04.16 20:22:03.296,1.0168,1.01735,0.20,0.30
2008.04.16 20:22:03.515,1.0168,1.0173,0.20,0.30
2008.04.16 20:22:03.735,1.01675,1.0173,0.30,0.30
2008.04.16 20:22:03.943,1.01675,1.0173,0.30,0.30
2008.04.16 20:22:04.152,1.01675,1.0173,0.30,0.30
2008.04.16 20:22:04.391,1.01675,1.0173,0.30,0.30
2008.04.16 20:22:04.599,1.01675,1.0173,0.30,0.30
2008.04.16 20:22:04.808,1.01675,1.0173,0.50,0.30
2008.04.16 20:22:05.063,1.01675,1.0173,0.50,0.30
2008.04.16 20:22:05.256,1.01675,1.0173,0.50,0.30
2008.04.16 20:22:05.479,1.01675,1.01735,0.50,0.40
2008.04.16 20:22:05.706,1.01675,1.0173,0.30,0.30
2008.04.16 20:22:05.933,1.01675,1.0173,0.30,0.30
2008.04.16 20:22:06.177,1.01675,1.0173,0.30,0.30
2008.04.16 20:22:06.421,1.01675,1.0173,0.30,0.30
2008.04.16 20:22:06.699,1.01675,1.0173,0.30,0.30
2008.04.16 20:22:06.907,1.01675,1.0173,0.30,0.30
2008.04.16 20:22:07.101,1.01675,1.0173,0.30,0.30
2008.04.16 20:22:07.295,1.01675,1.0173,0.30,0.30
2008.04.16 20:22:07.488,1.01675,1.0173,0.30,0.30
2008.04.16 20:22:07.714,1.01675,1.0173,0.30,0.30
2008.04.16 20:22:07.906,1.01675,1.0173,0.30,0.30
2008.04.16 20:22:08.155,1.01675,1.0173,0.30,0.30
2008.04.16 20:22:08.403,1.01675,1.0173,0.30,0.30
2008.04.16 20:22:08.651,1.01675,1.0173,0.30,0.30
2008.04.16 20:22:08.899,1.01675,1.0173,0.30,0.30
2008.04.16 20:22:09.087,1.01675,1.0173,0.30,0.30
2008.04.16 20:22:09.276,1.01675,1.0173,0.30,0.30
2008.04.16 20:22:09.465,1.01675,1.0173,0.30,0.30
2008.04.16 20:22:09.653,1.01675,1.0173,0.30,0.30
2008.04.16 20:22:09.876,1.01675,1.0173,0.30,0.30
2008.04.16 20:22:10.105,1.01675,1.0173,0.30,0.30
2008.04.16 20:22:10.333,1.01675,1.0173,0.30,0.30
2008.04.16 20:22:10.560,1.01675,1.0173,0.30,0.30
2008.04.16 20:22:10.789,1.01675,1.0173,0.30,0.30
2008.04.16 20:22:11.017,1.01675,1.0173,0.30,0.30
2008.04.16 20:22:11.216,1.01675,1.0173,0.30,0.30
2008.04.16 20:22:11.415,1.01675,1.0173,0.30,0.30
2008.04.16 20:22:11.613,1.01675,1.0173,0.30,0.30
2008.04.16 20:22:11.812,1.01675,1.0173,0.30,0.30
2008.04.16 20:22:12.011,1.01675,1.0173,0.30,0.30
2008.04.16 20:22:12.229,1.01675,1.0173,0.30,0.30
2008.04.16 20:22:12.448,1.01675,1.0173,0.30,0.30
2008.04.16 20:22:12.666,1.01675,1.0173,0.30,0.30
2008.04.16 20:22:12.885,1.01675,1.0173,0.30,0.30
2008.04.16 20:22:13.135,1.01675,1.0173,0.30,0.30
2008.04.16 20:22:13.342,1.01675,1.0173,0.30,0.30
2008.04.16 20:22:13.550,1.01675,1.0173,0.30,0.30
2008.04.16 20:22:13.758,1.01675,1.0173,0.30,0.30
2008.04.16 20:22:13.966,1.01675,1.0173,0.30,0.30
2008.04.16 20:22:14.188,1.01675,1.0173,0.30,0.30
2008.04.16 20:22:14.402,1.01685,1.01735,0.30,0.60
2008.04.16 20:22:14.616,1.01685,1.01735,0.30,0.40
2008.04.16 20:22:14.859,1.01685,1.01735,0.30,0.40
2008.04.16 20:22:15.073,1.01685,1.01735,0.30,0.40
2008.04.16 20:22:15.291,1.01685,1.01735,0.30,0.40
2008.04.16 20:22:15.510,1.01685,1.01735,0.30,0.40
2008.04.16 20:22:15.729,1.01685,1.01735,0.30,0.40
2008.04.16 20:22:15.948,1.01685,1.01735,0.30,0.40
2008.04.16 20:22:16.166,1.01685,1.01735,0.30,0.40
2008.04.16 20:22:16.386,1.01685,1.01735,0.30,0.40
2008.04.16 20:22:16.604,1.01685,1.01735,0.30,0.40
2008.04.16 20:22:16.823,1.01685,1.01735,0.30,0.40
2008.04.16 20:22:17.041,1.01685,1.01735,0.30,0.40
2008.04.16 20:22:17.280,1.01685,1.01735,0.30,0.40
2008.04.16 20:22:17.513,1.01685,1.01735,0.30,0.40
2008.04.16 20:22:17.745,1.01685,1.01735,0.30,0.40
2008.04.16 20:22:17.978,1.01685,1.01735,0.30,0.40
2008.04.16 20:22:18.217,1.01685,1.01735,0.30,0.40
2008.04.16 20:22:18.411,1.01685,1.01735,0.30,0.40
2008.04.16 20:22:18.603,1.01685,1.01735,0.30,0.40
2008.04.16 20:22:18.796,1.01685,1.01735,0.30,0.40
2008.04.16 20:22:18.990,1.01685,1.01735,0.30,0.40
2008.04.16 20:22:19.213,1.01685,1.01735,0.30,0.40
2008.04.16 20:22:19.438,1.01685,1.01735,0.30,0.40
2008.04.16 20:22:19.692,1.01685,1.01735,0.30,0.40
2008.04.16 20:22:19.915,1.01685,1.01735,0.30,0.40
2008.04.16 20:22:20.139,1.01685,1.01735,0.30,0.40
2008.04.16 20:22:20.357,1.01685,1.01735,0.30,0.40
2008.04.16 20:22:20.575,1.01685,1.01735,0.30,0.40
2008.04.16 20:22:20.793,1.01685,1.01735,0.30,0.40
2008.04.16 20:22:21.011,1.01685,1.01735,0.30,0.40
2008.04.16 20:22:21.228,1.01685,1.01735,0.30,0.40
2008.04.16 20:22:21.437,1.01685,1.01735,0.30,0.40
2008.04.16 20:22:21.645,1.01685,1.01735,0.30,0.40
2008.04.16 20:22:21.853,1.01685,1.0173,0.30,0.30
2008.04.16 20:22:22.087,1.01685,1.01725,0.30,0.10
2008.04.16 20:22:22.311,1.01685,1.01725,0.30,0.10
2008.04.16 20:22:22.536,1.01685,1.01725,0.30,0.10
2008.04.16 20:22:22.759,1.01685,1.01725,0.30,0.10
2008.04.16 20:22:22.982,1.01685,1.01725,0.30,0.10
2008.04.16 20:22:23.229,1.01685,1.01725,0.30,0.10
2008.04.16 20:22:23.483,1.01685,1.01725,0.30,0.10
2008.04.16 20:22:23.737,1.01685,1.01725,0.30,0.10
2008.04.16 20:22:23.991,1.01685,1.01725,0.30,0.10
2008.04.16 20:22:24.245,1.01685,1.01725,0.30,0.10
2008.04.16 20:22:24.444,1.01685,1.01725,0.30,0.10
2008.04.16 20:22:24.643,1.01685,1.01715,0.30,0.10
2008.04.16 20:22:24.870,1.01685,1.01715,0.30,0.10
2008.04.16 20:22:25.068,1.01685,1.01715,0.30,0.10
2008.04.16 20:22:25.266,1.01685,1.01715,0.30,0.10
2008.04.16 20:22:25.515,1.01685,1.01715,0.30,0.10
2008.04.16 20:22:25.796,1.01685,1.01715,0.30,0.10
2008.04.16 20:22:26.044,1.01685,1.01715,0.30,0.10
2008.04.16 20:22:26.293,1.01685,1.01715,0.30,0.10
2008.04.16 20:22:26.546,1.01685,1.01715,0.30,0.10
2008.04.16 20:22:26.800,1.01685,1.01715,0.30,0.10
2008.04.16 20:22:27.054,1.01685,1.01715,0.30,0.10
2008.04.16 20:22:27.308,1.01685,1.01715,0.30,0.10
2008.04.16 20:22:27.492,1.01685,1.01715,0.30,0.10
2008.04.16 20:22:27.675,1.01685,1.01715,0.30,0.10
2008.04.16 20:22:27.859,1.01685,1.01715,0.30,0.10
2008.04.16 20:22:28.044,1.01685,1.01715,0.30,0.10
2008.04.16 20:22:28.233,1.01685,1.01715,0.30,0.10
2008.04.16 20:22:28.418,1.01685,1.01715,0.30,0.10
2008.04.16 20:22:28.656,1.01685,1.01715,0.30,0.10
2008.04.16 20:22:28.895,1.01685,1.01715,0.30,0.10
2008.04.16 20:22:29.135,1.01685,1.01715,0.30,0.10
2008.04.16 20:22:29.373,1.01685,1.01715,0.30,0.10
2008.04.16 20:22:29.622,1.01685,1.01715,0.30,0.10
2008.04.16 20:22:29.903,1.01685,1.01715,0.30,0.10
2008.04.16 20:22:30.156,1.01685,1.01715,0.30,0.10
2008.04.16 20:22:30.403,1.01685,1.01715,0.30,0.10
2008.04.16 20:22:30.608,1.01685,1.01715,0.30,0.10
2008.04.16 20:22:30.807,1.01685,1.01715,0.30,0.10
2008.04.16 20:22:31.006,1.01685,1.01715,0.30,0.10
2008.04.16 20:22:31.205,1.01685,1.01715,0.30,0.10
2008.04.16 20:22:31.405,1.01685,1.01715,0.30,0.10
2008.04.16 20:22:31.654,1.01685,1.01715,0.30,0.10
2008.04.16 20:22:31.904,1.01685,1.01715,0.30,0.10
2008.04.16 20:22:32.152,1.01685,1.01715,0.30,0.10
2008.04.16 20:22:32.402,1.01685,1.01715,0.30,0.10
2008.04.16 20:22:32.600,1.01685,1.01715,0.30,0.10
2008.04.16 20:22:32.798,1.01685,1.01715,0.30,0.10
2008.04.16 20:22:32.997,1.01685,1.01715,0.30,0.10
2008.04.16 20:22:33.226,1.01685,1.01715,0.30,0.10
2008.04.16 20:22:33.394,1.01685,1.01715,0.30,0.10
2008.04.16 20:22:33.593,1.01685,1.01715,0.30,0.10
2008.04.16 20:22:33.812,1.01685,1.01715,0.30,0.10
2008.04.16 20:22:34.030,1.01685,1.01715,0.30,0.10
2008.04.16 20:22:34.248,1.01685,1.01715,0.30,0.10
2008.04.16 20:22:34.467,1.01685,1.01715,0.30,0.10
2008.04.16 20:22:34.687,1.01685,1.01715,0.30,0.10
2008.04.16 20:22:34.896,1.01685,1.01715,0.30,0.10
2008.04.16 20:22:35.105,1.01685,1.01715,0.30,0.10
2008.04.16 20:22:35.315,1.01685,1.01715,0.30,0.10
2008.04.16 20:22:35.524,1.01685,1.01715,0.30,0.10
2008.04.16 20:22:35.738,1.01685,1.01715,0.30,0.10
2008.04.16 20:22:35.951,1.01685,1.01715,0.30,0.10
2008.04.16 20:22:36.165,1.01685,1.01715,0.30,0.10
2008.04.16 20:22:36.379,1.01685,1.01715,0.30,0.10
2008.04.16 20:22:36.592,1.01685,1.01715,0.30,0.10
2008.04.16 20:22:36.816,1.01685,1.01715,0.30,0.10
2008.04.16 20:22:37.040,1.01685,1.01715,0.30,0.10
2008.04.16 20:22:37.264,1.01685,1.01715,0.30,0.10
2008.04.16 20:22:37.489,1.01685,1.01715,0.30,0.10
2008.04.16 20:22:37.706,1.01685,1.01715,0.30,0.10
2008.04.16 20:22:37.919,1.01685,1.01715,0.30,0.10
2008.04.16 20:22:38.134,1.01685,1.01715,0.30,0.10
2008.04.16 20:22:38.348,1.01685,1.01715,0.30,0.10
2008.04.16 20:22:38.592,1.01685,1.01715,0.30,0.10
2008.04.16 20:22:38.801,1.01685,1.01715,0.30,0.10
2008.04.16 20:22:39.009,1.01685,1.01715,0.30,0.10
2008.04.16 20:22:39.217,1.01685,1.01715,0.30,0.10
2008.04.16 20:22:39.424,1.01685,1.01715,0.30,0.10
2008.04.16 20:22:39.644,1.01685,1.01715,0.30,0.10
2008.04.16 20:22:39.872,1.01685,1.01715,0.30,0.10
2008.04.16 20:22:40.102,1.01685,1.01715,0.30,0.10
2008.04.16 20:22:40.330,1.01685,1.01715,0.30,0.10
2008.04.16 20:22:40.558,1.01685,1.01715,0.30,0.10
2008.04.16 20:22:40.803,1.01685,1.01715,0.30,0.10
2008.04.16 20:22:41.022,1.01685,1.01715,0.30,0.10
2008.04.16 20:22:41.240,1.01685,1.01715,0.30,0.10
2008.04.16 20:22:41.458,1.01685,1.01715,0.30,0.10
2008.04.16 20:22:41.679,1.01685,1.01715,0.30,0.10
2008.04.16 20:22:41.860,1.01685,1.01715,0.30,0.10
2008.04.16 20:22:42.044,1.01685,1.01715,0.30,0.10
2008.04.16 20:22:42.228,1.01685,1.01715,0.30,0.10
2008.04.16 20:22:42.412,1.01685,1.01715,0.30,0.10
2008.04.16 20:22:42.596,1.01685,1.01715,0.30,0.10
2008.04.16 20:22:42.780,1.01685,1.01715,0.30,0.10
2008.04.16 20:22:43.088,1.01685,1.01715,0.30,0.10
2008.04.16 20:22:43.397,1.01685,1.01715,0.30,0.10
2008.04.16 20:22:43.705,1.01685,1.01715,0.30,0.10
2008.04.16 20:22:44.015,1.01685,1.01715,0.30,0.10
2008.04.16 20:22:44.198,1.01685,1.01715,0.30,0.10
2008.04.16 20:22:44.382,1.01685,1.01715,0.30,0.10
2008.04.16 20:22:44.565,1.01685,1.01715,0.30,0.10
2008.04.16 20:22:44.748,1.01685,1.01715,0.30,0.10
2008.04.16 20:22:45.021,1.01685,1.01715,0.30,0.10
2008.04.16 20:22:45.294,1.01685,1.01715,0.30,0.10
2008.04.16 20:22:45.567,1.01685,1.01715,0.30,0.10
2008.04.16 20:22:45.840,1.01685,1.01715,0.30,0.10
2008.04.16 20:22:46.024,1.01685,1.01715,0.30,0.10
2008.04.16 20:22:46.209,1.01685,1.01715,0.30,0.10
2008.04.16 20:22:46.428,1.01685,1.01715,0.30,0.10
2008.04.16 20:22:46.578,1.01685,1.01725,0.30,0.10
2008.04.16 20:22:46.764,1.01685,1.01725,0.30,0.10
2008.04.16 20:22:46.946,1.01685,1.01725,0.30,0.10
2008.04.16 20:22:47.235,1.01695,1.01725,0.30,0.10
2008.04.16 20:22:47.494,1.01695,1.01725,0.30,0.10
2008.04.16 20:22:47.754,1.01695,1.01725,0.30,0.10
2008.04.16 20:22:48.012,1.01695,1.01725,0.30,0.10
2008.04.16 20:22:48.245,1.01695,1.01725,0.30,0.10
2008.04.16 20:22:48.479,1.01695,1.01725,0.30,0.10
2008.04.16 20:22:48.712,1.01695,1.01725,0.30,0.10
2008.04.16 20:22:48.945,1.01695,1.01725,0.30,0.10
2008.04.16 20:22:49.189,1.01695,1.01725,0.30,0.10
2008.04.16 20:22:49.434,1.01695,1.01725,0.30,0.10
2008.04.16 20:22:49.689,1.01695,1.01725,0.30,0.10
2008.04.16 20:22:49.968,1.01695,1.01725,0.30,0.10
2008.04.16 20:22:50.197,1.01695,1.01725,0.30,0.10
2008.04.16 20:22:50.427,1.01695,1.01725,0.30,0.10
2008.04.16 20:22:50.654,1.01695,1.01725,0.30,0.10
2008.04.16 20:22:50.884,1.01695,1.01725,0.30,0.10
2008.04.16 20:22:51.113,1.01695,1.01725,0.30,0.10
2008.04.16 20:22:51.344,1.01695,1.01725,0.30,0.10
2008.04.16 20:22:51.607,1.01705,1.0174,0.30,0.80
2008.04.16 20:22:51.800,1.01705,1.0174,0.30,0.80
2008.04.16 20:22:52.029,1.01705,1.0174,0.30,0.80
2008.04.16 20:22:52.257,1.01705,1.0174,0.30,0.80
2008.04.16 20:22:52.487,1.01705,1.0174,0.30,0.80
2008.04.16 20:22:52.716,1.01695,1.01735,0.30,0.10
2008.04.16 20:22:52.947,1.01695,1.01735,0.30,0.10
2008.04.16 20:22:53.235,1.01695,1.01735,0.30,0.10
2008.04.16 20:22:53.458,1.01695,1.01735,0.30,0.10
2008.04.16 20:22:53.712,1.01695,1.01735,0.30,0.10
2008.04.16 20:22:54.001,1.01695,1.01735,0.30,0.10
2008.04.16 20:22:54.170,1.01695,1.01735,0.30,0.10
2008.04.16 20:22:54.375,1.01695,1.01735,0.30,0.40
2008.04.16 20:22:54.579,1.0169,1.01725,0.80,0.10
2008.04.16 20:22:54.783,1.0169,1.01725,0.80,0.10
2008.04.16 20:22:54.987,1.0169,1.01725,0.80,0.10
2008.04.16 20:22:55.273,1.0169,1.01725,0.80,0.10
2008.04.16 20:22:55.496,1.0169,1.01725,0.80,0.10
2008.04.16 20:22:55.750,1.0169,1.01725,0.80,0.10
2008.04.16 20:22:56.034,1.0169,1.01725,0.80,0.10
2008.04.16 20:22:56.237,1.0169,1.01725,0.80,0.10
2008.04.16 20:22:56.440,1.0169,1.01725,0.80,0.10
2008.04.16 20:22:56.643,1.0169,1.01725,0.80,0.10
2008.04.16 20:22:56.848,1.0169,1.01725,0.80,0.10
2008.04.16 20:22:57.052,1.0169,1.01725,0.80,0.10
2008.04.16 20:22:57.338,1.0169,1.01725,0.80,0.10
2008.04.16 20:22:57.614,1.0169,1.01725,0.80,0.10
2008.04.16 20:22:57.893,1.0169,1.01725,0.80,0.10
2008.04.16 20:22:58.171,1.0169,1.01725,0.80,0.10
2008.04.16 20:22:58.380,1.0169,1.01725,0.80,0.10
2008.04.16 20:22:58.591,1.01685,1.01725,0.30,0.10
2008.04.16 20:22:58.799,1.01685,1.01725,0.30,0.10
2008.04.16 20:22:59.008,1.01685,1.01725,0.30,0.10
2008.04.16 20:22:59.216,1.01685,1.01725,0.30,0.10
2008.04.16 20:22:59.425,1.01685,1.01725,0.30,0.10
2008.04.16 20:22:59.634,1.01685,1.01725,0.30,0.10
2008.04.16 20:22:59.844,1.01685,1.01715,0.30,0.10
2008.04.16 20:23:00.053,1.01685,1.01715,0.30,0.10
2008.04.16 20:23:00.262,1.01685,1.01715,0.30,0.10
2008.04.16 20:23:00.501,1.01685,1.01715,0.30,0.10
2008.04.16 20:23:00.739,1.01685,1.01715,0.30,0.10
2008.04.16 20:23:00.978,1.01685,1.01715,0.30,0.10
2008.04.16 20:23:01.217,1.01685,1.01715,0.30,0.10
2008.04.16 20:23:01.425,1.01685,1.01715,0.30,0.10
2008.04.16 20:23:01.673,1.01685,1.01715,0.30,0.10
2008.04.16 20:23:01.846,1.01685,1.01715,0.30,0.10
2008.04.16 20:23:02.054,1.01685,1.01715,0.30,0.10
2008.04.16 20:23:02.264,1.01685,1.01715,0.30,0.10
2008.04.16 20:23:02.477,1.01685,1.01715,0.30,0.10
2008.04.16 20:23:02.692,1.01685,1.01715,0.30,0.10
2008.04.16 20:23:02.937,1.01685,1.01715,0.30,0.10
2008.04.16 20:23:03.150,1.01685,1.01715,0.30,0.10
2008.04.16 20:23:03.364,1.01685,1.01715,0.30,0.10
2008.04.16 20:23:03.587,1.01685,1.01715,0.30,0.10
2008.04.16 20:23:03.811,1.01685,1.01715,0.30,0.10
2008.04.16 20:23:04.035,1.01685,1.01715,0.30,0.10
2008.04.16 20:23:04.258,1.01685,1.01715,0.30,0.10
2008.04.16 20:23:04.478,1.01685,1.01715,0.30,0.10
2008.04.16 20:23:04.697,1.01685,1.01715,0.30,0.10
2008.04.16 20:23:04.915,1.01685,1.01715,0.30,0.10
2008.04.16 20:23:05.133,1.01685,1.01715,0.30,0.10
2008.04.16 20:23:05.352,1.01685,1.01715,0.30,0.10
2008.04.16 20:23:05.567,1.01685,1.01725,0.30,0.10
2008.04.16 20:23:05.785,1.01685,1.01725,0.30,0.10
2008.04.16 20:23:05.998,1.01685,1.01725,0.30,0.10
2008.04.16 20:23:06.211,1.01685,1.01725,0.30,0.10
2008.04.16 20:23:06.424,1.01685,1.01725,0.30,0.10
2008.04.16 20:23:06.653,1.01685,1.01725,0.30,0.10
2008.04.16 20:23:06.883,1.01685,1.01725,0.30,0.10
2008.04.16 20:23:07.110,1.01685,1.01725,0.30,0.10
2008.04.16 20:23:07.341,1.01685,1.01725,0.30,0.10
2008.04.16 20:23:07.546,1.01685,1.01725,0.30,0.10
2008.04.16 20:23:07.749,1.01685,1.01725,0.30,0.10
2008.04.16 20:23:07.953,1.01685,1.01725,0.30,0.10
2008.04.16 20:23:08.157,1.01685,1.01725,0.30,0.10
2008.04.16 20:23:08.361,1.01685,1.01725,0.30,0.10
2008.04.16 20:23:08.580,1.01685,1.01725,0.30,0.10
2008.04.16 20:23:08.798,1.01685,1.01725,0.30,0.10
2008.04.16 20:23:09.024,1.01685,1.01725,0.30,0.10
2008.04.16 20:23:09.242,1.01685,1.01725,0.30,0.10
2008.04.16 20:23:09.459,1.01685,1.01725,0.30,0.10
2008.04.16 20:23:09.682,1.01685,1.01725,0.30,0.10
2008.04.16 20:23:09.906,1.01685,1.01725,0.30,0.10
2008.04.16 20:23:10.130,1.01685,1.01725,0.30,0.10
2008.04.16 20:23:10.352,1.01685,1.01725,0.30,0.10
2008.04.16 20:23:10.557,1.01685,1.01725,0.30,0.10
2008.04.16 20:23:10.748,1.01685,1.01725,0.30,0.10
2008.04.16 20:23:10.937,1.01685,1.01725,0.30,0.10
2008.04.16 20:23:11.161,1.01685,1.01725,0.30,0.10
2008.04.16 20:23:11.349,1.01685,1.01725,0.30,0.10
2008.04.16 20:23:11.600,1.01685,1.01725,0.30,0.10
2008.04.16 20:23:11.849,1.01685,1.01725,0.30,0.10
2008.04.16 20:23:12.099,1.01685,1.01725,0.30,0.10
2008.04.16 20:23:12.347,1.01685,1.01725,0.30,0.10
2008.04.16 20:23:12.540,1.01685,1.01725,0.30,0.10
2008.04.16 20:23:12.735,1.01685,1.01725,0.30,0.10
2008.04.16 20:23:12.944,1.01685,1.01725,0.30,0.10
2008.04.16 20:23:13.138,1.01685,1.01725,0.30,0.10
2008.04.16 20:23:13.331,1.01685,1.01725,0.30,0.10
2008.04.16 20:23:13.525,1.01685,1.01725,0.30,0.10
2008.04.16 20:23:13.768,1.01685,1.01725,0.30,0.10
2008.04.16 20:23:14.011,1.01685,1.01725,0.30,0.10
2008.04.16 20:23:14.255,1.01685,1.01725,0.30,0.10
2008.04.16 20:23:14.499,1.01685,1.01725,0.30,0.10
2008.04.16 20:23:14.692,1.01685,1.01725,0.30,0.10
2008.04.16 20:23:14.886,1.01685,1.01725,0.30,0.10
2008.04.16 20:23:15.079,1.01685,1.01725,0.30,0.10
2008.04.16 20:23:15.274,1.01685,1.01725,0.30,0.10
2008.04.16 20:23:15.467,1.01685,1.01725,0.30,0.10
2008.04.16 20:23:15.707,1.01685,1.01725,0.30,0.10
2008.04.16 20:23:15.932,1.01685,1.01725,0.30,0.10
2008.04.16 20:23:16.155,1.01685,1.01735,0.30,0.40
2008.04.16 20:23:16.392,1.01685,1.01735,0.30,0.40
2008.04.16 20:23:16.615,1.01685,1.01735,0.30,0.40
2008.04.16 20:23:16.849,1.01685,1.01735,0.30,0.40
2008.04.16 20:23:17.082,1.01685,1.01735,0.30,0.40
2008.04.16 20:23:17.316,1.01685,1.01735,0.30,0.40
2008.04.16 20:23:17.550,1.01685,1.01735,0.30,0.40
2008.04.16 20:23:17.749,1.01685,1.01735,0.30,0.40
2008.04.16 20:23:17.947,1.01685,1.01735,0.30,0.40
2008.04.16 20:23:18.146,1.01685,1.01735,0.30,0.40
2008.04.16 20:23:18.345,1.01685,1.01735,0.30,0.40
2008.04.16 20:23:18.550,1.01685,1.01735,0.30,0.40
2008.04.16 20:23:18.774,1.01685,1.01735,0.30,0.40
2008.04.16 20:23:18.998,1.01685,1.01735,0.30,0.40
2008.04.16 20:23:19.258,1.01685,1.01735,0.30,0.40
2008.04.16 20:23:19.447,1.01685,1.0173,0.30,0.30
2008.04.16 20:23:19.673,1.01685,1.01725,0.30,0.10
2008.04.16 20:23:19.896,1.01685,1.01725,0.30,0.10
2008.04.16 20:23:20.121,1.01685,1.01725,0.30,0.10
2008.04.16 20:23:20.345,1.01685,1.01725,0.30,0.10
2008.04.16 20:23:20.569,1.01685,1.01725,0.30,0.10
2008.04.16 20:23:20.833,1.01685,1.01725,0.30,0.10
2008.04.16 20:23:21.099,1.01685,1.01725,0.30,0.10
2008.04.16 20:23:21.363,1.01685,1.01725,0.30,0.10
2008.04.16 20:23:21.626,1.01685,1.01725,0.30,0.10
2008.04.16 20:23:21.845,1.01685,1.01725,0.30,0.10
2008.04.16 20:23:22.064,1.01685,1.01725,0.30,0.10
2008.04.16 20:23:22.283,1.01685,1.01725,0.30,0.10
2008.04.16 20:23:22.509,1.01685,1.01725,0.30,0.10
2008.04.16 20:23:22.729,1.01685,1.01725,0.30,0.10
2008.04.16 20:23:22.948,1.01685,1.01725,0.30,0.10
2008.04.16 20:23:23.199,1.01685,1.01725,0.30,0.10
2008.04.16 20:23:23.416,1.01685,1.01725,0.30,0.10
2008.04.16 20:23:23.633,1.01685,1.01725,0.30,0.10
2008.04.16 20:23:23.853,1.01685,1.01725,0.30,0.10
2008.04.16 20:23:24.076,1.01685,1.01725,0.30,0.10
2008.04.16 20:23:24.301,1.01685,1.01725,0.30,0.10
2008.04.16 20:23:24.524,1.01685,1.01725,0.30,0.10
2008.04.16 20:23:24.748,1.01685,1.01725,0.30,0.10
2008.04.16 20:23:24.983,1.01685,1.01725,0.30,0.10
2008.04.16 20:23:25.217,1.01685,1.01735,0.30,0.40
2008.04.16 20:23:25.449,1.01685,1.01735,0.30,0.40
2008.04.16 20:23:25.683,1.01685,1.01735,0.30,0.40
2008.04.16 20:23:25.917,1.01685,1.01735,0.30,0.40
2008.04.16 20:23:26.166,1.01685,1.01735,0.30,0.40
2008.04.16 20:23:26.415,1.01685,1.01735,0.30,0.40
2008.04.16 20:23:26.664,1.01685,1.01735,0.30,0.40
2008.04.16 20:23:26.913,1.01685,1.01735,0.30,0.40
2008.04.16 20:23:27.101,1.01685,1.01735,0.30,0.40
2008.04.16 20:23:27.290,1.01685,1.01735,0.30,0.40
2008.04.16 20:23:27.498,1.01685,1.01735,0.30,0.40
2008.04.16 20:23:27.687,1.01685,1.0173,0.30,0.30
2008.04.16 20:23:27.877,1.01685,1.0173,0.30,0.30
2008.04.16 20:23:28.141,1.01675,1.0173,0.50,0.30
2008.04.16 20:23:28.404,1.01675,1.0173,0.50,0.30
2008.04.16 20:23:28.668,1.01675,1.0173,0.50,0.30
2008.04.16 20:23:28.932,1.01675,1.0173,0.50,0.30
2008.04.16 20:23:29.166,1.01675,1.0173,0.50,0.30
2008.04.16 20:23:29.400,1.01675,1.01735,0.50,0.40
2008.04.16 20:23:29.634,1.01675,1.01735,0.50,0.40
2008.04.16 20:23:29.868,1.01675,1.01735,0.50,0.40
2008.04.16 20:23:30.086,1.01675,1.01735,0.50,0.40
2008.04.16 20:23:30.314,1.01675,1.01735,0.50,0.40
2008.04.16 20:23:30.532,1.01675,1.01735,0.50,0.40
2008.04.16 20:23:30.752,1.01675,1.01735,0.50,0.40
2008.04.16 20:23:30.970,1.01675,1.01735,0.50,0.40
2008.04.16 20:23:31.179,1.01675,1.01735,0.50,0.40
2008.04.16 20:23:31.404,1.01675,1.01735,0.50,0.40
2008.04.16 20:23:31.613,1.01675,1.01735,0.50,0.40
2008.04.16 20:23:31.822,1.01675,1.01735,0.50,0.40
2008.04.16 20:23:32.031,1.01675,1.01735,0.50,0.40
2008.04.16 20:23:32.284,1.01675,1.01735,0.50,0.40
2008.04.16 20:23:32.539,1.01675,1.01735,0.50,0.40
2008.04.16 20:23:32.805,1.01685,1.01735,0.30,0.40
2008.04.16 20:23:33.095,1.01695,1.01735,0.30,0.10
2008.04.16 20:23:33.359,1.01695,1.01735,0.30,0.10
2008.04.16 20:23:33.551,1.01695,1.01735,0.30,0.10
2008.04.16 20:23:33.779,1.01695,1.01735,0.30,0.10
2008.04.16 20:23:34.041,1.01695,1.01735,0.30,0.10
2008.04.16 20:23:34.217,1.01695,1.01735,0.30,0.10
2008.04.16 20:23:34.426,1.01695,1.01735,0.30,0.10
2008.04.16 20:23:34.663,1.01695,1.01735,0.30,0.40
2008.04.16 20:23:34.874,1.01695,1.01735,0.30,0.40
2008.04.16 20:23:35.084,1.01695,1.01735,0.30,0.10
2008.04.16 20:23:35.339,1.01695,1.01735,0.30,0.10
2008.04.16 20:23:35.594,1.01695,1.01735,0.30,0.10
2008.04.16 20:23:35.848,1.01695,1.01735,0.30,0.10
2008.04.16 20:23:36.120,1.01695,1.01735,0.30,0.10
2008.04.16 20:23:36.312,1.01695,1.01735,0.30,0.10
2008.04.16 20:23:36.506,1.01695,1.01735,0.30,0.40
2008.04.16 20:23:36.735,1.01695,1.01735,0.30,0.40
2008.04.16 20:23:36.928,1.01695,1.01735,0.30,0.40
2008.04.16 20:23:37.121,1.01695,1.01735,0.30,0.40
2008.04.16 20:23:37.314,1.01695,1.01735,0.30,0.40
2008.04.16 20:23:37.553,1.01695,1.01735,0.30,0.40
2008.04.16 20:23:37.792,1.01695,1.01735,0.30,0.40
2008.04.16 20:23:38.031,1.01695,1.01735,0.30,0.40
2008.04.16 20:23:38.270,1.01695,1.01735,0.30,0.40
2008.04.16 20:23:38.482,1.01695,1.01735,0.30,0.10
2008.04.16 20:23:38.681,1.01695,1.01735,0.30,0.10
2008.04.16 20:23:38.880,1.01695,1.01735,0.30,0.10
2008.04.16 20:23:39.109,1.01695,1.01735,0.30,0.10
2008.04.16 20:23:39.278,1.01695,1.01735,0.30,0.10
2008.04.16 20:23:39.508,1.01695,1.01735,0.30,0.10
2008.04.16 20:23:39.737,1.01695,1.01735,0.30,0.10
2008.04.16 20:23:39.967,1.01695,1.01735,0.30,0.10
2008.04.16 20:23:40.195,1.01695,1.01735,0.30,0.10
2008.04.16 20:23:40.409,1.01695,1.01735,0.30,0.10
2008.04.16 20:23:40.623,1.01695,1.01735,0.30,0.10
2008.04.16 20:23:40.844,1.01695,1.01735,0.30,0.10
2008.04.16 20:23:41.058,1.01695,1.01735,0.30,0.10
2008.04.16 20:23:41.272,1.01695,1.01735,0.30,0.10
2008.04.16 20:23:41.506,1.01695,1.01735,0.30,0.10
2008.04.16 20:23:41.732,1.01695,1.01735,0.30,0.10
2008.04.16 20:23:41.957,1.01695,1.01735,0.30,0.10
2008.04.16 20:23:42.180,1.01695,1.01735,0.30,0.10
2008.04.16 20:23:42.405,1.01695,1.01735,0.30,0.10
2008.04.16 20:23:42.631,1.01695,1.01735,0.30,0.10
2008.04.16 20:23:42.846,1.01695,1.01735,0.30,0.10
2008.04.16 20:23:43.060,1.01695,1.01735,0.30,0.10
2008.04.16 20:23:43.303,1.01695,1.01735,0.30,0.10
2008.04.16 20:23:43.532,1.01695,1.01735,0.30,0.10
2008.04.16 20:23:43.762,1.01695,1.01735,0.30,0.10
2008.04.16 20:23:44.027,1.01695,1.01735,0.30,0.10
2008.04.16 20:23:44.255,1.01695,1.01735,0.30,0.10
2008.04.16 20:23:44.485,1.01695,1.01735,0.30,0.10
2008.04.16 20:23:44.695,1.01695,1.01735,0.30,0.10
2008.04.16 20:23:44.906,1.01695,1.01735,0.30,0.10
2008.04.16 20:23:45.142,1.01695,1.01735,0.30,0.10
2008.04.16 20:23:45.351,1.01695,1.01735,0.30,0.10
2008.04.16 20:23:45.562,1.01695,1.01735,0.30,0.10
2008.04.16 20:23:45.766,1.01695,1.01735,0.30,0.10
2008.04.16 20:23:45.971,1.01695,1.01735,0.30,0.10
2008.04.16 20:23:46.206,1.01695,1.01735,0.30,0.10
2008.04.16 20:23:46.409,1.01695,1.01735,0.30,0.10
2008.04.16 20:23:46.634,1.01695,1.01735,0.30,0.10
2008.04.16 20:23:46.857,1.01695,1.01735,0.30,0.10
2008.04.16 20:23:47.081,1.01695,1.01735,0.30,0.10
2008.04.16 20:23:47.305,1.01695,1.01735,0.30,0.10
2008.04.16 20:23:47.529,1.01695,1.01735,0.30,0.10
2008.04.16 20:23:47.752,1.01695,1.01735,0.30,0.10
2008.04.16 20:23:47.976,1.01695,1.01735,0.30,0.10
2008.04.16 20:23:48.200,1.01695,1.01735,0.30,0.10
2008.04.16 20:23:48.424,1.01695,1.01735,0.30,0.10
2008.04.16 20:23:48.647,1.01695,1.01735,0.30,0.10
2008.04.16 20:23:48.881,1.01695,1.01735,0.30,0.10
2008.04.16 20:23:49.132,1.01695,1.01735,0.30,0.10
2008.04.16 20:23:49.398,1.01695,1.01735,0.30,0.10
2008.04.16 20:23:49.602,1.01695,1.01735,0.30,0.10
2008.04.16 20:23:49.851,1.01695,1.01735,0.30,0.10
2008.04.16 20:23:50.100,1.01695,1.01735,0.30,0.10
2008.04.16 20:23:50.379,1.01695,1.01735,0.30,0.10
2008.04.16 20:23:50.598,1.01695,1.01735,0.30,0.10
2008.04.16 20:23:50.806,1.01695,1.01735,0.30,0.10
2008.04.16 20:23:51.016,1.01695,1.01735,0.30,0.10
2008.04.16 20:23:51.224,1.01695,1.01735,0.30,0.10
2008.04.16 20:23:51.434,1.01695,1.01735,0.30,0.10
2008.04.16 20:23:51.641,1.01695,1.01735,0.30,0.10
2008.04.16 20:23:51.860,1.01695,1.01735,0.30,0.10
2008.04.16 20:23:52.080,1.01695,1.0174,0.30,0.30
2008.04.16 20:23:52.323,1.01695,1.01745,0.30,0.40
2008.04.16 20:23:52.580,1.01695,1.01745,0.30,0.40
2008.04.16 20:23:52.832,1.01695,1.01745,0.30,0.40
2008.04.16 20:23:53.086,1.01695,1.01745,0.30,0.40
2008.04.16 20:23:53.340,1.01695,1.01745,0.30,0.40
2008.04.16 20:23:53.593,1.01695,1.01745,0.30,0.40
2008.04.16 20:23:53.798,1.01695,1.01745,0.30,0.40
2008.04.16 20:23:54.016,1.01695,1.01745,0.30,0.40
2008.04.16 20:23:54.218,1.01695,1.01745,0.50,0.40
2008.04.16 20:23:54.421,1.01695,1.01745,0.50,0.40
2008.04.16 20:23:54.624,1.01695,1.01745,0.50,0.40
2008.04.16 20:23:54.899,1.01705,1.01745,0.30,0.40
2008.04.16 20:23:55.143,1.01705,1.01745,0.30,0.10
2008.04.16 20:23:55.387,1.01705,1.01745,0.30,0.10
2008.04.16 20:23:55.633,1.01705,1.01745,0.30,0.10
2008.04.16 20:23:55.877,1.01715,1.0176,0.30,0.30
2008.04.16 20:23:56.123,1.01715,1.01755,0.30,0.40
2008.04.16 20:23:56.368,1.01705,1.0175,0.30,0.30
2008.04.16 20:23:56.612,1.01705,1.0175,0.50,0.30
2008.04.16 20:23:56.869,1.01725,1.0177,0.30,0.50
2008.04.16 20:23:57.139,1.01725,1.0177,0.30,0.30
2008.04.16 20:23:57.422,1.01725,1.0177,0.30,0.30
2008.04.16 20:23:57.671,1.01725,1.0177,0.30,0.30
2008.04.16 20:23:57.927,1.01725,1.0177,0.30,0.30
2008.04.16 20:23:58.188,1.01725,1.0177,0.30,0.30
2008.04.16 20:23:58.415,1.01725,1.0177,0.30,0.30
2008.04.16 20:23:58.643,1.01725,1.0177,0.30,0.30
2008.04.16 20:23:58.871,1.01725,1.0177,0.30,0.30
2008.04.16 20:23:59.146,1.01725,1.0176,0.30,0.30
2008.04.16 20:23:59.420,1.01715,1.0176,0.30,0.30
2008.04.16 20:23:59.694,1.01715,1.0176,0.30,0.30
2008.04.16 20:24:00.003,1.01715,1.0176,0.30,0.30
2008.04.16 20:24:00.248,1.01715,1.0176,0.30,0.30
2008.04.16 20:24:00.492,1.01705,1.01755,0.30,0.30
2008.04.16 20:24:00.736,1.01705,1.01755,0.30,0.30
2008.04.16 20:24:00.979,1.01705,1.01755,0.30,0.30
2008.04.16 20:24:01.168,1.01705,1.01755,0.30,0.30
2008.04.16 20:24:01.356,1.01705,1.01755,0.30,0.30
2008.04.16 20:24:01.546,1.01705,1.01755,0.30,0.30
2008.04.16 20:24:01.734,1.01705,1.01755,0.30,0.30
2008.04.16 20:24:01.926,1.01705,1.01755,0.30,0.30
2008.04.16 20:24:02.176,1.01705,1.0175,0.30,0.30
2008.04.16 20:24:02.412,1.01705,1.0175,0.30,0.30
2008.04.16 20:24:02.650,1.01705,1.0175,0.30,0.30
2008.04.16 20:24:02.889,1.01705,1.0175,0.30,0.30
2008.04.16 20:24:03.098,1.01705,1.0175,0.30,0.30
2008.04.16 20:24:03.307,1.01705,1.0175,0.30,0.30
2008.04.16 20:24:03.515,1.01705,1.0175,0.30,0.30
2008.04.16 20:24:03.724,1.01705,1.0175,0.30,0.30
2008.04.16 20:24:03.965,1.01705,1.01755,0.30,0.40
2008.04.16 20:24:04.238,1.01705,1.01755,0.30,0.10
2008.04.16 20:24:04.528,1.01705,1.01755,0.30,0.10
2008.04.16 20:24:04.798,1.01705,1.01755,0.30,0.10
2008.04.16 20:24:05.071,1.01705,1.01755,0.30,0.10
2008.04.16 20:24:05.259,1.01705,1.01755,0.30,0.10
2008.04.16 20:24:05.448,1.01705,1.01755,0.30,0.10
2008.04.16 20:24:05.636,1.01705,1.01755,0.30,0.10
2008.04.16 20:24:05.825,1.01705,1.01755,0.30,0.10
2008.04.16 20:24:06.013,1.01705,1.01755,0.30,0.10
2008.04.16 20:24:06.266,1.01705,1.01755,0.30,0.10
2008.04.16 20:24:06.520,1.01705,1.01755,0.30,0.10
2008.04.16 20:24:06.773,1.01705,1.01755,0.30,0.10
2008.04.16 20:24:07.028,1.01705,1.01755,0.30,0.10
2008.04.16 20:24:07.241,1.01705,1.01755,0.30,0.10
2008.04.16 20:24:07.456,1.01705,1.01755,0.30,0.10
2008.04.16 20:24:07.670,1.01705,1.01755,0.30,0.10
2008.04.16 20:24:07.883,1.01705,1.01755,0.30,0.10
2008.04.16 20:24:08.097,1.01705,1.01755,0.30,0.10
2008.04.16 20:24:08.341,1.01705,1.01755,0.30,0.10
2008.04.16 20:24:08.585,1.01705,1.01755,0.30,0.10
2008.04.16 20:24:08.853,1.01705,1.01755,0.30,0.10
2008.04.16 20:24:09.095,1.01705,1.01755,0.30,0.10
2008.04.16 20:24:09.334,1.01705,1.01755,0.30,0.10
2008.04.16 20:24:09.573,1.01705,1.01755,0.30,0.10
2008.04.16 20:24:09.814,1.01705,1.01755,0.30,0.10
2008.04.16 20:24:10.053,1.01705,1.01755,0.30,0.10
2008.04.16 20:24:10.287,1.01705,1.01755,0.30,0.10
2008.04.16 20:24:10.521,1.01705,1.01755,0.30,0.10
2008.04.16 20:24:10.756,1.01705,1.01755,0.30,0.10
2008.04.16 20:24:11.016,1.01705,1.01755,0.30,0.10
2008.04.16 20:24:11.250,1.01705,1.01755,0.30,0.10
2008.04.16 20:24:11.483,1.01705,1.01755,0.30,0.10
2008.04.16 20:24:11.717,1.01705,1.01755,0.30,0.10
2008.04.16 20:24:11.951,1.01705,1.01755,0.30,0.10
2008.04.16 20:24:12.184,1.01705,1.01755,0.30,0.10
2008.04.16 20:24:12.429,1.01705,1.01755,0.30,0.10
2008.04.16 20:24:12.695,1.01725,1.0177,0.30,0.30
2008.04.16 20:24:12.899,1.01725,1.0177,0.30,0.30
2008.04.16 20:24:13.133,1.01725,1.0177,0.30,0.30
2008.04.16 20:24:13.352,1.01715,1.0176,0.30,0.30
2008.04.16 20:24:13.570,1.01715,1.0176,0.30,0.30
2008.04.16 20:24:13.789,1.01715,1.0176,0.30,0.30
2008.04.16 20:24:14.009,1.01715,1.0176,0.30,0.30
2008.04.16 20:24:14.234,1.01725,1.01765,0.30,0.40
2008.04.16 20:24:14.459,1.01725,1.01765,0.30,0.10
2008.04.16 20:24:14.682,1.01725,1.01765,0.30,0.10
2008.04.16 20:24:14.907,1.01725,1.01765,0.30,0.10
2008.04.16 20:24:15.164,1.01725,1.01765,0.30,0.10
2008.04.16 20:24:15.449,1.01725,1.01765,0.30,0.40
2008.04.16 20:24:15.732,1.01725,1.01765,0.30,0.40
2008.04.16 20:24:16.016,1.01725,1.01765,0.30,0.10
2008.04.16 20:24:16.299,1.01725,1.01765,0.30,0.10
2008.04.16 20:24:16.536,1.01735,1.01775,0.30,0.40
2008.04.16 20:24:16.774,1.01735,1.0178,0.30,0.30
2008.04.16 20:24:16.945,1.01735,1.0178,0.30,0.30
2008.04.16 20:24:17.148,1.01735,1.0178,0.30,0.30
2008.04.16 20:24:17.417,1.01735,1.0178,0.30,0.30
2008.04.16 20:24:17.687,1.01735,1.0178,0.30,0.30
2008.04.16 20:24:17.955,1.01735,1.0178,0.30,0.30
2008.04.16 20:24:18.223,1.01735,1.0178,0.30,0.30
2008.04.16 20:24:18.447,1.01735,1.0178,0.30,0.30
2008.04.16 20:24:18.671,1.01735,1.0178,0.30,0.30
2008.04.16 20:24:18.895,1.01735,1.0178,0.30,0.30
2008.04.16 20:24:19.118,1.01735,1.0178,0.30,0.30
2008.04.16 20:24:19.363,1.01735,1.0178,0.30,0.30
2008.04.16 20:24:19.646,1.01725,1.0177,0.30,0.30
2008.04.16 20:24:19.890,1.01725,1.0177,0.30,0.30
2008.04.16 20:24:20.133,1.01725,1.0177,0.30,0.30
2008.04.16 20:24:20.376,1.01725,1.0177,0.30,0.30
2008.04.16 20:24:20.606,1.01725,1.0177,0.30,0.30
2008.04.16 20:24:20.834,1.01725,1.0177,0.30,0.30
2008.04.16 20:24:21.062,1.01725,1.0177,0.30,0.30
2008.04.16 20:24:21.291,1.01725,1.0177,0.30,0.30
2008.04.16 20:24:21.533,1.01725,1.0177,0.30,0.30
2008.04.16 20:24:21.759,1.01725,1.0177,0.30,0.30
2008.04.16 20:24:21.990,1.01725,1.0177,0.30,0.30
2008.04.16 20:24:22.216,1.01725,1.0177,0.30,0.30
2008.04.16 20:24:22.491,1.01725,1.0177,0.30,0.30
2008.04.16 20:24:22.737,1.01725,1.0177,0.30,0.30
2008.04.16 20:24:22.982,1.01725,1.0177,0.30,0.30
2008.04.16 20:24:23.226,1.01725,1.01765,0.30,0.30
2008.04.16 20:24:23.431,1.01715,1.01765,0.30,0.40
2008.04.16 20:24:23.634,1.01715,1.01765,0.30,0.40
2008.04.16 20:24:23.839,1.01715,1.01765,0.30,0.40
2008.04.16 20:24:24.042,1.01715,1.01755,0.30,0.10
2008.04.16 20:24:24.245,1.01715,1.01755,0.30,0.10
2008.04.16 20:24:24.449,1.01715,1.01755,0.30,0.10
2008.04.16 20:24:24.767,1.01715,1.01755,0.30,0.10
2008.04.16 20:24:25.086,1.01715,1.01755,0.30,0.10
2008.04.16 20:24:25.429,1.01715,1.01755,0.30,0.10
2008.04.16 20:24:25.621,1.01715,1.01755,0.30,0.10
2008.04.16 20:24:25.814,1.01715,1.01755,0.30,0.10
2008.04.16 20:24:26.008,1.01715,1.01755,0.30,0.10
2008.04.16 20:24:26.206,1.01715,1.01755,0.30,0.10
2008.04.16 20:24:26.403,1.01715,1.01755,0.30,0.10
2008.04.16 20:24:26.647,1.01715,1.01755,0.30,0.10
2008.04.16 20:24:26.890,1.01715,1.01755,0.30,0.10
2008.04.16 20:24:27.133,1.01715,1.01755,0.30,0.10
2008.04.16 20:24:27.385,1.01715,1.01755,0.30,0.10
2008.04.16 20:24:27.642,1.01715,1.01755,0.30,0.10
2008.04.16 20:24:27.870,1.01715,1.01755,0.30,0.10
2008.04.16 20:24:28.100,1.01715,1.01755,0.30,0.10
2008.04.16 20:24:28.330,1.01715,1.01755,0.30,0.10
2008.04.16 20:24:28.560,1.01715,1.01755,0.30,0.10
2008.04.16 20:24:28.808,1.01715,1.01755,0.30,0.10
2008.04.16 20:24:29.057,1.01715,1.01755,0.30,0.10
2008.04.16 20:24:29.306,1.01715,1.01755,0.30,0.10
2008.04.16 20:24:29.587,1.01715,1.01755,0.30,0.10
2008.04.16 20:24:29.826,1.01725,1.0177,0.30,0.30
2008.04.16 20:24:30.065,1.01725,1.0177,0.30,0.30
2008.04.16 20:24:30.304,1.01725,1.0177,0.30,0.30
2008.04.16 20:24:30.542,1.01725,1.0177,0.30,0.30
2008.04.16 20:24:30.781,1.01725,1.0177,0.30,0.30
2008.04.16 20:24:31.048,1.01725,1.0177,0.30,0.30
2008.04.16 20:24:31.287,1.01725,1.0177,0.30,0.30
2008.04.16 20:24:31.525,1.01725,1.0177,0.30,0.30
2008.04.16 20:24:31.774,1.01725,1.0177,0.30,0.30
2008.04.16 20:24:32.022,1.01725,1.0177,0.30,0.30
2008.04.16 20:24:32.271,1.01725,1.0177,0.30,0.30
2008.04.16 20:24:32.520,1.01725,1.0177,0.30,0.30
2008.04.16 20:24:32.711,1.01725,1.0177,0.30,0.30
2008.04.16 20:24:32.881,1.01715,1.01765,0.50,0.10
2008.04.16 20:24:33.049,1.01715,1.01765,0.30,0.40
2008.04.16 20:24:33.218,1.01715,1.01765,0.30,0.40
2008.04.16 20:24:33.388,1.01715,1.01765,0.30,0.40
2008.04.16 20:24:33.555,1.01715,1.01765,0.30,0.40
2008.04.16 20:24:33.839,1.01715,1.01765,0.30,0.40
2008.04.16 20:24:34.124,1.01715,1.01765,0.50,0.10
2008.04.16 20:24:34.409,1.01725,1.01765,0.30,0.10
2008.04.16 20:24:34.693,1.01725,1.01765,0.30,0.10
2008.04.16 20:24:34.907,1.01725,1.01765,0.30,0.10
2008.04.16 20:24:35.121,1.01725,1.01765,0.30,0.10
2008.04.16 20:24:35.358,1.01725,1.01765,0.30,0.10
2008.04.16 20:24:35.573,1.01725,1.01765,0.30,0.10
2008.04.16 20:24:35.830,1.01725,1.01765,0.30,0.10
2008.04.16 20:24:36.086,1.01725,1.01765,0.30,0.10
2008.04.16 20:24:36.372,1.01725,1.01765,0.30,0.10
2008.04.16 20:24:36.624,1.01725,1.01765,0.30,0.10
2008.04.16 20:24:36.845,1.01725,1.01765,0.30,0.10
2008.04.16 20:24:37.064,1.01725,1.01765,0.30,0.10
2008.04.16 20:24:37.284,1.01725,1.01765,0.30,0.10
2008.04.16 20:24:37.503,1.01725,1.01765,0.30,0.10
2008.04.16 20:24:37.721,1.01725,1.01765,0.30,0.10
2008.04.16 20:24:37.989,1.01725,1.01765,0.30,0.10
2008.04.16 20:24:38.229,1.01725,1.01765,0.30,0.10
2008.04.16 20:24:38.467,1.01725,1.01765,0.30,0.10
2008.04.16 20:24:38.706,1.01725,1.01765,0.30,0.10
2008.04.16 20:24:38.946,1.01725,1.01765,0.30,0.10
2008.04.16 20:24:39.184,1.01725,1.01765,0.30,0.10
2008.04.16 20:24:39.423,1.01725,1.01765,0.30,0.10
2008.04.16 20:24:39.660,1.01725,1.01765,0.30,0.10
2008.04.16 20:24:39.899,1.01725,1.01765,0.30,0.10
2008.04.16 20:24:40.121,1.01725,1.01765,0.30,0.10
2008.04.16 20:24:40.345,1.01725,1.01765,0.30,0.10
2008.04.16 20:24:40.569,1.01725,1.01765,0.30,0.10
2008.04.16 20:24:40.793,1.01725,1.01765,0.30,0.10
2008.04.16 20:24:41.016,1.01725,1.01765,0.30,0.10
2008.04.16 20:24:41.219,1.01725,1.01765,0.30,0.10
2008.04.16 20:24:41.423,1.01725,1.01765,0.30,0.10
2008.04.16 20:24:41.628,1.01725,1.01765,0.30,0.10
2008.04.16 20:24:41.835,1.01725,1.01765,0.30,0.10
2008.04.16 20:24:42.103,1.01725,1.01765,0.30,0.10
2008.04.16 20:24:42.357,1.01725,1.01765,0.30,0.10
2008.04.16 20:24:42.613,1.01725,1.01765,0.30,0.10
2008.04.16 20:24:42.884,1.01725,1.01765,0.30,0.10
2008.04.16 20:24:43.149,1.01725,1.01765,0.30,0.10
2008.04.16 20:24:43.413,1.01725,1.01765,0.30,0.10
2008.04.16 20:24:43.677,1.01725,1.01765,0.30,0.10
2008.04.16 20:24:43.941,1.01725,1.01765,0.30,0.10
2008.04.16 20:24:44.160,1.01725,1.01765,0.30,0.10
2008.04.16 20:24:44.379,1.01725,1.01765,0.30,0.10
2008.04.16 20:24:44.597,1.01725,1.01765,0.30,0.10
2008.04.16 20:24:44.814,1.01725,1.01765,0.30,0.10
2008.04.16 20:24:45.033,1.01725,1.01765,0.30,0.10
2008.04.16 20:24:45.293,1.01725,1.01765,0.30,0.10
2008.04.16 20:24:45.550,1.01725,1.01765,0.30,0.10
2008.04.16 20:24:45.841,1.01725,1.01765,0.30,0.10
2008.04.16 20:24:46.068,1.01725,1.01765,0.30,0.10
2008.04.16 20:24:46.287,1.01725,1.01765,0.30,0.10
2008.04.16 20:24:46.505,1.01725,1.01765,0.30,0.10
2008.04.16 20:24:46.756,1.01725,1.01765,0.30,0.10
2008.04.16 20:24:46.975,1.01725,1.01765,0.30,0.10
2008.04.16 20:24:47.193,1.01725,1.01765,0.30,0.10
2008.04.16 20:24:47.433,1.01725,1.01765,0.30,0.10
2008.04.16 20:24:47.672,1.01725,1.01765,0.30,0.10
2008.04.16 20:24:47.911,1.01725,1.01765,0.30,0.10
2008.04.16 20:24:48.149,1.01725,1.01765,0.30,0.10
2008.04.16 20:24:48.347,1.01725,1.01765,0.30,0.10
2008.04.16 20:24:48.569,1.01725,1.01765,0.30,0.10
2008.04.16 20:24:48.769,1.01725,1.01765,0.30,0.10
2008.04.16 20:24:48.967,1.01725,1.01765,0.30,0.10
2008.04.16 20:24:49.166,1.01725,1.01765,0.30,0.10
2008.04.16 20:24:49.395,1.01725,1.01765,0.30,0.10
2008.04.16 20:24:49.625,1.01725,1.01765,0.30,0.10
2008.04.16 20:24:49.855,1.01725,1.01765,0.30,0.10
2008.04.16 20:24:50.083,1.01725,1.01765,0.30,0.10
2008.04.16 20:24:50.312,1.01725,1.01765,0.30,0.10
2008.04.16 20:24:50.567,1.01725,1.01765,0.30,0.10
2008.04.16 20:24:50.820,1.01725,1.01765,0.30,0.10
2008.04.16 20:24:51.074,1.01725,1.01765,0.30,0.10
2008.04.16 20:24:51.329,1.01725,1.01765,0.30,0.10
2008.04.16 20:24:51.525,1.01725,1.01765,0.30,0.10
2008.04.16 20:24:51.718,1.01725,1.01765,0.30,0.10
2008.04.16 20:24:51.913,1.01725,1.01765,0.30,0.10
2008.04.16 20:24:52.106,1.01725,1.01765,0.30,0.10
2008.04.16 20:24:52.301,1.01725,1.01765,0.30,0.10
2008.04.16 20:24:52.560,1.01725,1.01765,0.30,0.10
2008.04.16 20:24:52.791,1.01725,1.01765,0.30,0.10
2008.04.16 20:24:53.019,1.01725,1.01765,0.30,0.10
2008.04.16 20:24:53.279,1.01725,1.01765,0.30,0.10
2008.04.16 20:24:53.467,1.01725,1.01765,0.30,0.10
2008.04.16 20:24:53.686,1.01725,1.01765,0.30,0.10
2008.04.16 20:24:53.905,1.01725,1.01765,0.30,0.10
2008.04.16 20:24:54.136,1.01725,1.01765,0.30,0.10
2008.04.16 20:24:54.354,1.01725,1.01765,0.30,0.10
2008.04.16 20:24:54.629,1.01725,1.01765,0.30,0.10
2008.04.16 20:24:54.906,1.01725,1.01765,0.30,0.10
2008.04.16 20:24:55.212,1.01725,1.01765,0.30,0.10
2008.04.16 20:24:55.455,1.01725,1.01765,0.30,0.10
2008.04.16 20:24:55.649,1.01725,1.01765,0.30,0.10
2008.04.16 20:24:55.873,1.01725,1.01765,0.30,0.10
2008.04.16 20:24:56.067,1.01725,1.01765,0.30,0.10
2008.04.16 20:24:56.261,1.01725,1.01765,0.30,0.10
2008.04.16 20:24:56.500,1.01725,1.01765,0.30,0.10
2008.04.16 20:24:56.740,1.01725,1.01765,0.30,0.10
2008.04.16 20:24:56.979,1.01725,1.01765,0.30,0.10
2008.04.16 20:24:57.219,1.01725,1.01765,0.30,0.10
2008.04.16 20:24:57.461,1.01725,1.01765,0.30,0.10
2008.04.16 20:24:57.746,1.01725,1.01765,0.30,0.10
2008.04.16 20:24:57.999,1.01725,1.01765,0.30,0.10
2008.04.16 20:24:58.254,1.01725,1.01765,0.30,0.10
2008.04.16 20:24:58.537,1.01725,1.01765,0.30,0.10
2008.04.16 20:24:58.761,1.01725,1.01765,0.30,0.10
2008.04.16 20:24:58.984,1.01725,1.01765,0.30,0.10
2008.04.16 20:24:59.249,1.01725,1.01765,0.30,0.10
2008.04.16 20:24:59.473,1.01725,1.01765,0.30,0.10
2008.04.16 20:24:59.696,1.01725,1.01765,0.30,0.10
2008.04.16 20:24:59.918,1.01725,1.01765,0.30,0.10
2008.04.16 20:25:00.117,1.01725,1.01765,0.30,0.10
2008.04.16 20:25:00.318,1.01725,1.01765,0.30,0.10
2008.04.16 20:25:00.516,1.01725,1.01765,0.30,0.10
2008.04.16 20:25:00.822,1.01725,1.01765,0.30,0.10
2008.04.16 20:25:01.052,1.01725,1.01765,0.30,0.10
2008.04.16 20:25:01.320,1.01725,1.01765,0.30,0.10
2008.04.16 20:25:01.607,1.01725,1.01765,0.30,0.10
2008.04.16 20:25:01.816,1.01725,1.01765,0.30,0.10
2008.04.16 20:25:02.025,1.01725,1.01765,0.30,0.10
2008.04.16 20:25:02.253,1.01725,1.01765,0.30,0.10
2008.04.16 20:25:02.466,1.01725,1.01765,0.30,0.10
2008.04.16 20:25:02.672,1.01725,1.01765,0.30,0.10
2008.04.16 20:25:02.881,1.01725,1.01765,0.30,0.10
2008.04.16 20:25:03.090,1.01725,1.01765,0.30,0.10
2008.04.16 20:25:03.335,1.01725,1.01765,0.30,0.10
2008.04.16 20:25:03.542,1.01725,1.01765,0.30,0.10
2008.04.16 20:25:03.751,1.01725,1.01765,0.30,0.10
2008.04.16 20:25:04.885,1.01725,1.01765,0.30,0.10
2008.04.16 20:25:05.164,1.01725,1.01765,0.30,0.10
2008.04.16 20:25:05.204,1.01725,1.01775,0.50,0.40
2008.04.16 20:25:05.246,1.01725,1.01775,0.50,0.40
2008.04.16 20:25:05.292,1.01725,1.01775,0.50,0.40
2008.04.16 20:25:05.341,1.01725,1.01775,0.50,0.40
2008.04.16 20:25:05.389,1.01725,1.01775,0.50,0.40
2008.04.16 20:25:05.435,1.01725,1.01775,0.50,0.40
2008.04.16 20:25:05.522,1.01725,1.01785,0.50,0.40
2008.04.16 20:25:05.565,1.01725,1.01785,0.50,0.40
2008.04.16 20:25:05.616,1.01725,1.01785,0.50,0.40
2008.04.16 20:25:05.697,1.0173,1.01785,0.80,0.40
2008.04.16 20:25:05.711,1.0174,1.01785,0.40,0.40
2008.04.16 20:25:05.751,1.01755,1.01785,0.30,0.40
2008.04.16 20:25:05.807,1.01755,1.01795,0.30,1.20
2008.04.16 20:25:05.903,1.01755,1.01795,0.30,1.20
2008.04.16 20:25:06.272,1.01755,1.01795,0.30,1.20
2008.04.16 20:25:06.636,1.01755,1.01795,0.30,1.20
2008.04.16 20:25:06.976,1.01755,1.01795,0.30,1.20
2008.04.16 20:25:07.174,1.01755,1.01795,0.30,1.20
2008.04.16 20:25:07.371,1.01755,1.01795,0.30,1.20
2008.04.16 20:25:07.561,1.01755,1.01795,0.30,1.20
2008.04.16 20:25:07.756,1.01755,1.01795,0.30,1.20
2008.04.16 20:25:07.949,1.01755,1.01795,0.30,1.20
2008.04.16 20:25:08.281,1.01755,1.01795,0.30,1.20
2008.04.16 20:25:08.614,1.01755,1.01795,0.30,1.20
2008.04.16 20:25:08.948,1.01755,1.01795,0.30,1.20
2008.04.16 20:25:09.151,1.01755,1.01795,0.30,1.20
2008.04.16 20:25:09.356,1.01755,1.01795,0.30,1.20
2008.04.16 20:25:09.589,1.01755,1.01795,0.30,1.20
2008.04.16 20:25:09.762,1.01755,1.01795,0.30,1.20
2008.04.16 20:25:09.965,1.01755,1.01795,0.30,1.20
2008.04.16 20:25:10.204,1.01755,1.01795,0.30,1.20
2008.04.16 20:25:10.443,1.01755,1.01795,0.30,0.80
2008.04.16 20:25:10.681,1.01755,1.01795,0.30,0.80
2008.04.16 20:25:10.930,1.01755,1.01795,0.30,0.80
2008.04.16 20:25:11.169,1.01755,1.01795,0.30,0.80
2008.04.16 20:25:11.402,1.01755,1.01795,0.30,0.80
2008.04.16 20:25:11.666,1.01755,1.01795,0.30,0.80
2008.04.16 20:25:11.899,1.01755,1.01795,0.30,0.80
2008.04.16 20:25:12.133,1.01755,1.01795,0.30,0.80
2008.04.16 20:25:12.346,1.01755,1.01795,0.30,0.80
2008.04.16 20:25:12.560,1.01755,1.01795,0.30,0.80
2008.04.16 20:25:12.775,1.01755,1.01795,0.30,0.80
2008.04.16 20:25:12.989,1.01755,1.01795,0.30,0.80
2008.04.16 20:25:13.203,1.01755,1.01795,0.30,0.80
2008.04.16 20:25:13.447,1.01755,1.01795,0.30,0.80
2008.04.16 20:25:13.691,1.01755,1.01795,0.30,0.80
2008.04.16 20:25:13.935,1.01755,1.01795,0.30,0.80
2008.04.16 20:25:14.178,1.01755,1.01795,0.30,0.80
2008.04.16 20:25:14.382,1.01755,1.01795,0.30,0.80
2008.04.16 20:25:14.586,1.01755,1.01795,0.30,0.80
2008.04.16 20:25:14.789,1.01755,1.01795,0.30,0.80
2008.04.16 20:25:14.992,1.01755,1.01795,0.30,0.80
2008.04.16 20:25:15.196,1.01755,1.01795,0.30,0.80
2008.04.16 20:25:15.449,1.01755,1.01795,0.30,0.80
2008.04.16 20:25:15.702,1.01755,1.01795,0.30,0.80
2008.04.16 20:25:15.956,1.01755,1.01795,0.30,0.80
2008.04.16 20:25:16.210,1.01755,1.01795,0.30,0.80
2008.04.16 20:25:16.409,1.01755,1.01795,0.30,0.80
2008.04.16 20:25:16.607,1.01755,1.01795,0.30,0.80
2008.04.16 20:25:16.806,1.01755,1.01795,0.30,0.80
2008.04.16 20:25:17.006,1.01755,1.01795,0.30,0.80
2008.04.16 20:25:17.205,1.01755,1.01795,0.30,0.80
2008.04.16 20:25:17.488,1.01755,1.01795,0.30,0.80
2008.04.16 20:25:17.745,1.01755,1.01795,0.30,0.80
2008.04.16 20:25:17.999,1.01755,1.01795,0.30,0.10
2008.04.16 20:25:18.257,1.01755,1.01795,0.30,0.10
2008.04.16 20:25:18.452,1.01765,1.01795,0.30,0.10
2008.04.16 20:25:18.646,1.01765,1.01795,0.30,0.10
2008.04.16 20:25:18.873,1.01765,1.01795,0.30,0.10
2008.04.16 20:25:19.066,1.01765,1.01795,0.30,0.10
2008.04.16 20:25:19.260,1.01765,1.01795,0.30,0.10
2008.04.16 20:25:19.452,1.01765,1.01795,0.30,0.10
2008.04.16 20:25:19.701,1.01765,1.01795,0.30,0.10
2008.04.16 20:25:19.950,1.01765,1.01795,0.30,0.10
2008.04.16 20:25:20.198,1.01765,1.01795,0.30,0.10
2008.04.16 20:25:20.446,1.01765,1.01795,0.30,0.10
2008.04.16 20:25:20.669,1.01765,1.01795,0.30,0.10
2008.04.16 20:25:20.892,1.01765,1.01795,0.30,0.10
2008.04.16 20:25:21.117,1.01765,1.01795,0.30,0.10
2008.04.16 20:25:21.349,1.01765,1.01795,0.30,0.10
2008.04.16 20:25:21.572,1.01765,1.01795,0.30,0.10
2008.04.16 20:25:21.796,1.01765,1.01795,0.30,0.10
2008.04.16 20:25:22.021,1.01765,1.01795,0.30,0.10
2008.04.16 20:25:22.244,1.01765,1.01795,0.30,0.10
2008.04.16 20:25:22.467,1.0175,1.01795,3.20,0.10
2008.04.16 20:25:22.697,1.01745,1.01795,0.50,0.10
2008.04.16 20:25:22.926,1.01745,1.01795,0.50,0.10
2008.04.16 20:25:23.154,1.01745,1.01795,0.50,0.10
2008.04.16 20:25:23.383,1.01755,1.018,0.50,0.80
2008.04.16 20:25:23.618,1.01755,1.01795,0.50,0.10
2008.04.16 20:25:23.853,1.01755,1.01795,0.50,0.10
2008.04.16 20:25:24.086,1.01755,1.01795,0.50,0.10
2008.04.16 20:25:24.322,1.01755,1.01795,0.30,0.10
2008.04.16 20:25:24.552,1.01755,1.01795,0.30,0.10
2008.04.16 20:25:24.782,1.01775,1.018,0.30,0.80
2008.04.16 20:25:25.012,1.01775,1.018,0.30,0.80
2008.04.16 20:25:25.243,1.01775,1.018,0.30,0.80
2008.04.16 20:25:25.506,1.01775,1.018,0.30,0.80
2008.04.16 20:25:25.833,1.0176,1.018,0.80,0.80
2008.04.16 20:25:26.156,1.01755,1.018,0.30,0.80
2008.04.16 20:25:26.408,1.01755,1.018,0.30,0.80
2008.04.16 20:25:26.590,1.01755,1.018,0.30,0.80
2008.04.16 20:25:26.775,1.01755,1.01805,0.30,0.10
2008.04.16 20:25:26.959,1.01765,1.01805,0.30,0.10
2008.04.16 20:25:27.143,1.01765,1.01805,0.30,0.10
2008.04.16 20:25:27.357,1.01765,1.01805,0.30,0.10
2008.04.16 20:25:27.540,1.01765,1.01805,0.30,0.10
2008.04.16 20:25:27.809,1.01765,1.01805,0.30,0.10
2008.04.16 20:25:28.078,1.01765,1.01805,0.30,0.10
2008.04.16 20:25:28.377,1.01765,1.01805,0.30,0.10
2008.04.16 20:25:28.645,1.01765,1.01805,0.30,0.10
2008.04.16 20:25:28.842,1.01765,1.01805,0.30,0.10
2008.04.16 20:25:29.041,1.01765,1.01805,0.30,0.10
2008.04.16 20:25:29.240,1.01765,1.01805,0.30,0.10
2008.04.16 20:25:29.439,1.01765,1.01805,0.30,0.10
2008.04.16 20:25:29.697,1.01765,1.01805,0.30,0.10
2008.04.16 20:25:29.975,1.01765,1.01805,0.30,0.10
2008.04.16 20:25:30.234,1.01765,1.01805,0.30,0.10
2008.04.16 20:25:30.492,1.01765,1.01805,0.30,0.10
2008.04.16 20:25:30.696,1.01765,1.01805,0.30,0.10
2008.04.16 20:25:30.899,1.01765,1.01805,0.30,0.10
2008.04.16 20:25:31.103,1.01765,1.01805,0.30,0.10
2008.04.16 20:25:31.307,1.01765,1.01805,0.30,0.10
2008.04.16 20:25:31.511,1.01765,1.01805,0.30,0.10
2008.04.16 20:25:31.738,1.01765,1.01805,0.30,0.10
2008.04.16 20:25:32.001,1.01765,1.01805,0.30,0.10
2008.04.16 20:25:32.226,1.01765,1.01805,0.30,0.40
2008.04.16 20:25:32.459,1.01745,1.018,0.30,0.40
2008.04.16 20:25:32.707,1.01745,1.01795,0.30,0.30
2008.04.16 20:25:32.957,1.0173,1.01795,0.60,0.30
2008.04.16 20:25:33.205,1.0173,1.01795,0.60,0.30
2008.04.16 20:25:33.482,1.0173,1.01795,0.60,0.30
2008.04.16 20:25:33.732,1.01735,1.01795,0.20,0.30
2008.04.16 20:25:33.951,1.01735,1.01795,0.20,0.30
2008.04.16 20:25:34.172,1.0173,1.01795,0.60,0.50
2008.04.16 20:25:34.414,1.0173,1.0178,0.20,0.30
2008.04.16 20:25:34.664,1.0173,1.0178,0.20,0.30
2008.04.16 20:25:34.917,1.0173,1.0178,0.20,0.30
2008.04.16 20:25:35.171,1.0173,1.0178,0.20,0.30
2008.04.16 20:25:35.425,1.0173,1.0178,0.20,0.30
2008.04.16 20:25:35.679,1.0173,1.0178,0.20,0.30
2008.04.16 20:25:35.899,1.0173,1.0178,0.20,0.30
2008.04.16 20:25:36.119,1.0173,1.0178,0.20,0.30
2008.04.16 20:25:36.339,1.01765,1.01795,0.30,0.40
2008.04.16 20:25:36.559,1.01765,1.01805,0.30,0.80
2008.04.16 20:25:36.782,1.01765,1.01805,0.30,0.80
2008.04.16 20:25:37.006,1.01765,1.01805,0.30,0.80
2008.04.16 20:25:37.230,1.01765,1.01805,0.30,0.80
2008.04.16 20:25:37.453,1.01765,1.01805,0.30,0.80
2008.04.16 20:25:37.677,1.01765,1.01805,0.30,0.80
2008.04.16 20:25:37.946,1.01765,1.01805,0.30,0.80
2008.04.16 20:25:38.215,1.01765,1.01805,0.30,0.80
2008.04.16 20:25:38.484,1.01765,1.01805,0.30,0.80
2008.04.16 20:25:38.754,1.01765,1.0179,0.30,0.30
2008.04.16 20:25:38.949,1.0173,1.0179,0.20,0.30
2008.04.16 20:25:39.145,1.0173,1.0179,0.20,0.30
2008.04.16 20:25:39.338,1.0173,1.0179,0.20,0.30
2008.04.16 20:25:39.532,1.0173,1.0179,0.20,0.30
2008.04.16 20:25:39.757,1.0173,1.0179,0.20,0.30
2008.04.16 20:25:39.990,1.0173,1.0179,0.20,0.30
2008.04.16 20:25:40.225,1.0173,1.0179,0.20,0.30
2008.04.16 20:25:40.459,1.0173,1.0179,0.20,0.30
2008.04.16 20:25:40.694,1.0175,1.01795,0.40,0.40
2008.04.16 20:25:40.977,1.01765,1.01805,0.30,0.80
2008.04.16 20:25:41.226,1.01765,1.01805,0.30,0.80
2008.04.16 20:25:41.474,1.01765,1.01805,0.30,0.80
2008.04.16 20:25:41.722,1.01765,1.01805,0.30,0.80
2008.04.16 20:25:41.940,1.01765,1.01805,0.30,0.80
2008.04.16 20:25:42.159,1.01765,1.01805,0.30,0.80
2008.04.16 20:25:42.378,1.01765,1.01805,0.30,0.80
2008.04.16 20:25:42.596,1.01765,1.01805,0.30,0.80
2008.04.16 20:25:42.814,1.01765,1.01805,0.30,0.80
2008.04.16 20:25:43.068,1.01765,1.01805,0.30,0.80
2008.04.16 20:25:43.286,1.01765,1.01805,0.30,0.80
2008.04.16 20:25:43.504,1.01765,1.01805,0.30,0.80
2008.04.16 20:25:43.755,1.01765,1.01805,0.30,0.80
2008.04.16 20:25:43.946,1.01765,1.01805,0.30,0.80
2008.04.16 20:25:44.170,1.01765,1.01805,0.30,0.80
2008.04.16 20:25:44.394,1.01765,1.01805,0.30,0.80
2008.04.16 20:25:44.618,1.01765,1.01805,0.30,0.80
2008.04.16 20:25:44.842,1.01765,1.01805,0.30,1.20
2008.04.16 20:25:45.057,1.01765,1.01805,0.30,1.20
2008.04.16 20:25:45.273,1.01765,1.01805,0.30,1.20
2008.04.16 20:25:45.486,1.01765,1.01805,0.30,1.20
2008.04.16 20:25:45.699,1.01765,1.01805,0.30,1.20
2008.04.16 20:25:45.916,1.01765,1.01805,0.30,1.20
2008.04.16 20:25:46.189,1.01765,1.01805,0.30,1.20
2008.04.16 20:25:46.463,1.01765,1.01805,0.30,1.20
2008.04.16 20:25:46.735,1.01765,1.01805,0.30,1.20
2008.04.16 20:25:47.008,1.01765,1.01805,0.30,1.20
2008.04.16 20:25:47.226,1.01765,1.01805,0.30,1.20
2008.04.16 20:25:47.444,1.01765,1.01805,0.30,1.20
2008.04.16 20:25:47.662,1.01765,1.01805,0.30,1.20
2008.04.16 20:25:47.881,1.01765,1.01805,0.30,1.20
2008.04.16 20:25:48.085,1.01765,1.01805,0.30,1.20
2008.04.16 20:25:48.288,1.01765,1.01805,0.30,1.20
2008.04.16 20:25:48.492,1.01765,1.01805,0.30,1.20
2008.04.16 20:25:48.701,1.01765,1.01805,0.30,1.20
2008.04.16 20:25:48.906,1.01765,1.01805,0.30,1.20
2008.04.16 20:25:49.109,1.01765,1.01805,0.30,1.20
2008.04.16 20:25:49.349,1.01765,1.01805,0.30,1.20
2008.04.16 20:25:49.586,1.01765,1.01805,0.30,1.20
2008.04.16 20:25:49.825,1.01765,1.01805,0.30,1.20
2008.04.16 20:25:50.063,1.01765,1.01805,0.30,1.20
2008.04.16 20:25:50.262,1.01765,1.01805,0.30,1.20
2008.04.16 20:25:50.462,1.01765,1.01805,0.30,0.80
2008.04.16 20:25:50.660,1.01765,1.01805,0.30,0.80
2008.04.16 20:25:50.859,1.01765,1.01805,0.30,0.80
2008.04.16 20:25:51.058,1.01765,1.01805,0.30,0.80
2008.04.16 20:25:51.292,1.01765,1.01805,0.30,0.80
2008.04.16 20:25:51.524,1.01765,1.01805,0.30,0.80
2008.04.16 20:25:51.758,1.01765,1.01805,0.30,0.80
2008.04.16 20:25:51.992,1.01765,1.01805,0.30,0.80
2008.04.16 20:25:52.208,1.01765,1.01805,0.30,0.80
2008.04.16 20:25:52.409,1.01765,1.01805,0.30,0.80
2008.04.16 20:25:52.608,1.01765,1.01805,0.30,1.20
2008.04.16 20:25:52.808,1.01765,1.01805,0.30,1.20
2008.04.16 20:25:53.008,1.01765,1.01805,0.30,1.20
2008.04.16 20:25:53.248,1.01765,1.01805,0.30,1.20
2008.04.16 20:25:53.488,1.01765,1.01805,0.30,1.20
2008.04.16 20:25:53.728,1.01765,1.01805,0.30,1.20
2008.04.16 20:25:53.967,1.01765,1.01805,0.30,1.20
2008.04.16 20:25:54.166,1.01765,1.01805,0.30,1.20
2008.04.16 20:25:54.365,1.01765,1.01805,0.30,1.20
2008.04.16 20:25:54.564,1.01765,1.01805,0.30,1.20
2008.04.16 20:25:54.763,1.01765,1.01805,0.30,1.20
2008.04.16 20:25:54.972,1.01765,1.01795,0.30,0.10
2008.04.16 20:25:55.236,1.01765,1.01795,0.30,0.10
2008.04.16 20:25:55.500,1.01765,1.01795,0.30,0.10
2008.04.16 20:25:55.764,1.01765,1.01795,0.30,0.10
2008.04.16 20:25:56.028,1.01765,1.01795,0.30,0.10
2008.04.16 20:25:56.295,1.01765,1.01795,0.30,0.10
2008.04.16 20:25:56.475,1.01765,1.01795,0.30,0.10
2008.04.16 20:25:56.686,1.01765,1.01795,0.30,0.10
2008.04.16 20:25:56.831,1.01765,1.01795,0.30,0.10
2008.04.16 20:25:57.010,1.01765,1.01795,0.30,0.10
2008.04.16 20:25:57.188,1.01765,1.01795,0.30,0.10
2008.04.16 20:25:57.498,1.01765,1.01795,0.30,0.10
2008.04.16 20:25:57.807,1.01765,1.01795,0.30,0.10
2008.04.16 20:25:58.116,1.01765,1.01795,0.30,0.10
2008.04.16 20:25:58.300,1.01765,1.01795,0.30,0.10
2008.04.16 20:25:58.484,1.01765,1.01795,0.30,0.10
2008.04.16 20:25:58.669,1.01765,1.01795,0.30,0.10
2008.04.16 20:25:58.875,1.01745,1.01795,0.50,0.10
2008.04.16 20:25:59.059,1.01745,1.01795,0.50,0.50
2008.04.16 20:25:59.245,1.01745,1.01795,0.50,0.50
2008.04.16 20:25:59.525,1.01725,1.0179,0.70,0.50
2008.04.16 20:25:59.803,1.01725,1.0179,0.70,0.50
2008.04.16 20:26:00.083,1.0173,1.0179,0.20,0.50
2008.04.16 20:26:00.285,1.0173,1.0179,0.20,0.50
2008.04.16 20:26:00.513,1.0173,1.0179,0.20,0.50
2008.04.16 20:26:00.711,1.0173,1.0179,0.20,0.50
2008.04.16 20:26:00.910,1.0173,1.0179,0.20,0.50
2008.04.16 20:26:01.108,1.0173,1.0179,0.20,0.50
2008.04.16 20:26:01.307,1.0173,1.0179,0.20,0.50
2008.04.16 20:26:01.557,1.0173,1.0179,0.20,0.50
2008.04.16 20:26:01.819,1.0173,1.01785,0.20,0.30
2008.04.16 20:26:02.068,1.0173,1.0179,0.20,0.50
2008.04.16 20:26:02.316,1.0173,1.0179,0.20,0.50
2008.04.16 20:26:02.525,1.0173,1.0179,0.20,0.50
2008.04.16 20:26:02.765,1.0174,1.0179,0.40,0.40
2008.04.16 20:26:02.943,1.0174,1.01795,0.40,0.50
2008.04.16 20:26:03.152,1.0174,1.01795,0.40,0.50
2008.04.16 20:26:03.361,1.0174,1.01795,0.40,0.50
2008.04.16 20:26:03.594,1.0174,1.01795,0.40,0.50
2008.04.16 20:26:03.828,1.0174,1.01795,0.40,0.50
2008.04.16 20:26:04.062,1.0174,1.01795,0.40,0.50
2008.04.16 20:26:04.295,1.0174,1.01795,0.40,0.50
2008.04.16 20:26:04.508,1.0174,1.01795,0.40,0.50
2008.04.16 20:26:04.738,1.0174,1.01795,0.40,0.50
2008.04.16 20:26:04.952,1.0174,1.01795,0.40,0.50
2008.04.16 20:26:05.165,1.0174,1.01795,0.40,0.50
2008.04.16 20:26:05.378,1.0174,1.01795,0.40,0.50
2008.04.16 20:26:05.597,1.0174,1.01795,0.40,0.50
2008.04.16 20:26:05.815,1.0174,1.01795,0.40,0.50
2008.04.16 20:26:06.039,1.0174,1.01795,0.40,0.50
2008.04.16 20:26:06.258,1.0174,1.01795,0.40,0.50
2008.04.16 20:26:06.482,1.0174,1.01795,0.40,0.50
2008.04.16 20:26:06.736,1.0174,1.01795,0.40,0.50
2008.04.16 20:26:06.930,1.0174,1.01795,0.40,0.50
2008.04.16 20:26:07.154,1.01745,1.01795,0.30,0.10
2008.04.16 20:26:07.397,1.01755,1.01795,0.30,0.10
2008.04.16 20:26:07.612,1.01755,1.01795,0.30,0.10
2008.04.16 20:26:07.825,1.01755,1.01795,0.30,0.10
2008.04.16 20:26:08.041,1.01755,1.01795,0.30,0.10
2008.04.16 20:26:08.255,1.01755,1.01795,0.30,0.10
2008.04.16 20:26:08.480,1.01755,1.01795,0.30,0.10
2008.04.16 20:26:08.703,1.01755,1.01795,0.30,0.10
2008.04.16 20:26:08.927,1.01755,1.01795,0.30,0.10
2008.04.16 20:26:09.152,1.01755,1.01795,0.30,0.10
2008.04.16 20:26:09.375,1.01755,1.01795,0.30,0.10
2008.04.16 20:26:09.594,1.01755,1.01795,0.30,0.10
2008.04.16 20:26:09.812,1.01755,1.01795,0.30,0.10
2008.04.16 20:26:10.031,1.01755,1.01795,0.30,0.10
2008.04.16 20:26:10.272,1.01755,1.01795,0.30,0.10
2008.04.16 20:26:10.491,1.01755,1.01795,0.30,0.10
2008.04.16 20:26:10.736,1.01755,1.01795,0.30,0.10
2008.04.16 20:26:10.979,1.01755,1.01795,0.30,0.10
2008.04.16 20:26:11.222,1.01755,1.01795,0.30,0.10
2008.04.16 20:26:11.465,1.01755,1.01795,0.30,0.10
2008.04.16 20:26:11.698,1.01755,1.01795,0.30,0.10
2008.04.16 20:26:11.932,1.01755,1.01795,0.30,0.10
2008.04.16 20:26:12.165,1.01755,1.01795,0.30,0.10
2008.04.16 20:26:12.399,1.01755,1.01795,0.30,0.10
2008.04.16 20:26:12.618,1.01755,1.01795,0.30,0.10
2008.04.16 20:26:12.840,1.01755,1.01795,0.30,0.10
2008.04.16 20:26:13.057,1.01755,1.01795,0.30,0.10
2008.04.16 20:26:13.276,1.01755,1.01795,0.30,0.10
2008.04.16 20:26:13.494,1.01755,1.01795,0.30,0.10
2008.04.16 20:26:13.745,1.01755,1.01795,0.30,0.10
2008.04.16 20:26:13.994,1.01755,1.01795,0.30,0.10
2008.04.16 20:26:14.242,1.01755,1.01795,0.30,0.10
2008.04.16 20:26:14.491,1.01755,1.01795,0.30,0.10
2008.04.16 20:26:14.705,1.01755,1.01795,0.30,0.10
2008.04.16 20:26:14.921,1.01755,1.01795,0.30,0.10
2008.04.16 20:26:15.134,1.01755,1.01795,0.30,0.10
2008.04.16 20:26:15.347,1.01755,1.01795,0.30,0.10
2008.04.16 20:26:15.561,1.01755,1.01795,0.30,0.10
2008.04.16 20:26:15.770,1.01755,1.01795,0.30,0.10
2008.04.16 20:26:15.980,1.01765,1.01795,0.30,0.10
2008.04.16 20:26:16.188,1.01765,1.01795,0.30,0.10
2008.04.16 20:26:16.396,1.01765,1.01795,0.30,0.10
2008.04.16 20:26:16.650,1.01765,1.01795,0.30,0.10
2008.04.16 20:26:16.906,1.01765,1.01795,0.30,0.10
2008.04.16 20:26:17.158,1.01765,1.01795,0.30,0.10
2008.04.16 20:26:17.413,1.01765,1.01795,0.30,0.10
2008.04.16 20:26:17.667,1.01765,1.01795,0.30,0.10
2008.04.16 20:26:17.881,1.01765,1.01795,0.30,0.10
2008.04.16 20:26:18.095,1.01765,1.01795,0.30,0.10
2008.04.16 20:26:18.309,1.01765,1.01795,0.30,0.10
2008.04.16 20:26:18.523,1.01765,1.01795,0.30,0.10
2008.04.16 20:26:18.751,1.01765,1.01795,0.30,0.10
2008.04.16 20:26:18.979,1.01765,1.01795,0.30,0.10
2008.04.16 20:26:19.208,1.01765,1.01795,0.30,0.10
2008.04.16 20:26:19.437,1.01765,1.01795,0.30,0.10
2008.04.16 20:26:19.666,1.01765,1.01795,0.30,0.10
2008.04.16 20:26:19.912,1.01765,1.01795,0.30,0.10
2008.04.16 20:26:20.147,1.01765,1.01795,0.30,0.10
2008.04.16 20:26:20.383,1.01765,1.01795,0.30,0.10
2008.04.16 20:26:20.617,1.01765,1.01795,0.30,0.10
2008.04.16 20:26:20.872,1.01765,1.01795,0.30,0.10
2008.04.16 20:26:21.126,1.01765,1.01795,0.30,0.10
2008.04.16 20:26:21.380,1.01765,1.01795,0.30,0.10
2008.04.16 20:26:21.634,1.01765,1.01795,0.30,0.10
2008.04.16 20:26:21.873,1.01765,1.01795,0.30,0.10
2008.04.16 20:26:22.112,1.01765,1.01795,0.30,0.10
2008.04.16 20:26:22.351,1.01765,1.01795,0.30,0.10
2008.04.16 20:26:22.589,1.01765,1.01795,0.30,0.10
2008.04.16 20:26:22.827,1.01765,1.01795,0.30,0.10
2008.04.16 20:26:23.025,1.01765,1.01795,0.30,0.10
2008.04.16 20:26:23.224,1.01765,1.01795,0.30,0.10
2008.04.16 20:26:23.422,1.01765,1.01795,0.30,0.10
2008.04.16 20:26:23.620,1.01765,1.01795,0.30,0.10
2008.04.16 20:26:23.829,1.01765,1.01795,0.30,0.10
2008.04.16 20:26:24.038,1.01765,1.01795,0.30,0.10
2008.04.16 20:26:24.267,1.01765,1.01795,0.30,0.10
2008.04.16 20:26:24.475,1.01765,1.01795,0.30,0.10
2008.04.16 20:26:24.683,1.01765,1.01795,0.30,0.10
2008.04.16 20:26:24.907,1.01765,1.01795,0.30,0.10
2008.04.16 20:26:25.133,1.01765,1.01795,0.30,0.10
2008.04.16 20:26:25.388,1.01765,1.01795,0.30,0.10
2008.04.16 20:26:25.582,1.01765,1.01795,0.30,0.10
2008.04.16 20:26:25.806,1.01765,1.01795,0.30,0.10
2008.04.16 20:26:26.038,1.01765,1.01795,0.30,0.10
2008.04.16 20:26:26.251,1.01765,1.01795,0.30,0.10
2008.04.16 20:26:26.465,1.01765,1.01795,0.30,0.10
2008.04.16 20:26:26.678,1.01765,1.01795,0.30,0.10
2008.04.16 20:26:26.912,1.01765,1.01795,0.30,0.10
2008.04.16 20:26:27.147,1.01765,1.01795,0.30,0.10
2008.04.16 20:26:27.410,1.01765,1.01795,0.30,0.10
2008.04.16 20:26:27.643,1.01765,1.01795,0.30,0.10
2008.04.16 20:26:27.877,1.01765,1.01795,0.30,0.10
2008.04.16 20:26:28.111,1.01765,1.01795,0.30,0.10
2008.04.16 20:26:28.345,1.01765,1.01795,0.30,0.10
2008.04.16 20:26:28.579,1.01765,1.01795,0.30,0.10
2008.04.16 20:26:28.813,1.01765,1.01795,0.30,0.10
2008.04.16 20:26:29.032,1.01765,1.01795,0.30,0.10
2008.04.16 20:26:29.251,1.01765,1.01795,0.30,0.10
2008.04.16 20:26:29.469,1.01765,1.01795,0.30,0.10
2008.04.16 20:26:29.688,1.01765,1.01795,0.30,0.10
2008.04.16 20:26:29.906,1.01765,1.01795,0.30,0.10
2008.04.16 20:26:30.099,1.01765,1.01795,0.30,0.10
2008.04.16 20:26:30.293,1.01765,1.01795,0.30,0.10
2008.04.16 20:26:30.498,1.01765,1.01795,0.30,0.10
2008.04.16 20:26:30.692,1.01765,1.01795,0.30,0.10
2008.04.16 20:26:30.884,1.01765,1.01795,0.30,0.10
2008.04.16 20:26:31.143,1.01765,1.01795,0.30,0.10
2008.04.16 20:26:31.401,1.01765,1.01795,0.30,0.10
2008.04.16 20:26:31.660,1.01765,1.01795,0.30,0.10
2008.04.16 20:26:31.954,1.01765,1.01795,0.30,0.10
2008.04.16 20:26:32.138,1.01765,1.01795,0.30,0.10
2008.04.16 20:26:32.322,1.01765,1.01795,0.30,0.10
2008.04.16 20:26:32.505,1.01765,1.01805,0.30,0.50
2008.04.16 20:26:32.690,1.01765,1.01805,0.30,0.10
2008.04.16 20:26:32.874,1.01765,1.01805,0.30,0.10
2008.04.16 20:26:33.132,1.01765,1.01805,0.30,0.10
2008.04.16 20:26:33.420,1.01765,1.01805,0.30,0.10
2008.04.16 20:26:33.678,1.01765,1.01805,0.30,0.10
2008.04.16 20:26:33.937,1.01765,1.01805,0.30,0.10
2008.04.16 20:26:34.130,1.01765,1.01805,0.30,0.10
2008.04.16 20:26:34.324,1.01775,1.01815,0.50,0.50
2008.04.16 20:26:34.517,1.01775,1.01815,0.50,0.50
2008.04.16 20:26:34.711,1.01775,1.01815,0.50,0.10
2008.04.16 20:26:34.905,1.0177,1.01815,2.40,0.10
2008.04.16 20:26:35.149,1.0176,1.01815,0.40,0.10
2008.04.16 20:26:35.393,1.0176,1.01815,0.40,0.10
2008.04.16 20:26:35.636,1.0176,1.01815,0.40,0.10
2008.04.16 20:26:35.880,1.0176,1.01815,0.40,0.10
2008.04.16 20:26:36.124,1.0176,1.01815,0.40,0.10
2008.04.16 20:26:36.333,1.0176,1.01815,0.40,0.10
2008.04.16 20:26:36.541,1.0176,1.01815,0.40,0.10
2008.04.16 20:26:36.750,1.0176,1.01815,0.40,0.10
2008.04.16 20:26:36.958,1.0176,1.01815,0.40,0.10
2008.04.16 20:26:37.214,1.0176,1.01815,0.40,0.10
2008.04.16 20:26:37.443,1.01755,1.01815,0.50,0.40
2008.04.16 20:26:37.673,1.01755,1.01815,0.50,0.40
2008.04.16 20:26:37.903,1.01755,1.01815,0.50,0.40
2008.04.16 20:26:38.109,1.01755,1.01815,0.50,0.40
2008.04.16 20:26:38.313,1.01755,1.01815,0.50,0.40
2008.04.16 20:26:38.516,1.01755,1.01815,0.50,0.40
2008.04.16 20:26:38.719,1.01755,1.01815,0.50,0.40
2008.04.16 20:26:38.954,1.01755,1.01815,0.50,0.40
2008.04.16 20:26:39.127,1.01755,1.01815,0.50,0.40
2008.04.16 20:26:39.358,1.01755,1.01805,0.50,0.10
2008.04.16 20:26:39.618,1.01755,1.01805,0.30,0.10
2008.04.16 20:26:39.816,1.01755,1.01805,0.30,0.10
2008.04.16 20:26:40.045,1.01755,1.01805,0.30,0.10
2008.04.16 20:26:40.254,1.01755,1.01805,0.30,0.10
2008.04.16 20:26:40.463,1.01755,1.01805,0.30,0.10
2008.04.16 20:26:40.683,1.01755,1.01805,0.30,0.10
2008.04.16 20:26:40.892,1.01755,1.01805,0.30,0.10
2008.04.16 20:26:41.101,1.01755,1.01805,0.30,0.10
2008.04.16 20:26:41.341,1.01755,1.01805,0.30,0.10
2008.04.16 20:26:41.580,1.01755,1.01805,0.30,0.10
2008.04.16 20:26:41.821,1.01755,1.01805,0.30,0.10
2008.04.16 20:26:42.058,1.01755,1.01805,0.30,0.10
2008.04.16 20:26:42.296,1.01755,1.01805,0.30,0.10
2008.04.16 20:26:42.495,1.01755,1.01805,0.30,0.10
2008.04.16 20:26:42.692,1.01755,1.01805,0.30,0.10
2008.04.16 20:26:42.921,1.01755,1.01805,0.30,0.10
2008.04.16 20:26:43.124,1.01755,1.01805,0.30,0.10
2008.04.16 20:26:43.339,1.01755,1.01805,0.30,0.10
2008.04.16 20:26:43.551,1.01755,1.01805,0.30,0.10
2008.04.16 20:26:43.773,1.01755,1.01805,0.30,0.10
2008.04.16 20:26:43.983,1.01755,1.01805,0.30,0.10
2008.04.16 20:26:44.196,1.01755,1.01805,0.30,0.10
2008.04.16 20:26:44.425,1.01755,1.01805,0.30,0.10
2008.04.16 20:26:44.653,1.01755,1.01805,0.30,0.10
2008.04.16 20:26:44.882,1.01755,1.01805,0.30,0.10
2008.04.16 20:26:45.146,1.01755,1.01805,0.30,0.10
2008.04.16 20:26:45.337,1.01755,1.01805,0.30,0.10
2008.04.16 20:26:45.525,1.01755,1.01805,0.30,0.10
2008.04.16 20:26:45.714,1.01755,1.01805,0.30,0.10
2008.04.16 20:26:45.903,1.01755,1.01805,0.30,0.10
2008.04.16 20:26:46.091,1.01755,1.01805,0.30,0.10
2008.04.16 20:26:46.280,1.01755,1.01805,0.30,0.10
2008.04.16 20:26:46.553,1.01755,1.01805,0.30,0.10
2008.04.16 20:26:46.827,1.01755,1.01805,0.50,0.10
2008.04.16 20:26:47.102,1.01765,1.01805,0.30,0.10
2008.04.16 20:26:47.376,1.01765,1.01805,0.30,0.10
2008.04.16 20:26:47.595,1.01765,1.01805,0.30,0.10
2008.04.16 20:26:47.814,1.01765,1.01805,0.30,0.10
2008.04.16 20:26:48.034,1.01765,1.01805,0.30,0.10
2008.04.16 20:26:48.268,1.01765,1.01805,0.30,0.10
2008.04.16 20:26:48.497,1.01765,1.01805,0.30,0.10
2008.04.16 20:26:48.727,1.01765,1.01805,0.30,0.10
2008.04.16 20:26:48.954,1.01765,1.01805,0.30,0.10
2008.04.16 20:26:49.183,1.01765,1.01805,0.30,0.10
2008.04.16 20:26:49.377,1.01765,1.01805,0.30,0.10
2008.04.16 20:26:49.570,1.01765,1.01805,0.30,0.10
2008.04.16 20:26:49.763,1.01765,1.01805,0.30,0.10
2008.04.16 20:26:49.956,1.01765,1.01805,0.30,0.10
2008.04.16 20:26:50.152,1.01765,1.01805,0.30,0.10
2008.04.16 20:26:50.347,1.01765,1.01805,0.30,0.10
2008.04.16 20:26:50.612,1.01765,1.01795,0.30,0.10
2008.04.16 20:26:50.907,1.01765,1.01795,0.30,0.10
2008.04.16 20:26:51.141,1.01765,1.01795,0.30,0.10
2008.04.16 20:26:51.405,1.01765,1.01795,0.30,0.10
2008.04.16 20:26:51.594,1.01765,1.01795,0.30,0.10
2008.04.16 20:26:51.781,1.01765,1.01795,0.30,0.10
2008.04.16 20:26:51.969,1.01765,1.01795,0.30,0.10
2008.04.16 20:26:52.158,1.01765,1.01795,0.30,0.10
2008.04.16 20:26:52.346,1.01765,1.01795,0.30,0.10
2008.04.16 20:26:52.535,1.01765,1.01795,0.30,0.10
2008.04.16 20:26:52.824,1.01765,1.01795,0.30,0.10
2008.04.16 20:26:53.099,1.01765,1.01795,0.30,0.10
2008.04.16 20:26:53.375,1.01765,1.01795,0.30,0.10
2008.04.16 20:26:53.609,1.01765,1.01795,0.30,0.10
2008.04.16 20:26:53.814,1.01765,1.01795,0.30,0.10
2008.04.16 20:26:54.018,1.01765,1.01795,0.30,0.10
2008.04.16 20:26:54.221,1.01765,1.01795,0.30,0.10
2008.04.16 20:26:54.425,1.01765,1.01795,0.30,0.10
2008.04.16 20:26:54.647,1.01765,1.01795,0.30,0.10
2008.04.16 20:26:54.871,1.01765,1.01795,0.30,0.10
2008.04.16 20:26:55.096,1.01765,1.01815,0.30,0.10
2008.04.16 20:26:55.320,1.01765,1.01815,0.30,0.10
2008.04.16 20:26:55.544,1.01765,1.01815,0.30,0.10
2008.04.16 20:26:55.771,1.01765,1.01815,0.30,0.10
2008.04.16 20:26:55.999,1.01765,1.01815,0.30,0.10
2008.04.16 20:26:56.227,1.01765,1.01815,0.30,0.10
2008.04.16 20:26:56.456,1.01765,1.01815,0.30,0.10
2008.04.16 20:26:56.685,1.01765,1.01815,0.30,0.10
2008.04.16 20:26:56.909,1.01765,1.01815,0.30,0.10
2008.04.16 20:26:57.132,1.01765,1.01815,0.30,0.10
2008.04.16 20:26:57.355,1.01765,1.01815,0.30,0.10
2008.04.16 20:26:57.586,1.01765,1.01815,0.30,0.10
2008.04.16 20:26:57.799,1.01765,1.01815,0.30,0.10
2008.04.16 20:26:58.013,1.01765,1.01815,0.30,0.10
2008.04.16 20:26:58.259,1.01765,1.01815,0.30,0.10
2008.04.16 20:26:58.441,1.01765,1.01815,0.30,0.10
2008.04.16 20:26:58.654,1.01765,1.01815,0.30,0.10
2008.04.16 20:26:58.877,1.01765,1.01815,0.30,0.10
2008.04.16 20:26:59.100,1.01765,1.01815,0.30,0.10
2008.04.16 20:26:59.323,1.01765,1.01815,0.30,0.10
2008.04.16 20:26:59.547,1.01765,1.01815,0.30,0.10
2008.04.16 20:26:59.751,1.01765,1.01815,0.30,0.10
2008.04.16 20:26:59.955,1.01765,1.01815,0.30,0.10
2008.04.16 20:27:00.160,1.01765,1.01815,0.30,0.10
2008.04.16 20:27:00.364,1.01765,1.01815,0.30,0.10
2008.04.16 20:27:00.568,1.01765,1.01815,0.30,0.10
2008.04.16 20:27:00.822,1.01765,1.01815,0.30,0.10
2008.04.16 20:27:01.075,1.01765,1.01815,0.30,0.10
2008.04.16 20:27:01.358,1.01765,1.01815,0.30,0.10
2008.04.16 20:27:01.610,1.01765,1.01815,0.30,0.10
2008.04.16 20:27:01.838,1.01765,1.01815,0.30,0.10
2008.04.16 20:27:02.066,1.01765,1.01815,0.30,0.10
2008.04.16 20:27:02.295,1.01765,1.01815,0.30,0.10
2008.04.16 20:27:02.524,1.01765,1.01815,0.30,0.10
2008.04.16 20:27:02.778,1.01765,1.01815,0.30,0.10
2008.04.16 20:27:03.010,1.01765,1.01815,0.30,0.10
2008.04.16 20:27:03.244,1.01765,1.01815,0.30,0.10
2008.04.16 20:27:03.504,1.01765,1.01815,0.30,0.10
2008.04.16 20:27:03.739,1.01765,1.01815,0.30,0.10
2008.04.16 20:27:03.927,1.01765,1.01815,0.30,0.10
2008.04.16 20:27:04.116,1.01765,1.01815,0.30,0.10
2008.04.16 20:27:04.334,1.01765,1.01815,0.30,0.10
2008.04.16 20:27:04.531,1.01765,1.01815,0.30,0.10
2008.04.16 20:27:04.721,1.01765,1.01815,0.30,0.10
2008.04.16 20:27:05.004,1.01765,1.01815,0.30,0.10
2008.04.16 20:27:05.319,1.01765,1.01815,0.30,0.10
2008.04.16 20:27:05.602,1.01765,1.01815,0.30,0.10
2008.04.16 20:27:05.885,1.01765,1.01815,0.30,0.10
2008.04.16 20:27:06.103,1.01765,1.01815,0.30,0.10
2008.04.16 20:27:06.338,1.01765,1.01815,0.30,0.10
2008.04.16 20:27:06.557,1.01765,1.01815,0.30,0.10
2008.04.16 20:27:06.776,1.01765,1.01815,0.30,0.10
2008.04.16 20:27:06.979,1.01765,1.01815,0.30,0.10
2008.04.16 20:27:07.183,1.01765,1.01815,0.30,0.10
2008.04.16 20:27:07.386,1.01765,1.01815,0.30,0.10
2008.04.16 20:27:07.590,1.01765,1.01815,0.30,0.10
2008.04.16 20:27:07.794,1.01765,1.01805,0.30,0.10
2008.04.16 20:27:08.039,1.01765,1.01805,0.30,0.10
2008.04.16 20:27:08.301,1.01765,1.01805,0.30,0.10
2008.04.16 20:27:08.529,1.01765,1.01805,0.30,0.10
2008.04.16 20:27:08.758,1.01765,1.01805,0.30,0.10
2008.04.16 20:27:09.007,1.01765,1.01805,0.30,0.10
2008.04.16 20:27:09.256,1.01755,1.01805,0.30,0.10
2008.04.16 20:27:09.525,1.01755,1.01805,0.30,0.10
2008.04.16 20:27:09.772,1.01755,1.01805,0.30,0.10
2008.04.16 20:27:10.007,1.01755,1.01805,0.30,0.10
2008.04.16 20:27:10.241,1.01755,1.01805,0.30,0.10
2008.04.16 20:27:10.508,1.01765,1.01805,0.30,0.10
2008.04.16 20:27:10.744,1.01765,1.01805,0.30,0.10
2008.04.16 20:27:10.977,1.01765,1.01805,0.30,0.10
2008.04.16 20:27:11.210,1.01765,1.01805,0.30,0.10
2008.04.16 20:27:11.440,1.01765,1.01805,0.30,0.10
2008.04.16 20:27:11.671,1.01765,1.01805,0.30,0.10
2008.04.16 20:27:11.899,1.01765,1.01805,0.30,0.10
2008.04.16 20:27:12.138,1.01765,1.01805,0.30,0.10
2008.04.16 20:27:12.377,1.01765,1.01805,0.30,0.10
2008.04.16 20:27:12.617,1.01765,1.01805,0.30,0.10
2008.04.16 20:27:12.886,1.01765,1.01805,0.30,0.10
2008.04.16 20:27:13.075,1.01765,1.01805,0.30,0.10
2008.04.16 20:27:13.263,1.01765,1.01805,0.30,0.10
2008.04.16 20:27:13.452,1.01765,1.01805,0.30,0.10
2008.04.16 20:27:13.640,1.01765,1.01805,0.30,0.10
2008.04.16 20:27:13.828,1.01765,1.01805,0.30,0.10
2008.04.16 20:27:14.017,1.01765,1.01805,0.30,0.10
2008.04.16 20:27:14.286,1.01765,1.01805,0.30,0.10
2008.04.16 20:27:14.494,1.01765,1.01805,0.30,0.10
2008.04.16 20:27:14.733,1.01765,1.01805,0.30,0.10
2008.04.16 20:27:14.972,1.01765,1.01805,0.30,0.10
2008.04.16 20:27:15.186,1.01765,1.01805,0.30,0.10
2008.04.16 20:27:15.399,1.01765,1.01805,0.30,0.10
2008.04.16 20:27:15.614,1.01765,1.01805,0.30,0.10
2008.04.16 20:27:15.828,1.01765,1.01805,0.30,0.10
2008.04.16 20:27:16.042,1.01765,1.01805,0.30,0.10
2008.04.16 20:27:16.281,1.01765,1.01805,0.30,0.10
2008.04.16 20:27:16.520,1.01765,1.01805,0.30,0.10
2008.04.16 20:27:16.758,1.01765,1.01805,0.30,0.10
2008.04.16 20:27:16.996,1.01765,1.01805,0.30,0.10
2008.04.16 20:27:17.196,1.01765,1.01805,0.30,0.10
2008.04.16 20:27:17.431,1.01765,1.01805,0.30,0.10
2008.04.16 20:27:17.627,1.01765,1.01805,0.30,0.10
2008.04.16 20:27:17.827,1.01765,1.01805,0.30,0.10
2008.04.16 20:27:18.026,1.01765,1.01805,0.30,0.10
2008.04.16 20:27:18.249,1.01765,1.01805,0.30,0.10
2008.04.16 20:27:18.473,1.01765,1.01805,0.30,0.10
2008.04.16 20:27:18.743,1.01765,1.01805,0.30,0.10
2008.04.16 20:27:18.967,1.01765,1.01805,0.30,0.10
2008.04.16 20:27:19.206,1.01765,1.01805,0.30,0.10
2008.04.16 20:27:19.444,1.01765,1.01805,0.30,0.10
2008.04.16 20:27:19.683,1.01765,1.01805,0.30,0.10
2008.04.16 20:27:19.922,1.01765,1.01805,0.30,0.10
2008.04.16 20:27:20.162,1.01765,1.01805,0.30,0.10
2008.04.16 20:27:20.383,1.01765,1.01805,0.30,0.10
2008.04.16 20:27:20.621,1.01765,1.01805,0.30,0.10
2008.04.16 20:27:20.843,1.01765,1.01805,0.30,0.10
2008.04.16 20:27:21.062,1.01765,1.01805,0.30,0.10
2008.04.16 20:27:21.306,1.01765,1.01805,0.30,0.10
2008.04.16 20:27:21.552,1.01765,1.01805,0.30,0.10
2008.04.16 20:27:21.796,1.01765,1.01805,0.30,0.10
2008.04.16 20:27:22.040,1.01765,1.01805,0.30,0.10
2008.04.16 20:27:22.258,1.01765,1.01805,0.30,0.10
2008.04.16 20:27:22.477,1.01765,1.01805,0.30,0.10
2008.04.16 20:27:22.695,1.01765,1.01805,0.30,0.10
2008.04.16 20:27:22.945,1.01765,1.01805,0.30,0.10
2008.04.16 20:27:23.163,1.01765,1.01805,0.30,0.10
2008.04.16 20:27:23.403,1.01765,1.01805,0.30,0.10
2008.04.16 20:27:23.641,1.01765,1.01805,0.30,0.10
2008.04.16 20:27:23.880,1.01765,1.01805,0.30,0.10
2008.04.16 20:27:24.119,1.01765,1.01805,0.30,0.10
2008.04.16 20:27:24.328,1.01765,1.01805,0.30,0.10
2008.04.16 20:27:24.536,1.01765,1.01805,0.30,0.10
2008.04.16 20:27:24.745,1.01765,1.01805,0.30,0.10
2008.04.16 20:27:24.953,1.01765,1.01805,0.30,0.10
2008.04.16 20:27:25.162,1.01765,1.01805,0.30,0.10
2008.04.16 20:27:25.405,1.01765,1.01805,0.30,0.10
2008.04.16 20:27:25.661,1.01765,1.01805,0.30,0.10
2008.04.16 20:27:25.905,1.01765,1.01805,0.30,0.10
2008.04.16 20:27:26.150,1.01775,1.01805,0.30,0.10
2008.04.16 20:27:26.391,1.01775,1.01805,0.30,0.10
2008.04.16 20:27:26.599,1.01775,1.01805,0.30,0.10
2008.04.16 20:27:26.808,1.01775,1.01805,0.30,0.10
2008.04.16 20:27:27.017,1.01775,1.01805,0.30,0.10
2008.04.16 20:27:27.227,1.01775,1.01805,0.30,0.10
2008.04.16 20:27:27.449,1.01775,1.01805,0.30,0.10
2008.04.16 20:27:27.706,1.01775,1.01805,0.30,0.10
2008.04.16 20:27:27.932,1.01775,1.01805,0.30,0.10
2008.04.16 20:27:28.156,1.01775,1.01805,0.30,0.10
2008.04.16 20:27:28.404,1.01775,1.01805,0.30,0.10
2008.04.16 20:27:28.652,1.01775,1.01805,0.30,0.10
2008.04.16 20:27:28.902,1.01775,1.01805,0.30,0.10
2008.04.16 20:27:29.149,1.01775,1.01805,0.30,0.10
2008.04.16 20:27:29.348,1.01775,1.01805,0.30,0.10
2008.04.16 20:27:29.547,1.01775,1.01805,0.30,0.10
2008.04.16 20:27:29.745,1.01775,1.01805,0.30,0.10
2008.04.16 20:27:29.943,1.01775,1.01805,0.30,0.10
2008.04.16 20:27:30.142,1.01775,1.01805,0.30,0.10
2008.04.16 20:27:30.421,1.01775,1.01805,0.30,0.10
2008.04.16 20:27:30.700,1.01775,1.01805,0.30,0.10
2008.04.16 20:27:30.979,1.01775,1.01805,0.30,0.10
2008.04.16 20:27:31.258,1.01775,1.01805,0.30,0.10
2008.04.16 20:27:31.487,1.01775,1.01805,0.30,0.10
2008.04.16 20:27:31.656,1.01775,1.01805,0.30,0.10
2008.04.16 20:27:31.855,1.01775,1.01805,0.30,0.10
2008.04.16 20:27:32.053,1.01775,1.01805,0.30,0.10
2008.04.16 20:27:32.253,1.01775,1.01805,0.30,0.10
2008.04.16 20:27:32.492,1.01775,1.01805,0.30,0.10
2008.04.16 20:27:32.730,1.01775,1.01805,0.30,0.10
2008.04.16 20:27:32.999,1.01775,1.01805,0.30,0.10
2008.04.16 20:27:33.239,1.01775,1.01805,0.30,0.10
2008.04.16 20:27:33.442,1.01775,1.01805,0.30,0.10
2008.04.16 20:27:33.676,1.01775,1.01805,0.30,0.10
2008.04.16 20:27:33.851,1.01775,1.01805,0.30,0.10
2008.04.16 20:27:34.056,1.01775,1.01805,0.30,0.10
2008.04.16 20:27:34.259,1.01775,1.01805,0.30,0.10
2008.04.16 20:27:34.493,1.01775,1.01805,0.30,0.10
2008.04.16 20:27:34.727,1.01775,1.01805,0.30,0.10
2008.04.16 20:27:34.962,1.01775,1.01805,0.30,0.10
2008.04.16 20:27:35.197,1.01775,1.01805,0.30,0.10
2008.04.16 20:27:35.430,1.01775,1.01805,0.30,0.10
2008.04.16 20:27:35.695,1.01775,1.01805,0.30,0.10
2008.04.16 20:27:35.958,1.01775,1.01805,0.30,0.10
2008.04.16 20:27:36.223,1.01775,1.01805,0.30,0.10
2008.04.16 20:27:36.486,1.01775,1.01805,0.30,0.10
2008.04.16 20:27:36.699,1.01775,1.01805,0.30,0.10
2008.04.16 20:27:36.882,1.01775,1.01805,0.30,0.10
2008.04.16 20:27:37.065,1.01775,1.01805,0.30,0.10
2008.04.16 20:27:37.281,1.01775,1.01805,0.30,0.10
2008.04.16 20:27:37.464,1.01775,1.01805,0.30,0.10
2008.04.16 20:27:37.770,1.0176,1.01795,0.50,0.10
2008.04.16 20:27:38.074,1.01755,1.01795,0.70,0.10
2008.04.16 20:27:38.377,1.01755,1.01795,0.70,0.10
2008.04.16 20:27:38.681,1.01755,1.01795,0.70,0.10
2008.04.16 20:27:38.889,1.01755,1.01795,0.70,0.10
2008.04.16 20:27:39.098,1.01755,1.01795,0.70,0.10
2008.04.16 20:27:39.306,1.01755,1.01795,0.70,0.10
2008.04.16 20:27:39.515,1.01755,1.01795,0.70,0.10
2008.04.16 20:27:39.749,1.01755,1.01795,0.70,0.10
2008.04.16 20:27:40.007,1.01755,1.01795,0.70,0.10
2008.04.16 20:27:40.238,1.01755,1.01795,0.70,0.10
2008.04.16 20:27:40.471,1.01755,1.01795,0.70,0.10
2008.04.16 20:27:40.725,1.01755,1.01795,0.70,0.10
2008.04.16 20:27:40.979,1.01755,1.01795,0.70,0.10
2008.04.16 20:27:41.264,1.01755,1.01795,0.70,0.10
2008.04.16 20:27:41.518,1.01755,1.01795,0.70,0.10
2008.04.16 20:27:41.756,1.01755,1.01795,0.70,0.10
2008.04.16 20:27:41.995,1.0176,1.01795,0.40,0.10
2008.04.16 20:27:42.233,1.0176,1.01795,0.40,0.10
2008.04.16 20:27:42.471,1.0176,1.01795,0.40,0.10
2008.04.16 20:27:42.696,1.0176,1.01795,0.40,0.10
2008.04.16 20:27:42.919,1.0176,1.01795,0.40,0.10
2008.04.16 20:27:43.141,1.0176,1.01795,0.40,0.10
2008.04.16 20:27:43.366,1.0176,1.01795,0.40,0.10
2008.04.16 20:27:43.590,1.0176,1.01795,0.40,0.10
2008.04.16 20:27:43.853,1.0176,1.01795,0.40,0.10
2008.04.16 20:27:44.058,1.01755,1.01795,0.70,0.10
2008.04.16 20:27:44.291,1.01755,1.01795,0.70,0.10
2008.04.16 20:27:44.526,1.01755,1.01795,0.70,0.10
2008.04.16 20:27:44.720,1.01755,1.01795,0.70,0.10
2008.04.16 20:27:44.913,1.01755,1.01795,0.70,0.10
2008.04.16 20:27:45.108,1.01755,1.01795,0.70,0.10
2008.04.16 20:27:45.314,1.01755,1.01795,0.70,0.10
2008.04.16 20:27:45.507,1.01755,1.01795,0.70,0.10
2008.04.16 20:27:45.701,1.01755,1.01795,0.70,0.10
2008.04.16 20:27:45.934,1.01755,1.01795,0.70,0.10
2008.04.16 20:27:46.169,1.01755,1.01795,0.70,0.10
2008.04.16 20:27:46.402,1.01755,1.01795,0.70,0.10
2008.04.16 20:27:46.637,1.01755,1.01795,0.70,0.10
2008.04.16 20:27:46.841,1.01755,1.01795,0.70,0.10
2008.04.16 20:27:47.046,1.0176,1.01795,0.40,0.10
2008.04.16 20:27:47.250,1.0176,1.01795,0.40,0.10
2008.04.16 20:27:47.453,1.0176,1.01795,0.40,0.10
2008.04.16 20:27:47.657,1.0176,1.01795,0.40,0.10
2008.04.16 20:27:47.889,1.0176,1.01795,0.40,0.10
2008.04.16 20:27:48.130,1.0176,1.01795,0.40,0.10
2008.04.16 20:27:48.364,1.0176,1.01795,0.40,0.10
2008.04.16 20:27:48.598,1.0176,1.01795,0.40,0.10
2008.04.16 20:27:48.802,1.0176,1.01795,0.40,0.10
2008.04.16 20:27:49.005,1.0176,1.01795,0.40,0.10
2008.04.16 20:27:49.210,1.0176,1.01795,0.40,0.10
2008.04.16 20:27:49.414,1.0176,1.01795,0.40,0.10
2008.04.16 20:27:49.620,1.0176,1.01795,0.40,0.10
2008.04.16 20:27:49.871,1.01755,1.01795,0.50,0.10
2008.04.16 20:27:50.091,1.01755,1.01795,0.50,0.10
2008.04.16 20:27:50.310,1.01755,1.01795,0.50,0.10
2008.04.16 20:27:50.529,1.01755,1.01795,0.50,0.10
2008.04.16 20:27:50.747,1.01755,1.01795,0.50,0.10
2008.04.16 20:27:50.980,1.01755,1.01795,0.50,0.10
2008.04.16 20:27:51.216,1.01755,1.01795,0.50,0.10
2008.04.16 20:27:51.477,1.01755,1.01795,0.50,0.10
2008.04.16 20:27:51.710,1.01755,1.01795,0.50,0.10
2008.04.16 20:27:51.947,1.01755,1.01795,0.50,0.10
2008.04.16 20:27:52.185,1.01755,1.01795,0.50,0.10
2008.04.16 20:27:52.423,1.01755,1.01795,0.50,0.10
2008.04.16 20:27:52.663,1.01755,1.01795,0.50,0.10
2008.04.16 20:27:52.892,1.01755,1.01795,0.50,0.10
2008.04.16 20:27:53.121,1.01755,1.01795,0.50,0.10
2008.04.16 20:27:53.350,1.01755,1.01795,0.50,0.10
2008.04.16 20:27:53.578,1.01755,1.01795,0.50,0.10
2008.04.16 20:27:53.807,1.01755,1.01795,0.50,0.10
2008.04.16 20:27:54.034,1.01755,1.01795,0.50,0.10
2008.04.16 20:27:54.233,1.01755,1.01795,0.50,0.10
2008.04.16 20:27:54.432,1.01755,1.01795,0.50,0.10
2008.04.16 20:27:54.662,1.01755,1.01795,0.50,0.10
2008.04.16 20:27:54.860,1.01755,1.01795,0.50,0.10
2008.04.16 20:27:55.099,1.01755,1.01795,0.50,0.10
2008.04.16 20:27:55.338,1.01755,1.01795,0.50,0.10
2008.04.16 20:27:55.578,1.01755,1.01785,0.30,0.10
2008.04.16 20:27:55.829,1.01755,1.01785,0.30,0.10
2008.04.16 20:27:56.106,1.01755,1.01785,0.30,0.10
2008.04.16 20:27:56.389,1.01755,1.01785,0.50,0.10
2008.04.16 20:27:56.676,1.01755,1.01785,0.30,0.10
2008.04.16 20:27:56.972,1.01755,1.01785,0.30,0.10
2008.04.16 20:27:57.261,1.01755,1.01785,0.30,0.10
2008.04.16 20:27:57.521,1.01755,1.01785,0.30,0.10
2008.04.16 20:27:57.778,1.01755,1.01785,0.30,0.10
2008.04.16 20:27:57.996,1.01755,1.01785,0.30,0.10
2008.04.16 20:27:58.215,1.01755,1.01785,0.30,0.10
2008.04.16 20:27:58.434,1.01755,1.01785,0.30,0.10
2008.04.16 20:27:58.653,1.01755,1.01785,0.30,0.10
2008.04.16 20:27:58.877,1.01755,1.01785,0.30,0.10
2008.04.16 20:27:59.102,1.01755,1.01785,0.30,0.10
2008.04.16 20:27:59.325,1.01755,1.01785,0.30,0.10
2008.04.16 20:27:59.550,1.01755,1.01785,0.30,0.10
2008.04.16 20:27:59.774,1.01755,1.01785,0.30,0.10
2008.04.16 20:28:00.007,1.01755,1.01785,0.30,0.10
2008.04.16 20:28:00.207,1.01755,1.01785,0.30,0.10
2008.04.16 20:28:00.404,1.01755,1.01785,0.30,0.10
2008.04.16 20:28:00.603,1.01755,1.01785,0.30,0.10
2008.04.16 20:28:00.801,1.01755,1.01785,0.30,0.10
2008.04.16 20:28:01.000,1.01755,1.01785,0.30,0.10
2008.04.16 20:28:01.273,1.01755,1.01785,0.30,0.10
2008.04.16 20:28:01.548,1.01755,1.01785,0.30,0.10
2008.04.16 20:28:01.826,1.01755,1.01785,0.30,0.10
2008.04.16 20:28:02.046,1.01755,1.01785,0.30,0.10
2008.04.16 20:28:02.265,1.01755,1.01785,0.30,0.10
2008.04.16 20:28:02.485,1.01755,1.01785,0.30,0.10
2008.04.16 20:28:02.704,1.01755,1.01785,0.30,0.10
2008.04.16 20:28:02.922,1.01755,1.01785,0.30,0.10
2008.04.16 20:28:03.164,1.01755,1.01785,0.30,0.10
2008.04.16 20:28:03.372,1.01755,1.01785,0.30,0.10
2008.04.16 20:28:03.581,1.01755,1.01785,0.30,0.10
2008.04.16 20:28:03.820,1.01755,1.01785,0.30,0.10
2008.04.16 20:28:03.999,1.01755,1.01785,0.30,0.10
2008.04.16 20:28:04.237,1.01755,1.01785,0.30,0.10
2008.04.16 20:28:04.476,1.01755,1.01785,0.30,0.10
2008.04.16 20:28:04.714,1.01755,1.01785,0.30,0.10
2008.04.16 20:28:04.968,1.01755,1.01785,0.30,0.10
2008.04.16 20:28:05.174,1.01755,1.01785,0.30,0.10
2008.04.16 20:28:05.379,1.01755,1.01785,0.30,0.10
2008.04.16 20:28:05.615,1.01755,1.01785,0.30,0.10
2008.04.16 20:28:05.819,1.01755,1.01785,0.30,0.10
2008.04.16 20:28:06.024,1.01755,1.01785,0.30,0.10
2008.04.16 20:28:06.268,1.01755,1.01785,0.30,0.10
2008.04.16 20:28:06.544,1.01755,1.01785,0.30,0.10
2008.04.16 20:28:06.757,1.01755,1.01785,0.30,0.10
2008.04.16 20:28:07.001,1.01755,1.01785,0.30,0.10
2008.04.16 20:28:07.218,1.01755,1.01785,0.30,0.10
2008.04.16 20:28:07.438,1.01755,1.01785,0.30,0.10
2008.04.16 20:28:07.657,1.01755,1.01785,0.30,0.10
2008.04.16 20:28:07.875,1.01755,1.01785,0.30,0.10
2008.04.16 20:28:08.094,1.01755,1.01785,0.30,0.10
2008.04.16 20:28:08.315,1.01755,1.01785,0.30,0.10
2008.04.16 20:28:08.533,1.01755,1.01785,0.30,0.10
2008.04.16 20:28:08.752,1.01755,1.01785,0.30,0.10
2008.04.16 20:28:08.970,1.01755,1.01785,0.30,0.10
2008.04.16 20:28:09.189,1.01755,1.01785,0.30,0.10
2008.04.16 20:28:09.412,1.01755,1.01785,0.30,0.10
2008.04.16 20:28:09.636,1.01755,1.01785,0.30,0.10
2008.04.16 20:28:09.877,1.01755,1.01785,0.30,0.10
2008.04.16 20:28:10.101,1.01755,1.01785,0.30,0.10
2008.04.16 20:28:10.325,1.01755,1.01785,0.30,0.10
2008.04.16 20:28:10.633,1.01755,1.01785,0.30,0.10
2008.04.16 20:28:10.901,1.01755,1.01785,0.30,0.10
2008.04.16 20:28:11.170,1.01755,1.01785,0.30,0.10
2008.04.16 20:28:11.440,1.01755,1.01785,0.30,0.10
2008.04.16 20:28:11.619,1.01755,1.01785,0.30,0.10
2008.04.16 20:28:11.797,1.01755,1.01785,0.30,0.10
2008.04.16 20:28:11.976,1.01755,1.01785,0.30,0.10
2008.04.16 20:28:12.156,1.01755,1.01785,0.30,0.10
2008.04.16 20:28:12.370,1.01755,1.01785,0.30,0.10
2008.04.16 20:28:12.678,1.01755,1.01785,0.30,0.10
2008.04.16 20:28:12.988,1.01755,1.01785,0.30,0.10
2008.04.16 20:28:13.296,1.01755,1.01785,0.30,0.10
2008.04.16 20:28:13.505,1.01755,1.01785,0.30,0.10
2008.04.16 20:28:13.740,1.01755,1.01785,0.30,0.10
2008.04.16 20:28:13.949,1.01755,1.01785,0.30,0.10
2008.04.16 20:28:14.157,1.01755,1.01785,0.30,0.10
2008.04.16 20:28:14.366,1.01755,1.01785,0.30,0.10
2008.04.16 20:28:14.599,1.01755,1.01785,0.30,0.10
2008.04.16 20:28:14.863,1.01755,1.01785,0.30,0.10
2008.04.16 20:28:15.096,1.01755,1.01785,0.30,0.10
2008.04.16 20:28:15.331,1.01755,1.01785,0.30,0.10
2008.04.16 20:28:15.569,1.01755,1.01785,0.30,0.10
2008.04.16 20:28:15.783,1.01755,1.01785,0.30,0.10
2008.04.16 20:28:15.993,1.01755,1.01785,0.30,0.10
2008.04.16 20:28:16.233,1.01755,1.01785,0.30,0.10
2008.04.16 20:28:16.441,1.0177,1.01785,0.80,0.10
2008.04.16 20:28:16.680,1.0177,1.01805,0.80,0.10
2008.04.16 20:28:16.950,1.0177,1.01805,0.80,0.10
2008.04.16 20:28:17.190,1.0177,1.01805,0.80,0.10
2008.04.16 20:28:17.429,1.0177,1.01805,0.80,0.10
2008.04.16 20:28:17.624,1.0177,1.01805,0.80,0.10
2008.04.16 20:28:17.819,1.0177,1.01805,0.80,0.10
2008.04.16 20:28:18.045,1.0177,1.01805,0.80,0.10
2008.04.16 20:28:18.238,1.0177,1.01805,0.80,0.10
2008.04.16 20:28:18.432,1.0177,1.01805,0.80,0.10
2008.04.16 20:28:18.660,1.0177,1.01805,0.80,0.10
2008.04.16 20:28:18.889,1.0177,1.01805,0.80,0.10
2008.04.16 20:28:19.116,1.0177,1.01805,0.80,0.10
2008.04.16 20:28:19.346,1.0177,1.01805,0.80,0.10
2008.04.16 20:28:19.559,1.0177,1.01805,0.80,0.10
2008.04.16 20:28:19.804,1.0177,1.01805,0.80,0.10
2008.04.16 20:28:20.020,1.0177,1.01805,0.80,0.10
2008.04.16 20:28:20.233,1.0177,1.01805,0.80,0.10
2008.04.16 20:28:20.446,1.0177,1.01805,0.80,0.10
2008.04.16 20:28:20.664,1.0177,1.01805,0.80,0.10
2008.04.16 20:28:20.914,1.0177,1.01805,0.80,0.10
2008.04.16 20:28:21.131,1.0177,1.01805,0.80,0.10
2008.04.16 20:28:21.350,1.0177,1.01805,0.80,0.10
2008.04.16 20:28:21.569,1.0177,1.01805,0.80,0.10
2008.04.16 20:28:21.788,1.0177,1.01805,0.80,0.10
2008.04.16 20:28:22.024,1.0177,1.01805,0.80,0.10
2008.04.16 20:28:22.244,1.0177,1.01805,0.80,0.10
2008.04.16 20:28:22.463,1.0177,1.01805,0.80,0.10
2008.04.16 20:28:22.702,1.0177,1.01805,0.80,0.10
2008.04.16 20:28:22.880,1.0177,1.01805,0.80,0.10
2008.04.16 20:28:23.089,1.0177,1.01805,0.80,0.10
2008.04.16 20:28:23.298,1.0177,1.01805,0.80,0.10
2008.04.16 20:28:23.507,1.0177,1.01805,0.80,0.10
2008.04.16 20:28:23.742,1.0177,1.01805,0.80,0.10
2008.04.16 20:28:23.983,1.0177,1.01805,0.80,0.10
2008.04.16 20:28:24.216,1.0177,1.01805,0.80,0.10
2008.04.16 20:28:24.450,1.0177,1.01805,0.80,0.10
2008.04.16 20:28:24.639,1.0177,1.01805,0.80,0.10
2008.04.16 20:28:24.858,1.0177,1.01805,0.80,0.10
2008.04.16 20:28:25.049,1.0177,1.01805,0.80,0.10
2008.04.16 20:28:25.238,1.0177,1.01805,0.80,0.10
2008.04.16 20:28:25.458,1.0177,1.01805,0.80,0.10
2008.04.16 20:28:25.716,1.0177,1.01805,0.80,0.10
2008.04.16 20:28:25.974,1.0177,1.01805,0.80,0.10
2008.04.16 20:28:26.264,1.0177,1.01805,0.80,0.10
2008.04.16 20:28:26.523,1.0177,1.01805,0.80,0.10
2008.04.16 20:28:26.781,1.0177,1.01805,0.80,0.10
2008.04.16 20:28:26.966,1.0177,1.01805,0.80,0.10
2008.04.16 20:28:27.149,1.0177,1.01805,0.80,0.10
2008.04.16 20:28:27.333,1.0177,1.01805,0.80,0.10
2008.04.16 20:28:27.517,1.0177,1.01805,0.80,0.10
2008.04.16 20:28:27.701,1.0177,1.01805,0.80,0.10
2008.04.16 20:28:27.990,1.0177,1.01805,0.80,0.10
2008.04.16 20:28:28.248,1.0177,1.01805,0.80,0.10
2008.04.16 20:28:28.507,1.0177,1.01805,0.80,0.10
2008.04.16 20:28:28.765,1.0177,1.01805,0.80,0.10
2008.04.16 20:28:28.948,1.0177,1.01805,0.80,0.10
2008.04.16 20:28:29.132,1.0177,1.01805,0.80,0.10
2008.04.16 20:28:29.316,1.0177,1.01805,0.80,0.10
2008.04.16 20:28:29.500,1.0177,1.01805,0.80,0.10
2008.04.16 20:28:29.689,1.0177,1.01805,0.80,0.10
2008.04.16 20:28:29.955,1.0177,1.01805,0.80,0.10
2008.04.16 20:28:30.219,1.0177,1.01805,0.80,0.10
2008.04.16 20:28:30.516,1.0177,1.01805,0.80,0.10
2008.04.16 20:28:30.779,1.0177,1.01805,0.80,0.10
2008.04.16 20:28:30.962,1.0177,1.01805,0.80,0.10
2008.04.16 20:28:31.146,1.0177,1.01805,0.80,0.10
2008.04.16 20:28:31.330,1.0177,1.01805,0.80,0.10
2008.04.16 20:28:31.514,1.0177,1.01805,0.80,0.10
2008.04.16 20:28:31.698,1.0177,1.01805,0.80,0.10
2008.04.16 20:28:31.941,1.0177,1.01805,0.80,0.10
2008.04.16 20:28:32.185,1.0177,1.01805,0.80,0.10
2008.04.16 20:28:32.427,1.0177,1.01805,0.80,0.10
2008.04.16 20:28:32.671,1.0177,1.01805,0.80,0.10
2008.04.16 20:28:32.923,1.0177,1.01805,0.80,0.10
2008.04.16 20:28:33.117,1.0177,1.01805,0.80,0.10
2008.04.16 20:28:33.310,1.0177,1.01805,0.80,0.10
2008.04.16 20:28:33.503,1.0177,1.01805,0.80,0.10
2008.04.16 20:28:33.697,1.0177,1.01805,0.80,0.10
2008.04.16 20:28:33.900,1.0177,1.01805,0.80,0.10
2008.04.16 20:28:34.147,1.0177,1.01805,0.80,0.10
2008.04.16 20:28:34.395,1.0177,1.01805,0.80,0.10
2008.04.16 20:28:34.644,1.0177,1.01805,0.80,0.10
2008.04.16 20:28:34.892,1.0177,1.01805,0.80,0.10
2008.04.16 20:28:35.085,1.0177,1.01805,0.80,0.10
2008.04.16 20:28:35.279,1.0177,1.01805,0.80,0.10
2008.04.16 20:28:35.473,1.0177,1.01805,0.80,0.10
2008.04.16 20:28:35.666,1.0177,1.01805,0.80,0.10
2008.04.16 20:28:35.860,1.0177,1.01805,0.80,0.10
2008.04.16 20:28:36.095,1.0177,1.01805,0.80,0.10
2008.04.16 20:28:36.328,1.0177,1.01805,0.80,0.10
2008.04.16 20:28:36.562,1.0177,1.01805,0.80,0.10
2008.04.16 20:28:36.797,1.0177,1.01805,0.80,0.10
2008.04.16 20:28:37.030,1.0177,1.01805,0.80,0.10
2008.04.16 20:28:37.234,1.0177,1.01805,0.80,0.10
2008.04.16 20:28:37.439,1.0177,1.01805,0.80,0.10
2008.04.16 20:28:37.642,1.0177,1.01805,0.80,0.10
2008.04.16 20:28:37.845,1.0177,1.01805,0.80,0.10
2008.04.16 20:28:38.064,1.0177,1.01805,0.80,0.10
2008.04.16 20:28:38.284,1.0177,1.01805,0.80,0.10
2008.04.16 20:28:38.502,1.0177,1.01805,0.80,0.10
2008.04.16 20:28:38.721,1.0177,1.01805,0.80,0.10
2008.04.16 20:28:38.940,1.0177,1.01805,0.80,0.10
2008.04.16 20:28:39.148,1.0177,1.01805,0.80,0.10
2008.04.16 20:28:39.357,1.0177,1.01805,0.80,0.10
2008.04.16 20:28:39.564,1.0177,1.01805,0.80,0.10
2008.04.16 20:28:39.774,1.0177,1.01805,0.80,0.10
2008.04.16 20:28:40.013,1.0177,1.01805,0.80,0.10
2008.04.16 20:28:40.231,1.0177,1.01805,0.80,0.10
2008.04.16 20:28:40.451,1.0177,1.01805,0.80,0.10
2008.04.16 20:28:40.672,1.0177,1.01805,0.80,0.10
2008.04.16 20:28:40.892,1.0177,1.01805,0.80,0.10
2008.04.16 20:28:41.109,1.0177,1.01805,0.80,0.10
2008.04.16 20:28:41.325,1.0177,1.01805,0.80,0.10
2008.04.16 20:28:41.538,1.0177,1.01805,0.80,0.10
2008.04.16 20:28:41.752,1.0177,1.01805,0.80,0.10
2008.04.16 20:28:41.966,1.0177,1.01805,0.80,0.10
2008.04.16 20:28:42.179,1.0177,1.01805,0.80,0.10
2008.04.16 20:28:42.408,1.0177,1.01805,0.80,0.10
2008.04.16 20:28:42.637,1.0177,1.01805,0.80,0.10
2008.04.16 20:28:42.872,1.0177,1.01805,0.80,0.10
2008.04.16 20:28:43.101,1.0177,1.01805,0.80,0.10
2008.04.16 20:28:43.330,1.0177,1.01805,0.80,0.10
2008.04.16 20:28:43.564,1.0177,1.01805,0.80,0.10
2008.04.16 20:28:43.798,1.0177,1.01805,0.80,0.10
2008.04.16 20:28:44.032,1.0177,1.01805,0.80,0.10
2008.04.16 20:28:44.293,1.0177,1.01805,0.80,0.10
2008.04.16 20:28:44.492,1.0177,1.01805,0.80,0.10
2008.04.16 20:28:44.690,1.0177,1.01805,0.80,0.10
2008.04.16 20:28:44.889,1.0177,1.01805,0.80,0.10
2008.04.16 20:28:45.087,1.0177,1.01805,0.80,0.10
2008.04.16 20:28:45.286,1.0177,1.01805,0.80,0.10
2008.04.16 20:28:45.515,1.0177,1.01805,0.80,0.50
2008.04.16 20:28:45.745,1.0177,1.018,0.80,0.40
2008.04.16 20:28:45.974,1.0177,1.018,0.80,0.40
2008.04.16 20:28:46.203,1.0177,1.0179,0.80,0.30
2008.04.16 20:28:46.433,1.0177,1.0179,0.80,0.30
2008.04.16 20:28:46.652,1.0177,1.0179,0.80,0.30
2008.04.16 20:28:46.872,1.0177,1.0179,0.80,0.30
2008.04.16 20:28:47.093,1.0177,1.0179,0.80,0.30
2008.04.16 20:28:47.310,1.0177,1.0179,0.80,0.30
2008.04.16 20:28:47.514,1.0177,1.0179,0.80,0.30
2008.04.16 20:28:47.717,1.0177,1.0179,0.80,0.30
2008.04.16 20:28:47.921,1.0177,1.0179,0.80,0.30
2008.04.16 20:28:48.125,1.0177,1.0179,0.80,0.30
2008.04.16 20:28:48.328,1.0177,1.0179,0.80,0.30
2008.04.16 20:28:48.591,1.0177,1.01795,0.80,0.40
2008.04.16 20:28:48.789,1.0177,1.018,0.80,0.40
2008.04.16 20:28:49.016,1.0177,1.018,0.80,0.40
2008.04.16 20:28:49.245,1.0177,1.018,0.80,0.40
2008.04.16 20:28:49.472,1.0177,1.018,0.80,0.40
2008.04.16 20:28:49.763,1.0177,1.018,0.80,0.40
2008.04.16 20:28:50.021,1.0177,1.01805,0.80,0.50
2008.04.16 20:28:50.280,1.0177,1.01805,0.80,0.50
2008.04.16 20:28:50.538,1.0177,1.01805,0.80,0.50
2008.04.16 20:28:50.766,1.0177,1.01805,0.80,0.50
2008.04.16 20:28:50.995,1.0177,1.01805,0.80,0.50
2008.04.16 20:28:51.223,1.0177,1.01805,0.80,0.50
2008.04.16 20:28:51.452,1.0177,1.01805,0.80,0.50
2008.04.16 20:28:51.656,1.0177,1.01805,0.80,0.50
2008.04.16 20:28:51.859,1.0177,1.01805,0.80,0.50
2008.04.16 20:28:52.062,1.0177,1.01805,0.80,0.50
2008.04.16 20:28:52.266,1.0177,1.01805,0.80,0.50
2008.04.16 20:28:52.469,1.0177,1.01805,0.80,0.50
2008.04.16 20:28:52.677,1.0177,1.01805,0.80,0.50
2008.04.16 20:28:52.885,1.0177,1.01805,0.80,0.50
2008.04.16 20:28:53.094,1.0177,1.01805,0.80,0.50
2008.04.16 20:28:53.303,1.0177,1.01805,0.80,0.50
2008.04.16 20:28:53.511,1.0177,1.01805,0.80,0.50
2008.04.16 20:28:53.720,1.0177,1.01805,0.80,0.50
2008.04.16 20:28:53.929,1.0177,1.01805,0.80,0.50
2008.04.16 20:28:54.137,1.0177,1.01805,0.80,0.50
2008.04.16 20:28:54.346,1.0177,1.01805,0.80,0.50
2008.04.16 20:28:54.556,1.0177,1.01805,0.80,0.50
2008.04.16 20:28:54.853,1.0177,1.01805,0.80,0.50
2008.04.16 20:28:55.116,1.0177,1.01805,0.80,0.50
2008.04.16 20:28:55.378,1.0177,1.01805,0.80,0.50
2008.04.16 20:28:55.640,1.0177,1.01805,0.80,0.50
2008.04.16 20:28:55.869,1.0177,1.01805,0.80,0.50
2008.04.16 20:28:56.098,1.0177,1.01805,0.80,0.50
2008.04.16 20:28:56.327,1.0177,1.01805,0.80,0.50
2008.04.16 20:28:56.555,1.0177,1.01805,0.80,0.50
2008.04.16 20:28:56.760,1.0177,1.01805,0.80,0.50
2008.04.16 20:28:56.958,1.0177,1.01805,0.80,0.50
2008.04.16 20:28:57.156,1.0177,1.01805,0.80,0.50
2008.04.16 20:28:57.355,1.0177,1.01805,0.80,0.50
2008.04.16 20:28:57.555,1.0177,1.01805,0.80,0.10
2008.04.16 20:28:57.785,1.0177,1.0181,0.80,0.40
2008.04.16 20:28:58.013,1.0177,1.0181,0.80,0.40
2008.04.16 20:28:58.242,1.0177,1.0181,0.80,0.40
2008.04.16 20:28:58.486,1.0177,1.0181,0.80,0.40
2008.04.16 20:28:58.714,1.0177,1.0181,0.80,0.40
2008.04.16 20:28:58.978,1.0177,1.0181,0.80,0.40
2008.04.16 20:28:59.242,1.0177,1.0181,0.80,0.40
2008.04.16 20:28:59.506,1.0177,1.0181,0.80,0.40
2008.04.16 20:28:59.700,1.0177,1.0181,0.80,0.40
2008.04.16 20:28:59.894,1.0177,1.0181,0.80,0.40
2008.04.16 20:29:00.087,1.0177,1.0181,0.80,0.40
2008.04.16 20:29:00.312,1.0177,1.0181,0.80,0.40
2008.04.16 20:29:00.474,1.0177,1.0181,0.80,0.40
2008.04.16 20:29:00.667,1.0177,1.0181,0.80,0.40
2008.04.16 20:29:00.916,1.0177,1.0181,0.80,0.40
2008.04.16 20:29:01.164,1.0177,1.0181,0.80,0.40
2008.04.16 20:29:01.414,1.0177,1.0181,0.80,0.40
2008.04.16 20:29:01.662,1.0177,1.0181,0.80,0.40
2008.04.16 20:29:01.906,1.0177,1.0181,0.80,0.40
2008.04.16 20:29:02.174,1.0177,1.0181,0.80,0.40
2008.04.16 20:29:02.385,1.0177,1.0181,0.80,0.40
2008.04.16 20:29:02.609,1.0177,1.0181,0.80,0.40
2008.04.16 20:29:02.833,1.0177,1.0181,0.80,0.40
2008.04.16 20:29:03.058,1.0177,1.0181,0.80,0.40
2008.04.16 20:29:03.284,1.0177,1.0181,0.80,0.40
2008.04.16 20:29:03.506,1.0177,1.0181,0.80,0.40
2008.04.16 20:29:03.730,1.0177,1.0182,0.80,1.90
2008.04.16 20:29:03.944,1.0177,1.0182,0.80,0.40
2008.04.16 20:29:04.158,1.0177,1.01815,0.80,0.40
2008.04.16 20:29:04.372,1.0177,1.01815,0.80,0.40
2008.04.16 20:29:04.585,1.0177,1.01815,0.80,0.40
2008.04.16 20:29:04.850,1.0177,1.01815,0.80,0.40
2008.04.16 20:29:05.114,1.0177,1.01815,0.80,0.40
2008.04.16 20:29:05.377,1.0177,1.01815,0.80,0.40
2008.04.16 20:29:05.641,1.0177,1.01815,0.80,0.40
2008.04.16 20:29:05.844,1.0177,1.01815,0.80,0.40
2008.04.16 20:29:06.078,1.0177,1.01815,0.80,0.40
2008.04.16 20:29:06.283,1.0177,1.01815,0.80,0.40
2008.04.16 20:29:06.486,1.0177,1.01815,0.80,0.40
2008.04.16 20:29:06.690,1.0177,1.01815,0.80,0.40
2008.04.16 20:29:06.944,1.0177,1.0182,0.80,0.40
2008.04.16 20:29:07.197,1.0177,1.0182,0.80,0.40
2008.04.16 20:29:07.451,1.0177,1.0182,0.80,0.40
2008.04.16 20:29:07.705,1.0177,1.0182,0.80,0.40
2008.04.16 20:29:07.905,1.0177,1.0182,0.80,0.40
2008.04.16 20:29:08.104,1.0177,1.0182,0.80,0.40
2008.04.16 20:29:08.302,1.0177,1.0182,0.80,0.40
2008.04.16 20:29:08.501,1.0177,1.0182,0.80,0.40
2008.04.16 20:29:08.700,1.0177,1.0182,0.80,0.40
2008.04.16 20:29:08.923,1.0177,1.0182,0.80,0.40
2008.04.16 20:29:09.148,1.0177,1.0182,0.80,0.40
2008.04.16 20:29:09.365,1.0177,1.0182,0.80,0.40
2008.04.16 20:29:09.584,1.0177,1.0182,0.80,0.40
2008.04.16 20:29:09.803,1.0177,1.0182,0.80,0.40
2008.04.16 20:29:10.050,1.0177,1.0182,0.80,0.40
2008.04.16 20:29:10.270,1.0177,1.0182,0.80,0.40
2008.04.16 20:29:10.491,1.0177,1.0182,0.80,0.40
2008.04.16 20:29:10.736,1.0177,1.0182,0.80,0.40
2008.04.16 20:29:10.950,1.0177,1.0182,0.80,0.40
2008.04.16 20:29:11.164,1.0177,1.0182,0.80,0.40
2008.04.16 20:29:11.377,1.0177,1.0182,0.80,0.40
2008.04.16 20:29:11.590,1.0177,1.0182,0.80,0.40
2008.04.16 20:29:11.803,1.0177,1.0182,0.80,0.40
2008.04.16 20:29:12.073,1.0177,1.0182,0.80,0.40
2008.04.16 20:29:12.374,1.0177,1.0182,0.80,0.40
2008.04.16 20:29:12.611,1.0177,1.0182,0.80,0.40
2008.04.16 20:29:12.880,1.0177,1.0182,0.80,0.40
2008.04.16 20:29:13.064,1.0177,1.0182,0.80,0.40
2008.04.16 20:29:13.248,1.0177,1.0182,0.80,0.40
2008.04.16 20:29:13.432,1.0177,1.0182,0.80,0.40
2008.04.16 20:29:13.616,1.0177,1.0182,0.80,0.40
2008.04.16 20:29:13.799,1.0177,1.0182,0.80,0.40
2008.04.16 20:29:14.032,1.0177,1.0182,0.80,0.40
2008.04.16 20:29:14.265,1.0177,1.0182,0.80,0.40
2008.04.16 20:29:14.508,1.0177,1.0182,0.80,0.40
2008.04.16 20:29:14.742,1.0177,1.0182,0.80,0.40
2008.04.16 20:29:14.975,1.0177,1.0182,0.80,0.40
2008.04.16 20:29:15.174,1.0177,1.0182,0.80,0.40
2008.04.16 20:29:15.372,1.0177,1.0182,0.80,0.40
2008.04.16 20:29:15.570,1.0177,1.0182,0.80,0.40
2008.04.16 20:29:15.768,1.0177,1.0182,0.80,0.40
2008.04.16 20:29:15.967,1.0177,1.0182,0.80,0.40
2008.04.16 20:29:16.186,1.0177,1.0182,0.80,0.40
2008.04.16 20:29:16.405,1.0177,1.0182,0.80,0.40
2008.04.16 20:29:16.623,1.0177,1.0182,0.80,0.40
2008.04.16 20:29:16.841,1.0177,1.0182,0.80,0.40
2008.04.16 20:29:17.088,1.0177,1.0182,0.80,0.40
2008.04.16 20:29:17.269,1.0177,1.0182,0.80,0.40
2008.04.16 20:29:17.482,1.0177,1.0182,0.80,0.40
2008.04.16 20:29:17.695,1.0177,1.0182,0.80,0.40
2008.04.16 20:29:17.908,1.0177,1.0182,0.80,0.40
2008.04.16 20:29:18.148,1.0177,1.0182,0.80,0.40
2008.04.16 20:29:18.318,1.0177,1.0182,0.80,0.40
2008.04.16 20:29:18.522,1.0177,1.0182,0.80,0.40
2008.04.16 20:29:18.726,1.0177,1.0182,0.80,0.40
2008.04.16 20:29:18.930,1.0177,1.0182,0.80,0.40
2008.04.16 20:29:19.154,1.0177,1.0182,0.80,0.40
2008.04.16 20:29:19.379,1.0177,1.0182,0.80,0.40
2008.04.16 20:29:19.633,1.0177,1.0182,0.80,0.40
2008.04.16 20:29:19.857,1.0177,1.0182,0.80,0.40
2008.04.16 20:29:20.080,1.0177,1.0182,0.80,0.40
2008.04.16 20:29:20.284,1.0177,1.0182,0.80,0.40
2008.04.16 20:29:20.487,1.0177,1.0182,0.80,0.40
2008.04.16 20:29:20.709,1.0177,1.0182,0.80,0.40
2008.04.16 20:29:20.912,1.0177,1.0182,0.80,0.40
2008.04.16 20:29:21.147,1.0177,1.0182,0.80,0.40
2008.04.16 20:29:21.381,1.0177,1.0182,0.80,0.40
2008.04.16 20:29:21.614,1.0177,1.0182,0.80,0.40
2008.04.16 20:29:21.859,1.0177,1.0182,0.80,0.40
2008.04.16 20:29:22.093,1.0177,1.0182,0.80,0.40
2008.04.16 20:29:22.287,1.0177,1.0182,0.80,0.40
2008.04.16 20:29:22.480,1.0177,1.0182,0.80,0.40
2008.04.16 20:29:22.674,1.0177,1.0182,0.80,0.40
2008.04.16 20:29:22.867,1.0177,1.0182,0.80,0.40
2008.04.16 20:29:23.060,1.0177,1.0182,0.80,0.40
2008.04.16 20:29:23.289,1.0177,1.0182,0.80,0.40
2008.04.16 20:29:23.513,1.0177,1.0182,0.80,0.40
2008.04.16 20:29:23.738,1.0177,1.0182,0.80,0.40
2008.04.16 20:29:23.992,1.0177,1.0182,0.80,0.40
2008.04.16 20:29:24.210,1.0177,1.0182,0.80,0.40
2008.04.16 20:29:24.427,1.0177,1.0182,0.80,0.40
2008.04.16 20:29:24.645,1.0177,1.0182,0.80,0.40
2008.04.16 20:29:24.864,1.0177,1.0182,0.80,0.40
2008.04.16 20:29:25.082,1.0177,1.0182,0.80,0.40
2008.04.16 20:29:25.300,1.0177,1.0182,0.80,0.40
2008.04.16 20:29:25.519,1.0177,1.0182,0.80,0.40
2008.04.16 20:29:25.737,1.0177,1.0182,0.80,0.40
2008.04.16 20:29:25.955,1.0177,1.0182,0.80,0.40
2008.04.16 20:29:26.174,1.0177,1.0182,0.80,0.40
2008.04.16 20:29:26.398,1.0177,1.0182,0.80,0.40
2008.04.16 20:29:26.622,1.0177,1.0182,0.80,0.40
2008.04.16 20:29:26.845,1.0177,1.0182,0.80,0.40
2008.04.16 20:29:27.069,1.0177,1.0182,0.80,0.40
2008.04.16 20:29:27.272,1.0177,1.0182,0.80,0.40
2008.04.16 20:29:27.476,1.0177,1.0182,0.80,0.40
2008.04.16 20:29:27.698,1.0177,1.0182,0.80,0.40
2008.04.16 20:29:27.903,1.0177,1.0182,0.80,0.40
2008.04.16 20:29:28.108,1.0177,1.0182,0.80,0.40
2008.04.16 20:29:28.327,1.0177,1.0182,0.80,0.40
2008.04.16 20:29:28.546,1.0177,1.0182,0.80,0.40
2008.04.16 20:29:28.806,1.0177,1.0182,0.80,0.40
2008.04.16 20:29:29.024,1.0177,1.0182,0.80,0.40
2008.04.16 20:29:29.242,1.0177,1.0182,0.80,0.40
2008.04.16 20:29:29.450,1.0177,1.0182,0.80,0.40
2008.04.16 20:29:29.659,1.0177,1.0182,0.80,0.40
2008.04.16 20:29:29.867,1.0177,1.0182,0.80,0.40
2008.04.16 20:29:30.076,1.0177,1.0182,0.80,0.40
2008.04.16 20:29:30.285,1.0177,1.0182,0.80,0.40
2008.04.16 20:29:30.499,1.0177,1.0182,0.80,0.40
2008.04.16 20:29:30.712,1.0177,1.0182,0.80,0.40
2008.04.16 20:29:30.926,1.0177,1.0182,0.80,0.40
2008.04.16 20:29:31.140,1.0177,1.0182,0.80,0.40
2008.04.16 20:29:31.353,1.0177,1.0182,0.80,0.40
2008.04.16 20:29:31.567,1.0177,1.0182,0.80,0.40
2008.04.16 20:29:31.780,1.0177,1.0182,0.80,0.40
2008.04.16 20:29:31.994,1.0177,1.0182,0.80,0.40
2008.04.16 20:29:32.209,1.0177,1.0182,0.80,0.40
2008.04.16 20:29:32.417,1.0177,1.0182,0.80,0.40
2008.04.16 20:29:32.625,1.0177,1.0182,0.80,0.40
2008.04.16 20:29:32.832,1.0177,1.0182,0.80,0.40
2008.04.16 20:29:33.042,1.0177,1.0182,0.80,0.40
2008.04.16 20:29:33.250,1.0177,1.0182,0.80,0.40
2008.04.16 20:29:33.474,1.0177,1.0182,0.80,0.40
2008.04.16 20:29:33.730,1.0177,1.0182,0.80,0.40
2008.04.16 20:29:33.922,1.0177,1.0182,0.80,0.40
2008.04.16 20:29:34.146,1.0177,1.0182,0.80,0.40
2008.04.16 20:29:34.350,1.0177,1.0182,0.80,0.40
2008.04.16 20:29:34.553,1.0177,1.0182,0.80,0.40
2008.04.16 20:29:34.756,1.0177,1.0182,0.80,0.40
2008.04.16 20:29:34.960,1.0177,1.0182,0.80,0.40
2008.04.16 20:29:35.164,1.0177,1.0182,0.80,0.40
2008.04.16 20:29:35.378,1.0177,1.0182,0.80,0.40
2008.04.16 20:29:35.608,1.0177,1.0182,0.80,0.40
2008.04.16 20:29:35.821,1.0177,1.0182,0.80,0.40
2008.04.16 20:29:36.035,1.0177,1.0182,0.80,0.40
2008.04.16 20:29:36.249,1.0177,1.0182,0.80,0.40
2008.04.16 20:29:36.468,1.0177,1.0182,0.80,0.40
2008.04.16 20:29:36.687,1.0177,1.0182,0.80,0.40
2008.04.16 20:29:36.907,1.0177,1.0182,0.80,0.40
2008.04.16 20:29:37.126,1.0177,1.0182,0.80,0.40
2008.04.16 20:29:37.344,1.0177,1.0182,0.80,0.40
2008.04.16 20:29:37.553,1.0177,1.0182,0.80,0.40
2008.04.16 20:29:37.762,1.0177,1.0182,0.80,0.40
2008.04.16 20:29:37.971,1.0177,1.0182,0.80,0.40
2008.04.16 20:29:38.208,1.0177,1.0182,0.80,0.40
2008.04.16 20:29:38.427,1.0177,1.0182,0.80,0.40
2008.04.16 20:29:38.645,1.0177,1.0182,0.80,0.40
2008.04.16 20:29:38.864,1.0177,1.0182,0.80,0.40
2008.04.16 20:29:39.083,1.0177,1.0182,0.80,0.40
2008.04.16 20:29:39.302,1.0177,1.0182,0.80,0.40
2008.04.16 20:29:39.511,1.0177,1.0182,0.80,0.40
2008.04.16 20:29:39.719,1.01775,1.0182,0.30,0.40
2008.04.16 20:29:39.928,1.01775,1.01825,0.30,0.50
2008.04.16 20:29:40.137,1.01775,1.01825,0.30,0.50
2008.04.16 20:29:40.345,1.01775,1.01825,0.30,0.50
2008.04.16 20:29:40.586,1.01775,1.01825,0.30,0.50
2008.04.16 20:29:40.821,1.01775,1.01825,0.30,0.50
2008.04.16 20:29:41.054,1.01775,1.01825,0.30,0.50
2008.04.16 20:29:41.286,1.01775,1.01825,0.30,0.50
2008.04.16 20:29:41.523,1.01775,1.01825,0.30,0.50
2008.04.16 20:29:41.758,1.01775,1.01825,0.30,0.50
2008.04.16 20:29:41.992,1.01775,1.01825,0.30,0.50
2008.04.16 20:29:42.226,1.01775,1.0182,0.30,0.40
2008.04.16 20:29:42.460,1.0177,1.0182,0.80,0.40
2008.04.16 20:29:42.700,1.0177,1.0182,0.80,0.40
2008.04.16 20:29:42.969,1.0177,1.0182,0.80,0.40
2008.04.16 20:29:43.208,1.0177,1.0182,0.80,0.40
2008.04.16 20:29:43.448,1.0177,1.0182,0.80,0.40
2008.04.16 20:29:43.692,1.0177,1.0182,0.80,0.40
2008.04.16 20:29:45.128,1.0177,1.0182,0.80,0.40
2008.04.16 20:29:45.224,1.0177,1.0182,0.80,0.40
2008.04.16 20:29:45.285,1.0177,1.0182,0.80,0.40
2008.04.16 20:29:45.349,1.0177,1.0182,0.80,0.40
2008.04.16 20:29:45.413,1.0177,1.0182,0.80,0.40
2008.04.16 20:29:45.478,1.0177,1.0182,0.80,0.40
2008.04.16 20:29:45.573,1.0177,1.0182,0.80,0.40
2008.04.16 20:29:45.607,1.0177,1.0182,0.80,0.40
2008.04.16 20:29:45.700,1.0177,1.0182,0.80,0.40
2008.04.16 20:29:45.764,1.0177,1.0182,0.80,0.40
2008.04.16 20:29:45.828,1.0177,1.0182,0.80,0.40
2008.04.16 20:29:45.893,1.0177,1.0182,0.80,0.40
2008.04.16 20:29:45.957,1.0177,1.0182,0.80,0.40
2008.04.16 20:29:46.050,1.0177,1.0182,0.80,0.40
2008.04.16 20:29:46.114,1.0177,1.0182,0.80,0.40
2008.04.16 20:29:46.178,1.0177,1.0182,0.80,0.40
2008.04.16 20:29:46.541,1.0177,1.0182,0.80,0.40
2008.04.16 20:29:46.875,1.0177,1.0182,0.80,0.40
2008.04.16 20:29:47.209,1.0179,1.01825,0.80,1.20
2008.04.16 20:29:47.386,1.0179,1.01825,0.80,1.20
2008.04.16 20:29:47.565,1.0179,1.01825,0.80,1.20
2008.04.16 20:29:47.744,1.0179,1.01825,0.80,1.20
2008.04.16 20:29:47.922,1.0179,1.01825,0.80,1.20
2008.04.16 20:29:48.101,1.0179,1.01825,0.80,1.20
2008.04.16 20:29:48.293,1.0179,1.01825,0.80,1.20
2008.04.16 20:29:48.563,1.0179,1.01825,0.80,0.80
2008.04.16 20:29:48.833,1.0179,1.01825,0.80,0.80
2008.04.16 20:29:49.103,1.0179,1.01825,0.80,0.80
2008.04.16 20:29:49.371,1.0179,1.01825,0.80,0.80
2008.04.16 20:29:49.559,1.0179,1.01825,0.80,0.80
2008.04.16 20:29:49.778,1.0179,1.01825,0.80,0.80
2008.04.16 20:29:49.965,1.0179,1.01825,0.80,0.80
2008.04.16 20:29:50.154,1.0179,1.01825,0.80,0.80
2008.04.16 20:29:50.343,1.0179,1.01825,0.80,0.80
2008.04.16 20:29:50.531,1.0179,1.01825,0.80,0.80
2008.04.16 20:29:51.801,1.0179,1.01825,0.80,0.80
2008.04.16 20:29:51.829,1.0179,1.01825,0.80,0.80
2008.04.16 20:29:51.921,1.0179,1.01825,0.80,0.80
2008.04.16 20:29:51.989,1.0179,1.01825,0.80,0.80
2008.04.16 20:29:52.061,1.0179,1.01825,0.80,0.80
2008.04.16 20:29:52.132,1.0179,1.01825,0.80,0.80
2008.04.16 20:29:52.201,1.0179,1.01825,0.80,0.80
2008.04.16 20:29:52.267,1.0179,1.01825,0.80,0.80
2008.04.16 20:29:52.339,1.0179,1.01825,0.80,0.80
2008.04.16 20:29:52.411,1.0179,1.01825,0.80,0.80
2008.04.16 20:29:52.488,1.0179,1.01825,0.80,0.80
2008.04.16 20:29:52.584,1.0179,1.01825,0.80,0.80
2008.04.16 20:29:52.653,1.0179,1.01825,0.80,0.80
2008.04.16 20:29:52.987,1.0179,1.01825,0.80,0.80
2008.04.16 20:29:53.321,1.0179,1.01825,0.80,0.80
2008.04.16 20:29:53.685,1.0179,1.01825,0.80,0.80
2008.04.16 20:29:53.858,1.0179,1.01825,0.80,0.80
2008.04.16 20:29:54.032,1.0179,1.01825,0.80,0.80
2008.04.16 20:29:54.205,1.0179,1.01825,0.80,0.80
2008.04.16 20:29:54.379,1.0179,1.01825,0.80,0.80
2008.04.16 20:29:54.553,1.0179,1.01825,0.80,0.80
2008.04.16 20:29:54.758,1.0179,1.01825,0.80,0.80
2008.04.16 20:29:55.059,1.0179,1.01825,0.80,0.80
2008.04.16 20:29:55.357,1.0179,1.01825,0.80,0.80
2008.04.16 20:29:55.657,1.0179,1.01825,0.80,0.80
2008.04.16 20:29:55.955,1.0179,1.01825,0.80,0.80
2008.04.16 20:29:56.144,1.0179,1.01825,0.80,0.80
2008.04.16 20:29:56.332,1.0179,1.01825,0.80,0.80
2008.04.16 20:29:56.553,1.0179,1.01825,0.80,0.80
2008.04.16 20:29:56.740,1.0179,1.01825,0.80,0.80
2008.04.16 20:29:56.928,1.0179,1.01825,0.80,0.80
2008.04.16 20:29:57.166,1.0179,1.01825,0.80,0.80
2008.04.16 20:29:57.404,1.0179,1.01825,0.80,0.80
2008.04.16 20:29:57.642,1.0179,1.01825,0.80,0.80
2008.04.16 20:29:57.880,1.0179,1.01825,0.80,0.80
2008.04.16 20:29:58.083,1.0179,1.01825,0.80,0.80
2008.04.16 20:29:58.301,1.0179,1.01825,0.80,0.80
2008.04.16 20:29:58.505,1.0179,1.01825,0.80,0.80
2008.04.16 20:29:58.708,1.0179,1.01825,0.80,0.10
2008.04.16 20:29:58.912,1.0179,1.01825,0.80,0.10
2008.04.16 20:29:59.150,1.0179,1.01825,0.80,0.10
2008.04.16 20:29:59.394,1.0179,1.01825,0.80,0.10
2008.04.16 20:29:59.633,1.0179,1.01825,0.80,0.10
2008.04.16 20:29:59.872,1.0179,1.01825,0.80,0.10
2008.04.16 20:30:00.066,1.0179,1.01825,0.80,0.10
2008.04.16 20:30:00.259,1.0179,1.01825,0.80,0.10
2008.04.16 20:30:00.452,1.0179,1.01825,0.80,0.10
2008.04.16 20:30:00.646,1.0179,1.01825,0.80,0.10
2008.04.16 20:30:00.847,1.0179,1.01825,0.80,0.10
2008.04.16 20:30:01.071,1.0179,1.01825,0.80,0.10
2008.04.16 20:30:01.298,1.0179,1.01825,0.80,0.10
2008.04.16 20:30:01.521,1.0179,1.01825,0.80,0.10
2008.04.16 20:30:01.745,1.0179,1.01825,0.80,0.10
2008.04.16 20:30:01.970,1.0179,1.01825,0.80,0.10
2008.04.16 20:30:02.218,1.0179,1.01825,0.80,0.10
2008.04.16 20:30:02.467,1.0179,1.01825,0.80,0.10
2008.04.16 20:30:02.716,1.0179,1.01825,0.80,0.10
2008.04.16 20:30:02.966,1.0179,1.01825,0.80,0.10
2008.04.16 20:30:03.159,1.0179,1.01825,0.80,0.10
2008.04.16 20:30:03.353,1.0179,1.01825,0.80,0.10
2008.04.16 20:30:03.547,1.0179,1.01825,0.80,0.10
2008.04.16 20:30:03.742,1.0179,1.01825,0.80,0.10
2008.04.16 20:30:03.936,1.0179,1.01825,0.80,0.10
2008.04.16 20:30:04.159,1.0179,1.01825,0.80,0.10
2008.04.16 20:30:04.383,1.0179,1.01825,0.80,0.10
2008.04.16 20:30:04.633,1.0179,1.01825,0.80,0.10
2008.04.16 20:30:04.856,1.0179,1.01825,0.80,0.10
2008.04.16 20:30:05.060,1.0179,1.01825,0.80,0.10
2008.04.16 20:30:05.283,1.0179,1.01825,0.80,0.10
2008.04.16 20:30:05.518,1.0179,1.01825,0.80,0.10
2008.04.16 20:30:05.692,1.0179,1.01825,0.80,0.10
2008.04.16 20:30:05.894,1.0179,1.01825,0.80,0.10
2008.04.16 20:30:06.160,1.0179,1.01825,0.80,0.10
2008.04.16 20:30:06.423,1.0179,1.01825,0.80,0.10
2008.04.16 20:30:06.687,1.0179,1.01825,0.80,0.10
2008.04.16 20:30:06.983,1.0179,1.01825,0.80,0.10
2008.04.16 20:30:07.245,1.0179,1.01825,0.80,0.10
2008.04.16 20:30:07.434,1.0179,1.01825,0.80,0.10
2008.04.16 20:30:07.634,1.0179,1.01825,0.80,0.10
2008.04.16 20:30:07.822,1.0179,1.01825,0.80,0.10
2008.04.16 20:30:08.010,1.0179,1.01825,0.80,0.10
2008.04.16 20:30:08.199,1.0179,1.01825,0.80,0.10
2008.04.16 20:30:08.473,1.0179,1.01825,0.80,0.10
2008.04.16 20:30:08.777,1.0179,1.01825,0.80,0.10
2008.04.16 20:30:09.086,1.0179,1.01825,0.80,0.10
2008.04.16 20:30:09.278,1.01795,1.01825,0.30,0.10
2008.04.16 20:30:09.502,1.01795,1.01825,0.30,0.10
2008.04.16 20:30:09.757,1.01795,1.01825,0.30,0.10
2008.04.16 20:30:09.981,1.01795,1.01825,0.30,0.10
2008.04.16 20:30:10.204,1.01795,1.01825,0.30,0.10
2008.04.16 20:30:10.479,1.01795,1.01825,0.30,0.10
2008.04.16 20:30:10.692,1.01795,1.01825,0.30,0.10
2008.04.16 20:30:10.938,1.0179,1.01825,0.80,0.10
2008.04.16 20:30:11.210,1.0179,1.01825,0.80,0.10
2008.04.16 20:30:11.414,1.0179,1.01825,0.80,0.10
2008.04.16 20:30:11.617,1.0179,1.01825,0.80,0.10
2008.04.16 20:30:11.821,1.0179,1.01825,0.80,0.10
2008.04.16 20:30:12.024,1.0179,1.01825,0.80,0.10
2008.04.16 20:30:12.258,1.0179,1.01825,0.80,0.10
2008.04.16 20:30:12.455,1.0179,1.01825,0.80,0.10
2008.04.16 20:30:12.684,1.0179,1.01825,0.80,0.10
2008.04.16 20:30:12.912,1.0179,1.01825,0.80,0.10
2008.04.16 20:30:13.140,1.0179,1.01825,0.80,0.10
2008.04.16 20:30:13.339,1.0179,1.01825,0.80,0.10
2008.04.16 20:30:13.537,1.0179,1.01825,0.80,0.10
2008.04.16 20:30:13.736,1.0179,1.01825,0.80,0.10
2008.04.16 20:30:13.936,1.0179,1.01825,0.80,0.10
2008.04.16 20:30:14.135,1.0179,1.01825,0.80,0.10
2008.04.16 20:30:14.348,1.0179,1.01825,0.80,0.10
2008.04.16 20:30:14.562,1.0179,1.01825,0.80,0.10
2008.04.16 20:30:14.776,1.0179,1.01825,0.80,0.10
2008.04.16 20:30:14.989,1.0179,1.01825,0.80,0.10
2008.04.16 20:30:15.207,1.0179,1.01825,0.80,0.10
2008.04.16 20:30:15.432,1.0179,1.01825,0.80,0.10
2008.04.16 20:30:15.655,1.0179,1.01825,0.80,0.10
2008.04.16 20:30:15.914,1.0179,1.01825,0.80,0.10
2008.04.16 20:30:16.139,1.0179,1.01825,0.80,0.10
2008.04.16 20:30:16.361,1.0179,1.01825,0.80,0.10
2008.04.16 20:30:16.580,1.0179,1.01825,0.80,0.10
2008.04.16 20:30:16.798,1.0179,1.01825,0.80,0.10
2008.04.16 20:30:17.047,1.0179,1.01825,0.80,0.10
2008.04.16 20:30:17.237,1.0179,1.01825,0.80,0.10
2008.04.16 20:30:17.450,1.0179,1.01825,0.80,0.10
2008.04.16 20:30:17.663,1.0179,1.01825,0.80,0.10
2008.04.16 20:30:17.876,1.0179,1.01825,0.80,0.10
2008.04.16 20:30:18.090,1.0179,1.01825,0.80,0.10
2008.04.16 20:30:18.304,1.0179,1.01825,0.80,0.10
2008.04.16 20:30:18.507,1.0179,1.01825,0.80,0.10
2008.04.16 20:30:18.710,1.0179,1.01825,0.80,0.10
2008.04.16 20:30:18.913,1.0179,1.01825,0.80,0.10
2008.04.16 20:30:19.117,1.0179,1.01825,0.80,0.10
2008.04.16 20:30:19.321,1.0179,1.01825,0.80,0.10
2008.04.16 20:30:19.545,1.0179,1.01825,0.80,0.10
2008.04.16 20:30:19.770,1.0179,1.01825,0.80,0.10
2008.04.16 20:30:19.993,1.0179,1.01825,0.80,0.10
2008.04.16 20:30:20.216,1.0179,1.01825,0.80,0.10
2008.04.16 20:30:20.440,1.0179,1.01825,0.80,0.10
2008.04.16 20:30:20.663,1.0179,1.01825,0.80,0.10
2008.04.16 20:30:20.868,1.0179,1.01825,0.80,0.10
2008.04.16 20:30:21.071,1.0179,1.01825,0.80,0.10
2008.04.16 20:30:21.274,1.0179,1.01825,0.80,0.10
2008.04.16 20:30:21.479,1.0179,1.01825,0.80,0.10
2008.04.16 20:30:21.758,1.0179,1.01825,0.80,0.10
2008.04.16 20:30:22.037,1.0179,1.01825,0.80,0.10
2008.04.16 20:30:22.315,1.0179,1.01825,0.80,0.10
2008.04.16 20:30:22.607,1.0179,1.01825,0.80,0.10
2008.04.16 20:30:22.825,1.0179,1.01825,0.80,0.10
2008.04.16 20:30:23.043,1.0179,1.01825,0.80,0.10
2008.04.16 20:30:23.261,1.0179,1.01825,0.80,0.10
2008.04.16 20:30:23.479,1.0179,1.01825,0.80,0.10
2008.04.16 20:30:23.700,1.0179,1.01825,0.80,0.10
2008.04.16 20:30:23.855,1.0179,1.01825,0.80,0.10
2008.04.16 20:30:24.043,1.0179,1.01825,0.80,0.10
2008.04.16 20:30:24.233,1.0179,1.01825,0.80,0.10
2008.04.16 20:30:24.421,1.0179,1.01825,0.80,0.10
2008.04.16 20:30:24.610,1.0179,1.01825,0.80,0.10
2008.04.16 20:30:24.858,1.0179,1.01825,0.80,0.10
2008.04.16 20:30:25.106,1.0179,1.01825,0.80,0.10
2008.04.16 20:30:25.387,1.0179,1.01825,0.80,0.10
2008.04.16 20:30:25.604,1.0179,1.01825,0.80,0.10
2008.04.16 20:30:25.813,1.0179,1.01825,0.80,0.10
2008.04.16 20:30:26.023,1.0179,1.01825,0.80,0.10
2008.04.16 20:30:26.233,1.0179,1.01825,0.80,0.10
2008.04.16 20:30:26.474,1.0179,1.01825,0.80,0.10
2008.04.16 20:30:26.652,1.0179,1.01825,0.80,0.10
2008.04.16 20:30:26.888,1.0179,1.01825,0.80,0.10
2008.04.16 20:30:27.121,1.0179,1.01825,0.80,0.10
2008.04.16 20:30:27.354,1.0179,1.01825,0.80,0.10
2008.04.16 20:30:27.596,1.0179,1.01825,0.80,0.10
2008.04.16 20:30:27.805,1.0179,1.01825,0.80,0.10
2008.04.16 20:30:28.013,1.0179,1.01825,0.80,0.10
2008.04.16 20:30:28.222,1.0179,1.01825,0.80,0.10
2008.04.16 20:30:28.432,1.0179,1.01825,0.80,0.10
2008.04.16 20:30:28.641,1.0179,1.01825,0.80,0.10
2008.04.16 20:30:28.859,1.0179,1.01825,0.80,0.10
2008.04.16 20:30:29.076,1.0179,1.01825,0.80,0.10
2008.04.16 20:30:29.295,1.0179,1.01825,0.80,0.10
2008.04.16 20:30:29.515,1.0179,1.01825,0.80,0.10
2008.04.16 20:30:29.733,1.0179,1.01825,0.80,0.10
2008.04.16 20:30:29.982,1.01795,1.0184,0.30,0.50
2008.04.16 20:30:30.231,1.01795,1.01845,0.30,0.10
2008.04.16 20:30:30.481,1.01795,1.01845,0.30,0.10
2008.04.16 20:30:30.730,1.01795,1.01845,0.30,0.10
2008.04.16 20:30:30.945,1.01795,1.01845,0.30,0.10
2008.04.16 20:30:31.158,1.01795,1.01845,0.30,0.10
2008.04.16 20:30:31.373,1.01795,1.01835,0.30,0.10
2008.04.16 20:30:31.586,1.01795,1.01835,0.30,0.10
2008.04.16 20:30:31.804,1.01795,1.01835,0.30,0.10
2008.04.16 20:30:32.023,1.01795,1.01835,0.30,0.10
2008.04.16 20:30:32.242,1.01795,1.01835,0.30,0.10
2008.04.16 20:30:32.491,1.01795,1.01835,0.30,0.10
2008.04.16 20:30:32.678,1.01795,1.01835,0.30,0.10
2008.04.16 20:30:32.898,1.01795,1.01835,0.30,0.10
2008.04.16 20:30:33.118,1.01795,1.01835,0.30,0.10
2008.04.16 20:30:33.337,1.01795,1.01835,0.30,0.10
2008.04.16 20:30:33.555,1.01795,1.01835,0.30,0.10
2008.04.16 20:30:33.775,1.01795,1.01835,0.30,0.10
2008.04.16 20:30:34.012,1.01795,1.01835,0.30,0.10
2008.04.16 20:30:34.217,1.01795,1.01835,0.30,0.10
2008.04.16 20:30:34.420,1.01795,1.01835,0.30,0.10
2008.04.16 20:30:34.623,1.01795,1.01835,0.30,0.10
2008.04.16 20:30:34.827,1.01795,1.01835,0.30,0.10
2008.04.16 20:30:35.046,1.01795,1.01835,0.30,0.10
2008.04.16 20:30:35.265,1.01795,1.01835,0.30,0.10
2008.04.16 20:30:35.485,1.01795,1.01825,0.30,0.10
2008.04.16 20:30:35.734,1.01795,1.01825,0.30,0.10
2008.04.16 20:30:35.921,1.01795,1.01825,0.30,0.10
2008.04.16 20:30:36.140,1.01795,1.01825,0.30,0.10
2008.04.16 20:30:36.359,1.01795,1.01825,0.30,0.10
2008.04.16 20:30:36.577,1.01795,1.01825,0.30,0.10
2008.04.16 20:30:36.800,1.01795,1.01825,0.30,0.10
2008.04.16 20:30:37.009,1.01795,1.01825,0.30,0.10
2008.04.16 20:30:37.216,1.01795,1.01825,0.30,0.10
2008.04.16 20:30:37.425,1.01795,1.01825,0.30,0.10
2008.04.16 20:30:37.632,1.01795,1.01825,0.30,0.10
2008.04.16 20:30:37.873,1.01795,1.01825,0.30,0.10
2008.04.16 20:30:38.087,1.01795,1.01825,0.30,0.10
2008.04.16 20:30:38.301,1.01795,1.01825,0.30,0.10
2008.04.16 20:30:38.515,1.01795,1.01825,0.30,0.10
2008.04.16 20:30:38.729,1.01795,1.01825,0.30,0.10
2008.04.16 20:30:38.942,1.01795,1.01825,0.30,0.10
2008.04.16 20:30:39.213,1.01795,1.01825,0.30,0.10
2008.04.16 20:30:39.417,1.01795,1.01825,0.30,0.10
2008.04.16 20:30:39.656,1.01795,1.01825,0.30,0.10
2008.04.16 20:30:39.895,1.01795,1.01825,0.30,0.10
2008.04.16 20:30:40.093,1.01795,1.01825,0.30,0.10
2008.04.16 20:30:40.309,1.01795,1.01825,0.30,0.10
2008.04.16 20:30:40.508,1.01795,1.01825,0.30,0.10
2008.04.16 20:30:40.708,1.01795,1.01825,0.30,0.10
2008.04.16 20:30:40.906,1.01795,1.01825,0.30,0.10
2008.04.16 20:30:41.130,1.01795,1.01825,0.30,0.10
2008.04.16 20:30:41.354,1.01795,1.01825,0.30,0.10
2008.04.16 20:30:41.577,1.01795,1.01825,0.30,0.10
2008.04.16 20:30:41.801,1.01795,1.01825,0.30,0.10
2008.04.16 20:30:42.005,1.01795,1.01825,0.30,0.10
2008.04.16 20:30:42.209,1.01795,1.01825,0.30,0.10
2008.04.16 20:30:42.444,1.01795,1.01825,0.30,0.10
2008.04.16 20:30:42.617,1.01795,1.01825,0.30,0.10
2008.04.16 20:30:42.822,1.01795,1.01825,0.30,0.10
2008.04.16 20:30:43.051,1.01795,1.01825,0.30,0.10
2008.04.16 20:30:43.284,1.01795,1.01825,0.30,0.10
2008.04.16 20:30:43.516,1.01795,1.01825,0.30,0.10
2008.04.16 20:30:43.746,1.01795,1.01825,0.30,0.10
2008.04.16 20:30:43.975,1.01795,1.01825,0.30,0.10
2008.04.16 20:30:44.249,1.01795,1.01825,0.30,0.10
2008.04.16 20:30:44.523,1.01795,1.01825,0.30,0.10
2008.04.16 20:30:44.798,1.01795,1.01825,0.30,0.10
2008.04.16 20:30:44.998,1.01795,1.01825,0.30,0.10
2008.04.16 20:30:45.167,1.01795,1.01825,0.30,0.10
2008.04.16 20:30:45.335,1.01795,1.01825,0.30,0.10
2008.04.16 20:30:45.504,1.01795,1.01825,0.30,0.10
2008.04.16 20:30:45.689,1.01795,1.01825,0.30,0.10
2008.04.16 20:30:45.858,1.01795,1.01825,0.30,0.10
2008.04.16 20:30:46.192,1.01795,1.01825,0.30,0.10
2008.04.16 20:30:46.556,1.01795,1.01825,0.30,0.10
2008.04.16 20:30:46.890,1.01795,1.01825,0.30,0.10
2008.04.16 20:30:47.029,1.01795,1.01825,0.30,0.10
2008.04.16 20:30:47.168,1.01795,1.01825,0.30,0.10
2008.04.16 20:30:47.307,1.01795,1.01825,0.30,0.10
2008.04.16 20:30:47.447,1.01795,1.01825,0.30,0.10
2008.04.16 20:30:47.586,1.01795,1.01825,0.30,0.10
2008.04.16 20:30:47.725,1.01795,1.01825,0.30,0.10
2008.04.16 20:30:47.864,1.01795,1.01825,0.30,0.10
2008.04.16 20:30:48.192,1.01795,1.01825,0.30,0.10
2008.04.16 20:30:48.521,1.01795,1.01825,0.30,0.10
2008.04.16 20:30:48.850,1.01795,1.01825,0.30,0.10
2008.04.16 20:30:49.179,1.01795,1.01825,0.30,0.10
2008.04.16 20:30:49.360,1.0179,1.01825,0.80,0.10
2008.04.16 20:30:49.569,1.0179,1.01825,0.80,0.10
2008.04.16 20:30:49.717,1.0179,1.01825,0.80,0.10
2008.04.16 20:30:49.903,1.0179,1.01825,0.80,0.10
2008.04.16 20:30:50.140,1.0179,1.01825,0.80,0.10
2008.04.16 20:30:50.379,1.0179,1.01825,0.80,0.10
2008.04.16 20:30:50.618,1.0179,1.01825,0.80,0.10
2008.04.16 20:30:50.857,1.0179,1.01825,0.80,0.10
2008.04.16 20:30:51.095,1.0179,1.01825,0.80,0.10
2008.04.16 20:30:51.310,1.0179,1.01825,0.80,0.10
2008.04.16 20:30:51.523,1.0179,1.01825,0.80,0.10
2008.04.16 20:30:51.735,1.0179,1.01825,0.80,0.10
2008.04.16 20:30:51.948,1.0179,1.01825,0.80,0.10
2008.04.16 20:30:52.177,1.0179,1.01825,0.80,0.10
2008.04.16 20:30:52.405,1.0179,1.01825,0.80,0.10
2008.04.16 20:30:52.632,1.0179,1.01825,0.80,0.10
2008.04.16 20:30:52.861,1.0179,1.01825,0.80,0.10
2008.04.16 20:30:53.090,1.01795,1.01825,0.30,0.10
2008.04.16 20:30:53.329,1.01805,1.01845,0.30,1.20
2008.04.16 20:30:53.573,1.01805,1.01845,0.30,1.20
2008.04.16 20:30:53.812,1.01805,1.01845,1.00,0.10
2008.04.16 20:30:54.051,1.01805,1.01845,1.00,0.10
2008.04.16 20:30:54.284,1.01805,1.01845,0.30,0.10
2008.04.16 20:30:54.519,1.01805,1.01845,0.30,0.10
2008.04.16 20:30:54.753,1.01805,1.01845,0.30,0.10
2008.04.16 20:30:54.987,1.01805,1.01845,0.30,0.10
2008.04.16 20:30:55.252,1.01805,1.01845,0.30,0.10
2008.04.16 20:30:55.459,1.01805,1.01845,0.30,0.10
2008.04.16 20:30:55.696,1.01805,1.01845,0.30,0.10
2008.04.16 20:30:55.935,1.01805,1.01845,0.30,0.10
2008.04.16 20:30:56.172,1.01805,1.01845,0.30,0.10
2008.04.16 20:30:56.400,1.01805,1.01845,0.30,0.10
2008.04.16 20:30:56.629,1.01805,1.01845,0.30,0.10
2008.04.16 20:30:56.857,1.01805,1.01845,0.30,0.10
2008.04.16 20:30:57.086,1.01805,1.01845,0.30,0.10
2008.04.16 20:30:57.314,1.01805,1.01845,0.30,0.10
2008.04.16 20:30:57.513,1.01805,1.01845,0.30,0.10
2008.04.16 20:30:57.712,1.01805,1.01845,0.30,0.10
2008.04.16 20:30:57.910,1.01805,1.01845,0.30,0.10
2008.04.16 20:30:58.108,1.01805,1.01845,0.30,0.10
2008.04.16 20:30:58.332,1.01805,1.01845,0.30,0.10
2008.04.16 20:30:58.554,1.01805,1.01845,0.30,0.10
2008.04.16 20:30:58.805,1.01805,1.01845,0.30,0.10
2008.04.16 20:30:59.028,1.01805,1.01845,0.30,0.10
2008.04.16 20:30:59.252,1.01805,1.01845,0.30,0.10
2008.04.16 20:30:59.466,1.01805,1.01845,0.30,0.10
2008.04.16 20:30:59.680,1.01805,1.01845,0.30,0.10
2008.04.16 20:30:59.894,1.01805,1.01845,0.30,0.10
2008.04.16 20:31:00.108,1.01805,1.01845,0.30,0.10
2008.04.16 20:31:00.324,1.01805,1.01845,0.30,0.10
2008.04.16 20:31:00.523,1.01805,1.01845,0.30,0.10
2008.04.16 20:31:00.722,1.01805,1.01845,0.30,0.10
2008.04.16 20:31:00.927,1.01805,1.01845,0.30,0.10
2008.04.16 20:31:01.126,1.01805,1.01845,0.30,0.10
2008.04.16 20:31:01.388,1.01805,1.01845,0.30,0.10
2008.04.16 20:31:01.584,1.01805,1.01845,0.30,0.10
2008.04.16 20:31:01.813,1.01805,1.01845,0.30,0.10
2008.04.16 20:31:02.072,1.01805,1.01845,0.30,0.10
2008.04.16 20:31:02.269,1.01805,1.01845,0.30,0.10
2008.04.16 20:31:02.489,1.01805,1.01845,0.30,0.10
2008.04.16 20:31:02.708,1.01805,1.01845,0.30,0.10
2008.04.16 20:31:02.932,1.01805,1.01845,0.30,0.10
2008.04.16 20:31:03.150,1.01805,1.01845,0.30,0.10
2008.04.16 20:31:03.447,1.01805,1.01845,0.30,0.10
2008.04.16 20:31:03.747,1.01805,1.01845,0.30,0.10
2008.04.16 20:31:04.046,1.01805,1.01845,0.30,0.10
2008.04.16 20:31:04.345,1.01805,1.01845,0.30,0.40
2008.04.16 20:31:04.562,1.01795,1.01825,0.80,0.10
2008.04.16 20:31:04.766,1.0179,1.01825,0.80,0.10
2008.04.16 20:31:04.969,1.0179,1.01825,0.80,0.10
2008.04.16 20:31:05.174,1.0179,1.01825,0.80,0.10
2008.04.16 20:31:05.427,1.0179,1.01825,0.80,0.10
2008.04.16 20:31:05.681,1.0179,1.01825,0.80,0.10
2008.04.16 20:31:05.934,1.0179,1.01825,0.80,0.10
2008.04.16 20:31:06.188,1.0179,1.01825,0.80,0.10
2008.04.16 20:31:06.393,1.01795,1.01845,0.30,1.20
2008.04.16 20:31:06.598,1.01795,1.01845,0.30,0.80
2008.04.16 20:31:06.802,1.01795,1.01845,0.30,0.80
2008.04.16 20:31:07.006,1.01795,1.01845,0.30,0.80
2008.04.16 20:31:07.209,1.01795,1.01845,0.30,0.80
2008.04.16 20:31:07.448,1.01795,1.01845,0.30,0.80
2008.04.16 20:31:07.688,1.01795,1.01845,0.30,0.80
2008.04.16 20:31:07.927,1.01795,1.01845,0.30,0.80
2008.04.16 20:31:08.166,1.01795,1.01845,0.30,0.80
2008.04.16 20:31:08.406,1.01795,1.01845,0.30,0.80
2008.04.16 20:31:08.683,1.01795,1.01845,0.30,0.80
2008.04.16 20:31:08.961,1.01795,1.01845,0.30,0.80
2008.04.16 20:31:09.240,1.01795,1.01845,0.30,0.80
2008.04.16 20:31:09.518,1.01795,1.01845,0.30,0.80
2008.04.16 20:31:09.711,1.01795,1.01845,0.30,0.80
2008.04.16 20:31:09.904,1.01795,1.01845,0.30,0.80
2008.04.16 20:31:10.097,1.01795,1.01845,0.30,0.80
2008.04.16 20:31:10.291,1.01795,1.01845,1.00,0.80
2008.04.16 20:31:10.517,1.01795,1.01845,1.00,0.80
2008.04.16 20:31:10.741,1.01795,1.01845,1.00,0.80
2008.04.16 20:31:10.964,1.01795,1.01845,1.00,0.80
2008.04.16 20:31:11.188,1.01795,1.01845,1.00,0.80
2008.04.16 20:31:11.412,1.01795,1.01845,1.00,0.80
2008.04.16 20:31:11.641,1.01795,1.01845,1.00,0.80
2008.04.16 20:31:11.870,1.01795,1.01845,1.00,0.80
2008.04.16 20:31:12.099,1.01795,1.0184,1.00,0.80
2008.04.16 20:31:12.327,1.01795,1.0184,1.00,0.80
2008.04.16 20:31:12.566,1.01795,1.0183,1.00,0.80
2008.04.16 20:31:12.785,1.01795,1.0183,1.00,0.80
2008.04.16 20:31:13.004,1.01795,1.0183,1.00,0.80
2008.04.16 20:31:13.255,1.01795,1.0183,1.00,0.80
2008.04.16 20:31:13.441,1.01795,1.0183,1.00,0.80
2008.04.16 20:31:13.664,1.01795,1.0183,1.00,0.80
2008.04.16 20:31:13.887,1.01795,1.0183,1.00,0.80
2008.04.16 20:31:14.111,1.01795,1.0183,1.00,0.80
2008.04.16 20:31:14.334,1.01795,1.0183,1.00,0.80
2008.04.16 20:31:14.558,1.01795,1.0183,0.30,0.80
2008.04.16 20:31:14.792,1.01795,1.0183,0.30,0.80
2008.04.16 20:31:15.020,1.01795,1.0183,0.30,0.80
2008.04.16 20:31:15.248,1.01795,1.0183,0.30,0.80
2008.04.16 20:31:15.477,1.01795,1.0183,0.30,0.80
2008.04.16 20:31:15.728,1.01795,1.0183,0.30,0.80
2008.04.16 20:31:15.975,1.01795,1.0183,0.30,0.80
2008.04.16 20:31:16.224,1.01795,1.0183,0.30,0.80
2008.04.16 20:31:16.473,1.01795,1.0183,0.30,0.80
2008.04.16 20:31:16.661,1.01795,1.0183,0.30,0.80
2008.04.16 20:31:16.849,1.01795,1.0183,0.30,0.80
2008.04.16 20:31:17.037,1.01795,1.0183,0.30,0.80
2008.04.16 20:31:17.225,1.01795,1.0183,0.30,0.80
2008.04.16 20:31:17.413,1.01795,1.0183,0.30,0.80
2008.04.16 20:31:17.601,1.01795,1.0183,0.30,0.80
2008.04.16 20:31:17.868,1.01795,1.0183,0.30,0.80
2008.04.16 20:31:18.121,1.01795,1.0183,0.30,0.80
2008.04.16 20:31:18.375,1.01795,1.0183,0.30,0.80
2008.04.16 20:31:18.630,1.01795,1.0183,0.30,0.80
2008.04.16 20:31:18.824,1.01795,1.0183,0.30,0.80
2008.04.16 20:31:19.019,1.01795,1.0183,0.30,0.80
2008.04.16 20:31:19.212,1.01795,1.0183,0.30,0.80
2008.04.16 20:31:19.406,1.01795,1.0183,0.30,0.80
2008.04.16 20:31:19.599,1.01795,1.0183,0.30,0.80
2008.04.16 20:31:19.838,1.01795,1.0183,0.30,0.80
2008.04.16 20:31:20.076,1.01795,1.0183,0.30,0.80
2008.04.16 20:31:20.314,1.01795,1.0183,0.30,0.80
2008.04.16 20:31:20.553,1.01795,1.0183,0.30,0.80
2008.04.16 20:31:20.816,1.01795,1.0183,0.30,0.80
2008.04.16 20:31:21.020,1.01795,1.0183,0.30,0.80
2008.04.16 20:31:21.224,1.01795,1.0183,0.30,0.80
2008.04.16 20:31:21.426,1.01795,1.0183,0.30,0.80
2008.04.16 20:31:21.630,1.01795,1.0183,0.30,0.80
2008.04.16 20:31:21.863,1.01795,1.0183,0.30,0.80
2008.04.16 20:31:22.097,1.01795,1.0183,0.30,0.80
2008.04.16 20:31:22.332,1.01795,1.0183,0.30,0.80
2008.04.16 20:31:22.567,1.01795,1.01825,0.30,0.10
2008.04.16 20:31:22.800,1.01795,1.01825,0.30,0.10
2008.04.16 20:31:23.014,1.01795,1.01825,0.30,0.10
2008.04.16 20:31:23.227,1.01795,1.01825,0.30,0.10
2008.04.16 20:31:23.472,1.0179,1.01825,0.80,0.10
2008.04.16 20:31:23.684,1.0179,1.01825,0.80,0.10
2008.04.16 20:31:23.913,1.0179,1.01825,0.80,0.10
2008.04.16 20:31:24.141,1.0179,1.01825,0.80,0.10
2008.04.16 20:31:24.370,1.0179,1.01825,0.80,0.10
2008.04.16 20:31:24.599,1.0179,1.01825,0.80,0.10
2008.04.16 20:31:24.827,1.0179,1.01825,0.80,0.10
2008.04.16 20:31:25.126,1.0179,1.01825,0.80,0.10
2008.04.16 20:31:25.379,1.0179,1.01825,0.80,0.10
2008.04.16 20:31:25.633,1.0179,1.01825,0.80,0.10
2008.04.16 20:31:25.886,1.0179,1.01825,0.80,0.10
2008.04.16 20:31:26.090,1.0179,1.01825,0.80,0.10
2008.04.16 20:31:26.284,1.0179,1.01825,0.80,0.10
2008.04.16 20:31:26.478,1.0179,1.01825,0.80,0.10
2008.04.16 20:31:26.672,1.0179,1.01825,0.80,0.10
2008.04.16 20:31:26.911,1.0179,1.01825,0.80,0.10
2008.04.16 20:31:27.149,1.0179,1.01825,0.80,0.10
2008.04.16 20:31:27.388,1.0179,1.01825,0.80,0.10
2008.04.16 20:31:27.629,1.0179,1.01825,0.80,0.10
2008.04.16 20:31:27.867,1.0179,1.01825,0.80,0.10
2008.04.16 20:31:28.074,1.0179,1.01825,0.80,0.10
2008.04.16 20:31:28.283,1.0179,1.01825,0.80,0.10
2008.04.16 20:31:28.491,1.0179,1.01825,0.80,0.10
2008.04.16 20:31:28.700,1.0179,1.01825,0.80,0.10
2008.04.16 20:31:28.963,1.0179,1.01825,0.80,0.10
2008.04.16 20:31:29.191,1.0179,1.01825,0.80,0.10
2008.04.16 20:31:29.420,1.0179,1.01825,0.80,0.10
2008.04.16 20:31:29.648,1.0179,1.01825,0.80,0.10
2008.04.16 20:31:29.879,1.0179,1.01825,0.80,0.10
2008.04.16 20:31:30.118,1.0179,1.01825,0.80,0.10
2008.04.16 20:31:30.357,1.0179,1.01825,0.80,0.10
2008.04.16 20:31:30.595,1.0179,1.01825,0.80,0.10
2008.04.16 20:31:30.834,1.0179,1.01825,0.80,0.10
2008.04.16 20:31:31.053,1.0179,1.01825,0.80,0.10
2008.04.16 20:31:31.272,1.0179,1.01825,0.80,0.10
2008.04.16 20:31:31.492,1.0179,1.01825,0.80,0.10
2008.04.16 20:31:31.739,1.0179,1.01825,0.80,0.10
2008.04.16 20:31:31.957,1.0179,1.01825,0.80,0.10
2008.04.16 20:31:32.210,1.0179,1.01825,0.80,0.10
2008.04.16 20:31:32.464,1.0179,1.01825,0.80,0.10
2008.04.16 20:31:32.717,1.0179,1.01825,0.80,0.10
2008.04.16 20:31:32.970,1.0179,1.01825,0.80,0.10
2008.04.16 20:31:33.174,1.0179,1.01825,0.80,0.10
2008.04.16 20:31:33.376,1.0179,1.01825,0.80,0.10
2008.04.16 20:31:33.580,1.0179,1.01825,0.80,0.10
2008.04.16 20:31:33.783,1.0179,1.01825,0.80,0.10
2008.04.16 20:31:34.018,1.0179,1.01825,0.80,0.10
2008.04.16 20:31:34.215,1.0179,1.01825,0.80,0.10
2008.04.16 20:31:34.443,1.0179,1.01825,0.80,0.10
2008.04.16 20:31:34.702,1.0179,1.01825,0.80,0.10
2008.04.16 20:31:34.899,1.0179,1.01825,0.80,0.10
2008.04.16 20:31:35.113,1.0179,1.01825,0.80,0.10
2008.04.16 20:31:35.327,1.0179,1.01825,0.80,0.10
2008.04.16 20:31:35.541,1.0179,1.01825,0.80,0.10
2008.04.16 20:31:35.770,1.0179,1.01825,0.80,0.10
2008.04.16 20:31:35.986,1.0179,1.01825,0.80,0.10
2008.04.16 20:31:36.213,1.0179,1.01825,0.80,0.10
2008.04.16 20:31:36.469,1.0179,1.01825,0.80,0.10
2008.04.16 20:31:36.697,1.0179,1.01825,0.80,0.10
2008.04.16 20:31:36.927,1.0179,1.01825,0.80,0.10
2008.04.16 20:31:37.162,1.0179,1.01825,0.80,0.10
2008.04.16 20:31:37.366,1.0179,1.01825,0.80,0.10
2008.04.16 20:31:37.568,1.0179,1.01825,0.80,0.10
2008.04.16 20:31:37.772,1.0179,1.01825,0.80,0.10
2008.04.16 20:31:37.976,1.0179,1.01825,0.80,0.10
2008.04.16 20:31:38.235,1.0179,1.01825,0.80,0.10
2008.04.16 20:31:38.494,1.0179,1.01825,0.80,0.10
2008.04.16 20:31:38.769,1.0179,1.01825,0.80,0.10
2008.04.16 20:31:39.029,1.0179,1.01825,0.80,0.10
2008.04.16 20:31:39.227,1.0179,1.01825,0.80,0.10
2008.04.16 20:31:39.426,1.0179,1.01825,0.80,0.10
2008.04.16 20:31:39.624,1.0179,1.01825,0.80,0.10
2008.04.16 20:31:39.823,1.0179,1.01825,0.80,0.10
2008.04.16 20:31:40.026,1.0179,1.01825,0.80,0.10
2008.04.16 20:31:40.264,1.0179,1.01825,0.80,0.10
2008.04.16 20:31:40.504,1.0179,1.01825,0.80,0.10
2008.04.16 20:31:40.772,1.0179,1.01825,0.80,0.10
2008.04.16 20:31:40.981,1.0179,1.01825,0.80,0.10
2008.04.16 20:31:41.219,1.0179,1.01825,0.80,0.10
2008.04.16 20:31:41.427,1.0179,1.01825,0.80,0.10
2008.04.16 20:31:41.636,1.0179,1.01825,0.80,0.10
2008.04.16 20:31:41.846,1.0179,1.01825,0.80,0.10
2008.04.16 20:31:42.053,1.0179,1.01825,0.80,0.10
2008.04.16 20:31:42.262,1.0179,1.01825,0.80,0.10
2008.04.16 20:31:42.491,1.0179,1.01825,0.80,0.10
2008.04.16 20:31:42.719,1.0179,1.01825,0.80,0.10
2008.04.16 20:31:42.948,1.0179,1.01825,0.80,0.10
2008.04.16 20:31:43.176,1.0179,1.01825,0.80,0.10
2008.04.16 20:31:43.403,1.0179,1.01825,0.80,0.10
2008.04.16 20:31:43.648,1.0179,1.01825,0.80,0.10
2008.04.16 20:31:43.879,1.0179,1.01825,0.80,0.10
2008.04.16 20:31:44.107,1.0179,1.01825,0.80,0.10
2008.04.16 20:31:44.371,1.0179,1.01825,0.80,0.10
2008.04.16 20:31:44.635,1.0179,1.01825,0.80,0.10
2008.04.16 20:31:44.898,1.0179,1.01825,0.80,0.10
2008.04.16 20:31:45.197,1.01795,1.0184,0.30,1.10
2008.04.16 20:31:45.448,1.01795,1.0184,0.30,1.10
2008.04.16 20:31:45.666,1.01795,1.0184,0.30,1.10
2008.04.16 20:31:45.884,1.01795,1.0184,0.30,1.10
2008.04.16 20:31:46.103,1.01795,1.0184,0.30,1.10
2008.04.16 20:31:46.322,1.01795,1.0184,0.30,1.10
2008.04.16 20:31:46.565,1.01795,1.0184,0.30,1.10
2008.04.16 20:31:46.809,1.01795,1.0184,0.30,1.10
2008.04.16 20:31:47.053,1.01795,1.0184,0.30,1.10
2008.04.16 20:31:47.297,1.01795,1.0184,0.30,1.10
2008.04.16 20:31:47.505,1.01795,1.0184,0.30,1.10
2008.04.16 20:31:47.713,1.01795,1.0184,0.30,1.10
2008.04.16 20:31:47.922,1.01795,1.0184,0.30,1.10
2008.04.16 20:31:48.129,1.01795,1.0184,0.30,1.10
2008.04.16 20:31:48.338,1.01795,1.0184,0.30,1.10
2008.04.16 20:31:48.577,1.01795,1.0184,0.30,1.10
2008.04.16 20:31:48.846,1.01795,1.0184,0.30,1.10
2008.04.16 20:31:49.055,1.01795,1.0184,0.30,1.10
2008.04.16 20:31:49.293,1.01795,1.0184,0.30,1.10
2008.04.16 20:31:49.492,1.01795,1.0184,0.30,1.10
2008.04.16 20:31:49.691,1.01795,1.0184,0.30,1.10
2008.04.16 20:31:49.889,1.01795,1.0184,0.30,1.10
2008.04.16 20:31:50.087,1.01795,1.0184,0.30,1.10
2008.04.16 20:31:50.286,1.01795,1.0184,0.30,1.10
2008.04.16 20:31:50.535,1.01795,1.0184,0.30,1.10
2008.04.16 20:31:50.784,1.01795,1.0184,0.30,1.10
2008.04.16 20:31:51.034,1.01795,1.0184,0.30,1.10
2008.04.16 20:31:51.288,1.01795,1.0184,0.30,1.10
2008.04.16 20:31:51.474,1.01795,1.0184,0.30,1.10
2008.04.16 20:31:51.658,1.01795,1.0184,0.30,1.10
2008.04.16 20:31:51.843,1.01795,1.0184,0.30,1.10
2008.04.16 20:31:52.026,1.01795,1.0184,0.30,1.10
2008.04.16 20:31:52.210,1.01795,1.0184,0.30,1.10
2008.04.16 20:31:52.395,1.01795,1.0184,0.30,1.10
2008.04.16 20:31:52.672,1.01795,1.0184,0.30,1.10
2008.04.16 20:31:52.925,1.01795,1.0184,0.30,1.10
2008.04.16 20:31:53.180,1.01795,1.0184,0.30,1.10
2008.04.16 20:31:53.432,1.01795,1.0184,0.30,1.10
2008.04.16 20:31:53.616,1.01795,1.0184,0.30,1.10
2008.04.16 20:31:53.800,1.01795,1.0184,0.30,1.10
2008.04.16 20:31:53.985,1.01795,1.0184,0.30,1.10
2008.04.16 20:31:54.167,1.01795,1.0184,0.30,1.10
2008.04.16 20:31:54.351,1.01795,1.0184,0.30,1.10
2008.04.16 20:31:54.585,1.01795,1.0184,0.30,1.10
2008.04.16 20:31:54.829,1.01795,1.0184,0.30,1.10
2008.04.16 20:31:55.063,1.01795,1.0184,0.30,1.10
2008.04.16 20:31:55.296,1.01795,1.0184,0.30,1.10
2008.04.16 20:31:55.494,1.01795,1.0184,0.30,1.10
2008.04.16 20:31:55.693,1.01795,1.0184,0.30,1.10
2008.04.16 20:31:55.894,1.01795,1.0184,0.30,1.10
2008.04.16 20:31:56.105,1.01795,1.0184,0.30,1.10
2008.04.16 20:31:56.304,1.01795,1.0184,0.30,1.10
2008.04.16 20:31:56.538,1.01795,1.0184,0.30,1.10
2008.04.16 20:31:56.772,1.01795,1.0184,0.30,1.10
2008.04.16 20:31:57.006,1.01795,1.0184,0.30,1.10
2008.04.16 20:31:57.240,1.01795,1.0184,0.30,1.10
2008.04.16 20:31:57.474,1.01795,1.0184,0.30,1.10
2008.04.16 20:31:57.683,1.01795,1.0184,0.30,1.10
2008.04.16 20:31:57.892,1.01795,1.0184,0.30,1.10
2008.04.16 20:31:58.099,1.01795,1.0184,0.30,1.10
2008.04.16 20:31:58.308,1.01795,1.0184,0.30,1.10
2008.04.16 20:31:58.516,1.01795,1.0184,0.30,1.10
2008.04.16 20:31:58.805,1.01795,1.0184,0.30,1.10
2008.04.16 20:31:59.064,1.01795,1.0184,0.30,1.10
2008.04.16 20:31:59.322,1.01795,1.0184,0.30,1.10
2008.04.16 20:31:59.594,1.01795,1.0184,0.30,2.70
2008.04.16 20:31:59.811,1.01795,1.01835,0.30,0.10
2008.04.16 20:32:00.044,1.01795,1.01835,0.30,0.10
2008.04.16 20:32:00.241,1.01795,1.01835,0.30,0.10
2008.04.16 20:32:00.440,1.01795,1.01835,0.30,0.10
2008.04.16 20:32:00.732,1.01795,1.01835,0.30,0.10
2008.04.16 20:32:01.025,1.01795,1.01835,0.30,0.10
2008.04.16 20:32:01.319,1.01795,1.01835,0.30,0.10
2008.04.16 20:32:01.613,1.01795,1.01835,0.30,0.10
2008.04.16 20:32:01.806,1.01795,1.01835,0.30,0.10
2008.04.16 20:32:02.000,1.01795,1.01835,0.30,0.10
2008.04.16 20:32:02.200,1.01795,1.01835,0.30,0.10
2008.04.16 20:32:02.388,1.01795,1.01835,0.30,0.10
2008.04.16 20:32:02.581,1.01795,1.01835,0.30,0.10
2008.04.16 20:32:02.825,1.01795,1.01835,0.30,0.10
2008.04.16 20:32:03.069,1.01795,1.01835,0.30,0.10
2008.04.16 20:32:03.312,1.01795,1.01835,0.30,0.10
2008.04.16 20:32:03.557,1.01795,1.01835,0.30,0.10
2008.04.16 20:32:03.766,1.01795,1.01835,0.30,0.10
2008.04.16 20:32:03.975,1.01795,1.01835,0.30,0.10
2008.04.16 20:32:04.184,1.01795,1.01835,0.30,0.10
2008.04.16 20:32:04.410,1.01795,1.01835,0.30,0.10
2008.04.16 20:32:04.620,1.01795,1.01835,0.30,0.10
2008.04.16 20:32:04.835,1.01795,1.01835,0.30,0.10
2008.04.16 20:32:05.046,1.01795,1.01835,0.30,0.10
2008.04.16 20:32:05.259,1.01795,1.01835,0.30,0.10
2008.04.16 20:32:05.473,1.01795,1.01835,0.30,0.10
2008.04.16 20:32:05.687,1.01795,1.01835,0.30,0.10
2008.04.16 20:32:05.916,1.01795,1.01835,0.30,0.10
2008.04.16 20:32:06.144,1.01795,1.01835,0.30,0.10
2008.04.16 20:32:06.373,1.01795,1.01835,0.30,0.10
2008.04.16 20:32:06.601,1.01795,1.01835,0.30,0.10
2008.04.16 20:32:06.790,1.01795,1.01835,0.30,0.10
2008.04.16 20:32:06.988,1.01795,1.01835,0.30,0.10
2008.04.16 20:32:07.176,1.01795,1.01835,0.30,0.10
2008.04.16 20:32:07.365,1.01795,1.01835,0.30,0.10
2008.04.16 20:32:07.554,1.01795,1.01835,0.30,0.10
2008.04.16 20:32:07.787,1.01795,1.01835,0.30,0.10
2008.04.16 20:32:08.052,1.01795,1.01835,0.30,0.10
2008.04.16 20:32:08.284,1.01795,1.01835,0.30,0.10
2008.04.16 20:32:08.517,1.01795,1.01835,0.30,0.10
2008.04.16 20:32:08.767,1.01795,1.01835,0.30,0.10
2008.04.16 20:32:08.985,1.01795,1.01835,0.30,0.10
2008.04.16 20:32:09.204,1.01795,1.01835,0.30,0.10
2008.04.16 20:32:09.422,1.01795,1.01835,0.30,0.10
2008.04.16 20:32:09.641,1.01795,1.01835,0.30,0.10
2008.04.16 20:32:09.849,1.01795,1.01835,0.30,0.10
2008.04.16 20:32:10.059,1.01795,1.01835,0.30,0.10
2008.04.16 20:32:10.267,1.01795,1.01835,0.30,0.10
2008.04.16 20:32:10.476,1.01795,1.01835,0.30,0.10
2008.04.16 20:32:10.684,1.01795,1.01835,0.30,0.10
2008.04.16 20:32:10.897,1.01795,1.01835,0.30,0.10
2008.04.16 20:32:11.111,1.01795,1.01835,0.30,0.10
2008.04.16 20:32:11.335,1.01795,1.01835,0.30,0.10
2008.04.16 20:32:11.549,1.01795,1.01835,0.30,0.10
2008.04.16 20:32:11.763,1.01795,1.01835,0.30,0.10
2008.04.16 20:32:11.978,1.01795,1.01835,0.30,0.10
2008.04.16 20:32:12.192,1.01795,1.01835,0.30,0.10
2008.04.16 20:32:12.437,1.01795,1.01835,0.30,0.10
2008.04.16 20:32:12.650,1.01795,1.01835,0.30,0.10
2008.04.16 20:32:12.862,1.01795,1.01835,0.30,0.10
2008.04.16 20:32:13.067,1.01795,1.01835,0.30,0.10
2008.04.16 20:32:13.270,1.01795,1.01835,0.30,0.10
2008.04.16 20:32:13.473,1.01795,1.01835,0.30,0.10
2008.04.16 20:32:13.678,1.01795,1.01835,0.30,0.10
2008.04.16 20:32:13.911,1.01795,1.01835,0.30,0.10
2008.04.16 20:32:14.132,1.01795,1.01835,0.30,0.10
2008.04.16 20:32:14.348,1.01795,1.01835,0.30,0.10
2008.04.16 20:32:14.567,1.01795,1.01835,0.30,0.10
2008.04.16 20:32:14.785,1.01795,1.01835,0.30,0.10
2008.04.16 20:32:15.033,1.01795,1.01835,0.30,0.10
2008.04.16 20:32:15.221,1.01795,1.01835,0.30,0.10
2008.04.16 20:32:15.440,1.01795,1.01835,0.30,0.10
2008.04.16 20:32:15.659,1.01795,1.01835,0.30,0.10
2008.04.16 20:32:15.877,1.01795,1.01835,0.30,0.10
2008.04.16 20:32:16.082,1.01795,1.01835,0.30,0.10
2008.04.16 20:32:16.286,1.01795,1.01835,0.30,0.10
2008.04.16 20:32:16.489,1.01795,1.01835,0.30,0.10
2008.04.16 20:32:16.693,1.01795,1.01835,0.30,0.10
2008.04.16 20:32:16.897,1.01795,1.01835,0.30,0.10
2008.04.16 20:32:17.146,1.01795,1.01835,0.30,0.10
2008.04.16 20:32:17.394,1.01795,1.01835,0.30,0.10
2008.04.16 20:32:17.643,1.01795,1.01835,0.30,0.10
2008.04.16 20:32:17.892,1.01795,1.01835,0.30,0.10
2008.04.16 20:32:18.090,1.01795,1.01835,0.30,0.10
2008.04.16 20:32:18.289,1.01795,1.01835,0.30,0.10
2008.04.16 20:32:18.487,1.01795,1.01835,0.30,0.10
2008.04.16 20:32:18.685,1.01795,1.01835,0.30,0.10
2008.04.16 20:32:18.883,1.01795,1.01835,0.30,0.10
2008.04.16 20:32:19.122,1.01795,1.01835,0.30,0.10
2008.04.16 20:32:19.391,1.01795,1.01835,0.30,0.10
2008.04.16 20:32:19.629,1.01795,1.01835,0.30,0.10
2008.04.16 20:32:19.868,1.01795,1.01835,0.30,0.10
2008.04.16 20:32:20.074,1.01795,1.01835,0.30,0.10
2008.04.16 20:32:20.278,1.01795,1.01835,0.30,0.10
2008.04.16 20:32:20.480,1.01795,1.01835,0.30,0.10
2008.04.16 20:32:20.684,1.01795,1.01835,0.30,0.10
2008.04.16 20:32:20.887,1.01795,1.01835,0.30,0.10
2008.04.16 20:32:21.121,1.01795,1.01835,0.30,0.10
2008.04.16 20:32:21.354,1.01795,1.01835,0.30,0.10
2008.04.16 20:32:21.587,1.01795,1.01835,0.30,0.10
2008.04.16 20:32:21.821,1.01795,1.01835,0.30,0.10
2008.04.16 20:32:22.025,1.01795,1.01835,0.30,0.10
2008.04.16 20:32:22.230,1.01795,1.01835,0.30,0.10
2008.04.16 20:32:22.466,1.01795,1.01835,0.30,0.10
2008.04.16 20:32:22.670,1.01795,1.01835,0.30,0.10
2008.04.16 20:32:22.876,1.01795,1.01835,0.30,0.10
2008.04.16 20:32:23.108,1.01795,1.01835,0.30,0.10
2008.04.16 20:32:23.342,1.01795,1.01835,0.30,0.10
2008.04.16 20:32:23.575,1.01795,1.01835,0.30,0.10
2008.04.16 20:32:23.808,1.01795,1.01835,0.30,0.10
2008.04.16 20:32:24.049,1.01795,1.01835,0.30,0.10
2008.04.16 20:32:24.277,1.01795,1.01835,0.30,0.10
2008.04.16 20:32:24.506,1.01795,1.01835,0.30,0.10
2008.04.16 20:32:24.734,1.01795,1.01835,0.30,0.10
2008.04.16 20:32:24.964,1.01795,1.01835,0.30,0.10
2008.04.16 20:32:25.180,1.01795,1.01835,0.30,0.10
2008.04.16 20:32:25.363,1.01795,1.01835,0.30,0.10
2008.04.16 20:32:25.547,1.01795,1.01835,0.30,0.10
2008.04.16 20:32:25.730,1.01795,1.01835,0.30,0.10
2008.04.16 20:32:25.914,1.01795,1.01835,0.30,0.10
2008.04.16 20:32:26.099,1.01795,1.01835,0.30,0.10
2008.04.16 20:32:26.339,1.01795,1.01835,0.30,0.10
2008.04.16 20:32:26.577,1.01795,1.01835,0.30,0.10
2008.04.16 20:32:26.815,1.01795,1.01835,0.30,0.10
2008.04.16 20:32:27.052,1.01795,1.01835,0.30,0.10
2008.04.16 20:32:27.301,1.01795,1.01835,0.30,0.10
2008.04.16 20:32:27.553,1.01795,1.01835,0.30,0.10
2008.04.16 20:32:27.802,1.01795,1.01835,0.30,0.10
2008.04.16 20:32:28.050,1.01795,1.01835,0.30,0.10
2008.04.16 20:32:28.239,1.01795,1.01835,0.30,0.10
2008.04.16 20:32:28.429,1.01795,1.01835,0.30,0.10
2008.04.16 20:32:28.618,1.01795,1.01835,0.30,0.10
2008.04.16 20:32:28.807,1.01795,1.01835,0.30,0.10
2008.04.16 20:32:28.997,1.01795,1.01835,0.30,0.10
2008.04.16 20:32:29.250,1.01795,1.01835,0.30,0.10
2008.04.16 20:32:29.504,1.01795,1.01835,0.30,0.10
2008.04.16 20:32:29.759,1.01795,1.01835,0.30,0.10
2008.04.16 20:32:30.044,1.01795,1.01835,0.30,0.10
2008.04.16 20:32:30.236,1.01795,1.01835,0.30,0.10
2008.04.16 20:32:30.431,1.01795,1.01835,0.30,0.10
2008.04.16 20:32:30.624,1.01795,1.01835,0.30,0.10
2008.04.16 20:32:30.818,1.01795,1.01835,0.30,0.10
2008.04.16 20:32:31.034,1.01795,1.01835,0.30,0.10
2008.04.16 20:32:31.271,1.01795,1.01835,0.30,0.10
2008.04.16 20:32:31.510,1.01795,1.01835,0.30,0.10
2008.04.16 20:32:31.749,1.01795,1.01835,0.30,0.10
2008.04.16 20:32:31.988,1.01795,1.01835,0.30,0.10
2008.04.16 20:32:32.203,1.01795,1.01835,0.30,0.10
2008.04.16 20:32:32.417,1.01795,1.01835,0.30,0.10
2008.04.16 20:32:32.630,1.01795,1.01835,0.30,0.10
2008.04.16 20:32:32.844,1.01795,1.01835,0.30,0.10
2008.04.16 20:32:33.057,1.01795,1.01835,0.30,0.10
2008.04.16 20:32:33.271,1.01795,1.01835,0.30,0.10
2008.04.16 20:32:33.485,1.01795,1.01835,0.30,0.10
2008.04.16 20:32:33.698,1.01795,1.01835,0.30,0.10
2008.04.16 20:32:33.911,1.01795,1.01835,0.30,0.10
2008.04.16 20:32:34.127,1.01795,1.01835,0.30,0.10
2008.04.16 20:32:34.354,1.01795,1.01835,0.30,0.10
2008.04.16 20:32:34.583,1.01795,1.01835,0.30,0.10
2008.04.16 20:32:34.813,1.01795,1.01835,0.30,0.10
2008.04.16 20:32:35.042,1.01805,1.01835,1.10,0.10
2008.04.16 20:32:35.282,1.01815,1.0185,0.30,2.40
2008.04.16 20:32:35.516,1.01815,1.01855,0.30,0.80
2008.04.16 20:32:35.749,1.01815,1.01855,0.30,0.80
2008.04.16 20:32:35.983,1.01815,1.01855,0.30,0.80
2008.04.16 20:32:36.218,1.01815,1.01855,0.30,0.10
2008.04.16 20:32:36.446,1.01815,1.01855,0.30,0.10
2008.04.16 20:32:36.675,1.01815,1.01855,0.30,0.10
2008.04.16 20:32:36.902,1.01815,1.01855,0.30,0.10
2008.04.16 20:32:37.132,1.01815,1.01855,0.30,0.10
2008.04.16 20:32:37.340,1.01815,1.01855,0.30,0.10
2008.04.16 20:32:37.580,1.01815,1.01855,0.30,0.10
2008.04.16 20:32:37.756,1.01815,1.01855,0.30,0.10
2008.04.16 20:32:37.965,1.01815,1.01855,0.30,0.10
2008.04.16 20:32:38.175,1.01815,1.01855,0.30,0.10
2008.04.16 20:32:38.394,1.01815,1.01855,0.30,0.10
2008.04.16 20:32:38.644,1.01815,1.01855,0.30,0.10
2008.04.16 20:32:38.831,1.01815,1.01855,0.30,0.10
2008.04.16 20:32:39.050,1.01815,1.01855,0.30,0.10
2008.04.16 20:32:39.268,1.01815,1.01855,0.30,0.10
2008.04.16 20:32:39.498,1.01815,1.01855,0.30,0.10
2008.04.16 20:32:39.726,1.01815,1.01855,0.30,0.10
2008.04.16 20:32:39.955,1.01815,1.01855,0.30,0.10
2008.04.16 20:32:40.183,1.01815,1.01855,0.30,0.10
2008.04.16 20:32:40.428,1.01815,1.01855,0.30,0.10
2008.04.16 20:32:40.641,1.01815,1.01855,0.30,0.10
2008.04.16 20:32:40.854,1.01815,1.01855,0.30,0.10
2008.04.16 20:32:41.068,1.01815,1.01855,0.30,0.10
2008.04.16 20:32:41.283,1.01815,1.01855,0.30,0.10
2008.04.16 20:32:41.509,1.01815,1.01855,0.30,0.10
2008.04.16 20:32:41.722,1.01815,1.01855,0.30,0.10
2008.04.16 20:32:41.936,1.01815,1.01855,0.30,0.10
2008.04.16 20:32:42.151,1.01815,1.01855,0.30,0.10
2008.04.16 20:32:42.364,1.01815,1.01855,0.30,0.10
2008.04.16 20:32:42.615,1.01815,1.01855,0.30,0.10
2008.04.16 20:32:42.849,1.01815,1.01855,0.30,0.10
2008.04.16 20:32:43.083,1.01815,1.01855,0.30,0.10
2008.04.16 20:32:43.317,1.01815,1.01855,0.30,0.10
2008.04.16 20:32:43.511,1.01815,1.01855,0.30,0.10
2008.04.16 20:32:43.738,1.01815,1.01855,0.30,0.10
2008.04.16 20:32:43.899,1.01815,1.01855,0.30,0.10
2008.04.16 20:32:44.093,1.01815,1.01855,0.30,0.10
2008.04.16 20:32:44.286,1.01815,1.01855,0.30,0.10
2008.04.16 20:32:44.505,1.01815,1.01855,0.30,0.10
2008.04.16 20:32:44.724,1.01815,1.01855,0.30,0.10
2008.04.16 20:32:44.944,1.01815,1.01855,0.30,0.10
2008.04.16 20:32:45.187,1.01815,1.01855,0.30,0.10
2008.04.16 20:32:45.407,1.01815,1.01855,0.30,0.10
2008.04.16 20:32:45.627,1.01815,1.01855,0.30,0.10
2008.04.16 20:32:45.878,1.01815,1.01855,0.30,0.10
2008.04.16 20:32:46.065,1.01815,1.01855,0.30,0.10
2008.04.16 20:32:46.284,1.01815,1.01855,0.30,0.10
2008.04.16 20:32:46.508,1.01815,1.01855,0.30,0.10
2008.04.16 20:32:46.731,1.01815,1.01855,0.30,0.10
2008.04.16 20:32:46.955,1.01815,1.01855,0.30,0.10
2008.04.16 20:32:47.179,1.01815,1.01855,0.30,0.10
2008.04.16 20:32:47.404,1.01815,1.01855,0.30,0.10
2008.04.16 20:32:47.651,1.018,1.01855,1.80,0.40
2008.04.16 20:32:47.871,1.018,1.01855,0.20,0.40
2008.04.16 20:32:48.090,1.018,1.01855,0.20,0.40
2008.04.16 20:32:48.309,1.018,1.01855,0.20,0.40
2008.04.16 20:32:48.543,1.01805,1.01855,0.40,0.10
2008.04.16 20:32:48.779,1.01815,1.01855,0.30,0.10
2008.04.16 20:32:49.013,1.01815,1.01855,0.30,0.10
2008.04.16 20:32:49.279,1.01815,1.01855,0.30,0.10
2008.04.16 20:32:49.513,1.01815,1.01855,0.30,0.40
2008.04.16 20:32:49.741,1.018,1.01855,0.20,0.40
2008.04.16 20:32:49.970,1.01795,1.01855,0.30,0.60
2008.04.16 20:32:50.199,1.01795,1.01855,0.30,0.60
2008.04.16 20:32:50.427,1.01795,1.01855,0.30,0.60
2008.04.16 20:32:50.661,1.01795,1.01855,0.30,0.60
2008.04.16 20:32:50.894,1.01795,1.01855,0.30,0.60
2008.04.16 20:32:51.141,1.0181,1.01855,0.40,0.50
2008.04.16 20:32:51.408,1.01825,1.01855,0.30,0.10
2008.04.16 20:32:51.678,1.01825,1.01855,0.30,0.10
2008.04.16 20:32:51.915,1.01825,1.01855,0.30,0.10
2008.04.16 20:32:52.154,1.01825,1.01855,0.30,0.10
2008.04.16 20:32:52.393,1.01825,1.01855,0.30,0.10
2008.04.16 20:32:52.632,1.01825,1.01855,0.30,0.10
2008.04.16 20:32:52.871,1.01825,1.01855,0.30,0.10
2008.04.16 20:32:53.110,1.01825,1.01855,0.30,0.10
2008.04.16 20:32:53.348,1.01825,1.01855,0.30,0.10
2008.04.16 20:32:53.588,1.01815,1.01855,0.30,0.10
2008.04.16 20:32:53.819,1.01815,1.01855,0.30,0.10
2008.04.16 20:32:54.017,1.01815,1.01855,0.30,0.10
2008.04.16 20:32:54.214,1.01815,1.01855,0.30,0.10
2008.04.16 20:32:54.415,1.01815,1.01855,0.30,0.10
2008.04.16 20:32:54.613,1.01815,1.01855,0.30,0.10
2008.04.16 20:32:54.867,1.01815,1.01855,0.30,0.10
2008.04.16 20:32:55.154,1.01815,1.01855,0.30,0.10
2008.04.16 20:32:55.375,1.01815,1.01855,0.30,0.10
2008.04.16 20:32:55.627,1.01815,1.01855,0.30,0.10
2008.04.16 20:32:55.807,1.01815,1.01855,0.30,0.10
2008.04.16 20:32:55.984,1.01815,1.01855,0.30,0.10
2008.04.16 20:32:56.163,1.01815,1.01855,0.30,0.10
2008.04.16 20:32:56.342,1.01815,1.01855,0.30,0.10
2008.04.16 20:32:56.520,1.01815,1.01855,0.30,0.10
2008.04.16 20:32:56.699,1.01815,1.01855,0.30,0.10
2008.04.16 20:32:56.953,1.01815,1.01855,0.30,0.10
2008.04.16 20:32:57.207,1.01815,1.01855,0.30,0.10
2008.04.16 20:32:57.461,1.01815,1.01855,0.30,0.10
2008.04.16 20:32:57.714,1.01815,1.01855,0.30,0.10
2008.04.16 20:32:57.898,1.01815,1.01855,0.30,0.10
2008.04.16 20:32:58.082,1.01815,1.01855,0.30,0.10
2008.04.16 20:32:58.267,1.01815,1.01855,0.30,0.10
2008.04.16 20:32:58.449,1.01815,1.01855,0.30,0.10
2008.04.16 20:32:58.632,1.01815,1.01855,0.30,0.10
2008.04.16 20:32:58.931,1.01815,1.01855,0.30,0.10
2008.04.16 20:32:59.170,1.01815,1.01855,0.30,0.10
2008.04.16 20:32:59.438,1.01815,1.01855,0.30,0.10
2008.04.16 20:32:59.707,1.01815,1.01855,0.30,0.10
2008.04.16 20:32:59.881,1.01815,1.01855,0.30,0.10
2008.04.16 20:33:00.052,1.01815,1.01855,0.30,0.10
2008.04.16 20:33:00.221,1.01815,1.01855,0.30,0.10
2008.04.16 20:33:00.390,1.01815,1.01855,0.30,0.10
2008.04.16 20:33:00.559,1.01815,1.01855,0.30,0.10
2008.04.16 20:33:00.729,1.01815,1.01855,0.30,0.10
2008.04.16 20:33:00.988,1.01815,1.01855,0.30,0.10
2008.04.16 20:33:01.277,1.01815,1.01855,0.30,0.10
2008.04.16 20:33:01.536,1.01815,1.01855,0.30,0.10
2008.04.16 20:33:01.794,1.01815,1.01855,0.30,0.10
2008.04.16 20:33:01.972,1.01815,1.01855,0.30,0.10
2008.04.16 20:33:02.151,1.01815,1.01855,0.30,0.10
2008.04.16 20:33:02.329,1.01815,1.01855,0.30,0.10
2008.04.16 20:33:02.511,1.01815,1.01855,0.30,0.10
2008.04.16 20:33:02.687,1.01815,1.01855,0.30,0.10
2008.04.16 20:33:02.897,1.01815,1.01855,0.30,0.10
2008.04.16 20:33:03.136,1.01815,1.01855,0.30,0.10
2008.04.16 20:33:03.374,1.01815,1.01855,0.30,0.10
2008.04.16 20:33:03.622,1.01815,1.01855,0.30,0.10
2008.04.16 20:33:03.861,1.01815,1.01855,0.30,0.10
2008.04.16 20:33:04.083,1.01815,1.01855,0.30,0.10
2008.04.16 20:33:04.307,1.01815,1.01855,0.30,0.10
2008.04.16 20:33:04.532,1.01815,1.01855,0.30,0.10
2008.04.16 20:33:04.755,1.01815,1.01855,0.30,0.10
2008.04.16 20:33:05.008,1.01815,1.01855,0.30,0.10
2008.04.16 20:33:05.222,1.01815,1.01855,0.30,0.10
2008.04.16 20:33:05.435,1.01815,1.01855,0.30,0.10
2008.04.16 20:33:05.648,1.01815,1.01855,0.30,0.10
2008.04.16 20:33:05.861,1.01815,1.01855,0.30,0.10
2008.04.16 20:33:06.106,1.01815,1.01855,0.30,0.10
2008.04.16 20:33:06.285,1.01815,1.01855,0.30,0.10
2008.04.16 20:33:06.493,1.01815,1.01855,0.30,0.10
2008.04.16 20:33:06.702,1.01815,1.01855,0.30,0.10
2008.04.16 20:33:06.911,1.01815,1.01855,0.30,0.10
2008.04.16 20:33:07.128,1.01815,1.01855,0.30,0.10
2008.04.16 20:33:07.346,1.01815,1.01855,0.30,0.10
2008.04.16 20:33:07.564,1.01815,1.01855,0.30,0.10
2008.04.16 20:33:07.782,1.01815,1.01855,0.30,0.10
2008.04.16 20:33:08.000,1.01815,1.01855,0.30,0.10
2008.04.16 20:33:08.209,1.01815,1.01855,0.30,0.10
2008.04.16 20:33:08.417,1.01815,1.01855,0.30,0.10
2008.04.16 20:33:08.627,1.01815,1.01855,0.30,0.10
2008.04.16 20:33:08.835,1.01815,1.01855,0.30,0.10
2008.04.16 20:33:09.045,1.01815,1.01855,0.30,0.10
2008.04.16 20:33:09.258,1.01815,1.01855,0.30,0.10
2008.04.16 20:33:09.471,1.01815,1.01855,0.30,0.10
2008.04.16 20:33:09.718,1.01815,1.01855,0.30,0.10
2008.04.16 20:33:09.932,1.01815,1.01855,0.30,0.10
2008.04.16 20:33:10.145,1.01815,1.01855,0.30,0.10
2008.04.16 20:33:10.365,1.01815,1.01855,0.30,0.10
2008.04.16 20:33:10.584,1.01815,1.01855,0.30,0.10
2008.04.16 20:33:10.803,1.01815,1.01855,0.30,0.10
2008.04.16 20:33:11.022,1.01815,1.01855,0.30,0.10
2008.04.16 20:33:11.231,1.01815,1.01855,0.30,0.10
2008.04.16 20:33:11.440,1.01815,1.01855,0.30,0.10
2008.04.16 20:33:11.648,1.01815,1.01855,0.30,0.10
2008.04.16 20:33:11.856,1.01815,1.01855,0.30,0.10
2008.04.16 20:33:12.064,1.01815,1.01855,0.30,0.10
2008.04.16 20:33:12.284,1.01815,1.01855,0.30,0.10
2008.04.16 20:33:12.525,1.01815,1.01845,0.30,0.10
2008.04.16 20:33:12.744,1.01815,1.01845,0.30,0.10
2008.04.16 20:33:12.962,1.01815,1.01845,0.30,0.10
2008.04.16 20:33:13.212,1.01815,1.01845,0.30,0.10
2008.04.16 20:33:13.435,1.01815,1.01845,0.30,0.10
2008.04.16 20:33:13.660,1.01815,1.01845,0.30,0.10
2008.04.16 20:33:13.883,1.01815,1.01845,0.30,0.10
2008.04.16 20:33:14.106,1.01815,1.01845,0.30,0.10
2008.04.16 20:33:14.315,1.01815,1.01845,0.30,0.10
2008.04.16 20:33:14.524,1.01815,1.01845,0.30,0.10
2008.04.16 20:33:14.734,1.01815,1.01845,0.30,0.10
2008.04.16 20:33:14.942,1.01815,1.01845,0.30,0.10
2008.04.16 20:33:15.150,1.01815,1.01845,0.30,0.10
2008.04.16 20:33:15.383,1.01815,1.01845,0.30,0.10
2008.04.16 20:33:15.617,1.01815,1.01845,0.30,0.10
2008.04.16 20:33:15.851,1.01815,1.01845,0.30,0.10
2008.04.16 20:33:16.086,1.01815,1.01845,0.30,0.10
2008.04.16 20:33:16.309,1.01815,1.01845,0.30,0.10
2008.04.16 20:33:16.533,1.01815,1.01845,0.30,0.10
2008.04.16 20:33:16.759,1.01815,1.01845,0.30,0.10
2008.04.16 20:33:17.014,1.01815,1.01845,0.30,0.10
2008.04.16 20:33:17.234,1.01815,1.01845,0.30,0.10
2008.04.16 20:33:17.498,1.01815,1.01845,0.30,0.10
2008.04.16 20:33:17.770,1.01815,1.01845,0.30,0.10
2008.04.16 20:33:18.033,1.01815,1.01845,0.30,0.10
2008.04.16 20:33:18.296,1.01815,1.01845,0.30,0.10
2008.04.16 20:33:18.469,1.01815,1.01845,0.30,0.10
2008.04.16 20:33:18.643,1.01815,1.01845,0.30,0.10
2008.04.16 20:33:18.846,1.01815,1.01845,0.30,0.10
2008.04.16 20:33:18.990,1.01815,1.01845,0.30,0.10
2008.04.16 20:33:19.165,1.01815,1.01845,0.30,0.10
2008.04.16 20:33:19.340,1.01815,1.01845,0.30,0.10
2008.04.16 20:33:19.614,1.01815,1.01845,0.30,0.10
2008.04.16 20:33:19.888,1.01815,1.01845,0.30,0.10
2008.04.16 20:33:20.163,1.01815,1.01845,0.30,0.10
2008.04.16 20:33:20.439,1.01815,1.01845,0.30,0.10
2008.04.16 20:33:20.679,1.01815,1.01845,0.30,0.10
2008.04.16 20:33:20.872,1.01815,1.01845,0.30,0.10
2008.04.16 20:33:21.065,1.01815,1.01845,0.30,0.10
2008.04.16 20:33:21.289,1.01815,1.01845,0.30,0.10
2008.04.16 20:33:21.482,1.01815,1.01845,0.30,0.10
2008.04.16 20:33:21.717,1.01815,1.01845,0.30,0.10
2008.04.16 20:33:21.981,1.01815,1.01845,0.30,0.10
2008.04.16 20:33:22.215,1.01815,1.01845,0.30,0.10
2008.04.16 20:33:22.450,1.01815,1.01845,0.30,0.10
2008.04.16 20:33:22.672,1.01815,1.01845,0.30,0.10
2008.04.16 20:33:22.896,1.01815,1.01845,0.30,0.10
2008.04.16 20:33:23.133,1.01815,1.01845,0.30,0.10
2008.04.16 20:33:23.355,1.01815,1.01845,0.30,0.10
2008.04.16 20:33:23.555,1.01815,1.01845,0.30,0.10
2008.04.16 20:33:23.755,1.01815,1.01845,0.30,0.10
2008.04.16 20:33:23.954,1.01815,1.01845,0.30,0.10
2008.04.16 20:33:24.153,1.01815,1.01845,0.30,0.10
2008.04.16 20:33:24.380,1.01815,1.01845,0.30,0.10
2008.04.16 20:33:24.608,1.01815,1.01845,0.30,0.10
2008.04.16 20:33:24.837,1.01815,1.01845,0.30,0.10
2008.04.16 20:33:25.103,1.01815,1.01845,0.30,0.10
2008.04.16 20:33:25.296,1.01815,1.01845,0.30,0.10
2008.04.16 20:33:25.534,1.01815,1.01845,0.30,0.10
2008.04.16 20:33:25.767,1.01815,1.01845,0.30,0.10
2008.04.16 20:33:26.002,1.01815,1.01845,0.30,0.10
2008.04.16 20:33:26.235,1.01815,1.01845,0.30,0.10
2008.04.16 20:33:26.470,1.01815,1.01845,0.30,0.10
2008.04.16 20:33:26.679,1.01815,1.01845,0.30,0.10
2008.04.16 20:33:26.890,1.01815,1.01845,0.30,0.10
2008.04.16 20:33:27.098,1.01815,1.01845,0.30,0.10
2008.04.16 20:33:27.307,1.01815,1.01845,0.30,0.10
2008.04.16 20:33:27.559,1.01815,1.01845,0.30,0.10
2008.04.16 20:33:27.772,1.01815,1.01845,0.30,0.10
2008.04.16 20:33:27.988,1.01815,1.01845,0.30,0.10
2008.04.16 20:33:28.202,1.01815,1.01845,0.30,0.10
2008.04.16 20:33:28.415,1.01815,1.01845,0.30,0.10
2008.04.16 20:33:28.629,1.01815,1.01845,0.30,0.10
2008.04.16 20:33:28.847,1.01815,1.01845,0.30,0.10
2008.04.16 20:33:29.067,1.01815,1.01845,0.30,0.10
2008.04.16 20:33:29.285,1.01815,1.01845,0.30,0.10
2008.04.16 20:33:29.508,1.01815,1.01845,0.30,0.10
2008.04.16 20:33:29.766,1.01815,1.01845,0.30,0.10
2008.04.16 20:33:30.025,1.01815,1.01845,0.30,0.10
2008.04.16 20:33:30.285,1.01815,1.01855,0.30,0.50
2008.04.16 20:33:30.544,1.01815,1.01855,0.30,0.50
2008.04.16 20:33:30.767,1.01815,1.01855,0.30,0.50
2008.04.16 20:33:30.991,1.01815,1.01855,0.30,0.50
2008.04.16 20:33:31.215,1.01815,1.01855,0.30,0.10
2008.04.16 20:33:31.438,1.01815,1.01855,0.30,0.10
2008.04.16 20:33:31.669,1.01815,1.01855,0.30,0.10
2008.04.16 20:33:31.922,1.01815,1.01855,0.30,0.10
2008.04.16 20:33:32.176,1.01815,1.01855,0.30,0.10
2008.04.16 20:33:32.429,1.01815,1.01855,0.30,0.50
2008.04.16 20:33:32.683,1.01815,1.01855,0.30,0.50
2008.04.16 20:33:32.881,1.01815,1.01855,0.30,0.50
2008.04.16 20:33:33.080,1.01815,1.01855,0.30,0.50
2008.04.16 20:33:33.284,1.01815,1.01855,0.30,0.50
2008.04.16 20:33:33.485,1.01815,1.01855,0.30,0.50
2008.04.16 20:33:33.714,1.01815,1.01855,0.30,0.50
2008.04.16 20:33:33.987,1.01815,1.01855,0.30,0.50
2008.04.16 20:33:34.215,1.01815,1.01855,0.30,0.50
2008.04.16 20:33:34.445,1.01815,1.01855,0.30,0.50
2008.04.16 20:33:34.705,1.01815,1.01855,0.30,0.50
2008.04.16 20:33:34.924,1.01815,1.01855,0.30,0.50
2008.04.16 20:33:35.143,1.01815,1.01855,0.30,0.50
2008.04.16 20:33:35.362,1.01815,1.01855,0.30,0.50
2008.04.16 20:33:35.581,1.01815,1.01855,0.30,0.50
2008.04.16 20:33:35.795,1.01815,1.01855,0.30,0.50
2008.04.16 20:33:36.008,1.01815,1.01855,0.30,0.50
2008.04.16 20:33:36.221,1.01815,1.01855,0.30,0.50
2008.04.16 20:33:36.435,1.01815,1.01855,0.30,0.50
2008.04.16 20:33:36.649,1.01815,1.01855,0.30,0.10
2008.04.16 20:33:36.888,1.01815,1.01855,0.30,0.10
2008.04.16 20:33:37.126,1.01815,1.01855,0.30,0.10
2008.04.16 20:33:37.364,1.01815,1.01855,0.30,0.10
2008.04.16 20:33:37.602,1.01815,1.01855,0.30,0.10
2008.04.16 20:33:37.840,1.01815,1.01855,0.30,0.10
2008.04.16 20:33:38.037,1.01815,1.01855,0.30,0.10
2008.04.16 20:33:38.236,1.01815,1.01855,0.30,0.10
2008.04.16 20:33:38.434,1.01815,1.01855,0.30,0.10
2008.04.16 20:33:38.635,1.01815,1.01855,0.30,0.10
2008.04.16 20:33:38.834,1.01815,1.01855,0.30,0.10
2008.04.16 20:33:39.080,1.01815,1.01855,0.30,0.10
2008.04.16 20:33:39.320,1.01815,1.01855,0.30,0.10
2008.04.16 20:33:39.564,1.01815,1.01855,0.30,0.10
2008.04.16 20:33:39.809,1.01815,1.01855,0.30,0.10
2008.04.16 20:33:40.042,1.01815,1.01855,0.30,0.10
2008.04.16 20:33:40.275,1.01815,1.01855,0.30,0.10
2008.04.16 20:33:40.510,1.01815,1.01855,0.30,0.10
2008.04.16 20:33:40.774,1.01815,1.01855,0.30,0.10
2008.04.16 20:33:40.976,1.01815,1.01855,0.30,0.10
2008.04.16 20:33:41.175,1.01815,1.01855,0.30,0.10
2008.04.16 20:33:41.398,1.01815,1.01855,0.30,0.80
2008.04.16 20:33:41.594,1.01815,1.01855,0.30,0.80
2008.04.16 20:33:41.792,1.01815,1.01855,0.30,0.80
2008.04.16 20:33:42.061,1.01815,1.01855,0.30,0.80
2008.04.16 20:33:42.331,1.01815,1.01855,0.30,0.80
2008.04.16 20:33:42.599,1.01815,1.01855,0.30,0.80
2008.04.16 20:33:42.868,1.01815,1.01855,0.30,0.80
2008.04.16 20:33:43.083,1.01815,1.01855,0.30,0.80
2008.04.16 20:33:43.296,1.01815,1.01855,0.30,0.80
2008.04.16 20:33:43.508,1.01815,1.01855,0.30,0.80
2008.04.16 20:33:43.721,1.01815,1.01855,0.30,0.80
2008.04.16 20:33:43.934,1.01815,1.01855,0.30,0.80
2008.04.16 20:33:44.143,1.01815,1.01855,0.30,0.80
2008.04.16 20:33:44.380,1.01815,1.01855,0.30,0.80
2008.04.16 20:33:44.590,1.01815,1.01855,0.30,0.80
2008.04.16 20:33:44.798,1.01815,1.01855,0.30,0.80
2008.04.16 20:33:45.006,1.01815,1.01855,0.30,0.10
2008.04.16 20:33:45.255,1.01815,1.01855,0.30,0.10
2008.04.16 20:33:45.504,1.01815,1.01855,0.30,0.80
2008.04.16 20:33:45.754,1.01815,1.01855,0.30,0.80
2008.04.16 20:33:46.009,1.01815,1.01855,0.30,0.80
2008.04.16 20:33:46.223,1.01815,1.01855,0.30,0.80
2008.04.16 20:33:46.436,1.01825,1.01855,0.30,0.10
2008.04.16 20:33:46.650,1.01825,1.01855,0.30,0.10
2008.04.16 20:33:46.905,1.01825,1.01855,0.30,0.10
2008.04.16 20:33:47.126,1.01825,1.01855,0.30,0.10
2008.04.16 20:33:47.349,1.01825,1.01855,0.30,0.10
2008.04.16 20:33:47.605,1.01825,1.01855,0.30,0.10
2008.04.16 20:33:47.829,1.01825,1.01855,0.30,0.10
2008.04.16 20:33:48.051,1.01825,1.01855,0.30,0.10
2008.04.16 20:33:48.285,1.01825,1.01855,0.30,0.10
2008.04.16 20:33:48.519,1.01825,1.01855,0.30,0.10
2008.04.16 20:33:48.753,1.01825,1.01855,0.30,0.10
2008.04.16 20:33:48.985,1.01825,1.01855,0.30,0.10
2008.04.16 20:33:49.220,1.01825,1.01855,0.30,0.10
2008.04.16 20:33:49.419,1.01825,1.01855,0.30,0.10
2008.04.16 20:33:49.617,1.01825,1.01855,0.30,0.10
2008.04.16 20:33:49.816,1.01825,1.01855,0.30,0.10
2008.04.16 20:33:50.015,1.01825,1.01855,0.30,0.10
2008.04.16 20:33:50.214,1.0181,1.01845,1.60,0.10
2008.04.16 20:33:50.452,1.01805,1.01845,0.50,0.10
2008.04.16 20:33:50.691,1.01805,1.01845,0.30,0.10
2008.04.16 20:33:50.930,1.01805,1.01845,0.30,0.10
2008.04.16 20:33:51.169,1.01805,1.01845,0.30,0.10
2008.04.16 20:33:51.388,1.01805,1.01845,0.30,0.10
2008.04.16 20:33:51.605,1.01805,1.01845,0.30,0.10
2008.04.16 20:33:51.823,1.01805,1.01845,0.30,0.10
2008.04.16 20:33:52.041,1.01805,1.01845,0.30,0.10
2008.04.16 20:33:52.259,1.01805,1.01845,0.30,0.10
2008.04.16 20:33:52.468,1.01805,1.01845,0.30,0.10
2008.04.16 20:33:52.677,1.01805,1.01845,0.30,0.10
2008.04.16 20:33:52.886,1.01805,1.01845,0.30,0.10
2008.04.16 20:33:53.094,1.01805,1.01845,0.30,0.10
2008.04.16 20:33:53.322,1.01805,1.01845,0.30,0.10
2008.04.16 20:33:53.551,1.01805,1.01845,0.30,0.10
2008.04.16 20:33:53.779,1.01805,1.01845,0.30,0.10
2008.04.16 20:33:54.007,1.01805,1.01845,0.30,0.10
2008.04.16 20:33:54.237,1.01805,1.01845,0.30,0.10
2008.04.16 20:33:54.474,1.01805,1.01845,0.30,0.10
2008.04.16 20:33:54.713,1.01805,1.01845,0.30,0.10
2008.04.16 20:33:54.953,1.01805,1.01845,0.30,0.10
2008.04.16 20:33:55.192,1.01805,1.01845,0.30,0.10
2008.04.16 20:33:55.402,1.01805,1.01845,0.30,0.10
2008.04.16 20:33:55.641,1.01805,1.01845,0.30,0.10
2008.04.16 20:33:55.850,1.01805,1.01845,0.30,0.10
2008.04.16 20:33:56.061,1.01805,1.01845,0.30,0.10
2008.04.16 20:33:56.294,1.01805,1.01845,0.30,0.10
2008.04.16 20:33:56.598,1.01805,1.01845,0.30,0.10
2008.04.16 20:33:56.851,1.01805,1.01845,0.30,0.10
2008.04.16 20:33:57.115,1.01805,1.01845,0.30,0.10
2008.04.16 20:33:57.369,1.01805,1.01845,0.30,0.10
2008.04.16 20:33:57.572,1.01805,1.01845,0.30,0.10
2008.04.16 20:33:57.776,1.01805,1.01845,0.30,0.10
2008.04.16 20:33:57.992,1.01805,1.01845,0.30,0.10
2008.04.16 20:33:58.196,1.01805,1.01845,0.30,0.10
2008.04.16 20:33:58.401,1.01805,1.01845,0.30,0.10
2008.04.16 20:33:58.681,1.01805,1.01845,0.30,0.10
2008.04.16 20:33:58.930,1.01805,1.01845,0.30,0.10
2008.04.16 20:33:59.180,1.01805,1.01845,0.30,0.10
2008.04.16 20:33:59.461,1.01805,1.01845,0.30,0.10
2008.04.16 20:33:59.664,1.01805,1.01845,0.30,0.10
2008.04.16 20:33:59.868,1.01805,1.01845,0.30,0.10
2008.04.16 20:34:00.071,1.01805,1.01845,0.30,0.10
2008.04.16 20:34:00.275,1.01805,1.01845,0.30,0.10
2008.04.16 20:34:00.511,1.01805,1.01845,0.30,0.10
2008.04.16 20:34:00.733,1.01805,1.01845,0.30,0.10
2008.04.16 20:34:00.956,1.01805,1.01845,0.30,0.10
2008.04.16 20:34:01.179,1.01805,1.01845,0.30,0.10
2008.04.16 20:34:01.404,1.01805,1.01845,0.30,0.10
2008.04.16 20:34:01.627,1.01805,1.01845,0.30,0.10
2008.04.16 20:34:01.850,1.01805,1.01845,0.30,0.10
2008.04.16 20:34:02.073,1.01805,1.01845,0.30,0.10
2008.04.16 20:34:02.296,1.01805,1.01845,0.30,0.10
2008.04.16 20:34:02.520,1.01805,1.01845,0.30,0.10
2008.04.16 20:34:02.739,1.01805,1.01845,0.30,0.10
2008.04.16 20:34:02.948,1.01805,1.01845,0.30,0.10
2008.04.16 20:34:03.157,1.01805,1.01845,0.30,0.10
2008.04.16 20:34:03.365,1.01805,1.01845,0.30,0.10
2008.04.16 20:34:03.574,1.01805,1.01845,0.30,0.10
2008.04.16 20:34:03.808,1.01805,1.01845,0.30,0.10
2008.04.16 20:34:04.041,1.01805,1.01845,0.30,0.10
2008.04.16 20:34:04.276,1.01805,1.01845,0.30,0.10
2008.04.16 20:34:04.537,1.01805,1.01845,0.30,0.10
2008.04.16 20:34:04.740,1.01805,1.01845,0.30,0.10
2008.04.16 20:34:04.943,1.01805,1.01845,0.30,0.10
2008.04.16 20:34:05.146,1.01805,1.01845,0.30,0.10
2008.04.16 20:34:05.349,1.01805,1.01845,0.30,0.10
2008.04.16 20:34:05.552,1.01805,1.01845,0.30,0.10
2008.04.16 20:34:05.780,1.01805,1.01845,0.30,0.10
2008.04.16 20:34:06.009,1.01805,1.01845,0.30,0.10
2008.04.16 20:34:06.237,1.01805,1.01845,0.30,0.10
2008.04.16 20:34:06.474,1.01805,1.01845,0.30,0.10
2008.04.16 20:34:06.702,1.01805,1.01845,0.30,0.10
2008.04.16 20:34:06.935,1.01805,1.01845,0.30,0.10
2008.04.16 20:34:07.168,1.01805,1.01845,0.30,0.10
2008.04.16 20:34:07.401,1.01805,1.01845,0.30,0.10
2008.04.16 20:34:07.634,1.01805,1.01845,0.30,0.10
2008.04.16 20:34:07.860,1.01805,1.01845,0.30,0.10
2008.04.16 20:34:08.056,1.01805,1.01845,0.30,0.10
2008.04.16 20:34:08.249,1.01805,1.01845,0.30,0.10
2008.04.16 20:34:08.442,1.01805,1.01845,0.30,0.10
2008.04.16 20:34:08.635,1.01805,1.01845,0.30,0.10
2008.04.16 20:34:08.913,1.01805,1.01845,0.30,0.10
2008.04.16 20:34:09.191,1.01805,1.01845,0.30,0.10
2008.04.16 20:34:09.489,1.01805,1.01845,0.30,0.10
2008.04.16 20:34:09.768,1.01805,1.01845,0.30,0.10
2008.04.16 20:34:09.982,1.01805,1.01845,0.30,0.10
2008.04.16 20:34:10.196,1.01805,1.01845,0.30,0.10
2008.04.16 20:34:10.410,1.01805,1.01845,0.30,0.10
2008.04.16 20:34:10.624,1.01805,1.01845,0.30,0.10
2008.04.16 20:34:10.836,1.01805,1.01845,0.30,0.10
2008.04.16 20:34:11.050,1.01805,1.01845,0.30,0.10
2008.04.16 20:34:11.269,1.01805,1.01845,0.30,0.10
2008.04.16 20:34:11.482,1.01805,1.01845,0.30,0.10
2008.04.16 20:34:11.698,1.01805,1.01845,0.30,0.10
2008.04.16 20:34:11.923,1.01805,1.01845,0.30,0.10
2008.04.16 20:34:12.145,1.01805,1.01845,0.30,0.10
2008.04.16 20:34:12.394,1.01805,1.01845,0.30,0.10
2008.04.16 20:34:12.617,1.01805,1.01845,0.30,0.10
2008.04.16 20:34:12.840,1.01805,1.01845,0.30,0.10
2008.04.16 20:34:13.079,1.01805,1.01845,0.30,0.10
2008.04.16 20:34:13.286,1.01805,1.01845,0.30,0.10
2008.04.16 20:34:13.495,1.01805,1.01845,0.30,0.10
2008.04.16 20:34:13.703,1.01805,1.01845,0.30,0.10
2008.04.16 20:34:13.922,1.01805,1.01845,0.30,0.10
2008.04.16 20:34:14.140,1.01805,1.01845,0.30,0.10
2008.04.16 20:34:14.358,1.01805,1.01845,0.30,0.10
2008.04.16 20:34:14.590,1.01805,1.01845,0.30,0.10
2008.04.16 20:34:14.810,1.01805,1.01845,0.30,0.10
2008.04.16 20:34:15.019,1.01805,1.01845,0.30,0.10
2008.04.16 20:34:15.227,1.01805,1.01845,0.30,0.10
2008.04.16 20:34:15.435,1.01805,1.01845,0.30,0.10
2008.04.16 20:34:15.643,1.01805,1.01845,0.30,0.10
2008.04.16 20:34:15.852,1.01805,1.01845,0.30,0.10
2008.04.16 20:34:16.075,1.01805,1.01845,0.30,0.10
2008.04.16 20:34:16.294,1.01805,1.01845,0.30,0.10
2008.04.16 20:34:16.514,1.01805,1.01845,0.30,0.10
2008.04.16 20:34:16.733,1.01805,1.01845,0.30,0.10
2008.04.16 20:34:16.930,1.01805,1.01845,0.30,0.10
2008.04.16 20:34:17.128,1.01805,1.01845,0.30,0.10
2008.04.16 20:34:17.326,1.01805,1.01845,0.30,0.10
2008.04.16 20:34:17.544,1.01805,1.01845,0.30,0.10
2008.04.16 20:34:17.744,1.01805,1.01845,0.30,0.10
2008.04.16 20:34:17.945,1.01805,1.01845,0.30,0.10
2008.04.16 20:34:18.182,1.01805,1.01845,0.30,0.10
2008.04.16 20:34:18.420,1.01805,1.01845,0.30,0.10
2008.04.16 20:34:18.660,1.01805,1.01845,0.30,0.10
2008.04.16 20:34:18.899,1.01805,1.01845,0.30,0.10
2008.04.16 20:34:19.138,1.01805,1.01845,0.30,0.10
2008.04.16 20:34:19.376,1.01805,1.01845,0.30,0.10
2008.04.16 20:34:19.615,1.01805,1.01845,0.30,0.10
2008.04.16 20:34:19.853,1.01805,1.01845,0.30,0.10
2008.04.16 20:34:20.077,1.01805,1.01845,0.30,0.10
2008.04.16 20:34:20.302,1.01805,1.01845,0.30,0.10
2008.04.16 20:34:20.524,1.01805,1.01845,0.30,0.10
2008.04.16 20:34:20.749,1.01805,1.01845,0.30,0.10
2008.04.16 20:34:20.985,1.01805,1.01845,0.30,0.10
2008.04.16 20:34:21.173,1.01805,1.01845,0.30,0.10
2008.04.16 20:34:21.361,1.01805,1.01845,0.30,0.10
2008.04.16 20:34:21.549,1.01805,1.01845,0.30,0.10
2008.04.16 20:34:21.739,1.01805,1.01845,0.30,0.10
2008.04.16 20:34:21.953,1.01805,1.01845,0.30,0.10
2008.04.16 20:34:22.194,1.01805,1.01845,0.30,0.10
2008.04.16 20:34:22.437,1.01805,1.01845,0.30,0.10
2008.04.16 20:34:22.689,1.01805,1.01845,0.30,0.10
2008.04.16 20:34:22.933,1.01805,1.01845,0.30,0.10
2008.04.16 20:34:23.133,1.01805,1.01845,0.30,0.10
2008.04.16 20:34:23.332,1.01805,1.01845,0.30,0.10
2008.04.16 20:34:23.531,1.01805,1.01845,0.30,0.10
2008.04.16 20:34:23.764,1.01805,1.01845,0.30,0.10
2008.04.16 20:34:23.928,1.01805,1.01845,0.30,0.10
2008.04.16 20:34:24.156,1.01805,1.01845,0.30,0.10
2008.04.16 20:34:24.385,1.01805,1.01845,0.30,0.10
2008.04.16 20:34:24.614,1.01805,1.01845,0.30,0.10
2008.04.16 20:34:24.843,1.01805,1.01845,0.30,0.10
2008.04.16 20:34:25.072,1.01805,1.01845,0.30,0.10
2008.04.16 20:34:25.281,1.01805,1.01845,0.30,0.10
2008.04.16 20:34:25.485,1.01805,1.01845,0.30,0.10
2008.04.16 20:34:25.689,1.01805,1.01845,0.30,0.10
2008.04.16 20:34:25.893,1.01805,1.01845,0.30,0.10
2008.04.16 20:34:26.097,1.01805,1.01845,0.30,0.10
2008.04.16 20:34:26.311,1.01805,1.01845,0.30,0.10
2008.04.16 20:34:26.529,1.01805,1.01845,0.30,0.10
2008.04.16 20:34:26.742,1.01805,1.01845,0.30,0.10
2008.04.16 20:34:26.955,1.01805,1.01845,0.30,0.10
2008.04.16 20:34:27.170,1.01805,1.01845,0.30,0.10
2008.04.16 20:34:27.437,1.01805,1.01845,0.30,0.10
2008.04.16 20:34:27.706,1.01805,1.01845,0.30,0.10
2008.04.16 20:34:27.975,1.01805,1.01845,0.30,0.10
2008.04.16 20:34:28.268,1.01805,1.01835,0.30,0.10
2008.04.16 20:34:28.462,1.01805,1.01835,0.30,0.10
2008.04.16 20:34:28.655,1.01805,1.01835,0.30,0.10
2008.04.16 20:34:28.850,1.01805,1.01835,0.30,0.10
2008.04.16 20:34:29.044,1.01805,1.01835,0.30,0.10
2008.04.16 20:34:29.303,1.01805,1.01835,0.30,0.10
2008.04.16 20:34:29.562,1.01805,1.01835,0.30,0.10
2008.04.16 20:34:29.820,1.01805,1.01835,0.30,0.10
2008.04.16 20:34:30.078,1.01805,1.01835,0.30,0.10
2008.04.16 20:34:30.267,1.01805,1.01845,0.30,0.10
2008.04.16 20:34:30.456,1.01805,1.01845,0.30,0.10
2008.04.16 20:34:30.645,1.01805,1.01845,0.30,0.10
2008.04.16 20:34:30.834,1.01805,1.01845,0.30,0.10
2008.04.16 20:34:31.023,1.01805,1.01845,0.30,0.10
2008.04.16 20:34:31.213,1.01805,1.01845,0.30,0.10
2008.04.16 20:34:31.492,1.01805,1.01845,0.30,0.10
2008.04.16 20:34:31.770,1.01805,1.01845,0.30,0.10
2008.04.16 20:34:32.048,1.01805,1.01845,0.30,0.10
2008.04.16 20:34:32.326,1.01805,1.01845,0.30,0.10
2008.04.16 20:34:32.515,1.01805,1.01845,0.30,0.10
2008.04.16 20:34:32.733,1.01805,1.01845,0.30,0.10
2008.04.16 20:34:32.924,1.01805,1.01845,0.30,0.10
2008.04.16 20:34:33.111,1.01805,1.01845,0.30,0.10
2008.04.16 20:34:33.325,1.01805,1.01845,0.30,0.10
2008.04.16 20:34:33.539,1.01805,1.01845,0.30,0.10
2008.04.16 20:34:33.753,1.01805,1.01845,0.30,0.10
2008.04.16 20:34:33.979,1.01805,1.01845,0.30,0.10
2008.04.16 20:34:34.192,1.01805,1.01845,0.30,0.10
2008.04.16 20:34:34.435,1.01805,1.01845,0.30,0.10
2008.04.16 20:34:34.679,1.01805,1.01845,0.30,0.10
2008.04.16 20:34:34.923,1.0181,1.01845,0.40,0.10
2008.04.16 20:34:35.167,1.01815,1.01855,0.30,0.10
2008.04.16 20:34:35.401,1.01825,1.01855,0.30,0.10
2008.04.16 20:34:35.644,1.01825,1.01855,0.30,0.10
2008.04.16 20:34:35.877,1.01825,1.01855,0.30,0.10
2008.04.16 20:34:36.110,1.01825,1.01855,0.30,0.10
2008.04.16 20:34:36.374,1.01825,1.01855,0.30,0.10
2008.04.16 20:34:36.623,1.01825,1.01855,0.30,0.10
2008.04.16 20:34:36.872,1.01825,1.01855,0.30,0.10
2008.04.16 20:34:37.121,1.01825,1.01855,0.30,0.10
2008.04.16 20:34:37.375,1.01825,1.01855,0.30,0.10
2008.04.16 20:34:37.625,1.01825,1.01855,0.30,0.10
2008.04.16 20:34:37.813,1.01825,1.01855,0.30,0.10
2008.04.16 20:34:38.033,1.01825,1.01855,0.30,0.10
2008.04.16 20:34:38.251,1.01825,1.01855,0.30,0.10
2008.04.16 20:34:38.524,1.01825,1.01855,0.30,0.10
2008.04.16 20:34:38.799,1.01825,1.01855,0.30,0.10
2008.04.16 20:34:39.073,1.01825,1.01855,0.30,0.10
2008.04.16 20:34:39.347,1.01825,1.01855,0.30,0.10
2008.04.16 20:34:39.565,1.01825,1.01855,0.30,0.10
2008.04.16 20:34:39.784,1.01825,1.01855,0.30,0.10
2008.04.16 20:34:40.006,1.01825,1.01855,0.30,0.10
2008.04.16 20:34:40.251,1.01825,1.01855,0.30,0.10
2008.04.16 20:34:40.546,1.01825,1.01855,0.30,0.10
2008.04.16 20:34:40.801,1.01805,1.01845,0.30,0.80
2008.04.16 20:34:41.056,1.01805,1.01845,0.30,0.80
2008.04.16 20:34:41.309,1.01805,1.01845,0.30,0.10
2008.04.16 20:34:41.538,1.01805,1.01845,0.30,0.10
2008.04.16 20:34:41.772,1.01805,1.01845,0.30,0.10
2008.04.16 20:34:42.003,1.01805,1.01855,0.30,0.50
2008.04.16 20:34:42.230,1.01805,1.01855,0.30,0.50
2008.04.16 20:34:42.460,1.01805,1.01855,0.30,0.50
2008.04.16 20:34:42.729,1.01805,1.01855,0.30,0.50
2008.04.16 20:34:42.966,1.01805,1.01855,0.30,0.50
2008.04.16 20:34:43.204,1.01805,1.01855,0.30,0.50
2008.04.16 20:34:43.442,1.01805,1.01855,0.30,0.50
2008.04.16 20:34:43.651,1.01805,1.01855,0.30,0.50
2008.04.16 20:34:43.866,1.01805,1.01855,0.30,0.50
2008.04.16 20:34:44.073,1.01805,1.01855,0.30,0.50
2008.04.16 20:34:44.283,1.01805,1.01855,0.30,0.50
2008.04.16 20:34:44.524,1.01805,1.01855,0.30,0.50
2008.04.16 20:34:44.757,1.01805,1.01855,0.30,0.50
2008.04.16 20:34:46.003,1.01805,1.01855,0.30,0.50
2008.04.16 20:34:46.104,1.01805,1.01855,0.30,0.50
2008.04.16 20:34:46.140,1.01805,1.01855,0.30,0.50
2008.04.16 20:34:46.239,1.01805,1.01855,0.30,0.50
2008.04.16 20:34:46.277,1.01805,1.01855,0.30,0.50
2008.04.16 20:34:46.376,1.01805,1.01855,0.30,0.50
2008.04.16 20:34:46.414,1.01805,1.01855,0.30,0.50
2008.04.16 20:34:46.509,1.01805,1.01855,0.30,0.50
2008.04.16 20:34:46.574,1.01805,1.01845,0.30,0.10
2008.04.16 20:34:46.643,1.01805,1.01845,0.30,0.10
2008.04.16 20:34:46.734,1.01805,1.01845,0.30,0.10
2008.04.16 20:34:46.804,1.01805,1.01845,0.30,0.10
2008.04.16 20:34:46.875,1.01805,1.01845,0.30,0.10
2008.04.16 20:34:46.945,1.01805,1.01845,0.30,0.10
2008.04.16 20:34:47.014,1.01805,1.01845,0.30,0.10
2008.04.16 20:34:47.378,1.01805,1.01845,0.30,0.10
2008.04.16 20:34:47.711,1.01805,1.01845,0.30,0.10
2008.04.16 20:34:48.045,1.01805,1.01845,0.30,0.10
2008.04.16 20:34:48.215,1.01805,1.01845,0.30,0.10
2008.04.16 20:34:48.384,1.01805,1.01845,0.30,0.10
2008.04.16 20:34:48.554,1.01805,1.01845,0.30,0.10
2008.04.16 20:34:48.753,1.01805,1.01845,0.30,0.10
2008.04.16 20:34:48.893,1.01805,1.01845,0.30,0.10
2008.04.16 20:34:49.063,1.01805,1.01845,0.30,0.10
2008.04.16 20:34:49.336,1.01805,1.01845,0.30,0.10
2008.04.16 20:34:49.609,1.01805,1.01845,0.30,0.10
2008.04.16 20:34:49.884,1.01805,1.01845,0.30,0.10
2008.04.16 20:34:50.158,1.01805,1.01845,0.30,0.10
2008.04.16 20:34:50.386,1.01805,1.01845,0.30,0.10
2008.04.16 20:34:50.644,1.01805,1.01845,0.30,0.10
2008.04.16 20:34:50.872,1.01805,1.01845,0.30,0.10
2008.04.16 20:34:51.100,1.01805,1.01845,0.30,0.10
2008.04.16 20:34:51.329,1.01805,1.01845,0.30,0.10
2008.04.16 20:34:51.588,1.01805,1.01845,0.30,0.10
2008.04.16 20:34:51.846,1.01805,1.01845,0.30,0.10
2008.04.16 20:34:52.105,1.01805,1.01845,0.30,0.10
2008.04.16 20:34:52.364,1.01805,1.01845,0.30,0.10
2008.04.16 20:34:52.592,1.01805,1.01845,0.30,0.10
2008.04.16 20:34:52.815,1.01805,1.01845,0.30,0.10
2008.04.16 20:34:53.038,1.01805,1.01845,0.30,0.10
2008.04.16 20:34:53.302,1.01805,1.01845,0.30,0.10
2008.04.16 20:34:53.479,1.01805,1.01845,0.30,0.10
2008.04.16 20:34:53.698,1.01805,1.01845,0.30,0.10
2008.04.16 20:34:53.916,1.01805,1.01845,0.30,0.10
2008.04.16 20:34:54.134,1.01805,1.01845,0.30,0.10
2008.04.16 20:34:54.353,1.01805,1.01845,0.30,0.10
2008.04.16 20:34:54.567,1.01805,1.01845,0.30,0.10
2008.04.16 20:34:54.806,1.01805,1.01845,0.30,0.10
2008.04.16 20:34:55.019,1.01805,1.01845,0.30,0.10
2008.04.16 20:34:55.234,1.01805,1.01845,0.30,0.10
2008.04.16 20:34:55.479,1.01805,1.01845,0.30,0.10
2008.04.16 20:34:55.663,1.01805,1.01845,0.30,0.10
2008.04.16 20:34:55.879,1.01805,1.01845,0.30,0.10
2008.04.16 20:34:56.094,1.0179,1.01845,0.40,0.10
2008.04.16 20:34:56.308,1.0179,1.01845,0.40,0.10
2008.04.16 20:34:56.597,1.0179,1.01845,0.40,0.10
2008.04.16 20:34:56.885,1.0179,1.01845,0.40,0.10
2008.04.16 20:34:57.173,1.01795,1.01845,0.30,0.10
2008.04.16 20:34:57.482,1.01795,1.01845,0.30,0.10
2008.04.16 20:34:57.715,1.01795,1.01845,0.30,0.10
2008.04.16 20:34:57.948,1.01795,1.01845,0.30,0.10
2008.04.16 20:34:58.182,1.01795,1.01845,0.30,0.10
2008.04.16 20:34:58.447,1.01815,1.01845,0.30,0.10
2008.04.16 20:34:58.646,1.01815,1.01845,0.30,0.10
2008.04.16 20:34:58.875,1.01795,1.01845,0.30,0.10
2008.04.16 20:34:59.137,1.01795,1.01845,0.30,0.10
2008.04.16 20:34:59.366,1.01795,1.01845,0.30,0.10
2008.04.16 20:34:59.575,1.01795,1.01845,0.30,0.10
2008.04.16 20:34:59.784,1.01795,1.01845,0.30,0.50
2008.04.16 20:34:59.993,1.01795,1.01845,0.30,0.50
2008.04.16 20:35:00.203,1.01795,1.01845,0.30,0.50
2008.04.16 20:35:00.411,1.01795,1.01845,0.30,0.50
2008.04.16 20:35:00.664,1.01795,1.01845,0.30,0.50
2008.04.16 20:35:00.918,1.01795,1.01845,0.30,0.50
2008.04.16 20:35:01.173,1.01795,1.01845,0.30,0.50
2008.04.16 20:35:01.426,1.01785,1.0184,0.50,0.40
2008.04.16 20:35:01.676,1.01785,1.0184,0.50,0.40
2008.04.16 20:35:01.927,1.0177,1.0182,1.80,0.30
2008.04.16 20:35:02.176,1.0177,1.0182,0.20,0.30
2008.04.16 20:35:02.426,1.01805,1.0184,0.30,1.60
2008.04.16 20:35:02.690,1.01805,1.01845,0.30,0.10
2008.04.16 20:35:02.955,1.0177,1.0182,0.20,0.30
2008.04.16 20:35:03.234,1.0177,1.0182,0.20,0.30
2008.04.16 20:35:03.497,1.0177,1.0182,0.20,0.30
2008.04.16 20:35:03.732,1.0177,1.0182,0.20,0.30
2008.04.16 20:35:03.964,1.0177,1.0182,0.20,0.30
2008.04.16 20:35:04.199,1.0177,1.0182,0.20,0.30
2008.04.16 20:35:04.433,1.01765,1.0182,0.20,0.30
2008.04.16 20:35:04.669,1.01765,1.0182,0.20,0.30
2008.04.16 20:35:04.935,1.01765,1.0182,0.20,0.30
2008.04.16 20:35:05.140,1.01765,1.0182,0.20,0.30
2008.04.16 20:35:05.375,1.01765,1.0182,0.20,0.30
2008.04.16 20:35:05.610,1.01765,1.0182,0.20,0.30
2008.04.16 20:35:05.859,1.01805,1.0183,0.30,0.40
2008.04.16 20:35:06.108,1.01805,1.01845,0.30,0.10
2008.04.16 20:35:06.359,1.01805,1.01835,0.30,0.10
2008.04.16 20:35:06.608,1.01805,1.01835,0.30,0.10
2008.04.16 20:35:06.853,1.01805,1.01835,0.30,0.10
2008.04.16 20:35:07.066,1.01805,1.01835,0.30,0.10
2008.04.16 20:35:07.280,1.01805,1.01825,0.30,0.30
2008.04.16 20:35:07.494,1.0179,1.0183,1.60,0.50
2008.04.16 20:35:07.708,1.0177,1.0183,0.40,0.50
2008.04.16 20:35:08.007,1.0177,1.0183,0.40,0.50
2008.04.16 20:35:08.308,1.01785,1.0183,0.30,0.40
2008.04.16 20:35:08.607,1.01785,1.01835,0.30,0.50
2008.04.16 20:35:08.906,1.01785,1.01835,0.30,0.50
2008.04.16 20:35:09.155,1.01785,1.01835,0.30,0.50
2008.04.16 20:35:09.374,1.01785,1.01835,0.30,0.50
2008.04.16 20:35:09.593,1.01785,1.01835,0.30,0.50
2008.04.16 20:35:09.820,1.01785,1.01835,0.30,0.50
2008.04.16 20:35:10.081,1.01785,1.01835,0.30,0.50
2008.04.16 20:35:10.339,1.01785,1.01835,0.30,0.50
2008.04.16 20:35:10.628,1.01785,1.01835,0.30,0.50
2008.04.16 20:35:10.856,1.01785,1.01835,0.30,0.50
2008.04.16 20:35:11.057,1.01785,1.01835,0.30,0.50
2008.04.16 20:35:11.251,1.0179,1.01835,0.40,0.50
2008.04.16 20:35:11.446,1.01805,1.01835,0.30,0.50
2008.04.16 20:35:11.652,1.01805,1.01835,0.30,0.10
2008.04.16 20:35:11.886,1.01805,1.01835,0.30,0.10
2008.04.16 20:35:12.119,1.01805,1.01835,0.30,0.10
2008.04.16 20:35:12.352,1.01805,1.01835,0.30,0.10
2008.04.16 20:35:12.586,1.01805,1.01835,0.30,0.10
2008.04.16 20:35:12.821,1.01805,1.01835,0.30,0.10
2008.04.16 20:35:13.075,1.01805,1.01835,0.30,0.10
2008.04.16 20:35:13.298,1.01805,1.01835,0.30,0.10
2008.04.16 20:35:13.523,1.01805,1.01835,0.30,0.10
2008.04.16 20:35:13.745,1.01805,1.01835,0.30,0.10
2008.04.16 20:35:13.953,1.01805,1.01835,0.30,0.10
2008.04.16 20:35:14.162,1.01805,1.01835,0.30,0.10
2008.04.16 20:35:14.372,1.01795,1.01835,0.30,0.10
2008.04.16 20:35:14.580,1.01795,1.01835,0.30,0.10
2008.04.16 20:35:14.790,1.01795,1.01835,0.30,0.10
2008.04.16 20:35:15.034,1.01805,1.01835,0.30,0.10
2008.04.16 20:35:15.277,1.01805,1.01835,0.30,0.10
2008.04.16 20:35:15.520,1.01805,1.01835,0.30,0.10
2008.04.16 20:35:15.796,1.01805,1.01835,0.30,0.10
2008.04.16 20:35:15.978,1.01805,1.01835,0.30,0.10
2008.04.16 20:35:16.192,1.01805,1.01835,0.30,0.10
2008.04.16 20:35:16.405,1.01805,1.01835,0.30,0.10
2008.04.16 20:35:16.619,1.01805,1.01835,0.30,0.10
2008.04.16 20:35:16.833,1.01805,1.01835,0.30,0.10
2008.04.16 20:35:17.077,1.01805,1.01835,0.30,0.10
2008.04.16 20:35:17.321,1.01805,1.01835,0.30,0.10
2008.04.16 20:35:17.564,1.01805,1.01835,0.30,0.10
2008.04.16 20:35:17.808,1.01805,1.01835,0.30,0.10
2008.04.16 20:35:18.032,1.01805,1.01835,0.30,0.10
2008.04.16 20:35:18.246,1.01805,1.01835,0.30,0.10
2008.04.16 20:35:18.480,1.01805,1.01835,0.30,0.10
2008.04.16 20:35:18.695,1.01805,1.01835,0.30,0.10
2008.04.16 20:35:18.910,1.01805,1.01835,0.30,0.10
2008.04.16 20:35:19.138,1.01805,1.01835,0.30,0.10
2008.04.16 20:35:19.367,1.01805,1.01835,0.30,0.10
2008.04.16 20:35:19.602,1.01805,1.01835,0.30,0.10
2008.04.16 20:35:19.831,1.01805,1.01835,0.30,0.10
2008.04.16 20:35:20.058,1.01805,1.01835,0.30,0.10
2008.04.16 20:35:20.252,1.01805,1.01835,0.30,0.10
2008.04.16 20:35:20.446,1.01805,1.01835,0.30,0.10
2008.04.16 20:35:20.640,1.01805,1.01835,0.30,0.10
2008.04.16 20:35:20.846,1.01805,1.01835,0.30,0.10
2008.04.16 20:35:21.119,1.01805,1.01835,0.30,0.10
2008.04.16 20:35:21.392,1.01805,1.01835,0.30,0.10
2008.04.16 20:35:21.665,1.01805,1.01835,0.30,0.10
2008.04.16 20:35:21.938,1.01805,1.01835,0.30,0.10
2008.04.16 20:35:22.142,1.01805,1.01835,0.30,0.10
2008.04.16 20:35:22.372,1.01805,1.01835,0.30,0.10
2008.04.16 20:35:22.576,1.01805,1.01835,0.30,0.10
2008.04.16 20:35:22.781,1.01805,1.01835,0.30,0.10
2008.04.16 20:35:22.986,1.01805,1.01835,0.30,0.10
2008.04.16 20:35:23.213,1.01805,1.01835,0.30,0.10
2008.04.16 20:35:23.443,1.01805,1.01835,0.30,0.10
2008.04.16 20:35:23.671,1.01805,1.01835,0.30,0.10
2008.04.16 20:35:23.900,1.01805,1.01835,0.30,0.10
2008.04.16 20:35:24.124,1.01805,1.01835,0.30,0.10
2008.04.16 20:35:24.349,1.01805,1.01835,0.30,0.10
2008.04.16 20:35:24.588,1.01805,1.01835,0.30,0.10
2008.04.16 20:35:24.812,1.01805,1.01835,0.30,0.10
2008.04.16 20:35:25.036,1.01805,1.01835,0.30,0.10
2008.04.16 20:35:25.288,1.01805,1.01835,0.30,0.10
2008.04.16 20:35:25.538,1.01805,1.01835,0.30,0.10
2008.04.16 20:35:25.787,1.01805,1.01835,0.30,0.10
2008.04.16 20:35:26.037,1.01805,1.01835,0.30,0.10
2008.04.16 20:35:26.291,1.01805,1.01835,0.30,0.10
2008.04.16 20:35:26.482,1.01805,1.01835,0.30,0.10
2008.04.16 20:35:26.706,1.01805,1.01835,0.30,0.10
2008.04.16 20:35:26.930,1.01805,1.01835,0.30,0.10
2008.04.16 20:35:27.143,1.01805,1.01835,0.30,0.10
2008.04.16 20:35:27.357,1.01805,1.01835,0.30,0.10
2008.04.16 20:35:27.571,1.01795,1.01835,0.30,0.10
2008.04.16 20:35:27.785,1.01795,1.01835,0.30,0.10
2008.04.16 20:35:27.999,1.01795,1.01835,0.30,0.10
2008.04.16 20:35:28.228,1.01795,1.01835,0.30,0.10
2008.04.16 20:35:28.457,1.01795,1.01835,0.30,0.10
2008.04.16 20:35:28.693,1.01795,1.01835,0.30,0.10
2008.04.16 20:35:28.922,1.01795,1.01835,0.30,0.10
2008.04.16 20:35:29.152,1.01795,1.01835,0.30,0.40
2008.04.16 20:35:29.362,1.0179,1.01825,0.80,0.10
2008.04.16 20:35:29.599,1.0179,1.01825,0.80,0.10
2008.04.16 20:35:29.808,1.0179,1.01825,0.80,0.10
2008.04.16 20:35:30.017,1.0179,1.01825,0.80,0.10
2008.04.16 20:35:30.225,1.0179,1.01825,0.80,0.10
2008.04.16 20:35:30.474,1.0179,1.01825,0.80,0.10
2008.04.16 20:35:30.723,1.0179,1.01825,0.80,0.10
2008.04.16 20:35:30.971,1.0179,1.01825,0.80,0.10
2008.04.16 20:35:31.241,1.0179,1.01825,1.10,0.10
2008.04.16 20:35:31.493,1.01795,1.01835,0.30,0.10
2008.04.16 20:35:31.711,1.01795,1.01835,0.30,0.10
2008.04.16 20:35:31.930,1.01795,1.01835,0.30,0.10
2008.04.16 20:35:32.150,1.01795,1.01835,0.30,0.10
2008.04.16 20:35:32.425,1.01795,1.01835,0.30,0.10
2008.04.16 20:35:32.700,1.01795,1.01835,0.30,0.10
2008.04.16 20:35:33.004,1.01795,1.01835,0.30,0.10
2008.04.16 20:35:33.278,1.01795,1.01835,0.30,0.10
2008.04.16 20:35:33.471,1.01795,1.01835,0.30,0.10
2008.04.16 20:35:33.664,1.01795,1.01835,0.30,0.10
2008.04.16 20:35:33.859,1.01795,1.01835,0.30,0.10
2008.04.16 20:35:34.053,1.01795,1.01835,0.30,0.10
2008.04.16 20:35:34.246,1.01795,1.01835,0.30,0.10
2008.04.16 20:35:34.475,1.01795,1.01835,0.30,0.10
2008.04.16 20:35:34.704,1.01795,1.01835,0.30,0.10
2008.04.16 20:35:34.933,1.01795,1.01835,0.30,0.10
2008.04.16 20:35:35.162,1.01795,1.01835,0.30,0.10
2008.04.16 20:35:35.450,1.01795,1.01835,0.30,0.10
2008.04.16 20:35:35.739,1.01795,1.01835,0.30,0.10
2008.04.16 20:35:36.028,1.01795,1.01835,0.30,0.10
2008.04.16 20:35:36.326,1.01795,1.01835,0.30,0.10
2008.04.16 20:35:36.529,1.01795,1.01835,0.30,0.10
2008.04.16 20:35:36.733,1.01795,1.01835,0.30,0.10
2008.04.16 20:35:36.937,1.01795,1.01835,0.30,0.10
2008.04.16 20:35:37.142,1.01795,1.01835,0.30,0.10
2008.04.16 20:35:37.347,1.01795,1.01835,0.30,0.10
2008.04.16 20:35:37.590,1.01795,1.01835,0.30,0.10
2008.04.16 20:35:37.834,1.01795,1.01835,0.30,0.10
2008.04.16 20:35:38.077,1.01795,1.01835,0.30,0.10
2008.04.16 20:35:38.351,1.01795,1.01835,0.30,0.10
2008.04.16 20:35:38.549,1.01795,1.01835,0.30,0.10
2008.04.16 20:35:38.749,1.01795,1.01835,0.30,0.10
2008.04.16 20:35:38.953,1.01795,1.01845,0.30,0.10
2008.04.16 20:35:39.152,1.01795,1.01845,0.30,0.10
2008.04.16 20:35:39.350,1.01795,1.01835,0.30,0.30
2008.04.16 20:35:39.604,1.01775,1.01825,0.70,0.10
2008.04.16 20:35:39.859,1.01775,1.01825,0.70,0.10
2008.04.16 20:35:40.112,1.01775,1.01825,0.70,0.10
2008.04.16 20:35:40.366,1.01775,1.01825,0.70,0.10
2008.04.16 20:35:40.569,1.01775,1.01825,0.70,0.10
2008.04.16 20:35:40.772,1.01785,1.01825,0.40,0.10
2008.04.16 20:35:40.998,1.01795,1.0184,0.30,0.40
2008.04.16 20:35:41.202,1.01795,1.01845,0.30,0.40
2008.04.16 20:35:41.405,1.01795,1.01845,0.30,0.40
2008.04.16 20:35:41.652,1.01795,1.01845,0.30,0.40
2008.04.16 20:35:41.897,1.01795,1.01845,0.30,0.10
2008.04.16 20:35:42.142,1.01795,1.01845,0.30,0.10
2008.04.16 20:35:42.388,1.01795,1.01845,0.30,0.10
2008.04.16 20:35:42.621,1.01805,1.01845,0.30,0.10
2008.04.16 20:35:42.883,1.01805,1.01845,0.30,0.10
2008.04.16 20:35:43.115,1.01805,1.01845,0.30,0.10
2008.04.16 20:35:43.343,1.01805,1.01845,0.30,0.10
2008.04.16 20:35:43.587,1.01805,1.01845,0.30,0.10
2008.04.16 20:35:43.861,1.01805,1.01845,0.30,0.10
2008.04.16 20:35:44.104,1.01805,1.01845,0.30,0.10
2008.04.16 20:35:44.350,1.01805,1.01845,0.30,0.10
2008.04.16 20:35:44.593,1.01805,1.01845,0.30,0.10
2008.04.16 20:35:44.806,1.01805,1.01845,0.30,0.10
2008.04.16 20:35:45.020,1.01805,1.01845,0.30,0.10
2008.04.16 20:35:45.235,1.01805,1.01845,0.30,0.10
2008.04.16 20:35:45.481,1.01805,1.01845,0.30,0.10
2008.04.16 20:35:45.719,1.01805,1.01845,0.30,0.10
2008.04.16 20:35:45.958,1.01805,1.01845,0.30,0.10
2008.04.16 20:35:46.197,1.01805,1.01845,0.30,0.10
2008.04.16 20:35:46.436,1.01805,1.01845,0.30,0.10
2008.04.16 20:35:46.641,1.01805,1.01845,0.30,0.10
2008.04.16 20:35:46.841,1.01805,1.01845,0.30,0.10
2008.04.16 20:35:47.039,1.01805,1.01845,0.30,0.10
2008.04.16 20:35:47.238,1.01805,1.01845,0.30,0.10
2008.04.16 20:35:47.439,1.01805,1.01845,0.30,0.10
2008.04.16 20:35:47.662,1.01805,1.01845,0.30,0.10
2008.04.16 20:35:47.888,1.01805,1.01845,0.30,0.10
2008.04.16 20:35:48.115,1.01805,1.01845,0.30,0.10
2008.04.16 20:35:48.336,1.01805,1.01845,0.30,0.10
2008.04.16 20:35:48.560,1.01805,1.01845,0.30,0.10
2008.04.16 20:35:48.830,1.01805,1.01845,0.30,0.10
2008.04.16 20:35:49.100,1.01805,1.01845,0.30,0.80
2008.04.16 20:35:49.368,1.01805,1.01845,0.30,0.80
2008.04.16 20:35:49.636,1.01805,1.01845,0.30,0.80
2008.04.16 20:35:49.850,1.01805,1.01845,0.30,0.10
2008.04.16 20:35:50.063,1.01805,1.01845,0.30,0.10
2008.04.16 20:35:50.276,1.01805,1.01845,0.30,0.10
2008.04.16 20:35:50.490,1.01805,1.01845,0.30,0.10
2008.04.16 20:35:50.722,1.01805,1.01845,0.30,0.10
2008.04.16 20:35:50.958,1.01805,1.01845,0.30,0.10
2008.04.16 20:35:51.191,1.01805,1.01845,0.30,0.10
2008.04.16 20:35:51.425,1.01805,1.01845,0.30,0.10
2008.04.16 20:35:51.659,1.01805,1.01845,0.30,0.10
2008.04.16 20:35:51.902,1.01805,1.01845,0.30,0.10
2008.04.16 20:35:52.145,1.01805,1.01845,0.30,0.10
2008.04.16 20:35:52.389,1.01805,1.01845,0.30,0.10
2008.04.16 20:35:52.633,1.01805,1.01845,0.30,0.10
2008.04.16 20:35:52.827,1.01805,1.01845,0.30,0.10
2008.04.16 20:35:53.020,1.01805,1.01845,0.30,0.10
2008.04.16 20:35:53.214,1.01805,1.01845,0.30,0.10
2008.04.16 20:35:53.408,1.01805,1.01845,0.30,0.10
2008.04.16 20:35:53.600,1.01805,1.01845,0.30,0.10
2008.04.16 20:35:53.834,1.01805,1.01845,0.30,0.10
2008.04.16 20:35:54.068,1.01805,1.01845,0.30,0.10
2008.04.16 20:35:54.317,1.01805,1.01845,0.30,0.10
2008.04.16 20:35:54.550,1.01805,1.01845,0.30,0.10
2008.04.16 20:35:54.785,1.01805,1.01845,0.30,0.10
2008.04.16 20:35:54.994,1.01805,1.01845,0.30,0.10
2008.04.16 20:35:55.204,1.01805,1.01845,0.30,0.10
2008.04.16 20:35:55.413,1.01805,1.01845,0.30,0.10
2008.04.16 20:35:55.625,1.01805,1.01845,0.30,0.10
2008.04.16 20:35:55.857,1.01805,1.01845,0.30,0.10
2008.04.16 20:35:56.058,1.01805,1.01845,0.30,0.10
2008.04.16 20:35:56.254,1.01805,1.01845,0.30,0.10
2008.04.16 20:35:56.454,1.01805,1.01845,0.30,0.10
2008.04.16 20:35:56.652,1.01805,1.01845,0.30,0.10
2008.04.16 20:35:56.896,1.01805,1.01845,0.30,0.10
2008.04.16 20:35:57.135,1.01805,1.01845,0.30,0.10
2008.04.16 20:35:57.373,1.01805,1.01845,0.30,0.10
2008.04.16 20:35:57.613,1.01805,1.01845,0.30,0.10
2008.04.16 20:35:57.852,1.01805,1.01845,0.30,0.80
2008.04.16 20:35:58.119,1.01805,1.01845,0.30,0.80
2008.04.16 20:35:58.351,1.01805,1.01845,0.30,0.80
2008.04.16 20:35:58.585,1.01805,1.01845,0.30,0.80
2008.04.16 20:35:58.819,1.01805,1.01845,0.30,0.80
2008.04.16 20:35:59.063,1.01805,1.01845,0.30,0.80
2008.04.16 20:35:59.306,1.01805,1.01845,0.30,0.80
2008.04.16 20:35:59.550,1.01805,1.01845,0.30,0.80
2008.04.16 20:35:59.809,1.01805,1.01845,0.30,0.80
2008.04.16 20:36:00.030,1.01805,1.01845,0.30,0.80
2008.04.16 20:36:00.240,1.01805,1.01845,0.30,0.80
2008.04.16 20:36:00.478,1.01805,1.01845,0.30,0.80
2008.04.16 20:36:00.657,1.01805,1.01845,0.30,0.80
2008.04.16 20:36:00.865,1.01805,1.01845,0.30,0.80
2008.04.16 20:36:01.100,1.01805,1.01845,0.30,0.80
2008.04.16 20:36:01.333,1.01805,1.01845,0.30,0.80
2008.04.16 20:36:01.567,1.01805,1.01845,0.30,0.80
2008.04.16 20:36:01.801,1.01805,1.01845,0.30,0.80
2008.04.16 20:36:02.036,1.01805,1.01845,0.30,0.80
2008.04.16 20:36:02.283,1.01805,1.01845,0.30,0.80
2008.04.16 20:36:02.512,1.01805,1.01845,0.30,0.80
2008.04.16 20:36:02.741,1.01805,1.01845,0.30,0.80
2008.04.16 20:36:02.969,1.01805,1.01845,0.30,0.80
2008.04.16 20:36:03.214,1.01805,1.01845,0.30,0.80
2008.04.16 20:36:03.458,1.01805,1.01845,0.30,0.80
2008.04.16 20:36:03.701,1.01805,1.01845,0.30,0.80
2008.04.16 20:36:03.945,1.01805,1.01845,0.30,0.80
2008.04.16 20:36:04.179,1.01805,1.01845,0.30,0.80
2008.04.16 20:36:04.413,1.01805,1.01845,0.30,0.80
2008.04.16 20:36:04.647,1.01805,1.01845,0.30,0.80
2008.04.16 20:36:04.880,1.01805,1.01845,0.30,0.80
2008.04.16 20:36:05.113,1.01805,1.01845,0.30,0.80
2008.04.16 20:36:05.312,1.01805,1.01845,0.30,0.80
2008.04.16 20:36:05.510,1.01805,1.01845,0.30,0.80
2008.04.16 20:36:05.710,1.01805,1.01845,0.30,0.80
2008.04.16 20:36:05.921,1.01805,1.01845,0.30,0.80
2008.04.16 20:36:06.168,1.01805,1.01845,0.30,0.80
2008.04.16 20:36:06.417,1.01805,1.01845,0.30,0.80
2008.04.16 20:36:06.695,1.01805,1.01845,0.30,0.80
2008.04.16 20:36:06.943,1.01805,1.01845,0.30,0.80
2008.04.16 20:36:07.190,1.01805,1.01845,0.30,0.80
2008.04.16 20:36:07.401,1.01805,1.01845,0.30,0.80
2008.04.16 20:36:07.597,1.01805,1.01845,0.30,0.80
2008.04.16 20:36:07.789,1.01805,1.01845,0.30,0.80
2008.04.16 20:36:07.981,1.01805,1.01845,0.30,0.80
2008.04.16 20:36:08.214,1.01805,1.01845,0.30,0.80
2008.04.16 20:36:08.447,1.01805,1.01845,0.30,0.80
2008.04.16 20:36:08.691,1.01805,1.01845,0.30,0.80
2008.04.16 20:36:08.926,1.01805,1.01845,0.30,0.80
2008.04.16 20:36:09.161,1.01805,1.01845,0.30,0.80
2008.04.16 20:36:09.405,1.01805,1.01845,0.30,0.80
2008.04.16 20:36:09.648,1.01805,1.01845,0.30,0.80
2008.04.16 20:36:09.891,1.01805,1.01845,0.30,0.80
2008.04.16 20:36:10.158,1.01805,1.01845,0.30,0.80
2008.04.16 20:36:10.417,1.01805,1.01845,0.30,0.80
2008.04.16 20:36:10.676,1.01805,1.01845,0.30,0.80
2008.04.16 20:36:10.935,1.01805,1.01845,0.30,0.80
2008.04.16 20:36:11.194,1.01805,1.01835,0.30,0.10
2008.04.16 20:36:11.387,1.01805,1.01835,0.30,0.10
2008.04.16 20:36:11.581,1.01805,1.01835,0.30,0.10
2008.04.16 20:36:11.775,1.01805,1.01835,0.30,0.10
2008.04.16 20:36:11.969,1.01805,1.01835,0.30,0.10
2008.04.16 20:36:12.163,1.01805,1.01835,0.30,0.10
2008.04.16 20:36:12.397,1.01805,1.01835,0.30,0.10
2008.04.16 20:36:12.631,1.01805,1.01835,0.30,0.10
2008.04.16 20:36:12.864,1.01805,1.01835,0.30,0.10
2008.04.16 20:36:13.097,1.01805,1.01835,0.30,0.10
2008.04.16 20:36:13.320,1.01805,1.01835,0.30,0.10
2008.04.16 20:36:13.543,1.01805,1.01835,0.30,0.10
2008.04.16 20:36:13.767,1.01805,1.01835,0.30,0.10
2008.04.16 20:36:13.992,1.01805,1.01835,0.30,0.10
2008.04.16 20:36:14.216,1.01805,1.01835,0.30,0.10
2008.04.16 20:36:14.435,1.01805,1.01835,0.30,0.10
2008.04.16 20:36:14.654,1.01805,1.01835,0.30,0.10
2008.04.16 20:36:14.874,1.0179,1.01835,0.20,0.10
2008.04.16 20:36:15.124,1.0179,1.01835,0.20,0.10
2008.04.16 20:36:15.367,1.0179,1.01835,1.80,0.10
2008.04.16 20:36:15.611,1.01795,1.01855,0.70,0.40
2008.04.16 20:36:15.856,1.01795,1.01855,0.70,0.40
2008.04.16 20:36:16.101,1.01805,1.01855,0.30,0.10
2008.04.16 20:36:16.346,1.01805,1.01855,0.30,0.10
2008.04.16 20:36:16.580,1.01805,1.01855,0.30,0.10
2008.04.16 20:36:16.813,1.01805,1.01855,0.30,0.10
2008.04.16 20:36:17.047,1.01805,1.01855,0.30,0.10
2008.04.16 20:36:17.304,1.01805,1.01855,0.30,0.10
2008.04.16 20:36:17.532,1.01805,1.01855,0.30,0.10
2008.04.16 20:36:17.761,1.01805,1.01855,0.30,0.10
2008.04.16 20:36:17.989,1.01805,1.01855,0.30,0.10
2008.04.16 20:36:18.218,1.01805,1.01845,0.30,0.10
2008.04.16 20:36:18.474,1.01805,1.01845,0.30,0.10
2008.04.16 20:36:18.741,1.01805,1.01845,0.30,0.10
2008.04.16 20:36:18.974,1.01805,1.01845,0.30,0.10
2008.04.16 20:36:19.208,1.01805,1.01845,0.30,0.10
2008.04.16 20:36:19.462,1.01805,1.01845,0.30,0.10
2008.04.16 20:36:19.716,1.01805,1.01845,0.30,0.10
2008.04.16 20:36:19.969,1.01805,1.01845,0.30,0.10
2008.04.16 20:36:20.245,1.01805,1.01845,0.30,0.10
2008.04.16 20:36:20.510,1.01805,1.01845,0.30,0.10
2008.04.16 20:36:20.743,1.01805,1.01845,0.30,0.10
2008.04.16 20:36:20.977,1.01805,1.01845,0.30,0.10
2008.04.16 20:36:21.211,1.01805,1.01845,0.30,0.10
2008.04.16 20:36:21.464,1.01805,1.01845,0.30,0.10
2008.04.16 20:36:21.717,1.01805,1.01845,0.30,0.10
2008.04.16 20:36:21.971,1.01805,1.01845,0.30,0.10
2008.04.16 20:36:22.224,1.01805,1.01845,0.30,0.10
2008.04.16 20:36:22.418,1.01805,1.01845,0.30,0.10
2008.04.16 20:36:22.612,1.01805,1.01845,0.30,0.10
2008.04.16 20:36:22.805,1.01805,1.01845,0.30,0.10
2008.04.16 20:36:22.999,1.01805,1.01845,0.30,0.10
2008.04.16 20:36:23.205,1.01805,1.01845,0.30,0.10
2008.04.16 20:36:23.437,1.01805,1.01845,0.30,0.10
2008.04.16 20:36:23.671,1.01805,1.01845,0.30,0.10
2008.04.16 20:36:23.906,1.01805,1.01845,0.30,0.10
2008.04.16 20:36:24.139,1.01805,1.01845,0.30,0.10
2008.04.16 20:36:24.372,1.01805,1.01845,0.30,0.10
2008.04.16 20:36:24.610,1.01805,1.01845,0.30,0.10
2008.04.16 20:36:24.848,1.01805,1.01845,0.30,0.10
2008.04.16 20:36:25.086,1.01805,1.01845,0.30,0.10
2008.04.16 20:36:25.327,1.01805,1.01845,0.30,0.10
2008.04.16 20:36:25.540,1.01805,1.01845,0.30,0.10
2008.04.16 20:36:25.755,1.01805,1.01845,0.30,0.10
2008.04.16 20:36:25.970,1.01805,1.01845,0.30,0.10
2008.04.16 20:36:26.183,1.01805,1.01845,0.30,0.10
2008.04.16 20:36:26.426,1.01805,1.01845,0.30,0.10
2008.04.16 20:36:26.665,1.01805,1.01845,0.30,0.10
2008.04.16 20:36:26.903,1.01805,1.01845,0.30,0.10
2008.04.16 20:36:27.142,1.01805,1.01845,0.30,0.10
2008.04.16 20:36:27.381,1.01805,1.01845,0.30,0.10
2008.04.16 20:36:27.581,1.01805,1.01845,0.30,0.10
2008.04.16 20:36:27.780,1.01805,1.01845,0.30,0.10
2008.04.16 20:36:27.979,1.01805,1.01845,0.30,0.10
2008.04.16 20:36:28.177,1.01805,1.01845,0.30,0.10
2008.04.16 20:36:28.376,1.01805,1.01845,0.30,0.10
2008.04.16 20:36:28.589,1.01805,1.01845,0.30,0.10
2008.04.16 20:36:28.819,1.01805,1.01845,0.30,0.10
2008.04.16 20:36:29.064,1.01805,1.01845,0.30,0.10
2008.04.16 20:36:29.276,1.01805,1.01845,0.30,0.10
2008.04.16 20:36:29.489,1.01805,1.01845,0.30,0.10
2008.04.16 20:36:29.789,1.01805,1.01845,0.30,0.10
2008.04.16 20:36:30.087,1.01805,1.01845,0.30,0.10
2008.04.16 20:36:30.385,1.01805,1.01845,0.30,0.10
2008.04.16 20:36:30.569,1.01805,1.01845,0.30,0.10
2008.04.16 20:36:30.753,1.01805,1.01845,0.30,0.10
2008.04.16 20:36:30.935,1.01805,1.01845,0.30,0.10
2008.04.16 20:36:31.120,1.01805,1.01845,0.30,0.10
2008.04.16 20:36:31.303,1.01805,1.01845,0.30,0.10
2008.04.16 20:36:31.608,1.01805,1.01845,0.30,0.10
2008.04.16 20:36:31.892,1.01805,1.01845,0.30,0.10
2008.04.16 20:36:32.177,1.01805,1.01845,0.30,0.10
2008.04.16 20:36:32.462,1.01805,1.01845,0.30,0.10
2008.04.16 20:36:32.686,1.01805,1.01845,0.30,0.10
2008.04.16 20:36:32.943,1.01805,1.01845,0.30,0.10
2008.04.16 20:36:33.167,1.01805,1.01845,0.30,0.10
2008.04.16 20:36:33.390,1.01805,1.01845,0.30,0.10
2008.04.16 20:36:33.609,1.01805,1.01845,0.30,0.10
2008.04.16 20:36:33.834,1.01805,1.01845,0.30,0.10
2008.04.16 20:36:34.052,1.01805,1.01845,0.30,0.10
2008.04.16 20:36:34.271,1.01805,1.01845,0.30,0.10
2008.04.16 20:36:34.491,1.01805,1.01845,0.30,0.10
2008.04.16 20:36:34.741,1.01805,1.01845,0.30,0.10
2008.04.16 20:36:34.988,1.01805,1.01845,0.30,0.10
2008.04.16 20:36:35.237,1.01805,1.01845,0.30,0.10
2008.04.16 20:36:35.518,1.01805,1.01845,0.30,0.10
2008.04.16 20:36:35.741,1.01805,1.01845,0.30,0.10
2008.04.16 20:36:35.965,1.01805,1.01845,0.30,0.10
2008.04.16 20:36:36.189,1.01805,1.01845,0.30,0.10
2008.04.16 20:36:36.412,1.01805,1.01845,0.30,0.10
2008.04.16 20:36:36.636,1.01805,1.01845,0.30,0.10
2008.04.16 20:36:36.865,1.01805,1.01845,0.30,0.10
2008.04.16 20:36:37.093,1.01805,1.01845,0.30,0.10
2008.04.16 20:36:37.322,1.01805,1.01845,0.30,0.10
2008.04.16 20:36:37.550,1.01805,1.01845,0.30,0.10
2008.04.16 20:36:37.834,1.01805,1.01845,0.30,0.10
2008.04.16 20:36:38.117,1.01805,1.01845,0.30,0.10
2008.04.16 20:36:38.401,1.01805,1.01845,0.30,0.10
2008.04.16 20:36:38.684,1.01805,1.01845,0.30,0.10
2008.04.16 20:36:38.868,1.01805,1.01845,0.30,0.10
2008.04.16 20:36:39.052,1.01805,1.01845,0.30,0.10
2008.04.16 20:36:39.236,1.01805,1.01845,0.30,0.10
2008.04.16 20:36:39.420,1.01805,1.01845,0.30,0.10
2008.04.16 20:36:39.603,1.01805,1.01845,0.30,0.10
2008.04.16 20:36:39.889,1.01805,1.01845,0.30,0.80
2008.04.16 20:36:40.171,1.01805,1.01845,0.30,0.80
2008.04.16 20:36:40.455,1.01805,1.01845,0.30,0.80
2008.04.16 20:36:40.740,1.01805,1.01845,0.30,0.80
2008.04.16 20:36:40.969,1.01805,1.01845,0.50,0.80
2008.04.16 20:36:41.245,1.01815,1.01845,0.30,0.10
2008.04.16 20:36:41.503,1.01815,1.01845,0.30,0.10
2008.04.16 20:36:41.764,1.01815,1.01845,0.30,0.10
2008.04.16 20:36:41.965,1.01815,1.01845,0.30,0.10
2008.04.16 20:36:42.199,1.01815,1.01845,0.30,0.10
2008.04.16 20:36:42.465,1.01815,1.01845,0.30,0.10
2008.04.16 20:36:42.667,1.01815,1.01845,0.30,0.10
2008.04.16 20:36:42.901,1.01815,1.01845,0.30,0.10
2008.04.16 20:36:43.136,1.01815,1.01845,0.30,0.10
2008.04.16 20:36:43.381,1.01805,1.01845,0.30,0.10
2008.04.16 20:36:43.651,1.01805,1.01845,0.30,0.10
2008.04.16 20:36:43.894,1.01805,1.01845,0.30,0.10
2008.04.16 20:36:44.139,1.01805,1.01845,0.30,0.10
2008.04.16 20:36:44.382,1.01805,1.01845,0.30,0.10
2008.04.16 20:36:44.625,1.01805,1.01845,0.30,0.10
2008.04.16 20:36:44.869,1.01805,1.01845,0.30,0.10
2008.04.16 20:36:45.083,1.01805,1.01845,0.30,0.10
2008.04.16 20:36:45.296,1.01805,1.01845,0.30,0.10
2008.04.16 20:36:45.510,1.01805,1.01845,0.30,0.10
2008.04.16 20:36:45.724,1.01805,1.01845,0.30,0.10
2008.04.16 20:36:45.952,1.01805,1.01845,0.30,0.10
2008.04.16 20:36:46.180,1.01805,1.01845,0.30,0.10
2008.04.16 20:36:46.409,1.01805,1.01845,0.30,0.10
2008.04.16 20:36:46.668,1.01805,1.01845,0.30,0.10
2008.04.16 20:36:46.896,1.01805,1.01845,0.30,0.10
2008.04.16 20:36:47.135,1.01805,1.01845,0.30,0.10
2008.04.16 20:36:47.374,1.01805,1.01845,0.30,0.10
2008.04.16 20:36:47.613,1.01805,1.01845,0.30,0.10
2008.04.16 20:36:47.851,1.01805,1.01845,0.30,0.10
2008.04.16 20:36:48.092,1.01805,1.01845,0.30,0.10
2008.04.16 20:36:48.269,1.01805,1.01845,0.30,0.10
2008.04.16 20:36:48.478,1.01805,1.01845,0.30,0.10
2008.04.16 20:36:48.688,1.01805,1.01845,0.30,0.10
2008.04.16 20:36:48.897,1.01805,1.01845,0.30,0.10
2008.04.16 20:36:49.151,1.01805,1.01845,0.30,0.10
2008.04.16 20:36:49.406,1.01805,1.01845,0.30,0.10
2008.04.16 20:36:49.690,1.01805,1.01845,0.30,0.10
2008.04.16 20:36:49.914,1.01805,1.01845,0.30,0.10
2008.04.16 20:36:50.117,1.01805,1.01845,0.30,0.10
2008.04.16 20:36:50.320,1.01805,1.01845,0.30,0.10
2008.04.16 20:36:50.524,1.01805,1.01845,0.30,0.10
2008.04.16 20:36:50.728,1.01805,1.01845,0.30,0.10
2008.04.16 20:36:50.940,1.01805,1.01845,0.30,0.10
2008.04.16 20:36:51.218,1.01805,1.01845,0.30,0.10
2008.04.16 20:36:51.428,1.01805,1.01845,0.30,0.10
2008.04.16 20:36:51.674,1.01805,1.01845,0.30,0.10
2008.04.16 20:36:51.950,1.01805,1.01845,0.30,0.10
2008.04.16 20:36:52.189,1.01805,1.01845,0.30,0.10
2008.04.16 20:36:52.428,1.01805,1.01845,0.30,0.10
2008.04.16 20:36:52.667,1.01805,1.01845,0.30,0.10
2008.04.16 20:36:52.906,1.01805,1.01845,0.30,0.10
2008.04.16 20:36:53.106,1.01805,1.01845,0.30,0.10
2008.04.16 20:36:53.294,1.01805,1.01845,0.30,0.10
2008.04.16 20:36:53.483,1.01805,1.01845,0.30,0.10
2008.04.16 20:36:53.672,1.01805,1.01845,0.30,0.10
2008.04.16 20:36:53.862,1.01805,1.01845,0.30,0.10
2008.04.16 20:36:54.051,1.01805,1.01845,0.30,0.10
2008.04.16 20:36:54.300,1.01805,1.01845,0.30,0.10
2008.04.16 20:36:54.548,1.01805,1.01845,0.30,0.10
2008.04.16 20:36:54.804,1.01805,1.01845,0.30,0.10
2008.04.16 20:36:55.051,1.01805,1.01845,0.30,0.10
2008.04.16 20:36:55.260,1.01805,1.01845,0.30,0.10
2008.04.16 20:36:55.470,1.01805,1.01845,0.30,0.10
2008.04.16 20:36:55.680,1.01805,1.01845,0.30,0.10
2008.04.16 20:36:55.889,1.01805,1.01845,0.30,0.10
2008.04.16 20:36:56.099,1.01805,1.01845,0.30,0.10
2008.04.16 20:36:56.325,1.01805,1.01845,0.30,0.10
2008.04.16 20:36:56.550,1.01805,1.01865,0.50,1.30
2008.04.16 20:36:56.775,1.0181,1.01865,0.20,1.00
2008.04.16 20:36:57.032,1.0181,1.01865,0.20,1.00
2008.04.16 20:36:57.263,1.0181,1.01865,0.20,1.00
2008.04.16 20:36:57.496,1.0181,1.01865,0.20,1.00
2008.04.16 20:36:57.730,1.0181,1.01865,0.20,1.00
2008.04.16 20:36:57.964,1.0181,1.01865,0.20,1.00
2008.04.16 20:36:58.219,1.0181,1.01865,0.20,1.00
2008.04.16 20:36:58.473,1.0181,1.01865,0.20,1.00
2008.04.16 20:36:58.727,1.0181,1.01865,0.20,1.00
2008.04.16 20:36:58.992,1.0181,1.01865,0.20,1.00
2008.04.16 20:36:59.248,1.0181,1.01865,0.20,1.00
2008.04.16 20:36:59.475,1.0181,1.01865,0.20,1.00
2008.04.16 20:36:59.736,1.0181,1.01865,0.20,1.00
2008.04.16 20:36:59.933,1.0181,1.01865,0.20,1.00
2008.04.16 20:37:00.162,1.0181,1.01865,0.20,1.00
2008.04.16 20:37:00.385,1.0181,1.01865,0.20,1.00
2008.04.16 20:37:00.642,1.0181,1.01865,0.20,1.00
2008.04.16 20:37:00.833,1.0181,1.01865,0.20,1.00
2008.04.16 20:37:01.058,1.0181,1.01865,0.20,1.00
2008.04.16 20:37:01.299,1.0181,1.01865,0.20,1.00
2008.04.16 20:37:01.525,1.0181,1.01865,0.20,1.00
2008.04.16 20:37:01.756,1.0181,1.01865,0.20,1.00
2008.04.16 20:37:02.017,1.0181,1.01865,0.20,1.00
2008.04.16 20:37:02.245,1.0181,1.01865,0.20,1.00
2008.04.16 20:37:02.479,1.0181,1.01865,0.20,1.00
2008.04.16 20:37:02.717,1.0181,1.0186,0.20,0.30
2008.04.16 20:37:02.948,1.01805,1.0186,0.50,0.30
2008.04.16 20:37:03.182,1.01805,1.0186,0.50,0.30
2008.04.16 20:37:03.390,1.01805,1.0186,0.50,0.30
2008.04.16 20:37:03.599,1.01805,1.0186,0.50,0.30
2008.04.16 20:37:03.807,1.01805,1.0186,0.50,0.30
2008.04.16 20:37:04.017,1.01805,1.0186,0.50,0.30
2008.04.16 20:37:04.224,1.01805,1.0186,0.50,0.30
2008.04.16 20:37:04.437,1.01805,1.0186,0.50,0.30
2008.04.16 20:37:04.651,1.01805,1.0186,0.50,0.30
2008.04.16 20:37:04.864,1.01805,1.0186,0.50,0.30
2008.04.16 20:37:05.077,1.01805,1.0186,0.50,0.30
2008.04.16 20:37:05.291,1.01805,1.0186,0.50,0.30
2008.04.16 20:37:05.534,1.01805,1.0186,0.50,0.30
2008.04.16 20:37:05.758,1.01805,1.0186,0.50,0.30
2008.04.16 20:37:05.982,1.01805,1.0186,0.50,0.30
2008.04.16 20:37:06.199,1.01805,1.0186,0.50,0.30
2008.04.16 20:37:06.433,1.01805,1.0186,0.50,0.30
2008.04.16 20:37:06.666,1.01805,1.0186,0.50,0.30
2008.04.16 20:37:06.898,1.01805,1.0186,0.50,0.30
2008.04.16 20:37:07.163,1.01805,1.0186,0.50,0.30
2008.04.16 20:37:07.377,1.01805,1.0186,0.50,0.30
2008.04.16 20:37:07.590,1.01805,1.0186,0.50,0.30
2008.04.16 20:37:07.804,1.01805,1.0186,0.50,0.30
2008.04.16 20:37:08.017,1.01805,1.0186,0.50,0.30
2008.04.16 20:37:08.236,1.01805,1.0186,0.50,0.30
2008.04.16 20:37:08.450,1.01805,1.0186,0.50,0.30
2008.04.16 20:37:08.665,1.0181,1.01865,0.20,0.40
2008.04.16 20:37:08.879,1.0181,1.01865,0.20,0.40
2008.04.16 20:37:09.092,1.0181,1.01865,0.20,0.40
2008.04.16 20:37:09.305,1.0181,1.01865,0.20,0.40
2008.04.16 20:37:09.565,1.0181,1.01865,0.20,0.40
2008.04.16 20:37:09.824,1.0181,1.01865,0.60,0.10
2008.04.16 20:37:10.103,1.01815,1.01865,0.30,0.10
2008.04.16 20:37:10.360,1.01815,1.01865,0.30,0.10
2008.04.16 20:37:10.563,1.01815,1.01865,0.30,0.40
2008.04.16 20:37:10.768,1.01815,1.01865,0.30,0.40
2008.04.16 20:37:10.972,1.01815,1.01865,0.30,0.40
2008.04.16 20:37:11.176,1.01815,1.01865,0.30,0.10
2008.04.16 20:37:11.382,1.01815,1.01865,0.30,0.10
2008.04.16 20:37:11.618,1.01815,1.01865,0.30,0.10
2008.04.16 20:37:11.852,1.01815,1.01865,0.30,0.10
2008.04.16 20:37:12.120,1.01815,1.01865,0.30,0.10
2008.04.16 20:37:12.353,1.01815,1.01865,0.30,0.10
2008.04.16 20:37:12.550,1.01815,1.01865,0.30,0.10
2008.04.16 20:37:12.750,1.01815,1.01865,0.30,0.10
2008.04.16 20:37:12.947,1.01815,1.01865,0.30,0.10
2008.04.16 20:37:13.146,1.01815,1.01865,0.30,0.10
2008.04.16 20:37:13.344,1.01815,1.01865,0.30,0.10
2008.04.16 20:37:13.652,1.01815,1.01865,0.30,0.10
2008.04.16 20:37:13.901,1.01815,1.01865,0.30,0.10
2008.04.16 20:37:14.179,1.01815,1.01865,0.30,0.10
2008.04.16 20:37:14.457,1.01815,1.01865,0.30,0.10
2008.04.16 20:37:14.657,1.01815,1.01865,0.30,1.10
2008.04.16 20:37:14.858,1.01815,1.01865,0.30,1.10
2008.04.16 20:37:15.055,1.01815,1.01865,0.30,1.10
2008.04.16 20:37:15.254,1.01815,1.01865,0.30,1.10
2008.04.16 20:37:15.453,1.01815,1.01865,0.30,1.10
2008.04.16 20:37:15.742,1.01825,1.01865,0.30,0.80
2008.04.16 20:37:16.031,1.01825,1.01865,0.30,0.80
2008.04.16 20:37:16.320,1.01825,1.01865,0.30,0.80
2008.04.16 20:37:16.610,1.01825,1.01865,0.30,1.10
2008.04.16 20:37:16.796,1.01825,1.01855,0.30,0.10
2008.04.16 20:37:16.980,1.01825,1.01855,0.30,0.10
2008.04.16 20:37:17.165,1.01825,1.01855,0.30,0.10
2008.04.16 20:37:17.381,1.01825,1.01855,0.30,0.10
2008.04.16 20:37:17.664,1.01825,1.01855,0.30,0.10
2008.04.16 20:37:17.887,1.01825,1.01855,0.30,0.10
2008.04.16 20:37:18.141,1.01825,1.01855,0.30,0.10
2008.04.16 20:37:18.394,1.01825,1.01855,0.30,0.10
2008.04.16 20:37:18.614,1.01825,1.01855,0.30,0.10
2008.04.16 20:37:18.832,1.01825,1.01855,0.30,0.10
2008.04.16 20:37:19.051,1.01825,1.01855,0.30,0.10
2008.04.16 20:37:19.270,1.01825,1.01855,0.30,0.10
2008.04.16 20:37:19.490,1.01825,1.01855,0.30,0.10
2008.04.16 20:37:19.713,1.01825,1.01855,0.30,0.10
2008.04.16 20:37:19.938,1.01825,1.01855,0.30,0.10
2008.04.16 20:37:20.161,1.01825,1.01855,0.30,0.10
2008.04.16 20:37:20.384,1.01825,1.01855,0.30,0.10
2008.04.16 20:37:20.608,1.01825,1.01855,0.30,0.10
2008.04.16 20:37:20.807,1.01825,1.01855,0.30,0.10
2008.04.16 20:37:21.006,1.01825,1.01855,0.30,0.10
2008.04.16 20:37:21.226,1.01825,1.01855,0.30,0.10
2008.04.16 20:37:21.425,1.01825,1.01855,0.30,0.10
2008.04.16 20:37:21.623,1.01825,1.01855,0.30,0.10
2008.04.16 20:37:21.852,1.01825,1.01855,0.30,0.10
2008.04.16 20:37:22.113,1.01825,1.01855,0.30,0.10
2008.04.16 20:37:22.341,1.01825,1.01855,0.30,0.10
2008.04.16 20:37:22.570,1.01825,1.01855,0.30,0.10
2008.04.16 20:37:22.798,1.01825,1.01855,0.30,0.10
2008.04.16 20:37:23.048,1.01825,1.01855,0.30,0.10
2008.04.16 20:37:23.297,1.01805,1.01855,0.30,0.10
2008.04.16 20:37:23.547,1.01805,1.01855,0.30,0.10
2008.04.16 20:37:23.795,1.01805,1.01855,0.50,0.10
2008.04.16 20:37:24.005,1.01805,1.01855,0.50,0.10
2008.04.16 20:37:24.213,1.01805,1.01855,0.50,0.10
2008.04.16 20:37:24.421,1.01805,1.01855,0.50,0.10
2008.04.16 20:37:24.630,1.01805,1.01855,0.50,0.10
2008.04.16 20:37:24.889,1.01805,1.01855,0.50,0.10
2008.04.16 20:37:25.086,1.01805,1.01855,0.50,0.10
2008.04.16 20:37:25.315,1.01805,1.01855,0.50,0.10
2008.04.16 20:37:25.544,1.01805,1.01855,0.50,0.10
2008.04.16 20:37:25.773,1.01805,1.01855,0.50,0.10
2008.04.16 20:37:26.001,1.01805,1.01855,0.50,0.10
2008.04.16 20:37:26.200,1.01805,1.01855,0.50,0.10
2008.04.16 20:37:26.398,1.01805,1.01855,0.50,0.10
2008.04.16 20:37:26.597,1.01805,1.01855,0.50,0.10
2008.04.16 20:37:26.795,1.01805,1.01855,0.50,0.10
2008.04.16 20:37:27.061,1.01815,1.01855,0.30,0.10
2008.04.16 20:37:27.325,1.01815,1.01855,0.30,0.10
2008.04.16 20:37:27.617,1.01815,1.01855,0.30,0.10
2008.04.16 20:37:27.881,1.01815,1.01855,0.30,0.10
2008.04.16 20:37:28.079,1.01815,1.01855,0.30,0.10
2008.04.16 20:37:28.279,1.01825,1.01855,0.30,0.10
2008.04.16 20:37:28.510,1.01825,1.01855,0.30,0.10
2008.04.16 20:37:28.708,1.01825,1.01855,0.30,0.10
2008.04.16 20:37:28.907,1.01825,1.01855,0.30,0.10
2008.04.16 20:37:29.160,1.01825,1.01855,0.30,0.10
2008.04.16 20:37:29.414,1.01825,1.01855,0.30,0.10
2008.04.16 20:37:29.667,1.01825,1.01855,0.30,0.10
2008.04.16 20:37:29.922,1.01825,1.01855,0.30,0.10
2008.04.16 20:37:30.111,1.01825,1.01855,0.30,0.10
2008.04.16 20:37:30.299,1.01825,1.01855,0.30,0.10
2008.04.16 20:37:30.488,1.01825,1.01855,0.30,0.10
2008.04.16 20:37:30.677,1.01825,1.01855,0.30,0.10
2008.04.16 20:37:30.871,1.01825,1.01855,0.30,0.10
2008.04.16 20:37:31.121,1.01815,1.01855,0.30,0.10
2008.04.16 20:37:31.371,1.01815,1.01855,0.30,0.10
2008.04.16 20:37:31.621,1.01815,1.01855,0.30,0.10
2008.04.16 20:37:31.869,1.01815,1.01855,0.30,0.10
2008.04.16 20:37:32.064,1.01815,1.01855,0.30,0.10
2008.04.16 20:37:32.258,1.01815,1.01855,0.30,0.10
2008.04.16 20:37:32.454,1.01815,1.01855,0.30,0.10
2008.04.16 20:37:32.669,1.01815,1.01855,0.30,0.10
2008.04.16 20:37:32.862,1.01815,1.01855,0.30,0.10
2008.04.16 20:37:33.057,1.01815,1.01855,0.30,0.10
2008.04.16 20:37:33.331,1.01815,1.01855,0.30,0.10
2008.04.16 20:37:33.605,1.01815,1.01855,0.30,0.10
2008.04.16 20:37:33.879,1.01815,1.01855,0.30,0.10
2008.04.16 20:37:34.053,1.01815,1.01855,0.30,0.10
2008.04.16 20:37:34.227,1.01815,1.01855,0.30,0.10
2008.04.16 20:37:34.401,1.01815,1.01855,0.30,0.10
2008.04.16 20:37:34.575,1.01815,1.01855,0.30,0.10
2008.04.16 20:37:34.766,1.01815,1.01855,0.30,0.10
2008.04.16 20:37:34.940,1.01815,1.01855,0.30,0.10
2008.04.16 20:37:35.203,1.01815,1.01855,0.30,0.10
2008.04.16 20:37:35.466,1.01815,1.01855,0.30,0.10
2008.04.16 20:37:35.729,1.01815,1.01855,0.30,0.10
2008.04.16 20:37:35.993,1.01815,1.01855,0.30,0.10
2008.04.16 20:37:36.197,1.01815,1.01855,0.30,0.10
2008.04.16 20:37:36.400,1.01815,1.01855,0.30,0.10
2008.04.16 20:37:36.604,1.01815,1.01855,0.30,0.10
2008.04.16 20:37:36.808,1.01815,1.01855,0.30,0.10
2008.04.16 20:37:37.011,1.01815,1.01855,0.30,0.10
2008.04.16 20:37:37.255,1.01815,1.01855,0.30,0.10
2008.04.16 20:37:37.502,1.01815,1.01855,0.30,0.10
2008.04.16 20:37:37.746,1.01815,1.01855,0.30,0.10
2008.04.16 20:37:37.990,1.01815,1.01855,0.30,0.10
2008.04.16 20:37:38.208,1.01815,1.01855,0.30,0.10
2008.04.16 20:37:38.366,1.01815,1.01855,0.30,0.10
2008.04.16 20:37:38.554,1.01815,1.01855,0.30,0.10
2008.04.16 20:37:38.743,1.01815,1.01855,0.30,0.10
2008.04.16 20:37:38.945,1.01815,1.01855,0.30,0.10
2008.04.16 20:37:39.172,1.01815,1.01855,0.30,0.10
2008.04.16 20:37:39.496,1.01815,1.01855,0.30,0.10
2008.04.16 20:37:39.822,1.01815,1.01855,0.30,0.10
2008.04.16 20:37:40.160,1.01815,1.01855,0.30,0.10
2008.04.16 20:37:40.360,1.01815,1.01855,0.30,0.10
2008.04.16 20:37:40.561,1.01815,1.01855,0.30,0.10
2008.04.16 20:37:40.793,1.01815,1.01855,0.30,0.10
2008.04.16 20:37:40.992,1.01815,1.01855,0.30,0.10
2008.04.16 20:37:41.192,1.01815,1.01855,0.30,0.10
2008.04.16 20:37:41.466,1.01815,1.01855,0.30,0.10
2008.04.16 20:37:41.716,1.01815,1.01855,0.30,0.10
2008.04.16 20:37:41.960,1.01815,1.01855,0.30,0.10
2008.04.16 20:37:42.203,1.01815,1.01855,0.30,0.10
2008.04.16 20:37:42.417,1.01815,1.01855,0.30,0.10
2008.04.16 20:37:42.630,1.01815,1.01855,0.30,0.10
2008.04.16 20:37:42.846,1.01815,1.01855,0.30,0.10
2008.04.16 20:37:43.059,1.01815,1.01855,0.30,0.10
2008.04.16 20:37:43.272,1.01815,1.01855,0.30,0.10
2008.04.16 20:37:43.543,1.01815,1.01855,0.30,0.10
2008.04.16 20:37:43.780,1.01815,1.01855,0.30,0.10
2008.04.16 20:37:44.019,1.01815,1.01855,0.30,0.10
2008.04.16 20:37:44.278,1.01815,1.01855,0.30,0.10
2008.04.16 20:37:44.471,1.01815,1.01855,0.30,0.10
2008.04.16 20:37:44.664,1.01815,1.01855,0.30,0.10
2008.04.16 20:37:44.887,1.01815,1.01855,0.30,0.10
2008.04.16 20:37:45.080,1.01815,1.01855,0.30,0.10
2008.04.16 20:37:45.273,1.01815,1.01855,0.30,0.10
2008.04.16 20:37:45.526,1.01815,1.01855,0.30,0.10
2008.04.16 20:37:45.779,1.01815,1.01855,0.30,0.10
2008.04.16 20:37:46.033,1.01815,1.01855,0.30,0.10
2008.04.16 20:37:46.287,1.01815,1.01855,0.30,0.10
2008.04.16 20:37:46.476,1.01815,1.01855,0.30,0.10
2008.04.16 20:37:46.680,1.01815,1.01855,0.30,0.10
2008.04.16 20:37:46.868,1.01815,1.01855,0.30,0.10
2008.04.16 20:37:47.059,1.01815,1.01855,0.30,0.10
2008.04.16 20:37:47.248,1.01815,1.01855,0.30,0.10
2008.04.16 20:37:47.502,1.01815,1.01855,0.30,0.10
2008.04.16 20:37:47.760,1.01815,1.01855,0.30,0.10
2008.04.16 20:37:48.015,1.01815,1.01855,0.30,0.10
2008.04.16 20:37:48.268,1.01815,1.01855,0.30,0.10
2008.04.16 20:37:48.516,1.01815,1.01855,0.30,0.10
2008.04.16 20:37:48.796,1.01815,1.01855,0.30,0.10
2008.04.16 20:37:49.014,1.01815,1.01855,0.30,0.10
2008.04.16 20:37:49.262,1.01815,1.01855,0.30,0.10
2008.04.16 20:37:49.450,1.01815,1.01855,0.30,0.10
2008.04.16 20:37:49.639,1.01815,1.01855,0.30,0.10
2008.04.16 20:37:49.835,1.01815,1.01855,0.30,0.10
2008.04.16 20:37:50.058,1.01815,1.01855,0.30,0.10
2008.04.16 20:37:50.215,1.01815,1.01855,0.30,0.10
2008.04.16 20:37:50.489,1.01815,1.01855,0.30,0.10
2008.04.16 20:37:50.762,1.01815,1.01855,0.30,0.10
2008.04.16 20:37:51.035,1.01815,1.01855,0.30,0.10
2008.04.16 20:37:51.310,1.01815,1.01855,0.30,0.10
2008.04.16 20:37:51.520,1.01815,1.01855,0.30,0.10
2008.04.16 20:37:51.728,1.01815,1.01855,0.30,0.10
2008.04.16 20:37:51.937,1.01815,1.01855,0.30,0.10
2008.04.16 20:37:52.180,1.01815,1.01855,0.30,0.10
2008.04.16 20:37:52.385,1.01815,1.01855,0.30,0.10
2008.04.16 20:37:52.669,1.01815,1.01855,0.30,0.10
2008.04.16 20:37:52.953,1.01815,1.01855,0.30,0.10
2008.04.16 20:37:53.236,1.01815,1.01855,0.30,0.10
2008.04.16 20:37:53.522,1.01815,1.01855,0.30,0.10
2008.04.16 20:37:53.746,1.01815,1.01855,0.30,0.10
2008.04.16 20:37:53.970,1.01815,1.01855,0.30,0.10
2008.04.16 20:37:54.194,1.01815,1.01855,0.30,0.10
2008.04.16 20:37:54.417,1.01815,1.01855,0.30,0.10
2008.04.16 20:37:54.680,1.01815,1.01855,0.30,0.10
2008.04.16 20:37:54.918,1.01815,1.01855,0.30,0.10
2008.04.16 20:37:55.156,1.01815,1.01855,0.30,0.10
2008.04.16 20:37:55.396,1.01815,1.01855,0.30,0.10
2008.04.16 20:37:55.634,1.01815,1.01855,0.30,0.10
2008.04.16 20:37:55.873,1.01815,1.01855,0.30,0.10
2008.04.16 20:37:56.113,1.01815,1.01855,0.30,0.10
2008.04.16 20:37:56.352,1.01815,1.01855,0.30,0.10
2008.04.16 20:37:56.592,1.01815,1.01855,0.30,0.10
2008.04.16 20:37:56.795,1.01815,1.01855,0.30,0.10
2008.04.16 20:37:56.999,1.01815,1.01855,0.30,0.10
2008.04.16 20:37:57.202,1.01815,1.01855,0.30,0.10
2008.04.16 20:37:57.415,1.01815,1.01855,0.30,0.10
2008.04.16 20:37:57.635,1.01815,1.01855,0.30,0.10
2008.04.16 20:37:57.854,1.01815,1.01855,0.30,0.10
2008.04.16 20:37:58.107,1.01815,1.01855,0.30,0.10
2008.04.16 20:37:58.325,1.01815,1.01855,0.30,0.10
2008.04.16 20:37:58.545,1.01815,1.01855,0.30,0.10
2008.04.16 20:37:58.802,1.01815,1.01855,0.30,0.10
2008.04.16 20:37:59.025,1.01815,1.01855,0.30,0.10
2008.04.16 20:37:59.249,1.01815,1.01855,0.30,0.10
2008.04.16 20:37:59.472,1.01815,1.01855,0.30,0.10
2008.04.16 20:37:59.696,1.01815,1.01855,0.30,0.10
2008.04.16 20:37:59.909,1.01815,1.01855,0.30,0.10
2008.04.16 20:38:00.122,1.01815,1.01855,0.30,0.10
2008.04.16 20:38:00.335,1.01815,1.01855,0.30,0.10
2008.04.16 20:38:00.549,1.01815,1.01855,0.30,0.10
2008.04.16 20:38:00.763,1.01815,1.01855,0.30,0.10
2008.04.16 20:38:00.977,1.01815,1.01855,0.30,0.10
2008.04.16 20:38:01.197,1.01815,1.01855,0.30,0.10
2008.04.16 20:38:01.411,1.01815,1.01855,0.30,0.10
2008.04.16 20:38:01.625,1.01815,1.01855,0.30,0.10
2008.04.16 20:38:01.883,1.01815,1.01855,0.30,0.10
2008.04.16 20:38:02.142,1.01815,1.01855,0.30,0.10
2008.04.16 20:38:02.401,1.01815,1.01855,0.30,0.10
2008.04.16 20:38:02.659,1.01815,1.01855,0.30,0.10
2008.04.16 20:38:02.873,1.01815,1.01855,0.30,0.10
2008.04.16 20:38:03.087,1.01815,1.01855,0.30,0.10
2008.04.16 20:38:03.300,1.01815,1.01855,0.30,0.10
2008.04.16 20:38:03.514,1.01815,1.01855,0.30,0.10
2008.04.16 20:38:03.728,1.01815,1.01855,0.30,0.10
2008.04.16 20:38:03.987,1.01815,1.01855,0.30,0.10
2008.04.16 20:38:04.246,1.01815,1.01855,0.30,0.10
2008.04.16 20:38:04.505,1.01815,1.01855,0.30,0.10
2008.04.16 20:38:04.766,1.01815,1.01855,0.30,0.10
2008.04.16 20:38:04.999,1.01815,1.01855,0.30,0.10
2008.04.16 20:38:05.231,1.01815,1.01855,0.30,0.10
2008.04.16 20:38:05.465,1.01815,1.01855,0.30,0.10
2008.04.16 20:38:05.721,1.01815,1.01855,0.30,0.10
2008.04.16 20:38:06.006,1.01815,1.01855,0.30,0.10
2008.04.16 20:38:06.261,1.01815,1.01855,0.30,0.10
2008.04.16 20:38:06.486,1.01815,1.01855,0.30,0.10
2008.04.16 20:38:06.709,1.01815,1.01855,0.30,0.10
2008.04.16 20:38:06.931,1.01815,1.01855,0.30,0.10
2008.04.16 20:38:07.220,1.01815,1.01855,0.30,0.10
2008.04.16 20:38:07.509,1.01815,1.01855,0.30,0.10
2008.04.16 20:38:07.800,1.01815,1.01855,0.30,0.10
2008.04.16 20:38:07.972,1.01815,1.01855,0.30,0.10
2008.04.16 20:38:08.149,1.01815,1.01855,0.30,0.10
2008.04.16 20:38:08.323,1.01815,1.01855,0.30,0.10
2008.04.16 20:38:08.498,1.01815,1.01855,0.30,0.10
2008.04.16 20:38:08.672,1.01815,1.01855,0.30,0.10
2008.04.16 20:38:08.865,1.01815,1.01855,0.30,0.10
2008.04.16 20:38:09.134,1.01815,1.01855,0.30,0.10
2008.04.16 20:38:09.402,1.01815,1.01855,0.30,0.10
2008.04.16 20:38:09.702,1.01815,1.01855,0.30,0.10
2008.04.16 20:38:09.970,1.01815,1.01855,0.30,0.10
2008.04.16 20:38:10.164,1.01815,1.01865,0.30,0.50
2008.04.16 20:38:10.391,1.01815,1.01865,0.30,0.10
2008.04.16 20:38:10.589,1.01815,1.01865,0.30,0.10
2008.04.16 20:38:10.784,1.01805,1.01865,0.50,0.40
2008.04.16 20:38:10.977,1.01805,1.01865,0.50,0.40
2008.04.16 20:38:11.251,1.01805,1.01865,0.50,0.40
2008.04.16 20:38:11.557,1.01805,1.01865,0.50,0.40
2008.04.16 20:38:11.800,1.01805,1.01865,0.50,0.40
2008.04.16 20:38:12.074,1.01805,1.01865,0.50,0.40
2008.04.16 20:38:12.303,1.01805,1.01865,0.50,0.40
2008.04.16 20:38:12.533,1.01805,1.01865,0.50,0.40
2008.04.16 20:38:12.761,1.01805,1.01865,0.50,0.40
2008.04.16 20:38:12.990,1.01805,1.01865,0.50,0.40
2008.04.16 20:38:13.219,1.01805,1.01865,0.50,0.40
2008.04.16 20:38:13.408,1.01805,1.01865,0.50,0.40
2008.04.16 20:38:13.598,1.01805,1.01865,0.50,0.40
2008.04.16 20:38:13.788,1.01805,1.01865,0.50,0.40
2008.04.16 20:38:14.006,1.01805,1.01865,0.50,0.40
2008.04.16 20:38:14.165,1.01805,1.01865,0.70,0.10
2008.04.16 20:38:14.474,1.01805,1.01865,0.70,0.10
2008.04.16 20:38:14.782,1.01805,1.01865,0.70,0.10
2008.04.16 20:38:15.091,1.01805,1.01865,0.50,0.40
2008.04.16 20:38:15.316,1.01805,1.01865,0.50,0.40
2008.04.16 20:38:15.572,1.01805,1.01865,0.50,0.40
2008.04.16 20:38:15.764,1.01805,1.01865,0.50,0.40
2008.04.16 20:38:15.988,1.01805,1.01865,0.50,0.40
2008.04.16 20:38:16.251,1.01805,1.01865,0.50,0.40
2008.04.16 20:38:16.499,1.01805,1.01865,0.50,0.40
2008.04.16 20:38:16.747,1.01805,1.01865,0.50,0.40
2008.04.16 20:38:17.028,1.01805,1.01865,0.50,0.40
2008.04.16 20:38:17.277,1.01805,1.01865,0.50,0.40
2008.04.16 20:38:17.460,1.01805,1.01865,0.50,0.40
2008.04.16 20:38:17.649,1.01805,1.01865,0.50,0.40
2008.04.16 20:38:17.834,1.01805,1.01865,0.50,0.40
2008.04.16 20:38:18.016,1.01805,1.01865,0.50,0.40
2008.04.16 20:38:18.201,1.01805,1.01865,0.50,0.40
2008.04.16 20:38:18.455,1.01805,1.01865,0.50,0.40
2008.04.16 20:38:18.708,1.01805,1.01865,0.50,0.40
2008.04.16 20:38:18.961,1.01805,1.01865,0.50,0.40
2008.04.16 20:38:19.215,1.01805,1.01865,0.50,0.40
2008.04.16 20:38:19.470,1.01805,1.01865,0.50,0.40
2008.04.16 20:38:19.709,1.01805,1.01865,0.50,0.40
2008.04.16 20:38:19.916,1.01805,1.01865,0.50,0.40
2008.04.16 20:38:20.125,1.01805,1.01865,0.50,0.40
2008.04.16 20:38:20.341,1.01805,1.01865,0.50,0.40
2008.04.16 20:38:20.604,1.01805,1.01865,0.50,0.40
2008.04.16 20:38:20.837,1.01805,1.01865,0.50,0.40
2008.04.16 20:38:21.070,1.01805,1.01865,0.50,0.40
2008.04.16 20:38:21.303,1.01805,1.01865,0.50,0.40
2008.04.16 20:38:21.555,1.01805,1.01865,0.50,0.40
2008.04.16 20:38:21.804,1.01805,1.01865,0.50,0.40
2008.04.16 20:38:22.059,1.01805,1.01865,0.50,0.40
2008.04.16 20:38:22.308,1.01805,1.01865,0.50,0.40
2008.04.16 20:38:22.492,1.01805,1.01865,0.50,0.40
2008.04.16 20:38:22.676,1.01805,1.01865,0.50,0.40
2008.04.16 20:38:22.859,1.01805,1.01865,0.50,0.40
2008.04.16 20:38:23.042,1.01805,1.01865,0.50,0.40
2008.04.16 20:38:23.226,1.01805,1.01865,0.50,0.40
2008.04.16 20:38:23.410,1.01805,1.01865,0.50,0.40
2008.04.16 20:38:23.775,1.01805,1.01865,0.50,0.40
2008.04.16 20:38:24.108,1.01805,1.01865,0.50,0.40
2008.04.16 20:38:24.442,1.01805,1.01865,0.50,0.40
2008.04.16 20:38:24.625,1.01815,1.01865,0.40,0.10
2008.04.16 20:38:24.810,1.01815,1.01865,0.50,0.10
2008.04.16 20:38:24.994,1.0182,1.01865,0.20,0.10
2008.04.16 20:38:25.178,1.0182,1.0186,0.20,0.30
2008.04.16 20:38:25.372,1.0181,1.01855,1.60,0.10
2008.04.16 20:38:25.679,1.01805,1.01855,0.30,0.40
2008.04.16 20:38:25.987,1.01805,1.01845,0.30,0.10
2008.04.16 20:38:26.261,1.01805,1.01845,0.30,0.10
2008.04.16 20:38:26.534,1.01805,1.01845,0.30,0.10
2008.04.16 20:38:26.780,1.01805,1.01835,0.30,0.10
2008.04.16 20:38:27.025,1.01805,1.01835,0.30,0.10
2008.04.16 20:38:27.268,1.01805,1.01835,0.30,0.10
2008.04.16 20:38:27.518,1.01805,1.01835,0.30,0.10
2008.04.16 20:38:27.721,1.01805,1.01835,0.30,0.10
2008.04.16 20:38:27.925,1.01805,1.01835,0.30,0.10
2008.04.16 20:38:28.129,1.01805,1.01835,0.30,0.10
2008.04.16 20:38:28.333,1.01805,1.01835,0.30,0.10
2008.04.16 20:38:28.537,1.01805,1.01835,0.30,0.10
2008.04.16 20:38:28.761,1.01805,1.01835,0.30,0.10
2008.04.16 20:38:28.985,1.01805,1.01845,0.30,0.10
2008.04.16 20:38:29.210,1.01805,1.01845,0.30,0.10
2008.04.16 20:38:29.433,1.01805,1.01845,0.30,0.10
2008.04.16 20:38:29.727,1.01805,1.01845,0.30,0.10
2008.04.16 20:38:29.990,1.01805,1.01845,0.30,0.10
2008.04.16 20:38:30.255,1.01805,1.01845,0.30,0.10
2008.04.16 20:38:30.518,1.01805,1.01845,0.30,0.10
2008.04.16 20:38:30.738,1.01805,1.01845,0.30,0.10
2008.04.16 20:38:30.946,1.01805,1.01845,0.30,0.10
2008.04.16 20:38:31.155,1.01805,1.01845,0.30,0.10
2008.04.16 20:38:31.364,1.01805,1.01845,0.30,0.10
2008.04.16 20:38:31.577,1.01805,1.01845,0.30,0.10
2008.04.16 20:38:31.840,1.01805,1.01845,0.30,0.10
2008.04.16 20:38:32.105,1.01805,1.01845,0.30,0.10
2008.04.16 20:38:32.369,1.01805,1.01845,0.30,0.10
2008.04.16 20:38:32.666,1.01805,1.01845,0.30,0.10
2008.04.16 20:38:32.895,1.01805,1.01845,0.30,0.10
2008.04.16 20:38:33.124,1.01805,1.01845,0.30,0.10
2008.04.16 20:38:34.978,1.01805,1.01845,0.30,0.10
2008.04.16 20:38:35.234,1.01805,1.01835,0.30,0.10
2008.04.16 20:38:35.275,1.01805,1.01835,0.30,0.10
2008.04.16 20:38:35.374,1.01805,1.01835,0.30,0.10
2008.04.16 20:38:35.447,1.01805,1.01835,0.30,0.10
2008.04.16 20:38:35.521,1.01805,1.01835,0.30,0.10
2008.04.16 20:38:35.628,1.01805,1.01835,0.30,0.10
2008.04.16 20:38:35.701,1.01805,1.01835,0.30,0.10
2008.04.16 20:38:35.780,1.01805,1.01835,0.30,0.10
2008.04.16 20:38:35.852,1.01805,1.01835,0.30,0.10
2008.04.16 20:38:35.925,1.01805,1.01835,0.30,0.10
2008.04.16 20:38:36.001,1.01805,1.01835,0.30,0.10
2008.04.16 20:38:36.335,1.01805,1.01835,0.30,0.10
2008.04.16 20:38:36.683,1.01805,1.01835,0.30,0.10
2008.04.16 20:38:37.017,1.01805,1.01835,0.30,0.10
2008.04.16 20:38:37.353,1.01805,1.01835,0.30,0.10
2008.04.16 20:38:37.515,1.01805,1.01835,0.30,0.10
2008.04.16 20:38:37.681,1.01805,1.01835,0.30,0.10
2008.04.16 20:38:37.844,1.01805,1.01835,0.30,0.10
2008.04.16 20:38:38.033,1.01805,1.01835,0.30,0.10
2008.04.16 20:38:38.347,1.01805,1.01835,0.30,0.10
2008.04.16 20:38:38.662,1.01805,1.01835,0.30,0.10
2008.04.16 20:38:38.977,1.01805,1.01835,0.30,0.10
2008.04.16 20:38:39.291,1.01805,1.01835,0.30,0.10
2008.04.16 20:38:39.489,1.01805,1.01835,0.30,0.10
2008.04.16 20:38:39.678,1.01805,1.01835,0.30,0.10
2008.04.16 20:38:39.868,1.01805,1.01835,0.30,0.10
2008.04.16 20:38:40.091,1.01805,1.01835,0.30,0.10
2008.04.16 20:38:40.279,1.01805,1.01835,0.30,0.10
2008.04.16 20:38:40.518,1.01805,1.01835,0.30,0.10
2008.04.16 20:38:40.763,1.01795,1.01835,0.30,0.10
2008.04.16 20:38:41.004,1.01795,1.0183,0.30,0.80
2008.04.16 20:38:41.242,1.01795,1.0183,0.30,0.80
2008.04.16 20:38:41.480,1.01795,1.0183,0.30,0.80
2008.04.16 20:38:41.718,1.01795,1.0183,0.30,0.80
2008.04.16 20:38:41.957,1.01795,1.0183,0.30,0.80
2008.04.16 20:38:42.197,1.01795,1.0183,0.30,0.80
2008.04.16 20:38:42.438,1.01795,1.0183,0.30,0.80
2008.04.16 20:38:42.646,1.01795,1.0183,0.30,0.80
2008.04.16 20:38:42.855,1.01795,1.0183,0.30,0.80
2008.04.16 20:38:43.064,1.01795,1.0183,0.30,0.80
2008.04.16 20:38:43.273,1.01795,1.0183,0.30,0.80
2008.04.16 20:38:43.493,1.01795,1.0183,0.30,0.80
2008.04.16 20:38:43.712,1.01795,1.0183,0.30,0.80
2008.04.16 20:38:43.931,1.01795,1.0183,0.30,0.80
2008.04.16 20:38:44.183,1.01795,1.0183,0.30,0.80
2008.04.16 20:38:44.411,1.01795,1.0183,0.30,0.80
2008.04.16 20:38:44.640,1.01795,1.0183,0.30,0.80
2008.04.16 20:38:44.871,1.01795,1.0183,0.30,0.80
2008.04.16 20:38:45.100,1.01795,1.0183,0.30,0.80
2008.04.16 20:38:45.329,1.01795,1.0183,0.30,0.80
2008.04.16 20:38:45.612,1.01795,1.0183,0.30,0.80
2008.04.16 20:38:45.896,1.01795,1.0183,0.30,0.80
2008.04.16 20:38:46.211,1.01795,1.0183,0.30,0.80
2008.04.16 20:38:46.493,1.01795,1.0183,0.30,0.80
2008.04.16 20:38:46.713,1.01795,1.0183,0.30,0.80
2008.04.16 20:38:46.945,1.01795,1.0183,0.30,0.80
2008.04.16 20:38:47.194,1.01795,1.0183,0.30,0.80
2008.04.16 20:38:47.413,1.01785,1.0182,0.30,0.80
2008.04.16 20:38:47.648,1.01785,1.0182,0.30,0.80
2008.04.16 20:38:47.882,1.01785,1.0182,0.30,0.80
2008.04.16 20:38:48.115,1.01785,1.0182,0.30,0.80
2008.04.16 20:38:48.365,1.01785,1.0182,0.30,0.80
2008.04.16 20:38:48.616,1.01785,1.0182,0.30,0.80
2008.04.16 20:38:48.869,1.01785,1.0182,0.30,0.80
2008.04.16 20:38:49.123,1.01785,1.0182,0.30,0.80
2008.04.16 20:38:49.409,1.01785,1.0182,0.30,0.80
2008.04.16 20:38:49.591,1.01785,1.0182,0.30,0.80
2008.04.16 20:38:49.806,1.01785,1.0182,0.30,0.80
2008.04.16 20:38:50.020,1.01785,1.0182,0.30,0.80
2008.04.16 20:38:50.234,1.01785,1.0182,0.30,0.80
2008.04.16 20:38:50.447,1.01785,1.0182,0.30,0.80
2008.04.16 20:38:50.688,1.01785,1.0182,0.30,0.80
2008.04.16 20:38:50.926,1.01785,1.0182,0.30,0.80
2008.04.16 20:38:51.182,1.01785,1.0182,0.30,0.80
2008.04.16 20:38:51.420,1.01785,1.0182,0.30,0.80
2008.04.16 20:38:51.683,1.01785,1.0182,0.30,0.80
2008.04.16 20:38:51.947,1.01785,1.0182,0.30,0.80
2008.04.16 20:38:52.212,1.01785,1.0182,0.30,0.80
2008.04.16 20:38:52.475,1.01785,1.0182,0.30,0.80
2008.04.16 20:38:52.669,1.01785,1.0182,0.30,0.80
2008.04.16 20:38:52.865,1.01785,1.0182,0.30,0.80
2008.04.16 20:38:53.059,1.01785,1.0182,0.30,0.80
2008.04.16 20:38:53.284,1.01785,1.0182,0.30,0.80
2008.04.16 20:38:53.475,1.01785,1.0182,0.30,0.80
2008.04.16 20:38:53.709,1.01785,1.0182,0.30,0.80
2008.04.16 20:38:53.947,1.01785,1.0182,0.30,0.80
2008.04.16 20:38:54.181,1.01785,1.0182,0.30,0.80
2008.04.16 20:38:54.413,1.01785,1.0182,0.30,0.80
2008.04.16 20:38:54.673,1.01785,1.0182,0.30,0.80
2008.04.16 20:38:54.931,1.01785,1.0182,0.30,0.80
2008.04.16 20:38:55.190,1.01785,1.0182,0.30,0.80
2008.04.16 20:38:55.449,1.01785,1.0182,0.30,0.80
2008.04.16 20:38:55.653,1.01785,1.0182,0.30,0.80
2008.04.16 20:38:55.856,1.01785,1.0182,0.30,0.80
2008.04.16 20:38:56.060,1.01785,1.0182,0.30,0.80
2008.04.16 20:38:56.280,1.01785,1.0182,0.30,0.80
2008.04.16 20:38:56.484,1.01785,1.0182,0.30,0.80
2008.04.16 20:38:56.748,1.01785,1.0182,0.30,0.80
2008.04.16 20:38:57.012,1.01785,1.0182,0.30,0.80
2008.04.16 20:38:57.276,1.01785,1.0182,0.30,0.80
2008.04.16 20:38:57.540,1.01785,1.0182,0.30,0.80
2008.04.16 20:38:57.724,1.01785,1.0182,0.30,0.80
2008.04.16 20:38:57.909,1.01785,1.0182,0.30,0.80
2008.04.16 20:38:58.097,1.01785,1.0182,0.30,0.80
2008.04.16 20:38:58.280,1.01785,1.0182,0.30,0.80
2008.04.16 20:38:58.464,1.01785,1.0182,0.30,0.80
2008.04.16 20:38:58.717,1.01785,1.0182,0.30,0.80
2008.04.16 20:38:58.972,1.01785,1.0182,0.30,0.80
2008.04.16 20:38:59.226,1.01785,1.0182,0.30,1.00
2008.04.16 20:38:59.482,1.01765,1.01805,0.50,0.10
2008.04.16 20:38:59.716,1.01765,1.01805,0.50,0.10
2008.04.16 20:38:59.940,1.01765,1.018,0.30,0.80
2008.04.16 20:39:00.165,1.01765,1.018,0.30,0.80
2008.04.16 20:39:00.388,1.01765,1.018,0.30,0.80
2008.04.16 20:39:00.612,1.01765,1.018,0.30,0.80
2008.04.16 20:39:00.849,1.01765,1.018,0.30,0.80
2008.04.16 20:39:01.084,1.01765,1.018,0.30,0.80
2008.04.16 20:39:01.317,1.01765,1.018,0.30,0.80
2008.04.16 20:39:01.552,1.01765,1.018,0.30,0.80
2008.04.16 20:39:01.766,1.01765,1.018,0.30,0.80
2008.04.16 20:39:01.980,1.01765,1.018,0.30,0.80
2008.04.16 20:39:02.195,1.01765,1.018,0.30,0.80
2008.04.16 20:39:02.409,1.01765,1.018,0.30,0.80
2008.04.16 20:39:02.650,1.01765,1.018,0.30,0.80
2008.04.16 20:39:02.843,1.01765,1.018,0.30,0.80
2008.04.16 20:39:03.037,1.01765,1.018,0.30,0.80
2008.04.16 20:39:03.231,1.01765,1.018,0.30,0.80
2008.04.16 20:39:03.425,1.01765,1.018,0.30,0.80
2008.04.16 20:39:03.649,1.01765,1.018,0.30,0.80
2008.04.16 20:39:03.847,1.01765,1.018,0.30,0.80
2008.04.16 20:39:04.075,1.01765,1.018,0.30,0.80
2008.04.16 20:39:04.305,1.01765,1.018,0.30,0.80
2008.04.16 20:39:04.534,1.01765,1.018,0.30,0.80
2008.04.16 20:39:04.795,1.01765,1.018,0.30,0.80
2008.04.16 20:39:05.009,1.01765,1.018,0.30,0.80
2008.04.16 20:39:05.223,1.01765,1.018,0.30,0.80
2008.04.16 20:39:05.438,1.01765,1.018,0.30,0.80
2008.04.16 20:39:05.653,1.01765,1.018,0.30,0.80
2008.04.16 20:39:05.900,1.01765,1.018,0.30,0.80
2008.04.16 20:39:06.081,1.01765,1.018,0.30,0.80
2008.04.16 20:39:06.295,1.01765,1.018,0.30,0.80
2008.04.16 20:39:06.509,1.01765,1.018,0.30,0.80
2008.04.16 20:39:06.723,1.01765,1.018,0.30,0.80
2008.04.16 20:39:06.932,1.01765,1.018,0.30,0.80
2008.04.16 20:39:07.141,1.01765,1.018,0.30,0.80
2008.04.16 20:39:07.350,1.01765,1.018,0.30,0.80
2008.04.16 20:39:07.561,1.01765,1.018,0.30,0.80
2008.04.16 20:39:07.784,1.01765,1.018,0.30,0.80
2008.04.16 20:39:08.077,1.01765,1.018,0.30,0.80
2008.04.16 20:39:08.303,1.01765,1.018,0.30,0.80
2008.04.16 20:39:08.564,1.01765,1.018,0.30,0.80
2008.04.16 20:39:08.853,1.01765,1.018,0.30,0.80
2008.04.16 20:39:09.056,1.01765,1.018,0.30,0.80
2008.04.16 20:39:09.261,1.01765,1.018,0.30,0.80
2008.04.16 20:39:09.466,1.01765,1.018,0.30,0.80
2008.04.16 20:39:09.670,1.01765,1.018,0.30,0.80
2008.04.16 20:39:09.903,1.01765,1.018,0.30,0.80
2008.04.16 20:39:10.097,1.01765,1.018,0.30,0.80
2008.04.16 20:39:10.321,1.01765,1.018,0.30,0.80
2008.04.16 20:39:10.545,1.01765,1.018,0.30,0.80
2008.04.16 20:39:10.769,1.01765,1.018,0.30,0.80
2008.04.16 20:39:10.992,1.01765,1.018,0.30,0.80
2008.04.16 20:39:11.201,1.01765,1.018,0.30,0.80
2008.04.16 20:39:11.409,1.01765,1.018,0.30,0.80
2008.04.16 20:39:11.618,1.01765,1.018,0.30,0.80
2008.04.16 20:39:11.827,1.01765,1.018,0.30,0.80
2008.04.16 20:39:12.079,1.01765,1.018,0.30,0.80
2008.04.16 20:39:12.266,1.01765,1.018,0.30,0.80
2008.04.16 20:39:12.485,1.01765,1.018,0.30,0.80
2008.04.16 20:39:12.705,1.01765,1.018,0.30,0.80
2008.04.16 20:39:12.923,1.01765,1.018,0.30,0.80
2008.04.16 20:39:13.178,1.01765,1.018,0.30,0.80
2008.04.16 20:39:13.402,1.01765,1.018,0.30,0.80
2008.04.16 20:39:13.626,1.01765,1.018,0.30,0.80
2008.04.16 20:39:13.850,1.01765,1.018,0.30,0.80
2008.04.16 20:39:14.074,1.01765,1.018,0.30,0.80
2008.04.16 20:39:14.303,1.01765,1.018,0.30,0.80
2008.04.16 20:39:14.531,1.01765,1.018,0.30,0.80
2008.04.16 20:39:14.787,1.01765,1.018,0.30,0.80
2008.04.16 20:39:15.016,1.01765,1.018,0.30,0.80
2008.04.16 20:39:15.240,1.01765,1.018,0.30,0.80
2008.04.16 20:39:15.464,1.01765,1.018,0.30,0.80
2008.04.16 20:39:15.688,1.01765,1.018,0.30,0.80
2008.04.16 20:39:15.912,1.01765,1.018,0.30,0.80
2008.04.16 20:39:16.111,1.01765,1.018,0.30,0.80
2008.04.16 20:39:16.310,1.01765,1.018,0.30,0.80
2008.04.16 20:39:16.509,1.01765,1.018,0.30,0.80
2008.04.16 20:39:16.707,1.01765,1.018,0.30,0.80
2008.04.16 20:39:16.906,1.01765,1.018,0.30,0.80
2008.04.16 20:39:17.104,1.01765,1.018,0.30,0.80
2008.04.16 20:39:17.349,1.01765,1.018,0.30,0.80
2008.04.16 20:39:17.593,1.01765,1.018,0.30,0.80
2008.04.16 20:39:17.836,1.01765,1.018,0.30,0.80
2008.04.16 20:39:18.088,1.01765,1.018,0.30,0.80
2008.04.16 20:39:18.274,1.01765,1.018,0.30,0.80
2008.04.16 20:39:18.458,1.01765,1.018,0.30,0.80
2008.04.16 20:39:18.642,1.01765,1.018,0.30,0.80
2008.04.16 20:39:18.826,1.01765,1.018,0.30,0.80
2008.04.16 20:39:19.040,1.01765,1.018,0.30,0.80
2008.04.16 20:39:19.253,1.01765,1.018,0.30,0.80
2008.04.16 20:39:19.499,1.01765,1.018,0.30,0.80
2008.04.16 20:39:19.773,1.01765,1.018,0.30,0.80
2008.04.16 20:39:20.017,1.01765,1.018,0.30,0.80
2008.04.16 20:39:20.221,1.01765,1.018,0.30,0.80
2008.04.16 20:39:20.425,1.01765,1.018,0.30,0.80
2008.04.16 20:39:20.629,1.01765,1.018,0.30,0.80
2008.04.16 20:39:20.832,1.01765,1.018,0.30,0.80
2008.04.16 20:39:21.036,1.01765,1.018,0.30,0.80
2008.04.16 20:39:21.306,1.01765,1.018,0.30,0.80
2008.04.16 20:39:21.571,1.01765,1.018,0.30,0.80
2008.04.16 20:39:21.835,1.01765,1.018,0.30,0.80
2008.04.16 20:39:22.099,1.01765,1.018,0.30,0.80
2008.04.16 20:39:22.338,1.01765,1.018,0.30,0.80
2008.04.16 20:39:22.577,1.01765,1.018,0.30,0.80
2008.04.16 20:39:22.849,1.01765,1.018,0.30,0.80
2008.04.16 20:39:23.089,1.01765,1.018,0.30,0.80
2008.04.16 20:39:23.327,1.01765,1.018,0.30,0.80
2008.04.16 20:39:23.546,1.01765,1.018,0.30,0.80
2008.04.16 20:39:23.765,1.01765,1.018,0.30,0.80
2008.04.16 20:39:23.988,1.01765,1.018,0.30,0.80
2008.04.16 20:39:24.238,1.01765,1.018,0.30,0.80
2008.04.16 20:39:24.447,1.01765,1.018,0.30,0.80
2008.04.16 20:39:24.685,1.01765,1.018,0.30,0.80
2008.04.16 20:39:24.924,1.01765,1.018,0.30,0.80
2008.04.16 20:39:25.163,1.01765,1.018,0.30,0.80
2008.04.16 20:39:25.372,1.01765,1.018,0.30,0.80
2008.04.16 20:39:25.581,1.01765,1.018,0.30,0.80
2008.04.16 20:39:25.789,1.01765,1.018,0.30,0.80
2008.04.16 20:39:25.999,1.01765,1.018,0.30,0.80
2008.04.16 20:39:26.208,1.01765,1.018,0.30,0.80
2008.04.16 20:39:26.458,1.01765,1.018,0.30,0.80
2008.04.16 20:39:26.705,1.01765,1.018,0.30,0.80
2008.04.16 20:39:26.956,1.01765,1.018,0.30,0.80
2008.04.16 20:39:27.203,1.01765,1.018,0.30,0.80
2008.04.16 20:39:27.407,1.01765,1.018,0.30,0.80
2008.04.16 20:39:27.611,1.01765,1.018,0.30,0.80
2008.04.16 20:39:27.814,1.01765,1.018,0.30,0.80
2008.04.16 20:39:28.018,1.01765,1.018,0.30,0.80
2008.04.16 20:39:28.223,1.01765,1.018,0.30,0.80
2008.04.16 20:39:28.451,1.01765,1.018,0.30,0.80
2008.04.16 20:39:28.680,1.01765,1.018,0.30,0.80
2008.04.16 20:39:28.908,1.01765,1.018,0.30,0.80
2008.04.16 20:39:29.138,1.01765,1.018,0.30,0.80
2008.04.16 20:39:29.367,1.01765,1.018,0.30,0.80
2008.04.16 20:39:29.590,1.01765,1.01805,0.30,0.10
2008.04.16 20:39:29.813,1.01765,1.01805,0.30,0.10
2008.04.16 20:39:30.036,1.01765,1.01805,0.30,0.10
2008.04.16 20:39:30.261,1.01765,1.01805,0.30,0.10
2008.04.16 20:39:30.500,1.01765,1.01805,0.30,0.10
2008.04.16 20:39:30.749,1.01765,1.01805,0.30,0.10
2008.04.16 20:39:30.987,1.01765,1.01805,0.30,0.10
2008.04.16 20:39:31.226,1.01765,1.01805,0.30,0.10
2008.04.16 20:39:31.465,1.01765,1.01805,0.30,0.10
2008.04.16 20:39:31.684,1.01765,1.01805,0.30,0.10
2008.04.16 20:39:31.902,1.01765,1.01805,0.30,0.10
2008.04.16 20:39:32.120,1.01765,1.01805,0.30,0.10
2008.04.16 20:39:32.339,1.01765,1.01805,0.30,0.10
2008.04.16 20:39:32.547,1.01765,1.01805,0.30,0.10
2008.04.16 20:39:32.783,1.01765,1.01805,0.30,0.10
2008.04.16 20:39:32.991,1.01765,1.01805,0.30,0.10
2008.04.16 20:39:33.200,1.01765,1.01805,0.30,0.10
2008.04.16 20:39:33.409,1.01765,1.01805,0.30,0.10
2008.04.16 20:39:33.613,1.01765,1.01805,0.30,0.10
2008.04.16 20:39:33.815,1.01765,1.01805,0.30,0.10
2008.04.16 20:39:34.019,1.01765,1.01805,0.30,0.10
2008.04.16 20:39:34.224,1.01765,1.01805,0.30,0.10
2008.04.16 20:39:34.427,1.01765,1.01805,0.30,0.10
2008.04.16 20:39:34.658,1.01765,1.01805,0.30,0.10
2008.04.16 20:39:34.888,1.01765,1.01805,0.30,0.10
2008.04.16 20:39:35.147,1.01765,1.01805,0.30,0.10
2008.04.16 20:39:35.378,1.01765,1.01805,0.30,0.10
2008.04.16 20:39:35.611,1.01765,1.01805,0.30,0.10
2008.04.16 20:39:35.845,1.01765,1.01805,0.30,0.10
2008.04.16 20:39:36.078,1.01765,1.01805,0.30,0.10
2008.04.16 20:39:36.312,1.01765,1.01805,0.30,0.10
2008.04.16 20:39:36.545,1.01765,1.01805,0.30,0.10
2008.04.16 20:39:36.749,1.01765,1.01805,0.30,0.10
2008.04.16 20:39:36.952,1.01765,1.01805,0.30,0.10
2008.04.16 20:39:37.155,1.01765,1.01805,0.30,0.10
2008.04.16 20:39:37.390,1.01765,1.01805,0.30,0.10
2008.04.16 20:39:37.593,1.01765,1.01805,0.30,0.10
2008.04.16 20:39:37.802,1.01765,1.01805,0.30,0.10
2008.04.16 20:39:38.010,1.01765,1.01805,0.30,0.10
2008.04.16 20:39:38.219,1.01765,1.01805,0.30,0.10
2008.04.16 20:39:38.466,1.01765,1.01805,0.30,0.10
2008.04.16 20:39:38.684,1.01765,1.01805,0.30,0.10
2008.04.16 20:39:38.903,1.01765,1.01805,0.30,0.10
2008.04.16 20:39:39.122,1.01765,1.01805,0.30,0.10
2008.04.16 20:39:39.340,1.01765,1.01805,0.30,0.10
2008.04.16 20:39:39.559,1.01765,1.01805,0.30,0.10
2008.04.16 20:39:39.772,1.01765,1.01805,0.30,0.10
2008.04.16 20:39:39.986,1.01765,1.01805,0.30,0.10
2008.04.16 20:39:40.200,1.01765,1.01805,0.30,0.10
2008.04.16 20:39:40.414,1.01765,1.01805,0.30,0.10
2008.04.16 20:39:40.628,1.01765,1.01805,0.30,0.10
2008.04.16 20:39:40.827,1.01765,1.01805,0.30,0.10
2008.04.16 20:39:41.055,1.01765,1.01805,0.30,0.10
2008.04.16 20:39:41.256,1.01765,1.01805,0.30,0.10
2008.04.16 20:39:41.455,1.01765,1.01805,0.30,0.10
2008.04.16 20:39:41.683,1.01765,1.01805,0.30,0.10
2008.04.16 20:39:41.913,1.01765,1.01805,0.30,0.10
2008.04.16 20:39:42.141,1.01765,1.01805,0.30,0.10
2008.04.16 20:39:42.371,1.01765,1.018,0.30,0.80
2008.04.16 20:39:42.602,1.01765,1.018,0.30,0.80
2008.04.16 20:39:42.815,1.01765,1.018,0.30,0.80
2008.04.16 20:39:43.029,1.01765,1.018,0.30,0.80
2008.04.16 20:39:43.243,1.01765,1.018,0.30,0.80
2008.04.16 20:39:43.495,1.01765,1.018,0.30,0.80
2008.04.16 20:39:43.708,1.01765,1.018,0.30,0.80
2008.04.16 20:39:43.927,1.01765,1.018,0.30,0.80
2008.04.16 20:39:44.146,1.01765,1.018,0.30,0.80
2008.04.16 20:39:44.365,1.01765,1.018,0.30,0.80
2008.04.16 20:39:44.596,1.01765,1.018,0.30,0.80
2008.04.16 20:39:44.824,1.01765,1.018,0.30,0.80
2008.04.16 20:39:45.052,1.01765,1.018,0.30,0.80
2008.04.16 20:39:45.281,1.01765,1.018,0.30,0.80
2008.04.16 20:39:45.510,1.01765,1.018,0.30,0.80
2008.04.16 20:39:45.738,1.01765,1.018,0.30,0.80
2008.04.16 20:39:45.969,1.01765,1.018,0.30,0.80
2008.04.16 20:39:46.137,1.01765,1.018,0.30,0.80
2008.04.16 20:39:46.335,1.01765,1.018,0.30,0.80
2008.04.16 20:39:46.543,1.01765,1.018,0.30,0.80
2008.04.16 20:39:46.807,1.01765,1.018,0.30,0.80
2008.04.16 20:39:47.071,1.01765,1.018,0.30,0.80
2008.04.16 20:39:47.334,1.01765,1.018,0.30,0.80
2008.04.16 20:39:47.597,1.01765,1.018,0.30,0.80
2008.04.16 20:39:47.861,1.01765,1.018,0.30,0.80
2008.04.16 20:39:48.054,1.01765,1.018,0.30,0.80
2008.04.16 20:39:48.248,1.01765,1.018,0.30,0.80
2008.04.16 20:39:48.442,1.01765,1.018,0.30,0.80
2008.04.16 20:39:48.635,1.01765,1.018,0.30,0.80
2008.04.16 20:39:48.864,1.01765,1.018,0.30,0.80
2008.04.16 20:39:49.092,1.01765,1.018,0.30,0.80
2008.04.16 20:39:49.321,1.01765,1.018,0.30,0.80
2008.04.16 20:39:49.550,1.01765,1.018,0.30,0.80
2008.04.16 20:39:49.779,1.01765,1.018,0.30,0.80
2008.04.16 20:39:49.989,1.01765,1.01805,0.30,0.10
2008.04.16 20:39:50.198,1.01765,1.01805,0.30,0.10
2008.04.16 20:39:50.406,1.01765,1.01805,0.30,0.10
2008.04.16 20:39:50.614,1.01765,1.01805,0.30,0.10
2008.04.16 20:39:50.853,1.01765,1.01805,0.30,0.10
2008.04.16 20:39:51.066,1.01765,1.01805,0.30,0.10
2008.04.16 20:39:51.280,1.01765,1.01805,0.30,0.10
2008.04.16 20:39:51.495,1.01765,1.01805,0.30,0.10
2008.04.16 20:39:51.708,1.01765,1.01805,0.30,0.10
2008.04.16 20:39:51.921,1.01765,1.01805,0.30,0.10
2008.04.16 20:39:52.179,1.01765,1.01805,0.30,0.10
2008.04.16 20:39:52.439,1.01785,1.01825,0.30,0.80
2008.04.16 20:39:52.699,1.01785,1.01845,0.30,1.40
2008.04.16 20:39:52.957,1.0179,1.01845,0.40,1.10
2008.04.16 20:39:53.151,1.0179,1.01845,0.40,1.10
2008.04.16 20:39:53.345,1.0179,1.01845,0.40,1.10
2008.04.16 20:39:53.540,1.0179,1.01845,0.40,1.10
2008.04.16 20:39:53.733,1.0179,1.01845,0.40,1.10
2008.04.16 20:39:53.927,1.0179,1.01845,0.40,1.10
2008.04.16 20:39:54.165,1.0179,1.01845,0.40,1.10
2008.04.16 20:39:54.403,1.0179,1.01845,0.40,1.10
2008.04.16 20:39:54.642,1.0179,1.01845,0.40,1.10
2008.04.16 20:39:54.881,1.0179,1.01845,0.40,1.10
2008.04.16 20:39:55.085,1.0179,1.01845,0.40,1.10
2008.04.16 20:39:55.289,1.0179,1.01845,0.40,1.10
2008.04.16 20:39:55.493,1.0179,1.01845,0.40,1.10
2008.04.16 20:39:55.697,1.0179,1.01845,0.40,1.10
2008.04.16 20:39:55.901,1.01785,1.01845,0.60,1.10
2008.04.16 20:39:56.109,1.01785,1.01845,0.60,1.10
2008.04.16 20:39:56.349,1.01785,1.01845,0.60,1.10
2008.04.16 20:39:56.557,1.01785,1.01845,0.60,1.10
2008.04.16 20:39:56.765,1.01785,1.01845,0.60,1.10
2008.04.16 20:39:56.974,1.01785,1.01845,0.60,1.10
2008.04.16 20:39:57.249,1.01785,1.01845,0.60,1.10
2008.04.16 20:39:57.523,1.01785,1.01845,0.60,1.10
2008.04.16 20:39:57.801,1.01785,1.01845,0.60,1.10
2008.04.16 20:39:58.074,1.01785,1.01845,0.60,1.10
2008.04.16 20:39:58.249,1.01785,1.01845,0.60,1.10
2008.04.16 20:39:58.467,1.01785,1.01845,0.60,1.10
2008.04.16 20:39:58.645,1.01785,1.01845,0.60,1.10
2008.04.16 20:39:58.819,1.01785,1.01845,0.60,1.10
2008.04.16 20:39:58.992,1.01785,1.01845,0.60,1.10
2008.04.16 20:39:59.165,1.01785,1.01845,0.60,1.10
2008.04.16 20:39:59.428,1.01785,1.01845,0.60,1.10
2008.04.16 20:39:59.691,1.01785,1.01845,0.60,1.10
2008.04.16 20:39:59.955,1.01785,1.01845,0.60,1.10
2008.04.16 20:40:00.220,1.01785,1.01845,0.60,1.10
2008.04.16 20:40:00.414,1.01785,1.01845,0.60,1.10
2008.04.16 20:40:00.607,1.01785,1.01845,0.60,1.10
2008.04.16 20:40:00.834,1.01785,1.01845,0.60,1.10
2008.04.16 20:40:00.993,1.01785,1.01845,0.60,1.10
2008.04.16 20:40:01.187,1.0179,1.01845,0.40,1.10
2008.04.16 20:40:01.445,1.0179,1.0185,0.40,0.40
2008.04.16 20:40:01.732,1.01795,1.01855,0.40,0.40
2008.04.16 20:40:01.984,1.01795,1.01855,0.40,0.40
2008.04.16 20:40:02.238,1.01795,1.01855,0.60,0.40
2008.04.16 20:40:02.520,1.01795,1.01855,0.60,0.40
2008.04.16 20:40:02.769,1.01795,1.01855,0.60,0.40
2008.04.16 20:40:03.017,1.01795,1.01855,0.60,0.40
2008.04.16 20:40:03.266,1.01795,1.01855,0.60,0.40
2008.04.16 20:40:03.470,1.01795,1.01855,0.20,0.50
2008.04.16 20:40:03.673,1.01795,1.01855,0.20,0.50
2008.04.16 20:40:03.876,1.01795,1.01855,0.20,0.50
2008.04.16 20:40:04.079,1.01795,1.01855,0.20,0.50
2008.04.16 20:40:04.283,1.01795,1.01855,0.20,0.50
2008.04.16 20:40:04.522,1.01795,1.01855,0.20,0.50
2008.04.16 20:40:04.760,1.01795,1.01855,0.20,0.50
2008.04.16 20:40:04.999,1.01795,1.01855,0.20,0.50
2008.04.16 20:40:05.238,1.01795,1.01855,0.20,0.50
2008.04.16 20:40:05.476,1.01795,1.01855,0.20,0.50
2008.04.16 20:40:05.746,1.01795,1.01855,0.20,0.50
2008.04.16 20:40:05.954,1.01795,1.01855,0.20,0.50
2008.04.16 20:40:06.192,1.01795,1.01855,0.20,0.50
2008.04.16 20:40:06.430,1.01795,1.01855,0.20,0.50
2008.04.16 20:40:06.639,1.01795,1.01855,0.20,0.50
2008.04.16 20:40:06.848,1.01795,1.01855,0.60,0.40
2008.04.16 20:40:07.081,1.01795,1.01855,0.20,0.30
2008.04.16 20:40:07.324,1.01795,1.01855,0.20,0.30
2008.04.16 20:40:07.573,1.01795,1.01855,0.20,0.30
2008.04.16 20:40:07.821,1.01795,1.01855,0.20,0.30
2008.04.16 20:40:08.070,1.01795,1.01855,0.20,0.30
2008.04.16 20:40:08.318,1.01795,1.01855,0.20,0.30
2008.04.16 20:40:08.542,1.01795,1.01855,0.20,0.30
2008.04.16 20:40:08.766,1.01795,1.01855,0.20,0.30
2008.04.16 20:40:08.990,1.01795,1.01855,0.20,0.30
2008.04.16 20:40:09.214,1.01795,1.01855,0.20,0.30
2008.04.16 20:40:09.436,1.01795,1.01855,0.20,0.30
2008.04.16 20:40:09.635,1.01795,1.01855,0.20,0.30
2008.04.16 20:40:09.833,1.01795,1.01855,0.20,0.30
2008.04.16 20:40:10.032,1.01795,1.01855,0.20,0.30
2008.04.16 20:40:10.230,1.01795,1.01855,0.20,0.30
2008.04.16 20:40:10.429,1.01795,1.01855,0.20,0.30
2008.04.16 20:40:10.653,1.01795,1.01855,0.20,0.30
2008.04.16 20:40:10.877,1.01795,1.01855,0.20,0.30
2008.04.16 20:40:11.101,1.01795,1.01855,0.20,0.30
2008.04.16 20:40:11.324,1.01795,1.01855,0.20,0.30
2008.04.16 20:40:11.549,1.01795,1.01855,0.20,0.30
2008.04.16 20:40:11.804,1.01795,1.01855,0.20,0.30
2008.04.16 20:40:11.996,1.01795,1.01855,0.20,0.30
2008.04.16 20:40:12.230,1.01795,1.01855,0.20,0.30
2008.04.16 20:40:12.454,1.01795,1.01855,0.20,0.30
2008.04.16 20:40:12.664,1.01795,1.01855,0.20,0.30
2008.04.16 20:40:12.872,1.01805,1.0186,0.30,0.40
2008.04.16 20:40:13.101,1.01805,1.01865,0.30,0.60
2008.04.16 20:40:13.346,1.01805,1.01865,0.30,0.60
2008.04.16 20:40:13.519,1.01805,1.01865,0.30,0.60
2008.04.16 20:40:13.789,1.01805,1.01865,0.30,0.60
2008.04.16 20:40:14.058,1.01805,1.01865,0.30,0.60
2008.04.16 20:40:14.327,1.01805,1.01865,0.30,0.60
2008.04.16 20:40:14.613,1.01805,1.01865,0.30,0.60
2008.04.16 20:40:14.805,1.01805,1.01865,0.30,0.60
2008.04.16 20:40:14.998,1.01805,1.01865,0.30,0.60
2008.04.16 20:40:15.190,1.01805,1.01865,0.30,0.60
2008.04.16 20:40:15.384,1.01805,1.01865,0.30,0.60
2008.04.16 20:40:15.578,1.01805,1.01865,0.30,0.60
2008.04.16 20:40:15.807,1.01805,1.01865,0.30,0.60
2008.04.16 20:40:16.989,1.01805,1.01865,0.30,0.60
2008.04.16 20:40:17.079,1.01805,1.01865,0.30,0.60
2008.04.16 20:40:17.143,1.01805,1.01865,0.30,0.60
2008.04.16 20:40:17.239,1.01805,1.01865,0.30,0.60
2008.04.16 20:40:17.305,1.01805,1.01865,0.30,0.60
2008.04.16 20:40:17.369,1.01805,1.01865,0.30,0.60
2008.04.16 20:40:17.433,1.01805,1.01865,0.30,0.60
2008.04.16 20:40:17.499,1.01805,1.01865,0.30,0.60
2008.04.16 20:40:17.562,1.01805,1.01865,0.30,0.60
2008.04.16 20:40:17.627,1.01805,1.01865,0.30,0.60
2008.04.16 20:40:17.691,1.01805,1.01865,0.30,0.60
2008.04.16 20:40:17.757,1.01805,1.01865,0.30,0.60
2008.04.16 20:40:17.823,1.01805,1.01865,0.30,0.60
2008.04.16 20:40:17.886,1.01805,1.01865,0.30,0.60
2008.04.16 20:40:17.952,1.01805,1.01865,0.30,0.60
2008.04.16 20:40:18.018,1.01805,1.01865,0.30,0.60
2008.04.16 20:40:18.383,1.01805,1.01865,0.30,0.60
2008.04.16 20:40:18.746,1.01805,1.01865,0.30,0.60
2008.04.16 20:40:19.078,1.01805,1.01865,0.30,0.60
2008.04.16 20:40:19.253,1.01805,1.01865,0.30,0.60
2008.04.16 20:40:19.427,1.01805,1.01865,0.30,0.60
2008.04.16 20:40:19.646,1.01805,1.01865,0.30,0.60
2008.04.16 20:40:19.775,1.01805,1.01865,0.30,0.60
2008.04.16 20:40:19.953,1.01805,1.01865,0.30,0.60
2008.04.16 20:40:20.126,1.01805,1.01865,0.30,0.60
2008.04.16 20:40:20.420,1.01805,1.01865,0.30,0.60
2008.04.16 20:40:20.714,1.01805,1.01865,0.30,0.60
2008.04.16 20:40:21.009,1.01805,1.01865,0.30,0.60
2008.04.16 20:40:21.303,1.01805,1.01865,0.30,0.60
2008.04.16 20:40:21.462,1.01805,1.01865,0.30,0.60
2008.04.16 20:40:21.620,1.01805,1.01865,0.30,0.60
2008.04.16 20:40:21.779,1.01805,1.01865,0.30,0.60
2008.04.16 20:40:21.938,1.01805,1.0186,0.30,0.30
2008.04.16 20:40:22.111,1.01805,1.0186,0.30,0.30
2008.04.16 20:40:22.378,1.01805,1.0186,0.30,0.30
2008.04.16 20:40:22.641,1.01805,1.0186,0.30,0.30
2008.04.16 20:40:22.906,1.01805,1.0186,0.30,0.30
2008.04.16 20:40:23.169,1.01805,1.0186,0.30,0.30
2008.04.16 20:40:23.432,1.01805,1.0186,0.30,0.30
2008.04.16 20:40:23.610,1.01805,1.0186,0.30,0.30
2008.04.16 20:40:23.789,1.01805,1.0186,0.30,0.30
2008.04.16 20:40:23.968,1.01805,1.0186,0.30,0.30
2008.04.16 20:40:24.146,1.01805,1.0186,0.30,0.30
2008.04.16 20:40:24.325,1.01805,1.0186,0.30,0.30
2008.04.16 20:40:24.604,1.01805,1.0186,0.30,0.30
2008.04.16 20:40:24.892,1.01805,1.0186,0.30,0.30
2008.04.16 20:40:25.170,1.01805,1.0186,0.30,0.30
2008.04.16 20:40:25.448,1.01805,1.0186,0.30,0.30
2008.04.16 20:40:25.641,1.01805,1.0186,0.30,0.30
2008.04.16 20:40:25.835,1.01805,1.0186,0.30,0.30
2008.04.16 20:40:26.031,1.01805,1.0186,0.30,0.30
2008.04.16 20:40:26.226,1.01805,1.0186,0.30,0.30
2008.04.16 20:40:26.423,1.01805,1.0186,0.30,0.30
2008.04.16 20:40:26.623,1.01805,1.0186,0.30,0.30
2008.04.16 20:40:26.821,1.01805,1.0186,0.30,0.30
2008.04.16 20:40:27.021,1.01805,1.01855,0.30,0.40
2008.04.16 20:40:27.254,1.01805,1.01855,0.30,0.40
2008.04.16 20:40:27.452,1.01805,1.01855,0.30,0.40
2008.04.16 20:40:27.705,1.01805,1.01855,0.30,0.40
2008.04.16 20:40:27.958,1.01805,1.01855,0.30,0.40
2008.04.16 20:40:28.212,1.01805,1.01855,0.30,0.40
2008.04.16 20:40:28.466,1.01805,1.01855,0.30,0.40
2008.04.16 20:40:28.679,1.01805,1.01855,0.30,0.40
2008.04.16 20:40:28.892,1.01805,1.01855,0.30,0.40
2008.04.16 20:40:29.106,1.01805,1.01855,0.30,0.40
2008.04.16 20:40:29.351,1.01805,1.01855,0.30,0.40
2008.04.16 20:40:29.543,1.01805,1.01855,0.30,0.40
2008.04.16 20:40:29.767,1.01805,1.01855,0.30,0.40
2008.04.16 20:40:29.990,1.01805,1.01855,0.30,0.40
2008.04.16 20:40:30.213,1.01805,1.01855,0.30,0.40
2008.04.16 20:40:30.437,1.01805,1.01855,0.30,0.40
2008.04.16 20:40:30.630,1.01805,1.01855,0.30,0.40
2008.04.16 20:40:30.824,1.01805,1.01855,0.30,0.40
2008.04.16 20:40:31.017,1.01805,1.01855,0.30,0.40
2008.04.16 20:40:31.210,1.01805,1.01855,0.30,0.40
2008.04.16 20:40:31.404,1.01805,1.01855,0.30,0.40
2008.04.16 20:40:31.633,1.01805,1.01855,0.30,0.40
2008.04.16 20:40:31.861,1.01805,1.01855,0.30,0.40
2008.04.16 20:40:32.090,1.01805,1.01855,0.30,0.40
2008.04.16 20:40:32.329,1.01805,1.01855,0.30,0.40
2008.04.16 20:40:32.580,1.01805,1.01855,0.30,0.40
2008.04.16 20:40:32.773,1.01805,1.01855,0.30,0.40
2008.04.16 20:40:32.967,1.01805,1.01855,0.30,0.40
2008.04.16 20:40:33.161,1.01805,1.01855,0.30,0.40
2008.04.16 20:40:33.354,1.01805,1.01855,0.30,0.40
2008.04.16 20:40:33.578,1.01805,1.01855,0.30,0.40
2008.04.16 20:40:33.777,1.01805,1.01855,0.30,0.40
2008.04.16 20:40:34.006,1.01805,1.01855,0.30,0.40
2008.04.16 20:40:34.235,1.01805,1.01855,0.30,0.40
2008.04.16 20:40:34.465,1.01805,1.01855,0.30,0.40
2008.04.16 20:40:34.693,1.01805,1.01855,0.30,0.40
2008.04.16 20:40:34.902,1.01805,1.01855,0.30,0.40
2008.04.16 20:40:35.127,1.01805,1.01855,0.30,0.40
2008.04.16 20:40:35.336,1.01805,1.01855,0.30,0.40
2008.04.16 20:40:35.544,1.01805,1.01855,0.30,0.40
2008.04.16 20:40:35.749,1.01805,1.01855,0.30,0.40
2008.04.16 20:40:35.953,1.01805,1.01855,0.30,0.40
2008.04.16 20:40:36.187,1.01805,1.01855,0.30,0.40
2008.04.16 20:40:36.390,1.01805,1.01855,0.30,0.40
2008.04.16 20:40:36.594,1.01805,1.01855,0.30,0.40
2008.04.16 20:40:36.818,1.01805,1.01855,0.30,0.40
2008.04.16 20:40:37.042,1.01805,1.01855,0.30,0.40
2008.04.16 20:40:37.265,1.01805,1.01855,0.30,0.40
2008.04.16 20:40:37.488,1.01805,1.01855,0.30,0.40
2008.04.16 20:40:37.711,1.01805,1.01855,0.30,0.40
2008.04.16 20:40:37.909,1.01805,1.01855,0.30,0.40
2008.04.16 20:40:38.108,1.01805,1.01855,0.30,0.40
2008.04.16 20:40:38.307,1.01805,1.01855,0.30,0.40
2008.04.16 20:40:38.506,1.01805,1.01845,0.30,0.10
2008.04.16 20:40:38.706,1.01805,1.01845,0.30,0.10
2008.04.16 20:40:38.936,1.01805,1.01845,0.30,0.10
2008.04.16 20:40:39.165,1.01805,1.01845,0.30,0.10
2008.04.16 20:40:39.394,1.01805,1.01845,0.30,0.10
2008.04.16 20:40:39.622,1.01805,1.01845,0.30,0.10
2008.04.16 20:40:39.850,1.01805,1.01845,0.30,0.10
2008.04.16 20:40:40.078,1.01805,1.01845,0.30,0.10
2008.04.16 20:40:40.307,1.01815,1.01845,0.30,0.10
2008.04.16 20:40:40.569,1.01815,1.01845,0.30,0.10
2008.04.16 20:40:40.797,1.01815,1.01845,0.30,0.10
2008.04.16 20:40:41.031,1.01815,1.01845,0.30,0.10
2008.04.16 20:40:41.264,1.01815,1.01845,0.30,0.10
2008.04.16 20:40:41.497,1.01815,1.01845,0.30,0.10
2008.04.16 20:40:41.730,1.01815,1.01845,0.30,0.10
2008.04.16 20:40:41.954,1.01815,1.01845,0.30,0.10
2008.04.16 20:40:42.174,1.01815,1.01845,0.30,0.10
2008.04.16 20:40:42.393,1.01815,1.01845,0.30,0.10
2008.04.16 20:40:42.612,1.01815,1.01845,0.30,0.10
2008.04.16 20:40:42.830,1.01815,1.01845,0.30,0.10
2008.04.16 20:40:43.041,1.01815,1.01845,0.30,0.10
2008.04.16 20:40:43.249,1.01815,1.01845,0.30,0.10
2008.04.16 20:40:43.458,1.01815,1.01845,0.30,0.10
2008.04.16 20:40:43.667,1.01815,1.01845,0.30,0.10
2008.04.16 20:40:43.888,1.01815,1.01845,0.30,0.10
2008.04.16 20:40:44.138,1.01815,1.01845,0.30,0.10
2008.04.16 20:40:44.386,1.01815,1.01845,0.30,0.10
2008.04.16 20:40:44.664,1.01815,1.01845,0.30,0.10
2008.04.16 20:40:44.884,1.01815,1.01845,0.30,0.10
2008.04.16 20:40:45.088,1.01815,1.01845,0.30,0.10
2008.04.16 20:40:45.292,1.01815,1.01845,0.30,0.10
2008.04.16 20:40:45.496,1.01815,1.01845,0.30,0.10
2008.04.16 20:40:45.726,1.01815,1.01845,0.30,0.10
2008.04.16 20:40:45.930,1.01815,1.01845,0.30,0.10
2008.04.16 20:40:46.171,1.01815,1.01845,0.30,0.10
2008.04.16 20:40:46.410,1.01815,1.01845,0.30,0.10
2008.04.16 20:40:46.649,1.01815,1.01845,0.30,0.10
2008.04.16 20:40:46.888,1.01815,1.01845,0.30,0.10
2008.04.16 20:40:47.097,1.01815,1.01845,0.30,0.10
2008.04.16 20:40:47.286,1.01815,1.01845,0.30,0.10
2008.04.16 20:40:47.475,1.01815,1.01845,0.30,0.10
2008.04.16 20:40:47.664,1.01815,1.01845,0.30,0.10
2008.04.16 20:40:47.854,1.01815,1.01845,0.30,0.10
2008.04.16 20:40:48.103,1.01815,1.01845,0.30,0.10
2008.04.16 20:40:48.351,1.01815,1.01845,0.30,0.10
2008.04.16 20:40:48.620,1.01815,1.01845,0.30,0.10
2008.04.16 20:40:48.869,1.01815,1.01845,0.30,0.10
2008.04.16 20:40:49.110,1.01815,1.01845,0.30,0.10
2008.04.16 20:40:49.380,1.01815,1.01845,0.30,0.10
2008.04.16 20:40:49.651,1.01815,1.01845,0.30,0.10
2008.04.16 20:40:49.889,1.01815,1.01845,0.30,0.10
2008.04.16 20:40:50.118,1.01815,1.01845,0.30,0.10
2008.04.16 20:40:50.347,1.01815,1.01845,0.30,0.10
2008.04.16 20:40:50.575,1.01815,1.01845,0.30,0.10
2008.04.16 20:40:50.804,1.01815,1.01845,0.30,0.10
2008.04.16 20:40:51.033,1.01815,1.01845,0.30,0.10
2008.04.16 20:40:51.291,1.01815,1.01845,0.30,0.10
2008.04.16 20:40:51.550,1.01815,1.01845,0.30,0.10
2008.04.16 20:40:51.809,1.01815,1.01845,0.30,0.10
2008.04.16 20:40:52.069,1.01815,1.01845,0.30,0.10
2008.04.16 20:40:52.273,1.01815,1.01845,0.30,0.10
2008.04.16 20:40:52.477,1.01815,1.01845,0.30,0.10
2008.04.16 20:40:52.681,1.01815,1.01845,0.30,0.10
2008.04.16 20:40:52.885,1.01815,1.01845,0.30,0.10
2008.04.16 20:40:53.145,1.01815,1.01845,0.30,0.10
2008.04.16 20:40:53.423,1.01815,1.01845,0.30,0.10
2008.04.16 20:40:53.681,1.01815,1.01845,0.30,0.10
2008.04.16 20:40:53.939,1.01815,1.01845,0.30,0.10
2008.04.16 20:40:54.158,1.01815,1.01845,0.30,0.10
2008.04.16 20:40:54.377,1.01815,1.01845,0.30,0.10
2008.04.16 20:40:54.596,1.01815,1.01845,0.30,0.10
2008.04.16 20:40:54.815,1.01815,1.01845,0.30,0.10
2008.04.16 20:40:55.034,1.01815,1.01845,0.30,0.10
2008.04.16 20:40:55.228,1.01815,1.01845,0.30,0.10
2008.04.16 20:40:55.421,1.01815,1.01845,0.30,0.10
2008.04.16 20:40:55.615,1.01815,1.01845,0.30,0.10
2008.04.16 20:40:55.810,1.01815,1.01845,0.30,0.10
2008.04.16 20:40:56.005,1.01815,1.01845,0.30,0.10
2008.04.16 20:40:56.267,1.01815,1.01845,0.30,0.10
2008.04.16 20:40:56.560,1.01815,1.01845,0.30,0.10
2008.04.16 20:40:56.824,1.01815,1.01845,0.30,0.10
2008.04.16 20:40:57.087,1.01815,1.01845,0.30,0.10
2008.04.16 20:40:57.311,1.01815,1.01845,0.30,0.10
2008.04.16 20:40:57.499,1.01815,1.01845,0.30,0.10
2008.04.16 20:40:57.687,1.01815,1.01845,0.30,0.10
2008.04.16 20:40:57.876,1.01815,1.01845,0.30,0.10
2008.04.16 20:40:58.065,1.01815,1.01845,0.30,0.10
2008.04.16 20:40:58.293,1.01815,1.01845,0.30,0.10
2008.04.16 20:40:58.522,1.01815,1.01845,0.30,0.10
2008.04.16 20:40:58.750,1.01815,1.01845,0.30,0.10
2008.04.16 20:40:58.979,1.01815,1.01845,0.30,0.10
2008.04.16 20:40:59.208,1.01815,1.01845,0.30,0.10
2008.04.16 20:40:59.421,1.01815,1.01845,0.30,0.10
2008.04.16 20:40:59.635,1.01815,1.01845,0.30,0.10
2008.04.16 20:40:59.875,1.01815,1.01845,0.30,0.10
2008.04.16 20:41:00.089,1.01815,1.01845,0.30,0.10
2008.04.16 20:41:00.291,1.01815,1.01845,0.30,0.10
2008.04.16 20:41:00.496,1.01815,1.01845,0.30,0.10
2008.04.16 20:41:00.699,1.01815,1.01845,0.30,0.10
2008.04.16 20:41:00.934,1.01815,1.01845,0.30,0.10
2008.04.16 20:41:01.137,1.01815,1.01845,0.30,0.10
2008.04.16 20:41:01.355,1.01815,1.01845,0.30,0.10
2008.04.16 20:41:01.573,1.01815,1.01845,0.30,0.10
2008.04.16 20:41:01.792,1.01815,1.01845,0.30,0.10
2008.04.16 20:41:02.012,1.01815,1.01845,0.30,0.10
2008.04.16 20:41:02.230,1.01815,1.01845,0.30,0.10
2008.04.16 20:41:02.433,1.01815,1.01845,0.30,0.10
2008.04.16 20:41:02.637,1.01815,1.01845,0.30,0.10
2008.04.16 20:41:02.840,1.01815,1.01845,0.30,0.10
2008.04.16 20:41:03.043,1.01815,1.01845,0.30,0.10
2008.04.16 20:41:03.277,1.01815,1.01845,0.30,0.10
2008.04.16 20:41:03.511,1.01815,1.01845,0.30,0.10
2008.04.16 20:41:03.745,1.01815,1.01845,0.30,0.10
2008.04.16 20:41:03.979,1.01815,1.01845,0.30,0.10
2008.04.16 20:41:04.213,1.01815,1.01845,0.30,0.10
2008.04.16 20:41:04.406,1.01815,1.01845,0.30,0.10
2008.04.16 20:41:04.599,1.01815,1.01845,0.30,0.10
2008.04.16 20:41:04.794,1.01815,1.01845,0.30,0.10
2008.04.16 20:41:04.987,1.01815,1.01845,0.30,0.10
2008.04.16 20:41:05.181,1.01815,1.01845,0.30,0.10
2008.04.16 20:41:05.435,1.01815,1.01845,0.30,0.10
2008.04.16 20:41:05.668,1.01815,1.01845,0.30,0.10
2008.04.16 20:41:05.902,1.01815,1.01845,0.30,0.10
2008.04.16 20:41:06.136,1.01815,1.01845,0.30,0.10
2008.04.16 20:41:06.325,1.01815,1.01845,0.30,0.10
2008.04.16 20:41:06.530,1.01815,1.01845,0.30,0.10
2008.04.16 20:41:06.719,1.01815,1.01845,0.30,0.10
2008.04.16 20:41:06.908,1.01815,1.01845,0.30,0.10
2008.04.16 20:41:07.132,1.01815,1.01845,0.30,0.10
2008.04.16 20:41:07.385,1.01815,1.01845,0.30,0.10
2008.04.16 20:41:07.639,1.01815,1.01845,0.30,0.10
2008.04.16 20:41:07.893,1.01815,1.01845,0.30,0.10
2008.04.16 20:41:08.146,1.01815,1.01845,0.30,0.10
2008.04.16 20:41:08.400,1.01815,1.01845,0.30,0.10
2008.04.16 20:41:08.584,1.01815,1.01845,0.30,0.10
2008.04.16 20:41:08.767,1.01815,1.01845,0.30,0.10
2008.04.16 20:41:08.965,1.01815,1.01845,0.30,0.10
2008.04.16 20:41:09.149,1.01815,1.01845,0.30,0.10
2008.04.16 20:41:09.333,1.01815,1.01845,0.30,0.10
2008.04.16 20:41:09.589,1.01815,1.01845,0.30,0.10
2008.04.16 20:41:09.857,1.01815,1.01845,0.30,0.10
2008.04.16 20:41:10.109,1.01815,1.01845,0.30,0.10
2008.04.16 20:41:10.363,1.01815,1.01845,0.30,0.10
2008.04.16 20:41:10.562,1.01815,1.01845,0.30,0.10
2008.04.16 20:41:10.761,1.01815,1.01845,0.30,0.10
2008.04.16 20:41:10.960,1.01815,1.01845,0.30,0.10
2008.04.16 20:41:11.159,1.01815,1.01845,0.30,0.10
2008.04.16 20:41:11.358,1.01815,1.01845,0.30,0.10
2008.04.16 20:41:11.576,1.01815,1.01845,0.30,0.10
2008.04.16 20:41:11.795,1.01815,1.01845,0.30,0.10
2008.04.16 20:41:12.014,1.01815,1.01845,0.30,0.10
2008.04.16 20:41:12.253,1.01815,1.01845,0.30,0.10
2008.04.16 20:41:12.472,1.01815,1.01845,0.30,0.10
2008.04.16 20:41:12.680,1.01815,1.01845,0.30,0.10
2008.04.16 20:41:12.889,1.01815,1.01845,0.30,0.10
2008.04.16 20:41:13.098,1.01795,1.01835,1.20,0.10
2008.04.16 20:41:13.308,1.01795,1.01835,1.20,0.10
2008.04.16 20:41:13.523,1.01795,1.01835,1.20,0.10
2008.04.16 20:41:13.737,1.01795,1.01835,1.20,0.10
2008.04.16 20:41:13.982,1.01795,1.01835,1.20,0.10
2008.04.16 20:41:14.163,1.01795,1.01835,1.20,0.10
2008.04.16 20:41:14.377,1.01795,1.01835,1.20,0.10
2008.04.16 20:41:14.601,1.01795,1.01835,1.20,0.10
2008.04.16 20:41:14.824,1.01795,1.01835,1.20,0.10
2008.04.16 20:41:15.049,1.01795,1.01835,1.20,0.10
2008.04.16 20:41:15.305,1.01795,1.01835,1.20,0.10
2008.04.16 20:41:15.549,1.01795,1.01835,1.20,0.10
2008.04.16 20:41:15.792,1.01795,1.01835,1.20,0.10
2008.04.16 20:41:16.036,1.01795,1.01835,1.20,0.10
2008.04.16 20:41:16.280,1.01795,1.01835,1.20,0.10
2008.04.16 20:41:16.524,1.01795,1.01835,1.20,0.10
2008.04.16 20:41:16.748,1.01795,1.01835,1.20,0.10
2008.04.16 20:41:16.973,1.01795,1.01835,1.20,0.10
2008.04.16 20:41:17.214,1.01795,1.01835,1.20,0.10
2008.04.16 20:41:17.438,1.01795,1.01835,1.20,0.10
2008.04.16 20:41:17.682,1.01795,1.01835,1.20,0.10
2008.04.16 20:41:17.926,1.01795,1.01835,1.20,0.10
2008.04.16 20:41:18.170,1.01795,1.01835,1.20,0.10
2008.04.16 20:41:18.414,1.01795,1.01835,1.20,0.10
2008.04.16 20:41:18.603,1.01795,1.01835,1.20,0.10
2008.04.16 20:41:18.791,1.01795,1.01835,1.00,0.10
2008.04.16 20:41:19.003,1.01795,1.01835,1.00,0.10
2008.04.16 20:41:19.191,1.01795,1.01835,1.00,0.10
2008.04.16 20:41:19.381,1.01795,1.01835,1.00,0.10
2008.04.16 20:41:19.635,1.01795,1.01835,1.00,0.10
2008.04.16 20:41:19.889,1.01795,1.01835,1.00,0.10
2008.04.16 20:41:20.142,1.01795,1.01835,1.00,0.10
2008.04.16 20:41:20.395,1.01795,1.01835,1.00,0.10
2008.04.16 20:41:20.650,1.01795,1.01835,1.00,0.10
2008.04.16 20:41:20.841,1.01795,1.01835,1.00,0.10
2008.04.16 20:41:21.020,1.01795,1.01835,1.00,0.10
2008.04.16 20:41:21.199,1.01795,1.01835,1.00,0.10
2008.04.16 20:41:21.378,1.01795,1.01835,1.00,0.10
2008.04.16 20:41:21.556,1.01795,1.01835,1.00,0.10
2008.04.16 20:41:21.822,1.01795,1.01835,1.00,0.10
2008.04.16 20:41:22.085,1.01795,1.01835,1.00,0.10
2008.04.16 20:41:22.349,1.01795,1.01835,1.00,0.10
2008.04.16 20:41:22.621,1.01795,1.01835,1.00,0.10
2008.04.16 20:41:22.825,1.01795,1.01835,1.00,0.10
2008.04.16 20:41:23.024,1.01795,1.01835,1.00,0.10
2008.04.16 20:41:23.223,1.01795,1.01835,1.00,0.10
2008.04.16 20:41:23.422,1.01795,1.01835,1.00,0.10
2008.04.16 20:41:23.638,1.01795,1.01835,1.00,0.10
2008.04.16 20:41:23.915,1.01795,1.01835,1.00,0.10
2008.04.16 20:41:24.196,1.01795,1.01835,1.00,0.10
2008.04.16 20:41:24.503,1.01795,1.01835,1.00,0.10
2008.04.16 20:41:24.782,1.01795,1.01835,1.00,0.10
2008.04.16 20:41:24.981,1.01795,1.01835,1.00,0.10
2008.04.16 20:41:25.182,1.01795,1.01835,1.00,0.10
2008.04.16 20:41:25.380,1.01795,1.01835,0.30,0.10
2008.04.16 20:41:25.580,1.01795,1.01835,0.30,0.10
2008.04.16 20:41:25.779,1.01795,1.01835,0.30,0.10
2008.04.16 20:41:26.003,1.01795,1.01835,0.30,0.10
2008.04.16 20:41:26.226,1.01795,1.01835,0.30,0.10
2008.04.16 20:41:26.450,1.01795,1.01835,0.30,0.10
2008.04.16 20:41:26.673,1.01795,1.01835,0.30,0.10
2008.04.16 20:41:26.922,1.01795,1.01835,0.30,0.10
2008.04.16 20:41:27.110,1.01795,1.01835,0.30,0.10
2008.04.16 20:41:27.329,1.01795,1.01835,0.30,0.10
2008.04.16 20:41:27.548,1.01795,1.01835,0.30,0.10
2008.04.16 20:41:27.767,1.01795,1.01835,0.30,0.10
2008.04.16 20:41:27.981,1.01795,1.01835,0.50,0.10
2008.04.16 20:41:28.195,1.01795,1.01835,0.50,0.10
2008.04.16 20:41:28.409,1.01795,1.01835,0.50,0.10
2008.04.16 20:41:28.622,1.01795,1.01835,0.50,0.10
2008.04.16 20:41:28.856,1.01795,1.01835,0.50,0.10
2008.04.16 20:41:29.090,1.01795,1.01835,0.50,0.10
2008.04.16 20:41:29.324,1.01795,1.01835,0.50,0.10
2008.04.16 20:41:29.558,1.01795,1.01835,0.50,0.10
2008.04.16 20:41:29.792,1.01795,1.01835,0.50,0.10
2008.04.16 20:41:30.000,1.01795,1.01835,0.50,0.10
2008.04.16 20:41:30.209,1.01795,1.01835,0.50,0.10
2008.04.16 20:41:30.419,1.01795,1.01835,0.50,0.10
2008.04.16 20:41:30.627,1.01795,1.01835,0.30,0.10
2008.04.16 20:41:30.836,1.01795,1.01835,0.30,0.10
2008.04.16 20:41:31.060,1.01795,1.01835,0.30,0.10
2008.04.16 20:41:31.312,1.01795,1.01835,0.30,0.10
2008.04.16 20:41:31.535,1.01795,1.01835,0.30,0.10
2008.04.16 20:41:31.759,1.01795,1.01825,0.30,0.10
2008.04.16 20:41:32.003,1.01795,1.01825,0.30,0.10
2008.04.16 20:41:32.248,1.01795,1.01825,0.30,0.10
2008.04.16 20:41:32.492,1.01795,1.01825,0.30,0.10
2008.04.16 20:41:32.736,1.01795,1.01825,0.30,0.10
2008.04.16 20:41:32.956,1.01795,1.01825,0.30,0.10
2008.04.16 20:41:33.201,1.01795,1.01825,0.30,0.10
2008.04.16 20:41:33.420,1.01795,1.01825,0.30,0.10
2008.04.16 20:41:33.640,1.01795,1.01825,0.30,0.10
2008.04.16 20:41:33.891,1.01785,1.01825,0.30,0.10
2008.04.16 20:41:34.083,1.01785,1.01825,0.30,0.10
2008.04.16 20:41:34.272,1.01785,1.01825,0.30,0.10
2008.04.16 20:41:34.460,1.01785,1.01825,0.30,0.10
2008.04.16 20:41:34.648,1.01785,1.01825,0.30,0.10
2008.04.16 20:41:34.863,1.01785,1.01825,0.30,0.10
2008.04.16 20:41:35.051,1.01785,1.01815,0.30,0.10
2008.04.16 20:41:35.306,1.01785,1.01815,0.30,0.10
2008.04.16 20:41:35.560,1.01785,1.01815,0.30,0.10
2008.04.16 20:41:35.814,1.01785,1.01815,0.30,0.10
2008.04.16 20:41:36.069,1.01785,1.01815,0.30,0.10
2008.04.16 20:41:36.314,1.01785,1.01815,0.30,0.10
2008.04.16 20:41:36.558,1.01785,1.01815,0.30,0.10
2008.04.16 20:41:36.802,1.01785,1.01815,0.30,0.10
2008.04.16 20:41:37.078,1.01785,1.01815,0.30,0.10
2008.04.16 20:41:37.313,1.01785,1.01815,0.30,0.10
2008.04.16 20:41:37.545,1.01785,1.01815,0.30,0.10
2008.04.16 20:41:37.780,1.01785,1.01815,0.30,0.10
2008.04.16 20:41:38.014,1.01785,1.01815,0.30,0.10
2008.04.16 20:41:38.267,1.01785,1.01815,0.30,0.10
2008.04.16 20:41:38.523,1.01785,1.01815,0.30,0.10
2008.04.16 20:41:38.777,1.01785,1.01815,0.30,0.10
2008.04.16 20:41:39.062,1.01785,1.01815,0.30,0.10
2008.04.16 20:41:39.244,1.01785,1.01815,0.30,0.10
2008.04.16 20:41:39.458,1.01785,1.01815,0.30,0.10
2008.04.16 20:41:39.673,1.01785,1.01815,0.30,0.10
2008.04.16 20:41:39.888,1.01785,1.01815,0.30,0.10
2008.04.16 20:41:40.134,1.01785,1.01815,0.30,0.10
2008.04.16 20:41:40.315,1.01785,1.01815,0.30,0.10
2008.04.16 20:41:40.530,1.01785,1.01815,0.30,0.10
2008.04.16 20:41:40.774,1.01785,1.01815,0.30,0.10
2008.04.16 20:41:40.988,1.01785,1.01815,0.30,0.10
2008.04.16 20:41:41.201,1.01785,1.01815,0.30,0.10
2008.04.16 20:41:41.445,1.01785,1.01815,0.30,0.10
2008.04.16 20:41:41.689,1.01785,1.01815,0.30,0.10
2008.04.16 20:41:41.947,1.01785,1.01815,0.30,0.10
2008.04.16 20:41:42.191,1.01785,1.01815,0.30,0.10
2008.04.16 20:41:42.386,1.01785,1.01815,0.30,0.10
2008.04.16 20:41:42.588,1.01785,1.01815,0.30,0.10
2008.04.16 20:41:42.784,1.01785,1.01815,0.30,0.10
2008.04.16 20:41:42.978,1.01785,1.01815,0.30,0.10
2008.04.16 20:41:43.171,1.01785,1.01815,0.30,0.10
2008.04.16 20:41:43.409,1.01785,1.01815,0.30,0.10
2008.04.16 20:41:43.648,1.01785,1.01815,0.30,0.10
2008.04.16 20:41:43.888,1.01785,1.01815,0.30,0.10
2008.04.16 20:41:44.126,1.01785,1.01815,0.30,0.10
2008.04.16 20:41:44.399,1.01785,1.01815,0.30,0.10
2008.04.16 20:41:44.574,1.01785,1.01815,0.30,0.10
2008.04.16 20:41:44.783,1.01785,1.01815,0.30,0.10
2008.04.16 20:41:45.005,1.01785,1.01815,0.30,0.10
2008.04.16 20:41:45.215,1.01785,1.01815,0.30,0.10
2008.04.16 20:41:45.450,1.01785,1.0181,0.30,0.10
2008.04.16 20:41:45.683,1.01785,1.0181,0.30,0.10
2008.04.16 20:41:45.937,1.01785,1.0181,0.30,0.10
2008.04.16 20:41:46.202,1.01785,1.0182,0.30,0.10
2008.04.16 20:41:46.483,1.01785,1.0182,0.30,0.10
2008.04.16 20:41:46.780,1.01785,1.0182,0.30,0.10
2008.04.16 20:41:47.043,1.01785,1.0182,0.30,0.10
2008.04.16 20:41:47.307,1.01785,1.0182,0.30,0.10
2008.04.16 20:41:47.599,1.0179,1.0182,0.30,0.10
2008.04.16 20:41:47.826,1.0179,1.0182,0.30,0.10
2008.04.16 20:41:48.086,1.0179,1.0182,0.30,0.10
2008.04.16 20:41:48.345,1.0179,1.0182,0.30,0.10
2008.04.16 20:41:48.615,1.0179,1.0182,0.30,0.10
2008.04.16 20:41:48.885,1.0179,1.0182,0.30,0.10
2008.04.16 20:41:49.154,1.0179,1.0182,0.30,0.10
2008.04.16 20:41:49.423,1.0179,1.0182,0.30,0.10
2008.04.16 20:41:49.663,1.0179,1.0182,0.30,0.10
2008.04.16 20:41:49.903,1.0179,1.0182,0.30,0.10
2008.04.16 20:41:50.142,1.0179,1.0182,0.30,0.10
2008.04.16 20:41:50.381,1.0179,1.0182,0.30,0.10
2008.04.16 20:41:50.631,1.0179,1.0182,0.30,0.10
2008.04.16 20:41:50.819,1.0179,1.0182,0.30,0.10
2008.04.16 20:41:51.039,1.0179,1.0182,0.30,0.10
2008.04.16 20:41:51.258,1.0179,1.0182,0.30,0.10
2008.04.16 20:41:51.537,1.0179,1.0182,0.30,0.10
2008.04.16 20:41:51.827,1.0179,1.0182,0.30,0.10
2008.04.16 20:41:52.134,1.0179,1.0182,0.30,0.10
2008.04.16 20:41:52.413,1.0179,1.0182,0.30,0.10
2008.04.16 20:41:52.647,1.0179,1.0182,0.30,0.10
2008.04.16 20:41:52.882,1.0179,1.0182,0.30,0.10
2008.04.16 20:41:53.148,1.018,1.0182,0.30,0.10
2008.04.16 20:41:53.351,1.018,1.0182,0.30,0.10
2008.04.16 20:41:53.614,1.018,1.0182,0.30,0.10
2008.04.16 20:41:53.878,1.018,1.0182,0.30,0.10
2008.04.16 20:41:54.142,1.018,1.0182,0.30,0.10
2008.04.16 20:41:54.408,1.018,1.0182,0.30,0.10
2008.04.16 20:41:54.678,1.018,1.0182,0.30,0.10
2008.04.16 20:41:54.933,1.018,1.0182,0.30,0.10
2008.04.16 20:41:55.203,1.018,1.0182,0.30,0.10
2008.04.16 20:41:55.442,1.018,1.0182,0.30,0.10
2008.04.16 20:41:55.715,1.018,1.0182,0.30,0.10
2008.04.16 20:41:55.989,1.018,1.0182,0.30,0.10
2008.04.16 20:41:56.263,1.018,1.0182,0.30,0.10
2008.04.16 20:41:56.537,1.018,1.0182,0.30,0.10
2008.04.16 20:41:56.721,1.018,1.0182,0.30,0.10
2008.04.16 20:41:56.904,1.018,1.0182,0.30,0.10
2008.04.16 20:41:57.088,1.018,1.0182,0.30,0.10
2008.04.16 20:41:57.295,1.018,1.0182,0.30,0.10
2008.04.16 20:41:57.477,1.018,1.0182,0.30,0.10
2008.04.16 20:41:57.787,1.018,1.0182,0.30,0.10
2008.04.16 20:41:58.099,1.018,1.0182,0.30,0.10
2008.04.16 20:41:58.432,1.018,1.0182,0.30,0.10
2008.04.16 20:41:58.602,1.018,1.0182,0.30,0.10
2008.04.16 20:41:58.771,1.018,1.0182,0.30,0.10
2008.04.16 20:41:58.977,1.018,1.0182,0.30,0.10
2008.04.16 20:41:59.147,1.018,1.0182,0.30,0.10
2008.04.16 20:41:59.317,1.018,1.0182,0.30,0.10
2008.04.16 20:41:59.485,1.018,1.0182,0.30,0.10
2008.04.16 20:41:59.809,1.018,1.0182,0.30,0.10
2008.04.16 20:42:00.166,1.018,1.0182,0.30,0.10
2008.04.16 20:42:00.459,1.018,1.0182,0.30,0.10
2008.04.16 20:42:00.643,1.018,1.0182,0.30,0.10
2008.04.16 20:42:00.827,1.018,1.0182,0.30,0.10
2008.04.16 20:42:01.011,1.018,1.0182,0.30,0.10
2008.04.16 20:42:01.195,1.018,1.0182,0.30,0.10
2008.04.16 20:42:01.379,1.018,1.0182,0.30,0.10
2008.04.16 20:42:01.594,1.018,1.0182,0.30,0.10
2008.04.16 20:42:01.796,1.018,1.0182,0.30,0.10
2008.04.16 20:42:02.031,1.018,1.0182,0.30,0.10
2008.04.16 20:42:02.299,1.018,1.0182,0.30,0.10
2008.04.16 20:42:02.522,1.018,1.0182,0.30,0.10
2008.04.16 20:42:02.756,1.018,1.0182,0.30,0.10
2008.04.16 20:42:02.975,1.018,1.0182,0.30,0.10
2008.04.16 20:42:03.194,1.018,1.0182,0.30,0.10
2008.04.16 20:42:03.425,1.018,1.0182,0.30,0.10
2008.04.16 20:42:03.644,1.018,1.0182,0.30,0.10
2008.04.16 20:42:03.893,1.018,1.0182,0.30,0.10
2008.04.16 20:42:04.142,1.018,1.0182,0.30,0.10
2008.04.16 20:42:04.391,1.018,1.0182,0.30,0.10
2008.04.16 20:42:04.640,1.018,1.0182,0.30,0.10
2008.04.16 20:42:04.864,1.018,1.0182,0.30,0.10
2008.04.16 20:42:05.088,1.018,1.0182,0.30,0.10
2008.04.16 20:42:05.312,1.018,1.0182,0.30,0.10
2008.04.16 20:42:05.536,1.018,1.0182,0.30,0.10
2008.04.16 20:42:05.760,1.018,1.0182,0.30,0.10
2008.04.16 20:42:05.978,1.018,1.0182,0.30,0.10
2008.04.16 20:42:06.177,1.018,1.0182,0.30,0.10
2008.04.16 20:42:06.376,1.018,1.0182,0.30,0.10
2008.04.16 20:42:06.576,1.018,1.0182,0.30,0.10
2008.04.16 20:42:06.776,1.018,1.0182,0.30,0.10
2008.04.16 20:42:06.996,1.018,1.0182,0.30,0.10
2008.04.16 20:42:07.215,1.018,1.0182,0.30,0.10
2008.04.16 20:42:07.464,1.018,1.0182,0.30,0.10
2008.04.16 20:42:07.683,1.018,1.0182,0.30,0.10
2008.04.16 20:42:07.897,1.018,1.0182,0.30,0.10
2008.04.16 20:42:08.111,1.018,1.0182,0.30,0.10
2008.04.16 20:42:08.326,1.018,1.0182,0.30,0.10
2008.04.16 20:42:08.570,1.018,1.0182,0.30,0.10
2008.04.16 20:42:08.784,1.018,1.0182,0.30,0.10
2008.04.16 20:42:09.007,1.018,1.0182,0.30,0.10
2008.04.16 20:42:09.263,1.018,1.0182,0.30,0.10
2008.04.16 20:42:09.487,1.018,1.0182,0.30,0.10
2008.04.16 20:42:09.711,1.018,1.0182,0.30,0.10
2008.04.16 20:42:09.935,1.018,1.0182,0.30,0.10
2008.04.16 20:42:10.159,1.018,1.0182,0.30,0.10
2008.04.16 20:42:10.383,1.018,1.0182,0.30,0.10
2008.04.16 20:42:10.608,1.018,1.0182,0.30,0.10
2008.04.16 20:42:10.831,1.018,1.0182,0.30,0.10
2008.04.16 20:42:11.049,1.018,1.0182,0.30,0.10
2008.04.16 20:42:11.268,1.018,1.0182,0.30,0.10
2008.04.16 20:42:11.487,1.018,1.0182,0.30,0.10
2008.04.16 20:42:11.706,1.018,1.0182,0.30,0.10
2008.04.16 20:42:11.925,1.018,1.0182,0.30,0.10
2008.04.16 20:42:12.177,1.018,1.0182,0.30,0.10
2008.04.16 20:42:12.363,1.018,1.0182,0.30,0.10
2008.04.16 20:42:12.581,1.018,1.0182,0.30,0.10
2008.04.16 20:42:12.801,1.018,1.0182,0.30,0.10
2008.04.16 20:42:13.020,1.018,1.0182,0.30,0.10
2008.04.16 20:42:13.249,1.018,1.0182,0.30,0.10
2008.04.16 20:42:13.478,1.018,1.0182,0.30,0.10
2008.04.16 20:42:13.706,1.018,1.0182,0.30,0.10
2008.04.16 20:42:13.934,1.018,1.0182,0.30,0.10
2008.04.16 20:42:14.198,1.018,1.0182,0.30,0.10
2008.04.16 20:42:14.462,1.018,1.0182,0.30,0.10
2008.04.16 20:42:14.726,1.018,1.0182,0.30,0.10
2008.04.16 20:42:14.989,1.018,1.0182,0.30,0.10
2008.04.16 20:42:15.178,1.018,1.0182,0.30,0.10
2008.04.16 20:42:15.367,1.018,1.0182,0.30,0.10
2008.04.16 20:42:15.556,1.018,1.0182,0.30,0.10
2008.04.16 20:42:15.745,1.018,1.0182,0.30,0.10
2008.04.16 20:42:15.942,1.018,1.0182,0.30,0.10
2008.04.16 20:42:16.175,1.018,1.0182,0.30,0.10
2008.04.16 20:42:16.409,1.018,1.0182,0.30,0.10
2008.04.16 20:42:16.643,1.018,1.0182,0.30,0.10
2008.04.16 20:42:16.877,1.0179,1.0182,1.80,0.10
2008.04.16 20:42:17.121,1.0179,1.0182,0.30,0.10
2008.04.16 20:42:17.363,1.0179,1.0182,0.30,0.10
2008.04.16 20:42:17.609,1.0179,1.0182,0.30,0.10
2008.04.16 20:42:17.854,1.0179,1.0182,0.30,0.10
2008.04.16 20:42:18.130,1.0179,1.0182,0.30,0.10
2008.04.16 20:42:18.368,1.0179,1.0182,0.30,0.10
2008.04.16 20:42:18.606,1.0179,1.0182,0.30,0.10
2008.04.16 20:42:18.845,1.0179,1.0182,0.30,0.10
2008.04.16 20:42:19.083,1.0179,1.0182,0.30,0.10
2008.04.16 20:42:19.363,1.0179,1.0182,0.30,0.10
2008.04.16 20:42:19.630,1.0179,1.0182,0.30,0.10
2008.04.16 20:42:19.899,1.0179,1.0182,0.30,0.10
2008.04.16 20:42:20.200,1.0179,1.0182,0.30,0.10
2008.04.16 20:42:20.427,1.0179,1.0182,0.30,0.10
2008.04.16 20:42:20.686,1.0179,1.0182,0.30,0.10
2008.04.16 20:42:20.945,1.0179,1.0182,0.30,0.10
2008.04.16 20:42:21.205,1.0179,1.0182,0.30,0.10
2008.04.16 20:42:21.404,1.0179,1.0182,0.30,0.10
2008.04.16 20:42:21.603,1.0179,1.0182,0.30,0.10
2008.04.16 20:42:21.802,1.0179,1.0182,0.30,0.10
2008.04.16 20:42:22.033,1.0179,1.0182,0.30,0.10
2008.04.16 20:42:22.201,1.0179,1.0182,0.30,0.10
2008.04.16 20:42:22.486,1.0179,1.0182,0.30,0.10
2008.04.16 20:42:22.726,1.0179,1.0182,0.30,0.10
2008.04.16 20:42:22.965,1.0179,1.0182,0.30,0.10
2008.04.16 20:42:23.204,1.0179,1.0182,0.30,0.10
2008.04.16 20:42:23.403,1.0179,1.0182,0.30,0.10
2008.04.16 20:42:23.602,1.0179,1.0182,0.30,0.10
2008.04.16 20:42:23.801,1.0179,1.0182,0.30,0.10
2008.04.16 20:42:23.999,1.0179,1.0182,0.30,0.10
2008.04.16 20:42:24.197,1.0179,1.0182,0.30,0.10
2008.04.16 20:42:24.443,1.0179,1.0182,0.30,0.10
2008.04.16 20:42:24.661,1.0179,1.0182,0.30,0.10
2008.04.16 20:42:24.876,1.0179,1.0182,0.30,0.10
2008.04.16 20:42:25.101,1.0179,1.0182,0.30,0.10
2008.04.16 20:42:25.328,1.0179,1.0182,0.30,0.10
2008.04.16 20:42:25.555,1.0179,1.0182,0.30,0.10
2008.04.16 20:42:25.785,1.0179,1.0182,0.30,0.10
2008.04.16 20:42:26.014,1.0179,1.0182,0.30,0.10
2008.04.16 20:42:26.243,1.0179,1.0182,0.30,0.10
2008.04.16 20:42:26.457,1.0179,1.0182,0.30,0.10
2008.04.16 20:42:26.670,1.0179,1.0182,0.30,0.10
2008.04.16 20:42:26.915,1.0179,1.0182,0.30,0.10
2008.04.16 20:42:27.130,1.0179,1.0182,3.40,0.10
2008.04.16 20:42:27.345,1.0179,1.0182,3.40,0.10
2008.04.16 20:42:27.583,1.0179,1.0182,3.40,0.10
2008.04.16 20:42:27.822,1.0179,1.0182,3.40,0.10
2008.04.16 20:42:28.063,1.0179,1.0182,3.40,0.10
2008.04.16 20:42:28.301,1.0179,1.0182,3.40,0.10
2008.04.16 20:42:28.540,1.0179,1.0182,3.40,0.10
2008.04.16 20:42:28.779,1.0179,1.0182,3.40,0.10
2008.04.16 20:42:29.017,1.0179,1.0182,3.40,0.10
2008.04.16 20:42:29.256,1.0179,1.0182,3.40,0.10
2008.04.16 20:42:29.485,1.0179,1.0182,3.40,0.10
2008.04.16 20:42:29.713,1.0179,1.0182,3.40,0.10
2008.04.16 20:42:29.973,1.0179,1.0182,3.40,0.10
2008.04.16 20:42:30.171,1.0179,1.0182,3.40,0.10
2008.04.16 20:42:30.399,1.0179,1.0182,3.40,0.10
2008.04.16 20:42:30.607,1.0179,1.0182,3.40,0.10
2008.04.16 20:42:30.816,1.0179,1.0182,3.40,0.10
2008.04.16 20:42:31.025,1.0179,1.0182,3.40,0.10
2008.04.16 20:42:31.233,1.0179,1.0182,3.40,0.10
2008.04.16 20:42:31.451,1.0179,1.0182,3.40,0.10
2008.04.16 20:42:31.670,1.018,1.0182,0.30,0.10
2008.04.16 20:42:31.889,1.018,1.0182,0.30,0.10
2008.04.16 20:42:32.115,1.018,1.0182,0.30,0.10
2008.04.16 20:42:32.330,1.018,1.0182,0.30,0.10
2008.04.16 20:42:32.538,1.018,1.0182,0.30,0.10
2008.04.16 20:42:32.778,1.018,1.0182,0.30,0.10
2008.04.16 20:42:32.986,1.018,1.0182,0.30,0.10
2008.04.16 20:42:33.195,1.018,1.0182,0.30,0.10
2008.04.16 20:42:33.404,1.018,1.0182,0.30,0.10
2008.04.16 20:42:33.628,1.018,1.0182,0.30,0.10
2008.04.16 20:42:33.851,1.018,1.0182,0.30,0.10
2008.04.16 20:42:34.076,1.018,1.0183,3.40,0.10
2008.04.16 20:42:34.300,1.018,1.0184,3.40,0.10
2008.04.16 20:42:34.530,1.018,1.0184,3.40,0.10
2008.04.16 20:42:34.735,1.018,1.0184,4.20,0.10
2008.04.16 20:42:34.941,1.018,1.0184,4.20,0.10
2008.04.16 20:42:35.145,1.018,1.0184,4.20,0.10
2008.04.16 20:42:35.348,1.018,1.0184,4.20,0.10
2008.04.16 20:42:35.588,1.018,1.0184,4.20,0.10
2008.04.16 20:42:35.817,1.018,1.0184,4.20,0.10
2008.04.16 20:42:36.045,1.018,1.0184,4.20,0.10
2008.04.16 20:42:36.274,1.018,1.0184,4.20,0.10
2008.04.16 20:42:36.504,1.018,1.0183,2.60,0.10
2008.04.16 20:42:36.728,1.018,1.0183,0.30,0.10
2008.04.16 20:42:36.985,1.018,1.0183,0.30,0.10
2008.04.16 20:42:37.207,1.018,1.0183,0.30,0.10
2008.04.16 20:42:37.430,1.018,1.0183,0.30,0.10
2008.04.16 20:42:37.654,1.018,1.0183,0.30,0.10
2008.04.16 20:42:37.877,1.018,1.0183,0.30,0.10
2008.04.16 20:42:38.105,1.018,1.0183,0.30,0.10
2008.04.16 20:42:38.329,1.018,1.0183,0.30,0.10
2008.04.16 20:42:38.538,1.018,1.0183,0.30,0.10
2008.04.16 20:42:38.746,1.018,1.0183,0.30,0.10
2008.04.16 20:42:38.955,1.018,1.0183,0.30,0.10
2008.04.16 20:42:39.177,1.018,1.0183,0.30,0.10
2008.04.16 20:42:39.385,1.018,1.0183,0.30,0.10
2008.04.16 20:42:39.618,1.018,1.0183,0.30,0.10
2008.04.16 20:42:39.851,1.018,1.0183,0.30,0.10
2008.04.16 20:42:40.084,1.018,1.0183,0.30,0.10
2008.04.16 20:42:40.317,1.018,1.0183,0.30,0.10
2008.04.16 20:42:40.550,1.018,1.0183,0.30,0.10
2008.04.16 20:42:40.760,1.018,1.0183,0.30,0.10
2008.04.16 20:42:40.957,1.018,1.0183,0.30,0.10
2008.04.16 20:42:41.156,1.018,1.0183,0.30,0.10
2008.04.16 20:42:41.354,1.018,1.0183,0.30,0.10
2008.04.16 20:42:41.552,1.018,1.0183,0.30,0.10
2008.04.16 20:42:41.772,1.0181,1.0185,0.30,2.40
2008.04.16 20:42:41.991,1.0181,1.0186,0.30,1.60
2008.04.16 20:42:42.230,1.0181,1.0186,0.30,1.60
2008.04.16 20:42:42.448,1.0181,1.0186,0.30,1.60
2008.04.16 20:42:42.677,1.0181,1.0186,0.30,1.60
2008.04.16 20:42:42.906,1.0181,1.0186,0.30,1.60
2008.04.16 20:42:43.135,1.0181,1.0186,0.30,1.60
2008.04.16 20:42:43.363,1.0181,1.0186,0.30,1.60
2008.04.16 20:42:43.591,1.0181,1.0186,0.30,1.60
2008.04.16 20:42:43.795,1.0181,1.0186,0.30,1.60
2008.04.16 20:42:43.999,1.0181,1.0186,0.30,1.60
2008.04.16 20:42:44.202,1.0181,1.0186,0.30,1.60
2008.04.16 20:42:44.405,1.0181,1.0186,0.30,1.60
2008.04.16 20:42:44.609,1.0181,1.0186,0.30,1.60
2008.04.16 20:42:44.833,1.0181,1.0186,0.30,1.60
2008.04.16 20:42:45.055,1.0181,1.0186,0.30,1.60
2008.04.16 20:42:45.279,1.0181,1.0186,0.30,1.60
2008.04.16 20:42:45.503,1.0181,1.0186,0.30,1.60
2008.04.16 20:42:45.732,1.0181,1.0186,0.30,1.60
2008.04.16 20:42:45.961,1.0181,1.0186,0.30,1.60
2008.04.16 20:42:46.189,1.0181,1.0186,0.30,1.60
2008.04.16 20:42:46.418,1.0181,1.0186,0.30,1.60
2008.04.16 20:42:46.647,1.0181,1.0186,0.30,1.60
2008.04.16 20:42:46.840,1.0181,1.0186,0.30,1.60
2008.04.16 20:42:47.034,1.0181,1.0186,0.30,1.60
2008.04.16 20:42:47.227,1.0181,1.0186,0.30,1.60
2008.04.16 20:42:47.421,1.0181,1.0186,0.30,1.60
2008.04.16 20:42:47.614,1.0181,1.0186,0.30,1.60
2008.04.16 20:42:47.839,1.0181,1.0186,0.30,1.60
2008.04.16 20:42:48.062,1.0181,1.0186,1.80,0.10
2008.04.16 20:42:48.286,1.0181,1.0186,1.80,0.10
2008.04.16 20:42:48.510,1.0181,1.0186,1.80,0.10
2008.04.16 20:42:48.733,1.0181,1.0186,1.80,0.10
2008.04.16 20:42:48.957,1.0181,1.0186,1.80,0.10
2008.04.16 20:42:49.181,1.0181,1.0186,1.80,0.10
2008.04.16 20:42:49.435,1.0181,1.0186,1.80,0.10
2008.04.16 20:42:49.628,1.0181,1.0186,1.80,0.10
2008.04.16 20:42:49.820,1.0181,1.0186,1.80,0.10
2008.04.16 20:42:50.014,1.0181,1.0186,1.80,0.10
2008.04.16 20:42:50.207,1.0181,1.0186,1.80,0.10
2008.04.16 20:42:50.432,1.0181,1.0186,1.80,0.10
2008.04.16 20:42:50.594,1.0181,1.0186,1.80,0.10
2008.04.16 20:42:50.837,1.0181,1.0186,1.80,0.10
2008.04.16 20:42:51.080,1.0181,1.0186,1.80,0.10
2008.04.16 20:42:51.323,1.0181,1.0186,1.80,0.10
2008.04.16 20:42:51.566,1.0181,1.0186,1.80,0.10
2008.04.16 20:42:51.755,1.0181,1.0186,1.80,0.10
2008.04.16 20:42:51.943,1.0181,1.0186,1.80,0.10
2008.04.16 20:42:52.131,1.0181,1.0186,1.80,0.10
2008.04.16 20:42:52.319,1.0181,1.0186,1.80,0.10
2008.04.16 20:42:52.507,1.0181,1.0186,1.80,0.10
2008.04.16 20:42:52.696,1.0181,1.0186,1.80,0.10
2008.04.16 20:42:52.940,1.0181,1.0186,1.80,0.10
2008.04.16 20:42:53.203,1.0181,1.0186,1.80,0.10
2008.04.16 20:42:53.446,1.0181,1.0186,1.80,0.10
2008.04.16 20:42:53.690,1.0181,1.0186,1.80,0.10
2008.04.16 20:42:53.873,1.0181,1.0186,1.80,0.10
2008.04.16 20:42:54.057,1.0181,1.0186,1.80,0.10
2008.04.16 20:42:54.239,1.0181,1.0186,1.80,0.10
2008.04.16 20:42:54.423,1.0181,1.0186,1.80,0.10
2008.04.16 20:42:54.607,1.0181,1.0186,1.80,0.10
2008.04.16 20:42:54.850,1.0182,1.0186,0.30,0.10
2008.04.16 20:42:55.094,1.0182,1.0186,0.30,0.10
2008.04.16 20:42:55.338,1.0182,1.0186,0.30,0.10
2008.04.16 20:42:55.581,1.0182,1.0186,0.30,0.10
2008.04.16 20:42:55.824,1.0182,1.0186,0.30,0.10
2008.04.16 20:42:56.043,1.0182,1.0186,0.30,0.10
2008.04.16 20:42:56.262,1.0182,1.0186,0.30,0.10
2008.04.16 20:42:56.512,1.0182,1.0186,0.30,0.10
2008.04.16 20:42:56.700,1.0182,1.0186,0.30,0.10
2008.04.16 20:42:56.909,1.0182,1.0186,0.30,0.10
2008.04.16 20:42:57.117,1.0182,1.0186,0.30,0.10
2008.04.16 20:42:57.328,1.0182,1.0186,0.30,0.10
2008.04.16 20:42:57.535,1.0182,1.0186,0.30,0.10
2008.04.16 20:42:57.744,1.0182,1.0186,0.30,0.10
2008.04.16 20:42:57.962,1.0182,1.0186,0.30,0.10
2008.04.16 20:42:58.181,1.0182,1.0186,0.30,0.10
2008.04.16 20:42:58.598,1.0182,1.0186,0.30,0.10
2008.04.16 20:42:58.818,1.0182,1.0186,0.30,0.10
2008.04.16 20:42:59.036,1.0182,1.0186,0.30,0.10
2008.04.16 20:42:59.226,1.0182,1.0185,0.30,0.10
2008.04.16 20:42:59.414,1.0182,1.0185,0.30,0.10
2008.04.16 20:42:59.604,1.0182,1.0185,0.30,0.10
2008.04.16 20:42:59.792,1.0182,1.0185,0.30,0.10
2008.04.16 20:42:59.980,1.0182,1.0185,0.30,0.10
2008.04.16 20:43:00.279,1.0182,1.0185,0.30,0.10
2008.04.16 20:43:00.577,1.0182,1.0185,0.30,0.10
2008.04.16 20:43:00.875,1.0182,1.0185,0.30,0.10
2008.04.16 20:43:01.174,1.0182,1.0185,0.30,0.10
2008.04.16 20:43:01.364,1.0182,1.0185,0.30,0.10
2008.04.16 20:43:01.553,1.0181,1.0184,1.00,0.10
2008.04.16 20:43:01.742,1.0181,1.0184,0.30,0.10
2008.04.16 20:43:01.931,1.0181,1.0184,0.30,0.10
2008.04.16 20:43:02.181,1.0181,1.0184,0.30,0.10
2008.04.16 20:43:02.430,1.0181,1.0184,0.30,0.10
2008.04.16 20:43:02.678,1.0181,1.0184,0.30,0.10
2008.04.16 20:43:02.926,1.0181,1.0184,0.30,0.10
2008.04.16 20:43:03.127,1.0181,1.0184,0.30,0.10
2008.04.16 20:43:03.365,1.0181,1.0184,0.30,0.10
2008.04.16 20:43:03.566,1.0181,1.0184,0.30,0.10
2008.04.16 20:43:03.766,1.0181,1.0184,0.30,0.10
2008.04.16 20:43:03.968,1.0181,1.0184,0.30,0.10
2008.04.16 20:43:04.196,1.0181,1.0184,0.30,0.10
2008.04.16 20:43:04.424,1.0181,1.0184,0.30,0.10
2008.04.16 20:43:04.654,1.0181,1.0184,0.30,0.10
2008.04.16 20:43:04.883,1.0181,1.0184,0.30,0.10
2008.04.16 20:43:05.111,1.0181,1.0184,0.30,0.10
2008.04.16 20:43:05.327,1.0182,1.0184,0.30,0.10
2008.04.16 20:43:05.542,1.0182,1.0184,0.30,0.10
2008.04.16 20:43:05.785,1.0182,1.0184,0.30,0.10
2008.04.16 20:43:05.998,1.0182,1.0184,0.30,0.10
2008.04.16 20:43:06.212,1.0182,1.0184,0.30,0.10
2008.04.16 20:43:06.437,1.0182,1.0184,0.30,0.10
2008.04.16 20:43:06.660,1.0182,1.0184,0.30,0.10
2008.04.16 20:43:06.915,1.0182,1.0184,0.30,0.10
2008.04.16 20:43:07.107,1.0182,1.0184,0.30,0.10
2008.04.16 20:43:07.336,1.0182,1.0184,0.30,0.10
2008.04.16 20:43:07.565,1.0182,1.0184,0.30,0.10
2008.04.16 20:43:07.793,1.0181,1.0184,1.80,0.10
2008.04.16 20:43:08.022,1.0181,1.0184,0.30,0.10
2008.04.16 20:43:08.251,1.0181,1.0184,0.30,0.10
2008.04.16 20:43:08.464,1.0181,1.0184,0.30,0.10
2008.04.16 20:43:08.677,1.0181,1.0184,0.30,0.10
2008.04.16 20:43:08.891,1.0181,1.0184,0.30,0.10
2008.04.16 20:43:09.105,1.0181,1.0184,0.30,0.10
2008.04.16 20:43:09.319,1.0181,1.0184,0.30,0.10
2008.04.16 20:43:09.538,1.0181,1.0184,0.30,0.10
2008.04.16 20:43:09.755,1.0181,1.0184,0.30,0.10
2008.04.16 20:43:09.974,1.0181,1.0184,0.30,0.10
2008.04.16 20:43:10.192,1.0181,1.0184,0.30,0.10
2008.04.16 20:43:10.426,1.0181,1.0184,0.30,0.10
2008.04.16 20:43:10.659,1.0181,1.0184,0.30,0.10
2008.04.16 20:43:10.892,1.0181,1.0184,0.30,0.10
2008.04.16 20:43:11.126,1.0181,1.0184,0.30,0.10
2008.04.16 20:43:11.360,1.0181,1.0184,0.30,0.10
2008.04.16 20:43:11.624,1.0181,1.0184,0.30,0.10
2008.04.16 20:43:11.890,1.0181,1.0184,0.30,0.10
2008.04.16 20:43:12.154,1.0181,1.0184,0.30,0.10
2008.04.16 20:43:12.333,1.0181,1.0184,0.30,0.10
2008.04.16 20:43:12.511,1.0181,1.0184,0.30,0.10
2008.04.16 20:43:12.690,1.0181,1.0184,0.30,0.10
2008.04.16 20:43:12.884,1.0182,1.0184,0.30,0.10
2008.04.16 20:43:13.063,1.0182,1.0184,0.30,0.10
2008.04.16 20:43:13.243,1.0182,1.0184,0.30,0.10
2008.04.16 20:43:13.518,1.0182,1.0184,0.30,0.10
2008.04.16 20:43:13.792,1.0182,1.0184,0.30,0.10
2008.04.16 20:43:14.066,1.0182,1.0184,0.30,0.10
2008.04.16 20:43:14.340,1.0182,1.0184,0.30,0.10
2008.04.16 20:43:14.569,1.0182,1.0184,0.30,0.10
2008.04.16 20:43:14.798,1.0182,1.0184,0.30,0.10
2008.04.16 20:43:15.028,1.0182,1.0184,0.30,0.10
2008.04.16 20:43:15.257,1.0182,1.0184,0.30,0.10
2008.04.16 20:43:15.486,1.0182,1.0184,0.30,0.10
2008.04.16 20:43:15.725,1.0182,1.0184,0.30,0.10
2008.04.16 20:43:15.965,1.0182,1.0184,0.30,0.10
2008.04.16 20:43:16.217,1.0182,1.0184,0.30,0.10
2008.04.16 20:43:16.475,1.0182,1.0184,0.30,0.10
2008.04.16 20:43:16.739,1.0182,1.0184,0.30,0.10
2008.04.16 20:43:17.003,1.0182,1.0184,0.30,0.10
2008.04.16 20:43:17.276,1.0182,1.0184,0.30,0.10
2008.04.16 20:43:17.500,1.0182,1.0184,0.30,0.10
2008.04.16 20:43:17.731,1.0182,1.0184,0.30,0.10
2008.04.16 20:43:17.959,1.0182,1.0184,0.30,0.10
2008.04.16 20:43:18.187,1.0182,1.0184,0.30,0.10
2008.04.16 20:43:18.417,1.0182,1.0184,0.30,0.10
2008.04.16 20:43:18.655,1.0182,1.0184,0.30,0.10
2008.04.16 20:43:18.894,1.0182,1.0184,0.30,0.10
2008.04.16 20:43:19.132,1.0182,1.0184,0.30,0.10
2008.04.16 20:43:19.406,1.0182,1.0184,0.30,0.10
2008.04.16 20:43:19.590,1.0182,1.0184,0.30,0.10
2008.04.16 20:43:19.773,1.0182,1.0184,0.30,0.10
2008.04.16 20:43:19.956,1.0182,1.0184,0.30,0.10
2008.04.16 20:43:20.141,1.0182,1.0184,0.30,0.10
2008.04.16 20:43:20.329,1.01805,1.0184,0.80,0.10
2008.04.16 20:43:20.582,1.018,1.0184,2.20,0.10
2008.04.16 20:43:20.835,1.018,1.0184,2.20,0.10
2008.04.16 20:43:21.089,1.018,1.0184,2.20,0.10
2008.04.16 20:43:21.343,1.018,1.0184,2.20,0.10
2008.04.16 20:43:21.546,1.018,1.0184,2.20,0.10
2008.04.16 20:43:21.750,1.018,1.0184,2.20,0.10
2008.04.16 20:43:21.953,1.018,1.0184,2.20,0.10
2008.04.16 20:43:22.157,1.018,1.0184,2.20,0.10
2008.04.16 20:43:22.361,1.018,1.0184,1.80,0.10
2008.04.16 20:43:22.609,1.018,1.0184,1.80,0.10
2008.04.16 20:43:22.858,1.018,1.0184,1.80,0.10
2008.04.16 20:43:23.108,1.018,1.0184,1.80,0.10
2008.04.16 20:43:23.357,1.018,1.0184,1.80,0.10
2008.04.16 20:43:23.606,1.018,1.0184,1.80,0.10
2008.04.16 20:43:23.799,1.018,1.0184,1.80,0.10
2008.04.16 20:43:23.992,1.018,1.0184,1.80,0.10
2008.04.16 20:43:24.186,1.018,1.0184,1.80,0.10
2008.04.16 20:43:24.380,1.018,1.0184,1.80,0.10
2008.04.16 20:43:24.648,1.018,1.0184,1.80,0.10
2008.04.16 20:43:24.886,1.018,1.0184,1.80,0.10
2008.04.16 20:43:25.125,1.018,1.0184,1.80,0.10
2008.04.16 20:43:25.365,1.018,1.0184,1.80,0.10
2008.04.16 20:43:25.603,1.018,1.0184,1.80,0.10
2008.04.16 20:43:25.806,1.018,1.0184,1.80,0.10
2008.04.16 20:43:26.009,1.018,1.0184,1.80,0.10
2008.04.16 20:43:26.212,1.018,1.0184,1.80,0.10
2008.04.16 20:43:26.415,1.018,1.0184,1.80,0.10
2008.04.16 20:43:26.619,1.018,1.0184,1.80,0.10
2008.04.16 20:43:26.852,1.018,1.0184,1.80,0.10
2008.04.16 20:43:27.085,1.018,1.0184,1.80,0.10
2008.04.16 20:43:27.319,1.018,1.0184,1.80,0.10
2008.04.16 20:43:27.553,1.018,1.0184,1.80,0.10
2008.04.16 20:43:27.756,1.018,1.0184,1.80,0.10
2008.04.16 20:43:27.959,1.018,1.0184,1.80,0.10
2008.04.16 20:43:28.162,1.018,1.0184,1.80,0.10
2008.04.16 20:43:28.367,1.018,1.0184,1.80,0.10
2008.04.16 20:43:28.570,1.018,1.0184,1.80,0.10
2008.04.16 20:43:28.825,1.018,1.0184,1.80,0.10
2008.04.16 20:43:29.063,1.018,1.0184,1.80,0.10
2008.04.16 20:43:29.302,1.018,1.0184,1.80,0.10
2008.04.16 20:43:29.541,1.018,1.0184,1.80,0.10
2008.04.16 20:43:29.740,1.018,1.0184,1.80,0.10
2008.04.16 20:43:29.940,1.018,1.0184,1.80,0.10
2008.04.16 20:43:30.140,1.018,1.0184,1.80,0.10
2008.04.16 20:43:30.340,1.018,1.0184,1.80,0.10
2008.04.16 20:43:30.538,1.018,1.0184,1.80,0.10
2008.04.16 20:43:30.790,1.018,1.0184,1.80,0.10
2008.04.16 20:43:30.969,1.018,1.0184,1.80,0.10
2008.04.16 20:43:31.202,1.018,1.0184,1.80,0.10
2008.04.16 20:43:31.416,1.018,1.0184,1.80,0.10
2008.04.16 20:43:31.629,1.018,1.0184,1.80,0.10
2008.04.16 20:43:31.847,1.018,1.0184,1.80,0.10
2008.04.16 20:43:32.066,1.018,1.0184,1.80,0.10
2008.04.16 20:43:32.285,1.018,1.0184,1.80,0.10
2008.04.16 20:43:32.534,1.018,1.0184,1.80,0.10
2008.04.16 20:43:32.723,1.018,1.0184,1.80,0.10
2008.04.16 20:43:32.951,1.018,1.0184,1.80,0.10
2008.04.16 20:43:33.211,1.018,1.0184,1.80,0.10
2008.04.16 20:43:33.439,1.018,1.0184,1.80,0.10
2008.04.16 20:43:33.668,1.018,1.0184,1.80,0.10
2008.04.16 20:43:33.927,1.018,1.0184,1.80,0.10
2008.04.16 20:43:34.145,1.018,1.0184,1.80,0.10
2008.04.16 20:43:34.365,1.018,1.0184,1.80,0.10
2008.04.16 20:43:34.613,1.018,1.0184,1.80,0.10
2008.04.16 20:43:34.831,1.018,1.0184,1.80,0.10
2008.04.16 20:43:35.055,1.018,1.0184,1.80,0.10
2008.04.16 20:43:35.279,1.018,1.0184,1.80,0.10
2008.04.16 20:43:35.502,1.018,1.0184,1.80,0.10
2008.04.16 20:43:35.726,1.018,1.0184,1.80,0.10
2008.04.16 20:43:35.939,1.018,1.0184,1.80,0.10
2008.04.16 20:43:36.152,1.018,1.0184,1.80,0.10
2008.04.16 20:43:36.379,1.018,1.0184,1.80,0.10
2008.04.16 20:43:36.593,1.018,1.0184,1.80,0.10
2008.04.16 20:43:36.806,1.018,1.0184,1.80,0.10
2008.04.16 20:43:37.050,1.018,1.0184,1.80,0.10
2008.04.16 20:43:37.293,1.018,1.0184,1.80,0.10
2008.04.16 20:43:37.536,1.018,1.0184,1.80,0.10
2008.04.16 20:43:37.779,1.018,1.0184,1.80,0.10
2008.04.16 20:43:37.993,1.018,1.0184,1.80,0.10
2008.04.16 20:43:38.207,1.018,1.0184,1.80,0.10
2008.04.16 20:43:38.440,1.018,1.0184,1.80,0.10
2008.04.16 20:43:38.653,1.018,1.0184,1.80,0.10
2008.04.16 20:43:38.866,1.018,1.0184,1.80,0.10
2008.04.16 20:43:39.110,1.018,1.0184,1.80,0.10
2008.04.16 20:43:39.353,1.018,1.0184,1.80,0.10
2008.04.16 20:43:39.599,1.018,1.0184,1.80,0.10
2008.04.16 20:43:39.871,1.018,1.0184,1.80,0.10
2008.04.16 20:43:40.080,1.018,1.0184,1.80,0.10
2008.04.16 20:43:40.288,1.018,1.0184,1.80,0.10
2008.04.16 20:43:40.497,1.018,1.0184,1.80,0.10
2008.04.16 20:43:40.705,1.018,1.0184,1.80,0.10
2008.04.16 20:43:40.913,1.018,1.0184,1.80,0.10
2008.04.16 20:43:41.152,1.018,1.0184,1.80,0.10
2008.04.16 20:43:41.391,1.018,1.0184,1.80,0.10
2008.04.16 20:43:41.629,1.018,1.0184,1.80,0.10
2008.04.16 20:43:41.868,1.018,1.0184,1.80,0.10
2008.04.16 20:43:42.051,1.018,1.0184,1.80,0.10
2008.04.16 20:43:42.235,1.018,1.0184,1.80,0.10
2008.04.16 20:43:42.420,1.018,1.0184,1.80,0.10
2008.04.16 20:43:42.603,1.018,1.0184,1.80,0.10
2008.04.16 20:43:42.788,1.018,1.0184,1.80,0.10
2008.04.16 20:43:42.995,1.018,1.0184,1.80,0.10
2008.04.16 20:43:43.255,1.018,1.0184,1.80,0.10
2008.04.16 20:43:43.513,1.018,1.0184,1.80,0.10
2008.04.16 20:43:43.772,1.018,1.0184,1.80,0.10
2008.04.16 20:43:44.030,1.018,1.0184,1.80,0.10
2008.04.16 20:43:44.223,1.018,1.0184,1.80,0.10
2008.04.16 20:43:44.416,1.018,1.0184,1.80,0.10
2008.04.16 20:43:44.610,1.018,1.0184,1.80,0.10
2008.04.16 20:43:44.803,1.018,1.0184,1.80,0.10
2008.04.16 20:43:44.996,1.018,1.0184,1.80,0.10
2008.04.16 20:43:45.215,1.018,1.0184,1.80,0.10
2008.04.16 20:43:45.434,1.018,1.0184,1.80,0.10
2008.04.16 20:43:45.652,1.018,1.0184,1.80,0.10
2008.04.16 20:43:45.870,1.018,1.0184,1.80,0.10
2008.04.16 20:43:46.089,1.018,1.0184,1.80,0.10
2008.04.16 20:43:46.318,1.018,1.0184,1.80,0.10
2008.04.16 20:43:46.545,1.018,1.0184,1.80,0.10
2008.04.16 20:43:46.774,1.018,1.0184,1.80,0.10
2008.04.16 20:43:47.050,1.018,1.0184,1.80,0.10
2008.04.16 20:43:47.253,1.018,1.0184,1.80,0.10
2008.04.16 20:43:47.458,1.018,1.0184,1.80,0.10
2008.04.16 20:43:47.662,1.018,1.0184,1.80,0.10
2008.04.16 20:43:47.865,1.018,1.0184,1.80,0.10
2008.04.16 20:43:48.069,1.018,1.0184,1.80,0.10
2008.04.16 20:43:48.302,1.018,1.0184,1.80,0.10
2008.04.16 20:43:48.536,1.018,1.0184,1.80,0.10
2008.04.16 20:43:48.769,1.018,1.0184,1.80,0.10
2008.04.16 20:43:49.003,1.018,1.0184,1.80,0.10
2008.04.16 20:43:49.196,1.018,1.0184,1.80,0.10
2008.04.16 20:43:49.390,1.018,1.0184,1.80,0.10
2008.04.16 20:43:49.602,1.018,1.0184,1.80,0.10
2008.04.16 20:43:49.797,1.018,1.0184,1.80,0.10
2008.04.16 20:43:49.990,1.018,1.0184,1.80,0.10
2008.04.16 20:43:50.229,1.018,1.0184,1.80,0.10
2008.04.16 20:43:50.467,1.018,1.0184,1.80,0.10
2008.04.16 20:43:50.737,1.018,1.0184,1.80,0.10
2008.04.16 20:43:50.944,1.018,1.0184,1.80,0.10
2008.04.16 20:43:51.183,1.018,1.0184,1.80,0.10
2008.04.16 20:43:51.383,1.018,1.0184,1.80,0.10
2008.04.16 20:43:51.581,1.018,1.0184,1.80,0.10
2008.04.16 20:43:51.781,1.018,1.0184,1.80,0.10
2008.04.16 20:43:51.979,1.018,1.0184,1.80,0.10
2008.04.16 20:43:52.186,1.018,1.0184,1.80,0.10
2008.04.16 20:43:52.465,1.018,1.0184,1.80,0.10
2008.04.16 20:43:52.743,1.018,1.0184,1.80,0.10
2008.04.16 20:43:53.022,1.018,1.0184,1.80,0.10
2008.04.16 20:43:53.332,1.018,1.0184,1.80,0.10
2008.04.16 20:43:53.540,1.018,1.0184,1.80,0.10
2008.04.16 20:43:53.748,1.018,1.0184,1.80,0.10
2008.04.16 20:43:53.957,1.018,1.0184,1.80,0.10
2008.04.16 20:43:54.166,1.018,1.0184,1.80,0.10
2008.04.16 20:43:54.379,1.018,1.0184,1.80,0.10
2008.04.16 20:43:54.595,1.018,1.0184,1.80,0.10
2008.04.16 20:43:54.810,1.018,1.0184,1.80,0.10
2008.04.16 20:43:55.026,1.018,1.0184,1.80,0.10
2008.04.16 20:43:55.239,1.018,1.0184,1.80,0.10
2008.04.16 20:43:55.472,1.018,1.0184,1.80,0.10
2008.04.16 20:43:55.705,1.018,1.0184,1.80,0.10
2008.04.16 20:43:55.958,1.018,1.0184,1.80,0.10
2008.04.16 20:43:56.191,1.018,1.0184,1.80,0.10
2008.04.16 20:43:56.424,1.018,1.0184,1.80,0.10
2008.04.16 20:43:56.660,1.018,1.0184,1.80,0.10
2008.04.16 20:43:56.893,1.018,1.0184,1.80,0.10
2008.04.16 20:43:57.126,1.018,1.0184,1.80,0.10
2008.04.16 20:43:57.360,1.018,1.0184,1.80,0.10
2008.04.16 20:43:57.584,1.018,1.0184,1.80,0.10
2008.04.16 20:43:57.807,1.018,1.0184,1.80,0.10
2008.04.16 20:43:58.036,1.018,1.0184,1.80,0.10
2008.04.16 20:43:58.260,1.018,1.0184,1.80,0.10
2008.04.16 20:43:58.475,1.018,1.0184,1.80,0.10
2008.04.16 20:43:58.689,1.018,1.0184,1.80,0.10
2008.04.16 20:43:58.905,1.018,1.0184,1.80,0.10
2008.04.16 20:43:59.117,1.018,1.0184,1.80,0.10
2008.04.16 20:43:59.331,1.018,1.0184,1.80,0.10
2008.04.16 20:43:59.588,1.018,1.0184,1.80,0.10
2008.04.16 20:43:59.848,1.018,1.0184,1.80,0.10
2008.04.16 20:44:00.107,1.018,1.0184,1.80,0.10
2008.04.16 20:44:00.398,1.018,1.0184,1.80,0.10
2008.04.16 20:44:00.560,1.018,1.0184,1.80,0.10
2008.04.16 20:44:00.791,1.018,1.0184,1.80,0.10
2008.04.16 20:44:00.985,1.018,1.0184,1.80,0.10
2008.04.16 20:44:01.179,1.018,1.0184,1.80,0.10
2008.04.16 20:44:01.372,1.018,1.0184,1.80,0.10
2008.04.16 20:44:01.602,1.018,1.0184,1.80,0.10
2008.04.16 20:44:01.830,1.018,1.0184,1.80,0.10
2008.04.16 20:44:02.089,1.018,1.0184,1.80,0.10
2008.04.16 20:44:02.361,1.018,1.0184,1.80,0.10
2008.04.16 20:44:02.569,1.018,1.0184,1.80,0.10
2008.04.16 20:44:02.804,1.018,1.0184,1.80,0.10
2008.04.16 20:44:03.062,1.018,1.0184,1.80,0.10
2008.04.16 20:44:03.295,1.0181,1.0184,0.30,0.10
2008.04.16 20:44:03.529,1.0181,1.0184,0.30,0.10
2008.04.16 20:44:03.810,1.0181,1.0184,0.30,0.10
2008.04.16 20:44:04.089,1.0181,1.0184,0.30,0.10
2008.04.16 20:44:04.367,1.0181,1.0184,0.30,0.10
2008.04.16 20:44:04.565,1.0181,1.0184,0.30,0.10
2008.04.16 20:44:04.764,1.0181,1.0184,0.30,0.10
2008.04.16 20:44:04.963,1.0181,1.0184,0.30,0.10
2008.04.16 20:44:05.161,1.0181,1.0184,0.30,0.10
2008.04.16 20:44:05.359,1.0181,1.0184,0.30,0.10
2008.04.16 20:44:05.558,1.0181,1.0184,0.30,0.10
2008.04.16 20:44:05.802,1.0181,1.0184,0.30,0.10
2008.04.16 20:44:06.046,1.0181,1.0184,0.30,0.10
2008.04.16 20:44:06.290,1.0181,1.0184,0.30,0.10
2008.04.16 20:44:06.532,1.0181,1.0184,0.30,0.10
2008.04.16 20:44:06.741,1.0181,1.0184,0.30,0.10
2008.04.16 20:44:06.949,1.0181,1.0184,0.30,0.10
2008.04.16 20:44:07.158,1.0181,1.0184,0.30,0.10
2008.04.16 20:44:07.367,1.0181,1.0184,0.30,0.10
2008.04.16 20:44:07.576,1.0181,1.0184,0.30,0.10
2008.04.16 20:44:07.786,1.0181,1.0184,0.30,0.10
2008.04.16 20:44:07.994,1.0181,1.0184,0.30,0.10
2008.04.16 20:44:08.204,1.0181,1.0184,0.30,0.10
2008.04.16 20:44:08.413,1.0181,1.0184,0.30,0.10
2008.04.16 20:44:08.652,1.0181,1.0184,0.30,0.10
2008.04.16 20:44:08.875,1.0181,1.0184,0.30,0.10
2008.04.16 20:44:09.099,1.0181,1.0184,0.30,0.10
2008.04.16 20:44:09.323,1.0181,1.0184,0.30,0.10
2008.04.16 20:44:09.546,1.0181,1.0184,0.30,0.10
2008.04.16 20:44:09.772,1.0181,1.0184,0.30,0.10
2008.04.16 20:44:09.984,1.0181,1.0184,0.30,0.10
2008.04.16 20:44:10.198,1.0181,1.0184,0.30,0.10
2008.04.16 20:44:10.436,1.0181,1.0184,0.30,0.10
2008.04.16 20:44:10.651,1.0181,1.0184,0.30,0.10
2008.04.16 20:44:10.869,1.0181,1.0184,0.30,0.10
2008.04.16 20:44:11.088,1.0181,1.0184,0.30,0.10
2008.04.16 20:44:11.306,1.0181,1.0184,0.30,0.10
2008.04.16 20:44:11.525,1.0181,1.0184,0.30,0.10
2008.04.16 20:44:11.744,1.0181,1.0184,0.30,0.10
2008.04.16 20:44:11.963,1.0181,1.0184,0.30,0.10
2008.04.16 20:44:12.182,1.0181,1.0184,0.30,0.10
2008.04.16 20:44:12.401,1.0181,1.0184,0.30,0.10
2008.04.16 20:44:12.620,1.0181,1.0184,0.30,0.10
2008.04.16 20:44:12.818,1.0181,1.0184,0.30,0.10
2008.04.16 20:44:13.017,1.0181,1.0184,0.30,0.10
2008.04.16 20:44:13.216,1.0181,1.0184,0.30,0.10
2008.04.16 20:44:13.415,1.0181,1.0184,0.30,0.10
2008.04.16 20:44:13.648,1.0181,1.0184,0.30,0.10
2008.04.16 20:44:13.882,1.0181,1.0184,0.30,0.10
2008.04.16 20:44:14.114,1.0181,1.0184,0.30,0.10
2008.04.16 20:44:14.380,1.0181,1.0184,0.30,0.10
2008.04.16 20:44:14.614,1.0181,1.0184,0.30,0.10
2008.04.16 20:44:14.837,1.0181,1.0184,0.30,0.10
2008.04.16 20:44:15.091,1.0181,1.0184,0.30,0.10
2008.04.16 20:44:15.314,1.0181,1.0184,0.30,0.10
2008.04.16 20:44:15.538,1.0181,1.0184,0.30,0.10
2008.04.16 20:44:15.762,1.0181,1.0184,0.30,0.10
2008.04.16 20:44:16.000,1.0181,1.0184,0.30,0.10
2008.04.16 20:44:16.229,1.0181,1.0184,0.30,0.10
2008.04.16 20:44:16.458,1.0181,1.0184,0.30,0.10
2008.04.16 20:44:16.687,1.0181,1.0184,0.30,0.10
2008.04.16 20:44:16.891,1.0181,1.0184,0.30,0.10
2008.04.16 20:44:17.095,1.0181,1.0184,0.30,0.10
2008.04.16 20:44:17.299,1.0181,1.0184,0.30,0.10
2008.04.16 20:44:17.533,1.0181,1.0184,0.30,0.10
2008.04.16 20:44:17.736,1.0181,1.0184,0.30,0.10
2008.04.16 20:44:17.985,1.0181,1.0184,0.30,0.10
2008.04.16 20:44:18.233,1.0181,1.0184,0.30,0.10
2008.04.16 20:44:18.480,1.0181,1.0184,0.30,0.10
2008.04.16 20:44:18.729,1.0181,1.0184,0.30,0.10
2008.04.16 20:44:18.929,1.0181,1.0184,0.30,0.10
2008.04.16 20:44:19.127,1.0181,1.0184,0.30,0.10
2008.04.16 20:44:19.364,1.0181,1.0184,0.30,0.10
2008.04.16 20:44:19.525,1.0181,1.0184,0.30,0.10
2008.04.16 20:44:19.726,1.0181,1.0184,0.30,0.10
2008.04.16 20:44:19.945,1.0181,1.0184,0.30,0.10
2008.04.16 20:44:20.163,1.0181,1.0184,0.30,0.10
2008.04.16 20:44:20.382,1.0181,1.0184,0.30,0.10
2008.04.16 20:44:20.600,1.0181,1.0184,0.30,0.10
2008.04.16 20:44:20.820,1.01795,1.0183,0.80,0.10
2008.04.16 20:44:21.040,1.0179,1.0183,0.30,0.10
2008.04.16 20:44:21.259,1.0179,1.0183,0.30,1.60
2008.04.16 20:44:21.478,1.0179,1.0183,0.30,1.60
2008.04.16 20:44:21.697,1.0179,1.0182,0.30,0.10
2008.04.16 20:44:21.916,1.0179,1.0182,0.30,0.10
2008.04.16 20:44:22.154,1.0179,1.0182,0.30,0.10
2008.04.16 20:44:22.393,1.0179,1.0182,0.30,0.10
2008.04.16 20:44:22.650,1.0179,1.0182,0.30,0.10
2008.04.16 20:44:22.890,1.0179,1.0182,0.30,0.10
2008.04.16 20:44:23.072,1.0179,1.0182,0.30,0.10
2008.04.16 20:44:23.256,1.0179,1.0182,0.30,0.10
2008.04.16 20:44:23.440,1.0179,1.0182,0.30,0.10
2008.04.16 20:44:23.626,1.0179,1.0182,0.30,0.10
2008.04.16 20:44:23.809,1.0179,1.0182,0.30,0.10
2008.04.16 20:44:24.063,1.0179,1.0182,0.30,0.10
2008.04.16 20:44:24.348,1.0179,1.0182,0.30,0.10
2008.04.16 20:44:24.571,1.0179,1.0182,0.30,0.10
2008.04.16 20:44:24.826,1.0179,1.0182,0.30,0.10
2008.04.16 20:44:25.019,1.0179,1.0182,0.30,0.10
2008.04.16 20:44:25.213,1.0179,1.0182,0.30,0.10
2008.04.16 20:44:25.442,1.0179,1.0182,0.30,0.10
2008.04.16 20:44:25.602,1.0179,1.0182,0.30,0.10
2008.04.16 20:44:25.797,1.0179,1.0182,0.30,0.10
2008.04.16 20:44:25.992,1.0179,1.0182,0.30,0.10
2008.04.16 20:44:26.252,1.0179,1.0182,0.30,0.10
2008.04.16 20:44:26.511,1.0179,1.0182,0.30,0.10
2008.04.16 20:44:26.802,1.0179,1.0182,0.30,0.10
2008.04.16 20:44:27.031,1.0179,1.0182,0.30,0.10
2008.04.16 20:44:27.226,1.0179,1.0182,0.30,0.10
2008.04.16 20:44:27.419,1.0179,1.0182,0.30,0.10
2008.04.16 20:44:27.614,1.0179,1.0182,0.30,0.10
2008.04.16 20:44:27.808,1.0179,1.0182,0.30,0.10
2008.04.16 20:44:28.005,1.0179,1.0182,0.30,0.10
2008.04.16 20:44:28.242,1.0179,1.0182,0.30,0.10
2008.04.16 20:44:28.508,1.0179,1.0182,0.30,0.10
2008.04.16 20:44:28.744,1.0179,1.0182,0.30,0.10
2008.04.16 20:44:28.982,1.0179,1.0182,0.30,0.10
2008.04.16 20:44:29.219,1.0179,1.0182,0.30,0.10
2008.04.16 20:44:29.478,1.0179,1.0182,0.30,0.10
2008.04.16 20:44:29.702,1.0179,1.0182,0.30,0.10
2008.04.16 20:44:29.926,1.0179,1.0182,0.30,0.10
2008.04.16 20:44:30.150,1.0179,1.0182,0.30,0.10
2008.04.16 20:44:30.394,1.0179,1.0182,0.30,0.10
2008.04.16 20:44:30.638,1.0179,1.0182,0.30,0.10
2008.04.16 20:44:30.893,1.0179,1.0182,0.30,0.10
2008.04.16 20:44:31.137,1.0179,1.0182,0.30,0.10
2008.04.16 20:44:31.325,1.0179,1.0182,0.30,0.10
2008.04.16 20:44:31.514,1.0179,1.0182,0.30,0.10
2008.04.16 20:44:31.703,1.0179,1.0182,0.30,0.10
2008.04.16 20:44:31.892,1.0179,1.0182,0.30,0.10
2008.04.16 20:44:32.080,1.0179,1.0182,0.30,0.10
2008.04.16 20:44:32.352,1.0179,1.0182,0.30,0.10
2008.04.16 20:44:32.567,1.0179,1.0182,0.30,0.10
2008.04.16 20:44:32.796,1.0179,1.0182,0.30,0.10
2008.04.16 20:44:33.024,1.0179,1.0182,0.30,0.10
2008.04.16 20:44:33.267,1.0179,1.0182,0.30,0.10
2008.04.16 20:44:33.442,1.0179,1.0182,0.30,0.10
2008.04.16 20:44:33.652,1.0179,1.0182,0.30,0.10
2008.04.16 20:44:33.861,1.0179,1.0182,0.30,0.10
2008.04.16 20:44:34.070,1.0179,1.0182,0.30,0.10
2008.04.16 20:44:34.299,1.0179,1.0183,1.80,0.10
2008.04.16 20:44:34.559,1.0179,1.0183,1.80,0.10
2008.04.16 20:44:34.789,1.018,1.0183,0.30,0.10
2008.04.16 20:44:35.017,1.018,1.0183,0.30,0.10
2008.04.16 20:44:35.248,1.018,1.0183,0.30,0.10
2008.04.16 20:44:35.492,1.018,1.0183,0.30,0.10
2008.04.16 20:44:35.737,1.018,1.0183,0.30,0.10
2008.04.16 20:44:35.980,1.018,1.0183,0.30,0.10
2008.04.16 20:44:36.226,1.018,1.0183,0.30,0.10
2008.04.16 20:44:36.440,1.018,1.0183,0.30,0.10
2008.04.16 20:44:36.625,1.018,1.0183,0.30,0.10
2008.04.16 20:44:36.809,1.018,1.0183,0.30,0.10
2008.04.16 20:44:37.024,1.018,1.0183,0.30,0.10
2008.04.16 20:44:37.176,1.018,1.0183,0.30,0.10
2008.04.16 20:44:37.439,1.018,1.0183,0.30,0.10
2008.04.16 20:44:37.702,1.018,1.0183,0.30,0.10
2008.04.16 20:44:37.965,1.018,1.0183,0.30,0.10
2008.04.16 20:44:38.229,1.018,1.0183,0.30,0.10
2008.04.16 20:44:38.393,1.018,1.0183,0.30,0.10
2008.04.16 20:44:38.557,1.018,1.0183,0.30,0.10
2008.04.16 20:44:38.721,1.018,1.0183,0.30,0.10
2008.04.16 20:44:38.886,1.018,1.0183,0.30,0.10
2008.04.16 20:44:39.050,1.018,1.0183,0.30,0.10
2008.04.16 20:44:39.214,1.018,1.0183,0.30,0.10
2008.04.16 20:44:39.394,1.018,1.0184,1.80,0.10
2008.04.16 20:44:39.714,1.0181,1.0184,0.30,0.10
2008.04.16 20:44:40.009,1.0181,1.0184,0.30,0.10
2008.04.16 20:44:40.303,1.0181,1.0184,0.30,0.10
2008.04.16 20:44:40.596,1.0181,1.0184,0.30,0.10
2008.04.16 20:44:40.829,1.0181,1.0184,0.30,0.10
2008.04.16 20:44:41.062,1.0181,1.0184,0.30,0.10
2008.04.16 20:44:41.296,1.0181,1.0184,0.30,0.10
2008.04.16 20:44:41.551,1.0181,1.0184,0.30,0.10
2008.04.16 20:44:41.746,1.0181,1.0184,0.30,0.10
2008.04.16 20:44:41.940,1.0181,1.0184,0.30,0.10
2008.04.16 20:44:42.135,1.0181,1.0184,0.30,0.10
2008.04.16 20:44:42.329,1.0181,1.0184,0.30,0.10
2008.04.16 20:44:42.523,1.0181,1.0184,0.30,0.10
2008.04.16 20:44:42.797,1.0181,1.0184,0.30,0.10
2008.04.16 20:44:43.011,1.0181,1.0184,0.30,0.10
2008.04.16 20:44:43.254,1.0181,1.0184,0.30,0.10
2008.04.16 20:44:43.499,1.0181,1.0185,0.30,0.10
2008.04.16 20:44:43.774,1.0181,1.0185,0.30,0.10
2008.04.16 20:44:44.036,1.0181,1.0185,0.30,0.10
2008.04.16 20:44:44.299,1.0181,1.0185,0.30,0.10
2008.04.16 20:44:44.564,1.0181,1.0185,0.30,0.10
2008.04.16 20:44:44.819,1.0181,1.0185,0.30,0.10
2008.04.16 20:44:45.042,1.0181,1.0185,0.30,0.10
2008.04.16 20:44:45.265,1.0181,1.0185,0.30,0.10
2008.04.16 20:44:45.495,1.0181,1.0185,0.30,0.10
2008.04.16 20:44:45.718,1.0181,1.0185,0.30,0.10
2008.04.16 20:44:45.965,1.0181,1.0185,0.30,0.10
2008.04.16 20:44:46.214,1.0181,1.0185,0.30,0.10
2008.04.16 20:44:46.464,1.0181,1.0185,0.30,0.10
2008.04.16 20:44:46.746,1.0181,1.0185,0.30,0.10
2008.04.16 20:44:46.934,1.0181,1.0185,0.30,0.10
2008.04.16 20:44:47.123,1.0181,1.0185,0.30,0.10
2008.04.16 20:44:47.312,1.0181,1.0185,0.30,0.10
2008.04.16 20:44:47.501,1.0181,1.0185,0.30,0.10
2008.04.16 20:44:47.689,1.0181,1.0185,0.30,0.10
2008.04.16 20:44:47.962,1.0181,1.0185,0.30,0.10
2008.04.16 20:44:48.203,1.0181,1.0185,0.30,0.10
2008.04.16 20:44:48.447,1.0181,1.0185,0.30,0.10
2008.04.16 20:44:48.690,1.0181,1.0185,0.30,0.10
2008.04.16 20:44:48.919,1.0181,1.0185,0.30,0.10
2008.04.16 20:44:49.147,1.0181,1.0185,0.30,0.10
2008.04.16 20:44:49.375,1.0181,1.0185,0.30,0.10
2008.04.16 20:44:49.603,1.0181,1.0185,0.30,0.10
2008.04.16 20:44:49.833,1.0181,1.0185,0.30,0.10
2008.04.16 20:44:50.068,1.0181,1.0185,0.30,0.10
2008.04.16 20:44:50.295,1.0181,1.0185,0.30,0.10
2008.04.16 20:44:50.524,1.0181,1.0185,0.30,0.10
2008.04.16 20:44:50.753,1.0181,1.0185,0.30,0.10
2008.04.16 20:44:50.992,1.0181,1.0185,0.30,0.10
2008.04.16 20:44:51.231,1.0181,1.0185,0.30,0.10
2008.04.16 20:44:51.472,1.0181,1.0185,0.30,0.10
2008.04.16 20:44:51.710,1.0181,1.0185,0.30,0.10
2008.04.16 20:44:51.914,1.0181,1.0185,0.30,0.10
2008.04.16 20:44:52.147,1.0181,1.0185,0.30,0.10
2008.04.16 20:44:52.351,1.0181,1.0185,0.30,0.10
2008.04.16 20:44:52.559,1.0182,1.0185,0.30,0.10
2008.04.16 20:44:52.764,1.0182,1.0185,0.30,0.10
2008.04.16 20:44:53.039,1.0182,1.0185,0.30,0.10
2008.04.16 20:44:53.250,1.0182,1.0185,0.30,0.10
2008.04.16 20:44:53.493,1.0182,1.0185,0.30,0.10
2008.04.16 20:44:53.764,1.0182,1.0185,0.30,0.10
2008.04.16 20:44:54.008,1.0182,1.0185,0.30,0.10
2008.04.16 20:44:54.238,1.0182,1.0185,0.30,0.10
2008.04.16 20:44:54.491,1.0182,1.0185,0.30,0.10
2008.04.16 20:44:54.720,1.0182,1.0185,0.30,0.10
2008.04.16 20:44:54.948,1.0182,1.0185,0.30,0.10
2008.04.16 20:44:55.172,1.0182,1.0185,0.30,0.10
2008.04.16 20:44:55.395,1.0182,1.0185,0.30,0.10
2008.04.16 20:44:55.622,1.0182,1.0185,0.30,0.10
2008.04.16 20:44:55.845,1.0182,1.0185,0.30,0.10
2008.04.16 20:44:56.068,1.0182,1.0185,0.30,0.10
2008.04.16 20:44:56.272,1.0182,1.0185,0.30,0.10
2008.04.16 20:44:56.475,1.0182,1.0185,0.30,0.10
2008.04.16 20:44:56.715,1.0182,1.0185,0.30,0.10
2008.04.16 20:44:56.918,1.0182,1.0185,0.30,0.10
2008.04.16 20:44:57.126,1.0182,1.0185,0.30,0.10
2008.04.16 20:44:57.336,1.0182,1.0185,0.30,0.10
2008.04.16 20:44:57.545,1.0182,1.0185,0.30,0.10
2008.04.16 20:44:57.754,1.0182,1.0185,0.30,0.10
2008.04.16 20:44:57.964,1.0182,1.0185,0.30,0.10
2008.04.16 20:44:58.207,1.0182,1.0185,0.30,0.10
2008.04.16 20:44:58.391,1.0182,1.0185,0.30,0.10
2008.04.16 20:44:58.630,1.0182,1.0185,0.30,0.10
2008.04.16 20:44:58.844,1.0182,1.0185,0.30,0.10
2008.04.16 20:44:59.058,1.0182,1.0185,0.30,0.10
2008.04.16 20:44:59.281,1.0182,1.0185,0.30,0.10
2008.04.16 20:44:59.504,1.0182,1.0185,0.30,0.10
2008.04.16 20:44:59.750,1.0182,1.0185,0.30,0.10
2008.04.16 20:44:59.976,1.0182,1.0185,0.30,0.10
2008.04.16 20:45:00.198,1.0182,1.0185,0.30,0.10
2008.04.16 20:45:00.416,1.0182,1.0185,0.30,0.10
2008.04.16 20:45:00.634,1.0182,1.0185,0.30,0.10
2008.04.16 20:45:00.853,1.0182,1.0185,0.30,0.10
2008.04.16 20:45:01.071,1.0182,1.0185,0.30,0.10
2008.04.16 20:45:01.280,1.0182,1.0185,0.30,0.10
2008.04.16 20:45:01.489,1.0182,1.0185,0.30,0.10
2008.04.16 20:45:01.696,1.0182,1.0185,0.30,0.10
2008.04.16 20:45:01.905,1.0182,1.0185,0.30,0.10
2008.04.16 20:45:02.114,1.0182,1.0185,0.30,0.10
2008.04.16 20:45:02.350,1.0182,1.0185,0.30,0.10
2008.04.16 20:45:02.557,1.0182,1.0185,0.30,0.10
2008.04.16 20:45:02.775,1.0182,1.0185,0.30,0.10
2008.04.16 20:45:02.995,1.0182,1.0185,0.30,0.10
2008.04.16 20:45:03.212,1.0182,1.0185,0.30,0.10
2008.04.16 20:45:03.452,1.0182,1.0185,0.30,0.10
2008.04.16 20:45:03.722,1.0182,1.0185,0.30,0.10
2008.04.16 20:45:03.960,1.0182,1.0185,0.30,0.10
2008.04.16 20:45:04.199,1.0182,1.0185,0.30,0.10
2008.04.16 20:45:04.393,1.0182,1.0185,0.30,0.10
2008.04.16 20:45:04.587,1.0182,1.0185,0.30,0.10
2008.04.16 20:45:04.780,1.0182,1.0185,0.30,0.10
2008.04.16 20:45:04.974,1.0182,1.0185,0.30,0.10
2008.04.16 20:45:05.167,1.0182,1.0185,0.30,0.10
2008.04.16 20:45:05.441,1.0182,1.0185,0.30,0.10
2008.04.16 20:45:05.715,1.0182,1.0185,0.30,0.10
2008.04.16 20:45:05.989,1.0182,1.0185,0.30,0.10
2008.04.16 20:45:06.264,1.0182,1.0185,0.30,0.10
2008.04.16 20:45:06.468,1.0182,1.0185,0.30,0.10
2008.04.16 20:45:06.673,1.0182,1.0185,0.30,0.10
2008.04.16 20:45:08.107,1.0182,1.0185,0.30,0.10
2008.04.16 20:45:08.207,1.0182,1.0185,0.30,1.60
2008.04.16 20:45:08.244,1.0182,1.0185,0.30,1.60
2008.04.16 20:45:08.312,1.0182,1.0185,0.30,1.60
2008.04.16 20:45:08.382,1.0182,1.0185,0.30,1.60
2008.04.16 20:45:08.482,1.0182,1.0185,0.30,1.60
2008.04.16 20:45:08.556,1.0182,1.0185,0.30,1.60
2008.04.16 20:45:08.626,1.0182,1.0185,0.30,1.60
2008.04.16 20:45:08.695,1.0182,1.0185,0.30,1.60
2008.04.16 20:45:08.793,1.0182,1.0185,0.30,1.60
2008.04.16 20:45:08.861,1.0182,1.0185,0.30,1.60
2008.04.16 20:45:08.950,1.0182,1.0185,0.30,1.60
2008.04.16 20:45:09.018,1.0182,1.0185,0.30,1.60
2008.04.16 20:45:09.087,1.0182,1.0185,0.30,1.60
2008.04.16 20:45:09.155,1.0182,1.0185,0.30,1.60
2008.04.16 20:45:09.491,1.0182,1.0184,0.30,0.10
2008.04.16 20:45:09.845,1.0182,1.0184,0.30,0.10
2008.04.16 20:45:10.179,1.0182,1.0184,0.30,0.10
2008.04.16 20:45:10.353,1.0182,1.0184,0.30,0.10
2008.04.16 20:45:10.527,1.0182,1.0184,0.30,0.10
2008.04.16 20:45:10.702,1.0182,1.0184,0.30,0.10
2008.04.16 20:45:10.907,1.0182,1.0184,0.30,0.10
2008.04.16 20:45:11.049,1.0182,1.0184,0.30,0.10
2008.04.16 20:45:11.229,1.0182,1.0184,0.30,0.10
2008.04.16 20:45:11.494,1.0182,1.0184,0.30,0.10
2008.04.16 20:45:11.757,1.0182,1.0184,0.30,0.10
2008.04.16 20:45:12.021,1.0182,1.0184,0.30,0.10
2008.04.16 20:45:12.285,1.0182,1.0184,0.30,0.10
2008.04.16 20:45:12.453,1.0182,1.0184,0.30,0.10
2008.04.16 20:45:12.622,1.0182,1.0184,0.30,0.10
2008.04.16 20:45:12.823,1.0182,1.0184,0.30,0.10
2008.04.16 20:45:12.990,1.0182,1.0184,0.30,0.10
2008.04.16 20:45:13.159,1.0182,1.0184,0.30,0.10
2008.04.16 20:45:13.328,1.0182,1.0184,0.30,0.10
2008.04.16 20:45:13.597,1.0182,1.0184,0.30,0.10
2008.04.16 20:45:13.899,1.0182,1.0184,0.30,0.10
2008.04.16 20:45:14.167,1.0182,1.0184,0.30,0.10
2008.04.16 20:45:14.436,1.0182,1.0184,0.30,0.10
2008.04.16 20:45:14.635,1.0182,1.0184,0.30,0.10
2008.04.16 20:45:14.834,1.0182,1.0184,0.30,0.10
2008.04.16 20:45:15.039,1.0182,1.0184,0.30,0.10
2008.04.16 20:45:15.238,1.0182,1.0184,0.30,0.10
2008.04.16 20:45:15.436,1.0182,1.0184,0.30,0.10
2008.04.16 20:45:15.655,1.0182,1.0184,0.30,0.10
2008.04.16 20:45:15.874,1.0182,1.0184,0.30,0.10
2008.04.16 20:45:16.093,1.0182,1.0184,0.30,0.10
2008.04.16 20:45:16.311,1.0182,1.0184,0.30,0.10
2008.04.16 20:45:16.529,1.0182,1.0184,0.30,0.10
2008.04.16 20:45:16.746,1.0182,1.0184,0.30,0.10
2008.04.16 20:45:16.964,1.0182,1.0184,0.30,0.10
2008.04.16 20:45:17.183,1.0182,1.0184,0.30,0.10
2008.04.16 20:45:17.400,1.0182,1.0184,0.30,0.10
2008.04.16 20:45:17.619,1.0182,1.0184,0.30,0.10
2008.04.16 20:45:17.827,1.0182,1.0184,0.30,0.10
2008.04.16 20:45:18.062,1.0182,1.0184,0.30,0.10
2008.04.16 20:45:18.272,1.0182,1.0184,0.30,0.10
2008.04.16 20:45:18.481,1.0182,1.0184,0.30,0.10
2008.04.16 20:45:18.719,1.0182,1.0184,0.30,0.10
2008.04.16 20:45:18.918,1.0182,1.0184,0.30,0.10
2008.04.16 20:45:19.149,1.0182,1.0184,0.30,0.10
2008.04.16 20:45:19.396,1.0182,1.0184,0.30,0.10
2008.04.16 20:45:19.657,1.0182,1.0184,0.30,0.10
2008.04.16 20:45:19.849,1.0182,1.0184,0.30,0.10
2008.04.16 20:45:20.073,1.0182,1.0184,0.30,0.10
2008.04.16 20:45:20.297,1.0182,1.0184,0.30,0.10
2008.04.16 20:45:20.521,1.0182,1.0184,0.30,0.10
2008.04.16 20:45:20.775,1.0182,1.0184,0.30,0.10
2008.04.16 20:45:20.997,1.0182,1.0184,0.30,0.10
2008.04.16 20:45:21.221,1.0182,1.0184,0.30,0.10
2008.04.16 20:45:21.444,1.0182,1.0184,0.30,0.10
2008.04.16 20:45:21.667,1.0182,1.0184,0.30,0.10
2008.04.16 20:45:21.871,1.0182,1.0184,0.30,0.10
2008.04.16 20:45:22.074,1.0182,1.0184,0.30,0.10
2008.04.16 20:45:22.278,1.0182,1.0184,0.30,0.10
2008.04.16 20:45:22.482,1.0182,1.0184,0.30,0.10
2008.04.16 20:45:22.686,1.0182,1.0184,0.30,0.10
2008.04.16 20:45:22.936,1.0182,1.0184,0.30,0.10
2008.04.16 20:45:23.154,1.0182,1.0184,0.30,0.10
2008.04.16 20:45:23.373,1.0182,1.0184,0.30,0.10
2008.04.16 20:45:23.592,1.0182,1.0184,0.30,0.10
2008.04.16 20:45:23.810,1.0182,1.0184,0.30,0.10
2008.04.16 20:45:24.051,1.0182,1.0184,0.30,0.10
2008.04.16 20:45:24.259,1.0182,1.0184,0.30,0.10
2008.04.16 20:45:24.467,1.0182,1.0184,0.30,0.10
2008.04.16 20:45:24.676,1.0182,1.0184,0.30,0.10
2008.04.16 20:45:24.885,1.0182,1.0184,0.30,0.10
2008.04.16 20:45:25.124,1.0182,1.0184,0.30,0.10
2008.04.16 20:45:25.303,1.0182,1.0184,0.30,0.10
2008.04.16 20:45:25.511,1.0182,1.0184,0.30,0.10
2008.04.16 20:45:25.719,1.0182,1.0184,0.30,0.10
2008.04.16 20:45:25.928,1.0182,1.0184,0.30,0.10
2008.04.16 20:45:26.157,1.0182,1.0184,0.30,0.10
2008.04.16 20:45:26.386,1.0182,1.0184,0.30,0.10
2008.04.16 20:45:26.614,1.0182,1.0184,0.30,0.10
2008.04.16 20:45:26.872,1.0182,1.0184,0.30,0.10
2008.04.16 20:45:27.075,1.0182,1.0185,0.30,2.00
2008.04.16 20:45:27.309,1.0182,1.0185,0.30,1.60
2008.04.16 20:45:27.543,1.0182,1.0185,0.30,1.60
2008.04.16 20:45:27.776,1.0182,1.0185,0.30,1.60
2008.04.16 20:45:28.016,1.0182,1.0185,0.30,1.60
2008.04.16 20:45:28.193,1.0182,1.0185,0.30,1.60
2008.04.16 20:45:28.402,1.0182,1.0185,0.30,1.60
2008.04.16 20:45:28.610,1.0182,1.0185,0.30,1.60
2008.04.16 20:45:28.818,1.0182,1.0185,0.30,1.60
2008.04.16 20:45:29.017,1.0182,1.0185,0.30,1.60
2008.04.16 20:45:29.215,1.0182,1.0185,0.30,1.60
2008.04.16 20:45:29.444,1.0182,1.0185,0.30,1.60
2008.04.16 20:45:29.612,1.0182,1.0185,0.30,1.60
2008.04.16 20:45:29.810,1.0182,1.0185,0.30,1.60
2008.04.16 20:45:30.044,1.0182,1.0185,0.30,1.60
2008.04.16 20:45:30.278,1.0182,1.0185,0.30,1.60
2008.04.16 20:45:30.541,1.0182,1.0185,0.30,0.10
2008.04.16 20:45:30.775,1.0182,1.0185,0.30,0.10
2008.04.16 20:45:31.009,1.0182,1.0185,0.30,0.10
2008.04.16 20:45:31.214,1.0182,1.0185,0.30,0.10
2008.04.16 20:45:31.450,1.0182,1.0185,0.30,0.10
2008.04.16 20:45:31.622,1.0182,1.0185,0.30,0.10
2008.04.16 20:45:31.825,1.0182,1.0185,0.30,0.10
2008.04.16 20:45:32.089,1.0182,1.0185,0.30,0.10
2008.04.16 20:45:32.351,1.0182,1.0185,0.30,0.10
2008.04.16 20:45:32.614,1.0182,1.0185,0.30,0.10
2008.04.16 20:45:32.912,1.0182,1.0185,0.30,0.10
2008.04.16 20:45:33.057,1.0182,1.0185,0.30,0.10
2008.04.16 20:45:33.258,1.0182,1.0185,0.30,0.10
2008.04.16 20:45:33.440,1.0182,1.0185,0.30,0.10
2008.04.16 20:45:33.618,1.0182,1.0185,0.30,0.10
2008.04.16 20:45:33.797,1.0182,1.0185,0.30,0.10
2008.04.16 20:45:33.976,1.0182,1.0185,0.30,0.10
2008.04.16 20:45:34.278,1.0182,1.0185,0.30,0.10
2008.04.16 20:45:34.551,1.0182,1.0185,0.30,0.10
2008.04.16 20:45:34.824,1.0182,1.0185,0.30,0.10
2008.04.16 20:45:35.099,1.0182,1.0185,0.30,0.10
2008.04.16 20:45:35.273,1.0182,1.0185,0.30,0.10
2008.04.16 20:45:35.446,1.0182,1.0185,0.30,0.10
2008.04.16 20:45:35.620,1.0182,1.0185,0.30,0.10
2008.04.16 20:45:35.793,1.0182,1.0185,0.30,0.10
2008.04.16 20:45:35.967,1.0182,1.0185,0.30,0.10
2008.04.16 20:45:36.171,1.0182,1.0185,0.30,0.10
2008.04.16 20:45:36.409,1.0182,1.0185,0.30,0.10
2008.04.16 20:45:36.647,1.0182,1.0185,0.30,0.10
2008.04.16 20:45:36.885,1.0182,1.0185,0.30,0.10
2008.04.16 20:45:37.125,1.0182,1.0185,0.30,0.10
2008.04.16 20:45:37.338,1.0182,1.0185,0.30,0.10
2008.04.16 20:45:37.552,1.0182,1.0185,0.30,0.10
2008.04.16 20:45:37.765,1.0182,1.0185,0.30,0.10
2008.04.16 20:45:37.979,1.0182,1.0185,0.30,0.10
2008.04.16 20:45:38.192,1.0182,1.0185,0.30,0.10
2008.04.16 20:45:38.432,1.0182,1.0185,0.30,0.10
2008.04.16 20:45:38.640,1.0182,1.0185,0.30,0.10
2008.04.16 20:45:38.848,1.0182,1.0185,0.30,0.10
2008.04.16 20:45:39.056,1.0182,1.0185,0.30,0.10
2008.04.16 20:45:39.264,1.0182,1.0185,0.30,0.10
2008.04.16 20:45:39.487,1.0182,1.0185,0.30,0.10
2008.04.16 20:45:39.709,1.0182,1.0185,0.30,0.10
2008.04.16 20:45:39.934,1.0182,1.0185,0.30,0.10
2008.04.16 20:45:40.157,1.0182,1.0185,0.30,0.10
2008.04.16 20:45:40.367,1.0182,1.0185,0.30,0.10
2008.04.16 20:45:40.577,1.0181,1.0185,0.30,0.10
2008.04.16 20:45:40.785,1.0181,1.0185,0.30,0.10
2008.04.16 20:45:40.994,1.0181,1.0185,0.30,0.10
2008.04.16 20:45:41.203,1.0181,1.0185,0.30,0.10
2008.04.16 20:45:41.442,1.0181,1.0185,0.30,0.10
2008.04.16 20:45:41.680,1.0181,1.0185,0.30,0.10
2008.04.16 20:45:41.919,1.0181,1.0185,0.30,0.10
2008.04.16 20:45:42.160,1.0181,1.0185,0.30,0.10
2008.04.16 20:45:42.349,1.0181,1.0185,0.30,0.10
2008.04.16 20:45:42.538,1.0181,1.0185,0.30,0.10
2008.04.16 20:45:42.727,1.0181,1.0185,0.30,0.10
2008.04.16 20:45:42.916,1.0181,1.0185,0.30,0.10
2008.04.16 20:45:43.105,1.0181,1.0185,0.30,0.10
2008.04.16 20:45:43.294,1.0181,1.0185,0.30,0.10
2008.04.16 20:45:43.561,1.0181,1.0185,0.30,0.10
2008.04.16 20:45:43.799,1.0181,1.0185,0.30,0.10
2008.04.16 20:45:44.039,1.0181,1.0185,0.30,0.10
2008.04.16 20:45:44.278,1.0181,1.0185,0.30,0.10
2008.04.16 20:45:44.522,1.0181,1.0185,0.30,0.10
2008.04.16 20:45:44.704,1.0181,1.0185,0.30,0.10
2008.04.16 20:45:44.918,1.0181,1.0185,0.30,0.10
2008.04.16 20:45:45.131,1.0181,1.0185,0.30,0.10
2008.04.16 20:45:45.345,1.0181,1.0185,0.30,0.10
2008.04.16 20:45:45.574,1.0181,1.0185,0.30,0.10
2008.04.16 20:45:45.802,1.0181,1.0185,0.30,0.10
2008.04.16 20:45:46.031,1.0181,1.0185,0.30,0.10
2008.04.16 20:45:46.263,1.0181,1.0185,0.30,0.10
2008.04.16 20:45:46.486,1.0181,1.0185,0.30,0.10
2008.04.16 20:45:46.709,1.0181,1.0185,0.30,0.10
2008.04.16 20:45:46.940,1.0181,1.0185,0.30,0.10
2008.04.16 20:45:47.163,1.0181,1.0185,0.30,0.10
2008.04.16 20:45:47.387,1.0181,1.0185,0.30,0.10
2008.04.16 20:45:47.610,1.0181,1.0185,0.30,0.10
2008.04.16 20:45:47.833,1.0181,1.0185,0.30,0.10
2008.04.16 20:45:48.056,1.0181,1.0185,0.30,0.10
2008.04.16 20:45:48.279,1.0181,1.0185,0.30,0.10
2008.04.16 20:45:48.487,1.0181,1.0185,0.30,0.10
2008.04.16 20:45:48.695,1.0181,1.0185,0.30,0.10
2008.04.16 20:45:48.903,1.0181,1.0185,0.30,0.10
2008.04.16 20:45:49.113,1.0181,1.0185,0.30,0.10
2008.04.16 20:45:49.322,1.0181,1.0185,0.30,0.10
2008.04.16 20:45:49.541,1.0181,1.0185,0.30,0.10
2008.04.16 20:45:49.788,1.0181,1.0185,0.30,0.10
2008.04.16 20:45:50.006,1.0181,1.0185,0.30,0.10
2008.04.16 20:45:50.224,1.0181,1.0185,0.30,0.10
2008.04.16 20:45:50.465,1.0181,1.0185,0.30,0.10
2008.04.16 20:45:50.688,1.0181,1.0185,0.30,0.10
2008.04.16 20:45:50.911,1.0181,1.0185,0.30,0.10
2008.04.16 20:45:51.134,1.0181,1.0185,0.30,0.10
2008.04.16 20:45:51.358,1.0181,1.0185,0.30,0.10
2008.04.16 20:45:51.588,1.0181,1.0185,0.30,0.10
2008.04.16 20:45:51.806,1.0181,1.0185,0.30,0.10
2008.04.16 20:45:52.025,1.0181,1.0185,0.30,0.10
2008.04.16 20:45:52.244,1.0181,1.0185,0.30,0.10
2008.04.16 20:45:52.461,1.0181,1.0185,0.30,0.10
2008.04.16 20:45:52.689,1.0181,1.0185,0.30,0.10
2008.04.16 20:45:52.918,1.0181,1.0185,0.30,0.10
2008.04.16 20:45:53.147,1.0181,1.0185,0.30,0.10
2008.04.16 20:45:53.376,1.0181,1.0185,0.30,0.10
2008.04.16 20:45:53.575,1.0181,1.0185,0.30,0.10
2008.04.16 20:45:53.806,1.0181,1.0185,0.30,0.10
2008.04.16 20:45:54.005,1.0181,1.0185,0.30,0.10
2008.04.16 20:45:54.203,1.0181,1.0185,0.30,0.10
2008.04.16 20:45:54.405,1.0181,1.0185,0.30,0.10
2008.04.16 20:45:54.658,1.0181,1.0185,0.30,0.10
2008.04.16 20:45:54.911,1.0181,1.0185,0.30,0.10
2008.04.16 20:45:55.165,1.0181,1.0185,0.30,0.10
2008.04.16 20:45:55.419,1.0181,1.0185,0.30,0.10
2008.04.16 20:45:55.633,1.0181,1.0185,0.30,0.10
2008.04.16 20:45:55.876,1.0181,1.0185,0.30,0.10
2008.04.16 20:45:56.091,1.0181,1.0185,0.30,0.10
2008.04.16 20:45:56.304,1.0181,1.0185,0.30,0.10
2008.04.16 20:45:56.517,1.0181,1.0185,0.30,0.10
2008.04.16 20:45:56.741,1.0181,1.0185,0.30,0.10
2008.04.16 20:45:56.966,1.0181,1.0185,0.30,0.10
2008.04.16 20:45:57.189,1.0181,1.0185,0.30,0.10
2008.04.16 20:45:57.415,1.0181,1.0185,0.30,0.10
2008.04.16 20:45:57.601,1.0181,1.0185,0.30,0.10
2008.04.16 20:45:57.790,1.0181,1.0185,0.30,0.10
2008.04.16 20:45:57.979,1.0181,1.0185,0.30,0.10
2008.04.16 20:45:58.176,1.0181,1.0185,0.30,0.10
2008.04.16 20:45:58.366,1.0181,1.0185,0.30,0.10
2008.04.16 20:45:58.610,1.0181,1.0185,0.30,0.10
2008.04.16 20:45:58.854,1.0181,1.0185,0.30,0.10
2008.04.16 20:45:59.097,1.0181,1.0185,0.30,0.10
2008.04.16 20:45:59.340,1.0181,1.0185,0.30,0.10
2008.04.16 20:45:59.583,1.0181,1.0185,0.30,0.10
2008.04.16 20:45:59.797,1.0181,1.0185,0.30,0.10
2008.04.16 20:46:00.011,1.0181,1.0185,0.30,0.10
2008.04.16 20:46:00.224,1.0181,1.0185,0.30,0.10
2008.04.16 20:46:00.438,1.0181,1.0185,0.30,0.10
2008.04.16 20:46:00.709,1.0181,1.0185,0.30,0.10
2008.04.16 20:46:00.947,1.0181,1.0185,0.30,0.10
2008.04.16 20:46:01.186,1.0181,1.0185,0.30,0.10
2008.04.16 20:46:01.424,1.0181,1.0185,0.30,0.10
2008.04.16 20:46:01.661,1.0181,1.0185,0.30,0.10
2008.04.16 20:46:01.882,1.0181,1.0185,0.30,0.10
2008.04.16 20:46:02.083,1.0181,1.0185,0.30,0.10
2008.04.16 20:46:02.280,1.0181,1.0185,0.30,0.10
2008.04.16 20:46:02.496,1.0181,1.0185,0.30,0.10
2008.04.16 20:46:02.695,1.0181,1.0185,0.30,0.10
2008.04.16 20:46:02.908,1.0181,1.0185,0.30,0.10
2008.04.16 20:46:03.121,1.0181,1.0185,0.30,0.10
2008.04.16 20:46:03.334,1.0181,1.0185,0.30,0.10
2008.04.16 20:46:03.548,1.0181,1.0185,0.30,0.10
2008.04.16 20:46:03.762,1.0181,1.0185,0.30,0.10
2008.04.16 20:46:04.009,1.0181,1.0185,0.30,0.10
2008.04.16 20:46:04.231,1.0181,1.0185,0.30,0.10
2008.04.16 20:46:04.450,1.0181,1.0185,0.30,0.10
2008.04.16 20:46:04.669,1.0181,1.0185,0.30,0.10
2008.04.16 20:46:04.887,1.0181,1.0185,0.30,0.10
2008.04.16 20:46:05.137,1.0181,1.0185,0.30,0.10
2008.04.16 20:46:05.325,1.0181,1.0185,0.30,0.10
2008.04.16 20:46:05.544,1.0181,1.0185,0.30,0.10
2008.04.16 20:46:05.763,1.0181,1.0185,0.30,0.10
2008.04.16 20:46:05.956,1.0181,1.0185,0.30,0.10
2008.04.16 20:46:06.150,1.0181,1.0185,0.30,0.10
2008.04.16 20:46:06.344,1.0181,1.0185,0.30,0.10
2008.04.16 20:46:06.568,1.0181,1.0185,0.30,0.10
2008.04.16 20:46:06.760,1.0181,1.0185,0.30,0.10
2008.04.16 20:46:06.993,1.0181,1.0185,0.30,0.10
2008.04.16 20:46:07.227,1.0181,1.0185,0.30,0.10
2008.04.16 20:46:07.461,1.0181,1.0185,0.30,0.10
2008.04.16 20:46:07.694,1.0181,1.0185,0.30,0.10
2008.04.16 20:46:07.897,1.0181,1.0185,0.30,0.10
2008.04.16 20:46:08.101,1.0181,1.0185,0.30,0.10
2008.04.16 20:46:08.304,1.0181,1.0185,0.30,0.10
2008.04.16 20:46:08.508,1.0181,1.0185,0.30,0.10
2008.04.16 20:46:08.712,1.0181,1.0185,0.30,0.10
2008.04.16 20:46:08.931,1.0181,1.0185,0.30,0.10
2008.04.16 20:46:09.149,1.0181,1.0185,0.30,0.10
2008.04.16 20:46:09.368,1.0181,1.0185,0.30,0.10
2008.04.16 20:46:09.587,1.0181,1.0185,0.30,0.10
2008.04.16 20:46:09.805,1.0181,1.0185,0.30,0.10
2008.04.16 20:46:10.018,1.0181,1.0185,0.30,0.10
2008.04.16 20:46:10.231,1.0181,1.0185,0.30,0.10
2008.04.16 20:46:10.444,1.0181,1.0185,0.30,0.10
2008.04.16 20:46:10.657,1.0181,1.0185,0.30,0.10
2008.04.16 20:46:10.871,1.0181,1.0185,0.30,0.10
2008.04.16 20:46:11.110,1.0181,1.0185,0.30,0.10
2008.04.16 20:46:11.348,1.0181,1.0185,0.30,0.10
2008.04.16 20:46:11.587,1.0181,1.0185,0.30,0.10
2008.04.16 20:46:11.826,1.0181,1.0185,0.30,0.10
2008.04.16 20:46:12.034,1.0181,1.0185,0.30,0.10
2008.04.16 20:46:12.248,1.0181,1.0185,0.30,0.10
2008.04.16 20:46:12.456,1.0181,1.0185,0.30,0.10
2008.04.16 20:46:12.665,1.0181,1.0185,0.30,0.10
2008.04.16 20:46:12.890,1.0181,1.0185,0.30,0.10
2008.04.16 20:46:13.130,1.0181,1.0184,0.30,0.10
2008.04.16 20:46:13.369,1.0181,1.0184,0.30,0.10
2008.04.16 20:46:13.609,1.0181,1.0184,0.30,0.10
2008.04.16 20:46:13.847,1.0181,1.0184,0.30,0.10
2008.04.16 20:46:14.071,1.0181,1.0184,0.30,0.10
2008.04.16 20:46:14.296,1.0181,1.0184,0.30,0.10
2008.04.16 20:46:14.519,1.0181,1.0184,0.30,0.10
2008.04.16 20:46:14.753,1.0181,1.0184,0.30,0.10
2008.04.16 20:46:14.976,1.0181,1.0184,0.30,0.10
2008.04.16 20:46:15.185,1.0181,1.0184,0.30,0.10
2008.04.16 20:46:15.394,1.0181,1.0184,0.30,0.10
2008.04.16 20:46:15.603,1.0181,1.0184,0.30,0.10
2008.04.16 20:46:15.841,1.0181,1.0184,0.30,0.10
2008.04.16 20:46:16.049,1.0181,1.0184,0.30,0.10
2008.04.16 20:46:16.289,1.0181,1.0184,0.30,0.10
2008.04.16 20:46:16.530,1.0181,1.0184,0.30,0.10
2008.04.16 20:46:16.768,1.0181,1.0184,0.30,0.10
2008.04.16 20:46:17.007,1.0181,1.0184,0.30,0.10
2008.04.16 20:46:17.262,1.0181,1.0184,0.30,0.10
2008.04.16 20:46:17.545,1.0181,1.0184,0.30,0.10
2008.04.16 20:46:17.798,1.0181,1.0184,0.30,0.10
2008.04.16 20:46:18.053,1.0181,1.0184,0.30,0.10
2008.04.16 20:46:18.258,1.0181,1.0184,0.30,0.10
2008.04.16 20:46:18.471,1.0181,1.0184,0.30,0.10
2008.04.16 20:46:18.677,1.0181,1.0184,0.30,0.10
2008.04.16 20:46:18.880,1.0181,1.0184,0.30,0.10
2008.04.16 20:46:19.114,1.0181,1.0184,0.30,0.10
2008.04.16 20:46:19.352,1.0181,1.0184,0.30,0.10
2008.04.16 20:46:19.587,1.0181,1.0184,0.30,0.10
2008.04.16 20:46:19.819,1.0181,1.0184,0.30,0.10
2008.04.16 20:46:20.053,1.0181,1.0184,0.30,0.10
2008.04.16 20:46:20.291,1.0181,1.0184,0.30,0.10
2008.04.16 20:46:20.529,1.0181,1.0184,0.30,0.10
2008.04.16 20:46:20.767,1.0181,1.0184,0.30,0.10
2008.04.16 20:46:21.005,1.0181,1.0184,0.30,0.10
2008.04.16 20:46:21.234,1.0181,1.0184,0.30,0.10
2008.04.16 20:46:21.462,1.0181,1.0184,0.30,0.10
2008.04.16 20:46:21.692,1.0181,1.0184,0.30,0.10
2008.04.16 20:46:21.921,1.0181,1.0184,0.30,0.10
2008.04.16 20:46:22.149,1.0181,1.0184,0.30,0.10
2008.04.16 20:46:22.409,1.0181,1.0184,0.30,0.10
2008.04.16 20:46:22.668,1.0181,1.0184,0.30,0.10
2008.04.16 20:46:22.927,1.0181,1.0184,0.30,0.10
2008.04.16 20:46:23.188,1.0181,1.0184,0.30,0.10
2008.04.16 20:46:23.377,1.0181,1.0184,0.30,0.10
2008.04.16 20:46:23.565,1.0181,1.0184,0.30,0.10
2008.04.16 20:46:23.755,1.0181,1.0184,0.30,0.10
2008.04.16 20:46:23.943,1.0181,1.0184,0.30,0.10
2008.04.16 20:46:24.152,1.0181,1.0184,0.30,0.10
2008.04.16 20:46:24.391,1.0181,1.0184,0.30,0.10
2008.04.16 20:46:24.629,1.0181,1.0184,0.30,0.10
2008.04.16 20:46:24.869,1.0181,1.0184,0.30,0.10
2008.04.16 20:46:25.108,1.0181,1.0184,0.30,0.10
2008.04.16 20:46:25.362,1.0181,1.0184,0.30,0.10
2008.04.16 20:46:25.615,1.0181,1.0184,0.30,0.10
2008.04.16 20:46:25.868,1.0181,1.0184,0.30,0.10
2008.04.16 20:46:26.121,1.0181,1.0184,0.30,0.10
2008.04.16 20:46:26.339,1.0181,1.0184,0.30,0.10
2008.04.16 20:46:26.558,1.0181,1.0184,0.30,0.10
2008.04.16 20:46:26.776,1.0181,1.0184,0.30,0.10
2008.04.16 20:46:26.995,1.0181,1.0184,0.30,0.10
2008.04.16 20:46:27.214,1.0181,1.0184,0.30,0.10
2008.04.16 20:46:27.443,1.0181,1.0184,0.30,0.10
2008.04.16 20:46:27.672,1.0181,1.0184,0.30,0.10
2008.04.16 20:46:27.901,1.0181,1.0184,0.30,0.10
2008.04.16 20:46:28.130,1.0181,1.0184,0.30,0.10
2008.04.16 20:46:28.334,1.0181,1.0184,0.30,0.10
2008.04.16 20:46:28.538,1.0181,1.0184,0.30,0.10
2008.04.16 20:46:28.741,1.0181,1.0184,0.30,0.10
2008.04.16 20:46:28.954,1.0181,1.0184,0.30,0.10
2008.04.16 20:46:29.158,1.0181,1.0184,0.30,0.10
2008.04.16 20:46:29.376,1.0181,1.0184,0.30,0.10
2008.04.16 20:46:29.594,1.0181,1.0184,0.30,0.10
2008.04.16 20:46:29.813,1.0181,1.0184,0.30,0.10
2008.04.16 20:46:30.051,1.0181,1.0184,0.30,0.10
2008.04.16 20:46:30.270,1.0181,1.0184,0.30,0.10
2008.04.16 20:46:30.504,1.0181,1.0184,0.30,0.10
2008.04.16 20:46:30.738,1.0181,1.0184,0.30,0.10
2008.04.16 20:46:30.972,1.0181,1.0184,0.30,0.10
2008.04.16 20:46:31.206,1.0181,1.0184,0.30,0.10
2008.04.16 20:46:31.408,1.0181,1.0184,0.30,0.10
2008.04.16 20:46:31.612,1.0181,1.0184,0.30,0.10
2008.04.16 20:46:31.815,1.0181,1.0184,0.30,0.10
2008.04.16 20:46:32.019,1.0181,1.0184,0.30,0.10
2008.04.16 20:46:32.254,1.0181,1.0184,0.30,0.10
2008.04.16 20:46:32.478,1.0181,1.0184,0.30,0.10
2008.04.16 20:46:32.702,1.0181,1.0184,0.30,0.10
2008.04.16 20:46:32.926,1.0181,1.0184,0.30,0.10
2008.04.16 20:46:33.171,1.0181,1.0184,0.30,0.10
2008.04.16 20:46:33.385,1.0181,1.0184,0.30,0.10
2008.04.16 20:46:33.598,1.0181,1.0184,0.30,0.10
2008.04.16 20:46:33.811,1.0181,1.0184,0.30,0.10
2008.04.16 20:46:34.025,1.0181,1.0184,0.30,0.10
2008.04.16 20:46:34.242,1.0181,1.0184,0.30,0.10
2008.04.16 20:46:34.475,1.0181,1.0184,0.30,0.10
2008.04.16 20:46:34.702,1.0181,1.0184,0.30,0.10
2008.04.16 20:46:34.932,1.0181,1.0184,0.30,0.10
2008.04.16 20:46:35.160,1.0181,1.0184,0.30,0.10
2008.04.16 20:46:35.394,1.0181,1.0184,0.30,0.10
2008.04.16 20:46:35.627,1.0181,1.0184,0.30,0.10
2008.04.16 20:46:35.861,1.0181,1.0184,0.30,0.10
2008.04.16 20:46:36.096,1.0181,1.0184,0.30,0.10
2008.04.16 20:46:36.331,1.0181,1.0184,0.30,0.10
2008.04.16 20:46:36.565,1.0181,1.0184,0.30,0.10
2008.04.16 20:46:36.798,1.0181,1.0184,0.30,0.10
2008.04.16 20:46:37.065,1.0181,1.0184,0.30,0.10
2008.04.16 20:46:37.299,1.0181,1.0184,0.30,0.10
2008.04.16 20:46:37.512,1.0181,1.0184,0.30,0.10
2008.04.16 20:46:37.757,1.0181,1.0184,0.30,0.10
2008.04.16 20:46:37.971,1.0181,1.0184,0.30,0.10
2008.04.16 20:46:38.185,1.0182,1.0184,0.30,0.10
2008.04.16 20:46:38.419,1.0182,1.0184,0.30,0.10
2008.04.16 20:46:38.684,1.0182,1.0184,0.30,0.10
2008.04.16 20:46:38.887,1.0182,1.0184,0.30,0.10
2008.04.16 20:46:39.121,1.0182,1.0184,0.30,0.10
2008.04.16 20:46:39.354,1.0182,1.0184,0.30,0.10
2008.04.16 20:46:39.593,1.0182,1.0184,0.30,0.10
2008.04.16 20:46:39.862,1.0182,1.0184,0.30,0.10
2008.04.16 20:46:40.072,1.0182,1.0184,0.30,0.10
2008.04.16 20:46:40.311,1.0182,1.0184,0.30,0.10
2008.04.16 20:46:40.495,1.0182,1.0184,0.30,0.10
2008.04.16 20:46:40.679,1.0182,1.0184,0.30,0.10
2008.04.16 20:46:40.863,1.0182,1.0184,0.30,0.10
2008.04.16 20:46:41.046,1.0182,1.0184,0.30,0.10
2008.04.16 20:46:41.230,1.0182,1.0184,0.30,0.10
2008.04.16 20:46:41.446,1.0182,1.0184,0.30,0.10
2008.04.16 20:46:41.710,1.0182,1.0184,0.30,0.10
2008.04.16 20:46:41.974,1.0182,1.0184,0.30,0.10
2008.04.16 20:46:42.238,1.0182,1.0184,0.30,0.10
2008.04.16 20:46:42.502,1.0182,1.0184,0.30,0.10
2008.04.16 20:46:42.682,1.0182,1.0184,0.30,0.10
2008.04.16 20:46:42.862,1.0182,1.0184,0.30,0.10
2008.04.16 20:46:43.045,1.0182,1.0184,0.30,0.10
2008.04.16 20:46:43.225,1.0182,1.0184,0.30,0.10
2008.04.16 20:46:43.405,1.0182,1.0184,0.30,0.10
2008.04.16 20:46:43.633,1.0182,1.0184,0.30,0.10
2008.04.16 20:46:43.862,1.0182,1.0184,0.30,0.10
2008.04.16 20:46:44.121,1.0182,1.0184,0.30,0.10
2008.04.16 20:46:44.320,1.0182,1.0184,0.30,0.10
2008.04.16 20:46:44.548,1.0182,1.0184,0.30,0.10
2008.04.16 20:46:44.762,1.0182,1.0184,0.30,0.10
2008.04.16 20:46:44.975,1.0182,1.0184,0.30,0.10
2008.04.16 20:46:45.189,1.0182,1.0184,0.30,0.10
2008.04.16 20:46:45.405,1.0181,1.0184,0.30,0.10
2008.04.16 20:46:45.618,1.0181,1.0184,0.30,0.10
2008.04.16 20:46:45.807,1.0181,1.0184,0.30,0.10
2008.04.16 20:46:45.996,1.0181,1.0184,0.30,0.10
2008.04.16 20:46:46.197,1.0181,1.0184,0.30,0.10
2008.04.16 20:46:46.387,1.0181,1.0184,0.30,0.10
2008.04.16 20:46:46.670,1.0181,1.0184,0.30,0.10
2008.04.16 20:46:46.957,1.0181,1.0184,0.30,0.10
2008.04.16 20:46:47.241,1.0181,1.0184,0.30,0.10
2008.04.16 20:46:47.524,1.0181,1.0184,0.30,0.10
2008.04.16 20:46:47.750,1.0181,1.0184,0.30,0.10
2008.04.16 20:46:47.944,1.0181,1.0184,0.30,0.10
2008.04.16 20:46:48.138,1.0181,1.0184,0.30,0.10
2008.04.16 20:46:48.331,1.0181,1.0184,0.30,0.10
2008.04.16 20:46:48.526,1.0181,1.0184,0.30,0.10
2008.04.16 20:46:48.740,1.0181,1.0184,0.30,0.10
2008.04.16 20:46:48.953,1.0181,1.0184,0.30,0.10
2008.04.16 20:46:49.189,1.0181,1.0184,0.30,0.10
2008.04.16 20:46:49.404,1.0181,1.0184,0.30,0.10
2008.04.16 20:46:49.618,1.0181,1.0184,0.30,0.10
2008.04.16 20:46:49.846,1.0181,1.0184,0.30,0.10
2008.04.16 20:46:50.075,1.0181,1.0184,0.30,0.10
2008.04.16 20:46:50.304,1.0181,1.0184,0.30,0.10
2008.04.16 20:46:50.531,1.0181,1.0184,0.30,0.10
2008.04.16 20:46:50.760,1.0181,1.0184,0.30,0.10
2008.04.16 20:46:50.969,1.0181,1.0184,0.30,0.10
2008.04.16 20:46:51.178,1.0181,1.0184,0.30,0.10
2008.04.16 20:46:51.391,1.0181,1.0184,0.30,0.10
2008.04.16 20:46:51.602,1.0181,1.0184,0.30,0.10
2008.04.16 20:46:51.826,1.0181,1.0184,0.30,0.10
2008.04.16 20:46:52.048,1.0181,1.0184,0.30,0.10
2008.04.16 20:46:52.273,1.0181,1.0184,0.30,0.10
2008.04.16 20:46:52.495,1.0181,1.0184,0.30,0.10
2008.04.16 20:46:52.719,1.0181,1.0184,0.30,0.10
2008.04.16 20:46:52.940,1.0181,1.0184,0.30,0.10
2008.04.16 20:46:53.159,1.0181,1.0184,0.30,0.10
2008.04.16 20:46:53.377,1.0181,1.0184,0.30,0.10
2008.04.16 20:46:53.595,1.0181,1.0184,0.30,0.10
2008.04.16 20:46:53.814,1.0181,1.0184,0.30,0.10
2008.04.16 20:46:54.043,1.0181,1.0184,0.30,0.10
2008.04.16 20:46:54.241,1.0181,1.0184,0.30,0.10
2008.04.16 20:46:54.439,1.0181,1.0184,0.30,0.10
2008.04.16 20:46:54.638,1.0181,1.0184,0.30,0.10
2008.04.16 20:46:54.867,1.0181,1.0184,0.30,0.10
2008.04.16 20:46:55.096,1.0181,1.0184,0.30,0.10
2008.04.16 20:46:55.325,1.0181,1.0184,0.30,0.10
2008.04.16 20:46:55.585,1.0181,1.0184,0.30,0.10
2008.04.16 20:46:55.813,1.0181,1.0184,0.30,0.10
2008.04.16 20:46:56.027,1.0181,1.0184,0.30,0.10
2008.04.16 20:46:56.241,1.0181,1.0184,0.30,0.10
2008.04.16 20:46:56.454,1.0181,1.0184,0.30,0.10
2008.04.16 20:46:56.698,1.0181,1.0184,0.30,0.10
2008.04.16 20:46:56.907,1.0181,1.0184,0.30,0.10
2008.04.16 20:46:57.115,1.0181,1.0184,0.30,0.10
2008.04.16 20:46:57.324,1.0181,1.0184,0.30,0.10
2008.04.16 20:46:57.531,1.0181,1.0184,0.30,0.10
2008.04.16 20:46:57.740,1.0181,1.0184,0.30,0.10
2008.04.16 20:46:57.954,1.0181,1.0184,0.30,0.10
2008.04.16 20:46:58.168,1.0181,1.0184,0.30,0.10
2008.04.16 20:46:58.382,1.0181,1.0184,0.30,0.10
2008.04.16 20:46:58.594,1.0181,1.0184,0.30,0.10
2008.04.16 20:46:58.808,1.0181,1.0184,0.30,0.10
2008.04.16 20:46:59.032,1.0181,1.0184,0.30,0.10
2008.04.16 20:46:59.256,1.0181,1.0184,0.30,0.10
2008.04.16 20:46:59.480,1.0181,1.0184,0.30,0.10
2008.04.16 20:46:59.702,1.0181,1.0184,0.30,0.10
2008.04.16 20:46:59.927,1.0181,1.0184,0.30,0.10
2008.04.16 20:47:00.136,1.0181,1.0184,0.30,0.10
2008.04.16 20:47:00.345,1.0181,1.0184,0.30,0.10
2008.04.16 20:47:00.554,1.0181,1.0184,0.30,0.10
2008.04.16 20:47:00.764,1.0181,1.0184,0.30,0.10
2008.04.16 20:47:00.973,1.0181,1.0184,0.30,0.10
2008.04.16 20:47:01.211,1.0181,1.0184,0.30,0.10
2008.04.16 20:47:01.420,1.0181,1.0184,0.30,0.10
2008.04.16 20:47:01.628,1.0181,1.0184,0.30,0.10
2008.04.16 20:47:01.837,1.0181,1.0184,0.30,0.10
2008.04.16 20:47:02.049,1.0181,1.0184,0.30,0.10
2008.04.16 20:47:02.262,1.0181,1.0184,0.30,0.10
2008.04.16 20:47:02.476,1.0181,1.0184,0.30,0.10
2008.04.16 20:47:02.690,1.0181,1.0184,0.30,0.10
2008.04.16 20:47:02.904,1.0181,1.0184,0.30,0.10
2008.04.16 20:47:03.127,1.0181,1.0184,0.30,0.10
2008.04.16 20:47:03.350,1.0181,1.0184,0.30,0.10
2008.04.16 20:47:03.574,1.0181,1.0184,0.30,0.10
2008.04.16 20:47:03.797,1.0181,1.0184,0.30,0.10
2008.04.16 20:47:04.020,1.0181,1.0184,0.30,0.10
2008.04.16 20:47:04.274,1.0181,1.0184,0.30,0.10
2008.04.16 20:47:04.528,1.0181,1.0184,0.30,0.10
2008.04.16 20:47:04.782,1.0181,1.0184,0.30,0.10
2008.04.16 20:47:05.069,1.0181,1.0184,0.30,0.10
2008.04.16 20:47:05.219,1.0181,1.0184,0.30,0.10
2008.04.16 20:47:05.415,1.0181,1.0184,0.30,0.10
2008.04.16 20:47:05.598,1.0181,1.0184,0.30,0.10
2008.04.16 20:47:05.782,1.0181,1.0184,0.30,0.10
2008.04.16 20:47:05.965,1.0181,1.0184,0.30,0.10
2008.04.16 20:47:06.209,1.0181,1.0184,0.30,0.10
2008.04.16 20:47:06.452,1.0181,1.0184,0.30,0.10
2008.04.16 20:47:06.695,1.0181,1.0184,0.30,0.10
2008.04.16 20:47:06.958,1.0181,1.0184,0.30,0.10
2008.04.16 20:47:07.138,1.018,1.0183,0.30,0.10
2008.04.16 20:47:07.317,1.018,1.0183,0.30,0.10
2008.04.16 20:47:07.496,1.018,1.0183,0.30,0.10
2008.04.16 20:47:07.674,1.018,1.0183,0.30,0.10
2008.04.16 20:47:07.852,1.018,1.0183,0.30,0.10
2008.04.16 20:47:08.030,1.018,1.0183,0.30,0.10
2008.04.16 20:47:08.339,1.018,1.0183,0.30,0.10
2008.04.16 20:47:08.647,1.018,1.0183,0.30,0.10
2008.04.16 20:47:08.956,1.018,1.0183,0.30,0.10
2008.04.16 20:47:09.173,1.018,1.0183,0.30,0.10
2008.04.16 20:47:09.365,1.018,1.0183,0.30,0.10
2008.04.16 20:47:09.560,1.018,1.0183,0.30,0.10
2008.04.16 20:47:09.788,1.018,1.0183,0.30,0.10
2008.04.16 20:47:09.947,1.018,1.0183,0.30,0.10
2008.04.16 20:47:10.140,1.018,1.0183,0.30,0.10
2008.04.16 20:47:10.378,1.018,1.0183,0.30,0.10
2008.04.16 20:47:10.613,1.0181,1.0184,0.30,0.10
2008.04.16 20:47:10.847,1.0181,1.0184,0.30,0.10
2008.04.16 20:47:11.081,1.0181,1.0184,0.30,0.10
2008.04.16 20:47:11.311,1.0181,1.0184,0.30,0.10
2008.04.16 20:47:11.541,1.0181,1.0184,0.30,0.10
2008.04.16 20:47:11.769,1.0181,1.0184,0.30,0.10
2008.04.16 20:47:12.029,1.0181,1.0184,0.30,0.10
2008.04.16 20:47:12.237,1.0181,1.0184,0.30,0.10
2008.04.16 20:47:12.476,1.0181,1.0184,0.30,0.10
2008.04.16 20:47:12.715,1.0181,1.0184,0.30,0.10
2008.04.16 20:47:12.954,1.0181,1.0184,0.30,0.80
2008.04.16 20:47:13.193,1.0181,1.0184,0.30,1.60
2008.04.16 20:47:13.407,1.0181,1.0184,0.30,1.60
2008.04.16 20:47:13.621,1.0181,1.0184,0.30,1.60
2008.04.16 20:47:13.835,1.0181,1.0184,0.30,1.60
2008.04.16 20:47:14.049,1.0181,1.0184,0.30,1.60
2008.04.16 20:47:14.313,1.0181,1.0184,0.30,1.60
2008.04.16 20:47:14.578,1.0181,1.0184,0.30,1.60
2008.04.16 20:47:14.841,1.0181,1.0184,0.30,1.60
2008.04.16 20:47:15.105,1.0181,1.0184,0.30,1.60
2008.04.16 20:47:15.334,1.0181,1.0184,0.30,1.60
2008.04.16 20:47:15.562,1.0181,1.0184,0.30,1.60
2008.04.16 20:47:15.789,1.0181,1.0184,0.30,1.60
2008.04.16 20:47:16.019,1.0181,1.0184,0.30,1.60
2008.04.16 20:47:16.248,1.0181,1.0184,0.30,1.60
2008.04.16 20:47:16.452,1.0181,1.0184,0.30,1.60
2008.04.16 20:47:16.656,1.0181,1.0184,0.30,1.60
2008.04.16 20:47:16.860,1.0181,1.0184,0.30,1.60
2008.04.16 20:47:17.063,1.0181,1.0184,0.30,1.60
2008.04.16 20:47:17.272,1.0181,1.0184,0.30,1.60
2008.04.16 20:47:17.540,1.0181,1.0184,0.30,1.60
2008.04.16 20:47:17.809,1.0181,1.0184,0.30,1.60
2008.04.16 20:47:18.085,1.0181,1.0184,0.30,1.60
2008.04.16 20:47:18.356,1.0181,1.0184,0.30,1.60
2008.04.16 20:47:18.556,1.0181,1.0184,0.30,1.60
2008.04.16 20:47:18.786,1.0181,1.0184,0.30,1.60
2008.04.16 20:47:18.955,1.0181,1.0184,0.30,1.60
2008.04.16 20:47:19.184,1.0181,1.0184,0.30,1.60
2008.04.16 20:47:19.403,1.0181,1.0184,0.30,1.60
2008.04.16 20:47:19.622,1.0181,1.0184,0.30,1.60
2008.04.16 20:47:19.840,1.0181,1.0184,0.30,1.60
2008.04.16 20:47:20.057,1.0181,1.0184,0.30,1.60
2008.04.16 20:47:20.289,1.0181,1.0184,0.30,1.60
2008.04.16 20:47:20.505,1.0181,1.0184,0.30,1.60
2008.04.16 20:47:20.717,1.0181,1.0184,0.30,1.60
2008.04.16 20:47:20.931,1.0181,1.0184,0.30,1.60
2008.04.16 20:47:21.145,1.0181,1.0184,0.30,1.60
2008.04.16 20:47:21.359,1.0181,1.0184,0.30,1.60
2008.04.16 20:47:21.578,1.0181,1.0184,0.30,1.60
2008.04.16 20:47:21.815,1.0181,1.0184,0.30,1.60
2008.04.16 20:47:22.034,1.0181,1.0184,0.30,1.60
2008.04.16 20:47:22.253,1.0181,1.0184,0.30,1.60
2008.04.16 20:47:22.466,1.0181,1.0184,0.30,1.60
2008.04.16 20:47:22.680,1.0181,1.0184,0.30,1.60
2008.04.16 20:47:22.894,1.0181,1.0184,0.30,1.60
2008.04.16 20:47:23.108,1.0181,1.0184,0.30,1.60
2008.04.16 20:47:23.321,1.0181,1.0184,0.30,1.60
2008.04.16 20:47:23.554,1.0181,1.0184,0.30,1.60
2008.04.16 20:47:23.788,1.0181,1.0184,0.30,1.60
2008.04.16 20:47:24.022,1.0181,1.0184,0.30,1.60
2008.04.16 20:47:24.257,1.0181,1.0184,0.30,1.60
2008.04.16 20:47:24.490,1.0181,1.0184,0.30,1.60
2008.04.16 20:47:24.748,1.0181,1.0184,0.30,1.60
2008.04.16 20:47:25.006,1.0181,1.0184,0.30,1.60
2008.04.16 20:47:25.265,1.0181,1.0184,0.30,1.60
2008.04.16 20:47:25.524,1.0181,1.0184,0.30,1.60
2008.04.16 20:47:25.753,1.0181,1.0184,0.30,1.60
2008.04.16 20:47:25.981,1.0181,1.0184,0.30,1.60
2008.04.16 20:47:26.210,1.0181,1.0184,0.30,1.60
2008.04.16 20:47:26.438,1.0181,1.0184,0.30,1.60
2008.04.16 20:47:26.656,1.0181,1.0184,0.30,1.60
2008.04.16 20:47:26.906,1.0181,1.0184,0.30,1.60
2008.04.16 20:47:27.124,1.0181,1.0184,0.30,1.60
2008.04.16 20:47:27.343,1.0181,1.0184,0.30,1.60
2008.04.16 20:47:27.553,1.0181,1.0184,0.30,1.60
2008.04.16 20:47:27.761,1.0181,1.0184,0.30,1.60
2008.04.16 20:47:27.970,1.0181,1.0184,0.30,1.60
2008.04.16 20:47:28.178,1.0181,1.0184,0.30,1.60
2008.04.16 20:47:28.387,1.0181,1.0184,0.30,1.60
2008.04.16 20:47:28.610,1.0181,1.0184,0.30,1.60
2008.04.16 20:47:28.858,1.0181,1.0184,0.30,1.60
2008.04.16 20:47:29.082,1.0181,1.0184,0.30,1.60
2008.04.16 20:47:29.305,1.0181,1.0184,0.30,1.60
2008.04.16 20:47:29.529,1.0181,1.0184,0.30,1.60
2008.04.16 20:47:29.723,1.0181,1.0184,0.30,1.60
2008.04.16 20:47:29.918,1.0181,1.0184,0.30,1.60
2008.04.16 20:47:30.110,1.0181,1.0184,0.30,1.60
2008.04.16 20:47:30.304,1.0181,1.0184,0.30,1.60
2008.04.16 20:47:30.498,1.0181,1.0184,0.30,1.60
2008.04.16 20:47:30.722,1.0181,1.0184,0.30,1.60
2008.04.16 20:47:30.946,1.0181,1.0184,0.30,1.60
2008.04.16 20:47:31.169,1.0181,1.0184,0.30,1.60
2008.04.16 20:47:31.394,1.0181,1.0184,0.30,1.60
2008.04.16 20:47:31.614,1.0181,1.0184,0.30,1.60
2008.04.16 20:47:31.854,1.0181,1.0184,0.30,1.60
2008.04.16 20:47:32.072,1.0181,1.0184,0.30,1.60
2008.04.16 20:47:32.291,1.0181,1.0184,0.30,1.60
2008.04.16 20:47:32.510,1.0181,1.0184,0.30,1.60
2008.04.16 20:47:32.713,1.0181,1.0184,0.30,1.60
2008.04.16 20:47:32.917,1.0181,1.0184,0.30,1.60
2008.04.16 20:47:33.120,1.0181,1.0184,0.30,1.60
2008.04.16 20:47:33.324,1.0181,1.0184,0.30,1.60
2008.04.16 20:47:33.528,1.0181,1.0184,0.30,1.60
2008.04.16 20:47:33.746,1.0181,1.0184,0.30,1.60
2008.04.16 20:47:33.965,1.0181,1.0184,0.30,1.60
2008.04.16 20:47:34.184,1.0181,1.0184,0.30,1.60
2008.04.16 20:47:34.401,1.0181,1.0184,0.30,1.60
2008.04.16 20:47:34.633,1.0181,1.0184,0.30,1.60
2008.04.16 20:47:34.867,1.0181,1.0183,0.30,0.10
2008.04.16 20:47:35.096,1.0181,1.0184,0.30,1.60
2008.04.16 20:47:35.324,1.0181,1.0184,0.30,1.60
2008.04.16 20:47:36.710,1.0181,1.0184,0.30,1.60
2008.04.16 20:47:36.733,1.0181,1.0184,0.30,1.60
2008.04.16 20:47:36.782,1.0181,1.0184,0.30,1.60
2008.04.16 20:47:36.809,1.0181,1.0184,0.30,1.60
2008.04.16 20:47:36.874,1.0181,1.0184,0.30,1.60
2008.04.16 20:47:36.897,1.0181,1.0184,0.30,1.60
2008.04.16 20:47:36.956,1.0181,1.0184,0.30,1.60
2008.04.16 20:47:36.979,1.0181,1.0184,0.30,1.60
2008.04.16 20:47:37.042,1.0181,1.0184,0.30,1.60
2008.04.16 20:47:37.061,1.0181,1.0184,0.30,1.60
2008.04.16 20:47:37.128,1.0181,1.0184,0.30,1.60
2008.04.16 20:47:37.183,1.0181,1.0184,0.30,1.60
2008.04.16 20:47:37.209,1.0181,1.0184,0.30,1.60
2008.04.16 20:47:37.262,1.0181,1.0184,0.30,1.60
2008.04.16 20:47:37.278,1.0181,1.0184,0.30,1.60
2008.04.16 20:47:37.302,1.0181,1.0184,0.30,1.60
2008.04.16 20:47:37.357,1.0181,1.0184,0.30,1.60
2008.04.16 20:47:37.382,1.0181,1.0184,0.30,1.60
2008.04.16 20:47:37.435,1.0181,1.0184,0.30,1.60
2008.04.16 20:47:37.459,1.0181,1.0184,0.30,1.60
2008.04.16 20:47:37.518,1.0181,1.0184,0.30,1.60
2008.04.16 20:47:37.543,1.0181,1.0184,0.30,1.60
2008.04.16 20:47:37.590,1.0181,1.0184,0.30,1.60
2008.04.16 20:47:37.615,1.0181,1.0184,0.30,1.60
2008.04.16 20:47:37.669,1.0181,1.0184,0.30,1.60
2008.04.16 20:47:37.694,1.0181,1.0184,0.30,1.60
2008.04.16 20:47:37.759,1.0181,1.0184,0.30,1.60
2008.04.16 20:47:38.126,1.0181,1.0184,0.30,1.60
2008.04.16 20:47:38.435,1.0181,1.0184,0.30,1.60
2008.04.16 20:47:38.768,1.0181,1.0184,0.30,1.60
2008.04.16 20:47:38.953,1.0181,1.0184,0.30,1.60
2008.04.16 20:47:39.112,1.0181,1.0184,0.30,1.60
2008.04.16 20:47:39.270,1.0181,1.0184,0.30,1.60
2008.04.16 20:47:39.430,1.0181,1.0184,0.30,1.60
2008.04.16 20:47:39.588,1.0181,1.0184,0.30,1.60
2008.04.16 20:47:39.785,1.0181,1.0184,0.30,1.60
2008.04.16 20:47:40.073,1.0181,1.01835,0.30,0.80
2008.04.16 20:47:40.362,1.0181,1.01835,0.30,0.80
2008.04.16 20:47:40.654,1.0181,1.01835,0.30,0.80
2008.04.16 20:47:40.939,1.0181,1.01835,0.30,0.80
2008.04.16 20:47:41.127,1.0181,1.01835,0.30,0.80
2008.04.16 20:47:41.323,1.0181,1.01835,0.30,0.80
2008.04.16 20:47:41.512,1.0181,1.01835,0.30,0.80
2008.04.16 20:47:41.699,1.0181,1.01835,0.30,0.80
2008.04.16 20:47:41.888,1.0181,1.01835,0.30,0.80
2008.04.16 20:47:42.132,1.0181,1.01835,0.30,0.80
2008.04.16 20:47:42.376,1.0181,1.01835,0.30,0.80
2008.04.16 20:47:42.620,1.0181,1.01835,0.30,0.80
2008.04.16 20:47:42.863,1.0181,1.01835,0.30,0.80
2008.04.16 20:47:43.106,1.0181,1.01835,0.30,0.80
2008.04.16 20:47:43.307,1.0181,1.01835,0.30,0.80
2008.04.16 20:47:43.507,1.0181,1.01835,0.30,0.80
2008.04.16 20:47:43.751,1.0181,1.01835,0.30,0.80
2008.04.16 20:47:43.984,1.0181,1.01835,0.30,0.80
2008.04.16 20:47:44.189,1.0181,1.01835,0.30,0.80
2008.04.16 20:47:44.423,1.0181,1.01835,0.30,0.80
2008.04.16 20:47:44.689,1.0181,1.01835,0.30,0.80
2008.04.16 20:47:44.922,1.0181,1.01835,0.30,0.80
2008.04.16 20:47:45.156,1.0181,1.01835,0.30,0.80
2008.04.16 20:47:45.420,1.0181,1.01835,0.30,0.80
2008.04.16 20:47:45.653,1.0181,1.01835,0.30,0.80
2008.04.16 20:47:45.887,1.0181,1.01835,0.30,0.80
2008.04.16 20:47:46.120,1.0181,1.01835,0.30,0.80
2008.04.16 20:47:46.334,1.0181,1.01835,0.30,0.80
2008.04.16 20:47:46.549,1.0181,1.01835,0.30,0.80
2008.04.16 20:47:46.762,1.0181,1.01835,0.30,0.80
2008.04.16 20:47:46.976,1.0181,1.01835,0.30,0.80
2008.04.16 20:47:47.185,1.0181,1.01835,0.30,0.80
2008.04.16 20:47:47.394,1.0181,1.01835,0.30,0.80
2008.04.16 20:47:47.635,1.0181,1.01835,0.30,0.80
2008.04.16 20:47:47.812,1.0181,1.01835,0.30,0.80
2008.04.16 20:47:48.020,1.0181,1.01835,0.30,0.80
2008.04.16 20:47:48.235,1.0181,1.01835,0.30,0.80
2008.04.16 20:47:48.449,1.0181,1.01835,0.30,0.80
2008.04.16 20:47:48.662,1.0181,1.01835,0.30,0.80
2008.04.16 20:47:48.877,1.0181,1.01835,0.30,0.80
2008.04.16 20:47:49.111,1.0181,1.01835,0.30,0.80
2008.04.16 20:47:49.326,1.0181,1.01835,0.30,0.80
2008.04.16 20:47:49.538,1.0181,1.01835,0.30,0.80
2008.04.16 20:47:49.751,1.0181,1.01835,0.30,0.80
2008.04.16 20:47:49.966,1.0181,1.01835,0.30,0.80
2008.04.16 20:47:50.189,1.0181,1.01835,0.30,0.80
2008.04.16 20:47:50.414,1.0181,1.01835,0.30,0.80
2008.04.16 20:47:50.638,1.0181,1.01835,0.30,0.80
2008.04.16 20:47:50.861,1.0181,1.01835,0.30,0.80
2008.04.16 20:47:51.085,1.0181,1.01835,0.30,0.80
2008.04.16 20:47:51.325,1.0181,1.01835,0.30,0.80
2008.04.16 20:47:51.563,1.0181,1.01835,0.30,0.80
2008.04.16 20:47:51.802,1.0181,1.01835,0.30,0.80
2008.04.16 20:47:52.042,1.0181,1.01835,0.30,0.80
2008.04.16 20:47:52.256,1.0181,1.01835,0.30,0.80
2008.04.16 20:47:52.470,1.0181,1.01835,0.30,0.80
2008.04.16 20:47:52.684,1.0181,1.01835,0.30,0.80
2008.04.16 20:47:52.910,1.0181,1.01835,0.30,0.80
2008.04.16 20:47:53.125,1.0181,1.01835,0.30,0.80
2008.04.16 20:47:53.339,1.0181,1.01835,0.30,0.80
2008.04.16 20:47:53.552,1.0181,1.01835,0.30,0.80
2008.04.16 20:47:53.768,1.0181,1.01835,0.30,0.80
2008.04.16 20:47:53.982,1.0181,1.01835,0.30,0.80
2008.04.16 20:47:54.198,1.0181,1.01835,0.30,0.80
2008.04.16 20:47:54.446,1.0181,1.01835,0.30,0.80
2008.04.16 20:47:54.695,1.0181,1.01835,0.30,0.80
2008.04.16 20:47:54.944,1.0181,1.01835,0.30,0.80
2008.04.16 20:47:55.193,1.0181,1.01835,0.30,0.80
2008.04.16 20:47:55.436,1.0181,1.01835,0.30,0.80
2008.04.16 20:47:55.712,1.0181,1.01835,0.30,0.80
2008.04.16 20:47:55.954,1.0181,1.01835,0.30,0.80
2008.04.16 20:47:56.198,1.0181,1.01835,0.30,0.80
2008.04.16 20:47:56.423,1.0181,1.01835,0.30,0.80
2008.04.16 20:47:56.646,1.0181,1.01835,0.30,0.80
2008.04.16 20:47:56.873,1.0181,1.01835,0.30,0.80
2008.04.16 20:47:57.128,1.0181,1.01835,0.30,0.80
2008.04.16 20:47:57.330,1.0181,1.01835,0.30,0.80
2008.04.16 20:47:57.534,1.0181,1.01835,0.30,0.80
2008.04.16 20:47:57.751,1.0181,1.01835,0.30,0.80
2008.04.16 20:47:57.955,1.0181,1.01835,0.30,0.80
2008.04.16 20:47:58.170,1.0181,1.01835,0.30,0.80
2008.04.16 20:47:58.444,1.0181,1.01835,0.30,0.80
2008.04.16 20:47:58.648,1.0181,1.01835,0.30,0.80
2008.04.16 20:47:58.887,1.0181,1.01835,0.30,0.80
2008.04.16 20:47:59.168,1.0181,1.01835,0.30,0.80
2008.04.16 20:47:59.407,1.0181,1.01835,0.30,0.80
2008.04.16 20:47:59.635,1.0181,1.01835,0.30,0.80
2008.04.16 20:47:59.864,1.0181,1.01835,0.30,0.80
2008.04.16 20:48:00.093,1.0181,1.01835,0.30,0.80
2008.04.16 20:48:00.321,1.0181,1.01835,0.30,0.80
2008.04.16 20:48:00.589,1.0181,1.01835,0.30,0.80
2008.04.16 20:48:00.831,1.0181,1.01835,0.30,0.80
2008.04.16 20:48:01.070,1.0181,1.01835,0.30,0.80
2008.04.16 20:48:01.308,1.0181,1.01835,0.30,0.80
2008.04.16 20:48:01.517,1.0181,1.01835,0.30,0.80
2008.04.16 20:48:01.727,1.0181,1.01835,0.30,0.80
2008.04.16 20:48:01.938,1.0181,1.0184,0.30,0.10
2008.04.16 20:48:02.146,1.0181,1.0184,0.30,0.10
2008.04.16 20:48:02.354,1.0181,1.0184,0.30,0.10
2008.04.16 20:48:02.593,1.0181,1.0184,0.30,0.10
2008.04.16 20:48:02.832,1.0181,1.0184,0.30,0.10
2008.04.16 20:48:03.069,1.0181,1.0184,0.30,0.10
2008.04.16 20:48:03.307,1.0181,1.0184,0.30,0.10
2008.04.16 20:48:03.501,1.0181,1.0184,0.30,0.10
2008.04.16 20:48:03.724,1.0181,1.0184,0.30,0.10
2008.04.16 20:48:03.917,1.0181,1.0184,0.30,0.10
2008.04.16 20:48:04.111,1.0181,1.0184,0.30,0.10
2008.04.16 20:48:04.304,1.0181,1.0184,0.30,0.10
2008.04.16 20:48:04.537,1.0181,1.0184,0.30,0.10
2008.04.16 20:48:04.771,1.0181,1.0184,0.30,0.10
2008.04.16 20:48:05.004,1.0181,1.0184,0.30,0.10
2008.04.16 20:48:05.239,1.0181,1.0184,0.30,0.10
2008.04.16 20:48:05.474,1.0181,1.0184,0.30,0.10
2008.04.16 20:48:05.678,1.0181,1.0184,0.30,0.10
2008.04.16 20:48:05.880,1.0181,1.0184,0.30,0.10
2008.04.16 20:48:06.085,1.0181,1.0183,0.30,0.10
2008.04.16 20:48:06.290,1.0181,1.0183,0.30,0.10
2008.04.16 20:48:06.533,1.0181,1.0183,0.30,0.10
2008.04.16 20:48:06.777,1.0181,1.0183,0.30,0.10
2008.04.16 20:48:07.021,1.0181,1.0183,0.30,0.10
2008.04.16 20:48:07.295,1.0181,1.0183,0.30,0.10
2008.04.16 20:48:07.539,1.0181,1.0183,0.30,0.10
2008.04.16 20:48:07.728,1.0181,1.0183,0.30,0.10
2008.04.16 20:48:07.917,1.0181,1.0183,0.30,0.10
2008.04.16 20:48:08.105,1.0181,1.0183,0.30,0.10
2008.04.16 20:48:08.294,1.0181,1.0183,0.30,0.10
2008.04.16 20:48:08.483,1.0181,1.0183,0.30,0.10
2008.04.16 20:48:08.791,1.0181,1.0183,0.30,0.10
2008.04.16 20:48:09.074,1.0181,1.0183,0.30,0.10
2008.04.16 20:48:09.357,1.0181,1.0183,0.30,0.10
2008.04.16 20:48:09.560,1.0181,1.0183,0.30,0.10
2008.04.16 20:48:09.763,1.0181,1.0183,0.30,0.10
2008.04.16 20:48:09.967,1.0181,1.0183,0.30,0.10
2008.04.16 20:48:10.200,1.0181,1.0183,0.30,0.10
2008.04.16 20:48:10.403,1.0181,1.0183,0.30,0.10
2008.04.16 20:48:10.647,1.0181,1.0183,0.30,0.10
2008.04.16 20:48:10.891,1.0181,1.0183,0.30,0.10
2008.04.16 20:48:11.136,1.0181,1.0183,0.30,0.10
2008.04.16 20:48:11.394,1.0181,1.0183,0.30,0.10
2008.04.16 20:48:11.598,1.0181,1.0183,0.30,0.10
2008.04.16 20:48:11.803,1.0181,1.0183,0.30,0.10
2008.04.16 20:48:12.008,1.0181,1.0183,0.30,0.10
2008.04.16 20:48:12.210,1.0181,1.0183,0.30,0.10
2008.04.16 20:48:12.413,1.0181,1.0183,0.30,0.10
2008.04.16 20:48:12.627,1.0181,1.0183,0.30,0.10
2008.04.16 20:48:12.867,1.0181,1.0183,0.30,0.10
2008.04.16 20:48:13.083,1.0181,1.0183,0.30,0.10
2008.04.16 20:48:13.296,1.0181,1.0183,0.30,0.10
2008.04.16 20:48:13.511,1.0181,1.0183,0.30,0.10
2008.04.16 20:48:13.761,1.0181,1.0183,0.30,0.10
2008.04.16 20:48:14.010,1.0181,1.0183,0.30,0.10
2008.04.16 20:48:14.260,1.0181,1.0183,0.30,0.10
2008.04.16 20:48:14.510,1.0182,1.0185,0.30,0.10
2008.04.16 20:48:14.754,1.0182,1.0185,0.30,0.10
2008.04.16 20:48:15.032,1.0182,1.0185,0.30,0.10
2008.04.16 20:48:15.243,1.0182,1.0185,0.30,0.10
2008.04.16 20:48:15.488,1.0182,1.0185,0.30,0.10
2008.04.16 20:48:15.727,1.0182,1.0185,0.30,0.10
2008.04.16 20:48:15.965,1.0182,1.0185,0.30,0.10
2008.04.16 20:48:16.204,1.0182,1.0185,0.30,0.10
2008.04.16 20:48:16.444,1.0182,1.0185,0.30,0.10
2008.04.16 20:48:16.694,1.0182,1.0185,0.30,0.10
2008.04.16 20:48:16.943,1.0182,1.0185,0.30,0.10
2008.04.16 20:48:17.222,1.0182,1.0185,0.30,0.10
2008.04.16 20:48:17.471,1.0182,1.0185,0.30,0.10
2008.04.16 20:48:17.745,1.0182,1.0185,0.30,0.10
2008.04.16 20:48:18.019,1.0182,1.0185,0.30,0.10
2008.04.16 20:48:18.294,1.0182,1.0184,0.30,0.10
2008.04.16 20:48:18.575,1.0182,1.0184,0.30,0.10
2008.04.16 20:48:18.785,1.0182,1.0184,0.30,0.10
2008.04.16 20:48:18.993,1.0182,1.0184,0.30,0.10
2008.04.16 20:48:19.201,1.0182,1.0184,0.30,0.10
2008.04.16 20:48:19.409,1.0182,1.0184,0.30,0.10
2008.04.16 20:48:19.618,1.0182,1.0184,0.30,0.10
2008.04.16 20:48:19.902,1.0182,1.0184,0.30,0.10
2008.04.16 20:48:20.185,1.0182,1.0184,0.30,0.10
2008.04.16 20:48:20.468,1.0182,1.0184,0.30,0.10
2008.04.16 20:48:20.751,1.0182,1.0184,0.30,0.10
2008.04.16 20:48:20.973,1.0182,1.0184,0.30,0.10
2008.04.16 20:48:21.162,1.0182,1.0184,0.30,0.10
2008.04.16 20:48:21.351,1.0182,1.0184,0.30,0.10
2008.04.16 20:48:21.573,1.0182,1.0184,0.30,0.10
2008.04.16 20:48:21.729,1.0182,1.0184,0.30,0.10
2008.04.16 20:48:21.983,1.018,1.0184,0.30,0.10
2008.04.16 20:48:22.249,1.018,1.0184,0.30,0.10
2008.04.16 20:48:22.502,1.018,1.0184,0.30,0.10
2008.04.16 20:48:22.756,1.018,1.0184,0.30,0.10
2008.04.16 20:48:23.031,1.018,1.0184,0.30,0.10
2008.04.16 20:48:23.239,1.0181,1.0184,0.30,0.10
2008.04.16 20:48:23.449,1.0181,1.0184,0.30,0.10
2008.04.16 20:48:23.689,1.0181,1.0184,0.30,0.10
2008.04.16 20:48:23.897,1.0181,1.0184,0.30,0.10
2008.04.16 20:48:24.142,1.0181,1.0184,0.30,0.10
2008.04.16 20:48:24.387,1.0181,1.0184,0.30,0.10
2008.04.16 20:48:24.629,1.0181,1.0184,0.30,0.10
2008.04.16 20:48:24.874,1.0181,1.0184,0.30,0.10
2008.04.16 20:48:25.118,1.0181,1.0184,0.30,0.10
2008.04.16 20:48:25.330,1.0181,1.0184,0.30,0.10
2008.04.16 20:48:25.543,1.0181,1.0184,0.30,0.10
2008.04.16 20:48:25.757,1.0181,1.0184,0.30,0.10
2008.04.16 20:48:25.971,1.0181,1.0184,0.30,0.10
2008.04.16 20:48:26.190,1.0181,1.0184,0.30,0.10
2008.04.16 20:48:26.409,1.0181,1.0184,0.30,0.10
2008.04.16 20:48:26.630,1.0181,1.0184,0.30,0.10
2008.04.16 20:48:26.849,1.0181,1.0184,0.30,0.10
2008.04.16 20:48:27.068,1.0181,1.0184,0.30,0.10
2008.04.16 20:48:27.325,1.0181,1.0184,0.30,0.10
2008.04.16 20:48:27.553,1.0181,1.0184,0.30,0.10
2008.04.16 20:48:27.783,1.0181,1.0184,0.30,0.10
2008.04.16 20:48:28.013,1.018,1.0184,0.30,0.10
2008.04.16 20:48:28.227,1.018,1.0184,0.30,0.10
2008.04.16 20:48:28.440,1.018,1.0184,0.30,0.80
2008.04.16 20:48:28.654,1.018,1.0183,0.30,0.10
2008.04.16 20:48:28.870,1.0179,1.0183,0.30,0.10
2008.04.16 20:48:29.084,1.0179,1.0183,0.30,0.10
2008.04.16 20:48:29.299,1.0179,1.0182,0.30,0.10
2008.04.16 20:48:29.558,1.0179,1.0182,0.30,0.10
2008.04.16 20:48:29.818,1.0179,1.0182,0.30,0.10
2008.04.16 20:48:30.103,1.0179,1.0183,0.30,0.10
2008.04.16 20:48:30.324,1.0179,1.0183,0.30,0.10
2008.04.16 20:48:30.540,1.0179,1.0183,0.30,0.10
2008.04.16 20:48:30.759,1.0179,1.0183,0.30,0.10
2008.04.16 20:48:31.010,1.0179,1.0183,0.30,0.10
2008.04.16 20:48:31.235,1.018,1.0183,0.30,0.10
2008.04.16 20:48:31.546,1.018,1.0184,0.30,0.10
2008.04.16 20:48:31.854,1.018,1.0184,0.30,0.10
2008.04.16 20:48:32.102,1.018,1.0184,0.30,0.10
2008.04.16 20:48:32.380,1.018,1.0184,0.30,0.10
2008.04.16 20:48:32.603,1.018,1.0184,0.30,0.10
2008.04.16 20:48:32.827,1.018,1.0184,0.30,0.10
2008.04.16 20:48:33.050,1.018,1.0184,0.30,0.10
2008.04.16 20:48:33.274,1.018,1.0184,0.30,0.10
2008.04.16 20:48:33.538,1.018,1.0184,0.30,0.10
2008.04.16 20:48:33.801,1.018,1.0184,0.30,0.10
2008.04.16 20:48:34.065,1.018,1.0184,0.30,0.10
2008.04.16 20:48:34.329,1.018,1.0184,0.30,0.10
2008.04.16 20:48:34.512,1.018,1.0184,0.30,0.10
2008.04.16 20:48:34.696,1.018,1.0184,0.30,0.10
2008.04.16 20:48:34.880,1.018,1.0184,0.30,0.10
2008.04.16 20:48:35.063,1.018,1.0184,0.30,0.10
2008.04.16 20:48:35.247,1.018,1.0184,0.30,0.10
2008.04.16 20:48:35.455,1.018,1.0184,0.30,0.10
2008.04.16 20:48:35.664,1.018,1.0184,0.30,0.10
2008.04.16 20:48:35.873,1.018,1.0184,1.80,0.10
2008.04.16 20:48:36.082,1.018,1.0184,1.80,0.10
2008.04.16 20:48:36.290,1.018,1.0184,1.80,0.10
2008.04.16 20:48:36.559,1.018,1.0184,1.80,0.10
2008.04.16 20:48:36.815,1.018,1.0184,1.80,0.10
2008.04.16 20:48:37.069,1.018,1.0184,1.80,0.10
2008.04.16 20:48:37.323,1.018,1.0184,1.80,0.10
2008.04.16 20:48:37.533,1.018,1.0184,1.80,0.10
2008.04.16 20:48:37.742,1.018,1.0184,1.80,0.10
2008.04.16 20:48:37.980,1.018,1.0184,1.80,0.10
2008.04.16 20:48:38.188,1.018,1.0184,1.80,0.10
2008.04.16 20:48:38.397,1.018,1.0184,1.80,0.10
2008.04.16 20:48:38.634,1.018,1.0184,1.80,0.10
2008.04.16 20:48:38.872,1.018,1.0184,1.80,0.10
2008.04.16 20:48:39.111,1.018,1.0184,1.80,0.10
2008.04.16 20:48:39.349,1.018,1.0184,1.80,0.10
2008.04.16 20:48:39.599,1.018,1.0184,1.80,0.10
2008.04.16 20:48:39.847,1.01805,1.0184,0.80,0.10
2008.04.16 20:48:40.097,1.01805,1.0184,0.80,0.10
2008.04.16 20:48:40.346,1.018,1.0184,0.30,0.10
2008.04.16 20:48:40.575,1.018,1.0184,0.30,0.10
2008.04.16 20:48:40.803,1.018,1.0184,0.30,0.10
2008.04.16 20:48:41.031,1.018,1.0184,0.30,0.10
2008.04.16 20:48:41.260,1.018,1.0184,0.30,0.10
2008.04.16 20:48:41.488,1.018,1.0184,0.30,0.10
2008.04.16 20:48:41.711,1.018,1.0184,0.30,0.10
2008.04.16 20:48:41.935,1.018,1.0184,0.30,0.10
2008.04.16 20:48:42.159,1.018,1.0184,0.30,0.10
2008.04.16 20:48:42.382,1.018,1.0184,0.30,0.10
2008.04.16 20:48:42.586,1.018,1.0184,0.30,0.10
2008.04.16 20:48:42.791,1.018,1.0184,0.30,0.10
2008.04.16 20:48:42.994,1.018,1.0184,0.30,0.10
2008.04.16 20:48:43.198,1.018,1.0184,0.30,0.10
2008.04.16 20:48:43.401,1.018,1.0184,0.30,0.10
2008.04.16 20:48:43.613,1.018,1.0184,0.30,0.10
2008.04.16 20:48:43.837,1.018,1.0184,0.30,0.10
2008.04.16 20:48:44.060,1.018,1.0184,0.30,0.10
2008.04.16 20:48:44.283,1.018,1.0184,0.30,0.10
2008.04.16 20:48:44.507,1.018,1.0184,0.30,0.10
2008.04.16 20:48:44.705,1.018,1.0184,0.30,0.10
2008.04.16 20:48:44.904,1.018,1.0184,0.30,0.10
2008.04.16 20:48:45.115,1.018,1.0183,0.30,0.10
2008.04.16 20:48:45.313,1.018,1.0183,0.30,0.10
2008.04.16 20:48:45.513,1.018,1.0183,0.30,0.10
2008.04.16 20:48:45.752,1.018,1.0183,0.30,0.10
2008.04.16 20:48:45.992,1.018,1.0183,0.30,0.10
2008.04.16 20:48:46.263,1.018,1.0183,0.30,0.10
2008.04.16 20:48:46.502,1.018,1.0183,0.30,0.10
2008.04.16 20:48:46.696,1.018,1.0183,0.30,0.10
2008.04.16 20:48:46.889,1.018,1.0183,0.30,0.10
2008.04.16 20:48:47.084,1.018,1.0183,0.30,0.10
2008.04.16 20:48:47.277,1.018,1.0183,0.30,0.10
2008.04.16 20:48:47.472,1.018,1.0183,0.30,0.10
2008.04.16 20:48:47.700,1.018,1.0183,0.30,0.10
2008.04.16 20:48:47.928,1.018,1.0183,0.30,0.10
2008.04.16 20:48:48.158,1.0181,1.0183,0.30,0.10
2008.04.16 20:48:48.388,1.0181,1.0183,0.30,0.10
2008.04.16 20:48:48.617,1.0181,1.0183,0.30,0.10
2008.04.16 20:48:48.841,1.0181,1.0183,0.30,0.10
2008.04.16 20:48:49.095,1.0181,1.0183,0.30,0.10
2008.04.16 20:48:49.319,1.0181,1.0183,0.30,0.10
2008.04.16 20:48:49.542,1.0181,1.0183,0.30,0.10
2008.04.16 20:48:49.771,1.0181,1.0183,0.30,0.10
2008.04.16 20:48:50.000,1.0181,1.0183,0.30,0.10
2008.04.16 20:48:50.232,1.0181,1.0183,0.30,0.10
2008.04.16 20:48:50.458,1.0181,1.0183,0.30,0.10
2008.04.16 20:48:50.687,1.0181,1.0183,0.30,0.10
2008.04.16 20:48:50.946,1.0181,1.0183,0.30,0.10
2008.04.16 20:48:51.205,1.0181,1.0183,0.30,0.10
2008.04.16 20:48:51.465,1.0181,1.0183,0.30,0.10
2008.04.16 20:48:51.724,1.0181,1.0183,0.30,0.10
2008.04.16 20:48:51.923,1.0181,1.0183,0.30,0.10
2008.04.16 20:48:52.123,1.0181,1.0183,0.30,0.10
2008.04.16 20:48:52.322,1.0181,1.0183,0.30,0.10
2008.04.16 20:48:52.522,1.0179,1.0183,0.30,0.10
2008.04.16 20:48:52.748,1.0179,1.0183,0.30,0.10
2008.04.16 20:48:52.981,1.0179,1.0183,0.30,0.10
2008.04.16 20:48:53.216,1.0179,1.0183,0.30,0.10
2008.04.16 20:48:53.479,1.0179,1.0183,0.30,0.10
2008.04.16 20:48:53.713,1.0179,1.0183,0.30,0.10
2008.04.16 20:48:53.932,1.0179,1.0183,0.30,0.10
2008.04.16 20:48:54.150,1.0179,1.0183,0.30,0.10
2008.04.16 20:48:54.368,1.0179,1.0183,0.30,0.10
2008.04.16 20:48:54.587,1.0179,1.0183,0.30,0.10
2008.04.16 20:48:54.850,1.0179,1.0183,0.30,0.10
2008.04.16 20:48:55.097,1.018,1.0183,0.30,0.10
2008.04.16 20:48:55.346,1.018,1.0185,0.30,2.20
2008.04.16 20:48:55.594,1.018,1.0185,0.30,2.20
2008.04.16 20:48:55.843,1.018,1.0185,0.30,2.20
2008.04.16 20:48:56.035,1.018,1.0185,0.30,2.20
2008.04.16 20:48:56.255,1.018,1.0185,0.30,2.20
2008.04.16 20:48:56.448,1.018,1.0185,0.30,2.20
2008.04.16 20:48:56.642,1.018,1.0185,0.30,2.20
2008.04.16 20:48:56.890,1.018,1.0185,0.30,2.20
2008.04.16 20:48:57.139,1.018,1.0185,0.30,2.20
2008.04.16 20:48:57.388,1.018,1.0185,1.30,2.00
2008.04.16 20:48:57.638,1.018,1.0185,3.70,0.10
2008.04.16 20:48:57.848,1.018,1.0183,3.70,0.10
2008.04.16 20:48:58.056,1.018,1.0183,3.40,0.10
2008.04.16 20:48:58.296,1.018,1.0183,3.40,0.10
2008.04.16 20:48:58.505,1.018,1.0183,3.40,0.10
2008.04.16 20:48:58.715,1.018,1.0183,3.40,0.10
2008.04.16 20:48:59.012,1.018,1.0183,3.40,0.10
2008.04.16 20:48:59.272,1.018,1.0183,3.40,0.10
2008.04.16 20:48:59.530,1.018,1.0183,3.40,0.10
2008.04.16 20:48:59.820,1.018,1.0183,3.40,0.10
2008.04.16 20:49:00.047,1.018,1.0183,3.40,0.10
2008.04.16 20:49:00.235,1.018,1.0183,3.40,0.10
2008.04.16 20:49:00.432,1.018,1.0183,3.40,0.10
2008.04.16 20:49:00.620,1.018,1.0183,3.40,0.10
2008.04.16 20:49:00.813,1.018,1.0183,3.40,0.10
2008.04.16 20:49:01.062,1.018,1.0183,3.40,0.10
2008.04.16 20:49:01.311,1.018,1.0183,3.40,0.10
2008.04.16 20:49:01.560,1.018,1.0183,3.40,0.10
2008.04.16 20:49:01.810,1.018,1.0183,3.40,0.10
2008.04.16 20:49:02.088,1.018,1.0183,3.40,0.10
2008.04.16 20:49:02.281,1.018,1.0183,3.40,0.10
2008.04.16 20:49:02.474,1.018,1.0183,3.40,0.10
2008.04.16 20:49:02.668,1.018,1.0183,3.40,0.10
2008.04.16 20:49:02.892,1.018,1.0183,3.40,0.10
2008.04.16 20:49:03.129,1.018,1.0183,3.40,0.10
2008.04.16 20:49:03.358,1.018,1.0183,3.40,0.10
2008.04.16 20:49:03.624,1.018,1.0183,3.40,0.10
2008.04.16 20:49:03.857,1.018,1.0183,3.40,0.10
2008.04.16 20:49:04.091,1.018,1.0183,3.40,0.10
2008.04.16 20:49:04.319,1.018,1.0183,3.40,0.10
2008.04.16 20:49:04.528,1.018,1.0183,3.40,0.10
2008.04.16 20:49:04.736,1.018,1.0183,3.40,0.10
2008.04.16 20:49:04.979,1.018,1.0183,3.40,0.10
2008.04.16 20:49:05.188,1.018,1.0183,3.40,0.10
2008.04.16 20:49:05.430,1.018,1.0183,3.40,0.10
2008.04.16 20:49:05.674,1.018,1.0183,3.40,0.10
2008.04.16 20:49:05.921,1.018,1.0183,3.40,0.10
2008.04.16 20:49:06.156,1.0181,1.0183,0.30,0.10
2008.04.16 20:49:06.352,1.0181,1.0183,0.30,0.10
2008.04.16 20:49:06.550,1.0181,1.0183,0.30,0.10
2008.04.16 20:49:06.748,1.0181,1.0183,0.30,0.10
2008.04.16 20:49:06.947,1.0181,1.0183,0.30,0.10
2008.04.16 20:49:07.235,1.0181,1.0183,0.30,0.10
2008.04.16 20:49:07.525,1.0181,1.0183,0.30,0.10
2008.04.16 20:49:07.815,1.0181,1.0183,0.30,0.10
2008.04.16 20:49:08.135,1.0181,1.0183,0.30,0.10
2008.04.16 20:49:08.312,1.0181,1.0183,0.30,0.10
2008.04.16 20:49:08.526,1.0181,1.0183,0.30,0.10
2008.04.16 20:49:08.735,1.0181,1.0183,0.30,0.10
2008.04.16 20:49:08.943,1.0181,1.0183,0.30,0.10
2008.04.16 20:49:09.153,1.0181,1.0183,0.30,0.10
2008.04.16 20:49:09.381,1.0181,1.0183,0.30,0.10
2008.04.16 20:49:09.610,1.0181,1.0183,0.30,0.10
2008.04.16 20:49:09.862,1.0181,1.0183,0.30,0.10
2008.04.16 20:49:10.091,1.0181,1.0183,0.30,0.10
2008.04.16 20:49:10.311,1.01805,1.0183,0.80,0.10
2008.04.16 20:49:10.530,1.01805,1.0183,0.80,0.10
2008.04.16 20:49:10.749,1.01805,1.0183,0.80,0.10
2008.04.16 20:49:10.966,1.01805,1.0183,0.80,0.10
2008.04.16 20:49:11.215,1.01805,1.0183,0.80,0.10
2008.04.16 20:49:11.430,1.01805,1.0183,0.80,0.10
2008.04.16 20:49:11.643,1.018,1.0183,0.30,0.10
2008.04.16 20:49:11.857,1.018,1.0183,0.30,0.10
2008.04.16 20:49:12.070,1.018,1.0183,0.30,0.10
2008.04.16 20:49:12.285,1.0181,1.0183,0.30,0.10
2008.04.16 20:49:12.530,1.0181,1.0183,0.30,0.10
2008.04.16 20:49:12.759,1.0181,1.0183,0.30,0.10
2008.04.16 20:49:12.988,1.0181,1.0183,0.30,0.10
2008.04.16 20:49:13.217,1.0181,1.0183,0.30,0.10
2008.04.16 20:49:13.493,1.0181,1.0183,0.30,0.10
2008.04.16 20:49:13.744,1.0181,1.0183,0.30,0.10
2008.04.16 20:49:13.994,1.0181,1.0183,0.30,0.10
2008.04.16 20:49:14.245,1.0181,1.0183,0.30,0.10
2008.04.16 20:49:14.454,1.0181,1.0183,0.30,0.10
2008.04.16 20:49:14.665,1.0181,1.0183,0.30,0.10
2008.04.16 20:49:14.874,1.0181,1.0183,0.30,0.10
2008.04.16 20:49:15.083,1.0181,1.0183,0.30,0.10
2008.04.16 20:49:15.293,1.0181,1.0183,0.30,0.10
2008.04.16 20:49:15.521,1.0181,1.0183,0.30,0.10
2008.04.16 20:49:15.750,1.0181,1.0183,0.30,0.10
2008.04.16 20:49:16.010,1.0181,1.0183,0.30,0.10
2008.04.16 20:49:16.237,1.0181,1.0183,0.30,0.10
2008.04.16 20:49:16.437,1.0181,1.0183,0.30,0.10
2008.04.16 20:49:16.636,1.0181,1.0183,0.30,0.10
2008.04.16 20:49:16.835,1.0181,1.0183,0.30,0.10
2008.04.16 20:49:17.034,1.0181,1.0183,0.30,0.10
2008.04.16 20:49:17.232,1.0181,1.0183,0.30,0.10
2008.04.16 20:49:17.470,1.0181,1.0183,0.30,0.10
2008.04.16 20:49:17.709,1.0181,1.0183,0.30,0.10
2008.04.16 20:49:17.948,1.0181,1.0183,0.30,0.10
2008.04.16 20:49:18.185,1.0181,1.0183,0.30,0.10
2008.04.16 20:49:18.424,1.0181,1.0183,0.30,0.10
2008.04.16 20:49:18.641,1.0181,1.0183,0.30,0.10
2008.04.16 20:49:18.873,1.0181,1.0183,0.30,0.10
2008.04.16 20:49:19.092,1.0181,1.0183,0.30,0.10
2008.04.16 20:49:19.311,1.0181,1.0183,0.30,0.10
2008.04.16 20:49:19.535,1.0181,1.0183,0.30,0.10
2008.04.16 20:49:19.759,1.0181,1.0183,0.30,0.10
2008.04.16 20:49:20.009,1.0181,1.0183,0.30,0.10
2008.04.16 20:49:20.234,1.0181,1.0183,0.30,0.10
2008.04.16 20:49:20.459,1.0181,1.0183,0.30,0.10
2008.04.16 20:49:20.667,1.0181,1.0183,0.30,0.10
2008.04.16 20:49:20.876,1.0181,1.0183,0.30,0.10
2008.04.16 20:49:21.086,1.0181,1.0183,0.30,0.10
2008.04.16 20:49:21.295,1.0181,1.0183,0.30,0.10
2008.04.16 20:49:21.504,1.0181,1.0183,0.30,0.10
2008.04.16 20:49:21.780,1.0181,1.0183,0.30,0.10
2008.04.16 20:49:22.024,1.0181,1.0183,0.30,0.10
2008.04.16 20:49:22.267,1.0181,1.0183,0.30,0.10
2008.04.16 20:49:22.512,1.0181,1.0183,0.30,0.10
2008.04.16 20:49:22.705,1.0181,1.0183,0.30,0.10
2008.04.16 20:49:22.902,1.0181,1.0183,0.30,0.10
2008.04.16 20:49:23.096,1.0181,1.0183,0.30,0.10
2008.04.16 20:49:23.290,1.0181,1.0183,0.30,0.10
2008.04.16 20:49:23.483,1.0181,1.0183,0.30,0.10
2008.04.16 20:49:23.722,1.0181,1.0183,0.30,0.10
2008.04.16 20:49:23.961,1.0181,1.0183,0.30,0.10
2008.04.16 20:49:24.200,1.0181,1.0183,0.30,0.10
2008.04.16 20:49:24.438,1.0181,1.0183,0.30,0.10
2008.04.16 20:49:24.643,1.0181,1.0183,0.30,0.10
2008.04.16 20:49:24.847,1.0181,1.0183,0.30,0.10
2008.04.16 20:49:25.051,1.0181,1.0183,0.30,0.10
2008.04.16 20:49:25.256,1.0181,1.0183,0.30,0.10
2008.04.16 20:49:25.461,1.0181,1.0183,0.30,0.10
2008.04.16 20:49:25.680,1.0181,1.0183,0.30,0.10
2008.04.16 20:49:25.899,1.0181,1.0183,0.30,0.10
2008.04.16 20:49:26.117,1.0181,1.0183,0.30,0.10
2008.04.16 20:49:26.336,1.0181,1.0183,0.30,0.10
2008.04.16 20:49:26.554,1.0181,1.0183,0.30,0.10
2008.04.16 20:49:26.820,1.0181,1.0183,0.30,0.10
2008.04.16 20:49:27.070,1.0181,1.0183,0.30,0.10
2008.04.16 20:49:27.321,1.0181,1.0183,0.30,0.10
2008.04.16 20:49:27.567,1.0181,1.0183,0.30,0.10
2008.04.16 20:49:27.765,1.0181,1.0183,0.30,0.10
2008.04.16 20:49:27.964,1.0181,1.0183,0.30,0.10
2008.04.16 20:49:28.162,1.0181,1.0183,0.30,0.10
2008.04.16 20:49:28.361,1.0181,1.0183,0.30,0.10
2008.04.16 20:49:28.592,1.0181,1.0183,0.30,0.10
2008.04.16 20:49:28.759,1.0181,1.0183,0.30,0.10
2008.04.16 20:49:29.008,1.0181,1.0183,0.30,0.10
2008.04.16 20:49:29.287,1.0181,1.0183,0.30,0.10
2008.04.16 20:49:29.536,1.0181,1.0183,0.30,0.10
2008.04.16 20:49:29.785,1.0181,1.0183,0.30,0.10
2008.04.16 20:49:29.999,1.0181,1.0183,0.30,0.10
2008.04.16 20:49:30.213,1.0181,1.0183,0.30,0.10
2008.04.16 20:49:30.428,1.0181,1.0183,0.30,0.10
2008.04.16 20:49:30.642,1.0179,1.0183,0.30,0.10
2008.04.16 20:49:30.891,1.0179,1.0183,0.30,0.10
2008.04.16 20:49:31.139,1.0179,1.0183,0.30,0.10
2008.04.16 20:49:31.388,1.0179,1.0183,0.30,0.10
2008.04.16 20:49:31.636,1.0179,1.0183,0.30,0.10
2008.04.16 20:49:31.884,1.0179,1.0183,0.30,0.10
2008.04.16 20:49:32.128,1.0179,1.0183,0.30,0.10
2008.04.16 20:49:32.360,1.0179,1.0183,0.30,0.10
2008.04.16 20:49:32.526,1.0179,1.0183,0.30,0.10
2008.04.16 20:49:32.739,1.0179,1.0183,0.30,0.10
2008.04.16 20:49:32.994,1.0179,1.0183,0.30,0.10
2008.04.16 20:49:33.248,1.0179,1.0183,0.30,0.10
2008.04.16 20:49:33.501,1.0179,1.0183,0.30,0.10
2008.04.16 20:49:33.755,1.0179,1.0183,0.30,0.10
2008.04.16 20:49:33.964,1.0179,1.0183,0.30,0.10
2008.04.16 20:49:34.173,1.0179,1.0183,0.30,0.10
2008.04.16 20:49:34.381,1.0179,1.0183,0.30,0.10
2008.04.16 20:49:34.605,1.0179,1.0183,0.30,0.10
2008.04.16 20:49:34.813,1.0179,1.0183,0.30,0.10
2008.04.16 20:49:35.066,1.0179,1.0183,0.30,0.10
2008.04.16 20:49:35.321,1.0179,1.0183,0.30,0.10
2008.04.16 20:49:35.577,1.0179,1.0183,0.30,0.10
2008.04.16 20:49:35.830,1.0179,1.0183,0.30,0.10
2008.04.16 20:49:36.078,1.0179,1.0183,0.30,0.10
2008.04.16 20:49:36.296,1.0179,1.0183,0.30,0.10
2008.04.16 20:49:36.515,1.0179,1.0183,0.30,0.10
2008.04.16 20:49:36.734,1.0179,1.0183,0.30,0.10
2008.04.16 20:49:36.952,1.0179,1.0183,0.30,0.10
2008.04.16 20:49:37.187,1.0179,1.0183,0.30,0.10
2008.04.16 20:49:37.420,1.0179,1.0183,0.30,0.10
2008.04.16 20:49:37.653,1.0179,1.0183,0.30,0.10
2008.04.16 20:49:37.886,1.0179,1.0183,0.30,0.10
2008.04.16 20:49:38.143,1.0179,1.0183,0.30,0.10
2008.04.16 20:49:38.330,1.0179,1.0183,0.30,0.10
2008.04.16 20:49:38.548,1.0179,1.0183,0.30,0.10
2008.04.16 20:49:38.767,1.0179,1.0183,0.30,0.10
2008.04.16 20:49:38.986,1.0179,1.0183,0.30,0.10
2008.04.16 20:49:39.224,1.0179,1.0183,0.30,0.10
2008.04.16 20:49:39.463,1.0179,1.0183,0.30,0.10
2008.04.16 20:49:39.701,1.0179,1.0183,0.30,0.10
2008.04.16 20:49:39.941,1.0179,1.0183,0.30,0.10
2008.04.16 20:49:40.145,1.0179,1.0183,0.30,0.10
2008.04.16 20:49:40.348,1.0179,1.0183,0.30,0.10
2008.04.16 20:49:40.553,1.0179,1.0183,0.30,0.10
2008.04.16 20:49:40.756,1.0179,1.0183,0.30,0.10
2008.04.16 20:49:40.978,1.0179,1.0183,0.30,0.10
2008.04.16 20:49:41.211,1.0179,1.0183,0.30,0.10
2008.04.16 20:49:41.445,1.0179,1.0183,0.30,0.10
2008.04.16 20:49:41.678,1.0179,1.0183,0.30,0.10
2008.04.16 20:49:41.912,1.0179,1.0183,0.30,0.10
2008.04.16 20:49:42.130,1.0179,1.0183,0.30,0.10
2008.04.16 20:49:42.349,1.0179,1.0183,0.30,0.10
2008.04.16 20:49:42.569,1.0179,1.0183,0.30,0.10
2008.04.16 20:49:42.824,1.0179,1.0183,0.30,0.10
2008.04.16 20:49:43.041,1.0179,1.0183,0.30,0.10
2008.04.16 20:49:43.270,1.0179,1.0183,0.30,0.10
2008.04.16 20:49:43.498,1.0179,1.0183,0.30,0.10
2008.04.16 20:49:43.726,1.0179,1.0183,0.30,0.10
2008.04.16 20:49:43.985,1.0179,1.0183,0.30,0.10
2008.04.16 20:49:44.148,1.0179,1.0183,0.30,0.10
2008.04.16 20:49:44.356,1.0179,1.0183,0.30,0.10
2008.04.16 20:49:44.550,1.0179,1.0183,0.30,0.10
2008.04.16 20:49:44.744,1.0179,1.0183,0.30,0.10
2008.04.16 20:49:44.970,1.0179,1.0183,0.30,0.10
2008.04.16 20:49:45.225,1.0179,1.0183,0.30,0.10
2008.04.16 20:49:45.478,1.0179,1.0183,0.30,0.10
2008.04.16 20:49:45.731,1.0179,1.0183,0.30,0.10
2008.04.16 20:49:45.985,1.0179,1.0183,0.30,0.10
2008.04.16 20:49:46.204,1.0179,1.0183,0.30,0.10
2008.04.16 20:49:46.422,1.0179,1.0183,0.30,0.10
2008.04.16 20:49:46.670,1.0179,1.0183,0.30,0.10
2008.04.16 20:49:46.860,1.0179,1.0183,0.30,0.10
2008.04.16 20:49:47.079,1.0179,1.0183,0.30,0.10
2008.04.16 20:49:47.327,1.0179,1.0183,0.30,0.10
2008.04.16 20:49:47.575,1.0179,1.0183,0.30,0.10
2008.04.16 20:49:47.829,1.0179,1.0183,0.30,0.10
2008.04.16 20:49:48.078,1.0179,1.0183,0.30,0.10
2008.04.16 20:49:48.286,1.0179,1.0183,0.30,0.10
2008.04.16 20:49:48.495,1.0179,1.0183,0.30,0.10
2008.04.16 20:49:48.703,1.0179,1.0183,0.30,0.10
2008.04.16 20:49:48.912,1.0179,1.0183,0.30,0.10
2008.04.16 20:49:49.120,1.0179,1.0183,0.30,0.10
2008.04.16 20:49:49.344,1.0179,1.0183,0.30,0.10
2008.04.16 20:49:49.567,1.0179,1.0183,0.30,0.10
2008.04.16 20:49:49.791,1.0179,1.0183,0.30,0.10
2008.04.16 20:49:50.018,1.0179,1.0183,0.30,0.10
2008.04.16 20:49:50.221,1.0179,1.0183,1.80,0.10
2008.04.16 20:49:50.427,1.018,1.0183,0.30,0.10
2008.04.16 20:49:50.663,1.018,1.0183,0.30,0.10
2008.04.16 20:49:50.868,1.018,1.0183,0.30,0.10
2008.04.16 20:49:51.072,1.018,1.0183,0.30,0.10
2008.04.16 20:49:51.306,1.018,1.0183,0.30,0.10
2008.04.16 20:49:51.541,1.018,1.0183,0.30,0.10
2008.04.16 20:49:51.774,1.018,1.0183,0.30,0.10
2008.04.16 20:49:52.008,1.018,1.0183,0.30,0.10
2008.04.16 20:49:52.222,1.018,1.0183,0.30,0.10
2008.04.16 20:49:52.466,1.018,1.0183,0.30,0.10
2008.04.16 20:49:52.650,1.018,1.0183,0.30,0.10
2008.04.16 20:49:52.862,1.018,1.0183,0.30,0.10
2008.04.16 20:49:53.075,1.018,1.0183,0.30,0.10
2008.04.16 20:49:53.293,1.018,1.0183,0.30,0.10
2008.04.16 20:49:53.532,1.018,1.0183,0.30,0.10
2008.04.16 20:49:53.751,1.018,1.0183,0.30,0.10
2008.04.16 20:49:53.970,1.018,1.0183,0.30,0.10
2008.04.16 20:49:54.190,1.018,1.0183,0.30,0.10
2008.04.16 20:49:54.423,1.018,1.0183,0.30,0.10
2008.04.16 20:49:54.657,1.018,1.0183,0.30,0.10
2008.04.16 20:49:54.891,1.018,1.0183,0.30,0.10
2008.04.16 20:49:55.124,1.018,1.0183,0.30,0.10
2008.04.16 20:49:55.328,1.018,1.0183,0.30,0.10
2008.04.16 20:49:55.532,1.018,1.0183,0.30,0.10
2008.04.16 20:49:55.740,1.018,1.0183,0.30,0.10
2008.04.16 20:49:55.945,1.018,1.0183,0.30,0.10
2008.04.16 20:49:56.148,1.018,1.0183,0.30,0.10
2008.04.16 20:49:56.377,1.018,1.0183,0.30,0.10
2008.04.16 20:49:56.605,1.018,1.0183,0.30,0.10
2008.04.16 20:49:56.834,1.018,1.0183,0.30,0.10
2008.04.16 20:49:57.061,1.018,1.0183,0.30,0.10
2008.04.16 20:49:57.318,1.018,1.0183,0.30,0.10
2008.04.16 20:49:57.522,1.018,1.0183,0.30,0.10
2008.04.16 20:49:57.725,1.018,1.0183,0.30,0.10
2008.04.16 20:49:57.928,1.018,1.0183,0.30,0.10
2008.04.16 20:49:58.131,1.018,1.0183,0.30,0.10
2008.04.16 20:49:58.335,1.018,1.0183,0.30,0.10
2008.04.16 20:49:58.558,1.018,1.0183,0.30,0.10
2008.04.16 20:49:58.781,1.018,1.0183,0.30,0.10
2008.04.16 20:49:59.005,1.018,1.0183,0.30,0.10
2008.04.16 20:49:59.228,1.018,1.0183,0.30,0.10
2008.04.16 20:49:59.450,1.018,1.0183,0.30,0.10
2008.04.16 20:49:59.670,1.018,1.0183,0.30,0.10
2008.04.16 20:49:59.888,1.018,1.0183,0.30,0.10
2008.04.16 20:50:00.107,1.018,1.0183,0.30,0.10
2008.04.16 20:50:00.326,1.018,1.0183,0.30,0.10
2008.04.16 20:50:00.550,1.018,1.0183,0.30,0.10
2008.04.16 20:50:00.775,1.018,1.0183,0.30,0.10
2008.04.16 20:50:01.002,1.018,1.0183,0.30,0.10
2008.04.16 20:50:01.227,1.018,1.0183,0.30,0.10
2008.04.16 20:50:01.535,1.018,1.0183,0.30,0.10
2008.04.16 20:50:01.843,1.018,1.0183,0.30,0.10
2008.04.16 20:50:02.151,1.018,1.0183,0.30,0.10
2008.04.16 20:50:02.355,1.018,1.0183,0.30,0.10
2008.04.16 20:50:02.558,1.018,1.0183,0.30,0.10
2008.04.16 20:50:02.762,1.018,1.0183,0.30,0.10
2008.04.16 20:50:02.964,1.018,1.0183,0.30,0.10
2008.04.16 20:50:03.168,1.018,1.0183,0.30,0.10
2008.04.16 20:50:03.373,1.018,1.0183,0.30,0.10
2008.04.16 20:50:03.600,1.018,1.0183,0.30,0.10
2008.04.16 20:50:03.829,1.018,1.0183,0.30,0.10
2008.04.16 20:50:04.091,1.018,1.0183,0.30,0.10
2008.04.16 20:50:04.320,1.018,1.0183,0.30,0.10
2008.04.16 20:50:04.548,1.018,1.0183,0.30,0.10
2008.04.16 20:50:04.776,1.018,1.0183,0.30,0.10
2008.04.16 20:50:05.005,1.018,1.0183,0.30,0.10
2008.04.16 20:50:05.233,1.018,1.0183,0.30,0.10
2008.04.16 20:50:05.460,1.018,1.0183,0.30,0.10
2008.04.16 20:50:05.679,1.018,1.0183,0.30,0.10
2008.04.16 20:50:05.928,1.018,1.0183,0.30,0.10
2008.04.16 20:50:06.115,1.018,1.0183,0.30,0.10
2008.04.16 20:50:06.334,1.018,1.0183,0.30,0.10
2008.04.16 20:50:06.558,1.018,1.0183,0.30,0.10
2008.04.16 20:50:06.782,1.0179,1.0183,0.30,0.10
2008.04.16 20:50:07.036,1.0179,1.0183,0.30,0.10
2008.04.16 20:50:07.261,1.0179,1.0183,0.30,0.10
2008.04.16 20:50:07.522,1.0179,1.0183,0.30,0.10
2008.04.16 20:50:07.786,1.0179,1.0183,0.30,0.10
2008.04.16 20:50:08.050,1.0179,1.0183,0.30,0.10
2008.04.16 20:50:08.314,1.0179,1.0183,0.30,0.10
2008.04.16 20:50:08.562,1.0179,1.0183,0.30,0.10
2008.04.16 20:50:08.811,1.0179,1.0183,0.30,0.10
2008.04.16 20:50:09.059,1.0179,1.0183,0.30,0.10
2008.04.16 20:50:09.338,1.0179,1.0183,0.30,0.10
2008.04.16 20:50:09.565,1.0179,1.0183,0.30,0.10
2008.04.16 20:50:09.793,1.0179,1.0183,0.30,0.10
2008.04.16 20:50:10.022,1.0179,1.0183,0.30,0.10
2008.04.16 20:50:10.251,1.0179,1.0183,0.30,0.10
2008.04.16 20:50:10.480,1.0179,1.0183,0.30,0.10
2008.04.16 20:50:10.719,1.0179,1.0183,0.30,0.10
2008.04.16 20:50:10.977,1.0179,1.0183,0.30,0.10
2008.04.16 20:50:11.216,1.0179,1.0183,0.30,0.10
2008.04.16 20:50:11.456,1.0179,1.0183,0.30,0.10
2008.04.16 20:50:11.700,1.0179,1.0183,0.30,0.10
2008.04.16 20:50:11.943,1.0179,1.0183,0.30,0.10
2008.04.16 20:50:12.187,1.0179,1.0183,0.30,0.10
2008.04.16 20:50:12.429,1.0179,1.0183,0.30,0.10
2008.04.16 20:50:12.682,1.0179,1.0183,0.30,0.10
2008.04.16 20:50:12.935,1.0179,1.0183,0.30,0.10
2008.04.16 20:50:13.191,1.0179,1.0183,0.30,0.10
2008.04.16 20:50:13.474,1.0179,1.0183,0.30,0.10
2008.04.16 20:50:13.682,1.0179,1.0183,0.30,0.10
2008.04.16 20:50:13.891,1.0179,1.0183,0.30,0.10
2008.04.16 20:50:14.130,1.0179,1.0183,0.30,0.10
2008.04.16 20:50:14.338,1.0179,1.0183,0.30,0.10
2008.04.16 20:50:14.547,1.0179,1.0183,0.30,0.10
2008.04.16 20:50:14.775,1.0179,1.0183,0.30,0.10
2008.04.16 20:50:15.004,1.0179,1.0183,0.30,0.10
2008.04.16 20:50:15.233,1.0179,1.0183,0.30,0.10
2008.04.16 20:50:15.460,1.0179,1.0183,0.30,0.10
2008.04.16 20:50:15.684,1.0179,1.0183,0.30,0.10
2008.04.16 20:50:15.908,1.0179,1.0183,0.30,0.10
2008.04.16 20:50:16.133,1.0179,1.0183,0.30,0.10
2008.04.16 20:50:16.356,1.0179,1.0183,0.30,0.10
2008.04.16 20:50:16.599,1.0179,1.0183,0.30,0.10
2008.04.16 20:50:16.843,1.0179,1.0183,0.30,0.10
2008.04.16 20:50:17.087,1.0179,1.0183,0.30,0.10
2008.04.16 20:50:17.330,1.0179,1.0183,0.30,0.10
2008.04.16 20:50:17.574,1.0179,1.0183,0.30,0.10
2008.04.16 20:50:17.798,1.0179,1.0183,0.30,0.10
2008.04.16 20:50:18.021,1.0179,1.0183,0.30,0.10
2008.04.16 20:50:18.280,1.0179,1.0183,0.30,0.10
2008.04.16 20:50:18.469,1.0179,1.0183,0.30,0.10
2008.04.16 20:50:18.688,1.0179,1.0183,0.30,0.10
2008.04.16 20:50:18.909,1.0179,1.0183,0.30,0.10
2008.04.16 20:50:19.127,1.0179,1.0183,0.30,0.10
2008.04.16 20:50:19.346,1.0179,1.0183,0.30,0.10
2008.04.16 20:50:19.599,1.0179,1.0183,0.30,0.10
2008.04.16 20:50:19.804,1.0179,1.0183,0.30,0.10
2008.04.16 20:50:20.043,1.0179,1.0183,0.30,0.10
2008.04.16 20:50:20.307,1.0179,1.0183,0.30,0.10
2008.04.16 20:50:20.546,1.0179,1.0183,0.30,0.10
2008.04.16 20:50:20.754,1.0179,1.0183,0.30,0.10
2008.04.16 20:50:20.963,1.0179,1.0183,0.30,0.10
2008.04.16 20:50:21.172,1.0179,1.0183,0.30,0.10
2008.04.16 20:50:21.381,1.0179,1.0183,0.30,0.10
2008.04.16 20:50:21.590,1.0179,1.0183,0.30,0.10
2008.04.16 20:50:21.808,1.0179,1.0183,0.30,0.10
2008.04.16 20:50:22.027,1.0179,1.0183,0.30,0.10
2008.04.16 20:50:22.246,1.0179,1.0183,0.30,0.10
2008.04.16 20:50:22.465,1.0179,1.0183,0.30,0.10
2008.04.16 20:50:22.685,1.0179,1.0183,0.30,0.10
2008.04.16 20:50:22.892,1.0179,1.0183,0.30,0.10
2008.04.16 20:50:23.112,1.0179,1.0183,0.30,0.10
2008.04.16 20:50:23.353,1.0179,1.0183,0.30,0.10
2008.04.16 20:50:23.559,1.0179,1.0183,0.30,0.10
2008.04.16 20:50:23.852,1.0179,1.0183,0.30,0.10
2008.04.16 20:50:24.146,1.0179,1.0183,0.30,0.10
2008.04.16 20:50:24.451,1.0179,1.0183,0.30,0.10
2008.04.16 20:50:24.745,1.0179,1.0183,0.30,0.10
2008.04.16 20:50:24.955,1.0179,1.0183,0.30,0.10
2008.04.16 20:50:25.164,1.0179,1.0183,0.30,0.10
2008.04.16 20:50:25.372,1.0179,1.0183,0.30,0.10
2008.04.16 20:50:25.593,1.0179,1.0183,0.30,0.10
2008.04.16 20:50:25.794,1.0179,1.0183,0.30,0.10
2008.04.16 20:50:26.001,1.0179,1.0183,0.30,0.10
2008.04.16 20:50:26.234,1.0179,1.0183,0.30,0.10
2008.04.16 20:50:26.438,1.0179,1.0183,0.30,0.10
2008.04.16 20:50:26.642,1.0179,1.0183,0.30,0.10
2008.04.16 20:50:26.925,1.0179,1.0183,0.30,0.10
2008.04.16 20:50:27.177,1.0179,1.0183,0.30,0.10
2008.04.16 20:50:27.431,1.0179,1.0183,0.30,0.10
2008.04.16 20:50:27.685,1.0179,1.0183,0.30,0.10
2008.04.16 20:50:27.889,1.0179,1.0183,0.30,0.10
2008.04.16 20:50:28.092,1.0179,1.0183,0.30,0.10
2008.04.16 20:50:28.296,1.0179,1.0183,0.30,0.10
2008.04.16 20:50:28.500,1.0179,1.0183,0.30,0.10
2008.04.16 20:50:28.704,1.0179,1.0183,0.30,0.10
2008.04.16 20:50:28.954,1.0179,1.0183,0.30,0.10
2008.04.16 20:50:29.203,1.0179,1.0183,0.30,0.10
2008.04.16 20:50:29.484,1.0179,1.0183,0.30,0.10
2008.04.16 20:50:29.734,1.0178,1.0183,0.30,1.90
2008.04.16 20:50:29.939,1.0178,1.0183,0.30,1.90
2008.04.16 20:50:30.175,1.0177,1.01825,2.00,0.30
2008.04.16 20:50:30.378,1.0177,1.01825,2.00,0.30
2008.04.16 20:50:30.582,1.0177,1.01825,2.00,0.30
2008.04.16 20:50:30.786,1.0177,1.01825,2.00,0.30
2008.04.16 20:50:31.030,1.0177,1.01825,2.00,0.30
2008.04.16 20:50:31.277,1.0177,1.01825,2.00,0.30
2008.04.16 20:50:31.521,1.0177,1.01825,2.00,0.30
2008.04.16 20:50:31.764,1.0177,1.01825,2.00,0.30
2008.04.16 20:50:31.943,1.0177,1.01825,2.00,0.30
2008.04.16 20:50:32.121,1.0177,1.01825,2.00,0.30
2008.04.16 20:50:32.299,1.0177,1.01825,2.00,0.30
2008.04.16 20:50:32.479,1.0177,1.01825,2.00,0.30
2008.04.16 20:50:32.658,1.0177,1.01825,2.00,0.30
2008.04.16 20:50:32.836,1.0177,1.01825,2.00,0.30
2008.04.16 20:50:33.092,1.0177,1.0182,0.30,1.60
2008.04.16 20:50:33.347,1.0177,1.0182,0.30,1.60
2008.04.16 20:50:33.600,1.0177,1.0182,0.30,1.60
2008.04.16 20:50:33.854,1.0177,1.0182,0.30,1.60
2008.04.16 20:50:34.086,1.0177,1.0182,0.30,1.60
2008.04.16 20:50:34.286,1.0177,1.0182,0.30,1.60
2008.04.16 20:50:34.485,1.0177,1.0182,0.30,1.60
2008.04.16 20:50:34.711,1.0177,1.0182,0.30,1.60
2008.04.16 20:50:34.909,1.0177,1.0182,0.30,1.60
2008.04.16 20:50:35.152,1.0177,1.0182,0.30,1.60
2008.04.16 20:50:35.394,1.0177,1.0182,0.30,1.60
2008.04.16 20:50:35.638,1.0177,1.0182,0.30,1.60
2008.04.16 20:50:35.882,1.0177,1.0182,0.30,1.60
2008.04.16 20:50:36.080,1.0177,1.0182,0.30,1.60
2008.04.16 20:50:36.278,1.0177,1.0182,0.30,1.60
2008.04.16 20:50:36.476,1.0177,1.0182,0.30,1.60
2008.04.16 20:50:36.674,1.0177,1.0182,0.30,1.60
2008.04.16 20:50:36.873,1.0177,1.0182,0.30,1.60
2008.04.16 20:50:37.071,1.0177,1.0182,0.30,1.60
2008.04.16 20:50:37.300,1.0177,1.0182,0.30,1.60
2008.04.16 20:50:37.529,1.0177,1.0182,0.30,1.60
2008.04.16 20:50:37.757,1.0177,1.0182,0.30,1.60
2008.04.16 20:50:37.986,1.0177,1.0182,0.30,1.60
2008.04.16 20:50:38.205,1.0177,1.0182,0.30,1.60
2008.04.16 20:50:38.423,1.0177,1.0182,0.30,1.60
2008.04.16 20:50:38.641,1.0177,1.0182,0.30,1.60
2008.04.16 20:50:38.860,1.0177,1.0182,0.30,1.60
2008.04.16 20:50:39.079,1.0177,1.0182,0.30,1.60
2008.04.16 20:50:39.308,1.0177,1.0182,0.30,1.60
2008.04.16 20:50:39.536,1.0177,1.0182,0.30,1.60
2008.04.16 20:50:39.797,1.0177,1.0182,0.30,1.60
2008.04.16 20:50:40.025,1.0177,1.0182,0.30,1.60
2008.04.16 20:50:40.223,1.0177,1.0182,0.30,1.60
2008.04.16 20:50:40.421,1.0177,1.0182,0.30,1.60
2008.04.16 20:50:40.620,1.0177,1.0182,0.30,1.60
2008.04.16 20:50:40.820,1.0177,1.0182,0.30,1.60
2008.04.16 20:50:41.017,1.0177,1.0182,0.30,1.60
2008.04.16 20:50:41.257,1.0177,1.0182,0.30,1.60
2008.04.16 20:50:41.495,1.0177,1.0182,0.30,1.60
2008.04.16 20:50:41.734,1.0177,1.0182,0.30,1.60
2008.04.16 20:50:41.972,1.0177,1.0182,0.30,1.60
2008.04.16 20:50:42.175,1.0177,1.0182,0.30,1.60
2008.04.16 20:50:42.379,1.0177,1.0182,0.30,1.60
2008.04.16 20:50:42.582,1.0177,1.0182,0.30,1.60
2008.04.16 20:50:42.785,1.0177,1.0182,0.30,1.60
2008.04.16 20:50:42.989,1.0177,1.0182,0.30,1.60
2008.04.16 20:50:43.196,1.0177,1.0182,0.30,1.60
2008.04.16 20:50:43.427,1.0177,1.0182,0.30,1.60
2008.04.16 20:50:43.635,1.0177,1.0182,0.30,1.60
2008.04.16 20:50:43.844,1.0177,1.0182,0.30,1.60
2008.04.16 20:50:44.053,1.0177,1.0182,0.30,1.60
2008.04.16 20:50:44.267,1.0177,1.0182,0.30,1.60
2008.04.16 20:50:44.479,1.0177,1.0182,0.30,1.60
2008.04.16 20:50:44.693,1.0177,1.0182,0.30,1.60
2008.04.16 20:50:44.941,1.0177,1.0182,0.30,1.60
2008.04.16 20:50:45.121,1.0177,1.0182,0.30,1.60
2008.04.16 20:50:45.334,1.0177,1.0182,0.30,1.60
2008.04.16 20:50:45.548,1.0177,1.0182,0.30,1.60
2008.04.16 20:50:45.762,1.0177,1.0182,0.30,1.60
2008.04.16 20:50:45.976,1.0177,1.0182,0.30,1.60
2008.04.16 20:50:46.217,1.0177,1.0182,0.30,1.60
2008.04.16 20:50:46.481,1.0177,1.0182,0.30,1.60
2008.04.16 20:50:46.744,1.0177,1.0182,0.30,1.60
2008.04.16 20:50:47.038,1.0177,1.0182,0.30,1.60
2008.04.16 20:50:47.302,1.0177,1.0182,0.30,1.60
2008.04.16 20:50:47.486,1.0177,1.0182,0.30,1.60
2008.04.16 20:50:47.670,1.0177,1.0182,0.30,1.60
2008.04.16 20:50:47.853,1.0177,1.0182,0.30,1.60
2008.04.16 20:50:48.037,1.0177,1.0182,0.30,1.60
2008.04.16 20:50:48.220,1.0177,1.0182,0.30,1.60
2008.04.16 20:50:48.433,1.0177,1.0182,0.30,1.60
2008.04.16 20:50:48.646,1.0177,1.0182,0.30,1.60
2008.04.16 20:50:48.860,1.0177,1.0182,0.30,1.60
2008.04.16 20:50:49.074,1.0177,1.0182,0.30,1.60
2008.04.16 20:50:49.287,1.0177,1.0182,0.30,1.60
2008.04.16 20:50:49.507,1.0177,1.0182,1.80,0.10
2008.04.16 20:50:49.729,1.0177,1.0182,1.80,0.10
2008.04.16 20:50:49.946,1.0177,1.0182,1.80,0.10
2008.04.16 20:50:50.165,1.0177,1.0182,1.80,0.10
2008.04.16 20:50:50.385,1.0177,1.0182,1.80,0.10
2008.04.16 20:50:50.628,1.0177,1.0182,1.80,0.10
2008.04.16 20:50:50.871,1.0177,1.0182,1.80,0.10
2008.04.16 20:50:51.115,1.0177,1.0182,1.80,0.10
2008.04.16 20:50:51.359,1.0177,1.0182,1.80,0.10
2008.04.16 20:50:51.542,1.0177,1.0182,1.80,0.10
2008.04.16 20:50:51.726,1.0177,1.0182,1.80,0.10
2008.04.16 20:50:51.910,1.0177,1.0182,1.80,0.10
2008.04.16 20:50:52.093,1.0177,1.0182,1.80,0.10
2008.04.16 20:50:52.277,1.0177,1.0182,1.80,0.10
2008.04.16 20:50:52.525,1.0177,1.0182,1.80,0.10
2008.04.16 20:50:52.774,1.0177,1.0182,1.80,0.10
2008.04.16 20:50:53.027,1.0177,1.0182,1.80,0.10
2008.04.16 20:50:53.276,1.0177,1.0182,1.80,0.10
2008.04.16 20:50:53.495,1.0177,1.0182,1.80,0.10
2008.04.16 20:50:53.727,1.0177,1.0182,1.80,0.10
2008.04.16 20:50:53.946,1.0177,1.0182,1.80,0.10
2008.04.16 20:50:54.165,1.0177,1.0182,1.80,0.10
2008.04.16 20:50:54.417,1.0177,1.0182,1.80,0.10
2008.04.16 20:50:54.664,1.0177,1.0182,1.80,0.10
2008.04.16 20:50:54.914,1.0177,1.0182,1.80,0.10
2008.04.16 20:50:55.163,1.0177,1.0182,1.80,0.10
2008.04.16 20:50:55.442,1.0177,1.0182,1.80,0.10
2008.04.16 20:50:55.630,1.0177,1.0182,1.80,0.10
2008.04.16 20:50:55.848,1.0177,1.0182,1.80,0.10
2008.04.16 20:50:56.066,1.0177,1.0182,1.80,0.10
2008.04.16 20:50:56.284,1.0177,1.0182,1.80,0.10
2008.04.16 20:50:56.503,1.0177,1.0182,1.80,0.10
2008.04.16 20:50:56.722,1.0177,1.0182,1.80,0.10
2008.04.16 20:50:56.941,1.0177,1.0182,1.80,0.10
2008.04.16 20:50:57.160,1.0177,1.0182,1.80,0.10
2008.04.16 20:50:57.378,1.0177,1.0182,1.80,0.10
2008.04.16 20:50:57.632,1.0177,1.0182,1.80,0.10
2008.04.16 20:50:57.885,1.0177,1.0182,1.80,0.10
2008.04.16 20:50:58.138,1.0177,1.0182,1.80,0.10
2008.04.16 20:50:58.417,1.0177,1.0182,1.80,0.10
2008.04.16 20:50:58.651,1.0177,1.0182,1.80,0.10
2008.04.16 20:50:58.884,1.0177,1.0182,1.80,0.10
2008.04.16 20:50:59.119,1.0177,1.0182,1.80,0.10
2008.04.16 20:50:59.383,1.0177,1.0182,1.80,0.10
2008.04.16 20:50:59.586,1.0177,1.0182,1.80,0.10
2008.04.16 20:50:59.821,1.0177,1.0182,0.30,1.90
2008.04.16 20:51:00.056,1.0177,1.0182,0.30,1.90
2008.04.16 20:51:00.290,1.0177,1.0182,0.30,1.90
2008.04.16 20:51:00.526,1.0177,1.0182,0.30,1.90
2008.04.16 20:51:00.799,1.0177,1.0182,0.30,1.90
2008.04.16 20:51:01.073,1.0177,1.0182,0.30,1.90
2008.04.16 20:51:01.346,1.0177,1.0182,0.30,1.90
2008.04.16 20:51:01.620,1.0177,1.0182,0.30,1.90
2008.04.16 20:51:01.824,1.0177,1.0182,0.30,1.90
2008.04.16 20:51:02.046,1.0177,1.0182,0.30,1.90
2008.04.16 20:51:02.251,1.0177,1.0182,0.30,1.90
2008.04.16 20:51:02.455,1.0177,1.0182,0.30,1.90
2008.04.16 20:51:02.691,1.0177,1.0182,0.30,1.90
2008.04.16 20:51:02.924,1.0177,1.0182,0.30,1.90
2008.04.16 20:51:03.159,1.0177,1.0182,0.30,1.90
2008.04.16 20:51:03.393,1.0177,1.0182,0.30,1.90
2008.04.16 20:51:03.626,1.0177,1.0182,0.30,1.90
2008.04.16 20:51:03.845,1.0177,1.0182,0.30,1.90
2008.04.16 20:51:04.095,1.0177,1.0182,0.30,1.90
2008.04.16 20:51:04.312,1.0177,1.0182,0.30,1.90
2008.04.16 20:51:04.529,1.0177,1.0182,0.30,1.90
2008.04.16 20:51:04.776,1.0177,1.0182,0.30,1.90
2008.04.16 20:51:04.993,1.0177,1.0182,0.30,1.90
2008.04.16 20:51:05.205,1.0177,1.0182,0.30,1.90
2008.04.16 20:51:05.418,1.0177,1.0182,0.30,1.90
2008.04.16 20:51:05.631,1.0177,1.0182,0.30,1.90
2008.04.16 20:51:05.869,1.0177,1.0182,0.30,1.90
2008.04.16 20:51:06.106,1.0177,1.0182,0.30,1.90
2008.04.16 20:51:06.344,1.0177,1.0182,0.30,1.90
2008.04.16 20:51:06.583,1.0177,1.0182,0.30,1.90
2008.04.16 20:51:06.777,1.0177,1.0182,0.30,1.90
2008.04.16 20:51:06.970,1.0177,1.0182,0.30,1.90
2008.04.16 20:51:07.164,1.0177,1.0182,0.30,1.90
2008.04.16 20:51:07.382,1.0177,1.0182,0.30,1.90
2008.04.16 20:51:07.577,1.0177,1.0182,0.30,1.90
2008.04.16 20:51:07.815,1.0177,1.0182,0.30,1.90
2008.04.16 20:51:08.056,1.0177,1.0182,0.30,1.90
2008.04.16 20:51:08.296,1.0177,1.0182,0.30,1.90
2008.04.16 20:51:08.536,1.0177,1.0182,0.50,1.60
2008.04.16 20:51:08.776,1.0179,1.0182,0.30,0.10
2008.04.16 20:51:09.048,1.0179,1.0182,0.30,0.10
2008.04.16 20:51:09.256,1.0179,1.0182,0.30,0.10
2008.04.16 20:51:09.496,1.0179,1.0182,0.30,0.10
2008.04.16 20:51:09.741,1.0179,1.0182,0.30,0.10
2008.04.16 20:51:09.946,1.0179,1.0182,0.30,0.10
2008.04.16 20:51:10.155,1.0179,1.0182,0.30,0.10
2008.04.16 20:51:10.363,1.0179,1.0182,0.30,0.10
2008.04.16 20:51:10.573,1.0179,1.0182,0.30,0.10
2008.04.16 20:51:10.782,1.0179,1.0182,0.30,0.10
2008.04.16 20:51:11.051,1.0179,1.0183,0.30,1.60
2008.04.16 20:51:11.351,1.0179,1.0183,0.30,0.10
2008.04.16 20:51:11.621,1.0179,1.0183,0.30,0.10
2008.04.16 20:51:11.891,1.0179,1.0183,0.30,1.60
2008.04.16 20:51:12.111,1.0179,1.0183,0.30,1.60
2008.04.16 20:51:12.332,1.0179,1.0183,0.30,0.10
2008.04.16 20:51:12.552,1.0179,1.0183,0.30,0.10
2008.04.16 20:51:12.801,1.0179,1.0183,0.30,0.10
2008.04.16 20:51:13.066,1.0179,1.0183,0.30,0.10
2008.04.16 20:51:13.331,1.0179,1.0183,0.30,0.10
2008.04.16 20:51:13.628,1.0179,1.0183,2.60,0.10
2008.04.16 20:51:13.861,1.018,1.0183,0.30,0.10
2008.04.16 20:51:14.050,1.018,1.0183,0.30,0.10
2008.04.16 20:51:14.239,1.018,1.0183,0.30,0.10
2008.04.16 20:51:14.428,1.018,1.0183,0.30,0.10
2008.04.16 20:51:14.616,1.018,1.0183,0.30,0.10
2008.04.16 20:51:14.805,1.018,1.0183,0.30,0.10
2008.04.16 20:51:15.045,1.018,1.0183,0.30,0.10
2008.04.16 20:51:15.316,1.018,1.0183,0.30,0.10
2008.04.16 20:51:15.524,1.018,1.0183,0.30,0.10
2008.04.16 20:51:15.763,1.018,1.0183,0.30,0.10
2008.04.16 20:51:15.972,1.018,1.0183,0.30,0.10
2008.04.16 20:51:16.181,1.018,1.0183,0.30,0.10
2008.04.16 20:51:16.390,1.018,1.0183,0.30,0.10
2008.04.16 20:51:16.599,1.018,1.0183,0.30,0.10
2008.04.16 20:51:16.837,1.018,1.0183,0.30,0.10
2008.04.16 20:51:17.021,1.018,1.0183,0.30,0.10
2008.04.16 20:51:17.246,1.018,1.0183,0.30,0.10
2008.04.16 20:51:17.461,1.018,1.0183,0.30,0.10
2008.04.16 20:51:17.675,1.018,1.0183,0.30,0.10
2008.04.16 20:51:17.888,1.018,1.0183,0.30,0.10
2008.04.16 20:51:18.103,1.018,1.0183,0.30,0.10
2008.04.16 20:51:18.348,1.018,1.0183,0.30,0.10
2008.04.16 20:51:18.561,1.018,1.0183,0.30,0.10
2008.04.16 20:51:18.775,1.018,1.0183,0.30,0.10
2008.04.16 20:51:18.989,1.018,1.0183,0.30,0.10
2008.04.16 20:51:19.233,1.018,1.0183,0.30,0.10
2008.04.16 20:51:19.476,1.018,1.0183,0.30,0.10
2008.04.16 20:51:19.720,1.018,1.0183,0.30,0.10
2008.04.16 20:51:19.963,1.018,1.0183,0.30,0.10
2008.04.16 20:51:20.176,1.018,1.0183,0.30,0.10
2008.04.16 20:51:20.390,1.018,1.0183,0.30,0.10
2008.04.16 20:51:20.605,1.018,1.0182,0.30,0.10
2008.04.16 20:51:20.827,1.018,1.0182,0.30,0.10
2008.04.16 20:51:21.041,1.018,1.0182,0.30,0.10
2008.04.16 20:51:21.249,1.018,1.0182,0.30,0.10
2008.04.16 20:51:21.458,1.018,1.0182,0.30,0.10
2008.04.16 20:51:21.668,1.018,1.0182,0.30,0.10
2008.04.16 20:51:21.907,1.018,1.0182,0.30,0.10
2008.04.16 20:51:22.132,1.018,1.0182,0.30,0.10
2008.04.16 20:51:22.356,1.018,1.0182,0.30,0.10
2008.04.16 20:51:22.581,1.018,1.0182,0.30,0.10
2008.04.16 20:51:22.805,1.018,1.0182,0.30,0.10
2008.04.16 20:51:23.029,1.018,1.0182,0.30,0.10
2008.04.16 20:51:23.248,1.018,1.0182,0.30,0.10
2008.04.16 20:51:23.467,1.018,1.0182,0.30,0.10
2008.04.16 20:51:23.686,1.018,1.0182,0.30,0.10
2008.04.16 20:51:23.905,1.018,1.0182,0.30,0.10
2008.04.16 20:51:24.124,1.018,1.0182,0.30,0.10
2008.04.16 20:51:24.333,1.018,1.0182,0.30,0.10
2008.04.16 20:51:24.542,1.018,1.0182,0.30,0.10
2008.04.16 20:51:24.750,1.018,1.0182,0.30,0.10
2008.04.16 20:51:24.958,1.018,1.0182,0.30,0.10
2008.04.16 20:51:25.191,1.018,1.0182,0.30,0.10
2008.04.16 20:51:25.425,1.018,1.0182,0.30,0.10
2008.04.16 20:51:25.666,1.018,1.0182,0.30,0.10
2008.04.16 20:51:25.900,1.018,1.0182,0.30,0.10
2008.04.16 20:51:26.134,1.018,1.0182,0.30,0.10
2008.04.16 20:51:26.323,1.018,1.0182,0.30,0.10
2008.04.16 20:51:26.513,1.018,1.0182,0.30,0.10
2008.04.16 20:51:26.702,1.018,1.0182,0.30,0.10
2008.04.16 20:51:26.891,1.018,1.0182,0.30,0.10
2008.04.16 20:51:27.079,1.018,1.0182,0.30,0.10
2008.04.16 20:51:27.343,1.018,1.0182,0.30,0.10
2008.04.16 20:51:27.609,1.018,1.0182,0.30,0.10
2008.04.16 20:51:27.874,1.018,1.0182,0.30,0.10
2008.04.16 20:51:28.138,1.018,1.0182,0.30,0.10
2008.04.16 20:51:28.363,1.018,1.0182,0.30,0.10
2008.04.16 20:51:28.586,1.018,1.0182,0.30,0.10
2008.04.16 20:51:28.810,1.018,1.0182,0.30,0.10
2008.04.16 20:51:29.034,1.018,1.0182,0.30,0.10
2008.04.16 20:51:29.254,1.018,1.0182,0.30,0.10
2008.04.16 20:51:29.475,1.018,1.0182,0.30,0.10
2008.04.16 20:51:29.695,1.018,1.0182,0.30,0.10
2008.04.16 20:51:29.912,1.018,1.0182,0.30,0.10
2008.04.16 20:51:30.131,1.018,1.0182,0.30,0.10
2008.04.16 20:51:30.351,1.018,1.0182,0.30,0.10
2008.04.16 20:51:30.600,1.018,1.0182,0.30,0.10
2008.04.16 20:51:30.819,1.018,1.0182,0.30,0.10
2008.04.16 20:51:31.039,1.018,1.0182,0.30,0.10
2008.04.16 20:51:31.258,1.018,1.0182,0.30,0.10
2008.04.16 20:51:31.476,1.018,1.0182,0.30,0.10
2008.04.16 20:51:31.695,1.018,1.0182,0.30,0.10
2008.04.16 20:51:31.913,1.018,1.0182,0.30,0.10
2008.04.16 20:51:32.131,1.018,1.0182,0.30,0.10
2008.04.16 20:51:32.365,1.018,1.0182,0.30,0.10
2008.04.16 20:51:32.603,1.018,1.0182,0.30,0.10
2008.04.16 20:51:32.787,1.018,1.0182,0.30,0.10
2008.04.16 20:51:33.034,1.018,1.0182,0.30,0.10
2008.04.16 20:51:33.248,1.018,1.0182,0.30,0.10
2008.04.16 20:51:33.468,1.018,1.0182,0.30,0.10
2008.04.16 20:51:33.686,1.018,1.0182,0.30,0.10
2008.04.16 20:51:33.905,1.018,1.0182,0.30,0.10
2008.04.16 20:51:34.124,1.018,1.0182,0.30,0.10
2008.04.16 20:51:34.342,1.018,1.0182,0.30,0.10
2008.04.16 20:51:34.592,1.018,1.0182,0.30,0.10
2008.04.16 20:51:34.804,1.018,1.0182,0.30,0.10
2008.04.16 20:51:35.013,1.018,1.0182,0.30,0.10
2008.04.16 20:51:35.223,1.018,1.0182,0.30,0.10
2008.04.16 20:51:35.432,1.018,1.0182,0.30,0.10
2008.04.16 20:51:35.646,1.018,1.0182,0.30,0.10
2008.04.16 20:51:35.861,1.018,1.0182,0.30,0.10
2008.04.16 20:51:36.106,1.018,1.0182,0.30,0.10
2008.04.16 20:51:36.319,1.018,1.0182,0.30,0.10
2008.04.16 20:51:36.533,1.018,1.0182,0.30,0.10
2008.04.16 20:51:36.732,1.018,1.0182,0.30,0.10
2008.04.16 20:51:36.931,1.018,1.0182,0.30,0.10
2008.04.16 20:51:37.131,1.018,1.0182,0.30,0.10
2008.04.16 20:51:37.330,1.018,1.0182,0.30,0.10
2008.04.16 20:51:37.592,1.018,1.0182,0.30,0.10
2008.04.16 20:51:37.819,1.018,1.0182,0.30,0.10
2008.04.16 20:51:38.048,1.018,1.0182,0.30,0.10
2008.04.16 20:51:38.277,1.018,1.0182,0.30,0.10
2008.04.16 20:51:38.506,1.018,1.0182,0.30,0.10
2008.04.16 20:51:38.705,1.018,1.0182,0.30,0.10
2008.04.16 20:51:38.905,1.018,1.0182,0.30,0.10
2008.04.16 20:51:39.137,1.018,1.0182,0.30,0.10
2008.04.16 20:51:39.335,1.018,1.0182,0.30,0.10
2008.04.16 20:51:39.534,1.018,1.0182,0.30,0.10
2008.04.16 20:51:39.752,1.018,1.0182,0.30,0.10
2008.04.16 20:51:39.971,1.018,1.0182,0.30,0.10
2008.04.16 20:51:40.189,1.018,1.0182,0.30,0.10
2008.04.16 20:51:40.408,1.018,1.0182,0.30,0.10
2008.04.16 20:51:40.659,1.018,1.0182,0.30,0.10
2008.04.16 20:51:40.874,1.018,1.0182,0.30,0.10
2008.04.16 20:51:41.088,1.018,1.0182,0.30,0.10
2008.04.16 20:51:41.301,1.018,1.0182,0.30,0.10
2008.04.16 20:51:41.515,1.018,1.0182,0.30,0.10
2008.04.16 20:51:41.718,1.018,1.0182,0.30,0.10
2008.04.16 20:51:41.922,1.018,1.0182,0.30,0.10
2008.04.16 20:51:42.126,1.018,1.0182,0.30,0.10
2008.04.16 20:51:42.330,1.018,1.0182,0.30,0.10
2008.04.16 20:51:42.534,1.018,1.0182,0.30,0.10
2008.04.16 20:51:42.758,1.018,1.0182,0.30,0.10
2008.04.16 20:51:42.982,1.018,1.0182,0.30,0.10
2008.04.16 20:51:43.206,1.018,1.0182,0.30,0.10
2008.04.16 20:51:43.429,1.018,1.0182,0.30,0.10
2008.04.16 20:51:43.653,1.018,1.0182,0.30,0.10
2008.04.16 20:51:43.866,1.018,1.0182,0.30,0.10
2008.04.16 20:51:44.080,1.018,1.0182,0.30,0.10
2008.04.16 20:51:44.294,1.018,1.0182,0.30,0.10
2008.04.16 20:51:44.507,1.018,1.0182,0.30,0.10
2008.04.16 20:51:44.721,1.018,1.0182,0.30,0.10
2008.04.16 20:51:44.960,1.018,1.0182,0.30,0.10
2008.04.16 20:51:45.200,1.018,1.0182,0.30,0.10
2008.04.16 20:51:45.439,1.018,1.0182,0.30,0.10
2008.04.16 20:51:45.677,1.018,1.0182,0.30,0.10
2008.04.16 20:51:45.861,1.018,1.0182,0.30,0.10
2008.04.16 20:51:46.046,1.018,1.0182,0.30,0.10
2008.04.16 20:51:46.256,1.018,1.0182,0.30,0.10
2008.04.16 20:51:46.439,1.018,1.0182,0.30,0.10
2008.04.16 20:51:46.625,1.018,1.0182,0.30,0.10
2008.04.16 20:51:46.864,1.018,1.0182,0.30,0.10
2008.04.16 20:51:47.103,1.018,1.0182,0.30,0.10
2008.04.16 20:51:47.342,1.018,1.0182,0.30,0.10
2008.04.16 20:51:47.581,1.018,1.0182,0.30,0.10
2008.04.16 20:51:47.851,1.018,1.0182,0.30,0.10
2008.04.16 20:51:48.050,1.018,1.0182,0.30,0.10
2008.04.16 20:51:48.247,1.018,1.0182,0.30,0.10
2008.04.16 20:51:48.446,1.018,1.0182,0.30,0.10
2008.04.16 20:51:48.645,1.018,1.0182,0.30,0.10
2008.04.16 20:51:48.859,1.018,1.0182,0.30,0.10
2008.04.16 20:51:49.075,1.018,1.0182,0.30,0.10
2008.04.16 20:51:49.318,1.018,1.0182,0.30,0.10
2008.04.16 20:51:49.532,1.018,1.0182,0.30,0.10
2008.04.16 20:51:49.746,1.018,1.0182,0.30,0.10
2008.04.16 20:51:49.958,1.018,1.0182,0.30,0.10
2008.04.16 20:51:50.171,1.018,1.0182,0.30,0.10
2008.04.16 20:51:50.419,1.018,1.0182,0.30,0.10
2008.04.16 20:51:50.632,1.018,1.0182,0.30,0.10
2008.04.16 20:51:50.845,1.018,1.0182,0.30,0.10
2008.04.16 20:51:51.068,1.018,1.0182,0.30,0.10
2008.04.16 20:51:51.292,1.018,1.0182,0.30,0.10
2008.04.16 20:51:51.516,1.018,1.0182,0.30,0.10
2008.04.16 20:51:51.741,1.018,1.0182,0.30,0.10
2008.04.16 20:51:51.982,1.018,1.0182,0.30,0.10
2008.04.16 20:51:52.181,1.018,1.0182,0.30,0.10
2008.04.16 20:51:52.381,1.018,1.0182,0.30,0.10
2008.04.16 20:51:52.578,1.018,1.0182,0.30,0.10
2008.04.16 20:51:52.777,1.018,1.0182,0.30,0.10
2008.04.16 20:51:53.005,1.018,1.0182,0.30,0.10
2008.04.16 20:51:53.235,1.018,1.0183,0.30,1.60
2008.04.16 20:51:53.464,1.018,1.0183,0.30,0.10
2008.04.16 20:51:53.693,1.018,1.0183,0.30,0.10
2008.04.16 20:51:53.922,1.018,1.0183,0.30,0.10
2008.04.16 20:51:54.146,1.018,1.0183,0.30,0.10
2008.04.16 20:51:54.370,1.018,1.0183,0.30,0.10
2008.04.16 20:51:54.593,1.018,1.0183,0.30,0.10
2008.04.16 20:51:54.838,1.018,1.0183,0.30,0.10
2008.04.16 20:51:55.076,1.018,1.0183,0.30,0.10
2008.04.16 20:51:55.315,1.018,1.0183,0.30,0.10
2008.04.16 20:51:55.556,1.018,1.0183,0.30,1.60
2008.04.16 20:51:55.794,1.018,1.0183,0.30,1.60
2008.04.16 20:51:56.008,1.018,1.0183,0.30,1.60
2008.04.16 20:51:56.222,1.018,1.0183,0.30,1.60
2008.04.16 20:51:56.435,1.018,1.0183,0.30,1.60
2008.04.16 20:51:56.649,1.018,1.0183,0.30,1.60
2008.04.16 20:51:56.864,1.018,1.0183,0.30,1.60
2008.04.16 20:51:57.093,1.018,1.0183,0.30,1.60
2008.04.16 20:51:57.322,1.018,1.0183,0.30,1.60
2008.04.16 20:51:57.550,1.018,1.0183,0.30,1.60
2008.04.16 20:51:57.779,1.018,1.0183,0.30,1.60
2008.04.16 20:51:58.015,1.018,1.0183,0.30,1.60
2008.04.16 20:51:58.218,1.018,1.0183,0.30,1.60
2008.04.16 20:51:58.423,1.018,1.0183,0.30,1.60
2008.04.16 20:51:58.656,1.018,1.0183,0.30,1.60
2008.04.16 20:51:58.830,1.018,1.0183,0.30,1.60
2008.04.16 20:51:59.034,1.018,1.0183,0.30,1.60
2008.04.16 20:51:59.257,1.018,1.0183,0.30,1.60
2008.04.16 20:51:59.481,1.018,1.0183,0.30,1.60
2008.04.16 20:51:59.705,1.018,1.0183,0.30,1.60
2008.04.16 20:51:59.928,1.018,1.0183,0.30,1.60
2008.04.16 20:52:00.149,1.018,1.0183,0.30,1.60
2008.04.16 20:52:00.399,1.0179,1.0183,0.30,1.60
2008.04.16 20:52:00.587,1.0179,1.0183,0.30,1.60
2008.04.16 20:52:00.807,1.018,1.0183,0.30,1.60
2008.04.16 20:52:01.026,1.018,1.0183,0.30,1.60
2008.04.16 20:52:01.320,1.018,1.0183,0.30,1.60
2008.04.16 20:52:01.599,1.018,1.0183,0.30,1.60
2008.04.16 20:52:01.879,1.018,1.0183,0.30,1.60
2008.04.16 20:52:02.158,1.018,1.0183,0.30,1.60
2008.04.16 20:52:02.369,1.018,1.0183,0.30,1.60
2008.04.16 20:52:02.577,1.018,1.0183,0.30,1.60
2008.04.16 20:52:02.786,1.018,1.0183,0.30,1.60
2008.04.16 20:52:03.027,1.018,1.0183,0.30,1.60
2008.04.16 20:52:03.235,1.018,1.0183,0.30,1.60
2008.04.16 20:52:03.443,1.018,1.0183,0.30,1.60
2008.04.16 20:52:03.688,1.018,1.0183,0.30,1.60
2008.04.16 20:52:03.895,1.018,1.0183,0.30,1.60
2008.04.16 20:52:04.105,1.018,1.0183,0.30,1.60
2008.04.16 20:52:04.349,1.018,1.0183,0.30,1.60
2008.04.16 20:52:04.593,1.018,1.0183,0.30,1.60
2008.04.16 20:52:04.837,1.0179,1.0182,1.80,0.10
2008.04.16 20:52:05.096,1.0179,1.0182,1.80,0.10
2008.04.16 20:52:05.336,1.0179,1.0182,1.80,0.10
2008.04.16 20:52:05.543,1.0179,1.0182,1.80,0.10
2008.04.16 20:52:05.752,1.0179,1.0182,1.80,0.10
2008.04.16 20:52:06.001,1.0179,1.0182,1.80,0.10
2008.04.16 20:52:06.212,1.0179,1.0182,1.80,0.10
2008.04.16 20:52:06.493,1.0179,1.0182,1.80,0.10
2008.04.16 20:52:06.772,1.0179,1.0182,1.80,0.10
2008.04.16 20:52:07.050,1.0179,1.0182,1.80,0.10
2008.04.16 20:52:07.330,1.0179,1.0182,1.80,0.10
2008.04.16 20:52:07.520,1.0179,1.0182,1.80,0.10
2008.04.16 20:52:07.693,1.0179,1.0182,1.80,0.10
2008.04.16 20:52:07.867,1.0179,1.0182,1.80,0.10
2008.04.16 20:52:08.041,1.0179,1.0182,1.80,0.10
2008.04.16 20:52:08.216,1.0179,1.0182,1.80,0.10
2008.04.16 20:52:08.503,1.0179,1.0182,1.80,0.10
2008.04.16 20:52:08.791,1.0179,1.0182,1.80,0.10
2008.04.16 20:52:09.080,1.0179,1.0182,1.80,0.10
2008.04.16 20:52:09.368,1.0179,1.0182,1.80,0.10
2008.04.16 20:52:09.592,1.0179,1.0182,1.80,0.10
2008.04.16 20:52:09.799,1.0179,1.0182,1.80,0.10
2008.04.16 20:52:10.006,1.0179,1.0182,1.80,0.10
2008.04.16 20:52:10.209,1.0179,1.0182,1.80,0.10
2008.04.16 20:52:10.394,1.0179,1.0182,1.80,0.10
2008.04.16 20:52:10.608,1.0179,1.0182,1.80,0.10
2008.04.16 20:52:10.791,1.0179,1.0182,1.80,0.10
2008.04.16 20:52:10.977,1.0179,1.0182,1.80,0.10
2008.04.16 20:52:11.160,1.0179,1.0182,1.80,0.10
2008.04.16 20:52:11.344,1.0179,1.0182,1.80,0.10
2008.04.16 20:52:11.608,1.0179,1.0182,1.80,0.10
2008.04.16 20:52:11.872,1.0179,1.0182,1.80,0.10
2008.04.16 20:52:12.168,1.0179,1.0182,1.80,0.10
2008.04.16 20:52:12.431,1.0179,1.0182,0.30,0.10
2008.04.16 20:52:12.610,1.0179,1.0182,0.30,0.10
2008.04.16 20:52:12.789,1.0179,1.0182,0.30,0.10
2008.04.16 20:52:12.968,1.0179,1.0182,0.30,0.10
2008.04.16 20:52:13.149,1.0179,1.0182,0.30,0.10
2008.04.16 20:52:13.326,1.0179,1.0182,0.30,0.10
2008.04.16 20:52:13.577,1.0179,1.0182,0.30,0.10
2008.04.16 20:52:13.825,1.0179,1.0182,1.80,0.10
2008.04.16 20:52:14.074,1.0179,1.0183,1.80,0.10
2008.04.16 20:52:14.324,1.018,1.0184,0.30,0.10
2008.04.16 20:52:14.572,1.018,1.0184,0.30,0.10
2008.04.16 20:52:14.811,1.018,1.0184,0.30,0.10
2008.04.16 20:52:15.050,1.018,1.0184,0.30,0.10
2008.04.16 20:52:15.288,1.018,1.0184,0.30,0.10
2008.04.16 20:52:15.491,1.018,1.0184,0.30,0.10
2008.04.16 20:52:15.725,1.018,1.0184,0.30,0.10
2008.04.16 20:52:15.922,1.018,1.0184,0.30,0.10
2008.04.16 20:52:16.121,1.018,1.0184,0.30,0.10
2008.04.16 20:52:16.319,1.018,1.0184,0.30,0.10
2008.04.16 20:52:16.602,1.018,1.0184,0.30,0.10
2008.04.16 20:52:16.920,1.018,1.0183,0.30,0.10
2008.04.16 20:52:17.203,1.018,1.0183,0.30,0.10
2008.04.16 20:52:17.485,1.018,1.0183,0.30,0.10
2008.04.16 20:52:17.688,1.018,1.0183,0.30,0.10
2008.04.16 20:52:17.891,1.018,1.0183,0.30,0.10
2008.04.16 20:52:18.095,1.018,1.0183,0.30,0.10
2008.04.16 20:52:18.299,1.018,1.0182,0.30,0.10
2008.04.16 20:52:18.503,1.018,1.0182,0.30,0.10
2008.04.16 20:52:18.757,1.018,1.0182,0.30,0.10
2008.04.16 20:52:19.011,1.018,1.0182,0.30,0.10
2008.04.16 20:52:19.263,1.018,1.0182,0.30,0.10
2008.04.16 20:52:19.516,1.018,1.0182,0.30,0.10
2008.04.16 20:52:19.760,1.018,1.0182,0.30,0.10
2008.04.16 20:52:20.003,1.018,1.0182,0.30,0.10
2008.04.16 20:52:20.246,1.018,1.0182,0.30,0.10
2008.04.16 20:52:20.490,1.018,1.0182,0.30,0.10
2008.04.16 20:52:20.694,1.018,1.0182,0.30,0.10
2008.04.16 20:52:20.898,1.018,1.0182,0.30,0.10
2008.04.16 20:52:21.102,1.018,1.0182,0.30,0.10
2008.04.16 20:52:21.306,1.018,1.0182,0.30,0.10
2008.04.16 20:52:21.512,1.018,1.0182,0.30,0.10
2008.04.16 20:52:21.767,1.018,1.0182,0.30,0.10
2008.04.16 20:52:22.021,1.018,1.0182,0.30,0.10
2008.04.16 20:52:22.275,1.018,1.0182,0.30,0.10
2008.04.16 20:52:22.529,1.018,1.0182,0.30,0.10
2008.04.16 20:52:22.719,1.018,1.0182,0.30,0.10
2008.04.16 20:52:22.908,1.018,1.0182,0.30,0.10
2008.04.16 20:52:23.096,1.018,1.0182,0.30,0.10
2008.04.16 20:52:23.286,1.018,1.0182,0.30,0.10
2008.04.16 20:52:23.474,1.018,1.0182,0.30,0.10
2008.04.16 20:52:23.733,1.018,1.0182,0.30,0.10
2008.04.16 20:52:23.992,1.018,1.0182,0.30,0.10
2008.04.16 20:52:24.251,1.018,1.0182,0.30,0.10
2008.04.16 20:52:24.510,1.018,1.0182,0.30,0.10
2008.04.16 20:52:24.738,1.018,1.0182,0.30,0.10
2008.04.16 20:52:24.966,1.018,1.0182,0.30,0.10
2008.04.16 20:52:25.193,1.018,1.0182,0.30,0.10
2008.04.16 20:52:25.422,1.018,1.0182,0.30,0.10
2008.04.16 20:52:25.649,1.018,1.0182,0.30,0.10
2008.04.16 20:52:25.853,1.018,1.0182,0.30,0.10
2008.04.16 20:52:26.057,1.018,1.0182,0.30,0.10
2008.04.16 20:52:26.261,1.018,1.0182,0.30,0.10
2008.04.16 20:52:26.465,1.018,1.0182,0.30,0.10
2008.04.16 20:52:26.669,1.018,1.0182,0.30,0.10
2008.04.16 20:52:26.882,1.018,1.0182,0.30,0.10
2008.04.16 20:52:27.095,1.018,1.0182,0.30,0.10
2008.04.16 20:52:27.309,1.018,1.0182,0.30,0.10
2008.04.16 20:52:27.522,1.018,1.0182,0.30,0.10
2008.04.16 20:52:27.736,1.018,1.0182,0.30,0.10
2008.04.16 20:52:27.969,1.018,1.0182,0.30,0.10
2008.04.16 20:52:28.204,1.018,1.0182,0.30,0.10
2008.04.16 20:52:28.437,1.018,1.0182,0.30,0.10
2008.04.16 20:52:28.670,1.018,1.0182,0.30,0.10
2008.04.16 20:52:28.888,1.018,1.0182,0.30,0.10
2008.04.16 20:52:29.106,1.018,1.0182,0.30,0.10
2008.04.16 20:52:29.344,1.018,1.0182,0.30,0.10
2008.04.16 20:52:29.563,1.018,1.0182,0.30,0.10
2008.04.16 20:52:29.782,1.018,1.0182,0.30,0.10
2008.04.16 20:52:30.001,1.018,1.0182,0.30,0.10
2008.04.16 20:52:30.221,1.018,1.0182,0.30,0.10
2008.04.16 20:52:30.446,1.0177,1.0182,1.60,0.40
2008.04.16 20:52:30.666,1.01765,1.01815,0.20,0.30
2008.04.16 20:52:30.896,1.01765,1.01815,0.20,0.30
2008.04.16 20:52:31.134,1.01765,1.01815,0.20,0.30
2008.04.16 20:52:31.361,1.01765,1.01815,0.20,0.30
2008.04.16 20:52:31.591,1.01765,1.01815,0.20,0.30
2008.04.16 20:52:31.841,1.01765,1.01815,0.20,0.30
2008.04.16 20:52:32.065,1.01765,1.01815,0.20,0.30
2008.04.16 20:52:32.291,1.01765,1.01815,0.20,0.30
2008.04.16 20:52:32.517,1.01765,1.01815,0.20,0.30
2008.04.16 20:52:32.740,1.01765,1.01815,0.20,0.30
2008.04.16 20:52:32.949,1.01765,1.01815,0.20,0.30
2008.04.16 20:52:33.159,1.01765,1.01815,0.20,0.30
2008.04.16 20:52:33.368,1.01765,1.01815,0.20,0.30
2008.04.16 20:52:33.576,1.01765,1.01815,0.20,0.30
2008.04.16 20:52:33.785,1.01765,1.01815,0.20,0.30
2008.04.16 20:52:33.998,1.01765,1.01815,0.20,0.30
2008.04.16 20:52:34.212,1.01765,1.0182,0.20,1.90
2008.04.16 20:52:34.426,1.0177,1.0182,0.30,1.90
2008.04.16 20:52:34.640,1.0177,1.0182,0.30,1.90
2008.04.16 20:52:34.854,1.0179,1.0182,0.30,0.10
2008.04.16 20:52:35.094,1.0179,1.0182,0.30,0.10
2008.04.16 20:52:35.333,1.0179,1.0182,0.30,0.10
2008.04.16 20:52:35.572,1.0179,1.0182,0.30,0.10
2008.04.16 20:52:35.811,1.0179,1.0182,0.30,0.10
2008.04.16 20:52:36.050,1.0179,1.0182,0.30,0.10
2008.04.16 20:52:36.288,1.0179,1.0182,0.30,0.10
2008.04.16 20:52:36.526,1.0179,1.0182,0.30,0.10
2008.04.16 20:52:36.764,1.0179,1.0182,0.30,0.10
2008.04.16 20:52:37.003,1.0179,1.0182,0.30,0.10
2008.04.16 20:52:37.232,1.0179,1.0182,0.30,0.10
2008.04.16 20:52:37.460,1.0179,1.0182,0.30,0.10
2008.04.16 20:52:37.723,1.0179,1.0182,0.30,0.10
2008.04.16 20:52:37.917,1.0179,1.0182,0.30,0.10
2008.04.16 20:52:38.125,1.0179,1.0182,0.30,0.10
2008.04.16 20:52:38.373,1.0179,1.0182,0.30,0.10
2008.04.16 20:52:38.544,1.0179,1.0182,0.30,0.10
2008.04.16 20:52:38.754,1.0177,1.0182,2.00,0.40
2008.04.16 20:52:38.963,1.0177,1.0182,1.80,0.40
2008.04.16 20:52:39.251,1.0177,1.0182,1.80,0.40
2008.04.16 20:52:39.510,1.0177,1.0182,1.80,0.40
2008.04.16 20:52:39.769,1.0177,1.0182,1.80,0.40
2008.04.16 20:52:40.031,1.0177,1.0182,1.80,0.40
2008.04.16 20:52:40.255,1.0177,1.01825,1.80,0.50
2008.04.16 20:52:40.482,1.0177,1.01825,2.00,0.30
2008.04.16 20:52:40.702,1.0177,1.01825,2.00,0.30
2008.04.16 20:52:40.927,1.0177,1.01825,2.00,0.30
2008.04.16 20:52:41.176,1.0177,1.01825,2.00,0.30
2008.04.16 20:52:41.395,1.0177,1.01825,2.00,0.30
2008.04.16 20:52:41.612,1.0177,1.01825,2.00,0.30
2008.04.16 20:52:41.830,1.0177,1.01825,2.00,0.30
2008.04.16 20:52:42.048,1.0177,1.01825,2.00,0.30
2008.04.16 20:52:42.267,1.0177,1.01825,2.00,0.30
2008.04.16 20:52:42.485,1.0177,1.01825,2.00,0.30
2008.04.16 20:52:42.703,1.0177,1.01825,2.00,0.30
2008.04.16 20:52:42.922,1.0177,1.01825,2.00,0.30
2008.04.16 20:52:43.140,1.0177,1.01825,2.00,0.30
2008.04.16 20:52:43.404,1.0177,1.01825,2.00,0.30
2008.04.16 20:52:43.668,1.0177,1.01825,2.00,0.30
2008.04.16 20:52:43.932,1.0177,1.01825,2.00,0.30
2008.04.16 20:52:44.196,1.0177,1.01825,2.00,0.30
2008.04.16 20:52:44.374,1.0177,1.01825,2.00,0.30
2008.04.16 20:52:44.552,1.0177,1.01825,2.00,0.30
2008.04.16 20:52:44.730,1.0177,1.01825,2.00,0.30
2008.04.16 20:52:44.940,1.0177,1.01825,2.00,0.30
2008.04.16 20:52:45.119,1.0177,1.01825,2.00,0.30
2008.04.16 20:52:45.377,1.0177,1.01825,2.00,0.30
2008.04.16 20:52:45.636,1.0177,1.01825,2.00,0.30
2008.04.16 20:52:45.896,1.0177,1.01825,2.00,0.30
2008.04.16 20:52:46.154,1.0177,1.01825,2.00,0.30
2008.04.16 20:52:46.332,1.0177,1.01825,2.00,0.30
2008.04.16 20:52:46.533,1.0177,1.01825,2.00,0.30
2008.04.16 20:52:46.712,1.0177,1.01825,2.00,0.30
2008.04.16 20:52:46.891,1.0177,1.01825,2.00,0.30
2008.04.16 20:52:47.069,1.0177,1.01825,2.00,0.30
2008.04.16 20:52:47.327,1.0177,1.01825,2.00,0.30
2008.04.16 20:52:47.585,1.0177,1.01825,2.00,0.30
2008.04.16 20:52:47.844,1.0177,1.018,2.00,0.10
2008.04.16 20:52:48.103,1.0177,1.018,0.30,0.10
2008.04.16 20:52:48.297,1.0177,1.018,0.30,0.10
2008.04.16 20:52:48.492,1.0177,1.018,0.30,0.10
2008.04.16 20:52:48.686,1.0177,1.018,0.30,0.10
2008.04.16 20:52:48.881,1.0177,1.018,0.30,0.10
2008.04.16 20:52:49.074,1.0177,1.018,0.30,0.10
2008.04.16 20:52:49.278,1.0177,1.018,0.30,0.10
2008.04.16 20:52:49.558,1.0177,1.018,0.30,0.10
2008.04.16 20:52:49.834,1.0177,1.018,0.30,0.10
2008.04.16 20:52:50.114,1.0177,1.018,0.30,0.10
2008.04.16 20:52:50.397,1.0177,1.0181,0.30,1.60
2008.04.16 20:52:50.580,1.0177,1.01815,1.80,0.40
2008.04.16 20:52:50.795,1.0177,1.01815,1.80,0.40
2008.04.16 20:52:50.977,1.0177,1.01815,1.80,0.40
2008.04.16 20:52:51.161,1.0177,1.01815,1.80,0.40
2008.04.16 20:52:51.389,1.0177,1.01815,1.80,0.40
2008.04.16 20:52:51.617,1.0177,1.01825,1.80,0.30
2008.04.16 20:52:51.845,1.0177,1.01825,1.80,0.30
2008.04.16 20:52:52.073,1.0177,1.01825,1.80,0.30
2008.04.16 20:52:52.302,1.0177,1.01825,1.80,0.30
2008.04.16 20:52:52.515,1.0177,1.01825,1.80,0.30
2008.04.16 20:52:52.728,1.0177,1.01825,1.80,0.30
2008.04.16 20:52:52.941,1.0177,1.01825,1.80,0.30
2008.04.16 20:52:53.154,1.0177,1.01825,1.80,0.30
2008.04.16 20:52:53.368,1.0177,1.01825,1.80,0.30
2008.04.16 20:52:53.607,1.0177,1.01825,1.80,0.30
2008.04.16 20:52:53.847,1.0177,1.0181,0.30,0.10
2008.04.16 20:52:54.086,1.0177,1.0181,0.30,0.10
2008.04.16 20:52:54.353,1.0177,1.0181,0.30,0.10
2008.04.16 20:52:54.607,1.0177,1.0181,0.30,0.10
2008.04.16 20:52:54.861,1.0177,1.0181,0.30,0.10
2008.04.16 20:52:55.114,1.0177,1.0181,0.30,0.10
2008.04.16 20:52:55.400,1.0177,1.0181,0.30,0.10
2008.04.16 20:52:55.623,1.0177,1.0181,0.30,0.10
2008.04.16 20:52:55.848,1.0177,1.0181,0.30,0.10
2008.04.16 20:52:56.090,1.0177,1.0181,0.30,0.10
2008.04.16 20:52:56.314,1.0177,1.0181,0.30,0.10
2008.04.16 20:52:56.538,1.0177,1.0181,0.30,0.10
2008.04.16 20:52:56.771,1.0177,1.0181,0.30,0.10
2008.04.16 20:52:57.006,1.0178,1.0181,0.30,0.10
2008.04.16 20:52:57.239,1.0178,1.0181,0.30,0.10
2008.04.16 20:52:57.473,1.0178,1.0181,0.30,0.10
2008.04.16 20:52:57.701,1.0178,1.0181,0.30,0.10
2008.04.16 20:52:57.930,1.0179,1.0181,0.30,0.10
2008.04.16 20:52:58.158,1.0179,1.0181,0.30,0.10
2008.04.16 20:52:58.388,1.0179,1.0181,0.30,0.10
2008.04.16 20:52:58.612,1.0179,1.0181,0.30,0.10
2008.04.16 20:52:58.835,1.0179,1.0181,0.30,0.10
2008.04.16 20:52:59.058,1.0179,1.0181,0.30,0.10
2008.04.16 20:52:59.283,1.0179,1.0181,0.30,0.10
2008.04.16 20:52:59.521,1.0179,1.0181,0.30,0.10
2008.04.16 20:52:59.754,1.0179,1.0181,0.30,0.10
2008.04.16 20:52:59.987,1.0179,1.0181,0.30,0.10
2008.04.16 20:53:00.255,1.0179,1.0181,0.30,0.10
2008.04.16 20:53:00.489,1.0179,1.0181,0.30,0.10
2008.04.16 20:53:00.708,1.0179,1.0181,0.30,0.10
2008.04.16 20:53:00.927,1.0179,1.0181,0.30,0.10
2008.04.16 20:53:01.145,1.0179,1.0181,0.30,0.10
2008.04.16 20:53:01.363,1.0179,1.0181,0.30,0.10
2008.04.16 20:53:01.582,1.0179,1.0181,0.30,0.10
2008.04.16 20:53:01.796,1.0179,1.0181,0.30,0.10
2008.04.16 20:53:02.040,1.0179,1.0181,0.30,0.10
2008.04.16 20:53:02.254,1.0179,1.0181,0.30,0.10
2008.04.16 20:53:02.467,1.0179,1.0181,0.30,0.10
2008.04.16 20:53:02.676,1.0179,1.0181,0.30,0.10
2008.04.16 20:53:02.885,1.0179,1.0181,0.30,0.10
2008.04.16 20:53:03.093,1.0179,1.0181,0.30,0.10
2008.04.16 20:53:03.302,1.0179,1.0181,0.30,0.10
2008.04.16 20:53:03.511,1.0179,1.0181,0.30,0.10
2008.04.16 20:53:03.745,1.0179,1.0181,0.30,0.10
2008.04.16 20:53:03.978,1.0179,1.0181,0.30,0.10
2008.04.16 20:53:04.212,1.0179,1.0181,0.30,0.10
2008.04.16 20:53:04.445,1.0179,1.0181,0.30,0.10
2008.04.16 20:53:04.639,1.0179,1.0181,0.30,0.10
2008.04.16 20:53:04.834,1.0179,1.0181,0.30,0.10
2008.04.16 20:53:05.027,1.0179,1.0181,0.30,0.10
2008.04.16 20:53:05.221,1.0179,1.0181,0.30,0.10
2008.04.16 20:53:05.414,1.0179,1.0181,0.30,0.10
2008.04.16 20:53:05.607,1.0179,1.0181,0.30,0.10
2008.04.16 20:53:05.861,1.0179,1.0181,0.30,0.10
2008.04.16 20:53:06.115,1.0179,1.0181,0.30,0.10
2008.04.16 20:53:06.369,1.0179,1.0181,0.30,0.10
2008.04.16 20:53:06.623,1.0179,1.0181,0.30,0.10
2008.04.16 20:53:06.812,1.0179,1.0181,0.30,0.10
2008.04.16 20:53:07.001,1.0179,1.0181,0.30,0.10
2008.04.16 20:53:07.190,1.0179,1.0181,0.30,0.10
2008.04.16 20:53:07.378,1.0179,1.0181,0.30,0.10
2008.04.16 20:53:07.576,1.0179,1.0181,0.30,0.10
2008.04.16 20:53:07.821,1.0179,1.0181,0.30,0.10
2008.04.16 20:53:08.065,1.0179,1.0181,0.30,0.10
2008.04.16 20:53:08.309,1.0179,1.0181,0.30,0.10
2008.04.16 20:53:08.553,1.0179,1.0181,0.30,0.10
2008.04.16 20:53:08.753,1.0178,1.0181,0.30,0.10
2008.04.16 20:53:08.947,1.0178,1.0181,0.30,0.10
2008.04.16 20:53:09.142,1.0178,1.0181,0.30,0.10
2008.04.16 20:53:09.336,1.0178,1.0181,0.30,1.60
2008.04.16 20:53:09.547,1.0178,1.0181,0.30,1.60
2008.04.16 20:53:09.740,1.0178,1.0181,0.30,1.60
2008.04.16 20:53:10.025,1.0178,1.0181,0.30,1.60
2008.04.16 20:53:10.310,1.0178,1.0181,0.30,1.60
2008.04.16 20:53:10.594,1.0178,1.0181,0.30,0.10
2008.04.16 20:53:10.778,1.0178,1.0181,0.30,0.10
2008.04.16 20:53:10.981,1.0178,1.0181,0.30,0.10
2008.04.16 20:53:11.166,1.0178,1.0181,0.30,0.10
2008.04.16 20:53:11.350,1.0178,1.0181,0.30,1.60
2008.04.16 20:53:11.565,1.0178,1.0181,0.30,1.60
2008.04.16 20:53:11.719,1.0178,1.0181,0.30,0.10
2008.04.16 20:53:11.988,1.0178,1.0181,0.30,0.10
2008.04.16 20:53:12.256,1.0178,1.0181,0.30,0.10
2008.04.16 20:53:12.525,1.0178,1.0181,0.30,0.10
2008.04.16 20:53:12.795,1.0178,1.0181,0.30,0.10
2008.04.16 20:53:13.026,1.0178,1.0181,0.30,0.10
2008.04.16 20:53:13.192,1.0178,1.0181,0.30,0.10
2008.04.16 20:53:13.390,1.0178,1.0181,0.30,0.10
2008.04.16 20:53:13.589,1.0178,1.0181,0.30,0.10
2008.04.16 20:53:13.787,1.0178,1.0181,0.30,0.10
2008.04.16 20:53:14.008,1.0178,1.0181,0.30,0.10
2008.04.16 20:53:14.226,1.0178,1.0181,0.30,0.10
2008.04.16 20:53:14.444,1.0178,1.0181,0.30,0.10
2008.04.16 20:53:14.662,1.0178,1.0181,0.30,0.10
2008.04.16 20:53:14.880,1.0178,1.0181,0.30,0.10
2008.04.16 20:53:15.112,1.0178,1.0181,0.30,0.10
2008.04.16 20:53:15.340,1.0178,1.0181,0.30,0.10
2008.04.16 20:53:15.568,1.0178,1.0181,0.30,0.10
2008.04.16 20:53:15.796,1.0178,1.0181,0.30,0.10
2008.04.16 20:53:15.983,1.0178,1.0181,0.30,0.10
2008.04.16 20:53:16.172,1.0178,1.0181,0.30,1.60
2008.04.16 20:53:16.360,1.0178,1.0181,0.30,1.60
2008.04.16 20:53:16.575,1.0178,1.0181,0.30,1.60
2008.04.16 20:53:16.764,1.0178,1.0181,0.30,1.60
2008.04.16 20:53:17.034,1.0178,1.0181,0.30,1.60
2008.04.16 20:53:17.303,1.0178,1.01805,0.30,0.30
2008.04.16 20:53:17.605,1.0176,1.0179,0.30,0.10
2008.04.16 20:53:17.844,1.0176,1.0179,0.30,0.10
2008.04.16 20:53:18.060,1.0176,1.0179,0.30,0.10
2008.04.16 20:53:18.273,1.0176,1.0179,0.30,0.10
2008.04.16 20:53:18.485,1.0176,1.0179,0.30,0.10
2008.04.16 20:53:18.699,1.0176,1.0179,0.30,0.10
2008.04.16 20:53:18.913,1.0176,1.0179,0.30,0.10
2008.04.16 20:53:19.222,1.0176,1.0179,0.30,0.10
2008.04.16 20:53:19.462,1.0176,1.0179,0.30,0.10
2008.04.16 20:53:19.737,1.0176,1.0179,0.30,0.10
2008.04.16 20:53:20.012,1.0176,1.0179,0.30,0.10
2008.04.16 20:53:20.215,1.0176,1.0179,0.30,0.10
2008.04.16 20:53:20.420,1.0176,1.0179,0.30,0.10
2008.04.16 20:53:20.623,1.0176,1.0179,0.30,0.10
2008.04.16 20:53:20.856,1.0176,1.0179,0.30,0.10
2008.04.16 20:53:21.114,1.0176,1.0179,0.30,0.10
2008.04.16 20:53:21.372,1.0176,1.0179,0.30,0.10
2008.04.16 20:53:21.630,1.0176,1.0179,0.30,0.10
2008.04.16 20:53:21.888,1.0176,1.0179,0.30,0.10
2008.04.16 20:53:22.112,1.0176,1.0179,0.30,0.10
2008.04.16 20:53:22.335,1.0176,1.0179,0.30,0.10
2008.04.16 20:53:22.560,1.0176,1.0179,0.30,0.10
2008.04.16 20:53:22.784,1.0176,1.0179,0.30,0.10
2008.04.16 20:53:23.010,1.0176,1.0179,0.30,0.10
2008.04.16 20:53:23.289,1.0176,1.0179,0.30,0.10
2008.04.16 20:53:23.567,1.0176,1.0179,0.30,0.10
2008.04.16 20:53:23.846,1.0176,1.018,0.30,3.50
2008.04.16 20:53:24.070,1.0176,1.0181,0.30,3.80
2008.04.16 20:53:24.294,1.0176,1.018,0.30,0.30
2008.04.16 20:53:24.518,1.0176,1.0179,0.30,0.10
2008.04.16 20:53:24.742,1.0176,1.0179,0.30,0.10
2008.04.16 20:53:24.966,1.0176,1.0179,0.30,0.10
2008.04.16 20:53:25.203,1.0176,1.0179,0.30,0.10
2008.04.16 20:53:25.442,1.0176,1.0179,0.30,0.10
2008.04.16 20:53:25.703,1.0176,1.0179,0.30,0.10
2008.04.16 20:53:25.941,1.0176,1.0179,0.30,0.10
2008.04.16 20:53:26.171,1.0176,1.0179,0.30,0.10
2008.04.16 20:53:26.400,1.0176,1.018,0.30,1.60
2008.04.16 20:53:26.631,1.0176,1.0181,0.30,1.90
2008.04.16 20:53:26.859,1.0176,1.0181,0.30,1.90
2008.04.16 20:53:27.118,1.0176,1.0181,0.30,1.90
2008.04.16 20:53:27.351,1.0176,1.0181,0.30,2.20
2008.04.16 20:53:27.585,1.0176,1.0181,0.30,2.20
2008.04.16 20:53:27.852,1.0176,1.0181,0.30,2.20
2008.04.16 20:53:28.084,1.0176,1.0181,0.30,2.20
2008.04.16 20:53:28.308,1.0176,1.0181,0.30,2.20
2008.04.16 20:53:28.532,1.0176,1.0181,0.30,2.20
2008.04.16 20:53:28.755,1.0176,1.0181,0.30,2.20
2008.04.16 20:53:28.979,1.0176,1.0181,0.30,2.20
2008.04.16 20:53:29.217,1.0176,1.0181,0.30,2.20
2008.04.16 20:53:29.455,1.0176,1.0181,0.30,2.20
2008.04.16 20:53:29.693,1.0176,1.0181,0.30,2.20
2008.04.16 20:53:29.931,1.0176,1.0181,0.30,2.20
2008.04.16 20:53:30.170,1.0176,1.0181,0.30,2.20
2008.04.16 20:53:30.363,1.0176,1.0181,0.30,2.20
2008.04.16 20:53:30.557,1.0176,1.0181,0.30,2.20
2008.04.16 20:53:30.750,1.0176,1.0181,0.30,2.20
2008.04.16 20:53:30.943,1.0176,1.0181,0.30,2.20
2008.04.16 20:53:31.136,1.0176,1.0181,0.30,2.20
2008.04.16 20:53:31.435,1.0176,1.0181,0.30,2.20
2008.04.16 20:53:31.734,1.0176,1.0181,0.30,2.20
2008.04.16 20:53:32.032,1.0176,1.0181,0.30,2.20
2008.04.16 20:53:32.215,1.0176,1.0181,0.30,2.20
2008.04.16 20:53:32.399,1.0176,1.0181,0.30,2.20
2008.04.16 20:53:32.590,1.0176,1.0181,0.30,2.20
2008.04.16 20:53:32.774,1.0176,1.0181,0.30,2.20
2008.04.16 20:53:32.959,1.0176,1.0181,0.30,2.20
2008.04.16 20:53:33.144,1.0176,1.0181,0.30,2.20
2008.04.16 20:53:33.392,1.0176,1.0181,0.30,2.20
2008.04.16 20:53:33.640,1.0176,1.0181,0.30,2.20
2008.04.16 20:53:33.890,1.0176,1.0181,0.30,2.20
2008.04.16 20:53:34.171,1.0176,1.0181,0.30,2.20
2008.04.16 20:53:34.324,1.0176,1.0181,0.30,2.20
2008.04.16 20:53:34.540,1.0176,1.0181,0.30,2.20
2008.04.16 20:53:34.691,1.0176,1.0181,0.30,2.20
2008.04.16 20:53:34.905,1.0176,1.0181,0.30,2.20
2008.04.16 20:53:35.088,1.0176,1.0181,0.30,2.20
2008.04.16 20:53:35.274,1.0176,1.0181,0.30,2.20
2008.04.16 20:53:35.513,1.0176,1.0181,0.30,2.20
2008.04.16 20:53:35.752,1.0176,1.0181,0.30,2.20
2008.04.16 20:53:35.991,1.0176,1.0181,0.30,2.20
2008.04.16 20:53:36.229,1.0176,1.0181,0.30,2.20
2008.04.16 20:53:36.420,1.0177,1.0181,0.30,0.50
2008.04.16 20:53:36.609,1.0177,1.0181,0.30,0.10
2008.04.16 20:53:36.797,1.0177,1.0181,0.30,0.10
2008.04.16 20:53:36.986,1.0177,1.0181,0.30,0.10
2008.04.16 20:53:37.175,1.0177,1.0181,0.30,0.10
2008.04.16 20:53:37.384,1.0177,1.0181,0.30,0.10
2008.04.16 20:53:37.704,1.0178,1.0181,0.30,0.10
2008.04.16 20:53:37.960,1.0178,1.0181,0.30,0.10
2008.04.16 20:53:38.249,1.0178,1.0181,0.30,0.10
2008.04.16 20:53:38.423,1.0178,1.0181,0.30,0.10
2008.04.16 20:53:38.598,1.0178,1.0181,0.30,0.10
2008.04.16 20:53:38.772,1.0178,1.0181,0.30,0.10
2008.04.16 20:53:38.946,1.0178,1.0181,0.30,0.10
2008.04.16 20:53:39.124,1.0178,1.0181,0.30,1.60
2008.04.16 20:53:39.299,1.0178,1.0181,0.30,1.60
2008.04.16 20:53:39.573,1.0178,1.0181,0.30,1.60
2008.04.16 20:53:39.879,1.0178,1.01805,0.30,0.30
2008.04.16 20:53:40.154,1.0176,1.0179,0.30,0.10
2008.04.16 20:53:40.427,1.0176,1.0179,0.30,0.10
2008.04.16 20:53:40.613,1.0176,1.0179,0.30,0.10
2008.04.16 20:53:40.796,1.0176,1.0179,0.30,0.10
2008.04.16 20:53:40.980,1.0176,1.0179,0.30,0.10
2008.04.16 20:53:41.194,1.0176,1.0179,0.30,0.10
2008.04.16 20:53:41.378,1.0176,1.0179,0.30,0.10
2008.04.16 20:53:41.562,1.0176,1.0179,0.30,0.10
2008.04.16 20:53:41.855,1.0176,1.0179,0.30,0.10
2008.04.16 20:53:42.148,1.0176,1.0179,0.30,0.10
2008.04.16 20:53:42.442,1.0176,1.0179,0.30,0.10
2008.04.16 20:53:42.616,1.0176,1.0179,0.30,0.10
2008.04.16 20:53:42.789,1.0176,1.0179,0.30,0.10
2008.04.16 20:53:42.963,1.0176,1.0179,0.30,0.10
2008.04.16 20:53:43.137,1.0176,1.0179,0.30,0.10
2008.04.16 20:53:43.310,1.0176,1.0179,0.30,0.10
2008.04.16 20:53:43.484,1.0176,1.0179,0.30,0.10
2008.04.16 20:53:43.752,1.0176,1.0179,0.30,0.10
2008.04.16 20:53:44.020,1.0176,1.0179,0.30,0.10
2008.04.16 20:53:44.288,1.0176,1.0179,0.30,0.10
2008.04.16 20:53:44.556,1.0176,1.0179,0.30,0.10
2008.04.16 20:53:44.825,1.0176,1.0179,0.30,0.10
2008.04.16 20:53:44.995,1.0176,1.0179,0.30,0.10
2008.04.16 20:53:45.163,1.0176,1.0179,0.30,0.10
2008.04.16 20:53:45.333,1.0176,1.0179,0.30,0.10
2008.04.16 20:53:45.533,1.0176,1.0179,0.30,0.10
2008.04.16 20:53:45.701,1.0176,1.0179,0.30,0.10
2008.04.16 20:53:45.975,1.0176,1.0179,0.30,0.10
2008.04.16 20:53:46.248,1.0176,1.0179,0.30,0.10
2008.04.16 20:53:46.522,1.0177,1.018,0.30,1.60
2008.04.16 20:53:46.810,1.0177,1.018,0.30,0.10
2008.04.16 20:53:46.999,1.0178,1.0181,0.30,0.10
2008.04.16 20:53:47.188,1.0178,1.0181,0.30,0.10
2008.04.16 20:53:47.377,1.0178,1.0181,0.30,0.10
2008.04.16 20:53:47.566,1.0178,1.0181,0.30,0.10
2008.04.16 20:53:47.763,1.0178,1.0181,0.30,0.10
2008.04.16 20:53:47.993,1.0178,1.0181,0.30,0.10
2008.04.16 20:53:48.221,1.0178,1.0181,0.30,0.10
2008.04.16 20:53:48.451,1.0178,1.0181,0.30,0.10
2008.04.16 20:53:48.680,1.0178,1.0181,0.30,0.10
2008.04.16 20:53:48.914,1.0178,1.0181,0.30,0.10
2008.04.16 20:53:49.122,1.0178,1.0181,0.30,0.10
2008.04.16 20:53:49.336,1.0178,1.01795,0.30,0.30
2008.04.16 20:53:49.545,1.0176,1.0178,0.80,0.10
2008.04.16 20:53:49.786,1.0175,1.0178,1.80,0.10
2008.04.16 20:53:50.015,1.0175,1.0178,1.80,0.10
2008.04.16 20:53:50.281,1.0175,1.0178,1.80,0.10
2008.04.16 20:53:50.545,1.0176,1.0179,0.30,1.60
2008.04.16 20:53:50.809,1.0176,1.0181,0.30,2.20
2008.04.16 20:53:51.023,1.0176,1.0181,0.30,2.20
2008.04.16 20:53:51.236,1.0176,1.0181,0.30,2.20
2008.04.16 20:53:51.450,1.0176,1.0181,0.30,2.20
2008.04.16 20:53:51.664,1.0176,1.0181,0.30,3.80
2008.04.16 20:53:51.877,1.0176,1.0181,0.30,3.80
2008.04.16 20:53:52.102,1.0176,1.0181,0.30,3.80
2008.04.16 20:53:52.354,1.0176,1.0181,0.30,3.80
2008.04.16 20:53:52.580,1.0176,1.0181,0.30,3.80
2008.04.16 20:53:52.804,1.0176,1.0181,0.30,3.50
2008.04.16 20:53:53.023,1.0176,1.0181,0.30,3.50
2008.04.16 20:53:53.242,1.0176,1.0181,0.30,3.50
2008.04.16 20:53:53.495,1.0176,1.0181,0.30,3.50
2008.04.16 20:53:53.713,1.0176,1.0181,0.30,3.50
2008.04.16 20:53:53.931,1.0176,1.0181,0.30,3.50
2008.04.16 20:53:54.150,1.0176,1.0181,0.30,3.50
2008.04.16 20:53:54.368,1.0176,1.0181,0.30,3.50
2008.04.16 20:53:54.588,1.0176,1.0181,0.30,3.50
2008.04.16 20:53:54.806,1.0176,1.0181,0.30,3.50
2008.04.16 20:53:55.024,1.0176,1.0181,0.30,3.50
2008.04.16 20:53:55.307,1.0176,1.0181,0.30,3.50
2008.04.16 20:53:55.590,1.0176,1.0181,0.30,3.50
2008.04.16 20:53:55.873,1.0176,1.0181,0.30,3.50
2008.04.16 20:53:56.156,1.0176,1.0181,0.30,3.50
2008.04.16 20:53:56.320,1.0176,1.01805,0.30,0.30
2008.04.16 20:53:56.499,1.0176,1.018,0.30,0.10
2008.04.16 20:53:56.664,1.0176,1.018,0.30,1.90
2008.04.16 20:53:56.827,1.0176,1.018,0.30,1.60
2008.04.16 20:53:56.992,1.0176,1.018,0.30,0.10
2008.04.16 20:53:57.300,1.0176,1.018,0.30,0.10
2008.04.16 20:53:57.608,1.0176,1.018,0.30,0.10
2008.04.16 20:53:57.916,1.0176,1.018,0.30,0.10
2008.04.16 20:53:58.099,1.0176,1.018,0.30,0.10
2008.04.16 20:53:58.288,1.0176,1.018,0.30,0.10
2008.04.16 20:53:58.472,1.0176,1.018,0.30,0.10
2008.04.16 20:53:58.655,1.0176,1.018,0.30,0.10
2008.04.16 20:53:58.839,1.0176,1.018,0.30,0.10
2008.04.16 20:53:59.023,1.0176,1.018,0.30,0.10
2008.04.16 20:53:59.257,1.0176,1.018,0.30,0.10
2008.04.16 20:53:59.490,1.0176,1.018,0.30,0.10
2008.04.16 20:53:59.754,1.0176,1.018,0.30,0.10
2008.04.16 20:53:59.988,1.0176,1.018,0.30,0.10
2008.04.16 20:54:00.196,1.0176,1.018,0.30,0.10
2008.04.16 20:54:00.405,1.0176,1.018,0.30,0.10
2008.04.16 20:54:00.613,1.0176,1.018,0.30,0.10
2008.04.16 20:54:00.852,1.0176,1.018,0.30,0.10
2008.04.16 20:54:01.060,1.0176,1.018,0.30,0.10
2008.04.16 20:54:01.283,1.0176,1.018,0.30,0.10
2008.04.16 20:54:01.506,1.0176,1.018,0.30,0.10
2008.04.16 20:54:01.729,1.0176,1.018,0.30,0.10
2008.04.16 20:54:01.952,1.0176,1.018,0.30,0.10
2008.04.16 20:54:02.176,1.0176,1.018,0.30,0.10
2008.04.16 20:54:02.374,1.0176,1.018,0.30,0.10
2008.04.16 20:54:02.573,1.0176,1.018,0.30,0.10
2008.04.16 20:54:02.771,1.0176,1.018,0.30,0.10
2008.04.16 20:54:02.986,1.0176,1.018,0.30,0.10
2008.04.16 20:54:03.205,1.0176,1.018,0.30,0.10
2008.04.16 20:54:03.423,1.0176,1.018,0.30,0.10
2008.04.16 20:54:03.643,1.0176,1.018,0.30,0.10
2008.04.16 20:54:03.861,1.0176,1.018,0.30,0.10
2008.04.16 20:54:04.096,1.0176,1.018,0.30,0.10
2008.04.16 20:54:04.315,1.0176,1.018,0.30,0.10
2008.04.16 20:54:04.535,1.0176,1.018,0.30,0.10
2008.04.16 20:54:04.753,1.0176,1.018,0.30,0.10
2008.04.16 20:54:04.972,1.0176,1.018,0.30,0.10
2008.04.16 20:54:05.192,1.0176,1.018,0.30,0.10
2008.04.16 20:54:05.406,1.0176,1.018,0.30,0.10
2008.04.16 20:54:05.620,1.0176,1.018,0.30,0.10
2008.04.16 20:54:05.833,1.0176,1.018,0.30,0.10
2008.04.16 20:54:06.046,1.0176,1.018,0.30,0.10
2008.04.16 20:54:06.291,1.0176,1.018,0.30,0.10
2008.04.16 20:54:06.477,1.0176,1.018,0.30,0.10
2008.04.16 20:54:06.696,1.0176,1.018,0.30,0.10
2008.04.16 20:54:06.914,1.0176,1.018,0.30,0.40
2008.04.16 20:54:07.134,1.0176,1.0179,0.30,1.60
2008.04.16 20:54:07.352,1.0176,1.018,0.30,0.10
2008.04.16 20:54:07.571,1.0176,1.018,0.30,0.10
2008.04.16 20:54:07.790,1.0176,1.018,0.30,0.10
2008.04.16 20:54:08.009,1.0176,1.018,0.30,0.10
2008.04.16 20:54:08.228,1.0176,1.018,0.30,0.10
2008.04.16 20:54:08.443,1.0176,1.018,0.30,0.10
2008.04.16 20:54:08.680,1.0176,1.018,0.30,0.10
2008.04.16 20:54:08.894,1.0176,1.018,0.30,0.10
2008.04.16 20:54:09.108,1.0176,1.018,0.30,0.10
2008.04.16 20:54:09.326,1.0176,1.018,0.30,0.10
2008.04.16 20:54:09.545,1.0176,1.018,0.30,0.10
2008.04.16 20:54:09.764,1.0176,1.018,0.30,0.10
2008.04.16 20:54:09.983,1.0176,1.018,0.30,0.10
2008.04.16 20:54:10.202,1.0176,1.018,0.30,0.10
2008.04.16 20:54:10.431,1.0176,1.018,0.30,0.10
2008.04.16 20:54:10.659,1.0176,1.018,0.30,0.10
2008.04.16 20:54:10.889,1.0176,1.018,0.30,0.10
2008.04.16 20:54:11.117,1.0176,1.018,0.30,0.10
2008.04.16 20:54:11.336,1.0176,1.018,0.30,0.10
2008.04.16 20:54:11.555,1.0176,1.018,0.30,0.10
2008.04.16 20:54:11.774,1.0176,1.018,0.30,0.10
2008.04.16 20:54:11.993,1.0176,1.018,0.30,0.10
2008.04.16 20:54:12.212,1.0176,1.018,0.30,1.60
2008.04.16 20:54:12.471,1.0176,1.018,0.30,1.60
2008.04.16 20:54:12.729,1.0176,1.018,0.30,1.60
2008.04.16 20:54:12.988,1.0176,1.018,0.30,1.60
2008.04.16 20:54:13.246,1.0176,1.018,0.30,1.60
2008.04.16 20:54:13.440,1.0176,1.018,0.30,1.60
2008.04.16 20:54:13.634,1.0176,1.018,0.30,1.60
2008.04.16 20:54:13.857,1.0176,1.018,0.30,1.60
2008.04.16 20:54:14.050,1.0176,1.018,0.30,1.60
2008.04.16 20:54:14.244,1.0176,1.018,0.30,1.60
2008.04.16 20:54:14.501,1.0176,1.018,0.30,1.60
2008.04.16 20:54:14.757,1.0176,1.018,0.30,1.60
2008.04.16 20:54:15.014,1.0176,1.018,0.30,0.10
2008.04.16 20:54:15.268,1.0176,1.018,0.30,0.10
2008.04.16 20:54:15.472,1.0176,1.018,0.30,0.10
2008.04.16 20:54:15.677,1.0176,1.018,0.30,0.10
2008.04.16 20:54:15.881,1.0176,1.018,0.30,0.10
2008.04.16 20:54:16.086,1.0176,1.018,0.30,0.10
2008.04.16 20:54:16.288,1.0176,1.018,0.30,0.10
2008.04.16 20:54:16.557,1.0176,1.018,0.30,0.10
2008.04.16 20:54:16.825,1.0176,1.0181,1.80,0.10
2008.04.16 20:54:17.103,1.0176,1.0181,1.80,0.10
2008.04.16 20:54:17.414,1.0176,1.0181,1.80,0.10
2008.04.16 20:54:17.602,1.0176,1.0181,1.80,0.10
2008.04.16 20:54:17.826,1.0176,1.0181,1.80,0.10
2008.04.16 20:54:18.081,1.0176,1.0181,1.80,0.10
2008.04.16 20:54:18.304,1.0176,1.0181,1.80,0.10
2008.04.16 20:54:18.528,1.0176,1.0181,1.80,0.10
2008.04.16 20:54:18.752,1.0176,1.0181,1.80,0.10
2008.04.16 20:54:18.976,1.0176,1.0181,1.80,0.10
2008.04.16 20:54:19.230,1.0176,1.0181,1.80,0.10
2008.04.16 20:54:19.424,1.0176,1.0181,1.80,0.10
2008.04.16 20:54:19.632,1.0176,1.0181,1.80,0.10
2008.04.16 20:54:19.840,1.0176,1.0181,1.80,0.10
2008.04.16 20:54:20.048,1.0176,1.0181,1.80,0.10
2008.04.16 20:54:20.257,1.0176,1.0181,1.80,0.10
2008.04.16 20:54:20.464,1.0176,1.0181,1.80,0.10
2008.04.16 20:54:20.707,1.0176,1.0181,1.80,0.10
2008.04.16 20:54:20.951,1.0176,1.0181,1.80,0.10
2008.04.16 20:54:21.194,1.0176,1.0181,1.80,0.10
2008.04.16 20:54:21.436,1.0176,1.0181,1.80,0.10
2008.04.16 20:54:21.661,1.0176,1.0181,1.80,0.10
2008.04.16 20:54:21.863,1.0176,1.0181,1.80,0.10
2008.04.16 20:54:22.066,1.0176,1.0181,1.80,0.10
2008.04.16 20:54:22.270,1.0176,1.0181,1.80,0.10
2008.04.16 20:54:22.473,1.0176,1.0181,1.80,0.10
2008.04.16 20:54:22.701,1.0176,1.0181,1.80,0.10
2008.04.16 20:54:22.930,1.0176,1.0181,1.80,0.10
2008.04.16 20:54:23.161,1.0176,1.0181,1.80,0.10
2008.04.16 20:54:23.390,1.0176,1.0181,1.80,0.10
2008.04.16 20:54:23.594,1.0176,1.0181,1.80,0.10
2008.04.16 20:54:23.796,1.0176,1.0181,1.80,0.10
2008.04.16 20:54:24.000,1.0176,1.0181,1.80,0.10
2008.04.16 20:54:24.203,1.0176,1.0181,1.80,0.10
2008.04.16 20:54:24.407,1.0176,1.0181,1.80,0.10
2008.04.16 20:54:24.611,1.0176,1.0181,1.80,0.10
2008.04.16 20:54:24.813,1.0176,1.0181,1.80,0.10
2008.04.16 20:54:25.030,1.0176,1.0181,1.80,0.10
2008.04.16 20:54:25.234,1.0176,1.0181,1.80,0.10
2008.04.16 20:54:25.438,1.0176,1.0181,1.80,0.10
2008.04.16 20:54:25.667,1.0176,1.0181,1.80,0.10
2008.04.16 20:54:25.896,1.0176,1.0181,1.80,0.10
2008.04.16 20:54:26.125,1.0176,1.0181,1.80,0.10
2008.04.16 20:54:26.354,1.0176,1.0181,1.80,0.10
2008.04.16 20:54:26.587,1.0176,1.0181,1.80,0.10
2008.04.16 20:54:26.791,1.0176,1.0181,1.80,0.10
2008.04.16 20:54:26.995,1.0176,1.0181,1.80,0.10
2008.04.16 20:54:27.199,1.0176,1.0181,1.80,0.10
2008.04.16 20:54:27.403,1.0176,1.0181,1.80,0.10
2008.04.16 20:54:27.631,1.0176,1.0181,1.80,0.10
2008.04.16 20:54:27.860,1.0176,1.0181,1.80,0.10
2008.04.16 20:54:28.088,1.0176,1.0181,1.80,0.10
2008.04.16 20:54:28.317,1.0176,1.0181,1.80,0.10
2008.04.16 20:54:28.547,1.0176,1.0181,1.80,0.10
2008.04.16 20:54:28.796,1.0176,1.0181,1.80,0.10
2008.04.16 20:54:29.079,1.0176,1.0181,1.80,0.10
2008.04.16 20:54:29.329,1.0176,1.0181,1.80,0.10
2008.04.16 20:54:29.579,1.0176,1.0181,1.80,0.10
2008.04.16 20:54:29.771,1.0176,1.0181,1.80,0.10
2008.04.16 20:54:29.967,1.0176,1.0181,1.80,0.10
2008.04.16 20:54:30.191,1.0176,1.0181,1.80,0.10
2008.04.16 20:54:30.384,1.0176,1.0181,1.80,0.10
2008.04.16 20:54:30.578,1.0176,1.0181,1.80,0.10
2008.04.16 20:54:30.815,1.0176,1.0181,1.80,0.10
2008.04.16 20:54:31.054,1.0176,1.0181,1.80,0.10
2008.04.16 20:54:31.324,1.0178,1.0182,0.30,2.20
2008.04.16 20:54:31.532,1.0178,1.0182,0.30,2.20
2008.04.16 20:54:31.730,1.0178,1.0182,0.30,2.20
2008.04.16 20:54:31.929,1.0178,1.0182,0.30,2.20
2008.04.16 20:54:32.128,1.0178,1.0182,0.30,2.20
2008.04.16 20:54:32.326,1.0178,1.0182,0.30,2.20
2008.04.16 20:54:32.525,1.0178,1.0182,0.30,2.20
2008.04.16 20:54:32.774,1.0178,1.0182,0.30,2.20
2008.04.16 20:54:33.023,1.0178,1.0182,0.30,2.20
2008.04.16 20:54:33.278,1.0178,1.0182,0.30,2.20
2008.04.16 20:54:33.525,1.0178,1.0182,0.30,2.20
2008.04.16 20:54:33.718,1.0178,1.0182,0.30,2.20
2008.04.16 20:54:33.911,1.0178,1.0182,0.30,2.20
2008.04.16 20:54:34.103,1.0178,1.0182,0.30,2.20
2008.04.16 20:54:34.327,1.0178,1.0182,0.30,2.20
2008.04.16 20:54:34.522,1.0178,1.0182,0.30,2.20
2008.04.16 20:54:34.715,1.0178,1.0182,0.30,2.20
2008.04.16 20:54:34.966,1.0178,1.0182,0.30,2.20
2008.04.16 20:54:35.215,1.0178,1.0182,0.30,2.20
2008.04.16 20:54:35.464,1.0178,1.0182,0.30,2.20
2008.04.16 20:54:35.711,1.0178,1.0182,0.30,2.20
2008.04.16 20:54:35.899,1.0178,1.0182,0.30,2.20
2008.04.16 20:54:36.087,1.0178,1.0182,0.30,2.20
2008.04.16 20:54:36.276,1.0178,1.0182,0.30,2.20
2008.04.16 20:54:36.497,1.0178,1.0182,0.30,2.00
2008.04.16 20:54:36.685,1.0178,1.0182,0.30,1.80
2008.04.16 20:54:36.934,1.0178,1.0182,0.30,1.80
2008.04.16 20:54:37.183,1.0178,1.0182,0.30,1.80
2008.04.16 20:54:37.431,1.0178,1.0182,0.30,1.80
2008.04.16 20:54:37.679,1.0178,1.0182,0.30,1.80
2008.04.16 20:54:37.892,1.0178,1.0182,0.30,1.80
2008.04.16 20:54:38.105,1.0178,1.0182,0.30,1.80
2008.04.16 20:54:38.318,1.0178,1.0182,0.30,1.80
2008.04.16 20:54:38.533,1.0178,1.0182,0.30,1.80
2008.04.16 20:54:38.749,1.0178,1.0182,0.30,1.80
2008.04.16 20:54:38.987,1.0178,1.0182,0.30,1.80
2008.04.16 20:54:39.259,1.0178,1.0182,0.30,1.80
2008.04.16 20:54:39.497,1.0178,1.0182,0.30,1.80
2008.04.16 20:54:39.736,1.0178,1.0182,0.30,1.80
2008.04.16 20:54:39.940,1.0178,1.0182,0.30,1.80
2008.04.16 20:54:40.143,1.0178,1.0182,0.30,1.80
2008.04.16 20:54:40.347,1.0178,1.0182,0.30,1.80
2008.04.16 20:54:40.551,1.0178,1.0182,0.30,1.80
2008.04.16 20:54:40.773,1.0178,1.0182,0.30,1.80
2008.04.16 20:54:40.987,1.0178,1.0182,0.30,1.80
2008.04.16 20:54:41.200,1.0178,1.0182,0.30,1.80
2008.04.16 20:54:41.413,1.0178,1.0182,0.30,1.80
2008.04.16 20:54:41.627,1.0178,1.0182,0.30,1.80
2008.04.16 20:54:41.840,1.0178,1.0182,0.30,1.80
2008.04.16 20:54:42.064,1.0178,1.0182,0.30,1.80
2008.04.16 20:54:42.323,1.0178,1.0182,0.30,1.80
2008.04.16 20:54:42.549,1.0178,1.0182,0.30,1.80
2008.04.16 20:54:42.771,1.0178,1.0182,0.30,1.80
2008.04.16 20:54:42.960,1.0178,1.0182,0.30,1.80
2008.04.16 20:54:43.148,1.0178,1.0182,0.30,1.80
2008.04.16 20:54:43.337,1.0178,1.0182,0.30,1.80
2008.04.16 20:54:43.525,1.0178,1.0182,0.30,1.80
2008.04.16 20:54:43.733,1.0178,1.0182,0.30,1.80
2008.04.16 20:54:43.971,1.0178,1.0182,0.30,1.80
2008.04.16 20:54:44.209,1.0178,1.0182,0.30,1.80
2008.04.16 20:54:44.448,1.0178,1.0182,0.30,1.80
2008.04.16 20:54:44.686,1.0178,1.0182,0.30,1.80
2008.04.16 20:54:44.925,1.0178,1.0182,0.30,1.80
2008.04.16 20:54:45.169,1.0178,1.0182,0.30,1.80
2008.04.16 20:54:45.412,1.0178,1.0182,0.30,1.80
2008.04.16 20:54:45.656,1.0178,1.0182,0.30,1.80
2008.04.16 20:54:45.901,1.0178,1.0182,0.30,1.80
2008.04.16 20:54:46.094,1.0178,1.0182,0.30,1.80
2008.04.16 20:54:46.288,1.0178,1.0182,0.30,1.80
2008.04.16 20:54:46.482,1.0178,1.0182,0.30,1.80
2008.04.16 20:54:46.676,1.0178,1.0182,0.30,1.80
2008.04.16 20:54:46.870,1.0178,1.0182,0.30,1.80
2008.04.16 20:54:47.093,1.0178,1.0182,0.30,1.80
2008.04.16 20:54:47.348,1.0178,1.0182,0.30,1.80
2008.04.16 20:54:47.571,1.0178,1.0182,0.30,1.80
2008.04.16 20:54:47.796,1.0178,1.0182,0.30,1.80
2008.04.16 20:54:48.018,1.0178,1.0182,0.30,1.80
2008.04.16 20:54:48.222,1.0178,1.0182,0.30,1.80
2008.04.16 20:54:48.456,1.0178,1.0182,0.30,1.80
2008.04.16 20:54:48.660,1.0178,1.0182,0.30,1.80
2008.04.16 20:54:48.863,1.0178,1.0182,0.30,1.80
2008.04.16 20:54:49.087,1.0178,1.0182,0.30,1.80
2008.04.16 20:54:49.311,1.0178,1.0182,0.30,1.80
2008.04.16 20:54:49.541,1.0178,1.0182,0.30,1.80
2008.04.16 20:54:49.765,1.0178,1.0182,0.30,1.80
2008.04.16 20:54:49.989,1.0177,1.0182,0.30,1.80
2008.04.16 20:54:50.218,1.0177,1.0182,0.30,1.80
2008.04.16 20:54:50.446,1.0177,1.0182,0.30,1.80
2008.04.16 20:54:50.675,1.0177,1.0182,0.30,1.80
2008.04.16 20:54:50.905,1.0177,1.0182,0.30,1.80
2008.04.16 20:54:51.114,1.0177,1.0182,0.30,1.80
2008.04.16 20:54:51.329,1.0177,1.0182,0.30,1.80
2008.04.16 20:54:51.538,1.0177,1.0182,0.30,1.80
2008.04.16 20:54:51.747,1.0177,1.0182,0.30,1.80
2008.04.16 20:54:51.955,1.0177,1.0182,0.30,1.80
2008.04.16 20:54:52.178,1.0177,1.0182,0.30,1.80
2008.04.16 20:54:52.424,1.0177,1.0182,0.30,1.80
2008.04.16 20:54:52.648,1.0177,1.0182,0.30,1.80
2008.04.16 20:54:52.872,1.0177,1.0182,0.30,1.80
2008.04.16 20:54:53.095,1.0177,1.0182,0.30,1.80
2008.04.16 20:54:53.323,1.0177,1.0182,0.30,1.80
2008.04.16 20:54:53.552,1.0177,1.0182,0.30,1.80
2008.04.16 20:54:53.781,1.0177,1.0182,0.30,1.80
2008.04.16 20:54:54.009,1.0177,1.0182,0.30,1.80
2008.04.16 20:54:54.237,1.0177,1.0182,0.30,1.80
2008.04.16 20:54:54.430,1.0177,1.0182,0.30,1.80
2008.04.16 20:54:54.624,1.0177,1.0182,0.30,1.80
2008.04.16 20:54:54.848,1.0177,1.0182,0.30,1.80
2008.04.16 20:54:55.011,1.0177,1.0182,0.30,1.80
2008.04.16 20:54:55.274,1.0177,1.0182,0.30,1.80
2008.04.16 20:54:55.538,1.0177,1.0182,0.30,1.80
2008.04.16 20:54:55.802,1.0177,1.0182,0.30,1.80
2008.04.16 20:54:56.065,1.0177,1.0182,0.30,1.80
2008.04.16 20:54:56.259,1.0177,1.0182,0.30,1.80
2008.04.16 20:54:56.453,1.0177,1.0182,0.30,1.80
2008.04.16 20:54:56.648,1.0177,1.0182,0.30,1.80
2008.04.16 20:54:56.844,1.0177,1.0182,0.30,1.80
2008.04.16 20:54:57.070,1.0177,1.0182,0.30,1.80
2008.04.16 20:54:57.309,1.0177,1.0182,0.30,1.80
2008.04.16 20:54:57.548,1.0177,1.0182,0.30,1.80
2008.04.16 20:54:57.787,1.0177,1.0182,0.30,1.80
2008.04.16 20:54:58.026,1.0177,1.0182,0.30,1.80
2008.04.16 20:54:58.264,1.0177,1.0182,0.30,1.80
2008.04.16 20:54:58.474,1.0177,1.0182,0.30,1.80
2008.04.16 20:54:58.682,1.0177,1.0182,0.30,1.80
2008.04.16 20:54:58.892,1.0177,1.0182,0.30,1.80
2008.04.16 20:54:59.102,1.0177,1.0182,0.30,1.80
2008.04.16 20:54:59.340,1.0177,1.0182,0.30,1.80
2008.04.16 20:54:59.579,1.0177,1.0182,0.30,1.80
2008.04.16 20:54:59.818,1.0177,1.0182,0.30,1.80
2008.04.16 20:55:00.062,1.0177,1.0182,0.30,1.80
2008.04.16 20:55:00.301,1.0177,1.0182,0.30,1.80
2008.04.16 20:55:00.500,1.0177,1.0182,0.30,1.80
2008.04.16 20:55:00.699,1.0177,1.0182,0.30,1.80
2008.04.16 20:55:00.898,1.0177,1.0182,0.30,1.80
2008.04.16 20:55:01.097,1.0177,1.0182,0.30,1.80
2008.04.16 20:55:01.295,1.0177,1.0182,0.30,1.80
2008.04.16 20:55:01.568,1.0177,1.0182,0.30,1.60
2008.04.16 20:55:01.842,1.0177,1.0182,0.30,1.60
2008.04.16 20:55:02.116,1.0177,1.0182,0.30,1.60
2008.04.16 20:55:02.389,1.0177,1.0182,0.30,1.60
2008.04.16 20:55:02.592,1.0177,1.0182,0.30,1.60
2008.04.16 20:55:02.796,1.0177,1.0182,0.30,1.60
2008.04.16 20:55:03.000,1.0177,1.0182,0.30,1.60
2008.04.16 20:55:03.205,1.0177,1.0182,0.30,1.60
2008.04.16 20:55:03.414,1.0177,1.0182,0.30,1.60
2008.04.16 20:55:03.623,1.0177,1.0182,0.30,1.60
2008.04.16 20:55:03.830,1.0177,1.0182,0.30,1.60
2008.04.16 20:55:04.069,1.0177,1.0182,0.30,1.60
2008.04.16 20:55:04.247,1.0177,1.0182,0.30,1.60
2008.04.16 20:55:04.511,1.0177,1.0182,0.30,1.60
2008.04.16 20:55:04.774,1.0177,1.0182,0.30,1.60
2008.04.16 20:55:05.065,1.0177,1.0182,0.30,1.60
2008.04.16 20:55:05.329,1.0177,1.0182,0.30,1.60
2008.04.16 20:55:06.503,1.0177,1.0182,0.30,1.60
2008.04.16 20:55:06.540,1.0177,1.0182,0.30,1.60
2008.04.16 20:55:06.610,1.0177,1.0182,0.30,1.60
2008.04.16 20:55:06.647,1.0177,1.0182,0.30,1.60
2008.04.16 20:55:06.726,1.0177,1.0182,0.30,1.60
2008.04.16 20:55:06.766,1.0177,1.0182,0.30,1.60
2008.04.16 20:55:06.835,1.0177,1.0182,0.30,1.60
2008.04.16 20:55:06.873,1.0177,1.0182,0.30,1.60
2008.04.16 20:55:06.942,1.0177,1.0182,0.30,1.60
2008.04.16 20:55:06.954,1.0177,1.0182,0.30,1.60
2008.04.16 20:55:06.993,1.0177,1.0182,0.30,1.60
2008.04.16 20:55:07.068,1.0177,1.0182,0.30,1.60
2008.04.16 20:55:07.110,1.0177,1.0182,0.30,1.60
2008.04.16 20:55:07.178,1.0177,1.0182,0.30,1.60
2008.04.16 20:55:07.218,1.0177,1.0182,0.30,1.60
2008.04.16 20:55:07.284,1.0177,1.0182,0.30,1.60
2008.04.16 20:55:07.325,1.0177,1.0182,0.30,1.60
2008.04.16 20:55:07.394,1.0177,1.0182,0.30,1.60
2008.04.16 20:55:07.436,1.0177,1.0182,0.30,1.60
2008.04.16 20:55:07.502,1.0177,1.0182,0.30,1.60
2008.04.16 20:55:07.833,1.0177,1.0182,0.30,1.60
2008.04.16 20:55:08.167,1.0177,1.0182,0.30,1.60
2008.04.16 20:55:08.500,1.0177,1.0182,0.30,1.60
2008.04.16 20:55:08.834,1.0177,1.0182,0.30,1.60
2008.04.16 20:55:09.008,1.0177,1.0182,0.30,1.60
2008.04.16 20:55:09.181,1.0177,1.0182,0.30,1.60
2008.04.16 20:55:09.354,1.0177,1.0182,0.30,1.60
2008.04.16 20:55:09.528,1.0177,1.0182,0.30,1.60
2008.04.16 20:55:09.701,1.0177,1.0182,0.30,1.60
2008.04.16 20:55:09.970,1.0177,1.0182,0.30,1.60
2008.04.16 20:55:10.238,1.0177,1.0182,0.30,1.60
2008.04.16 20:55:10.506,1.0177,1.0182,0.30,1.60
2008.04.16 20:55:10.774,1.0177,1.0182,0.30,1.60
2008.04.16 20:55:10.953,1.0177,1.0182,0.30,1.60
2008.04.16 20:55:11.132,1.0177,1.0182,0.30,1.60
2008.04.16 20:55:11.311,1.0177,1.0182,0.30,1.60
2008.04.16 20:55:11.495,1.0177,1.0182,0.30,1.60
2008.04.16 20:55:11.674,1.0177,1.0182,0.30,1.60
2008.04.16 20:55:11.922,1.0177,1.0182,0.30,1.60
2008.04.16 20:55:12.171,1.0177,1.0182,0.30,1.60
2008.04.16 20:55:12.420,1.0177,1.0182,0.30,1.60
2008.04.16 20:55:12.669,1.0177,1.0182,0.30,1.60
2008.04.16 20:55:12.878,1.0177,1.0182,0.30,1.60
2008.04.16 20:55:13.087,1.0177,1.0182,0.30,1.60
2008.04.16 20:55:13.300,1.0177,1.0182,0.30,1.60
2008.04.16 20:55:13.509,1.0177,1.0182,0.30,1.60
2008.04.16 20:55:13.718,1.0177,1.0182,0.30,1.60
2008.04.16 20:55:13.988,1.0177,1.0182,0.30,1.60
2008.04.16 20:55:14.226,1.0177,1.0182,0.30,1.60
2008.04.16 20:55:14.463,1.0177,1.0182,0.30,1.60
2008.04.16 20:55:14.702,1.0177,1.0182,0.30,1.60
2008.04.16 20:55:14.920,1.0177,1.0182,0.30,1.60
2008.04.16 20:55:15.139,1.0177,1.0182,0.30,1.60
2008.04.16 20:55:15.358,1.0177,1.0182,0.30,1.60
2008.04.16 20:55:15.577,1.0177,1.0182,0.30,1.60
2008.04.16 20:55:15.795,1.0177,1.0182,0.30,1.60
2008.04.16 20:55:16.024,1.0177,1.0182,0.30,1.60
2008.04.16 20:55:16.253,1.0177,1.0182,0.30,1.60
2008.04.16 20:55:16.482,1.0177,1.0182,0.30,1.60
2008.04.16 20:55:16.711,1.0177,1.0182,0.30,1.60
2008.04.16 20:55:16.919,1.0177,1.0182,0.30,1.60
2008.04.16 20:55:17.129,1.0177,1.0182,0.30,1.60
2008.04.16 20:55:17.337,1.0177,1.0182,0.30,1.60
2008.04.16 20:55:17.546,1.0177,1.0182,0.30,1.60
2008.04.16 20:55:17.754,1.0177,1.0182,0.30,1.60
2008.04.16 20:55:18.006,1.0177,1.0182,0.30,1.60
2008.04.16 20:55:18.229,1.0177,1.0182,0.30,1.60
2008.04.16 20:55:18.451,1.0177,1.0182,0.30,1.60
2008.04.16 20:55:18.676,1.0177,1.0182,0.30,1.60
2008.04.16 20:55:18.899,1.0177,1.0182,0.30,1.60
2008.04.16 20:55:19.123,1.0177,1.0182,0.30,1.60
2008.04.16 20:55:19.347,1.0177,1.0182,0.30,1.60
2008.04.16 20:55:19.571,1.0177,1.0182,0.30,1.60
2008.04.16 20:55:19.795,1.0177,1.0182,0.30,1.60
2008.04.16 20:55:20.039,1.0177,1.0182,0.30,1.60
2008.04.16 20:55:20.283,1.0177,1.0182,0.30,1.60
2008.04.16 20:55:20.526,1.0177,1.0182,0.30,1.60
2008.04.16 20:55:20.770,1.0177,1.0182,0.30,1.60
2008.04.16 20:55:21.013,1.0176,1.0182,2.30,1.60
2008.04.16 20:55:21.219,1.0176,1.0181,0.40,1.60
2008.04.16 20:55:21.454,1.0176,1.0181,0.40,1.60
2008.04.16 20:55:21.626,1.0176,1.0181,0.40,1.60
2008.04.16 20:55:21.830,1.0176,1.0181,0.40,1.90
2008.04.16 20:55:22.034,1.0176,1.0181,0.40,1.90
2008.04.16 20:55:22.273,1.0176,1.0181,0.40,1.90
2008.04.16 20:55:22.512,1.0176,1.0181,0.40,1.90
2008.04.16 20:55:22.750,1.0176,1.0181,0.40,1.90
2008.04.16 20:55:22.989,1.0176,1.0181,0.40,1.90
2008.04.16 20:55:23.198,1.0176,1.0181,0.40,1.90
2008.04.16 20:55:23.408,1.0176,1.0181,0.40,1.90
2008.04.16 20:55:23.617,1.0176,1.0181,0.40,1.90
2008.04.16 20:55:23.826,1.0176,1.0181,0.40,1.90
2008.04.16 20:55:24.035,1.0176,1.0181,0.40,1.90
2008.04.16 20:55:24.268,1.0176,1.0181,0.40,1.90
2008.04.16 20:55:24.501,1.0176,1.0181,0.40,1.90
2008.04.16 20:55:24.734,1.0176,1.0181,0.40,1.90
2008.04.16 20:55:24.968,1.0176,1.0181,0.40,1.90
2008.04.16 20:55:25.176,1.0176,1.0181,0.40,1.90
2008.04.16 20:55:25.385,1.0176,1.0181,0.40,1.90
2008.04.16 20:55:25.623,1.0176,1.0181,0.40,1.90
2008.04.16 20:55:25.831,1.0176,1.0181,0.40,1.90
2008.04.16 20:55:26.041,1.0176,1.0181,0.40,1.90
2008.04.16 20:55:26.280,1.0176,1.0181,0.40,1.90
2008.04.16 20:55:26.519,1.0176,1.0181,0.40,1.90
2008.04.16 20:55:26.758,1.0176,1.0181,0.40,1.90
2008.04.16 20:55:26.997,1.0176,1.0181,0.40,1.90
2008.04.16 20:55:27.221,1.0176,1.0181,0.40,1.90
2008.04.16 20:55:27.446,1.0176,1.0181,0.40,1.90
2008.04.16 20:55:27.670,1.0176,1.0181,0.40,1.90
2008.04.16 20:55:27.894,1.0176,1.0181,0.40,1.90
2008.04.16 20:55:28.148,1.0176,1.0181,0.40,1.90
2008.04.16 20:55:28.331,1.0176,1.0181,0.40,1.90
2008.04.16 20:55:28.546,1.0176,1.0181,0.40,1.90
2008.04.16 20:55:28.759,1.0176,1.0181,0.40,1.90
2008.04.16 20:55:28.973,1.0176,1.0181,0.40,1.90
2008.04.16 20:55:29.187,1.0176,1.0181,0.40,1.90
2008.04.16 20:55:29.425,1.0176,1.0181,0.40,1.90
2008.04.16 20:55:29.664,1.0176,1.0181,0.40,1.90
2008.04.16 20:55:29.915,1.0176,1.0181,0.40,1.60
2008.04.16 20:55:30.155,1.0176,1.0181,0.40,1.60
2008.04.16 20:55:30.369,1.0176,1.0181,0.40,1.60
2008.04.16 20:55:30.601,1.0176,1.0181,0.40,1.60
2008.04.16 20:55:30.814,1.0176,1.0181,0.40,1.60
2008.04.16 20:55:31.028,1.0176,1.0181,0.40,1.60
2008.04.16 20:55:31.241,1.0176,1.0181,0.40,1.60
2008.04.16 20:55:31.487,1.0176,1.0181,0.40,1.60
2008.04.16 20:55:31.730,1.0176,1.0181,0.40,1.60
2008.04.16 20:55:31.972,1.0176,1.0181,0.40,1.60
2008.04.16 20:55:32.216,1.0176,1.0181,0.40,1.60
2008.04.16 20:55:32.424,1.0176,1.0181,0.40,1.60
2008.04.16 20:55:32.632,1.0176,1.0181,0.40,1.60
2008.04.16 20:55:32.840,1.0176,1.0181,0.40,1.60
2008.04.16 20:55:33.050,1.0176,1.0181,0.40,1.60
2008.04.16 20:55:33.258,1.0176,1.0181,0.40,1.60
2008.04.16 20:55:33.462,1.0176,1.0181,0.40,1.60
2008.04.16 20:55:33.666,1.0176,1.0181,0.40,1.60
2008.04.16 20:55:33.869,1.0176,1.0181,0.40,1.60
2008.04.16 20:55:34.073,1.0176,1.0181,0.40,1.60
2008.04.16 20:55:34.276,1.0176,1.0181,0.40,1.60
2008.04.16 20:55:34.505,1.0176,1.0181,0.40,1.60
2008.04.16 20:55:34.734,1.0176,1.0181,0.40,1.60
2008.04.16 20:55:34.963,1.0176,1.0181,0.40,1.60
2008.04.16 20:55:35.192,1.0176,1.0181,0.40,1.60
2008.04.16 20:55:35.446,1.0176,1.0182,2.30,1.90
2008.04.16 20:55:35.669,1.0176,1.0182,2.30,1.60
2008.04.16 20:55:35.892,1.0176,1.0182,2.30,1.60
2008.04.16 20:55:36.116,1.0176,1.018,0.70,3.20
2008.04.16 20:55:36.340,1.0176,1.018,0.50,3.20
2008.04.16 20:55:36.594,1.0176,1.018,0.50,3.20
2008.04.16 20:55:36.847,1.0176,1.018,0.50,3.20
2008.04.16 20:55:37.101,1.0176,1.018,0.50,3.20
2008.04.16 20:55:37.354,1.0176,1.018,0.50,3.20
2008.04.16 20:55:37.552,1.0176,1.018,0.50,3.20
2008.04.16 20:55:37.750,1.0176,1.018,0.50,3.20
2008.04.16 20:55:37.948,1.0176,1.018,0.50,3.20
2008.04.16 20:55:38.148,1.0176,1.018,0.50,3.20
2008.04.16 20:55:38.346,1.0176,1.018,0.50,3.20
2008.04.16 20:55:38.581,1.0176,1.018,0.50,3.20
2008.04.16 20:55:38.816,1.0176,1.018,0.50,3.20
2008.04.16 20:55:39.048,1.0176,1.018,0.50,3.20
2008.04.16 20:55:39.281,1.0176,1.018,0.50,3.20
2008.04.16 20:55:39.485,1.0176,1.018,0.50,3.20
2008.04.16 20:55:39.689,1.0176,1.018,0.50,3.20
2008.04.16 20:55:39.893,1.0176,1.018,0.50,3.20
2008.04.16 20:55:40.097,1.0176,1.018,0.50,3.20
2008.04.16 20:55:40.301,1.0176,1.018,0.50,3.20
2008.04.16 20:55:40.544,1.0176,1.018,0.50,3.20
2008.04.16 20:55:40.810,1.0176,1.018,0.50,3.20
2008.04.16 20:55:41.054,1.0176,1.018,0.50,3.20
2008.04.16 20:55:41.298,1.0176,1.018,0.50,3.20
2008.04.16 20:55:41.506,1.0176,1.018,0.50,3.20
2008.04.16 20:55:41.715,1.0176,1.018,0.50,3.20
2008.04.16 20:55:41.924,1.0176,1.018,0.50,3.20
2008.04.16 20:55:42.133,1.0176,1.018,0.50,3.20
2008.04.16 20:55:42.360,1.0176,1.018,0.50,3.20
2008.04.16 20:55:42.568,1.0176,1.018,0.50,3.20
2008.04.16 20:55:42.781,1.0176,1.018,0.50,3.20
2008.04.16 20:55:42.995,1.0176,1.018,0.50,3.20
2008.04.16 20:55:43.208,1.0176,1.018,0.50,3.20
2008.04.16 20:55:43.422,1.0176,1.018,0.50,3.20
2008.04.16 20:55:43.636,1.0176,1.018,0.50,3.20
2008.04.16 20:55:43.849,1.0176,1.018,0.50,3.20
2008.04.16 20:55:44.062,1.0176,1.018,0.50,3.60
2008.04.16 20:55:44.277,1.0176,1.0179,0.40,3.60
2008.04.16 20:55:44.492,1.0176,1.0179,0.40,3.60
2008.04.16 20:55:44.772,1.0176,1.0179,0.40,1.60
2008.04.16 20:55:45.020,1.0176,1.0179,0.40,1.60
2008.04.16 20:55:45.268,1.0176,1.0179,0.40,3.20
2008.04.16 20:55:45.519,1.0176,1.0179,0.40,3.60
2008.04.16 20:55:45.733,1.0176,1.0179,0.40,2.00
2008.04.16 20:55:45.947,1.0176,1.0179,0.40,1.60
2008.04.16 20:55:46.160,1.0176,1.0179,0.40,1.60
2008.04.16 20:55:46.373,1.0176,1.0179,0.40,1.60
2008.04.16 20:55:46.587,1.0176,1.0179,0.40,1.60
2008.04.16 20:55:46.790,1.0176,1.0179,0.40,1.60
2008.04.16 20:55:46.994,1.0176,1.0179,0.40,1.60
2008.04.16 20:55:47.197,1.0176,1.0179,0.40,1.60
2008.04.16 20:55:47.401,1.0176,1.0179,0.40,1.60
2008.04.16 20:55:47.622,1.0176,1.0179,0.40,1.60
2008.04.16 20:55:47.852,1.0176,1.0179,0.40,1.60
2008.04.16 20:55:48.081,1.0176,1.0179,0.40,0.10
2008.04.16 20:55:48.341,1.0176,1.0179,0.40,0.10
2008.04.16 20:55:48.569,1.0176,1.0179,0.40,0.10
2008.04.16 20:55:48.803,1.0176,1.0179,0.40,0.10
2008.04.16 20:55:49.036,1.0176,1.0179,0.40,0.10
2008.04.16 20:55:49.270,1.0176,1.0179,0.40,0.10
2008.04.16 20:55:49.503,1.0176,1.0179,0.40,0.10
2008.04.16 20:55:49.738,1.0176,1.0179,0.40,0.10
2008.04.16 20:55:49.941,1.0176,1.0179,0.40,0.10
2008.04.16 20:55:50.146,1.0176,1.0179,0.40,0.10
2008.04.16 20:55:50.350,1.0176,1.0179,0.40,0.10
2008.04.16 20:55:50.556,1.0176,1.0179,0.40,0.10
2008.04.16 20:55:50.790,1.0176,1.0179,0.40,0.10
2008.04.16 20:55:51.025,1.0176,1.0179,0.40,0.10
2008.04.16 20:55:51.258,1.0176,1.0179,0.40,0.10
2008.04.16 20:55:51.493,1.0176,1.0179,0.40,0.10
2008.04.16 20:55:51.757,1.0176,1.0179,0.40,0.10
2008.04.16 20:55:51.920,1.0176,1.0179,0.40,0.10
2008.04.16 20:55:52.113,1.0176,1.0179,0.40,0.10
2008.04.16 20:55:52.307,1.0176,1.0179,0.40,0.10
2008.04.16 20:55:52.501,1.0176,1.0179,0.40,0.10
2008.04.16 20:55:52.694,1.0176,1.0179,0.40,0.10
2008.04.16 20:55:52.918,1.0176,1.0179,0.40,0.10
2008.04.16 20:55:53.143,1.0176,1.0179,0.40,0.10
2008.04.16 20:55:53.366,1.0176,1.0179,0.40,0.10
2008.04.16 20:55:53.624,1.0176,1.0179,0.40,0.10
2008.04.16 20:55:53.831,1.0176,1.0179,0.40,0.10
2008.04.16 20:55:54.040,1.0176,1.0179,0.40,0.10
2008.04.16 20:55:54.249,1.0176,1.0179,0.40,0.10
2008.04.16 20:55:54.457,1.0176,1.0179,0.40,0.10
2008.04.16 20:55:54.666,1.0176,1.0179,0.40,0.10
2008.04.16 20:55:54.865,1.0176,1.0179,0.40,0.10
2008.04.16 20:55:55.063,1.0176,1.0179,0.40,0.10
2008.04.16 20:55:55.262,1.0176,1.0179,0.40,0.10
2008.04.16 20:55:55.477,1.0176,1.0179,0.40,0.10
2008.04.16 20:55:55.675,1.0176,1.0179,0.40,0.10
2008.04.16 20:55:55.911,1.0176,1.0179,0.40,0.10
2008.04.16 20:55:56.145,1.0176,1.0179,0.40,0.10
2008.04.16 20:55:56.380,1.0176,1.0179,0.40,0.10
2008.04.16 20:55:56.648,1.0176,1.0179,0.40,0.10
2008.04.16 20:55:56.880,1.0176,1.0179,0.40,0.10
2008.04.16 20:55:57.078,1.0176,1.0179,0.40,0.10
2008.04.16 20:55:57.279,1.0176,1.0179,0.40,0.10
2008.04.16 20:55:57.476,1.0176,1.0179,0.40,0.10
2008.04.16 20:55:57.681,1.0176,1.0179,0.40,0.10
2008.04.16 20:55:57.879,1.0176,1.0179,0.40,0.10
2008.04.16 20:55:58.108,1.0176,1.0179,0.40,0.10
2008.04.16 20:55:58.339,1.0176,1.0179,0.40,0.10
2008.04.16 20:55:58.602,1.0176,1.0179,0.40,0.10
2008.04.16 20:55:58.799,1.0176,1.0179,0.40,0.10
2008.04.16 20:55:59.059,1.0176,1.0179,0.40,0.10
2008.04.16 20:55:59.319,1.0176,1.0179,0.40,0.10
2008.04.16 20:55:59.578,1.0176,1.0179,0.40,0.10
2008.04.16 20:55:59.846,1.0176,1.0179,0.40,0.10
2008.04.16 20:56:00.090,1.0176,1.0179,0.40,0.10
2008.04.16 20:56:00.335,1.0176,1.0179,0.40,0.10
2008.04.16 20:56:00.579,1.0176,1.0179,0.40,0.10
2008.04.16 20:56:00.856,1.0176,1.0179,0.40,0.10
2008.04.16 20:56:01.084,1.0176,1.0179,0.40,0.10
2008.04.16 20:56:01.313,1.0176,1.0179,0.40,0.10
2008.04.16 20:56:01.542,1.0176,1.0179,0.40,0.10
2008.04.16 20:56:01.771,1.0176,1.0179,0.40,0.10
2008.04.16 20:56:01.999,1.0176,1.0179,0.40,0.10
2008.04.16 20:56:02.243,1.0176,1.0179,0.40,0.10
2008.04.16 20:56:02.487,1.0176,1.0179,0.40,0.10
2008.04.16 20:56:02.774,1.0176,1.0179,0.40,0.10
2008.04.16 20:56:02.974,1.0176,1.0179,0.40,0.10
2008.04.16 20:56:03.187,1.0176,1.0179,0.40,0.10
2008.04.16 20:56:03.401,1.0176,1.0179,0.40,0.10
2008.04.16 20:56:03.614,1.0176,1.0179,0.40,0.10
2008.04.16 20:56:03.836,1.0176,1.0179,0.40,0.10
2008.04.16 20:56:04.059,1.0176,1.0179,0.40,0.10
2008.04.16 20:56:04.285,1.0176,1.0179,0.40,0.10
2008.04.16 20:56:04.508,1.0176,1.0179,0.40,0.10
2008.04.16 20:56:04.733,1.0176,1.0179,0.40,0.10
2008.04.16 20:56:04.957,1.0176,1.0179,0.40,0.10
2008.04.16 20:56:05.186,1.0176,1.0179,0.40,0.10
2008.04.16 20:56:05.414,1.0176,1.0179,0.40,0.10
2008.04.16 20:56:05.642,1.0176,1.0179,0.40,0.10
2008.04.16 20:56:05.878,1.0176,1.0179,0.40,0.10
2008.04.16 20:56:06.117,1.0176,1.0179,0.40,0.10
2008.04.16 20:56:06.357,1.0176,1.0179,0.40,0.10
2008.04.16 20:56:06.594,1.0176,1.0179,0.40,0.10
2008.04.16 20:56:06.832,1.0176,1.0179,0.40,0.10
2008.04.16 20:56:07.098,1.0176,1.0179,0.40,0.10
2008.04.16 20:56:07.291,1.0176,1.0179,0.40,0.10
2008.04.16 20:56:07.485,1.0176,1.0179,0.40,0.10
2008.04.16 20:56:07.678,1.0176,1.0179,0.40,0.10
2008.04.16 20:56:07.905,1.0176,1.0179,0.40,0.10
2008.04.16 20:56:08.066,1.0176,1.0179,0.40,0.10
2008.04.16 20:56:08.339,1.0176,1.0179,0.40,0.10
2008.04.16 20:56:08.612,1.0176,1.0179,0.40,0.10
2008.04.16 20:56:08.885,1.0176,1.0179,0.40,0.10
2008.04.16 20:56:09.173,1.0176,1.0179,0.40,0.10
2008.04.16 20:56:09.367,1.0176,1.0179,0.40,0.10
2008.04.16 20:56:09.562,1.0176,1.0179,0.40,0.10
2008.04.16 20:56:09.756,1.0176,1.0179,0.40,0.10
2008.04.16 20:56:09.950,1.0176,1.0179,0.40,0.10
2008.04.16 20:56:10.164,1.0176,1.0179,0.40,0.10
2008.04.16 20:56:10.379,1.0176,1.0179,0.40,0.10
2008.04.16 20:56:10.592,1.0176,1.0179,0.40,0.10
2008.04.16 20:56:10.807,1.0176,1.0179,0.40,0.10
2008.04.16 20:56:11.019,1.0176,1.0179,0.40,0.10
2008.04.16 20:56:11.270,1.0176,1.0179,0.40,0.10
2008.04.16 20:56:11.498,1.0176,1.0179,0.40,0.10
2008.04.16 20:56:11.726,1.0176,1.0179,0.40,0.10
2008.04.16 20:56:11.954,1.0176,1.0179,0.40,0.10
2008.04.16 20:56:12.158,1.0176,1.0179,0.40,0.10
2008.04.16 20:56:12.360,1.0176,1.0179,0.40,0.10
2008.04.16 20:56:12.564,1.0176,1.0179,0.40,0.10
2008.04.16 20:56:12.767,1.0176,1.0179,0.40,0.10
2008.04.16 20:56:12.971,1.0176,1.0179,0.40,0.10
2008.04.16 20:56:13.189,1.0176,1.0179,0.40,0.10
2008.04.16 20:56:13.419,1.0176,1.0179,0.40,0.10
2008.04.16 20:56:13.637,1.0176,1.0179,0.40,0.10
2008.04.16 20:56:13.856,1.0176,1.0179,0.40,0.10
2008.04.16 20:56:14.076,1.0176,1.0179,0.40,0.10
2008.04.16 20:56:14.284,1.0176,1.0179,0.40,0.10
2008.04.16 20:56:14.493,1.0176,1.0179,0.40,0.10
2008.04.16 20:56:14.702,1.0176,1.0179,0.40,0.10
2008.04.16 20:56:14.911,1.0176,1.0179,0.40,0.10
2008.04.16 20:56:15.119,1.0176,1.0179,0.40,0.10
2008.04.16 20:56:15.333,1.0176,1.0179,0.40,0.10
2008.04.16 20:56:15.547,1.0176,1.0179,0.40,0.10
2008.04.16 20:56:15.761,1.0176,1.0179,0.50,0.10
2008.04.16 20:56:15.976,1.0176,1.0179,0.50,0.10
2008.04.16 20:56:16.190,1.0176,1.0179,0.50,0.10
2008.04.16 20:56:16.399,1.0176,1.0179,0.50,0.10
2008.04.16 20:56:16.607,1.0176,1.0179,0.50,0.10
2008.04.16 20:56:16.816,1.0176,1.0179,0.50,0.10
2008.04.16 20:56:17.026,1.0176,1.0179,0.50,0.10
2008.04.16 20:56:17.235,1.0176,1.0179,0.50,0.10
2008.04.16 20:56:17.463,1.0176,1.0179,0.50,0.10
2008.04.16 20:56:17.724,1.0176,1.0179,0.40,0.10
2008.04.16 20:56:17.923,1.0176,1.0179,0.40,0.10
2008.04.16 20:56:18.151,1.0176,1.0179,0.40,0.10
2008.04.16 20:56:18.370,1.0176,1.0179,0.40,0.10
2008.04.16 20:56:18.588,1.0176,1.0179,0.40,0.10
2008.04.16 20:56:18.837,1.0176,1.0179,0.40,0.10
2008.04.16 20:56:19.025,1.0176,1.0179,0.40,0.10
2008.04.16 20:56:19.264,1.0176,1.0179,0.40,0.10
2008.04.16 20:56:19.466,1.0176,1.0179,0.40,0.10
2008.04.16 20:56:19.671,1.0176,1.0179,0.40,0.10
2008.04.16 20:56:19.910,1.0176,1.0179,0.40,0.10
2008.04.16 20:56:20.112,1.0176,1.0179,0.40,0.10
2008.04.16 20:56:20.316,1.0176,1.0179,0.40,0.10
2008.04.16 20:56:20.548,1.0176,1.0179,0.40,0.10
2008.04.16 20:56:20.781,1.0176,1.0179,0.40,0.10
2008.04.16 20:56:21.015,1.0176,1.0179,0.40,0.10
2008.04.16 20:56:21.250,1.0177,1.0179,0.30,0.10
2008.04.16 20:56:21.479,1.0177,1.0179,0.30,0.10
2008.04.16 20:56:21.708,1.0177,1.0179,0.30,0.10
2008.04.16 20:56:21.936,1.0177,1.0179,0.30,0.10
2008.04.16 20:56:22.165,1.0177,1.0179,0.30,0.10
2008.04.16 20:56:22.392,1.0177,1.0179,0.30,0.10
2008.04.16 20:56:22.676,1.0177,1.0179,0.30,0.10
2008.04.16 20:56:22.959,1.0177,1.0179,0.30,0.10
2008.04.16 20:56:23.242,1.0177,1.0179,0.30,0.10
2008.04.16 20:56:23.443,1.0177,1.0179,0.30,0.10
2008.04.16 20:56:23.641,1.0177,1.0179,0.30,0.10
2008.04.16 20:56:23.840,1.0176,1.0179,0.40,0.10
2008.04.16 20:56:24.041,1.0176,1.0179,0.40,0.10
2008.04.16 20:56:24.241,1.0176,1.0179,0.40,0.10
2008.04.16 20:56:24.576,1.0176,1.0179,0.40,0.10
2008.04.16 20:56:24.879,1.0176,1.0179,0.40,0.10
2008.04.16 20:56:25.183,1.0176,1.0179,0.40,0.10
2008.04.16 20:56:25.487,1.0176,1.0179,0.40,0.10
2008.04.16 20:56:25.664,1.0176,1.0179,0.40,0.10
2008.04.16 20:56:25.843,1.0176,1.0179,0.40,0.10
2008.04.16 20:56:26.022,1.0176,1.0179,0.40,0.10
2008.04.16 20:56:26.231,1.0176,1.0179,0.40,0.10
2008.04.16 20:56:26.480,1.0176,1.0179,0.40,0.10
2008.04.16 20:56:26.759,1.0176,1.0179,0.40,0.10
2008.04.16 20:56:27.038,1.0176,1.0179,0.40,0.10
2008.04.16 20:56:27.317,1.0176,1.0179,0.40,0.10
2008.04.16 20:56:27.496,1.0176,1.0179,0.40,0.10
2008.04.16 20:56:27.675,1.0176,1.0179,0.40,0.10
2008.04.16 20:56:27.854,1.0176,1.0179,0.40,0.10
2008.04.16 20:56:28.032,1.0176,1.0179,0.40,0.10
2008.04.16 20:56:28.211,1.0176,1.0179,0.40,0.10
2008.04.16 20:56:28.390,1.0176,1.0179,0.40,0.10
2008.04.16 20:56:28.675,1.0176,1.0179,0.40,0.10
2008.04.16 20:56:28.988,1.0176,1.0179,0.40,0.10
2008.04.16 20:56:29.241,1.0176,1.0179,0.40,0.10
2008.04.16 20:56:29.434,1.0176,1.0179,0.40,0.10
2008.04.16 20:56:29.628,1.0176,1.0179,0.40,0.10
2008.04.16 20:56:29.852,1.0176,1.0179,0.40,0.10
2008.04.16 20:56:30.045,1.0176,1.0179,0.40,0.10
2008.04.16 20:56:30.238,1.0176,1.0179,0.40,0.10
2008.04.16 20:56:30.466,1.0176,1.0179,0.40,0.10
2008.04.16 20:56:30.695,1.0176,1.0179,0.40,1.60
2008.04.16 20:56:30.924,1.0176,1.0179,0.40,1.60
2008.04.16 20:56:31.154,1.0176,1.0179,0.40,1.60
2008.04.16 20:56:31.382,1.0176,1.0179,0.40,1.60
2008.04.16 20:56:31.641,1.0176,1.0179,0.40,1.60
2008.04.16 20:56:31.899,1.0176,1.0179,0.40,1.60
2008.04.16 20:56:32.158,1.0176,1.0179,0.40,1.60
2008.04.16 20:56:32.417,1.0176,1.0179,0.40,1.60
2008.04.16 20:56:32.640,1.0176,1.0179,0.40,1.60
2008.04.16 20:56:32.849,1.0176,1.0179,0.40,1.60
2008.04.16 20:56:33.058,1.0176,1.0179,0.40,1.60
2008.04.16 20:56:33.268,1.0176,1.0179,0.40,1.60
2008.04.16 20:56:33.477,1.0176,1.0179,0.40,1.60
2008.04.16 20:56:33.710,1.0176,1.0179,0.40,1.60
2008.04.16 20:56:33.944,1.0176,1.0179,0.40,1.60
2008.04.16 20:56:34.178,1.0176,1.0179,0.40,1.60
2008.04.16 20:56:34.412,1.0176,1.0179,0.40,1.60
2008.04.16 20:56:34.645,1.0176,1.0179,0.40,1.60
2008.04.16 20:56:34.879,1.0176,1.0179,0.40,1.60
2008.04.16 20:56:35.124,1.0176,1.0179,0.40,1.60
2008.04.16 20:56:35.359,1.0176,1.0179,0.40,1.60
2008.04.16 20:56:35.593,1.0176,1.0179,0.40,1.60
2008.04.16 20:56:35.796,1.0176,1.0179,0.40,1.60
2008.04.16 20:56:35.999,1.0176,1.0179,0.40,1.60
2008.04.16 20:56:36.219,1.0176,1.0179,0.40,1.60
2008.04.16 20:56:36.423,1.0176,1.0179,0.40,1.60
2008.04.16 20:56:36.627,1.0176,1.0179,0.40,1.60
2008.04.16 20:56:36.886,1.0176,1.0179,0.40,1.60
2008.04.16 20:56:37.076,1.0176,1.0179,0.40,1.60
2008.04.16 20:56:37.322,1.0176,1.0179,0.40,1.60
2008.04.16 20:56:37.546,1.0176,1.0179,0.40,1.60
2008.04.16 20:56:37.770,1.0176,1.0179,0.40,1.60
2008.04.16 20:56:38.014,1.0176,1.0179,0.40,1.60
2008.04.16 20:56:38.259,1.0176,1.0179,0.40,1.60
2008.04.16 20:56:38.508,1.0176,1.0179,0.40,1.60
2008.04.16 20:56:38.751,1.0176,1.0179,0.40,1.60
2008.04.16 20:56:38.989,1.0176,1.0179,0.40,1.60
2008.04.16 20:56:39.230,1.0176,1.0179,0.40,1.60
2008.04.16 20:56:39.468,1.0176,1.0179,0.40,1.60
2008.04.16 20:56:39.709,1.0176,1.0179,0.40,1.60
2008.04.16 20:56:39.958,1.0176,1.0179,0.40,1.60
2008.04.16 20:56:40.173,1.0176,1.0179,0.40,1.60
2008.04.16 20:56:40.387,1.0176,1.0179,0.40,1.60
2008.04.16 20:56:40.601,1.0176,1.0179,0.40,1.60
2008.04.16 20:56:40.814,1.0176,1.0179,0.40,1.60
2008.04.16 20:56:41.043,1.0176,1.0179,0.40,1.60
2008.04.16 20:56:41.258,1.0176,1.0179,0.40,1.60
2008.04.16 20:56:41.471,1.0176,1.0179,0.40,1.60
2008.04.16 20:56:41.684,1.0176,1.0179,0.40,1.60
2008.04.16 20:56:41.899,1.0176,1.0179,0.40,1.60
2008.04.16 20:56:42.152,1.0176,1.0179,0.40,1.60
2008.04.16 20:56:42.341,1.0176,1.0179,0.40,1.60
2008.04.16 20:56:42.589,1.0176,1.0179,0.40,1.60
2008.04.16 20:56:42.808,1.0176,1.0179,0.40,1.60
2008.04.16 20:56:43.017,1.0176,1.0179,0.40,1.60
2008.04.16 20:56:43.256,1.0176,1.0179,0.40,1.60
2008.04.16 20:56:43.434,1.0176,1.0179,0.40,1.60
2008.04.16 20:56:43.643,1.0176,1.0179,0.40,1.60
2008.04.16 20:56:43.852,1.0176,1.0179,0.40,1.60
2008.04.16 20:56:44.091,1.0176,1.0179,0.40,1.60
2008.04.16 20:56:44.331,1.0176,1.0179,0.40,1.60
2008.04.16 20:56:44.601,1.0176,1.0179,0.40,2.00
2008.04.16 20:56:44.840,1.0176,1.0179,0.40,2.00
2008.04.16 20:56:45.078,1.0176,1.0179,0.40,2.00
2008.04.16 20:56:45.302,1.0176,1.0179,0.40,2.00
2008.04.16 20:56:45.554,1.0176,1.0179,0.40,2.00
2008.04.16 20:56:45.778,1.0176,1.0179,0.40,2.00
2008.04.16 20:56:46.001,1.0176,1.0179,0.40,2.00
2008.04.16 20:56:46.250,1.0176,1.0179,0.40,2.00
2008.04.16 20:56:46.498,1.0176,1.0179,0.40,2.00
2008.04.16 20:56:46.747,1.0176,1.0179,0.40,2.00
2008.04.16 20:56:46.996,1.0176,1.0179,0.40,2.00
2008.04.16 20:56:47.219,1.0176,1.0179,0.40,2.00
2008.04.16 20:56:47.444,1.0176,1.0179,0.40,2.00
2008.04.16 20:56:47.701,1.0176,1.0179,0.40,2.00
2008.04.16 20:56:47.925,1.0176,1.0179,0.40,2.00
2008.04.16 20:56:48.142,1.0176,1.0179,0.40,2.00
2008.04.16 20:56:48.361,1.0176,1.0179,0.40,2.00
2008.04.16 20:56:48.580,1.0176,1.0179,0.40,2.00
2008.04.16 20:56:48.828,1.0176,1.0179,0.40,2.00
2008.04.16 20:56:49.046,1.0176,1.0179,0.40,2.00
2008.04.16 20:56:49.264,1.0176,1.0179,0.40,2.00
2008.04.16 20:56:49.483,1.0176,1.0179,0.40,2.00
2008.04.16 20:56:49.702,1.0176,1.0179,0.40,2.00
2008.04.16 20:56:49.920,1.0176,1.0179,0.40,2.00
2008.04.16 20:56:50.138,1.0176,1.0179,0.40,2.00
2008.04.16 20:56:50.352,1.0176,1.0179,0.40,2.00
2008.04.16 20:56:50.565,1.0176,1.0179,0.40,2.00
2008.04.16 20:56:50.780,1.0176,1.0179,0.40,2.00
2008.04.16 20:56:50.994,1.0176,1.0179,0.40,2.00
2008.04.16 20:56:51.228,1.0176,1.0179,0.40,2.00
2008.04.16 20:56:51.463,1.0176,1.0179,0.40,2.00
2008.04.16 20:56:51.698,1.0176,1.0179,0.40,2.00
2008.04.16 20:56:51.944,1.0176,1.0179,0.40,2.00
2008.04.16 20:56:52.178,1.0176,1.0179,0.40,2.00
2008.04.16 20:56:52.413,1.0176,1.0179,0.40,2.00
2008.04.16 20:56:52.621,1.0176,1.0179,0.40,2.00
2008.04.16 20:56:52.830,1.0176,1.0179,0.40,2.00
2008.04.16 20:56:53.040,1.0176,1.0179,0.40,2.00
2008.04.16 20:56:53.253,1.0176,1.0179,0.40,2.00
2008.04.16 20:56:53.501,1.0176,1.0179,0.40,2.00
2008.04.16 20:56:53.715,1.0176,1.0179,0.40,2.00
2008.04.16 20:56:53.928,1.0176,1.0179,0.40,2.00
2008.04.16 20:56:54.141,1.0176,1.0179,0.40,2.00
2008.04.16 20:56:54.420,1.0176,1.0179,0.40,2.00
2008.04.16 20:56:56.268,1.0176,1.0178,0.40,1.90
2008.04.16 20:56:56.376,1.0176,1.0178,0.40,1.90
2008.04.16 20:56:56.455,1.0176,1.0178,0.40,1.90
2008.04.16 20:56:56.574,1.0176,1.0178,0.40,1.90
2008.04.16 20:56:56.654,1.0176,1.0178,0.40,1.90
2008.04.16 20:56:56.734,1.0176,1.0178,0.40,1.90
2008.04.16 20:56:56.842,1.0176,1.0178,0.40,1.90
2008.04.16 20:56:56.923,1.0176,1.0178,0.40,1.90
2008.04.16 20:56:57.000,1.0176,1.0178,0.40,1.90
2008.04.16 20:56:57.078,1.0176,1.0178,0.40,1.90
2008.04.16 20:56:57.158,1.0176,1.0178,0.40,1.90
2008.04.16 20:56:57.241,1.0176,1.0178,0.40,1.90
2008.04.16 20:56:57.322,1.0176,1.0178,0.40,1.90
2008.04.16 20:56:57.686,1.0176,1.0178,0.40,1.90
2008.04.16 20:56:58.018,1.0176,1.0178,0.40,1.90
2008.04.16 20:56:58.354,1.0176,1.0178,0.40,1.90
2008.04.16 20:56:58.540,1.0176,1.0178,0.40,1.90
2008.04.16 20:56:58.722,1.0176,1.0178,0.40,1.90
2008.04.16 20:56:58.905,1.0176,1.0178,0.40,1.90
2008.04.16 20:56:59.088,1.0176,1.0178,0.40,1.90
2008.04.16 20:56:59.272,1.0176,1.0178,0.40,1.90
2008.04.16 20:56:59.455,1.0176,1.0178,0.40,1.90
2008.04.16 20:56:59.739,1.0176,1.0178,0.40,1.90
2008.04.16 20:57:00.056,1.0176,1.0178,0.40,1.90
2008.04.16 20:57:00.340,1.0176,1.0178,0.40,1.90
2008.04.16 20:57:00.623,1.0176,1.0178,0.40,1.90
2008.04.16 20:57:00.817,1.0176,1.0178,0.40,1.90
2008.04.16 20:57:01.011,1.0176,1.0178,0.40,1.90
2008.04.16 20:57:01.234,1.0176,1.0178,0.40,1.90
2008.04.16 20:57:01.428,1.0176,1.0178,0.40,1.90
2008.04.16 20:57:01.687,1.0176,1.0178,0.40,1.90
2008.04.16 20:57:01.948,1.0176,1.0178,0.40,1.90
2008.04.16 20:57:02.206,1.0176,1.0178,0.40,1.90
2008.04.16 20:57:02.465,1.0176,1.0178,0.40,1.60
2008.04.16 20:57:02.704,1.0176,1.0177,0.40,1.60
2008.04.16 20:57:02.943,1.0176,1.0177,0.40,1.60
2008.04.16 20:57:03.208,1.0176,1.0177,0.40,1.60
2008.04.16 20:57:03.447,1.0176,1.0178,0.40,2.00
2008.04.16 20:57:03.686,1.0176,1.0178,0.40,2.00
2008.04.16 20:57:03.939,1.0176,1.0178,0.40,2.00
2008.04.16 20:57:04.226,1.0176,1.0178,0.40,2.00
2008.04.16 20:57:04.479,1.0176,1.0178,0.40,2.00
2008.04.16 20:57:04.732,1.0176,1.0178,0.40,2.00
2008.04.16 20:57:04.946,1.0176,1.0177,0.40,1.90
2008.04.16 20:57:05.162,1.0176,1.0177,0.40,1.90
2008.04.16 20:57:05.376,1.0176,1.0177,0.40,1.90
2008.04.16 20:57:05.590,1.0176,1.0177,0.40,1.90
2008.04.16 20:57:05.864,1.0176,1.0177,0.40,1.90
2008.04.16 20:57:06.123,1.0176,1.0177,0.40,1.90
2008.04.16 20:57:06.382,1.0176,1.0177,0.40,1.90
2008.04.16 20:57:06.640,1.0176,1.0177,0.40,1.90
2008.04.16 20:57:06.859,1.0176,1.0177,0.40,1.90
2008.04.16 20:57:07.077,1.0176,1.0177,0.40,1.90
2008.04.16 20:57:07.295,1.0176,1.0177,0.40,1.90
2008.04.16 20:57:07.514,1.0176,1.0177,0.40,1.90
2008.04.16 20:57:07.733,1.0176,1.0177,0.40,1.90
2008.04.16 20:57:07.988,1.0176,1.0177,0.40,1.90
2008.04.16 20:57:08.243,1.0176,1.0177,0.40,1.90
2008.04.16 20:57:08.495,1.0176,1.0177,0.40,1.90
2008.04.16 20:57:08.749,1.0176,1.0177,0.40,1.90
2008.04.16 20:57:08.977,1.0176,1.0177,0.40,1.90
2008.04.16 20:57:09.206,1.0176,1.0177,0.40,1.90
2008.04.16 20:57:09.434,1.0176,1.0177,0.40,1.90
2008.04.16 20:57:09.662,1.0176,1.0177,0.40,1.90
2008.04.16 20:57:09.926,1.0176,1.0177,0.40,1.60
2008.04.16 20:57:10.189,1.0176,1.0177,0.40,1.60
2008.04.16 20:57:10.484,1.0176,1.0177,0.40,1.60
2008.04.16 20:57:10.718,1.0176,1.0177,0.40,1.60
2008.04.16 20:57:10.936,1.0176,1.0177,0.40,1.60
2008.04.16 20:57:11.154,1.0176,1.0177,0.40,1.60
2008.04.16 20:57:11.372,1.0176,1.0177,0.40,1.60
2008.04.16 20:57:11.592,1.0176,1.0177,0.40,1.60
2008.04.16 20:57:11.811,1.0176,1.0177,0.40,1.60
2008.04.16 20:57:12.022,1.0176,1.01765,0.40,0.40
2008.04.16 20:57:12.230,1.0176,1.01765,0.40,0.40
2008.04.16 20:57:12.439,1.0176,1.01765,0.40,0.40
2008.04.16 20:57:12.648,1.0176,1.01765,0.40,0.40
2008.04.16 20:57:12.857,1.0176,1.01765,0.40,0.40
2008.04.16 20:57:13.101,1.0176,1.01765,0.40,0.40
2008.04.16 20:57:13.344,1.0176,1.01765,0.40,0.40
2008.04.16 20:57:13.588,1.0176,1.01765,0.40,0.40
2008.04.16 20:57:13.832,1.0176,1.01765,0.40,0.40
2008.04.16 20:57:14.064,1.0176,1.01765,0.40,0.40
2008.04.16 20:57:14.273,1.0176,1.01765,0.40,0.40
2008.04.16 20:57:14.483,1.0176,1.0177,0.40,1.60
2008.04.16 20:57:14.729,1.0176,1.0177,0.40,1.60
2008.04.16 20:57:14.938,1.0176,1.0177,0.40,1.60
2008.04.16 20:57:15.171,1.0176,1.0177,0.40,1.60
2008.04.16 20:57:15.405,1.0176,1.0177,0.40,1.60
2008.04.16 20:57:15.639,1.0176,1.0177,0.40,1.60
2008.04.16 20:57:15.872,1.0176,1.0177,0.40,1.60
2008.04.16 20:57:16.086,1.0176,1.0177,0.40,1.60
2008.04.16 20:57:16.300,1.0176,1.0177,0.40,1.60
2008.04.16 20:57:16.513,1.0176,1.0177,0.40,1.60
2008.04.16 20:57:16.731,1.0176,1.0177,0.40,1.60
2008.04.16 20:57:16.986,1.0176,1.0177,0.40,1.60
2008.04.16 20:57:17.230,1.0176,1.0177,0.40,1.60
2008.04.16 20:57:17.517,1.0176,1.0177,0.40,1.60
2008.04.16 20:57:17.769,1.0176,1.0177,0.40,1.60
2008.04.16 20:57:18.024,1.0176,1.0177,0.40,1.60
2008.04.16 20:57:18.263,1.0176,1.0177,0.40,1.60
2008.04.16 20:57:18.501,1.0176,1.0177,0.40,1.60
2008.04.16 20:57:18.741,1.0176,1.0177,0.40,1.60
2008.04.16 20:57:18.980,1.0176,1.0177,0.40,1.60
2008.04.16 20:57:19.210,1.0176,1.0177,0.40,1.60
2008.04.16 20:57:19.472,1.0176,1.0177,0.40,1.90
2008.04.16 20:57:19.701,1.0176,1.0177,0.40,1.90
2008.04.16 20:57:19.930,1.0176,1.0177,0.40,1.90
2008.04.16 20:57:20.179,1.0176,1.0177,0.40,1.90
2008.04.16 20:57:20.429,1.0176,1.0177,0.40,1.90
2008.04.16 20:57:20.677,1.0176,1.0177,0.40,1.90
2008.04.16 20:57:20.927,1.0176,1.0177,0.40,1.90
2008.04.16 20:57:21.130,1.0176,1.0177,0.40,1.90
2008.04.16 20:57:21.368,1.0176,1.0177,0.40,1.60
2008.04.16 20:57:21.539,1.0176,1.0177,0.40,1.60
2008.04.16 20:57:21.742,1.0176,1.0177,0.40,1.60
2008.04.16 20:57:21.946,1.0176,1.0177,0.40,1.60
2008.04.16 20:57:22.200,1.0176,1.0177,0.40,1.60
2008.04.16 20:57:22.455,1.0176,1.0177,0.40,1.60
2008.04.16 20:57:22.710,1.0176,1.0177,0.40,1.60
2008.04.16 20:57:22.964,1.0176,1.0177,0.40,1.60
2008.04.16 20:57:23.182,1.0176,1.0177,0.40,1.60
2008.04.16 20:57:23.370,1.0176,1.0177,0.40,1.60
2008.04.16 20:57:23.559,1.0176,1.0177,0.40,1.60
2008.04.16 20:57:23.747,1.0176,1.0177,0.40,1.60
2008.04.16 20:57:23.936,1.0176,1.0177,0.40,1.60
2008.04.16 20:57:24.224,1.0176,1.0177,0.40,1.60
2008.04.16 20:57:24.513,1.0176,1.0177,0.40,1.60
2008.04.16 20:57:24.802,1.0176,1.0177,0.40,1.60
2008.04.16 20:57:25.091,1.0176,1.0177,0.40,1.60
2008.04.16 20:57:25.270,1.0176,1.0177,0.40,1.60
2008.04.16 20:57:25.449,1.0176,1.0177,0.40,1.60
2008.04.16 20:57:26.856,1.0176,1.0177,0.40,1.60
2008.04.16 20:57:26.922,1.0176,1.0177,0.40,1.60
2008.04.16 20:57:26.991,1.0176,1.0177,0.40,1.60
2008.04.16 20:57:27.060,1.0176,1.0177,0.40,1.60
2008.04.16 20:57:27.130,1.0176,1.0177,0.40,1.60
2008.04.16 20:57:27.200,1.0176,1.0177,0.40,1.60
2008.04.16 20:57:27.270,1.0176,1.0177,0.40,1.60
2008.04.16 20:57:27.371,1.0176,1.0177,0.40,1.60
2008.04.16 20:57:27.438,1.0176,1.0177,0.40,1.60
2008.04.16 20:57:27.517,1.0176,1.0177,0.40,1.60
2008.04.16 20:57:27.585,1.0176,1.0177,0.40,1.60
2008.04.16 20:57:27.654,1.0176,1.0177,0.40,1.60
2008.04.16 20:57:27.725,1.0176,1.0177,0.40,1.60
2008.04.16 20:57:27.794,1.0176,1.0177,0.40,1.60
2008.04.16 20:57:27.910,1.0176,1.0177,0.40,1.60
2008.04.16 20:57:28.246,1.0176,1.0177,0.40,1.60
2008.04.16 20:57:28.580,1.0176,1.0177,0.40,1.60
2008.04.16 20:57:28.915,1.0176,1.0177,0.40,1.60
2008.04.16 20:57:29.123,1.0176,1.0177,0.40,1.60
2008.04.16 20:57:29.272,1.0176,1.0177,0.40,1.60
2008.04.16 20:57:29.450,1.0176,1.0177,0.40,1.60
2008.04.16 20:57:29.633,1.0176,1.0177,0.40,1.60
2008.04.16 20:57:29.811,1.0176,1.0177,0.40,1.60
2008.04.16 20:57:29.991,1.0176,1.0177,0.40,1.60
2008.04.16 20:57:30.270,1.0176,1.0177,0.40,1.60
2008.04.16 20:57:30.551,1.0176,1.0177,0.40,1.60
2008.04.16 20:57:30.827,1.0176,1.0177,0.40,1.60
2008.04.16 20:57:31.107,1.0176,1.0177,0.40,1.60
2008.04.16 20:57:31.302,1.0176,1.0177,0.40,1.60
2008.04.16 20:57:31.495,1.0176,1.0177,0.40,1.60
2008.04.16 20:57:31.720,1.0176,1.0177,0.40,1.60
2008.04.16 20:57:31.914,1.0176,1.0177,0.40,1.60
2008.04.16 20:57:32.108,1.0176,1.0177,0.40,1.60
2008.04.16 20:57:32.372,1.0176,1.0177,0.40,1.60
2008.04.16 20:57:32.635,1.0176,1.0177,0.40,1.60
2008.04.16 20:57:32.900,1.0176,1.0177,0.40,1.60
2008.04.16 20:57:33.211,1.0176,1.0177,0.40,1.60
2008.04.16 20:57:33.409,1.0176,1.0177,0.40,1.60
2008.04.16 20:57:33.608,1.0176,1.0177,0.40,1.60
2008.04.16 20:57:33.807,1.0176,1.0177,0.40,1.60
2008.04.16 20:57:34.008,1.0176,1.0177,0.40,1.60
2008.04.16 20:57:34.234,1.0176,1.0177,0.40,1.60
2008.04.16 20:57:34.463,1.0176,1.0177,0.40,1.60
2008.04.16 20:57:34.692,1.0176,1.0177,0.40,1.60
2008.04.16 20:57:34.932,1.0176,1.01775,0.40,0.40
2008.04.16 20:57:35.161,1.0176,1.0178,0.40,2.00
2008.04.16 20:57:35.405,1.0176,1.0178,0.40,2.00
2008.04.16 20:57:35.650,1.0176,1.0178,0.40,2.00
2008.04.16 20:57:35.894,1.0176,1.0178,0.40,2.00
2008.04.16 20:57:36.137,1.0176,1.0178,0.40,2.00
2008.04.16 20:57:36.358,1.0176,1.0178,0.40,2.00
2008.04.16 20:57:36.577,1.0176,1.0177,0.40,1.60
2008.04.16 20:57:36.797,1.0176,1.0177,0.40,1.60
2008.04.16 20:57:37.017,1.0176,1.0177,0.40,1.60
2008.04.16 20:57:37.245,1.0176,1.0177,0.40,1.60
2008.04.16 20:57:37.473,1.0176,1.0177,0.40,1.60
2008.04.16 20:57:37.724,1.0176,1.0177,0.40,1.60
2008.04.16 20:57:37.954,1.0176,1.0177,0.40,1.60
2008.04.16 20:57:38.183,1.0176,1.0177,0.40,1.60
2008.04.16 20:57:38.408,1.0176,1.0177,0.40,1.60
2008.04.16 20:57:38.633,1.0176,1.0178,0.40,2.00
2008.04.16 20:57:38.858,1.0176,1.0178,0.40,2.00
2008.04.16 20:57:39.082,1.0176,1.0178,0.40,2.00
2008.04.16 20:57:39.291,1.0176,1.0178,0.40,2.00
2008.04.16 20:57:39.531,1.0176,1.0178,0.40,2.00
2008.04.16 20:57:39.740,1.0176,1.0178,0.40,2.00
2008.04.16 20:57:39.949,1.0176,1.0178,0.40,2.00
2008.04.16 20:57:40.158,1.0176,1.0178,0.40,2.00
2008.04.16 20:57:40.412,1.0176,1.0178,0.40,2.00
2008.04.16 20:57:40.666,1.0176,1.0178,0.40,2.00
2008.04.16 20:57:40.950,1.0176,1.0178,0.40,2.00
2008.04.16 20:57:41.236,1.0176,1.0178,0.40,2.00
2008.04.16 20:57:41.406,1.0176,1.0178,0.40,2.00
2008.04.16 20:57:41.605,1.0176,1.0178,0.40,2.00
2008.04.16 20:57:41.805,1.0176,1.0178,0.40,2.00
2008.04.16 20:57:42.003,1.0176,1.0178,0.40,2.00
2008.04.16 20:57:42.204,1.0176,1.0178,0.40,2.00
2008.04.16 20:57:42.458,1.0176,1.0178,0.40,2.00
2008.04.16 20:57:42.713,1.0176,1.0178,0.40,2.00
2008.04.16 20:57:42.966,1.0176,1.0178,0.40,2.00
2008.04.16 20:57:43.221,1.0176,1.0178,0.40,2.00
2008.04.16 20:57:43.452,1.0176,1.0178,0.40,2.00
2008.04.16 20:57:43.649,1.0176,1.0178,0.40,2.00
2008.04.16 20:57:43.849,1.0176,1.0178,0.40,2.00
2008.04.16 20:57:44.050,1.0176,1.0178,0.40,2.00
2008.04.16 20:57:44.248,1.0176,1.0178,0.40,2.00
2008.04.16 20:57:44.518,1.0176,1.0178,0.40,2.00
2008.04.16 20:57:44.788,1.0176,1.0178,0.40,2.00
2008.04.16 20:57:45.057,1.0176,1.0178,0.40,2.00
2008.04.16 20:57:45.326,1.0176,1.0178,0.40,2.00
2008.04.16 20:57:45.543,1.0176,1.0178,0.40,2.00
2008.04.16 20:57:45.757,1.0176,1.0178,0.40,2.00
2008.04.16 20:57:45.972,1.0176,1.01775,0.40,0.40
2008.04.16 20:57:46.195,1.0176,1.0177,0.40,1.60
2008.04.16 20:57:46.447,1.0176,1.0177,0.40,1.60
2008.04.16 20:57:46.724,1.0176,1.0177,0.40,1.60
2008.04.16 20:57:46.972,1.0176,1.0177,0.40,1.60
2008.04.16 20:57:47.222,1.0176,1.0177,0.40,1.60
2008.04.16 20:57:47.452,1.0176,1.0177,0.40,1.60
2008.04.16 20:57:47.651,1.0176,1.0177,0.40,1.60
2008.04.16 20:57:47.848,1.0176,1.0177,0.40,1.60
2008.04.16 20:57:48.046,1.0176,1.0177,0.40,1.60
2008.04.16 20:57:48.245,1.0176,1.0177,0.40,1.60
2008.04.16 20:57:48.502,1.0176,1.0177,0.40,1.60
2008.04.16 20:57:48.749,1.0176,1.0177,0.40,1.60
2008.04.16 20:57:48.993,1.0176,1.0177,0.40,1.60
2008.04.16 20:57:49.237,1.0176,1.0177,0.40,1.60
2008.04.16 20:57:49.452,1.0176,1.0177,0.40,1.60
2008.04.16 20:57:49.666,1.0176,1.0177,0.40,1.60
2008.04.16 20:57:49.880,1.0176,1.0177,0.40,1.60
2008.04.16 20:57:50.095,1.0176,1.0177,0.40,1.60
2008.04.16 20:57:50.309,1.0176,1.0177,0.40,1.60
2008.04.16 20:57:50.569,1.0176,1.0177,0.40,1.60
2008.04.16 20:57:50.804,1.0176,1.0177,0.40,1.60
2008.04.16 20:57:51.037,1.0176,1.0177,0.40,1.60
2008.04.16 20:57:51.272,1.0176,1.0177,0.40,1.60
2008.04.16 20:57:51.486,1.0176,1.0177,0.40,1.60
2008.04.16 20:57:51.700,1.0176,1.0177,0.40,1.60
2008.04.16 20:57:51.914,1.0176,1.0177,0.40,1.60
2008.04.16 20:57:52.128,1.0176,1.0177,0.40,1.60
2008.04.16 20:57:52.350,1.0176,1.0177,0.40,1.60
2008.04.16 20:57:52.616,1.0176,1.0177,0.40,1.60
2008.04.16 20:57:52.820,1.0176,1.0177,0.40,1.60
2008.04.16 20:57:53.053,1.0176,1.0177,0.40,1.60
2008.04.16 20:57:53.288,1.0176,1.0177,0.40,1.60
2008.04.16 20:57:53.583,1.0176,1.0177,0.40,1.60
2008.04.16 20:57:53.852,1.0176,1.0177,0.40,1.60
2008.04.16 20:57:54.121,1.0176,1.0177,0.40,1.60
2008.04.16 20:57:54.391,1.0176,1.0177,0.40,1.60
2008.04.16 20:57:54.598,1.0176,1.0177,0.40,1.60
2008.04.16 20:57:54.802,1.0176,1.0177,0.40,1.60
2008.04.16 20:57:55.007,1.0176,1.0177,0.40,1.60
2008.04.16 20:57:55.211,1.0176,1.0177,0.40,1.60
2008.04.16 20:57:55.415,1.0176,1.0177,0.40,1.60
2008.04.16 20:57:55.625,1.0176,1.0177,0.40,1.60
2008.04.16 20:57:55.867,1.0176,1.0177,0.40,1.60
2008.04.16 20:57:56.074,1.0176,1.0177,0.40,1.60
2008.04.16 20:57:56.283,1.0176,1.0177,0.40,1.60
2008.04.16 20:57:56.491,1.0176,1.0177,0.40,1.60
2008.04.16 20:57:56.710,1.0176,1.0177,0.40,1.60
2008.04.16 20:57:56.929,1.0176,1.0177,0.40,1.60
2008.04.16 20:57:57.149,1.0176,1.0177,0.40,1.60
2008.04.16 20:57:57.399,1.0176,1.0177,0.40,1.60
2008.04.16 20:57:57.618,1.0176,1.0177,0.40,1.60
2008.04.16 20:57:57.826,1.0176,1.0177,0.40,1.60
2008.04.16 20:57:58.036,1.0176,1.0177,0.40,1.60
2008.04.16 20:57:58.244,1.0176,1.0177,0.40,1.60
2008.04.16 20:57:58.483,1.0176,1.0177,0.40,1.60
2008.04.16 20:57:58.662,1.0176,1.0177,0.40,1.60
2008.04.16 20:57:58.880,1.0176,1.0177,0.40,1.60
2008.04.16 20:57:59.100,1.0176,1.0177,0.40,1.60
2008.04.16 20:57:59.318,1.0176,1.0177,0.40,1.60
2008.04.16 20:57:59.537,1.0176,1.0177,0.40,1.60
2008.04.16 20:57:59.760,1.0176,1.0177,0.40,1.60
2008.04.16 20:57:59.983,1.0176,1.0177,0.40,1.60
2008.04.16 20:58:00.207,1.0176,1.0177,0.40,1.60
2008.04.16 20:58:00.432,1.0176,1.0177,0.40,1.60
2008.04.16 20:58:00.656,1.0176,1.0177,0.40,1.60
2008.04.16 20:58:00.860,1.0176,1.0177,0.40,1.60
2008.04.16 20:58:01.071,1.0176,1.0177,0.40,1.60
2008.04.16 20:58:01.274,1.0176,1.0177,0.40,1.60
2008.04.16 20:58:01.478,1.0176,1.0177,0.40,1.60
2008.04.16 20:58:01.682,1.0176,1.0178,0.40,1.60
2008.04.16 20:58:01.917,1.0176,1.0178,0.40,1.60
2008.04.16 20:58:02.151,1.0176,1.0178,0.40,1.60
2008.04.16 20:58:02.385,1.0176,1.0178,0.40,1.60
2008.04.16 20:58:02.619,1.0176,1.0178,0.40,1.60
2008.04.16 20:58:02.878,1.0176,1.0178,0.40,2.00
2008.04.16 20:58:03.145,1.0176,1.0178,0.40,2.00
2008.04.16 20:58:03.407,1.0176,1.0178,0.40,2.00
2008.04.16 20:58:03.666,1.0176,1.0178,0.40,2.00
2008.04.16 20:58:03.898,1.0176,1.0178,0.40,2.00
2008.04.16 20:58:04.131,1.0176,1.0178,0.40,2.00
2008.04.16 20:58:04.365,1.0176,1.0178,0.40,2.00
2008.04.16 20:58:04.599,1.0176,1.0177,0.40,1.60
2008.04.16 20:58:04.814,1.0176,1.0177,0.40,1.60
2008.04.16 20:58:05.057,1.0176,1.0177,0.40,1.60
2008.04.16 20:58:05.271,1.0176,1.0177,0.40,1.60
2008.04.16 20:58:05.486,1.0176,1.0177,0.40,1.60
2008.04.16 20:58:05.699,1.0176,1.0177,0.40,1.60
2008.04.16 20:58:05.928,1.0176,1.0177,0.40,1.60
2008.04.16 20:58:06.166,1.0176,1.0177,0.40,1.60
2008.04.16 20:58:06.393,1.0176,1.0177,0.40,1.60
2008.04.16 20:58:06.622,1.0176,1.0177,0.40,1.60
2008.04.16 20:58:06.820,1.0176,1.0177,0.40,1.60
2008.04.16 20:58:07.019,1.0176,1.0177,0.40,1.60
2008.04.16 20:58:07.218,1.0176,1.0177,0.40,1.60
2008.04.16 20:58:07.416,1.0176,1.0177,0.40,1.60
2008.04.16 20:58:07.615,1.0176,1.0177,0.40,1.60
2008.04.16 20:58:07.813,1.0176,1.0177,0.40,1.60
2008.04.16 20:58:08.097,1.0176,1.0177,0.40,1.60
2008.04.16 20:58:08.381,1.0176,1.0177,0.40,1.60
2008.04.16 20:58:08.665,1.0176,1.0177,0.40,1.60
2008.04.16 20:58:08.865,1.0176,1.0177,0.40,1.60
2008.04.16 20:58:09.063,1.0176,1.0177,0.40,1.60
2008.04.16 20:58:09.261,1.0176,1.0177,0.40,1.60
2008.04.16 20:58:09.461,1.0176,1.01775,0.40,0.40
2008.04.16 20:58:09.660,1.0176,1.0178,0.40,1.60
2008.04.16 20:58:09.858,1.0176,1.0178,0.40,1.60
2008.04.16 20:58:10.133,1.0176,1.0178,0.40,1.60
2008.04.16 20:58:10.407,1.0176,1.0178,0.40,1.60
2008.04.16 20:58:10.712,1.0176,1.0178,0.40,1.60
2008.04.16 20:58:10.940,1.0176,1.0178,0.40,1.60
2008.04.16 20:58:11.169,1.0176,1.0178,0.40,1.60
2008.04.16 20:58:11.398,1.0176,1.0178,0.40,1.60
2008.04.16 20:58:11.627,1.0176,1.0178,0.40,1.60
2008.04.16 20:58:11.856,1.0176,1.0178,0.40,1.60
2008.04.16 20:58:12.079,1.0176,1.0178,0.40,1.60
2008.04.16 20:58:12.303,1.0176,1.0178,0.40,1.60
2008.04.16 20:58:12.528,1.0176,1.0178,0.40,1.60
2008.04.16 20:58:12.751,1.0176,1.0178,0.40,1.60
2008.04.16 20:58:12.979,1.0176,1.0178,0.40,1.60
2008.04.16 20:58:13.224,1.0176,1.0178,0.40,1.60
2008.04.16 20:58:13.454,1.0176,1.0178,0.40,1.60
2008.04.16 20:58:13.683,1.0176,1.0178,0.40,1.60
2008.04.16 20:58:13.942,1.0176,1.0178,0.40,1.60
2008.04.16 20:58:14.151,1.0176,1.0178,0.40,1.60
2008.04.16 20:58:14.359,1.0176,1.0178,0.40,1.60
2008.04.16 20:58:14.567,1.0176,1.0178,0.40,1.60
2008.04.16 20:58:14.777,1.0176,1.0178,0.40,1.60
2008.04.16 20:58:15.015,1.0176,1.0178,0.40,1.60
2008.04.16 20:58:15.233,1.0176,1.0178,0.40,1.60
2008.04.16 20:58:15.452,1.0176,1.0178,0.40,1.60
2008.04.16 20:58:15.671,1.0176,1.0178,0.40,1.60
2008.04.16 20:58:15.889,1.0176,1.0178,0.40,1.60
2008.04.16 20:58:16.127,1.0176,1.0178,0.40,1.60
2008.04.16 20:58:16.365,1.0176,1.0178,0.40,1.60
2008.04.16 20:58:16.603,1.0176,1.0178,0.40,1.60
2008.04.16 20:58:16.842,1.0176,1.0178,0.40,1.60
2008.04.16 20:58:17.085,1.0176,1.0178,0.40,1.60
2008.04.16 20:58:17.328,1.0176,1.0178,0.40,1.60
2008.04.16 20:58:17.570,1.0176,1.0178,0.40,1.60
2008.04.16 20:58:17.814,1.0176,1.0178,0.40,1.60
2008.04.16 20:58:18.072,1.0176,1.0178,0.40,1.60
2008.04.16 20:58:18.277,1.0176,1.0178,0.40,1.60
2008.04.16 20:58:18.480,1.0176,1.0178,0.40,1.60
2008.04.16 20:58:18.684,1.0176,1.0178,0.40,1.60
2008.04.16 20:58:18.888,1.0176,1.0178,0.40,1.60
2008.04.16 20:58:19.107,1.0176,1.0178,0.40,1.60
2008.04.16 20:58:19.326,1.0176,1.0178,0.40,1.60
2008.04.16 20:58:19.576,1.0176,1.0178,0.40,1.60
2008.04.16 20:58:19.797,1.0176,1.0178,0.40,1.60
2008.04.16 20:58:20.014,1.0176,1.0178,0.40,1.60
2008.04.16 20:58:20.233,1.0176,1.0178,0.40,1.60
2008.04.16 20:58:20.451,1.0176,1.0178,0.40,1.60
2008.04.16 20:58:20.669,1.0176,1.0178,0.40,1.60
2008.04.16 20:58:20.888,1.0176,1.0178,0.40,1.60
2008.04.16 20:58:21.107,1.0176,1.0178,0.40,1.60
2008.04.16 20:58:21.301,1.0176,1.0178,0.40,1.60
2008.04.16 20:58:21.495,1.0176,1.0178,0.40,1.60
2008.04.16 20:58:21.688,1.0176,1.0178,0.40,1.60
2008.04.16 20:58:21.882,1.0176,1.0178,0.40,1.60
2008.04.16 20:58:22.076,1.0176,1.0178,0.40,1.60
2008.04.16 20:58:22.369,1.0176,1.0178,0.40,1.60
2008.04.16 20:58:22.662,1.0176,1.0178,0.40,1.60
2008.04.16 20:58:22.985,1.0176,1.0178,0.40,1.60
2008.04.16 20:58:23.185,1.0176,1.0178,0.40,1.60
2008.04.16 20:58:23.383,1.0176,1.0178,0.40,1.60
2008.04.16 20:58:23.582,1.0176,1.0178,0.40,1.60
2008.04.16 20:58:23.781,1.0176,1.0178,0.40,1.60
2008.04.16 20:58:24.010,1.0176,1.0178,0.40,1.60
2008.04.16 20:58:24.238,1.0176,1.0178,0.40,1.60
2008.04.16 20:58:24.476,1.0176,1.0178,0.40,1.60
2008.04.16 20:58:24.704,1.0176,1.0178,0.40,1.60
2008.04.16 20:58:24.933,1.0176,1.0178,0.40,1.60
2008.04.16 20:58:25.165,1.0176,1.0178,0.40,1.60
2008.04.16 20:58:25.389,1.0176,1.0178,0.40,1.60
2008.04.16 20:58:25.612,1.0176,1.0178,0.40,1.60
2008.04.16 20:58:25.836,1.0176,1.0178,0.40,1.60
2008.04.16 20:58:26.059,1.0176,1.0178,0.40,1.60
2008.04.16 20:58:26.267,1.0176,1.0178,0.40,1.60
2008.04.16 20:58:26.472,1.0176,1.0178,0.40,1.60
2008.04.16 20:58:26.676,1.0176,1.0178,0.40,1.60
2008.04.16 20:58:26.880,1.0176,1.0178,0.40,1.60
2008.04.16 20:58:27.083,1.0176,1.0178,0.40,1.60
2008.04.16 20:58:27.335,1.0176,1.0178,0.40,1.60
2008.04.16 20:58:27.560,1.0176,1.0177,0.40,1.60
2008.04.16 20:58:27.785,1.0176,1.0177,0.40,1.60
2008.04.16 20:58:28.007,1.0176,1.0177,0.40,1.60
2008.04.16 20:58:28.298,1.0176,1.0177,0.40,1.60
2008.04.16 20:58:28.557,1.0176,1.0177,0.40,1.60
2008.04.16 20:58:28.817,1.0176,1.0177,0.40,1.60
2008.04.16 20:58:29.104,1.0176,1.0177,0.40,1.60
2008.04.16 20:58:29.268,1.0176,1.0177,0.40,1.60
2008.04.16 20:58:29.460,1.0176,1.0177,0.40,1.60
2008.04.16 20:58:29.655,1.0176,1.0177,0.40,1.60
2008.04.16 20:58:29.847,1.0176,1.0177,0.40,1.60
2008.04.16 20:58:30.073,1.0176,1.0177,0.40,1.60
2008.04.16 20:58:30.322,1.0176,1.0177,0.40,1.60
2008.04.16 20:58:30.570,1.0176,1.01775,0.40,0.40
2008.04.16 20:58:30.819,1.0176,1.0178,0.40,2.00
2008.04.16 20:58:31.068,1.0176,1.0178,0.40,2.00
2008.04.16 20:58:31.277,1.0176,1.0178,0.40,1.60
2008.04.16 20:58:31.518,1.0176,1.0178,0.40,1.60
2008.04.16 20:58:31.695,1.0176,1.0178,0.40,1.60
2008.04.16 20:58:31.908,1.0176,1.0178,0.40,1.60
2008.04.16 20:58:32.116,1.0176,1.0178,0.40,1.60
2008.04.16 20:58:32.363,1.0176,1.0178,0.40,1.60
2008.04.16 20:58:32.612,1.0176,1.0178,0.40,1.60
2008.04.16 20:58:32.860,1.0176,1.0178,0.40,1.60
2008.04.16 20:58:33.112,1.0176,1.0178,0.40,1.60
2008.04.16 20:58:33.350,1.0176,1.0178,0.40,1.60
2008.04.16 20:58:33.589,1.0176,1.0178,0.40,1.60
2008.04.16 20:58:33.828,1.0176,1.0178,0.40,1.60
2008.04.16 20:58:34.066,1.0176,1.0178,0.40,1.60
2008.04.16 20:58:35.563,1.0176,1.0178,0.40,1.60
2008.04.16 20:58:35.572,1.0176,1.0178,0.40,1.60
2008.04.16 20:58:35.651,1.0176,1.0178,0.40,1.60
2008.04.16 20:58:35.730,1.0176,1.0178,0.40,1.60
2008.04.16 20:58:35.777,1.0176,1.0178,0.40,1.60
2008.04.16 20:58:35.925,1.0176,1.0178,0.40,1.60
2008.04.16 20:58:35.948,1.0176,1.0178,0.40,1.60
2008.04.16 20:58:36.000,1.0176,1.0178,0.40,1.60
2008.04.16 20:58:36.011,1.0176,1.0178,0.40,1.60
2008.04.16 20:58:36.055,1.0176,1.0178,0.40,1.60
2008.04.16 20:58:36.073,1.0176,1.0178,0.40,1.60
2008.04.16 20:58:36.135,1.0176,1.0178,0.40,1.60
2008.04.16 20:58:36.193,1.0176,1.0178,0.40,1.60
2008.04.16 20:58:36.194,1.0176,1.0178,0.40,1.60
2008.04.16 20:58:36.220,1.0176,1.0178,0.40,1.60
2008.04.16 20:58:36.291,1.0176,1.0178,0.40,1.60
2008.04.16 20:58:36.415,1.0176,1.0178,0.40,1.60
2008.04.16 20:58:36.464,1.0176,1.0178,0.40,1.60
2008.04.16 20:58:36.480,1.0176,1.0178,0.40,1.60
2008.04.16 20:58:36.548,1.0176,1.0178,0.40,1.60
2008.04.16 20:58:36.616,1.0176,1.0178,0.40,1.60
2008.04.16 20:58:36.951,1.0176,1.0178,0.40,1.60
2008.04.16 20:58:37.287,1.0176,1.0178,0.40,1.60
2008.04.16 20:58:37.655,1.0176,1.0177,0.40,1.60
2008.04.16 20:58:37.769,1.0176,1.0177,0.40,1.60
2008.04.16 20:58:37.936,1.0176,1.0177,0.40,1.60
2008.04.16 20:58:38.085,1.0176,1.0177,0.40,1.60
2008.04.16 20:58:38.234,1.0176,1.0177,0.40,1.60
2008.04.16 20:58:38.383,1.0176,1.0177,0.40,1.60
2008.04.16 20:58:38.532,1.0176,1.0177,0.40,1.60
2008.04.16 20:58:38.693,1.0176,1.0177,0.40,1.60
2008.04.16 20:58:39.005,1.0176,1.0177,0.40,1.60
2008.04.16 20:58:39.318,1.0176,1.0177,0.40,1.60
2008.04.16 20:58:39.632,1.0176,1.0177,0.40,1.60
2008.04.16 20:58:39.796,1.0176,1.0177,0.40,1.60
2008.04.16 20:58:39.959,1.0176,1.0177,0.40,1.60
2008.04.16 20:58:40.122,1.0176,1.0177,0.40,1.60
2008.04.16 20:58:40.287,1.0176,1.0178,0.40,2.00
2008.04.16 20:58:40.451,1.0176,1.0178,0.40,2.00
2008.04.16 20:58:40.615,1.0176,1.0178,0.40,0.10
2008.04.16 20:58:40.779,1.0176,1.0178,0.40,0.10
2008.04.16 20:58:41.073,1.0176,1.0178,0.40,0.10
2008.04.16 20:58:41.367,1.0176,1.0178,0.40,0.10
2008.04.16 20:58:41.661,1.0176,1.0178,0.40,1.60
2008.04.16 20:58:41.860,1.0176,1.0178,0.40,1.60
2008.04.16 20:58:42.074,1.0176,1.0178,0.40,1.60
2008.04.16 20:58:42.301,1.0176,1.0178,0.40,1.60
2008.04.16 20:58:42.497,1.0176,1.0178,0.40,1.60
2008.04.16 20:58:42.696,1.0176,1.0178,0.40,1.60
2008.04.16 20:58:42.969,1.0176,1.0178,0.40,1.60
2008.04.16 20:58:43.206,1.0176,1.0178,0.40,1.60
2008.04.16 20:58:43.445,1.0176,1.0178,0.40,1.60
2008.04.16 20:58:43.684,1.0176,1.0178,0.40,1.60
2008.04.16 20:58:43.922,1.0176,1.0178,0.40,1.60
2008.04.16 20:58:44.116,1.0176,1.0178,0.40,1.60
2008.04.16 20:58:44.309,1.0176,1.0178,0.40,1.60
2008.04.16 20:58:44.503,1.0176,1.0178,0.40,1.60
2008.04.16 20:58:44.728,1.0176,1.0178,0.40,1.60
2008.04.16 20:58:44.936,1.0176,1.0178,0.40,1.60
2008.04.16 20:58:45.188,1.0176,1.0178,0.40,1.60
2008.04.16 20:58:45.429,1.0176,1.0178,0.40,1.60
2008.04.16 20:58:45.668,1.0176,1.0178,0.40,1.60
2008.04.16 20:58:45.908,1.0176,1.0178,0.40,1.60
2008.04.16 20:58:46.107,1.0176,1.0178,0.40,1.60
2008.04.16 20:58:46.341,1.0176,1.0178,0.40,1.60
2008.04.16 20:58:46.540,1.0176,1.0178,0.40,1.60
2008.04.16 20:58:46.739,1.0176,1.0178,0.40,1.60
2008.04.16 20:58:46.961,1.0176,1.0178,0.40,1.60
2008.04.16 20:58:47.184,1.0176,1.0178,0.40,1.60
2008.04.16 20:58:47.408,1.0176,1.0178,0.40,1.60
2008.04.16 20:58:47.632,1.0176,1.0177,0.40,1.60
2008.04.16 20:58:47.857,1.0176,1.0177,0.40,1.60
2008.04.16 20:58:48.066,1.0176,1.0177,0.40,1.60
2008.04.16 20:58:48.275,1.0176,1.0177,0.40,1.60
2008.04.16 20:58:48.508,1.0176,1.0177,0.40,1.60
2008.04.16 20:58:48.717,1.0176,1.0177,0.40,1.60
2008.04.16 20:58:48.926,1.0176,1.0177,0.40,1.60
2008.04.16 20:58:49.145,1.0176,1.0177,0.40,1.60
2008.04.16 20:58:49.364,1.0176,1.0177,0.40,1.60
2008.04.16 20:58:49.583,1.0176,1.0177,0.40,1.60
2008.04.16 20:58:49.802,1.0176,1.0177,0.40,1.60
2008.04.16 20:58:50.016,1.0176,1.0177,0.40,1.60
2008.04.16 20:58:50.261,1.0176,1.0177,0.40,1.60
2008.04.16 20:58:50.474,1.0176,1.0177,0.40,1.60
2008.04.16 20:58:50.690,1.0176,1.0177,0.40,1.60
2008.04.16 20:58:50.904,1.0176,1.0178,0.40,2.00
2008.04.16 20:58:51.132,1.0176,1.0178,0.40,2.00
2008.04.16 20:58:51.360,1.0176,1.0178,0.40,2.00
2008.04.16 20:58:51.588,1.0176,1.0178,0.40,2.00
2008.04.16 20:58:51.817,1.0176,1.0178,0.40,2.00
2008.04.16 20:58:52.046,1.0176,1.0178,0.40,2.00
2008.04.16 20:58:52.285,1.0176,1.0178,0.40,2.00
2008.04.16 20:58:52.524,1.0176,1.0178,0.40,2.00
2008.04.16 20:58:52.763,1.0176,1.0178,0.40,2.00
2008.04.16 20:58:53.002,1.0176,1.0178,0.40,2.00
2008.04.16 20:58:53.207,1.0176,1.0178,0.40,2.00
2008.04.16 20:58:53.442,1.0176,1.0178,0.40,2.00
2008.04.16 20:58:53.646,1.0176,1.0178,0.40,2.00
2008.04.16 20:58:53.850,1.0176,1.0178,0.40,2.00
2008.04.16 20:58:54.056,1.0176,1.0178,0.40,2.00
2008.04.16 20:58:54.279,1.0176,1.0178,0.40,2.00
2008.04.16 20:58:54.503,1.0176,1.0178,0.40,2.00
2008.04.16 20:58:54.731,1.0176,1.0178,0.40,2.00
2008.04.16 20:58:54.977,1.0176,1.0178,0.40,2.00
2008.04.16 20:58:55.176,1.0176,1.0178,0.40,2.00
2008.04.16 20:58:55.374,1.0176,1.0178,0.40,2.00
2008.04.16 20:58:55.573,1.0176,1.0178,0.40,2.00
2008.04.16 20:58:55.772,1.0176,1.0178,0.40,2.00
2008.04.16 20:58:55.971,1.0176,1.0178,0.40,2.00
2008.04.16 20:58:56.169,1.0176,1.0178,0.40,2.00
2008.04.16 20:58:56.429,1.0176,1.0178,0.40,2.00
2008.04.16 20:58:56.695,1.0176,1.0178,0.40,2.00
2008.04.16 20:58:56.954,1.0176,1.0178,0.40,2.00
2008.04.16 20:58:57.217,1.0176,1.0178,0.40,2.00
2008.04.16 20:58:57.430,1.0176,1.0178,0.40,2.00
2008.04.16 20:58:57.667,1.0176,1.0178,0.40,2.00
2008.04.16 20:58:57.882,1.0176,1.0178,0.40,2.00
2008.04.16 20:58:58.098,1.0176,1.0178,0.40,2.00
2008.04.16 20:58:58.372,1.0176,1.0178,0.40,2.00
2008.04.16 20:58:58.616,1.0176,1.0177,0.40,1.60
2008.04.16 20:58:58.861,1.0176,1.0177,0.40,1.60
2008.04.16 20:58:59.106,1.0176,1.0177,0.40,1.60
2008.04.16 20:58:59.330,1.0176,1.0177,0.40,1.60
2008.04.16 20:58:59.554,1.0176,1.0177,0.40,1.60
2008.04.16 20:58:59.777,1.0176,1.0177,0.40,1.60
2008.04.16 20:59:00.001,1.0176,1.0177,0.40,1.60
2008.04.16 20:59:00.224,1.0176,1.0177,0.40,1.60
2008.04.16 20:59:00.502,1.0176,1.0177,0.40,1.60
2008.04.16 20:59:00.780,1.0176,1.0177,0.40,1.60
2008.04.16 20:59:01.101,1.0176,1.0177,0.40,1.60
2008.04.16 20:59:01.376,1.0176,1.0177,0.40,1.60
2008.04.16 20:59:01.709,1.0176,1.0177,0.40,1.60
2008.04.16 20:59:02.043,1.0176,1.0177,0.40,1.60
2008.04.16 20:59:02.376,1.0176,1.0177,0.40,1.60
2008.04.16 20:59:02.710,1.0176,1.0177,0.40,1.60
2008.04.16 20:59:03.044,1.0176,1.0177,0.40,1.60
2008.04.16 20:59:03.377,1.0176,1.0177,0.40,1.60
2008.04.16 20:59:03.525,1.0176,1.0177,0.40,1.60
2008.04.16 20:59:03.674,1.0176,1.0177,0.40,1.60
2008.04.16 20:59:03.822,1.0176,1.0177,0.40,1.60
2008.04.16 20:59:03.971,1.0176,1.0177,0.40,1.60
2008.04.16 20:59:04.120,1.0176,1.0177,0.40,1.60
2008.04.16 20:59:04.269,1.0176,1.0177,0.40,1.60
2008.04.16 20:59:04.417,1.0176,1.0177,0.40,1.60
2008.04.16 20:59:04.750,1.0176,1.0177,0.40,1.60
2008.04.16 20:59:05.083,1.0176,1.0177,0.40,1.60
2008.04.16 20:59:05.417,1.0176,1.0177,0.40,1.60
2008.04.16 20:59:05.580,1.0176,1.0177,0.40,1.60
2008.04.16 20:59:05.775,1.0176,1.0177,0.40,1.60
2008.04.16 20:59:05.940,1.0176,1.0177,0.40,1.60
2008.04.16 20:59:06.103,1.0176,1.0177,0.40,1.60
2008.04.16 20:59:06.267,1.0176,1.0177,0.40,1.60
2008.04.16 20:59:06.431,1.0176,1.0177,0.40,1.60
2008.04.16 20:59:06.704,1.0176,1.0177,0.40,1.60
2008.04.16 20:59:06.978,1.0176,1.0177,0.40,1.60
2008.04.16 20:59:07.252,1.0176,1.0177,0.40,1.60
2008.04.16 20:59:07.526,1.0176,1.0177,0.40,1.60
2008.04.16 20:59:07.745,1.0176,1.0177,0.40,1.60
2008.04.16 20:59:07.933,1.0176,1.0177,0.40,1.60
2008.04.16 20:59:08.121,1.0176,1.0177,0.40,1.60
2008.04.16 20:59:08.308,1.0176,1.0177,0.40,1.60
2008.04.16 20:59:08.497,1.0176,1.0177,0.40,1.60
2008.04.16 20:59:08.831,1.0176,1.0177,0.40,1.60
2008.04.16 20:59:09.164,1.0176,1.0177,0.40,1.60
2008.04.16 20:59:09.497,1.0176,1.0177,0.40,1.60
2008.04.16 20:59:09.678,1.0176,1.0177,0.40,1.60
2008.04.16 20:59:09.830,1.0176,1.0177,0.40,1.60
2008.04.16 20:59:09.979,1.0176,1.0177,0.40,1.60
2008.04.16 20:59:10.128,1.0176,1.0177,0.40,1.60
2008.04.16 20:59:10.277,1.0176,1.0177,0.40,1.60
2008.04.16 20:59:10.426,1.0176,1.0177,0.40,1.60
2008.04.16 20:59:10.578,1.0176,1.0177,0.40,1.60
2008.04.16 20:59:10.945,1.0176,1.0177,0.40,1.60
2008.04.16 20:59:11.245,1.0176,1.0177,0.40,1.60
2008.04.16 20:59:11.579,1.0176,1.0177,0.40,1.60
2008.04.16 20:59:11.734,1.0176,1.0177,0.40,1.60
2008.04.16 20:59:11.887,1.0176,1.0177,0.40,1.60
2008.04.16 20:59:12.040,1.0176,1.0177,0.40,1.60
2008.04.16 20:59:12.195,1.0176,1.0177,0.40,1.60
2008.04.16 20:59:12.380,1.0176,1.0177,0.40,1.60
2008.04.16 20:59:12.534,1.0176,1.0177,0.40,1.60
2008.04.16 20:59:12.824,1.0176,1.0177,0.40,1.60
2008.04.16 20:59:13.113,1.0176,1.0177,0.40,1.60
2008.04.16 20:59:13.402,1.0176,1.0177,0.40,1.60
2008.04.16 20:59:13.691,1.0176,1.0177,0.40,1.60
2008.04.16 20:59:14.048,1.0176,1.0177,0.40,1.60
2008.04.16 20:59:14.339,1.0176,1.0177,0.40,1.60
2008.04.16 20:59:14.664,1.0176,1.0177,0.40,1.60
2008.04.16 20:59:14.809,1.0176,1.0177,0.40,1.60
2008.04.16 20:59:14.954,1.0176,1.0177,0.40,1.60
2008.04.16 20:59:15.097,1.0176,1.0177,0.40,1.60
2008.04.16 20:59:15.240,1.0176,1.0177,0.40,1.60
2008.04.16 20:59:15.383,1.0176,1.0177,0.40,1.60
2008.04.16 20:59:15.526,1.0176,1.0177,0.40,1.60
2008.04.16 20:59:15.669,1.0176,1.0177,0.40,1.60
2008.04.16 20:59:15.962,1.0176,1.0177,0.40,1.60
2008.04.16 20:59:16.256,1.0176,1.0177,0.40,1.60
2008.04.16 20:59:16.549,1.0176,1.0177,0.40,1.60
2008.04.16 20:59:16.842,1.0176,1.0177,0.40,1.60
2008.04.16 20:59:17.026,1.0176,1.0177,0.40,1.60
2008.04.16 20:59:17.210,1.0176,1.0177,0.40,1.60
2008.04.16 20:59:17.394,1.0176,1.0177,0.40,1.60
2008.04.16 20:59:17.593,1.0176,1.01785,0.40,0.40
2008.04.16 20:59:17.777,1.0176,1.0179,0.40,1.60
2008.04.16 20:59:18.005,1.0176,1.0179,0.40,1.60
2008.04.16 20:59:18.233,1.0176,1.0178,0.40,1.90
2008.04.16 20:59:18.461,1.0176,1.0178,0.40,1.90
2008.04.16 20:59:18.689,1.0176,1.0178,0.40,1.90
2008.04.16 20:59:18.917,1.0176,1.0178,0.40,1.90
2008.04.16 20:59:19.250,1.0176,1.0178,0.40,1.90
2008.04.16 20:59:19.583,1.0176,1.0178,0.40,1.90
2008.04.16 20:59:19.917,1.0176,1.0177,0.40,1.90
2008.04.16 20:59:20.070,1.0176,1.0177,0.40,1.90
2008.04.16 20:59:20.224,1.0176,1.0177,0.40,1.90
2008.04.16 20:59:20.376,1.0176,1.0177,0.40,1.90
2008.04.16 20:59:20.530,1.0176,1.0177,0.40,0.40
2008.04.16 20:59:20.684,1.0176,1.0178,0.40,1.90
2008.04.16 20:59:20.837,1.0176,1.0178,0.40,1.90
2008.04.16 20:59:20.990,1.0176,1.0178,0.40,1.90
2008.04.16 20:59:21.288,1.0176,1.0178,0.40,1.90
2008.04.16 20:59:21.586,1.0176,1.0178,0.40,1.90
2008.04.16 20:59:21.885,1.0176,1.0178,0.40,1.90
2008.04.16 20:59:22.048,1.0176,1.0178,0.40,1.90
2008.04.16 20:59:22.210,1.0176,1.0178,0.40,1.90
2008.04.16 20:59:22.375,1.0176,1.0178,0.40,1.90
2008.04.16 20:59:22.540,1.0176,1.0178,0.40,1.90
2008.04.16 20:59:22.704,1.0176,1.0178,0.40,1.90
2008.04.16 20:59:22.867,1.0176,1.0178,0.40,1.90
2008.04.16 20:59:23.120,1.0176,1.0178,0.40,1.90
2008.04.16 20:59:23.376,1.0176,1.0178,0.40,1.90
2008.04.16 20:59:23.626,1.0176,1.0178,0.40,1.90
2008.04.16 20:59:23.879,1.0176,1.0178,0.40,1.90
2008.04.16 20:59:24.133,1.0176,1.0178,0.40,1.90
2008.04.16 20:59:24.456,1.0176,1.0178,0.40,1.90
2008.04.16 20:59:24.780,1.0176,1.0178,0.40,1.90
2008.04.16 20:59:25.104,1.0176,1.0178,0.40,1.90
2008.04.16 20:59:25.267,1.0176,1.0178,0.40,1.90
2008.04.16 20:59:25.419,1.0176,1.0178,0.40,1.90
2008.04.16 20:59:25.571,1.0176,1.0178,0.40,1.90
2008.04.16 20:59:25.725,1.0176,1.0178,0.40,1.90
2008.04.16 20:59:25.877,1.0176,1.0178,0.40,1.90
2008.04.16 20:59:26.030,1.0176,1.0178,0.40,1.90
2008.04.16 20:59:26.303,1.0176,1.0178,0.40,1.90
2008.04.16 20:59:26.577,1.0176,1.0178,0.40,1.90
2008.04.16 20:59:26.880,1.0176,1.0178,0.40,1.90
2008.04.16 20:59:27.123,1.0176,1.0177,0.40,1.60
2008.04.16 20:59:27.301,1.0176,1.0177,0.40,1.60
2008.04.16 20:59:27.480,1.0176,1.0177,0.40,1.60
2008.04.16 20:59:27.658,1.0176,1.0177,0.40,1.60
2008.04.16 20:59:27.859,1.0176,1.0177,0.40,1.60
2008.04.16 20:59:28.038,1.0176,1.0177,0.40,1.60
2008.04.16 20:59:28.326,1.0176,1.0177,0.40,1.60
2008.04.16 20:59:28.614,1.0176,1.0177,0.40,1.60
2008.04.16 20:59:28.902,1.0176,1.0177,0.40,1.60
2008.04.16 20:59:29.190,1.0176,1.0177,0.40,1.60
2008.04.16 20:59:29.504,1.0176,1.0177,0.40,1.60
2008.04.16 20:59:29.817,1.0176,1.0177,0.40,1.60
2008.04.16 20:59:30.129,1.0176,1.0177,0.40,1.60
2008.04.16 20:59:30.283,1.0176,1.0177,0.40,1.60
2008.04.16 20:59:30.436,1.0176,1.0177,0.40,1.60
2008.04.16 20:59:30.590,1.0176,1.0177,0.40,1.60
2008.04.16 20:59:30.743,1.0176,1.0177,0.40,1.60
2008.04.16 20:59:30.897,1.0176,1.0177,0.40,1.60
2008.04.16 20:59:31.049,1.0176,1.0177,0.40,1.60
2008.04.16 20:59:31.343,1.0176,1.0177,0.40,1.60
2008.04.16 20:59:31.637,1.0176,1.0177,0.40,1.60
2008.04.16 20:59:31.931,1.0176,1.0177,0.40,1.60
2008.04.16 20:59:32.224,1.0176,1.0177,0.40,1.60
2008.04.16 20:59:32.556,1.0176,1.0177,0.40,1.60
2008.04.16 20:59:32.874,1.0176,1.0177,0.40,1.60
2008.04.16 20:59:33.193,1.0176,1.0177,0.40,1.60
2008.04.16 20:59:33.341,1.0176,1.0177,0.40,1.60
2008.04.16 20:59:33.490,1.0176,1.0177,0.40,1.60
2008.04.16 20:59:33.640,1.0176,1.0177,0.40,1.60
2008.04.16 20:59:33.788,1.0176,1.0177,0.40,1.60
2008.04.16 20:59:33.938,1.0176,1.0177,0.40,1.60
2008.04.16 20:59:34.086,1.0176,1.0177,0.40,1.60
2008.04.16 20:59:34.419,1.0176,1.0177,0.40,1.60
2008.04.16 20:59:34.784,1.0176,1.0177,0.40,1.60
2008.04.16 20:59:35.117,1.0176,1.0177,0.40,1.60
2008.04.16 20:59:35.291,1.0176,1.0177,0.40,1.60
2008.04.16 20:59:35.464,1.0176,1.0177,0.40,1.60
2008.04.16 20:59:35.636,1.0176,1.0177,0.40,1.60
2008.04.16 20:59:35.810,1.0176,1.0177,0.40,1.60
2008.04.16 20:59:35.983,1.0176,1.0177,0.40,1.60
2008.04.16 20:59:36.187,1.0176,1.0177,0.40,1.60
2008.04.16 20:59:36.456,1.0176,1.0177,0.40,1.60
2008.04.16 20:59:36.723,1.0176,1.0177,0.40,1.60
2008.04.16 20:59:36.991,1.0176,1.0177,0.40,1.60
2008.04.16 20:59:37.260,1.0176,1.0177,0.40,1.60
2008.04.16 20:59:37.448,1.0176,1.0177,0.40,1.60
2008.04.16 20:59:37.636,1.0176,1.0177,0.40,1.60
2008.04.16 20:59:37.825,1.0176,1.0177,0.40,1.60
2008.04.16 20:59:38.014,1.0176,1.0177,0.40,1.60
2008.04.16 20:59:38.202,1.0176,1.0177,0.40,1.60
2008.04.16 20:59:38.448,1.0176,1.0177,0.40,1.60
2008.04.16 20:59:38.690,1.0176,1.0177,0.40,1.60
2008.04.16 20:59:38.933,1.0176,1.0177,0.40,1.60
2008.04.16 20:59:39.177,1.0176,1.0177,0.40,1.60
2008.04.16 20:59:39.421,1.0176,1.0177,0.40,1.60
2008.04.16 20:59:39.772,1.0176,1.0177,0.40,1.60
2008.04.16 20:59:40.106,1.0176,1.0177,0.40,1.60
2008.04.16 20:59:40.440,1.0176,1.0177,0.40,1.60
2008.04.16 20:59:40.578,1.0176,1.0177,0.40,1.60
2008.04.16 20:59:40.716,1.0176,1.0177,0.40,1.60
2008.04.16 20:59:40.855,1.0176,1.0177,0.40,1.60
2008.04.16 20:59:40.993,1.0176,1.0177,0.40,1.60
2008.04.16 20:59:41.131,1.0176,1.0177,0.40,1.60
2008.04.16 20:59:41.269,1.0176,1.0177,0.40,1.60
2008.04.16 20:59:41.558,1.0176,1.0177,0.40,1.60
2008.04.16 20:59:41.845,1.0176,1.0177,0.40,1.60
2008.04.16 20:59:42.153,1.0176,1.0177,0.40,1.60
2008.04.16 20:59:42.441,1.0176,1.0177,0.40,1.60
2008.04.16 20:59:42.619,1.0176,1.0177,0.40,1.60
2008.04.16 20:59:42.796,1.0176,1.0177,0.40,1.60
2008.04.16 20:59:42.975,1.0176,1.0177,0.40,1.60
2008.04.16 20:59:43.153,1.0176,1.0177,0.40,1.60
2008.04.16 20:59:43.331,1.0176,1.0177,0.40,1.60
2008.04.16 20:59:43.560,1.0176,1.0177,0.40,1.60
2008.04.16 20:59:43.789,1.0176,1.0177,0.40,1.60
2008.04.16 20:59:44.019,1.0176,1.0177,0.40,1.60
2008.04.16 20:59:44.246,1.0176,1.0177,0.40,1.60
2008.04.16 20:59:44.578,1.0176,1.0177,0.40,1.60
2008.04.16 20:59:44.942,1.0176,1.0177,0.40,1.60
2008.04.16 20:59:45.275,1.0176,1.0177,0.40,1.60
2008.04.16 20:59:45.423,1.0176,1.0177,0.40,1.60
2008.04.16 20:59:45.571,1.0176,1.0177,0.40,1.60
2008.04.16 20:59:45.721,1.0176,1.0177,0.40,1.60
2008.04.16 20:59:45.870,1.0176,1.0177,0.40,1.60
2008.04.16 20:59:46.021,1.0176,1.0177,0.40,1.60
2008.04.16 20:59:46.167,1.0176,1.0177,0.40,1.60
2008.04.16 20:59:46.315,1.0176,1.0177,0.40,1.60
2008.04.16 20:59:46.607,1.0176,1.0177,0.40,1.60
2008.04.16 20:59:46.901,1.0176,1.0177,0.40,1.60
2008.04.16 20:59:47.193,1.0176,1.0177,0.40,1.60
2008.04.16 20:59:47.486,1.0176,1.0177,0.40,1.60
2008.04.16 20:59:47.665,1.0176,1.0177,0.40,1.60
2008.04.16 20:59:47.843,1.0176,1.0177,0.40,1.90
2008.04.16 20:59:48.021,1.0176,1.0177,0.40,1.90
2008.04.16 20:59:48.199,1.0176,1.0177,0.40,1.90
2008.04.16 20:59:49.638,1.0176,1.0177,0.40,1.90
2008.04.16 20:59:49.772,1.0176,1.0177,0.40,1.90
2008.04.16 20:59:49.873,1.0176,1.0177,0.40,1.90
2008.04.16 20:59:49.975,1.0176,1.0177,0.40,1.90
2008.04.16 20:59:50.081,1.0176,1.0177,0.40,1.90
2008.04.16 20:59:50.183,1.0176,1.0177,0.40,1.90
2008.04.16 20:59:50.319,1.0176,1.0177,0.40,1.90
2008.04.16 20:59:50.391,1.0176,1.0177,0.40,1.90
2008.04.16 20:59:50.508,1.0176,1.0177,0.40,1.90
2008.04.16 20:59:50.619,1.0176,1.0177,0.40,1.90
2008.04.16 20:59:50.721,1.0176,1.0177,0.40,1.60
2008.04.16 20:59:51.054,1.0176,1.0178,0.40,8.00
2008.04.16 20:59:51.387,1.0176,1.0178,0.40,8.00
2008.04.16 20:59:51.720,1.0176,1.0178,0.40,8.00
2008.04.16 20:59:51.908,1.0176,1.0178,0.40,8.00
2008.04.16 20:59:52.096,1.0176,1.0178,0.40,8.00
2008.04.16 20:59:52.285,1.0176,1.0178,0.40,8.00
2008.04.16 20:59:52.471,1.0176,1.0178,0.40,8.00
2008.04.16 20:59:52.660,1.0176,1.0178,0.40,8.00
2008.04.16 20:59:52.912,1.0176,1.0178,0.40,8.00
2008.04.16 20:59:53.165,1.0176,1.0178,0.40,8.00
2008.04.16 20:59:53.417,1.0176,1.0178,0.40,8.00
2008.04.16 20:59:53.670,1.0176,1.0178,0.40,8.00
2008.04.16 20:59:54.002,1.0176,1.0178,0.40,8.00
2008.04.16 20:59:54.330,1.0176,1.0178,0.40,8.00
2008.04.16 20:59:54.658,1.0176,1.0178,0.40,8.00
2008.04.16 20:59:54.986,1.0176,1.0178,0.40,8.00
2008.04.16 20:59:55.129,1.0176,1.0177,0.40,8.00
2008.04.16 20:59:55.273,1.0176,1.0177,0.40,8.00
2008.04.16 20:59:55.417,1.0176,1.0177,0.40,9.60
2008.04.16 20:59:55.558,1.0176,1.0177,0.40,9.60
2008.04.16 20:59:55.700,1.0176,1.0177,0.40,8.00
2008.04.16 20:59:55.843,1.0176,1.0177,0.40,8.00
2008.04.16 20:59:56.175,1.0176,1.0177,0.40,8.00
2008.04.16 20:59:56.507,1.0176,1.0177,0.40,8.00
2008.04.16 20:59:56.840,1.0176,1.0177,0.40,8.00
2008.04.16 20:59:56.977,1.0176,1.0177,0.40,8.00
2008.04.16 20:59:57.121,1.0176,1.0177,0.40,8.00
2008.04.16 20:59:57.259,1.0176,1.0177,0.40,8.00
2008.04.16 20:59:57.396,1.0176,1.0177,0.40,8.00
2008.04.16 20:59:57.534,1.0176,1.0177,0.40,8.00
2008.04.16 20:59:57.671,1.0176,1.0177,0.40,8.00
2008.04.16 20:59:57.809,1.0176,1.0177,0.40,8.00
2008.04.16 20:59:58.111,1.0176,1.0177,0.40,8.00
2008.04.16 20:59:58.414,1.0176,1.0177,0.40,8.00
2008.04.16 20:59:58.722,1.0176,1.0177,0.40,8.00
2008.04.16 20:59:59.025,1.0176,1.0177,0.40,8.00
2008.04.16 20:59:59.343,1.0176,1.0177,0.40,8.00
2008.04.16 20:59:59.661,1.0176,1.0177,0.40,8.00
2008.04.16 20:59:59.979,1.0176,1.0177,0.40,8.00
