2008.04.06 23:00:00.048,1.008,1.0092,8.00,8.00
2008.04.06 23:00:00.273,1.008,1.0092,8.00,8.00
2008.04.06 23:00:00.517,1.008,1.0092,8.00,8.00
2008.04.06 23:00:00.760,1.008,1.0092,8.00,8.00
2008.04.06 23:00:01.032,1.008,1.0092,8.00,8.00
2008.04.06 23:00:01.643,1.008,1.0092,8.00,8.80
2008.04.06 23:00:01.872,1.008,1.0092,8.00,9.60
2008.04.06 23:00:02.108,1.0079,1.0091,8.00,8.00
2008.04.06 23:00:02.755,1.0079,1.009,8.00,0.80
2008.04.06 23:00:02.971,1.0078,1.009,10.00,8.80
2008.04.06 23:00:03.185,1.008,1.009,0.80,1.60
2008.04.06 23:00:03.401,1.008,1.009,2.00,1.60
2008.04.06 23:00:03.641,1.008,1.009,2.00,1.60
2008.04.06 23:00:03.875,1.008,1.009,2.00,1.60
2008.04.06 23:00:04.555,1.008,1.009,2.00,0.80
2008.04.06 23:00:04.764,1.008,1.009,2.00,0.80
2008.04.06 23:00:04.976,1.008,1.0091,10.00,1.60
2008.04.06 23:00:05.217,1.008,1.0091,9.20,1.60
2008.04.06 23:00:05.426,1.008,1.0091,8.40,1.60
2008.04.06 23:00:05.835,1.008,1.0091,8.40,1.60
2008.04.06 23:00:06.094,1.008,1.0091,10.00,1.60
2008.04.06 23:00:07.105,1.008,1.0091,9.20,1.60
2008.04.06 23:00:07.319,1.008,1.0091,8.40,1.60
2008.04.06 23:00:07.534,1.008,1.0091,8.00,1.60
2008.04.06 23:00:07.773,1.008,1.0091,8.00,1.60
2008.04.06 23:00:09.181,1.008,1.0091,8.00,1.60
2008.04.06 23:00:09.413,1.0081,1.0091,8.00,1.60
2008.04.06 23:00:09.632,1.0081,1.0091,8.40,1.60
2008.04.06 23:00:10.417,1.0081,1.0091,8.40,1.60
2008.04.06 23:00:10.609,1.0081,1.0091,8.40,1.60
2008.04.06 23:00:10.862,1.0081,1.0091,8.40,1.60
2008.04.06 23:00:11.100,1.0081,1.0091,8.40,1.60
2008.04.06 23:00:11.883,1.0081,1.0091,8.40,1.60
2008.04.06 23:00:12.152,1.008,1.0091,8.40,1.60
2008.04.06 23:00:12.746,1.008,1.0091,8.40,1.60
2008.04.06 23:00:13.989,1.008,1.0091,9.20,1.60
2008.04.06 23:00:14.200,1.008,1.0091,10.00,1.60
2008.04.06 23:00:14.437,1.0081,1.0091,8.40,1.60
2008.04.06 23:00:14.700,1.0081,1.0091,8.40,1.60
2008.04.06 23:00:16.201,1.0081,1.0091,8.40,1.60
2008.04.06 23:00:16.408,1.0081,1.0091,0.50,1.60
2008.04.06 23:00:16.612,1.0081,1.0091,0.50,2.00
2008.04.06 23:00:18.111,1.0081,1.0091,0.50,2.00
2008.04.06 23:00:18.309,1.0081,1.009,0.50,1.20
2008.04.06 23:00:18.505,1.0082,1.009,0.50,2.00
2008.04.06 23:00:18.699,1.0082,1.0089,0.50,0.80
2008.04.06 23:00:18.965,1.0082,1.0089,0.50,1.60
2008.04.06 23:00:19.288,1.0082,1.0089,0.50,1.60
2008.04.06 23:00:21.062,1.0082,1.0089,0.50,1.60
2008.04.06 23:00:21.399,1.0082,1.0089,0.50,1.60
2008.04.06 23:00:21.635,1.0081,1.0089,8.40,1.60
2008.04.06 23:00:21.878,1.0081,1.009,8.40,2.00
2008.04.06 23:00:22.260,1.0081,1.009,0.50,2.00
2008.04.06 23:00:24.169,1.0081,1.009,0.50,1.20
2008.04.06 23:00:24.400,1.0081,1.009,0.50,0.50
2008.04.06 23:00:26.172,1.0081,1.009,0.50,0.50
2008.04.06 23:00:26.387,1.0082,1.009,0.50,0.50
2008.04.06 23:00:26.722,1.0082,1.009,0.50,0.50
2008.04.06 23:00:26.973,1.0082,1.009,0.50,0.50
2008.04.06 23:00:28.863,1.0082,1.009,0.50,0.50
2008.04.06 23:00:29.079,1.0081,1.009,0.50,0.50
2008.04.06 23:00:33.878,1.0081,1.009,0.50,0.50
2008.04.06 23:00:34.099,1.0081,1.0091,0.50,0.50
2008.04.06 23:00:38.268,1.0082,1.0091,0.50,0.50
2008.04.06 23:00:38.457,1.0082,1.0091,0.50,0.50
2008.04.06 23:00:38.646,1.0082,1.0091,0.50,0.50
2008.04.06 23:00:38.959,1.0082,1.0091,0.50,0.50
2008.04.06 23:00:45.308,1.0082,1.0091,0.50,0.50
2008.04.06 23:00:45.451,1.0082,1.0091,0.50,0.50
2008.04.06 23:00:45.631,1.0081,1.0091,0.50,0.50
2008.04.06 23:00:45.906,1.0081,1.0091,0.50,0.50
2008.04.06 23:00:46.286,1.0081,1.0091,0.50,0.50
2008.04.06 23:00:46.537,1.0082,1.0091,2.00,0.50
2008.04.06 23:00:46.786,1.0082,1.0091,2.00,0.50
2008.04.06 23:00:47.584,1.0082,1.0091,10.00,0.50
2008.04.06 23:00:47.986,1.0082,1.0091,9.20,0.50
2008.04.06 23:00:48.223,1.0083,1.0091,1.60,0.50
2008.04.06 23:00:48.481,1.0083,1.0091,10.00,0.50
2008.04.06 23:00:49.618,1.0083,1.0091,10.00,0.50
2008.04.06 23:00:50.078,1.0083,1.0091,9.20,0.50
2008.04.06 23:00:50.268,1.0083,1.0091,0.50,0.50
2008.04.06 23:00:50.457,1.0082,1.0091,10.00,0.50
2008.04.06 23:00:52.413,1.0082,1.0091,10.00,0.50
2008.04.06 23:00:52.597,1.0083,1.0091,0.50,0.50
2008.04.06 23:00:52.781,1.0083,1.0091,10.00,0.50
2008.04.06 23:00:52.973,1.0086,1.0091,8.00,0.50
2008.04.06 23:00:53.218,1.0086,1.0093,9.60,0.50
2008.04.06 23:00:53.462,1.0086,1.0093,1.60,0.70
2008.04.06 23:00:53.707,1.0086,1.0093,1.60,0.70
2008.04.06 23:00:53.951,1.0086,1.0093,0.80,0.40
2008.04.06 23:00:54.180,1.0085,1.0093,9.60,0.40
2008.04.06 23:00:54.409,1.0086,1.0093,0.80,0.40
2008.04.06 23:00:54.639,1.0086,1.0093,1.60,0.40
2008.04.06 23:00:54.942,1.0086,1.0093,2.00,0.40
2008.04.06 23:00:55.983,1.0086,1.0093,2.00,0.40
2008.04.06 23:00:57.242,1.0089,1.0093,0.80,0.40
2008.04.06 23:00:57.498,1.0089,1.0093,1.60,0.40
2008.04.06 23:00:57.717,1.0089,1.0093,1.60,0.40
2008.04.06 23:00:57.937,1.0089,1.0093,1.60,0.40
2008.04.06 23:00:58.156,1.0089,1.0093,1.60,0.40
2008.04.06 23:00:58.397,1.0089,1.0093,1.60,0.40
2008.04.06 23:01:00.047,1.0089,1.0093,1.60,0.40
2008.04.06 23:01:02.292,1.0089,1.0093,1.60,0.40
2008.04.06 23:01:02.501,1.0089,1.0093,1.60,0.40
2008.04.06 23:01:02.717,1.0089,1.0093,1.60,0.40
2008.04.06 23:01:02.897,1.0088,1.0093,2.00,0.40
2008.04.06 23:01:03.312,1.0088,1.0093,2.00,0.40
2008.04.06 23:01:03.561,1.0088,1.0098,10.00,0.70
2008.04.06 23:01:03.823,1.0088,1.0098,10.00,0.70
2008.04.06 23:01:04.071,1.0088,1.0098,10.00,0.40
2008.04.06 23:01:04.251,1.0088,1.0098,10.00,0.40
2008.04.06 23:01:04.625,1.0088,1.0098,10.00,0.40
2008.04.06 23:01:05.006,1.0088,1.0098,10.00,0.40
2008.04.06 23:01:05.186,1.0088,1.0098,10.00,0.40
2008.04.06 23:01:05.565,1.0088,1.0098,10.00,0.40
2008.04.06 23:01:05.800,1.0089,1.0098,0.80,0.40
2008.04.06 23:01:06.034,1.0089,1.0098,2.00,0.40
2008.04.06 23:01:06.243,1.0089,1.0098,2.00,0.40
2008.04.06 23:01:06.469,1.0089,1.0099,2.00,2.30
2008.04.06 23:01:09.111,1.0089,1.00985,2.00,0.80
2008.04.06 23:01:09.323,1.0089,1.00985,2.00,0.80
2008.04.06 23:01:09.514,1.0089,1.00985,2.00,0.80
2008.04.06 23:01:09.705,1.0089,1.0097,2.00,0.50
2008.04.06 23:01:10.136,1.0089,1.0097,2.00,0.70
2008.04.06 23:01:11.966,1.0089,1.0097,2.00,0.70
2008.04.06 23:01:12.151,1.0089,1.0097,2.00,0.70
2008.04.06 23:01:12.379,1.009,1.0099,0.50,8.30
2008.04.06 23:01:12.645,1.009,1.0099,0.50,0.40
2008.04.06 23:01:12.875,1.009,1.0099,0.50,0.40
2008.04.06 23:01:13.565,1.009,1.0099,0.50,0.40
2008.04.06 23:01:14.300,1.009,1.0099,0.50,0.40
2008.04.06 23:01:14.556,1.009,1.0099,0.50,1.50
2008.04.06 23:01:14.801,1.009,1.0099,0.50,2.30
2008.04.06 23:01:15.043,1.009,1.0098,0.50,0.40
2008.04.06 23:01:15.650,1.009,1.0098,0.50,0.40
2008.04.06 23:01:15.853,1.0089,1.0098,10.00,0.40
2008.04.06 23:01:16.059,1.009,1.0098,0.50,0.40
2008.04.06 23:01:16.287,1.009,1.0098,0.50,0.40
2008.04.06 23:01:16.536,1.009,1.0098,0.50,0.40
2008.04.06 23:01:21.884,1.009,1.0098,0.50,0.40
2008.04.06 23:01:22.043,1.009,1.0098,0.50,0.40
2008.04.06 23:01:22.203,1.0088,1.0098,8.00,0.40
2008.04.06 23:01:22.388,1.0088,1.0098,8.00,0.40
2008.04.06 23:01:22.549,1.00875,1.0098,0.80,0.40
2008.04.06 23:01:22.822,1.00875,1.0098,0.80,0.40
2008.04.06 23:01:23.154,1.00875,1.0098,0.80,0.40
2008.04.06 23:01:24.596,1.0087,1.0098,8.80,0.40
2008.04.06 23:01:24.825,1.0087,1.0098,8.00,0.40
2008.04.06 23:01:25.731,1.0087,1.0098,8.00,0.40
2008.04.06 23:01:25.962,1.0087,1.0098,8.00,0.40
2008.04.06 23:01:26.161,1.0087,1.0098,8.00,0.40
2008.04.06 23:01:26.820,1.0087,1.0098,8.00,0.40
2008.04.06 23:01:27.024,1.00865,1.0097,0.80,0.50
2008.04.06 23:01:27.266,1.00865,1.0097,0.80,0.50
2008.04.06 23:01:27.432,1.00865,1.0097,0.80,0.50
2008.04.06 23:01:27.638,1.00865,1.0096,0.80,0.40
2008.04.06 23:01:27.877,1.0086,1.0096,8.40,0.40
2008.04.06 23:01:28.131,1.0086,1.0096,1.20,0.70
2008.04.06 23:01:28.388,1.00865,1.0095,0.80,0.40
2008.04.06 23:01:28.958,1.0087,1.0095,0.80,0.40
2008.04.06 23:01:29.223,1.0088,1.0095,0.50,0.40
2008.04.06 23:01:29.610,1.0088,1.0095,0.50,0.40
2008.04.06 23:01:37.298,1.0088,1.0095,0.50,0.40
2008.04.06 23:01:37.550,1.0088,1.0095,0.50,0.40
2008.04.06 23:01:40.406,1.00875,1.0095,0.80,0.40
2008.04.06 23:01:40.639,1.0087,1.0095,0.50,0.40
2008.04.06 23:01:42.399,1.0087,1.0095,0.50,0.40
2008.04.06 23:01:42.527,1.0087,1.0095,0.50,0.40
2008.04.06 23:01:42.989,1.0087,1.0095,0.50,0.70
2008.04.06 23:01:43.083,1.0087,1.0095,0.50,1.50
2008.04.06 23:01:43.177,1.0087,1.0095,0.50,1.50
2008.04.06 23:01:43.273,1.0087,1.0095,0.50,2.30
2008.04.06 23:01:43.425,1.0087,1.0094,0.50,0.40
2008.04.06 23:01:44.075,1.0087,1.0094,0.50,0.40
2008.04.06 23:01:44.411,1.0088,1.0094,0.50,0.40
2008.04.06 23:01:44.576,1.0088,1.0094,0.50,0.40
2008.04.06 23:01:45.944,1.0088,1.0094,0.50,0.40
2008.04.06 23:01:46.239,1.0088,1.0095,0.50,1.60
2008.04.06 23:01:46.532,1.0088,1.0095,0.50,0.80
2008.04.06 23:01:46.706,1.0088,1.0096,0.50,1.60
2008.04.06 23:01:50.406,1.0088,1.0096,0.50,1.60
2008.04.06 23:01:50.621,1.0089,1.0096,1.60,1.60
2008.04.06 23:01:50.821,1.009,1.0097,1.60,0.70
2008.04.06 23:01:51.021,1.009,1.0097,1.60,0.70
2008.04.06 23:01:51.537,1.009,1.0097,1.60,0.70
2008.04.06 23:01:52.515,1.0091,1.0097,0.50,0.70
2008.04.06 23:01:52.893,1.0091,1.0097,0.50,0.70
2008.04.06 23:01:53.108,1.0088,1.0097,1.20,0.70
2008.04.06 23:01:53.322,1.00885,1.0097,0.80,0.70
2008.04.06 23:01:53.536,1.0089,1.0097,0.50,0.70
2008.04.06 23:01:53.788,1.0089,1.0097,0.50,0.70
2008.04.06 23:01:54.009,1.0089,1.0097,0.50,0.70
2008.04.06 23:01:54.269,1.0089,1.0097,0.50,0.70
2008.04.06 23:01:57.444,1.0089,1.0097,0.50,0.70
2008.04.06 23:01:57.648,1.009,1.0097,1.60,0.40
2008.04.06 23:01:57.889,1.0091,1.0097,1.60,0.40
2008.04.06 23:01:58.110,1.0091,1.0097,1.60,0.40
2008.04.06 23:01:58.329,1.009,1.0097,8.00,0.40
2008.04.06 23:01:58.549,1.009,1.0097,8.80,0.40
2008.04.06 23:01:58.769,1.0091,1.0097,0.80,0.40
2008.04.06 23:01:59.013,1.009,1.0097,1.60,0.40
2008.04.06 23:01:59.265,1.009,1.0097,2.00,0.40
2008.04.06 23:01:59.510,1.009,1.0097,0.50,0.40
2008.04.06 23:01:59.756,1.00885,1.0097,0.80,0.40
2008.04.06 23:02:00.007,1.00885,1.0097,0.80,0.40
2008.04.06 23:02:00.222,1.0088,1.0097,0.50,0.40
2008.04.06 23:02:00.435,1.0088,1.0097,0.50,0.40
2008.04.06 23:02:01.273,1.0088,1.0097,0.50,0.40
2008.04.06 23:02:01.477,1.0088,1.0097,0.50,0.40
2008.04.06 23:02:02.129,1.0088,1.0097,1.20,0.40
2008.04.06 23:02:02.395,1.0088,1.0097,2.00,0.40
2008.04.06 23:02:03.676,1.0088,1.0097,2.00,0.40
2008.04.06 23:02:03.881,1.0089,1.0097,0.50,0.40
2008.04.06 23:02:04.111,1.0089,1.0097,0.50,0.70
2008.04.06 23:02:04.347,1.0089,1.0097,2.00,0.70
2008.04.06 23:02:06.236,1.0089,1.0097,2.00,0.70
2008.04.06 23:02:06.906,1.0089,1.0097,2.00,0.70
2008.04.06 23:02:08.601,1.0089,1.0097,2.00,0.40
2008.04.06 23:02:08.625,1.0089,1.0097,2.00,0.40
2008.04.06 23:02:08.707,1.0089,1.0097,2.00,0.40
2008.04.06 23:02:19.335,1.0088,1.0097,2.50,0.40
2008.04.06 23:02:40.321,1.0088,1.0097,10.40,0.40
2008.04.06 23:02:40.546,1.0088,1.0097,10.50,0.40
2008.04.06 23:03:01.872,1.0089,1.0097,0.50,0.40
2008.04.06 23:03:01.897,1.0088,1.0097,10.50,0.40
2008.04.06 23:03:02.100,1.0088,1.0097,10.50,0.40
2008.04.06 23:03:03.107,1.0088,1.0097,10.50,0.40
2008.04.06 23:03:03.316,1.0088,1.0097,10.40,0.40
2008.04.06 23:03:03.526,1.0088,1.0097,10.40,0.40
2008.04.06 23:03:03.734,1.0088,1.0097,10.40,0.40
2008.04.06 23:03:03.979,1.0088,1.0096,10.50,0.40
2008.04.06 23:03:04.224,1.009,1.0096,1.00,0.40
2008.04.06 23:03:04.484,1.009,1.0096,1.00,0.40
2008.04.06 23:03:04.731,1.0089,1.0096,2.20,0.40
2008.04.06 23:03:04.970,1.0089,1.0095,2.20,0.40
2008.04.06 23:03:05.167,1.0088,1.0095,8.60,0.40
2008.04.06 23:03:05.365,1.0088,1.0095,2.20,0.40
2008.04.06 23:03:05.560,1.0087,1.0095,1.80,0.40
2008.04.06 23:03:05.755,1.0087,1.0095,1.80,0.40
2008.04.06 23:03:06.014,1.0087,1.0095,1.80,0.40
2008.04.06 23:03:12.476,1.0087,1.0095,1.80,0.40
2008.04.06 23:03:12.777,1.0087,1.0095,1.80,0.40
2008.04.06 23:03:12.987,1.0087,1.0095,1.80,0.40
2008.04.06 23:03:14.701,1.0087,1.0095,1.90,0.40
2008.04.06 23:03:14.886,1.0087,1.0095,1.90,0.40
2008.04.06 23:03:21.119,1.0087,1.0095,1.90,0.40
2008.04.06 23:03:21.352,1.0087,1.0097,9.80,0.40
2008.04.06 23:03:21.588,1.0087,1.0097,9.80,0.40
2008.04.06 23:03:24.936,1.0087,1.0097,9.80,0.40
2008.04.06 23:03:25.188,1.0087,1.0096,10.00,0.50
2008.04.06 23:03:25.398,1.0087,1.0096,10.00,0.50
2008.04.06 23:03:25.608,1.0087,1.0096,10.00,0.70
2008.04.06 23:03:25.921,1.0087,1.0096,10.00,0.70
2008.04.06 23:03:27.620,1.0087,1.0096,10.00,0.70
2008.04.06 23:03:27.766,1.0087,1.00945,2.10,0.80
2008.04.06 23:03:27.950,1.0087,1.0094,2.10,0.50
2008.04.06 23:03:28.130,1.0087,1.0094,2.10,0.50
2008.04.06 23:03:28.309,1.0087,1.0094,2.10,0.70
2008.04.06 23:03:28.805,1.0087,1.0094,2.10,0.70
2008.04.06 23:03:29.041,1.0087,1.0095,2.10,0.40
2008.04.06 23:03:29.275,1.0087,1.0095,2.10,0.40
2008.04.06 23:03:29.510,1.0087,1.0095,2.10,0.40
2008.04.06 23:03:32.081,1.0088,1.0095,1.60,0.40
2008.04.06 23:03:32.267,1.0089,1.0095,0.80,0.70
2008.04.06 23:03:32.449,1.0089,1.0095,1.60,0.70
2008.04.06 23:03:32.755,1.0089,1.0095,1.60,0.70
2008.04.06 23:03:33.206,1.0089,1.0095,1.60,0.70
2008.04.06 23:03:34.699,1.0089,1.0095,1.60,0.70
2008.04.06 23:03:40.146,1.0089,1.0095,1.60,0.70
2008.04.06 23:03:40.401,1.0089,1.0095,1.60,2.30
2008.04.06 23:03:40.778,1.0089,1.0094,1.60,0.40
2008.04.06 23:03:44.713,1.0089,1.0094,1.80,0.40
2008.04.06 23:03:45.150,1.0089,1.0094,1.80,0.40
2008.04.06 23:03:45.349,1.0089,1.0094,0.30,0.40
2008.04.06 23:03:45.549,1.0088,1.0094,1.80,0.70
2008.04.06 23:03:47.934,1.0088,1.0094,1.80,0.70
2008.04.06 23:03:50.506,1.0088,1.0094,1.80,0.70
2008.04.06 23:03:50.756,1.0088,1.0094,1.80,1.50
2008.04.06 23:03:51.007,1.0087,1.0093,1.60,0.50
2008.04.06 23:03:51.205,1.0087,1.0093,1.60,0.50
2008.04.06 23:03:51.404,1.00885,1.0093,0.80,0.40
2008.04.06 23:03:51.603,1.00885,1.0093,0.80,0.40
2008.04.06 23:03:51.804,1.00885,1.0093,0.80,0.40
2008.04.06 23:03:52.680,1.00885,1.0093,0.80,0.40
2008.04.06 23:03:52.910,1.00875,1.0093,0.80,0.70
2008.04.06 23:03:54.361,1.00875,1.0093,0.80,0.70
2008.04.06 23:03:54.567,1.00875,1.0094,0.80,0.40
2008.04.06 23:03:54.768,1.00875,1.0094,0.80,0.40
2008.04.06 23:03:55.005,1.00875,1.0094,0.80,0.40
2008.04.06 23:03:55.247,1.00875,1.0094,0.80,0.40
2008.04.06 23:03:55.500,1.00875,1.0094,0.80,0.40
2008.04.06 23:03:55.755,1.0088,1.0094,1.60,0.40
2008.04.06 23:03:56.010,1.0089,1.0094,0.50,0.40
2008.04.06 23:03:56.299,1.0089,1.0094,0.50,0.40
2008.04.06 23:03:58.181,1.0089,1.0094,0.50,0.40
2008.04.06 23:03:58.410,1.0089,1.0094,0.50,0.40
2008.04.06 23:03:58.599,1.0088,1.0094,1.60,0.70
2008.04.06 23:04:05.001,1.0088,1.0094,0.80,0.70
2008.04.06 23:04:05.202,1.0087,1.0094,2.00,0.70
2008.04.06 23:04:05.401,1.0087,1.0094,2.00,0.70
2008.04.06 23:04:10.286,1.0087,1.0094,2.00,0.70
2008.04.06 23:04:13.663,1.0087,1.0094,2.00,0.70
2008.04.06 23:04:13.857,1.0087,1.0093,1.60,0.40
2008.04.06 23:04:14.051,1.0087,1.0093,2.00,0.40
2008.04.06 23:04:14.245,1.00875,1.0093,0.80,0.40
2008.04.06 23:04:14.967,1.00875,1.0093,0.80,0.40
2008.04.06 23:04:15.220,1.00875,1.0093,0.80,0.40
2008.04.06 23:04:15.497,1.00875,1.0093,0.80,0.40
2008.04.06 23:04:29.264,1.00875,1.0093,0.80,0.40
2008.04.06 23:04:34.182,1.00875,1.0093,0.80,0.40
2008.04.06 23:04:41.329,1.0088,1.0093,0.80,0.40
2008.04.06 23:04:41.538,1.0088,1.0093,1.60,0.40
2008.04.06 23:05:10.276,1.0088,1.0093,1.60,0.40
2008.04.06 23:05:33.429,1.0088,1.0093,1.60,0.40
2008.04.06 23:05:33.645,1.0088,1.0093,0.80,0.40
2008.04.06 23:05:33.860,1.00885,1.0094,0.80,0.40
2008.04.06 23:05:34.153,1.00875,1.0094,0.80,0.70
2008.04.06 23:05:34.409,1.00875,1.0094,0.80,0.70
2008.04.06 23:05:34.667,1.00875,1.0094,0.80,0.40
2008.04.06 23:05:34.958,1.00875,1.0094,0.80,0.40
2008.04.06 23:05:36.482,1.0088,1.0094,0.80,0.40
2008.04.06 23:05:36.693,1.0089,1.0094,0.80,0.40
2008.04.06 23:05:36.868,1.00895,1.0094,0.80,0.40
2008.04.06 23:05:37.215,1.00895,1.0095,0.80,0.70
2008.04.06 23:05:37.493,1.00895,1.0095,0.80,0.70
2008.04.06 23:05:44.508,1.00895,1.0095,0.80,0.70
2008.04.06 23:05:58.492,1.0089,1.00945,1.20,0.80
2008.04.06 23:05:58.682,1.0089,1.00945,0.50,0.80
2008.04.06 23:05:58.873,1.0088,1.0094,1.60,0.70
2008.04.06 23:05:59.061,1.0088,1.0094,1.60,0.70
2008.04.06 23:05:59.253,1.0088,1.0094,1.60,0.70
2008.04.06 23:05:59.735,1.0088,1.0094,1.60,0.70
2008.04.06 23:06:54.145,1.0088,1.0094,1.60,0.70
2008.04.06 23:07:00.854,1.0088,1.0094,1.60,0.70
2008.04.06 23:07:01.058,1.00875,1.0093,0.80,0.50
2008.04.06 23:07:01.266,1.00875,1.0093,0.80,0.50
2008.04.06 23:07:01.561,1.00875,1.0093,0.80,0.70
2008.04.06 23:07:08.017,1.00875,1.0093,0.80,0.70
2008.04.06 23:07:08.232,1.0088,1.0093,1.60,0.70
2008.04.06 23:07:08.447,1.0088,1.0094,2.00,0.70
2008.04.06 23:07:08.662,1.00885,1.0094,0.80,0.70
2008.04.06 23:07:22.002,1.0088,1.0094,1.20,0.70
2008.04.06 23:07:22.211,1.0088,1.0094,0.50,0.70
2008.04.06 23:07:22.450,1.0088,1.0094,0.50,0.70
2008.04.06 23:07:22.655,1.0087,1.0094,1.20,0.70
2008.04.06 23:07:22.868,1.0087,1.0093,1.20,0.50
2008.04.06 23:07:23.072,1.00875,1.0093,0.80,0.50
2008.04.06 23:07:23.277,1.00875,1.0093,0.80,0.70
2008.04.06 23:07:23.536,1.00875,1.0093,0.80,0.40
2008.04.06 23:07:23.796,1.00875,1.0093,0.80,0.40
2008.04.06 23:07:24.092,1.00875,1.0093,0.80,0.40
2008.04.06 23:07:26.242,1.00875,1.0093,0.80,0.40
2008.04.06 23:07:26.461,1.00875,1.0093,0.80,0.40
2008.04.06 23:07:26.575,1.00885,1.0093,0.80,0.40
2008.04.06 23:07:26.663,1.00885,1.0093,0.80,0.40
2008.04.06 23:07:26.715,1.00885,1.0093,0.80,0.40
2008.04.06 23:07:26.781,1.00885,1.0093,0.80,0.40
2008.04.06 23:07:26.985,1.00885,1.0093,0.80,0.40
2008.04.06 23:07:27.317,1.00885,1.0094,0.80,0.70
2008.04.06 23:07:28.178,1.00885,1.0094,0.80,0.70
2008.04.06 23:07:29.829,1.00885,1.0094,0.80,0.70
2008.04.06 23:07:30.125,1.00875,1.0093,0.80,0.70
2008.04.06 23:07:30.455,1.00875,1.0093,0.80,0.70
2008.04.06 23:07:30.623,1.00875,1.0093,0.80,0.70
2008.04.06 23:07:33.505,1.00875,1.0093,0.80,0.70
2008.04.06 23:07:33.756,1.00875,1.0093,0.80,0.40
2008.04.06 23:07:35.643,1.00875,1.0093,0.80,0.40
2008.04.06 23:07:35.848,1.00875,1.0093,0.80,0.40
2008.04.06 23:07:36.082,1.00875,1.0093,0.80,0.40
2008.04.06 23:07:39.659,1.00875,1.0093,0.80,0.40
2008.04.06 23:07:43.890,1.0087,1.0093,1.20,0.40
2008.04.06 23:07:44.080,1.0087,1.0093,0.50,0.70
2008.04.06 23:07:44.269,1.0087,1.0093,1.20,0.70
2008.04.06 23:07:44.488,1.00875,1.0093,0.80,0.70
2008.04.06 23:07:49.973,1.00875,1.0093,0.80,0.70
2008.04.06 23:07:50.158,1.0087,1.0093,1.20,0.70
2008.04.06 23:07:50.342,1.00875,1.0093,0.80,0.70
2008.04.06 23:07:50.549,1.00875,1.0092,0.80,0.40
2008.04.06 23:07:50.734,1.0086,1.0092,1.60,0.40
2008.04.06 23:07:51.290,1.0086,1.0092,1.60,0.40
2008.04.06 23:07:54.241,1.0086,1.0092,1.60,0.70
2008.04.06 23:07:54.361,1.0086,1.0092,1.60,0.40
2008.04.06 23:07:54.490,1.0086,1.0092,1.60,0.40
2008.04.06 23:07:54.570,1.0086,1.0092,1.60,0.40
2008.04.06 23:07:57.109,1.0086,1.0092,1.60,0.40
2008.04.06 23:07:57.273,1.0085,1.0092,1.20,0.40
2008.04.06 23:07:57.586,1.0083,1.0091,9.20,0.40
2008.04.06 23:07:57.904,1.00835,1.0091,0.80,0.40
2008.04.06 23:07:58.146,1.0081,1.0091,2.80,0.40
2008.04.06 23:07:58.426,1.008,1.0091,2.80,0.40
2008.04.06 23:07:58.630,1.0079,1.0091,2.00,0.40
2008.04.06 23:07:58.835,1.00795,1.0091,0.80,0.40
2008.04.06 23:07:59.047,1.00795,1.0091,0.80,0.40
2008.04.06 23:07:59.743,1.008,1.0091,0.80,0.40
2008.04.06 23:07:59.970,1.008,1.0091,1.80,0.40
2008.04.06 23:08:00.196,1.0084,1.0091,0.80,0.40
2008.04.06 23:08:00.422,1.00845,1.0091,0.80,0.40
2008.04.06 23:08:00.645,1.00835,1.0092,0.80,0.40
2008.04.06 23:08:00.917,1.00835,1.0091,0.80,0.40
2008.04.06 23:08:01.116,1.00835,1.0091,0.80,0.40
2008.04.06 23:08:01.351,1.0081,1.0091,0.80,0.40
2008.04.06 23:08:01.586,1.0081,1.0091,0.80,0.40
2008.04.06 23:08:01.816,1.00805,1.0091,0.80,0.40
2008.04.06 23:08:02.080,1.00805,1.0091,0.80,0.40
2008.04.06 23:08:02.309,1.00805,1.0091,0.80,0.40
2008.04.06 23:08:05.216,1.00805,1.0091,0.80,0.40
2008.04.06 23:08:08.054,1.00805,1.0091,0.80,0.40
2008.04.06 23:08:08.223,1.00805,1.0091,0.80,0.40
2008.04.06 23:08:08.425,1.00805,1.0091,0.80,0.40
2008.04.06 23:08:08.744,1.00805,1.009,0.80,0.40
2008.04.06 23:08:17.954,1.00805,1.009,0.80,0.40
2008.04.06 23:08:18.166,1.00805,1.009,0.80,0.40
2008.04.06 23:08:18.383,1.00805,1.009,0.80,0.40
2008.04.06 23:08:18.602,1.00805,1.0089,0.80,0.40
2008.04.06 23:08:26.466,1.00805,1.0089,0.80,0.40
2008.04.06 23:08:26.692,1.0082,1.009,1.60,0.40
2008.04.06 23:08:26.906,1.0083,1.009,1.60,0.40
2008.04.06 23:08:27.121,1.0083,1.009,1.60,0.40
2008.04.06 23:08:27.343,1.0083,1.009,1.60,0.40
2008.04.06 23:08:27.793,1.0083,1.009,1.60,0.40
2008.04.06 23:08:28.515,1.0083,1.009,2.00,0.40
2008.04.06 23:08:31.010,1.0083,1.009,2.00,0.40
2008.04.06 23:08:33.014,1.00835,1.009,0.80,0.40
2008.04.06 23:08:33.209,1.00835,1.009,0.80,0.40
2008.04.06 23:08:33.440,1.0084,1.009,0.80,0.40
2008.04.06 23:08:33.634,1.0084,1.009,0.80,0.40
2008.04.06 23:08:33.829,1.00835,1.009,0.80,0.40
2008.04.06 23:08:40.602,1.00835,1.009,0.80,0.40
2008.04.06 23:08:40.813,1.00845,1.009,0.80,0.40
2008.04.06 23:08:41.043,1.00845,1.009,0.80,0.40
2008.04.06 23:08:41.302,1.00845,1.009,0.80,0.40
2008.04.06 23:08:54.565,1.00845,1.009,0.80,0.40
2008.04.06 23:08:54.764,1.00845,1.009,0.80,0.40
2008.04.06 23:08:55.261,1.00845,1.009,0.80,0.40
2008.04.06 23:09:03.121,1.00845,1.009,0.80,0.40
2008.04.06 23:09:03.357,1.00845,1.009,0.80,0.40
2008.04.06 23:09:03.519,1.00845,1.009,0.80,0.40
2008.04.06 23:09:03.743,1.00845,1.009,0.80,0.40
2008.04.06 23:09:03.968,1.00845,1.009,0.80,0.40
2008.04.06 23:09:16.576,1.00845,1.009,0.80,0.40
2008.04.06 23:09:16.800,1.00845,1.009,0.80,0.40
2008.04.06 23:09:17.810,1.0085,1.009,0.80,0.40
2008.04.06 23:09:18.035,1.0085,1.009,1.20,0.40
2008.04.06 23:09:18.261,1.00855,1.009,0.80,0.40
2008.04.06 23:09:18.506,1.00855,1.0091,0.80,0.70
2008.04.06 23:09:18.981,1.00855,1.0091,0.80,0.70
2008.04.06 23:09:23.537,1.00855,1.0091,0.80,0.70
2008.04.06 23:09:23.758,1.00855,1.0091,0.80,0.70
2008.04.06 23:09:23.977,1.00855,1.0091,0.80,0.40
2008.04.06 23:09:24.216,1.00855,1.0091,0.80,0.40
2008.04.06 23:09:31.186,1.00855,1.0091,0.80,0.40
2008.04.06 23:09:31.396,1.00855,1.0091,0.80,0.70
2008.04.06 23:09:31.607,1.00855,1.0091,0.80,0.70
2008.04.06 23:09:46.213,1.00855,1.0091,0.80,0.50
2008.04.06 23:09:46.450,1.00855,1.0092,0.80,0.40
2008.04.06 23:09:46.684,1.00855,1.0092,0.80,0.40
2008.04.06 23:09:46.883,1.00855,1.0092,0.80,0.40
2008.04.06 23:09:52.938,1.00855,1.0092,0.80,0.40
2008.04.06 23:09:53.128,1.00855,1.0092,0.80,0.40
2008.04.06 23:10:12.137,1.00855,1.0092,0.80,0.40
2008.04.06 23:10:12.418,1.0085,1.0092,0.50,0.40
2008.04.06 23:10:12.572,1.0084,1.0092,1.60,0.40
2008.04.06 23:10:12.761,1.0084,1.0092,1.60,0.40
2008.04.06 23:10:12.992,1.0084,1.0092,1.60,0.40
2008.04.06 23:10:13.139,1.0084,1.0092,1.60,0.40
2008.04.06 23:10:13.329,1.0084,1.0092,1.60,0.40
2008.04.06 23:10:13.584,1.0084,1.0092,1.60,0.40
2008.04.06 23:10:14.934,1.0084,1.0092,2.00,0.40
2008.04.06 23:10:24.844,1.00845,1.0092,0.80,0.40
2008.04.06 23:10:25.047,1.00845,1.0092,0.80,0.40
2008.04.06 23:10:26.410,1.0085,1.0092,0.80,0.40
2008.04.06 23:10:26.654,1.0086,1.0092,0.50,0.40
2008.04.06 23:10:26.897,1.0086,1.0092,0.50,0.40
2008.04.06 23:10:27.092,1.0086,1.0092,0.50,0.40
2008.04.06 23:10:28.940,1.0086,1.0092,0.50,0.40
2008.04.06 23:10:29.146,1.0085,1.0092,1.60,0.40
2008.04.06 23:10:29.358,1.0085,1.0092,1.60,0.40
2008.04.06 23:10:31.440,1.0085,1.0092,1.60,0.40
2008.04.06 23:10:31.634,1.0085,1.0092,2.00,0.40
2008.04.06 23:10:32.082,1.0085,1.0092,2.00,0.40
2008.04.06 23:10:37.103,1.0085,1.0092,2.00,0.40
2008.04.06 23:10:37.299,1.0086,1.0092,0.50,0.40
2008.04.06 23:10:37.578,1.0086,1.0092,0.50,0.40
2008.04.06 23:10:39.475,1.0086,1.0092,0.50,0.40
2008.04.06 23:10:39.615,1.0086,1.0094,0.50,1.90
2008.04.06 23:10:39.744,1.0086,1.0094,0.50,1.90
2008.04.06 23:10:40.747,1.0086,1.0094,0.50,1.90
2008.04.06 23:10:42.284,1.0086,1.0094,0.50,1.90
2008.04.06 23:10:45.062,1.0086,1.0094,0.50,1.10
2008.04.06 23:10:45.313,1.0086,1.0094,0.50,0.40
2008.04.06 23:10:45.557,1.0086,1.0094,0.50,0.40
2008.04.06 23:10:45.787,1.0086,1.0094,0.50,0.40
2008.04.06 23:11:28.768,1.0086,1.0094,0.50,1.10
2008.04.06 23:11:28.991,1.0086,1.0094,0.50,1.90
2008.04.06 23:11:29.171,1.0086,1.0094,0.50,2.30
2008.04.06 23:11:29.349,1.0086,1.0094,0.50,2.30
2008.04.06 23:11:29.622,1.0086,1.0093,0.50,0.40
2008.04.06 23:11:37.532,1.0086,1.0093,0.50,0.40
2008.04.06 23:11:37.732,1.0086,1.0093,0.50,0.40
2008.04.06 23:11:37.986,1.0085,1.0093,0.50,0.40
2008.04.06 23:11:55.692,1.0085,1.0093,0.50,0.40
2008.04.06 23:11:55.904,1.0085,1.0093,0.50,0.40
2008.04.06 23:11:56.701,1.0085,1.0093,0.50,0.40
2008.04.06 23:12:11.069,1.0085,1.0093,0.50,0.40
2008.04.06 23:12:11.270,1.0085,1.0093,0.50,0.40
2008.04.06 23:12:11.456,1.00845,1.0093,0.80,0.40
2008.04.06 23:12:11.642,1.00845,1.0093,0.80,0.40
2008.04.06 23:12:19.454,1.00845,1.0093,0.80,0.40
2008.04.06 23:12:19.653,1.00845,1.0093,0.80,1.10
2008.04.06 23:12:19.853,1.00845,1.0092,0.80,0.50
2008.04.06 23:12:20.123,1.00845,1.0092,0.80,0.50
2008.04.06 23:12:20.393,1.00845,1.0092,0.80,0.70
2008.04.06 23:12:20.673,1.00845,1.0092,0.80,0.70
2008.04.06 23:12:20.982,1.00845,1.0093,0.80,0.40
2008.04.06 23:12:21.212,1.00845,1.0093,0.80,0.40
2008.04.06 23:12:22.167,1.00845,1.0093,0.80,0.40
2008.04.06 23:12:22.362,1.00845,1.0093,0.80,0.40
2008.04.06 23:12:23.626,1.00845,1.0093,0.80,0.40
2008.04.06 23:12:23.919,1.00845,1.0093,0.80,0.40
2008.04.06 23:12:24.060,1.00845,1.0093,0.80,0.40
2008.04.06 23:12:24.254,1.00845,1.0093,0.80,0.40
2008.04.06 23:12:26.756,1.0084,1.0093,1.20,0.40
2008.04.06 23:12:26.941,1.0084,1.0093,0.50,1.10
2008.04.06 23:12:27.176,1.0083,1.0091,1.20,0.40
2008.04.06 23:12:27.409,1.0083,1.0091,2.00,0.40
2008.04.06 23:12:27.652,1.0083,1.0091,2.00,0.40
2008.04.06 23:12:28.593,1.0083,1.0091,2.00,0.40
2008.04.06 23:12:29.010,1.0083,1.0091,2.00,0.70
2008.04.06 23:12:32.178,1.0083,1.0091,2.00,0.70
2008.04.06 23:12:32.461,1.0083,1.0091,2.00,2.30
2008.04.06 23:12:32.745,1.0083,1.0091,2.00,2.30
2008.04.06 23:12:33.025,1.0084,1.0091,0.50,2.30
2008.04.06 23:12:33.434,1.0084,1.0091,0.50,2.30
2008.04.06 23:12:34.917,1.0084,1.0091,0.50,2.30
2008.04.06 23:12:35.148,1.0083,1.0091,2.00,2.30
2008.04.06 23:12:35.327,1.0083,1.009,2.00,0.50
2008.04.06 23:12:35.534,1.0083,1.009,2.00,0.50
2008.04.06 23:12:35.816,1.0083,1.009,2.00,0.70
2008.04.06 23:12:36.386,1.0083,1.009,2.00,0.70
2008.04.06 23:12:36.688,1.0083,1.009,2.00,0.40
2008.04.06 23:12:40.723,1.0083,1.009,2.00,0.40
2008.04.06 23:12:40.933,1.0083,1.0091,2.00,1.10
2008.04.06 23:12:41.143,1.0083,1.0091,2.00,0.40
2008.04.06 23:12:41.370,1.0083,1.0091,2.00,0.40
2008.04.06 23:12:41.648,1.0083,1.0091,2.00,0.40
2008.04.06 23:12:41.927,1.0083,1.0091,2.00,0.40
2008.04.06 23:12:42.167,1.0083,1.0091,2.00,0.40
2008.04.06 23:12:42.406,1.0083,1.00905,2.00,0.80
2008.04.06 23:12:42.640,1.0083,1.009,2.00,0.40
2008.04.06 23:12:42.873,1.0083,1.009,2.00,0.40
2008.04.06 23:12:43.256,1.0083,1.009,2.00,0.40
2008.04.06 23:12:43.515,1.0083,1.009,2.00,0.40
2008.04.06 23:12:43.751,1.0083,1.009,2.00,0.40
2008.04.06 23:12:44.018,1.0083,1.009,2.00,0.70
2008.04.06 23:12:44.434,1.0083,1.009,1.20,0.70
2008.04.06 23:12:44.634,1.0083,1.009,0.50,0.70
2008.04.06 23:12:45.487,1.0083,1.009,0.50,0.70
2008.04.06 23:12:49.475,1.0083,1.009,0.50,0.70
2008.04.06 23:12:49.699,1.0083,1.009,0.50,0.70
2008.04.06 23:12:49.959,1.0083,1.009,0.50,0.40
2008.04.06 23:12:50.146,1.0083,1.009,0.50,0.40
2008.04.06 23:12:53.124,1.0083,1.009,0.50,0.40
2008.04.06 23:12:53.363,1.0083,1.009,0.50,0.40
2008.04.06 23:12:53.625,1.0083,1.009,0.50,0.70
2008.04.06 23:12:53.844,1.0083,1.009,0.50,0.70
2008.04.06 23:13:01.144,1.0083,1.009,0.50,0.70
2008.04.06 23:13:01.366,1.008,1.0089,4.00,0.40
2008.04.06 23:13:01.618,1.008,1.0089,2.00,0.40
2008.04.06 23:13:01.839,1.008,1.0088,1.60,0.40
2008.04.06 23:13:02.058,1.008,1.0088,2.00,0.40
2008.04.06 23:13:02.307,1.008,1.0088,2.00,0.40
2008.04.06 23:13:03.269,1.008,1.0088,2.00,0.40
2008.04.06 23:13:03.745,1.00815,1.0088,0.80,0.40
2008.04.06 23:13:03.946,1.00815,1.0088,0.80,0.40
2008.04.06 23:13:04.182,1.0082,1.0088,1.60,0.40
2008.04.06 23:13:04.454,1.0082,1.0088,1.60,0.40
2008.04.06 23:13:04.731,1.0082,1.009,1.60,0.70
2008.04.06 23:13:05.467,1.0082,1.009,1.60,0.70
2008.04.06 23:13:05.740,1.0082,1.0089,0.80,0.70
2008.04.06 23:13:05.937,1.0081,1.0089,1.60,0.70
2008.04.06 23:13:06.171,1.0081,1.0089,2.00,0.70
2008.04.06 23:13:06.391,1.0081,1.0089,2.00,0.70
2008.04.06 23:13:07.513,1.0081,1.0089,2.00,0.70
2008.04.06 23:13:07.742,1.0081,1.0089,1.20,0.70
2008.04.06 23:13:07.972,1.008,1.0089,1.20,0.40
2008.04.06 23:13:08.202,1.0081,1.0089,0.50,0.40
2008.04.06 23:13:09.134,1.0081,1.0089,0.50,0.40
2008.04.06 23:13:09.358,1.0081,1.0089,0.50,0.70
2008.04.06 23:13:09.753,1.0081,1.0089,0.50,0.70
2008.04.06 23:13:10.419,1.0081,1.0089,0.50,0.70
2008.04.06 23:13:11.504,1.0081,1.0089,1.20,0.70
2008.04.06 23:13:11.682,1.0081,1.0089,2.00,0.70
2008.04.06 23:13:11.861,1.0081,1.0089,2.00,0.70
2008.04.06 23:13:18.472,1.0081,1.0089,2.00,0.70
2008.04.06 23:13:18.724,1.0081,1.0089,2.00,0.70
2008.04.06 23:13:20.539,1.0081,1.0089,2.00,0.70
2008.04.06 23:13:20.711,1.0081,1.0089,2.00,0.50
2008.04.06 23:13:20.882,1.0081,1.009,2.00,0.40
2008.04.06 23:13:21.704,1.0081,1.009,2.00,0.40
2008.04.06 23:13:23.004,1.0081,1.009,2.00,0.40
2008.04.06 23:13:23.222,1.0081,1.009,2.00,0.40
2008.04.06 23:13:23.401,1.0081,1.009,2.00,0.70
2008.04.06 23:13:23.719,1.0081,1.0089,2.00,0.40
2008.04.06 23:13:32.933,1.0081,1.0089,2.00,0.40
2008.04.06 23:13:33.128,1.0081,1.0089,1.20,0.70
2008.04.06 23:13:33.323,1.0081,1.0089,2.00,0.70
2008.04.06 23:13:33.518,1.0081,1.0089,2.00,0.70
2008.04.06 23:13:47.558,1.0081,1.0089,2.00,0.70
2008.04.06 23:13:47.743,1.0081,1.0089,2.00,0.70
2008.04.06 23:13:47.942,1.0083,1.009,0.50,0.70
2008.04.06 23:13:48.207,1.0083,1.009,0.50,0.70
2008.04.06 23:13:48.477,1.0082,1.0089,1.60,0.40
2008.04.06 23:13:48.666,1.0082,1.0089,0.50,0.40
2008.04.06 23:13:48.896,1.0082,1.0089,0.50,0.40
2008.04.06 23:13:49.125,1.0082,1.0089,0.50,0.40
2008.04.06 23:13:54.496,1.0082,1.0089,1.20,0.40
2008.04.06 23:13:54.710,1.0082,1.0089,2.00,0.40
2008.04.06 23:13:56.794,1.0082,1.0089,2.00,0.40
2008.04.06 23:14:05.161,1.0082,1.0089,2.00,0.40
2008.04.06 23:14:05.355,1.0083,1.0089,0.50,0.40
2008.04.06 23:14:05.754,1.0083,1.009,0.50,0.70
2008.04.06 23:14:06.506,1.0083,1.009,0.50,0.70
2008.04.06 23:14:06.768,1.0083,1.009,2.00,0.70
2008.04.06 23:14:09.491,1.0083,1.009,1.20,0.70
2008.04.06 23:14:09.698,1.0083,1.009,0.50,0.70
2008.04.06 23:14:09.902,1.0082,1.009,1.20,0.70
2008.04.06 23:14:10.106,1.0082,1.009,2.00,0.70
2008.04.06 23:14:26.131,1.0082,1.009,2.00,0.70
2008.04.06 23:14:26.365,1.0083,1.009,0.50,0.70
2008.04.06 23:14:26.601,1.0083,1.009,2.00,0.70
2008.04.06 23:14:26.869,1.0083,1.009,2.00,0.70
2008.04.06 23:14:27.680,1.0083,1.009,2.00,0.70
2008.04.06 23:14:27.953,1.0082,1.009,0.50,0.70
2008.04.06 23:14:28.217,1.0082,1.0089,2.00,0.50
2008.04.06 23:14:28.491,1.0082,1.0089,2.00,0.50
2008.04.06 23:14:28.664,1.0082,1.0089,2.00,0.70
2008.04.06 23:14:34.485,1.0082,1.0089,2.00,0.70
2008.04.06 23:14:34.690,1.0082,1.0089,2.00,0.40
2008.04.06 23:14:34.894,1.0082,1.0089,2.00,0.40
2008.04.06 23:14:35.136,1.0082,1.0089,2.00,0.40
2008.04.06 23:14:38.251,1.0082,1.0089,1.20,0.40
2008.04.06 23:14:38.485,1.0082,1.0089,1.20,0.40
2008.04.06 23:14:38.717,1.0081,1.0089,1.20,0.40
2008.04.06 23:14:38.874,1.0081,1.0089,2.00,0.40
2008.04.06 23:14:42.579,1.0081,1.0089,1.20,1.10
2008.04.06 23:14:42.785,1.0081,1.0089,0.50,8.30
2008.04.06 23:14:43.000,1.0079,1.0087,2.00,0.40
2008.04.06 23:14:43.145,1.0079,1.0086,2.00,0.40
2008.04.06 23:14:43.324,1.0079,1.0086,1.60,0.40
2008.04.06 23:14:43.505,1.0079,1.0086,1.60,0.40
2008.04.06 23:14:43.797,1.0079,1.0088,1.60,0.40
2008.04.06 23:14:44.230,1.0079,1.0088,1.60,1.10
2008.04.06 23:14:44.520,1.0079,1.00865,1.60,0.80
2008.04.06 23:14:44.726,1.0079,1.00865,1.60,0.80
2008.04.06 23:14:44.967,1.0079,1.0086,1.60,0.40
2008.04.06 23:14:45.170,1.0079,1.0086,1.60,0.40
2008.04.06 23:14:45.375,1.0079,1.0086,1.60,0.40
2008.04.06 23:14:45.578,1.0079,1.0086,1.60,0.40
2008.04.06 23:14:45.838,1.0079,1.0086,2.00,0.40
2008.04.06 23:14:46.097,1.0079,1.0086,2.00,0.40
2008.04.06 23:14:46.377,1.0079,1.0086,2.00,0.70
2008.04.06 23:14:46.862,1.0079,1.0086,2.00,0.70
2008.04.06 23:14:47.123,1.0079,1.0086,1.60,0.70
2008.04.06 23:14:50.851,1.0079,1.0086,1.60,0.70
2008.04.06 23:14:51.142,1.008,1.0088,0.50,0.40
2008.04.06 23:14:51.430,1.008,1.0088,0.50,0.40
2008.04.06 23:14:51.689,1.008,1.0088,0.50,0.40
2008.04.06 23:14:52.309,1.008,1.0088,0.50,0.40
2008.04.06 23:14:53.401,1.008,1.0088,0.50,0.40
2008.04.06 23:14:53.632,1.008,1.0088,0.50,0.40
2008.04.06 23:14:53.897,1.00785,1.0086,0.80,0.70
2008.04.06 23:14:54.114,1.00785,1.0086,0.80,0.70
2008.04.06 23:14:54.328,1.00785,1.0086,0.80,0.70
2008.04.06 23:14:54.544,1.00785,1.0087,0.80,0.40
2008.04.06 23:14:54.760,1.00785,1.0087,0.80,0.40
2008.04.06 23:14:55.040,1.00785,1.0087,0.80,0.40
2008.04.06 23:14:55.958,1.0079,1.0087,1.20,0.40
2008.04.06 23:14:56.157,1.0079,1.0087,2.00,0.40
2008.04.06 23:14:56.357,1.0079,1.0087,2.00,0.40
2008.04.06 23:14:57.270,1.0079,1.0087,2.00,0.40
2008.04.06 23:14:57.525,1.0079,1.0087,2.00,0.70
2008.04.06 23:14:57.823,1.0079,1.0087,2.00,0.70
2008.04.06 23:15:02.522,1.0079,1.0087,2.00,0.70
2008.04.06 23:15:02.851,1.0079,1.0087,2.00,0.70
2008.04.06 23:15:06.358,1.0079,1.0087,2.00,0.70
2008.04.06 23:15:06.578,1.0079,1.0086,2.00,0.40
2008.04.06 23:15:06.835,1.0079,1.0086,1.60,0.40
2008.04.06 23:15:07.191,1.0079,1.0086,1.60,0.40
2008.04.06 23:15:07.461,1.0079,1.0086,2.00,0.40
2008.04.06 23:15:07.933,1.0079,1.0086,2.00,0.40
2008.04.06 23:15:08.203,1.0079,1.0086,2.00,0.70
2008.04.06 23:15:08.437,1.0079,1.0086,2.00,0.70
2008.04.06 23:15:10.910,1.0079,1.0086,2.00,0.70
2008.04.06 23:15:11.116,1.0078,1.0085,2.00,0.70
2008.04.06 23:15:11.651,1.0078,1.0085,2.00,0.70
2008.04.06 23:15:11.923,1.0078,1.0085,2.00,0.70
2008.04.06 23:15:12.204,1.0078,1.0085,2.00,0.70
2008.04.06 23:15:12.793,1.0078,1.0085,2.00,0.70
2008.04.06 23:15:13.488,1.0078,1.0085,2.00,0.40
2008.04.06 23:15:13.738,1.0078,1.0085,2.00,0.40
2008.04.06 23:15:13.986,1.0078,1.0085,2.00,0.40
2008.04.06 23:15:14.235,1.0078,1.0085,2.00,0.40
2008.04.06 23:15:14.643,1.0078,1.0085,2.00,0.40
2008.04.06 23:15:39.849,1.0078,1.0085,2.00,0.40
2008.04.06 23:15:40.066,1.0078,1.0086,2.00,0.70
2008.04.06 23:15:40.249,1.0078,1.0086,2.00,0.40
2008.04.06 23:15:40.890,1.0078,1.0086,2.00,0.40
2008.04.06 23:15:41.155,1.0079,1.0086,1.20,0.40
2008.04.06 23:15:41.389,1.0079,1.0086,2.00,0.40
2008.04.06 23:15:41.624,1.0079,1.0086,2.00,0.40
2008.04.06 23:15:41.859,1.0079,1.0086,2.00,0.40
2008.04.06 23:16:05.158,1.0079,1.0086,2.00,0.40
2008.04.06 23:16:05.383,1.0079,1.0086,1.60,0.40
2008.04.06 23:16:05.608,1.0079,1.0086,1.60,0.40
2008.04.06 23:16:05.869,1.0079,1.0086,1.60,0.40
2008.04.06 23:16:06.536,1.0079,1.0086,1.60,0.40
2008.04.06 23:16:08.026,1.0079,1.0086,0.80,0.40
2008.04.06 23:16:08.191,1.0078,1.0086,8.00,0.40
2008.04.06 23:16:08.354,1.00775,1.0086,0.80,0.40
2008.04.06 23:16:09.738,1.00775,1.0086,0.80,0.40
2008.04.06 23:16:33.469,1.00775,1.0086,0.80,0.40
2008.04.06 23:16:33.667,1.00775,1.0086,0.80,0.40
2008.04.06 23:16:33.860,1.00775,1.0086,0.80,0.70
2008.04.06 23:16:34.235,1.00775,1.0086,0.80,0.70
2008.04.06 23:16:34.929,1.00775,1.0086,0.80,0.70
2008.04.06 23:16:35.209,1.0079,1.0086,0.80,0.40
2008.04.06 23:16:35.489,1.00795,1.0086,0.80,0.40
2008.04.06 23:16:35.699,1.0077,1.0086,8.80,0.40
2008.04.06 23:16:35.909,1.00775,1.0086,0.80,0.40
2008.04.06 23:16:36.292,1.00775,1.0086,0.80,0.40
2008.04.06 23:16:36.543,1.00775,1.0086,0.80,0.40
2008.04.06 23:16:38.269,1.0078,1.0086,0.80,0.40
2008.04.06 23:16:38.456,1.0078,1.0086,1.60,0.40
2008.04.06 23:16:38.640,1.00785,1.0086,0.80,0.40
2008.04.06 23:16:38.825,1.00785,1.0086,0.80,0.40
2008.04.06 23:16:39.043,1.00785,1.0086,0.80,0.40
2008.04.06 23:16:49.565,1.00785,1.0086,0.80,0.40
2008.04.06 23:16:51.244,1.00785,1.0086,0.80,0.40
2008.04.06 23:16:51.524,1.00785,1.0086,0.80,0.40
2008.04.06 23:16:54.755,1.00785,1.0086,0.80,0.40
2008.04.06 23:16:56.533,1.00785,1.0086,0.80,0.40
2008.04.06 23:16:56.790,1.00785,1.0086,0.80,0.40
2008.04.06 23:16:56.997,1.00785,1.0087,0.80,0.70
2008.04.06 23:16:57.510,1.0079,1.0087,0.80,0.70
2008.04.06 23:16:57.722,1.0079,1.0087,0.80,0.70
2008.04.06 23:16:57.977,1.00795,1.0087,0.80,0.70
2008.04.06 23:17:05.281,1.00795,1.0087,0.80,0.70
2008.04.06 23:17:05.476,1.00795,1.0087,0.80,0.40
2008.04.06 23:17:05.672,1.0079,1.0087,8.80,0.40
2008.04.06 23:17:05.878,1.00795,1.0087,0.80,0.40
2008.04.06 23:17:06.312,1.00795,1.0088,0.80,0.70
2008.04.06 23:17:06.556,1.008,1.0088,0.80,0.70
2008.04.06 23:17:06.800,1.00805,1.0088,0.80,0.70
2008.04.06 23:17:07.022,1.00805,1.0088,0.80,0.70
2008.04.06 23:17:27.007,1.00805,1.0088,0.80,0.70
2008.04.06 23:17:41.563,1.00805,1.0088,0.80,1.50
2008.04.06 23:17:41.757,1.00805,1.0088,0.80,2.30
2008.04.06 23:17:55.247,1.00805,1.0088,0.80,2.30
2008.04.06 23:18:02.110,1.00805,1.0088,0.80,2.30
2008.04.06 23:18:02.311,1.00805,1.0088,0.80,2.30
2008.04.06 23:18:40.345,1.00805,1.0088,0.80,2.30
2008.04.06 23:18:40.572,1.00805,1.0087,0.80,0.50
2008.04.06 23:18:40.795,1.00805,1.0087,0.80,0.50
2008.04.06 23:18:40.995,1.00805,1.0087,0.80,0.70
2008.04.06 23:18:43.861,1.00805,1.0087,0.80,0.70
2008.04.06 23:18:44.116,1.00805,1.0088,0.80,0.70
2008.04.06 23:18:45.774,1.00805,1.0088,0.80,0.70
2008.04.06 23:18:45.977,1.00805,1.0088,0.80,0.70
2008.04.06 23:18:46.211,1.00805,1.0088,0.80,0.70
2008.04.06 23:18:46.446,1.00805,1.0088,0.80,0.40
2008.04.06 23:18:53.315,1.00805,1.0088,0.80,0.40
2008.04.06 23:19:22.969,1.00805,1.0088,0.80,0.40
2008.04.06 23:19:23.265,1.00805,1.0088,0.80,0.40
2008.04.06 23:20:00.726,1.00805,1.0088,0.80,0.40
2008.04.06 23:20:00.943,1.00805,1.0088,0.80,0.70
2008.04.06 23:20:01.159,1.00805,1.0088,0.80,0.70
2008.04.06 23:20:19.541,1.00815,1.0088,0.80,0.70
2008.04.06 23:20:19.740,1.00815,1.0088,0.80,0.70
2008.04.06 23:20:19.940,1.00815,1.0088,0.80,0.70
2008.04.06 23:20:20.167,1.00815,1.0088,0.80,0.70
2008.04.06 23:20:21.687,1.0082,1.0088,0.50,0.70
2008.04.06 23:20:46.450,1.0082,1.0088,0.50,0.70
2008.04.06 23:20:46.682,1.0082,1.0089,0.50,1.50
2008.04.06 23:20:46.919,1.0082,1.0089,0.50,2.30
2008.04.06 23:20:59.653,1.0082,1.0089,0.50,2.30
2008.04.06 23:20:59.863,1.0082,1.00915,8.40,0.80
2008.04.06 23:21:00.073,1.0082,1.00915,8.40,0.80
2008.04.06 23:21:02.276,1.0082,1.00915,9.20,0.80
2008.04.06 23:21:02.484,1.0082,1.00915,10.00,0.80
2008.04.06 23:21:03.407,1.0082,1.00915,10.00,0.80
2008.04.06 23:21:10.259,1.0082,1.00915,10.00,0.80
2008.04.06 23:21:10.433,1.0082,1.00915,10.00,0.80
2008.04.06 23:21:11.456,1.0082,1.00915,10.00,0.80
2008.04.06 23:21:13.045,1.0082,1.00915,10.00,0.80
2008.04.06 23:21:13.266,1.0082,1.0092,10.00,0.70
2008.04.06 23:21:13.468,1.0082,1.0092,11.20,0.70
2008.04.06 23:21:13.712,1.0082,1.0092,11.20,0.40
2008.04.06 23:21:13.956,1.0082,1.0092,11.20,0.40
2008.04.06 23:21:14.838,1.0084,1.0092,2.40,0.40
2008.04.06 23:21:17.539,1.0084,1.0092,2.40,0.40
2008.04.06 23:21:17.754,1.0084,1.0092,2.40,0.40
2008.04.06 23:21:19.153,1.0084,1.0092,2.40,0.40
2008.04.06 23:21:19.372,1.0084,1.0092,0.50,0.40
2008.04.06 23:21:19.591,1.0084,1.0092,0.50,0.40
2008.04.06 23:21:19.796,1.0084,1.0092,0.50,0.40
2008.04.06 23:21:25.674,1.0084,1.0092,0.50,1.10
2008.04.06 23:21:25.823,1.0084,1.0091,0.50,0.50
2008.04.06 23:21:26.113,1.0084,1.0091,0.50,0.50
2008.04.06 23:21:26.401,1.0084,1.009,0.50,0.40
2008.04.06 23:21:27.878,1.0084,1.009,0.50,0.40
2008.04.06 23:21:28.264,1.0084,1.009,0.50,0.40
2008.04.06 23:21:28.530,1.0083,1.009,8.40,0.40
2008.04.06 23:21:28.794,1.0083,1.009,8.40,0.40
2008.04.06 23:21:29.061,1.0083,1.009,8.40,0.40
2008.04.06 23:21:30.286,1.0083,1.009,8.40,0.40
2008.04.06 23:21:30.495,1.0083,1.009,8.40,0.40
2008.04.06 23:21:30.705,1.0083,1.009,8.40,0.40
2008.04.06 23:21:34.689,1.0083,1.0089,8.40,0.80
2008.04.06 23:21:34.939,1.0083,1.0089,0.50,1.60
2008.04.06 23:21:35.226,1.0083,1.0089,0.50,1.60
2008.04.06 23:21:35.460,1.0083,1.0088,0.50,1.60
2008.04.06 23:21:35.698,1.0083,1.0088,0.50,1.90
2008.04.06 23:21:35.934,1.0083,1.0088,0.50,1.90
2008.04.06 23:21:36.167,1.0083,1.0088,0.50,1.90
2008.04.06 23:21:36.715,1.0083,1.0088,0.50,1.90
2008.04.06 23:21:36.950,1.0083,1.0088,0.50,0.40
2008.04.06 23:21:37.185,1.0083,1.0088,0.50,0.40
2008.04.06 23:21:37.443,1.0083,1.0088,0.50,0.40
2008.04.06 23:21:49.651,1.0083,1.0088,0.50,0.40
2008.04.06 23:21:49.886,1.0083,1.0088,0.50,0.40
2008.04.06 23:21:52.486,1.0083,1.0088,0.50,0.40
2008.04.06 23:21:52.724,1.0083,1.0088,0.50,0.40
2008.04.06 23:22:04.694,1.0083,1.0088,0.50,0.40
2008.04.06 23:22:04.883,1.0083,1.0089,0.50,1.20
2008.04.06 23:22:05.108,1.0083,1.0089,0.50,0.50
2008.04.06 23:22:10.110,1.0083,1.0089,0.50,0.50
2008.04.06 23:22:19.107,1.0083,1.0089,0.50,0.50
2008.04.06 23:22:19.293,1.0083,1.009,0.50,0.70
2008.04.06 23:22:19.478,1.0083,1.009,0.50,0.40
2008.04.06 23:22:19.661,1.0083,1.009,0.50,0.40
2008.04.06 23:23:14.544,1.0083,1.009,0.50,0.40
2008.04.06 23:23:23.911,1.0083,1.009,0.50,0.40
2008.04.06 23:23:24.114,1.0083,1.0091,0.50,0.40
2008.04.06 23:23:24.313,1.0083,1.0091,0.50,0.40
2008.04.06 23:23:29.436,1.0083,1.0091,0.50,0.40
2008.04.06 23:23:29.651,1.0083,1.0091,0.50,0.40
2008.04.06 23:23:34.415,1.0083,1.0091,0.50,0.40
2008.04.06 23:23:34.614,1.0084,1.0091,0.50,0.40
2008.04.06 23:23:34.995,1.0084,1.0091,0.50,0.40
2008.04.06 23:23:38.981,1.0084,1.0091,0.50,0.40
2008.04.06 23:23:39.286,1.0084,1.0091,0.50,0.40
2008.04.06 23:23:45.244,1.0084,1.0091,0.50,0.40
2008.04.06 23:23:50.742,1.0084,1.0091,2.80,0.40
2008.04.06 23:23:51.383,1.0084,1.0091,0.50,0.40
2008.04.06 23:24:16.040,1.0084,1.0091,0.50,0.40
2008.04.06 23:24:16.189,1.00825,1.0091,0.80,0.40
2008.04.06 23:24:16.374,1.00825,1.0091,0.80,0.40
2008.04.06 23:24:17.156,1.00825,1.0091,0.80,0.40
2008.04.06 23:24:26.073,1.00825,1.0091,0.80,0.40
2008.04.06 23:24:26.295,1.00825,1.009,0.80,2.80
2008.04.06 23:24:26.515,1.00825,1.0088,0.80,0.40
2008.04.06 23:24:26.734,1.00825,1.009,0.80,3.10
2008.04.06 23:24:27.191,1.00825,1.009,0.80,3.10
2008.04.06 23:24:33.947,1.00825,1.009,0.80,3.10
2008.04.06 23:24:34.142,1.00825,1.009,0.80,2.80
2008.04.06 23:24:34.376,1.00825,1.00915,0.80,0.80
2008.04.06 23:24:41.575,1.00825,1.00915,0.80,0.80
2008.04.06 23:24:43.532,1.00825,1.00915,0.80,0.80
2008.04.06 23:25:26.370,1.00825,1.00915,0.80,0.80
2008.04.06 23:25:26.565,1.00825,1.0092,0.80,3.10
2008.04.06 23:25:26.791,1.0083,1.0092,2.40,0.40
2008.04.06 23:25:26.980,1.0083,1.0092,2.40,0.40
2008.04.06 23:25:27.210,1.0083,1.0092,2.40,0.40
2008.04.06 23:25:29.381,1.0083,1.0092,2.40,0.40
2008.04.06 23:25:29.551,1.0083,1.0092,2.40,0.40
2008.04.06 23:25:29.972,1.0083,1.0092,2.40,0.40
2008.04.06 23:25:30.664,1.0083,1.0092,2.40,0.40
2008.04.06 23:25:31.686,1.0083,1.0092,2.40,0.40
2008.04.06 23:25:31.901,1.0084,1.0092,2.00,0.40
2008.04.06 23:25:32.133,1.0084,1.0092,2.00,0.40
2008.04.06 23:25:32.328,1.0084,1.0093,2.00,4.70
2008.04.06 23:25:32.640,1.0084,1.0093,2.00,3.90
2008.04.06 23:25:32.884,1.0084,1.0093,2.00,3.10
2008.04.06 23:25:33.349,1.0084,1.0093,2.00,3.10
2008.04.06 23:25:46.607,1.0084,1.0093,2.00,3.10
2008.04.06 23:25:46.802,1.0085,1.0094,2.40,0.40
2008.04.06 23:25:46.996,1.0085,1.0094,2.40,0.40
2008.04.06 23:25:47.522,1.0085,1.0094,2.40,0.40
2008.04.06 23:25:47.890,1.0085,1.0094,2.40,0.40
2008.04.06 23:25:48.161,1.0084,1.0094,13.80,0.40
2008.04.06 23:25:48.387,1.0084,1.0094,13.80,0.40
2008.04.06 23:25:48.611,1.0084,1.0094,13.80,0.40
2008.04.06 23:25:53.285,1.0084,1.0094,13.80,0.40
2008.04.06 23:25:53.489,1.0084,1.0094,11.40,3.90
2008.04.06 23:25:53.689,1.0084,1.0094,3.20,4.70
2008.04.06 23:25:53.888,1.0084,1.0094,3.20,4.70
2008.04.06 23:25:54.105,1.0084,1.0094,3.20,4.70
2008.04.06 23:25:54.639,1.0084,1.0094,3.20,4.70
2008.04.06 23:25:54.903,1.0084,1.0094,5.60,0.70
2008.04.06 23:25:55.168,1.0084,1.0094,13.60,0.40
2008.04.06 23:25:55.388,1.0084,1.0094,13.60,0.40
2008.04.06 23:25:55.779,1.0084,1.0094,13.80,0.40
2008.04.06 23:26:05.393,1.0084,1.0094,13.80,0.40
2008.04.06 23:26:05.627,1.0084,1.0094,13.80,0.40
2008.04.06 23:26:05.857,1.0085,1.0094,2.40,0.40
2008.04.06 23:26:13.307,1.0085,1.0094,2.40,0.40
2008.04.06 23:26:13.720,1.0085,1.0094,2.40,0.40
2008.04.06 23:26:21.880,1.0085,1.0094,2.40,0.40
2008.04.06 23:26:22.088,1.0085,1.0094,2.40,0.40
2008.04.06 23:26:28.852,1.0085,1.0094,2.40,0.40
2008.04.06 23:26:29.087,1.0085,1.0094,2.40,0.70
2008.04.06 23:26:29.321,1.0084,1.0094,3.20,3.10
2008.04.06 23:26:29.526,1.0084,1.0094,3.20,3.10
2008.04.06 23:26:43.752,1.0084,1.0094,3.40,3.10
2008.04.06 23:26:43.948,1.0085,1.0094,2.40,0.40
2008.04.06 23:26:44.176,1.0085,1.0094,2.40,0.40
2008.04.06 23:26:44.334,1.0085,1.0094,2.40,0.40
2008.04.06 23:26:44.726,1.0085,1.0094,2.40,0.40
2008.04.06 23:26:45.211,1.0085,1.0094,2.40,0.40
2008.04.06 23:27:08.245,1.0085,1.0094,2.40,0.40
2008.04.06 23:27:08.498,1.0085,1.0094,0.50,0.40
2008.04.06 23:27:08.747,1.0085,1.0094,3.20,0.40
2008.04.06 23:27:08.997,1.00855,1.0094,0.80,0.40
2008.04.06 23:27:09.244,1.00855,1.0094,0.80,0.40
2008.04.06 23:27:43.221,1.00855,1.0094,0.80,0.40
2008.04.06 23:28:07.710,1.00855,1.0094,0.80,0.40
2008.04.06 23:28:16.991,1.00855,1.0094,0.80,0.40
2008.04.06 23:28:17.200,1.00855,1.0094,0.80,0.70
2008.04.06 23:28:17.410,1.00855,1.0094,0.80,0.70
2008.04.06 23:28:19.719,1.00855,1.0094,0.80,0.70
2008.04.06 23:28:20.969,1.00855,1.0094,0.80,0.70
2008.04.06 23:28:21.209,1.00855,1.0093,0.80,2.80
2008.04.06 23:28:21.377,1.00855,1.0093,0.80,2.80
2008.04.06 23:28:21.620,1.00855,1.0093,0.80,3.10
2008.04.06 23:28:29.509,1.00855,1.0093,0.80,3.10
2008.04.06 23:28:29.675,1.00855,1.0091,0.80,2.40
2008.04.06 23:28:29.839,1.00855,1.0091,0.80,2.40
2008.04.06 23:28:30.020,1.00855,1.0091,0.80,2.40
2008.04.06 23:28:30.320,1.00855,1.0091,0.80,2.40
2008.04.06 23:28:32.655,1.00855,1.0091,0.80,2.40
2008.04.06 23:28:32.861,1.00855,1.0091,0.80,2.40
2008.04.06 23:28:33.072,1.00855,1.0092,0.80,2.70
2008.04.06 23:28:33.975,1.00855,1.0092,0.80,2.70
2008.04.06 23:28:34.279,1.00855,1.0092,0.80,2.70
2008.04.06 23:28:35.411,1.00855,1.0092,0.80,2.70
2008.04.06 23:28:35.651,1.00855,1.0092,0.80,2.70
2008.04.06 23:28:35.891,1.00855,1.0092,0.80,2.70
2008.04.06 23:28:36.132,1.00855,1.0091,0.80,2.40
2008.04.06 23:28:37.463,1.00855,1.0091,0.80,2.40
2008.04.06 23:28:37.682,1.00855,1.0092,0.80,2.70
2008.04.06 23:28:37.901,1.00855,1.0092,0.80,2.70
2008.04.06 23:28:43.902,1.00855,1.0092,0.80,2.70
2008.04.06 23:28:44.166,1.00855,1.0092,0.80,3.10
2008.04.06 23:28:44.393,1.00855,1.0091,0.80,2.40
2008.04.06 23:28:50.212,1.00855,1.0091,0.80,2.40
2008.04.06 23:28:50.466,1.00855,1.0092,0.80,2.70
2008.04.06 23:28:50.680,1.00855,1.0092,0.80,2.70
2008.04.06 23:29:07.106,1.00855,1.0092,0.80,2.70
2008.04.06 23:29:07.307,1.0085,1.0092,2.40,0.40
2008.04.06 23:29:08.214,1.0085,1.0092,2.40,0.40
2008.04.06 23:29:17.814,1.0085,1.0092,2.40,0.40
2008.04.06 23:29:18.091,1.0085,1.0092,2.40,0.40
2008.04.06 23:29:18.321,1.0085,1.0092,2.80,2.70
2008.04.06 23:29:18.535,1.0085,1.0092,2.80,2.70
2008.04.06 23:29:18.748,1.0085,1.0092,2.80,2.70
2008.04.06 23:29:19.935,1.0085,1.0092,2.80,2.70
2008.04.06 23:29:20.150,1.0085,1.0091,0.50,2.40
2008.04.06 23:29:20.364,1.0085,1.0091,0.50,2.40
2008.04.06 23:29:21.282,1.0085,1.0091,0.50,2.40
2008.04.06 23:29:21.502,1.0085,1.0092,2.80,2.70
2008.04.06 23:29:46.631,1.0085,1.0092,2.80,2.70
2008.04.06 23:29:46.820,1.0085,1.0092,2.40,0.40
2008.04.06 23:29:47.049,1.0085,1.0092,2.40,0.40
2008.04.06 23:29:49.294,1.0085,1.0092,2.40,0.40
2008.04.06 23:29:54.209,1.0085,1.0092,2.40,0.40
2008.04.06 23:29:54.435,1.0085,1.0092,2.80,2.70
2008.04.06 23:29:54.653,1.0085,1.0092,2.80,2.70
2008.04.06 23:29:55.060,1.0085,1.0092,2.80,2.70
2008.04.06 23:30:02.590,1.0086,1.0092,0.50,2.70
2008.04.06 23:30:02.909,1.0086,1.0092,0.50,3.10
2008.04.06 23:30:03.997,1.0086,1.0092,0.50,3.10
2008.04.06 23:30:23.243,1.0086,1.0092,0.50,3.10
2008.04.06 23:30:25.001,1.0086,1.0091,0.50,0.50
2008.04.06 23:30:25.079,1.0086,1.0091,0.50,0.50
2008.04.06 23:30:28.741,1.0086,1.0091,0.50,0.50
2008.04.06 23:30:29.011,1.0086,1.0092,0.50,3.10
2008.04.06 23:30:39.730,1.0086,1.0092,0.50,3.10
2008.04.06 23:30:39.950,1.0086,1.0092,0.50,3.10
2008.04.06 23:30:40.169,1.0085,1.0092,2.80,0.70
2008.04.06 23:30:40.389,1.0085,1.0091,0.50,2.80
2008.04.06 23:30:40.603,1.0085,1.0091,0.50,2.80
2008.04.06 23:30:40.828,1.0086,1.0091,0.50,2.80
2008.04.06 23:30:41.043,1.0086,1.0091,0.50,2.80
2008.04.06 23:30:41.258,1.0086,1.0091,0.50,2.80
2008.04.06 23:30:44.119,1.0086,1.0091,2.80,0.50
2008.04.06 23:30:44.196,1.0086,1.0092,2.80,0.40
2008.04.06 23:30:44.261,1.0086,1.0093,2.80,0.70
2008.04.06 23:30:44.288,1.0086,1.0093,2.80,0.70
2008.04.06 23:30:44.588,1.0086,1.0093,2.80,0.70
2008.04.06 23:30:45.738,1.0086,1.0093,2.80,0.70
2008.04.06 23:30:46.073,1.0086,1.0094,0.50,3.10
2008.04.06 23:30:46.947,1.0086,1.0094,0.50,3.10
2008.04.06 23:30:47.198,1.0086,1.0094,0.50,3.10
2008.04.06 23:30:50.312,1.0086,1.0094,0.50,3.10
2008.04.06 23:30:50.591,1.0086,1.0093,2.80,0.50
2008.04.06 23:30:50.795,1.0086,1.0093,2.80,0.50
2008.04.06 23:30:50.959,1.0086,1.0093,2.80,0.70
2008.04.06 23:30:51.122,1.0086,1.0093,2.80,0.70
2008.04.06 23:30:57.282,1.0086,1.0093,2.80,0.70
2008.04.06 23:30:57.452,1.0086,1.0093,2.80,0.50
2008.04.06 23:30:57.623,1.0086,1.0094,0.50,3.10
2008.04.06 23:30:58.388,1.0086,1.0094,0.50,3.10
2008.04.06 23:30:59.227,1.0086,1.0094,0.50,3.10
2008.04.06 23:30:59.430,1.0086,1.0093,2.80,0.50
2008.04.06 23:30:59.604,1.0086,1.0093,2.80,0.50
2008.04.06 23:30:59.778,1.0086,1.0093,2.80,0.50
2008.04.06 23:31:00.036,1.0086,1.0093,2.80,0.70
2008.04.06 23:31:00.292,1.0086,1.0092,0.50,2.40
2008.04.06 23:31:00.547,1.0086,1.0092,0.50,2.80
2008.04.06 23:31:05.567,1.0086,1.0092,0.50,2.80
2008.04.06 23:31:05.788,1.0086,1.0092,0.50,3.10
2008.04.06 23:31:06.014,1.0085,1.0092,2.80,0.70
2008.04.06 23:31:06.238,1.0085,1.0092,2.80,0.70
2008.04.06 23:31:08.278,1.0085,1.0092,2.80,0.70
2008.04.06 23:31:08.461,1.0087,1.0092,0.50,0.70
2008.04.06 23:31:08.682,1.0087,1.0092,0.50,0.70
2008.04.06 23:31:08.928,1.0087,1.0092,0.50,0.70
2008.04.06 23:31:09.232,1.0087,1.0092,0.50,0.70
2008.04.06 23:31:09.565,1.0087,1.0092,0.50,0.70
2008.04.06 23:31:09.847,1.0087,1.0092,0.50,0.70
2008.04.06 23:31:20.818,1.0087,1.0092,0.50,0.70
2008.04.06 23:31:20.987,1.0085,1.0092,5.20,0.70
2008.04.06 23:31:21.157,1.0085,1.0092,2.80,0.70
2008.04.06 23:31:21.445,1.0085,1.0092,2.80,0.70
2008.04.06 23:31:25.373,1.0085,1.0092,2.80,0.70
2008.04.06 23:31:25.582,1.0085,1.0093,0.50,3.10
2008.04.06 23:31:25.772,1.0085,1.0093,0.50,3.10
2008.04.06 23:32:00.843,1.0085,1.0093,0.50,3.10
2008.04.06 23:32:01.074,1.0084,1.0091,0.80,2.40
2008.04.06 23:32:01.296,1.0083,1.0092,2.00,0.40
2008.04.06 23:32:01.480,1.00835,1.0091,0.80,2.40
2008.04.06 23:32:01.665,1.00835,1.0091,0.80,2.40
2008.04.06 23:32:01.849,1.00835,1.0091,0.80,2.70
2008.04.06 23:32:02.135,1.00835,1.0091,0.80,2.70
2008.04.06 23:32:02.419,1.00835,1.0091,0.80,2.70
2008.04.06 23:32:02.703,1.00835,1.0091,0.80,3.10
2008.04.06 23:32:03.170,1.00835,1.009,0.80,0.50
2008.04.06 23:32:03.566,1.00835,1.009,0.80,0.50
2008.04.06 23:32:03.790,1.00835,1.009,0.80,0.50
2008.04.06 23:32:04.014,1.00835,1.0092,0.80,0.40
2008.04.06 23:32:04.288,1.0084,1.0092,2.80,0.40
2008.04.06 23:32:04.778,1.0084,1.0092,2.80,0.40
2008.04.06 23:32:08.247,1.0085,1.0092,0.50,0.40
2008.04.06 23:32:08.440,1.0085,1.0092,0.50,0.40
2008.04.06 23:32:08.635,1.0085,1.0092,0.50,0.40
2008.04.06 23:32:08.829,1.0085,1.0093,0.50,3.10
2008.04.06 23:32:09.659,1.0085,1.0093,0.50,3.10
2008.04.06 23:32:09.933,1.0085,1.0093,0.50,3.10
2008.04.06 23:32:20.467,1.0085,1.0093,0.50,3.10
2008.04.06 23:32:20.663,1.0086,1.0093,2.80,0.70
2008.04.06 23:32:20.822,1.0086,1.0093,2.80,0.70
2008.04.06 23:32:20.981,1.0086,1.0093,2.80,0.70
2008.04.06 23:32:21.443,1.0086,1.0093,2.80,0.70
2008.04.06 23:32:21.684,1.0086,1.0093,2.40,0.70
2008.04.06 23:32:21.963,1.0085,1.0093,0.50,3.10
2008.04.06 23:32:28.347,1.0085,1.0093,0.50,3.10
2008.04.06 23:32:28.548,1.0085,1.0093,0.50,3.10
2008.04.06 23:32:28.752,1.0086,1.0093,2.80,0.70
2008.04.06 23:32:38.402,1.0086,1.0093,2.80,0.70
2008.04.06 23:32:38.588,1.0086,1.0092,2.80,0.50
2008.04.06 23:32:38.774,1.0086,1.0092,2.80,0.50
2008.04.06 23:32:38.979,1.0086,1.0092,0.50,0.50
2008.04.06 23:32:42.036,1.0086,1.0092,0.50,0.50
2008.04.06 23:32:42.236,1.0086,1.0092,0.50,0.50
2008.04.06 23:32:42.448,1.0086,1.0092,2.80,0.50
2008.04.06 23:32:42.647,1.0086,1.0093,2.80,0.70
2008.04.06 23:32:42.847,1.0086,1.0093,2.80,0.70
2008.04.06 23:32:43.469,1.0086,1.0093,2.80,0.70
2008.04.06 23:32:43.725,1.0087,1.0093,0.50,0.70
2008.04.06 23:32:43.979,1.0087,1.0093,0.50,0.70
2008.04.06 23:32:44.200,1.0087,1.0093,0.50,0.50
2008.04.06 23:32:45.058,1.0087,1.0093,0.50,0.50
2008.04.06 23:32:47.561,1.0087,1.0093,2.80,0.50
2008.04.06 23:32:48.773,1.0087,1.0093,0.50,0.50
2008.04.06 23:32:50.338,1.0087,1.0093,0.50,0.50
2008.04.06 23:32:50.563,1.0086,1.0093,3.20,0.50
2008.04.06 23:32:50.789,1.0086,1.0093,2.80,0.50
2008.04.06 23:32:51.015,1.0086,1.0093,2.80,0.50
2008.04.06 23:32:51.240,1.0086,1.0093,2.80,0.50
2008.04.06 23:32:52.415,1.0086,1.0093,2.80,0.50
2008.04.06 23:32:52.605,1.0087,1.0093,0.50,0.50
2008.04.06 23:32:52.794,1.0087,1.0093,0.50,0.50
2008.04.06 23:32:53.076,1.0087,1.0093,0.50,0.50
2008.04.06 23:32:54.640,1.0087,1.0093,0.50,0.50
2008.04.06 23:32:55.207,1.0087,1.0093,0.50,0.50
2008.04.06 23:32:55.503,1.0087,1.0093,2.80,0.50
2008.04.06 23:32:55.763,1.0087,1.0093,2.80,0.50
2008.04.06 23:32:56.022,1.0087,1.0094,2.80,0.70
2008.04.06 23:32:56.281,1.0087,1.0094,2.80,0.70
2008.04.06 23:32:59.262,1.0087,1.0094,2.80,0.70
2008.04.06 23:32:59.854,1.0087,1.0094,2.80,0.70
2008.04.06 23:33:00.060,1.0087,1.0094,0.50,0.70
2008.04.06 23:33:00.266,1.0087,1.0096,2.80,0.70
2008.04.06 23:33:00.515,1.0087,1.0096,2.80,0.70
2008.04.06 23:33:00.764,1.0087,1.0096,2.80,0.70
2008.04.06 23:33:01.048,1.0087,1.0096,2.80,0.70
2008.04.06 23:33:03.601,1.0087,1.0096,2.80,0.70
2008.04.06 23:33:09.622,1.0088,1.0096,0.80,0.70
2008.04.06 23:33:09.888,1.0089,1.0096,2.80,0.70
2008.04.06 23:33:10.117,1.0089,1.0096,2.80,0.70
2008.04.06 23:33:10.349,1.0089,1.0096,2.80,0.70
2008.04.06 23:33:10.579,1.0089,1.0096,2.80,0.70
2008.04.06 23:33:10.829,1.0089,1.0096,2.80,0.70
2008.04.06 23:33:11.080,1.0089,1.0097,0.50,4.70
2008.04.06 23:33:11.331,1.0089,1.0097,0.50,3.90
2008.04.06 23:33:11.624,1.0089,1.0097,0.50,2.70
2008.04.06 23:33:12.218,1.0089,1.0097,2.80,0.40
2008.04.06 23:33:12.503,1.0089,1.0097,2.80,3.50
2008.04.06 23:33:12.778,1.0089,1.0096,2.80,0.50
2008.04.06 23:33:13.054,1.0089,1.0096,2.80,0.50
2008.04.06 23:33:13.328,1.0089,1.0096,2.80,0.50
2008.04.06 23:33:28.507,1.0089,1.0096,2.80,0.50
2008.04.06 23:33:28.746,1.0089,1.0096,2.80,0.50
2008.04.06 23:33:28.961,1.0089,1.0094,0.50,0.50
2008.04.06 23:33:29.195,1.0089,1.0094,0.50,0.50
2008.04.06 23:33:33.513,1.0089,1.0094,0.50,0.50
2008.04.06 23:33:33.739,1.009,1.0094,0.50,0.50
2008.04.06 23:33:33.991,1.009,1.0094,0.50,0.50
2008.04.06 23:33:34.264,1.0089,1.0094,0.50,0.50
2008.04.06 23:33:34.525,1.0089,1.0093,0.50,0.50
2008.04.06 23:33:34.822,1.0089,1.0093,0.50,0.50
2008.04.06 23:33:35.160,1.0089,1.0093,0.50,0.50
2008.04.06 23:33:35.431,1.0089,1.0094,0.50,0.70
2008.04.06 23:33:35.687,1.0089,1.0094,0.50,0.70
2008.04.06 23:33:35.971,1.009,1.0094,0.50,0.70
2008.04.06 23:33:36.227,1.009,1.0094,0.50,0.50
2008.04.06 23:33:36.485,1.009,1.0094,0.50,0.50
2008.04.06 23:33:38.168,1.009,1.0094,0.50,0.50
2008.04.06 23:33:40.252,1.009,1.0094,0.50,0.50
2008.04.06 23:33:40.270,1.009,1.0094,0.50,0.50
2008.04.06 23:33:41.448,1.0089,1.0094,0.50,0.50
2008.04.06 23:33:42.329,1.0089,1.0094,0.50,0.50
2008.04.06 23:33:42.469,1.0089,1.0093,0.50,0.50
2008.04.06 23:33:42.803,1.0089,1.0093,0.50,0.50
2008.04.06 23:33:43.137,1.0089,1.0093,0.50,0.50
2008.04.06 23:33:43.509,1.0089,1.0093,0.50,0.50
2008.04.06 23:33:51.276,1.0089,1.0093,0.50,0.50
2008.04.06 23:33:51.630,1.0089,1.0093,0.50,0.50
2008.04.06 23:33:52.054,1.0089,1.0093,0.50,0.50
2008.04.06 23:33:53.278,1.0089,1.0093,0.50,0.50
2008.04.06 23:33:53.478,1.0089,1.0093,0.50,0.70
2008.04.06 23:33:53.678,1.0087,1.0093,0.50,0.70
2008.04.06 23:33:53.878,1.0087,1.0092,0.50,0.50
2008.04.06 23:33:54.163,1.0087,1.0092,0.50,0.50
2008.04.06 23:33:54.413,1.0087,1.0093,0.50,0.70
2008.04.06 23:33:54.663,1.0087,1.0093,0.50,0.70
2008.04.06 23:33:54.913,1.0087,1.0092,0.50,0.50
2008.04.06 23:33:55.132,1.0087,1.0092,0.50,0.50
2008.04.06 23:33:55.532,1.0087,1.0092,0.50,0.50
2008.04.06 23:33:55.750,1.0087,1.0092,0.50,0.50
2008.04.06 23:33:56.047,1.0087,1.0092,0.50,0.50
2008.04.06 23:33:56.554,1.0087,1.0092,0.50,0.50
2008.04.06 23:33:57.582,1.0087,1.0092,0.50,0.50
2008.04.06 23:33:57.806,1.0088,1.0092,0.50,0.50
2008.04.06 23:33:58.254,1.0088,1.0092,0.50,0.50
2008.04.06 23:33:58.469,1.0088,1.0092,0.50,0.50
2008.04.06 23:33:59.417,1.0088,1.0092,0.50,0.50
2008.04.06 23:33:59.662,1.0087,1.0092,0.50,0.50
2008.04.06 23:33:59.943,1.0087,1.0092,0.50,0.50
2008.04.06 23:34:00.321,1.0087,1.0092,0.50,0.50
2008.04.06 23:34:07.100,1.0087,1.0092,0.50,0.50
2008.04.06 23:34:08.355,1.0087,1.0092,0.50,0.50
2008.04.06 23:34:08.560,1.0087,1.0093,0.50,0.40
2008.04.06 23:34:08.764,1.0087,1.0093,0.50,0.40
2008.04.06 23:34:08.973,1.0087,1.0093,0.50,0.40
2008.04.06 23:34:09.285,1.0087,1.0093,0.50,0.40
2008.04.06 23:34:09.884,1.0087,1.0093,0.50,0.40
2008.04.06 23:34:10.284,1.0087,1.0093,0.50,0.40
2008.04.06 23:34:10.999,1.0087,1.0093,0.50,0.40
2008.04.06 23:34:11.233,1.0087,1.0093,0.50,0.40
2008.04.06 23:34:11.453,1.0086,1.0093,0.50,0.40
2008.04.06 23:34:11.673,1.0086,1.0093,0.50,0.40
2008.04.06 23:34:11.894,1.00855,1.0093,0.80,0.40
2008.04.06 23:34:12.112,1.00855,1.0093,0.80,0.40
2008.04.06 23:34:13.930,1.00855,1.0093,0.80,0.40
2008.04.06 23:34:14.128,1.0086,1.0093,0.50,0.40
2008.04.06 23:34:14.359,1.0088,1.0093,0.50,0.40
2008.04.06 23:34:14.587,1.0088,1.0094,0.50,0.70
2008.04.06 23:34:14.815,1.0088,1.0094,0.50,0.70
2008.04.06 23:34:15.045,1.0088,1.0094,0.50,0.70
2008.04.06 23:34:16.911,1.0088,1.0094,0.50,0.70
2008.04.06 23:34:23.982,1.0088,1.0094,0.50,0.70
2008.04.06 23:34:32.713,1.0088,1.0094,0.50,0.70
2008.04.06 23:34:32.995,1.0088,1.0093,0.50,0.50
2008.04.06 23:34:34.959,1.0088,1.0093,0.50,0.50
2008.04.06 23:34:37.124,1.0088,1.0093,0.50,0.50
2008.04.06 23:34:38.330,1.0088,1.0093,0.50,0.50
2008.04.06 23:34:48.826,1.0088,1.0093,0.50,0.50
2008.04.06 23:34:49.030,1.0086,1.0091,2.80,0.50
2008.04.06 23:34:49.230,1.0086,1.0091,0.50,0.50
2008.04.06 23:34:49.464,1.0086,1.0091,0.50,0.50
2008.04.06 23:34:49.734,1.0086,1.0091,0.50,0.50
2008.04.06 23:34:49.968,1.0086,1.0091,0.50,0.50
2008.04.06 23:34:50.202,1.0086,1.0091,0.50,0.50
2008.04.06 23:34:50.567,1.0086,1.0091,0.50,0.50
2008.04.06 23:34:51.792,1.0086,1.0091,0.50,0.50
2008.04.06 23:34:52.013,1.0087,1.0091,2.40,0.50
2008.04.06 23:34:52.265,1.0088,1.0093,0.50,0.50
2008.04.06 23:34:52.520,1.0088,1.0093,0.50,0.50
2008.04.06 23:34:54.161,1.0088,1.0093,0.50,0.70
2008.04.06 23:34:54.417,1.0087,1.0093,0.50,0.70
2008.04.06 23:34:54.603,1.0087,1.0093,0.50,0.70
2008.04.06 23:34:55.124,1.0087,1.0093,0.50,0.70
2008.04.06 23:34:55.555,1.0087,1.0093,0.50,0.70
2008.04.06 23:34:55.800,1.0087,1.0093,0.50,0.70
2008.04.06 23:34:56.046,1.0087,1.0092,0.50,0.50
2008.04.06 23:34:56.290,1.0087,1.0092,0.50,0.50
2008.04.06 23:34:59.674,1.0087,1.0092,0.50,0.50
2008.04.06 23:35:21.563,1.0087,1.0092,0.50,0.50
2008.04.06 23:35:21.798,1.0088,1.0092,0.50,0.50
2008.04.06 23:35:22.247,1.0088,1.0092,0.50,0.50
2008.04.06 23:35:22.464,1.0088,1.0092,0.50,0.50
2008.04.06 23:35:25.105,1.0088,1.0092,0.50,0.50
2008.04.06 23:35:25.339,1.0088,1.0093,0.50,0.70
2008.04.06 23:35:25.717,1.0088,1.0093,0.50,0.70
2008.04.06 23:35:27.169,1.0088,1.0093,0.50,0.70
2008.04.06 23:35:27.420,1.0088,1.0093,0.50,0.70
2008.04.06 23:35:27.635,1.0089,1.0093,0.50,0.70
2008.04.06 23:35:27.850,1.0088,1.0093,0.50,0.70
2008.04.06 23:35:28.065,1.0088,1.0093,0.50,0.70
2008.04.06 23:35:28.289,1.0088,1.0093,0.50,0.70
2008.04.06 23:35:28.569,1.0088,1.0092,0.50,0.50
2008.04.06 23:35:28.876,1.0088,1.0092,0.50,0.50
2008.04.06 23:35:29.190,1.0088,1.0092,0.50,0.50
2008.04.06 23:35:31.053,1.0088,1.0092,0.50,0.50
2008.04.06 23:35:31.274,1.0089,1.0093,0.50,0.50
2008.04.06 23:35:31.541,1.0089,1.0093,0.50,0.50
2008.04.06 23:35:31.775,1.0089,1.0093,0.50,0.50
2008.04.06 23:35:32.011,1.0088,1.0092,0.50,0.50
2008.04.06 23:35:32.247,1.0088,1.0092,0.50,0.50
2008.04.06 23:35:32.525,1.0088,1.0092,0.50,0.50
2008.04.06 23:35:32.728,1.0088,1.0092,0.50,0.50
2008.04.06 23:35:32.970,1.0088,1.0092,0.50,0.50
2008.04.06 23:35:33.210,1.0088,1.0093,0.50,0.70
2008.04.06 23:35:33.451,1.0088,1.0093,0.50,0.70
2008.04.06 23:35:33.728,1.0089,1.0093,0.50,0.70
2008.04.06 23:35:34.014,1.0089,1.0093,0.50,0.70
2008.04.06 23:35:34.311,1.0089,1.0093,0.50,0.50
2008.04.06 23:35:34.496,1.0089,1.0093,0.50,0.50
2008.04.06 23:35:44.911,1.0089,1.0093,0.50,0.50
2008.04.06 23:35:45.083,1.0088,1.0093,0.50,0.50
2008.04.06 23:35:45.254,1.0088,1.0092,0.50,0.50
2008.04.06 23:35:45.429,1.0088,1.0092,0.50,0.50
2008.04.06 23:35:45.752,1.0088,1.0092,0.50,0.50
2008.04.06 23:35:46.046,1.0088,1.0092,0.50,0.50
2008.04.06 23:35:46.340,1.0088,1.0092,0.50,0.50
2008.04.06 23:35:51.749,1.0088,1.0092,0.50,0.50
2008.04.06 23:35:54.650,1.0088,1.0092,0.50,0.50
2008.04.06 23:35:54.839,1.0088,1.0093,0.50,0.70
2008.04.06 23:35:55.028,1.0088,1.0093,0.50,0.70
2008.04.06 23:36:12.100,1.0088,1.0093,0.50,0.70
2008.04.06 23:36:13.860,1.0088,1.0093,0.50,0.70
2008.04.06 23:36:14.019,1.0089,1.0093,0.50,0.70
2008.04.06 23:36:14.174,1.0089,1.0093,0.50,0.70
2008.04.06 23:36:14.329,1.0088,1.0093,0.50,0.70
2008.04.06 23:36:14.751,1.0088,1.0093,0.50,0.70
2008.04.06 23:36:15.074,1.0088,1.0093,1.20,0.70
2008.04.06 23:36:15.389,1.0089,1.0093,0.50,0.70
2008.04.06 23:36:15.715,1.0089,1.0093,0.50,0.50
2008.04.06 23:36:23.005,1.0089,1.0093,0.50,0.50
2008.04.06 23:36:23.199,1.0089,1.0093,0.50,0.50
2008.04.06 23:36:23.396,1.0088,1.0093,0.50,0.50
2008.04.06 23:36:27.654,1.0088,1.0093,0.50,0.50
2008.04.06 23:36:27.896,1.0088,1.0092,0.50,0.50
2008.04.06 23:36:28.100,1.0088,1.0092,0.50,0.50
2008.04.06 23:36:28.395,1.0088,1.0092,0.50,0.50
2008.04.06 23:36:28.600,1.0089,1.0093,0.50,0.50
2008.04.06 23:36:28.804,1.0089,1.0093,0.50,0.50
2008.04.06 23:36:30.864,1.0089,1.0093,0.50,0.50
2008.04.06 23:36:31.089,1.0088,1.0093,0.50,0.50
2008.04.06 23:36:31.314,1.0088,1.0093,0.50,0.50
2008.04.06 23:36:31.560,1.0088,1.0092,0.50,0.50
2008.04.06 23:36:31.823,1.0088,1.0092,0.50,0.50
2008.04.06 23:36:32.064,1.0088,1.0092,0.50,0.50
2008.04.06 23:36:34.240,1.0088,1.0093,0.50,0.70
2008.04.06 23:36:34.412,1.0089,1.0093,0.50,0.50
2008.04.06 23:36:34.619,1.0089,1.0093,0.50,0.50
2008.04.06 23:36:34.822,1.0089,1.0093,0.50,0.50
2008.04.06 23:36:35.258,1.0089,1.0093,0.50,0.50
2008.04.06 23:36:35.518,1.0088,1.0093,1.20,0.50
2008.04.06 23:36:35.777,1.0088,1.0093,0.50,0.50
2008.04.06 23:36:40.817,1.0088,1.0093,0.50,0.50
2008.04.06 23:36:41.030,1.0089,1.0093,0.50,0.50
2008.04.06 23:36:41.272,1.0089,1.0093,0.50,0.50
2008.04.06 23:36:41.502,1.0089,1.0093,0.50,0.50
2008.04.06 23:36:51.243,1.0089,1.0093,0.50,0.50
2008.04.06 23:36:51.429,1.0089,1.0093,0.50,0.50
2008.04.06 23:36:51.627,1.0088,1.0092,0.50,0.50
2008.04.06 23:36:51.851,1.0088,1.0092,0.50,0.50
2008.04.06 23:36:52.102,1.0088,1.0092,0.50,0.50
2008.04.06 23:36:52.402,1.0088,1.0092,0.50,0.50
2008.04.06 23:36:55.419,1.0088,1.0092,0.50,0.50
2008.04.06 23:36:58.172,1.0088,1.0092,0.50,0.50
2008.04.06 23:36:58.392,1.0088,1.0093,0.50,0.70
2008.04.06 23:36:58.596,1.0089,1.0093,0.50,0.70
2008.04.06 23:36:58.835,1.0089,1.0093,0.50,0.70
2008.04.06 23:36:59.075,1.0089,1.0093,0.50,0.50
2008.04.06 23:36:59.315,1.0088,1.0093,0.50,0.50
2008.04.06 23:36:59.543,1.0088,1.0092,0.50,0.50
2008.04.06 23:36:59.773,1.0088,1.0092,0.50,0.50
2008.04.06 23:37:00.002,1.0088,1.0092,0.50,0.50
2008.04.06 23:37:00.232,1.0088,1.0093,0.50,0.70
2008.04.06 23:37:13.758,1.0088,1.0093,0.50,0.70
2008.04.06 23:37:13.977,1.0088,1.0093,0.50,0.70
2008.04.06 23:37:14.222,1.0088,1.0094,0.50,0.70
2008.04.06 23:37:14.592,1.0088,1.0094,0.50,0.70
2008.04.06 23:37:19.616,1.0088,1.0094,0.50,0.70
2008.04.06 23:37:19.823,1.0088,1.0094,0.50,0.70
2008.04.06 23:37:20.032,1.0089,1.0094,0.50,0.70
2008.04.06 23:37:20.281,1.0089,1.0094,0.50,0.70
2008.04.06 23:37:21.765,1.0089,1.0094,0.50,0.70
2008.04.06 23:37:22.767,1.0089,1.0094,0.50,0.70
2008.04.06 23:37:23.671,1.0089,1.0094,0.50,0.70
2008.04.06 23:37:23.982,1.0088,1.0092,0.50,0.50
2008.04.06 23:37:24.257,1.0088,1.0092,0.50,0.50
2008.04.06 23:37:24.486,1.0088,1.0092,0.50,0.50
2008.04.06 23:37:24.715,1.0088,1.0092,0.50,0.50
2008.04.06 23:37:25.104,1.0088,1.0092,0.50,0.50
2008.04.06 23:37:25.330,1.0088,1.0094,0.50,0.70
2008.04.06 23:37:27.319,1.0088,1.0094,1.20,0.70
2008.04.06 23:37:27.541,1.0088,1.0094,2.00,0.70
2008.04.06 23:37:28.202,1.0088,1.0094,2.00,0.70
2008.04.06 23:37:29.704,1.0088,1.0094,2.00,0.70
2008.04.06 23:37:29.914,1.00885,1.0094,0.80,0.70
2008.04.06 23:37:30.125,1.00885,1.0094,0.80,0.70
2008.04.06 23:37:30.333,1.0089,1.0094,0.50,0.70
2008.04.06 23:37:30.603,1.0089,1.0094,0.50,0.70
2008.04.06 23:37:30.873,1.0089,1.0094,0.50,0.70
2008.04.06 23:37:31.142,1.0089,1.0094,0.50,0.70
2008.04.06 23:37:31.411,1.0089,1.0093,0.50,0.50
2008.04.06 23:37:31.668,1.0089,1.0093,0.50,0.50
2008.04.06 23:37:31.953,1.00885,1.0093,0.80,0.50
2008.04.06 23:37:33.420,1.00885,1.0093,0.80,0.50
2008.04.06 23:37:33.616,1.0089,1.0093,0.50,0.50
2008.04.06 23:37:34.073,1.0089,1.0093,0.50,0.50
2008.04.06 23:37:35.273,1.0089,1.0093,0.50,0.50
2008.04.06 23:37:36.197,1.0089,1.0093,0.50,0.50
2008.04.06 23:37:36.387,1.00885,1.0093,0.80,0.50
2008.04.06 23:37:36.632,1.00885,1.0093,0.80,0.50
2008.04.06 23:37:41.923,1.00885,1.0092,0.80,0.50
2008.04.06 23:37:42.134,1.0088,1.0092,0.50,0.50
2008.04.06 23:37:42.376,1.0088,1.0092,0.50,0.50
2008.04.06 23:37:42.586,1.0088,1.0092,0.50,0.50
2008.04.06 23:37:44.096,1.0088,1.0092,0.50,0.50
2008.04.06 23:37:47.027,1.0088,1.0092,0.50,0.50
2008.04.06 23:37:47.310,1.0088,1.0092,0.50,0.50
2008.04.06 23:37:47.557,1.0087,1.0091,0.50,0.50
2008.04.06 23:37:47.803,1.0087,1.0091,0.50,0.50
2008.04.06 23:37:48.250,1.0087,1.0091,0.50,0.50
2008.04.06 23:37:49.070,1.0087,1.0091,0.50,0.50
2008.04.06 23:37:50.106,1.0087,1.0091,0.50,0.50
2008.04.06 23:37:50.468,1.00865,1.0091,0.80,0.50
2008.04.06 23:37:50.688,1.00865,1.0091,0.80,0.50
2008.04.06 23:37:52.005,1.00865,1.0091,0.80,0.50
2008.04.06 23:37:52.206,1.00865,1.009,0.80,0.50
2008.04.06 23:37:52.405,1.00865,1.009,0.80,0.50
2008.04.06 23:37:52.603,1.00865,1.009,0.80,0.50
2008.04.06 23:37:52.823,1.00865,1.009,0.80,0.50
2008.04.06 23:37:53.073,1.00865,1.009,0.80,0.50
2008.04.06 23:37:53.484,1.00865,1.009,0.80,0.50
2008.04.06 23:37:53.744,1.0087,1.0093,0.50,0.70
2008.04.06 23:37:54.032,1.0087,1.0093,1.20,0.40
2008.04.06 23:37:54.238,1.0087,1.0093,2.00,0.40
2008.04.06 23:37:55.283,1.0087,1.0093,2.00,0.40
2008.04.06 23:37:55.598,1.0087,1.0093,2.00,0.40
2008.04.06 23:37:55.808,1.00875,1.0093,0.80,0.40
2008.04.06 23:37:56.961,1.00875,1.0093,0.80,0.40
2008.04.06 23:37:57.230,1.00875,1.0093,0.80,0.40
2008.04.06 23:37:57.500,1.0087,1.0093,0.50,0.70
2008.04.06 23:37:57.770,1.0087,1.0092,0.50,0.40
2008.04.06 23:37:58.221,1.0087,1.0092,0.50,0.40
2008.04.06 23:37:58.493,1.0087,1.0092,0.50,0.70
2008.04.06 23:37:58.997,1.0087,1.0091,0.50,0.50
2008.04.06 23:37:59.485,1.0087,1.0091,0.50,0.70
2008.04.06 23:37:59.719,1.0086,1.009,0.50,0.50
2008.04.06 23:37:59.954,1.0086,1.009,0.50,0.50
2008.04.06 23:38:00.189,1.0086,1.009,0.50,0.50
2008.04.06 23:38:02.227,1.0086,1.009,0.50,0.50
2008.04.06 23:38:02.475,1.0086,1.009,0.50,0.50
2008.04.06 23:38:03.319,1.0086,1.009,0.50,0.50
2008.04.06 23:38:03.570,1.0086,1.009,0.50,0.50
2008.04.06 23:38:05.285,1.0086,1.009,0.50,0.50
2008.04.06 23:38:05.495,1.0086,1.009,0.50,0.50
2008.04.06 23:38:05.700,1.0086,1.0093,2.00,0.70
2008.04.06 23:38:05.905,1.0087,1.0093,0.50,0.70
2008.04.06 23:38:06.114,1.0087,1.0093,0.50,0.40
2008.04.06 23:38:06.354,1.0088,1.0093,0.50,0.40
2008.04.06 23:38:06.613,1.0088,1.0093,0.50,0.40
2008.04.06 23:38:07.019,1.0088,1.0093,0.50,0.40
2008.04.06 23:38:07.491,1.0088,1.0093,0.50,0.40
2008.04.06 23:38:08.120,1.0088,1.0093,0.50,0.40
2008.04.06 23:38:08.333,1.0088,1.0093,0.50,0.40
2008.04.06 23:38:08.547,1.0088,1.0093,0.50,0.40
2008.04.06 23:38:08.761,1.0088,1.0093,0.50,0.40
2008.04.06 23:38:09.011,1.0088,1.0093,0.50,0.40
2008.04.06 23:38:09.631,1.0088,1.0093,0.50,0.40
2008.04.06 23:38:09.942,1.0088,1.0093,0.50,0.70
2008.04.06 23:38:10.243,1.0088,1.0093,0.50,0.70
2008.04.06 23:38:10.464,1.0088,1.0093,0.50,0.70
2008.04.06 23:38:10.683,1.0088,1.0092,0.50,0.50
2008.04.06 23:38:10.903,1.0088,1.0092,0.50,0.50
2008.04.06 23:38:11.148,1.0088,1.0092,0.50,0.70
2008.04.06 23:38:22.673,1.0088,1.0092,0.50,0.70
2008.04.06 23:38:22.949,1.0088,1.0093,0.50,0.50
2008.04.06 23:38:23.224,1.0088,1.0093,0.50,0.50
2008.04.06 23:38:25.682,1.0088,1.0093,0.50,0.50
2008.04.06 23:38:25.871,1.0088,1.0093,0.50,0.50
2008.04.06 23:38:26.062,1.0087,1.0093,2.00,0.70
2008.04.06 23:38:26.530,1.0087,1.0093,2.00,0.70
2008.04.06 23:38:36.176,1.0087,1.0093,2.00,0.70
2008.04.06 23:38:36.417,1.0087,1.0093,0.50,0.70
2008.04.06 23:38:36.623,1.0087,1.0093,0.50,0.70
2008.04.06 23:38:38.710,1.0087,1.0093,0.50,0.70
2008.04.06 23:38:38.897,1.0086,1.0093,2.00,0.40
2008.04.06 23:38:39.084,1.0086,1.0093,2.00,0.40
2008.04.06 23:38:39.320,1.0086,1.0093,2.00,0.40
2008.04.06 23:38:41.352,1.0086,1.0093,2.00,0.40
2008.04.06 23:38:41.541,1.0086,1.0093,4.40,0.70
2008.04.06 23:38:41.730,1.0086,1.0093,4.40,0.70
2008.04.06 23:38:41.920,1.0086,1.0093,4.40,0.70
2008.04.06 23:38:42.256,1.0086,1.0093,4.40,0.70
2008.04.06 23:38:45.823,1.0086,1.0093,4.40,0.70
2008.04.06 23:38:57.911,1.0086,1.0093,4.40,0.70
2008.04.06 23:39:15.632,1.0086,1.0093,4.40,3.10
2008.04.06 23:39:15.822,1.0087,1.0093,0.50,3.10
2008.04.06 23:39:18.694,1.0087,1.0093,0.50,3.10
2008.04.06 23:39:18.893,1.0089,1.0093,0.50,0.70
2008.04.06 23:39:19.092,1.0089,1.0093,0.50,0.70
2008.04.06 23:39:19.324,1.0089,1.0093,0.50,0.70
2008.04.06 23:39:19.996,1.0089,1.0093,0.50,0.70
2008.04.06 23:39:32.381,1.0089,1.0093,0.50,0.70
2008.04.06 23:39:32.611,1.0089,1.0093,0.50,0.70
2008.04.06 23:39:32.815,1.0089,1.0093,0.50,0.70
2008.04.06 23:39:45.940,1.0089,1.0092,0.50,0.40
2008.04.06 23:39:46.145,1.0088,1.0092,0.50,0.70
2008.04.06 23:39:46.367,1.0088,1.0092,0.50,0.70
2008.04.06 23:39:46.607,1.0088,1.0092,0.50,0.70
2008.04.06 23:39:46.851,1.0088,1.0092,0.50,0.70
2008.04.06 23:39:47.113,1.0088,1.0092,0.50,0.70
2008.04.06 23:39:47.368,1.0089,1.0092,0.50,0.40
2008.04.06 23:39:47.621,1.0089,1.0092,0.50,0.40
2008.04.06 23:39:47.882,1.0089,1.0093,0.50,0.70
2008.04.06 23:39:48.362,1.0089,1.0093,0.50,0.70
2008.04.06 23:39:48.581,1.0088,1.0092,0.50,0.50
2008.04.06 23:39:49.712,1.0088,1.0092,0.50,0.50
2008.04.06 23:40:33.728,1.0088,1.0092,0.50,0.50
2008.04.06 23:40:33.994,1.0088,1.0092,0.50,0.50
2008.04.06 23:40:34.261,1.009,1.0094,0.50,3.10
2008.04.06 23:40:34.744,1.009,1.0094,0.50,3.10
2008.04.06 23:40:34.935,1.009,1.0094,0.50,3.90
2008.04.06 23:40:35.124,1.009,1.0094,0.50,3.90
2008.04.06 23:40:35.347,1.009,1.00935,0.50,0.80
2008.04.06 23:40:35.621,1.009,1.0093,0.50,0.40
2008.04.06 23:40:35.894,1.009,1.0093,0.50,0.40
2008.04.06 23:40:36.169,1.009,1.0093,0.50,0.40
2008.04.06 23:40:36.444,1.0089,1.0093,0.50,0.70
2008.04.06 23:40:36.659,1.0089,1.0093,0.50,0.70
2008.04.06 23:40:36.874,1.0088,1.0092,0.50,0.70
2008.04.06 23:40:38.483,1.009,1.0092,0.50,0.40
2008.04.06 23:40:38.690,1.009,1.0092,0.50,0.40
2008.04.06 23:40:38.925,1.009,1.0092,0.50,0.40
2008.04.06 23:40:39.165,1.009,1.0093,0.50,0.40
2008.04.06 23:40:39.333,1.009,1.0093,0.50,0.40
2008.04.06 23:40:43.275,1.009,1.0093,0.50,0.40
2008.04.06 23:40:43.497,1.009,1.0093,0.50,0.40
2008.04.06 23:40:43.772,1.009,1.0093,0.50,0.40
2008.04.06 23:40:44.047,1.009,1.0093,0.50,0.40
2008.04.06 23:40:44.377,1.009,1.0093,0.50,0.40
2008.04.06 23:40:44.651,1.0089,1.0093,0.50,0.70
2008.04.06 23:40:45.039,1.0089,1.0093,0.50,0.70
2008.04.06 23:40:45.298,1.0089,1.0093,0.50,0.70
2008.04.06 23:40:45.567,1.0089,1.0093,0.50,0.70
2008.04.06 23:40:55.682,1.0089,1.0093,0.50,0.70
2008.04.06 23:40:55.931,1.009,1.0093,0.50,0.40
2008.04.06 23:40:56.253,1.009,1.0093,0.50,0.40
2008.04.06 23:40:56.442,1.009,1.0093,0.50,0.40
2008.04.06 23:41:01.076,1.009,1.0093,0.50,0.40
2008.04.06 23:41:01.314,1.0091,1.0093,0.50,0.40
2008.04.06 23:41:01.836,1.0091,1.0094,0.50,0.40
2008.04.06 23:41:02.070,1.0091,1.0094,0.50,0.40
2008.04.06 23:41:02.335,1.0091,1.0095,0.50,0.70
2008.04.06 23:41:02.607,1.0091,1.00945,0.50,0.80
2008.04.06 23:41:02.876,1.0091,1.0095,0.50,0.70
2008.04.06 23:41:03.111,1.0091,1.0095,0.50,0.70
2008.04.06 23:41:07.003,1.0091,1.0095,0.50,0.70
2008.04.06 23:41:07.239,1.0089,1.0095,2.00,0.70
2008.04.06 23:41:07.460,1.0089,1.0095,2.00,0.70
2008.04.06 23:41:09.994,1.0089,1.0095,2.00,0.70
2008.04.06 23:41:10.186,1.0089,1.0095,4.40,0.70
2008.04.06 23:41:10.646,1.0089,1.0095,4.40,0.70
2008.04.06 23:41:14.493,1.009,1.0095,0.80,0.70
2008.04.06 23:41:14.728,1.0091,1.0095,0.50,0.70
2008.04.06 23:41:14.988,1.0091,1.0095,0.50,0.70
2008.04.06 23:41:15.222,1.0091,1.0095,0.50,0.70
2008.04.06 23:41:15.456,1.0091,1.0095,0.50,0.50
2008.04.06 23:41:18.957,1.0091,1.0095,0.50,0.50
2008.04.06 23:41:19.204,1.0091,1.0097,0.50,0.70
2008.04.06 23:41:19.448,1.0091,1.0097,0.50,0.70
2008.04.06 23:41:19.682,1.009,1.0097,2.00,0.40
2008.04.06 23:41:20.000,1.009,1.0097,2.00,0.40
2008.04.06 23:41:24.358,1.00905,1.0097,0.80,0.40
2008.04.06 23:41:24.555,1.00905,1.0097,0.80,0.40
2008.04.06 23:41:24.991,1.00905,1.0097,0.80,0.40
2008.04.06 23:41:25.451,1.00905,1.0097,0.80,0.40
2008.04.06 23:41:25.690,1.0089,1.0097,0.80,0.40
2008.04.06 23:41:25.940,1.00895,1.0097,0.80,0.40
2008.04.06 23:41:26.154,1.00895,1.0097,0.80,0.40
2008.04.06 23:41:29.831,1.00895,1.0097,0.80,0.40
2008.04.06 23:41:30.055,1.00895,1.0097,0.80,0.40
2008.04.06 23:41:30.241,1.00895,1.0096,0.80,0.50
2008.04.06 23:41:30.425,1.00895,1.0096,0.80,0.50
2008.04.06 23:41:30.611,1.00895,1.0095,0.80,2.80
2008.04.06 23:41:30.892,1.0089,1.0095,0.50,0.50
2008.04.06 23:41:31.202,1.00885,1.0097,0.80,0.70
2008.04.06 23:41:31.518,1.00885,1.0097,0.80,0.70
2008.04.06 23:41:32.089,1.00885,1.0097,0.80,0.70
2008.04.06 23:41:32.677,1.00885,1.0097,0.80,0.70
2008.04.06 23:41:33.042,1.00885,1.0097,0.80,1.50
2008.04.06 23:41:33.302,1.00885,1.0095,0.80,0.50
2008.04.06 23:41:33.706,1.00885,1.0095,0.80,0.50
2008.04.06 23:41:33.930,1.00885,1.0095,0.80,0.50
2008.04.06 23:41:34.150,1.00885,1.0095,0.80,0.50
2008.04.06 23:41:34.369,1.00885,1.0095,0.80,0.50
2008.04.06 23:41:34.675,1.00885,1.0095,0.80,0.70
2008.04.06 23:41:34.935,1.00885,1.0095,0.80,3.10
2008.04.06 23:41:35.195,1.00885,1.0095,0.80,3.10
2008.04.06 23:41:35.847,1.00885,1.0095,0.80,3.10
2008.04.06 23:41:37.107,1.00885,1.0095,0.80,3.10
2008.04.06 23:41:37.312,1.00885,1.0095,0.80,3.10
2008.04.06 23:41:37.517,1.00875,1.0095,0.80,3.10
2008.04.06 23:41:37.721,1.00865,1.0095,0.80,0.70
2008.04.06 23:41:38.023,1.00865,1.0095,0.80,0.70
2008.04.06 23:41:40.631,1.0087,1.0095,0.80,0.70
2008.04.06 23:41:40.863,1.0087,1.0095,1.60,0.70
2008.04.06 23:41:42.525,1.0087,1.0095,1.60,0.70
2008.04.06 23:42:00.165,1.0087,1.0095,1.60,0.70
2008.04.06 23:42:00.377,1.0087,1.0095,2.00,3.10
2008.04.06 23:42:00.588,1.0087,1.0095,2.00,3.10
2008.04.06 23:42:00.797,1.0087,1.0095,2.00,3.10
2008.04.06 23:42:01.274,1.0087,1.0095,2.00,3.10
2008.04.06 23:42:02.494,1.00875,1.0095,0.80,3.10
2008.04.06 23:42:02.704,1.00875,1.0095,0.80,3.10
2008.04.06 23:42:02.914,1.00875,1.0095,0.80,3.10
2008.04.06 23:42:03.123,1.00875,1.0095,0.80,3.10
2008.04.06 23:42:03.331,1.00875,1.0095,0.80,3.10
2008.04.06 23:42:03.646,1.00875,1.0095,0.80,3.10
2008.04.06 23:42:14.995,1.00875,1.0095,0.80,3.10
2008.04.06 23:42:15.220,1.009,1.00965,0.80,0.80
2008.04.06 23:42:15.444,1.0092,1.0097,1.60,3.10
2008.04.06 23:42:15.668,1.0092,1.0097,1.60,3.10
2008.04.06 23:42:15.919,1.0092,1.0097,1.60,3.10
2008.04.06 23:42:16.452,1.0092,1.0097,1.60,3.10
2008.04.06 23:42:17.225,1.0092,1.0097,1.60,3.10
2008.04.06 23:42:17.425,1.0093,1.0097,2.00,3.10
2008.04.06 23:42:17.624,1.0093,1.0097,2.00,3.10
2008.04.06 23:42:17.824,1.0094,1.0097,0.50,2.70
2008.04.06 23:42:18.110,1.0094,1.0097,0.50,0.40
2008.04.06 23:42:18.415,1.0092,1.0097,0.80,3.10
2008.04.06 23:42:18.686,1.00905,1.0096,0.80,2.80
2008.04.06 23:42:18.937,1.00905,1.0096,0.80,2.80
2008.04.06 23:42:19.158,1.00905,1.0096,0.80,0.50
2008.04.06 23:42:19.377,1.00895,1.0096,0.80,0.50
2008.04.06 23:42:19.597,1.00895,1.0096,0.80,0.50
2008.04.06 23:42:19.817,1.00885,1.0096,0.80,0.50
2008.04.06 23:42:20.067,1.00885,1.0096,0.80,0.50
2008.04.06 23:42:22.795,1.00885,1.0096,0.80,0.50
2008.04.06 23:42:23.079,1.0089,1.0097,1.60,0.70
2008.04.06 23:42:23.257,1.0089,1.0096,1.60,0.50
2008.04.06 23:42:23.437,1.0089,1.0096,1.60,0.50
2008.04.06 23:42:23.618,1.0089,1.0096,4.40,0.50
2008.04.06 23:42:23.800,1.0089,1.0096,4.40,0.70
2008.04.06 23:42:23.976,1.0089,1.0096,4.40,0.70
2008.04.06 23:42:24.294,1.0089,1.0096,4.40,0.70
2008.04.06 23:42:25.097,1.0089,1.0096,4.40,0.70
2008.04.06 23:42:25.348,1.0089,1.0096,4.40,0.70
2008.04.06 23:42:25.952,1.0089,1.0096,4.40,0.70
2008.04.06 23:42:26.230,1.0089,1.0096,4.40,0.50
2008.04.06 23:42:26.540,1.009,1.0098,1.60,0.40
2008.04.06 23:42:26.850,1.00905,1.0098,0.80,0.40
2008.04.06 23:42:27.126,1.0091,1.0098,1.60,0.40
2008.04.06 23:42:27.356,1.0091,1.0098,1.60,0.40
2008.04.06 23:42:27.587,1.0091,1.0098,2.00,0.40
2008.04.06 23:42:27.816,1.00915,1.0098,0.80,0.40
2008.04.06 23:42:28.056,1.00915,1.0099,0.80,0.70
2008.04.06 23:42:28.275,1.00915,1.0099,0.80,0.70
2008.04.06 23:42:28.494,1.00915,1.0099,0.80,0.70
2008.04.06 23:42:28.713,1.00915,1.0099,0.80,0.70
2008.04.06 23:42:29.106,1.00915,1.0099,0.80,0.70
2008.04.06 23:42:29.357,1.00915,1.0098,0.80,2.80
2008.04.06 23:42:29.613,1.00915,1.0098,0.80,2.80
2008.04.06 23:42:29.864,1.00915,1.0098,0.80,2.80
2008.04.06 23:42:30.112,1.0091,1.0098,0.50,2.80
2008.04.06 23:42:30.347,1.0091,1.0098,0.50,2.80
2008.04.06 23:42:30.937,1.0091,1.0098,0.50,2.80
2008.04.06 23:42:31.141,1.00905,1.0098,0.80,3.10
2008.04.06 23:42:31.345,1.00905,1.0098,0.80,3.10
2008.04.06 23:42:31.565,1.00905,1.0098,0.80,3.10
2008.04.06 23:42:31.771,1.00905,1.0098,0.80,3.10
2008.04.06 23:42:34.539,1.00905,1.0098,0.80,3.10
2008.04.06 23:42:34.727,1.0091,1.0098,0.50,3.10
2008.04.06 23:42:34.869,1.0091,1.0097,0.50,0.50
2008.04.06 23:42:35.056,1.0091,1.0097,0.50,0.50
2008.04.06 23:42:36.422,1.0091,1.0097,0.50,0.50
2008.04.06 23:42:36.788,1.0091,1.0098,1.20,3.10
2008.04.06 23:42:36.982,1.0091,1.0098,2.00,3.10
2008.04.06 23:42:37.295,1.0091,1.0098,2.00,3.10
2008.04.06 23:42:37.577,1.0091,1.0098,2.00,3.10
2008.04.06 23:42:39.527,1.00915,1.0098,0.80,3.10
2008.04.06 23:42:39.687,1.00915,1.0098,0.80,3.10
2008.04.06 23:42:40.008,1.0092,1.0098,2.40,0.70
2008.04.06 23:42:40.355,1.00915,1.0098,0.80,0.70
2008.04.06 23:42:40.710,1.00915,1.0098,0.80,0.70
2008.04.06 23:42:42.862,1.00915,1.0098,0.80,0.70
2008.04.06 23:42:43.079,1.0091,1.0097,3.60,0.50
2008.04.06 23:42:43.305,1.0092,1.0097,0.50,0.50
2008.04.06 23:42:43.529,1.0092,1.0097,0.50,0.50
2008.04.06 23:42:43.792,1.0092,1.0097,0.50,0.50
2008.04.06 23:42:44.122,1.0092,1.0097,0.50,0.50
2008.04.06 23:42:44.572,1.0092,1.0097,0.50,2.80
2008.04.06 23:42:44.902,1.0092,1.0097,0.50,2.80
2008.04.06 23:42:45.127,1.0092,1.0097,0.50,0.50
2008.04.06 23:42:45.906,1.0092,1.0097,0.50,0.70
2008.04.06 23:42:46.154,1.0091,1.0096,2.00,0.50
2008.04.06 23:42:46.572,1.0091,1.0096,2.00,0.50
2008.04.06 23:42:46.792,1.009,1.0096,4.40,0.50
2008.04.06 23:42:47.011,1.009,1.0096,4.40,0.50
2008.04.06 23:42:47.261,1.009,1.0096,4.40,0.50
2008.04.06 23:42:47.828,1.009,1.0096,4.40,0.50
2008.04.06 23:42:48.022,1.009,1.0096,2.80,0.50
2008.04.06 23:42:48.216,1.009,1.0096,2.80,0.50
2008.04.06 23:42:48.410,1.00895,1.0096,0.80,0.50
2008.04.06 23:42:48.605,1.00895,1.0096,0.80,0.50
2008.04.06 23:42:48.803,1.009,1.0096,2.80,0.50
2008.04.06 23:42:49.030,1.009,1.0096,2.80,0.50
2008.04.06 23:42:49.405,1.009,1.0096,2.80,0.50
2008.04.06 23:42:50.201,1.009,1.0096,3.60,0.50
2008.04.06 23:42:50.376,1.009,1.0096,4.40,0.50
2008.04.06 23:42:53.663,1.009,1.0096,4.40,0.50
2008.04.06 23:42:53.906,1.009,1.0095,1.60,0.50
2008.04.06 23:42:54.151,1.0089,1.0095,4.40,0.50
2008.04.06 23:42:54.397,1.0089,1.0095,2.00,0.50
2008.04.06 23:42:54.643,1.0089,1.0095,2.00,0.50
2008.04.06 23:42:54.889,1.0089,1.0095,4.40,0.50
2008.04.06 23:42:55.366,1.0089,1.0095,2.00,0.50
2008.04.06 23:42:55.652,1.0089,1.0095,2.00,0.50
2008.04.06 23:42:55.917,1.0089,1.0095,2.00,0.50
2008.04.06 23:42:56.682,1.0089,1.0095,2.00,0.50
2008.04.06 23:42:56.886,1.0089,1.0093,2.00,0.50
2008.04.06 23:42:57.113,1.0089,1.0093,2.00,0.50
2008.04.06 23:42:57.351,1.0089,1.0093,2.00,0.50
2008.04.06 23:42:57.590,1.0089,1.0093,0.50,0.50
2008.04.06 23:42:58.078,1.0089,1.0093,0.50,0.50
2008.04.06 23:42:58.298,1.0089,1.0094,0.50,0.70
2008.04.06 23:42:58.518,1.0089,1.0094,0.50,0.70
2008.04.06 23:42:58.737,1.0089,1.0094,0.50,0.70
2008.04.06 23:42:58.956,1.0089,1.0094,0.50,0.70
2008.04.06 23:42:59.399,1.0089,1.0094,0.50,0.70
2008.04.06 23:42:59.649,1.0088,1.0092,0.50,0.50
2008.04.06 23:42:59.932,1.0088,1.0092,0.50,0.50
2008.04.06 23:43:00.219,1.00875,1.0092,0.80,0.50
2008.04.06 23:43:00.403,1.00875,1.0092,0.80,0.50
2008.04.06 23:43:03.420,1.00875,1.0092,0.80,0.50
2008.04.06 23:43:03.645,1.0088,1.0092,0.50,0.50
2008.04.06 23:43:03.869,1.0088,1.0092,0.50,0.50
2008.04.06 23:43:04.094,1.0088,1.0092,0.50,0.50
2008.04.06 23:43:04.675,1.0088,1.0092,0.50,0.50
2008.04.06 23:43:04.930,1.0088,1.0094,2.00,0.70
2008.04.06 23:43:05.184,1.0088,1.0094,2.00,0.70
2008.04.06 23:43:05.439,1.0088,1.0094,2.00,0.70
2008.04.06 23:43:05.705,1.0088,1.0094,2.00,0.70
2008.04.06 23:43:06.774,1.0088,1.0094,2.00,0.70
2008.04.06 23:43:07.260,1.0088,1.0094,2.00,0.70
2008.04.06 23:43:07.873,1.0088,1.0094,2.00,0.70
2008.04.06 23:43:08.155,1.0088,1.0093,2.00,0.50
2008.04.06 23:43:08.399,1.0088,1.0093,2.00,0.50
2008.04.06 23:43:13.211,1.0088,1.0093,2.00,0.50
2008.04.06 23:43:13.400,1.0088,1.0092,0.50,0.50
2008.04.06 23:43:13.679,1.0088,1.0092,0.50,0.50
2008.04.06 23:43:13.958,1.0088,1.0092,0.50,0.50
2008.04.06 23:43:14.237,1.0088,1.0092,0.50,0.50
2008.04.06 23:43:16.410,1.0088,1.0092,0.50,0.50
2008.04.06 23:43:16.604,1.0087,1.0091,2.00,0.50
2008.04.06 23:43:16.819,1.0087,1.0091,2.00,0.50
2008.04.06 23:43:17.014,1.0087,1.0091,1.60,0.50
2008.04.06 23:43:17.208,1.0087,1.0091,1.60,0.50
2008.04.06 23:43:17.403,1.0087,1.0091,1.60,0.50
2008.04.06 23:43:21.046,1.0087,1.0091,0.80,0.50
2008.04.06 23:43:21.279,1.0086,1.0091,2.00,0.50
2008.04.06 23:43:21.525,1.0087,1.0091,0.80,0.50
2008.04.06 23:43:21.754,1.0087,1.0092,1.60,0.70
2008.04.06 23:43:21.984,1.0087,1.0092,1.60,0.70
2008.04.06 23:43:22.212,1.00875,1.0092,0.80,0.70
2008.04.06 23:43:22.442,1.00875,1.0092,0.80,0.70
2008.04.06 23:43:22.671,1.00875,1.0092,0.80,0.70
2008.04.06 23:43:22.983,1.00875,1.0092,0.80,0.70
2008.04.06 23:43:23.255,1.00875,1.0092,0.80,0.70
2008.04.06 23:43:44.661,1.00875,1.0092,0.80,0.70
2008.04.06 23:43:44.844,1.00875,1.0091,0.80,0.50
2008.04.06 23:43:45.019,1.00875,1.0091,0.80,0.50
2008.04.06 23:43:45.193,1.00875,1.0091,0.80,0.50
2008.04.06 23:43:45.405,1.0088,1.0092,0.50,0.70
2008.04.06 23:43:45.727,1.0088,1.0092,0.50,0.70
2008.04.06 23:43:46.012,1.0088,1.0092,0.50,0.70
2008.04.06 23:43:49.596,1.0088,1.0092,0.50,0.70
2008.04.06 23:43:49.831,1.0088,1.0092,0.50,0.70
2008.04.06 23:43:51.687,1.0088,1.0092,0.50,0.70
2008.04.06 23:43:51.862,1.0087,1.0091,0.50,0.50
2008.04.06 23:43:52.222,1.0087,1.0091,0.50,0.50
2008.04.06 23:43:52.396,1.0087,1.00925,0.50,0.80
2008.04.06 23:43:52.701,1.0087,1.0093,1.20,2.80
2008.04.06 23:43:53.005,1.0087,1.0093,2.00,2.80
2008.04.06 23:43:57.197,1.0087,1.0093,2.00,2.80
2008.04.06 23:43:57.467,1.0087,1.0092,2.00,0.50
2008.04.06 23:43:57.736,1.0087,1.0092,2.00,0.50
2008.04.06 23:43:57.961,1.0087,1.0092,2.00,0.50
2008.04.06 23:43:59.910,1.0087,1.0092,2.00,0.50
2008.04.06 23:44:00.129,1.0087,1.0092,2.00,0.50
2008.04.06 23:44:00.349,1.0087,1.0091,2.00,0.50
2008.04.06 23:44:00.599,1.0087,1.0091,2.00,0.50
2008.04.06 23:44:05.653,1.0087,1.0091,2.00,0.50
2008.04.06 23:44:05.888,1.0087,1.0092,2.00,0.70
2008.04.06 23:44:06.086,1.0087,1.0092,2.00,0.70
2008.04.06 23:44:06.477,1.0087,1.0092,2.00,0.70
2008.04.06 23:44:06.739,1.0087,1.0092,2.00,0.70
2008.04.06 23:44:06.938,1.0087,1.0091,2.00,0.50
2008.04.06 23:44:07.192,1.0087,1.0091,2.00,0.50
2008.04.06 23:44:08.782,1.0087,1.0091,2.00,0.50
2008.04.06 23:44:12.992,1.00875,1.0091,0.80,0.50
2008.04.06 23:44:13.157,1.00875,1.0091,0.80,0.50
2008.04.06 23:44:13.383,1.00875,1.0091,0.80,0.50
2008.04.06 23:44:13.548,1.0088,1.0092,0.50,0.70
2008.04.06 23:44:14.015,1.0088,1.0092,0.50,0.70
2008.04.06 23:44:14.344,1.0088,1.0092,0.50,0.70
2008.04.06 23:44:23.238,1.0088,1.0092,0.50,0.70
2008.04.06 23:44:23.437,1.0088,1.0092,0.50,0.70
2008.04.06 23:44:23.636,1.00875,1.0091,0.80,0.50
2008.04.06 23:44:24.469,1.00875,1.0091,0.80,0.50
2008.04.06 23:44:26.338,1.00875,1.0091,0.80,0.50
2008.04.06 23:44:26.553,1.00865,1.0091,0.80,0.50
2008.04.06 23:44:26.767,1.00865,1.0091,0.80,0.50
2008.04.06 23:44:27.083,1.00865,1.0091,0.80,0.50
2008.04.06 23:44:28.232,1.00865,1.0091,0.80,0.50
2008.04.06 23:44:28.476,1.00865,1.0091,0.80,0.50
2008.04.06 23:44:28.645,1.0087,1.0091,1.20,0.50
2008.04.06 23:44:28.849,1.0087,1.0091,2.00,0.50
2008.04.06 23:44:29.053,1.0087,1.0091,2.00,0.50
2008.04.06 23:44:31.389,1.0087,1.0091,2.00,0.50
2008.04.06 23:44:31.599,1.0087,1.0091,1.60,0.50
2008.04.06 23:44:35.279,1.0087,1.0091,1.60,0.50
2008.04.06 23:44:35.483,1.0087,1.009,1.60,0.50
2008.04.06 23:44:35.681,1.0087,1.009,1.60,0.50
2008.04.06 23:44:35.881,1.0087,1.009,1.60,0.50
2008.04.06 23:44:36.079,1.0087,1.009,1.60,0.50
2008.04.06 23:44:42.008,1.0087,1.009,1.60,0.50
2008.04.06 23:44:43.059,1.0087,1.009,1.60,0.50
2008.04.06 23:44:44.993,1.0087,1.009,0.80,0.50
2008.04.06 23:44:45.212,1.0086,1.009,2.00,0.50
2008.04.06 23:44:45.433,1.0086,1.009,2.00,0.50
2008.04.06 23:44:45.688,1.0086,1.009,1.60,0.50
2008.04.06 23:44:46.090,1.0086,1.009,1.60,0.50
2008.04.06 23:44:47.417,1.0086,1.009,1.60,0.50
2008.04.06 23:44:47.609,1.0086,1.009,1.60,0.50
2008.04.06 23:44:54.374,1.0086,1.009,1.60,0.50
2008.04.06 23:44:54.594,1.00865,1.009,0.80,0.50
2008.04.06 23:44:54.954,1.00865,1.009,0.80,0.50
2008.04.06 23:44:55.172,1.00865,1.009,0.80,0.50
2008.04.06 23:45:08.382,1.00865,1.009,0.80,0.50
2008.04.06 23:45:08.580,1.0087,1.0091,0.50,0.70
2008.04.06 23:45:10.587,1.0087,1.0091,0.50,0.70
2008.04.06 23:45:11.065,1.0087,1.0091,0.50,0.70
2008.04.06 23:45:19.759,1.0087,1.0091,1.20,0.70
2008.04.06 23:45:19.983,1.0087,1.0091,2.00,0.70
2008.04.06 23:45:20.173,1.0087,1.0091,2.00,0.70
2008.04.06 23:45:20.363,1.0087,1.0091,2.00,0.70
2008.04.06 23:45:20.552,1.0087,1.0091,2.00,0.70
2008.04.06 23:45:23.798,1.0087,1.0091,2.00,0.70
2008.04.06 23:45:24.022,1.00875,1.0091,0.80,0.70
2008.04.06 23:45:33.232,1.00875,1.0091,0.80,0.50
2008.04.06 23:45:33.447,1.00875,1.0092,0.80,0.70
2008.04.06 23:45:38.105,1.00875,1.0092,0.80,0.70
2008.04.06 23:45:38.408,1.00875,1.0092,0.80,0.70
2008.04.06 23:45:38.673,1.0088,1.0092,0.50,0.70
2008.04.06 23:45:39.013,1.0088,1.0092,0.50,0.70
2008.04.06 23:45:39.263,1.0088,1.0092,0.50,0.70
2008.04.06 23:45:44.305,1.0088,1.0092,1.20,0.70
2008.04.06 23:45:44.524,1.0088,1.0092,2.00,0.70
2008.04.06 23:45:44.762,1.0088,1.0092,2.00,0.70
2008.04.06 23:45:44.992,1.00885,1.0092,0.80,0.70
2008.04.06 23:45:45.225,1.00885,1.0092,0.80,0.70
2008.04.06 23:45:45.383,1.0089,1.0092,2.00,0.40
2008.04.06 23:45:45.697,1.0089,1.0092,2.00,0.40
2008.04.06 23:45:46.012,1.0089,1.0093,2.00,0.70
2008.04.06 23:45:46.327,1.0089,1.0093,2.00,0.70
2008.04.06 23:45:48.425,1.0089,1.0093,2.00,0.70
2008.04.06 23:45:48.576,1.0089,1.0093,2.00,0.70
2008.04.06 23:45:48.726,1.0089,1.0093,2.00,0.70
2008.04.06 23:45:48.875,1.0089,1.0093,2.00,0.70
2008.04.06 23:45:49.137,1.0089,1.0093,2.00,0.70
2008.04.06 23:45:49.367,1.0089,1.0093,2.00,0.70
2008.04.06 23:45:49.536,1.0089,1.0093,1.20,0.70
2008.04.06 23:45:49.861,1.0088,1.0093,2.00,0.70
2008.04.06 23:45:50.214,1.00885,1.0093,0.80,0.70
2008.04.06 23:46:01.568,1.00885,1.0093,0.80,0.70
2008.04.06 23:46:01.804,1.00885,1.0093,0.80,0.70
2008.04.06 23:46:03.186,1.00885,1.0093,0.80,0.70
2008.04.06 23:46:03.421,1.00885,1.0093,0.80,1.50
2008.04.06 23:46:03.655,1.00885,1.0092,0.80,0.50
2008.04.06 23:46:03.890,1.0088,1.0093,0.50,1.50
2008.04.06 23:46:04.182,1.0088,1.0093,0.50,0.70
2008.04.06 23:46:04.472,1.00875,1.0092,0.80,0.40
2008.04.06 23:46:04.760,1.00875,1.0092,0.80,0.40
2008.04.06 23:46:05.781,1.0088,1.0092,0.80,0.40
2008.04.06 23:46:06.026,1.0088,1.0092,1.60,0.40
2008.04.06 23:46:06.270,1.0088,1.0092,2.00,0.40
2008.04.06 23:46:06.514,1.0088,1.0092,2.00,0.40
2008.04.06 23:46:08.038,1.0088,1.0092,1.60,0.40
2008.04.06 23:46:08.262,1.0088,1.0092,1.60,0.40
2008.04.06 23:46:08.499,1.0088,1.0092,1.60,0.40
2008.04.06 23:46:09.988,1.0088,1.0092,1.60,0.70
2008.04.06 23:46:10.183,1.0088,1.0092,1.60,0.70
2008.04.06 23:46:10.377,1.0088,1.0092,1.60,0.70
2008.04.06 23:46:10.571,1.0088,1.0092,1.60,0.70
2008.04.06 23:46:10.765,1.0088,1.0092,1.60,0.70
2008.04.06 23:46:23.383,1.0088,1.0092,1.60,0.70
2008.04.06 23:46:23.601,1.0088,1.0092,1.60,0.40
2008.04.06 23:46:23.845,1.0088,1.0092,1.60,0.40
2008.04.06 23:46:42.437,1.0088,1.0092,1.60,0.40
2008.04.06 23:46:42.671,1.0088,1.0092,1.60,0.70
2008.04.06 23:46:42.879,1.0088,1.0092,1.60,0.70
2008.04.06 23:46:43.546,1.0088,1.0092,1.60,0.70
2008.04.06 23:46:50.566,1.0088,1.0092,0.80,0.70
2008.04.06 23:46:50.761,1.0087,1.0092,0.80,3.10
2008.04.06 23:46:51.019,1.0087,1.0092,1.60,3.10
2008.04.06 23:46:51.299,1.0087,1.0092,1.60,3.10
2008.04.06 23:46:51.625,1.0087,1.0092,1.60,3.10
2008.04.06 23:46:51.857,1.0087,1.0091,1.60,0.50
2008.04.06 23:46:53.045,1.0087,1.0091,1.60,0.50
2008.04.06 23:46:53.274,1.00875,1.0091,0.80,0.50
2008.04.06 23:46:53.503,1.00875,1.0091,0.80,0.50
2008.04.06 23:46:53.733,1.00875,1.0091,0.80,0.50
2008.04.06 23:46:58.047,1.00875,1.0091,0.80,0.50
2008.04.06 23:46:58.302,1.00875,1.0091,0.80,0.50
2008.04.06 23:46:58.557,1.00875,1.0091,0.80,0.50
2008.04.06 23:47:20.467,1.00875,1.0092,0.80,3.10
2008.04.06 23:47:20.673,1.00875,1.0092,0.80,3.10
2008.04.06 23:47:20.876,1.00875,1.0092,0.80,3.10
2008.04.06 23:47:21.081,1.00875,1.0092,0.80,3.10
2008.04.06 23:47:21.287,1.00875,1.0092,0.80,3.10
2008.04.06 23:47:21.529,1.00875,1.0092,0.80,0.70
2008.04.06 23:47:21.793,1.00875,1.0092,0.80,0.70
2008.04.06 23:47:22.058,1.00875,1.0092,0.80,0.50
2008.04.06 23:47:22.875,1.00875,1.0092,0.80,2.80
2008.04.06 23:47:23.194,1.00875,1.0092,0.80,2.80
2008.04.06 23:47:23.422,1.00875,1.0092,0.80,2.80
2008.04.06 23:47:23.571,1.00875,1.0092,0.80,2.80
2008.04.06 23:47:28.337,1.00875,1.0092,0.80,2.80
2008.04.06 23:47:28.593,1.00875,1.0091,0.80,0.50
2008.04.06 23:47:28.837,1.00875,1.0091,0.80,0.50
2008.04.06 23:47:29.036,1.00875,1.0091,0.80,0.50
2008.04.06 23:47:50.374,1.00875,1.0091,0.80,2.80
2008.04.06 23:47:52.466,1.00875,1.0091,0.80,2.80
2008.04.06 23:47:52.798,1.0087,1.0091,0.80,2.80
2008.04.06 23:47:53.132,1.00865,1.0091,0.80,2.80
2008.04.06 23:47:53.572,1.00865,1.0091,0.80,2.80
2008.04.06 23:47:53.809,1.00865,1.0091,0.80,2.80
2008.04.06 23:47:54.009,1.00865,1.0091,0.80,2.80
2008.04.06 23:47:54.210,1.00865,1.009,0.80,2.80
2008.04.06 23:47:54.440,1.00865,1.009,0.80,2.80
2008.04.06 23:47:54.670,1.00865,1.009,0.80,2.80
2008.04.06 23:47:54.901,1.00865,1.009,0.80,2.80
2008.04.06 23:47:55.135,1.00865,1.009,0.80,2.80
2008.04.06 23:47:55.372,1.00865,1.009,0.80,2.80
2008.04.06 23:47:55.668,1.00855,1.009,0.80,2.80
2008.04.06 23:47:56.058,1.00855,1.009,0.80,2.80
2008.04.06 23:47:56.347,1.0085,1.009,0.50,2.80
2008.04.06 23:47:56.582,1.00845,1.0089,0.80,0.50
2008.04.06 23:47:56.851,1.0084,1.0089,2.00,2.80
2008.04.06 23:47:57.119,1.0084,1.0089,2.00,2.80
2008.04.06 23:47:57.789,1.0084,1.0089,2.00,2.80
2008.04.06 23:47:58.780,1.0084,1.0089,2.00,2.80
2008.04.06 23:48:01.546,1.0084,1.0089,2.00,2.80
2008.04.06 23:48:01.791,1.0084,1.0088,1.60,2.40
2008.04.06 23:48:02.037,1.0083,1.0088,2.00,2.80
2008.04.06 23:48:02.795,1.0083,1.0088,2.00,2.80
2008.04.06 23:48:03.035,1.00835,1.0088,0.80,2.80
2008.04.06 23:48:03.312,1.0084,1.0088,0.80,0.50
2008.04.06 23:48:03.550,1.0084,1.009,1.60,0.70
2008.04.06 23:48:03.794,1.0084,1.009,1.60,0.70
2008.04.06 23:48:04.038,1.0084,1.009,1.60,0.70
2008.04.06 23:48:05.204,1.0084,1.009,2.00,0.70
2008.04.06 23:48:05.434,1.00845,1.009,0.80,3.10
2008.04.06 23:48:05.663,1.00845,1.009,0.80,3.10
2008.04.06 23:48:05.893,1.00845,1.0089,0.80,0.50
2008.04.06 23:48:06.266,1.0085,1.0089,0.80,0.50
2008.04.06 23:48:06.496,1.0085,1.0089,1.60,0.50
2008.04.06 23:48:06.987,1.0085,1.0089,1.60,2.80
2008.04.06 23:48:08.396,1.0085,1.0089,1.60,2.80
2008.04.06 23:48:08.590,1.0085,1.0089,1.60,2.80
2008.04.06 23:48:08.790,1.0085,1.009,1.60,3.10
2008.04.06 23:48:09.013,1.0085,1.009,1.60,3.10
2008.04.06 23:48:11.290,1.0085,1.009,1.60,3.10
2008.04.06 23:48:12.526,1.0085,1.009,1.60,3.10
2008.04.06 23:48:12.740,1.0085,1.0089,1.60,2.40
2008.04.06 23:48:12.945,1.0085,1.0089,1.60,2.80
2008.04.06 23:48:15.616,1.0085,1.0089,1.60,2.80
2008.04.06 23:48:15.825,1.0085,1.0089,1.60,2.80
2008.04.06 23:48:17.529,1.0085,1.0089,1.60,2.80
2008.04.06 23:48:17.819,1.0085,1.0089,1.60,2.80
2008.04.06 23:48:20.562,1.0085,1.0089,1.60,2.80
2008.04.06 23:48:20.800,1.0085,1.0089,1.60,2.80
2008.04.06 23:48:21.182,1.0085,1.0089,1.60,2.80
2008.04.06 23:48:27.792,1.0085,1.0089,0.80,2.80
2008.04.06 23:48:28.003,1.0084,1.0089,2.00,2.80
2008.04.06 23:48:28.223,1.0084,1.0089,2.00,2.80
2008.04.06 23:48:28.481,1.0084,1.0089,2.00,2.80
2008.04.06 23:48:31.771,1.0084,1.0089,2.00,2.80
2008.04.06 23:48:32.011,1.0084,1.0089,1.60,0.50
2008.04.06 23:48:32.250,1.0084,1.0089,1.60,0.50
2008.04.06 23:48:32.452,1.0084,1.0089,1.60,0.50
2008.04.06 23:48:34.100,1.0084,1.0089,1.60,0.50
2008.04.06 23:48:34.361,1.0084,1.0089,1.60,0.50
2008.04.06 23:48:34.843,1.0084,1.0089,1.60,0.50
2008.04.06 23:48:37.003,1.0084,1.0089,1.60,0.50
2008.04.06 23:48:37.195,1.0084,1.0089,1.60,0.70
2008.04.06 23:48:37.352,1.0084,1.0088,0.80,0.50
2008.04.06 23:48:37.665,1.0083,1.0088,1.60,0.50
2008.04.06 23:48:38.032,1.0083,1.0088,1.60,0.50
2008.04.06 23:48:38.338,1.0083,1.0088,1.60,0.50
2008.04.06 23:48:38.611,1.0083,1.0088,1.60,0.50
2008.04.06 23:48:38.875,1.0083,1.0088,1.60,0.50
2008.04.06 23:48:39.107,1.0083,1.0088,1.60,0.50
2008.04.06 23:48:39.337,1.0083,1.0088,1.60,0.50
2008.04.06 23:48:40.577,1.0083,1.0088,1.60,2.80
2008.04.06 23:48:40.808,1.0083,1.0087,1.60,0.50
2008.04.06 23:48:41.089,1.0083,1.0087,0.80,0.50
2008.04.06 23:48:41.354,1.00825,1.0087,0.80,0.50
2008.04.06 23:48:42.426,1.00825,1.0088,0.80,3.10
2008.04.06 23:48:42.747,1.00825,1.0088,0.80,0.70
2008.04.06 23:48:43.030,1.00825,1.0088,0.80,0.70
2008.04.06 23:48:43.537,1.00825,1.0088,0.80,0.70
2008.04.06 23:48:43.848,1.00825,1.0087,0.80,0.50
2008.04.06 23:48:44.756,1.00825,1.0087,0.80,0.50
2008.04.06 23:48:45.002,1.00825,1.0087,0.80,0.50
2008.04.06 23:48:45.236,1.00825,1.0088,0.80,0.70
2008.04.06 23:48:45.528,1.00825,1.0088,0.80,0.70
2008.04.06 23:48:45.764,1.00825,1.0088,0.80,0.70
2008.04.06 23:48:46.062,1.00825,1.0088,0.80,0.70
2008.04.06 23:48:46.309,1.00825,1.0088,0.80,0.50
2008.04.06 23:48:47.333,1.00825,1.0088,0.80,0.50
2008.04.06 23:48:47.904,1.00825,1.0088,0.80,0.50
2008.04.06 23:48:48.104,1.00825,1.0088,0.80,0.50
2008.04.06 23:48:48.554,1.00825,1.0088,0.80,0.50
2008.04.06 23:48:48.718,1.00825,1.0088,0.80,0.50
2008.04.06 23:48:48.983,1.00825,1.0088,0.80,0.50
2008.04.06 23:48:49.360,1.00825,1.0088,0.80,0.50
2008.04.06 23:48:49.754,1.00825,1.0088,0.80,0.50
2008.04.06 23:48:50.255,1.00825,1.0088,0.80,0.50
2008.04.06 23:48:55.392,1.00825,1.0088,0.80,0.50
2008.04.06 23:48:55.565,1.0082,1.0087,0.80,0.50
2008.04.06 23:48:55.775,1.00815,1.0087,0.80,0.50
2008.04.06 23:48:56.264,1.00815,1.0087,0.80,0.50
2008.04.06 23:48:56.765,1.0082,1.0088,0.80,0.70
2008.04.06 23:48:57.034,1.0082,1.0088,1.60,0.70
2008.04.06 23:48:57.263,1.0082,1.0088,1.60,0.70
2008.04.06 23:48:57.464,1.0082,1.0088,1.60,0.70
2008.04.06 23:48:57.894,1.0082,1.0088,1.60,0.70
2008.04.06 23:48:58.121,1.0082,1.0088,1.60,0.70
2008.04.06 23:48:58.894,1.0082,1.0088,1.60,0.70
2008.04.06 23:48:59.249,1.0082,1.0087,1.60,0.50
2008.04.06 23:48:59.400,1.0082,1.0087,1.60,0.50
2008.04.06 23:48:59.700,1.0082,1.0087,1.60,0.50
2008.04.06 23:49:04.899,1.0082,1.0087,1.60,0.50
2008.04.06 23:49:05.101,1.00825,1.0088,0.80,0.70
2008.04.06 23:49:05.307,1.00825,1.0088,0.80,0.70
2008.04.06 23:49:05.527,1.00825,1.0088,0.80,0.70
2008.04.06 23:49:05.772,1.00825,1.0088,0.80,0.70
2008.04.06 23:49:06.000,1.00825,1.0088,0.80,0.70
2008.04.06 23:49:06.259,1.00825,1.0088,0.80,0.70
2008.04.06 23:49:11.933,1.00825,1.0088,0.80,0.70
2008.04.06 23:49:12.171,1.0083,1.0089,0.80,2.40
2008.04.06 23:49:12.401,1.0083,1.009,1.60,0.70
2008.04.06 23:49:12.631,1.0083,1.009,1.60,0.40
2008.04.06 23:49:12.859,1.0083,1.009,1.60,0.40
2008.04.06 23:49:13.090,1.0084,1.0091,1.60,0.40
2008.04.06 23:49:13.341,1.0084,1.0091,1.60,0.40
2008.04.06 23:49:13.608,1.0084,1.0091,1.60,0.40
2008.04.06 23:49:13.858,1.0084,1.0091,1.60,0.40
2008.04.06 23:49:14.108,1.0084,1.0092,1.60,0.40
2008.04.06 23:49:14.322,1.0084,1.0092,1.60,0.40
2008.04.06 23:49:14.899,1.0084,1.0092,1.60,0.40
2008.04.06 23:49:15.114,1.0084,1.00915,1.60,0.80
2008.04.06 23:49:15.327,1.0084,1.009,0.80,2.40
2008.04.06 23:49:15.556,1.00835,1.009,0.80,2.70
2008.04.06 23:49:15.786,1.00835,1.009,0.80,2.70
2008.04.06 23:49:16.049,1.00835,1.009,0.80,2.70
2008.04.06 23:49:16.314,1.00835,1.009,0.80,2.70
2008.04.06 23:49:16.527,1.00835,1.009,0.80,2.70
2008.04.06 23:49:16.777,1.00835,1.009,0.80,2.70
2008.04.06 23:49:17.045,1.00835,1.009,0.80,3.10
2008.04.06 23:49:17.318,1.00835,1.009,0.80,3.10
2008.04.06 23:49:17.534,1.00835,1.009,0.80,3.10
2008.04.06 23:49:17.897,1.00835,1.009,0.80,3.10
2008.04.06 23:49:18.111,1.00835,1.0089,0.80,0.50
2008.04.06 23:49:18.326,1.00835,1.0089,0.80,0.50
2008.04.06 23:49:18.691,1.00835,1.0089,0.80,0.50
2008.04.06 23:49:20.428,1.00835,1.0089,0.80,0.50
2008.04.06 23:49:22.435,1.00835,1.0089,0.80,0.50
2008.04.06 23:49:23.972,1.00835,1.0089,0.80,0.50
2008.04.06 23:49:32.238,1.00835,1.0089,0.80,0.50
2008.04.06 23:49:32.560,1.00835,1.0089,0.80,0.50
2008.04.06 23:49:32.854,1.00835,1.0089,0.80,0.50
2008.04.06 23:49:33.070,1.00835,1.0088,0.80,0.50
2008.04.06 23:49:33.325,1.00825,1.0088,0.80,0.50
2008.04.06 23:49:33.599,1.00825,1.0088,0.80,0.50
2008.04.06 23:49:33.864,1.00825,1.0089,0.80,3.10
2008.04.06 23:49:34.982,1.00825,1.0089,0.80,3.10
2008.04.06 23:49:35.197,1.00825,1.0088,0.80,0.50
2008.04.06 23:49:35.411,1.00825,1.0088,0.80,0.50
2008.04.06 23:49:35.625,1.00825,1.0088,0.80,0.50
2008.04.06 23:49:40.904,1.00825,1.0088,0.80,0.50
2008.04.06 23:49:41.140,1.00825,1.0087,0.80,0.50
2008.04.06 23:49:41.374,1.00825,1.0087,0.80,0.50
2008.04.06 23:49:41.617,1.00825,1.0087,0.80,0.50
2008.04.06 23:49:42.272,1.00825,1.0087,0.80,0.50
2008.04.06 23:49:42.535,1.00815,1.0087,0.80,0.50
2008.04.06 23:49:42.795,1.00815,1.0087,0.80,0.50
2008.04.06 23:49:43.035,1.00815,1.0087,0.80,0.50
2008.04.06 23:49:45.151,1.00815,1.0087,0.80,0.50
2008.04.06 23:49:45.384,1.00815,1.0087,0.80,0.50
2008.04.06 23:49:45.614,1.00815,1.0087,0.80,0.50
2008.04.06 23:49:45.807,1.00815,1.0087,0.80,0.50
2008.04.06 23:49:47.614,1.0082,1.0087,0.80,0.50
2008.04.06 23:49:47.866,1.0082,1.0087,1.60,0.50
2008.04.06 23:49:50.209,1.0082,1.0087,1.60,0.70
2008.04.06 23:49:50.480,1.0081,1.0086,1.60,0.50
2008.04.06 23:49:50.708,1.0081,1.0086,1.60,0.50
2008.04.06 23:49:50.937,1.0081,1.0086,1.60,0.50
2008.04.06 23:49:51.173,1.0081,1.0086,1.60,0.50
2008.04.06 23:49:51.422,1.0081,1.0086,1.60,0.50
2008.04.06 23:49:51.704,1.0081,1.0086,1.60,0.50
2008.04.06 23:49:54.436,1.0081,1.0086,0.80,0.50
2008.04.06 23:49:54.710,1.008,1.0086,1.60,0.50
2008.04.06 23:49:55.270,1.00805,1.0086,0.80,0.50
2008.04.06 23:49:55.521,1.00805,1.0086,0.80,0.50
2008.04.06 23:49:55.700,1.00805,1.0086,0.80,0.50
2008.04.06 23:49:55.913,1.00805,1.0086,0.80,0.50
2008.04.06 23:49:56.128,1.00805,1.0086,0.80,0.50
2008.04.06 23:49:57.072,1.00805,1.0086,0.80,0.50
2008.04.06 23:49:58.008,1.00805,1.0086,0.80,0.50
2008.04.06 23:49:58.208,1.00805,1.0087,0.80,0.70
2008.04.06 23:49:58.447,1.00805,1.0087,0.80,0.70
2008.04.06 23:49:58.844,1.00805,1.0087,0.80,0.70
2008.04.06 23:49:59.083,1.0081,1.0087,0.80,3.10
2008.04.06 23:49:59.324,1.0081,1.0087,1.60,3.10
2008.04.06 23:49:59.589,1.0081,1.0087,1.60,0.70
2008.04.06 23:49:59.854,1.0081,1.0087,1.60,3.10
2008.04.06 23:50:00.120,1.0081,1.0087,1.60,3.10
2008.04.06 23:50:00.387,1.0081,1.0087,1.60,3.10
2008.04.06 23:50:00.632,1.008,1.0086,2.00,0.50
2008.04.06 23:50:00.891,1.00805,1.0086,0.80,0.50
2008.04.06 23:50:01.178,1.00805,1.0086,0.80,0.50
2008.04.06 23:50:01.422,1.00805,1.0086,0.80,0.50
2008.04.06 23:50:01.736,1.00805,1.0086,0.80,0.50
2008.04.06 23:50:02.887,1.00805,1.0086,0.80,0.50
2008.04.06 23:50:03.095,1.00805,1.0086,0.80,0.50
2008.04.06 23:50:03.551,1.00805,1.0086,0.80,0.50
2008.04.06 23:50:03.794,1.00805,1.0086,0.80,0.50
2008.04.06 23:50:04.039,1.00805,1.0086,0.80,0.50
2008.04.06 23:50:04.283,1.00805,1.0086,0.80,0.50
2008.04.06 23:50:04.966,1.00805,1.0086,0.80,0.50
2008.04.06 23:50:05.236,1.00795,1.0085,0.80,0.40
2008.04.06 23:50:05.539,1.00795,1.0084,0.80,0.50
2008.04.06 23:50:05.785,1.00795,1.0084,0.80,0.50
2008.04.06 23:50:06.034,1.00795,1.0086,0.80,0.50
2008.04.06 23:50:06.291,1.00795,1.0086,0.80,3.10
2008.04.06 23:50:06.455,1.00795,1.0086,0.80,3.10
2008.04.06 23:50:06.695,1.00795,1.0086,0.80,3.10
2008.04.06 23:50:06.934,1.00795,1.0084,0.80,0.50
2008.04.06 23:50:07.175,1.00795,1.0084,0.80,0.50
2008.04.06 23:50:07.414,1.00795,1.0084,0.80,0.50
2008.04.06 23:50:07.658,1.00795,1.0084,0.80,0.50
2008.04.06 23:50:08.946,1.00795,1.0084,0.80,0.50
2008.04.06 23:50:09.170,1.00795,1.0085,0.80,0.70
2008.04.06 23:50:09.396,1.00795,1.0085,0.80,0.70
2008.04.06 23:50:09.585,1.00795,1.0085,0.80,0.70
2008.04.06 23:50:09.839,1.00795,1.0085,0.80,0.70
2008.04.06 23:50:10.093,1.00795,1.0085,0.80,0.70
2008.04.06 23:50:10.348,1.00795,1.0085,0.80,0.70
2008.04.06 23:50:10.603,1.00795,1.0085,0.80,0.50
2008.04.06 23:50:10.821,1.00795,1.0085,0.80,0.50
2008.04.06 23:50:12.027,1.008,1.0085,0.80,0.50
2008.04.06 23:50:12.229,1.008,1.0085,1.60,0.50
2008.04.06 23:50:12.429,1.008,1.0085,1.60,0.50
2008.04.06 23:50:15.581,1.008,1.0085,1.60,0.50
2008.04.06 23:50:15.790,1.008,1.0085,1.60,0.50
2008.04.06 23:50:16.085,1.008,1.0085,1.60,0.50
2008.04.06 23:50:16.294,1.008,1.00875,1.60,0.80
2008.04.06 23:50:16.462,1.0081,1.0088,1.60,0.70
2008.04.06 23:50:16.632,1.00815,1.0088,0.80,3.10
2008.04.06 23:50:16.966,1.0082,1.0088,1.60,0.40
2008.04.06 23:50:17.301,1.0082,1.0088,1.60,0.40
2008.04.06 23:50:17.636,1.0082,1.0088,1.60,0.40
2008.04.06 23:50:17.846,1.0082,1.0089,1.60,3.10
2008.04.06 23:50:18.035,1.00825,1.0089,0.80,3.10
2008.04.06 23:50:18.225,1.00825,1.0089,0.80,0.70
2008.04.06 23:50:18.414,1.00825,1.0089,0.80,0.70
2008.04.06 23:50:18.642,1.00825,1.0087,0.80,2.40
2008.04.06 23:50:18.913,1.0082,1.0087,0.50,2.80
2008.04.06 23:50:19.183,1.0082,1.0087,0.50,3.10
2008.04.06 23:50:19.453,1.00815,1.0087,0.80,0.70
2008.04.06 23:50:19.723,1.0081,1.0086,0.50,0.50
2008.04.06 23:50:19.943,1.0081,1.0086,0.50,0.50
2008.04.06 23:50:20.163,1.00805,1.0086,0.80,2.80
2008.04.06 23:50:20.383,1.00805,1.0086,0.80,2.80
2008.04.06 23:50:20.602,1.00805,1.0086,0.80,2.80
2008.04.06 23:50:38.975,1.00805,1.0085,0.80,0.50
2008.04.06 23:50:39.164,1.00805,1.0085,0.80,0.50
2008.04.06 23:50:39.448,1.00805,1.0086,0.80,2.80
2008.04.06 23:50:39.733,1.0081,1.0086,0.50,2.80
2008.04.06 23:50:40.018,1.0081,1.0086,0.50,2.80
2008.04.06 23:50:40.302,1.00805,1.0086,0.80,2.80
2008.04.06 23:50:42.834,1.00805,1.0086,0.80,2.80
2008.04.06 23:50:43.062,1.00805,1.0085,0.80,0.50
2008.04.06 23:50:43.310,1.00805,1.0085,0.80,0.50
2008.04.06 23:50:43.632,1.00805,1.0085,0.80,0.50
2008.04.06 23:50:44.166,1.00805,1.0085,0.80,0.50
2008.04.06 23:50:44.758,1.00805,1.0085,0.80,0.50
2008.04.06 23:50:44.977,1.00805,1.0086,0.80,0.70
2008.04.06 23:50:45.231,1.00805,1.0086,0.80,0.70
2008.04.06 23:50:45.480,1.00805,1.0086,0.80,0.70
2008.04.06 23:50:45.731,1.0081,1.0086,0.50,0.70
2008.04.06 23:50:46.051,1.0081,1.0086,0.50,0.70
2008.04.06 23:50:46.301,1.0081,1.0086,0.50,0.50
2008.04.06 23:50:46.867,1.0081,1.0086,0.50,0.50
2008.04.06 23:50:47.102,1.00805,1.0086,0.80,0.50
2008.04.06 23:50:47.373,1.00805,1.0085,0.80,0.50
2008.04.06 23:50:47.706,1.00805,1.0085,0.80,0.50
2008.04.06 23:50:47.956,1.00805,1.0085,0.80,0.50
2008.04.06 23:50:48.136,1.00805,1.0087,0.80,0.70
2008.04.06 23:50:48.350,1.00805,1.0087,0.80,0.70
2008.04.06 23:50:48.614,1.0081,1.0089,0.50,3.10
2008.04.06 23:50:48.878,1.0081,1.0089,0.50,3.90
2008.04.06 23:50:49.170,1.0081,1.0087,0.50,2.80
2008.04.06 23:50:49.435,1.0081,1.0087,2.00,2.80
2008.04.06 23:50:49.645,1.0081,1.0087,2.00,2.80
2008.04.06 23:50:49.854,1.0081,1.0087,2.00,2.80
2008.04.06 23:50:50.670,1.0081,1.0087,2.00,2.80
2008.04.06 23:50:50.893,1.0081,1.0087,1.60,0.70
2008.04.06 23:50:51.426,1.0081,1.0087,1.60,0.70
2008.04.06 23:50:51.650,1.0081,1.0086,1.60,2.80
2008.04.06 23:50:51.913,1.0081,1.0086,1.60,2.80
2008.04.06 23:50:52.137,1.0081,1.0086,2.00,2.80
2008.04.06 23:50:52.362,1.0081,1.0086,2.00,2.80
2008.04.06 23:50:52.586,1.0081,1.0086,2.00,2.80
2008.04.06 23:50:59.500,1.0081,1.0086,2.00,2.80
2008.04.06 23:50:59.715,1.0081,1.0086,2.00,2.80
2008.04.06 23:51:00.155,1.0081,1.0086,2.00,2.80
2008.04.06 23:51:05.658,1.0081,1.0086,2.00,0.50
2008.04.06 23:51:06.621,1.0081,1.0086,2.00,2.80
2008.04.06 23:51:12.992,1.0081,1.0086,2.00,2.80
2008.04.06 23:51:13.213,1.0081,1.0086,2.00,2.80
2008.04.06 23:51:17.668,1.0081,1.0086,2.00,2.80
2008.04.06 23:51:17.855,1.008,1.0086,1.20,2.80
2008.04.06 23:51:18.039,1.008,1.0086,2.00,2.80
2008.04.06 23:51:18.268,1.008,1.0086,2.00,2.80
2008.04.06 23:51:18.527,1.008,1.0086,4.40,0.50
2008.04.06 23:51:18.786,1.00805,1.0087,0.80,0.70
2008.04.06 23:51:39.429,1.00805,1.0085,0.80,0.50
2008.04.06 23:51:39.619,1.00805,1.0085,0.80,0.50
2008.04.06 23:51:39.808,1.00805,1.0085,0.80,0.50
2008.04.06 23:51:40.875,1.00805,1.0085,0.80,0.50
2008.04.06 23:51:53.588,1.00805,1.0085,0.80,0.50
2008.04.06 23:52:04.160,1.00805,1.0085,0.80,0.50
2008.04.06 23:52:31.854,1.00805,1.0085,0.80,0.50
2008.04.06 23:52:34.853,1.00805,1.0085,0.80,0.50
2008.04.06 23:52:47.865,1.00805,1.0085,0.80,0.50
2008.04.06 23:52:48.079,1.00805,1.0085,0.80,0.50
2008.04.06 23:52:48.314,1.0081,1.0085,0.50,0.50
2008.04.06 23:52:48.717,1.0081,1.0085,0.50,0.50
2008.04.06 23:52:48.952,1.0081,1.0085,0.50,0.50
2008.04.06 23:52:55.114,1.0081,1.0085,0.50,0.50
2008.04.06 23:52:55.358,1.0081,1.0085,0.50,0.50
2008.04.06 23:52:55.623,1.0081,1.0085,0.50,0.50
2008.04.06 23:52:55.889,1.0081,1.0085,0.50,0.50
2008.04.06 23:52:57.160,1.0081,1.0085,0.50,0.50
2008.04.06 23:52:57.364,1.0082,1.0086,0.50,0.50
2008.04.06 23:52:57.591,1.0082,1.0086,0.50,0.50
2008.04.06 23:52:57.877,1.0082,1.0086,0.50,0.50
2008.04.06 23:53:02.202,1.0082,1.0086,0.50,0.50
2008.04.06 23:53:02.359,1.0082,1.0087,0.50,0.50
2008.04.06 23:53:02.665,1.0082,1.0087,0.50,0.50
2008.04.06 23:53:03.099,1.0082,1.0087,0.50,0.50
2008.04.06 23:53:03.936,1.0082,1.0087,0.50,0.50
2008.04.06 23:53:04.203,1.00815,1.0087,0.80,0.50
2008.04.06 23:53:04.770,1.00815,1.0087,0.80,0.50
2008.04.06 23:53:07.014,1.00815,1.0087,0.80,0.50
2008.04.06 23:53:07.599,1.00815,1.0087,0.80,0.50
2008.04.06 23:53:08.656,1.00815,1.0087,0.80,0.50
2008.04.06 23:53:08.866,1.0082,1.0087,0.50,0.50
2008.04.06 23:53:09.237,1.0082,1.0087,0.50,0.50
2008.04.06 23:53:23.318,1.0082,1.0087,0.50,0.50
2008.04.06 23:53:24.732,1.0082,1.0087,1.20,0.50
2008.04.06 23:53:25.002,1.0082,1.0087,2.00,0.50
2008.04.06 23:53:27.857,1.0082,1.0087,2.00,0.50
2008.04.06 23:54:16.433,1.0082,1.0087,2.00,0.50
2008.04.06 23:54:16.615,1.0082,1.0086,2.00,0.50
2008.04.06 23:54:16.795,1.0082,1.0086,2.00,0.50
2008.04.06 23:54:17.001,1.0082,1.0086,2.00,0.50
2008.04.06 23:54:19.021,1.0082,1.0086,1.20,0.50
2008.04.06 23:54:19.185,1.00825,1.0086,0.80,0.50
2008.04.06 23:54:22.142,1.00825,1.0086,0.80,0.50
2008.04.06 23:54:22.311,1.00825,1.0087,0.80,0.50
2008.04.06 23:54:23.027,1.00825,1.0087,0.80,0.50
2008.04.06 23:55:14.803,1.00825,1.0087,0.80,0.50
2008.04.06 23:55:15.297,1.00825,1.0087,0.80,0.50
2008.04.06 23:55:17.363,1.00825,1.0087,0.80,0.50
2008.04.06 23:55:21.218,1.00825,1.0087,0.80,0.50
2008.04.06 23:55:29.267,1.00825,1.0087,0.80,0.50
2008.04.06 23:55:42.826,1.0083,1.0087,0.80,0.50
2008.04.06 23:55:43.029,1.0083,1.0087,1.60,0.50
2008.04.06 23:55:44.876,1.0084,1.0087,0.80,0.50
2008.04.06 23:55:45.055,1.0084,1.0087,1.60,0.50
2008.04.06 23:55:45.235,1.0084,1.0087,1.60,0.50
2008.04.06 23:55:45.683,1.0084,1.0087,1.60,0.50
2008.04.06 23:55:45.903,1.0084,1.0087,1.60,0.50
2008.04.06 23:55:46.255,1.0084,1.0087,1.60,0.50
2008.04.06 23:55:48.935,1.0084,1.0087,1.60,0.50
2008.04.06 23:55:49.161,1.0084,1.0087,1.60,0.50
2008.04.06 23:55:49.386,1.0083,1.0086,1.60,0.50
2008.04.06 23:55:49.610,1.0083,1.0086,1.60,0.50
2008.04.06 23:55:49.897,1.0083,1.0086,1.60,0.50
2008.04.06 23:55:50.192,1.0083,1.0086,1.60,0.50
2008.04.06 23:55:50.438,1.00835,1.0086,0.80,0.50
2008.04.06 23:55:51.219,1.0084,1.0086,0.80,0.50
2008.04.06 23:55:51.429,1.0084,1.0086,1.60,0.50
2008.04.06 23:55:51.724,1.0084,1.0086,1.60,0.50
2008.04.06 23:55:51.924,1.0085,1.0086,0.80,0.50
2008.04.06 23:55:52.124,1.0085,1.0086,1.60,0.50
2008.04.06 23:55:52.323,1.0085,1.0086,0.80,0.50
2008.04.06 23:55:52.523,1.0085,1.0086,0.80,0.50
2008.04.06 23:55:52.743,1.00845,1.0086,0.80,0.50
2008.04.06 23:55:52.996,1.00845,1.0087,0.80,0.50
2008.04.06 23:55:54.639,1.00845,1.0087,0.80,0.50
2008.04.06 23:55:54.849,1.00845,1.0086,0.80,0.50
2008.04.06 23:55:55.091,1.00845,1.0086,0.80,0.50
2008.04.06 23:55:55.302,1.00845,1.0086,0.80,0.50
2008.04.06 23:55:55.512,1.00845,1.0087,0.80,0.50
2008.04.06 23:55:55.875,1.00845,1.0087,0.80,0.50
2008.04.06 23:55:56.099,1.0083,1.0087,2.00,0.50
2008.04.06 23:55:56.346,1.0083,1.0086,1.60,0.50
2008.04.06 23:55:56.571,1.0083,1.0086,1.60,0.50
2008.04.06 23:55:56.795,1.0083,1.0086,0.80,0.50
2008.04.06 23:55:57.020,1.0082,1.0086,2.00,0.50
2008.04.06 23:56:03.858,1.0082,1.0086,2.00,0.50
2008.04.06 23:56:04.093,1.0082,1.0087,2.00,0.50
2008.04.06 23:56:04.330,1.0082,1.0086,2.00,0.50
2008.04.06 23:56:04.563,1.0082,1.0086,2.00,0.50
2008.04.06 23:56:04.798,1.0082,1.0086,2.00,0.50
2008.04.06 23:56:05.037,1.0082,1.0086,2.00,0.50
2008.04.06 23:56:09.264,1.0082,1.0086,2.00,0.50
2008.04.06 23:56:09.808,1.0082,1.0086,2.00,0.50
2008.04.06 23:56:10.028,1.0082,1.0086,2.00,0.50
2008.04.06 23:56:15.768,1.0082,1.0086,2.00,0.50
2008.04.06 23:56:15.998,1.0082,1.0086,2.00,0.50
2008.04.06 23:56:16.231,1.0082,1.0086,2.00,0.50
2008.04.06 23:56:18.284,1.0082,1.0086,2.00,0.50
2008.04.06 23:56:18.469,1.0082,1.0087,2.00,0.50
2008.04.06 23:56:18.655,1.0082,1.0087,2.00,2.80
2008.04.06 23:56:26.204,1.00825,1.0087,0.80,2.80
2008.04.06 23:56:26.405,1.00825,1.0087,0.80,2.80
2008.04.06 23:56:32.640,1.00825,1.0087,0.80,2.80
2008.04.06 23:56:32.764,1.00825,1.0087,0.80,2.80
2008.04.06 23:56:32.924,1.00825,1.0087,0.80,0.50
2008.04.06 23:56:33.107,1.00825,1.0089,0.80,0.70
2008.04.06 23:56:33.585,1.00825,1.0089,0.80,0.70
2008.04.06 23:56:33.889,1.00825,1.0089,0.80,0.70
2008.04.06 23:56:36.643,1.0083,1.0089,0.80,0.70
2008.04.06 23:56:36.848,1.0083,1.0089,1.60,0.70
2008.04.06 23:56:37.156,1.0083,1.0089,1.60,0.70
2008.04.06 23:56:37.374,1.0083,1.0089,2.00,0.70
2008.04.06 23:56:37.578,1.0083,1.0089,2.00,0.70
2008.04.06 23:56:37.813,1.0083,1.0089,2.00,0.70
2008.04.06 23:56:38.047,1.0083,1.0089,2.00,0.70
2008.04.06 23:56:40.893,1.0083,1.0089,2.00,0.70
2008.04.06 23:56:41.142,1.0083,1.0089,1.60,0.70
2008.04.06 23:56:41.391,1.0083,1.0087,0.80,0.50
2008.04.06 23:56:41.641,1.0082,1.0087,2.00,2.80
2008.04.06 23:56:43.218,1.0082,1.0089,2.80,0.70
2008.04.06 23:56:43.445,1.00815,1.0089,0.80,3.10
2008.04.06 23:56:44.968,1.0082,1.0089,0.80,3.10
2008.04.06 23:56:45.317,1.0082,1.0089,1.60,3.10
2008.04.06 23:56:45.494,1.0082,1.0089,4.00,0.70
2008.04.06 23:56:45.632,1.0082,1.0089,4.40,0.70
2008.04.06 23:56:46.296,1.0082,1.0089,4.40,0.70
2008.04.06 23:56:47.687,1.0082,1.0089,4.40,0.70
2008.04.06 23:56:55.107,1.0082,1.0089,4.40,0.70
2008.04.06 23:56:55.310,1.0082,1.0088,2.00,2.80
2008.04.06 23:56:55.517,1.0082,1.0088,2.00,2.80
2008.04.06 23:56:55.797,1.0082,1.0088,2.00,2.80
2008.04.06 23:56:56.322,1.0082,1.0088,2.00,2.80
2008.04.06 23:57:04.254,1.0082,1.0088,2.00,2.80
2008.04.06 23:57:04.490,1.0082,1.0088,4.40,0.50
2008.04.06 23:57:04.753,1.00825,1.0088,0.80,0.50
2008.04.06 23:57:04.924,1.00825,1.0088,0.80,0.50
2008.04.06 23:57:05.094,1.00825,1.0088,0.80,0.50
2008.04.06 23:57:07.130,1.00825,1.0088,0.80,0.50
2008.04.06 23:57:07.290,1.00825,1.0088,0.80,0.50
2008.04.06 23:57:07.451,1.00825,1.0089,0.80,0.50
2008.04.06 23:57:07.987,1.00825,1.0089,0.80,0.50
2008.04.06 23:57:19.004,1.0083,1.0089,1.60,0.50
2008.04.06 23:57:19.224,1.0083,1.0089,1.60,0.50
2008.04.06 23:57:19.492,1.00835,1.0089,0.80,0.50
2008.04.06 23:57:23.145,1.00835,1.0089,0.80,0.50
2008.04.06 23:57:23.316,1.00825,1.0089,0.80,0.50
2008.04.06 23:57:25.108,1.0083,1.0089,0.80,0.50
2008.04.06 23:57:25.280,1.0083,1.0089,1.60,0.50
2008.04.06 23:57:28.380,1.0083,1.0089,1.60,0.50
2008.04.06 23:57:28.610,1.0083,1.0088,1.60,0.50
2008.04.06 23:57:28.852,1.0083,1.0088,1.60,0.50
2008.04.06 23:57:29.308,1.0083,1.0088,1.60,0.50
2008.04.06 23:57:32.470,1.00835,1.0088,0.80,0.50
2008.04.06 23:57:32.662,1.00835,1.0088,0.80,0.50
2008.04.06 23:57:32.861,1.00835,1.0088,0.80,0.50
2008.04.06 23:57:33.052,1.00835,1.0088,0.80,0.50
2008.04.06 23:57:33.286,1.00835,1.0088,0.80,0.50
2008.04.06 23:57:33.631,1.00835,1.0088,0.80,0.50
2008.04.06 23:57:33.930,1.00835,1.0088,0.80,0.50
2008.04.06 23:57:53.032,1.00835,1.0088,0.80,0.50
2008.04.06 23:57:53.545,1.00835,1.0088,0.80,0.50
2008.04.06 23:58:00.268,1.00835,1.0088,0.80,0.50
2008.04.06 23:58:06.274,1.00835,1.0088,0.80,0.50
2008.04.06 23:58:15.058,1.00835,1.0088,0.80,0.50
2008.04.06 23:58:23.623,1.00835,1.0088,0.80,0.50
2008.04.06 23:58:35.523,1.00835,1.0088,0.80,0.50
2008.04.06 23:58:35.889,1.00835,1.0088,0.80,0.50
2008.04.06 23:58:36.104,1.00835,1.0088,0.80,0.50
2008.04.06 23:58:53.156,1.00835,1.0088,0.80,0.50
2008.04.06 23:58:53.400,1.00835,1.0087,0.80,0.50
2008.04.06 23:58:53.676,1.00835,1.0087,0.80,0.50
2008.04.06 23:58:53.920,1.00835,1.0087,0.80,0.50
2008.04.06 23:58:58.165,1.00835,1.0087,0.80,0.50
2008.04.06 23:58:58.339,1.00825,1.0087,0.80,0.50
2008.04.06 23:58:58.513,1.00825,1.0087,0.80,0.50
2008.04.06 23:58:58.757,1.00825,1.0087,0.80,0.50
2008.04.06 23:58:58.964,1.00825,1.0087,0.80,0.50
2008.04.06 23:59:02.484,1.00825,1.0087,0.80,0.50
2008.04.06 23:59:02.649,1.00835,1.0087,0.80,0.50
2008.04.06 23:59:02.813,1.00835,1.0087,0.80,0.50
2008.04.06 23:59:02.976,1.00835,1.0087,0.80,0.50
2008.04.06 23:59:03.160,1.00835,1.0087,0.80,0.50
2008.04.06 23:59:03.629,1.00835,1.0087,0.80,0.50
2008.04.06 23:59:03.868,1.00835,1.0088,0.80,0.50
2008.04.06 23:59:04.107,1.0084,1.0088,0.50,0.50
2008.04.06 23:59:04.347,1.0084,1.0088,0.50,0.50
2008.04.06 23:59:04.577,1.0084,1.0088,0.50,0.50
2008.04.06 23:59:05.075,1.0084,1.0088,0.50,0.50
2008.04.06 23:59:05.340,1.00835,1.0088,0.80,0.50
2008.04.06 23:59:06.034,1.00835,1.0088,0.80,0.50
2008.04.06 23:59:06.268,1.00835,1.0088,0.80,0.50
2008.04.06 23:59:06.503,1.0084,1.0088,1.60,0.50
2008.04.06 23:59:06.702,1.0084,1.0088,1.60,0.50
2008.04.06 23:59:06.901,1.0084,1.0088,1.60,0.50
2008.04.06 23:59:07.148,1.0084,1.0088,1.60,0.50
2008.04.06 23:59:07.347,1.0084,1.0088,1.60,0.50
2008.04.06 23:59:09.128,1.0084,1.0088,1.60,0.50
2008.04.06 23:59:09.321,1.0083,1.0087,2.00,0.50
2008.04.06 23:59:09.727,1.0083,1.0087,2.00,0.50
2008.04.06 23:59:09.957,1.0083,1.0087,2.00,0.50
2008.04.06 23:59:10.187,1.0083,1.0087,2.00,0.50
2008.04.06 23:59:10.454,1.0083,1.0087,2.00,0.50
2008.04.06 23:59:10.679,1.0083,1.0087,2.00,0.50
2008.04.06 23:59:10.904,1.00835,1.0088,0.80,3.20
2008.04.06 23:59:11.129,1.00835,1.0088,0.80,0.50
2008.04.06 23:59:11.354,1.00835,1.0088,0.80,0.50
2008.04.06 23:59:11.613,1.0084,1.0088,0.50,0.50
2008.04.06 23:59:12.107,1.0084,1.0088,0.50,0.50
2008.04.06 23:59:12.361,1.0084,1.0088,0.50,0.50
2008.04.06 23:59:12.616,1.00835,1.0088,0.80,0.50
2008.04.06 23:59:17.883,1.00835,1.0088,0.80,2.80
2008.04.06 23:59:18.158,1.00835,1.0087,0.80,0.50
2008.04.06 23:59:18.394,1.00835,1.0087,0.80,0.50
2008.04.06 23:59:18.628,1.00835,1.0087,0.80,0.50
2008.04.06 23:59:24.739,1.00845,1.0087,0.80,0.50
2008.04.06 23:59:24.942,1.00845,1.0087,0.80,0.50
2008.04.06 23:59:25.156,1.00845,1.0088,0.80,0.50
2008.04.06 23:59:25.392,1.0084,1.0088,0.50,0.50
2008.04.06 23:59:25.593,1.0084,1.0088,0.50,0.50
2008.04.06 23:59:26.339,1.0084,1.0088,0.50,0.50
2008.04.06 23:59:26.616,1.00835,1.0088,0.80,0.50
2008.04.06 23:59:34.029,1.00835,1.0088,0.80,0.50
2008.04.06 23:59:41.560,1.00835,1.0088,0.80,0.50
2008.04.06 23:59:41.773,1.00835,1.0088,0.80,0.50
2008.04.06 23:59:41.982,1.0085,1.0089,0.50,0.50
2008.04.06 23:59:42.203,1.0085,1.0089,0.50,0.50
2008.04.06 23:59:42.413,1.0085,1.0089,0.50,0.50
2008.04.06 23:59:42.660,1.0085,1.0089,0.50,0.50
2008.04.06 23:59:42.904,1.0084,1.0089,0.50,0.50
2008.04.06 23:59:43.151,1.0084,1.0089,1.20,0.50
2008.04.06 23:59:43.396,1.0084,1.0089,1.60,0.50
2008.04.06 23:59:43.662,1.0084,1.0089,2.00,0.50
2008.04.06 23:59:43.964,1.0084,1.0089,2.00,0.50
2008.04.06 23:59:44.264,1.0084,1.0089,1.60,0.50
2008.04.06 23:59:44.565,1.0084,1.0088,2.00,0.50
2008.04.06 23:59:44.834,1.0084,1.0088,1.60,0.50
2008.04.06 23:59:45.129,1.0084,1.0088,1.60,0.50
2008.04.06 23:59:45.398,1.0084,1.0088,1.60,0.50
2008.04.06 23:59:45.622,1.0084,1.0088,1.60,0.50
2008.04.06 23:59:47.989,1.0084,1.00895,1.60,0.80
2008.04.06 23:59:48.184,1.0084,1.0091,1.60,2.80
2008.04.06 23:59:48.380,1.0084,1.0092,0.80,0.70
2008.04.06 23:59:48.594,1.0084,1.0092,1.60,0.70
2008.04.06 23:59:49.864,1.0084,1.0092,1.60,0.70
2008.04.06 23:59:50.069,1.00845,1.0093,0.80,3.10
2008.04.06 23:59:50.275,1.00845,1.0093,0.80,3.10
2008.04.06 23:59:50.506,1.00845,1.0093,0.80,0.70
2008.04.06 23:59:50.787,1.00845,1.0093,0.80,1.50
2008.04.06 23:59:51.030,1.00845,1.0092,0.80,0.50
2008.04.06 23:59:51.277,1.00845,1.0089,0.80,2.40
2008.04.06 23:59:51.521,1.0084,1.0089,0.50,2.40
2008.04.06 23:59:51.746,1.0084,1.0089,0.50,2.40
2008.04.06 23:59:51.971,1.0084,1.0089,0.50,2.40
2008.04.06 23:59:52.548,1.0084,1.0089,0.50,2.80
2008.04.06 23:59:52.961,1.0084,1.0088,0.50,0.50
2008.04.06 23:59:53.379,1.0084,1.0088,1.20,0.50
2008.04.06 23:59:53.589,1.0084,1.0088,2.00,0.50
2008.04.06 23:59:56.548,1.0084,1.0088,2.00,0.50
2008.04.06 23:59:56.992,1.0084,1.0088,2.00,0.50
2008.04.06 23:59:57.187,1.0085,1.0089,0.50,2.80
2008.04.06 23:59:57.400,1.0085,1.0089,0.50,2.80
2008.04.06 23:59:57.575,1.0085,1.0089,0.50,2.80
2008.04.06 23:59:59.508,1.0085,1.0089,0.50,2.80
