2010.12.08 12:00:00.033,0.82974,0.83004,1.70,3.80
2010.12.08 12:00:01.786,0.82973,0.83002,1.50,2.30
2010.12.08 12:00:02.556,0.82974,0.83004,3.10,2.30
2010.12.08 12:00:03.489,0.82977,0.83003,2.40,1.50
2010.12.08 12:00:05.715,0.82968,0.83003,3.10,1.50
2010.12.08 12:00:06.202,0.82969,0.82999,2.30,1.50
2010.12.08 12:00:11.712,0.82976,0.83005,2.50,1.50
2010.12.08 12:00:12.522,0.82973,0.83003,2.50,1.50
2010.12.08 12:00:13.081,0.8297,0.83001,4.70,1.50
2010.12.08 12:00:13.195,0.82972,0.83003,2.50,1.50
2010.12.08 12:00:16.077,0.82976,0.83005,2.30,3.00
2010.12.08 12:00:24.168,0.82976,0.82997,1.80,2.30
2010.12.08 12:00:24.299,0.82978,0.83005,2.50,1.50
2010.12.08 12:00:25.190,0.82982,0.83008,2.60,1.50
2010.12.08 12:00:26.180,0.82982,0.8301,2.60,1.50
2010.12.08 12:00:27.072,0.82987,0.8301,1.50,1.50
2010.12.08 12:00:27.995,0.82991,0.83019,1.10,1.50
2010.12.08 12:00:28.710,0.82996,0.83023,2.30,2.30
2010.12.08 12:00:32.432,0.82996,0.83024,2.40,2.30
2010.12.08 12:00:32.661,0.82996,0.83024,2.30,3.00
2010.12.08 12:00:36.311,0.82997,0.8302,1.50,1.50
2010.12.08 12:00:37.656,0.82987,0.83016,2.30,3.00
2010.12.08 12:00:38.308,0.82986,0.83012,2.30,2.30
2010.12.08 12:00:40.221,0.82986,0.83011,1.50,1.50
2010.12.08 12:00:41.234,0.82987,0.83011,1.50,3.00
2010.12.08 12:00:42.552,0.82987,0.83012,2.30,2.30
2010.12.08 12:00:42.665,0.82987,0.83013,2.30,3.80
2010.12.08 12:00:47.271,0.82986,0.83014,2.50,1.50
2010.12.08 12:00:48.728,0.82986,0.83016,2.60,1.50
2010.12.08 12:00:48.863,0.82996,0.8302,1.50,1.50
2010.12.08 12:00:53.941,0.82996,0.83023,2.30,1.50
2010.12.08 12:00:54.054,0.82996,0.83023,2.30,1.50
2010.12.08 12:01:00.457,0.82996,0.83024,2.30,2.30
2010.12.08 12:01:00.585,0.82995,0.83023,3.20,1.50
2010.12.08 12:01:01.850,0.82998,0.83024,2.30,2.30
2010.12.08 12:01:02.694,0.82999,0.83031,4.70,1.50
2010.12.08 12:01:10.806,0.83006,0.8303,2.30,3.10
2010.12.08 12:01:11.732,0.83006,0.8303,2.30,3.00
2010.12.08 12:01:15.885,0.83006,0.83028,1.50,1.50
2010.12.08 12:01:17.211,0.82999,0.83028,2.30,1.50
2010.12.08 12:01:32.902,0.83004,0.8303,2.30,3.00
2010.12.08 12:01:41.418,0.8301,0.83031,1.50,1.50
2010.12.08 12:01:41.537,0.8301,0.83034,1.50,1.50
2010.12.08 12:01:41.656,0.83008,0.83036,1.10,1.50
2010.12.08 12:01:43.874,0.83013,0.83039,2.30,1.50
2010.12.08 12:01:43.997,0.83014,0.83039,1.50,1.50
2010.12.08 12:01:44.111,0.83017,0.83041,1.50,1.50
2010.12.08 12:01:44.841,0.83017,0.83041,2.30,1.50
2010.12.08 12:01:53.756,0.83017,0.83045,2.30,1.50
2010.12.08 12:02:00.712,0.83013,0.83043,2.30,3.60
2010.12.08 12:02:00.825,0.83012,0.83043,2.30,2.50
2010.12.08 12:02:01.052,0.83018,0.83043,1.20,2.50
2010.12.08 12:02:03.942,0.83016,0.83045,3.80,1.50
2010.12.08 12:02:04.635,0.83019,0.83045,1.50,1.50
2010.12.08 12:02:04.793,0.8302,0.83052,2.90,1.50
2010.12.08 12:02:04.915,0.83025,0.83051,2.30,1.50
2010.12.08 12:02:05.760,0.83028,0.83055,2.30,1.50
2010.12.08 12:02:06.962,0.83028,0.83055,2.30,1.70
2010.12.08 12:02:07.294,0.83027,0.83054,2.30,3.00
2010.12.08 12:02:08.064,0.83027,0.83052,1.50,1.50
2010.12.08 12:02:09.716,0.8302,0.83052,2.30,1.70
2010.12.08 12:02:12.149,0.83027,0.83052,1.50,1.50
2010.12.08 12:02:13.262,0.83019,0.83049,2.30,1.60
2010.12.08 12:02:15.093,0.83017,0.83045,2.30,1.50
2010.12.08 12:02:23.874,0.83017,0.83048,2.30,1.50
2010.12.08 12:02:24.213,0.83016,0.83042,2.30,1.50
2010.12.08 12:02:27.207,0.83019,0.83042,1.20,1.50
2010.12.08 12:02:27.327,0.83021,0.83048,1.20,1.50
2010.12.08 12:02:27.883,0.83023,0.83048,1.40,1.50
2010.12.08 12:02:28.002,0.83023,0.83051,3.70,1.50
2010.12.08 12:02:28.676,0.83027,0.83051,2.30,1.50
2010.12.08 12:02:34.693,0.83027,0.83051,2.40,1.50
2010.12.08 12:02:35.279,0.83027,0.83049,3.00,1.50
2010.12.08 12:02:43.226,0.8302,0.83044,2.30,1.50
2010.12.08 12:02:43.343,0.83017,0.83043,2.30,2.30
2010.12.08 12:02:43.574,0.83017,0.8304,1.50,1.50
2010.12.08 12:02:44.420,0.83017,0.83039,1.50,3.00
2010.12.08 12:02:45.536,0.83017,0.8304,1.50,1.50
2010.12.08 12:02:45.655,0.83017,0.83043,2.30,3.00
2010.12.08 12:02:45.882,0.83017,0.83043,2.90,1.50
2010.12.08 12:02:46.765,0.83018,0.83044,2.30,1.50
2010.12.08 12:02:47.800,0.83027,0.83046,1.50,1.50
2010.12.08 12:02:48.832,0.83026,0.83049,2.10,1.50
2010.12.08 12:02:49.656,0.83026,0.83049,2.90,1.50
2010.12.08 12:02:50.783,0.83027,0.83052,2.90,1.50
2010.12.08 12:02:51.237,0.83026,0.83051,1.40,3.00
2010.12.08 12:02:52.004,0.83029,0.83052,2.50,1.50
2010.12.08 12:02:52.341,0.83036,0.83052,1.50,1.50
2010.12.08 12:02:53.693,0.83036,0.83053,1.50,1.50
2010.12.08 12:02:58.885,0.8304,0.8306,1.70,1.50
2010.12.08 12:03:01.171,0.83047,0.8306,1.50,1.50
2010.12.08 12:03:04.975,0.83037,0.8306,2.50,1.50
2010.12.08 12:03:08.987,0.83038,0.83064,1.70,3.00
2010.12.08 12:03:09.215,0.8304,0.83064,1.40,1.50
2010.12.08 12:03:10.394,0.83047,0.83072,1.50,1.50
2010.12.08 12:03:13.741,0.83041,0.83072,2.30,1.50
2010.12.08 12:03:14.280,0.83047,0.83072,1.50,1.50
2010.12.08 12:03:16.533,0.83041,0.83072,2.30,4.40
2010.12.08 12:03:16.658,0.83041,0.83069,2.30,1.50
2010.12.08 12:03:16.994,0.83038,0.83063,2.30,1.50
2010.12.08 12:03:24.125,0.83034,0.83053,1.50,1.50
2010.12.08 12:03:24.245,0.83034,0.83059,2.30,3.00
2010.12.08 12:03:24.363,0.83034,0.83053,2.30,1.50
2010.12.08 12:03:25.032,0.83033,0.8306,2.30,2.30
2010.12.08 12:03:25.373,0.83036,0.83063,2.50,2.30
2010.12.08 12:03:27.749,0.83027,0.83056,3.80,2.30
2010.12.08 12:03:27.865,0.83027,0.83053,3.80,1.50
2010.12.08 12:03:28.202,0.83027,0.83053,2.30,2.30
2010.12.08 12:03:30.834,0.83028,0.83053,2.30,3.00
2010.12.08 12:03:31.414,0.83028,0.83053,2.30,3.00
2010.12.08 12:03:31.863,0.83027,0.83053,3.80,2.30
2010.12.08 12:03:31.985,0.83027,0.83046,2.30,1.50
2010.12.08 12:03:32.103,0.83016,0.83046,2.50,1.50
2010.12.08 12:03:32.677,0.83016,0.83045,2.50,2.30
2010.12.08 12:03:32.816,0.83017,0.83042,1.50,1.50
2010.12.08 12:03:34.012,0.83017,0.83041,1.50,1.50
2010.12.08 12:03:34.344,0.8301,0.8304,2.30,1.50
2010.12.08 12:03:35.005,0.8301,0.83036,2.30,1.50
2010.12.08 12:03:35.355,0.83016,0.83038,1.50,1.50
2010.12.08 12:03:35.472,0.83016,0.8304,1.50,1.50
2010.12.08 12:03:36.195,0.83017,0.8304,1.50,1.50
2010.12.08 12:03:39.338,0.83016,0.8304,1.50,1.50
2010.12.08 12:03:41.125,0.83008,0.8304,2.90,1.50
2010.12.08 12:03:41.242,0.83017,0.8304,1.50,1.50
2010.12.08 12:03:43.058,0.83007,0.83033,3.90,1.50
2010.12.08 12:03:44.251,0.83014,0.8304,3.00,1.50
2010.12.08 12:03:44.363,0.83017,0.8304,1.50,1.50
2010.12.08 12:03:45.023,0.83007,0.83036,2.40,1.50
2010.12.08 12:03:45.145,0.83017,0.83036,1.50,1.50
2010.12.08 12:03:47.992,0.83007,0.83033,2.30,1.50
2010.12.08 12:03:48.657,0.83006,0.83031,2.70,1.50
2010.12.08 12:03:49.885,0.82998,0.83025,2.40,1.50
2010.12.08 12:03:50.437,0.83007,0.83025,1.50,1.50
2010.12.08 12:03:50.881,0.83,0.83025,2.30,1.50
2010.12.08 12:03:54.324,0.83003,0.83025,1.50,1.50
2010.12.08 12:03:55.155,0.83007,0.83025,1.50,1.50
2010.12.08 12:03:56.100,0.83001,0.83025,2.30,1.50
2010.12.08 12:03:56.227,0.83006,0.83025,1.50,1.50
2010.12.08 12:03:58.751,0.83006,0.8303,1.50,1.50
2010.12.08 12:03:59.686,0.83007,0.8303,1.50,1.50
2010.12.08 12:04:00.027,0.83007,0.83032,1.50,1.50
2010.12.08 12:04:00.142,0.83006,0.83034,2.40,1.50
2010.12.08 12:04:00.703,0.83006,0.83035,2.40,1.50
2010.12.08 12:04:00.865,0.83007,0.83037,1.10,1.50
2010.12.08 12:04:01.094,0.83008,0.8304,1.10,1.50
2010.12.08 12:04:07.175,0.83007,0.83037,2.40,1.50
2010.12.08 12:04:08.832,0.83012,0.8304,2.30,1.50
2010.12.08 12:04:08.947,0.83017,0.83039,2.30,1.50
2010.12.08 12:04:09.711,0.83017,0.83042,2.30,1.50
2010.12.08 12:04:11.020,0.83016,0.8304,3.80,1.50
2010.12.08 12:04:11.243,0.83009,0.83039,2.30,1.50
2010.12.08 12:04:11.364,0.83009,0.83038,2.30,1.50
2010.12.08 12:04:15.972,0.8301,0.83038,2.30,1.50
2010.12.08 12:04:16.193,0.83014,0.83038,1.50,1.50
2010.12.08 12:04:16.755,0.83017,0.83038,1.50,1.50
2010.12.08 12:04:17.592,0.83017,0.83038,1.50,1.50
2010.12.08 12:04:17.703,0.83013,0.83041,1.50,1.50
2010.12.08 12:04:18.667,0.83013,0.83041,1.50,1.50
2010.12.08 12:04:20.163,0.8301,0.83041,2.50,1.50
2010.12.08 12:04:20.273,0.8301,0.83041,2.30,2.50
2010.12.08 12:04:21.332,0.83015,0.83044,2.40,2.50
2010.12.08 12:04:22.596,0.83013,0.83043,2.30,1.70
2010.12.08 12:04:22.716,0.83013,0.83042,2.30,1.50
2010.12.08 12:04:23.529,0.83013,0.83044,2.40,3.20
2010.12.08 12:04:23.646,0.83023,0.8305,1.50,1.50
2010.12.08 12:04:23.982,0.83023,0.83049,2.30,1.50
2010.12.08 12:04:25.465,0.8302,0.83049,2.30,1.50
2010.12.08 12:04:27.236,0.8302,0.83046,2.30,1.50
2010.12.08 12:04:28.637,0.83026,0.83052,2.40,1.50
2010.12.08 12:04:29.346,0.83027,0.83052,1.50,1.50
2010.12.08 12:04:29.885,0.83028,0.83053,2.40,2.30
2010.12.08 12:04:30.234,0.83029,0.83055,2.30,1.50
2010.12.08 12:04:30.974,0.83025,0.8305,2.30,2.30
2010.12.08 12:04:31.096,0.83025,0.83053,2.30,3.00
2010.12.08 12:04:31.867,0.83018,0.8305,2.30,1.70
2010.12.08 12:04:32.730,0.8302,0.8305,2.30,1.70
2010.12.08 12:04:32.850,0.8302,0.83047,2.30,1.50
2010.12.08 12:04:32.966,0.8302,0.83047,2.70,1.50
2010.12.08 12:04:33.702,0.83024,0.83049,1.50,1.50
2010.12.08 12:04:33.876,0.83029,0.83056,1.50,1.50
2010.12.08 12:04:34.446,0.83029,0.83053,1.50,1.50
2010.12.08 12:04:34.794,0.83027,0.83054,4.50,1.50
2010.12.08 12:04:35.699,0.83027,0.83054,3.00,3.00
2010.12.08 12:04:35.842,0.83019,0.83049,2.30,1.50
2010.12.08 12:04:36.569,0.83018,0.83044,2.40,2.30
2010.12.08 12:04:36.688,0.83018,0.83044,2.30,2.30
2010.12.08 12:04:43.870,0.8302,0.83044,2.30,1.50
2010.12.08 12:04:44.372,0.83023,0.83044,1.50,1.50
2010.12.08 12:04:48.576,0.83021,0.83044,2.30,1.50
2010.12.08 12:04:51.575,0.83022,0.83044,1.50,1.50
2010.12.08 12:04:51.695,0.83022,0.83044,2.50,1.50
2010.12.08 12:04:51.819,0.83027,0.8305,4.00,1.50
2010.12.08 12:04:52.312,0.83027,0.83052,4.00,1.50
2010.12.08 12:04:52.452,0.83029,0.83053,2.30,1.50
2010.12.08 12:04:53.659,0.83027,0.83052,3.80,1.50
2010.12.08 12:04:53.886,0.83019,0.83049,2.30,2.50
2010.12.08 12:04:54.782,0.83018,0.83044,4.50,1.50
2010.12.08 12:04:57.382,0.83023,0.83049,2.30,1.50
2010.12.08 12:04:58.115,0.83028,0.83052,2.30,1.50
2010.12.08 12:05:00.029,0.83027,0.83052,1.50,1.50
2010.12.08 12:05:01.357,0.83026,0.83049,1.50,1.50
2010.12.08 12:05:04.531,0.83027,0.83049,5.30,1.50
2010.12.08 12:05:05.333,0.83028,0.83049,1.50,1.50
2010.12.08 12:05:05.495,0.83025,0.83049,1.50,1.50
2010.12.08 12:05:05.615,0.83023,0.83049,2.30,1.50
2010.12.08 12:05:06.333,0.83016,0.83039,3.00,1.50
2010.12.08 12:05:07.347,0.83013,0.83039,2.30,1.50
2010.12.08 12:05:11.378,0.83016,0.83039,1.50,1.50
2010.12.08 12:05:11.498,0.83016,0.83043,2.30,3.00
2010.12.08 12:05:11.943,0.83016,0.83043,1.40,1.50
2010.12.08 12:05:14.082,0.83014,0.83043,2.30,3.00
2010.12.08 12:05:18.708,0.83017,0.8304,1.50,1.50
2010.12.08 12:05:22.835,0.83019,0.83046,4.00,1.50
2010.12.08 12:05:22.951,0.83019,0.83046,4.70,1.50
2010.12.08 12:05:25.366,0.83022,0.83046,1.50,1.50
2010.12.08 12:05:26.771,0.83022,0.83048,2.50,1.50
2010.12.08 12:05:32.091,0.83024,0.83049,1.50,1.50
2010.12.08 12:05:33.049,0.83024,0.83049,1.50,1.50
2010.12.08 12:05:33.566,0.83023,0.83049,1.10,1.50
2010.12.08 12:05:39.311,0.83025,0.83049,1.50,1.50
2010.12.08 12:05:42.547,0.83025,0.83049,1.50,1.50
2010.12.08 12:05:43.931,0.83027,0.83049,1.50,1.50
2010.12.08 12:05:46.919,0.83026,0.83049,1.90,1.50
2010.12.08 12:05:47.762,0.83034,0.83061,2.30,1.50
2010.12.08 12:05:49.138,0.83034,0.83059,2.30,1.50
2010.12.08 12:05:52.167,0.8303,0.83059,3.20,1.50
2010.12.08 12:05:52.395,0.83034,0.83059,1.50,1.50
2010.12.08 12:05:58.078,0.83036,0.83061,1.50,1.50
2010.12.08 12:05:58.412,0.83036,0.83062,2.30,1.50
2010.12.08 12:06:00.756,0.83038,0.83065,1.40,1.50
2010.12.08 12:06:00.876,0.83042,0.83066,1.10,1.50
2010.12.08 12:06:01.460,0.8304,0.83072,2.30,2.20
2010.12.08 12:06:06.562,0.83037,0.83066,2.50,1.50
2010.12.08 12:06:06.681,0.83037,0.83063,1.20,1.50
2010.12.08 12:06:10.931,0.83035,0.83059,2.30,1.50
2010.12.08 12:06:11.931,0.83036,0.83063,4.00,1.50
2010.12.08 12:06:12.060,0.83041,0.83063,1.50,1.50
2010.12.08 12:06:12.822,0.83041,0.83064,1.50,1.50
2010.12.08 12:06:13.966,0.83042,0.83065,1.70,1.50
2010.12.08 12:06:14.085,0.83044,0.83071,2.30,1.50
2010.12.08 12:06:16.105,0.83043,0.83071,2.30,1.70
2010.12.08 12:06:16.259,0.83039,0.83067,2.30,1.50
2010.12.08 12:06:19.337,0.83036,0.83064,2.30,1.50
2010.12.08 12:06:20.630,0.83036,0.83064,2.30,1.50
2010.12.08 12:06:23.544,0.83036,0.83061,2.40,1.50
2010.12.08 12:06:24.622,0.83038,0.83061,1.50,1.50
2010.12.08 12:06:25.673,0.83037,0.83061,2.40,1.50
2010.12.08 12:06:26.758,0.83039,0.83063,2.30,2.30
2010.12.08 12:06:26.983,0.8304,0.83063,1.40,2.30
2010.12.08 12:06:27.770,0.83047,0.83076,2.30,1.50
2010.12.08 12:06:29.477,0.83051,0.83076,1.50,1.50
2010.12.08 12:06:30.264,0.83052,0.83076,1.50,1.50
2010.12.08 12:06:30.383,0.83052,0.83077,1.50,1.50
2010.12.08 12:06:30.730,0.83056,0.83077,1.50,1.50
2010.12.08 12:06:31.332,0.83055,0.83078,2.30,1.50
2010.12.08 12:06:32.638,0.83055,0.83078,3.80,1.50
2010.12.08 12:06:32.762,0.83058,0.83078,1.50,1.50
2010.12.08 12:06:34.191,0.83056,0.83081,1.50,1.50
2010.12.08 12:06:35.563,0.83057,0.83081,1.50,1.50
2010.12.08 12:06:36.113,0.83056,0.83081,1.50,3.00
2010.12.08 12:06:36.835,0.83056,0.83081,1.70,3.00
2010.12.08 12:06:38.511,0.83052,0.83076,2.30,1.50
2010.12.08 12:06:39.875,0.83052,0.83076,2.40,1.50
2010.12.08 12:06:40.791,0.83051,0.83076,2.40,1.50
2010.12.08 12:06:42.565,0.83051,0.83076,2.30,1.50
2010.12.08 12:06:43.356,0.83051,0.83076,2.40,1.50
2010.12.08 12:06:44.286,0.8305,0.83076,2.30,1.50
2010.12.08 12:06:46.053,0.83051,0.83076,2.40,1.50
2010.12.08 12:06:46.624,0.83052,0.83076,2.30,1.50
2010.12.08 12:06:47.350,0.83055,0.83076,2.30,1.50
2010.12.08 12:06:50.668,0.8305,0.83076,2.30,1.50
2010.12.08 12:06:51.073,0.83051,0.83076,1.40,1.50
2010.12.08 12:06:51.871,0.83056,0.83078,1.70,1.50
2010.12.08 12:06:51.990,0.83056,0.83078,1.50,1.50
2010.12.08 12:06:55.037,0.83056,0.83078,1.50,1.50
2010.12.08 12:06:55.152,0.83056,0.83078,1.70,1.50
2010.12.08 12:06:55.824,0.83056,0.83078,1.50,1.50
2010.12.08 12:06:57.441,0.83057,0.83074,1.50,1.50
2010.12.08 12:06:57.572,0.83052,0.83074,1.50,1.50
2010.12.08 12:06:59.565,0.83052,0.83074,1.50,1.50
2010.12.08 12:07:00.413,0.83053,0.83074,1.50,1.50
2010.12.08 12:07:02.342,0.83051,0.83074,1.50,1.50
2010.12.08 12:07:04.946,0.8305,0.83074,2.30,1.50
2010.12.08 12:07:05.605,0.83048,0.83071,1.50,1.50
2010.12.08 12:07:06.278,0.83048,0.83071,1.70,1.50
2010.12.08 12:07:06.392,0.83048,0.83071,1.60,1.50
2010.12.08 12:07:08.411,0.83047,0.83068,1.50,1.50
2010.12.08 12:07:09.904,0.8304,0.83064,1.50,1.50
2010.12.08 12:07:10.136,0.83042,0.83064,1.50,1.50
2010.12.08 12:07:10.260,0.83042,0.83066,2.50,1.50
2010.12.08 12:07:10.868,0.83042,0.83071,2.50,1.50
2010.12.08 12:07:15.290,0.83042,0.83067,2.30,1.50
2010.12.08 12:07:16.177,0.83041,0.83071,2.30,1.50
2010.12.08 12:07:17.997,0.83042,0.83071,2.40,1.50
2010.12.08 12:07:19.725,0.83043,0.83067,2.30,1.50
2010.12.08 12:07:21.003,0.83045,0.83068,2.30,2.30
2010.12.08 12:07:21.332,0.83045,0.83068,1.50,1.50
2010.12.08 12:07:23.209,0.83046,0.83068,1.50,1.50
2010.12.08 12:07:23.360,0.83047,0.83071,2.30,1.50
2010.12.08 12:07:24.467,0.83047,0.83071,2.90,1.50
2010.12.08 12:07:24.815,0.83048,0.83071,2.30,1.50
2010.12.08 12:07:26.602,0.83048,0.83071,1.50,1.50
2010.12.08 12:07:26.723,0.8305,0.83074,2.30,1.50
2010.12.08 12:07:27.220,0.8305,0.83074,2.30,1.50
2010.12.08 12:07:28.111,0.83047,0.83073,1.50,1.50
2010.12.08 12:07:28.232,0.83047,0.83072,1.50,1.50
2010.12.08 12:07:30.024,0.83047,0.83072,1.70,1.50
2010.12.08 12:07:31.058,0.83052,0.83074,2.40,1.50
2010.12.08 12:07:32.502,0.83052,0.83074,2.30,1.50
2010.12.08 12:07:35.217,0.83049,0.83074,2.30,1.50
2010.12.08 12:07:37.194,0.83042,0.83071,2.30,1.90
2010.12.08 12:07:38.383,0.83041,0.83066,2.30,2.30
2010.12.08 12:07:38.601,0.83041,0.83066,2.30,3.00
2010.12.08 12:07:38.712,0.83042,0.83064,2.30,1.50
2010.12.08 12:07:39.516,0.83041,0.83063,1.50,1.50
2010.12.08 12:07:41.669,0.8304,0.83061,1.50,1.70
2010.12.08 12:07:42.333,0.83029,0.83054,2.50,2.30
2010.12.08 12:07:42.463,0.83029,0.83057,2.50,1.50
2010.12.08 12:07:42.573,0.83028,0.83055,2.50,1.50
2010.12.08 12:07:43.928,0.8302,0.83049,2.30,1.50
2010.12.08 12:07:45.768,0.83022,0.83049,1.10,1.50
2010.12.08 12:07:55.480,0.83031,0.83052,1.60,1.50
2010.12.08 12:07:56.542,0.83028,0.83052,1.30,1.50
2010.12.08 12:07:58.450,0.83029,0.83059,2.90,1.50
2010.12.08 12:07:58.565,0.83038,0.83061,1.50,1.50
2010.12.08 12:07:58.685,0.83038,0.83061,1.50,1.50
2010.12.08 12:07:59.454,0.83044,0.8307,1.20,3.00
2010.12.08 12:07:59.600,0.83044,0.8307,3.00,1.50
2010.12.08 12:08:02.023,0.83044,0.83071,2.50,1.50
2010.12.08 12:08:20.327,0.83055,0.83071,2.30,1.50
2010.12.08 12:08:20.554,0.83055,0.83073,1.50,3.00
2010.12.08 12:08:20.673,0.83045,0.83073,2.30,3.00
2010.12.08 12:08:25.981,0.83047,0.8307,1.50,1.50
2010.12.08 12:08:26.653,0.83041,0.8307,2.40,1.50
2010.12.08 12:08:37.666,0.83047,0.83073,3.90,1.50
2010.12.08 12:08:41.542,0.83049,0.83073,2.40,1.50
2010.12.08 12:08:42.714,0.8305,0.83073,1.50,1.50
2010.12.08 12:08:49.424,0.83043,0.8307,4.50,1.50
2010.12.08 12:08:54.632,0.83043,0.83069,4.50,1.20
2010.12.08 12:08:54.749,0.83043,0.83068,3.00,1.40
2010.12.08 12:08:54.867,0.83038,0.83063,2.30,2.30
2010.12.08 12:08:55.420,0.83037,0.83067,2.50,2.30
2010.12.08 12:09:11.114,0.83039,0.83064,2.30,2.30
2010.12.08 12:09:11.237,0.83042,0.83068,3.00,1.90
2010.12.08 12:09:11.360,0.83044,0.83068,1.50,1.50
2010.12.08 12:09:11.848,0.83044,0.83069,1.50,1.50
2010.12.08 12:09:13.252,0.83037,0.83067,3.90,1.50
2010.12.08 12:09:14.984,0.83037,0.83063,1.30,1.50
2010.12.08 12:09:15.133,0.83037,0.83067,2.80,1.50
2010.12.08 12:09:21.347,0.8304,0.83064,2.30,2.30
2010.12.08 12:09:21.579,0.83042,0.83064,2.30,1.50
2010.12.08 12:09:21.692,0.8304,0.83065,1.50,1.50
2010.12.08 12:09:21.803,0.83038,0.83065,2.40,1.50
2010.12.08 12:09:25.871,0.83037,0.83065,1.30,1.50
2010.12.08 12:09:26.768,0.83041,0.83067,1.20,1.50
2010.12.08 12:09:27.052,0.83048,0.83075,1.20,1.50
2010.12.08 12:09:27.493,0.83048,0.83075,1.20,1.50
2010.12.08 12:09:28.259,0.83051,0.83075,3.10,1.50
2010.12.08 12:09:45.355,0.83046,0.83075,2.30,3.00
2010.12.08 12:09:45.582,0.83046,0.83073,2.30,1.50
2010.12.08 12:09:56.452,0.83047,0.83073,2.40,1.50
2010.12.08 12:09:56.785,0.83047,0.83073,2.40,1.50
2010.12.08 12:10:07.530,0.83051,0.83073,2.50,1.50
2010.12.08 12:10:07.756,0.83051,0.83077,3.70,1.50
2010.12.08 12:10:07.879,0.83052,0.83077,2.60,1.50
2010.12.08 12:10:08.601,0.83052,0.8308,3.30,1.50
2010.12.08 12:10:11.624,0.83054,0.8308,1.10,1.50
2010.12.08 12:10:22.744,0.83057,0.8308,1.70,1.50
2010.12.08 12:10:23.375,0.83057,0.83082,2.40,1.50
2010.12.08 12:10:31.107,0.83056,0.83083,1.30,1.50
2010.12.08 12:10:31.663,0.83057,0.83087,2.60,1.50
2010.12.08 12:10:33.453,0.83057,0.83087,2.60,1.50
2010.12.08 12:10:34.955,0.83057,0.83087,2.60,1.50
2010.12.08 12:10:37.355,0.83057,0.83087,4.10,1.50
2010.12.08 12:10:38.615,0.83057,0.83087,2.60,1.50
2010.12.08 12:10:45.503,0.83057,0.83084,2.30,1.20
2010.12.08 12:10:45.727,0.83057,0.83083,2.40,1.50
2010.12.08 12:10:45.844,0.83057,0.83086,3.90,1.50
2010.12.08 12:10:46.292,0.83059,0.8309,3.20,3.00
2010.12.08 12:10:48.062,0.8306,0.83089,1.40,1.50
2010.12.08 12:10:49.349,0.83068,0.83097,1.40,2.30
2010.12.08 12:10:51.533,0.83069,0.831,2.70,3.00
2010.12.08 12:10:52.861,0.83067,0.83099,2.40,2.30
2010.12.08 12:10:52.978,0.83067,0.83096,2.40,1.50
2010.12.08 12:10:53.670,0.83067,0.83092,2.30,1.50
2010.12.08 12:11:02.492,0.8306,0.83091,2.30,2.70
2010.12.08 12:11:02.717,0.83057,0.83089,2.30,1.20
2010.12.08 12:11:02.834,0.83057,0.83088,2.40,1.50
2010.12.08 12:11:08.356,0.83057,0.83086,2.40,1.20
2010.12.08 12:11:08.996,0.83057,0.83072,1.50,2.30
2010.12.08 12:11:09.163,0.83054,0.83078,1.50,1.50
2010.12.08 12:11:12.532,0.83049,0.83078,11.30,1.50
2010.12.08 12:11:15.225,0.83052,0.83077,1.70,1.50
2010.12.08 12:11:15.458,0.83052,0.8308,1.70,1.50
2010.12.08 12:11:15.686,0.83048,0.83079,3.70,1.50
2010.12.08 12:11:19.092,0.83048,0.83077,2.30,1.50
2010.12.08 12:11:19.202,0.83048,0.83077,2.40,1.50
2010.12.08 12:11:21.544,0.83049,0.83074,1.10,1.50
2010.12.08 12:11:21.774,0.83049,0.83076,1.10,1.50
2010.12.08 12:11:21.892,0.83049,0.83073,2.50,1.50
2010.12.08 12:11:22.434,0.83049,0.83073,2.50,1.50
2010.12.08 12:11:22.555,0.83049,0.83077,2.50,1.50
2010.12.08 12:11:31.867,0.8305,0.83077,2.40,1.50
2010.12.08 12:11:32.282,0.8305,0.83077,2.40,1.50
2010.12.08 12:11:34.631,0.8305,0.83077,2.40,1.50
2010.12.08 12:11:37.411,0.83052,0.8308,4.70,1.50
2010.12.08 12:11:39.253,0.83052,0.8308,2.50,1.50
2010.12.08 12:11:39.754,0.83052,0.8308,4.70,1.50
2010.12.08 12:11:45.775,0.83064,0.83089,2.30,1.50
2010.12.08 12:11:48.804,0.83057,0.83086,3.90,1.50
2010.12.08 12:11:49.340,0.83054,0.83083,4.70,2.30
2010.12.08 12:11:50.069,0.83054,0.83083,2.40,2.30
2010.12.08 12:11:50.714,0.83054,0.83083,4.70,2.30
2010.12.08 12:11:52.530,0.83059,0.83086,2.40,1.50
2010.12.08 12:11:52.754,0.83059,0.83087,2.40,1.50
2010.12.08 12:11:53.383,0.83059,0.83088,2.40,1.50
2010.12.08 12:11:53.802,0.83059,0.83088,4.70,1.50
2010.12.08 12:11:54.476,0.83059,0.83088,2.40,1.50
2010.12.08 12:11:54.923,0.83059,0.83088,4.70,1.50
2010.12.08 12:11:55.694,0.83062,0.83088,2.50,1.50
2010.12.08 12:11:55.883,0.83073,0.83094,1.50,3.00
2010.12.08 12:11:56.440,0.83073,0.83098,3.00,1.50
2010.12.08 12:11:56.605,0.83074,0.83102,2.30,1.50
2010.12.08 12:11:57.356,0.83076,0.83103,3.00,2.30
2010.12.08 12:11:57.480,0.83077,0.83106,2.40,2.30
2010.12.08 12:11:57.932,0.8308,0.83107,2.30,1.50
2010.12.08 12:12:06.593,0.83077,0.83105,3.80,2.30
2010.12.08 12:12:06.711,0.83077,0.83108,3.90,3.00
2010.12.08 12:12:08.223,0.83077,0.83103,3.80,1.50
2010.12.08 12:12:08.663,0.83081,0.83106,1.70,1.50
2010.12.08 12:12:10.125,0.83081,0.83106,4.40,1.50
2010.12.08 12:12:10.244,0.83084,0.83106,1.50,1.50
2010.12.08 12:12:10.784,0.83087,0.8311,1.50,1.50
2010.12.08 12:12:13.349,0.83086,0.83109,2.30,2.30
2010.12.08 12:12:24.342,0.83081,0.83109,2.30,2.50
2010.12.08 12:12:24.454,0.8308,0.83106,3.00,1.50
2010.12.08 12:12:31.235,0.83081,0.83106,2.30,1.50
2010.12.08 12:12:31.357,0.83083,0.83106,1.50,1.50
2010.12.08 12:12:31.473,0.83081,0.83106,2.30,1.50
2010.12.08 12:12:33.548,0.83084,0.83109,2.30,1.50
2010.12.08 12:12:36.512,0.83081,0.83106,4.50,1.50
2010.12.08 12:12:42.121,0.83077,0.83103,2.30,6.00
2010.12.08 12:12:42.736,0.83078,0.83105,2.30,1.50
2010.12.08 12:12:45.004,0.83077,0.83104,3.90,1.50
2010.12.08 12:12:47.584,0.83076,0.83101,4.50,1.50
2010.12.08 12:12:48.275,0.83083,0.8311,2.50,2.30
2010.12.08 12:12:51.258,0.83087,0.83113,1.10,1.50
2010.12.08 12:12:51.379,0.83089,0.83117,2.30,1.50
2010.12.08 12:12:53.636,0.83091,0.8312,2.30,3.00
2010.12.08 12:12:53.752,0.83091,0.83119,2.30,1.50
2010.12.08 12:12:54.831,0.83093,0.8312,2.30,4.50
2010.12.08 12:12:58.112,0.83091,0.83119,2.30,2.30
2010.12.08 12:12:59.172,0.83091,0.83117,2.30,1.50
2010.12.08 12:13:02.352,0.83092,0.83119,2.30,2.30
2010.12.08 12:13:03.264,0.83086,0.83116,2.30,3.20
2010.12.08 12:13:03.375,0.83086,0.83114,2.30,1.50
2010.12.08 12:13:05.619,0.83089,0.83108,2.30,1.50
2010.12.08 12:13:05.735,0.83089,0.83113,2.30,1.50
2010.12.08 12:13:05.856,0.83082,0.83112,2.40,2.30
2010.12.08 12:13:07.213,0.83083,0.83113,2.40,3.00
2010.12.08 12:13:07.338,0.83083,0.83113,2.40,1.50
2010.12.08 12:13:07.453,0.83083,0.83113,2.40,1.50
2010.12.08 12:13:07.675,0.83086,0.83113,1.10,1.50
2010.12.08 12:13:08.419,0.83086,0.83114,2.30,3.00
2010.12.08 12:13:10.422,0.8309,0.83114,2.30,2.30
2010.12.08 12:13:13.194,0.8309,0.83114,2.30,2.30
2010.12.08 12:13:13.830,0.8309,0.83116,4.50,3.00
2010.12.08 12:13:21.488,0.8309,0.83115,2.30,3.20
2010.12.08 12:13:21.718,0.83083,0.8311,1.50,3.00
2010.12.08 12:13:22.506,0.83081,0.83109,2.30,3.00
2010.12.08 12:13:23.864,0.83081,0.83109,2.30,2.30
2010.12.08 12:13:23.991,0.83083,0.83111,2.40,1.50
2010.12.08 12:13:25.374,0.83086,0.83113,2.50,2.30
2010.12.08 12:13:25.604,0.83083,0.8311,2.30,3.80
2010.12.08 12:13:26.109,0.83083,0.8311,2.30,4.50
2010.12.08 12:13:27.735,0.83086,0.8311,3.00,3.80
2010.12.08 12:13:27.979,0.83085,0.83115,2.30,2.30
2010.12.08 12:13:28.575,0.83088,0.83113,1.10,1.50
2010.12.08 12:13:28.912,0.83089,0.83113,2.30,1.50
2010.12.08 12:13:29.646,0.83077,0.83108,3.90,3.40
2010.12.08 12:13:29.769,0.83079,0.83108,2.40,3.40
2010.12.08 12:13:30.319,0.83079,0.83108,4.70,1.20
2010.12.08 12:13:31.421,0.83083,0.83108,2.30,2.30
2010.12.08 12:13:31.571,0.83081,0.83108,2.30,5.50
2010.12.08 12:13:32.343,0.83077,0.83108,4.70,5.50
2010.12.08 12:13:32.695,0.83077,0.83108,2.40,5.50
2010.12.08 12:13:33.276,0.83074,0.83103,2.40,2.30
2010.12.08 12:13:33.613,0.8308,0.83107,2.30,3.00
2010.12.08 12:13:34.455,0.8308,0.83107,2.40,1.50
2010.12.08 12:13:35.173,0.83075,0.83101,2.40,3.00
2010.12.08 12:13:36.627,0.83083,0.83101,2.30,1.50
2010.12.08 12:13:36.758,0.83083,0.83113,3.70,2.30
2010.12.08 12:13:37.980,0.83085,0.83112,3.20,1.20
2010.12.08 12:13:38.208,0.83082,0.83111,2.60,1.20
2010.12.08 12:13:38.323,0.83083,0.83111,4.50,1.90
2010.12.08 12:13:38.985,0.83079,0.83107,2.30,1.50
2010.12.08 12:13:39.655,0.83073,0.83104,2.40,1.50
2010.12.08 12:13:40.226,0.83076,0.83103,2.40,1.50
2010.12.08 12:13:40.350,0.83071,0.83099,2.30,1.50
2010.12.08 12:13:41.824,0.83077,0.83099,2.60,1.50
2010.12.08 12:13:42.421,0.83077,0.83105,3.80,1.50
2010.12.08 12:13:51.774,0.83078,0.83107,2.30,1.50
2010.12.08 12:13:51.894,0.83078,0.83108,2.30,1.50
2010.12.08 12:13:56.173,0.83076,0.83103,3.60,1.50
2010.12.08 12:13:57.996,0.83075,0.83103,4.50,2.30
2010.12.08 12:13:58.551,0.83075,0.83102,4.50,1.50
2010.12.08 12:14:13.418,0.83076,0.83103,2.30,3.00
2010.12.08 12:14:18.235,0.83075,0.83101,3.10,1.50
2010.12.08 12:14:18.467,0.83075,0.83101,3.00,2.30
2010.12.08 12:14:22.251,0.83068,0.83101,2.50,1.50
2010.12.08 12:14:22.784,0.83071,0.83099,2.30,1.50
2010.12.08 12:14:28.506,0.83072,0.83103,1.50,2.30
2010.12.08 12:14:32.763,0.83078,0.83105,2.40,1.50
2010.12.08 12:14:32.872,0.8308,0.83107,2.30,1.50
2010.12.08 12:14:39.288,0.8308,0.83107,2.40,1.50
2010.12.08 12:14:39.946,0.83077,0.83107,6.30,1.50
2010.12.08 12:14:41.553,0.83078,0.83107,1.10,1.50
2010.12.08 12:14:41.663,0.83079,0.83111,2.30,1.50
2010.12.08 12:14:49.263,0.83087,0.83111,1.50,1.50
2010.12.08 12:14:49.813,0.83087,0.83113,2.30,2.50
2010.12.08 12:14:50.587,0.83087,0.83114,2.60,3.00
2010.12.08 12:14:51.179,0.83087,0.83114,2.40,1.50
2010.12.08 12:14:51.302,0.83086,0.83114,2.40,1.50
2010.12.08 12:14:54.097,0.83086,0.83112,2.30,2.30
2010.12.08 12:15:03.544,0.83087,0.83111,1.50,1.50
2010.12.08 12:15:11.504,0.83086,0.83111,1.50,1.50
2010.12.08 12:15:21.280,0.83081,0.83111,1.70,3.00
2010.12.08 12:15:22.604,0.83079,0.83111,5.10,1.50
2010.12.08 12:15:23.290,0.83086,0.83111,2.30,3.00
2010.12.08 12:15:23.480,0.83077,0.83102,2.40,3.00
2010.12.08 12:15:23.599,0.83079,0.83106,2.30,3.00
2010.12.08 12:15:24.203,0.83076,0.83101,2.30,1.50
2010.12.08 12:15:30.115,0.83079,0.83105,3.00,1.50
2010.12.08 12:15:33.033,0.83079,0.83104,3.10,2.30
2010.12.08 12:15:33.191,0.83079,0.83104,3.00,2.30
2010.12.08 12:15:36.991,0.83079,0.83103,3.20,2.30
2010.12.08 12:15:37.753,0.83084,0.83103,1.70,1.50
2010.12.08 12:15:37.885,0.83083,0.83104,2.30,1.50
2010.12.08 12:15:39.213,0.83084,0.83114,2.50,3.00
2010.12.08 12:15:43.386,0.83078,0.83106,1.10,1.50
2010.12.08 12:15:44.587,0.83077,0.83106,2.30,1.50
2010.12.08 12:15:48.542,0.83076,0.83104,2.40,2.30
2010.12.08 12:15:57.254,0.83078,0.83104,1.10,2.30
2010.12.08 12:15:58.934,0.83079,0.83104,2.30,2.30
2010.12.08 12:15:59.166,0.83076,0.83103,2.30,1.50
2010.12.08 12:16:05.334,0.83081,0.83106,2.30,1.50
2010.12.08 12:16:08.273,0.8308,0.8311,2.30,1.50
2010.12.08 12:16:08.494,0.83076,0.83104,4.70,1.50
2010.12.08 12:16:08.745,0.83076,0.8311,6.20,1.50
2010.12.08 12:16:08.973,0.83076,0.83104,6.00,1.50
2010.12.08 12:16:10.455,0.83082,0.8311,2.30,1.50
2010.12.08 12:16:10.804,0.83082,0.83103,2.30,1.50
2010.12.08 12:16:11.261,0.83082,0.8311,2.30,1.50
2010.12.08 12:16:11.817,0.83086,0.83113,3.00,3.00
2010.12.08 12:16:11.948,0.83086,0.83113,3.00,3.00
2010.12.08 12:16:14.058,0.83088,0.83118,2.50,1.50
2010.12.08 12:16:16.357,0.83094,0.83121,4.50,1.50
2010.12.08 12:16:22.282,0.83089,0.83114,2.30,2.30
2010.12.08 12:16:23.752,0.83089,0.83113,2.30,2.30
2010.12.08 12:16:24.841,0.83089,0.83116,2.30,2.30
2010.12.08 12:16:26.576,0.83088,0.83113,2.40,1.50
2010.12.08 12:16:27.025,0.83087,0.83113,2.30,2.30
2010.12.08 12:16:27.663,0.83087,0.8311,1.50,1.50
2010.12.08 12:16:28.539,0.83087,0.83107,1.50,2.30
2010.12.08 12:16:28.657,0.83078,0.83107,2.30,2.30
2010.12.08 12:16:45.418,0.83078,0.83107,2.40,2.30
2010.12.08 12:16:51.662,0.83079,0.83108,2.40,3.00
2010.12.08 12:16:55.425,0.83079,0.83108,2.30,3.00
2010.12.08 12:17:06.157,0.83077,0.83106,2.50,2.30
2010.12.08 12:17:07.766,0.83077,0.83104,4.00,1.50
2010.12.08 12:17:09.524,0.83078,0.83107,2.30,2.30
2010.12.08 12:17:10.206,0.8308,0.8311,2.50,1.50
2010.12.08 12:17:12.896,0.8308,0.83111,3.00,1.50
2010.12.08 12:17:13.013,0.8308,0.83113,2.60,5.30
2010.12.08 12:17:19.567,0.83082,0.83113,4.70,6.80
2010.12.08 12:17:20.358,0.83082,0.83103,1.60,1.50
2010.12.08 12:17:20.705,0.83077,0.83103,2.40,1.50
2010.12.08 12:17:21.693,0.83077,0.83103,2.40,1.50
2010.12.08 12:17:24.155,0.8308,0.8311,2.40,1.50
2010.12.08 12:17:24.276,0.83086,0.8311,2.20,1.50
2010.12.08 12:17:24.507,0.83083,0.83112,1.10,2.30
2010.12.08 12:17:32.747,0.83089,0.83117,2.40,3.00
2010.12.08 12:17:33.877,0.83089,0.83115,2.30,3.20
2010.12.08 12:17:34.675,0.83081,0.8311,1.10,1.50
2010.12.08 12:17:36.214,0.83081,0.8311,1.50,1.50
2010.12.08 12:17:36.653,0.83081,0.8311,2.60,1.50
2010.12.08 12:17:39.206,0.83087,0.8311,1.50,1.50
2010.12.08 12:17:41.355,0.83087,0.8311,1.70,1.50
2010.12.08 12:17:41.475,0.83086,0.8311,4.40,1.50
2010.12.08 12:17:42.255,0.83097,0.83118,1.50,1.50
2010.12.08 12:17:42.381,0.83089,0.83118,1.70,1.50
2010.12.08 12:17:44.027,0.83088,0.83118,1.10,1.50
2010.12.08 12:17:44.365,0.83087,0.83118,3.00,1.50
2010.12.08 12:17:49.204,0.83086,0.83115,3.80,1.50
2010.12.08 12:17:52.376,0.83086,0.83117,2.60,1.50
2010.12.08 12:17:54.943,0.83097,0.83117,1.50,1.50
2010.12.08 12:17:55.537,0.8309,0.83117,2.30,1.50
2010.12.08 12:18:00.451,0.83093,0.8312,2.70,1.50
2010.12.08 12:18:01.123,0.83097,0.8312,1.50,1.50
2010.12.08 12:18:03.509,0.83089,0.8312,2.30,1.50
2010.12.08 12:18:04.436,0.83091,0.83117,2.30,1.50
2010.12.08 12:18:13.696,0.83087,0.83116,2.40,2.10
2010.12.08 12:18:13.817,0.83087,0.83113,2.40,1.70
2010.12.08 12:18:14.604,0.83082,0.83111,2.30,1.70
2010.12.08 12:18:14.735,0.83082,0.83107,2.30,1.50
2010.12.08 12:18:16.655,0.83087,0.83111,2.30,1.50
2010.12.08 12:18:19.303,0.83081,0.83111,2.30,1.50
2010.12.08 12:18:30.254,0.83087,0.83111,1.50,1.50
2010.12.08 12:18:31.449,0.83083,0.83111,2.30,1.50
2010.12.08 12:18:36.364,0.83082,0.83107,2.40,1.50
2010.12.08 12:18:38.943,0.83082,0.83108,1.60,1.50
2010.12.08 12:18:44.724,0.83081,0.83105,1.60,1.50
2010.12.08 12:18:45.810,0.8308,0.83105,2.30,1.50
2010.12.08 12:18:55.396,0.83081,0.83105,1.50,1.50
2010.12.08 12:18:55.628,0.83079,0.83105,2.40,1.50
2010.12.08 12:18:56.053,0.8308,0.83105,2.30,1.50
2010.12.08 12:18:56.707,0.83082,0.83105,1.60,1.50
2010.12.08 12:18:57.735,0.83081,0.83105,1.50,1.50
2010.12.08 12:19:01.091,0.83081,0.83105,1.50,1.50
2010.12.08 12:19:02.682,0.8308,0.83105,2.30,1.50
2010.12.08 12:19:04.367,0.83081,0.83105,3.00,1.50
2010.12.08 12:19:04.489,0.83081,0.83106,1.50,1.50
2010.12.08 12:19:04.713,0.83081,0.83108,2.30,1.50
2010.12.08 12:19:05.421,0.83084,0.8311,2.30,1.50
2010.12.08 12:19:18.063,0.83082,0.83108,4.50,1.50
2010.12.08 12:19:18.744,0.83082,0.83107,3.00,1.50
2010.12.08 12:19:18.883,0.83082,0.83107,3.00,1.50
2010.12.08 12:19:19.434,0.83083,0.83107,1.50,1.50
2010.12.08 12:19:22.018,0.83082,0.83107,4.50,1.50
2010.12.08 12:19:26.662,0.83082,0.83107,3.20,1.50
2010.12.08 12:19:27.334,0.83082,0.83107,4.50,1.50
2010.12.08 12:19:33.247,0.83073,0.83098,2.30,2.30
2010.12.08 12:19:33.914,0.83073,0.83101,4.70,3.80
2010.12.08 12:19:39.386,0.83085,0.83101,3.80,1.50
2010.12.08 12:19:39.505,0.83086,0.83107,1.50,1.50
2010.12.08 12:19:39.624,0.83081,0.83106,1.20,2.30
2010.12.08 12:19:40.145,0.83077,0.83107,2.40,5.30
2010.12.08 12:19:41.024,0.83076,0.83107,4.70,3.00
2010.12.08 12:19:41.640,0.83076,0.83104,2.30,4.50
2010.12.08 12:19:48.013,0.83086,0.83107,1.50,1.50
2010.12.08 12:19:51.593,0.83077,0.83107,2.60,1.50
2010.12.08 12:19:56.587,0.83078,0.83107,2.80,1.50
2010.12.08 12:19:56.705,0.83079,0.83107,2.30,1.50
2010.12.08 12:19:57.262,0.83087,0.83107,1.50,1.50
2010.12.08 12:20:00.971,0.83086,0.83107,1.50,1.50
2010.12.08 12:20:02.743,0.8308,0.83107,2.40,1.50
2010.12.08 12:20:05.179,0.8308,0.83103,1.10,1.50
2010.12.08 12:20:08.044,0.83078,0.83107,1.10,1.50
2010.12.08 12:20:10.026,0.83078,0.83107,1.10,1.50
2010.12.08 12:20:11.001,0.8308,0.8311,2.30,1.50
2010.12.08 12:20:15.112,0.83086,0.8311,1.50,1.50
2010.12.08 12:20:15.556,0.83083,0.8311,2.50,1.50
2010.12.08 12:20:19.231,0.83084,0.8311,1.20,1.50
2010.12.08 12:20:19.454,0.8309,0.8311,2.30,1.50
2010.12.08 12:20:20.636,0.8309,0.83111,2.30,1.50
2010.12.08 12:20:21.367,0.83085,0.83111,2.30,1.50
2010.12.08 12:20:22.073,0.83088,0.83111,1.50,1.50
2010.12.08 12:20:34.684,0.83085,0.83111,2.40,1.50
2010.12.08 12:20:39.524,0.83087,0.83111,2.40,1.50
2010.12.08 12:20:40.416,0.83087,0.83111,2.30,1.50
2010.12.08 12:20:41.621,0.83087,0.83113,2.90,2.30
2010.12.08 12:20:42.300,0.83093,0.83118,2.30,1.50
2010.12.08 12:20:45.302,0.8309,0.83118,2.30,1.50
2010.12.08 12:20:46.930,0.83094,0.83118,1.50,1.50
2010.12.08 12:20:49.678,0.83092,0.83118,2.30,1.50
2010.12.08 12:20:50.465,0.83092,0.83118,2.30,1.50
2010.12.08 12:20:50.608,0.83092,0.83115,1.50,1.50
2010.12.08 12:20:50.835,0.8309,0.83115,1.50,1.50
2010.12.08 12:20:51.358,0.8309,0.83115,1.50,1.50
2010.12.08 12:20:51.476,0.83088,0.83115,1.50,1.50
2010.12.08 12:20:53.391,0.83089,0.83115,1.50,1.50
2010.12.08 12:20:53.637,0.8309,0.83115,1.50,1.50
2010.12.08 12:20:54.194,0.83093,0.83115,1.50,1.50
2010.12.08 12:20:56.907,0.83093,0.83115,1.50,1.50
2010.12.08 12:21:11.565,0.83094,0.83118,2.30,1.50
2010.12.08 12:21:12.252,0.83096,0.83122,2.30,1.50
2010.12.08 12:21:16.584,0.83094,0.83121,2.70,1.70
2010.12.08 12:21:16.702,0.83087,0.83115,3.90,1.50
2010.12.08 12:21:16.815,0.83089,0.83115,2.50,1.50
2010.12.08 12:21:22.172,0.83096,0.83119,1.50,1.50
2010.12.08 12:21:28.995,0.83096,0.83116,1.50,2.50
2010.12.08 12:21:29.118,0.8309,0.83114,2.30,2.30
2010.12.08 12:21:30.444,0.8309,0.83119,2.70,1.50
2010.12.08 12:21:33.287,0.83091,0.83118,2.30,1.70
2010.12.08 12:21:33.407,0.83087,0.83119,3.90,3.20
2010.12.08 12:21:34.257,0.83089,0.83113,2.70,1.50
2010.12.08 12:21:38.528,0.83096,0.83119,1.50,1.50
2010.12.08 12:21:42.178,0.83087,0.83119,2.40,1.50
2010.12.08 12:21:43.179,0.8309,0.83113,1.20,1.50
2010.12.08 12:21:43.301,0.83089,0.83119,2.50,1.50
2010.12.08 12:21:43.413,0.83089,0.83114,2.50,1.50
2010.12.08 12:21:43.970,0.83086,0.83113,1.50,1.50
2010.12.08 12:21:44.874,0.83096,0.83113,1.50,1.50
2010.12.08 12:21:45.649,0.83087,0.83113,1.50,1.50
2010.12.08 12:21:48.053,0.83096,0.83113,1.50,1.50
2010.12.08 12:21:48.730,0.83096,0.83118,1.50,1.50
2010.12.08 12:21:48.865,0.83087,0.83118,2.30,1.50
2010.12.08 12:21:53.015,0.83097,0.83118,1.50,1.50
2010.12.08 12:21:53.574,0.83087,0.83118,2.30,1.50
2010.12.08 12:21:55.541,0.83086,0.83115,2.30,1.50
2010.12.08 12:21:59.825,0.83086,0.83111,1.50,1.70
2010.12.08 12:22:00.636,0.83078,0.83108,4.50,1.50
2010.12.08 12:22:01.357,0.83086,0.83108,1.50,1.50
2010.12.08 12:22:02.444,0.83086,0.83108,1.90,1.50
2010.12.08 12:22:02.981,0.83087,0.8311,2.10,3.00
2010.12.08 12:22:03.103,0.83086,0.83116,3.80,3.20
2010.12.08 12:22:04.455,0.83088,0.83114,3.60,1.50
2010.12.08 12:22:05.516,0.83088,0.8312,5.10,1.50
2010.12.08 12:22:05.640,0.83096,0.8312,1.50,1.50
2010.12.08 12:22:07.160,0.83096,0.83117,1.50,1.50
2010.12.08 12:22:07.950,0.83096,0.8312,1.50,3.10
2010.12.08 12:22:08.477,0.83096,0.8312,1.50,3.00
2010.12.08 12:22:10.084,0.83096,0.83116,1.50,1.50
2010.12.08 12:22:11.469,0.83086,0.83114,2.30,2.30
2010.12.08 12:22:12.135,0.83096,0.83116,1.50,1.50
2010.12.08 12:22:15.414,0.83097,0.83116,1.50,1.50
2010.12.08 12:22:19.041,0.83097,0.83119,1.50,1.50
2010.12.08 12:22:22.470,0.83097,0.83119,2.90,1.50
2010.12.08 12:22:22.701,0.83101,0.83126,1.50,1.50
2010.12.08 12:22:22.818,0.83106,0.83126,1.50,1.50
2010.12.08 12:22:23.736,0.83106,0.83126,1.50,1.50
2010.12.08 12:22:24.989,0.83096,0.83123,2.30,1.50
2010.12.08 12:22:27.495,0.83096,0.83124,2.30,2.30
2010.12.08 12:22:30.148,0.83096,0.83122,2.30,1.90
2010.12.08 12:22:31.536,0.83097,0.83122,1.50,1.50
2010.12.08 12:22:33.027,0.83099,0.83122,1.50,1.50
2010.12.08 12:22:33.787,0.83096,0.83125,2.30,1.50
2010.12.08 12:22:36.782,0.83096,0.83124,6.60,2.30
2010.12.08 12:22:36.896,0.83097,0.83128,4.00,1.50
2010.12.08 12:22:37.618,0.831,0.83126,2.50,3.00
2010.12.08 12:22:37.851,0.83107,0.83135,3.00,3.00
2010.12.08 12:22:38.757,0.83109,0.83134,2.30,4.00
2010.12.08 12:22:38.985,0.83106,0.83132,2.30,3.00
2010.12.08 12:22:40.553,0.83104,0.8313,2.30,3.20
2010.12.08 12:22:41.103,0.83103,0.83126,2.30,2.30
2010.12.08 12:22:41.683,0.831,0.83124,2.30,1.50
2010.12.08 12:22:48.379,0.83099,0.83124,2.30,3.10
2010.12.08 12:22:49.001,0.83099,0.83124,2.30,2.40
2010.12.08 12:22:52.184,0.83096,0.83126,3.80,3.00
2010.12.08 12:22:53.237,0.83098,0.83123,2.30,1.50
2010.12.08 12:22:56.299,0.83101,0.83126,1.50,1.50
2010.12.08 12:22:56.414,0.83103,0.83126,2.30,1.50
2010.12.08 12:22:56.969,0.83107,0.83126,1.50,1.50
2010.12.08 12:22:58.693,0.83097,0.83124,1.20,2.30
2010.12.08 12:23:02.724,0.83098,0.83123,2.70,1.50
2010.12.08 12:23:03.054,0.83102,0.83126,1.50,1.50
2010.12.08 12:23:03.275,0.83103,0.83128,3.00,1.50
2010.12.08 12:23:03.757,0.83106,0.83128,1.50,1.50
2010.12.08 12:23:07.746,0.83102,0.83123,2.30,1.50
2010.12.08 12:23:11.610,0.83102,0.83124,1.50,1.50
2010.12.08 12:23:11.946,0.83099,0.83124,2.30,1.50
2010.12.08 12:23:14.716,0.83101,0.83124,1.50,1.50
2010.12.08 12:23:14.960,0.83104,0.83125,2.30,2.30
2010.12.08 12:23:15.294,0.83107,0.8313,2.50,2.30
2010.12.08 12:23:15.804,0.83107,0.8313,2.50,2.30
2010.12.08 12:23:17.067,0.83106,0.83129,1.50,1.50
2010.12.08 12:23:17.436,0.83106,0.83126,1.50,1.40
2010.12.08 12:23:18.016,0.83106,0.83122,1.50,3.00
2010.12.08 12:23:18.158,0.83098,0.83122,2.60,1.50
2010.12.08 12:23:18.278,0.83102,0.83122,1.50,1.50
2010.12.08 12:23:18.395,0.83102,0.83127,1.50,1.50
2010.12.08 12:23:18.655,0.83106,0.83127,1.50,1.50
2010.12.08 12:23:19.346,0.83102,0.83127,1.50,2.90
2010.12.08 12:23:19.872,0.83102,0.83122,1.50,2.30
2010.12.08 12:23:19.996,0.83097,0.83123,3.90,3.00
2010.12.08 12:23:20.663,0.83099,0.83123,1.50,3.00
2010.12.08 12:23:21.123,0.83099,0.83124,1.50,1.50
2010.12.08 12:23:21.243,0.83102,0.83127,3.00,1.50
2010.12.08 12:23:21.465,0.83107,0.8313,1.50,1.50
2010.12.08 12:23:23.363,0.83103,0.83131,2.70,1.50
2010.12.08 12:23:23.714,0.83107,0.83131,1.50,1.50
2010.12.08 12:23:24.545,0.8311,0.83131,1.50,1.50
2010.12.08 12:23:26.390,0.83099,0.83127,3.00,1.50
2010.12.08 12:23:26.508,0.83103,0.83123,1.20,1.50
2010.12.08 12:23:27.179,0.83108,0.83132,2.50,1.50
2010.12.08 12:23:28.027,0.8311,0.83133,1.50,3.00
2010.12.08 12:23:29.300,0.83108,0.83133,4.70,4.50
2010.12.08 12:23:29.523,0.8311,0.83133,1.50,4.50
2010.12.08 12:23:30.581,0.83101,0.83125,2.30,1.50
2010.12.08 12:23:31.271,0.83104,0.83129,2.30,1.50
2010.12.08 12:23:32.054,0.83106,0.83133,2.30,3.00
2010.12.08 12:23:32.164,0.83106,0.83133,2.30,3.00
2010.12.08 12:23:34.067,0.83108,0.83133,3.80,1.50
2010.12.08 12:23:34.189,0.83108,0.83135,4.50,3.00
2010.12.08 12:23:37.448,0.83109,0.83136,2.30,1.50
2010.12.08 12:23:37.815,0.83112,0.83139,4.90,3.00
2010.12.08 12:23:38.324,0.83116,0.83139,1.50,1.50
2010.12.08 12:23:39.886,0.83116,0.83135,1.50,1.50
2010.12.08 12:23:40.335,0.83111,0.83135,2.30,1.50
2010.12.08 12:23:40.907,0.83108,0.83134,2.50,1.50
2010.12.08 12:23:41.053,0.83107,0.83133,2.30,3.00
2010.12.08 12:23:41.952,0.83107,0.83128,1.50,1.50
2010.12.08 12:23:42.294,0.831,0.83128,2.30,1.50
2010.12.08 12:23:42.524,0.83106,0.83128,1.50,1.50
2010.12.08 12:23:42.743,0.83098,0.83128,2.40,1.50
2010.12.08 12:23:43.527,0.83107,0.83128,1.50,1.50
2010.12.08 12:23:44.335,0.83107,0.83127,1.50,2.30
2010.12.08 12:23:44.908,0.83097,0.83125,2.30,2.90
2010.12.08 12:23:45.069,0.83097,0.83122,1.50,1.60
2010.12.08 12:23:45.625,0.83093,0.83122,2.30,1.50
2010.12.08 12:23:46.339,0.83096,0.83122,1.50,1.50
2010.12.08 12:23:47.240,0.83099,0.83122,1.50,1.50
2010.12.08 12:23:47.577,0.83096,0.83122,1.50,1.50
2010.12.08 12:23:48.376,0.83097,0.83122,1.50,1.50
2010.12.08 12:23:51.598,0.83092,0.83116,1.50,1.50
2010.12.08 12:23:57.138,0.83095,0.8312,1.40,2.30
2010.12.08 12:23:57.256,0.83096,0.83119,2.90,2.30
2010.12.08 12:23:57.485,0.83096,0.83123,3.70,3.00
2010.12.08 12:23:57.605,0.83098,0.83123,1.40,1.50
2010.12.08 12:23:58.241,0.83099,0.83124,2.30,1.50
2010.12.08 12:23:59.509,0.83098,0.83125,2.30,1.50
2010.12.08 12:24:04.664,0.83106,0.83126,1.50,3.00
2010.12.08 12:24:08.946,0.831,0.83126,1.40,3.00
2010.12.08 12:24:09.768,0.83107,0.8313,1.50,3.00
2010.12.08 12:24:10.337,0.83107,0.8313,2.30,2.30
2010.12.08 12:24:11.006,0.83102,0.83125,1.20,1.50
2010.12.08 12:24:11.630,0.83091,0.83121,1.20,1.50
2010.12.08 12:24:11.749,0.83097,0.83117,2.30,1.50
2010.12.08 12:24:12.563,0.83097,0.83116,1.50,1.50
2010.12.08 12:24:12.675,0.83087,0.83116,2.30,1.50
2010.12.08 12:24:13.357,0.83086,0.83114,2.30,1.50
2010.12.08 12:24:15.324,0.83087,0.83116,2.30,3.00
2010.12.08 12:24:27.134,0.83093,0.83116,1.50,1.50
2010.12.08 12:24:28.474,0.83093,0.83116,2.10,1.50
2010.12.08 12:24:28.805,0.83096,0.83123,2.50,1.50
2010.12.08 12:24:29.365,0.83097,0.83126,4.40,1.50
2010.12.08 12:24:33.148,0.83097,0.83126,7.50,1.50
2010.12.08 12:24:33.376,0.83103,0.83133,1.20,2.30
2010.12.08 12:24:34.015,0.83103,0.83133,1.20,2.30
2010.12.08 12:24:42.377,0.83106,0.83133,2.30,1.50
2010.12.08 12:24:49.498,0.83107,0.83133,3.00,2.30
2010.12.08 12:24:49.660,0.83106,0.83131,1.50,1.90
2010.12.08 12:24:50.529,0.83099,0.83131,2.30,1.50
2010.12.08 12:24:52.095,0.831,0.83131,2.30,1.50
2010.12.08 12:24:52.476,0.83107,0.83131,1.50,1.50
2010.12.08 12:24:53.896,0.83106,0.83131,3.00,1.50
2010.12.08 12:24:54.020,0.83106,0.83134,2.70,1.50
2010.12.08 12:24:56.744,0.83108,0.83133,1.40,2.30
2010.12.08 12:24:56.964,0.83109,0.83133,4.70,1.50
2010.12.08 12:24:57.294,0.83109,0.83141,4.70,1.50
2010.12.08 12:24:58.128,0.83116,0.83138,1.50,1.50
2010.12.08 12:24:58.244,0.83107,0.83138,2.40,1.50
2010.12.08 12:24:59.099,0.83106,0.83134,4.00,1.50
2010.12.08 12:24:59.966,0.83107,0.83133,2.30,2.30
2010.12.08 12:25:02.595,0.83111,0.83135,2.30,1.50
2010.12.08 12:25:02.704,0.83111,0.83136,2.30,1.50
2010.12.08 12:25:03.284,0.83117,0.83137,1.50,1.50
2010.12.08 12:25:05.016,0.83123,0.83144,2.30,1.50
2010.12.08 12:25:05.587,0.83122,0.83144,1.50,1.50
2010.12.08 12:25:06.844,0.83122,0.83152,2.30,1.50
2010.12.08 12:25:10.859,0.83126,0.83148,1.50,1.50
2010.12.08 12:25:11.085,0.83121,0.83148,3.00,1.50
2010.12.08 12:25:11.787,0.83123,0.83144,3.00,1.50
2010.12.08 12:25:12.409,0.83116,0.8314,1.50,2.50
2010.12.08 12:25:13.058,0.83108,0.83134,4.50,1.50
2010.12.08 12:25:13.189,0.83118,0.83142,3.00,1.50
2010.12.08 12:25:13.932,0.83117,0.83143,3.90,1.50
2010.12.08 12:25:14.047,0.83118,0.83143,2.30,1.50
2010.12.08 12:25:15.611,0.83121,0.83143,2.30,1.50
2010.12.08 12:25:15.945,0.83119,0.83149,3.20,1.50
2010.12.08 12:25:16.065,0.83127,0.83149,1.50,1.50
2010.12.08 12:25:19.243,0.83118,0.83148,2.40,2.30
2010.12.08 12:25:19.359,0.83117,0.83143,2.40,2.30
2010.12.08 12:25:20.039,0.83117,0.83143,1.50,2.40
2010.12.08 12:25:20.155,0.83117,0.83141,1.50,1.20
2010.12.08 12:25:20.807,0.83111,0.83133,2.30,1.20
2010.12.08 12:25:20.940,0.83109,0.83132,3.00,1.50
2010.12.08 12:25:21.055,0.83109,0.83137,3.00,1.50
2010.12.08 12:25:21.882,0.83109,0.83134,3.00,1.50
2010.12.08 12:25:22.122,0.83116,0.83136,1.50,1.50
2010.12.08 12:25:22.692,0.8312,0.83143,2.10,2.40
2010.12.08 12:25:22.837,0.83126,0.8315,1.50,1.50
2010.12.08 12:25:22.960,0.83126,0.83149,1.50,1.50
2010.12.08 12:25:23.877,0.83116,0.83144,2.60,1.50
2010.12.08 12:25:24.245,0.83116,0.83149,2.50,1.50
2010.12.08 12:25:24.917,0.83118,0.83143,1.10,1.50
2010.12.08 12:25:25.145,0.83119,0.83149,4.70,1.50
2010.12.08 12:25:25.566,0.83126,0.83149,1.50,1.60
2010.12.08 12:25:26.191,0.83126,0.83145,1.50,1.50
2010.12.08 12:25:27.210,0.83117,0.83145,3.90,1.50
2010.12.08 12:25:27.965,0.83121,0.83143,1.20,2.50
2010.12.08 12:25:28.198,0.83128,0.83151,2.30,1.70
2010.12.08 12:25:28.759,0.8312,0.83152,2.30,4.00
2010.12.08 12:25:29.215,0.83126,0.83152,2.30,2.50
2010.12.08 12:25:29.342,0.83129,0.83157,3.00,3.00
2010.12.08 12:25:30.134,0.83137,0.83155,1.50,1.50
2010.12.08 12:25:31.017,0.83136,0.83161,1.50,4.00
2010.12.08 12:25:31.140,0.83137,0.83161,2.30,1.50
2010.12.08 12:25:31.838,0.83138,0.83163,3.00,1.50
2010.12.08 12:25:32.667,0.83137,0.83162,1.50,1.50
2010.12.08 12:25:32.793,0.83137,0.8316,1.50,1.50
2010.12.08 12:25:33.476,0.83136,0.8316,1.50,1.50
2010.12.08 12:25:34.352,0.83136,0.8316,1.50,1.50
2010.12.08 12:25:34.698,0.8313,0.8316,4.70,1.50
2010.12.08 12:25:35.489,0.83136,0.8316,1.50,1.50
2010.12.08 12:25:35.724,0.83136,0.8316,1.50,1.50
2010.12.08 12:25:36.166,0.83136,0.8316,2.50,1.50
2010.12.08 12:25:36.923,0.83136,0.83167,2.50,1.50
2010.12.08 12:25:39.629,0.83147,0.83167,1.50,1.50
2010.12.08 12:25:42.449,0.83137,0.83167,3.80,1.50
2010.12.08 12:25:42.805,0.8314,0.83168,4.90,1.50
2010.12.08 12:25:42.924,0.83142,0.8317,1.20,1.50
2010.12.08 12:25:43.448,0.83142,0.8317,1.40,1.50
2010.12.08 12:25:44.989,0.83139,0.83167,4.70,1.50
2010.12.08 12:25:46.310,0.83139,0.83167,3.20,1.50
2010.12.08 12:25:46.442,0.83136,0.83163,2.50,1.50
2010.12.08 12:25:50.108,0.83132,0.83162,1.40,1.50
2010.12.08 12:25:50.238,0.83129,0.83159,2.30,2.30
2010.12.08 12:25:51.787,0.83126,0.83158,2.40,3.00
2010.12.08 12:25:58.430,0.83126,0.83155,2.30,1.10
2010.12.08 12:25:59.860,0.83123,0.83153,2.30,3.00
2010.12.08 12:26:01.698,0.83128,0.83158,2.30,1.60
2010.12.08 12:26:03.934,0.83126,0.83156,2.30,2.90
2010.12.08 12:26:04.513,0.83124,0.83152,2.30,2.30
2010.12.08 12:26:05.246,0.83129,0.83153,3.00,1.50
2010.12.08 12:26:05.364,0.83129,0.83158,3.00,1.70
2010.12.08 12:26:09.203,0.83127,0.83153,2.30,3.00
2010.12.08 12:26:11.077,0.83127,0.83156,2.30,3.00
2010.12.08 12:26:16.791,0.83127,0.83153,2.30,1.50
2010.12.08 12:26:20.335,0.83126,0.83156,2.30,1.50
2010.12.08 12:26:21.123,0.83127,0.83153,2.30,1.50
2010.12.08 12:26:22.883,0.83127,0.83153,2.30,1.60
2010.12.08 12:26:27.819,0.83127,0.83148,1.50,1.50
2010.12.08 12:26:29.692,0.83117,0.83146,2.50,1.50
2010.12.08 12:26:30.390,0.83117,0.83146,2.30,4.50
2010.12.08 12:26:30.558,0.83108,0.83143,3.40,3.20
2010.12.08 12:26:31.214,0.83106,0.8314,2.30,2.30
2010.12.08 12:26:33.635,0.83108,0.8314,1.40,1.50
2010.12.08 12:26:34.015,0.83108,0.83134,1.40,1.50
2010.12.08 12:26:35.239,0.83104,0.83131,1.70,1.50
2010.12.08 12:26:35.357,0.83109,0.83134,3.20,2.30
2010.12.08 12:26:36.029,0.83108,0.83134,1.40,1.50
2010.12.08 12:26:37.019,0.83106,0.83134,2.30,2.30
2010.12.08 12:26:49.626,0.83106,0.83134,9.90,2.30
2010.12.08 12:26:50.214,0.83106,0.83134,4.40,2.30
2010.12.08 12:26:53.412,0.83112,0.83136,2.30,3.00
2010.12.08 12:26:54.356,0.83116,0.83136,1.50,1.50
2010.12.08 12:26:58.296,0.83107,0.83136,2.30,1.50
2010.12.08 12:27:03.568,0.83112,0.83133,2.50,1.50
2010.12.08 12:27:04.026,0.83112,0.83141,3.20,1.50
2010.12.08 12:27:04.536,0.83112,0.83141,3.20,1.50
2010.12.08 12:27:04.658,0.83117,0.83142,1.50,1.50
2010.12.08 12:27:05.812,0.83112,0.83142,3.20,1.50
2010.12.08 12:27:14.325,0.83112,0.83137,3.00,1.50
2010.12.08 12:27:16.283,0.83112,0.83137,3.00,2.30
2010.12.08 12:27:21.024,0.83112,0.83138,3.60,1.50
2010.12.08 12:27:25.216,0.83114,0.83138,1.40,1.50
2010.12.08 12:27:25.558,0.83124,0.83145,2.30,1.50
2010.12.08 12:27:26.099,0.83116,0.83145,5.90,3.00
2010.12.08 12:27:26.302,0.83116,0.83141,2.30,1.50
2010.12.08 12:27:27.440,0.83117,0.83145,2.30,1.60
2010.12.08 12:27:28.111,0.83114,0.8314,2.30,1.60
2010.12.08 12:27:28.334,0.83113,0.8314,2.30,1.60
2010.12.08 12:27:28.444,0.83113,0.8314,2.30,1.60
2010.12.08 12:27:29.281,0.8311,0.83137,2.30,1.70
2010.12.08 12:27:29.393,0.8311,0.83137,2.30,1.70
2010.12.08 12:27:36.362,0.83106,0.83133,2.30,2.40
2010.12.08 12:27:36.934,0.83106,0.83131,2.30,1.50
2010.12.08 12:27:37.990,0.83103,0.8313,2.30,1.60
2010.12.08 12:27:38.110,0.83103,0.83128,2.30,1.70
2010.12.08 12:27:39.009,0.83101,0.83123,2.30,1.50
2010.12.08 12:27:39.126,0.83101,0.83128,2.30,1.60
2010.12.08 12:27:41.064,0.83105,0.83128,1.50,1.50
2010.12.08 12:27:41.284,0.83103,0.83128,3.00,1.50
2010.12.08 12:27:44.375,0.83105,0.83132,2.30,2.40
2010.12.08 12:27:45.176,0.83102,0.83129,2.30,1.50
2010.12.08 12:27:51.288,0.83106,0.83133,2.30,1.50
2010.12.08 12:27:52.149,0.83106,0.8313,2.30,3.10
2010.12.08 12:27:52.485,0.83104,0.83124,2.30,1.50
2010.12.08 12:27:57.033,0.83103,0.83132,2.30,2.30
2010.12.08 12:27:57.144,0.83107,0.8313,1.50,1.50
2010.12.08 12:27:57.597,0.83103,0.83131,2.30,1.70
2010.12.08 12:27:58.165,0.83101,0.8313,1.50,2.50
2010.12.08 12:27:58.287,0.83101,0.83124,1.50,1.50
2010.12.08 12:27:59.758,0.83099,0.83124,2.30,1.50
2010.12.08 12:27:59.997,0.83107,0.8313,1.50,2.30
2010.12.08 12:28:00.120,0.83108,0.83134,2.30,1.50
2010.12.08 12:28:00.691,0.83111,0.83134,1.50,1.50
2010.12.08 12:28:00.841,0.83109,0.83134,1.50,1.50
2010.12.08 12:28:02.667,0.83106,0.83134,1.50,1.50
2010.12.08 12:28:03.642,0.83107,0.83133,1.50,2.30
2010.12.08 12:28:04.744,0.83108,0.83133,2.30,2.30
2010.12.08 12:28:14.615,0.83108,0.83132,2.30,1.50
2010.12.08 12:28:15.839,0.83108,0.83133,2.80,1.50
2010.12.08 12:28:16.069,0.83108,0.83139,3.80,1.50
2010.12.08 12:28:16.737,0.83108,0.83142,3.70,3.00
2010.12.08 12:28:16.866,0.83109,0.83143,1.40,3.00
2010.12.08 12:28:20.355,0.83111,0.83141,1.20,2.30
2010.12.08 12:28:20.686,0.83118,0.83144,2.30,1.50
2010.12.08 12:28:21.756,0.83118,0.83146,2.40,2.30
2010.12.08 12:28:22.104,0.83118,0.83143,2.40,1.50
2010.12.08 12:28:25.395,0.83118,0.83146,2.40,2.30
2010.12.08 12:28:31.894,0.8312,0.83148,1.50,1.50
2010.12.08 12:28:38.678,0.83118,0.83148,2.40,1.50
2010.12.08 12:28:42.933,0.83118,0.83149,2.30,5.50
2010.12.08 12:28:43.059,0.8312,0.83152,1.70,3.00
2010.12.08 12:28:43.396,0.83117,0.83145,2.30,1.90
2010.12.08 12:28:43.629,0.83108,0.83137,2.30,1.40
2010.12.08 12:28:44.139,0.83106,0.83138,1.50,3.70
2010.12.08 12:28:44.275,0.83106,0.83131,1.50,1.50
2010.12.08 12:28:44.927,0.831,0.83131,2.50,1.50
2010.12.08 12:28:48.447,0.83099,0.83128,2.30,1.50
2010.12.08 12:28:50.481,0.83099,0.83128,2.30,2.50
2010.12.08 12:28:50.836,0.83092,0.83123,1.70,2.30
2010.12.08 12:28:50.960,0.83098,0.83123,2.30,2.30
2010.12.08 12:28:54.508,0.83096,0.83124,1.50,2.50
2010.12.08 12:28:54.843,0.83092,0.83124,1.70,4.00
2010.12.08 12:28:57.733,0.83092,0.83124,1.50,3.80
2010.12.08 12:29:01.830,0.83098,0.83124,3.10,3.00
2010.12.08 12:29:01.956,0.83098,0.83124,3.10,1.50
2010.12.08 12:29:06.285,0.83099,0.83124,1.40,1.50
2010.12.08 12:29:06.400,0.83102,0.83124,3.00,1.50
2010.12.08 12:29:07.155,0.831,0.83128,2.30,1.50
2010.12.08 12:29:16.051,0.831,0.83128,2.30,1.50
2010.12.08 12:29:16.170,0.831,0.83124,2.30,1.50
2010.12.08 12:29:18.254,0.831,0.83123,2.30,1.70
2010.12.08 12:29:18.365,0.831,0.83124,2.30,1.50
2010.12.08 12:29:20.187,0.83096,0.8312,2.30,1.50
2010.12.08 12:29:22.335,0.831,0.8312,1.50,1.50
2010.12.08 12:29:22.569,0.83098,0.8312,3.80,1.50
2010.12.08 12:29:32.623,0.83106,0.8312,1.50,1.50
2010.12.08 12:29:41.435,0.83097,0.8312,1.50,1.50
2010.12.08 12:29:42.080,0.83096,0.8312,2.30,1.50
2010.12.08 12:29:46.044,0.83093,0.83113,2.30,1.50
2010.12.08 12:29:47.602,0.83088,0.83117,2.30,1.70
2010.12.08 12:29:51.097,0.83088,0.83112,3.00,1.70
2010.12.08 12:29:51.329,0.83088,0.83113,4.70,1.50
2010.12.08 12:30:30.297,0.83088,0.83113,2.30,3.00
2010.12.08 12:30:30.418,0.83085,0.83113,2.30,4.00
2010.12.08 12:30:34.068,0.83083,0.83111,2.30,1.50
2010.12.08 12:30:34.601,0.83081,0.8311,4.60,1.50
2010.12.08 12:30:37.654,0.83081,0.83107,3.00,1.50
2010.12.08 12:30:38.542,0.83081,0.83107,3.10,1.50
2010.12.08 12:30:45.198,0.83082,0.83107,1.50,1.50
2010.12.08 12:30:45.871,0.83081,0.83107,4.50,1.50
2010.12.08 12:30:47.607,0.83082,0.83107,1.50,1.50
2010.12.08 12:30:53.315,0.83078,0.83107,1.20,1.50
2010.12.08 12:30:55.696,0.83081,0.83107,1.70,1.50
2010.12.08 12:30:55.925,0.83082,0.83108,3.20,1.50
2010.12.08 12:30:56.627,0.83077,0.83106,1.40,1.50
2010.12.08 12:31:06.205,0.83078,0.83104,2.30,1.50
2010.12.08 12:31:28.225,0.83081,0.83104,3.80,1.50
2010.12.08 12:31:29.010,0.83077,0.83104,2.30,1.50
2010.12.08 12:31:29.807,0.83082,0.83104,2.30,1.50
2010.12.08 12:31:30.405,0.83081,0.83108,2.30,1.50
2010.12.08 12:31:31.879,0.83084,0.83108,2.90,1.50
2010.12.08 12:31:32.028,0.83086,0.83111,1.70,1.50
2010.12.08 12:31:32.593,0.83091,0.83116,3.00,1.50
2010.12.08 12:31:38.027,0.83087,0.83111,2.30,2.50
2010.12.08 12:31:38.638,0.83092,0.83111,1.50,2.30
2010.12.08 12:31:38.867,0.83092,0.83114,1.50,3.80
2010.12.08 12:31:38.985,0.83088,0.83114,2.30,5.30
2010.12.08 12:31:39.789,0.83089,0.83114,2.10,3.80
2010.12.08 12:31:39.906,0.83094,0.83118,2.30,3.00
2010.12.08 12:31:40.428,0.83096,0.83118,1.50,1.50
2010.12.08 12:31:40.552,0.83102,0.83131,1.40,2.30
2010.12.08 12:31:40.777,0.83098,0.83131,3.50,2.50
2010.12.08 12:31:46.834,0.83104,0.83133,2.30,5.40
2010.12.08 12:31:47.793,0.83107,0.83126,1.50,3.60
2010.12.08 12:31:47.908,0.83096,0.83121,1.50,1.50
2010.12.08 12:31:50.270,0.83096,0.83124,2.30,3.00
2010.12.08 12:31:50.967,0.83099,0.83126,2.30,1.50
2010.12.08 12:31:51.810,0.83099,0.83128,2.30,1.50
2010.12.08 12:31:54.269,0.83118,0.83129,2.30,2.30
2010.12.08 12:31:54.618,0.83135,0.83144,2.30,1.50
2010.12.08 12:31:55.132,0.83135,0.83144,3.00,1.50
2010.12.08 12:31:55.255,0.83138,0.83163,1.50,1.50
2010.12.08 12:31:55.589,0.83137,0.83159,2.30,2.30
2010.12.08 12:31:57.235,0.83132,0.83159,2.30,1.50
2010.12.08 12:31:57.615,0.83132,0.83153,2.30,1.50
2010.12.08 12:31:58.229,0.83136,0.83159,2.30,1.50
2010.12.08 12:31:59.479,0.8313,0.83159,2.30,1.50
2010.12.08 12:31:59.704,0.83137,0.83159,1.50,1.50
2010.12.08 12:32:00.819,0.83137,0.83157,1.50,1.50
2010.12.08 12:32:01.169,0.83137,0.83158,1.50,1.50
2010.12.08 12:32:01.868,0.83137,0.83161,1.50,1.70
2010.12.08 12:32:02.036,0.83136,0.83157,1.50,1.20
2010.12.08 12:32:02.159,0.83127,0.83156,3.80,1.20
2010.12.08 12:32:02.279,0.83128,0.83154,2.30,1.40
2010.12.08 12:32:02.829,0.83127,0.83152,2.30,1.40
2010.12.08 12:32:02.955,0.83116,0.83141,2.30,1.50
2010.12.08 12:32:03.066,0.83116,0.83141,2.30,1.50
2010.12.08 12:32:04.504,0.83116,0.83144,2.30,1.50
2010.12.08 12:32:04.632,0.83122,0.8315,2.30,1.50
2010.12.08 12:32:04.858,0.83126,0.8315,2.30,1.50
2010.12.08 12:32:05.952,0.83126,0.83148,1.50,1.50
2010.12.08 12:32:06.395,0.83121,0.83148,2.30,1.50
2010.12.08 12:32:06.507,0.83121,0.83148,2.30,1.50
2010.12.08 12:32:07.190,0.83127,0.83141,1.50,1.50
2010.12.08 12:32:07.528,0.83117,0.83141,3.80,1.50
2010.12.08 12:32:07.649,0.8312,0.83141,1.50,1.50
2010.12.08 12:32:08.790,0.83118,0.83141,3.80,1.50
2010.12.08 12:32:09.347,0.8312,0.83144,2.30,1.50
2010.12.08 12:32:09.469,0.8312,0.83144,2.70,1.50
2010.12.08 12:32:10.068,0.83129,0.83143,2.30,1.50
2010.12.08 12:32:10.195,0.83123,0.83153,2.30,3.10
2010.12.08 12:32:10.416,0.83127,0.83153,1.50,1.60
2010.12.08 12:32:11.549,0.83127,0.83152,3.80,1.50
2010.12.08 12:32:11.667,0.83128,0.83153,2.30,2.30
2010.12.08 12:32:12.005,0.83128,0.83151,2.30,1.50
2010.12.08 12:32:12.559,0.83127,0.83152,1.50,1.60
2010.12.08 12:32:14.050,0.83128,0.83152,2.30,1.50
2010.12.08 12:32:14.607,0.83128,0.83153,2.30,2.30
2010.12.08 12:32:14.729,0.83128,0.83154,2.90,1.50
2010.12.08 12:32:15.385,0.8313,0.83157,2.50,1.50
2010.12.08 12:32:15.502,0.83142,0.83163,1.50,1.50
2010.12.08 12:32:17.967,0.83147,0.83161,1.50,1.20
2010.12.08 12:32:18.504,0.83138,0.83157,1.50,1.50
2010.12.08 12:32:18.622,0.83136,0.83157,1.50,1.50
2010.12.08 12:32:19.328,0.83136,0.83158,1.50,1.50
2010.12.08 12:32:19.485,0.83136,0.83164,3.80,3.00
2010.12.08 12:32:20.775,0.83147,0.83164,1.50,1.50
2010.12.08 12:32:25.399,0.83137,0.83163,3.80,2.30
2010.12.08 12:32:26.226,0.8313,0.83161,2.30,3.00
2010.12.08 12:32:26.455,0.8313,0.8316,2.30,1.50
2010.12.08 12:32:26.566,0.83136,0.8316,1.50,1.50
2010.12.08 12:32:27.078,0.83136,0.83157,1.50,1.50
2010.12.08 12:32:28.030,0.83127,0.83153,3.80,3.80
2010.12.08 12:32:28.371,0.83126,0.83152,3.80,2.30
2010.12.08 12:32:29.327,0.83128,0.83152,1.50,2.90
2010.12.08 12:32:33.399,0.83126,0.83151,2.30,4.00
2010.12.08 12:32:33.743,0.83113,0.83139,2.30,4.20
2010.12.08 12:32:34.313,0.83113,0.83135,2.30,2.90
2010.12.08 12:32:34.447,0.83107,0.83134,2.30,3.20
2010.12.08 12:32:36.916,0.8311,0.83134,1.50,3.00
2010.12.08 12:32:39.672,0.83111,0.83136,1.70,1.50
2010.12.08 12:32:39.860,0.83114,0.83141,2.30,1.50
2010.12.08 12:32:44.326,0.83112,0.83137,2.30,1.50
2010.12.08 12:32:53.693,0.83107,0.83137,3.80,1.50
2010.12.08 12:32:53.915,0.83107,0.83134,3.80,1.50
2010.12.08 12:33:02.909,0.8311,0.83134,1.50,1.50
2010.12.08 12:33:03.032,0.83115,0.8314,1.50,1.50
2010.12.08 12:33:03.592,0.83111,0.8314,4.80,1.50
2010.12.08 12:33:04.222,0.83107,0.83134,2.30,1.50
2010.12.08 12:33:15.960,0.83106,0.83137,3.80,1.50
2010.12.08 12:33:26.746,0.83106,0.83137,2.50,3.00
2010.12.08 12:33:26.865,0.83106,0.83133,2.30,3.00
2010.12.08 12:33:32.486,0.83111,0.83133,2.30,1.50
2010.12.08 12:33:34.689,0.83111,0.83138,4.00,1.50
2010.12.08 12:33:34.919,0.83112,0.83141,2.50,1.50
2010.12.08 12:33:37.026,0.83113,0.83141,2.10,1.50
2010.12.08 12:33:37.254,0.83119,0.83141,2.30,1.50
2010.12.08 12:33:38.274,0.83119,0.83144,3.00,2.30
2010.12.08 12:33:38.390,0.83119,0.83144,4.00,2.30
2010.12.08 12:33:44.125,0.83119,0.83145,3.00,1.50
2010.12.08 12:33:59.881,0.83116,0.83142,2.30,1.70
2010.12.08 12:34:01.646,0.83107,0.83133,2.30,1.50
2010.12.08 12:34:02.553,0.83109,0.83134,2.30,1.50
2010.12.08 12:34:04.030,0.83111,0.8314,2.30,1.50
2010.12.08 12:34:07.562,0.83114,0.8314,2.30,3.80
2010.12.08 12:34:07.675,0.83113,0.83138,2.30,1.50
2010.12.08 12:34:08.125,0.83111,0.83137,2.30,2.30
2010.12.08 12:34:09.198,0.8311,0.83136,2.30,2.50
2010.12.08 12:34:09.321,0.83107,0.83133,2.30,2.30
2010.12.08 12:34:10.913,0.83104,0.83131,2.30,2.30
2010.12.08 12:34:11.137,0.83105,0.83133,2.30,2.50
2010.12.08 12:34:11.990,0.8311,0.83133,2.50,1.50
2010.12.08 12:34:12.330,0.83116,0.8314,1.50,1.50
2010.12.08 12:34:13.260,0.8312,0.83141,2.30,1.50
2010.12.08 12:34:13.954,0.83122,0.8315,2.50,2.30
2010.12.08 12:34:14.284,0.83123,0.83151,2.50,1.50
2010.12.08 12:34:16.607,0.83118,0.83149,2.30,1.50
2010.12.08 12:34:16.979,0.83117,0.83147,2.30,1.50
2010.12.08 12:34:17.097,0.83117,0.83144,2.30,1.50
2010.12.08 12:34:17.934,0.83117,0.83141,2.30,1.50
2010.12.08 12:34:25.228,0.83117,0.83145,2.30,1.50
2010.12.08 12:34:26.108,0.83119,0.8315,2.30,1.50
2010.12.08 12:34:26.266,0.83119,0.8315,2.30,1.50
2010.12.08 12:34:26.385,0.83127,0.8315,1.50,1.50
2010.12.08 12:34:27.628,0.83118,0.83149,2.30,1.10
2010.12.08 12:34:28.261,0.83117,0.83144,2.30,1.50
2010.12.08 12:34:28.841,0.83117,0.83149,2.30,1.10
2010.12.08 12:34:29.206,0.83116,0.83147,3.80,1.50
2010.12.08 12:34:30.975,0.83116,0.83142,2.30,1.50
2010.12.08 12:34:31.492,0.83111,0.83142,3.10,2.30
2010.12.08 12:34:31.609,0.83113,0.83139,2.40,1.50
2010.12.08 12:34:36.247,0.83109,0.83139,2.30,1.50
2010.12.08 12:34:38.208,0.83107,0.83137,2.30,3.00
2010.12.08 12:34:38.772,0.83107,0.83136,2.30,3.00
2010.12.08 12:34:46.596,0.83112,0.83136,1.20,1.50
2010.12.08 12:34:47.383,0.83117,0.83139,3.80,1.50
2010.12.08 12:34:47.505,0.83113,0.83141,2.30,1.50
2010.12.08 12:34:54.241,0.83115,0.83143,2.30,1.50
2010.12.08 12:34:54.360,0.83116,0.83144,2.30,2.30
2010.12.08 12:34:54.953,0.83118,0.83144,2.30,1.50
2010.12.08 12:34:56.317,0.83118,0.83144,2.30,3.80
2010.12.08 12:34:57.080,0.83115,0.83144,2.30,5.40
2010.12.08 12:34:57.201,0.83114,0.83144,2.30,6.10
2010.12.08 12:34:58.023,0.83107,0.8314,2.30,2.10
2010.12.08 12:34:58.820,0.83109,0.83137,2.30,1.50
2010.12.08 12:35:01.330,0.83111,0.83136,2.30,1.50
2010.12.08 12:35:02.086,0.83111,0.83136,2.30,1.50
2010.12.08 12:35:02.215,0.83111,0.83133,2.30,1.50
2010.12.08 12:35:03.085,0.83105,0.83133,1.50,1.50
2010.12.08 12:35:03.416,0.83105,0.83133,1.20,1.50
2010.12.08 12:35:05.114,0.83106,0.8313,1.50,3.00
2010.12.08 12:35:05.224,0.83096,0.8313,2.70,3.00
2010.12.08 12:35:06.285,0.83097,0.83126,2.30,1.50
2010.12.08 12:35:09.735,0.83101,0.83129,3.20,2.30
2010.12.08 12:35:10.383,0.83101,0.8313,4.50,1.50
2010.12.08 12:35:10.968,0.83104,0.8313,1.50,1.50
2010.12.08 12:35:11.194,0.83107,0.83133,2.30,1.50
2010.12.08 12:35:11.792,0.83106,0.83134,2.30,3.00
2010.12.08 12:35:11.905,0.83106,0.83134,2.30,3.00
2010.12.08 12:35:14.217,0.83112,0.83143,2.30,4.70
2010.12.08 12:35:14.377,0.83114,0.83143,2.30,3.20
2010.12.08 12:35:25.834,0.83116,0.83143,2.30,1.70
2010.12.08 12:35:32.796,0.83118,0.83143,1.10,3.00
2010.12.08 12:35:32.907,0.8312,0.83146,2.30,1.50
2010.12.08 12:35:33.487,0.8312,0.83148,3.00,1.50
2010.12.08 12:35:36.046,0.8312,0.83146,3.00,1.50
2010.12.08 12:35:40.675,0.83121,0.83146,1.50,1.50
2010.12.08 12:35:42.120,0.83122,0.83146,1.50,1.50
2010.12.08 12:35:42.253,0.8312,0.83149,3.00,3.00
2010.12.08 12:35:43.473,0.83122,0.83149,2.60,1.50
2010.12.08 12:35:44.285,0.83129,0.83153,3.00,1.70
2010.12.08 12:35:45.277,0.8313,0.83152,2.30,2.30
2010.12.08 12:35:45.395,0.8313,0.83152,3.00,2.30
2010.12.08 12:35:46.074,0.83131,0.83158,2.40,1.50
2010.12.08 12:35:49.157,0.83133,0.8316,2.50,1.50
2010.12.08 12:35:54.496,0.83134,0.83161,2.30,3.00
2010.12.08 12:35:54.613,0.83131,0.8316,2.30,1.50
2010.12.08 12:35:55.104,0.83136,0.8316,1.50,1.50
2010.12.08 12:35:55.883,0.83136,0.83156,1.50,1.50
2010.12.08 12:35:59.147,0.83136,0.83156,1.50,1.50
2010.12.08 12:35:59.326,0.83127,0.83152,2.30,1.50
2010.12.08 12:36:03.526,0.83124,0.83149,1.50,1.70
2010.12.08 12:36:03.647,0.83118,0.83143,2.30,1.50
2010.12.08 12:36:05.040,0.83116,0.83143,2.30,1.50
2010.12.08 12:36:05.699,0.83116,0.83144,2.30,3.00
2010.12.08 12:36:06.147,0.83116,0.83143,2.40,1.50
2010.12.08 12:36:07.223,0.83121,0.83144,2.30,1.50
2010.12.08 12:36:07.340,0.83121,0.83149,2.30,1.50
2010.12.08 12:36:08.083,0.83121,0.83144,2.40,1.50
2010.12.08 12:36:08.394,0.83121,0.83149,2.40,1.50
2010.12.08 12:36:10.362,0.83124,0.83151,4.60,1.50
2010.12.08 12:36:11.173,0.83127,0.83153,2.40,3.80
2010.12.08 12:36:11.309,0.83127,0.83153,2.40,2.30
2010.12.08 12:36:11.427,0.83133,0.83153,2.30,2.30
2010.12.08 12:36:12.034,0.83133,0.83161,4.50,3.00
2010.12.08 12:36:12.147,0.83133,0.83161,4.50,2.30
2010.12.08 12:36:13.158,0.83136,0.83162,2.40,1.50
2010.12.08 12:36:13.728,0.83136,0.83162,2.30,1.50
2010.12.08 12:36:14.438,0.83144,0.83167,3.00,2.30
2010.12.08 12:36:14.562,0.83144,0.8317,3.00,2.30
2010.12.08 12:36:16.105,0.83143,0.83167,3.00,1.50
2010.12.08 12:36:18.467,0.83148,0.8317,1.50,2.30
2010.12.08 12:36:18.806,0.83148,0.83174,2.30,1.50
2010.12.08 12:36:19.607,0.8315,0.83174,1.50,1.50
2010.12.08 12:36:20.876,0.83148,0.83171,1.50,1.50
2010.12.08 12:36:21.258,0.83156,0.83171,2.30,1.50
2010.12.08 12:36:21.878,0.83148,0.83172,2.30,1.50
2010.12.08 12:36:21.994,0.83147,0.83175,2.30,1.50
2010.12.08 12:36:22.964,0.83147,0.83175,2.30,1.50
2010.12.08 12:36:26.363,0.83147,0.83172,3.90,1.50
2010.12.08 12:36:26.478,0.8315,0.83178,3.20,1.50
2010.12.08 12:36:26.598,0.83154,0.83178,2.50,1.50
2010.12.08 12:36:26.717,0.83151,0.8318,1.70,1.50
2010.12.08 12:36:27.354,0.83153,0.8318,3.00,2.30
2010.12.08 12:36:27.468,0.83153,0.83183,4.70,1.50
2010.12.08 12:36:29.012,0.83156,0.83182,2.30,2.10
2010.12.08 12:36:29.127,0.83156,0.83181,1.50,1.40
2010.12.08 12:36:32.856,0.83157,0.83181,1.50,3.00
2010.12.08 12:36:32.981,0.83158,0.83186,3.20,1.50
2010.12.08 12:36:33.208,0.8316,0.83186,1.20,1.50
2010.12.08 12:36:33.441,0.83168,0.83191,3.00,1.50
2010.12.08 12:36:34.021,0.83167,0.83195,2.30,1.50
2010.12.08 12:36:34.143,0.83166,0.83194,2.30,1.50
2010.12.08 12:36:35.055,0.83164,0.83192,2.30,1.50
2010.12.08 12:36:35.675,0.83162,0.83192,4.50,3.00
2010.12.08 12:36:35.787,0.83162,0.83192,4.50,3.00
2010.12.08 12:36:39.241,0.83161,0.83189,2.30,1.70
2010.12.08 12:36:40.814,0.83158,0.83189,3.60,1.50
2010.12.08 12:36:41.932,0.83163,0.83189,3.40,1.50
2010.12.08 12:36:42.047,0.83164,0.83191,2.30,1.50
2010.12.08 12:36:42.168,0.83164,0.83192,2.30,1.50
2010.12.08 12:36:45.489,0.83161,0.83189,2.30,1.40
2010.12.08 12:36:46.245,0.83163,0.83185,2.30,2.30
2010.12.08 12:36:47.507,0.83162,0.83188,2.50,1.50
2010.12.08 12:36:49.903,0.83163,0.83189,3.20,1.50
2010.12.08 12:36:52.429,0.83163,0.83183,2.30,1.50
2010.12.08 12:36:52.585,0.83153,0.83182,3.00,2.30
2010.12.08 12:36:55.171,0.83158,0.83183,1.50,1.50
2010.12.08 12:36:55.288,0.83162,0.83183,1.50,1.50
2010.12.08 12:36:55.415,0.83162,0.83186,2.30,1.50
2010.12.08 12:36:55.641,0.83163,0.8319,2.30,1.50
2010.12.08 12:36:56.442,0.83163,0.83189,3.00,1.50
2010.12.08 12:36:58.251,0.83165,0.83189,1.50,1.50
2010.12.08 12:36:59.053,0.83163,0.83192,3.00,2.30
2010.12.08 12:36:59.174,0.83164,0.83193,3.20,3.00
2010.12.08 12:37:01.525,0.83162,0.83192,2.30,2.50
2010.12.08 12:37:02.194,0.83164,0.83191,2.30,1.50
2010.12.08 12:37:05.217,0.83171,0.83193,2.30,1.50
2010.12.08 12:37:06.109,0.83171,0.83196,2.30,3.00
2010.12.08 12:37:06.246,0.83171,0.83196,3.00,2.30
2010.12.08 12:37:06.636,0.83168,0.83194,2.30,1.50
2010.12.08 12:37:09.909,0.83171,0.83194,2.30,1.50
2010.12.08 12:37:11.115,0.83168,0.83193,2.30,3.00
2010.12.08 12:37:14.757,0.83157,0.83183,3.80,2.30
2010.12.08 12:37:16.201,0.83152,0.83182,2.30,1.50
2010.12.08 12:37:16.314,0.83152,0.83182,2.30,2.30
2010.12.08 12:37:16.426,0.83151,0.8318,4.50,1.50
2010.12.08 12:37:17.923,0.83153,0.8318,1.10,1.50
2010.12.08 12:37:18.157,0.83152,0.83183,5.60,3.00
2010.12.08 12:37:22.186,0.83161,0.83183,2.30,1.50
2010.12.08 12:37:22.859,0.83157,0.83183,2.50,1.50
2010.12.08 12:37:23.530,0.8316,0.83183,2.30,1.50
2010.12.08 12:37:24.145,0.83167,0.83187,1.50,3.00
2010.12.08 12:37:30.876,0.83156,0.83184,2.30,1.50
2010.12.08 12:37:32.005,0.83157,0.8318,1.50,1.50
2010.12.08 12:37:33.355,0.83156,0.8318,1.50,3.00
2010.12.08 12:37:33.466,0.83152,0.8318,3.20,1.50
2010.12.08 12:37:33.919,0.83162,0.8318,1.20,1.50
2010.12.08 12:37:34.151,0.83162,0.83184,1.40,2.30
2010.12.08 12:37:34.269,0.83167,0.83185,1.50,1.50
2010.12.08 12:37:34.929,0.8317,0.83193,3.00,2.30
2010.12.08 12:37:35.051,0.8317,0.83194,3.00,1.50
2010.12.08 12:37:37.435,0.83165,0.83189,2.30,2.50
2010.12.08 12:37:37.549,0.8317,0.83191,3.00,1.50
2010.12.08 12:37:38.554,0.8317,0.83198,2.30,1.50
2010.12.08 12:37:38.666,0.8317,0.83193,2.30,1.50
2010.12.08 12:37:39.110,0.83161,0.83188,3.20,2.40
2010.12.08 12:37:39.855,0.83167,0.83189,1.50,1.50
2010.12.08 12:37:40.410,0.8316,0.83187,3.40,1.50
2010.12.08 12:37:41.163,0.83164,0.83187,1.50,1.50
2010.12.08 12:37:41.282,0.8316,0.83186,2.30,3.00
2010.12.08 12:37:42.189,0.83159,0.83184,2.30,1.50
2010.12.08 12:37:43.615,0.83158,0.83187,4.50,1.50
2010.12.08 12:37:43.947,0.83161,0.83187,1.40,1.50
2010.12.08 12:37:44.082,0.83161,0.8319,3.20,1.50
2010.12.08 12:37:44.580,0.83167,0.8319,1.50,1.50
2010.12.08 12:37:45.820,0.83156,0.83182,2.30,1.50
2010.12.08 12:37:47.847,0.83159,0.83182,2.50,1.50
2010.12.08 12:37:50.185,0.83159,0.83184,2.50,2.30
2010.12.08 12:37:50.327,0.83161,0.83188,3.20,1.50
2010.12.08 12:37:52.394,0.83157,0.83185,2.50,1.50
2010.12.08 12:37:53.537,0.83159,0.83183,2.30,1.50
2010.12.08 12:37:54.084,0.83159,0.83189,2.30,1.50
2010.12.08 12:37:56.188,0.83162,0.83189,1.20,3.00
2010.12.08 12:37:56.704,0.83167,0.83189,1.40,3.00
2010.12.08 12:37:56.826,0.83171,0.83195,2.30,1.50
2010.12.08 12:37:56.940,0.83171,0.83195,3.00,1.50
2010.12.08 12:37:58.083,0.83171,0.832,3.00,1.50
2010.12.08 12:38:00.065,0.83171,0.83199,4.70,1.50
2010.12.08 12:38:05.515,0.83176,0.83202,2.30,1.50
2010.12.08 12:38:05.628,0.83176,0.83202,2.30,1.50
2010.12.08 12:38:06.525,0.83178,0.83205,3.20,2.30
2010.12.08 12:38:06.637,0.83178,0.83206,3.20,3.00
2010.12.08 12:38:07.565,0.83178,0.83203,3.20,1.50
2010.12.08 12:38:08.591,0.83184,0.83214,2.30,2.40
2010.12.08 12:38:09.712,0.83187,0.83215,2.90,1.50
2010.12.08 12:38:12.710,0.83187,0.83214,2.70,1.50
2010.12.08 12:38:13.687,0.83186,0.83217,6.00,4.50
2010.12.08 12:38:13.804,0.83186,0.83217,6.00,4.70
2010.12.08 12:38:14.463,0.83186,0.83214,6.00,1.50
2010.12.08 12:38:15.018,0.83187,0.83204,1.50,2.30
2010.12.08 12:38:15.529,0.83181,0.83204,2.30,2.30
2010.12.08 12:38:15.659,0.83186,0.83214,3.00,4.60
2010.12.08 12:38:16.467,0.83185,0.83213,2.50,1.50
2010.12.08 12:38:22.477,0.83186,0.83214,2.30,1.70
2010.12.08 12:38:22.706,0.83186,0.83212,1.50,1.70
2010.12.08 12:38:22.821,0.83178,0.83211,3.20,2.30
2010.12.08 12:38:23.515,0.83186,0.83211,1.50,2.30
2010.12.08 12:38:25.864,0.83186,0.83212,2.50,1.50
2010.12.08 12:38:41.503,0.83182,0.8321,2.30,1.50
2010.12.08 12:38:41.617,0.83182,0.83213,2.30,3.00
2010.12.08 12:38:41.735,0.83187,0.83213,1.50,3.00
2010.12.08 12:38:44.478,0.83187,0.83209,1.50,1.50
2010.12.08 12:38:45.740,0.83187,0.83213,4.00,3.00
2010.12.08 12:38:45.858,0.83186,0.83213,4.70,3.00
2010.12.08 12:38:47.417,0.83187,0.83213,2.50,3.00
2010.12.08 12:38:48.156,0.83196,0.83218,1.50,1.50
2010.12.08 12:38:49.386,0.83206,0.83228,1.50,1.60
2010.12.08 12:38:49.937,0.83206,0.83224,1.50,1.20
2010.12.08 12:38:50.514,0.83197,0.83221,2.30,1.20
2010.12.08 12:38:50.640,0.83197,0.83219,2.30,1.50
2010.12.08 12:38:56.046,0.83197,0.83219,1.70,1.50
2010.12.08 12:38:56.158,0.83196,0.83223,3.80,1.50
2010.12.08 12:38:56.726,0.83196,0.83222,3.80,1.50
2010.12.08 12:38:56.881,0.83196,0.83219,2.30,1.50
2010.12.08 12:38:57.000,0.83187,0.83218,5.50,2.30
2010.12.08 12:38:57.574,0.83187,0.83218,2.50,2.70
2010.12.08 12:38:59.049,0.83186,0.83214,2.30,3.80
2010.12.08 12:38:59.169,0.83186,0.83214,2.30,4.50
2010.12.08 12:39:00.966,0.83186,0.83208,1.50,1.50
2010.12.08 12:39:01.085,0.83178,0.83208,2.30,1.50
2010.12.08 12:39:01.952,0.83187,0.83208,1.50,1.50
2010.12.08 12:39:05.168,0.83187,0.83204,1.50,1.50
2010.12.08 12:39:05.288,0.83176,0.83204,2.30,1.50
2010.12.08 12:39:05.880,0.83176,0.83206,2.30,2.70
2010.12.08 12:39:06.012,0.83176,0.83204,2.30,2.30
2010.12.08 12:39:07.299,0.83176,0.83203,1.50,1.80
2010.12.08 12:39:07.823,0.83172,0.83203,3.00,3.30
2010.12.08 12:39:07.969,0.83166,0.83197,2.50,2.30
2010.12.08 12:39:08.917,0.83166,0.83199,2.30,5.60
2010.12.08 12:39:09.048,0.83166,0.83197,2.30,1.20
2010.12.08 12:39:09.946,0.83167,0.83193,2.30,2.30
2010.12.08 12:39:10.064,0.83167,0.83193,2.30,2.30
2010.12.08 12:39:11.955,0.83167,0.83191,1.50,1.50
2010.12.08 12:39:12.068,0.83167,0.83191,1.50,1.50
2010.12.08 12:39:13.557,0.83157,0.8319,2.50,1.20
2010.12.08 12:39:14.251,0.83167,0.8319,1.50,1.20
2010.12.08 12:39:24.702,0.83158,0.83189,2.30,1.20
2010.12.08 12:39:25.740,0.83166,0.83194,2.30,3.40
2010.12.08 12:39:26.316,0.83166,0.83192,2.30,1.20
2010.12.08 12:39:26.968,0.83164,0.8319,2.30,1.20
2010.12.08 12:39:28.551,0.83162,0.83183,1.50,1.50
2010.12.08 12:39:28.790,0.83157,0.83183,2.30,1.50
2010.12.08 12:39:30.706,0.83156,0.83184,3.80,1.50
2010.12.08 12:39:32.505,0.83157,0.83183,2.30,2.30
2010.12.08 12:39:32.727,0.83157,0.83183,2.30,2.70
2010.12.08 12:39:33.304,0.83157,0.8318,2.30,1.20
2010.12.08 12:39:33.761,0.8316,0.83179,2.30,1.40
2010.12.08 12:39:33.876,0.83157,0.83178,2.30,2.70
2010.12.08 12:39:34.455,0.83156,0.83181,1.50,3.00
2010.12.08 12:39:34.566,0.83156,0.8318,2.30,1.50
2010.12.08 12:39:35.604,0.83152,0.83173,2.30,1.50
2010.12.08 12:39:38.422,0.83149,0.83173,2.30,3.20
2010.12.08 12:39:39.248,0.83137,0.83164,2.30,1.70
2010.12.08 12:39:43.806,0.8314,0.83164,1.50,1.50
2010.12.08 12:39:44.514,0.83137,0.83164,2.30,3.40
2010.12.08 12:39:46.538,0.8314,0.83164,1.50,1.50
2010.12.08 12:39:50.651,0.83144,0.83172,2.30,2.30
2010.12.08 12:39:50.766,0.83147,0.83172,1.50,2.30
2010.12.08 12:39:51.307,0.83147,0.83173,3.80,2.30
2010.12.08 12:39:52.530,0.83149,0.83173,1.50,2.30
2010.12.08 12:39:53.860,0.83149,0.83173,1.50,3.80
2010.12.08 12:40:00.109,0.8315,0.83173,1.50,2.30
2010.12.08 12:40:00.821,0.83147,0.83173,2.30,2.30
2010.12.08 12:40:02.448,0.83147,0.83172,1.50,1.50
2010.12.08 12:40:03.055,0.83147,0.83171,1.50,1.50
2010.12.08 12:40:03.754,0.83147,0.83166,1.50,1.50
2010.12.08 12:40:03.988,0.83147,0.83169,1.50,1.50
2010.12.08 12:40:06.747,0.83147,0.8317,1.50,1.50
2010.12.08 12:40:15.867,0.83146,0.83174,3.80,4.70
2010.12.08 12:40:16.816,0.83146,0.83174,3.80,4.70
2010.12.08 12:40:18.527,0.83146,0.83174,2.30,4.80
2010.12.08 12:40:19.127,0.83146,0.8317,2.30,2.30
2010.12.08 12:40:19.981,0.8314,0.83163,2.30,1.50
2010.12.08 12:40:20.736,0.83143,0.83163,2.50,1.50
2010.12.08 12:40:20.854,0.8315,0.83174,4.70,1.50
2010.12.08 12:40:21.680,0.83146,0.83171,2.30,1.50
2010.12.08 12:40:21.798,0.83146,0.83171,2.30,1.50
2010.12.08 12:40:22.669,0.83146,0.83173,2.30,1.50
2010.12.08 12:40:25.692,0.83151,0.83173,3.00,1.50
2010.12.08 12:40:25.812,0.83151,0.83176,3.00,1.50
2010.12.08 12:40:25.929,0.83156,0.83178,1.50,2.30
2010.12.08 12:40:26.644,0.83156,0.83176,1.50,1.50
2010.12.08 12:40:27.386,0.83156,0.83176,1.50,1.60
2010.12.08 12:40:28.383,0.83156,0.83176,1.50,1.50
2010.12.08 12:40:28.496,0.83156,0.83176,1.50,1.60
2010.12.08 12:40:29.369,0.83156,0.83174,1.50,2.30
2010.12.08 12:40:29.488,0.83147,0.83174,2.30,2.40
2010.12.08 12:40:29.788,0.83147,0.83174,2.30,2.30
2010.12.08 12:40:31.419,0.83156,0.83177,1.50,2.40
2010.12.08 12:40:32.063,0.83148,0.83174,2.30,2.30
2010.12.08 12:40:33.998,0.83146,0.83174,2.30,2.50
2010.12.08 12:40:34.117,0.83146,0.83173,2.30,1.50
2010.12.08 12:40:35.082,0.83148,0.83174,4.50,2.30
2010.12.08 12:40:37.746,0.8315,0.83173,2.30,1.50
2010.12.08 12:40:38.078,0.83153,0.83173,2.50,1.50
2010.12.08 12:40:38.687,0.83151,0.83183,2.40,2.30
2010.12.08 12:40:38.813,0.83163,0.83185,1.50,2.30
2010.12.08 12:40:39.848,0.83158,0.8319,1.70,3.00
2010.12.08 12:40:39.979,0.83165,0.8319,1.40,3.00
2010.12.08 12:40:40.641,0.83167,0.83192,3.00,2.30
2010.12.08 12:40:40.775,0.83167,0.83194,3.00,2.30
2010.12.08 12:40:46.519,0.83178,0.83194,2.30,1.50
2010.12.08 12:40:46.643,0.8317,0.83203,4.70,3.80
2010.12.08 12:40:47.312,0.83176,0.83204,1.50,4.50
2010.12.08 12:40:49.237,0.83176,0.83204,1.50,4.50
2010.12.08 12:40:50.031,0.83166,0.832,2.50,1.50
2010.12.08 12:40:50.176,0.83166,0.83194,2.30,2.30
2010.12.08 12:40:54.002,0.83167,0.83196,3.20,1.50
2010.12.08 12:40:54.855,0.83169,0.83193,1.40,1.50
2010.12.08 12:40:54.969,0.83167,0.83196,2.50,1.50
2010.12.08 12:40:55.864,0.83167,0.83193,2.50,1.50
2010.12.08 12:40:57.311,0.83168,0.83193,1.40,1.50
2010.12.08 12:40:58.184,0.83176,0.83196,1.50,1.50
2010.12.08 12:40:59.318,0.83176,0.832,1.50,1.50
2010.12.08 12:41:01.579,0.83168,0.83199,2.30,1.40
2010.12.08 12:41:01.704,0.83166,0.83192,4.50,2.30
2010.12.08 12:41:02.370,0.83166,0.83181,1.50,1.50
2010.12.08 12:41:02.492,0.83152,0.83179,1.50,1.40
2010.12.08 12:41:03.060,0.83148,0.83175,2.40,1.50
2010.12.08 12:41:03.204,0.83144,0.83171,3.20,1.50
2010.12.08 12:41:03.318,0.83144,0.83171,4.70,1.50
2010.12.08 12:41:04.039,0.83152,0.83178,2.30,3.80
2010.12.08 12:41:04.161,0.83154,0.83181,4.50,3.00
2010.12.08 12:41:04.759,0.83157,0.83177,1.50,1.50
2010.12.08 12:41:04.989,0.83157,0.83181,1.70,1.50
2010.12.08 12:41:05.657,0.83156,0.83181,1.50,1.50
2010.12.08 12:41:06.520,0.8315,0.83181,2.30,1.50
2010.12.08 12:41:06.636,0.83152,0.83173,2.30,1.50
2010.12.08 12:41:08.897,0.83147,0.83173,2.60,1.50
2010.12.08 12:41:10.444,0.83148,0.83173,1.10,2.30
2010.12.08 12:41:14.732,0.83147,0.83174,2.30,1.50
2010.12.08 12:41:15.432,0.83151,0.83173,2.30,1.50
2010.12.08 12:41:15.553,0.83154,0.83177,1.50,1.50
2010.12.08 12:41:16.143,0.83153,0.83183,2.30,1.50
2010.12.08 12:41:17.188,0.83157,0.83178,1.50,1.50
2010.12.08 12:41:22.810,0.8315,0.83178,2.30,3.20
2010.12.08 12:41:23.338,0.8315,0.83175,2.30,2.30
2010.12.08 12:41:24.385,0.83156,0.83179,3.00,1.50
2010.12.08 12:41:25.091,0.8316,0.8318,3.20,2.30
2010.12.08 12:41:25.235,0.83167,0.83193,5.50,2.30
2010.12.08 12:41:25.348,0.83167,0.83193,6.20,2.30
2010.12.08 12:41:26.086,0.83167,0.83188,4.70,1.50
2010.12.08 12:41:26.196,0.83167,0.83193,6.20,2.30
2010.12.08 12:41:29.372,0.83166,0.83188,1.50,1.50
2010.12.08 12:41:30.073,0.83166,0.83185,1.50,1.50
2010.12.08 12:41:30.218,0.83159,0.83185,2.50,1.50
2010.12.08 12:41:32.925,0.83156,0.83182,2.50,1.50
2010.12.08 12:41:34.208,0.83157,0.83183,4.00,1.50
2010.12.08 12:41:34.329,0.83161,0.83186,2.30,1.50
2010.12.08 12:41:34.954,0.83166,0.83191,1.50,1.50
2010.12.08 12:41:36.507,0.83162,0.83191,2.50,1.50
2010.12.08 12:41:37.265,0.83161,0.83191,2.50,1.50
2010.12.08 12:41:37.979,0.83166,0.83191,1.50,1.50
2010.12.08 12:41:40.380,0.83163,0.83189,2.30,1.40
2010.12.08 12:41:40.996,0.83167,0.83185,1.50,1.50
2010.12.08 12:41:41.784,0.83167,0.83188,1.50,1.50
2010.12.08 12:41:42.115,0.83167,0.83189,1.50,1.50
2010.12.08 12:41:45.684,0.83158,0.83189,2.60,1.50
2010.12.08 12:41:45.803,0.83158,0.83188,2.30,3.20
2010.12.08 12:41:45.919,0.83157,0.83185,2.30,1.50
2010.12.08 12:41:46.044,0.83167,0.83185,1.50,1.50
2010.12.08 12:41:47.826,0.83157,0.83185,2.40,1.50
2010.12.08 12:41:48.573,0.83163,0.83186,2.50,3.00
2010.12.08 12:41:48.689,0.83163,0.8319,2.50,1.50
2010.12.08 12:41:49.259,0.83163,0.8319,2.30,1.50
2010.12.08 12:41:49.385,0.83167,0.8319,2.30,1.50
2010.12.08 12:41:51.376,0.83159,0.83187,1.20,2.30
2010.12.08 12:41:51.491,0.83156,0.83186,2.50,2.30
2010.12.08 12:41:51.607,0.83156,0.83186,2.50,3.00
2010.12.08 12:41:52.737,0.83154,0.83179,3.00,1.50
2010.12.08 12:41:52.981,0.83155,0.83179,1.40,1.50
2010.12.08 12:41:53.493,0.83156,0.83184,1.40,3.00
2010.12.08 12:41:54.319,0.83153,0.83181,3.20,1.50
2010.12.08 12:41:55.691,0.83148,0.8318,2.50,1.50
2010.12.08 12:42:01.287,0.8315,0.83178,2.50,1.50
2010.12.08 12:42:01.877,0.83153,0.83175,2.50,1.50
2010.12.08 12:42:02.003,0.83147,0.83175,2.60,1.50
2010.12.08 12:42:02.776,0.83147,0.83175,2.40,1.50
2010.12.08 12:42:02.891,0.83147,0.83174,2.40,1.50
2010.12.08 12:42:03.517,0.83147,0.83173,1.60,1.50
2010.12.08 12:42:04.205,0.83147,0.83172,1.50,1.50
2010.12.08 12:42:04.734,0.83147,0.83176,2.70,1.50
2010.12.08 12:42:05.258,0.83147,0.83176,2.70,1.50
2010.12.08 12:42:05.445,0.83147,0.83178,4.30,1.70
2010.12.08 12:42:06.124,0.83147,0.83174,3.90,1.50
2010.12.08 12:42:07.376,0.83147,0.83174,2.50,1.50
2010.12.08 12:42:10.583,0.8314,0.83167,2.30,2.30
2010.12.08 12:42:11.127,0.8314,0.83169,2.30,3.20
2010.12.08 12:42:16.342,0.83136,0.83164,3.80,3.00
2010.12.08 12:42:17.373,0.83138,0.8317,1.40,3.00
2010.12.08 12:42:17.501,0.83145,0.83171,2.50,1.50
2010.12.08 12:42:18.151,0.83146,0.83174,2.90,2.30
2010.12.08 12:42:19.321,0.83146,0.83174,1.40,2.30
2010.12.08 12:42:19.893,0.83146,0.83173,1.40,1.50
2010.12.08 12:42:29.813,0.83147,0.8317,1.50,1.50
2010.12.08 12:42:29.931,0.83137,0.8317,2.70,3.20
2010.12.08 12:42:30.947,0.83137,0.83166,2.30,1.50
2010.12.08 12:42:31.483,0.83137,0.83163,2.30,1.50
2010.12.08 12:42:31.822,0.83137,0.83163,2.30,1.50
2010.12.08 12:42:32.612,0.83127,0.83159,3.80,3.00
2010.12.08 12:42:32.726,0.83128,0.83155,2.40,1.50
2010.12.08 12:42:40.157,0.83126,0.83155,4.70,1.50
2010.12.08 12:42:44.050,0.83126,0.83155,4.70,1.50
2010.12.08 12:42:45.465,0.83126,0.83155,4.70,1.50
2010.12.08 12:42:46.632,0.83121,0.83146,1.20,1.70
2010.12.08 12:42:46.749,0.83118,0.83146,2.30,1.70
2010.12.08 12:42:46.986,0.83118,0.83143,2.30,1.50
2010.12.08 12:42:48.490,0.83119,0.83143,1.50,1.50
2010.12.08 12:42:49.077,0.83119,0.83146,2.30,1.50
2010.12.08 12:42:49.429,0.83121,0.83149,2.30,1.50
2010.12.08 12:42:51.509,0.83122,0.83149,4.70,1.50
2010.12.08 12:42:51.737,0.83122,0.83149,2.40,1.50
2010.12.08 12:42:54.145,0.83119,0.83141,1.20,1.50
2010.12.08 12:42:54.590,0.83116,0.83143,2.30,1.50
2010.12.08 12:42:55.577,0.8312,0.83147,2.30,1.50
2010.12.08 12:42:56.137,0.83118,0.83145,2.30,1.20
2010.12.08 12:42:56.938,0.83107,0.83139,2.30,2.50
2010.12.08 12:42:57.075,0.83116,0.83138,2.30,2.30
2010.12.08 12:42:58.113,0.83111,0.8314,2.30,1.50
2010.12.08 12:43:00.067,0.8311,0.83137,1.50,1.50
2010.12.08 12:43:00.679,0.8311,0.83133,1.50,1.50
2010.12.08 12:43:00.907,0.83108,0.83133,1.70,1.50
2010.12.08 12:43:02.060,0.83109,0.83137,2.50,1.50
2010.12.08 12:43:02.522,0.83115,0.83142,2.10,1.50
2010.12.08 12:43:02.649,0.83115,0.83142,2.10,1.50
2010.12.08 12:43:03.264,0.83116,0.83142,4.50,1.50
2010.12.08 12:43:04.377,0.83107,0.83138,2.30,2.30
2010.12.08 12:43:05.580,0.83125,0.83143,3.80,1.50
2010.12.08 12:43:05.698,0.83124,0.83149,1.50,1.50
2010.12.08 12:43:05.819,0.8312,0.83141,2.70,1.50
2010.12.08 12:43:06.490,0.83122,0.83149,2.30,1.50
2010.12.08 12:43:10.679,0.8312,0.83146,2.30,1.50
2010.12.08 12:43:11.633,0.8312,0.83146,2.30,1.50
2010.12.08 12:43:13.592,0.83116,0.83143,2.70,1.50
2010.12.08 12:43:14.664,0.83121,0.83146,1.50,1.50
2010.12.08 12:43:15.589,0.83117,0.83146,3.80,1.70
2010.12.08 12:43:16.361,0.83117,0.83141,2.30,1.50
2010.12.08 12:43:18.147,0.83117,0.83141,2.30,2.50
2010.12.08 12:43:18.292,0.83098,0.83126,2.40,1.50
2010.12.08 12:43:18.409,0.83097,0.83125,3.80,1.50
2010.12.08 12:43:18.988,0.83098,0.83125,2.40,1.50
2010.12.08 12:43:19.337,0.83099,0.83123,1.50,1.50
2010.12.08 12:43:20.227,0.83102,0.83123,1.50,1.50
2010.12.08 12:43:20.574,0.83099,0.83123,1.50,1.50
2010.12.08 12:43:21.698,0.83098,0.83123,1.60,1.50
2010.12.08 12:43:23.768,0.83102,0.83118,2.30,1.50
2010.12.08 12:43:23.890,0.83102,0.83123,3.80,1.50
2010.12.08 12:43:25.093,0.831,0.83123,1.50,1.50
2010.12.08 12:43:25.208,0.83098,0.83123,2.40,1.50
2010.12.08 12:43:26.537,0.83099,0.83123,1.50,1.50
2010.12.08 12:43:27.771,0.831,0.83123,1.50,1.50
2010.12.08 12:43:28.008,0.83097,0.83122,2.30,2.50
2010.12.08 12:43:28.597,0.83089,0.83115,2.50,1.50
2010.12.08 12:43:29.048,0.8309,0.83115,1.50,1.50
2010.12.08 12:43:29.733,0.83092,0.83116,2.30,1.50
2010.12.08 12:43:30.451,0.8309,0.83116,2.40,1.50
2010.12.08 12:43:32.651,0.83096,0.8312,4.10,1.50
2010.12.08 12:43:34.044,0.83096,0.8312,4.00,1.50
2010.12.08 12:43:34.712,0.83096,0.8312,4.00,1.50
2010.12.08 12:43:35.466,0.83107,0.83127,1.50,1.50
2010.12.08 12:43:36.296,0.831,0.83129,2.50,1.50
2010.12.08 12:43:37.235,0.83108,0.83139,1.40,3.00
2010.12.08 12:43:38.252,0.83106,0.83134,5.30,1.70
2010.12.08 12:43:38.391,0.83108,0.83134,1.40,1.50
2010.12.08 12:43:38.620,0.83108,0.83133,2.90,1.50
2010.12.08 12:43:39.630,0.83111,0.83142,1.40,1.50
2010.12.08 12:43:39.747,0.83113,0.83133,1.40,1.50
2010.12.08 12:43:40.087,0.83113,0.83133,1.40,1.50
2010.12.08 12:43:40.315,0.83113,0.83144,1.40,2.30
2010.12.08 12:43:42.047,0.83117,0.83142,1.50,1.50
2010.12.08 12:43:42.791,0.83108,0.83133,2.30,1.50
2010.12.08 12:43:43.834,0.83116,0.83142,2.30,1.50
2010.12.08 12:43:47.637,0.83116,0.83137,1.50,1.20
2010.12.08 12:43:47.780,0.83107,0.83137,2.70,1.50
2010.12.08 12:43:48.118,0.83116,0.83137,1.50,1.50
2010.12.08 12:43:48.810,0.83113,0.83143,2.30,3.00
2010.12.08 12:43:48.930,0.83116,0.83143,1.50,1.50
2010.12.08 12:43:49.594,0.83111,0.8314,2.40,1.50
2010.12.08 12:43:50.323,0.83109,0.83138,2.30,3.00
2010.12.08 12:43:50.441,0.83108,0.83137,2.30,1.50
2010.12.08 12:43:51.146,0.83112,0.83134,1.50,2.30
2010.12.08 12:43:51.778,0.83107,0.83136,2.30,1.50
2010.12.08 12:43:52.821,0.83107,0.83133,2.30,1.50
2010.12.08 12:43:53.824,0.83111,0.8314,2.30,1.50
2010.12.08 12:43:53.936,0.83117,0.8314,1.50,1.50
2010.12.08 12:43:54.923,0.83117,0.83137,1.50,1.50
2010.12.08 12:43:55.104,0.83106,0.8313,1.50,1.50
2010.12.08 12:43:56.057,0.83101,0.8313,2.40,1.50
2010.12.08 12:43:56.517,0.83098,0.83124,2.50,2.30
2010.12.08 12:43:56.638,0.83098,0.83123,2.50,1.50
2010.12.08 12:43:59.291,0.83096,0.83117,1.50,1.50
2010.12.08 12:44:13.200,0.83092,0.83117,2.30,1.50
2010.12.08 12:44:13.812,0.83097,0.83117,1.50,1.50
2010.12.08 12:44:14.661,0.83092,0.83117,2.30,1.50
2010.12.08 12:44:18.804,0.83086,0.83112,2.30,2.30
2010.12.08 12:44:18.927,0.8308,0.83107,3.00,1.50
2010.12.08 12:44:19.521,0.83083,0.83111,2.30,1.40
2010.12.08 12:44:20.620,0.83077,0.83103,3.20,2.30
2010.12.08 12:44:21.157,0.83083,0.83105,2.30,1.50
2010.12.08 12:44:21.316,0.83085,0.83113,4.00,2.40
2010.12.08 12:44:21.428,0.83084,0.83113,3.20,2.40
2010.12.08 12:44:23.448,0.83086,0.83114,2.40,1.50
2010.12.08 12:44:24.532,0.83087,0.83112,1.50,1.50
2010.12.08 12:44:25.314,0.83086,0.83115,2.30,1.50
2010.12.08 12:44:29.150,0.83086,0.83111,2.30,2.30
2010.12.08 12:44:30.871,0.83085,0.83113,2.50,2.30
2010.12.08 12:44:31.006,0.83086,0.83114,2.30,1.20
2010.12.08 12:44:31.574,0.83086,0.83117,3.80,1.70
2010.12.08 12:44:33.199,0.83088,0.83119,4.70,1.50
2010.12.08 12:44:33.872,0.83088,0.83114,4.70,1.50
2010.12.08 12:44:35.022,0.83092,0.83123,3.20,1.50
2010.12.08 12:44:35.141,0.831,0.83124,2.50,2.30
2010.12.08 12:44:35.270,0.83102,0.83131,3.20,1.50
2010.12.08 12:44:35.969,0.83097,0.83127,2.50,2.30
2010.12.08 12:44:37.279,0.83097,0.83128,2.30,3.00
2010.12.08 12:44:37.507,0.83097,0.83123,2.30,1.50
2010.12.08 12:44:38.202,0.83097,0.83127,2.30,2.30
2010.12.08 12:44:38.319,0.83097,0.83123,2.30,2.30
2010.12.08 12:44:38.436,0.83097,0.83122,2.30,2.30
2010.12.08 12:44:42.031,0.831,0.83124,1.50,1.60
2010.12.08 12:44:42.145,0.83097,0.83123,6.00,2.40
2010.12.08 12:44:44.388,0.83101,0.83123,2.30,2.30
2010.12.08 12:44:44.562,0.83102,0.83129,2.50,1.50
2010.12.08 12:44:44.683,0.83105,0.83133,3.20,2.30
2010.12.08 12:44:44.799,0.83107,0.83136,2.50,1.50
2010.12.08 12:44:45.457,0.83111,0.8314,2.30,3.80
2010.12.08 12:44:49.310,0.83108,0.83138,4.70,2.30
2010.12.08 12:44:49.757,0.83108,0.83131,3.20,4.50
2010.12.08 12:44:49.879,0.83108,0.83124,2.30,1.70
2010.12.08 12:44:50.438,0.83092,0.8312,1.70,4.50
2010.12.08 12:44:50.794,0.83096,0.83121,3.80,3.00
2010.12.08 12:44:52.749,0.83097,0.83121,3.00,2.30
2010.12.08 12:44:53.087,0.83098,0.83123,2.30,1.50
2010.12.08 12:44:53.197,0.83097,0.83121,3.00,1.50
2010.12.08 12:44:54.008,0.83099,0.83123,1.40,1.50
2010.12.08 12:44:54.587,0.83096,0.83122,3.60,1.50
2010.12.08 12:44:54.733,0.83096,0.83122,2.30,1.70
2010.12.08 12:44:55.489,0.8309,0.8312,2.90,3.00
2010.12.08 12:44:57.841,0.83106,0.83132,1.40,3.00
2010.12.08 12:44:59.107,0.83103,0.83131,2.30,3.00
2010.12.08 12:45:00.637,0.83101,0.83127,3.00,1.50
2010.12.08 12:45:03.490,0.83103,0.83129,1.20,1.50
2010.12.08 12:45:03.610,0.83103,0.83132,1.40,1.50
2010.12.08 12:45:05.028,0.83107,0.83132,1.40,1.50
2010.12.08 12:45:05.153,0.83108,0.83135,3.20,1.50
2010.12.08 12:45:08.162,0.83108,0.83136,4.70,2.30
2010.12.08 12:45:09.393,0.83106,0.83135,3.80,1.50
2010.12.08 12:45:10.975,0.83108,0.83136,2.30,4.50
2010.12.08 12:45:12.770,0.83106,0.83134,3.80,1.50
2010.12.08 12:45:13.452,0.83107,0.83135,2.30,1.50
2010.12.08 12:45:23.004,0.83116,0.83139,2.30,1.50
2010.12.08 12:45:23.918,0.83116,0.8314,2.30,2.30
2010.12.08 12:45:29.956,0.83116,0.83138,2.30,1.50
2010.12.08 12:45:30.688,0.83122,0.83151,3.20,2.40
2010.12.08 12:45:30.869,0.83127,0.83153,2.30,3.10
2010.12.08 12:45:30.987,0.83127,0.83153,2.30,2.40
2010.12.08 12:45:31.806,0.83127,0.83153,2.30,2.30
2010.12.08 12:45:32.963,0.83127,0.83152,2.30,1.50
2010.12.08 12:45:33.945,0.83127,0.83149,2.30,1.50
2010.12.08 12:45:34.607,0.83126,0.83151,2.30,1.50
2010.12.08 12:45:35.844,0.83126,0.83148,2.30,1.50
2010.12.08 12:45:36.377,0.83128,0.83152,1.40,1.50
2010.12.08 12:45:36.826,0.83136,0.83152,1.50,1.50
2010.12.08 12:45:38.841,0.83136,0.83154,1.50,2.30
2010.12.08 12:45:39.512,0.83136,0.83155,1.50,2.30
2010.12.08 12:45:40.589,0.83128,0.83153,1.20,2.30
2010.12.08 12:45:41.896,0.83126,0.83151,2.30,1.50
2010.12.08 12:45:43.231,0.8313,0.83151,1.40,1.50
2010.12.08 12:45:43.751,0.8313,0.83156,1.40,3.80
2010.12.08 12:45:43.883,0.83137,0.83159,1.50,1.50
2010.12.08 12:45:45.033,0.83134,0.83159,3.00,1.50
2010.12.08 12:45:45.796,0.83134,0.83159,3.00,1.50
2010.12.08 12:45:48.626,0.83136,0.8316,2.30,1.50
2010.12.08 12:45:49.612,0.83131,0.83157,2.40,1.50
2010.12.08 12:45:49.836,0.83129,0.83157,3.90,1.50
2010.12.08 12:45:50.064,0.83126,0.83152,4.70,1.50
2010.12.08 12:45:50.290,0.83126,0.8315,2.30,1.50
2010.12.08 12:45:50.516,0.83126,0.83148,2.30,1.50
2010.12.08 12:45:51.130,0.83126,0.83149,2.30,1.50
2010.12.08 12:45:51.557,0.83135,0.83149,2.30,1.50
2010.12.08 12:45:51.683,0.83135,0.83151,2.30,1.50
2010.12.08 12:45:51.798,0.83126,0.83155,5.10,1.50
2010.12.08 12:45:52.283,0.83126,0.83153,2.90,2.30
2010.12.08 12:45:53.328,0.83127,0.83152,2.30,1.50
2010.12.08 12:45:54.076,0.83126,0.8315,1.50,1.50
2010.12.08 12:45:55.645,0.83119,0.8315,3.20,3.00
2010.12.08 12:45:55.821,0.83126,0.8315,1.50,3.00
2010.12.08 12:45:59.346,0.83122,0.8315,1.40,1.50
2010.12.08 12:45:59.849,0.83127,0.8315,1.50,1.50
2010.12.08 12:46:01.526,0.83119,0.8315,4.50,1.50
2010.12.08 12:46:01.755,0.83127,0.8315,1.50,1.50
2010.12.08 12:46:04.587,0.83119,0.83145,3.00,1.50
2010.12.08 12:46:05.297,0.8312,0.83144,1.70,1.50
2010.12.08 12:46:05.880,0.83118,0.83145,3.20,1.50
2010.12.08 12:46:05.998,0.83118,0.8315,3.70,3.00
2010.12.08 12:46:06.116,0.83126,0.8315,1.50,3.00
2010.12.08 12:46:08.191,0.83118,0.8315,3.60,3.00
2010.12.08 12:46:08.527,0.83123,0.83153,1.20,3.80
2010.12.08 12:46:08.645,0.83127,0.83152,2.30,1.50
2010.12.08 12:46:10.292,0.83127,0.83148,2.30,1.50
2010.12.08 12:46:10.421,0.83126,0.83154,2.30,4.50
2010.12.08 12:46:11.620,0.83117,0.8315,2.90,2.30
2010.12.08 12:46:12.405,0.83126,0.8315,1.50,2.30
2010.12.08 12:46:12.637,0.83116,0.83148,4.70,1.50
2010.12.08 12:46:13.215,0.83116,0.83147,3.80,3.80
2010.12.08 12:46:14.353,0.83116,0.83143,2.30,2.30
2010.12.08 12:46:16.411,0.83117,0.83144,1.40,1.50
2010.12.08 12:46:19.231,0.83125,0.83149,2.30,2.30
2010.12.08 12:46:19.349,0.83125,0.83149,3.00,1.50
2010.12.08 12:46:20.029,0.83126,0.83147,2.30,1.50
2010.12.08 12:46:21.276,0.83126,0.83146,2.30,1.50
2010.12.08 12:46:21.395,0.83126,0.83148,2.30,1.50
2010.12.08 12:46:22.091,0.83126,0.8315,2.30,1.50
2010.12.08 12:46:22.456,0.83126,0.83148,2.30,1.50
2010.12.08 12:46:23.392,0.83126,0.83149,2.30,1.50
2010.12.08 12:46:24.547,0.83126,0.83148,2.30,1.50
2010.12.08 12:46:25.448,0.83126,0.83147,2.30,1.50
2010.12.08 12:46:27.528,0.83126,0.83147,2.30,1.50
2010.12.08 12:46:28.132,0.83126,0.83148,2.30,1.50
2010.12.08 12:46:28.883,0.83126,0.83147,2.30,1.50
2010.12.08 12:46:29.531,0.83126,0.83149,2.30,1.50
2010.12.08 12:46:30.601,0.83121,0.83147,3.00,1.50
2010.12.08 12:46:30.724,0.83121,0.83147,4.50,3.80
2010.12.08 12:46:31.320,0.8312,0.83141,1.70,1.50
2010.12.08 12:46:32.355,0.83107,0.83136,2.50,2.30
2010.12.08 12:46:33.248,0.83107,0.83135,2.30,1.50
2010.12.08 12:46:33.372,0.83107,0.83135,2.30,2.30
2010.12.08 12:46:33.932,0.83107,0.83133,2.30,1.50
2010.12.08 12:46:35.947,0.83107,0.83129,1.50,1.50
2010.12.08 12:46:39.792,0.83107,0.83131,4.50,2.30
2010.12.08 12:46:43.171,0.83107,0.83129,4.50,1.50
2010.12.08 12:46:45.042,0.83107,0.8313,4.50,2.30
2010.12.08 12:46:47.980,0.83106,0.83128,2.30,1.50
2010.12.08 12:46:48.581,0.83106,0.8313,4.50,2.30
2010.12.08 12:46:49.261,0.83108,0.83129,3.00,1.50
2010.12.08 12:46:49.394,0.83108,0.83136,3.20,2.30
2010.12.08 12:46:49.509,0.83108,0.83137,3.00,1.50
2010.12.08 12:46:50.175,0.83114,0.83137,1.70,1.50
2010.12.08 12:46:50.289,0.83111,0.83139,3.00,2.30
2010.12.08 12:46:50.408,0.83111,0.83137,3.00,1.50
2010.12.08 12:46:51.055,0.8311,0.8314,1.20,1.50
2010.12.08 12:46:52.056,0.8311,0.83138,1.20,1.50
2010.12.08 12:46:52.817,0.8311,0.83138,1.20,1.50
2010.12.08 12:46:53.519,0.8311,0.83139,1.20,3.00
2010.12.08 12:46:53.641,0.8311,0.83135,1.20,1.50
2010.12.08 12:46:54.339,0.83106,0.83129,1.50,3.80
2010.12.08 12:46:55.577,0.83106,0.83131,4.50,3.00
2010.12.08 12:46:56.304,0.83106,0.83135,4.50,1.50
2010.12.08 12:46:56.428,0.83106,0.83132,4.50,1.50
2010.12.08 12:46:56.662,0.83106,0.83132,4.50,2.50
2010.12.08 12:46:56.783,0.83106,0.83129,1.50,4.50
2010.12.08 12:46:56.898,0.831,0.8313,1.10,3.00
2010.12.08 12:46:57.561,0.83106,0.8313,1.50,3.00
2010.12.08 12:46:58.997,0.83097,0.83123,4.50,1.50
2010.12.08 12:46:59.106,0.83097,0.83121,4.50,1.50
2010.12.08 12:46:59.943,0.83097,0.83124,4.60,1.50
2010.12.08 12:47:00.080,0.83097,0.83121,4.70,1.50
2010.12.08 12:47:00.756,0.83097,0.83122,4.60,1.50
2010.12.08 12:47:02.525,0.83097,0.83117,3.00,1.50
2010.12.08 12:47:02.646,0.83092,0.83116,2.50,3.00
2010.12.08 12:47:03.210,0.83093,0.8312,3.20,2.30
2010.12.08 12:47:03.335,0.83091,0.83118,1.40,1.50
2010.12.08 12:47:04.061,0.83088,0.83117,3.60,1.50
2010.12.08 12:47:04.906,0.83088,0.83119,3.60,2.30
2010.12.08 12:47:05.859,0.83088,0.83114,3.70,1.50
2010.12.08 12:47:06.602,0.83094,0.83114,1.10,1.50
2010.12.08 12:47:06.718,0.83093,0.83114,1.10,1.50
2010.12.08 12:47:07.276,0.83092,0.8312,1.40,1.50
2010.12.08 12:47:08.074,0.83099,0.8312,2.30,3.00
2010.12.08 12:47:08.766,0.8309,0.83117,3.00,1.50
2010.12.08 12:47:10.028,0.83092,0.83117,1.20,3.00
2010.12.08 12:47:12.178,0.83088,0.83118,3.00,1.50
2010.12.08 12:47:12.410,0.83088,0.83118,3.00,2.30
2010.12.08 12:47:12.857,0.83097,0.8312,1.50,2.30
2010.12.08 12:47:19.364,0.83097,0.8312,3.80,1.50
2010.12.08 12:47:19.491,0.83097,0.83122,4.60,2.30
2010.12.08 12:47:23.008,0.83102,0.83121,3.80,1.50
2010.12.08 12:47:23.971,0.83096,0.83123,2.50,1.50
2010.12.08 12:47:25.117,0.83096,0.83122,2.30,1.50
2010.12.08 12:47:26.351,0.83096,0.83123,2.30,1.50
2010.12.08 12:47:26.697,0.83097,0.83124,2.30,2.30
2010.12.08 12:47:27.334,0.83096,0.83122,2.30,2.30
2010.12.08 12:47:28.059,0.83097,0.83123,2.50,1.50
2010.12.08 12:47:29.319,0.83096,0.83123,2.30,1.50
2010.12.08 12:47:31.142,0.831,0.83122,3.00,1.50
2010.12.08 12:47:31.648,0.83097,0.83123,2.30,1.50
2010.12.08 12:47:32.242,0.83096,0.83123,2.30,3.00
2010.12.08 12:47:33.721,0.831,0.83121,3.00,1.50
2010.12.08 12:47:34.981,0.831,0.83122,3.00,2.30
2010.12.08 12:47:35.188,0.83096,0.83118,2.30,2.30
2010.12.08 12:47:36.070,0.83096,0.83116,1.50,1.50
2010.12.08 12:47:37.143,0.83092,0.83116,2.10,1.50
2010.12.08 12:47:37.368,0.83092,0.83116,2.10,1.50
2010.12.08 12:47:38.520,0.83094,0.83118,1.40,1.50
2010.12.08 12:47:39.237,0.831,0.8312,1.50,2.30
2010.12.08 12:47:45.427,0.831,0.83122,1.60,3.00
2010.12.08 12:47:45.548,0.831,0.83122,1.50,3.00
2010.12.08 12:47:46.282,0.83102,0.83122,1.80,3.00
2010.12.08 12:47:46.936,0.83104,0.83128,3.20,2.30
2010.12.08 12:47:47.059,0.83108,0.83131,2.30,2.30
2010.12.08 12:47:48.746,0.83108,0.83125,2.30,1.50
2010.12.08 12:47:48.976,0.83107,0.83129,5.30,1.50
2010.12.08 12:47:49.773,0.83107,0.83131,2.50,2.30
2010.12.08 12:47:49.916,0.83107,0.83128,1.50,1.50
2010.12.08 12:47:50.028,0.831,0.83126,5.10,2.30
2010.12.08 12:47:51.829,0.83101,0.83127,2.30,1.50
2010.12.08 12:47:51.971,0.83106,0.83129,1.40,2.30
2010.12.08 12:47:52.200,0.83109,0.83134,2.70,2.30
2010.12.08 12:47:52.317,0.8311,0.83134,1.20,1.50
2010.12.08 12:47:52.881,0.8311,0.83133,3.00,1.50
2010.12.08 12:47:53.013,0.83116,0.83142,1.50,2.30
2010.12.08 12:47:53.347,0.83117,0.83137,2.30,1.50
2010.12.08 12:47:53.467,0.83117,0.83141,2.30,1.50
2010.12.08 12:47:54.297,0.83117,0.83142,2.30,1.50
2010.12.08 12:47:54.406,0.83117,0.83142,2.30,1.50
2010.12.08 12:47:54.628,0.83117,0.8314,2.30,2.10
2010.12.08 12:47:54.975,0.83113,0.83129,1.50,2.30
2010.12.08 12:47:55.523,0.83102,0.83129,2.30,4.50
2010.12.08 12:47:55.643,0.83101,0.83129,3.00,2.30
2010.12.08 12:47:55.763,0.83106,0.8313,1.20,2.30
2010.12.08 12:47:55.880,0.83106,0.83133,1.20,2.40
2010.12.08 12:47:55.998,0.8311,0.83133,1.20,1.50
2010.12.08 12:47:56.508,0.83114,0.83133,2.30,1.50
2010.12.08 12:47:56.852,0.83116,0.83138,1.10,1.50
2010.12.08 12:47:57.080,0.83116,0.83143,1.10,1.50
2010.12.08 12:47:58.124,0.83114,0.8314,3.20,1.50
2010.12.08 12:47:58.348,0.83114,0.83142,3.20,2.30
2010.12.08 12:47:59.540,0.83116,0.83141,2.30,1.50
2010.12.08 12:48:04.828,0.83118,0.83143,3.00,2.30
2010.12.08 12:48:04.947,0.83118,0.83144,3.00,1.50
2010.12.08 12:48:05.719,0.83118,0.83145,3.00,1.50
2010.12.08 12:48:06.808,0.83118,0.83141,3.00,1.50
2010.12.08 12:48:07.457,0.83116,0.83141,2.30,1.50
2010.12.08 12:48:07.602,0.83114,0.83143,3.00,3.00
2010.12.08 12:48:07.840,0.83117,0.83147,2.30,3.00
2010.12.08 12:48:08.617,0.83118,0.83144,3.00,1.50
2010.12.08 12:48:10.719,0.83118,0.83146,3.00,2.70
2010.12.08 12:48:11.300,0.83118,0.83137,2.30,1.50
2010.12.08 12:48:11.432,0.83107,0.83132,2.30,1.50
2010.12.08 12:48:14.567,0.83107,0.83134,2.40,1.50
2010.12.08 12:48:15.935,0.83107,0.83135,3.90,1.50
2010.12.08 12:48:17.036,0.83107,0.83132,2.30,1.50
2010.12.08 12:48:17.149,0.83107,0.83134,2.30,1.50
2010.12.08 12:48:17.376,0.83107,0.83131,2.30,1.50
2010.12.08 12:48:18.136,0.83107,0.8313,2.30,1.50
2010.12.08 12:48:19.840,0.83107,0.8313,2.30,1.50
2010.12.08 12:48:20.644,0.83107,0.83132,2.30,1.50
2010.12.08 12:48:20.758,0.83107,0.83128,2.30,1.50
2010.12.08 12:48:20.987,0.83107,0.8313,2.30,1.50
2010.12.08 12:48:22.130,0.83107,0.83125,2.30,1.50
2010.12.08 12:48:22.251,0.83097,0.83125,2.30,1.50
2010.12.08 12:48:22.370,0.83097,0.83122,2.30,1.50
2010.12.08 12:48:24.505,0.83097,0.83121,2.30,1.50
2010.12.08 12:48:27.306,0.83097,0.83123,2.30,2.30
2010.12.08 12:48:28.373,0.83097,0.83123,2.30,1.50
2010.12.08 12:48:28.486,0.83097,0.83126,2.30,2.30
2010.12.08 12:48:29.619,0.83097,0.83124,2.50,1.50
2010.12.08 12:48:30.259,0.83098,0.83125,3.20,1.50
2010.12.08 12:48:31.470,0.83098,0.83125,4.00,1.50
2010.12.08 12:48:31.596,0.83106,0.83129,2.30,1.50
2010.12.08 12:48:32.348,0.831,0.83129,1.20,2.30
2010.12.08 12:48:33.169,0.83097,0.83127,5.30,1.50
2010.12.08 12:48:33.506,0.83099,0.8313,1.20,3.00
2010.12.08 12:48:34.762,0.83103,0.83133,1.30,2.30
2010.12.08 12:48:35.662,0.83101,0.83131,3.20,1.50
2010.12.08 12:48:35.887,0.831,0.83128,3.00,1.50
2010.12.08 12:48:36.990,0.831,0.83127,3.00,1.50
2010.12.08 12:48:40.691,0.831,0.83127,3.00,2.30
2010.12.08 12:48:40.855,0.83097,0.83124,2.30,1.50
2010.12.08 12:48:41.187,0.83097,0.83122,2.30,1.50
2010.12.08 12:48:41.696,0.83097,0.83124,2.30,2.30
2010.12.08 12:48:41.824,0.8309,0.83122,3.00,2.30
2010.12.08 12:48:42.569,0.8309,0.8312,4.50,1.50
2010.12.08 12:48:45.040,0.8309,0.83118,3.00,1.50
2010.12.08 12:48:46.057,0.83093,0.83124,3.40,4.50
2010.12.08 12:48:51.426,0.83101,0.83123,2.30,2.30
2010.12.08 12:48:53.061,0.83101,0.83129,3.00,2.30
2010.12.08 12:48:53.934,0.83101,0.83128,3.00,1.50
2010.12.08 12:48:57.458,0.83101,0.83126,3.00,1.50
2010.12.08 12:48:57.905,0.83101,0.83125,3.00,1.50
2010.12.08 12:48:58.594,0.83101,0.83128,3.00,1.50
2010.12.08 12:48:59.340,0.83105,0.83128,3.00,1.50
2010.12.08 12:49:00.250,0.831,0.83126,3.40,1.50
2010.12.08 12:49:00.367,0.831,0.83128,3.40,1.50
2010.12.08 12:49:00.985,0.83104,0.83127,3.00,1.50
2010.12.08 12:49:01.109,0.83104,0.8313,3.00,3.00
2010.12.08 12:49:01.788,0.83109,0.83131,2.90,3.00
2010.12.08 12:49:02.018,0.83109,0.83132,3.60,1.50
2010.12.08 12:49:02.146,0.83109,0.83137,4.00,1.50
2010.12.08 12:49:02.729,0.8311,0.83139,1.40,2.30
2010.12.08 12:49:02.866,0.83111,0.8314,3.20,2.30
2010.12.08 12:49:03.202,0.83115,0.83137,4.50,1.50
2010.12.08 12:49:03.772,0.83115,0.83137,3.00,1.50
2010.12.08 12:49:04.098,0.83115,0.83135,3.00,1.50
2010.12.08 12:49:04.927,0.83115,0.83134,3.00,1.50
2010.12.08 12:49:05.037,0.83115,0.83136,3.00,1.50
2010.12.08 12:49:06.006,0.83115,0.83136,3.00,1.50
2010.12.08 12:49:06.413,0.83115,0.83136,3.00,1.70
2010.12.08 12:49:06.639,0.83107,0.83131,4.50,1.50
2010.12.08 12:49:07.414,0.83104,0.83131,3.00,3.00
2010.12.08 12:49:07.997,0.83104,0.83128,3.00,1.50
2010.12.08 12:49:08.126,0.831,0.83126,3.00,2.30
2010.12.08 12:49:09.141,0.831,0.83128,3.10,2.30
2010.12.08 12:49:09.266,0.83097,0.83121,3.00,1.50
2010.12.08 12:49:09.977,0.83097,0.8312,3.00,2.30
2010.12.08 12:49:10.198,0.83097,0.8312,3.20,1.50
2010.12.08 12:49:10.851,0.83106,0.83128,1.50,1.50
2010.12.08 12:49:10.969,0.83096,0.83127,4.60,1.50
2010.12.08 12:49:11.577,0.83096,0.83125,4.60,1.50
2010.12.08 12:49:11.919,0.83105,0.83129,1.50,1.50
2010.12.08 12:49:12.038,0.83105,0.83131,1.50,1.50
2010.12.08 12:49:12.591,0.83105,0.83133,1.50,2.30
2010.12.08 12:49:12.731,0.83111,0.83136,1.20,2.30
2010.12.08 12:49:13.300,0.83113,0.83136,3.40,2.30
2010.12.08 12:49:13.987,0.83109,0.83132,1.20,1.50
2010.12.08 12:49:14.579,0.83113,0.83137,3.40,1.50
2010.12.08 12:49:15.620,0.83108,0.83135,1.20,1.50
2010.12.08 12:49:16.519,0.83113,0.83139,3.40,1.50
2010.12.08 12:49:16.636,0.83113,0.83139,3.40,1.50
2010.12.08 12:49:18.119,0.83113,0.83141,3.60,1.50
2010.12.08 12:49:18.850,0.83113,0.83141,3.00,3.00
2010.12.08 12:49:19.737,0.83114,0.83143,3.00,1.50
2010.12.08 12:49:20.859,0.83116,0.83142,2.30,1.50
2010.12.08 12:49:21.092,0.83112,0.83135,3.00,1.50
2010.12.08 12:49:21.738,0.83111,0.83138,3.00,1.50
2010.12.08 12:49:21.859,0.83111,0.83134,3.00,1.50
2010.12.08 12:49:21.977,0.83111,0.83138,3.00,3.00
2010.12.08 12:49:22.613,0.83115,0.83143,4.50,3.80
2010.12.08 12:49:23.351,0.83124,0.83144,2.30,2.30
2010.12.08 12:49:23.968,0.8312,0.83144,3.00,1.50
2010.12.08 12:49:24.141,0.83135,0.83163,1.20,2.30
2010.12.08 12:49:24.261,0.83137,0.83164,2.10,4.50
2010.12.08 12:49:24.802,0.83139,0.83164,3.60,1.50
2010.12.08 12:49:25.835,0.83139,0.83167,3.00,2.30
2010.12.08 12:49:26.502,0.83139,0.8317,1.40,2.30
2010.12.08 12:49:27.182,0.83147,0.83171,2.30,3.00
2010.12.08 12:49:27.919,0.83147,0.83173,4.50,3.00
2010.12.08 12:49:28.743,0.83148,0.83173,1.40,1.50
2010.12.08 12:49:29.437,0.83162,0.83184,4.00,1.50
2010.12.08 12:49:30.342,0.83156,0.83184,2.50,1.50
2010.12.08 12:49:31.569,0.83157,0.83182,2.50,1.20
2010.12.08 12:49:31.808,0.83156,0.83182,2.30,1.40
2010.12.08 12:49:32.420,0.83156,0.83181,1.50,1.50
2010.12.08 12:49:35.998,0.83149,0.83177,2.30,2.30
2010.12.08 12:49:36.724,0.83147,0.83177,3.80,4.50
2010.12.08 12:49:36.991,0.83147,0.83174,2.30,2.10
2010.12.08 12:49:37.628,0.83145,0.83174,2.30,2.30
2010.12.08 12:49:40.447,0.83146,0.83171,2.30,2.30
2010.12.08 12:49:40.556,0.83146,0.83171,2.30,2.30
2010.12.08 12:49:41.417,0.83148,0.83172,2.50,2.30
2010.12.08 12:49:42.398,0.83146,0.83173,2.30,3.00
2010.12.08 12:49:43.011,0.83146,0.83175,2.30,1.50
2010.12.08 12:49:43.349,0.83146,0.83173,2.30,1.50
2010.12.08 12:49:45.621,0.83142,0.8317,2.30,1.50
2010.12.08 12:49:50.355,0.83147,0.83173,2.10,1.50
2010.12.08 12:49:50.590,0.83153,0.83175,2.30,3.00
2010.12.08 12:49:51.159,0.83146,0.83175,4.70,3.00
2010.12.08 12:49:51.510,0.83146,0.83173,2.30,1.50
2010.12.08 12:49:51.632,0.83146,0.83172,2.30,1.50
2010.12.08 12:49:53.397,0.83145,0.83167,2.30,1.50
2010.12.08 12:49:53.837,0.83147,0.83164,1.50,1.50
2010.12.08 12:49:54.410,0.83146,0.83164,1.50,1.50
2010.12.08 12:49:54.861,0.83136,0.83164,2.40,1.50
2010.12.08 12:49:59.730,0.83137,0.83163,4.50,2.30
2010.12.08 12:49:59.875,0.8314,0.83167,2.30,1.50
2010.12.08 12:50:00.126,0.83147,0.83167,1.50,1.50
2010.12.08 12:50:03.060,0.83133,0.83164,2.50,1.50
2010.12.08 12:50:03.612,0.83133,0.83163,2.50,1.50
2010.12.08 12:50:03.732,0.83134,0.83164,4.00,1.50
2010.12.08 12:50:05.160,0.83138,0.83167,1.10,1.50
2010.12.08 12:50:08.197,0.83143,0.83167,3.00,1.50
2010.12.08 12:50:08.997,0.83147,0.83172,2.30,1.50
2010.12.08 12:50:11.149,0.83147,0.83169,2.30,1.50
2010.12.08 12:50:11.635,0.83136,0.83169,4.90,2.30
2010.12.08 12:50:12.022,0.83146,0.83169,1.50,2.30
2010.12.08 12:50:12.547,0.83147,0.83169,2.30,2.30
2010.12.08 12:50:13.892,0.83146,0.8317,1.50,1.70
2010.12.08 12:50:14.006,0.83138,0.8317,2.40,1.70
2010.12.08 12:50:14.627,0.83147,0.83168,1.50,1.20
2010.12.08 12:50:14.736,0.83138,0.83166,2.40,1.40
2010.12.08 12:50:14.957,0.83135,0.83164,2.30,4.00
2010.12.08 12:50:15.488,0.83134,0.83163,3.20,2.30
2010.12.08 12:50:15.686,0.83137,0.83163,1.70,1.50
2010.12.08 12:50:15.907,0.83139,0.8317,3.00,2.30
2010.12.08 12:50:16.767,0.83144,0.83174,2.30,3.00
2010.12.08 12:50:16.928,0.83145,0.83174,2.30,2.30
2010.12.08 12:50:19.039,0.83144,0.83173,3.00,2.30
2010.12.08 12:50:20.627,0.83146,0.83168,2.30,2.80
2010.12.08 12:50:20.740,0.83139,0.83155,1.50,3.20
2010.12.08 12:50:20.863,0.83129,0.83155,3.00,3.20
2010.12.08 12:50:20.981,0.83127,0.83153,2.30,1.50
2010.12.08 12:50:22.986,0.83126,0.83157,2.30,1.50
2010.12.08 12:50:25.648,0.83128,0.83154,1.20,1.50
2010.12.08 12:50:26.957,0.83126,0.83154,2.30,2.30
2010.12.08 12:50:27.558,0.83126,0.83154,2.30,3.00
2010.12.08 12:50:28.009,0.83126,0.83152,1.50,1.50
2010.12.08 12:50:28.130,0.83126,0.83149,1.50,2.30
2010.12.08 12:50:28.681,0.83126,0.83148,1.50,1.50
2010.12.08 12:50:30.231,0.83127,0.83146,1.50,1.50
2010.12.08 12:50:33.911,0.83119,0.83146,3.00,3.00
2010.12.08 12:50:34.523,0.83126,0.83146,1.50,3.00
2010.12.08 12:50:48.727,0.83122,0.83146,1.10,1.50
2010.12.08 12:50:49.522,0.83126,0.83146,1.50,1.50
2010.12.08 12:50:49.684,0.83126,0.83152,2.30,3.00
2010.12.08 12:50:53.840,0.83126,0.83152,2.30,2.30
2010.12.08 12:50:54.407,0.83136,0.83156,1.50,1.50
2010.12.08 12:50:57.050,0.83127,0.83156,2.50,1.50
2010.12.08 12:50:57.854,0.83127,0.83154,2.30,2.50
2010.12.08 12:50:57.994,0.83127,0.83153,4.80,2.30
2010.12.08 12:50:58.831,0.83131,0.83157,3.00,1.50
2010.12.08 12:50:59.757,0.83137,0.83157,1.50,1.50
2010.12.08 12:50:59.919,0.83128,0.83157,2.30,1.50
2010.12.08 12:51:00.758,0.83128,0.83154,2.30,1.50
2010.12.08 12:51:08.046,0.83131,0.83157,1.20,1.50
2010.12.08 12:51:08.270,0.83137,0.83157,1.50,1.50
2010.12.08 12:51:13.925,0.83131,0.83157,1.10,1.50
2010.12.08 12:51:14.040,0.8313,0.8316,1.40,1.50
2010.12.08 12:51:14.781,0.83136,0.8316,1.50,1.50
2010.12.08 12:51:15.765,0.83131,0.8316,2.30,1.50
2010.12.08 12:51:19.219,0.83136,0.8316,1.90,1.50
2010.12.08 12:51:19.341,0.83142,0.8316,2.30,1.50
2010.12.08 12:51:19.569,0.83142,0.83168,2.30,1.50
2010.12.08 12:51:19.686,0.83142,0.83163,2.30,1.50
2010.12.08 12:51:20.696,0.83147,0.83168,1.50,1.50
2010.12.08 12:51:28.927,0.83147,0.83166,1.50,1.50
2010.12.08 12:51:30.116,0.83137,0.83166,2.40,1.50
2010.12.08 12:51:37.112,0.83144,0.83164,2.90,1.50
2010.12.08 12:51:37.701,0.83146,0.83173,1.50,2.30
2010.12.08 12:51:37.842,0.83153,0.83174,3.60,1.50
2010.12.08 12:51:37.962,0.83153,0.83184,5.10,3.00
2010.12.08 12:51:38.079,0.83156,0.83184,1.10,3.00
2010.12.08 12:51:38.792,0.83158,0.83186,1.10,2.30
2010.12.08 12:51:40.156,0.83158,0.83183,1.10,2.30
2010.12.08 12:51:40.758,0.83163,0.83183,2.30,1.50
2010.12.08 12:51:41.378,0.83167,0.83183,1.50,1.50
2010.12.08 12:51:41.498,0.83156,0.83183,3.90,1.50
2010.12.08 12:51:41.609,0.83166,0.83183,1.50,1.50
2010.12.08 12:51:42.333,0.83166,0.83186,1.50,1.50
2010.12.08 12:51:43.881,0.83166,0.83186,1.50,1.50
2010.12.08 12:51:44.531,0.83156,0.83181,2.30,1.50
2010.12.08 12:51:44.698,0.83156,0.83176,1.50,1.50
2010.12.08 12:51:45.365,0.83156,0.83177,1.50,1.50
2010.12.08 12:51:45.498,0.8315,0.83177,2.30,1.50
2010.12.08 12:51:45.619,0.83156,0.83177,1.50,1.50
2010.12.08 12:51:47.961,0.83147,0.83177,2.30,1.50
2010.12.08 12:51:48.539,0.83152,0.83173,1.50,1.50
2010.12.08 12:51:51.410,0.83152,0.83173,1.20,1.50
2010.12.08 12:51:52.165,0.83157,0.83183,2.30,4.50
2010.12.08 12:51:56.328,0.83151,0.83179,2.30,1.50
2010.12.08 12:51:56.480,0.83153,0.83176,1.50,1.40
2010.12.08 12:51:56.601,0.83148,0.83174,2.30,1.50
2010.12.08 12:51:56.720,0.83149,0.83174,1.50,3.00
2010.12.08 12:51:57.304,0.83146,0.83174,2.30,3.00
2010.12.08 12:52:05.094,0.8314,0.83163,2.30,2.30
2010.12.08 12:52:05.777,0.83139,0.83162,1.50,1.40
2010.12.08 12:52:06.338,0.83137,0.83162,2.30,1.50
2010.12.08 12:52:06.467,0.83137,0.83162,2.30,1.50
2010.12.08 12:52:07.741,0.8314,0.83162,1.50,1.50
2010.12.08 12:52:08.392,0.83138,0.83162,2.30,1.50
2010.12.08 12:52:12.040,0.83142,0.83165,1.50,1.50
2010.12.08 12:52:12.486,0.83138,0.83163,2.30,2.30
2010.12.08 12:52:19.159,0.83141,0.83165,1.40,1.50
2010.12.08 12:52:19.808,0.83143,0.83169,2.30,3.80
2010.12.08 12:52:19.930,0.83143,0.83172,2.30,2.30
2010.12.08 12:52:23.317,0.83141,0.83169,2.30,1.50
2010.12.08 12:52:25.099,0.83138,0.83163,1.50,1.50
2010.12.08 12:52:26.142,0.83138,0.83163,1.50,1.50
2010.12.08 12:52:26.305,0.83139,0.83163,1.50,1.50
2010.12.08 12:52:26.639,0.83139,0.83156,1.50,2.30
2010.12.08 12:52:27.247,0.83138,0.83161,2.30,1.50
2010.12.08 12:52:28.320,0.83133,0.8316,2.30,1.50
2010.12.08 12:52:30.643,0.83135,0.83161,2.30,3.00
2010.12.08 12:52:30.760,0.83136,0.83161,2.30,3.00
2010.12.08 12:52:30.877,0.83136,0.8316,1.50,1.50
2010.12.08 12:52:31.481,0.83136,0.8316,1.50,1.50
2010.12.08 12:52:32.439,0.83136,0.8316,1.50,1.50
2010.12.08 12:52:32.558,0.83131,0.8316,2.30,1.50
2010.12.08 12:52:33.687,0.83137,0.8316,1.50,1.50
2010.12.08 12:52:37.068,0.83135,0.8316,1.50,1.50
2010.12.08 12:52:37.734,0.83131,0.8316,2.30,1.50
2010.12.08 12:52:37.847,0.83136,0.8316,1.50,1.50
2010.12.08 12:52:39.862,0.83136,0.83159,1.50,3.20
2010.12.08 12:52:41.607,0.83128,0.83156,2.30,1.50
2010.12.08 12:52:42.172,0.83136,0.83156,1.50,1.50
2010.12.08 12:52:42.606,0.83127,0.83156,3.80,1.50
2010.12.08 12:52:48.006,0.83131,0.83153,1.50,2.30
2010.12.08 12:52:49.096,0.83132,0.83153,1.50,2.30
2010.12.08 12:52:50.395,0.8313,0.83153,2.30,2.30
2010.12.08 12:52:51.523,0.83132,0.83153,1.50,2.30
2010.12.08 12:52:52.547,0.83131,0.83153,1.50,2.30
2010.12.08 12:52:55.687,0.83131,0.83153,1.50,2.30
2010.12.08 12:52:58.425,0.83129,0.83154,2.30,2.30
2010.12.08 12:52:59.580,0.83133,0.83153,1.50,2.30
2010.12.08 12:53:03.160,0.83132,0.83153,1.50,2.30
2010.12.08 12:53:04.566,0.83135,0.83156,1.50,1.50
2010.12.08 12:53:05.566,0.83136,0.83156,1.50,1.50
2010.12.08 12:53:06.232,0.83135,0.83156,1.50,1.50
2010.12.08 12:53:06.566,0.83136,0.83157,1.50,1.50
2010.12.08 12:53:07.123,0.83136,0.83158,1.50,1.50
2010.12.08 12:53:07.306,0.83147,0.83164,1.50,1.50
2010.12.08 12:53:07.424,0.83146,0.83169,2.30,1.50
2010.12.08 12:53:07.967,0.83147,0.8317,1.50,1.50
2010.12.08 12:53:08.084,0.83148,0.83174,1.50,3.00
2010.12.08 12:53:08.697,0.83146,0.83166,2.30,1.50
2010.12.08 12:53:09.033,0.83142,0.83164,3.00,3.20
2010.12.08 12:53:10.415,0.83137,0.83163,3.80,2.50
2010.12.08 12:53:12.648,0.8314,0.83163,1.50,2.30
2010.12.08 12:53:13.435,0.83143,0.83164,1.50,2.30
2010.12.08 12:53:14.036,0.83144,0.83167,1.50,1.50
2010.12.08 12:53:14.171,0.83141,0.83163,2.30,1.50
2010.12.08 12:53:15.140,0.83143,0.83163,1.50,2.30
2010.12.08 12:53:16.008,0.83142,0.83163,2.30,2.30
2010.12.08 12:53:16.452,0.83144,0.83163,1.50,2.30
2010.12.08 12:53:17.167,0.83144,0.83168,2.30,1.50
2010.12.08 12:53:17.496,0.83144,0.83163,2.30,1.50
2010.12.08 12:53:18.696,0.83146,0.83172,2.30,1.50
2010.12.08 12:53:19.875,0.83151,0.83173,1.50,2.30
2010.12.08 12:53:19.989,0.83147,0.83175,2.30,1.50
2010.12.08 12:53:28.210,0.83145,0.83168,2.30,2.80
2010.12.08 12:53:28.894,0.83135,0.83155,2.30,2.30
2010.12.08 12:53:31.271,0.83133,0.83157,4.80,1.50
2010.12.08 12:53:31.406,0.83134,0.83155,2.30,2.30
2010.12.08 12:53:32.881,0.83133,0.83158,2.30,1.60
2010.12.08 12:53:33.368,0.83133,0.83154,2.30,1.50
2010.12.08 12:53:34.985,0.83139,0.83162,1.50,1.50
2010.12.08 12:53:35.207,0.83139,0.83164,1.50,1.50
2010.12.08 12:53:35.428,0.83141,0.83163,2.30,1.50
2010.12.08 12:53:37.019,0.83141,0.83162,2.30,1.20
2010.12.08 12:53:37.251,0.83136,0.83163,3.00,2.30
2010.12.08 12:53:37.795,0.83137,0.83163,2.30,3.00
2010.12.08 12:53:39.175,0.83134,0.83156,1.50,4.50
2010.12.08 12:53:39.506,0.83134,0.83153,1.50,1.50
2010.12.08 12:53:42.750,0.83136,0.83153,2.30,1.50
2010.12.08 12:53:42.977,0.83136,0.83162,2.30,1.50
2010.12.08 12:53:43.199,0.83137,0.83153,1.50,1.50
2010.12.08 12:53:44.299,0.83137,0.83162,1.50,1.50
2010.12.08 12:53:44.416,0.83137,0.83164,2.30,7.00
2010.12.08 12:53:45.775,0.83142,0.83164,1.50,1.50
2010.12.08 12:53:45.893,0.8314,0.83164,2.10,1.50
2010.12.08 12:53:46.535,0.83143,0.8317,1.20,1.50
2010.12.08 12:53:50.867,0.83138,0.83168,2.30,2.30
2010.12.08 12:53:51.088,0.83139,0.83164,2.30,1.50
2010.12.08 12:53:51.971,0.83137,0.83163,2.70,1.50
2010.12.08 12:53:52.094,0.83139,0.83157,2.30,2.30
2010.12.08 12:53:52.639,0.83138,0.83154,2.30,2.30
2010.12.08 12:53:52.881,0.83138,0.83157,2.30,2.30
2010.12.08 12:53:53.900,0.83137,0.83152,2.30,2.30
2010.12.08 12:53:54.348,0.83137,0.83151,2.30,2.30
2010.12.08 12:53:55.037,0.83137,0.83162,2.30,2.30
2010.12.08 12:53:56.893,0.83134,0.83157,2.30,1.50
2010.12.08 12:53:57.060,0.83136,0.83157,2.30,1.50
2010.12.08 12:53:57.399,0.83136,0.83154,2.30,1.50
2010.12.08 12:53:58.647,0.83134,0.83154,1.50,1.50
2010.12.08 12:53:59.326,0.83134,0.83161,2.30,1.70
2010.12.08 12:53:59.477,0.83134,0.83153,2.30,1.50
2010.12.08 12:54:01.220,0.83134,0.83158,2.30,3.80
2010.12.08 12:54:01.337,0.83134,0.83154,2.30,1.50
2010.12.08 12:54:02.240,0.83131,0.83154,2.30,3.80
2010.12.08 12:54:02.470,0.83131,0.83154,1.50,2.30
2010.12.08 12:54:02.822,0.83131,0.83154,1.50,5.30
2010.12.08 12:54:03.638,0.83129,0.83154,2.30,5.30
2010.12.08 12:54:04.068,0.83128,0.83149,2.30,1.50
2010.12.08 12:54:04.191,0.83128,0.83149,1.50,1.50
2010.12.08 12:54:04.890,0.83126,0.83152,3.80,1.50
2010.12.08 12:54:05.795,0.83133,0.83153,1.50,1.50
2010.12.08 12:54:06.126,0.83129,0.83153,2.30,1.50
2010.12.08 12:54:07.738,0.83129,0.83153,1.50,2.30
2010.12.08 12:54:08.321,0.83127,0.83148,1.50,1.50
2010.12.08 12:54:08.660,0.83124,0.83148,1.50,1.50
2010.12.08 12:54:08.777,0.83124,0.83143,1.50,1.50
2010.12.08 12:54:10.578,0.83122,0.83143,2.30,1.50
2010.12.08 12:54:12.323,0.83122,0.83143,2.30,1.50
2010.12.08 12:54:12.472,0.83126,0.83143,1.50,1.50
2010.12.08 12:54:12.947,0.83124,0.83149,2.30,3.00
2010.12.08 12:54:13.104,0.83126,0.83147,1.50,3.20
2010.12.08 12:54:13.217,0.83122,0.83146,1.50,1.70
2010.12.08 12:54:14.061,0.8312,0.83146,2.30,1.70
2010.12.08 12:54:15.428,0.83121,0.83145,1.50,3.00
2010.12.08 12:54:16.109,0.83121,0.83146,1.50,1.50
2010.12.08 12:54:16.816,0.83121,0.83149,2.30,1.50
2010.12.08 12:54:25.654,0.83127,0.83144,1.50,1.50
2010.12.08 12:54:25.772,0.83127,0.83149,1.50,1.50
2010.12.08 12:54:26.331,0.83125,0.83152,2.30,1.50
2010.12.08 12:54:27.195,0.83128,0.83152,1.50,1.50
2010.12.08 12:54:27.772,0.83128,0.83152,1.50,1.50
2010.12.08 12:54:28.430,0.83126,0.83152,2.30,1.50
2010.12.08 12:54:29.879,0.83127,0.83152,1.50,1.50
2010.12.08 12:54:32.447,0.83125,0.83148,1.50,1.50
2010.12.08 12:54:33.024,0.83124,0.83148,1.90,1.50
2010.12.08 12:54:33.247,0.83125,0.83151,2.50,1.50
2010.12.08 12:54:34.909,0.83124,0.83151,4.70,1.50
2010.12.08 12:54:35.034,0.83124,0.83148,4.50,1.40
2010.12.08 12:54:35.586,0.83124,0.83147,3.00,1.40
2010.12.08 12:54:35.707,0.83117,0.83143,2.30,3.00
2010.12.08 12:54:36.412,0.83121,0.83143,1.50,2.30
2010.12.08 12:54:37.180,0.83115,0.83143,4.50,2.30
2010.12.08 12:54:38.106,0.83123,0.83147,1.50,1.50
2010.12.08 12:54:38.665,0.83123,0.83148,2.30,1.50
2010.12.08 12:54:40.362,0.83117,0.83146,2.30,1.50
2010.12.08 12:54:42.258,0.83118,0.83144,1.50,6.20
2010.12.08 12:54:42.367,0.83118,0.83143,1.50,1.50
2010.12.08 12:54:43.385,0.83111,0.83134,1.50,1.50
2010.12.08 12:54:44.080,0.83107,0.83133,2.30,2.30
2010.12.08 12:54:44.241,0.83106,0.83131,1.50,1.50
2010.12.08 12:54:44.606,0.83109,0.83131,1.50,1.50
2010.12.08 12:54:45.316,0.8311,0.83131,1.50,1.50
2010.12.08 12:54:45.917,0.8311,0.83134,2.30,1.50
2010.12.08 12:54:49.465,0.83109,0.83134,2.30,1.50
2010.12.08 12:54:49.580,0.83111,0.83137,2.30,1.50
2010.12.08 12:54:50.819,0.8311,0.83135,2.30,4.50
2010.12.08 12:54:51.437,0.83111,0.83133,2.30,1.50
2010.12.08 12:54:52.900,0.83106,0.8313,2.30,4.70
2010.12.08 12:54:53.007,0.83106,0.8313,2.30,4.70
2010.12.08 12:54:53.117,0.83106,0.83124,2.30,1.50
2010.12.08 12:54:54.646,0.83108,0.83124,1.50,1.50
2010.12.08 12:54:54.762,0.83106,0.83124,2.30,1.50
2010.12.08 12:54:56.411,0.83108,0.83124,1.50,1.50
2010.12.08 12:54:57.826,0.83104,0.83124,2.30,1.50
2010.12.08 12:54:58.474,0.83108,0.83124,1.50,1.50
2010.12.08 12:54:59.051,0.83104,0.83124,2.30,1.50
2010.12.08 12:54:59.787,0.83107,0.83124,1.50,1.50
2010.12.08 12:54:59.897,0.83107,0.8313,1.50,1.50
2010.12.08 12:55:01.347,0.83106,0.8313,2.30,3.80
2010.12.08 12:55:05.776,0.83108,0.8313,1.50,3.80
2010.12.08 12:55:06.004,0.83108,0.83133,2.30,1.50
2010.12.08 12:55:07.459,0.8311,0.83133,1.50,1.50
2010.12.08 12:55:08.689,0.83107,0.83133,2.30,1.90
2010.12.08 12:55:10.497,0.83106,0.83122,1.50,3.80
2010.12.08 12:55:10.608,0.83103,0.83122,2.30,1.50
2010.12.08 12:55:11.287,0.83106,0.83122,1.50,1.70
2010.12.08 12:55:11.966,0.83102,0.83122,2.30,1.70
2010.12.08 12:55:12.550,0.83104,0.83123,1.50,3.80
2010.12.08 12:55:12.780,0.83104,0.83122,1.50,1.50
2010.12.08 12:55:13.385,0.83102,0.83122,1.50,1.50
2010.12.08 12:55:13.938,0.83096,0.83119,3.80,1.50
2010.12.08 12:55:14.059,0.83094,0.83118,1.50,1.40
2010.12.08 12:55:14.910,0.83094,0.83114,1.50,1.50
2010.12.08 12:55:15.032,0.83092,0.83114,1.50,1.50
2010.12.08 12:55:15.150,0.83094,0.83114,1.50,1.50
2010.12.08 12:55:16.473,0.83095,0.83114,1.50,1.50
2010.12.08 12:55:17.971,0.83099,0.83114,1.50,1.50
2010.12.08 12:55:18.202,0.83097,0.83114,1.50,1.50
2010.12.08 12:55:18.869,0.83096,0.83114,1.50,1.50
2010.12.08 12:55:20.732,0.83097,0.83117,1.50,1.50
2010.12.08 12:55:20.854,0.83096,0.83114,1.50,1.50
2010.12.08 12:55:21.081,0.8309,0.8311,1.50,1.50
2010.12.08 12:55:22.680,0.83092,0.8311,1.50,1.50
2010.12.08 12:55:24.306,0.83091,0.8311,1.50,1.50
2010.12.08 12:55:24.987,0.83091,0.8311,1.50,1.50
2010.12.08 12:55:25.761,0.83093,0.8311,1.50,1.50
2010.12.08 12:55:27.331,0.83091,0.8311,1.50,1.50
2010.12.08 12:55:28.729,0.83094,0.8311,1.50,1.50
2010.12.08 12:55:29.594,0.83093,0.8311,1.50,1.50
2010.12.08 12:55:30.583,0.83092,0.8311,1.50,1.50
2010.12.08 12:55:32.452,0.83095,0.8311,1.50,1.50
2010.12.08 12:55:32.998,0.83094,0.8311,1.50,1.50
2010.12.08 12:55:33.541,0.83093,0.8311,1.50,1.50
2010.12.08 12:55:33.662,0.83093,0.83114,1.50,3.00
2010.12.08 12:55:34.303,0.83095,0.83114,1.50,3.00
2010.12.08 12:55:34.911,0.83091,0.83114,1.50,3.00
2010.12.08 12:55:35.641,0.83093,0.83114,2.30,2.30
2010.12.08 12:55:35.773,0.83098,0.83118,2.30,1.50
2010.12.08 12:55:37.289,0.83096,0.83118,3.80,1.50
2010.12.08 12:55:37.981,0.83097,0.83118,1.50,1.50
2010.12.08 12:55:38.208,0.83098,0.83118,1.50,1.50
2010.12.08 12:55:38.317,0.83095,0.83118,1.50,1.50
2010.12.08 12:55:40.985,0.83095,0.83114,1.50,2.30
2010.12.08 12:55:41.635,0.83093,0.83114,1.50,2.30
2010.12.08 12:55:42.573,0.83095,0.83116,1.50,1.50
2010.12.08 12:55:42.757,0.83093,0.83116,1.50,1.50
2010.12.08 12:55:44.208,0.83091,0.83118,3.00,1.70
2010.12.08 12:55:44.330,0.83087,0.83116,1.60,1.70
2010.12.08 12:55:45.124,0.83084,0.83105,1.50,1.50
2010.12.08 12:55:46.527,0.83085,0.83105,1.50,1.50
2010.12.08 12:55:46.821,0.83083,0.83105,1.50,1.50
2010.12.08 12:55:46.938,0.83085,0.83105,1.50,1.50
2010.12.08 12:55:47.702,0.83086,0.83108,1.50,1.50
2010.12.08 12:55:48.781,0.83086,0.83108,1.50,1.50
2010.12.08 12:55:49.241,0.83082,0.83104,2.30,2.30
2010.12.08 12:55:49.359,0.83078,0.831,1.50,1.50
2010.12.08 12:55:50.048,0.83077,0.831,2.30,1.50
2010.12.08 12:55:52.708,0.83079,0.831,1.50,1.50
2010.12.08 12:55:53.268,0.83078,0.831,1.50,1.50
2010.12.08 12:55:56.939,0.83078,0.831,1.50,1.50
2010.12.08 12:55:58.192,0.83078,0.831,3.80,1.50
2010.12.08 12:56:02.058,0.83079,0.831,1.50,1.50
2010.12.08 12:56:02.282,0.83077,0.831,2.30,1.50
2010.12.08 12:56:03.063,0.83077,0.831,2.30,1.50
2010.12.08 12:56:03.727,0.83077,0.831,2.30,1.50
2010.12.08 12:56:09.171,0.83087,0.8311,2.50,1.50
2010.12.08 12:56:09.295,0.83089,0.83113,1.50,1.50
2010.12.08 12:56:12.348,0.83092,0.83112,1.50,3.00
2010.12.08 12:56:13.121,0.83095,0.83112,1.50,3.00
2010.12.08 12:56:13.640,0.83095,0.83112,1.50,2.30
2010.12.08 12:56:13.779,0.83102,0.83123,1.50,1.50
2010.12.08 12:56:13.905,0.83109,0.83125,1.50,1.50
2010.12.08 12:56:14.030,0.83104,0.83126,1.50,1.50
2010.12.08 12:56:14.258,0.8311,0.83126,1.50,1.50
2010.12.08 12:56:14.929,0.83106,0.83126,1.50,1.50
2010.12.08 12:56:15.647,0.83101,0.83123,1.50,4.70
2010.12.08 12:56:15.759,0.83102,0.83123,1.50,3.80
2010.12.08 12:56:16.486,0.83106,0.83123,1.50,1.70
2010.12.08 12:56:16.718,0.83106,0.83125,1.50,1.50
2010.12.08 12:56:17.530,0.83109,0.83129,1.50,1.50
2010.12.08 12:56:17.671,0.83113,0.83129,1.50,1.50
2010.12.08 12:56:18.359,0.83112,0.83133,1.50,1.70
2010.12.08 12:56:18.487,0.83112,0.83134,1.50,1.70
2010.12.08 12:56:19.849,0.83113,0.83133,1.50,2.30
2010.12.08 12:56:19.970,0.8312,0.83133,2.30,2.30
2010.12.08 12:56:20.773,0.8312,0.83148,2.30,2.30
2010.12.08 12:56:20.916,0.83129,0.8315,1.50,1.60
2010.12.08 12:56:21.530,0.83124,0.8315,1.50,1.80
2010.12.08 12:56:22.502,0.83123,0.83148,2.30,1.50
2010.12.08 12:56:22.627,0.83122,0.83144,2.30,2.30
2010.12.08 12:56:22.738,0.83122,0.83144,2.30,2.30
2010.12.08 12:56:22.847,0.83124,0.83143,1.50,1.50
2010.12.08 12:56:29.499,0.83126,0.83143,1.50,1.50
2010.12.08 12:56:29.620,0.83129,0.83152,1.50,3.00
2010.12.08 12:56:30.202,0.83131,0.83153,2.30,3.80
2010.12.08 12:56:30.770,0.83131,0.83151,2.30,2.30
2010.12.08 12:56:30.888,0.83132,0.83153,2.30,1.50
2010.12.08 12:56:31.221,0.83132,0.83156,2.30,1.50
2010.12.08 12:56:31.788,0.83133,0.83158,2.30,3.00
2010.12.08 12:56:33.279,0.83136,0.83153,1.50,2.30
2010.12.08 12:56:33.510,0.83138,0.83156,1.50,2.30
2010.12.08 12:56:33.740,0.83138,0.83161,1.50,3.00
2010.12.08 12:56:34.345,0.83142,0.83158,1.50,2.30
2010.12.08 12:56:34.978,0.83142,0.8316,1.50,3.00
2010.12.08 12:56:35.736,0.83143,0.83163,1.50,2.30
2010.12.08 12:56:36.066,0.83143,0.83167,1.50,3.90
2010.12.08 12:56:37.785,0.83144,0.83166,1.50,3.00
2010.12.08 12:56:38.649,0.83146,0.83169,1.50,3.00
2010.12.08 12:56:39.400,0.83143,0.83163,2.30,2.30
2010.12.08 12:56:40.121,0.83143,0.83168,2.30,1.50
2010.12.08 12:56:42.926,0.83147,0.83168,1.50,1.50
2010.12.08 12:56:43.511,0.83151,0.83178,1.50,1.50
2010.12.08 12:56:43.632,0.83151,0.83177,2.30,1.50
2010.12.08 12:56:44.425,0.83154,0.83177,1.50,1.50
2010.12.08 12:56:44.667,0.83154,0.83173,1.50,1.50
2010.12.08 12:56:45.281,0.83151,0.83173,1.50,1.50
2010.12.08 12:56:45.402,0.83151,0.83171,1.50,1.50
2010.12.08 12:56:46.390,0.83149,0.83171,1.50,3.00
2010.12.08 12:56:46.515,0.83149,0.83171,2.30,2.30
2010.12.08 12:56:46.633,0.83149,0.83173,2.30,1.50
2010.12.08 12:56:47.321,0.83151,0.83176,2.30,1.50
2010.12.08 12:56:47.437,0.83151,0.83176,2.30,1.60
2010.12.08 12:56:47.737,0.83151,0.83176,2.30,1.50
2010.12.08 12:56:51.327,0.83152,0.83176,2.30,1.70
2010.12.08 12:56:51.677,0.83152,0.83176,2.30,1.50
2010.12.08 12:56:52.798,0.83147,0.83173,3.80,3.00
2010.12.08 12:56:53.651,0.83145,0.8317,2.30,1.40
2010.12.08 12:56:53.793,0.83145,0.83163,1.50,1.50
2010.12.08 12:56:54.423,0.83145,0.83163,1.50,1.50
2010.12.08 12:56:54.542,0.83142,0.83163,2.30,1.50
2010.12.08 12:56:56.438,0.8314,0.83163,2.30,2.30
2010.12.08 12:56:57.209,0.83141,0.83157,1.50,3.00
2010.12.08 12:56:57.320,0.83131,0.83157,1.50,1.50
2010.12.08 12:57:00.715,0.83131,0.83154,2.30,2.30
2010.12.08 12:57:01.276,0.83136,0.83157,1.50,1.50
2010.12.08 12:57:01.830,0.83139,0.8316,1.50,1.50
2010.12.08 12:57:01.947,0.83139,0.8316,1.50,1.50
2010.12.08 12:57:02.645,0.8314,0.8316,1.50,1.50
2010.12.08 12:57:03.545,0.83139,0.8316,1.50,1.50
2010.12.08 12:57:04.068,0.83141,0.8316,1.50,1.50
2010.12.08 12:57:05.137,0.83138,0.8316,1.50,1.50
2010.12.08 12:57:11.802,0.83141,0.83163,1.50,3.50
2010.12.08 12:57:12.440,0.83141,0.83163,1.50,3.00
2010.12.08 12:57:13.291,0.83141,0.83163,1.50,2.30
2010.12.08 12:57:14.201,0.83139,0.83163,2.30,2.30
2010.12.08 12:57:14.995,0.83141,0.83163,1.50,2.30
2010.12.08 12:57:17.950,0.83144,0.83163,1.50,1.50
2010.12.08 12:57:19.575,0.83141,0.83163,2.30,1.50
2010.12.08 12:57:20.077,0.83142,0.83163,1.50,1.50
2010.12.08 12:57:21.389,0.83141,0.83163,2.30,1.50
2010.12.08 12:57:21.949,0.83142,0.83163,1.50,1.50
2010.12.08 12:57:23.889,0.83143,0.83163,1.50,1.50
2010.12.08 12:57:27.397,0.83141,0.83163,2.30,1.50
2010.12.08 12:57:35.249,0.83143,0.83163,1.50,1.50
2010.12.08 12:57:35.410,0.83142,0.83167,1.50,1.60
2010.12.08 12:57:35.897,0.83143,0.83167,1.50,1.50
2010.12.08 12:57:36.554,0.83145,0.83167,1.50,1.50
2010.12.08 12:57:36.931,0.83143,0.83167,1.50,1.50
2010.12.08 12:57:37.269,0.83143,0.83163,1.50,1.50
2010.12.08 12:57:38.118,0.83142,0.83163,1.50,1.50
2010.12.08 12:57:38.458,0.83136,0.83158,1.50,1.50
2010.12.08 12:57:39.131,0.83133,0.83158,2.30,1.50
2010.12.08 12:57:41.064,0.83133,0.83155,2.30,1.50
2010.12.08 12:57:42.109,0.83133,0.83154,1.50,2.70
2010.12.08 12:57:42.236,0.83114,0.83135,1.50,2.50
2010.12.08 12:57:42.791,0.83113,0.83129,1.50,1.70
2010.12.08 12:57:42.910,0.83106,0.8313,3.00,1.70
2010.12.08 12:57:43.031,0.83105,0.83132,3.00,5.50
2010.12.08 12:57:44.241,0.83102,0.83132,4.50,1.50
2010.12.08 12:57:44.688,0.83106,0.83132,4.50,1.50
2010.12.08 12:57:45.801,0.83108,0.83133,2.30,1.50
2010.12.08 12:57:48.196,0.83112,0.83139,3.00,1.50
2010.12.08 12:57:49.274,0.83116,0.83139,2.30,1.50
2010.12.08 12:57:49.716,0.83117,0.83141,3.00,1.50
2010.12.08 12:57:51.193,0.83117,0.83142,2.30,1.50
2010.12.08 12:57:54.836,0.83114,0.83142,2.30,1.60
2010.12.08 12:57:56.084,0.8311,0.83137,2.30,1.50
2010.12.08 12:57:57.309,0.8311,0.83133,1.50,1.50
2010.12.08 12:57:58.416,0.83106,0.83137,2.50,1.50
2010.12.08 12:57:58.451,0.83112,0.83137,2.30,1.50
2010.12.08 12:57:59.117,0.83112,0.83137,2.30,1.50
2010.12.08 12:58:00.053,0.83113,0.83137,3.80,1.50
2010.12.08 12:58:00.502,0.83116,0.83137,2.30,1.50
2010.12.08 12:58:01.075,0.83115,0.83139,2.30,1.50
2010.12.08 12:58:03.588,0.83113,0.83137,2.30,1.70
2010.12.08 12:58:03.809,0.8311,0.83136,2.30,1.50
2010.12.08 12:58:04.409,0.83109,0.83131,2.30,1.50
2010.12.08 12:58:04.642,0.83113,0.83136,1.50,1.50
2010.12.08 12:58:05.508,0.83116,0.83135,3.80,1.50
2010.12.08 12:58:05.618,0.83116,0.83136,3.80,1.50
2010.12.08 12:58:06.405,0.83112,0.83134,2.30,3.80
2010.12.08 12:58:06.524,0.83107,0.83134,1.50,3.80
2010.12.08 12:58:06.807,0.83107,0.83131,1.50,1.50
2010.12.08 12:58:08.020,0.83108,0.83131,1.50,1.50
2010.12.08 12:58:08.891,0.83105,0.83131,6.00,1.50
2010.12.08 12:58:09.574,0.83107,0.83131,1.50,1.50
2010.12.08 12:58:09.912,0.83109,0.83134,1.50,3.00
2010.12.08 12:58:10.028,0.83109,0.83134,1.50,3.00
2010.12.08 12:58:10.623,0.83109,0.83134,1.50,3.00
2010.12.08 12:58:10.989,0.83111,0.83134,1.50,3.00
2010.12.08 12:58:12.216,0.83106,0.8313,1.50,3.00
2010.12.08 12:58:12.833,0.8311,0.83129,1.50,3.80
2010.12.08 12:58:12.999,0.83104,0.83129,2.30,1.50
2010.12.08 12:58:13.830,0.831,0.83129,4.50,1.50
2010.12.08 12:58:14.625,0.83105,0.83129,1.50,1.50
2010.12.08 12:58:15.449,0.83102,0.83129,2.30,1.50
2010.12.08 12:58:16.721,0.83102,0.83133,2.30,3.10
2010.12.08 12:58:16.847,0.83104,0.83133,5.30,3.10
2010.12.08 12:58:17.348,0.83104,0.83132,5.30,1.50
2010.12.08 12:58:17.980,0.8311,0.83132,1.50,1.50
2010.12.08 12:58:20.598,0.83111,0.83132,1.50,1.50
2010.12.08 12:58:21.940,0.83109,0.83132,2.30,1.60
2010.12.08 12:58:22.058,0.83111,0.83132,1.50,1.50
2010.12.08 12:58:22.927,0.83111,0.83129,1.50,1.50
2010.12.08 12:58:23.054,0.83106,0.83129,1.50,1.70
2010.12.08 12:58:23.831,0.83103,0.83129,2.30,1.70
2010.12.08 12:58:25.888,0.83103,0.83126,1.50,2.30
2010.12.08 12:58:30.694,0.83103,0.83124,2.30,1.50
2010.12.08 12:58:30.830,0.83109,0.83132,1.50,1.50
2010.12.08 12:58:33.374,0.83109,0.83131,2.30,1.50
2010.12.08 12:58:33.615,0.83105,0.83127,3.00,2.50
2010.12.08 12:58:33.735,0.83102,0.83129,2.30,1.90
2010.12.08 12:58:34.303,0.83102,0.83128,2.30,3.00
2010.12.08 12:58:34.432,0.83101,0.83124,2.30,1.50
2010.12.08 12:58:35.752,0.83101,0.83124,2.30,2.30
2010.12.08 12:58:37.047,0.83099,0.83113,1.50,1.50
2010.12.08 12:58:39.128,0.83095,0.83113,2.30,1.50
2010.12.08 12:58:39.899,0.83096,0.83122,2.30,3.30
2010.12.08 12:58:40.845,0.83096,0.83119,2.30,1.50
2010.12.08 12:58:40.957,0.83095,0.83122,2.30,3.20
2010.12.08 12:58:42.007,0.83095,0.83122,2.30,3.20
2010.12.08 12:58:42.529,0.83099,0.83124,1.50,5.30
2010.12.08 12:58:43.049,0.83099,0.83124,2.30,1.50
2010.12.08 12:58:44.610,0.83098,0.83124,2.30,3.10
2010.12.08 12:58:47.160,0.83099,0.83123,1.50,2.40
2010.12.08 12:58:48.645,0.83097,0.83119,3.80,1.40
2010.12.08 12:58:48.765,0.8309,0.83117,2.30,2.40
2010.12.08 12:58:48.990,0.83093,0.83114,2.30,1.50
2010.12.08 12:58:52.493,0.8309,0.83119,2.30,1.50
2010.12.08 12:58:53.622,0.83091,0.83113,2.30,1.50
2010.12.08 12:58:54.346,0.83091,0.83119,2.30,1.50
2010.12.08 12:58:55.015,0.83091,0.83114,2.30,1.50
2010.12.08 12:58:55.901,0.83087,0.83115,3.80,1.50
2010.12.08 12:58:56.619,0.8309,0.83114,1.50,2.30
2010.12.08 12:58:57.467,0.83087,0.83114,2.30,2.30
2010.12.08 12:59:00.321,0.83088,0.83114,2.30,3.90
2010.12.08 12:59:01.607,0.83086,0.83113,3.80,2.90
2010.12.08 12:59:01.719,0.83086,0.8311,3.00,1.70
2010.12.08 12:59:01.839,0.83086,0.83108,3.00,1.10
2010.12.08 12:59:02.180,0.83078,0.83101,2.30,2.50
2010.12.08 12:59:02.818,0.83079,0.83104,1.50,3.80
2010.12.08 12:59:02.933,0.83079,0.83104,2.30,3.00
2010.12.08 12:59:03.158,0.8308,0.83104,2.30,1.50
2010.12.08 12:59:04.748,0.83081,0.83104,2.30,1.50
2010.12.08 12:59:04.869,0.83082,0.83109,3.00,1.50
2010.12.08 12:59:05.420,0.83087,0.83113,2.30,1.50
2010.12.08 12:59:05.871,0.83087,0.83108,2.30,2.70
2010.12.08 12:59:06.451,0.83087,0.83111,1.50,1.50
2010.12.08 12:59:06.579,0.83083,0.83111,3.00,1.50
2010.12.08 12:59:06.698,0.83087,0.83111,1.50,1.50
2010.12.08 12:59:07.142,0.83091,0.83114,1.50,3.80
2010.12.08 12:59:08.288,0.83089,0.83114,1.50,5.30
2010.12.08 12:59:08.866,0.83088,0.83114,2.30,5.30
2010.12.08 12:59:11.801,0.83088,0.83114,2.70,5.30
2010.12.08 12:59:11.922,0.83091,0.83117,3.00,1.50
2010.12.08 12:59:12.533,0.83092,0.83117,1.50,1.50
2010.12.08 12:59:12.653,0.83087,0.83114,2.30,1.50
2010.12.08 12:59:13.727,0.83088,0.83114,1.40,1.50
2010.12.08 12:59:14.571,0.83088,0.83118,1.40,1.60
2010.12.08 12:59:14.818,0.83087,0.83114,4.50,1.50
2010.12.08 12:59:18.146,0.83092,0.83114,1.50,1.50
2010.12.08 12:59:18.378,0.83091,0.83117,2.30,1.50
2010.12.08 12:59:22.170,0.8309,0.83116,1.50,1.50
2010.12.08 12:59:22.287,0.8309,0.83115,1.50,1.50
2010.12.08 12:59:22.927,0.83087,0.83114,2.30,2.50
2010.12.08 12:59:24.072,0.83084,0.83112,2.30,1.20
2010.12.08 12:59:24.304,0.83082,0.83109,2.30,1.50
2010.12.08 12:59:26.252,0.83088,0.83113,1.50,3.00
2010.12.08 12:59:26.836,0.83091,0.83116,1.50,1.50
2010.12.08 12:59:27.609,0.83094,0.83116,2.30,1.50
2010.12.08 12:59:27.838,0.83094,0.83116,5.30,1.50
2010.12.08 12:59:28.566,0.83091,0.83116,1.70,1.50
2010.12.08 12:59:28.678,0.83093,0.83116,2.30,1.50
2010.12.08 12:59:29.682,0.83091,0.83116,1.50,1.50
2010.12.08 12:59:31.669,0.83094,0.83116,2.30,1.50
2010.12.08 12:59:32.397,0.83094,0.83116,3.80,1.50
2010.12.08 12:59:34.558,0.83097,0.83121,1.50,1.50
2010.12.08 12:59:39.219,0.83096,0.83121,1.50,1.50
2010.12.08 12:59:40.990,0.83096,0.83121,1.80,1.50
2010.12.08 12:59:41.443,0.83095,0.8312,3.20,3.00
2010.12.08 12:59:42.343,0.83091,0.83119,2.90,1.50
2010.12.08 12:59:42.467,0.83091,0.83117,2.40,1.50
2010.12.08 12:59:44.209,0.83088,0.83114,2.30,2.50
2010.12.08 12:59:44.332,0.83086,0.83113,2.30,1.70
2010.12.08 12:59:54.236,0.83089,0.83115,3.20,1.50
2010.12.08 12:59:54.967,0.83092,0.83119,1.70,2.30
2010.12.08 12:59:55.100,0.83086,0.83114,2.30,2.30
2010.12.08 12:59:55.698,0.83084,0.83114,2.50,2.30
2010.12.08 12:59:56.040,0.83086,0.83112,1.40,2.30
