2015.05.20 23:00:00.502,0.99329,0.99348,1.00,1.00
2015.05.20 23:00:01.003,0.9933,0.99349,1.00,1.00
2015.05.20 23:00:01.713,0.99332,0.9935,1.00,1.00
2015.05.20 23:00:14.587,0.99334,0.99352,1.00,1.75
2015.05.20 23:00:14.689,0.99334,0.99352,1.00,1.20
2015.05.20 23:00:15.190,0.99333,0.99351,1.00,1.00
2015.05.20 23:00:15.979,0.99333,0.9935,1.00,1.00
2015.05.20 23:00:16.925,0.99336,0.99353,1.00,1.50
2015.05.20 23:00:17.186,0.99336,0.99354,1.00,1.10
2015.05.20 23:00:17.439,0.99338,0.99357,1.00,1.87
2015.05.20 23:00:17.946,0.99338,0.99356,1.00,1.12
2015.05.20 23:00:18.496,0.99339,0.99357,1.00,1.37
2015.05.20 23:00:19.296,0.9934,0.99358,1.00,2.62
2015.05.20 23:00:22.507,0.9934,0.99358,1.00,1.95
2015.05.20 23:00:23.026,0.99339,0.99357,1.00,1.12
2015.05.20 23:00:23.711,0.9934,0.99358,1.00,1.95
2015.05.20 23:00:24.766,0.9934,0.99358,1.00,1.95
2015.05.20 23:00:24.817,0.99337,0.99356,1.00,1.12
2015.05.20 23:00:24.918,0.99337,0.99354,1.00,1.00
2015.05.20 23:00:25.464,0.99337,0.99353,1.00,1.00
2015.05.20 23:00:29.123,0.99336,0.99353,1.00,1.00
2015.05.20 23:00:30.882,0.99337,0.99354,1.00,1.12
2015.05.20 23:00:31.797,0.99337,0.99354,1.00,1.50
2015.05.20 23:00:31.848,0.99332,0.99351,1.00,1.00
2015.05.20 23:00:32.201,0.99331,0.9935,1.00,1.50
2015.05.20 23:00:35.708,0.99332,0.99351,1.00,1.75
2015.05.20 23:00:36.470,0.99332,0.99351,1.00,1.47
2015.05.20 23:00:36.975,0.99331,0.9935,1.00,1.12
2015.05.20 23:00:40.315,0.99327,0.99348,1.75,1.00
2015.05.20 23:00:46.581,0.99329,0.99348,1.00,1.12
2015.05.20 23:01:00.588,0.99332,0.99348,1.00,1.12
2015.05.20 23:01:01.425,0.99332,0.99348,1.00,1.00
2015.05.20 23:01:03.306,0.9933,0.99348,1.12,1.00
2015.05.20 23:01:15.466,0.99331,0.99349,1.00,1.12
2015.05.20 23:01:16.457,0.99331,0.99349,1.00,1.37
2015.05.20 23:01:16.967,0.9933,0.99348,1.00,1.37
2015.05.20 23:01:22.765,0.99332,0.99348,1.00,1.10
2015.05.20 23:01:29.825,0.9933,0.99348,1.00,1.10
2015.05.20 23:01:30.210,0.99332,0.99348,1.00,1.00
2015.05.20 23:01:33.906,0.99332,0.9935,1.00,1.20
2015.05.20 23:01:35.304,0.99331,0.99349,1.00,1.00
2015.05.20 23:01:36.412,0.99331,0.99349,1.00,1.12
2015.05.20 23:01:39.086,0.99333,0.99351,1.00,1.50
2015.05.20 23:01:39.389,0.99337,0.99353,1.00,1.37
2015.05.20 23:01:39.708,0.99339,0.99353,1.00,1.00
2015.05.20 23:01:39.861,0.99339,0.99357,1.00,1.75
2015.05.20 23:01:40.367,0.99341,0.99358,1.00,2.62
2015.05.20 23:01:40.873,0.99341,0.99358,1.00,1.50
2015.05.20 23:01:40.974,0.99341,0.99358,1.00,1.12
2015.05.20 23:01:41.465,0.99334,0.99352,1.50,1.00
2015.05.20 23:01:41.820,0.99333,0.99351,1.50,1.00
2015.05.20 23:01:42.325,0.99333,0.99351,1.12,1.00
2015.05.20 23:01:42.845,0.99334,0.99352,1.00,1.00
2015.05.20 23:01:43.150,0.99334,0.9935,1.12,1.00
2015.05.20 23:01:44.237,0.99332,0.9935,1.47,1.00
2015.05.20 23:01:44.967,0.99333,0.99351,1.12,1.00
2015.05.20 23:01:46.979,0.99334,0.99352,1.00,1.00
2015.05.20 23:01:47.308,0.99332,0.9935,1.50,1.00
2015.05.20 23:01:47.514,0.99334,0.99352,1.00,1.12
2015.05.20 23:01:48.045,0.99333,0.99351,1.37,1.00
2015.05.20 23:01:49.156,0.99333,0.99351,1.10,1.00
2015.05.20 23:01:49.207,0.99331,0.99349,1.50,1.00
2015.05.20 23:01:49.309,0.99331,0.99348,1.00,1.00
2015.05.20 23:01:49.461,0.99329,0.99348,1.10,1.00
2015.05.20 23:01:49.764,0.99329,0.99346,1.10,1.00
2015.05.20 23:01:50.284,0.99329,0.99347,1.10,1.00
2015.05.20 23:01:52.055,0.99329,0.99343,1.10,1.00
2015.05.20 23:01:52.604,0.99328,0.99343,1.00,1.00
2015.05.20 23:01:53.375,0.99328,0.99346,1.00,1.00
2015.05.20 23:01:53.879,0.99328,0.99347,1.00,1.00
2015.05.20 23:01:54.424,0.99328,0.99347,1.00,1.12
2015.05.20 23:02:00.976,0.99331,0.99347,1.00,1.12
2015.05.20 23:02:02.064,0.99331,0.99348,1.00,1.57
2015.05.20 23:02:09.953,0.99329,0.99348,1.00,1.57
2015.05.20 23:02:17.032,0.99329,0.99347,1.00,1.00
2015.05.20 23:02:22.633,0.99328,0.99347,1.00,1.00
2015.05.20 23:02:29.880,0.9933,0.99346,1.00,1.00
2015.05.20 23:02:33.384,0.99328,0.99347,1.00,1.00
2015.05.20 23:02:36.469,0.99329,0.99347,1.00,1.00
2015.05.20 23:02:43.770,0.99331,0.99347,1.00,1.00
2015.05.20 23:02:44.293,0.9933,0.99346,1.00,1.00
2015.05.20 23:02:45.291,0.99331,0.99349,1.37,1.12
2015.05.20 23:02:45.544,0.99333,0.99351,1.00,1.00
2015.05.20 23:02:45.595,0.99337,0.99352,1.00,1.10
2015.05.20 23:02:46.100,0.99336,0.99354,1.00,1.37
2015.05.20 23:02:46.803,0.99331,0.9935,1.00,1.00
2015.05.20 23:02:47.823,0.9933,0.9935,1.00,1.10
2015.05.20 23:02:48.126,0.99329,0.99348,1.10,1.00
2015.05.20 23:02:49.666,0.99329,0.99346,1.10,1.00
2015.05.20 23:02:51.247,0.99326,0.99345,1.50,1.00
2015.05.20 23:02:51.551,0.99322,0.99342,1.75,1.00
2015.05.20 23:02:51.602,0.99322,0.99342,1.37,1.00
2015.05.20 23:02:51.756,0.99321,0.99339,1.50,1.00
2015.05.20 23:02:51.908,0.99324,0.99342,1.00,1.10
2015.05.20 23:02:52.439,0.99323,0.99341,1.00,1.00
2015.05.20 23:02:52.949,0.99321,0.99341,1.12,1.00
2015.05.20 23:02:55.209,0.99323,0.9934,1.00,1.00
2015.05.20 23:02:55.311,0.99324,0.99344,1.00,1.37
2015.05.20 23:02:55.513,0.99326,0.99344,1.00,1.10
2015.05.20 23:02:56.062,0.99325,0.99345,1.00,1.12
2015.05.20 23:02:59.126,0.99323,0.99342,1.10,1.00
2015.05.20 23:02:59.682,0.99323,0.9934,1.10,1.00
2015.05.20 23:03:00.122,0.99323,0.99342,1.10,1.00
2015.05.20 23:03:00.627,0.99324,0.99341,1.00,1.00
2015.05.20 23:03:00.995,0.99324,0.99343,1.00,1.00
2015.05.20 23:03:01.503,0.99325,0.99344,1.00,1.10
2015.05.20 23:03:09.585,0.99325,0.99345,1.10,1.10
2015.05.20 23:03:09.902,0.99324,0.99343,1.12,1.00
2015.05.20 23:03:15.175,0.99324,0.99343,1.50,1.00
2015.05.20 23:03:15.428,0.99329,0.99348,1.12,1.12
2015.05.20 23:03:15.883,0.99327,0.99346,1.00,1.00
2015.05.20 23:03:19.965,0.99327,0.99346,1.00,1.12
2015.05.20 23:03:35.101,0.99326,0.99344,1.00,1.00
2015.05.20 23:03:39.311,0.99327,0.99345,1.00,1.10
2015.05.20 23:04:00.523,0.99328,0.99346,1.00,1.10
2015.05.20 23:04:01.072,0.99329,0.99347,1.00,1.00
2015.05.20 23:04:01.577,0.9933,0.99347,1.00,1.00
2015.05.20 23:04:02.114,0.99331,0.99347,1.00,1.00
2015.05.20 23:04:07.418,0.99331,0.99348,1.00,1.10
2015.05.20 23:04:14.801,0.9933,0.99348,1.00,1.50
2015.05.20 23:04:15.801,0.9933,0.99349,1.00,1.10
2015.05.20 23:04:15.902,0.9933,0.99347,1.00,1.00
2015.05.20 23:04:16.374,0.99332,0.99347,1.00,1.00
2015.05.20 23:04:19.569,0.9933,0.99347,1.00,1.00
2015.05.20 23:04:19.671,0.99328,0.99347,1.00,1.57
2015.05.20 23:04:20.183,0.99328,0.99347,1.00,1.12
2015.05.20 23:04:20.234,0.99324,0.99344,1.12,1.00
2015.05.20 23:04:20.386,0.99324,0.99343,1.00,1.47
2015.05.20 23:04:20.437,0.9932,0.9934,1.00,1.00
2015.05.20 23:04:20.949,0.99321,0.99341,1.00,1.10
2015.05.20 23:04:21.006,0.99321,0.99339,1.00,1.00
2015.05.20 23:04:21.554,0.99322,0.9934,1.00,1.12
2015.05.20 23:04:24.051,0.9932,0.9934,1.00,1.12
2015.05.20 23:04:27.481,0.9932,0.9934,1.37,1.12
2015.05.20 23:04:27.583,0.99326,0.99342,1.00,1.12
2015.05.20 23:04:27.836,0.99327,0.99345,1.00,1.10
2015.05.20 23:04:28.354,0.99329,0.99346,1.00,1.00
2015.05.20 23:04:29.875,0.99328,0.99346,1.00,1.00
2015.05.20 23:04:30.178,0.99328,0.99344,1.00,1.00
2015.05.20 23:04:33.720,0.99328,0.99346,1.00,1.37
2015.05.20 23:04:34.196,0.99329,0.99347,1.00,1.00
2015.05.20 23:04:34.748,0.9933,0.99348,1.00,1.95
2015.05.20 23:04:40.029,0.99329,0.99347,1.00,1.00
2015.05.20 23:04:51.130,0.99328,0.99347,1.00,1.12
2015.05.20 23:04:53.551,0.99329,0.99345,1.00,1.00
2015.05.20 23:04:54.510,0.99327,0.99346,1.00,1.00
2015.05.20 23:05:00.564,0.99329,0.99345,1.00,1.00
2015.05.20 23:05:01.069,0.99328,0.99347,1.00,1.37
2015.05.20 23:05:03.770,0.99328,0.99347,1.00,1.12
2015.05.20 23:05:07.526,0.99328,0.99346,1.00,1.12
2015.05.20 23:05:07.833,0.99334,0.99347,1.00,1.00
2015.05.20 23:05:08.189,0.99331,0.99348,1.00,1.10
2015.05.20 23:05:08.696,0.9933,0.99348,1.00,1.57
2015.05.20 23:05:13.371,0.99329,0.99347,1.00,1.00
2015.05.20 23:05:13.891,0.9933,0.99348,1.00,1.57
2015.05.20 23:05:14.918,0.99329,0.99347,1.00,1.00
2015.05.20 23:05:17.328,0.99328,0.99347,1.00,1.00
2015.05.20 23:05:20.143,0.99329,0.99347,1.00,1.00
2015.05.20 23:05:20.693,0.99328,0.99347,1.00,1.00
2015.05.20 23:05:25.454,0.99328,0.99346,1.00,1.00
2015.05.20 23:05:25.955,0.99328,0.99347,1.00,1.00
2015.05.20 23:05:28.914,0.99329,0.99345,1.00,1.00
2015.05.20 23:05:29.914,0.99328,0.99347,1.00,1.00
2015.05.20 23:05:35.728,0.9933,0.99348,1.00,1.10
2015.05.20 23:05:36.249,0.99329,0.99347,1.00,1.00
2015.05.20 23:05:36.794,0.99328,0.99347,1.00,1.00
2015.05.20 23:05:37.480,0.99329,0.99347,1.00,1.00
2015.05.20 23:05:38.820,0.99328,0.99347,1.00,1.00
2015.05.20 23:05:39.443,0.9933,0.99346,1.00,1.00
2015.05.20 23:05:40.590,0.99329,0.99346,1.00,1.00
2015.05.20 23:05:41.093,0.99329,0.99347,1.00,1.00
2015.05.20 23:05:44.397,0.99328,0.99347,1.00,1.00
2015.05.20 23:05:44.722,0.9933,0.99348,1.00,1.10
2015.05.20 23:05:45.434,0.99329,0.99347,1.00,1.00
2015.05.20 23:05:48.592,0.99329,0.99347,1.00,1.50
2015.05.20 23:05:48.693,0.99322,0.99341,1.12,1.00
2015.05.20 23:05:48.794,0.99322,0.99341,1.00,1.75
2015.05.20 23:05:49.314,0.99319,0.9934,1.00,1.12
2015.05.20 23:05:49.817,0.99318,0.99339,1.00,1.75
2015.05.20 23:05:50.149,0.9932,0.99338,1.00,1.12
2015.05.20 23:05:50.790,0.99318,0.99337,1.00,1.50
2015.05.20 23:05:51.007,0.9932,0.99337,1.00,1.50
2015.05.20 23:05:52.620,0.99319,0.99336,1.00,1.37
2015.05.20 23:05:53.322,0.99318,0.99337,1.00,1.12
2015.05.20 23:05:53.789,0.9932,0.99341,1.12,2.62
2015.05.20 23:05:54.131,0.99325,0.99341,1.00,1.87
2015.05.20 23:05:54.182,0.99325,0.99341,1.00,1.87
2015.05.20 23:05:54.887,0.99323,0.99341,1.00,1.50
2015.05.20 23:05:55.429,0.99322,0.9934,1.00,1.37
2015.05.20 23:05:58.089,0.99323,0.99341,1.00,1.50
2015.05.20 23:06:00.791,0.99324,0.99342,1.00,2.25
2015.05.20 23:06:01.341,0.99325,0.99342,1.00,1.75
2015.05.20 23:06:01.544,0.99325,0.99342,1.00,1.37
2015.05.20 23:06:01.955,0.99327,0.99342,1.00,1.87
2015.05.20 23:06:05.555,0.99324,0.99342,1.12,1.87
2015.05.20 23:06:05.862,0.99327,0.99342,1.00,1.87
2015.05.20 23:06:06.412,0.99326,0.99342,1.00,1.12
2015.05.20 23:06:06.934,0.99325,0.99342,1.00,1.12
2015.05.20 23:06:07.822,0.99326,0.99342,1.00,1.12
2015.05.20 23:06:09.845,0.99325,0.99342,1.00,1.87
2015.05.20 23:06:10.152,0.99324,0.9934,1.00,1.12
2015.05.20 23:06:10.686,0.99324,0.9934,1.00,1.00
2015.05.20 23:06:10.939,0.99322,0.9934,1.00,1.00
2015.05.20 23:06:14.907,0.99324,0.9934,1.00,1.10
2015.05.20 23:06:18.941,0.99322,0.9934,1.00,1.10
2015.05.20 23:06:19.267,0.99324,0.9934,1.00,1.10
2015.05.20 23:06:27.404,0.99322,0.9934,1.00,1.10
2015.05.20 23:06:30.968,0.99321,0.99337,1.00,1.00
2015.05.20 23:06:31.070,0.99319,0.99338,1.00,1.00
2015.05.20 23:06:31.171,0.99321,0.99339,1.00,1.00
2015.05.20 23:06:32.793,0.99323,0.99341,1.00,1.10
2015.05.20 23:06:33.330,0.99325,0.99343,1.00,1.57
2015.05.20 23:06:33.670,0.99327,0.99342,1.00,1.00
2015.05.20 23:06:34.180,0.99328,0.99343,1.00,1.10
2015.05.20 23:06:34.514,0.99329,0.99345,1.00,1.00
2015.05.20 23:06:34.674,0.99327,0.99345,1.00,1.00
2015.05.20 23:06:35.179,0.99326,0.99344,1.10,1.00
2015.05.20 23:06:40.064,0.99327,0.99345,1.12,1.00
2015.05.20 23:06:40.571,0.99328,0.99344,1.00,1.00
2015.05.20 23:06:40.867,0.99326,0.99344,1.00,1.00
2015.05.20 23:06:42.584,0.99327,0.99345,1.00,1.00
2015.05.20 23:06:44.348,0.99327,0.99346,1.00,1.10
2015.05.20 23:06:44.988,0.99328,0.99346,1.00,1.10
2015.05.20 23:06:46.104,0.99327,0.99345,1.00,1.00
2015.05.20 23:06:46.364,0.99326,0.99343,1.00,1.00
2015.05.20 23:06:46.466,0.99324,0.99343,1.00,1.00
2015.05.20 23:06:46.770,0.99324,0.9934,1.00,1.00
2015.05.20 23:06:47.206,0.9932,0.9934,1.50,1.00
2015.05.20 23:06:47.359,0.99317,0.99337,1.75,1.00
2015.05.20 23:06:47.409,0.99317,0.99337,1.75,1.00
2015.05.20 23:06:47.910,0.99318,0.99337,1.12,1.00
2015.05.20 23:06:48.764,0.99318,0.99336,1.12,1.00
2015.05.20 23:06:49.394,0.99318,0.99336,1.00,1.00
2015.05.20 23:06:49.986,0.99317,0.99337,1.10,1.00
2015.05.20 23:06:50.518,0.99316,0.99336,1.12,1.10
2015.05.20 23:06:54.290,0.99319,0.99338,1.00,1.37
2015.05.20 23:06:55.781,0.99318,0.99337,1.00,1.12
2015.05.20 23:06:56.348,0.99317,0.99337,1.10,1.12
2015.05.20 23:06:59.991,0.99318,0.99337,1.00,1.12
2015.05.20 23:07:00.501,0.99319,0.99337,1.00,1.12
2015.05.20 23:07:00.805,0.99321,0.99338,1.00,1.37
2015.05.20 23:07:00.856,0.99322,0.99338,1.00,1.00
2015.05.20 23:07:01.059,0.99322,0.9934,1.00,1.10
2015.05.20 23:07:01.110,0.99324,0.9934,1.00,1.10
2015.05.20 23:07:01.853,0.99323,0.99339,1.00,1.00
2015.05.20 23:07:02.404,0.99323,0.99341,1.00,1.12
2015.05.20 23:07:05.667,0.99323,0.99341,1.00,1.10
2015.05.20 23:07:14.621,0.99324,0.99343,1.00,1.87
2015.05.20 23:07:14.671,0.99324,0.99343,1.00,1.57
2015.05.20 23:07:14.722,0.99327,0.99343,1.00,1.10
2015.05.20 23:07:14.824,0.99328,0.99347,1.00,1.37
2015.05.20 23:07:15.250,0.9933,0.99348,1.00,1.87
2015.05.20 23:07:16.892,0.9933,0.99347,1.00,1.10
2015.05.20 23:07:17.560,0.99332,0.99347,1.00,1.10
2015.05.20 23:07:23.525,0.99331,0.99348,1.00,1.12
2015.05.20 23:07:23.879,0.99329,0.99347,1.00,1.10
2015.05.20 23:07:24.384,0.99328,0.99346,1.00,1.00
2015.05.20 23:07:28.250,0.99328,0.99344,1.00,1.00
2015.05.20 23:07:28.604,0.99326,0.99344,1.00,1.00
2015.05.20 23:07:29.410,0.99327,0.99344,1.00,1.00
2015.05.20 23:07:42.970,0.99326,0.99344,1.00,1.00
2015.05.20 23:07:43.457,0.99328,0.99343,1.00,1.00
2015.05.20 23:07:43.630,0.99326,0.99344,1.00,1.00
2015.05.20 23:07:44.269,0.99327,0.99344,1.00,1.00
2015.05.20 23:07:44.807,0.99327,0.99345,1.00,1.10
2015.05.20 23:07:50.141,0.99326,0.99344,1.00,1.00
2015.05.20 23:07:50.647,0.99327,0.99344,1.00,1.00
2015.05.20 23:07:51.904,0.99327,0.99345,1.00,1.10
2015.05.20 23:07:59.061,0.99326,0.99344,1.00,1.00
2015.05.20 23:07:59.582,0.99327,0.99345,1.00,1.10
2015.05.20 23:08:01.339,0.99328,0.99346,1.00,1.12
2015.05.20 23:08:01.876,0.99327,0.99345,1.00,1.10
2015.05.20 23:08:10.029,0.99329,0.99345,1.00,1.10
2015.05.20 23:08:10.287,0.99327,0.99345,1.00,1.10
2015.05.20 23:08:12.119,0.99328,0.99346,1.00,1.12
2015.05.20 23:08:17.423,0.99327,0.99345,1.00,1.20
2015.05.20 23:08:17.943,0.99326,0.99344,1.00,1.00
2015.05.20 23:08:18.649,0.99327,0.99345,1.00,1.10
2015.05.20 23:08:20.413,0.99328,0.99346,1.00,1.12
2015.05.20 23:08:33.175,0.99327,0.99345,1.00,1.10
2015.05.20 23:08:33.284,0.99325,0.99343,1.00,1.00
2015.05.20 23:08:33.688,0.99325,0.99341,1.00,1.00
2015.05.20 23:08:37.640,0.99323,0.99341,1.00,1.00
2015.05.20 23:08:39.747,0.99324,0.99342,1.00,1.00
2015.05.20 23:08:40.297,0.99323,0.99341,1.00,1.00
2015.05.20 23:08:40.847,0.99322,0.9934,1.00,1.10
2015.05.20 23:08:47.472,0.99323,0.99341,1.00,1.12
2015.05.20 23:08:48.026,0.99323,0.99342,1.00,1.12
2015.05.20 23:08:48.127,0.99322,0.99338,1.00,1.00
2015.05.20 23:08:56.064,0.99323,0.9934,1.00,1.00
2015.05.20 23:08:56.810,0.99322,0.9934,1.00,1.00
2015.05.20 23:09:00.518,0.99324,0.99339,1.00,1.00
2015.05.20 23:09:00.738,0.99322,0.99339,1.00,1.00
2015.05.20 23:09:04.302,0.99324,0.99343,1.00,1.87
2015.05.20 23:09:06.241,0.99323,0.99341,1.00,1.10
2015.05.20 23:09:06.594,0.99326,0.99343,1.00,2.25
2015.05.20 23:09:07.110,0.99326,0.99343,1.00,1.00
2015.05.20 23:09:15.076,0.99325,0.99343,1.00,1.50
2015.05.20 23:09:19.698,0.99326,0.99343,1.00,1.00
2015.05.20 23:09:20.978,0.99325,0.99343,1.00,1.50
2015.05.20 23:09:42.215,0.99326,0.99343,1.00,1.10
2015.05.20 23:09:46.014,0.99325,0.99343,1.00,1.57
2015.05.20 23:09:48.617,0.99325,0.99342,1.00,1.00
2015.05.20 23:09:56.868,0.99325,0.99337,1.00,1.00
2015.05.20 23:09:57.236,0.99324,0.99342,1.00,1.00
2015.05.20 23:10:00.247,0.99325,0.99343,1.00,1.57
2015.05.20 23:10:00.845,0.99323,0.99341,1.37,1.00
2015.05.20 23:10:01.048,0.99325,0.99343,1.00,1.57
2015.05.20 23:10:01.576,0.99326,0.99343,1.00,1.00
2015.05.20 23:10:13.459,0.99325,0.99343,1.00,1.50
2015.05.20 23:10:14.703,0.99326,0.99343,1.00,1.00
2015.05.20 23:10:19.828,0.99327,0.99343,1.00,1.00
2015.05.20 23:10:27.981,0.99326,0.99343,1.00,1.00
2015.05.20 23:10:31.715,0.99328,0.99343,1.00,1.50
2015.05.20 23:10:34.157,0.99328,0.99342,1.00,1.00
2015.05.20 23:10:38.884,0.99326,0.99342,1.00,1.50
2015.05.20 23:10:51.869,0.99325,0.99342,2.25,1.50
2015.05.20 23:10:52.370,0.99326,0.99342,1.00,1.50
2015.05.20 23:10:55.735,0.99327,0.99342,1.00,1.00
2015.05.20 23:11:03.527,0.99328,0.99344,1.00,1.00
2015.05.20 23:11:22.278,0.99329,0.99344,1.00,1.00
2015.05.20 23:11:22.807,0.99328,0.99344,1.00,1.00
2015.05.20 23:11:23.117,0.99329,0.99346,2.25,1.50
2015.05.20 23:11:23.847,0.9933,0.99346,1.00,1.50
2015.05.20 23:11:24.353,0.99329,0.99346,2.25,1.50
2015.05.20 23:11:26.667,0.99329,0.99343,2.25,1.00
2015.05.20 23:11:27.746,0.99328,0.99343,2.25,1.00
2015.05.20 23:11:29.487,0.99328,0.99342,2.25,1.00
2015.05.20 23:11:29.810,0.9933,0.99342,1.00,1.00
2015.05.20 23:11:30.514,0.9933,0.99343,1.00,1.00
2015.05.20 23:11:38.187,0.9933,0.99342,1.00,1.00
2015.05.20 23:11:38.597,0.99327,0.99342,1.50,1.50
2015.05.20 23:11:38.648,0.99325,0.99338,1.12,1.00
2015.05.20 23:11:38.699,0.99324,0.99338,1.00,1.50
2015.05.20 23:11:39.205,0.99324,0.99337,1.00,1.00
2015.05.20 23:11:39.735,0.99323,0.99337,1.00,1.00
2015.05.20 23:11:47.300,0.99322,0.99338,1.50,1.00
2015.05.20 23:11:59.147,0.99322,0.99337,1.00,1.00
2015.05.20 23:11:59.650,0.99321,0.99337,1.00,1.00
2015.05.20 23:12:00.353,0.99321,0.99335,1.00,1.00
2015.05.20 23:12:00.606,0.9932,0.99337,1.50,1.00
2015.05.20 23:12:01.264,0.99321,0.99337,1.00,1.00
2015.05.20 23:12:01.686,0.9932,0.99335,1.00,1.00
2015.05.20 23:12:01.989,0.99323,0.99338,1.00,1.00
2015.05.20 23:12:02.299,0.99323,0.99336,1.00,1.00
2015.05.20 23:12:04.518,0.99322,0.99336,1.00,1.00
2015.05.20 23:12:05.288,0.99321,0.99336,1.50,1.00
2015.05.20 23:12:05.596,0.99323,0.99336,1.00,1.00
2015.05.20 23:12:07.894,0.99324,0.9934,1.00,1.10
2015.05.20 23:12:08.046,0.99325,0.99342,1.00,2.25
2015.05.20 23:12:08.304,0.99328,0.99342,1.00,1.57
2015.05.20 23:12:08.406,0.99327,0.99343,1.50,1.75
2015.05.20 23:12:08.590,0.99327,0.99343,1.50,1.12
2015.05.20 23:12:09.361,0.99327,0.99344,1.50,2.62
2015.05.20 23:12:14.268,0.99329,0.99344,1.00,1.87
2015.05.20 23:12:17.758,0.99328,0.99343,1.00,1.10
2015.05.20 23:12:20.227,0.99327,0.99344,1.50,1.12
2015.05.20 23:12:23.115,0.99329,0.99344,1.00,1.12
2015.05.20 23:12:23.638,0.99329,0.99344,1.50,1.10
2015.05.20 23:12:29.873,0.99328,0.99345,1.00,1.87
2015.05.20 23:12:37.729,0.99331,0.99346,1.00,1.50
2015.05.20 23:12:37.881,0.99331,0.99346,1.00,1.00
2015.05.20 23:12:38.388,0.99334,0.99348,1.00,1.57
2015.05.20 23:12:38.913,0.99334,0.99349,1.00,1.00
2015.05.20 23:12:40.711,0.99334,0.9935,1.00,1.10
2015.05.20 23:12:54.255,0.99333,0.9935,1.00,1.10
2015.05.20 23:13:00.613,0.99333,0.99349,1.50,1.00
2015.05.20 23:13:01.065,0.99335,0.99352,1.50,2.32
2015.05.20 23:13:01.566,0.99336,0.99351,1.00,1.00
2015.05.20 23:13:01.616,0.99334,0.99349,2.25,1.00
2015.05.20 23:13:01.819,0.99334,0.99351,1.00,2.62
2015.05.20 23:13:01.920,0.99337,0.99352,1.00,2.32
2015.05.20 23:13:02.365,0.9934,0.99353,1.00,1.50
2015.05.20 23:13:07.986,0.9934,0.99355,1.00,1.50
2015.05.20 23:13:08.492,0.9934,0.99356,1.00,1.57
2015.05.20 23:13:10.622,0.9934,0.99355,1.00,1.00
2015.05.20 23:13:14.605,0.9934,0.99356,1.00,1.95
2015.05.20 23:13:15.143,0.9934,0.99355,1.00,1.00
2015.05.20 23:13:19.415,0.9934,0.99354,1.00,1.00
2015.05.20 23:13:27.351,0.99341,0.99354,1.00,1.00
2015.05.20 23:13:29.626,0.99341,0.99353,1.00,1.00
2015.05.20 23:13:29.778,0.99339,0.99353,1.00,1.00
2015.05.20 23:13:29.880,0.99336,0.99352,1.00,1.00
2015.05.20 23:13:30.082,0.99337,0.99349,1.00,1.00
2015.05.20 23:13:30.184,0.99335,0.99349,1.00,1.00
2015.05.20 23:13:30.386,0.99333,0.99349,2.25,1.00
2015.05.20 23:13:31.717,0.99333,0.99348,1.00,1.00
2015.05.20 23:13:31.868,0.99332,0.99344,1.00,1.00
2015.05.20 23:13:32.071,0.9933,0.99346,1.50,1.00
2015.05.20 23:13:32.308,0.99333,0.99347,1.00,1.50
2015.05.20 23:13:33.777,0.99332,0.99347,1.00,1.00
2015.05.20 23:13:35.594,0.99332,0.99348,1.00,1.50
2015.05.20 23:13:40.773,0.99332,0.99347,1.00,1.00
2015.05.20 23:13:54.099,0.99333,0.99347,1.00,1.00
2015.05.20 23:14:00.714,0.99335,0.99347,1.00,1.00
2015.05.20 23:14:01.452,0.99335,0.99348,1.00,1.00
2015.05.20 23:14:01.553,0.99336,0.99352,2.25,2.32
2015.05.20 23:14:01.604,0.99341,0.99352,1.00,1.57
2015.05.20 23:14:01.706,0.99341,0.99358,1.00,3.75
2015.05.20 23:14:01.859,0.99341,0.99354,1.00,1.00
2015.05.20 23:14:02.389,0.99341,0.99353,1.00,1.00
2015.05.20 23:14:02.541,0.99339,0.99352,1.00,1.00
2015.05.20 23:14:02.744,0.99337,0.99351,1.00,1.00
2015.05.20 23:14:07.304,0.99338,0.99351,1.00,1.00
2015.05.20 23:14:10.644,0.99337,0.99351,1.00,1.50
2015.05.20 23:14:10.695,0.99337,0.99348,1.00,1.00
2015.05.20 23:14:10.911,0.99335,0.99347,1.00,1.00
2015.05.20 23:14:11.443,0.99336,0.99348,1.00,1.00
2015.05.20 23:14:11.963,0.99336,0.99349,1.00,1.00
2015.05.20 23:14:17.784,0.99336,0.99351,1.00,1.10
2015.05.20 23:14:27.342,0.99337,0.99351,1.00,1.00
2015.05.20 23:14:31.688,0.99337,0.9935,1.50,1.00
2015.05.20 23:14:32.221,0.99337,0.99351,1.00,1.00
2015.05.20 23:14:40.038,0.99337,0.99352,1.00,1.00
2015.05.20 23:14:40.089,0.9934,0.99352,1.00,1.00
2015.05.20 23:14:40.481,0.9934,0.9935,1.00,1.00
2015.05.20 23:14:41.577,0.9934,0.99352,1.00,1.00
2015.05.20 23:15:00.054,0.9934,0.99353,1.50,1.00
2015.05.20 23:15:00.561,0.99341,0.99354,1.00,1.00
2015.05.20 23:15:02.604,0.99341,0.99356,1.50,1.20
2015.05.20 23:15:03.715,0.99341,0.99355,1.50,1.00
2015.05.20 23:15:07.302,0.99342,0.99355,1.00,1.00
2015.05.20 23:15:33.291,0.99342,0.99357,1.00,1.50
2015.05.20 23:15:33.667,0.99344,0.99356,1.00,1.00
2015.05.20 23:15:34.181,0.99344,0.99357,1.00,1.20
2015.05.20 23:15:54.264,0.99343,0.99358,1.50,1.12
2015.05.20 23:16:14.187,0.99345,0.99358,1.00,1.50
2015.05.20 23:16:14.588,0.99343,0.99358,1.50,1.50
2015.05.20 23:16:15.308,0.99344,0.99358,1.50,1.50
2015.05.20 23:16:27.356,0.99343,0.99358,1.00,1.12
2015.05.20 23:16:35.818,0.99342,0.99358,1.00,2.25
2015.05.20 23:16:37.023,0.99341,0.99358,1.50,2.25
2015.05.20 23:16:54.240,0.99343,0.99358,1.00,1.50
2015.05.20 23:16:59.540,0.99343,0.99358,1.00,1.50
2015.05.20 23:17:14.202,0.99342,0.99358,1.00,1.50
2015.05.20 23:17:22.087,0.99342,0.99358,1.00,1.20
2015.05.20 23:17:34.186,0.99341,0.99358,2.25,1.95
2015.05.20 23:17:54.311,0.99342,0.99357,1.00,1.00
2015.05.20 23:18:14.334,0.99341,0.99357,1.50,1.00
2015.05.20 23:18:39.860,0.99342,0.99358,1.00,1.00
2015.05.20 23:18:49.082,0.99345,0.99358,1.00,1.00
2015.05.20 23:18:49.234,0.99345,0.9936,1.00,1.10
2015.05.20 23:19:00.846,0.99347,0.9936,1.00,1.10
2015.05.20 23:19:01.496,0.99348,0.99363,1.00,1.50
2015.05.20 23:19:01.548,0.99348,0.99364,1.00,2.25
2015.05.20 23:19:13.353,0.99348,0.99361,1.00,1.50
2015.05.20 23:19:13.937,0.99347,0.99361,1.00,1.50
2015.05.20 23:19:24.830,0.99347,0.99362,2.25,1.10
2015.05.20 23:19:39.675,0.99348,0.99363,1.00,2.62
2015.05.20 23:19:47.550,0.99348,0.99363,1.00,2.25
2015.05.20 23:19:47.601,0.99346,0.99362,1.00,1.47
2015.05.20 23:19:51.004,0.99346,0.99363,1.00,3.00
2015.05.20 23:19:55.861,0.99345,0.99361,1.00,1.95
2015.05.20 23:19:56.014,0.99343,0.9936,1.50,2.25
2015.05.20 23:19:56.217,0.99345,0.9936,1.00,2.25
2015.05.20 23:20:04.901,0.99344,0.99359,1.00,1.10
2015.05.20 23:20:05.500,0.99343,0.99359,1.00,1.10
2015.05.20 23:20:06.485,0.99344,0.9936,1.00,1.12
2015.05.20 23:20:07.623,0.99344,0.99358,1.00,1.00
2015.05.20 23:20:07.725,0.99342,0.99359,1.50,1.10
2015.05.20 23:20:08.509,0.99344,0.99359,1.00,1.10
2015.05.20 23:20:09.109,0.99343,0.99359,1.00,1.57
2015.05.20 23:20:14.196,0.99343,0.99358,1.00,1.00
2015.05.20 23:20:27.357,0.99343,0.99357,1.00,1.00
2015.05.20 23:20:47.367,0.99343,0.99359,1.00,1.95
2015.05.20 23:21:00.076,0.99342,0.99359,1.50,1.20
2015.05.20 23:21:01.828,0.99343,0.99359,1.00,1.20
2015.05.20 23:21:08.750,0.99342,0.99359,1.00,1.95
2015.05.20 23:21:11.010,0.99342,0.99359,1.00,2.25
2015.05.20 23:21:11.328,0.99342,0.99353,1.00,1.00
2015.05.20 23:21:11.430,0.9934,0.99353,1.00,1.00
2015.05.20 23:21:11.532,0.99338,0.99353,1.00,1.50
2015.05.20 23:21:11.735,0.99336,0.99353,1.00,2.25
2015.05.20 23:21:12.193,0.99338,0.99355,1.50,2.25
2015.05.20 23:21:12.380,0.9934,0.99356,1.00,2.25
2015.05.20 23:21:24.672,0.9934,0.99354,1.00,1.00
2015.05.20 23:21:24.773,0.99336,0.99353,2.25,1.50
2015.05.20 23:21:24.824,0.99338,0.99352,1.00,1.00
2015.05.20 23:21:24.925,0.99338,0.99354,1.00,1.00
2015.05.20 23:21:24.976,0.99338,0.99354,1.00,1.75
2015.05.20 23:21:25.281,0.99336,0.99352,1.00,1.12
2015.05.20 23:21:25.332,0.9934,0.99354,1.00,1.75
2015.05.20 23:21:25.635,0.99341,0.99354,1.00,1.12
2015.05.20 23:21:27.281,0.99341,0.99354,1.00,1.10
2015.05.20 23:21:32.538,0.99338,0.99354,1.50,1.10
2015.05.20 23:21:53.758,0.99338,0.99353,1.00,1.00
2015.05.20 23:21:53.809,0.99338,0.99353,1.00,1.50
2015.05.20 23:21:53.911,0.99333,0.99349,1.00,1.37
2015.05.20 23:21:53.962,0.99332,0.99346,1.00,1.00
2015.05.20 23:21:54.165,0.9933,0.99346,1.00,1.00
2015.05.20 23:21:54.336,0.99328,0.99345,1.10,1.50
2015.05.20 23:21:54.960,0.99328,0.99344,1.00,1.00
2015.05.20 23:21:55.474,0.99328,0.99345,1.00,1.50
2015.05.20 23:21:57.374,0.9933,0.99344,1.00,1.00
2015.05.20 23:21:57.476,0.9933,0.99346,1.00,1.10
2015.05.20 23:22:17.733,0.99329,0.99346,1.00,1.50
2015.05.20 23:22:23.584,0.99331,0.99346,1.00,1.00
2015.05.20 23:22:29.953,0.99331,0.99347,1.00,1.00
2015.05.20 23:22:34.223,0.99332,0.99349,1.50,2.25
2015.05.20 23:22:35.169,0.99332,0.99349,1.50,2.25
2015.05.20 23:22:54.213,0.99333,0.99348,1.00,1.10
2015.05.20 23:23:05.815,0.99333,0.99348,1.00,1.47
2015.05.20 23:23:14.238,0.99332,0.99348,1.50,1.95
2015.05.20 23:23:27.900,0.99331,0.99347,1.00,1.87
2015.05.20 23:23:45.155,0.99332,0.99347,1.00,1.95
2015.05.20 23:23:45.685,0.99332,0.99346,1.50,1.00
2015.05.20 23:23:54.322,0.99333,0.99347,1.00,1.10
2015.05.20 23:24:05.472,0.99332,0.99348,1.50,1.12
2015.05.20 23:24:05.978,0.99333,0.99348,1.00,1.00
2015.05.20 23:24:07.090,0.99334,0.99349,1.00,1.10
2015.05.20 23:24:11.654,0.99332,0.99348,1.50,1.50
2015.05.20 23:24:11.755,0.99332,0.99346,1.00,1.00
2015.05.20 23:24:13.535,0.99333,0.99346,1.00,1.00
2015.05.20 23:24:27.338,0.99333,0.99347,1.00,1.10
2015.05.20 23:24:57.910,0.99333,0.99348,1.50,1.50
2015.05.20 23:24:58.224,0.99337,0.99352,1.00,2.25
2015.05.20 23:25:25.549,0.99337,0.99352,1.00,1.20
2015.05.20 23:25:29.201,0.99337,0.99352,1.00,1.95
2015.05.20 23:25:29.303,0.99335,0.9935,1.00,2.62
2015.05.20 23:25:29.354,0.99332,0.99349,2.25,1.37
2015.05.20 23:25:29.846,0.99334,0.99349,1.00,1.10
2015.05.20 23:25:30.431,0.99335,0.99349,1.00,1.10
2015.05.20 23:25:52.929,0.99336,0.99351,1.00,2.25
2015.05.20 23:25:53.490,0.99337,0.99351,1.00,2.25
2015.05.20 23:26:00.914,0.99336,0.99351,1.00,1.50
2015.05.20 23:26:10.220,0.99335,0.9935,1.50,1.12
2015.05.20 23:26:24.393,0.99335,0.9935,1.50,1.10
2015.05.20 23:26:31.425,0.99336,0.99352,1.00,1.95
2015.05.20 23:26:31.950,0.99335,0.9935,1.00,1.00
2015.05.20 23:26:47.338,0.99334,0.9935,1.00,1.10
2015.05.20 23:26:51.877,0.99335,0.9935,1.00,1.95
2015.05.20 23:26:53.080,0.99336,0.9935,1.00,1.57
2015.05.20 23:26:54.581,0.99336,0.99352,1.00,2.25
2015.05.20 23:26:58.590,0.99336,0.99348,1.00,1.00
2015.05.20 23:26:58.744,0.99336,0.99351,1.00,1.10
2015.05.20 23:27:02.318,0.99338,0.99352,1.00,1.12
2015.05.20 23:27:02.826,0.99338,0.99352,1.50,1.50
2015.05.20 23:27:14.320,0.99337,0.99352,1.50,2.25
2015.05.20 23:27:28.934,0.99337,0.99353,1.50,1.00
2015.05.20 23:27:29.238,0.99337,0.99351,1.00,1.00
2015.05.20 23:27:29.445,0.99337,0.99354,1.00,3.07
2015.05.20 23:27:29.597,0.99338,0.99354,1.00,3.37
2015.05.20 23:27:42.054,0.99336,0.99349,1.00,1.00
2015.05.20 23:27:42.105,0.99336,0.99351,1.00,1.00
2015.05.20 23:27:42.528,0.99334,0.9935,1.00,1.00
2015.05.20 23:27:43.134,0.99334,0.99349,1.00,1.00
2015.05.20 23:27:45.515,0.99334,0.99348,1.00,1.00
2015.05.20 23:27:45.566,0.99334,0.99346,1.00,1.00
2015.05.20 23:27:45.667,0.99331,0.99346,1.50,1.00
2015.05.20 23:27:45.870,0.99333,0.99346,1.00,1.00
2015.05.20 23:27:46.022,0.9933,0.99346,1.50,1.00
2015.05.20 23:27:46.225,0.99329,0.99344,1.00,1.00
2015.05.20 23:27:47.037,0.9933,0.99344,1.00,1.00
2015.05.20 23:27:47.588,0.9933,0.99346,1.00,1.87
2015.05.20 23:27:54.562,0.9933,0.99344,1.00,1.00
2015.05.20 23:27:55.078,0.99329,0.99344,1.00,1.10
2015.05.20 23:27:55.581,0.99329,0.99345,1.00,1.00
2015.05.20 23:27:58.286,0.99329,0.99346,1.00,2.32
2015.05.20 23:27:58.904,0.99329,0.99345,1.00,1.00
2015.05.20 23:28:03.575,0.99329,0.99346,1.00,1.50
2015.05.20 23:28:03.879,0.99332,0.99346,1.00,1.00
2015.05.20 23:28:04.187,0.99334,0.99348,1.00,1.50
2015.05.20 23:28:04.860,0.99335,0.99348,1.00,1.00
2015.05.20 23:28:06.781,0.99333,0.99348,2.25,1.00
2015.05.20 23:28:07.286,0.99332,0.99347,1.00,1.00
2015.05.20 23:28:14.454,0.99332,0.99348,1.50,1.50
2015.05.20 23:28:19.283,0.9933,0.99345,1.00,1.00
2015.05.20 23:28:19.385,0.99328,0.99344,1.00,2.25
2015.05.20 23:28:25.465,0.99329,0.99344,1.00,1.00
2015.05.20 23:28:25.617,0.99332,0.99344,1.00,1.00
2015.05.20 23:28:25.719,0.99332,0.99346,1.50,1.00
2015.05.20 23:28:30.283,0.99332,0.99348,2.25,1.50
2015.05.20 23:28:30.798,0.99333,0.99348,1.00,1.50
2015.05.20 23:28:31.233,0.99333,0.99344,1.00,1.00
2015.05.20 23:28:31.284,0.99327,0.99343,2.25,1.00
2015.05.20 23:28:31.336,0.99327,0.99342,1.00,1.00
2015.05.20 23:28:31.437,0.99329,0.99344,1.00,1.00
2015.05.20 23:28:31.749,0.99332,0.99346,1.00,1.00
2015.05.20 23:28:34.477,0.99332,0.99344,1.50,1.00
2015.05.20 23:28:34.529,0.99329,0.99342,1.00,1.00
2015.05.20 23:28:34.681,0.99327,0.99342,1.50,1.00
2015.05.20 23:28:34.732,0.99327,0.99344,1.50,3.00
2015.05.20 23:28:34.985,0.99327,0.99342,1.50,1.00
2015.05.20 23:28:35.601,0.99326,0.99343,1.50,1.50
2015.05.20 23:28:54.237,0.99328,0.99342,1.00,1.00
2015.05.20 23:28:58.811,0.99328,0.99333,1.00,1.00
2015.05.20 23:28:58.913,0.99326,0.99332,1.00,1.00
2015.05.20 23:28:58.964,0.9932,0.99332,1.00,1.00
2015.05.20 23:28:59.015,0.99318,0.9933,1.12,1.00
2015.05.20 23:28:59.167,0.99322,0.99335,1.00,1.00
2015.05.20 23:28:59.218,0.9933,0.99338,1.00,1.50
2015.05.20 23:28:59.269,0.99328,0.99338,1.00,1.50
2015.05.20 23:28:59.320,0.99323,0.99333,1.50,1.00
2015.05.20 23:28:59.624,0.99318,0.99332,1.00,1.00
2015.05.20 23:28:59.979,0.99319,0.99335,1.00,1.00
2015.05.20 23:29:00.131,0.99322,0.99337,1.00,3.00
2015.05.20 23:29:01.045,0.99323,0.99339,1.00,1.57
2015.05.20 23:29:01.450,0.99325,0.9934,1.00,1.50
2015.05.20 23:29:03.100,0.99325,0.99341,1.50,1.00
2015.05.20 23:29:03.607,0.99326,0.99341,1.00,1.00
2015.05.20 23:29:05.518,0.99326,0.99342,1.00,1.00
2015.05.20 23:29:10.714,0.99326,0.99342,1.00,1.37
2015.05.20 23:29:15.102,0.99326,0.99342,1.50,1.00
2015.05.20 23:29:16.515,0.99326,0.99343,1.50,1.57
2015.05.20 23:29:24.198,0.99326,0.99342,1.50,1.00
2015.05.20 23:29:29.994,0.99326,0.99341,1.00,1.00
2015.05.20 23:29:30.051,0.99326,0.99343,1.00,2.32
2015.05.20 23:29:34.296,0.99327,0.99343,1.00,1.10
2015.05.20 23:29:37.560,0.99331,0.99343,1.00,1.10
2015.05.20 23:29:37.661,0.99328,0.99344,1.00,1.12
2015.05.20 23:29:54.283,0.9933,0.99343,1.00,1.10
2015.05.20 23:30:01.433,0.99327,0.99342,1.00,1.00
2015.05.20 23:30:01.484,0.99327,0.99339,1.00,1.00
2015.05.20 23:30:01.635,0.99324,0.99339,1.50,1.00
2015.05.20 23:30:02.495,0.99323,0.99339,1.57,1.00
2015.05.20 23:30:02.596,0.99325,0.99339,1.00,1.00
2015.05.20 23:30:02.901,0.99332,0.99347,1.00,1.87
2015.05.20 23:30:02.952,0.99332,0.99347,1.00,1.20
2015.05.20 23:30:03.373,0.99332,0.99345,1.00,1.00
2015.05.20 23:30:14.225,0.9933,0.99345,1.00,1.00
2015.05.20 23:30:21.064,0.99329,0.99344,2.25,1.00
2015.05.20 23:30:41.751,0.9933,0.99344,1.00,1.00
2015.05.20 23:30:47.372,0.9933,0.99346,1.00,1.87
2015.05.20 23:30:53.921,0.99329,0.99345,1.50,1.10
2015.05.20 23:31:02.624,0.99329,0.99344,1.50,1.00
2015.05.20 23:31:07.388,0.99328,0.99344,2.25,1.00
2015.05.20 23:31:09.444,0.99329,0.99345,1.00,1.50
2015.05.20 23:31:43.262,0.99331,0.99346,1.00,1.50
2015.05.20 23:31:43.595,0.99337,0.99347,1.50,1.00
2015.05.20 23:31:43.646,0.99335,0.99347,1.10,1.00
2015.05.20 23:31:43.747,0.99336,0.99349,1.50,1.00
2015.05.20 23:31:43.950,0.99336,0.99351,1.50,1.00
2015.05.20 23:31:48.209,0.99336,0.99352,1.00,1.50
2015.05.20 23:31:48.406,0.99335,0.99347,1.00,1.00
2015.05.20 23:31:48.462,0.99333,0.99348,1.00,1.00
2015.05.20 23:31:48.563,0.99331,0.99346,2.25,1.50
2015.05.20 23:31:49.077,0.99331,0.99345,1.50,1.00
2015.05.20 23:31:51.211,0.99331,0.99346,1.00,2.25
2015.05.20 23:31:51.729,0.9933,0.99346,1.50,1.00
2015.05.20 23:31:54.447,0.99332,0.99346,1.00,1.00
2015.05.20 23:31:56.200,0.99332,0.99348,1.00,1.87
2015.05.20 23:31:56.251,0.99332,0.99346,1.00,1.00
2015.05.20 23:31:56.505,0.99332,0.99348,1.00,1.50
2015.05.20 23:31:56.707,0.99332,0.99346,1.00,1.00
2015.05.20 23:31:56.809,0.99332,0.99348,1.00,1.50
2015.05.20 23:31:57.357,0.99332,0.99347,1.00,1.00
2015.05.20 23:31:57.884,0.99332,0.99346,1.00,1.00
2015.05.20 23:31:58.419,0.99331,0.99345,1.50,1.00
2015.05.20 23:31:59.136,0.99332,0.99346,1.00,1.00
2015.05.20 23:32:01.202,0.99332,0.99347,1.00,1.00
2015.05.20 23:32:04.562,0.99333,0.99347,1.00,1.00
2015.05.20 23:32:04.664,0.99335,0.99348,1.00,1.00
2015.05.20 23:32:05.199,0.99335,0.99349,1.00,1.12
2015.05.20 23:32:07.270,0.99337,0.9935,1.00,1.00
2015.05.20 23:32:09.870,0.99339,0.99352,1.00,1.00
2015.05.20 23:32:09.971,0.99337,0.99352,1.00,1.00
2015.05.20 23:32:10.509,0.99337,0.99351,1.00,1.00
2015.05.20 23:32:11.098,0.99337,0.9935,1.00,1.00
2015.05.20 23:32:11.468,0.99334,0.9935,1.50,1.50
2015.05.20 23:32:12.798,0.99334,0.9935,1.50,1.87
2015.05.20 23:32:12.849,0.99334,0.99346,1.00,1.00
2015.05.20 23:32:13.379,0.99334,0.99347,1.00,1.00
2015.05.20 23:32:13.918,0.99334,0.99346,1.00,1.00
2015.05.20 23:32:14.568,0.99332,0.99346,1.00,1.00
2015.05.20 23:32:15.070,0.99332,0.99347,1.00,1.50
2015.05.20 23:32:15.959,0.99332,0.99346,1.00,1.00
2015.05.20 23:32:18.788,0.99332,0.99345,1.00,1.00
2015.05.20 23:32:20.569,0.99332,0.99347,1.00,1.50
2015.05.20 23:32:23.584,0.99333,0.99347,1.00,1.00
2015.05.20 23:32:24.629,0.99333,0.99348,1.00,1.00
2015.05.20 23:32:29.605,0.99336,0.99348,1.00,1.00
2015.05.20 23:32:29.656,0.99336,0.9935,1.50,1.00
2015.05.20 23:32:29.809,0.99338,0.9935,1.00,1.50
2015.05.20 23:32:30.542,0.99338,0.99352,1.00,1.50
2015.05.20 23:32:30.694,0.99337,0.9935,1.00,1.00
2015.05.20 23:32:31.012,0.99339,0.9935,1.00,1.00
2015.05.20 23:32:41.252,0.99339,0.99351,1.00,1.00
2015.05.20 23:32:41.819,0.99339,0.99353,1.00,1.12
2015.05.20 23:32:43.318,0.99339,0.99352,1.00,1.00
2015.05.20 23:32:55.734,0.99337,0.99352,1.00,1.00
2015.05.20 23:33:06.655,0.99339,0.99352,1.00,1.00
2015.05.20 23:33:07.874,0.99339,0.99353,1.00,1.00
2015.05.20 23:33:12.036,0.99339,0.99354,1.00,1.12
2015.05.20 23:33:14.273,0.9934,0.99354,1.00,1.00
2015.05.20 23:33:14.877,0.99341,0.99354,1.00,1.00
2015.05.20 23:33:16.681,0.99342,0.99355,1.00,1.37
2015.05.20 23:33:17.204,0.99342,0.99355,1.00,1.12
2015.05.20 23:33:25.820,0.99343,0.99355,1.00,1.00
2015.05.20 23:33:32.745,0.99343,0.99353,1.00,1.00
2015.05.20 23:33:33.401,0.99343,0.99354,1.00,1.00
2015.05.20 23:33:33.502,0.99341,0.99354,1.00,1.00
2015.05.20 23:33:37.327,0.99341,0.99356,1.00,1.50
2015.05.20 23:33:47.692,0.99342,0.99358,1.00,1.00
2015.05.20 23:33:48.046,0.99344,0.99361,1.00,1.87
2015.05.20 23:33:48.585,0.99345,0.99361,1.00,1.50
2015.05.20 23:33:49.117,0.99344,0.9936,1.00,1.00
2015.05.20 23:33:49.732,0.99344,0.99359,1.00,1.00
2015.05.20 23:33:50.372,0.99345,0.9936,1.00,1.50
2015.05.20 23:33:51.725,0.99343,0.9936,2.25,1.50
2015.05.20 23:33:52.229,0.99344,0.9936,1.00,1.00
2015.05.20 23:33:58.023,0.99344,0.99361,1.50,1.50
2015.05.20 23:33:58.074,0.99346,0.99361,1.00,1.00
2015.05.20 23:33:58.685,0.99347,0.99361,1.00,1.00
2015.05.20 23:34:02.265,0.99346,0.99361,1.50,1.50
2015.05.20 23:34:02.832,0.99347,0.99361,1.00,1.50
2015.05.20 23:34:06.588,0.99347,0.99362,1.00,1.00
2015.05.20 23:34:19.454,0.99346,0.99362,1.50,1.00
2015.05.20 23:34:20.575,0.99348,0.99362,1.00,1.00
2015.05.20 23:34:24.565,0.9935,0.99363,1.00,1.50
2015.05.20 23:34:24.666,0.99352,0.99366,1.00,1.00
2015.05.20 23:34:24.717,0.99352,0.99368,1.00,1.00
2015.05.20 23:34:24.870,0.99353,0.99366,1.00,1.00
2015.05.20 23:34:25.653,0.99352,0.99366,1.00,1.00
2015.05.20 23:34:26.173,0.99352,0.99365,1.00,1.00
2015.05.20 23:34:27.088,0.99352,0.99364,1.00,1.00
2015.05.20 23:34:27.519,0.99351,0.99362,1.00,1.00
2015.05.20 23:34:29.113,0.99351,0.99363,1.00,2.25
2015.05.20 23:34:30.619,0.99351,0.99362,1.00,1.00
2015.05.20 23:34:31.132,0.99351,0.99363,1.00,1.00
2015.05.20 23:34:35.540,0.99352,0.99363,1.00,1.00
2015.05.20 23:34:35.802,0.99352,0.99365,1.00,1.50
2015.05.20 23:34:37.091,0.99352,0.99366,1.00,1.50
2015.05.20 23:34:37.776,0.99352,0.99365,1.00,1.00
2015.05.20 23:34:39.097,0.99352,0.99366,1.00,1.50
2015.05.20 23:34:54.894,0.99352,0.99364,1.00,1.00
2015.05.20 23:34:54.995,0.9935,0.99364,1.50,1.00
2015.05.20 23:34:55.096,0.99348,0.99364,1.50,1.50
2015.05.20 23:34:55.620,0.99348,0.99363,1.00,1.00
2015.05.20 23:34:56.626,0.99349,0.99363,1.00,1.50
2015.05.20 23:34:56.833,0.99349,0.9936,1.00,1.00
2015.05.20 23:35:01.458,0.99349,0.99361,1.00,1.00
2015.05.20 23:35:03.519,0.99348,0.99361,1.00,1.00
2015.05.20 23:35:11.184,0.99348,0.9936,1.00,1.00
2015.05.20 23:35:13.470,0.99346,0.9936,1.50,1.00
2015.05.20 23:35:30.518,0.99345,0.9936,1.50,1.00
2015.05.20 23:35:47.441,0.99346,0.9936,1.00,1.00
2015.05.20 23:36:01.025,0.99347,0.9936,1.00,1.00
2015.05.20 23:36:01.228,0.99349,0.9936,1.00,1.00
2015.05.20 23:36:02.756,0.99348,0.9936,1.50,1.00
2015.05.20 23:36:03.274,0.99349,0.9936,1.00,1.00
2015.05.20 23:36:05.694,0.99348,0.9936,1.50,1.00
2015.05.20 23:36:08.048,0.99349,0.9936,1.00,1.00
2015.05.20 23:36:11.135,0.99348,0.9936,1.50,1.00
2015.05.20 23:36:13.613,0.99348,0.99363,1.50,1.00
2015.05.20 23:36:15.659,0.99349,0.99363,1.00,1.00
2015.05.20 23:36:15.760,0.99349,0.99365,1.00,1.00
2015.05.20 23:36:15.993,0.99349,0.99363,1.00,1.00
2015.05.20 23:36:16.872,0.99349,0.99362,1.00,1.00
2015.05.20 23:36:17.443,0.99348,0.99362,1.00,1.50
2015.05.20 23:36:17.721,0.99346,0.99362,1.50,2.25
2015.05.20 23:36:23.585,0.99346,0.99358,1.00,1.00
2015.05.20 23:36:24.179,0.99346,0.99357,1.00,1.00
2015.05.20 23:36:25.084,0.99346,0.99361,1.00,1.50
2015.05.20 23:36:25.446,0.99349,0.99363,1.00,1.00
2015.05.20 23:36:25.650,0.99347,0.99363,1.50,1.50
2015.05.20 23:36:26.157,0.99347,0.99362,1.00,1.50
2015.05.20 23:36:26.688,0.99346,0.99362,1.50,1.50
2015.05.20 23:36:27.228,0.99346,0.99361,1.50,1.00
2015.05.20 23:36:27.742,0.99346,0.9936,1.00,1.00
2015.05.20 23:36:28.260,0.99345,0.9936,1.00,1.00
2015.05.20 23:36:42.621,0.99343,0.9936,2.62,1.50
2015.05.20 23:36:43.125,0.99343,0.99359,1.50,1.00
2015.05.20 23:36:49.911,0.99343,0.9936,1.50,1.50
2015.05.20 23:36:54.245,0.99344,0.9936,1.00,1.00
2015.05.20 23:37:01.840,0.99343,0.99359,1.57,1.00
2015.05.20 23:37:02.343,0.99343,0.99358,1.10,1.00
2015.05.20 23:37:28.475,0.99342,0.99358,1.00,1.00
2015.05.20 23:37:29.047,0.99344,0.99358,1.00,1.00
2015.05.20 23:37:39.477,0.99347,0.99359,1.00,1.00
2015.05.20 23:37:39.528,0.99347,0.99361,1.00,1.50
2015.05.20 23:37:41.165,0.99345,0.99361,1.00,2.25
2015.05.20 23:37:41.950,0.99347,0.99361,1.00,1.00
2015.05.20 23:37:44.989,0.99351,0.99361,1.00,1.00
2015.05.20 23:37:45.503,0.99352,0.99366,1.00,1.50
2015.05.20 23:37:45.557,0.99352,0.99364,1.00,1.00
2015.05.20 23:37:45.709,0.99349,0.99362,1.50,1.00
2015.05.20 23:37:45.861,0.99349,0.99364,1.00,1.00
2015.05.20 23:37:45.912,0.99348,0.99361,1.50,1.00
2015.05.20 23:37:46.259,0.9935,0.99362,1.00,1.00
2015.05.20 23:37:46.462,0.99348,0.99362,1.00,1.00
2015.05.20 23:37:46.970,0.99348,0.99361,1.00,1.00
2015.05.20 23:37:47.122,0.99348,0.99359,1.00,1.00
2015.05.20 23:37:47.625,0.99348,0.99358,1.00,1.00
2015.05.20 23:38:00.200,0.99346,0.99358,1.50,1.00
2015.05.20 23:38:01.488,0.99347,0.99358,1.00,1.00
2015.05.20 23:38:06.932,0.99346,0.99358,1.00,1.00
2015.05.20 23:38:07.515,0.99345,0.99358,1.00,1.00
2015.05.20 23:38:27.436,0.99346,0.99358,1.00,1.00
2015.05.20 23:38:28.631,0.99345,0.99358,1.00,1.00
2015.05.20 23:38:29.679,0.99346,0.99361,1.00,1.00
2015.05.20 23:38:30.182,0.99347,0.99361,1.00,1.00
2015.05.20 23:38:30.687,0.99347,0.99358,1.00,1.00
2015.05.20 23:38:34.279,0.99345,0.99358,1.00,1.00
2015.05.20 23:38:41.436,0.99345,0.9936,1.00,1.00
2015.05.20 23:38:47.513,0.99349,0.99361,1.00,1.00
2015.05.20 23:38:48.046,0.99349,0.99362,1.00,1.50
2015.05.20 23:38:48.455,0.99345,0.99362,1.00,2.25
2015.05.20 23:39:00.130,0.99345,0.99361,1.00,1.00
2015.05.20 23:39:00.384,0.99344,0.99358,1.50,1.00
2015.05.20 23:39:00.840,0.99346,0.99357,1.00,1.00
2015.05.20 23:39:01.784,0.99346,0.99358,1.00,1.00
2015.05.20 23:39:02.037,0.99341,0.99358,2.25,1.50
2015.05.20 23:39:02.299,0.99342,0.99356,1.00,1.00
2015.05.20 23:39:02.807,0.99346,0.99356,1.00,1.00
2015.05.20 23:39:02.959,0.99343,0.99356,1.00,1.00
2015.05.20 23:39:03.859,0.99342,0.99356,1.00,1.00
2015.05.20 23:39:05.021,0.99341,0.99356,1.50,1.00
2015.05.20 23:39:05.523,0.99342,0.99357,1.00,1.00
2015.05.20 23:39:30.422,0.99342,0.99356,2.25,1.00
2015.05.20 23:39:33.277,0.99343,0.99356,1.00,1.00
2015.05.20 23:39:33.778,0.99343,0.99357,1.00,1.50
2015.05.20 23:39:34.029,0.99345,0.99357,1.00,1.50
2015.05.20 23:39:34.130,0.99342,0.99357,3.00,1.50
2015.05.20 23:39:43.253,0.99347,0.99356,1.00,1.00
2015.05.20 23:39:43.813,0.99347,0.99355,1.00,1.00
2015.05.20 23:39:44.254,0.99342,0.99355,1.00,1.00
2015.05.20 23:39:49.063,0.99342,0.99356,1.00,1.50
2015.05.20 23:39:49.662,0.99341,0.99356,1.50,1.50
2015.05.20 23:39:50.175,0.99342,0.99356,1.00,1.00
2015.05.20 23:39:50.378,0.99346,0.99356,1.00,1.00
2015.05.20 23:39:51.217,0.99342,0.99356,1.00,1.00
2015.05.20 23:39:51.732,0.99343,0.99358,1.50,1.50
2015.05.20 23:39:52.328,0.99343,0.99357,1.50,1.00
2015.05.20 23:39:54.275,0.99344,0.99357,1.00,1.00
2015.05.20 23:40:02.120,0.99344,0.99358,1.00,1.50
2015.05.20 23:40:02.945,0.99345,0.99358,1.00,1.50
2015.05.20 23:40:03.446,0.99344,0.99358,1.00,1.50
2015.05.20 23:40:10.639,0.99345,0.99358,1.00,1.00
2015.05.20 23:40:11.679,0.99344,0.99356,1.00,1.00
2015.05.20 23:40:27.418,0.99343,0.99356,1.00,1.00
2015.05.20 23:40:35.411,0.99344,0.99357,1.00,1.00
2015.05.20 23:40:36.367,0.99341,0.99357,1.00,2.25
2015.05.20 23:41:07.073,0.99342,0.99356,1.00,1.00
2015.05.20 23:41:17.390,0.99343,0.99357,1.00,1.50
2015.05.20 23:41:17.542,0.99341,0.99357,1.00,1.50
2015.05.20 23:41:18.273,0.99342,0.99357,1.00,1.50
2015.05.20 23:41:30.616,0.99341,0.99357,1.50,1.50
2015.05.20 23:41:35.024,0.99343,0.99357,1.00,1.50
2015.05.20 23:41:35.549,0.99343,0.99355,1.00,1.00
2015.05.20 23:41:35.651,0.99341,0.99355,1.00,1.00
2015.05.20 23:41:35.752,0.99339,0.99355,1.50,1.00
2015.05.20 23:41:35.904,0.99339,0.99353,1.50,1.00
2015.05.20 23:41:36.361,0.99343,0.99353,1.00,1.00
2015.05.20 23:41:36.933,0.99339,0.99353,1.00,1.00
2015.05.20 23:41:37.581,0.99338,0.99353,2.25,1.00
2015.05.20 23:41:41.371,0.99338,0.99354,1.50,1.00
2015.05.20 23:41:44.936,0.99343,0.99354,1.00,1.00
2015.05.20 23:41:45.906,0.99338,0.99354,1.00,1.00
2015.05.20 23:41:49.646,0.99338,0.99353,1.00,1.00
2015.05.20 23:42:09.100,0.99343,0.99353,1.00,1.50
2015.05.20 23:42:09.995,0.99339,0.99353,1.00,1.50
2015.05.20 23:42:13.701,0.99342,0.99353,1.00,1.00
2015.05.20 23:42:14.004,0.99342,0.99356,1.00,2.25
2015.05.20 23:42:14.055,0.99346,0.99356,1.00,2.25
2015.05.20 23:42:15.740,0.99344,0.99356,1.00,1.00
2015.05.20 23:42:19.509,0.99344,0.99357,1.00,1.00
2015.05.20 23:42:24.002,0.99344,0.99358,1.00,1.50
2015.05.20 23:42:24.513,0.99344,0.99359,1.50,1.50
2015.05.20 23:42:26.059,0.99344,0.99358,1.50,1.00
2015.05.20 23:42:27.311,0.99345,0.99358,1.00,1.50
2015.05.20 23:42:31.148,0.99344,0.99358,1.00,1.00
2015.05.20 23:42:31.805,0.99344,0.99357,1.00,1.50
2015.05.20 23:42:34.221,0.99343,0.99357,1.00,1.00
2015.05.20 23:42:34.759,0.99342,0.99357,1.87,1.00
2015.05.20 23:42:46.781,0.99342,0.99358,1.50,1.50
2015.05.20 23:42:48.510,0.99343,0.99358,1.87,1.00
2015.05.20 23:42:48.816,0.99356,0.99361,1.00,1.12
2015.05.20 23:42:49.035,0.99359,0.99363,1.00,1.00
2015.05.20 23:42:49.086,0.99356,0.99363,1.50,1.00
2015.05.20 23:42:49.137,0.99356,0.9936,1.00,1.00
2015.05.20 23:42:49.188,0.99354,0.99359,1.00,1.00
2015.05.20 23:42:49.290,0.99352,0.99357,1.00,1.00
2015.05.20 23:42:49.341,0.99358,0.99362,1.00,1.00
2015.05.20 23:42:49.595,0.99356,0.99363,1.00,1.00
2015.05.20 23:42:49.697,0.99353,0.9936,2.25,1.00
2015.05.20 23:42:49.849,0.99351,0.99358,1.00,1.00
2015.05.20 23:42:50.087,0.99347,0.99358,1.50,1.00
2015.05.20 23:42:50.619,0.99348,0.99358,1.00,1.00
2015.05.20 23:42:52.512,0.99345,0.99358,1.50,1.00
2015.05.20 23:42:52.664,0.99345,0.99356,1.00,1.00
2015.05.20 23:42:52.816,0.99341,0.99356,1.50,1.10
2015.05.20 23:42:53.564,0.99341,0.99355,1.00,1.00
2015.05.20 23:42:54.779,0.9934,0.99355,1.00,1.00
2015.05.20 23:42:55.308,0.99342,0.99355,1.00,1.00
2015.05.20 23:42:55.461,0.99342,0.99357,1.00,2.25
2015.05.20 23:42:55.613,0.99344,0.99357,1.00,1.50
2015.05.20 23:42:56.878,0.99341,0.99357,1.87,1.50
2015.05.20 23:42:59.616,0.99341,0.99356,1.12,1.00
2015.05.20 23:43:00.389,0.99341,0.99355,2.62,1.00
2015.05.20 23:43:00.491,0.99341,0.99353,1.50,1.00
2015.05.20 23:43:00.662,0.99341,0.99356,1.50,1.50
2015.05.20 23:43:00.764,0.99339,0.99356,3.00,1.00
2015.05.20 23:43:01.886,0.99341,0.99356,1.00,1.00
2015.05.20 23:43:02.396,0.99342,0.99357,1.50,1.50
2015.05.20 23:43:02.965,0.99343,0.99357,1.50,2.25
2015.05.20 23:43:06.271,0.99343,0.99356,1.50,1.00
2015.05.20 23:43:06.714,0.99341,0.99356,1.00,1.50
2015.05.20 23:43:09.041,0.99341,0.99353,1.00,1.00
2015.05.20 23:43:12.340,0.99341,0.99352,1.00,1.00
2015.05.20 23:43:12.542,0.99338,0.99352,1.50,1.00
2015.05.20 23:43:12.644,0.99341,0.99352,1.00,1.00
2015.05.20 23:43:14.225,0.9934,0.99352,1.00,1.00
2015.05.20 23:43:15.043,0.99338,0.99352,1.50,1.00
2015.05.20 23:43:15.195,0.99338,0.9935,1.50,1.00
2015.05.20 23:43:15.499,0.99335,0.99347,1.50,1.00
2015.05.20 23:43:16.170,0.99334,0.99348,1.50,1.00
2015.05.20 23:43:17.311,0.99336,0.99348,1.00,1.50
2015.05.20 23:43:17.514,0.99332,0.99348,1.50,2.25
2015.05.20 23:43:18.041,0.99332,0.99347,1.50,1.00
2015.05.20 23:43:18.890,0.99332,0.99347,1.00,1.12
2015.05.20 23:43:19.416,0.99331,0.99346,1.00,1.10
2015.05.20 23:43:20.321,0.99332,0.99346,1.00,1.10
2015.05.20 23:43:21.157,0.99331,0.99346,1.50,1.50
2015.05.20 23:43:21.208,0.99331,0.99342,1.00,1.00
2015.05.20 23:43:21.310,0.99328,0.99345,1.50,1.50
2015.05.20 23:43:21.361,0.9933,0.99344,1.00,1.00
2015.05.20 23:43:21.665,0.99335,0.99349,1.00,1.00
2015.05.20 23:43:22.199,0.99335,0.99348,1.00,1.00
2015.05.20 23:43:23.029,0.99336,0.99348,1.00,1.00
2015.05.20 23:43:23.543,0.99336,0.99349,1.00,1.00
2015.05.20 23:43:27.144,0.99338,0.99349,1.00,1.00
2015.05.20 23:43:27.488,0.9934,0.99349,1.00,1.00
2015.05.20 23:43:29.184,0.99337,0.99349,1.00,1.00
2015.05.20 23:43:29.718,0.99336,0.99349,1.00,1.00
2015.05.20 23:43:30.299,0.99337,0.99349,1.00,1.00
2015.05.20 23:43:32.755,0.9934,0.99349,1.00,1.00
2015.05.20 23:43:32.907,0.9934,0.99353,1.00,2.25
2015.05.20 23:43:33.364,0.99344,0.99353,1.50,1.00
2015.05.20 23:43:33.879,0.99345,0.99353,1.00,1.00
2015.05.20 23:43:35.375,0.99344,0.99353,1.00,1.00
2015.05.20 23:43:42.209,0.99341,0.99353,1.00,1.00
2015.05.20 23:43:42.898,0.9934,0.99353,1.50,1.50
2015.05.20 23:43:43.437,0.99341,0.99353,1.00,1.50
2015.05.20 23:43:43.986,0.9934,0.99353,1.00,2.25
2015.05.20 23:43:44.087,0.99336,0.99351,2.25,1.50
2015.05.20 23:43:44.138,0.99336,0.99348,1.00,1.00
2015.05.20 23:43:44.290,0.99333,0.99348,1.50,1.00
2015.05.20 23:43:44.544,0.99332,0.99346,1.00,1.00
2015.05.20 23:43:44.853,0.9933,0.99343,1.00,1.00
2015.05.20 23:43:45.387,0.99329,0.99343,2.25,1.00
2015.05.20 23:43:45.915,0.99329,0.99342,1.50,1.00
2015.05.20 23:43:57.320,0.99327,0.99342,1.50,2.25
2015.05.20 23:44:00.627,0.99329,0.99342,1.00,1.00
2015.05.20 23:44:07.242,0.99329,0.99343,1.00,1.50
2015.05.20 23:44:13.038,0.99332,0.99343,1.00,1.00
2015.05.20 23:44:13.190,0.99332,0.99345,1.00,2.25
2015.05.20 23:44:13.292,0.99333,0.99347,1.00,1.00
2015.05.20 23:44:13.343,0.99337,0.99348,1.00,1.50
2015.05.20 23:44:14.911,0.99339,0.99348,1.00,1.00
2015.05.20 23:44:15.118,0.99337,0.99348,1.00,1.00
2015.05.20 23:44:21.025,0.99336,0.99348,1.50,1.00
2015.05.20 23:44:21.535,0.99337,0.99348,1.00,1.00
2015.05.20 23:44:27.867,0.99336,0.99348,1.00,1.50
2015.05.20 23:44:27.918,0.99334,0.99348,1.00,1.50
2015.05.20 23:44:28.429,0.99333,0.99347,1.00,1.50
2015.05.20 23:44:29.533,0.99332,0.99347,1.50,1.00
2015.05.20 23:44:29.888,0.99331,0.99345,2.25,1.00
2015.05.20 23:44:30.192,0.99329,0.99345,1.50,1.50
2015.05.20 23:44:30.344,0.9933,0.99343,1.00,1.00
2015.05.20 23:44:30.597,0.99328,0.99343,1.50,1.00
2015.05.20 23:44:31.145,0.99329,0.99343,1.00,1.50
2015.05.20 23:44:31.907,0.99329,0.99342,1.00,1.00
2015.05.20 23:44:32.916,0.99327,0.99342,1.00,1.50
2015.05.20 23:44:33.423,0.99327,0.99341,1.00,1.00
2015.05.20 23:44:36.182,0.99327,0.99337,1.00,1.00
2015.05.20 23:44:36.234,0.99322,0.99337,3.00,1.00
2015.05.20 23:44:36.284,0.99326,0.99338,1.00,1.00
2015.05.20 23:44:36.792,0.99326,0.99337,1.00,1.00
2015.05.20 23:44:37.928,0.99326,0.99336,1.00,1.00
2015.05.20 23:44:38.478,0.99326,0.99337,1.00,1.00
2015.05.20 23:44:40.782,0.99327,0.99337,1.00,1.00
2015.05.20 23:44:40.884,0.99327,0.99339,1.00,1.00
2015.05.20 23:44:40.985,0.99327,0.99341,1.00,1.00
2015.05.20 23:44:41.087,0.99327,0.99343,2.25,1.50
2015.05.20 23:44:41.138,0.99329,0.99343,1.00,1.00
2015.05.20 23:44:41.486,0.99331,0.99346,1.50,1.00
2015.05.20 23:44:41.742,0.99333,0.99347,1.00,1.50
2015.05.20 23:44:42.661,0.99334,0.99347,1.00,1.00
2015.05.20 23:44:44.117,0.99334,0.99348,1.00,1.50
2015.05.20 23:44:44.655,0.99334,0.99349,1.00,1.00
2015.05.20 23:44:45.156,0.99333,0.99348,1.00,1.00
2015.05.20 23:44:52.006,0.99334,0.9935,1.00,2.25
2015.05.20 23:44:52.507,0.99333,0.99349,1.00,1.00
2015.05.20 23:44:53.363,0.99333,0.99347,1.00,1.00
2015.05.20 23:44:54.292,0.99332,0.99347,1.50,1.00
2015.05.20 23:45:00.203,0.99331,0.99347,1.57,1.00
2015.05.20 23:45:00.771,0.99331,0.99346,1.00,1.00
2015.05.20 23:45:01.177,0.9933,0.99343,1.50,1.00
2015.05.20 23:45:02.154,0.99331,0.99343,1.00,1.00
2015.05.20 23:45:05.415,0.9933,0.99343,1.00,1.00
2015.05.20 23:45:05.965,0.99331,0.99343,1.00,1.00
2015.05.20 23:45:11.679,0.99332,0.99343,1.00,1.00
2015.05.20 23:45:12.381,0.99332,0.99345,1.50,1.00
2015.05.20 23:45:13.142,0.99331,0.99345,1.10,1.00
2015.05.20 23:45:13.736,0.9933,0.99345,1.10,1.00
2015.05.20 23:45:14.332,0.9933,0.99343,1.50,1.00
2015.05.20 23:45:18.304,0.99333,0.99343,1.00,1.00
2015.05.20 23:45:18.355,0.99333,0.99348,1.57,1.00
2015.05.20 23:45:18.459,0.99335,0.99349,1.00,1.00
2015.05.20 23:45:18.662,0.99337,0.99352,1.50,1.00
2015.05.20 23:45:19.232,0.9934,0.99352,1.00,1.00
2015.05.20 23:45:21.368,0.9934,0.9935,1.00,1.00
2015.05.20 23:45:27.021,0.9934,0.99353,1.00,1.00
2015.05.20 23:45:30.670,0.9934,0.99351,1.00,1.00
2015.05.20 23:45:30.771,0.99336,0.99348,1.00,1.00
2015.05.20 23:45:30.974,0.99332,0.99347,1.87,1.50
2015.05.20 23:45:31.025,0.99332,0.99347,1.00,1.00
2015.05.20 23:45:31.127,0.99331,0.99345,1.57,1.00
2015.05.20 23:45:31.634,0.99331,0.99344,1.00,1.50
2015.05.20 23:45:32.135,0.99331,0.99343,1.00,1.00
2015.05.20 23:45:33.541,0.99328,0.99343,1.57,1.50
2015.05.20 23:45:33.777,0.99329,0.99343,1.12,1.00
2015.05.20 23:45:33.879,0.99331,0.99346,1.12,2.25
2015.05.20 23:45:35.101,0.99331,0.99346,1.10,1.50
2015.05.20 23:45:35.615,0.99329,0.99345,1.87,1.00
2015.05.20 23:45:36.329,0.99329,0.99344,1.37,1.00
2015.05.20 23:45:36.719,0.99329,0.99344,1.10,1.00
2015.05.20 23:45:37.278,0.99328,0.99343,1.12,1.00
2015.05.20 23:45:37.797,0.99329,0.99344,1.10,1.50
2015.05.20 23:45:37.848,0.99329,0.99342,1.10,1.00
2015.05.20 23:45:37.949,0.99329,0.99345,2.32,1.00
2015.05.20 23:45:38.459,0.9933,0.99344,1.00,1.00
2015.05.20 23:45:38.905,0.99332,0.99344,1.00,1.00
2015.05.20 23:45:39.412,0.99331,0.99345,1.10,1.00
2015.05.20 23:45:40.912,0.9933,0.99345,1.00,1.50
2015.05.20 23:45:50.266,0.9933,0.99344,1.00,1.00
2015.05.20 23:45:51.487,0.9933,0.99345,1.00,1.50
2015.05.20 23:45:51.999,0.99331,0.99345,1.00,1.50
2015.05.20 23:45:52.303,0.99334,0.99345,1.00,1.00
2015.05.20 23:45:52.611,0.99334,0.99349,1.00,1.00
2015.05.20 23:45:55.898,0.99335,0.99349,1.00,1.00
2015.05.20 23:45:56.421,0.99335,0.9935,1.00,1.50
2015.05.20 23:45:58.819,0.99335,0.99348,1.00,1.00
2015.05.20 23:46:07.396,0.99334,0.99348,1.00,1.00
2015.05.20 23:46:24.311,0.99335,0.99348,1.00,1.00
2015.05.20 23:46:33.345,0.99335,0.99347,1.00,1.00
2015.05.20 23:46:37.136,0.99334,0.99346,1.00,1.00
2015.05.20 23:46:43.173,0.99336,0.99346,1.00,1.00
2015.05.20 23:46:45.059,0.99336,0.99342,1.00,1.50
2015.05.20 23:46:45.161,0.99331,0.99341,1.50,1.00
2015.05.20 23:46:45.263,0.99328,0.99342,1.50,1.00
2015.05.20 23:46:45.466,0.99328,0.99338,1.00,1.00
2015.05.20 23:46:45.770,0.99326,0.99337,1.10,1.00
2015.05.20 23:46:46.901,0.99326,0.99338,1.00,1.50
2015.05.20 23:46:53.341,0.99325,0.99338,1.00,1.00
2015.05.20 23:47:14.319,0.99324,0.99338,2.25,1.50
2015.05.20 23:47:15.019,0.99326,0.99338,1.00,1.00
2015.05.20 23:47:17.120,0.99324,0.99338,2.25,1.00
2015.05.20 23:47:48.260,0.99324,0.99337,1.57,1.00
2015.05.20 23:47:50.916,0.99323,0.99337,1.12,1.00
2015.05.20 23:47:51.428,0.99324,0.99338,1.10,1.00
2015.05.20 23:47:51.979,0.99324,0.99338,1.12,1.00
2015.05.20 23:47:52.656,0.99327,0.99338,1.50,1.00
2015.05.20 23:47:52.809,0.99328,0.99342,1.00,1.00
2015.05.20 23:47:53.062,0.99331,0.99342,1.00,1.00
2015.05.20 23:47:53.366,0.99333,0.99342,1.00,1.00
2015.05.20 23:47:53.467,0.99332,0.99345,1.10,1.00
2015.05.20 23:47:53.990,0.99333,0.99345,1.00,1.00
2015.05.20 23:47:54.042,0.99333,0.99347,1.50,1.00
2015.05.20 23:47:55.673,0.99335,0.99347,1.00,1.00
2015.05.20 23:47:57.708,0.99333,0.99347,1.50,1.00
2015.05.20 23:47:59.203,0.99333,0.99346,1.00,1.00
2015.05.20 23:48:00.581,0.99332,0.99346,1.50,1.00
2015.05.20 23:48:01.490,0.99333,0.99346,1.00,1.00
2015.05.20 23:48:06.106,0.99333,0.99343,1.00,1.00
2015.05.20 23:48:06.207,0.9933,0.99345,2.25,1.00
2015.05.20 23:48:06.439,0.99332,0.99343,1.50,1.00
2015.05.20 23:48:08.703,0.9933,0.99343,1.12,1.00
2015.05.20 23:48:09.014,0.99333,0.99343,1.00,1.00
2015.05.20 23:48:12.322,0.99334,0.99343,1.00,1.00
2015.05.20 23:48:12.424,0.99332,0.99343,1.00,1.00
2015.05.20 23:48:14.818,0.99331,0.99343,1.50,1.50
2015.05.20 23:48:15.038,0.99331,0.99346,1.00,3.00
2015.05.20 23:48:15.566,0.99332,0.99346,1.00,1.00
2015.05.20 23:48:39.071,0.99333,0.99346,1.00,1.50
2015.05.20 23:48:39.655,0.99332,0.99346,1.50,1.50
2015.05.20 23:48:41.418,0.99332,0.99344,1.00,1.00
2015.05.20 23:48:49.173,0.99332,0.99344,1.87,1.00
2015.05.20 23:48:49.223,0.99334,0.99346,1.00,1.00
2015.05.20 23:48:49.376,0.99332,0.99348,1.50,1.50
2015.05.20 23:48:49.427,0.99334,0.99348,1.00,2.25
2015.05.20 23:48:49.857,0.99334,0.99343,1.00,1.00
2015.05.20 23:48:50.111,0.99331,0.99343,1.00,1.00
2015.05.20 23:48:52.866,0.99331,0.99342,1.00,1.50
2015.05.20 23:48:55.352,0.99331,0.99338,1.00,1.00
2015.05.20 23:48:57.692,0.99331,0.99342,1.00,1.50
2015.05.20 23:48:59.120,0.99331,0.99338,1.00,1.00
2015.05.20 23:48:59.493,0.99329,0.99338,1.50,1.00
2015.05.20 23:49:01.710,0.99328,0.99338,1.50,1.00
2015.05.20 23:49:02.904,0.99328,0.99337,1.00,1.00
2015.05.20 23:49:03.056,0.99327,0.99333,1.00,1.00
2015.05.20 23:49:03.107,0.99323,0.99333,1.00,1.00
2015.05.20 23:49:03.310,0.99319,0.99333,1.50,1.00
2015.05.20 23:49:03.361,0.99319,0.99331,1.50,1.00
2015.05.20 23:49:05.936,0.99318,0.99331,1.00,1.00
2015.05.20 23:49:06.462,0.99319,0.99331,1.00,1.00
2015.05.20 23:49:09.363,0.99319,0.99333,3.37,1.00
2015.05.20 23:49:09.869,0.9932,0.99333,1.00,1.00
2015.05.20 23:49:10.411,0.9932,0.99334,2.25,1.00
2015.05.20 23:49:11.828,0.9932,0.99333,1.00,1.00
2015.05.20 23:49:12.560,0.9932,0.99334,1.00,1.50
2015.05.20 23:49:34.251,0.99319,0.99334,2.25,1.00
2015.05.20 23:49:48.049,0.9932,0.99334,1.00,1.00
2015.05.20 23:49:48.397,0.99322,0.99334,1.00,1.00
2015.05.20 23:49:48.556,0.99323,0.99337,1.00,1.50
2015.05.20 23:49:49.103,0.99325,0.99336,1.00,1.00
2015.05.20 23:49:49.267,0.99323,0.99336,1.57,1.00
2015.05.20 23:49:49.783,0.99324,0.99336,1.50,1.00
2015.05.20 23:49:54.180,0.99323,0.99336,1.57,1.00
2015.05.20 23:49:54.686,0.99324,0.99336,1.00,1.00
2015.05.20 23:49:55.190,0.99323,0.99336,1.00,1.00
2015.05.20 23:49:57.334,0.99324,0.99336,1.00,1.00
2015.05.20 23:49:57.840,0.99325,0.99336,1.00,1.00
2015.05.20 23:49:58.506,0.99325,0.99339,1.00,1.00
2015.05.20 23:50:00.452,0.99324,0.99339,1.50,1.00
2015.05.20 23:50:04.735,0.99324,0.99337,1.50,1.00
2015.05.20 23:50:05.974,0.99323,0.99337,1.00,1.00
2015.05.20 23:50:13.848,0.99323,0.99336,1.12,1.00
2015.05.20 23:50:15.615,0.99324,0.99336,1.00,1.00
2015.05.20 23:50:16.121,0.99326,0.99336,1.00,1.00
2015.05.20 23:50:16.285,0.99326,0.99338,1.00,1.00
2015.05.20 23:50:18.321,0.99328,0.99338,1.00,1.00
2015.05.20 23:50:18.828,0.99328,0.99337,1.00,1.00
2015.05.20 23:50:19.335,0.99328,0.99338,1.00,1.50
2015.05.20 23:50:20.067,0.99327,0.99338,1.50,1.00
2015.05.20 23:50:23.114,0.99328,0.99338,1.00,1.00
2015.05.20 23:50:26.084,0.99329,0.99338,1.00,1.00
2015.05.20 23:50:27.975,0.99328,0.99338,1.00,1.00
2015.05.20 23:50:30.180,0.99329,0.99338,1.00,1.00
2015.05.20 23:50:37.096,0.9933,0.99338,1.00,1.00
2015.05.20 23:50:37.350,0.99325,0.99338,1.00,1.50
2015.05.20 23:50:37.848,0.99327,0.99338,1.00,1.50
2015.05.20 23:50:38.360,0.99328,0.99338,1.00,1.50
2015.05.20 23:50:46.670,0.99329,0.99338,1.00,1.00
2015.05.20 23:50:48.620,0.9933,0.99338,1.00,1.00
2015.05.20 23:50:49.521,0.99329,0.99338,2.25,1.00
2015.05.20 23:50:57.206,0.99328,0.99338,1.00,1.00
2015.05.20 23:50:57.713,0.99327,0.99338,1.00,1.50
2015.05.20 23:51:02.841,0.99325,0.99338,1.00,1.50
2015.05.20 23:51:13.427,0.99324,0.99338,1.50,1.50
2015.05.20 23:51:13.630,0.99324,0.99333,1.00,1.00
2015.05.20 23:51:13.924,0.9932,0.99333,1.50,1.50
2015.05.20 23:51:14.742,0.9932,0.99328,1.50,1.00
2015.05.20 23:51:15.046,0.99317,0.99328,1.50,1.00
2015.05.20 23:51:15.595,0.99318,0.99328,1.00,1.00
2015.05.20 23:51:16.110,0.99317,0.99328,1.50,1.00
2015.05.20 23:51:27.068,0.99317,0.99327,1.50,1.00
2015.05.20 23:51:27.573,0.99316,0.99328,1.50,1.00
2015.05.20 23:51:36.325,0.99316,0.99327,1.00,1.00
2015.05.20 23:51:36.376,0.99315,0.99324,1.00,1.00
2015.05.20 23:51:36.477,0.99312,0.99324,1.57,1.00
2015.05.20 23:51:36.528,0.99312,0.99327,2.32,1.00
2015.05.20 23:51:36.630,0.99314,0.99327,1.00,1.00
2015.05.20 23:51:37.212,0.99314,0.99328,1.50,1.00
2015.05.20 23:51:41.435,0.99313,0.99323,1.00,1.00
2015.05.20 23:51:41.962,0.99312,0.99323,3.00,1.00
2015.05.20 23:51:47.305,0.99312,0.99319,3.00,1.00
2015.05.20 23:51:48.206,0.99313,0.99319,1.00,1.00
2015.05.20 23:51:59.964,0.99313,0.99318,1.00,1.00
2015.05.20 23:52:00.414,0.99313,0.99323,1.00,1.00
2015.05.20 23:52:04.326,0.99314,0.99323,1.00,1.00
2015.05.20 23:52:20.286,0.99314,0.99319,1.00,1.00
2015.05.20 23:52:32.962,0.99312,0.99318,1.00,1.00
2015.05.20 23:52:33.063,0.9931,0.99314,1.00,1.00
2015.05.20 23:52:33.320,0.99305,0.99312,1.00,1.00
2015.05.20 23:52:33.371,0.99302,0.99312,1.95,1.00
2015.05.20 23:52:33.422,0.99302,0.99315,1.57,1.00
2015.05.20 23:52:36.901,0.99302,0.99312,1.50,1.00
2015.05.20 23:52:37.357,0.99296,0.99312,1.87,2.25
2015.05.20 23:52:37.458,0.99296,0.99312,2.25,3.75
2015.05.20 23:52:38.146,0.99296,0.99308,2.25,1.00
2015.05.20 23:52:40.473,0.99295,0.99308,1.10,1.00
2015.05.20 23:52:41.187,0.99295,0.99307,1.00,1.00
2015.05.20 23:52:50.861,0.99295,0.99308,1.00,1.00
2015.05.20 23:52:54.278,0.99294,0.99308,1.50,1.00
2015.05.20 23:52:54.779,0.99296,0.99308,1.50,1.00
2015.05.20 23:52:55.479,0.99297,0.99308,1.00,1.00
2015.05.20 23:52:55.820,0.99299,0.99308,1.00,1.00
2015.05.20 23:52:58.188,0.99298,0.99308,1.00,1.00
2015.05.20 23:52:58.718,0.99299,0.99308,1.50,1.00
2015.05.20 23:52:59.059,0.99298,0.99304,1.50,1.00
2015.05.20 23:53:01.162,0.99301,0.99305,1.00,1.00
2015.05.20 23:53:04.653,0.99301,0.99308,1.00,1.00
2015.05.20 23:53:05.271,0.99302,0.99308,1.00,1.00
2015.05.20 23:53:07.393,0.99304,0.99308,1.00,1.00
2015.05.20 23:53:08.511,0.99303,0.99308,1.00,1.00
2015.05.20 23:53:22.512,0.99301,0.99308,1.50,1.00
2015.05.20 23:53:22.880,0.99304,0.99309,1.00,1.00
2015.05.20 23:53:23.133,0.99305,0.99313,1.00,1.00
2015.05.20 23:53:23.285,0.99303,0.99313,1.00,1.00
2015.05.20 23:53:23.544,0.99303,0.99309,1.00,1.00
2015.05.20 23:53:24.908,0.99302,0.99308,1.00,1.00
2015.05.20 23:53:27.425,0.99301,0.99308,1.50,1.00
2015.05.20 23:53:47.424,0.99302,0.99308,1.00,1.00
2015.05.20 23:54:07.371,0.99301,0.99308,1.00,1.00
2015.05.20 23:54:16.491,0.99298,0.99308,1.50,1.00
2015.05.20 23:54:17.041,0.99296,0.99303,1.00,1.00
2015.05.20 23:54:17.143,0.99296,0.99308,1.00,1.00
2015.05.20 23:54:17.194,0.99294,0.99308,1.00,1.00
2015.05.20 23:54:17.447,0.99294,0.99303,1.50,1.00
2015.05.20 23:54:17.802,0.99292,0.99303,1.50,1.00
2015.05.20 23:54:18.545,0.99292,0.99302,1.00,1.00
2015.05.20 23:54:20.751,0.99292,0.99303,1.00,1.00
2015.05.20 23:54:20.903,0.9929,0.99303,1.00,1.00
2015.05.20 23:54:21.288,0.99292,0.99303,1.00,1.00
2015.05.20 23:54:24.171,0.99294,0.99303,1.00,1.00
2015.05.20 23:54:26.998,0.99294,0.99302,1.00,1.00
2015.05.20 23:54:27.991,0.99295,0.99302,1.00,1.00
2015.05.20 23:54:29.096,0.99297,0.99302,1.00,1.00
2015.05.20 23:54:29.710,0.99296,0.99302,1.00,1.00
2015.05.20 23:54:30.307,0.99296,0.99303,1.00,1.00
2015.05.20 23:54:36.930,0.99299,0.99303,1.00,1.00
2015.05.20 23:54:37.234,0.99302,0.99306,1.12,1.00
2015.05.20 23:54:37.558,0.993,0.99304,1.00,1.00
2015.05.20 23:54:38.074,0.99299,0.99303,1.00,1.00
2015.05.20 23:54:41.535,0.993,0.99305,1.00,1.00
2015.05.20 23:54:54.930,0.99299,0.99304,1.00,1.00
2015.05.20 23:54:55.031,0.99301,0.99305,1.00,1.00
2015.05.20 23:55:00.744,0.99302,0.99306,1.00,1.00
2015.05.20 23:55:04.971,0.99301,0.99307,1.87,1.00
2015.05.20 23:55:12.099,0.99301,0.99308,2.62,1.00
2015.05.20 23:55:13.818,0.99303,0.99307,1.00,1.00
2015.05.20 23:55:14.550,0.99303,0.99308,1.50,1.00
2015.05.20 23:55:26.112,0.99303,0.99308,1.50,1.00
2015.05.20 23:55:26.890,0.99303,0.99308,1.50,1.00
2015.05.20 23:55:27.385,0.99305,0.99309,1.00,1.00
2015.05.20 23:55:28.392,0.99303,0.99308,1.50,1.00
2015.05.20 23:55:29.042,0.99304,0.99309,1.50,1.00
2015.05.20 23:55:32.378,0.99305,0.99313,1.00,1.00
2015.05.20 23:55:34.329,0.99303,0.99313,2.25,1.00
2015.05.20 23:55:35.344,0.99303,0.99309,2.25,1.00
2015.05.20 23:55:35.859,0.99303,0.99313,2.25,1.00
2015.05.20 23:55:36.895,0.99303,0.99309,2.25,1.00
2015.05.20 23:55:37.298,0.99303,0.99312,1.50,1.00
2015.05.20 23:55:40.039,0.99303,0.99309,1.50,1.00
2015.05.20 23:55:40.461,0.99305,0.99309,1.00,1.00
2015.05.20 23:55:47.408,0.99304,0.99308,1.00,1.00
2015.05.20 23:55:56.349,0.99304,0.99309,1.50,1.00
2015.05.20 23:55:59.431,0.99304,0.99309,1.50,1.00
2015.05.20 23:56:00.648,0.99305,0.9931,1.00,1.00
2015.05.20 23:56:00.851,0.99305,0.99313,1.00,1.00
2015.05.20 23:56:01.355,0.99306,0.99313,1.00,1.00
2015.05.20 23:56:02.288,0.99305,0.99313,1.50,1.00
2015.05.20 23:56:05.737,0.99303,0.99313,1.00,1.00
2015.05.20 23:56:05.839,0.99305,0.99313,1.00,1.00
2015.05.20 23:56:06.345,0.99305,0.99312,1.50,1.00
2015.05.20 23:56:06.733,0.99307,0.99313,1.00,1.00
2015.05.20 23:56:07.037,0.9931,0.99315,1.50,1.00
2015.05.20 23:56:07.548,0.9931,0.99318,1.50,1.00
2015.05.20 23:56:09.196,0.99309,0.99315,1.50,1.00
2015.05.20 23:56:09.697,0.99311,0.99315,1.00,1.00
2015.05.20 23:56:11.669,0.99308,0.99313,1.00,1.00
2015.05.20 23:56:11.973,0.99306,0.99313,1.50,1.00
2015.05.20 23:56:13.649,0.99309,0.99314,1.50,1.00
2015.05.20 23:56:14.166,0.99309,0.99317,1.50,1.00
2015.05.20 23:56:14.670,0.9931,0.99317,1.00,1.00
2015.05.20 23:56:19.328,0.99309,0.99314,1.50,1.00
2015.05.20 23:56:47.247,0.9931,0.99317,1.00,1.00
2015.05.20 23:56:48.708,0.99309,0.99317,1.00,1.00
2015.05.20 23:56:49.897,0.99308,0.99317,1.00,1.00
2015.05.20 23:56:50.535,0.99309,0.99317,1.00,1.00
2015.05.20 23:56:52.438,0.9931,0.99317,1.00,1.00
2015.05.20 23:57:00.136,0.99309,0.99317,1.50,1.00
2015.05.20 23:57:02.349,0.99308,0.99312,1.50,1.00
2015.05.20 23:57:02.450,0.99306,0.99312,1.50,1.00
2015.05.20 23:57:02.758,0.99303,0.99312,1.00,1.00
2015.05.20 23:57:04.053,0.99303,0.99308,1.00,1.00
2015.05.20 23:57:05.652,0.99302,0.99308,1.00,1.00
2015.05.20 23:57:05.754,0.993,0.99308,1.00,1.00
2015.05.20 23:57:06.060,0.99299,0.99305,1.00,1.00
2015.05.20 23:57:06.363,0.99296,0.99303,1.50,1.00
2015.05.20 23:57:15.121,0.99294,0.99301,3.00,1.00
2015.05.20 23:57:15.653,0.99295,0.993,1.00,1.00
2015.05.20 23:57:16.948,0.99297,0.99303,1.00,1.00
2015.05.20 23:57:17.497,0.99297,0.99303,1.00,1.00
2015.05.20 23:57:18.740,0.99296,0.99303,1.50,1.00
2015.05.20 23:57:24.134,0.99296,0.99302,1.50,1.00
2015.05.20 23:57:24.653,0.99295,0.99302,1.00,1.00
2015.05.20 23:57:25.746,0.99295,0.99303,1.00,1.00
2015.05.20 23:57:26.000,0.99293,0.99303,1.00,1.00
2015.05.20 23:57:26.529,0.99292,0.99303,1.00,1.00
2015.05.20 23:57:26.783,0.99292,0.99298,1.00,1.00
2015.05.20 23:57:27.086,0.9929,0.99298,1.00,1.00
2015.05.20 23:57:27.137,0.99288,0.99298,1.50,1.00
2015.05.20 23:57:27.887,0.99287,0.99298,1.50,1.00
2015.05.20 23:57:28.618,0.99287,0.99297,1.00,1.00
2015.05.20 23:57:29.150,0.99287,0.99298,1.00,1.00
2015.05.20 23:57:32.126,0.99286,0.99298,1.00,1.00
2015.05.20 23:57:47.293,0.99287,0.99298,1.00,1.00
2015.05.20 23:57:48.296,0.99287,0.99293,1.00,1.00
2015.05.20 23:57:48.865,0.99287,0.99298,1.00,1.00
2015.05.20 23:57:49.128,0.99287,0.99293,1.00,1.00
2015.05.20 23:57:56.336,0.99287,0.99298,1.00,1.00
2015.05.20 23:58:00.738,0.9929,0.99298,1.00,1.00
2015.05.20 23:58:01.244,0.99291,0.99298,1.00,1.00
2015.05.20 23:58:10.045,0.99289,0.99298,1.10,1.00
2015.05.20 23:58:14.227,0.99291,0.99298,1.00,1.00
2015.05.20 23:58:16.345,0.9929,0.99298,1.00,1.00
2015.05.20 23:58:16.396,0.99288,0.99298,2.25,1.00
2015.05.20 23:58:16.446,0.9929,0.99298,1.00,1.00
2015.05.20 23:58:22.909,0.9929,0.99303,1.50,1.00
2015.05.20 23:58:24.602,0.9929,0.99298,1.50,1.00
2015.05.20 23:58:25.396,0.99291,0.99298,1.00,1.00
2015.05.20 23:58:25.906,0.9929,0.99298,1.00,1.00
2015.05.20 23:58:35.438,0.99288,0.99298,2.25,1.00
2015.05.20 23:58:35.540,0.99286,0.99298,2.25,1.00
2015.05.20 23:58:38.235,0.99286,0.99297,3.00,1.00
2015.05.20 23:58:38.751,0.99287,0.99298,1.50,1.00
2015.05.20 23:58:39.253,0.99288,0.99298,1.00,1.00
2015.05.20 23:58:39.982,0.99289,0.99298,1.00,1.00
2015.05.20 23:58:41.507,0.99291,0.99298,1.00,1.00
2015.05.20 23:58:49.125,0.99291,0.99303,1.00,1.50
2015.05.20 23:58:49.784,0.99291,0.99297,1.00,1.00
2015.05.20 23:58:52.110,0.9929,0.99298,1.00,1.00
2015.05.20 23:58:52.366,0.99288,0.99297,1.00,1.00
2015.05.20 23:58:52.620,0.99286,0.99298,1.50,1.00
2015.05.20 23:58:52.979,0.99286,0.99293,1.00,1.00
2015.05.20 23:58:53.333,0.99282,0.99293,1.00,1.00
2015.05.20 23:58:53.637,0.99281,0.99287,1.00,1.00
2015.05.20 23:58:53.894,0.99282,0.99292,1.00,1.00
2015.05.20 23:58:55.867,0.9928,0.99292,1.00,1.00
2015.05.20 23:58:56.221,0.99282,0.99292,1.00,1.00
2015.05.20 23:58:57.276,0.99282,0.99287,1.00,1.00
2015.05.20 23:58:59.440,0.9928,0.99287,1.00,1.00
2015.05.20 23:59:00.259,0.9928,0.99288,1.50,1.00
2015.05.20 23:59:00.816,0.99281,0.99288,1.00,1.00
2015.05.20 23:59:01.738,0.9928,0.99288,1.50,1.00
2015.05.20 23:59:02.247,0.99279,0.99288,1.00,1.00
2015.05.20 23:59:10.025,0.99279,0.99293,1.00,1.10
2015.05.20 23:59:15.254,0.99281,0.99293,1.00,1.00
2015.05.20 23:59:16.325,0.99279,0.99293,2.25,1.00
2015.05.20 23:59:16.868,0.99279,0.99292,1.50,1.00
2015.05.20 23:59:17.404,0.99279,0.99288,1.00,1.00
2015.05.20 23:59:19.857,0.99279,0.99293,1.00,1.50
2015.05.20 23:59:20.534,0.99279,0.99292,1.00,1.00
2015.05.20 23:59:20.585,0.99279,0.9929,1.00,1.00
2015.05.20 23:59:20.889,0.99279,0.99287,1.00,1.00
2015.05.20 23:59:20.940,0.99276,0.99287,1.00,1.00
2015.05.20 23:59:21.143,0.99278,0.99288,1.00,1.00
2015.05.20 23:59:21.245,0.99276,0.99288,1.00,1.00
2015.05.20 23:59:25.605,0.99277,0.99288,1.00,1.00
2015.05.20 23:59:26.367,0.99279,0.99288,1.00,1.00
2015.05.20 23:59:26.962,0.9928,0.99288,1.50,1.00
2015.05.20 23:59:28.752,0.99279,0.99288,1.00,1.00
2015.05.20 23:59:34.177,0.9928,0.99288,1.00,1.00
2015.05.20 23:59:35.066,0.99281,0.99288,1.00,1.00
2015.05.20 23:59:36.924,0.99282,0.99288,1.00,1.00
2015.05.20 23:59:37.228,0.99286,0.9929,1.50,1.00
2015.05.20 23:59:37.329,0.99288,0.99293,1.00,1.00
2015.05.20 23:59:37.582,0.9929,0.99294,1.00,1.00
2015.05.20 23:59:37.897,0.99292,0.99296,1.00,1.00
2015.05.20 23:59:40.847,0.99292,0.99297,1.00,1.00
2015.05.20 23:59:40.898,0.99288,0.99295,1.00,1.00
2015.05.20 23:59:40.999,0.99286,0.99292,1.00,1.00
2015.05.20 23:59:41.416,0.99283,0.99289,1.00,1.00
2015.05.20 23:59:41.619,0.99286,0.9929,1.00,1.00
2015.05.20 23:59:46.545,0.99284,0.99289,1.50,1.00
2015.05.20 23:59:47.010,0.99284,0.99291,1.00,1.00
2015.05.20 23:59:47.914,0.99285,0.99291,1.00,1.00
2015.05.20 23:59:48.554,0.99284,0.99289,1.50,1.00
2015.05.20 23:59:48.605,0.99283,0.99289,1.00,1.00
2015.05.20 23:59:48.758,0.9928,0.99288,1.50,1.00
2015.05.20 23:59:49.113,0.99279,0.99293,1.00,1.00
2015.05.20 23:59:49.215,0.99278,0.99288,2.25,1.00
2015.05.20 23:59:52.993,0.99278,0.99287,1.50,1.00
2015.05.20 23:59:53.398,0.99276,0.99287,1.00,1.00
2015.05.20 23:59:53.904,0.99275,0.99287,1.50,1.00
2015.05.20 23:59:54.913,0.99275,0.99283,1.50,1.00
2015.05.20 23:59:55.636,0.99276,0.99283,1.00,1.00
2015.05.20 23:59:55.940,0.99278,0.99283,1.00,1.00
2015.05.20 23:59:56.673,0.99278,0.99288,1.00,1.00
2015.05.20 23:59:57.495,0.99279,0.99288,1.00,1.00
2015.05.20 23:59:57.546,0.99278,0.99283,1.50,1.00
2015.05.20 23:59:58.052,0.99279,0.99283,1.00,1.00
2015.05.20 23:59:58.570,0.99278,0.99283,1.00,1.00
