2017.10.09 12:00:02.081,0.89842,0.89849,1.00,1.12
2017.10.09 12:00:06.510,0.8984,0.89848,1.00,1.00
2017.10.09 12:00:06.613,0.89838,0.89845,1.00,1.00
2017.10.09 12:00:06.925,0.89841,0.89848,1.00,1.12
2017.10.09 12:00:07.543,0.89842,0.89849,1.00,1.00
2017.10.09 12:00:08.081,0.89843,0.89849,1.00,1.00
2017.10.09 12:00:08.717,0.89844,0.89849,1.00,1.00
2017.10.09 12:00:09.234,0.89843,0.89849,1.00,1.00
2017.10.09 12:00:13.912,0.89845,0.89849,1.00,1.00
2017.10.09 12:00:17.598,0.89844,0.8985,1.00,1.00
2017.10.09 12:00:18.158,0.89844,0.89851,1.00,1.00
2017.10.09 12:00:20.022,0.89844,0.89849,1.00,1.00
2017.10.09 12:00:20.075,0.89844,0.89851,1.00,1.00
2017.10.09 12:00:23.618,0.89844,0.89849,1.00,1.00
2017.10.09 12:00:23.770,0.89844,0.89851,1.00,1.00
2017.10.09 12:00:25.562,0.89844,0.89849,1.00,1.00
2017.10.09 12:00:30.290,0.89843,0.89849,1.12,1.00
2017.10.09 12:00:32.499,0.89841,0.89848,2.25,1.00
2017.10.09 12:00:33.067,0.89841,0.89848,1.00,1.00
2017.10.09 12:00:33.375,0.89841,0.89846,1.00,1.00
2017.10.09 12:00:33.477,0.89841,0.89848,1.00,1.00
2017.10.09 12:00:40.496,0.89841,0.89847,1.00,1.00
2017.10.09 12:00:41.364,0.8984,0.89847,1.00,1.00
2017.10.09 12:00:41.466,0.8984,0.89845,1.00,1.00
2017.10.09 12:00:41.876,0.89842,0.89846,1.00,1.00
2017.10.09 12:00:41.978,0.89844,0.89849,1.00,1.00
2017.10.09 12:00:44.214,0.89846,0.8985,1.00,1.00
2017.10.09 12:00:50.985,0.89846,0.89851,1.00,1.00
2017.10.09 12:00:56.270,0.89844,0.89851,1.00,1.00
2017.10.09 12:00:56.394,0.89845,0.89849,1.00,1.00
2017.10.09 12:00:56.446,0.89845,0.89851,1.00,1.00
2017.10.09 12:00:56.548,0.89845,0.89853,1.00,1.00
2017.10.09 12:00:56.854,0.89845,0.8985,1.12,1.00
2017.10.09 12:00:59.198,0.89846,0.8985,1.00,1.00
2017.10.09 12:01:00.265,0.89847,0.89851,1.00,1.00
2017.10.09 12:01:00.429,0.89847,0.89852,1.00,1.00
2017.10.09 12:01:01.354,0.89848,0.89852,1.00,1.00
2017.10.09 12:01:01.482,0.8985,0.89854,1.50,1.00
2017.10.09 12:01:01.787,0.89848,0.89852,1.12,1.00
2017.10.09 12:01:02.298,0.89847,0.89852,1.87,1.00
2017.10.09 12:01:06.325,0.89846,0.89851,1.12,1.00
2017.10.09 12:01:06.632,0.89842,0.89846,1.12,1.00
2017.10.09 12:01:07.276,0.8984,0.89847,1.50,1.00
2017.10.09 12:01:07.430,0.8984,0.89845,1.00,1.00
2017.10.09 12:01:07.532,0.89838,0.89844,1.12,1.00
2017.10.09 12:01:08.150,0.89837,0.89844,1.50,1.00
2017.10.09 12:01:08.466,0.89837,0.89844,1.50,1.00
2017.10.09 12:01:10.831,0.89839,0.89845,1.00,1.00
2017.10.09 12:01:11.037,0.89842,0.89849,1.00,1.00
2017.10.09 12:01:11.551,0.89842,0.89849,1.50,1.00
2017.10.09 12:01:12.071,0.89842,0.89848,1.00,1.00
2017.10.09 12:01:12.276,0.89842,0.8985,1.00,1.50
2017.10.09 12:01:12.826,0.89842,0.8985,1.37,1.00
2017.10.09 12:01:13.133,0.89841,0.89848,1.12,1.00
2017.10.09 12:01:13.641,0.89841,0.89847,1.00,1.00
2017.10.09 12:01:14.174,0.89841,0.89847,2.25,1.00
2017.10.09 12:01:14.697,0.89841,0.89847,1.00,1.00
2017.10.09 12:01:15.004,0.89839,0.89843,1.00,1.00
2017.10.09 12:01:15.157,0.89836,0.89841,1.12,1.00
2017.10.09 12:01:15.659,0.89834,0.89841,1.87,1.00
2017.10.09 12:01:18.251,0.89834,0.89841,1.12,1.00
2017.10.09 12:01:18.759,0.89833,0.8984,1.12,1.00
2017.10.09 12:01:19.798,0.89834,0.8984,1.00,1.00
2017.10.09 12:01:20.724,0.89833,0.8984,1.12,1.00
2017.10.09 12:01:21.057,0.89832,0.89836,1.12,1.00
2017.10.09 12:01:24.843,0.89832,0.89836,1.00,1.00
2017.10.09 12:01:29.718,0.89835,0.89839,1.00,1.00
2017.10.09 12:01:29.974,0.89833,0.89839,1.12,1.00
2017.10.09 12:01:30.432,0.89834,0.89841,1.00,1.00
2017.10.09 12:01:33.506,0.89835,0.89841,1.00,1.00
2017.10.09 12:01:36.901,0.89837,0.89841,1.00,1.00
2017.10.09 12:01:37.059,0.89837,0.89844,1.00,1.12
2017.10.09 12:01:37.968,0.89839,0.89844,1.00,1.00
2017.10.09 12:01:38.575,0.89838,0.89844,1.00,1.00
2017.10.09 12:01:41.414,0.89839,0.89844,1.00,1.00
2017.10.09 12:01:41.465,0.89839,0.89846,1.00,1.12
2017.10.09 12:01:42.663,0.89841,0.89846,1.00,1.00
2017.10.09 12:01:43.039,0.89838,0.89846,1.50,1.00
2017.10.09 12:01:43.091,0.89838,0.89844,1.12,1.00
2017.10.09 12:01:43.611,0.89837,0.89844,1.00,1.00
2017.10.09 12:01:44.313,0.89838,0.89844,1.12,1.00
2017.10.09 12:01:44.988,0.89837,0.89844,1.00,1.00
2017.10.09 12:01:45.524,0.89838,0.89844,1.12,1.00
2017.10.09 12:01:45.743,0.89836,0.89844,1.12,1.00
2017.10.09 12:01:45.845,0.89836,0.89842,1.12,1.00
2017.10.09 12:01:46.475,0.89838,0.89842,1.00,1.00
2017.10.09 12:01:46.577,0.89838,0.89844,1.00,1.00
2017.10.09 12:01:47.824,0.8984,0.89846,1.00,1.00
2017.10.09 12:01:48.329,0.89839,0.89846,1.12,1.00
2017.10.09 12:01:48.888,0.89838,0.89846,1.00,1.12
2017.10.09 12:01:49.537,0.89837,0.89846,4.12,1.00
2017.10.09 12:01:50.993,0.8984,0.89846,1.00,1.00
2017.10.09 12:01:51.349,0.89838,0.89846,1.00,1.00
2017.10.09 12:01:51.638,0.8984,0.89846,1.00,1.00
2017.10.09 12:01:52.185,0.89839,0.89846,1.00,1.00
2017.10.09 12:01:56.066,0.8984,0.89846,1.00,1.00
2017.10.09 12:01:57.385,0.89841,0.89846,1.00,1.00
2017.10.09 12:01:57.915,0.89842,0.89847,1.00,1.00
2017.10.09 12:01:58.444,0.8984,0.89846,1.00,1.00
2017.10.09 12:01:59.098,0.89842,0.89847,1.00,1.00
2017.10.09 12:01:59.558,0.89843,0.89849,1.00,1.00
2017.10.09 12:02:02.451,0.89845,0.89849,1.00,1.00
2017.10.09 12:02:02.502,0.89843,0.89849,1.12,1.00
2017.10.09 12:02:03.010,0.89843,0.8985,1.12,1.00
2017.10.09 12:02:04.931,0.89844,0.8985,1.00,1.00
2017.10.09 12:02:05.034,0.89846,0.89851,1.00,1.00
2017.10.09 12:02:08.163,0.89846,0.89853,1.50,1.00
2017.10.09 12:02:08.706,0.89847,0.89853,1.00,1.00
2017.10.09 12:02:10.882,0.89846,0.89853,1.12,1.00
2017.10.09 12:02:13.746,0.89847,0.89853,1.00,1.00
2017.10.09 12:02:13.797,0.89851,0.89855,1.00,1.00
2017.10.09 12:02:13.848,0.89848,0.89855,1.00,1.00
2017.10.09 12:02:14.205,0.89851,0.89857,1.00,1.12
2017.10.09 12:02:14.458,0.89848,0.89855,1.00,1.50
2017.10.09 12:02:14.513,0.89847,0.89853,1.00,1.00
2017.10.09 12:02:14.768,0.89843,0.89851,1.50,1.00
2017.10.09 12:02:14.870,0.89843,0.89849,1.00,1.00
2017.10.09 12:02:15.610,0.89844,0.89849,1.00,1.00
2017.10.09 12:02:16.096,0.89842,0.89849,1.50,1.00
2017.10.09 12:02:16.605,0.89841,0.89848,1.00,1.00
2017.10.09 12:02:17.111,0.89842,0.89848,1.12,1.00
2017.10.09 12:02:20.209,0.89842,0.89849,1.12,1.00
2017.10.09 12:02:22.905,0.89842,0.89849,1.37,1.00
2017.10.09 12:02:23.415,0.89844,0.89849,1.00,1.00
2017.10.09 12:02:23.966,0.89845,0.89849,1.00,1.00
2017.10.09 12:02:27.898,0.89843,0.89849,1.12,1.00
2017.10.09 12:02:30.677,0.89844,0.89851,1.00,1.00
2017.10.09 12:02:31.350,0.89846,0.89851,1.00,1.12
2017.10.09 12:02:31.452,0.89844,0.89851,1.00,1.00
2017.10.09 12:02:31.998,0.89845,0.89851,1.00,1.00
2017.10.09 12:02:34.639,0.89844,0.89851,1.00,1.00
2017.10.09 12:02:34.974,0.89846,0.89853,1.00,1.50
2017.10.09 12:02:35.485,0.89846,0.89853,1.50,1.00
2017.10.09 12:02:35.587,0.89847,0.89855,1.00,1.00
2017.10.09 12:02:36.089,0.89848,0.89855,1.00,1.00
2017.10.09 12:02:44.503,0.89847,0.89855,1.00,1.00
2017.10.09 12:02:45.057,0.89849,0.89855,1.00,1.00
2017.10.09 12:02:45.597,0.89848,0.89855,1.00,1.00
2017.10.09 12:02:46.194,0.89847,0.89855,1.50,1.00
2017.10.09 12:02:46.852,0.89848,0.89855,1.00,1.00
2017.10.09 12:02:47.994,0.89847,0.89855,1.50,1.00
2017.10.09 12:02:48.505,0.89847,0.89855,1.50,1.37
2017.10.09 12:02:49.043,0.89848,0.89855,1.00,1.37
2017.10.09 12:02:49.695,0.89847,0.89855,1.50,1.37
2017.10.09 12:02:50.246,0.89848,0.89855,1.00,1.37
2017.10.09 12:02:50.749,0.89849,0.89855,1.00,1.37
2017.10.09 12:02:51.262,0.89849,0.89855,1.00,1.00
2017.10.09 12:02:53.155,0.89847,0.89855,1.50,1.00
2017.10.09 12:02:53.257,0.89849,0.89855,1.00,1.00
2017.10.09 12:02:55.951,0.89848,0.89855,1.00,1.00
2017.10.09 12:02:58.063,0.89849,0.89855,1.00,1.00
2017.10.09 12:03:00.766,0.89849,0.89856,1.00,1.00
2017.10.09 12:03:01.290,0.89851,0.89856,1.00,1.00
2017.10.09 12:03:01.807,0.89851,0.89857,1.00,1.00
2017.10.09 12:03:03.453,0.89852,0.89857,1.00,1.00
2017.10.09 12:03:04.942,0.8985,0.89857,1.00,1.00
2017.10.09 12:03:05.454,0.89849,0.89857,1.00,1.00
2017.10.09 12:03:06.558,0.89849,0.89857,1.00,3.00
2017.10.09 12:03:08.052,0.89849,0.89857,1.00,1.12
2017.10.09 12:03:08.638,0.89848,0.89854,1.00,1.00
2017.10.09 12:03:08.996,0.89845,0.89851,1.00,1.00
2017.10.09 12:03:12.068,0.89846,0.89851,1.00,1.00
2017.10.09 12:03:14.759,0.89844,0.89851,1.12,1.00
2017.10.09 12:03:16.090,0.89845,0.89851,1.00,1.00
2017.10.09 12:03:20.067,0.89845,0.89853,1.00,1.00
2017.10.09 12:03:20.612,0.89845,0.89856,2.62,3.37
2017.10.09 12:03:24.644,0.89846,0.89856,1.00,3.37
2017.10.09 12:03:26.013,0.89847,0.89856,1.00,3.37
2017.10.09 12:03:27.345,0.89848,0.89856,1.00,3.37
2017.10.09 12:03:32.235,0.89847,0.89856,1.50,3.37
2017.10.09 12:03:33.333,0.89847,0.89856,1.00,1.50
2017.10.09 12:03:36.134,0.89847,0.89853,1.00,1.00
2017.10.09 12:03:47.722,0.89846,0.89853,1.50,1.00
2017.10.09 12:03:48.817,0.89846,0.89853,1.00,1.37
2017.10.09 12:03:49.501,0.89846,0.89853,1.00,3.37
2017.10.09 12:03:50.239,0.89849,0.89853,1.00,1.00
2017.10.09 12:03:50.787,0.89848,0.89854,1.50,1.00
2017.10.09 12:03:51.603,0.89849,0.89857,1.00,1.00
2017.10.09 12:03:52.147,0.8985,0.89857,1.00,1.00
2017.10.09 12:03:53.978,0.8985,0.89855,1.00,1.00
2017.10.09 12:03:58.151,0.89849,0.89855,1.50,1.00
2017.10.09 12:04:04.665,0.8985,0.89855,1.00,1.00
2017.10.09 12:04:05.294,0.8985,0.89856,1.50,1.00
2017.10.09 12:04:06.551,0.8985,0.89854,1.50,1.00
2017.10.09 12:04:06.908,0.89847,0.89853,1.50,1.00
2017.10.09 12:04:14.518,0.89847,0.89853,2.25,1.00
2017.10.09 12:04:15.334,0.89846,0.89853,3.00,1.00
2017.10.09 12:04:18.695,0.89848,0.89853,1.00,1.00
2017.10.09 12:04:19.900,0.89847,0.89851,1.12,1.00
2017.10.09 12:04:20.327,0.89845,0.89851,1.00,1.00
2017.10.09 12:04:20.844,0.89843,0.89851,1.50,1.00
2017.10.09 12:04:21.641,0.89844,0.89851,1.00,1.00
2017.10.09 12:04:22.268,0.89843,0.89851,1.00,1.12
2017.10.09 12:04:26.268,0.89842,0.89851,3.00,1.12
2017.10.09 12:04:30.366,0.89842,0.89849,1.12,1.00
2017.10.09 12:04:31.370,0.89841,0.89848,1.37,1.00
2017.10.09 12:04:31.617,0.8984,0.89847,1.87,1.00
2017.10.09 12:04:33.055,0.89839,0.89847,1.50,1.00
2017.10.09 12:04:33.157,0.89839,0.89844,1.00,1.00
2017.10.09 12:04:33.337,0.89837,0.89844,2.25,1.00
2017.10.09 12:04:33.934,0.89837,0.89844,2.62,1.00
2017.10.09 12:04:34.887,0.89839,0.89844,1.00,1.00
2017.10.09 12:04:35.502,0.89839,0.89844,1.50,1.00
2017.10.09 12:04:37.909,0.89839,0.89845,3.37,1.00
2017.10.09 12:04:39.608,0.89839,0.89844,1.50,1.00
2017.10.09 12:04:39.770,0.8984,0.89846,2.25,1.00
2017.10.09 12:04:40.273,0.89839,0.89845,3.37,1.00
2017.10.09 12:04:40.682,0.89838,0.89844,1.87,1.00
2017.10.09 12:04:41.195,0.89838,0.89845,2.25,1.00
2017.10.09 12:04:41.756,0.89838,0.89845,1.87,1.00
2017.10.09 12:04:42.260,0.89838,0.89845,2.25,1.00
2017.10.09 12:04:42.862,0.89838,0.89845,1.87,1.00
2017.10.09 12:04:43.180,0.89838,0.89845,1.87,1.00
2017.10.09 12:04:44.501,0.89838,0.89845,3.00,1.00
2017.10.09 12:04:45.019,0.89838,0.89845,2.25,1.00
2017.10.09 12:04:46.306,0.89839,0.89846,1.50,1.00
2017.10.09 12:04:46.408,0.8984,0.89846,1.37,1.00
2017.10.09 12:04:54.834,0.8984,0.89846,1.00,1.00
2017.10.09 12:04:59.677,0.89841,0.89846,1.00,1.00
2017.10.09 12:05:01.002,0.89841,0.89847,1.00,1.00
2017.10.09 12:05:01.983,0.8984,0.89844,1.00,1.00
2017.10.09 12:05:02.556,0.8984,0.89844,1.00,1.00
2017.10.09 12:05:04.524,0.89837,0.89842,1.12,1.00
2017.10.09 12:05:05.063,0.89836,0.89843,1.00,1.00
2017.10.09 12:05:05.608,0.89835,0.89843,1.00,1.00
2017.10.09 12:05:06.476,0.89837,0.89844,1.00,1.37
2017.10.09 12:05:06.578,0.89839,0.89846,1.00,1.50
2017.10.09 12:05:07.171,0.89837,0.89843,1.37,1.00
2017.10.09 12:05:07.273,0.89836,0.89843,1.50,1.00
2017.10.09 12:05:07.805,0.89837,0.89843,1.00,1.00
2017.10.09 12:05:08.477,0.89836,0.89843,1.00,1.00
2017.10.09 12:05:10.745,0.89836,0.89842,1.00,1.00
2017.10.09 12:05:11.290,0.89835,0.89841,1.00,1.00
2017.10.09 12:05:15.470,0.89835,0.89843,1.00,1.00
2017.10.09 12:05:16.007,0.89835,0.89842,1.00,1.00
2017.10.09 12:05:17.273,0.89834,0.89842,1.50,1.00
2017.10.09 12:05:17.477,0.89838,0.89844,1.00,1.00
2017.10.09 12:05:17.783,0.8984,0.89845,1.00,1.00
2017.10.09 12:05:18.155,0.89838,0.89845,1.00,1.00
2017.10.09 12:05:20.587,0.89837,0.89845,1.50,1.00
2017.10.09 12:05:34.201,0.89838,0.89845,1.00,1.00
2017.10.09 12:05:34.303,0.89839,0.89847,1.00,1.12
2017.10.09 12:05:34.838,0.89839,0.89847,1.87,1.00
2017.10.09 12:05:43.425,0.89839,0.89847,1.12,1.50
2017.10.09 12:05:43.527,0.89837,0.89847,1.50,1.87
2017.10.09 12:05:45.486,0.89838,0.89846,1.00,1.50
2017.10.09 12:05:45.800,0.89838,0.89848,1.00,1.87
2017.10.09 12:05:47.205,0.89838,0.89847,1.50,1.00
2017.10.09 12:05:56.761,0.89837,0.89844,1.00,1.50
2017.10.09 12:05:56.813,0.89835,0.89843,1.87,1.00
2017.10.09 12:05:57.397,0.89834,0.89843,1.00,1.87
2017.10.09 12:05:59.404,0.89835,0.89843,1.00,2.25
2017.10.09 12:06:01.485,0.89835,0.89842,1.00,1.00
2017.10.09 12:06:02.845,0.89833,0.89842,1.12,1.50
2017.10.09 12:06:11.320,0.89834,0.89842,1.00,1.50
2017.10.09 12:06:20.560,0.89834,0.8984,1.00,1.00
2017.10.09 12:06:21.219,0.89833,0.8984,1.00,1.00
2017.10.09 12:06:21.468,0.89831,0.8984,1.50,1.50
2017.10.09 12:06:22.733,0.89832,0.8984,1.00,1.50
2017.10.09 12:06:23.442,0.89831,0.8984,1.50,1.50
2017.10.09 12:06:23.646,0.89829,0.89838,4.12,1.00
2017.10.09 12:06:23.955,0.89829,0.89836,1.00,1.50
2017.10.09 12:06:24.468,0.89827,0.89834,1.00,1.00
2017.10.09 12:06:28.504,0.89826,0.89834,1.50,1.00
2017.10.09 12:06:30.038,0.89826,0.89834,3.75,1.00
2017.10.09 12:06:30.575,0.89826,0.89834,5.25,1.00
2017.10.09 12:06:30.794,0.89826,0.89834,3.37,1.00
2017.10.09 12:06:32.504,0.89826,0.89834,1.87,1.00
2017.10.09 12:06:34.022,0.89826,0.89834,4.50,1.00
2017.10.09 12:06:34.406,0.89826,0.89834,2.25,1.00
2017.10.09 12:06:35.110,0.8983,0.89835,1.00,1.12
2017.10.09 12:06:35.212,0.89832,0.89838,1.00,1.00
2017.10.09 12:06:35.734,0.89832,0.89839,1.00,1.00
2017.10.09 12:06:39.130,0.89832,0.89839,1.50,1.00
2017.10.09 12:06:46.732,0.89832,0.89841,2.25,1.50
2017.10.09 12:06:47.289,0.89832,0.89841,1.50,1.50
2017.10.09 12:06:49.103,0.89835,0.89841,1.00,1.50
2017.10.09 12:06:49.628,0.89835,0.89842,1.00,1.00
2017.10.09 12:06:50.564,0.89833,0.89841,1.12,1.00
2017.10.09 12:06:51.172,0.89832,0.89841,1.00,1.87
2017.10.09 12:06:53.851,0.89831,0.89841,1.00,1.87
2017.10.09 12:06:54.523,0.89831,0.8984,1.00,1.00
2017.10.09 12:06:56.364,0.89833,0.8984,1.00,1.00
2017.10.09 12:06:59.487,0.89831,0.8984,1.00,1.00
2017.10.09 12:07:03.082,0.89831,0.8984,2.62,1.00
2017.10.09 12:07:04.061,0.89831,0.8984,1.50,1.50
2017.10.09 12:07:07.130,0.89831,0.89839,1.00,1.00
2017.10.09 12:07:10.641,0.8983,0.89838,1.00,1.00
2017.10.09 12:07:10.693,0.89829,0.89836,1.00,1.00
2017.10.09 12:07:10.744,0.89827,0.89836,2.25,1.00
2017.10.09 12:07:11.309,0.89827,0.89836,1.12,1.37
2017.10.09 12:07:11.970,0.89827,0.89836,2.25,1.00
2017.10.09 12:07:12.586,0.89827,0.89837,2.25,1.50
2017.10.09 12:07:12.637,0.8983,0.89838,1.00,1.12
2017.10.09 12:07:14.661,0.89829,0.89838,1.12,2.62
2017.10.09 12:07:15.759,0.89828,0.89836,1.37,1.00
2017.10.09 12:07:16.143,0.89827,0.89836,1.12,1.00
2017.10.09 12:07:21.079,0.89829,0.89836,1.00,1.00
2017.10.09 12:07:21.482,0.89831,0.89837,1.00,1.00
2017.10.09 12:07:26.715,0.89832,0.8984,1.00,1.12
2017.10.09 12:07:27.043,0.89834,0.8984,1.00,1.00
2017.10.09 12:07:27.094,0.89835,0.89843,1.00,1.00
2017.10.09 12:07:27.146,0.89838,0.89844,1.00,1.00
2017.10.09 12:07:27.249,0.89838,0.89846,1.12,1.00
2017.10.09 12:07:29.692,0.89837,0.89846,2.62,1.00
2017.10.09 12:07:29.744,0.89839,0.89846,1.00,1.00
2017.10.09 12:07:34.865,0.89839,0.89844,1.00,1.00
2017.10.09 12:07:35.509,0.89836,0.89844,2.25,1.00
2017.10.09 12:07:35.611,0.89836,0.89842,1.50,1.00
2017.10.09 12:07:36.123,0.89836,0.89842,1.00,1.00
2017.10.09 12:07:37.017,0.89835,0.8984,1.00,1.00
2017.10.09 12:07:37.278,0.89833,0.8984,1.12,1.00
2017.10.09 12:07:37.787,0.89832,0.8984,1.00,1.50
2017.10.09 12:07:44.654,0.89832,0.8984,4.12,1.00
2017.10.09 12:07:45.198,0.89832,0.89841,3.75,1.50
2017.10.09 12:07:49.451,0.89835,0.89841,1.00,1.50
2017.10.09 12:07:49.757,0.89833,0.89841,1.00,1.00
2017.10.09 12:07:53.499,0.89833,0.8984,1.00,1.00
2017.10.09 12:07:53.652,0.89831,0.8984,1.12,1.50
2017.10.09 12:07:54.407,0.89831,0.89839,1.12,1.00
2017.10.09 12:07:58.530,0.8983,0.89839,2.25,1.50
2017.10.09 12:08:00.073,0.89831,0.89839,1.00,1.00
2017.10.09 12:08:00.345,0.89833,0.89839,1.00,1.00
2017.10.09 12:08:02.010,0.89832,0.89839,1.00,1.00
2017.10.09 12:08:06.077,0.89833,0.89839,1.00,1.00
2017.10.09 12:08:09.131,0.89835,0.89839,1.00,1.00
2017.10.09 12:08:09.233,0.89835,0.89842,1.00,1.00
2017.10.09 12:08:09.825,0.89834,0.89842,1.50,1.50
2017.10.09 12:08:15.890,0.89836,0.89842,1.00,1.00
2017.10.09 12:08:17.440,0.89836,0.89841,1.00,1.00
2017.10.09 12:08:17.909,0.89837,0.89843,1.00,1.00
2017.10.09 12:08:17.961,0.89838,0.89845,1.50,1.12
2017.10.09 12:08:18.512,0.89838,0.89846,1.00,1.50
2017.10.09 12:08:20.086,0.89836,0.89845,2.25,1.00
2017.10.09 12:08:20.138,0.89836,0.89843,1.00,1.00
2017.10.09 12:08:20.343,0.89834,0.89843,1.87,1.00
2017.10.09 12:08:24.366,0.89834,0.89841,1.12,1.00
2017.10.09 12:08:25.761,0.89833,0.89842,1.50,1.50
2017.10.09 12:08:26.066,0.89833,0.8984,1.00,1.00
2017.10.09 12:08:30.098,0.89832,0.8984,1.50,1.00
2017.10.09 12:08:36.854,0.89833,0.8984,1.00,1.00
2017.10.09 12:08:37.553,0.89834,0.89842,1.00,1.12
2017.10.09 12:08:43.469,0.89835,0.89842,1.00,1.00
2017.10.09 12:08:49.523,0.89837,0.89842,1.00,1.00
2017.10.09 12:08:49.575,0.89837,0.89845,1.50,1.12
2017.10.09 12:08:57.119,0.89837,0.89847,1.12,1.50
2017.10.09 12:08:57.649,0.89838,0.89847,1.00,1.50
2017.10.09 12:08:58.189,0.89837,0.89847,1.12,1.87
2017.10.09 12:08:59.796,0.89836,0.89843,1.50,1.00
2017.10.09 12:08:59.847,0.89835,0.89842,1.00,1.87
2017.10.09 12:08:59.950,0.89833,0.89842,1.00,1.87
2017.10.09 12:09:00.492,0.89834,0.89842,1.00,1.00
2017.10.09 12:09:01.384,0.89836,0.89844,1.00,1.87
2017.10.09 12:09:01.436,0.89835,0.89845,1.00,1.87
2017.10.09 12:09:01.995,0.89835,0.89844,1.00,1.00
2017.10.09 12:09:02.546,0.89837,0.89844,1.00,1.00
2017.10.09 12:09:04.839,0.89837,0.89845,1.00,1.12
2017.10.09 12:09:05.347,0.89837,0.89846,1.00,3.37
2017.10.09 12:09:06.031,0.89837,0.89846,1.00,3.37
2017.10.09 12:09:06.851,0.89837,0.89844,1.00,1.00
2017.10.09 12:09:07.855,0.89836,0.89844,1.00,1.00
2017.10.09 12:09:08.168,0.89838,0.89844,1.00,1.00
2017.10.09 12:09:09.397,0.89838,0.89843,1.00,1.00
2017.10.09 12:09:09.724,0.89838,0.89845,1.00,1.00
2017.10.09 12:09:10.248,0.89838,0.89844,1.00,1.00
2017.10.09 12:09:10.791,0.89838,0.89845,1.00,1.00
2017.10.09 12:09:11.729,0.89838,0.89843,1.00,1.00
2017.10.09 12:09:13.951,0.89839,0.89846,1.00,2.62
2017.10.09 12:09:14.461,0.8984,0.89846,1.00,1.50
2017.10.09 12:09:14.985,0.8984,0.89847,1.00,1.50
2017.10.09 12:09:15.734,0.8984,0.89845,1.00,1.00
2017.10.09 12:09:15.786,0.89838,0.89845,1.00,1.00
2017.10.09 12:09:16.894,0.89839,0.89846,1.00,2.25
2017.10.09 12:09:17.752,0.8984,0.89845,1.00,1.00
2017.10.09 12:09:17.919,0.89839,0.89847,1.00,1.87
2017.10.09 12:09:18.430,0.8984,0.89846,1.00,1.00
2017.10.09 12:09:18.953,0.8984,0.89847,1.00,1.50
2017.10.09 12:09:19.463,0.8984,0.89846,1.00,1.00
2017.10.09 12:09:19.996,0.89839,0.89846,1.00,1.12
2017.10.09 12:09:22.574,0.8984,0.89847,1.00,1.00
2017.10.09 12:09:23.080,0.89841,0.89847,1.00,1.00
2017.10.09 12:09:24.901,0.89842,0.89847,1.00,1.00
2017.10.09 12:09:27.168,0.89843,0.89851,1.00,1.12
2017.10.09 12:09:27.560,0.89842,0.89849,1.00,1.00
2017.10.09 12:09:28.079,0.89843,0.89849,1.00,1.00
2017.10.09 12:09:33.911,0.89842,0.89849,1.50,1.00
2017.10.09 12:09:34.225,0.89846,0.89851,1.00,1.00
2017.10.09 12:09:36.957,0.89847,0.89853,1.00,1.50
2017.10.09 12:09:37.313,0.89845,0.8985,1.00,1.50
2017.10.09 12:09:37.416,0.89843,0.8985,1.50,1.50
2017.10.09 12:09:38.095,0.89843,0.89849,1.00,1.50
2017.10.09 12:09:40.118,0.89842,0.89849,1.00,1.00
2017.10.09 12:09:40.644,0.89842,0.8985,1.50,1.12
2017.10.09 12:09:43.397,0.89843,0.8985,1.00,1.00
2017.10.09 12:09:45.774,0.89845,0.89853,1.00,4.87
2017.10.09 12:09:45.930,0.89846,0.89853,1.00,1.50
2017.10.09 12:09:46.455,0.89845,0.89852,1.00,1.12
2017.10.09 12:09:47.202,0.89846,0.89852,1.00,1.00
2017.10.09 12:09:48.122,0.89845,0.89852,1.00,1.00
2017.10.09 12:09:48.631,0.89844,0.89853,1.50,1.87
2017.10.09 12:09:51.720,0.89844,0.89852,1.00,1.00
2017.10.09 12:09:52.729,0.89844,0.89853,1.50,4.12
2017.10.09 12:09:52.832,0.89844,0.89853,1.50,2.62
2017.10.09 12:09:55.585,0.89845,0.89851,1.00,1.00
2017.10.09 12:09:55.636,0.89843,0.89851,2.25,1.50
2017.10.09 12:09:59.644,0.89844,0.89851,1.00,1.50
2017.10.09 12:10:01.289,0.89844,0.8985,1.00,1.00
2017.10.09 12:10:01.798,0.89843,0.8985,1.00,1.00
2017.10.09 12:10:02.349,0.89843,0.89851,1.00,1.00
2017.10.09 12:10:04.936,0.89843,0.8985,1.00,1.00
2017.10.09 12:10:07.607,0.89843,0.89851,1.00,1.00
2017.10.09 12:10:08.125,0.89843,0.89849,1.00,1.00
2017.10.09 12:10:09.271,0.89842,0.8985,1.00,1.87
2017.10.09 12:10:09.577,0.89845,0.89851,1.00,1.00
2017.10.09 12:10:12.337,0.89843,0.8985,1.37,1.00
2017.10.09 12:10:12.937,0.89843,0.8985,1.00,1.00
2017.10.09 12:10:13.888,0.89843,0.89851,1.00,1.50
2017.10.09 12:10:14.449,0.89844,0.8985,1.00,1.00
2017.10.09 12:10:15.056,0.89844,0.89851,1.00,1.50
2017.10.09 12:10:16.556,0.89843,0.8985,1.00,1.00
2017.10.09 12:10:25.074,0.89845,0.8985,1.00,1.00
2017.10.09 12:10:25.945,0.89845,0.89851,1.00,1.00
2017.10.09 12:10:26.601,0.89845,0.89852,1.00,1.12
2017.10.09 12:10:27.110,0.89844,0.89852,1.00,1.12
2017.10.09 12:10:34.317,0.89843,0.89852,1.00,1.12
2017.10.09 12:10:41.860,0.89843,0.89851,1.00,1.00
2017.10.09 12:10:42.369,0.89844,0.89852,1.00,1.00
2017.10.09 12:10:44.701,0.89844,0.89851,1.00,1.00
2017.10.09 12:10:46.371,0.89844,0.89852,1.00,1.00
2017.10.09 12:10:47.177,0.89845,0.89854,1.50,2.25
2017.10.09 12:10:47.483,0.89844,0.89851,1.00,1.00
2017.10.09 12:10:47.999,0.89844,0.89852,1.00,1.00
2017.10.09 12:10:49.629,0.89844,0.89853,1.50,1.12
2017.10.09 12:10:50.139,0.89845,0.89853,1.00,1.12
2017.10.09 12:10:50.733,0.89845,0.89851,1.00,1.00
2017.10.09 12:10:50.886,0.89841,0.89848,1.00,1.00
2017.10.09 12:10:51.401,0.8984,0.89848,1.50,1.00
2017.10.09 12:10:55.362,0.89839,0.89847,1.12,1.00
2017.10.09 12:10:55.926,0.89838,0.89847,2.25,1.00
2017.10.09 12:10:56.638,0.89839,0.89847,1.00,1.00
2017.10.09 12:10:58.713,0.89838,0.89847,2.25,1.00
2017.10.09 12:10:58.764,0.8984,0.89847,1.00,1.00
2017.10.09 12:10:59.460,0.89839,0.89847,1.00,1.00
2017.10.09 12:10:59.817,0.89837,0.89845,2.62,1.12
2017.10.09 12:10:59.972,0.89836,0.89844,1.12,1.00
2017.10.09 12:11:00.023,0.89838,0.89845,1.00,1.00
2017.10.09 12:11:00.286,0.89839,0.89847,1.50,1.00
2017.10.09 12:11:00.799,0.89838,0.89847,1.50,1.00
2017.10.09 12:11:01.312,0.8984,0.89848,1.00,1.00
2017.10.09 12:11:03.676,0.8984,0.89849,1.50,1.50
2017.10.09 12:11:04.204,0.8984,0.89848,1.00,1.00
2017.10.09 12:11:04.750,0.8984,0.89849,1.00,1.50
2017.10.09 12:11:05.251,0.8984,0.89848,1.00,1.00
2017.10.09 12:11:05.688,0.89838,0.89844,1.50,1.00
2017.10.09 12:11:10.543,0.89839,0.89844,1.00,1.00
2017.10.09 12:11:11.921,0.89839,0.89846,1.00,1.12
2017.10.09 12:11:14.119,0.89838,0.89845,1.00,1.00
2017.10.09 12:11:24.658,0.89837,0.89843,1.00,1.00
2017.10.09 12:11:26.294,0.89837,0.89844,1.00,1.00
2017.10.09 12:11:30.242,0.89836,0.89844,1.00,1.00
2017.10.09 12:11:30.752,0.89836,0.89843,1.00,1.00
2017.10.09 12:11:38.689,0.89836,0.89844,1.00,1.00
2017.10.09 12:11:40.051,0.89836,0.89845,1.00,1.00
2017.10.09 12:11:40.589,0.89836,0.89846,1.87,1.50
2017.10.09 12:11:40.907,0.89838,0.89847,1.50,1.12
2017.10.09 12:11:41.374,0.89841,0.89847,1.00,1.00
2017.10.09 12:11:41.476,0.89839,0.89847,1.00,1.00
2017.10.09 12:11:41.578,0.89841,0.89847,1.00,1.00
2017.10.09 12:11:41.740,0.89839,0.89847,1.00,1.00
2017.10.09 12:11:42.274,0.89838,0.89846,1.50,1.00
2017.10.09 12:11:44.193,0.89837,0.89846,2.25,1.00
2017.10.09 12:11:44.700,0.89838,0.89846,1.50,1.00
2017.10.09 12:11:45.757,0.89838,0.89847,1.50,1.12
2017.10.09 12:11:48.469,0.89838,0.89847,1.50,1.37
2017.10.09 12:11:52.896,0.89839,0.89847,1.00,1.37
2017.10.09 12:11:53.912,0.89839,0.89847,1.00,1.00
2017.10.09 12:11:55.170,0.89838,0.89845,1.50,1.00
2017.10.09 12:11:55.680,0.89837,0.89845,1.00,1.00
2017.10.09 12:11:57.038,0.89835,0.89845,1.87,3.00
2017.10.09 12:11:57.597,0.89834,0.89843,1.00,1.00
2017.10.09 12:12:00.256,0.89833,0.89842,2.62,1.00
2017.10.09 12:12:10.833,0.89833,0.89842,2.25,1.50
2017.10.09 12:12:14.541,0.89834,0.89842,1.00,1.50
2017.10.09 12:12:14.847,0.89835,0.89844,2.62,1.00
2017.10.09 12:12:15.000,0.89835,0.89842,1.50,1.00
2017.10.09 12:12:21.098,0.89835,0.8984,1.00,1.00
2017.10.09 12:12:21.252,0.8983,0.89838,1.75,1.00
2017.10.09 12:12:21.355,0.8983,0.89838,1.00,1.12
2017.10.09 12:12:21.871,0.89829,0.89838,1.50,1.00
2017.10.09 12:12:21.973,0.89831,0.89838,1.00,1.00
2017.10.09 12:12:23.513,0.89831,0.89836,1.00,1.00
2017.10.09 12:12:24.396,0.8983,0.89836,1.00,1.00
2017.10.09 12:12:24.704,0.8983,0.89838,1.00,1.12
2017.10.09 12:12:25.227,0.8983,0.89837,1.00,1.00
2017.10.09 12:12:25.753,0.89831,0.89837,1.00,1.00
2017.10.09 12:12:30.964,0.8983,0.89837,1.00,1.00
2017.10.09 12:12:31.577,0.89831,0.89837,1.00,1.00
2017.10.09 12:12:33.276,0.8983,0.89837,1.00,1.00
2017.10.09 12:12:33.939,0.89831,0.89837,1.00,1.00
2017.10.09 12:12:34.621,0.89832,0.89837,1.00,1.00
2017.10.09 12:12:35.138,0.89831,0.89837,1.00,1.00
2017.10.09 12:12:37.605,0.8983,0.89836,1.00,1.00
2017.10.09 12:12:42.101,0.8983,0.89837,1.00,1.00
2017.10.09 12:12:50.180,0.89831,0.89837,1.00,1.00
2017.10.09 12:12:50.792,0.8983,0.89837,1.00,1.00
2017.10.09 12:12:50.930,0.89832,0.89839,1.00,1.12
2017.10.09 12:12:51.084,0.89833,0.89841,1.00,1.00
2017.10.09 12:12:51.237,0.89835,0.89843,1.00,2.25
2017.10.09 12:12:51.761,0.89836,0.89843,1.00,1.50
2017.10.09 12:12:52.340,0.89835,0.89843,1.00,2.25
2017.10.09 12:12:53.831,0.89835,0.89842,1.00,1.00
2017.10.09 12:12:55.138,0.89836,0.89842,1.00,1.00
2017.10.09 12:12:55.667,0.89835,0.89842,1.00,1.00
2017.10.09 12:12:56.749,0.89841,0.89845,1.00,5.25
2017.10.09 12:12:56.801,0.89839,0.89843,1.00,1.00
2017.10.09 12:12:56.915,0.89839,0.89846,2.25,1.00
2017.10.09 12:12:57.221,0.89841,0.89849,1.50,1.12
2017.10.09 12:12:57.764,0.89841,0.89848,1.00,1.00
2017.10.09 12:12:58.301,0.89842,0.89847,1.00,1.00
2017.10.09 12:12:59.143,0.89841,0.89845,1.00,1.00
2017.10.09 12:12:59.195,0.89839,0.89847,1.00,1.12
2017.10.09 12:12:59.412,0.89836,0.89843,1.50,1.00
2017.10.09 12:12:59.718,0.8983,0.89836,2.62,1.00
2017.10.09 12:12:59.821,0.89829,0.89835,1.00,1.00
2017.10.09 12:13:00.638,0.89829,0.89836,1.12,1.00
2017.10.09 12:13:01.420,0.89829,0.89834,1.00,1.00
2017.10.09 12:13:07.961,0.89829,0.89836,1.00,1.00
2017.10.09 12:13:09.660,0.89829,0.89835,1.00,1.00
2017.10.09 12:13:10.676,0.89829,0.89837,1.00,1.00
2017.10.09 12:13:10.838,0.8983,0.89839,1.50,1.50
2017.10.09 12:13:11.375,0.8983,0.89838,1.37,1.00
2017.10.09 12:13:14.759,0.8983,0.89835,1.00,1.00
2017.10.09 12:13:18.953,0.8983,0.89837,1.00,1.00
2017.10.09 12:13:21.684,0.89831,0.89837,1.00,1.00
2017.10.09 12:13:26.479,0.89834,0.89839,1.00,1.50
2017.10.09 12:13:26.703,0.89834,0.89842,1.00,1.00
2017.10.09 12:13:27.225,0.89833,0.89841,1.00,1.00
2017.10.09 12:13:27.747,0.89834,0.89841,2.62,1.00
2017.10.09 12:13:28.519,0.89835,0.89841,1.00,1.00
2017.10.09 12:13:28.939,0.89835,0.89843,1.00,1.00
2017.10.09 12:13:29.453,0.89834,0.89843,2.25,1.00
2017.10.09 12:13:33.598,0.89834,0.89841,2.25,1.00
2017.10.09 12:13:34.215,0.89834,0.89843,1.50,1.00
2017.10.09 12:13:34.787,0.89835,0.89843,1.00,1.00
2017.10.09 12:13:35.369,0.89834,0.89843,1.00,1.00
2017.10.09 12:13:35.787,0.89834,0.89841,1.50,1.00
2017.10.09 12:13:41.020,0.89835,0.89842,2.62,1.00
2017.10.09 12:13:41.324,0.89837,0.89843,1.00,1.00
2017.10.09 12:13:42.221,0.89837,0.89844,1.00,1.00
2017.10.09 12:13:42.916,0.89836,0.89844,1.00,1.00
2017.10.09 12:13:44.328,0.89836,0.89842,1.00,1.00
2017.10.09 12:13:45.728,0.89836,0.89844,1.00,1.00
2017.10.09 12:13:46.878,0.89836,0.89842,1.00,1.00
2017.10.09 12:13:47.031,0.89834,0.89841,1.00,1.00
2017.10.09 12:13:47.587,0.89835,0.89841,1.00,1.00
2017.10.09 12:13:48.285,0.89834,0.89841,1.00,1.00
2017.10.09 12:13:52.014,0.89834,0.89842,1.00,1.00
2017.10.09 12:13:58.350,0.89833,0.89842,2.62,1.00
2017.10.09 12:13:59.339,0.89833,0.89843,2.62,1.00
2017.10.09 12:14:00.110,0.89834,0.89843,1.00,1.00
2017.10.09 12:14:00.793,0.89835,0.89842,1.00,1.00
2017.10.09 12:14:01.294,0.89834,0.89843,1.12,1.00
2017.10.09 12:14:02.459,0.89836,0.89843,1.00,1.00
2017.10.09 12:14:03.031,0.89837,0.89843,1.00,1.00
2017.10.09 12:14:03.556,0.89836,0.89843,1.50,1.00
2017.10.09 12:14:06.061,0.89835,0.89843,1.00,1.00
2017.10.09 12:14:06.346,0.89835,0.89845,1.00,2.25
2017.10.09 12:14:06.907,0.89835,0.89845,1.12,2.62
2017.10.09 12:14:07.633,0.89835,0.89845,1.00,2.25
2017.10.09 12:14:08.355,0.89835,0.89845,1.00,2.62
2017.10.09 12:14:08.922,0.89835,0.89845,1.00,2.25
2017.10.09 12:14:09.451,0.89835,0.89845,1.00,2.25
2017.10.09 12:14:10.070,0.89834,0.89845,1.87,2.25
2017.10.09 12:14:11.873,0.89835,0.89845,1.00,2.25
2017.10.09 12:14:13.192,0.89834,0.89844,2.62,1.12
2017.10.09 12:14:13.641,0.89833,0.89844,1.00,2.25
2017.10.09 12:14:14.551,0.89833,0.89843,1.00,1.12
2017.10.09 12:14:14.867,0.89832,0.89842,2.62,2.62
2017.10.09 12:14:14.970,0.89832,0.89843,2.62,1.50
2017.10.09 12:14:15.250,0.89832,0.89841,1.87,1.00
2017.10.09 12:14:15.454,0.89833,0.89843,1.00,1.12
2017.10.09 12:14:15.967,0.89832,0.89842,1.50,1.00
2017.10.09 12:14:16.476,0.89833,0.89842,1.00,1.00
2017.10.09 12:14:18.248,0.89832,0.89842,1.00,1.12
2017.10.09 12:14:20.502,0.89832,0.89842,1.50,1.37
2017.10.09 12:14:21.124,0.89832,0.89842,1.37,1.12
2017.10.09 12:14:21.668,0.89832,0.89842,1.12,1.12
2017.10.09 12:14:22.241,0.89832,0.89842,1.12,1.37
2017.10.09 12:14:26.297,0.89832,0.89842,1.87,1.00
2017.10.09 12:14:26.850,0.89833,0.89842,1.00,1.00
2017.10.09 12:14:27.387,0.89832,0.89842,2.25,1.00
2017.10.09 12:14:28.221,0.89833,0.89842,1.00,1.50
2017.10.09 12:14:29.398,0.89833,0.89843,1.00,2.25
2017.10.09 12:14:30.818,0.89833,0.89841,1.50,1.00
2017.10.09 12:14:31.969,0.89833,0.89842,1.00,1.12
2017.10.09 12:14:32.683,0.89832,0.89842,1.50,1.12
2017.10.09 12:14:33.280,0.89833,0.89842,1.00,1.12
2017.10.09 12:14:33.939,0.89833,0.89841,1.50,1.00
2017.10.09 12:14:35.186,0.89833,0.89842,1.50,1.12
2017.10.09 12:14:35.764,0.89834,0.89842,1.00,1.12
2017.10.09 12:14:41.050,0.89833,0.89842,1.87,1.50
2017.10.09 12:14:45.607,0.89833,0.89844,2.62,2.62
2017.10.09 12:14:46.193,0.89834,0.89844,1.50,2.25
2017.10.09 12:14:47.497,0.89836,0.89844,1.00,2.25
2017.10.09 12:14:48.107,0.89835,0.89844,1.00,2.62
2017.10.09 12:14:48.622,0.89834,0.89843,1.50,1.00
2017.10.09 12:14:52.233,0.89833,0.89843,1.50,1.87
2017.10.09 12:15:03.425,0.89833,0.89844,2.62,3.37
2017.10.09 12:15:05.263,0.89833,0.89841,1.75,1.00
2017.10.09 12:15:05.366,0.89833,0.89841,1.00,1.00
2017.10.09 12:15:05.909,0.89833,0.89842,2.62,1.00
2017.10.09 12:15:07.783,0.89835,0.89842,1.00,1.00
2017.10.09 12:15:08.381,0.89835,0.89844,1.00,1.12
2017.10.09 12:15:08.432,0.89837,0.89845,1.00,1.87
2017.10.09 12:15:08.484,0.89835,0.89845,1.00,2.62
2017.10.09 12:15:08.637,0.89833,0.8984,1.50,1.00
2017.10.09 12:15:08.845,0.8983,0.89839,1.00,1.50
2017.10.09 12:15:08.970,0.89829,0.89839,1.00,1.87
2017.10.09 12:15:09.073,0.89828,0.89839,2.25,1.50
2017.10.09 12:15:09.584,0.89828,0.89838,1.12,1.12
2017.10.09 12:15:10.152,0.89828,0.89839,1.00,2.25
2017.10.09 12:15:10.306,0.89828,0.89839,1.12,1.12
2017.10.09 12:15:10.358,0.89828,0.89839,1.37,1.12
2017.10.09 12:15:10.665,0.89832,0.89843,1.87,3.75
2017.10.09 12:15:11.022,0.89832,0.89843,3.37,2.25
2017.10.09 12:15:11.606,0.89832,0.89843,3.37,2.25
2017.10.09 12:15:12.064,0.89832,0.89843,2.62,2.25
2017.10.09 12:15:12.748,0.89832,0.89843,2.25,1.87
2017.10.09 12:15:15.661,0.89833,0.89841,1.00,1.00
2017.10.09 12:15:16.182,0.89831,0.89841,1.87,1.12
2017.10.09 12:15:17.124,0.89831,0.89839,1.37,1.00
2017.10.09 12:15:17.797,0.89831,0.89839,1.00,1.00
2017.10.09 12:15:19.834,0.89829,0.89839,1.12,2.25
2017.10.09 12:15:19.987,0.89828,0.89838,1.12,1.50
2017.10.09 12:15:21.307,0.89827,0.89837,1.50,1.50
2017.10.09 12:15:21.816,0.89827,0.89837,1.37,1.00
2017.10.09 12:15:22.191,0.8983,0.89837,1.00,1.00
2017.10.09 12:15:22.399,0.89829,0.89839,1.00,1.12
2017.10.09 12:15:22.502,0.8983,0.89839,1.37,1.00
2017.10.09 12:15:23.079,0.8983,0.8984,1.87,1.00
2017.10.09 12:15:23.584,0.8983,0.8984,1.87,1.00
2017.10.09 12:15:24.375,0.8983,0.8984,2.62,1.00
2017.10.09 12:15:24.994,0.8983,0.8984,1.87,1.12
2017.10.09 12:15:26.410,0.8983,0.8984,1.87,1.00
2017.10.09 12:15:28.785,0.89829,0.89839,4.12,1.50
2017.10.09 12:15:29.296,0.89831,0.8984,1.00,1.12
2017.10.09 12:15:31.695,0.89832,0.89841,1.00,1.00
2017.10.09 12:15:31.797,0.89833,0.89843,1.12,1.12
2017.10.09 12:15:35.345,0.89834,0.89843,1.00,1.12
2017.10.09 12:15:35.896,0.89832,0.89842,1.87,1.00
2017.10.09 12:15:35.998,0.89832,0.8984,1.00,1.00
2017.10.09 12:15:36.591,0.89831,0.8984,2.25,1.00
2017.10.09 12:15:37.205,0.8983,0.8984,1.12,1.87
2017.10.09 12:15:37.561,0.89829,0.89837,1.00,1.00
2017.10.09 12:15:38.100,0.89829,0.89838,1.12,1.12
2017.10.09 12:15:39.143,0.89829,0.89838,1.37,1.00
2017.10.09 12:15:39.654,0.89829,0.89838,1.00,1.00
2017.10.09 12:15:40.182,0.89829,0.89839,1.87,1.00
2017.10.09 12:15:40.698,0.89829,0.8984,2.25,1.87
2017.10.09 12:15:41.376,0.89829,0.89839,1.87,1.00
2017.10.09 12:15:41.898,0.89829,0.8984,3.00,1.87
2017.10.09 12:15:42.412,0.89829,0.89839,2.25,1.00
2017.10.09 12:15:43.006,0.89829,0.89839,2.62,1.00
2017.10.09 12:15:43.835,0.89829,0.8984,3.00,1.87
2017.10.09 12:15:44.314,0.89829,0.8984,2.62,1.87
2017.10.09 12:15:44.618,0.8983,0.8984,1.37,1.87
2017.10.09 12:15:44.943,0.8983,0.8984,1.00,1.87
2017.10.09 12:15:45.045,0.8983,0.8984,1.00,2.25
2017.10.09 12:15:45.596,0.8983,0.8984,1.00,2.25
2017.10.09 12:15:45.750,0.89828,0.89839,1.50,1.87
2017.10.09 12:15:47.084,0.89829,0.89838,1.00,1.50
2017.10.09 12:15:47.642,0.89829,0.89838,1.00,1.87
2017.10.09 12:15:48.215,0.89829,0.89838,1.00,1.12
2017.10.09 12:15:48.421,0.89831,0.8984,1.00,2.25
2017.10.09 12:15:48.964,0.89832,0.89841,1.00,2.25
2017.10.09 12:15:49.481,0.89832,0.8984,1.00,1.00
2017.10.09 12:15:50.162,0.89831,0.8984,1.12,1.00
2017.10.09 12:15:51.868,0.89831,0.89841,1.50,2.25
2017.10.09 12:15:52.381,0.8983,0.8984,2.62,1.12
2017.10.09 12:16:01.643,0.89831,0.89841,1.12,1.50
2017.10.09 12:16:03.256,0.89834,0.89842,1.00,2.62
2017.10.09 12:16:03.562,0.89836,0.89844,1.00,1.12
2017.10.09 12:16:05.210,0.89836,0.89845,1.00,1.00
2017.10.09 12:16:05.796,0.89836,0.89846,1.00,2.25
2017.10.09 12:16:06.355,0.89837,0.89846,1.00,2.25
2017.10.09 12:16:06.873,0.89838,0.89848,2.25,1.12
2017.10.09 12:16:07.728,0.89838,0.89847,1.87,1.00
2017.10.09 12:16:08.254,0.89839,0.89848,1.00,1.00
2017.10.09 12:16:11.017,0.89838,0.89847,1.87,1.50
2017.10.09 12:16:11.123,0.89837,0.89847,2.25,1.50
2017.10.09 12:16:11.634,0.89837,0.89846,1.12,1.00
2017.10.09 12:16:15.346,0.89837,0.89847,1.12,1.12
2017.10.09 12:16:15.950,0.89838,0.89847,1.50,1.00
2017.10.09 12:16:18.805,0.8984,0.89847,1.00,1.00
2017.10.09 12:16:19.352,0.8984,0.89848,1.00,1.87
2017.10.09 12:16:19.977,0.89837,0.89847,2.25,1.00
2017.10.09 12:16:20.028,0.89837,0.89845,1.87,1.00
2017.10.09 12:16:20.283,0.89838,0.89847,1.12,1.12
2017.10.09 12:16:21.016,0.89839,0.89847,1.00,1.00
2017.10.09 12:16:21.519,0.89838,0.89847,1.50,1.12
2017.10.09 12:16:28.393,0.89838,0.89847,2.25,1.00
2017.10.09 12:16:29.207,0.89838,0.89847,1.00,1.12
2017.10.09 12:16:30.571,0.89838,0.89848,1.00,1.50
2017.10.09 12:16:31.105,0.89838,0.89847,1.00,1.12
2017.10.09 12:16:35.360,0.89839,0.89847,1.00,1.87
2017.10.09 12:16:36.341,0.89837,0.89845,1.50,1.00
2017.10.09 12:16:36.646,0.89839,0.89847,1.00,2.25
2017.10.09 12:16:38.933,0.89839,0.89846,1.00,1.00
2017.10.09 12:16:39.464,0.89838,0.89846,1.12,1.50
2017.10.09 12:16:41.089,0.89839,0.89846,1.00,1.00
2017.10.09 12:16:42.428,0.89838,0.89846,1.00,1.50
2017.10.09 12:16:42.989,0.89837,0.89846,1.00,1.12
2017.10.09 12:16:43.313,0.89839,0.89846,1.00,1.50
2017.10.09 12:16:43.886,0.89837,0.89846,1.12,1.12
2017.10.09 12:16:44.402,0.89838,0.89846,1.00,1.00
2017.10.09 12:16:46.084,0.89839,0.89846,1.00,1.00
2017.10.09 12:16:46.581,0.89836,0.89846,1.50,1.00
2017.10.09 12:16:47.091,0.89837,0.89847,1.12,1.00
2017.10.09 12:16:47.448,0.89835,0.89846,2.62,1.12
2017.10.09 12:16:48.014,0.89835,0.89846,3.75,1.12
2017.10.09 12:16:48.332,0.89835,0.89845,1.00,1.12
2017.10.09 12:16:48.840,0.89835,0.89844,1.12,1.50
2017.10.09 12:16:50.175,0.89836,0.89844,1.00,1.00
2017.10.09 12:16:50.728,0.89835,0.89844,1.12,1.12
2017.10.09 12:16:50.932,0.89835,0.89842,1.00,1.00
2017.10.09 12:16:51.483,0.89835,0.89843,1.12,1.00
2017.10.09 12:16:52.896,0.89834,0.89843,2.25,1.00
2017.10.09 12:16:54.547,0.89834,0.89841,1.00,1.00
2017.10.09 12:16:54.751,0.89832,0.8984,1.12,1.00
2017.10.09 12:16:54.955,0.89834,0.89843,1.00,1.12
2017.10.09 12:16:55.108,0.89836,0.89845,1.00,1.50
2017.10.09 12:16:57.160,0.89835,0.89843,1.37,1.00
2017.10.09 12:16:57.262,0.89834,0.89843,3.00,1.00
2017.10.09 12:16:57.764,0.89832,0.89842,1.12,1.12
2017.10.09 12:17:01.114,0.89834,0.89842,1.00,1.87
2017.10.09 12:17:03.683,0.89834,0.89841,1.00,1.00
2017.10.09 12:17:05.335,0.89834,0.89842,1.00,2.62
2017.10.09 12:17:12.637,0.89832,0.89842,1.37,1.12
2017.10.09 12:17:22.253,0.89832,0.89841,1.37,1.00
2017.10.09 12:17:23.129,0.89834,0.89841,1.00,1.00
2017.10.09 12:17:23.867,0.89832,0.89841,1.37,1.00
2017.10.09 12:17:48.446,0.89832,0.89841,1.12,1.00
2017.10.09 12:17:49.069,0.89833,0.89841,1.00,1.00
2017.10.09 12:17:51.240,0.89835,0.89843,1.00,1.37
2017.10.09 12:17:51.393,0.89837,0.89845,1.00,1.00
2017.10.09 12:17:51.910,0.89835,0.89844,2.25,1.00
2017.10.09 12:17:52.086,0.89836,0.89842,1.00,1.00
2017.10.09 12:17:52.341,0.89835,0.89845,1.12,1.87
2017.10.09 12:17:52.853,0.89835,0.89844,1.50,1.00
2017.10.09 12:17:53.067,0.89835,0.89844,1.87,1.00
2017.10.09 12:17:53.378,0.89835,0.89844,1.12,1.00
2017.10.09 12:17:54.866,0.89835,0.89844,1.37,1.12
2017.10.09 12:17:55.868,0.89835,0.89844,1.50,1.00
2017.10.09 12:17:57.839,0.89834,0.89846,1.50,1.12
2017.10.09 12:17:58.395,0.89834,0.89846,3.37,1.50
2017.10.09 12:17:59.123,0.89834,0.89846,1.50,1.12
2017.10.09 12:18:00.606,0.89836,0.89847,1.00,1.50
2017.10.09 12:18:00.760,0.89837,0.89845,1.12,1.00
2017.10.09 12:18:01.037,0.89834,0.89845,1.50,2.25
2017.10.09 12:18:01.549,0.89834,0.89845,1.00,1.87
2017.10.09 12:18:02.392,0.89835,0.89843,1.00,1.00
2017.10.09 12:18:04.235,0.89833,0.89844,1.12,1.50
2017.10.09 12:18:04.900,0.89835,0.89844,1.00,1.00
2017.10.09 12:18:05.410,0.89835,0.89845,1.00,1.87
2017.10.09 12:18:12.668,0.89834,0.89845,1.12,1.87
2017.10.09 12:18:13.207,0.89835,0.89845,1.00,1.50
2017.10.09 12:18:18.435,0.89836,0.89846,1.00,1.12
2017.10.09 12:18:18.741,0.89838,0.89848,1.00,1.37
2017.10.09 12:18:18.843,0.89839,0.89849,1.00,2.25
2017.10.09 12:18:19.562,0.89838,0.89849,1.12,2.62
2017.10.09 12:18:22.237,0.8984,0.89848,1.00,1.00
2017.10.09 12:18:23.506,0.89838,0.89849,1.00,2.25
2017.10.09 12:18:29.265,0.89838,0.89849,1.00,2.62
2017.10.09 12:18:33.675,0.89838,0.89848,1.37,2.25
2017.10.09 12:18:48.384,0.89838,0.89848,1.00,1.50
2017.10.09 12:19:04.121,0.89838,0.89848,1.00,1.37
2017.10.09 12:19:16.934,0.89838,0.89847,1.37,1.00
2017.10.09 12:19:17.438,0.8984,0.8985,1.00,1.50
2017.10.09 12:19:17.642,0.89842,0.89851,1.00,1.00
2017.10.09 12:19:18.236,0.89841,0.89851,1.12,1.00
2017.10.09 12:19:18.749,0.89841,0.89851,1.00,1.50
2017.10.09 12:19:19.164,0.89843,0.89851,1.00,1.00
2017.10.09 12:19:19.682,0.89843,0.89853,1.00,2.62
2017.10.09 12:19:20.346,0.89843,0.89853,1.00,2.25
2017.10.09 12:19:24.687,0.89842,0.89852,1.12,1.37
2017.10.09 12:19:26.261,0.89841,0.89852,1.50,2.62
2017.10.09 12:19:26.576,0.89843,0.89852,1.00,1.00
2017.10.09 12:19:35.951,0.89845,0.89852,1.00,1.12
2017.10.09 12:19:36.328,0.89846,0.89855,1.12,1.12
2017.10.09 12:19:36.853,0.89846,0.89855,1.00,1.50
2017.10.09 12:19:40.709,0.89843,0.89851,1.87,1.00
2017.10.09 12:19:40.862,0.89842,0.89851,1.50,1.00
2017.10.09 12:19:42.575,0.89841,0.89851,1.12,1.12
2017.10.09 12:19:43.893,0.89844,0.89851,1.00,1.00
2017.10.09 12:19:44.637,0.89844,0.89852,1.00,1.00
2017.10.09 12:19:46.444,0.89843,0.89852,1.00,1.00
2017.10.09 12:19:56.245,0.89843,0.89852,1.37,1.00
2017.10.09 12:19:59.574,0.89843,0.89852,1.00,1.00
2017.10.09 12:19:59.945,0.8984,0.89849,2.62,1.12
2017.10.09 12:20:00.099,0.89836,0.89846,1.12,2.25
2017.10.09 12:20:00.272,0.89836,0.89846,1.50,1.50
2017.10.09 12:20:00.375,0.89836,0.89846,1.50,1.87
2017.10.09 12:20:00.951,0.89836,0.89846,1.87,1.12
2017.10.09 12:20:01.053,0.89837,0.89846,1.00,1.37
2017.10.09 12:20:01.331,0.89837,0.89846,1.00,1.00
2017.10.09 12:20:02.195,0.89837,0.89847,1.00,1.12
2017.10.09 12:20:05.609,0.89837,0.89848,1.12,2.25
2017.10.09 12:20:05.813,0.89836,0.89846,3.37,1.00
2017.10.09 12:20:05.967,0.89839,0.89849,1.12,1.50
2017.10.09 12:20:06.416,0.89837,0.89847,1.00,1.50
2017.10.09 12:20:06.519,0.89837,0.89845,1.00,1.00
2017.10.09 12:20:07.518,0.89836,0.89845,1.00,1.12
2017.10.09 12:20:07.844,0.89836,0.89845,1.00,5.25
2017.10.09 12:20:08.367,0.89836,0.89844,1.00,1.12
2017.10.09 12:20:10.078,0.89836,0.89845,1.00,1.87
2017.10.09 12:20:10.551,0.89834,0.89841,1.00,1.00
2017.10.09 12:20:10.704,0.89832,0.89841,1.00,1.50
2017.10.09 12:20:11.275,0.89831,0.89841,1.50,1.50
2017.10.09 12:20:11.806,0.89831,0.8984,1.50,1.00
2017.10.09 12:20:12.351,0.89832,0.8984,1.00,1.00
2017.10.09 12:20:12.886,0.89831,0.8984,1.87,1.00
2017.10.09 12:20:13.091,0.89834,0.89841,1.00,1.00
2017.10.09 12:20:13.143,0.89832,0.8984,1.12,1.00
2017.10.09 12:20:13.195,0.8983,0.8984,1.50,3.75
2017.10.09 12:20:13.544,0.89832,0.89839,1.00,1.00
2017.10.09 12:20:13.993,0.8983,0.89839,1.00,1.12
2017.10.09 12:20:14.555,0.89831,0.8984,1.00,3.37
2017.10.09 12:20:14.607,0.89831,0.8984,1.00,1.50
2017.10.09 12:20:14.940,0.89833,0.8984,1.00,1.50
2017.10.09 12:20:18.025,0.89833,0.89841,1.00,2.62
2017.10.09 12:20:18.235,0.89831,0.89841,1.12,3.37
2017.10.09 12:20:18.286,0.89831,0.8984,1.00,1.37
2017.10.09 12:20:18.593,0.8983,0.89837,1.00,1.00
2017.10.09 12:20:19.133,0.8983,0.89837,1.00,1.37
2017.10.09 12:20:22.127,0.8983,0.89838,1.00,1.00
2017.10.09 12:20:22.571,0.89832,0.89838,1.00,1.50
2017.10.09 12:20:22.725,0.89832,0.89842,2.25,1.87
2017.10.09 12:20:23.031,0.89834,0.89842,1.00,1.12
2017.10.09 12:20:23.378,0.89836,0.89843,1.00,1.12
2017.10.09 12:20:23.896,0.89835,0.89844,1.00,1.50
2017.10.09 12:20:24.303,0.89833,0.89843,1.50,1.50
2017.10.09 12:20:24.557,0.89833,0.89842,1.50,1.50
2017.10.09 12:20:25.912,0.89835,0.89843,1.00,3.75
2017.10.09 12:20:26.065,0.89835,0.89843,1.00,1.00
2017.10.09 12:20:26.615,0.89836,0.89844,1.00,1.37
2017.10.09 12:20:28.380,0.89836,0.89845,1.00,2.62
2017.10.09 12:20:29.243,0.89836,0.89845,1.00,1.87
2017.10.09 12:20:32.696,0.89836,0.89843,1.00,1.37
2017.10.09 12:20:33.440,0.89836,0.89843,1.00,1.00
2017.10.09 12:20:37.107,0.89835,0.89843,1.00,1.00
2017.10.09 12:20:37.158,0.89833,0.89841,1.00,1.00
2017.10.09 12:20:37.261,0.89831,0.89841,1.50,1.50
2017.10.09 12:20:37.667,0.89831,0.89841,1.00,4.50
2017.10.09 12:20:38.182,0.89831,0.89838,1.00,1.00
2017.10.09 12:20:38.870,0.89831,0.8984,1.00,1.50
2017.10.09 12:20:39.459,0.89832,0.8984,1.00,1.50
2017.10.09 12:20:39.663,0.89834,0.89842,1.00,1.00
2017.10.09 12:20:40.862,0.89833,0.89843,1.87,1.37
2017.10.09 12:20:41.411,0.89832,0.8984,1.00,1.00
2017.10.09 12:20:41.513,0.8983,0.8984,1.12,1.12
2017.10.09 12:20:42.022,0.89831,0.89841,1.12,2.62
2017.10.09 12:20:42.534,0.8983,0.8984,1.00,2.25
2017.10.09 12:20:46.566,0.89829,0.89839,1.00,1.00
2017.10.09 12:20:46.719,0.89827,0.89837,1.50,2.25
2017.10.09 12:20:46.923,0.89826,0.89836,1.00,1.12
2017.10.09 12:20:47.025,0.89826,0.89836,1.00,3.75
2017.10.09 12:20:47.443,0.89828,0.89836,1.87,2.62
2017.10.09 12:20:47.620,0.89828,0.89838,1.50,1.87
2017.10.09 12:20:49.040,0.89827,0.89837,1.50,1.12
2017.10.09 12:20:50.703,0.89828,0.89837,1.00,1.12
2017.10.09 12:20:51.899,0.89827,0.89837,1.50,1.50
2017.10.09 12:20:53.537,0.8983,0.89839,1.00,5.25
2017.10.09 12:20:53.741,0.89831,0.89841,1.12,1.87
2017.10.09 12:20:54.563,0.89832,0.89842,1.00,1.12
2017.10.09 12:20:55.467,0.89831,0.89842,1.12,1.12
2017.10.09 12:20:57.621,0.89831,0.89842,1.50,1.00
2017.10.09 12:20:58.180,0.89835,0.89843,1.00,1.87
2017.10.09 12:20:58.437,0.89837,0.89846,1.00,1.00
2017.10.09 12:20:58.695,0.89836,0.89843,1.00,1.50
2017.10.09 12:20:58.952,0.89831,0.8984,1.50,1.00
2017.10.09 12:20:59.649,0.89831,0.8984,1.00,1.12
2017.10.09 12:21:00.109,0.89833,0.89843,1.50,3.75
2017.10.09 12:21:00.322,0.89834,0.89844,1.00,3.37
2017.10.09 12:21:00.373,0.89833,0.89841,1.00,1.00
2017.10.09 12:21:00.913,0.89831,0.89841,2.25,1.50
2017.10.09 12:21:01.116,0.8983,0.8984,1.87,1.00
2017.10.09 12:21:01.489,0.8983,0.89838,1.87,1.00
2017.10.09 12:21:02.019,0.89829,0.89837,1.50,1.00
2017.10.09 12:21:02.326,0.89823,0.8983,1.31,1.00
2017.10.09 12:21:02.926,0.89827,0.89836,1.12,3.37
2017.10.09 12:21:03.130,0.8983,0.89839,1.50,1.12
2017.10.09 12:21:03.643,0.89831,0.89838,1.12,1.00
2017.10.09 12:21:04.546,0.8983,0.89837,1.12,1.00
2017.10.09 12:21:05.079,0.89829,0.89836,1.50,1.00
2017.10.09 12:21:10.087,0.8983,0.89838,1.00,1.12
2017.10.09 12:21:10.468,0.89833,0.8984,1.00,1.00
2017.10.09 12:21:11.274,0.89833,0.89842,1.00,1.50
2017.10.09 12:21:12.011,0.89833,0.8984,1.00,1.00
2017.10.09 12:21:13.568,0.89834,0.8984,1.00,1.00
2017.10.09 12:21:14.197,0.89833,0.8984,1.00,1.00
2017.10.09 12:21:15.300,0.89833,0.89839,1.00,1.00
2017.10.09 12:21:18.396,0.89832,0.89839,1.00,1.00
2017.10.09 12:21:20.145,0.8983,0.89839,2.25,1.50
2017.10.09 12:21:20.453,0.89831,0.89837,1.00,1.00
2017.10.09 12:21:20.657,0.89829,0.89837,1.50,1.00
2017.10.09 12:21:20.708,0.89832,0.89839,1.00,1.12
2017.10.09 12:21:21.216,0.8983,0.89839,1.87,1.00
2017.10.09 12:21:24.016,0.89829,0.89835,3.37,1.00
2017.10.09 12:21:24.068,0.89829,0.89835,1.00,1.00
2017.10.09 12:21:24.615,0.89829,0.89834,1.00,1.00
2017.10.09 12:21:25.757,0.89829,0.89836,1.00,1.00
2017.10.09 12:21:26.284,0.89829,0.89835,1.00,1.00
2017.10.09 12:21:27.837,0.89828,0.89835,1.00,1.00
2017.10.09 12:21:28.385,0.89827,0.89833,1.00,1.00
2017.10.09 12:21:28.776,0.89827,0.89835,1.00,1.12
2017.10.09 12:21:30.449,0.89826,0.89834,1.00,1.00
2017.10.09 12:21:31.014,0.89826,0.89836,1.00,1.50
2017.10.09 12:21:33.907,0.89826,0.89835,1.50,1.00
2017.10.09 12:21:34.327,0.89825,0.89834,1.87,1.00
2017.10.09 12:21:36.464,0.89824,0.89834,1.87,1.50
2017.10.09 12:21:41.902,0.89824,0.89833,1.50,1.00
2017.10.09 12:21:47.589,0.89824,0.89831,1.50,1.00
2017.10.09 12:21:48.190,0.89824,0.89829,1.00,1.00
2017.10.09 12:21:48.425,0.89822,0.89828,1.00,1.50
2017.10.09 12:21:48.952,0.89822,0.89829,1.00,1.00
2017.10.09 12:21:50.090,0.89823,0.89831,1.00,1.50
2017.10.09 12:21:50.613,0.89824,0.89832,1.00,1.00
2017.10.09 12:21:51.820,0.89824,0.89831,1.00,1.00
2017.10.09 12:21:52.024,0.89823,0.89833,1.87,1.50
2017.10.09 12:21:53.428,0.89825,0.89833,1.00,1.50
2017.10.09 12:21:53.631,0.89823,0.89833,1.87,1.50
2017.10.09 12:21:55.050,0.89823,0.89833,1.87,1.00
2017.10.09 12:21:57.165,0.89823,0.89832,1.87,1.00
2017.10.09 12:21:58.691,0.89823,0.89834,1.87,1.87
2017.10.09 12:22:00.896,0.89823,0.89833,1.87,1.00
2017.10.09 12:22:02.279,0.89823,0.89834,1.87,1.87
2017.10.09 12:22:05.699,0.89823,0.89833,2.25,1.00
2017.10.09 12:22:05.801,0.89821,0.89829,2.62,1.00
2017.10.09 12:22:06.007,0.89822,0.89831,1.12,1.00
2017.10.09 12:22:06.183,0.89822,0.89829,1.00,1.00
2017.10.09 12:22:06.698,0.89821,0.89828,1.12,1.00
2017.10.09 12:22:16.995,0.89819,0.89828,2.62,1.00
2017.10.09 12:22:20.323,0.89819,0.89828,2.62,1.00
2017.10.09 12:22:26.032,0.8982,0.89828,1.37,1.50
2017.10.09 12:22:26.396,0.89819,0.89828,2.81,1.50
2017.10.09 12:22:26.885,0.89819,0.89824,1.37,1.00
2017.10.09 12:22:26.937,0.89819,0.89826,1.12,1.00
2017.10.09 12:22:26.988,0.89817,0.89824,2.25,1.00
2017.10.09 12:22:27.040,0.89816,0.89824,1.12,1.50
2017.10.09 12:22:27.245,0.89817,0.89826,1.00,1.12
2017.10.09 12:22:27.449,0.89819,0.89826,1.00,1.00
2017.10.09 12:22:27.966,0.89816,0.89826,2.25,1.00
2017.10.09 12:22:29.102,0.89816,0.89826,1.87,1.00
2017.10.09 12:22:33.105,0.89817,0.89826,1.00,1.00
2017.10.09 12:22:33.379,0.89817,0.89824,1.00,1.00
2017.10.09 12:22:33.888,0.89816,0.89824,1.00,1.87
2017.10.09 12:22:34.412,0.89816,0.89824,1.00,2.25
2017.10.09 12:22:35.060,0.89816,0.89824,1.00,1.12
2017.10.09 12:22:35.652,0.89816,0.89823,1.00,1.00
2017.10.09 12:22:38.092,0.89817,0.89823,1.00,1.00
2017.10.09 12:22:38.144,0.89818,0.89826,1.00,1.12
2017.10.09 12:22:38.636,0.8982,0.89828,1.00,2.25
2017.10.09 12:22:39.229,0.89818,0.89827,1.12,1.00
2017.10.09 12:22:43.629,0.89818,0.89826,1.50,1.00
2017.10.09 12:22:44.842,0.89816,0.89826,1.50,1.00
2017.10.09 12:22:48.029,0.89816,0.89824,1.50,1.00
2017.10.09 12:22:48.544,0.89817,0.89825,1.00,1.00
2017.10.09 12:22:49.173,0.89817,0.89823,1.00,1.00
2017.10.09 12:22:49.299,0.89818,0.89827,1.00,1.00
2017.10.09 12:22:49.810,0.89819,0.89827,1.00,1.00
2017.10.09 12:22:53.117,0.89819,0.89828,1.00,1.00
2017.10.09 12:22:58.604,0.89819,0.89828,1.50,1.00
2017.10.09 12:23:00.857,0.89819,0.89827,1.37,1.00
2017.10.09 12:23:01.502,0.89819,0.89828,1.12,1.12
2017.10.09 12:23:05.045,0.89817,0.89826,3.37,1.12
2017.10.09 12:23:05.148,0.89817,0.89826,1.12,1.00
2017.10.09 12:23:05.626,0.89817,0.89824,1.12,1.00
2017.10.09 12:23:06.303,0.89816,0.89824,1.00,1.00
2017.10.09 12:23:07.068,0.89815,0.89824,1.12,1.00
2017.10.09 12:23:07.986,0.89813,0.89819,3.37,1.00
2017.10.09 12:23:08.088,0.89813,0.89821,2.62,1.00
2017.10.09 12:23:08.209,0.89812,0.8982,1.00,1.00
2017.10.09 12:23:08.964,0.89813,0.8982,1.00,1.00
2017.10.09 12:23:09.169,0.89811,0.89818,1.37,1.00
2017.10.09 12:23:09.440,0.89809,0.89817,1.12,1.00
2017.10.09 12:23:10.554,0.89808,0.89817,1.12,1.00
2017.10.09 12:23:10.702,0.89808,0.89815,1.12,1.00
2017.10.09 12:23:10.855,0.89808,0.89817,1.12,1.00
2017.10.09 12:23:13.427,0.89808,0.89818,2.25,1.00
2017.10.09 12:23:13.930,0.89808,0.89817,1.12,1.00
2017.10.09 12:23:14.452,0.89807,0.89817,1.00,3.00
2017.10.09 12:23:14.768,0.89809,0.89817,1.00,1.00
2017.10.09 12:23:14.921,0.8981,0.8982,1.50,3.00
2017.10.09 12:23:14.973,0.89812,0.8982,1.00,1.87
2017.10.09 12:23:15.024,0.89811,0.89821,1.50,1.12
2017.10.09 12:23:15.536,0.89813,0.89821,1.00,1.75
2017.10.09 12:23:15.741,0.89813,0.89821,1.00,1.50
2017.10.09 12:23:16.465,0.89813,0.89822,1.87,1.00
2017.10.09 12:23:17.061,0.89814,0.89823,1.50,1.87
2017.10.09 12:23:18.093,0.89815,0.89824,2.25,1.37
2017.10.09 12:23:18.247,0.89816,0.89826,2.25,1.50
2017.10.09 12:23:18.756,0.89816,0.89826,1.87,1.50
2017.10.09 12:23:19.293,0.89817,0.89826,1.50,1.00
2017.10.09 12:23:19.618,0.89819,0.89826,1.00,1.50
2017.10.09 12:23:20.133,0.89818,0.89826,1.00,2.25
2017.10.09 12:23:20.439,0.89817,0.89826,1.00,3.75
2017.10.09 12:23:21.403,0.89817,0.89825,1.00,1.50
2017.10.09 12:23:21.911,0.89816,0.89825,1.00,2.25
2017.10.09 12:23:24.772,0.89816,0.89824,1.00,1.00
2017.10.09 12:23:25.077,0.89814,0.89823,1.87,1.00
2017.10.09 12:23:25.638,0.89814,0.89822,1.87,1.00
2017.10.09 12:23:28.202,0.89814,0.89822,1.87,1.00
2017.10.09 12:23:28.727,0.89815,0.89823,1.00,1.50
2017.10.09 12:23:29.175,0.89812,0.89822,1.50,1.12
2017.10.09 12:23:29.820,0.89812,0.89821,1.50,1.87
2017.10.09 12:23:31.030,0.89813,0.89822,1.00,2.62
2017.10.09 12:23:31.585,0.89814,0.89822,1.00,1.50
2017.10.09 12:23:32.146,0.89813,0.89822,1.50,1.12
2017.10.09 12:23:34.205,0.89812,0.89822,1.00,2.62
2017.10.09 12:23:34.709,0.89812,0.89821,1.00,1.50
2017.10.09 12:23:36.435,0.89813,0.89821,1.50,1.00
2017.10.09 12:23:36.654,0.89815,0.89823,1.00,1.87
2017.10.09 12:23:36.756,0.89815,0.89824,1.00,1.50
2017.10.09 12:23:37.698,0.89816,0.89824,1.00,1.00
2017.10.09 12:23:38.200,0.89816,0.8982,1.00,1.00
2017.10.09 12:23:43.755,0.89814,0.8982,1.00,1.00
2017.10.09 12:23:48.727,0.89813,0.8982,1.50,1.00
2017.10.09 12:23:48.778,0.89813,0.89818,1.50,1.00
2017.10.09 12:23:49.979,0.89813,0.89819,1.50,1.00
2017.10.09 12:23:50.503,0.89812,0.89818,1.50,1.00
2017.10.09 12:23:50.809,0.89812,0.89816,1.00,1.00
2017.10.09 12:23:52.630,0.89813,0.89817,1.00,1.00
2017.10.09 12:23:53.235,0.89813,0.89817,1.00,1.00
2017.10.09 12:23:56.038,0.8981,0.89815,1.50,1.00
2017.10.09 12:23:56.495,0.89809,0.89813,1.50,1.00
2017.10.09 12:23:56.649,0.89807,0.89811,1.50,1.00
2017.10.09 12:23:57.800,0.89807,0.89811,1.00,1.00
2017.10.09 12:23:58.372,0.89806,0.89811,1.50,1.00
2017.10.09 12:24:00.178,0.89806,0.89813,1.50,1.00
2017.10.09 12:24:00.777,0.89806,0.89812,1.00,1.00
2017.10.09 12:24:00.948,0.89808,0.89813,1.00,1.00
2017.10.09 12:24:01.000,0.89808,0.89815,1.00,1.00
2017.10.09 12:24:01.508,0.89809,0.89815,1.00,1.00
2017.10.09 12:24:01.992,0.89809,0.89813,1.00,1.00
2017.10.09 12:24:03.212,0.89806,0.89811,1.87,1.00
2017.10.09 12:24:04.028,0.89808,0.89815,1.12,1.00
2017.10.09 12:24:04.558,0.89808,0.89814,1.12,1.00
2017.10.09 12:24:05.851,0.89808,0.89813,1.12,1.00
2017.10.09 12:24:06.517,0.89807,0.89813,1.50,1.00
2017.10.09 12:24:09.716,0.89807,0.89812,1.50,1.00
2017.10.09 12:24:14.885,0.89807,0.89813,1.50,1.00
2017.10.09 12:24:15.448,0.89807,0.89813,1.00,1.00
2017.10.09 12:24:15.499,0.89807,0.89815,1.00,1.00
2017.10.09 12:24:17.097,0.89806,0.89815,2.25,1.00
2017.10.09 12:24:19.090,0.89807,0.89814,1.00,1.00
2017.10.09 12:24:19.238,0.89808,0.89817,1.00,1.50
2017.10.09 12:24:19.445,0.89806,0.89815,1.00,1.37
2017.10.09 12:24:20.037,0.89805,0.89813,1.00,1.00
2017.10.09 12:24:20.654,0.89805,0.89814,1.00,1.00
2017.10.09 12:24:21.231,0.89805,0.89814,1.50,1.00
2017.10.09 12:24:24.167,0.89805,0.89813,1.50,1.00
2017.10.09 12:24:34.766,0.89807,0.89814,1.00,1.00
2017.10.09 12:24:34.868,0.89808,0.89818,1.00,4.12
2017.10.09 12:24:34.970,0.89808,0.89818,1.00,1.87
2017.10.09 12:24:35.496,0.89808,0.89817,1.00,1.00
2017.10.09 12:24:36.246,0.89807,0.89817,1.12,1.00
2017.10.09 12:24:36.801,0.89808,0.89816,1.00,1.00
2017.10.09 12:24:37.256,0.89808,0.89818,1.12,1.87
2017.10.09 12:24:41.435,0.89809,0.89818,1.00,1.50
2017.10.09 12:24:42.634,0.89809,0.89819,1.12,1.87
2017.10.09 12:24:42.915,0.89809,0.89817,1.12,1.00
2017.10.09 12:24:43.097,0.89809,0.89819,1.12,1.87
2017.10.09 12:24:44.570,0.89809,0.89817,1.12,1.00
2017.10.09 12:24:44.773,0.89809,0.89819,1.12,1.87
2017.10.09 12:24:49.307,0.89811,0.8982,1.50,1.87
2017.10.09 12:24:49.623,0.89813,0.89822,1.12,1.00
2017.10.09 12:24:50.046,0.89811,0.89821,2.62,1.50
2017.10.09 12:24:50.867,0.89812,0.89821,1.00,1.12
2017.10.09 12:24:51.406,0.89811,0.89821,1.12,1.87
2017.10.09 12:24:51.508,0.89811,0.89821,3.75,1.50
2017.10.09 12:24:52.010,0.89811,0.8982,3.75,1.87
2017.10.09 12:24:52.317,0.8981,0.89816,1.00,1.00
2017.10.09 12:24:52.393,0.8981,0.89819,1.00,2.25
2017.10.09 12:24:52.445,0.8981,0.8982,1.00,1.87
2017.10.09 12:24:53.741,0.89813,0.8982,1.00,1.00
2017.10.09 12:24:53.916,0.89813,0.89823,1.12,2.62
2017.10.09 12:24:54.661,0.89814,0.89823,1.00,2.62
2017.10.09 12:24:56.066,0.89812,0.89822,2.25,2.25
2017.10.09 12:24:56.603,0.89814,0.89822,1.00,1.50
2017.10.09 12:24:57.165,0.89812,0.89822,1.00,1.87
2017.10.09 12:24:57.517,0.89814,0.89822,1.00,1.00
2017.10.09 12:24:57.619,0.89815,0.89825,1.00,3.00
2017.10.09 12:24:57.823,0.89813,0.89823,1.50,1.00
2017.10.09 12:24:58.333,0.89815,0.89823,1.00,1.50
2017.10.09 12:24:58.847,0.89814,0.89823,1.00,1.00
2017.10.09 12:24:59.359,0.89813,0.89823,1.12,1.87
2017.10.09 12:24:59.664,0.89814,0.89823,3.37,1.00
2017.10.09 12:25:00.199,0.89814,0.89824,3.37,1.00
2017.10.09 12:25:00.250,0.89814,0.89824,1.50,1.00
2017.10.09 12:25:00.944,0.89816,0.89824,1.00,1.00
2017.10.09 12:25:01.097,0.89814,0.89825,1.12,3.00
2017.10.09 12:25:02.077,0.89814,0.89824,1.12,1.00
2017.10.09 12:25:02.527,0.89816,0.89824,1.00,1.00
2017.10.09 12:25:03.223,0.89814,0.89824,1.12,1.00
2017.10.09 12:25:04.048,0.89814,0.89825,1.12,3.00
2017.10.09 12:25:04.590,0.89816,0.89824,1.00,1.00
2017.10.09 12:25:05.747,0.89813,0.89825,2.25,3.00
2017.10.09 12:25:06.255,0.89814,0.89824,1.12,1.00
2017.10.09 12:25:06.797,0.89815,0.89824,1.00,1.00
2017.10.09 12:25:07.450,0.89814,0.89823,1.87,1.00
2017.10.09 12:25:07.959,0.89813,0.89824,1.00,3.37
2017.10.09 12:25:08.601,0.89814,0.89822,1.00,1.00
2017.10.09 12:25:12.478,0.89813,0.89823,1.00,1.12
2017.10.09 12:25:13.000,0.89814,0.89824,1.12,1.00
2017.10.09 12:25:15.087,0.89814,0.89824,1.00,1.50
2017.10.09 12:25:15.601,0.89815,0.89825,1.00,4.50
2017.10.09 12:25:15.956,0.89817,0.89823,1.00,1.12
2017.10.09 12:25:16.497,0.89817,0.89825,1.00,1.87
2017.10.09 12:25:17.196,0.89814,0.89825,1.37,2.62
2017.10.09 12:25:17.248,0.89813,0.89822,3.37,1.50
2017.10.09 12:25:17.400,0.89812,0.89822,1.87,2.25
2017.10.09 12:25:17.682,0.8981,0.8982,4.12,1.50
2017.10.09 12:25:18.006,0.8981,0.89818,1.12,1.00
2017.10.09 12:25:18.507,0.8981,0.8982,1.12,2.25
2017.10.09 12:25:19.459,0.89811,0.8982,1.00,1.37
2017.10.09 12:25:20.029,0.8981,0.8982,1.00,1.12
2017.10.09 12:25:24.662,0.8981,0.8982,1.50,1.12
2017.10.09 12:25:25.216,0.8981,0.8982,1.87,1.00
2017.10.09 12:25:25.932,0.8981,0.89821,1.75,3.75
2017.10.09 12:25:26.468,0.8981,0.8982,1.75,1.00
2017.10.09 12:25:29.388,0.89813,0.89823,1.00,6.37
2017.10.09 12:25:29.541,0.89815,0.89824,1.00,1.00
2017.10.09 12:25:30.167,0.89815,0.89825,1.12,1.00
2017.10.09 12:25:31.565,0.89813,0.89821,1.50,1.00
2017.10.09 12:25:31.820,0.8981,0.8982,1.12,1.50
2017.10.09 12:25:33.334,0.89811,0.89821,1.00,1.50
2017.10.09 12:25:34.365,0.89811,0.8982,1.12,1.00
2017.10.09 12:25:34.912,0.89811,0.89821,4.12,1.00
2017.10.09 12:25:35.757,0.89811,0.8982,3.37,1.00
2017.10.09 12:25:38.523,0.89811,0.8982,1.00,1.12
2017.10.09 12:25:39.456,0.89811,0.89819,1.12,1.00
2017.10.09 12:25:40.996,0.8981,0.8982,1.50,1.12
2017.10.09 12:25:42.450,0.8981,0.8982,1.50,2.62
2017.10.09 12:25:51.517,0.89812,0.8982,1.00,1.50
2017.10.09 12:25:58.733,0.8981,0.8982,1.12,1.00
2017.10.09 12:25:58.917,0.89811,0.89819,1.00,1.37
2017.10.09 12:25:59.275,0.89809,0.89819,1.50,1.37
2017.10.09 12:25:59.879,0.89808,0.89819,4.87,1.50
2017.10.09 12:26:00.920,0.89808,0.89816,4.12,1.00
2017.10.09 12:26:01.022,0.89808,0.89816,1.12,1.00
2017.10.09 12:26:01.597,0.89807,0.89816,1.87,1.00
2017.10.09 12:26:03.091,0.89807,0.89816,1.87,1.12
2017.10.09 12:26:04.850,0.89807,0.89817,1.00,2.25
2017.10.09 12:26:05.821,0.89806,0.89814,1.50,1.00
2017.10.09 12:26:06.411,0.89806,0.89814,1.00,1.00
2017.10.09 12:26:07.068,0.89805,0.89816,1.50,2.62
2017.10.09 12:26:07.324,0.89808,0.89816,1.00,1.87
2017.10.09 12:26:09.152,0.89808,0.89815,1.00,1.00
2017.10.09 12:26:09.254,0.89805,0.89815,1.87,1.00
2017.10.09 12:26:19.205,0.89806,0.89816,2.25,3.00
2017.10.09 12:26:19.717,0.89806,0.89816,3.75,1.50
2017.10.09 12:26:19.942,0.8981,0.89819,1.12,1.00
2017.10.09 12:26:20.539,0.8981,0.8982,1.50,1.00
2017.10.09 12:26:21.501,0.89811,0.8982,2.25,1.12
2017.10.09 12:26:21.705,0.89813,0.89824,1.50,5.25
2017.10.09 12:26:21.909,0.89813,0.89822,1.37,1.50
2017.10.09 12:26:22.063,0.89812,0.89822,1.87,2.62
2017.10.09 12:26:22.568,0.89812,0.89822,1.87,2.25
2017.10.09 12:26:30.055,0.89811,0.89821,2.25,1.00
2017.10.09 12:26:30.107,0.8981,0.89819,4.87,1.00
2017.10.09 12:26:30.259,0.8981,0.89818,1.00,1.50
2017.10.09 12:26:30.575,0.8981,0.8982,1.12,1.00
2017.10.09 12:26:30.729,0.89812,0.8982,1.00,1.00
2017.10.09 12:26:31.035,0.89812,0.89822,1.50,1.50
2017.10.09 12:26:31.239,0.89811,0.89821,3.00,1.12
2017.10.09 12:26:33.353,0.89811,0.8982,1.50,1.00
2017.10.09 12:26:33.864,0.8981,0.8982,1.50,1.12
2017.10.09 12:26:48.458,0.8981,0.8982,1.50,1.12
2017.10.09 12:26:50.763,0.8981,0.8982,3.75,1.12
2017.10.09 12:26:52.013,0.8981,0.8982,1.87,1.12
2017.10.09 12:27:00.125,0.8981,0.89821,1.87,1.87
2017.10.09 12:27:00.227,0.89811,0.89821,2.62,1.87
2017.10.09 12:27:00.935,0.89813,0.89822,1.50,1.00
2017.10.09 12:27:01.474,0.89813,0.89822,1.12,1.00
2017.10.09 12:27:02.317,0.89814,0.89822,1.00,1.00
2017.10.09 12:27:03.169,0.89813,0.89821,1.12,1.00
2017.10.09 12:27:03.747,0.89812,0.89822,1.00,1.50
2017.10.09 12:27:07.842,0.89816,0.89823,1.00,1.50
2017.10.09 12:27:09.550,0.89816,0.89824,1.00,1.12
2017.10.09 12:27:10.111,0.89816,0.89823,1.00,1.00
2017.10.09 12:27:10.418,0.89818,0.89827,1.00,1.87
2017.10.09 12:27:11.179,0.89818,0.89827,1.00,1.37
2017.10.09 12:27:11.886,0.89818,0.89827,1.00,1.00
2017.10.09 12:27:12.648,0.89821,0.89829,1.00,1.37
2017.10.09 12:27:12.780,0.89821,0.89831,1.50,1.50
2017.10.09 12:27:12.832,0.89821,0.89831,1.50,1.87
2017.10.09 12:27:13.154,0.89823,0.89831,1.00,1.50
2017.10.09 12:27:16.164,0.89823,0.89831,1.00,1.87
2017.10.09 12:27:17.097,0.89823,0.89831,1.00,1.87
2017.10.09 12:27:25.167,0.89823,0.89831,1.00,1.87
2017.10.09 12:27:25.289,0.89821,0.8983,1.00,1.12
2017.10.09 12:27:25.810,0.89821,0.89829,1.00,1.00
2017.10.09 12:27:27.098,0.89823,0.89832,1.00,4.50
2017.10.09 12:27:27.351,0.89825,0.89833,1.87,1.00
2017.10.09 12:27:27.606,0.89829,0.89836,1.00,1.87
2017.10.09 12:27:27.810,0.89827,0.89835,1.12,1.00
2017.10.09 12:27:27.963,0.89825,0.89835,2.25,1.50
2017.10.09 12:27:29.694,0.89826,0.89835,1.00,1.00
2017.10.09 12:27:30.539,0.89826,0.89836,1.50,1.12
2017.10.09 12:27:32.799,0.89825,0.89836,2.25,2.25
2017.10.09 12:27:36.843,0.89825,0.89835,1.50,1.00
2017.10.09 12:27:43.380,0.89826,0.89836,1.00,1.50
2017.10.09 12:27:43.892,0.89826,0.89836,1.00,2.25
2017.10.09 12:27:51.237,0.89825,0.89835,1.50,2.25
2017.10.09 12:27:56.150,0.89826,0.89835,1.00,1.50
2017.10.09 12:27:56.728,0.89826,0.89835,1.12,1.12
2017.10.09 12:27:57.963,0.89825,0.89836,1.87,2.62
2017.10.09 12:28:00.119,0.89826,0.89836,1.12,1.50
2017.10.09 12:28:00.223,0.89828,0.89837,1.00,3.37
2017.10.09 12:28:00.479,0.8983,0.89841,1.87,3.75
2017.10.09 12:28:02.734,0.89834,0.89841,1.00,2.62
2017.10.09 12:28:02.836,0.89835,0.89843,1.50,3.37
2017.10.09 12:28:02.940,0.89835,0.89846,1.87,4.12
2017.10.09 12:28:03.519,0.89836,0.89844,1.00,1.00
2017.10.09 12:28:04.046,0.89835,0.89846,1.00,2.25
2017.10.09 12:28:04.581,0.89836,0.89846,1.00,1.50
2017.10.09 12:28:05.976,0.89834,0.89845,1.50,1.12
2017.10.09 12:28:06.518,0.89834,0.89845,2.25,1.12
2017.10.09 12:28:06.928,0.89836,0.89845,1.00,1.12
2017.10.09 12:28:07.495,0.89837,0.89845,1.00,1.12
2017.10.09 12:28:08.256,0.89834,0.89845,1.87,1.12
2017.10.09 12:28:09.691,0.89835,0.89846,1.00,1.87
2017.10.09 12:28:11.979,0.89834,0.89845,1.12,1.87
2017.10.09 12:28:12.398,0.89836,0.89847,1.00,2.62
2017.10.09 12:28:12.601,0.89837,0.89848,1.87,2.62
2017.10.09 12:28:12.653,0.89837,0.89848,1.87,2.62
2017.10.09 12:28:12.755,0.89836,0.89847,1.87,2.25
2017.10.09 12:28:13.268,0.89837,0.89846,1.00,1.50
2017.10.09 12:28:14.725,0.89838,0.89846,1.00,1.50
2017.10.09 12:28:15.137,0.89836,0.89846,1.00,1.50
2017.10.09 12:28:15.394,0.89835,0.89845,1.87,1.37
2017.10.09 12:28:15.965,0.89835,0.89845,1.87,1.00
2017.10.09 12:28:16.750,0.89836,0.89845,1.00,1.12
2017.10.09 12:28:19.210,0.89837,0.89845,1.00,1.00
2017.10.09 12:28:19.758,0.89836,0.89845,1.12,1.00
2017.10.09 12:28:25.070,0.89834,0.89842,6.00,1.00
2017.10.09 12:28:25.277,0.89834,0.89843,1.50,1.50
2017.10.09 12:28:26.008,0.89834,0.89843,1.87,1.50
2017.10.09 12:28:26.258,0.89834,0.89839,1.50,1.00
2017.10.09 12:28:26.360,0.89831,0.89839,2.62,1.00
2017.10.09 12:28:26.411,0.8983,0.89839,2.25,1.12
2017.10.09 12:28:26.870,0.89832,0.89841,1.50,3.37
2017.10.09 12:28:27.385,0.89831,0.89839,1.50,1.00
2017.10.09 12:28:28.451,0.89831,0.89837,1.50,1.00
2017.10.09 12:28:32.497,0.8983,0.89837,1.50,1.00
2017.10.09 12:28:33.186,0.89831,0.89839,2.25,1.00
2017.10.09 12:28:33.492,0.89832,0.89839,1.37,1.00
2017.10.09 12:28:33.544,0.89832,0.89841,1.37,1.00
2017.10.09 12:28:34.054,0.89834,0.89842,1.00,1.00
2017.10.09 12:28:34.912,0.89834,0.89842,1.37,1.00
2017.10.09 12:28:35.603,0.89834,0.89842,1.50,1.00
2017.10.09 12:28:36.173,0.89834,0.89841,1.50,1.00
2017.10.09 12:28:38.285,0.89833,0.8984,1.87,1.00
2017.10.09 12:28:38.540,0.8983,0.89838,2.62,1.00
2017.10.09 12:28:38.693,0.89828,0.89836,1.50,1.00
2017.10.09 12:28:39.199,0.89829,0.89836,1.00,1.00
2017.10.09 12:28:40.333,0.89826,0.89834,3.37,1.00
2017.10.09 12:28:40.435,0.89826,0.89834,1.00,1.12
2017.10.09 12:28:40.951,0.89826,0.89833,1.00,1.00
2017.10.09 12:28:42.230,0.89826,0.89834,1.00,1.50
2017.10.09 12:28:42.755,0.89827,0.89835,1.12,1.00
2017.10.09 12:28:43.348,0.89827,0.89834,1.12,1.00
2017.10.09 12:28:43.936,0.89827,0.89832,1.00,1.00
2017.10.09 12:28:44.420,0.89827,0.89834,1.00,1.00
2017.10.09 12:28:45.040,0.89825,0.89833,1.12,1.00
2017.10.09 12:28:49.503,0.89824,0.89833,1.50,1.87
2017.10.09 12:28:50.158,0.89824,0.89831,1.12,1.00
2017.10.09 12:28:50.543,0.89821,0.89831,1.50,1.87
2017.10.09 12:28:51.052,0.89821,0.89831,1.50,1.50
2017.10.09 12:28:51.103,0.89819,0.89828,4.87,1.00
2017.10.09 12:28:51.429,0.89815,0.89823,2.25,1.00
2017.10.09 12:28:51.741,0.89818,0.89826,1.00,1.50
2017.10.09 12:28:52.097,0.89819,0.89827,1.00,1.50
2017.10.09 12:28:52.606,0.8982,0.89827,1.00,1.50
2017.10.09 12:28:53.260,0.89818,0.89827,1.00,1.87
2017.10.09 12:28:53.790,0.89819,0.89826,1.00,1.00
2017.10.09 12:28:54.462,0.89819,0.89827,1.00,2.25
2017.10.09 12:28:55.003,0.89818,0.89827,1.00,1.87
2017.10.09 12:28:58.098,0.89818,0.89826,1.12,1.00
2017.10.09 12:29:00.050,0.89819,0.89827,1.00,1.50
2017.10.09 12:29:00.254,0.89822,0.89828,1.00,1.37
2017.10.09 12:29:00.356,0.89819,0.89828,1.50,1.00
2017.10.09 12:29:00.458,0.89821,0.89828,1.00,1.12
2017.10.09 12:29:01.146,0.8982,0.89828,1.12,1.12
2017.10.09 12:29:01.918,0.89821,0.89828,1.00,1.00
2017.10.09 12:29:02.223,0.89821,0.8983,1.50,1.00
2017.10.09 12:29:02.750,0.89822,0.89831,1.12,1.00
2017.10.09 12:29:03.192,0.89824,0.89832,1.00,1.00
2017.10.09 12:29:03.933,0.89824,0.89831,1.00,1.00
2017.10.09 12:29:06.071,0.89824,0.8983,1.00,1.00
2017.10.09 12:29:06.173,0.89822,0.89829,1.00,1.00
2017.10.09 12:29:06.439,0.8982,0.89826,1.00,1.00
2017.10.09 12:29:06.949,0.89819,0.89826,1.00,1.00
2017.10.09 12:29:09.015,0.89819,0.89824,1.00,1.00
2017.10.09 12:29:12.296,0.89819,0.89826,1.00,1.50
2017.10.09 12:29:12.849,0.8982,0.89827,1.00,1.00
2017.10.09 12:29:13.375,0.89821,0.89828,1.12,1.00
2017.10.09 12:29:13.602,0.89821,0.8983,1.12,1.12
2017.10.09 12:29:14.111,0.89821,0.89829,1.12,1.00
2017.10.09 12:29:21.102,0.89821,0.8983,1.00,1.50
2017.10.09 12:29:21.891,0.89821,0.89829,1.00,1.00
2017.10.09 12:29:22.660,0.89822,0.8983,1.00,1.12
2017.10.09 12:29:23.270,0.89823,0.8983,1.00,1.00
2017.10.09 12:29:25.824,0.89823,0.89829,1.00,1.00
2017.10.09 12:29:26.699,0.8982,0.89829,2.25,1.00
2017.10.09 12:29:27.128,0.89822,0.89829,1.00,1.00
2017.10.09 12:29:27.732,0.89822,0.89829,1.00,1.37
2017.10.09 12:29:28.270,0.89821,0.89829,1.00,1.50
2017.10.09 12:29:30.134,0.89822,0.89829,1.00,1.00
2017.10.09 12:29:30.236,0.8982,0.89829,2.62,1.00
2017.10.09 12:29:30.767,0.8982,0.89828,1.00,1.12
2017.10.09 12:29:31.085,0.8982,0.89826,1.00,1.00
2017.10.09 12:29:31.238,0.89818,0.89825,1.00,1.00
2017.10.09 12:29:31.851,0.89817,0.89825,1.87,1.00
2017.10.09 12:29:33.175,0.89817,0.89823,1.12,1.00
2017.10.09 12:29:34.034,0.89816,0.89823,1.00,1.00
2017.10.09 12:29:34.860,0.89817,0.89823,1.00,1.00
2017.10.09 12:29:35.385,0.89816,0.89823,1.00,1.00
2017.10.09 12:29:36.237,0.89816,0.89821,1.00,1.00
2017.10.09 12:29:36.781,0.89817,0.89821,1.00,1.00
2017.10.09 12:29:38.932,0.89817,0.89823,1.00,1.00
2017.10.09 12:29:40.442,0.89816,0.89823,1.50,1.12
2017.10.09 12:29:42.909,0.89818,0.89826,1.50,2.62
2017.10.09 12:29:43.239,0.8982,0.89826,1.00,1.12
2017.10.09 12:29:43.933,0.89819,0.89826,1.00,1.00
2017.10.09 12:29:45.352,0.8982,0.89826,1.00,1.00
2017.10.09 12:29:45.509,0.8982,0.89828,1.00,1.50
2017.10.09 12:29:46.031,0.89821,0.89829,1.00,1.00
2017.10.09 12:29:46.541,0.89821,0.89828,1.00,1.00
2017.10.09 12:29:46.592,0.89821,0.8983,1.00,2.62
2017.10.09 12:29:47.722,0.89823,0.89832,1.50,2.25
2017.10.09 12:29:48.379,0.89825,0.8983,1.00,1.00
2017.10.09 12:29:48.597,0.89825,0.89833,1.00,1.50
2017.10.09 12:29:49.857,0.89825,0.89831,1.00,1.00
2017.10.09 12:29:49.959,0.89823,0.89829,1.00,1.00
2017.10.09 12:29:50.189,0.8982,0.89828,1.00,1.12
2017.10.09 12:29:51.986,0.8982,0.89827,1.00,1.00
2017.10.09 12:29:55.045,0.8982,0.89826,1.00,1.00
2017.10.09 12:29:55.669,0.89819,0.89826,1.00,1.12
2017.10.09 12:29:55.761,0.89817,0.89826,1.12,1.12
2017.10.09 12:29:56.067,0.89818,0.89826,2.62,1.00
2017.10.09 12:29:56.272,0.8982,0.89828,1.50,1.50
2017.10.09 12:29:56.527,0.89819,0.89826,1.00,1.00
2017.10.09 12:29:58.335,0.8982,0.89826,1.00,1.00
2017.10.09 12:29:58.438,0.8982,0.89828,1.50,1.50
2017.10.09 12:29:58.977,0.89821,0.89829,1.00,1.12
2017.10.09 12:30:00.538,0.89821,0.89828,1.00,1.00
2017.10.09 12:30:01.044,0.89821,0.89829,1.00,1.00
2017.10.09 12:30:01.147,0.89821,0.89827,1.12,1.50
2017.10.09 12:30:01.675,0.8982,0.89826,1.50,1.00
2017.10.09 12:30:02.193,0.89821,0.89826,1.00,1.00
2017.10.09 12:30:03.718,0.89823,0.89828,1.00,1.00
2017.10.09 12:30:03.844,0.89824,0.8983,1.00,1.12
2017.10.09 12:30:04.409,0.89824,0.89831,1.00,1.12
2017.10.09 12:30:06.167,0.89823,0.89829,1.00,1.00
2017.10.09 12:30:08.797,0.89822,0.89829,1.00,1.50
2017.10.09 12:30:09.325,0.89822,0.89828,1.00,1.00
2017.10.09 12:30:09.991,0.89822,0.89829,1.00,1.00
2017.10.09 12:30:13.218,0.89822,0.89831,1.50,1.87
2017.10.09 12:30:13.722,0.89822,0.89831,1.37,1.00
2017.10.09 12:30:16.143,0.89823,0.8983,1.12,1.00
2017.10.09 12:30:16.653,0.89822,0.89829,1.00,1.00
2017.10.09 12:30:17.161,0.89821,0.89827,1.00,1.00
2017.10.09 12:30:17.713,0.89818,0.89826,1.50,1.00
2017.10.09 12:30:18.244,0.89818,0.89826,1.00,1.00
2017.10.09 12:30:18.574,0.89818,0.89824,1.12,1.00
2017.10.09 12:30:19.081,0.89819,0.89824,1.00,1.00
2017.10.09 12:30:19.445,0.89819,0.89826,1.00,1.00
2017.10.09 12:30:19.958,0.89818,0.89825,1.00,1.00
2017.10.09 12:30:20.531,0.89819,0.89824,1.00,1.00
2017.10.09 12:30:20.582,0.89817,0.89824,1.00,1.00
2017.10.09 12:30:21.255,0.89817,0.89825,1.00,1.00
2017.10.09 12:30:23.825,0.89817,0.89824,1.12,1.00
2017.10.09 12:30:24.368,0.89817,0.89823,1.12,1.00
2017.10.09 12:30:27.242,0.89817,0.89824,1.12,1.00
2017.10.09 12:30:35.761,0.89817,0.89825,1.00,1.00
2017.10.09 12:30:48.947,0.89817,0.89823,1.00,1.00
2017.10.09 12:30:49.531,0.89817,0.89824,1.00,1.12
2017.10.09 12:30:50.262,0.89817,0.89822,1.00,1.50
2017.10.09 12:30:50.822,0.89816,0.8982,1.00,1.00
2017.10.09 12:30:52.441,0.89816,0.89822,1.50,1.50
2017.10.09 12:30:52.624,0.8982,0.89825,1.00,3.00
2017.10.09 12:30:52.675,0.8982,0.89825,1.00,1.00
2017.10.09 12:31:00.461,0.8982,0.89826,1.00,1.87
2017.10.09 12:31:06.144,0.8982,0.89825,1.00,1.00
2017.10.09 12:31:09.553,0.89818,0.89824,1.00,1.50
2017.10.09 12:31:09.656,0.89816,0.89821,1.00,1.00
2017.10.09 12:31:10.206,0.89815,0.89821,1.00,1.00
2017.10.09 12:31:10.722,0.89814,0.89821,1.00,1.50
2017.10.09 12:31:12.231,0.89814,0.8982,1.00,1.00
2017.10.09 12:31:13.458,0.89816,0.89823,1.00,1.50
2017.10.09 12:31:13.611,0.89817,0.89824,1.50,1.12
2017.10.09 12:31:14.916,0.89817,0.89824,1.00,1.37
2017.10.09 12:31:15.019,0.89815,0.89822,1.12,1.00
2017.10.09 12:31:17.918,0.89815,0.89823,1.00,1.00
2017.10.09 12:31:18.019,0.89817,0.89823,1.00,1.00
2017.10.09 12:31:18.409,0.89817,0.89825,1.50,1.12
2017.10.09 12:31:19.206,0.89817,0.89825,1.00,3.00
2017.10.09 12:31:20.572,0.89816,0.89825,1.50,2.62
2017.10.09 12:31:22.076,0.89817,0.89825,1.00,1.50
2017.10.09 12:31:22.229,0.89817,0.89825,1.00,1.12
2017.10.09 12:31:22.748,0.89818,0.89825,1.00,1.50
2017.10.09 12:31:23.509,0.89818,0.89825,1.00,1.12
2017.10.09 12:31:27.240,0.89818,0.89824,1.00,1.00
2017.10.09 12:31:27.292,0.89816,0.89824,1.50,1.00
2017.10.09 12:31:27.344,0.89816,0.89822,1.50,1.00
2017.10.09 12:31:27.855,0.89816,0.89821,1.50,1.00
2017.10.09 12:31:29.795,0.89815,0.89821,1.50,1.00
2017.10.09 12:31:30.312,0.89815,0.89822,1.00,1.00
2017.10.09 12:31:30.856,0.89815,0.89823,1.00,1.00
2017.10.09 12:31:31.394,0.89815,0.89822,1.00,1.00
2017.10.09 12:31:32.126,0.89815,0.89821,1.00,1.00
2017.10.09 12:31:32.644,0.89815,0.89822,1.00,1.00
2017.10.09 12:31:36.947,0.89819,0.89824,1.00,1.00
2017.10.09 12:31:46.526,0.89819,0.89825,1.00,1.00
2017.10.09 12:32:02.211,0.89817,0.89824,1.00,1.12
2017.10.09 12:32:02.263,0.89815,0.89822,1.12,1.00
2017.10.09 12:32:08.476,0.89815,0.89823,1.00,1.12
2017.10.09 12:32:15.396,0.89815,0.89823,1.00,2.25
2017.10.09 12:32:18.990,0.89815,0.89821,1.00,1.00
2017.10.09 12:32:19.556,0.89814,0.89821,1.00,1.00
2017.10.09 12:32:33.176,0.89812,0.8982,1.00,1.00
2017.10.09 12:32:33.697,0.89811,0.89819,1.00,1.87
2017.10.09 12:32:34.394,0.89811,0.89818,1.00,1.12
2017.10.09 12:32:35.848,0.89812,0.89818,1.00,1.00
2017.10.09 12:32:39.334,0.89812,0.8982,1.00,1.00
2017.10.09 12:32:41.136,0.89812,0.89819,1.00,1.00
2017.10.09 12:32:41.743,0.89812,0.8982,1.00,1.12
2017.10.09 12:32:53.285,0.89814,0.89822,1.00,1.87
2017.10.09 12:32:53.884,0.89814,0.89822,1.00,1.50
2017.10.09 12:32:55.789,0.89814,0.8982,1.00,1.00
2017.10.09 12:33:03.146,0.89814,0.89821,1.00,2.25
2017.10.09 12:33:03.468,0.89812,0.89819,1.00,1.00
2017.10.09 12:33:04.628,0.89812,0.8982,1.50,1.50
2017.10.09 12:33:05.193,0.89812,0.89819,1.50,1.00
2017.10.09 12:33:05.244,0.89812,0.89821,1.50,1.12
2017.10.09 12:33:06.059,0.89812,0.8982,1.50,1.12
2017.10.09 12:33:06.623,0.89812,0.89821,1.50,1.00
2017.10.09 12:33:07.148,0.89814,0.89821,1.00,1.00
2017.10.09 12:33:09.739,0.89812,0.89821,2.25,1.00
2017.10.09 12:33:12.233,0.89812,0.89822,2.25,1.12
2017.10.09 12:33:12.815,0.89812,0.89822,2.62,1.12
2017.10.09 12:33:13.745,0.89812,0.89822,2.25,1.87
2017.10.09 12:33:15.720,0.89813,0.89822,1.00,1.87
2017.10.09 12:33:17.617,0.89813,0.89821,1.00,1.00
2017.10.09 12:33:18.231,0.89812,0.89822,2.25,1.12
2017.10.09 12:33:20.259,0.89812,0.89822,3.00,1.37
2017.10.09 12:33:21.894,0.89812,0.89822,3.00,1.00
2017.10.09 12:33:23.085,0.89815,0.89822,1.00,1.00
2017.10.09 12:33:23.187,0.89816,0.89824,1.00,1.00
2017.10.09 12:33:25.474,0.89816,0.89825,1.00,2.62
2017.10.09 12:33:25.994,0.89816,0.89824,1.50,1.00
2017.10.09 12:33:27.391,0.89817,0.89824,1.00,1.00
2017.10.09 12:33:27.725,0.89817,0.89826,1.00,1.50
2017.10.09 12:33:28.261,0.89816,0.89826,2.25,1.50
2017.10.09 12:33:28.792,0.89817,0.89826,1.00,1.50
2017.10.09 12:33:30.080,0.89816,0.89826,2.25,1.50
2017.10.09 12:33:30.183,0.89815,0.89822,1.50,1.00
2017.10.09 12:33:30.437,0.89813,0.89821,1.12,1.00
2017.10.09 12:33:30.968,0.89811,0.8982,2.25,1.00
2017.10.09 12:33:31.071,0.89813,0.89822,1.12,1.12
2017.10.09 12:33:31.388,0.89816,0.89823,1.00,1.12
2017.10.09 12:33:31.897,0.89816,0.89824,1.00,1.50
2017.10.09 12:33:32.202,0.89818,0.89824,1.00,1.00
2017.10.09 12:33:33.757,0.89819,0.89826,1.00,1.12
2017.10.09 12:33:34.285,0.89819,0.89825,1.00,1.00
2017.10.09 12:33:35.034,0.89819,0.89826,1.00,1.00
2017.10.09 12:33:35.703,0.89819,0.89825,1.00,1.00
2017.10.09 12:33:36.384,0.89819,0.89826,1.00,1.00
2017.10.09 12:33:38.945,0.89819,0.89825,1.00,1.00
2017.10.09 12:33:40.431,0.89818,0.89823,1.00,1.00
2017.10.09 12:33:41.175,0.89816,0.89823,1.00,1.12
2017.10.09 12:33:41.699,0.89816,0.89824,1.00,1.50
2017.10.09 12:33:43.887,0.89816,0.89823,1.00,1.00
2017.10.09 12:33:48.127,0.89816,0.89824,1.00,1.87
2017.10.09 12:33:50.097,0.89816,0.89823,1.00,1.00
2017.10.09 12:33:50.940,0.89816,0.89824,1.00,1.00
2017.10.09 12:33:52.447,0.89816,0.89825,1.00,1.87
2017.10.09 12:33:52.651,0.89818,0.89826,1.00,1.87
2017.10.09 12:33:57.235,0.89819,0.89825,1.00,1.00
2017.10.09 12:33:59.297,0.89818,0.89825,1.00,1.50
2017.10.09 12:34:00.010,0.89818,0.89824,1.00,1.00
2017.10.09 12:34:00.366,0.89816,0.89823,1.00,1.00
2017.10.09 12:34:09.660,0.89816,0.89825,1.00,3.00
2017.10.09 12:34:10.295,0.89816,0.89824,1.00,1.00
2017.10.09 12:34:16.703,0.8982,0.89825,1.00,1.00
2017.10.09 12:34:16.923,0.8982,0.89828,1.12,1.12
2017.10.09 12:34:17.485,0.89821,0.89829,1.00,2.62
2017.10.09 12:34:17.946,0.89824,0.8983,1.00,2.62
2017.10.09 12:34:17.997,0.89824,0.89831,1.00,1.50
2017.10.09 12:34:19.509,0.89824,0.89831,1.00,1.50
2017.10.09 12:34:20.799,0.89824,0.89831,1.00,4.12
2017.10.09 12:34:21.437,0.89824,0.89831,1.00,2.25
2017.10.09 12:34:22.300,0.89824,0.89831,1.50,1.50
2017.10.09 12:34:27.223,0.89825,0.89832,1.00,1.00
2017.10.09 12:34:27.758,0.89825,0.89833,1.00,1.12
2017.10.09 12:34:30.334,0.89827,0.89835,1.50,1.50
2017.10.09 12:34:30.640,0.8983,0.89838,1.00,1.50
2017.10.09 12:34:32.648,0.8983,0.89837,1.00,1.00
2017.10.09 12:34:33.625,0.8983,0.89837,1.00,1.37
2017.10.09 12:34:37.937,0.8983,0.89837,1.00,1.12
2017.10.09 12:34:38.212,0.89827,0.89833,1.00,1.50
2017.10.09 12:34:38.564,0.89826,0.89831,1.00,1.00
2017.10.09 12:34:39.097,0.89826,0.89833,1.00,2.62
2017.10.09 12:34:39.644,0.89826,0.89833,1.00,3.00
2017.10.09 12:34:40.458,0.89827,0.89833,1.00,1.00
2017.10.09 12:34:40.662,0.89827,0.89836,1.00,1.12
2017.10.09 12:34:41.198,0.89827,0.89835,1.00,1.12
2017.10.09 12:34:41.251,0.89829,0.89836,1.00,1.50
2017.10.09 12:34:41.760,0.89829,0.89834,1.00,1.00
2017.10.09 12:34:42.077,0.89827,0.89834,1.00,1.12
2017.10.09 12:34:42.890,0.89827,0.89834,1.00,1.37
2017.10.09 12:34:43.434,0.89829,0.89834,1.00,1.37
2017.10.09 12:34:43.485,0.89828,0.89834,1.00,1.37
2017.10.09 12:34:44.003,0.89828,0.89834,1.00,1.12
2017.10.09 12:34:44.911,0.89825,0.89832,1.00,1.00
2017.10.09 12:34:47.714,0.89825,0.89833,1.00,2.62
2017.10.09 12:34:48.408,0.89825,0.89833,1.00,2.25
2017.10.09 12:34:48.957,0.89825,0.89833,1.00,1.12
2017.10.09 12:34:51.992,0.89825,0.89832,1.00,1.00
2017.10.09 12:34:52.695,0.89825,0.89834,1.00,1.87
2017.10.09 12:34:53.196,0.89825,0.89834,1.00,1.00
2017.10.09 12:34:55.254,0.89827,0.89835,1.00,1.87
2017.10.09 12:34:55.583,0.89827,0.89836,1.00,1.12
2017.10.09 12:34:55.815,0.89829,0.89836,1.00,1.12
2017.10.09 12:34:56.988,0.89832,0.89838,1.00,3.75
2017.10.09 12:34:57.614,0.89832,0.89838,1.00,3.00
2017.10.09 12:35:02.186,0.89829,0.89838,1.00,2.25
2017.10.09 12:35:02.607,0.89829,0.89835,1.00,1.50
2017.10.09 12:35:02.862,0.89826,0.89834,1.00,1.12
2017.10.09 12:35:04.436,0.89826,0.89835,1.00,1.87
2017.10.09 12:35:05.049,0.89826,0.89835,1.00,2.25
2017.10.09 12:35:07.672,0.89826,0.89833,1.00,1.00
2017.10.09 12:35:11.847,0.89826,0.89832,1.00,1.00
2017.10.09 12:35:11.898,0.89825,0.89829,1.12,1.00
2017.10.09 12:35:11.949,0.89823,0.89829,1.50,1.00
2017.10.09 12:35:12.458,0.89823,0.89828,1.00,1.12
2017.10.09 12:35:13.408,0.89823,0.89827,1.00,1.00
2017.10.09 12:35:13.909,0.89823,0.89828,1.00,1.50
2017.10.09 12:35:14.417,0.89821,0.89828,1.00,1.50
2017.10.09 12:35:15.611,0.89817,0.89828,3.37,1.50
2017.10.09 12:35:16.257,0.89821,0.89831,1.00,3.37
2017.10.09 12:35:16.735,0.89821,0.89831,2.25,1.00
2017.10.09 12:35:18.137,0.89821,0.89832,2.62,2.62
2017.10.09 12:35:18.852,0.89821,0.89832,1.50,3.00
2017.10.09 12:35:23.644,0.89822,0.89831,1.00,1.50
2017.10.09 12:35:25.798,0.89821,0.89831,1.50,1.12
2017.10.09 12:35:26.398,0.89821,0.89831,1.87,1.50
2017.10.09 12:35:26.928,0.89821,0.89831,1.50,1.87
2017.10.09 12:35:28.580,0.89821,0.89831,1.87,1.50
2017.10.09 12:35:29.003,0.89821,0.89829,2.25,1.00
2017.10.09 12:35:29.511,0.89821,0.8983,2.25,1.50
2017.10.09 12:35:30.195,0.89822,0.8983,1.00,1.00
2017.10.09 12:35:30.723,0.89821,0.8983,2.25,1.00
2017.10.09 12:35:31.295,0.89821,0.89829,2.62,1.00
2017.10.09 12:35:33.892,0.8982,0.89826,1.12,1.00
2017.10.09 12:35:34.168,0.89816,0.89826,3.37,1.87
2017.10.09 12:35:34.673,0.89817,0.89826,1.12,1.50
2017.10.09 12:35:36.600,0.89817,0.89826,1.50,1.87
2017.10.09 12:35:37.115,0.89816,0.89825,4.87,1.00
2017.10.09 12:35:38.118,0.89817,0.89825,3.37,1.12
2017.10.09 12:35:38.169,0.89817,0.89825,1.87,1.12
2017.10.09 12:35:48.377,0.89816,0.89824,2.25,1.00
2017.10.09 12:35:53.947,0.89816,0.89825,2.25,1.50
2017.10.09 12:35:56.696,0.89816,0.89823,2.25,1.00
2017.10.09 12:35:58.615,0.89815,0.89824,2.25,1.50
2017.10.09 12:35:59.917,0.89815,0.89824,2.25,1.50
2017.10.09 12:36:00.420,0.89816,0.89824,1.00,1.50
2017.10.09 12:36:01.220,0.89815,0.89823,2.25,1.00
2017.10.09 12:36:01.376,0.89812,0.89821,2.62,1.50
2017.10.09 12:36:04.705,0.89812,0.8982,3.00,1.00
2017.10.09 12:36:05.239,0.89812,0.89819,1.50,1.00
2017.10.09 12:36:10.755,0.89812,0.89819,3.00,1.00
2017.10.09 12:36:11.849,0.89812,0.89817,1.50,1.00
2017.10.09 12:36:12.053,0.89811,0.8982,1.87,1.12
2017.10.09 12:36:12.105,0.89815,0.8982,1.00,1.12
2017.10.09 12:36:12.691,0.89815,0.89821,1.00,1.00
2017.10.09 12:36:13.238,0.89815,0.8982,1.00,1.00
2017.10.09 12:36:19.152,0.89817,0.89822,1.00,1.00
2017.10.09 12:36:19.459,0.89815,0.89822,1.00,1.00
2017.10.09 12:36:20.856,0.89815,0.89821,1.00,1.00
2017.10.09 12:36:30.333,0.89815,0.89822,1.00,2.25
2017.10.09 12:36:33.685,0.89815,0.89821,1.00,1.00
2017.10.09 12:36:34.210,0.89815,0.89822,1.00,1.50
2017.10.09 12:36:38.754,0.89815,0.89821,1.00,1.00
2017.10.09 12:36:41.106,0.89815,0.89822,1.00,1.12
2017.10.09 12:36:42.501,0.89815,0.89823,1.00,1.50
2017.10.09 12:36:43.018,0.89815,0.89822,1.00,1.00
2017.10.09 12:36:46.342,0.89815,0.89821,1.00,1.00
2017.10.09 12:36:48.535,0.89815,0.89822,1.00,1.00
2017.10.09 12:36:52.444,0.89815,0.89823,1.12,1.00
2017.10.09 12:36:53.073,0.89815,0.89821,1.00,1.00
2017.10.09 12:36:54.253,0.89815,0.8982,1.00,1.00
2017.10.09 12:36:57.237,0.89815,0.89821,1.00,1.00
2017.10.09 12:37:01.792,0.89815,0.89822,1.00,1.12
2017.10.09 12:37:02.199,0.89815,0.89821,1.00,1.87
2017.10.09 12:37:02.704,0.89815,0.89821,1.00,1.00
2017.10.09 12:37:03.254,0.89815,0.89822,1.00,1.87
2017.10.09 12:37:03.793,0.89815,0.89821,1.00,1.12
2017.10.09 12:37:06.015,0.89815,0.8982,1.00,1.00
2017.10.09 12:37:08.927,0.89815,0.89822,1.00,1.50
2017.10.09 12:37:13.798,0.89815,0.89822,1.00,1.87
2017.10.09 12:37:18.360,0.89813,0.89819,1.00,1.50
2017.10.09 12:37:18.627,0.8981,0.89817,1.00,1.12
2017.10.09 12:37:19.314,0.8981,0.89816,1.00,1.00
2017.10.09 12:37:24.442,0.89811,0.89818,1.00,2.25
2017.10.09 12:37:25.121,0.89811,0.89818,1.00,1.87
2017.10.09 12:37:26.865,0.89811,0.89817,1.00,1.00
2017.10.09 12:37:26.917,0.89809,0.89816,1.12,1.00
2017.10.09 12:37:27.662,0.89809,0.89815,1.00,1.00
2017.10.09 12:37:36.949,0.89807,0.89815,1.00,1.50
2017.10.09 12:37:42.706,0.89807,0.89816,1.50,1.12
2017.10.09 12:37:49.301,0.89806,0.89811,1.00,1.00
2017.10.09 12:37:49.505,0.89804,0.89811,1.00,1.87
2017.10.09 12:37:50.428,0.89802,0.8981,1.00,1.12
2017.10.09 12:37:51.158,0.89802,0.89809,1.00,1.00
2017.10.09 12:37:52.077,0.89801,0.89809,1.12,1.50
2017.10.09 12:37:59.689,0.89803,0.89809,1.00,1.00
2017.10.09 12:38:00.226,0.89803,0.8981,1.00,1.50
2017.10.09 12:38:00.893,0.89803,0.89811,1.00,1.87
2017.10.09 12:38:01.779,0.89803,0.89812,1.00,2.62
2017.10.09 12:38:02.107,0.89805,0.89813,1.00,1.12
2017.10.09 12:38:03.092,0.89807,0.89813,1.00,1.00
2017.10.09 12:38:04.746,0.89807,0.89812,1.00,1.00
2017.10.09 12:38:05.377,0.89806,0.8981,1.00,1.00
2017.10.09 12:38:05.592,0.89807,0.89812,1.00,1.00
2017.10.09 12:38:05.901,0.89805,0.89811,1.00,1.00
2017.10.09 12:38:07.069,0.89804,0.89811,1.00,1.87
2017.10.09 12:38:08.776,0.89804,0.89811,1.00,3.00
2017.10.09 12:38:09.288,0.89804,0.8981,1.00,1.50
2017.10.09 12:38:14.433,0.89804,0.89809,1.00,1.50
2017.10.09 12:38:15.208,0.89802,0.8981,1.00,2.25
2017.10.09 12:38:41.855,0.89802,0.89808,1.00,1.37
2017.10.09 12:38:51.174,0.89802,0.89808,1.00,1.12
2017.10.09 12:38:57.251,0.89799,0.89805,1.00,1.00
2017.10.09 12:38:57.407,0.89797,0.89805,1.50,1.50
2017.10.09 12:38:57.998,0.89797,0.89804,1.50,1.00
2017.10.09 12:38:59.007,0.89797,0.89804,1.50,1.37
2017.10.09 12:38:59.563,0.89797,0.89804,1.50,1.00
2017.10.09 12:39:00.111,0.89796,0.89803,1.00,1.50
2017.10.09 12:39:03.276,0.89796,0.89802,1.00,1.00
2017.10.09 12:39:03.794,0.89796,0.89804,1.00,2.25
2017.10.09 12:39:04.788,0.89798,0.89804,1.00,2.25
2017.10.09 12:39:10.044,0.89798,0.89804,1.00,4.87
2017.10.09 12:39:21.528,0.898,0.89804,1.00,2.62
2017.10.09 12:39:21.579,0.898,0.89806,1.00,3.37
2017.10.09 12:39:21.681,0.898,0.89806,1.00,1.12
2017.10.09 12:39:22.190,0.898,0.89806,1.00,1.50
2017.10.09 12:39:22.657,0.898,0.89807,1.00,1.12
2017.10.09 12:39:23.583,0.898,0.89806,1.00,1.37
2017.10.09 12:39:25.055,0.89799,0.89804,1.00,2.25
2017.10.09 12:39:25.817,0.89798,0.89804,1.00,4.12
2017.10.09 12:39:28.515,0.89799,0.89804,1.00,1.87
2017.10.09 12:39:39.537,0.898,0.89805,1.00,1.00
2017.10.09 12:39:39.639,0.898,0.89807,1.00,2.25
2017.10.09 12:39:39.779,0.89801,0.89806,1.00,1.50
2017.10.09 12:39:39.932,0.89803,0.89808,1.00,1.00
2017.10.09 12:39:40.150,0.89805,0.89809,1.00,1.00
2017.10.09 12:39:43.654,0.89799,0.89804,1.00,1.00
2017.10.09 12:39:43.706,0.89799,0.89803,1.00,1.00
2017.10.09 12:39:43.958,0.89796,0.89803,1.00,1.12
2017.10.09 12:39:44.264,0.89795,0.89803,1.00,1.87
2017.10.09 12:39:44.315,0.89796,0.89803,1.00,1.50
2017.10.09 12:39:44.519,0.898,0.89804,1.00,1.87
2017.10.09 12:39:44.946,0.89797,0.89804,1.00,1.50
2017.10.09 12:39:47.829,0.89799,0.89805,1.00,3.37
2017.10.09 12:39:47.881,0.89797,0.89803,1.00,1.12
2017.10.09 12:39:48.387,0.89797,0.89802,1.00,1.87
2017.10.09 12:39:48.895,0.89797,0.89801,1.00,1.00
2017.10.09 12:39:51.037,0.89796,0.898,1.00,1.00
2017.10.09 12:39:51.194,0.89794,0.89798,1.00,1.12
2017.10.09 12:39:51.297,0.89793,0.89798,1.00,1.87
2017.10.09 12:39:51.442,0.89791,0.89797,1.00,2.62
2017.10.09 12:39:51.544,0.89793,0.89799,1.00,1.87
2017.10.09 12:39:52.087,0.89793,0.89798,1.00,1.50
2017.10.09 12:39:52.716,0.89793,0.89799,1.00,1.00
2017.10.09 12:39:53.230,0.89793,0.898,1.00,1.12
2017.10.09 12:39:55.545,0.89796,0.89802,1.00,3.75
2017.10.09 12:39:58.178,0.89796,0.89801,1.00,1.12
2017.10.09 12:39:58.718,0.89796,0.898,1.00,1.00
2017.10.09 12:39:59.296,0.89796,0.89801,1.00,1.12
2017.10.09 12:40:00.576,0.89796,0.89803,1.50,1.50
2017.10.09 12:40:00.780,0.89796,0.89804,2.25,1.00
2017.10.09 12:40:00.832,0.89799,0.89805,1.00,1.50
2017.10.09 12:40:01.350,0.89799,0.89804,1.00,1.00
2017.10.09 12:40:03.666,0.89799,0.89805,1.00,1.50
2017.10.09 12:40:04.945,0.89799,0.89806,1.00,1.12
2017.10.09 12:40:05.359,0.89799,0.89804,1.00,1.00
2017.10.09 12:40:14.397,0.898,0.89807,1.00,1.12
2017.10.09 12:40:14.448,0.89802,0.89809,1.00,2.25
2017.10.09 12:40:14.500,0.89802,0.89809,1.00,1.00
2017.10.09 12:40:16.532,0.89802,0.8981,1.00,1.12
2017.10.09 12:40:17.046,0.89802,0.89809,1.00,1.00
2017.10.09 12:40:17.632,0.89802,0.8981,1.00,1.50
2017.10.09 12:40:18.620,0.89802,0.89809,1.00,1.00
2017.10.09 12:40:19.127,0.89802,0.8981,1.00,1.87
2017.10.09 12:40:23.327,0.89803,0.89812,1.50,1.50
2017.10.09 12:40:23.379,0.89806,0.89813,1.00,3.75
2017.10.09 12:40:23.482,0.89806,0.89813,1.00,1.37
2017.10.09 12:40:23.706,0.89807,0.89815,1.00,3.00
2017.10.09 12:40:24.247,0.89807,0.89815,1.00,1.87
2017.10.09 12:40:25.074,0.89807,0.89815,1.00,3.00
2017.10.09 12:40:25.125,0.89807,0.89815,1.00,1.12
2017.10.09 12:40:25.559,0.89807,0.89813,1.00,1.00
2017.10.09 12:40:26.080,0.89807,0.89812,1.00,1.00
2017.10.09 12:40:27.449,0.89807,0.89814,1.00,2.62
2017.10.09 12:40:28.201,0.89807,0.89811,1.00,1.00
2017.10.09 12:40:29.050,0.89807,0.89813,1.00,1.00
2017.10.09 12:40:29.617,0.89807,0.89812,1.00,1.00
2017.10.09 12:40:30.446,0.89807,0.89813,1.00,1.12
2017.10.09 12:40:32.139,0.89807,0.89812,1.00,1.00
2017.10.09 12:40:33.104,0.89807,0.89813,1.00,1.50
2017.10.09 12:40:33.653,0.89807,0.89814,1.00,1.50
2017.10.09 12:40:34.193,0.89807,0.89813,1.00,1.12
2017.10.09 12:40:34.727,0.89807,0.89812,1.00,1.00
2017.10.09 12:40:35.455,0.89807,0.89813,1.00,1.12
2017.10.09 12:40:35.842,0.89807,0.89815,1.00,2.25
2017.10.09 12:40:36.946,0.89809,0.89815,1.00,1.12
2017.10.09 12:40:37.457,0.89808,0.89814,1.00,1.12
2017.10.09 12:40:39.383,0.89808,0.89815,1.00,1.12
2017.10.09 12:40:39.908,0.89808,0.89814,1.00,1.00
2017.10.09 12:40:40.455,0.89808,0.89814,1.00,1.37
2017.10.09 12:40:41.745,0.89808,0.89814,1.00,1.12
2017.10.09 12:40:43.601,0.89808,0.89815,1.00,1.00
2017.10.09 12:40:44.052,0.8981,0.89816,1.00,1.00
2017.10.09 12:40:44.654,0.89811,0.89817,1.00,1.00
2017.10.09 12:40:45.044,0.89811,0.89819,1.00,1.87
2017.10.09 12:40:45.597,0.89812,0.89819,1.00,1.50
2017.10.09 12:40:47.839,0.89813,0.89819,1.00,1.00
2017.10.09 12:40:48.382,0.89813,0.8982,1.00,1.00
2017.10.09 12:40:51.569,0.89814,0.89821,1.00,1.50
2017.10.09 12:40:53.071,0.89814,0.89819,1.00,1.00
2017.10.09 12:40:55.451,0.89814,0.89821,1.00,1.50
2017.10.09 12:40:55.955,0.89814,0.89821,1.00,1.00
2017.10.09 12:40:59.021,0.89814,0.89819,1.00,1.00
2017.10.09 12:41:02.881,0.89814,0.8982,1.00,1.12
2017.10.09 12:41:03.601,0.89814,0.89819,1.00,1.12
2017.10.09 12:41:08.503,0.89814,0.89819,1.00,1.87
2017.10.09 12:41:08.842,0.89812,0.89816,1.00,1.00
2017.10.09 12:41:09.234,0.89809,0.89816,1.00,1.12
2017.10.09 12:41:09.829,0.89807,0.89815,3.00,1.00
2017.10.09 12:41:12.241,0.89807,0.89816,3.00,1.00
2017.10.09 12:41:12.750,0.89807,0.89817,3.00,1.50
2017.10.09 12:41:12.985,0.8981,0.89818,1.00,1.00
2017.10.09 12:41:13.593,0.8981,0.89819,1.00,1.00
2017.10.09 12:41:13.931,0.89807,0.89815,1.87,1.12
2017.10.09 12:41:19.076,0.89805,0.89815,1.00,1.87
2017.10.09 12:41:20.494,0.8981,0.89815,1.00,1.87
2017.10.09 12:41:21.098,0.8981,0.89814,1.00,1.00
2017.10.09 12:41:21.483,0.89811,0.89817,1.00,3.75
2017.10.09 12:41:21.636,0.89814,0.89819,1.00,1.50
2017.10.09 12:41:27.708,0.89814,0.89819,1.00,1.50
2017.10.09 12:41:29.237,0.89814,0.89819,1.00,1.50
2017.10.09 12:41:30.429,0.89815,0.8982,1.00,3.00
2017.10.09 12:41:35.802,0.8981,0.89815,1.50,1.00
2017.10.09 12:41:35.856,0.89812,0.89816,1.00,1.50
2017.10.09 12:41:36.847,0.89812,0.89816,1.00,1.87
2017.10.09 12:41:42.447,0.89811,0.89815,1.00,1.00
2017.10.09 12:41:42.688,0.89808,0.89814,1.00,1.00
2017.10.09 12:41:48.227,0.89811,0.89816,1.00,2.62
2017.10.09 12:41:53.759,0.89808,0.89813,1.00,1.00
2017.10.09 12:41:53.934,0.89806,0.8981,1.12,1.00
2017.10.09 12:41:54.463,0.89805,0.89809,1.00,1.00
2017.10.09 12:41:55.864,0.89806,0.8981,1.00,1.00
2017.10.09 12:41:56.390,0.89805,0.8981,1.00,1.37
2017.10.09 12:41:56.600,0.89807,0.89811,1.00,1.50
2017.10.09 12:41:56.926,0.8981,0.89814,1.00,1.50
2017.10.09 12:41:57.555,0.89809,0.89813,1.00,1.00
2017.10.09 12:42:01.161,0.8981,0.89814,1.00,1.12
2017.10.09 12:42:03.637,0.8981,0.89815,1.00,2.25
2017.10.09 12:42:04.303,0.8981,0.89815,1.00,2.62
2017.10.09 12:42:05.333,0.8981,0.89815,1.00,1.50
2017.10.09 12:42:05.486,0.89812,0.89816,1.00,1.50
2017.10.09 12:42:06.011,0.89812,0.89816,1.00,1.12
2017.10.09 12:42:07.351,0.89813,0.89818,1.00,1.12
2017.10.09 12:42:07.402,0.89815,0.89819,1.00,1.87
2017.10.09 12:42:08.750,0.89812,0.89816,1.00,1.00
2017.10.09 12:42:09.326,0.89811,0.89815,1.00,1.00
2017.10.09 12:42:11.321,0.89808,0.89815,1.20,1.12
2017.10.09 12:42:14.667,0.89812,0.89816,1.00,1.50
2017.10.09 12:42:17.451,0.89813,0.89818,1.00,6.00
2017.10.09 12:42:17.756,0.89807,0.89811,1.00,1.00
2017.10.09 12:42:17.960,0.89809,0.89813,1.00,1.50
2017.10.09 12:42:19.029,0.89808,0.89812,1.00,1.00
2017.10.09 12:42:24.712,0.89807,0.89811,1.00,1.00
2017.10.09 12:42:24.814,0.89809,0.89813,1.00,1.87
2017.10.09 12:42:25.018,0.89811,0.89816,1.00,1.87
2017.10.09 12:42:30.128,0.89811,0.89815,1.00,1.00
2017.10.09 12:42:35.042,0.89811,0.89816,1.00,2.25
2017.10.09 12:42:37.401,0.8981,0.89816,1.00,2.62
2017.10.09 12:42:38.567,0.89811,0.89816,1.00,2.25
2017.10.09 12:42:39.696,0.89811,0.89816,1.00,2.25
2017.10.09 12:42:41.610,0.89811,0.89816,1.00,2.25
2017.10.09 12:42:42.473,0.89811,0.89815,1.00,1.00
2017.10.09 12:42:42.980,0.89811,0.89817,1.00,1.50
2017.10.09 12:42:43.487,0.89811,0.89817,1.00,1.50
2017.10.09 12:42:44.563,0.89811,0.89815,1.00,1.00
2017.10.09 12:42:44.855,0.89811,0.89817,1.00,1.50
2017.10.09 12:42:45.945,0.89811,0.89815,1.00,1.00
2017.10.09 12:42:46.459,0.89811,0.89816,1.00,1.00
2017.10.09 12:42:55.097,0.89811,0.89818,1.00,1.87
2017.10.09 12:42:55.605,0.89811,0.89817,1.00,1.37
2017.10.09 12:42:56.435,0.89811,0.89817,1.00,1.12
2017.10.09 12:42:58.863,0.89811,0.89816,1.00,1.00
2017.10.09 12:43:01.799,0.89811,0.89817,1.00,1.12
2017.10.09 12:43:03.402,0.89811,0.89816,1.00,1.00
2017.10.09 12:43:04.545,0.89811,0.89817,1.00,1.12
2017.10.09 12:43:05.075,0.89811,0.89816,1.00,1.00
2017.10.09 12:43:05.738,0.89811,0.89816,1.00,1.37
2017.10.09 12:43:07.138,0.89811,0.89816,1.00,1.00
2017.10.09 12:43:18.800,0.89811,0.89816,1.00,1.50
2017.10.09 12:43:23.578,0.89811,0.89816,1.00,1.50
2017.10.09 12:43:25.154,0.89807,0.89816,1.12,1.12
2017.10.09 12:43:25.308,0.89809,0.89817,1.00,1.37
2017.10.09 12:43:25.380,0.8981,0.89818,1.00,1.00
2017.10.09 12:43:25.949,0.89809,0.89817,1.00,1.12
2017.10.09 12:43:26.922,0.89808,0.89817,1.12,1.87
2017.10.09 12:43:27.864,0.89808,0.89815,1.12,1.00
2017.10.09 12:43:28.092,0.89808,0.89817,1.12,2.62
2017.10.09 12:43:28.309,0.89808,0.89815,1.12,1.00
2017.10.09 12:43:28.504,0.89808,0.89817,1.12,2.25
2017.10.09 12:43:29.048,0.89808,0.89816,1.12,1.00
2017.10.09 12:43:29.989,0.89808,0.89815,1.12,1.00
2017.10.09 12:43:33.366,0.89808,0.89816,1.00,1.00
2017.10.09 12:43:38.345,0.89807,0.89816,1.00,1.00
2017.10.09 12:43:38.895,0.89807,0.89815,1.00,1.12
2017.10.09 12:43:40.009,0.89809,0.89816,1.00,1.37
2017.10.09 12:43:40.693,0.89809,0.89816,1.00,1.00
2017.10.09 12:43:41.229,0.89808,0.89816,1.00,1.00
2017.10.09 12:43:44.787,0.89809,0.89816,1.00,1.00
2017.10.09 12:43:45.298,0.89809,0.89817,1.00,1.12
2017.10.09 12:43:49.355,0.89809,0.89816,1.00,1.00
2017.10.09 12:43:50.876,0.89808,0.89816,1.00,1.12
2017.10.09 12:43:51.384,0.89808,0.89815,1.00,1.00
2017.10.09 12:43:52.296,0.89807,0.89815,1.12,1.50
2017.10.09 12:43:53.032,0.89808,0.89815,1.00,1.00
2017.10.09 12:43:55.143,0.89807,0.89815,1.12,1.00
2017.10.09 12:43:55.652,0.89807,0.89815,1.37,1.50
2017.10.09 12:43:58.106,0.89809,0.89815,1.00,1.50
2017.10.09 12:43:58.741,0.89807,0.89815,1.37,1.50
2017.10.09 12:44:00.968,0.89809,0.89815,1.00,1.50
2017.10.09 12:44:01.496,0.89808,0.89815,1.12,1.50
2017.10.09 12:44:02.440,0.89809,0.89815,1.00,1.50
2017.10.09 12:44:02.951,0.89808,0.89815,1.12,1.50
2017.10.09 12:44:06.093,0.89809,0.89815,1.00,1.00
2017.10.09 12:44:06.870,0.89808,0.89815,1.00,1.00
2017.10.09 12:44:10.326,0.89809,0.89815,1.00,1.00
2017.10.09 12:44:17.570,0.89809,0.89816,1.00,1.00
2017.10.09 12:44:18.121,0.89809,0.89815,1.00,1.00
2017.10.09 12:44:22.645,0.89809,0.89816,1.00,1.00
2017.10.09 12:44:24.700,0.89809,0.89814,1.50,1.00
2017.10.09 12:44:34.234,0.89809,0.89815,1.50,1.00
2017.10.09 12:44:35.094,0.89809,0.89814,1.50,1.00
2017.10.09 12:44:35.646,0.89809,0.89816,1.50,2.25
2017.10.09 12:44:35.850,0.89812,0.89817,1.00,1.00
2017.10.09 12:44:35.952,0.89812,0.89819,1.00,1.50
2017.10.09 12:44:36.054,0.89814,0.8982,1.00,1.12
2017.10.09 12:44:36.609,0.89814,0.89819,1.00,1.00
2017.10.09 12:44:40.112,0.89814,0.89821,1.50,1.12
2017.10.09 12:44:43.847,0.89814,0.8982,1.00,1.00
2017.10.09 12:44:46.112,0.89812,0.89816,1.50,1.00
2017.10.09 12:44:46.315,0.89809,0.89816,1.00,1.50
2017.10.09 12:44:46.895,0.89808,0.89816,1.00,1.12
2017.10.09 12:44:47.407,0.89809,0.89816,1.00,1.00
2017.10.09 12:44:47.942,0.89808,0.89815,1.00,1.50
2017.10.09 12:44:48.951,0.89808,0.89816,1.00,1.12
2017.10.09 12:44:49.054,0.8981,0.89817,1.50,1.00
2017.10.09 12:44:49.207,0.8981,0.89819,1.87,1.50
2017.10.09 12:44:49.638,0.89812,0.89819,1.12,1.00
2017.10.09 12:44:50.220,0.89812,0.89821,1.00,2.62
2017.10.09 12:44:50.752,0.89812,0.89821,1.50,2.62
2017.10.09 12:44:51.292,0.89812,0.8982,1.00,2.62
2017.10.09 12:44:51.600,0.89805,0.89811,1.12,1.00
2017.10.09 12:44:52.710,0.89805,0.89812,1.00,1.87
2017.10.09 12:44:55.087,0.89806,0.89812,1.00,1.00
2017.10.09 12:44:55.608,0.89805,0.89813,1.87,1.00
2017.10.09 12:44:56.646,0.89805,0.89813,1.87,1.37
2017.10.09 12:44:57.518,0.89805,0.89814,2.25,1.12
2017.10.09 12:44:58.299,0.89807,0.89814,1.00,1.12
2017.10.09 12:44:58.401,0.89805,0.89811,1.50,1.00
2017.10.09 12:44:59.060,0.89805,0.89811,1.87,1.00
2017.10.09 12:45:00.279,0.89806,0.89814,1.00,1.00
2017.10.09 12:45:00.828,0.89805,0.89812,1.12,1.00
2017.10.09 12:45:01.352,0.89804,0.89811,1.50,1.00
2017.10.09 12:45:03.457,0.89804,0.89812,1.50,1.00
2017.10.09 12:45:04.050,0.89804,0.89812,2.25,1.00
2017.10.09 12:45:04.682,0.89804,0.89813,1.12,1.12
2017.10.09 12:45:08.646,0.89807,0.89815,1.00,4.12
2017.10.09 12:45:08.791,0.89807,0.89817,1.50,2.25
2017.10.09 12:45:09.096,0.8981,0.89817,1.00,1.87
2017.10.09 12:45:09.942,0.89811,0.89818,1.00,1.50
2017.10.09 12:45:10.096,0.89812,0.89819,1.00,1.00
2017.10.09 12:45:11.316,0.89811,0.89819,1.50,1.00
2017.10.09 12:45:11.488,0.89811,0.89819,3.00,1.00
2017.10.09 12:45:11.590,0.89811,0.89819,1.12,1.00
2017.10.09 12:45:13.404,0.89812,0.89819,1.00,1.00
2017.10.09 12:45:14.620,0.89811,0.89819,1.12,1.00
2017.10.09 12:45:16.013,0.89811,0.89818,1.00,1.00
2017.10.09 12:45:16.559,0.8981,0.89817,1.00,1.00
2017.10.09 12:45:16.712,0.8981,0.89815,1.00,1.00
2017.10.09 12:45:16.967,0.89807,0.89815,1.00,1.00
2017.10.09 12:45:18.393,0.89807,0.89815,1.00,1.37
2017.10.09 12:45:18.791,0.89807,0.89816,1.00,1.12
2017.10.09 12:45:18.842,0.89809,0.89817,1.00,1.87
2017.10.09 12:45:18.996,0.89806,0.89814,1.00,1.00
2017.10.09 12:45:21.269,0.89806,0.89813,1.00,1.00
2017.10.09 12:45:21.441,0.89805,0.89811,1.00,1.00
2017.10.09 12:45:21.646,0.89803,0.89811,1.00,1.00
2017.10.09 12:45:21.800,0.89803,0.89813,1.00,1.87
2017.10.09 12:45:22.058,0.89805,0.89813,1.00,1.50
2017.10.09 12:45:22.655,0.89805,0.89811,1.12,1.00
2017.10.09 12:45:22.964,0.89803,0.89809,1.00,1.00
2017.10.09 12:45:23.344,0.89803,0.89812,1.12,1.37
2017.10.09 12:45:23.738,0.89805,0.89812,1.00,1.00
2017.10.09 12:45:24.080,0.89808,0.89814,1.00,1.50
2017.10.09 12:45:25.774,0.89808,0.89815,1.00,2.62
2017.10.09 12:45:27.003,0.89808,0.89817,1.00,3.00
2017.10.09 12:45:27.312,0.89811,0.89817,1.00,1.12
2017.10.09 12:45:27.619,0.89811,0.89819,1.00,1.87
2017.10.09 12:45:27.966,0.89811,0.89819,1.00,2.62
2017.10.09 12:45:28.367,0.89811,0.89819,1.00,2.25
2017.10.09 12:45:28.881,0.89811,0.89819,1.00,1.87
2017.10.09 12:45:30.918,0.89811,0.89818,1.00,2.25
2017.10.09 12:45:31.132,0.89812,0.89818,1.00,2.62
2017.10.09 12:45:31.235,0.89813,0.89821,1.00,1.37
2017.10.09 12:45:33.272,0.89813,0.89822,1.00,2.62
2017.10.09 12:45:33.323,0.89815,0.89821,1.00,1.12
2017.10.09 12:45:33.847,0.89815,0.89822,1.00,1.12
2017.10.09 12:45:34.571,0.89813,0.8982,1.00,1.00
2017.10.09 12:45:34.877,0.89813,0.89819,1.00,1.50
2017.10.09 12:45:35.103,0.89811,0.89819,1.00,2.25
2017.10.09 12:45:36.727,0.89811,0.89819,1.00,1.50
2017.10.09 12:45:37.121,0.89813,0.89821,1.00,3.37
2017.10.09 12:45:37.286,0.89815,0.89823,1.00,1.00
2017.10.09 12:45:38.041,0.89815,0.89824,1.00,2.62
2017.10.09 12:45:38.802,0.89815,0.89823,1.00,1.87
2017.10.09 12:45:39.138,0.89813,0.89821,1.00,1.50
2017.10.09 12:45:41.825,0.89812,0.89819,1.00,1.00
2017.10.09 12:45:42.412,0.89812,0.89819,1.00,1.87
2017.10.09 12:45:42.848,0.8981,0.89817,1.00,1.50
2017.10.09 12:45:42.950,0.8981,0.89817,1.00,4.50
2017.10.09 12:45:43.455,0.8981,0.89817,1.00,1.12
2017.10.09 12:45:44.061,0.8981,0.89818,1.00,5.25
2017.10.09 12:45:46.679,0.8981,0.89818,1.00,2.25
2017.10.09 12:45:48.239,0.8981,0.89818,1.00,1.12
2017.10.09 12:45:49.340,0.8981,0.89816,1.00,1.00
2017.10.09 12:45:49.563,0.8981,0.89818,1.00,1.50
2017.10.09 12:45:50.843,0.8981,0.89818,1.00,1.50
2017.10.09 12:45:51.901,0.8981,0.89816,1.00,1.00
2017.10.09 12:45:52.625,0.8981,0.89816,1.00,1.50
2017.10.09 12:45:53.258,0.8981,0.89816,1.00,1.50
2017.10.09 12:45:54.792,0.89812,0.89818,1.00,2.62
2017.10.09 12:45:54.996,0.89812,0.8982,1.00,1.87
2017.10.09 12:45:55.203,0.8981,0.89817,1.00,1.00
2017.10.09 12:45:56.506,0.89809,0.89816,1.00,1.00
2017.10.09 12:45:57.279,0.89807,0.89815,1.00,1.00
2017.10.09 12:45:57.909,0.89807,0.89816,1.00,1.87
2017.10.09 12:46:01.086,0.89807,0.89815,1.00,1.00
2017.10.09 12:46:04.595,0.89807,0.89816,1.00,2.25
2017.10.09 12:46:10.675,0.89807,0.89816,1.00,2.62
2017.10.09 12:46:11.830,0.89809,0.89816,1.00,2.25
2017.10.09 12:46:12.541,0.89809,0.89816,1.00,1.00
2017.10.09 12:46:15.327,0.89807,0.89814,1.00,1.50
2017.10.09 12:46:15.632,0.89807,0.89813,1.00,1.50
2017.10.09 12:46:18.121,0.89806,0.89813,1.00,3.00
2017.10.09 12:46:21.678,0.89806,0.89813,1.00,1.87
2017.10.09 12:46:22.113,0.89806,0.89812,1.00,1.37
2017.10.09 12:46:22.597,0.89805,0.89811,1.00,3.75
2017.10.09 12:46:23.695,0.89803,0.89809,1.00,1.12
2017.10.09 12:46:23.747,0.89801,0.89809,1.00,1.50
2017.10.09 12:46:23.798,0.89801,0.89809,1.00,4.12
2017.10.09 12:46:25.258,0.898,0.89806,1.00,1.00
2017.10.09 12:46:25.921,0.898,0.89808,1.00,1.50
2017.10.09 12:46:26.473,0.898,0.89808,1.00,1.87
2017.10.09 12:46:29.250,0.89798,0.89805,1.12,1.00
2017.10.09 12:46:29.755,0.89798,0.89805,1.00,1.37
2017.10.09 12:46:35.205,0.89798,0.89805,1.00,3.75
2017.10.09 12:46:35.749,0.89798,0.89805,1.00,1.00
2017.10.09 12:46:36.521,0.898,0.89807,1.00,3.37
2017.10.09 12:46:36.742,0.898,0.89809,1.00,1.87
2017.10.09 12:46:36.890,0.898,0.89807,1.00,1.00
2017.10.09 12:46:37.398,0.89799,0.89806,1.00,1.00
2017.10.09 12:46:37.915,0.89799,0.89808,1.00,2.25
2017.10.09 12:46:38.442,0.898,0.89809,1.00,3.37
2017.10.09 12:46:38.544,0.898,0.89808,1.00,2.62
2017.10.09 12:46:41.262,0.898,0.89809,1.00,2.25
2017.10.09 12:46:42.404,0.898,0.89807,1.00,1.00
2017.10.09 12:46:42.507,0.89798,0.89806,1.12,1.00
2017.10.09 12:46:43.950,0.89796,0.89804,1.00,1.00
2017.10.09 12:46:44.485,0.89796,0.89803,1.00,1.50
2017.10.09 12:46:45.537,0.89793,0.89799,1.37,1.00
2017.10.09 12:46:46.078,0.89793,0.89799,1.00,1.12
2017.10.09 12:46:46.463,0.89793,0.89797,1.00,1.00
2017.10.09 12:46:46.616,0.89793,0.89799,1.00,1.00
2017.10.09 12:46:46.772,0.89792,0.89799,1.00,1.50
2017.10.09 12:46:47.031,0.89792,0.89799,1.00,1.00
2017.10.09 12:46:47.582,0.89792,0.898,1.00,1.87
2017.10.09 12:46:50.794,0.89792,0.89799,1.00,1.00
2017.10.09 12:46:51.082,0.8979,0.89797,1.00,1.00
2017.10.09 12:46:51.289,0.89792,0.898,1.00,1.12
2017.10.09 12:46:51.873,0.89792,0.89799,1.00,1.12
2017.10.09 12:46:52.435,0.89792,0.898,1.00,1.12
2017.10.09 12:46:53.546,0.89792,0.89799,1.00,1.00
2017.10.09 12:46:55.495,0.89792,0.898,1.00,1.00
2017.10.09 12:46:56.659,0.89796,0.89801,1.00,1.00
2017.10.09 12:46:56.813,0.89794,0.898,1.00,1.00
2017.10.09 12:46:56.916,0.89792,0.89799,1.00,1.00
2017.10.09 12:46:57.424,0.89792,0.89799,1.00,2.25
2017.10.09 12:46:57.974,0.89792,0.89799,1.00,1.87
2017.10.09 12:46:58.508,0.89792,0.89798,1.00,1.00
2017.10.09 12:46:58.917,0.89789,0.89795,1.50,1.00
2017.10.09 12:46:59.144,0.89788,0.89795,1.12,1.00
2017.10.09 12:47:00.299,0.89788,0.89796,1.00,1.00
2017.10.09 12:47:00.902,0.89788,0.89795,1.00,1.00
2017.10.09 12:47:01.127,0.8979,0.89796,1.00,1.00
2017.10.09 12:47:01.636,0.8979,0.89795,1.00,1.00
2017.10.09 12:47:03.804,0.89788,0.89795,1.00,1.50
2017.10.09 12:47:04.718,0.89786,0.89795,1.00,1.50
2017.10.09 12:47:06.828,0.89786,0.89793,1.37,1.00
2017.10.09 12:47:07.338,0.89786,0.89794,1.00,1.87
2017.10.09 12:47:07.755,0.89786,0.89792,1.00,1.12
2017.10.09 12:47:08.061,0.89783,0.8979,1.00,1.50
2017.10.09 12:47:09.456,0.89782,0.8979,1.00,1.87
2017.10.09 12:47:09.715,0.89782,0.89792,1.12,2.25
2017.10.09 12:47:10.222,0.89782,0.8979,1.00,2.25
2017.10.09 12:47:17.093,0.89782,0.8979,1.00,1.87
2017.10.09 12:47:17.502,0.89783,0.89792,1.50,1.50
2017.10.09 12:47:21.234,0.89783,0.8979,1.00,2.62
2017.10.09 12:47:21.336,0.89783,0.89791,1.00,1.12
2017.10.09 12:47:21.438,0.89782,0.89789,1.00,1.00
2017.10.09 12:47:21.540,0.8978,0.89788,1.00,1.50
2017.10.09 12:47:22.049,0.8978,0.89788,1.00,1.87
2017.10.09 12:47:24.443,0.89779,0.89787,1.00,1.50
2017.10.09 12:47:25.492,0.89779,0.89787,1.00,2.62
2017.10.09 12:47:26.164,0.89778,0.89786,1.00,1.12
2017.10.09 12:47:28.308,0.89779,0.89786,1.00,1.00
2017.10.09 12:47:28.571,0.89781,0.89789,1.00,1.00
2017.10.09 12:47:28.725,0.89782,0.89791,1.00,1.50
2017.10.09 12:47:29.133,0.89784,0.89793,1.00,1.12
2017.10.09 12:47:29.564,0.89784,0.89791,1.00,1.00
2017.10.09 12:47:30.064,0.89782,0.8979,1.00,1.12
2017.10.09 12:47:30.116,0.89781,0.89787,1.00,1.00
2017.10.09 12:47:30.371,0.89782,0.8979,1.00,3.37
2017.10.09 12:47:31.388,0.89782,0.89789,1.00,1.00
2017.10.09 12:47:31.592,0.8978,0.89788,1.50,1.87
2017.10.09 12:47:31.645,0.89778,0.89786,1.12,1.50
2017.10.09 12:47:31.988,0.89778,0.89784,1.00,1.00
2017.10.09 12:47:36.257,0.89779,0.89784,1.00,1.00
2017.10.09 12:47:36.784,0.89778,0.89784,1.12,1.00
2017.10.09 12:47:37.711,0.89778,0.89783,1.12,1.00
2017.10.09 12:47:39.263,0.8978,0.89787,1.00,1.87
2017.10.09 12:47:39.781,0.89781,0.89788,1.00,1.00
2017.10.09 12:47:42.849,0.89782,0.8979,1.50,1.00
2017.10.09 12:47:42.901,0.89785,0.8979,1.00,1.00
2017.10.09 12:47:43.243,0.89785,0.89792,1.00,1.00
2017.10.09 12:47:46.529,0.89783,0.89789,1.37,1.50
2017.10.09 12:47:46.580,0.89782,0.89788,1.12,1.00
2017.10.09 12:47:48.060,0.8978,0.89785,1.00,1.00
2017.10.09 12:47:48.162,0.89777,0.89785,1.50,1.00
2017.10.09 12:47:48.664,0.89777,0.89784,1.12,1.00
2017.10.09 12:47:54.637,0.89775,0.8978,1.12,1.00
2017.10.09 12:47:54.790,0.89773,0.89781,1.00,1.50
2017.10.09 12:47:55.357,0.89773,0.8978,1.00,1.00
2017.10.09 12:47:56.825,0.89773,0.89781,1.00,1.50
2017.10.09 12:47:57.479,0.89773,0.8978,1.00,1.00
2017.10.09 12:47:58.995,0.89771,0.8978,2.25,1.50
2017.10.09 12:48:02.065,0.89773,0.89782,1.50,1.50
2017.10.09 12:48:02.406,0.89775,0.89784,1.00,1.50
2017.10.09 12:48:06.577,0.89777,0.89786,1.50,2.25
2017.10.09 12:48:07.185,0.89777,0.89786,1.12,1.00
2017.10.09 12:48:12.887,0.89779,0.89788,1.00,1.37
2017.10.09 12:48:13.294,0.8978,0.89789,1.00,1.00
2017.10.09 12:48:13.833,0.89781,0.89791,1.87,1.87
2017.10.09 12:48:14.087,0.89781,0.89791,3.00,1.00
2017.10.09 12:48:15.903,0.89783,0.8979,1.00,1.00
2017.10.09 12:48:16.209,0.89782,0.89792,2.25,1.50
2017.10.09 12:48:16.431,0.89782,0.8979,1.50,1.00
2017.10.09 12:48:16.955,0.89781,0.8979,1.50,1.12
2017.10.09 12:48:18.135,0.89781,0.8979,3.37,1.00
2017.10.09 12:48:19.864,0.89781,0.89789,3.37,1.00
2017.10.09 12:48:20.526,0.8978,0.89788,3.37,1.00
2017.10.09 12:48:20.732,0.89778,0.89788,1.12,2.44
2017.10.09 12:48:20.783,0.89778,0.89788,1.12,1.87
2017.10.09 12:48:21.358,0.89778,0.89787,1.12,1.00
2017.10.09 12:48:21.852,0.8978,0.89788,1.00,1.12
2017.10.09 12:48:22.005,0.8978,0.8979,1.00,1.12
2017.10.09 12:48:22.507,0.8978,0.89789,1.12,1.12
2017.10.09 12:48:23.035,0.8978,0.89791,1.87,2.62
2017.10.09 12:48:23.087,0.89782,0.89791,1.00,1.00
2017.10.09 12:48:23.609,0.89782,0.89792,1.87,1.00
2017.10.09 12:48:24.043,0.89782,0.8979,1.00,1.00
2017.10.09 12:48:24.552,0.89783,0.89792,1.00,2.25
2017.10.09 12:48:24.926,0.89783,0.89791,1.00,1.50
2017.10.09 12:48:25.451,0.89783,0.89792,1.00,1.87
2017.10.09 12:48:26.026,0.89783,0.8979,1.00,1.00
2017.10.09 12:48:26.145,0.89783,0.89792,1.00,2.25
2017.10.09 12:48:26.480,0.89783,0.8979,1.12,1.00
2017.10.09 12:48:26.684,0.89783,0.89792,1.00,1.50
2017.10.09 12:48:27.207,0.89783,0.89791,1.00,1.00
2017.10.09 12:48:27.711,0.89783,0.89793,1.50,1.00
2017.10.09 12:48:28.226,0.89783,0.89792,1.00,1.00
2017.10.09 12:48:29.096,0.89783,0.89793,1.50,1.00
2017.10.09 12:48:30.855,0.89783,0.89792,1.00,1.00
2017.10.09 12:48:31.100,0.89783,0.8979,1.00,1.00
2017.10.09 12:48:32.449,0.89783,0.89791,1.00,1.87
2017.10.09 12:48:32.959,0.89783,0.89789,1.50,1.00
2017.10.09 12:48:33.112,0.89783,0.89791,1.00,1.50
2017.10.09 12:48:33.646,0.89783,0.8979,1.00,1.00
2017.10.09 12:48:33.849,0.89783,0.89792,1.00,1.00
2017.10.09 12:48:34.260,0.89785,0.89793,1.00,1.00
2017.10.09 12:48:34.798,0.89785,0.89794,1.12,1.50
2017.10.09 12:48:35.404,0.89785,0.89793,1.87,1.00
2017.10.09 12:48:35.945,0.89785,0.89794,1.87,1.50
2017.10.09 12:48:36.747,0.89785,0.89793,1.87,1.00
2017.10.09 12:48:37.255,0.89785,0.89794,2.25,1.00
2017.10.09 12:48:37.977,0.89785,0.89795,1.87,1.50
2017.10.09 12:48:38.497,0.89786,0.89796,1.87,2.62
2017.10.09 12:48:39.021,0.89786,0.89796,2.25,2.25
2017.10.09 12:48:40.167,0.89788,0.89797,1.00,1.87
2017.10.09 12:48:40.421,0.89788,0.89798,1.00,2.25
2017.10.09 12:48:41.754,0.89788,0.89796,1.00,1.00
2017.10.09 12:48:42.060,0.89788,0.89794,1.00,1.00
2017.10.09 12:48:42.409,0.89786,0.89794,1.00,1.12
2017.10.09 12:48:42.933,0.89786,0.89793,1.00,1.00
2017.10.09 12:48:43.641,0.89785,0.89793,1.12,1.00
2017.10.09 12:48:44.297,0.89785,0.89792,1.00,1.00
2017.10.09 12:48:44.348,0.89784,0.8979,1.00,1.00
2017.10.09 12:48:53.809,0.89783,0.89787,1.00,1.50
2017.10.09 12:48:53.860,0.89779,0.89786,1.87,1.00
2017.10.09 12:48:54.394,0.89779,0.89787,1.50,1.87
2017.10.09 12:48:55.572,0.89779,0.89785,1.00,1.00
2017.10.09 12:48:57.346,0.89777,0.89785,1.00,1.00
2017.10.09 12:48:58.285,0.89777,0.89786,1.00,1.87
2017.10.09 12:49:00.997,0.89777,0.89785,1.00,1.00
2017.10.09 12:49:02.846,0.89777,0.89784,1.00,1.50
2017.10.09 12:49:03.368,0.89776,0.89783,1.00,1.00
2017.10.09 12:49:05.423,0.89776,0.89784,1.00,1.12
2017.10.09 12:49:06.044,0.89776,0.89784,1.37,1.00
2017.10.09 12:49:06.831,0.89776,0.89784,1.00,1.00
2017.10.09 12:49:07.714,0.89779,0.89785,1.00,1.12
2017.10.09 12:49:08.249,0.89779,0.89784,1.00,1.00
2017.10.09 12:49:08.812,0.89779,0.89785,1.00,1.12
2017.10.09 12:49:10.823,0.89776,0.89784,1.37,1.87
2017.10.09 12:49:11.370,0.89776,0.89784,1.00,2.25
2017.10.09 12:49:12.503,0.89776,0.89782,1.00,1.00
2017.10.09 12:49:13.166,0.89774,0.89782,1.87,1.00
2017.10.09 12:49:13.326,0.89777,0.89785,1.12,3.37
2017.10.09 12:49:13.531,0.89779,0.89786,1.00,1.00
2017.10.09 12:49:14.076,0.89779,0.89787,1.00,1.00
2017.10.09 12:49:14.585,0.89779,0.89788,1.00,1.12
2017.10.09 12:49:14.790,0.89777,0.89786,1.12,1.50
2017.10.09 12:49:15.328,0.89776,0.89785,1.00,1.87
2017.10.09 12:49:15.660,0.89782,0.89788,1.00,1.00
2017.10.09 12:49:16.119,0.89782,0.89791,1.00,1.12
2017.10.09 12:49:16.221,0.89782,0.89789,1.00,1.00
2017.10.09 12:49:19.208,0.89781,0.89789,1.00,1.12
2017.10.09 12:49:19.826,0.89781,0.89789,1.00,2.25
2017.10.09 12:49:20.382,0.89781,0.89787,1.00,1.00
2017.10.09 12:49:25.491,0.89781,0.89788,1.00,1.00
2017.10.09 12:49:32.476,0.89781,0.89789,1.00,1.50
2017.10.09 12:49:33.408,0.89781,0.8979,1.00,1.50
2017.10.09 12:49:33.958,0.89782,0.89791,1.00,1.00
2017.10.09 12:49:34.462,0.89782,0.89792,1.12,2.25
2017.10.09 12:49:34.782,0.89784,0.89793,1.00,1.87
2017.10.09 12:49:35.614,0.89784,0.89793,1.00,1.50
2017.10.09 12:49:36.695,0.89784,0.89792,1.00,1.00
2017.10.09 12:49:41.148,0.89782,0.89791,1.37,1.00
2017.10.09 12:49:41.498,0.89781,0.89789,1.00,1.00
2017.10.09 12:49:42.012,0.8978,0.89788,1.00,1.00
2017.10.09 12:49:42.717,0.8978,0.89786,1.00,1.00
2017.10.09 12:49:45.010,0.8978,0.89789,1.00,1.87
2017.10.09 12:49:45.521,0.8978,0.89787,1.00,1.00
2017.10.09 12:49:45.674,0.89778,0.89786,1.12,1.00
2017.10.09 12:49:46.368,0.89778,0.89788,2.25,1.12
2017.10.09 12:49:46.420,0.8978,0.89788,1.50,1.12
2017.10.09 12:49:46.948,0.8978,0.89789,1.50,1.50
2017.10.09 12:49:47.895,0.89782,0.89789,1.00,1.12
2017.10.09 12:49:48.795,0.89782,0.8979,1.00,1.00
2017.10.09 12:49:49.595,0.89782,0.89791,1.00,2.25
2017.10.09 12:49:52.811,0.89782,0.8979,1.00,1.00
2017.10.09 12:49:55.041,0.89782,0.89791,1.00,2.62
2017.10.09 12:49:55.565,0.89782,0.8979,1.00,1.00
2017.10.09 12:49:56.364,0.89782,0.89789,1.00,1.00
2017.10.09 12:49:56.671,0.89778,0.89786,1.87,1.00
2017.10.09 12:49:56.876,0.89779,0.89788,1.00,1.87
2017.10.09 12:49:57.628,0.89779,0.89789,2.25,1.00
2017.10.09 12:49:59.129,0.89781,0.8979,1.00,1.12
2017.10.09 12:49:59.784,0.89781,0.89789,1.00,1.00
2017.10.09 12:50:00.524,0.89781,0.8979,1.00,1.50
2017.10.09 12:50:00.969,0.89778,0.89786,1.50,1.00
2017.10.09 12:50:01.579,0.89778,0.89787,1.37,1.50
2017.10.09 12:50:02.152,0.89778,0.89787,1.00,1.50
2017.10.09 12:50:05.605,0.89778,0.89787,1.50,2.25
2017.10.09 12:50:06.597,0.89778,0.89786,1.50,1.37
2017.10.09 12:50:08.472,0.89778,0.89786,1.00,1.00
2017.10.09 12:50:08.829,0.89778,0.89784,1.00,1.00
2017.10.09 12:50:10.568,0.89778,0.89785,1.00,1.00
2017.10.09 12:50:11.084,0.89778,0.89786,1.12,1.12
2017.10.09 12:50:11.604,0.89778,0.89785,1.12,1.00
2017.10.09 12:50:12.887,0.89777,0.89784,1.37,1.00
2017.10.09 12:50:13.509,0.89777,0.89784,1.00,1.87
2017.10.09 12:50:15.555,0.89778,0.89786,1.50,2.62
2017.10.09 12:50:15.606,0.89778,0.89787,1.50,3.37
2017.10.09 12:50:20.000,0.89778,0.89786,1.50,1.37
2017.10.09 12:50:20.294,0.89778,0.89787,1.50,2.25
2017.10.09 12:50:23.377,0.89778,0.89786,1.12,1.00
2017.10.09 12:50:24.967,0.89778,0.89785,1.00,1.00
2017.10.09 12:50:30.184,0.89778,0.89787,1.00,3.75
2017.10.09 12:50:30.862,0.89779,0.89787,1.00,1.12
2017.10.09 12:50:31.175,0.8978,0.89789,1.00,1.50
2017.10.09 12:50:31.546,0.89779,0.89787,1.12,1.00
2017.10.09 12:50:35.049,0.89777,0.89785,1.00,1.00
2017.10.09 12:50:35.355,0.89774,0.89782,1.00,1.00
2017.10.09 12:50:35.995,0.89774,0.89783,1.50,1.87
2017.10.09 12:50:38.794,0.89775,0.89783,1.00,1.50
2017.10.09 12:50:39.331,0.89775,0.89784,1.00,1.00
2017.10.09 12:50:39.684,0.89777,0.89786,1.00,1.87
2017.10.09 12:50:40.245,0.89777,0.89786,1.00,1.00
2017.10.09 12:50:43.979,0.89777,0.89784,1.50,1.00
2017.10.09 12:50:47.014,0.89775,0.89782,1.50,1.00
2017.10.09 12:50:47.523,0.89775,0.89782,1.00,1.00
2017.10.09 12:50:48.061,0.89775,0.89783,1.00,1.50
2017.10.09 12:50:48.409,0.89775,0.89781,1.00,1.00
2017.10.09 12:50:48.568,0.89775,0.89783,1.00,1.50
2017.10.09 12:50:48.995,0.89773,0.89782,1.00,1.00
2017.10.09 12:50:51.919,0.89773,0.89781,1.00,1.00
2017.10.09 12:50:52.797,0.89772,0.89781,1.12,2.25
2017.10.09 12:50:53.303,0.89773,0.89782,1.00,1.50
2017.10.09 12:50:54.114,0.89773,0.89783,1.00,1.12
2017.10.09 12:50:54.216,0.89775,0.89784,1.00,1.50
2017.10.09 12:50:54.522,0.89777,0.89785,1.00,1.00
2017.10.09 12:50:56.147,0.89778,0.89785,1.00,1.00
2017.10.09 12:50:56.300,0.89779,0.89789,1.50,1.12
2017.10.09 12:50:56.504,0.8978,0.8979,1.87,1.50
2017.10.09 12:50:58.156,0.8978,0.89789,1.87,1.00
2017.10.09 12:50:58.993,0.8978,0.8979,1.87,1.50
2017.10.09 12:51:02.284,0.89782,0.89791,1.00,1.50
2017.10.09 12:51:02.387,0.89782,0.89792,1.50,1.50
2017.10.09 12:51:02.898,0.89782,0.89792,2.25,1.12
2017.10.09 12:51:03.613,0.89782,0.89791,2.25,1.00
2017.10.09 12:51:04.125,0.89782,0.89791,1.50,1.12
2017.10.09 12:51:04.657,0.89783,0.89791,1.00,1.12
2017.10.09 12:51:05.664,0.89782,0.89791,1.00,1.12
2017.10.09 12:51:06.285,0.89782,0.8979,1.00,1.00
2017.10.09 12:51:06.837,0.89782,0.89791,1.00,1.12
2017.10.09 12:51:06.888,0.89782,0.89789,1.00,1.00
2017.10.09 12:51:08.053,0.89782,0.8979,1.00,1.00
2017.10.09 12:51:12.811,0.89782,0.89791,1.50,1.50
2017.10.09 12:51:13.371,0.89782,0.8979,1.00,1.00
2017.10.09 12:51:16.526,0.89782,0.89791,1.00,1.00
2017.10.09 12:51:16.867,0.8978,0.89789,1.00,6.00
2017.10.09 12:51:16.919,0.8978,0.89789,1.50,1.50
2017.10.09 12:51:17.326,0.89783,0.89792,1.12,2.25
2017.10.09 12:51:17.429,0.89785,0.89794,1.12,5.62
2017.10.09 12:51:17.531,0.89785,0.89794,1.50,2.62
2017.10.09 12:51:18.744,0.89787,0.89794,1.00,1.00
2017.10.09 12:51:19.278,0.89787,0.89795,1.00,1.12
2017.10.09 12:51:19.781,0.89787,0.89796,1.00,1.50
2017.10.09 12:51:20.333,0.89788,0.89797,1.00,1.87
2017.10.09 12:51:22.634,0.89788,0.89796,1.00,1.00
2017.10.09 12:51:23.190,0.89788,0.89797,1.00,1.87
2017.10.09 12:51:23.708,0.89788,0.89796,1.00,1.00
2017.10.09 12:51:28.956,0.89788,0.89797,1.87,1.00
2017.10.09 12:51:31.745,0.89788,0.89796,1.50,1.00
2017.10.09 12:51:33.452,0.8979,0.89797,1.00,1.00
2017.10.09 12:51:35.244,0.89788,0.89797,1.87,1.00
2017.10.09 12:51:35.785,0.89789,0.89797,1.00,1.00
2017.10.09 12:51:35.919,0.8979,0.89799,2.25,1.00
2017.10.09 12:51:35.970,0.89792,0.89799,1.00,1.00
2017.10.09 12:51:36.531,0.8979,0.89797,1.12,1.00
2017.10.09 12:51:37.354,0.8979,0.89798,1.00,1.50
2017.10.09 12:51:37.944,0.8979,0.89797,1.00,1.00
2017.10.09 12:51:38.200,0.89793,0.89801,1.00,1.50
2017.10.09 12:51:38.458,0.89793,0.89799,1.00,1.00
2017.10.09 12:51:38.653,0.8979,0.89798,1.12,1.00
2017.10.09 12:51:39.890,0.8979,0.89797,1.00,1.00
2017.10.09 12:51:41.209,0.8979,0.89798,1.00,1.87
2017.10.09 12:51:41.764,0.8979,0.89797,1.00,1.87
2017.10.09 12:51:41.944,0.89788,0.89797,1.00,1.12
2017.10.09 12:51:42.453,0.89788,0.89798,1.37,1.00
2017.10.09 12:51:43.959,0.89788,0.89798,1.50,1.00
2017.10.09 12:51:44.383,0.89788,0.89796,1.12,1.00
2017.10.09 12:51:45.751,0.89789,0.89798,1.00,4.50
2017.10.09 12:51:46.310,0.89788,0.89796,1.00,1.87
2017.10.09 12:51:46.873,0.89788,0.89797,1.00,2.25
2017.10.09 12:51:47.392,0.89789,0.89798,1.00,1.87
2017.10.09 12:51:48.109,0.89791,0.898,1.12,4.12
2017.10.09 12:51:48.263,0.89791,0.898,1.00,1.87
2017.10.09 12:51:48.819,0.89791,0.898,1.00,3.00
2017.10.09 12:51:53.577,0.89791,0.89799,1.00,1.37
2017.10.09 12:51:53.713,0.89792,0.89802,1.00,1.87
2017.10.09 12:51:53.814,0.89792,0.89802,1.00,1.50
2017.10.09 12:51:54.170,0.89792,0.89802,3.75,1.12
2017.10.09 12:51:54.476,0.89793,0.898,1.00,1.00
2017.10.09 12:51:54.578,0.89791,0.89799,1.12,1.00
2017.10.09 12:51:56.451,0.89791,0.898,1.00,1.50
2017.10.09 12:51:59.760,0.89791,0.89799,1.00,1.00
2017.10.09 12:52:01.166,0.89789,0.89797,1.12,1.00
2017.10.09 12:52:01.704,0.89789,0.89798,1.37,1.00
2017.10.09 12:52:05.164,0.89789,0.89799,1.37,1.12
2017.10.09 12:52:05.896,0.89789,0.89798,1.37,1.00
2017.10.09 12:52:06.433,0.89789,0.89799,1.37,1.12
2017.10.09 12:52:06.935,0.89789,0.89799,1.00,1.50
2017.10.09 12:52:07.914,0.89791,0.89799,1.00,1.00
2017.10.09 12:52:08.066,0.89791,0.89801,1.12,1.12
2017.10.09 12:52:08.168,0.89794,0.89802,1.00,3.37
2017.10.09 12:52:08.321,0.89796,0.89803,1.00,1.00
2017.10.09 12:52:08.609,0.89799,0.89806,1.00,1.50
2017.10.09 12:52:08.711,0.89799,0.89807,1.00,1.00
2017.10.09 12:52:09.215,0.89799,0.89808,1.00,1.12
2017.10.09 12:52:09.805,0.89799,0.89807,1.00,1.00
2017.10.09 12:52:10.325,0.89799,0.89808,1.50,1.12
2017.10.09 12:52:11.036,0.89801,0.89809,1.00,2.25
2017.10.09 12:52:12.387,0.89799,0.89808,1.00,1.00
2017.10.09 12:52:16.887,0.89801,0.89808,1.00,1.00
2017.10.09 12:52:17.343,0.89801,0.8981,1.00,1.12
2017.10.09 12:52:17.649,0.89802,0.89812,1.00,2.25
2017.10.09 12:52:18.222,0.89802,0.89812,1.00,2.25
2017.10.09 12:52:18.516,0.89804,0.89812,1.12,1.50
2017.10.09 12:52:18.720,0.89805,0.89816,2.62,4.12
2017.10.09 12:52:19.252,0.89806,0.89816,1.87,1.50
2017.10.09 12:52:19.760,0.89807,0.89816,1.00,1.37
2017.10.09 12:52:19.812,0.89805,0.89816,1.50,4.87
2017.10.09 12:52:19.864,0.89805,0.89813,1.00,1.00
2017.10.09 12:52:20.169,0.89806,0.89814,1.00,2.25
2017.10.09 12:52:20.220,0.89805,0.89816,1.12,6.37
2017.10.09 12:52:20.527,0.89803,0.89814,1.50,6.37
2017.10.09 12:52:21.068,0.89803,0.89814,2.25,6.00
2017.10.09 12:52:21.399,0.89806,0.89815,1.00,4.12
2017.10.09 12:52:21.658,0.89806,0.89815,1.00,1.12
2017.10.09 12:52:22.179,0.89807,0.89816,1.00,2.25
2017.10.09 12:52:22.707,0.89807,0.89818,3.00,1.37
2017.10.09 12:52:23.223,0.89808,0.89818,1.00,1.00
2017.10.09 12:52:24.951,0.89808,0.89817,1.50,1.00
2017.10.09 12:52:25.468,0.89807,0.89816,1.50,1.12
2017.10.09 12:52:25.740,0.89805,0.89814,1.12,1.87
2017.10.09 12:52:25.945,0.89803,0.89813,1.87,1.87
2017.10.09 12:52:27.238,0.89805,0.89813,1.00,1.50
2017.10.09 12:52:27.289,0.89803,0.89813,1.50,1.50
2017.10.09 12:52:27.340,0.89803,0.89812,1.50,2.25
2017.10.09 12:52:27.442,0.89803,0.89814,1.50,4.87
2017.10.09 12:52:28.152,0.89803,0.89814,1.50,6.37
2017.10.09 12:52:29.388,0.89803,0.89813,1.00,1.75
2017.10.09 12:52:29.987,0.89803,0.89813,1.50,1.50
2017.10.09 12:52:31.576,0.89803,0.89812,1.50,1.50
2017.10.09 12:52:31.839,0.89803,0.89814,1.50,5.25
2017.10.09 12:52:32.247,0.89803,0.89814,3.75,2.25
2017.10.09 12:52:32.893,0.89803,0.89813,4.12,1.00
2017.10.09 12:52:34.003,0.89805,0.89813,1.00,1.00
2017.10.09 12:52:34.416,0.89803,0.89813,1.12,1.00
2017.10.09 12:52:34.849,0.89803,0.89812,1.00,1.50
2017.10.09 12:52:35.379,0.89802,0.89812,2.25,1.12
2017.10.09 12:52:38.839,0.89802,0.89813,1.12,3.00
2017.10.09 12:52:40.488,0.89803,0.89812,1.00,2.25
2017.10.09 12:52:42.148,0.89803,0.89811,1.00,1.37
2017.10.09 12:52:43.954,0.89805,0.89813,1.00,4.12
2017.10.09 12:52:44.107,0.89805,0.89814,1.87,2.25
2017.10.09 12:52:44.159,0.89805,0.89815,1.87,3.00
2017.10.09 12:52:44.697,0.89804,0.89813,1.50,1.00
2017.10.09 12:52:45.228,0.89804,0.89813,1.50,2.25
2017.10.09 12:52:45.734,0.89805,0.89813,1.00,2.25
2017.10.09 12:52:45.837,0.89803,0.89811,1.00,1.50
2017.10.09 12:52:46.319,0.89805,0.89811,1.00,1.12
2017.10.09 12:52:47.244,0.89807,0.89813,1.00,3.75
2017.10.09 12:52:47.791,0.89807,0.89813,1.00,1.50
2017.10.09 12:52:48.637,0.89808,0.89812,1.00,1.87
2017.10.09 12:52:48.999,0.89809,0.89814,1.00,1.12
2017.10.09 12:52:50.004,0.89808,0.89813,1.00,1.50
2017.10.09 12:52:52.504,0.89809,0.89813,1.00,2.25
2017.10.09 12:52:53.512,0.8981,0.89815,1.00,2.62
2017.10.09 12:52:54.495,0.89809,0.89814,1.00,1.87
2017.10.09 12:52:56.280,0.8981,0.89814,1.00,1.00
2017.10.09 12:52:56.674,0.89808,0.89813,1.00,1.50
2017.10.09 12:52:57.224,0.89809,0.89813,1.00,1.12
2017.10.09 12:53:02.887,0.89808,0.89813,1.00,1.50
2017.10.09 12:53:04.226,0.89807,0.89813,1.00,1.75
2017.10.09 12:53:05.310,0.89808,0.89813,1.00,1.87
2017.10.09 12:53:06.792,0.89809,0.89813,1.00,1.00
2017.10.09 12:53:08.745,0.89808,0.89812,1.00,1.00
2017.10.09 12:53:09.313,0.89809,0.89813,1.00,1.12
2017.10.09 12:53:10.600,0.89808,0.89815,1.00,2.62
2017.10.09 12:53:10.702,0.89812,0.89816,1.00,1.50
2017.10.09 12:53:11.246,0.89811,0.89815,1.00,1.50
2017.10.09 12:53:12.852,0.89807,0.89814,1.00,1.50
2017.10.09 12:53:18.735,0.89811,0.89815,1.00,3.00
2017.10.09 12:53:22.108,0.89812,0.89817,1.00,1.87
2017.10.09 12:53:23.433,0.89812,0.89816,1.00,1.00
2017.10.09 12:53:23.944,0.89811,0.89815,1.00,1.00
2017.10.09 12:53:25.193,0.89812,0.89816,1.00,1.00
2017.10.09 12:53:27.039,0.89813,0.89818,1.00,3.37
2017.10.09 12:53:27.245,0.8981,0.89814,1.00,1.00
2017.10.09 12:53:27.296,0.89806,0.89814,3.97,1.12
2017.10.09 12:53:27.348,0.89806,0.89814,2.10,1.87
2017.10.09 12:53:27.877,0.89807,0.89814,1.35,2.25
2017.10.09 12:53:28.536,0.89806,0.89814,1.60,1.87
2017.10.09 12:53:29.604,0.89806,0.89813,1.60,1.00
2017.10.09 12:53:30.113,0.89806,0.89814,1.00,2.25
2017.10.09 12:53:31.460,0.89807,0.89813,1.00,1.00
2017.10.09 12:53:33.753,0.89806,0.89813,1.00,1.00
2017.10.09 12:53:33.856,0.8981,0.89814,1.00,1.00
2017.10.09 12:53:34.123,0.89806,0.89813,1.00,1.12
2017.10.09 12:53:34.174,0.89809,0.89813,1.00,1.87
2017.10.09 12:53:34.633,0.89807,0.89812,1.00,3.00
2017.10.09 12:53:36.213,0.89806,0.8981,1.00,1.00
2017.10.09 12:53:36.728,0.89805,0.8981,1.00,1.87
2017.10.09 12:53:40.285,0.89804,0.89808,1.00,1.00
2017.10.09 12:53:40.411,0.89799,0.89807,1.57,1.37
2017.10.09 12:53:40.615,0.89799,0.89808,1.57,1.00
2017.10.09 12:53:41.094,0.89805,0.89809,1.00,1.87
2017.10.09 12:53:41.625,0.89804,0.89809,1.00,2.25
2017.10.09 12:53:42.416,0.89805,0.89809,1.00,1.12
2017.10.09 12:53:43.107,0.89804,0.89808,1.00,1.00
2017.10.09 12:53:45.878,0.89805,0.89809,1.00,1.00
2017.10.09 12:53:46.218,0.89806,0.89811,1.00,1.00
2017.10.09 12:53:47.530,0.89806,0.8981,1.00,1.00
2017.10.09 12:53:48.101,0.89807,0.89811,1.00,1.50
2017.10.09 12:53:48.775,0.89806,0.89811,1.00,2.25
2017.10.09 12:53:49.032,0.89808,0.89812,1.00,1.87
2017.10.09 12:53:49.279,0.89809,0.89814,1.00,3.37
2017.10.09 12:53:50.193,0.89809,0.89813,1.00,1.00
2017.10.09 12:53:51.368,0.8981,0.89814,1.00,1.87
2017.10.09 12:53:51.419,0.89808,0.89814,1.00,3.00
2017.10.09 12:53:51.521,0.8981,0.89814,1.00,1.50
2017.10.09 12:53:55.922,0.89809,0.89813,1.00,1.00
2017.10.09 12:53:56.297,0.8981,0.89815,1.00,1.12
2017.10.09 12:53:56.348,0.89811,0.89816,1.00,2.62
2017.10.09 12:53:57.471,0.8981,0.89814,1.00,1.00
2017.10.09 12:53:57.831,0.89811,0.89816,1.00,1.50
2017.10.09 12:53:58.392,0.89811,0.89815,1.00,1.00
2017.10.09 12:53:58.898,0.89812,0.89816,1.00,1.00
2017.10.09 12:53:59.437,0.89811,0.89815,1.00,1.12
2017.10.09 12:53:59.954,0.8981,0.89814,1.00,1.00
2017.10.09 12:54:01.746,0.89809,0.89814,1.00,2.25
2017.10.09 12:54:01.848,0.89804,0.89813,2.02,3.00
2017.10.09 12:54:04.546,0.89805,0.89812,1.27,1.00
2017.10.09 12:54:04.597,0.89808,0.89813,1.00,1.37
2017.10.09 12:54:05.541,0.8981,0.89815,1.00,2.25
2017.10.09 12:54:06.080,0.8981,0.89815,1.00,1.87
2017.10.09 12:54:07.201,0.8981,0.89814,1.00,1.00
2017.10.09 12:54:07.253,0.89806,0.8981,1.00,1.00
2017.10.09 12:54:07.507,0.89808,0.89812,1.00,1.50
2017.10.09 12:54:07.610,0.89808,0.89813,1.00,1.50
2017.10.09 12:54:07.816,0.89811,0.89816,1.00,1.37
2017.10.09 12:54:08.338,0.89811,0.89816,1.00,1.50
2017.10.09 12:54:08.637,0.89812,0.89817,1.00,3.75
2017.10.09 12:54:09.433,0.89809,0.89813,1.00,1.00
2017.10.09 12:54:09.841,0.89809,0.89814,1.00,3.37
2017.10.09 12:54:09.943,0.89807,0.89813,1.00,3.37
2017.10.09 12:54:10.586,0.89808,0.89812,1.00,1.00
2017.10.09 12:54:17.942,0.89805,0.89812,1.00,1.37
2017.10.09 12:54:18.095,0.89807,0.89813,1.00,3.75
2017.10.09 12:54:24.667,0.89806,0.8981,1.00,1.00
2017.10.09 12:54:25.175,0.89807,0.89811,1.00,1.50
2017.10.09 12:54:27.389,0.89808,0.89812,1.00,1.00
2017.10.09 12:54:28.981,0.89807,0.89812,1.00,1.50
2017.10.09 12:54:29.876,0.89808,0.89812,1.00,2.25
2017.10.09 12:54:30.390,0.89807,0.89811,1.00,1.12
2017.10.09 12:54:30.896,0.89802,0.89811,1.00,2.25
2017.10.09 12:54:30.998,0.89806,0.89812,1.00,2.62
2017.10.09 12:54:31.100,0.89808,0.89812,1.00,1.50
2017.10.09 12:54:31.615,0.89808,0.89813,1.00,1.12
2017.10.09 12:54:38.622,0.89809,0.89814,1.00,1.12
2017.10.09 12:54:39.918,0.89809,0.89813,1.00,1.00
2017.10.09 12:54:41.240,0.8981,0.89814,1.00,1.12
2017.10.09 12:54:41.939,0.89809,0.89813,1.00,1.00
2017.10.09 12:54:42.459,0.89808,0.89813,1.00,1.50
2017.10.09 12:54:43.229,0.89809,0.89813,1.00,1.00
2017.10.09 12:54:43.434,0.89807,0.89814,1.00,4.12
2017.10.09 12:54:44.011,0.89808,0.89813,1.00,1.00
2017.10.09 12:54:45.409,0.89807,0.89813,1.00,2.25
2017.10.09 12:54:45.824,0.89808,0.89815,1.00,4.12
2017.10.09 12:54:46.142,0.89808,0.89815,1.00,1.00
2017.10.09 12:54:46.295,0.89811,0.89815,1.00,1.00
2017.10.09 12:54:46.822,0.8981,0.89814,1.00,1.00
2017.10.09 12:54:49.945,0.89811,0.89816,1.00,1.50
2017.10.09 12:54:50.452,0.89811,0.89817,1.00,3.37
2017.10.09 12:54:52.621,0.89811,0.89817,1.00,2.25
2017.10.09 12:54:52.672,0.89813,0.89819,1.00,2.62
2017.10.09 12:54:52.826,0.89816,0.89823,1.00,3.37
2017.10.09 12:54:52.928,0.89816,0.89824,1.00,3.75
2017.10.09 12:54:53.436,0.89818,0.89824,1.00,2.62
2017.10.09 12:54:53.742,0.89816,0.89822,1.00,1.12
2017.10.09 12:54:54.252,0.89816,0.89823,1.00,1.50
2017.10.09 12:54:54.816,0.89816,0.89823,1.00,2.62
2017.10.09 12:54:55.375,0.89816,0.89824,1.00,2.25
2017.10.09 12:54:55.898,0.89816,0.89824,1.00,1.50
2017.10.09 12:54:56.973,0.89816,0.89823,1.00,1.12
2017.10.09 12:54:57.390,0.89816,0.8982,1.00,1.50
2017.10.09 12:54:57.747,0.89814,0.8982,1.00,2.62
2017.10.09 12:54:57.849,0.89815,0.89821,1.00,1.50
2017.10.09 12:54:58.405,0.89815,0.89822,1.00,1.87
2017.10.09 12:54:59.945,0.89815,0.89819,1.00,1.00
2017.10.09 12:54:59.997,0.89813,0.89819,1.00,1.50
2017.10.09 12:55:00.584,0.89813,0.89818,1.00,1.00
2017.10.09 12:55:01.145,0.89813,0.8982,1.00,3.00
2017.10.09 12:55:01.299,0.89813,0.89821,1.00,2.62
2017.10.09 12:55:01.972,0.89813,0.89819,1.00,2.62
2017.10.09 12:55:02.078,0.8981,0.89816,1.00,1.00
2017.10.09 12:55:02.334,0.89807,0.89814,1.00,1.00
2017.10.09 12:55:04.272,0.89807,0.89813,1.00,1.00
2017.10.09 12:55:04.783,0.89806,0.89812,1.00,1.12
2017.10.09 12:55:05.488,0.89806,0.89811,1.00,1.00
2017.10.09 12:55:08.512,0.89804,0.89811,1.00,1.12
2017.10.09 12:55:08.679,0.89804,0.89811,1.00,1.87
2017.10.09 12:55:09.232,0.89804,0.89811,1.00,2.25
2017.10.09 12:55:09.898,0.89804,0.89812,1.00,1.12
2017.10.09 12:55:10.393,0.89806,0.89812,1.00,1.87
2017.10.09 12:55:11.038,0.89807,0.89815,1.00,6.00
2017.10.09 12:55:11.090,0.89807,0.89814,1.00,1.50
2017.10.09 12:55:11.397,0.89809,0.89816,1.00,1.12
2017.10.09 12:55:11.725,0.89811,0.89818,1.00,2.25
2017.10.09 12:55:12.374,0.89809,0.89815,1.00,1.00
2017.10.09 12:55:13.597,0.89809,0.89814,1.00,1.00
2017.10.09 12:55:14.139,0.89808,0.89813,1.00,1.00
2017.10.09 12:55:14.292,0.89806,0.89812,1.00,1.00
2017.10.09 12:55:15.210,0.89807,0.89815,1.00,2.62
2017.10.09 12:55:17.711,0.8981,0.89818,1.00,1.87
2017.10.09 12:55:18.019,0.89817,0.89824,1.00,4.12
2017.10.09 12:55:18.224,0.89817,0.89824,1.00,1.00
2017.10.09 12:55:18.825,0.89817,0.89823,1.00,1.00
2017.10.09 12:55:21.098,0.89817,0.89824,1.00,1.12
2017.10.09 12:55:21.978,0.89817,0.89825,1.00,3.37
2017.10.09 12:55:22.526,0.89817,0.89824,1.00,1.12
2017.10.09 12:55:24.821,0.89815,0.89821,1.00,1.50
2017.10.09 12:55:25.127,0.89813,0.89818,1.00,1.50
2017.10.09 12:55:25.643,0.89813,0.89818,1.00,1.12
2017.10.09 12:55:27.150,0.89813,0.89818,1.00,3.75
2017.10.09 12:55:28.077,0.89811,0.89815,1.00,1.00
2017.10.09 12:55:28.128,0.89809,0.89814,1.00,1.00
2017.10.09 12:55:28.180,0.89808,0.89812,1.00,1.00
2017.10.09 12:55:28.231,0.89806,0.89812,1.12,1.00
2017.10.09 12:55:28.637,0.89806,0.89814,1.00,1.87
2017.10.09 12:55:30.731,0.89808,0.89814,1.00,1.00
2017.10.09 12:55:31.036,0.8981,0.89817,1.00,4.87
2017.10.09 12:55:31.087,0.8981,0.89817,1.00,1.87
2017.10.09 12:55:32.374,0.8981,0.89816,1.00,1.00
2017.10.09 12:55:33.259,0.8981,0.89817,1.00,1.87
2017.10.09 12:55:34.030,0.8981,0.89816,1.00,1.00
2017.10.09 12:55:36.516,0.89808,0.89814,1.00,1.00
2017.10.09 12:55:36.823,0.89805,0.89811,1.00,1.00
2017.10.09 12:55:40.997,0.89805,0.89809,1.00,1.00
2017.10.09 12:55:41.854,0.89805,0.89811,1.00,1.50
2017.10.09 12:55:45.466,0.89805,0.89812,1.00,4.50
2017.10.09 12:55:45.619,0.89805,0.89811,1.00,1.50
2017.10.09 12:55:45.721,0.89805,0.89813,1.00,1.50
2017.10.09 12:55:46.184,0.89805,0.89811,1.00,1.00
2017.10.09 12:55:46.728,0.89804,0.8981,1.00,1.50
2017.10.09 12:55:47.269,0.89804,0.89809,1.00,1.00
2017.10.09 12:55:48.106,0.89803,0.89808,1.00,1.00
2017.10.09 12:55:48.620,0.89803,0.89807,1.00,1.00
2017.10.09 12:55:50.257,0.89803,0.89809,1.00,1.12
2017.10.09 12:55:55.055,0.89803,0.8981,1.00,1.87
2017.10.09 12:55:59.616,0.89804,0.89811,1.00,1.87
2017.10.09 12:56:00.143,0.89805,0.89813,1.00,1.12
2017.10.09 12:56:00.391,0.89807,0.89813,1.00,1.12
2017.10.09 12:56:00.915,0.89807,0.89812,1.00,1.00
2017.10.09 12:56:01.484,0.89807,0.89813,1.00,1.12
2017.10.09 12:56:02.636,0.89807,0.89811,1.00,1.00
2017.10.09 12:56:03.885,0.89807,0.89813,1.00,1.12
2017.10.09 12:56:03.938,0.89809,0.89815,1.00,3.37
2017.10.09 12:56:04.115,0.89809,0.89815,1.00,1.00
2017.10.09 12:56:04.657,0.89809,0.89816,1.00,1.12
2017.10.09 12:56:04.988,0.89811,0.89818,1.00,4.87
2017.10.09 12:56:05.504,0.89811,0.89817,1.00,1.00
2017.10.09 12:56:06.013,0.89811,0.89816,1.00,1.00
2017.10.09 12:56:07.336,0.89811,0.89815,1.00,1.00
2017.10.09 12:56:12.461,0.89811,0.89816,1.00,1.87
2017.10.09 12:56:12.969,0.89808,0.89816,1.12,1.75
2017.10.09 12:56:13.021,0.89813,0.89818,1.00,1.50
2017.10.09 12:56:13.528,0.89813,0.89817,1.00,1.00
2017.10.09 12:56:14.048,0.89813,0.89818,1.00,1.50
2017.10.09 12:56:15.370,0.89813,0.89817,1.00,1.00
2017.10.09 12:56:15.473,0.8981,0.89816,1.00,1.00
2017.10.09 12:56:15.951,0.89811,0.89817,1.00,2.62
2017.10.09 12:56:16.054,0.89813,0.89819,1.00,3.37
2017.10.09 12:56:16.157,0.89813,0.89819,1.00,1.00
2017.10.09 12:56:18.252,0.89813,0.89818,1.00,1.00
2017.10.09 12:56:31.890,0.8981,0.89815,1.00,1.00
2017.10.09 12:56:31.941,0.89808,0.89814,1.12,1.50
2017.10.09 12:56:32.145,0.89808,0.89816,1.00,1.12
2017.10.09 12:56:32.196,0.89808,0.89816,1.00,4.12
2017.10.09 12:56:32.370,0.89808,0.89816,1.00,1.12
2017.10.09 12:56:32.474,0.89808,0.89815,1.00,3.00
2017.10.09 12:56:33.682,0.89807,0.89813,1.00,1.12
2017.10.09 12:56:36.468,0.89807,0.89814,1.00,1.50
2017.10.09 12:56:36.923,0.89809,0.89814,1.00,1.00
2017.10.09 12:56:42.696,0.89809,0.89816,1.00,2.25
2017.10.09 12:56:45.824,0.89809,0.89814,1.00,1.00
2017.10.09 12:56:50.518,0.89807,0.89814,1.00,1.00
2017.10.09 12:56:51.195,0.89807,0.89813,1.00,1.50
2017.10.09 12:56:51.905,0.89807,0.89814,1.00,1.50
2017.10.09 12:56:54.219,0.89809,0.89815,1.00,1.00
2017.10.09 12:56:56.611,0.89806,0.89812,1.00,1.12
2017.10.09 12:56:57.147,0.89806,0.89813,1.00,1.00
2017.10.09 12:56:57.656,0.89806,0.89814,1.00,4.12
2017.10.09 12:56:58.318,0.89806,0.89812,1.00,2.62
2017.10.09 12:56:58.943,0.89806,0.89812,1.00,1.50
2017.10.09 12:56:59.555,0.89806,0.89812,1.00,3.37
2017.10.09 12:57:01.463,0.89806,0.89812,1.00,2.25
2017.10.09 12:57:06.459,0.89806,0.89812,1.00,1.50
2017.10.09 12:57:06.715,0.89804,0.89811,1.00,1.50
2017.10.09 12:57:06.766,0.89804,0.8981,1.00,2.25
2017.10.09 12:57:06.920,0.89801,0.89809,1.00,1.87
2017.10.09 12:57:07.022,0.89803,0.8981,1.00,2.62
2017.10.09 12:57:07.073,0.89803,0.8981,1.00,1.00
2017.10.09 12:57:07.207,0.89805,0.89811,1.00,1.50
2017.10.09 12:57:07.514,0.89807,0.89811,1.00,1.00
2017.10.09 12:57:07.769,0.89807,0.89813,1.00,1.00
2017.10.09 12:57:08.445,0.89809,0.89813,1.00,1.00
2017.10.09 12:57:08.597,0.89809,0.89816,1.00,1.50
2017.10.09 12:57:08.650,0.89811,0.89816,1.00,1.00
2017.10.09 12:57:09.158,0.89811,0.89817,1.00,1.50
2017.10.09 12:57:09.869,0.89811,0.89818,1.00,1.50
2017.10.09 12:57:11.075,0.89813,0.89818,1.00,1.00
2017.10.09 12:57:11.281,0.89813,0.8982,1.00,1.50
2017.10.09 12:57:11.796,0.89814,0.89821,1.00,1.12
2017.10.09 12:57:12.342,0.89814,0.89822,1.00,1.87
2017.10.09 12:57:15.050,0.89814,0.8982,1.00,1.00
2017.10.09 12:57:15.630,0.89813,0.89819,1.00,1.00
2017.10.09 12:57:16.322,0.89813,0.89818,1.00,1.12
2017.10.09 12:57:18.878,0.89811,0.89816,1.00,1.00
2017.10.09 12:57:19.488,0.89811,0.89817,1.00,4.12
2017.10.09 12:57:22.972,0.8981,0.89815,1.00,1.12
2017.10.09 12:57:26.436,0.89808,0.89814,1.00,1.00
2017.10.09 12:57:27.258,0.89808,0.89816,1.50,2.25
2017.10.09 12:57:30.710,0.89808,0.89816,1.50,2.62
2017.10.09 12:57:31.463,0.89808,0.89814,1.50,1.00
2017.10.09 12:57:31.976,0.89808,0.89816,1.50,2.25
2017.10.09 12:57:34.843,0.89809,0.89816,1.00,2.25
2017.10.09 12:57:35.802,0.89809,0.89814,1.00,1.00
2017.10.09 12:57:35.854,0.89807,0.89814,1.00,1.00
2017.10.09 12:57:35.956,0.89809,0.89816,1.00,3.75
2017.10.09 12:57:36.211,0.8981,0.89817,1.50,1.00
2017.10.09 12:57:37.464,0.8981,0.89816,1.50,1.00
2017.10.09 12:57:41.128,0.89815,0.89819,1.00,1.12
2017.10.09 12:57:41.283,0.89815,0.89821,1.00,1.37
2017.10.09 12:57:41.802,0.89815,0.89821,1.50,1.00
2017.10.09 12:57:42.589,0.89815,0.89823,1.50,1.50
2017.10.09 12:57:42.641,0.89818,0.89825,1.00,1.87
2017.10.09 12:57:42.793,0.89819,0.89826,1.00,1.50
2017.10.09 12:57:43.209,0.89818,0.89824,1.00,1.00
2017.10.09 12:57:43.397,0.89819,0.89826,1.00,1.12
2017.10.09 12:57:43.755,0.8982,0.89828,1.00,1.12
2017.10.09 12:57:44.854,0.8982,0.89827,1.50,1.00
2017.10.09 12:57:48.038,0.89821,0.89828,1.00,1.00
2017.10.09 12:57:48.575,0.89822,0.89828,1.00,1.00
2017.10.09 12:57:49.116,0.89822,0.89829,1.50,1.00
2017.10.09 12:57:49.430,0.89822,0.89827,1.00,1.00
2017.10.09 12:57:54.154,0.89822,0.89828,1.00,1.00
2017.10.09 12:57:54.307,0.89822,0.8983,1.50,2.25
2017.10.09 12:57:54.849,0.89822,0.8983,1.50,1.87
2017.10.09 12:57:57.809,0.89822,0.8983,1.50,2.25
2017.10.09 12:57:58.348,0.89823,0.8983,1.00,2.25
2017.10.09 12:58:03.717,0.89823,0.89829,1.00,1.00
2017.10.09 12:58:04.380,0.89822,0.89828,1.00,1.00
2017.10.09 12:58:04.634,0.8982,0.89827,1.00,1.00
2017.10.09 12:58:05.820,0.8982,0.89826,1.00,1.00
2017.10.09 12:58:06.324,0.8982,0.89828,1.00,1.00
2017.10.09 12:58:07.081,0.89823,0.8983,1.00,2.62
2017.10.09 12:58:10.899,0.89823,0.89831,1.00,1.12
2017.10.09 12:58:11.408,0.89823,0.89832,1.50,1.87
2017.10.09 12:58:12.896,0.89823,0.8983,1.00,1.00
2017.10.09 12:58:13.646,0.89823,0.89829,1.00,1.00
2017.10.09 12:58:14.301,0.89822,0.89829,1.00,1.00
2017.10.09 12:58:14.858,0.89822,0.89828,1.00,1.00
2017.10.09 12:58:17.493,0.89822,0.89827,1.00,1.00
2017.10.09 12:58:18.040,0.89822,0.89828,1.00,1.00
2017.10.09 12:58:18.142,0.8982,0.89828,1.00,1.00
2017.10.09 12:58:18.743,0.8982,0.89828,1.00,1.87
2017.10.09 12:58:19.262,0.8982,0.89825,1.00,1.00
2017.10.09 12:58:19.847,0.89819,0.89826,1.00,1.50
2017.10.09 12:58:21.118,0.89818,0.89826,1.50,1.50
2017.10.09 12:58:22.108,0.89817,0.89824,1.00,1.00
2017.10.09 12:58:22.618,0.89818,0.89825,1.00,1.87
2017.10.09 12:58:27.951,0.89818,0.89826,1.50,1.87
2017.10.09 12:58:29.054,0.8982,0.89826,1.00,1.00
2017.10.09 12:58:30.998,0.89822,0.89829,1.00,1.87
2017.10.09 12:58:31.111,0.89822,0.8983,1.50,1.12
2017.10.09 12:58:36.929,0.89823,0.8983,1.00,1.00
2017.10.09 12:58:37.457,0.89824,0.8983,1.00,1.12
2017.10.09 12:58:42.299,0.89824,0.89831,1.00,1.50
2017.10.09 12:58:45.210,0.89824,0.89831,1.00,1.50
2017.10.09 12:58:45.607,0.89824,0.89831,1.00,1.50
2017.10.09 12:58:47.620,0.89824,0.8983,1.00,1.00
2017.10.09 12:58:53.577,0.89824,0.89831,1.00,1.12
2017.10.09 12:58:54.123,0.89824,0.8983,1.00,1.00
2017.10.09 12:58:57.699,0.89824,0.89831,1.00,1.00
2017.10.09 12:58:58.369,0.89824,0.8983,1.00,1.50
2017.10.09 12:58:58.676,0.89821,0.89827,1.12,1.00
2017.10.09 12:58:59.302,0.89821,0.89828,1.00,1.00
2017.10.09 12:59:08.238,0.89821,0.89827,1.00,1.00
2017.10.09 12:59:12.148,0.89821,0.89826,1.00,1.00
2017.10.09 12:59:13.027,0.89818,0.89824,1.37,1.00
2017.10.09 12:59:13.222,0.89817,0.89824,1.00,1.50
2017.10.09 12:59:13.784,0.89817,0.89825,1.00,2.25
2017.10.09 12:59:15.087,0.89817,0.89825,1.00,3.00
2017.10.09 12:59:20.166,0.89817,0.89824,1.00,2.25
2017.10.09 12:59:21.243,0.89817,0.89824,1.00,2.25
2017.10.09 12:59:22.561,0.89817,0.89823,1.00,1.12
2017.10.09 12:59:23.068,0.89817,0.89822,1.00,1.00
2017.10.09 12:59:25.155,0.89815,0.89821,1.00,1.00
2017.10.09 12:59:26.267,0.89817,0.89821,1.00,1.00
2017.10.09 12:59:26.320,0.89815,0.89824,1.50,1.87
2017.10.09 12:59:26.371,0.89818,0.89825,1.00,1.50
2017.10.09 12:59:26.912,0.89818,0.89825,1.00,1.00
2017.10.09 12:59:28.624,0.89818,0.89827,1.00,1.87
2017.10.09 12:59:28.676,0.8982,0.89828,1.00,1.50
2017.10.09 12:59:29.439,0.8982,0.89828,1.00,1.87
2017.10.09 12:59:32.003,0.89821,0.89829,1.00,4.12
2017.10.09 12:59:32.055,0.89821,0.89829,1.00,2.25
2017.10.09 12:59:32.624,0.89821,0.89828,1.00,1.00
2017.10.09 12:59:35.299,0.89821,0.89829,1.50,1.00
2017.10.09 12:59:35.899,0.89821,0.8983,2.25,1.00
2017.10.09 12:59:36.196,0.89823,0.8983,1.00,1.00
2017.10.09 12:59:36.704,0.89822,0.8983,1.12,1.00
2017.10.09 12:59:38.961,0.89823,0.8983,1.00,1.00
2017.10.09 12:59:45.929,0.89824,0.89832,1.00,1.12
2017.10.09 12:59:48.025,0.89826,0.89833,1.50,1.50
2017.10.09 12:59:48.178,0.89828,0.89835,1.00,1.12
2017.10.09 12:59:48.681,0.89828,0.89836,1.00,1.87
2017.10.09 12:59:50.801,0.89828,0.89836,1.00,1.87
2017.10.09 12:59:51.560,0.89828,0.89833,1.00,1.00
2017.10.09 12:59:51.705,0.89826,0.89833,1.00,1.00
2017.10.09 12:59:53.198,0.89826,0.89832,1.00,1.00
2017.10.09 12:59:54.640,0.89826,0.89833,1.00,1.50
2017.10.09 12:59:54.691,0.89829,0.89833,1.00,1.00
2017.10.09 12:59:54.895,0.8983,0.89838,1.00,1.00
2017.10.09 12:59:54.946,0.8983,0.89836,1.00,1.00
2017.10.09 12:59:55.202,0.89827,0.89834,1.50,1.00
2017.10.09 12:59:55.761,0.89828,0.89836,1.00,2.25
2017.10.09 12:59:56.814,0.89829,0.89836,1.00,1.50
2017.10.09 12:59:57.332,0.89829,0.89837,1.00,1.00
2017.10.09 12:59:58.382,0.89829,0.89835,1.00,1.12
2017.10.09 12:59:59.252,0.89829,0.89833,1.00,1.00
2017.10.09 12:59:59.608,0.89829,0.89835,1.00,1.12
