2007.12.24 01:00:00.175,1.15,1.1504,0.50,0.50
2007.12.24 01:00:00.417,1.15,1.1504,0.50,0.50
2007.12.24 01:00:00.660,1.15,1.1504,0.50,0.50
2007.12.24 01:00:00.903,1.15,1.1504,0.50,0.50
2007.12.24 01:00:01.031,1.15,1.1504,0.50,0.50
2007.12.24 01:00:01.159,1.15,1.1504,0.50,0.50
2007.12.24 01:00:01.297,1.15,1.1504,0.50,0.50
2007.12.24 01:00:01.424,1.15,1.1505,0.50,5.70
2007.12.24 01:00:01.551,1.15,1.1504,0.50,0.50
2007.12.24 01:00:01.679,1.15,1.1505,0.50,5.70
2007.12.24 01:00:01.806,1.15,1.1505,0.50,5.70
2007.12.24 01:00:01.934,1.15,1.1505,0.50,5.70
2007.12.24 01:00:02.091,1.15,1.1505,0.50,5.70
2007.12.24 01:00:02.249,1.15,1.1505,0.50,5.70
2007.12.24 01:00:02.407,1.15,1.1504,0.50,0.50
2007.12.24 01:00:02.564,1.15,1.1504,0.50,0.50
2007.12.24 01:00:02.722,1.15,1.1504,0.50,0.50
2007.12.24 01:00:02.879,1.15,1.1505,0.50,5.70
2007.12.24 01:00:03.032,1.15,1.1505,0.50,5.70
2007.12.24 01:00:03.185,1.15,1.1505,0.50,5.70
2007.12.24 01:00:03.344,1.15,1.1505,0.50,5.70
2007.12.24 01:00:03.497,1.15,1.1504,0.50,0.50
2007.12.24 01:00:03.649,1.15,1.1504,0.50,0.50
2007.12.24 01:00:03.802,1.15,1.1505,0.50,5.70
2007.12.24 01:00:03.955,1.15,1.1504,0.50,0.50
2007.12.24 01:00:04.108,1.15,1.1505,0.50,5.70
2007.12.24 01:00:04.261,1.15,1.1504,0.50,0.50
2007.12.24 01:00:04.413,1.15,1.1504,0.50,0.50
2007.12.24 01:00:04.566,1.15,1.1504,0.50,0.50
2007.12.24 01:00:04.718,1.15,1.1505,0.50,5.70
2007.12.24 01:00:04.870,1.15,1.1504,0.50,0.50
2007.12.24 01:00:05.023,1.15,1.1504,0.50,0.50
2007.12.24 01:00:05.126,1.15,1.1505,0.50,5.70
2007.12.24 01:00:05.229,1.15,1.1505,0.50,5.70
2007.12.24 01:00:05.331,1.15,1.1504,0.50,0.50
2007.12.24 01:00:05.433,1.15,1.1505,0.50,5.70
2007.12.24 01:00:05.536,1.15,1.1505,0.50,5.70
2007.12.24 01:00:05.638,1.15,1.1504,0.50,0.50
2007.12.24 01:00:05.741,1.15,1.1504,0.50,0.50
2007.12.24 01:00:05.843,1.15,1.1504,0.50,0.50
2007.12.24 01:00:05.946,1.15,1.1505,0.50,5.70
2007.12.24 01:00:06.103,1.15,1.1505,0.50,5.70
2007.12.24 01:00:06.261,1.15,1.1505,0.50,5.70
2007.12.24 01:00:06.419,1.15,1.1505,0.50,5.70
2007.12.24 01:00:06.577,1.15,1.1505,0.50,5.70
2007.12.24 01:00:06.734,1.15,1.1505,0.50,5.70
2007.12.24 01:00:06.892,1.15,1.1505,0.50,5.70
2007.12.24 01:00:07.050,1.15,1.1504,0.50,0.50
2007.12.24 01:00:07.197,1.15,1.1504,0.50,0.50
2007.12.24 01:00:07.346,1.15,1.1504,0.50,0.50
2007.12.24 01:00:07.493,1.15,1.1505,0.50,5.70
2007.12.24 01:00:07.641,1.15,1.1504,0.50,0.50
2007.12.24 01:00:07.789,1.15,1.1504,0.50,0.50
2007.12.24 01:00:07.936,1.15,1.1505,0.50,5.70
2007.12.24 01:00:08.084,1.15,1.1505,0.50,5.70
2007.12.24 01:00:08.241,1.15,1.1504,0.50,0.50
2007.12.24 01:00:08.399,1.15,1.1505,0.50,5.70
2007.12.24 01:00:08.556,1.15,1.1505,0.50,5.70
2007.12.24 01:00:08.714,1.15,1.1505,0.50,5.70
2007.12.24 01:00:08.871,1.15,1.1505,0.50,5.70
2007.12.24 01:00:09.029,1.15,1.1504,0.50,0.50
2007.12.24 01:00:09.132,1.15,1.1505,0.50,5.70
2007.12.24 01:00:09.235,1.15,1.1505,0.50,5.70
2007.12.24 01:00:09.337,1.15,1.1504,0.50,0.50
2007.12.24 01:00:09.440,1.15,1.1504,0.50,0.50
2007.12.24 01:00:09.556,1.15,1.1505,0.50,5.70
2007.12.24 01:00:09.646,1.15,1.1505,0.50,5.70
2007.12.24 01:00:09.748,1.15,1.1504,0.50,0.50
2007.12.24 01:00:09.851,1.15,1.1505,0.50,5.70
2007.12.24 01:00:09.953,1.15,1.1505,0.50,5.70
2007.12.24 01:00:10.055,1.15,1.1505,0.50,5.70
2007.12.24 01:00:10.208,1.15,1.1505,0.50,5.70
2007.12.24 01:00:10.360,1.15,1.1505,0.50,5.70
2007.12.24 01:00:10.513,1.15,1.1505,0.50,5.70
2007.12.24 01:00:10.666,1.15,1.1504,0.50,0.50
2007.12.24 01:00:10.819,1.15,1.1504,0.50,0.50
2007.12.24 01:00:10.972,1.15,1.1504,0.50,0.50
2007.12.24 01:00:11.124,1.15,1.1505,0.50,5.70
2007.12.24 01:00:11.227,1.15,1.1504,0.50,0.50
2007.12.24 01:00:11.330,1.15,1.1504,0.50,0.50
2007.12.24 01:00:11.432,1.15,1.1505,0.50,5.70
2007.12.24 01:00:11.535,1.15,1.1504,0.50,0.50
2007.12.24 01:00:11.637,1.15,1.1505,0.50,5.70
2007.12.24 01:00:11.740,1.15,1.1505,0.50,5.70
2007.12.24 01:00:11.855,1.15,1.1504,1.20,0.50
2007.12.24 01:00:11.958,1.15,1.1504,1.20,0.50
2007.12.24 01:00:12.061,1.15,1.1505,1.20,5.70
2007.12.24 01:00:12.249,1.15,1.1505,1.20,5.70
2007.12.24 01:00:12.436,1.15,1.1504,1.20,0.50
2007.12.24 01:00:12.624,1.15,1.1504,1.20,0.50
2007.12.24 01:00:12.812,1.15,1.1505,1.20,5.70
2007.12.24 01:00:13.000,1.15,1.1505,1.20,5.70
2007.12.24 01:00:13.187,1.15,1.1505,1.20,5.70
2007.12.24 01:00:13.337,1.15,1.1504,1.20,0.50
2007.12.24 01:00:13.463,1.15,1.1505,1.20,5.70
2007.12.24 01:00:13.600,1.15,1.1505,1.20,5.70
2007.12.24 01:00:13.738,1.15,1.1504,1.20,0.50
2007.12.24 01:00:13.875,1.15,1.1505,1.20,5.70
2007.12.24 01:00:14.013,1.15,1.1505,1.20,5.70
2007.12.24 01:00:14.151,1.15,1.1504,1.20,0.50
2007.12.24 01:00:14.264,1.15,1.1505,1.20,5.70
2007.12.24 01:00:14.376,1.15,1.1505,1.20,5.70
2007.12.24 01:00:14.489,1.15,1.1504,1.20,0.50
2007.12.24 01:00:14.602,1.15,1.1505,1.20,5.70
2007.12.24 01:00:14.715,1.15,1.1505,1.20,5.70
2007.12.24 01:00:14.828,1.15,1.1504,1.20,0.50
2007.12.24 01:00:14.943,1.15,1.1505,1.20,5.70
2007.12.24 01:00:15.055,1.15,1.1505,1.20,5.70
2007.12.24 01:00:15.169,1.15,1.1505,1.20,5.70
2007.12.24 01:00:15.311,1.15,1.1504,1.20,0.50
2007.12.24 01:00:15.454,1.15,1.1504,1.20,0.50
2007.12.24 01:00:15.596,1.15,1.1504,1.20,0.50
2007.12.24 01:00:15.739,1.15,1.1505,1.20,5.70
2007.12.24 01:00:15.882,1.15,1.1504,1.20,0.50
2007.12.24 01:00:16.024,1.15,1.1505,1.20,5.70
2007.12.24 01:00:16.167,1.15,1.1505,1.20,5.70
2007.12.24 01:00:16.346,1.15,1.1505,1.20,5.70
2007.12.24 01:00:16.502,1.15,1.1505,1.20,5.70
2007.12.24 01:00:16.670,1.15,1.1504,1.20,0.50
2007.12.24 01:00:16.837,1.15,1.1505,1.20,5.70
2007.12.24 01:00:17.005,1.15,1.1505,1.20,5.70
2007.12.24 01:00:17.173,1.15,1.1505,1.20,5.70
2007.12.24 01:00:17.290,1.15,1.1505,1.20,5.70
2007.12.24 01:00:17.408,1.15,1.1505,1.20,5.70
2007.12.24 01:00:17.526,1.15,1.1504,1.20,0.50
2007.12.24 01:00:17.644,1.15,1.1504,1.20,0.50
2007.12.24 01:00:17.762,1.15,1.1504,1.20,0.50
2007.12.24 01:00:17.892,1.15,1.1504,1.20,0.50
2007.12.24 01:00:17.998,1.15,1.1504,1.20,0.50
2007.12.24 01:00:18.115,1.15,1.1505,1.20,5.70
2007.12.24 01:00:18.234,1.15,1.1505,1.20,5.70
2007.12.24 01:00:18.396,1.15,1.1505,1.20,5.70
2007.12.24 01:00:18.559,1.15,1.1505,1.20,5.70
2007.12.24 01:00:18.722,1.15,1.1504,1.20,0.50
2007.12.24 01:00:18.884,1.15,1.1505,1.20,5.70
2007.12.24 01:00:19.047,1.15,1.1505,1.20,5.70
2007.12.24 01:00:19.209,1.15,1.1505,1.20,5.70
2007.12.24 01:00:19.303,1.15,1.1505,1.20,5.70
2007.12.24 01:00:19.395,1.15,1.1504,1.20,0.50
2007.12.24 01:00:19.487,1.15,1.1504,1.20,0.50
2007.12.24 01:00:19.579,1.15,1.1505,1.20,5.70
2007.12.24 01:00:19.673,1.15,1.1504,1.20,0.50
2007.12.24 01:00:19.766,1.15,1.1504,1.20,0.50
2007.12.24 01:00:19.858,1.15,1.1505,1.20,5.70
2007.12.24 01:00:19.951,1.15,1.1504,1.20,0.50
2007.12.24 01:00:20.044,1.15,1.1505,1.20,5.70
2007.12.24 01:00:20.136,1.15,1.1505,1.20,5.70
2007.12.24 01:00:20.229,1.15,1.1504,1.20,0.50
2007.12.24 01:00:20.402,1.15,1.1505,1.20,12.50
2007.12.24 01:00:20.575,1.15,1.1505,0.80,12.50
2007.12.24 01:00:20.748,1.15,1.1504,0.80,0.50
2007.12.24 01:00:20.920,1.15,1.1505,0.80,12.50
2007.12.24 01:00:21.093,1.15,1.1505,0.80,12.50
2007.12.24 01:00:21.266,1.15,1.1505,0.80,12.50
2007.12.24 01:00:21.438,1.15,1.1505,0.80,12.50
2007.12.24 01:00:21.561,1.15,1.1505,0.80,12.50
2007.12.24 01:00:21.684,1.15,1.1505,0.80,12.50
2007.12.24 01:00:21.807,1.15,1.1505,0.80,12.50
2007.12.24 01:00:21.929,1.15,1.1504,0.80,0.50
2007.12.24 01:00:22.051,1.15,1.1505,0.80,12.50
2007.12.24 01:00:22.175,1.15,1.1505,0.80,12.50
2007.12.24 01:00:22.298,1.15,1.1505,0.80,12.50
2007.12.24 01:00:22.425,1.15,1.1505,0.80,12.50
2007.12.24 01:00:22.554,1.15,1.1504,0.80,0.50
2007.12.24 01:00:22.682,1.15,1.1505,0.80,12.50
2007.12.24 01:00:22.809,1.15,1.1505,0.80,12.50
2007.12.24 01:00:22.937,1.15,1.1505,0.80,12.50
2007.12.24 01:00:23.065,1.15,1.1504,0.80,0.50
2007.12.24 01:00:23.192,1.15,1.1504,0.80,0.50
2007.12.24 01:00:23.320,1.15,1.1505,0.80,12.50
2007.12.24 01:00:23.473,1.15,1.1505,0.80,12.50
2007.12.24 01:00:23.625,1.15,1.1504,0.80,0.50
2007.12.24 01:00:23.778,1.15,1.1505,0.80,12.50
2007.12.24 01:00:23.931,1.15,1.1504,0.80,0.50
2007.12.24 01:00:24.083,1.15,1.1505,0.80,12.50
2007.12.24 01:00:24.236,1.15,1.1505,0.80,12.50
2007.12.24 01:00:24.389,1.15,1.1504,0.80,0.50
2007.12.24 01:00:24.531,1.15,1.1505,0.80,12.50
2007.12.24 01:00:24.673,1.15,1.1505,0.80,12.50
2007.12.24 01:00:24.822,1.15,1.1505,1.20,14.90
2007.12.24 01:00:24.964,1.15,1.1505,1.20,14.90
2007.12.24 01:00:25.107,1.15,1.1504,1.20,0.50
2007.12.24 01:00:25.249,1.15,1.1505,1.20,14.90
2007.12.24 01:00:25.392,1.15,1.1504,1.20,0.50
2007.12.24 01:00:25.585,1.15,1.1504,1.20,0.50
2007.12.24 01:00:25.777,1.15,1.1504,1.20,0.50
2007.12.24 01:00:25.970,1.1501,1.15055,0.50,11.20
2007.12.24 01:00:26.163,1.1501,1.1505,0.50,1.20
2007.12.24 01:00:26.355,1.1501,1.1506,0.50,12.40
2007.12.24 01:00:26.548,1.1501,1.1506,0.50,12.40
2007.12.24 01:00:26.701,1.1501,1.1506,0.50,12.40
2007.12.24 01:00:26.857,1.1501,1.1506,0.50,12.40
2007.12.24 01:00:27.010,1.1501,1.1505,0.50,1.00
2007.12.24 01:00:27.163,1.1501,1.1505,0.50,1.20
2007.12.24 01:00:27.316,1.1501,1.1505,0.50,0.50
2007.12.24 01:00:27.468,1.1501,1.1505,0.50,1.00
2007.12.24 01:00:27.597,1.1501,1.1506,0.50,12.40
2007.12.24 01:00:27.715,1.15,1.1505,5.20,1.20
2007.12.24 01:00:27.833,1.15,1.1505,5.20,5.70
2007.12.24 01:00:27.951,1.15,1.1505,1.20,5.70
2007.12.24 01:00:28.068,1.15,1.1505,1.20,5.70
2007.12.24 01:00:28.186,1.15,1.1505,1.20,5.70
2007.12.24 01:00:28.303,1.15,1.1505,1.20,5.70
2007.12.24 01:00:28.422,1.15,1.1504,1.20,0.50
2007.12.24 01:00:28.539,1.15,1.1505,1.20,5.70
2007.12.24 01:00:28.767,1.15,1.1504,1.20,0.50
2007.12.24 01:00:28.995,1.15,1.1504,1.20,0.50
2007.12.24 01:00:29.223,1.15,1.1504,1.20,0.50
2007.12.24 01:00:29.450,1.15,1.1504,1.20,0.50
2007.12.24 01:00:29.599,1.15,1.1505,1.20,5.70
2007.12.24 01:00:29.746,1.15,1.1505,1.20,5.70
2007.12.24 01:00:29.893,1.15,1.1504,1.20,0.50
2007.12.24 01:00:30.041,1.15,1.1505,1.20,5.70
2007.12.24 01:00:30.200,1.15,1.1505,1.20,5.70
2007.12.24 01:00:30.336,1.15,1.1504,1.20,0.50
2007.12.24 01:00:30.483,1.15,1.1504,1.20,0.50
2007.12.24 01:00:30.605,1.15,1.1505,1.20,5.70
2007.12.24 01:00:30.728,1.15,1.1505,1.20,5.70
2007.12.24 01:00:30.851,1.15,1.1504,1.20,0.50
2007.12.24 01:00:30.974,1.15,1.1504,1.20,0.50
2007.12.24 01:00:31.096,1.15,1.1505,1.20,5.70
2007.12.24 01:00:31.218,1.15,1.1504,1.20,0.50
2007.12.24 01:00:31.341,1.15,1.1504,1.20,0.50
2007.12.24 01:00:31.464,1.15,1.1505,1.20,5.70
2007.12.24 01:00:31.586,1.15,1.1504,1.20,0.50
2007.12.24 01:00:31.708,1.15,1.1504,1.20,0.50
2007.12.24 01:00:31.831,1.15,1.1504,1.20,0.50
2007.12.24 01:00:31.954,1.15,1.1504,1.20,0.50
2007.12.24 01:00:32.076,1.15,1.1504,1.20,0.50
2007.12.24 01:00:32.200,1.15,1.1504,1.20,0.50
2007.12.24 01:00:32.322,1.15,1.1504,1.20,0.50
2007.12.24 01:00:32.445,1.15,1.1505,1.20,5.70
2007.12.24 01:00:32.567,1.15,1.1505,1.20,5.70
2007.12.24 01:00:32.739,1.15,1.1505,1.20,5.70
2007.12.24 01:00:32.912,1.15,1.1505,1.20,5.70
2007.12.24 01:00:33.085,1.15,1.1504,1.20,0.50
2007.12.24 01:00:33.257,1.15,1.1504,1.20,0.50
2007.12.24 01:00:33.431,1.15,1.1505,1.20,5.70
2007.12.24 01:00:33.603,1.15,1.1504,1.20,0.50
2007.12.24 01:00:33.777,1.15,1.1505,1.20,5.70
2007.12.24 01:00:33.874,1.15,1.1504,1.20,0.50
2007.12.24 01:00:33.971,1.15,1.1505,1.20,5.70
2007.12.24 01:00:34.069,1.15,1.1505,1.20,5.70
2007.12.24 01:00:34.167,1.15,1.1504,1.20,0.50
2007.12.24 01:00:34.265,1.15,1.1504,1.20,0.50
2007.12.24 01:00:34.362,1.15,1.1505,1.20,5.70
2007.12.24 01:00:34.460,1.15,1.1505,1.20,5.70
2007.12.24 01:00:34.559,1.15,1.1504,1.20,0.50
2007.12.24 01:00:34.657,1.15,1.1504,1.20,0.50
2007.12.24 01:00:34.815,1.15,1.1504,0.50,0.50
2007.12.24 01:00:34.985,1.15,1.1505,0.50,12.40
2007.12.24 01:00:35.130,1.15,1.1504,0.50,0.90
2007.12.24 01:00:35.288,1.15,1.1505,0.50,12.40
2007.12.24 01:00:35.445,1.15,1.1505,0.50,12.40
2007.12.24 01:00:35.603,1.15,1.1504,0.50,1.00
2007.12.24 01:00:35.761,1.15,1.1505,0.50,12.40
2007.12.24 01:00:35.918,1.15,1.1505,0.50,12.40
2007.12.24 01:00:36.075,1.15,1.1505,0.50,12.40
2007.12.24 01:00:36.233,1.15,1.1505,0.50,12.40
2007.12.24 01:00:36.390,1.15,1.1505,0.50,12.40
2007.12.24 01:00:36.548,1.15,1.1504,0.50,1.10
2007.12.24 01:00:36.705,1.15,1.1504,0.50,0.50
2007.12.24 01:00:36.868,1.15,1.1504,0.50,1.20
2007.12.24 01:00:37.030,1.15,1.1504,0.50,0.60
2007.12.24 01:00:37.194,1.15,1.1505,0.50,12.40
2007.12.24 01:00:37.358,1.15,1.1504,0.50,0.70
2007.12.24 01:00:37.522,1.15,1.1505,0.50,12.40
2007.12.24 01:00:37.684,1.15,1.1505,0.50,12.40
2007.12.24 01:00:37.846,1.15,1.1505,0.50,12.40
2007.12.24 01:00:37.944,1.15,1.1505,0.50,12.40
2007.12.24 01:00:38.041,1.15,1.1505,0.50,12.40
2007.12.24 01:00:38.139,1.15,1.1504,0.50,1.30
2007.12.24 01:00:38.248,1.15,1.1504,0.50,1.20
2007.12.24 01:00:38.334,1.15,1.1505,0.50,12.40
2007.12.24 01:00:38.431,1.15,1.1505,0.50,12.40
2007.12.24 01:00:38.530,1.15,1.1505,0.50,12.40
2007.12.24 01:00:38.627,1.15,1.1505,0.50,12.40
2007.12.24 01:00:38.724,1.15,1.1505,0.50,12.40
2007.12.24 01:00:38.821,1.15,1.1505,0.50,12.40
2007.12.24 01:00:38.970,1.15,1.1504,0.50,0.90
2007.12.24 01:00:39.117,1.15,1.1505,0.50,12.40
2007.12.24 01:00:39.265,1.15,1.1504,0.50,1.30
2007.12.24 01:00:39.412,1.15,1.1505,0.50,12.40
2007.12.24 01:00:39.559,1.15,1.1504,0.50,1.40
2007.12.24 01:00:39.707,1.15,1.1505,0.50,12.40
2007.12.24 01:00:39.856,1.1499,1.1503,5.20,0.50
2007.12.24 01:00:40.028,1.1499,1.1503,1.20,0.90
2007.12.24 01:00:40.202,1.1499,1.15035,1.20,11.20
2007.12.24 01:00:40.379,1.1498,1.15035,2.40,20.40
2007.12.24 01:00:40.548,1.1499,1.1503,0.60,1.00
2007.12.24 01:00:40.720,1.1498,1.1504,2.40,14.80
2007.12.24 01:00:40.893,1.1499,1.1503,0.70,0.90
2007.12.24 01:00:41.126,1.1499,1.1503,0.50,0.70
2007.12.24 01:00:41.359,1.1499,1.1503,0.70,0.50
2007.12.24 01:00:41.602,1.1498,1.1504,14.40,5.70
2007.12.24 01:00:41.836,1.1498,1.1504,14.40,5.70
2007.12.24 01:00:42.069,1.1499,1.1503,0.50,0.50
2007.12.24 01:00:42.256,1.1499,1.1503,1.00,0.50
2007.12.24 01:00:42.445,1.1499,1.1503,0.90,0.50
2007.12.24 01:00:42.632,1.1498,1.1504,14.40,5.70
2007.12.24 01:00:42.819,1.1499,1.1503,0.70,0.50
2007.12.24 01:00:43.008,1.1499,1.1503,0.50,0.50
2007.12.24 01:00:43.160,1.1499,1.1503,0.80,0.50
2007.12.24 01:00:43.312,1.1498,1.1504,14.40,5.70
2007.12.24 01:00:43.464,1.1498,1.1504,14.40,5.70
2007.12.24 01:00:43.617,1.1499,1.1503,0.80,0.50
2007.12.24 01:00:43.771,1.1499,1.1503,0.50,0.50
2007.12.24 01:00:43.923,1.1498,1.1504,14.40,5.70
2007.12.24 01:00:44.025,1.1498,1.1504,14.40,5.70
2007.12.24 01:00:44.129,1.1499,1.1503,0.70,0.50
2007.12.24 01:00:44.231,1.1498,1.1504,14.40,5.70
2007.12.24 01:00:44.333,1.1499,1.1503,0.50,0.50
2007.12.24 01:00:44.436,1.1498,1.1504,14.40,5.70
2007.12.24 01:00:44.540,1.1498,1.1504,14.40,5.70
2007.12.24 01:00:44.643,1.1498,1.1504,14.40,5.70
2007.12.24 01:00:44.745,1.1498,1.1504,14.40,5.70
2007.12.24 01:00:44.847,1.1498,1.1504,14.40,5.70
2007.12.24 01:00:44.950,1.1498,1.1504,14.40,5.70
2007.12.24 01:00:45.093,1.1498,1.1504,14.40,5.70
2007.12.24 01:00:45.235,1.1499,1.1503,0.70,0.50
2007.12.24 01:00:45.391,1.1499,1.1503,0.70,0.50
2007.12.24 01:00:45.533,1.1499,1.1503,1.00,0.50
2007.12.24 01:00:45.676,1.1498,1.1504,14.40,5.70
2007.12.24 01:00:45.819,1.1498,1.1504,14.40,5.70
2007.12.24 01:00:45.961,1.1499,1.1503,0.50,0.50
2007.12.24 01:00:46.104,1.1498,1.1504,14.40,5.70
2007.12.24 01:00:46.217,1.1498,1.1504,14.40,5.70
2007.12.24 01:00:46.329,1.1498,1.1504,14.40,5.70
2007.12.24 01:00:46.441,1.1498,1.1504,14.40,5.70
2007.12.24 01:00:46.555,1.1498,1.1504,14.40,5.70
2007.12.24 01:00:46.668,1.1498,1.1504,14.40,5.70
2007.12.24 01:00:46.780,1.1498,1.1504,14.40,5.70
2007.12.24 01:00:46.893,1.1499,1.1503,1.00,0.50
2007.12.24 01:00:47.006,1.1498,1.1504,14.40,5.70
2007.12.24 01:00:47.188,1.1498,1.1504,14.40,5.70
2007.12.24 01:00:47.371,1.1499,1.1503,0.70,0.50
2007.12.24 01:00:47.553,1.1499,1.1503,0.70,0.50
2007.12.24 01:00:47.737,1.1499,1.1503,0.90,0.50
2007.12.24 01:00:47.919,1.1498,1.1504,14.40,5.70
2007.12.24 01:00:48.102,1.1498,1.1504,14.40,5.70
2007.12.24 01:00:48.265,1.1498,1.1504,14.40,5.70
2007.12.24 01:00:48.427,1.1498,1.1504,14.40,5.70
2007.12.24 01:00:48.590,1.1498,1.1504,14.40,5.70
2007.12.24 01:00:48.753,1.1498,1.1504,14.40,5.70
2007.12.24 01:00:48.915,1.1498,1.1504,14.40,5.70
2007.12.24 01:00:49.078,1.1498,1.1504,14.40,5.70
2007.12.24 01:00:49.241,1.1498,1.1504,14.40,5.70
2007.12.24 01:00:49.333,1.1499,1.1503,0.70,0.50
2007.12.24 01:00:49.425,1.1498,1.1504,14.40,5.70
2007.12.24 01:00:49.518,1.1498,1.1504,14.40,5.70
2007.12.24 01:00:49.612,1.1499,1.1503,0.70,0.50
2007.12.24 01:00:49.704,1.1499,1.1503,1.00,0.50
2007.12.24 01:00:49.796,1.1498,1.1504,14.40,5.70
2007.12.24 01:00:49.889,1.1498,1.1504,14.40,5.70
2007.12.24 01:00:49.982,1.1499,1.1503,0.80,0.50
2007.12.24 01:00:50.074,1.1498,1.1504,14.40,5.70
2007.12.24 01:00:50.167,1.1499,1.1503,0.60,0.50
2007.12.24 01:00:50.325,1.1499,1.1503,0.70,0.50
2007.12.24 01:00:50.482,1.1498,1.1504,14.40,5.70
2007.12.24 01:00:50.640,1.1498,1.1504,14.40,5.70
2007.12.24 01:00:50.798,1.1499,1.1503,1.00,0.50
2007.12.24 01:00:50.955,1.1499,1.1503,0.50,0.50
2007.12.24 01:00:51.113,1.1498,1.1504,14.40,5.70
2007.12.24 01:00:51.271,1.1498,1.1504,14.40,5.70
2007.12.24 01:00:51.389,1.1498,1.1504,14.40,5.70
2007.12.24 01:00:51.506,1.1498,1.1504,14.40,5.70
2007.12.24 01:00:51.624,1.1498,1.1504,14.40,5.70
2007.12.24 01:00:51.742,1.1498,1.1504,14.40,5.70
2007.12.24 01:00:51.859,1.1498,1.1504,14.40,5.70
2007.12.24 01:00:51.976,1.1498,1.1504,14.40,5.70
2007.12.24 01:00:52.094,1.1498,1.1504,14.40,5.70
2007.12.24 01:00:52.212,1.1498,1.1504,14.40,5.70
2007.12.24 01:00:52.344,1.1498,1.1504,14.40,5.70
2007.12.24 01:00:52.477,1.1499,1.1503,0.50,0.50
2007.12.24 01:00:52.610,1.1498,1.1504,14.40,5.70
2007.12.24 01:00:52.744,1.1499,1.1503,0.60,0.50
2007.12.24 01:00:52.888,1.1498,1.1504,14.40,5.70
2007.12.24 01:00:53.008,1.1499,1.1503,0.60,0.50
2007.12.24 01:00:53.141,1.1499,1.1503,0.70,0.50
2007.12.24 01:00:53.274,1.1499,1.1503,0.70,0.50
2007.12.24 01:00:53.405,1.1498,1.1504,14.40,5.70
2007.12.24 01:00:53.532,1.1499,1.1503,0.80,0.50
2007.12.24 01:00:53.659,1.1498,1.1504,14.40,5.70
2007.12.24 01:00:53.787,1.1498,1.1504,14.40,5.70
2007.12.24 01:00:53.915,1.1498,1.1504,14.40,5.70
2007.12.24 01:00:54.043,1.1499,1.1503,1.00,0.50
2007.12.24 01:00:54.170,1.1498,1.1504,14.40,5.70
2007.12.24 01:00:54.297,1.1498,1.1504,14.40,5.70
2007.12.24 01:00:54.515,1.1499,1.1503,0.50,0.50
2007.12.24 01:00:54.733,1.1498,1.1504,14.40,5.70
2007.12.24 01:00:54.950,1.1498,1.1504,14.40,5.70
2007.12.24 01:00:55.168,1.1498,1.1504,14.40,5.70
2007.12.24 01:00:55.387,1.1499,1.1504,0.60,0.70
2007.12.24 01:00:55.505,1.1499,1.1504,0.70,1.20
2007.12.24 01:00:55.624,1.1499,1.1504,0.80,1.30
2007.12.24 01:00:55.741,1.1499,1.1504,0.60,0.80
2007.12.24 01:00:55.863,1.14985,1.1505,9.20,12.40
2007.12.24 01:00:55.981,1.14985,1.1505,9.20,12.50
2007.12.24 01:00:56.100,1.14985,1.1505,9.20,12.50
2007.12.24 01:00:56.217,1.14985,1.1505,9.20,12.50
2007.12.24 01:00:56.336,1.14985,1.1505,9.20,12.50
2007.12.24 01:00:56.514,1.1499,1.1504,0.60,0.50
2007.12.24 01:00:56.691,1.14985,1.1505,9.20,12.50
2007.12.24 01:00:56.868,1.14985,1.1505,9.20,12.50
2007.12.24 01:00:57.047,1.14985,1.1505,9.20,12.50
2007.12.24 01:00:57.225,1.14985,1.1505,9.20,12.50
2007.12.24 01:00:57.418,1.14985,1.1505,9.20,12.50
2007.12.24 01:00:57.526,1.14985,1.1505,9.20,12.50
2007.12.24 01:00:57.648,1.14985,1.1505,9.20,12.50
2007.12.24 01:00:57.771,1.14985,1.1505,9.20,12.50
2007.12.24 01:00:57.894,1.1499,1.1504,1.00,0.50
2007.12.24 01:00:58.017,1.14985,1.1505,9.20,12.50
2007.12.24 01:00:58.140,1.14985,1.1505,9.20,12.50
2007.12.24 01:00:58.263,1.14985,1.1505,9.20,12.50
2007.12.24 01:00:58.385,1.1499,1.1504,0.60,0.50
2007.12.24 01:00:58.513,1.1499,1.1504,0.70,0.50
2007.12.24 01:00:58.641,1.14985,1.1505,9.20,12.50
2007.12.24 01:00:58.768,1.14985,1.1505,9.20,12.50
2007.12.24 01:00:58.896,1.14985,1.1505,9.20,12.50
2007.12.24 01:00:59.023,1.1499,1.1504,1.00,0.50
2007.12.24 01:00:59.151,1.1499,1.1504,1.00,0.50
2007.12.24 01:00:59.279,1.1499,1.1504,0.90,0.50
2007.12.24 01:00:59.405,1.14985,1.1505,9.20,12.50
2007.12.24 01:00:59.533,1.1499,1.1504,0.90,0.50
2007.12.24 01:00:59.661,1.1499,1.1504,1.00,0.50
2007.12.24 01:00:59.790,1.14985,1.1505,9.20,12.50
2007.12.24 01:00:59.917,1.14985,1.1505,9.20,12.50
2007.12.24 01:01:00.044,1.1499,1.1504,0.70,0.50
2007.12.24 01:01:00.173,1.1499,1.1504,0.90,0.50
2007.12.24 01:01:00.300,1.14985,1.1505,9.20,12.50
2007.12.24 01:01:00.427,1.1499,1.1504,0.60,0.50
2007.12.24 01:01:00.545,1.14985,1.1505,9.20,12.50
2007.12.24 01:01:00.662,1.1499,1.1504,0.90,0.50
2007.12.24 01:01:00.780,1.1499,1.1504,1.00,0.50
2007.12.24 01:01:00.897,1.14985,1.1505,9.20,12.50
2007.12.24 01:01:01.014,1.14985,1.1505,9.20,12.50
2007.12.24 01:01:01.132,1.14985,1.1505,9.20,12.50
2007.12.24 01:01:01.250,1.1499,1.1504,0.60,0.50
2007.12.24 01:01:01.367,1.14985,1.1505,9.20,12.50
2007.12.24 01:01:01.484,1.14985,1.1505,9.20,12.50
2007.12.24 01:01:01.617,1.1499,1.1504,0.70,0.50
2007.12.24 01:01:01.749,1.1499,1.1504,0.90,0.50
2007.12.24 01:01:01.883,1.14985,1.1505,9.20,12.50
2007.12.24 01:01:02.015,1.14985,1.1505,9.20,12.50
2007.12.24 01:01:02.150,1.1499,1.1504,0.90,0.50
2007.12.24 01:01:02.282,1.14985,1.1504,9.20,1.70
2007.12.24 01:01:02.416,1.1498,1.1504,6.40,12.40
2007.12.24 01:01:02.549,1.1499,1.1503,1.00,0.80
2007.12.24 01:01:02.757,1.1498,1.1504,6.40,12.40
2007.12.24 01:01:02.966,1.1498,1.1504,6.40,12.40
2007.12.24 01:01:03.173,1.1498,1.1504,6.40,12.40
2007.12.24 01:01:03.380,1.1499,1.1503,1.00,1.30
2007.12.24 01:01:03.589,1.1499,1.1503,1.00,1.40
2007.12.24 01:01:03.771,1.1499,1.1503,0.60,0.70
2007.12.24 01:01:03.953,1.1498,1.1504,6.40,14.80
2007.12.24 01:01:04.137,1.1499,1.1503,0.80,1.20
2007.12.24 01:01:04.318,1.1498,1.1504,6.40,14.80
2007.12.24 01:01:04.501,1.1498,1.15035,6.40,13.60
2007.12.24 01:01:04.658,1.1498,1.15035,6.40,13.60
2007.12.24 01:01:04.816,1.1499,1.1503,0.60,1.10
2007.12.24 01:01:04.974,1.1499,1.1503,1.00,0.90
2007.12.24 01:01:05.132,1.1498,1.15035,6.40,13.60
2007.12.24 01:01:05.289,1.1498,1.15035,6.40,13.60
2007.12.24 01:01:05.447,1.1498,1.15035,6.40,13.60
2007.12.24 01:01:05.605,1.1498,1.15035,6.40,13.60
2007.12.24 01:01:05.753,1.1498,1.15035,6.40,13.60
2007.12.24 01:01:05.900,1.1499,1.1503,0.70,0.60
2007.12.24 01:01:06.060,1.1498,1.15035,6.40,13.60
2007.12.24 01:01:06.195,1.1498,1.15035,6.40,13.60
2007.12.24 01:01:06.343,1.1498,1.15035,2.40,11.20
2007.12.24 01:01:06.491,1.1498,1.15035,2.40,11.20
2007.12.24 01:01:06.650,1.1498,1.15035,2.40,11.20
2007.12.24 01:01:06.832,1.1498,1.1504,2.40,12.40
2007.12.24 01:01:07.025,1.1499,1.1503,0.80,0.80
2007.12.24 01:01:07.217,1.1498,1.1504,2.40,12.40
2007.12.24 01:01:07.410,1.1498,1.1504,2.40,12.40
2007.12.24 01:01:07.602,1.1499,1.1504,1.20,12.40
2007.12.24 01:01:07.745,1.1499,1.1503,1.20,1.30
2007.12.24 01:01:07.888,1.1499,1.1503,1.20,0.80
2007.12.24 01:01:08.031,1.1499,1.1503,1.20,1.20
2007.12.24 01:01:08.173,1.1499,1.1504,1.20,12.40
2007.12.24 01:01:08.315,1.1499,1.1504,1.20,12.40
2007.12.24 01:01:08.458,1.1499,1.1503,1.20,1.00
2007.12.24 01:01:08.601,1.1499,1.1504,1.20,12.40
2007.12.24 01:01:08.724,1.1499,1.1503,1.20,0.80
2007.12.24 01:01:08.846,1.1499,1.1503,1.20,1.30
2007.12.24 01:01:08.969,1.1499,1.1504,1.20,12.40
2007.12.24 01:01:09.092,1.1499,1.1504,1.20,12.40
2007.12.24 01:01:09.215,1.1499,1.1504,1.20,12.40
2007.12.24 01:01:09.338,1.1499,1.15035,1.20,13.60
2007.12.24 01:01:09.461,1.1499,1.1503,1.20,0.50
2007.12.24 01:01:09.584,1.1499,1.15035,1.20,13.60
2007.12.24 01:01:09.772,1.1499,1.15035,1.20,13.60
2007.12.24 01:01:09.960,1.1499,1.1503,1.20,1.40
2007.12.24 01:01:10.160,1.1499,1.1503,1.20,1.00
2007.12.24 01:01:10.348,1.1499,1.1503,1.20,1.40
2007.12.24 01:01:10.535,1.1499,1.15035,1.20,13.60
2007.12.24 01:01:10.723,1.1499,1.15035,1.20,13.60
2007.12.24 01:01:10.826,1.1499,1.1503,1.20,1.40
2007.12.24 01:01:10.928,1.1499,1.15035,1.20,13.60
2007.12.24 01:01:11.030,1.1499,1.15035,1.20,13.60
2007.12.24 01:01:11.133,1.1499,1.15035,1.20,13.60
2007.12.24 01:01:11.236,1.1499,1.1503,1.20,0.90
2007.12.24 01:01:11.339,1.1499,1.1503,1.20,0.60
2007.12.24 01:01:11.441,1.1499,1.15035,1.20,13.60
2007.12.24 01:01:11.544,1.1499,1.1503,1.20,0.70
2007.12.24 01:01:11.647,1.1499,1.1503,1.20,0.60
2007.12.24 01:01:11.850,1.1499,1.1503,1.20,1.00
2007.12.24 01:01:12.053,1.1499,1.15035,1.20,11.20
2007.12.24 01:01:12.256,1.1499,1.1503,1.20,0.90
2007.12.24 01:01:12.459,1.1499,1.1503,0.80,12.40
2007.12.24 01:01:12.662,1.1499,1.1503,0.80,12.40
2007.12.24 01:01:12.865,1.1499,1.1502,0.80,1.10
2007.12.24 01:01:13.142,1.1499,1.1503,0.80,12.40
2007.12.24 01:01:13.420,1.1499,1.1502,0.80,1.00
2007.12.24 01:01:13.709,1.1499,1.1502,0.80,0.50
2007.12.24 01:01:13.976,1.1499,1.1502,0.80,0.50
2007.12.24 01:01:14.089,1.1499,1.1503,0.80,12.40
2007.12.24 01:01:14.201,1.1499,1.1503,0.80,12.40
2007.12.24 01:01:14.314,1.1499,1.1502,0.80,1.20
2007.12.24 01:01:14.427,1.1499,1.1503,0.80,12.40
2007.12.24 01:01:14.540,1.1499,1.1503,0.80,12.40
2007.12.24 01:01:14.653,1.1499,1.1503,0.80,12.40
2007.12.24 01:01:14.765,1.1499,1.1502,0.80,0.70
2007.12.24 01:01:14.958,1.1499,1.1502,0.80,1.30
2007.12.24 01:01:15.150,1.1499,1.1503,0.80,12.40
2007.12.24 01:01:15.343,1.1499,1.1502,0.80,0.90
2007.12.24 01:01:15.535,1.1499,1.1503,0.80,12.40
2007.12.24 01:01:15.738,1.1499,1.1503,0.80,12.40
2007.12.24 01:01:15.826,1.1499,1.1502,0.80,1.40
2007.12.24 01:01:15.914,1.1499,1.1502,0.80,1.40
2007.12.24 01:01:16.001,1.1499,1.1503,0.80,12.40
2007.12.24 01:01:16.088,1.1499,1.1503,0.80,12.40
2007.12.24 01:01:16.181,1.1499,1.1503,0.80,12.40
2007.12.24 01:01:16.270,1.1499,1.1502,0.80,1.00
2007.12.24 01:01:16.358,1.1499,1.1502,0.80,0.70
2007.12.24 01:01:16.444,1.1499,1.1503,0.80,12.40
2007.12.24 01:01:16.532,1.1499,1.1502,0.80,1.20
2007.12.24 01:01:16.620,1.1499,1.1502,0.80,0.60
2007.12.24 01:01:16.708,1.1499,1.1502,0.80,1.30
2007.12.24 01:01:16.795,1.1499,1.1502,0.80,0.70
2007.12.24 01:01:16.973,1.1499,1.1503,0.80,12.40
2007.12.24 01:01:17.151,1.1499,1.1503,0.80,12.40
2007.12.24 01:01:17.329,1.1499,1.1502,0.80,0.90
2007.12.24 01:01:17.507,1.1499,1.1503,0.80,12.40
2007.12.24 01:01:17.685,1.1499,1.1503,0.80,12.40
2007.12.24 01:01:17.863,1.1499,1.1503,0.80,12.40
2007.12.24 01:01:18.026,1.1499,1.1503,0.80,12.40
2007.12.24 01:01:18.189,1.1499,1.1503,0.80,12.40
2007.12.24 01:01:18.352,1.1499,1.1503,0.80,5.70
2007.12.24 01:01:18.515,1.1499,1.1503,0.80,5.70
2007.12.24 01:01:18.678,1.1499,1.1503,0.80,5.70
2007.12.24 01:01:18.840,1.1499,1.1503,0.80,5.70
2007.12.24 01:01:19.003,1.1499,1.1503,0.80,5.70
2007.12.24 01:01:19.175,1.1499,1.1502,0.80,0.50
2007.12.24 01:01:19.348,1.1499,1.1503,0.80,5.70
2007.12.24 01:01:19.521,1.1499,1.1503,0.80,5.70
2007.12.24 01:01:19.693,1.1499,1.1503,0.80,5.70
2007.12.24 01:01:19.866,1.1499,1.1502,0.80,0.50
2007.12.24 01:01:20.039,1.1499,1.1502,0.80,0.50
2007.12.24 01:01:20.137,1.1499,1.1503,0.80,5.70
2007.12.24 01:01:20.234,1.1499,1.1502,0.80,0.50
2007.12.24 01:01:20.332,1.1499,1.15035,1.20,11.20
2007.12.24 01:01:20.430,1.1499,1.1504,1.20,12.40
2007.12.24 01:01:20.527,1.1499,1.1504,1.20,12.40
2007.12.24 01:01:20.625,1.1499,1.1504,1.20,12.40
2007.12.24 01:01:20.723,1.1499,1.1503,1.20,1.40
2007.12.24 01:01:20.820,1.1499,1.1504,1.20,12.40
2007.12.24 01:01:20.917,1.1499,1.1504,1.20,12.40
2007.12.24 01:01:21.150,1.1499,1.1504,1.20,12.40
2007.12.24 01:01:21.383,1.1499,1.1504,1.20,12.40
2007.12.24 01:01:21.616,1.1499,1.1503,1.20,1.00
2007.12.24 01:01:21.848,1.1499,1.1504,1.20,12.40
2007.12.24 01:01:22.081,1.1499,1.1503,1.20,0.60
2007.12.24 01:01:22.169,1.1499,1.1504,1.20,12.40
2007.12.24 01:01:22.256,1.1499,1.1504,1.20,12.40
2007.12.24 01:01:22.344,1.1499,1.1503,1.20,0.90
2007.12.24 01:01:22.432,1.1499,1.1504,1.20,12.40
2007.12.24 01:01:22.520,1.1499,1.1503,1.20,1.40
2007.12.24 01:01:22.606,1.1499,1.1503,1.20,1.40
2007.12.24 01:01:22.695,1.1499,1.1504,1.20,12.40
2007.12.24 01:01:22.783,1.1499,1.1504,1.20,12.40
2007.12.24 01:01:22.870,1.1499,1.1503,1.20,1.00
2007.12.24 01:01:22.959,1.1499,1.1503,1.20,1.30
2007.12.24 01:01:23.111,1.1499,1.1504,1.20,12.40
2007.12.24 01:01:23.264,1.1499,1.1503,1.20,0.60
2007.12.24 01:01:23.416,1.1499,1.1504,1.20,12.40
2007.12.24 01:01:23.569,1.1499,1.1504,1.20,12.40
2007.12.24 01:01:23.722,1.1499,1.1504,1.20,12.40
2007.12.24 01:01:23.874,1.1499,1.1503,1.20,1.10
2007.12.24 01:01:24.027,1.1499,1.1503,1.20,1.00
2007.12.24 01:01:24.135,1.1499,1.1504,1.20,12.40
2007.12.24 01:01:24.243,1.1499,1.1503,1.20,0.80
2007.12.24 01:01:24.351,1.1499,1.1503,1.20,0.90
2007.12.24 01:01:24.459,1.1499,1.1504,1.20,12.40
2007.12.24 01:01:24.566,1.1499,1.1504,1.20,12.40
2007.12.24 01:01:24.674,1.1499,1.1503,1.20,1.10
2007.12.24 01:01:24.782,1.1499,1.1504,1.20,12.40
2007.12.24 01:01:24.890,1.1499,1.1504,1.20,12.40
2007.12.24 01:01:24.998,1.1499,1.1503,1.20,0.90
2007.12.24 01:01:25.131,1.1499,1.1503,1.20,0.50
2007.12.24 01:01:25.263,1.1499,1.1504,1.20,12.40
2007.12.24 01:01:25.396,1.1499,1.1504,1.20,12.40
2007.12.24 01:01:25.529,1.1499,1.1504,1.20,12.40
2007.12.24 01:01:25.662,1.1499,1.1504,1.20,12.40
2007.12.24 01:01:25.795,1.1499,1.1504,1.20,12.40
2007.12.24 01:01:25.928,1.1499,1.1503,0.80,5.70
2007.12.24 01:01:26.061,1.1499,1.1503,0.80,5.70
2007.12.24 01:01:26.238,1.1499,1.1503,0.80,5.70
2007.12.24 01:01:26.415,1.1499,1.1503,0.80,5.70
2007.12.24 01:01:26.594,1.1499,1.1503,0.80,5.70
2007.12.24 01:01:26.772,1.1499,1.1503,0.80,5.70
2007.12.24 01:01:26.949,1.1499,1.1503,0.80,5.70
2007.12.24 01:01:27.127,1.1499,1.1502,0.80,0.50
2007.12.24 01:01:27.245,1.1499,1.1502,0.80,0.50
2007.12.24 01:01:27.363,1.1499,1.1503,0.80,5.70
2007.12.24 01:01:27.480,1.1499,1.1502,0.80,0.50
2007.12.24 01:01:27.598,1.1499,1.1502,0.80,0.50
2007.12.24 01:01:27.715,1.1499,1.1503,0.80,5.70
2007.12.24 01:01:27.832,1.1499,1.1502,0.80,0.50
2007.12.24 01:01:27.949,1.1499,1.1502,0.80,0.50
2007.12.24 01:01:28.067,1.1499,1.1503,0.80,5.70
2007.12.24 01:01:28.190,1.1499,1.1503,0.80,5.70
2007.12.24 01:01:28.313,1.1499,1.1503,0.80,5.70
2007.12.24 01:01:28.443,1.1499,1.1502,0.80,0.50
2007.12.24 01:01:28.566,1.1499,1.1503,0.80,5.70
2007.12.24 01:01:28.688,1.1499,1.1503,0.80,5.70
2007.12.24 01:01:28.811,1.1499,1.1503,0.80,5.70
2007.12.24 01:01:28.934,1.1499,1.1503,0.80,5.70
2007.12.24 01:01:29.056,1.1499,1.1502,0.80,0.50
2007.12.24 01:01:29.179,1.1499,1.1503,0.80,5.70
2007.12.24 01:01:29.302,1.1499,1.1503,0.80,5.70
2007.12.24 01:01:29.424,1.1499,1.1503,0.80,5.70
2007.12.24 01:01:29.546,1.1499,1.1503,0.80,5.70
2007.12.24 01:01:29.670,1.1499,1.1503,0.80,5.70
2007.12.24 01:01:29.792,1.1499,1.1503,0.80,5.70
2007.12.24 01:01:29.914,1.1499,1.1502,0.80,0.50
2007.12.24 01:01:30.038,1.1499,1.1503,0.80,5.70
2007.12.24 01:01:30.161,1.1499,1.1503,0.80,5.70
2007.12.24 01:01:30.338,1.1499,1.1502,0.80,0.50
2007.12.24 01:01:30.527,1.1499,1.1503,0.80,5.70
2007.12.24 01:01:30.705,1.1499,1.1503,0.80,5.70
2007.12.24 01:01:30.882,1.1499,1.1503,0.80,5.70
2007.12.24 01:01:31.059,1.1499,1.1503,0.80,5.70
2007.12.24 01:01:31.238,1.1499,1.1503,0.80,5.70
2007.12.24 01:01:31.331,1.1499,1.1502,0.80,0.50
2007.12.24 01:01:31.423,1.1499,1.1503,0.80,5.70
2007.12.24 01:01:31.515,1.1499,1.1503,0.80,5.70
2007.12.24 01:01:31.607,1.1499,1.1503,0.80,5.70
2007.12.24 01:01:31.701,1.1499,1.1503,0.80,5.70
2007.12.24 01:01:31.793,1.1499,1.1503,0.80,5.70
2007.12.24 01:01:31.885,1.1499,1.1503,0.80,5.70
2007.12.24 01:01:31.979,1.1499,1.1502,0.80,0.50
2007.12.24 01:01:32.072,1.1499,1.1502,0.80,0.50
2007.12.24 01:01:32.164,1.1499,1.1503,0.80,5.70
2007.12.24 01:01:32.256,1.1499,1.1503,0.80,5.70
2007.12.24 01:01:32.410,1.1499,1.1502,0.80,0.50
2007.12.24 01:01:32.562,1.1499,1.1503,0.80,5.70
2007.12.24 01:01:32.714,1.1499,1.1503,0.80,5.70
2007.12.24 01:01:32.868,1.1499,1.1503,0.80,5.70
2007.12.24 01:01:33.020,1.1499,1.1502,0.80,0.50
2007.12.24 01:01:33.172,1.1499,1.1503,0.80,5.70
2007.12.24 01:01:33.326,1.1499,1.1502,0.80,0.50
2007.12.24 01:01:33.428,1.1499,1.1503,0.80,5.70
2007.12.24 01:01:33.530,1.1499,1.1503,0.80,5.70
2007.12.24 01:01:33.634,1.1499,1.1503,0.80,5.70
2007.12.24 01:01:33.738,1.1499,1.1502,0.80,0.50
2007.12.24 01:01:33.840,1.1499,1.1503,0.80,5.70
2007.12.24 01:01:33.944,1.1499,1.1503,0.80,5.70
2007.12.24 01:01:34.046,1.1499,1.1503,0.80,5.70
2007.12.24 01:01:34.149,1.1499,1.1503,0.80,5.70
2007.12.24 01:01:34.250,1.1499,1.1503,0.80,5.70
2007.12.24 01:01:34.388,1.1499,1.1503,0.80,5.70
2007.12.24 01:01:34.526,1.1499,1.1502,0.80,0.50
2007.12.24 01:01:34.663,1.1499,1.1502,0.80,0.50
2007.12.24 01:01:34.802,1.1499,1.1502,0.80,0.50
2007.12.24 01:01:34.940,1.1499,1.1503,0.80,5.70
2007.12.24 01:01:35.077,1.1499,1.1503,0.80,5.70
2007.12.24 01:01:35.214,1.1499,1.1503,0.80,5.70
2007.12.24 01:01:35.351,1.1499,1.1503,0.80,5.70
2007.12.24 01:01:35.465,1.1499,1.1503,0.80,5.70
2007.12.24 01:01:35.577,1.1499,1.1502,0.80,0.50
2007.12.24 01:01:35.689,1.1499,1.1502,0.80,0.50
2007.12.24 01:01:35.801,1.1499,1.1502,0.80,0.50
2007.12.24 01:01:35.915,1.1499,1.1502,0.80,0.50
2007.12.24 01:01:36.027,1.1499,1.1502,0.80,0.50
2007.12.24 01:01:36.139,1.1499,1.1503,0.80,5.70
2007.12.24 01:01:36.253,1.1499,1.1503,0.80,5.70
2007.12.24 01:01:36.365,1.1499,1.1503,0.80,5.70
2007.12.24 01:01:36.497,1.1499,1.1503,0.80,5.70
2007.12.24 01:01:36.630,1.1499,1.1503,0.80,5.70
2007.12.24 01:01:36.763,1.1499,1.1503,0.80,5.70
2007.12.24 01:01:36.895,1.1499,1.1503,0.80,5.70
2007.12.24 01:01:37.028,1.1499,1.1503,0.80,5.70
2007.12.24 01:01:37.160,1.1499,1.1502,0.80,0.50
2007.12.24 01:01:37.292,1.1499,1.1503,0.80,5.70
2007.12.24 01:01:37.404,1.1499,1.1502,0.80,0.50
2007.12.24 01:01:37.518,1.1499,1.1502,0.80,0.50
2007.12.24 01:01:37.630,1.1499,1.1502,0.80,0.50
2007.12.24 01:01:37.742,1.1499,1.1503,0.80,5.70
2007.12.24 01:01:37.855,1.1499,1.1503,0.80,5.70
2007.12.24 01:01:37.968,1.1499,1.1502,0.80,0.50
2007.12.24 01:01:38.080,1.1499,1.1503,0.80,5.70
2007.12.24 01:01:38.192,1.1499,1.1503,0.80,5.70
2007.12.24 01:01:38.305,1.1499,1.1502,0.80,0.50
2007.12.24 01:01:38.469,1.1499,1.1503,0.80,5.70
2007.12.24 01:01:38.631,1.1499,1.1502,0.80,0.50
2007.12.24 01:01:38.793,1.1499,1.1503,0.80,5.70
2007.12.24 01:01:38.956,1.1499,1.1503,0.80,5.70
2007.12.24 01:01:39.120,1.1499,1.1503,0.80,5.70
2007.12.24 01:01:39.282,1.1499,1.1502,0.80,0.50
2007.12.24 01:01:39.409,1.1499,1.1503,0.80,5.70
2007.12.24 01:01:39.537,1.1499,1.1503,0.80,5.70
2007.12.24 01:01:39.666,1.1499,1.1502,0.80,0.50
2007.12.24 01:01:39.793,1.1499,1.1503,0.80,5.70
2007.12.24 01:01:39.920,1.1499,1.1503,0.80,5.70
2007.12.24 01:01:40.048,1.1499,1.1503,0.80,5.70
2007.12.24 01:01:40.176,1.1499,1.1502,0.80,0.50
2007.12.24 01:01:40.303,1.1499,1.1502,0.80,0.50
2007.12.24 01:01:40.431,1.1499,1.1503,0.80,5.70
2007.12.24 01:01:40.554,1.1499,1.1503,0.80,5.70
2007.12.24 01:01:40.676,1.1499,1.1503,0.80,5.70
2007.12.24 01:01:40.798,1.1499,1.1502,0.80,0.50
2007.12.24 01:01:40.921,1.1499,1.1502,0.80,0.50
2007.12.24 01:01:41.045,1.1499,1.1502,0.80,0.50
2007.12.24 01:01:41.167,1.1499,1.1503,0.80,5.70
2007.12.24 01:01:41.289,1.1499,1.1503,0.80,5.70
2007.12.24 01:01:41.411,1.1499,1.1502,0.80,0.50
2007.12.24 01:01:41.508,1.1499,1.1502,0.80,0.50
2007.12.24 01:01:41.534,1.1498,1.1503,5.20,5.70
2007.12.24 01:01:41.658,1.1499,1.1502,0.80,0.50
2007.12.24 01:01:41.780,1.1498,1.1503,5.20,5.70
2007.12.24 01:01:41.902,1.1499,1.1502,0.80,0.50
2007.12.24 01:01:42.026,1.1498,1.1503,5.20,5.70
2007.12.24 01:01:42.148,1.1499,1.1502,0.80,0.50
2007.12.24 01:01:42.270,1.1499,1.1502,0.80,0.50
2007.12.24 01:01:42.394,1.1499,1.1502,0.80,0.50
2007.12.24 01:01:42.521,1.1499,1.1502,0.80,0.50
2007.12.24 01:01:42.649,1.1498,1.1503,5.20,5.70
2007.12.24 01:01:42.778,1.1499,1.1502,0.80,0.50
2007.12.24 01:01:42.905,1.1499,1.1502,0.80,0.50
2007.12.24 01:01:43.032,1.1498,1.1503,5.20,5.70
2007.12.24 01:01:43.160,1.1498,1.1503,5.20,5.70
2007.12.24 01:01:43.287,1.1498,1.1503,5.20,5.70
2007.12.24 01:01:43.415,1.1499,1.1502,0.80,0.50
2007.12.24 01:01:43.533,1.1498,1.1503,5.20,5.70
2007.12.24 01:01:43.650,1.1498,1.1503,5.20,5.70
2007.12.24 01:01:43.768,1.1498,1.1503,5.20,5.70
2007.12.24 01:01:43.887,1.1498,1.1503,5.20,5.70
2007.12.24 01:01:44.004,1.1499,1.1502,0.80,0.50
2007.12.24 01:01:44.122,1.1499,1.1502,0.80,0.50
2007.12.24 01:01:44.239,1.1498,1.1503,5.20,5.70
2007.12.24 01:01:44.358,1.1498,1.1504,2.40,12.40
2007.12.24 01:01:44.476,1.1499,1.1503,0.50,1.20
2007.12.24 01:01:44.678,1.1498,1.1504,2.40,12.40
2007.12.24 01:01:44.888,1.1498,1.1504,2.40,12.40
2007.12.24 01:01:45.090,1.1498,1.1504,2.40,12.40
2007.12.24 01:01:45.293,1.1499,1.1503,0.80,1.30
2007.12.24 01:01:45.495,1.1498,1.1504,2.40,12.40
2007.12.24 01:01:45.593,1.1498,1.1504,2.40,12.40
2007.12.24 01:01:45.692,1.1499,1.1503,0.80,1.10
2007.12.24 01:01:45.789,1.1498,1.1504,2.40,12.40
2007.12.24 01:01:45.886,1.1498,1.1504,2.40,12.40
2007.12.24 01:01:45.983,1.1498,1.1504,2.40,12.40
2007.12.24 01:01:46.081,1.1498,1.1504,2.40,12.40
2007.12.24 01:01:46.180,1.1498,1.1504,2.40,12.40
2007.12.24 01:01:46.277,1.1498,1.1504,2.40,12.40
2007.12.24 01:01:46.374,1.1498,1.1504,2.40,12.40
2007.12.24 01:01:46.471,1.1498,1.1504,2.40,12.40
2007.12.24 01:01:46.635,1.1499,1.1503,0.90,1.10
2007.12.24 01:01:46.810,1.1499,1.1503,0.60,0.90
2007.12.24 01:01:46.972,1.1499,1.1503,0.70,0.90
2007.12.24 01:01:47.136,1.1499,1.1503,0.50,0.60
2007.12.24 01:01:47.298,1.1498,1.1504,2.40,12.40
2007.12.24 01:01:47.460,1.1499,1.1503,0.70,0.90
2007.12.24 01:01:47.623,1.1498,1.1504,2.40,12.40
2007.12.24 01:01:47.721,1.1499,1.1503,0.60,1.30
2007.12.24 01:01:47.831,1.1499,1.1503,1.00,1.00
2007.12.24 01:01:47.928,1.1498,1.1504,2.40,12.40
2007.12.24 01:01:48.027,1.1499,1.1503,0.90,0.70
2007.12.24 01:01:48.124,1.1498,1.1504,2.40,12.40
2007.12.24 01:01:48.222,1.1499,1.1503,0.80,1.30
2007.12.24 01:01:48.319,1.1498,1.1504,2.40,12.40
2007.12.24 01:01:48.417,1.1499,1.1503,0.50,1.00
2007.12.24 01:01:48.516,1.1499,1.1503,0.50,1.00
2007.12.24 01:01:48.673,1.1498,1.1504,2.40,12.40
2007.12.24 01:01:48.830,1.1498,1.1504,2.40,12.40
2007.12.24 01:01:48.989,1.1499,1.1503,0.90,0.60
2007.12.24 01:01:49.146,1.1498,1.1504,2.40,12.40
2007.12.24 01:01:49.304,1.1499,1.1503,0.80,1.00
2007.12.24 01:01:49.461,1.1498,1.1504,2.40,12.40
2007.12.24 01:01:49.619,1.1498,1.1504,2.40,12.40
2007.12.24 01:01:49.717,1.1498,1.1504,2.40,12.40
2007.12.24 01:01:49.814,1.1498,1.1504,2.40,12.40
2007.12.24 01:01:49.911,1.1498,1.1504,2.40,12.40
2007.12.24 01:01:50.009,1.1499,1.1503,0.60,0.90
2007.12.24 01:01:50.107,1.1498,1.1504,2.40,12.40
2007.12.24 01:01:50.204,1.1498,1.1504,2.40,12.40
2007.12.24 01:01:50.302,1.1499,1.1503,0.70,0.90
2007.12.24 01:01:50.401,1.1498,1.1504,2.40,12.40
2007.12.24 01:01:50.498,1.1498,1.1504,2.40,12.40
2007.12.24 01:01:50.595,1.1498,1.1504,2.40,12.40
2007.12.24 01:01:50.750,1.1498,1.1504,2.40,12.40
2007.12.24 01:01:50.881,1.1498,1.1504,2.40,12.40
2007.12.24 01:01:51.023,1.1498,1.1504,2.40,12.40
2007.12.24 01:01:51.165,1.1499,1.1503,0.90,0.80
2007.12.24 01:01:51.309,1.1499,1.1503,0.60,1.00
2007.12.24 01:01:51.451,1.1498,1.1504,2.40,12.40
2007.12.24 01:01:51.594,1.1498,1.1504,2.40,12.40
2007.12.24 01:01:51.736,1.1499,1.1503,0.80,1.40
2007.12.24 01:01:51.845,1.1499,1.1503,0.80,0.50
2007.12.24 01:01:51.953,1.1499,1.1503,0.90,0.70
2007.12.24 01:01:52.060,1.1499,1.1503,0.80,1.10
2007.12.24 01:01:52.167,1.1498,1.1504,2.40,12.40
2007.12.24 01:01:52.275,1.1498,1.1504,2.40,12.40
2007.12.24 01:01:52.383,1.1499,1.1503,0.80,0.70
2007.12.24 01:01:52.490,1.1498,1.1504,2.40,12.40
2007.12.24 01:01:52.598,1.1499,1.1503,0.90,0.60
2007.12.24 01:01:52.719,1.1498,1.1504,2.40,12.40
2007.12.24 01:01:52.849,1.1498,1.1504,2.40,12.40
2007.12.24 01:01:52.991,1.1499,1.1503,0.90,1.10
2007.12.24 01:01:53.134,1.1498,1.1504,2.40,12.40
2007.12.24 01:01:53.276,1.1498,1.1504,2.40,12.40
2007.12.24 01:01:53.419,1.1498,1.1504,2.40,12.40
2007.12.24 01:01:53.561,1.1498,1.1504,2.40,12.40
2007.12.24 01:01:53.704,1.1498,1.1504,2.40,12.40
2007.12.24 01:01:53.819,1.1499,1.1503,1.00,0.90
2007.12.24 01:01:53.921,1.1498,1.1504,2.40,12.40
2007.12.24 01:01:54.023,1.1499,1.1503,0.80,1.10
2007.12.24 01:01:54.127,1.1499,1.1503,0.70,0.80
2007.12.24 01:01:54.229,1.1498,1.1504,2.40,12.40
2007.12.24 01:01:54.332,1.1498,1.1504,2.40,12.40
2007.12.24 01:01:54.435,1.1498,1.1504,2.40,12.40
2007.12.24 01:01:54.538,1.1498,1.1504,2.40,12.40
2007.12.24 01:01:54.641,1.1498,1.1504,2.40,12.40
2007.12.24 01:01:54.743,1.1498,1.1504,2.40,12.40
2007.12.24 01:01:54.896,1.1499,1.1503,0.80,0.80
2007.12.24 01:01:55.048,1.1499,1.1503,0.50,0.50
2007.12.24 01:01:55.201,1.1498,1.1504,2.40,12.40
2007.12.24 01:01:55.353,1.1498,1.1504,2.40,12.40
2007.12.24 01:01:55.506,1.1499,1.1503,0.50,0.70
2007.12.24 01:01:55.658,1.1498,1.1504,2.40,12.40
2007.12.24 01:01:55.810,1.1498,1.1504,2.40,12.40
2007.12.24 01:01:55.929,1.1499,1.1503,0.50,0.60
2007.12.24 01:01:56.048,1.1499,1.1503,0.50,0.80
2007.12.24 01:01:56.165,1.1498,1.1504,2.40,12.40
2007.12.24 01:01:56.284,1.1498,1.1504,2.40,12.40
2007.12.24 01:01:56.402,1.1499,1.1503,1.00,1.20
2007.12.24 01:01:56.519,1.1499,1.1503,0.80,0.70
2007.12.24 01:01:56.636,1.1499,1.1503,1.00,1.30
2007.12.24 01:01:56.755,1.1499,1.1503,0.70,1.00
2007.12.24 01:01:56.952,1.1498,1.1504,2.40,12.40
2007.12.24 01:01:57.149,1.1499,1.1503,0.50,1.30
2007.12.24 01:01:57.347,1.1498,1.1504,2.40,12.40
2007.12.24 01:01:57.544,1.1498,1.1504,2.40,12.40
2007.12.24 01:01:57.742,1.1498,1.1504,2.40,12.40
2007.12.24 01:01:57.939,1.1498,1.1504,2.40,12.40
2007.12.24 01:01:58.028,1.1498,1.1504,2.40,12.40
2007.12.24 01:01:58.115,1.1499,1.1503,0.70,1.00
2007.12.24 01:01:58.202,1.1498,1.1504,2.40,12.40
2007.12.24 01:01:58.290,1.1499,1.1503,0.50,0.50
2007.12.24 01:01:58.378,1.1498,1.1504,2.40,12.40
2007.12.24 01:01:58.466,1.1498,1.1504,2.40,12.40
2007.12.24 01:01:58.553,1.1498,1.1504,2.40,12.40
2007.12.24 01:01:58.641,1.1499,1.1503,0.60,1.20
2007.12.24 01:01:58.730,1.1498,1.1504,2.40,12.40
2007.12.24 01:01:58.817,1.1499,1.1503,0.80,0.70
2007.12.24 01:01:58.904,1.1499,1.1503,0.50,1.00
2007.12.24 01:01:59.147,1.1499,1.1503,0.50,1.10
2007.12.24 01:01:59.390,1.1498,1.1504,2.40,12.40
2007.12.24 01:01:59.631,1.1498,1.1504,2.40,12.40
2007.12.24 01:01:59.874,1.1499,1.1503,0.80,0.60
2007.12.24 01:01:59.997,1.1499,1.1503,0.90,0.80
2007.12.24 01:02:00.120,1.1499,1.1503,0.80,0.70
2007.12.24 01:02:00.243,1.1498,1.1504,2.40,12.40
2007.12.24 01:02:00.367,1.1499,1.1503,0.90,0.80
2007.12.24 01:02:00.489,1.1499,1.1503,0.90,1.10
2007.12.24 01:02:00.612,1.1498,1.1504,2.40,12.40
2007.12.24 01:02:00.735,1.1499,1.1503,0.70,0.80
2007.12.24 01:02:00.858,1.1498,1.1504,2.40,12.40
2007.12.24 01:02:00.981,1.1498,1.1504,2.40,12.40
2007.12.24 01:02:01.134,1.1498,1.1504,2.40,12.40
2007.12.24 01:02:01.287,1.1499,1.1503,0.50,1.30
2007.12.24 01:02:01.441,1.1499,1.1503,0.50,1.30
2007.12.24 01:02:01.593,1.1498,1.1504,2.40,12.40
2007.12.24 01:02:01.746,1.1498,1.1504,2.40,12.40
2007.12.24 01:02:01.899,1.1499,1.1503,0.80,1.30
2007.12.24 01:02:02.042,1.1498,1.1504,2.40,12.40
2007.12.24 01:02:02.184,1.1498,1.1504,2.40,12.40
2007.12.24 01:02:02.327,1.1498,1.1504,2.40,12.40
2007.12.24 01:02:02.470,1.1499,1.1503,0.80,1.40
2007.12.24 01:02:02.613,1.1498,1.1504,2.40,12.40
2007.12.24 01:02:02.756,1.1498,1.1504,2.40,12.40
2007.12.24 01:02:02.898,1.1498,1.1504,2.40,12.40
2007.12.24 01:02:03.016,1.1498,1.1504,2.40,12.40
2007.12.24 01:02:03.133,1.1499,1.1503,0.50,0.80
2007.12.24 01:02:03.251,1.1499,1.1503,0.90,0.80
2007.12.24 01:02:03.369,1.1499,1.1503,1.00,0.70
2007.12.24 01:02:03.486,1.1498,1.1504,2.40,12.40
2007.12.24 01:02:03.604,1.1498,1.1504,2.40,12.40
2007.12.24 01:02:03.721,1.1498,1.1504,2.40,12.40
2007.12.24 01:02:03.839,1.1498,1.1504,2.40,12.40
2007.12.24 01:02:03.957,1.1499,1.1503,0.90,0.70
2007.12.24 01:02:04.074,1.1498,1.1504,2.40,12.40
2007.12.24 01:02:04.212,1.1498,1.1504,2.40,12.40
2007.12.24 01:02:04.350,1.1498,1.1504,2.40,12.40
2007.12.24 01:02:04.488,1.1499,1.1503,0.70,0.70
2007.12.24 01:02:04.626,1.1499,1.1503,0.60,0.70
2007.12.24 01:02:04.764,1.1498,1.1504,2.40,12.40
2007.12.24 01:02:04.901,1.1499,1.1503,0.60,1.10
2007.12.24 01:02:05.039,1.1499,1.1503,0.50,1.30
2007.12.24 01:02:05.177,1.1499,1.1503,0.70,0.60
2007.12.24 01:02:05.304,1.1498,1.1504,2.40,12.40
2007.12.24 01:02:05.432,1.1499,1.15045,2.50,11.20
2007.12.24 01:02:05.560,1.15,1.1504,0.50,1.20
2007.12.24 01:02:05.688,1.15,1.1504,0.50,1.20
2007.12.24 01:02:05.815,1.15,1.1504,0.50,0.80
2007.12.24 01:02:05.943,1.1499,1.15045,2.50,11.20
2007.12.24 01:02:06.071,1.1499,1.15045,2.50,11.20
2007.12.24 01:02:06.283,1.1499,1.15045,2.50,11.20
2007.12.24 01:02:06.496,1.15,1.1504,0.50,1.40
2007.12.24 01:02:06.708,1.1499,1.15045,2.50,11.20
2007.12.24 01:02:06.921,1.1499,1.15045,2.50,11.20
2007.12.24 01:02:07.133,1.1499,1.15045,2.50,11.20
2007.12.24 01:02:07.346,1.1499,1.15045,2.50,11.20
2007.12.24 01:02:07.433,1.1499,1.15045,2.50,11.20
2007.12.24 01:02:07.522,1.15,1.1504,0.50,1.00
2007.12.24 01:02:07.610,1.1499,1.15045,2.50,11.20
2007.12.24 01:02:07.698,1.1499,1.15045,2.50,11.20
2007.12.24 01:02:07.786,1.1499,1.15045,2.50,11.20
2007.12.24 01:02:07.873,1.1499,1.1505,2.50,14.80
2007.12.24 01:02:07.961,1.1499,1.1505,2.50,14.80
2007.12.24 01:02:08.051,1.15,1.1504,0.50,0.70
2007.12.24 01:02:08.136,1.1499,1.1505,2.50,14.80
2007.12.24 01:02:08.224,1.1499,1.1505,2.50,14.80
2007.12.24 01:02:08.466,1.1499,1.1505,2.50,14.80
2007.12.24 01:02:08.709,1.1499,1.15045,2.50,11.20
2007.12.24 01:02:08.952,1.15,1.1504,0.50,1.00
2007.12.24 01:02:09.194,1.1499,1.15045,2.50,11.20
2007.12.24 01:02:09.346,1.1499,1.15045,2.50,11.20
2007.12.24 01:02:09.499,1.15,1.1504,0.50,0.80
2007.12.24 01:02:09.652,1.15,1.1504,0.50,0.70
2007.12.24 01:02:09.804,1.1499,1.15045,2.50,11.20
2007.12.24 01:02:09.957,1.1499,1.15045,2.50,11.20
2007.12.24 01:02:10.110,1.1499,1.15045,2.50,11.20
2007.12.24 01:02:10.263,1.1499,1.15045,2.50,11.20
2007.12.24 01:02:10.416,1.15,1.1504,0.50,1.00
2007.12.24 01:02:10.568,1.15,1.1504,0.50,1.30
2007.12.24 01:02:10.722,1.15,1.1504,0.50,1.20
2007.12.24 01:02:10.874,1.15,1.1505,0.50,14.80
2007.12.24 01:02:11.027,1.15,1.1505,0.50,14.80
2007.12.24 01:02:11.181,1.15,1.1505,0.50,14.80
2007.12.24 01:02:11.333,1.15,1.1505,0.50,14.80
2007.12.24 01:02:11.504,1.15,1.1505,0.50,14.80
2007.12.24 01:02:11.682,1.15,1.1504,0.50,1.00
2007.12.24 01:02:11.855,1.15,1.1505,0.50,8.00
2007.12.24 01:02:12.028,1.1501,1.1505,0.50,0.90
2007.12.24 01:02:12.201,1.15,1.1503,0.80,0.50
2007.12.24 01:02:12.374,1.15,1.1504,0.80,1.70
2007.12.24 01:02:12.532,1.15,1.1503,0.80,0.50
2007.12.24 01:02:12.690,1.15,1.1503,0.80,0.50
2007.12.24 01:02:12.848,1.1499,1.1504,13.20,1.70
2007.12.24 01:02:13.006,1.1499,1.1504,5.20,1.70
2007.12.24 01:02:13.163,1.1499,1.1504,5.20,1.70
2007.12.24 01:02:13.321,1.15,1.1505,0.50,12.40
2007.12.24 01:02:13.479,1.15,1.1505,0.50,12.40
2007.12.24 01:02:13.707,1.15,1.1505,0.50,12.40
2007.12.24 01:02:13.935,1.15,1.1504,0.50,0.50
2007.12.24 01:02:14.162,1.15,1.1504,0.50,1.00
2007.12.24 01:02:14.390,1.1501,1.1505,0.50,13.60
2007.12.24 01:02:14.503,1.1501,1.1505,0.50,13.60
2007.12.24 01:02:14.615,1.1501,1.1504,0.50,1.00
2007.12.24 01:02:14.728,1.15,1.1504,0.80,5.70
2007.12.24 01:02:14.841,1.15,1.1503,0.80,0.50
2007.12.24 01:02:14.954,1.15,1.1504,0.80,5.70
2007.12.24 01:02:15.067,1.15,1.1503,0.80,0.50
2007.12.24 01:02:15.179,1.15,1.1504,0.80,5.70
2007.12.24 01:02:15.292,1.15,1.1503,0.80,0.50
2007.12.24 01:02:15.404,1.15,1.1504,0.80,5.70
2007.12.24 01:02:15.617,1.15,1.1504,0.80,5.70
2007.12.24 01:02:15.830,1.1499,1.1504,5.20,1.70
2007.12.24 01:02:16.043,1.1499,1.1504,5.20,1.70
2007.12.24 01:02:16.256,1.15,1.1505,0.50,12.40
2007.12.24 01:02:16.469,1.15,1.1504,0.50,1.20
2007.12.24 01:02:16.682,1.15,1.1505,0.50,12.40
2007.12.24 01:02:16.825,1.15,1.1505,0.50,12.40
2007.12.24 01:02:16.968,1.15,1.1504,0.50,0.50
2007.12.24 01:02:17.111,1.15,1.1505,0.50,12.40
2007.12.24 01:02:17.253,1.15,1.1505,0.50,12.40
2007.12.24 01:02:17.396,1.15,1.1504,0.50,1.00
2007.12.24 01:02:17.539,1.15,1.1505,0.50,12.40
2007.12.24 01:02:17.722,1.15,1.1505,0.50,12.40
2007.12.24 01:02:17.905,1.15,1.1504,0.50,1.30
2007.12.24 01:02:18.088,1.15,1.1504,0.50,0.50
2007.12.24 01:02:18.270,1.15,1.1505,0.50,12.40
2007.12.24 01:02:18.453,1.15,1.1505,0.50,12.40
2007.12.24 01:02:18.636,1.15,1.1504,0.50,0.90
2007.12.24 01:02:18.759,1.15,1.1505,0.50,5.60
2007.12.24 01:02:18.882,1.1501,1.1505,0.50,6.80
2007.12.24 01:02:19.005,1.1501,1.15055,0.50,13.60
2007.12.24 01:02:19.127,1.1501,1.1505,0.50,1.10
2007.12.24 01:02:19.250,1.15,1.1504,0.80,1.70
2007.12.24 01:02:19.373,1.15,1.1503,0.80,0.50
2007.12.24 01:02:19.495,1.15,1.1504,0.80,1.70
2007.12.24 01:02:19.618,1.15,1.1504,0.80,1.70
2007.12.24 01:02:19.836,1.15,1.1504,0.80,1.70
2007.12.24 01:02:20.054,1.15,1.1504,0.80,1.70
2007.12.24 01:02:20.283,1.15,1.1503,0.80,0.50
2007.12.24 01:02:20.489,1.15,1.1503,0.80,0.50
2007.12.24 01:02:20.706,1.15,1.1503,0.80,0.50
2007.12.24 01:02:20.843,1.15,1.1504,0.80,1.70
2007.12.24 01:02:20.982,1.15,1.1504,0.80,1.70
2007.12.24 01:02:21.120,1.15,1.1504,0.80,1.70
2007.12.24 01:02:21.257,1.15,1.1504,0.80,1.70
2007.12.24 01:02:21.396,1.15,1.1503,0.80,0.50
2007.12.24 01:02:21.533,1.15,1.1504,0.80,1.70
2007.12.24 01:02:21.671,1.15,1.1504,0.80,1.70
2007.12.24 01:02:21.869,1.15,1.1503,0.80,0.50
2007.12.24 01:02:22.066,1.15,1.1504,0.80,1.70
2007.12.24 01:02:22.264,1.15,1.1503,0.80,0.50
2007.12.24 01:02:22.462,1.15,1.1504,0.80,1.70
2007.12.24 01:02:22.659,1.15,1.1504,0.80,1.70
2007.12.24 01:02:22.857,1.15,1.1504,0.80,1.70
2007.12.24 01:02:23.049,1.15,1.1504,0.80,1.70
2007.12.24 01:02:23.242,1.15,1.1504,0.80,1.70
2007.12.24 01:02:23.435,1.15,1.1503,0.80,0.50
2007.12.24 01:02:23.627,1.15,1.1504,0.80,1.70
2007.12.24 01:02:23.819,1.15,1.1504,0.80,1.70
2007.12.24 01:02:23.948,1.15,1.1503,0.80,0.50
2007.12.24 01:02:24.086,1.15,1.1503,0.80,0.50
2007.12.24 01:02:24.202,1.15,1.1504,0.80,1.70
2007.12.24 01:02:24.330,1.15,1.1504,0.80,1.70
2007.12.24 01:02:24.458,1.15,1.1504,0.80,1.70
2007.12.24 01:02:24.585,1.15,1.1504,0.80,1.70
2007.12.24 01:02:24.713,1.15,1.1504,0.80,1.70
2007.12.24 01:02:24.905,1.15,1.1504,0.80,1.70
2007.12.24 01:02:25.097,1.15,1.1504,0.80,1.70
2007.12.24 01:02:25.291,1.15,1.1503,0.80,0.50
2007.12.24 01:02:25.484,1.15,1.1504,0.80,1.70
2007.12.24 01:02:25.676,1.1501,1.15055,0.50,13.60
2007.12.24 01:02:25.869,1.1501,1.15055,0.50,13.60
2007.12.24 01:02:26.012,1.1501,1.15055,0.50,13.60
2007.12.24 01:02:26.154,1.1501,1.15055,0.50,13.60
2007.12.24 01:02:26.296,1.1501,1.15055,0.50,13.60
2007.12.24 01:02:26.439,1.1501,1.1505,0.50,1.30
2007.12.24 01:02:26.582,1.1501,1.15055,0.50,13.60
2007.12.24 01:02:26.724,1.1501,1.15055,0.50,13.60
2007.12.24 01:02:26.866,1.1501,1.15055,0.50,13.60
2007.12.24 01:02:27.000,1.1501,1.1505,0.50,1.10
2007.12.24 01:02:27.133,1.1501,1.1505,0.50,0.70
2007.12.24 01:02:27.265,1.1501,1.15055,0.50,13.60
2007.12.24 01:02:27.398,1.1501,1.15055,0.50,13.60
2007.12.24 01:02:27.530,1.1501,1.15055,0.50,13.60
2007.12.24 01:02:27.664,1.1501,1.1505,0.50,1.20
2007.12.24 01:02:27.796,1.15,1.1504,0.80,1.70
2007.12.24 01:02:28.018,1.1499,1.1503,1.20,0.50
2007.12.24 01:02:28.242,1.1499,1.1504,1.20,5.70
2007.12.24 01:02:28.465,1.1499,1.1504,0.80,5.70
2007.12.24 01:02:28.688,1.1499,1.1503,0.80,0.50
2007.12.24 01:02:28.912,1.1499,1.1503,0.80,0.50
2007.12.24 01:02:29.129,1.1499,1.1503,0.80,0.50
2007.12.24 01:02:29.338,1.1499,1.1503,0.80,0.50
2007.12.24 01:02:29.544,1.1499,1.1504,0.80,12.50
2007.12.24 01:02:29.752,1.1499,1.1503,0.80,0.50
2007.12.24 01:02:29.960,1.1499,1.1504,0.80,12.50
2007.12.24 01:02:30.142,1.1499,1.1504,0.80,12.50
2007.12.24 01:02:30.337,1.1499,1.1502,0.80,1.40
2007.12.24 01:02:30.518,1.1499,1.1503,0.80,2.90
2007.12.24 01:02:30.702,1.1499,1.1502,0.80,1.30
2007.12.24 01:02:30.884,1.1498,1.15025,1.20,9.60
2007.12.24 01:02:31.053,1.1498,1.15025,1.20,13.60
2007.12.24 01:02:31.220,1.1498,1.15025,1.20,13.60
2007.12.24 01:02:31.393,1.1498,1.15025,1.20,11.20
2007.12.24 01:02:31.559,1.1498,1.1502,1.20,1.40
2007.12.24 01:02:31.727,1.1498,1.15025,1.20,11.20
2007.12.24 01:02:31.895,1.1498,1.15025,1.20,10.80
2007.12.24 01:02:32.128,1.1498,1.15035,1.20,7.30
2007.12.24 01:02:32.360,1.1498,1.1504,1.20,12.50
2007.12.24 01:02:32.595,1.1498,1.1504,1.20,12.50
2007.12.24 01:02:32.827,1.1499,1.1504,1.20,12.50
2007.12.24 01:02:33.061,1.1499,1.1503,1.20,0.50
2007.12.24 01:02:33.259,1.1499,1.1503,1.20,0.50
2007.12.24 01:02:33.457,1.1499,1.1504,1.20,12.50
2007.12.24 01:02:33.655,1.1499,1.1503,1.20,0.50
2007.12.24 01:02:33.852,1.1499,1.1504,1.20,5.70
2007.12.24 01:02:34.050,1.1499,1.1504,1.20,5.70
2007.12.24 01:02:34.282,1.1499,1.1504,1.20,5.70
2007.12.24 01:02:34.515,1.1499,1.1503,1.20,0.50
2007.12.24 01:02:34.613,1.1498,1.1504,10.40,5.70
2007.12.24 01:02:34.747,1.1498,1.1504,10.40,5.70
2007.12.24 01:02:34.980,1.1498,1.1504,10.40,5.70
2007.12.24 01:02:35.107,1.1498,1.1504,10.40,5.70
2007.12.24 01:02:35.235,1.15,1.1504,0.50,1.30
2007.12.24 01:02:35.363,1.15,1.1504,0.50,0.50
2007.12.24 01:02:35.490,1.1499,1.1505,2.50,12.40
2007.12.24 01:02:35.617,1.15,1.1504,0.50,1.10
2007.12.24 01:02:35.746,1.1499,1.1505,2.50,12.40
2007.12.24 01:02:35.874,1.1499,1.1505,2.50,12.40
2007.12.24 01:02:36.001,1.1499,1.1505,2.50,12.40
2007.12.24 01:02:36.129,1.15,1.1504,0.50,0.80
2007.12.24 01:02:36.352,1.1499,1.1505,2.50,12.40
2007.12.24 01:02:36.574,1.1499,1.1505,2.50,12.40
2007.12.24 01:02:36.796,1.1499,1.1505,2.50,12.40
2007.12.24 01:02:37.020,1.1499,1.1505,2.50,12.40
2007.12.24 01:02:37.242,1.1499,1.1505,2.50,12.40
2007.12.24 01:02:37.379,1.1499,1.1505,2.50,12.40
2007.12.24 01:02:37.516,1.1499,1.1505,2.50,12.40
2007.12.24 01:02:37.654,1.1499,1.1505,2.50,12.40
2007.12.24 01:02:37.793,1.15,1.1504,0.50,1.40
2007.12.24 01:02:37.930,1.1499,1.1505,2.50,12.40
2007.12.24 01:02:38.067,1.1499,1.1505,2.50,12.40
2007.12.24 01:02:38.206,1.1499,1.1505,2.50,12.40
2007.12.24 01:02:38.313,1.15,1.1504,0.50,1.30
2007.12.24 01:02:38.420,1.1499,1.1505,2.50,12.40
2007.12.24 01:02:38.527,1.1499,1.1505,2.50,12.40
2007.12.24 01:02:38.635,1.15,1.1504,0.50,0.50
2007.12.24 01:02:38.742,1.1499,1.1505,2.50,12.40
2007.12.24 01:02:38.851,1.15,1.1504,0.50,0.80
2007.12.24 01:02:38.958,1.15,1.1504,0.50,0.80
2007.12.24 01:02:39.065,1.1499,1.1505,2.50,12.40
2007.12.24 01:02:39.172,1.1499,1.1505,2.50,12.40
2007.12.24 01:02:39.379,1.1499,1.1505,2.50,12.40
2007.12.24 01:02:39.587,1.1499,1.1505,2.50,12.40
2007.12.24 01:02:39.795,1.1499,1.1505,2.50,12.40
2007.12.24 01:02:40.004,1.1499,1.1505,2.50,12.40
2007.12.24 01:02:40.211,1.1499,1.1505,2.50,12.40
2007.12.24 01:02:40.298,1.1499,1.1505,2.50,12.40
2007.12.24 01:02:40.385,1.15,1.1504,0.50,1.40
2007.12.24 01:02:40.473,1.1499,1.1505,2.50,12.40
2007.12.24 01:02:40.573,1.1499,1.1505,2.50,12.40
2007.12.24 01:02:40.649,1.1499,1.1505,2.50,12.40
2007.12.24 01:02:40.736,1.1499,1.1505,2.50,12.40
2007.12.24 01:02:40.823,1.1499,1.1505,2.50,12.40
2007.12.24 01:02:40.912,1.15,1.1504,0.50,0.80
2007.12.24 01:02:40.999,1.1499,1.1505,2.50,12.40
2007.12.24 01:02:41.086,1.1499,1.1505,2.50,12.40
2007.12.24 01:02:41.174,1.1499,1.1505,2.50,12.40
2007.12.24 01:02:41.362,1.1499,1.1505,2.50,12.40
2007.12.24 01:02:41.550,1.15,1.1504,0.50,0.50
2007.12.24 01:02:41.737,1.1499,1.1505,2.50,12.40
2007.12.24 01:02:41.926,1.1499,1.1505,2.50,12.40
2007.12.24 01:02:42.113,1.15,1.1504,0.50,1.10
2007.12.24 01:02:42.301,1.15,1.1504,0.50,1.00
2007.12.24 01:02:42.393,1.15,1.1504,0.50,1.40
2007.12.24 01:02:42.485,1.1499,1.1505,2.50,12.40
2007.12.24 01:02:42.579,1.15,1.1504,0.50,1.30
2007.12.24 01:02:42.671,1.1499,1.1505,2.50,12.40
2007.12.24 01:02:42.763,1.1499,1.1505,2.50,12.40
2007.12.24 01:02:42.856,1.15,1.1504,0.50,0.50
2007.12.24 01:02:42.950,1.15,1.1504,0.50,1.00
2007.12.24 01:02:43.042,1.15,1.1504,0.50,0.60
2007.12.24 01:02:43.136,1.15,1.1504,0.50,1.40
2007.12.24 01:02:43.228,1.1499,1.1505,2.50,12.40
2007.12.24 01:02:43.411,1.1499,1.15045,2.50,11.20
2007.12.24 01:02:43.594,1.15,1.1504,0.50,1.10
2007.12.24 01:02:43.776,1.1499,1.15045,2.50,11.20
2007.12.24 01:02:43.959,1.1499,1.15045,2.50,11.20
2007.12.24 01:02:44.141,1.15,1.1504,0.50,1.00
2007.12.24 01:02:44.324,1.1499,1.15045,2.50,11.20
2007.12.24 01:02:44.496,1.1499,1.15045,2.50,11.20
2007.12.24 01:02:44.669,1.15,1.1504,0.50,0.70
2007.12.24 01:02:44.841,1.15,1.1504,0.50,0.60
2007.12.24 01:02:45.014,1.1499,1.15045,2.50,11.20
2007.12.24 01:02:45.187,1.1499,1.15045,2.50,11.20
2007.12.24 01:02:45.360,1.15,1.1504,0.50,1.30
2007.12.24 01:02:45.547,1.15,1.1504,0.50,0.80
2007.12.24 01:02:45.735,1.15,1.1504,0.50,1.20
2007.12.24 01:02:45.923,1.15,1.1504,0.50,1.30
2007.12.24 01:02:46.110,1.15,1.1504,0.50,1.40
2007.12.24 01:02:46.298,1.1499,1.15045,2.50,11.20
2007.12.24 01:02:46.486,1.15,1.1504,0.50,0.50
2007.12.24 01:02:46.583,1.1499,1.15045,2.50,11.20
2007.12.24 01:02:46.681,1.1499,1.15045,2.50,11.20
2007.12.24 01:02:46.779,1.15,1.1504,0.50,0.80
2007.12.24 01:02:46.877,1.15,1.1504,0.50,0.60
2007.12.24 01:02:46.974,1.1499,1.15045,2.50,11.20
2007.12.24 01:02:47.071,1.15,1.1504,0.50,0.60
2007.12.24 01:02:47.182,1.15,1.1504,0.50,1.00
2007.12.24 01:02:47.268,1.15,1.1504,0.50,0.70
2007.12.24 01:02:47.365,1.15,1.1504,0.50,0.70
2007.12.24 01:02:47.463,1.15,1.1504,0.50,0.50
2007.12.24 01:02:47.560,1.1499,1.15045,2.50,11.20
2007.12.24 01:02:47.728,1.15,1.1504,0.50,1.20
2007.12.24 01:02:47.901,1.15,1.1504,0.50,0.90
2007.12.24 01:02:48.068,1.15,1.1504,0.50,1.00
2007.12.24 01:02:48.235,1.1499,1.15045,2.50,11.20
2007.12.24 01:02:48.404,1.15,1.1504,0.50,0.60
2007.12.24 01:02:48.571,1.1499,1.15045,2.50,11.20
2007.12.24 01:02:48.753,1.15,1.1504,0.50,0.90
2007.12.24 01:02:48.852,1.15,1.1504,0.50,0.80
2007.12.24 01:02:48.964,1.15,1.1504,0.50,0.50
2007.12.24 01:02:49.077,1.15,1.1504,0.50,0.50
2007.12.24 01:02:49.190,1.15,1.1504,0.50,0.60
2007.12.24 01:02:49.302,1.1499,1.15045,2.50,11.20
2007.12.24 01:02:49.415,1.1499,1.15045,2.50,11.20
2007.12.24 01:02:49.528,1.1499,1.15045,2.50,11.20
2007.12.24 01:02:49.640,1.1499,1.15045,2.50,11.20
2007.12.24 01:02:49.842,1.1499,1.15045,2.50,11.20
2007.12.24 01:02:50.045,1.1499,1.15045,2.50,11.20
2007.12.24 01:02:50.249,1.15,1.1504,0.50,0.60
2007.12.24 01:02:50.451,1.1499,1.15045,2.50,11.20
2007.12.24 01:02:50.655,1.15,1.1504,0.50,1.20
2007.12.24 01:02:50.742,1.1499,1.15045,2.50,11.20
2007.12.24 01:02:50.829,1.1499,1.15045,2.50,11.20
2007.12.24 01:02:50.917,1.1499,1.15045,2.50,11.20
2007.12.24 01:02:51.005,1.15,1.1504,0.50,0.50
2007.12.24 01:02:51.092,1.1499,1.15045,2.50,11.20
2007.12.24 01:02:51.180,1.1499,1.15045,2.50,11.20
2007.12.24 01:02:51.269,1.1499,1.15045,2.50,11.20
2007.12.24 01:02:51.356,1.15,1.1504,0.50,0.90
2007.12.24 01:02:51.443,1.1499,1.15045,2.50,11.20
2007.12.24 01:02:51.531,1.15,1.1504,0.50,0.60
2007.12.24 01:02:51.619,1.1499,1.15045,2.50,11.20
2007.12.24 01:02:51.707,1.15,1.1504,0.50,0.80
2007.12.24 01:02:51.899,1.1499,1.15045,2.50,11.20
2007.12.24 01:02:52.092,1.15,1.1504,0.50,0.70
2007.12.24 01:02:52.284,1.1499,1.15045,2.50,11.20
2007.12.24 01:02:52.477,1.15,1.1504,0.50,1.30
2007.12.24 01:02:52.670,1.1499,1.15045,2.50,11.20
2007.12.24 01:02:52.758,1.1499,1.15045,2.50,11.20
2007.12.24 01:02:52.846,1.1499,1.15045,2.50,11.20
2007.12.24 01:02:52.934,1.1499,1.15045,2.50,11.20
2007.12.24 01:02:53.022,1.15,1.1504,0.50,0.90
2007.12.24 01:02:53.109,1.15,1.1504,0.50,0.60
2007.12.24 01:02:53.197,1.15,1.1504,0.50,1.00
2007.12.24 01:02:53.285,1.1499,1.15045,2.50,11.20
2007.12.24 01:02:53.373,1.15,1.1504,0.50,1.10
2007.12.24 01:02:53.460,1.1499,1.15045,2.50,11.20
2007.12.24 01:02:53.548,1.1499,1.15045,2.50,11.20
2007.12.24 01:02:53.635,1.1499,1.15045,2.50,11.20
2007.12.24 01:02:53.723,1.15,1.1504,0.50,0.70
2007.12.24 01:02:53.892,1.15,1.1504,0.50,0.80
2007.12.24 01:02:54.059,1.1499,1.15045,2.50,11.20
2007.12.24 01:02:54.227,1.15,1.1504,0.50,0.60
2007.12.24 01:02:54.396,1.15,1.1506,0.50,0.50
2007.12.24 01:02:54.564,1.14995,1.1507,8.50,18.80
2007.12.24 01:02:54.731,1.15,1.1506,1.20,0.50
2007.12.24 01:02:54.900,1.15005,1.15065,1.00,1.30
2007.12.24 01:02:55.008,1.15,1.1507,10.80,7.30
2007.12.24 01:02:55.115,1.15,1.1507,10.80,7.30
2007.12.24 01:02:55.222,1.15,1.1507,10.80,7.30
2007.12.24 01:02:55.331,1.15005,1.15065,0.70,1.40
2007.12.24 01:02:55.438,1.15005,1.15065,0.70,0.80
2007.12.24 01:02:55.545,1.15005,1.15065,1.40,1.00
2007.12.24 01:02:55.653,1.15,1.1507,10.80,7.30
2007.12.24 01:02:55.762,1.15005,1.15065,0.50,1.30
2007.12.24 01:02:55.924,1.15,1.1507,10.80,7.30
2007.12.24 01:02:56.086,1.15,1.1507,10.80,7.30
2007.12.24 01:02:56.249,1.15,1.1507,10.80,7.30
2007.12.24 01:02:56.412,1.15,1.1507,10.80,7.30
2007.12.24 01:02:56.574,1.15005,1.15065,1.30,0.80
2007.12.24 01:02:56.738,1.15,1.1507,10.80,7.30
2007.12.24 01:02:56.900,1.15005,1.15065,0.90,0.80
2007.12.24 01:02:56.998,1.15005,1.15065,0.70,0.60
2007.12.24 01:02:57.096,1.15005,1.15065,1.30,1.30
2007.12.24 01:02:57.193,1.15,1.1507,10.80,7.30
2007.12.24 01:02:57.291,1.15005,1.15065,0.80,0.70
2007.12.24 01:02:57.389,1.15005,1.15065,1.30,0.70
2007.12.24 01:02:57.487,1.15,1.1507,10.80,7.30
2007.12.24 01:02:57.585,1.15005,1.15065,0.70,1.10
2007.12.24 01:02:57.661,1.15,1.1507,10.80,7.30
2007.12.24 01:02:57.683,1.15,1.1507,10.80,7.30
2007.12.24 01:02:57.781,1.15005,1.15065,0.60,0.80
2007.12.24 01:02:57.878,1.15,1.1507,10.80,7.30
2007.12.24 01:02:58.036,1.15,1.1507,10.80,7.30
2007.12.24 01:02:58.194,1.15,1.1507,10.80,7.30
2007.12.24 01:02:58.351,1.15,1.1507,10.80,7.30
2007.12.24 01:02:58.510,1.15,1.1507,10.80,7.30
2007.12.24 01:02:58.667,1.15005,1.15065,0.70,0.60
2007.12.24 01:02:58.825,1.15,1.1507,10.80,7.30
2007.12.24 01:02:58.983,1.15005,1.15065,0.90,0.50
2007.12.24 01:02:59.116,1.15,1.1507,10.80,7.30
2007.12.24 01:02:59.249,1.15005,1.15065,0.60,0.90
2007.12.24 01:02:59.382,1.15,1.1507,10.80,7.30
2007.12.24 01:02:59.516,1.15005,1.15065,0.90,0.70
2007.12.24 01:02:59.648,1.15,1.1507,10.80,7.30
2007.12.24 01:02:59.781,1.15,1.1507,10.80,7.30
2007.12.24 01:02:59.914,1.15005,1.15065,0.60,0.80
2007.12.24 01:03:00.056,1.15,1.1507,10.80,7.30
2007.12.24 01:03:00.199,1.15,1.1507,10.80,7.30
2007.12.24 01:03:00.342,1.15005,1.15065,0.50,0.80
2007.12.24 01:03:00.484,1.15005,1.15065,0.90,0.80
2007.12.24 01:03:00.627,1.15,1.1507,10.80,7.30
2007.12.24 01:03:00.771,1.15005,1.15065,0.80,0.60
2007.12.24 01:03:00.912,1.15,1.1507,10.80,7.30
2007.12.24 01:03:01.015,1.15005,1.15065,0.60,0.80
2007.12.24 01:03:01.118,1.15005,1.15065,0.90,0.80
2007.12.24 01:03:01.221,1.15,1.1507,10.80,7.30
2007.12.24 01:03:01.324,1.15,1.1507,10.80,7.30
2007.12.24 01:03:01.426,1.15,1.1507,10.80,7.30
2007.12.24 01:03:01.530,1.15,1.1507,10.80,7.30
2007.12.24 01:03:01.631,1.15,1.1507,10.80,7.30
2007.12.24 01:03:01.734,1.15,1.1507,10.80,7.30
2007.12.24 01:03:01.836,1.15,1.1507,10.80,7.30
2007.12.24 01:03:01.939,1.15,1.1507,10.80,7.30
2007.12.24 01:03:02.082,1.15005,1.15065,0.70,0.50
2007.12.24 01:03:02.224,1.15,1.1507,10.80,7.30
2007.12.24 01:03:02.367,1.15005,1.15065,0.70,0.50
2007.12.24 01:03:02.509,1.15,1.1507,10.80,7.30
2007.12.24 01:03:02.652,1.15,1.1507,10.80,7.30
2007.12.24 01:03:02.796,1.15005,1.15065,0.80,0.60
2007.12.24 01:03:02.938,1.15005,1.15065,0.80,0.50
2007.12.24 01:03:03.061,1.15005,1.15065,0.90,0.70
2007.12.24 01:03:03.183,1.15,1.1507,10.80,7.30
2007.12.24 01:03:03.306,1.15,1.1507,10.80,7.30
2007.12.24 01:03:03.428,1.15005,1.15065,0.80,0.70
2007.12.24 01:03:03.551,1.15,1.1507,10.80,7.30
2007.12.24 01:03:03.674,1.15005,1.15065,8.00,0.50
2007.12.24 01:03:03.797,1.15005,1.15065,8.00,0.50
2007.12.24 01:03:03.920,1.15005,1.1507,8.00,7.30
2007.12.24 01:03:04.043,1.15005,1.15065,8.00,0.90
2007.12.24 01:03:04.171,1.15005,1.15065,8.00,0.50
2007.12.24 01:03:04.300,1.15005,1.15065,8.00,0.80
2007.12.24 01:03:04.427,1.1502,1.15085,8.00,10.80
2007.12.24 01:03:04.555,1.1502,1.15085,8.00,0.80
2007.12.24 01:03:04.684,1.1502,1.1511,8.00,10.80
2007.12.24 01:03:04.811,1.1502,1.15085,8.00,0.80
2007.12.24 01:03:04.939,1.15025,1.1512,8.00,21.50
2007.12.24 01:03:05.066,1.15025,1.1509,8.00,0.50
2007.12.24 01:03:05.219,1.15025,1.1512,8.00,11.20
2007.12.24 01:03:05.372,1.1503,1.1512,8.00,11.20
2007.12.24 01:03:05.525,1.1503,1.1512,8.00,11.20
2007.12.24 01:03:05.678,1.1503,1.15095,8.00,0.80
2007.12.24 01:03:05.830,1.1503,1.1513,8.00,17.60
2007.12.24 01:03:05.983,1.1504,1.1513,8.00,13.60
2007.12.24 01:03:06.121,1.1504,1.151,8.00,0.50
2007.12.24 01:03:06.259,1.1504,1.151,8.00,0.50
2007.12.24 01:03:06.397,1.1505,1.1513,8.00,9.20
2007.12.24 01:03:06.535,1.1505,1.1513,8.00,9.20
2007.12.24 01:03:06.673,1.1505,1.15115,8.00,0.60
2007.12.24 01:03:06.812,1.15055,1.1514,8.00,18.70
2007.12.24 01:03:06.949,1.15055,1.1514,8.00,18.70
2007.12.24 01:03:07.086,1.15055,1.1512,8.00,0.60
2007.12.24 01:03:07.254,1.15055,1.1512,8.00,0.80
2007.12.24 01:03:07.423,1.1506,1.1515,8.00,25.10
2007.12.24 01:03:07.590,1.1506,1.1515,8.00,17.10
2007.12.24 01:03:07.759,1.1506,1.1515,8.00,17.10
2007.12.24 01:03:07.926,1.15065,1.1515,8.00,17.10
2007.12.24 01:03:08.094,1.15065,1.1515,8.00,17.10
2007.12.24 01:03:08.232,1.15065,1.1515,8.00,17.10
2007.12.24 01:03:08.369,1.15065,1.1515,8.00,17.10
2007.12.24 01:03:08.507,1.15065,1.1515,8.00,17.10
2007.12.24 01:03:08.645,1.15065,1.1513,8.00,0.90
2007.12.24 01:03:08.783,1.15065,1.1515,8.00,17.10
2007.12.24 01:03:08.921,1.15065,1.1515,8.00,17.10
2007.12.24 01:03:09.058,1.15065,1.1513,8.00,0.50
2007.12.24 01:03:09.236,1.15065,1.1513,8.00,0.60
2007.12.24 01:03:09.413,1.15065,1.1515,8.00,17.10
2007.12.24 01:03:09.591,1.15065,1.1513,8.00,0.50
2007.12.24 01:03:09.767,1.15065,1.1515,8.00,17.10
2007.12.24 01:03:09.945,1.15065,1.1515,8.00,17.10
2007.12.24 01:03:10.123,1.15065,1.1515,8.00,17.10
2007.12.24 01:03:10.216,1.15065,1.1513,8.00,0.90
2007.12.24 01:03:10.309,1.15065,1.1513,8.00,0.70
2007.12.24 01:03:10.401,1.15065,1.1513,8.00,0.80
2007.12.24 01:03:10.505,1.15065,1.1514,8.00,8.80
2007.12.24 01:03:10.586,1.15065,1.1513,8.00,0.60
2007.12.24 01:03:10.679,1.15065,1.1513,8.00,0.60
2007.12.24 01:03:10.773,1.15065,1.1514,8.00,8.80
2007.12.24 01:03:10.866,1.15065,1.1514,8.00,17.10
2007.12.24 01:03:10.959,1.15065,1.1513,8.00,0.60
2007.12.24 01:03:11.052,1.15065,1.1513,8.00,0.70
2007.12.24 01:03:11.385,1.15055,1.1514,8.00,17.10
2007.12.24 01:03:11.718,1.15055,1.1512,8.00,0.70
2007.12.24 01:03:12.051,1.15055,1.1514,8.00,17.10
2007.12.24 01:03:12.385,1.15055,1.1512,8.00,0.80
2007.12.24 01:03:12.538,1.15055,1.1514,8.00,14.30
2007.12.24 01:03:12.691,1.15055,1.1512,8.00,0.90
2007.12.24 01:03:12.844,1.15065,1.1515,8.00,25.10
2007.12.24 01:03:12.998,1.15065,1.1513,8.00,0.50
2007.12.24 01:03:13.151,1.15065,1.1513,8.00,0.50
2007.12.24 01:03:13.374,1.1506,1.1515,8.00,18.70
2007.12.24 01:03:13.597,1.1506,1.1515,8.00,18.70
2007.12.24 01:03:13.833,1.1506,1.1515,8.00,14.70
2007.12.24 01:03:14.055,1.1506,1.1515,8.00,14.70
2007.12.24 01:03:14.278,1.1506,1.1515,8.00,14.70
2007.12.24 01:03:14.421,1.1506,1.15125,8.00,0.60
2007.12.24 01:03:14.564,1.1506,1.15125,8.00,0.60
2007.12.24 01:03:14.720,1.1506,1.1515,8.00,14.70
2007.12.24 01:03:14.849,1.1506,1.15125,8.00,0.80
2007.12.24 01:03:14.992,1.1506,1.1515,8.00,17.10
2007.12.24 01:03:15.135,1.1506,1.1515,8.00,17.10
2007.12.24 01:03:15.279,1.15065,1.1515,8.00,17.10
2007.12.24 01:03:15.406,1.15065,1.1515,8.00,17.10
2007.12.24 01:03:15.534,1.15065,1.1515,8.00,17.10
2007.12.24 01:03:15.662,1.15065,1.1513,8.00,0.60
2007.12.24 01:03:15.791,1.15065,1.1513,8.00,0.60
2007.12.24 01:03:15.918,1.15065,1.1513,8.00,0.90
2007.12.24 01:03:16.046,1.15065,1.1515,8.00,17.10
2007.12.24 01:03:16.173,1.15065,1.1515,8.00,17.10
2007.12.24 01:03:16.301,1.15065,1.1515,8.00,17.10
2007.12.24 01:03:16.468,1.15065,1.1513,8.00,0.90
2007.12.24 01:03:16.638,1.15065,1.1515,8.00,17.10
2007.12.24 01:03:16.806,1.15065,1.1513,8.00,0.60
2007.12.24 01:03:16.973,1.15065,1.1513,8.00,0.60
2007.12.24 01:03:17.141,1.15065,1.1513,8.00,0.70
2007.12.24 01:03:17.309,1.15065,1.1515,8.00,17.10
2007.12.24 01:03:17.417,1.15065,1.1515,8.00,17.10
2007.12.24 01:03:17.524,1.15065,1.1515,8.00,17.10
2007.12.24 01:03:17.632,1.15065,1.1513,8.00,0.80
2007.12.24 01:03:17.739,1.15065,1.1515,8.00,17.10
2007.12.24 01:03:17.847,1.15065,1.1513,8.00,0.80
2007.12.24 01:03:17.955,1.15065,1.1515,8.00,17.10
2007.12.24 01:03:18.063,1.15065,1.1515,8.00,17.10
2007.12.24 01:03:18.170,1.15065,1.1515,8.00,17.10
2007.12.24 01:03:18.278,1.15065,1.1513,8.00,0.50
2007.12.24 01:03:18.466,1.15065,1.1513,8.00,0.80
2007.12.24 01:03:18.667,1.15065,1.1513,8.00,0.80
2007.12.24 01:03:18.841,1.15065,1.1515,8.00,17.10
2007.12.24 01:03:19.029,1.15065,1.1513,8.00,0.60
2007.12.24 01:03:19.217,1.15065,1.1513,8.00,0.60
2007.12.24 01:03:19.404,1.15065,1.1515,8.00,17.10
2007.12.24 01:03:19.487,1.15065,1.1513,8.00,0.80
2007.12.24 01:03:19.570,1.15065,1.1515,8.00,17.10
2007.12.24 01:03:19.653,1.15065,1.1515,8.00,17.10
2007.12.24 01:03:19.735,1.15065,1.1515,8.00,17.10
2007.12.24 01:03:19.818,1.15065,1.1515,8.00,17.10
2007.12.24 01:03:19.901,1.15065,1.1513,8.00,0.60
2007.12.24 01:03:19.984,1.15065,1.1513,8.00,0.50
2007.12.24 01:03:20.066,1.15065,1.1515,8.00,17.10
2007.12.24 01:03:20.149,1.15065,1.1513,8.00,0.70
2007.12.24 01:03:20.232,1.15065,1.1515,8.00,17.10
2007.12.24 01:03:20.315,1.15065,1.1515,8.00,17.10
2007.12.24 01:03:20.488,1.15065,1.1515,8.00,17.10
2007.12.24 01:03:20.661,1.15065,1.1515,8.00,17.10
2007.12.24 01:03:20.833,1.15065,1.1513,8.00,0.60
2007.12.24 01:03:21.006,1.15065,1.1515,8.00,17.10
2007.12.24 01:03:21.178,1.15065,1.1513,8.00,0.50
2007.12.24 01:03:21.351,1.15065,1.1513,8.00,0.80
2007.12.24 01:03:21.523,1.15065,1.1513,8.00,0.70
2007.12.24 01:03:21.610,1.15065,1.1515,8.00,17.10
2007.12.24 01:03:21.698,1.15065,1.1513,8.00,0.70
2007.12.24 01:03:21.786,1.15065,1.1513,8.00,0.50
2007.12.24 01:03:21.874,1.15065,1.1515,8.00,17.10
2007.12.24 01:03:21.961,1.15065,1.1513,8.00,0.50
2007.12.24 01:03:22.049,1.15065,1.1513,8.00,0.90
2007.12.24 01:03:22.137,1.15065,1.1513,8.00,0.50
2007.12.24 01:03:22.225,1.15065,1.1513,8.00,0.90
2007.12.24 01:03:22.312,1.15065,1.1515,8.00,17.10
2007.12.24 01:03:22.399,1.15065,1.1515,8.00,17.10
2007.12.24 01:03:22.567,1.15065,1.1515,8.00,17.10
2007.12.24 01:03:22.734,1.15065,1.1515,8.00,17.10
2007.12.24 01:03:22.902,1.15065,1.1513,8.00,0.70
2007.12.24 01:03:23.070,1.15065,1.1513,8.00,0.90
2007.12.24 01:03:23.237,1.15065,1.1515,8.00,17.10
2007.12.24 01:03:23.405,1.15065,1.1515,8.00,17.10
2007.12.24 01:03:23.573,1.15065,1.1513,8.00,0.80
2007.12.24 01:03:23.665,1.15065,1.1513,8.00,0.90
2007.12.24 01:03:23.758,1.15065,1.1513,8.00,0.70
2007.12.24 01:03:23.851,1.15065,1.1515,8.00,17.10
2007.12.24 01:03:23.957,1.15065,1.1515,8.00,17.10
2007.12.24 01:03:24.036,1.15065,1.1515,8.00,17.10
2007.12.24 01:03:24.128,1.15065,1.1513,8.00,0.80
2007.12.24 01:03:24.220,1.15065,1.1515,8.00,17.10
2007.12.24 01:03:24.314,1.15065,1.1513,8.00,0.80
2007.12.24 01:03:24.407,1.15065,1.1515,8.00,17.10
2007.12.24 01:03:24.499,1.15065,1.1515,8.00,17.10
2007.12.24 01:03:24.657,1.15065,1.1513,8.00,0.70
2007.12.24 01:03:24.815,1.15065,1.1513,8.00,0.90
2007.12.24 01:03:24.973,1.15065,1.1515,8.00,17.10
2007.12.24 01:03:25.130,1.15065,1.1515,8.00,17.10
2007.12.24 01:03:25.288,1.15065,1.1513,8.00,0.50
2007.12.24 01:03:25.459,1.15065,1.1513,8.00,0.80
2007.12.24 01:03:25.544,1.15065,1.1515,8.00,17.10
2007.12.24 01:03:25.642,1.15065,1.1513,8.00,0.80
2007.12.24 01:03:25.739,1.15065,1.1515,8.00,17.10
2007.12.24 01:03:25.837,1.15065,1.1515,8.00,17.10
2007.12.24 01:03:25.933,1.15065,1.1515,8.00,17.10
2007.12.24 01:03:26.032,1.15065,1.1515,8.00,17.10
2007.12.24 01:03:26.130,1.15065,1.1513,8.00,0.90
2007.12.24 01:03:26.227,1.15065,1.1515,8.00,17.10
2007.12.24 01:03:26.324,1.15065,1.1515,8.00,17.10
2007.12.24 01:03:26.422,1.15065,1.1515,8.00,17.10
2007.12.24 01:03:26.520,1.15065,1.1515,8.00,17.10
2007.12.24 01:03:26.673,1.15065,1.1513,8.00,0.50
2007.12.24 01:03:26.826,1.15065,1.1513,8.00,0.80
2007.12.24 01:03:26.978,1.15065,1.1515,8.00,17.10
2007.12.24 01:03:27.132,1.15065,1.1515,8.00,17.10
2007.12.24 01:03:27.285,1.15065,1.1515,8.00,17.10
2007.12.24 01:03:27.437,1.15065,1.1513,8.00,0.90
2007.12.24 01:03:27.590,1.15065,1.1515,8.00,17.10
2007.12.24 01:03:27.693,1.15065,1.1513,8.00,0.90
2007.12.24 01:03:27.795,1.15065,1.1513,8.00,0.90
2007.12.24 01:03:27.899,1.15065,1.1515,8.00,16.70
2007.12.24 01:03:28.002,1.15065,1.1515,8.00,16.70
2007.12.24 01:03:28.104,1.15065,1.1513,8.00,1.40
2007.12.24 01:03:28.206,1.15065,1.1515,8.00,16.70
2007.12.24 01:03:28.310,1.15065,1.1513,8.00,0.50
2007.12.24 01:03:28.413,1.15075,1.1514,8.00,1.20
2007.12.24 01:03:28.516,1.15075,1.1514,8.00,0.70
2007.12.24 01:03:28.754,1.15075,1.1516,8.00,17.10
2007.12.24 01:03:28.991,1.15075,1.1516,8.00,17.10
2007.12.24 01:03:29.240,1.15075,1.1514,8.00,0.50
2007.12.24 01:03:29.466,1.15075,1.1514,8.00,1.30
2007.12.24 01:03:29.604,1.15075,1.1516,8.00,17.10
2007.12.24 01:03:29.742,1.15075,1.1514,8.00,0.50
2007.12.24 01:03:29.879,1.15075,1.1514,8.00,0.50
2007.12.24 01:03:30.017,1.15075,1.1516,8.00,17.10
2007.12.24 01:03:30.155,1.15075,1.1514,8.00,1.00
2007.12.24 01:03:30.292,1.15075,1.1516,8.00,17.10
2007.12.24 01:03:30.430,1.15075,1.1514,8.00,1.10
2007.12.24 01:03:30.568,1.15075,1.1516,8.00,17.10
2007.12.24 01:03:30.725,1.15075,1.1514,8.00,1.20
2007.12.24 01:03:30.882,1.15075,1.1516,8.00,17.10
2007.12.24 01:03:31.041,1.15075,1.1516,8.00,17.10
2007.12.24 01:03:31.199,1.15075,1.1514,8.00,0.90
2007.12.24 01:03:31.357,1.15075,1.1514,8.00,0.60
2007.12.24 01:03:31.514,1.15075,1.1516,8.00,17.10
2007.12.24 01:03:31.672,1.15075,1.1514,8.00,0.80
2007.12.24 01:03:31.810,1.15075,1.1516,8.00,17.10
2007.12.24 01:03:31.947,1.15075,1.1514,8.00,1.20
2007.12.24 01:03:32.085,1.15075,1.1516,8.00,17.10
2007.12.24 01:03:32.223,1.15075,1.1516,8.00,17.10
2007.12.24 01:03:32.360,1.15075,1.1516,8.00,17.10
2007.12.24 01:03:32.498,1.15075,1.1514,8.00,0.60
2007.12.24 01:03:32.636,1.15075,1.1516,8.00,17.10
2007.12.24 01:03:32.824,1.15075,1.1514,8.00,6.40
2007.12.24 01:03:33.012,1.15075,1.1514,8.00,6.40
2007.12.24 01:03:33.199,1.15075,1.1514,8.00,6.40
2007.12.24 01:03:33.387,1.15075,1.1514,8.00,6.40
2007.12.24 01:03:33.574,1.15075,1.1514,8.00,6.40
2007.12.24 01:03:33.737,1.15075,1.1514,8.00,6.40
2007.12.24 01:03:33.900,1.15075,1.1514,8.00,6.40
2007.12.24 01:03:34.062,1.15075,1.1514,8.00,6.40
2007.12.24 01:03:34.224,1.15075,1.1514,8.00,6.40
2007.12.24 01:03:34.387,1.15075,1.1514,8.00,6.40
2007.12.24 01:03:34.550,1.15075,1.1514,8.00,6.40
2007.12.24 01:03:34.712,1.15075,1.1514,8.00,6.40
2007.12.24 01:03:34.981,1.15075,1.1514,8.00,6.40
2007.12.24 01:03:35.238,1.15075,1.1514,8.00,6.40
2007.12.24 01:03:35.495,1.15075,1.1514,8.00,6.40
2007.12.24 01:03:35.753,1.15075,1.1514,8.00,6.40
2007.12.24 01:03:35.931,1.15065,1.1513,8.00,6.40
2007.12.24 01:03:36.108,1.15065,1.1513,8.00,6.40
2007.12.24 01:03:36.287,1.15065,1.1513,8.00,6.40
2007.12.24 01:03:36.465,1.15065,1.1513,8.00,6.40
2007.12.24 01:03:36.643,1.15065,1.1513,8.00,6.40
2007.12.24 01:03:36.876,1.15065,1.1513,8.00,6.40
2007.12.24 01:03:37.109,1.15065,1.1513,8.00,6.40
2007.12.24 01:03:37.342,1.15065,1.1513,8.00,6.40
2007.12.24 01:03:37.576,1.15065,1.1513,8.00,6.40
2007.12.24 01:03:37.808,1.15065,1.1513,8.00,6.40
2007.12.24 01:03:37.936,1.1507,1.15135,8.00,8.00
2007.12.24 01:03:38.064,1.1507,1.15135,8.00,8.00
2007.12.24 01:03:38.191,1.1507,1.15135,8.00,8.00
2007.12.24 01:03:38.319,1.1507,1.15135,8.00,8.00
2007.12.24 01:03:38.459,1.15055,1.1512,8.00,8.00
2007.12.24 01:03:38.587,1.15055,1.1512,8.00,8.00
2007.12.24 01:03:38.715,1.15055,1.1512,8.00,8.00
2007.12.24 01:03:38.882,1.1505,1.1511,12.00,8.00
2007.12.24 01:03:39.063,1.1505,1.1511,8.00,8.00
2007.12.24 01:03:39.219,1.1505,1.1511,8.00,8.00
2007.12.24 01:03:39.387,1.15045,1.15105,8.00,8.00
2007.12.24 01:03:39.555,1.15045,1.15105,8.00,8.00
2007.12.24 01:03:39.723,1.15045,1.15105,8.00,8.00
2007.12.24 01:03:39.890,1.15045,1.15105,8.00,8.00
2007.12.24 01:03:40.018,1.15045,1.15105,8.00,8.00
2007.12.24 01:03:40.146,1.15045,1.15105,8.00,8.00
2007.12.24 01:03:40.274,1.15045,1.15105,8.00,8.00
2007.12.24 01:03:40.401,1.15045,1.15105,8.00,8.00
2007.12.24 01:03:40.530,1.15045,1.15105,8.00,8.00
2007.12.24 01:03:40.657,1.15045,1.15105,8.00,8.00
2007.12.24 01:03:40.786,1.15045,1.15105,8.00,8.00
2007.12.24 01:03:40.919,1.15045,1.15105,8.00,8.00
2007.12.24 01:03:41.051,1.15045,1.15105,8.00,8.00
2007.12.24 01:03:41.183,1.15045,1.15105,8.00,8.00
2007.12.24 01:03:41.322,1.15045,1.15105,8.00,8.00
2007.12.24 01:03:41.455,1.15045,1.15105,8.00,8.00
2007.12.24 01:03:41.587,1.15045,1.15105,8.00,8.00
2007.12.24 01:03:41.719,1.15045,1.15105,8.00,8.00
2007.12.24 01:03:41.853,1.15045,1.15105,8.00,8.00
2007.12.24 01:03:41.965,1.15045,1.15105,8.00,8.00
2007.12.24 01:03:42.078,1.15045,1.15105,8.00,8.00
2007.12.24 01:03:42.191,1.15045,1.15105,8.00,8.00
2007.12.24 01:03:42.303,1.15045,1.15105,8.00,8.00
2007.12.24 01:03:42.416,1.15045,1.15105,8.00,8.00
2007.12.24 01:03:42.529,1.15045,1.15105,8.00,8.00
2007.12.24 01:03:42.642,1.15045,1.15105,8.00,8.00
2007.12.24 01:03:42.754,1.1504,1.151,8.00,8.00
2007.12.24 01:03:42.867,1.1504,1.151,8.00,8.00
2007.12.24 01:03:42.981,1.1504,1.151,8.00,8.00
2007.12.24 01:03:43.163,1.1504,1.151,8.00,8.00
2007.12.24 01:03:43.346,1.1504,1.151,8.00,8.00
2007.12.24 01:03:43.528,1.1504,1.151,8.00,8.00
2007.12.24 01:03:43.711,1.1504,1.151,8.00,8.00
2007.12.24 01:03:43.893,1.1504,1.151,8.00,8.00
2007.12.24 01:03:44.076,1.1504,1.151,8.00,8.00
2007.12.24 01:03:44.190,1.1504,1.151,8.00,8.00
2007.12.24 01:03:44.302,1.1504,1.151,8.00,8.00
2007.12.24 01:03:44.414,1.1504,1.151,8.00,8.00
2007.12.24 01:03:44.526,1.1504,1.151,8.00,8.00
2007.12.24 01:03:44.638,1.1504,1.151,8.00,8.00
2007.12.24 01:03:44.752,1.1504,1.151,8.00,8.00
2007.12.24 01:03:44.876,1.1504,1.151,8.00,8.00
2007.12.24 01:03:44.976,1.1504,1.151,8.00,8.00
2007.12.24 01:03:45.108,1.1504,1.151,8.00,8.00
2007.12.24 01:03:45.242,1.1504,1.151,8.00,8.00
2007.12.24 01:03:45.401,1.1504,1.151,8.00,8.00
2007.12.24 01:03:45.533,1.1504,1.151,8.00,8.00
2007.12.24 01:03:45.667,1.1504,1.151,8.00,8.00
2007.12.24 01:03:45.799,1.1504,1.151,8.00,8.00
2007.12.24 01:03:45.931,1.1504,1.151,8.00,8.00
2007.12.24 01:03:46.065,1.1504,1.151,8.00,8.00
2007.12.24 01:03:46.177,1.1504,1.151,8.00,8.00
2007.12.24 01:03:46.290,1.1504,1.151,8.00,8.00
2007.12.24 01:03:46.404,1.1504,1.151,8.00,8.00
2007.12.24 01:03:46.516,1.1504,1.151,8.00,8.00
2007.12.24 01:03:46.628,1.1504,1.151,8.00,8.00
2007.12.24 01:03:46.742,1.1504,1.151,8.00,8.00
2007.12.24 01:03:46.854,1.1504,1.151,8.00,8.00
2007.12.24 01:03:46.966,1.1504,1.151,8.00,8.00
2007.12.24 01:03:47.134,1.1504,1.151,8.00,8.00
2007.12.24 01:03:47.301,1.1504,1.151,8.00,8.00
2007.12.24 01:03:47.469,1.1504,1.151,8.00,8.00
2007.12.24 01:03:47.637,1.1504,1.151,8.00,8.00
2007.12.24 01:03:47.804,1.1504,1.151,8.00,8.00
2007.12.24 01:03:47.971,1.15045,1.15105,8.00,8.00
2007.12.24 01:03:48.149,1.15045,1.15105,8.00,8.00
2007.12.24 01:03:48.318,1.15045,1.15105,8.00,8.00
2007.12.24 01:03:48.485,1.1505,1.1511,8.00,8.00
2007.12.24 01:03:48.653,1.1505,1.1511,8.00,8.00
2007.12.24 01:03:48.821,1.1505,1.1511,8.00,8.00
2007.12.24 01:03:48.988,1.1505,1.1511,8.00,8.00
2007.12.24 01:03:49.171,1.1505,1.1511,8.00,8.00
2007.12.24 01:03:49.354,1.1505,1.1511,8.00,8.00
2007.12.24 01:03:49.536,1.1505,1.1511,8.00,8.00
2007.12.24 01:03:49.719,1.1505,1.1511,8.00,8.00
2007.12.24 01:03:49.901,1.1505,1.1511,8.00,8.00
2007.12.24 01:03:50.084,1.1505,1.1511,8.00,8.00
2007.12.24 01:03:50.178,1.1505,1.1511,8.00,8.00
2007.12.24 01:03:50.270,1.1505,1.1511,8.00,8.00
2007.12.24 01:03:50.362,1.15045,1.15105,8.00,8.00
2007.12.24 01:03:50.456,1.15045,1.15105,8.00,8.00
2007.12.24 01:03:50.548,1.15045,1.15105,8.00,8.00
2007.12.24 01:03:50.640,1.15045,1.15105,8.00,8.00
2007.12.24 01:03:50.734,1.15045,1.15105,8.00,8.00
2007.12.24 01:03:50.838,1.1505,1.1511,8.00,8.00
2007.12.24 01:03:50.918,1.1505,1.1511,8.00,8.00
2007.12.24 01:03:51.010,1.1505,1.1511,8.00,8.00
2007.12.24 01:03:51.104,1.1505,1.1511,8.00,8.00
2007.12.24 01:03:51.416,1.1505,1.1511,8.00,8.00
2007.12.24 01:03:51.729,1.1505,1.1511,8.00,8.00
2007.12.24 01:03:52.042,1.1505,1.1511,8.00,8.00
2007.12.24 01:03:52.121,1.1505,1.1511,8.00,8.00
2007.12.24 01:03:52.198,1.1505,1.1511,8.00,8.00
2007.12.24 01:03:52.277,1.1505,1.1511,8.00,8.00
2007.12.24 01:03:52.355,1.15045,1.15105,8.00,8.00
2007.12.24 01:03:52.433,1.15045,1.15105,8.00,8.00
2007.12.24 01:03:52.510,1.15045,1.15105,8.00,8.00
2007.12.24 01:03:52.588,1.15045,1.15105,8.00,8.00
2007.12.24 01:03:52.666,1.15045,1.15105,8.00,8.00
2007.12.24 01:03:52.744,1.15045,1.15105,8.00,8.00
2007.12.24 01:03:52.821,1.15045,1.15105,8.00,8.00
2007.12.24 01:03:52.899,1.15045,1.15105,8.00,8.00
2007.12.24 01:03:52.977,1.15045,1.15105,8.00,8.00
2007.12.24 01:03:53.054,1.15045,1.15105,8.00,8.00
2007.12.24 01:03:53.132,1.15045,1.15105,8.00,8.00
2007.12.24 01:03:53.425,1.15045,1.15105,8.00,8.00
2007.12.24 01:03:53.718,1.15045,1.15105,8.00,8.00
2007.12.24 01:03:54.011,1.1504,1.151,8.00,8.00
2007.12.24 01:03:54.304,1.1504,1.151,8.00,8.00
2007.12.24 01:03:54.426,1.1504,1.151,8.00,8.00
2007.12.24 01:03:54.548,1.1504,1.151,8.00,8.00
2007.12.24 01:03:54.671,1.1504,1.151,8.00,8.00
2007.12.24 01:03:54.794,1.1504,1.151,8.00,8.00
2007.12.24 01:03:54.917,1.1504,1.151,8.00,8.00
2007.12.24 01:03:55.040,1.1504,1.151,8.00,8.00
2007.12.24 01:03:55.163,1.1504,1.151,8.00,8.00
2007.12.24 01:03:55.345,1.1504,1.151,8.00,8.00
2007.12.24 01:03:55.528,1.1505,1.1511,8.00,8.00
2007.12.24 01:03:55.711,1.1505,1.1511,8.00,8.00
2007.12.24 01:03:55.894,1.1505,1.1511,8.00,8.00
2007.12.24 01:03:56.077,1.1505,1.1511,8.00,8.00
2007.12.24 01:03:56.259,1.1505,1.1511,8.00,8.00
2007.12.24 01:03:56.412,1.1505,1.1511,8.00,8.00
2007.12.24 01:03:56.565,1.1505,1.1511,8.00,8.00
2007.12.24 01:03:56.717,1.1505,1.1511,8.00,8.00
2007.12.24 01:03:56.871,1.1505,1.1511,8.00,8.00
2007.12.24 01:03:57.023,1.1505,1.1511,8.00,8.00
2007.12.24 01:03:57.176,1.1505,1.1511,8.00,8.00
2007.12.24 01:03:57.329,1.1505,1.1511,8.00,8.00
2007.12.24 01:03:57.522,1.1505,1.1511,8.00,8.00
2007.12.24 01:03:57.714,1.1505,1.1511,8.00,8.00
2007.12.24 01:03:57.908,1.15045,1.15105,8.00,8.00
2007.12.24 01:03:58.100,1.15045,1.15105,8.00,8.00
2007.12.24 01:03:58.294,1.15045,1.15105,8.00,8.00
2007.12.24 01:03:58.461,1.15045,1.15105,8.00,8.00
2007.12.24 01:03:58.628,1.15045,1.15105,8.00,8.00
2007.12.24 01:03:58.782,1.15045,1.1513,8.00,10.80
2007.12.24 01:03:58.796,1.15045,1.15105,8.00,0.60
2007.12.24 01:03:58.963,1.15045,1.1513,8.00,10.80
2007.12.24 01:03:59.130,1.15045,1.15105,8.00,0.90
2007.12.24 01:03:59.299,1.15045,1.1513,8.00,10.80
2007.12.24 01:03:59.426,1.15045,1.15105,8.00,0.70
2007.12.24 01:03:59.553,1.15045,1.1513,8.00,10.80
2007.12.24 01:03:59.682,1.15045,1.15105,8.00,0.80
2007.12.24 01:03:59.809,1.15045,1.1513,8.00,10.80
2007.12.24 01:03:59.936,1.15045,1.15105,8.00,0.50
2007.12.24 01:04:00.065,1.15045,1.1513,8.00,10.80
2007.12.24 01:04:00.192,1.15045,1.15105,8.00,0.50
2007.12.24 01:04:00.320,1.15045,1.1513,8.00,10.80
2007.12.24 01:04:00.479,1.15045,1.15105,8.00,0.90
2007.12.24 01:04:00.637,1.15045,1.15105,8.00,0.50
2007.12.24 01:04:00.795,1.15045,1.1513,8.00,10.80
2007.12.24 01:04:00.953,1.15045,1.1513,8.00,10.80
2007.12.24 01:04:01.111,1.15045,1.1513,8.00,10.80
2007.12.24 01:04:01.269,1.15045,1.15105,8.00,0.90
2007.12.24 01:04:01.427,1.15045,1.15105,8.00,0.60
2007.12.24 01:04:01.525,1.15045,1.1513,8.00,10.80
2007.12.24 01:04:01.623,1.15045,1.1513,8.00,10.80
2007.12.24 01:04:01.721,1.15045,1.1513,8.00,10.80
2007.12.24 01:04:01.818,1.15045,1.1513,8.00,10.80
2007.12.24 01:04:01.916,1.15045,1.1513,8.00,10.80
2007.12.24 01:04:02.014,1.15045,1.1513,8.00,10.80
2007.12.24 01:04:02.112,1.15045,1.1513,8.00,10.80
2007.12.24 01:04:02.210,1.15045,1.15105,8.00,0.80
2007.12.24 01:04:02.307,1.15045,1.1513,8.00,10.80
2007.12.24 01:04:02.404,1.15045,1.1513,8.00,10.80
2007.12.24 01:04:02.502,1.15045,1.15105,8.00,0.70
2007.12.24 01:04:02.650,1.15045,1.1513,8.00,10.80
2007.12.24 01:04:02.798,1.15045,1.1513,8.00,10.80
2007.12.24 01:04:02.959,1.15045,1.1513,8.00,10.80
2007.12.24 01:04:03.093,1.15045,1.1513,8.00,10.80
2007.12.24 01:04:03.240,1.15045,1.1513,8.00,10.80
2007.12.24 01:04:03.388,1.15045,1.15105,8.00,0.90
2007.12.24 01:04:03.536,1.15045,1.15105,8.00,0.70
2007.12.24 01:04:03.664,1.15045,1.15105,8.00,0.50
2007.12.24 01:04:03.792,1.15045,1.1513,8.00,10.80
2007.12.24 01:04:03.920,1.15045,1.1513,8.00,10.80
2007.12.24 01:04:04.047,1.15045,1.15105,8.00,0.70
2007.12.24 01:04:04.175,1.15045,1.1513,8.00,10.80
2007.12.24 01:04:04.303,1.15045,1.1513,8.00,10.80
2007.12.24 01:04:04.430,1.15045,1.15105,8.00,0.70
2007.12.24 01:04:04.558,1.15045,1.1513,8.00,10.80
2007.12.24 01:04:04.696,1.15045,1.1513,8.00,10.80
2007.12.24 01:04:04.834,1.15045,1.15105,8.00,0.60
2007.12.24 01:04:04.972,1.15045,1.1513,8.00,10.80
2007.12.24 01:04:05.109,1.15045,1.15105,8.00,0.70
2007.12.24 01:04:05.247,1.15045,1.15105,8.00,0.50
2007.12.24 01:04:05.386,1.15045,1.1512,8.00,10.80
2007.12.24 01:04:05.523,1.15045,1.1512,8.00,10.80
2007.12.24 01:04:05.661,1.1504,1.151,8.00,0.60
2007.12.24 01:04:05.804,1.1504,1.151,8.00,0.50
2007.12.24 01:04:05.946,1.1504,1.151,8.00,0.60
2007.12.24 01:04:06.089,1.1504,1.1512,8.00,10.80
2007.12.24 01:04:06.232,1.1504,1.151,8.00,0.50
2007.12.24 01:04:06.375,1.1504,1.151,8.00,0.50
2007.12.24 01:04:06.518,1.1504,1.151,8.00,0.60
2007.12.24 01:04:06.660,1.1504,1.1512,8.00,10.80
2007.12.24 01:04:06.818,1.1504,1.151,8.00,0.90
2007.12.24 01:04:06.976,1.1504,1.151,8.00,0.60
2007.12.24 01:04:07.134,1.1504,1.151,8.00,0.50
2007.12.24 01:04:07.291,1.1504,1.1512,8.00,10.80
2007.12.24 01:04:07.449,1.1504,1.1512,8.00,10.80
2007.12.24 01:04:07.606,1.1504,1.1512,8.00,10.80
2007.12.24 01:04:07.764,1.1504,1.1512,8.00,10.80
2007.12.24 01:04:07.887,1.1504,1.1512,8.00,10.80
2007.12.24 01:04:08.010,1.1504,1.151,8.00,0.90
2007.12.24 01:04:08.139,1.1504,1.151,8.00,0.60
2007.12.24 01:04:08.261,1.1504,1.1512,8.00,10.80
2007.12.24 01:04:08.384,1.1504,1.1512,8.00,10.80
2007.12.24 01:04:08.507,1.1504,1.1512,8.00,10.80
2007.12.24 01:04:08.630,1.1504,1.1512,8.00,10.80
2007.12.24 01:04:08.753,1.1504,1.1512,8.00,10.80
2007.12.24 01:04:08.886,1.1504,1.1512,8.00,10.80
2007.12.24 01:04:09.019,1.1504,1.151,8.00,0.50
2007.12.24 01:04:09.152,1.1504,1.151,8.00,0.70
2007.12.24 01:04:09.285,1.1504,1.1512,8.00,10.80
2007.12.24 01:04:09.418,1.1504,1.151,8.00,0.90
2007.12.24 01:04:09.551,1.1504,1.151,8.00,0.80
2007.12.24 01:04:09.683,1.1504,1.1512,8.00,10.80
2007.12.24 01:04:09.806,1.1504,1.1512,8.00,10.80
2007.12.24 01:04:09.928,1.1504,1.1512,8.00,10.80
2007.12.24 01:04:10.051,1.1504,1.1512,8.00,10.80
2007.12.24 01:04:10.173,1.1504,1.1512,8.00,10.80
2007.12.24 01:04:10.296,1.1504,1.151,8.00,0.90
2007.12.24 01:04:10.418,1.1504,1.1512,8.00,10.80
2007.12.24 01:04:10.541,1.1504,1.151,8.00,0.60
2007.12.24 01:04:10.664,1.1504,1.1512,8.00,10.80
2007.12.24 01:04:10.786,1.1504,1.151,8.00,0.60
2007.12.24 01:04:10.924,1.15035,1.1512,8.00,10.80
2007.12.24 01:04:11.062,1.15035,1.1512,8.00,10.80
2007.12.24 01:04:11.199,1.15035,1.1512,8.00,10.80
2007.12.24 01:04:11.338,1.15035,1.15095,8.00,0.80
2007.12.24 01:04:11.475,1.15035,1.1512,8.00,10.80
2007.12.24 01:04:11.612,1.15035,1.1512,8.00,10.80
2007.12.24 01:04:11.750,1.15035,1.1512,8.00,10.80
2007.12.24 01:04:11.942,1.15035,1.1512,8.00,10.80
2007.12.24 01:04:12.135,1.15035,1.1512,8.00,10.80
2007.12.24 01:04:12.328,1.15035,1.1512,8.00,10.80
2007.12.24 01:04:12.521,1.15035,1.15095,8.00,0.90
2007.12.24 01:04:12.713,1.15035,1.15095,8.00,0.70
2007.12.24 01:04:12.805,1.15035,1.1512,8.00,10.80
2007.12.24 01:04:12.898,1.15035,1.1512,8.00,10.80
2007.12.24 01:04:12.991,1.15035,1.1512,8.00,10.80
2007.12.24 01:04:13.084,1.15035,1.15095,8.00,0.90
2007.12.24 01:04:13.176,1.15035,1.1512,8.00,10.80
2007.12.24 01:04:13.269,1.15035,1.15095,8.00,0.70
2007.12.24 01:04:13.362,1.15035,1.1512,8.00,10.80
2007.12.24 01:04:13.454,1.15035,1.1512,8.00,10.80
2007.12.24 01:04:13.546,1.15035,1.1512,8.00,10.80
2007.12.24 01:04:13.639,1.15035,1.1512,8.00,10.80
2007.12.24 01:04:13.732,1.15035,1.1512,8.00,10.80
2007.12.24 01:04:13.884,1.15035,1.1512,8.00,10.80
2007.12.24 01:04:14.037,1.15035,1.1512,8.00,10.80
2007.12.24 01:04:14.190,1.15035,1.15095,8.00,0.50
2007.12.24 01:04:14.342,1.15035,1.1512,8.00,10.80
2007.12.24 01:04:14.495,1.15035,1.1512,8.00,10.80
2007.12.24 01:04:14.649,1.15035,1.1512,8.00,10.80
2007.12.24 01:04:14.801,1.15035,1.15095,8.00,0.70
2007.12.24 01:04:14.904,1.15035,1.1512,8.00,10.80
2007.12.24 01:04:15.006,1.15035,1.1512,8.00,10.80
2007.12.24 01:04:15.109,1.15035,1.1512,8.00,10.80
2007.12.24 01:04:15.211,1.15035,1.1512,8.00,10.80
2007.12.24 01:04:15.314,1.15035,1.1512,8.00,10.80
2007.12.24 01:04:15.417,1.15035,1.1512,8.00,10.80
2007.12.24 01:04:15.519,1.15035,1.15095,8.00,0.80
2007.12.24 01:04:15.622,1.15035,1.1512,8.00,10.80
2007.12.24 01:04:15.725,1.15035,1.1512,8.00,10.80
2007.12.24 01:04:15.872,1.15035,1.1512,8.00,10.80
2007.12.24 01:04:16.020,1.15035,1.1512,8.00,10.80
2007.12.24 01:04:16.182,1.15035,1.15095,8.00,0.80
2007.12.24 01:04:16.315,1.15035,1.15095,8.00,0.80
2007.12.24 01:04:16.462,1.15035,1.1512,8.00,10.80
2007.12.24 01:04:16.610,1.15035,1.1512,8.00,10.80
2007.12.24 01:04:16.758,1.15035,1.15095,8.00,0.80
2007.12.24 01:04:16.906,1.15035,1.15095,8.00,0.60
2007.12.24 01:04:17.018,1.15035,1.15095,8.00,0.70
2007.12.24 01:04:17.143,1.15035,1.1512,8.00,10.80
2007.12.24 01:04:17.255,1.15035,1.1512,8.00,10.80
2007.12.24 01:04:17.368,1.15035,1.15095,8.00,0.80
2007.12.24 01:04:17.481,1.15035,1.15095,8.00,0.50
2007.12.24 01:04:17.594,1.15035,1.1512,8.00,10.80
2007.12.24 01:04:17.706,1.15035,1.1512,8.00,10.80
2007.12.24 01:04:17.819,1.15035,1.1512,8.00,10.80
2007.12.24 01:04:17.931,1.15035,1.15095,8.00,0.90
2007.12.24 01:04:18.059,1.15035,1.1512,8.00,10.80
2007.12.24 01:04:18.186,1.15035,1.1512,8.00,10.80
2007.12.24 01:04:18.314,1.15035,1.1512,8.00,10.80
2007.12.24 01:04:18.441,1.15035,1.1512,8.00,10.80
2007.12.24 01:04:18.569,1.15035,1.1512,8.00,10.80
2007.12.24 01:04:18.696,1.15035,1.1512,8.00,10.80
2007.12.24 01:04:18.824,1.15035,1.15095,8.00,0.50
2007.12.24 01:04:18.952,1.15035,1.15095,8.00,0.80
2007.12.24 01:04:19.075,1.15035,1.1512,8.00,10.80
2007.12.24 01:04:19.198,1.15035,1.1512,8.00,10.80
2007.12.24 01:04:19.320,1.15035,1.1512,8.00,10.80
2007.12.24 01:04:19.442,1.15035,1.1512,8.00,10.80
2007.12.24 01:04:19.565,1.15035,1.1512,8.00,10.80
2007.12.24 01:04:19.690,1.15035,1.1512,8.00,10.80
2007.12.24 01:04:19.812,1.15035,1.1512,8.00,10.80
2007.12.24 01:04:19.934,1.15035,1.1512,8.00,10.80
2007.12.24 01:04:20.073,1.15035,1.1512,8.00,10.80
2007.12.24 01:04:20.211,1.15035,1.15095,8.00,0.80
2007.12.24 01:04:20.348,1.15035,1.1512,8.00,10.80
2007.12.24 01:04:20.486,1.15035,1.1512,8.00,10.80
2007.12.24 01:04:20.624,1.15035,1.1512,8.00,10.80
2007.12.24 01:04:20.762,1.15035,1.1512,8.00,10.80
2007.12.24 01:04:20.900,1.15035,1.15095,8.00,0.50
2007.12.24 01:04:21.013,1.15035,1.15095,8.00,0.60
2007.12.24 01:04:21.126,1.15035,1.1512,8.00,10.80
2007.12.24 01:04:21.239,1.15035,1.15095,8.00,0.80
2007.12.24 01:04:21.351,1.15035,1.15095,8.00,0.90
2007.12.24 01:04:21.463,1.15035,1.1512,8.00,10.80
2007.12.24 01:04:21.577,1.15035,1.1512,8.00,10.80
2007.12.24 01:04:21.690,1.15035,1.15095,8.00,0.80
2007.12.24 01:04:21.802,1.15035,1.15095,8.00,0.60
2007.12.24 01:04:21.915,1.15035,1.1512,8.00,10.80
2007.12.24 01:04:22.053,1.15035,1.1512,8.00,10.80
2007.12.24 01:04:22.190,1.15035,1.1512,8.00,10.80
2007.12.24 01:04:22.328,1.15035,1.1512,8.00,10.80
2007.12.24 01:04:22.465,1.15035,1.1512,8.00,10.80
2007.12.24 01:04:22.602,1.15035,1.1512,8.00,10.80
2007.12.24 01:04:22.740,1.15035,1.1512,8.00,10.80
2007.12.24 01:04:22.878,1.15035,1.1512,8.00,10.80
2007.12.24 01:04:23.015,1.15035,1.15095,8.00,0.60
2007.12.24 01:04:23.148,1.15035,1.15095,8.00,0.80
2007.12.24 01:04:23.282,1.15035,1.15095,8.00,0.80
2007.12.24 01:04:23.415,1.15035,1.1512,8.00,10.80
2007.12.24 01:04:23.547,1.15035,1.15095,8.00,0.60
2007.12.24 01:04:23.679,1.15035,1.1512,8.00,10.80
2007.12.24 01:04:23.812,1.15035,1.15095,8.00,0.90
2007.12.24 01:04:23.956,1.15035,1.15095,8.00,0.80
2007.12.24 01:04:24.073,1.15035,1.1512,8.00,10.80
2007.12.24 01:04:24.190,1.15035,1.1512,8.00,10.80
2007.12.24 01:04:24.308,1.15035,1.1512,8.00,10.80
2007.12.24 01:04:24.425,1.15035,1.15095,8.00,0.50
2007.12.24 01:04:24.543,1.15035,1.15095,8.00,0.60
2007.12.24 01:04:24.660,1.15035,1.15095,8.00,0.60
2007.12.24 01:04:24.778,1.15035,1.1512,8.00,10.80
2007.12.24 01:04:24.896,1.15035,1.1512,8.00,10.80
2007.12.24 01:04:25.014,1.15035,1.15095,8.00,0.60
2007.12.24 01:04:25.141,1.15035,1.1512,8.00,10.80
2007.12.24 01:04:25.268,1.15035,1.15095,8.00,0.80
2007.12.24 01:04:25.396,1.15035,1.1512,8.00,10.80
2007.12.24 01:04:25.523,1.15035,1.1512,8.00,10.80
2007.12.24 01:04:25.651,1.15035,1.15095,8.00,0.70
2007.12.24 01:04:25.779,1.15035,1.1512,8.00,10.80
2007.12.24 01:04:25.906,1.15035,1.15095,8.00,8.00
2007.12.24 01:04:26.034,1.15035,1.15095,8.00,8.00
2007.12.24 01:04:26.172,1.15035,1.15095,8.00,8.00
2007.12.24 01:04:26.309,1.15035,1.15095,8.00,8.00
2007.12.24 01:04:26.447,1.15035,1.15095,8.00,8.00
2007.12.24 01:04:26.584,1.15035,1.15095,8.00,8.00
2007.12.24 01:04:26.722,1.15035,1.15095,8.00,8.00
2007.12.24 01:04:26.860,1.15035,1.15095,8.00,8.00
2007.12.24 01:04:26.997,1.15035,1.15095,8.00,8.00
2007.12.24 01:04:27.134,1.15035,1.15095,8.00,8.00
2007.12.24 01:04:27.252,1.15035,1.15095,8.00,8.00
2007.12.24 01:04:27.370,1.15035,1.15095,8.00,8.00
2007.12.24 01:04:27.488,1.15035,1.15095,8.00,8.00
2007.12.24 01:04:27.606,1.15035,1.15095,8.00,8.00
2007.12.24 01:04:27.724,1.15035,1.15095,8.00,8.00
2007.12.24 01:04:27.841,1.15035,1.15095,8.00,8.00
2007.12.24 01:04:27.958,1.15035,1.15095,8.00,8.00
2007.12.24 01:04:28.080,1.15035,1.15095,8.00,8.00
2007.12.24 01:04:28.218,1.15035,1.15095,8.00,8.00
2007.12.24 01:04:28.355,1.15035,1.15095,8.00,8.00
2007.12.24 01:04:28.493,1.15035,1.15095,8.00,8.00
2007.12.24 01:04:28.631,1.15035,1.15095,8.00,8.00
2007.12.24 01:04:28.769,1.15035,1.15095,8.00,8.00
2007.12.24 01:04:28.906,1.15035,1.15095,8.00,8.00
2007.12.24 01:04:29.044,1.15035,1.15095,8.00,8.00
2007.12.24 01:04:29.182,1.15035,1.15095,8.00,8.00
2007.12.24 01:04:29.309,1.15035,1.15095,8.00,8.00
2007.12.24 01:04:29.437,1.15035,1.15095,8.00,8.00
2007.12.24 01:04:29.564,1.15035,1.15095,8.00,8.00
2007.12.24 01:04:29.691,1.15035,1.15095,8.00,8.00
2007.12.24 01:04:29.819,1.15035,1.15095,8.00,8.00
2007.12.24 01:04:29.946,1.15035,1.15095,8.00,8.00
2007.12.24 01:04:30.074,1.15035,1.15095,8.00,8.00
2007.12.24 01:04:30.201,1.15035,1.15095,8.00,8.00
2007.12.24 01:04:30.328,1.15035,1.15095,8.00,8.00
2007.12.24 01:04:30.457,1.15035,1.15095,8.00,8.00
2007.12.24 01:04:30.597,1.15035,1.15095,8.00,8.00
2007.12.24 01:04:30.725,1.15035,1.15095,8.00,8.00
2007.12.24 01:04:30.852,1.15035,1.15095,8.00,8.00
2007.12.24 01:04:30.979,1.15035,1.15095,8.00,8.00
2007.12.24 01:04:31.106,1.15035,1.15095,8.00,8.00
2007.12.24 01:04:31.235,1.15035,1.15095,8.00,8.00
2007.12.24 01:04:31.362,1.15035,1.15095,8.00,8.00
2007.12.24 01:04:31.489,1.15035,1.15095,8.00,8.00
2007.12.24 01:04:31.616,1.15035,1.15095,8.00,8.00
2007.12.24 01:04:31.745,1.15035,1.15095,8.00,8.00
2007.12.24 01:04:31.873,1.15035,1.15095,8.00,8.00
2007.12.24 01:04:32.000,1.15035,1.15095,8.00,8.00
2007.12.24 01:04:32.127,1.15035,1.15095,8.00,8.00
2007.12.24 01:04:32.245,1.15035,1.15095,8.00,8.00
2007.12.24 01:04:32.363,1.15035,1.15095,8.00,8.00
2007.12.24 01:04:32.481,1.15035,1.15095,8.00,8.00
2007.12.24 01:04:32.598,1.15035,1.15095,8.00,8.00
2007.12.24 01:04:32.715,1.15035,1.15095,8.00,8.00
2007.12.24 01:04:32.834,1.15035,1.15095,8.00,8.00
2007.12.24 01:04:32.952,1.15035,1.15095,8.00,8.00
2007.12.24 01:04:33.069,1.15035,1.15095,8.00,8.00
2007.12.24 01:04:33.200,1.15035,1.15095,8.00,8.00
2007.12.24 01:04:33.314,1.15035,1.15095,8.00,8.00
2007.12.24 01:04:33.441,1.15035,1.15095,8.00,8.00
2007.12.24 01:04:33.568,1.15035,1.15095,8.00,8.00
2007.12.24 01:04:33.697,1.15035,1.15095,8.00,8.00
2007.12.24 01:04:33.825,1.15035,1.15095,8.00,8.00
2007.12.24 01:04:33.952,1.15035,1.15095,8.00,8.00
2007.12.24 01:04:34.080,1.15035,1.15095,8.00,8.00
2007.12.24 01:04:34.208,1.15035,1.15095,8.00,8.00
2007.12.24 01:04:34.326,1.15035,1.15095,8.00,8.00
2007.12.24 01:04:34.443,1.15035,1.15095,8.00,8.00
2007.12.24 01:04:34.560,1.15035,1.15095,8.00,8.00
2007.12.24 01:04:34.679,1.15035,1.15095,8.00,8.00
2007.12.24 01:04:34.797,1.15035,1.15095,8.00,8.00
2007.12.24 01:04:34.859,1.1502,1.15095,12.00,8.00
2007.12.24 01:04:34.914,1.1502,1.15095,12.00,8.00
2007.12.24 01:04:35.031,1.15035,1.15095,1.80,8.00
2007.12.24 01:04:35.149,1.1502,1.15095,12.00,8.00
2007.12.24 01:04:35.268,1.1502,1.15095,12.00,8.00
2007.12.24 01:04:35.400,1.15035,1.15095,2.90,8.00
2007.12.24 01:04:35.532,1.1502,1.15095,12.00,8.00
2007.12.24 01:04:35.665,1.1502,1.15095,12.00,8.00
2007.12.24 01:04:35.812,1.15035,1.15095,2.20,8.00
2007.12.24 01:04:35.931,1.1502,1.15095,12.00,8.00
2007.12.24 01:04:36.063,1.1502,1.15095,12.00,8.00
2007.12.24 01:04:36.196,1.1502,1.15095,12.00,8.00
2007.12.24 01:04:36.315,1.15035,1.15095,2.40,8.00
2007.12.24 01:04:36.433,1.1502,1.15095,12.00,8.00
2007.12.24 01:04:36.551,1.1502,1.15095,12.00,8.00
2007.12.24 01:04:36.680,1.1502,1.15095,12.00,8.00
2007.12.24 01:04:36.798,1.1502,1.15095,12.00,8.00
2007.12.24 01:04:36.916,1.1502,1.15095,12.00,8.00
2007.12.24 01:04:37.034,1.15035,1.15095,2.20,8.00
2007.12.24 01:04:37.151,1.1502,1.15095,12.00,8.00
2007.12.24 01:04:37.268,1.15035,1.15095,2.30,8.00
2007.12.24 01:04:37.395,1.15035,1.15095,2.00,8.00
2007.12.24 01:04:37.523,1.15035,1.15095,1.30,8.00
2007.12.24 01:04:37.652,1.1502,1.15095,12.00,8.00
2007.12.24 01:04:37.779,1.1502,1.15095,12.00,8.00
2007.12.24 01:04:37.906,1.1502,1.15095,12.00,8.00
2007.12.24 01:04:38.035,1.15035,1.15095,1.30,8.00
2007.12.24 01:04:38.163,1.1502,1.15095,12.00,8.00
2007.12.24 01:04:38.290,1.1502,1.15095,12.00,8.00
2007.12.24 01:04:38.432,1.1502,1.15095,12.00,8.00
2007.12.24 01:04:38.575,1.15035,1.15095,2.80,8.00
2007.12.24 01:04:38.717,1.1502,1.15095,12.00,8.00
2007.12.24 01:04:38.860,1.1502,1.15095,12.00,8.00
2007.12.24 01:04:39.004,1.1502,1.15095,12.00,8.00
2007.12.24 01:04:39.146,1.1502,1.15095,12.00,8.00
2007.12.24 01:04:39.288,1.1502,1.15095,12.00,8.00
2007.12.24 01:04:39.437,1.1502,1.15095,12.00,8.00
2007.12.24 01:04:39.584,1.15035,1.15095,3.50,8.00
2007.12.24 01:04:39.731,1.1502,1.15095,12.00,8.00
2007.12.24 01:04:39.880,1.1502,1.15095,12.00,8.00
2007.12.24 01:04:40.027,1.1502,1.15095,12.00,8.00
2007.12.24 01:04:40.176,1.15035,1.15095,1.70,8.00
2007.12.24 01:04:40.323,1.1501,1.15095,19.50,8.00
2007.12.24 01:04:40.497,1.1501,1.15095,19.50,8.00
2007.12.24 01:04:40.669,1.1501,1.15095,19.50,8.00
2007.12.24 01:04:40.841,1.1501,1.15095,19.50,8.00
2007.12.24 01:04:41.014,1.15,1.1512,16.70,2.80
2007.12.24 01:04:41.186,1.15,1.1512,16.70,2.80
2007.12.24 01:04:41.359,1.1501,1.1512,2.10,2.80
2007.12.24 01:04:41.461,1.15,1.1511,16.70,2.40
2007.12.24 01:04:41.565,1.15,1.1511,16.70,2.40
2007.12.24 01:04:41.667,1.1502,1.1509,12.00,8.00
2007.12.24 01:04:41.769,1.1502,1.1509,12.00,8.00
2007.12.24 01:04:41.873,1.1503,1.1509,2.50,8.00
2007.12.24 01:04:41.976,1.1502,1.1509,12.00,8.00
2007.12.24 01:04:42.078,1.1502,1.1509,12.00,8.00
2007.12.24 01:04:42.180,1.1502,1.1509,12.00,8.00
2007.12.24 01:04:42.282,1.1502,1.1509,12.00,8.00
2007.12.24 01:04:42.386,1.1502,1.1509,12.00,8.00
2007.12.24 01:04:42.599,1.1502,1.1509,12.00,8.00
2007.12.24 01:04:42.811,1.1503,1.1509,4.20,8.00
2007.12.24 01:04:43.024,1.1501,1.1509,21.10,8.00
2007.12.24 01:04:43.237,1.1501,1.1509,21.10,8.00
2007.12.24 01:04:43.449,1.1501,1.1509,21.10,8.00
2007.12.24 01:04:43.532,1.1501,1.1509,21.10,8.00
2007.12.24 01:04:43.629,1.1501,1.1509,21.10,8.00
2007.12.24 01:04:43.699,1.1501,1.1509,21.10,8.00
2007.12.24 01:04:43.781,1.15035,1.15095,0.90,8.00
2007.12.24 01:04:43.864,1.1501,1.15095,23.50,8.00
2007.12.24 01:04:43.947,1.15035,1.15095,2.40,8.00
2007.12.24 01:04:44.031,1.1501,1.15095,23.50,8.00
2007.12.24 01:04:44.113,1.1501,1.15095,23.50,8.00
2007.12.24 01:04:44.195,1.1501,1.15095,23.50,8.00
2007.12.24 01:04:44.277,1.1501,1.15095,23.50,8.00
2007.12.24 01:04:44.360,1.1501,1.15095,23.50,8.00
2007.12.24 01:04:44.444,1.1501,1.15095,23.50,8.00
2007.12.24 01:04:44.711,1.1501,1.15095,23.50,8.00
2007.12.24 01:04:44.980,1.1502,1.15095,12.00,8.00
2007.12.24 01:04:45.247,1.15035,1.15095,2.90,8.00
2007.12.24 01:04:45.516,1.1502,1.15095,12.00,8.00
2007.12.24 01:04:45.583,1.15035,1.15095,1.00,8.00
2007.12.24 01:04:45.650,1.15035,1.15095,0.70,8.00
2007.12.24 01:04:45.718,1.15035,1.15095,3.20,8.00
2007.12.24 01:04:45.787,1.15035,1.15095,1.90,8.00
2007.12.24 01:04:45.855,1.15035,1.15095,3.60,8.00
2007.12.24 01:04:45.922,1.1502,1.15095,12.00,8.00
2007.12.24 01:04:45.989,1.1502,1.15095,12.00,8.00
2007.12.24 01:04:46.056,1.1502,1.15095,12.00,8.00
2007.12.24 01:04:46.125,1.15035,1.15095,1.60,8.00
2007.12.24 01:04:46.193,1.1502,1.15095,12.00,8.00
2007.12.24 01:04:46.260,1.15035,1.15095,3.10,8.00
2007.12.24 01:04:46.327,1.1502,1.15095,12.00,8.00
2007.12.24 01:04:46.395,1.15035,1.15095,0.70,8.00
2007.12.24 01:04:46.464,1.15035,1.15095,3.50,8.00
2007.12.24 01:04:46.532,1.1502,1.15095,12.00,8.00
2007.12.24 01:04:46.774,1.1502,1.15095,12.00,8.00
2007.12.24 01:04:47.017,1.15035,1.15095,2.20,8.00
2007.12.24 01:04:47.260,1.1503,1.15095,3.30,8.00
2007.12.24 01:04:47.503,1.1503,1.15095,2.10,8.00
2007.12.24 01:04:47.585,1.1502,1.1509,12.00,8.00
2007.12.24 01:04:47.669,1.15025,1.1509,2.40,8.00
2007.12.24 01:04:47.752,1.15025,1.1509,3.70,8.00
2007.12.24 01:04:47.834,1.15025,1.1509,4.30,8.00
2007.12.24 01:04:47.917,1.1501,1.1509,12.00,8.00
2007.12.24 01:04:48.001,1.15025,1.1509,0.60,8.00
2007.12.24 01:04:48.084,1.1501,1.1509,12.00,8.00
2007.12.24 01:04:48.166,1.15025,1.1509,1.20,8.00
2007.12.24 01:04:48.249,1.15025,1.1509,3.90,8.00
2007.12.24 01:04:48.332,1.15025,1.1509,4.30,8.00
2007.12.24 01:04:48.414,1.1501,1.1509,12.00,8.00
2007.12.24 01:04:48.496,1.1501,1.1509,12.00,8.00
2007.12.24 01:04:48.578,1.1501,1.1509,12.00,8.00
2007.12.24 01:04:48.766,1.1501,1.1509,12.00,8.00
2007.12.24 01:04:48.953,1.1501,1.1509,12.00,8.00
2007.12.24 01:04:49.141,1.1501,1.1509,12.00,8.00
2007.12.24 01:04:49.328,1.15025,1.1509,1.40,8.00
2007.12.24 01:04:49.517,1.15025,1.1509,1.50,8.00
2007.12.24 01:04:49.704,1.1501,1.1509,12.00,8.00
2007.12.24 01:04:49.806,1.1501,1.1509,12.00,8.00
2007.12.24 01:04:49.910,1.1501,1.1509,12.00,8.00
2007.12.24 01:04:50.012,1.1501,1.1509,12.00,8.00
2007.12.24 01:04:50.115,1.1501,1.1509,12.00,8.00
2007.12.24 01:04:50.219,1.1501,1.1509,12.00,8.00
2007.12.24 01:04:50.321,1.15025,1.1509,2.10,8.00
2007.12.24 01:04:50.424,1.15025,1.1509,4.20,8.00
2007.12.24 01:04:50.528,1.15025,1.1509,3.10,8.00
2007.12.24 01:04:50.630,1.1501,1.1509,12.00,8.00
2007.12.24 01:04:50.762,1.1501,1.1509,12.00,8.00
2007.12.24 01:04:50.894,1.1501,1.1509,12.00,8.00
2007.12.24 01:04:51.028,1.1501,1.1509,12.00,8.00
2007.12.24 01:04:51.160,1.1501,1.1509,12.00,8.00
2007.12.24 01:04:51.292,1.1501,1.1509,12.00,8.00
2007.12.24 01:04:51.425,1.15025,1.1509,3.50,8.00
2007.12.24 01:04:51.558,1.1501,1.1509,12.00,8.00
2007.12.24 01:04:51.670,1.1501,1.1509,12.00,8.00
2007.12.24 01:04:51.782,1.1501,1.1509,12.00,8.00
2007.12.24 01:04:51.896,1.1501,1.1509,12.00,8.00
2007.12.24 01:04:52.008,1.1501,1.1509,12.00,8.00
2007.12.24 01:04:52.120,1.1501,1.1509,12.00,8.00
2007.12.24 01:04:52.232,1.1501,1.1509,12.00,8.00
2007.12.24 01:04:52.354,1.15025,1.1509,1.40,8.00
2007.12.24 01:04:52.467,1.1501,1.1509,12.00,8.00
2007.12.24 01:04:52.579,1.1501,1.1509,12.00,8.00
2007.12.24 01:04:52.792,1.15025,1.1509,2.20,8.00
2007.12.24 01:04:53.005,1.1501,1.15085,12.00,8.00
2007.12.24 01:04:53.218,1.1502,1.15085,2.40,8.00
2007.12.24 01:04:53.432,1.1502,1.15085,0.60,8.00
2007.12.24 01:04:53.644,1.1501,1.15085,12.00,8.00
2007.12.24 01:04:53.767,1.1501,1.15085,12.00,8.00
2007.12.24 01:04:53.897,1.1501,1.15085,12.00,8.00
2007.12.24 01:04:54.020,1.1502,1.15085,1.90,8.00
2007.12.24 01:04:54.143,1.1501,1.15085,12.00,8.00
2007.12.24 01:04:54.266,1.1501,1.15085,12.00,8.00
2007.12.24 01:04:54.389,1.1501,1.15085,12.00,8.00
2007.12.24 01:04:54.513,1.1502,1.15085,1.90,8.00
2007.12.24 01:04:54.635,1.1501,1.15085,12.00,8.00
2007.12.24 01:04:54.757,1.1501,1.15085,12.00,8.00
2007.12.24 01:04:54.886,1.1502,1.15085,3.50,8.00
2007.12.24 01:04:55.013,1.1501,1.15085,12.00,8.00
2007.12.24 01:04:55.140,1.1501,1.15085,12.00,8.00
2007.12.24 01:04:55.268,1.1502,1.15085,1.30,8.00
2007.12.24 01:04:55.396,1.1501,1.15085,12.00,8.00
2007.12.24 01:04:55.535,1.1501,1.15085,12.00,8.00
2007.12.24 01:04:55.651,1.1501,1.15085,12.00,8.00
2007.12.24 01:04:55.779,1.1501,1.15085,12.00,8.00
2007.12.24 01:04:55.898,1.1502,1.15085,4.30,8.00
2007.12.24 01:04:56.015,1.1502,1.15085,3.70,8.00
2007.12.24 01:04:56.132,1.1502,1.15085,4.40,8.00
2007.12.24 01:04:56.250,1.1501,1.15085,12.00,8.00
2007.12.24 01:04:56.368,1.1502,1.15085,4.30,8.00
2007.12.24 01:04:56.485,1.1501,1.15085,12.00,8.00
2007.12.24 01:04:56.603,1.1501,1.15085,12.00,8.00
2007.12.24 01:04:56.721,1.1501,1.15085,12.00,8.00
2007.12.24 01:04:56.853,1.1501,1.15085,12.00,8.00
2007.12.24 01:04:56.986,1.1502,1.15085,1.80,8.00
2007.12.24 01:04:57.118,1.1502,1.15085,3.70,8.00
2007.12.24 01:04:57.251,1.1501,1.15085,12.00,8.00
2007.12.24 01:04:57.384,1.1501,1.15085,12.00,8.00
2007.12.24 01:04:57.516,1.1501,1.15085,12.00,8.00
2007.12.24 01:04:57.650,1.1501,1.15085,12.00,8.00
2007.12.24 01:04:57.782,1.1501,1.15085,12.00,8.00
2007.12.24 01:04:57.899,1.1501,1.15085,12.00,8.00
2007.12.24 01:04:58.031,1.1502,1.15085,4.20,8.00
2007.12.24 01:04:58.148,1.1501,1.15085,12.00,8.00
2007.12.24 01:04:58.265,1.1501,1.15085,12.00,8.00
2007.12.24 01:04:58.382,1.1502,1.15085,1.10,8.00
2007.12.24 01:04:58.501,1.1502,1.15085,4.20,8.00
2007.12.24 01:04:58.618,1.1501,1.15085,12.00,8.00
2007.12.24 01:04:58.735,1.1501,1.15085,12.00,8.00
2007.12.24 01:04:58.853,1.1502,1.15085,2.50,8.00
2007.12.24 01:04:58.991,1.1501,1.15085,12.00,8.00
2007.12.24 01:04:59.128,1.1501,1.15085,12.00,8.00
2007.12.24 01:04:59.265,1.1502,1.15085,2.60,8.00
2007.12.24 01:04:59.403,1.1501,1.15085,12.00,8.00
2007.12.24 01:04:59.540,1.1501,1.15085,12.00,8.00
2007.12.24 01:04:59.678,1.1501,1.15085,12.00,8.00
2007.12.24 01:04:59.816,1.1502,1.15085,0.80,8.00
2007.12.24 01:04:59.923,1.1502,1.15085,2.50,8.00
2007.12.24 01:05:00.030,1.1501,1.15085,12.00,8.00
2007.12.24 01:05:00.139,1.1502,1.15085,2.30,8.00
2007.12.24 01:05:00.246,1.1502,1.15085,4.20,8.00
2007.12.24 01:05:00.353,1.1501,1.15085,12.00,8.00
2007.12.24 01:05:00.461,1.1502,1.15085,4.30,8.00
2007.12.24 01:05:00.568,1.1502,1.15085,3.50,8.00
2007.12.24 01:05:00.676,1.1501,1.15085,12.00,8.00
2007.12.24 01:05:00.784,1.1502,1.15085,2.80,8.00
2007.12.24 01:05:00.922,1.1502,1.15085,2.50,8.00
2007.12.24 01:05:01.060,1.1501,1.15085,12.00,8.00
2007.12.24 01:05:01.198,1.1501,1.15085,12.00,8.00
2007.12.24 01:05:01.335,1.1502,1.15085,2.40,8.00
2007.12.24 01:05:01.472,1.1502,1.15085,2.00,8.00
2007.12.24 01:05:01.610,1.1501,1.15085,12.00,8.00
2007.12.24 01:05:01.748,1.1501,1.15085,12.00,8.00
2007.12.24 01:05:01.885,1.1502,1.15085,3.70,8.00
2007.12.24 01:05:01.993,1.1502,1.15085,8.00,8.00
2007.12.24 01:05:02.100,1.1502,1.15085,8.00,8.00
2007.12.24 01:05:02.208,1.1502,1.15085,8.00,8.00
2007.12.24 01:05:02.315,1.1502,1.15085,8.00,8.00
2007.12.24 01:05:02.423,1.1502,1.15085,8.00,8.00
2007.12.24 01:05:02.531,1.1502,1.15085,8.00,8.00
2007.12.24 01:05:02.638,1.1502,1.15085,8.00,8.00
2007.12.24 01:05:02.746,1.1502,1.15085,8.00,8.00
2007.12.24 01:05:02.854,1.1502,1.15085,8.00,8.00
2007.12.24 01:05:02.961,1.1502,1.15085,8.00,8.00
2007.12.24 01:05:03.098,1.1502,1.15085,8.00,8.00
2007.12.24 01:05:03.236,1.1502,1.15085,8.00,8.00
2007.12.24 01:05:03.373,1.1502,1.15085,8.00,8.00
2007.12.24 01:05:03.511,1.1502,1.15085,8.00,8.00
2007.12.24 01:05:03.649,1.1502,1.15085,8.00,8.00
2007.12.24 01:05:03.786,1.1502,1.15085,8.00,8.00
2007.12.24 01:05:03.925,1.1502,1.1511,8.00,16.30
2007.12.24 01:05:04.037,1.1502,1.15085,8.00,0.60
2007.12.24 01:05:04.150,1.1502,1.15085,8.00,0.70
2007.12.24 01:05:04.263,1.1502,1.1511,8.00,16.30
2007.12.24 01:05:04.376,1.1502,1.15085,8.00,0.80
2007.12.24 01:05:04.488,1.1502,1.1511,8.00,16.30
2007.12.24 01:05:04.601,1.1502,1.1511,8.00,16.30
2007.12.24 01:05:04.714,1.1502,1.1511,8.00,16.30
2007.12.24 01:05:04.826,1.1502,1.1511,8.00,16.30
2007.12.24 01:05:04.950,1.1502,1.15085,8.00,0.90
2007.12.24 01:05:05.081,1.1502,1.1511,8.00,16.30
2007.12.24 01:05:05.224,1.1502,1.1511,8.00,16.30
2007.12.24 01:05:05.368,1.1502,1.1511,8.00,16.30
2007.12.24 01:05:05.510,1.1502,1.1511,8.00,16.30
2007.12.24 01:05:05.652,1.1502,1.15085,8.00,0.90
2007.12.24 01:05:05.795,1.1502,1.1511,8.00,16.30
2007.12.24 01:05:05.937,1.1502,1.1511,8.00,16.30
2007.12.24 01:05:06.056,1.1502,1.15085,8.00,0.60
2007.12.24 01:05:06.173,1.1502,1.1511,8.00,16.30
2007.12.24 01:05:06.290,1.1502,1.15085,8.00,0.60
2007.12.24 01:05:06.409,1.1502,1.15085,8.00,0.80
2007.12.24 01:05:06.526,1.1502,1.1511,8.00,16.30
2007.12.24 01:05:06.643,1.1502,1.15085,8.00,0.50
2007.12.24 01:05:06.761,1.1502,1.1511,8.00,16.30
2007.12.24 01:05:06.879,1.1502,1.15085,8.00,0.50
2007.12.24 01:05:06.996,1.1502,1.1511,8.00,16.30
2007.12.24 01:05:07.164,1.1502,1.15085,8.00,0.70
2007.12.24 01:05:07.331,1.1502,1.1509,8.00,8.50
2007.12.24 01:05:07.499,1.1502,1.15085,8.00,0.50
2007.12.24 01:05:07.666,1.1502,1.15085,8.00,0.60
2007.12.24 01:05:07.834,1.1502,1.15085,8.00,0.60
2007.12.24 01:05:08.001,1.1502,1.1509,8.00,8.50
2007.12.24 01:05:08.109,1.15015,1.1509,8.00,8.50
2007.12.24 01:05:08.216,1.15015,1.1509,8.00,8.50
2007.12.24 01:05:08.325,1.15015,1.1509,8.00,8.50
2007.12.24 01:05:08.432,1.15015,1.1509,8.00,8.50
2007.12.24 01:05:08.540,1.15015,1.1509,8.00,8.50
2007.12.24 01:05:08.648,1.1501,1.1509,8.00,8.50
2007.12.24 01:05:08.756,1.1501,1.1507,8.00,0.50
2007.12.24 01:05:08.863,1.1501,1.1507,8.00,0.50
2007.12.24 01:05:08.971,1.1501,1.1507,8.00,0.90
2007.12.24 01:05:09.079,1.1501,1.1509,8.00,8.50
2007.12.24 01:05:09.251,1.1501,1.1509,8.00,8.50
2007.12.24 01:05:09.423,1.1501,1.1509,8.00,8.50
2007.12.24 01:05:09.596,1.1501,1.1509,8.00,8.50
2007.12.24 01:05:09.770,1.1501,1.1507,8.00,0.60
2007.12.24 01:05:09.942,1.1501,1.1509,8.00,8.50
2007.12.24 01:05:10.116,1.1501,1.1509,8.00,8.50
2007.12.24 01:05:10.228,1.1501,1.1509,8.00,8.50
2007.12.24 01:05:10.340,1.1501,1.1509,8.00,8.50
2007.12.24 01:05:10.453,1.1501,1.1509,8.00,8.50
2007.12.24 01:05:10.565,1.1501,1.1507,8.00,0.50
2007.12.24 01:05:10.678,1.1501,1.1507,8.00,0.60
2007.12.24 01:05:10.790,1.1501,1.1509,8.00,8.50
2007.12.24 01:05:10.903,1.1501,1.1507,8.00,0.50
2007.12.24 01:05:11.016,1.1501,1.1507,8.00,0.70
2007.12.24 01:05:11.129,1.1501,1.1509,8.00,8.50
2007.12.24 01:05:11.242,1.1501,1.1509,8.00,8.50
2007.12.24 01:05:11.392,1.1501,1.1507,8.00,0.70
2007.12.24 01:05:11.530,1.1501,1.1509,8.00,8.50
2007.12.24 01:05:11.669,1.1501,1.1509,8.00,8.50
2007.12.24 01:05:11.804,1.1501,1.1509,8.00,8.50
2007.12.24 01:05:11.942,1.1501,1.1509,8.00,8.50
2007.12.24 01:05:12.080,1.1501,1.1509,8.00,8.50
2007.12.24 01:05:12.218,1.1501,1.1507,8.00,0.50
2007.12.24 01:05:12.339,1.1501,1.1509,8.00,8.50
2007.12.24 01:05:12.446,1.1501,1.1507,8.00,0.60
2007.12.24 01:05:12.554,1.1501,1.1507,8.00,0.90
2007.12.24 01:05:12.662,1.1501,1.1507,8.00,0.60
2007.12.24 01:05:12.770,1.1501,1.1507,8.00,0.50
2007.12.24 01:05:12.877,1.1501,1.1509,8.00,8.50
2007.12.24 01:05:12.984,1.1501,1.1507,8.00,0.70
2007.12.24 01:05:13.092,1.1501,1.1509,8.00,8.50
2007.12.24 01:05:13.200,1.1501,1.1509,8.00,8.50
2007.12.24 01:05:13.338,1.1501,1.1509,8.00,8.50
2007.12.24 01:05:13.475,1.1501,1.1509,8.00,8.50
2007.12.24 01:05:13.613,1.1501,1.1509,8.00,8.50
2007.12.24 01:05:13.751,1.1501,1.1509,8.00,8.50
2007.12.24 01:05:13.888,1.1501,1.1509,8.00,8.50
2007.12.24 01:05:14.025,1.1501,1.1507,8.00,0.50
2007.12.24 01:05:14.163,1.1501,1.1507,8.00,0.60
2007.12.24 01:05:14.302,1.1501,1.1507,8.00,0.80
2007.12.24 01:05:14.409,1.1501,1.1509,8.00,8.50
2007.12.24 01:05:14.516,1.1501,1.1509,8.00,8.50
2007.12.24 01:05:14.624,1.1501,1.1509,8.00,8.50
2007.12.24 01:05:14.732,1.1501,1.1509,8.00,8.50
2007.12.24 01:05:14.840,1.1501,1.1509,8.00,8.50
2007.12.24 01:05:14.947,1.1501,1.1509,8.00,8.50
2007.12.24 01:05:15.055,1.1501,1.1507,8.00,0.50
2007.12.24 01:05:15.163,1.1501,1.1507,8.00,0.50
2007.12.24 01:05:15.270,1.1501,1.1509,8.00,8.50
2007.12.24 01:05:15.428,1.1501,1.1509,8.00,8.50
2007.12.24 01:05:15.586,1.1501,1.1507,8.00,0.60
2007.12.24 01:05:15.744,1.1501,1.1509,8.00,8.50
2007.12.24 01:05:15.901,1.1501,1.1507,8.00,0.80
2007.12.24 01:05:16.059,1.1501,1.1509,8.00,8.50
2007.12.24 01:05:16.229,1.1501,1.1509,8.00,8.50
2007.12.24 01:05:16.374,1.1501,1.1509,8.00,8.50
2007.12.24 01:05:16.532,1.1501,1.1507,8.00,0.70
2007.12.24 01:05:16.690,1.1501,1.1507,8.00,0.50
2007.12.24 01:05:16.847,1.1501,1.1507,8.00,0.50
2007.12.24 01:05:17.005,1.1501,1.1507,8.00,0.60
2007.12.24 01:05:17.163,1.1501,1.1507,8.00,0.80
2007.12.24 01:05:17.320,1.1501,1.1509,8.00,8.50
2007.12.24 01:05:17.428,1.1501,1.1509,8.00,8.50
2007.12.24 01:05:17.536,1.1501,1.1509,8.00,8.50
2007.12.24 01:05:17.644,1.1501,1.1507,8.00,0.60
2007.12.24 01:05:17.751,1.1501,1.1509,8.00,8.50
2007.12.24 01:05:17.858,1.1501,1.1507,8.00,0.80
2007.12.24 01:05:17.965,1.1501,1.1509,8.00,8.50
2007.12.24 01:05:18.073,1.1501,1.1507,8.00,0.50
2007.12.24 01:05:18.181,1.1501,1.1509,8.00,8.50
2007.12.24 01:05:18.288,1.1501,1.1509,8.00,8.50
2007.12.24 01:05:18.496,1.1501,1.1507,8.00,0.60
2007.12.24 01:05:18.704,1.1501,1.1509,8.00,8.50
2007.12.24 01:05:18.912,1.1501,1.1507,8.00,0.90
2007.12.24 01:05:19.119,1.1501,1.1507,8.00,0.50
2007.12.24 01:05:19.327,1.1501,1.1509,8.00,8.50
2007.12.24 01:05:19.535,1.1501,1.1507,8.00,0.90
2007.12.24 01:05:19.622,1.1501,1.1509,8.00,8.50
2007.12.24 01:05:19.709,1.1501,1.1507,8.00,0.70
2007.12.24 01:05:19.797,1.1501,1.1509,8.00,8.50
2007.12.24 01:05:19.901,1.1501,1.1507,8.00,0.50
2007.12.24 01:05:19.988,1.1501,1.1509,8.00,8.50
2007.12.24 01:05:20.076,1.1501,1.1507,8.00,0.90
2007.12.24 01:05:20.163,1.1501,1.1509,8.00,8.50
2007.12.24 01:05:20.251,1.1501,1.1507,8.00,0.60
2007.12.24 01:05:20.339,1.1501,1.1509,8.00,8.50
2007.12.24 01:05:20.427,1.1501,1.1509,8.00,8.50
2007.12.24 01:05:20.595,1.1501,1.1509,8.00,8.50
2007.12.24 01:05:20.762,1.1501,1.1509,8.00,8.50
2007.12.24 01:05:20.930,1.1501,1.1509,8.00,8.50
2007.12.24 01:05:21.098,1.1501,1.1509,8.00,8.50
2007.12.24 01:05:21.266,1.1501,1.1507,8.00,0.80
2007.12.24 01:05:21.433,1.1501,1.1507,8.00,0.50
2007.12.24 01:05:21.526,1.1501,1.1509,8.00,8.50
2007.12.24 01:05:21.619,1.1501,1.1507,8.00,0.60
2007.12.24 01:05:21.712,1.1501,1.1509,8.00,8.50
2007.12.24 01:05:21.804,1.1501,1.1509,8.00,8.50
2007.12.24 01:05:21.897,1.1501,1.1507,8.00,0.90
2007.12.24 01:05:21.990,1.1501,1.1507,8.00,0.60
2007.12.24 01:05:22.083,1.1501,1.1509,8.00,8.50
2007.12.24 01:05:22.176,1.1501,1.1509,8.00,8.50
2007.12.24 01:05:22.268,1.1501,1.1507,8.00,0.80
2007.12.24 01:05:22.361,1.1501,1.1509,8.00,8.50
2007.12.24 01:05:22.564,1.1501,1.1507,8.00,0.80
2007.12.24 01:05:22.767,1.1501,1.1507,8.00,0.80
2007.12.24 01:05:22.970,1.1501,1.1507,8.00,0.80
2007.12.24 01:05:23.172,1.1501,1.1509,8.00,8.50
2007.12.24 01:05:23.375,1.1501,1.1509,8.00,8.50
2007.12.24 01:05:23.578,1.1501,1.1507,8.00,0.90
2007.12.24 01:05:23.665,1.1501,1.1509,8.00,8.50
2007.12.24 01:05:23.753,1.1501,1.1509,8.00,8.50
2007.12.24 01:05:23.840,1.1501,1.1507,8.00,0.70
2007.12.24 01:05:23.928,1.1501,1.1509,8.00,8.50
2007.12.24 01:05:24.015,1.1501,1.1509,8.00,8.50
2007.12.24 01:05:24.102,1.1501,1.1509,8.00,8.50
2007.12.24 01:05:24.189,1.1501,1.1509,8.00,8.50
2007.12.24 01:05:24.278,1.1501,1.1509,8.00,8.50
2007.12.24 01:05:24.366,1.1501,1.1509,8.00,8.50
2007.12.24 01:05:24.453,1.1501,1.1507,8.00,0.80
2007.12.24 01:05:24.626,1.1501,1.1507,8.00,0.50
2007.12.24 01:05:24.798,1.1501,1.1507,8.00,0.80
2007.12.24 01:05:24.971,1.1501,1.1509,8.00,8.50
2007.12.24 01:05:25.157,1.1501,1.1509,8.00,8.50
2007.12.24 01:05:25.317,1.1501,1.1507,8.00,0.60
2007.12.24 01:05:25.490,1.1501,1.1507,8.00,0.80
2007.12.24 01:05:25.602,1.1501,1.1507,8.00,0.70
2007.12.24 01:05:25.715,1.1501,1.1507,8.00,0.70
2007.12.24 01:05:25.827,1.1501,1.1509,8.00,8.50
2007.12.24 01:05:25.940,1.1501,1.1507,8.00,0.60
2007.12.24 01:05:26.053,1.1501,1.1509,8.00,8.50
2007.12.24 01:05:26.177,1.1501,1.1509,8.00,8.50
2007.12.24 01:05:26.279,1.1501,1.1507,8.00,0.80
2007.12.24 01:05:26.392,1.1501,1.1509,8.00,8.50
2007.12.24 01:05:26.505,1.1501,1.1507,8.00,0.80
2007.12.24 01:05:26.618,1.1501,1.1509,8.00,8.50
2007.12.24 01:05:26.745,1.1501,1.1507,8.00,0.80
2007.12.24 01:05:26.873,1.1501,1.1509,8.00,8.50
2007.12.24 01:05:27.000,1.1501,1.1507,8.00,0.70
2007.12.24 01:05:27.128,1.1501,1.1509,8.00,8.50
2007.12.24 01:05:27.256,1.1501,1.1509,8.00,8.50
2007.12.24 01:05:27.383,1.1501,1.1509,8.00,8.50
2007.12.24 01:05:27.511,1.1501,1.1507,8.00,0.90
2007.12.24 01:05:27.639,1.1501,1.1509,8.00,8.50
2007.12.24 01:05:27.782,1.1501,1.1507,8.00,0.50
2007.12.24 01:05:27.924,1.1501,1.1509,8.00,8.50
2007.12.24 01:05:28.066,1.1501,1.1509,8.00,8.50
2007.12.24 01:05:28.209,1.1501,1.1509,8.00,8.50
2007.12.24 01:05:28.351,1.1501,1.1507,8.00,0.50
2007.12.24 01:05:28.494,1.1501,1.1507,8.00,0.80
2007.12.24 01:05:28.636,1.1501,1.1509,8.00,8.50
2007.12.24 01:05:28.764,1.1501,1.1509,8.00,8.50
2007.12.24 01:05:28.891,1.1501,1.1509,8.00,8.50
2007.12.24 01:05:29.019,1.1501,1.1509,8.00,8.50
2007.12.24 01:05:29.147,1.1501,1.1509,8.00,8.50
2007.12.24 01:05:29.275,1.1501,1.1509,8.00,8.50
2007.12.24 01:05:29.402,1.1501,1.1509,8.00,8.50
2007.12.24 01:05:29.530,1.1501,1.1507,8.00,0.80
2007.12.24 01:05:29.657,1.1501,1.1507,8.00,0.60
2007.12.24 01:05:29.775,1.1501,1.1509,8.00,8.50
2007.12.24 01:05:29.892,1.1501,1.1509,8.00,8.50
2007.12.24 01:05:30.010,1.1501,1.1507,8.00,0.80
2007.12.24 01:05:30.128,1.1501,1.1507,8.00,0.90
2007.12.24 01:05:30.245,1.1501,1.1507,8.00,0.80
2007.12.24 01:05:30.362,1.1501,1.1509,8.00,8.50
2007.12.24 01:05:30.481,1.1501,1.1509,8.00,8.50
2007.12.24 01:05:30.598,1.1501,1.1507,8.00,0.70
2007.12.24 01:05:30.761,1.1501,1.1507,8.00,0.50
2007.12.24 01:05:30.923,1.1501,1.1509,8.00,8.50
2007.12.24 01:05:31.086,1.1501,1.1507,8.00,0.90
2007.12.24 01:05:31.249,1.1501,1.1507,8.00,0.80
2007.12.24 01:05:31.411,1.1501,1.1509,8.00,8.50
2007.12.24 01:05:31.574,1.1501,1.1509,8.00,8.50
2007.12.24 01:05:31.737,1.1501,1.1509,8.00,8.50
2007.12.24 01:05:31.890,1.1501,1.1507,8.00,0.80
2007.12.24 01:05:32.043,1.1501,1.1507,8.00,8.00
2007.12.24 01:05:32.196,1.1501,1.1507,8.00,8.00
2007.12.24 01:05:32.348,1.1501,1.1507,8.00,8.00
2007.12.24 01:05:32.501,1.1501,1.1507,8.00,8.00
2007.12.24 01:05:32.653,1.1501,1.1507,8.00,8.00
2007.12.24 01:05:32.766,1.1501,1.1507,8.00,8.00
2007.12.24 01:05:32.878,1.1501,1.1507,8.00,8.00
2007.12.24 01:05:32.991,1.1501,1.1507,8.00,8.00
2007.12.24 01:05:33.104,1.1501,1.1507,8.00,8.00
2007.12.24 01:05:33.216,1.1501,1.1507,8.00,8.00
2007.12.24 01:05:33.328,1.1501,1.1507,8.00,8.00
2007.12.24 01:05:33.441,1.1501,1.1507,8.00,8.00
2007.12.24 01:05:33.554,1.1501,1.1507,8.00,8.00
2007.12.24 01:05:33.666,1.1501,1.1507,8.00,8.00
2007.12.24 01:05:33.779,1.1501,1.1507,8.00,8.00
2007.12.24 01:05:33.937,1.1501,1.1507,8.00,8.00
2007.12.24 01:05:34.094,1.1501,1.1507,8.00,8.00
2007.12.24 01:05:34.252,1.1501,1.1507,8.00,8.00
2007.12.24 01:05:34.410,1.1501,1.1507,8.00,8.00
2007.12.24 01:05:34.567,1.1501,1.1507,8.00,8.00
2007.12.24 01:05:34.725,1.1501,1.1507,8.00,8.00
2007.12.24 01:05:34.883,1.1501,1.1507,8.00,8.00
2007.12.24 01:05:34.981,1.1501,1.1507,8.00,8.00
2007.12.24 01:05:35.091,1.1501,1.1507,8.00,8.00
2007.12.24 01:05:35.175,1.1501,1.1507,8.00,8.00
2007.12.24 01:05:35.273,1.1501,1.1507,8.00,8.00
2007.12.24 01:05:35.371,1.1501,1.1507,8.00,8.00
2007.12.24 01:05:35.468,1.1501,1.1507,8.00,8.00
2007.12.24 01:05:35.565,1.1501,1.1507,8.00,8.00
2007.12.24 01:05:35.664,1.1501,1.1507,8.00,8.00
2007.12.24 01:05:35.762,1.1501,1.1507,8.00,8.00
2007.12.24 01:05:35.859,1.1501,1.1507,8.00,8.00
2007.12.24 01:05:36.087,1.1501,1.1507,8.00,8.00
2007.12.24 01:05:36.315,1.1501,1.1507,8.00,8.00
2007.12.24 01:05:36.543,1.1501,1.1507,8.00,8.00
2007.12.24 01:05:36.782,1.1501,1.1507,8.00,8.00
2007.12.24 01:05:36.998,1.1501,1.1507,8.00,8.00
2007.12.24 01:05:37.141,1.1501,1.1507,8.00,8.00
2007.12.24 01:05:37.284,1.1501,1.1507,8.00,8.00
2007.12.24 01:05:37.427,1.1501,1.1507,8.00,8.00
2007.12.24 01:05:37.569,1.1501,1.1507,8.00,8.00
2007.12.24 01:05:37.713,1.1501,1.1507,8.00,8.00
2007.12.24 01:05:37.855,1.1501,1.1507,8.00,8.00
2007.12.24 01:05:37.962,1.1501,1.1507,8.00,8.00
2007.12.24 01:05:38.071,1.1501,1.1507,8.00,8.00
2007.12.24 01:05:38.178,1.1501,1.1507,8.00,8.00
2007.12.24 01:05:38.285,1.1501,1.1507,8.00,8.00
2007.12.24 01:05:38.392,1.1501,1.1507,8.00,8.00
2007.12.24 01:05:38.499,1.1501,1.1507,8.00,8.00
2007.12.24 01:05:38.607,1.1501,1.1507,8.00,8.00
2007.12.24 01:05:38.715,1.1501,1.1507,8.00,8.00
2007.12.24 01:05:38.822,1.1501,1.1507,8.00,8.00
2007.12.24 01:05:38.964,1.1501,1.1507,8.00,8.00
2007.12.24 01:05:39.107,1.1501,1.1507,8.00,8.00
2007.12.24 01:05:39.250,1.1501,1.1507,8.00,8.00
2007.12.24 01:05:39.392,1.1501,1.1507,8.00,8.00
2007.12.24 01:05:39.534,1.1501,1.1507,8.00,8.00
2007.12.24 01:05:39.677,1.1501,1.1507,8.00,8.00
2007.12.24 01:05:39.819,1.1501,1.1507,8.00,8.00
2007.12.24 01:05:39.961,1.1501,1.1507,8.00,8.00
2007.12.24 01:05:40.085,1.15015,1.1508,8.00,8.00
2007.12.24 01:05:40.207,1.15015,1.1508,8.00,8.00
2007.12.24 01:05:40.329,1.15015,1.1508,8.00,8.00
2007.12.24 01:05:40.453,1.15015,1.1508,8.00,8.00
2007.12.24 01:05:40.575,1.15015,1.1508,8.00,8.00
2007.12.24 01:05:40.697,1.15015,1.1508,8.00,8.00
2007.12.24 01:05:40.820,1.15015,1.1508,8.00,8.00
2007.12.24 01:05:40.943,1.15015,1.1508,8.00,8.00
2007.12.24 01:05:41.090,1.15015,1.1508,8.00,8.00
2007.12.24 01:05:41.237,1.15015,1.1508,8.00,8.00
2007.12.24 01:05:41.385,1.15015,1.1508,8.00,8.00
2007.12.24 01:05:41.546,1.15015,1.1508,8.00,8.00
2007.12.24 01:05:41.693,1.15015,1.1508,8.00,8.00
2007.12.24 01:05:41.840,1.15015,1.1508,8.00,8.00
2007.12.24 01:05:41.988,1.15015,1.1508,8.00,8.00
2007.12.24 01:05:42.101,1.15015,1.1508,8.00,8.00
2007.12.24 01:05:42.213,1.15015,1.1508,8.00,8.00
2007.12.24 01:05:42.325,1.15015,1.1508,8.00,8.00
2007.12.24 01:05:42.438,1.15015,1.1508,8.00,8.00
2007.12.24 01:05:42.551,1.15015,1.1508,8.00,8.00
2007.12.24 01:05:42.663,1.15015,1.1508,8.00,8.00
2007.12.24 01:05:42.775,1.15015,1.1508,8.00,8.00
2007.12.24 01:05:42.888,1.15015,1.1508,8.00,8.00
2007.12.24 01:05:43.001,1.15015,1.1508,8.00,8.00
2007.12.24 01:05:43.129,1.15015,1.1508,8.00,8.00
2007.12.24 01:05:43.256,1.15015,1.1508,8.00,8.00
2007.12.24 01:05:43.384,1.15015,1.1508,8.00,8.00
2007.12.24 01:05:43.512,1.15015,1.1508,8.00,8.00
2007.12.24 01:05:43.639,1.15015,1.1508,8.00,8.00
2007.12.24 01:05:43.767,1.15015,1.1508,8.00,8.00
2007.12.24 01:05:43.895,1.15015,1.1508,8.00,8.00
2007.12.24 01:05:44.022,1.15015,1.1508,8.00,8.00
2007.12.24 01:05:44.155,1.15015,1.1508,8.00,8.00
2007.12.24 01:05:44.287,1.15015,1.1508,8.00,8.00
2007.12.24 01:05:44.419,1.15015,1.1508,8.00,8.00
2007.12.24 01:05:44.552,1.15015,1.1508,8.00,8.00
2007.12.24 01:05:44.685,1.15015,1.1508,8.00,8.00
2007.12.24 01:05:44.817,1.15015,1.1508,8.00,8.40
2007.12.24 01:05:44.951,1.15015,1.1508,8.00,8.40
2007.12.24 01:05:45.078,1.1501,1.1507,8.00,8.00
2007.12.24 01:05:45.206,1.1501,1.1507,8.00,8.00
2007.12.24 01:05:45.334,1.1501,1.1507,8.00,8.00
2007.12.24 01:05:45.463,1.1501,1.1507,8.00,8.00
2007.12.24 01:05:45.590,1.1501,1.1507,8.00,8.00
2007.12.24 01:05:45.717,1.1501,1.1507,8.00,8.00
2007.12.24 01:05:45.844,1.1501,1.1507,8.00,8.00
2007.12.24 01:05:45.972,1.1501,1.1507,8.00,8.00
2007.12.24 01:05:46.100,1.1501,1.1507,8.00,8.00
2007.12.24 01:05:46.233,1.1501,1.1507,8.00,8.00
2007.12.24 01:05:46.365,1.1501,1.1507,8.00,8.00
2007.12.24 01:05:46.497,1.1501,1.1507,8.00,8.00
2007.12.24 01:05:46.630,1.1501,1.1507,8.00,8.00
2007.12.24 01:05:46.762,1.1501,1.1507,8.00,8.00
2007.12.24 01:05:46.895,1.1501,1.1507,8.00,8.00
2007.12.24 01:05:47.027,1.1501,1.1507,8.00,8.00
2007.12.24 01:05:47.155,1.1501,1.1507,8.00,8.00
2007.12.24 01:05:47.293,1.1501,1.1507,8.00,8.00
2007.12.24 01:05:47.421,1.1501,1.1507,8.00,8.00
2007.12.24 01:05:47.548,1.1501,1.1507,8.00,8.00
2007.12.24 01:05:47.675,1.1501,1.1507,8.00,8.00
2007.12.24 01:05:47.803,1.1501,1.1507,8.00,8.00
2007.12.24 01:05:47.930,1.1501,1.1507,8.00,8.00
2007.12.24 01:05:48.058,1.1501,1.1507,8.00,8.00
2007.12.24 01:05:48.170,1.1501,1.1507,8.00,8.00
2007.12.24 01:05:48.283,1.1501,1.1507,8.00,8.00
2007.12.24 01:05:48.396,1.1501,1.1507,8.00,8.00
2007.12.24 01:05:48.509,1.1501,1.1507,8.00,8.00
2007.12.24 01:05:48.621,1.1501,1.1507,8.00,8.00
2007.12.24 01:05:48.734,1.1501,1.1507,8.00,8.00
2007.12.24 01:05:48.847,1.1501,1.1507,8.00,8.00
2007.12.24 01:05:48.971,1.1501,1.1507,8.00,8.00
2007.12.24 01:05:49.084,1.1501,1.1507,8.00,8.00
2007.12.24 01:05:49.216,1.1501,1.1507,8.00,8.00
2007.12.24 01:05:49.349,1.1501,1.1507,8.00,8.00
2007.12.24 01:05:49.481,1.1501,1.1507,8.00,8.00
2007.12.24 01:05:49.614,1.1501,1.1507,8.00,8.00
2007.12.24 01:05:49.746,1.1501,1.1507,8.00,8.00
2007.12.24 01:05:49.879,1.1501,1.1507,8.00,8.00
2007.12.24 01:05:50.012,1.1501,1.1507,8.00,8.00
2007.12.24 01:05:50.144,1.1501,1.1507,8.00,8.00
2007.12.24 01:05:50.262,1.1501,1.1507,8.00,8.00
2007.12.24 01:05:50.380,1.1501,1.1507,8.00,8.00
2007.12.24 01:05:50.497,1.1501,1.1507,8.00,8.00
2007.12.24 01:05:50.614,1.1501,1.1507,8.00,8.00
2007.12.24 01:05:50.732,1.1501,1.1507,8.00,8.00
2007.12.24 01:05:50.850,1.1501,1.1507,8.00,8.00
2007.12.24 01:05:50.967,1.1501,1.1507,8.00,8.00
2007.12.24 01:05:51.084,1.1501,1.1507,8.00,8.00
2007.12.24 01:05:51.221,1.1501,1.1507,8.00,8.00
2007.12.24 01:05:51.359,1.1501,1.1507,8.00,8.00
2007.12.24 01:05:51.497,1.1501,1.1507,8.00,8.00
2007.12.24 01:05:51.635,1.1501,1.1507,8.00,8.00
2007.12.24 01:05:51.773,1.1501,1.1507,8.00,8.00
2007.12.24 01:05:51.910,1.1501,1.1507,8.00,8.00
2007.12.24 01:05:52.047,1.1501,1.1507,8.00,8.00
2007.12.24 01:05:52.165,1.1501,1.1507,8.00,8.00
2007.12.24 01:05:52.282,1.1501,1.1507,8.00,8.00
2007.12.24 01:05:52.400,1.1501,1.1507,8.00,8.00
2007.12.24 01:05:52.518,1.1501,1.1507,8.00,8.00
2007.12.24 01:05:52.636,1.1501,1.1507,8.00,8.00
2007.12.24 01:05:52.754,1.1501,1.1507,8.00,8.00
2007.12.24 01:05:52.884,1.1501,1.1507,8.00,8.00
2007.12.24 01:05:53.001,1.1501,1.1507,8.00,8.00
2007.12.24 01:05:53.118,1.1501,1.1507,8.00,8.00
2007.12.24 01:05:53.271,1.1501,1.1507,8.00,8.00
2007.12.24 01:05:53.423,1.1501,1.1507,8.00,8.00
2007.12.24 01:05:53.575,1.1501,1.1507,8.00,8.00
2007.12.24 01:05:53.728,1.1501,1.1507,8.00,8.00
2007.12.24 01:05:53.881,1.1501,1.1507,8.00,8.00
2007.12.24 01:05:54.034,1.1501,1.1507,8.00,8.00
2007.12.24 01:05:54.186,1.1501,1.1507,8.00,8.00
2007.12.24 01:05:54.328,1.1501,1.1507,8.00,8.00
2007.12.24 01:05:54.470,1.1501,1.1507,8.00,8.00
2007.12.24 01:05:54.613,1.1501,1.1507,8.00,8.00
2007.12.24 01:05:54.756,1.1501,1.1507,8.00,8.00
2007.12.24 01:05:54.899,1.1501,1.1507,8.00,8.00
2007.12.24 01:05:55.041,1.1501,1.1507,8.00,8.00
2007.12.24 01:05:55.183,1.1501,1.1507,8.00,8.00
2007.12.24 01:05:55.316,1.1501,1.1507,8.00,8.00
2007.12.24 01:05:55.449,1.1501,1.1507,8.00,8.00
2007.12.24 01:05:55.582,1.1501,1.1507,8.00,8.00
2007.12.24 01:05:55.714,1.1501,1.1507,8.00,8.00
2007.12.24 01:05:55.846,1.1501,1.1507,8.00,8.00
2007.12.24 01:05:55.979,1.1501,1.1507,8.00,8.00
2007.12.24 01:05:56.111,1.1501,1.1507,8.00,8.00
2007.12.24 01:05:56.244,1.1501,1.1507,8.00,8.00
2007.12.24 01:05:56.366,1.1501,1.1507,8.00,8.00
2007.12.24 01:05:56.488,1.1501,1.1507,8.00,8.00
2007.12.24 01:05:56.611,1.1501,1.1507,8.00,8.00
2007.12.24 01:05:56.734,1.1501,1.1507,8.00,8.00
2007.12.24 01:05:56.857,1.1501,1.1507,8.00,8.00
2007.12.24 01:05:56.979,1.1501,1.1507,8.00,8.00
2007.12.24 01:05:57.101,1.1501,1.1507,8.00,8.00
2007.12.24 01:05:57.224,1.1501,1.1507,8.00,8.00
2007.12.24 01:05:57.347,1.1501,1.1507,8.00,8.00
2007.12.24 01:05:57.470,1.1501,1.1507,8.00,8.00
2007.12.24 01:05:57.592,1.1501,1.1507,8.00,8.00
2007.12.24 01:05:57.715,1.1501,1.1507,8.00,8.00
2007.12.24 01:05:57.837,1.1501,1.1507,8.00,8.00
2007.12.24 01:05:57.959,1.1501,1.1507,8.00,8.00
2007.12.24 01:05:58.081,1.1501,1.1507,8.00,8.00
2007.12.24 01:05:58.204,1.1501,1.1507,8.00,8.00
2007.12.24 01:05:58.327,1.1501,1.1507,8.00,8.00
2007.12.24 01:05:58.514,1.1501,1.1507,8.00,8.00
2007.12.24 01:05:58.701,1.1501,1.1507,8.00,8.00
2007.12.24 01:05:58.890,1.1501,1.1507,8.00,8.00
2007.12.24 01:05:59.091,1.1501,1.1507,8.00,8.00
2007.12.24 01:05:59.279,1.1501,1.1507,8.00,8.00
2007.12.24 01:05:59.466,1.1501,1.1507,8.00,8.00
2007.12.24 01:05:59.554,1.1501,1.1507,8.00,8.00
2007.12.24 01:05:59.642,1.1501,1.1507,8.00,8.00
2007.12.24 01:05:59.730,1.1501,1.1507,8.00,8.00
2007.12.24 01:05:59.817,1.1501,1.1507,8.00,8.00
2007.12.24 01:05:59.904,1.1501,1.1507,8.00,8.00
2007.12.24 01:05:59.992,1.1501,1.1507,8.00,8.00
2007.12.24 01:06:00.080,1.1501,1.1507,8.00,8.00
2007.12.24 01:06:00.168,1.1501,1.1507,8.00,8.00
2007.12.24 01:06:00.255,1.1501,1.1507,8.00,8.00
2007.12.24 01:06:00.342,1.1501,1.1507,8.00,8.00
2007.12.24 01:06:00.430,1.1501,1.1507,8.00,8.00
2007.12.24 01:06:00.593,1.1501,1.1507,8.00,8.00
2007.12.24 01:06:00.756,1.1501,1.1507,8.00,8.00
2007.12.24 01:06:00.918,1.1501,1.1507,8.00,8.00
2007.12.24 01:06:01.080,1.1501,1.1507,8.00,8.00
2007.12.24 01:06:01.242,1.1501,1.1507,8.00,8.00
2007.12.24 01:06:01.405,1.1501,1.1507,8.00,8.00
2007.12.24 01:06:01.567,1.1501,1.1507,8.00,8.00
2007.12.24 01:06:01.669,1.1501,1.1507,8.00,8.00
2007.12.24 01:06:01.771,1.1501,1.1507,8.00,8.00
2007.12.24 01:06:01.874,1.1501,1.1507,8.00,8.00
2007.12.24 01:06:01.976,1.1501,1.1507,8.00,8.00
2007.12.24 01:06:02.078,1.1501,1.1507,8.00,8.00
2007.12.24 01:06:02.181,1.1501,1.1507,8.00,8.00
2007.12.24 01:06:02.284,1.1501,1.1507,8.00,8.00
2007.12.24 01:06:02.387,1.1501,1.1507,8.00,8.00
2007.12.24 01:06:02.489,1.1501,1.1507,8.00,8.00
2007.12.24 01:06:02.591,1.1501,1.1507,8.00,8.00
2007.12.24 01:06:02.734,1.1501,1.1507,8.00,8.00
2007.12.24 01:06:02.877,1.1501,1.1507,8.00,8.00
2007.12.24 01:06:03.020,1.1501,1.1507,8.00,8.00
2007.12.24 01:06:03.162,1.1501,1.1507,8.00,8.00
2007.12.24 01:06:03.305,1.1501,1.1507,8.00,8.00
2007.12.24 01:06:03.448,1.1501,1.1507,8.00,8.00
2007.12.24 01:06:03.590,1.1501,1.1507,8.00,8.00
2007.12.24 01:06:03.698,1.1501,1.1507,8.00,8.00
2007.12.24 01:06:03.806,1.1501,1.1507,8.00,8.00
2007.12.24 01:06:03.913,1.1501,1.1507,8.00,8.00
2007.12.24 01:06:04.020,1.1501,1.1507,8.00,8.00
2007.12.24 01:06:04.040,1.1501,1.1509,8.00,8.50
2007.12.24 01:06:04.128,1.1501,1.1509,8.00,8.50
2007.12.24 01:06:04.235,1.1501,1.1509,8.00,8.50
2007.12.24 01:06:04.343,1.1501,1.1509,8.00,8.50
2007.12.24 01:06:04.451,1.1501,1.1507,8.00,0.60
2007.12.24 01:06:04.558,1.1501,1.1509,8.00,8.50
2007.12.24 01:06:04.696,1.1501,1.1509,8.00,8.50
2007.12.24 01:06:04.834,1.1501,1.1509,8.00,8.50
2007.12.24 01:06:04.971,1.1501,1.1509,8.00,8.50
2007.12.24 01:06:05.109,1.1501,1.1507,8.00,0.80
2007.12.24 01:06:05.247,1.1501,1.1507,8.00,0.70
2007.12.24 01:06:05.384,1.1501,1.1509,8.00,8.50
2007.12.24 01:06:05.522,1.1501,1.1507,8.00,0.50
2007.12.24 01:06:05.659,1.1501,1.1507,8.00,0.80
2007.12.24 01:06:05.777,1.1501,1.1507,8.00,0.50
2007.12.24 01:06:05.894,1.1501,1.1507,8.00,0.50
2007.12.24 01:06:06.011,1.1501,1.1509,8.00,8.50
2007.12.24 01:06:06.140,1.1501,1.1509,8.00,8.50
2007.12.24 01:06:06.257,1.1501,1.1509,8.00,8.50
2007.12.24 01:06:06.375,1.1501,1.1509,8.00,8.50
2007.12.24 01:06:06.493,1.1501,1.1509,8.00,8.50
2007.12.24 01:06:06.610,1.1501,1.1509,8.00,8.50
2007.12.24 01:06:06.733,1.1501,1.1509,8.00,8.50
2007.12.24 01:06:06.855,1.1501,1.1509,8.00,8.50
2007.12.24 01:06:06.977,1.1501,1.1507,8.00,0.70
2007.12.24 01:06:07.100,1.1501,1.1509,8.00,8.50
2007.12.24 01:06:07.223,1.1501,1.1509,8.00,8.50
2007.12.24 01:06:07.345,1.1501,1.1507,8.00,0.70
2007.12.24 01:06:07.468,1.1501,1.1509,8.00,8.50
2007.12.24 01:06:07.590,1.1501,1.1509,8.00,8.50
2007.12.24 01:06:07.713,1.1501,1.1509,8.00,8.50
2007.12.24 01:06:07.835,1.1501,1.1509,8.00,8.50
2007.12.24 01:06:07.972,1.1501,1.1507,8.00,0.50
2007.12.24 01:06:08.094,1.1501,1.1507,8.00,0.90
2007.12.24 01:06:08.216,1.1501,1.1509,8.00,8.50
2007.12.24 01:06:08.339,1.1501,1.1507,8.00,0.70
2007.12.24 01:06:08.464,1.1501,1.1509,8.00,8.50
2007.12.24 01:06:08.587,1.1501,1.1509,8.00,8.50
2007.12.24 01:06:08.709,1.1501,1.1507,8.00,0.60
2007.12.24 01:06:08.847,1.1501,1.1507,8.00,0.70
2007.12.24 01:06:08.984,1.1501,1.1507,8.00,0.50
2007.12.24 01:06:09.122,1.1501,1.1509,8.00,8.50
2007.12.24 01:06:09.260,1.1501,1.1507,8.00,0.70
2007.12.24 01:06:09.397,1.1501,1.1509,8.00,8.50
2007.12.24 01:06:09.534,1.1501,1.1509,8.00,8.50
2007.12.24 01:06:09.672,1.1501,1.1507,8.00,0.50
2007.12.24 01:06:09.785,1.1501,1.1509,8.00,8.50
2007.12.24 01:06:09.898,1.1501,1.1509,8.00,8.50
2007.12.24 01:06:10.011,1.1501,1.1507,8.00,0.90
2007.12.24 01:06:10.123,1.1501,1.1509,8.00,8.50
2007.12.24 01:06:10.235,1.1501,1.1509,8.00,8.50
2007.12.24 01:06:10.347,1.1501,1.1509,8.00,8.50
2007.12.24 01:06:10.461,1.1501,1.1509,8.00,8.50
2007.12.24 01:06:10.574,1.1501,1.1507,8.00,0.80
2007.12.24 01:06:10.687,1.1501,1.1509,8.00,8.50
2007.12.24 01:06:10.819,1.1501,1.1507,8.00,0.70
2007.12.24 01:06:10.951,1.1501,1.1509,8.00,8.50
2007.12.24 01:06:11.084,1.1501,1.1507,8.00,0.80
2007.12.24 01:06:11.217,1.1501,1.1507,8.00,0.70
2007.12.24 01:06:11.350,1.1501,1.1509,8.00,8.50
2007.12.24 01:06:11.482,1.1501,1.1509,8.00,8.50
2007.12.24 01:06:11.614,1.1501,1.1509,8.00,8.50
2007.12.24 01:06:11.747,1.1501,1.1507,8.00,0.50
2007.12.24 01:06:11.865,1.1501,1.1509,8.00,8.50
2007.12.24 01:06:11.982,1.1501,1.1507,8.00,0.80
2007.12.24 01:06:12.100,1.1501,1.1509,8.00,8.50
2007.12.24 01:06:12.217,1.1501,1.1509,8.00,8.50
2007.12.24 01:06:12.335,1.1501,1.1509,8.00,8.50
2007.12.24 01:06:12.453,1.1501,1.1509,8.00,8.50
2007.12.24 01:06:12.570,1.1501,1.1507,8.00,0.70
2007.12.24 01:06:12.687,1.1501,1.1509,8.00,8.50
2007.12.24 01:06:12.805,1.1501,1.1509,8.00,8.50
2007.12.24 01:06:12.945,1.1501,1.1507,8.00,0.80
2007.12.24 01:06:13.060,1.1501,1.1509,8.00,8.50
2007.12.24 01:06:13.187,1.1501,1.1509,8.00,8.50
2007.12.24 01:06:13.316,1.1501,1.1507,8.00,0.50
2007.12.24 01:06:13.443,1.1501,1.1509,8.00,8.50
2007.12.24 01:06:13.570,1.1501,1.1507,8.00,0.50
2007.12.24 01:06:13.697,1.1501,1.1509,8.00,8.50
2007.12.24 01:06:13.826,1.1501,1.1509,8.00,8.50
2007.12.24 01:06:13.943,1.1501,1.1509,8.00,8.50
2007.12.24 01:06:14.060,1.1501,1.1509,8.00,8.50
2007.12.24 01:06:14.179,1.1501,1.1509,8.00,8.50
2007.12.24 01:06:14.296,1.1501,1.1509,8.00,8.50
2007.12.24 01:06:14.415,1.1501,1.1509,8.00,8.50
2007.12.24 01:06:14.533,1.1501,1.1509,8.00,8.50
2007.12.24 01:06:14.650,1.1501,1.1509,8.00,8.50
2007.12.24 01:06:14.768,1.1501,1.1509,8.00,8.50
2007.12.24 01:06:14.895,1.1501,1.1507,8.00,0.70
2007.12.24 01:06:15.022,1.1501,1.1507,8.00,0.90
2007.12.24 01:06:15.151,1.1501,1.1509,8.00,8.50
2007.12.24 01:06:15.278,1.1501,1.1507,8.00,0.90
2007.12.24 01:06:15.406,1.1501,1.1509,8.00,8.50
2007.12.24 01:06:15.533,1.15,1.151,4.00,13.60
2007.12.24 01:06:15.660,1.15,1.151,4.00,13.60
2007.12.24 01:06:15.787,1.15,1.1509,4.00,0.50
2007.12.24 01:06:15.940,1.15,1.1509,4.00,0.50
2007.12.24 01:06:16.094,1.15,1.151,4.00,13.60
2007.12.24 01:06:16.246,1.15,1.151,4.00,13.60
2007.12.24 01:06:16.398,1.15,1.151,4.00,13.60
2007.12.24 01:06:16.551,1.15,1.151,4.00,13.60
2007.12.24 01:06:16.703,1.15,1.151,4.00,13.60
2007.12.24 01:06:16.855,1.15,1.151,4.00,13.60
2007.12.24 01:06:16.958,1.15,1.1509,4.00,0.50
2007.12.24 01:06:17.061,1.15,1.151,4.00,13.60
2007.12.24 01:06:17.165,1.15,1.151,4.00,13.60
2007.12.24 01:06:17.267,1.15,1.151,4.00,13.60
2007.12.24 01:06:17.369,1.15,1.151,4.00,13.60
2007.12.24 01:06:17.471,1.15,1.151,4.00,13.60
2007.12.24 01:06:17.575,1.15,1.1509,4.00,0.50
2007.12.24 01:06:17.677,1.15,1.151,4.00,13.60
2007.12.24 01:06:17.779,1.15,1.1509,4.00,0.50
2007.12.24 01:06:17.881,1.15,1.151,4.00,13.60
2007.12.24 01:06:18.023,1.15,1.151,4.00,13.60
2007.12.24 01:06:18.178,1.15,1.151,4.00,13.60
2007.12.24 01:06:18.309,1.15,1.1509,4.00,0.50
2007.12.24 01:06:18.451,1.15,1.1509,4.00,0.50
2007.12.24 01:06:18.593,1.15,1.1509,4.00,0.50
2007.12.24 01:06:18.735,1.15,1.1509,4.00,0.50
2007.12.24 01:06:18.878,1.15,1.151,4.00,13.60
2007.12.24 01:06:18.981,1.15,1.151,4.00,13.60
2007.12.24 01:06:19.084,1.15,1.151,4.00,13.60
2007.12.24 01:06:19.186,1.15,1.151,4.00,13.60
2007.12.24 01:06:19.288,1.15,1.151,4.00,13.60
2007.12.24 01:06:19.391,1.15,1.151,4.00,13.60
2007.12.24 01:06:19.494,1.15,1.151,4.00,13.60
2007.12.24 01:06:19.596,1.15,1.1509,4.00,0.50
2007.12.24 01:06:19.698,1.15,1.151,4.00,13.60
2007.12.24 01:06:19.800,1.15,1.1509,4.00,0.50
2007.12.24 01:06:19.904,1.15,1.1509,4.00,0.50
2007.12.24 01:06:20.056,1.15,1.151,4.00,13.60
2007.12.24 01:06:20.208,1.15,1.151,4.00,13.60
2007.12.24 01:06:20.362,1.15,1.151,4.00,13.60
2007.12.24 01:06:20.514,1.15,1.151,4.00,13.60
2007.12.24 01:06:20.677,1.15,1.151,4.00,13.60
2007.12.24 01:06:20.829,1.15,1.1509,4.00,0.50
2007.12.24 01:06:20.982,1.15,1.1509,4.00,0.50
2007.12.24 01:06:21.086,1.15,1.1509,4.00,0.50
2007.12.24 01:06:21.188,1.15,1.151,4.00,13.60
2007.12.24 01:06:21.290,1.15,1.1509,4.00,0.50
2007.12.24 01:06:21.392,1.15,1.151,4.00,13.60
2007.12.24 01:06:21.494,1.15,1.1509,4.00,0.50
2007.12.24 01:06:21.596,1.15,1.1509,4.00,0.50
2007.12.24 01:06:21.699,1.15,1.151,4.00,13.60
2007.12.24 01:06:21.803,1.15,1.151,4.00,13.60
2007.12.24 01:06:21.905,1.15,1.151,4.00,13.60
2007.12.24 01:06:22.020,1.15,1.151,4.00,13.60
2007.12.24 01:06:22.144,1.15,1.1509,4.00,0.50
2007.12.24 01:06:22.282,1.15,1.151,4.00,13.60
2007.12.24 01:06:22.420,1.15,1.1509,4.00,0.50
2007.12.24 01:06:22.557,1.15,1.1509,4.00,0.50
2007.12.24 01:06:22.694,1.15,1.1509,4.00,0.50
2007.12.24 01:06:22.832,1.15,1.151,4.00,13.60
2007.12.24 01:06:22.969,1.15,1.151,4.00,13.60
2007.12.24 01:06:23.086,1.15,1.151,4.00,13.60
2007.12.24 01:06:23.204,1.15,1.151,4.00,13.60
2007.12.24 01:06:23.322,1.15,1.1509,4.00,0.50
2007.12.24 01:06:23.439,1.15,1.1509,4.00,0.50
2007.12.24 01:06:23.557,1.1501,1.1507,8.00,0.70
2007.12.24 01:06:23.675,1.15,1.1509,4.00,18.70
2007.12.24 01:06:23.792,1.15,1.1509,4.00,18.70
2007.12.24 01:06:23.909,1.15,1.15055,4.00,0.70
2007.12.24 01:06:24.028,1.1499,1.1507,11.60,12.00
2007.12.24 01:06:24.185,1.1499,1.1507,11.60,12.00
2007.12.24 01:06:24.342,1.1499,1.15055,11.60,0.90
2007.12.24 01:06:24.499,1.1499,1.15055,11.60,0.80
2007.12.24 01:06:24.658,1.1499,1.15055,11.60,0.70
2007.12.24 01:06:24.815,1.1499,1.1507,11.60,12.00
2007.12.24 01:06:24.972,1.1499,1.15055,11.60,0.90
2007.12.24 01:06:25.080,1.1499,1.1507,11.60,12.00
2007.12.24 01:06:25.188,1.1499,1.1507,11.60,12.40
2007.12.24 01:06:25.295,1.1499,1.15055,11.60,0.70
2007.12.24 01:06:25.402,1.1499,1.1507,11.60,12.40
2007.12.24 01:06:25.511,1.1499,1.1507,11.60,12.40
2007.12.24 01:06:25.618,1.1499,1.1506,11.60,8.50
2007.12.24 01:06:25.725,1.1499,1.15055,11.60,0.90
2007.12.24 01:06:25.832,1.1499,1.1506,11.60,8.50
2007.12.24 01:06:25.939,1.1499,1.15055,11.60,0.70
2007.12.24 01:06:26.047,1.1499,1.1506,11.60,8.50
2007.12.24 01:06:26.186,1.1499,1.1506,11.60,8.50
2007.12.24 01:06:26.323,1.1499,1.1506,11.60,8.50
2007.12.24 01:06:26.460,1.1499,1.1506,11.60,8.50
2007.12.24 01:06:26.597,1.1499,1.1506,11.60,8.50
2007.12.24 01:06:26.736,1.1499,1.15055,11.60,0.90
2007.12.24 01:06:26.873,1.1499,1.1506,11.60,8.50
2007.12.24 01:06:27.010,1.1499,1.15055,11.60,0.60
2007.12.24 01:06:27.091,1.1498,1.1506,20.80,8.50
2007.12.24 01:06:27.147,1.1498,1.1506,20.80,8.50
2007.12.24 01:06:27.305,1.1498,1.1506,20.80,8.50
2007.12.24 01:06:27.463,1.1498,1.1506,20.80,8.50
2007.12.24 01:06:27.620,1.1498,1.1506,20.80,8.50
2007.12.24 01:06:27.778,1.1499,1.15055,0.70,0.80
2007.12.24 01:06:27.935,1.1498,1.1506,20.80,8.50
2007.12.24 01:06:28.092,1.1499,1.15055,0.70,0.50
2007.12.24 01:06:28.220,1.1498,1.1506,20.80,8.50
2007.12.24 01:06:28.348,1.1498,1.1506,20.80,8.50
2007.12.24 01:06:28.476,1.1498,1.1506,20.80,8.50
2007.12.24 01:06:28.603,1.1499,1.15055,0.50,0.50
2007.12.24 01:06:28.730,1.1498,1.1506,20.80,8.50
2007.12.24 01:06:28.857,1.1498,1.1506,20.80,8.50
2007.12.24 01:06:28.986,1.1499,1.15055,0.60,0.60
2007.12.24 01:06:29.113,1.1498,1.1506,20.80,8.50
2007.12.24 01:06:29.230,1.1498,1.1506,20.80,8.50
2007.12.24 01:06:29.347,1.1499,1.15055,0.80,0.70
2007.12.24 01:06:29.465,1.1498,1.1506,20.80,8.50
2007.12.24 01:06:29.583,1.1498,1.1506,20.80,8.50
2007.12.24 01:06:29.700,1.1498,1.1506,20.80,8.50
2007.12.24 01:06:29.817,1.1499,1.15055,0.50,0.80
2007.12.24 01:06:29.935,1.1498,1.1506,20.80,8.50
2007.12.24 01:06:30.053,1.1499,1.15055,0.50,0.70
2007.12.24 01:06:30.170,1.1499,1.15055,0.50,0.70
2007.12.24 01:06:30.308,1.1498,1.1506,20.80,8.50
2007.12.24 01:06:30.446,1.1499,1.15055,0.70,0.70
2007.12.24 01:06:30.583,1.1499,1.15055,0.70,0.70
2007.12.24 01:06:30.721,1.1499,1.15055,0.80,0.80
2007.12.24 01:06:30.859,1.1498,1.1506,20.80,8.50
2007.12.24 01:06:30.997,1.1498,1.1506,20.80,8.50
2007.12.24 01:06:31.134,1.1498,1.1506,20.80,8.50
2007.12.24 01:06:31.248,1.1499,1.15055,0.90,0.50
2007.12.24 01:06:31.360,1.1499,1.15055,0.60,0.90
2007.12.24 01:06:31.472,1.1498,1.1506,20.80,8.50
2007.12.24 01:06:31.584,1.1498,1.1506,20.80,8.50
2007.12.24 01:06:31.698,1.1498,1.1506,20.80,8.50
2007.12.24 01:06:31.811,1.14995,1.1506,0.90,0.50
2007.12.24 01:06:31.924,1.14995,1.1506,0.70,0.60
2007.12.24 01:06:32.037,1.1499,1.1507,11.60,8.50
2007.12.24 01:06:32.149,1.14995,1.1506,0.50,0.70
2007.12.24 01:06:32.336,1.1499,1.1507,11.60,8.50
2007.12.24 01:06:32.525,1.1499,1.1507,11.60,8.50
2007.12.24 01:06:32.712,1.1499,1.1507,11.60,8.50
2007.12.24 01:06:32.899,1.1499,1.1507,11.60,8.50
2007.12.24 01:06:33.089,1.15,1.1506,0.70,0.80
2007.12.24 01:06:33.276,1.15,1.15065,5.50,8.00
2007.12.24 01:06:33.374,1.1499,1.15065,11.60,8.00
2007.12.24 01:06:33.472,1.15,1.15065,1.20,8.00
2007.12.24 01:06:33.570,1.15,1.15065,2.40,8.00
2007.12.24 01:06:33.667,1.15,1.15065,3.60,8.00
2007.12.24 01:06:33.776,1.15,1.15065,3.20,8.00
2007.12.24 01:06:33.863,1.15,1.15065,3.10,8.00
2007.12.24 01:06:33.961,1.1499,1.15065,11.60,8.00
2007.12.24 01:06:34.058,1.1499,1.15065,11.60,8.00
2007.12.24 01:06:34.156,1.15,1.15065,1.80,8.00
2007.12.24 01:06:34.254,1.15,1.15065,4.40,8.00
2007.12.24 01:06:34.412,1.1499,1.15065,11.60,8.00
2007.12.24 01:06:34.569,1.15,1.15065,2.20,8.00
2007.12.24 01:06:34.727,1.15,1.15065,4.00,8.00
2007.12.24 01:06:34.885,1.15,1.15065,3.60,8.00
2007.12.24 01:06:35.042,1.1499,1.15065,11.60,8.00
2007.12.24 01:06:35.199,1.1499,1.15065,11.60,8.00
2007.12.24 01:06:35.318,1.15,1.15065,3.30,8.00
2007.12.24 01:06:35.436,1.1499,1.15065,11.60,8.00
2007.12.24 01:06:35.553,1.1499,1.15065,11.60,8.00
2007.12.24 01:06:35.670,1.1499,1.15065,11.60,8.00
2007.12.24 01:06:35.787,1.1499,1.15065,11.60,8.00
2007.12.24 01:06:35.906,1.1499,1.15065,11.60,8.00
2007.12.24 01:06:36.023,1.1499,1.15065,11.60,8.00
2007.12.24 01:06:36.140,1.1499,1.15065,11.60,8.00
2007.12.24 01:06:36.259,1.1499,1.15065,11.60,8.00
2007.12.24 01:06:36.401,1.15,1.15065,1.50,8.00
2007.12.24 01:06:36.543,1.1499,1.15065,11.60,8.00
2007.12.24 01:06:36.687,1.1499,1.15065,11.60,8.00
2007.12.24 01:06:36.830,1.15,1.15065,2.50,8.00
2007.12.24 01:06:36.972,1.15,1.15065,2.80,8.00
2007.12.24 01:06:37.114,1.1499,1.15065,11.60,8.00
2007.12.24 01:06:37.258,1.15,1.15065,3.70,8.00
2007.12.24 01:06:37.400,1.1499,1.15065,11.60,8.00
2007.12.24 01:06:37.578,1.15,1.15065,4.50,8.00
2007.12.24 01:06:37.756,1.15,1.15065,2.60,8.00
2007.12.24 01:06:37.933,1.1499,1.15065,11.60,8.00
2007.12.24 01:06:38.111,1.1499,1.15065,11.60,8.00
2007.12.24 01:06:38.290,1.15,1.15065,4.90,8.00
2007.12.24 01:06:38.373,1.15,1.15065,5.40,8.00
2007.12.24 01:06:38.455,1.1499,1.15065,11.60,8.00
2007.12.24 01:06:38.537,1.1499,1.15065,11.60,8.00
2007.12.24 01:06:38.619,1.1499,1.15065,11.60,8.00
2007.12.24 01:06:38.703,1.1499,1.15065,11.60,8.00
2007.12.24 01:06:38.786,1.15,1.15065,4.40,8.00
2007.12.24 01:06:38.870,1.1499,1.15065,11.60,8.00
2007.12.24 01:06:38.953,1.1499,1.15065,11.60,8.00
2007.12.24 01:06:39.036,1.15,1.15065,1.10,8.00
2007.12.24 01:06:39.118,1.1499,1.15065,11.60,8.00
2007.12.24 01:06:39.200,1.1499,1.15065,11.60,8.00
2007.12.24 01:06:39.282,1.1499,1.15065,11.60,8.00
2007.12.24 01:06:39.454,1.1499,1.15065,11.60,8.00
2007.12.24 01:06:39.628,1.1499,1.15065,11.60,8.00
2007.12.24 01:06:39.800,1.15,1.15065,3.30,8.00
2007.12.24 01:06:39.973,1.1499,1.15065,11.60,8.00
2007.12.24 01:06:40.146,1.1499,1.15065,11.60,8.00
2007.12.24 01:06:40.318,1.1499,1.15065,11.60,8.00
2007.12.24 01:06:40.412,1.1499,1.15065,11.60,8.00
2007.12.24 01:06:40.505,1.1499,1.15065,11.60,8.00
2007.12.24 01:06:40.597,1.15,1.15065,3.70,8.00
2007.12.24 01:06:40.689,1.15,1.15065,3.50,8.00
2007.12.24 01:06:40.783,1.15,1.15065,3.40,8.00
2007.12.24 01:06:40.876,1.1499,1.15065,11.60,8.00
2007.12.24 01:06:40.968,1.1499,1.15065,11.60,8.00
2007.12.24 01:06:41.060,1.1499,1.15065,11.60,8.00
2007.12.24 01:06:41.152,1.1499,1.15065,11.60,8.00
2007.12.24 01:06:41.246,1.1499,1.15065,11.60,8.00
2007.12.24 01:06:41.339,1.15,1.15065,4.30,8.00
2007.12.24 01:06:41.491,1.15,1.15065,5.20,8.00
2007.12.24 01:06:41.643,1.1499,1.15065,11.60,8.00
2007.12.24 01:06:41.796,1.1499,1.15065,11.60,8.00
2007.12.24 01:06:41.950,1.15,1.15065,1.50,8.00
2007.12.24 01:06:42.102,1.1499,1.15065,11.60,8.00
2007.12.24 01:06:42.254,1.1499,1.15065,11.60,8.00
2007.12.24 01:06:42.408,1.1499,1.15065,11.60,8.00
2007.12.24 01:06:42.515,1.15,1.15065,4.40,8.00
2007.12.24 01:06:42.622,1.1499,1.15065,11.60,8.00
2007.12.24 01:06:42.730,1.15,1.15065,3.40,8.00
2007.12.24 01:06:42.838,1.1499,1.15065,11.60,8.00
2007.12.24 01:06:42.945,1.1499,1.15065,11.60,8.00
2007.12.24 01:06:43.052,1.15,1.15065,5.10,8.00
2007.12.24 01:06:43.160,1.15,1.15065,1.50,8.00
2007.12.24 01:06:43.268,1.15,1.15065,2.00,8.00
2007.12.24 01:06:43.376,1.15,1.15065,3.80,8.00
2007.12.24 01:06:43.519,1.1499,1.15065,11.60,8.00
2007.12.24 01:06:43.662,1.15,1.15065,4.50,8.00
2007.12.24 01:06:43.805,1.15,1.15065,1.00,8.00
2007.12.24 01:06:43.947,1.1499,1.15065,11.60,8.00
2007.12.24 01:06:44.089,1.1499,1.15065,11.60,8.00
2007.12.24 01:06:44.231,1.15,1.15065,1.10,8.00
2007.12.24 01:06:44.375,1.15,1.15065,4.30,8.00
2007.12.24 01:06:44.488,1.15,1.15065,1.80,8.00
2007.12.24 01:06:44.600,1.1499,1.15065,11.60,8.00
2007.12.24 01:06:44.712,1.1499,1.15065,11.60,8.00
2007.12.24 01:06:44.824,1.15,1.15065,4.90,8.00
2007.12.24 01:06:44.938,1.1499,1.15065,11.60,8.00
2007.12.24 01:06:45.050,1.1499,1.15065,11.60,8.00
2007.12.24 01:06:45.164,1.15,1.15065,4.50,8.00
2007.12.24 01:06:45.276,1.15,1.15065,3.40,8.00
2007.12.24 01:06:45.388,1.1499,1.15065,11.60,8.00
2007.12.24 01:06:45.500,1.1499,1.15065,11.60,8.00
2007.12.24 01:06:45.639,1.1499,1.15065,11.60,8.00
2007.12.24 01:06:45.776,1.1499,1.15065,11.60,8.00
2007.12.24 01:06:45.913,1.1499,1.15065,11.60,8.00
2007.12.24 01:06:46.050,1.1499,1.15065,11.60,8.00
2007.12.24 01:06:46.189,1.1499,1.15065,11.60,8.00
2007.12.24 01:06:46.326,1.15,1.15065,2.00,8.00
2007.12.24 01:06:46.463,1.1499,1.15065,11.60,8.00
2007.12.24 01:06:46.575,1.15,1.15065,3.10,8.00
2007.12.24 01:06:46.689,1.1499,1.15065,11.60,8.00
2007.12.24 01:06:46.801,1.1499,1.15065,11.60,8.00
2007.12.24 01:06:46.913,1.1499,1.15065,11.60,8.00
2007.12.24 01:06:47.027,1.15,1.15065,2.10,8.00
2007.12.24 01:06:47.139,1.1499,1.15065,11.60,8.00
2007.12.24 01:06:47.251,1.15,1.15065,5.60,8.00
2007.12.24 01:06:47.377,1.1499,1.15065,11.60,8.00
2007.12.24 01:06:47.478,1.15,1.15065,3.30,8.00
2007.12.24 01:06:47.620,1.1499,1.15065,11.60,8.00
2007.12.24 01:06:47.762,1.1499,1.15065,11.60,8.00
2007.12.24 01:06:47.906,1.1499,1.15065,11.60,8.00
2007.12.24 01:06:48.048,1.15,1.15065,3.00,8.00
2007.12.24 01:06:48.190,1.15,1.15065,2.20,8.00
2007.12.24 01:06:48.349,1.1499,1.15065,11.60,8.00
2007.12.24 01:06:48.477,1.1499,1.15065,11.60,8.00
2007.12.24 01:06:48.619,1.15,1.15065,5.40,8.00
2007.12.24 01:06:48.726,1.1499,1.15065,11.60,8.00
2007.12.24 01:06:48.833,1.1499,1.15065,11.60,8.00
2007.12.24 01:06:48.942,1.1499,1.15065,11.60,8.00
2007.12.24 01:06:49.049,1.1499,1.15065,11.60,8.00
2007.12.24 01:06:49.156,1.15,1.15065,4.70,8.00
2007.12.24 01:06:49.264,1.15,1.15065,3.70,8.00
2007.12.24 01:06:49.373,1.1499,1.15065,11.60,8.00
2007.12.24 01:06:49.480,1.15,1.15065,2.10,8.00
2007.12.24 01:06:49.588,1.1499,1.15065,11.60,8.00
2007.12.24 01:06:49.722,1.15,1.15065,3.40,8.00
2007.12.24 01:06:49.854,1.15,1.15065,1.10,8.00
2007.12.24 01:06:49.986,1.1499,1.15065,11.60,8.00
2007.12.24 01:06:50.120,1.15,1.15065,3.40,8.00
2007.12.24 01:06:50.252,1.15,1.15065,5.20,8.00
2007.12.24 01:06:50.385,1.1499,1.15065,11.60,8.00
2007.12.24 01:06:50.518,1.1499,1.15065,11.60,8.00
2007.12.24 01:06:50.650,1.15,1.15065,2.10,8.00
2007.12.24 01:06:50.769,1.1499,1.15065,11.60,8.00
2007.12.24 01:06:50.886,1.1499,1.15065,11.60,8.00
2007.12.24 01:06:51.004,1.1499,1.15065,11.60,8.00
2007.12.24 01:06:51.121,1.1499,1.15065,11.60,8.00
2007.12.24 01:06:51.240,1.1499,1.15065,11.60,8.00
2007.12.24 01:06:51.357,1.1499,1.15065,11.60,8.00
2007.12.24 01:06:51.474,1.1499,1.15065,11.60,8.00
2007.12.24 01:06:51.604,1.15,1.15065,5.60,8.00
2007.12.24 01:06:51.750,1.15,1.15065,5.30,8.00
2007.12.24 01:06:51.907,1.15,1.15065,1.10,8.00
2007.12.24 01:06:52.064,1.1499,1.15065,11.60,8.00
2007.12.24 01:06:52.222,1.15,1.15065,3.80,8.00
2007.12.24 01:06:52.381,1.15,1.15065,5.10,8.00
2007.12.24 01:06:52.538,1.15,1.15065,3.30,8.00
2007.12.24 01:06:52.696,1.15,1.15065,4.50,8.00
2007.12.24 01:06:52.800,1.15,1.15065,4.60,8.00
2007.12.24 01:06:52.901,1.1499,1.15065,11.60,8.00
2007.12.24 01:06:53.004,1.1499,1.15065,11.60,8.00
2007.12.24 01:06:53.106,1.1499,1.15065,11.60,8.00
2007.12.24 01:06:53.210,1.1499,1.15065,11.60,8.00
2007.12.24 01:06:53.313,1.1499,1.15065,11.60,8.00
2007.12.24 01:06:53.415,1.1499,1.15065,11.60,8.00
2007.12.24 01:06:53.518,1.1499,1.15065,11.60,8.00
2007.12.24 01:06:53.621,1.1499,1.15065,11.60,8.00
2007.12.24 01:06:53.774,1.15,1.15065,5.50,8.00
2007.12.24 01:06:53.926,1.1499,1.15065,11.60,8.00
2007.12.24 01:06:54.078,1.1499,1.15065,11.60,8.00
2007.12.24 01:06:54.231,1.15,1.15065,5.30,8.00
2007.12.24 01:06:54.384,1.1499,1.15065,11.60,8.00
2007.12.24 01:06:54.536,1.1499,1.15065,11.60,8.00
2007.12.24 01:06:54.689,1.1499,1.15065,11.60,8.00
2007.12.24 01:06:54.797,1.1499,1.15065,11.60,8.00
2007.12.24 01:06:54.904,1.15,1.15065,4.00,8.00
2007.12.24 01:06:55.012,1.1499,1.15065,11.60,8.00
2007.12.24 01:06:55.120,1.1499,1.15065,11.60,8.00
2007.12.24 01:06:55.228,1.15,1.15065,5.30,8.00
2007.12.24 01:06:55.336,1.1499,1.15065,11.60,8.00
2007.12.24 01:06:55.444,1.15,1.15065,2.90,8.00
2007.12.24 01:06:55.552,1.1499,1.15065,11.60,8.00
2007.12.24 01:06:55.659,1.15,1.15065,1.80,8.00
2007.12.24 01:06:55.797,1.15,1.15065,2.80,8.00
2007.12.24 01:06:55.936,1.1499,1.1506,11.60,8.00
2007.12.24 01:06:56.073,1.1499,1.1506,11.60,8.00
2007.12.24 01:06:56.211,1.14995,1.1506,1.20,8.00
2007.12.24 01:06:56.349,1.14995,1.1506,3.70,8.00
2007.12.24 01:06:56.487,1.1499,1.1506,11.60,8.00
2007.12.24 01:06:56.625,1.14995,1.1506,1.70,8.00
2007.12.24 01:06:56.763,1.1499,1.1506,11.60,8.00
2007.12.24 01:06:56.886,1.14995,1.1506,1.80,8.00
2007.12.24 01:06:57.009,1.14995,1.1506,4.20,8.00
2007.12.24 01:06:57.132,1.14995,1.1506,3.40,8.00
2007.12.24 01:06:57.255,1.1499,1.1506,11.60,8.00
2007.12.24 01:06:57.377,1.14995,1.1506,2.40,8.00
2007.12.24 01:06:57.501,1.1499,1.1506,11.60,8.00
2007.12.24 01:06:57.623,1.1499,1.1506,11.60,8.00
2007.12.24 01:06:57.747,1.14995,1.1506,1.00,8.00
2007.12.24 01:06:57.949,1.1499,1.1506,11.60,8.00
2007.12.24 01:06:58.151,1.1499,1.1506,11.60,8.00
2007.12.24 01:06:58.354,1.1499,1.1506,11.60,8.00
2007.12.24 01:06:58.557,1.14995,1.1506,1.20,8.00
2007.12.24 01:06:58.760,1.1499,1.1506,11.60,8.00
2007.12.24 01:06:58.962,1.14995,1.1506,2.60,8.00
2007.12.24 01:06:59.066,1.14995,1.1506,2.40,8.00
2007.12.24 01:06:59.147,1.1499,1.1506,11.60,8.00
2007.12.24 01:06:59.240,1.1499,1.1506,11.60,8.00
2007.12.24 01:06:59.333,1.1499,1.1506,11.60,8.00
2007.12.24 01:06:59.426,1.14995,1.1506,3.40,8.00
2007.12.24 01:06:59.519,1.1499,1.1506,11.60,8.00
2007.12.24 01:06:59.612,1.1499,1.1506,11.60,8.00
2007.12.24 01:06:59.704,1.1499,1.1506,11.60,8.00
2007.12.24 01:06:59.800,1.1499,1.1506,11.60,8.00
2007.12.24 01:06:59.953,1.14995,1.1506,4.30,8.00
2007.12.24 01:07:00.107,1.14995,1.1506,2.40,8.00
2007.12.24 01:07:00.259,1.14995,1.1506,2.30,8.00
2007.12.24 01:07:00.412,1.14995,1.1506,2.50,8.00
2007.12.24 01:07:00.565,1.1499,1.1506,11.60,8.00
2007.12.24 01:07:00.717,1.1499,1.1506,11.60,8.00
2007.12.24 01:07:00.870,1.14995,1.1506,0.80,8.00
2007.12.24 01:07:00.972,1.1499,1.1506,11.60,8.00
2007.12.24 01:07:01.075,1.14995,1.1506,3.40,8.00
2007.12.24 01:07:01.178,1.1499,1.1506,11.60,8.00
2007.12.24 01:07:01.280,1.14995,1.1506,2.80,8.00
2007.12.24 01:07:01.383,1.14995,1.1506,1.00,8.00
2007.12.24 01:07:01.485,1.14995,1.1506,3.00,8.00
2007.12.24 01:07:01.588,1.1499,1.1506,11.60,8.00
2007.12.24 01:07:01.691,1.1499,1.1506,11.60,8.00
2007.12.24 01:07:01.792,1.1499,1.1506,11.60,8.00
2007.12.24 01:07:01.935,1.1499,1.1506,11.60,8.00
2007.12.24 01:07:02.077,1.1499,1.1506,11.60,8.00
2007.12.24 01:07:02.219,1.1499,1.1506,11.60,8.00
2007.12.24 01:07:02.363,1.14995,1.1506,3.20,8.00
2007.12.24 01:07:02.505,1.1499,1.1506,11.60,8.00
2007.12.24 01:07:02.648,1.1499,1.1506,11.60,8.00
2007.12.24 01:07:02.791,1.14995,1.1506,10.80,8.00
2007.12.24 01:07:02.933,1.14995,1.1506,10.80,8.00
2007.12.24 01:07:03.071,1.14995,1.1506,11.10,8.00
2007.12.24 01:07:03.210,1.15005,1.1506,2.80,8.00
2007.12.24 01:07:03.348,1.1501,1.1508,10.40,14.80
2007.12.24 01:07:03.486,1.1502,1.1508,1.80,14.80
2007.12.24 01:07:03.624,1.1502,1.1508,4.60,14.80
2007.12.24 01:07:03.762,1.1501,1.1508,14.40,14.80
2007.12.24 01:07:03.900,1.1501,1.1508,14.40,14.80
2007.12.24 01:07:04.103,1.1502,1.1508,0.80,14.80
2007.12.24 01:07:04.305,1.1502,1.1508,5.80,14.80
2007.12.24 01:07:04.519,1.1501,1.1508,14.40,14.80
2007.12.24 01:07:04.722,1.1502,1.1508,1.90,14.80
2007.12.24 01:07:04.925,1.1502,1.1508,6.60,14.80
2007.12.24 01:07:05.022,1.1501,1.1508,20.00,14.80
2007.12.24 01:07:05.120,1.1504,1.1508,0.50,14.80
2007.12.24 01:07:05.218,1.1504,1.1508,0.50,14.80
2007.12.24 01:07:05.316,1.1503,1.1508,1.70,14.80
2007.12.24 01:07:05.413,1.1504,1.1508,0.50,14.80
2007.12.24 01:07:05.511,1.1503,1.1508,1.70,14.80
2007.12.24 01:07:05.609,1.1503,1.1508,1.70,14.80
2007.12.24 01:07:05.707,1.1503,1.1508,1.70,14.80
2007.12.24 01:07:05.805,1.1503,1.1508,1.70,14.80
2007.12.24 01:07:05.902,1.1503,1.1508,1.70,14.80
2007.12.24 01:07:06.000,1.1504,1.1508,0.50,14.80
2007.12.24 01:07:06.148,1.1503,1.1508,1.70,14.80
2007.12.24 01:07:06.295,1.1504,1.1508,0.50,14.80
2007.12.24 01:07:06.443,1.1504,1.1508,0.50,14.80
2007.12.24 01:07:06.590,1.1503,1.1508,1.70,14.80
2007.12.24 01:07:06.738,1.1504,1.1508,0.50,14.80
2007.12.24 01:07:06.885,1.1503,1.1508,1.70,14.80
2007.12.24 01:07:07.033,1.1504,1.1508,0.50,14.80
2007.12.24 01:07:07.136,1.1504,1.1508,0.50,14.80
2007.12.24 01:07:07.251,1.1504,1.1508,0.50,14.80
2007.12.24 01:07:07.354,1.1503,1.1508,1.70,14.80
2007.12.24 01:07:07.456,1.1504,1.1508,0.50,14.80
2007.12.24 01:07:07.558,1.1504,1.1508,0.50,14.80
2007.12.24 01:07:07.661,1.1503,1.1508,1.70,14.80
2007.12.24 01:07:07.763,1.1504,1.1508,0.50,14.80
2007.12.24 01:07:07.865,1.1503,1.1508,1.70,14.80
2007.12.24 01:07:07.967,1.1503,1.1508,1.70,14.80
2007.12.24 01:07:08.070,1.1504,1.1508,0.50,14.80
2007.12.24 01:07:08.217,1.1504,1.1508,0.50,14.80
2007.12.24 01:07:08.365,1.1503,1.1508,1.70,14.80
2007.12.24 01:07:08.513,1.1503,1.1508,1.70,14.80
2007.12.24 01:07:08.660,1.1503,1.1508,1.70,14.80
2007.12.24 01:07:08.808,1.1503,1.1508,1.70,14.80
2007.12.24 01:07:08.966,1.1503,1.1508,1.70,14.80
2007.12.24 01:07:09.113,1.1504,1.1508,0.50,14.80
2007.12.24 01:07:09.246,1.1504,1.1508,0.50,14.80
2007.12.24 01:07:09.379,1.1504,1.1508,0.50,14.80
2007.12.24 01:07:09.511,1.1503,1.1508,1.70,14.80
2007.12.24 01:07:09.644,1.1503,1.1508,1.70,14.80
2007.12.24 01:07:09.776,1.1504,1.1508,0.50,14.80
2007.12.24 01:07:09.909,1.1503,1.1508,1.70,14.80
2007.12.24 01:07:10.042,1.1504,1.1508,0.50,14.80
2007.12.24 01:07:10.174,1.1503,1.1508,1.70,14.80
2007.12.24 01:07:10.357,1.1504,1.1508,0.50,14.80
2007.12.24 01:07:10.539,1.1503,1.1508,1.70,14.80
2007.12.24 01:07:10.722,1.1503,1.1508,1.70,14.80
2007.12.24 01:07:10.904,1.1503,1.1508,1.70,14.80
2007.12.24 01:07:11.087,1.1504,1.1508,0.50,14.80
2007.12.24 01:07:11.281,1.1504,1.1508,0.50,14.80
2007.12.24 01:07:11.373,1.1504,1.1508,0.50,14.80
2007.12.24 01:07:11.476,1.1503,1.1508,1.70,14.80
2007.12.24 01:07:11.578,1.1504,1.1508,0.50,14.80
2007.12.24 01:07:11.681,1.1504,1.1508,0.50,14.80
2007.12.24 01:07:11.784,1.1503,1.1508,1.70,14.80
2007.12.24 01:07:11.887,1.1503,1.1508,1.70,14.80
2007.12.24 01:07:11.990,1.1503,1.1508,1.70,14.80
2007.12.24 01:07:12.092,1.1503,1.1508,1.70,14.80
2007.12.24 01:07:12.195,1.1504,1.1508,0.50,14.80
2007.12.24 01:07:12.382,1.1503,1.1508,1.70,14.80
2007.12.24 01:07:12.570,1.1503,1.1508,1.70,14.80
2007.12.24 01:07:12.758,1.1504,1.1508,0.50,14.80
2007.12.24 01:07:12.945,1.1504,1.1508,0.50,14.80
2007.12.24 01:07:13.133,1.1504,1.1508,0.50,14.80
2007.12.24 01:07:13.320,1.1504,1.1508,0.50,14.80
2007.12.24 01:07:13.417,1.1504,1.1508,0.50,14.80
2007.12.24 01:07:13.515,1.1503,1.1508,1.70,14.80
2007.12.24 01:07:13.613,1.1503,1.1508,1.70,14.40
2007.12.24 01:07:13.711,1.1504,1.1508,0.50,14.40
2007.12.24 01:07:13.808,1.1505,1.1508,0.50,12.00
2007.12.24 01:07:13.906,1.1504,1.1508,1.70,4.00
2007.12.24 01:07:14.003,1.1504,1.1508,1.70,4.00
2007.12.24 01:07:14.101,1.1505,1.1508,0.50,4.00
2007.12.24 01:07:14.198,1.1505,1.1508,0.50,4.00
2007.12.24 01:07:14.296,1.1505,1.1508,0.50,4.00
2007.12.24 01:07:14.478,1.1505,1.1508,0.50,4.00
2007.12.24 01:07:14.661,1.1505,1.1508,0.50,4.00
2007.12.24 01:07:14.843,1.1505,1.1508,0.50,4.00
2007.12.24 01:07:15.026,1.1505,1.1508,0.50,4.00
2007.12.24 01:07:15.209,1.1505,1.1508,0.50,4.00
2007.12.24 01:07:15.391,1.1505,1.1508,0.50,4.00
2007.12.24 01:07:15.499,1.1505,1.1508,0.50,4.00
2007.12.24 01:07:15.620,1.1505,1.1508,0.50,4.00
2007.12.24 01:07:15.714,1.1505,1.1508,0.50,4.00
2007.12.24 01:07:15.822,1.1505,1.1508,0.50,4.00
2007.12.24 01:07:15.930,1.1505,1.1508,0.50,4.00
2007.12.24 01:07:16.037,1.1505,1.1508,0.50,4.00
2007.12.24 01:07:16.145,1.1505,1.1508,0.50,4.00
2007.12.24 01:07:16.252,1.1505,1.1508,0.50,4.00
2007.12.24 01:07:16.360,1.1505,1.1508,0.50,4.00
2007.12.24 01:07:16.468,1.1505,1.1508,0.50,4.00
2007.12.24 01:07:16.606,1.1505,1.1508,0.50,4.00
2007.12.24 01:07:16.743,1.1505,1.1508,0.50,4.00
2007.12.24 01:07:16.880,1.1505,1.1508,0.50,4.00
2007.12.24 01:07:17.018,1.1505,1.1508,0.50,4.00
2007.12.24 01:07:17.155,1.1505,1.1508,0.50,4.00
2007.12.24 01:07:17.293,1.1505,1.1508,0.50,4.00
2007.12.24 01:07:17.432,1.1504,1.1508,0.50,4.40
2007.12.24 01:07:17.584,1.1504,1.1508,0.50,4.40
2007.12.24 01:07:17.736,1.1504,1.1508,8.40,4.40
2007.12.24 01:07:17.889,1.1505,1.1509,0.50,0.50
2007.12.24 01:07:18.042,1.1505,1.1509,0.50,0.50
2007.12.24 01:07:18.195,1.1505,1.151,0.50,12.40
2007.12.24 01:07:18.351,1.1505,1.151,0.50,0.50
2007.12.24 01:07:18.504,1.1505,1.151,0.50,0.50
2007.12.24 01:07:18.727,1.1505,1.151,0.50,0.50
2007.12.24 01:07:18.950,1.1505,1.151,0.50,0.50
2007.12.24 01:07:19.173,1.1505,1.151,0.50,0.50
2007.12.24 01:07:19.395,1.1505,1.151,0.50,0.50
2007.12.24 01:07:19.618,1.1505,1.151,0.50,0.50
2007.12.24 01:07:19.721,1.1505,1.151,0.50,0.50
2007.12.24 01:07:19.823,1.1505,1.151,0.50,0.50
2007.12.24 01:07:19.926,1.1505,1.151,0.50,0.50
2007.12.24 01:07:20.029,1.1505,1.151,0.50,0.50
2007.12.24 01:07:20.131,1.1505,1.151,0.50,0.50
2007.12.24 01:07:20.234,1.1505,1.151,0.50,0.50
2007.12.24 01:07:20.336,1.1505,1.151,0.50,0.50
2007.12.24 01:07:20.439,1.1505,1.151,0.50,0.50
2007.12.24 01:07:20.541,1.1505,1.151,0.50,0.50
2007.12.24 01:07:20.674,1.1505,1.151,0.50,0.50
2007.12.24 01:07:20.807,1.1505,1.151,0.50,0.50
2007.12.24 01:07:20.939,1.1505,1.151,0.50,0.50
2007.12.24 01:07:21.072,1.1505,1.151,0.50,0.50
2007.12.24 01:07:21.216,1.1505,1.151,0.50,0.50
2007.12.24 01:07:21.337,1.1504,1.151,13.70,0.50
2007.12.24 01:07:21.470,1.1505,1.151,0.50,0.50
2007.12.24 01:07:21.602,1.1504,1.151,13.70,0.50
2007.12.24 01:07:21.725,1.1504,1.151,13.70,0.50
2007.12.24 01:07:21.847,1.1505,1.151,0.50,0.50
2007.12.24 01:07:21.970,1.1505,1.151,0.50,0.50
2007.12.24 01:07:22.093,1.1505,1.151,0.50,0.50
2007.12.24 01:07:22.215,1.1504,1.151,13.70,0.50
2007.12.24 01:07:22.337,1.1504,1.151,13.70,0.50
2007.12.24 01:07:22.460,1.1504,1.151,13.70,0.50
2007.12.24 01:07:22.583,1.1505,1.151,0.50,0.50
2007.12.24 01:07:22.711,1.1504,1.151,13.70,0.50
2007.12.24 01:07:22.839,1.1505,1.151,0.50,0.50
2007.12.24 01:07:22.966,1.1504,1.151,13.70,0.50
2007.12.24 01:07:23.094,1.1504,1.151,13.70,0.50
2007.12.24 01:07:23.221,1.1504,1.151,13.70,0.50
2007.12.24 01:07:23.350,1.1504,1.151,13.70,0.50
2007.12.24 01:07:23.477,1.1505,1.151,0.50,0.50
2007.12.24 01:07:23.605,1.1504,1.151,13.70,0.50
2007.12.24 01:07:23.722,1.1505,1.151,0.50,0.50
2007.12.24 01:07:23.840,1.1504,1.151,13.70,0.50
2007.12.24 01:07:23.957,1.1504,1.151,13.70,0.50
2007.12.24 01:07:24.075,1.1504,1.151,13.70,0.50
2007.12.24 01:07:24.206,1.1505,1.151,0.50,0.50
2007.12.24 01:07:24.323,1.1504,1.151,13.70,0.50
2007.12.24 01:07:24.440,1.1504,1.151,13.70,0.50
2007.12.24 01:07:24.558,1.1504,1.151,13.70,0.50
2007.12.24 01:07:24.676,1.1504,1.151,13.70,0.50
2007.12.24 01:07:24.803,1.1504,1.151,13.70,0.50
2007.12.24 01:07:24.931,1.1504,1.151,13.70,0.50
2007.12.24 01:07:25.058,1.1504,1.151,13.70,0.50
2007.12.24 01:07:25.186,1.1504,1.151,13.70,0.50
2007.12.24 01:07:25.313,1.1504,1.151,13.70,0.50
2007.12.24 01:07:25.442,1.1505,1.151,0.50,0.50
2007.12.24 01:07:25.570,1.1504,1.151,13.70,0.50
2007.12.24 01:07:25.698,1.1504,1.151,13.70,0.50
2007.12.24 01:07:25.820,1.1504,1.151,13.70,0.50
2007.12.24 01:07:25.942,1.1504,1.151,13.70,0.50
2007.12.24 01:07:26.065,1.1504,1.151,13.70,0.50
2007.12.24 01:07:26.188,1.1505,1.151,0.50,0.50
2007.12.24 01:07:26.310,1.1504,1.151,13.70,0.50
2007.12.24 01:07:26.433,1.1505,1.151,0.50,0.50
2007.12.24 01:07:26.555,1.1504,1.151,13.70,0.50
2007.12.24 01:07:26.677,1.1505,1.151,0.50,0.50
2007.12.24 01:07:26.800,1.1504,1.151,13.70,0.50
2007.12.24 01:07:26.923,1.1505,1.151,0.50,0.50
2007.12.24 01:07:27.046,1.1504,1.151,13.70,0.50
2007.12.24 01:07:27.181,1.1504,1.151,13.70,0.50
2007.12.24 01:07:27.303,1.1504,1.151,13.70,0.50
2007.12.24 01:07:27.427,1.1504,1.151,13.70,0.50
2007.12.24 01:07:27.550,1.1505,1.151,0.50,0.50
2007.12.24 01:07:27.673,1.1505,1.151,0.50,0.50
2007.12.24 01:07:27.841,1.1504,1.151,13.70,0.50
2007.12.24 01:07:28.009,1.1504,1.151,13.70,0.50
2007.12.24 01:07:28.177,1.1504,1.151,13.70,0.50
2007.12.24 01:07:28.344,1.1504,1.151,13.70,0.50
2007.12.24 01:07:28.511,1.1504,1.151,13.70,0.50
2007.12.24 01:07:28.680,1.1505,1.151,0.50,0.50
2007.12.24 01:07:28.848,1.1504,1.151,13.70,0.50
2007.12.24 01:07:28.951,1.1504,1.151,13.70,0.50
2007.12.24 01:07:29.054,1.1505,1.151,0.50,0.50
2007.12.24 01:07:29.156,1.1505,1.151,0.50,0.50
2007.12.24 01:07:29.258,1.1505,1.151,0.50,0.50
2007.12.24 01:07:29.360,1.1504,1.151,13.70,0.50
2007.12.24 01:07:29.464,1.1504,1.151,13.70,0.50
2007.12.24 01:07:29.567,1.1505,1.151,0.50,0.50
2007.12.24 01:07:29.670,1.1504,1.151,13.70,0.50
2007.12.24 01:07:29.772,1.1505,1.151,0.50,0.50
2007.12.24 01:07:29.904,1.1504,1.151,13.70,0.50
2007.12.24 01:07:30.037,1.1504,1.151,13.70,0.50
2007.12.24 01:07:30.170,1.1504,1.151,13.70,0.50
2007.12.24 01:07:30.304,1.1504,1.151,13.70,0.50
2007.12.24 01:07:30.435,1.1505,1.151,0.50,0.50
2007.12.24 01:07:30.568,1.1504,1.151,13.70,0.50
2007.12.24 01:07:30.700,1.1505,1.151,0.80,0.50
2007.12.24 01:07:30.832,1.1504,1.1511,16.00,8.00
2007.12.24 01:07:31.051,1.1505,1.1511,5.40,8.00
2007.12.24 01:07:31.268,1.1504,1.1511,16.00,8.00
2007.12.24 01:07:31.485,1.1505,1.1511,3.40,8.00
2007.12.24 01:07:31.703,1.1505,1.1511,5.00,8.00
2007.12.24 01:07:31.921,1.1505,1.1511,2.10,8.00
2007.12.24 01:07:32.009,1.1504,1.1511,16.00,8.00
2007.12.24 01:07:32.096,1.1504,1.1511,16.00,8.00
2007.12.24 01:07:32.183,1.1504,1.1511,16.00,8.00
2007.12.24 01:07:32.271,1.1504,1.1511,16.00,8.00
2007.12.24 01:07:32.359,1.1504,1.1511,16.00,8.00
2007.12.24 01:07:32.448,1.1504,1.1511,16.00,8.00
2007.12.24 01:07:32.536,1.1504,1.1511,16.00,8.00
2007.12.24 01:07:32.623,1.1504,1.1511,16.00,8.00
2007.12.24 01:07:32.710,1.1504,1.1511,16.00,8.00
2007.12.24 01:07:32.797,1.1504,1.1511,16.00,8.00
2007.12.24 01:07:32.886,1.1504,1.1511,16.00,8.00
2007.12.24 01:07:33.048,1.1504,1.1511,16.00,8.00
2007.12.24 01:07:33.210,1.1505,1.1511,2.30,8.00
2007.12.24 01:07:33.374,1.1504,1.1511,16.00,8.00
2007.12.24 01:07:33.537,1.1505,1.1511,5.60,8.00
2007.12.24 01:07:33.699,1.1504,1.1511,16.00,8.00
2007.12.24 01:07:33.861,1.1504,1.1511,16.00,8.00
2007.12.24 01:07:34.025,1.1504,1.1511,16.00,8.00
2007.12.24 01:07:34.122,1.1505,1.1511,4.70,8.00
2007.12.24 01:07:34.219,1.1504,1.1511,16.00,8.00
2007.12.24 01:07:34.318,1.1504,1.1511,16.00,8.00
2007.12.24 01:07:34.415,1.1504,1.1511,16.00,8.00
2007.12.24 01:07:34.512,1.1504,1.1511,16.00,8.00
2007.12.24 01:07:34.611,1.1505,1.1511,3.90,8.00
2007.12.24 01:07:34.708,1.1505,1.1511,3.50,8.00
2007.12.24 01:07:34.805,1.1505,1.1511,5.70,8.00
2007.12.24 01:07:34.903,1.1504,1.1511,16.00,8.00
2007.12.24 01:07:35.001,1.1504,1.1511,16.00,8.00
2007.12.24 01:07:35.154,1.1505,1.1511,5.20,8.00
2007.12.24 01:07:35.306,1.1505,1.1511,9.70,8.00
2007.12.24 01:07:35.460,1.1506,1.15115,0.50,8.00
2007.12.24 01:07:35.613,1.15055,1.15115,8.50,8.00
2007.12.24 01:07:35.765,1.1506,1.15115,0.50,8.00
2007.12.24 01:07:35.917,1.15055,1.15115,8.50,8.00
2007.12.24 01:07:36.071,1.15055,1.15115,8.50,8.00
2007.12.24 01:07:36.193,1.1506,1.15115,0.50,8.00
2007.12.24 01:07:36.315,1.1506,1.15115,0.50,8.00
2007.12.24 01:07:36.439,1.15055,1.15115,8.50,8.00
2007.12.24 01:07:36.562,1.1506,1.15115,0.50,8.00
2007.12.24 01:07:36.684,1.1506,1.15115,0.50,8.00
2007.12.24 01:07:36.808,1.1506,1.15115,0.50,8.00
2007.12.24 01:07:36.930,1.15055,1.15115,8.50,8.00
2007.12.24 01:07:37.052,1.15055,1.15115,8.50,8.00
2007.12.24 01:07:37.256,1.15055,1.15115,8.50,8.00
2007.12.24 01:07:37.458,1.15055,1.15115,8.50,8.00
2007.12.24 01:07:37.662,1.15055,1.15115,8.50,8.00
2007.12.24 01:07:37.865,1.1506,1.15115,0.50,8.00
2007.12.24 01:07:38.068,1.15055,1.15115,8.50,8.00
2007.12.24 01:07:38.271,1.1506,1.15115,0.50,8.00
2007.12.24 01:07:38.378,1.1506,1.15115,0.50,8.00
2007.12.24 01:07:38.498,1.15055,1.15115,8.50,8.00
2007.12.24 01:07:38.605,1.15055,1.15115,8.50,8.00
2007.12.24 01:07:38.714,1.1506,1.15115,0.50,8.00
2007.12.24 01:07:38.822,1.1506,1.15115,0.50,8.00
2007.12.24 01:07:38.930,1.15055,1.15115,8.50,8.00
2007.12.24 01:07:39.037,1.1506,1.15115,0.50,8.00
2007.12.24 01:07:39.158,1.1506,1.15115,0.50,8.00
2007.12.24 01:07:39.292,1.15055,1.15115,8.50,8.00
2007.12.24 01:07:39.440,1.15055,1.15115,8.50,8.00
2007.12.24 01:07:39.587,1.15055,1.15115,8.50,8.00
2007.12.24 01:07:39.734,1.15055,1.15115,8.50,8.00
2007.12.24 01:07:39.883,1.15055,1.15115,8.50,8.00
2007.12.24 01:07:40.031,1.15055,1.15115,8.50,8.00
2007.12.24 01:07:40.179,1.15055,1.15115,8.50,8.00
2007.12.24 01:07:40.287,1.1506,1.15115,0.50,8.00
2007.12.24 01:07:40.395,1.15055,1.15115,8.50,8.00
2007.12.24 01:07:40.502,1.15055,1.15115,8.50,8.00
2007.12.24 01:07:40.609,1.15055,1.15115,8.50,8.00
2007.12.24 01:07:40.718,1.15055,1.15115,8.50,8.00
2007.12.24 01:07:40.826,1.15055,1.15115,8.50,8.00
2007.12.24 01:07:40.933,1.15055,1.15115,8.50,8.00
2007.12.24 01:07:41.041,1.1506,1.15115,0.50,8.00
2007.12.24 01:07:41.149,1.15055,1.15115,8.50,8.00
2007.12.24 01:07:41.257,1.1506,1.15115,0.50,8.00
2007.12.24 01:07:41.414,1.15055,1.15115,8.50,8.00
2007.12.24 01:07:41.572,1.15055,1.15115,8.50,8.00
2007.12.24 01:07:41.730,1.15055,1.15115,8.50,8.00
2007.12.24 01:07:41.887,1.15055,1.15115,8.50,8.00
2007.12.24 01:07:42.045,1.15055,1.15115,8.50,8.00
2007.12.24 01:07:42.214,1.1506,1.15115,0.50,8.00
2007.12.24 01:07:42.372,1.15055,1.15115,8.50,8.00
2007.12.24 01:07:42.489,1.15055,1.15115,8.50,8.00
2007.12.24 01:07:42.606,1.15055,1.15115,8.50,8.00
2007.12.24 01:07:42.723,1.15055,1.15115,8.50,8.00
2007.12.24 01:07:42.842,1.1506,1.15115,0.50,8.00
2007.12.24 01:07:42.973,1.1506,1.15115,0.50,8.00
2007.12.24 01:07:43.077,1.1506,1.15115,0.50,8.00
2007.12.24 01:07:43.194,1.15055,1.15115,8.50,8.00
2007.12.24 01:07:43.313,1.15055,1.15115,8.50,8.00
2007.12.24 01:07:43.450,1.1506,1.15115,0.50,8.00
2007.12.24 01:07:43.589,1.1506,1.15115,0.50,8.00
2007.12.24 01:07:43.726,1.15055,1.15115,8.50,8.00
2007.12.24 01:07:43.864,1.15055,1.15115,8.50,8.00
2007.12.24 01:07:44.001,1.15055,1.15115,8.50,8.00
2007.12.24 01:07:44.138,1.15055,1.15115,8.50,8.00
2007.12.24 01:07:44.276,1.15055,1.15115,8.50,8.00
2007.12.24 01:07:44.393,1.15055,1.15115,8.50,8.00
2007.12.24 01:07:44.512,1.15055,1.15115,8.50,8.00
2007.12.24 01:07:44.629,1.1506,1.15115,0.50,8.00
2007.12.24 01:07:44.746,1.15055,1.15115,8.50,8.00
2007.12.24 01:07:44.864,1.1506,1.15115,0.50,8.00
2007.12.24 01:07:44.982,1.1506,1.15115,0.50,8.00
2007.12.24 01:07:45.099,1.15055,1.15115,8.50,8.00
2007.12.24 01:07:45.216,1.1506,1.15115,0.50,8.00
2007.12.24 01:07:45.334,1.15055,1.15115,8.50,8.00
2007.12.24 01:07:45.487,1.1506,1.15115,0.50,8.00
2007.12.24 01:07:45.640,1.15055,1.15115,8.50,8.00
2007.12.24 01:07:45.792,1.1506,1.15115,0.50,8.00
2007.12.24 01:07:45.945,1.1506,1.15115,0.50,8.00
2007.12.24 01:07:46.097,1.15055,1.15115,8.50,8.00
2007.12.24 01:07:46.251,1.15055,1.15115,8.50,8.00
2007.12.24 01:07:46.403,1.1506,1.15115,0.50,8.00
2007.12.24 01:07:46.506,1.15055,1.15115,8.50,8.00
2007.12.24 01:07:46.609,1.15055,1.15115,8.50,8.00
2007.12.24 01:07:46.711,1.1506,1.15115,0.50,8.00
2007.12.24 01:07:46.813,1.1506,1.15115,0.50,8.00
2007.12.24 01:07:46.917,1.1506,1.15115,0.50,8.00
2007.12.24 01:07:47.019,1.1506,1.15115,0.50,8.00
2007.12.24 01:07:47.121,1.15055,1.15115,8.50,8.00
2007.12.24 01:07:47.225,1.15055,1.15115,8.50,8.00
2007.12.24 01:07:47.328,1.1506,1.15115,0.50,8.00
2007.12.24 01:07:47.475,1.15055,1.15115,8.50,8.00
2007.12.24 01:07:47.622,1.15055,1.15115,8.50,8.00
2007.12.24 01:07:47.770,1.1506,1.15115,0.50,8.00
2007.12.24 01:07:47.917,1.15055,1.15115,8.50,8.00
2007.12.24 01:07:48.065,1.15055,1.15115,8.50,8.00
2007.12.24 01:07:48.212,1.15055,1.15115,8.50,8.00
2007.12.24 01:07:48.361,1.1506,1.15115,0.50,8.00
2007.12.24 01:07:48.508,1.1506,1.15115,0.50,8.00
2007.12.24 01:07:48.655,1.1506,1.15115,0.50,8.00
2007.12.24 01:07:48.804,1.1506,1.15115,0.50,8.00
2007.12.24 01:07:48.951,1.1506,1.15115,0.50,8.00
2007.12.24 01:07:49.098,1.1506,1.15115,0.50,8.00
2007.12.24 01:07:49.247,1.1506,1.15115,0.50,8.00
2007.12.24 01:07:49.394,1.1506,1.15115,0.50,8.00
2007.12.24 01:07:49.516,1.1506,1.15115,0.50,8.00
2007.12.24 01:07:49.654,1.1506,1.15115,0.50,8.00
2007.12.24 01:07:49.776,1.1506,1.15115,0.50,8.00
2007.12.24 01:07:49.900,1.1506,1.15115,0.50,8.00
2007.12.24 01:07:50.022,1.1506,1.15115,0.50,8.00
2007.12.24 01:07:50.146,1.1506,1.15115,0.50,8.00
2007.12.24 01:07:50.268,1.1506,1.15115,0.50,8.00
2007.12.24 01:07:50.391,1.1506,1.15115,0.50,8.00
2007.12.24 01:07:50.513,1.1506,1.15115,0.50,8.00
2007.12.24 01:07:50.640,1.1506,1.15115,0.50,8.00
2007.12.24 01:07:50.768,1.1506,1.15115,0.50,8.00
2007.12.24 01:07:50.895,1.1506,1.1512,8.40,6.80
2007.12.24 01:07:51.024,1.1506,1.1512,8.40,2.80
2007.12.24 01:07:51.151,1.1506,1.1512,8.40,2.80
2007.12.24 01:07:51.278,1.1506,1.1512,8.40,2.80
2007.12.24 01:07:51.407,1.1506,1.1512,0.50,10.80
2007.12.24 01:07:51.534,1.1506,1.1512,0.50,10.80
2007.12.24 01:07:51.786,1.1506,1.1512,0.50,10.80
2007.12.24 01:07:52.039,1.1506,1.1512,0.50,10.80
2007.12.24 01:07:52.291,1.1506,1.1512,0.50,10.80
2007.12.24 01:07:52.544,1.1506,1.1512,0.50,10.80
2007.12.24 01:07:52.643,1.1506,1.1512,0.50,10.80
2007.12.24 01:07:52.740,1.1506,1.1512,0.50,10.80
2007.12.24 01:07:52.837,1.1506,1.1512,0.50,10.80
2007.12.24 01:07:52.936,1.1506,1.1512,0.50,10.80
2007.12.24 01:07:53.033,1.1506,1.1512,0.50,10.80
2007.12.24 01:07:53.130,1.1506,1.1512,0.50,10.80
2007.12.24 01:07:53.228,1.1506,1.1512,0.50,10.80
2007.12.24 01:07:53.326,1.1506,1.1512,0.50,10.80
2007.12.24 01:07:53.423,1.1506,1.1512,0.50,10.80
2007.12.24 01:07:53.521,1.1506,1.1512,0.50,10.80
2007.12.24 01:07:53.679,1.1506,1.1512,0.50,10.80
2007.12.24 01:07:53.837,1.1506,1.1512,0.50,10.80
2007.12.24 01:07:53.994,1.1506,1.1512,0.50,10.80
2007.12.24 01:07:54.152,1.1506,1.1512,0.50,10.80
2007.12.24 01:07:54.311,1.1506,1.1512,0.50,8.40
2007.12.24 01:07:54.469,1.1505,1.1511,6.80,8.40
2007.12.24 01:07:54.627,1.1505,1.1511,6.80,8.40
2007.12.24 01:07:54.789,1.1505,1.1511,6.80,8.40
2007.12.24 01:07:54.952,1.1505,1.1511,6.80,8.40
2007.12.24 01:07:55.114,1.1505,1.1511,6.80,8.40
2007.12.24 01:07:55.277,1.1505,1.1511,6.80,8.40
2007.12.24 01:07:55.440,1.1505,1.1511,6.80,8.40
2007.12.24 01:07:55.602,1.1505,1.1511,6.80,8.40
2007.12.24 01:07:55.735,1.1505,1.1511,6.80,8.40
2007.12.24 01:07:55.868,1.1505,1.1511,6.80,8.40
2007.12.24 01:07:56.000,1.1505,1.1511,6.80,8.40
2007.12.24 01:07:56.132,1.1505,1.1511,6.80,8.40
2007.12.24 01:07:56.265,1.1505,1.1511,6.80,8.40
2007.12.24 01:07:56.398,1.1505,1.1511,6.80,8.40
2007.12.24 01:07:56.531,1.1505,1.1511,6.80,8.40
2007.12.24 01:07:56.649,1.1505,1.1511,6.80,8.40
2007.12.24 01:07:56.767,1.1505,1.1511,6.80,8.40
2007.12.24 01:07:56.884,1.1505,1.1511,6.80,8.40
2007.12.24 01:07:57.002,1.1505,1.1511,6.80,8.40
2007.12.24 01:07:57.121,1.1505,1.1511,6.80,8.40
2007.12.24 01:07:57.238,1.1505,1.1511,6.80,8.40
2007.12.24 01:07:57.355,1.1505,1.1511,6.80,8.40
2007.12.24 01:07:57.473,1.1505,1.1511,6.80,8.40
2007.12.24 01:07:57.590,1.1505,1.1511,6.80,8.40
2007.12.24 01:07:57.768,1.1505,1.1511,6.80,8.40
2007.12.24 01:07:57.946,1.1505,1.1511,6.80,8.40
2007.12.24 01:07:58.136,1.1505,1.1511,6.80,8.40
2007.12.24 01:07:58.302,1.1505,1.151,0.50,0.50
2007.12.24 01:07:58.481,1.1505,1.151,0.50,12.40
2007.12.24 01:07:58.658,1.1505,1.151,0.50,12.40
2007.12.24 01:07:58.776,1.1505,1.151,0.50,12.40
2007.12.24 01:07:58.893,1.1505,1.151,0.50,12.40
2007.12.24 01:07:59.011,1.1505,1.151,0.50,12.40
2007.12.24 01:07:59.129,1.1505,1.151,0.50,12.40
2007.12.24 01:07:59.247,1.1505,1.151,0.50,12.40
2007.12.24 01:07:59.364,1.1505,1.151,0.50,12.40
2007.12.24 01:07:59.481,1.1505,1.151,0.50,12.40
2007.12.24 01:07:59.599,1.1505,1.151,0.50,12.40
2007.12.24 01:07:59.735,1.1505,1.151,0.50,12.40
2007.12.24 01:07:59.868,1.1505,1.151,0.50,12.40
2007.12.24 01:08:00.000,1.1505,1.151,0.50,12.40
2007.12.24 01:08:00.134,1.1505,1.151,0.50,12.40
2007.12.24 01:08:00.267,1.1505,1.151,0.50,12.40
2007.12.24 01:08:00.400,1.1505,1.151,0.50,12.40
2007.12.24 01:08:00.532,1.1505,1.151,0.50,12.40
2007.12.24 01:08:00.664,1.1505,1.151,0.50,12.40
2007.12.24 01:08:00.782,1.1505,1.151,0.50,12.40
2007.12.24 01:08:00.899,1.1505,1.151,0.50,12.40
2007.12.24 01:08:01.017,1.1505,1.151,0.50,12.40
2007.12.24 01:08:01.134,1.1505,1.151,0.50,12.40
2007.12.24 01:08:01.252,1.1505,1.151,0.50,12.40
2007.12.24 01:08:01.370,1.1505,1.151,0.50,12.40
2007.12.24 01:08:01.487,1.1505,1.151,0.50,12.40
2007.12.24 01:08:01.605,1.1505,1.151,0.50,12.40
2007.12.24 01:08:01.762,1.1505,1.151,0.50,12.40
2007.12.24 01:08:01.925,1.1505,1.151,0.50,12.40
2007.12.24 01:08:02.083,1.1505,1.151,0.50,12.40
2007.12.24 01:08:02.240,1.1505,1.151,0.50,12.40
2007.12.24 01:08:02.398,1.1505,1.151,0.50,12.40
2007.12.24 01:08:02.555,1.1505,1.151,0.50,12.40
2007.12.24 01:08:02.658,1.1505,1.151,0.50,12.40
2007.12.24 01:08:02.761,1.1505,1.151,0.50,12.40
2007.12.24 01:08:02.863,1.1505,1.151,0.50,12.40
2007.12.24 01:08:02.966,1.1505,1.151,0.50,12.40
2007.12.24 01:08:03.068,1.1505,1.151,0.50,12.40
2007.12.24 01:08:03.171,1.1505,1.151,0.50,12.40
2007.12.24 01:08:03.273,1.1505,1.151,0.50,12.40
2007.12.24 01:08:03.375,1.1505,1.151,0.50,12.40
2007.12.24 01:08:03.478,1.1505,1.151,0.50,12.40
2007.12.24 01:08:03.580,1.1505,1.151,0.50,12.40
2007.12.24 01:08:03.682,1.1505,1.151,0.50,12.40
2007.12.24 01:08:03.825,1.1505,1.151,0.50,12.40
2007.12.24 01:08:03.967,1.1505,1.151,0.50,12.40
2007.12.24 01:08:04.110,1.1505,1.151,0.50,12.40
2007.12.24 01:08:04.265,1.1505,1.151,0.50,12.40
2007.12.24 01:08:04.395,1.1505,1.151,0.50,12.40
2007.12.24 01:08:04.538,1.1505,1.151,0.50,12.40
2007.12.24 01:08:04.681,1.1505,1.151,0.50,12.40
2007.12.24 01:08:04.805,1.1507,1.151,0.50,12.00
2007.12.24 01:08:04.934,1.1507,1.151,0.50,4.00
2007.12.24 01:08:05.057,1.1507,1.1511,0.50,4.40
2007.12.24 01:08:05.180,1.1507,1.1511,0.50,4.40
2007.12.24 01:08:05.303,1.1507,1.1511,0.50,4.40
2007.12.24 01:08:05.426,1.1507,1.1511,0.50,4.40
2007.12.24 01:08:05.560,1.1507,1.1511,0.50,4.40
2007.12.24 01:08:05.682,1.1507,1.1511,0.50,4.40
2007.12.24 01:08:05.850,1.1507,1.1511,0.50,4.40
2007.12.24 01:08:06.017,1.1507,1.1511,0.50,4.40
2007.12.24 01:08:06.185,1.1507,1.1511,0.50,4.40
2007.12.24 01:08:06.352,1.1507,1.1511,0.50,4.40
2007.12.24 01:08:06.520,1.1507,1.1511,0.50,4.40
2007.12.24 01:08:06.688,1.1507,1.1511,0.50,4.40
2007.12.24 01:08:06.786,1.1507,1.1511,0.50,4.40
2007.12.24 01:08:06.883,1.1507,1.1511,0.50,4.40
2007.12.24 01:08:06.981,1.1507,1.1511,0.50,4.40
2007.12.24 01:08:07.078,1.1507,1.1511,0.50,4.40
2007.12.24 01:08:07.176,1.1507,1.1511,0.50,4.40
2007.12.24 01:08:07.274,1.1507,1.1511,0.50,4.40
2007.12.24 01:08:07.372,1.1507,1.1511,0.50,4.40
2007.12.24 01:08:07.469,1.1507,1.1511,0.50,4.40
2007.12.24 01:08:07.567,1.1507,1.1511,0.50,4.40
2007.12.24 01:08:07.664,1.1507,1.1511,0.50,4.40
2007.12.24 01:08:07.822,1.1507,1.1511,0.50,4.40
2007.12.24 01:08:07.980,1.1507,1.1511,0.50,4.40
2007.12.24 01:08:08.138,1.1507,1.1511,0.50,4.40
2007.12.24 01:08:08.296,1.1507,1.1511,0.50,4.40
2007.12.24 01:08:08.453,1.1507,1.1511,0.50,4.40
2007.12.24 01:08:08.611,1.1507,1.1511,0.50,4.40
2007.12.24 01:08:08.769,1.1507,1.1511,0.50,4.40
2007.12.24 01:08:08.881,1.1507,1.1511,0.50,4.40
2007.12.24 01:08:08.994,1.1507,1.1511,0.50,4.40
2007.12.24 01:08:09.107,1.1507,1.1511,0.50,4.40
2007.12.24 01:08:09.220,1.1507,1.1511,0.50,4.40
2007.12.24 01:08:09.332,1.1507,1.1511,0.50,4.40
2007.12.24 01:08:09.457,1.1507,1.1511,2.80,4.00
2007.12.24 01:08:09.557,1.1507,1.1511,2.80,4.00
2007.12.24 01:08:09.670,1.1507,1.1513,2.80,8.40
2007.12.24 01:08:09.782,1.1507,1.1513,2.80,8.40
2007.12.24 01:08:09.945,1.1507,1.1513,2.80,8.40
2007.12.24 01:08:10.108,1.1507,1.1513,2.80,8.40
2007.12.24 01:08:10.271,1.1507,1.1513,2.80,8.40
2007.12.24 01:08:10.433,1.1507,1.1513,2.80,8.40
2007.12.24 01:08:10.596,1.1507,1.1513,2.80,8.40
2007.12.24 01:08:10.759,1.1507,1.1513,2.80,8.40
2007.12.24 01:08:10.887,1.1507,1.1513,2.80,8.40
2007.12.24 01:08:11.014,1.1507,1.1513,2.80,8.40
2007.12.24 01:08:11.142,1.1507,1.1513,2.80,8.40
2007.12.24 01:08:11.269,1.1507,1.1513,2.80,8.40
2007.12.24 01:08:11.397,1.1507,1.1513,2.80,8.40
2007.12.24 01:08:11.524,1.1507,1.1513,2.80,8.40
2007.12.24 01:08:11.652,1.1507,1.1513,2.80,8.40
2007.12.24 01:08:11.790,1.1507,1.1513,2.80,8.40
2007.12.24 01:08:11.908,1.1507,1.1513,2.80,8.40
2007.12.24 01:08:12.025,1.1507,1.1513,2.80,8.40
2007.12.24 01:08:12.143,1.1507,1.1513,2.80,8.40
2007.12.24 01:08:12.260,1.1507,1.1513,2.80,8.40
2007.12.24 01:08:12.378,1.1507,1.1513,2.80,8.40
2007.12.24 01:08:12.496,1.1507,1.1513,2.80,8.40
2007.12.24 01:08:12.613,1.1507,1.1513,2.80,8.40
2007.12.24 01:08:12.731,1.1507,1.1513,2.80,8.40
2007.12.24 01:08:12.849,1.1507,1.1513,2.80,8.40
2007.12.24 01:08:12.967,1.1507,1.1513,2.80,8.40
2007.12.24 01:08:13.099,1.1507,1.1513,2.80,8.40
2007.12.24 01:08:13.232,1.1507,1.1513,2.80,8.40
2007.12.24 01:08:13.364,1.1507,1.1513,2.80,8.40
2007.12.24 01:08:13.497,1.1507,1.1513,2.80,8.40
2007.12.24 01:08:13.629,1.1507,1.1513,2.80,8.40
2007.12.24 01:08:13.762,1.1507,1.1513,2.80,8.40
2007.12.24 01:08:13.894,1.1507,1.1513,2.80,8.40
2007.12.24 01:08:14.027,1.1507,1.1513,2.80,8.40
2007.12.24 01:08:14.145,1.1507,1.1513,2.80,8.40
2007.12.24 01:08:14.276,1.1507,1.1513,2.80,8.40
2007.12.24 01:08:14.393,1.1507,1.1513,2.80,8.40
2007.12.24 01:08:14.511,1.1507,1.1513,2.80,8.40
2007.12.24 01:08:14.628,1.1507,1.1513,2.80,8.40
2007.12.24 01:08:14.746,1.1507,1.1513,2.80,8.40
2007.12.24 01:08:14.864,1.1507,1.1513,2.80,8.40
2007.12.24 01:08:14.982,1.1507,1.1513,2.80,8.40
2007.12.24 01:08:15.100,1.1507,1.1513,2.80,8.40
2007.12.24 01:08:15.228,1.1507,1.1513,2.80,8.40
2007.12.24 01:08:15.355,1.1507,1.1513,2.80,8.40
2007.12.24 01:08:15.483,1.1507,1.1513,2.80,8.40
2007.12.24 01:08:15.610,1.1507,1.1513,2.80,8.40
2007.12.24 01:08:15.738,1.1507,1.1513,2.80,8.40
2007.12.24 01:08:15.866,1.1507,1.1513,2.80,8.40
2007.12.24 01:08:15.993,1.1507,1.1513,2.80,8.40
2007.12.24 01:08:16.120,1.1507,1.1513,2.80,8.40
2007.12.24 01:08:16.242,1.1507,1.1513,2.80,8.40
2007.12.24 01:08:16.365,1.1507,1.1513,2.80,8.40
2007.12.24 01:08:16.488,1.1507,1.1513,2.80,8.40
2007.12.24 01:08:16.611,1.1507,1.1513,2.80,8.40
2007.12.24 01:08:16.734,1.1507,1.1513,2.80,8.40
2007.12.24 01:08:16.856,1.1507,1.1513,2.80,8.40
2007.12.24 01:08:16.978,1.1507,1.1513,2.80,8.40
2007.12.24 01:08:17.100,1.1507,1.1513,2.80,8.40
2007.12.24 01:08:17.233,1.1507,1.1513,2.80,8.40
2007.12.24 01:08:17.366,1.1507,1.1513,2.80,8.40
2007.12.24 01:08:17.498,1.1507,1.1513,2.80,8.40
2007.12.24 01:08:17.631,1.1507,1.1513,2.80,8.40
2007.12.24 01:08:17.763,1.1507,1.1513,2.80,8.40
2007.12.24 01:08:17.896,1.1507,1.1513,2.80,8.40
2007.12.24 01:08:18.040,1.1507,1.1513,2.80,8.40
2007.12.24 01:08:18.198,1.1507,1.1513,2.80,8.40
2007.12.24 01:08:18.356,1.1507,1.1513,2.80,8.40
2007.12.24 01:08:18.513,1.1507,1.1513,2.80,8.40
2007.12.24 01:08:18.671,1.1507,1.1513,2.80,8.40
2007.12.24 01:08:18.828,1.1507,1.1513,2.80,8.40
2007.12.24 01:08:18.986,1.1507,1.1513,2.80,8.40
2007.12.24 01:08:19.144,1.1507,1.1513,2.80,8.40
2007.12.24 01:08:19.287,1.1507,1.1513,2.80,8.40
2007.12.24 01:08:19.430,1.1507,1.1513,2.80,8.40
2007.12.24 01:08:19.572,1.1507,1.1513,2.80,8.40
2007.12.24 01:08:19.715,1.1507,1.1513,2.80,8.40
2007.12.24 01:08:19.858,1.1507,1.1513,2.80,8.40
2007.12.24 01:08:20.001,1.1507,1.1513,2.80,8.40
2007.12.24 01:08:20.144,1.1507,1.1513,2.80,8.40
2007.12.24 01:08:20.252,1.1509,1.1513,0.50,8.40
2007.12.24 01:08:20.360,1.1509,1.1513,0.50,8.40
2007.12.24 01:08:20.468,1.1509,1.1513,0.50,0.50
2007.12.24 01:08:20.575,1.1509,1.1513,0.50,0.50
2007.12.24 01:08:20.683,1.1509,1.1513,0.50,0.50
2007.12.24 01:08:20.790,1.1509,1.1513,0.50,0.50
2007.12.24 01:08:20.898,1.1509,1.1513,0.50,0.50
2007.12.24 01:08:21.006,1.1509,1.1513,0.50,0.50
2007.12.24 01:08:21.113,1.1509,1.1513,0.50,0.50
2007.12.24 01:08:21.286,1.1509,1.1513,0.50,0.50
2007.12.24 01:08:21.339,1.1509,1.1513,0.50,0.50
2007.12.24 01:08:21.459,1.1508,1.1513,1.70,0.50
2007.12.24 01:08:21.631,1.1508,1.1513,1.70,0.50
2007.12.24 01:08:21.804,1.1508,1.1513,1.70,0.50
2007.12.24 01:08:21.977,1.1508,1.1513,1.70,0.50
2007.12.24 01:08:22.150,1.1509,1.1513,0.50,0.50
2007.12.24 01:08:22.322,1.1509,1.1513,0.50,0.50
2007.12.24 01:08:22.430,1.1509,1.1513,0.50,0.50
2007.12.24 01:08:22.538,1.1509,1.1513,0.50,0.50
2007.12.24 01:08:22.645,1.1509,1.1513,0.50,0.50
2007.12.24 01:08:22.752,1.1509,1.1513,0.50,0.50
2007.12.24 01:08:22.860,1.1509,1.1513,0.50,0.50
2007.12.24 01:08:22.968,1.1509,1.1513,0.50,0.50
2007.12.24 01:08:23.076,1.1509,1.1513,0.50,0.50
2007.12.24 01:08:23.183,1.1509,1.1513,0.50,0.50
2007.12.24 01:08:23.336,1.1509,1.1513,0.50,0.50
2007.12.24 01:08:23.488,1.1509,1.1513,0.50,0.50
2007.12.24 01:08:23.641,1.1509,1.1513,0.50,0.50
2007.12.24 01:08:23.806,1.1509,1.1513,0.50,0.50
2007.12.24 01:08:23.959,1.1509,1.15145,0.50,8.00
2007.12.24 01:08:24.110,1.1509,1.15145,0.50,8.00
2007.12.24 01:08:24.276,1.1509,1.15145,0.50,8.00
2007.12.24 01:08:24.476,1.1509,1.15145,0.50,8.00
2007.12.24 01:08:24.688,1.1509,1.15145,0.50,8.00
2007.12.24 01:08:24.912,1.1509,1.15145,0.50,8.00
2007.12.24 01:08:25.124,1.1509,1.15145,0.50,8.00
2007.12.24 01:08:25.337,1.1509,1.15145,0.50,8.00
2007.12.24 01:08:25.484,1.1509,1.15145,0.50,8.00
2007.12.24 01:08:25.632,1.1509,1.15145,0.50,8.00
2007.12.24 01:08:25.780,1.1509,1.15145,0.50,8.00
2007.12.24 01:08:25.927,1.1509,1.15145,0.50,8.00
2007.12.24 01:08:26.075,1.1509,1.15145,0.50,8.00
2007.12.24 01:08:26.223,1.1509,1.15145,0.50,8.00
2007.12.24 01:08:26.370,1.1509,1.15145,0.50,8.00
2007.12.24 01:08:26.504,1.1509,1.15145,0.50,8.00
2007.12.24 01:08:26.627,1.1509,1.15145,0.50,8.00
2007.12.24 01:08:26.750,1.1509,1.1513,0.50,0.50
2007.12.24 01:08:26.873,1.1509,1.1513,0.50,0.50
2007.12.24 01:08:26.995,1.1509,1.1513,0.50,0.50
2007.12.24 01:08:27.118,1.1509,1.1513,0.50,0.50
2007.12.24 01:08:27.241,1.1509,1.1513,0.50,0.50
2007.12.24 01:08:27.364,1.1509,1.1513,0.50,0.50
2007.12.24 01:08:27.581,1.1509,1.1513,0.50,0.50
2007.12.24 01:08:27.798,1.1509,1.1513,0.50,0.50
2007.12.24 01:08:28.017,1.1509,1.1513,0.50,0.50
2007.12.24 01:08:28.234,1.1509,1.1513,0.50,0.50
2007.12.24 01:08:28.452,1.1509,1.1513,0.50,0.50
2007.12.24 01:08:28.561,1.1509,1.1513,0.50,0.50
2007.12.24 01:08:28.667,1.1509,1.1513,0.50,0.50
2007.12.24 01:08:28.775,1.1509,1.1513,0.50,0.50
2007.12.24 01:08:28.883,1.1509,1.1513,0.50,0.50
2007.12.24 01:08:28.990,1.1509,1.1513,0.50,0.50
2007.12.24 01:08:29.098,1.1509,1.1513,0.50,0.50
2007.12.24 01:08:29.206,1.1509,1.1513,0.50,0.50
2007.12.24 01:08:29.314,1.1509,1.1513,0.50,0.50
2007.12.24 01:08:29.422,1.1509,1.1513,0.50,0.50
2007.12.24 01:08:29.605,1.1509,1.1513,0.50,0.50
2007.12.24 01:08:29.788,1.1509,1.1513,0.50,0.50
2007.12.24 01:08:29.971,1.1508,1.1513,4.00,8.40
2007.12.24 01:08:30.154,1.1507,1.1513,0.50,8.40
2007.12.24 01:08:30.336,1.1507,1.1513,0.50,8.40
2007.12.24 01:08:30.518,1.1507,1.1513,0.50,8.40
2007.12.24 01:08:30.627,1.1507,1.1513,0.50,8.40
2007.12.24 01:08:30.761,1.1507,1.1513,0.50,8.40
2007.12.24 01:08:30.842,1.1507,1.1513,0.50,8.40
2007.12.24 01:08:30.949,1.1507,1.1513,0.50,8.40
2007.12.24 01:08:31.058,1.1507,1.1513,0.50,8.40
2007.12.24 01:08:31.165,1.1507,1.1513,0.50,8.40
2007.12.24 01:08:31.272,1.1507,1.1513,0.50,8.40
2007.12.24 01:08:31.380,1.1507,1.1513,0.50,8.40
2007.12.24 01:08:31.502,1.1507,1.1513,0.50,8.40
2007.12.24 01:08:31.620,1.1507,1.1513,0.50,8.40
2007.12.24 01:08:31.753,1.1507,1.1513,0.50,8.40
2007.12.24 01:08:31.885,1.1507,1.1513,0.50,8.40
2007.12.24 01:08:32.018,1.1507,1.1513,0.50,8.40
2007.12.24 01:08:32.150,1.1507,1.1513,0.50,8.40
2007.12.24 01:08:32.282,1.1507,1.1513,0.50,8.40
2007.12.24 01:08:32.415,1.1507,1.1513,0.50,8.40
2007.12.24 01:08:32.548,1.1507,1.1513,0.50,8.40
2007.12.24 01:08:32.666,1.1507,1.1513,0.50,8.40
2007.12.24 01:08:32.783,1.1507,1.1513,0.50,8.40
2007.12.24 01:08:32.900,1.1507,1.1513,0.50,8.40
2007.12.24 01:08:33.018,1.1507,1.1513,0.50,8.40
2007.12.24 01:08:33.136,1.1507,1.1513,0.50,8.40
2007.12.24 01:08:33.254,1.1507,1.1513,0.50,8.40
2007.12.24 01:08:33.372,1.1507,1.1513,0.50,8.40
2007.12.24 01:08:33.490,1.1507,1.1513,0.50,8.40
2007.12.24 01:08:33.622,1.1507,1.1513,0.50,8.40
2007.12.24 01:08:33.754,1.1507,1.1513,0.50,8.40
2007.12.24 01:08:33.888,1.1507,1.1513,0.50,8.40
2007.12.24 01:08:34.020,1.1507,1.1513,0.50,8.40
2007.12.24 01:08:34.153,1.1507,1.1513,0.50,8.40
2007.12.24 01:08:34.286,1.1507,1.1513,0.50,8.40
2007.12.24 01:08:34.419,1.1507,1.1513,0.50,8.40
2007.12.24 01:08:34.552,1.1507,1.1513,0.50,8.40
2007.12.24 01:08:34.664,1.1507,1.1513,0.50,8.40
2007.12.24 01:08:34.776,1.1507,1.1513,0.50,8.40
2007.12.24 01:08:34.889,1.1507,1.1513,0.50,8.40
2007.12.24 01:08:35.002,1.1507,1.1513,0.50,8.40
2007.12.24 01:08:35.114,1.1507,1.1513,0.50,8.40
2007.12.24 01:08:35.227,1.1507,1.1513,0.50,8.40
2007.12.24 01:08:35.339,1.1507,1.1513,0.50,8.40
2007.12.24 01:08:35.451,1.1507,1.1513,0.50,8.40
2007.12.24 01:08:35.575,1.1507,1.1513,0.50,8.40
2007.12.24 01:08:35.691,1.1507,1.1513,0.50,8.40
2007.12.24 01:08:35.818,1.1507,1.1513,0.50,8.40
2007.12.24 01:08:35.946,1.1507,1.1513,0.50,8.40
2007.12.24 01:08:36.073,1.1507,1.1513,0.50,8.40
2007.12.24 01:08:36.200,1.1507,1.1513,0.50,8.40
2007.12.24 01:08:36.330,1.1507,1.1513,0.50,8.40
2007.12.24 01:08:36.458,1.1507,1.1513,0.50,8.40
2007.12.24 01:08:36.586,1.1507,1.1513,0.50,8.40
2007.12.24 01:08:36.749,1.1507,1.1513,0.50,8.40
2007.12.24 01:08:36.911,1.15075,1.1513,8.00,0.50
2007.12.24 01:08:37.075,1.1509,1.1513,0.50,0.50
2007.12.24 01:08:37.237,1.1509,1.1513,0.50,0.50
2007.12.24 01:08:37.400,1.1509,1.1513,0.50,0.50
2007.12.24 01:08:37.562,1.1509,1.1513,0.50,0.50
2007.12.24 01:08:37.724,1.1509,1.1513,0.50,0.50
2007.12.24 01:08:37.867,1.1509,1.1513,0.50,0.50
2007.12.24 01:08:38.010,1.1509,1.1513,0.50,0.50
2007.12.24 01:08:38.152,1.1509,1.1513,0.50,0.50
2007.12.24 01:08:38.295,1.1509,1.1513,0.50,0.50
2007.12.24 01:08:38.437,1.1509,1.1513,0.50,0.50
2007.12.24 01:08:38.580,1.1509,1.1513,0.50,0.50
2007.12.24 01:08:38.722,1.1509,1.1513,0.50,0.50
2007.12.24 01:08:38.866,1.1508,1.1513,4.00,8.40
2007.12.24 01:08:39.008,1.1508,1.1513,4.00,8.40
2007.12.24 01:08:39.151,1.1507,1.1513,0.50,8.40
2007.12.24 01:08:39.293,1.1507,1.1513,0.50,8.40
2007.12.24 01:08:39.435,1.1507,1.1513,0.50,8.40
2007.12.24 01:08:39.578,1.1507,1.1513,0.50,8.40
2007.12.24 01:08:39.756,1.1507,1.1513,0.50,8.40
2007.12.24 01:08:39.933,1.1507,1.1513,0.50,8.40
2007.12.24 01:08:40.110,1.1507,1.1513,0.50,8.40
2007.12.24 01:08:40.288,1.1507,1.1513,0.50,8.40
2007.12.24 01:08:40.465,1.1507,1.1513,0.50,8.40
2007.12.24 01:08:40.642,1.1507,1.1513,0.50,8.40
2007.12.24 01:08:40.756,1.1507,1.1513,0.50,8.40
2007.12.24 01:08:40.868,1.1507,1.1513,0.50,8.40
2007.12.24 01:08:40.980,1.1507,1.1513,0.50,8.40
2007.12.24 01:08:41.092,1.1507,1.1513,0.50,8.40
2007.12.24 01:08:41.205,1.1507,1.1513,0.50,8.40
2007.12.24 01:08:41.318,1.1507,1.1513,0.50,8.40
2007.12.24 01:08:41.430,1.1507,1.1513,0.50,8.40
2007.12.24 01:08:41.544,1.1507,1.1513,0.50,8.40
2007.12.24 01:08:41.656,1.1507,1.1513,0.50,8.40
2007.12.24 01:08:41.783,1.1507,1.1513,0.50,8.40
2007.12.24 01:08:41.911,1.1507,1.1513,0.50,8.40
2007.12.24 01:08:42.039,1.1507,1.1513,0.50,8.40
2007.12.24 01:08:42.166,1.1507,1.1513,0.50,10.80
2007.12.24 01:08:42.294,1.1507,1.1513,0.50,10.80
2007.12.24 01:08:42.422,1.1507,1.1513,0.50,10.80
2007.12.24 01:08:42.549,1.1507,1.1513,0.50,10.80
2007.12.24 01:08:42.677,1.1507,1.1513,0.50,10.80
2007.12.24 01:08:43.009,1.1507,1.1513,0.50,10.80
2007.12.24 01:08:43.355,1.1507,1.1513,0.50,10.80
2007.12.24 01:08:43.673,1.1507,1.1513,0.50,10.80
2007.12.24 01:08:44.005,1.1507,1.1513,0.50,10.80
2007.12.24 01:08:44.092,1.1507,1.1513,0.50,10.80
2007.12.24 01:08:44.181,1.1507,1.1513,0.50,10.80
2007.12.24 01:08:44.268,1.1507,1.1513,0.50,10.80
2007.12.24 01:08:44.355,1.1507,1.1513,0.50,10.80
2007.12.24 01:08:44.442,1.1507,1.1513,0.50,10.80
2007.12.24 01:08:44.530,1.1507,1.1513,0.50,10.80
2007.12.24 01:08:44.617,1.1507,1.1513,0.50,10.80
2007.12.24 01:08:44.705,1.1507,1.1513,0.50,10.80
2007.12.24 01:08:44.873,1.1507,1.1513,0.50,10.80
2007.12.24 01:08:45.040,1.1507,1.1513,0.50,10.80
2007.12.24 01:08:45.207,1.1507,1.1513,0.50,10.80
2007.12.24 01:08:45.376,1.1507,1.1513,0.50,10.80
2007.12.24 01:08:45.543,1.1507,1.1513,0.50,10.80
2007.12.24 01:08:45.711,1.1507,1.1513,0.50,10.80
2007.12.24 01:08:45.878,1.1507,1.1513,0.50,10.80
2007.12.24 01:08:46.042,1.1507,1.1513,0.50,10.80
2007.12.24 01:08:46.204,1.1507,1.1513,0.50,10.80
2007.12.24 01:08:46.368,1.1507,1.1513,0.50,10.80
2007.12.24 01:08:46.530,1.1507,1.1513,0.50,10.80
2007.12.24 01:08:46.692,1.1507,1.1513,0.50,10.80
2007.12.24 01:08:46.868,1.1507,1.1513,0.50,10.80
2007.12.24 01:08:46.979,1.1507,1.1513,0.50,10.80
2007.12.24 01:08:47.101,1.1507,1.1513,0.50,10.80
2007.12.24 01:08:47.223,1.1507,1.1513,0.50,10.80
2007.12.24 01:08:47.347,1.1507,1.1513,0.50,10.80
2007.12.24 01:08:47.469,1.1507,1.1513,0.50,10.80
2007.12.24 01:08:47.591,1.1507,1.1513,0.50,10.80
2007.12.24 01:08:47.715,1.1507,1.1513,0.50,10.80
2007.12.24 01:08:47.837,1.1507,1.1513,0.50,10.80
2007.12.24 01:08:48.049,1.1507,1.1513,0.50,10.80
2007.12.24 01:08:48.263,1.1507,1.1513,0.50,10.80
2007.12.24 01:08:48.475,1.1507,1.1513,0.50,10.80
2007.12.24 01:08:48.687,1.1507,1.1513,0.50,10.80
2007.12.24 01:08:48.900,1.1507,1.1513,0.50,10.80
2007.12.24 01:08:48.997,1.1507,1.1513,0.50,10.80
2007.12.24 01:08:49.094,1.1507,1.1513,0.50,10.80
2007.12.24 01:08:49.193,1.1507,1.1513,0.50,10.80
2007.12.24 01:08:49.290,1.1507,1.1513,0.50,10.80
2007.12.24 01:08:49.387,1.1507,1.1513,0.50,10.80
2007.12.24 01:08:49.484,1.1507,1.1513,0.50,10.80
2007.12.24 01:08:49.583,1.1507,1.1513,0.50,10.80
2007.12.24 01:08:49.680,1.1507,1.1513,0.50,10.80
2007.12.24 01:08:49.777,1.1507,1.1513,0.50,10.80
2007.12.24 01:08:49.875,1.1507,1.1513,0.50,10.80
2007.12.24 01:08:49.974,1.1507,1.1513,0.50,10.80
2007.12.24 01:08:50.151,1.1507,1.1513,0.50,10.80
2007.12.24 01:08:50.328,1.1507,1.1513,0.50,10.80
2007.12.24 01:08:50.506,1.1507,1.1513,0.50,10.80
2007.12.24 01:08:50.683,1.1507,1.1513,0.50,10.80
2007.12.24 01:08:50.862,1.1507,1.1513,0.50,10.80
2007.12.24 01:08:51.039,1.1507,1.1513,0.50,10.80
2007.12.24 01:08:51.137,1.1507,1.1513,0.50,10.80
2007.12.24 01:08:51.236,1.1507,1.1513,0.50,10.80
2007.12.24 01:08:51.333,1.1507,1.1513,0.50,10.80
2007.12.24 01:08:51.430,1.1507,1.1513,0.50,10.80
2007.12.24 01:08:51.528,1.1507,1.1513,0.50,10.80
2007.12.24 01:08:51.626,1.1507,1.1513,0.50,10.80
2007.12.24 01:08:51.723,1.1507,1.1513,0.50,10.80
2007.12.24 01:08:51.821,1.1507,1.1513,0.50,10.80
2007.12.24 01:08:51.918,1.1507,1.1513,0.50,10.80
2007.12.24 01:08:52.017,1.1507,1.1513,0.50,10.80
2007.12.24 01:08:52.305,1.1507,1.1513,0.50,10.80
2007.12.24 01:08:52.592,1.1507,1.1513,0.50,10.80
2007.12.24 01:08:52.881,1.1507,1.1512,0.50,8.00
2007.12.24 01:08:53.169,1.15055,1.1512,8.00,8.00
2007.12.24 01:08:53.291,1.15055,1.1512,8.00,8.00
2007.12.24 01:08:53.414,1.15055,1.1512,8.00,8.00
2007.12.24 01:08:53.537,1.15055,1.1512,8.00,8.00
2007.12.24 01:08:53.659,1.15055,1.1512,8.00,8.00
2007.12.24 01:08:53.782,1.15055,1.1512,8.00,8.00
2007.12.24 01:08:53.904,1.15055,1.1512,8.00,8.00
2007.12.24 01:08:54.026,1.15055,1.1512,8.00,8.00
2007.12.24 01:08:54.150,1.15055,1.1512,8.00,8.00
2007.12.24 01:08:54.272,1.15055,1.1512,8.00,8.00
2007.12.24 01:08:54.439,1.15055,1.1512,8.00,8.00
2007.12.24 01:08:54.607,1.15055,1.1512,8.00,8.00
2007.12.24 01:08:54.774,1.15055,1.1512,8.00,8.00
2007.12.24 01:08:54.943,1.15055,1.1512,8.00,8.00
2007.12.24 01:08:55.110,1.15055,1.1512,8.00,8.00
2007.12.24 01:08:55.277,1.15055,1.1512,8.00,8.00
2007.12.24 01:08:55.370,1.15055,1.1512,8.00,8.00
2007.12.24 01:08:55.462,1.15055,1.1512,8.00,8.00
2007.12.24 01:08:55.554,1.15055,1.1512,8.00,8.00
2007.12.24 01:08:55.648,1.15055,1.1512,8.00,8.00
2007.12.24 01:08:55.740,1.15055,1.1512,8.00,8.00
2007.12.24 01:08:55.833,1.15055,1.1512,8.00,8.00
2007.12.24 01:08:55.926,1.15055,1.1512,8.00,8.00
2007.12.24 01:08:56.018,1.15055,1.1512,8.00,8.00
2007.12.24 01:08:56.111,1.15055,1.1512,8.00,8.00
2007.12.24 01:08:56.204,1.15055,1.1512,8.00,8.00
2007.12.24 01:08:56.297,1.15055,1.1512,8.00,8.00
2007.12.24 01:08:56.464,1.15055,1.1512,8.00,8.00
2007.12.24 01:08:56.632,1.15055,1.1512,8.00,8.00
2007.12.24 01:08:56.799,1.15055,1.1512,8.00,8.00
2007.12.24 01:08:56.967,1.15055,1.1512,8.00,8.00
2007.12.24 01:08:57.134,1.15055,1.1512,8.00,8.00
2007.12.24 01:08:57.302,1.15055,1.1512,8.00,8.00
2007.12.24 01:08:57.481,1.15055,1.1512,8.00,8.00
2007.12.24 01:08:57.658,1.15055,1.1512,8.00,8.00
2007.12.24 01:08:57.837,1.15055,1.1512,8.00,8.00
2007.12.24 01:08:58.014,1.15055,1.1512,8.00,8.00
2007.12.24 01:08:58.192,1.15055,1.1512,8.00,8.00
2007.12.24 01:08:58.370,1.15055,1.1512,8.00,8.00
2007.12.24 01:08:58.517,1.15055,1.1512,8.00,8.00
2007.12.24 01:08:58.665,1.15055,1.1512,8.00,8.00
2007.12.24 01:08:58.813,1.15055,1.1512,8.00,8.00
2007.12.24 01:08:58.961,1.15055,1.1512,8.00,8.00
2007.12.24 01:08:59.108,1.15055,1.1512,8.00,8.00
2007.12.24 01:08:59.255,1.15055,1.1512,8.00,8.00
2007.12.24 01:08:59.403,1.15055,1.1512,8.00,8.00
2007.12.24 01:08:59.566,1.15055,1.1512,8.00,8.00
2007.12.24 01:08:59.728,1.15055,1.1512,8.00,8.00
2007.12.24 01:08:59.891,1.15055,1.1512,8.00,8.00
2007.12.24 01:09:00.065,1.15055,1.1512,8.00,8.00
2007.12.24 01:09:00.227,1.15055,1.1512,8.00,8.00
2007.12.24 01:09:00.389,1.15055,1.1512,8.00,8.00
2007.12.24 01:09:00.543,1.15055,1.1512,8.00,8.00
2007.12.24 01:09:00.695,1.15055,1.1512,8.00,8.00
2007.12.24 01:09:00.847,1.15055,1.1512,8.00,8.00
2007.12.24 01:09:01.001,1.15055,1.1512,8.00,8.00
2007.12.24 01:09:01.153,1.15055,1.1512,8.00,8.00
2007.12.24 01:09:01.305,1.15055,1.1512,8.00,8.00
2007.12.24 01:09:01.459,1.15055,1.1512,8.00,8.00
2007.12.24 01:09:01.586,1.15055,1.1512,8.00,8.00
2007.12.24 01:09:01.714,1.15055,1.1512,8.00,8.00
2007.12.24 01:09:01.842,1.15055,1.1512,8.00,8.00
2007.12.24 01:09:01.969,1.15055,1.1512,8.00,8.00
2007.12.24 01:09:02.097,1.15055,1.1512,8.00,8.00
2007.12.24 01:09:02.231,1.15055,1.1512,8.00,8.00
2007.12.24 01:09:02.359,1.15055,1.1512,8.00,8.00
2007.12.24 01:09:02.487,1.15055,1.1512,8.00,8.00
2007.12.24 01:09:02.645,1.15055,1.1512,8.00,8.00
2007.12.24 01:09:02.802,1.15055,1.1512,8.00,8.00
2007.12.24 01:09:02.960,1.15055,1.1512,8.00,8.00
2007.12.24 01:09:03.118,1.15055,1.1512,8.00,8.00
2007.12.24 01:09:03.275,1.15055,1.1512,8.00,8.00
2007.12.24 01:09:03.434,1.15055,1.1512,8.00,8.00
2007.12.24 01:09:03.591,1.15055,1.1512,8.00,8.00
2007.12.24 01:09:03.705,1.15055,1.1512,8.00,8.00
2007.12.24 01:09:03.818,1.15055,1.1512,8.00,8.00
2007.12.24 01:09:03.930,1.1507,1.1513,0.50,10.80
2007.12.24 01:09:04.043,1.1507,1.1513,0.50,10.80
2007.12.24 01:09:04.157,1.1507,1.1513,0.50,10.80
2007.12.24 01:09:04.269,1.1507,1.1513,0.50,10.80
2007.12.24 01:09:04.395,1.1507,1.1513,0.50,10.80
2007.12.24 01:09:04.507,1.1507,1.1513,0.50,10.80
2007.12.24 01:09:04.669,1.1507,1.1513,0.50,10.80
2007.12.24 01:09:04.832,1.1507,1.1513,0.50,10.80
2007.12.24 01:09:04.994,1.1507,1.1513,0.50,10.80
2007.12.24 01:09:05.157,1.1507,1.1513,0.50,10.80
2007.12.24 01:09:05.319,1.1507,1.1513,0.50,10.80
2007.12.24 01:09:05.482,1.1507,1.1513,0.50,10.80
2007.12.24 01:09:05.644,1.1507,1.1513,0.50,10.80
2007.12.24 01:09:05.817,1.1507,1.1513,0.50,10.80
2007.12.24 01:09:05.989,1.1507,1.1513,0.50,10.80
2007.12.24 01:09:06.162,1.1507,1.1513,0.50,10.80
2007.12.24 01:09:06.334,1.1507,1.1513,0.50,10.80
2007.12.24 01:09:06.507,1.1507,1.1513,0.50,10.80
2007.12.24 01:09:06.680,1.1507,1.1513,0.50,10.80
2007.12.24 01:09:06.803,1.1507,1.1513,0.50,10.80
2007.12.24 01:09:06.925,1.1507,1.1513,0.50,10.80
2007.12.24 01:09:07.048,1.1507,1.1513,0.50,10.80
2007.12.24 01:09:07.170,1.1507,1.1513,0.50,10.80
2007.12.24 01:09:07.293,1.1507,1.1513,0.50,10.80
2007.12.24 01:09:07.416,1.1507,1.1513,0.50,10.80
2007.12.24 01:09:07.538,1.1507,1.1513,0.50,10.80
2007.12.24 01:09:07.680,1.1507,1.1513,0.50,10.80
2007.12.24 01:09:07.823,1.1507,1.1513,0.50,10.80
2007.12.24 01:09:07.965,1.1507,1.1513,0.50,10.80
2007.12.24 01:09:08.108,1.1507,1.1513,0.50,10.80
2007.12.24 01:09:08.251,1.1507,1.1513,0.50,10.80
2007.12.24 01:09:08.394,1.1507,1.1513,0.50,10.80
2007.12.24 01:09:08.537,1.1507,1.1513,0.50,10.80
2007.12.24 01:09:08.679,1.1507,1.1513,0.50,10.80
2007.12.24 01:09:08.792,1.1507,1.1513,0.50,10.80
2007.12.24 01:09:08.905,1.1507,1.1513,0.50,10.80
2007.12.24 01:09:09.017,1.1507,1.1513,0.50,10.80
2007.12.24 01:09:09.130,1.1507,1.1513,0.50,10.80
2007.12.24 01:09:09.243,1.1507,1.1513,0.50,10.80
2007.12.24 01:09:09.355,1.1507,1.1513,0.50,10.80
2007.12.24 01:09:09.472,1.1507,1.1513,0.50,0.90
2007.12.24 01:09:09.584,1.1507,1.1514,0.50,16.00
2007.12.24 01:09:09.772,1.1507,1.1513,0.50,0.90
2007.12.24 01:09:09.959,1.1507,1.1514,0.50,16.00
2007.12.24 01:09:10.147,1.1507,1.1514,0.50,16.00
2007.12.24 01:09:10.334,1.1507,1.1514,0.50,16.00
2007.12.24 01:09:10.522,1.1507,1.1513,0.50,10.80
2007.12.24 01:09:10.710,1.1507,1.1513,0.50,10.80
2007.12.24 01:09:10.868,1.1507,1.1513,0.50,10.80
2007.12.24 01:09:11.026,1.1507,1.1513,0.50,10.80
2007.12.24 01:09:11.183,1.1507,1.1513,0.50,10.80
2007.12.24 01:09:11.341,1.1507,1.1513,0.50,10.80
2007.12.24 01:09:11.499,1.1507,1.1513,0.50,10.80
2007.12.24 01:09:11.657,1.1507,1.1513,0.50,10.80
2007.12.24 01:09:11.839,1.1507,1.1513,0.50,10.80
2007.12.24 01:09:12.022,1.1507,1.1513,0.50,10.80
2007.12.24 01:09:12.205,1.1507,1.1513,0.50,10.80
2007.12.24 01:09:12.387,1.1507,1.1513,0.50,10.80
2007.12.24 01:09:12.570,1.1507,1.1513,0.50,10.80
2007.12.24 01:09:12.753,1.1507,1.1513,0.50,10.80
2007.12.24 01:09:12.856,1.1507,1.1513,0.50,10.80
2007.12.24 01:09:12.959,1.1507,1.1513,0.50,10.80
2007.12.24 01:09:13.061,1.1507,1.1513,0.50,10.80
2007.12.24 01:09:13.164,1.1507,1.1513,0.50,10.80
2007.12.24 01:09:13.266,1.1507,1.1513,0.50,10.80
2007.12.24 01:09:13.369,1.1507,1.1513,0.50,10.80
2007.12.24 01:09:13.472,1.1507,1.1513,0.50,10.80
2007.12.24 01:09:13.574,1.1507,1.1513,0.50,10.80
2007.12.24 01:09:13.676,1.1507,1.1513,0.50,10.80
2007.12.24 01:09:13.779,1.1507,1.1513,0.50,10.80
2007.12.24 01:09:13.922,1.1507,1.1513,0.50,10.80
2007.12.24 01:09:14.064,1.1507,1.1513,0.50,10.80
2007.12.24 01:09:14.207,1.1507,1.1513,0.50,10.80
2007.12.24 01:09:14.350,1.1507,1.1513,0.50,10.80
2007.12.24 01:09:14.492,1.1507,1.1513,0.50,10.80
2007.12.24 01:09:14.635,1.1507,1.1513,0.50,10.80
2007.12.24 01:09:14.778,1.1507,1.1513,0.50,10.80
2007.12.24 01:09:14.921,1.1507,1.1513,0.50,10.80
2007.12.24 01:09:15.114,1.1507,1.1513,0.50,10.80
2007.12.24 01:09:15.306,1.1507,1.1513,0.50,10.80
2007.12.24 01:09:15.498,1.1507,1.1513,0.50,10.80
2007.12.24 01:09:15.691,1.1507,1.1513,0.50,10.80
2007.12.24 01:09:15.884,1.1507,1.1513,0.50,10.80
2007.12.24 01:09:15.967,1.1507,1.1513,0.50,10.80
2007.12.24 01:09:16.055,1.1507,1.1513,0.50,10.80
2007.12.24 01:09:16.138,1.1507,1.1513,0.50,10.80
2007.12.24 01:09:16.221,1.1507,1.1513,0.50,10.80
2007.12.24 01:09:16.304,1.1507,1.1513,0.50,10.80
2007.12.24 01:09:16.386,1.1507,1.1513,0.50,10.80
2007.12.24 01:09:16.469,1.1507,1.1513,0.50,10.80
2007.12.24 01:09:16.552,1.1507,1.1513,0.50,10.80
2007.12.24 01:09:16.634,1.1507,1.1513,0.50,10.80
2007.12.24 01:09:16.717,1.1507,1.1513,0.50,10.80
2007.12.24 01:09:16.800,1.1507,1.1513,0.50,10.80
2007.12.24 01:09:16.958,1.1507,1.1513,0.50,10.80
2007.12.24 01:09:17.115,1.1507,1.1513,0.50,10.80
2007.12.24 01:09:17.273,1.1507,1.1513,0.50,10.80
2007.12.24 01:09:17.431,1.1507,1.1513,0.50,10.80
2007.12.24 01:09:17.603,1.1507,1.1513,0.50,10.80
2007.12.24 01:09:17.761,1.1507,1.1513,0.50,10.80
2007.12.24 01:09:17.918,1.1507,1.1513,0.50,10.80
2007.12.24 01:09:18.021,1.1507,1.1513,0.50,10.80
2007.12.24 01:09:18.124,1.1507,1.1513,0.50,10.80
2007.12.24 01:09:18.226,1.1507,1.1513,0.50,10.80
2007.12.24 01:09:18.330,1.1507,1.1513,0.50,10.80
2007.12.24 01:09:18.432,1.1507,1.1513,0.50,10.80
2007.12.24 01:09:18.535,1.1507,1.1513,0.50,10.80
2007.12.24 01:09:18.637,1.1507,1.1513,0.50,10.80
2007.12.24 01:09:18.740,1.1507,1.1513,0.50,10.80
2007.12.24 01:09:18.842,1.1507,1.1513,0.50,10.80
2007.12.24 01:09:18.944,1.1507,1.1513,0.50,10.80
2007.12.24 01:09:19.181,1.1507,1.1513,0.50,10.80
2007.12.24 01:09:19.419,1.1507,1.1513,0.50,10.80
2007.12.24 01:09:19.657,1.1507,1.1513,0.50,10.80
2007.12.24 01:09:19.894,1.1507,1.1513,0.50,10.80
2007.12.24 01:09:20.054,1.1507,1.1513,0.50,10.80
2007.12.24 01:09:20.190,1.1507,1.1513,0.50,10.80
2007.12.24 01:09:20.337,1.1507,1.1513,0.50,10.80
2007.12.24 01:09:20.484,1.1507,1.1513,0.50,10.80
2007.12.24 01:09:20.632,1.1507,1.1513,0.50,10.80
2007.12.24 01:09:20.780,1.1507,1.1513,0.50,10.80
2007.12.24 01:09:20.939,1.1507,1.1513,0.50,10.80
2007.12.24 01:09:21.030,1.1507,1.1513,0.50,10.80
2007.12.24 01:09:21.133,1.1507,1.1513,0.50,10.80
2007.12.24 01:09:21.236,1.1507,1.1513,0.50,10.80
2007.12.24 01:09:21.339,1.1507,1.1513,0.50,10.80
2007.12.24 01:09:21.441,1.1507,1.1513,0.50,10.80
2007.12.24 01:09:21.544,1.1507,1.1513,0.50,10.80
2007.12.24 01:09:21.647,1.1507,1.1513,0.50,10.80
2007.12.24 01:09:21.749,1.1507,1.1513,0.50,10.80
2007.12.24 01:09:21.853,1.1507,1.1513,0.50,10.80
2007.12.24 01:09:21.955,1.1507,1.1513,0.50,10.80
2007.12.24 01:09:22.208,1.1507,1.1513,0.50,10.80
2007.12.24 01:09:22.461,1.1507,1.1513,0.50,10.80
2007.12.24 01:09:22.714,1.1507,1.1513,0.50,10.80
2007.12.24 01:09:22.966,1.1507,1.1513,0.50,10.80
2007.12.24 01:09:23.218,1.1507,1.1513,0.50,10.80
2007.12.24 01:09:23.356,1.1507,1.1513,0.50,10.80
2007.12.24 01:09:23.494,1.1507,1.1513,0.50,10.80
2007.12.24 01:09:23.632,1.1507,1.1513,0.50,10.80
2007.12.24 01:09:23.770,1.1507,1.1513,0.50,10.80
2007.12.24 01:09:23.908,1.1507,1.1513,0.50,10.80
2007.12.24 01:09:24.057,1.1507,1.1513,0.50,10.80
2007.12.24 01:09:24.200,1.1507,1.1513,0.50,10.80
2007.12.24 01:09:24.343,1.1507,1.1513,0.50,10.80
2007.12.24 01:09:24.485,1.1507,1.1513,0.50,10.80
2007.12.24 01:09:24.628,1.1507,1.1513,0.50,10.80
2007.12.24 01:09:24.770,1.1507,1.1513,0.50,10.80
2007.12.24 01:09:24.913,1.1507,1.1513,0.50,10.80
2007.12.24 01:09:25.055,1.1507,1.1513,0.50,10.80
2007.12.24 01:09:25.268,1.1507,1.1513,0.50,10.80
2007.12.24 01:09:25.480,1.1507,1.1513,0.50,10.80
2007.12.24 01:09:25.693,1.1507,1.1513,0.50,10.80
2007.12.24 01:09:25.906,1.1507,1.1513,0.50,10.80
2007.12.24 01:09:26.118,1.1507,1.1513,0.50,10.80
2007.12.24 01:09:26.211,1.1507,1.1513,0.50,10.80
2007.12.24 01:09:26.304,1.1507,1.1513,0.50,10.80
2007.12.24 01:09:26.398,1.1507,1.1513,0.50,10.80
2007.12.24 01:09:26.491,1.1507,1.1513,0.50,10.80
2007.12.24 01:09:26.584,1.1507,1.1513,0.50,10.80
2007.12.24 01:09:26.676,1.1507,1.1513,0.50,10.80
2007.12.24 01:09:26.768,1.1507,1.1513,0.50,10.80
2007.12.24 01:09:26.860,1.1507,1.1513,0.50,10.80
2007.12.24 01:09:26.953,1.1507,1.1513,0.50,10.80
2007.12.24 01:09:27.046,1.1507,1.1513,0.50,10.80
2007.12.24 01:09:27.138,1.1507,1.1513,0.50,10.80
2007.12.24 01:09:27.290,1.1507,1.1513,0.50,10.80
2007.12.24 01:09:27.443,1.1507,1.1513,0.50,10.80
2007.12.24 01:09:27.595,1.1507,1.1513,0.50,10.80
2007.12.24 01:09:27.747,1.1507,1.1513,0.50,10.80
2007.12.24 01:09:27.900,1.1507,1.1513,0.50,10.80
2007.12.24 01:09:28.053,1.1507,1.1513,0.50,10.80
2007.12.24 01:09:28.206,1.1507,1.1513,0.50,10.80
2007.12.24 01:09:28.309,1.1507,1.1513,0.50,10.80
2007.12.24 01:09:28.411,1.1507,1.1513,0.50,10.80
2007.12.24 01:09:28.527,1.1507,1.1513,0.50,10.80
2007.12.24 01:09:28.615,1.1507,1.1513,0.50,10.80
2007.12.24 01:09:28.719,1.1507,1.1513,0.50,10.80
2007.12.24 01:09:28.822,1.1507,1.1513,0.50,10.80
2007.12.24 01:09:28.925,1.1507,1.1513,0.50,10.80
2007.12.24 01:09:29.028,1.1507,1.1513,0.50,10.80
2007.12.24 01:09:29.131,1.1507,1.1513,0.50,10.80
2007.12.24 01:09:29.233,1.1507,1.1513,0.50,10.80
2007.12.24 01:09:29.391,1.1507,1.1513,0.50,10.80
2007.12.24 01:09:29.548,1.1507,1.1513,0.50,10.80
2007.12.24 01:09:29.706,1.1507,1.1513,0.50,10.80
2007.12.24 01:09:29.864,1.1507,1.1513,0.50,10.80
2007.12.24 01:09:30.021,1.1507,1.1513,0.50,10.80
2007.12.24 01:09:30.179,1.1507,1.1513,0.50,10.80
2007.12.24 01:09:30.272,1.1507,1.1513,0.50,10.80
2007.12.24 01:09:30.364,1.1507,1.1513,0.50,10.80
2007.12.24 01:09:30.456,1.1507,1.1513,0.50,10.80
2007.12.24 01:09:30.549,1.1507,1.1513,0.50,10.80
2007.12.24 01:09:30.642,1.1507,1.1513,0.50,10.80
2007.12.24 01:09:30.734,1.1507,1.1513,0.50,10.80
2007.12.24 01:09:30.826,1.1507,1.1513,0.50,10.80
2007.12.24 01:09:30.919,1.1507,1.1513,0.50,10.80
2007.12.24 01:09:31.012,1.1507,1.1513,0.50,10.80
2007.12.24 01:09:31.104,1.1507,1.1513,0.50,10.80
2007.12.24 01:09:31.196,1.1507,1.1513,0.50,10.80
2007.12.24 01:09:31.374,1.1507,1.1513,0.50,10.80
2007.12.24 01:09:31.552,1.1507,1.1513,0.50,10.80
2007.12.24 01:09:31.729,1.1507,1.1513,0.50,10.80
2007.12.24 01:09:31.908,1.1507,1.1513,0.50,10.80
2007.12.24 01:09:32.085,1.1507,1.1513,0.50,10.80
2007.12.24 01:09:32.263,1.1507,1.1513,0.50,10.80
2007.12.24 01:09:32.440,1.1507,1.1513,0.50,10.80
2007.12.24 01:09:32.537,1.1507,1.1513,0.50,10.80
2007.12.24 01:09:32.635,1.1507,1.1513,0.50,10.80
2007.12.24 01:09:32.733,1.1507,1.1513,0.50,10.80
2007.12.24 01:09:32.831,1.1507,1.1513,0.50,10.80
2007.12.24 01:09:32.928,1.1507,1.1513,0.50,10.80
2007.12.24 01:09:33.025,1.1507,1.1513,0.50,10.80
2007.12.24 01:09:33.123,1.1507,1.1513,0.50,10.80
2007.12.24 01:09:33.221,1.1507,1.1513,0.50,10.80
2007.12.24 01:09:33.319,1.1507,1.1513,0.50,10.80
2007.12.24 01:09:33.471,1.1507,1.1513,0.50,10.80
2007.12.24 01:09:33.623,1.1507,1.1513,0.50,10.80
2007.12.24 01:09:33.776,1.1507,1.1513,0.50,10.80
2007.12.24 01:09:33.929,1.1507,1.1513,0.50,10.80
2007.12.24 01:09:34.080,1.15065,1.1513,8.00,8.00
2007.12.24 01:10:31.937,1.1507,1.1513,2.80,0.50
2007.12.24 01:10:32.034,1.1507,1.1513,2.80,0.50
2007.12.24 01:10:32.217,1.1507,1.1514,2.80,0.50
2007.12.24 01:10:32.399,1.1507,1.15135,10.80,8.00
2007.12.24 01:10:32.583,1.1507,1.15135,10.80,8.00
2007.12.24 01:10:32.766,1.1507,1.15135,10.80,8.00
2007.12.24 01:10:32.948,1.1507,1.15135,10.80,8.00
2007.12.24 01:10:33.131,1.1507,1.15135,10.80,8.00
2007.12.24 01:10:33.288,1.1507,1.15135,10.80,8.00
2007.12.24 01:10:33.446,1.1507,1.15135,10.80,8.00
2007.12.24 01:10:33.604,1.1507,1.15135,10.80,8.00
2007.12.24 01:10:33.761,1.1507,1.15135,10.80,8.00
2007.12.24 01:10:33.919,1.1507,1.15135,10.80,8.00
2007.12.24 01:10:34.076,1.1507,1.15135,10.80,8.00
2007.12.24 01:10:34.164,1.1507,1.15135,10.80,8.00
2007.12.24 01:10:34.252,1.1507,1.15135,10.80,8.00
2007.12.24 01:10:34.340,1.1507,1.15135,10.80,8.00
2007.12.24 01:10:34.439,1.1507,1.15135,10.80,8.00
2007.12.24 01:10:34.527,1.1507,1.15135,10.80,8.00
2007.12.24 01:10:34.615,1.1507,1.15135,10.80,8.00
2007.12.24 01:10:34.702,1.1507,1.15135,10.80,8.00
2007.12.24 01:10:34.789,1.1507,1.15135,10.80,8.00
2007.12.24 01:10:34.878,1.1507,1.15135,10.80,8.00
2007.12.24 01:10:34.977,1.1507,1.15135,10.80,8.00
2007.12.24 01:10:35.064,1.1507,1.15135,10.80,8.00
2007.12.24 01:10:35.251,1.1507,1.15135,10.80,8.00
2007.12.24 01:10:35.439,1.1507,1.15135,10.80,8.00
2007.12.24 01:10:35.626,1.1507,1.15135,10.80,8.00
2007.12.24 01:10:35.815,1.1507,1.15135,10.80,8.00
2007.12.24 01:10:36.002,1.1507,1.15135,10.80,8.00
2007.12.24 01:10:36.190,1.1507,1.15135,10.80,8.00
2007.12.24 01:10:36.312,1.1507,1.15135,10.80,8.00
2007.12.24 01:10:36.447,1.1507,1.15135,10.80,8.00
2007.12.24 01:10:36.558,1.1507,1.1513,8.40,2.40
2007.12.24 01:10:36.680,1.1507,1.1513,0.50,10.40
2007.12.24 01:10:36.803,1.1507,1.1513,0.50,10.40
2007.12.24 01:10:36.927,1.1507,1.1513,0.50,10.80
2007.12.24 01:10:37.049,1.1507,1.1513,0.50,10.80
2007.12.24 01:10:37.171,1.1507,1.1513,0.50,10.80
2007.12.24 01:10:37.360,1.1507,1.1513,0.50,10.80
2007.12.24 01:10:37.547,1.1507,1.1513,0.50,10.80
2007.12.24 01:10:37.734,1.1507,1.1513,0.50,10.80
2007.12.24 01:10:37.923,1.1507,1.1513,0.50,10.80
2007.12.24 01:10:38.110,1.1507,1.1513,0.50,10.80
2007.12.24 01:10:38.207,1.1507,1.1513,0.50,10.80
2007.12.24 01:10:38.306,1.1507,1.1513,0.50,10.80
2007.12.24 01:10:38.403,1.1507,1.1513,0.50,10.80
2007.12.24 01:10:38.500,1.1507,1.1513,0.50,10.80
2007.12.24 01:10:38.598,1.1507,1.1513,0.50,10.80
2007.12.24 01:10:38.697,1.1507,1.1513,0.50,10.80
2007.12.24 01:10:38.795,1.1507,1.1513,0.50,10.80
2007.12.24 01:10:38.892,1.1507,1.1513,0.50,10.80
2007.12.24 01:10:38.989,1.1507,1.1513,0.50,10.80
2007.12.24 01:10:39.087,1.1507,1.1513,0.50,10.80
2007.12.24 01:10:39.188,1.1507,1.1513,0.50,10.80
2007.12.24 01:10:39.345,1.1507,1.1513,0.50,10.80
2007.12.24 01:10:39.502,1.1507,1.1513,0.50,10.80
2007.12.24 01:10:39.660,1.1507,1.1513,0.50,10.80
2007.12.24 01:10:39.817,1.1507,1.1513,0.50,10.80
2007.12.24 01:10:39.974,1.1507,1.1513,0.50,10.80
2007.12.24 01:10:40.132,1.1507,1.1513,0.50,10.80
2007.12.24 01:10:40.254,1.1507,1.1513,0.50,10.80
2007.12.24 01:10:40.376,1.1507,1.1513,0.50,10.80
2007.12.24 01:10:40.498,1.1507,1.1513,0.50,10.80
2007.12.24 01:10:40.621,1.1507,1.1513,0.50,10.80
2007.12.24 01:10:40.744,1.1507,1.1513,0.50,10.80
2007.12.24 01:10:40.867,1.1507,1.1513,0.50,10.80
2007.12.24 01:10:40.991,1.1507,1.1513,0.50,10.80
2007.12.24 01:10:41.114,1.1507,1.1513,0.50,10.80
2007.12.24 01:10:41.281,1.1507,1.1513,0.50,10.80
2007.12.24 01:10:41.449,1.1507,1.1513,0.50,10.80
2007.12.24 01:10:41.616,1.1507,1.1513,0.50,10.80
2007.12.24 01:10:41.784,1.1507,1.1513,0.50,10.80
2007.12.24 01:10:41.952,1.1507,1.1513,0.50,10.80
2007.12.24 01:10:42.119,1.1507,1.1513,0.50,10.80
2007.12.24 01:10:42.286,1.1507,1.1513,0.50,10.80
2007.12.24 01:10:42.403,1.1507,1.1513,0.50,10.80
2007.12.24 01:10:42.521,1.1507,1.1513,0.50,10.80
2007.12.24 01:10:42.640,1.1507,1.1513,0.50,10.80
2007.12.24 01:10:42.757,1.1507,1.1513,0.50,10.80
2007.12.24 01:10:42.874,1.1507,1.1513,0.50,10.80
2007.12.24 01:10:42.991,1.1507,1.1513,0.50,10.80
2007.12.24 01:10:43.110,1.1507,1.1513,0.50,10.80
2007.12.24 01:10:43.227,1.1507,1.1513,0.50,10.80
2007.12.24 01:10:43.444,1.1507,1.1513,0.50,10.80
2007.12.24 01:10:43.662,1.1507,1.1513,0.50,10.80
2007.12.24 01:10:43.879,1.1507,1.1513,0.50,10.80
2007.12.24 01:10:44.097,1.1507,1.1513,0.50,10.80
2007.12.24 01:10:44.315,1.1507,1.1513,0.50,10.80
2007.12.24 01:10:44.487,1.1507,1.1513,0.50,10.80
2007.12.24 01:10:44.660,1.1507,1.1513,0.50,10.80
2007.12.24 01:10:44.832,1.1507,1.1513,0.50,10.80
2007.12.24 01:10:45.005,1.1507,1.1513,0.50,10.80
2007.12.24 01:10:45.177,1.1507,1.1513,0.50,10.80
2007.12.24 01:10:45.350,1.1507,1.1513,0.50,10.80
2007.12.24 01:10:45.452,1.1507,1.1513,0.50,10.80
2007.12.24 01:10:45.554,1.1507,1.1513,0.50,10.80
2007.12.24 01:10:45.658,1.1507,1.1513,0.50,10.80
2007.12.24 01:10:45.761,1.1507,1.1513,0.50,10.80
2007.12.24 01:10:45.863,1.1507,1.1513,0.50,10.80
2007.12.24 01:10:45.965,1.1507,1.1513,0.50,10.80
2007.12.24 01:10:46.067,1.1507,1.1513,0.50,10.80
2007.12.24 01:10:46.169,1.1507,1.1513,0.50,10.80
2007.12.24 01:10:46.272,1.1507,1.1513,0.50,10.80
2007.12.24 01:10:46.376,1.1507,1.1513,0.50,10.80
2007.12.24 01:10:46.593,1.1507,1.1513,0.50,10.80
2007.12.24 01:10:46.810,1.1507,1.1513,0.50,10.80
2007.12.24 01:10:47.029,1.1507,1.1513,0.50,10.80
2007.12.24 01:10:47.246,1.1507,1.1513,0.50,10.80
2007.12.24 01:10:47.463,1.1507,1.1513,0.50,10.80
2007.12.24 01:10:47.536,1.1507,1.1513,0.50,10.80
2007.12.24 01:10:47.609,1.1507,1.1513,0.50,10.80
2007.12.24 01:10:47.681,1.1507,1.1513,0.50,10.80
2007.12.24 01:10:47.754,1.1507,1.1513,0.50,10.80
2007.12.24 01:10:47.826,1.1507,1.1513,0.50,10.80
2007.12.24 01:10:47.901,1.1507,1.1513,0.50,10.80
2007.12.24 01:10:47.974,1.1507,1.1513,0.50,10.80
2007.12.24 01:10:48.048,1.1507,1.1513,0.50,10.80
2007.12.24 01:10:48.120,1.1507,1.1513,0.50,10.80
2007.12.24 01:10:48.192,1.1507,1.1513,0.50,10.80
2007.12.24 01:10:48.265,1.1507,1.1513,0.50,10.80
2007.12.24 01:10:48.339,1.1507,1.1513,0.50,10.80
2007.12.24 01:10:48.411,1.1507,1.1513,0.50,10.80
2007.12.24 01:10:48.483,1.1507,1.1513,0.50,10.80
2007.12.24 01:10:48.775,1.1507,1.1513,0.50,10.80
2007.12.24 01:10:49.068,1.1507,1.1513,0.50,10.80
2007.12.24 01:10:49.362,1.1507,1.1513,0.50,10.80
2007.12.24 01:10:49.654,1.1507,1.1513,0.50,10.80
2007.12.24 01:10:49.721,1.1507,1.1513,0.50,10.80
2007.12.24 01:10:49.789,1.1507,1.1513,0.50,10.80
2007.12.24 01:10:49.857,1.1507,1.1513,0.50,10.80
2007.12.24 01:10:49.926,1.1507,1.1513,0.50,10.80
2007.12.24 01:10:49.993,1.1507,1.1513,0.50,10.80
2007.12.24 01:10:50.060,1.1507,1.1513,0.50,10.80
2007.12.24 01:10:50.129,1.1507,1.1513,0.50,10.80
2007.12.24 01:10:50.197,1.1507,1.1513,0.50,10.80
2007.12.24 01:10:50.264,1.1507,1.1513,0.50,10.80
2007.12.24 01:10:50.331,1.1507,1.1513,0.50,10.80
2007.12.24 01:10:50.399,1.1507,1.1513,0.50,10.80
2007.12.24 01:10:50.467,1.1507,1.1513,0.50,10.80
2007.12.24 01:10:50.536,1.1507,1.1513,0.50,10.80
2007.12.24 01:10:50.603,1.1507,1.1513,0.50,10.80
2007.12.24 01:10:50.670,1.1507,1.1513,0.50,10.80
2007.12.24 01:10:50.882,1.1507,1.1513,0.50,10.80
2007.12.24 01:10:51.100,1.1507,1.1513,0.50,10.80
2007.12.24 01:10:51.313,1.1507,1.1513,0.50,10.80
2007.12.24 01:10:51.525,1.1507,1.1513,0.50,10.80
2007.12.24 01:10:51.738,1.1507,1.1513,0.50,10.80
2007.12.24 01:10:51.827,1.1507,1.1513,0.50,10.80
2007.12.24 01:10:51.925,1.1507,1.1513,0.50,10.80
2007.12.24 01:10:52.012,1.1507,1.1513,0.50,10.80
2007.12.24 01:10:52.101,1.1507,1.1513,2.80,8.40
2007.12.24 01:10:52.188,1.1507,1.1513,2.80,8.40
2007.12.24 01:10:52.275,1.1507,1.1513,2.80,8.40
2007.12.24 01:10:52.364,1.1507,1.1513,0.50,10.80
2007.12.24 01:10:52.451,1.1507,1.1513,0.50,10.80
2007.12.24 01:10:52.538,1.1507,1.1513,0.50,10.80
2007.12.24 01:10:52.627,1.1507,1.1513,0.50,10.80
2007.12.24 01:10:52.678,1.1507,1.1513,0.50,10.80
2007.12.24 01:10:52.719,1.15065,1.1513,8.50,10.80
2007.12.24 01:10:52.977,1.1507,1.1513,0.50,10.80
2007.12.24 01:10:53.235,1.15065,1.1513,8.50,10.80
2007.12.24 01:10:53.493,1.1507,1.1513,0.50,10.80
2007.12.24 01:10:53.750,1.1507,1.1513,0.50,10.80
2007.12.24 01:10:53.924,1.1507,1.1513,0.50,10.80
2007.12.24 01:10:54.096,1.15065,1.1513,8.50,10.80
2007.12.24 01:10:54.268,1.15065,1.1513,8.50,10.80
2007.12.24 01:10:54.441,1.15065,1.1513,8.50,10.80
2007.12.24 01:10:54.613,1.15065,1.1513,8.50,10.80
2007.12.24 01:10:54.786,1.15065,1.1513,8.50,10.80
2007.12.24 01:10:54.958,1.15065,1.1513,8.50,10.80
2007.12.24 01:10:55.046,1.1507,1.1513,0.50,10.80
2007.12.24 01:10:55.135,1.1507,1.1513,0.50,10.80
2007.12.24 01:10:55.222,1.1507,1.1513,0.50,10.80
2007.12.24 01:10:55.309,1.15065,1.1513,8.50,10.80
2007.12.24 01:10:55.396,1.1507,1.1513,0.50,10.80
2007.12.24 01:10:55.489,1.15065,1.1513,8.50,10.80
2007.12.24 01:10:55.577,1.15065,1.1513,8.50,10.80
2007.12.24 01:10:55.664,1.15065,1.1513,8.50,10.80
2007.12.24 01:10:55.752,1.15065,1.1513,8.50,10.80
2007.12.24 01:10:55.840,1.1507,1.1513,0.50,10.80
2007.12.24 01:10:56.089,1.1507,1.1513,0.50,10.80
2007.12.24 01:10:56.336,1.15065,1.1513,8.50,10.80
2007.12.24 01:10:56.585,1.1507,1.1513,0.50,10.80
2007.12.24 01:10:56.832,1.1507,1.1513,0.50,10.80
2007.12.24 01:10:57.079,1.15065,1.1513,8.50,10.80
2007.12.24 01:10:57.157,1.15065,1.1513,8.50,10.80
2007.12.24 01:10:57.235,1.1507,1.1513,0.50,10.80
2007.12.24 01:10:57.313,1.15065,1.1513,8.50,10.80
2007.12.24 01:10:57.390,1.15065,1.1513,8.50,10.80
2007.12.24 01:10:57.467,1.1507,1.1513,0.50,10.80
2007.12.24 01:10:57.544,1.15065,1.1513,8.50,10.80
2007.12.24 01:10:57.621,1.15065,1.1513,8.50,10.80
2007.12.24 01:10:57.699,1.15065,1.1513,8.50,10.80
2007.12.24 01:10:57.777,1.1507,1.1513,0.50,10.80
2007.12.24 01:10:57.854,1.15065,1.1513,8.50,10.80
2007.12.24 01:10:58.062,1.15065,1.1513,8.50,10.80
2007.12.24 01:10:58.269,1.1507,1.1513,0.50,10.80
2007.12.24 01:10:58.477,1.15065,1.1513,8.50,10.80
2007.12.24 01:10:58.685,1.15065,1.1513,8.50,10.80
2007.12.24 01:10:58.892,1.1507,1.1513,0.50,10.80
2007.12.24 01:10:59.100,1.15065,1.1513,8.50,10.80
2007.12.24 01:10:59.184,1.15065,1.1513,8.50,10.80
2007.12.24 01:10:59.266,1.1507,1.1513,0.50,10.80
2007.12.24 01:10:59.348,1.15065,1.1513,8.50,10.80
2007.12.24 01:10:59.431,1.1507,1.1513,0.50,10.80
2007.12.24 01:10:59.514,1.1507,1.1513,0.50,10.80
2007.12.24 01:10:59.596,1.1507,1.1513,0.50,10.80
2007.12.24 01:10:59.679,1.15065,1.1513,8.50,10.80
2007.12.24 01:10:59.762,1.15065,1.1513,8.50,10.80
2007.12.24 01:10:59.859,1.15065,1.1512,8.50,0.50
2007.12.24 01:10:59.927,1.15065,1.1512,8.50,0.50
2007.12.24 01:11:00.216,1.1507,1.1512,0.50,0.50
2007.12.24 01:11:00.503,1.1507,1.1512,0.50,0.50
2007.12.24 01:11:00.791,1.1506,1.1512,16.90,0.50
2007.12.24 01:11:01.079,1.1506,1.1512,16.90,0.50
2007.12.24 01:11:01.196,1.1507,1.1512,0.50,0.50
2007.12.24 01:11:01.314,1.1506,1.1512,16.90,0.50
2007.12.24 01:11:01.432,1.1506,1.1512,16.90,0.50
2007.12.24 01:11:01.549,1.1507,1.1512,0.50,0.50
2007.12.24 01:11:01.668,1.1506,1.1512,16.90,0.50
2007.12.24 01:11:01.786,1.1505,1.1512,20.80,0.50
2007.12.24 01:11:01.903,1.1506,1.1512,4.90,0.50
2007.12.24 01:11:02.020,1.1505,1.1512,20.80,0.50
2007.12.24 01:11:02.139,1.1506,1.1512,3.00,0.50
2007.12.24 01:11:02.316,1.1505,1.1512,20.80,2.80
2007.12.24 01:11:02.494,1.1505,1.1512,20.80,2.80
2007.12.24 01:11:02.672,1.1505,1.1512,20.80,2.80
2007.12.24 01:11:02.861,1.1505,1.1512,20.80,2.80
2007.12.24 01:11:03.026,1.1506,1.1512,0.50,10.80
2007.12.24 01:11:03.204,1.15055,1.1512,8.50,10.80
2007.12.24 01:11:03.410,1.15055,1.1512,8.50,10.80
2007.12.24 01:11:03.618,1.1506,1.1512,0.50,10.80
2007.12.24 01:11:03.826,1.15055,1.1512,8.50,10.80
2007.12.24 01:11:04.033,1.1506,1.1512,0.50,10.80
2007.12.24 01:11:04.241,1.15055,1.1512,8.50,10.80
2007.12.24 01:11:04.333,1.1506,1.1512,0.50,10.80
2007.12.24 01:11:04.426,1.15055,1.1512,8.50,10.80
2007.12.24 01:11:04.519,1.15055,1.1512,8.50,10.80
2007.12.24 01:11:04.611,1.1506,1.1512,0.50,10.80
2007.12.24 01:11:04.704,1.1506,1.1512,0.50,10.80
2007.12.24 01:11:04.797,1.1506,1.1512,0.50,10.80
2007.12.24 01:11:04.889,1.1506,1.1512,0.50,10.80
2007.12.24 01:11:04.981,1.15055,1.1512,8.50,10.80
2007.12.24 01:11:05.074,1.15055,1.1512,8.50,10.80
2007.12.24 01:11:05.167,1.15055,1.1512,8.50,10.80
2007.12.24 01:11:05.310,1.1506,1.1512,0.50,10.80
2007.12.24 01:11:05.452,1.1506,1.1512,0.50,10.80
2007.12.24 01:11:05.594,1.15055,1.1512,8.50,10.80
2007.12.24 01:11:05.737,1.15055,1.1512,8.50,10.80
2007.12.24 01:11:05.880,1.1506,1.1512,0.50,10.80
2007.12.24 01:11:06.022,1.1506,1.1512,0.50,10.80
2007.12.24 01:11:06.165,1.1507,1.1512,1.70,0.50
2007.12.24 01:11:06.303,1.1507,1.1512,1.70,0.50
2007.12.24 01:11:06.440,1.1507,1.1512,1.70,0.50
2007.12.24 01:11:06.578,1.1507,1.1512,1.70,0.50
2007.12.24 01:11:06.715,1.1507,1.1512,1.70,0.50
2007.12.24 01:11:06.853,1.1507,1.1512,1.70,0.50
2007.12.24 01:11:06.991,1.1507,1.1512,1.70,0.50
2007.12.24 01:11:07.128,1.1507,1.1512,1.70,0.50
2007.12.24 01:11:07.265,1.1508,1.1512,0.50,0.50
2007.12.24 01:11:07.403,1.1508,1.1512,0.50,0.50
2007.12.24 01:11:07.540,1.1507,1.1512,1.70,0.50
2007.12.24 01:11:07.678,1.1507,1.1512,1.70,0.50
2007.12.24 01:11:07.815,1.1507,1.1512,1.70,0.50
2007.12.24 01:11:07.954,1.1507,1.1512,1.70,0.50
2007.12.24 01:11:08.091,1.1508,1.1512,0.50,0.50
2007.12.24 01:11:08.229,1.1508,1.1512,0.50,0.50
2007.12.24 01:11:08.391,1.1507,1.1512,1.70,0.50
2007.12.24 01:11:08.554,1.1508,1.1512,0.50,0.50
2007.12.24 01:11:08.716,1.1507,1.1512,1.70,0.50
2007.12.24 01:11:08.879,1.1508,1.1512,0.50,0.50
2007.12.24 01:11:09.041,1.1508,1.1512,0.50,0.50
2007.12.24 01:11:09.204,1.1508,1.1512,0.50,0.50
2007.12.24 01:11:09.306,1.1507,1.1512,1.70,0.50
2007.12.24 01:11:09.409,1.1508,1.1512,0.50,0.50
2007.12.24 01:11:09.524,1.1507,1.1512,1.70,0.50
2007.12.24 01:11:09.626,1.1508,1.1512,0.50,0.50
2007.12.24 01:11:09.729,1.1508,1.1512,0.50,0.50
2007.12.24 01:11:09.831,1.1508,1.1512,0.50,0.50
2007.12.24 01:11:09.933,1.1508,1.1512,0.50,0.50
2007.12.24 01:11:10.036,1.1507,1.1512,1.70,0.50
2007.12.24 01:11:10.140,1.1508,1.1512,0.50,0.50
2007.12.24 01:11:10.242,1.1507,1.1512,1.70,0.50
2007.12.24 01:11:10.385,1.1507,1.1512,1.70,0.50
2007.12.24 01:11:10.528,1.1507,1.1512,1.70,0.50
2007.12.24 01:11:10.670,1.1507,1.1512,1.70,0.50
2007.12.24 01:11:10.813,1.1507,1.1512,1.70,0.50
2007.12.24 01:11:10.956,1.1508,1.1512,0.50,0.50
2007.12.24 01:11:11.098,1.1507,1.1512,1.70,0.50
2007.12.24 01:11:11.240,1.1508,1.1512,0.50,0.50
2007.12.24 01:11:11.383,1.1507,1.1512,1.70,0.50
2007.12.24 01:11:11.515,1.1507,1.1512,1.70,0.50
2007.12.24 01:11:11.648,1.1508,1.1512,0.50,0.50
2007.12.24 01:11:11.780,1.1507,1.1512,1.70,0.50
2007.12.24 01:11:11.914,1.1508,1.1512,0.50,0.50
2007.12.24 01:11:12.046,1.1508,1.1512,0.50,0.50
2007.12.24 01:11:12.178,1.1507,1.1512,1.70,0.50
2007.12.24 01:11:12.311,1.1507,1.1512,1.70,0.50
2007.12.24 01:11:12.434,1.1507,1.1512,1.70,0.50
2007.12.24 01:11:12.556,1.1508,1.1512,0.50,0.50
2007.12.24 01:11:12.679,1.1507,1.1512,1.70,0.50
2007.12.24 01:11:12.801,1.1507,1.1512,1.70,0.50
2007.12.24 01:11:12.924,1.1507,1.1512,1.70,0.50
2007.12.24 01:11:13.047,1.1507,1.1512,1.70,0.50
2007.12.24 01:11:13.170,1.1507,1.1512,1.70,0.50
2007.12.24 01:11:13.293,1.1507,1.1512,1.70,0.50
2007.12.24 01:11:13.415,1.1507,1.1512,1.70,0.50
2007.12.24 01:11:13.608,1.1507,1.1512,1.70,0.50
2007.12.24 01:11:13.801,1.1507,1.1512,1.70,0.50
2007.12.24 01:11:13.994,1.1508,1.1512,0.50,0.50
2007.12.24 01:11:14.187,1.1507,1.1512,1.70,0.50
2007.12.24 01:11:14.379,1.1507,1.1512,1.70,0.50
2007.12.24 01:11:14.542,1.15065,1.1512,13.20,2.80
2007.12.24 01:11:14.705,1.1507,1.1512,2.30,2.80
2007.12.24 01:11:14.868,1.1506,1.1512,8.50,2.80
2007.12.24 01:11:15.031,1.15055,1.1512,8.50,10.80
2007.12.24 01:11:15.194,1.1506,1.1512,0.50,10.80
2007.12.24 01:11:15.357,1.1506,1.1512,0.50,10.80
2007.12.24 01:11:15.500,1.1506,1.1512,0.50,10.80
2007.12.24 01:11:15.644,1.1506,1.1511,0.50,8.00
2007.12.24 01:11:15.786,1.15045,1.1511,12.00,8.00
2007.12.24 01:11:15.930,1.1504,1.1511,9.20,8.00
2007.12.24 01:11:16.073,1.15045,1.1511,1.60,8.00
2007.12.24 01:11:16.217,1.1504,1.1511,9.20,8.00
2007.12.24 01:11:16.360,1.1504,1.1511,8.80,8.00
2007.12.24 01:11:16.548,1.15045,1.1511,0.60,8.00
2007.12.24 01:11:16.735,1.1504,1.1511,8.80,8.00
2007.12.24 01:11:16.924,1.15045,1.1511,3.00,8.00
2007.12.24 01:11:17.113,1.1504,1.1511,9.20,8.00
2007.12.24 01:11:17.299,1.1504,1.1511,9.20,8.00
2007.12.24 01:11:17.487,1.1504,1.1511,9.20,8.00
2007.12.24 01:11:17.610,1.1504,1.1511,9.20,8.00
2007.12.24 01:11:17.733,1.15045,1.1511,1.10,8.00
2007.12.24 01:11:17.855,1.1504,1.1511,9.20,8.00
2007.12.24 01:11:17.978,1.15045,1.1511,1.80,8.00
2007.12.24 01:11:18.101,1.15045,1.1511,2.30,8.00
2007.12.24 01:11:18.224,1.1504,1.1511,9.20,8.00
2007.12.24 01:11:18.359,1.1504,1.1511,9.20,8.00
2007.12.24 01:11:18.482,1.1504,1.1511,9.20,8.00
2007.12.24 01:11:18.594,1.15045,1.1511,1.30,8.00
2007.12.24 01:11:18.706,1.1504,1.1511,9.20,8.00
2007.12.24 01:11:18.819,1.1504,1.1511,9.20,8.00
2007.12.24 01:11:18.932,1.15045,1.1511,1.20,8.00
2007.12.24 01:11:19.045,1.1504,1.1511,9.20,8.00
2007.12.24 01:11:19.158,1.15045,1.1511,4.30,8.00
2007.12.24 01:11:19.270,1.1504,1.1511,9.20,8.00
2007.12.24 01:11:19.383,1.15045,1.1511,4.10,8.00
2007.12.24 01:11:19.496,1.1504,1.1511,9.20,8.00
2007.12.24 01:11:19.633,1.1504,1.1511,9.20,8.00
2007.12.24 01:11:19.770,1.1504,1.1511,9.20,8.00
2007.12.24 01:11:19.908,1.1504,1.1511,9.20,8.00
2007.12.24 01:11:20.046,1.1504,1.1511,9.20,8.00
2007.12.24 01:11:20.183,1.1504,1.1511,9.20,8.00
2007.12.24 01:11:20.321,1.15045,1.1511,1.10,8.00
2007.12.24 01:11:20.459,1.1504,1.1511,9.20,8.00
2007.12.24 01:11:20.596,1.1504,1.1511,9.20,8.00
2007.12.24 01:11:20.721,1.1504,1.1511,9.20,8.00
2007.12.24 01:11:20.821,1.15045,1.1511,8.00,8.00
2007.12.24 01:11:20.934,1.15045,1.1511,8.00,8.00
2007.12.24 01:11:21.047,1.15045,1.1511,8.00,8.00
2007.12.24 01:11:21.160,1.15045,1.1511,8.00,8.00
2007.12.24 01:11:21.273,1.15045,1.1511,8.00,8.00
2007.12.24 01:11:21.385,1.15045,1.1511,8.00,8.00
2007.12.24 01:11:21.498,1.15045,1.1511,8.00,8.00
2007.12.24 01:11:21.611,1.15045,1.1511,8.00,8.00
2007.12.24 01:11:21.723,1.15045,1.1511,8.00,8.00
2007.12.24 01:11:21.856,1.15045,1.1511,8.00,8.00
2007.12.24 01:11:21.988,1.15045,1.1511,8.00,8.00
2007.12.24 01:11:22.121,1.15045,1.1511,8.00,8.00
2007.12.24 01:11:22.253,1.15045,1.1511,8.00,8.00
2007.12.24 01:11:22.385,1.15045,1.1511,8.00,8.00
2007.12.24 01:11:22.518,1.15045,1.1511,8.00,8.00
2007.12.24 01:11:22.651,1.15045,1.1511,8.00,8.00
2007.12.24 01:11:22.809,1.15045,1.1511,8.00,8.00
2007.12.24 01:11:22.966,1.15045,1.1511,8.00,8.00
2007.12.24 01:11:23.124,1.15045,1.1511,8.00,8.00
2007.12.24 01:11:23.282,1.15045,1.1511,8.00,8.00
2007.12.24 01:11:23.440,1.15045,1.1511,8.00,8.00
2007.12.24 01:11:23.597,1.15045,1.1511,8.00,8.00
2007.12.24 01:11:23.755,1.15045,1.1511,8.00,8.00
2007.12.24 01:11:23.928,1.15045,1.1511,8.00,8.00
2007.12.24 01:11:24.101,1.15045,1.1511,8.00,8.00
2007.12.24 01:11:24.274,1.15045,1.1511,8.00,8.00
2007.12.24 01:11:24.447,1.15045,1.1511,8.00,8.00
2007.12.24 01:11:24.620,1.15045,1.1511,8.00,8.00
2007.12.24 01:11:24.792,1.15045,1.1511,8.00,8.00
2007.12.24 01:11:24.980,1.15045,1.1511,8.00,8.00
2007.12.24 01:11:25.167,1.15045,1.1511,8.00,8.00
2007.12.24 01:11:25.355,1.15045,1.1511,8.00,8.00
2007.12.24 01:11:25.543,1.15045,1.1511,8.00,8.00
2007.12.24 01:11:25.731,1.15045,1.1511,8.00,8.00
2007.12.24 01:11:25.918,1.15045,1.1511,8.00,8.00
2007.12.24 01:11:26.031,1.15045,1.1511,8.00,8.00
2007.12.24 01:11:26.143,1.15045,1.1511,8.00,8.00
2007.12.24 01:11:26.256,1.15045,1.1511,8.00,8.00
2007.12.24 01:11:26.368,1.15045,1.1511,8.00,8.00
2007.12.24 01:11:26.481,1.15045,1.1511,8.00,8.00
2007.12.24 01:11:26.593,1.15045,1.1511,8.00,8.00
2007.12.24 01:11:26.706,1.15045,1.1511,8.00,8.00
2007.12.24 01:11:26.818,1.15045,1.1511,8.00,8.00
2007.12.24 01:11:26.951,1.15045,1.1511,8.00,8.00
2007.12.24 01:11:27.084,1.15045,1.1511,8.00,8.00
2007.12.24 01:11:27.217,1.15045,1.1511,8.00,8.00
2007.12.24 01:11:27.350,1.15045,1.1511,8.00,8.00
2007.12.24 01:11:27.482,1.15045,1.1511,8.00,8.00
2007.12.24 01:11:27.615,1.15045,1.1511,8.00,8.00
2007.12.24 01:11:27.748,1.15045,1.1511,8.00,8.00
2007.12.24 01:11:27.855,1.15045,1.1511,8.00,8.00
2007.12.24 01:11:27.963,1.15045,1.1511,8.00,8.00
2007.12.24 01:11:28.071,1.15045,1.1511,8.00,8.00
2007.12.24 01:11:28.178,1.15045,1.1511,8.00,8.00
2007.12.24 01:11:28.286,1.15045,1.1511,8.00,8.00
2007.12.24 01:11:28.394,1.15045,1.1511,8.00,8.00
2007.12.24 01:11:28.502,1.15045,1.1511,8.00,8.00
2007.12.24 01:11:28.610,1.15045,1.1511,8.00,8.00
2007.12.24 01:11:28.718,1.15045,1.1511,8.00,8.00
2007.12.24 01:11:28.826,1.15045,1.1511,8.00,8.00
2007.12.24 01:11:28.998,1.15045,1.1511,8.00,8.00
2007.12.24 01:11:29.171,1.15045,1.1511,8.00,8.00
2007.12.24 01:11:29.343,1.15045,1.1511,8.00,8.00
2007.12.24 01:11:29.516,1.15045,1.1511,8.00,8.00
2007.12.24 01:11:29.688,1.15045,1.1511,8.00,8.00
2007.12.24 01:11:29.861,1.15045,1.1511,8.00,8.00
2007.12.24 01:11:29.959,1.15045,1.1511,8.00,8.00
2007.12.24 01:11:30.057,1.15045,1.1511,8.00,8.00
2007.12.24 01:11:30.154,1.15045,1.1511,8.00,8.00
2007.12.24 01:11:30.252,1.15045,1.1511,8.00,8.00
2007.12.24 01:11:30.350,1.15045,1.1511,8.00,8.00
2007.12.24 01:11:30.447,1.15045,1.1511,8.00,8.00
2007.12.24 01:11:30.545,1.15045,1.1511,8.00,8.00
2007.12.24 01:11:30.643,1.15045,1.1511,8.00,8.00
2007.12.24 01:11:30.741,1.15045,1.1511,8.00,8.00
2007.12.24 01:11:30.838,1.15045,1.1511,8.00,8.00
2007.12.24 01:11:31.001,1.15045,1.1511,8.00,8.00
2007.12.24 01:11:31.164,1.15045,1.1511,8.00,8.00
2007.12.24 01:11:31.326,1.15045,1.1511,8.00,8.00
2007.12.24 01:11:31.488,1.15045,1.1511,8.00,8.00
2007.12.24 01:11:31.651,1.15045,1.1511,8.00,8.00
2007.12.24 01:11:31.813,1.15045,1.1511,8.00,8.00
2007.12.24 01:11:31.921,1.15045,1.1511,8.00,8.00
2007.12.24 01:11:32.029,1.15045,1.1511,8.00,8.00
2007.12.24 01:11:32.136,1.15045,1.1511,8.00,8.00
2007.12.24 01:11:32.244,1.15045,1.1511,8.00,8.00
2007.12.24 01:11:32.352,1.15045,1.1511,8.00,8.00
2007.12.24 01:11:32.459,1.15045,1.1511,8.00,8.00
2007.12.24 01:11:32.567,1.15045,1.1511,8.00,8.00
2007.12.24 01:11:32.675,1.15045,1.1511,8.00,8.00
2007.12.24 01:11:32.782,1.15045,1.1511,8.00,8.00
2007.12.24 01:11:32.890,1.15045,1.1511,8.00,8.00
2007.12.24 01:11:33.042,1.15045,1.1511,8.00,8.00
2007.12.24 01:11:33.195,1.15045,1.1511,8.00,8.00
2007.12.24 01:11:33.347,1.15045,1.1511,8.00,8.00
2007.12.24 01:11:33.500,1.15045,1.1511,8.00,8.00
2007.12.24 01:11:33.652,1.15045,1.1511,8.00,8.00
2007.12.24 01:11:33.805,1.15045,1.1511,8.00,8.00
2007.12.24 01:11:33.958,1.15045,1.1511,8.00,8.00
2007.12.24 01:11:34.075,1.15045,1.1511,8.00,8.00
2007.12.24 01:11:34.193,1.15045,1.1511,8.00,8.00
2007.12.24 01:11:34.311,1.15045,1.1511,8.00,8.00
2007.12.24 01:11:34.428,1.15045,1.1511,8.00,8.00
2007.12.24 01:11:34.546,1.15045,1.1511,8.00,8.00
2007.12.24 01:11:34.664,1.15045,1.1511,8.00,8.00
2007.12.24 01:11:34.781,1.15045,1.1511,8.00,8.00
2007.12.24 01:11:34.899,1.15045,1.1511,8.00,8.00
2007.12.24 01:11:35.021,1.15045,1.1511,8.00,8.00
2007.12.24 01:11:35.143,1.15045,1.1511,8.00,8.00
2007.12.24 01:11:35.267,1.15045,1.1511,8.00,8.00
2007.12.24 01:11:35.389,1.15045,1.1511,8.00,8.00
2007.12.24 01:11:35.511,1.15045,1.1511,8.00,8.00
2007.12.24 01:11:35.635,1.15045,1.1511,8.00,8.00
2007.12.24 01:11:35.757,1.15045,1.1511,8.00,8.00
2007.12.24 01:11:35.880,1.15045,1.1511,8.00,8.00
2007.12.24 01:11:36.028,1.15045,1.1511,8.00,8.00
2007.12.24 01:11:36.176,1.15045,1.1511,8.00,8.00
2007.12.24 01:11:36.324,1.15045,1.1511,8.00,8.00
2007.12.24 01:11:36.471,1.15045,1.1511,8.00,8.00
2007.12.24 01:11:36.618,1.15045,1.1511,8.00,8.00
2007.12.24 01:11:36.766,1.15045,1.1511,8.00,8.00
2007.12.24 01:11:36.782,1.1504,1.1511,9.20,8.00
2007.12.24 01:11:36.913,1.1504,1.1511,9.20,8.00
2007.12.24 01:11:37.021,1.1504,1.1511,9.20,8.00
2007.12.24 01:11:37.129,1.15045,1.1511,4.30,8.00
2007.12.24 01:11:37.236,1.1504,1.1511,9.20,8.00
2007.12.24 01:11:37.344,1.1504,1.1511,9.20,8.00
2007.12.24 01:11:37.452,1.15045,1.1511,1.40,8.00
2007.12.24 01:11:37.559,1.1504,1.1511,9.20,8.00
2007.12.24 01:11:37.667,1.1504,1.1511,9.20,8.00
2007.12.24 01:11:37.775,1.1504,1.1511,9.20,8.00
2007.12.24 01:11:37.882,1.15045,1.1511,2.40,8.00
2007.12.24 01:11:38.030,1.1504,1.1511,9.20,8.00
2007.12.24 01:11:38.177,1.1504,1.1511,9.20,8.00
2007.12.24 01:11:38.325,1.1504,1.1511,9.20,8.00
2007.12.24 01:11:38.473,1.15045,1.1511,1.60,8.00
2007.12.24 01:11:38.621,1.1504,1.1511,9.20,8.00
2007.12.24 01:11:38.769,1.15045,1.1511,1.60,8.00
2007.12.24 01:11:38.917,1.15045,1.1511,1.90,8.00
2007.12.24 01:11:39.064,1.1504,1.1511,9.20,8.00
2007.12.24 01:11:39.172,1.1504,1.1511,9.20,8.00
2007.12.24 01:11:39.279,1.1504,1.1511,9.20,8.00
2007.12.24 01:11:39.386,1.15045,1.1511,2.50,8.00
2007.12.24 01:11:39.495,1.1504,1.1511,9.20,8.00
2007.12.24 01:11:39.604,1.15045,1.1511,4.20,8.00
2007.12.24 01:11:39.710,1.1504,1.1511,9.20,8.00
2007.12.24 01:11:39.818,1.1504,1.1511,9.20,8.00
2007.12.24 01:11:39.926,1.1504,1.1511,9.20,8.00
2007.12.24 01:11:40.033,1.1504,1.1511,9.20,8.00
2007.12.24 01:11:40.166,1.1504,1.1511,9.20,8.00
2007.12.24 01:11:40.303,1.1504,1.1511,9.20,8.00
2007.12.24 01:11:40.436,1.15045,1.1511,1.10,8.00
2007.12.24 01:11:40.568,1.1504,1.1511,9.20,8.00
2007.12.24 01:11:40.700,1.1504,1.1511,9.20,8.00
2007.12.24 01:11:40.832,1.15045,1.1511,3.20,8.00
2007.12.24 01:11:40.966,1.15045,1.1511,2.10,8.00
2007.12.24 01:11:41.098,1.1504,1.1511,9.20,8.00
2007.12.24 01:11:41.215,1.1504,1.1511,9.20,8.00
2007.12.24 01:11:41.334,1.1504,1.1511,9.20,8.00
2007.12.24 01:11:41.452,1.1504,1.1511,9.20,8.00
2007.12.24 01:11:41.570,1.15045,1.1511,1.80,8.00
2007.12.24 01:11:41.687,1.15045,1.1511,4.40,8.00
2007.12.24 01:11:41.805,1.1504,1.1511,9.20,8.00
2007.12.24 01:11:41.922,1.1504,1.1511,9.20,8.00
2007.12.24 01:11:42.039,1.15045,1.1511,1.20,8.00
2007.12.24 01:11:42.177,1.1504,1.1511,9.20,8.00
2007.12.24 01:11:42.315,1.15045,1.1511,3.90,8.00
2007.12.24 01:11:42.452,1.1504,1.1511,9.20,8.00
2007.12.24 01:11:42.589,1.15045,1.1511,4.40,8.00
2007.12.24 01:11:42.726,1.1504,1.1511,9.20,8.00
2007.12.24 01:11:42.865,1.15045,1.1511,2.50,8.00
2007.12.24 01:11:43.003,1.1504,1.1511,9.20,8.00
2007.12.24 01:11:43.140,1.15045,1.1511,1.00,8.00
2007.12.24 01:11:43.280,1.1504,1.1511,9.20,8.00
2007.12.24 01:11:43.413,1.1504,1.1511,9.20,8.00
2007.12.24 01:11:43.546,1.1504,1.1511,9.20,8.00
2007.12.24 01:11:43.679,1.1504,1.1511,9.20,8.00
2007.12.24 01:11:43.810,1.15045,1.1511,1.70,8.00
2007.12.24 01:11:43.944,1.15045,1.1511,2.80,8.00
2007.12.24 01:11:44.076,1.1504,1.1511,9.20,8.00
2007.12.24 01:11:44.249,1.15045,1.1511,2.80,8.00
2007.12.24 01:11:44.421,1.1504,1.1511,9.20,8.00
2007.12.24 01:11:44.594,1.1504,1.1511,9.20,8.00
2007.12.24 01:11:44.767,1.1504,1.1511,9.20,8.00
2007.12.24 01:11:44.939,1.15045,1.1511,3.60,8.00
2007.12.24 01:11:45.113,1.1504,1.1511,9.20,8.00
2007.12.24 01:11:45.285,1.1504,1.1511,9.20,8.00
2007.12.24 01:11:45.409,1.1504,1.1511,9.20,8.00
2007.12.24 01:11:45.527,1.15045,1.1511,1.20,8.00
2007.12.24 01:11:45.644,1.15045,1.1511,0.50,8.00
2007.12.24 01:11:45.762,1.15045,1.1511,0.70,8.00
2007.12.24 01:11:45.879,1.15045,1.1511,2.70,8.00
2007.12.24 01:11:45.996,1.15045,1.1511,1.20,8.00
2007.12.24 01:11:46.114,1.15045,1.1511,2.20,8.00
2007.12.24 01:11:46.231,1.1504,1.1511,9.20,8.00
2007.12.24 01:11:46.449,1.1504,1.1511,9.20,8.00
2007.12.24 01:11:46.667,1.1504,1.1511,9.20,8.00
2007.12.24 01:11:46.884,1.1504,1.1511,9.20,8.00
2007.12.24 01:11:49.743,1.1503,1.1511,12.80,0.50
2007.12.24 01:11:49.932,1.1503,1.151,14.80,8.00
2007.12.24 01:11:50.120,1.1503,1.151,14.80,8.00
2007.12.24 01:11:50.308,1.15035,1.151,10.80,8.00
2007.12.24 01:11:50.526,1.1504,1.15105,3.50,8.00
2007.12.24 01:11:50.744,1.1503,1.15105,16.00,8.00
2007.12.24 01:11:50.962,1.1504,1.15105,5.70,8.00
2007.12.24 01:11:51.180,1.1504,1.15105,3.00,8.00
2007.12.24 01:11:51.398,1.1503,1.15105,16.00,8.00
2007.12.24 01:11:51.516,1.1504,1.15105,3.00,8.00
2007.12.24 01:11:51.634,1.1504,1.15105,3.10,8.00
2007.12.24 01:11:51.752,1.1503,1.15105,16.00,8.00
2007.12.24 01:11:51.870,1.1504,1.15105,3.90,8.00
2007.12.24 01:11:51.988,1.1503,1.15105,16.00,8.00
2007.12.24 01:11:52.106,1.1504,1.15105,4.20,8.00
2007.12.24 01:11:52.223,1.1503,1.15105,16.00,8.00
2007.12.24 01:11:52.354,1.1503,1.15105,16.00,8.00
2007.12.24 01:11:52.472,1.1503,1.15105,16.00,8.00
2007.12.24 01:11:52.594,1.1504,1.15105,4.20,8.00
2007.12.24 01:11:52.716,1.1503,1.15105,16.00,8.00
2007.12.24 01:11:52.840,1.1504,1.15105,5.80,8.00
2007.12.24 01:11:52.962,1.1503,1.15105,16.00,8.00
2007.12.24 01:11:53.084,1.1503,1.15105,16.00,8.00
2007.12.24 01:11:53.207,1.1503,1.15105,16.00,8.00
2007.12.24 01:11:53.329,1.1504,1.15105,1.40,8.00
2007.12.24 01:11:53.452,1.1504,1.15105,5.70,8.00
2007.12.24 01:11:53.574,1.1504,1.15105,2.20,8.00
2007.12.24 01:11:53.698,1.1504,1.15105,4.60,8.00
2007.12.24 01:11:53.820,1.1503,1.15105,16.00,8.00
2007.12.24 01:11:53.955,1.1503,1.15105,16.00,8.00
2007.12.24 01:11:54.065,1.1503,1.15105,16.00,8.00
2007.12.24 01:11:54.187,1.1503,1.15105,16.00,8.00
2007.12.24 01:11:54.310,1.1503,1.15105,16.00,8.00
2007.12.24 01:11:54.433,1.1503,1.15105,20.00,8.00
2007.12.24 01:11:54.560,1.1504,1.15105,4.00,8.00
2007.12.24 01:11:54.693,1.1504,1.15105,2.30,8.00
2007.12.24 01:11:54.826,1.1503,1.151,18.80,8.00
2007.12.24 01:11:54.958,1.15035,1.151,2.30,8.00
2007.12.24 01:11:55.092,1.15035,1.151,2.40,8.00
2007.12.24 01:11:55.225,1.15035,1.151,3.60,8.00
2007.12.24 01:11:55.357,1.1504,1.15105,4.00,8.00
2007.12.24 01:11:55.490,1.1503,1.15105,20.00,8.00
2007.12.24 01:11:55.623,1.1503,1.15105,20.00,8.00
2007.12.24 01:11:55.851,1.1504,1.15105,5.70,8.00
2007.12.24 01:11:56.078,1.1504,1.15105,0.90,8.00
2007.12.24 01:11:56.306,1.1503,1.15105,20.00,8.00
2007.12.24 01:11:56.533,1.1503,1.15105,20.00,8.00
2007.12.24 01:11:56.761,1.1503,1.15105,20.00,8.00
2007.12.24 01:11:56.859,1.1504,1.15105,4.00,8.00
2007.12.24 01:11:56.957,1.1504,1.15105,4.30,8.00
2007.12.24 01:11:57.054,1.1503,1.15105,20.00,8.00
2007.12.24 01:11:57.152,1.1503,1.15105,20.00,8.00
2007.12.24 01:11:57.250,1.1504,1.15105,5.70,8.00
2007.12.24 01:11:57.347,1.1504,1.15105,5.60,8.00
2007.12.24 01:11:57.445,1.1504,1.15105,3.50,8.00
2007.12.24 01:11:57.544,1.1504,1.15105,4.80,8.00
2007.12.24 01:11:57.696,1.1503,1.15105,20.00,8.00
2007.12.24 01:11:57.848,1.1503,1.15105,20.00,8.00
2007.12.24 01:11:58.001,1.1504,1.15105,1.80,8.00
2007.12.24 01:11:58.153,1.1504,1.15105,5.40,8.00
2007.12.24 01:11:58.307,1.1503,1.15105,20.00,8.00
2007.12.24 01:11:58.459,1.1504,1.15105,3.30,8.00
2007.12.24 01:11:58.611,1.1503,1.15105,20.00,8.00
2007.12.24 01:11:58.720,1.1504,1.15105,4.90,8.00
2007.12.24 01:11:58.827,1.1503,1.15105,20.00,8.00
2007.12.24 01:11:58.935,1.1504,1.15105,0.90,8.00
2007.12.24 01:11:59.044,1.1503,1.15105,20.00,8.00
2007.12.24 01:11:59.151,1.1503,1.15105,20.00,8.00
2007.12.24 01:11:59.258,1.1503,1.15105,20.00,8.00
2007.12.24 01:11:59.367,1.1503,1.15105,20.00,8.00
2007.12.24 01:11:59.474,1.1503,1.15105,20.00,8.00
2007.12.24 01:11:59.581,1.1503,1.15105,20.00,8.00
2007.12.24 01:11:59.758,1.1504,1.15105,2.30,8.00
2007.12.24 01:11:59.937,1.1504,1.15105,0.90,8.00
2007.12.24 01:12:00.114,1.1504,1.15105,1.90,8.00
2007.12.24 01:12:00.291,1.1503,1.15105,20.00,8.00
2007.12.24 01:12:00.468,1.1503,1.15105,20.00,8.00
2007.12.24 01:12:00.646,1.1504,1.15105,3.10,8.00
2007.12.24 01:12:00.783,1.1504,1.15105,4.70,8.00
2007.12.24 01:12:00.921,1.1503,1.15105,20.00,8.00
2007.12.24 01:12:01.059,1.1503,1.15105,20.00,8.00
2007.12.24 01:12:01.208,1.1504,1.15105,1.60,8.00
2007.12.24 01:12:01.347,1.1503,1.15105,20.00,8.00
2007.12.24 01:12:01.483,1.1504,1.15105,4.10,8.00
2007.12.24 01:12:01.620,1.1504,1.15105,3.00,8.00
2007.12.24 01:12:01.757,1.1503,1.15105,20.00,8.00
2007.12.24 01:12:01.941,1.1504,1.15105,4.80,8.00
2007.12.24 01:12:02.123,1.1503,1.15105,20.00,8.00
2007.12.24 01:12:02.307,1.1503,1.15105,20.00,8.00
2007.12.24 01:12:02.489,1.1504,1.15105,3.40,8.00
2007.12.24 01:12:02.672,1.1503,1.15105,20.00,8.00
2007.12.24 01:12:02.855,1.1503,1.15105,20.00,8.00
2007.12.24 01:12:02.977,1.1503,1.15105,20.00,8.00
2007.12.24 01:12:03.101,1.1503,1.15105,20.00,8.00
2007.12.24 01:12:03.236,1.1503,1.1509,4.60,8.00
2007.12.24 01:12:03.346,1.1503,1.1509,0.50,8.00
2007.12.24 01:12:03.470,1.1502,1.1509,12.50,8.00
2007.12.24 01:12:03.592,1.1503,1.1509,3.80,8.00
2007.12.24 01:12:03.715,1.1502,1.1509,12.40,8.00
2007.12.24 01:12:03.838,1.1502,1.1509,12.40,8.00
2007.12.24 01:12:03.986,1.1502,1.1509,12.40,8.00
2007.12.24 01:12:04.133,1.1502,1.1509,12.40,8.00
2007.12.24 01:12:04.281,1.1503,1.1509,1.70,8.00
2007.12.24 01:12:04.440,1.1502,1.1509,12.40,8.00
2007.12.24 01:12:04.576,1.1502,1.1509,12.40,8.00
2007.12.24 01:12:04.724,1.1503,1.1509,1.60,8.00
2007.12.24 01:12:04.872,1.1502,1.1509,12.40,8.00
2007.12.24 01:12:05.075,1.1502,1.1509,12.40,8.00
2007.12.24 01:12:05.278,1.1502,1.1509,12.40,8.00
2007.12.24 01:12:05.481,1.1502,1.1509,12.40,8.00
2007.12.24 01:12:05.684,1.1502,1.1509,12.40,8.00
2007.12.24 01:12:05.886,1.1503,1.1509,8.00,8.00
2007.12.24 01:12:06.029,1.1503,1.1509,8.00,8.00
2007.12.24 01:12:06.171,1.1503,1.1509,8.00,8.00
2007.12.24 01:12:06.313,1.1503,1.1509,8.00,8.00
2007.12.24 01:12:06.467,1.1503,1.1509,8.00,8.00
2007.12.24 01:12:06.610,1.1503,1.1509,8.00,8.00
2007.12.24 01:12:06.752,1.1503,1.1509,8.00,8.00
2007.12.24 01:12:06.896,1.1503,1.1509,8.00,8.00
2007.12.24 01:12:07.044,1.1503,1.1509,8.00,8.00
2007.12.24 01:12:07.191,1.1503,1.1509,8.00,8.00
2007.12.24 01:12:07.339,1.1503,1.1509,8.00,8.00
2007.12.24 01:12:07.487,1.1503,1.1509,8.00,8.00
2007.12.24 01:12:07.635,1.1503,1.1509,8.00,8.00
2007.12.24 01:12:07.782,1.1503,1.1509,8.00,8.00
2007.12.24 01:12:07.929,1.15025,1.15085,8.00,8.00
2007.12.24 01:12:08.117,1.15025,1.15085,8.00,8.00
2007.12.24 01:12:08.305,1.15025,1.15085,8.00,8.00
2007.12.24 01:12:08.493,1.15025,1.15085,8.00,8.00
2007.12.24 01:12:08.680,1.15025,1.15085,8.00,8.00
2007.12.24 01:12:08.868,1.15025,1.15085,8.00,8.00
2007.12.24 01:12:09.056,1.15025,1.15085,8.00,8.00
2007.12.24 01:12:09.274,1.15025,1.15085,8.00,8.00
2007.12.24 01:12:09.492,1.15025,1.15085,8.00,8.00
2007.12.24 01:12:09.710,1.15025,1.15085,8.00,8.00
2007.12.24 01:12:09.928,1.15025,1.15085,8.00,8.00
2007.12.24 01:12:10.145,1.15025,1.15085,8.00,8.00
2007.12.24 01:12:10.288,1.15025,1.15085,8.00,8.00
2007.12.24 01:12:10.431,1.15025,1.15085,8.00,8.00
2007.12.24 01:12:10.574,1.15025,1.15085,8.00,8.00
2007.12.24 01:12:10.717,1.15025,1.15085,8.00,8.00
2007.12.24 01:12:10.861,1.15025,1.15085,8.00,8.00
2007.12.24 01:12:11.003,1.15025,1.15085,8.00,8.00
2007.12.24 01:12:11.111,1.15025,1.15085,8.00,8.00
2007.12.24 01:12:11.219,1.15025,1.15085,8.00,8.00
2007.12.24 01:12:11.327,1.15025,1.15085,8.00,8.00
2007.12.24 01:12:11.434,1.15025,1.15085,8.00,8.00
2007.12.24 01:12:11.542,1.15025,1.15085,8.00,8.00
2007.12.24 01:12:11.650,1.15025,1.15085,8.00,8.00
2007.12.24 01:12:11.758,1.15025,1.15085,8.00,8.00
2007.12.24 01:12:11.867,1.1502,1.1508,8.00,8.00
2007.12.24 01:12:11.974,1.1502,1.1508,8.00,8.00
2007.12.24 01:12:12.187,1.1503,1.1509,8.00,8.00
2007.12.24 01:12:12.401,1.1503,1.1509,8.00,8.00
2007.12.24 01:12:12.613,1.1503,1.1509,8.00,8.00
2007.12.24 01:12:12.825,1.1503,1.1509,8.00,8.00
2007.12.24 01:12:13.038,1.1503,1.1509,8.00,8.00
2007.12.24 01:12:13.181,1.1503,1.1509,8.00,8.00
2007.12.24 01:12:13.324,1.1503,1.1509,8.00,8.00
2007.12.24 01:12:13.467,1.1503,1.1509,8.00,8.00
2007.12.24 01:12:13.609,1.1503,1.1509,8.00,8.00
2007.12.24 01:12:13.765,1.1503,1.1509,8.00,8.00
2007.12.24 01:12:13.895,1.1503,1.1509,8.00,8.00
2007.12.24 01:12:14.037,1.1503,1.1509,8.00,8.00
2007.12.24 01:12:14.150,1.1503,1.1509,8.00,8.00
2007.12.24 01:12:14.262,1.1503,1.1509,8.00,8.00
2007.12.24 01:12:14.375,1.1503,1.1509,8.00,8.00
2007.12.24 01:12:14.500,1.1503,1.1509,8.00,8.00
2007.12.24 01:12:14.600,1.1503,1.1509,8.00,8.00
2007.12.24 01:12:14.712,1.1503,1.1509,8.00,8.00
2007.12.24 01:12:14.825,1.1503,1.1509,8.00,8.00
2007.12.24 01:12:14.938,1.1503,1.1509,8.00,8.00
2007.12.24 01:12:15.055,1.1503,1.1509,8.00,8.00
2007.12.24 01:12:15.213,1.1503,1.1509,8.00,8.00
2007.12.24 01:12:15.370,1.1503,1.1509,8.00,8.00
2007.12.24 01:12:15.528,1.1503,1.1509,8.00,8.00
2007.12.24 01:12:15.685,1.1503,1.1509,8.00,8.00
2007.12.24 01:12:15.847,1.1503,1.1509,8.00,8.00
2007.12.24 01:12:16.005,1.1503,1.1509,8.00,8.00
2007.12.24 01:12:16.162,1.1503,1.1509,8.00,8.00
2007.12.24 01:12:16.285,1.1503,1.1509,8.00,8.00
2007.12.24 01:12:16.408,1.1503,1.1509,8.00,8.00
2007.12.24 01:12:16.541,1.1503,1.1509,8.00,8.00
2007.12.24 01:12:16.664,1.1503,1.1509,8.00,8.00
2007.12.24 01:12:16.788,1.1503,1.1509,8.00,8.00
2007.12.24 01:12:16.910,1.1503,1.1509,8.00,8.00
2007.12.24 01:12:17.033,1.1503,1.1509,8.00,8.00
2007.12.24 01:12:17.156,1.1503,1.1509,8.00,8.00
2007.12.24 01:12:17.318,1.1503,1.1509,8.00,8.00
2007.12.24 01:12:17.481,1.1503,1.1509,8.00,8.00
2007.12.24 01:12:17.643,1.1503,1.1509,8.00,8.00
2007.12.24 01:12:17.806,1.1503,1.1509,8.00,8.00
2007.12.24 01:12:17.968,1.1503,1.1509,8.00,8.00
2007.12.24 01:12:18.131,1.1503,1.1509,8.00,8.00
2007.12.24 01:12:18.254,1.1503,1.1509,8.00,8.00
2007.12.24 01:12:18.377,1.1503,1.1509,8.00,8.00
2007.12.24 01:12:18.500,1.1503,1.1509,8.00,8.00
2007.12.24 01:12:18.623,1.1503,1.1509,8.00,8.00
2007.12.24 01:12:18.746,1.1503,1.1509,8.00,8.00
2007.12.24 01:12:18.869,1.1503,1.1509,8.00,8.00
2007.12.24 01:12:18.994,1.1503,1.1509,8.00,8.00
2007.12.24 01:12:19.116,1.1503,1.1509,8.00,8.00
2007.12.24 01:12:19.239,1.1503,1.1509,8.00,8.00
2007.12.24 01:12:19.397,1.1503,1.1509,8.00,8.00
2007.12.24 01:12:19.555,1.1503,1.1509,8.00,8.00
2007.12.24 01:12:19.712,1.1503,1.1509,8.00,8.00
2007.12.24 01:12:19.870,1.1503,1.1509,8.00,8.00
2007.12.24 01:12:20.028,1.1503,1.1509,8.00,8.00
2007.12.24 01:12:20.186,1.1503,1.1509,8.00,8.00
2007.12.24 01:12:20.289,1.1503,1.1509,8.00,8.00
2007.12.24 01:12:20.391,1.1503,1.1509,8.00,8.00
2007.12.24 01:12:20.494,1.1503,1.1509,8.00,8.00
2007.12.24 01:12:20.596,1.1503,1.1509,8.00,8.00
2007.12.24 01:12:20.699,1.1503,1.1509,8.00,8.00
2007.12.24 01:12:20.802,1.1503,1.1509,8.00,8.00
2007.12.24 01:12:20.874,1.1503,1.1509,1.70,8.00
2007.12.24 01:12:20.906,1.1503,1.1509,0.70,8.00
2007.12.24 01:12:21.007,1.1502,1.1509,12.40,8.00
2007.12.24 01:12:21.110,1.1502,1.1509,12.40,8.00
2007.12.24 01:12:21.212,1.1502,1.1509,12.40,8.00
2007.12.24 01:12:21.370,1.1502,1.1509,12.40,8.00
2007.12.24 01:12:21.527,1.1502,1.1509,12.40,8.00
2007.12.24 01:12:21.685,1.1502,1.1509,12.40,8.00
2007.12.24 01:12:21.842,1.1502,1.1509,12.40,8.00
2007.12.24 01:12:22.012,1.1502,1.1509,12.40,8.00
2007.12.24 01:12:22.157,1.1502,1.1509,12.40,8.00
2007.12.24 01:12:22.255,1.1503,1.1509,1.30,8.00
2007.12.24 01:12:22.353,1.1502,1.1509,12.40,8.00
2007.12.24 01:12:22.451,1.1503,1.1509,1.50,8.00
2007.12.24 01:12:22.549,1.1502,1.1509,12.40,8.00
2007.12.24 01:12:22.647,1.1502,1.1509,12.40,8.00
2007.12.24 01:12:22.757,1.1502,1.1509,12.40,8.00
2007.12.24 01:12:22.843,1.1502,1.1509,12.00,8.00
2007.12.24 01:12:22.941,1.1502,1.1509,12.00,8.00
2007.12.24 01:12:23.039,1.1502,1.1509,12.00,8.00
2007.12.24 01:12:23.137,1.1503,1.1509,3.00,8.00
2007.12.24 01:12:23.235,1.1502,1.15085,12.00,8.00
2007.12.24 01:12:23.467,1.1502,1.15085,12.00,8.00
2007.12.24 01:12:23.700,1.15025,1.15085,3.70,8.00
2007.12.24 01:12:23.933,1.15025,1.15085,3.60,8.00
2007.12.24 01:12:24.166,1.1501,1.15085,13.20,8.00
2007.12.24 01:12:24.399,1.1501,1.15085,13.20,8.00
2007.12.24 01:12:24.512,1.1501,1.15085,13.20,8.00
2007.12.24 01:12:24.625,1.15025,1.15085,3.10,8.00
2007.12.24 01:12:24.738,1.1501,1.15085,13.20,8.00
2007.12.24 01:12:24.850,1.1501,1.15085,13.20,8.00
2007.12.24 01:12:24.963,1.15025,1.15085,2.60,8.00
2007.12.24 01:12:25.078,1.1501,1.15085,13.20,8.00
2007.12.24 01:12:25.191,1.15025,1.15085,3.60,8.00
2007.12.24 01:12:25.303,1.1501,1.15085,13.20,8.00
2007.12.24 01:12:25.416,1.15025,1.15085,3.10,8.00
2007.12.24 01:12:25.529,1.15025,1.15085,1.10,8.00
2007.12.24 01:12:25.642,1.1501,1.15085,13.20,8.00
2007.12.24 01:12:25.755,1.1501,1.15085,13.20,8.00
2007.12.24 01:12:25.882,1.1501,1.15085,13.20,8.00
2007.12.24 01:12:25.994,1.1501,1.15085,13.20,8.00
2007.12.24 01:12:26.107,1.1501,1.15085,13.20,8.00
2007.12.24 01:12:26.220,1.1501,1.15085,13.20,8.00
2007.12.24 01:12:26.382,1.15025,1.15085,2.00,8.00
2007.12.24 01:12:26.545,1.15025,1.15085,1.30,8.00
2007.12.24 01:12:26.708,1.1501,1.15085,13.20,8.00
2007.12.24 01:12:26.885,1.15025,1.15085,2.00,8.00
2007.12.24 01:12:27.034,1.1501,1.15085,13.20,8.00
2007.12.24 01:12:27.197,1.15025,1.15085,2.80,8.00
2007.12.24 01:12:27.359,1.1501,1.15085,13.20,8.00
2007.12.24 01:12:27.477,1.1501,1.15085,13.20,8.00
2007.12.24 01:12:27.595,1.1501,1.15085,13.20,8.00
2007.12.24 01:12:27.713,1.1501,1.15085,13.20,8.00
2007.12.24 01:12:27.830,1.1501,1.15085,13.20,8.00
2007.12.24 01:12:27.948,1.15025,1.15085,3.20,8.00
2007.12.24 01:12:28.066,1.1501,1.15085,13.20,8.00
2007.12.24 01:12:28.183,1.1501,1.15085,13.20,8.00
2007.12.24 01:12:28.301,1.15025,1.15085,2.80,8.00
2007.12.24 01:12:28.438,1.15025,1.15085,3.80,8.00
2007.12.24 01:12:28.590,1.1501,1.15085,13.20,8.00
2007.12.24 01:12:28.728,1.1501,1.15085,13.20,8.00
2007.12.24 01:12:28.866,1.1501,1.15085,13.20,8.00
2007.12.24 01:12:29.003,1.1501,1.15085,13.20,8.00
2007.12.24 01:12:29.141,1.1501,1.15085,13.20,8.00
2007.12.24 01:12:29.279,1.15025,1.15085,2.60,8.00
2007.12.24 01:12:29.421,1.15025,1.15085,3.50,8.00
2007.12.24 01:12:29.563,1.1501,1.15085,13.20,8.00
2007.12.24 01:12:29.707,1.1501,1.15085,13.20,8.00
2007.12.24 01:12:29.849,1.1501,1.15085,13.20,8.00
2007.12.24 01:12:29.992,1.1501,1.15085,13.20,8.00
2007.12.24 01:12:30.135,1.15025,1.15085,2.70,8.00
2007.12.24 01:12:30.277,1.1501,1.15085,13.20,8.00
2007.12.24 01:12:30.420,1.1501,1.15085,13.20,8.00
2007.12.24 01:12:30.532,1.1501,1.15085,13.20,8.00
2007.12.24 01:12:30.645,1.1501,1.15085,13.20,8.00
2007.12.24 01:12:30.758,1.15025,1.15085,2.00,8.00
2007.12.24 01:12:30.870,1.1501,1.15085,13.20,8.00
2007.12.24 01:12:30.983,1.1501,1.15085,13.20,8.00
2007.12.24 01:12:31.096,1.15025,1.15085,3.00,8.00
2007.12.24 01:12:31.212,1.15025,1.15085,1.20,8.00
2007.12.24 01:12:31.325,1.15025,1.15085,3.50,8.00
2007.12.24 01:12:31.493,1.1501,1.15085,13.20,8.00
2007.12.24 01:12:31.660,1.1501,1.15085,13.20,8.00
2007.12.24 01:12:31.828,1.1501,1.15085,13.20,8.00
2007.12.24 01:12:31.996,1.15025,1.15085,4.00,8.00
2007.12.24 01:12:32.163,1.1501,1.15085,13.20,8.00
2007.12.24 01:12:32.331,1.1501,1.15085,13.20,8.00
2007.12.24 01:12:32.433,1.1501,1.15085,13.20,8.00
2007.12.24 01:12:32.536,1.1501,1.15085,13.20,8.00
2007.12.24 01:12:32.639,1.15025,1.15085,3.00,8.00
2007.12.24 01:12:32.741,1.1501,1.15085,13.20,8.00
2007.12.24 01:12:32.844,1.15025,1.15085,2.00,8.00
2007.12.24 01:12:32.947,1.15025,1.15085,2.00,8.00
2007.12.24 01:12:33.049,1.1501,1.15085,13.20,8.00
2007.12.24 01:12:33.151,1.1501,1.15085,13.20,8.00
2007.12.24 01:12:33.254,1.1501,1.15085,13.20,8.00
2007.12.24 01:12:33.357,1.1501,1.15085,13.20,8.00
2007.12.24 01:12:33.460,1.1501,1.15085,13.20,8.00
2007.12.24 01:12:33.617,1.1501,1.15085,13.20,8.00
2007.12.24 01:12:33.775,1.15025,1.15085,3.10,8.00
2007.12.24 01:12:33.933,1.1501,1.15085,13.20,8.00
2007.12.24 01:12:34.090,1.1501,1.15085,13.20,8.00
2007.12.24 01:12:34.248,1.1501,1.15085,13.20,8.00
2007.12.24 01:12:34.405,1.15025,1.15085,1.70,8.00
2007.12.24 01:12:34.538,1.15025,1.15085,3.00,8.00
2007.12.24 01:12:34.671,1.1501,1.15085,13.20,8.00
2007.12.24 01:12:34.803,1.1501,1.15085,13.20,8.00
2007.12.24 01:12:34.936,1.15025,1.15085,1.30,8.00
2007.12.24 01:12:35.069,1.1501,1.15085,13.20,8.00
2007.12.24 01:12:35.201,1.15025,1.15085,1.20,8.00
2007.12.24 01:12:35.334,1.15025,1.15085,1.10,8.00
2007.12.24 01:12:35.467,1.1501,1.15085,13.20,8.00
2007.12.24 01:12:35.594,1.1501,1.15085,13.20,8.00
2007.12.24 01:12:35.722,1.1501,1.15085,13.20,8.00
2007.12.24 01:12:35.852,1.1501,1.15085,13.20,8.00
2007.12.24 01:12:35.980,1.1501,1.15085,13.20,8.00
2007.12.24 01:12:36.107,1.1501,1.15085,13.20,8.00
2007.12.24 01:12:36.236,1.15025,1.15085,2.90,8.00
2007.12.24 01:12:36.363,1.15025,1.15085,3.00,8.00
2007.12.24 01:12:36.491,1.15025,1.15085,2.90,8.00
2007.12.24 01:12:36.619,1.15025,1.15085,2.10,8.00
2007.12.24 01:12:36.747,1.15025,1.15085,2.30,8.00
2007.12.24 01:12:36.875,1.15025,1.15085,0.90,8.00
2007.12.24 01:12:37.003,1.15025,1.15085,0.50,8.00
2007.12.24 01:12:37.130,1.15025,1.15085,3.60,8.00
2007.12.24 01:12:37.257,1.15025,1.15085,0.60,8.00
2007.12.24 01:12:37.386,1.1501,1.15085,13.20,8.00
2007.12.24 01:12:37.514,1.1501,1.15085,13.20,8.00
2007.12.24 01:12:37.632,1.1501,1.15085,13.20,8.00
2007.12.24 01:12:37.749,1.1501,1.15085,13.20,8.00
2007.12.24 01:12:37.878,1.1501,1.15085,13.20,8.00
2007.12.24 01:12:37.985,1.15025,1.15085,3.20,8.00
2007.12.24 01:12:38.103,1.1501,1.15085,13.20,8.00
2007.12.24 01:12:38.220,1.1501,1.15085,13.20,8.00
2007.12.24 01:12:38.339,1.1501,1.15085,12.40,8.00
2007.12.24 01:12:38.457,1.15025,1.15085,2.80,8.00
2007.12.24 01:12:38.575,1.1501,1.15085,12.40,8.00
2007.12.24 01:12:38.713,1.15025,1.15085,2.20,8.00
2007.12.24 01:12:38.850,1.1501,1.15085,12.40,8.00
2007.12.24 01:12:38.989,1.1501,1.15085,12.40,8.00
2007.12.24 01:12:39.127,1.15025,1.15085,1.70,8.00
2007.12.24 01:12:39.264,1.15025,1.15085,1.20,8.00
2007.12.24 01:12:39.402,1.15025,1.15085,3.60,8.00
2007.12.24 01:12:39.540,1.1501,1.15085,12.40,8.00
2007.12.24 01:12:39.677,1.15025,1.15085,4.00,8.00
2007.12.24 01:12:39.840,1.15025,1.15085,1.40,8.00
2007.12.24 01:12:40.003,1.1501,1.15085,12.40,8.00
2007.12.24 01:12:40.165,1.1501,1.15085,12.40,8.00
2007.12.24 01:12:40.327,1.15025,1.15085,1.70,8.00
2007.12.24 01:12:40.491,1.15025,1.15085,3.90,8.00
2007.12.24 01:12:40.653,1.1501,1.15085,12.40,8.00
2007.12.24 01:12:40.755,1.1501,1.15085,12.40,8.00
2007.12.24 01:12:40.859,1.1501,1.15085,12.40,8.00
2007.12.24 01:12:40.960,1.1501,1.15085,12.40,8.00
2007.12.24 01:12:41.062,1.1501,1.15085,12.40,8.00
2007.12.24 01:12:41.166,1.1501,1.15085,12.40,8.00
2007.12.24 01:12:41.270,1.1501,1.15085,12.40,8.00
2007.12.24 01:12:41.372,1.1501,1.15085,12.40,8.00
2007.12.24 01:12:41.474,1.1501,1.15085,12.40,8.00
2007.12.24 01:12:41.577,1.1501,1.15085,12.40,8.00
2007.12.24 01:12:41.680,1.15025,1.15085,4.00,8.00
2007.12.24 01:12:41.892,1.1501,1.15085,12.40,8.00
2007.12.24 01:12:42.104,1.1501,1.15085,12.40,8.00
2007.12.24 01:12:42.318,1.1501,1.15085,12.40,8.00
2007.12.24 01:12:42.530,1.15025,1.15085,1.60,8.00
2007.12.24 01:12:42.744,1.1501,1.15085,12.40,8.00
2007.12.24 01:12:42.956,1.1501,1.15085,12.40,8.00
2007.12.24 01:12:43.043,1.1501,1.15085,12.40,8.00
2007.12.24 01:12:43.132,1.1501,1.15085,12.40,8.00
2007.12.24 01:12:43.219,1.15025,1.15085,0.50,8.00
2007.12.24 01:12:43.306,1.1501,1.15085,12.40,8.00
2007.12.24 01:12:43.395,1.1501,1.15085,12.40,8.00
2007.12.24 01:12:43.483,1.15025,1.15085,0.60,8.00
2007.12.24 01:12:43.570,1.1501,1.15085,12.40,8.00
2007.12.24 01:12:43.657,1.15025,1.15085,1.30,8.00
2007.12.24 01:12:43.744,1.1501,1.15085,12.40,8.00
2007.12.24 01:12:43.833,1.1501,1.15085,12.40,8.00
2007.12.24 01:12:44.056,1.15025,1.15085,3.80,8.00
2007.12.24 01:12:44.278,1.1501,1.15085,12.40,8.00
2007.12.24 01:12:44.502,1.15025,1.15085,1.00,8.00
2007.12.24 01:12:44.724,1.1501,1.15085,12.40,8.00
2007.12.24 01:12:44.946,1.1501,1.15085,12.40,8.00
2007.12.24 01:12:45.039,1.1501,1.15085,12.40,8.00
2007.12.24 01:12:45.133,1.15025,1.15085,4.00,8.00
2007.12.24 01:12:45.226,1.15025,1.15085,3.00,8.00
2007.12.24 01:12:45.318,1.15025,1.15085,3.30,8.00
2007.12.24 01:12:45.410,1.15025,1.15085,0.90,8.00
2007.12.24 01:12:45.502,1.1501,1.15085,12.40,8.00
2007.12.24 01:12:45.595,1.15025,1.15085,2.00,8.00
2007.12.24 01:12:45.688,1.15025,1.15085,0.90,8.00
2007.12.24 01:12:45.781,1.1501,1.15085,12.40,8.00
2007.12.24 01:12:45.873,1.1501,1.15085,12.40,8.00
2007.12.24 01:12:45.965,1.1501,1.15085,12.40,8.00
2007.12.24 01:12:46.122,1.1501,1.15085,12.40,8.00
2007.12.24 01:12:46.281,1.15025,1.15085,2.50,8.00
2007.12.24 01:12:46.438,1.1501,1.15085,12.40,8.00
2007.12.24 01:12:46.595,1.15025,1.15085,3.00,8.00
2007.12.24 01:12:46.754,1.15025,1.15085,1.90,8.00
2007.12.24 01:12:46.911,1.1501,1.15085,12.40,8.00
2007.12.24 01:12:47.070,1.1501,1.15085,12.40,8.00
2007.12.24 01:12:47.188,1.15025,1.15085,3.60,8.00
2007.12.24 01:12:47.305,1.1501,1.15085,12.40,8.00
2007.12.24 01:12:47.423,1.15025,1.15085,0.70,8.00
2007.12.24 01:12:47.541,1.15025,1.15085,0.80,8.00
2007.12.24 01:12:47.658,1.15025,1.15085,3.60,8.00
2007.12.24 01:12:47.777,1.15025,1.15085,1.60,8.00
2007.12.24 01:12:47.894,1.15025,1.15085,1.10,8.00
2007.12.24 01:12:48.011,1.1501,1.15085,12.40,8.00
2007.12.24 01:12:48.170,1.1501,1.15085,12.40,8.00
2007.12.24 01:12:48.338,1.15025,1.15085,2.30,8.00
2007.12.24 01:12:48.496,1.1501,1.15095,13.20,8.00
2007.12.24 01:12:48.655,1.1501,1.15095,13.20,8.00
2007.12.24 01:12:48.812,1.1501,1.15095,13.20,8.00
2007.12.24 01:12:48.971,1.1502,1.15095,12.00,8.00
2007.12.24 01:12:49.128,1.1502,1.15095,12.00,8.00
2007.12.24 01:12:49.286,1.1503,1.15095,4.10,8.00
2007.12.24 01:12:49.443,1.1503,1.15095,0.80,8.00
2007.12.24 01:12:49.602,1.1502,1.15095,12.00,8.00
2007.12.24 01:12:49.759,1.1502,1.15095,12.00,8.00
2007.12.24 01:12:49.916,1.1503,1.15095,1.30,8.00
2007.12.24 01:12:50.075,1.1503,1.15095,4.40,8.00
2007.12.24 01:12:50.246,1.1502,1.15095,12.00,8.00
2007.12.24 01:12:50.336,1.1502,1.15095,12.00,8.00
2007.12.24 01:12:50.438,1.1503,1.15095,2.50,8.00
2007.12.24 01:12:50.540,1.1502,1.15095,12.00,8.00
2007.12.24 01:12:50.642,1.1502,1.15095,12.00,8.00
2007.12.24 01:12:50.746,1.1503,1.15095,1.10,8.00
2007.12.24 01:12:50.848,1.1502,1.15095,12.00,8.00
2007.12.24 01:12:50.950,1.1502,1.15095,12.00,8.00
2007.12.24 01:12:51.054,1.1503,1.15095,3.40,8.00
2007.12.24 01:12:51.156,1.1502,1.15095,12.00,8.00
2007.12.24 01:12:51.313,1.1502,1.15095,12.00,8.00
2007.12.24 01:12:51.472,1.1502,1.15095,12.00,8.00
2007.12.24 01:12:51.629,1.1503,1.15095,2.40,8.00
2007.12.24 01:12:51.787,1.1502,1.15095,12.00,8.00
2007.12.24 01:12:51.945,1.1502,1.15095,12.00,8.00
2007.12.24 01:12:52.102,1.1503,1.15095,1.70,8.00
2007.12.24 01:12:52.260,1.1502,1.15095,12.00,8.00
2007.12.24 01:12:52.359,1.1502,1.15095,12.00,8.00
2007.12.24 01:12:52.456,1.1502,1.15095,12.00,8.00
2007.12.24 01:12:52.554,1.1503,1.15095,3.80,8.00
2007.12.24 01:12:52.653,1.1502,1.15095,12.00,8.00
2007.12.24 01:12:52.750,1.1502,1.15095,12.00,8.00
2007.12.24 01:12:52.847,1.1502,1.15095,12.00,8.00
2007.12.24 01:12:52.946,1.1503,1.15095,3.30,8.00
2007.12.24 01:12:53.044,1.1502,1.15095,12.00,8.00
2007.12.24 01:12:53.141,1.1503,1.15095,1.40,8.00
2007.12.24 01:12:53.240,1.1503,1.15095,3.80,8.00
2007.12.24 01:12:53.412,1.1502,1.15095,12.00,8.00
2007.12.24 01:12:53.585,1.1502,1.15095,12.00,8.00
2007.12.24 01:12:53.757,1.1503,1.15095,0.80,8.00
2007.12.24 01:12:53.929,1.1503,1.15095,1.30,8.00
2007.12.24 01:12:54.102,1.1503,1.15095,1.60,8.00
2007.12.24 01:12:54.275,1.1502,1.15095,12.00,8.00
2007.12.24 01:12:54.373,1.1503,1.15095,3.70,8.00
2007.12.24 01:12:54.470,1.1502,1.15095,12.00,8.00
2007.12.24 01:12:54.567,1.1503,1.15095,2.00,8.00
2007.12.24 01:12:54.666,1.1502,1.15095,12.00,8.00
2007.12.24 01:12:54.763,1.1502,1.15095,12.00,8.00
2007.12.24 01:12:54.861,1.1503,1.15095,3.70,8.00
2007.12.24 01:12:54.969,1.1503,1.15095,2.60,8.00
2007.12.24 01:12:55.066,1.1503,1.15095,3.20,8.00
2007.12.24 01:12:55.164,1.1503,1.15095,1.90,8.00
2007.12.24 01:12:55.262,1.1502,1.15095,12.00,8.00
2007.12.24 01:12:55.359,1.1503,1.15095,3.90,8.00
2007.12.24 01:12:55.517,1.1502,1.15095,12.00,8.00
2007.12.24 01:12:55.675,1.1503,1.15095,3.30,8.00
2007.12.24 01:12:55.832,1.1502,1.15095,12.00,8.00
2007.12.24 01:12:55.990,1.1502,1.15095,12.00,8.00
2007.12.24 01:12:56.147,1.1502,1.15095,12.00,8.00
2007.12.24 01:12:56.304,1.1502,1.15095,12.00,8.00
2007.12.24 01:12:56.463,1.1502,1.15095,12.00,8.00
2007.12.24 01:12:56.565,1.1502,1.15095,12.00,8.00
2007.12.24 01:12:56.667,1.1503,1.15095,1.40,8.00
2007.12.24 01:12:56.771,1.1502,1.15095,12.00,8.00
2007.12.24 01:12:56.874,1.1503,1.15095,0.70,8.00
2007.12.24 01:12:56.976,1.1502,1.15095,12.00,8.00
2007.12.24 01:12:57.079,1.1503,1.15095,1.90,8.00
2007.12.24 01:12:57.181,1.1502,1.15095,12.00,8.00
2007.12.24 01:12:57.285,1.1503,1.15095,4.20,8.00
2007.12.24 01:12:57.388,1.1503,1.15095,3.70,8.00
2007.12.24 01:12:57.605,1.1503,1.15095,1.70,8.00
2007.12.24 01:12:57.822,1.1503,1.15095,1.80,8.00
2007.12.24 01:12:58.041,1.1502,1.15095,12.00,8.00
2007.12.24 01:12:58.258,1.1503,1.15095,2.60,8.00
2007.12.24 01:12:58.479,1.15035,1.151,3.20,8.00
2007.12.24 01:12:58.601,1.15035,1.151,3.20,8.00
2007.12.24 01:12:58.724,1.1502,1.151,12.40,8.00
2007.12.24 01:12:58.847,1.1502,1.151,12.40,8.00
2007.12.24 01:12:58.970,1.15035,1.151,4.00,8.00
2007.12.24 01:12:59.093,1.1502,1.151,12.40,8.00
2007.12.24 01:12:59.215,1.1502,1.151,12.40,8.00
2007.12.24 01:12:59.337,1.1502,1.151,12.40,8.00
2007.12.24 01:12:59.460,1.1502,1.151,12.40,8.00
2007.12.24 01:12:59.703,1.1502,1.151,12.40,8.00
2007.12.24 01:12:59.945,1.15035,1.151,3.50,8.00
2007.12.24 01:13:00.189,1.15035,1.151,1.60,8.00
2007.12.24 01:13:00.431,1.15035,1.151,1.50,8.00
2007.12.24 01:13:00.514,1.1502,1.151,12.40,8.00
2007.12.24 01:13:00.598,1.15035,1.151,1.20,8.00
2007.12.24 01:13:00.680,1.15035,1.151,4.00,8.00
2007.12.24 01:13:00.762,1.1502,1.151,12.40,8.00
2007.12.24 01:13:00.845,1.1502,1.151,12.40,8.00
2007.12.24 01:13:00.929,1.15035,1.151,1.90,8.00
2007.12.24 01:13:01.011,1.15035,1.151,2.90,8.00
2007.12.24 01:13:01.093,1.15035,1.151,2.60,8.00
2007.12.24 01:13:01.176,1.1502,1.151,12.40,8.00
2007.12.24 01:13:01.259,1.1502,1.151,12.40,8.00
2007.12.24 01:13:01.341,1.15035,1.151,3.40,8.00
2007.12.24 01:13:01.424,1.15035,1.151,0.80,8.00
2007.12.24 01:13:01.524,1.15035,1.151,4.20,8.00
2007.12.24 01:13:01.686,1.1502,1.151,12.40,8.00
2007.12.24 01:13:01.864,1.15035,1.151,1.00,8.00
2007.12.24 01:13:02.041,1.1502,1.151,12.40,8.00
2007.12.24 01:13:02.218,1.1502,1.151,12.40,8.00
2007.12.24 01:13:02.396,1.1502,1.151,12.40,8.00
2007.12.24 01:13:02.573,1.15035,1.151,1.40,8.00
2007.12.24 01:13:02.727,1.1502,1.151,12.40,8.00
2007.12.24 01:13:02.879,1.15035,1.151,3.60,8.00
2007.12.24 01:13:03.042,1.1502,1.151,12.40,8.00
2007.12.24 01:13:03.196,1.1502,1.151,12.40,8.00
2007.12.24 01:13:03.348,1.15035,1.151,3.50,8.00
2007.12.24 01:13:03.500,1.15035,1.151,3.50,8.00
2007.12.24 01:13:03.653,1.1502,1.151,12.40,8.00
2007.12.24 01:13:03.777,1.1502,1.151,12.40,8.00
2007.12.24 01:13:03.899,1.1502,1.151,12.40,8.00
2007.12.24 01:13:04.021,1.1502,1.151,12.40,8.00
2007.12.24 01:13:04.144,1.15035,1.151,4.00,8.00
2007.12.24 01:13:04.267,1.1502,1.151,12.40,8.00
2007.12.24 01:13:04.389,1.15035,1.151,1.90,8.00
2007.12.24 01:13:04.511,1.15035,1.151,1.10,8.00
2007.12.24 01:13:04.635,1.15035,1.151,1.30,8.00
2007.12.24 01:13:04.802,1.1502,1.151,12.40,8.00
2007.12.24 01:13:04.970,1.1502,1.151,12.40,8.00
2007.12.24 01:13:05.137,1.1502,1.151,12.40,8.00
2007.12.24 01:13:05.305,1.1502,1.151,12.40,8.00
2007.12.24 01:13:05.474,1.1502,1.151,12.40,8.00
2007.12.24 01:13:05.641,1.15035,1.151,2.50,8.00
2007.12.24 01:13:05.810,1.1502,1.151,12.40,8.00
2007.12.24 01:13:05.932,1.1502,1.151,12.40,8.00
2007.12.24 01:13:06.054,1.15035,1.151,2.60,8.00
2007.12.24 01:13:06.177,1.15035,1.151,1.90,8.00
2007.12.24 01:13:06.300,1.1502,1.151,12.40,8.00
2007.12.24 01:13:06.422,1.1502,1.151,12.40,8.00
2007.12.24 01:13:06.544,1.15035,1.151,2.20,8.00
2007.12.24 01:13:06.678,1.1502,1.151,12.40,8.00
2007.12.24 01:13:06.801,1.1502,1.151,12.40,8.00
2007.12.24 01:13:06.928,1.1502,1.151,12.40,8.00
2007.12.24 01:13:07.055,1.1502,1.151,12.40,8.00
2007.12.24 01:13:07.182,1.1502,1.151,12.40,8.00
2007.12.24 01:13:07.309,1.15035,1.151,2.70,8.00
2007.12.24 01:13:07.437,1.15035,1.151,1.80,8.00
2007.12.24 01:13:07.565,1.1502,1.151,12.40,8.00
2007.12.24 01:13:07.693,1.15035,1.151,3.30,8.00
2007.12.24 01:13:07.822,1.1502,1.151,12.40,8.00
2007.12.24 01:13:07.939,1.1502,1.151,12.40,8.00
2007.12.24 01:13:07.981,1.1502,1.1512,20.40,16.30
2007.12.24 01:13:08.056,1.1502,1.1512,12.40,16.30
2007.12.24 01:13:08.174,1.1502,1.1512,12.40,16.30
2007.12.24 01:13:08.292,1.1502,1.1512,12.40,16.30
2007.12.24 01:13:08.409,1.1502,1.1512,12.40,16.30
2007.12.24 01:13:08.526,1.15035,1.151,0.80,0.60
2007.12.24 01:13:08.645,1.15035,1.151,0.70,0.70
2007.12.24 01:13:08.762,1.15035,1.151,0.70,0.60
2007.12.24 01:13:08.895,1.15035,1.151,0.60,0.80
2007.12.24 01:13:09.029,1.15035,1.151,0.50,0.90
2007.12.24 01:13:09.161,1.15035,1.151,0.60,0.70
2007.12.24 01:13:09.294,1.15035,1.151,0.80,0.50
2007.12.24 01:13:09.428,1.1504,1.1512,8.50,10.80
2007.12.24 01:13:09.562,1.15045,1.1511,0.70,0.60
2007.12.24 01:13:09.695,1.15045,1.1511,0.70,0.50
2007.12.24 01:13:09.827,1.1504,1.1512,8.50,10.80
2007.12.24 01:13:09.959,1.1504,1.1512,8.50,10.80
2007.12.24 01:13:10.092,1.1504,1.1512,8.50,10.80
2007.12.24 01:13:10.225,1.1504,1.1512,8.50,10.80
2007.12.24 01:13:10.357,1.15045,1.1511,0.70,0.80
2007.12.24 01:13:10.490,1.1504,1.1512,8.50,10.80
2007.12.24 01:13:10.623,1.15045,1.1511,0.90,0.60
2007.12.24 01:13:10.756,1.1504,1.1512,8.50,10.80
2007.12.24 01:13:10.890,1.15045,1.1511,0.70,0.90
2007.12.24 01:13:11.022,1.1504,1.1512,8.50,10.80
2007.12.24 01:13:11.154,1.1504,1.1512,8.50,10.80
2007.12.24 01:13:11.287,1.15045,1.1511,0.90,0.80
2007.12.24 01:13:11.421,1.15045,1.1511,0.60,0.80
2007.12.24 01:13:11.555,1.15045,1.1511,0.90,0.60
2007.12.24 01:13:11.687,1.15045,1.1511,0.70,0.90
2007.12.24 01:13:11.820,1.1504,1.1512,8.50,10.80
2007.12.24 01:13:11.938,1.15045,1.1511,0.60,0.50
2007.12.24 01:13:12.055,1.1504,1.1512,8.50,10.80
2007.12.24 01:13:12.173,1.15045,1.1511,0.80,0.60
2007.12.24 01:13:12.291,1.1504,1.1512,8.50,10.80
2007.12.24 01:13:12.410,1.15045,1.1511,0.90,0.80
2007.12.24 01:13:12.527,1.1504,1.1512,8.50,10.80
2007.12.24 01:13:12.644,1.1504,1.1512,8.50,10.80
2007.12.24 01:13:12.761,1.1504,1.1512,8.50,10.80
2007.12.24 01:13:12.879,1.1504,1.1512,8.50,10.80
2007.12.24 01:13:13.007,1.15045,1.1511,0.50,0.50
2007.12.24 01:13:13.135,1.1504,1.1512,8.50,10.80
2007.12.24 01:13:13.263,1.15045,1.1511,0.60,0.90
2007.12.24 01:13:13.391,1.1504,1.1512,8.50,10.80
2007.12.24 01:13:13.518,1.15045,1.1511,0.50,0.60
2007.12.24 01:13:13.646,1.15045,1.1511,0.80,0.80
2007.12.24 01:13:13.774,1.15045,1.1511,0.60,0.50
2007.12.24 01:13:13.912,1.15045,1.1511,0.50,0.90
2007.12.24 01:13:14.055,1.15045,1.1512,8.00,10.80
2007.12.24 01:13:14.197,1.15045,1.1511,8.00,0.90
2007.12.24 01:13:14.339,1.15045,1.1512,8.00,10.80
2007.12.24 01:13:14.482,1.15045,1.1512,8.00,10.80
2007.12.24 01:13:14.625,1.15045,1.1512,8.00,10.80
2007.12.24 01:13:14.768,1.15045,1.1511,8.00,0.80
2007.12.24 01:13:14.910,1.15045,1.1512,8.00,10.80
2007.12.24 01:13:15.038,1.15045,1.1512,8.00,10.80
2007.12.24 01:13:15.166,1.15045,1.1511,8.00,0.90
2007.12.24 01:13:15.293,1.15045,1.1512,8.00,10.80
2007.12.24 01:13:15.420,1.15045,1.1512,8.00,10.80
2007.12.24 01:13:15.561,1.15045,1.1512,8.00,10.80
2007.12.24 01:13:15.676,1.15045,1.1512,8.00,10.80
2007.12.24 01:13:15.803,1.15045,1.1512,8.00,10.80
2007.12.24 01:13:15.931,1.15045,1.1511,8.00,0.70
2007.12.24 01:13:16.049,1.15045,1.1511,8.00,0.60
2007.12.24 01:13:16.166,1.15045,1.1512,8.00,10.80
2007.12.24 01:13:16.283,1.15045,1.1512,8.00,10.80
2007.12.24 01:13:16.402,1.15045,1.1511,8.00,0.90
2007.12.24 01:13:16.519,1.15045,1.1512,8.00,10.80
2007.12.24 01:13:16.636,1.15045,1.1511,8.00,0.60
2007.12.24 01:13:16.754,1.15045,1.1511,8.00,0.50
2007.12.24 01:13:16.872,1.15045,1.1511,8.00,0.70
2007.12.24 01:13:16.989,1.15045,1.1512,8.00,10.80
2007.12.24 01:13:17.116,1.15045,1.1511,8.00,0.70
2007.12.24 01:13:17.244,1.15045,1.1511,8.00,0.70
2007.12.24 01:13:17.371,1.15045,1.1512,8.00,10.80
2007.12.24 01:13:17.499,1.15045,1.1512,8.00,10.80
2007.12.24 01:13:17.628,1.15045,1.1511,8.00,0.50
2007.12.24 01:13:17.755,1.15045,1.1512,8.00,10.80
2007.12.24 01:13:17.882,1.15045,1.1512,8.00,10.80
2007.12.24 01:13:18.010,1.15045,1.1511,8.00,0.70
2007.12.24 01:13:18.158,1.15045,1.1512,8.00,10.80
2007.12.24 01:13:18.306,1.15045,1.1512,8.00,10.80
2007.12.24 01:13:18.454,1.15045,1.1512,8.00,10.80
2007.12.24 01:13:18.601,1.15045,1.1512,8.00,10.80
2007.12.24 01:13:18.749,1.15045,1.1511,8.00,0.80
2007.12.24 01:13:18.896,1.15045,1.1512,8.00,10.80
2007.12.24 01:13:19.045,1.15045,1.1511,8.00,0.60
2007.12.24 01:13:19.147,1.15045,1.1511,8.00,0.80
2007.12.24 01:13:19.249,1.15045,1.1512,8.00,10.80
2007.12.24 01:13:19.352,1.15045,1.1512,8.00,10.80
2007.12.24 01:13:19.454,1.15045,1.1512,8.00,10.80
2007.12.24 01:13:19.557,1.15045,1.1512,8.00,10.80
2007.12.24 01:13:19.660,1.15045,1.1512,8.00,10.80
2007.12.24 01:13:19.763,1.15045,1.1512,8.00,10.80
2007.12.24 01:13:19.866,1.15045,1.1512,8.00,10.80
2007.12.24 01:13:19.968,1.15045,1.1511,8.00,0.50
2007.12.24 01:13:20.105,1.15045,1.1512,8.00,10.80
2007.12.24 01:13:20.243,1.15045,1.1512,8.00,10.80
2007.12.24 01:13:20.381,1.15045,1.1512,8.00,10.80
2007.12.24 01:13:20.518,1.15045,1.1512,8.00,10.80
2007.12.24 01:13:20.670,1.15045,1.1511,8.00,0.90
2007.12.24 01:13:20.808,1.15045,1.1512,8.00,10.80
2007.12.24 01:13:20.947,1.15045,1.1511,8.00,0.90
2007.12.24 01:13:21.079,1.15045,1.1511,8.00,0.50
2007.12.24 01:13:21.211,1.15045,1.1512,8.00,10.80
2007.12.24 01:13:21.344,1.15045,1.1511,8.00,0.90
2007.12.24 01:13:21.476,1.15045,1.1512,8.00,10.80
2007.12.24 01:13:21.609,1.15045,1.1511,8.00,0.50
2007.12.24 01:13:21.741,1.15045,1.1512,8.00,10.80
2007.12.24 01:13:21.874,1.15045,1.1512,8.00,10.80
2007.12.24 01:13:22.007,1.15045,1.1512,8.00,10.80
2007.12.24 01:13:22.209,1.15045,1.1512,8.00,10.80
2007.12.24 01:13:22.412,1.15045,1.1511,8.00,0.60
2007.12.24 01:13:22.614,1.15045,1.1512,8.00,10.80
2007.12.24 01:13:22.818,1.15045,1.1512,8.00,10.80
2007.12.24 01:13:23.020,1.15045,1.1512,8.00,10.80
2007.12.24 01:13:23.098,1.15045,1.1512,8.00,10.80
2007.12.24 01:13:23.176,1.15045,1.1512,8.00,10.80
2007.12.24 01:13:23.254,1.15045,1.1511,8.00,0.70
2007.12.24 01:13:23.331,1.15045,1.1511,8.00,0.90
2007.12.24 01:13:23.408,1.15045,1.1511,8.00,0.70
2007.12.24 01:13:23.486,1.15045,1.1512,8.00,10.80
2007.12.24 01:13:23.564,1.15045,1.1512,8.00,10.80
2007.12.24 01:13:23.642,1.15045,1.1511,8.00,0.50
2007.12.24 01:13:23.720,1.15045,1.1511,8.00,0.50
2007.12.24 01:13:23.797,1.15045,1.1511,8.00,0.50
2007.12.24 01:13:23.875,1.15045,1.1512,8.00,10.80
2007.12.24 01:13:23.953,1.15045,1.1511,8.00,0.90
2007.12.24 01:13:24.031,1.15045,1.1512,8.00,10.80
2007.12.24 01:13:24.229,1.15045,1.1512,8.00,10.80
2007.12.24 01:13:24.427,1.15045,1.1512,8.00,10.80
2007.12.24 01:13:24.625,1.15045,1.1512,8.00,10.80
2007.12.24 01:13:24.822,1.15045,1.1511,8.00,0.50
2007.12.24 01:13:25.020,1.15045,1.1511,8.00,0.60
2007.12.24 01:13:25.218,1.15045,1.1511,8.00,0.90
2007.12.24 01:13:25.371,1.15045,1.1512,8.00,10.80
2007.12.24 01:13:25.523,1.15045,1.1511,8.00,0.50
2007.12.24 01:13:25.676,1.15045,1.1511,8.00,0.50
2007.12.24 01:13:25.829,1.15045,1.1512,8.00,10.80
2007.12.24 01:13:25.981,1.15045,1.1512,8.00,10.80
2007.12.24 01:13:26.019,1.15045,1.1511,0.80,0.90
2007.12.24 01:13:26.134,1.1504,1.1512,8.50,10.80
2007.12.24 01:13:26.257,1.15045,1.1511,0.50,0.80
2007.12.24 01:13:26.379,1.1504,1.1512,8.50,10.80
2007.12.24 01:13:26.501,1.1504,1.1512,8.50,10.80
2007.12.24 01:13:26.624,1.1504,1.1512,8.50,10.80
2007.12.24 01:13:26.747,1.1504,1.1512,8.50,10.80
2007.12.24 01:13:26.870,1.15045,1.1511,0.50,0.80
2007.12.24 01:13:26.992,1.1504,1.1512,8.50,10.80
2007.12.24 01:13:27.115,1.1504,1.1512,8.50,10.80
2007.12.24 01:13:27.238,1.1504,1.1512,8.50,10.80
2007.12.24 01:13:27.365,1.1504,1.1512,8.50,10.80
2007.12.24 01:13:27.493,1.1504,1.1512,8.50,10.80
2007.12.24 01:13:27.621,1.1504,1.1512,8.50,10.80
2007.12.24 01:13:27.749,1.1504,1.1512,8.50,10.80
2007.12.24 01:13:27.877,1.1504,1.1512,8.50,10.80
2007.12.24 01:13:28.005,1.1504,1.1512,8.50,10.80
2007.12.24 01:13:28.133,1.15045,1.1511,0.50,0.90
2007.12.24 01:13:28.260,1.1504,1.1512,8.50,10.80
2007.12.24 01:13:28.417,1.1504,1.1512,8.50,10.80
2007.12.24 01:13:28.576,1.15045,1.1511,0.50,0.60
2007.12.24 01:13:28.733,1.1504,1.1512,8.50,10.80
2007.12.24 01:13:28.891,1.15045,1.1511,0.60,0.50
2007.12.24 01:13:29.048,1.15045,1.1511,0.60,0.60
2007.12.24 01:13:29.206,1.15045,1.1511,0.60,0.70
2007.12.24 01:13:29.363,1.15045,1.1511,0.70,0.60
2007.12.24 01:13:29.475,1.15045,1.1511,0.60,0.90
2007.12.24 01:13:29.589,1.1504,1.1512,8.50,10.80
2007.12.24 01:13:29.701,1.1504,1.1512,8.50,10.80
2007.12.24 01:13:29.813,1.1504,1.1512,8.50,10.80
2007.12.24 01:13:29.925,1.1504,1.1512,8.50,10.80
2007.12.24 01:13:30.038,1.1504,1.1512,8.50,10.80
2007.12.24 01:13:30.152,1.1504,1.1512,8.50,10.80
2007.12.24 01:13:30.264,1.15045,1.1511,0.70,0.50
2007.12.24 01:13:30.388,1.15045,1.1511,0.80,0.60
2007.12.24 01:13:30.504,1.1504,1.1512,8.50,10.80
2007.12.24 01:13:30.633,1.1504,1.1512,8.50,10.80
2007.12.24 01:13:30.760,1.1504,1.1512,8.50,10.80
2007.12.24 01:13:30.887,1.15045,1.1511,0.90,0.60
2007.12.24 01:13:31.014,1.15045,1.1511,0.90,0.50
2007.12.24 01:13:31.143,1.15045,1.1511,0.50,0.50
2007.12.24 01:13:31.271,1.1504,1.1512,8.50,10.80
2007.12.24 01:13:31.398,1.15045,1.1511,0.50,0.80
2007.12.24 01:13:31.520,1.1504,1.1512,8.50,10.80
2007.12.24 01:13:31.644,1.15045,1.1511,0.80,0.80
2007.12.24 01:13:31.766,1.1504,1.1512,8.50,10.80
2007.12.24 01:13:31.888,1.1504,1.1512,8.50,10.80
2007.12.24 01:13:32.011,1.1504,1.1512,8.50,10.80
2007.12.24 01:13:32.134,1.1504,1.1512,8.50,10.80
2007.12.24 01:13:32.258,1.1504,1.1512,8.50,10.80
2007.12.24 01:13:32.380,1.1504,1.1512,8.50,10.80
2007.12.24 01:13:32.507,1.1504,1.1512,8.50,10.80
2007.12.24 01:13:32.634,1.1504,1.1512,8.50,10.80
2007.12.24 01:13:32.761,1.15045,1.1511,0.90,0.70
2007.12.24 01:13:32.889,1.1504,1.1512,8.50,10.80
2007.12.24 01:13:33.016,1.1504,1.1512,8.50,10.80
2007.12.24 01:13:33.145,1.1504,1.1512,8.50,10.80
2007.12.24 01:13:33.272,1.1504,1.1512,8.50,10.80
2007.12.24 01:13:33.399,1.1504,1.1512,8.50,10.80
2007.12.24 01:13:33.516,1.1504,1.1512,8.50,10.80
2007.12.24 01:13:33.634,1.15045,1.1511,0.80,0.90
2007.12.24 01:13:33.753,1.15045,1.1511,0.50,0.90
2007.12.24 01:13:33.870,1.1504,1.1512,8.50,10.80
2007.12.24 01:13:33.987,1.15045,1.1511,0.80,0.90
2007.12.24 01:13:34.106,1.1504,1.1512,8.50,10.80
2007.12.24 01:13:34.223,1.1504,1.1512,8.50,10.80
2007.12.24 01:13:34.340,1.15045,1.1511,0.70,0.60
2007.12.24 01:13:34.459,1.15045,1.1511,0.50,0.50
2007.12.24 01:13:34.586,1.15045,1.1511,0.90,0.70
2007.12.24 01:13:34.714,1.1504,1.1512,8.50,10.80
2007.12.24 01:13:34.842,1.1504,1.1512,8.50,10.80
2007.12.24 01:13:34.970,1.15045,1.1511,0.90,0.80
2007.12.24 01:13:35.097,1.15045,1.1511,3.00,8.00
2007.12.24 01:13:35.224,1.1504,1.1511,8.50,8.00
2007.12.24 01:13:35.353,1.15045,1.1511,2.20,8.00
2007.12.24 01:13:35.480,1.15045,1.1511,2.20,8.00
2007.12.24 01:13:35.622,1.1504,1.1511,8.50,8.00
2007.12.24 01:13:35.765,1.1504,1.1511,8.50,8.00
2007.12.24 01:13:35.907,1.1504,1.1511,8.50,8.00
2007.12.24 01:13:36.051,1.1504,1.1511,8.50,8.00
2007.12.24 01:13:36.193,1.1504,1.1511,8.50,8.00
2007.12.24 01:13:36.335,1.15045,1.1511,4.40,8.00
2007.12.24 01:13:36.479,1.15045,1.1511,2.00,8.00
2007.12.24 01:13:36.586,1.15045,1.1511,0.50,8.00
2007.12.24 01:13:36.693,1.1504,1.1511,8.50,8.00
2007.12.24 01:13:36.801,1.1504,1.1511,8.50,8.00
2007.12.24 01:13:36.909,1.1504,1.1511,8.50,8.00
2007.12.24 01:13:37.016,1.1504,1.1511,8.50,8.00
2007.12.24 01:13:37.123,1.1504,1.1511,8.50,8.00
2007.12.24 01:13:37.232,1.1504,1.1511,8.50,8.00
2007.12.24 01:13:37.339,1.1504,1.1511,8.50,8.00
2007.12.24 01:13:37.446,1.15045,1.1511,0.80,8.00
2007.12.24 01:13:37.584,1.15045,1.1511,4.00,8.00
2007.12.24 01:13:37.722,1.15045,1.1511,3.70,8.00
2007.12.24 01:13:37.859,1.1504,1.1511,8.50,8.00
2007.12.24 01:13:37.996,1.1504,1.1511,8.50,8.00
2007.12.24 01:13:38.135,1.15045,1.1511,3.90,8.00
2007.12.24 01:13:38.272,1.15045,1.1511,2.60,8.00
2007.12.24 01:13:38.409,1.1504,1.1511,8.50,8.00
2007.12.24 01:13:38.559,1.15045,1.1511,1.90,8.00
2007.12.24 01:13:38.660,1.1504,1.1511,8.50,8.00
2007.12.24 01:13:38.772,1.1504,1.1511,8.50,8.00
2007.12.24 01:13:38.884,1.1504,1.1511,8.50,8.00
2007.12.24 01:13:38.997,1.15045,1.1511,0.50,8.00
2007.12.24 01:13:39.110,1.1504,1.1511,8.50,8.00
2007.12.24 01:13:39.222,1.1504,1.1511,8.50,8.00
2007.12.24 01:13:39.334,1.15045,1.1511,0.80,8.00
2007.12.24 01:13:39.447,1.1503,1.1511,10.00,8.00
2007.12.24 01:13:39.559,1.1503,1.1511,10.00,8.00
2007.12.24 01:13:39.707,1.1503,1.1511,10.00,8.00
2007.12.24 01:13:39.854,1.15045,1.1511,4.40,8.00
2007.12.24 01:13:40.002,1.15045,1.1511,1.40,8.00
2007.12.24 01:13:40.149,1.1503,1.1511,10.00,8.00
2007.12.24 01:13:40.297,1.15045,1.1511,3.10,8.00
2007.12.24 01:13:40.444,1.15045,1.1511,0.60,8.00
2007.12.24 01:13:40.592,1.15045,1.1511,0.70,8.00
2007.12.24 01:13:40.755,1.1503,1.1511,10.00,8.00
2007.12.24 01:13:40.916,1.15045,1.1511,2.50,8.00
2007.12.24 01:13:41.079,1.15045,1.1511,3.00,8.00
2007.12.24 01:13:41.241,1.1503,1.1511,10.00,8.00
2007.12.24 01:13:41.403,1.15045,1.1511,3.10,8.00
2007.12.24 01:13:41.566,1.1503,1.1511,10.00,8.00
2007.12.24 01:13:41.728,1.1503,1.1511,10.00,8.00
2007.12.24 01:13:41.820,1.1503,1.1511,10.00,8.00
2007.12.24 01:13:41.913,1.15045,1.1511,0.80,8.00
2007.12.24 01:13:42.006,1.15045,1.1511,1.90,8.00
2007.12.24 01:13:42.099,1.15045,1.1511,4.30,8.00
2007.12.24 01:13:42.191,1.15045,1.1511,3.80,8.00
2007.12.24 01:13:42.284,1.1503,1.1511,10.00,8.00
2007.12.24 01:13:42.376,1.1503,1.1511,10.00,8.00
2007.12.24 01:13:42.468,1.1503,1.1511,10.00,8.00
2007.12.24 01:13:42.561,1.1503,1.1511,10.00,8.00
2007.12.24 01:13:42.654,1.15045,1.1511,0.60,8.00
2007.12.24 01:13:42.872,1.15045,1.1511,3.00,8.00
2007.12.24 01:13:43.089,1.1503,1.1511,10.00,8.00
2007.12.24 01:13:43.306,1.1503,1.1511,10.00,8.00
2007.12.24 01:13:43.524,1.1503,1.1511,10.00,8.00
2007.12.24 01:13:43.741,1.1503,1.1511,10.00,8.00
2007.12.24 01:13:43.818,1.1503,1.1511,10.00,8.00
2007.12.24 01:13:43.896,1.1503,1.1511,10.00,8.00
2007.12.24 01:13:43.973,1.1503,1.1511,10.00,8.00
2007.12.24 01:13:44.051,1.1503,1.1511,10.00,8.00
2007.12.24 01:13:44.142,1.15045,1.1511,2.90,8.00
2007.12.24 01:13:44.219,1.1503,1.1511,10.00,8.00
2007.12.24 01:13:44.297,1.15045,1.1511,3.10,8.00
2007.12.24 01:13:44.375,1.1503,1.1511,10.00,8.00
2007.12.24 01:13:44.452,1.1503,1.1511,10.00,8.00
2007.12.24 01:13:44.529,1.1503,1.1511,10.00,8.00
2007.12.24 01:13:44.607,1.1503,1.1511,10.00,8.00
2007.12.24 01:13:44.685,1.15045,1.1511,1.90,8.00
2007.12.24 01:13:44.762,1.1503,1.1511,10.00,8.00
2007.12.24 01:13:44.950,1.1503,1.1511,10.00,8.00
2007.12.24 01:13:45.137,1.1503,1.1511,10.00,8.00
2007.12.24 01:13:45.324,1.15045,1.1511,2.50,8.00
2007.12.24 01:13:45.512,1.15045,1.1511,3.00,8.00
2007.12.24 01:13:45.700,1.1503,1.1511,10.00,8.00
2007.12.24 01:13:45.887,1.1503,1.1511,10.00,8.00
2007.12.24 01:13:45.969,1.1503,1.1511,10.00,8.00
2007.12.24 01:13:46.052,1.1503,1.1511,10.00,8.00
2007.12.24 01:13:46.134,1.15045,1.1511,2.30,8.00
2007.12.24 01:13:46.217,1.15045,1.1511,3.30,8.00
2007.12.24 01:13:46.299,1.1503,1.1511,10.00,8.00
2007.12.24 01:13:46.381,1.15045,1.1511,1.30,8.00
2007.12.24 01:13:46.464,1.1503,1.1511,10.00,8.00
2007.12.24 01:13:46.546,1.15045,1.1511,4.10,8.00
2007.12.24 01:13:46.628,1.1503,1.1511,10.00,8.00
2007.12.24 01:13:46.711,1.15045,1.1511,3.00,8.00
2007.12.24 01:13:46.794,1.1503,1.1511,10.00,8.00
2007.12.24 01:13:47.057,1.15045,1.1511,2.10,8.00
2007.12.24 01:13:47.318,1.15045,1.1511,2.40,8.00
2007.12.24 01:13:47.581,1.1503,1.1511,10.00,8.00
2007.12.24 01:13:47.843,1.15045,1.1511,2.10,8.00
2007.12.24 01:13:47.920,1.15045,1.1511,1.40,8.00
2007.12.24 01:13:47.997,1.1503,1.1511,10.00,8.00
2007.12.24 01:13:48.075,1.1503,1.1511,10.00,8.00
2007.12.24 01:13:48.153,1.15045,1.1511,2.40,8.00
2007.12.24 01:13:48.230,1.1503,1.1511,10.00,8.00
2007.12.24 01:13:48.307,1.1503,1.1511,10.00,8.00
2007.12.24 01:13:48.384,1.1503,1.1511,10.00,8.00
2007.12.24 01:13:48.462,1.15045,1.1511,0.90,8.00
2007.12.24 01:13:48.540,1.15045,1.1511,3.50,8.00
2007.12.24 01:13:48.617,1.1503,1.1511,10.00,8.00
2007.12.24 01:13:48.694,1.1503,1.1511,10.00,8.00
2007.12.24 01:13:48.771,1.1503,1.1511,10.00,8.00
2007.12.24 01:13:48.849,1.15045,1.1511,1.80,8.00
2007.12.24 01:13:49.026,1.1503,1.1511,10.00,8.00
2007.12.24 01:13:49.203,1.15045,1.1511,1.80,8.00
2007.12.24 01:13:49.381,1.1503,1.1511,10.00,8.00
2007.12.24 01:13:49.558,1.1503,1.1511,10.00,8.00
2007.12.24 01:13:49.736,1.1503,1.1511,10.00,8.00
2007.12.24 01:13:49.913,1.15045,1.1511,4.30,8.00
2007.12.24 01:13:50.001,1.15045,1.1511,1.00,8.00
2007.12.24 01:13:50.089,1.15045,1.1511,4.40,8.00
2007.12.24 01:13:50.177,1.15045,1.1511,1.90,8.00
2007.12.24 01:13:50.264,1.1503,1.1511,10.00,8.00
2007.12.24 01:13:50.351,1.15045,1.1511,3.00,8.00
2007.12.24 01:13:50.438,1.1503,1.1511,10.00,8.00
2007.12.24 01:13:50.526,1.15045,1.1511,2.50,8.00
2007.12.24 01:13:50.614,1.15045,1.1511,3.70,8.00
2007.12.24 01:13:50.702,1.1503,1.1511,10.00,8.00
2007.12.24 01:13:50.789,1.1503,1.1511,10.00,8.00
2007.12.24 01:13:50.876,1.15045,1.1511,0.60,8.00
2007.12.24 01:13:50.963,1.1503,1.1511,10.00,8.00
2007.12.24 01:13:51.131,1.1503,1.1511,10.00,8.00
2007.12.24 01:13:51.299,1.15045,1.1511,3.50,8.00
2007.12.24 01:13:51.466,1.1503,1.1511,10.00,8.00
2007.12.24 01:13:51.633,1.15045,1.1511,2.00,8.00
2007.12.24 01:13:51.801,1.15045,1.1511,2.70,8.00
2007.12.24 01:13:51.969,1.15045,1.1511,2.00,8.00
2007.12.24 01:13:52.136,1.1503,1.1511,10.00,8.00
2007.12.24 01:13:52.233,1.15045,1.1511,2.80,8.00
2007.12.24 01:13:52.331,1.1503,1.1511,10.00,8.00
2007.12.24 01:13:52.428,1.15045,1.1511,4.20,8.00
2007.12.24 01:13:52.526,1.1503,1.1511,10.00,8.00
2007.12.24 01:13:52.623,1.15045,1.1511,2.30,8.00
2007.12.24 01:13:52.720,1.1503,1.1511,10.00,8.00
2007.12.24 01:13:52.817,1.1503,1.1511,10.00,8.00
2007.12.24 01:13:52.915,1.1503,1.1511,10.00,8.00
2007.12.24 01:13:53.013,1.1503,1.1511,10.00,8.00
2007.12.24 01:13:53.160,1.15045,1.1511,1.70,8.00
2007.12.24 01:13:53.308,1.15045,1.1511,3.30,8.00
2007.12.24 01:13:53.455,1.1503,1.1511,10.00,8.00
2007.12.24 01:13:53.602,1.1503,1.1511,10.00,8.00
2007.12.24 01:13:53.750,1.15045,1.1511,3.40,8.00
2007.12.24 01:13:53.897,1.1503,1.1511,10.00,8.00
2007.12.24 01:13:54.044,1.1503,1.1511,10.00,8.00
2007.12.24 01:13:54.192,1.15045,1.1511,3.40,8.00
2007.12.24 01:13:54.312,1.15045,1.1511,2.90,8.00
2007.12.24 01:13:54.407,1.15045,1.1511,1.90,8.00
2007.12.24 01:13:54.515,1.1503,1.1511,10.00,8.00
2007.12.24 01:13:54.622,1.1503,1.1511,10.00,8.00
2007.12.24 01:13:54.729,1.15045,1.1511,2.20,8.00
2007.12.24 01:13:54.836,1.1503,1.1511,10.00,8.00
2007.12.24 01:13:54.945,1.1503,1.1511,10.00,8.00
2007.12.24 01:13:55.052,1.15045,1.1511,4.20,8.00
2007.12.24 01:13:55.184,1.15045,1.1511,8.00,8.00
2007.12.24 01:13:55.317,1.15045,1.1511,8.00,8.00
2007.12.24 01:14:37.501,1.1504,1.1511,2.80,0.50
2007.12.24 01:14:37.633,1.1504,1.15105,10.80,8.00
2007.12.24 01:14:37.779,1.1504,1.15105,10.80,8.00
2007.12.24 01:14:37.900,1.1504,1.15105,10.80,8.00
2007.12.24 01:14:38.032,1.1504,1.15105,10.80,8.00
2007.12.24 01:14:38.170,1.1504,1.15105,10.80,8.00
2007.12.24 01:14:38.308,1.1504,1.15105,10.80,8.00
2007.12.24 01:14:38.445,1.1504,1.15105,10.80,8.00
2007.12.24 01:14:38.582,1.1504,1.15105,10.80,8.00
2007.12.24 01:14:38.721,1.1504,1.15105,10.80,8.00
2007.12.24 01:14:38.858,1.1504,1.15105,10.80,8.00
2007.12.24 01:14:38.996,1.1504,1.15105,10.80,8.00
2007.12.24 01:14:39.134,1.1504,1.15105,10.80,8.00
2007.12.24 01:14:39.251,1.1504,1.15105,10.80,8.00
2007.12.24 01:14:39.368,1.1504,1.15105,10.80,8.00
2007.12.24 01:14:39.487,1.1504,1.15105,10.80,8.00
2007.12.24 01:14:39.604,1.1504,1.15105,10.80,8.00
2007.12.24 01:14:39.722,1.1504,1.15105,10.80,8.00
2007.12.24 01:14:39.840,1.1504,1.15105,10.80,8.00
2007.12.24 01:14:39.957,1.1504,1.15105,10.80,8.00
2007.12.24 01:14:40.074,1.1504,1.15105,10.80,8.00
2007.12.24 01:14:40.193,1.1504,1.15105,10.80,8.00
2007.12.24 01:14:40.395,1.1504,1.15105,10.80,8.00
2007.12.24 01:14:40.610,1.1504,1.15105,10.80,8.00
2007.12.24 01:14:40.813,1.1504,1.15105,10.80,8.00
2007.12.24 01:14:41.016,1.1504,1.15105,10.80,8.00
2007.12.24 01:14:41.219,1.1504,1.15105,10.80,8.00
2007.12.24 01:14:41.307,1.1504,1.15105,10.80,8.00
2007.12.24 01:14:41.394,1.1504,1.15105,10.80,8.00
2007.12.24 01:14:41.481,1.1504,1.15105,10.80,8.00
2007.12.24 01:14:41.570,1.1504,1.15105,10.80,8.00
2007.12.24 01:14:41.658,1.1504,1.15105,10.80,8.00
2007.12.24 01:14:41.745,1.1504,1.15105,10.80,8.00
2007.12.24 01:14:41.833,1.1504,1.15105,10.80,8.00
2007.12.24 01:14:41.921,1.1504,1.15105,10.80,8.00
2007.12.24 01:14:42.009,1.1504,1.15105,10.80,8.00
2007.12.24 01:14:42.096,1.1504,1.15105,10.80,8.00
2007.12.24 01:14:42.183,1.1504,1.15105,10.80,8.00
2007.12.24 01:14:42.346,1.1504,1.15105,10.80,8.00
2007.12.24 01:14:42.508,1.1504,1.15105,8.40,8.00
2007.12.24 01:14:42.670,1.15045,1.1511,8.00,8.00
2007.12.24 01:14:42.845,1.15045,1.1511,8.00,8.00
2007.12.24 01:14:43.007,1.15045,1.1511,8.00,8.00
2007.12.24 01:14:43.170,1.15045,1.1511,8.00,8.00
2007.12.24 01:14:43.333,1.15045,1.1511,8.00,8.00
2007.12.24 01:14:43.480,1.15045,1.1511,8.00,8.00
2007.12.24 01:14:43.640,1.15045,1.1511,8.00,8.00
2007.12.24 01:14:43.788,1.15045,1.1511,8.00,8.00
2007.12.24 01:14:43.936,1.15045,1.1511,8.00,8.00
2007.12.24 01:14:44.083,1.15045,1.1511,8.00,8.00
2007.12.24 01:14:44.230,1.15045,1.1511,8.00,8.00
2007.12.24 01:14:44.378,1.15045,1.1511,8.00,8.00
2007.12.24 01:14:44.493,1.15045,1.1511,8.00,8.00
2007.12.24 01:14:44.594,1.15045,1.1511,8.00,8.00
2007.12.24 01:14:44.696,1.15045,1.1511,8.00,8.00
2007.12.24 01:14:44.800,1.15045,1.1511,8.00,8.00
2007.12.24 01:14:44.903,1.15045,1.1511,8.00,8.00
2007.12.24 01:14:45.005,1.15045,1.1511,8.00,8.00
2007.12.24 01:14:45.107,1.15045,1.1511,8.00,8.00
2007.12.24 01:14:45.209,1.15045,1.1511,8.00,8.00
2007.12.24 01:14:45.313,1.15045,1.1511,8.00,8.00
2007.12.24 01:14:45.460,1.15045,1.1511,8.00,8.00
2007.12.24 01:14:45.608,1.15045,1.1511,8.00,8.00
2007.12.24 01:14:45.755,1.15045,1.1511,8.00,8.00
2007.12.24 01:14:45.902,1.15045,1.1511,8.00,8.00
2007.12.24 01:14:46.050,1.15045,1.1511,8.00,8.00
2007.12.24 01:14:46.198,1.15045,1.1511,8.00,8.00
2007.12.24 01:14:46.345,1.15045,1.1511,8.00,8.00
2007.12.24 01:14:46.477,1.15045,1.1511,8.00,8.00
2007.12.24 01:14:46.610,1.15045,1.1511,8.00,8.00
2007.12.24 01:14:46.743,1.15045,1.1511,8.00,8.00
2007.12.24 01:14:46.876,1.15045,1.1511,8.00,8.00
2007.12.24 01:14:47.008,1.15045,1.1511,8.00,8.00
2007.12.24 01:14:47.141,1.15045,1.1511,8.00,8.00
2007.12.24 01:14:47.273,1.15045,1.1511,8.00,8.00
2007.12.24 01:14:47.405,1.15045,1.1511,8.00,8.00
2007.12.24 01:14:47.544,1.15045,1.1511,8.00,8.00
2007.12.24 01:14:47.681,1.15045,1.1511,8.00,8.00
2007.12.24 01:14:47.820,1.15045,1.1511,8.00,8.00
2007.12.24 01:14:47.957,1.15045,1.1511,8.00,8.00
2007.12.24 01:14:48.094,1.15045,1.1511,8.00,8.00
2007.12.24 01:14:48.233,1.15045,1.1511,8.00,8.00
2007.12.24 01:14:48.370,1.15045,1.1511,8.00,8.00
2007.12.24 01:14:48.509,1.15045,1.1511,8.00,8.00
2007.12.24 01:14:48.622,1.15045,1.1511,8.00,8.00
2007.12.24 01:14:48.734,1.15045,1.1511,8.00,8.00
2007.12.24 01:14:48.846,1.15045,1.1511,8.00,8.00
2007.12.24 01:14:48.959,1.15045,1.1511,8.00,8.00
2007.12.24 01:14:49.076,1.15045,1.1511,8.00,8.00
2007.12.24 01:14:49.188,1.15045,1.1511,8.00,8.00
2007.12.24 01:14:49.300,1.15045,1.1511,8.00,8.00
2007.12.24 01:14:49.412,1.15045,1.1511,8.00,8.00
2007.12.24 01:14:49.551,1.15045,1.1511,8.00,8.00
2007.12.24 01:14:49.688,1.15045,1.1511,8.00,8.00
2007.12.24 01:14:49.825,1.15045,1.1511,8.00,8.00
2007.12.24 01:14:49.963,1.15045,1.1511,8.00,8.00
2007.12.24 01:14:50.100,1.15045,1.1511,8.00,8.00
2007.12.24 01:14:50.239,1.15045,1.1511,8.00,8.00
2007.12.24 01:14:50.377,1.15045,1.1511,8.00,8.00
2007.12.24 01:14:50.516,1.15045,1.1511,8.00,8.00
2007.12.24 01:14:50.642,1.15045,1.1511,8.00,8.00
2007.12.24 01:14:50.770,1.15045,1.1511,8.00,8.00
2007.12.24 01:14:50.898,1.15045,1.1511,8.00,8.00
2007.12.24 01:14:51.026,1.15045,1.1511,8.00,8.40
2007.12.24 01:14:51.166,1.1504,1.15105,10.80,8.00
2007.12.24 01:14:51.294,1.1504,1.15105,10.80,8.00
2007.12.24 01:14:51.421,1.1504,1.15105,10.80,8.00
2007.12.24 01:14:51.604,1.1504,1.15105,10.80,8.00
2007.12.24 01:14:51.800,1.1504,1.15105,10.80,8.00
2007.12.24 01:14:51.970,1.1504,1.15105,10.80,8.00
2007.12.24 01:14:52.152,1.1504,1.15105,10.80,8.00
2007.12.24 01:14:52.334,1.1504,1.15105,10.80,8.00
2007.12.24 01:14:52.516,1.1504,1.15105,10.80,8.00
2007.12.24 01:14:52.650,1.1504,1.15105,10.80,8.00
2007.12.24 01:14:52.782,1.1504,1.15105,10.80,8.00
2007.12.24 01:14:52.915,1.1504,1.15105,10.80,8.00
2007.12.24 01:14:53.047,1.1504,1.15105,10.80,8.00
2007.12.24 01:14:53.180,1.1504,1.15105,10.80,8.00
2007.12.24 01:14:53.312,1.1504,1.15105,10.80,8.00
2007.12.24 01:14:53.444,1.1504,1.15105,10.80,8.00
2007.12.24 01:14:53.577,1.1504,1.15105,10.80,8.00
2007.12.24 01:14:53.719,1.1504,1.15105,10.80,8.00
2007.12.24 01:14:53.863,1.1504,1.15105,10.80,8.00
2007.12.24 01:14:54.005,1.1504,1.15105,10.80,8.00
2007.12.24 01:14:54.148,1.1504,1.15105,10.80,8.00
2007.12.24 01:14:54.290,1.1504,1.15105,10.80,8.00
2007.12.24 01:14:54.432,1.1504,1.15105,10.80,8.00
2007.12.24 01:14:54.576,1.1504,1.15105,10.80,8.00
2007.12.24 01:14:54.713,1.1504,1.15105,10.80,8.00
2007.12.24 01:14:54.850,1.1504,1.15105,10.80,8.00
2007.12.24 01:14:54.989,1.1504,1.15105,10.80,8.00
2007.12.24 01:14:55.126,1.1504,1.15105,10.80,8.00
2007.12.24 01:14:55.263,1.1504,1.15105,10.80,8.00
2007.12.24 01:14:55.402,1.1504,1.15105,10.80,8.00
2007.12.24 01:14:55.551,1.1504,1.15105,10.80,8.00
2007.12.24 01:14:55.671,1.1504,1.15105,10.80,8.00
2007.12.24 01:14:55.805,1.1504,1.15105,10.80,8.00
2007.12.24 01:14:55.937,1.1504,1.15105,10.80,8.00
2007.12.24 01:14:56.069,1.1504,1.15105,10.80,8.00
2007.12.24 01:14:56.203,1.1504,1.15105,10.80,8.00
2007.12.24 01:14:56.336,1.1504,1.15105,10.80,8.00
2007.12.24 01:14:56.468,1.1504,1.15105,10.80,8.00
2007.12.24 01:14:56.600,1.1504,1.15105,10.80,8.00
2007.12.24 01:14:56.764,1.1504,1.15105,10.80,8.00
2007.12.24 01:14:56.926,1.1504,1.15105,10.80,8.00
2007.12.24 01:14:57.088,1.1504,1.15105,10.80,8.00
2007.12.24 01:14:57.252,1.1504,1.15105,10.80,8.00
2007.12.24 01:14:57.414,1.1504,1.15105,10.80,8.00
2007.12.24 01:14:57.577,1.1504,1.15105,10.80,8.00
2007.12.24 01:14:57.680,1.1504,1.15105,10.80,8.00
2007.12.24 01:14:57.783,1.1504,1.15105,10.80,8.00
2007.12.24 01:14:57.897,1.1504,1.15105,10.80,8.00
2007.12.24 01:14:57.988,1.1504,1.15105,10.80,8.00
2007.12.24 01:14:58.092,1.1504,1.15105,10.80,8.00
2007.12.24 01:14:58.194,1.1504,1.15105,10.80,8.00
2007.12.24 01:14:58.296,1.1504,1.15105,10.80,8.00
2007.12.24 01:14:58.398,1.1504,1.15105,10.80,8.00
2007.12.24 01:14:58.501,1.1504,1.15105,10.80,8.00
2007.12.24 01:14:58.605,1.1504,1.15105,10.80,8.00
2007.12.24 01:14:58.707,1.1504,1.15105,10.80,8.00
2007.12.24 01:14:58.849,1.1504,1.15105,10.80,8.00
2007.12.24 01:14:58.993,1.1504,1.15105,10.80,8.00
2007.12.24 01:14:59.135,1.1504,1.15105,10.80,8.00
2007.12.24 01:14:59.277,1.1504,1.15105,10.80,8.00
2007.12.24 01:14:59.421,1.1504,1.15105,10.80,8.00
2007.12.24 01:14:59.563,1.1504,1.15105,10.80,8.00
2007.12.24 01:14:59.705,1.1504,1.15105,10.80,8.00
2007.12.24 01:14:59.918,1.1504,1.15105,10.80,8.00
2007.12.24 01:15:00.130,1.1504,1.15105,10.80,8.00
2007.12.24 01:15:00.344,1.1504,1.15105,10.80,8.00
2007.12.24 01:15:00.556,1.1504,1.15105,10.80,8.00
2007.12.24 01:15:00.781,1.1504,1.15105,10.80,8.00
2007.12.24 01:15:00.857,1.1504,1.15105,10.80,8.00
2007.12.24 01:15:00.944,1.1504,1.15105,10.80,8.00
2007.12.24 01:15:01.031,1.1504,1.15105,10.80,8.00
2007.12.24 01:15:01.119,1.1504,1.15105,10.80,8.00
2007.12.24 01:15:01.208,1.1504,1.15105,10.80,8.00
2007.12.24 01:15:01.295,1.1504,1.15105,10.80,8.00
2007.12.24 01:15:01.382,1.1504,1.15105,10.80,8.00
2007.12.24 01:15:01.469,1.1504,1.15105,10.80,8.00
2007.12.24 01:15:01.557,1.1504,1.15105,10.80,8.00
2007.12.24 01:15:01.645,1.1504,1.15105,10.80,8.00
2007.12.24 01:15:01.733,1.1504,1.15105,10.80,8.00
2007.12.24 01:15:01.895,1.1504,1.15105,10.80,8.00
2007.12.24 01:15:02.059,1.1504,1.15105,10.80,8.00
2007.12.24 01:15:02.222,1.1504,1.15105,10.80,8.00
2007.12.24 01:15:02.385,1.1504,1.15105,10.80,8.00
2007.12.24 01:15:02.548,1.1504,1.15105,10.80,8.00
2007.12.24 01:15:02.723,1.1504,1.15105,10.80,8.00
2007.12.24 01:15:02.884,1.1504,1.15105,10.80,8.00
2007.12.24 01:15:03.073,1.1504,1.15105,10.80,8.00
2007.12.24 01:15:03.273,1.1504,1.15105,10.80,8.00
2007.12.24 01:15:03.448,1.1504,1.15105,10.80,8.00
2007.12.24 01:15:03.636,1.1504,1.15105,10.80,8.00
2007.12.24 01:15:03.825,1.1504,1.15105,10.80,8.00
2007.12.24 01:15:04.012,1.1504,1.15105,10.80,8.00
2007.12.24 01:15:04.190,1.1504,1.15105,10.80,8.00
2007.12.24 01:15:04.367,1.1504,1.15105,10.80,8.00
2007.12.24 01:15:04.544,1.1504,1.15105,10.80,8.00
2007.12.24 01:15:04.722,1.1504,1.15105,10.80,8.00
2007.12.24 01:15:04.899,1.1504,1.15105,10.80,8.00
2007.12.24 01:15:05.077,1.1504,1.15105,10.80,8.00
2007.12.24 01:15:05.190,1.1504,1.15105,10.80,8.00
2007.12.24 01:15:05.303,1.1504,1.15105,10.80,8.00
2007.12.24 01:15:05.415,1.1504,1.15105,10.80,8.00
2007.12.24 01:15:05.528,1.1504,1.15105,10.80,8.00
2007.12.24 01:15:05.642,1.1504,1.15105,10.80,8.00
2007.12.24 01:15:05.754,1.1504,1.15105,10.80,8.00
2007.12.24 01:15:05.866,1.1504,1.15105,10.80,8.00
2007.12.24 01:15:05.980,1.1504,1.15105,10.80,8.00
2007.12.24 01:15:06.177,1.1504,1.15105,10.80,8.00
2007.12.24 01:15:06.374,1.1504,1.15105,10.80,8.00
2007.12.24 01:15:06.572,1.1504,1.15105,10.80,8.00
2007.12.24 01:15:06.770,1.1504,1.15105,10.80,8.00
2007.12.24 01:15:06.968,1.1504,1.15105,10.80,8.00
2007.12.24 01:15:07.165,1.1504,1.15105,10.80,8.00
2007.12.24 01:15:07.248,1.1504,1.15105,10.80,8.00
2007.12.24 01:15:07.332,1.1504,1.15105,10.80,8.00
2007.12.24 01:15:07.414,1.1504,1.15105,10.80,8.00
2007.12.24 01:15:07.496,1.1504,1.15105,10.80,8.00
2007.12.24 01:15:07.579,1.1504,1.15105,10.80,8.00
2007.12.24 01:15:07.664,1.1504,1.15105,10.80,8.00
2007.12.24 01:15:07.748,1.1504,1.15105,10.80,8.00
2007.12.24 01:15:07.831,1.1504,1.15105,10.80,8.00
2007.12.24 01:15:07.913,1.1504,1.15105,10.80,8.00
2007.12.24 01:15:07.995,1.1504,1.15105,10.80,8.00
2007.12.24 01:15:08.078,1.1504,1.15105,10.80,8.00
2007.12.24 01:15:08.261,1.1504,1.15105,10.80,8.00
2007.12.24 01:15:08.443,1.1504,1.15105,10.80,8.00
2007.12.24 01:15:08.627,1.1504,1.15105,10.80,8.00
2007.12.24 01:15:08.809,1.1504,1.15105,10.80,8.00
2007.12.24 01:15:08.992,1.1504,1.15105,10.80,8.00
2007.12.24 01:15:09.175,1.1504,1.15105,10.80,8.00
2007.12.24 01:15:09.246,1.1504,1.15105,10.80,0.80
2007.12.24 01:15:09.349,1.1504,1.15105,10.80,0.90
2007.12.24 01:15:09.521,1.1504,1.15105,10.80,0.70
2007.12.24 01:15:09.695,1.1504,1.1511,10.80,8.50
2007.12.24 01:15:09.867,1.1504,1.15105,10.80,0.70
2007.12.24 01:15:10.040,1.1504,1.1511,10.80,8.50
2007.12.24 01:15:10.213,1.1504,1.15105,10.80,0.50
2007.12.24 01:15:10.342,1.1504,1.15105,10.80,0.90
2007.12.24 01:15:10.469,1.1504,1.15105,10.80,0.70
2007.12.24 01:15:10.596,1.1504,1.15105,10.80,0.90
2007.12.24 01:15:10.724,1.1504,1.1511,10.80,8.50
2007.12.24 01:15:10.852,1.1504,1.1511,10.80,8.50
2007.12.24 01:15:10.979,1.1504,1.15105,10.80,0.90
2007.12.24 01:15:11.107,1.1504,1.15105,10.80,0.50
2007.12.24 01:15:11.275,1.1504,1.151,10.80,0.50
2007.12.24 01:15:11.442,1.1504,1.15105,10.80,8.50
2007.12.24 01:15:11.611,1.1504,1.151,8.40,0.70
2007.12.24 01:15:11.778,1.1504,1.151,0.50,0.80
2007.12.24 01:15:11.946,1.1504,1.1511,0.50,12.80
2007.12.24 01:15:12.113,1.1504,1.1511,0.50,12.80
2007.12.24 01:15:12.281,1.1504,1.1511,0.50,12.80
2007.12.24 01:15:12.399,1.1504,1.1511,0.50,12.80
2007.12.24 01:15:12.516,1.1504,1.1511,0.50,12.80
2007.12.24 01:15:12.634,1.1504,1.1511,0.50,12.80
2007.12.24 01:15:12.751,1.1504,1.1511,0.50,12.80
2007.12.24 01:15:12.869,1.1504,1.151,0.50,0.70
2007.12.24 01:15:12.987,1.1504,1.151,0.50,0.60
2007.12.24 01:15:13.104,1.1504,1.1511,0.50,12.80
2007.12.24 01:15:13.222,1.1504,1.151,0.50,0.60
2007.12.24 01:15:13.374,1.1504,1.151,0.50,0.50
2007.12.24 01:15:13.527,1.1504,1.1511,0.50,12.80
2007.12.24 01:15:13.679,1.1504,1.1511,0.50,12.80
2007.12.24 01:15:13.832,1.1504,1.151,0.50,0.80
2007.12.24 01:15:13.984,1.1504,1.151,0.50,0.80
2007.12.24 01:15:14.137,1.1504,1.151,0.50,0.90
2007.12.24 01:15:14.290,1.1504,1.151,0.50,0.70
2007.12.24 01:15:14.407,1.1504,1.1511,0.50,12.80
2007.12.24 01:15:14.524,1.1504,1.1511,0.50,12.80
2007.12.24 01:15:14.643,1.1504,1.151,0.50,0.90
2007.12.24 01:15:14.760,1.1504,1.1511,0.50,12.80
2007.12.24 01:15:14.878,1.1504,1.151,0.50,0.50
2007.12.24 01:15:14.995,1.1504,1.1511,0.50,12.80
2007.12.24 01:15:15.113,1.1504,1.151,0.50,0.50
2007.12.24 01:15:15.231,1.1504,1.151,0.50,0.60
2007.12.24 01:15:15.403,1.1504,1.151,0.50,0.60
2007.12.24 01:15:15.576,1.1504,1.1511,0.50,12.80
2007.12.24 01:15:15.749,1.1504,1.1511,0.50,12.80
2007.12.24 01:15:15.922,1.1504,1.151,0.50,0.80
2007.12.24 01:15:16.095,1.1504,1.1511,0.50,12.80
2007.12.24 01:15:16.267,1.1504,1.1511,0.50,12.80
2007.12.24 01:15:16.365,1.1504,1.1511,0.50,12.80
2007.12.24 01:15:16.463,1.1504,1.151,0.50,0.60
2007.12.24 01:15:16.562,1.1504,1.151,0.50,0.50
2007.12.24 01:15:16.660,1.1504,1.1511,0.50,12.80
2007.12.24 01:15:16.758,1.1504,1.1511,0.50,12.80
2007.12.24 01:15:16.855,1.1504,1.1511,0.50,12.80
2007.12.24 01:15:16.952,1.1504,1.151,0.50,0.90
2007.12.24 01:15:17.050,1.1504,1.151,0.50,0.60
2007.12.24 01:15:17.148,1.1504,1.1511,0.50,12.80
2007.12.24 01:15:17.246,1.1504,1.151,0.50,0.80
2007.12.24 01:15:17.408,1.1504,1.151,0.50,0.70
2007.12.24 01:15:17.570,1.1504,1.1511,0.50,12.80
2007.12.24 01:15:17.734,1.1504,1.151,0.50,0.50
2007.12.24 01:15:17.896,1.1504,1.1511,0.50,12.80
2007.12.24 01:15:18.058,1.1504,1.1511,0.50,12.80
2007.12.24 01:15:18.222,1.1504,1.151,0.50,0.60
2007.12.24 01:15:18.384,1.1504,1.1511,0.50,12.80
2007.12.24 01:15:18.487,1.1504,1.151,0.50,0.70
2007.12.24 01:15:18.590,1.1504,1.151,0.50,0.90
2007.12.24 01:15:18.693,1.1504,1.1511,0.50,12.80
2007.12.24 01:15:18.795,1.1504,1.151,0.50,0.60
2007.12.24 01:15:18.897,1.1504,1.1511,0.50,12.80
2007.12.24 01:15:19.000,1.1504,1.151,0.50,0.90
2007.12.24 01:15:19.103,1.1504,1.1511,0.50,12.80
2007.12.24 01:15:19.206,1.1504,1.151,0.50,0.70
2007.12.24 01:15:19.308,1.1504,1.1511,0.50,12.80
2007.12.24 01:15:19.445,1.1504,1.1511,0.50,12.80
2007.12.24 01:15:19.582,1.1504,1.1511,0.50,12.80
2007.12.24 01:15:19.721,1.1504,1.1511,0.50,12.80
2007.12.24 01:15:19.858,1.1504,1.151,0.50,0.90
2007.12.24 01:15:19.995,1.1504,1.1511,0.50,12.80
2007.12.24 01:15:20.133,1.1504,1.151,0.50,0.90
2007.12.24 01:15:20.271,1.1504,1.1511,0.50,12.80
2007.12.24 01:15:20.408,1.1504,1.151,0.50,0.70
2007.12.24 01:15:20.520,1.1504,1.151,0.50,0.50
2007.12.24 01:15:20.633,1.1504,1.1511,0.50,12.80
2007.12.24 01:15:20.747,1.1504,1.151,0.50,0.70
2007.12.24 01:15:20.859,1.1504,1.1511,0.50,12.80
2007.12.24 01:15:20.971,1.1504,1.151,0.50,0.90
2007.12.24 01:15:21.084,1.1504,1.151,0.50,0.60
2007.12.24 01:15:21.197,1.1504,1.151,0.50,0.50
2007.12.24 01:15:21.309,1.1504,1.151,0.50,0.60
2007.12.24 01:15:21.422,1.1504,1.151,0.50,0.90
2007.12.24 01:15:21.550,1.1504,1.1511,0.50,12.80
2007.12.24 01:15:21.677,1.1504,1.151,0.50,0.70
2007.12.24 01:15:21.805,1.1504,1.151,0.50,0.70
2007.12.24 01:15:21.933,1.1504,1.1511,0.50,12.80
2007.12.24 01:15:22.060,1.1504,1.151,0.50,0.90
2007.12.24 01:15:22.187,1.1504,1.151,0.50,0.60
2007.12.24 01:15:22.316,1.1504,1.151,0.50,0.80
2007.12.24 01:15:22.444,1.1504,1.151,0.50,0.90
2007.12.24 01:15:22.561,1.1504,1.1511,0.50,12.80
2007.12.24 01:15:22.678,1.1504,1.151,0.50,0.70
2007.12.24 01:15:22.797,1.1504,1.1511,0.50,12.80
2007.12.24 01:15:22.915,1.1504,1.1511,0.50,12.80
2007.12.24 01:15:23.032,1.1504,1.151,0.50,0.50
2007.12.24 01:15:23.149,1.1504,1.1511,0.50,12.80
2007.12.24 01:15:23.266,1.1504,1.1511,0.50,12.80
2007.12.24 01:15:23.383,1.1504,1.1511,0.50,12.80
2007.12.24 01:15:23.531,1.1504,1.151,0.50,0.80
2007.12.24 01:15:23.679,1.1504,1.1511,0.50,12.80
2007.12.24 01:15:23.826,1.1504,1.1511,0.50,12.80
2007.12.24 01:15:23.974,1.1504,1.151,0.50,0.60
2007.12.24 01:15:24.121,1.1504,1.1511,0.50,12.80
2007.12.24 01:15:24.268,1.1504,1.1511,0.50,12.80
2007.12.24 01:15:24.416,1.1504,1.151,0.50,0.60
2007.12.24 01:15:24.523,1.1504,1.151,0.50,0.70
2007.12.24 01:15:24.630,1.1504,1.151,0.50,0.70
2007.12.24 01:15:24.738,1.1504,1.1511,0.50,12.80
2007.12.24 01:15:24.846,1.1504,1.151,0.50,0.50
2007.12.24 01:15:24.953,1.1504,1.1511,0.50,12.80
2007.12.24 01:15:25.060,1.1504,1.1511,0.50,12.80
2007.12.24 01:15:25.167,1.1504,1.1511,0.50,12.80
2007.12.24 01:15:25.274,1.1504,1.151,0.50,0.90
2007.12.24 01:15:25.394,1.1504,1.151,0.50,0.80
2007.12.24 01:15:25.531,1.1504,1.1511,0.50,12.80
2007.12.24 01:15:25.668,1.1504,1.1511,0.50,12.80
2007.12.24 01:15:25.806,1.1504,1.1511,0.50,12.80
2007.12.24 01:15:25.943,1.1504,1.1511,0.50,12.80
2007.12.24 01:15:26.080,1.1504,1.1511,0.50,12.80
2007.12.24 01:15:26.217,1.1504,1.1511,0.50,12.80
2007.12.24 01:15:26.355,1.1504,1.1511,0.50,12.80
2007.12.24 01:15:26.492,1.1504,1.1511,0.50,12.80
2007.12.24 01:15:26.605,1.1504,1.151,0.50,0.50
2007.12.24 01:15:26.717,1.1504,1.1511,0.50,12.80
2007.12.24 01:15:26.829,1.1504,1.1511,0.50,12.80
2007.12.24 01:15:26.955,1.1504,1.1511,0.50,12.80
2007.12.24 01:15:27.055,1.1504,1.151,0.50,0.90
2007.12.24 01:15:27.167,1.1504,1.1511,0.50,12.80
2007.12.24 01:15:27.280,1.1504,1.1511,0.50,12.80
2007.12.24 01:15:27.392,1.1504,1.1511,0.50,12.80
2007.12.24 01:15:27.504,1.1504,1.1511,0.50,12.80
2007.12.24 01:15:27.712,1.1504,1.1511,0.50,12.80
2007.12.24 01:15:27.919,1.1504,1.1511,0.50,12.80
2007.12.24 01:15:28.127,1.1504,1.151,0.50,0.70
2007.12.24 01:15:28.334,1.1504,1.1511,0.50,12.80
2007.12.24 01:15:28.542,1.1504,1.1511,0.50,12.80
2007.12.24 01:15:28.660,1.1504,1.151,0.50,0.70
2007.12.24 01:15:28.777,1.1504,1.1511,0.50,12.80
2007.12.24 01:15:28.894,1.1504,1.1511,0.50,12.80
2007.12.24 01:15:29.012,1.1504,1.1511,0.50,12.80
2007.12.24 01:15:29.129,1.1504,1.1511,0.50,12.80
2007.12.24 01:15:29.246,1.1504,1.1511,0.50,12.80
2007.12.24 01:15:29.364,1.1504,1.151,0.50,0.60
2007.12.24 01:15:29.481,1.1504,1.151,0.50,0.90
2007.12.24 01:15:29.600,1.1504,1.151,0.50,0.60
2007.12.24 01:15:29.747,1.1504,1.1511,0.50,12.80
2007.12.24 01:15:29.894,1.1504,1.1511,0.50,12.80
2007.12.24 01:15:30.042,1.1504,1.1511,0.50,12.80
2007.12.24 01:15:30.189,1.1504,1.1511,0.50,12.80
2007.12.24 01:15:30.337,1.1504,1.1511,0.50,12.80
2007.12.24 01:15:30.484,1.1504,1.1511,0.50,12.80
2007.12.24 01:15:30.631,1.1504,1.1511,0.50,12.80
2007.12.24 01:15:30.745,1.1504,1.151,0.50,0.90
2007.12.24 01:15:30.857,1.1504,1.1511,0.50,12.80
2007.12.24 01:15:30.970,1.1504,1.1511,0.50,12.80
2007.12.24 01:15:31.082,1.1504,1.1511,0.50,12.80
2007.12.24 01:15:31.194,1.1504,1.151,0.50,0.80
2007.12.24 01:15:31.306,1.1504,1.151,0.50,0.80
2007.12.24 01:15:31.420,1.1504,1.1511,0.50,12.80
2007.12.24 01:15:31.532,1.1504,1.151,0.50,0.60
2007.12.24 01:15:31.644,1.1504,1.1511,0.50,12.80
2007.12.24 01:15:31.822,1.1504,1.151,0.50,0.50
2007.12.24 01:15:31.999,1.1504,1.1511,0.50,12.80
2007.12.24 01:15:32.177,1.1504,1.151,0.50,0.80
2007.12.24 01:15:32.354,1.1504,1.1511,0.50,12.80
2007.12.24 01:15:32.532,1.1504,1.151,0.50,0.70
2007.12.24 01:15:32.710,1.1504,1.1511,0.50,12.80
2007.12.24 01:15:32.817,1.1504,1.1511,0.50,12.80
2007.12.24 01:15:32.925,1.1504,1.1511,0.50,12.80
2007.12.24 01:15:33.032,1.1504,1.1511,0.50,12.80
2007.12.24 01:15:33.140,1.1504,1.151,0.50,0.90
2007.12.24 01:15:33.247,1.1504,1.1511,0.50,12.80
2007.12.24 01:15:33.356,1.1504,1.1511,0.50,12.80
2007.12.24 01:15:33.463,1.1504,1.1511,0.50,12.80
2007.12.24 01:15:33.570,1.1504,1.1511,0.50,12.80
2007.12.24 01:15:33.677,1.1504,1.151,0.50,0.80
2007.12.24 01:15:33.815,1.1504,1.1511,0.50,12.80
2007.12.24 01:15:33.953,1.1504,1.1511,0.50,12.80
2007.12.24 01:15:34.091,1.1504,1.151,0.50,0.80
2007.12.24 01:15:34.228,1.1504,1.151,0.50,0.80
2007.12.24 01:15:34.365,1.1504,1.1511,0.50,12.80
2007.12.24 01:15:34.504,1.1504,1.151,0.50,0.70
2007.12.24 01:15:34.641,1.1504,1.1511,0.50,12.80
2007.12.24 01:15:34.753,1.1504,1.1511,0.50,12.80
2007.12.24 01:15:34.865,1.1504,1.151,0.50,0.90
2007.12.24 01:15:34.978,1.1504,1.1511,0.50,12.80
2007.12.24 01:15:35.092,1.1504,1.151,0.50,0.70
2007.12.24 01:15:35.204,1.1504,1.151,0.50,0.90
2007.12.24 01:15:35.316,1.1504,1.1511,0.50,12.80
2007.12.24 01:15:35.428,1.1504,1.151,0.50,0.60
2007.12.24 01:15:35.540,1.1504,1.1511,0.50,12.80
2007.12.24 01:15:35.653,1.1504,1.151,0.50,0.90
2007.12.24 01:15:35.787,1.1504,1.1511,0.50,12.80
2007.12.24 01:15:35.920,1.1504,1.1511,0.50,12.80
2007.12.24 01:15:36.053,1.1504,1.151,0.50,0.80
2007.12.24 01:15:36.186,1.1504,1.1511,0.50,12.80
2007.12.24 01:15:36.318,1.1504,1.151,0.50,10.80
2007.12.24 01:15:36.450,1.1504,1.151,0.50,10.80
2007.12.24 01:15:36.583,1.1504,1.151,0.50,10.80
2007.12.24 01:15:36.716,1.1504,1.151,0.50,10.80
2007.12.24 01:15:36.858,1.1504,1.151,0.50,10.80
2007.12.24 01:15:37.000,1.1504,1.151,0.50,10.80
2007.12.24 01:15:37.143,1.1504,1.151,0.50,10.80
2007.12.24 01:15:37.286,1.1504,1.151,0.50,10.80
2007.12.24 01:15:37.429,1.1504,1.151,0.50,10.80
2007.12.24 01:15:37.572,1.1504,1.151,0.50,10.80
2007.12.24 01:15:37.714,1.1504,1.151,0.50,10.80
2007.12.24 01:15:37.827,1.1504,1.151,0.50,8.40
2007.12.24 01:15:37.940,1.1504,1.151,0.50,8.40
2007.12.24 01:15:38.053,1.1504,1.151,0.50,8.40
2007.12.24 01:15:38.177,1.1504,1.151,0.50,8.40
2007.12.24 01:15:38.278,1.1504,1.151,0.50,10.80
2007.12.24 01:15:38.392,1.1504,1.151,0.50,10.80
2007.12.24 01:15:38.503,1.1504,1.151,0.50,10.80
2007.12.24 01:15:38.617,1.1504,1.151,0.50,10.80
2007.12.24 01:15:38.730,1.1504,1.151,0.50,10.80
2007.12.24 01:15:38.920,1.1504,1.151,0.50,10.80
2007.12.24 01:15:39.086,1.1504,1.151,0.50,10.80
2007.12.24 01:15:39.263,1.1504,1.151,0.50,10.80
2007.12.24 01:15:39.441,1.1504,1.151,0.50,10.80
2007.12.24 01:15:39.619,1.1504,1.151,0.50,10.80
2007.12.24 01:15:39.797,1.1504,1.151,0.50,10.80
2007.12.24 01:15:39.885,1.1504,1.151,0.50,10.80
2007.12.24 01:15:39.974,1.1504,1.151,0.50,10.80
2007.12.24 01:15:40.061,1.1504,1.151,0.50,10.80
2007.12.24 01:15:40.148,1.1504,1.151,0.50,10.80
2007.12.24 01:15:40.236,1.1504,1.151,0.50,10.80
2007.12.24 01:15:40.324,1.1504,1.151,0.50,10.80
2007.12.24 01:15:40.412,1.1504,1.151,0.50,10.80
2007.12.24 01:15:40.500,1.1504,1.151,0.50,10.80
2007.12.24 01:15:40.587,1.1504,1.151,0.50,10.80
2007.12.24 01:15:40.675,1.1504,1.151,0.50,10.80
2007.12.24 01:15:40.828,1.1504,1.151,0.50,10.80
2007.12.24 01:15:40.981,1.1504,1.151,0.50,10.80
2007.12.24 01:15:41.134,1.1504,1.151,0.50,10.80
2007.12.24 01:15:41.285,1.1504,1.151,0.50,10.80
2007.12.24 01:15:41.439,1.1504,1.151,0.50,10.80
2007.12.24 01:15:41.592,1.1504,1.151,0.50,10.80
2007.12.24 01:15:41.744,1.1504,1.151,0.50,10.80
2007.12.24 01:15:41.846,1.1504,1.151,0.50,10.80
2007.12.24 01:15:41.950,1.1504,1.151,0.50,2.80
2007.12.24 01:15:42.053,1.1504,1.151,0.50,2.80
2007.12.24 01:15:42.155,1.1504,1.151,0.50,2.80
2007.12.24 01:15:42.257,1.1504,1.151,0.50,2.80
2007.12.24 01:15:42.367,1.1504,1.151,0.50,2.80
2007.12.24 01:15:42.470,1.1504,1.151,0.50,2.80
2007.12.24 01:15:42.573,1.1504,1.151,0.50,2.80
2007.12.24 01:15:42.675,1.1504,1.151,0.50,2.80
2007.12.24 01:15:42.817,1.1504,1.151,0.50,2.80
2007.12.24 01:15:42.959,1.1504,1.151,0.50,2.80
2007.12.24 01:15:43.102,1.1504,1.151,0.50,2.80
2007.12.24 01:15:43.244,1.1504,1.151,0.50,2.80
2007.12.24 01:15:43.387,1.1504,1.151,0.50,0.50
2007.12.24 01:15:43.529,1.1504,1.151,0.50,0.50
2007.12.24 01:15:43.673,1.1504,1.151,0.50,0.50
2007.12.24 01:15:43.815,1.1504,1.151,0.50,2.80
2007.12.24 01:15:43.944,1.1504,1.151,0.50,2.80
2007.12.24 01:15:44.072,1.1504,1.151,0.50,2.80
2007.12.24 01:15:44.199,1.1504,1.151,0.50,2.80
2007.12.24 01:15:44.327,1.1504,1.151,0.50,2.80
2007.12.24 01:15:44.454,1.1504,1.151,0.50,2.80
2007.12.24 01:15:44.581,1.1504,1.151,0.50,2.80
2007.12.24 01:15:44.710,1.1504,1.1509,0.50,0.50
2007.12.24 01:15:44.837,1.1504,1.1509,0.50,0.50
2007.12.24 01:15:44.974,1.1504,1.1509,0.50,0.50
2007.12.24 01:15:45.111,1.1504,1.1509,0.50,0.50
2007.12.24 01:15:45.250,1.1504,1.1509,0.50,0.50
2007.12.24 01:15:45.387,1.1504,1.1509,0.50,4.40
2007.12.24 01:15:45.526,1.1504,1.1509,0.50,12.40
2007.12.24 01:15:45.664,1.1504,1.1509,0.50,12.40
2007.12.24 01:15:45.802,1.1504,1.1509,0.50,12.40
2007.12.24 01:15:45.940,1.1504,1.1509,0.50,12.40
2007.12.24 01:15:46.082,1.1504,1.1509,0.50,12.40
2007.12.24 01:15:46.225,1.1504,1.1509,0.50,12.40
2007.12.24 01:15:46.368,1.1504,1.1509,0.50,12.40
2007.12.24 01:15:46.510,1.1504,1.1509,0.50,12.40
2007.12.24 01:15:46.652,1.1504,1.1509,0.50,12.40
2007.12.24 01:15:46.796,1.1504,1.1509,0.50,12.40
2007.12.24 01:15:46.938,1.1504,1.1509,0.50,12.40
2007.12.24 01:15:47.215,1.1504,1.1509,0.50,12.40
2007.12.24 01:15:47.325,1.1504,1.151,0.50,13.60
2007.12.24 01:15:47.494,1.1504,1.151,0.50,13.60
2007.12.24 01:15:47.784,1.1504,1.151,0.50,13.60
2007.12.24 01:15:48.049,1.1504,1.151,0.50,13.60
2007.12.24 01:15:48.193,1.1504,1.151,0.50,13.60
2007.12.24 01:15:48.335,1.1504,1.1509,0.50,12.40
2007.12.24 01:15:48.477,1.1504,1.1509,0.50,12.40
2007.12.24 01:15:48.621,1.1504,1.1509,0.50,12.40
2007.12.24 01:15:48.764,1.1504,1.1509,0.50,12.40
2007.12.24 01:15:48.906,1.1504,1.1509,0.50,12.40
2007.12.24 01:15:49.038,1.1504,1.1509,0.50,12.40
2007.12.24 01:15:49.172,1.1504,1.1509,0.50,12.40
2007.12.24 01:15:49.304,1.1504,1.1509,0.50,12.40
2007.12.24 01:15:49.436,1.1504,1.1509,0.50,12.40
2007.12.24 01:15:49.570,1.1504,1.1509,0.50,12.40
2007.12.24 01:15:49.702,1.1504,1.1509,0.50,12.40
2007.12.24 01:15:49.834,1.1504,1.1509,0.50,12.40
2007.12.24 01:15:49.968,1.1504,1.1509,0.50,12.40
2007.12.24 01:15:50.085,1.1504,1.1509,0.50,12.40
2007.12.24 01:15:50.203,1.1504,1.1509,0.50,12.40
2007.12.24 01:15:50.320,1.1504,1.1509,0.50,12.40
2007.12.24 01:15:50.437,1.1504,1.1509,0.50,12.40
2007.12.24 01:15:50.556,1.1504,1.1509,0.50,12.40
2007.12.24 01:15:50.673,1.1504,1.1509,0.50,12.40
2007.12.24 01:15:50.791,1.1504,1.1509,0.50,12.40
2007.12.24 01:15:50.908,1.1504,1.1509,0.50,12.40
2007.12.24 01:15:51.025,1.1504,1.1509,0.50,12.40
2007.12.24 01:15:51.158,1.1504,1.1509,0.50,12.40
2007.12.24 01:15:51.291,1.1504,1.1509,0.50,12.40
2007.12.24 01:15:51.423,1.1504,1.1509,0.50,12.40
2007.12.24 01:15:51.556,1.1504,1.1509,0.50,12.40
2007.12.24 01:15:51.689,1.1504,1.1509,0.50,12.40
2007.12.24 01:15:51.822,1.1504,1.1509,0.50,12.40
2007.12.24 01:15:51.954,1.1504,1.1509,0.50,12.40
2007.12.24 01:15:52.086,1.1504,1.1509,0.50,12.40
2007.12.24 01:15:52.260,1.1504,1.1509,0.50,12.40
2007.12.24 01:15:52.432,1.1504,1.1509,0.50,12.40
2007.12.24 01:15:52.605,1.1504,1.1509,0.50,12.40
2007.12.24 01:15:52.777,1.1504,1.1509,0.50,12.40
2007.12.24 01:15:52.949,1.1504,1.1509,0.50,12.40
2007.12.24 01:15:53.122,1.1504,1.1509,0.50,12.40
2007.12.24 01:15:53.229,1.1504,1.1509,0.50,12.40
2007.12.24 01:15:53.338,1.1504,1.1509,0.50,12.40
2007.12.24 01:15:53.446,1.1504,1.1509,0.50,12.40
2007.12.24 01:15:53.553,1.1504,1.1509,0.50,12.40
2007.12.24 01:15:53.660,1.1504,1.1509,0.50,12.40
2007.12.24 01:15:53.768,1.1504,1.1509,0.50,12.40
2007.12.24 01:15:53.875,1.1504,1.1509,0.50,12.40
2007.12.24 01:15:53.983,1.1504,1.1509,0.50,12.40
2007.12.24 01:15:54.090,1.1504,1.1509,0.50,12.40
2007.12.24 01:15:54.198,1.1504,1.1509,0.50,12.40
2007.12.24 01:15:54.355,1.1504,1.1509,0.50,12.40
2007.12.24 01:15:54.512,1.1504,1.1509,0.50,12.40
2007.12.24 01:15:54.670,1.1504,1.1509,0.50,12.40
2007.12.24 01:15:54.828,1.1504,1.1509,0.50,12.40
2007.12.24 01:15:54.985,1.1504,1.1509,0.50,12.40
2007.12.24 01:15:55.143,1.1504,1.1509,0.50,12.40
2007.12.24 01:15:55.292,1.1504,1.1509,0.50,12.40
2007.12.24 01:15:55.429,1.1504,1.1509,0.50,12.40
2007.12.24 01:15:55.566,1.1504,1.1509,0.50,12.40
2007.12.24 01:15:55.704,1.1504,1.1509,0.50,12.40
2007.12.24 01:15:55.843,1.1504,1.1509,0.50,12.40
2007.12.24 01:15:55.980,1.1504,1.1509,0.50,12.40
2007.12.24 01:15:56.117,1.1504,1.1509,0.50,12.40
2007.12.24 01:15:56.254,1.1504,1.1509,0.50,12.40
2007.12.24 01:15:56.367,1.1504,1.1509,0.50,12.40
2007.12.24 01:15:56.480,1.1504,1.1509,0.50,12.40
2007.12.24 01:15:56.592,1.1504,1.1509,0.50,12.40
2007.12.24 01:15:56.704,1.1504,1.1509,0.50,12.40
2007.12.24 01:15:56.817,1.1504,1.1509,0.50,12.40
2007.12.24 01:15:56.930,1.1504,1.1509,0.50,12.40
2007.12.24 01:15:57.043,1.1504,1.1509,0.50,12.40
2007.12.24 01:15:57.155,1.1504,1.1509,0.50,12.40
2007.12.24 01:15:57.267,1.1504,1.1509,0.50,12.40
2007.12.24 01:15:57.400,1.1504,1.1509,0.50,12.40
2007.12.24 01:15:57.534,1.1504,1.1509,0.50,12.40
2007.12.24 01:15:57.666,1.1504,1.1509,0.50,12.40
2007.12.24 01:15:57.798,1.1504,1.1509,0.50,12.40
2007.12.24 01:15:57.931,1.1504,1.1509,0.50,12.40
2007.12.24 01:15:58.064,1.1504,1.1509,0.50,12.40
2007.12.24 01:15:58.196,1.1504,1.1509,0.50,12.40
2007.12.24 01:15:58.329,1.1504,1.1509,0.50,12.40
2007.12.24 01:15:58.452,1.1504,1.1509,0.50,12.40
2007.12.24 01:15:58.576,1.1504,1.1509,0.50,12.40
2007.12.24 01:15:58.698,1.1504,1.1509,0.50,12.40
2007.12.24 01:15:58.820,1.1504,1.1509,0.50,12.40
2007.12.24 01:15:58.942,1.1504,1.1509,0.50,12.40
2007.12.24 01:15:59.065,1.1504,1.1509,0.50,12.40
2007.12.24 01:15:59.188,1.1504,1.1509,0.50,12.40
2007.12.24 01:15:59.311,1.1504,1.1509,0.50,12.40
2007.12.24 01:15:59.433,1.1504,1.1509,0.50,12.40
2007.12.24 01:15:59.560,1.1504,1.1509,0.50,12.40
2007.12.24 01:15:59.688,1.1504,1.1509,0.50,12.40
2007.12.24 01:15:59.817,1.1504,1.1509,0.50,12.40
2007.12.24 01:15:59.944,1.1504,1.1509,0.50,12.40
2007.12.24 01:16:00.071,1.1504,1.1509,0.50,12.40
2007.12.24 01:16:00.199,1.1504,1.1509,0.50,12.40
2007.12.24 01:16:00.327,1.1504,1.1508,0.50,4.40
2007.12.24 01:16:00.454,1.1504,1.1508,0.50,4.40
2007.12.24 01:16:00.608,1.1504,1.1508,0.50,4.40
2007.12.24 01:16:00.750,1.1504,1.1508,0.50,4.40
2007.12.24 01:16:00.894,1.1504,1.1508,0.50,4.40
2007.12.24 01:16:01.036,1.1504,1.1508,0.50,4.40
2007.12.24 01:16:01.179,1.1504,1.1508,0.50,4.40
2007.12.24 01:16:01.322,1.1504,1.1508,0.50,4.40
2007.12.24 01:16:01.465,1.1504,1.1508,0.50,4.40
2007.12.24 01:16:01.597,1.1504,1.1508,0.50,4.40
2007.12.24 01:16:01.729,1.1504,1.1508,0.50,4.40
2007.12.24 01:16:01.863,1.1504,1.1508,0.50,4.40
2007.12.24 01:16:01.995,1.1504,1.1508,0.50,4.40
2007.12.24 01:16:02.127,1.1504,1.1508,0.50,4.40
2007.12.24 01:16:02.260,1.1504,1.1508,0.50,4.40
2007.12.24 01:16:02.392,1.1504,1.1508,0.50,4.40
2007.12.24 01:16:02.524,1.1504,1.1508,0.50,4.40
2007.12.24 01:16:02.642,1.1504,1.1508,0.50,4.40
2007.12.24 01:16:02.759,1.1504,1.1508,0.50,4.40
2007.12.24 01:16:02.876,1.1504,1.1508,0.50,4.40
2007.12.24 01:16:02.995,1.1504,1.1508,0.50,4.40
2007.12.24 01:16:03.112,1.1504,1.1508,0.50,4.40
2007.12.24 01:16:03.230,1.1504,1.1508,0.50,4.40
2007.12.24 01:16:03.348,1.1504,1.1508,0.50,4.40
2007.12.24 01:16:03.465,1.1504,1.1508,0.50,4.40
2007.12.24 01:16:03.593,1.1504,1.1508,0.50,4.40
2007.12.24 01:16:03.720,1.1504,1.1508,0.50,4.40
2007.12.24 01:16:03.848,1.1504,1.1508,0.50,4.40
2007.12.24 01:16:03.976,1.1504,1.1508,0.50,4.40
2007.12.24 01:16:04.104,1.1504,1.1508,0.50,4.40
2007.12.24 01:16:04.231,1.1504,1.1508,0.50,4.40
2007.12.24 01:16:04.359,1.1504,1.1508,0.50,4.40
2007.12.24 01:16:04.488,1.1504,1.1508,0.50,4.40
2007.12.24 01:16:04.605,1.1504,1.1508,0.50,4.40
2007.12.24 01:16:04.723,1.1504,1.1508,0.50,4.40
2007.12.24 01:16:04.840,1.1504,1.1508,0.50,4.40
2007.12.24 01:16:04.972,1.1504,1.1508,0.50,4.40
2007.12.24 01:16:05.076,1.1504,1.1508,0.50,4.40
2007.12.24 01:16:05.194,1.1504,1.1508,0.50,4.40
2007.12.24 01:16:05.312,1.1504,1.1508,0.50,4.40
2007.12.24 01:16:05.431,1.1504,1.1508,0.50,4.40
2007.12.24 01:16:05.548,1.1504,1.1508,0.50,4.40
2007.12.24 01:16:05.715,1.1504,1.1508,0.50,4.40
2007.12.24 01:16:05.882,1.1504,1.1508,0.50,4.40
2007.12.24 01:16:06.050,1.1504,1.1508,0.50,4.40
2007.12.24 01:16:06.218,1.1504,1.1508,0.50,4.40
2007.12.24 01:16:06.386,1.1504,1.1508,0.50,4.40
2007.12.24 01:16:06.554,1.1504,1.1508,0.50,4.40
2007.12.24 01:16:06.647,1.1504,1.1508,0.50,4.40
2007.12.24 01:16:06.753,1.1504,1.1508,0.50,4.40
2007.12.24 01:16:06.831,1.1504,1.1508,0.50,4.40
2007.12.24 01:16:06.925,1.1504,1.1508,0.50,4.40
2007.12.24 01:16:07.017,1.1504,1.1508,0.50,4.40
2007.12.24 01:16:07.110,1.1504,1.1508,0.50,4.40
2007.12.24 01:16:07.203,1.1504,1.1508,0.50,4.40
2007.12.24 01:16:07.295,1.1504,1.1508,0.50,4.40
2007.12.24 01:16:07.389,1.1504,1.1508,0.50,4.40
2007.12.24 01:16:07.488,1.1504,1.1508,0.50,4.40
2007.12.24 01:16:07.641,1.1504,1.1508,0.50,4.40
2007.12.24 01:16:07.794,1.1504,1.1508,0.50,4.40
2007.12.24 01:16:07.947,1.1504,1.1508,0.50,4.40
2007.12.24 01:16:08.099,1.1504,1.1508,0.50,4.40
2007.12.24 01:16:08.251,1.1504,1.1508,0.50,4.40
2007.12.24 01:16:08.404,1.1504,1.1508,0.50,4.40
2007.12.24 01:16:08.557,1.1504,1.1508,0.50,4.40
2007.12.24 01:16:08.670,1.1504,1.1508,0.50,4.40
2007.12.24 01:16:08.782,1.1504,1.1508,0.50,4.40
2007.12.24 01:16:08.896,1.1504,1.1508,0.50,4.40
2007.12.24 01:16:09.008,1.1504,1.1508,0.50,4.40
2007.12.24 01:16:09.121,1.1504,1.1508,0.50,4.40
2007.12.24 01:16:09.234,1.1504,1.1508,0.50,4.40
2007.12.24 01:16:09.347,1.1504,1.1508,0.50,4.40
2007.12.24 01:16:09.459,1.1504,1.1508,0.50,4.40
2007.12.24 01:16:09.571,1.1504,1.1508,0.50,4.40
2007.12.24 01:16:09.764,1.1504,1.1508,0.50,4.40
2007.12.24 01:16:09.956,1.1504,1.1508,0.50,4.40
2007.12.24 01:16:10.148,1.1504,1.1508,0.50,4.40
2007.12.24 01:16:10.341,1.1504,1.1508,0.50,4.40
2007.12.24 01:16:10.534,1.1504,1.1508,0.50,4.40
2007.12.24 01:16:10.663,1.1504,1.1508,0.50,4.40
2007.12.24 01:16:10.790,1.1504,1.1508,0.50,4.40
2007.12.24 01:16:10.917,1.1504,1.1508,0.50,4.40
2007.12.24 01:16:11.045,1.1504,1.1508,0.50,4.40
2007.12.24 01:16:11.173,1.1504,1.1508,0.50,4.40
2007.12.24 01:16:11.301,1.1504,1.1508,0.50,4.40
2007.12.24 01:16:11.428,1.1504,1.1508,0.50,4.40
2007.12.24 01:16:11.556,1.1504,1.1508,0.50,4.40
2007.12.24 01:16:11.684,1.1504,1.1508,0.50,4.40
2007.12.24 01:16:11.832,1.1504,1.1508,0.50,4.40
2007.12.24 01:16:11.980,1.1504,1.1508,0.50,4.40
2007.12.24 01:16:12.127,1.1504,1.1508,0.50,4.40
2007.12.24 01:16:12.274,1.1504,1.1508,0.50,4.40
2007.12.24 01:16:12.422,1.1504,1.1508,0.50,4.40
2007.12.24 01:16:12.570,1.1504,1.1508,0.50,4.40
2007.12.24 01:16:12.718,1.1504,1.1508,0.50,4.40
2007.12.24 01:16:12.860,1.1504,1.1508,0.50,4.40
2007.12.24 01:16:13.009,1.1504,1.1508,0.50,4.40
2007.12.24 01:16:13.152,1.1504,1.1508,0.50,4.40
2007.12.24 01:16:13.295,1.1504,1.1508,0.50,4.40
2007.12.24 01:16:13.437,1.1504,1.1508,0.50,4.40
2007.12.24 01:16:13.580,1.1504,1.1508,0.50,4.40
2007.12.24 01:16:13.723,1.1504,1.1508,0.50,4.40
2007.12.24 01:16:13.830,1.1504,1.1508,0.50,4.40
2007.12.24 01:16:13.951,1.1504,1.1508,0.50,4.40
2007.12.24 01:16:14.058,1.1504,1.1508,0.50,4.40
2007.12.24 01:16:14.166,1.1504,1.1508,0.50,4.40
2007.12.24 01:16:14.273,1.1504,1.1508,0.50,4.40
2007.12.24 01:16:14.380,1.1504,1.1508,0.50,4.40
2007.12.24 01:16:14.488,1.1504,1.1508,0.50,4.40
2007.12.24 01:16:14.595,1.1504,1.1508,0.50,4.40
2007.12.24 01:16:14.733,1.1504,1.1508,0.50,4.40
2007.12.24 01:16:14.870,1.1504,1.1508,0.50,4.40
2007.12.24 01:16:15.008,1.1504,1.1508,0.50,4.40
2007.12.24 01:16:15.146,1.1504,1.1508,0.50,4.40
2007.12.24 01:16:15.283,1.1504,1.1508,0.50,4.40
2007.12.24 01:16:15.421,1.1504,1.1508,0.50,4.40
2007.12.24 01:16:15.559,1.1504,1.1508,0.50,4.40
2007.12.24 01:16:15.696,1.1504,1.1508,0.50,4.40
2007.12.24 01:16:15.834,1.1504,1.1508,0.50,4.40
2007.12.24 01:16:15.972,1.1504,1.1508,0.50,4.40
2007.12.24 01:16:16.110,1.1504,1.1508,0.50,4.40
2007.12.24 01:16:16.247,1.1504,1.1508,0.50,4.40
2007.12.24 01:16:16.385,1.1504,1.1508,0.50,4.40
2007.12.24 01:16:16.524,1.1504,1.1508,0.50,4.40
2007.12.24 01:16:16.661,1.1503,1.1508,5.70,4.40
2007.12.24 01:16:16.798,1.1503,1.1508,5.70,4.40
2007.12.24 01:16:16.916,1.1503,1.1508,5.70,4.40
2007.12.24 01:16:17.034,1.1504,1.1508,0.50,4.40
2007.12.24 01:16:17.152,1.1503,1.1508,13.60,4.40
2007.12.24 01:16:17.271,1.1504,1.1508,4.90,4.00
2007.12.24 01:16:17.388,1.1504,1.1508,2.60,4.00
2007.12.24 01:16:17.506,1.1503,1.15105,16.00,8.00
2007.12.24 01:16:17.623,1.1503,1.15105,16.00,8.00
2007.12.24 01:16:17.741,1.1503,1.15105,16.00,8.00
2007.12.24 01:16:17.894,1.1504,1.15105,4.20,8.00
2007.12.24 01:16:18.047,1.1503,1.15105,16.00,8.00
2007.12.24 01:16:18.199,1.1503,1.15105,16.00,8.00
2007.12.24 01:16:18.351,1.1503,1.15105,16.00,8.00
2007.12.24 01:16:18.504,1.1504,1.15105,5.70,8.00
2007.12.24 01:16:18.656,1.1503,1.15105,16.00,8.00
2007.12.24 01:16:18.809,1.1503,1.15105,16.00,8.00
2007.12.24 01:16:18.937,1.1503,1.15105,16.00,8.00
2007.12.24 01:16:19.064,1.1503,1.15105,16.00,8.00
2007.12.24 01:16:19.192,1.1503,1.15105,16.00,8.00
2007.12.24 01:16:19.320,1.1503,1.15105,16.00,8.00
2007.12.24 01:16:19.448,1.1503,1.15105,16.00,8.00
2007.12.24 01:16:19.575,1.1504,1.15105,2.10,8.00
2007.12.24 01:16:19.702,1.1503,1.15105,16.00,8.00
2007.12.24 01:16:19.830,1.1503,1.15105,16.00,8.00
2007.12.24 01:16:19.943,1.1504,1.15105,4.70,8.00
2007.12.24 01:16:20.056,1.1503,1.15105,16.00,8.00
2007.12.24 01:16:20.169,1.1503,1.15105,16.00,8.00
2007.12.24 01:16:20.281,1.1503,1.15105,16.00,8.00
2007.12.24 01:16:20.394,1.1504,1.15105,4.70,8.00
2007.12.24 01:16:20.507,1.1503,1.15105,16.00,8.00
2007.12.24 01:16:20.619,1.1503,1.15105,16.00,8.00
2007.12.24 01:16:20.732,1.1504,1.15105,0.90,8.00
2007.12.24 01:16:20.845,1.1503,1.15105,16.00,8.00
2007.12.24 01:16:21.042,1.1503,1.15105,16.00,8.00
2007.12.24 01:16:21.240,1.1504,1.15105,5.00,8.00
2007.12.24 01:16:21.437,1.1503,1.15105,16.00,8.00
2007.12.24 01:16:21.635,1.1503,1.15105,16.00,8.00
2007.12.24 01:16:21.832,1.1503,1.15105,16.00,8.00
2007.12.24 01:16:22.030,1.1504,1.15105,3.70,8.00
2007.12.24 01:16:22.113,1.1503,1.15105,16.00,8.00
2007.12.24 01:16:22.196,1.1503,1.15105,16.00,8.00
2007.12.24 01:16:22.279,1.1504,1.15105,4.70,8.00
2007.12.24 01:16:22.362,1.1503,1.15105,16.00,8.00
2007.12.24 01:16:22.444,1.1504,1.15105,1.70,8.00
2007.12.24 01:16:22.527,1.1504,1.15105,5.20,8.00
2007.12.24 01:16:22.609,1.1503,1.15105,16.00,8.00
2007.12.24 01:16:22.692,1.1503,1.15105,16.00,8.00
2007.12.24 01:16:22.775,1.1503,1.15105,16.00,8.00
2007.12.24 01:16:22.857,1.1503,1.15105,16.00,8.00
2007.12.24 01:16:23.045,1.1503,1.15105,16.00,8.00
2007.12.24 01:16:23.232,1.1503,1.15105,16.00,8.00
2007.12.24 01:16:23.419,1.1504,1.15105,5.20,8.00
2007.12.24 01:16:23.607,1.1503,1.15105,16.00,8.00
2007.12.24 01:16:23.795,1.1503,1.15105,16.00,8.00
2007.12.24 01:16:23.983,1.1503,1.15105,16.00,8.00
2007.12.24 01:16:24.070,1.1503,1.15105,16.00,8.00
2007.12.24 01:16:24.158,1.1503,1.15105,16.00,8.00
2007.12.24 01:16:24.245,1.1503,1.15105,16.00,8.00
2007.12.24 01:16:24.332,1.1504,1.15105,1.40,8.00
2007.12.24 01:16:24.420,1.1504,1.15105,1.60,8.00
2007.12.24 01:16:24.508,1.1504,1.15105,2.40,8.00
2007.12.24 01:16:24.595,1.1503,1.15105,16.00,8.00
2007.12.24 01:16:24.682,1.1503,1.15105,16.00,8.00
2007.12.24 01:16:24.770,1.1504,1.15105,4.30,8.00
2007.12.24 01:16:24.858,1.1503,1.15105,16.00,8.00
2007.12.24 01:16:24.945,1.1504,1.15105,3.60,8.00
2007.12.24 01:16:25.111,1.1503,1.15105,16.00,8.00
2007.12.24 01:16:25.273,1.1503,1.15105,16.00,8.00
2007.12.24 01:16:25.436,1.1503,1.15105,16.00,8.00
2007.12.24 01:16:25.598,1.1504,1.15105,5.60,8.00
2007.12.24 01:16:25.761,1.1503,1.15105,16.00,8.00
2007.12.24 01:16:25.923,1.1503,1.15105,16.00,8.00
2007.12.24 01:16:26.016,1.1504,1.15105,0.60,8.00
2007.12.24 01:16:26.109,1.1503,1.15105,16.00,8.00
2007.12.24 01:16:26.214,1.1503,1.15105,16.00,8.00
2007.12.24 01:16:26.294,1.1503,1.15105,16.00,8.00
2007.12.24 01:16:26.387,1.1503,1.15105,16.00,8.00
2007.12.24 01:16:26.479,1.1503,1.15105,16.00,8.00
2007.12.24 01:16:26.572,1.1503,1.15105,16.00,8.00
2007.12.24 01:16:26.664,1.1503,1.15105,16.00,8.00
2007.12.24 01:16:26.757,1.1503,1.15105,16.00,8.00
2007.12.24 01:16:26.849,1.1504,1.15105,0.50,8.00
2007.12.24 01:16:26.941,1.1503,1.15105,16.00,8.00
2007.12.24 01:16:27.105,1.1504,1.15105,0.80,8.00
2007.12.24 01:16:27.263,1.1503,1.15105,16.00,8.00
2007.12.24 01:16:27.420,1.1504,1.15105,1.90,8.00
2007.12.24 01:16:27.577,1.1503,1.15105,16.00,8.00
2007.12.24 01:16:27.736,1.1503,1.15105,16.00,8.00
2007.12.24 01:16:27.894,1.1503,1.15105,16.00,8.00
2007.12.24 01:16:28.051,1.1504,1.15105,1.60,8.00
2007.12.24 01:16:28.154,1.1503,1.15105,16.00,8.00
2007.12.24 01:16:28.257,1.1503,1.15105,16.00,8.00
2007.12.24 01:16:28.359,1.1503,1.15105,16.00,8.00
2007.12.24 01:16:28.462,1.1503,1.15105,16.00,8.00
2007.12.24 01:16:28.565,1.1504,1.15105,4.70,8.00
2007.12.24 01:16:28.668,1.1503,1.15105,16.00,8.00
2007.12.24 01:16:28.770,1.1504,1.15105,2.80,8.00
2007.12.24 01:16:28.873,1.1504,1.15105,3.70,8.00
2007.12.24 01:16:28.976,1.1503,1.15105,16.00,8.00
2007.12.24 01:16:29.078,1.1503,1.15105,16.00,8.00
2007.12.24 01:16:29.216,1.1504,1.15105,1.70,8.00
2007.12.24 01:16:29.354,1.1503,1.15105,16.00,8.00
2007.12.24 01:16:29.491,1.1503,1.15105,16.00,8.00
2007.12.24 01:16:29.629,1.1503,1.15105,16.00,8.00
2007.12.24 01:16:29.767,1.1504,1.15105,2.80,8.00
2007.12.24 01:16:29.904,1.1503,1.15105,16.00,8.00
2007.12.24 01:16:30.042,1.1503,1.15105,16.00,8.00
2007.12.24 01:16:30.155,1.1503,1.15105,16.00,8.00
2007.12.24 01:16:30.267,1.1504,1.15105,1.50,8.00
2007.12.24 01:16:30.379,1.1504,1.15105,0.90,8.00
2007.12.24 01:16:30.493,1.1504,1.15105,4.50,8.00
2007.12.24 01:16:30.605,1.1503,1.15105,16.00,8.00
2007.12.24 01:16:30.718,1.1503,1.15105,16.00,8.00
2007.12.24 01:16:30.831,1.1504,1.15105,3.20,8.00
2007.12.24 01:16:30.943,1.1504,1.15105,2.30,8.00
2007.12.24 01:16:31.057,1.1503,1.15105,16.00,8.00
2007.12.24 01:16:31.184,1.1503,1.15105,16.00,8.00
2007.12.24 01:16:31.312,1.1503,1.15105,16.00,8.00
2007.12.24 01:16:31.440,1.1503,1.15105,16.00,8.00
2007.12.24 01:16:31.567,1.1503,1.15105,16.00,8.00
2007.12.24 01:16:31.695,1.1503,1.15105,16.00,8.00
2007.12.24 01:16:31.822,1.1504,1.15105,4.00,8.00
2007.12.24 01:16:31.963,1.1503,1.15105,16.00,8.00
2007.12.24 01:16:32.077,1.1503,1.15105,16.00,8.00
2007.12.24 01:16:32.250,1.1504,1.15105,3.00,8.00
2007.12.24 01:16:32.422,1.1504,1.15095,0.70,8.00
2007.12.24 01:16:32.596,1.1503,1.15095,16.00,8.00
2007.12.24 01:16:32.769,1.1503,1.151,18.80,0.50
2007.12.24 01:16:32.942,1.1504,1.151,2.90,0.50
2007.12.24 01:16:33.115,1.1503,1.151,10.80,0.50
2007.12.24 01:16:33.288,1.1504,1.151,3.10,0.50
2007.12.24 01:16:33.495,1.1502,1.15095,20.00,8.00
2007.12.24 01:16:33.703,1.15035,1.151,1.00,8.40
2007.12.24 01:16:33.911,1.15035,1.151,1.80,8.40
2007.12.24 01:16:34.118,1.1502,1.15095,20.00,8.00
2007.12.24 01:16:34.326,1.1503,1.15095,2.30,8.00
2007.12.24 01:16:34.464,1.1502,1.15095,20.00,8.00
2007.12.24 01:16:34.601,1.1502,1.15095,20.00,8.00
2007.12.24 01:16:34.738,1.1502,1.15095,20.00,8.00
2007.12.24 01:16:34.876,1.1503,1.15095,5.20,8.00
2007.12.24 01:16:35.014,1.1503,1.15095,5.00,8.00
2007.12.24 01:16:35.151,1.1503,1.15095,3.40,8.00
2007.12.24 01:16:35.263,1.1503,1.15095,3.60,8.00
2007.12.24 01:16:35.376,1.1503,1.15095,3.40,8.00
2007.12.24 01:16:35.489,1.1503,1.15095,2.80,8.00
2007.12.24 01:16:35.602,1.1502,1.15095,20.00,8.00
2007.12.24 01:16:35.714,1.1502,1.15095,20.00,8.00
2007.12.24 01:16:35.826,1.1503,1.15095,4.70,8.00
2007.12.24 01:16:35.940,1.1503,1.15095,2.70,8.00
2007.12.24 01:16:36.053,1.1503,1.15095,5.70,8.00
2007.12.24 01:16:36.165,1.1502,1.15095,20.00,8.00
2007.12.24 01:16:36.277,1.1502,1.15095,20.00,8.00
2007.12.24 01:16:36.440,1.1502,1.15095,20.00,8.00
2007.12.24 01:16:36.603,1.1502,1.15095,20.00,8.00
2007.12.24 01:16:36.765,1.1502,1.15095,20.00,8.00
2007.12.24 01:16:36.929,1.1502,1.15095,20.00,8.00
2007.12.24 01:16:37.091,1.1503,1.15095,4.90,8.00
2007.12.24 01:16:37.253,1.1502,1.15095,20.00,8.00
2007.12.24 01:16:37.352,1.1503,1.15095,3.00,8.00
2007.12.24 01:16:37.449,1.1503,1.15095,5.70,8.00
2007.12.24 01:16:37.546,1.1503,1.15095,5.10,8.00
2007.12.24 01:16:37.645,1.1503,1.15095,0.80,8.00
2007.12.24 01:16:37.743,1.1502,1.15095,20.00,8.00
2007.12.24 01:16:37.840,1.1503,1.15095,4.70,8.00
2007.12.24 01:16:37.937,1.1502,1.15095,20.00,8.00
2007.12.24 01:16:38.036,1.1503,1.15095,4.20,8.00
2007.12.24 01:16:38.133,1.1502,1.15095,20.00,8.00
2007.12.24 01:16:38.230,1.1503,1.15095,3.90,8.00
2007.12.24 01:16:38.382,1.1503,1.15095,3.70,8.00
2007.12.24 01:16:38.536,1.1502,1.15095,20.00,8.00
2007.12.24 01:16:38.688,1.1503,1.15095,3.70,8.00
2007.12.24 01:16:38.842,1.1503,1.151,10.80,8.00
2007.12.24 01:16:38.995,1.1503,1.151,10.80,8.00
2007.12.24 01:16:39.147,1.15035,1.151,3.30,8.00
2007.12.24 01:16:39.300,1.1503,1.151,10.80,8.00
2007.12.24 01:16:39.483,1.15035,1.151,1.00,8.00
2007.12.24 01:16:39.665,1.1503,1.151,10.80,8.00
2007.12.24 01:16:39.848,1.15035,1.151,3.20,8.00
2007.12.24 01:16:40.031,1.15035,1.151,1.50,8.00
2007.12.24 01:16:40.213,1.15035,1.151,1.40,8.00
2007.12.24 01:16:40.395,1.1503,1.151,10.80,8.00
2007.12.24 01:16:40.479,1.15035,1.151,1.00,8.00
2007.12.24 01:16:40.561,1.1503,1.151,10.80,8.00
2007.12.24 01:16:40.643,1.15035,1.151,2.90,8.00
2007.12.24 01:16:40.727,1.1503,1.151,10.80,8.00
2007.12.24 01:16:40.809,1.15035,1.151,2.90,8.00
2007.12.24 01:16:40.891,1.15035,1.151,1.70,8.00
2007.12.24 01:16:40.973,1.1503,1.151,10.80,8.00
2007.12.24 01:16:41.055,1.1503,1.151,10.80,8.00
2007.12.24 01:16:41.148,1.1503,1.151,10.80,8.00
2007.12.24 01:16:41.231,1.15035,1.151,0.60,8.00
2007.12.24 01:16:41.313,1.1503,1.151,10.80,8.00
2007.12.24 01:16:41.480,1.15035,1.151,4.20,8.00
2007.12.24 01:16:41.649,1.15035,1.151,3.90,8.00
2007.12.24 01:16:41.816,1.15035,1.151,3.40,8.00
2007.12.24 01:16:41.984,1.15035,1.151,1.30,8.00
2007.12.24 01:16:42.152,1.1503,1.151,10.80,8.00
2007.12.24 01:16:42.320,1.15035,1.151,1.20,8.00
2007.12.24 01:16:42.488,1.1503,1.151,10.80,8.00
2007.12.24 01:16:42.590,1.1503,1.151,10.80,8.00
2007.12.24 01:16:42.692,1.1503,1.151,10.80,8.00
2007.12.24 01:16:42.796,1.1503,1.151,10.80,8.00
2007.12.24 01:16:42.898,1.1503,1.151,10.80,8.00
2007.12.24 01:16:43.000,1.1503,1.151,10.80,8.00
2007.12.24 01:16:43.104,1.1503,1.151,10.80,8.00
2007.12.24 01:16:43.207,1.1503,1.151,10.80,8.00
2007.12.24 01:16:43.309,1.15035,1.151,1.90,8.00
2007.12.24 01:16:43.411,1.1503,1.151,10.80,8.00
2007.12.24 01:16:43.598,1.15035,1.151,8.00,8.00
2007.12.24 01:16:43.787,1.15035,1.151,8.00,8.00
2007.12.24 01:16:43.975,1.15035,1.151,8.00,8.00
2007.12.24 01:16:44.162,1.15035,1.151,8.00,8.00
2007.12.24 01:16:44.349,1.15035,1.151,8.00,8.00
2007.12.24 01:16:44.427,1.15035,1.151,8.00,8.00
2007.12.24 01:16:44.506,1.15035,1.151,8.00,8.00
2007.12.24 01:16:44.584,1.15035,1.151,8.00,8.00
2007.12.24 01:16:44.661,1.15035,1.151,8.00,8.00
2007.12.24 01:16:44.738,1.15035,1.151,8.00,8.00
2007.12.24 01:16:44.815,1.15035,1.151,8.00,8.00
2007.12.24 01:16:44.892,1.15035,1.151,8.00,8.00
2007.12.24 01:16:44.984,1.15035,1.151,8.00,8.00
2007.12.24 01:16:45.062,1.15035,1.151,8.00,8.00
2007.12.24 01:16:45.139,1.15035,1.151,8.00,8.00
2007.12.24 01:16:45.216,1.15035,1.151,8.00,8.00
2007.12.24 01:16:45.293,1.15035,1.151,8.00,8.00
2007.12.24 01:16:45.370,1.15035,1.151,8.00,8.00
2007.12.24 01:16:45.448,1.15035,1.151,8.00,8.00
2007.12.24 01:16:45.632,1.15035,1.151,8.00,8.00
2007.12.24 01:16:45.814,1.15035,1.151,8.00,8.00
2007.12.24 01:16:45.996,1.15035,1.151,8.00,8.00
2007.12.24 01:16:46.180,1.15035,1.151,8.00,8.00
2007.12.24 01:16:46.362,1.15035,1.151,8.00,8.00
2007.12.24 01:16:46.544,1.15035,1.151,8.00,8.00
2007.12.24 01:16:46.632,1.15035,1.151,8.00,8.00
2007.12.24 01:16:46.721,1.15035,1.151,8.00,8.00
2007.12.24 01:16:46.808,1.15035,1.151,8.00,8.00
2007.12.24 01:16:46.895,1.15035,1.151,8.00,8.00
2007.12.24 01:16:46.982,1.15035,1.151,8.00,8.00
2007.12.24 01:16:47.071,1.15035,1.151,8.00,8.00
2007.12.24 01:16:47.159,1.15035,1.151,8.00,8.00
2007.12.24 01:16:47.246,1.15035,1.151,8.00,8.00
2007.12.24 01:16:47.333,1.15035,1.151,8.00,8.00
2007.12.24 01:16:47.422,1.1504,1.15105,8.00,8.00
2007.12.24 01:16:47.509,1.1504,1.15105,8.00,8.00
2007.12.24 01:16:47.602,1.15035,1.151,8.00,8.00
2007.12.24 01:16:47.805,1.15035,1.151,8.00,8.00
2007.12.24 01:16:48.008,1.15035,1.151,8.00,8.00
2007.12.24 01:16:48.210,1.15035,1.151,8.00,8.00
2007.12.24 01:16:48.412,1.15035,1.151,8.00,8.00
2007.12.24 01:16:48.614,1.15035,1.151,8.00,8.00
2007.12.24 01:16:48.707,1.15035,1.151,8.00,8.00
2007.12.24 01:16:48.801,1.15035,1.151,8.00,8.00
2007.12.24 01:16:48.894,1.15035,1.151,8.00,8.00
2007.12.24 01:16:48.986,1.15035,1.151,8.00,8.00
2007.12.24 01:16:49.078,1.15035,1.151,8.00,8.00
2007.12.24 01:16:49.171,1.15035,1.151,8.00,8.00
2007.12.24 01:16:49.265,1.15035,1.151,8.00,8.00
2007.12.24 01:16:49.357,1.15035,1.151,8.00,8.00
2007.12.24 01:16:49.449,1.15035,1.151,8.00,8.00
2007.12.24 01:16:49.542,1.15035,1.151,8.00,8.00
2007.12.24 01:16:49.636,1.15035,1.151,8.00,8.00
2007.12.24 01:16:49.793,1.15035,1.151,8.00,8.00
2007.12.24 01:16:49.950,1.15035,1.151,8.00,8.00
2007.12.24 01:16:50.109,1.15035,1.151,8.00,8.00
2007.12.24 01:16:50.266,1.15035,1.151,8.00,8.00
2007.12.24 01:16:50.423,1.15035,1.151,8.00,8.00
2007.12.24 01:16:50.582,1.15035,1.151,8.00,8.00
2007.12.24 01:16:50.739,1.15035,1.151,8.00,8.00
2007.12.24 01:16:50.847,1.15035,1.151,8.00,8.00
2007.12.24 01:16:50.954,1.15035,1.151,8.00,8.00
2007.12.24 01:16:51.061,1.15035,1.151,8.00,8.00
2007.12.24 01:16:51.169,1.15035,1.151,8.00,8.00
2007.12.24 01:16:51.277,1.15035,1.151,8.00,8.00
2007.12.24 01:16:51.384,1.15035,1.151,8.00,8.00
2007.12.24 01:16:51.491,1.15035,1.151,8.00,8.00
2007.12.24 01:16:51.600,1.15035,1.151,8.00,8.00
2007.12.24 01:16:51.707,1.15035,1.151,8.00,8.00
2007.12.24 01:16:51.854,1.15035,1.151,8.00,8.00
2007.12.24 01:16:52.001,1.15035,1.151,8.00,8.00
2007.12.24 01:16:52.149,1.15035,1.151,8.00,8.00
2007.12.24 01:16:52.298,1.15035,1.151,8.00,8.00
2007.12.24 01:16:52.445,1.15035,1.151,8.00,8.00
2007.12.24 01:16:52.451,1.1503,1.151,10.80,8.00
2007.12.24 01:16:52.592,1.1503,1.151,10.80,8.00
2007.12.24 01:16:52.741,1.15035,1.151,3.90,8.00
2007.12.24 01:16:52.866,1.15035,1.151,0.70,8.00
2007.12.24 01:16:52.979,1.1503,1.151,10.80,8.00
2007.12.24 01:16:53.091,1.1503,1.151,10.80,8.00
2007.12.24 01:16:53.203,1.1503,1.151,10.80,8.00
2007.12.24 01:16:53.316,1.1503,1.151,10.80,8.00
2007.12.24 01:16:53.430,1.15035,1.151,3.80,8.00
2007.12.24 01:16:53.542,1.15035,1.151,0.60,8.00
2007.12.24 01:16:53.654,1.15035,1.151,3.80,8.00
2007.12.24 01:16:53.767,1.15035,1.151,0.90,8.00
2007.12.24 01:16:53.906,1.15035,1.151,0.50,8.00
2007.12.24 01:16:54.043,1.1503,1.151,10.80,8.00
2007.12.24 01:16:54.180,1.1503,1.151,10.80,8.00
2007.12.24 01:16:54.319,1.1504,1.151,1.20,8.00
2007.12.24 01:16:54.456,1.1504,1.15105,5.20,8.00
2007.12.24 01:16:54.595,1.1503,1.15105,16.00,8.00
2007.12.24 01:16:54.732,1.1503,1.15105,16.00,8.00
2007.12.24 01:16:54.904,1.1503,1.15105,16.00,8.00
2007.12.24 01:16:55.077,1.1504,1.15105,0.80,8.00
2007.12.24 01:16:55.251,1.1503,1.15105,16.00,8.00
2007.12.24 01:16:55.423,1.1504,1.15105,5.30,8.00
2007.12.24 01:16:55.597,1.1503,1.15105,16.00,8.00
2007.12.24 01:16:55.769,1.1503,1.15105,16.00,8.00
2007.12.24 01:16:55.941,1.1503,1.15105,16.00,8.00
2007.12.24 01:16:56.044,1.1504,1.15105,3.90,8.00
2007.12.24 01:16:56.146,1.1503,1.15105,16.00,8.00
2007.12.24 01:16:56.249,1.1503,1.15105,16.00,8.00
2007.12.24 01:16:56.358,1.1503,1.15105,16.00,8.00
2007.12.24 01:16:56.460,1.1504,1.15105,4.30,8.00
2007.12.24 01:16:56.563,1.1503,1.15105,16.00,8.00
2007.12.24 01:16:56.666,1.1503,1.15105,16.00,8.00
2007.12.24 01:16:56.768,1.1503,1.15105,16.00,8.00
2007.12.24 01:16:56.870,1.1503,1.15105,16.00,8.00
2007.12.24 01:16:57.014,1.1503,1.15105,16.00,8.00
2007.12.24 01:16:57.156,1.1504,1.15105,2.80,8.00
2007.12.24 01:16:57.298,1.1503,1.15105,16.00,8.00
2007.12.24 01:16:57.441,1.1503,1.15105,16.00,8.00
2007.12.24 01:16:57.583,1.1504,1.15105,4.60,8.00
2007.12.24 01:16:57.726,1.1503,1.15105,16.00,8.00
2007.12.24 01:16:57.870,1.1504,1.15105,3.60,8.00
2007.12.24 01:16:57.977,1.1503,1.15105,16.00,8.00
2007.12.24 01:16:58.084,1.1504,1.15105,5.50,8.00
2007.12.24 01:16:58.192,1.1503,1.15105,16.00,8.00
2007.12.24 01:16:58.300,1.1503,1.15105,16.00,8.00
2007.12.24 01:16:58.407,1.1503,1.15105,16.00,8.00
2007.12.24 01:16:58.514,1.1503,1.15105,16.00,8.00
2007.12.24 01:16:58.622,1.1503,1.15105,16.00,8.00
2007.12.24 01:16:58.730,1.1504,1.15105,5.60,8.00
2007.12.24 01:16:58.837,1.1503,1.15105,16.00,8.00
2007.12.24 01:16:58.946,1.1503,1.15105,16.00,8.00
2007.12.24 01:16:59.083,1.1504,1.15105,0.80,8.00
2007.12.24 01:16:59.221,1.1503,1.15105,16.00,8.00
2007.12.24 01:16:59.358,1.1504,1.15105,5.20,8.00
2007.12.24 01:16:59.496,1.1503,1.15105,16.00,8.00
2007.12.24 01:16:59.633,1.1503,1.15105,16.00,8.00
2007.12.24 01:16:59.771,1.1503,1.15105,16.00,8.00
2007.12.24 01:16:59.908,1.1504,1.15105,2.00,8.00
2007.12.24 01:17:00.016,1.1504,1.15105,4.80,8.00
2007.12.24 01:17:00.123,1.1503,1.15105,16.00,8.00
2007.12.24 01:17:00.231,1.1503,1.15105,16.00,8.00
2007.12.24 01:17:00.338,1.1503,1.15105,16.00,8.00
2007.12.24 01:17:00.446,1.1503,1.15105,16.00,8.00
2007.12.24 01:17:00.553,1.1503,1.15105,16.00,8.00
2007.12.24 01:17:00.661,1.1503,1.15105,16.00,8.00
2007.12.24 01:17:00.769,1.1504,1.15105,3.70,8.00
2007.12.24 01:17:00.877,1.1503,1.15105,16.00,8.00
2007.12.24 01:17:00.985,1.1504,1.15105,4.40,8.00
2007.12.24 01:17:01.122,1.1503,1.15105,16.00,8.00
2007.12.24 01:17:01.260,1.1503,1.15105,16.00,8.00
2007.12.24 01:17:01.398,1.1504,1.15105,1.90,8.00
2007.12.24 01:17:01.548,1.1503,1.15105,16.00,8.00
2007.12.24 01:17:01.673,1.1503,1.15105,16.00,8.00
2007.12.24 01:17:01.811,1.1504,1.15105,4.30,8.00
2007.12.24 01:17:01.948,1.1504,1.15105,4.40,8.00
2007.12.24 01:17:02.087,1.1504,1.15105,2.50,8.00
2007.12.24 01:17:02.194,1.1504,1.15105,0.90,8.00
2007.12.24 01:17:02.301,1.1503,1.15105,16.00,8.00
2007.12.24 01:17:02.408,1.1504,1.15105,2.80,8.00
2007.12.24 01:17:02.516,1.1503,1.15105,16.00,8.00
2007.12.24 01:17:02.624,1.1503,1.15105,16.00,8.00
2007.12.24 01:17:02.731,1.1503,1.15105,16.00,8.00
2007.12.24 01:17:02.838,1.1504,1.15105,3.50,8.00
2007.12.24 01:17:02.946,1.1503,1.15105,16.00,8.00
2007.12.24 01:17:03.055,1.1504,1.15105,4.40,8.00
2007.12.24 01:17:03.207,1.1504,1.15105,2.00,8.00
2007.12.24 01:17:03.359,1.1503,1.15105,16.00,8.00
2007.12.24 01:17:03.511,1.1503,1.15105,16.00,8.00
2007.12.24 01:17:03.664,1.1503,1.15105,16.00,8.00
2007.12.24 01:17:03.817,1.1504,1.15105,1.20,8.00
2007.12.24 01:17:03.969,1.1503,1.15105,16.00,8.00
2007.12.24 01:17:04.122,1.1503,1.15105,16.00,8.00
2007.12.24 01:17:04.239,1.1503,1.15105,16.00,8.00
2007.12.24 01:17:04.357,1.1503,1.15105,16.00,8.00
2007.12.24 01:17:04.474,1.1504,1.15105,5.30,8.00
2007.12.24 01:17:04.592,1.1503,1.15105,16.00,8.00
2007.12.24 01:17:04.709,1.1503,1.15105,16.00,8.00
2007.12.24 01:17:04.827,1.1504,1.15105,5.60,8.00
2007.12.24 01:17:04.945,1.1503,1.15105,16.00,8.00
2007.12.24 01:17:05.063,1.1504,1.15105,3.30,8.00
2007.12.24 01:17:05.187,1.1504,1.15105,4.30,8.00
2007.12.24 01:17:05.310,1.1503,1.15105,18.80,8.00
2007.12.24 01:17:05.434,1.1503,1.151,14.80,8.00
2007.12.24 01:17:05.556,1.15035,1.151,2.30,8.00
2007.12.24 01:17:05.678,1.1503,1.151,14.80,8.00
2007.12.24 01:17:05.812,1.1503,1.151,10.80,8.00
2007.12.24 01:17:05.934,1.1503,1.151,10.80,8.00
2007.12.24 01:17:06.057,1.1503,1.151,10.80,8.00
2007.12.24 01:17:06.285,1.15035,1.151,2.90,8.00
2007.12.24 01:17:06.512,1.15035,1.151,3.90,8.00
2007.12.24 01:17:06.740,1.1503,1.151,10.80,8.00
2007.12.24 01:17:06.978,1.1503,1.151,10.80,8.00
2007.12.24 01:17:07.195,1.15035,1.151,2.00,8.00
2007.12.24 01:17:07.268,1.15035,1.151,2.20,8.00
2007.12.24 01:17:07.342,1.15035,1.151,0.80,8.00
2007.12.24 01:17:07.414,1.15035,1.151,1.90,8.00
2007.12.24 01:17:07.486,1.1503,1.151,10.80,8.00
2007.12.24 01:17:07.559,1.1503,1.151,10.80,8.00
2007.12.24 01:17:07.632,1.1503,1.151,10.80,8.00
2007.12.24 01:17:07.718,1.1503,1.151,10.80,8.00
2007.12.24 01:17:07.777,1.1503,1.151,10.80,8.00
2007.12.24 01:17:07.849,1.15035,1.151,1.10,8.00
2007.12.24 01:17:07.922,1.1503,1.151,10.80,8.00
2007.12.24 01:17:07.995,1.1503,1.151,10.80,8.00
2007.12.24 01:17:08.068,1.15035,1.151,4.10,8.00
2007.12.24 01:17:08.140,1.1503,1.151,10.80,8.00
2007.12.24 01:17:08.347,1.1503,1.151,10.80,8.00
2007.12.24 01:17:08.554,1.15035,1.151,1.80,8.00
2007.12.24 01:17:08.763,1.1504,1.15105,3.10,8.00
2007.12.24 01:17:08.971,1.1504,1.15105,0.60,8.00
2007.12.24 01:17:09.179,1.1504,1.15105,3.90,8.00
2007.12.24 01:17:09.334,1.1503,1.15105,12.00,8.00
2007.12.24 01:17:09.476,1.1504,1.15105,1.90,8.00
2007.12.24 01:17:09.619,1.1504,1.15105,0.90,8.00
2007.12.24 01:17:09.762,1.1504,1.15105,5.70,8.00
2007.12.24 01:17:09.904,1.1504,1.15105,5.60,8.00
2007.12.24 01:17:10.047,1.1503,1.15105,12.00,8.00
2007.12.24 01:17:10.189,1.1503,1.15105,12.00,8.00
2007.12.24 01:17:10.303,1.1504,1.15105,2.70,8.00
2007.12.24 01:17:10.415,1.1503,1.15105,12.00,8.00
2007.12.24 01:17:10.530,1.1503,1.15105,12.00,8.00
2007.12.24 01:17:10.642,1.1503,1.15105,12.00,8.00
2007.12.24 01:17:10.755,1.1503,1.15105,12.00,8.00
2007.12.24 01:17:10.867,1.1503,1.15105,12.00,8.00
2007.12.24 01:17:10.980,1.1504,1.15105,3.40,8.00
2007.12.24 01:17:11.093,1.1503,1.15105,12.00,8.00
2007.12.24 01:17:11.206,1.1504,1.15105,0.80,8.00
2007.12.24 01:17:11.343,1.1503,1.15105,12.00,8.00
2007.12.24 01:17:11.481,1.1503,1.15105,12.00,8.00
2007.12.24 01:17:11.618,1.1504,1.15105,2.70,8.00
2007.12.24 01:17:11.756,1.1504,1.15105,2.00,8.00
2007.12.24 01:17:11.894,1.1503,1.15105,12.00,8.00
2007.12.24 01:17:12.032,1.1503,1.15105,12.00,8.00
2007.12.24 01:17:12.171,1.1504,1.15105,1.10,8.00
2007.12.24 01:17:12.308,1.1504,1.15105,4.70,8.00
2007.12.24 01:17:12.431,1.1504,1.15105,0.90,8.00
2007.12.24 01:17:12.554,1.1503,1.15105,12.00,8.00
2007.12.24 01:17:12.676,1.1503,1.15105,12.00,8.00
2007.12.24 01:17:12.798,1.1503,1.15105,12.00,8.00
2007.12.24 01:17:12.921,1.1503,1.15105,12.00,8.00
2007.12.24 01:17:13.043,1.1503,1.15105,12.00,8.00
2007.12.24 01:17:13.166,1.1503,1.15105,12.00,8.00
2007.12.24 01:17:13.288,1.1503,1.15105,12.00,8.00
2007.12.24 01:17:13.421,1.1504,1.15105,5.00,8.00
2007.12.24 01:17:13.554,1.1503,1.15105,12.00,8.00
2007.12.24 01:17:13.687,1.1503,1.15105,12.00,8.00
2007.12.24 01:17:13.820,1.1503,1.15105,12.00,8.00
2007.12.24 01:17:13.952,1.1504,1.15105,5.30,8.00
2007.12.24 01:17:14.085,1.1503,1.15105,12.00,8.00
2007.12.24 01:17:14.217,1.1503,1.15105,12.00,8.00
2007.12.24 01:17:14.349,1.1503,1.15105,12.00,8.00
2007.12.24 01:17:14.482,1.1503,1.15105,12.00,8.00
2007.12.24 01:17:14.615,1.1503,1.15105,12.00,8.00
2007.12.24 01:17:14.747,1.1503,1.15105,12.00,8.00
2007.12.24 01:17:14.880,1.1503,1.15105,12.00,8.00
2007.12.24 01:17:15.013,1.1504,1.15105,2.00,8.00
2007.12.24 01:17:15.145,1.1503,1.15105,12.00,8.00
2007.12.24 01:17:15.278,1.1504,1.15105,4.40,8.00
2007.12.24 01:17:15.396,1.1503,1.15105,12.00,8.00
2007.12.24 01:17:15.514,1.1504,1.15105,0.60,8.00
2007.12.24 01:17:15.631,1.1503,1.15105,12.00,8.00
2007.12.24 01:17:15.749,1.1503,1.15105,12.00,8.00
2007.12.24 01:17:15.867,1.1504,1.15105,2.80,8.00
2007.12.24 01:17:15.985,1.1504,1.15105,3.90,8.00
2007.12.24 01:17:16.102,1.1504,1.15105,5.40,8.00
2007.12.24 01:17:16.220,1.1504,1.15105,0.60,8.00
2007.12.24 01:17:16.338,1.1504,1.15105,1.30,8.00
2007.12.24 01:17:16.466,1.1504,1.15105,3.10,8.00
2007.12.24 01:17:16.593,1.1503,1.15105,12.00,8.00
2007.12.24 01:17:16.720,1.1503,1.15105,12.00,8.00
2007.12.24 01:17:16.848,1.1504,1.15105,4.40,8.00
2007.12.24 01:17:16.976,1.1504,1.15105,4.20,8.00
2007.12.24 01:17:17.104,1.1504,1.15105,1.70,8.00
2007.12.24 01:17:17.245,1.1503,1.15105,12.00,8.00
2007.12.24 01:17:17.373,1.1503,1.15105,12.00,8.00
2007.12.24 01:17:17.501,1.1503,1.15105,12.00,8.00
2007.12.24 01:17:17.629,1.1503,1.15105,12.00,8.00
2007.12.24 01:17:17.756,1.1503,1.15105,12.00,8.00
2007.12.24 01:17:17.884,1.1503,1.15105,12.00,8.00
2007.12.24 01:17:18.012,1.1504,1.15105,5.70,8.00
2007.12.24 01:17:18.140,1.1503,1.15105,12.00,8.00
2007.12.24 01:17:18.267,1.1503,1.15105,12.00,8.00
2007.12.24 01:17:18.395,1.1504,1.15105,1.90,8.00
2007.12.24 01:17:18.533,1.1504,1.15105,5.40,8.00
2007.12.24 01:17:18.671,1.1503,1.15105,12.00,8.00
2007.12.24 01:17:18.809,1.1504,1.15105,1.10,8.00
2007.12.24 01:17:18.947,1.1503,1.15105,12.00,8.00
2007.12.24 01:17:19.085,1.1503,1.15105,12.00,8.00
2007.12.24 01:17:19.222,1.1504,1.15105,0.50,8.00
2007.12.24 01:17:19.359,1.1503,1.15105,12.00,8.00
2007.12.24 01:17:19.497,1.1504,1.15105,4.10,8.00
2007.12.24 01:17:19.610,1.1503,1.15105,12.00,8.00
2007.12.24 01:17:19.723,1.1503,1.15105,12.00,8.00
2007.12.24 01:17:19.835,1.1503,1.15105,12.00,8.00
2007.12.24 01:17:19.949,1.1503,1.15105,12.00,8.00
2007.12.24 01:17:20.062,1.1504,1.15105,2.90,8.00
2007.12.24 01:17:20.174,1.1503,1.15105,12.00,8.00
2007.12.24 01:17:20.286,1.1503,1.15105,12.00,8.00
2007.12.24 01:17:20.399,1.1503,1.15105,12.00,8.00
2007.12.24 01:17:20.512,1.1504,1.15105,4.30,8.00
2007.12.24 01:17:20.705,1.1504,1.15105,3.40,8.00
2007.12.24 01:17:20.897,1.1504,1.15105,5.30,8.00
2007.12.24 01:17:21.090,1.1504,1.15105,0.50,8.00
2007.12.24 01:17:21.282,1.1503,1.15105,12.00,8.00
2007.12.24 01:17:21.475,1.1504,1.15105,3.00,8.00
2007.12.24 01:17:21.558,1.1503,1.15105,12.00,8.00
2007.12.24 01:17:21.640,1.1504,1.15105,4.10,8.00
2007.12.24 01:17:21.722,1.1504,1.15105,1.60,8.00
2007.12.24 01:17:21.805,1.1504,1.15105,2.90,8.00
2007.12.24 01:17:21.887,1.1504,1.15105,5.40,8.00
2007.12.24 01:17:21.970,1.1503,1.15105,12.00,8.00
2007.12.24 01:17:22.053,1.1503,1.15105,12.00,8.00
2007.12.24 01:17:22.135,1.1503,1.15105,12.00,8.00
2007.12.24 01:17:22.218,1.1503,1.15105,12.00,8.00
2007.12.24 01:17:22.301,1.1504,1.15105,4.80,8.00
2007.12.24 01:17:22.384,1.1504,1.15105,3.20,8.00
2007.12.24 01:17:22.466,1.1504,1.15105,1.00,8.00
2007.12.24 01:17:22.634,1.1504,1.15105,4.60,8.00
2007.12.24 01:17:22.816,1.1504,1.15105,5.70,8.00
2007.12.24 01:17:22.970,1.1503,1.15105,12.00,8.00
2007.12.24 01:17:23.137,1.1504,1.15105,2.60,8.00
2007.12.24 01:17:23.304,1.1503,1.15105,12.00,8.00
2007.12.24 01:17:23.472,1.1504,1.15105,5.80,8.00
2007.12.24 01:17:23.639,1.1504,1.15105,3.70,8.00
2007.12.24 01:17:23.732,1.1504,1.15105,2.70,8.00
2007.12.24 01:17:23.825,1.1503,1.15105,12.00,8.00
2007.12.24 01:17:23.918,1.1503,1.15105,12.00,8.00
2007.12.24 01:17:24.010,1.1503,1.15105,12.00,8.00
2007.12.24 01:17:24.103,1.1504,1.15105,0.60,8.00
2007.12.24 01:17:24.196,1.1504,1.15105,4.80,8.00
2007.12.24 01:17:24.289,1.1503,1.15105,12.00,8.00
2007.12.24 01:17:24.381,1.1504,1.15105,5.10,8.00
2007.12.24 01:17:24.474,1.1503,1.15105,12.00,8.00
2007.12.24 01:17:24.567,1.1503,1.15105,12.00,8.00
2007.12.24 01:17:24.725,1.1504,1.15105,5.50,8.00
2007.12.24 01:17:24.882,1.1503,1.15105,12.00,8.00
2007.12.24 01:17:25.040,1.1503,1.15105,12.00,8.00
2007.12.24 01:17:25.197,1.1504,1.15105,0.80,8.00
2007.12.24 01:17:25.355,1.1503,1.15105,12.00,8.00
2007.12.24 01:17:25.513,1.1503,1.15105,12.00,8.00
2007.12.24 01:17:25.611,1.1503,1.15105,12.00,8.00
2007.12.24 01:17:25.709,1.1504,1.15105,4.30,8.00
2007.12.24 01:17:25.806,1.1504,1.15105,5.70,8.00
2007.12.24 01:17:25.904,1.1503,1.15105,12.00,8.00
2007.12.24 01:17:26.002,1.1504,1.15105,2.30,8.00
2007.12.24 01:17:26.100,1.1503,1.15105,12.00,8.00
2007.12.24 01:17:26.197,1.1503,1.15105,12.00,8.00
2007.12.24 01:17:26.295,1.1504,1.15105,5.60,8.00
2007.12.24 01:17:26.393,1.1504,1.15105,3.80,8.00
2007.12.24 01:17:26.491,1.1503,1.15105,12.00,8.00
2007.12.24 01:17:26.588,1.1504,1.15105,5.00,8.00
2007.12.24 01:17:26.731,1.1503,1.15105,12.00,8.00
2007.12.24 01:17:26.874,1.1503,1.15105,12.00,8.00
2007.12.24 01:17:27.017,1.1504,1.15105,4.50,8.00
2007.12.24 01:17:27.159,1.1503,1.15105,12.00,8.00
2007.12.24 01:17:27.302,1.1503,1.15105,12.00,8.00
2007.12.24 01:17:27.445,1.1503,1.15105,12.00,8.00
2007.12.24 01:17:27.587,1.1503,1.15105,12.00,8.00
2007.12.24 01:17:27.695,1.1503,1.15105,12.00,8.00
2007.12.24 01:17:27.802,1.1503,1.15105,12.00,8.00
2007.12.24 01:17:27.909,1.1503,1.15105,12.00,8.00
2007.12.24 01:17:28.018,1.1503,1.15105,12.00,8.00
2007.12.24 01:17:28.125,1.1503,1.15105,12.00,8.00
2007.12.24 01:17:28.233,1.1504,1.15105,5.00,8.00
2007.12.24 01:17:28.341,1.1504,1.15105,1.30,8.00
2007.12.24 01:17:28.448,1.1503,1.15105,12.00,8.00
2007.12.24 01:17:28.556,1.1503,1.15105,12.00,8.00
2007.12.24 01:17:28.698,1.1503,1.15105,12.00,8.00
2007.12.24 01:17:28.841,1.1503,1.15105,12.00,8.00
2007.12.24 01:17:28.984,1.1504,1.15105,3.40,8.00
2007.12.24 01:17:29.126,1.1504,1.15105,2.80,8.00
2007.12.24 01:17:29.268,1.1503,1.15105,12.00,8.00
2007.12.24 01:17:29.411,1.1503,1.15105,12.00,8.00
2007.12.24 01:17:29.554,1.1503,1.15105,12.00,8.00
2007.12.24 01:17:29.696,1.1504,1.15105,3.50,8.00
2007.12.24 01:17:29.828,1.1503,1.15105,12.00,8.00
2007.12.24 01:17:29.961,1.1503,1.15105,12.00,8.00
2007.12.24 01:17:30.093,1.1504,1.15105,1.90,8.00
2007.12.24 01:17:30.226,1.1504,1.15105,5.20,8.00
2007.12.24 01:17:30.359,1.1503,1.15105,12.00,8.00
2007.12.24 01:17:30.492,1.1504,1.15105,2.60,8.00
2007.12.24 01:17:30.624,1.1503,1.15105,12.00,8.00
2007.12.24 01:17:30.742,1.1503,1.15105,12.00,8.00
2007.12.24 01:17:30.860,1.1503,1.15105,12.00,8.00
2007.12.24 01:17:30.977,1.1503,1.15105,12.00,8.00
2007.12.24 01:17:31.094,1.1503,1.15105,12.00,8.00
2007.12.24 01:17:31.213,1.1503,1.15105,12.00,8.00
2007.12.24 01:17:31.331,1.1503,1.15105,12.00,8.00
2007.12.24 01:17:31.448,1.1503,1.15105,12.00,8.00
2007.12.24 01:17:31.565,1.1503,1.15105,12.00,8.00
2007.12.24 01:17:31.683,1.1504,1.15105,5.50,8.00
2007.12.24 01:17:31.811,1.1504,1.15105,3.20,8.00
2007.12.24 01:17:31.939,1.1503,1.15105,12.00,8.00
2007.12.24 01:17:32.066,1.1503,1.15105,12.00,8.00
2007.12.24 01:17:32.194,1.1503,1.15105,12.00,8.00
2007.12.24 01:17:32.322,1.1503,1.15105,12.00,8.00
2007.12.24 01:17:32.450,1.1503,1.15105,12.00,8.00
2007.12.24 01:17:32.577,1.1504,1.15105,2.20,8.00
2007.12.24 01:17:32.704,1.1504,1.15105,4.70,8.00
2007.12.24 01:17:32.823,1.1503,1.15105,12.00,8.00
2007.12.24 01:17:32.941,1.1504,1.15105,1.30,8.00
2007.12.24 01:17:33.058,1.1503,1.15105,12.00,8.00
2007.12.24 01:17:33.175,1.1503,1.15105,12.00,8.00
2007.12.24 01:17:33.294,1.1503,1.15105,12.00,8.00
2007.12.24 01:17:33.412,1.1503,1.15105,12.00,8.00
2007.12.24 01:17:33.529,1.1503,1.15105,12.00,8.00
2007.12.24 01:17:33.647,1.1504,1.15105,2.20,8.00
2007.12.24 01:17:33.770,1.1504,1.15105,2.60,8.00
2007.12.24 01:17:33.892,1.1504,1.15105,3.00,8.00
2007.12.24 01:17:34.014,1.1503,1.15105,12.00,8.00
2007.12.24 01:17:34.136,1.1503,1.15105,12.00,8.00
2007.12.24 01:17:34.260,1.1504,1.15105,3.60,8.00
2007.12.24 01:17:34.383,1.1503,1.15105,12.00,8.00
2007.12.24 01:17:34.506,1.1504,1.15105,0.70,8.00
2007.12.24 01:17:34.628,1.1503,1.15105,12.00,8.00
2007.12.24 01:17:34.750,1.1504,1.15105,1.80,8.00
2007.12.24 01:17:34.886,1.1504,1.15105,1.60,8.00
2007.12.24 01:17:34.996,1.1504,1.15105,1.70,8.00
2007.12.24 01:17:35.118,1.1504,1.15105,0.80,8.00
2007.12.24 01:17:35.240,1.1503,1.15105,12.00,8.00
2007.12.24 01:17:35.364,1.1504,1.15105,1.10,8.00
2007.12.24 01:17:35.486,1.1504,1.15105,2.00,8.00
2007.12.24 01:17:35.608,1.1503,1.15105,12.00,8.00
2007.12.24 01:17:35.732,1.1503,1.15105,12.00,8.00
2007.12.24 01:17:35.860,1.1504,1.15105,5.20,8.00
2007.12.24 01:17:35.987,1.1504,1.15105,1.80,8.00
2007.12.24 01:17:36.115,1.1504,1.15105,3.10,8.00
2007.12.24 01:17:36.243,1.1503,1.15105,12.00,8.00
2007.12.24 01:17:36.370,1.1504,1.15105,1.60,8.00
2007.12.24 01:17:36.498,1.1504,1.15105,3.30,8.00
2007.12.24 01:17:36.626,1.1504,1.15105,10.80,8.00
2007.12.24 01:17:36.753,1.1504,1.15105,10.80,8.00
2007.12.24 01:17:36.870,1.1504,1.15105,10.80,8.00
2007.12.24 01:17:36.989,1.1504,1.15105,10.80,8.00
2007.12.24 01:17:37.106,1.1504,1.15105,10.80,8.00
2007.12.24 01:17:37.223,1.1504,1.15105,10.80,8.00
2007.12.24 01:17:37.342,1.1504,1.15105,10.80,8.00
2007.12.24 01:17:37.459,1.1504,1.15105,10.80,8.00
2007.12.24 01:17:37.576,1.1504,1.15105,10.80,8.00
2007.12.24 01:17:37.694,1.1504,1.15105,10.80,8.00
2007.12.24 01:17:37.817,1.1504,1.15105,10.80,8.00
2007.12.24 01:17:37.939,1.1504,1.15105,10.80,8.00
2007.12.24 01:17:38.062,1.1504,1.15105,10.80,8.00
2007.12.24 01:17:38.185,1.1504,1.15105,10.80,8.00
2007.12.24 01:17:38.307,1.1504,1.15105,10.80,8.00
2007.12.24 01:17:38.429,1.1504,1.15105,10.80,8.00
2007.12.24 01:17:38.551,1.1504,1.15105,10.80,8.00
2007.12.24 01:17:38.675,1.1504,1.15105,10.80,8.00
2007.12.24 01:17:38.797,1.1504,1.1511,2.80,0.50
2007.12.24 01:17:38.935,1.1504,1.1511,2.80,0.50
2007.12.24 01:18:17.706,1.1504,1.15105,8.00,8.00
2007.12.24 01:18:17.844,1.1504,1.15105,8.00,8.00
2007.12.24 01:18:17.981,1.1504,1.15105,8.00,8.00
2007.12.24 01:18:18.119,1.1504,1.15105,8.00,8.00
2007.12.24 01:18:18.257,1.1504,1.15105,8.00,8.00
2007.12.24 01:18:18.405,1.15035,1.151,8.00,8.00
2007.12.24 01:18:18.565,1.15035,1.151,8.00,8.00
2007.12.24 01:18:18.700,1.15035,1.151,8.00,8.00
2007.12.24 01:18:18.848,1.15035,1.151,8.00,8.00
2007.12.24 01:18:18.995,1.15035,1.151,8.00,8.00
2007.12.24 01:18:19.143,1.15035,1.151,8.00,8.00
2007.12.24 01:18:19.291,1.15035,1.151,8.00,8.00
2007.12.24 01:18:19.454,1.15035,1.151,8.00,8.00
2007.12.24 01:18:19.618,1.15035,1.151,8.00,8.00
2007.12.24 01:18:19.780,1.15035,1.151,8.00,8.00
2007.12.24 01:18:19.942,1.15035,1.151,8.00,8.00
2007.12.24 01:18:20.105,1.15035,1.151,8.00,8.00
2007.12.24 01:18:20.267,1.15035,1.151,8.00,8.00
2007.12.24 01:18:20.400,1.15035,1.151,8.00,8.00
2007.12.24 01:18:20.532,1.15035,1.151,8.00,8.00
2007.12.24 01:18:20.665,1.15035,1.151,8.00,8.00
2007.12.24 01:18:20.797,1.15035,1.151,8.00,8.00
2007.12.24 01:18:20.930,1.15035,1.151,8.00,8.00
2007.12.24 01:18:21.062,1.15035,1.151,8.00,8.00
2007.12.24 01:18:21.195,1.15035,1.151,8.00,8.00
2007.12.24 01:18:21.328,1.15035,1.151,8.00,8.00
2007.12.24 01:18:21.450,1.15035,1.151,8.00,8.00
2007.12.24 01:18:21.573,1.15035,1.151,8.00,8.00
2007.12.24 01:18:21.696,1.15035,1.151,8.00,8.00
2007.12.24 01:18:21.818,1.15035,1.151,8.00,8.00
2007.12.24 01:18:21.941,1.15035,1.151,8.00,8.00
2007.12.24 01:18:22.063,1.15035,1.151,8.00,8.00
2007.12.24 01:18:22.186,1.15035,1.151,8.00,8.00
2007.12.24 01:18:22.308,1.15035,1.151,8.00,8.00
2007.12.24 01:18:22.441,1.15035,1.151,8.00,8.00
2007.12.24 01:18:22.573,1.15035,1.151,8.00,8.00
2007.12.24 01:18:22.706,1.15035,1.151,8.00,8.00
2007.12.24 01:18:22.838,1.15035,1.151,8.00,8.00
2007.12.24 01:18:22.971,1.15035,1.151,8.00,8.00
2007.12.24 01:18:23.104,1.15035,1.151,8.00,8.00
2007.12.24 01:18:23.237,1.15035,1.151,8.00,8.00
2007.12.24 01:18:23.369,1.15035,1.151,8.00,8.00
2007.12.24 01:18:23.502,1.15035,1.151,8.00,8.00
2007.12.24 01:18:23.635,1.15035,1.151,8.00,8.00
2007.12.24 01:18:23.768,1.1504,1.15105,8.00,8.00
2007.12.24 01:18:23.901,1.1504,1.15105,10.80,8.00
2007.12.24 01:18:24.034,1.1504,1.15105,10.80,8.00
2007.12.24 01:18:24.167,1.1504,1.15105,10.80,8.00
2007.12.24 01:18:24.300,1.1504,1.15105,10.80,8.00
2007.12.24 01:18:24.493,1.1504,1.15105,10.80,8.00
2007.12.24 01:18:24.685,1.1504,1.15105,10.80,8.00
2007.12.24 01:18:24.878,1.1504,1.15105,10.80,8.00
2007.12.24 01:18:25.069,1.1504,1.15105,10.80,8.00
2007.12.24 01:18:25.262,1.1504,1.15105,10.80,8.00
2007.12.24 01:18:25.455,1.1504,1.15105,10.80,8.00
2007.12.24 01:18:25.570,1.1504,1.15105,10.80,8.00
2007.12.24 01:18:25.678,1.1504,1.15105,10.80,8.00
2007.12.24 01:18:25.786,1.1504,1.15105,10.80,8.00
2007.12.24 01:18:25.894,1.1504,1.15105,10.80,8.00
2007.12.24 01:18:26.002,1.1504,1.15105,10.80,8.00
2007.12.24 01:18:26.109,1.1504,1.15105,10.80,8.00
2007.12.24 01:18:26.217,1.1504,1.15105,10.80,8.00
2007.12.24 01:18:26.334,1.1504,1.15105,10.80,8.00
2007.12.24 01:18:26.471,1.1504,1.15105,10.80,8.00
2007.12.24 01:18:26.609,1.1504,1.15105,10.80,8.00
2007.12.24 01:18:26.747,1.1504,1.15105,10.80,8.00
2007.12.24 01:18:26.884,1.1504,1.15105,10.80,8.00
2007.12.24 01:18:27.022,1.1504,1.15105,10.80,8.00
2007.12.24 01:18:27.160,1.1504,1.15105,10.80,8.00
2007.12.24 01:18:27.297,1.1504,1.15105,10.80,8.00
2007.12.24 01:18:27.435,1.1504,1.15105,10.80,8.00
2007.12.24 01:18:27.553,1.1504,1.15105,10.80,8.00
2007.12.24 01:18:27.670,1.1504,1.15105,10.80,8.00
2007.12.24 01:18:27.787,1.1504,1.15105,10.80,8.00
2007.12.24 01:18:27.905,1.1504,1.15105,10.80,8.00
2007.12.24 01:18:28.023,1.1504,1.15105,10.80,8.00
2007.12.24 01:18:28.140,1.1504,1.15105,10.80,8.00
2007.12.24 01:18:28.258,1.1504,1.15105,10.80,8.00
2007.12.24 01:18:28.376,1.1504,1.15105,10.80,8.00
2007.12.24 01:18:28.493,1.1504,1.15105,10.80,8.00
2007.12.24 01:18:28.621,1.1504,1.15105,10.80,8.00
2007.12.24 01:18:28.749,1.1504,1.15105,10.80,8.00
2007.12.24 01:18:28.876,1.1504,1.15105,10.80,8.00
2007.12.24 01:18:29.016,1.1504,1.15105,10.80,8.00
2007.12.24 01:18:29.132,1.1504,1.15105,10.80,8.00
2007.12.24 01:18:29.259,1.1504,1.15105,10.80,8.00
2007.12.24 01:18:29.387,1.1504,1.15105,10.80,8.00
2007.12.24 01:18:29.515,1.1504,1.15105,10.80,8.00
2007.12.24 01:18:29.637,1.1504,1.15105,10.80,8.00
2007.12.24 01:18:29.760,1.1504,1.15105,10.80,8.00
2007.12.24 01:18:29.895,1.1504,1.15105,10.80,8.00
2007.12.24 01:18:30.005,1.1504,1.15105,10.80,8.00
2007.12.24 01:18:30.127,1.1504,1.15105,10.80,8.00
2007.12.24 01:18:30.249,1.1504,1.15105,10.80,8.00
2007.12.24 01:18:30.372,1.1504,1.15105,10.80,8.00
2007.12.24 01:18:30.494,1.1504,1.15105,10.80,8.00
2007.12.24 01:18:30.622,1.1504,1.15105,10.80,8.00
2007.12.24 01:18:30.749,1.1504,1.15105,10.80,8.00
2007.12.24 01:18:30.877,1.1504,1.15105,10.80,8.00
2007.12.24 01:18:31.005,1.1504,1.15105,10.80,8.00
2007.12.24 01:18:31.132,1.1504,1.15105,10.80,8.00
2007.12.24 01:18:31.260,1.1504,1.15105,10.80,8.00
2007.12.24 01:18:31.387,1.1504,1.15105,10.80,8.00
2007.12.24 01:18:31.514,1.1504,1.15105,10.80,8.00
2007.12.24 01:18:31.643,1.1504,1.15105,10.80,8.00
2007.12.24 01:18:31.770,1.1504,1.15105,10.80,8.00
2007.12.24 01:18:31.898,1.1504,1.15105,10.80,8.00
2007.12.24 01:18:32.025,1.1504,1.15105,10.80,8.00
2007.12.24 01:18:32.153,1.1504,1.15105,10.80,8.00
2007.12.24 01:18:32.281,1.1504,1.15105,10.80,8.00
2007.12.24 01:18:32.408,1.1504,1.15105,10.80,8.00
2007.12.24 01:18:32.536,1.1504,1.15105,10.80,8.00
2007.12.24 01:18:32.668,1.1504,1.15105,10.80,8.00
2007.12.24 01:18:32.801,1.1504,1.15105,10.80,8.00
2007.12.24 01:18:32.933,1.1504,1.15105,10.80,8.00
2007.12.24 01:18:33.066,1.1504,1.15105,10.80,8.00
2007.12.24 01:18:33.199,1.1504,1.15105,10.80,8.00
2007.12.24 01:18:33.332,1.1504,1.15105,10.80,8.00
2007.12.24 01:18:33.465,1.1504,1.15105,10.80,8.00
2007.12.24 01:18:33.597,1.1504,1.15105,10.80,8.00
2007.12.24 01:18:33.730,1.1504,1.15105,10.80,8.00
2007.12.24 01:18:33.862,1.1504,1.15105,10.80,8.00
2007.12.24 01:18:33.994,1.1504,1.15105,10.80,8.00
2007.12.24 01:18:34.128,1.1504,1.15105,10.80,8.00
2007.12.24 01:18:34.260,1.1504,1.15105,10.80,8.00
2007.12.24 01:18:34.393,1.1504,1.15105,10.80,8.00
2007.12.24 01:18:34.526,1.1504,1.15105,10.80,8.00
2007.12.24 01:18:34.639,1.1504,1.15105,10.80,8.00
2007.12.24 01:18:34.751,1.1504,1.15105,10.80,8.00
2007.12.24 01:18:34.865,1.1504,1.15105,10.80,8.00
2007.12.24 01:18:34.976,1.1504,1.15105,10.80,8.00
2007.12.24 01:18:35.104,1.1504,1.15105,10.80,8.00
2007.12.24 01:18:35.202,1.1504,1.15105,10.80,8.00
2007.12.24 01:18:35.314,1.1504,1.15105,10.80,8.00
2007.12.24 01:18:35.427,1.1504,1.15105,10.80,8.00
2007.12.24 01:18:35.539,1.1504,1.15105,10.80,8.00
2007.12.24 01:18:35.651,1.1504,1.15105,10.80,8.00
2007.12.24 01:18:35.784,1.1504,1.15105,10.80,8.00
2007.12.24 01:18:35.916,1.1504,1.15105,10.80,8.00
2007.12.24 01:18:36.049,1.1504,1.15105,10.80,8.00
2007.12.24 01:18:36.181,1.1504,1.15105,10.80,8.00
2007.12.24 01:18:36.314,1.1504,1.15105,10.80,8.00
2007.12.24 01:18:36.446,1.1504,1.15105,10.80,8.00
2007.12.24 01:18:36.579,1.1504,1.15105,10.80,8.00
2007.12.24 01:18:36.711,1.1504,1.15105,10.80,8.00
2007.12.24 01:18:36.829,1.1504,1.15105,10.80,8.00
2007.12.24 01:18:36.946,1.1504,1.15105,10.80,8.00
2007.12.24 01:18:37.063,1.1504,1.15105,10.80,8.00
2007.12.24 01:18:37.182,1.1504,1.15105,10.80,8.00
2007.12.24 01:18:37.299,1.1504,1.15105,10.80,8.00
2007.12.24 01:18:37.417,1.1504,1.15105,10.80,8.00
2007.12.24 01:18:37.534,1.1504,1.15105,10.80,8.00
2007.12.24 01:18:37.664,1.1504,1.15105,10.80,8.00
2007.12.24 01:18:37.769,1.1504,1.15105,10.80,8.00
2007.12.24 01:18:37.907,1.1504,1.15105,10.80,8.00
2007.12.24 01:18:38.044,1.1504,1.15105,10.80,8.00
2007.12.24 01:18:38.181,1.1504,1.15105,10.80,8.00
2007.12.24 01:18:38.319,1.1504,1.15105,10.80,8.00
2007.12.24 01:18:38.457,1.1504,1.15105,10.80,8.00
2007.12.24 01:18:38.594,1.1504,1.15105,10.80,8.00
2007.12.24 01:18:38.731,1.1504,1.15105,10.80,8.00
2007.12.24 01:18:38.894,1.1504,1.15105,10.80,8.00
2007.12.24 01:18:39.056,1.1504,1.15105,10.80,8.00
2007.12.24 01:18:39.230,1.1504,1.15105,10.80,8.00
2007.12.24 01:18:39.382,1.1504,1.15105,10.80,8.00
2007.12.24 01:18:39.544,1.1504,1.15105,10.80,8.00
2007.12.24 01:18:39.707,1.1504,1.15105,10.80,8.00
2007.12.24 01:18:39.869,1.1504,1.15105,10.80,8.00
2007.12.24 01:18:39.961,1.1504,1.15105,10.80,8.00
2007.12.24 01:18:40.054,1.1504,1.15105,10.80,8.00
2007.12.24 01:18:40.149,1.1504,1.15105,10.80,8.00
2007.12.24 01:18:40.242,1.1504,1.15105,10.80,8.00
2007.12.24 01:18:40.335,1.1504,1.15105,10.80,8.00
2007.12.24 01:18:40.428,1.1504,1.15105,10.80,8.00
2007.12.24 01:18:40.521,1.1504,1.15105,10.80,8.00
2007.12.24 01:18:40.613,1.1504,1.15105,10.80,8.00
2007.12.24 01:18:40.706,1.1504,1.15105,10.80,8.00
2007.12.24 01:18:40.799,1.1504,1.15105,10.80,8.00
2007.12.24 01:18:40.961,1.1504,1.15105,10.80,8.00
2007.12.24 01:18:41.124,1.1504,1.15105,10.80,8.00
2007.12.24 01:18:41.287,1.1504,1.15105,10.80,8.00
2007.12.24 01:18:41.449,1.1504,1.15105,10.80,8.00
2007.12.24 01:18:41.613,1.1504,1.15105,10.80,8.00
2007.12.24 01:18:41.776,1.1504,1.15105,10.80,8.00
2007.12.24 01:18:41.863,1.1504,1.15105,10.80,8.00
2007.12.24 01:18:41.950,1.1504,1.15105,10.80,8.00
2007.12.24 01:18:42.037,1.1504,1.15105,10.80,8.00
2007.12.24 01:18:42.126,1.1504,1.15105,10.80,8.00
2007.12.24 01:18:42.214,1.1504,1.15105,10.80,8.00
2007.12.24 01:18:42.302,1.1504,1.15105,10.80,8.00
2007.12.24 01:18:42.389,1.1504,1.15105,10.80,8.00
2007.12.24 01:18:42.477,1.1504,1.15105,10.80,8.00
2007.12.24 01:18:42.564,1.1504,1.15105,10.80,8.00
2007.12.24 01:18:42.652,1.1504,1.15105,10.80,8.00
2007.12.24 01:18:42.740,1.1504,1.15105,10.80,8.00
2007.12.24 01:18:42.827,1.1504,1.15105,10.80,8.00
2007.12.24 01:18:43.000,1.1504,1.15105,10.80,8.00
2007.12.24 01:18:43.173,1.1504,1.15105,10.80,8.00
2007.12.24 01:18:43.345,1.1504,1.15105,10.80,8.00
2007.12.24 01:18:43.517,1.1504,1.15105,10.80,8.00
2007.12.24 01:18:43.690,1.1504,1.15105,10.80,8.00
2007.12.24 01:18:43.863,1.1504,1.15105,10.80,8.00
2007.12.24 01:18:44.035,1.1504,1.15105,10.80,8.00
2007.12.24 01:18:44.127,1.1504,1.15105,10.80,8.00
2007.12.24 01:18:44.220,1.1504,1.15105,10.80,8.00
2007.12.24 01:18:44.312,1.1504,1.15105,10.80,8.00
2007.12.24 01:18:44.404,1.1504,1.15105,10.80,8.00
2007.12.24 01:18:44.497,1.1504,1.15105,10.80,8.00
2007.12.24 01:18:44.590,1.1504,1.15105,10.80,8.00
2007.12.24 01:18:44.682,1.1504,1.15105,10.80,8.00
2007.12.24 01:18:44.775,1.1504,1.15105,10.80,8.00
2007.12.24 01:18:44.868,1.1504,1.15105,10.80,8.00
2007.12.24 01:18:44.961,1.1504,1.15105,10.80,8.00
2007.12.24 01:18:45.118,1.1504,1.15105,10.80,8.00
2007.12.24 01:18:45.276,1.1504,1.15105,10.80,8.00
2007.12.24 01:18:45.433,1.1504,1.15105,10.80,8.00
2007.12.24 01:18:45.590,1.1504,1.15105,10.80,8.00
2007.12.24 01:18:45.748,1.1504,1.15105,10.80,8.00
2007.12.24 01:18:45.905,1.1504,1.15105,10.80,8.00
2007.12.24 01:18:46.063,1.1504,1.15105,10.80,8.00
2007.12.24 01:18:46.170,1.1504,1.15105,10.80,8.00
2007.12.24 01:18:46.277,1.1504,1.15105,10.80,8.00
2007.12.24 01:18:46.386,1.1504,1.15105,10.80,8.00
2007.12.24 01:18:46.494,1.1504,1.15105,10.80,8.00
2007.12.24 01:18:46.601,1.1504,1.15105,10.80,8.00
2007.12.24 01:18:46.708,1.1504,1.15105,10.80,8.00
2007.12.24 01:18:46.817,1.1504,1.15105,10.80,8.00
2007.12.24 01:18:46.924,1.1504,1.15105,10.80,8.00
2007.12.24 01:18:47.031,1.1504,1.15105,10.80,8.00
2007.12.24 01:18:47.170,1.1504,1.15105,10.80,8.00
2007.12.24 01:18:47.307,1.1504,1.15105,10.80,8.00
2007.12.24 01:18:47.444,1.1504,1.15105,10.80,8.00
2007.12.24 01:18:47.583,1.1504,1.15105,10.80,8.00
2007.12.24 01:18:47.721,1.1504,1.15105,10.80,8.00
2007.12.24 01:18:47.858,1.1504,1.15105,10.80,8.00
2007.12.24 01:18:47.997,1.1504,1.15105,10.80,8.00
2007.12.24 01:18:48.119,1.1504,1.15105,10.80,8.00
2007.12.24 01:18:48.241,1.1504,1.15105,10.80,8.00
2007.12.24 01:18:48.365,1.1504,1.15105,10.80,8.00
2007.12.24 01:18:48.488,1.1504,1.15105,10.80,8.00
2007.12.24 01:18:48.610,1.1504,1.15105,10.80,8.00
2007.12.24 01:18:48.732,1.1504,1.15105,10.80,8.00
2007.12.24 01:18:48.856,1.1504,1.15105,10.80,8.00
2007.12.24 01:18:48.978,1.1504,1.15105,10.80,8.00
2007.12.24 01:18:49.101,1.1504,1.15105,10.80,8.00
2007.12.24 01:18:49.224,1.1504,1.15105,10.80,8.00
2007.12.24 01:18:49.346,1.1504,1.15105,10.80,8.00
2007.12.24 01:18:49.468,1.1504,1.15105,10.80,8.00
2007.12.24 01:18:49.591,1.1504,1.15105,10.80,8.00
2007.12.24 01:18:49.713,1.1504,1.15105,10.80,8.00
2007.12.24 01:18:49.835,1.1504,1.15105,10.80,8.00
2007.12.24 01:18:49.958,1.1504,1.15105,10.80,8.00
2007.12.24 01:18:50.080,1.1504,1.15105,10.80,8.00
2007.12.24 01:18:50.204,1.1504,1.15105,10.80,8.00
2007.12.24 01:18:50.326,1.1504,1.15105,10.80,8.00
2007.12.24 01:18:50.448,1.1504,1.15105,10.80,8.00
2007.12.24 01:18:50.572,1.1504,1.15105,10.80,8.00
2007.12.24 01:18:50.694,1.1504,1.15105,10.80,8.00
2007.12.24 01:18:50.816,1.1504,1.15105,10.80,8.00
2007.12.24 01:18:50.939,1.1504,1.15105,10.80,8.00
2007.12.24 01:18:51.064,1.1504,1.15105,10.80,8.00
2007.12.24 01:18:51.186,1.1504,1.15105,10.80,8.00
2007.12.24 01:18:51.308,1.1504,1.15105,10.80,8.00
2007.12.24 01:18:51.432,1.1504,1.15105,10.80,8.00
2007.12.24 01:18:51.554,1.1504,1.15105,10.80,8.00
2007.12.24 01:18:51.680,1.1503,1.15105,12.00,8.00
2007.12.24 01:18:51.799,1.1504,1.15105,3.00,8.00
2007.12.24 01:18:51.922,1.1503,1.15105,12.00,8.00
2007.12.24 01:18:52.044,1.1503,1.15105,12.00,8.00
2007.12.24 01:18:52.168,1.1503,1.15105,12.00,8.00
2007.12.24 01:18:52.360,1.1504,1.15105,0.80,8.00
2007.12.24 01:18:52.554,1.1504,1.15105,1.40,8.00
2007.12.24 01:18:52.746,1.1504,1.15105,3.80,8.00
2007.12.24 01:18:52.938,1.1503,1.15105,12.00,8.00
2007.12.24 01:18:53.131,1.1504,1.15105,3.00,8.00
2007.12.24 01:18:53.248,1.1503,1.15105,12.00,8.00
2007.12.24 01:18:53.365,1.1503,1.15105,12.00,8.00
2007.12.24 01:18:53.484,1.1503,1.15105,12.00,8.00
2007.12.24 01:18:53.601,1.1503,1.15105,12.00,8.00
2007.12.24 01:18:53.718,1.1504,1.15105,2.40,8.00
2007.12.24 01:18:53.836,1.1503,1.15105,12.00,8.00
2007.12.24 01:18:53.953,1.1504,1.15105,3.80,8.00
2007.12.24 01:18:54.071,1.1504,1.15105,4.10,8.00
2007.12.24 01:19:09.677,1.1503,1.1512,12.00,6.80
2007.12.24 01:19:09.806,1.1503,1.1512,12.00,6.80
2007.12.24 01:19:09.923,1.1503,1.1512,12.00,6.80
2007.12.24 01:19:10.040,1.1503,1.1512,12.00,6.80
2007.12.24 01:19:10.159,1.1504,1.1512,1.20,6.80
2007.12.24 01:19:10.277,1.1503,1.1512,12.30,6.80
2007.12.24 01:19:10.395,1.15045,1.1511,1.80,8.00
2007.12.24 01:19:10.512,1.1504,1.1511,10.80,8.00
2007.12.24 01:19:10.631,1.15045,1.1511,1.60,8.00
2007.12.24 01:19:10.749,1.1504,1.1511,10.80,8.00
2007.12.24 01:19:10.956,1.1504,1.1511,10.80,8.00
2007.12.24 01:19:11.163,1.1504,1.1511,10.80,8.00
2007.12.24 01:19:11.383,1.15045,1.1511,1.80,8.00
2007.12.24 01:19:11.589,1.1504,1.1511,10.80,8.00
2007.12.24 01:19:11.796,1.1504,1.1511,10.80,8.00
2007.12.24 01:19:11.899,1.15045,1.1511,2.90,8.00
2007.12.24 01:19:12.001,1.1504,1.1511,10.80,8.00
2007.12.24 01:19:12.104,1.15045,1.1511,2.30,8.00
2007.12.24 01:19:12.207,1.15045,1.1511,4.10,8.00
2007.12.24 01:19:12.310,1.1504,1.1511,10.80,8.00
2007.12.24 01:19:12.413,1.1504,1.1511,10.80,8.00
2007.12.24 01:19:12.515,1.15045,1.1511,2.20,8.00
2007.12.24 01:19:12.617,1.15045,1.1511,1.80,8.00
2007.12.24 01:19:12.720,1.15045,1.1511,3.20,8.00
2007.12.24 01:19:12.823,1.15045,1.1511,3.40,8.00
2007.12.24 01:19:12.981,1.15045,1.1511,0.80,8.00
2007.12.24 01:19:13.139,1.1504,1.1511,10.80,8.00
2007.12.24 01:19:13.296,1.15045,1.1511,4.10,8.00
2007.12.24 01:19:13.454,1.15045,1.1511,2.50,8.00
2007.12.24 01:19:13.612,1.1504,1.1511,10.80,8.00
2007.12.24 01:19:13.770,1.1504,1.1511,10.80,8.00
2007.12.24 01:19:13.927,1.1504,1.1511,10.80,8.00
2007.12.24 01:19:14.042,1.15045,1.1511,1.30,8.00
2007.12.24 01:19:14.144,1.1504,1.1511,10.80,8.00
2007.12.24 01:19:14.248,1.15045,1.1511,2.30,8.00
2007.12.24 01:19:14.350,1.1504,1.1511,10.80,8.00
2007.12.24 01:19:14.452,1.15045,1.1511,2.40,8.00
2007.12.24 01:19:14.554,1.15045,1.1511,0.90,8.00
2007.12.24 01:19:14.657,1.1504,1.1511,10.80,8.00
2007.12.24 01:19:14.760,1.1504,1.1511,10.80,8.00
2007.12.24 01:19:14.863,1.1504,1.1511,10.80,8.00
2007.12.24 01:19:14.966,1.1504,1.1511,10.80,8.00
2007.12.24 01:19:15.128,1.15045,1.1511,4.40,8.00
2007.12.24 01:19:15.290,1.1504,1.1511,10.80,8.00
2007.12.24 01:19:15.453,1.15045,1.1511,1.90,8.00
2007.12.24 01:19:15.616,1.15045,1.1511,2.90,8.00
2007.12.24 01:19:15.778,1.1504,1.1511,10.80,8.00
2007.12.24 01:19:15.941,1.1504,1.1511,10.80,8.00
2007.12.24 01:19:16.044,1.1504,1.1511,10.80,8.00
2007.12.24 01:19:16.147,1.15045,1.1511,2.40,8.00
2007.12.24 01:19:16.249,1.1504,1.1511,10.80,8.00
2007.12.24 01:19:16.352,1.15045,1.1511,2.30,8.00
2007.12.24 01:19:16.454,1.15045,1.1511,3.90,8.00
2007.12.24 01:19:16.557,1.1504,1.1511,10.80,8.00
2007.12.24 01:19:16.660,1.15045,1.1511,2.50,8.00
2007.12.24 01:19:16.762,1.1504,1.1511,10.80,8.00
2007.12.24 01:19:16.865,1.1504,1.1511,10.80,8.40
2007.12.24 01:19:16.968,1.15045,1.1511,2.10,8.40
2007.12.24 01:19:17.132,1.15045,1.1511,2.70,8.40
2007.12.24 01:19:17.294,1.1503,1.15105,20.00,8.00
2007.12.24 01:19:17.456,1.1504,1.15105,3.20,8.00
2007.12.24 01:19:17.619,1.1503,1.15105,20.00,8.00
2007.12.24 01:19:17.781,1.1503,1.15105,20.00,8.00
2007.12.24 01:19:17.944,1.1504,1.15105,4.90,8.00
2007.12.24 01:19:18.107,1.1504,1.15105,3.50,8.00
2007.12.24 01:19:18.270,1.1503,1.15105,20.00,8.00
2007.12.24 01:19:18.433,1.1504,1.15105,2.20,8.00
2007.12.24 01:19:18.595,1.1503,1.15105,20.00,8.00
2007.12.24 01:19:18.758,1.1504,1.15105,10.80,8.00
2007.12.24 01:19:18.921,1.1504,1.15105,10.80,8.00
2007.12.24 01:19:19.083,1.1504,1.15105,10.80,8.00
2007.12.24 01:19:19.181,1.1504,1.15105,10.80,8.00
2007.12.24 01:19:19.279,1.1504,1.15105,10.80,8.00
2007.12.24 01:19:19.377,1.1504,1.15105,10.80,8.00
2007.12.24 01:19:19.474,1.1504,1.15105,10.80,8.00
2007.12.24 01:19:19.572,1.1504,1.15105,10.80,8.00
2007.12.24 01:19:19.670,1.1504,1.15105,10.80,8.00
2007.12.24 01:19:19.767,1.1504,1.15105,10.80,8.00
2007.12.24 01:19:19.865,1.1504,1.15105,10.80,8.00
2007.12.24 01:19:19.963,1.1504,1.15105,10.80,8.00
2007.12.24 01:19:20.060,1.1504,1.15105,10.80,8.00
2007.12.24 01:19:20.207,1.1504,1.15105,10.80,8.00
2007.12.24 01:19:20.355,1.1504,1.15105,10.80,8.00
2007.12.24 01:19:20.502,1.1504,1.15105,10.80,8.00
2007.12.24 01:19:20.650,1.1504,1.15105,10.80,8.00
2007.12.24 01:19:20.798,1.1504,1.15105,10.80,8.00
2007.12.24 01:19:20.946,1.1504,1.15105,10.80,8.00
2007.12.24 01:19:21.093,1.1504,1.15105,10.80,8.00
2007.12.24 01:19:21.196,1.1504,1.15105,10.80,8.00
2007.12.24 01:19:21.298,1.1504,1.15105,10.80,8.00
2007.12.24 01:19:21.401,1.1504,1.15105,10.80,8.00
2007.12.24 01:19:21.510,1.1504,1.15105,10.80,8.00
2007.12.24 01:19:21.612,1.1504,1.15105,10.80,8.00
2007.12.24 01:19:21.714,1.1504,1.15105,10.80,8.00
2007.12.24 01:19:21.817,1.1504,1.15105,10.80,8.00
2007.12.24 01:19:21.920,1.1504,1.15105,10.80,8.00
2007.12.24 01:19:22.022,1.1504,1.15105,10.80,8.00
2007.12.24 01:19:22.124,1.1504,1.15105,10.80,8.00
2007.12.24 01:19:22.267,1.1504,1.15105,10.80,8.00
2007.12.24 01:19:22.410,1.1504,1.15105,10.80,8.00
2007.12.24 01:19:22.553,1.1504,1.15105,10.80,8.00
2007.12.24 01:19:22.695,1.1504,1.15105,10.80,8.00
2007.12.24 01:19:22.838,1.1504,1.15105,10.80,8.00
2007.12.24 01:19:22.981,1.1504,1.15105,10.80,8.00
2007.12.24 01:19:23.123,1.1504,1.15105,10.80,8.00
2007.12.24 01:19:23.225,1.1504,1.15105,10.80,8.00
2007.12.24 01:19:23.328,1.1504,1.15105,10.80,8.00
2007.12.24 01:19:23.430,1.1504,1.15105,10.80,8.00
2007.12.24 01:19:23.533,1.1504,1.15105,10.80,8.00
2007.12.24 01:19:23.635,1.1504,1.15105,10.80,8.00
2007.12.24 01:19:23.738,1.1504,1.15105,10.80,8.00
2007.12.24 01:19:23.854,1.1504,1.15105,10.80,8.00
2007.12.24 01:19:23.957,1.1504,1.15105,10.80,8.00
2007.12.24 01:19:24.058,1.1504,1.15105,10.80,8.00
2007.12.24 01:19:24.161,1.1504,1.15105,10.80,8.00
2007.12.24 01:19:24.359,1.1504,1.15105,10.80,8.00
2007.12.24 01:19:24.556,1.1504,1.15105,10.80,8.00
2007.12.24 01:19:24.754,1.1504,1.15105,10.80,8.00
2007.12.24 01:19:24.951,1.1504,1.15105,10.80,8.00
2007.12.24 01:19:25.149,1.1504,1.15105,10.80,8.00
2007.12.24 01:19:25.346,1.1504,1.15105,10.80,8.00
2007.12.24 01:19:25.459,1.1504,1.15105,10.80,8.00
2007.12.24 01:19:25.572,1.1504,1.15105,10.80,8.00
2007.12.24 01:19:25.684,1.1504,1.15105,10.80,8.00
2007.12.24 01:19:25.797,1.1504,1.15105,10.80,8.00
2007.12.24 01:19:25.909,1.15045,1.1511,8.00,8.40
2007.12.24 01:19:26.021,1.15045,1.1511,8.00,8.00
2007.12.24 01:19:26.134,1.15045,1.1511,8.00,8.00
2007.12.24 01:19:26.247,1.15045,1.1511,8.00,8.00
2007.12.24 01:19:26.460,1.15045,1.1511,8.00,8.00
2007.12.24 01:19:26.672,1.15045,1.1511,8.00,8.00
2007.12.24 01:19:26.885,1.15045,1.1511,8.00,8.00
2007.12.24 01:19:27.098,1.15045,1.1511,8.00,8.00
2007.12.24 01:19:27.310,1.15045,1.1511,8.00,8.00
2007.12.24 01:19:27.523,1.15045,1.1511,8.00,8.00
2007.12.24 01:19:27.596,1.15045,1.1511,8.00,8.00
2007.12.24 01:19:27.668,1.15045,1.1511,8.00,8.00
2007.12.24 01:19:27.741,1.15045,1.1511,8.00,8.00
2007.12.24 01:19:27.814,1.15045,1.1511,8.00,8.00
2007.12.24 01:19:27.887,1.15045,1.1511,8.00,8.00
2007.12.24 01:19:27.959,1.15045,1.1511,8.00,8.00
2007.12.24 01:19:28.031,1.15045,1.1511,8.00,8.00
2007.12.24 01:19:28.104,1.15045,1.1511,8.00,8.00
2007.12.24 01:19:28.177,1.15045,1.1511,8.00,8.00
2007.12.24 01:19:28.250,1.15045,1.1511,8.00,8.00
2007.12.24 01:19:28.322,1.15045,1.1511,8.00,8.00
2007.12.24 01:19:28.407,1.15045,1.1511,8.00,8.00
2007.12.24 01:19:28.604,1.15045,1.1511,8.00,8.00
2007.12.24 01:19:28.802,1.15045,1.1511,8.00,8.00
2007.12.24 01:19:29.000,1.15045,1.1511,8.00,8.00
2007.12.24 01:19:29.197,1.15045,1.1511,8.00,8.00
2007.12.24 01:19:29.395,1.15045,1.1511,8.00,8.00
2007.12.24 01:19:29.473,1.15045,1.1511,8.00,8.00
2007.12.24 01:19:29.555,1.15045,1.1511,8.00,8.00
2007.12.24 01:19:29.632,1.15045,1.1511,8.00,8.00
2007.12.24 01:19:29.710,1.15045,1.1511,8.00,8.00
2007.12.24 01:19:29.788,1.15045,1.1511,8.00,8.00
2007.12.24 01:19:29.866,1.15045,1.1511,8.00,8.00
2007.12.24 01:19:29.943,1.15045,1.1511,8.00,8.00
2007.12.24 01:19:30.021,1.15045,1.1511,8.00,8.00
2007.12.24 01:19:30.099,1.15045,1.1511,8.00,8.00
2007.12.24 01:19:30.177,1.15045,1.1511,8.00,8.00
2007.12.24 01:19:30.255,1.15045,1.1511,8.00,8.00
2007.12.24 01:19:30.333,1.15045,1.1511,8.00,8.00
2007.12.24 01:19:30.411,1.15045,1.1511,8.00,8.00
2007.12.24 01:19:30.634,1.15045,1.1511,8.00,8.00
2007.12.24 01:19:30.857,1.15045,1.1511,8.00,8.00
2007.12.24 01:19:31.080,1.15045,1.1511,8.00,8.00
2007.12.24 01:19:31.303,1.15045,1.1511,8.00,8.00
2007.12.24 01:19:31.526,1.15045,1.1511,8.00,8.00
2007.12.24 01:19:31.603,1.15045,1.1511,8.00,8.00
2007.12.24 01:19:31.681,1.15045,1.1511,8.00,8.00
2007.12.24 01:19:31.759,1.15045,1.1511,8.00,8.00
2007.12.24 01:19:31.837,1.15045,1.1511,8.00,8.00
2007.12.24 01:19:31.914,1.15045,1.1511,8.00,8.00
2007.12.24 01:19:31.991,1.15045,1.1511,8.00,8.00
2007.12.24 01:19:32.069,1.15045,1.1511,8.00,8.00
2007.12.24 01:19:32.147,1.15045,1.1511,8.00,8.00
2007.12.24 01:19:32.225,1.15045,1.1511,8.00,8.00
2007.12.24 01:19:32.303,1.15045,1.1511,8.00,8.00
2007.12.24 01:19:32.381,1.15045,1.1511,8.00,8.00
2007.12.24 01:19:32.471,1.15045,1.1511,8.00,8.00
2007.12.24 01:19:32.536,1.15045,1.1511,8.00,8.00
2007.12.24 01:19:32.719,1.15045,1.1511,8.00,8.00
2007.12.24 01:19:32.901,1.15045,1.1511,8.00,8.00
2007.12.24 01:19:33.084,1.15045,1.1511,8.00,8.00
2007.12.24 01:19:33.279,1.15045,1.1511,8.00,8.00
2007.12.24 01:19:33.449,1.1504,1.15105,8.00,8.00
2007.12.24 01:19:33.631,1.1504,1.15105,8.00,8.00
2007.12.24 01:19:33.769,1.1504,1.15105,8.00,8.00
2007.12.24 01:19:33.906,1.1504,1.15105,8.00,8.00
2007.12.24 01:19:34.044,1.1504,1.15105,8.00,8.00
2007.12.24 01:19:34.182,1.1504,1.15105,8.00,8.00
2007.12.24 01:19:34.319,1.1504,1.15105,8.00,8.00
2007.12.24 01:19:34.457,1.1504,1.15105,8.00,8.00
2007.12.24 01:19:34.595,1.1504,1.15105,8.00,8.00
2007.12.24 01:19:34.763,1.1504,1.15105,8.00,8.00
2007.12.24 01:19:34.930,1.1504,1.15105,8.00,8.00
2007.12.24 01:19:35.098,1.1504,1.15105,8.00,8.00
2007.12.24 01:19:35.266,1.1504,1.15105,8.00,8.00
2007.12.24 01:19:35.433,1.1504,1.15105,8.00,8.00
2007.12.24 01:19:35.601,1.1504,1.15105,8.00,8.00
2007.12.24 01:19:35.769,1.1504,1.15105,8.00,8.00
2007.12.24 01:19:35.871,1.1504,1.15105,8.00,8.00
2007.12.24 01:19:35.974,1.1504,1.15105,8.00,8.00
2007.12.24 01:19:36.077,1.1504,1.15105,8.00,8.00
2007.12.24 01:19:36.180,1.1504,1.15105,8.00,8.00
2007.12.24 01:19:36.284,1.1504,1.15105,8.00,8.00
2007.12.24 01:19:36.385,1.1504,1.15105,8.00,8.00
2007.12.24 01:19:36.488,1.1504,1.15105,8.00,8.00
2007.12.24 01:19:36.591,1.1504,1.15105,8.00,8.00
2007.12.24 01:19:36.694,1.1504,1.15105,8.00,8.00
2007.12.24 01:19:36.831,1.1504,1.15105,8.00,8.00
2007.12.24 01:19:36.970,1.1504,1.15105,8.00,8.00
2007.12.24 01:19:37.108,1.1504,1.15105,8.00,8.00
2007.12.24 01:19:37.245,1.1504,1.15105,8.00,8.00
2007.12.24 01:19:37.383,1.1504,1.15105,8.00,8.00
2007.12.24 01:19:37.521,1.1504,1.15105,8.00,8.00
2007.12.24 01:19:37.659,1.1504,1.15105,8.00,8.00
2007.12.24 01:19:37.797,1.1504,1.15105,10.80,8.00
2007.12.24 01:19:37.935,1.15045,1.1511,8.00,8.00
2007.12.24 01:19:38.072,1.15045,1.1511,8.00,8.00
2007.12.24 01:19:38.211,1.15045,1.1511,8.00,8.00
2007.12.24 01:19:38.348,1.15045,1.1511,8.00,8.00
2007.12.24 01:19:38.485,1.15045,1.1511,8.00,8.00
2007.12.24 01:19:38.623,1.15045,1.1511,8.00,8.00
2007.12.24 01:19:38.761,1.15045,1.1511,8.00,8.00
2007.12.24 01:19:38.929,1.15045,1.1511,8.00,8.00
2007.12.24 01:19:39.096,1.15045,1.1511,8.00,8.00
2007.12.24 01:19:39.265,1.15045,1.1511,8.00,8.00
2007.12.24 01:19:39.432,1.15045,1.1511,8.00,8.00
2007.12.24 01:19:39.599,1.15045,1.1511,8.00,8.00
2007.12.24 01:19:39.767,1.15045,1.1511,8.00,8.00
2007.12.24 01:19:39.860,1.15045,1.1511,8.00,8.00
2007.12.24 01:19:39.952,1.15045,1.1511,8.00,8.00
2007.12.24 01:19:40.044,1.15045,1.1511,8.00,8.00
2007.12.24 01:19:40.137,1.15045,1.1511,8.00,8.00
2007.12.24 01:19:40.230,1.15045,1.1511,8.00,8.00
2007.12.24 01:19:40.322,1.15045,1.1511,8.00,8.00
2007.12.24 01:19:40.414,1.15045,1.1511,8.00,8.00
2007.12.24 01:19:40.508,1.15045,1.1511,8.00,8.00
2007.12.24 01:19:40.601,1.15045,1.1511,8.00,8.00
2007.12.24 01:19:40.693,1.15045,1.1511,8.00,8.00
2007.12.24 01:19:40.785,1.15045,1.1511,1.40,8.00
2007.12.24 01:19:40.949,1.15045,1.1511,4.10,8.00
2007.12.24 01:19:41.111,1.15045,1.1511,3.50,8.00
2007.12.24 01:19:41.286,1.15045,1.1511,3.10,8.00
2007.12.24 01:19:41.448,1.1504,1.1511,10.80,8.00
2007.12.24 01:19:41.610,1.1504,1.1511,10.80,8.00
2007.12.24 01:19:41.773,1.15045,1.1511,3.40,8.00
2007.12.24 01:19:41.936,1.1504,1.1511,10.80,8.00
2007.12.24 01:19:42.038,1.1504,1.1511,10.80,8.00
2007.12.24 01:19:42.140,1.15045,1.1511,2.30,8.00
2007.12.24 01:19:42.244,1.1504,1.1511,10.80,8.00
2007.12.24 01:19:42.347,1.1504,1.1511,10.80,8.00
2007.12.24 01:19:42.449,1.15045,1.1511,4.00,8.00
2007.12.24 01:19:42.552,1.15045,1.1511,3.10,8.00
2007.12.24 01:19:42.654,1.1504,1.1511,10.80,8.00
2007.12.24 01:19:42.758,1.1504,1.1511,10.80,8.00
2007.12.24 01:19:42.860,1.1504,1.1511,10.80,8.00
2007.12.24 01:19:43.012,1.1504,1.1511,10.80,8.00
2007.12.24 01:19:43.166,1.15045,1.1511,2.90,8.00
2007.12.24 01:19:43.320,1.1504,1.1511,10.80,8.00
2007.12.24 01:19:43.472,1.15045,1.1511,3.60,8.00
2007.12.24 01:19:43.625,1.1504,1.1511,10.80,8.00
2007.12.24 01:19:43.777,1.15045,1.1511,3.80,8.00
2007.12.24 01:19:43.930,1.1504,1.1511,10.80,8.00
2007.12.24 01:19:44.047,1.15045,1.1511,1.40,8.00
2007.12.24 01:19:44.166,1.15045,1.1511,2.10,8.00
2007.12.24 01:19:44.285,1.1504,1.1511,10.80,8.00
2007.12.24 01:19:44.403,1.15045,1.1511,0.60,8.00
2007.12.24 01:19:44.521,1.1504,1.1511,10.80,8.00
2007.12.24 01:19:44.639,1.1504,1.1511,10.80,8.00
2007.12.24 01:19:44.756,1.1504,1.1511,10.80,8.00
2007.12.24 01:19:44.874,1.15045,1.1511,1.40,8.00
2007.12.24 01:19:44.997,1.15045,1.1511,2.70,8.00
2007.12.24 01:19:45.120,1.1504,1.1511,10.80,8.00
2007.12.24 01:19:45.243,1.15045,1.1511,4.40,8.00
2007.12.24 01:19:45.366,1.15045,1.1511,0.70,8.00
2007.12.24 01:19:45.488,1.1504,1.1511,10.80,8.00
2007.12.24 01:19:45.611,1.1504,1.1511,10.80,8.00
2007.12.24 01:19:45.733,1.15045,1.1511,4.00,8.00
2007.12.24 01:19:45.856,1.15045,1.1511,2.60,8.00
2007.12.24 01:19:45.979,1.15045,1.1511,1.10,8.00
2007.12.24 01:19:46.102,1.15045,1.1511,1.10,8.00
2007.12.24 01:19:46.233,1.15045,1.1511,0.90,8.00
2007.12.24 01:19:46.356,1.15045,1.1511,2.20,8.00
2007.12.24 01:19:46.480,1.1504,1.1511,10.80,8.00
2007.12.24 01:19:46.602,1.15045,1.1511,2.00,8.00
2007.12.24 01:19:46.724,1.1504,1.1511,10.80,8.00
2007.12.24 01:19:46.847,1.1504,1.1511,10.80,8.00
2007.12.24 01:19:46.969,1.1504,1.1511,10.80,8.00
2007.12.24 01:19:47.091,1.15045,1.1511,3.90,8.00
2007.12.24 01:19:47.210,1.1504,1.1511,10.80,8.00
2007.12.24 01:19:47.328,1.15045,1.1511,3.20,8.00
2007.12.24 01:19:47.445,1.15045,1.1511,1.80,8.00
2007.12.24 01:19:47.562,1.1504,1.1511,10.80,8.00
2007.12.24 01:19:47.681,1.1504,1.1511,10.80,8.00
2007.12.24 01:19:47.799,1.1504,1.1511,10.80,8.00
2007.12.24 01:19:47.916,1.1504,1.1511,10.80,8.00
2007.12.24 01:19:48.033,1.15045,1.1511,2.00,8.00
2007.12.24 01:19:48.162,1.15045,1.1511,2.50,8.00
2007.12.24 01:19:48.292,1.15045,1.1511,3.40,8.00
2007.12.24 01:19:48.420,1.15045,1.1511,0.50,8.00
2007.12.24 01:19:48.548,1.15045,1.1511,2.70,8.00
2007.12.24 01:19:48.676,1.15045,1.1511,2.20,8.00
2007.12.24 01:19:48.803,1.15045,1.1511,1.60,8.40
2007.12.24 01:19:48.932,1.1504,1.15105,3.80,8.00
2007.12.24 01:19:49.059,1.1503,1.15105,20.00,8.00
2007.12.24 01:19:49.242,1.1503,1.15105,20.00,8.00
2007.12.24 01:19:49.424,1.1503,1.15105,20.00,8.00
2007.12.24 01:19:49.607,1.1504,1.15105,4.90,8.00
2007.12.24 01:19:49.789,1.1504,1.15105,1.40,8.00
2007.12.24 01:19:49.971,1.1504,1.15105,3.60,8.00
2007.12.24 01:19:50.155,1.1503,1.15105,20.00,8.00
2007.12.24 01:19:50.257,1.1504,1.15105,2.30,8.00
2007.12.24 01:19:50.359,1.1503,1.15105,20.00,8.00
2007.12.24 01:19:50.462,1.1503,1.15105,20.00,8.00
2007.12.24 01:19:50.565,1.1503,1.15105,20.00,8.00
2007.12.24 01:19:50.667,1.1504,1.15105,2.90,8.00
2007.12.24 01:19:50.769,1.1503,1.15105,20.00,8.00
2007.12.24 01:19:50.872,1.1503,1.15105,20.00,8.00
2007.12.24 01:19:50.975,1.1504,1.15105,3.50,8.00
2007.12.24 01:19:51.077,1.1503,1.15105,20.00,8.00
2007.12.24 01:19:51.180,1.1504,1.15105,3.90,8.00
2007.12.24 01:19:51.332,1.1503,1.15105,20.00,8.00
2007.12.24 01:19:51.484,1.1503,1.15105,20.00,8.00
2007.12.24 01:19:51.637,1.1503,1.15105,20.00,8.00
2007.12.24 01:19:51.789,1.1503,1.15105,20.00,8.00
2007.12.24 01:19:51.942,1.1504,1.15105,5.50,8.00
2007.12.24 01:19:52.094,1.1503,1.15105,20.00,8.00
2007.12.24 01:19:52.247,1.1503,1.15105,20.00,8.00
2007.12.24 01:19:52.369,1.1503,1.15105,20.00,8.00
2007.12.24 01:19:52.492,1.1503,1.15105,20.00,8.00
2007.12.24 01:19:52.614,1.1503,1.15105,20.00,8.00
2007.12.24 01:19:52.736,1.1504,1.15105,1.40,8.00
2007.12.24 01:19:52.859,1.1503,1.15105,20.00,8.00
2007.12.24 01:19:52.994,1.1504,1.15105,1.70,8.00
2007.12.24 01:19:53.106,1.1504,1.15105,5.50,8.00
2007.12.24 01:19:53.229,1.1504,1.15105,2.10,8.00
2007.12.24 01:19:53.371,1.1503,1.15105,20.30,8.00
2007.12.24 01:19:53.514,1.1504,1.1511,10.80,8.00
2007.12.24 01:19:53.656,1.1504,1.1511,10.80,8.00
2007.12.24 01:19:53.798,1.1504,1.1511,10.80,8.00
2007.12.24 01:19:53.941,1.1504,1.1511,10.80,8.00
2007.12.24 01:19:54.084,1.15045,1.1511,3.10,8.00
2007.12.24 01:19:54.226,1.1504,1.1511,10.80,8.00
2007.12.24 01:19:54.394,1.1504,1.1511,10.80,8.00
2007.12.24 01:19:54.561,1.1504,1.1511,10.80,8.00
2007.12.24 01:19:54.729,1.1504,1.1511,10.80,8.00
2007.12.24 01:19:54.896,1.1504,1.1511,10.80,8.00
2007.12.24 01:19:55.064,1.15045,1.1511,3.80,8.00
2007.12.24 01:19:55.231,1.1504,1.1511,10.80,8.00
2007.12.24 01:19:55.363,1.1504,1.1511,10.80,8.00
2007.12.24 01:19:55.496,1.1504,1.1511,10.80,8.00
2007.12.24 01:19:55.638,1.1504,1.1511,10.80,8.00
2007.12.24 01:19:55.771,1.1504,1.1511,10.80,8.00
2007.12.24 01:19:55.903,1.1504,1.1511,10.80,8.00
2007.12.24 01:19:56.036,1.1504,1.1511,10.80,8.00
2007.12.24 01:19:56.168,1.15045,1.1511,2.10,8.00
2007.12.24 01:19:56.302,1.1504,1.1511,10.80,8.00
2007.12.24 01:19:56.429,1.1504,1.1511,10.80,8.00
2007.12.24 01:19:56.556,1.1504,1.1511,10.80,8.00
2007.12.24 01:19:56.684,1.15045,1.1511,1.30,8.00
2007.12.24 01:19:56.811,1.1504,1.1511,10.80,8.00
2007.12.24 01:19:56.939,1.1504,1.1511,10.80,8.00
2007.12.24 01:19:57.066,1.15045,1.1511,1.50,8.00
2007.12.24 01:19:57.194,1.15045,1.1511,3.30,8.00
2007.12.24 01:19:57.321,1.15045,1.1511,1.20,8.00
2007.12.24 01:19:57.444,1.15045,1.1511,3.10,8.00
2007.12.24 01:19:57.568,1.15045,1.1511,3.50,8.00
2007.12.24 01:19:57.690,1.1504,1.1511,10.80,8.00
2007.12.24 01:19:57.812,1.15045,1.1511,3.10,8.00
2007.12.24 01:19:57.935,1.1504,1.1511,10.80,8.00
2007.12.24 01:19:58.058,1.1504,1.1511,10.80,8.00
2007.12.24 01:19:58.180,1.15045,1.1511,1.80,8.00
2007.12.24 01:19:58.302,1.15045,1.1511,1.90,8.00
2007.12.24 01:19:58.425,1.1504,1.1511,10.80,8.00
2007.12.24 01:19:58.568,1.1504,1.1511,10.80,8.00
2007.12.24 01:19:58.711,1.1504,1.1511,10.80,8.00
2007.12.24 01:19:58.853,1.1504,1.1511,10.80,8.00
2007.12.24 01:19:58.997,1.1504,1.1511,10.80,8.00
2007.12.24 01:19:59.139,1.15045,1.1511,2.40,8.00
2007.12.24 01:19:59.281,1.1504,1.1511,10.80,8.00
2007.12.24 01:19:59.424,1.1504,1.1511,10.80,8.00
2007.12.24 01:19:59.571,1.15045,1.1511,1.60,8.00
2007.12.24 01:19:59.718,1.15045,1.1511,0.60,8.00
2007.12.24 01:19:59.866,1.15045,1.1511,4.40,8.00
2007.12.24 01:20:00.015,1.15045,1.1511,1.40,8.00
2007.12.24 01:20:00.162,1.1504,1.1511,10.80,8.00
2007.12.24 01:20:00.309,1.1504,1.1511,10.80,8.00
2007.12.24 01:20:00.457,1.1504,1.1511,10.80,8.00
2007.12.24 01:20:00.570,1.1504,1.1511,10.80,8.00
2007.12.24 01:20:00.682,1.15045,1.1511,4.20,8.00
2007.12.24 01:20:00.794,1.1504,1.1511,10.80,8.00
2007.12.24 01:20:00.908,1.15045,1.1511,1.90,8.00
2007.12.24 01:20:01.020,1.15045,1.1511,3.90,8.00
2007.12.24 01:20:01.133,1.1504,1.1511,10.80,8.00
2007.12.24 01:20:01.246,1.1504,1.1511,10.80,8.00
2007.12.24 01:20:01.358,1.15045,1.1511,3.10,8.00
2007.12.24 01:20:01.472,1.1504,1.1511,10.80,8.00
2007.12.24 01:20:01.624,1.1504,1.1511,10.80,8.00
2007.12.24 01:20:01.777,1.15045,1.1511,4.00,8.00
2007.12.24 01:20:01.929,1.1504,1.1511,10.80,8.00
2007.12.24 01:20:02.082,1.15045,1.1511,3.50,8.00
2007.12.24 01:20:02.235,1.1504,1.1511,10.80,8.00
2007.12.24 01:20:02.388,1.1504,1.1511,10.80,8.00
2007.12.24 01:20:02.542,1.15045,1.1511,0.80,8.00
2007.12.24 01:20:02.669,1.15045,1.1511,1.60,8.00
2007.12.24 01:20:02.797,1.1504,1.1511,10.80,8.00
2007.12.24 01:20:02.925,1.15045,1.1511,3.30,8.00
2007.12.24 01:20:03.052,1.1504,1.1511,10.80,8.00
2007.12.24 01:20:03.180,1.15045,1.1511,1.30,8.00
2007.12.24 01:20:03.308,1.15045,1.1511,1.70,8.00
2007.12.24 01:20:03.435,1.1504,1.1511,10.80,8.00
2007.12.24 01:20:03.562,1.1504,1.1511,10.80,8.00
2007.12.24 01:20:03.710,1.1504,1.1511,10.80,8.00
2007.12.24 01:20:03.858,1.15045,1.1511,4.10,8.00
2007.12.24 01:20:04.005,1.15045,1.1511,3.00,8.00
2007.12.24 01:20:04.154,1.15045,1.1511,1.30,8.00
2007.12.24 01:20:04.301,1.1504,1.1511,10.80,8.00
2007.12.24 01:20:04.450,1.15045,1.1511,2.00,8.00
2007.12.24 01:20:04.597,1.1504,1.1511,10.80,8.00
2007.12.24 01:20:04.700,1.15045,1.1511,1.40,8.00
2007.12.24 01:20:04.803,1.1504,1.1511,10.80,8.00
2007.12.24 01:20:04.905,1.15045,1.1511,4.10,8.00
2007.12.24 01:20:05.009,1.15045,1.1511,1.10,8.00
2007.12.24 01:20:05.117,1.1504,1.1511,10.80,8.00
2007.12.24 01:20:05.220,1.1504,1.1511,10.80,8.00
2007.12.24 01:20:05.322,1.15045,1.1511,2.30,8.00
2007.12.24 01:20:05.424,1.1504,1.1511,10.80,8.00
2007.12.24 01:20:05.526,1.1504,1.1511,10.80,8.00
2007.12.24 01:20:05.629,1.1504,1.1511,10.80,8.00
2007.12.24 01:20:05.733,1.15045,1.1511,3.70,8.00
2007.12.24 01:20:05.885,1.1504,1.1511,10.80,8.00
2007.12.24 01:20:06.037,1.1504,1.1511,10.80,8.00
2007.12.24 01:20:06.189,1.1504,1.1511,10.80,8.00
2007.12.24 01:20:06.342,1.15045,1.1511,2.20,8.00
2007.12.24 01:20:06.495,1.15045,1.1511,2.20,8.00
2007.12.24 01:20:06.647,1.1504,1.1511,10.80,8.00
2007.12.24 01:20:06.799,1.1504,1.1511,10.80,8.00
2007.12.24 01:20:06.902,1.1504,1.1511,10.80,8.00
2007.12.24 01:20:07.006,1.15045,1.1511,0.80,8.00
2007.12.24 01:20:07.108,1.1504,1.1511,10.80,8.00
2007.12.24 01:20:07.210,1.15045,1.1511,3.40,8.00
2007.12.24 01:20:07.313,1.15045,1.1511,1.80,8.00
2007.12.24 01:20:07.417,1.15045,1.1511,4.30,8.00
2007.12.24 01:20:07.519,1.15045,1.1511,4.20,8.00
2007.12.24 01:20:07.621,1.15045,1.1511,2.30,8.00
2007.12.24 01:20:07.725,1.15045,1.1511,2.40,8.00
2007.12.24 01:20:07.827,1.1504,1.1511,10.80,8.00
2007.12.24 01:20:07.964,1.15045,1.1511,3.50,8.00
2007.12.24 01:20:08.102,1.15045,1.1511,0.80,8.00
2007.12.24 01:20:08.240,1.1504,1.1511,10.80,8.00
2007.12.24 01:20:08.377,1.15045,1.1511,1.60,8.00
2007.12.24 01:20:08.515,1.15045,1.1511,2.70,8.00
2007.12.24 01:20:08.652,1.1504,1.1511,10.80,8.00
2007.12.24 01:20:08.790,1.1504,1.1511,10.80,8.00
2007.12.24 01:20:08.928,1.1504,1.1511,10.80,8.00
2007.12.24 01:20:09.040,1.1504,1.1511,10.80,8.00
2007.12.24 01:20:09.153,1.1504,1.1511,10.80,8.00
2007.12.24 01:20:09.266,1.1504,1.1511,10.80,8.00
2007.12.24 01:20:09.378,1.15045,1.1511,2.40,8.00
2007.12.24 01:20:09.491,1.15045,1.1511,1.80,8.00
2007.12.24 01:20:09.604,1.1504,1.1511,10.80,8.00
2007.12.24 01:20:09.717,1.1504,1.1511,10.80,8.00
2007.12.24 01:20:09.829,1.1504,1.1511,10.80,8.00
2007.12.24 01:20:09.941,1.15045,1.1511,8.00,8.00
2007.12.24 01:20:10.109,1.15045,1.1511,8.00,8.00
2007.12.24 01:20:10.277,1.15045,1.1511,8.00,8.00
2007.12.24 01:20:10.444,1.15045,1.1511,8.00,8.00
2007.12.24 01:20:10.612,1.15045,1.1511,8.00,8.00
2007.12.24 01:20:10.780,1.15045,1.1511,8.00,8.00
2007.12.24 01:20:10.948,1.15045,1.1511,8.00,8.00
2007.12.24 01:20:11.046,1.15045,1.1511,8.00,8.00
2007.12.24 01:20:11.144,1.15045,1.1511,8.00,8.00
2007.12.24 01:20:11.242,1.15045,1.1511,8.00,8.00
2007.12.24 01:20:11.339,1.15045,1.1511,8.00,8.00
2007.12.24 01:20:11.437,1.15045,1.1511,8.00,8.00
2007.12.24 01:20:11.535,1.15045,1.1511,8.00,8.00
2007.12.24 01:20:11.632,1.15045,1.1511,8.00,8.00
2007.12.24 01:20:11.729,1.15045,1.1511,8.00,8.00
2007.12.24 01:20:11.827,1.15045,1.1511,8.00,8.00
2007.12.24 01:20:11.925,1.15045,1.1511,8.00,8.00
2007.12.24 01:20:12.162,1.15045,1.1511,8.00,8.00
2007.12.24 01:20:12.400,1.15045,1.1511,8.00,8.00
2007.12.24 01:20:12.637,1.15045,1.1511,8.00,8.00
2007.12.24 01:20:12.875,1.15045,1.1511,8.00,8.00
2007.12.24 01:20:13.113,1.15045,1.1511,8.00,8.00
2007.12.24 01:20:13.246,1.15045,1.1511,8.00,8.00
2007.12.24 01:20:13.379,1.15045,1.1511,8.00,8.00
2007.12.24 01:20:13.511,1.15045,1.1511,8.00,8.00
2007.12.24 01:20:13.644,1.15045,1.1511,8.00,8.00
2007.12.24 01:20:13.777,1.15045,1.1511,8.00,8.00
2007.12.24 01:20:13.909,1.15045,1.1511,8.00,8.00
2007.12.24 01:20:14.042,1.15045,1.1511,8.00,8.00
2007.12.24 01:20:14.175,1.15045,1.1511,8.00,8.00
2007.12.24 01:20:14.307,1.15045,1.1511,8.00,8.00
2007.12.24 01:20:14.440,1.15045,1.1511,8.00,8.00
2007.12.24 01:20:14.573,1.15045,1.1511,8.00,8.00
2007.12.24 01:20:14.705,1.15045,1.1511,8.00,8.00
2007.12.24 01:20:14.844,1.15045,1.1511,8.00,8.00
2007.12.24 01:20:14.977,1.15045,1.1511,8.00,8.00
2007.12.24 01:20:15.090,1.15045,1.1511,8.00,8.00
2007.12.24 01:20:15.202,1.15045,1.1511,8.00,8.00
2007.12.24 01:20:15.315,1.15045,1.1511,8.00,8.00
2007.12.24 01:20:15.428,1.15045,1.1511,8.00,8.00
2007.12.24 01:20:15.541,1.15045,1.1511,8.00,8.00
2007.12.24 01:20:15.654,1.15045,1.1511,8.00,8.00
2007.12.24 01:20:15.766,1.15045,1.1511,8.00,8.00
2007.12.24 01:20:15.879,1.15045,1.1511,8.00,8.00
2007.12.24 01:20:15.992,1.15045,1.1511,8.00,8.00
2007.12.24 01:20:16.135,1.15045,1.1511,8.00,8.00
2007.12.24 01:20:16.277,1.15045,1.1511,8.00,8.00
2007.12.24 01:20:16.420,1.15045,1.1511,8.00,8.00
2007.12.24 01:20:16.562,1.15045,1.1511,8.00,8.00
2007.12.24 01:20:16.705,1.15045,1.1511,8.00,8.00
2007.12.24 01:20:16.847,1.15045,1.1511,8.00,8.00
2007.12.24 01:20:16.870,1.15045,1.1511,8.00,0.70
2007.12.24 01:20:16.990,1.15045,1.1512,8.00,10.80
2007.12.24 01:20:17.138,1.15045,1.1511,8.00,0.60
2007.12.24 01:20:17.275,1.15045,1.1511,8.00,0.90
2007.12.24 01:20:17.413,1.15045,1.1512,8.00,10.80
2007.12.24 01:20:17.551,1.15045,1.1512,8.00,10.80
2007.12.24 01:20:17.689,1.15045,1.1512,8.00,10.80
2007.12.24 01:20:17.826,1.15045,1.1511,8.00,0.60
2007.12.24 01:20:17.978,1.15045,1.1511,8.00,8.00
2007.12.24 01:20:18.101,1.15045,1.1511,8.00,8.00
2007.12.24 01:20:18.219,1.15045,1.1511,8.00,8.00
2007.12.24 01:20:18.337,1.15045,1.1511,8.00,8.00
2007.12.24 01:20:18.455,1.15045,1.1511,8.00,8.00
2007.12.24 01:20:18.573,1.15045,1.1511,8.00,8.00
2007.12.24 01:20:18.693,1.15045,1.1511,8.00,8.00
2007.12.24 01:20:18.812,1.15045,1.1511,8.00,8.00
2007.12.24 01:20:18.929,1.15045,1.1511,8.00,8.00
2007.12.24 01:20:19.047,1.15045,1.1511,8.00,8.00
2007.12.24 01:20:19.164,1.15045,1.1511,8.00,8.00
2007.12.24 01:20:19.338,1.15045,1.1511,8.00,8.00
2007.12.24 01:20:19.506,1.15045,1.1511,8.00,8.00
2007.12.24 01:20:19.674,1.15045,1.1511,8.00,8.00
2007.12.24 01:20:19.841,1.15045,1.1511,8.00,8.00
2007.12.24 01:20:20.009,1.15045,1.1511,8.00,8.00
2007.12.24 01:20:20.176,1.15045,1.1511,8.00,8.00
2007.12.24 01:20:20.314,1.15045,1.1511,8.00,8.00
2007.12.24 01:20:20.452,1.15045,1.1511,8.00,8.00
2007.12.24 01:20:20.589,1.15045,1.1511,8.00,8.00
2007.12.24 01:20:20.727,1.15045,1.1511,8.00,8.00
2007.12.24 01:20:20.864,1.15045,1.1511,8.00,8.00
2007.12.24 01:20:21.001,1.15045,1.1511,8.00,8.00
2007.12.24 01:20:21.139,1.15045,1.1511,8.00,8.00
2007.12.24 01:20:21.277,1.15045,1.1511,8.00,8.00
2007.12.24 01:20:21.395,1.15045,1.1511,8.00,8.00
2007.12.24 01:20:21.513,1.15045,1.1511,8.00,8.00
2007.12.24 01:20:21.631,1.15045,1.1511,8.00,8.00
2007.12.24 01:20:21.749,1.15045,1.1511,8.00,8.00
2007.12.24 01:20:21.866,1.15045,1.1511,8.00,8.00
2007.12.24 01:20:21.984,1.15045,1.1511,8.00,8.00
2007.12.24 01:20:22.102,1.15045,1.1511,8.00,8.00
2007.12.24 01:20:22.219,1.15045,1.1511,8.00,8.00
2007.12.24 01:20:22.336,1.15045,1.1511,8.00,8.00
2007.12.24 01:20:22.469,1.15045,1.1511,8.00,8.00
2007.12.24 01:20:22.602,1.15045,1.1511,8.00,8.00
2007.12.24 01:20:22.734,1.15045,1.1511,8.00,8.00
2007.12.24 01:20:22.867,1.15045,1.1511,8.00,8.00
2007.12.24 01:20:23.000,1.15045,1.1511,8.00,8.00
2007.12.24 01:20:23.132,1.15045,1.1511,8.00,8.00
2007.12.24 01:20:23.265,1.15045,1.1511,8.00,8.00
2007.12.24 01:20:23.407,1.15045,1.1511,8.00,8.00
2007.12.24 01:20:29.249,1.1504,1.1511,2.80,0.50
2007.12.24 01:20:29.367,1.1504,1.15105,10.80,8.00
2007.12.24 01:20:29.484,1.1504,1.15105,10.80,8.00
2007.12.24 01:20:29.662,1.1504,1.15105,10.80,8.00
2007.12.24 01:20:29.839,1.1504,1.15105,10.80,8.00
2007.12.24 01:20:30.017,1.1504,1.15105,10.80,8.00
2007.12.24 01:20:30.203,1.1504,1.15105,10.80,8.00
2007.12.24 01:20:30.381,1.1504,1.15105,10.80,8.00
2007.12.24 01:20:30.559,1.1504,1.15105,10.80,8.00
2007.12.24 01:20:30.651,1.1504,1.15105,10.80,8.00
2007.12.24 01:20:30.744,1.1504,1.15105,10.80,8.00
2007.12.24 01:20:30.837,1.1504,1.15105,10.80,8.00
2007.12.24 01:20:30.930,1.1504,1.15105,10.80,8.00
2007.12.24 01:20:31.032,1.1504,1.15105,10.80,8.00
2007.12.24 01:20:31.125,1.1504,1.15105,10.80,8.00
2007.12.24 01:20:31.217,1.1504,1.15105,10.80,8.00
2007.12.24 01:20:31.310,1.1504,1.15105,10.80,8.00
2007.12.24 01:20:31.403,1.1504,1.15105,10.80,8.00
2007.12.24 01:20:31.495,1.1504,1.15105,10.80,8.00
2007.12.24 01:20:31.642,1.1504,1.15105,10.80,8.00
2007.12.24 01:20:31.803,1.1504,1.15105,10.80,8.00
2007.12.24 01:20:31.950,1.1504,1.15105,10.80,8.00
2007.12.24 01:20:32.097,1.1504,1.15105,10.80,8.00
2007.12.24 01:20:32.257,1.1504,1.15105,10.80,8.00
2007.12.24 01:20:32.393,1.1504,1.15105,10.80,8.00
2007.12.24 01:20:32.541,1.1504,1.15105,10.80,8.00
2007.12.24 01:20:32.689,1.1504,1.15105,10.80,8.00
2007.12.24 01:20:32.827,1.1504,1.15105,10.80,8.00
2007.12.24 01:20:32.965,1.1504,1.15105,10.80,8.00
2007.12.24 01:20:33.102,1.1504,1.15105,10.80,8.00
2007.12.24 01:20:33.240,1.1504,1.15105,10.80,8.00
2007.12.24 01:20:33.378,1.1504,1.15105,10.80,8.00
2007.12.24 01:20:33.515,1.1504,1.15105,10.80,8.00
2007.12.24 01:20:33.653,1.1504,1.15105,10.80,8.00
2007.12.24 01:20:33.781,1.1504,1.15105,10.80,8.00
2007.12.24 01:20:33.909,1.1504,1.15105,10.80,8.00
2007.12.24 01:20:34.036,1.1504,1.15105,10.80,8.00
2007.12.24 01:20:34.163,1.1504,1.15105,10.80,8.00
2007.12.24 01:20:34.292,1.1504,1.15105,10.80,8.00
2007.12.24 01:20:34.420,1.1504,1.15105,10.80,8.00
2007.12.24 01:20:34.547,1.1504,1.15105,10.80,8.00
2007.12.24 01:20:34.675,1.1504,1.15105,10.80,8.00
2007.12.24 01:20:34.803,1.1504,1.15105,10.80,8.00
2007.12.24 01:20:34.930,1.1504,1.15105,10.80,8.00
2007.12.24 01:20:35.057,1.1504,1.15105,10.80,8.00
2007.12.24 01:20:35.185,1.1504,1.15105,10.80,8.00
2007.12.24 01:20:35.313,1.1504,1.15105,10.80,8.00
2007.12.24 01:20:35.440,1.1504,1.15105,10.80,8.00
2007.12.24 01:20:35.567,1.1504,1.15105,10.80,8.00
2007.12.24 01:20:35.695,1.1504,1.15105,10.80,8.00
2007.12.24 01:20:35.813,1.1504,1.15105,10.80,8.00
2007.12.24 01:20:35.931,1.1504,1.15105,10.80,8.00
2007.12.24 01:20:36.062,1.1504,1.15105,10.80,8.00
2007.12.24 01:20:36.180,1.1504,1.15105,10.80,8.00
2007.12.24 01:20:36.298,1.1504,1.15105,10.80,8.00
2007.12.24 01:20:36.416,1.1504,1.15105,10.80,8.00
2007.12.24 01:20:36.533,1.1504,1.15105,10.80,8.00
2007.12.24 01:20:36.651,1.1504,1.15105,10.80,8.00
2007.12.24 01:20:36.768,1.1504,1.15105,10.80,8.00
2007.12.24 01:20:36.920,1.1504,1.15105,10.80,8.00
2007.12.24 01:20:37.073,1.1504,1.15105,10.80,8.00
2007.12.24 01:20:37.226,1.1504,1.15105,10.80,8.00
2007.12.24 01:20:37.391,1.1504,1.15105,10.80,8.00
2007.12.24 01:20:37.532,1.1504,1.15105,10.80,8.00
2007.12.24 01:20:37.684,1.1504,1.15105,10.80,8.00
2007.12.24 01:20:37.837,1.1504,1.15105,10.80,8.00
2007.12.24 01:20:37.970,1.1504,1.15105,10.80,8.00
2007.12.24 01:20:38.102,1.1504,1.15105,10.80,8.00
2007.12.24 01:20:38.235,1.1504,1.15105,10.80,8.00
2007.12.24 01:20:38.367,1.1504,1.15105,10.80,8.00
2007.12.24 01:20:38.499,1.1504,1.15105,10.80,8.00
2007.12.24 01:20:38.633,1.1504,1.15105,10.80,8.00
2007.12.24 01:20:38.765,1.1504,1.15105,10.80,8.00
2007.12.24 01:20:38.928,1.1504,1.15105,10.80,8.00
2007.12.24 01:20:39.091,1.1504,1.15105,10.80,8.00
2007.12.24 01:20:39.254,1.1504,1.15105,10.80,8.00
2007.12.24 01:20:39.417,1.1504,1.15105,10.80,8.00
2007.12.24 01:20:39.579,1.1504,1.15105,10.80,8.00
2007.12.24 01:20:39.742,1.1504,1.15105,10.80,8.00
2007.12.24 01:20:39.904,1.1504,1.15105,10.80,8.00
2007.12.24 01:20:40.057,1.1504,1.15105,10.80,8.00
2007.12.24 01:20:40.209,1.1504,1.15105,10.80,8.00
2007.12.24 01:20:40.361,1.1504,1.15105,10.80,8.00
2007.12.24 01:20:40.515,1.1504,1.15105,10.80,8.00
2007.12.24 01:20:40.667,1.1504,1.15105,10.80,8.00
2007.12.24 01:20:40.819,1.1504,1.15105,10.80,8.00
2007.12.24 01:20:40.921,1.1503,1.15105,20.00,8.00
2007.12.24 01:20:40.973,1.1503,1.15105,20.00,8.00
2007.12.24 01:20:41.125,1.1504,1.15105,4.90,8.00
2007.12.24 01:20:41.277,1.1504,1.15105,2.50,8.00
2007.12.24 01:20:41.431,1.1503,1.15105,20.00,8.00
2007.12.24 01:20:41.596,1.1504,1.15105,2.30,8.00
2007.12.24 01:20:41.749,1.1504,1.15105,3.70,8.00
2007.12.24 01:20:41.901,1.1503,1.15105,20.00,8.00
2007.12.24 01:20:42.028,1.1504,1.15105,10.80,8.00
2007.12.24 01:20:42.157,1.1504,1.15105,10.80,8.00
2007.12.24 01:20:42.284,1.1504,1.15105,10.80,8.00
2007.12.24 01:20:42.424,1.1504,1.15105,10.80,8.00
2007.12.24 01:20:42.552,1.1504,1.15105,10.80,8.00
2007.12.24 01:20:42.680,1.1504,1.15105,10.80,8.00
2007.12.24 01:20:42.807,1.1504,1.15105,10.80,8.00
2007.12.24 01:20:42.934,1.1504,1.15105,10.80,8.00
2007.12.24 01:20:43.063,1.1504,1.15105,10.80,8.00
2007.12.24 01:20:43.203,1.1504,1.15105,10.80,8.00
2007.12.24 01:20:43.317,1.1504,1.15105,10.80,8.00
2007.12.24 01:20:43.446,1.1504,1.15105,10.80,8.00
2007.12.24 01:20:43.574,1.1504,1.15105,10.80,8.00
2007.12.24 01:20:43.701,1.1504,1.15105,10.80,8.00
2007.12.24 01:20:43.829,1.1504,1.15105,10.80,8.00
2007.12.24 01:20:43.957,1.1504,1.15105,10.80,8.00
2007.12.24 01:20:44.084,1.1504,1.15105,10.80,8.00
2007.12.24 01:20:44.216,1.1504,1.15105,10.80,8.00
2007.12.24 01:20:44.350,1.1504,1.15105,10.80,8.00
2007.12.24 01:20:44.482,1.1504,1.15105,10.80,8.00
2007.12.24 01:20:44.614,1.1504,1.15105,10.80,8.00
2007.12.24 01:20:44.748,1.1504,1.15105,10.80,8.00
2007.12.24 01:20:44.880,1.1504,1.15105,10.80,8.00
2007.12.24 01:20:45.012,1.1504,1.15105,10.80,8.00
2007.12.24 01:20:45.146,1.1504,1.15105,10.80,8.00
2007.12.24 01:20:45.273,1.1504,1.15105,10.80,8.00
2007.12.24 01:20:45.400,1.1504,1.15105,10.80,8.00
2007.12.24 01:20:45.528,1.1504,1.15105,10.80,8.00
2007.12.24 01:20:45.656,1.1504,1.15105,10.80,8.00
2007.12.24 01:20:45.783,1.1504,1.15105,10.80,8.00
2007.12.24 01:20:45.910,1.1504,1.15105,10.80,8.00
2007.12.24 01:20:46.039,1.1504,1.15105,10.80,8.00
2007.12.24 01:20:46.166,1.1504,1.15105,10.80,8.00
2007.12.24 01:20:46.293,1.1504,1.15105,10.80,8.00
2007.12.24 01:20:46.421,1.1504,1.15105,10.80,8.00
2007.12.24 01:20:46.548,1.1504,1.15105,10.80,8.00
2007.12.24 01:20:46.676,1.1504,1.15105,10.80,8.00
2007.12.24 01:20:46.803,1.1504,1.15105,10.80,8.00
2007.12.24 01:20:46.930,1.1504,1.15105,10.80,8.00
2007.12.24 01:20:47.059,1.1504,1.15105,10.80,8.00
2007.12.24 01:20:47.271,1.1504,1.15105,10.80,8.00
2007.12.24 01:20:47.484,1.1504,1.15105,10.80,8.00
2007.12.24 01:20:47.696,1.1504,1.15105,10.80,8.00
2007.12.24 01:20:47.908,1.1504,1.15105,10.80,8.00
2007.12.24 01:20:48.120,1.1504,1.15105,10.80,8.00
2007.12.24 01:20:48.242,1.1504,1.15105,10.80,8.00
2007.12.24 01:20:48.366,1.1504,1.15105,10.80,8.00
2007.12.24 01:20:48.488,1.1504,1.15105,10.80,8.00
2007.12.24 01:20:48.611,1.1504,1.15105,10.80,8.00
2007.12.24 01:20:48.733,1.1504,1.15105,10.80,8.00
2007.12.24 01:20:48.855,1.1504,1.15105,10.80,8.00
2007.12.24 01:20:48.979,1.1504,1.15105,10.80,8.00
2007.12.24 01:20:49.101,1.1504,1.15105,10.80,8.00
2007.12.24 01:20:49.223,1.1504,1.15105,10.80,8.00
2007.12.24 01:20:49.371,1.1504,1.15105,10.80,8.00
2007.12.24 01:20:49.518,1.1504,1.15105,10.80,8.00
2007.12.24 01:20:49.665,1.1504,1.15105,10.80,8.00
2007.12.24 01:20:49.814,1.1504,1.15105,10.80,8.00
2007.12.24 01:20:49.961,1.1504,1.15105,10.80,8.00
2007.12.24 01:20:50.109,1.1504,1.15105,10.80,8.00
2007.12.24 01:20:50.257,1.1504,1.15105,10.80,8.00
2007.12.24 01:20:50.379,1.1504,1.15105,10.80,8.00
2007.12.24 01:20:50.501,1.1504,1.15105,10.80,8.00
2007.12.24 01:20:50.623,1.1504,1.15105,10.80,8.00
2007.12.24 01:20:50.747,1.1504,1.15105,10.80,8.00
2007.12.24 01:20:50.869,1.1504,1.15105,10.80,8.00
2007.12.24 01:20:50.991,1.1504,1.15105,10.80,8.00
2007.12.24 01:20:51.113,1.1504,1.15105,10.80,8.00
2007.12.24 01:20:51.250,1.1504,1.15105,10.80,8.00
2007.12.24 01:20:51.359,1.1504,1.15105,10.80,8.00
2007.12.24 01:20:51.481,1.1504,1.15105,10.80,8.00
2007.12.24 01:20:51.604,1.1504,1.15105,10.80,8.00
2007.12.24 01:20:51.728,1.1504,1.15105,10.80,8.00
2007.12.24 01:20:51.850,1.1504,1.15105,10.80,8.00
2007.12.24 01:20:51.972,1.1504,1.15105,10.80,8.00
2007.12.24 01:20:52.095,1.1504,1.15105,10.80,8.00
2007.12.24 01:20:52.217,1.1504,1.15105,10.80,8.00
2007.12.24 01:20:52.354,1.1504,1.15105,10.80,8.00
2007.12.24 01:20:52.493,1.1504,1.15105,10.80,8.00
2007.12.24 01:20:52.630,1.1504,1.15105,10.80,8.00
2007.12.24 01:20:52.768,1.1504,1.15105,10.80,8.00
2007.12.24 01:20:52.905,1.1504,1.15105,10.80,8.00
2007.12.24 01:20:53.042,1.1504,1.15105,10.80,8.00
2007.12.24 01:20:53.181,1.1504,1.15105,10.80,8.00
2007.12.24 01:20:53.298,1.1504,1.15105,10.80,8.00
2007.12.24 01:20:53.415,1.1504,1.15105,10.80,8.00
2007.12.24 01:20:53.533,1.1504,1.15105,10.80,8.00
2007.12.24 01:20:53.650,1.1504,1.15105,10.80,8.00
2007.12.24 01:20:53.768,1.1504,1.15105,10.80,8.00
2007.12.24 01:20:53.886,1.1504,1.15105,10.80,8.00
2007.12.24 01:20:54.003,1.1504,1.15105,10.80,8.00
2007.12.24 01:20:54.120,1.1504,1.15105,10.80,8.00
2007.12.24 01:20:54.238,1.1504,1.15105,10.80,8.00
2007.12.24 01:20:54.385,1.1504,1.15105,10.80,8.00
2007.12.24 01:20:54.532,1.1504,1.15105,10.80,8.00
2007.12.24 01:20:54.680,1.1504,1.15105,10.80,8.00
2007.12.24 01:20:54.827,1.1504,1.15105,10.80,8.00
2007.12.24 01:20:54.975,1.1504,1.15105,10.80,8.00
2007.12.24 01:20:55.130,1.1504,1.15105,10.80,8.00
2007.12.24 01:20:55.278,1.1504,1.15105,10.80,8.00
2007.12.24 01:20:55.390,1.1504,1.15105,10.80,8.00
2007.12.24 01:20:55.502,1.1504,1.15105,10.80,8.00
2007.12.24 01:20:55.614,1.1504,1.15105,10.80,8.00
2007.12.24 01:20:55.728,1.1504,1.15105,10.80,8.00
2007.12.24 01:20:55.840,1.1504,1.15105,10.80,8.00
2007.12.24 01:20:55.952,1.1504,1.15105,10.80,8.00
2007.12.24 01:20:56.066,1.1504,1.15105,10.80,8.00
2007.12.24 01:20:56.178,1.1504,1.15105,10.80,8.00
2007.12.24 01:20:56.290,1.1504,1.15105,10.80,8.00
2007.12.24 01:20:56.427,1.1504,1.15105,10.80,8.00
2007.12.24 01:20:56.565,1.1504,1.15105,10.80,8.00
2007.12.24 01:20:56.703,1.1504,1.15105,10.80,8.00
2007.12.24 01:20:56.840,1.1504,1.15105,10.80,8.00
2007.12.24 01:20:56.977,1.1504,1.15105,10.80,8.00
2007.12.24 01:20:57.116,1.1504,1.151,10.80,0.50
2007.12.24 01:20:57.253,1.1504,1.151,8.40,0.50
2007.12.24 01:20:57.392,1.1504,1.15095,0.50,8.00
2007.12.24 01:20:57.525,1.1504,1.15095,0.50,8.00
2007.12.24 01:20:57.657,1.1504,1.15095,0.50,8.00
2007.12.24 01:20:57.790,1.1504,1.15095,0.50,8.00
2007.12.24 01:20:57.922,1.1504,1.15095,0.50,8.00
2007.12.24 01:20:58.054,1.1504,1.15095,0.50,8.00
2007.12.24 01:20:58.188,1.1504,1.15095,0.50,8.00
2007.12.24 01:20:58.320,1.1504,1.15095,0.50,8.00
2007.12.24 01:20:58.463,1.1504,1.15095,0.50,8.00
2007.12.24 01:20:58.605,1.1504,1.15095,0.50,8.00
2007.12.24 01:20:58.747,1.1504,1.15095,0.50,8.00
2007.12.24 01:20:58.891,1.1504,1.15095,0.50,8.00
2007.12.24 01:20:59.033,1.1504,1.15095,0.50,8.00
2007.12.24 01:20:59.177,1.1504,1.15095,0.50,8.00
2007.12.24 01:20:59.319,1.1504,1.15095,0.50,8.00
2007.12.24 01:20:59.467,1.1504,1.15095,0.50,8.00
2007.12.24 01:20:59.614,1.1504,1.15095,0.50,8.00
2007.12.24 01:20:59.763,1.1504,1.15095,0.50,8.00
2007.12.24 01:20:59.910,1.1504,1.15095,0.50,8.00
2007.12.24 01:21:00.058,1.1504,1.15095,0.50,8.00
2007.12.24 01:21:00.205,1.1504,1.15095,0.50,8.00
2007.12.24 01:21:00.354,1.1504,1.15095,0.50,8.00
2007.12.24 01:21:00.487,1.1504,1.15095,0.50,8.00
2007.12.24 01:21:00.619,1.1504,1.15095,0.50,8.00
2007.12.24 01:21:00.753,1.1504,1.15095,0.50,8.00
2007.12.24 01:21:00.886,1.1504,1.15095,0.50,8.00
2007.12.24 01:21:01.017,1.1504,1.15095,0.50,8.00
2007.12.24 01:21:01.151,1.1504,1.15095,0.50,8.00
2007.12.24 01:21:01.283,1.1504,1.15095,0.50,8.00
2007.12.24 01:21:01.415,1.1504,1.15095,0.50,8.00
2007.12.24 01:21:01.578,1.1504,1.15095,0.50,8.00
2007.12.24 01:21:01.740,1.1504,1.15095,0.50,8.00
2007.12.24 01:21:01.903,1.1504,1.15095,0.50,8.00
2007.12.24 01:21:02.065,1.1504,1.15095,0.50,8.00
2007.12.24 01:21:02.229,1.1504,1.15095,0.50,8.00
2007.12.24 01:21:02.391,1.1504,1.15095,0.50,8.00
2007.12.24 01:21:02.554,1.1504,1.15095,0.50,8.00
2007.12.24 01:21:02.698,1.1504,1.15095,0.50,8.00
2007.12.24 01:21:02.840,1.1504,1.15095,0.50,8.00
2007.12.24 01:21:02.982,1.1504,1.15095,0.50,8.00
2007.12.24 01:21:03.125,1.1504,1.15095,0.50,8.00
2007.12.24 01:21:03.267,1.1504,1.15095,0.50,8.00
2007.12.24 01:21:03.411,1.1504,1.15095,0.50,8.00
2007.12.24 01:21:03.554,1.1504,1.15095,0.50,8.00
2007.12.24 01:21:03.681,1.1504,1.15095,0.50,8.00
2007.12.24 01:21:03.808,1.1504,1.15095,0.50,8.00
2007.12.24 01:21:03.937,1.1504,1.15095,0.50,8.00
2007.12.24 01:21:04.064,1.1504,1.15095,0.50,8.00
2007.12.24 01:21:04.191,1.1504,1.15095,0.50,8.00
2007.12.24 01:21:04.320,1.1504,1.15095,0.50,8.00
2007.12.24 01:21:04.447,1.1504,1.15095,0.50,8.00
2007.12.24 01:21:04.569,1.1504,1.15095,0.50,8.00
2007.12.24 01:21:04.696,1.1504,1.15095,0.50,8.00
2007.12.24 01:21:04.818,1.1504,1.15095,0.50,8.00
2007.12.24 01:21:04.940,1.1504,1.15095,0.50,8.00
2007.12.24 01:21:05.063,1.1504,1.15095,0.50,8.00
2007.12.24 01:21:05.186,1.1504,1.15095,0.50,8.00
2007.12.24 01:21:05.310,1.1504,1.15095,0.50,8.00
2007.12.24 01:21:05.432,1.1504,1.15095,0.50,8.00
2007.12.24 01:21:05.554,1.1504,1.15095,0.50,8.00
2007.12.24 01:21:05.686,1.1504,1.15095,0.50,8.00
2007.12.24 01:21:05.820,1.1504,1.15095,0.50,8.00
2007.12.24 01:21:05.952,1.1504,1.15095,0.50,8.00
2007.12.24 01:21:06.084,1.1504,1.15095,0.50,8.00
2007.12.24 01:21:06.218,1.1504,1.15095,0.50,8.00
2007.12.24 01:21:06.350,1.1504,1.15095,0.50,8.00
2007.12.24 01:21:06.482,1.1504,1.15095,0.50,8.00
2007.12.24 01:21:06.620,1.1504,1.15095,0.50,8.00
2007.12.24 01:21:06.757,1.1504,1.15095,0.50,8.00
2007.12.24 01:21:06.895,1.1504,1.15095,0.50,8.00
2007.12.24 01:21:07.045,1.1504,1.15095,0.50,8.00
2007.12.24 01:21:07.170,1.1504,1.15095,0.50,8.00
2007.12.24 01:21:07.307,1.1504,1.15095,0.50,8.00
2007.12.24 01:21:07.444,1.1504,1.15095,0.50,8.00
2007.12.24 01:21:07.582,1.1504,1.15095,0.50,8.00
2007.12.24 01:21:07.720,1.1504,1.15095,0.50,8.00
2007.12.24 01:21:07.870,1.1504,1.15095,0.50,8.00
2007.12.24 01:21:07.996,1.1504,1.15095,0.50,8.00
2007.12.24 01:21:08.135,1.1504,1.15095,0.50,8.00
2007.12.24 01:21:08.272,1.1504,1.15095,0.50,8.00
2007.12.24 01:21:08.409,1.1504,1.15095,0.50,8.00
2007.12.24 01:21:08.546,1.1504,1.15095,0.50,8.00
2007.12.24 01:21:08.684,1.1504,1.15095,0.50,8.00
2007.12.24 01:21:08.807,1.1504,1.15095,0.50,8.00
2007.12.24 01:21:08.930,1.1504,1.15095,0.50,8.00
2007.12.24 01:21:09.053,1.1504,1.15095,0.50,8.00
2007.12.24 01:21:09.174,1.1504,1.15095,0.50,8.00
2007.12.24 01:21:09.297,1.1504,1.15095,0.50,8.00
2007.12.24 01:21:09.419,1.1504,1.15095,0.50,8.00
2007.12.24 01:21:09.553,1.1504,1.15095,0.50,8.00
2007.12.24 01:21:09.675,1.1504,1.15095,0.50,8.00
2007.12.24 01:21:09.808,1.1504,1.15095,0.50,8.00
2007.12.24 01:21:09.941,1.1504,1.15095,0.50,8.00
2007.12.24 01:21:10.074,1.1504,1.15095,0.50,8.00
2007.12.24 01:21:10.206,1.1504,1.15095,0.50,8.00
2007.12.24 01:21:10.350,1.1504,1.15095,0.50,8.00
2007.12.24 01:21:10.470,1.1504,1.15095,0.50,8.00
2007.12.24 01:21:10.603,1.1504,1.15095,0.50,8.00
2007.12.24 01:21:10.735,1.1504,1.15095,0.50,8.00
2007.12.24 01:21:10.869,1.1504,1.15095,0.50,8.00
2007.12.24 01:21:11.001,1.1504,1.15095,0.50,8.00
2007.12.24 01:21:11.133,1.1504,1.15095,0.50,8.00
2007.12.24 01:21:11.267,1.1504,1.15095,0.50,8.00
2007.12.24 01:21:11.399,1.1504,1.15095,0.50,8.00
2007.12.24 01:21:11.531,1.1504,1.15095,0.50,8.00
2007.12.24 01:21:11.664,1.1504,1.15095,0.50,8.00
2007.12.24 01:21:11.786,1.1504,1.15095,0.50,8.00
2007.12.24 01:21:11.909,1.1504,1.15095,0.50,8.00
2007.12.24 01:21:12.033,1.1504,1.15095,0.50,8.00
2007.12.24 01:21:12.155,1.1504,1.15095,0.50,8.00
2007.12.24 01:21:12.279,1.1504,1.1508,0.50,0.50
2007.12.24 01:21:12.401,1.1504,1.1508,0.50,0.50
2007.12.24 01:21:12.523,1.1504,1.1508,0.50,0.50
2007.12.24 01:21:12.646,1.1504,1.1508,0.50,0.50
2007.12.24 01:21:12.804,1.1504,1.1508,0.50,0.50
2007.12.24 01:21:12.961,1.1504,1.1508,0.50,0.50
2007.12.24 01:21:13.118,1.1504,1.1508,0.50,0.50
2007.12.24 01:21:13.277,1.1504,1.1508,0.50,0.50
2007.12.24 01:21:13.434,1.1504,1.1508,0.50,0.50
2007.12.24 01:21:13.591,1.1504,1.1508,0.50,0.50
2007.12.24 01:21:13.750,1.1504,1.1508,0.50,0.50
2007.12.24 01:21:13.857,1.1504,1.1508,0.50,0.50
2007.12.24 01:21:13.964,1.1504,1.1508,0.50,0.50
2007.12.24 01:21:14.071,1.1504,1.1508,0.50,0.50
2007.12.24 01:21:14.179,1.1504,1.1508,0.50,0.50
2007.12.24 01:21:14.286,1.1504,1.1508,0.50,0.50
2007.12.24 01:21:14.393,1.1504,1.1508,0.50,0.50
2007.12.24 01:21:14.501,1.1504,1.1508,0.50,0.50
2007.12.24 01:21:14.609,1.1504,1.1508,0.50,0.50
2007.12.24 01:21:14.716,1.1504,1.1508,0.50,0.50
2007.12.24 01:21:14.869,1.1504,1.1508,0.50,0.50
2007.12.24 01:21:15.021,1.1504,1.1508,0.50,0.50
2007.12.24 01:21:15.174,1.1504,1.1508,0.50,0.50
2007.12.24 01:21:15.327,1.1504,1.1508,0.50,0.50
2007.12.24 01:21:15.480,1.1504,1.1508,0.50,0.50
2007.12.24 01:21:15.633,1.1504,1.1508,0.50,0.50
2007.12.24 01:21:15.786,1.1504,1.1508,0.50,0.50
2007.12.24 01:21:15.913,1.1504,1.1508,0.50,0.50
2007.12.24 01:21:16.041,1.1504,1.1508,0.50,0.50
2007.12.24 01:21:16.168,1.1504,1.1508,0.50,0.50
2007.12.24 01:21:16.296,1.1504,1.1508,0.50,0.50
2007.12.24 01:21:16.423,1.1504,1.1508,0.50,0.50
2007.12.24 01:21:16.551,1.1504,1.1508,0.50,0.50
2007.12.24 01:21:16.679,1.1504,1.1508,0.50,0.50
2007.12.24 01:21:16.806,1.1504,1.1508,0.50,0.50
2007.12.24 01:21:16.929,1.1504,1.1508,0.50,0.50
2007.12.24 01:21:17.051,1.1504,1.1508,0.50,0.50
2007.12.24 01:21:17.175,1.1504,1.1508,0.50,0.50
2007.12.24 01:21:17.297,1.1504,1.1508,0.50,0.50
2007.12.24 01:21:17.420,1.1504,1.1508,0.50,0.50
2007.12.24 01:21:17.542,1.1504,1.1508,0.50,0.50
2007.12.24 01:21:17.665,1.1504,1.1508,0.50,0.50
2007.12.24 01:21:17.787,1.1504,1.1508,0.50,0.50
2007.12.24 01:21:17.930,1.1504,1.1508,0.50,0.50
2007.12.24 01:21:18.072,1.1504,1.1508,0.50,0.50
2007.12.24 01:21:18.215,1.1504,1.1508,0.50,0.50
2007.12.24 01:21:18.358,1.1504,1.1508,0.50,0.50
2007.12.24 01:21:18.500,1.1504,1.1508,0.50,0.50
2007.12.24 01:21:18.642,1.1504,1.1508,0.50,0.50
2007.12.24 01:21:18.785,1.1504,1.1508,0.50,0.50
2007.12.24 01:21:18.928,1.1504,1.1508,0.50,0.50
2007.12.24 01:21:19.070,1.1504,1.1508,0.50,0.50
2007.12.24 01:21:19.213,1.1504,1.1508,0.50,0.50
2007.12.24 01:21:19.355,1.1504,1.1508,0.50,0.50
2007.12.24 01:21:19.497,1.1504,1.1508,0.50,0.50
2007.12.24 01:21:19.640,1.1504,1.1508,0.50,0.50
2007.12.24 01:21:19.782,1.1504,1.1508,0.50,0.50
2007.12.24 01:21:19.925,1.1504,1.1508,0.50,0.50
2007.12.24 01:21:20.043,1.1504,1.1508,0.50,0.50
2007.12.24 01:21:20.161,1.1504,1.1508,0.50,0.50
2007.12.24 01:21:20.278,1.1504,1.1508,0.50,0.50
2007.12.24 01:21:20.396,1.1504,1.1508,0.50,0.50
2007.12.24 01:21:20.513,1.1504,1.1508,0.50,0.50
2007.12.24 01:21:20.631,1.1504,1.1508,0.50,0.50
2007.12.24 01:21:20.748,1.1504,1.1508,0.50,0.50
2007.12.24 01:21:20.866,1.1504,1.1508,0.50,0.50
2007.12.24 01:21:20.998,1.1504,1.1508,0.50,0.50
2007.12.24 01:21:21.131,1.1504,1.1508,0.50,0.50
2007.12.24 01:21:21.264,1.1504,1.1508,0.50,0.50
2007.12.24 01:21:21.396,1.1504,1.1508,0.50,0.50
2007.12.24 01:21:21.529,1.1504,1.1508,0.50,0.50
2007.12.24 01:21:21.662,1.1504,1.1508,0.50,0.50
2007.12.24 01:21:21.794,1.1504,1.1508,0.50,0.50
2007.12.24 01:21:21.927,1.1504,1.1508,0.50,0.50
2007.12.24 01:21:22.011,1.1503,1.1508,8.10,0.50
2007.12.24 01:21:22.055,1.1503,1.1508,8.10,0.50
2007.12.24 01:21:22.182,1.1504,1.1508,0.50,0.50
2007.12.24 01:21:22.309,1.1503,1.1508,8.10,0.50
2007.12.24 01:21:22.437,1.1503,1.1508,8.10,0.50
2007.12.24 01:21:22.565,1.1504,1.1508,0.50,0.50
2007.12.24 01:21:22.692,1.1504,1.1508,0.50,0.50
2007.12.24 01:21:22.820,1.1503,1.1508,8.10,0.50
2007.12.24 01:21:22.948,1.1503,1.1508,8.10,0.50
2007.12.24 01:21:23.105,1.1504,1.1508,0.50,0.50
2007.12.24 01:21:23.262,1.1503,1.1508,8.10,0.50
2007.12.24 01:21:23.432,1.1503,1.1508,8.10,0.50
2007.12.24 01:21:23.578,1.1503,1.1508,8.10,0.50
2007.12.24 01:21:23.735,1.1504,1.1508,0.50,0.50
2007.12.24 01:21:23.892,1.1503,1.1508,8.10,0.50
2007.12.24 01:21:24.050,1.1503,1.1508,8.10,0.50
2007.12.24 01:21:24.187,1.1503,1.1508,8.10,0.50
2007.12.24 01:21:24.325,1.1503,1.1508,8.10,0.50
2007.12.24 01:21:24.463,1.1503,1.1508,8.10,0.50
2007.12.24 01:21:24.600,1.1503,1.1508,8.10,0.50
2007.12.24 01:21:24.738,1.1504,1.1508,0.50,0.50
2007.12.24 01:21:24.876,1.1503,1.1508,8.10,0.50
2007.12.24 01:21:25.014,1.1503,1.1508,8.10,0.50
2007.12.24 01:21:25.142,1.1503,1.1508,8.10,0.50
2007.12.24 01:21:25.270,1.1504,1.1508,0.50,0.50
2007.12.24 01:21:25.398,1.1503,1.1508,8.10,0.50
2007.12.24 01:21:25.526,1.1504,1.1508,0.50,0.50
2007.12.24 01:21:25.654,1.1504,1.1508,0.50,0.50
2007.12.24 01:21:25.781,1.1503,1.1508,8.10,0.50
2007.12.24 01:21:25.909,1.1504,1.1508,0.50,0.50
2007.12.24 01:21:26.037,1.1503,1.1508,8.10,0.50
2007.12.24 01:21:26.165,1.1503,1.1508,8.10,0.50
2007.12.24 01:21:26.292,1.1504,1.1508,0.50,0.50
2007.12.24 01:21:26.419,1.1503,1.1508,8.10,0.50
2007.12.24 01:21:26.547,1.1503,1.1508,8.10,0.50
2007.12.24 01:21:26.675,1.1503,1.1508,8.10,0.50
2007.12.24 01:21:26.802,1.1503,1.1508,8.10,0.50
2007.12.24 01:21:26.930,1.1504,1.1508,0.50,0.50
2007.12.24 01:21:27.057,1.1503,1.1508,8.10,0.50
2007.12.24 01:21:27.285,1.1504,1.1508,0.50,0.50
2007.12.24 01:21:27.512,1.1503,1.1508,8.10,0.50
2007.12.24 01:21:27.740,1.1503,1.1508,8.10,0.50
2007.12.24 01:21:27.967,1.1504,1.1508,0.50,0.50
2007.12.24 01:21:28.195,1.1503,1.1508,8.10,0.50
2007.12.24 01:21:28.298,1.1503,1.1508,8.10,0.50
2007.12.24 01:21:28.400,1.1503,1.1508,8.10,0.50
2007.12.24 01:21:28.503,1.1503,1.1508,8.10,0.50
2007.12.24 01:21:28.605,1.1503,1.1508,8.10,0.50
2007.12.24 01:21:28.708,1.1503,1.1508,8.10,0.50
2007.12.24 01:21:28.811,1.1504,1.1508,0.50,0.50
2007.12.24 01:21:28.913,1.1503,1.1508,8.10,0.50
2007.12.24 01:21:29.016,1.1504,1.1508,0.50,0.50
2007.12.24 01:21:29.119,1.1503,1.1508,8.10,0.50
2007.12.24 01:21:29.291,1.1504,1.1508,0.50,0.50
2007.12.24 01:21:29.464,1.1504,1.1508,0.50,0.50
2007.12.24 01:21:29.636,1.1503,1.1508,8.10,0.50
2007.12.24 01:21:29.808,1.1503,1.1508,8.10,0.50
2007.12.24 01:21:29.981,1.1504,1.1508,0.50,0.50
2007.12.24 01:21:30.154,1.1503,1.1508,8.10,0.50
2007.12.24 01:21:30.246,1.1503,1.1508,8.10,0.50
2007.12.24 01:21:30.339,1.1504,1.1508,0.50,0.50
2007.12.24 01:21:30.432,1.1503,1.1508,8.10,0.50
2007.12.24 01:21:30.524,1.1503,1.1508,8.10,0.50
2007.12.24 01:21:30.617,1.1503,1.1508,8.10,0.50
2007.12.24 01:21:30.709,1.1504,1.1508,0.50,0.50
2007.12.24 01:21:30.801,1.1503,1.1508,8.10,0.50
2007.12.24 01:21:30.894,1.1503,1.1508,8.10,0.50
2007.12.24 01:21:30.986,1.1504,1.1508,0.50,0.50
2007.12.24 01:21:31.078,1.1503,1.1508,8.10,0.50
2007.12.24 01:21:31.171,1.1503,1.1508,8.10,0.50
2007.12.24 01:21:31.328,1.1503,1.1508,8.10,0.50
2007.12.24 01:21:31.485,1.1503,1.1508,8.10,0.50
2007.12.24 01:21:31.643,1.1504,1.1508,0.50,0.50
2007.12.24 01:21:31.800,1.1503,1.1508,8.10,0.50
2007.12.24 01:21:31.958,1.1504,1.1508,0.50,0.50
2007.12.24 01:21:32.116,1.1503,1.1508,8.10,0.50
2007.12.24 01:21:32.273,1.1503,1.1508,8.10,0.50
2007.12.24 01:21:32.381,1.1504,1.1508,0.50,0.50
2007.12.24 01:21:32.488,1.1504,1.1508,0.50,0.50
2007.12.24 01:21:32.596,1.1503,1.1508,8.10,0.50
2007.12.24 01:21:32.703,1.1503,1.1508,8.10,0.50
2007.12.24 01:21:32.811,1.1504,1.1508,0.50,0.50
2007.12.24 01:21:32.919,1.1503,1.1508,8.10,0.50
2007.12.24 01:21:33.026,1.1503,1.1508,8.10,0.50
2007.12.24 01:21:33.134,1.1504,1.1508,0.50,0.50
2007.12.24 01:21:33.242,1.1503,1.1508,8.10,0.50
2007.12.24 01:21:33.380,1.1504,1.1508,0.50,0.50
2007.12.24 01:21:33.518,1.1503,1.1508,8.10,0.50
2007.12.24 01:21:33.654,1.1504,1.1508,0.50,0.50
2007.12.24 01:21:33.792,1.1503,1.1508,8.10,0.50
2007.12.24 01:21:33.931,1.1504,1.1508,0.50,0.50
2007.12.24 01:21:34.067,1.1503,1.1508,8.10,0.50
2007.12.24 01:21:34.205,1.1503,1.1508,8.10,0.50
2007.12.24 01:21:34.313,1.1503,1.1508,8.10,0.50
2007.12.24 01:21:34.421,1.1503,1.1508,8.10,0.50
2007.12.24 01:21:34.529,1.1503,1.1508,8.10,0.50
2007.12.24 01:21:34.636,1.1503,1.1508,8.10,0.50
2007.12.24 01:21:34.743,1.1504,1.1508,0.50,0.50
2007.12.24 01:21:34.851,1.1504,1.1508,0.50,0.50
2007.12.24 01:21:34.959,1.1503,1.1508,8.10,0.50
2007.12.24 01:21:35.067,1.1503,1.1508,8.10,0.50
2007.12.24 01:21:35.174,1.1504,1.1508,0.50,0.50
2007.12.24 01:21:35.317,1.1503,1.1508,8.10,0.50
2007.12.24 01:21:35.460,1.1503,1.1508,8.10,0.50
2007.12.24 01:21:35.602,1.1503,1.1508,8.10,0.50
2007.12.24 01:21:35.744,1.1504,1.1508,0.50,0.50
2007.12.24 01:21:35.887,1.1503,1.1508,8.10,0.50
2007.12.24 01:21:36.029,1.1504,1.1508,0.50,0.50
2007.12.24 01:21:36.172,1.1504,1.1508,0.50,0.50
2007.12.24 01:21:36.315,1.1504,1.1508,0.50,0.50
2007.12.24 01:21:36.427,1.1504,1.1508,0.50,0.50
2007.12.24 01:21:36.540,1.1504,1.1508,0.50,0.50
2007.12.24 01:21:36.653,1.1503,1.1508,8.10,0.50
2007.12.24 01:21:36.765,1.1503,1.1508,8.10,0.50
2007.12.24 01:21:36.878,1.1504,1.1508,0.50,0.50
2007.12.24 01:21:36.990,1.1503,1.1508,8.10,0.50
2007.12.24 01:21:37.103,1.1504,1.1508,0.50,0.50
2007.12.24 01:21:37.216,1.1503,1.1508,8.10,0.50
2007.12.24 01:21:37.363,1.1503,1.1508,8.10,0.50
2007.12.24 01:21:37.511,1.1503,1.1508,8.10,0.50
2007.12.24 01:21:37.658,1.1503,1.1508,8.10,0.50
2007.12.24 01:21:37.806,1.1503,1.1508,8.10,0.50
2007.12.24 01:21:37.954,1.1504,1.1508,0.50,0.50
2007.12.24 01:21:38.102,1.1503,1.1508,8.10,0.50
2007.12.24 01:21:38.249,1.1503,1.1508,8.10,0.50
2007.12.24 01:21:38.397,1.1503,1.1508,8.10,0.50
2007.12.24 01:21:38.509,1.1503,1.1508,8.10,0.50
2007.12.24 01:21:38.622,1.1503,1.1508,8.10,0.50
2007.12.24 01:21:38.735,1.1503,1.1508,8.10,0.50
2007.12.24 01:21:38.847,1.1503,1.1508,8.10,0.50
2007.12.24 01:21:38.960,1.1503,1.1508,8.10,0.50
2007.12.24 01:21:39.072,1.1504,1.1508,0.50,0.50
2007.12.24 01:21:39.185,1.1503,1.1508,8.10,0.50
2007.12.24 01:21:39.298,1.1504,1.1508,0.50,0.50
2007.12.24 01:21:39.410,1.1503,1.1508,8.10,0.50
2007.12.24 01:21:39.558,1.1503,1.1508,8.10,0.50
2007.12.24 01:21:39.705,1.1503,1.1508,8.10,0.50
2007.12.24 01:21:39.853,1.1503,1.1508,8.10,0.50
2007.12.24 01:21:40.000,1.1503,1.1508,8.10,0.50
2007.12.24 01:21:40.148,1.1504,1.1508,0.50,0.50
2007.12.24 01:21:40.296,1.1503,1.1508,8.10,0.50
2007.12.24 01:21:40.443,1.1504,1.1508,0.50,0.50
2007.12.24 01:21:40.551,1.1504,1.1508,0.50,0.50
2007.12.24 01:21:40.659,1.1504,1.1508,0.50,0.50
2007.12.24 01:21:40.766,1.1503,1.1508,8.10,0.50
2007.12.24 01:21:40.873,1.1503,1.1508,8.10,0.50
2007.12.24 01:21:40.982,1.1504,1.1508,0.50,0.50
2007.12.24 01:21:41.089,1.1503,1.1508,8.10,0.50
2007.12.24 01:21:41.197,1.1503,1.1508,8.10,0.50
2007.12.24 01:21:41.305,1.1504,1.1508,0.50,0.50
2007.12.24 01:21:41.412,1.1503,1.1508,8.10,0.50
2007.12.24 01:21:41.565,1.1503,1.1508,8.10,0.50
2007.12.24 01:21:41.718,1.1504,1.1508,0.50,0.50
2007.12.24 01:21:41.871,1.1504,1.1508,0.50,0.50
2007.12.24 01:21:42.024,1.1503,1.1508,8.10,0.50
2007.12.24 01:21:42.176,1.1504,1.1508,0.50,0.50
2007.12.24 01:21:42.328,1.1501,1.1509,10.00,8.00
2007.12.24 01:21:42.480,1.15025,1.1509,1.90,8.00
2007.12.24 01:21:42.583,1.15025,1.1509,0.70,8.00
2007.12.24 01:21:42.685,1.1501,1.1509,10.00,8.00
2007.12.24 01:21:42.787,1.1501,1.1509,10.00,8.00
2007.12.24 01:21:42.890,1.15025,1.1509,3.30,8.00
2007.12.24 01:21:42.993,1.1501,1.1509,10.00,8.00
2007.12.24 01:21:43.095,1.1501,1.1509,10.00,8.00
2007.12.24 01:21:43.198,1.1501,1.1509,10.00,8.00
2007.12.24 01:21:43.300,1.15025,1.1509,2.20,8.00
2007.12.24 01:21:43.403,1.1501,1.1509,10.00,8.00
2007.12.24 01:21:43.505,1.1501,1.1509,10.00,8.00
2007.12.24 01:21:43.642,1.15025,1.1509,1.00,8.00
2007.12.24 01:21:43.780,1.15025,1.1509,2.10,8.00
2007.12.24 01:21:43.918,1.15025,1.1509,3.90,8.00
2007.12.24 01:21:44.056,1.1501,1.1509,10.00,8.00
2007.12.24 01:21:44.193,1.1501,1.1509,10.00,8.00
2007.12.24 01:21:44.331,1.15025,1.1509,2.00,8.00
2007.12.24 01:21:44.468,1.1501,1.1509,10.00,8.00
2007.12.24 01:21:44.581,1.15025,1.1509,4.40,8.00
2007.12.24 01:21:44.693,1.15025,1.1509,4.20,8.00
2007.12.24 01:21:44.806,1.1501,1.1509,10.00,8.00
2007.12.24 01:21:44.918,1.1501,1.1509,10.00,8.00
2007.12.24 01:21:45.030,1.1501,1.1509,10.00,8.00
2007.12.24 01:21:45.142,1.1501,1.1509,10.00,8.00
2007.12.24 01:21:45.255,1.1501,1.1509,10.00,8.00
2007.12.24 01:21:45.368,1.1501,1.1509,10.00,8.00
2007.12.24 01:21:45.480,1.1501,1.1509,10.00,8.00
2007.12.24 01:21:45.593,1.1501,1.1509,10.00,8.00
2007.12.24 01:21:45.740,1.1501,1.1509,10.00,8.00
2007.12.24 01:21:45.887,1.1501,1.1509,10.00,8.00
2007.12.24 01:21:46.035,1.1501,1.1509,10.00,8.00
2007.12.24 01:21:46.182,1.1501,1.1509,10.00,8.00
2007.12.24 01:21:46.329,1.1501,1.1509,10.00,8.00
2007.12.24 01:21:46.489,1.1501,1.1509,10.00,8.00
2007.12.24 01:21:46.636,1.1501,1.1509,10.00,8.00
2007.12.24 01:21:46.748,1.15025,1.1509,3.70,8.00
2007.12.24 01:21:46.860,1.1501,1.1509,10.00,8.00
2007.12.24 01:21:46.973,1.1501,1.1509,10.00,8.00
2007.12.24 01:21:47.085,1.15025,1.1509,1.70,8.00
2007.12.24 01:21:47.197,1.15025,1.1509,3.00,8.00
2007.12.24 01:21:47.310,1.15025,1.1509,0.90,8.00
2007.12.24 01:21:47.422,1.15025,1.1509,1.10,8.00
2007.12.24 01:21:47.534,1.1501,1.1509,10.00,8.00
2007.12.24 01:21:47.646,1.1501,1.1509,10.00,8.00
2007.12.24 01:21:47.784,1.1501,1.1509,10.00,8.00
2007.12.24 01:21:47.921,1.15025,1.1509,2.80,8.00
2007.12.24 01:21:48.058,1.1501,1.1509,10.00,8.00
2007.12.24 01:21:48.196,1.15025,1.1509,0.50,8.00
2007.12.24 01:21:48.333,1.1501,1.1509,10.00,8.00
2007.12.24 01:21:48.470,1.15025,1.1509,3.20,8.00
2007.12.24 01:21:48.607,1.1501,1.1509,10.00,8.00
2007.12.24 01:21:48.730,1.1501,1.1509,10.00,8.00
2007.12.24 01:21:48.852,1.1501,1.1509,10.00,8.00
2007.12.24 01:21:48.974,1.15025,1.1509,1.60,8.00
2007.12.24 01:21:49.096,1.1501,1.1509,10.00,8.00
2007.12.24 01:21:49.219,1.1501,1.1509,10.00,8.00
2007.12.24 01:21:49.341,1.15025,1.1509,3.00,8.00
2007.12.24 01:21:49.476,1.1501,1.1509,10.00,8.00
2007.12.24 01:21:49.598,1.15025,1.1509,2.80,8.00
2007.12.24 01:21:49.721,1.15025,1.1509,2.30,8.00
2007.12.24 01:21:49.849,1.1501,1.1509,10.00,8.00
2007.12.24 01:21:49.976,1.15025,1.1509,0.50,8.00
2007.12.24 01:21:50.104,1.15025,1.1509,1.40,8.00
2007.12.24 01:21:50.231,1.1501,1.1509,10.00,8.00
2007.12.24 01:21:50.359,1.15025,1.1509,4.30,8.00
2007.12.24 01:21:50.486,1.1501,1.1509,10.00,8.00
2007.12.24 01:21:50.613,1.1501,1.1509,10.00,8.00
2007.12.24 01:21:50.741,1.15025,1.1509,2.50,8.00
2007.12.24 01:21:50.858,1.15025,1.1509,2.30,8.00
2007.12.24 01:21:50.975,1.15025,1.1509,3.00,8.00
2007.12.24 01:21:51.093,1.15025,1.1509,2.90,8.00
2007.12.24 01:21:51.210,1.1501,1.1509,10.00,8.00
2007.12.24 01:21:51.328,1.15025,1.1509,4.30,8.00
2007.12.24 01:21:51.445,1.1501,1.1509,10.00,8.00
2007.12.24 01:21:51.562,1.1501,1.1509,10.00,8.00
2007.12.24 01:21:51.680,1.1501,1.1509,10.00,8.00
2007.12.24 01:21:51.827,1.1501,1.1509,10.00,8.00
2007.12.24 01:21:51.974,1.1501,1.1509,10.00,8.00
2007.12.24 01:21:52.122,1.15025,1.1509,4.30,8.00
2007.12.24 01:21:52.270,1.15025,1.1509,1.80,8.00
2007.12.24 01:21:52.417,1.1501,1.1509,10.00,8.00
2007.12.24 01:21:52.565,1.15025,1.1509,4.00,8.00
2007.12.24 01:21:52.713,1.1501,1.1509,10.00,8.00
2007.12.24 01:21:52.825,1.1501,1.1509,10.00,8.00
2007.12.24 01:21:52.937,1.1501,1.1509,10.00,8.00
2007.12.24 01:21:53.050,1.15025,1.1509,4.10,8.00
2007.12.24 01:21:53.162,1.15025,1.1509,2.70,8.00
2007.12.24 01:21:53.274,1.1501,1.1509,10.00,8.00
2007.12.24 01:21:53.386,1.1501,1.1509,10.00,8.00
2007.12.24 01:21:53.499,1.1501,1.1509,10.00,8.00
2007.12.24 01:21:53.611,1.1501,1.1509,10.00,8.00
2007.12.24 01:21:53.723,1.15025,1.1509,1.60,8.00
2007.12.24 01:21:53.851,1.15025,1.1509,1.20,8.00
2007.12.24 01:21:53.979,1.1501,1.1509,10.00,8.00
2007.12.24 01:21:54.106,1.1501,1.1509,10.00,8.00
2007.12.24 01:21:54.234,1.15025,1.1509,3.50,8.00
2007.12.24 01:21:54.361,1.1501,1.1509,10.00,8.00
2007.12.24 01:21:54.489,1.15025,1.1509,0.60,8.00
2007.12.24 01:21:54.616,1.1501,1.1509,10.00,8.00
2007.12.24 01:21:54.743,1.1501,1.1509,10.00,8.00
2007.12.24 01:21:54.866,1.1501,1.1509,10.00,8.00
2007.12.24 01:21:54.988,1.15025,1.1509,0.80,8.00
2007.12.24 01:21:55.111,1.1501,1.1509,10.00,8.00
2007.12.24 01:21:55.233,1.1501,1.1509,10.00,8.00
2007.12.24 01:21:55.356,1.1501,1.1509,10.00,8.00
2007.12.24 01:21:55.478,1.1501,1.1509,10.00,8.00
2007.12.24 01:21:55.601,1.15025,1.1509,1.80,8.00
2007.12.24 01:21:55.723,1.1501,1.1509,10.00,8.00
2007.12.24 01:21:55.845,1.1501,1.1509,10.00,8.00
2007.12.24 01:21:55.973,1.1501,1.1509,10.00,8.00
2007.12.24 01:21:56.100,1.1501,1.1509,10.00,8.00
2007.12.24 01:21:56.227,1.1501,1.1509,10.00,8.00
2007.12.24 01:21:56.355,1.15025,1.1509,0.90,8.00
2007.12.24 01:21:56.482,1.15025,1.1509,3.70,8.00
2007.12.24 01:21:56.609,1.1501,1.1509,10.00,8.00
2007.12.24 01:21:56.737,1.1501,1.1509,10.00,8.00
2007.12.24 01:21:56.869,1.1501,1.1509,10.00,8.00
2007.12.24 01:21:57.002,1.15025,1.1509,1.80,8.00
2007.12.24 01:21:57.135,1.15025,1.1509,1.40,8.00
2007.12.24 01:21:57.267,1.1501,1.1509,10.00,8.00
2007.12.24 01:21:57.399,1.1501,1.1509,10.00,8.00
2007.12.24 01:21:57.531,1.15025,1.1509,1.20,8.00
2007.12.24 01:21:57.664,1.15025,1.1509,1.70,8.00
2007.12.24 01:21:57.796,1.1501,1.1509,10.00,8.00
2007.12.24 01:21:57.913,1.1501,1.1509,10.00,8.00
2007.12.24 01:21:58.031,1.15025,1.1509,3.80,8.00
2007.12.24 01:21:58.148,1.1501,1.1509,10.00,8.00
2007.12.24 01:21:58.265,1.15025,1.1509,3.30,8.00
2007.12.24 01:21:58.383,1.15025,1.1509,1.70,8.00
2007.12.24 01:21:58.500,1.1501,1.1509,10.00,8.00
2007.12.24 01:21:58.617,1.15025,1.1509,1.70,8.00
2007.12.24 01:21:58.735,1.1501,1.1509,10.00,8.00
2007.12.24 01:21:58.852,1.1501,1.1509,10.00,8.00
2007.12.24 01:21:58.979,1.15025,1.1509,3.90,8.00
2007.12.24 01:21:59.106,1.15025,1.1509,3.10,8.00
2007.12.24 01:21:59.234,1.1501,1.1509,10.00,8.00
2007.12.24 01:21:59.361,1.1501,1.1509,10.00,8.00
2007.12.24 01:21:59.488,1.1501,1.1509,10.00,8.00
2007.12.24 01:21:59.615,1.1501,1.1509,10.00,8.00
2007.12.24 01:21:59.743,1.1501,1.1509,10.00,8.00
2007.12.24 01:21:59.861,1.1501,1.1509,10.00,8.00
2007.12.24 01:21:59.978,1.15025,1.1509,3.20,8.00
2007.12.24 01:22:00.096,1.1501,1.1509,10.00,8.00
2007.12.24 01:22:00.213,1.1501,1.1509,10.00,8.00
2007.12.24 01:22:00.331,1.15025,1.1509,1.90,8.00
2007.12.24 01:22:00.448,1.15025,1.1509,3.10,8.00
2007.12.24 01:22:00.566,1.15025,1.1509,0.70,8.00
2007.12.24 01:22:00.683,1.1501,1.1509,10.00,8.00
2007.12.24 01:22:00.801,1.1501,1.1509,10.00,8.00
2007.12.24 01:22:00.928,1.1501,1.1509,10.00,8.00
2007.12.24 01:22:01.056,1.1501,1.1509,10.00,8.00
2007.12.24 01:22:01.183,1.15025,1.1509,2.30,8.00
2007.12.24 01:22:01.311,1.1501,1.1509,10.00,8.00
2007.12.24 01:22:01.438,1.1501,1.1509,10.00,8.00
2007.12.24 01:22:01.566,1.15025,1.1509,3.20,8.00
2007.12.24 01:22:01.693,1.15025,1.1509,4.00,8.00
2007.12.24 01:22:01.821,1.15025,1.1509,0.70,8.00
2007.12.24 01:22:01.938,1.1501,1.1509,10.00,8.00
2007.12.24 01:22:02.055,1.1501,1.1509,10.00,8.00
2007.12.24 01:22:02.173,1.1501,1.1509,10.00,8.00
2007.12.24 01:22:02.290,1.15025,1.1509,1.60,8.00
2007.12.24 01:22:02.407,1.1501,1.1509,10.00,8.00
2007.12.24 01:22:02.525,1.1501,1.1509,10.00,8.00
2007.12.24 01:22:02.642,1.15025,1.1509,2.40,8.00
2007.12.24 01:22:02.759,1.1501,1.1509,10.00,8.00
2007.12.24 01:22:02.877,1.15025,1.1509,1.50,8.00
2007.12.24 01:22:03.004,1.1501,1.1509,10.00,8.00
2007.12.24 01:22:03.132,1.15025,1.1509,2.40,8.00
2007.12.24 01:22:03.259,1.1501,1.1509,10.00,8.00
2007.12.24 01:22:03.386,1.15025,1.1509,1.60,8.00
2007.12.24 01:22:03.514,1.1501,1.1509,10.00,8.00
2007.12.24 01:22:03.641,1.1501,1.1509,10.00,8.00
2007.12.24 01:22:03.768,1.1501,1.1509,10.00,8.00
2007.12.24 01:22:03.896,1.1501,1.1509,10.00,8.00
2007.12.24 01:22:04.013,1.1501,1.1509,10.00,8.00
2007.12.24 01:22:04.130,1.1501,1.1509,10.00,8.00
2007.12.24 01:22:04.260,1.15025,1.1509,1.10,8.00
2007.12.24 01:22:04.365,1.1501,1.1509,10.00,8.00
2007.12.24 01:22:04.483,1.15025,1.1509,3.30,8.00
2007.12.24 01:22:04.601,1.1501,1.1509,10.00,8.00
2007.12.24 01:22:04.718,1.1501,1.1509,10.00,8.00
2007.12.24 01:22:04.835,1.1501,1.1509,10.00,8.00
2007.12.24 01:22:04.952,1.1501,1.1509,10.00,8.00
2007.12.24 01:22:05.069,1.1501,1.1509,10.00,8.00
2007.12.24 01:22:05.207,1.1501,1.1509,10.00,8.00
2007.12.24 01:22:05.344,1.15025,1.1509,0.90,8.00
2007.12.24 01:22:05.481,1.1501,1.1509,10.00,8.00
2007.12.24 01:22:05.618,1.15025,1.1509,3.90,8.00
2007.12.24 01:22:05.756,1.15025,1.1509,0.90,8.00
2007.12.24 01:22:05.894,1.1501,1.1509,10.00,8.00
2007.12.24 01:22:06.032,1.1501,1.1509,10.00,8.00
2007.12.24 01:22:06.169,1.1501,1.1509,10.00,8.00
2007.12.24 01:22:06.291,1.1501,1.1509,10.00,8.00
2007.12.24 01:22:06.413,1.15025,1.1509,2.10,8.00
2007.12.24 01:22:06.536,1.1501,1.1509,10.00,8.00
2007.12.24 01:22:06.658,1.1501,1.1509,10.00,8.00
2007.12.24 01:22:06.780,1.1501,1.1509,10.00,8.00
2007.12.24 01:22:06.902,1.1501,1.1509,10.00,8.00
2007.12.24 01:22:07.025,1.15025,1.1509,1.90,8.00
2007.12.24 01:22:07.148,1.15005,1.1509,8.40,8.00
2007.12.24 01:22:07.316,1.1502,1.15085,2.10,8.00
2007.12.24 01:22:07.485,1.1503,1.1508,5.70,5.20
2007.12.24 01:22:07.652,1.1504,1.1508,0.50,5.20
2007.12.24 01:22:07.832,1.1504,1.1508,0.50,5.20
2007.12.24 01:22:07.988,1.1504,1.1508,0.50,5.20
2007.12.24 01:22:08.155,1.1504,1.1508,0.50,5.20
2007.12.24 01:22:08.299,1.1504,1.1508,0.50,5.20
2007.12.24 01:22:08.441,1.1503,1.1508,5.70,5.20
2007.12.24 01:22:08.583,1.1503,1.1508,5.70,5.20
2007.12.24 01:22:08.726,1.1504,1.1508,0.50,5.20
2007.12.24 01:22:08.869,1.1504,1.1508,0.50,5.20
2007.12.24 01:22:09.011,1.1504,1.1508,0.50,5.20
2007.12.24 01:22:09.155,1.1504,1.1508,0.50,5.20
2007.12.24 01:22:09.267,1.1504,1.1508,0.50,5.20
2007.12.24 01:22:09.379,1.1503,1.1508,5.70,5.20
2007.12.24 01:22:09.492,1.1504,1.1508,0.50,5.20
2007.12.24 01:22:09.604,1.1503,1.1508,5.70,5.20
2007.12.24 01:22:09.717,1.1504,1.1508,0.50,5.20
2007.12.24 01:22:09.830,1.1503,1.1508,5.70,5.20
2007.12.24 01:22:09.942,1.1503,1.1508,5.70,5.20
2007.12.24 01:22:10.055,1.1503,1.1508,5.70,5.20
2007.12.24 01:22:10.168,1.1503,1.1508,5.70,5.20
2007.12.24 01:22:10.295,1.1504,1.1508,0.50,5.20
2007.12.24 01:22:10.423,1.1504,1.1508,0.50,5.20
2007.12.24 01:22:10.550,1.1504,1.1508,0.50,5.20
2007.12.24 01:22:10.678,1.1504,1.1508,0.50,5.20
2007.12.24 01:22:10.806,1.1503,1.1508,5.70,5.20
2007.12.24 01:22:10.933,1.1504,1.1508,0.50,5.20
2007.12.24 01:22:11.062,1.1503,1.1508,5.70,5.20
2007.12.24 01:22:11.189,1.1503,1.1508,5.70,5.20
2007.12.24 01:22:11.306,1.1503,1.1508,5.70,5.20
2007.12.24 01:22:11.424,1.1503,1.1508,5.70,5.20
2007.12.24 01:22:11.542,1.1504,1.1508,0.50,5.20
2007.12.24 01:22:11.660,1.1503,1.1508,5.70,13.20
2007.12.24 01:22:11.777,1.1503,1.1508,5.70,13.20
2007.12.24 01:22:11.894,1.1504,1.1508,0.50,13.20
2007.12.24 01:22:12.012,1.1503,1.1507,0.50,1.20
2007.12.24 01:22:12.131,1.1503,1.1507,0.50,1.20
2007.12.24 01:22:12.258,1.1503,1.1507,0.50,1.20
2007.12.24 01:22:12.490,1.1503,1.1507,0.50,5.20
2007.12.24 01:22:12.724,1.1503,1.1507,0.50,5.20
2007.12.24 01:22:12.956,1.1503,1.1507,0.50,5.20
2007.12.24 01:22:13.189,1.1503,1.1507,0.50,5.20
2007.12.24 01:22:13.341,1.1503,1.1507,0.50,5.20
2007.12.24 01:22:13.493,1.1503,1.1507,0.50,5.20
2007.12.24 01:22:13.647,1.1503,1.1507,0.50,4.40
2007.12.24 01:22:13.799,1.1503,1.1507,0.50,4.40
2007.12.24 01:22:13.951,1.1503,1.1507,0.50,4.40
2007.12.24 01:22:14.103,1.1503,1.1507,0.50,4.40
2007.12.24 01:22:14.256,1.1503,1.1507,0.50,4.40
2007.12.24 01:22:14.389,1.1503,1.1507,0.50,4.40
2007.12.24 01:22:14.521,1.1503,1.1507,0.50,4.40
2007.12.24 01:22:14.653,1.1503,1.1507,0.50,4.40
2007.12.24 01:22:14.786,1.1503,1.1507,0.50,4.40
2007.12.24 01:22:14.919,1.1503,1.1507,0.50,4.40
2007.12.24 01:22:15.051,1.1503,1.1507,0.50,4.40
2007.12.24 01:22:15.183,1.1503,1.1507,0.50,4.40
2007.12.24 01:22:15.317,1.1503,1.1507,0.50,4.40
2007.12.24 01:22:15.554,1.1503,1.1507,0.50,4.40
2007.12.24 01:22:15.791,1.1503,1.1507,0.50,4.40
2007.12.24 01:22:16.029,1.1503,1.1507,0.50,4.40
2007.12.24 01:22:16.267,1.1503,1.1507,0.50,4.40
2007.12.24 01:22:16.399,1.1503,1.1507,0.50,4.40
2007.12.24 01:22:16.532,1.1503,1.1507,0.50,4.40
2007.12.24 01:22:16.665,1.1503,1.1507,0.50,4.40
2007.12.24 01:22:16.797,1.1503,1.1507,0.50,4.40
2007.12.24 01:22:16.930,1.1503,1.1507,0.50,4.40
2007.12.24 01:22:17.062,1.1503,1.1507,0.50,4.40
2007.12.24 01:22:17.195,1.1503,1.1507,0.50,4.40
2007.12.24 01:22:17.327,1.1503,1.1507,0.50,4.40
2007.12.24 01:22:17.511,1.1503,1.1507,0.50,4.40
2007.12.24 01:22:17.693,1.1503,1.1507,0.50,4.40
2007.12.24 01:22:17.876,1.1503,1.1507,0.50,4.40
2007.12.24 01:22:18.058,1.1503,1.1507,0.50,4.40
2007.12.24 01:22:18.241,1.1503,1.1507,0.50,4.40
2007.12.24 01:22:18.436,1.1503,1.1507,0.50,4.40
2007.12.24 01:22:18.598,1.1503,1.1507,0.50,4.40
2007.12.24 01:22:18.761,1.1503,1.1507,0.50,4.40
2007.12.24 01:22:18.925,1.1503,1.1507,0.50,4.40
2007.12.24 01:22:19.087,1.1503,1.1507,0.50,4.40
2007.12.24 01:22:19.249,1.1503,1.1507,0.50,4.40
2007.12.24 01:22:19.412,1.1503,1.1507,0.50,4.40
2007.12.24 01:22:19.600,1.1503,1.1507,0.50,4.40
2007.12.24 01:22:19.789,1.1503,1.1507,0.50,4.40
2007.12.24 01:22:19.976,1.1503,1.1507,0.50,4.40
2007.12.24 01:22:20.163,1.1503,1.1507,0.50,4.40
2007.12.24 01:22:20.351,1.1503,1.1507,0.50,4.40
2007.12.24 01:22:20.449,1.1503,1.1507,0.50,4.40
2007.12.24 01:22:20.559,1.1503,1.1507,0.50,4.40
2007.12.24 01:22:20.643,1.1503,1.1507,0.50,4.40
2007.12.24 01:22:20.741,1.1503,1.1507,0.50,4.40
2007.12.24 01:22:20.839,1.1503,1.1507,0.50,4.40
2007.12.24 01:22:20.936,1.1503,1.1507,0.50,4.40
2007.12.24 01:22:21.033,1.1503,1.1507,0.50,4.40
2007.12.24 01:22:21.131,1.1503,1.1507,0.50,4.40
2007.12.24 01:22:21.229,1.1503,1.1507,0.50,4.40
2007.12.24 01:22:21.326,1.1503,1.1507,0.50,4.40
2007.12.24 01:22:21.424,1.1503,1.1507,0.50,4.40
2007.12.24 01:22:21.616,1.1503,1.1507,0.50,4.40
2007.12.24 01:22:21.809,1.1503,1.1507,0.50,4.40
2007.12.24 01:22:22.002,1.1503,1.1507,0.50,4.40
2007.12.24 01:22:22.194,1.1503,1.1507,0.50,4.40
2007.12.24 01:22:22.386,1.1503,1.1507,0.50,4.40
2007.12.24 01:22:22.580,1.1503,1.1507,0.50,4.40
2007.12.24 01:22:22.704,1.1503,1.1507,0.50,4.40
2007.12.24 01:22:22.827,1.1503,1.1507,0.50,4.40
2007.12.24 01:22:22.949,1.1503,1.1507,0.50,4.40
2007.12.24 01:22:23.072,1.1503,1.1507,0.50,4.40
2007.12.24 01:22:23.194,1.1503,1.1507,0.50,4.40
2007.12.24 01:22:23.317,1.1503,1.1507,0.50,4.40
2007.12.24 01:22:23.440,1.1503,1.1507,0.50,4.40
2007.12.24 01:22:23.603,1.1503,1.1507,0.50,4.40
2007.12.24 01:22:23.765,1.1503,1.1507,0.50,4.40
2007.12.24 01:22:23.928,1.1503,1.1507,0.50,4.40
2007.12.24 01:22:24.090,1.1503,1.1507,0.50,4.40
2007.12.24 01:22:24.260,1.1503,1.1507,0.50,4.40
2007.12.24 01:22:24.422,1.1503,1.1507,0.50,4.40
2007.12.24 01:22:24.585,1.1503,1.1507,0.50,4.40
2007.12.24 01:22:24.713,1.1503,1.1507,0.50,4.40
2007.12.24 01:22:24.841,1.1503,1.1507,0.50,4.40
2007.12.24 01:22:24.968,1.1503,1.1507,0.50,4.40
2007.12.24 01:22:25.096,1.1503,1.1507,0.50,4.40
2007.12.24 01:22:25.224,1.1503,1.1507,0.50,4.40
2007.12.24 01:22:25.352,1.1503,1.1507,0.50,4.40
2007.12.24 01:22:25.479,1.1503,1.1507,0.50,4.40
2007.12.24 01:22:25.637,1.1503,1.1507,0.50,4.40
2007.12.24 01:22:25.795,1.1503,1.1507,0.50,4.40
2007.12.24 01:22:25.953,1.1503,1.1507,0.50,4.40
2007.12.24 01:22:26.111,1.1503,1.1507,0.50,4.40
2007.12.24 01:22:26.269,1.1503,1.1507,0.50,4.40
2007.12.24 01:22:26.426,1.1503,1.1507,0.50,4.40
2007.12.24 01:22:26.584,1.1503,1.1507,0.50,4.40
2007.12.24 01:22:26.686,1.1503,1.1507,0.50,4.40
2007.12.24 01:22:26.789,1.1503,1.1507,0.50,4.40
2007.12.24 01:22:26.892,1.1503,1.1507,0.50,4.40
2007.12.24 01:22:26.994,1.1503,1.1507,0.50,4.40
2007.12.24 01:22:27.097,1.1503,1.1507,0.50,4.40
2007.12.24 01:22:27.199,1.1503,1.1507,0.50,4.40
2007.12.24 01:22:27.302,1.1503,1.1507,0.50,4.40
2007.12.24 01:22:27.405,1.1503,1.1507,0.50,4.40
2007.12.24 01:22:27.507,1.1503,1.1507,0.50,4.40
2007.12.24 01:22:27.609,1.1503,1.1507,0.50,4.40
2007.12.24 01:22:27.793,1.1503,1.1507,0.50,4.40
2007.12.24 01:22:27.975,1.1503,1.1507,0.50,4.40
2007.12.24 01:22:28.158,1.1503,1.1507,0.50,4.40
2007.12.24 01:22:28.340,1.1503,1.1507,0.50,4.40
2007.12.24 01:22:28.523,1.1503,1.1507,0.50,4.40
2007.12.24 01:22:28.706,1.1503,1.1507,0.50,4.40
2007.12.24 01:22:28.829,1.1503,1.1507,0.50,4.40
2007.12.24 01:22:28.951,1.1503,1.1507,0.50,4.40
2007.12.24 01:22:29.074,1.1503,1.1507,0.50,4.40
2007.12.24 01:22:29.197,1.1503,1.1507,0.50,4.40
2007.12.24 01:22:29.319,1.1504,1.1507,0.50,4.00
2007.12.24 01:22:29.442,1.1504,1.1507,0.50,4.00
2007.12.24 01:22:29.576,1.1504,1.1507,0.50,4.00
2007.12.24 01:22:29.780,1.1504,1.1507,0.50,4.00
2007.12.24 01:22:29.982,1.1504,1.1508,0.50,12.40
2007.12.24 01:22:30.197,1.1504,1.1508,0.50,12.40
2007.12.24 01:22:30.387,1.1504,1.1508,0.50,12.40
2007.12.24 01:22:30.590,1.1504,1.1508,0.50,12.40
2007.12.24 01:22:30.737,1.1504,1.1508,0.50,12.40
2007.12.24 01:22:30.885,1.1504,1.1508,0.50,12.40
2007.12.24 01:22:31.033,1.1504,1.1508,0.50,12.40
2007.12.24 01:22:31.180,1.1504,1.1508,0.50,12.40
2007.12.24 01:22:31.328,1.1504,1.1508,0.50,12.40
2007.12.24 01:22:31.475,1.1504,1.1508,0.50,12.40
2007.12.24 01:22:31.623,1.1504,1.1508,0.50,12.40
2007.12.24 01:22:31.825,1.1504,1.1508,0.50,12.40
2007.12.24 01:22:32.028,1.1504,1.1508,0.50,12.40
2007.12.24 01:22:32.230,1.1504,1.1508,0.50,12.40
2007.12.24 01:22:32.434,1.1504,1.1508,0.50,4.40
2007.12.24 01:22:32.637,1.1504,1.1508,0.50,4.40
2007.12.24 01:22:32.840,1.1503,1.1508,4.40,4.40
2007.12.24 01:22:32.967,1.1503,1.1508,0.50,12.40
2007.12.24 01:22:33.095,1.1503,1.1508,0.50,12.40
2007.12.24 01:22:33.223,1.1503,1.1508,0.50,12.40
2007.12.24 01:22:33.350,1.1503,1.1508,0.50,12.40
2007.12.24 01:22:33.478,1.1503,1.1508,0.50,12.40
2007.12.24 01:22:33.605,1.1503,1.1508,0.50,12.40
2007.12.24 01:22:33.733,1.1503,1.1508,0.50,12.40
2007.12.24 01:22:33.970,1.1503,1.1508,0.50,12.40
2007.12.24 01:22:34.207,1.1503,1.1508,0.50,12.40
2007.12.24 01:22:34.445,1.1503,1.1508,0.50,12.40
2007.12.24 01:22:34.683,1.1503,1.1508,0.50,12.40
2007.12.24 01:22:34.794,1.1503,1.1508,0.50,12.40
2007.12.24 01:22:34.879,1.1503,1.1508,0.50,12.40
2007.12.24 01:22:34.976,1.1503,1.1508,0.50,12.40
2007.12.24 01:22:35.074,1.1503,1.1508,0.50,12.40
2007.12.24 01:22:35.171,1.1503,1.1508,0.50,12.40
2007.12.24 01:22:35.269,1.1503,1.1508,0.50,12.40
2007.12.24 01:22:35.374,1.1503,1.1508,0.50,12.40
2007.12.24 01:22:35.472,1.1503,1.1508,0.50,12.40
2007.12.24 01:22:35.570,1.1503,1.1508,0.50,12.40
2007.12.24 01:22:35.668,1.1503,1.1508,0.50,12.40
2007.12.24 01:22:35.851,1.1503,1.1508,0.50,12.40
2007.12.24 01:22:36.033,1.1503,1.1508,0.50,12.40
2007.12.24 01:22:36.216,1.1503,1.1508,0.50,12.40
2007.12.24 01:22:36.399,1.1503,1.1508,0.50,12.40
2007.12.24 01:22:36.581,1.1503,1.1508,0.50,12.40
2007.12.24 01:22:36.763,1.1503,1.1508,0.50,12.40
2007.12.24 01:22:36.876,1.1503,1.1508,0.50,12.40
2007.12.24 01:22:36.989,1.1503,1.1508,0.50,12.40
2007.12.24 01:22:37.101,1.1503,1.1508,0.50,12.40
2007.12.24 01:22:37.214,1.1503,1.1508,0.50,12.40
2007.12.24 01:22:37.327,1.1503,1.1508,0.50,12.40
2007.12.24 01:22:37.451,1.1503,1.1508,0.50,12.40
2007.12.24 01:22:37.563,1.1503,1.1508,0.50,12.40
2007.12.24 01:22:37.675,1.1503,1.1508,0.50,12.40
2007.12.24 01:22:37.787,1.1503,1.1508,0.50,12.40
2007.12.24 01:22:38.000,1.1503,1.1508,0.50,12.40
2007.12.24 01:22:38.212,1.1503,1.1508,0.50,12.40
2007.12.24 01:22:38.425,1.1503,1.1508,0.50,12.40
2007.12.24 01:22:38.638,1.1503,1.1508,0.50,12.40
2007.12.24 01:22:38.850,1.1503,1.1508,0.50,12.40
2007.12.24 01:22:38.952,1.1503,1.1508,0.50,12.40
2007.12.24 01:22:39.056,1.1503,1.1508,0.50,12.40
2007.12.24 01:22:39.158,1.1503,1.1508,0.50,12.40
2007.12.24 01:22:39.261,1.1503,1.1508,0.50,12.40
2007.12.24 01:22:39.364,1.1503,1.1508,0.50,12.40
2007.12.24 01:22:39.466,1.1503,1.1508,0.50,12.40
2007.12.24 01:22:39.569,1.1503,1.1508,0.50,12.40
2007.12.24 01:22:39.672,1.1503,1.1508,0.50,12.40
2007.12.24 01:22:39.774,1.1503,1.1508,0.50,12.40
2007.12.24 01:22:39.876,1.1503,1.1508,0.50,12.40
2007.12.24 01:22:40.035,1.1503,1.1508,0.50,12.40
2007.12.24 01:22:40.192,1.1503,1.1508,0.50,12.40
2007.12.24 01:22:40.350,1.1503,1.1508,0.50,12.40
2007.12.24 01:22:40.507,1.1503,1.1508,0.50,12.40
2007.12.24 01:22:40.664,1.1503,1.1508,0.50,12.40
2007.12.24 01:22:40.823,1.1503,1.1508,0.50,12.40
2007.12.24 01:22:40.981,1.1503,1.1508,0.50,12.40
2007.12.24 01:22:41.088,1.1503,1.1508,0.50,12.40
2007.12.24 01:22:41.195,1.1503,1.1508,0.50,12.40
2007.12.24 01:22:41.314,1.1503,1.1508,0.50,12.40
2007.12.24 01:22:41.422,1.1503,1.1508,0.50,12.40
2007.12.24 01:22:41.530,1.1503,1.1508,0.50,12.40
2007.12.24 01:22:41.638,1.1503,1.1508,0.50,12.40
2007.12.24 01:22:41.745,1.1503,1.1508,0.50,12.40
2007.12.24 01:22:41.853,1.1503,1.1508,0.50,12.40
2007.12.24 01:22:41.959,1.1503,1.1508,0.50,12.40
2007.12.24 01:22:42.103,1.1503,1.1508,0.50,12.40
2007.12.24 01:22:42.245,1.1503,1.1508,0.50,12.40
2007.12.24 01:22:42.388,1.1503,1.1508,0.50,12.40
2007.12.24 01:22:42.531,1.1503,1.1508,0.50,12.40
2007.12.24 01:22:42.674,1.1503,1.1508,0.50,12.40
2007.12.24 01:22:42.828,1.1503,1.1508,0.50,12.40
2007.12.24 01:22:42.959,1.1503,1.1508,0.50,12.40
2007.12.24 01:22:43.091,1.1503,1.1508,0.50,12.40
2007.12.24 01:22:43.223,1.1503,1.1508,0.50,12.40
2007.12.24 01:22:43.356,1.1503,1.1508,0.50,12.40
2007.12.24 01:22:43.488,1.1503,1.1508,0.50,12.40
2007.12.24 01:22:43.621,1.1503,1.1508,0.50,12.40
2007.12.24 01:22:43.754,1.1503,1.1508,0.50,12.40
2007.12.24 01:22:43.887,1.1503,1.1508,0.50,12.40
2007.12.24 01:22:44.019,1.1503,1.1508,0.50,12.40
2007.12.24 01:22:44.157,1.1503,1.1508,0.50,12.40
2007.12.24 01:22:44.199,1.1503,1.1509,0.50,13.60
2007.12.24 01:22:44.295,1.1503,1.1509,0.50,13.60
2007.12.24 01:22:44.432,1.1503,1.1509,0.50,13.60
2007.12.24 01:22:44.570,1.1503,1.1508,0.50,0.90
2007.12.24 01:22:44.707,1.1503,1.1509,0.50,13.60
2007.12.24 01:22:44.845,1.1503,1.1508,0.50,0.90
2007.12.24 01:22:44.982,1.1503,1.1508,0.50,0.70
2007.12.24 01:22:45.096,1.1503,1.1508,0.50,0.70
2007.12.24 01:22:45.208,1.1503,1.1509,0.50,13.60
2007.12.24 01:22:45.321,1.1503,1.1508,0.50,0.90
2007.12.24 01:22:45.434,1.1503,1.1508,0.50,0.70
2007.12.24 01:22:45.546,1.1503,1.1509,0.50,13.60
2007.12.24 01:22:45.658,1.1503,1.1509,0.50,13.60
2007.12.24 01:22:45.772,1.1503,1.1508,0.50,0.50
2007.12.24 01:22:45.884,1.1503,1.1509,0.50,13.60
2007.12.24 01:22:45.996,1.1503,1.1509,0.50,13.60
2007.12.24 01:22:46.130,1.1503,1.1509,0.50,13.60
2007.12.24 01:22:46.262,1.1503,1.1509,0.50,13.60
2007.12.24 01:22:46.395,1.1503,1.1508,0.50,0.80
2007.12.24 01:22:46.527,1.1503,1.1508,0.50,0.60
2007.12.24 01:22:46.659,1.1503,1.1508,0.50,0.70
2007.12.24 01:22:46.793,1.1503,1.1509,0.50,13.60
2007.12.24 01:22:46.925,1.1503,1.1508,0.50,0.70
2007.12.24 01:22:47.057,1.1503,1.1508,0.50,0.90
2007.12.24 01:22:47.171,1.1503,1.1509,0.50,13.60
2007.12.24 01:22:47.284,1.1503,1.1509,0.50,13.60
2007.12.24 01:22:47.396,1.1503,1.1508,0.50,0.70
2007.12.24 01:22:47.508,1.1503,1.1508,0.50,0.50
2007.12.24 01:22:47.620,1.1503,1.1509,0.50,13.60
2007.12.24 01:22:47.734,1.1503,1.1508,0.50,0.70
2007.12.24 01:22:47.846,1.1503,1.1508,0.50,0.90
2007.12.24 01:22:47.958,1.1503,1.1509,0.50,13.60
2007.12.24 01:22:48.072,1.1503,1.1508,0.50,0.50
2007.12.24 01:22:48.209,1.1503,1.1509,0.50,13.60
2007.12.24 01:22:48.347,1.1503,1.1508,0.50,0.60
2007.12.24 01:22:48.484,1.1503,1.1509,0.50,13.60
2007.12.24 01:22:48.621,1.1503,1.1508,0.50,0.50
2007.12.24 01:22:48.760,1.1503,1.1509,0.50,13.60
2007.12.24 01:22:48.897,1.1503,1.1508,0.50,0.50
2007.12.24 01:22:49.034,1.1503,1.1508,0.50,0.50
2007.12.24 01:22:49.173,1.1503,1.1508,0.50,0.50
2007.12.24 01:22:49.285,1.1503,1.1509,0.50,13.60
2007.12.24 01:22:49.397,1.1503,1.1509,0.50,13.60
2007.12.24 01:22:49.509,1.1503,1.1509,0.50,13.60
2007.12.24 01:22:49.623,1.1503,1.1508,0.50,0.80
2007.12.24 01:22:49.736,1.1503,1.1509,0.50,13.60
2007.12.24 01:22:49.848,1.1503,1.1508,0.50,0.80
2007.12.24 01:22:49.960,1.1503,1.1509,0.50,13.60
2007.12.24 01:22:50.074,1.1503,1.1508,0.50,0.70
2007.12.24 01:22:50.187,1.1503,1.1508,0.50,0.70
2007.12.24 01:22:50.319,1.1503,1.1509,0.50,13.60
2007.12.24 01:22:50.453,1.1503,1.1509,0.50,13.60
2007.12.24 01:22:50.585,1.1503,1.1508,0.50,0.70
2007.12.24 01:22:50.719,1.1503,1.1509,0.50,13.60
2007.12.24 01:22:50.851,1.1503,1.1509,0.50,13.60
2007.12.24 01:22:50.983,1.1503,1.1509,0.50,13.60
2007.12.24 01:22:51.117,1.1503,1.1509,0.50,13.60
2007.12.24 01:22:51.235,1.1503,1.1509,0.50,13.60
2007.12.24 01:22:51.354,1.1503,1.1509,0.50,13.60
2007.12.24 01:22:51.472,1.1503,1.1509,0.50,13.60
2007.12.24 01:22:51.589,1.1503,1.1509,0.50,13.60
2007.12.24 01:22:51.706,1.1503,1.1509,0.50,13.60
2007.12.24 01:22:51.823,1.1503,1.1509,0.50,13.60
2007.12.24 01:22:51.942,1.1503,1.1509,0.50,13.60
2007.12.24 01:22:52.059,1.1503,1.1509,0.50,13.60
2007.12.24 01:22:52.177,1.1503,1.1508,0.50,0.80
2007.12.24 01:22:52.304,1.1503,1.1508,0.50,0.70
2007.12.24 01:22:52.431,1.1503,1.1508,0.50,0.70
2007.12.24 01:22:52.559,1.1503,1.1509,0.50,13.60
2007.12.24 01:22:52.686,1.1503,1.1509,0.50,13.60
2007.12.24 01:22:52.814,1.1503,1.1508,0.50,0.50
2007.12.24 01:22:52.941,1.1503,1.1509,0.50,13.60
2007.12.24 01:22:53.069,1.1503,1.1509,0.50,13.60
2007.12.24 01:22:53.196,1.1503,1.1509,0.50,13.60
2007.12.24 01:22:53.314,1.1503,1.1508,0.50,0.70
2007.12.24 01:22:53.431,1.1503,1.1509,0.50,13.60
2007.12.24 01:22:53.548,1.1503,1.1508,0.50,0.70
2007.12.24 01:22:53.667,1.1503,1.1508,0.50,0.60
2007.12.24 01:22:53.784,1.1503,1.1508,0.50,0.80
2007.12.24 01:22:53.903,1.1503,1.1508,0.50,0.90
2007.12.24 01:22:54.020,1.1503,1.1509,0.50,13.60
2007.12.24 01:22:54.138,1.1503,1.1508,0.50,0.50
2007.12.24 01:22:54.255,1.1503,1.1508,0.50,0.90
2007.12.24 01:22:54.397,1.1503,1.1509,0.50,13.60
2007.12.24 01:22:54.540,1.1503,1.1508,0.50,0.60
2007.12.24 01:22:54.684,1.1503,1.1509,0.50,13.60
2007.12.24 01:22:54.826,1.1503,1.1509,0.50,13.60
2007.12.24 01:22:54.978,1.1503,1.1508,0.50,0.80
2007.12.24 01:22:55.121,1.1503,1.1509,0.50,13.60
2007.12.24 01:22:55.263,1.1503,1.1509,0.50,13.60
2007.12.24 01:22:55.372,1.1503,1.1508,0.50,0.50
2007.12.24 01:22:55.479,1.1503,1.1509,0.50,13.60
2007.12.24 01:22:55.586,1.1503,1.1509,0.50,13.60
2007.12.24 01:22:55.695,1.1503,1.1509,0.50,13.60
2007.12.24 01:22:55.802,1.1503,1.1508,0.50,0.80
2007.12.24 01:22:55.909,1.1503,1.1508,0.50,0.50
2007.12.24 01:22:56.018,1.1503,1.1509,0.50,13.60
2007.12.24 01:22:56.125,1.1503,1.1509,0.50,13.60
2007.12.24 01:22:56.232,1.1503,1.1509,0.50,13.60
2007.12.24 01:22:56.366,1.1503,1.1509,0.50,13.60
2007.12.24 01:22:56.498,1.1503,1.1508,0.50,0.70
2007.12.24 01:22:56.631,1.1503,1.1509,0.50,13.60
2007.12.24 01:22:56.764,1.1503,1.1508,0.50,0.50
2007.12.24 01:22:56.897,1.1503,1.1508,0.50,0.80
2007.12.24 01:22:57.029,1.1503,1.1508,0.50,0.50
2007.12.24 01:22:57.162,1.1503,1.1508,0.50,0.60
2007.12.24 01:22:57.294,1.1503,1.1509,0.50,13.60
2007.12.24 01:22:57.431,1.1503,1.1509,0.50,13.60
2007.12.24 01:22:57.539,1.1503,1.1509,0.50,13.60
2007.12.24 01:22:57.661,1.1503,1.1509,0.50,13.60
2007.12.24 01:22:57.784,1.1503,1.1509,0.50,13.60
2007.12.24 01:22:57.906,1.1503,1.1509,0.50,13.60
2007.12.24 01:22:58.029,1.1503,1.1508,0.50,0.50
2007.12.24 01:22:58.151,1.1503,1.1508,0.50,0.90
2007.12.24 01:22:58.275,1.1503,1.1508,0.50,0.50
2007.12.24 01:22:58.407,1.1503,1.1509,0.50,13.60
2007.12.24 01:22:58.539,1.1503,1.1508,0.50,0.60
2007.12.24 01:22:58.672,1.1503,1.1509,0.50,13.60
2007.12.24 01:22:58.816,1.1503,1.1509,0.50,13.60
2007.12.24 01:22:58.938,1.1503,1.1508,0.50,16.10
2007.12.24 01:22:59.070,1.1503,1.1508,0.50,16.10
2007.12.24 01:22:59.203,1.1503,1.1507,0.50,0.50
2007.12.24 01:22:59.336,1.1503,1.15075,0.50,12.40
2007.12.24 01:22:59.470,1.1503,1.15075,0.50,12.40
2007.12.24 01:22:59.602,1.1503,1.15075,0.50,12.40
2007.12.24 01:22:59.734,1.1503,1.15075,0.50,12.40
2007.12.24 01:22:59.868,1.1503,1.15075,0.50,12.40
2007.12.24 01:23:00.000,1.1503,1.1507,0.50,0.70
2007.12.24 01:23:00.132,1.1503,1.15075,0.50,12.40
2007.12.24 01:23:00.265,1.1503,1.15075,0.50,12.40
2007.12.24 01:23:00.397,1.1503,1.15075,0.50,12.40
2007.12.24 01:23:00.538,1.1503,1.1507,0.50,0.70
2007.12.24 01:23:00.653,1.1503,1.1507,0.50,0.80
2007.12.24 01:23:00.781,1.1503,1.15075,0.50,12.40
2007.12.24 01:23:00.908,1.1503,1.15075,0.50,12.40
2007.12.24 01:23:01.036,1.1503,1.15075,0.50,12.40
2007.12.24 01:23:01.165,1.1503,1.1507,0.50,0.60
2007.12.24 01:23:01.292,1.1503,1.1507,0.50,0.50
2007.12.24 01:23:01.420,1.1503,1.15075,0.50,12.40
2007.12.24 01:23:01.574,1.1503,1.1507,0.50,0.90
2007.12.24 01:23:01.726,1.1503,1.15075,0.50,12.40
2007.12.24 01:23:01.879,1.1503,1.15075,0.50,12.40
2007.12.24 01:23:02.031,1.1503,1.1507,0.50,0.50
2007.12.24 01:23:02.184,1.1503,1.1507,0.50,0.90
2007.12.24 01:23:02.336,1.1503,1.15075,0.50,12.40
2007.12.24 01:23:02.484,1.1503,1.1507,0.50,0.70
2007.12.24 01:23:02.632,1.1503,1.15075,0.50,12.40
2007.12.24 01:23:02.779,1.1503,1.1507,0.50,0.60
2007.12.24 01:23:02.928,1.1503,1.15075,0.50,12.40
2007.12.24 01:23:03.075,1.1503,1.15075,0.50,12.40
2007.12.24 01:23:03.222,1.1503,1.1507,0.50,0.80
2007.12.24 01:23:03.370,1.1503,1.15075,0.50,12.40
2007.12.24 01:23:03.497,1.1503,1.1507,0.50,0.70
2007.12.24 01:23:03.626,1.1503,1.1507,0.50,0.90
2007.12.24 01:23:03.753,1.1503,1.1507,0.50,0.60
2007.12.24 01:23:03.882,1.1503,1.15075,0.50,12.40
2007.12.24 01:23:04.009,1.1503,1.15075,0.50,12.40
2007.12.24 01:23:04.138,1.1503,1.15075,0.50,12.40
2007.12.24 01:23:04.265,1.1503,1.15075,0.50,12.40
2007.12.24 01:23:04.393,1.1503,1.1507,0.50,0.80
2007.12.24 01:23:04.530,1.1503,1.15075,0.50,12.40
2007.12.24 01:23:04.667,1.1503,1.1507,0.50,0.60
2007.12.24 01:23:04.806,1.1503,1.1507,0.50,0.70
2007.12.24 01:23:04.943,1.1503,1.15075,0.50,12.40
2007.12.24 01:23:05.080,1.1503,1.1507,0.50,0.50
2007.12.24 01:23:05.223,1.1503,1.15075,0.50,12.40
2007.12.24 01:23:05.360,1.1503,1.15075,0.50,12.40
2007.12.24 01:23:05.497,1.1503,1.1507,0.50,0.60
2007.12.24 01:23:05.621,1.1503,1.1507,0.50,0.90
2007.12.24 01:23:05.744,1.1503,1.15075,0.50,12.40
2007.12.24 01:23:05.866,1.1503,1.1507,0.50,0.90
2007.12.24 01:23:05.988,1.1503,1.1507,0.50,0.70
2007.12.24 01:23:06.111,1.1503,1.1507,0.50,0.90
2007.12.24 01:23:06.235,1.1503,1.15075,0.50,12.40
2007.12.24 01:23:06.357,1.1503,1.1507,0.50,0.60
2007.12.24 01:23:06.479,1.1503,1.1507,0.50,0.70
2007.12.24 01:23:06.612,1.1503,1.15075,0.50,12.40
2007.12.24 01:23:06.746,1.1503,1.1507,0.50,0.50
2007.12.24 01:23:06.890,1.1503,1.1507,0.50,0.50
2007.12.24 01:23:07.010,1.1503,1.15075,0.50,12.40
2007.12.24 01:23:07.143,1.1503,1.15075,0.50,12.40
2007.12.24 01:23:07.276,1.1503,1.1507,0.50,0.80
2007.12.24 01:23:07.408,1.1503,1.1507,0.50,0.50
2007.12.24 01:23:07.541,1.1503,1.15075,0.50,12.40
2007.12.24 01:23:07.659,1.1503,1.15075,0.50,12.40
2007.12.24 01:23:07.778,1.1503,1.1507,0.50,0.60
2007.12.24 01:23:07.895,1.1503,1.15075,0.50,12.40
2007.12.24 01:23:08.012,1.1503,1.1507,0.50,0.90
2007.12.24 01:23:08.129,1.1503,1.15075,0.50,12.40
2007.12.24 01:23:08.248,1.1503,1.1507,0.50,0.60
2007.12.24 01:23:08.366,1.1503,1.1507,0.50,0.60
2007.12.24 01:23:08.484,1.1503,1.15075,0.50,12.40
2007.12.24 01:23:08.601,1.1503,1.1507,0.50,0.50
2007.12.24 01:23:08.728,1.1503,1.15075,0.50,12.40
2007.12.24 01:23:08.858,1.1503,1.1507,0.50,0.50
2007.12.24 01:23:08.986,1.1503,1.15075,0.50,12.40
2007.12.24 01:23:09.113,1.1503,1.1507,0.50,0.80
2007.12.24 01:23:09.240,1.1503,1.1507,0.50,0.80
2007.12.24 01:23:09.369,1.1503,1.1507,0.50,0.60
2007.12.24 01:23:09.496,1.1503,1.1507,0.50,0.90
2007.12.24 01:23:09.625,1.1503,1.1507,0.50,0.70
2007.12.24 01:23:09.742,1.1503,1.15075,0.50,12.40
2007.12.24 01:23:09.859,1.1503,1.15075,0.50,12.40
2007.12.24 01:23:09.977,1.1503,1.15075,0.50,12.40
2007.12.24 01:23:10.096,1.1503,1.1507,0.50,0.50
2007.12.24 01:23:10.213,1.1503,1.15075,0.50,12.40
2007.12.24 01:23:10.330,1.1503,1.15075,0.50,12.40
2007.12.24 01:23:10.458,1.1503,1.1507,0.50,0.80
2007.12.24 01:23:10.575,1.1503,1.15075,0.50,12.40
2007.12.24 01:23:10.694,1.1503,1.1507,0.50,0.70
2007.12.24 01:23:10.831,1.1503,1.1507,0.50,0.50
2007.12.24 01:23:10.968,1.1503,1.1507,0.50,0.70
2007.12.24 01:23:11.106,1.1503,1.1507,0.50,0.90
2007.12.24 01:23:11.245,1.1503,1.1507,0.50,0.60
2007.12.24 01:23:11.383,1.1503,1.1507,0.50,4.40
2007.12.24 01:23:11.520,1.1503,1.1507,0.50,4.40
2007.12.24 01:23:11.657,1.1503,1.1507,0.50,4.40
2007.12.24 01:23:11.796,1.1503,1.1507,0.50,4.40
2007.12.24 01:23:11.908,1.1503,1.1507,0.50,4.40
2007.12.24 01:23:12.020,1.1503,1.1507,0.50,4.40
2007.12.24 01:23:12.132,1.1503,1.1507,0.50,4.40
2007.12.24 01:23:12.245,1.1503,1.1507,0.50,4.40
2007.12.24 01:23:12.358,1.1503,1.1507,0.50,4.40
2007.12.24 01:23:12.472,1.1503,1.1507,0.50,4.40
2007.12.24 01:23:12.584,1.1503,1.1507,0.50,4.40
2007.12.24 01:23:12.696,1.1503,1.1507,0.50,4.40
2007.12.24 01:23:12.809,1.1503,1.1507,0.50,4.40
2007.12.24 01:23:12.942,1.1503,1.1507,0.50,4.40
2007.12.24 01:23:13.076,1.1503,1.1507,0.50,4.40
2007.12.24 01:23:13.208,1.1503,1.1507,0.50,4.40
2007.12.24 01:23:13.340,1.1503,1.1507,0.50,4.40
2007.12.24 01:23:13.486,1.1503,1.1507,0.50,4.40
2007.12.24 01:23:13.606,1.1503,1.1507,0.50,4.40
2007.12.24 01:23:13.738,1.1503,1.1507,0.50,4.40
2007.12.24 01:23:13.870,1.1503,1.1507,0.50,4.40
2007.12.24 01:23:13.988,1.1503,1.1507,0.50,4.40
2007.12.24 01:23:14.106,1.1503,1.1507,0.50,4.40
2007.12.24 01:23:14.223,1.1503,1.1507,0.50,4.40
2007.12.24 01:23:14.340,1.1503,1.1507,0.50,4.40
2007.12.24 01:23:14.458,1.1503,1.1507,0.50,4.40
2007.12.24 01:23:14.577,1.1503,1.1507,0.50,4.40
2007.12.24 01:23:14.694,1.1503,1.1507,0.50,4.40
2007.12.24 01:23:14.811,1.1503,1.1507,0.50,4.40
2007.12.24 01:23:14.930,1.1503,1.1507,0.50,4.40
2007.12.24 01:23:15.057,1.1503,1.1507,0.50,4.40
2007.12.24 01:23:15.185,1.1503,1.1507,0.50,4.40
2007.12.24 01:23:15.313,1.1503,1.1507,0.50,4.40
2007.12.24 01:23:15.441,1.1503,1.1507,0.50,4.40
2007.12.24 01:23:15.579,1.1503,1.1507,0.50,4.40
2007.12.24 01:23:15.696,1.1503,1.1507,0.50,4.40
2007.12.24 01:23:15.824,1.1503,1.1507,0.50,4.40
2007.12.24 01:23:15.952,1.1503,1.1507,0.50,4.40
2007.12.24 01:23:16.069,1.1503,1.1507,0.50,4.40
2007.12.24 01:23:16.187,1.1503,1.1507,0.50,4.40
2007.12.24 01:23:16.306,1.1503,1.1507,0.50,4.40
2007.12.24 01:23:16.423,1.1503,1.1507,0.50,4.40
2007.12.24 01:23:16.540,1.1503,1.1507,0.50,4.40
2007.12.24 01:23:16.658,1.1503,1.1507,0.50,4.40
2007.12.24 01:23:16.776,1.1503,1.1507,0.50,4.40
2007.12.24 01:23:16.892,1.1503,1.1507,0.50,4.40
2007.12.24 01:23:17.010,1.1503,1.1507,0.50,4.40
2007.12.24 01:23:17.139,1.1503,1.1507,0.50,4.40
2007.12.24 01:23:17.266,1.1503,1.1507,0.50,4.40
2007.12.24 01:23:17.393,1.1503,1.1507,0.50,4.40
2007.12.24 01:23:17.522,1.1503,1.1507,0.50,4.40
2007.12.24 01:23:17.662,1.1503,1.1507,0.50,4.40
2007.12.24 01:23:17.776,1.1503,1.1507,0.50,4.40
2007.12.24 01:23:17.904,1.1503,1.1507,0.50,4.40
2007.12.24 01:23:18.032,1.1503,1.1507,0.50,4.40
2007.12.24 01:23:18.149,1.1503,1.1507,0.50,4.40
2007.12.24 01:23:18.267,1.1503,1.1507,0.50,4.40
2007.12.24 01:23:18.386,1.1503,1.1507,0.50,4.40
2007.12.24 01:23:18.503,1.1503,1.1507,0.50,4.40
2007.12.24 01:23:18.620,1.1503,1.1507,0.50,4.40
2007.12.24 01:23:18.738,1.1503,1.1507,0.50,4.40
2007.12.24 01:23:18.856,1.1503,1.1507,0.50,4.40
2007.12.24 01:23:18.973,1.1503,1.1507,0.50,4.40
2007.12.24 01:23:19.091,1.1503,1.1507,0.50,4.40
2007.12.24 01:23:19.224,1.1503,1.1507,0.50,4.40
2007.12.24 01:23:19.356,1.1503,1.1507,0.50,4.40
2007.12.24 01:23:19.489,1.1503,1.1507,0.50,4.40
2007.12.24 01:23:19.622,1.1503,1.1507,0.50,4.40
2007.12.24 01:23:19.767,1.1503,1.1507,0.50,4.40
2007.12.24 01:23:19.887,1.1503,1.1507,0.50,4.40
2007.12.24 01:23:20.020,1.1503,1.1507,0.50,4.40
2007.12.24 01:23:20.152,1.1503,1.1507,0.50,4.40
2007.12.24 01:23:20.264,1.1503,1.1507,0.50,4.40
2007.12.24 01:23:20.377,1.1503,1.1507,0.50,4.40
2007.12.24 01:23:20.490,1.1503,1.1507,0.50,4.40
2007.12.24 01:23:20.602,1.1503,1.1507,0.50,4.40
2007.12.24 01:23:20.714,1.1503,1.1507,0.50,4.40
2007.12.24 01:23:20.827,1.1503,1.1507,0.50,4.40
2007.12.24 01:23:20.941,1.1503,1.1507,0.50,4.40
2007.12.24 01:23:21.053,1.1503,1.1507,0.50,4.40
2007.12.24 01:23:21.165,1.1503,1.1507,0.50,4.40
2007.12.24 01:23:21.297,1.1503,1.1507,0.50,4.40
2007.12.24 01:23:21.430,1.1503,1.1507,0.50,4.40
2007.12.24 01:23:21.563,1.1503,1.1507,0.50,4.40
2007.12.24 01:23:21.696,1.1503,1.1507,0.50,4.40
2007.12.24 01:23:21.828,1.1503,1.1507,0.50,4.40
2007.12.24 01:23:21.960,1.1503,1.1507,0.50,4.40
2007.12.24 01:23:22.093,1.1503,1.1507,0.50,4.40
2007.12.24 01:23:22.226,1.1503,1.1507,0.50,4.40
2007.12.24 01:23:22.349,1.1503,1.1507,0.50,4.40
2007.12.24 01:23:22.471,1.1503,1.1507,0.50,4.40
2007.12.24 01:23:22.593,1.1503,1.1507,0.50,4.40
2007.12.24 01:23:22.716,1.1503,1.1507,0.50,4.40
2007.12.24 01:23:22.854,1.1503,1.1507,0.50,4.40
2007.12.24 01:23:22.962,1.1503,1.1507,0.50,4.40
2007.12.24 01:23:23.084,1.1503,1.1507,0.50,4.40
2007.12.24 01:23:23.207,1.1503,1.1507,0.50,4.40
2007.12.24 01:23:23.339,1.1503,1.1507,0.50,4.40
2007.12.24 01:23:23.472,1.1503,1.1507,0.50,4.40
2007.12.24 01:23:23.605,1.1503,1.1507,0.50,4.40
2007.12.24 01:23:23.737,1.1503,1.1507,0.50,4.40
2007.12.24 01:23:23.870,1.1503,1.1507,0.50,4.40
2007.12.24 01:23:24.003,1.1503,1.1507,0.50,4.40
2007.12.24 01:23:24.135,1.1503,1.1507,0.50,4.40
2007.12.24 01:23:24.268,1.1503,1.1507,0.50,4.40
2007.12.24 01:23:24.395,1.1503,1.1507,0.50,4.40
2007.12.24 01:23:24.523,1.1503,1.1507,0.50,4.40
2007.12.24 01:23:24.651,1.1503,1.1507,0.50,4.40
2007.12.24 01:23:24.779,1.1503,1.1507,0.50,4.40
2007.12.24 01:23:24.906,1.1503,1.1507,0.50,4.40
2007.12.24 01:23:25.034,1.1503,1.1507,0.50,4.40
2007.12.24 01:23:25.162,1.1503,1.1507,0.50,4.40
2007.12.24 01:23:25.290,1.1503,1.1507,0.50,4.40
2007.12.24 01:23:25.408,1.1503,1.1507,0.50,4.40
2007.12.24 01:23:25.525,1.1503,1.1507,0.50,4.40
2007.12.24 01:23:25.643,1.1503,1.1507,0.50,4.40
2007.12.24 01:23:25.773,1.1503,1.1507,0.50,4.40
2007.12.24 01:23:25.878,1.1503,1.1507,0.50,4.40
2007.12.24 01:23:25.996,1.1503,1.1507,0.50,4.40
2007.12.24 01:23:26.114,1.1503,1.1507,0.50,4.40
2007.12.24 01:23:26.231,1.1503,1.1507,0.50,4.40
2007.12.24 01:23:26.348,1.1503,1.1507,0.50,4.40
2007.12.24 01:23:26.486,1.1503,1.1507,0.50,4.40
2007.12.24 01:23:26.623,1.1503,1.1507,0.50,4.40
2007.12.24 01:23:26.761,1.1503,1.1507,0.50,4.40
2007.12.24 01:23:26.898,1.1503,1.1507,0.50,4.40
2007.12.24 01:23:27.036,1.1503,1.1507,0.50,4.40
2007.12.24 01:23:27.173,1.1503,1.1507,0.50,4.40
2007.12.24 01:23:27.311,1.1503,1.1507,0.50,4.40
2007.12.24 01:23:27.445,1.1503,1.1507,0.50,4.40
2007.12.24 01:23:27.577,1.1503,1.1507,0.50,4.40
2007.12.24 01:23:27.709,1.1503,1.1507,0.50,4.40
2007.12.24 01:23:27.842,1.1503,1.1507,0.50,4.40
2007.12.24 01:23:27.974,1.1503,1.1507,0.50,4.40
2007.12.24 01:23:28.107,1.1503,1.1507,0.50,4.40
2007.12.24 01:23:28.240,1.1503,1.1507,0.50,4.40
2007.12.24 01:23:28.373,1.1503,1.1507,0.50,4.40
2007.12.24 01:23:28.495,1.1503,1.1507,0.50,4.40
2007.12.24 01:23:28.618,1.1503,1.1507,0.50,4.40
2007.12.24 01:23:28.740,1.1503,1.1507,0.50,4.40
2007.12.24 01:23:28.863,1.1503,1.1507,0.50,4.40
2007.12.24 01:23:28.986,1.1503,1.1507,0.50,4.40
2007.12.24 01:23:29.108,1.1503,1.1507,0.50,4.40
2007.12.24 01:23:59.350,1.1503,1.1508,0.50,4.10
2007.12.24 01:23:59.456,1.1503,1.1508,0.50,4.10
2007.12.24 01:23:59.564,1.1503,1.1507,0.50,0.50
2007.12.24 01:23:59.671,1.1503,1.1508,0.50,4.10
2007.12.24 01:23:59.779,1.1503,1.1507,0.50,0.50
2007.12.24 01:23:59.886,1.1503,1.1508,0.50,4.10
2007.12.24 01:23:59.994,1.1503,1.1507,0.50,0.50
2007.12.24 01:24:00.101,1.1503,1.1508,0.50,4.10
2007.12.24 01:24:00.208,1.1503,1.1507,0.50,0.50
2007.12.24 01:24:00.316,1.1503,1.1507,0.50,0.50
2007.12.24 01:24:00.438,1.1503,1.1507,0.50,0.50
2007.12.24 01:24:00.561,1.1503,1.1507,0.50,0.50
2007.12.24 01:24:00.683,1.1503,1.1508,0.50,4.10
2007.12.24 01:24:00.806,1.1503,1.1508,0.50,4.10
2007.12.24 01:24:00.928,1.1503,1.1507,0.50,0.50
2007.12.24 01:24:01.050,1.1503,1.1508,0.50,4.10
2007.12.24 01:24:01.173,1.1503,1.1507,0.50,0.50
2007.12.24 01:24:01.295,1.1503,1.1508,0.50,4.10
2007.12.24 01:24:01.427,1.1503,1.1508,0.50,4.10
2007.12.24 01:24:01.560,1.1503,1.1508,0.50,4.10
2007.12.24 01:24:01.691,1.1503,1.1508,0.50,4.10
2007.12.24 01:24:01.824,1.1503,1.1507,0.50,0.50
2007.12.24 01:24:01.955,1.1503,1.1508,0.50,4.10
2007.12.24 01:24:02.088,1.1503,1.1507,0.50,0.50
2007.12.24 01:24:02.220,1.1503,1.1507,0.50,0.50
2007.12.24 01:24:02.353,1.1503,1.1508,0.50,4.10
2007.12.24 01:24:02.520,1.1503,1.1507,0.50,0.50
2007.12.24 01:24:02.688,1.1503,1.1508,0.50,4.10
2007.12.24 01:24:02.855,1.1503,1.1508,0.50,4.10
2007.12.24 01:24:03.023,1.1503,1.1507,0.50,0.50
2007.12.24 01:24:03.190,1.1503,1.1507,0.50,0.50
2007.12.24 01:24:03.357,1.1503,1.1508,0.50,4.10
2007.12.24 01:24:03.460,1.1503,1.1508,0.50,4.10
2007.12.24 01:24:03.562,1.1503,1.1508,0.50,4.10
2007.12.24 01:24:03.665,1.1503,1.1508,0.50,4.10
2007.12.24 01:24:03.768,1.1503,1.1507,0.50,0.50
2007.12.24 01:24:03.871,1.1503,1.1508,0.50,4.10
2007.12.24 01:24:03.973,1.1503,1.1508,0.50,4.10
2007.12.24 01:24:04.075,1.1503,1.1508,0.50,4.10
2007.12.24 01:24:04.178,1.1503,1.1507,0.50,0.50
2007.12.24 01:24:04.280,1.1503,1.1508,0.50,4.10
2007.12.24 01:24:04.383,1.1503,1.1507,0.50,0.50
2007.12.24 01:24:04.525,1.1503,1.1508,0.50,4.10
2007.12.24 01:24:04.668,1.1503,1.1507,0.50,0.50
2007.12.24 01:24:04.811,1.1503,1.1508,0.50,4.10
2007.12.24 01:24:04.953,1.1503,1.1507,0.50,0.50
2007.12.24 01:24:05.096,1.1503,1.1507,0.50,0.50
2007.12.24 01:24:05.237,1.1503,1.1508,0.50,4.10
2007.12.24 01:24:05.380,1.1503,1.1507,0.50,0.50
2007.12.24 01:24:05.523,1.1503,1.1508,0.50,4.10
2007.12.24 01:24:05.639,1.1503,1.1508,0.50,4.10
2007.12.24 01:24:05.768,1.1503,1.1507,0.50,0.50
2007.12.24 01:24:05.884,1.1503,1.1507,0.50,0.50
2007.12.24 01:24:06.002,1.1503,1.1508,0.50,4.10
2007.12.24 01:24:06.119,1.1503,1.1507,0.50,0.50
2007.12.24 01:24:06.236,1.1503,1.1507,0.50,0.50
2007.12.24 01:24:06.354,1.1503,1.1507,0.50,0.50
2007.12.24 01:24:06.471,1.1503,1.1508,0.50,4.10
2007.12.24 01:24:06.604,1.1503,1.1508,0.50,4.10
2007.12.24 01:24:06.736,1.1503,1.1507,0.50,0.50
2007.12.24 01:24:06.868,1.1503,1.1508,0.50,4.10
2007.12.24 01:24:07.001,1.1503,1.1508,0.50,4.10
2007.12.24 01:24:07.134,1.1503,1.1508,0.50,4.10
2007.12.24 01:24:07.266,1.1503,1.1507,0.50,0.50
2007.12.24 01:24:07.398,1.1503,1.1507,0.50,0.50
2007.12.24 01:24:07.531,1.1503,1.1507,0.50,0.50
2007.12.24 01:24:07.648,1.1503,1.1507,0.50,0.50
2007.12.24 01:24:07.765,1.1503,1.1507,0.50,0.50
2007.12.24 01:24:07.882,1.1503,1.1507,0.50,0.50
2007.12.24 01:24:08.000,1.1503,1.1507,0.50,0.50
2007.12.24 01:24:08.117,1.1503,1.1507,0.50,0.50
2007.12.24 01:24:08.234,1.1503,1.1507,0.50,0.50
2007.12.24 01:24:08.352,1.1503,1.1507,0.50,0.50
2007.12.24 01:24:08.470,1.1503,1.1507,0.50,0.50
2007.12.24 01:24:08.618,1.1503,1.1507,0.50,0.50
2007.12.24 01:24:08.765,1.1503,1.1507,0.50,0.50
2007.12.24 01:24:08.913,1.1503,1.1507,0.50,0.50
2007.12.24 01:24:09.060,1.1503,1.1507,0.50,0.50
2007.12.24 01:24:09.208,1.1503,1.1507,0.50,0.50
2007.12.24 01:24:09.355,1.1503,1.1507,0.50,0.50
2007.12.24 01:24:09.502,1.1503,1.1507,0.50,0.50
2007.12.24 01:24:09.630,1.1503,1.1507,0.50,0.50
2007.12.24 01:24:09.758,1.1503,1.1507,0.50,0.50
2007.12.24 01:24:09.886,1.1503,1.1507,0.50,0.50
2007.12.24 01:24:10.013,1.1503,1.1507,0.50,0.50
2007.12.24 01:24:10.141,1.1503,1.1507,0.50,0.50
2007.12.24 01:24:10.269,1.1503,1.1507,0.50,0.50
2007.12.24 01:24:10.396,1.1503,1.1507,0.50,0.50
2007.12.24 01:24:10.523,1.1503,1.1507,0.50,0.50
2007.12.24 01:24:10.636,1.1503,1.1507,0.50,0.50
2007.12.24 01:24:10.749,1.1503,1.1507,0.50,0.50
2007.12.24 01:24:10.861,1.1503,1.1507,0.50,0.50
2007.12.24 01:24:10.974,1.1503,1.1507,0.50,0.50
2007.12.24 01:24:11.087,1.1503,1.1507,0.50,0.50
2007.12.24 01:24:11.200,1.1503,1.1507,0.50,0.50
2007.12.24 01:24:11.312,1.1503,1.1507,0.50,0.50
2007.12.24 01:24:11.424,1.1503,1.1507,0.50,0.50
2007.12.24 01:24:11.537,1.1503,1.1507,0.50,0.50
2007.12.24 01:24:11.669,1.1503,1.1507,0.50,0.50
2007.12.24 01:24:11.802,1.1503,1.1507,0.50,0.50
2007.12.24 01:24:11.934,1.1503,1.1507,0.50,0.50
2007.12.24 01:24:12.066,1.1503,1.1507,0.50,0.50
2007.12.24 01:24:12.199,1.1503,1.1507,0.50,0.50
2007.12.24 01:24:12.331,1.1503,1.1507,0.50,0.50
2007.12.24 01:24:12.464,1.1503,1.1507,0.50,0.50
2007.12.24 01:24:12.597,1.1503,1.1507,0.50,0.50
2007.12.24 01:24:12.719,1.1503,1.1507,0.50,0.50
2007.12.24 01:24:12.842,1.1503,1.1507,0.50,0.50
2007.12.24 01:24:12.964,1.1503,1.1507,0.50,0.50
2007.12.24 01:24:13.086,1.1503,1.1507,0.50,0.50
2007.12.24 01:24:13.209,1.1503,1.1507,0.50,0.50
2007.12.24 01:24:13.331,1.1503,1.1507,0.50,0.50
2007.12.24 01:24:13.454,1.1503,1.1507,0.50,0.50
2007.12.24 01:24:13.576,1.1503,1.1507,0.50,0.50
2007.12.24 01:24:13.698,1.1503,1.1507,0.50,0.50
2007.12.24 01:24:13.851,1.1503,1.1507,0.50,0.50
2007.12.24 01:24:14.003,1.1503,1.1507,0.50,0.50
2007.12.24 01:24:14.167,1.1503,1.1507,0.50,0.50
2007.12.24 01:24:14.319,1.1503,1.1507,0.50,0.50
2007.12.24 01:24:14.472,1.1503,1.1507,0.50,0.50
2007.12.24 01:24:14.624,1.1503,1.1507,0.50,0.50
2007.12.24 01:24:14.726,1.1503,1.1507,0.50,0.50
2007.12.24 01:24:14.828,1.1503,1.1507,0.50,0.50
2007.12.24 01:24:14.931,1.1503,1.1507,0.50,0.50
2007.12.24 01:24:15.034,1.1503,1.1507,0.50,0.50
2007.12.24 01:24:15.137,1.1503,1.1507,0.50,0.50
2007.12.24 01:24:15.239,1.1503,1.1507,0.50,0.50
2007.12.24 01:24:15.342,1.1503,1.1507,0.50,0.50
2007.12.24 01:24:15.444,1.1503,1.1507,0.50,0.50
2007.12.24 01:24:15.547,1.1503,1.1507,0.50,0.50
2007.12.24 01:24:15.649,1.1503,1.1507,0.50,0.50
2007.12.24 01:24:15.827,1.1503,1.1507,0.50,0.50
2007.12.24 01:24:16.005,1.1503,1.1507,0.50,0.50
2007.12.24 01:24:16.183,1.1503,1.1507,0.50,0.50
2007.12.24 01:24:16.361,1.1503,1.1507,0.50,0.50
2007.12.24 01:24:16.539,1.1503,1.1507,0.50,0.50
2007.12.24 01:24:16.728,1.1503,1.1507,0.50,0.50
2007.12.24 01:24:16.814,1.1503,1.1507,0.50,0.50
2007.12.24 01:24:16.911,1.1503,1.1507,0.50,0.50
2007.12.24 01:24:17.009,1.1503,1.1507,0.50,0.50
2007.12.24 01:24:17.106,1.1503,1.1507,0.50,0.50
2007.12.24 01:24:17.204,1.1503,1.1507,0.50,0.50
2007.12.24 01:24:17.301,1.1503,1.1507,0.50,0.50
2007.12.24 01:24:17.399,1.1503,1.1507,0.50,0.50
2007.12.24 01:24:17.496,1.1503,1.1507,0.50,0.50
2007.12.24 01:24:17.593,1.1503,1.1507,0.50,0.50
2007.12.24 01:24:17.691,1.1503,1.1507,0.50,0.50
2007.12.24 01:24:17.788,1.1503,1.1507,0.50,0.50
2007.12.24 01:24:17.956,1.1503,1.1507,0.50,0.50
2007.12.24 01:24:18.123,1.1503,1.1507,0.50,0.50
2007.12.24 01:24:18.291,1.1503,1.1507,0.50,0.50
2007.12.24 01:24:18.458,1.1503,1.1507,0.50,0.50
2007.12.24 01:24:18.626,1.1503,1.1507,0.50,0.50
2007.12.24 01:24:18.793,1.1503,1.1507,0.50,0.50
2007.12.24 01:24:18.886,1.1503,1.1507,0.50,0.50
2007.12.24 01:24:18.979,1.1503,1.1507,0.50,0.50
2007.12.24 01:24:19.071,1.1503,1.1507,0.50,0.50
2007.12.24 01:24:19.176,1.1503,1.1507,0.50,0.50
2007.12.24 01:24:19.269,1.1503,1.1507,0.50,0.50
2007.12.24 01:24:19.361,1.1503,1.1507,0.50,0.50
2007.12.24 01:24:19.453,1.1503,1.1507,0.50,0.50
2007.12.24 01:24:19.545,1.1503,1.1507,0.50,0.50
2007.12.24 01:24:19.638,1.1503,1.1507,0.50,0.50
2007.12.24 01:24:19.730,1.1503,1.1507,0.50,0.50
2007.12.24 01:24:19.822,1.1503,1.1507,0.50,0.50
2007.12.24 01:24:19.989,1.1503,1.1507,0.50,0.50
2007.12.24 01:24:20.157,1.1503,1.1507,0.50,0.50
2007.12.24 01:24:20.324,1.1503,1.1507,0.50,0.50
2007.12.24 01:24:20.492,1.1503,1.1507,0.50,0.50
2007.12.24 01:24:20.659,1.1503,1.1507,0.50,0.50
2007.12.24 01:24:20.826,1.1503,1.1507,0.50,0.50
2007.12.24 01:24:20.934,1.1503,1.1507,0.50,0.50
2007.12.24 01:24:21.042,1.1503,1.1507,0.50,0.50
2007.12.24 01:24:21.149,1.1503,1.1507,0.50,0.50
2007.12.24 01:24:21.256,1.1503,1.1507,0.50,0.50
2007.12.24 01:24:21.363,1.1503,1.1507,0.50,0.50
2007.12.24 01:24:21.471,1.1503,1.1507,0.50,0.50
2007.12.24 01:24:21.578,1.1503,1.1507,0.50,0.50
2007.12.24 01:24:21.686,1.1503,1.1507,0.50,0.50
2007.12.24 01:24:21.793,1.1503,1.1507,0.50,0.50
2007.12.24 01:24:21.926,1.1503,1.1507,0.50,0.50
2007.12.24 01:24:22.059,1.1503,1.1507,0.50,0.50
2007.12.24 01:24:22.190,1.1503,1.1507,0.50,0.50
2007.12.24 01:24:22.323,1.1503,1.1507,0.50,0.50
2007.12.24 01:24:22.455,1.1503,1.1507,0.50,0.50
2007.12.24 01:24:22.599,1.1503,1.1507,0.50,0.50
2007.12.24 01:24:22.720,1.1503,1.1507,0.50,0.50
2007.12.24 01:24:22.853,1.1503,1.1507,0.50,0.50
2007.12.24 01:24:22.970,1.1503,1.1507,0.50,0.50
2007.12.24 01:24:23.088,1.1503,1.1507,0.50,0.50
2007.12.24 01:24:23.205,1.1503,1.1507,0.50,0.50
2007.12.24 01:24:23.322,1.1503,1.1507,0.50,0.50
2007.12.24 01:24:23.439,1.1503,1.1507,0.50,0.50
2007.12.24 01:24:23.557,1.1503,1.1507,0.50,0.50
2007.12.24 01:24:23.674,1.1503,1.1507,0.50,0.50
2007.12.24 01:24:23.791,1.1503,1.1507,0.50,0.50
2007.12.24 01:24:23.909,1.1503,1.1507,0.50,0.50
2007.12.24 01:24:24.041,1.1503,1.1507,0.50,0.50
2007.12.24 01:24:24.174,1.1503,1.1507,0.50,0.50
2007.12.24 01:24:24.306,1.1503,1.1507,0.50,0.50
2007.12.24 01:24:24.439,1.1503,1.1507,0.50,0.50
2007.12.24 01:24:24.571,1.1503,1.1507,0.50,0.50
2007.12.24 01:24:24.704,1.1503,1.1507,0.50,0.50
2007.12.24 01:24:24.836,1.1503,1.1507,0.50,0.50
2007.12.24 01:24:24.969,1.1503,1.1507,0.50,0.50
2007.12.24 01:24:25.126,1.1503,1.1507,0.50,0.50
2007.12.24 01:24:25.283,1.1503,1.1507,0.50,0.50
2007.12.24 01:24:25.441,1.1503,1.1507,0.50,0.50
2007.12.24 01:24:25.599,1.1503,1.1507,0.50,0.50
2007.12.24 01:24:25.756,1.1503,1.1507,0.50,0.50
2007.12.24 01:24:25.914,1.1503,1.1507,0.50,0.50
2007.12.24 01:24:26.071,1.1503,1.1507,0.50,0.50
2007.12.24 01:24:26.193,1.1503,1.1507,0.50,0.50
2007.12.24 01:24:26.316,1.1503,1.1507,0.50,0.50
2007.12.24 01:24:26.438,1.1503,1.1507,0.50,0.50
2007.12.24 01:24:26.560,1.1503,1.1507,0.50,0.50
2007.12.24 01:24:26.682,1.1503,1.1507,0.50,0.50
2007.12.24 01:24:26.805,1.1503,1.1507,0.50,0.50
2007.12.24 01:24:26.927,1.1503,1.1507,0.50,0.50
2007.12.24 01:24:27.050,1.1503,1.1507,0.50,0.50
2007.12.24 01:24:27.227,1.1503,1.1507,0.50,0.50
2007.12.24 01:24:27.405,1.1503,1.1507,0.50,0.50
2007.12.24 01:24:27.582,1.1503,1.1507,0.50,0.50
2007.12.24 01:24:27.759,1.1503,1.1507,0.50,0.50
2007.12.24 01:24:27.936,1.1503,1.1507,0.50,0.50
2007.12.24 01:24:28.114,1.1503,1.1507,0.50,0.50
2007.12.24 01:24:28.256,1.1503,1.1507,0.50,0.50
2007.12.24 01:24:28.399,1.1503,1.1507,0.50,0.50
2007.12.24 01:24:28.541,1.1503,1.1507,0.50,0.50
2007.12.24 01:24:28.684,1.1503,1.1507,0.50,0.50
2007.12.24 01:24:28.827,1.1503,1.1507,0.50,0.50
2007.12.24 01:24:28.969,1.1503,1.1507,0.50,0.50
2007.12.24 01:24:29.112,1.1503,1.1507,0.50,0.50
2007.12.24 01:24:29.245,1.1503,1.1507,0.50,0.50
2007.12.24 01:24:47.908,1.1502,1.15075,1.70,8.00
2007.12.24 01:24:48.036,1.1502,1.15075,1.70,8.00
2007.12.24 01:24:48.165,1.1502,1.15075,1.70,8.00
2007.12.24 01:24:48.293,1.1502,1.15075,1.70,8.00
2007.12.24 01:24:48.421,1.1503,1.1508,0.50,0.50
2007.12.24 01:24:48.548,1.1502,1.1508,9.70,0.50
2007.12.24 01:24:48.676,1.1503,1.1508,0.50,0.50
2007.12.24 01:24:48.898,1.1502,1.1508,9.70,0.50
2007.12.24 01:24:49.121,1.1502,1.1508,9.70,0.50
2007.12.24 01:24:49.344,1.1503,1.1508,0.50,0.50
2007.12.24 01:24:49.566,1.1502,1.1508,9.70,0.50
2007.12.24 01:24:49.788,1.1503,1.1508,0.50,0.50
2007.12.24 01:24:49.916,1.1503,1.1508,0.50,0.50
2007.12.24 01:24:50.043,1.1502,1.1508,9.70,0.50
2007.12.24 01:24:50.171,1.1503,1.1508,0.50,0.50
2007.12.24 01:24:50.298,1.1502,1.1508,9.70,0.50
2007.12.24 01:24:50.426,1.1502,1.1508,9.70,0.50
2007.12.24 01:24:50.554,1.1502,1.1508,9.70,0.50
2007.12.24 01:24:50.681,1.1503,1.1508,0.50,0.50
2007.12.24 01:24:50.809,1.1502,1.1508,9.70,0.50
2007.12.24 01:24:50.967,1.1503,1.1508,0.50,0.50
2007.12.24 01:24:51.136,1.1502,1.1508,9.70,0.50
2007.12.24 01:24:51.294,1.1502,1.1508,9.70,0.50
2007.12.24 01:24:51.451,1.1502,1.1508,9.70,0.50
2007.12.24 01:24:51.608,1.1502,1.1508,9.70,0.50
2007.12.24 01:24:51.767,1.1503,1.1508,0.50,0.50
2007.12.24 01:24:51.925,1.1502,1.1508,9.70,0.50
2007.12.24 01:24:52.063,1.1502,1.1508,9.70,0.50
2007.12.24 01:24:52.200,1.1502,1.1508,9.70,0.50
2007.12.24 01:24:52.337,1.1502,1.1508,9.70,0.50
2007.12.24 01:24:52.476,1.1502,1.1508,9.70,0.50
2007.12.24 01:24:52.613,1.1503,1.1508,0.50,0.50
2007.12.24 01:24:52.751,1.1503,1.1508,0.50,0.50
2007.12.24 01:24:52.888,1.1502,1.1508,9.70,0.50
2007.12.24 01:24:53.056,1.1502,1.1508,9.70,0.50
2007.12.24 01:24:53.223,1.1502,1.1508,9.70,0.50
2007.12.24 01:24:53.391,1.1503,1.1508,0.50,0.50
2007.12.24 01:24:53.558,1.1502,1.1508,9.70,0.50
2007.12.24 01:24:53.726,1.1503,1.1508,0.50,0.50
2007.12.24 01:24:53.893,1.1503,1.1508,0.50,0.50
2007.12.24 01:24:53.997,1.1503,1.1508,0.50,0.50
2007.12.24 01:24:54.099,1.1502,1.1508,9.70,0.50
2007.12.24 01:24:54.207,1.1503,1.1508,0.50,0.50
2007.12.24 01:24:54.310,1.1502,1.1508,9.70,0.50
2007.12.24 01:24:54.412,1.1502,1.1508,9.70,0.50
2007.12.24 01:24:54.515,1.1502,1.1508,9.70,0.50
2007.12.24 01:24:54.617,1.1503,1.1508,0.50,0.50
2007.12.24 01:24:54.720,1.1502,1.1508,9.70,0.50
2007.12.24 01:24:54.823,1.1502,1.1508,9.70,0.50
2007.12.24 01:24:54.925,1.1503,1.1508,0.50,0.50
2007.12.24 01:24:55.063,1.1502,1.1508,9.70,0.50
2007.12.24 01:24:55.201,1.1502,1.1508,9.70,0.50
2007.12.24 01:24:55.338,1.1502,1.1508,9.70,0.50
2007.12.24 01:24:55.476,1.1502,1.1508,9.70,0.50
2007.12.24 01:24:55.626,1.1503,1.1508,0.50,0.50
2007.12.24 01:24:55.751,1.1502,1.1508,9.70,0.50
2007.12.24 01:24:55.888,1.1502,1.1508,9.70,0.50
2007.12.24 01:24:56.011,1.1502,1.1508,9.70,0.50
2007.12.24 01:24:56.133,1.1502,1.1508,9.70,0.50
2007.12.24 01:24:56.256,1.1502,1.1508,9.70,0.50
2007.12.24 01:24:56.378,1.1503,1.1508,0.50,0.50
2007.12.24 01:24:56.502,1.1503,1.1508,0.50,0.50
2007.12.24 01:24:56.624,1.1502,1.1508,9.70,0.50
2007.12.24 01:24:56.748,1.1502,1.1507,8.10,0.50
2007.12.24 01:24:56.870,1.1503,1.1507,0.50,0.50
2007.12.24 01:24:57.028,1.1503,1.1507,0.50,0.50
2007.12.24 01:24:57.186,1.1502,1.1507,8.10,0.50
2007.12.24 01:24:57.343,1.1502,1.1507,8.10,0.50
2007.12.24 01:24:57.501,1.1503,1.1507,0.50,0.50
2007.12.24 01:24:57.659,1.1503,1.1507,0.50,0.50
2007.12.24 01:24:57.816,1.1502,1.1507,8.10,0.50
2007.12.24 01:24:57.974,1.1502,1.1507,8.10,0.50
2007.12.24 01:24:58.177,1.1502,1.1507,8.10,0.50
2007.12.24 01:24:58.380,1.1502,1.1507,8.10,0.50
2007.12.24 01:24:58.583,1.1503,1.1507,0.50,0.50
2007.12.24 01:24:58.784,1.1503,1.1507,0.50,0.50
2007.12.24 01:24:58.987,1.1502,1.1507,8.10,0.50
2007.12.24 01:24:59.090,1.1502,1.1507,8.10,0.50
2007.12.24 01:24:59.192,1.1503,1.1507,0.50,0.50
2007.12.24 01:24:59.294,1.1502,1.1507,8.10,0.50
2007.12.24 01:24:59.397,1.1502,1.1507,8.10,0.50
2007.12.24 01:24:59.499,1.1502,1.1507,8.10,0.50
2007.12.24 01:24:59.603,1.1503,1.1507,0.50,0.50
2007.12.24 01:24:59.705,1.1503,1.1507,0.50,0.50
2007.12.24 01:24:59.809,1.1502,1.1507,8.10,0.50
2007.12.24 01:24:59.911,1.1502,1.1507,8.10,0.50
2007.12.24 01:25:00.014,1.1502,1.1507,8.10,0.50
2007.12.24 01:25:00.156,1.1503,1.1507,0.50,0.50
2007.12.24 01:25:00.300,1.1502,1.1507,8.10,0.50
2007.12.24 01:25:00.442,1.1503,1.1507,0.50,0.50
2007.12.24 01:25:00.585,1.1503,1.1507,0.50,0.50
2007.12.24 01:25:00.728,1.1503,1.1507,0.50,0.50
2007.12.24 01:25:00.870,1.1502,1.1507,8.10,0.50
2007.12.24 01:25:01.013,1.1502,1.1507,8.10,0.50
2007.12.24 01:25:01.151,1.1503,1.1507,0.50,0.50
2007.12.24 01:25:01.288,1.1503,1.1507,0.50,0.50
2007.12.24 01:25:01.425,1.1503,1.1507,0.50,0.50
2007.12.24 01:25:01.564,1.1502,1.1507,8.10,0.50
2007.12.24 01:25:01.701,1.1503,1.1507,0.50,0.50
2007.12.24 01:25:01.839,1.1502,1.1507,8.10,0.50
2007.12.24 01:25:01.976,1.1502,1.1507,8.10,0.50
2007.12.24 01:25:02.113,1.1502,1.1507,8.10,0.50
2007.12.24 01:25:02.231,1.1503,1.1507,0.50,0.50
2007.12.24 01:25:02.348,1.1502,1.1507,8.10,0.50
2007.12.24 01:25:02.467,1.1503,1.1507,0.50,0.50
2007.12.24 01:25:02.585,1.1503,1.1507,0.50,0.50
2007.12.24 01:25:02.715,1.1503,1.1507,0.50,0.50
2007.12.24 01:25:02.819,1.1503,1.1507,0.50,0.50
2007.12.24 01:25:02.936,1.1503,1.1507,0.50,0.50
2007.12.24 01:25:03.053,1.1503,1.1507,0.50,0.50
2007.12.24 01:25:03.225,1.1503,1.1507,0.50,0.50
2007.12.24 01:25:03.398,1.1503,1.1507,0.50,0.50
2007.12.24 01:25:03.571,1.1503,1.1507,0.50,0.50
2007.12.24 01:25:03.743,1.1503,1.1507,0.50,0.50
2007.12.24 01:25:03.915,1.1503,1.1507,0.50,0.50
2007.12.24 01:25:04.088,1.1503,1.1507,0.50,0.50
2007.12.24 01:25:04.261,1.1503,1.1507,0.50,0.50
2007.12.24 01:25:04.433,1.1503,1.1507,0.50,0.50
2007.12.24 01:25:04.606,1.1503,1.1507,0.50,0.50
2007.12.24 01:25:04.781,1.1503,1.1507,0.50,0.50
2007.12.24 01:25:04.954,1.1503,1.1507,0.50,0.50
2007.12.24 01:25:05.127,1.1503,1.1507,0.50,0.50
2007.12.24 01:25:05.245,1.1503,1.1507,0.50,0.50
2007.12.24 01:25:05.362,1.1503,1.1507,0.50,0.50
2007.12.24 01:25:05.479,1.1503,1.1507,0.50,0.50
2007.12.24 01:25:05.597,1.1503,1.1507,0.50,0.50
2007.12.24 01:25:05.714,1.1503,1.1507,0.50,0.50
2007.12.24 01:25:05.833,1.1503,1.1507,0.50,0.50
2007.12.24 01:25:05.950,1.1503,1.1507,0.50,0.50
2007.12.24 01:25:06.068,1.1503,1.1507,0.50,0.50
2007.12.24 01:25:06.185,1.1503,1.1507,0.50,0.50
2007.12.24 01:25:06.377,1.1503,1.1507,0.50,0.50
2007.12.24 01:25:06.570,1.1503,1.1507,0.50,0.50
2007.12.24 01:25:06.762,1.1503,1.1507,0.50,0.50
2007.12.24 01:25:06.954,1.1503,1.1507,0.50,0.50
2007.12.24 01:25:07.148,1.1503,1.1507,0.50,0.50
2007.12.24 01:25:07.340,1.1503,1.1507,0.50,0.50
2007.12.24 01:25:07.422,1.1503,1.1507,0.50,0.50
2007.12.24 01:25:07.506,1.1503,1.1507,0.50,0.50
2007.12.24 01:25:07.589,1.1503,1.1507,0.50,0.50
2007.12.24 01:25:07.671,1.1503,1.1507,0.50,0.50
2007.12.24 01:25:07.753,1.1503,1.1507,0.50,0.50
2007.12.24 01:25:07.836,1.1503,1.1507,0.50,0.50
2007.12.24 01:25:07.919,1.1503,1.1507,0.50,0.50
2007.12.24 01:25:08.001,1.1503,1.1507,0.50,0.50
2007.12.24 01:25:08.085,1.1503,1.1507,0.50,0.50
2007.12.24 01:25:08.168,1.1503,1.1507,0.50,0.50
2007.12.24 01:25:08.250,1.1503,1.1507,0.50,0.50
2007.12.24 01:25:08.488,1.1503,1.1507,0.50,0.50
2007.12.24 01:25:08.725,1.1503,1.1507,0.50,0.50
2007.12.24 01:25:08.963,1.1503,1.1507,0.50,0.50
2007.12.24 01:25:09.200,1.1503,1.1507,0.50,0.50
2007.12.24 01:25:09.439,1.1503,1.1507,0.50,0.50
2007.12.24 01:25:09.536,1.1503,1.1507,0.50,0.50
2007.12.24 01:25:09.646,1.1503,1.1507,0.50,0.50
2007.12.24 01:25:09.733,1.1503,1.1507,0.50,0.50
2007.12.24 01:25:09.830,1.1503,1.1507,0.50,0.50
2007.12.24 01:25:09.928,1.1503,1.1507,0.50,0.50
2007.12.24 01:25:10.026,1.1503,1.1507,0.50,0.50
2007.12.24 01:25:10.123,1.1503,1.1507,0.50,0.50
2007.12.24 01:25:10.221,1.1503,1.1507,0.50,0.50
2007.12.24 01:25:10.319,1.1503,1.1507,0.50,0.50
2007.12.24 01:25:10.481,1.1503,1.1507,0.50,0.50
2007.12.24 01:25:10.645,1.1503,1.1507,0.50,0.50
2007.12.24 01:25:10.807,1.1503,1.1507,0.50,0.50
2007.12.24 01:25:10.970,1.1503,1.1507,0.50,0.50
2007.12.24 01:25:11.133,1.1503,1.1507,0.50,0.50
2007.12.24 01:25:11.295,1.1503,1.1507,0.50,0.50
2007.12.24 01:25:11.402,1.1503,1.1507,0.50,0.50
2007.12.24 01:25:11.510,1.1503,1.1507,0.50,0.50
2007.12.24 01:25:11.618,1.1503,1.1507,0.50,0.50
2007.12.24 01:25:11.725,1.1503,1.1507,0.50,0.50
2007.12.24 01:25:11.834,1.1503,1.1507,0.50,0.50
2007.12.24 01:25:11.941,1.1503,1.1507,0.50,0.50
2007.12.24 01:25:12.049,1.1503,1.1507,0.50,0.50
2007.12.24 01:25:12.157,1.1503,1.1507,0.50,0.50
2007.12.24 01:25:12.263,1.1503,1.1507,0.50,0.50
2007.12.24 01:25:12.443,1.1503,1.1507,0.50,0.50
2007.12.24 01:25:12.611,1.1503,1.1507,0.50,0.50
2007.12.24 01:25:12.780,1.1503,1.1507,0.50,0.50
2007.12.24 01:25:12.947,1.1503,1.1507,0.50,0.50
2007.12.24 01:25:13.114,1.1503,1.1507,0.50,0.50
2007.12.24 01:25:13.282,1.1503,1.1507,0.50,0.50
2007.12.24 01:25:13.450,1.1503,1.1507,0.50,0.50
2007.12.24 01:25:13.572,1.1503,1.1507,0.50,0.50
2007.12.24 01:25:13.696,1.1503,1.1507,0.50,0.50
2007.12.24 01:25:13.818,1.1503,1.1507,0.50,0.50
2007.12.24 01:25:13.940,1.1503,1.1507,0.50,0.50
2007.12.24 01:25:14.064,1.1503,1.1507,0.50,0.50
2007.12.24 01:25:14.186,1.1503,1.1507,0.50,0.50
2007.12.24 01:25:14.308,1.1503,1.1507,0.50,0.50
2007.12.24 01:25:14.431,1.1503,1.1507,0.50,0.50
2007.12.24 01:25:14.554,1.1503,1.1507,0.50,0.50
2007.12.24 01:25:14.676,1.1503,1.1507,0.50,0.50
2007.12.24 01:25:14.799,1.1503,1.1507,0.50,0.50
2007.12.24 01:25:14.922,1.1503,1.1507,0.50,0.50
2007.12.24 01:25:15.044,1.1503,1.1507,0.50,0.50
2007.12.24 01:25:15.167,1.1503,1.1507,0.50,0.50
2007.12.24 01:25:15.290,1.1503,1.1507,0.50,0.50
2007.12.24 01:25:15.413,1.1503,1.1507,0.50,0.50
2007.12.24 01:25:15.540,1.1503,1.1507,0.50,0.50
2007.12.24 01:25:15.668,1.1503,1.1507,0.50,0.50
2007.12.24 01:25:15.796,1.1503,1.1507,0.50,0.50
2007.12.24 01:25:15.923,1.1503,1.1507,0.50,0.50
2007.12.24 01:25:16.051,1.1503,1.1507,0.50,0.50
2007.12.24 01:25:16.179,1.1503,1.1507,0.50,0.50
2007.12.24 01:25:16.306,1.1503,1.1507,0.50,0.50
2007.12.24 01:25:16.434,1.1503,1.1507,0.50,0.50
2007.12.24 01:25:16.524,1.1503,1.1508,0.50,9.70
2007.12.24 01:25:16.568,1.1503,1.1507,0.50,0.50
2007.12.24 01:25:16.700,1.1503,1.1508,0.50,9.70
2007.12.24 01:25:16.832,1.1503,1.1507,0.50,0.50
2007.12.24 01:25:16.964,1.1503,1.1508,0.50,9.70
2007.12.24 01:25:17.096,1.1503,1.1508,0.50,9.70
2007.12.24 01:25:17.229,1.1503,1.1507,0.50,0.50
2007.12.24 01:25:17.363,1.1503,1.1508,0.50,9.70
2007.12.24 01:25:17.495,1.1503,1.1508,0.50,9.70
2007.12.24 01:25:17.618,1.1503,1.1507,0.50,0.50
2007.12.24 01:25:17.741,1.1503,1.1507,0.50,0.50
2007.12.24 01:25:17.863,1.1503,1.1507,0.50,0.50
2007.12.24 01:25:17.997,1.1503,1.1507,0.50,0.50
2007.12.24 01:25:18.108,1.1503,1.1507,0.50,0.50
2007.12.24 01:25:18.230,1.1503,1.1507,0.50,0.50
2007.12.24 01:25:18.353,1.1503,1.1507,0.50,0.50
2007.12.24 01:25:18.475,1.1503,1.1507,0.50,0.50
2007.12.24 01:25:18.618,1.1503,1.1507,0.50,0.50
2007.12.24 01:25:18.760,1.1503,1.1507,0.50,0.50
2007.12.24 01:25:18.904,1.1503,1.1507,0.50,0.50
2007.12.24 01:25:19.046,1.1503,1.1507,0.50,0.50
2007.12.24 01:25:19.189,1.1503,1.1507,0.50,0.50
2007.12.24 01:25:19.332,1.1503,1.1507,0.50,0.50
2007.12.24 01:25:19.474,1.1503,1.1507,0.50,0.50
2007.12.24 01:25:19.587,1.1503,1.1507,0.50,0.50
2007.12.24 01:25:19.700,1.1503,1.1507,0.50,0.50
2007.12.24 01:25:19.812,1.1503,1.1507,0.50,0.50
2007.12.24 01:25:19.925,1.1503,1.1507,0.50,0.50
2007.12.24 01:25:20.038,1.1503,1.1507,0.50,0.50
2007.12.24 01:25:20.150,1.1503,1.1507,0.50,0.50
2007.12.24 01:25:20.263,1.1503,1.1507,0.50,0.50
2007.12.24 01:25:20.377,1.1503,1.1507,0.50,0.50
2007.12.24 01:25:20.489,1.1503,1.1507,0.50,0.50
2007.12.24 01:25:20.621,1.1503,1.1507,0.50,0.50
2007.12.24 01:25:20.754,1.1503,1.1507,0.50,0.50
2007.12.24 01:25:20.887,1.1503,1.1507,0.50,0.50
2007.12.24 01:25:21.019,1.1503,1.1507,0.50,0.50
2007.12.24 01:25:21.152,1.1503,1.1507,0.50,0.50
2007.12.24 01:25:21.285,1.1503,1.1507,0.50,0.50
2007.12.24 01:25:21.417,1.1503,1.1507,0.50,0.50
2007.12.24 01:25:21.550,1.1503,1.1507,0.50,0.50
2007.12.24 01:25:21.672,1.1503,1.1507,0.50,0.50
2007.12.24 01:25:21.795,1.1503,1.1507,0.50,0.50
2007.12.24 01:25:21.917,1.1503,1.1507,0.50,0.50
2007.12.24 01:25:22.039,1.1503,1.1507,0.50,0.50
2007.12.24 01:25:22.162,1.1503,1.1507,0.50,0.50
2007.12.24 01:25:22.284,1.1503,1.1507,0.50,0.50
2007.12.24 01:25:22.407,1.1503,1.1507,0.50,0.50
2007.12.24 01:25:22.531,1.1503,1.1507,0.50,0.50
2007.12.24 01:25:22.678,1.1503,1.1507,0.50,0.50
2007.12.24 01:25:22.825,1.1503,1.1507,0.50,0.50
2007.12.24 01:25:22.973,1.1503,1.1507,0.50,0.50
2007.12.24 01:25:23.121,1.1503,1.1507,0.50,0.50
2007.12.24 01:25:23.271,1.1503,1.1507,0.50,0.50
2007.12.24 01:25:23.419,1.1503,1.1507,0.50,0.50
2007.12.24 01:25:23.567,1.1503,1.1507,0.50,0.50
2007.12.24 01:25:23.704,1.1503,1.1507,0.50,0.50
2007.12.24 01:25:23.842,1.1503,1.1507,0.50,0.50
2007.12.24 01:25:23.979,1.1503,1.1507,0.50,0.50
2007.12.24 01:25:24.117,1.1503,1.1507,0.50,0.50
2007.12.24 01:25:24.255,1.1503,1.1507,0.50,0.50
2007.12.24 01:25:24.393,1.1503,1.1507,0.50,0.50
2007.12.24 01:25:24.531,1.1503,1.1507,0.50,0.50
2007.12.24 01:25:24.668,1.1503,1.1507,0.50,0.50
2007.12.24 01:25:24.780,1.1503,1.1507,0.50,0.50
2007.12.24 01:25:24.893,1.1503,1.1507,0.50,0.50
2007.12.24 01:25:25.005,1.1503,1.1507,0.50,0.50
2007.12.24 01:25:25.118,1.1503,1.1507,0.50,0.50
2007.12.24 01:25:25.231,1.1503,1.1507,0.50,0.50
2007.12.24 01:25:25.343,1.1503,1.1507,0.50,0.50
2007.12.24 01:25:25.456,1.1503,1.1507,0.50,0.50
2007.12.24 01:25:25.569,1.1503,1.1507,0.50,0.50
2007.12.24 01:25:25.697,1.1503,1.1507,0.50,0.50
2007.12.24 01:25:25.825,1.1503,1.1507,0.50,0.50
2007.12.24 01:25:25.952,1.1503,1.1507,0.50,0.50
2007.12.24 01:25:26.079,1.1503,1.1507,0.50,0.50
2007.12.24 01:25:26.208,1.1503,1.1507,0.50,0.50
2007.12.24 01:25:26.335,1.1503,1.1507,0.50,0.50
2007.12.24 01:25:26.463,1.1503,1.1507,0.50,0.50
2007.12.24 01:25:26.591,1.1503,1.1507,0.50,0.50
2007.12.24 01:25:26.709,1.1503,1.1507,0.50,0.50
2007.12.24 01:26:17.983,1.15015,1.1508,8.00,8.00
2007.12.24 01:26:18.085,1.15015,1.1508,8.00,8.00
2007.12.24 01:26:18.187,1.15015,1.1508,8.00,8.00
2007.12.24 01:26:18.291,1.15015,1.1508,8.00,8.00
2007.12.24 01:26:18.393,1.15015,1.1508,8.00,8.00
2007.12.24 01:26:18.496,1.15015,1.1508,8.00,8.00
2007.12.24 01:26:18.598,1.15015,1.1508,8.00,8.00
2007.12.24 01:26:18.700,1.15015,1.1508,8.00,8.00
2007.12.24 01:26:18.803,1.15015,1.1508,8.00,8.00
2007.12.24 01:26:18.905,1.15015,1.1508,8.00,8.00
2007.12.24 01:26:19.058,1.15015,1.1508,8.00,8.00
2007.12.24 01:26:19.210,1.15015,1.1508,8.00,8.00
2007.12.24 01:26:19.362,1.15015,1.1508,8.00,8.00
2007.12.24 01:26:19.515,1.15015,1.1508,8.00,8.00
2007.12.24 01:26:19.667,1.15015,1.1508,8.00,8.00
2007.12.24 01:26:19.820,1.15015,1.1508,8.00,8.00
2007.12.24 01:26:19.972,1.15015,1.1508,8.00,8.00
2007.12.24 01:26:20.090,1.15015,1.1508,8.00,8.00
2007.12.24 01:26:20.207,1.15015,1.1508,8.00,8.00
2007.12.24 01:26:20.324,1.15015,1.1508,8.00,8.00
2007.12.24 01:26:20.442,1.15015,1.1508,8.00,8.00
2007.12.24 01:26:20.559,1.15015,1.1508,8.00,8.00
2007.12.24 01:26:20.677,1.15015,1.1508,8.00,8.00
2007.12.24 01:26:20.794,1.15015,1.1508,8.00,8.00
2007.12.24 01:26:20.911,1.15015,1.1508,8.00,8.00
2007.12.24 01:26:21.029,1.15015,1.1508,8.00,8.00
2007.12.24 01:26:21.162,1.15015,1.1508,8.00,8.00
2007.12.24 01:26:21.294,1.15015,1.1508,8.00,8.00
2007.12.24 01:26:21.427,1.15015,1.1508,8.00,8.00
2007.12.24 01:26:21.559,1.15015,1.1508,8.00,8.00
2007.12.24 01:26:21.691,1.15015,1.1508,8.00,8.00
2007.12.24 01:26:21.824,1.15015,1.1508,8.00,8.00
2007.12.24 01:26:21.956,1.15015,1.1508,8.00,8.00
2007.12.24 01:26:22.088,1.15015,1.1508,8.00,8.00
2007.12.24 01:26:22.241,1.15015,1.1508,8.00,8.00
2007.12.24 01:26:22.394,1.15015,1.1508,8.00,8.00
2007.12.24 01:26:22.546,1.15015,1.1508,8.00,8.00
2007.12.24 01:26:22.698,1.15015,1.1508,8.00,8.00
2007.12.24 01:26:22.851,1.15015,1.1508,8.00,8.00
2007.12.24 01:26:23.003,1.15015,1.1508,8.00,8.00
2007.12.24 01:26:23.121,1.15015,1.1508,8.00,8.00
2007.12.24 01:26:23.238,1.15015,1.1508,8.00,8.00
2007.12.24 01:26:23.355,1.15015,1.1508,8.00,8.00
2007.12.24 01:26:23.473,1.15015,1.1508,8.00,8.00
2007.12.24 01:26:23.590,1.15015,1.1508,8.00,8.00
2007.12.24 01:26:23.707,1.15015,1.1508,8.00,8.00
2007.12.24 01:26:23.825,1.15015,1.1508,8.00,8.00
2007.12.24 01:26:23.942,1.15015,1.1508,8.00,8.00
2007.12.24 01:26:24.060,1.15015,1.1508,8.00,8.00
2007.12.24 01:26:24.198,1.15015,1.1508,8.00,8.00
2007.12.24 01:26:24.335,1.15015,1.1508,8.00,8.00
2007.12.24 01:26:24.472,1.15015,1.1508,8.00,8.00
2007.12.24 01:26:24.610,1.15015,1.1508,8.00,8.00
2007.12.24 01:26:24.748,1.1502,1.15085,8.00,8.00
2007.12.24 01:26:24.887,1.1504,1.1508,0.50,4.40
2007.12.24 01:26:25.024,1.1504,1.1508,0.50,4.40
2007.12.24 01:26:25.174,1.1504,1.1508,0.50,4.40
2007.12.24 01:26:25.360,1.1504,1.1508,0.50,4.40
2007.12.24 01:26:25.557,1.1504,1.1508,0.50,4.40
2007.12.24 01:26:25.755,1.1504,1.1508,0.50,4.40
2007.12.24 01:26:25.952,1.1504,1.1508,0.50,4.40
2007.12.24 01:26:26.150,1.1504,1.1508,0.50,4.40
2007.12.24 01:26:26.228,1.1504,1.1508,0.50,4.40
2007.12.24 01:26:26.305,1.1504,1.1508,0.50,4.40
2007.12.24 01:26:26.382,1.1504,1.1508,0.50,4.40
2007.12.24 01:26:26.460,1.1504,1.1508,0.50,4.40
2007.12.24 01:26:26.539,1.1504,1.1508,0.50,4.40
2007.12.24 01:26:26.619,1.1504,1.1508,0.50,4.40
2007.12.24 01:26:26.696,1.1504,1.1508,0.50,4.40
2007.12.24 01:26:26.773,1.1504,1.1508,0.50,4.40
2007.12.24 01:26:26.851,1.1504,1.1508,0.50,4.40
2007.12.24 01:26:26.929,1.1504,1.1508,0.50,4.40
2007.12.24 01:26:27.007,1.1504,1.1508,0.50,4.40
2007.12.24 01:26:27.085,1.1504,1.1508,0.50,4.40
2007.12.24 01:26:27.163,1.1504,1.1508,0.50,4.40
2007.12.24 01:26:27.410,1.1504,1.1508,0.50,4.40
2007.12.24 01:26:27.659,1.1504,1.1508,0.50,4.40
2007.12.24 01:26:27.906,1.1504,1.1508,0.50,4.40
2007.12.24 01:26:28.154,1.1504,1.1508,0.50,4.40
2007.12.24 01:26:28.402,1.1504,1.1508,0.50,4.40
2007.12.24 01:26:28.505,1.1504,1.1508,0.50,4.40
2007.12.24 01:26:28.608,1.1504,1.1508,0.50,4.40
2007.12.24 01:26:28.710,1.1504,1.1508,0.50,4.40
2007.12.24 01:26:28.813,1.1504,1.1508,0.50,4.40
2007.12.24 01:26:28.916,1.1504,1.1508,0.50,4.40
2007.12.24 01:26:29.018,1.1504,1.1508,0.50,4.40
2007.12.24 01:26:29.121,1.1504,1.1508,0.50,4.40
2007.12.24 01:26:29.224,1.1504,1.1508,0.50,4.40
2007.12.24 01:26:29.326,1.1504,1.1508,0.50,4.40
2007.12.24 01:26:29.474,1.1504,1.1508,0.50,4.40
2007.12.24 01:26:29.621,1.1504,1.1508,0.50,4.40
2007.12.24 01:26:29.769,1.1504,1.1508,0.50,4.40
2007.12.24 01:26:29.916,1.1504,1.1508,0.50,4.40
2007.12.24 01:26:30.063,1.1504,1.1508,0.50,4.40
2007.12.24 01:26:30.211,1.1504,1.1508,0.50,4.40
2007.12.24 01:26:30.358,1.1504,1.1508,0.50,4.40
2007.12.24 01:26:30.465,1.1504,1.1508,0.50,4.40
2007.12.24 01:26:30.573,1.1504,1.1508,0.50,4.40
2007.12.24 01:26:30.680,1.1504,1.1508,0.50,4.40
2007.12.24 01:26:30.788,1.1504,1.1508,0.50,4.40
2007.12.24 01:26:30.896,1.1504,1.1508,0.50,4.40
2007.12.24 01:26:31.004,1.1504,1.1508,0.50,4.40
2007.12.24 01:26:31.111,1.1504,1.1508,0.50,4.40
2007.12.24 01:26:31.219,1.1504,1.1508,0.50,4.40
2007.12.24 01:26:31.326,1.1504,1.1508,0.50,4.40
2007.12.24 01:26:31.464,1.1504,1.1508,0.50,4.40
2007.12.24 01:26:31.602,1.1504,1.1508,0.50,4.40
2007.12.24 01:26:31.739,1.1504,1.1508,0.50,4.40
2007.12.24 01:26:31.877,1.1504,1.1508,0.50,4.40
2007.12.24 01:26:32.015,1.1504,1.1508,0.50,4.40
2007.12.24 01:26:32.152,1.1504,1.1508,0.50,4.40
2007.12.24 01:26:32.290,1.1504,1.1508,0.50,4.40
2007.12.24 01:26:32.428,1.1504,1.1508,0.50,4.40
2007.12.24 01:26:32.535,1.1504,1.1508,0.50,4.40
2007.12.24 01:26:32.643,1.1504,1.1508,0.50,4.40
2007.12.24 01:26:32.670,1.1504,1.15085,0.50,12.40
2007.12.24 01:26:32.763,1.1504,1.15085,0.50,12.40
2007.12.24 01:26:32.858,1.1504,1.15085,0.50,12.40
2007.12.24 01:26:32.966,1.1504,1.1508,0.50,0.50
2007.12.24 01:26:33.074,1.1504,1.15085,0.50,12.40
2007.12.24 01:26:33.181,1.1504,1.1508,0.50,0.50
2007.12.24 01:26:33.289,1.1504,1.15085,0.50,12.40
2007.12.24 01:26:33.397,1.1504,1.1508,0.50,0.50
2007.12.24 01:26:33.549,1.1504,1.1508,0.50,0.70
2007.12.24 01:26:33.702,1.1504,1.15085,0.50,12.40
2007.12.24 01:26:33.855,1.1504,1.15085,0.50,12.40
2007.12.24 01:26:34.007,1.1504,1.15085,0.50,12.40
2007.12.24 01:26:34.160,1.1504,1.15085,0.50,12.40
2007.12.24 01:26:34.313,1.1504,1.15085,0.50,12.40
2007.12.24 01:26:34.466,1.1504,1.15085,0.50,12.40
2007.12.24 01:26:34.564,1.1504,1.1508,0.50,0.80
2007.12.24 01:26:34.661,1.1504,1.15085,0.50,12.40
2007.12.24 01:26:34.759,1.1504,1.15085,0.50,12.40
2007.12.24 01:26:34.857,1.1504,1.1508,0.50,0.60
2007.12.24 01:26:34.955,1.1504,1.15085,0.50,12.40
2007.12.24 01:26:35.053,1.1504,1.15085,0.50,12.40
2007.12.24 01:26:35.150,1.1504,1.1508,0.50,0.90
2007.12.24 01:26:35.248,1.1504,1.15085,0.50,12.40
2007.12.24 01:26:35.345,1.1504,1.1508,0.50,0.60
2007.12.24 01:26:35.538,1.1504,1.1508,0.50,0.50
2007.12.24 01:26:35.730,1.1504,1.15085,0.50,12.40
2007.12.24 01:26:35.923,1.1504,1.1508,0.50,0.60
2007.12.24 01:26:36.115,1.1504,1.15085,0.50,12.40
2007.12.24 01:26:36.308,1.1504,1.15085,0.50,12.40
2007.12.24 01:26:36.501,1.1504,1.1508,0.50,0.90
2007.12.24 01:26:36.668,1.1504,1.15085,0.50,12.40
2007.12.24 01:26:36.836,1.1504,1.15085,0.50,12.40
2007.12.24 01:26:37.004,1.1504,1.1508,0.50,0.90
2007.12.24 01:26:37.172,1.1504,1.1508,0.50,0.80
2007.12.24 01:26:37.339,1.1504,1.1508,0.50,0.90
2007.12.24 01:26:37.507,1.1504,1.15085,0.50,12.40
2007.12.24 01:26:37.605,1.1504,1.1508,0.50,0.60
2007.12.24 01:26:37.714,1.1504,1.1508,0.50,0.50
2007.12.24 01:26:37.801,1.1504,1.15085,0.50,12.40
2007.12.24 01:26:37.899,1.1504,1.15085,0.50,12.40
2007.12.24 01:26:37.996,1.1504,1.1508,0.50,0.70
2007.12.24 01:26:38.094,1.1504,1.1508,0.50,0.80
2007.12.24 01:26:38.192,1.1504,1.15085,0.50,12.40
2007.12.24 01:26:38.290,1.1504,1.1508,0.50,0.80
2007.12.24 01:26:38.388,1.1504,1.15085,0.50,12.40
2007.12.24 01:26:38.486,1.1504,1.1508,0.50,0.80
2007.12.24 01:26:38.638,1.1504,1.15085,0.50,12.40
2007.12.24 01:26:38.791,1.1504,1.15085,0.50,12.40
2007.12.24 01:26:38.943,1.1504,1.15085,0.50,12.40
2007.12.24 01:26:39.096,1.1504,1.1508,0.50,0.70
2007.12.24 01:26:39.248,1.1504,1.1508,0.50,0.60
2007.12.24 01:26:39.401,1.1504,1.15085,0.50,12.40
2007.12.24 01:26:39.500,1.1504,1.1508,0.50,0.50
2007.12.24 01:26:39.596,1.1504,1.15085,0.50,12.40
2007.12.24 01:26:39.694,1.1504,1.15085,0.50,12.40
2007.12.24 01:26:39.792,1.1504,1.15085,0.50,12.40
2007.12.24 01:26:39.890,1.1504,1.15085,0.50,12.40
2007.12.24 01:26:39.987,1.1504,1.15085,0.50,12.40
2007.12.24 01:26:40.085,1.1504,1.15085,0.50,12.40
2007.12.24 01:26:40.182,1.1504,1.1508,0.50,0.50
2007.12.24 01:26:40.280,1.1504,1.15085,0.50,12.40
2007.12.24 01:26:40.377,1.1504,1.1508,0.50,0.90
2007.12.24 01:26:40.475,1.1504,1.1508,0.50,0.90
2007.12.24 01:26:40.641,1.1504,1.15085,0.50,12.40
2007.12.24 01:26:40.809,1.1504,1.15085,0.50,12.40
2007.12.24 01:26:40.977,1.1504,1.1508,0.50,0.50
2007.12.24 01:26:41.144,1.1504,1.1508,0.50,0.50
2007.12.24 01:26:41.312,1.1504,1.15085,0.50,12.40
2007.12.24 01:26:41.480,1.1504,1.15085,0.50,12.40
2007.12.24 01:26:41.648,1.1504,1.15085,0.50,12.40
2007.12.24 01:26:41.740,1.1504,1.1508,0.50,0.90
2007.12.24 01:26:41.833,1.1504,1.15085,0.50,12.40
2007.12.24 01:26:41.926,1.1504,1.1508,0.50,0.90
2007.12.24 01:26:42.019,1.1504,1.1508,0.50,0.80
2007.12.24 01:26:42.111,1.1504,1.15085,0.50,12.40
2007.12.24 01:26:42.204,1.1504,1.15085,0.50,12.40
2007.12.24 01:26:42.296,1.1504,1.15085,0.50,12.40
2007.12.24 01:26:42.389,1.1504,1.1508,0.50,0.70
2007.12.24 01:26:42.482,1.1504,1.15085,0.50,12.40
2007.12.24 01:26:42.575,1.1504,1.1508,0.50,0.90
2007.12.24 01:26:42.744,1.1504,1.15085,0.50,12.40
2007.12.24 01:26:42.889,1.1504,1.15085,0.50,12.40
2007.12.24 01:26:43.047,1.1504,1.15085,0.50,12.40
2007.12.24 01:26:43.204,1.1504,1.15085,0.50,12.40
2007.12.24 01:26:43.362,1.1504,1.15085,0.50,12.40
2007.12.24 01:26:43.520,1.1504,1.15085,0.50,12.40
2007.12.24 01:26:43.622,1.1504,1.15085,0.50,12.40
2007.12.24 01:26:43.724,1.1504,1.1508,0.50,0.60
2007.12.24 01:26:43.828,1.1504,1.1508,0.50,0.80
2007.12.24 01:26:43.931,1.1504,1.1508,0.50,0.50
2007.12.24 01:26:44.033,1.1504,1.1508,0.50,0.60
2007.12.24 01:26:44.136,1.1504,1.1508,0.50,0.50
2007.12.24 01:26:44.239,1.1504,1.15085,0.50,12.40
2007.12.24 01:26:44.353,1.1504,1.1508,0.50,0.50
2007.12.24 01:26:44.455,1.1504,1.1508,0.50,0.50
2007.12.24 01:26:44.558,1.1504,1.1508,0.50,0.60
2007.12.24 01:26:44.701,1.1504,1.1508,0.50,0.70
2007.12.24 01:26:44.844,1.1504,1.1508,0.50,0.80
2007.12.24 01:26:44.986,1.1504,1.1508,0.50,0.90
2007.12.24 01:26:45.129,1.1504,1.15085,0.50,12.40
2007.12.24 01:26:45.272,1.1504,1.15085,0.50,12.40
2007.12.24 01:26:45.415,1.1504,1.15085,0.50,12.40
2007.12.24 01:26:45.558,1.1504,1.1508,0.50,0.70
2007.12.24 01:26:45.700,1.1504,1.15085,0.50,12.40
2007.12.24 01:26:45.808,1.1504,1.1508,0.50,0.90
2007.12.24 01:26:45.916,1.1504,1.15085,0.50,12.40
2007.12.24 01:26:46.024,1.1504,1.15085,0.50,12.40
2007.12.24 01:26:46.132,1.1504,1.1508,0.50,0.90
2007.12.24 01:26:46.239,1.1504,1.15085,0.50,12.40
2007.12.24 01:26:46.347,1.1504,1.15085,0.50,12.40
2007.12.24 01:26:46.455,1.1504,1.15085,0.50,12.40
2007.12.24 01:26:46.562,1.1504,1.1508,0.50,0.70
2007.12.24 01:26:46.669,1.1504,1.15085,0.50,12.40
2007.12.24 01:26:46.812,1.1504,1.1508,0.50,0.50
2007.12.24 01:26:46.955,1.1504,1.1508,0.50,0.70
2007.12.24 01:26:47.097,1.1504,1.1508,0.50,0.70
2007.12.24 01:26:47.239,1.1504,1.15085,0.50,12.40
2007.12.24 01:26:47.383,1.1504,1.15085,0.50,12.40
2007.12.24 01:26:47.526,1.1504,1.1508,0.50,0.50
2007.12.24 01:26:47.668,1.1504,1.15085,0.50,12.40
2007.12.24 01:26:47.831,1.1504,1.15085,0.50,12.40
2007.12.24 01:26:47.994,1.1504,1.1508,0.50,0.50
2007.12.24 01:26:48.156,1.1504,1.15085,0.50,12.40
2007.12.24 01:26:48.318,1.1504,1.15085,0.50,12.40
2007.12.24 01:26:48.481,1.1504,1.15085,0.50,12.40
2007.12.24 01:26:48.643,1.1504,1.15085,0.50,12.40
2007.12.24 01:26:48.886,1.1504,1.15085,0.50,12.40
2007.12.24 01:26:49.130,1.1504,1.1508,0.50,0.80
2007.12.24 01:26:49.386,1.1504,1.1508,0.50,0.50
2007.12.24 01:26:49.615,1.1504,1.15085,0.50,12.40
2007.12.24 01:26:49.763,1.1504,1.15085,0.50,12.40
2007.12.24 01:26:49.910,1.1504,1.1508,0.50,0.70
2007.12.24 01:26:50.057,1.1504,1.15085,0.50,12.40
2007.12.24 01:26:50.205,1.1504,1.1508,0.50,0.70
2007.12.24 01:26:50.353,1.1504,1.15085,0.50,12.40
2007.12.24 01:26:50.500,1.1504,1.15085,0.50,12.40
2007.12.24 01:26:50.647,1.1504,1.1508,0.50,0.70
2007.12.24 01:26:50.776,1.1504,1.1508,0.50,0.50
2007.12.24 01:26:50.903,1.1504,1.15085,0.50,12.40
2007.12.24 01:26:51.031,1.1504,1.1508,0.50,0.50
2007.12.24 01:26:51.159,1.1504,1.1508,0.50,0.70
2007.12.24 01:26:51.287,1.1504,1.1508,0.50,0.90
2007.12.24 01:26:51.414,1.1504,1.15085,0.50,12.40
2007.12.24 01:26:51.542,1.1504,1.15085,0.50,12.40
2007.12.24 01:26:51.670,1.1504,1.1508,0.50,0.90
2007.12.24 01:26:51.792,1.1504,1.1508,0.50,0.60
2007.12.24 01:26:51.915,1.1504,1.15085,0.50,12.40
2007.12.24 01:26:52.038,1.1504,1.15085,0.50,12.40
2007.12.24 01:26:52.160,1.1504,1.15085,0.50,12.40
2007.12.24 01:26:52.282,1.1504,1.15085,0.50,12.40
2007.12.24 01:26:52.406,1.1504,1.15085,0.50,12.40
2007.12.24 01:26:52.530,1.1504,1.1508,0.50,0.60
2007.12.24 01:26:52.653,1.1504,1.15085,0.50,12.40
2007.12.24 01:26:52.776,1.1504,1.15085,0.50,12.40
2007.12.24 01:26:52.899,1.1504,1.15085,0.50,12.40
2007.12.24 01:26:53.022,1.1504,1.15085,0.50,12.40
2007.12.24 01:26:53.144,1.1504,1.1508,0.50,0.70
2007.12.24 01:26:53.267,1.1504,1.15085,0.50,12.40
2007.12.24 01:26:53.389,1.1504,1.1508,0.50,0.80
2007.12.24 01:26:53.512,1.1504,1.1508,0.50,0.70
2007.12.24 01:26:53.635,1.1504,1.15085,0.50,12.40
2007.12.24 01:26:53.758,1.1504,1.15085,0.50,12.40
2007.12.24 01:26:53.886,1.1504,1.1508,0.50,0.70
2007.12.24 01:26:54.013,1.1504,1.15085,0.50,12.40
2007.12.24 01:26:54.140,1.1504,1.15085,0.50,12.40
2007.12.24 01:26:54.269,1.1504,1.15085,0.50,12.40
2007.12.24 01:26:54.396,1.1504,1.15085,0.50,12.40
2007.12.24 01:26:54.525,1.1504,1.15085,0.50,12.40
2007.12.24 01:26:54.652,1.1504,1.1508,0.50,0.90
2007.12.24 01:26:54.779,1.1504,1.1508,0.50,0.60
2007.12.24 01:26:54.917,1.1502,1.151,8.00,10.00
2007.12.24 01:27:24.949,1.1504,1.1508,0.50,0.50
2007.12.24 01:27:25.097,1.1504,1.1508,0.50,0.50
2007.12.24 01:27:25.245,1.1504,1.1508,0.50,0.50
2007.12.24 01:27:25.393,1.1504,1.1508,0.50,0.50
2007.12.24 01:27:25.540,1.1504,1.1508,0.50,0.50
2007.12.24 01:27:25.687,1.1504,1.1508,0.50,0.50
2007.12.24 01:27:25.849,1.1504,1.1508,0.50,0.50
2007.12.24 01:27:26.012,1.1504,1.1508,0.50,0.50
2007.12.24 01:27:26.174,1.1504,1.1508,0.50,0.50
2007.12.24 01:27:26.336,1.1504,1.1508,0.50,0.50
2007.12.24 01:27:26.499,1.1504,1.1508,0.50,0.50
2007.12.24 01:27:26.661,1.1504,1.1508,0.50,0.50
2007.12.24 01:27:26.789,1.1504,1.1508,0.50,0.50
2007.12.24 01:27:26.916,1.1504,1.1508,0.50,0.50
2007.12.24 01:27:27.044,1.1504,1.1508,0.50,0.50
2007.12.24 01:27:27.171,1.1504,1.1508,0.50,0.50
2007.12.24 01:27:27.298,1.1504,1.1508,0.50,0.50
2007.12.24 01:27:27.426,1.1504,1.1508,0.50,0.50
2007.12.24 01:27:27.553,1.1504,1.1508,0.50,0.50
2007.12.24 01:27:27.680,1.1504,1.1508,0.50,0.50
2007.12.24 01:27:27.802,1.1504,1.1508,0.50,0.50
2007.12.24 01:27:27.925,1.1504,1.1508,0.50,0.50
2007.12.24 01:27:28.048,1.1504,1.1508,0.50,0.50
2007.12.24 01:27:28.170,1.1504,1.1508,0.50,0.50
2007.12.24 01:27:28.292,1.1504,1.1508,0.50,0.50
2007.12.24 01:27:28.414,1.1504,1.1508,0.50,0.50
2007.12.24 01:27:28.536,1.1504,1.1508,0.50,0.50
2007.12.24 01:27:28.660,1.1504,1.1508,0.50,0.50
2007.12.24 01:27:28.782,1.1504,1.1508,0.50,0.50
2007.12.24 01:27:28.965,1.1504,1.1508,0.50,0.50
2007.12.24 01:27:29.148,1.1504,1.1508,0.50,0.50
2007.12.24 01:27:29.331,1.1504,1.1508,0.50,0.50
2007.12.24 01:27:29.513,1.1504,1.1508,0.50,0.50
2007.12.24 01:27:29.696,1.1504,1.1508,0.50,0.50
2007.12.24 01:27:29.783,1.1504,1.1508,0.50,0.50
2007.12.24 01:27:29.870,1.1504,1.1508,0.50,0.50
2007.12.24 01:27:29.958,1.1504,1.1508,0.50,0.50
2007.12.24 01:27:30.045,1.1504,1.1508,0.50,0.50
2007.12.24 01:27:30.132,1.1504,1.1508,0.50,0.50
2007.12.24 01:27:30.221,1.1504,1.1508,0.50,0.50
2007.12.24 01:27:30.308,1.1504,1.1508,0.50,0.50
2007.12.24 01:27:30.396,1.1504,1.1508,0.50,0.50
2007.12.24 01:27:30.483,1.1504,1.1508,0.50,0.50
2007.12.24 01:27:30.570,1.1504,1.1508,0.50,0.50
2007.12.24 01:27:30.658,1.1504,1.1508,0.50,0.50
2007.12.24 01:27:30.745,1.1504,1.1508,0.50,0.50
2007.12.24 01:27:30.952,1.1504,1.1508,0.50,0.50
2007.12.24 01:27:31.159,1.1504,1.1508,0.50,0.50
2007.12.24 01:27:31.366,1.1504,1.1508,0.50,0.50
2007.12.24 01:27:31.574,1.1504,1.1508,0.50,0.50
2007.12.24 01:27:31.789,1.1504,1.1508,0.50,0.50
2007.12.24 01:27:31.890,1.1504,1.1508,0.50,0.50
2007.12.24 01:27:31.976,1.1504,1.1508,0.50,0.50
2007.12.24 01:27:32.073,1.1504,1.1508,0.50,0.50
2007.12.24 01:27:32.171,1.1504,1.1509,0.50,4.10
2007.12.24 01:27:32.268,1.1504,1.1508,0.50,0.50
2007.12.24 01:27:32.366,1.1504,1.1509,0.50,4.10
2007.12.24 01:27:32.463,1.1504,1.1509,0.50,4.10
2007.12.24 01:27:32.561,1.1504,1.1508,0.50,0.50
2007.12.24 01:27:32.671,1.1504,1.1508,0.50,0.50
2007.12.24 01:27:32.758,1.1504,1.1508,0.50,0.50
2007.12.24 01:27:32.855,1.1504,1.1508,0.50,0.50
2007.12.24 01:27:33.022,1.1504,1.1508,0.50,0.50
2007.12.24 01:27:33.189,1.1504,1.1509,0.50,4.10
2007.12.24 01:27:33.357,1.1504,1.1509,0.50,4.10
2007.12.24 01:27:33.526,1.1504,1.1508,0.50,0.50
2007.12.24 01:27:33.693,1.1504,1.1508,0.50,0.50
2007.12.24 01:27:33.860,1.1504,1.1509,0.50,4.10
2007.12.24 01:27:34.002,1.1504,1.1508,0.50,0.50
2007.12.24 01:27:34.146,1.1504,1.1508,0.50,0.50
2007.12.24 01:27:34.288,1.1504,1.1508,0.50,0.50
2007.12.24 01:27:34.430,1.1504,1.1508,0.50,0.50
2007.12.24 01:27:34.572,1.1504,1.1509,0.50,4.10
2007.12.24 01:27:34.715,1.1504,1.1508,0.50,0.50
2007.12.24 01:27:34.857,1.1504,1.1509,0.50,4.10
2007.12.24 01:27:34.969,1.1504,1.1509,0.50,4.10
2007.12.24 01:27:35.083,1.1504,1.1509,0.50,4.10
2007.12.24 01:27:35.195,1.1504,1.1508,0.50,0.50
2007.12.24 01:27:35.307,1.1504,1.1509,0.50,4.10
2007.12.24 01:27:35.420,1.1504,1.1508,0.50,0.50
2007.12.24 01:27:35.532,1.1504,1.1509,0.50,4.10
2007.12.24 01:27:35.644,1.1504,1.1508,0.50,0.50
2007.12.24 01:27:35.756,1.1504,1.1509,0.50,4.10
2007.12.24 01:27:35.880,1.1504,1.1509,0.50,4.10
2007.12.24 01:27:36.027,1.1504,1.1509,0.50,4.10
2007.12.24 01:27:36.175,1.1504,1.1509,0.50,4.10
2007.12.24 01:27:36.323,1.1504,1.1508,0.50,0.50
2007.12.24 01:27:36.470,1.1504,1.1509,0.50,4.10
2007.12.24 01:27:36.618,1.1504,1.1508,0.50,0.50
2007.12.24 01:27:36.765,1.1504,1.1509,0.50,4.10
2007.12.24 01:27:36.912,1.1504,1.1509,0.50,4.10
2007.12.24 01:27:37.060,1.1504,1.1508,0.50,0.50
2007.12.24 01:27:37.217,1.1504,1.1508,0.50,0.50
2007.12.24 01:27:37.374,1.1504,1.1509,0.50,4.10
2007.12.24 01:27:37.531,1.1504,1.1508,0.50,0.50
2007.12.24 01:27:37.689,1.1504,1.1508,0.50,0.50
2007.12.24 01:27:37.847,1.1504,1.1509,0.50,4.10
2007.12.24 01:27:38.004,1.1504,1.1509,0.50,4.10
2007.12.24 01:27:38.161,1.1504,1.1509,0.50,4.10
2007.12.24 01:27:38.268,1.1504,1.1509,0.50,4.10
2007.12.24 01:27:38.376,1.1504,1.1509,0.50,4.10
2007.12.24 01:27:38.483,1.1504,1.1508,0.50,0.50
2007.12.24 01:27:38.592,1.1504,1.1508,0.50,0.50
2007.12.24 01:27:38.699,1.1504,1.1509,0.50,4.10
2007.12.24 01:27:38.806,1.1504,1.1509,0.50,4.10
2007.12.24 01:27:38.913,1.1504,1.1508,0.50,0.50
2007.12.24 01:27:39.022,1.1504,1.1509,0.50,4.10
2007.12.24 01:27:39.129,1.1504,1.1508,0.50,0.50
2007.12.24 01:27:39.281,1.1504,1.1509,0.50,4.10
2007.12.24 01:27:39.434,1.1504,1.1509,0.50,4.10
2007.12.24 01:27:39.586,1.1504,1.1509,0.50,4.10
2007.12.24 01:27:39.739,1.1504,1.1508,0.50,0.50
2007.12.24 01:27:39.891,1.1504,1.1508,0.50,0.50
2007.12.24 01:27:40.043,1.1504,1.1508,0.50,0.50
2007.12.24 01:27:40.211,1.1504,1.1509,0.50,4.10
2007.12.24 01:27:40.378,1.1504,1.1509,0.50,4.10
2007.12.24 01:27:40.545,1.1504,1.1508,0.50,0.50
2007.12.24 01:27:40.713,1.1504,1.1509,0.50,4.10
2007.12.24 01:27:40.880,1.1504,1.1509,0.50,4.10
2007.12.24 01:27:41.047,1.1504,1.1509,0.50,4.10
2007.12.24 01:27:41.214,1.1504,1.1509,0.50,4.10
2007.12.24 01:27:41.358,1.1504,1.1508,0.50,0.50
2007.12.24 01:27:41.500,1.1504,1.1509,0.50,4.10
2007.12.24 01:27:41.642,1.1504,1.1509,0.50,4.10
2007.12.24 01:27:41.784,1.1504,1.1508,0.50,0.50
2007.12.24 01:27:41.926,1.1504,1.1508,0.50,0.50
2007.12.24 01:27:42.069,1.1504,1.1508,0.50,0.50
2007.12.24 01:27:42.213,1.1504,1.1508,0.50,0.50
2007.12.24 01:27:42.321,1.1504,1.1509,0.50,4.10
2007.12.24 01:27:42.428,1.1504,1.1509,0.50,4.10
2007.12.24 01:27:42.535,1.1504,1.1509,0.50,4.10
2007.12.24 01:27:42.643,1.1504,1.1509,0.50,4.10
2007.12.24 01:27:42.750,1.1504,1.1509,0.50,4.10
2007.12.24 01:27:42.857,1.1504,1.1509,0.50,4.10
2007.12.24 01:27:42.965,1.1504,1.1508,0.50,0.50
2007.12.24 01:27:43.072,1.1504,1.1509,0.50,4.10
2007.12.24 01:27:43.179,1.1504,1.1508,0.50,0.50
2007.12.24 01:27:43.313,1.1504,1.1508,0.50,0.50
2007.12.24 01:27:43.445,1.1504,1.1509,0.50,4.10
2007.12.24 01:27:43.577,1.1504,1.1508,0.50,0.50
2007.12.24 01:27:43.709,1.1504,1.1508,0.50,0.50
2007.12.24 01:27:43.843,1.1504,1.1508,0.50,0.50
2007.12.24 01:27:43.975,1.1504,1.1509,0.50,4.10
2007.12.24 01:27:44.110,1.1504,1.1509,0.50,4.10
2007.12.24 01:27:44.258,1.1504,1.1509,0.50,4.10
2007.12.24 01:27:44.406,1.1504,1.1508,0.50,0.50
2007.12.24 01:27:44.553,1.1504,1.1509,0.50,4.10
2007.12.24 01:27:44.700,1.1504,1.1509,0.50,4.10
2007.12.24 01:27:44.854,1.1504,1.1508,0.50,0.50
2007.12.24 01:27:45.001,1.1504,1.1509,0.50,4.10
2007.12.24 01:27:45.148,1.1504,1.1508,0.50,0.50
2007.12.24 01:27:45.311,1.1504,1.1509,0.50,4.10
2007.12.24 01:27:45.473,1.1504,1.1508,0.50,0.50
2007.12.24 01:27:45.635,1.1504,1.1509,0.50,4.10
2007.12.24 01:27:45.798,1.1504,1.1509,0.50,4.10
2007.12.24 01:27:45.960,1.1504,1.1509,0.50,4.10
2007.12.24 01:27:46.123,1.1504,1.1508,0.50,0.50
2007.12.24 01:27:46.285,1.1504,1.1509,0.50,4.10
2007.12.24 01:27:46.452,1.1504,1.1509,0.50,4.10
2007.12.24 01:27:46.620,1.1504,1.1509,0.50,4.10
2007.12.24 01:27:46.787,1.1504,1.1509,0.50,4.10
2007.12.24 01:27:46.954,1.1504,1.1509,0.50,4.10
2007.12.24 01:27:47.122,1.1504,1.1509,0.50,4.10
2007.12.24 01:27:47.289,1.1504,1.1508,0.50,0.50
2007.12.24 01:27:47.397,1.1504,1.1509,0.50,4.10
2007.12.24 01:27:47.505,1.1504,1.1508,0.50,0.50
2007.12.24 01:27:47.612,1.1504,1.1508,0.50,0.50
2007.12.24 01:27:47.721,1.1504,1.1509,0.50,4.10
2007.12.24 01:27:47.856,1.1504,1.1509,0.50,4.10
2007.12.24 01:27:47.935,1.1504,1.1509,0.50,4.10
2007.12.24 01:27:48.043,1.1504,1.1508,0.50,0.50
2007.12.24 01:27:48.151,1.1504,1.1509,0.50,4.10
2007.12.24 01:27:48.259,1.1504,1.1509,0.50,4.10
2007.12.24 01:27:48.396,1.1504,1.1509,0.50,4.10
2007.12.24 01:27:48.537,1.1504,1.1509,0.50,4.10
2007.12.24 01:27:48.675,1.1504,1.1509,0.50,4.10
2007.12.24 01:27:48.812,1.1504,1.1509,0.50,4.10
2007.12.24 01:27:48.949,1.1504,1.1508,0.50,0.50
2007.12.24 01:27:49.088,1.1504,1.1509,0.50,4.10
2007.12.24 01:27:49.226,1.1504,1.1508,0.50,0.50
2007.12.24 01:27:49.368,1.1504,1.1509,0.50,4.10
2007.12.24 01:27:49.505,1.1504,1.1509,0.50,4.10
2007.12.24 01:27:49.643,1.1504,1.1508,0.50,0.50
2007.12.24 01:27:49.779,1.1504,1.1509,0.50,4.10
2007.12.24 01:27:49.917,1.1504,1.1509,0.50,4.10
2007.12.24 01:27:50.055,1.1504,1.1508,0.50,0.50
2007.12.24 01:27:50.194,1.1504,1.1508,0.50,0.50
2007.12.24 01:27:50.331,1.1504,1.1509,0.50,4.10
2007.12.24 01:27:50.438,1.1504,1.1509,0.50,4.10
2007.12.24 01:27:50.545,1.1504,1.1509,0.50,4.10
2007.12.24 01:27:50.652,1.1504,1.1509,0.50,4.10
2007.12.24 01:27:50.759,1.1504,1.1509,0.50,4.10
2007.12.24 01:27:50.867,1.1504,1.1508,0.50,0.50
2007.12.24 01:27:50.975,1.1504,1.1509,0.50,4.10
2007.12.24 01:27:51.082,1.1504,1.1509,0.50,4.10
2007.12.24 01:27:51.189,1.1504,1.1508,0.50,0.50
2007.12.24 01:27:51.298,1.1504,1.1508,0.50,0.50
2007.12.24 01:27:51.414,1.1504,1.1508,0.50,0.50
2007.12.24 01:27:51.557,1.1504,1.1509,0.50,4.10
2007.12.24 01:27:51.700,1.1504,1.1509,0.50,4.10
2007.12.24 01:27:51.842,1.1504,1.1509,0.50,4.10
2007.12.24 01:27:51.984,1.1504,1.1509,0.50,4.10
2007.12.24 01:27:52.126,1.1504,1.1509,0.50,4.10
2007.12.24 01:27:52.269,1.1504,1.1508,0.50,0.50
2007.12.24 01:27:52.411,1.1504,1.1509,0.50,4.10
2007.12.24 01:27:52.577,1.1504,1.1509,0.50,4.10
2007.12.24 01:27:52.745,1.1504,1.1508,0.50,0.50
2007.12.24 01:27:52.913,1.1504,1.1508,0.50,0.50
2007.12.24 01:27:53.080,1.1504,1.1508,0.50,0.50
2007.12.24 01:27:53.248,1.1504,1.1509,0.50,4.10
2007.12.24 01:27:53.415,1.1504,1.1508,0.50,0.50
2007.12.24 01:27:53.591,1.1504,1.1508,0.50,0.50
2007.12.24 01:27:53.728,1.1504,1.1509,0.50,4.10
2007.12.24 01:27:53.866,1.1504,1.1509,0.50,4.10
2007.12.24 01:27:54.004,1.1504,1.1509,0.50,4.10
2007.12.24 01:27:54.141,1.1504,1.1508,0.50,0.50
2007.12.24 01:27:54.279,1.1504,1.1508,0.50,0.50
2007.12.24 01:27:54.416,1.1504,1.1509,0.50,4.10
2007.12.24 01:27:54.554,1.1504,1.1509,0.50,4.10
2007.12.24 01:27:54.711,1.1504,1.1508,0.50,0.50
2007.12.24 01:27:54.868,1.1504,1.1509,0.50,4.10
2007.12.24 01:28:13.901,1.15025,1.1509,8.00,0.60
2007.12.24 01:28:14.009,1.15025,1.1509,8.00,0.90
2007.12.24 01:28:14.116,1.15025,1.1511,8.00,8.20
2007.12.24 01:28:14.223,1.15025,1.1511,8.00,8.20
2007.12.24 01:28:14.512,1.15025,1.1509,8.00,0.90
2007.12.24 01:28:14.799,1.15025,1.1511,8.00,8.20
2007.12.24 01:28:15.086,1.15025,1.1509,8.00,0.70
2007.12.24 01:28:15.374,1.15025,1.1509,8.00,0.60
2007.12.24 01:28:15.465,1.15025,1.1511,8.00,8.20
2007.12.24 01:28:15.558,1.15025,1.1509,8.00,0.70
2007.12.24 01:28:15.651,1.15025,1.1511,8.00,8.20
2007.12.24 01:28:15.744,1.15025,1.15115,8.00,8.20
2007.12.24 01:28:15.836,1.15035,1.15095,8.00,0.70
2007.12.24 01:28:15.930,1.1504,1.1508,4.40,0.50
2007.12.24 01:28:16.022,1.1504,1.1509,4.40,5.70
2007.12.24 01:28:16.114,1.1504,1.1509,4.40,5.70
2007.12.24 01:28:16.207,1.1504,1.1509,4.40,5.70
2007.12.24 01:28:16.311,1.1504,1.1508,4.40,0.50
2007.12.24 01:28:16.543,1.1504,1.1508,4.40,0.50
2007.12.24 01:28:16.775,1.1504,1.1509,4.40,5.70
2007.12.24 01:28:17.007,1.1504,1.1509,4.40,5.70
2007.12.24 01:28:17.241,1.1504,1.1508,4.40,0.50
2007.12.24 01:28:17.473,1.1504,1.1508,4.40,0.50
2007.12.24 01:28:17.585,1.1504,1.1509,4.40,5.70
2007.12.24 01:28:17.698,1.1504,1.1509,4.40,5.70
2007.12.24 01:28:17.811,1.1504,1.1509,4.40,5.70
2007.12.24 01:28:17.924,1.1504,1.1509,4.40,5.70
2007.12.24 01:28:18.037,1.1504,1.1509,4.40,5.70
2007.12.24 01:28:18.149,1.1504,1.1509,4.40,5.70
2007.12.24 01:28:18.263,1.1504,1.1509,4.40,5.70
2007.12.24 01:28:18.375,1.1504,1.1508,4.40,0.50
2007.12.24 01:28:18.502,1.1504,1.1509,4.40,5.70
2007.12.24 01:28:18.631,1.1504,1.1508,4.40,0.50
2007.12.24 01:28:18.758,1.1504,1.1508,4.40,0.50
2007.12.24 01:28:18.887,1.1504,1.1509,4.40,5.70
2007.12.24 01:28:19.014,1.1504,1.1509,4.40,5.70
2007.12.24 01:28:19.143,1.1504,1.1508,4.40,0.50
2007.12.24 01:28:19.270,1.1504,1.1508,4.40,0.50
2007.12.24 01:28:19.398,1.1504,1.1509,4.40,5.70
2007.12.24 01:28:19.585,1.1504,1.1509,4.40,5.70
2007.12.24 01:28:19.772,1.1504,1.1509,4.40,5.70
2007.12.24 01:28:19.959,1.1504,1.1508,4.40,0.50
2007.12.24 01:28:20.147,1.1504,1.1509,4.40,5.70
2007.12.24 01:28:20.335,1.1504,1.1509,4.40,5.70
2007.12.24 01:28:20.522,1.1504,1.1509,4.40,5.70
2007.12.24 01:28:20.626,1.1504,1.1508,4.40,0.50
2007.12.24 01:28:20.728,1.1504,1.1508,4.40,0.50
2007.12.24 01:28:20.830,1.1504,1.1508,4.40,0.50
2007.12.24 01:28:20.933,1.1504,1.1509,4.40,5.70
2007.12.24 01:28:21.036,1.1504,1.1509,4.40,5.70
2007.12.24 01:28:21.138,1.1504,1.1508,4.40,0.50
2007.12.24 01:28:21.241,1.1504,1.1509,4.40,5.70
2007.12.24 01:28:21.344,1.1504,1.1509,4.40,5.70
2007.12.24 01:28:21.446,1.1504,1.1509,4.40,5.70
2007.12.24 01:28:21.624,1.1504,1.1509,4.40,5.70
2007.12.24 01:28:21.801,1.1504,1.1508,4.40,0.50
2007.12.24 01:28:21.979,1.1504,1.1508,4.40,0.50
2007.12.24 01:28:22.156,1.1504,1.1509,4.40,5.70
2007.12.24 01:28:22.334,1.1504,1.1508,4.40,0.50
2007.12.24 01:28:22.512,1.1504,1.1508,4.40,0.50
2007.12.24 01:28:22.599,1.1504,1.1508,4.40,0.50
2007.12.24 01:28:22.688,1.1504,1.1508,4.40,0.50
2007.12.24 01:28:22.775,1.1504,1.1509,4.40,5.70
2007.12.24 01:28:22.862,1.1504,1.1508,4.40,0.50
2007.12.24 01:28:22.950,1.1504,1.1509,4.40,5.70
2007.12.24 01:28:23.039,1.1504,1.1508,4.40,0.50
2007.12.24 01:28:23.126,1.1504,1.1509,4.40,5.70
2007.12.24 01:28:23.213,1.1504,1.1509,4.40,5.70
2007.12.24 01:28:23.300,1.1504,1.1508,4.40,0.50
2007.12.24 01:28:23.388,1.1504,1.1509,4.40,5.70
2007.12.24 01:28:23.477,1.1504,1.1509,4.40,5.70
2007.12.24 01:28:23.564,1.1504,1.1509,4.40,5.70
2007.12.24 01:28:23.731,1.1504,1.1509,4.40,5.70
2007.12.24 01:28:23.899,1.1504,1.1509,4.40,5.70
2007.12.24 01:28:24.072,1.1504,1.1509,4.40,5.70
2007.12.24 01:28:24.239,1.1504,1.1509,4.40,5.70
2007.12.24 01:28:24.408,1.1504,1.1508,4.40,0.50
2007.12.24 01:28:24.575,1.1504,1.1509,4.40,5.70
2007.12.24 01:28:24.728,1.1504,1.1508,4.40,0.50
2007.12.24 01:28:24.881,1.1504,1.1508,4.40,0.50
2007.12.24 01:28:25.033,1.1504,1.1508,4.40,0.50
2007.12.24 01:28:25.187,1.1504,1.1508,4.40,0.50
2007.12.24 01:28:25.339,1.1504,1.1509,4.40,5.70
2007.12.24 01:28:25.503,1.1504,1.1508,4.40,0.50
2007.12.24 01:28:25.655,1.1504,1.1508,4.40,0.50
2007.12.24 01:28:25.779,1.1504,1.1509,4.40,5.70
2007.12.24 01:28:25.902,1.1504,1.1508,4.40,0.50
2007.12.24 01:28:26.024,1.1504,1.1508,4.40,0.50
2007.12.24 01:28:26.146,1.1504,1.1508,4.40,0.50
2007.12.24 01:28:26.269,1.1504,1.1508,4.40,0.50
2007.12.24 01:28:26.392,1.1504,1.1509,4.40,5.70
2007.12.24 01:28:26.516,1.1504,1.1508,4.40,0.50
2007.12.24 01:28:26.638,1.1504,1.1509,4.40,5.70
2007.12.24 01:28:26.760,1.1504,1.1508,4.40,0.50
2007.12.24 01:28:26.938,1.1504,1.1509,4.40,5.70
2007.12.24 01:28:27.116,1.1504,1.1508,4.40,0.50
2007.12.24 01:28:27.293,1.1504,1.1508,4.40,0.50
2007.12.24 01:28:27.471,1.1504,1.1508,4.40,0.50
2007.12.24 01:28:27.648,1.1504,1.1508,4.40,0.50
2007.12.24 01:28:27.826,1.1504,1.1508,4.40,0.50
2007.12.24 01:28:27.983,1.1504,1.1508,4.40,0.50
2007.12.24 01:28:28.141,1.1504,1.1509,4.40,5.70
2007.12.24 01:28:28.299,1.1504,1.1508,4.40,0.50
2007.12.24 01:28:28.457,1.1504,1.1509,4.40,5.70
2007.12.24 01:28:28.614,1.1504,1.1508,4.40,0.50
2007.12.24 01:28:28.772,1.1504,1.1509,4.40,5.70
2007.12.24 01:28:28.880,1.1504,1.1508,4.40,0.50
2007.12.24 01:28:28.988,1.1504,1.1509,4.40,5.70
2007.12.24 01:28:29.095,1.1504,1.1509,4.40,5.70
2007.12.24 01:28:29.203,1.1504,1.1509,4.40,5.70
2007.12.24 01:28:29.311,1.1504,1.1509,4.40,5.70
2007.12.24 01:28:29.419,1.1504,1.1509,4.40,5.70
2007.12.24 01:28:29.526,1.1504,1.1509,4.40,5.70
2007.12.24 01:28:29.647,1.1504,1.1509,4.40,5.70
2007.12.24 01:28:29.742,1.1504,1.1508,4.40,0.50
2007.12.24 01:28:29.884,1.1504,1.1508,4.40,0.50
2007.12.24 01:28:30.028,1.1504,1.1508,4.40,0.50
2007.12.24 01:28:30.170,1.1504,1.1509,4.40,5.70
2007.12.24 01:28:30.313,1.1504,1.1508,4.40,0.50
2007.12.24 01:28:30.455,1.1504,1.1509,4.40,5.70
2007.12.24 01:28:30.597,1.1504,1.1509,4.40,5.70
2007.12.24 01:28:30.740,1.1504,1.1509,4.40,5.70
2007.12.24 01:28:30.883,1.1504,1.1509,4.40,5.70
2007.12.24 01:28:30.990,1.1504,1.1509,4.40,5.70
2007.12.24 01:28:31.097,1.1504,1.1509,4.40,5.70
2007.12.24 01:28:31.206,1.1504,1.1509,4.40,5.70
2007.12.24 01:28:31.314,1.1504,1.1509,4.40,5.70
2007.12.24 01:28:31.421,1.1504,1.1509,4.40,5.70
2007.12.24 01:28:31.528,1.1504,1.1509,4.40,5.70
2007.12.24 01:28:31.636,1.1504,1.1509,4.40,5.70
2007.12.24 01:28:31.745,1.1504,1.1509,4.40,5.70
2007.12.24 01:28:31.852,1.1504,1.1508,4.40,0.50
2007.12.24 01:28:31.989,1.1504,1.1509,4.40,5.70
2007.12.24 01:28:32.127,1.1504,1.1509,4.40,5.70
2007.12.24 01:28:32.265,1.1504,1.1508,4.40,0.50
2007.12.24 01:28:32.402,1.1504,1.1508,4.40,0.50
2007.12.24 01:28:32.540,1.1504,1.1508,4.40,0.50
2007.12.24 01:28:32.678,1.1504,1.1509,4.40,5.70
2007.12.24 01:28:32.816,1.1504,1.1509,4.40,5.70
2007.12.24 01:28:32.923,1.1504,1.1508,4.40,0.50
2007.12.24 01:28:33.031,1.1504,1.1508,4.40,0.50
2007.12.24 01:28:33.139,1.1504,1.1509,4.40,5.70
2007.12.24 01:28:33.246,1.1504,1.1509,4.40,5.70
2007.12.24 01:28:33.366,1.1504,1.1509,4.40,5.70
2007.12.24 01:28:33.474,1.1504,1.1508,4.40,0.50
2007.12.24 01:28:33.582,1.1504,1.1509,4.40,5.70
2007.12.24 01:28:33.689,1.1504,1.1509,4.40,5.70
2007.12.24 01:28:33.797,1.1504,1.1508,4.40,0.50
2007.12.24 01:28:33.944,1.1504,1.1509,4.40,5.70
2007.12.24 01:28:34.092,1.1504,1.1508,4.40,0.50
2007.12.24 01:28:34.240,1.1504,1.1509,4.40,5.70
2007.12.24 01:28:34.387,1.1504,1.1509,4.40,5.70
2007.12.24 01:28:34.534,1.1504,1.1508,4.40,0.50
2007.12.24 01:28:34.682,1.1504,1.1509,4.40,5.70
2007.12.24 01:28:34.830,1.1504,1.1509,4.40,5.70
2007.12.24 01:28:34.955,1.1504,1.1509,4.40,5.70
2007.12.24 01:28:35.068,1.1504,1.1508,4.40,0.50
2007.12.24 01:28:35.181,1.1504,1.1509,4.40,5.70
2007.12.24 01:28:35.294,1.1504,1.1508,4.40,0.50
2007.12.24 01:28:35.407,1.1504,1.1508,4.40,0.50
2007.12.24 01:28:35.519,1.1504,1.1508,4.40,0.50
2007.12.24 01:28:35.632,1.1504,1.1508,4.40,0.50
2007.12.24 01:28:35.745,1.1504,1.1508,4.40,0.50
2007.12.24 01:28:35.858,1.1504,1.1508,4.40,0.50
2007.12.24 01:28:35.970,1.1504,1.1509,4.40,5.70
2007.12.24 01:28:36.108,1.1504,1.1509,4.40,5.70
2007.12.24 01:28:36.246,1.1504,1.1509,4.40,5.70
2007.12.24 01:28:36.385,1.1504,1.1508,4.40,0.50
2007.12.24 01:28:36.521,1.1504,1.1509,4.40,5.70
2007.12.24 01:28:36.659,1.1504,1.1508,4.40,0.50
2007.12.24 01:28:36.798,1.1504,1.1509,4.40,5.70
2007.12.24 01:28:36.935,1.1504,1.1509,4.40,5.70
2007.12.24 01:28:37.048,1.1504,1.1508,4.40,0.50
2007.12.24 01:28:37.161,1.1504,1.1509,4.40,5.70
2007.12.24 01:28:37.274,1.1504,1.1509,4.40,5.70
2007.12.24 01:28:37.387,1.1504,1.1508,4.40,0.50
2007.12.24 01:28:37.499,1.1504,1.1509,4.40,5.70
2007.12.24 01:28:37.611,1.1504,1.1508,4.40,0.50
2007.12.24 01:28:37.724,1.1504,1.1508,4.40,0.50
2007.12.24 01:28:37.837,1.1504,1.1509,4.40,5.70
2007.12.24 01:28:37.950,1.1504,1.1509,4.40,5.70
2007.12.24 01:28:38.082,1.1504,1.1509,4.40,5.70
2007.12.24 01:28:38.215,1.1504,1.1509,4.40,5.70
2007.12.24 01:28:38.347,1.1504,1.1509,4.40,5.70
2007.12.24 01:28:38.480,1.1504,1.1509,4.40,5.70
2007.12.24 01:28:38.613,1.1504,1.1509,4.40,5.70
2007.12.24 01:28:38.745,1.1504,1.1509,4.40,5.70
2007.12.24 01:28:38.878,1.1504,1.1508,4.40,0.50
2007.12.24 01:28:39.011,1.1504,1.1508,4.40,0.50
2007.12.24 01:28:39.124,1.1504,1.1508,4.40,0.50
2007.12.24 01:28:39.237,1.1504,1.1508,4.40,0.50
2007.12.24 01:28:39.349,1.1504,1.1508,4.40,0.50
2007.12.24 01:28:39.462,1.1504,1.1508,4.40,0.50
2007.12.24 01:28:39.575,1.1504,1.1508,4.40,0.50
2007.12.24 01:28:39.687,1.1504,1.1508,4.40,0.50
2007.12.24 01:28:39.800,1.1504,1.1508,4.40,0.50
2007.12.24 01:28:39.913,1.1504,1.1508,4.40,0.50
2007.12.24 01:28:40.026,1.1504,1.1508,4.40,0.50
2007.12.24 01:28:40.164,1.1504,1.1508,4.40,0.50
2007.12.24 01:28:40.301,1.1504,1.1508,4.40,0.50
2007.12.24 01:28:40.439,1.1504,1.1508,4.40,0.50
2007.12.24 01:28:40.577,1.1504,1.1508,4.40,0.50
2007.12.24 01:28:40.715,1.1504,1.1508,4.40,0.50
2007.12.24 01:28:40.853,1.1504,1.1508,4.40,0.50
2007.12.24 01:28:40.991,1.1504,1.1508,4.40,0.50
2007.12.24 01:28:41.129,1.1504,1.1508,4.40,0.50
2007.12.24 01:28:41.256,1.1504,1.1508,4.40,0.50
2007.12.24 01:28:41.384,1.1504,1.1508,4.40,0.50
2007.12.24 01:28:41.512,1.1504,1.1508,4.40,0.50
2007.12.24 01:28:41.644,1.1504,1.1508,4.40,0.50
2007.12.24 01:28:41.772,1.1504,1.1508,4.40,0.50
2007.12.24 01:28:41.900,1.1504,1.1508,4.40,0.50
2007.12.24 01:28:42.027,1.1504,1.1508,4.40,0.50
2007.12.24 01:28:42.150,1.1504,1.1508,4.40,0.50
2007.12.24 01:28:42.273,1.1504,1.1508,4.40,0.50
2007.12.24 01:28:42.395,1.1504,1.1508,4.40,0.50
2007.12.24 01:28:42.518,1.1504,1.1508,4.40,0.50
2007.12.24 01:28:42.641,1.1504,1.1508,4.40,0.50
2007.12.24 01:28:42.764,1.1504,1.1508,4.40,0.50
2007.12.24 01:28:42.886,1.1504,1.1508,4.40,0.50
2007.12.24 01:28:43.009,1.1504,1.1508,4.40,0.50
2007.12.24 01:28:43.131,1.1504,1.1508,4.40,0.50
2007.12.24 01:28:43.254,1.1504,1.1508,4.40,0.50
2007.12.24 01:28:43.377,1.1504,1.1508,4.40,0.50
2007.12.24 01:28:43.500,1.1504,1.1508,4.40,0.50
2007.12.24 01:28:43.623,1.1504,1.1508,4.40,0.50
2007.12.24 01:28:43.745,1.1504,1.1508,4.40,0.50
2007.12.24 01:28:43.883,1.1504,1.1508,4.40,0.50
2007.12.24 01:28:43.992,1.1504,1.1508,4.40,0.50
2007.12.24 01:28:44.115,1.1504,1.1508,4.40,0.50
2007.12.24 01:28:44.238,1.1504,1.1508,4.40,0.50
2007.12.24 01:28:44.361,1.1504,1.1508,4.40,0.50
2007.12.24 01:28:44.483,1.1504,1.1508,4.40,0.50
2007.12.24 01:28:44.606,1.1504,1.1508,4.40,0.50
2007.12.24 01:28:44.729,1.1504,1.1508,4.40,0.50
2007.12.24 01:28:44.852,1.1504,1.1508,4.40,0.50
2007.12.24 01:28:44.974,1.1504,1.1508,4.40,0.50
2007.12.24 01:28:45.097,1.1504,1.1508,4.40,0.50
2007.12.24 01:28:45.224,1.1504,1.1508,4.40,0.50
2007.12.24 01:28:45.352,1.1504,1.1508,4.40,0.50
2007.12.24 01:28:45.493,1.1504,1.1508,4.40,0.50
2007.12.24 01:28:45.620,1.1504,1.1508,4.40,0.50
2007.12.24 01:28:45.748,1.1504,1.1508,4.40,0.50
2007.12.24 01:28:45.875,1.1504,1.1508,4.40,0.50
2007.12.24 01:28:46.002,1.15035,1.15095,8.00,8.00
2007.12.24 01:28:46.130,1.15035,1.15095,8.00,8.00
2007.12.24 01:28:46.272,1.15035,1.15095,8.00,8.00
2007.12.24 01:28:46.415,1.15035,1.15095,8.00,8.00
2007.12.24 01:28:56.261,1.1505,1.1509,0.50,4.40
2007.12.24 01:28:56.424,1.1505,1.1509,0.50,4.40
2007.12.24 01:28:56.551,1.1505,1.1509,0.50,4.40
2007.12.24 01:28:56.680,1.1505,1.1509,0.50,4.40
2007.12.24 01:28:56.819,1.1505,1.1509,0.50,4.40
2007.12.24 01:28:56.946,1.1505,1.1509,0.50,4.40
2007.12.24 01:28:57.074,1.1505,1.1509,0.50,4.40
2007.12.24 01:28:57.201,1.1505,1.1509,0.50,4.40
2007.12.24 01:28:57.328,1.1505,1.1509,0.50,4.40
2007.12.24 01:28:57.456,1.1505,1.1509,0.50,4.40
2007.12.24 01:28:57.573,1.1505,1.1509,0.50,4.40
2007.12.24 01:28:57.691,1.1505,1.1509,0.50,4.40
2007.12.24 01:28:57.810,1.1505,1.1509,0.50,4.40
2007.12.24 01:28:57.927,1.1505,1.1509,0.50,4.40
2007.12.24 01:28:58.044,1.1505,1.1509,0.50,4.40
2007.12.24 01:28:58.162,1.1505,1.1509,0.50,4.40
2007.12.24 01:28:58.279,1.1505,1.1509,0.50,4.40
2007.12.24 01:28:58.396,1.1505,1.1509,0.50,4.40
2007.12.24 01:28:58.514,1.1505,1.1509,0.50,4.40
2007.12.24 01:28:58.686,1.1505,1.1509,0.50,4.40
2007.12.24 01:28:58.859,1.1505,1.1509,0.50,4.40
2007.12.24 01:28:59.031,1.1505,1.1509,0.50,4.40
2007.12.24 01:28:59.204,1.1505,1.1509,0.50,4.40
2007.12.24 01:28:59.377,1.1505,1.1509,0.50,4.40
2007.12.24 01:28:59.549,1.1505,1.1509,0.50,4.40
2007.12.24 01:28:59.642,1.1505,1.1509,0.50,4.40
2007.12.24 01:28:59.735,1.1505,1.1509,0.50,4.40
2007.12.24 01:28:59.827,1.1505,1.1509,0.50,4.40
2007.12.24 01:28:59.919,1.1505,1.1509,0.50,4.40
2007.12.24 01:29:00.013,1.1505,1.1509,0.50,4.40
2007.12.24 01:29:00.105,1.1505,1.1509,0.50,4.40
2007.12.24 01:29:00.197,1.1505,1.1509,0.50,4.40
2007.12.24 01:29:00.291,1.1505,1.1509,0.50,4.40
2007.12.24 01:29:00.383,1.1505,1.1509,0.50,4.40
2007.12.24 01:29:00.475,1.1505,1.1509,0.50,4.40
2007.12.24 01:29:00.568,1.1505,1.1509,0.50,4.40
2007.12.24 01:29:00.776,1.1505,1.1509,0.50,4.40
2007.12.24 01:29:00.983,1.1505,1.1509,0.50,4.40
2007.12.24 01:29:01.190,1.1505,1.1509,0.50,4.40
2007.12.24 01:29:01.398,1.1505,1.1509,0.50,4.40
2007.12.24 01:29:01.606,1.1505,1.1509,0.50,4.40
2007.12.24 01:29:01.813,1.1505,1.1509,0.50,4.40
2007.12.24 01:29:01.890,1.1505,1.1509,0.50,4.40
2007.12.24 01:29:01.977,1.1505,1.1509,0.50,4.40
2007.12.24 01:29:02.054,1.1505,1.1509,0.50,4.40
2007.12.24 01:29:02.131,1.1505,1.1509,0.50,4.40
2007.12.24 01:29:02.208,1.1505,1.1509,0.50,4.40
2007.12.24 01:29:02.286,1.1505,1.1509,0.50,4.40
2007.12.24 01:29:02.364,1.1505,1.1509,0.50,4.40
2007.12.24 01:29:02.441,1.1505,1.1509,0.50,4.40
2007.12.24 01:29:02.518,1.1505,1.1509,0.50,4.40
2007.12.24 01:29:02.596,1.1505,1.1509,0.50,4.40
2007.12.24 01:29:02.674,1.1505,1.1509,0.50,4.40
2007.12.24 01:29:02.866,1.1505,1.1509,0.50,4.40
2007.12.24 01:29:03.059,1.1505,1.1509,0.50,4.40
2007.12.24 01:29:03.251,1.1505,1.1509,0.50,4.40
2007.12.24 01:29:03.444,1.1505,1.1509,0.50,4.40
2007.12.24 01:29:03.636,1.1505,1.1509,0.50,4.40
2007.12.24 01:29:03.829,1.1505,1.1509,0.50,4.40
2007.12.24 01:29:03.916,1.1505,1.1509,0.50,4.40
2007.12.24 01:29:04.004,1.1505,1.1509,0.50,4.40
2007.12.24 01:29:04.092,1.1505,1.1509,0.50,4.40
2007.12.24 01:29:04.180,1.1505,1.1509,0.50,4.40
2007.12.24 01:29:04.267,1.1505,1.1509,0.50,4.40
2007.12.24 01:29:04.354,1.1505,1.1509,0.50,4.40
2007.12.24 01:29:04.441,1.1505,1.1509,0.50,4.40
2007.12.24 01:29:04.528,1.1505,1.1509,0.50,4.40
2007.12.24 01:29:04.616,1.1505,1.1509,0.50,4.40
2007.12.24 01:29:04.704,1.1505,1.1509,0.50,4.40
2007.12.24 01:29:04.792,1.1505,1.1509,0.50,4.40
2007.12.24 01:29:04.944,1.1505,1.1509,0.50,4.40
2007.12.24 01:29:05.096,1.1505,1.1509,0.50,4.40
2007.12.24 01:29:05.248,1.1505,1.1509,0.50,4.40
2007.12.24 01:29:05.401,1.1505,1.1509,0.50,4.40
2007.12.24 01:29:05.553,1.1505,1.1509,0.50,4.40
2007.12.24 01:29:05.706,1.1505,1.1509,0.50,4.40
2007.12.24 01:29:05.859,1.1505,1.1509,0.50,4.40
2007.12.24 01:29:05.961,1.1505,1.1509,0.50,4.40
2007.12.24 01:29:06.064,1.1505,1.1509,0.50,4.40
2007.12.24 01:29:06.166,1.1505,1.1509,0.50,4.40
2007.12.24 01:29:06.269,1.1505,1.1509,0.50,4.40
2007.12.24 01:29:06.371,1.1505,1.1509,0.50,4.40
2007.12.24 01:29:06.487,1.1505,1.1509,0.50,4.40
2007.12.24 01:29:06.577,1.1505,1.1509,0.50,4.40
2007.12.24 01:29:06.679,1.1505,1.1509,0.50,4.40
2007.12.24 01:29:06.782,1.1505,1.1509,0.50,4.40
2007.12.24 01:29:06.945,1.1505,1.1509,0.50,4.40
2007.12.24 01:29:07.108,1.1505,1.1509,0.50,4.40
2007.12.24 01:29:07.270,1.1505,1.1509,0.50,4.40
2007.12.24 01:29:07.433,1.1505,1.1509,0.50,4.40
2007.12.24 01:29:07.595,1.1505,1.1509,0.50,4.40
2007.12.24 01:29:07.758,1.1505,1.1509,0.50,4.40
2007.12.24 01:29:07.856,1.1505,1.1509,0.50,4.40
2007.12.24 01:29:07.954,1.1505,1.1509,0.50,4.40
2007.12.24 01:29:08.051,1.1505,1.1509,0.50,4.40
2007.12.24 01:29:08.148,1.1505,1.1509,0.50,4.40
2007.12.24 01:29:08.246,1.1505,1.1509,0.50,4.40
2007.12.24 01:29:08.344,1.1505,1.1509,0.50,4.40
2007.12.24 01:29:08.441,1.1505,1.1509,0.50,4.40
2007.12.24 01:29:08.539,1.1505,1.1509,0.50,4.40
2007.12.24 01:29:08.637,1.1505,1.1509,0.50,4.40
2007.12.24 01:29:08.734,1.1505,1.1509,0.50,4.40
2007.12.24 01:29:08.832,1.1505,1.1509,0.50,4.40
2007.12.24 01:29:08.985,1.1505,1.1509,0.50,4.40
2007.12.24 01:29:09.136,1.1505,1.1509,0.50,4.40
2007.12.24 01:29:09.289,1.1505,1.1509,0.50,4.40
2007.12.24 01:29:09.442,1.1505,1.1509,0.50,4.40
2007.12.24 01:29:09.595,1.1505,1.1509,0.50,4.40
2007.12.24 01:29:09.747,1.1505,1.1509,0.50,4.40
2007.12.24 01:29:09.900,1.1505,1.1509,0.50,4.40
2007.12.24 01:29:10.028,1.1505,1.1509,0.50,4.40
2007.12.24 01:29:10.156,1.1505,1.1509,0.50,4.40
2007.12.24 01:29:10.283,1.1505,1.1509,0.50,4.40
2007.12.24 01:29:10.411,1.1505,1.1509,0.50,4.40
2007.12.24 01:29:10.538,1.1505,1.1509,0.50,4.40
2007.12.24 01:29:10.666,1.1505,1.1509,0.50,4.40
2007.12.24 01:29:10.793,1.1505,1.1509,0.50,4.40
2007.12.24 01:29:10.921,1.1505,1.1509,0.50,4.40
2007.12.24 01:29:11.049,1.1505,1.1509,0.50,4.40
2007.12.24 01:29:11.176,1.1505,1.1509,0.50,4.40
2007.12.24 01:29:11.304,1.1505,1.1509,0.50,4.40
2007.12.24 01:29:11.431,1.1505,1.1509,0.50,4.40
2007.12.24 01:29:11.559,1.1505,1.1509,0.50,4.40
2007.12.24 01:29:11.686,1.1505,1.1509,0.50,4.40
2007.12.24 01:29:11.814,1.1505,1.1509,0.50,4.40
2007.12.24 01:29:11.941,1.1505,1.1509,0.50,4.40
2007.12.24 01:29:12.064,1.1505,1.1509,0.50,4.40
2007.12.24 01:29:12.187,1.1505,1.1509,0.50,4.40
2007.12.24 01:29:12.309,1.1505,1.1509,0.50,4.40
2007.12.24 01:29:12.431,1.1505,1.1509,0.50,4.40
2007.12.24 01:29:12.554,1.1505,1.1509,0.50,4.40
2007.12.24 01:29:12.676,1.1505,1.1509,0.50,4.40
2007.12.24 01:29:12.799,1.1505,1.1509,0.50,4.40
2007.12.24 01:29:12.922,1.1505,1.1509,0.50,4.40
2007.12.24 01:29:13.044,1.1505,1.1509,0.50,4.40
2007.12.24 01:29:13.172,1.1505,1.1509,0.50,4.40
2007.12.24 01:29:13.299,1.1505,1.1509,0.50,4.40
2007.12.24 01:29:13.427,1.1505,1.1509,0.50,4.40
2007.12.24 01:29:13.555,1.1505,1.1509,0.50,4.40
2007.12.24 01:29:13.683,1.1505,1.1509,0.50,4.40
2007.12.24 01:29:13.810,1.1505,1.1509,0.50,4.40
2007.12.24 01:29:13.938,1.1505,1.1509,0.50,4.40
2007.12.24 01:29:14.065,1.1505,1.1509,0.50,4.40
2007.12.24 01:29:14.192,1.1505,1.1509,0.50,4.40
2007.12.24 01:29:14.320,1.1505,1.1509,0.50,4.40
2007.12.24 01:29:14.448,1.1505,1.1509,0.50,4.40
2007.12.24 01:29:14.576,1.1505,1.1509,0.50,4.40
2007.12.24 01:29:14.704,1.1505,1.1509,0.50,4.40
2007.12.24 01:29:14.831,1.1505,1.1509,0.50,4.40
2007.12.24 01:29:14.959,1.1505,1.1509,0.50,4.40
2007.12.24 01:29:15.082,1.1505,1.1509,0.50,4.40
2007.12.24 01:29:15.204,1.1505,1.1509,0.50,4.40
2007.12.24 01:29:15.326,1.1505,1.1509,0.50,4.40
2007.12.24 01:29:15.449,1.1505,1.1509,0.50,4.40
2007.12.24 01:29:15.572,1.1505,1.1509,0.50,4.40
2007.12.24 01:29:15.695,1.1505,1.1509,0.50,4.40
2007.12.24 01:29:15.817,1.1505,1.1509,0.50,4.40
2007.12.24 01:29:15.940,1.1505,1.1509,0.50,0.50
2007.12.24 01:29:16.062,1.1505,1.1509,0.50,0.50
2007.12.24 01:29:16.274,1.1505,1.1509,0.50,0.50
2007.12.24 01:29:16.494,1.1505,1.1509,0.50,0.50
2007.12.24 01:29:16.707,1.1505,1.1509,0.50,0.50
2007.12.24 01:29:16.919,1.1505,1.1509,0.50,0.50
2007.12.24 01:29:17.132,1.1505,1.1509,0.50,0.50
2007.12.24 01:29:17.245,1.1505,1.1509,0.50,0.50
2007.12.24 01:29:17.357,1.1505,1.1509,0.50,0.50
2007.12.24 01:29:17.478,1.1505,1.1509,0.50,0.50
2007.12.24 01:29:17.591,1.1505,1.1509,0.50,0.50
2007.12.24 01:29:17.703,1.1505,1.1509,0.50,0.50
2007.12.24 01:29:17.816,1.1505,1.1509,0.50,0.50
2007.12.24 01:29:17.929,1.1505,1.1509,0.50,0.50
2007.12.24 01:29:18.041,1.1505,1.1509,0.50,0.50
2007.12.24 01:29:18.173,1.1505,1.1509,0.50,0.50
2007.12.24 01:29:18.306,1.1505,1.1509,0.50,0.50
2007.12.24 01:29:18.438,1.1505,1.1509,0.50,0.50
2007.12.24 01:29:18.570,1.1505,1.1509,0.50,0.50
2007.12.24 01:29:18.703,1.1505,1.1509,0.50,0.50
2007.12.24 01:29:18.835,1.1505,1.1509,0.50,0.50
2007.12.24 01:29:18.968,1.1505,1.1509,0.50,0.50
2007.12.24 01:29:19.101,1.1505,1.1509,0.50,0.50
2007.12.24 01:29:19.259,1.1505,1.1509,0.50,0.50
2007.12.24 01:29:19.417,1.1505,1.1509,0.50,0.50
2007.12.24 01:29:19.575,1.1505,1.1509,0.50,0.50
2007.12.24 01:29:19.732,1.1505,1.1509,0.50,0.50
2007.12.24 01:29:19.901,1.1505,1.1509,0.50,0.50
2007.12.24 01:29:20.047,1.1505,1.1509,0.50,0.50
2007.12.24 01:29:20.205,1.1505,1.1509,0.50,0.50
2007.12.24 01:29:20.427,1.1505,1.1509,0.50,0.50
2007.12.24 01:29:20.649,1.1505,1.1509,0.50,0.50
2007.12.24 01:29:20.870,1.1505,1.1509,0.50,0.50
2007.12.24 01:29:21.093,1.1505,1.1509,0.50,0.50
2007.12.24 01:29:21.315,1.1505,1.1509,0.50,0.50
2007.12.24 01:29:21.433,1.1505,1.1509,0.50,0.50
2007.12.24 01:29:21.551,1.1505,1.1509,0.50,0.50
2007.12.24 01:29:21.668,1.1505,1.1509,0.50,0.50
2007.12.24 01:29:21.786,1.1505,1.1509,0.50,0.50
2007.12.24 01:29:21.903,1.1505,1.1509,0.50,0.50
2007.12.24 01:29:22.021,1.1505,1.1509,0.50,0.50
2007.12.24 01:29:22.138,1.1505,1.1509,0.50,0.50
2007.12.24 01:29:22.256,1.1505,1.1509,0.50,0.50
2007.12.24 01:29:22.389,1.1505,1.1509,0.50,0.50
2007.12.24 01:29:22.522,1.1505,1.1509,0.50,0.50
2007.12.24 01:29:22.655,1.1505,1.1509,0.50,0.50
2007.12.24 01:29:22.788,1.1505,1.1509,0.50,0.50
2007.12.24 01:29:22.934,1.1505,1.1509,0.50,0.50
2007.12.24 01:29:23.053,1.1505,1.1509,0.50,0.50
2007.12.24 01:29:23.186,1.1505,1.1509,0.50,0.50
2007.12.24 01:29:23.359,1.1505,1.1509,0.50,0.50
2007.12.24 01:29:23.531,1.1505,1.1509,0.50,0.50
2007.12.24 01:29:23.704,1.1505,1.1509,0.50,0.50
2007.12.24 01:29:23.876,1.1505,1.1509,0.50,0.50
2007.12.24 01:29:24.049,1.1505,1.1509,0.50,0.50
2007.12.24 01:29:24.221,1.1505,1.1509,0.50,0.50
2007.12.24 01:29:24.394,1.1505,1.1509,0.50,0.50
2007.12.24 01:29:24.497,1.1505,1.1509,0.50,0.50
2007.12.24 01:29:24.599,1.1505,1.1509,0.50,0.50
2007.12.24 01:29:24.702,1.1505,1.1509,0.50,0.50
2007.12.24 01:29:24.804,1.1505,1.1509,0.50,0.50
2007.12.24 01:29:24.907,1.1505,1.1509,0.50,0.50
2007.12.24 01:29:25.009,1.1505,1.1509,0.50,0.50
2007.12.24 01:29:25.112,1.1505,1.1509,0.50,0.50
2007.12.24 01:29:25.215,1.1505,1.1509,0.50,0.50
2007.12.24 01:29:25.317,1.1505,1.1509,0.50,0.50
2007.12.24 01:29:25.490,1.1505,1.1509,0.50,0.50
2007.12.24 01:29:25.663,1.1505,1.1509,0.50,0.50
2007.12.24 01:29:25.836,1.1505,1.1509,0.50,0.50
2007.12.24 01:29:26.008,1.1505,1.1509,0.50,0.50
2007.12.24 01:29:26.181,1.1505,1.1509,0.50,0.50
2007.12.24 01:29:26.353,1.1505,1.1509,0.50,0.50
2007.12.24 01:29:26.526,1.1505,1.1509,0.50,0.50
2007.12.24 01:29:26.698,1.1505,1.1509,0.50,0.50
2007.12.24 01:29:26.871,1.1505,1.1509,0.50,0.50
2007.12.24 01:29:27.043,1.1505,1.1509,0.50,0.50
2007.12.24 01:29:27.216,1.1505,1.1509,0.50,0.50
2007.12.24 01:29:27.388,1.1505,1.1509,0.50,0.50
2007.12.24 01:29:27.546,1.1505,1.1509,0.50,0.50
2007.12.24 01:29:27.703,1.1505,1.1509,0.50,0.50
2007.12.24 01:29:27.861,1.1505,1.1509,0.50,0.50
2007.12.24 01:29:28.018,1.1505,1.1509,0.50,0.50
2007.12.24 01:29:28.176,1.1505,1.1509,0.50,0.50
2007.12.24 01:29:28.333,1.1505,1.1509,0.50,0.50
2007.12.24 01:29:28.491,1.1505,1.1509,0.50,0.50
2007.12.24 01:29:28.613,1.1505,1.1509,0.50,0.50
2007.12.24 01:29:28.736,1.1505,1.1509,0.50,0.50
2007.12.24 01:29:28.858,1.1505,1.1509,0.50,0.50
2007.12.24 01:29:28.981,1.1505,1.1509,0.50,0.50
2007.12.24 01:29:29.103,1.1505,1.1509,0.50,0.50
2007.12.24 01:29:29.226,1.1505,1.1509,0.50,0.50
2007.12.24 01:29:29.348,1.1505,1.1509,0.50,0.50
2007.12.24 01:29:29.471,1.1505,1.1509,0.50,0.50
2007.12.24 01:29:29.588,1.1505,1.1509,0.50,0.50
2007.12.24 01:29:29.706,1.1505,1.1509,0.50,0.50
2007.12.24 01:29:29.823,1.1505,1.1509,0.50,0.50
2007.12.24 01:29:29.941,1.1505,1.1509,0.50,0.50
2007.12.24 01:29:30.063,1.1505,1.1509,0.50,0.50
2007.12.24 01:29:30.180,1.1505,1.1509,0.50,0.50
2007.12.24 01:29:30.298,1.1505,1.1509,0.50,0.50
2007.12.24 01:29:30.415,1.1505,1.1509,0.50,0.50
2007.12.24 01:29:30.563,1.1505,1.1509,0.50,0.50
2007.12.24 01:29:30.710,1.1505,1.1509,0.50,0.50
2007.12.24 01:29:30.865,1.1505,1.1509,0.50,0.50
2007.12.24 01:29:31.011,1.1505,1.1509,0.50,0.50
2007.12.24 01:29:31.159,1.1505,1.1509,0.50,0.50
2007.12.24 01:29:31.306,1.1505,1.1509,0.50,0.50
2007.12.24 01:29:31.454,1.1505,1.1509,0.50,0.50
2007.12.24 01:29:31.576,1.1505,1.1509,0.50,0.50
2007.12.24 01:29:31.699,1.1505,1.1509,0.50,0.50
2007.12.24 01:29:31.821,1.1505,1.1509,0.50,0.50
2007.12.24 01:29:31.943,1.1505,1.1509,0.50,0.50
2007.12.24 01:29:32.066,1.1505,1.1509,0.50,0.50
2007.12.24 01:29:32.188,1.1505,1.1509,0.50,0.50
2007.12.24 01:29:32.310,1.1505,1.1509,0.50,0.50
2007.12.24 01:29:32.433,1.1505,1.1509,0.50,0.50
2007.12.24 01:29:32.615,1.1505,1.1509,0.50,0.50
2007.12.24 01:29:32.798,1.1505,1.1509,0.50,0.50
2007.12.24 01:29:32.988,1.1505,1.1509,0.50,0.50
2007.12.24 01:29:33.170,1.1505,1.1509,0.50,0.50
2007.12.24 01:29:33.353,1.1505,1.1509,0.50,0.50
2007.12.24 01:29:33.535,1.1505,1.1509,0.50,0.50
2007.12.24 01:29:33.632,1.1505,1.1509,0.50,0.50
2007.12.24 01:29:33.730,1.1505,1.1509,0.50,0.50
2007.12.24 01:29:33.827,1.1505,1.1509,0.50,0.50
2007.12.24 01:29:33.924,1.1505,1.1509,0.50,0.50
2007.12.24 01:29:34.021,1.1505,1.1509,0.50,0.50
2007.12.24 01:29:34.118,1.1505,1.1509,0.50,0.50
2007.12.24 01:29:34.217,1.1505,1.1509,0.50,0.50
2007.12.24 01:29:34.314,1.1505,1.1509,0.50,0.50
2007.12.24 01:29:34.411,1.1505,1.1509,0.50,0.50
2007.12.24 01:29:34.509,1.1505,1.1509,0.50,0.50
2007.12.24 01:29:34.657,1.1505,1.1509,0.50,0.50
2007.12.24 01:29:34.805,1.1505,1.1509,0.50,0.50
2007.12.24 01:29:34.952,1.1505,1.1509,0.50,0.50
2007.12.24 01:29:35.099,1.1505,1.1509,0.50,0.50
2007.12.24 01:29:35.246,1.1505,1.1509,0.50,0.50
2007.12.24 01:29:35.393,1.1505,1.1509,0.50,0.50
2007.12.24 01:29:35.542,1.1505,1.1509,0.50,0.50
2007.12.24 01:29:35.689,1.1505,1.1509,0.50,0.50
2007.12.24 01:29:35.796,1.1505,1.1509,0.50,0.50
2007.12.24 01:29:35.905,1.1505,1.1509,0.50,0.50
2007.12.24 01:29:36.013,1.1505,1.1509,0.50,0.50
2007.12.24 01:29:36.120,1.1505,1.1509,0.50,0.50
2007.12.24 01:29:36.227,1.1505,1.1509,0.50,0.50
2007.12.24 01:29:36.336,1.1505,1.1509,0.50,0.50
2007.12.24 01:29:36.443,1.1505,1.1509,0.50,0.50
2007.12.24 01:29:36.550,1.1505,1.1509,0.50,0.50
2007.12.24 01:29:36.659,1.1505,1.1509,0.50,0.50
2007.12.24 01:29:36.801,1.1505,1.1509,0.50,0.50
2007.12.24 01:29:36.944,1.1505,1.1509,0.50,0.50
2007.12.24 01:29:37.086,1.1505,1.1509,0.50,0.50
2007.12.24 01:29:37.228,1.1505,1.1509,0.50,0.50
2007.12.24 01:29:37.371,1.1505,1.1509,0.50,0.50
2007.12.24 01:29:37.515,1.1505,1.1509,0.50,0.50
2007.12.24 01:29:37.657,1.1505,1.1509,0.50,0.50
2007.12.24 01:29:37.759,1.1505,1.1509,0.50,0.50
2007.12.24 01:29:37.863,1.1505,1.1509,0.50,0.50
2007.12.24 01:29:37.965,1.1505,1.1509,0.50,0.50
2007.12.24 01:29:38.067,1.1505,1.1509,0.50,0.50
2007.12.24 01:29:38.170,1.1505,1.1509,0.50,0.50
2007.12.24 01:29:38.272,1.1505,1.1509,0.50,0.50
2007.12.24 01:29:38.374,1.1505,1.1509,0.50,0.50
2007.12.24 01:29:38.477,1.1505,1.1509,0.50,0.50
2007.12.24 01:29:38.579,1.1505,1.1509,0.50,0.50
2007.12.24 01:29:38.681,1.1505,1.1509,0.50,0.50
2007.12.24 01:29:38.828,1.1505,1.1509,0.50,0.50
2007.12.24 01:29:38.976,1.1505,1.1509,0.50,0.50
2007.12.24 01:29:39.123,1.1505,1.1509,0.50,0.50
2007.12.24 01:29:39.271,1.1505,1.1509,0.50,0.50
2007.12.24 01:29:39.418,1.1505,1.1509,0.50,0.50
2007.12.24 01:29:39.565,1.1505,1.1509,0.50,0.50
2007.12.24 01:29:39.713,1.1505,1.1509,0.50,0.50
2007.12.24 01:29:39.860,1.1505,1.1509,0.50,0.50
2007.12.24 01:29:39.967,1.1505,1.1509,0.50,0.50
2007.12.24 01:29:40.076,1.1505,1.1509,0.50,0.50
2007.12.24 01:29:40.183,1.1505,1.1509,0.50,0.50
2007.12.24 01:29:40.290,1.1505,1.1509,0.50,0.50
2007.12.24 01:29:40.399,1.1505,1.1509,0.50,0.50
2007.12.24 01:29:40.506,1.1505,1.1509,0.50,0.50
2007.12.24 01:29:40.613,1.1505,1.1509,0.50,0.50
2007.12.24 01:29:40.720,1.1505,1.1509,0.50,0.50
2007.12.24 01:29:40.858,1.1505,1.1509,0.50,0.50
2007.12.24 01:29:40.995,1.1505,1.1509,0.50,0.50
2007.12.24 01:29:41.133,1.1505,1.1509,0.50,0.50
2007.12.24 01:29:41.270,1.1505,1.1509,0.50,0.50
2007.12.24 01:29:41.407,1.1505,1.1509,0.50,0.50
2007.12.24 01:29:41.545,1.1505,1.1509,0.50,0.50
2007.12.24 01:29:41.682,1.1505,1.1509,0.50,0.50
2007.12.24 01:29:41.820,1.1505,1.1509,0.50,0.50
2007.12.24 01:29:41.947,1.1505,1.1509,0.50,0.50
2007.12.24 01:29:42.074,1.1505,1.1509,0.50,0.50
2007.12.24 01:29:42.202,1.1505,1.1509,0.50,0.50
2007.12.24 01:29:42.329,1.1505,1.1509,0.50,0.50
2007.12.24 01:29:42.456,1.1505,1.1509,0.50,0.50
2007.12.24 01:29:42.583,1.1505,1.1509,0.50,0.50
2007.12.24 01:29:42.712,1.1505,1.1509,0.50,0.50
2007.12.24 01:29:42.839,1.1505,1.1509,0.50,0.50
2007.12.24 01:29:43.006,1.1505,1.1509,0.50,0.50
2007.12.24 01:29:43.178,1.1505,1.1509,0.50,0.50
2007.12.24 01:29:43.345,1.1505,1.1509,0.50,0.50
2007.12.24 01:29:43.513,1.1505,1.1509,0.50,0.50
2007.12.24 01:29:43.680,1.1505,1.1509,0.50,0.50
2007.12.24 01:29:43.847,1.1505,1.1509,0.50,0.50
2007.12.24 01:29:43.969,1.1505,1.1509,0.50,0.50
2007.12.24 01:29:44.092,1.1505,1.1509,0.50,0.50
2007.12.24 01:29:44.214,1.1505,1.1509,0.50,0.50
2007.12.24 01:29:44.337,1.1505,1.1509,0.50,0.50
2007.12.24 01:29:44.459,1.1505,1.1509,0.50,0.50
2007.12.24 01:29:44.581,1.1505,1.1509,0.50,0.50
2007.12.24 01:29:44.704,1.1505,1.1509,0.50,0.50
2007.12.24 01:29:44.826,1.1505,1.1509,0.50,0.50
2007.12.24 01:29:44.944,1.1505,1.1509,0.50,0.50
2007.12.24 01:29:45.061,1.1505,1.1509,0.50,0.50
2007.12.24 01:29:45.180,1.1505,1.1509,0.50,0.50
2007.12.24 01:29:45.297,1.1505,1.1509,0.50,0.50
2007.12.24 01:29:45.414,1.1505,1.1509,0.50,0.50
2007.12.24 01:29:45.532,1.1505,1.1509,0.50,0.50
2007.12.24 01:29:45.649,1.1505,1.1509,0.50,0.50
2007.12.24 01:29:45.766,1.1505,1.1509,0.50,0.50
2007.12.24 01:29:45.883,1.1505,1.1509,0.50,0.50
2007.12.24 01:29:46.770,1.1504,1.1508,0.50,0.50
2007.12.24 01:29:46.918,1.1504,1.1508,0.50,0.50
2007.12.24 01:29:47.076,1.1504,1.1508,0.50,0.50
2007.12.24 01:29:47.234,1.1504,1.1508,0.50,0.50
2007.12.24 01:29:47.391,1.1504,1.1508,0.50,0.50
2007.12.24 01:29:47.550,1.1504,1.1508,0.50,0.50
2007.12.24 01:29:47.708,1.1504,1.1508,0.50,0.50
2007.12.24 01:29:47.865,1.1504,1.1508,0.50,0.50
2007.12.24 01:29:48.023,1.1504,1.1508,0.50,0.50
2007.12.24 01:29:48.182,1.1504,1.1508,0.50,0.50
2007.12.24 01:29:48.339,1.1504,1.1508,0.50,0.50
2007.12.24 01:29:48.496,1.1504,1.1508,0.50,0.50
2007.12.24 01:29:48.665,1.1504,1.1508,0.50,0.50
2007.12.24 01:29:48.812,1.1504,1.1508,0.50,0.50
2007.12.24 01:29:48.969,1.1504,1.1508,0.50,0.50
2007.12.24 01:29:49.062,1.1504,1.1508,0.50,0.50
2007.12.24 01:29:49.155,1.1504,1.1508,0.50,0.50
2007.12.24 01:29:49.248,1.1504,1.1508,0.50,0.50
2007.12.24 01:29:49.341,1.1504,1.1508,0.50,0.50
2007.12.24 01:29:49.433,1.1504,1.1508,0.50,0.50
2007.12.24 01:29:49.525,1.1504,1.1508,0.50,0.50
2007.12.24 01:29:49.619,1.1504,1.1508,0.50,0.50
2007.12.24 01:29:49.712,1.1504,1.1508,0.50,0.50
2007.12.24 01:29:49.805,1.1504,1.1508,0.50,0.50
2007.12.24 01:29:49.897,1.1504,1.1508,0.50,0.50
2007.12.24 01:29:49.989,1.1504,1.1508,0.50,0.50
2007.12.24 01:29:50.082,1.1504,1.1508,0.50,0.50
2007.12.24 01:29:50.239,1.1504,1.1508,0.50,0.50
2007.12.24 01:29:50.397,1.1504,1.1508,0.50,0.50
2007.12.24 01:29:50.555,1.1504,1.1508,0.50,0.50
2007.12.24 01:29:50.712,1.1504,1.1508,0.50,0.50
2007.12.24 01:29:50.870,1.1504,1.1508,0.50,0.50
2007.12.24 01:29:51.028,1.1504,1.1508,0.50,0.50
2007.12.24 01:29:51.082,1.1503,1.1508,4.10,0.50
2007.12.24 01:29:51.185,1.1503,1.1508,4.10,0.50
2007.12.24 01:29:51.288,1.1504,1.1508,0.50,0.50
2007.12.24 01:29:51.391,1.1504,1.1508,0.50,0.50
2007.12.24 01:29:51.494,1.1503,1.1508,4.10,0.50
2007.12.24 01:29:51.596,1.1503,1.1508,4.10,0.50
2007.12.24 01:29:51.699,1.1503,1.1508,4.10,0.50
2007.12.24 01:29:51.802,1.1504,1.1508,0.50,0.50
2007.12.24 01:29:51.905,1.1503,1.1508,4.10,0.50
2007.12.24 01:29:52.008,1.1503,1.1508,4.10,0.50
2007.12.24 01:29:52.109,1.1504,1.1508,0.50,0.50
2007.12.24 01:29:52.251,1.1504,1.1508,0.50,0.50
2007.12.24 01:29:52.395,1.1504,1.1508,0.50,0.50
2007.12.24 01:29:52.538,1.1504,1.1508,0.50,0.50
2007.12.24 01:29:52.680,1.1503,1.1508,4.10,0.50
2007.12.24 01:29:52.822,1.1504,1.1508,0.50,0.50
2007.12.24 01:29:52.966,1.1503,1.1508,4.10,0.50
2007.12.24 01:29:53.109,1.1503,1.1508,4.10,0.50
2007.12.24 01:29:53.221,1.1503,1.1508,4.10,0.50
2007.12.24 01:29:53.333,1.1503,1.1508,4.10,0.50
2007.12.24 01:29:53.447,1.1504,1.1508,0.50,0.50
2007.12.24 01:29:53.559,1.1504,1.1508,0.50,0.50
2007.12.24 01:29:53.671,1.1503,1.1508,4.10,0.50
2007.12.24 01:29:53.785,1.1504,1.1508,0.50,0.50
2007.12.24 01:29:53.911,1.1503,1.1508,4.10,0.50
2007.12.24 01:29:54.010,1.1504,1.1508,0.50,0.50
2007.12.24 01:29:54.122,1.1503,1.1508,4.10,0.50
2007.12.24 01:29:54.271,1.1503,1.1508,4.10,0.50
2007.12.24 01:29:54.418,1.1503,1.1508,4.10,0.50
2007.12.24 01:29:54.565,1.1503,1.1508,4.10,0.50
2007.12.24 01:29:54.714,1.1503,1.1508,4.10,0.50
2007.12.24 01:29:54.862,1.1504,1.1508,0.50,0.50
2007.12.24 01:29:55.009,1.1503,1.1508,4.10,0.50
2007.12.24 01:29:55.156,1.1503,1.1508,4.10,0.50
2007.12.24 01:29:55.265,1.1504,1.1508,0.50,0.50
2007.12.24 01:29:55.373,1.1503,1.1508,4.10,0.50
2007.12.24 01:29:55.480,1.1504,1.1508,0.50,0.50
2007.12.24 01:29:55.587,1.1504,1.1508,0.50,0.50
2007.12.24 01:29:55.696,1.1503,1.1508,4.10,0.50
2007.12.24 01:29:55.804,1.1503,1.1508,4.10,0.50
2007.12.24 01:29:55.912,1.1503,1.1508,4.10,0.50
2007.12.24 01:29:56.019,1.1504,1.1508,0.50,0.50
2007.12.24 01:29:56.126,1.1503,1.1508,4.10,0.50
2007.12.24 01:29:56.269,1.1503,1.1508,4.10,0.50
2007.12.24 01:29:56.412,1.1504,1.1508,0.50,0.50
2007.12.24 01:29:56.554,1.1504,1.1508,0.50,0.50
2007.12.24 01:29:56.697,1.1503,1.1508,4.10,0.50
2007.12.24 01:29:56.840,1.1503,1.1508,4.10,0.50
2007.12.24 01:29:56.982,1.1503,1.1508,4.10,0.50
2007.12.24 01:29:57.124,1.1503,1.1508,4.10,0.50
2007.12.24 01:29:57.233,1.1504,1.1508,0.50,0.50
2007.12.24 01:29:57.341,1.1503,1.1508,4.10,0.50
2007.12.24 01:29:57.448,1.1503,1.1508,4.10,0.50
2007.12.24 01:29:57.555,1.1504,1.1508,0.50,0.50
2007.12.24 01:29:57.664,1.1504,1.1508,0.50,0.50
2007.12.24 01:29:57.772,1.1503,1.1508,4.10,0.50
2007.12.24 01:29:57.880,1.1503,1.1508,4.10,0.50
2007.12.24 01:29:57.987,1.1504,1.1508,0.50,0.50
2007.12.24 01:29:58.096,1.1503,1.1508,4.10,0.50
2007.12.24 01:29:58.204,1.1504,1.1508,0.50,0.50
2007.12.24 01:29:58.351,1.1504,1.1508,0.50,0.50
2007.12.24 01:29:58.498,1.1503,1.1508,4.10,0.50
2007.12.24 01:29:58.646,1.1503,1.1508,4.10,0.50
2007.12.24 01:29:58.794,1.1504,1.1508,0.50,0.50
2007.12.24 01:29:58.941,1.1504,1.1508,0.50,0.50
2007.12.24 01:29:59.090,1.1504,1.1508,0.50,0.50
2007.12.24 01:29:59.238,1.1503,1.1508,4.10,0.50
2007.12.24 01:29:59.345,1.1503,1.1508,4.10,0.50
2007.12.24 01:29:59.453,1.1504,1.1508,0.50,0.50
2007.12.24 01:29:59.561,1.1504,1.1508,0.50,0.50
2007.12.24 01:29:59.669,1.1503,1.1508,4.10,0.50
2007.12.24 01:29:59.776,1.1503,1.1508,4.10,0.50
2007.12.24 01:29:59.884,1.1503,1.1508,4.10,0.50
2007.12.24 01:29:59.991,1.1504,1.1508,0.50,0.50
2007.12.24 01:30:00.099,1.1503,1.1508,4.10,0.50
2007.12.24 01:30:00.218,1.1504,1.1508,0.50,0.50
2007.12.24 01:30:00.361,1.1503,1.1508,4.10,0.50
2007.12.24 01:30:00.503,1.1503,1.1508,4.10,0.50
2007.12.24 01:30:00.646,1.1504,1.1508,0.50,0.50
2007.12.24 01:30:00.789,1.1504,1.1508,0.50,0.50
2007.12.24 01:30:00.931,1.1504,1.1508,0.50,0.50
2007.12.24 01:30:01.074,1.1504,1.1508,0.50,0.50
2007.12.24 01:30:01.217,1.1503,1.1508,4.10,0.50
2007.12.24 01:30:01.360,1.1503,1.1508,4.10,0.50
2007.12.24 01:30:01.468,1.1503,1.1508,4.10,0.50
2007.12.24 01:30:01.576,1.1504,1.1508,0.50,0.50
2007.12.24 01:30:01.683,1.1503,1.1508,4.10,0.50
2007.12.24 01:30:01.790,1.1503,1.1508,4.10,0.50
2007.12.24 01:30:01.899,1.1503,1.1508,4.10,0.50
2007.12.24 01:30:02.007,1.1503,1.1508,4.10,0.50
2007.12.24 01:30:02.115,1.1503,1.1508,4.10,0.50
2007.12.24 01:30:02.222,1.1504,1.1508,0.50,0.50
2007.12.24 01:30:02.328,1.1503,1.1508,4.10,0.50
2007.12.24 01:30:02.480,1.1503,1.1508,4.10,0.50
2007.12.24 01:30:02.633,1.1504,1.1508,0.50,0.50
2007.12.24 01:30:02.785,1.1504,1.1508,0.50,0.50
2007.12.24 01:30:02.937,1.1503,1.1508,4.10,0.50
2007.12.24 01:30:03.090,1.1504,1.1508,0.50,0.50
2007.12.24 01:30:03.243,1.1504,1.1508,0.50,0.50
2007.12.24 01:30:03.395,1.1503,1.1508,4.10,0.50
2007.12.24 01:30:03.508,1.1503,1.1508,4.10,0.50
2007.12.24 01:30:03.621,1.1504,1.1508,0.50,0.50
2007.12.24 01:30:03.733,1.1503,1.1508,4.10,0.50
2007.12.24 01:30:03.845,1.1503,1.1508,4.10,0.50
2007.12.24 01:30:03.959,1.1503,1.1508,4.10,0.50
2007.12.24 01:30:04.072,1.1504,1.1508,0.50,0.50
2007.12.24 01:30:04.184,1.1504,1.1508,0.50,0.50
2007.12.24 01:30:04.297,1.1504,1.1508,0.50,0.50
2007.12.24 01:30:04.425,1.1503,1.1508,4.10,0.50
2007.12.24 01:30:04.553,1.1503,1.1508,4.10,0.50
2007.12.24 01:30:04.680,1.1504,1.1508,0.50,0.50
2007.12.24 01:30:04.809,1.1504,1.1508,0.50,0.50
2007.12.24 01:30:04.936,1.1504,1.1508,0.50,0.50
2007.12.24 01:30:05.064,1.1503,1.1508,4.10,0.50
2007.12.24 01:30:05.192,1.1503,1.1508,4.10,0.50
2007.12.24 01:30:05.321,1.1504,1.1508,0.50,0.50
2007.12.24 01:30:05.438,1.1503,1.1508,4.10,0.50
2007.12.24 01:30:05.556,1.1503,1.1508,4.10,0.50
2007.12.24 01:30:05.674,1.1503,1.1508,4.10,0.50
2007.12.24 01:30:05.793,1.1504,1.1508,0.50,0.50
2007.12.24 01:30:05.913,1.1503,1.1508,4.10,0.50
2007.12.24 01:30:06.032,1.1504,1.1508,0.50,0.50
2007.12.24 01:30:06.149,1.1503,1.1508,4.10,0.50
2007.12.24 01:30:06.267,1.1504,1.1508,0.50,0.50
2007.12.24 01:30:06.385,1.1503,1.1508,4.10,0.50
2007.12.24 01:30:06.508,1.1504,1.1508,0.50,0.50
2007.12.24 01:30:06.630,1.1504,1.1508,0.50,0.50
2007.12.24 01:30:06.753,1.1503,1.1508,4.10,0.50
2007.12.24 01:30:06.876,1.1503,1.1508,4.10,0.50
2007.12.24 01:30:06.999,1.1504,1.1508,0.50,0.50
2007.12.24 01:30:07.122,1.1504,1.1508,0.50,0.50
2007.12.24 01:30:07.245,1.1503,1.1508,4.10,0.50
2007.12.24 01:30:07.368,1.1504,1.1508,0.50,0.50
2007.12.24 01:30:07.496,1.1503,1.1508,4.10,0.50
2007.12.24 01:30:07.624,1.1503,1.1508,4.10,0.50
2007.12.24 01:30:07.751,1.1503,1.1508,4.10,0.50
2007.12.24 01:30:07.879,1.1503,1.1508,4.10,0.50
2007.12.24 01:30:08.008,1.1503,1.1508,4.10,0.50
2007.12.24 01:30:08.136,1.1503,1.1508,4.10,0.50
2007.12.24 01:30:08.264,1.1503,1.1508,4.10,0.50
2007.12.24 01:30:08.391,1.1503,1.1508,4.10,0.50
2007.12.24 01:30:08.519,1.1503,1.1508,4.10,0.50
2007.12.24 01:30:08.647,1.1503,1.1508,4.10,0.50
2007.12.24 01:30:08.775,1.1503,1.1508,4.10,0.50
2007.12.24 01:30:08.902,1.1503,1.1508,4.10,0.50
2007.12.24 01:30:09.030,1.1503,1.1508,4.10,0.50
2007.12.24 01:30:09.157,1.1504,1.1508,0.50,0.50
2007.12.24 01:30:09.285,1.1504,1.1508,0.50,0.50
2007.12.24 01:30:09.413,1.1504,1.1508,0.50,0.50
2007.12.24 01:30:09.541,1.1504,1.1508,0.50,0.50
2007.12.24 01:30:09.668,1.1503,1.1508,4.10,0.50
2007.12.24 01:30:09.796,1.1503,1.1508,4.10,0.50
2007.12.24 01:30:09.924,1.1503,1.1508,4.10,0.50
2007.12.24 01:30:10.052,1.1504,1.1508,0.50,0.50
2007.12.24 01:30:10.180,1.1503,1.1508,4.10,0.50
2007.12.24 01:30:10.308,1.1503,1.1508,4.10,0.50
2007.12.24 01:30:10.436,1.1503,1.1508,4.10,0.50
2007.12.24 01:30:10.559,1.1504,1.1508,0.50,0.50
2007.12.24 01:30:10.682,1.1503,1.1508,4.10,0.50
2007.12.24 01:30:10.819,1.1503,1.1508,4.10,0.50
2007.12.24 01:30:10.928,1.1503,1.1508,4.10,0.50
2007.12.24 01:30:11.051,1.1503,1.1508,4.10,0.50
2007.12.24 01:30:11.174,1.1503,1.1508,4.10,0.50
2007.12.24 01:30:11.297,1.1503,1.1508,4.10,0.50
2007.12.24 01:30:11.420,1.1503,1.1508,4.10,0.50
2007.12.24 01:30:11.543,1.1504,1.1508,0.50,0.50
2007.12.24 01:30:11.671,1.1503,1.1508,4.10,0.50
2007.12.24 01:30:11.799,1.1504,1.1508,0.50,0.50
2007.12.24 01:30:11.927,1.1503,1.1508,4.10,0.50
2007.12.24 01:30:12.055,1.1503,1.1508,4.10,0.50
2007.12.24 01:30:12.183,1.1504,1.1508,0.50,0.50
2007.12.24 01:30:12.311,1.1503,1.1508,4.10,0.50
2007.12.24 01:30:12.439,1.1504,1.1508,0.50,0.50
2007.12.24 01:30:12.568,1.1503,1.1508,4.10,0.50
2007.12.24 01:30:12.686,1.1504,1.1508,0.50,0.50
2007.12.24 01:30:12.804,1.1503,1.1508,4.10,0.50
2007.12.24 01:30:12.940,1.1503,1.1508,4.10,0.50
2007.12.24 01:30:13.058,1.1504,1.1508,0.50,0.50
2007.12.24 01:30:13.175,1.1503,1.1508,4.10,0.50
2007.12.24 01:30:13.294,1.1503,1.1508,4.10,0.50
2007.12.24 01:30:13.411,1.1504,1.1508,0.50,0.50
2007.12.24 01:30:13.528,1.1503,1.1508,4.10,0.50
2007.12.24 01:30:13.646,1.1504,1.1508,0.50,0.50
2007.12.24 01:30:13.768,1.1504,1.1508,0.50,0.50
2007.12.24 01:30:13.890,1.1504,1.1508,0.50,0.50
2007.12.24 01:30:14.013,1.1503,1.1508,4.10,0.50
2007.12.24 01:30:14.137,1.1504,1.1508,0.50,0.50
2007.12.24 01:30:14.274,1.1504,1.1508,0.50,0.50
2007.12.24 01:30:14.396,1.1503,1.1508,4.10,0.50
2007.12.24 01:30:14.519,1.1504,1.1508,0.50,0.50
2007.12.24 01:30:14.641,1.1503,1.1508,4.10,0.50
2007.12.24 01:30:14.768,1.1503,1.1508,4.10,0.50
2007.12.24 01:30:14.896,1.1503,1.1508,4.10,0.50
2007.12.24 01:30:15.023,1.1504,1.1508,0.50,0.50
2007.12.24 01:30:15.151,1.1503,1.1508,4.10,0.50
2007.12.24 01:30:15.278,1.1504,1.1508,0.50,0.50
2007.12.24 01:30:15.405,1.1503,1.1508,4.10,0.50
2007.12.24 01:30:15.532,1.1503,1.1508,4.10,0.50
2007.12.24 01:30:15.659,1.1503,1.1508,4.10,0.50
2007.12.24 01:30:15.796,1.1504,1.1508,0.50,0.50
2007.12.24 01:30:15.933,1.1503,1.1508,4.10,0.50
2007.12.24 01:30:16.070,1.1504,1.1508,0.50,0.50
2007.12.24 01:30:16.208,1.1503,1.1508,4.10,0.50
2007.12.24 01:30:16.345,1.1504,1.1508,0.50,0.50
2007.12.24 01:30:16.483,1.1503,1.1508,4.10,0.50
2007.12.24 01:30:16.620,1.1504,1.1508,0.50,0.50
2007.12.24 01:30:16.763,1.1503,1.1508,4.10,0.50
2007.12.24 01:30:16.875,1.1501,1.1509,10.00,8.00
2007.12.24 01:30:16.988,1.1501,1.1509,10.00,8.00
2007.12.24 01:30:17.100,1.15025,1.1509,3.20,8.00
2007.12.24 01:30:17.213,1.1501,1.1509,10.00,8.00
2007.12.24 01:30:17.326,1.15025,1.1509,3.50,8.00
2007.12.24 01:30:38.508,1.1504,1.1508,0.50,4.40
2007.12.24 01:30:38.666,1.1504,1.1508,0.50,4.40
2007.12.24 01:30:38.824,1.1504,1.1508,0.50,4.40
2007.12.24 01:30:38.982,1.1504,1.1508,0.50,4.40
2007.12.24 01:30:39.139,1.1504,1.1508,0.50,4.40
2007.12.24 01:30:39.296,1.1504,1.1508,0.50,4.40
2007.12.24 01:30:39.513,1.1504,1.1508,0.50,4.40
2007.12.24 01:30:39.730,1.1504,1.1508,0.50,4.40
2007.12.24 01:30:39.947,1.1504,1.1508,0.50,4.40
2007.12.24 01:30:40.164,1.1504,1.1508,0.50,4.40
2007.12.24 01:30:40.383,1.1504,1.1508,0.50,4.40
2007.12.24 01:30:40.500,1.1504,1.1508,0.50,4.40
2007.12.24 01:30:40.617,1.1504,1.1508,0.50,4.40
2007.12.24 01:30:40.734,1.1504,1.1508,0.50,4.40
2007.12.24 01:30:40.851,1.1504,1.1508,0.50,4.40
2007.12.24 01:30:40.969,1.1504,1.1508,0.50,4.40
2007.12.24 01:30:41.088,1.1504,1.1508,0.50,4.40
2007.12.24 01:30:41.205,1.1504,1.1508,0.50,4.40
2007.12.24 01:30:41.323,1.1504,1.1508,0.50,4.40
2007.12.24 01:30:41.546,1.1504,1.1508,0.50,4.40
2007.12.24 01:30:41.769,1.1504,1.1508,0.50,4.40
2007.12.24 01:30:42.006,1.1504,1.1508,0.50,4.40
2007.12.24 01:30:42.214,1.1504,1.1508,0.50,4.40
2007.12.24 01:30:42.437,1.1504,1.1508,0.50,4.40
2007.12.24 01:30:42.575,1.1504,1.1508,0.50,4.40
2007.12.24 01:30:42.713,1.1504,1.1508,0.50,4.40
2007.12.24 01:30:42.851,1.1504,1.1508,0.50,4.40
2007.12.24 01:30:42.989,1.1504,1.1508,0.50,4.40
2007.12.24 01:30:43.127,1.1504,1.1508,0.50,4.40
2007.12.24 01:30:43.265,1.1504,1.1508,0.50,4.40
2007.12.24 01:30:43.403,1.1504,1.1508,0.50,4.40
2007.12.24 01:30:43.521,1.1504,1.1508,0.50,4.40
2007.12.24 01:30:43.640,1.1504,1.1508,0.50,4.40
2007.12.24 01:30:43.758,1.1504,1.1508,0.50,4.40
2007.12.24 01:30:43.876,1.1504,1.1508,0.50,4.40
2007.12.24 01:30:43.995,1.1504,1.1508,0.50,4.40
2007.12.24 01:30:44.112,1.1504,1.1508,0.50,4.40
2007.12.24 01:30:44.230,1.1504,1.1508,0.50,4.40
2007.12.24 01:30:44.370,1.1504,1.1508,0.50,4.40
2007.12.24 01:30:44.466,1.1504,1.1508,0.50,4.40
2007.12.24 01:30:44.630,1.1504,1.1508,0.50,4.40
2007.12.24 01:30:44.792,1.1504,1.1508,0.50,4.40
2007.12.24 01:30:44.955,1.1504,1.1508,0.50,4.40
2007.12.24 01:30:45.119,1.1504,1.1508,0.50,4.40
2007.12.24 01:30:45.281,1.1504,1.1508,0.50,4.40
2007.12.24 01:30:45.444,1.1504,1.1508,0.50,4.40
2007.12.24 01:30:45.557,1.1504,1.1508,0.50,4.40
2007.12.24 01:30:45.670,1.1504,1.1508,0.50,4.40
2007.12.24 01:30:45.783,1.1504,1.1508,0.50,4.40
2007.12.24 01:30:45.895,1.1504,1.1508,0.50,4.40
2007.12.24 01:30:46.007,1.1504,1.1508,0.50,4.40
2007.12.24 01:30:46.120,1.1504,1.1508,0.50,4.40
2007.12.24 01:30:46.234,1.1504,1.1508,0.50,4.40
2007.12.24 01:30:46.346,1.1504,1.1508,0.50,4.40
2007.12.24 01:30:46.459,1.1504,1.1508,0.50,4.40
2007.12.24 01:30:46.572,1.1504,1.1508,0.50,4.40
2007.12.24 01:30:46.775,1.1504,1.1508,0.50,4.40
2007.12.24 01:30:46.978,1.1504,1.1508,0.50,4.40
2007.12.24 01:30:47.179,1.1504,1.1508,0.50,4.40
2007.12.24 01:30:47.382,1.1504,1.1508,0.50,4.40
2007.12.24 01:30:47.584,1.1504,1.1508,0.50,4.40
2007.12.24 01:30:47.717,1.1504,1.1508,0.50,4.40
2007.12.24 01:30:47.849,1.1504,1.1508,0.50,4.40
2007.12.24 01:30:47.982,1.1504,1.1508,0.50,4.40
2007.12.24 01:30:48.115,1.1504,1.1508,0.50,4.40
2007.12.24 01:30:48.247,1.1504,1.1508,0.50,4.40
2007.12.24 01:30:48.379,1.1504,1.1508,0.50,4.40
2007.12.24 01:30:48.512,1.1504,1.1508,0.50,4.40
2007.12.24 01:30:48.690,1.1504,1.1508,0.50,4.40
2007.12.24 01:30:48.866,1.1504,1.1508,0.50,4.40
2007.12.24 01:30:49.045,1.1504,1.1508,0.50,4.40
2007.12.24 01:30:49.222,1.1504,1.1508,0.50,4.40
2007.12.24 01:30:49.400,1.1504,1.1508,0.50,4.40
2007.12.24 01:30:49.585,1.1504,1.1508,0.50,4.40
2007.12.24 01:30:49.763,1.1504,1.1508,0.50,4.40
2007.12.24 01:30:49.941,1.1504,1.1508,0.50,4.40
2007.12.24 01:30:50.119,1.1504,1.1508,0.50,4.40
2007.12.24 01:30:50.297,1.1504,1.1508,0.50,4.40
2007.12.24 01:30:50.489,1.1504,1.1508,0.50,4.40
2007.12.24 01:30:50.652,1.1504,1.1508,0.50,4.40
2007.12.24 01:30:50.760,1.1504,1.1508,0.50,4.40
2007.12.24 01:30:50.867,1.1504,1.1508,0.50,4.40
2007.12.24 01:30:50.975,1.1504,1.1508,0.50,4.40
2007.12.24 01:30:51.083,1.1504,1.1508,0.50,4.40
2007.12.24 01:30:51.191,1.1504,1.1508,0.50,4.40
2007.12.24 01:30:51.299,1.1504,1.1508,0.50,4.40
2007.12.24 01:30:51.407,1.1504,1.1508,0.50,4.40
2007.12.24 01:30:51.514,1.1504,1.1508,0.50,4.40
2007.12.24 01:30:51.622,1.1504,1.1508,0.50,4.40
2007.12.24 01:30:51.850,1.1504,1.1508,0.50,4.40
2007.12.24 01:30:52.078,1.1504,1.1508,0.50,4.40
2007.12.24 01:30:52.305,1.1504,1.1508,0.50,4.40
2007.12.24 01:30:52.533,1.1504,1.1508,0.50,4.40
2007.12.24 01:30:52.761,1.1504,1.1508,0.50,4.40
2007.12.24 01:30:52.908,1.1504,1.1508,0.50,4.40
2007.12.24 01:30:53.055,1.1504,1.1508,0.50,4.40
2007.12.24 01:30:53.204,1.1503,1.1508,5.70,4.40
2007.12.24 01:30:53.350,1.1503,1.1508,5.70,4.40
2007.12.24 01:30:53.498,1.1504,1.1508,0.50,4.40
2007.12.24 01:30:53.645,1.1503,1.1508,5.70,4.40
2007.12.24 01:30:53.758,1.1504,1.1508,0.50,4.40
2007.12.24 01:30:53.871,1.1504,1.1508,0.50,4.40
2007.12.24 01:30:53.983,1.1503,1.1508,5.70,4.40
2007.12.24 01:30:54.096,1.1503,1.1508,5.70,4.40
2007.12.24 01:30:54.210,1.1503,1.1508,5.70,4.40
2007.12.24 01:30:54.322,1.1503,1.1508,5.70,4.40
2007.12.24 01:30:54.435,1.1503,1.1508,5.70,4.40
2007.12.24 01:30:54.548,1.1503,1.1508,5.70,4.40
2007.12.24 01:30:54.660,1.1503,1.1508,5.70,4.40
2007.12.24 01:30:54.833,1.1503,1.1508,5.70,4.40
2007.12.24 01:30:55.006,1.1504,1.1508,0.50,4.40
2007.12.24 01:30:55.178,1.1503,1.1508,5.70,4.40
2007.12.24 01:30:55.351,1.1503,1.1508,5.70,4.40
2007.12.24 01:30:55.523,1.1503,1.1508,5.70,4.40
2007.12.24 01:30:55.696,1.1503,1.1508,5.70,4.40
2007.12.24 01:30:55.869,1.1503,1.1508,5.70,4.40
2007.12.24 01:30:55.977,1.1503,1.1508,5.70,4.40
2007.12.24 01:30:56.099,1.1504,1.1508,0.50,4.40
2007.12.24 01:30:56.205,1.1503,1.1508,5.70,4.40
2007.12.24 01:30:56.314,1.1503,1.1508,5.70,4.40
2007.12.24 01:30:56.422,1.1504,1.1508,0.50,4.40
2007.12.24 01:30:56.530,1.1503,1.1508,5.70,4.40
2007.12.24 01:30:56.637,1.1504,1.1508,0.50,4.40
2007.12.24 01:30:56.746,1.1503,1.1508,5.70,4.40
2007.12.24 01:30:56.919,1.1504,1.1508,0.50,4.40
2007.12.24 01:30:57.091,1.1504,1.1508,0.50,4.40
2007.12.24 01:30:57.264,1.1503,1.1508,5.70,4.40
2007.12.24 01:30:57.436,1.1503,1.1508,5.70,4.40
2007.12.24 01:30:57.609,1.1504,1.1508,0.50,4.40
2007.12.24 01:30:57.782,1.1504,1.1508,0.50,4.40
2007.12.24 01:30:57.954,1.1503,1.1508,5.70,4.40
2007.12.24 01:30:58.052,1.1503,1.1508,5.70,4.40
2007.12.24 01:30:58.149,1.1504,1.1508,0.50,4.40
2007.12.24 01:30:58.247,1.1504,1.1508,0.50,4.40
2007.12.24 01:30:58.345,1.1504,1.1508,0.50,4.40
2007.12.24 01:30:58.458,1.1503,1.1508,5.70,4.40
2007.12.24 01:30:58.540,1.1504,1.1508,0.50,4.40
2007.12.24 01:30:58.638,1.1504,1.1508,0.50,4.40
2007.12.24 01:30:58.736,1.1503,1.1508,5.70,4.40
2007.12.24 01:30:58.833,1.1504,1.1508,0.50,4.40
2007.12.24 01:30:59.010,1.1503,1.1508,5.70,4.40
2007.12.24 01:30:59.189,1.1503,1.1508,5.70,4.40
2007.12.24 01:30:59.366,1.1504,1.1508,0.50,4.40
2007.12.24 01:30:59.544,1.1503,1.1508,5.70,4.40
2007.12.24 01:30:59.721,1.1503,1.1508,5.70,4.40
2007.12.24 01:30:59.899,1.1504,1.1508,0.50,4.40
2007.12.24 01:31:00.042,1.1504,1.1508,0.50,4.40
2007.12.24 01:31:00.185,1.1504,1.1508,0.50,4.40
2007.12.24 01:31:00.328,1.1503,1.1508,5.70,4.40
2007.12.24 01:31:00.471,1.1503,1.1508,5.70,4.40
2007.12.24 01:31:00.614,1.1503,1.1508,5.70,4.40
2007.12.24 01:31:00.757,1.1503,1.1508,5.70,4.40
2007.12.24 01:31:00.916,1.1504,1.1508,0.50,4.40
2007.12.24 01:31:01.018,1.1503,1.1508,5.70,4.40
2007.12.24 01:31:01.136,1.1504,1.1508,0.50,4.40
2007.12.24 01:31:01.254,1.1503,1.1508,5.70,4.40
2007.12.24 01:31:01.372,1.1503,1.1508,5.70,4.40
2007.12.24 01:31:01.490,1.1503,1.1508,5.70,4.40
2007.12.24 01:31:01.608,1.1503,1.1508,5.70,4.40
2007.12.24 01:31:01.726,1.1503,1.1508,5.70,4.40
2007.12.24 01:31:01.844,1.1503,1.1508,5.70,4.40
2007.12.24 01:31:01.987,1.1504,1.1508,0.50,4.40
2007.12.24 01:31:02.130,1.1503,1.1508,5.70,4.40
2007.12.24 01:31:02.273,1.1503,1.1508,5.70,4.40
2007.12.24 01:31:02.416,1.1503,1.1508,5.70,4.40
2007.12.24 01:31:02.559,1.1503,1.1508,5.70,4.40
2007.12.24 01:31:02.702,1.1504,1.1508,0.50,4.40
2007.12.24 01:31:02.845,1.1504,1.1508,0.50,4.40
2007.12.24 01:31:02.988,1.1503,1.1508,5.70,4.40
2007.12.24 01:31:03.151,1.1504,1.1508,0.50,4.40
2007.12.24 01:31:03.284,1.1503,1.1508,5.70,4.40
2007.12.24 01:31:03.432,1.1503,1.1508,5.70,4.40
2007.12.24 01:31:03.580,1.1503,1.1508,5.70,4.40
2007.12.24 01:31:03.728,1.1503,1.1508,5.70,4.40
2007.12.24 01:31:03.876,1.1504,1.1508,0.50,4.40
2007.12.24 01:31:04.024,1.1504,1.1508,0.50,4.40
2007.12.24 01:31:04.132,1.1503,1.1508,5.70,4.40
2007.12.24 01:31:04.240,1.1503,1.1508,5.70,4.40
2007.12.24 01:31:04.348,1.1503,1.1508,5.70,4.40
2007.12.24 01:31:04.456,1.1504,1.1508,0.50,4.40
2007.12.24 01:31:04.564,1.1504,1.1508,0.50,4.40
2007.12.24 01:31:04.672,1.1503,1.1508,5.70,4.40
2007.12.24 01:31:04.780,1.1503,1.1508,5.70,4.40
2007.12.24 01:31:04.904,1.1503,1.1508,5.70,4.40
2007.12.24 01:31:05.041,1.1503,1.1508,5.70,4.40
2007.12.24 01:31:05.179,1.1504,1.1508,0.50,4.40
2007.12.24 01:31:05.316,1.1503,1.1508,5.70,4.40
2007.12.24 01:31:05.454,1.1504,1.1508,0.50,4.40
2007.12.24 01:31:05.592,1.1503,1.1508,5.70,4.40
2007.12.24 01:31:05.729,1.1503,1.1508,5.70,4.40
2007.12.24 01:31:05.884,1.1504,1.1508,0.50,4.40
2007.12.24 01:31:06.020,1.1504,1.1508,0.50,4.40
2007.12.24 01:31:06.139,1.1503,1.1508,5.70,4.40
2007.12.24 01:31:06.256,1.1503,1.1508,5.70,4.40
2007.12.24 01:31:06.375,1.1504,1.1508,0.50,4.40
2007.12.24 01:31:06.492,1.1503,1.1508,5.70,4.40
2007.12.24 01:31:06.611,1.1503,1.1508,5.70,4.40
2007.12.24 01:31:06.728,1.1503,1.1508,5.70,4.40
2007.12.24 01:31:06.847,1.1504,1.1508,0.50,4.40
2007.12.24 01:31:06.965,1.1504,1.1508,0.50,4.40
2007.12.24 01:31:07.087,1.1504,1.1508,0.50,4.40
2007.12.24 01:31:07.209,1.1503,1.1508,5.70,4.40
2007.12.24 01:31:07.332,1.1504,1.1508,0.50,4.40
2007.12.24 01:31:07.453,1.1503,1.1508,5.70,4.40
2007.12.24 01:31:07.576,1.1503,1.1508,5.70,4.40
2007.12.24 01:31:07.699,1.1503,1.1508,5.70,4.40
2007.12.24 01:31:07.821,1.1503,1.1508,5.70,4.40
2007.12.24 01:31:07.944,1.1503,1.1508,5.70,4.40
2007.12.24 01:31:08.112,1.1503,1.1508,5.70,4.40
2007.12.24 01:31:08.279,1.1503,1.1508,5.70,4.40
2007.12.24 01:31:08.446,1.1503,1.1508,5.70,4.40
2007.12.24 01:31:11.798,1.15,1.15085,8.40,8.00
2007.12.24 01:31:11.952,1.1502,1.1507,8.10,0.50
2007.12.24 01:31:12.104,1.1502,1.1507,8.10,0.50
2007.12.24 01:31:12.283,1.1502,1.1507,8.10,0.50
2007.12.24 01:31:12.461,1.1503,1.1507,0.50,4.40
2007.12.24 01:31:12.638,1.1503,1.1507,0.50,4.40
2007.12.24 01:31:12.816,1.1503,1.1507,0.50,4.40
2007.12.24 01:31:12.993,1.1502,1.1507,5.70,4.40
2007.12.24 01:31:13.171,1.1502,1.1507,5.70,4.40
2007.12.24 01:31:13.333,1.1503,1.1507,0.50,4.40
2007.12.24 01:31:13.497,1.1503,1.1507,0.50,4.40
2007.12.24 01:31:13.659,1.1502,1.1507,5.70,4.40
2007.12.24 01:31:13.822,1.1502,1.1507,5.70,4.40
2007.12.24 01:31:13.985,1.1502,1.1507,5.70,4.40
2007.12.24 01:31:14.147,1.1502,1.1507,5.70,4.40
2007.12.24 01:31:14.275,1.1502,1.1507,5.70,4.40
2007.12.24 01:31:14.403,1.1502,1.1507,5.70,4.40
2007.12.24 01:31:14.530,1.1502,1.1507,5.70,4.40
2007.12.24 01:31:14.657,1.1502,1.1507,5.70,4.40
2007.12.24 01:31:14.785,1.1503,1.1507,0.50,4.40
2007.12.24 01:31:14.912,1.1502,1.1507,5.70,4.40
2007.12.24 01:31:15.040,1.1502,1.1507,5.70,4.40
2007.12.24 01:31:15.168,1.1502,1.1507,5.70,4.40
2007.12.24 01:31:15.300,1.1502,1.1507,5.70,4.40
2007.12.24 01:31:15.434,1.1503,1.1507,0.50,4.40
2007.12.24 01:31:15.566,1.1502,1.1507,5.70,4.40
2007.12.24 01:31:15.700,1.1503,1.1507,0.50,4.40
2007.12.24 01:31:15.832,1.1502,1.1507,5.70,4.40
2007.12.24 01:31:15.966,1.1503,1.1507,0.50,4.40
2007.12.24 01:31:16.098,1.1503,1.1507,0.50,4.40
2007.12.24 01:31:16.232,1.1503,1.1507,0.50,4.40
2007.12.24 01:31:16.349,1.1502,1.1507,5.70,4.40
2007.12.24 01:31:16.466,1.1502,1.1507,5.70,4.40
2007.12.24 01:31:16.584,1.1502,1.1507,5.70,4.40
2007.12.24 01:31:16.701,1.1502,1.1507,5.70,4.40
2007.12.24 01:31:16.834,1.1503,1.1507,0.50,4.40
2007.12.24 01:31:16.951,1.1503,1.1507,0.50,4.40
2007.12.24 01:31:17.068,1.1502,1.1507,5.70,4.40
2007.12.24 01:31:17.187,1.1503,1.1507,0.50,4.40
2007.12.24 01:31:17.304,1.1502,1.1507,5.70,4.40
2007.12.24 01:31:17.436,1.1502,1.1507,5.70,4.40
2007.12.24 01:31:17.569,1.1503,1.1507,0.50,4.40
2007.12.24 01:31:17.703,1.1502,1.1507,5.70,4.40
2007.12.24 01:31:17.835,1.1503,1.1507,0.50,4.40
2007.12.24 01:31:17.967,1.1503,1.1507,0.50,4.40
2007.12.24 01:31:18.101,1.1502,1.1507,5.70,4.40
2007.12.24 01:31:18.233,1.1502,1.1507,5.70,4.40
2007.12.24 01:31:18.340,1.1502,1.1507,5.70,4.40
2007.12.24 01:31:18.468,1.1502,1.1507,5.70,4.40
2007.12.24 01:31:18.575,1.1503,1.1507,0.50,4.40
2007.12.24 01:31:18.682,1.1503,1.1507,0.50,4.40
2007.12.24 01:31:18.790,1.1502,1.1507,5.70,4.40
2007.12.24 01:31:18.898,1.1502,1.1507,5.70,4.40
2007.12.24 01:31:19.005,1.1502,1.1507,5.70,4.40
2007.12.24 01:31:19.114,1.1502,1.1507,5.70,4.40
2007.12.24 01:31:19.222,1.1502,1.1507,5.70,4.40
2007.12.24 01:31:19.329,1.1502,1.1507,5.70,4.40
2007.12.24 01:31:19.471,1.1503,1.1507,0.50,4.40
2007.12.24 01:31:19.615,1.1503,1.1507,0.50,4.40
2007.12.24 01:31:19.757,1.1503,1.1507,0.50,4.40
2007.12.24 01:31:19.900,1.1502,1.1507,5.70,4.40
2007.12.24 01:31:20.043,1.1502,1.1507,5.70,4.40
2007.12.24 01:31:20.185,1.1503,1.1507,0.50,4.40
2007.12.24 01:31:20.329,1.1502,1.1507,5.70,4.40
2007.12.24 01:31:20.431,1.1502,1.1507,5.70,4.40
2007.12.24 01:31:20.534,1.1502,1.1507,5.70,4.40
2007.12.24 01:31:20.637,1.1502,1.1507,5.70,4.40
2007.12.24 01:31:20.739,1.1502,1.1507,5.70,4.40
2007.12.24 01:31:20.842,1.1503,1.1507,0.50,4.40
2007.12.24 01:31:20.945,1.1502,1.1507,5.70,4.40
2007.12.24 01:31:21.049,1.1502,1.1507,5.70,4.40
2007.12.24 01:31:21.151,1.1503,1.1507,0.50,4.40
2007.12.24 01:31:21.253,1.1502,1.1507,5.70,4.40
2007.12.24 01:31:21.356,1.1503,1.1507,0.50,4.40
2007.12.24 01:31:21.510,1.1503,1.1507,0.50,4.40
2007.12.24 01:31:21.662,1.1503,1.1507,0.50,4.40
2007.12.24 01:31:21.814,1.1502,1.1507,5.70,4.40
2007.12.24 01:31:21.967,1.1502,1.1507,5.70,4.40
2007.12.24 01:31:22.120,1.1502,1.1507,5.70,4.40
2007.12.24 01:31:22.273,1.1503,1.1507,0.50,4.40
2007.12.24 01:31:22.425,1.1503,1.1507,0.50,4.40
2007.12.24 01:31:22.568,1.1503,1.1507,0.50,4.40
2007.12.24 01:31:22.710,1.1503,1.1507,0.50,4.40
2007.12.24 01:31:22.853,1.1503,1.1507,0.50,4.40
2007.12.24 01:31:22.996,1.1502,1.1507,5.70,4.40
2007.12.24 01:31:23.138,1.1502,1.1507,5.70,4.40
2007.12.24 01:31:23.282,1.1503,1.1507,0.50,4.40
2007.12.24 01:31:23.424,1.1503,1.1507,0.50,4.40
2007.12.24 01:31:23.531,1.1503,1.1507,0.50,4.40
2007.12.24 01:31:23.639,1.1502,1.1507,5.70,4.40
2007.12.24 01:31:23.747,1.1502,1.1507,5.70,4.40
2007.12.24 01:31:23.855,1.1502,1.1507,5.70,4.40
2007.12.24 01:31:23.963,1.1502,1.1507,5.70,4.40
2007.12.24 01:31:24.070,1.1502,1.1507,5.70,4.40
2007.12.24 01:31:24.177,1.1502,1.1507,5.70,4.40
2007.12.24 01:31:24.285,1.1502,1.1507,5.70,4.40
2007.12.24 01:31:24.394,1.1502,1.1507,5.70,4.40
2007.12.24 01:31:24.541,1.1502,1.1507,5.70,4.40
2007.12.24 01:31:24.688,1.1502,1.1507,5.70,4.40
2007.12.24 01:31:24.836,1.1502,1.1507,5.70,4.40
2007.12.24 01:31:24.984,1.1502,1.1507,5.70,4.40
2007.12.24 01:31:25.132,1.1503,1.1507,0.50,4.40
2007.12.24 01:31:25.294,1.1503,1.1507,0.50,4.40
2007.12.24 01:31:25.427,1.1502,1.1507,5.70,4.40
2007.12.24 01:31:25.530,1.1503,1.1507,0.50,4.40
2007.12.24 01:31:25.633,1.1502,1.1507,5.70,4.40
2007.12.24 01:31:25.736,1.1502,1.1507,5.70,4.40
2007.12.24 01:31:25.839,1.1502,1.1507,5.70,4.40
2007.12.24 01:31:25.943,1.1503,1.1507,0.50,4.40
2007.12.24 01:31:26.045,1.1503,1.1507,0.50,4.40
2007.12.24 01:31:26.148,1.1502,1.1507,5.70,4.40
2007.12.24 01:31:26.250,1.1502,1.1507,5.70,4.40
2007.12.24 01:31:26.353,1.1503,1.1507,0.50,4.40
2007.12.24 01:31:26.456,1.1503,1.1507,0.50,4.40
2007.12.24 01:31:26.558,1.1502,1.1507,5.70,4.40
2007.12.24 01:31:26.711,1.1502,1.1507,5.70,4.40
2007.12.24 01:31:26.864,1.1502,1.1507,5.70,4.40
2007.12.24 01:31:27.017,1.1502,1.1507,5.70,4.40
2007.12.24 01:31:27.169,1.1502,1.1507,5.70,4.40
2007.12.24 01:31:27.323,1.1502,1.1507,5.70,4.40
2007.12.24 01:31:27.475,1.1502,1.1507,5.70,4.40
2007.12.24 01:31:27.628,1.1503,1.1507,0.50,4.40
2007.12.24 01:31:27.786,1.1503,1.1507,0.50,4.40
2007.12.24 01:31:27.958,1.1502,1.1507,5.70,4.40
2007.12.24 01:31:28.101,1.1503,1.1507,0.50,4.40
2007.12.24 01:31:28.259,1.1502,1.1507,5.70,4.40
2007.12.24 01:31:28.416,1.1502,1.1507,5.70,4.40
2007.12.24 01:31:28.574,1.1502,1.1507,5.70,4.40
2007.12.24 01:31:28.762,1.1502,1.1507,5.70,4.40
2007.12.24 01:31:28.950,1.1502,1.1507,5.70,4.40
2007.12.24 01:31:29.137,1.1502,1.1507,5.70,4.40
2007.12.24 01:31:29.326,1.1502,1.1507,5.70,4.40
2007.12.24 01:31:29.513,1.1503,1.1507,0.50,4.40
2007.12.24 01:31:29.701,1.1503,1.1507,0.50,4.40
2007.12.24 01:31:29.788,1.1503,1.1507,0.50,4.40
2007.12.24 01:31:29.877,1.1502,1.1507,5.70,4.40
2007.12.24 01:31:29.964,1.1503,1.1507,0.50,4.40
2007.12.24 01:31:30.052,1.1503,1.1507,0.50,4.40
2007.12.24 01:31:30.157,1.1502,1.1507,5.70,4.40
2007.12.24 01:31:30.228,1.1503,1.1507,0.50,4.40
2007.12.24 01:31:30.315,1.1502,1.1507,5.70,4.40
2007.12.24 01:31:30.404,1.1502,1.1507,5.70,4.40
2007.12.24 01:31:30.492,1.1503,1.1507,0.50,4.40
2007.12.24 01:31:30.579,1.1502,1.1507,5.70,4.40
2007.12.24 01:31:30.746,1.1503,1.1507,0.50,4.40
2007.12.24 01:31:30.914,1.1502,1.1507,5.70,4.40
2007.12.24 01:31:31.081,1.1502,1.1507,5.70,4.40
2007.12.24 01:31:31.249,1.1502,1.1507,5.70,4.40
2007.12.24 01:31:31.417,1.1503,1.1507,0.50,4.40
2007.12.24 01:31:31.602,1.1503,1.1507,0.50,4.40
2007.12.24 01:31:31.702,1.1503,1.1507,0.50,4.40
2007.12.24 01:31:31.820,1.1503,1.1507,0.50,4.40
2007.12.24 01:31:31.938,1.1502,1.1507,5.70,4.40
2007.12.24 01:31:32.055,1.1503,1.1507,0.50,4.40
2007.12.24 01:31:32.173,1.1503,1.1507,0.50,4.40
2007.12.24 01:31:32.290,1.1502,1.1507,5.70,4.40
2007.12.24 01:31:32.409,1.1502,1.1507,5.70,4.40
2007.12.24 01:31:32.526,1.1503,1.1507,0.50,4.40
2007.12.24 01:31:32.644,1.1502,1.1507,5.70,4.40
2007.12.24 01:31:32.782,1.1502,1.1507,5.70,4.40
2007.12.24 01:31:32.920,1.1503,1.1507,0.50,4.40
2007.12.24 01:31:33.057,1.1503,1.1507,0.50,4.40
2007.12.24 01:31:33.195,1.1502,1.1507,5.70,4.40
2007.12.24 01:31:33.332,1.1503,1.1507,0.50,4.40
2007.12.24 01:31:33.470,1.1502,1.1507,5.70,4.40
2007.12.24 01:31:33.608,1.1502,1.1507,5.70,4.40
2007.12.24 01:31:33.746,1.1502,1.1507,5.70,4.40
2007.12.24 01:31:33.853,1.1502,1.1507,5.70,4.40
2007.12.24 01:31:33.960,1.1502,1.1507,5.70,4.40
2007.12.24 01:31:34.068,1.1502,1.1507,5.70,4.40
2007.12.24 01:31:34.176,1.1502,1.1507,5.70,4.40
2007.12.24 01:31:34.283,1.1502,1.1507,5.70,4.40
2007.12.24 01:31:34.391,1.1503,1.1507,0.50,4.40
2007.12.24 01:31:34.499,1.1502,1.1507,5.70,4.40
2007.12.24 01:31:34.606,1.1503,1.1507,0.50,4.40
2007.12.24 01:31:34.729,1.1502,1.1507,5.70,4.40
2007.12.24 01:31:34.851,1.1502,1.1507,5.70,4.40
2007.12.24 01:31:34.989,1.1502,1.1507,5.70,4.40
2007.12.24 01:31:35.127,1.1502,1.1507,5.70,4.40
2007.12.24 01:31:35.264,1.1503,1.1507,0.50,4.40
2007.12.24 01:31:35.402,1.1503,1.1507,0.50,4.40
2007.12.24 01:31:35.540,1.1502,1.1507,5.70,4.40
2007.12.24 01:31:35.677,1.1503,1.1507,0.50,4.40
2007.12.24 01:31:35.815,1.1503,1.1507,0.50,4.40
2007.12.24 01:31:35.927,1.1503,1.1507,0.50,4.40
2007.12.24 01:31:36.040,1.1503,1.1507,0.50,4.40
2007.12.24 01:31:36.152,1.1503,1.1507,0.50,4.40
2007.12.24 01:31:36.265,1.1503,1.1507,0.50,4.40
2007.12.24 01:31:36.377,1.1502,1.1507,5.70,4.40
2007.12.24 01:31:36.490,1.1503,1.1507,0.50,4.40
2007.12.24 01:31:36.602,1.1503,1.1507,0.50,4.40
2007.12.24 01:31:36.715,1.1502,1.1507,5.70,4.40
2007.12.24 01:31:36.827,1.1502,1.1507,5.70,4.40
2007.12.24 01:31:36.960,1.1502,1.1507,5.70,4.40
2007.12.24 01:31:37.108,1.1502,1.1507,5.70,4.40
2007.12.24 01:31:37.225,1.1503,1.1507,0.50,4.40
2007.12.24 01:31:37.357,1.1503,1.1507,0.50,4.40
2007.12.24 01:31:37.489,1.1502,1.1507,5.70,4.40
2007.12.24 01:31:37.622,1.1502,1.1507,5.70,4.40
2007.12.24 01:31:37.755,1.1502,1.1507,5.70,4.40
2007.12.24 01:31:37.888,1.1502,1.1507,5.70,4.40
2007.12.24 01:31:38.025,1.1502,1.1507,5.70,4.40
2007.12.24 01:31:38.163,1.1502,1.1507,5.70,4.40
2007.12.24 01:31:38.300,1.1502,1.1507,5.70,4.40
2007.12.24 01:31:38.438,1.1503,1.1507,0.50,4.40
2007.12.24 01:31:38.576,1.1503,1.1507,0.50,4.40
2007.12.24 01:31:38.713,1.1503,1.1507,0.50,4.40
2007.12.24 01:31:38.851,1.1502,1.1507,5.70,4.40
2007.12.24 01:31:38.993,1.1503,1.1507,0.50,4.40
2007.12.24 01:31:39.136,1.1502,1.1507,5.70,4.40
2007.12.24 01:31:39.280,1.1502,1.1507,5.70,4.40
2007.12.24 01:31:39.422,1.1503,1.1507,0.50,4.40
2007.12.24 01:31:39.564,1.1502,1.1507,5.70,4.40
2007.12.24 01:31:39.707,1.1502,1.1507,5.70,4.40
2007.12.24 01:31:39.849,1.1502,1.1507,5.70,4.40
2007.12.24 01:31:40.003,1.1502,1.1507,5.70,4.40
2007.12.24 01:31:40.125,1.1502,1.1507,5.70,4.40
2007.12.24 01:31:40.262,1.1503,1.1507,0.50,4.40
2007.12.24 01:31:40.399,1.1503,1.1507,0.50,4.40
2007.12.24 01:31:40.537,1.1503,1.1507,0.50,4.40
2007.12.24 01:31:40.675,1.1502,1.1507,5.70,4.40
2007.12.24 01:31:40.812,1.1503,1.1507,0.50,4.40
2007.12.24 01:31:40.950,1.1502,1.1507,5.70,4.40
2007.12.24 01:31:41.063,1.1502,1.1507,5.70,4.40
2007.12.24 01:31:41.177,1.1503,1.1507,0.50,4.40
2007.12.24 01:31:41.289,1.1502,1.1507,5.70,4.40
2007.12.24 01:31:41.402,1.1502,1.1507,5.70,4.40
2007.12.24 01:31:41.515,1.1502,1.1507,5.70,4.40
2007.12.24 01:31:41.628,1.1502,1.1507,5.70,4.40
2007.12.24 01:31:41.741,1.1503,1.1507,0.50,4.40
2007.12.24 01:31:41.854,1.1502,1.1507,5.70,4.40
2007.12.24 01:31:41.966,1.1503,1.1507,0.50,4.40
2007.12.24 01:31:42.108,1.1503,1.1507,0.50,4.40
2007.12.24 01:31:42.250,1.1502,1.1507,5.70,4.40
2007.12.24 01:31:42.394,1.1503,1.1507,0.50,4.40
2007.12.24 01:31:48.514,1.1503,1.1507,0.50,0.50
2007.12.24 01:31:48.712,1.1503,1.1507,0.50,0.50
2007.12.24 01:31:48.910,1.1503,1.1507,0.50,0.50
2007.12.24 01:31:49.107,1.1503,1.1507,0.50,0.50
2007.12.24 01:31:49.305,1.1503,1.1507,0.50,0.50
2007.12.24 01:31:49.427,1.1503,1.1507,0.50,0.50
2007.12.24 01:31:49.550,1.1503,1.1507,0.50,0.50
2007.12.24 01:31:49.673,1.1503,1.1507,0.50,0.50
2007.12.24 01:31:49.795,1.1503,1.1507,0.50,0.50
2007.12.24 01:31:49.918,1.1503,1.1507,0.50,0.50
2007.12.24 01:31:50.041,1.1503,1.1507,0.50,0.50
2007.12.24 01:31:50.164,1.1503,1.1507,0.50,0.50
2007.12.24 01:31:50.281,1.1503,1.1507,0.50,0.50
2007.12.24 01:31:50.399,1.1503,1.1507,0.50,0.50
2007.12.24 01:31:50.516,1.1503,1.1507,0.50,0.50
2007.12.24 01:31:50.634,1.1503,1.1507,0.50,0.50
2007.12.24 01:31:50.752,1.1503,1.1507,0.50,0.50
2007.12.24 01:31:50.870,1.1503,1.1507,0.50,0.50
2007.12.24 01:31:50.988,1.1503,1.1507,0.50,0.50
2007.12.24 01:31:51.106,1.1503,1.1507,0.50,0.50
2007.12.24 01:31:51.224,1.1503,1.1507,0.50,0.50
2007.12.24 01:31:51.351,1.1503,1.1507,0.50,0.50
2007.12.24 01:31:51.481,1.1503,1.1507,0.50,0.50
2007.12.24 01:31:51.608,1.1503,1.1507,0.50,0.50
2007.12.24 01:31:51.735,1.1503,1.1507,0.50,0.50
2007.12.24 01:31:51.863,1.1503,1.1507,0.50,0.50
2007.12.24 01:31:51.990,1.1503,1.1507,0.50,0.50
2007.12.24 01:31:52.118,1.1503,1.1507,0.50,0.50
2007.12.24 01:31:52.246,1.1503,1.1507,0.50,0.50
2007.12.24 01:31:52.373,1.1503,1.1507,0.50,0.50
2007.12.24 01:31:52.501,1.1503,1.1507,0.50,0.50
2007.12.24 01:31:52.629,1.1503,1.1507,0.50,0.50
2007.12.24 01:31:52.757,1.1503,1.1507,0.50,0.50
2007.12.24 01:31:52.884,1.1503,1.1507,0.50,0.50
2007.12.24 01:31:53.015,1.1503,1.1507,0.50,0.50
2007.12.24 01:31:53.142,1.1503,1.1507,0.50,0.50
2007.12.24 01:31:53.270,1.1503,1.1507,0.50,0.50
2007.12.24 01:31:53.388,1.1503,1.1507,0.50,0.50
2007.12.24 01:31:53.506,1.1503,1.1507,0.50,0.50
2007.12.24 01:31:53.623,1.1503,1.1507,0.50,0.50
2007.12.24 01:31:53.740,1.1503,1.1507,0.50,0.50
2007.12.24 01:31:53.858,1.1503,1.1507,0.50,0.50
2007.12.24 01:31:53.976,1.1503,1.1507,0.50,0.50
2007.12.24 01:31:54.094,1.1503,1.1507,0.50,0.50
2007.12.24 01:31:54.212,1.1503,1.1507,0.50,0.50
2007.12.24 01:31:54.330,1.1503,1.1507,0.50,0.50
2007.12.24 01:31:54.487,1.1503,1.1507,0.50,0.50
2007.12.24 01:31:54.631,1.1503,1.1507,0.50,0.50
2007.12.24 01:31:54.774,1.1503,1.1507,0.50,0.50
2007.12.24 01:31:54.916,1.1503,1.1507,0.50,0.50
2007.12.24 01:31:55.059,1.1503,1.1507,0.50,0.50
2007.12.24 01:31:55.202,1.1503,1.1507,0.50,0.50
2007.12.24 01:31:55.344,1.1503,1.1507,0.50,0.50
2007.12.24 01:31:55.486,1.1503,1.1507,0.50,0.50
2007.12.24 01:31:55.599,1.1503,1.1507,0.50,0.50
2007.12.24 01:31:55.711,1.1503,1.1507,0.50,0.50
2007.12.24 01:31:55.824,1.1503,1.1507,0.50,0.50
2007.12.24 01:31:55.936,1.1503,1.1507,0.50,0.50
2007.12.24 01:31:56.049,1.1503,1.1507,0.50,0.50
2007.12.24 01:31:56.162,1.1503,1.1507,0.50,0.50
2007.12.24 01:31:56.275,1.1503,1.1507,0.50,0.50
2007.12.24 01:31:56.388,1.1503,1.1507,0.50,0.50
2007.12.24 01:31:56.520,1.1503,1.1507,0.50,0.50
2007.12.24 01:31:56.655,1.1503,1.1507,0.50,0.50
2007.12.24 01:31:56.788,1.1503,1.1507,0.50,0.50
2007.12.24 01:31:56.921,1.1503,1.1507,0.50,0.50
2007.12.24 01:31:57.054,1.1503,1.1507,0.50,0.50
2007.12.24 01:31:57.187,1.1503,1.1507,0.50,0.50
2007.12.24 01:31:57.320,1.1503,1.1507,0.50,0.50
2007.12.24 01:31:57.453,1.1503,1.1507,0.50,0.50
2007.12.24 01:31:57.630,1.1503,1.1507,0.50,0.50
2007.12.24 01:31:57.807,1.1503,1.1507,0.50,0.50
2007.12.24 01:31:57.984,1.1503,1.1507,0.50,0.50
2007.12.24 01:31:58.162,1.1503,1.1507,0.50,0.50
2007.12.24 01:31:58.339,1.1503,1.1507,0.50,0.50
2007.12.24 01:31:58.515,1.1503,1.1507,0.50,0.50
2007.12.24 01:31:58.618,1.1503,1.1507,0.50,0.50
2007.12.24 01:31:58.721,1.1503,1.1507,0.50,0.50
2007.12.24 01:31:58.822,1.1503,1.1507,0.50,0.50
2007.12.24 01:31:58.925,1.1503,1.1507,0.50,0.50
2007.12.24 01:31:59.026,1.1503,1.1507,0.50,0.50
2007.12.24 01:31:59.128,1.1503,1.1507,0.50,0.50
2007.12.24 01:31:59.230,1.1503,1.1507,0.50,0.50
2007.12.24 01:31:59.333,1.1503,1.1507,0.50,0.50
2007.12.24 01:31:59.435,1.1503,1.1507,0.50,0.50
2007.12.24 01:31:59.537,1.1503,1.1507,0.50,0.50
2007.12.24 01:31:59.689,1.1503,1.1507,0.50,0.50
2007.12.24 01:31:59.841,1.1503,1.1507,0.50,0.50
2007.12.24 01:31:59.994,1.1503,1.1507,0.50,0.50
2007.12.24 01:32:00.145,1.1503,1.1507,0.50,0.50
2007.12.24 01:32:00.298,1.1503,1.1507,0.50,0.50
2007.12.24 01:32:00.450,1.1503,1.1507,0.50,0.50
2007.12.24 01:32:00.603,1.1503,1.1507,0.50,0.50
2007.12.24 01:32:00.716,1.1503,1.1507,0.50,0.50
2007.12.24 01:32:00.828,1.1503,1.1507,0.50,0.50
2007.12.24 01:32:00.940,1.1503,1.1507,0.50,0.50
2007.12.24 01:32:01.054,1.1503,1.1507,0.50,0.50
2007.12.24 01:32:01.167,1.1503,1.1507,0.50,0.50
2007.12.24 01:32:01.281,1.1503,1.1507,0.50,0.50
2007.12.24 01:32:01.394,1.1503,1.1507,0.50,0.50
2007.12.24 01:32:01.507,1.1503,1.1507,0.50,0.50
2007.12.24 01:32:01.719,1.1503,1.1507,0.50,0.50
2007.12.24 01:32:01.933,1.1503,1.1507,0.50,0.50
2007.12.24 01:32:02.145,1.1503,1.1507,0.50,0.50
2007.12.24 01:32:02.359,1.1503,1.1507,0.50,0.50
2007.12.24 01:32:02.572,1.1503,1.1507,0.50,0.50
2007.12.24 01:32:02.785,1.1503,1.1507,0.50,0.50
2007.12.24 01:32:02.892,1.1503,1.1507,0.50,0.50
2007.12.24 01:32:03.001,1.1503,1.1507,0.50,0.50
2007.12.24 01:32:03.108,1.1503,1.1507,0.50,0.50
2007.12.24 01:32:03.216,1.1503,1.1507,0.50,0.50
2007.12.24 01:32:03.325,1.1503,1.1507,0.50,0.50
2007.12.24 01:32:03.432,1.1503,1.1507,0.50,0.50
2007.12.24 01:32:03.541,1.1503,1.1507,0.50,0.50
2007.12.24 01:32:03.652,1.1503,1.1507,0.50,0.50
2007.12.24 01:32:03.810,1.1503,1.1507,0.50,0.50
2007.12.24 01:32:03.967,1.1503,1.1507,0.50,0.50
2007.12.24 01:32:04.124,1.1503,1.1507,0.50,0.50
2007.12.24 01:32:04.282,1.1503,1.1507,0.50,0.50
2007.12.24 01:32:04.440,1.1503,1.1507,0.50,0.50
2007.12.24 01:32:04.597,1.1503,1.1507,0.50,0.50
2007.12.24 01:32:04.754,1.1503,1.1507,0.50,0.50
2007.12.24 01:32:04.862,1.1503,1.1507,0.50,0.50
2007.12.24 01:32:04.969,1.1503,1.1507,0.50,0.50
2007.12.24 01:32:05.076,1.1503,1.1507,0.50,0.50
2007.12.24 01:32:05.184,1.1503,1.1507,0.50,0.50
2007.12.24 01:32:05.292,1.1503,1.1507,0.50,0.50
2007.12.24 01:32:05.399,1.1503,1.1507,0.50,0.50
2007.12.24 01:32:05.507,1.1503,1.1507,0.50,0.50
2007.12.24 01:32:05.615,1.1503,1.1507,0.50,0.50
2007.12.24 01:32:05.723,1.1503,1.1507,0.50,0.50
2007.12.24 01:32:05.885,1.1503,1.1507,0.50,0.50
2007.12.24 01:32:06.048,1.1503,1.1507,0.50,0.50
2007.12.24 01:32:06.210,1.1503,1.1507,0.50,0.50
2007.12.24 01:32:06.373,1.1503,1.1507,0.50,0.50
2007.12.24 01:32:06.535,1.1503,1.1507,0.50,0.50
2007.12.24 01:32:06.697,1.1503,1.1507,0.50,0.50
2007.12.24 01:32:06.794,1.1503,1.1507,0.50,0.50
2007.12.24 01:32:06.892,1.1503,1.1507,0.50,0.50
2007.12.24 01:32:06.989,1.1503,1.1507,0.50,0.50
2007.12.24 01:32:07.087,1.1503,1.1507,0.50,0.50
2007.12.24 01:32:07.185,1.1503,1.1507,0.50,0.50
2007.12.24 01:32:07.282,1.1503,1.1507,0.50,0.50
2007.12.24 01:32:07.381,1.1503,1.1507,0.50,0.50
2007.12.24 01:32:07.478,1.1503,1.1507,0.50,0.50
2007.12.24 01:32:07.575,1.1503,1.1507,0.50,0.50
2007.12.24 01:32:07.674,1.1503,1.1507,0.50,0.50
2007.12.24 01:32:07.771,1.1503,1.1507,0.50,0.50
2007.12.24 01:32:07.920,1.1503,1.1507,0.50,0.50
2007.12.24 01:32:08.068,1.1503,1.1507,0.50,0.50
2007.12.24 01:32:08.220,1.1503,1.1507,0.50,0.50
2007.12.24 01:32:08.368,1.1503,1.1507,0.50,0.50
2007.12.24 01:32:08.516,1.1503,1.1507,0.50,0.50
2007.12.24 01:32:08.664,1.1503,1.1507,0.50,0.50
2007.12.24 01:32:08.812,1.1503,1.1507,0.50,0.50
2007.12.24 01:32:08.914,1.1503,1.1507,0.50,0.50
2007.12.24 01:32:09.016,1.1503,1.1507,0.50,0.50
2007.12.24 01:32:09.119,1.1503,1.1507,0.50,0.50
2007.12.24 01:32:09.221,1.1503,1.1507,0.50,0.50
2007.12.24 01:32:09.324,1.1503,1.1507,0.50,0.50
2007.12.24 01:32:09.379,1.1502,1.1507,8.10,0.50
2007.12.24 01:32:09.427,1.1503,1.1507,0.50,0.50
2007.12.24 01:32:09.529,1.1502,1.1507,8.10,0.50
2007.12.24 01:32:09.633,1.1502,1.1507,8.10,0.50
2007.12.24 01:32:09.737,1.1503,1.1507,0.50,0.50
2007.12.24 01:32:09.839,1.1502,1.1507,8.10,0.50
2007.12.24 01:32:10.020,1.1502,1.1507,8.10,0.50
2007.12.24 01:32:10.204,1.1503,1.1507,0.50,0.50
2007.12.24 01:32:10.386,1.1502,1.1507,8.10,0.50
2007.12.24 01:32:10.570,1.1503,1.1507,0.50,0.50
2007.12.24 01:32:10.753,1.1503,1.1507,0.50,0.50
2007.12.24 01:32:10.935,1.1503,1.1507,0.50,0.50
2007.12.24 01:32:11.047,1.1503,1.1507,0.50,0.50
2007.12.24 01:32:11.172,1.1502,1.1507,8.10,0.50
2007.12.24 01:32:11.285,1.1503,1.1507,0.50,0.50
2007.12.24 01:32:11.398,1.1502,1.1507,8.10,0.50
2007.12.24 01:32:11.512,1.1502,1.1507,8.10,0.50
2007.12.24 01:32:11.623,1.1502,1.1507,8.10,0.50
2007.12.24 01:32:11.737,1.1503,1.1507,0.50,0.50
2007.12.24 01:32:11.849,1.1503,1.1507,0.50,0.50
2007.12.24 01:32:11.972,1.1503,1.1507,0.50,0.50
2007.12.24 01:32:12.094,1.1502,1.1507,8.10,0.50
2007.12.24 01:32:12.217,1.1502,1.1507,8.10,0.50
2007.12.24 01:32:12.339,1.1503,1.1507,0.50,0.50
2007.12.24 01:32:12.463,1.1502,1.1507,8.10,0.50
2007.12.24 01:32:12.586,1.1502,1.1507,8.10,0.50
2007.12.24 01:32:12.708,1.1503,1.1507,0.50,0.50
2007.12.24 01:32:12.832,1.1503,1.1507,0.50,0.50
2007.12.24 01:32:12.955,1.1503,1.1507,0.50,0.50
2007.12.24 01:32:13.083,1.1502,1.1507,8.10,0.50
2007.12.24 01:32:13.210,1.1502,1.1507,8.10,0.50
2007.12.24 01:32:13.338,1.1503,1.1507,0.50,0.50
2007.12.24 01:32:13.476,1.1502,1.1507,8.10,0.50
2007.12.24 01:32:13.604,1.1503,1.1507,0.50,0.50
2007.12.24 01:32:13.733,1.1502,1.1507,8.10,0.50
2007.12.24 01:32:13.860,1.1502,1.1507,8.10,0.50
2007.12.24 01:32:13.983,1.1502,1.1507,8.10,0.50
2007.12.24 01:32:14.106,1.1503,1.1507,0.50,0.50
2007.12.24 01:32:14.228,1.1502,1.1507,8.10,0.50
2007.12.24 01:32:14.351,1.1502,1.1507,8.10,0.50
2007.12.24 01:32:14.474,1.1502,1.1507,8.10,0.50
2007.12.24 01:32:14.595,1.1502,1.1507,8.10,0.50
2007.12.24 01:32:14.720,1.1503,1.1507,0.50,0.50
2007.12.24 01:32:14.842,1.1502,1.1507,8.10,0.50
2007.12.24 01:32:14.965,1.1502,1.1507,8.10,0.50
2007.12.24 01:32:15.082,1.1503,1.1507,0.50,0.50
2007.12.24 01:32:15.214,1.1503,1.1507,0.50,0.50
2007.12.24 01:32:15.332,1.1503,1.1507,0.50,0.50
2007.12.24 01:32:15.450,1.1502,1.1507,8.10,0.50
2007.12.24 01:32:15.567,1.1503,1.1507,0.50,0.50
2007.12.24 01:32:15.686,1.1502,1.1507,8.10,0.50
2007.12.24 01:32:15.855,1.1502,1.1507,8.10,0.50
2007.12.24 01:32:16.032,1.1502,1.1507,8.10,0.50
2007.12.24 01:32:16.212,1.1503,1.1507,0.50,0.50
2007.12.24 01:32:16.387,1.1503,1.1507,0.50,0.50
2007.12.24 01:32:16.565,1.1502,1.1507,8.10,0.50
2007.12.24 01:32:16.744,1.1503,1.1507,0.50,0.50
2007.12.24 01:32:16.921,1.1502,1.1507,8.10,0.50
2007.12.24 01:32:17.119,1.1503,1.1507,0.50,0.50
2007.12.24 01:32:17.317,1.1503,1.1507,0.50,0.50
2007.12.24 01:32:17.515,1.1503,1.1507,0.50,0.50
2007.12.24 01:32:17.712,1.1503,1.1507,0.50,0.50
2007.12.24 01:32:17.909,1.1502,1.1507,8.10,0.50
2007.12.24 01:32:18.107,1.1503,1.1507,0.50,0.50
2007.12.24 01:32:18.189,1.1503,1.1507,0.50,0.50
2007.12.24 01:32:18.273,1.1502,1.1507,8.10,0.50
2007.12.24 01:32:18.356,1.1502,1.1507,8.10,0.50
2007.12.24 01:32:18.439,1.1503,1.1507,0.50,0.50
2007.12.24 01:32:26.337,1.15005,1.15085,10.00,8.00
2007.12.24 01:32:26.463,1.15005,1.15085,10.00,8.00
2007.12.24 01:32:26.592,1.15005,1.15085,10.00,8.00
2007.12.24 01:32:26.719,1.15015,1.1508,2.10,8.00
2007.12.24 01:32:26.848,1.15015,1.1508,1.60,8.00
2007.12.24 01:32:26.976,1.15,1.1508,10.00,8.00
2007.12.24 01:32:27.104,1.15,1.1508,10.00,8.00
2007.12.24 01:32:27.282,1.15,1.1508,10.00,8.00
2007.12.24 01:32:27.460,1.15,1.1508,10.00,8.00
2007.12.24 01:32:27.638,1.15,1.1508,10.00,8.00
2007.12.24 01:32:27.816,1.15015,1.1508,1.00,8.00
2007.12.24 01:32:27.994,1.15,1.1508,10.00,8.00
2007.12.24 01:32:28.171,1.15015,1.1508,4.40,8.00
2007.12.24 01:32:28.283,1.15,1.1508,10.00,8.00
2007.12.24 01:32:28.396,1.15,1.1508,10.00,8.00
2007.12.24 01:32:28.508,1.15,1.1508,10.00,8.00
2007.12.24 01:32:28.621,1.15,1.1508,10.00,8.00
2007.12.24 01:32:28.733,1.15,1.1508,10.00,8.00
2007.12.24 01:32:28.846,1.15015,1.1508,3.30,8.00
2007.12.24 01:32:28.971,1.15015,1.1508,3.60,8.00
2007.12.24 01:32:29.083,1.15015,1.1508,1.80,8.00
2007.12.24 01:32:29.236,1.15015,1.1508,3.60,8.00
2007.12.24 01:32:29.388,1.15,1.1508,10.00,8.00
2007.12.24 01:32:29.540,1.15,1.1508,10.00,8.00
2007.12.24 01:32:29.693,1.15,1.1508,10.00,8.00
2007.12.24 01:32:29.845,1.15,1.1508,10.00,8.00
2007.12.24 01:32:29.998,1.15015,1.1508,2.40,8.00
2007.12.24 01:32:30.150,1.15,1.1508,10.00,8.00
2007.12.24 01:32:30.282,1.15,1.1508,10.00,8.00
2007.12.24 01:32:30.415,1.15,1.1508,10.00,8.00
2007.12.24 01:32:30.547,1.15,1.1508,10.00,8.00
2007.12.24 01:32:30.680,1.15015,1.1508,2.80,8.00
2007.12.24 01:32:30.812,1.15015,1.1508,0.90,8.00
2007.12.24 01:32:30.946,1.15015,1.1508,3.40,8.00
2007.12.24 01:32:31.078,1.15,1.1508,10.00,8.00
2007.12.24 01:32:31.210,1.15,1.1508,10.00,8.00
2007.12.24 01:32:31.428,1.15,1.1508,10.00,8.00
2007.12.24 01:32:31.646,1.15015,1.1508,3.30,8.00
2007.12.24 01:32:31.863,1.15,1.1508,10.00,8.00
2007.12.24 01:32:32.081,1.15015,1.1508,3.80,8.00
2007.12.24 01:32:32.298,1.15015,1.1508,2.10,8.00
2007.12.24 01:32:32.395,1.15015,1.1508,3.30,8.00
2007.12.24 01:32:32.493,1.15015,1.1508,3.90,8.00
2007.12.24 01:32:32.591,1.14995,1.1508,8.40,8.00
2007.12.24 01:32:32.820,1.1501,1.15075,2.70,8.00
2007.12.24 01:32:32.919,1.1502,1.1507,5.70,4.40
2007.12.24 01:32:33.019,1.1503,1.1507,0.50,4.40
2007.12.24 01:32:33.127,1.1502,1.1507,5.70,4.40
2007.12.24 01:32:33.313,1.1502,1.1507,5.70,4.40
2007.12.24 01:32:33.501,1.1503,1.1507,0.50,4.40
2007.12.24 01:32:33.689,1.1502,1.1507,5.70,4.40
2007.12.24 01:32:33.876,1.1503,1.1507,0.50,4.40
2007.12.24 01:32:34.067,1.1503,1.1507,0.50,4.40
2007.12.24 01:32:34.254,1.1503,1.1507,0.50,4.40
2007.12.24 01:32:34.392,1.1503,1.1507,0.50,4.40
2007.12.24 01:32:34.529,1.1503,1.1507,0.50,4.40
2007.12.24 01:32:34.682,1.1502,1.1507,5.70,4.40
2007.12.24 01:32:34.805,1.1503,1.1507,0.50,4.40
2007.12.24 01:32:34.943,1.1502,1.1507,5.70,4.40
2007.12.24 01:32:35.081,1.1503,1.1507,0.50,4.40
2007.12.24 01:32:35.218,1.1502,1.1507,5.70,4.40
2007.12.24 01:32:35.331,1.1502,1.1507,5.70,4.40
2007.12.24 01:32:35.444,1.1502,1.1507,5.70,4.40
2007.12.24 01:32:35.557,1.1503,1.1507,0.50,4.40
2007.12.24 01:32:35.669,1.1502,1.1507,5.70,4.40
2007.12.24 01:32:35.782,1.1503,1.1507,0.50,4.40
2007.12.24 01:32:35.895,1.1503,1.1507,0.50,4.40
2007.12.24 01:32:36.008,1.1502,1.1507,5.70,4.40
2007.12.24 01:32:36.121,1.1503,1.1507,0.50,4.40
2007.12.24 01:32:36.233,1.1502,1.1507,5.70,4.40
2007.12.24 01:32:36.376,1.1502,1.1507,5.70,4.40
2007.12.24 01:32:36.518,1.1503,1.1507,0.50,4.40
2007.12.24 01:32:36.661,1.1502,1.1507,5.70,4.40
2007.12.24 01:32:36.804,1.1502,1.1507,5.70,4.40
2007.12.24 01:32:36.947,1.1503,1.1507,0.50,4.40
2007.12.24 01:32:37.090,1.1502,1.1507,5.70,4.40
2007.12.24 01:32:37.233,1.1502,1.1507,5.70,4.40
2007.12.24 01:32:37.375,1.1502,1.1507,5.70,4.40
2007.12.24 01:32:37.493,1.1503,1.1507,0.50,4.40
2007.12.24 01:32:37.611,1.1503,1.1507,0.50,4.40
2007.12.24 01:32:37.743,1.1503,1.1507,0.50,4.40
2007.12.24 01:32:37.847,1.1502,1.1507,5.70,4.40
2007.12.24 01:32:37.972,1.1502,1.1507,5.70,4.40
2007.12.24 01:32:38.092,1.1502,1.1507,5.70,4.40
2007.12.24 01:32:38.211,1.1502,1.1507,5.70,4.40
2007.12.24 01:32:38.329,1.1502,1.1507,5.70,4.40
2007.12.24 01:32:38.493,1.1503,1.1507,0.50,4.40
2007.12.24 01:32:38.655,1.1503,1.1507,0.50,4.40
2007.12.24 01:32:38.819,1.1503,1.1507,0.50,4.40
2007.12.24 01:32:38.982,1.1503,1.1507,0.50,4.40
2007.12.24 01:32:39.160,1.1503,1.1507,0.50,4.40
2007.12.24 01:32:39.308,1.1503,1.1507,0.50,4.40
2007.12.24 01:32:39.472,1.1503,1.1507,0.50,4.40
2007.12.24 01:32:39.575,1.1503,1.1507,0.50,4.40
2007.12.24 01:32:39.678,1.1503,1.1507,0.50,4.40
2007.12.24 01:32:39.782,1.1503,1.1507,0.50,4.40
2007.12.24 01:32:39.885,1.1503,1.1507,0.50,4.40
2007.12.24 01:32:39.993,1.1503,1.1507,0.50,4.40
2007.12.24 01:32:40.095,1.1503,1.1507,0.50,4.40
2007.12.24 01:32:40.197,1.1503,1.1507,0.50,4.40
2007.12.24 01:32:40.299,1.1503,1.1507,0.50,4.40
2007.12.24 01:32:40.402,1.1503,1.1507,0.50,4.40
2007.12.24 01:32:40.438,1.1502,1.1507,5.70,4.40
2007.12.24 01:32:40.505,1.1503,1.1507,0.50,4.40
2007.12.24 01:32:40.663,1.1502,1.1507,5.70,4.40
2007.12.24 01:32:40.821,1.1502,1.1507,5.70,4.40
2007.12.24 01:32:40.979,1.1502,1.1507,5.70,4.40
2007.12.24 01:32:41.138,1.1502,1.1507,5.70,4.40
2007.12.24 01:32:41.296,1.1503,1.1507,0.50,4.40
2007.12.24 01:32:41.454,1.1503,1.1507,0.50,4.40
2007.12.24 01:32:41.566,1.1502,1.1507,5.70,4.40
2007.12.24 01:32:41.679,1.1503,1.1507,0.50,4.40
2007.12.24 01:32:41.792,1.1502,1.1507,5.70,4.40
2007.12.24 01:32:41.905,1.1502,1.1507,5.70,4.40
2007.12.24 01:32:42.018,1.1503,1.1507,0.50,4.40
2007.12.24 01:32:42.130,1.1502,1.1507,5.70,4.40
2007.12.24 01:32:42.243,1.1502,1.1507,5.70,4.40
2007.12.24 01:32:42.356,1.1502,1.1507,5.70,4.40
2007.12.24 01:32:42.468,1.1502,1.1507,5.70,4.40
2007.12.24 01:32:42.621,1.1502,1.1507,5.70,4.40
2007.12.24 01:32:42.773,1.1502,1.1507,5.70,4.40
2007.12.24 01:32:42.926,1.1502,1.1507,5.70,4.40
2007.12.24 01:32:43.079,1.1502,1.1507,5.70,4.40
2007.12.24 01:32:43.242,1.1503,1.1507,0.50,4.40
2007.12.24 01:32:43.394,1.1503,1.1507,0.50,4.40
2007.12.24 01:32:43.547,1.1502,1.1507,5.70,4.40
2007.12.24 01:32:43.655,1.1502,1.1507,5.70,4.40
2007.12.24 01:32:43.763,1.1502,1.1507,5.70,4.40
2007.12.24 01:32:43.871,1.1502,1.1507,5.70,4.40
2007.12.24 01:32:43.979,1.1502,1.1507,5.70,4.40
2007.12.24 01:32:44.087,1.1502,1.1507,5.70,4.40
2007.12.24 01:32:44.195,1.1502,1.1507,5.70,4.40
2007.12.24 01:32:44.303,1.1503,1.1507,0.50,4.40
2007.12.24 01:32:44.411,1.1503,1.1507,0.50,4.40
2007.12.24 01:32:44.519,1.1502,1.1507,5.70,4.40
2007.12.24 01:32:44.627,1.1503,1.1507,0.50,4.40
2007.12.24 01:32:44.770,1.1503,1.1507,0.50,4.40
2007.12.24 01:32:44.913,1.1503,1.1507,0.50,4.40
2007.12.24 01:32:45.056,1.1502,1.1507,5.70,4.40
2007.12.24 01:32:45.199,1.1503,1.1507,0.50,4.40
2007.12.24 01:32:45.342,1.1502,1.1507,5.70,4.40
2007.12.24 01:32:45.485,1.1502,1.1507,5.70,4.40
2007.12.24 01:32:45.628,1.1502,1.1507,5.70,4.40
2007.12.24 01:32:45.751,1.1502,1.1507,5.70,4.40
2007.12.24 01:32:45.874,1.1502,1.1507,5.70,4.40
2007.12.24 01:32:45.997,1.1502,1.1507,5.70,4.40
2007.12.24 01:32:46.120,1.1502,1.1507,5.70,4.40
2007.12.24 01:32:46.243,1.1502,1.1507,5.70,4.40
2007.12.24 01:32:46.366,1.1502,1.1507,5.70,4.40
2007.12.24 01:32:46.489,1.1502,1.1507,5.70,4.40
2007.12.24 01:32:46.612,1.1503,1.1507,0.50,4.40
2007.12.24 01:32:46.735,1.1502,1.1507,5.70,4.40
2007.12.24 01:32:46.858,1.1502,1.1507,5.70,4.40
2007.12.24 01:32:46.981,1.1502,1.1507,5.70,4.40
2007.12.24 01:32:47.104,1.1502,1.1507,5.70,4.40
2007.12.24 01:32:47.227,1.1502,1.1507,5.70,4.40
2007.12.24 01:32:47.349,1.1502,1.1507,5.70,4.40
2007.12.24 01:32:47.472,1.1503,1.1507,0.50,4.40
2007.12.24 01:32:47.595,1.1503,1.1507,0.50,4.40
2007.12.24 01:32:47.718,1.1503,1.1507,0.50,4.40
2007.12.24 01:32:47.840,1.1503,1.1507,0.50,4.40
2007.12.24 01:32:47.963,1.1503,1.1507,0.50,4.40
2007.12.24 01:32:48.085,1.1502,1.1507,5.70,4.40
2007.12.24 01:32:48.208,1.1502,1.1507,5.70,4.40
2007.12.24 01:32:48.332,1.1503,1.1507,0.50,4.40
2007.12.24 01:32:48.454,1.1502,1.1507,5.70,4.40
2007.12.24 01:32:48.578,1.1502,1.1507,5.70,4.40
2007.12.24 01:32:48.700,1.1503,1.1507,0.50,4.40
2007.12.24 01:32:48.914,1.1502,1.1507,8.10,0.50
2007.12.24 01:32:49.127,1.1502,1.1507,8.10,0.50
2007.12.24 01:32:49.340,1.1502,1.1507,8.10,0.50
2007.12.24 01:32:49.553,1.1502,1.1507,8.10,0.50
2007.12.24 01:32:49.766,1.1502,1.1507,8.10,0.50
2007.12.24 01:32:49.884,1.1502,1.1507,8.10,0.50
2007.12.24 01:32:50.002,1.1502,1.1507,8.10,0.50
2007.12.24 01:32:50.120,1.1503,1.1507,0.50,0.50
2007.12.24 01:32:50.239,1.1503,1.1507,0.50,0.50
2007.12.24 01:32:50.356,1.1503,1.1507,0.50,0.50
2007.12.24 01:32:50.474,1.1503,1.1507,0.50,0.50
2007.12.24 01:32:50.591,1.1502,1.1507,8.10,0.50
2007.12.24 01:32:50.709,1.1502,1.1507,8.10,0.50
2007.12.24 01:32:50.828,1.1502,1.1507,8.10,0.50
2007.12.24 01:32:50.945,1.1503,1.1507,0.50,0.50
2007.12.24 01:32:51.063,1.1503,1.1507,0.50,0.50
2007.12.24 01:32:51.181,1.1503,1.1507,0.50,0.50
2007.12.24 01:32:51.299,1.1503,1.1507,0.50,0.50
2007.12.24 01:32:51.417,1.1502,1.1507,16.10,0.50
2007.12.24 01:32:51.535,1.1502,1.1507,16.10,0.50
2007.12.24 01:32:51.653,1.1502,1.1507,16.10,0.50
2007.12.24 01:32:51.771,1.1503,1.1508,0.50,4.40
2007.12.24 01:32:51.889,1.1503,1.1508,1.70,4.40
2007.12.24 01:32:52.077,1.1503,1.1508,1.70,4.40
2007.12.24 01:32:52.276,1.1504,1.1508,0.50,4.40
2007.12.24 01:32:52.463,1.1504,1.1508,0.50,4.40
2007.12.24 01:32:52.651,1.1503,1.1508,1.70,4.40
2007.12.24 01:32:52.839,1.1503,1.1508,1.70,4.40
2007.12.24 01:32:52.966,1.1503,1.1508,1.70,4.40
2007.12.24 01:32:53.094,1.1504,1.1508,0.50,4.40
2007.12.24 01:32:53.222,1.1503,1.1508,1.70,4.40
2007.12.24 01:32:53.349,1.1503,1.1508,1.70,4.40
2007.12.24 01:32:53.476,1.1504,1.1508,0.50,4.40
2007.12.24 01:32:53.604,1.1503,1.1508,1.70,4.40
2007.12.24 01:32:53.731,1.1503,1.1508,1.70,4.40
2007.12.24 01:32:53.858,1.1504,1.1508,0.50,4.40
2007.12.24 01:32:53.981,1.1504,1.1508,0.50,4.40
2007.12.24 01:32:54.104,1.1504,1.1508,0.50,4.40
2007.12.24 01:32:54.226,1.1503,1.1508,1.70,4.40
2007.12.24 01:32:54.349,1.1504,1.1508,0.50,4.40
2007.12.24 01:32:54.472,1.1504,1.1508,0.50,4.40
2007.12.24 01:32:54.596,1.1503,1.1508,1.70,4.40
2007.12.24 01:32:54.718,1.1504,1.1508,0.50,4.40
2007.12.24 01:32:54.842,1.1503,1.1508,1.70,4.40
2007.12.24 01:32:54.964,1.1503,1.1508,1.70,4.40
2007.12.24 01:32:55.088,1.1503,1.1508,1.70,4.40
2007.12.24 01:32:55.210,1.1504,1.1508,0.50,4.40
2007.12.24 01:32:55.333,1.1504,1.1508,0.50,4.40
2007.12.24 01:32:55.461,1.1504,1.1508,0.50,4.40
2007.12.24 01:32:55.584,1.1503,1.1508,1.70,4.40
2007.12.24 01:32:55.706,1.1503,1.1508,1.70,4.40
2007.12.24 01:32:55.829,1.1503,1.1508,1.70,4.40
2007.12.24 01:32:55.952,1.1504,1.1508,0.50,4.40
2007.12.24 01:32:56.075,1.1503,1.1508,1.70,4.40
2007.12.24 01:32:56.197,1.1503,1.1508,1.70,4.40
2007.12.24 01:32:56.319,1.1503,1.1508,1.70,4.40
2007.12.24 01:32:56.442,1.1504,1.1508,0.50,4.40
2007.12.24 01:32:56.565,1.1504,1.1508,0.50,4.40
2007.12.24 01:32:56.688,1.1503,1.1508,1.70,4.40
2007.12.24 01:32:56.811,1.1503,1.1508,1.70,4.40
2007.12.24 01:32:56.934,1.1503,1.1508,1.70,4.40
2007.12.24 01:32:57.057,1.1503,1.1508,1.70,4.40
2007.12.24 01:32:57.270,1.1503,1.1508,1.70,4.40
2007.12.24 01:32:57.483,1.1504,1.1508,0.50,4.40
2007.12.24 01:32:57.696,1.1504,1.1508,0.50,4.40
2007.12.24 01:32:57.910,1.1503,1.1507,2.50,0.50
2007.12.24 01:32:58.123,1.1502,1.1507,16.00,0.50
2007.12.24 01:32:58.266,1.1502,1.1507,16.00,0.50
2007.12.24 01:32:58.409,1.1503,1.1507,1.00,0.50
2007.12.24 01:32:58.552,1.1503,1.1507,0.80,0.50
2007.12.24 01:32:58.695,1.1502,1.1507,16.00,0.50
2007.12.24 01:32:58.837,1.1503,1.1507,2.30,0.50
2007.12.24 01:32:58.979,1.1502,1.1507,16.00,0.50
2007.12.24 01:32:59.122,1.1503,1.1507,1.60,0.50
2007.12.24 01:32:59.239,1.1503,1.1507,1.90,0.50
2007.12.24 01:32:59.358,1.1503,1.1507,2.50,0.50
2007.12.24 01:32:59.476,1.1502,1.1507,16.00,0.50
2007.12.24 01:32:59.593,1.1502,1.1507,16.00,0.50
2007.12.24 01:32:59.711,1.1502,1.1507,16.00,0.50
2007.12.24 01:32:59.828,1.1502,1.1507,16.00,0.50
2007.12.24 01:32:59.946,1.1502,1.1507,16.00,0.50
2007.12.24 01:33:00.063,1.1502,1.1507,16.00,0.50
2007.12.24 01:33:00.191,1.1502,1.1507,16.00,0.50
2007.12.24 01:33:00.319,1.1503,1.1507,2.50,0.50
2007.12.24 01:33:00.448,1.1502,1.1507,16.00,0.50
2007.12.24 01:33:00.575,1.1503,1.1507,2.40,0.50
2007.12.24 01:33:00.703,1.1503,1.1507,2.00,0.50
2007.12.24 01:33:00.831,1.1503,1.1507,2.50,0.50
2007.12.24 01:33:00.959,1.1503,1.1507,1.80,0.50
2007.12.24 01:33:01.087,1.1503,1.1507,1.80,0.50
2007.12.24 01:33:01.215,1.1502,1.1507,16.00,0.50
2007.12.24 01:33:01.343,1.1503,1.1507,1.30,0.50
2007.12.24 01:33:01.471,1.1503,1.1507,2.60,0.50
2007.12.24 01:33:01.599,1.1502,1.1507,16.00,0.50
2007.12.24 01:33:01.727,1.1502,1.1507,16.00,0.50
2007.12.24 01:33:01.855,1.1502,1.1507,16.00,0.50
2007.12.24 01:33:01.983,1.1502,1.1507,16.00,0.50
2007.12.24 01:33:02.111,1.1503,1.1507,2.00,0.50
2007.12.24 01:33:02.274,1.1502,1.1507,16.00,0.50
2007.12.24 01:33:02.437,1.1502,1.1507,16.00,0.50
2007.12.24 01:33:02.484,1.1503,1.1507,0.70,0.50
2007.12.24 01:33:02.600,1.1502,1.1508,16.00,5.70
2007.12.24 01:33:02.763,1.1502,1.1508,16.00,5.70
2007.12.24 01:33:02.926,1.1502,1.1508,16.00,5.70
2007.12.24 01:33:03.089,1.1503,1.1507,0.60,0.50
2007.12.24 01:33:03.253,1.1503,1.1507,0.50,0.50
2007.12.24 01:33:03.375,1.1503,1.1507,0.80,0.50
2007.12.24 01:33:03.498,1.1502,1.1508,16.00,5.70
2007.12.24 01:33:03.622,1.1503,1.1507,0.50,0.50
2007.12.24 01:33:03.745,1.1502,1.1508,16.00,5.70
2007.12.24 01:33:03.868,1.1502,1.1508,16.00,5.70
2007.12.24 01:33:03.991,1.1502,1.1508,16.00,5.70
2007.12.24 01:33:04.114,1.1503,1.1507,0.60,0.50
2007.12.24 01:33:04.257,1.1502,1.1508,16.00,5.70
2007.12.24 01:33:04.400,1.1503,1.1507,0.80,0.50
2007.12.24 01:33:04.543,1.1502,1.1508,16.00,5.70
2007.12.24 01:33:04.685,1.1502,1.1508,16.00,5.70
2007.12.24 01:33:04.828,1.1502,1.1508,16.00,5.70
2007.12.24 01:33:04.971,1.1503,1.1507,0.70,0.50
2007.12.24 01:33:05.113,1.1502,1.1508,16.00,5.70
2007.12.24 01:33:05.256,1.1502,1.1508,16.00,5.70
2007.12.24 01:33:05.373,1.1502,1.1508,16.00,5.70
2007.12.24 01:33:05.492,1.1503,1.1507,0.90,0.50
2007.12.24 01:33:05.609,1.1502,1.1508,16.00,5.70
2007.12.24 01:33:05.727,1.1503,1.1507,0.70,0.50
2007.12.24 01:33:05.845,1.1503,1.1507,0.80,0.50
2007.12.24 01:33:05.963,1.1502,1.1508,16.00,5.70
2007.12.24 01:33:06.081,1.1503,1.1507,0.50,0.50
2007.12.24 01:33:06.199,1.1503,1.1507,0.90,0.50
2007.12.24 01:33:06.327,1.1502,1.1508,16.00,5.70
2007.12.24 01:33:06.448,1.1503,1.1507,0.60,0.50
2007.12.24 01:33:06.570,1.1503,1.1507,0.50,0.50
2007.12.24 01:33:06.693,1.1503,1.1507,0.70,0.50
2007.12.24 01:33:06.816,1.1502,1.1508,16.00,5.70
2007.12.24 01:33:06.938,1.1502,1.1508,16.00,5.70
2007.12.24 01:33:07.061,1.1503,1.1507,0.50,0.50
2007.12.24 01:33:07.183,1.1502,1.1508,16.00,5.70
2007.12.24 01:33:07.305,1.1502,1.1508,16.00,5.70
2007.12.24 01:33:07.433,1.1502,1.1508,16.00,5.70
2007.12.24 01:33:07.562,1.1503,1.1507,0.70,0.50
2007.12.24 01:33:07.690,1.1502,1.1508,16.00,5.70
2007.12.24 01:33:07.817,1.1502,1.1508,16.00,5.70
2007.12.24 01:33:07.946,1.1502,1.1508,16.00,5.70
2007.12.24 01:33:08.073,1.1503,1.1507,0.80,0.50
2007.12.24 01:33:08.202,1.1502,1.1508,16.00,5.70
2007.12.24 01:33:08.330,1.1503,1.1507,0.60,0.50
2007.12.24 01:33:08.487,1.1502,1.1508,16.00,5.70
2007.12.24 01:33:08.615,1.1503,1.1508,4.40,5.70
2007.12.24 01:33:08.758,1.1503,1.1508,4.40,5.70
2007.12.24 01:33:08.900,1.1503,1.1508,4.40,5.70
2007.12.24 01:33:09.043,1.1503,1.1508,4.40,5.70
2007.12.24 01:33:09.186,1.1503,1.1508,4.40,5.70
2007.12.24 01:33:09.329,1.1503,1.1507,4.40,0.50
2007.12.24 01:33:09.437,1.1503,1.1507,4.40,0.50
2007.12.24 01:33:09.544,1.1503,1.1508,4.40,5.70
2007.12.24 01:33:09.651,1.1503,1.1508,4.40,5.70
2007.12.24 01:33:09.760,1.1503,1.1507,4.40,0.50
2007.12.24 01:33:09.868,1.1503,1.1507,4.40,0.50
2007.12.24 01:33:09.976,1.1503,1.1508,4.40,5.70
2007.12.24 01:33:10.083,1.1503,1.1508,4.40,5.70
2007.12.24 01:33:10.192,1.1503,1.1508,4.40,5.70
2007.12.24 01:33:10.299,1.1503,1.1507,4.40,0.50
2007.12.24 01:33:10.407,1.1503,1.1507,4.40,0.50
2007.12.24 01:33:10.555,1.1503,1.1507,4.40,0.50
2007.12.24 01:33:10.703,1.1503,1.1507,4.40,0.50
2007.12.24 01:33:10.849,1.1503,1.1507,4.40,0.50
2007.12.24 01:33:10.996,1.1503,1.1508,4.40,5.70
2007.12.24 01:33:11.143,1.1503,1.1508,4.40,5.70
2007.12.24 01:33:11.292,1.1503,1.1507,4.40,0.50
2007.12.24 01:33:11.439,1.1503,1.1508,4.40,5.70
2007.12.24 01:33:11.551,1.1503,1.1508,4.40,5.70
2007.12.24 01:33:11.663,1.1503,1.1508,4.40,5.70
2007.12.24 01:33:11.775,1.1503,1.1508,4.40,5.70
2007.12.24 01:33:11.887,1.1503,1.1508,4.40,5.70
2007.12.24 01:33:11.999,1.1503,1.1507,4.40,0.50
2007.12.24 01:33:12.111,1.1503,1.1507,4.40,0.50
2007.12.24 01:33:12.223,1.1503,1.1507,4.40,0.50
2007.12.24 01:33:12.337,1.1503,1.1508,4.40,5.70
2007.12.24 01:33:12.448,1.1503,1.1508,4.40,5.70
2007.12.24 01:33:12.596,1.1503,1.1507,4.40,0.50
2007.12.24 01:33:12.744,1.1503,1.1507,4.40,0.50
2007.12.24 01:33:12.891,1.1503,1.1508,4.40,5.70
2007.12.24 01:33:13.039,1.1503,1.1507,4.40,0.50
2007.12.24 01:33:13.186,1.1503,1.1508,4.40,5.70
2007.12.24 01:33:13.334,1.1503,1.1508,4.40,5.70
2007.12.24 01:33:13.482,1.1503,1.1508,4.40,5.70
2007.12.24 01:33:13.599,1.1503,1.1508,4.40,5.70
2007.12.24 01:33:13.717,1.1503,1.1508,4.40,5.70
2007.12.24 01:33:13.834,1.1503,1.1507,4.40,0.50
2007.12.24 01:33:13.952,1.1503,1.1507,4.40,0.50
2007.12.24 01:33:14.069,1.1503,1.1508,4.40,5.70
2007.12.24 01:33:14.188,1.1503,1.1507,4.40,0.50
2007.12.24 01:33:14.306,1.1503,1.1508,4.40,5.70
2007.12.24 01:33:14.424,1.1503,1.1508,4.40,5.70
2007.12.24 01:33:14.541,1.1503,1.1507,4.40,0.50
2007.12.24 01:33:14.693,1.1503,1.1507,4.40,0.50
2007.12.24 01:33:14.846,1.1503,1.1507,4.40,0.50
2007.12.24 01:33:14.998,1.1503,1.1508,4.40,5.70
2007.12.24 01:33:15.152,1.1503,1.1508,4.40,5.70
2007.12.24 01:33:15.304,1.1503,1.1508,4.40,5.70
2007.12.24 01:33:15.456,1.1503,1.1508,4.40,5.70
2007.12.24 01:33:15.584,1.1503,1.1508,4.40,5.70
2007.12.24 01:33:15.711,1.1503,1.1507,4.40,0.50
2007.12.24 01:33:15.839,1.1503,1.1508,4.40,5.70
2007.12.24 01:33:15.967,1.1503,1.1507,4.40,0.50
2007.12.24 01:33:16.095,1.1503,1.1507,4.40,0.50
2007.12.24 01:33:16.222,1.1503,1.1508,4.40,5.70
2007.12.24 01:33:16.350,1.1503,1.1508,4.40,5.70
2007.12.24 01:33:16.478,1.1503,1.1508,4.40,5.70
2007.12.24 01:33:16.640,1.1503,1.1508,4.40,5.70
2007.12.24 01:33:16.774,1.1503,1.1507,4.40,0.50
2007.12.24 01:33:16.921,1.1503,1.1508,4.40,5.70
2007.12.24 01:33:17.068,1.1503,1.1507,4.40,0.50
2007.12.24 01:33:17.217,1.1503,1.1507,4.40,0.50
2007.12.24 01:33:17.364,1.1503,1.1508,4.40,5.70
2007.12.24 01:33:17.512,1.1503,1.1508,4.40,5.70
2007.12.24 01:33:17.615,1.1503,1.1507,4.40,0.50
2007.12.24 01:33:17.718,1.1503,1.1507,4.40,0.50
2007.12.24 01:33:17.822,1.1503,1.1507,4.40,0.50
2007.12.24 01:33:17.924,1.1503,1.1508,4.40,5.70
2007.12.24 01:33:18.027,1.1503,1.1508,4.40,5.70
2007.12.24 01:33:18.130,1.1503,1.1508,4.40,5.70
2007.12.24 01:33:18.233,1.1503,1.1508,4.40,5.70
2007.12.24 01:33:18.336,1.1503,1.1508,4.40,5.70
2007.12.24 01:33:18.439,1.1503,1.1508,4.40,5.70
2007.12.24 01:33:18.543,1.1503,1.1508,4.40,5.70
2007.12.24 01:33:18.696,1.1503,1.1508,4.40,5.70
2007.12.24 01:33:18.848,1.1503,1.1507,4.40,0.50
2007.12.24 01:33:19.002,1.1503,1.1508,4.40,5.70
2007.12.24 01:33:19.154,1.1503,1.1507,4.40,0.50
2007.12.24 01:33:19.307,1.1503,1.1507,4.40,0.50
2007.12.24 01:33:19.460,1.1503,1.1508,4.40,5.70
2007.12.24 01:33:19.613,1.1503,1.1508,4.40,5.70
2007.12.24 01:33:19.716,1.1503,1.1507,4.40,0.50
2007.12.24 01:33:19.818,1.1503,1.1507,4.40,0.50
2007.12.24 01:33:19.921,1.1503,1.1508,4.40,5.70
2007.12.24 01:33:20.024,1.1503,1.1507,4.40,0.50
2007.12.24 01:33:20.126,1.1503,1.1507,4.40,0.50
2007.12.24 01:33:20.229,1.1503,1.1508,4.40,5.70
2007.12.24 01:33:20.332,1.1503,1.1508,4.40,5.70
2007.12.24 01:33:20.435,1.1503,1.1508,4.40,5.70
2007.12.24 01:33:20.536,1.1503,1.1507,4.40,0.50
2007.12.24 01:33:20.640,1.1503,1.1508,4.40,5.70
2007.12.24 01:33:20.742,1.1503,1.1507,4.40,0.50
2007.12.24 01:33:20.905,1.1503,1.1508,4.40,5.70
2007.12.24 01:33:21.067,1.1503,1.1508,4.40,5.70
2007.12.24 01:33:21.230,1.1503,1.1507,4.40,0.50
2007.12.24 01:33:21.393,1.1503,1.1507,4.40,0.50
2007.12.24 01:33:21.555,1.1503,1.1507,4.40,0.50
2007.12.24 01:33:21.717,1.1503,1.1508,4.40,5.70
2007.12.24 01:33:21.819,1.1503,1.1508,4.40,5.70
2007.12.24 01:33:21.922,1.1503,1.1507,4.40,0.50
2007.12.24 01:33:22.025,1.1503,1.1508,4.40,5.70
2007.12.24 01:33:22.127,1.1503,1.1507,4.40,0.50
2007.12.24 01:33:22.229,1.1503,1.1507,4.40,0.50
2007.12.24 01:33:22.332,1.1503,1.1507,4.40,0.50
2007.12.24 01:33:22.434,1.1503,1.1508,4.40,5.70
2007.12.24 01:33:22.537,1.1503,1.1508,4.40,5.70
2007.12.24 01:33:22.640,1.1503,1.1508,4.40,5.70
2007.12.24 01:33:22.742,1.1503,1.1508,4.40,5.70
2007.12.24 01:33:22.897,1.1503,1.1508,4.40,5.70
2007.12.24 01:33:23.027,1.1503,1.1507,4.40,0.50
2007.12.24 01:33:23.170,1.1503,1.1508,4.40,5.70
2007.12.24 01:33:23.313,1.1503,1.1507,4.40,0.50
2007.12.24 01:33:23.455,1.1503,1.1508,4.40,5.70
2007.12.24 01:33:23.598,1.1503,1.1508,4.40,5.70
2007.12.24 01:33:23.741,1.1503,1.1508,4.40,5.70
2007.12.24 01:33:23.846,1.1503,1.1508,4.40,5.70
2007.12.24 01:33:23.948,1.1503,1.1508,4.40,5.70
2007.12.24 01:33:24.051,1.1503,1.1508,4.40,5.70
2007.12.24 01:33:24.153,1.1503,1.1508,4.40,5.70
2007.12.24 01:33:24.256,1.1503,1.1507,4.40,0.50
2007.12.24 01:33:24.358,1.1503,1.1507,4.40,0.50
2007.12.24 01:33:24.461,1.1503,1.1507,4.40,0.50
2007.12.24 01:33:24.563,1.1503,1.1508,4.40,5.70
2007.12.24 01:33:24.666,1.1503,1.1508,4.40,5.70
2007.12.24 01:33:24.769,1.1503,1.1507,4.40,0.50
2007.12.24 01:33:24.871,1.1503,1.1507,4.40,0.50
2007.12.24 01:33:25.024,1.1503,1.1507,4.40,0.50
2007.12.24 01:33:25.177,1.1503,1.1508,4.40,5.70
2007.12.24 01:33:25.329,1.1503,1.1508,4.40,5.70
2007.12.24 01:33:25.482,1.1503,1.1508,4.40,5.70
2007.12.24 01:33:25.635,1.1503,1.1507,4.40,0.50
2007.12.24 01:33:25.788,1.1503,1.1507,4.40,0.50
2007.12.24 01:33:25.940,1.1503,1.1508,4.40,5.70
2007.12.24 01:33:26.043,1.1503,1.1507,4.40,0.50
2007.12.24 01:33:26.146,1.1503,1.1508,4.40,5.70
2007.12.24 01:33:26.248,1.1503,1.1508,4.40,5.70
2007.12.24 01:33:26.350,1.1503,1.1507,4.40,0.50
2007.12.24 01:33:26.452,1.1503,1.1508,4.40,5.70
2007.12.24 01:33:26.555,1.1503,1.1508,4.40,5.70
2007.12.24 01:33:26.657,1.1503,1.1508,4.40,5.70
2007.12.24 01:33:26.760,1.1503,1.1507,4.40,0.50
2007.12.24 01:33:26.861,1.1503,1.1507,4.40,0.50
2007.12.24 01:33:26.998,1.1503,1.1508,4.40,5.70
2007.12.24 01:33:27.135,1.1503,1.1508,4.40,5.70
2007.12.24 01:33:27.272,1.1503,1.1508,4.40,5.70
2007.12.24 01:33:27.409,1.1503,1.1507,4.40,0.50
2007.12.24 01:33:27.546,1.1503,1.1507,4.40,0.50
2007.12.24 01:33:27.684,1.1503,1.1508,4.40,5.70
2007.12.24 01:33:27.821,1.1503,1.1507,4.40,0.50
2007.12.24 01:33:37.980,1.1502,1.15085,8.00,8.00
2007.12.24 01:33:38.123,1.1502,1.15085,8.00,8.00
2007.12.24 01:33:38.265,1.1502,1.15085,8.00,8.00
2007.12.24 01:33:38.372,1.1502,1.15085,8.00,8.00
2007.12.24 01:33:38.481,1.1502,1.15085,8.00,8.00
2007.12.24 01:33:38.588,1.1502,1.15085,8.00,8.00
2007.12.24 01:33:38.695,1.1502,1.15085,8.00,8.00
2007.12.24 01:33:38.802,1.1502,1.15085,8.00,8.00
2007.12.24 01:33:38.910,1.1502,1.15085,8.00,8.00
2007.12.24 01:33:39.017,1.1502,1.15085,8.00,8.00
2007.12.24 01:33:39.125,1.1502,1.15085,8.00,8.00
2007.12.24 01:33:39.232,1.1502,1.15085,8.00,8.00
2007.12.24 01:33:39.375,1.1502,1.15085,8.00,8.00
2007.12.24 01:33:39.517,1.1502,1.15085,8.00,8.00
2007.12.24 01:33:39.659,1.1502,1.15085,8.00,8.00
2007.12.24 01:33:39.801,1.1502,1.15085,8.00,8.00
2007.12.24 01:33:39.943,1.1502,1.15085,8.00,8.00
2007.12.24 01:33:40.085,1.1502,1.15085,8.00,8.00
2007.12.24 01:33:40.227,1.1502,1.15085,8.00,8.00
2007.12.24 01:33:40.345,1.1502,1.15085,8.00,8.00
2007.12.24 01:33:40.464,1.1502,1.15085,8.00,8.00
2007.12.24 01:33:40.581,1.1502,1.15085,8.00,8.00
2007.12.24 01:33:40.698,1.1502,1.15085,8.00,8.00
2007.12.24 01:33:40.815,1.1502,1.15085,8.00,8.00
2007.12.24 01:33:40.933,1.1502,1.15085,8.00,8.00
2007.12.24 01:33:41.051,1.1502,1.15085,8.00,8.00
2007.12.24 01:33:41.167,1.1502,1.15085,8.00,8.00
2007.12.24 01:33:41.285,1.1502,1.15085,8.00,8.00
2007.12.24 01:33:41.493,1.1502,1.15085,8.00,8.00
2007.12.24 01:33:41.701,1.1502,1.15085,8.00,8.00
2007.12.24 01:33:41.925,1.1502,1.15085,8.00,8.00
2007.12.24 01:33:42.132,1.1502,1.15085,8.00,8.00
2007.12.24 01:33:42.340,1.1502,1.15085,8.00,8.00
2007.12.24 01:33:42.492,1.1502,1.15085,8.00,8.00
2007.12.24 01:33:42.645,1.1502,1.15085,8.00,8.00
2007.12.24 01:33:42.797,1.1502,1.15085,8.00,8.00
2007.12.24 01:33:42.948,1.1502,1.15085,8.00,8.00
2007.12.24 01:33:43.101,1.1502,1.15085,8.00,8.00
2007.12.24 01:33:43.255,1.1502,1.15085,8.00,8.00
2007.12.24 01:33:43.408,1.1504,1.1508,0.50,4.40
2007.12.24 01:33:43.540,1.1504,1.1508,0.50,4.40
2007.12.24 01:33:43.672,1.1504,1.1508,0.50,4.40
2007.12.24 01:33:43.806,1.1504,1.1508,0.50,4.40
2007.12.24 01:33:43.938,1.1504,1.1508,0.50,4.40
2007.12.24 01:33:44.072,1.1504,1.1508,0.50,4.40
2007.12.24 01:33:44.205,1.1504,1.1508,0.50,4.40
2007.12.24 01:33:44.338,1.1504,1.1508,0.50,4.40
2007.12.24 01:33:44.471,1.1504,1.1508,0.50,0.50
2007.12.24 01:33:44.609,1.1504,1.1508,0.50,0.50
2007.12.24 01:33:44.747,1.1504,1.1508,0.50,0.50
2007.12.24 01:33:44.884,1.1504,1.1508,0.50,0.50
2007.12.24 01:33:45.022,1.1504,1.1508,0.50,0.50
2007.12.24 01:33:45.160,1.1504,1.1508,0.50,0.50
2007.12.24 01:33:45.298,1.1504,1.1508,0.50,0.50
2007.12.24 01:33:45.435,1.1504,1.1508,0.50,0.50
2007.12.24 01:33:45.567,1.1504,1.1508,0.50,0.50
2007.12.24 01:33:45.700,1.1504,1.1508,0.50,0.50
2007.12.24 01:33:45.834,1.1504,1.1508,0.50,0.50
2007.12.24 01:33:45.966,1.1504,1.1508,0.50,0.50
2007.12.24 01:33:46.099,1.1504,1.1508,0.50,0.50
2007.12.24 01:33:46.232,1.1504,1.1508,0.50,0.50
2007.12.24 01:33:46.365,1.1504,1.1508,0.50,0.50
2007.12.24 01:33:46.498,1.1504,1.1508,0.50,0.50
2007.12.24 01:33:46.640,1.1504,1.1508,0.50,0.50
2007.12.24 01:33:46.783,1.1504,1.1508,0.50,0.50
2007.12.24 01:33:46.926,1.1504,1.1508,0.50,0.50
2007.12.24 01:33:47.069,1.1504,1.1508,0.50,0.50
2007.12.24 01:33:47.212,1.1504,1.1508,0.50,0.50
2007.12.24 01:33:47.355,1.1504,1.1508,0.50,0.50
2007.12.24 01:33:47.498,1.1504,1.1508,0.50,0.50
2007.12.24 01:33:47.583,1.1504,1.1508,0.50,0.50
2007.12.24 01:33:47.666,1.1504,1.1509,0.50,13.70
2007.12.24 01:33:47.834,1.1504,1.1509,0.50,13.70
2007.12.24 01:33:48.002,1.1504,1.1509,0.50,13.70
2007.12.24 01:33:48.170,1.1504,1.1509,0.50,13.70
2007.12.24 01:33:48.338,1.1504,1.1509,0.50,13.70
2007.12.24 01:33:48.506,1.1504,1.1509,0.50,13.70
2007.12.24 01:33:48.629,1.1504,1.1509,0.50,13.70
2007.12.24 01:33:48.752,1.1504,1.1509,0.50,13.70
2007.12.24 01:33:48.875,1.1504,1.1508,0.50,0.50
2007.12.24 01:33:48.998,1.1504,1.1509,0.50,13.70
2007.12.24 01:33:49.120,1.1504,1.1509,0.50,13.70
2007.12.24 01:33:49.243,1.1504,1.1509,0.50,13.70
2007.12.24 01:33:49.364,1.1504,1.1509,0.50,13.70
2007.12.24 01:33:49.486,1.1504,1.1508,0.50,0.50
2007.12.24 01:33:49.609,1.1504,1.1508,0.50,0.50
2007.12.24 01:33:49.841,1.1504,1.1509,0.50,13.70
2007.12.24 01:33:50.073,1.1504,1.1509,0.50,13.70
2007.12.24 01:33:50.306,1.1504,1.1509,0.50,13.70
2007.12.24 01:33:50.538,1.1504,1.1508,0.50,0.50
2007.12.24 01:33:50.665,1.1504,1.1509,0.50,13.70
2007.12.24 01:33:50.806,1.1504,1.1509,0.50,13.70
2007.12.24 01:33:50.918,1.1504,1.1509,0.50,13.70
2007.12.24 01:33:51.047,1.1504,1.1509,0.50,13.70
2007.12.24 01:33:51.174,1.1504,1.1508,0.50,0.50
2007.12.24 01:33:51.301,1.1504,1.1509,0.50,13.70
2007.12.24 01:33:51.428,1.1504,1.1509,0.50,13.70
2007.12.24 01:33:51.568,1.1504,1.1509,0.50,13.70
2007.12.24 01:33:51.677,1.1504,1.1509,0.50,13.70
2007.12.24 01:33:51.799,1.1504,1.1509,0.50,13.70
2007.12.24 01:33:51.921,1.1504,1.1508,0.50,0.50
2007.12.24 01:33:52.044,1.1504,1.1509,0.50,13.70
2007.12.24 01:33:52.166,1.1504,1.1509,0.50,13.70
2007.12.24 01:33:52.289,1.1504,1.1509,0.50,13.70
2007.12.24 01:33:52.412,1.1504,1.1509,0.50,13.70
2007.12.24 01:33:52.535,1.1504,1.1509,0.50,13.70
2007.12.24 01:33:52.656,1.1504,1.1509,0.50,13.70
2007.12.24 01:33:52.905,1.1504,1.1509,0.50,13.70
2007.12.24 01:33:53.153,1.1504,1.1508,0.50,0.50
2007.12.24 01:33:53.401,1.1504,1.1508,0.50,0.50
2007.12.24 01:33:53.649,1.1504,1.1509,0.50,13.70
2007.12.24 01:33:53.787,1.1504,1.1509,0.50,13.70
2007.12.24 01:33:53.924,1.1504,1.1509,0.50,13.70
2007.12.24 01:33:54.062,1.1504,1.1509,0.50,13.70
2007.12.24 01:33:54.200,1.1504,1.1508,0.50,0.50
2007.12.24 01:33:54.338,1.1504,1.1509,0.50,13.70
2007.12.24 01:33:54.476,1.1504,1.1508,0.50,0.50
2007.12.24 01:33:54.614,1.1504,1.1509,0.50,13.70
2007.12.24 01:33:54.757,1.1504,1.1509,0.50,13.70
2007.12.24 01:33:54.899,1.1504,1.1508,0.50,0.50
2007.12.24 01:33:55.042,1.1504,1.1509,0.50,13.70
2007.12.24 01:33:55.185,1.1504,1.1508,0.50,0.50
2007.12.24 01:33:55.328,1.1504,1.1509,0.50,13.70
2007.12.24 01:33:55.486,1.1504,1.1509,0.50,13.70
2007.12.24 01:33:55.628,1.1504,1.1509,0.50,13.70
2007.12.24 01:33:55.771,1.1504,1.1509,0.50,13.70
2007.12.24 01:33:55.879,1.1504,1.1509,0.50,13.70
2007.12.24 01:33:55.986,1.1504,1.1508,0.50,0.50
2007.12.24 01:33:56.094,1.1504,1.1508,0.50,0.50
2007.12.24 01:33:56.201,1.1504,1.1509,0.50,13.70
2007.12.24 01:33:56.309,1.1504,1.1509,0.50,13.70
2007.12.24 01:33:56.417,1.1504,1.1509,0.50,13.70
2007.12.24 01:33:56.524,1.1504,1.1508,0.50,0.50
2007.12.24 01:33:56.633,1.1504,1.1509,0.50,13.70
2007.12.24 01:33:56.741,1.1504,1.1509,0.50,13.70
2007.12.24 01:33:56.873,1.1504,1.1508,0.50,0.50
2007.12.24 01:33:57.012,1.1504,1.1509,0.50,13.70
2007.12.24 01:33:57.145,1.1504,1.1509,0.50,13.70
2007.12.24 01:33:57.278,1.1504,1.1508,0.50,0.50
2007.12.24 01:33:57.411,1.1504,1.1508,0.50,0.50
2007.12.24 01:33:57.544,1.1504,1.1509,0.50,13.70
2007.12.24 01:33:57.678,1.1504,1.1509,0.50,13.70
2007.12.24 01:33:57.810,1.1504,1.1509,0.50,13.70
2007.12.24 01:33:57.943,1.1504,1.1508,0.50,0.50
2007.12.24 01:33:58.076,1.1504,1.1509,0.50,13.70
2007.12.24 01:33:58.209,1.1504,1.1508,0.50,0.50
2007.12.24 01:33:58.343,1.1504,1.1509,0.50,13.70
2007.12.24 01:33:58.476,1.1504,1.1508,0.50,0.50
2007.12.24 01:33:58.609,1.1504,1.1508,0.50,0.50
2007.12.24 01:33:58.741,1.1504,1.1509,0.50,13.70
2007.12.24 01:33:58.863,1.1504,1.1509,0.50,13.70
2007.12.24 01:33:58.986,1.1504,1.1508,0.50,0.50
2007.12.24 01:33:59.109,1.1504,1.1509,0.50,13.70
2007.12.24 01:33:59.231,1.1504,1.1509,0.50,13.70
2007.12.24 01:33:59.354,1.1504,1.1509,0.50,13.70
2007.12.24 01:33:59.476,1.1504,1.1508,0.50,0.50
2007.12.24 01:33:59.599,1.1504,1.1508,0.50,0.50
2007.12.24 01:33:59.722,1.1504,1.1509,0.50,13.70
2007.12.24 01:33:59.844,1.1504,1.1509,0.50,13.70
2007.12.24 01:34:00.083,1.1504,1.1509,0.50,13.70
2007.12.24 01:34:00.321,1.1504,1.1508,0.50,0.50
2007.12.24 01:34:00.558,1.1504,1.1508,0.50,0.50
2007.12.24 01:34:00.796,1.1504,1.1509,0.50,13.70
2007.12.24 01:34:00.917,1.1504,1.1509,0.50,13.70
2007.12.24 01:34:01.041,1.1504,1.1509,0.50,13.70
2007.12.24 01:34:01.163,1.1504,1.1509,0.50,13.70
2007.12.24 01:34:01.286,1.1504,1.1509,0.50,13.70
2007.12.24 01:34:01.409,1.1504,1.1508,0.50,0.50
2007.12.24 01:34:01.532,1.1504,1.1508,0.50,0.50
2007.12.24 01:34:01.655,1.1504,1.1508,0.50,0.50
2007.12.24 01:34:01.779,1.1504,1.1508,0.50,0.50
2007.12.24 01:34:01.902,1.1504,1.1509,0.50,13.70
2007.12.24 01:34:02.045,1.1504,1.1509,0.50,13.70
2007.12.24 01:34:02.188,1.1504,1.1509,0.50,13.70
2007.12.24 01:34:02.331,1.1504,1.1508,0.50,0.50
2007.12.24 01:34:02.474,1.1504,1.1508,0.50,0.50
2007.12.24 01:34:02.617,1.1504,1.1509,0.50,13.70
2007.12.24 01:34:02.759,1.1504,1.1508,0.50,0.50
2007.12.24 01:34:02.902,1.1504,1.1509,0.50,13.70
2007.12.24 01:34:03.015,1.1504,1.1509,0.50,13.70
2007.12.24 01:34:03.128,1.1504,1.1508,0.50,0.50
2007.12.24 01:34:03.241,1.1504,1.1509,0.50,13.70
2007.12.24 01:34:03.354,1.1504,1.1508,0.50,0.50
2007.12.24 01:34:03.467,1.1504,1.1508,0.50,0.50
2007.12.24 01:34:03.580,1.1504,1.1508,0.50,0.50
2007.12.24 01:34:03.692,1.1504,1.1508,0.50,0.50
2007.12.24 01:34:03.805,1.1504,1.1509,0.50,13.70
2007.12.24 01:34:03.917,1.1504,1.1508,0.50,0.50
2007.12.24 01:34:04.036,1.1504,1.1509,0.50,13.70
2007.12.24 01:34:04.178,1.1504,1.1509,0.50,13.70
2007.12.24 01:34:04.321,1.1504,1.1509,0.50,13.70
2007.12.24 01:34:04.464,1.1504,1.1508,0.50,0.50
2007.12.24 01:34:04.606,1.1504,1.1509,0.50,13.70
2007.12.24 01:34:04.750,1.1504,1.1509,0.50,13.70
2007.12.24 01:34:04.893,1.1504,1.1508,0.50,0.50
2007.12.24 01:34:05.036,1.1504,1.1508,0.50,0.50
2007.12.24 01:34:05.153,1.1504,1.1508,0.50,0.50
2007.12.24 01:34:05.272,1.1504,1.1509,0.50,13.70
2007.12.24 01:34:05.389,1.1504,1.1509,0.50,13.70
2007.12.24 01:34:05.506,1.1504,1.1509,0.50,13.70
2007.12.24 01:34:05.625,1.1504,1.1509,0.50,13.70
2007.12.24 01:34:05.742,1.1504,1.1508,0.50,0.50
2007.12.24 01:34:05.861,1.1504,1.1509,0.50,13.70
2007.12.24 01:34:05.978,1.1504,1.1508,0.50,0.50
2007.12.24 01:34:06.095,1.1504,1.1508,0.50,0.50
2007.12.24 01:34:06.288,1.1504,1.1509,0.50,13.70
2007.12.24 01:34:06.481,1.1504,1.1508,0.50,0.50
2007.12.24 01:34:06.674,1.1504,1.1508,0.50,0.50
2007.12.24 01:34:06.866,1.1504,1.1509,0.50,13.70
2007.12.24 01:34:07.059,1.1504,1.1509,0.50,13.70
2007.12.24 01:34:07.186,1.1504,1.1509,0.50,13.70
2007.12.24 01:34:07.316,1.1504,1.1508,0.50,0.50
2007.12.24 01:34:07.442,1.1504,1.1508,0.50,0.50
2007.12.24 01:34:07.570,1.1504,1.1509,0.50,13.70
2007.12.24 01:34:07.698,1.1504,1.1508,0.50,0.50
2007.12.24 01:34:07.825,1.1504,1.1508,0.50,0.50
2007.12.24 01:34:07.953,1.1504,1.1508,0.50,0.50
2007.12.24 01:34:08.081,1.1504,1.1508,0.50,0.50
2007.12.24 01:34:08.223,1.1504,1.1508,0.50,0.50
2007.12.24 01:34:08.367,1.1504,1.1508,0.50,0.50
2007.12.24 01:34:08.509,1.1504,1.1509,0.50,13.70
2007.12.24 01:34:08.651,1.1504,1.1508,0.50,0.50
2007.12.24 01:34:08.795,1.1504,1.1508,0.50,0.50
2007.12.24 01:34:08.937,1.1504,1.1509,0.50,13.70
2007.12.24 01:34:09.081,1.1504,1.1509,0.50,13.70
2007.12.24 01:34:09.223,1.1504,1.1509,0.50,13.70
2007.12.24 01:34:09.331,1.1504,1.1508,0.50,0.50
2007.12.24 01:34:09.439,1.1504,1.1509,0.50,13.70
2007.12.24 01:34:09.547,1.1504,1.1509,0.50,13.70
2007.12.24 01:34:09.657,1.1504,1.1508,0.50,0.50
2007.12.24 01:34:09.764,1.1504,1.1509,0.50,13.70
2007.12.24 01:34:09.871,1.1504,1.1509,0.50,13.70
2007.12.24 01:34:09.979,1.1504,1.1509,0.50,13.70
2007.12.24 01:34:10.086,1.1504,1.1508,0.50,0.50
2007.12.24 01:34:10.193,1.1504,1.1508,0.50,0.50
2007.12.24 01:34:10.326,1.1504,1.1508,0.50,0.50
2007.12.24 01:34:10.459,1.1504,1.1508,0.50,0.50
2007.12.24 01:34:10.592,1.1504,1.1508,0.50,0.50
2007.12.24 01:34:10.725,1.1504,1.1508,0.50,0.50
2007.12.24 01:34:10.857,1.1504,1.1509,0.50,13.70
2007.12.24 01:34:10.990,1.1504,1.1509,0.50,13.70
2007.12.24 01:34:11.124,1.1504,1.1508,0.50,0.50
2007.12.24 01:34:11.237,1.1504,1.1508,0.50,0.50
2007.12.24 01:34:11.348,1.1504,1.1509,0.50,13.70
2007.12.24 01:34:11.462,1.1504,1.1509,0.50,13.70
2007.12.24 01:34:11.575,1.1504,1.1509,0.50,13.70
2007.12.24 01:34:11.687,1.1504,1.1509,0.50,13.70
2007.12.24 01:34:11.799,1.1504,1.1509,0.50,13.70
2007.12.24 01:34:11.913,1.1504,1.1509,0.50,13.70
2007.12.24 01:34:12.025,1.1504,1.1509,0.50,13.70
2007.12.24 01:34:12.138,1.1504,1.1509,0.50,13.70
2007.12.24 01:34:12.251,1.1504,1.1509,0.50,13.70
2007.12.24 01:34:12.393,1.1504,1.1509,0.50,13.70
2007.12.24 01:34:12.537,1.1504,1.1509,0.50,13.70
2007.12.24 01:34:12.679,1.1504,1.1509,0.50,13.70
2007.12.24 01:34:12.824,1.1504,1.1508,0.50,0.50
2007.12.24 01:34:12.966,1.1504,1.1509,0.50,13.70
2007.12.24 01:34:13.109,1.1504,1.1508,0.50,0.50
2007.12.24 01:34:13.251,1.1504,1.1509,0.50,13.70
2007.12.24 01:34:13.388,1.1504,1.1508,0.50,0.50
2007.12.24 01:34:13.527,1.1504,1.1509,0.50,13.70
2007.12.24 01:34:13.664,1.1504,1.1508,0.50,0.50
2007.12.24 01:34:13.802,1.1504,1.1509,0.50,13.70
2007.12.24 01:34:13.941,1.1504,1.1508,0.50,0.50
2007.12.24 01:34:14.078,1.1504,1.1509,0.50,13.70
2007.12.24 01:34:14.216,1.1504,1.1508,0.50,0.50
2007.12.24 01:34:14.413,1.1504,1.1509,0.50,13.70
2007.12.24 01:34:14.609,1.15025,1.15105,8.00,10.00
2007.12.24 01:34:14.806,1.15025,1.1509,8.00,8.00
2007.12.24 01:34:15.003,1.15025,1.1509,8.00,8.00
2007.12.24 01:34:15.200,1.15025,1.1509,8.00,8.00
2007.12.24 01:34:15.398,1.15025,1.1509,8.00,8.00
2007.12.24 01:34:15.476,1.15025,1.1509,8.00,8.00
2007.12.24 01:34:15.554,1.15025,1.1509,8.00,8.00
2007.12.24 01:34:15.631,1.15025,1.1509,8.00,8.00
2007.12.24 01:34:15.709,1.15025,1.1509,8.00,8.00
2007.12.24 01:34:15.787,1.15025,1.1509,8.00,8.00
2007.12.24 01:34:15.864,1.15025,1.1509,8.00,8.00
2007.12.24 01:34:15.941,1.15025,1.1509,8.00,8.00
2007.12.24 01:34:16.020,1.15025,1.1509,8.00,8.00
2007.12.24 01:34:16.097,1.15025,1.1509,8.00,8.00
2007.12.24 01:34:16.175,1.15025,1.1509,8.00,8.00
2007.12.24 01:34:16.252,1.15025,1.1509,8.00,8.00
2007.12.24 01:34:16.469,1.15025,1.1509,8.00,8.00
2007.12.24 01:34:16.687,1.15025,1.1509,8.00,8.00
2007.12.24 01:34:16.905,1.15025,1.1509,8.00,8.00
2007.12.24 01:34:17.122,1.15025,1.1509,8.00,8.00
2007.12.24 01:34:17.339,1.15025,1.1509,8.00,8.00
2007.12.24 01:34:17.411,1.15025,1.1509,8.00,8.00
2007.12.24 01:34:17.485,1.15025,1.1509,8.00,8.00
2007.12.24 01:34:17.558,1.15025,1.1509,8.00,8.00
2007.12.24 01:34:17.630,1.15025,1.1509,8.00,8.00
2007.12.24 01:34:17.703,1.15025,1.1509,8.00,8.00
2007.12.24 01:34:17.774,1.15025,1.1509,8.00,8.00
2007.12.24 01:34:17.848,1.15025,1.1509,8.00,8.00
2007.12.24 01:34:17.921,1.15025,1.1509,8.00,8.00
2007.12.24 01:34:17.993,1.15025,1.1509,8.00,8.00
2007.12.24 01:34:18.065,1.15025,1.1509,8.00,8.00
2007.12.24 01:34:18.137,1.15025,1.1509,8.00,8.00
2007.12.24 01:34:18.210,1.15025,1.1509,8.00,8.00
2007.12.24 01:34:18.283,1.15025,1.1509,8.00,8.00
2007.12.24 01:34:18.355,1.15025,1.1509,8.00,8.00
2007.12.24 01:34:18.547,1.15025,1.1509,8.00,8.00
2007.12.24 01:34:18.739,1.15025,1.1509,8.00,8.00
2007.12.24 01:34:18.932,1.15025,1.1509,8.00,8.00
2007.12.24 01:34:19.125,1.15025,1.1509,8.00,8.00
2007.12.24 01:34:19.317,1.15025,1.1509,8.00,8.00
2007.12.24 01:34:19.510,1.15025,1.1509,8.00,8.00
2007.12.24 01:34:19.598,1.15025,1.1509,8.00,8.00
2007.12.24 01:34:19.685,1.15025,1.1509,8.00,8.00
2007.12.24 01:34:19.772,1.15025,1.1509,8.00,8.00
2007.12.24 01:34:19.860,1.15025,1.1509,8.00,8.00
2007.12.24 01:34:19.947,1.15025,1.1509,8.00,8.00
2007.12.24 01:34:20.034,1.15025,1.1509,8.00,8.00
2007.12.24 01:34:20.121,1.15025,1.1509,8.00,8.00
2007.12.24 01:34:20.209,1.15025,1.1509,8.00,8.00
2007.12.24 01:34:20.296,1.15025,1.1509,8.00,8.00
2007.12.24 01:34:20.383,1.15025,1.1509,8.00,8.00
2007.12.24 01:34:20.536,1.15025,1.1509,8.00,8.00
2007.12.24 01:34:20.689,1.15025,1.1509,8.00,8.00
2007.12.24 01:34:20.841,1.15025,1.1509,8.00,8.00
2007.12.24 01:34:20.993,1.15025,1.1509,8.00,8.00
2007.12.24 01:34:21.146,1.15025,1.1509,8.00,8.00
2007.12.24 01:34:21.298,1.15025,1.1509,8.00,8.00
2007.12.24 01:34:21.451,1.15025,1.1509,8.00,8.00
2007.12.24 01:34:21.553,1.15025,1.1509,8.00,8.00
2007.12.24 01:34:21.656,1.15025,1.1509,8.00,8.00
2007.12.24 01:34:21.759,1.15025,1.1509,8.00,8.00
2007.12.24 01:34:21.861,1.15025,1.1509,8.00,8.00
2007.12.24 01:34:21.963,1.15025,1.1509,8.00,8.00
2007.12.24 01:34:22.072,1.15025,1.1509,8.00,8.00
2007.12.24 01:34:22.174,1.15025,1.1509,8.00,8.00
2007.12.24 01:34:22.277,1.15025,1.1509,8.00,8.00
2007.12.24 01:34:22.379,1.15025,1.1509,8.00,8.00
2007.12.24 01:34:22.481,1.15025,1.1509,8.00,8.00
2007.12.24 01:34:22.643,1.15025,1.1509,8.00,8.00
2007.12.24 01:34:22.806,1.15025,1.1509,8.00,8.00
2007.12.24 01:34:22.969,1.15025,1.1509,8.00,8.00
2007.12.24 01:34:23.131,1.15025,1.1509,8.00,8.00
2007.12.24 01:34:23.293,1.15025,1.1509,8.00,8.00
2007.12.24 01:34:23.457,1.15025,1.1509,8.00,8.00
2007.12.24 01:34:23.619,1.15025,1.1509,8.00,8.00
2007.12.24 01:34:23.781,1.15025,1.1509,8.00,8.00
2007.12.24 01:34:23.944,1.15025,1.1509,8.00,8.00
2007.12.24 01:34:24.106,1.15025,1.1509,8.00,8.00
2007.12.24 01:34:24.268,1.15025,1.1509,8.00,8.00
2007.12.24 01:34:24.431,1.15025,1.1509,8.00,8.00
2007.12.24 01:34:24.594,1.15025,1.1509,8.00,8.00
2007.12.24 01:34:24.687,1.15025,1.1509,8.00,8.00
2007.12.24 01:34:24.779,1.15025,1.1509,8.00,8.00
2007.12.24 01:34:24.871,1.15025,1.1509,8.00,8.00
2007.12.24 01:34:24.964,1.15025,1.1509,8.00,8.00
2007.12.24 01:34:25.056,1.15025,1.1509,8.00,8.00
2007.12.24 01:34:25.149,1.15025,1.1509,8.00,8.00
2007.12.24 01:34:25.241,1.15025,1.1509,8.00,8.00
2007.12.24 01:34:25.333,1.15025,1.1509,8.00,8.00
2007.12.24 01:34:25.426,1.15025,1.1509,8.00,8.00
2007.12.24 01:34:25.518,1.15025,1.1509,8.00,8.00
2007.12.24 01:34:25.685,1.15025,1.1509,8.00,8.00
2007.12.24 01:34:25.852,1.15025,1.1509,8.00,8.00
2007.12.24 01:34:26.020,1.15025,1.1509,8.00,8.00
2007.12.24 01:34:26.187,1.15025,1.1509,8.00,8.00
2007.12.24 01:34:26.354,1.15025,1.1509,8.00,8.00
2007.12.24 01:34:26.522,1.15025,1.1509,8.00,8.00
2007.12.24 01:34:26.609,1.15025,1.1509,8.00,8.00
2007.12.24 01:34:26.696,1.15025,1.1509,8.00,8.00
2007.12.24 01:34:26.785,1.15025,1.1509,8.00,8.00
2007.12.24 01:34:26.872,1.15025,1.1509,8.00,8.00
2007.12.24 01:34:26.959,1.15025,1.1509,8.00,8.00
2007.12.24 01:34:27.047,1.15025,1.1509,8.00,8.00
2007.12.24 01:34:27.134,1.15025,1.1509,8.00,8.00
2007.12.24 01:34:27.221,1.15025,1.1509,8.00,8.00
2007.12.24 01:34:27.309,1.15025,1.1509,8.00,8.00
2007.12.24 01:34:27.396,1.15025,1.1509,8.00,8.00
2007.12.24 01:34:27.483,1.15025,1.1509,8.00,8.00
2007.12.24 01:34:27.571,1.15025,1.1509,8.00,8.00
2007.12.24 01:34:27.738,1.15025,1.1509,8.00,8.00
2007.12.24 01:34:27.906,1.15025,1.1509,8.00,8.00
2007.12.24 01:34:28.073,1.15025,1.1509,8.00,8.00
2007.12.24 01:34:28.240,1.15025,1.1509,8.00,8.00
2007.12.24 01:34:28.407,1.15025,1.1509,8.00,8.00
2007.12.24 01:34:28.574,1.15025,1.1509,8.00,8.00
2007.12.24 01:34:28.752,1.15025,1.1509,8.00,8.00
2007.12.24 01:34:28.929,1.15025,1.1509,8.00,8.00
2007.12.24 01:34:29.106,1.15025,1.1509,8.00,8.00
2007.12.24 01:34:29.284,1.15025,1.1509,8.00,8.00
2007.12.24 01:34:29.461,1.15025,1.1509,8.00,8.00
2007.12.24 01:34:29.638,1.15025,1.1509,8.00,8.00
2007.12.24 01:34:29.780,1.15025,1.1509,8.00,8.00
2007.12.24 01:34:29.922,1.15025,1.1509,8.00,8.00
2007.12.24 01:34:30.065,1.15025,1.1509,8.00,8.00
2007.12.24 01:34:30.207,1.15025,1.1509,8.00,8.00
2007.12.24 01:34:30.350,1.15025,1.1509,8.00,8.00
2007.12.24 01:34:30.492,1.15025,1.1509,8.00,8.00
2007.12.24 01:34:30.634,1.15025,1.1509,8.00,8.00
2007.12.24 01:34:30.746,1.15025,1.1509,8.00,8.00
2007.12.24 01:34:30.860,1.15025,1.1509,8.00,8.00
2007.12.24 01:34:30.972,1.15025,1.1509,8.00,8.00
2007.12.24 01:34:31.098,1.15025,1.1509,8.00,8.00
2007.12.24 01:34:31.212,1.15025,1.1509,8.00,8.00
2007.12.24 01:34:31.324,1.15025,1.1509,8.00,8.00
2007.12.24 01:34:31.436,1.15025,1.1509,8.00,8.00
2007.12.24 01:34:31.549,1.15025,1.1509,8.00,8.00
2007.12.24 01:34:31.661,1.15025,1.1509,8.00,8.00
2007.12.24 01:34:31.788,1.15025,1.1509,8.00,8.00
2007.12.24 01:34:31.916,1.15025,1.1509,8.00,8.00
2007.12.24 01:34:32.044,1.15025,1.1509,8.00,8.00
2007.12.24 01:34:32.171,1.15025,1.1509,8.00,8.00
2007.12.24 01:34:32.300,1.15025,1.1509,8.00,8.00
2007.12.24 01:34:32.427,1.15025,1.1509,8.00,8.00
2007.12.24 01:34:32.554,1.15025,1.1509,8.00,8.00
2007.12.24 01:34:32.682,1.15025,1.1509,8.00,8.00
2007.12.24 01:34:32.816,1.15025,1.1509,8.00,8.00
2007.12.24 01:34:32.948,1.15025,1.1509,8.00,8.00
2007.12.24 01:34:33.080,1.15025,1.1509,8.00,8.00
2007.12.24 01:34:33.212,1.15025,1.1509,8.00,8.00
2007.12.24 01:34:33.345,1.15025,1.1509,8.00,8.00
2007.12.24 01:34:33.477,1.15025,1.1509,8.00,8.00
2007.12.24 01:34:33.609,1.15025,1.1509,8.00,8.00
2007.12.24 01:34:33.753,1.15025,1.1509,8.00,8.00
2007.12.24 01:34:33.871,1.15025,1.1509,8.00,8.00
2007.12.24 01:34:33.988,1.15025,1.1509,8.00,8.00
2007.12.24 01:34:34.105,1.15025,1.1509,8.00,8.00
2007.12.24 01:34:34.223,1.15025,1.1509,8.00,8.00
2007.12.24 01:34:34.341,1.15025,1.1509,8.00,8.00
2007.12.24 01:34:34.458,1.15025,1.1509,8.00,8.00
2007.12.24 01:34:34.576,1.15025,1.1509,8.00,8.00
2007.12.24 01:34:34.693,1.15025,1.1509,8.00,8.00
2007.12.24 01:34:34.895,1.15025,1.1509,8.00,8.00
2007.12.24 01:34:35.097,1.15025,1.1509,8.00,8.00
2007.12.24 01:34:35.299,1.15025,1.1509,8.00,8.00
2007.12.24 01:34:35.501,1.15025,1.1509,8.00,8.00
2007.12.24 01:34:35.703,1.15025,1.1509,8.00,8.00
2007.12.24 01:34:35.906,1.15025,1.1509,8.00,8.00
2007.12.24 01:34:36.010,1.15025,1.1509,8.00,8.00
2007.12.24 01:34:36.112,1.15025,1.1509,8.00,8.00
2007.12.24 01:34:36.216,1.15025,1.1509,8.00,8.00
2007.12.24 01:34:36.318,1.15025,1.1509,8.00,8.00
2007.12.24 01:34:36.421,1.15025,1.1509,8.00,8.00
2007.12.24 01:34:36.524,1.15025,1.1509,8.00,8.00
2007.12.24 01:34:36.627,1.15025,1.1509,8.00,8.00
2007.12.24 01:34:36.730,1.15025,1.1509,8.00,8.00
2007.12.24 01:34:36.863,1.15025,1.1509,8.00,8.00
2007.12.24 01:34:36.996,1.15025,1.1509,8.00,8.00
2007.12.24 01:34:37.129,1.15025,1.1509,8.00,8.00
2007.12.24 01:34:37.263,1.15025,1.1509,8.00,8.00
2007.12.24 01:35:20.373,1.1503,1.1507,0.50,0.50
2007.12.24 01:35:20.498,1.1503,1.1507,4.40,0.50
2007.12.24 01:35:20.620,1.1503,1.1507,4.40,0.50
2007.12.24 01:35:20.743,1.1503,1.1507,4.40,0.50
2007.12.24 01:35:20.880,1.1503,1.1507,4.40,0.50
2007.12.24 01:35:21.019,1.1503,1.1507,4.40,0.50
2007.12.24 01:35:21.156,1.1503,1.1507,4.40,0.50
2007.12.24 01:35:21.294,1.1503,1.1507,4.40,0.50
2007.12.24 01:35:21.431,1.1503,1.1507,4.40,0.50
2007.12.24 01:35:21.568,1.1503,1.1507,4.40,0.50
2007.12.24 01:35:21.707,1.1503,1.1507,4.40,0.50
2007.12.24 01:35:21.844,1.1503,1.1507,4.40,0.50
2007.12.24 01:35:21.953,1.1503,1.1507,4.40,0.50
2007.12.24 01:35:22.060,1.1503,1.1507,4.40,0.50
2007.12.24 01:35:22.168,1.1503,1.1507,4.40,0.50
2007.12.24 01:35:22.275,1.1503,1.1507,4.40,0.50
2007.12.24 01:35:22.383,1.1503,1.1507,4.40,0.50
2007.12.24 01:35:22.490,1.1503,1.1507,4.40,0.50
2007.12.24 01:35:22.598,1.1503,1.1507,4.40,0.50
2007.12.24 01:35:22.705,1.1503,1.1507,4.40,0.50
2007.12.24 01:35:22.813,1.1503,1.1507,4.40,0.50
2007.12.24 01:35:22.951,1.1503,1.1507,4.40,0.50
2007.12.24 01:35:23.089,1.1503,1.1507,4.40,0.50
2007.12.24 01:35:23.227,1.1503,1.1507,4.40,0.50
2007.12.24 01:35:23.365,1.1503,1.1507,4.40,0.50
2007.12.24 01:35:23.503,1.1503,1.1507,4.40,0.50
2007.12.24 01:35:23.642,1.1503,1.1507,4.40,0.50
2007.12.24 01:35:23.779,1.1503,1.1507,4.40,0.50
2007.12.24 01:35:23.918,1.1503,1.1507,4.40,0.50
2007.12.24 01:35:24.024,1.1503,1.1507,4.40,0.50
2007.12.24 01:35:24.132,1.1503,1.1507,4.40,0.50
2007.12.24 01:35:24.239,1.1503,1.1507,4.40,0.50
2007.12.24 01:35:24.346,1.1503,1.1507,4.40,0.50
2007.12.24 01:35:24.455,1.1503,1.1507,4.40,0.50
2007.12.24 01:35:24.563,1.1503,1.1507,4.40,0.50
2007.12.24 01:35:24.671,1.1503,1.1507,4.40,0.50
2007.12.24 01:35:24.779,1.1503,1.1507,4.40,0.50
2007.12.24 01:35:24.903,1.1503,1.1507,4.40,0.50
2007.12.24 01:35:25.020,1.1503,1.1507,4.40,0.50
2007.12.24 01:35:25.153,1.1503,1.1507,4.40,0.50
2007.12.24 01:35:25.286,1.1503,1.1507,4.40,0.50
2007.12.24 01:35:25.419,1.1503,1.1507,4.40,0.50
2007.12.24 01:35:25.552,1.1503,1.1507,4.40,0.50
2007.12.24 01:35:25.686,1.1503,1.1507,4.40,0.50
2007.12.24 01:35:25.819,1.1503,1.1507,4.40,0.50
2007.12.24 01:35:25.951,1.1503,1.1507,4.40,0.50
2007.12.24 01:35:26.068,1.1503,1.1507,4.40,0.50
2007.12.24 01:35:26.185,1.1503,1.1507,4.40,0.50
2007.12.24 01:35:26.302,1.1503,1.1507,4.40,0.50
2007.12.24 01:35:26.419,1.1503,1.1507,4.40,0.50
2007.12.24 01:35:26.536,1.1503,1.1507,4.40,0.50
2007.12.24 01:35:26.653,1.1503,1.1507,4.40,0.50
2007.12.24 01:35:26.770,1.1503,1.1507,4.40,0.50
2007.12.24 01:35:26.887,1.1503,1.1507,4.40,0.50
2007.12.24 01:35:27.004,1.1503,1.1507,4.40,0.50
2007.12.24 01:35:27.131,1.1503,1.1507,4.40,0.50
2007.12.24 01:35:27.258,1.1503,1.1507,4.40,0.50
2007.12.24 01:35:27.385,1.1503,1.1507,4.40,0.50
2007.12.24 01:35:27.512,1.1503,1.1507,4.40,0.50
2007.12.24 01:35:27.639,1.1503,1.1507,4.40,0.50
2007.12.24 01:35:27.766,1.1503,1.1507,4.40,0.50
2007.12.24 01:35:27.893,1.1503,1.1507,4.40,0.50
2007.12.24 01:35:28.020,1.1503,1.1507,4.40,0.50
2007.12.24 01:35:28.137,1.1503,1.1507,4.40,0.50
2007.12.24 01:35:28.270,1.1503,1.1507,4.40,0.50
2007.12.24 01:35:28.371,1.1503,1.1507,4.40,0.50
2007.12.24 01:35:28.490,1.1503,1.1507,4.40,0.50
2007.12.24 01:35:28.607,1.1503,1.1507,4.40,0.50
2007.12.24 01:35:28.725,1.1503,1.1507,4.40,0.50
2007.12.24 01:35:28.842,1.1503,1.1507,4.40,0.50
2007.12.24 01:35:28.959,1.1503,1.1507,4.40,0.50
2007.12.24 01:35:29.091,1.1503,1.1507,4.40,0.50
2007.12.24 01:35:29.219,1.1503,1.1507,4.40,0.50
2007.12.24 01:35:29.347,1.1503,1.1507,4.40,0.50
2007.12.24 01:35:29.476,1.1503,1.1507,4.40,0.50
2007.12.24 01:35:29.603,1.1503,1.1507,4.40,0.50
2007.12.24 01:35:29.731,1.1503,1.1507,4.40,0.50
2007.12.24 01:35:29.859,1.1503,1.1507,4.40,0.50
2007.12.24 01:35:29.986,1.1503,1.1507,4.40,0.50
2007.12.24 01:35:30.114,1.1503,1.1507,4.40,0.50
2007.12.24 01:35:30.231,1.1503,1.1507,4.40,0.50
2007.12.24 01:35:30.349,1.1503,1.1507,4.40,0.50
2007.12.24 01:35:30.467,1.1503,1.1507,4.40,0.50
2007.12.24 01:35:30.584,1.1503,1.1507,4.40,0.50
2007.12.24 01:35:30.702,1.1503,1.1507,4.40,0.50
2007.12.24 01:35:30.836,1.1503,1.1507,4.40,0.50
2007.12.24 01:35:30.953,1.1503,1.1507,4.40,0.50
2007.12.24 01:35:31.071,1.1503,1.1507,4.40,0.50
2007.12.24 01:35:31.189,1.1503,1.1507,4.40,0.50
2007.12.24 01:35:31.312,1.1503,1.1507,4.40,0.50
2007.12.24 01:35:31.435,1.1503,1.1507,4.40,0.50
2007.12.24 01:35:31.558,1.1503,1.1507,4.40,0.50
2007.12.24 01:35:31.681,1.1503,1.1507,4.40,0.50
2007.12.24 01:35:31.804,1.1503,1.1507,4.40,0.50
2007.12.24 01:35:31.927,1.1503,1.1507,4.40,0.50
2007.12.24 01:35:32.050,1.1503,1.1507,4.40,0.50
2007.12.24 01:35:32.173,1.1503,1.1507,4.40,0.50
2007.12.24 01:35:32.301,1.1503,1.1507,4.40,0.50
2007.12.24 01:35:32.429,1.1503,1.1507,4.40,0.50
2007.12.24 01:35:32.557,1.1503,1.1507,4.40,0.50
2007.12.24 01:35:32.685,1.1503,1.1507,4.40,0.50
2007.12.24 01:35:32.813,1.1503,1.1507,4.40,0.50
2007.12.24 01:35:32.941,1.1503,1.1507,4.40,0.50
2007.12.24 01:35:33.069,1.1503,1.1507,4.40,0.50
2007.12.24 01:35:33.197,1.1503,1.1507,4.40,0.50
2007.12.24 01:35:33.355,1.1503,1.1507,4.40,0.50
2007.12.24 01:35:33.513,1.1503,1.1507,4.40,0.50
2007.12.24 01:35:33.671,1.1503,1.1507,4.40,0.50
2007.12.24 01:35:33.829,1.1503,1.1507,4.40,0.50
2007.12.24 01:35:33.987,1.1503,1.1507,4.40,0.50
2007.12.24 01:35:34.145,1.1503,1.1507,4.40,0.50
2007.12.24 01:35:34.303,1.1503,1.1507,4.40,0.50
2007.12.24 01:35:34.401,1.1503,1.1507,4.40,0.50
2007.12.24 01:35:34.499,1.1503,1.1507,4.40,0.50
2007.12.24 01:35:34.597,1.1503,1.1507,4.40,0.50
2007.12.24 01:35:34.696,1.1503,1.1507,4.40,0.50
2007.12.24 01:35:34.806,1.1503,1.1507,4.40,0.50
2007.12.24 01:35:34.890,1.1503,1.1507,4.40,0.50
2007.12.24 01:35:34.989,1.1503,1.1507,4.40,0.50
2007.12.24 01:35:35.086,1.1503,1.1507,4.40,0.50
2007.12.24 01:35:35.184,1.1503,1.1507,4.40,0.50
2007.12.24 01:35:35.361,1.1503,1.1507,4.40,0.50
2007.12.24 01:35:35.539,1.1503,1.1507,4.40,0.50
2007.12.24 01:35:35.716,1.1503,1.1507,4.40,0.50
2007.12.24 01:35:35.895,1.1503,1.1507,4.40,0.50
2007.12.24 01:35:36.072,1.1503,1.1507,4.40,0.50
2007.12.24 01:35:36.250,1.1503,1.1507,4.40,0.50
2007.12.24 01:35:36.342,1.1503,1.1507,4.40,0.50
2007.12.24 01:35:36.434,1.1503,1.1507,4.40,0.50
2007.12.24 01:35:36.527,1.1503,1.1507,4.40,0.50
2007.12.24 01:35:36.621,1.1503,1.1507,4.40,0.50
2007.12.24 01:35:36.713,1.1503,1.1507,4.40,0.50
2007.12.24 01:35:36.805,1.1503,1.1507,4.40,0.50
2007.12.24 01:35:36.898,1.1503,1.1507,4.40,0.50
2007.12.24 01:35:36.991,1.1503,1.1507,4.40,0.50
2007.12.24 01:35:37.084,1.1503,1.1507,4.40,0.50
2007.12.24 01:35:37.177,1.1503,1.1507,4.40,0.50
2007.12.24 01:35:37.269,1.1503,1.1507,4.40,0.50
2007.12.24 01:35:37.431,1.1503,1.1507,4.40,0.50
2007.12.24 01:35:37.594,1.1503,1.1507,4.40,0.50
2007.12.24 01:35:37.756,1.1503,1.1507,4.40,0.50
2007.12.24 01:35:37.920,1.1503,1.1507,4.40,0.50
2007.12.24 01:35:38.082,1.1503,1.1507,4.40,0.50
2007.12.24 01:35:38.244,1.1503,1.1507,4.40,0.50
2007.12.24 01:35:38.408,1.1503,1.1507,4.40,0.50
2007.12.24 01:35:38.505,1.1503,1.1507,4.40,0.50
2007.12.24 01:35:38.617,1.1503,1.1507,4.40,0.50
2007.12.24 01:35:38.700,1.1503,1.1507,4.40,0.50
2007.12.24 01:35:38.798,1.1503,1.1507,4.40,0.50
2007.12.24 01:35:38.895,1.1503,1.1507,4.40,0.50
2007.12.24 01:35:38.994,1.1503,1.1507,4.40,0.50
2007.12.24 01:35:39.091,1.1503,1.1507,4.40,0.50
2007.12.24 01:35:39.189,1.1503,1.1507,4.40,0.50
2007.12.24 01:35:39.287,1.1503,1.1507,4.40,0.50
2007.12.24 01:35:39.386,1.1503,1.1507,4.40,0.50
2007.12.24 01:35:39.484,1.1503,1.1507,4.40,0.50
2007.12.24 01:35:39.626,1.1503,1.1507,4.40,0.50
2007.12.24 01:35:39.769,1.1503,1.1507,4.40,0.50
2007.12.24 01:35:39.912,1.1503,1.1507,4.40,0.50
2007.12.24 01:35:40.055,1.1503,1.1507,4.40,0.50
2007.12.24 01:35:40.197,1.1503,1.1507,4.40,0.50
2007.12.24 01:35:40.339,1.1503,1.1507,4.40,0.50
2007.12.24 01:35:40.482,1.1503,1.1507,4.40,0.50
2007.12.24 01:35:40.594,1.1503,1.1507,4.40,0.50
2007.12.24 01:35:40.707,1.1503,1.1507,4.40,0.50
2007.12.24 01:35:40.820,1.1503,1.1507,4.40,0.50
2007.12.24 01:35:40.933,1.1503,1.1507,4.40,0.50
2007.12.24 01:35:41.046,1.1503,1.1507,4.40,0.50
2007.12.24 01:35:41.159,1.1503,1.1507,4.40,0.50
2007.12.24 01:35:41.272,1.1503,1.1507,4.40,0.50
2007.12.24 01:35:41.385,1.1503,1.1507,4.40,0.50
2007.12.24 01:35:41.498,1.1503,1.1507,4.40,0.50
2007.12.24 01:35:41.656,1.1503,1.1507,4.40,0.50
2007.12.24 01:35:41.814,1.1503,1.1507,4.40,0.50
2007.12.24 01:35:41.972,1.1503,1.1507,4.40,0.50
2007.12.24 01:35:42.130,1.1503,1.1507,4.40,0.50
2007.12.24 01:35:42.288,1.1503,1.1507,4.40,0.50
2007.12.24 01:35:42.446,1.1503,1.1507,4.40,0.50
2007.12.24 01:35:42.604,1.1503,1.1507,4.40,0.50
2007.12.24 01:35:42.712,1.1503,1.1507,4.40,0.50
2007.12.24 01:35:42.820,1.1503,1.1507,4.40,0.50
2007.12.24 01:35:42.928,1.1503,1.1507,4.40,0.50
2007.12.24 01:35:43.036,1.1503,1.1507,4.40,0.50
2007.12.24 01:35:43.159,1.1503,1.1507,4.40,0.50
2007.12.24 01:35:43.252,1.1503,1.1507,4.40,0.50
2007.12.24 01:35:43.360,1.1503,1.1507,4.40,0.50
2007.12.24 01:35:43.468,1.1503,1.1507,4.40,0.50
2007.12.24 01:35:43.576,1.1503,1.1507,4.40,0.50
2007.12.24 01:35:43.714,1.1503,1.1507,4.40,0.50
2007.12.24 01:35:43.852,1.1503,1.1507,4.40,0.50
2007.12.24 01:35:43.990,1.1503,1.1507,4.40,0.50
2007.12.24 01:35:44.128,1.1503,1.1507,4.40,0.50
2007.12.24 01:35:44.266,1.1503,1.1507,4.40,0.50
2007.12.24 01:35:44.404,1.1503,1.1507,4.40,0.50
2007.12.24 01:35:44.542,1.1503,1.1507,4.40,0.50
2007.12.24 01:35:44.650,1.1503,1.1507,4.40,0.50
2007.12.24 01:35:44.758,1.1503,1.1507,4.40,0.50
2007.12.24 01:35:44.866,1.1503,1.1507,4.40,0.50
2007.12.24 01:35:44.974,1.1503,1.1507,4.40,0.50
2007.12.24 01:35:45.082,1.1503,1.1507,4.40,0.50
2007.12.24 01:35:45.190,1.1503,1.1507,4.40,0.50
2007.12.24 01:35:45.298,1.1503,1.1507,4.40,0.50
2007.12.24 01:35:45.406,1.1503,1.1507,4.40,0.50
2007.12.24 01:35:45.514,1.1503,1.1507,4.40,0.50
2007.12.24 01:35:45.652,1.1503,1.1507,4.40,0.50
2007.12.24 01:35:45.790,1.1503,1.1507,4.40,0.50
2007.12.24 01:35:45.928,1.1503,1.1507,4.40,0.50
2007.12.24 01:35:46.065,1.1503,1.1507,4.40,0.50
2007.12.24 01:35:46.202,1.1503,1.1507,4.40,0.50
2007.12.24 01:35:46.339,1.1503,1.1507,4.40,0.50
2007.12.24 01:35:46.476,1.1503,1.1507,4.40,0.50
2007.12.24 01:35:46.614,1.1503,1.1507,4.40,0.50
2007.12.24 01:35:46.727,1.1503,1.1507,4.40,0.50
2007.12.24 01:35:46.839,1.1503,1.1507,4.40,0.50
2007.12.24 01:35:46.952,1.1503,1.1507,4.40,0.50
2007.12.24 01:35:47.065,1.1503,1.1507,4.40,0.50
2007.12.24 01:35:47.177,1.1503,1.1507,4.40,0.50
2007.12.24 01:35:47.290,1.1503,1.1507,4.40,0.50
2007.12.24 01:35:47.402,1.1503,1.1507,4.40,0.50
2007.12.24 01:35:47.515,1.1503,1.1507,4.40,0.50
2007.12.24 01:35:47.628,1.1503,1.1507,4.40,0.50
2007.12.24 01:35:47.762,1.1503,1.1507,4.40,0.50
2007.12.24 01:35:47.894,1.1503,1.1507,4.40,0.50
2007.12.24 01:35:48.027,1.1503,1.1507,4.40,0.50
2007.12.24 01:35:48.160,1.1503,1.1507,4.40,0.50
2007.12.24 01:35:48.293,1.1503,1.1507,4.40,0.50
2007.12.24 01:35:48.426,1.1503,1.1507,4.40,0.50
2007.12.24 01:35:48.560,1.1503,1.1507,4.40,0.50
2007.12.24 01:35:48.693,1.1503,1.1507,4.40,0.50
2007.12.24 01:35:48.841,1.1503,1.1507,4.40,0.50
2007.12.24 01:35:48.989,1.1504,1.1508,0.50,4.40
2007.12.24 01:35:49.137,1.1504,1.1508,0.50,0.50
2007.12.24 01:35:49.286,1.1504,1.1508,0.50,0.50
2007.12.24 01:35:49.433,1.1504,1.1508,0.50,0.50
2007.12.24 01:35:49.582,1.1504,1.1508,0.50,0.50
2007.12.24 01:35:49.729,1.1504,1.1508,0.50,0.50
2007.12.24 01:35:49.883,1.1504,1.1508,0.50,0.50
2007.12.24 01:35:50.035,1.1504,1.1508,0.50,0.50
2007.12.24 01:35:50.188,1.1504,1.1508,0.50,0.50
2007.12.24 01:35:50.342,1.1504,1.1508,0.50,0.50
2007.12.24 01:35:50.494,1.1504,1.1508,0.50,0.50
2007.12.24 01:35:50.645,1.1504,1.1508,0.50,0.50
2007.12.24 01:35:50.798,1.1504,1.1508,0.50,0.50
2007.12.24 01:35:50.905,1.1504,1.1508,0.50,0.50
2007.12.24 01:35:51.012,1.1504,1.1508,0.50,0.50
2007.12.24 01:35:51.120,1.1504,1.1508,0.50,0.50
2007.12.24 01:35:51.226,1.1504,1.1508,0.50,0.50
2007.12.24 01:35:51.334,1.1504,1.1508,0.50,0.50
2007.12.24 01:35:51.458,1.1504,1.1508,0.50,0.50
2007.12.24 01:35:51.565,1.1504,1.1508,0.50,0.50
2007.12.24 01:35:51.672,1.1504,1.1508,0.50,0.50
2007.12.24 01:35:51.779,1.1504,1.1508,0.50,0.50
2007.12.24 01:35:51.886,1.1504,1.1508,0.50,0.50
2007.12.24 01:35:52.058,1.1504,1.1508,0.50,0.50
2007.12.24 01:35:52.229,1.1504,1.1508,0.50,0.50
2007.12.24 01:35:52.402,1.1504,1.1508,0.50,0.50
2007.12.24 01:35:52.574,1.1504,1.1508,0.50,0.50
2007.12.24 01:35:52.747,1.1504,1.1508,0.50,0.50
2007.12.24 01:35:52.919,1.1504,1.1508,0.50,0.50
2007.12.24 01:35:53.026,1.1504,1.1508,0.50,0.50
2007.12.24 01:35:53.133,1.1504,1.1508,0.50,0.50
2007.12.24 01:35:53.239,1.1504,1.1508,0.50,0.50
2007.12.24 01:35:53.347,1.1504,1.1508,0.50,0.50
2007.12.24 01:35:53.454,1.1504,1.1508,0.50,0.50
2007.12.24 01:35:53.561,1.1504,1.1508,0.50,0.50
2007.12.24 01:35:53.667,1.1504,1.1508,0.50,0.50
2007.12.24 01:35:53.775,1.1504,1.1508,0.50,0.50
2007.12.24 01:35:53.883,1.1504,1.1508,0.50,0.50
2007.12.24 01:35:54.016,1.1504,1.1508,0.50,0.50
2007.12.24 01:35:54.149,1.1504,1.1508,0.50,0.50
2007.12.24 01:35:54.282,1.1504,1.1508,0.50,0.50
2007.12.24 01:35:54.414,1.1504,1.1508,0.50,0.50
2007.12.24 01:35:54.547,1.1504,1.1508,0.50,0.50
2007.12.24 01:35:54.680,1.1504,1.1508,0.50,0.50
2007.12.24 01:35:54.812,1.1504,1.1508,0.50,0.50
2007.12.24 01:35:54.950,1.1504,1.1508,0.50,0.50
2007.12.24 01:35:55.066,1.1504,1.1508,0.50,0.50
2007.12.24 01:35:55.184,1.1504,1.1508,0.50,0.50
2007.12.24 01:35:55.301,1.1504,1.1508,0.50,0.50
2007.12.24 01:35:55.420,1.1504,1.1508,0.50,0.50
2007.12.24 01:35:55.538,1.1504,1.1508,0.50,0.50
2007.12.24 01:35:55.655,1.1504,1.1508,0.50,0.50
2007.12.24 01:35:55.772,1.1504,1.1508,0.50,0.50
2007.12.24 01:35:55.890,1.1504,1.1508,0.50,0.50
2007.12.24 01:35:56.008,1.1504,1.1508,0.50,0.50
2007.12.24 01:35:56.141,1.1504,1.1508,0.50,0.50
2007.12.24 01:35:56.274,1.1504,1.1508,0.50,0.50
2007.12.24 01:35:56.407,1.1504,1.1508,0.50,0.50
2007.12.24 01:35:56.540,1.1504,1.1508,0.50,0.50
2007.12.24 01:35:56.673,1.1504,1.1508,0.50,0.50
2007.12.24 01:35:56.805,1.1504,1.1508,0.50,0.50
2007.12.24 01:35:56.857,1.1504,1.1509,0.50,13.70
2007.12.24 01:35:56.938,1.1504,1.1509,0.50,13.70
2007.12.24 01:35:57.070,1.1504,1.1508,0.50,0.50
2007.12.24 01:35:57.260,1.1504,1.1509,0.50,13.70
2007.12.24 01:35:57.416,1.1504,1.1509,0.50,13.70
2007.12.24 01:35:57.587,1.1504,1.1509,0.50,13.70
2007.12.24 01:35:57.760,1.1504,1.1508,0.50,0.50
2007.12.24 01:35:57.934,1.1504,1.1508,0.50,0.50
2007.12.24 01:35:58.106,1.1504,1.1509,0.50,13.70
2007.12.24 01:35:58.198,1.1504,1.1509,0.50,13.70
2007.12.24 01:35:58.307,1.1504,1.1509,0.50,13.70
2007.12.24 01:35:58.383,1.1504,1.1509,0.50,13.70
2007.12.24 01:35:58.476,1.1504,1.1508,0.50,0.50
2007.12.24 01:35:58.569,1.1504,1.1508,0.50,0.50
2007.12.24 01:35:58.661,1.1504,1.1508,0.50,0.50
2007.12.24 01:35:58.755,1.1504,1.1508,0.50,0.50
2007.12.24 01:35:58.848,1.1504,1.1508,0.50,0.50
2007.12.24 01:35:58.940,1.1504,1.1509,0.50,13.70
2007.12.24 01:35:59.048,1.1504,1.1509,0.50,13.70
2007.12.24 01:35:59.125,1.1504,1.1508,0.50,0.50
2007.12.24 01:35:59.283,1.1504,1.1509,0.50,13.70
2007.12.24 01:35:59.440,1.1504,1.1509,0.50,13.70
2007.12.24 01:35:59.598,1.1504,1.1509,0.50,13.70
2007.12.24 01:35:59.755,1.1504,1.1508,0.50,0.50
2007.12.24 01:35:59.913,1.1504,1.1509,0.50,13.70
2007.12.24 01:36:00.070,1.1504,1.1508,0.50,0.50
2007.12.24 01:36:00.228,1.1504,1.1508,0.50,0.50
2007.12.24 01:36:00.340,1.1504,1.1508,0.50,0.50
2007.12.24 01:36:00.452,1.1504,1.1508,0.50,0.50
2007.12.24 01:36:00.566,1.1504,1.1509,0.50,13.70
2007.12.24 01:36:00.678,1.1504,1.1509,0.50,13.70
2007.12.24 01:36:00.791,1.1504,1.1508,0.50,0.50
2007.12.24 01:36:00.904,1.1504,1.1508,0.50,0.50
2007.12.24 01:36:01.017,1.1504,1.1509,0.50,13.70
2007.12.24 01:36:01.130,1.1504,1.1508,0.50,0.50
2007.12.24 01:36:01.243,1.1504,1.1508,0.50,0.50
2007.12.24 01:36:01.376,1.1504,1.1508,0.50,0.50
2007.12.24 01:36:01.509,1.1504,1.1508,0.50,0.50
2007.12.24 01:36:01.641,1.1504,1.1509,0.50,13.70
2007.12.24 01:36:01.775,1.1504,1.1508,0.50,0.50
2007.12.24 01:36:01.908,1.1504,1.1509,0.50,13.70
2007.12.24 01:36:02.041,1.1504,1.1509,0.50,13.70
2007.12.24 01:36:02.174,1.1504,1.1509,0.50,13.70
2007.12.24 01:36:02.307,1.1504,1.1509,0.50,13.70
2007.12.24 01:36:02.430,1.1504,1.1509,0.50,13.70
2007.12.24 01:36:02.553,1.1504,1.1509,0.50,13.70
2007.12.24 01:36:02.676,1.1504,1.1509,0.50,13.70
2007.12.24 01:36:02.799,1.1504,1.1509,0.50,13.70
2007.12.24 01:36:02.921,1.1504,1.1509,0.50,13.70
2007.12.24 01:36:03.044,1.1504,1.1509,0.50,13.70
2007.12.24 01:36:03.168,1.1504,1.1508,0.50,0.50
2007.12.24 01:36:03.291,1.1504,1.1508,0.50,0.50
2007.12.24 01:36:03.409,1.1504,1.1509,0.50,13.70
2007.12.24 01:36:03.527,1.1504,1.1509,0.50,13.70
2007.12.24 01:36:03.644,1.1504,1.1509,0.50,13.70
2007.12.24 01:36:03.763,1.1504,1.1508,0.50,0.50
2007.12.24 01:36:03.881,1.1504,1.1509,0.50,13.70
2007.12.24 01:36:03.999,1.1504,1.1509,0.50,13.70
2007.12.24 01:36:04.117,1.1504,1.1508,0.50,0.50
2007.12.24 01:36:04.235,1.1504,1.1509,0.50,13.70
2007.12.24 01:36:04.353,1.1504,1.1508,0.50,0.50
2007.12.24 01:36:04.496,1.1504,1.1509,0.50,13.70
2007.12.24 01:36:04.624,1.1504,1.1508,0.50,0.50
2007.12.24 01:36:04.752,1.1504,1.1509,0.50,13.70
2007.12.24 01:36:04.879,1.1504,1.1509,0.50,13.70
2007.12.24 01:36:05.006,1.1504,1.1509,0.50,13.70
2007.12.24 01:36:05.134,1.1504,1.1508,0.50,0.50
2007.12.24 01:36:05.262,1.1504,1.1509,0.50,13.70
2007.12.24 01:36:05.389,1.1504,1.1509,0.50,13.70
2007.12.24 01:36:05.527,1.1504,1.1509,0.50,13.70
2007.12.24 01:36:05.665,1.1504,1.1509,0.50,13.70
2007.12.24 01:36:05.802,1.1504,1.1509,0.50,13.70
2007.12.24 01:36:05.940,1.1504,1.1509,0.50,13.70
2007.12.24 01:36:06.078,1.1504,1.1509,0.50,13.70
2007.12.24 01:36:06.215,1.1504,1.1508,0.50,0.50
2007.12.24 01:36:06.354,1.1504,1.1509,0.50,13.70
2007.12.24 01:36:06.491,1.1504,1.1509,0.50,13.70
2007.12.24 01:36:06.619,1.1504,1.1508,0.50,0.50
2007.12.24 01:36:06.747,1.1504,1.1508,0.50,0.50
2007.12.24 01:36:06.875,1.1504,1.1509,0.50,13.70
2007.12.24 01:36:07.004,1.1504,1.1508,0.50,0.50
2007.12.24 01:36:07.131,1.1504,1.1509,0.50,13.70
2007.12.24 01:36:07.259,1.1504,1.1508,0.50,0.50
2007.12.24 01:36:07.388,1.1504,1.1509,0.50,13.70
2007.12.24 01:36:07.501,1.1504,1.1509,0.50,13.70
2007.12.24 01:36:07.613,1.1504,1.1509,0.50,13.70
2007.12.24 01:36:07.727,1.1504,1.1509,0.50,13.70
2007.12.24 01:36:07.840,1.1504,1.1509,0.50,13.70
2007.12.24 01:36:07.953,1.1504,1.1509,0.50,13.70
2007.12.24 01:36:08.079,1.1504,1.1509,0.50,13.70
2007.12.24 01:36:08.179,1.1504,1.1508,0.50,0.50
2007.12.24 01:36:08.292,1.1504,1.1508,0.50,0.50
2007.12.24 01:36:08.406,1.1504,1.1509,0.50,13.70
2007.12.24 01:36:08.578,1.1504,1.1509,0.50,13.70
2007.12.24 01:36:08.751,1.1504,1.1509,0.50,13.70
2007.12.24 01:36:08.924,1.1504,1.1509,0.50,13.70
2007.12.24 01:36:09.097,1.1504,1.1509,0.50,13.70
2007.12.24 01:36:09.270,1.1504,1.1509,0.50,13.70
2007.12.24 01:36:09.441,1.1504,1.1509,0.50,13.70
2007.12.24 01:36:09.634,1.1504,1.1509,0.50,13.70
2007.12.24 01:36:09.827,1.1504,1.1509,0.50,13.70
2007.12.24 01:36:10.020,1.1504,1.1509,0.50,13.70
2007.12.24 01:36:10.213,1.1504,1.1509,0.50,13.70
2007.12.24 01:36:10.406,1.1504,1.1508,0.50,0.50
2007.12.24 01:36:10.599,1.1504,1.1508,0.50,0.50
2007.12.24 01:36:10.751,1.1504,1.1509,0.50,13.70
2007.12.24 01:36:10.904,1.1504,1.1509,0.50,13.70
2007.12.24 01:36:11.057,1.1504,1.1509,0.50,13.70
2007.12.24 01:36:11.209,1.1504,1.1509,0.50,13.70
2007.12.24 01:36:11.366,1.1504,1.1508,0.50,0.50
2007.12.24 01:36:11.519,1.1504,1.1508,0.50,0.50
2007.12.24 01:36:11.692,1.1504,1.1508,0.50,0.50
2007.12.24 01:36:11.865,1.1504,1.1508,0.50,0.50
2007.12.24 01:36:12.039,1.1504,1.1508,0.50,0.50
2007.12.24 01:36:12.211,1.1504,1.1509,0.50,13.70
2007.12.24 01:36:12.384,1.1504,1.1508,0.50,0.50
2007.12.24 01:36:12.557,1.1504,1.1509,0.50,13.70
2007.12.24 01:36:12.730,1.1504,1.1508,0.50,0.50
2007.12.24 01:36:12.868,1.1504,1.1509,0.50,13.70
2007.12.24 01:36:13.021,1.1504,1.1509,0.50,13.70
2007.12.24 01:36:13.144,1.1504,1.1508,0.50,0.50
2007.12.24 01:36:13.282,1.1504,1.1509,0.50,13.70
2007.12.24 01:36:13.420,1.1504,1.1508,0.50,0.50
2007.12.24 01:36:13.557,1.1504,1.1509,0.50,13.70
2007.12.24 01:36:13.694,1.1504,1.1509,0.50,13.70
2007.12.24 01:36:13.806,1.1504,1.1509,0.50,13.70
2007.12.24 01:36:13.920,1.1504,1.1509,0.50,13.70
2007.12.24 01:36:14.033,1.1504,1.1509,0.50,13.70
2007.12.24 01:36:14.146,1.1504,1.1509,0.50,13.70
2007.12.24 01:36:14.260,1.1504,1.1509,0.50,13.70
2007.12.24 01:36:14.372,1.1504,1.1508,0.50,0.50
2007.12.24 01:36:14.486,1.1504,1.1509,0.50,13.70
2007.12.24 01:36:14.599,1.1504,1.1509,0.50,13.70
2007.12.24 01:36:14.727,1.1504,1.1509,0.50,13.70
2007.12.24 01:36:14.855,1.1504,1.1509,0.50,13.70
2007.12.24 01:36:14.983,1.1504,1.1509,0.50,13.70
2007.12.24 01:36:15.112,1.1504,1.1509,0.50,13.70
2007.12.24 01:36:15.239,1.1504,1.1509,0.50,13.70
2007.12.24 01:36:15.367,1.1504,1.1509,0.50,13.70
2007.12.24 01:36:15.495,1.1504,1.1508,0.50,0.50
2007.12.24 01:36:15.622,1.1504,1.1509,0.50,13.70
2007.12.24 01:36:15.750,1.1504,1.1509,0.50,13.70
2007.12.24 01:36:15.877,1.1504,1.1509,0.50,13.70
2007.12.24 01:36:16.004,1.1504,1.1508,0.50,0.50
2007.12.24 01:36:16.132,1.1504,1.1509,0.50,13.70
2007.12.24 01:36:16.260,1.1504,1.1509,0.50,13.70
2007.12.24 01:36:16.387,1.1504,1.1508,0.50,0.50
2007.12.24 01:36:16.515,1.1504,1.1508,0.50,0.50
2007.12.24 01:36:16.642,1.1504,1.1509,0.50,13.70
2007.12.24 01:36:16.819,1.1504,1.1509,0.50,13.70
2007.12.24 01:36:16.997,1.1504,1.1509,0.50,13.70
2007.12.24 01:36:17.175,1.1504,1.1508,0.50,0.50
2007.12.24 01:36:17.352,1.1504,1.1508,0.50,0.50
2007.12.24 01:36:17.531,1.1504,1.1509,0.50,13.70
2007.12.24 01:36:17.708,1.1504,1.1508,0.50,0.50
2007.12.24 01:36:17.821,1.1504,1.1509,0.50,13.70
2007.12.24 01:36:17.934,1.1504,1.1509,0.50,13.70
2007.12.24 01:36:18.046,1.1504,1.1509,0.50,13.70
2007.12.24 01:36:18.158,1.1504,1.1509,0.50,13.70
2007.12.24 01:36:18.272,1.1504,1.1509,0.50,13.70
2007.12.24 01:36:18.384,1.1504,1.1509,0.50,13.70
2007.12.24 01:36:18.497,1.1504,1.1508,0.50,0.50
2007.12.24 01:36:18.610,1.1504,1.1509,0.50,13.70
2007.12.24 01:36:18.728,1.1504,1.1509,0.50,13.70
2007.12.24 01:36:18.855,1.1504,1.1509,0.50,13.70
2007.12.24 01:36:18.983,1.1504,1.1509,0.50,13.70
2007.12.24 01:36:19.110,1.1504,1.1509,0.50,13.70
2007.12.24 01:36:22.363,1.15035,1.15115,8.00,8.20
2007.12.24 01:36:22.492,1.1504,1.1509,4.40,5.70
2007.12.24 01:36:22.620,1.1504,1.1508,4.40,0.50
2007.12.24 01:36:22.748,1.1504,1.1509,4.40,5.70
2007.12.24 01:36:22.876,1.1504,1.1508,4.40,0.50
2007.12.24 01:36:23.079,1.1504,1.1509,4.40,5.70
2007.12.24 01:36:23.282,1.1504,1.1508,4.40,0.50
2007.12.24 01:36:23.485,1.1504,1.1508,4.40,0.50
2007.12.24 01:36:23.688,1.1504,1.1508,4.40,0.50
2007.12.24 01:36:23.891,1.1504,1.1509,4.40,5.70
2007.12.24 01:36:23.984,1.1504,1.1508,4.40,0.50
2007.12.24 01:36:24.076,1.1504,1.1509,4.40,5.70
2007.12.24 01:36:24.170,1.1504,1.1509,4.40,5.70
2007.12.24 01:36:24.263,1.1504,1.1508,4.40,0.50
2007.12.24 01:36:24.356,1.1504,1.1508,4.40,0.50
2007.12.24 01:36:24.448,1.1504,1.1509,4.40,5.70
2007.12.24 01:36:24.542,1.1504,1.1508,4.40,0.50
2007.12.24 01:36:24.638,1.1504,1.1508,4.40,0.50
2007.12.24 01:36:24.730,1.1504,1.1508,4.40,0.50
2007.12.24 01:36:24.823,1.1504,1.1508,4.40,0.50
2007.12.24 01:36:24.917,1.1504,1.1508,4.40,0.50
2007.12.24 01:36:25.070,1.1504,1.1508,4.40,0.50
2007.12.24 01:36:25.222,1.1504,1.1508,4.40,0.50
2007.12.24 01:36:25.376,1.1504,1.1508,4.40,0.50
2007.12.24 01:36:25.528,1.1504,1.1508,4.40,0.50
2007.12.24 01:36:25.680,1.1504,1.1508,4.40,0.50
2007.12.24 01:36:25.833,1.1504,1.1508,4.40,0.50
2007.12.24 01:36:25.986,1.1504,1.1508,4.40,0.50
2007.12.24 01:36:26.138,1.1504,1.1508,4.40,0.50
2007.12.24 01:36:26.241,1.1504,1.1508,4.40,0.50
2007.12.24 01:36:26.343,1.1504,1.1508,4.40,0.50
2007.12.24 01:36:26.446,1.1504,1.1508,4.40,0.50
2007.12.24 01:36:26.549,1.1504,1.1508,4.40,0.50
2007.12.24 01:36:26.652,1.1504,1.1508,4.40,0.50
2007.12.24 01:36:26.755,1.1504,1.1508,4.40,0.50
2007.12.24 01:36:26.858,1.1504,1.1508,4.40,0.50
2007.12.24 01:36:26.961,1.1504,1.1508,4.40,0.50
2007.12.24 01:36:27.064,1.1504,1.1508,4.40,0.50
2007.12.24 01:36:27.212,1.1504,1.1508,4.40,0.50
2007.12.24 01:36:27.375,1.1504,1.1508,4.40,0.50
2007.12.24 01:36:27.523,1.1504,1.1508,4.40,0.50
2007.12.24 01:36:27.670,1.1504,1.1508,4.40,0.50
2007.12.24 01:36:27.818,1.1504,1.1508,4.40,0.50
2007.12.24 01:36:27.966,1.1504,1.1508,4.40,0.50
2007.12.24 01:36:28.114,1.1504,1.1508,4.40,0.50
2007.12.24 01:36:28.257,1.1504,1.1508,4.40,0.50
2007.12.24 01:36:28.400,1.1504,1.1508,4.40,0.50
2007.12.24 01:36:28.542,1.1504,1.1508,4.40,0.50
2007.12.24 01:36:28.685,1.1504,1.1508,4.40,0.50
2007.12.24 01:36:28.828,1.1504,1.1508,4.40,0.50
2007.12.24 01:36:28.970,1.1504,1.1508,4.40,0.50
2007.12.24 01:36:29.113,1.1504,1.1508,4.40,0.50
2007.12.24 01:36:29.230,1.1504,1.1508,4.40,0.50
2007.12.24 01:36:29.347,1.1504,1.1508,4.40,0.50
2007.12.24 01:36:29.466,1.1504,1.1508,4.40,0.50
2007.12.24 01:36:29.583,1.1504,1.1508,4.40,0.50
2007.12.24 01:36:29.701,1.1504,1.1508,4.40,0.50
2007.12.24 01:36:29.818,1.1504,1.1508,4.40,0.50
2007.12.24 01:36:29.935,1.1504,1.1508,4.40,0.50
2007.12.24 01:36:30.053,1.1504,1.1508,4.40,0.50
2007.12.24 01:36:30.172,1.1504,1.1508,4.40,0.50
2007.12.24 01:36:30.324,1.1504,1.1508,4.40,0.50
2007.12.24 01:36:30.477,1.1504,1.1508,4.40,0.50
2007.12.24 01:36:30.629,1.1504,1.1508,4.40,0.50
2007.12.24 01:36:30.781,1.1504,1.1508,4.40,0.50
2007.12.24 01:36:30.934,1.1504,1.1508,4.40,0.50
2007.12.24 01:36:31.086,1.1504,1.1508,4.40,0.50
2007.12.24 01:36:31.239,1.1504,1.1508,4.40,0.50
2007.12.24 01:36:31.363,1.1504,1.1508,4.40,0.50
2007.12.24 01:36:31.485,1.1504,1.1508,4.40,0.50
2007.12.24 01:36:31.608,1.1504,1.1508,4.40,0.50
2007.12.24 01:36:31.730,1.1504,1.1508,4.40,0.50
2007.12.24 01:36:31.852,1.1504,1.1508,4.40,0.50
2007.12.24 01:36:31.975,1.1504,1.1508,4.40,0.50
2007.12.24 01:36:32.097,1.1504,1.1508,4.40,0.50
2007.12.24 01:36:32.220,1.1504,1.1508,4.40,0.50
2007.12.24 01:36:32.337,1.1504,1.1508,4.40,0.50
2007.12.24 01:36:32.456,1.1504,1.1508,4.40,0.50
2007.12.24 01:36:32.574,1.1504,1.1508,4.40,0.50
2007.12.24 01:36:32.692,1.1504,1.1508,4.40,0.50
2007.12.24 01:36:32.824,1.1504,1.1508,4.40,0.50
2007.12.24 01:36:32.927,1.1504,1.1508,4.40,0.50
2007.12.24 01:36:33.045,1.1504,1.1508,4.40,0.50
2007.12.24 01:36:33.162,1.1504,1.1508,4.40,0.50
2007.12.24 01:36:33.281,1.1504,1.1508,4.40,0.50
2007.12.24 01:36:33.409,1.1504,1.1508,4.40,0.50
2007.12.24 01:36:33.537,1.1504,1.1508,4.40,0.50
2007.12.24 01:36:33.665,1.1504,1.1508,4.40,0.50
2007.12.24 01:36:33.793,1.1504,1.1508,4.40,0.50
2007.12.24 01:36:33.920,1.1504,1.1508,4.40,0.50
2007.12.24 01:36:34.048,1.1504,1.1508,4.40,0.50
2007.12.24 01:36:34.176,1.1504,1.1508,4.40,0.50
2007.12.24 01:36:34.304,1.1504,1.1508,4.40,0.50
2007.12.24 01:36:34.422,1.1504,1.1508,4.40,0.50
2007.12.24 01:36:34.540,1.1504,1.1508,4.40,0.50
2007.12.24 01:36:34.658,1.1504,1.1508,4.40,0.50
2007.12.24 01:36:34.776,1.1504,1.1508,4.40,0.50
2007.12.24 01:36:34.894,1.1504,1.1508,4.40,0.50
2007.12.24 01:36:35.011,1.1504,1.1508,4.40,0.50
2007.12.24 01:36:35.129,1.1504,1.1508,4.40,0.50
2007.12.24 01:36:35.246,1.1504,1.1508,4.40,0.50
2007.12.24 01:36:35.365,1.1504,1.1508,4.40,0.50
2007.12.24 01:36:35.497,1.1504,1.1508,4.40,0.50
2007.12.24 01:36:35.631,1.1504,1.1508,4.40,0.50
2007.12.24 01:36:35.763,1.1504,1.1508,4.40,0.50
2007.12.24 01:36:35.896,1.1504,1.1508,4.40,0.50
2007.12.24 01:36:36.029,1.1504,1.1508,4.40,0.50
2007.12.24 01:36:36.161,1.1504,1.1508,4.40,0.50
2007.12.24 01:36:36.294,1.1504,1.1508,4.40,0.50
2007.12.24 01:36:36.426,1.1504,1.1508,4.40,0.50
2007.12.24 01:36:36.564,1.1504,1.1508,4.40,0.50
2007.12.24 01:36:36.702,1.1504,1.1508,4.40,0.50
2007.12.24 01:36:36.839,1.1504,1.1508,4.40,0.50
2007.12.24 01:36:36.977,1.1504,1.1508,4.40,0.50
2007.12.24 01:36:37.114,1.1504,1.1508,4.40,0.50
2007.12.24 01:36:37.252,1.1504,1.1508,4.40,0.50
2007.12.24 01:36:37.389,1.1504,1.1508,4.40,0.50
2007.12.24 01:36:37.502,1.1504,1.1508,4.40,0.50
2007.12.24 01:36:37.615,1.1504,1.1508,4.40,0.50
2007.12.24 01:36:37.727,1.1504,1.1508,4.40,0.50
2007.12.24 01:36:37.840,1.1504,1.1508,4.40,0.50
2007.12.24 01:36:37.953,1.1504,1.1508,4.40,0.50
2007.12.24 01:36:38.065,1.1504,1.1508,4.40,0.50
2007.12.24 01:36:38.178,1.1504,1.1508,4.40,0.50
2007.12.24 01:36:38.305,1.1504,1.1508,4.40,0.50
2007.12.24 01:36:38.404,1.1504,1.1508,4.40,0.50
2007.12.24 01:36:38.536,1.1504,1.1508,4.40,0.50
2007.12.24 01:36:38.669,1.1504,1.1508,4.40,0.50
2007.12.24 01:36:38.801,1.1504,1.1508,4.40,0.50
2007.12.24 01:36:38.934,1.1504,1.1508,4.40,0.50
2007.12.24 01:36:39.065,1.1504,1.1508,4.40,0.50
2007.12.24 01:36:39.198,1.1504,1.1508,4.40,0.50
2007.12.24 01:36:39.331,1.1504,1.1508,4.40,0.50
2007.12.24 01:36:39.463,1.1504,1.1508,4.40,0.50
2007.12.24 01:36:39.582,1.1504,1.1508,4.40,0.50
2007.12.24 01:36:39.699,1.1504,1.1508,4.40,0.50
2007.12.24 01:36:39.816,1.1504,1.1508,4.40,0.50
2007.12.24 01:36:39.934,1.1504,1.1508,4.40,0.50
2007.12.24 01:36:40.052,1.1504,1.1508,4.40,0.50
2007.12.24 01:36:40.169,1.1504,1.1508,4.40,0.50
2007.12.24 01:36:40.287,1.1504,1.1508,4.40,0.50
2007.12.24 01:36:40.405,1.1504,1.1508,4.40,0.50
2007.12.24 01:36:40.522,1.1504,1.1508,4.40,0.50
2007.12.24 01:36:40.650,1.1504,1.1508,4.40,0.50
2007.12.24 01:36:40.777,1.1504,1.1508,4.40,0.50
2007.12.24 01:36:40.905,1.1504,1.1508,4.40,0.50
2007.12.24 01:36:41.033,1.1504,1.1508,4.40,0.50
2007.12.24 01:36:41.161,1.1504,1.1508,4.40,0.50
2007.12.24 01:36:41.288,1.1504,1.1508,4.40,0.50
2007.12.24 01:36:41.415,1.1504,1.1508,4.40,0.50
2007.12.24 01:36:41.543,1.1504,1.1508,4.40,0.50
2007.12.24 01:36:41.660,1.1504,1.1508,4.40,0.50
2007.12.24 01:36:41.778,1.1504,1.1508,4.40,0.50
2007.12.24 01:36:41.896,1.1504,1.1508,4.40,0.50
2007.12.24 01:36:42.014,1.1504,1.1508,4.40,0.50
2007.12.24 01:36:42.131,1.1504,1.1508,4.40,0.50
2007.12.24 01:36:42.265,1.1504,1.1508,4.40,0.50
2007.12.24 01:36:42.382,1.1504,1.1508,4.40,0.50
2007.12.24 01:36:42.499,1.1504,1.1508,4.40,0.50
2007.12.24 01:36:42.632,1.1504,1.1508,4.40,0.50
2007.12.24 01:36:42.765,1.1504,1.1508,4.40,0.50
2007.12.24 01:36:42.898,1.1504,1.1508,4.40,0.50
2007.12.24 01:36:43.031,1.1504,1.1508,4.40,0.50
2007.12.24 01:36:43.164,1.1504,1.1508,4.40,0.50
2007.12.24 01:36:43.297,1.1504,1.1508,4.40,0.50
2007.12.24 01:36:43.430,1.1504,1.1508,4.40,0.50
2007.12.24 01:36:43.562,1.1504,1.1508,4.40,0.50
2007.12.24 01:36:43.675,1.1504,1.1508,4.40,0.50
2007.12.24 01:36:43.787,1.1504,1.1508,4.40,0.50
2007.12.24 01:36:43.914,1.1504,1.1508,4.40,0.50
2007.12.24 01:36:44.013,1.1504,1.1508,4.40,0.50
2007.12.24 01:36:44.126,1.1504,1.1508,4.40,0.50
2007.12.24 01:36:44.238,1.1504,1.1508,4.40,0.50
2007.12.24 01:36:44.351,1.1504,1.1508,4.40,0.50
2007.12.24 01:36:44.464,1.1504,1.1508,4.40,0.50
2007.12.24 01:36:44.593,1.1504,1.1508,4.40,0.50
2007.12.24 01:36:44.720,1.1504,1.1508,4.40,0.50
2007.12.24 01:36:44.863,1.1504,1.1508,4.40,0.50
2007.12.24 01:36:45.006,1.1504,1.1508,4.40,0.50
2007.12.24 01:36:45.148,1.1504,1.1508,4.40,0.50
2007.12.24 01:36:45.290,1.1504,1.1508,4.40,0.50
2007.12.24 01:36:45.432,1.1504,1.1508,4.40,0.50
2007.12.24 01:36:45.574,1.1504,1.1508,4.40,0.50
2007.12.24 01:36:45.681,1.1504,1.1508,4.40,0.50
2007.12.24 01:36:45.789,1.1504,1.1508,4.40,0.50
2007.12.24 01:36:45.896,1.1504,1.1508,4.40,0.50
2007.12.24 01:36:46.003,1.1504,1.1508,4.40,0.50
2007.12.24 01:36:46.110,1.1504,1.1508,4.40,0.50
2007.12.24 01:36:46.222,1.1504,1.1508,4.40,0.50
2007.12.24 01:36:46.330,1.1504,1.1508,4.40,0.50
2007.12.24 01:36:46.438,1.1504,1.1508,4.40,0.50
2007.12.24 01:36:46.546,1.1504,1.1508,4.40,0.50
2007.12.24 01:36:46.654,1.1504,1.1508,4.40,0.50
2007.12.24 01:36:46.807,1.1504,1.1508,4.40,0.50
2007.12.24 01:36:46.959,1.1504,1.1508,4.40,0.50
2007.12.24 01:36:47.112,1.1504,1.1508,4.40,0.50
2007.12.24 01:36:47.265,1.1504,1.1508,4.40,0.50
2007.12.24 01:36:47.419,1.1504,1.1508,4.40,0.50
2007.12.24 01:36:47.571,1.1504,1.1508,4.40,0.50
2007.12.24 01:36:47.726,1.1504,1.1508,4.40,0.50
2007.12.24 01:36:47.838,1.1504,1.1508,4.40,0.50
2007.12.24 01:36:47.921,1.1504,1.1508,4.40,0.50
2007.12.24 01:36:48.019,1.1504,1.1508,4.40,0.50
2007.12.24 01:36:48.117,1.1504,1.1508,4.40,0.50
2007.12.24 01:36:48.215,1.1504,1.1508,4.40,0.50
2007.12.24 01:36:48.313,1.1504,1.1508,4.40,0.50
2007.12.24 01:36:48.410,1.1504,1.1508,4.40,0.50
2007.12.24 01:36:48.509,1.1504,1.1508,4.40,0.50
2007.12.24 01:36:48.607,1.1504,1.1508,4.40,0.50
2007.12.24 01:36:48.760,1.1504,1.1508,4.40,0.50
2007.12.24 01:36:48.913,1.1504,1.1508,4.40,0.50
2007.12.24 01:36:49.066,1.1504,1.1508,4.40,0.50
2007.12.24 01:36:49.219,1.1504,1.1508,4.40,0.50
2007.12.24 01:36:49.386,1.1504,1.1508,4.40,0.50
2007.12.24 01:36:49.525,1.1504,1.1508,4.40,0.50
2007.12.24 01:36:49.678,1.1504,1.1508,4.40,0.50
2007.12.24 01:36:49.791,1.1504,1.1508,4.40,0.50
2007.12.24 01:36:49.903,1.1504,1.1508,4.40,0.50
2007.12.24 01:36:50.016,1.1504,1.1508,4.40,0.50
2007.12.24 01:36:50.130,1.1504,1.1508,4.40,0.50
2007.12.24 01:36:50.242,1.1504,1.1508,4.40,0.50
2007.12.24 01:36:50.355,1.1504,1.1508,4.40,0.50
2007.12.24 01:36:50.469,1.1504,1.1508,4.40,0.50
2007.12.24 01:36:50.582,1.1504,1.1508,4.40,0.50
2007.12.24 01:36:50.695,1.1504,1.1508,4.40,0.50
2007.12.24 01:36:50.822,1.1504,1.1508,4.40,0.50
2007.12.24 01:36:50.951,1.1504,1.1508,4.40,0.50
2007.12.24 01:36:51.078,1.1504,1.1508,4.40,0.50
2007.12.24 01:36:51.206,1.1504,1.1508,4.40,0.50
2007.12.24 01:36:51.334,1.1504,1.1508,4.40,0.50
2007.12.24 01:36:51.463,1.1504,1.1508,4.40,0.50
2007.12.24 01:36:51.590,1.1504,1.1508,4.40,0.50
2007.12.24 01:36:51.734,1.1504,1.1508,4.40,0.50
2007.12.24 01:36:51.847,1.1504,1.1508,4.40,0.50
2007.12.24 01:36:51.975,1.1504,1.1508,4.40,0.50
2007.12.24 01:36:52.102,1.1504,1.1508,4.40,0.50
2007.12.24 01:36:52.231,1.1504,1.1508,4.40,0.50
2007.12.24 01:36:52.358,1.1504,1.1508,4.40,0.50
2007.12.24 01:36:52.486,1.1504,1.1508,4.40,0.50
2007.12.24 01:36:52.613,1.15035,1.15095,8.00,8.00
2007.12.24 01:36:54.496,1.1504,1.1509,4.40,4.00
2007.12.24 01:36:54.624,1.1505,1.1509,0.50,4.00
2007.12.24 01:36:54.752,1.1505,1.151,0.50,12.40
2007.12.24 01:36:54.889,1.1505,1.151,0.50,12.40
2007.12.24 01:36:55.026,1.1505,1.151,0.50,12.40
2007.12.24 01:36:55.163,1.1505,1.151,0.50,12.40
2007.12.24 01:36:55.300,1.1505,1.151,0.50,12.40
2007.12.24 01:36:55.438,1.1505,1.151,0.50,12.40
2007.12.24 01:36:55.574,1.1505,1.151,0.50,12.40
2007.12.24 01:36:55.712,1.1505,1.151,0.50,12.40
2007.12.24 01:36:55.849,1.1505,1.151,0.50,12.40
2007.12.24 01:36:55.965,1.1505,1.151,0.50,12.40
2007.12.24 01:36:56.082,1.1505,1.151,0.50,12.40
2007.12.24 01:36:56.200,1.1505,1.151,0.50,12.40
2007.12.24 01:36:56.316,1.1505,1.151,0.50,12.40
2007.12.24 01:36:56.434,1.1505,1.151,0.50,12.40
2007.12.24 01:36:56.550,1.1505,1.151,0.50,12.40
2007.12.24 01:36:56.667,1.1505,1.151,0.50,12.40
2007.12.24 01:36:56.784,1.1505,1.151,0.50,12.40
2007.12.24 01:36:56.941,1.1505,1.151,0.50,12.40
2007.12.24 01:36:56.997,1.1505,1.1511,0.50,13.60
2007.12.24 01:36:57.099,1.1505,1.151,0.50,0.50
2007.12.24 01:36:57.256,1.1505,1.151,0.50,0.70
2007.12.24 01:36:57.414,1.1505,1.151,0.50,0.90
2007.12.24 01:36:57.571,1.1505,1.1511,0.50,13.60
2007.12.24 01:36:57.744,1.1505,1.1511,0.50,13.60
2007.12.24 01:36:57.885,1.1505,1.1511,0.50,13.60
2007.12.24 01:36:58.018,1.1505,1.151,0.50,0.50
2007.12.24 01:36:58.150,1.1505,1.1511,0.50,13.60
2007.12.24 01:36:58.282,1.1505,1.1511,0.50,13.60
2007.12.24 01:36:58.416,1.1505,1.151,0.50,0.80
2007.12.24 01:36:58.548,1.1505,1.1511,0.50,13.60
2007.12.24 01:36:58.682,1.1505,1.151,0.50,0.70
2007.12.24 01:36:58.815,1.1505,1.1511,0.50,13.60
2007.12.24 01:36:58.943,1.1505,1.1511,0.50,13.60
2007.12.24 01:36:59.070,1.1505,1.1511,0.50,13.60
2007.12.24 01:36:59.197,1.1505,1.151,0.50,0.50
2007.12.24 01:36:59.325,1.1505,1.1511,0.50,13.60
2007.12.24 01:36:59.453,1.1505,1.151,0.50,0.50
2007.12.24 01:36:59.582,1.1505,1.1511,0.50,13.60
2007.12.24 01:36:59.710,1.1505,1.1511,0.50,13.60
2007.12.24 01:36:59.838,1.1505,1.1511,0.50,13.60
2007.12.24 01:36:59.966,1.1505,1.151,0.50,0.90
2007.12.24 01:37:00.094,1.1505,1.151,0.50,0.60
2007.12.24 01:37:00.222,1.1505,1.1511,0.50,13.60
2007.12.24 01:37:00.350,1.1505,1.1511,0.50,13.60
2007.12.24 01:37:00.478,1.1505,1.1511,0.50,13.60
2007.12.24 01:37:00.606,1.1505,1.1511,0.50,13.60
2007.12.24 01:37:00.734,1.1505,1.151,0.50,0.70
2007.12.24 01:37:00.862,1.1505,1.1511,0.50,13.60
2007.12.24 01:37:00.980,1.1505,1.1511,0.50,13.60
2007.12.24 01:37:01.098,1.1505,1.1511,0.50,13.60
2007.12.24 01:37:01.216,1.1505,1.151,0.50,0.80
2007.12.24 01:37:01.334,1.1505,1.1511,0.50,13.60
2007.12.24 01:37:01.452,1.1505,1.151,0.50,0.60
2007.12.24 01:37:01.570,1.1505,1.1511,0.50,13.60
2007.12.24 01:37:01.688,1.1505,1.1511,0.50,13.60
2007.12.24 01:37:01.806,1.1505,1.1511,0.50,13.60
2007.12.24 01:37:01.924,1.1505,1.1511,0.50,13.60
2007.12.24 01:37:02.052,1.1505,1.1511,0.50,13.60
2007.12.24 01:37:02.180,1.1505,1.1511,0.50,13.60
2007.12.24 01:37:02.308,1.1505,1.151,0.50,0.80
2007.12.24 01:37:02.436,1.1505,1.151,0.50,0.50
2007.12.24 01:37:02.564,1.1505,1.1511,0.50,13.60
2007.12.24 01:37:02.692,1.1505,1.151,0.50,0.50
2007.12.24 01:37:02.820,1.1505,1.1511,0.50,13.60
2007.12.24 01:37:02.948,1.1505,1.151,0.50,0.70
2007.12.24 01:37:03.066,1.1505,1.1511,0.50,13.60
2007.12.24 01:37:03.184,1.1505,1.151,0.50,0.60
2007.12.24 01:37:03.302,1.1505,1.151,0.50,0.90
2007.12.24 01:37:03.420,1.1505,1.1511,0.50,13.60
2007.12.24 01:37:03.537,1.1505,1.151,0.50,0.50
2007.12.24 01:37:03.654,1.1505,1.151,0.50,0.70
2007.12.24 01:37:03.771,1.1505,1.151,0.50,0.50
2007.12.24 01:37:03.888,1.1505,1.1511,0.50,13.60
2007.12.24 01:37:04.010,1.1505,1.1511,0.50,13.60
2007.12.24 01:37:04.132,1.1505,1.1511,0.50,13.60
2007.12.24 01:37:04.254,1.1505,1.1511,0.50,13.60
2007.12.24 01:37:04.376,1.1505,1.1511,0.50,13.60
2007.12.24 01:37:04.498,1.1505,1.1511,0.50,13.60
2007.12.24 01:37:04.620,1.1505,1.1511,0.50,13.60
2007.12.24 01:37:04.742,1.1505,1.1511,0.50,13.60
2007.12.24 01:37:04.864,1.1505,1.1511,0.50,13.60
2007.12.24 01:37:05.001,1.1505,1.1511,0.50,13.60
2007.12.24 01:37:05.113,1.1505,1.151,0.50,0.60
2007.12.24 01:37:05.240,1.1505,1.1511,0.50,13.60
2007.12.24 01:37:05.367,1.1505,1.151,0.50,0.80
2007.12.24 01:37:05.494,1.1505,1.151,0.50,0.50
2007.12.24 01:37:05.622,1.1505,1.1511,0.50,13.60
2007.12.24 01:37:05.749,1.1505,1.1511,0.50,13.60
2007.12.24 01:37:05.877,1.1505,1.151,0.50,0.60
2007.12.24 01:37:06.004,1.1505,1.1511,0.50,13.60
2007.12.24 01:37:06.142,1.1505,1.151,0.50,0.90
2007.12.24 01:37:06.279,1.1505,1.1511,0.50,13.60
2007.12.24 01:37:06.415,1.1505,1.1511,0.50,13.60
2007.12.24 01:37:06.552,1.1505,1.1511,0.50,13.60
2007.12.24 01:37:06.689,1.1505,1.151,0.50,0.60
2007.12.24 01:37:06.826,1.1505,1.1511,0.50,13.60
2007.12.24 01:37:06.964,1.1505,1.1511,0.50,13.60
2007.12.24 01:37:07.096,1.1505,1.1511,0.50,13.60
2007.12.24 01:37:07.229,1.1505,1.1511,0.50,13.60
2007.12.24 01:37:07.361,1.1505,1.151,0.50,0.50
2007.12.24 01:37:07.495,1.1505,1.151,0.50,0.80
2007.12.24 01:37:07.627,1.1505,1.1511,0.50,13.60
2007.12.24 01:37:07.759,1.1505,1.1511,0.50,13.60
2007.12.24 01:37:07.893,1.1505,1.1511,0.50,13.60
2007.12.24 01:37:08.039,1.1505,1.1511,0.50,13.60
2007.12.24 01:37:08.142,1.1505,1.1511,0.50,13.60
2007.12.24 01:37:08.261,1.1505,1.151,0.50,0.60
2007.12.24 01:37:08.379,1.1505,1.151,0.50,0.80
2007.12.24 01:37:08.496,1.1505,1.151,0.50,0.70
2007.12.24 01:37:08.613,1.1505,1.151,0.50,0.70
2007.12.24 01:37:08.730,1.1505,1.151,0.50,0.70
2007.12.24 01:37:08.862,1.1505,1.1511,0.50,13.60
2007.12.24 01:37:08.966,1.1505,1.151,0.50,0.80
2007.12.24 01:37:09.114,1.1505,1.1511,0.50,13.60
2007.12.24 01:37:09.261,1.1505,1.1511,0.50,13.60
2007.12.24 01:37:09.409,1.1505,1.1511,0.50,13.60
2007.12.24 01:37:09.557,1.1505,1.151,0.50,0.70
2007.12.24 01:37:09.704,1.1505,1.1511,0.50,13.60
2007.12.24 01:37:09.866,1.1505,1.1511,0.50,13.60
2007.12.24 01:37:09.999,1.1505,1.151,0.50,0.60
2007.12.24 01:37:10.111,1.1505,1.151,0.50,0.50
2007.12.24 01:37:10.225,1.1505,1.151,0.50,0.90
2007.12.24 01:37:10.337,1.1505,1.1511,0.50,13.60
2007.12.24 01:37:10.449,1.1505,1.151,0.50,0.90
2007.12.24 01:37:10.563,1.1505,1.1511,0.50,13.60
2007.12.24 01:37:10.675,1.1505,1.151,0.50,0.80
2007.12.24 01:37:10.801,1.1505,1.151,0.50,0.90
2007.12.24 01:37:10.914,1.1505,1.151,0.50,0.50
2007.12.24 01:37:11.027,1.1505,1.151,0.50,0.80
2007.12.24 01:37:11.153,1.1505,1.1511,0.50,13.60
2007.12.24 01:37:11.282,1.1505,1.151,0.50,0.50
2007.12.24 01:37:11.409,1.1505,1.1511,0.50,13.60
2007.12.24 01:37:11.536,1.1505,1.1511,0.50,13.60
2007.12.24 01:37:11.665,1.1505,1.151,0.50,0.60
2007.12.24 01:37:11.792,1.1505,1.151,0.50,0.50
2007.12.24 01:37:11.920,1.1505,1.151,0.50,0.80
2007.12.24 01:37:12.047,1.1505,1.1511,0.50,13.60
2007.12.24 01:37:12.211,1.1505,1.1511,0.50,13.60
2007.12.24 01:37:12.373,1.1505,1.1511,0.50,13.60
2007.12.24 01:37:12.537,1.1505,1.1511,0.50,13.60
2007.12.24 01:37:12.699,1.1505,1.1511,0.50,13.60
2007.12.24 01:37:12.863,1.1505,1.1511,0.50,13.60
2007.12.24 01:37:13.026,1.1505,1.1511,0.50,13.60
2007.12.24 01:37:13.129,1.1505,1.1511,0.50,13.60
2007.12.24 01:37:13.231,1.1505,1.151,0.50,0.70
2007.12.24 01:37:13.334,1.1505,1.151,0.50,0.90
2007.12.24 01:37:13.437,1.1505,1.1511,0.50,13.60
2007.12.24 01:37:13.539,1.1505,1.1511,0.50,13.60
2007.12.24 01:37:13.643,1.1505,1.1511,0.50,14.80
2007.12.24 01:37:13.747,1.1505,1.1512,0.50,16.80
2007.12.24 01:37:13.849,1.1505,1.1511,0.50,0.70
2007.12.24 01:37:13.952,1.1505,1.1512,0.50,16.80
2007.12.24 01:37:14.056,1.1505,1.1512,0.50,16.80
2007.12.24 01:37:14.218,1.1505,1.1512,0.50,16.80
2007.12.24 01:37:14.382,1.1505,1.1512,0.50,16.80
2007.12.24 01:37:14.544,1.1505,1.1512,0.50,16.80
2007.12.24 01:37:14.707,1.1505,1.1512,0.50,16.80
2007.12.24 01:37:14.870,1.1505,1.1511,0.50,0.50
2007.12.24 01:37:15.033,1.1505,1.1511,0.50,0.60
2007.12.24 01:37:15.131,1.1505,1.1512,0.50,16.80
2007.12.24 01:37:15.229,1.1505,1.1512,0.50,16.80
2007.12.24 01:37:15.328,1.1505,1.1511,0.50,0.50
2007.12.24 01:37:15.425,1.1505,1.1511,0.50,0.70
2007.12.24 01:37:15.523,1.1505,1.1512,0.50,16.80
2007.12.24 01:37:15.621,1.1505,1.1512,0.50,16.80
2007.12.24 01:37:15.720,1.1505,1.1511,0.50,0.80
2007.12.24 01:37:15.817,1.1505,1.1512,0.50,16.80
2007.12.24 01:37:15.915,1.1505,1.1512,0.50,16.80
2007.12.24 01:37:16.013,1.1505,1.1512,0.50,16.80
2007.12.24 01:37:16.111,1.1505,1.1512,0.50,16.80
2007.12.24 01:37:16.270,1.1505,1.1512,0.50,16.80
2007.12.24 01:37:16.427,1.1505,1.1512,0.50,16.80
2007.12.24 01:37:16.585,1.1505,1.1512,0.50,16.80
2007.12.24 01:37:16.744,1.1505,1.1511,0.50,0.80
2007.12.24 01:37:16.901,1.1505,1.1511,0.50,0.50
2007.12.24 01:37:17.059,1.1505,1.1512,0.50,16.80
2007.12.24 01:37:17.218,1.1505,1.1512,0.50,16.80
2007.12.24 01:37:17.316,1.1505,1.1511,0.50,0.80
2007.12.24 01:37:17.413,1.1505,1.1511,0.50,0.60
2007.12.24 01:37:17.511,1.1505,1.1512,0.50,16.80
2007.12.24 01:37:17.609,1.1505,1.1512,0.50,16.80
2007.12.24 01:37:17.707,1.1505,1.1512,0.50,16.80
2007.12.24 01:37:17.806,1.1505,1.1511,0.50,0.60
2007.12.24 01:37:17.903,1.1505,1.1512,0.50,16.80
2007.12.24 01:37:18.001,1.1505,1.1511,0.50,0.90
2007.12.24 01:37:18.100,1.1505,1.1511,0.50,0.60
2007.12.24 01:37:18.248,1.1505,1.1511,0.50,0.70
2007.12.24 01:37:18.395,1.1505,1.1511,0.50,0.60
2007.12.24 01:37:18.544,1.1505,1.1512,0.50,16.80
2007.12.24 01:37:18.691,1.1505,1.1512,0.50,16.80
2007.12.24 01:37:18.839,1.1505,1.1511,0.50,0.70
2007.12.24 01:37:19.001,1.1505,1.1512,0.50,16.80
2007.12.24 01:37:19.135,1.1505,1.1511,0.50,0.50
2007.12.24 01:37:19.283,1.1505,1.1512,0.50,16.80
2007.12.24 01:37:19.386,1.1505,1.1511,0.50,0.70
2007.12.24 01:37:19.490,1.1505,1.1511,0.50,0.50
2007.12.24 01:37:19.592,1.1505,1.1512,0.50,16.80
2007.12.24 01:37:19.696,1.1505,1.1512,0.50,16.80
2007.12.24 01:37:19.799,1.1505,1.1511,0.50,0.60
2007.12.24 01:37:19.917,1.1505,1.1511,0.50,0.80
2007.12.24 01:37:20.005,1.1505,1.1511,0.50,0.50
2007.12.24 01:37:20.107,1.1505,1.1512,0.50,16.90
2007.12.24 01:37:20.211,1.1505,1.1512,0.50,16.90
2007.12.24 01:37:20.394,1.1504,1.15105,10.80,0.50
2007.12.24 01:37:20.577,1.1504,1.1511,10.80,8.50
2007.12.24 01:37:20.759,1.1504,1.1511,10.80,8.50
2007.12.24 01:37:20.956,1.1504,1.1511,10.80,8.50
2007.12.24 01:37:21.139,1.1504,1.15105,10.80,0.50
2007.12.24 01:37:21.321,1.1504,1.1511,10.80,8.50
2007.12.24 01:37:21.519,1.1504,1.1511,10.80,8.50
2007.12.24 01:37:21.716,1.1504,1.1511,10.80,8.50
2007.12.24 01:37:21.913,1.1504,1.1511,10.80,8.50
2007.12.24 01:37:22.110,1.1504,1.1511,10.80,8.50
2007.12.24 01:37:22.307,1.1504,1.1511,10.80,8.50
2007.12.24 01:37:22.512,1.1504,1.15105,10.80,0.70
2007.12.24 01:37:22.625,1.1504,1.15105,10.80,0.70
2007.12.24 01:37:22.737,1.1504,1.1511,10.80,8.50
2007.12.24 01:37:22.849,1.1504,1.15105,10.80,0.70
2007.12.24 01:37:22.962,1.1504,1.1511,10.80,8.50
2007.12.24 01:37:23.074,1.1504,1.15105,10.80,0.50
2007.12.24 01:37:23.186,1.1504,1.1511,10.80,8.50
2007.12.24 01:37:23.298,1.1504,1.15105,10.80,0.80
2007.12.24 01:37:23.411,1.1504,1.15105,10.80,0.60
2007.12.24 01:37:23.538,1.1504,1.1511,10.80,8.50
2007.12.24 01:37:23.665,1.1504,1.1511,10.80,8.50
2007.12.24 01:37:23.792,1.1504,1.1511,10.80,8.50
2007.12.24 01:37:23.919,1.1504,1.1511,10.80,8.50
2007.12.24 01:37:24.055,1.1504,1.15105,10.80,0.90
2007.12.24 01:37:24.072,1.1503,1.1511,20.00,8.50
2007.12.24 01:37:24.182,1.1503,1.1511,20.00,8.50
2007.12.24 01:37:24.309,1.1504,1.15105,0.70,0.90
2007.12.24 01:37:24.437,1.1503,1.1511,20.00,8.50
2007.12.24 01:37:24.574,1.1504,1.15105,0.90,0.70
2007.12.24 01:37:24.712,1.1503,1.1511,20.00,8.50
2007.12.24 01:37:24.850,1.1503,1.1511,20.00,8.50
2007.12.24 01:37:24.988,1.1503,1.1511,20.00,8.50
2007.12.24 01:37:25.126,1.1503,1.1511,20.00,8.50
2007.12.24 01:37:25.264,1.1504,1.15105,0.60,0.80
2007.12.24 01:37:25.402,1.1503,1.1511,20.00,8.50
2007.12.24 01:37:25.540,1.1504,1.15105,0.50,0.50
2007.12.24 01:37:25.668,1.1504,1.15105,0.50,0.50
2007.12.24 01:37:25.766,1.1503,1.1511,20.00,8.50
2007.12.24 01:37:25.879,1.1503,1.1511,20.00,8.50
2007.12.24 01:37:25.992,1.1503,1.1511,20.00,8.50
2007.12.24 01:37:26.105,1.1503,1.15105,20.00,8.00
2007.12.24 01:37:26.218,1.1503,1.15105,20.00,8.00
2007.12.24 01:37:26.331,1.1503,1.15105,20.00,8.00
2007.12.24 01:37:26.444,1.1503,1.15105,20.00,8.00
2007.12.24 01:37:26.558,1.1504,1.15105,2.40,8.00
2007.12.24 01:37:26.690,1.1503,1.15105,20.00,8.00
2007.12.24 01:37:26.823,1.1503,1.15105,20.00,8.00
2007.12.24 01:37:26.956,1.1504,1.15105,1.80,8.00
2007.12.24 01:37:27.089,1.1504,1.15105,4.60,8.00
2007.12.24 01:37:27.223,1.1503,1.15105,20.00,8.00
2007.12.24 01:37:27.355,1.1504,1.15105,2.30,8.00
2007.12.24 01:37:27.489,1.1504,1.1511,10.80,8.40
2007.12.24 01:37:27.621,1.1504,1.1511,10.80,8.40
2007.12.24 01:37:27.775,1.15045,1.1511,8.50,10.80
2007.12.24 01:37:27.897,1.1505,1.1511,0.50,10.80
2007.12.24 01:37:28.035,1.15045,1.1511,8.50,10.80
2007.12.24 01:37:28.173,1.1505,1.1511,0.50,10.80
2007.12.24 01:37:28.312,1.1505,1.1511,0.50,10.80
2007.12.24 01:37:28.449,1.15045,1.1511,8.50,10.80
2007.12.24 01:37:28.588,1.1505,1.1511,0.50,10.80
2007.12.24 01:37:28.790,1.15045,1.1511,8.50,10.80
2007.12.24 01:37:28.993,1.15045,1.1511,8.50,10.80
2007.12.24 01:37:29.196,1.15045,1.1511,8.50,10.80
2007.12.24 01:37:29.398,1.15045,1.1511,8.50,10.80
2007.12.24 01:37:29.600,1.15045,1.1511,8.50,10.80
2007.12.24 01:37:29.682,1.15045,1.1511,8.50,10.80
2007.12.24 01:37:29.764,1.15045,1.1511,8.50,10.80
2007.12.24 01:37:29.846,1.15045,1.1511,8.50,10.80
2007.12.24 01:37:29.932,1.1505,1.1511,0.50,10.80
2007.12.24 01:37:30.016,1.1505,1.1511,0.50,10.80
2007.12.24 01:37:30.099,1.1505,1.1511,0.50,10.80
2007.12.24 01:37:30.181,1.15045,1.1511,8.50,10.80
2007.12.24 01:37:30.264,1.15045,1.1511,8.50,10.80
2007.12.24 01:37:30.347,1.15045,1.1511,8.50,10.80
2007.12.24 01:37:30.430,1.15045,1.1511,8.50,10.80
2007.12.24 01:37:30.512,1.15045,1.1511,8.50,10.80
2007.12.24 01:37:30.597,1.1505,1.1511,0.50,10.80
2007.12.24 01:37:30.806,1.15045,1.1511,8.50,10.80
2007.12.24 01:37:31.027,1.15045,1.1511,8.50,10.80
2007.12.24 01:37:31.235,1.1505,1.1511,0.50,10.80
2007.12.24 01:37:31.444,1.15045,1.1511,8.50,10.80
2007.12.24 01:37:31.651,1.1505,1.1511,0.50,10.80
2007.12.24 01:37:31.730,1.15045,1.1511,8.50,10.80
2007.12.24 01:37:31.807,1.1505,1.1511,0.50,10.80
2007.12.24 01:37:31.886,1.1505,1.1511,0.50,10.80
2007.12.24 01:37:31.963,1.15045,1.1511,8.50,10.80
2007.12.24 01:37:32.041,1.15045,1.1511,8.50,10.80
2007.12.24 01:37:32.155,1.15045,1.1511,8.50,10.80
2007.12.24 01:37:32.203,1.1505,1.1511,0.50,10.80
2007.12.24 01:37:32.282,1.15045,1.1511,8.50,10.80
2007.12.24 01:37:32.359,1.1505,1.1511,0.50,10.80
2007.12.24 01:37:32.436,1.1505,1.1511,0.50,10.80
2007.12.24 01:37:32.514,1.15045,1.1511,8.50,10.80
2007.12.24 01:37:32.592,1.1505,1.1511,0.50,10.80
2007.12.24 01:37:32.670,1.1505,1.1511,0.50,10.80
2007.12.24 01:37:32.868,1.15045,1.1511,8.50,10.80
2007.12.24 01:37:33.066,1.1505,1.1511,0.50,10.80
2007.12.24 01:37:33.264,1.1505,1.1511,0.50,10.80
2007.12.24 01:37:33.462,1.15045,1.1511,8.50,10.80
2007.12.24 01:37:33.659,1.15045,1.1511,8.50,10.80
2007.12.24 01:37:33.742,1.15045,1.1511,8.50,10.80
2007.12.24 01:37:33.824,1.1505,1.1511,0.50,10.80
2007.12.24 01:37:33.907,1.15045,1.1511,8.50,10.80
2007.12.24 01:37:33.990,1.15045,1.1511,8.50,10.80
2007.12.24 01:37:34.072,1.1505,1.1511,0.50,10.80
2007.12.24 01:37:34.155,1.1505,1.1511,0.50,10.80
2007.12.24 01:37:34.238,1.15045,1.1511,8.50,10.80
2007.12.24 01:37:34.335,1.15045,1.1511,8.50,10.80
2007.12.24 01:37:34.417,1.15045,1.1511,8.50,10.80
2007.12.24 01:37:34.500,1.1505,1.1511,0.50,10.80
2007.12.24 01:37:34.582,1.1505,1.1511,0.50,10.80
2007.12.24 01:37:34.665,1.1505,1.1511,0.50,10.80
2007.12.24 01:37:34.747,1.15045,1.1511,8.50,10.80
2007.12.24 01:37:34.920,1.15045,1.1511,8.50,10.80
2007.12.24 01:37:35.093,1.1505,1.1511,0.50,10.80
2007.12.24 01:37:35.265,1.15045,1.1511,8.50,10.80
2007.12.24 01:37:35.438,1.1505,1.1511,0.50,10.80
2007.12.24 01:37:35.611,1.15045,1.1511,8.50,10.80
2007.12.24 01:37:35.783,1.1505,1.1511,0.50,10.80
2007.12.24 01:37:35.876,1.15045,1.1511,8.50,10.80
2007.12.24 01:37:35.969,1.1505,1.1511,0.50,10.80
2007.12.24 01:37:36.061,1.15045,1.1511,8.50,10.80
2007.12.24 01:37:36.153,1.1505,1.1511,0.50,10.80
2007.12.24 01:37:36.247,1.1505,1.1511,0.50,10.80
2007.12.24 01:37:36.339,1.15045,1.1511,8.50,10.80
2007.12.24 01:37:36.431,1.1505,1.1511,0.50,10.80
2007.12.24 01:37:36.524,1.15045,1.1511,8.50,10.80
2007.12.24 01:37:36.617,1.1505,1.1511,0.50,10.80
2007.12.24 01:37:36.709,1.15045,1.1511,8.50,10.80
2007.12.24 01:37:36.802,1.15045,1.1511,8.50,10.80
2007.12.24 01:37:36.955,1.1505,1.1511,0.50,10.80
2007.12.24 01:37:37.108,1.15045,1.1511,8.50,10.80
2007.12.24 01:37:37.260,1.1505,1.1511,0.50,10.80
2007.12.24 01:37:37.412,1.15045,1.1511,8.50,10.80
2007.12.24 01:37:37.565,1.1505,1.1511,0.50,10.80
2007.12.24 01:37:37.718,1.15045,1.1511,8.50,10.80
2007.12.24 01:37:37.871,1.15045,1.1511,8.50,10.80
2007.12.24 01:37:37.975,1.15045,1.1511,8.50,10.80
2007.12.24 01:37:38.077,1.15045,1.1511,8.50,10.80
2007.12.24 01:37:38.180,1.15045,1.1511,8.50,10.80
2007.12.24 01:37:38.283,1.15045,1.1511,8.50,10.80
2007.12.24 01:37:38.386,1.15045,1.1511,8.50,10.80
2007.12.24 01:37:38.488,1.15045,1.1511,8.50,10.80
2007.12.24 01:37:38.591,1.1505,1.1511,0.50,10.80
2007.12.24 01:37:38.693,1.1505,1.1511,0.50,10.80
2007.12.24 01:37:38.796,1.15045,1.1511,8.50,10.80
2007.12.24 01:37:38.933,1.15045,1.1511,8.50,10.80
2007.12.24 01:37:39.071,1.15045,1.1511,8.50,10.80
2007.12.24 01:37:39.208,1.15045,1.1511,8.50,10.80
2007.12.24 01:37:39.346,1.15045,1.1511,8.50,10.80
2007.12.24 01:37:39.483,1.1505,1.1511,0.50,10.80
2007.12.24 01:37:39.621,1.1505,1.1511,0.50,10.80
2007.12.24 01:37:39.759,1.15045,1.1511,8.50,10.80
2007.12.24 01:37:39.897,1.15045,1.1511,8.50,10.80
2007.12.24 01:37:40.025,1.15045,1.1511,8.50,10.80
2007.12.24 01:37:40.153,1.1505,1.1511,0.50,10.80
2007.12.24 01:37:40.281,1.1505,1.1511,0.50,10.80
2007.12.24 01:37:40.409,1.15045,1.1511,8.50,10.80
2007.12.24 01:37:40.537,1.1505,1.1511,0.50,10.80
2007.12.24 01:37:40.665,1.1505,1.1511,0.50,10.80
2007.12.24 01:37:40.793,1.15045,1.1511,8.50,10.80
2007.12.24 01:37:40.921,1.15045,1.1511,8.50,10.80
2007.12.24 01:37:41.054,1.15045,1.1511,8.50,10.80
2007.12.24 01:37:41.187,1.15045,1.1511,8.50,10.80
2007.12.24 01:37:41.320,1.15045,1.1511,8.50,10.80
2007.12.24 01:37:41.453,1.1505,1.1511,0.50,10.80
2007.12.24 01:37:41.587,1.1505,1.1511,0.50,10.80
2007.12.24 01:37:41.719,1.15045,1.1511,8.50,10.80
2007.12.24 01:37:41.852,1.15045,1.1511,8.50,10.80
2007.12.24 01:37:41.975,1.15045,1.1511,8.50,10.80
2007.12.24 01:37:42.098,1.15045,1.1511,8.50,10.80
2007.12.24 01:37:42.221,1.15045,1.1511,8.50,10.80
2007.12.24 01:37:42.344,1.15045,1.1511,8.50,10.80
2007.12.24 01:37:42.467,1.1505,1.1511,0.50,10.80
2007.12.24 01:37:42.590,1.1505,1.1511,0.50,10.80
2007.12.24 01:37:42.713,1.1505,1.1511,0.50,10.80
2007.12.24 01:37:42.836,1.15045,1.1511,8.50,10.80
2007.12.24 01:37:42.959,1.15045,1.1511,8.50,10.80
2007.12.24 01:37:43.106,1.15045,1.1511,8.50,10.80
2007.12.24 01:37:43.253,1.15045,1.1511,8.50,10.80
2007.12.24 01:37:43.401,1.15045,1.1511,8.50,10.80
2007.12.24 01:37:43.549,1.15045,1.1511,8.50,10.80
2007.12.24 01:37:43.696,1.1505,1.1511,0.50,10.80
2007.12.24 01:37:43.844,1.15045,1.1511,8.50,10.80
2007.12.24 01:37:43.992,1.1505,1.1511,0.50,10.80
2007.12.24 01:37:44.095,1.1505,1.1511,0.50,10.80
2007.12.24 01:37:44.197,1.1505,1.1511,0.50,10.80
2007.12.24 01:37:44.300,1.1505,1.1511,0.50,10.80
2007.12.24 01:37:44.402,1.15045,1.1511,8.50,10.80
2007.12.24 01:37:44.504,1.15045,1.1511,8.50,10.80
2007.12.24 01:37:44.606,1.15045,1.1511,8.50,10.80
2007.12.24 01:37:44.707,1.15045,1.1511,8.50,10.80
2007.12.24 01:37:44.809,1.1505,1.1511,0.50,10.80
2007.12.24 01:37:44.912,1.1505,1.1511,0.50,10.80
2007.12.24 01:37:45.049,1.1505,1.1511,0.50,10.80
2007.12.24 01:37:45.186,1.1505,1.1511,0.50,10.80
2007.12.24 01:37:45.337,1.15045,1.1511,8.50,10.80
2007.12.24 01:37:45.459,1.15045,1.1511,8.50,10.80
2007.12.24 01:37:45.596,1.15045,1.1511,8.50,10.80
2007.12.24 01:37:45.734,1.15045,1.1511,8.50,10.80
2007.12.24 01:37:45.870,1.1505,1.1511,0.50,10.80
2007.12.24 01:37:46.007,1.1505,1.1511,0.50,10.80
2007.12.24 01:37:46.124,1.15045,1.1511,8.50,10.80
2007.12.24 01:37:46.241,1.15045,1.1511,8.50,10.80
2007.12.24 01:37:46.359,1.1505,1.1511,0.50,10.80
2007.12.24 01:37:46.476,1.1505,1.1511,0.50,10.80
2007.12.24 01:37:46.594,1.15045,1.1511,8.50,10.80
2007.12.24 01:37:46.711,1.1505,1.1511,0.50,10.80
2007.12.24 01:37:46.827,1.15045,1.1511,8.50,10.80
2007.12.24 01:37:46.952,1.15045,1.1511,8.50,10.80
2007.12.24 01:37:47.070,1.1505,1.1511,0.50,10.80
2007.12.24 01:37:47.213,1.1505,1.1511,0.50,10.80
2007.12.24 01:37:47.354,1.1505,1.1511,0.50,10.80
2007.12.24 01:37:47.496,1.15045,1.1511,8.50,10.80
2007.12.24 01:37:47.639,1.1505,1.1511,0.50,10.80
2007.12.24 01:37:47.781,1.15045,1.1511,8.50,10.80
2007.12.24 01:37:47.924,1.1505,1.1511,0.50,10.80
2007.12.24 01:37:48.066,1.15045,1.1511,8.50,10.80
2007.12.24 01:37:48.183,1.1505,1.1511,0.50,10.80
2007.12.24 01:37:48.300,1.1505,1.1511,0.50,10.80
2007.12.24 01:37:48.417,1.1505,1.1511,0.50,10.80
2007.12.24 01:37:48.533,1.15045,1.1511,8.50,10.80
2007.12.24 01:37:48.651,1.1505,1.1511,0.50,10.80
2007.12.24 01:37:48.767,1.15045,1.1511,8.50,10.80
2007.12.24 01:37:48.885,1.15045,1.1511,8.50,10.80
2007.12.24 01:37:49.003,1.1505,1.1511,0.50,10.80
2007.12.24 01:37:49.121,1.15045,1.1511,8.50,10.80
2007.12.24 01:37:49.250,1.1505,1.1511,0.50,10.80
2007.12.24 01:37:49.393,1.15045,1.1511,8.50,10.80
2007.12.24 01:37:49.535,1.15045,1.1511,8.50,10.80
2007.12.24 01:37:49.677,1.1505,1.1511,0.50,10.80
2007.12.24 01:37:49.820,1.15045,1.1511,8.50,10.80
2007.12.24 01:37:49.962,1.15045,1.1511,8.50,10.80
2007.12.24 01:37:50.104,1.15045,1.1511,8.50,10.80
2007.12.24 01:37:50.246,1.15045,1.1511,8.50,10.80
2007.12.24 01:37:50.363,1.15045,1.1511,8.50,10.80
2007.12.24 01:37:50.481,1.15045,1.1511,8.50,10.80
2007.12.24 01:37:50.599,1.15045,1.1511,8.50,10.80
2007.12.24 01:37:50.716,1.15045,1.1511,8.50,10.80
2007.12.24 01:37:50.834,1.1505,1.1511,0.50,10.80
2007.12.24 01:37:50.951,1.1505,1.1511,0.50,10.80
2007.12.24 01:37:51.069,1.1505,1.1511,0.50,10.80
2007.12.24 01:37:51.187,1.15045,1.1511,8.50,10.80
2007.12.24 01:37:51.305,1.1505,1.1511,0.50,10.80
2007.12.24 01:37:51.428,1.1505,1.1511,0.50,10.80
2007.12.24 01:37:51.550,1.15045,1.1511,8.50,10.80
2007.12.24 01:37:51.673,1.15045,1.1511,8.50,10.80
2007.12.24 01:37:51.796,1.15045,1.1511,8.50,10.80
2007.12.24 01:37:51.919,1.1505,1.1511,0.50,10.80
2007.12.24 01:37:52.042,1.15045,1.1511,8.50,10.80
2007.12.24 01:37:52.165,1.1505,1.1511,0.50,10.80
2007.12.24 01:37:52.288,1.1505,1.1511,0.50,10.80
2007.12.24 01:37:52.411,1.1505,1.1511,0.50,10.80
2007.12.24 01:37:52.534,1.1505,1.1511,0.50,10.80
2007.12.24 01:37:52.657,1.1505,1.1511,0.50,10.80
2007.12.24 01:37:52.780,1.1505,1.1511,0.50,10.80
2007.12.24 01:37:52.903,1.1505,1.1511,0.50,10.80
2007.12.24 01:37:53.026,1.1505,1.1511,0.50,10.80
2007.12.24 01:37:53.149,1.1505,1.1511,0.50,10.80
2007.12.24 01:37:53.272,1.1505,1.1511,0.50,10.80
2007.12.24 01:37:53.394,1.1505,1.1511,0.50,10.80
2007.12.24 01:37:53.517,1.1505,1.1511,0.50,10.80
2007.12.24 01:37:53.640,1.1505,1.1511,0.50,10.80
2007.12.24 01:37:53.763,1.1505,1.1511,0.50,10.80
2007.12.24 01:37:53.886,1.1505,1.1511,0.50,10.80
2007.12.24 01:37:54.008,1.1505,1.1511,0.50,10.80
2007.12.24 01:37:54.131,1.1505,1.1511,0.50,10.80
2007.12.24 01:37:54.254,1.1505,1.1511,0.50,10.80
2007.12.24 01:37:54.377,1.1505,1.1511,0.50,10.80
2007.12.24 01:37:54.495,1.1505,1.1511,0.50,10.80
2007.12.24 01:37:54.613,1.1505,1.1511,0.50,10.80
2007.12.24 01:37:54.731,1.1505,1.1511,0.50,10.80
2007.12.24 01:37:54.849,1.1505,1.1511,0.50,10.80
2007.12.24 01:37:54.967,1.1505,1.1511,0.50,10.80
2007.12.24 01:37:55.085,1.1505,1.1511,0.50,10.80
2007.12.24 01:37:55.203,1.1505,1.1511,0.50,10.80
2007.12.24 01:37:55.321,1.1505,1.1511,0.50,10.80
2007.12.24 01:37:55.449,1.1505,1.1511,0.50,10.80
2007.12.24 01:37:55.577,1.1505,1.1511,0.50,10.80
2007.12.24 01:37:55.705,1.1505,1.1511,0.50,10.80
2007.12.24 01:37:55.833,1.1505,1.1511,0.50,10.80
2007.12.24 01:37:55.961,1.1505,1.151,0.50,0.50
2007.12.24 01:37:56.103,1.1505,1.151,0.50,0.50
2007.12.24 01:37:56.231,1.1505,1.151,0.50,0.50
2007.12.24 01:37:56.360,1.1505,1.151,0.50,4.40
2007.12.24 01:37:56.582,1.1505,1.151,0.50,4.40
2007.12.24 01:37:56.805,1.1505,1.151,0.50,4.00
2007.12.24 01:37:57.028,1.1505,1.15105,0.50,8.00
2007.12.24 01:37:57.251,1.1505,1.1511,0.50,10.80
2007.12.24 01:37:57.474,1.1505,1.1511,0.50,10.80
2007.12.24 01:37:57.631,1.1505,1.1511,0.50,10.80
2007.12.24 01:37:57.788,1.1505,1.1511,0.50,10.80
2007.12.24 01:37:57.946,1.1505,1.1511,0.50,10.80
2007.12.24 01:37:58.104,1.1505,1.1511,0.50,10.80
2007.12.24 01:37:58.261,1.1505,1.1511,0.50,10.80
2007.12.24 01:37:58.419,1.1505,1.1511,0.50,10.80
2007.12.24 01:37:58.566,1.1505,1.1511,0.50,10.80
2007.12.24 01:37:58.719,1.1505,1.1511,0.50,10.80
2007.12.24 01:37:58.867,1.1505,1.1511,0.50,8.40
2007.12.24 01:37:59.014,1.1505,1.15105,0.50,8.00
2007.12.24 01:37:59.163,1.1505,1.1511,0.50,8.40
2007.12.24 01:37:59.325,1.1505,1.1511,0.50,10.80
2007.12.24 01:37:59.473,1.1505,1.1511,0.50,10.80
2007.12.24 01:37:59.621,1.1505,1.1511,0.50,10.80
2007.12.24 01:37:59.769,1.1505,1.1511,0.50,10.80
2007.12.24 01:37:59.917,1.1505,1.1511,0.50,10.80
2007.12.24 01:38:00.065,1.1505,1.1511,0.50,10.80
2007.12.24 01:38:00.213,1.1505,1.1511,0.50,10.80
2007.12.24 01:38:00.361,1.1505,1.1511,0.50,10.80
2007.12.24 01:38:00.524,1.1505,1.1511,0.50,10.80
2007.12.24 01:38:00.687,1.1505,1.1511,0.50,10.80
2007.12.24 01:38:00.850,1.1504,1.151,8.40,2.80
2007.12.24 01:38:01.013,1.1504,1.151,8.40,2.80
2007.12.24 01:38:01.176,1.15045,1.151,8.00,2.80
2007.12.24 01:38:01.340,1.1505,1.1511,0.50,14.80
2007.12.24 01:38:01.578,1.1505,1.1511,0.50,10.80
2007.12.24 01:38:01.816,1.1505,1.1511,0.50,10.80
2007.12.24 01:38:02.054,1.1505,1.1511,0.50,10.80
2007.12.24 01:38:02.291,1.1505,1.1511,0.50,10.80
2007.12.24 01:38:02.529,1.1505,1.1511,0.50,10.80
2007.12.24 01:38:02.687,1.1505,1.1511,0.50,10.80
2007.12.24 01:38:02.845,1.1505,1.151,0.50,0.50
2007.12.24 01:38:03.003,1.1505,1.151,0.50,0.50
2007.12.24 01:38:03.162,1.1505,1.151,0.50,0.50
2007.12.24 01:38:03.321,1.15045,1.1511,8.00,8.40
2007.12.24 01:38:03.479,1.15045,1.1511,8.00,8.40
2007.12.24 01:38:03.662,1.1505,1.15105,0.50,8.00
2007.12.24 01:38:03.845,1.1505,1.15105,0.50,8.00
2007.12.24 01:38:04.028,1.1505,1.15105,0.50,8.00
2007.12.24 01:38:04.210,1.1505,1.1511,0.50,10.80
2007.12.24 01:38:04.407,1.1505,1.1511,0.50,10.80
2007.12.24 01:38:04.575,1.1505,1.1511,0.50,10.80
2007.12.24 01:38:04.742,1.1505,1.1511,0.50,10.80
2007.12.24 01:38:04.910,1.1505,1.1511,0.50,10.80
2007.12.24 01:38:05.078,1.1505,1.1511,0.50,10.80
2007.12.24 01:38:05.150,1.1505,1.1512,0.50,16.00
2007.12.24 01:38:05.247,1.1505,1.1511,0.50,0.90
2007.12.24 01:38:05.415,1.1505,1.1511,0.50,0.80
2007.12.24 01:38:05.583,1.1505,1.1512,0.50,16.00
2007.12.24 01:38:05.741,1.1505,1.1511,0.50,0.70
2007.12.24 01:38:05.898,1.1505,1.1512,0.50,16.00
2007.12.24 01:38:06.056,1.1505,1.1512,0.50,16.00
2007.12.24 01:38:06.215,1.1505,1.1512,0.50,16.00
2007.12.24 01:38:06.372,1.1505,1.1512,0.50,16.00
2007.12.24 01:38:06.531,1.1505,1.1512,0.50,16.00
2007.12.24 01:38:06.688,1.1505,1.1512,0.50,16.00
2007.12.24 01:38:06.802,1.1505,1.1512,0.50,16.00
2007.12.24 01:38:06.914,1.1505,1.1512,0.50,16.00
2007.12.24 01:38:07.028,1.1505,1.1512,0.50,16.00
2007.12.24 01:38:07.140,1.1505,1.1512,0.50,16.00
2007.12.24 01:38:07.253,1.1505,1.1512,0.50,16.00
2007.12.24 01:38:07.366,1.1505,1.1512,0.50,16.00
2007.12.24 01:38:07.480,1.1505,1.1511,0.50,0.80
2007.12.24 01:38:07.593,1.1505,1.1512,0.50,16.00
2007.12.24 01:38:07.731,1.1505,1.1511,0.50,0.50
2007.12.24 01:38:07.869,1.1505,1.1511,0.50,0.90
2007.12.24 01:38:08.006,1.1505,1.1512,0.50,16.00
2007.12.24 01:38:08.161,1.1505,1.1512,0.50,16.00
2007.12.24 01:38:08.283,1.1505,1.1511,0.50,0.60
2007.12.24 01:38:08.420,1.1505,1.1512,0.50,16.00
2007.12.24 01:38:08.559,1.1505,1.1511,0.50,0.90
2007.12.24 01:38:08.680,1.1505,1.1512,0.50,16.00
2007.12.24 01:38:08.802,1.1505,1.1512,0.50,16.00
2007.12.24 01:38:08.924,1.1505,1.1512,0.50,16.00
2007.12.24 01:38:09.048,1.1505,1.1512,0.50,16.00
2007.12.24 01:38:09.170,1.1505,1.1512,0.50,16.00
2007.12.24 01:38:09.294,1.1505,1.1511,0.50,0.60
2007.12.24 01:38:09.417,1.1505,1.1511,0.50,0.50
2007.12.24 01:38:09.540,1.1505,1.1512,0.50,16.00
2007.12.24 01:38:09.663,1.1505,1.1511,0.50,0.50
2007.12.24 01:38:09.880,1.1505,1.1512,0.50,16.00
2007.12.24 01:38:10.097,1.1505,1.1511,0.50,0.60
2007.12.24 01:38:10.315,1.1505,1.1511,0.50,0.60
2007.12.24 01:38:10.533,1.1505,1.1512,0.50,16.00
2007.12.24 01:38:10.752,1.1505,1.1512,0.50,16.00
2007.12.24 01:38:10.844,1.1505,1.1511,0.50,0.80
2007.12.24 01:38:10.937,1.1505,1.1512,0.50,16.00
2007.12.24 01:38:11.029,1.1505,1.1511,0.50,0.70
2007.12.24 01:38:11.121,1.1505,1.1512,0.50,16.00
2007.12.24 01:38:11.214,1.1505,1.1512,0.50,16.00
2007.12.24 01:38:11.306,1.1505,1.1512,0.50,16.00
2007.12.24 01:38:11.415,1.1505,1.1512,0.50,16.00
2007.12.24 01:38:11.508,1.1505,1.1512,0.50,16.00
2007.12.24 01:38:11.601,1.1505,1.1512,0.50,16.00
2007.12.24 01:38:11.694,1.1505,1.1511,0.50,0.50
2007.12.24 01:38:11.897,1.1505,1.1512,0.50,16.00
2007.12.24 01:38:12.100,1.1505,1.1512,0.50,16.00
2007.12.24 01:38:12.303,1.1505,1.1511,0.50,0.60
2007.12.24 01:38:12.506,1.1505,1.1512,0.50,16.00
2007.12.24 01:38:12.708,1.1505,1.1511,0.50,0.80
2007.12.24 01:38:12.910,1.1505,1.1512,0.50,16.00
2007.12.24 01:38:13.044,1.1505,1.1512,0.50,16.00
2007.12.24 01:38:13.176,1.1505,1.1511,0.50,0.70
2007.12.24 01:38:13.310,1.1505,1.1511,0.50,0.70
2007.12.24 01:38:13.442,1.1505,1.1511,0.50,0.90
2007.12.24 01:38:13.575,1.1505,1.1511,0.50,0.90
2007.12.24 01:38:13.707,1.1505,1.1512,0.50,16.00
2007.12.24 01:38:13.840,1.1505,1.1512,0.50,16.00
2007.12.24 01:38:14.002,1.1505,1.1512,0.50,16.00
2007.12.24 01:38:14.165,1.1505,1.1512,0.50,16.00
2007.12.24 01:38:14.328,1.1505,1.1512,0.50,16.00
2007.12.24 01:38:14.490,1.1505,1.1511,0.50,0.50
2007.12.24 01:38:14.653,1.1505,1.1512,0.50,16.00
2007.12.24 01:38:14.816,1.1505,1.1511,0.50,0.90
2007.12.24 01:38:14.977,1.1505,1.1512,0.50,16.00
2007.12.24 01:38:15.099,1.1505,1.1512,0.50,16.00
2007.12.24 01:38:15.221,1.1505,1.1511,0.50,0.60
2007.12.24 01:38:15.343,1.1505,1.1511,0.50,0.50
2007.12.24 01:38:15.467,1.1505,1.1512,0.50,16.00
2007.12.24 01:38:15.588,1.1505,1.1512,0.50,16.00
2007.12.24 01:38:15.710,1.1505,1.1512,0.50,16.00
2007.12.24 01:38:15.833,1.1505,1.1511,0.50,0.70
2007.12.24 01:38:15.976,1.1505,1.1512,0.50,16.00
2007.12.24 01:38:16.119,1.1505,1.1512,0.50,16.00
2007.12.24 01:38:16.261,1.1505,1.1512,0.50,16.00
2007.12.24 01:38:16.404,1.1505,1.1512,0.50,16.00
2007.12.24 01:38:16.546,1.1505,1.1512,0.50,16.00
2007.12.24 01:38:16.690,1.1505,1.1511,0.50,0.70
2007.12.24 01:38:16.832,1.1505,1.1512,0.50,16.00
2007.12.24 01:38:16.975,1.1505,1.1512,0.50,16.00
2007.12.24 01:38:17.087,1.1505,1.1512,0.50,16.00
2007.12.24 01:38:17.200,1.1505,1.1512,0.50,16.00
2007.12.24 01:38:17.312,1.1505,1.1511,0.50,0.60
2007.12.24 01:38:17.425,1.1505,1.1511,0.50,8.50
2007.12.24 01:38:17.538,1.1505,1.15105,0.50,0.70
2007.12.24 01:38:17.651,1.1505,1.1511,0.50,8.50
2007.12.24 01:38:17.764,1.1505,1.1512,0.50,16.00
2007.12.24 01:38:17.878,1.1505,1.1511,0.50,0.90
2007.12.24 01:38:18.045,1.1505,1.1512,0.50,16.00
2007.12.24 01:38:18.214,1.1505,1.1511,0.50,0.60
2007.12.24 01:38:18.396,1.1505,1.1512,0.50,16.00
2007.12.24 01:38:18.563,1.1505,1.1512,0.50,16.00
2007.12.24 01:38:18.732,1.1505,1.1511,0.50,0.50
2007.12.24 01:38:18.899,1.1505,1.1512,0.50,16.00
2007.12.24 01:38:19.038,1.1505,1.1512,0.50,16.00
2007.12.24 01:38:19.176,1.1505,1.1512,0.50,16.00
2007.12.24 01:38:19.313,1.1505,1.1511,0.50,0.70
2007.12.24 01:38:19.451,1.1505,1.1512,0.50,16.00
2007.12.24 01:38:19.590,1.1505,1.1511,0.50,0.90
2007.12.24 01:38:19.727,1.1505,1.1512,0.50,16.00
2007.12.24 01:38:19.865,1.1505,1.1512,0.50,16.00
2007.12.24 01:38:20.004,1.1505,1.1512,0.50,16.00
2007.12.24 01:38:20.161,1.1505,1.1511,0.50,0.80
2007.12.24 01:38:20.318,1.1505,1.1512,0.50,16.00
2007.12.24 01:38:20.477,1.1505,1.1512,0.50,16.00
2007.12.24 01:38:20.635,1.1505,1.1512,0.50,16.00
2007.12.24 01:38:20.793,1.1505,1.1512,0.50,16.00
2007.12.24 01:38:20.951,1.1505,1.1512,0.50,16.00
2007.12.24 01:38:21.128,1.1505,1.1511,0.50,0.80
2007.12.24 01:38:21.290,1.1505,1.1511,0.50,0.70
2007.12.24 01:38:21.452,1.1505,1.1512,0.50,16.00
2007.12.24 01:38:21.616,1.1505,1.1512,0.50,16.00
2007.12.24 01:38:21.778,1.1505,1.1511,0.50,0.70
2007.12.24 01:38:21.940,1.1505,1.1511,0.50,0.80
2007.12.24 01:38:22.103,1.1505,1.1512,0.50,16.00
2007.12.24 01:38:22.210,1.1505,1.1512,0.50,16.00
2007.12.24 01:38:22.319,1.1505,1.1511,0.50,0.90
2007.12.24 01:38:22.427,1.1505,1.1512,0.50,16.00
2007.12.24 01:38:22.534,1.1505,1.1511,0.50,0.70
2007.12.24 01:38:22.641,1.1505,1.1512,0.50,16.00
2007.12.24 01:38:22.763,1.1505,1.1511,0.50,0.60
2007.12.24 01:38:22.871,1.1505,1.1512,0.50,16.00
2007.12.24 01:38:22.979,1.1505,1.1512,0.50,16.00
2007.12.24 01:38:23.088,1.1505,1.1511,0.50,0.90
2007.12.24 01:38:23.250,1.1505,1.1512,0.50,16.00
2007.12.24 01:38:23.413,1.1505,1.1511,0.50,0.70
2007.12.24 01:38:23.576,1.1505,1.1512,0.50,16.00
2007.12.24 01:38:23.739,1.1505,1.1512,0.50,16.00
2007.12.24 01:38:23.901,1.1505,1.1512,0.50,16.00
2007.12.24 01:38:24.065,1.1505,1.1512,0.50,16.00
2007.12.24 01:38:24.228,1.1505,1.1512,0.50,16.00
2007.12.24 01:38:24.355,1.1505,1.1512,0.50,16.00
2007.12.24 01:38:24.484,1.1505,1.1511,0.50,0.60
2007.12.24 01:38:24.611,1.1505,1.1512,0.50,16.00
2007.12.24 01:38:24.751,1.1505,1.1511,0.50,0.80
2007.12.24 01:38:24.879,1.1505,1.1511,0.50,0.90
2007.12.24 01:38:25.007,1.1505,1.1512,0.50,16.00
2007.12.24 01:38:25.134,1.1505,1.1512,0.50,16.00
2007.12.24 01:38:25.263,1.1505,1.1511,0.50,0.70
2007.12.24 01:38:25.440,1.1505,1.1512,0.50,16.00
2007.12.24 01:38:25.619,1.1505,1.1511,0.50,0.50
2007.12.24 01:38:25.796,1.1505,1.1512,0.50,16.00
2007.12.24 01:38:25.974,1.1505,1.1512,0.50,16.00
2007.12.24 01:38:26.152,1.1505,1.1512,0.50,16.00
2007.12.24 01:38:26.330,1.1505,1.1512,0.50,16.00
2007.12.24 01:38:26.454,1.1505,1.1512,0.50,16.00
2007.12.24 01:38:26.577,1.1505,1.1511,0.50,0.90
2007.12.24 01:38:26.700,1.1505,1.1511,0.50,0.80
2007.12.24 01:38:26.823,1.1505,1.1511,0.50,0.70
2007.12.24 01:38:26.945,1.1505,1.1512,0.50,16.00
2007.12.24 01:38:27.068,1.1505,1.1512,0.50,16.00
2007.12.24 01:38:27.192,1.1505,1.1512,0.50,16.00
2007.12.24 01:38:27.314,1.1505,1.1512,0.50,16.00
2007.12.24 01:38:27.438,1.1505,1.1511,0.50,0.60
2007.12.24 01:38:27.565,1.1505,1.1512,0.50,16.00
2007.12.24 01:38:27.692,1.1505,1.1512,0.50,16.00
2007.12.24 01:38:27.835,1.1505,1.1511,0.50,0.80
2007.12.24 01:38:27.963,1.1505,1.1511,0.50,0.90
2007.12.24 01:38:28.091,1.1505,1.1512,0.50,16.00
2007.12.24 01:38:28.218,1.1505,1.1512,0.50,16.00
2007.12.24 01:38:28.347,1.1505,1.1511,0.50,0.80
2007.12.24 01:38:28.475,1.1505,1.1511,0.50,0.70
2007.12.24 01:38:28.598,1.1505,1.1512,0.50,16.00
2007.12.24 01:38:28.720,1.1505,1.1512,0.50,16.00
2007.12.24 01:38:28.844,1.1505,1.1512,0.50,16.00
2007.12.24 01:38:28.967,1.1505,1.1511,0.50,0.90
2007.12.24 01:38:29.090,1.1505,1.1511,0.50,0.60
2007.12.24 01:38:29.213,1.1505,1.1512,0.50,16.00
2007.12.24 01:38:29.336,1.1505,1.1511,0.50,0.90
2007.12.24 01:38:29.459,1.1505,1.1512,0.50,16.00
2007.12.24 01:38:29.592,1.1505,1.1512,0.50,16.00
2007.12.24 01:38:29.725,1.1505,1.1511,0.50,0.70
2007.12.24 01:38:29.858,1.1505,1.1511,0.50,0.60
2007.12.24 01:38:29.991,1.1505,1.1511,0.50,0.70
2007.12.24 01:38:30.127,1.1505,1.1511,0.50,0.50
2007.12.24 01:38:30.261,1.1505,1.1511,0.50,0.90
2007.12.24 01:38:30.393,1.1505,1.1511,0.50,0.80
2007.12.24 01:38:30.526,1.1505,1.1512,0.50,16.00
2007.12.24 01:38:30.669,1.1505,1.1512,0.50,16.00
2007.12.24 01:38:30.812,1.1505,1.1512,0.50,16.00
2007.12.24 01:38:30.955,1.1505,1.1512,0.50,16.00
2007.12.24 01:38:31.098,1.1505,1.1511,0.50,0.60
2007.12.24 01:38:31.241,1.1505,1.1512,0.50,16.00
2007.12.24 01:38:31.384,1.1505,1.1511,0.50,0.80
2007.12.24 01:38:31.527,1.1505,1.1512,0.50,16.00
2007.12.24 01:38:31.700,1.1505,1.1512,0.50,16.00
2007.12.24 01:38:31.873,1.1505,1.1511,0.50,0.90
2007.12.24 01:38:32.046,1.1505,1.1511,0.50,0.50
2007.12.24 01:38:32.220,1.1505,1.1512,0.50,16.00
2007.12.24 01:38:32.393,1.1505,1.1512,0.50,16.00
2007.12.24 01:38:32.566,1.1505,1.1512,0.50,16.00
2007.12.24 01:38:32.684,1.1505,1.1512,0.50,16.00
2007.12.24 01:38:32.802,1.1505,1.1512,0.50,16.00
2007.12.24 01:38:32.920,1.1505,1.1512,0.50,16.00
2007.12.24 01:38:33.038,1.1505,1.1512,0.50,16.00
2007.12.24 01:38:33.156,1.1505,1.1512,0.50,16.00
2007.12.24 01:38:33.274,1.1505,1.1511,0.50,0.90
2007.12.24 01:38:33.392,1.1505,1.1512,0.50,16.00
2007.12.24 01:38:33.511,1.1505,1.1511,0.50,0.50
2007.12.24 01:38:33.639,1.1505,1.1512,0.50,16.00
2007.12.24 01:38:33.767,1.1505,1.1511,0.50,0.90
2007.12.24 01:38:33.895,1.1505,1.1512,0.50,16.00
2007.12.24 01:38:34.023,1.1505,1.1512,0.50,16.00
2007.12.24 01:38:34.151,1.1505,1.1512,0.50,16.00
2007.12.24 01:38:34.279,1.1505,1.1511,0.50,10.80
2007.12.24 01:38:34.406,1.1505,1.1511,0.50,10.80
2007.12.24 01:38:34.533,1.1505,1.1511,0.50,10.80
2007.12.24 01:38:34.650,1.1505,1.1511,0.50,10.80
2007.12.24 01:38:34.767,1.1505,1.1511,0.50,10.80
2007.12.24 01:38:34.884,1.1505,1.1511,0.50,10.80
2007.12.24 01:38:35.001,1.1505,1.1511,0.50,10.80
2007.12.24 01:38:35.118,1.1505,1.1511,0.50,10.80
2007.12.24 01:38:35.221,1.1505,1.1511,0.50,0.90
2007.12.24 01:38:35.235,1.1505,1.1511,0.50,0.60
2007.12.24 01:38:35.352,1.1505,1.1512,0.50,16.00
2007.12.24 01:38:35.469,1.1505,1.1511,0.50,0.70
2007.12.24 01:38:35.586,1.1505,1.1511,0.50,0.60
2007.12.24 01:38:35.733,1.1505,1.1511,0.50,0.90
2007.12.24 01:38:35.881,1.1505,1.1512,0.50,16.00
2007.12.24 01:38:36.029,1.1505,1.1512,0.50,16.00
2007.12.24 01:38:36.176,1.1505,1.1511,0.50,0.90
2007.12.24 01:38:36.323,1.1505,1.1511,0.50,0.80
2007.12.24 01:38:36.471,1.1505,1.1512,0.50,16.00
2007.12.24 01:38:36.618,1.1505,1.1511,0.50,0.60
2007.12.24 01:38:36.730,1.1505,1.1512,0.50,16.00
2007.12.24 01:38:36.855,1.1505,1.1512,0.50,16.00
2007.12.24 01:38:36.954,1.1505,1.1511,0.50,0.90
2007.12.24 01:38:37.067,1.1505,1.1511,0.50,0.90
2007.12.24 01:38:37.179,1.1505,1.1511,0.50,0.80
2007.12.24 01:38:37.291,1.1505,1.1511,0.50,0.60
2007.12.24 01:38:37.404,1.1505,1.1511,0.50,0.70
2007.12.24 01:38:37.532,1.1505,1.1511,0.50,0.70
2007.12.24 01:38:37.629,1.1505,1.1512,0.50,16.00
2007.12.24 01:38:37.781,1.1505,1.1512,0.50,16.00
2007.12.24 01:38:37.933,1.1505,1.1512,0.50,16.00
2007.12.24 01:38:38.085,1.1505,1.1511,0.50,0.80
2007.12.24 01:38:38.237,1.1505,1.1512,0.50,16.00
2007.12.24 01:38:38.390,1.1505,1.1512,0.50,16.00
2007.12.24 01:38:38.541,1.1505,1.1511,0.50,0.50
2007.12.24 01:38:38.693,1.1505,1.1511,0.50,0.50
2007.12.24 01:38:38.801,1.1505,1.1512,0.50,16.00
2007.12.24 01:38:38.907,1.1505,1.1512,0.50,16.00
2007.12.24 01:38:39.014,1.1505,1.1512,0.50,16.00
2007.12.24 01:38:39.121,1.1505,1.1512,0.50,16.00
2007.12.24 01:38:39.230,1.1505,1.1512,0.50,16.00
2007.12.24 01:38:39.350,1.1505,1.1512,0.50,16.00
2007.12.24 01:38:39.458,1.1505,1.1511,0.50,0.70
2007.12.24 01:38:39.566,1.1505,1.1512,0.50,16.00
2007.12.24 01:38:39.674,1.1505,1.1512,0.50,16.00
2007.12.24 01:38:39.807,1.1505,1.1511,0.50,0.50
2007.12.24 01:38:39.939,1.1505,1.1511,0.50,0.50
2007.12.24 01:38:40.072,1.1505,1.1512,0.50,16.00
2007.12.24 01:38:40.221,1.1505,1.1512,0.50,16.00
2007.12.24 01:38:40.354,1.1505,1.1512,0.50,16.00
2007.12.24 01:38:40.487,1.1505,1.1512,0.50,16.00
2007.12.24 01:38:40.619,1.1505,1.1511,0.50,0.70
2007.12.24 01:38:40.751,1.1505,1.1512,0.50,16.00
2007.12.24 01:38:40.869,1.1505,1.1511,0.50,0.50
2007.12.24 01:38:40.987,1.1505,1.1511,0.50,0.60
2007.12.24 01:38:41.121,1.1505,1.1511,0.50,0.70
2007.12.24 01:38:41.238,1.1505,1.1512,0.50,16.00
2007.12.24 01:38:41.356,1.1505,1.1512,0.50,16.00
2007.12.24 01:38:41.474,1.1505,1.1511,0.50,0.80
2007.12.24 01:38:41.592,1.1505,1.1512,0.50,16.00
2007.12.24 01:38:41.710,1.1505,1.1511,0.50,0.90
2007.12.24 01:38:41.828,1.1505,1.1511,0.50,0.80
2007.12.24 01:38:41.960,1.1505,1.1512,0.50,16.00
2007.12.24 01:38:42.094,1.1505,1.1512,0.50,16.00
2007.12.24 01:38:42.227,1.1505,1.1511,0.50,0.90
2007.12.24 01:38:42.359,1.1505,1.1512,0.50,16.00
2007.12.24 01:38:42.492,1.1505,1.1512,0.50,16.00
2007.12.24 01:38:42.624,1.1505,1.1511,0.50,0.70
2007.12.24 01:38:42.757,1.1505,1.1512,0.50,16.00
2007.12.24 01:38:42.940,1.1505,1.1511,0.50,0.50
2007.12.24 01:38:43.123,1.1505,1.1511,0.50,0.80
2007.12.24 01:38:43.305,1.1505,1.1512,0.50,16.00
2007.12.24 01:38:43.488,1.1505,1.1511,0.50,0.80
2007.12.24 01:38:43.671,1.1505,1.1511,0.50,0.80
2007.12.24 01:38:43.853,1.1505,1.1512,0.50,16.00
2007.12.24 01:38:43.957,1.1505,1.1511,0.50,0.70
2007.12.24 01:38:44.059,1.1505,1.1512,0.50,16.00
2007.12.24 01:38:44.161,1.1505,1.1512,0.50,16.00
2007.12.24 01:38:44.264,1.1505,1.1511,0.50,0.50
2007.12.24 01:38:44.366,1.1505,1.1512,0.50,16.00
2007.12.24 01:38:44.468,1.1505,1.1512,0.50,16.00
2007.12.24 01:38:44.572,1.1505,1.1511,0.50,0.50
2007.12.24 01:38:44.674,1.1505,1.1512,0.50,16.00
2007.12.24 01:38:44.776,1.1505,1.1511,0.50,0.90
2007.12.24 01:38:44.915,1.1505,1.1511,0.50,0.60
2007.12.24 01:38:45.052,1.1505,1.1512,0.50,16.00
2007.12.24 01:38:45.189,1.1505,1.1511,0.50,0.60
2007.12.24 01:38:45.328,1.1505,1.1512,0.50,16.00
2007.12.24 01:38:45.465,1.1505,1.1512,0.50,16.00
2007.12.24 01:38:45.603,1.1505,1.1511,0.50,0.50
2007.12.24 01:38:45.741,1.1505,1.1511,0.50,0.60
2007.12.24 01:38:45.879,1.1505,1.1511,0.50,0.70
2007.12.24 01:38:45.990,1.1505,1.1512,0.50,16.00
2007.12.24 01:38:46.103,1.1505,1.1512,0.50,16.00
2007.12.24 01:38:46.215,1.1505,1.1512,0.50,16.00
2007.12.24 01:38:46.328,1.1505,1.1512,0.50,16.00
2007.12.24 01:38:46.441,1.1505,1.1511,0.50,0.80
2007.12.24 01:38:46.554,1.1505,1.1511,0.50,0.70
2007.12.24 01:38:46.667,1.1505,1.1512,0.50,16.00
2007.12.24 01:38:46.779,1.1505,1.1512,0.50,16.00
2007.12.24 01:38:46.892,1.1505,1.1512,0.50,16.00
2007.12.24 01:38:47.020,1.1505,1.1512,0.50,16.00
2007.12.24 01:38:47.148,1.1505,1.1512,0.50,16.00
2007.12.24 01:38:47.276,1.1505,1.1512,0.50,16.00
2007.12.24 01:38:47.405,1.1505,1.1512,0.50,16.00
2007.12.24 01:38:47.532,1.1505,1.1512,0.50,16.00
2007.12.24 01:38:47.661,1.1505,1.1511,0.50,0.50
2007.12.24 01:38:47.788,1.15045,1.1511,8.00,0.90
2007.12.24 01:38:47.915,1.15045,1.1511,8.00,0.60
2007.12.24 01:38:48.032,1.15045,1.15125,8.00,10.00
2007.12.24 01:38:48.150,1.15045,1.15125,8.00,10.00
2007.12.24 01:38:48.267,1.15045,1.1511,8.00,0.60
2007.12.24 01:38:48.385,1.15045,1.15125,8.00,10.00
2007.12.24 01:38:48.502,1.15045,1.15125,8.00,10.00
2007.12.24 01:38:48.619,1.15045,1.15125,8.00,10.00
2007.12.24 01:38:48.737,1.15045,1.15125,8.00,10.00
2007.12.24 01:38:48.854,1.15045,1.1511,8.00,0.70
2007.12.24 01:38:48.982,1.15045,1.15125,8.00,10.00
2007.12.24 01:38:49.110,1.15045,1.15125,8.00,10.00
2007.12.24 01:38:49.236,1.15045,1.15125,8.00,10.00
2007.12.24 01:38:49.364,1.15045,1.1511,8.00,0.50
2007.12.24 01:38:49.493,1.15045,1.15125,8.00,10.00
2007.12.24 01:38:49.620,1.15045,1.15125,8.00,10.00
2007.12.24 01:38:49.746,1.15045,1.15125,8.00,10.00
2007.12.24 01:38:49.874,1.15045,1.15125,8.00,10.00
2007.12.24 01:38:49.997,1.15045,1.1511,8.00,0.80
2007.12.24 01:38:50.119,1.15045,1.1511,8.00,0.70
2007.12.24 01:38:50.242,1.15045,1.15125,8.00,10.00
2007.12.24 01:38:50.364,1.15045,1.1511,8.00,0.70
2007.12.24 01:38:50.487,1.15045,1.1511,8.00,0.90
2007.12.24 01:38:50.610,1.15045,1.1511,8.00,0.70
2007.12.24 01:38:50.732,1.15045,1.1511,8.00,0.80
2007.12.24 01:38:50.855,1.15045,1.15125,8.00,10.00
2007.12.24 01:38:50.978,1.15045,1.15125,8.00,10.00
2007.12.24 01:38:51.101,1.15045,1.15125,8.00,10.00
2007.12.24 01:38:51.224,1.15045,1.15125,8.00,10.00
2007.12.24 01:38:51.347,1.15045,1.15125,8.00,10.00
2007.12.24 01:38:51.470,1.15045,1.15125,8.00,10.00
2007.12.24 01:38:51.594,1.15045,1.1511,8.00,0.50
2007.12.24 01:38:51.717,1.15045,1.15125,8.00,10.00
2007.12.24 01:38:51.839,1.15045,1.15125,8.00,10.00
2007.12.24 01:38:51.962,1.15045,1.15125,8.00,10.00
2007.12.24 01:38:52.085,1.15045,1.1511,8.00,0.80
2007.12.24 01:38:52.208,1.15045,1.15125,8.00,10.00
2007.12.24 01:38:52.331,1.15045,1.15125,8.00,10.00
2007.12.24 01:38:52.454,1.15045,1.1511,8.00,0.90
2007.12.24 01:38:52.577,1.15045,1.15125,8.00,10.00
2007.12.24 01:38:52.700,1.15045,1.1511,8.00,0.60
2007.12.24 01:38:52.823,1.15045,1.15125,8.00,10.00
2007.12.24 01:38:52.946,1.15045,1.15125,8.00,10.00
2007.12.24 01:38:53.069,1.15045,1.1511,8.00,0.70
2007.12.24 01:38:53.207,1.15045,1.1511,8.00,0.80
2007.12.24 01:38:53.328,1.15045,1.15125,8.00,10.00
2007.12.24 01:38:53.451,1.15045,1.15125,8.00,10.00
2007.12.24 01:38:53.573,1.15045,1.15125,8.00,10.00
2007.12.24 01:38:53.696,1.15045,1.15125,8.00,10.00
2007.12.24 01:38:53.818,1.15045,1.15125,8.00,10.00
2007.12.24 01:38:53.941,1.15045,1.1511,8.00,0.90
2007.12.24 01:38:54.063,1.15045,1.15125,8.00,10.00
2007.12.24 01:38:54.189,1.15045,1.15125,8.00,10.00
2007.12.24 01:38:54.317,1.15045,1.15125,8.00,10.00
2007.12.24 01:38:54.445,1.15045,1.1511,8.00,0.50
2007.12.24 01:39:19.968,1.1505,1.1511,0.50,0.50
2007.12.24 01:39:20.141,1.1505,1.1511,0.50,0.50
2007.12.24 01:39:20.315,1.1504,1.1511,4.10,2.80
2007.12.24 01:39:20.487,1.1504,1.1511,4.10,2.80
2007.12.24 01:39:20.660,1.1504,1.1511,4.10,2.80
2007.12.24 01:39:20.833,1.1504,1.1511,4.10,2.80
2007.12.24 01:39:21.006,1.1504,1.1511,4.10,2.80
2007.12.24 01:39:21.139,1.1504,1.1511,4.10,2.80
2007.12.24 01:39:21.272,1.1504,1.1511,4.10,2.80
2007.12.24 01:39:21.405,1.1504,1.1511,4.10,2.80
2007.12.24 01:39:21.553,1.1504,1.1511,4.10,2.80
2007.12.24 01:39:21.671,1.1504,1.1511,4.10,2.80
2007.12.24 01:39:21.805,1.1504,1.1511,4.10,2.80
2007.12.24 01:39:21.938,1.1505,1.1511,0.50,2.80
2007.12.24 01:39:22.070,1.1504,1.1511,4.10,2.80
2007.12.24 01:39:22.233,1.1505,1.1511,0.50,2.80
2007.12.24 01:39:22.395,1.1504,1.1511,4.10,2.80
2007.12.24 01:39:22.558,1.1504,1.1511,4.10,2.80
2007.12.24 01:39:22.721,1.1505,1.1511,0.50,2.80
2007.12.24 01:39:22.883,1.1505,1.1511,0.50,2.80
2007.12.24 01:39:23.046,1.1505,1.1511,0.50,2.80
2007.12.24 01:39:23.183,1.1504,1.1511,4.10,2.80
2007.12.24 01:39:23.320,1.1504,1.1511,4.10,2.80
2007.12.24 01:39:23.458,1.1504,1.1511,4.10,2.80
2007.12.24 01:39:23.596,1.1504,1.1511,4.10,2.80
2007.12.24 01:39:23.734,1.1505,1.1511,0.50,2.80
2007.12.24 01:39:23.871,1.1505,1.1511,0.50,2.80
2007.12.24 01:39:24.009,1.1504,1.1511,4.10,2.80
2007.12.24 01:39:24.147,1.1504,1.1511,4.10,2.80
2007.12.24 01:39:24.285,1.1504,1.1511,4.10,2.80
2007.12.24 01:39:24.423,1.1504,1.1511,4.10,2.80
2007.12.24 01:39:24.561,1.1504,1.1511,4.10,2.80
2007.12.24 01:39:24.701,1.1504,1.15105,12.10,8.00
2007.12.24 01:39:24.838,1.15045,1.151,8.50,0.50
2007.12.24 01:39:24.976,1.15045,1.151,8.50,0.50
2007.12.24 01:39:25.114,1.1505,1.151,0.50,0.50
2007.12.24 01:39:25.303,1.1505,1.1511,0.50,10.80
2007.12.24 01:39:25.492,1.1505,1.1511,0.50,10.80
2007.12.24 01:39:25.679,1.15045,1.1511,8.50,10.80
2007.12.24 01:39:25.867,1.15045,1.1511,8.50,10.80
2007.12.24 01:39:26.055,1.1505,1.1511,0.50,10.80
2007.12.24 01:39:26.243,1.1505,1.1511,0.50,10.80
2007.12.24 01:39:26.412,1.15045,1.1511,8.50,10.80
2007.12.24 01:39:26.578,1.1505,1.1511,0.50,10.80
2007.12.24 01:39:26.745,1.15045,1.1511,8.50,10.80
2007.12.24 01:39:26.912,1.1505,1.1511,0.50,10.80
2007.12.24 01:39:27.079,1.15045,1.1511,8.50,10.80
2007.12.24 01:39:27.247,1.1505,1.1511,0.50,10.80
2007.12.24 01:39:27.364,1.1505,1.1511,0.50,10.80
2007.12.24 01:39:27.485,1.15045,1.1511,8.50,10.80
2007.12.24 01:39:27.602,1.15045,1.1511,8.50,10.80
2007.12.24 01:39:27.720,1.15045,1.1511,8.50,10.80
2007.12.24 01:39:27.838,1.15045,1.1511,8.50,10.80
2007.12.24 01:39:27.957,1.15045,1.1511,8.50,10.80
2007.12.24 01:39:28.074,1.1505,1.1511,0.50,10.80
2007.12.24 01:39:28.192,1.15045,1.1511,8.50,10.80
2007.12.24 01:39:28.345,1.15045,1.1511,8.50,10.80
2007.12.24 01:39:28.497,1.1505,1.1511,0.50,10.80
2007.12.24 01:39:28.649,1.1505,1.1511,0.50,10.80
2007.12.24 01:39:28.802,1.1505,1.1511,0.50,10.80
2007.12.24 01:39:28.955,1.1505,1.1511,0.50,10.80
2007.12.24 01:39:29.108,1.15045,1.1511,8.50,10.80
2007.12.24 01:39:29.260,1.15045,1.1511,8.50,10.80
2007.12.24 01:39:29.398,1.15045,1.1511,8.50,10.80
2007.12.24 01:39:29.535,1.15045,1.1511,8.50,10.80
2007.12.24 01:39:29.673,1.15045,1.1511,8.50,10.80
2007.12.24 01:39:29.810,1.15045,1.1511,8.50,10.80
2007.12.24 01:39:29.946,1.15045,1.1511,8.50,10.80
2007.12.24 01:39:30.083,1.15045,1.1511,8.50,10.80
2007.12.24 01:39:30.220,1.15045,1.1511,8.50,10.80
2007.12.24 01:39:30.357,1.15045,1.1511,8.50,10.80
2007.12.24 01:39:30.489,1.15045,1.1511,8.50,10.80
2007.12.24 01:39:30.621,1.15045,1.1511,8.50,10.80
2007.12.24 01:39:30.763,1.1505,1.1511,0.50,10.80
2007.12.24 01:39:30.895,1.1505,1.1511,0.50,10.80
2007.12.24 01:39:31.028,1.1505,1.1511,0.50,10.80
2007.12.24 01:39:31.161,1.1505,1.1511,0.50,10.80
2007.12.24 01:39:31.293,1.15045,1.1511,8.50,10.80
2007.12.24 01:39:31.436,1.1505,1.1511,0.50,10.80
2007.12.24 01:39:31.579,1.15045,1.1511,8.50,10.80
2007.12.24 01:39:31.722,1.1505,1.1511,0.50,10.80
2007.12.24 01:39:31.864,1.1505,1.1511,0.50,10.80
2007.12.24 01:39:32.007,1.1505,1.1511,0.50,10.80
2007.12.24 01:39:32.149,1.1505,1.1511,0.50,10.80
2007.12.24 01:39:32.291,1.15045,1.1511,8.50,10.80
2007.12.24 01:39:32.433,1.15045,1.1511,8.50,10.80
2007.12.24 01:39:32.576,1.15045,1.1511,8.50,10.80
2007.12.24 01:39:32.718,1.1505,1.1511,0.50,10.80
2007.12.24 01:39:32.861,1.15045,1.1511,8.50,10.80
2007.12.24 01:39:33.003,1.1505,1.1511,0.50,10.80
2007.12.24 01:39:33.145,1.15045,1.1511,8.50,10.80
2007.12.24 01:39:33.288,1.1505,1.1511,0.50,10.80
2007.12.24 01:39:33.431,1.1505,1.1511,0.50,10.80
2007.12.24 01:39:33.579,1.15045,1.1511,8.50,10.80
2007.12.24 01:39:33.727,1.1505,1.1511,0.50,10.80
2007.12.24 01:39:33.875,1.1505,1.1511,0.50,10.80
2007.12.24 01:39:34.023,1.1505,1.1511,0.50,10.80
2007.12.24 01:39:34.171,1.1505,1.1511,0.50,10.80
2007.12.24 01:39:34.319,1.15045,1.1511,8.50,10.80
2007.12.24 01:39:34.466,1.15045,1.1511,8.50,10.80
2007.12.24 01:39:34.609,1.15045,1.1511,8.50,10.80
2007.12.24 01:39:34.752,1.15045,1.1511,8.50,10.80
2007.12.24 01:39:34.894,1.15045,1.1511,8.50,10.80
2007.12.24 01:39:35.037,1.1505,1.1511,0.50,10.80
2007.12.24 01:39:35.180,1.15045,1.1511,8.50,10.80
2007.12.24 01:39:35.322,1.1505,1.1511,0.50,10.80
2007.12.24 01:39:35.464,1.1505,1.1511,0.50,10.80
2007.12.24 01:39:35.572,1.1505,1.1511,0.50,10.80
2007.12.24 01:39:35.679,1.15045,1.1511,8.50,10.80
2007.12.24 01:39:35.786,1.15045,1.1511,8.50,10.80
2007.12.24 01:39:35.893,1.15045,1.1511,8.50,10.80
2007.12.24 01:39:36.000,1.15045,1.1511,8.50,10.80
2007.12.24 01:39:36.107,1.1505,1.1511,0.50,10.80
2007.12.24 01:39:36.214,1.15045,1.1511,8.50,10.80
2007.12.24 01:39:36.321,1.15045,1.1511,8.50,10.80
2007.12.24 01:39:36.428,1.15045,1.1511,8.50,10.80
2007.12.24 01:39:36.560,1.15045,1.1511,8.50,10.80
2007.12.24 01:39:36.696,1.1505,1.1511,0.50,10.80
2007.12.24 01:39:36.829,1.1505,1.1511,0.50,10.80
2007.12.24 01:39:36.961,1.1505,1.1511,0.50,10.80
2007.12.24 01:39:37.093,1.1505,1.1511,0.50,10.80
2007.12.24 01:39:37.226,1.1505,1.1511,0.50,10.80
2007.12.24 01:39:37.358,1.15045,1.1511,8.50,10.80
2007.12.24 01:39:37.491,1.1505,1.1511,0.50,10.80
2007.12.24 01:39:37.639,1.15045,1.1511,8.50,10.80
2007.12.24 01:39:37.787,1.1505,1.1511,0.50,10.80
2007.12.24 01:39:37.934,1.15045,1.1511,8.50,10.80
2007.12.24 01:39:38.082,1.1505,1.1511,0.50,10.80
2007.12.24 01:39:38.229,1.1505,1.1511,0.50,10.80
2007.12.24 01:39:38.376,1.1505,1.1511,0.50,10.80
2007.12.24 01:39:38.538,1.15045,1.1511,8.50,10.80
2007.12.24 01:39:38.641,1.1505,1.1511,0.50,10.80
2007.12.24 01:39:38.743,1.1505,1.1511,0.50,10.80
2007.12.24 01:39:38.846,1.1505,1.1511,0.50,10.80
2007.12.24 01:39:38.949,1.15045,1.1511,8.50,10.80
2007.12.24 01:39:39.052,1.15045,1.1511,8.50,10.80
2007.12.24 01:39:39.155,1.1505,1.1511,0.50,10.80
2007.12.24 01:39:39.256,1.15045,1.1511,8.50,10.80
2007.12.24 01:39:39.359,1.1505,1.1511,0.50,10.80
2007.12.24 01:39:39.477,1.15045,1.1511,8.50,10.80
2007.12.24 01:39:39.609,1.15045,1.1511,8.50,10.80
2007.12.24 01:39:39.742,1.15045,1.1511,8.50,10.80
2007.12.24 01:39:39.875,1.1505,1.1511,0.50,10.80
2007.12.24 01:39:40.008,1.1505,1.1511,0.50,10.80
2007.12.24 01:39:40.140,1.1505,1.1511,0.50,10.80
2007.12.24 01:39:40.273,1.1505,1.1511,0.50,10.80
2007.12.24 01:39:40.406,1.15045,1.1511,8.50,10.80
2007.12.24 01:39:40.538,1.15045,1.1511,8.50,10.80
2007.12.24 01:39:40.656,1.15045,1.1511,8.50,10.80
2007.12.24 01:39:40.773,1.1505,1.1511,0.50,10.80
2007.12.24 01:39:40.891,1.15045,1.1511,8.50,10.80
2007.12.24 01:39:41.009,1.15045,1.1511,8.50,10.80
2007.12.24 01:39:41.125,1.15045,1.1511,8.50,10.80
2007.12.24 01:39:41.243,1.15045,1.1511,8.50,10.80
2007.12.24 01:39:41.360,1.15045,1.1511,8.50,10.80
2007.12.24 01:39:41.478,1.1505,1.1511,0.50,10.80
2007.12.24 01:39:41.595,1.15045,1.1511,8.50,10.80
2007.12.24 01:39:41.727,1.1505,1.1511,0.50,10.80
2007.12.24 01:39:41.860,1.15045,1.1511,8.50,10.80
2007.12.24 01:39:41.993,1.15045,1.1511,8.50,10.80
2007.12.24 01:39:42.125,1.1505,1.1511,0.50,10.80
2007.12.24 01:39:42.258,1.1505,1.1511,0.50,10.80
2007.12.24 01:39:42.391,1.15045,1.1511,8.50,10.80
2007.12.24 01:39:42.523,1.15045,1.1511,8.50,10.80
2007.12.24 01:39:42.655,1.1505,1.1511,0.50,10.80
2007.12.24 01:39:42.773,1.1505,1.1511,0.50,10.80
2007.12.24 01:39:42.889,1.1505,1.1511,0.50,10.80
2007.12.24 01:39:43.007,1.1505,1.1511,0.50,10.80
2007.12.24 01:39:43.123,1.1505,1.1511,0.50,10.80
2007.12.24 01:39:43.240,1.15045,1.1511,8.50,10.80
2007.12.24 01:39:43.357,1.15045,1.1511,8.50,10.80
2007.12.24 01:39:43.474,1.15045,1.1511,8.50,10.80
2007.12.24 01:39:43.592,1.15045,1.1511,8.50,10.80
2007.12.24 01:39:43.709,1.1505,1.1511,0.50,10.80
2007.12.24 01:39:43.926,1.15045,1.1511,8.50,10.80
2007.12.24 01:39:44.143,1.1505,1.1511,0.50,10.80
2007.12.24 01:39:44.360,1.15045,1.1511,8.50,10.80
2007.12.24 01:39:44.577,1.15045,1.1511,8.50,10.80
2007.12.24 01:39:44.794,1.15045,1.1511,8.50,10.80
2007.12.24 01:39:44.876,1.1505,1.1511,0.50,10.80
2007.12.24 01:39:44.959,1.1505,1.1511,0.50,10.80
2007.12.24 01:39:45.055,1.15045,1.1511,8.50,10.80
2007.12.24 01:39:45.123,1.15045,1.1511,8.50,10.80
2007.12.24 01:39:45.205,1.15045,1.1511,8.50,10.80
2007.12.24 01:39:45.287,1.15045,1.1511,8.50,10.80
2007.12.24 01:39:45.369,1.1505,1.1511,0.50,10.80
2007.12.24 01:39:45.452,1.1505,1.1511,0.50,10.80
2007.12.24 01:39:45.548,1.1505,1.1511,0.50,10.80
2007.12.24 01:39:45.631,1.15045,1.1511,8.50,10.80
2007.12.24 01:39:45.712,1.15045,1.1511,8.50,10.80
2007.12.24 01:39:45.795,1.15045,1.1511,8.50,10.80
2007.12.24 01:39:45.877,1.1505,1.1511,0.50,10.80
2007.12.24 01:39:46.125,1.15045,1.1511,8.50,10.80
2007.12.24 01:39:46.387,1.15045,1.1511,8.50,10.80
2007.12.24 01:39:46.634,1.1505,1.1511,0.50,10.80
2007.12.24 01:39:46.881,1.15045,1.1511,8.50,10.80
2007.12.24 01:39:46.968,1.1505,1.1511,0.50,10.80
2007.12.24 01:39:47.055,1.15045,1.1511,8.50,10.80
2007.12.24 01:39:47.142,1.15045,1.1511,8.50,10.80
2007.12.24 01:39:47.230,1.15045,1.1511,8.50,10.80
2007.12.24 01:39:47.318,1.1505,1.1511,0.50,10.80
2007.12.24 01:39:47.420,1.1505,1.1511,0.50,10.80
2007.12.24 01:39:47.492,1.1505,1.1511,0.50,10.80
2007.12.24 01:39:47.579,1.1505,1.1511,0.50,10.80
2007.12.24 01:39:47.666,1.1505,1.1511,0.50,10.80
2007.12.24 01:39:47.753,1.1505,1.1511,0.50,10.80
2007.12.24 01:39:47.840,1.1505,1.1511,0.50,10.80
2007.12.24 01:39:47.927,1.1505,1.1511,0.50,10.80
2007.12.24 01:39:48.089,1.1505,1.1511,0.50,10.80
2007.12.24 01:39:48.252,1.1505,1.1511,0.50,10.80
2007.12.24 01:39:48.414,1.1505,1.1511,0.50,10.80
2007.12.24 01:39:48.577,1.1505,1.1511,0.50,10.80
2007.12.24 01:39:48.739,1.1505,1.1511,0.50,10.80
2007.12.24 01:39:48.902,1.1505,1.1511,0.50,10.80
2007.12.24 01:39:49.000,1.1505,1.1511,0.50,10.80
2007.12.24 01:39:49.098,1.1505,1.1511,0.50,10.80
2007.12.24 01:39:49.195,1.1505,1.1511,0.50,10.80
2007.12.24 01:39:49.293,1.1505,1.1511,0.50,10.80
2007.12.24 01:39:49.391,1.1505,1.1511,0.50,10.80
2007.12.24 01:39:49.488,1.1505,1.1511,0.50,10.80
2007.12.24 01:39:49.585,1.1505,1.1511,0.50,10.80
2007.12.24 01:39:49.684,1.1505,1.1511,0.50,10.80
2007.12.24 01:39:49.780,1.1505,1.1511,0.50,10.80
2007.12.24 01:39:49.879,1.1505,1.1511,0.50,10.80
2007.12.24 01:39:49.976,1.1505,1.1511,0.50,10.80
2007.12.24 01:39:50.138,1.1505,1.1511,0.50,10.80
2007.12.24 01:39:50.300,1.1505,1.1511,0.50,10.80
2007.12.24 01:39:50.463,1.1505,1.1511,0.50,10.80
2007.12.24 01:39:50.626,1.1505,1.1511,0.50,10.80
2007.12.24 01:39:50.788,1.1505,1.1511,0.50,10.80
2007.12.24 01:39:50.950,1.1505,1.1511,0.50,10.80
2007.12.24 01:39:51.047,1.1505,1.1511,0.50,10.80
2007.12.24 01:39:51.146,1.1505,1.1511,0.50,10.80
2007.12.24 01:39:51.243,1.1505,1.1511,0.50,10.80
2007.12.24 01:39:51.340,1.1505,1.1511,0.50,10.80
2007.12.24 01:39:51.438,1.1505,1.1511,0.50,10.80
2007.12.24 01:39:51.536,1.1505,1.1511,0.50,10.80
2007.12.24 01:39:51.633,1.1505,1.1511,0.50,10.80
2007.12.24 01:39:51.730,1.1505,1.1511,0.50,10.80
2007.12.24 01:39:51.828,1.1505,1.1511,0.50,10.80
2007.12.24 01:39:51.925,1.1505,1.1511,0.50,10.80
2007.12.24 01:39:52.073,1.1505,1.1511,0.50,10.80
2007.12.24 01:39:52.221,1.1505,1.1511,0.50,10.80
2007.12.24 01:39:52.369,1.1505,1.1511,0.50,10.80
2007.12.24 01:39:52.518,1.1505,1.1511,0.50,10.80
2007.12.24 01:39:52.665,1.1505,1.1511,0.50,10.80
2007.12.24 01:39:52.813,1.1505,1.1511,0.50,10.80
2007.12.24 01:39:52.961,1.1505,1.1511,0.50,10.80
2007.12.24 01:39:53.109,1.1505,1.1511,0.50,10.80
2007.12.24 01:39:53.257,1.1505,1.1511,0.50,10.80
2007.12.24 01:39:53.406,1.1505,1.1511,0.50,10.80
2007.12.24 01:39:53.552,1.1505,1.1511,0.50,10.80
2007.12.24 01:39:53.699,1.1505,1.1511,0.50,10.80
2007.12.24 01:39:53.846,1.1505,1.1511,0.50,10.80
2007.12.24 01:39:53.995,1.1505,1.1511,0.50,10.80
2007.12.24 01:39:54.138,1.1505,1.1511,0.50,10.80
2007.12.24 01:39:54.281,1.1505,1.1511,0.50,10.80
2007.12.24 01:39:54.424,1.1505,1.1511,0.50,10.80
2007.12.24 01:39:54.567,1.1505,1.1511,0.50,10.80
2007.12.24 01:39:54.710,1.1505,1.1511,0.50,10.80
2007.12.24 01:39:54.868,1.1505,1.1511,0.50,10.80
2007.12.24 01:39:55.010,1.1505,1.1511,0.50,10.80
2007.12.24 01:39:55.122,1.1505,1.1511,0.50,10.80
2007.12.24 01:39:55.234,1.1505,1.1511,0.50,10.80
2007.12.24 01:39:55.347,1.15045,1.1511,8.00,8.00
2007.12.24 01:39:55.460,1.15045,1.1511,8.00,8.00
2007.12.24 01:40:06.409,1.1505,1.15105,0.50,8.00
2007.12.24 01:40:06.541,1.1505,1.15105,0.50,8.00
2007.12.24 01:40:06.674,1.1505,1.1511,0.50,8.40
2007.12.24 01:40:06.806,1.1505,1.1511,0.50,10.80
2007.12.24 01:40:06.939,1.1505,1.1511,0.50,10.80
2007.12.24 01:40:07.072,1.1505,1.1511,0.50,10.80
2007.12.24 01:40:07.222,1.1505,1.1511,0.50,10.80
2007.12.24 01:40:07.338,1.1505,1.1511,0.50,10.80
2007.12.24 01:40:07.495,1.1505,1.1511,0.50,10.80
2007.12.24 01:40:07.653,1.1505,1.1511,0.50,10.80
2007.12.24 01:40:07.810,1.1505,1.1511,0.50,10.80
2007.12.24 01:40:07.968,1.1505,1.1511,0.50,10.80
2007.12.24 01:40:08.125,1.1505,1.1511,0.50,10.80
2007.12.24 01:40:08.283,1.1505,1.1511,0.50,10.80
2007.12.24 01:40:08.387,1.1505,1.1511,0.50,10.80
2007.12.24 01:40:08.489,1.1505,1.1511,0.50,10.80
2007.12.24 01:40:08.591,1.1505,1.1511,0.50,10.80
2007.12.24 01:40:08.694,1.1505,1.1511,0.50,10.80
2007.12.24 01:40:08.797,1.1505,1.1511,0.50,10.80
2007.12.24 01:40:08.899,1.1505,1.1511,0.50,10.80
2007.12.24 01:40:09.002,1.1505,1.1511,0.50,10.80
2007.12.24 01:40:09.104,1.1505,1.1511,0.50,10.80
2007.12.24 01:40:09.207,1.1505,1.1511,0.50,10.80
2007.12.24 01:40:09.310,1.1505,1.1511,0.50,10.80
2007.12.24 01:40:09.463,1.1505,1.1511,0.50,10.80
2007.12.24 01:40:09.617,1.1505,1.1511,0.50,10.80
2007.12.24 01:40:09.770,1.1505,1.1511,0.50,10.80
2007.12.24 01:40:09.922,1.1505,1.1511,0.50,10.80
2007.12.24 01:40:10.074,1.1505,1.1511,0.50,10.80
2007.12.24 01:40:10.228,1.1505,1.1511,0.50,10.80
2007.12.24 01:40:10.380,1.1505,1.1511,0.50,10.80
2007.12.24 01:40:10.483,1.1505,1.1511,0.50,10.80
2007.12.24 01:40:10.587,1.1505,1.1511,0.50,10.80
2007.12.24 01:40:10.689,1.1505,1.1511,0.50,10.80
2007.12.24 01:40:10.792,1.1505,1.1511,0.50,10.80
2007.12.24 01:40:10.895,1.1505,1.1511,0.50,10.80
2007.12.24 01:40:10.998,1.1505,1.1511,0.50,10.80
2007.12.24 01:40:11.101,1.1505,1.1511,0.50,10.80
2007.12.24 01:40:11.204,1.1505,1.1511,0.50,10.80
2007.12.24 01:40:11.307,1.1505,1.1511,0.50,10.80
2007.12.24 01:40:11.410,1.1505,1.1511,0.50,10.80
2007.12.24 01:40:11.513,1.1505,1.1511,0.50,10.80
2007.12.24 01:40:11.656,1.1505,1.1511,0.50,10.80
2007.12.24 01:40:11.800,1.1505,1.1511,0.50,10.80
2007.12.24 01:40:11.942,1.1505,1.1511,0.50,10.80
2007.12.24 01:40:12.085,1.1505,1.1511,0.50,10.80
2007.12.24 01:40:12.228,1.1505,1.1511,0.50,10.80
2007.12.24 01:40:12.371,1.1505,1.1511,0.50,10.80
2007.12.24 01:40:12.514,1.1505,1.1511,0.50,10.80
2007.12.24 01:40:12.622,1.1505,1.1511,0.50,10.80
2007.12.24 01:40:12.730,1.1505,1.1511,0.50,10.80
2007.12.24 01:40:12.838,1.1505,1.1511,0.50,10.80
2007.12.24 01:40:12.946,1.1505,1.1511,0.50,10.80
2007.12.24 01:40:13.054,1.1505,1.1511,0.50,10.80
2007.12.24 01:40:13.163,1.1505,1.1511,0.50,10.80
2007.12.24 01:40:13.270,1.1505,1.1511,0.50,10.80
2007.12.24 01:40:13.379,1.1505,1.1511,0.50,10.80
2007.12.24 01:40:13.486,1.1505,1.1511,0.50,10.80
2007.12.24 01:40:13.624,1.1505,1.1511,0.50,10.80
2007.12.24 01:40:13.768,1.1505,1.1511,0.50,10.80
2007.12.24 01:40:13.905,1.1505,1.1511,0.50,10.80
2007.12.24 01:40:14.042,1.1505,1.1511,0.50,10.80
2007.12.24 01:40:14.180,1.1505,1.1511,0.50,10.80
2007.12.24 01:40:14.318,1.1505,1.1511,0.50,10.80
2007.12.24 01:40:14.455,1.1505,1.1511,0.50,10.80
2007.12.24 01:40:14.593,1.1505,1.1511,0.50,10.80
2007.12.24 01:40:14.706,1.1505,1.1511,0.50,10.80
2007.12.24 01:40:14.818,1.1505,1.1511,0.50,10.80
2007.12.24 01:40:14.932,1.1505,1.1511,0.50,10.80
2007.12.24 01:40:15.045,1.1505,1.1511,0.50,10.80
2007.12.24 01:40:15.157,1.1505,1.1511,0.50,10.80
2007.12.24 01:40:15.271,1.1505,1.1511,0.50,10.80
2007.12.24 01:40:15.383,1.1505,1.1511,0.50,10.80
2007.12.24 01:40:15.497,1.1505,1.1511,0.50,10.80
2007.12.24 01:40:15.610,1.1505,1.1511,0.50,10.80
2007.12.24 01:40:15.752,1.1505,1.1511,0.50,10.80
2007.12.24 01:40:15.896,1.1505,1.1511,0.50,10.80
2007.12.24 01:40:16.039,1.1505,1.1511,0.50,10.80
2007.12.24 01:40:16.181,1.1505,1.1511,0.50,10.80
2007.12.24 01:40:16.324,1.1505,1.1511,0.50,10.80
2007.12.24 01:40:16.428,1.1505,1.1511,0.50,0.90
2007.12.24 01:40:16.467,1.1505,1.1512,0.50,12.00
2007.12.24 01:40:16.610,1.1505,1.1512,0.50,12.00
2007.12.24 01:40:16.727,1.1505,1.1512,0.50,12.00
2007.12.24 01:40:16.844,1.1505,1.1511,0.50,0.70
2007.12.24 01:40:16.962,1.1505,1.1511,0.50,0.90
2007.12.24 01:40:17.080,1.1505,1.1511,0.50,0.60
2007.12.24 01:40:17.198,1.1505,1.1511,0.50,0.70
2007.12.24 01:40:17.316,1.1505,1.1512,0.50,12.00
2007.12.24 01:40:17.448,1.1505,1.1512,0.50,12.00
2007.12.24 01:40:17.552,1.1505,1.1511,0.50,0.60
2007.12.24 01:40:17.675,1.1505,1.1512,0.50,12.00
2007.12.24 01:40:17.798,1.1505,1.1512,0.50,12.00
2007.12.24 01:40:17.921,1.1505,1.1512,0.50,12.00
2007.12.24 01:40:18.044,1.1505,1.1511,0.50,0.80
2007.12.24 01:40:18.167,1.1505,1.1511,0.50,0.60
2007.12.24 01:40:18.290,1.1505,1.1511,0.50,0.50
2007.12.24 01:40:18.413,1.1505,1.1512,0.50,12.00
2007.12.24 01:40:18.536,1.1505,1.1512,0.50,12.00
2007.12.24 01:40:18.659,1.1505,1.1511,0.50,0.90
2007.12.24 01:40:18.782,1.1505,1.1512,0.50,12.00
2007.12.24 01:40:18.905,1.1505,1.1512,0.50,12.00
2007.12.24 01:40:19.028,1.1505,1.1511,2.80,0.50
2007.12.24 01:40:19.152,1.1505,1.1512,2.80,9.60
2007.12.24 01:40:19.274,1.1505,1.1512,2.80,8.50
2007.12.24 01:40:19.397,1.1505,1.1512,10.80,8.50
2007.12.24 01:40:19.520,1.1505,1.1512,10.80,8.50
2007.12.24 01:40:19.643,1.1505,1.15115,10.80,0.60
2007.12.24 01:40:19.841,1.1505,1.1512,10.80,8.50
2007.12.24 01:40:20.039,1.1505,1.1512,10.80,8.50
2007.12.24 01:40:20.237,1.1505,1.1512,10.80,8.50
2007.12.24 01:40:20.436,1.1505,1.15115,10.80,0.60
2007.12.24 01:40:20.633,1.1505,1.15115,10.80,0.70
2007.12.24 01:40:20.731,1.1505,1.15115,10.80,0.60
2007.12.24 01:40:20.830,1.1505,1.1512,10.80,8.50
2007.12.24 01:40:20.927,1.1505,1.1512,10.80,8.50
2007.12.24 01:40:21.024,1.1505,1.1512,10.80,8.50
2007.12.24 01:40:21.122,1.1505,1.1512,10.80,8.50
2007.12.24 01:40:21.220,1.1505,1.15115,10.80,0.60
2007.12.24 01:40:21.318,1.1505,1.1512,10.80,8.50
2007.12.24 01:40:21.415,1.1505,1.1512,10.80,8.50
2007.12.24 01:40:21.513,1.1505,1.1512,10.80,8.50
2007.12.24 01:40:21.610,1.1505,1.1512,10.80,8.50
2007.12.24 01:40:21.798,1.1505,1.1512,10.80,8.50
2007.12.24 01:40:21.975,1.1505,1.1511,8.40,0.80
2007.12.24 01:40:22.154,1.1505,1.15115,8.40,10.80
2007.12.24 01:40:22.332,1.1505,1.15115,8.40,10.80
2007.12.24 01:40:22.509,1.1505,1.1512,0.50,12.00
2007.12.24 01:40:22.687,1.1505,1.1512,0.50,12.00
2007.12.24 01:40:22.844,1.1505,1.1512,0.50,12.00
2007.12.24 01:40:23.002,1.1505,1.1512,0.50,12.00
2007.12.24 01:40:23.160,1.1505,1.1512,0.50,12.00
2007.12.24 01:40:23.317,1.1505,1.1511,0.50,0.60
2007.12.24 01:40:23.475,1.1505,1.1511,0.50,0.60
2007.12.24 01:40:23.632,1.1505,1.1511,0.50,0.90
2007.12.24 01:40:23.790,1.1505,1.1512,0.50,12.00
2007.12.24 01:40:23.898,1.1505,1.1512,0.50,12.00
2007.12.24 01:40:24.006,1.1505,1.1512,0.50,12.00
2007.12.24 01:40:24.113,1.1505,1.1512,0.50,12.00
2007.12.24 01:40:24.222,1.1505,1.1512,0.50,12.00
2007.12.24 01:40:24.330,1.1505,1.1512,0.50,12.00
2007.12.24 01:40:24.437,1.1505,1.1511,0.50,0.70
2007.12.24 01:40:24.544,1.1505,1.1511,0.50,0.70
2007.12.24 01:40:24.653,1.1505,1.1512,0.50,12.00
2007.12.24 01:40:24.760,1.1505,1.1512,0.50,12.00
2007.12.24 01:40:24.893,1.1505,1.1512,0.50,12.00
2007.12.24 01:40:25.025,1.1505,1.1511,0.50,0.80
2007.12.24 01:40:25.157,1.1505,1.1512,0.50,12.00
2007.12.24 01:40:25.290,1.1505,1.1511,0.50,0.50
2007.12.24 01:40:25.424,1.1505,1.1512,0.50,12.00
2007.12.24 01:40:25.557,1.1505,1.1512,0.50,12.00
2007.12.24 01:40:25.690,1.1505,1.1511,0.50,0.90
2007.12.24 01:40:25.822,1.1505,1.1512,0.50,12.00
2007.12.24 01:40:26.010,1.1505,1.1512,0.50,12.00
2007.12.24 01:40:26.198,1.1505,1.1512,0.50,12.00
2007.12.24 01:40:26.386,1.1505,1.1512,0.50,12.00
2007.12.24 01:40:26.574,1.1505,1.1512,0.50,12.00
2007.12.24 01:40:26.762,1.1505,1.1511,0.50,0.90
2007.12.24 01:40:26.950,1.1505,1.1512,0.50,12.00
2007.12.24 01:40:27.048,1.1505,1.1512,0.50,12.00
2007.12.24 01:40:27.146,1.1505,1.1512,0.50,12.00
2007.12.24 01:40:27.244,1.1505,1.1511,0.50,0.60
2007.12.24 01:40:27.342,1.1505,1.1512,0.50,12.00
2007.12.24 01:40:27.441,1.1505,1.1511,0.50,0.50
2007.12.24 01:40:27.539,1.1505,1.1511,0.50,0.90
2007.12.24 01:40:27.638,1.1505,1.1511,0.50,0.80
2007.12.24 01:40:27.735,1.1505,1.1511,0.50,0.70
2007.12.24 01:40:27.834,1.1505,1.1512,0.50,12.00
2007.12.24 01:40:28.071,1.1505,1.1512,0.50,12.00
2007.12.24 01:40:28.279,1.1505,1.1512,0.50,12.00
2007.12.24 01:40:28.502,1.1505,1.1512,0.50,12.00
2007.12.24 01:40:28.726,1.1505,1.1512,0.50,12.00
2007.12.24 01:40:28.949,1.1505,1.1511,0.50,0.70
2007.12.24 01:40:29.137,1.1505,1.1511,0.50,0.90
2007.12.24 01:40:29.325,1.1505,1.1511,0.50,0.80
2007.12.24 01:40:29.513,1.1505,1.1512,0.50,12.00
2007.12.24 01:40:29.701,1.1505,1.1512,0.50,12.00
2007.12.24 01:40:29.888,1.1505,1.1512,0.50,12.00
2007.12.24 01:40:30.055,1.1505,1.1511,0.50,0.90
2007.12.24 01:40:30.222,1.1505,1.1512,0.50,12.00
2007.12.24 01:40:30.389,1.1505,1.1511,0.50,0.90
2007.12.24 01:40:30.557,1.1505,1.1512,0.50,12.00
2007.12.24 01:40:30.725,1.1505,1.1512,0.50,12.00
2007.12.24 01:40:30.893,1.1505,1.1512,0.50,12.00
2007.12.24 01:40:31.062,1.1505,1.1511,0.50,0.60
2007.12.24 01:40:31.190,1.1505,1.1511,0.50,0.50
2007.12.24 01:40:31.318,1.1505,1.1512,0.50,12.00
2007.12.24 01:40:31.445,1.1505,1.1511,0.50,0.50
2007.12.24 01:40:31.572,1.1505,1.1512,0.50,12.00
2007.12.24 01:40:31.706,1.1505,1.1511,0.50,0.60
2007.12.24 01:40:31.833,1.1505,1.1512,0.50,12.00
2007.12.24 01:40:31.961,1.1505,1.1512,0.50,12.00
2007.12.24 01:40:32.129,1.1505,1.1512,0.50,12.00
2007.12.24 01:40:32.297,1.1505,1.1512,0.50,12.00
2007.12.24 01:40:32.466,1.1505,1.1511,0.50,0.90
2007.12.24 01:40:32.634,1.1505,1.1512,0.50,12.00
2007.12.24 01:40:32.802,1.1505,1.1512,0.50,12.00
2007.12.24 01:40:32.969,1.1505,1.1512,0.50,12.00
2007.12.24 01:40:33.087,1.1505,1.1512,0.50,12.00
2007.12.24 01:40:33.205,1.1505,1.1511,0.50,0.80
2007.12.24 01:40:33.324,1.1505,1.1511,0.50,0.70
2007.12.24 01:40:33.441,1.1505,1.1511,0.50,0.60
2007.12.24 01:40:33.559,1.1505,1.1512,0.50,12.00
2007.12.24 01:40:33.678,1.1505,1.1511,0.50,0.80
2007.12.24 01:40:33.795,1.1505,1.1512,0.50,12.00
2007.12.24 01:40:33.913,1.1505,1.1511,0.50,0.50
2007.12.24 01:40:34.031,1.1505,1.1511,0.50,0.90
2007.12.24 01:40:34.149,1.1505,1.1512,0.50,12.00
2007.12.24 01:40:34.277,1.1505,1.1512,0.50,12.00
2007.12.24 01:40:34.405,1.1505,1.1511,0.50,0.80
2007.12.24 01:40:34.534,1.1505,1.1512,0.50,12.00
2007.12.24 01:40:34.661,1.1505,1.1512,0.50,12.00
2007.12.24 01:40:34.789,1.1505,1.1512,0.50,12.00
2007.12.24 01:40:34.918,1.1505,1.1511,0.50,0.70
2007.12.24 01:40:35.045,1.1505,1.1512,0.50,12.00
2007.12.24 01:40:35.173,1.1505,1.1511,0.50,0.90
2007.12.24 01:40:35.301,1.1505,1.1512,0.50,12.00
2007.12.24 01:40:35.429,1.1505,1.1512,0.50,12.00
2007.12.24 01:40:35.557,1.1505,1.1512,0.50,12.00
2007.12.24 01:40:35.686,1.1505,1.1511,0.50,0.90
2007.12.24 01:40:35.813,1.1505,1.1512,0.50,12.00
2007.12.24 01:40:35.941,1.1505,1.1511,0.50,0.80
2007.12.24 01:40:36.069,1.1505,1.1512,0.50,12.00
2007.12.24 01:40:36.197,1.1505,1.1511,0.50,0.90
2007.12.24 01:40:36.350,1.1505,1.1512,0.50,12.00
2007.12.24 01:40:36.503,1.1505,1.1512,0.50,12.00
2007.12.24 01:40:36.657,1.1505,1.1511,0.50,0.70
2007.12.24 01:40:36.809,1.1505,1.1512,0.50,12.00
2007.12.24 01:40:36.962,1.1505,1.1511,0.50,0.90
2007.12.24 01:40:37.115,1.1505,1.1512,0.50,12.00
2007.12.24 01:40:37.268,1.1505,1.1512,0.50,12.00
2007.12.24 01:40:37.447,1.1505,1.1512,0.50,12.00
2007.12.24 01:40:37.625,1.1505,1.1511,0.50,0.50
2007.12.24 01:40:37.802,1.1505,1.1512,0.50,12.00
2007.12.24 01:40:37.981,1.1505,1.1512,0.50,12.00
2007.12.24 01:40:38.159,1.1505,1.1511,0.50,0.80
2007.12.24 01:40:38.336,1.1505,1.1511,0.50,0.50
2007.12.24 01:40:38.450,1.1505,1.1511,0.50,0.80
2007.12.24 01:40:38.563,1.1505,1.1512,0.50,12.00
2007.12.24 01:40:38.675,1.1505,1.1512,0.50,12.00
2007.12.24 01:40:38.789,1.1505,1.1511,0.50,0.90
2007.12.24 01:40:38.901,1.1505,1.1512,0.50,12.00
2007.12.24 01:40:39.015,1.1505,1.1512,0.50,12.00
2007.12.24 01:40:39.127,1.1505,1.1512,0.50,12.00
2007.12.24 01:40:39.240,1.1505,1.1512,0.50,12.00
2007.12.24 01:40:39.373,1.1505,1.1511,0.50,0.90
2007.12.24 01:40:39.506,1.1505,1.1512,0.50,12.00
2007.12.24 01:40:39.639,1.1505,1.1511,0.50,0.70
2007.12.24 01:40:39.771,1.1505,1.1512,0.50,12.00
2007.12.24 01:40:39.919,1.1505,1.1512,0.50,12.00
2007.12.24 01:40:40.051,1.1505,1.1512,0.50,12.00
2007.12.24 01:40:40.185,1.1505,1.1512,0.50,12.00
2007.12.24 01:40:40.317,1.1505,1.1512,0.50,12.00
2007.12.24 01:40:40.428,1.1505,1.1512,0.50,12.00
2007.12.24 01:40:40.541,1.1505,1.1511,0.50,0.50
2007.12.24 01:40:40.654,1.1505,1.1512,0.50,12.00
2007.12.24 01:40:40.767,1.1505,1.1512,0.50,12.00
2007.12.24 01:40:40.880,1.1505,1.1511,0.50,0.50
2007.12.24 01:40:40.993,1.1505,1.1512,0.50,12.00
2007.12.24 01:40:41.106,1.1505,1.1512,0.50,12.00
2007.12.24 01:40:41.219,1.1505,1.1512,0.50,12.00
2007.12.24 01:40:41.332,1.1505,1.1512,0.50,12.00
2007.12.24 01:40:41.465,1.1505,1.1512,0.50,12.00
2007.12.24 01:40:41.598,1.1505,1.1512,0.50,12.00
2007.12.24 01:40:41.732,1.1505,1.1512,0.50,12.00
2007.12.24 01:40:41.864,1.1505,1.1512,0.50,12.00
2007.12.24 01:40:41.997,1.1505,1.1512,0.50,12.00
2007.12.24 01:40:42.130,1.1505,1.1511,0.50,0.60
2007.12.24 01:40:42.263,1.1505,1.1511,0.50,0.90
2007.12.24 01:40:42.396,1.1505,1.1512,0.50,12.00
2007.12.24 01:40:42.569,1.1505,1.1512,0.50,12.00
2007.12.24 01:40:42.743,1.1505,1.1511,0.50,0.80
2007.12.24 01:40:42.915,1.1505,1.1511,0.50,0.90
2007.12.24 01:40:43.088,1.1505,1.1512,0.50,12.00
2007.12.24 01:40:43.261,1.1505,1.1512,0.50,12.00
2007.12.24 01:40:43.434,1.1505,1.1511,0.50,0.80
2007.12.24 01:40:43.573,1.1505,1.1512,0.50,12.00
2007.12.24 01:40:43.681,1.1505,1.1512,0.50,12.00
2007.12.24 01:40:43.805,1.1505,1.1512,0.50,12.00
2007.12.24 01:40:43.927,1.1505,1.1512,0.50,12.00
2007.12.24 01:40:44.050,1.1505,1.1512,0.50,12.00
2007.12.24 01:40:44.172,1.1505,1.1512,0.50,12.00
2007.12.24 01:40:44.310,1.1505,1.1512,0.50,12.00
2007.12.24 01:40:44.419,1.1505,1.1511,0.50,0.80
2007.12.24 01:40:44.541,1.1505,1.1512,0.50,12.00
2007.12.24 01:40:44.840,1.1505,1.1512,0.50,12.00
2007.12.24 01:40:45.137,1.1505,1.1512,0.50,12.00
2007.12.24 01:40:45.450,1.1505,1.1512,0.50,12.00
2007.12.24 01:40:45.613,1.1505,1.1511,0.50,0.80
2007.12.24 01:40:45.776,1.1505,1.1512,0.50,12.00
2007.12.24 01:40:45.938,1.1505,1.1512,0.50,12.00
2007.12.24 01:40:46.102,1.1505,1.1511,0.50,0.50
2007.12.24 01:40:46.264,1.1505,1.1511,0.50,0.60
2007.12.24 01:40:46.428,1.1505,1.1511,0.50,0.60
2007.12.24 01:40:46.591,1.1505,1.1511,0.50,0.60
2007.12.24 01:40:46.723,1.1505,1.1512,0.50,12.00
2007.12.24 01:40:46.856,1.1505,1.1512,0.50,12.00
2007.12.24 01:40:46.990,1.1505,1.1512,0.50,12.00
2007.12.24 01:40:47.122,1.1505,1.1512,0.50,12.00
2007.12.24 01:40:47.256,1.1505,1.1511,0.50,0.90
2007.12.24 01:40:47.389,1.1505,1.1511,0.50,0.80
2007.12.24 01:40:47.525,1.1505,1.1512,0.50,12.00
2007.12.24 01:40:47.698,1.1505,1.1511,0.50,0.50
2007.12.24 01:40:47.871,1.1505,1.1512,0.50,12.00
2007.12.24 01:40:48.044,1.1505,1.1512,0.50,12.00
2007.12.24 01:40:48.217,1.1505,1.1511,0.50,0.80
2007.12.24 01:40:48.406,1.1505,1.1512,0.50,12.00
2007.12.24 01:40:48.562,1.1505,1.1512,0.50,12.00
2007.12.24 01:40:48.666,1.1505,1.1511,0.50,0.80
2007.12.24 01:40:48.769,1.1505,1.1511,0.50,0.60
2007.12.24 01:40:48.873,1.1505,1.1511,0.50,0.60
2007.12.24 01:40:48.976,1.1505,1.1512,0.50,12.00
2007.12.24 01:40:49.079,1.1505,1.1511,0.50,0.60
2007.12.24 01:40:49.182,1.1505,1.1512,0.50,12.00
2007.12.24 01:40:49.284,1.1505,1.1512,0.50,12.00
2007.12.24 01:40:49.388,1.1505,1.1512,0.50,12.00
2007.12.24 01:40:49.490,1.1505,1.1511,0.50,0.90
2007.12.24 01:40:49.594,1.1505,1.1511,0.50,0.60
2007.12.24 01:40:49.757,1.1505,1.1512,0.50,12.00
2007.12.24 01:40:49.921,1.1505,1.1511,0.50,0.70
2007.12.24 01:40:50.084,1.1505,1.1512,0.50,12.00
2007.12.24 01:40:50.246,1.1505,1.1512,0.50,12.00
2007.12.24 01:40:50.409,1.1505,1.1511,0.50,0.80
2007.12.24 01:40:50.573,1.1505,1.1512,0.50,12.00
2007.12.24 01:40:50.736,1.1505,1.1512,0.50,12.00
2007.12.24 01:40:50.909,1.1505,1.1511,0.50,0.90
2007.12.24 01:40:51.067,1.1505,1.1511,0.50,0.60
2007.12.24 01:40:51.225,1.1505,1.1512,0.50,12.00
2007.12.24 01:40:51.383,1.1505,1.1511,0.50,0.50
2007.12.24 01:40:51.540,1.1505,1.1512,0.50,12.00
2007.12.24 01:40:51.697,1.1505,1.1511,0.50,0.70
2007.12.24 01:40:51.875,1.1505,1.1512,0.50,12.00
2007.12.24 01:40:52.052,1.15045,1.15125,8.00,8.20
2007.12.24 01:40:52.229,1.15045,1.15125,8.00,10.00
2007.12.24 01:40:52.407,1.15045,1.15125,8.00,10.00
2007.12.24 01:41:34.324,1.1505,1.1512,2.80,0.50
2007.12.24 01:41:34.443,1.1505,1.15115,10.80,8.00
2007.12.24 01:41:34.560,1.1505,1.15115,10.80,8.00
2007.12.24 01:41:34.681,1.1506,1.15115,0.50,8.00
2007.12.24 01:41:34.799,1.1506,1.15115,0.50,8.00
2007.12.24 01:41:34.916,1.1506,1.15115,0.50,8.00
2007.12.24 01:41:35.033,1.1506,1.15115,0.50,8.00
2007.12.24 01:41:35.286,1.1506,1.15115,0.50,8.00
2007.12.24 01:41:35.539,1.1506,1.1512,0.50,10.80
2007.12.24 01:41:35.792,1.1506,1.1512,0.50,10.80
2007.12.24 01:41:36.045,1.1506,1.1512,0.50,10.80
2007.12.24 01:41:36.298,1.1506,1.1512,0.50,10.80
2007.12.24 01:41:36.471,1.1505,1.15115,14.80,8.00
2007.12.24 01:41:36.593,1.1504,1.15115,20.00,8.00
2007.12.24 01:41:36.644,1.1504,1.15115,20.00,8.00
2007.12.24 01:41:36.816,1.1504,1.15115,20.00,8.00
2007.12.24 01:41:36.989,1.1504,1.15115,20.00,8.00
2007.12.24 01:41:37.162,1.1505,1.15115,5.60,8.00
2007.12.24 01:41:37.400,1.1505,1.15115,1.60,8.00
2007.12.24 01:41:37.638,1.1504,1.15115,20.00,8.00
2007.12.24 01:41:37.876,1.1504,1.15115,20.00,8.00
2007.12.24 01:41:38.113,1.1504,1.15115,20.00,8.00
2007.12.24 01:41:38.276,1.1505,1.15115,2.00,8.00
2007.12.24 01:41:38.438,1.1504,1.15115,20.00,8.00
2007.12.24 01:41:38.600,1.1504,1.15115,20.00,8.00
2007.12.24 01:41:38.763,1.1504,1.15115,20.00,8.00
2007.12.24 01:41:38.926,1.1505,1.15115,2.00,8.00
2007.12.24 01:41:39.088,1.1505,1.15115,1.00,8.00
2007.12.24 01:41:39.251,1.1504,1.15115,20.00,8.00
2007.12.24 01:41:39.403,1.1504,1.15115,20.00,8.00
2007.12.24 01:41:39.556,1.1504,1.15115,20.00,8.00
2007.12.24 01:41:39.709,1.1505,1.15115,1.20,8.00
2007.12.24 01:41:39.861,1.1505,1.1511,0.50,10.80
2007.12.24 01:41:40.014,1.15045,1.1511,8.50,10.80
2007.12.24 01:41:40.167,1.1505,1.1511,0.50,10.80
2007.12.24 01:41:40.345,1.15045,1.1511,8.50,10.80
2007.12.24 01:41:40.523,1.15045,1.1511,8.50,10.80
2007.12.24 01:41:40.701,1.15045,1.1511,8.50,10.80
2007.12.24 01:41:40.879,1.15045,1.1511,8.50,10.80
2007.12.24 01:41:41.057,1.1505,1.1511,0.50,10.80
2007.12.24 01:41:41.236,1.1505,1.1511,0.50,10.80
2007.12.24 01:41:41.423,1.15045,1.1511,8.50,10.80
2007.12.24 01:41:41.611,1.15045,1.1511,8.50,10.80
2007.12.24 01:41:41.799,1.15045,1.1511,8.50,10.80
2007.12.24 01:41:41.987,1.15045,1.1511,8.50,10.80
2007.12.24 01:41:42.175,1.15045,1.1511,8.50,10.80
2007.12.24 01:41:42.362,1.1505,1.1511,0.50,10.80
2007.12.24 01:41:42.515,1.1505,1.1511,0.50,10.80
2007.12.24 01:41:42.667,1.15045,1.1511,8.50,10.80
2007.12.24 01:41:42.820,1.15045,1.1511,8.50,10.80
2007.12.24 01:41:42.972,1.1505,1.1511,0.50,10.80
2007.12.24 01:41:43.125,1.1505,1.1511,0.50,10.80
2007.12.24 01:41:43.277,1.15045,1.1511,8.50,10.80
2007.12.24 01:41:43.385,1.15045,1.1511,8.50,10.80
2007.12.24 01:41:43.493,1.15045,1.1511,8.50,10.80
2007.12.24 01:41:43.601,1.1505,1.1511,0.50,10.80
2007.12.24 01:41:43.708,1.15045,1.1511,8.50,10.80
2007.12.24 01:41:43.818,1.15045,1.1511,8.50,10.80
2007.12.24 01:41:43.925,1.15045,1.1511,8.50,10.80
2007.12.24 01:41:44.033,1.15045,1.1511,8.50,10.80
2007.12.24 01:41:44.140,1.15045,1.1511,8.50,10.80
2007.12.24 01:41:44.248,1.1505,1.1511,0.50,10.80
2007.12.24 01:41:44.451,1.15045,1.1511,8.50,10.80
2007.12.24 01:41:44.653,1.15045,1.1511,8.50,10.80
2007.12.24 01:41:44.855,1.15045,1.1511,8.50,10.80
2007.12.24 01:41:45.059,1.15045,1.1511,8.50,10.80
2007.12.24 01:41:45.261,1.15045,1.1511,8.50,10.80
2007.12.24 01:41:45.463,1.15045,1.1511,8.50,10.80
2007.12.24 01:41:45.621,1.15045,1.1511,8.50,10.80
2007.12.24 01:41:45.779,1.15045,1.1511,8.50,10.80
2007.12.24 01:41:45.937,1.15045,1.1511,8.50,10.80
2007.12.24 01:41:46.094,1.1505,1.1511,0.50,10.80
2007.12.24 01:41:46.251,1.1505,1.1511,0.50,10.80
2007.12.24 01:41:46.409,1.1505,1.1511,0.50,10.80
2007.12.24 01:41:46.531,1.1505,1.1511,0.50,10.80
2007.12.24 01:41:46.654,1.1505,1.1511,0.50,10.80
2007.12.24 01:41:46.777,1.1505,1.1511,0.50,10.80
2007.12.24 01:41:46.899,1.1505,1.1511,0.50,10.80
2007.12.24 01:41:47.022,1.1505,1.1511,0.50,10.80
2007.12.24 01:41:47.144,1.15045,1.1511,8.50,10.80
2007.12.24 01:41:47.267,1.15045,1.1511,8.50,10.80
2007.12.24 01:41:47.389,1.15045,1.1511,8.50,10.80
2007.12.24 01:41:47.552,1.1505,1.1511,0.50,10.80
2007.12.24 01:41:47.715,1.1505,1.1511,0.50,10.80
2007.12.24 01:41:47.878,1.1505,1.1511,0.50,10.80
2007.12.24 01:41:48.041,1.15045,1.1511,8.50,10.80
2007.12.24 01:41:48.203,1.1505,1.1511,0.50,10.80
2007.12.24 01:41:48.365,1.15045,1.1511,8.50,10.80
2007.12.24 01:41:48.528,1.15045,1.1511,8.50,10.80
2007.12.24 01:41:48.746,1.1505,1.1511,0.50,10.80
2007.12.24 01:41:48.964,1.15045,1.1511,8.50,10.80
2007.12.24 01:41:49.182,1.15045,1.1511,8.50,10.80
2007.12.24 01:41:49.399,1.15045,1.1511,8.50,10.80
2007.12.24 01:41:49.616,1.1505,1.1511,0.50,10.80
2007.12.24 01:41:49.814,1.1505,1.1511,0.50,10.80
2007.12.24 01:41:50.011,1.15045,1.1511,8.50,10.80
2007.12.24 01:41:50.209,1.15045,1.1511,8.50,10.80
2007.12.24 01:41:50.407,1.1505,1.1511,0.50,10.80
2007.12.24 01:41:50.570,1.1505,1.1511,0.50,10.80
2007.12.24 01:41:50.732,1.15045,1.1511,8.50,10.80
2007.12.24 01:41:50.896,1.1505,1.1511,0.50,10.80
2007.12.24 01:41:51.060,1.1505,1.1511,0.50,10.80
2007.12.24 01:41:51.222,1.15045,1.1511,8.50,10.80
2007.12.24 01:41:51.386,1.15045,1.1511,8.50,10.80
2007.12.24 01:41:51.547,1.15045,1.1511,8.50,10.80
2007.12.24 01:41:51.759,1.15045,1.1511,8.50,10.80
2007.12.24 01:41:51.971,1.1505,1.1511,0.50,10.80
2007.12.24 01:41:52.184,1.15045,1.1511,8.50,10.80
2007.12.24 01:41:52.397,1.15045,1.1511,8.50,10.80
2007.12.24 01:41:52.609,1.15045,1.1511,8.50,10.80
2007.12.24 01:41:52.712,1.15045,1.1511,8.50,10.80
2007.12.24 01:41:52.814,1.15045,1.1511,8.50,10.80
2007.12.24 01:41:52.916,1.15045,1.1511,8.50,10.80
2007.12.24 01:41:53.019,1.15045,1.1511,8.50,10.80
2007.12.24 01:41:53.122,1.15045,1.1511,8.50,10.80
2007.12.24 01:41:53.225,1.15045,1.1511,8.50,10.80
2007.12.24 01:41:53.327,1.15045,1.1511,8.50,10.80
2007.12.24 01:41:53.430,1.1505,1.1511,0.50,10.80
2007.12.24 01:41:53.532,1.1505,1.1511,0.50,10.80
2007.12.24 01:41:53.680,1.1505,1.1511,0.50,10.80
2007.12.24 01:41:53.840,1.1505,1.1511,0.50,10.80
2007.12.24 01:41:53.988,1.15045,1.1511,8.50,10.80
2007.12.24 01:41:54.135,1.15045,1.1511,8.50,10.80
2007.12.24 01:41:54.283,1.15045,1.1511,8.50,10.80
2007.12.24 01:41:54.431,1.15045,1.1511,8.50,10.80
2007.12.24 01:41:54.579,1.1505,1.1511,0.50,10.80
2007.12.24 01:41:54.761,1.1505,1.1511,0.50,10.80
2007.12.24 01:41:54.943,1.15045,1.1511,8.50,10.80
2007.12.24 01:41:55.126,1.1505,1.1511,0.50,10.80
2007.12.24 01:41:55.309,1.15045,1.1511,8.50,10.80
2007.12.24 01:41:55.492,1.15045,1.1511,8.50,10.80
2007.12.24 01:41:55.650,1.1505,1.1511,0.50,10.80
2007.12.24 01:41:55.807,1.1505,1.1511,0.50,10.80
2007.12.24 01:41:55.964,1.15045,1.1511,8.50,10.80
2007.12.24 01:41:56.122,1.15045,1.1511,8.50,10.80
2007.12.24 01:41:56.280,1.15045,1.1511,8.50,10.80
2007.12.24 01:41:56.438,1.1505,1.1511,0.50,10.80
2007.12.24 01:41:56.595,1.15045,1.1511,8.50,10.80
2007.12.24 01:41:56.722,1.1505,1.1511,0.50,10.80
2007.12.24 01:41:56.850,1.15045,1.1511,8.50,10.80
2007.12.24 01:41:56.977,1.15045,1.1511,8.50,10.80
2007.12.24 01:41:57.105,1.15045,1.1511,8.50,10.80
2007.12.24 01:41:57.233,1.15045,1.1511,8.50,10.80
2007.12.24 01:41:57.360,1.15045,1.1511,8.50,10.80
2007.12.24 01:41:57.487,1.1505,1.1511,0.50,10.80
2007.12.24 01:41:57.615,1.1505,1.1511,0.50,10.80
2007.12.24 01:41:57.738,1.15045,1.1511,8.50,10.80
2007.12.24 01:41:57.860,1.15045,1.1511,8.50,10.80
2007.12.24 01:41:57.983,1.1505,1.1511,0.50,10.80
2007.12.24 01:41:58.104,1.15045,1.1511,8.50,10.80
2007.12.24 01:41:58.228,1.15045,1.1511,8.50,10.80
2007.12.24 01:41:58.351,1.15045,1.1511,8.50,10.80
2007.12.24 01:41:58.474,1.15045,1.1511,8.50,10.80
2007.12.24 01:41:58.597,1.1505,1.1511,0.50,10.80
2007.12.24 01:41:58.720,1.15045,1.1511,8.50,10.80
2007.12.24 01:41:58.843,1.15045,1.1511,8.50,10.80
2007.12.24 01:41:58.965,1.15045,1.1511,8.50,10.80
2007.12.24 01:41:59.088,1.1505,1.1511,0.50,10.80
2007.12.24 01:41:59.211,1.1505,1.1511,0.50,10.80
2007.12.24 01:41:59.333,1.15045,1.1511,8.50,10.80
2007.12.24 01:41:59.456,1.1505,1.1511,0.50,10.80
2007.12.24 01:41:59.579,1.1505,1.1511,0.50,10.80
2007.12.24 01:41:59.702,1.15045,1.1511,8.50,10.80
2007.12.24 01:41:59.845,1.15045,1.1511,8.50,10.80
2007.12.24 01:41:59.999,1.1505,1.1511,0.50,10.80
2007.12.24 01:42:00.140,1.15045,1.1511,8.50,10.80
2007.12.24 01:42:00.283,1.1505,1.1511,0.50,10.80
2007.12.24 01:42:00.426,1.15045,1.1511,8.50,10.80
2007.12.24 01:42:00.568,1.1505,1.1511,0.50,10.80
2007.12.24 01:42:00.711,1.1505,1.1511,0.50,10.80
2007.12.24 01:42:00.904,1.1505,1.1511,0.50,10.80
2007.12.24 01:42:01.096,1.1505,1.1511,0.50,10.80
2007.12.24 01:42:01.289,1.1505,1.1511,0.50,10.80
2007.12.24 01:42:01.494,1.1505,1.1511,0.50,10.80
2007.12.24 01:42:01.674,1.1505,1.1511,0.50,10.80
2007.12.24 01:42:01.777,1.1505,1.1511,0.50,10.80
2007.12.24 01:42:01.879,1.15045,1.1511,8.50,10.80
2007.12.24 01:42:01.981,1.15045,1.1511,8.50,10.80
2007.12.24 01:42:02.085,1.1505,1.1511,0.50,10.80
2007.12.24 01:42:02.187,1.15045,1.1511,8.50,10.80
2007.12.24 01:42:02.289,1.1505,1.1511,0.50,10.80
2007.12.24 01:42:02.393,1.15045,1.1511,8.50,10.80
2007.12.24 01:42:02.496,1.15045,1.1511,8.50,10.80
2007.12.24 01:42:02.598,1.15045,1.1511,8.50,10.80
2007.12.24 01:42:02.700,1.1505,1.1511,0.50,10.80
2007.12.24 01:42:02.909,1.15045,1.1511,8.50,10.80
2007.12.24 01:42:03.116,1.15045,1.1511,8.50,10.80
2007.12.24 01:42:03.323,1.1505,1.1511,0.50,10.80
2007.12.24 01:42:03.530,1.15045,1.1511,8.50,10.80
2007.12.24 01:42:03.751,1.15045,1.1511,8.50,10.80
2007.12.24 01:42:03.839,1.15045,1.1511,8.50,10.80
2007.12.24 01:42:03.927,1.15045,1.1511,8.50,10.80
2007.12.24 01:42:04.016,1.15045,1.1511,8.50,10.80
2007.12.24 01:42:04.102,1.1505,1.1511,0.50,10.80
2007.12.24 01:42:04.190,1.1505,1.1511,0.50,10.80
2007.12.24 01:42:04.278,1.1505,1.1511,0.50,10.80
2007.12.24 01:42:04.366,1.1505,1.1511,0.50,10.80
2007.12.24 01:42:04.454,1.15045,1.1511,8.50,10.80
2007.12.24 01:42:04.541,1.1505,1.1511,0.50,10.80
2007.12.24 01:42:04.628,1.15045,1.1511,8.50,10.80
2007.12.24 01:42:04.717,1.15045,1.1511,8.50,10.80
2007.12.24 01:42:04.805,1.1505,1.1511,0.50,10.80
2007.12.24 01:42:04.973,1.15045,1.1511,8.50,10.80
2007.12.24 01:42:05.151,1.1505,1.1511,0.50,10.80
2007.12.24 01:42:05.319,1.1505,1.1511,0.50,10.80
2007.12.24 01:42:05.488,1.15045,1.1511,8.50,10.80
2007.12.24 01:42:05.655,1.1505,1.1511,0.50,10.80
2007.12.24 01:42:05.822,1.15045,1.1511,8.50,10.80
2007.12.24 01:42:05.915,1.15045,1.1511,8.50,10.80
2007.12.24 01:42:06.008,1.1505,1.1511,0.50,10.80
2007.12.24 01:42:06.100,1.15045,1.1511,8.50,10.80
2007.12.24 01:42:06.192,1.15045,1.1511,8.50,10.80
2007.12.24 01:42:06.286,1.15045,1.1511,8.50,10.80
2007.12.24 01:42:06.379,1.15045,1.1511,8.50,10.80
2007.12.24 01:42:06.472,1.1505,1.1511,0.50,10.80
2007.12.24 01:42:06.564,1.15045,1.1511,8.50,10.80
2007.12.24 01:42:06.657,1.1505,1.1511,0.50,10.80
2007.12.24 01:42:06.750,1.15045,1.1511,8.50,10.80
2007.12.24 01:42:06.842,1.15045,1.1511,8.50,10.80
2007.12.24 01:42:07.090,1.15045,1.1511,8.50,10.80
2007.12.24 01:42:07.337,1.15045,1.1511,8.50,10.80
2007.12.24 01:42:07.584,1.15045,1.1511,8.50,10.80
2007.12.24 01:42:07.831,1.15045,1.1511,8.50,10.80
2007.12.24 01:42:08.078,1.1505,1.1511,0.50,10.80
2007.12.24 01:42:08.150,1.1505,1.1511,0.50,10.80
2007.12.24 01:42:08.223,1.15045,1.1511,8.50,10.80
2007.12.24 01:42:08.296,1.15045,1.1511,8.50,10.80
2007.12.24 01:42:08.368,1.15045,1.1511,8.50,10.80
2007.12.24 01:42:08.441,1.15045,1.1511,8.50,10.80
2007.12.24 01:42:08.514,1.1505,1.1511,0.50,10.80
2007.12.24 01:42:08.586,1.15045,1.1511,8.50,10.80
2007.12.24 01:42:08.659,1.1505,1.1511,0.50,10.80
2007.12.24 01:42:08.732,1.15045,1.1511,8.50,10.80
2007.12.24 01:42:08.805,1.15045,1.1511,8.50,10.80
2007.12.24 01:42:08.877,1.15045,1.1511,8.50,10.80
2007.12.24 01:42:09.105,1.1505,1.1511,0.50,10.80
2007.12.24 01:42:09.333,1.1505,1.1511,0.50,10.80
2007.12.24 01:42:09.561,1.1505,1.1511,0.50,10.80
2007.12.24 01:42:09.788,1.15045,1.1511,8.50,10.80
2007.12.24 01:42:32.814,1.1504,1.15105,8.00,8.00
2007.12.24 01:42:32.926,1.1504,1.15105,8.00,8.00
2007.12.24 01:42:33.044,1.1504,1.15105,8.00,8.00
2007.12.24 01:42:33.156,1.1504,1.15105,8.00,8.00
2007.12.24 01:42:33.269,1.1504,1.15105,8.00,8.00
2007.12.24 01:42:33.381,1.15045,1.1511,8.00,8.00
2007.12.24 01:42:33.493,1.15045,1.1511,8.00,8.00
2007.12.24 01:42:33.606,1.15045,1.1511,8.00,8.00
2007.12.24 01:42:33.788,1.15045,1.1511,8.00,8.00
2007.12.24 01:42:33.970,1.15045,1.1511,8.00,8.00
2007.12.24 01:42:34.152,1.15045,1.1511,8.00,8.00
2007.12.24 01:42:34.336,1.15045,1.1511,8.00,8.00
2007.12.24 01:42:34.518,1.15045,1.1511,8.00,8.00
2007.12.24 01:42:34.700,1.15045,1.1511,8.00,8.00
2007.12.24 01:42:34.792,1.15045,1.1511,8.00,8.00
2007.12.24 01:42:34.886,1.15045,1.1511,8.00,8.00
2007.12.24 01:42:34.978,1.15045,1.1511,8.00,8.00
2007.12.24 01:42:35.070,1.15045,1.1511,8.00,8.00
2007.12.24 01:42:35.162,1.15045,1.1511,8.00,8.00
2007.12.24 01:42:35.255,1.15045,1.1511,8.00,8.00
2007.12.24 01:42:35.348,1.15045,1.1511,8.00,8.00
2007.12.24 01:42:35.440,1.15045,1.1511,8.00,8.00
2007.12.24 01:42:35.532,1.15045,1.1511,8.00,8.00
2007.12.24 01:42:35.624,1.15045,1.1511,8.00,8.00
2007.12.24 01:42:35.718,1.15045,1.1511,8.00,8.00
2007.12.24 01:42:35.875,1.15045,1.1511,8.00,8.00
2007.12.24 01:42:36.032,1.15045,1.1511,8.00,8.00
2007.12.24 01:42:36.189,1.15045,1.1511,8.00,8.00
2007.12.24 01:42:36.347,1.15045,1.1511,8.00,8.00
2007.12.24 01:42:36.505,1.15045,1.1511,8.00,8.00
2007.12.24 01:42:36.662,1.15045,1.1511,8.00,8.00
2007.12.24 01:42:36.819,1.15045,1.1511,8.00,8.00
2007.12.24 01:42:36.927,1.15045,1.1511,8.00,8.00
2007.12.24 01:42:37.034,1.15045,1.1511,8.00,8.00
2007.12.24 01:42:37.141,1.15045,1.1511,8.00,8.00
2007.12.24 01:42:37.249,1.15045,1.1511,8.00,8.00
2007.12.24 01:42:37.358,1.15045,1.1511,8.00,8.00
2007.12.24 01:42:37.465,1.15045,1.1511,8.00,8.00
2007.12.24 01:42:37.572,1.15045,1.1511,8.00,8.00
2007.12.24 01:42:37.679,1.15045,1.1511,8.00,8.00
2007.12.24 01:42:37.787,1.15045,1.1511,8.00,8.00
2007.12.24 01:42:37.919,1.15045,1.1511,8.00,8.00
2007.12.24 01:42:38.051,1.15045,1.1511,8.00,8.00
2007.12.24 01:42:38.183,1.15045,1.1511,8.00,8.00
2007.12.24 01:42:38.316,1.15045,1.1511,8.00,8.00
2007.12.24 01:42:38.461,1.15045,1.1511,8.00,8.00
2007.12.24 01:42:38.580,1.15045,1.1511,8.00,8.00
2007.12.24 01:42:38.714,1.15045,1.1511,8.00,8.00
2007.12.24 01:42:38.831,1.1505,1.1511,0.50,8.40
2007.12.24 01:42:38.950,1.1505,1.1511,0.50,8.40
2007.12.24 01:42:39.068,1.1505,1.1511,0.50,8.40
2007.12.24 01:42:39.185,1.1505,1.1511,0.50,8.40
2007.12.24 01:42:39.302,1.1505,1.1511,0.50,10.80
2007.12.24 01:42:39.420,1.1505,1.1511,0.50,10.80
2007.12.24 01:42:39.538,1.1505,1.1511,0.50,10.80
2007.12.24 01:42:39.665,1.1505,1.15105,0.50,8.00
2007.12.24 01:42:39.783,1.1505,1.15105,0.50,8.00
2007.12.24 01:42:39.985,1.1505,1.1511,0.50,10.80
2007.12.24 01:42:40.188,1.1505,1.1511,0.50,10.80
2007.12.24 01:42:40.391,1.1505,1.1511,0.50,10.80
2007.12.24 01:42:40.593,1.1505,1.1511,0.50,10.80
2007.12.24 01:42:40.796,1.1505,1.1511,0.50,10.80
2007.12.24 01:42:40.914,1.1505,1.1511,0.50,10.80
2007.12.24 01:42:41.031,1.1505,1.1511,0.50,10.80
2007.12.24 01:42:41.149,1.1505,1.1511,0.50,10.80
2007.12.24 01:42:41.267,1.1505,1.1511,0.50,10.80
2007.12.24 01:42:41.385,1.1505,1.1511,0.50,10.80
2007.12.24 01:42:41.502,1.1505,1.1511,0.50,10.80
2007.12.24 01:42:41.619,1.1505,1.1511,0.50,10.80
2007.12.24 01:42:41.738,1.1505,1.1511,0.50,10.80
2007.12.24 01:42:41.855,1.1505,1.1511,0.50,10.80
2007.12.24 01:42:41.987,1.1505,1.1511,0.50,10.80
2007.12.24 01:42:42.119,1.1505,1.1511,0.50,10.80
2007.12.24 01:42:42.252,1.1505,1.1511,0.50,10.80
2007.12.24 01:42:42.385,1.1505,1.1511,0.50,10.80
2007.12.24 01:42:42.517,1.1505,1.1511,0.50,10.80
2007.12.24 01:42:42.649,1.1505,1.1511,0.50,10.80
2007.12.24 01:42:42.781,1.1505,1.1511,0.50,10.80
2007.12.24 01:42:42.895,1.1505,1.1511,0.50,10.80
2007.12.24 01:42:43.008,1.1505,1.1511,0.50,10.80
2007.12.24 01:42:43.120,1.1505,1.1511,0.50,10.80
2007.12.24 01:42:43.232,1.1505,1.1511,0.50,10.80
2007.12.24 01:42:43.344,1.1505,1.1511,0.50,10.80
2007.12.24 01:42:43.457,1.1505,1.1511,0.50,10.80
2007.12.24 01:42:43.570,1.1505,1.1511,0.50,10.80
2007.12.24 01:42:43.682,1.1505,1.1511,0.50,10.80
2007.12.24 01:42:43.794,1.1505,1.1511,0.50,10.80
2007.12.24 01:42:44.027,1.1505,1.1511,0.50,10.80
2007.12.24 01:42:44.259,1.1505,1.1511,0.50,10.80
2007.12.24 01:42:44.491,1.1505,1.1511,0.50,10.80
2007.12.24 01:42:44.724,1.1505,1.1511,0.50,10.80
2007.12.24 01:42:44.957,1.1505,1.1511,0.50,10.80
2007.12.24 01:42:45.044,1.1505,1.1511,0.50,10.80
2007.12.24 01:42:45.131,1.1505,1.1511,0.50,10.80
2007.12.24 01:42:45.219,1.1505,1.1511,0.50,10.80
2007.12.24 01:42:45.307,1.1505,1.1511,0.50,10.80
2007.12.24 01:42:45.394,1.1505,1.1511,0.50,10.80
2007.12.24 01:42:45.481,1.1505,1.1511,0.50,10.80
2007.12.24 01:42:45.570,1.1505,1.1511,0.50,10.80
2007.12.24 01:42:45.658,1.1505,1.1511,0.50,10.80
2007.12.24 01:42:45.745,1.1505,1.1511,0.50,10.80
2007.12.24 01:42:45.832,1.1505,1.1511,0.50,10.80
2007.12.24 01:42:45.920,1.1505,1.1511,0.50,10.80
2007.12.24 01:42:46.008,1.1505,1.1511,0.50,10.80
2007.12.24 01:42:46.255,1.1505,1.1511,0.50,10.80
2007.12.24 01:42:46.503,1.1505,1.1511,0.50,10.80
2007.12.24 01:42:46.750,1.1505,1.1511,0.50,10.80
2007.12.24 01:42:46.997,1.1505,1.1511,0.50,10.80
2007.12.24 01:42:47.070,1.1505,1.1511,0.50,10.80
2007.12.24 01:42:47.143,1.1505,1.1511,0.50,10.80
2007.12.24 01:42:47.216,1.1505,1.1511,0.50,10.80
2007.12.24 01:42:47.288,1.1505,1.1511,0.50,10.80
2007.12.24 01:42:47.361,1.1505,1.1511,0.50,10.80
2007.12.24 01:42:47.434,1.1505,1.1511,0.50,10.80
2007.12.24 01:42:47.507,1.1505,1.1511,0.50,10.80
2007.12.24 01:42:47.579,1.1505,1.1511,0.50,10.80
2007.12.24 01:42:47.651,1.1505,1.1511,0.50,10.80
2007.12.24 01:42:47.726,1.1505,1.1511,0.50,10.80
2007.12.24 01:42:47.799,1.1505,1.1511,0.50,10.80
2007.12.24 01:42:47.872,1.1505,1.1511,0.50,10.80
2007.12.24 01:42:47.945,1.1505,1.1511,0.50,10.80
2007.12.24 01:42:48.018,1.1505,1.1511,0.50,10.80
2007.12.24 01:42:48.226,1.1505,1.1511,0.50,10.80
2007.12.24 01:42:48.434,1.1505,1.1511,0.50,10.80
2007.12.24 01:42:48.642,1.1505,1.1511,0.50,10.80
2007.12.24 01:42:48.850,1.1505,1.1511,0.50,10.80
2007.12.24 01:42:49.068,1.1505,1.1511,0.50,10.80
2007.12.24 01:42:49.205,1.1505,1.1511,0.50,10.80
2007.12.24 01:42:49.344,1.1505,1.1511,0.50,10.80
2007.12.24 01:42:49.481,1.1505,1.1511,0.50,10.80
2007.12.24 01:42:49.618,1.1505,1.1511,0.50,10.80
2007.12.24 01:42:49.756,1.1505,1.1511,0.50,10.80
2007.12.24 01:42:49.893,1.1505,1.1511,0.50,10.80
2007.12.24 01:42:50.030,1.1505,1.1511,0.50,10.80
2007.12.24 01:42:50.218,1.1505,1.1511,0.50,10.80
2007.12.24 01:42:50.405,1.1505,1.1511,0.50,10.80
2007.12.24 01:42:50.592,1.1505,1.1511,0.50,10.80
2007.12.24 01:42:50.781,1.1505,1.1511,0.50,10.80
2007.12.24 01:42:50.968,1.1505,1.1511,0.50,10.80
2007.12.24 01:42:51.156,1.1505,1.1511,0.50,10.80
2007.12.24 01:42:51.323,1.1505,1.1511,0.50,10.80
2007.12.24 01:42:51.490,1.1505,1.1511,0.50,10.80
2007.12.24 01:42:51.659,1.1505,1.1511,0.50,10.80
2007.12.24 01:42:51.826,1.1505,1.1511,0.50,10.80
2007.12.24 01:42:51.993,1.1505,1.1511,0.50,10.80
2007.12.24 01:42:52.162,1.1505,1.1511,0.50,10.80
2007.12.24 01:42:52.269,1.1505,1.1511,0.50,10.80
2007.12.24 01:42:52.376,1.1505,1.1511,0.50,10.80
2007.12.24 01:42:52.483,1.1505,1.1511,0.50,10.80
2007.12.24 01:42:52.590,1.1505,1.1511,0.50,10.80
2007.12.24 01:42:52.699,1.1505,1.1511,0.50,10.80
2007.12.24 01:42:52.807,1.1505,1.1511,0.50,10.80
2007.12.24 01:42:52.915,1.1505,1.1511,0.50,10.80
2007.12.24 01:42:53.022,1.1505,1.1511,0.50,10.80
2007.12.24 01:42:53.129,1.1505,1.1511,0.50,10.80
2007.12.24 01:42:53.236,1.1505,1.1511,0.50,10.80
2007.12.24 01:42:53.398,1.1505,1.1511,0.50,10.80
2007.12.24 01:42:53.561,1.1505,1.1511,0.50,10.80
2007.12.24 01:42:53.724,1.1505,1.1511,0.50,10.80
2007.12.24 01:42:53.886,1.1505,1.1511,0.50,10.80
2007.12.24 01:42:54.048,1.1505,1.1511,0.50,10.80
2007.12.24 01:42:54.211,1.1505,1.1511,0.50,10.80
2007.12.24 01:42:54.328,1.1505,1.1511,0.50,10.80
2007.12.24 01:42:54.445,1.1505,1.1511,0.50,10.80
2007.12.24 01:42:54.564,1.1505,1.1511,0.50,10.80
2007.12.24 01:42:54.682,1.1505,1.1511,0.50,10.80
2007.12.24 01:42:54.800,1.1505,1.1511,0.50,10.80
2007.12.24 01:42:54.918,1.1505,1.15105,0.50,8.00
2007.12.24 01:42:55.035,1.1505,1.15105,0.50,8.00
2007.12.24 01:42:55.153,1.1505,1.1511,0.50,10.80
2007.12.24 01:42:55.381,1.1505,1.1511,0.50,10.80
2007.12.24 01:42:55.609,1.1505,1.1511,0.50,10.80
2007.12.24 01:42:55.836,1.1505,1.1511,0.50,10.80
2007.12.24 01:42:56.064,1.1505,1.1511,0.50,10.80
2007.12.24 01:42:56.291,1.1505,1.1511,0.50,10.80
2007.12.24 01:42:56.414,1.1505,1.1511,0.50,10.80
2007.12.24 01:42:56.537,1.1505,1.1511,0.50,10.80
2007.12.24 01:42:56.659,1.1505,1.1511,0.50,10.80
2007.12.24 01:42:56.782,1.1505,1.1511,0.50,10.80
2007.12.24 01:42:56.904,1.1505,1.1511,0.50,10.80
2007.12.24 01:42:57.027,1.1505,1.1511,0.50,10.80
2007.12.24 01:42:57.150,1.1505,1.1511,0.50,10.80
2007.12.24 01:42:57.272,1.1505,1.1511,0.50,10.80
2007.12.24 01:42:57.490,1.1505,1.1511,0.50,10.80
2007.12.24 01:42:57.708,1.1505,1.1511,0.50,10.80
2007.12.24 01:42:57.925,1.1505,1.1511,0.50,10.80
2007.12.24 01:42:58.143,1.1505,1.1511,0.50,10.80
2007.12.24 01:42:58.361,1.1505,1.1511,0.50,10.80
2007.12.24 01:42:58.469,1.1505,1.1511,0.50,10.80
2007.12.24 01:42:58.571,1.1505,1.1511,0.50,10.80
2007.12.24 01:42:58.674,1.1505,1.1511,0.50,10.80
2007.12.24 01:42:58.777,1.1505,1.1511,0.50,10.80
2007.12.24 01:42:58.880,1.1505,1.1511,0.50,10.80
2007.12.24 01:42:58.982,1.1505,1.1511,0.50,10.80
2007.12.24 01:42:59.084,1.1505,1.1511,0.50,10.80
2007.12.24 01:42:59.186,1.1505,1.1511,0.50,10.80
2007.12.24 01:42:59.289,1.1505,1.1511,0.50,10.80
2007.12.24 01:42:59.427,1.1505,1.1511,0.50,10.80
2007.12.24 01:42:59.564,1.1505,1.1511,0.50,10.80
2007.12.24 01:42:59.702,1.1505,1.1511,0.50,10.80
2007.12.24 01:42:59.840,1.1505,1.1511,0.50,10.80
2007.12.24 01:42:59.978,1.1505,1.1511,0.50,10.80
2007.12.24 01:43:00.114,1.1505,1.1511,0.50,10.80
2007.12.24 01:43:00.252,1.1505,1.1511,0.50,10.80
2007.12.24 01:43:00.390,1.1505,1.1511,0.50,10.80
2007.12.24 01:43:00.527,1.1505,1.1511,0.50,10.80
2007.12.24 01:43:00.664,1.1505,1.1511,0.50,10.80
2007.12.24 01:43:00.802,1.1505,1.1511,0.50,10.80
2007.12.24 01:43:00.940,1.1505,1.1511,0.50,10.80
2007.12.24 01:43:01.077,1.1505,1.1511,0.50,10.80
2007.12.24 01:43:01.214,1.1505,1.1511,0.50,10.80
2007.12.24 01:43:01.352,1.1505,1.1511,0.50,10.80
2007.12.24 01:43:01.483,1.1505,1.1511,0.50,10.80
2007.12.24 01:43:01.588,1.1505,1.1511,0.50,10.80
2007.12.24 01:43:01.705,1.1505,1.1511,0.50,10.80
2007.12.24 01:43:01.823,1.1505,1.1511,0.50,10.80
2007.12.24 01:43:01.941,1.1505,1.1511,0.50,10.80
2007.12.24 01:43:02.059,1.1505,1.1511,0.50,10.80
2007.12.24 01:43:02.176,1.1505,1.1511,0.50,10.80
2007.12.24 01:43:02.293,1.1505,1.1511,0.50,10.80
2007.12.24 01:43:02.452,1.1505,1.1511,0.50,10.80
2007.12.24 01:43:02.609,1.1505,1.1511,0.50,10.80
2007.12.24 01:43:02.767,1.1505,1.1511,0.50,10.80
2007.12.24 01:43:02.924,1.1505,1.1511,0.50,10.80
2007.12.24 01:43:03.082,1.1505,1.1511,0.50,10.80
2007.12.24 01:43:03.240,1.1505,1.1511,0.50,10.80
2007.12.24 01:43:03.397,1.1505,1.1511,0.50,10.80
2007.12.24 01:43:03.570,1.1505,1.1511,0.50,10.80
2007.12.24 01:43:03.742,1.1505,1.1511,0.50,10.80
2007.12.24 01:43:03.916,1.1505,1.1511,0.50,10.80
2007.12.24 01:43:04.089,1.1505,1.1511,0.50,10.80
2007.12.24 01:43:04.261,1.1505,1.1511,0.50,10.80
2007.12.24 01:43:04.434,1.1505,1.1511,0.50,10.80
2007.12.24 01:43:04.536,1.1505,1.1511,0.50,10.80
2007.12.24 01:43:04.639,1.1505,1.1511,0.50,10.80
2007.12.24 01:43:04.742,1.1505,1.1511,0.50,10.80
2007.12.24 01:43:04.846,1.1505,1.1511,0.50,10.80
2007.12.24 01:43:04.947,1.1505,1.1511,0.50,10.80
2007.12.24 01:43:05.062,1.1505,1.1511,0.50,10.80
2007.12.24 01:43:05.165,1.1505,1.1511,0.50,10.80
2007.12.24 01:43:05.268,1.1505,1.1511,0.50,10.80
2007.12.24 01:43:05.415,1.1505,1.1511,0.50,10.80
2007.12.24 01:43:05.563,1.1505,1.1511,0.50,10.80
2007.12.24 01:43:05.711,1.1505,1.1511,0.50,10.80
2007.12.24 01:43:05.786,1.1505,1.1512,0.50,16.00
2007.12.24 01:43:05.858,1.1505,1.1511,0.50,0.70
2007.12.24 01:43:06.006,1.1505,1.1511,0.50,0.70
2007.12.24 01:43:06.153,1.1505,1.1511,0.50,0.50
2007.12.24 01:43:06.300,1.1505,1.1512,0.50,16.00
2007.12.24 01:43:06.448,1.1505,1.1511,0.50,0.50
2007.12.24 01:43:06.565,1.1505,1.1512,0.50,16.00
2007.12.24 01:43:06.684,1.1505,1.1512,0.50,16.00
2007.12.24 01:43:06.801,1.1505,1.1512,0.50,16.00
2007.12.24 01:43:06.919,1.1505,1.1512,0.50,16.00
2007.12.24 01:43:07.037,1.1505,1.1512,0.50,16.00
2007.12.24 01:43:07.154,1.1505,1.1512,0.50,16.00
2007.12.24 01:43:07.282,1.1505,1.1511,0.50,0.60
2007.12.24 01:43:07.400,1.1505,1.1511,0.50,0.90
2007.12.24 01:43:07.567,1.1505,1.1512,0.50,16.00
2007.12.24 01:43:07.735,1.1505,1.1512,0.50,16.00
2007.12.24 01:43:07.903,1.1505,1.1511,0.50,0.90
2007.12.24 01:43:08.070,1.1505,1.1512,0.50,16.00
2007.12.24 01:43:08.238,1.1505,1.1512,0.50,16.00
2007.12.24 01:43:08.406,1.1505,1.1512,0.50,16.00
2007.12.24 01:43:08.573,1.1505,1.1511,0.50,0.70
2007.12.24 01:43:08.697,1.1505,1.1512,0.50,16.00
2007.12.24 01:43:08.819,1.1505,1.1512,0.50,16.00
2007.12.24 01:43:08.941,1.1505,1.1511,0.50,0.80
2007.12.24 01:43:09.063,1.1505,1.1512,0.50,16.00
2007.12.24 01:43:09.186,1.1505,1.1512,0.50,16.00
2007.12.24 01:43:09.309,1.1505,1.1512,0.50,16.00
2007.12.24 01:43:09.431,1.1505,1.1512,0.50,16.00
2007.12.24 01:43:09.554,1.1505,1.1512,0.50,16.00
2007.12.24 01:43:09.791,1.1505,1.1512,0.50,16.00
2007.12.24 01:43:10.029,1.1505,1.1511,0.50,0.90
2007.12.24 01:43:10.267,1.1505,1.1511,0.50,0.50
2007.12.24 01:43:10.505,1.1505,1.1512,0.50,16.00
2007.12.24 01:43:10.637,1.1505,1.1511,0.50,0.90
2007.12.24 01:43:10.770,1.1505,1.1512,0.50,16.00
2007.12.24 01:43:10.902,1.1505,1.1511,0.50,0.50
2007.12.24 01:43:11.035,1.1505,1.1511,0.50,0.90
2007.12.24 01:43:11.168,1.1505,1.1512,0.50,16.00
2007.12.24 01:43:11.300,1.1505,1.1511,0.50,0.80
2007.12.24 01:43:11.432,1.1505,1.1512,0.50,16.00
2007.12.24 01:43:11.566,1.1505,1.1511,0.50,0.70
2007.12.24 01:43:11.763,1.1505,1.1512,0.50,16.00
2007.12.24 01:43:11.960,1.1505,1.1511,0.50,0.70
2007.12.24 01:43:12.159,1.1505,1.1512,0.50,16.00
2007.12.24 01:43:12.356,1.1505,1.1512,0.50,16.00
2007.12.24 01:43:12.554,1.1505,1.1511,0.50,0.60
2007.12.24 01:43:12.752,1.1505,1.1511,0.50,0.80
2007.12.24 01:43:12.880,1.1505,1.1512,0.50,16.00
2007.12.24 01:43:13.007,1.1505,1.1512,0.50,16.00
2007.12.24 01:43:13.135,1.1505,1.1511,0.50,0.90
2007.12.24 01:43:13.263,1.1505,1.1511,0.50,0.80
2007.12.24 01:43:13.390,1.1505,1.1512,0.50,16.00
2007.12.24 01:43:13.517,1.1505,1.1511,0.50,0.90
2007.12.24 01:43:13.644,1.1505,1.1512,0.50,16.00
2007.12.24 01:43:13.822,1.1505,1.1511,0.50,0.90
2007.12.24 01:43:14.000,1.1505,1.1512,0.50,16.00
2007.12.24 01:43:14.189,1.1505,1.1512,0.50,16.00
2007.12.24 01:43:14.356,1.1505,1.1512,0.50,16.00
2007.12.24 01:43:14.533,1.1505,1.1511,0.50,0.70
2007.12.24 01:43:14.712,1.1505,1.1511,0.50,0.90
2007.12.24 01:43:14.892,1.1505,1.1512,0.50,16.00
2007.12.24 01:43:15.059,1.1505,1.1511,0.50,0.50
2007.12.24 01:43:15.226,1.1505,1.1511,0.50,0.90
2007.12.24 01:43:15.394,1.1505,1.1512,0.50,16.00
2007.12.24 01:43:15.561,1.1505,1.1512,0.50,16.00
2007.12.24 01:43:15.729,1.1505,1.1511,0.50,0.60
2007.12.24 01:43:15.836,1.1505,1.1512,0.50,16.00
2007.12.24 01:43:15.943,1.1505,1.1511,0.50,0.90
2007.12.24 01:43:16.052,1.1505,1.1512,0.50,16.00
2007.12.24 01:43:16.159,1.1505,1.1512,0.50,16.00
2007.12.24 01:43:16.266,1.1505,1.1512,0.50,16.00
2007.12.24 01:43:16.375,1.1505,1.1512,0.50,16.00
2007.12.24 01:43:16.482,1.1505,1.1512,0.50,16.00
2007.12.24 01:43:16.590,1.1505,1.1511,0.50,0.70
2007.12.24 01:43:16.698,1.1505,1.1512,0.50,16.00
2007.12.24 01:43:16.805,1.1505,1.1512,0.50,16.00
2007.12.24 01:43:16.978,1.1505,1.1512,0.50,16.00
2007.12.24 01:43:17.150,1.1505,1.1512,0.50,16.00
2007.12.24 01:43:17.323,1.1505,1.1511,0.50,0.70
2007.12.24 01:43:17.495,1.1505,1.1511,0.50,0.80
2007.12.24 01:43:17.668,1.1505,1.1512,0.50,16.00
2007.12.24 01:43:17.840,1.1505,1.1512,0.50,16.00
2007.12.24 01:43:17.938,1.1505,1.1511,0.50,0.90
2007.12.24 01:43:18.035,1.1505,1.1512,0.50,16.00
2007.12.24 01:43:18.133,1.1505,1.1512,0.50,16.00
2007.12.24 01:43:18.232,1.1505,1.1512,0.50,16.00
2007.12.24 01:43:18.330,1.1505,1.1512,0.50,16.00
2007.12.24 01:43:18.428,1.1505,1.1512,0.50,16.00
2007.12.24 01:43:18.526,1.1505,1.1512,0.50,16.00
2007.12.24 01:43:18.623,1.1505,1.1512,0.50,16.00
2007.12.24 01:43:18.722,1.1505,1.1512,0.50,16.00
2007.12.24 01:43:18.819,1.1505,1.1512,0.50,16.00
2007.12.24 01:43:18.916,1.1505,1.1511,0.50,0.70
2007.12.24 01:43:19.209,1.1505,1.1512,0.50,16.00
2007.12.24 01:43:19.502,1.1505,1.1512,0.50,16.00
2007.12.24 01:43:19.795,1.1505,1.1512,0.50,16.00
2007.12.24 01:43:20.101,1.1505,1.1511,0.50,0.50
2007.12.24 01:43:20.224,1.1505,1.1511,0.50,0.80
2007.12.24 01:43:20.346,1.1505,1.1512,0.50,16.00
2007.12.24 01:43:20.469,1.1505,1.1512,0.50,16.00
2007.12.24 01:43:20.591,1.1505,1.1511,0.50,0.50
2007.12.24 01:43:20.714,1.1505,1.1511,0.50,0.90
2007.12.24 01:43:20.837,1.1505,1.1512,0.50,16.00
2007.12.24 01:43:20.959,1.1505,1.1511,0.50,0.50
2007.12.24 01:43:21.081,1.1505,1.1512,0.50,16.00
2007.12.24 01:43:21.329,1.1505,1.1511,0.50,0.50
2007.12.24 01:43:21.577,1.1505,1.1512,0.50,16.00
2007.12.24 01:43:21.824,1.1505,1.1511,0.50,0.50
2007.12.24 01:43:22.072,1.1505,1.1511,0.50,0.90
2007.12.24 01:43:22.149,1.1505,1.1511,0.50,0.50
2007.12.24 01:43:22.227,1.1505,1.1512,0.50,16.00
2007.12.24 01:43:22.306,1.1505,1.1512,0.50,16.00
2007.12.24 01:43:22.383,1.1505,1.1512,0.50,16.00
2007.12.24 01:43:22.460,1.1505,1.1512,0.50,16.00
2007.12.24 01:43:22.539,1.1505,1.1511,0.50,0.60
2007.12.24 01:43:22.617,1.1505,1.1511,0.50,0.50
2007.12.24 01:43:22.694,1.1505,1.1512,0.50,16.00
2007.12.24 01:43:22.771,1.1505,1.1511,0.50,0.80
2007.12.24 01:43:22.848,1.1505,1.1512,0.50,16.00
2007.12.24 01:43:22.926,1.1505,1.1512,0.50,16.00
2007.12.24 01:43:23.004,1.1505,1.1511,0.50,0.80
2007.12.24 01:43:23.082,1.1505,1.1511,0.50,0.90
2007.12.24 01:43:23.329,1.1505,1.1512,0.50,16.00
2007.12.24 01:43:23.577,1.1505,1.1511,0.50,0.90
2007.12.24 01:43:23.824,1.1505,1.1512,0.50,16.00
2007.12.24 01:43:24.072,1.1505,1.1511,0.50,0.80
2007.12.24 01:43:24.230,1.1505,1.1512,0.50,16.00
2007.12.24 01:43:24.389,1.1505,1.1511,0.50,0.80
2007.12.24 01:43:24.546,1.1505,1.1512,0.50,16.00
2007.12.24 01:43:24.704,1.1505,1.1511,0.50,0.50
2007.12.24 01:43:24.861,1.1505,1.1511,0.50,0.50
2007.12.24 01:43:25.019,1.1505,1.1511,0.50,0.80
2007.12.24 01:44:30.250,1.1504,1.1511,4.00,2.80
2007.12.24 01:44:30.392,1.1504,1.1511,2.80,0.50
2007.12.24 01:44:30.534,1.1504,1.1511,2.80,0.50
2007.12.24 01:44:30.677,1.1504,1.1511,2.80,0.50
2007.12.24 01:44:30.820,1.1504,1.151,2.80,0.50
2007.12.24 01:44:30.969,1.1504,1.151,0.50,10.80
2007.12.24 01:44:31.266,1.1504,1.151,0.50,10.80
2007.12.24 01:44:31.563,1.1504,1.151,0.50,10.80
2007.12.24 01:44:31.861,1.1504,1.151,0.50,10.80
2007.12.24 01:44:32.158,1.1504,1.151,0.50,10.80
2007.12.24 01:44:32.336,1.1504,1.151,0.50,10.80
2007.12.24 01:44:32.513,1.1504,1.151,0.50,10.80
2007.12.24 01:44:32.692,1.1504,1.151,0.50,10.80
2007.12.24 01:44:32.869,1.1504,1.151,0.50,10.80
2007.12.24 01:44:32.973,1.1504,1.151,0.50,0.90
2007.12.24 01:44:33.048,1.1504,1.151,0.50,0.50
2007.12.24 01:44:33.145,1.1504,1.1511,0.50,12.00
2007.12.24 01:44:33.242,1.1504,1.1511,0.50,12.00
2007.12.24 01:44:33.342,1.1504,1.151,0.50,0.50
2007.12.24 01:44:33.441,1.1504,1.1511,0.50,12.00
2007.12.24 01:44:33.538,1.1504,1.1511,0.50,12.00
2007.12.24 01:44:33.635,1.1504,1.1511,0.50,12.00
2007.12.24 01:44:33.734,1.1504,1.151,0.50,0.60
2007.12.24 01:44:33.831,1.1504,1.151,0.50,0.80
2007.12.24 01:44:33.928,1.1504,1.151,0.50,0.90
2007.12.24 01:44:34.096,1.1504,1.1511,0.50,12.00
2007.12.24 01:44:34.243,1.1504,1.1511,0.50,12.00
2007.12.24 01:44:34.401,1.1504,1.151,0.50,0.60
2007.12.24 01:44:34.558,1.1504,1.1511,0.50,12.00
2007.12.24 01:44:34.717,1.1504,1.151,0.50,0.60
2007.12.24 01:44:34.874,1.1504,1.1511,0.50,12.00
2007.12.24 01:44:35.031,1.1504,1.1511,0.50,12.00
2007.12.24 01:44:35.154,1.1504,1.151,0.50,0.60
2007.12.24 01:44:35.276,1.1504,1.151,0.50,0.50
2007.12.24 01:44:35.399,1.1504,1.1511,0.50,12.00
2007.12.24 01:44:35.522,1.1504,1.1511,0.50,12.00
2007.12.24 01:44:35.646,1.1504,1.1511,0.50,12.00
2007.12.24 01:44:35.769,1.1504,1.151,0.50,0.90
2007.12.24 01:44:35.891,1.1504,1.1511,0.50,12.00
2007.12.24 01:44:36.014,1.1504,1.151,0.50,0.50
2007.12.24 01:44:36.177,1.1504,1.1511,0.50,12.00
2007.12.24 01:44:36.340,1.1504,1.1511,0.50,12.00
2007.12.24 01:44:36.502,1.1504,1.1511,0.50,12.00
2007.12.24 01:44:36.666,1.1504,1.1511,0.50,12.00
2007.12.24 01:44:36.828,1.1504,1.1511,0.50,12.00
2007.12.24 01:44:36.990,1.1504,1.1511,0.50,12.00
2007.12.24 01:44:37.114,1.1504,1.1511,0.50,12.00
2007.12.24 01:44:37.236,1.1504,1.151,0.50,0.70
2007.12.24 01:44:37.359,1.1504,1.1511,0.50,12.00
2007.12.24 01:44:37.482,1.1504,1.1511,0.50,12.00
2007.12.24 01:44:37.604,1.1504,1.151,0.50,0.70
2007.12.24 01:44:37.727,1.1504,1.1511,0.50,12.00
2007.12.24 01:44:37.850,1.1504,1.1511,0.50,12.00
2007.12.24 01:44:37.973,1.1504,1.1511,0.50,12.00
2007.12.24 01:44:38.096,1.1504,1.151,0.50,0.90
2007.12.24 01:44:38.309,1.1504,1.1511,0.50,12.00
2007.12.24 01:44:38.521,1.1504,1.151,0.50,0.70
2007.12.24 01:44:38.734,1.1504,1.151,0.50,0.80
2007.12.24 01:44:38.946,1.1504,1.1511,0.50,12.00
2007.12.24 01:44:39.159,1.1504,1.1511,0.50,12.00
2007.12.24 01:44:39.264,1.1504,1.1511,0.50,12.00
2007.12.24 01:44:39.344,1.1504,1.1511,0.50,12.00
2007.12.24 01:44:39.437,1.1504,1.1511,0.50,12.00
2007.12.24 01:44:39.529,1.1504,1.1511,0.50,12.00
2007.12.24 01:44:39.622,1.1504,1.1511,0.50,12.00
2007.12.24 01:44:39.715,1.1504,1.1511,0.50,12.00
2007.12.24 01:44:39.808,1.1504,1.1511,0.50,12.00
2007.12.24 01:44:39.900,1.1504,1.1511,0.50,12.00
2007.12.24 01:44:39.993,1.1504,1.151,0.50,0.70
2007.12.24 01:44:40.161,1.1504,1.151,0.50,0.50
2007.12.24 01:44:40.330,1.1504,1.151,0.50,0.50
2007.12.24 01:44:40.497,1.1504,1.151,0.50,0.90
2007.12.24 01:44:40.665,1.1504,1.1511,0.50,12.00
2007.12.24 01:44:40.833,1.1504,1.1511,0.50,12.00
2007.12.24 01:44:41.001,1.1504,1.1511,0.50,12.00
2007.12.24 01:44:41.109,1.1504,1.151,0.50,0.50
2007.12.24 01:44:41.217,1.1504,1.1511,0.50,12.00
2007.12.24 01:44:41.325,1.1504,1.151,0.50,0.60
2007.12.24 01:44:41.432,1.1504,1.1511,0.50,12.00
2007.12.24 01:44:41.540,1.1504,1.151,0.50,0.90
2007.12.24 01:44:41.655,1.1504,1.1511,0.50,12.00
2007.12.24 01:44:41.762,1.1504,1.1511,0.50,12.00
2007.12.24 01:44:41.871,1.1504,1.151,0.50,0.60
2007.12.24 01:44:41.978,1.1504,1.151,0.50,0.60
2007.12.24 01:44:42.086,1.1504,1.1511,0.50,12.00
2007.12.24 01:44:42.334,1.1504,1.1511,0.50,12.00
2007.12.24 01:44:42.582,1.1504,1.151,0.50,0.80
2007.12.24 01:44:42.830,1.1504,1.1511,0.50,12.00
2007.12.24 01:44:43.077,1.1504,1.151,0.50,0.60
2007.12.24 01:44:43.180,1.1504,1.1511,0.50,12.00
2007.12.24 01:44:43.282,1.1504,1.1511,0.50,12.00
2007.12.24 01:44:43.386,1.1504,1.151,0.50,0.60
2007.12.24 01:44:43.488,1.1504,1.1511,0.50,12.00
2007.12.24 01:44:43.590,1.1504,1.151,0.50,0.60
2007.12.24 01:44:43.693,1.1504,1.1511,0.50,12.00
2007.12.24 01:44:43.805,1.1504,1.151,0.50,0.90
2007.12.24 01:44:43.909,1.1504,1.151,0.50,0.70
2007.12.24 01:44:44.011,1.1504,1.1511,0.50,12.00
2007.12.24 01:44:44.113,1.1504,1.1511,0.50,12.00
2007.12.24 01:44:44.224,1.1504,1.151,0.50,0.90
2007.12.24 01:44:44.442,1.1504,1.151,0.50,0.50
2007.12.24 01:44:44.660,1.1504,1.151,0.50,0.60
2007.12.24 01:44:44.877,1.1504,1.1511,0.50,12.00
2007.12.24 01:44:45.095,1.1504,1.151,0.50,0.70
2007.12.24 01:44:45.313,1.1504,1.1511,0.50,12.00
2007.12.24 01:44:45.455,1.1504,1.1511,0.50,12.00
2007.12.24 01:44:45.598,1.1504,1.1511,0.50,12.00
2007.12.24 01:44:45.741,1.1504,1.1511,0.50,12.00
2007.12.24 01:44:45.883,1.1504,1.1511,0.50,12.00
2007.12.24 01:44:46.026,1.1504,1.1511,0.50,12.00
2007.12.24 01:44:46.168,1.1504,1.1511,0.50,12.00
2007.12.24 01:44:46.311,1.1504,1.1511,0.50,12.00
2007.12.24 01:44:46.466,1.1504,1.151,0.50,0.90
2007.12.24 01:44:46.597,1.1504,1.151,0.50,0.80
2007.12.24 01:44:46.740,1.1504,1.1511,0.50,12.00
2007.12.24 01:44:46.883,1.1504,1.151,0.50,0.90
2007.12.24 01:44:47.026,1.1504,1.151,0.50,0.60
2007.12.24 01:44:47.168,1.1504,1.1511,0.50,12.00
2007.12.24 01:44:47.286,1.1504,1.1511,0.50,12.00
2007.12.24 01:44:47.404,1.1504,1.151,0.50,0.60
2007.12.24 01:44:47.522,1.1504,1.1511,0.50,12.00
2007.12.24 01:44:47.651,1.1504,1.151,0.50,0.50
2007.12.24 01:44:47.757,1.1504,1.1511,0.50,12.00
2007.12.24 01:44:47.874,1.1504,1.1511,0.50,12.00
2007.12.24 01:44:47.993,1.1504,1.151,0.50,0.60
2007.12.24 01:44:48.110,1.1504,1.151,0.50,0.70
2007.12.24 01:44:48.227,1.1504,1.151,0.50,0.60
2007.12.24 01:44:48.475,1.1504,1.151,0.50,0.60
2007.12.24 01:44:48.722,1.1504,1.1511,0.50,12.00
2007.12.24 01:44:48.969,1.1504,1.1511,0.50,12.00
2007.12.24 01:44:49.217,1.1504,1.1511,0.50,12.00
2007.12.24 01:44:49.305,1.1504,1.1511,0.50,12.00
2007.12.24 01:44:49.393,1.1504,1.151,0.50,0.80
2007.12.24 01:44:49.481,1.1504,1.151,0.50,0.70
2007.12.24 01:44:49.568,1.1504,1.1511,0.50,12.00
2007.12.24 01:44:49.656,1.1504,1.1511,0.50,12.00
2007.12.24 01:44:49.743,1.1504,1.1511,0.50,12.00
2007.12.24 01:44:49.832,1.1504,1.151,0.50,0.90
2007.12.24 01:44:49.918,1.1504,1.1511,0.50,12.00
2007.12.24 01:44:50.006,1.1504,1.151,0.50,0.80
2007.12.24 01:44:50.093,1.1504,1.1511,0.50,12.00
2007.12.24 01:44:50.181,1.1504,1.1511,0.50,12.00
2007.12.24 01:44:50.270,1.1504,1.151,0.50,0.50
2007.12.24 01:44:50.456,1.1504,1.1511,0.50,12.00
2007.12.24 01:44:50.644,1.1504,1.1511,0.50,12.00
2007.12.24 01:44:50.832,1.1504,1.1511,0.50,12.00
2007.12.24 01:44:51.020,1.1504,1.1511,0.50,12.00
2007.12.24 01:44:51.208,1.1504,1.151,0.50,0.50
2007.12.24 01:44:51.395,1.1504,1.1511,0.50,12.00
2007.12.24 01:44:51.554,1.1504,1.1511,0.50,12.00
2007.12.24 01:44:51.724,1.1504,1.1511,0.50,12.00
2007.12.24 01:44:51.881,1.1504,1.1511,0.50,12.00
2007.12.24 01:44:52.040,1.1504,1.1511,0.50,12.00
2007.12.24 01:44:52.196,1.1504,1.1511,0.50,12.00
2007.12.24 01:44:52.354,1.1504,1.151,0.50,0.50
2007.12.24 01:44:52.523,1.1504,1.1511,0.50,12.00
2007.12.24 01:44:52.619,1.1504,1.1511,0.50,12.00
2007.12.24 01:44:52.727,1.1504,1.151,0.50,0.70
2007.12.24 01:44:52.834,1.1504,1.151,0.50,0.70
2007.12.24 01:44:52.942,1.1504,1.1511,0.50,12.00
2007.12.24 01:44:53.049,1.1504,1.1511,0.50,12.00
2007.12.24 01:44:53.157,1.1504,1.151,0.50,0.70
2007.12.24 01:44:53.265,1.1504,1.1511,0.50,12.00
2007.12.24 01:44:53.373,1.1504,1.1511,0.50,12.00
2007.12.24 01:44:53.530,1.1504,1.151,0.50,0.60
2007.12.24 01:44:53.688,1.1504,1.1511,0.50,12.00
2007.12.24 01:44:53.845,1.1504,1.1511,0.50,12.00
2007.12.24 01:44:54.003,1.1504,1.151,0.50,0.50
2007.12.24 01:44:54.160,1.1504,1.151,0.50,0.80
2007.12.24 01:44:54.318,1.1504,1.151,0.50,0.50
2007.12.24 01:44:54.475,1.1504,1.1511,0.50,12.00
2007.12.24 01:44:54.678,1.1504,1.151,0.50,0.90
2007.12.24 01:44:54.880,1.1504,1.1511,0.50,12.00
2007.12.24 01:44:55.083,1.1504,1.151,0.50,0.80
2007.12.24 01:44:55.286,1.1504,1.1511,0.50,12.00
2007.12.24 01:44:55.489,1.1504,1.151,0.50,0.50
2007.12.24 01:44:55.691,1.1504,1.1511,0.50,12.00
2007.12.24 01:44:55.789,1.1504,1.1511,0.50,12.00
2007.12.24 01:44:55.888,1.1504,1.1511,0.50,12.00
2007.12.24 01:44:55.984,1.1504,1.151,0.50,0.50
2007.12.24 01:44:56.082,1.1504,1.151,0.50,0.90
2007.12.24 01:44:56.180,1.1504,1.151,0.50,0.70
2007.12.24 01:44:56.278,1.1504,1.1511,0.50,12.00
2007.12.24 01:44:56.383,1.1504,1.1511,0.50,12.00
2007.12.24 01:44:56.480,1.1504,1.151,0.50,0.90
2007.12.24 01:44:56.577,1.1504,1.1511,0.50,12.00
2007.12.24 01:44:56.730,1.1504,1.1511,0.50,12.00
2007.12.24 01:44:56.882,1.1504,1.1511,0.50,12.00
2007.12.24 01:44:57.035,1.1504,1.1511,0.50,12.00
2007.12.24 01:44:57.188,1.1504,1.151,0.50,0.90
2007.12.24 01:44:57.341,1.1504,1.1511,0.50,12.00
2007.12.24 01:44:57.494,1.1504,1.151,0.50,0.60
2007.12.24 01:44:57.646,1.1504,1.1511,0.50,12.00
2007.12.24 01:44:57.749,1.1504,1.1511,0.50,12.00
2007.12.24 01:44:57.851,1.1504,1.1511,0.50,12.00
2007.12.24 01:44:57.954,1.1504,1.1511,0.50,12.00
2007.12.24 01:44:58.057,1.1504,1.1511,0.50,12.00
2007.12.24 01:44:58.159,1.1504,1.1511,0.50,12.00
2007.12.24 01:44:58.262,1.1504,1.151,0.50,0.80
2007.12.24 01:44:58.365,1.1504,1.151,0.50,0.90
2007.12.24 01:44:58.467,1.1504,1.151,0.50,0.70
2007.12.24 01:44:58.570,1.1504,1.1511,0.50,12.00
2007.12.24 01:44:58.713,1.1504,1.151,0.50,0.80
2007.12.24 01:44:58.856,1.1504,1.1511,0.50,12.00
2007.12.24 01:44:58.999,1.1504,1.1511,0.50,12.00
2007.12.24 01:44:59.152,1.1504,1.1511,0.50,12.00
2007.12.24 01:44:59.295,1.1504,1.151,0.50,0.80
2007.12.24 01:44:59.438,1.1504,1.151,0.50,0.80
2007.12.24 01:44:59.581,1.1504,1.151,0.50,0.60
2007.12.24 01:44:59.794,1.1504,1.151,0.50,0.60
2007.12.24 01:45:00.006,1.1504,1.1511,0.50,12.00
2007.12.24 01:45:00.219,1.1504,1.151,0.50,0.90
2007.12.24 01:45:00.432,1.1504,1.151,0.50,0.80
2007.12.24 01:45:00.643,1.1504,1.151,0.50,0.70
2007.12.24 01:45:00.775,1.1504,1.1511,0.50,12.00
2007.12.24 01:45:00.908,1.1504,1.151,0.50,0.60
2007.12.24 01:45:01.040,1.15035,1.151,8.00,8.00
2007.12.24 01:45:01.172,1.15035,1.151,8.00,8.00
2007.12.24 01:45:01.305,1.15035,1.151,8.00,8.00
2007.12.24 01:45:01.437,1.15035,1.151,8.00,8.00
2007.12.24 01:45:01.569,1.15035,1.151,8.00,8.00
2007.12.24 01:45:01.702,1.15035,1.151,8.00,8.00
2007.12.24 01:45:01.814,1.15035,1.151,8.00,8.00
2007.12.24 01:45:01.926,1.15035,1.151,8.00,8.00
2007.12.24 01:45:02.038,1.15035,1.151,8.00,8.00
2007.12.24 01:45:02.151,1.15035,1.151,8.00,8.00
2007.12.24 01:45:02.263,1.15035,1.151,8.00,8.00
2007.12.24 01:45:02.375,1.15035,1.151,8.00,8.00
2007.12.24 01:45:02.488,1.15035,1.151,8.00,8.00
2007.12.24 01:45:02.600,1.15035,1.151,8.00,8.00
2007.12.24 01:45:02.727,1.15035,1.151,8.00,8.00
2007.12.24 01:45:02.854,1.15035,1.151,8.00,8.00
2007.12.24 01:45:02.995,1.15035,1.151,8.00,8.00
2007.12.24 01:45:03.122,1.15035,1.151,8.00,8.00
2007.12.24 01:45:03.249,1.15035,1.151,8.00,8.00
2007.12.24 01:45:03.376,1.15035,1.151,8.00,8.00
2007.12.24 01:45:03.504,1.15035,1.151,8.00,8.00
2007.12.24 01:45:03.631,1.15035,1.151,8.00,8.00
2007.12.24 01:45:03.748,1.15035,1.151,8.00,8.00
2007.12.24 01:45:03.865,1.15035,1.151,8.00,8.00
2007.12.24 01:45:03.983,1.15035,1.151,8.00,8.00
2007.12.24 01:45:04.100,1.15035,1.151,8.00,8.00
2007.12.24 01:45:04.218,1.15035,1.151,8.00,8.00
2007.12.24 01:45:04.335,1.15035,1.151,8.00,8.00
2007.12.24 01:45:04.453,1.15035,1.151,8.00,8.00
2007.12.24 01:45:04.569,1.15035,1.151,8.00,8.00
2007.12.24 01:45:04.687,1.15035,1.151,8.00,8.00
2007.12.24 01:45:04.848,1.15035,1.151,8.00,8.00
2007.12.24 01:45:05.011,1.15035,1.151,8.00,8.00
2007.12.24 01:45:05.187,1.15035,1.151,8.00,8.00
2007.12.24 01:45:05.336,1.15035,1.151,8.00,8.00
2007.12.24 01:45:05.498,1.15035,1.151,8.00,8.00
2007.12.24 01:45:05.661,1.15035,1.151,8.00,8.00
2007.12.24 01:45:05.818,1.15035,1.151,8.00,8.00
2007.12.24 01:45:05.976,1.15035,1.151,8.00,8.00
2007.12.24 01:45:06.133,1.15035,1.151,8.00,8.00
2007.12.24 01:45:06.290,1.15035,1.151,8.00,8.00
2007.12.24 01:45:06.448,1.15035,1.151,8.00,8.00
2007.12.24 01:45:06.605,1.15035,1.151,8.00,8.00
2007.12.24 01:45:06.763,1.15035,1.151,8.00,8.00
2007.12.24 01:45:06.866,1.15035,1.151,8.00,8.00
2007.12.24 01:45:06.980,1.15035,1.151,8.00,8.00
2007.12.24 01:45:07.071,1.15035,1.151,8.00,8.00
2007.12.24 01:45:07.173,1.15035,1.151,8.00,8.00
2007.12.24 01:45:07.275,1.15035,1.151,8.00,8.00
2007.12.24 01:45:07.377,1.15035,1.151,8.00,8.00
2007.12.24 01:45:07.480,1.15035,1.151,8.00,8.00
2007.12.24 01:45:07.583,1.15035,1.151,8.00,8.00
2007.12.24 01:45:07.685,1.15035,1.151,8.00,8.00
2007.12.24 01:45:07.788,1.15035,1.151,8.00,8.00
2007.12.24 01:45:07.890,1.15035,1.151,8.00,8.00
2007.12.24 01:45:09.719,1.15035,1.151,8.00,8.00
2007.12.24 01:45:09.820,1.15035,1.151,8.00,8.00
2007.12.24 01:45:09.923,1.15035,1.151,8.00,8.00
2007.12.24 01:45:10.096,1.15035,1.151,8.00,8.00
2007.12.24 01:45:10.269,1.15035,1.151,8.00,10.80
2007.12.24 01:45:10.442,1.1503,1.15095,14.80,8.00
2007.12.24 01:45:10.614,1.1503,1.15095,10.80,8.00
2007.12.24 01:45:10.788,1.1503,1.15095,10.80,8.00
2007.12.24 01:45:10.960,1.1503,1.15095,10.80,8.00
2007.12.24 01:45:11.203,1.1503,1.15095,10.80,8.00
2007.12.24 01:45:11.445,1.1503,1.15095,10.80,8.00
2007.12.24 01:45:11.688,1.1503,1.15095,10.80,8.00
2007.12.24 01:45:11.930,1.1503,1.15095,10.80,8.00
2007.12.24 01:45:12.038,1.1503,1.15095,10.80,8.00
2007.12.24 01:45:12.146,1.1503,1.15095,10.80,8.00
2007.12.24 01:45:12.253,1.1503,1.15095,10.80,8.00
2007.12.24 01:45:12.362,1.1503,1.15095,10.80,8.00
2007.12.24 01:45:12.469,1.1503,1.15095,10.80,8.00
2007.12.24 01:45:12.576,1.1503,1.15095,10.80,8.00
2007.12.24 01:45:12.685,1.1503,1.15095,10.80,8.00
2007.12.24 01:45:12.793,1.1503,1.15095,10.80,8.00
2007.12.24 01:45:12.899,1.1503,1.15095,10.80,8.00
2007.12.24 01:45:13.008,1.1503,1.15095,10.80,8.00
2007.12.24 01:45:13.145,1.1503,1.15095,10.80,8.00
2007.12.24 01:45:13.282,1.1503,1.15095,10.80,8.00
2007.12.24 01:45:13.421,1.1503,1.15095,10.80,8.00
2007.12.24 01:45:13.558,1.1503,1.15095,10.80,8.00
2007.12.24 01:45:13.695,1.1503,1.15095,10.80,8.00
2007.12.24 01:45:13.832,1.1503,1.15095,10.80,8.00
2007.12.24 01:45:13.971,1.1503,1.15095,10.80,8.00
2007.12.24 01:45:14.078,1.1503,1.15095,10.80,8.00
2007.12.24 01:45:14.185,1.1503,1.15095,10.80,8.00
2007.12.24 01:45:14.293,1.1503,1.15095,10.80,8.00
2007.12.24 01:45:14.402,1.1503,1.15095,10.80,8.00
2007.12.24 01:45:14.509,1.1503,1.15095,10.80,8.00
2007.12.24 01:45:14.616,1.1503,1.15095,10.80,8.00
2007.12.24 01:45:14.725,1.1503,1.15095,10.80,8.00
2007.12.24 01:45:14.832,1.1503,1.15095,10.80,8.00
2007.12.24 01:45:14.939,1.1503,1.15095,10.80,8.00
2007.12.24 01:45:15.048,1.1503,1.15095,10.80,8.00
2007.12.24 01:45:15.185,1.1503,1.15095,10.80,8.00
2007.12.24 01:45:15.322,1.1503,1.15095,10.80,8.00
2007.12.24 01:45:15.461,1.1503,1.15095,10.80,8.00
2007.12.24 01:45:15.598,1.1503,1.15095,10.80,8.00
2007.12.24 01:45:15.736,1.1503,1.15095,10.80,8.00
2007.12.24 01:45:15.873,1.1503,1.15095,10.80,8.00
2007.12.24 01:45:16.012,1.1503,1.15095,10.80,8.00
2007.12.24 01:45:16.184,1.1503,1.15095,10.80,8.00
2007.12.24 01:45:16.356,1.1503,1.15095,10.80,8.00
2007.12.24 01:45:16.530,1.1503,1.15095,10.80,8.00
2007.12.24 01:45:16.702,1.1503,1.15095,10.80,8.00
2007.12.24 01:45:16.879,1.1503,1.15095,10.80,8.00
2007.12.24 01:45:17.052,1.1503,1.15095,10.80,8.00
2007.12.24 01:45:17.225,1.1503,1.15095,10.80,8.00
2007.12.24 01:45:17.362,1.1503,1.15095,10.80,8.00
2007.12.24 01:45:17.499,1.1503,1.15095,10.80,8.00
2007.12.24 01:45:17.638,1.1503,1.15095,10.80,8.00
2007.12.24 01:45:17.775,1.1503,1.15095,10.80,8.00
2007.12.24 01:45:17.912,1.1503,1.15095,10.80,8.00
2007.12.24 01:45:18.051,1.1503,1.15095,10.80,8.00
2007.12.24 01:45:18.188,1.1503,1.15095,10.80,8.00
2007.12.24 01:45:18.300,1.1503,1.15095,10.80,8.00
2007.12.24 01:45:18.413,1.1503,1.15095,10.80,8.00
2007.12.24 01:45:18.527,1.1503,1.15095,10.80,8.00
2007.12.24 01:45:18.640,1.1503,1.15095,10.80,8.00
2007.12.24 01:45:18.752,1.1503,1.15095,10.80,8.00
2007.12.24 01:45:18.864,1.1503,1.15095,10.80,8.00
2007.12.24 01:45:18.976,1.1503,1.15095,10.80,8.00
2007.12.24 01:45:19.089,1.1503,1.15095,10.80,8.00
2007.12.24 01:45:19.203,1.1503,1.15095,10.80,8.00
2007.12.24 01:45:19.331,1.1503,1.15095,10.80,8.00
2007.12.24 01:45:19.458,1.1503,1.15095,10.80,8.00
2007.12.24 01:45:19.585,1.1503,1.15095,10.80,8.00
2007.12.24 01:45:19.712,1.1503,1.15095,10.80,8.00
2007.12.24 01:45:19.840,1.1503,1.15095,10.80,8.00
2007.12.24 01:45:19.969,1.1503,1.15095,10.80,8.00
2007.12.24 01:45:20.096,1.1503,1.15095,10.80,8.00
2007.12.24 01:45:20.224,1.1503,1.15095,10.80,8.00
2007.12.24 01:45:20.341,1.1503,1.15095,10.80,8.00
2007.12.24 01:45:20.460,1.1503,1.15095,10.80,8.00
2007.12.24 01:45:20.577,1.1503,1.15095,10.80,8.00
2007.12.24 01:45:20.694,1.1503,1.15095,10.80,8.00
2007.12.24 01:45:20.813,1.1503,1.15095,10.80,8.00
2007.12.24 01:45:20.930,1.1503,1.15095,10.80,8.00
2007.12.24 01:45:21.048,1.1503,1.15095,10.80,8.00
2007.12.24 01:45:21.179,1.1503,1.15095,10.80,8.00
2007.12.24 01:45:21.321,1.1503,1.15095,10.80,8.00
2007.12.24 01:45:21.465,1.1503,1.15095,10.80,8.00
2007.12.24 01:45:21.607,1.1503,1.15095,10.80,8.00
2007.12.24 01:45:21.750,1.1503,1.15095,10.80,8.00
2007.12.24 01:45:21.892,1.1503,1.15095,10.80,8.00
2007.12.24 01:45:22.034,1.1503,1.15095,10.80,8.00
2007.12.24 01:45:22.178,1.1503,1.15095,10.80,8.00
2007.12.24 01:45:22.403,1.1503,1.15095,10.80,8.00
2007.12.24 01:45:22.615,1.1503,1.15095,10.80,8.00
2007.12.24 01:45:22.828,1.1503,1.15095,10.80,8.00
2007.12.24 01:45:23.042,1.1503,1.15095,10.80,8.00
2007.12.24 01:45:23.254,1.1503,1.15095,10.80,8.00
2007.12.24 01:45:23.351,1.1503,1.15095,10.80,8.00
2007.12.24 01:45:23.448,1.1503,1.15095,10.80,8.00
2007.12.24 01:45:23.546,1.1503,1.15095,10.80,8.00
2007.12.24 01:45:23.644,1.1503,1.15095,10.80,8.00
2007.12.24 01:45:23.741,1.1503,1.15095,10.80,8.00
2007.12.24 01:45:23.839,1.1503,1.15095,10.80,8.00
2007.12.24 01:45:23.937,1.1503,1.15095,10.80,8.00
2007.12.24 01:45:24.034,1.1503,1.15095,10.80,8.00
2007.12.24 01:45:24.131,1.1503,1.15095,10.80,8.00
2007.12.24 01:45:24.229,1.1503,1.15095,10.80,8.00
2007.12.24 01:45:24.396,1.1503,1.15095,10.80,8.00
2007.12.24 01:45:24.564,1.1503,1.15095,10.80,8.00
2007.12.24 01:45:24.732,1.1503,1.15095,10.80,8.00
2007.12.24 01:45:24.899,1.1503,1.15095,10.80,8.00
2007.12.24 01:45:25.066,1.1503,1.15095,10.80,8.00
2007.12.24 01:45:25.234,1.1503,1.15095,10.80,8.00
2007.12.24 01:45:25.401,1.1503,1.15095,10.80,8.00
2007.12.24 01:45:25.500,1.1503,1.15095,10.80,8.00
2007.12.24 01:45:25.597,1.1503,1.15095,10.80,8.00
2007.12.24 01:45:25.695,1.1503,1.15095,10.80,8.00
2007.12.24 01:45:25.792,1.1503,1.15095,10.80,8.00
2007.12.24 01:45:25.889,1.1503,1.15095,10.80,8.00
2007.12.24 01:45:25.986,1.1503,1.15095,10.80,8.00
2007.12.24 01:45:26.084,1.1503,1.15095,10.80,8.00
2007.12.24 01:45:26.181,1.1503,1.15095,10.80,8.00
2007.12.24 01:45:26.280,1.1503,1.15095,10.80,8.00
2007.12.24 01:45:26.457,1.1503,1.15095,10.80,8.00
2007.12.24 01:45:26.635,1.1503,1.15095,10.80,8.00
2007.12.24 01:45:26.812,1.1503,1.15095,10.80,8.00
2007.12.24 01:45:26.989,1.1503,1.15095,10.80,8.00
2007.12.24 01:45:27.167,1.1503,1.15095,10.80,8.00
2007.12.24 01:45:27.345,1.1503,1.15095,10.80,8.00
2007.12.24 01:45:27.524,1.1503,1.15095,10.80,8.00
2007.12.24 01:45:27.701,1.1503,1.15095,10.80,8.00
2007.12.24 01:45:27.880,1.1503,1.15095,10.80,8.00
2007.12.24 01:45:28.057,1.1503,1.15095,10.80,8.00
2007.12.24 01:45:28.235,1.1503,1.15095,10.80,8.00
2007.12.24 01:45:28.412,1.1503,1.15095,10.80,8.00
2007.12.24 01:45:28.610,1.1503,1.15095,10.80,8.00
2007.12.24 01:45:28.807,1.1503,1.15095,10.80,8.00
2007.12.24 01:45:29.005,1.1503,1.15095,10.80,8.00
2007.12.24 01:45:29.092,1.1503,1.15095,10.80,0.70
2007.12.24 01:45:29.202,1.1503,1.151,10.80,8.50
2007.12.24 01:45:29.400,1.1503,1.15095,10.80,0.50
2007.12.24 01:45:29.507,1.1503,1.151,10.80,8.50
2007.12.24 01:45:29.614,1.1503,1.151,10.80,8.50
2007.12.24 01:45:29.722,1.1503,1.15095,10.80,0.90
2007.12.24 01:45:29.829,1.1503,1.151,10.80,8.50
2007.12.24 01:45:29.936,1.1503,1.15095,10.80,0.60
2007.12.24 01:45:30.044,1.1503,1.15095,10.80,0.90
2007.12.24 01:45:30.152,1.1503,1.151,10.80,8.50
2007.12.24 01:45:30.259,1.1503,1.151,10.80,8.50
2007.12.24 01:45:30.366,1.1503,1.15095,10.80,0.70
2007.12.24 01:45:30.474,1.1503,1.15095,10.80,0.50
2007.12.24 01:45:30.627,1.1503,1.151,10.80,8.50
2007.12.24 01:45:30.780,1.1503,1.15095,10.80,0.80
2007.12.24 01:45:30.932,1.1503,1.151,10.80,8.50
2007.12.24 01:45:31.085,1.1503,1.15095,10.80,0.80
2007.12.24 01:45:31.237,1.1503,1.15095,10.80,0.70
2007.12.24 01:45:31.390,1.1503,1.151,10.80,8.50
2007.12.24 01:45:31.543,1.1503,1.151,10.80,8.50
2007.12.24 01:45:31.675,1.1503,1.151,10.80,8.50
2007.12.24 01:45:31.808,1.1503,1.15095,10.80,0.50
2007.12.24 01:45:31.940,1.1503,1.15095,10.80,0.60
2007.12.24 01:45:32.074,1.1503,1.151,10.80,8.50
2007.12.24 01:45:32.206,1.1503,1.151,10.80,8.50
2007.12.24 01:45:32.338,1.1503,1.151,10.80,8.50
2007.12.24 01:45:32.483,1.1503,1.151,10.80,8.50
2007.12.24 01:45:32.608,1.1503,1.151,10.80,8.50
2007.12.24 01:45:32.746,1.1503,1.151,10.80,8.50
2007.12.24 01:45:32.883,1.1503,1.151,10.80,8.50
2007.12.24 01:45:33.021,1.1503,1.151,10.80,8.50
2007.12.24 01:45:33.160,1.1503,1.15095,10.80,0.80
2007.12.24 01:45:33.297,1.1503,1.15095,10.80,0.90
2007.12.24 01:45:33.434,1.1503,1.151,10.80,8.50
2007.12.24 01:45:33.631,1.1503,1.151,10.80,8.50
2007.12.24 01:45:33.829,1.1503,1.151,10.80,8.50
2007.12.24 01:45:34.027,1.1503,1.151,10.80,8.50
2007.12.24 01:45:34.225,1.1503,1.151,10.80,8.50
2007.12.24 01:45:34.423,1.1503,1.15095,10.80,0.50
2007.12.24 01:45:34.621,1.1503,1.151,10.80,8.50
2007.12.24 01:45:34.729,1.1503,1.151,10.80,8.50
2007.12.24 01:45:34.836,1.1503,1.151,10.80,8.50
2007.12.24 01:45:34.944,1.1503,1.15095,10.80,0.70
2007.12.24 01:45:35.051,1.1503,1.15095,10.80,0.80
2007.12.24 01:45:35.159,1.1503,1.15095,10.80,0.80
2007.12.24 01:45:35.266,1.1503,1.151,10.80,8.50
2007.12.24 01:45:35.374,1.1503,1.15095,10.80,0.90
2007.12.24 01:45:35.482,1.1503,1.151,10.80,8.50
2007.12.24 01:45:35.590,1.1503,1.151,10.80,8.50
2007.12.24 01:45:35.742,1.1503,1.15095,10.80,0.70
2007.12.24 01:45:35.907,1.1503,1.151,10.80,8.50
2007.12.24 01:45:36.047,1.1503,1.15095,10.80,0.80
2007.12.24 01:45:36.200,1.1503,1.15095,10.80,0.50
2007.12.24 01:45:36.352,1.1503,1.15095,10.80,0.60
2007.12.24 01:45:36.505,1.1503,1.151,10.80,8.50
2007.12.24 01:45:36.657,1.1503,1.151,10.80,8.50
2007.12.24 01:45:36.760,1.1503,1.15095,10.80,0.90
2007.12.24 01:45:36.862,1.1503,1.15095,10.80,0.70
2007.12.24 01:45:36.977,1.1503,1.15095,10.80,0.70
2007.12.24 01:45:37.079,1.1503,1.151,10.80,8.50
2007.12.24 01:45:37.182,1.1503,1.15095,10.80,0.60
2007.12.24 01:45:37.284,1.1503,1.151,10.80,8.50
2007.12.24 01:45:37.386,1.1503,1.15095,10.80,0.90
2007.12.24 01:45:37.489,1.1503,1.15095,10.80,0.50
2007.12.24 01:45:37.592,1.1503,1.151,10.80,8.50
2007.12.24 01:45:37.694,1.1503,1.151,10.80,8.50
2007.12.24 01:45:37.841,1.1503,1.151,10.80,8.50
2007.12.24 01:45:37.988,1.1503,1.151,10.80,8.50
2007.12.24 01:45:38.136,1.1503,1.15095,10.80,0.80
2007.12.24 01:45:38.284,1.1503,1.151,10.80,8.50
2007.12.24 01:45:38.432,1.1503,1.15095,10.80,0.70
2007.12.24 01:45:38.580,1.1503,1.15095,10.80,0.70
2007.12.24 01:45:38.728,1.1503,1.151,10.80,8.50
2007.12.24 01:45:38.831,1.1503,1.15095,10.80,0.80
2007.12.24 01:45:38.933,1.1503,1.151,10.80,8.50
2007.12.24 01:45:39.036,1.1503,1.151,10.80,8.50
2007.12.24 01:45:39.139,1.1503,1.15095,10.80,0.60
2007.12.24 01:45:39.242,1.1503,1.15095,10.80,0.70
2007.12.24 01:45:39.345,1.1503,1.15095,10.80,0.70
2007.12.24 01:45:39.447,1.1503,1.151,10.80,8.50
2007.12.24 01:45:39.550,1.1503,1.15095,10.80,0.60
2007.12.24 01:45:39.658,1.1503,1.151,10.80,8.50
2007.12.24 01:45:39.762,1.1503,1.151,10.80,8.50
2007.12.24 01:45:39.955,1.1503,1.151,10.80,8.50
2007.12.24 01:45:40.149,1.1503,1.15095,10.80,0.50
2007.12.24 01:45:40.341,1.1503,1.15095,10.80,0.50
2007.12.24 01:45:40.535,1.1503,1.151,10.80,8.50
2007.12.24 01:45:40.738,1.1503,1.15095,8.00,0.80
2007.12.24 01:45:40.836,1.1503,1.1511,8.00,10.00
2007.12.24 01:45:40.933,1.1503,1.15095,8.00,0.90
2007.12.24 01:45:41.030,1.1503,1.15095,8.00,0.50
2007.12.24 01:45:41.127,1.1503,1.1511,8.00,10.00
2007.12.24 01:45:41.224,1.1503,1.1511,8.00,10.00
2007.12.24 01:45:41.321,1.1503,1.1511,8.00,10.00
2007.12.24 01:45:41.418,1.1503,1.1511,8.00,10.00
2007.12.24 01:45:41.515,1.1503,1.15095,8.00,0.80
2007.12.24 01:45:41.613,1.1503,1.1511,8.00,10.00
2007.12.24 01:45:41.711,1.1503,1.1511,8.00,10.00
2007.12.24 01:45:41.809,1.1503,1.1511,8.00,10.00
2007.12.24 01:45:41.976,1.1503,1.1511,8.00,10.00
2007.12.24 01:45:42.143,1.1503,1.1511,8.00,10.00
2007.12.24 01:45:42.310,1.1503,1.15095,8.00,0.80
2007.12.24 01:45:42.478,1.1503,1.1511,8.00,10.00
2007.12.24 01:45:42.645,1.1503,1.1511,8.00,10.00
2007.12.24 01:45:42.813,1.1503,1.1511,8.00,10.00
2007.12.24 01:45:42.910,1.1503,1.1511,8.00,10.00
2007.12.24 01:45:43.007,1.1503,1.1511,8.00,10.00
2007.12.24 01:45:43.105,1.1503,1.15095,8.00,0.80
2007.12.24 01:45:43.202,1.1503,1.1511,8.00,10.00
2007.12.24 01:45:43.299,1.1503,1.1511,8.00,10.00
2007.12.24 01:45:43.396,1.1503,1.15095,8.00,0.50
2007.12.24 01:45:43.494,1.1503,1.1511,8.00,10.00
2007.12.24 01:45:43.592,1.1503,1.15095,8.00,0.60
2007.12.24 01:45:43.689,1.1503,1.1511,8.00,10.00
2007.12.24 01:45:43.786,1.1503,1.1511,8.00,10.00
2007.12.24 01:45:43.883,1.1503,1.15095,8.00,0.80
2007.12.24 01:45:44.046,1.1503,1.1511,8.00,10.00
2007.12.24 01:45:44.208,1.1503,1.1511,8.00,10.00
2007.12.24 01:45:44.370,1.1503,1.1511,8.00,10.00
2007.12.24 01:45:44.533,1.1503,1.1511,8.00,10.00
2007.12.24 01:45:44.695,1.1503,1.15095,8.00,0.60
2007.12.24 01:45:44.858,1.1503,1.1511,8.00,10.00
2007.12.24 01:45:44.995,1.1503,1.15095,8.00,0.80
2007.12.24 01:45:45.133,1.1503,1.15095,8.00,0.70
2007.12.24 01:45:45.270,1.1503,1.15095,8.00,0.90
2007.12.24 01:45:45.408,1.1503,1.15095,8.00,0.80
2007.12.24 01:45:45.545,1.1503,1.1511,8.00,10.00
2007.12.24 01:45:45.682,1.1503,1.1511,8.00,10.00
2007.12.24 01:45:45.820,1.1503,1.1511,8.00,10.00
2007.12.24 01:45:45.957,1.1503,1.15095,8.00,0.70
2007.12.24 01:45:46.130,1.1503,1.15095,8.00,0.80
2007.12.24 01:45:46.302,1.1503,1.1511,8.00,10.00
2007.12.24 01:45:46.475,1.1503,1.15095,8.00,0.70
2007.12.24 01:45:46.647,1.1503,1.15095,8.00,0.50
2007.12.24 01:45:46.819,1.1503,1.1511,8.00,10.00
2007.12.24 01:45:46.992,1.1503,1.1511,8.00,10.00
2007.12.24 01:45:47.089,1.1503,1.1511,8.00,10.00
2007.12.24 01:45:47.186,1.1503,1.1511,8.00,10.00
2007.12.24 01:45:47.284,1.1503,1.1511,8.00,10.00
2007.12.24 01:45:47.382,1.1503,1.15095,8.00,0.70
2007.12.24 01:45:47.479,1.1503,1.15095,8.00,0.60
2007.12.24 01:45:47.576,1.1503,1.15095,8.00,0.90
2007.12.24 01:45:47.673,1.1503,1.15095,8.00,0.60
2007.12.24 01:45:47.771,1.1503,1.1511,8.00,10.00
2007.12.24 01:45:47.869,1.1503,1.1511,8.00,10.00
2007.12.24 01:45:47.966,1.1503,1.15095,8.00,0.90
2007.12.24 01:45:48.108,1.1503,1.15095,8.00,0.80
2007.12.24 01:45:48.251,1.1503,1.1511,8.00,10.00
2007.12.24 01:45:48.393,1.1503,1.15095,8.00,0.90
2007.12.24 01:45:48.535,1.1503,1.1511,8.00,10.00
2007.12.24 01:45:48.678,1.1503,1.1511,8.00,10.00
2007.12.24 01:45:48.820,1.1503,1.1511,8.00,10.00
2007.12.24 01:45:48.963,1.1503,1.15095,8.00,0.80
2007.12.24 01:45:49.070,1.1503,1.15095,8.00,0.70
2007.12.24 01:45:49.177,1.1503,1.1511,8.00,10.00
2007.12.24 01:45:49.284,1.1503,1.1511,8.00,10.00
2007.12.24 01:45:49.392,1.1503,1.15095,8.00,0.70
2007.12.24 01:45:49.499,1.1503,1.15095,8.00,0.80
2007.12.24 01:45:49.606,1.1503,1.1511,8.00,10.00
2007.12.24 01:45:49.714,1.1503,1.1511,8.00,10.00
2007.12.24 01:45:49.822,1.1503,1.1511,8.00,10.00
2007.12.24 01:45:49.929,1.1503,1.1511,8.00,10.00
2007.12.24 01:45:50.066,1.1503,1.1511,8.00,10.00
2007.12.24 01:45:50.204,1.1503,1.1511,8.00,10.00
2007.12.24 01:45:50.341,1.1503,1.1511,8.00,10.00
2007.12.24 01:45:50.478,1.1503,1.15095,8.00,0.50
2007.12.24 01:45:50.616,1.1503,1.15095,8.00,0.50
2007.12.24 01:45:50.754,1.1503,1.1511,8.00,10.00
2007.12.24 01:45:50.891,1.1503,1.1511,8.00,10.00
2007.12.24 01:45:51.029,1.1503,1.15095,8.00,0.50
2007.12.24 01:45:51.192,1.1503,1.15095,8.00,0.90
2007.12.24 01:45:51.355,1.1503,1.15095,8.00,0.70
2007.12.24 01:45:51.517,1.1503,1.15095,8.00,0.60
2007.12.24 01:45:51.679,1.1503,1.1511,8.00,10.00
2007.12.24 01:45:51.842,1.1503,1.15095,8.00,0.80
2007.12.24 01:45:52.004,1.1503,1.1511,8.00,10.00
2007.12.24 01:45:52.142,1.1503,1.1511,8.00,10.00
2007.12.24 01:45:52.280,1.1503,1.1511,8.00,10.00
2007.12.24 01:45:52.417,1.1503,1.15095,8.00,0.70
2007.12.24 01:45:52.554,1.1503,1.1511,8.00,10.00
2007.12.24 01:45:52.692,1.1503,1.1511,8.00,10.00
2007.12.24 01:45:52.829,1.1503,1.1511,8.00,10.00
2007.12.24 01:45:52.967,1.1503,1.15095,8.00,0.90
2007.12.24 01:45:53.104,1.1503,1.1511,8.00,10.00
2007.12.24 01:45:53.236,1.1503,1.1511,8.00,10.00
2007.12.24 01:45:53.369,1.1503,1.15095,8.00,0.90
2007.12.24 01:45:53.501,1.1503,1.15095,8.00,0.50
2007.12.24 01:45:53.634,1.1503,1.15095,8.00,0.80
2007.12.24 01:45:53.766,1.1503,1.1511,8.00,10.00
2007.12.24 01:45:53.898,1.1503,1.1511,8.00,10.00
2007.12.24 01:45:54.031,1.1503,1.1511,8.00,10.00
2007.12.24 01:45:54.144,1.1503,1.1511,8.00,10.00
2007.12.24 01:45:54.256,1.1503,1.1511,8.00,10.00
2007.12.24 01:45:54.368,1.1503,1.15095,8.00,0.80
2007.12.24 01:45:54.481,1.1503,1.1511,8.00,10.00
2007.12.24 01:45:54.593,1.1503,1.1511,8.00,10.00
2007.12.24 01:45:54.707,1.1503,1.15095,8.00,0.70
2007.12.24 01:45:54.819,1.1503,1.15105,8.00,8.20
2007.12.24 01:45:54.943,1.1503,1.15105,8.00,8.20
2007.12.24 01:45:55.044,1.1503,1.15105,8.00,8.20
2007.12.24 01:45:55.236,1.1503,1.15095,8.00,0.70
2007.12.24 01:45:55.428,1.1503,1.15105,8.00,8.20
2007.12.24 01:45:55.622,1.1503,1.15105,8.00,8.20
2007.12.24 01:45:55.814,1.1503,1.15105,8.00,8.20
2007.12.24 01:45:56.006,1.1503,1.15105,8.00,8.20
2007.12.24 01:45:56.198,1.1503,1.15105,8.00,8.20
2007.12.24 01:45:56.295,1.1503,1.15105,8.00,8.20
2007.12.24 01:45:56.394,1.1503,1.15105,8.00,8.20
2007.12.24 01:45:56.502,1.1503,1.15105,8.00,8.20
2007.12.24 01:45:56.599,1.1503,1.15105,8.00,8.20
2007.12.24 01:45:56.696,1.1503,1.15105,8.00,8.20
2007.12.24 01:45:56.794,1.1503,1.15105,8.00,8.20
2007.12.24 01:45:56.891,1.1503,1.15105,8.00,8.20
2007.12.24 01:45:56.988,1.1503,1.15105,8.00,8.20
2007.12.24 01:45:57.086,1.1503,1.15105,8.00,8.20
2007.12.24 01:45:57.183,1.1503,1.15105,8.00,8.20
2007.12.24 01:45:57.385,1.1503,1.15105,8.00,8.20
2007.12.24 01:45:57.589,1.1503,1.15095,8.00,0.70
2007.12.24 01:45:57.791,1.1503,1.15105,8.00,8.20
2007.12.24 01:45:57.994,1.1503,1.15095,8.00,0.80
2007.12.24 01:45:58.209,1.1503,1.15095,8.00,8.00
2007.12.24 01:45:58.275,1.1503,1.15095,8.00,8.00
2007.12.24 01:45:58.352,1.1503,1.15095,8.00,8.00
2007.12.24 01:45:58.429,1.1503,1.15095,8.00,8.00
2007.12.24 01:45:58.506,1.1503,1.15095,8.00,8.00
2007.12.24 01:45:58.585,1.1503,1.15095,8.00,8.00
2007.12.24 01:45:58.662,1.1503,1.15095,8.00,8.00
2007.12.24 01:45:58.739,1.1503,1.15095,8.00,8.00
2007.12.24 01:45:58.817,1.1503,1.15095,8.00,8.00
2007.12.24 01:45:58.895,1.1503,1.15095,8.00,8.00
2007.12.24 01:45:58.972,1.1503,1.15095,8.00,8.00
2007.12.24 01:45:59.049,1.1503,1.15095,8.00,8.00
2007.12.24 01:45:59.126,1.1503,1.15095,8.00,8.00
2007.12.24 01:45:59.205,1.1503,1.15095,8.00,8.00
2007.12.24 01:45:59.392,1.1503,1.15095,8.00,8.00
2007.12.24 01:45:59.579,1.1503,1.15095,8.00,8.00
2007.12.24 01:45:59.766,1.1503,1.15095,8.00,8.00
2007.12.24 01:45:59.953,1.1503,1.15095,8.00,8.00
2007.12.24 01:46:00.141,1.1503,1.15095,8.00,8.00
2007.12.24 01:46:00.329,1.1503,1.15095,8.00,8.00
2007.12.24 01:46:00.446,1.1503,1.15095,8.00,8.00
2007.12.24 01:46:00.563,1.1503,1.15095,8.00,8.00
2007.12.24 01:46:00.680,1.1503,1.15095,8.00,8.00
2007.12.24 01:46:00.799,1.1503,1.15095,8.00,8.00
2007.12.24 01:46:00.916,1.1503,1.15095,8.00,8.00
2007.12.24 01:46:01.033,1.1503,1.15095,8.00,8.00
2007.12.24 01:46:01.151,1.1503,1.15095,8.00,8.00
2007.12.24 01:46:01.268,1.1503,1.15095,8.00,8.00
2007.12.24 01:46:01.420,1.1503,1.15095,8.00,8.00
2007.12.24 01:46:01.572,1.1503,1.15095,8.00,8.00
2007.12.24 01:46:01.727,1.1503,1.15095,8.00,8.00
2007.12.24 01:46:01.879,1.1503,1.15095,8.00,8.00
2007.12.24 01:46:02.031,1.1503,1.15095,8.00,8.00
2007.12.24 01:46:02.184,1.1503,1.15095,8.00,8.00
2007.12.24 01:46:02.336,1.1503,1.15095,8.00,8.00
2007.12.24 01:46:02.488,1.1503,1.15095,8.00,8.00
2007.12.24 01:46:02.641,1.1503,1.15095,8.00,8.00
2007.12.24 01:46:02.794,1.1503,1.15095,8.00,8.00
2007.12.24 01:46:02.946,1.1503,1.15095,8.00,8.00
2007.12.24 01:46:03.099,1.1503,1.15095,8.00,8.00
2007.12.24 01:46:03.252,1.1503,1.15095,8.00,8.00
2007.12.24 01:46:03.405,1.1503,1.15095,8.00,8.00
2007.12.24 01:46:03.532,1.1503,1.15095,8.00,8.00
2007.12.24 01:46:03.659,1.1503,1.15095,8.00,8.00
2007.12.24 01:46:03.786,1.1503,1.15095,8.00,8.00
2007.12.24 01:46:03.914,1.1503,1.15095,8.00,8.00
2007.12.24 01:46:04.042,1.1503,1.15095,8.00,8.00
2007.12.24 01:46:04.169,1.1503,1.15095,8.00,8.00
2007.12.24 01:46:04.296,1.1503,1.15095,8.00,8.00
2007.12.24 01:46:04.423,1.1503,1.15095,8.00,8.00
2007.12.24 01:46:04.542,1.1503,1.15095,8.00,8.00
2007.12.24 01:46:04.659,1.1503,1.15095,8.00,8.00
2007.12.24 01:46:04.788,1.1503,1.15095,8.00,8.00
2007.12.24 01:46:04.895,1.1503,1.15095,8.00,8.00
2007.12.24 01:46:05.012,1.1503,1.15095,8.00,8.00
2007.12.24 01:46:05.129,1.1503,1.15095,8.00,8.00
2007.12.24 01:46:05.246,1.1503,1.15095,8.00,8.00
2007.12.24 01:46:05.365,1.1503,1.15095,8.00,8.00
2007.12.24 01:46:05.532,1.1503,1.15095,8.00,8.00
2007.12.24 01:46:05.700,1.1503,1.15095,8.00,8.00
2007.12.24 01:46:05.867,1.1503,1.15095,8.00,8.00
2007.12.24 01:46:06.034,1.1503,1.15095,8.00,8.00
2007.12.24 01:46:06.214,1.1503,1.15095,8.00,8.00
2007.12.24 01:46:06.381,1.1503,1.15095,8.00,8.00
2007.12.24 01:46:06.548,1.1503,1.15095,8.00,8.00
2007.12.24 01:46:06.697,1.1503,1.15095,8.00,8.00
2007.12.24 01:46:06.844,1.1503,1.15095,8.00,8.00
2007.12.24 01:46:06.991,1.1503,1.15095,8.00,8.00
2007.12.24 01:46:07.140,1.1503,1.15095,8.00,8.00
2007.12.24 01:46:07.287,1.1503,1.15095,8.00,8.00
2007.12.24 01:46:07.434,1.1503,1.15095,8.00,8.00
2007.12.24 01:46:07.582,1.1503,1.15095,8.00,8.00
2007.12.24 01:46:07.710,1.1503,1.15095,8.00,8.00
2007.12.24 01:46:07.838,1.1503,1.15095,8.00,8.00
2007.12.24 01:46:07.965,1.1503,1.15095,8.00,8.00
2007.12.24 01:46:08.092,1.1503,1.15095,8.00,8.00
2007.12.24 01:46:08.220,1.1503,1.15095,8.00,8.00
2007.12.24 01:46:08.358,1.1504,1.15095,0.50,8.00
2007.12.24 01:46:08.486,1.1504,1.15095,0.50,8.00
2007.12.24 01:46:08.654,1.1504,1.15095,0.50,8.00
2007.12.24 01:46:08.822,1.1504,1.15095,0.50,8.00
2007.12.24 01:46:08.990,1.1504,1.151,0.50,10.80
2007.12.24 01:46:09.157,1.1504,1.151,0.50,10.80
2007.12.24 01:46:09.325,1.1504,1.151,0.50,10.80
2007.12.24 01:46:09.504,1.1504,1.151,0.50,10.80
2007.12.24 01:46:09.672,1.1504,1.151,0.50,10.80
2007.12.24 01:46:09.840,1.15035,1.151,8.00,10.80
2007.12.24 01:46:10.007,1.1503,1.1509,0.50,10.80
2007.12.24 01:46:10.176,1.1503,1.1509,0.50,10.80
2007.12.24 01:46:10.344,1.1503,1.1509,0.50,10.80
2007.12.24 01:46:10.511,1.1503,1.1509,0.50,10.80
2007.12.24 01:46:10.678,1.1503,1.1509,0.50,10.80
2007.12.24 01:46:10.847,1.1503,1.1509,0.50,10.80
2007.12.24 01:46:11.014,1.1503,1.1509,0.50,10.80
2007.12.24 01:46:11.182,1.1503,1.1509,0.50,10.80
2007.12.24 01:46:11.350,1.1503,1.1509,0.50,10.80
2007.12.24 01:46:11.517,1.1503,1.1509,0.50,10.80
2007.12.24 01:46:11.685,1.1503,1.1509,0.50,10.80
2007.12.24 01:46:11.788,1.1503,1.1509,0.50,10.80
2007.12.24 01:46:11.890,1.1503,1.1509,0.50,10.80
2007.12.24 01:46:11.992,1.1503,1.1509,0.50,10.80
2007.12.24 01:46:12.095,1.1503,1.1509,0.50,10.80
2007.12.24 01:46:12.198,1.1503,1.1509,0.50,10.80
2007.12.24 01:46:12.300,1.1503,1.1509,0.50,10.80
2007.12.24 01:46:12.402,1.1503,1.1509,0.50,10.80
2007.12.24 01:46:12.504,1.1503,1.1509,0.50,10.80
2007.12.24 01:46:12.608,1.1503,1.1509,0.50,10.80
2007.12.24 01:46:12.765,1.1503,1.1509,0.50,10.80
2007.12.24 01:46:12.922,1.1503,1.1509,0.50,10.80
2007.12.24 01:46:13.081,1.1503,1.1509,0.50,10.80
2007.12.24 01:46:13.239,1.1503,1.1509,0.50,10.80
2007.12.24 01:46:13.396,1.1503,1.1509,0.50,10.80
2007.12.24 01:46:13.553,1.1503,1.1509,0.50,10.80
2007.12.24 01:46:13.712,1.1503,1.1509,0.50,10.80
2007.12.24 01:46:13.819,1.1503,1.1509,0.50,10.80
2007.12.24 01:46:13.926,1.1503,1.1509,0.50,10.80
2007.12.24 01:46:14.035,1.1503,1.1509,0.50,10.80
2007.12.24 01:46:14.142,1.1503,1.1509,0.50,10.80
2007.12.24 01:46:14.249,1.1503,1.1509,0.50,10.80
2007.12.24 01:46:14.358,1.1503,1.1509,0.50,10.80
2007.12.24 01:46:14.465,1.1503,1.1509,0.50,10.80
2007.12.24 01:46:14.572,1.1503,1.1509,0.50,10.80
2007.12.24 01:46:14.681,1.1503,1.1509,0.50,10.80
2007.12.24 01:46:14.813,1.1503,1.1509,0.50,10.80
2007.12.24 01:46:14.946,1.1503,1.1509,0.50,10.80
2007.12.24 01:46:15.079,1.1503,1.1509,0.50,10.80
2007.12.24 01:46:15.211,1.1503,1.1509,0.50,10.80
2007.12.24 01:46:15.344,1.1503,1.1509,0.50,10.80
2007.12.24 01:46:15.476,1.1503,1.1509,0.50,10.80
2007.12.24 01:46:15.610,1.1503,1.1509,0.50,10.80
2007.12.24 01:46:15.738,1.1503,1.1509,0.50,10.80
2007.12.24 01:46:15.865,1.1503,1.1509,0.50,10.80
2007.12.24 01:46:15.992,1.1503,1.1509,0.50,10.80
2007.12.24 01:46:16.121,1.1503,1.1509,0.50,10.80
2007.12.24 01:46:16.248,1.1503,1.1509,0.50,10.80
2007.12.24 01:46:16.376,1.1503,1.1509,0.50,10.80
2007.12.24 01:46:16.503,1.1503,1.1509,0.50,10.80
2007.12.24 01:46:16.631,1.1503,1.1509,0.50,10.80
2007.12.24 01:46:16.783,1.1503,1.1509,0.50,10.80
2007.12.24 01:46:16.935,1.1503,1.1509,0.50,10.80
2007.12.24 01:46:17.089,1.1503,1.1509,0.50,10.80
2007.12.24 01:46:17.241,1.1503,1.1509,0.50,10.80
2007.12.24 01:46:17.395,1.1503,1.1509,0.50,10.80
2007.12.24 01:46:17.547,1.1503,1.1509,0.50,10.80
2007.12.24 01:46:17.699,1.1503,1.1509,0.50,10.80
2007.12.24 01:46:17.818,1.1503,1.1509,0.50,10.80
2007.12.24 01:46:17.935,1.1503,1.1509,0.50,10.80
2007.12.24 01:46:18.052,1.1503,1.1509,0.50,10.80
2007.12.24 01:46:18.170,1.1503,1.1509,0.50,10.80
2007.12.24 01:46:18.288,1.1503,1.1509,0.50,10.80
2007.12.24 01:46:18.405,1.1503,1.1509,0.50,10.80
2007.12.24 01:46:18.522,1.1503,1.1509,0.50,10.80
2007.12.24 01:46:18.640,1.1503,1.1509,0.50,10.80
2007.12.24 01:46:18.758,1.1503,1.1509,0.50,10.80
2007.12.24 01:46:18.890,1.1503,1.1509,0.50,10.80
2007.12.24 01:46:19.024,1.1503,1.1509,0.50,10.80
2007.12.24 01:46:19.156,1.1503,1.1509,0.50,10.80
2007.12.24 01:46:19.290,1.1503,1.1509,0.50,10.80
2007.12.24 01:46:19.422,1.1503,1.1509,0.50,10.80
2007.12.24 01:46:19.554,1.1503,1.1509,0.50,10.80
2007.12.24 01:46:19.699,1.1503,1.1509,0.50,10.80
2007.12.24 01:46:19.819,1.1503,1.1509,0.50,10.80
2007.12.24 01:46:19.953,1.1503,1.1509,0.50,10.80
2007.12.24 01:46:20.085,1.1503,1.1509,0.50,10.80
2007.12.24 01:46:20.218,1.1503,1.1509,0.50,10.80
2007.12.24 01:46:20.350,1.1503,1.1509,0.50,10.80
2007.12.24 01:46:20.483,1.1503,1.1509,0.50,10.80
2007.12.24 01:46:20.615,1.1503,1.1509,0.50,10.80
2007.12.24 01:46:20.748,1.1503,1.1509,0.50,10.80
2007.12.24 01:46:20.865,1.1503,1.1509,0.50,10.80
2007.12.24 01:46:20.984,1.1503,1.1509,0.50,10.80
2007.12.24 01:46:21.101,1.1503,1.1509,0.50,10.80
2007.12.24 01:46:21.219,1.1503,1.1509,0.50,10.80
2007.12.24 01:46:21.343,1.1503,1.1509,0.50,10.80
2007.12.24 01:46:21.460,1.1503,1.1509,0.50,10.80
2007.12.24 01:46:21.578,1.1503,1.1509,0.50,10.80
2007.12.24 01:46:21.697,1.1503,1.1509,0.50,10.80
2007.12.24 01:46:21.814,1.1503,1.1509,0.50,10.80
2007.12.24 01:46:21.946,1.1503,1.1509,0.50,10.80
2007.12.24 01:46:22.080,1.1503,1.1509,0.50,10.80
2007.12.24 01:46:22.212,1.1503,1.1509,0.50,10.80
2007.12.24 01:46:22.344,1.1503,1.1509,0.50,10.80
2007.12.24 01:46:22.478,1.1503,1.1509,0.50,10.80
2007.12.24 01:46:22.610,1.1503,1.1509,0.50,10.80
2007.12.24 01:46:22.743,1.1503,1.1509,0.50,10.80
2007.12.24 01:46:22.875,1.1503,1.1509,0.50,10.80
2007.12.24 01:46:22.997,1.1503,1.1509,0.50,10.80
2007.12.24 01:46:23.120,1.1503,1.1509,0.50,10.80
2007.12.24 01:46:23.242,1.1503,1.1509,0.50,10.80
2007.12.24 01:46:23.365,1.1503,1.1509,0.50,10.80
2007.12.24 01:46:23.487,1.1503,1.1509,0.50,10.80
2007.12.24 01:46:23.610,1.1503,1.1509,0.50,10.80
2007.12.24 01:46:23.732,1.1503,1.1509,0.50,10.80
2007.12.24 01:46:23.856,1.1503,1.1509,0.50,10.80
2007.12.24 01:46:23.978,1.1503,1.1509,0.50,10.80
2007.12.24 01:46:24.161,1.1503,1.1509,0.50,10.80
2007.12.24 01:46:24.343,1.1503,1.1509,0.50,10.80
2007.12.24 01:46:24.526,1.1503,1.1509,0.50,10.80
2007.12.24 01:46:24.710,1.1503,1.1509,0.50,10.80
2007.12.24 01:46:24.892,1.1503,1.1509,0.50,10.80
2007.12.24 01:46:25.082,1.1503,1.1509,0.50,10.80
2007.12.24 01:46:25.160,1.1503,1.1509,0.50,10.80
2007.12.24 01:46:25.239,1.1503,1.1509,0.50,10.80
2007.12.24 01:46:25.316,1.1503,1.1509,0.50,10.80
2007.12.24 01:46:25.393,1.1503,1.1509,0.50,10.80
2007.12.24 01:46:25.471,1.1503,1.1509,0.50,10.80
2007.12.24 01:46:25.549,1.1503,1.1509,0.50,10.80
2007.12.24 01:46:25.627,1.1503,1.1509,0.50,10.80
2007.12.24 01:46:25.704,1.1503,1.1509,0.50,10.80
2007.12.24 01:46:25.781,1.1503,1.1509,0.50,10.80
2007.12.24 01:46:25.858,1.1503,1.1509,0.50,10.80
2007.12.24 01:46:25.936,1.1503,1.1509,0.50,10.80
2007.12.24 01:46:26.134,1.1503,1.1509,0.50,10.80
2007.12.24 01:46:26.332,1.1503,1.1509,0.50,10.80
2007.12.24 01:46:26.530,1.1503,1.1509,0.50,10.80
2007.12.24 01:46:26.727,1.1503,1.1509,0.50,10.80
2007.12.24 01:46:26.925,1.1503,1.1509,0.50,10.80
2007.12.24 01:46:27.002,1.1503,1.1509,0.50,10.80
2007.12.24 01:46:27.079,1.1503,1.1509,0.50,10.80
2007.12.24 01:46:27.156,1.1503,1.1509,0.50,10.80
2007.12.24 01:46:27.217,1.15025,1.1509,8.50,10.80
2007.12.24 01:46:27.233,1.15025,1.1509,8.50,10.80
2007.12.24 01:46:27.318,1.1503,1.1509,0.50,10.80
2007.12.24 01:46:27.396,1.15025,1.1509,8.50,10.80
2007.12.24 01:46:27.474,1.15025,1.1509,8.50,10.80
2007.12.24 01:46:27.551,1.15025,1.1509,8.50,10.80
2007.12.24 01:46:27.629,1.1503,1.1509,0.50,10.80
2007.12.24 01:46:27.707,1.15025,1.1509,8.50,10.80
2007.12.24 01:46:27.786,1.1503,1.1509,0.50,10.80
2007.12.24 01:46:27.864,1.15025,1.1509,8.50,10.80
2007.12.24 01:46:27.941,1.15025,1.1509,8.50,10.80
2007.12.24 01:46:28.138,1.15025,1.1509,8.50,10.80
2007.12.24 01:46:28.335,1.1503,1.1509,0.50,10.80
2007.12.24 01:46:28.533,1.1503,1.1509,0.50,10.80
2007.12.24 01:46:28.732,1.1503,1.1509,0.50,10.80
2007.12.24 01:46:28.930,1.1503,1.1509,0.50,10.80
2007.12.24 01:46:29.127,1.1503,1.1509,0.50,10.80
2007.12.24 01:46:29.209,1.1503,1.1509,0.50,10.80
2007.12.24 01:46:29.292,1.15025,1.1509,8.50,10.80
2007.12.24 01:46:29.376,1.15025,1.1509,8.50,10.80
2007.12.24 01:46:29.458,1.1503,1.1509,0.50,10.80
2007.12.24 01:46:29.540,1.15025,1.1509,8.50,10.80
2007.12.24 01:46:29.623,1.1503,1.1509,0.50,10.80
2007.12.24 01:46:29.706,1.1503,1.1509,0.50,10.80
2007.12.24 01:46:29.789,1.1503,1.1509,0.50,10.80
2007.12.24 01:46:29.871,1.1503,1.1509,0.50,10.80
2007.12.24 01:46:29.953,1.15025,1.1509,8.50,10.80
2007.12.24 01:46:30.037,1.15025,1.1509,8.50,10.80
2007.12.24 01:46:30.204,1.15025,1.1509,8.50,10.80
2007.12.24 01:46:30.371,1.15025,1.1509,8.50,10.80
2007.12.24 01:46:30.539,1.1503,1.1509,0.50,10.80
2007.12.24 01:46:30.707,1.15025,1.1509,8.50,10.80
2007.12.24 01:46:30.874,1.15025,1.1509,8.50,10.80
2007.12.24 01:46:31.043,1.1503,1.1509,0.50,10.80
2007.12.24 01:46:31.135,1.15025,1.1509,8.50,10.80
2007.12.24 01:46:31.227,1.1503,1.1509,0.50,10.80
2007.12.24 01:46:31.319,1.1503,1.1509,0.50,10.80
2007.12.24 01:46:31.425,1.15025,1.1509,8.50,10.80
2007.12.24 01:46:31.505,1.1503,1.1509,0.50,10.80
2007.12.24 01:46:31.597,1.15025,1.1509,8.50,10.80
2007.12.24 01:46:31.689,1.15025,1.1509,8.50,10.80
2007.12.24 01:46:31.783,1.1503,1.1509,0.50,10.80
2007.12.24 01:46:31.875,1.1503,1.1509,0.50,10.80
2007.12.24 01:46:31.967,1.15025,1.1509,8.50,10.80
2007.12.24 01:46:32.060,1.1503,1.1509,0.50,10.80
2007.12.24 01:46:32.222,1.1503,1.1509,0.50,10.80
2007.12.24 01:46:32.384,1.1503,1.1509,0.50,10.80
2007.12.24 01:46:32.547,1.1503,1.1509,0.50,10.80
2007.12.24 01:46:32.710,1.15025,1.1509,8.50,10.80
2007.12.24 01:46:32.872,1.15025,1.1509,8.50,10.80
2007.12.24 01:46:33.036,1.15025,1.1509,8.50,10.80
2007.12.24 01:46:33.198,1.15025,1.1509,8.50,10.80
2007.12.24 01:46:33.295,1.15025,1.1509,8.50,10.80
2007.12.24 01:46:33.392,1.1503,1.1509,0.50,10.80
2007.12.24 01:46:33.490,1.1503,1.1509,0.50,10.80
2007.12.24 01:46:33.589,1.15025,1.1509,8.50,10.80
2007.12.24 01:46:33.686,1.1503,1.1509,0.50,10.80
2007.12.24 01:46:33.783,1.1503,1.1509,0.50,10.80
2007.12.24 01:46:33.880,1.1503,1.1509,0.50,10.80
2007.12.24 01:46:33.983,1.15025,1.1509,8.50,10.80
2007.12.24 01:46:34.082,1.15025,1.1509,8.50,10.80
2007.12.24 01:46:34.230,1.1503,1.1509,0.50,10.80
2007.12.24 01:46:34.378,1.15025,1.1509,8.50,10.80
2007.12.24 01:46:34.525,1.15025,1.1509,8.50,10.80
2007.12.24 01:46:34.672,1.15025,1.1509,8.50,10.80
2007.12.24 01:46:34.819,1.1503,1.1509,0.50,10.80
2007.12.24 01:46:34.966,1.15025,1.1509,8.50,10.80
2007.12.24 01:46:35.114,1.15025,1.1509,8.50,10.80
2007.12.24 01:46:35.262,1.1503,1.1509,0.50,10.80
2007.12.24 01:46:35.369,1.15025,1.1509,8.50,10.80
2007.12.24 01:46:35.476,1.1503,1.1509,0.50,10.80
2007.12.24 01:46:35.584,1.1503,1.1509,0.50,10.80
2007.12.24 01:46:35.693,1.1503,1.1509,0.50,10.80
2007.12.24 01:46:35.800,1.15025,1.1509,8.50,10.80
2007.12.24 01:46:35.907,1.15025,1.1509,8.50,10.80
2007.12.24 01:46:36.015,1.1503,1.1509,0.50,10.80
2007.12.24 01:46:36.124,1.15025,1.1509,8.50,10.80
2007.12.24 01:46:36.231,1.15025,1.1509,8.50,10.80
2007.12.24 01:46:36.368,1.15025,1.1509,8.50,10.80
2007.12.24 01:46:36.505,1.15025,1.1509,8.50,10.80
2007.12.24 01:46:36.643,1.1503,1.1509,0.50,10.80
2007.12.24 01:46:36.781,1.15025,1.1509,8.50,10.80
2007.12.24 01:46:36.918,1.15025,1.1509,8.50,10.80
2007.12.24 01:46:37.055,1.15025,1.1509,8.50,10.80
2007.12.24 01:46:37.193,1.1503,1.1509,0.50,10.80
2007.12.24 01:46:37.310,1.15025,1.1509,8.50,10.80
2007.12.24 01:46:37.427,1.15025,1.1509,8.50,10.80
2007.12.24 01:46:37.545,1.15025,1.1509,8.50,10.80
2007.12.24 01:46:37.663,1.15025,1.1509,8.50,10.80
2007.12.24 01:46:37.781,1.1503,1.1509,0.50,10.80
2007.12.24 01:46:37.898,1.15025,1.1509,8.50,10.80
2007.12.24 01:46:38.016,1.1503,1.1509,0.50,10.80
2007.12.24 01:46:38.134,1.15025,1.1509,8.50,10.80
2007.12.24 01:46:38.251,1.1503,1.1509,0.50,10.80
2007.12.24 01:46:38.378,1.15025,1.1509,8.50,10.80
2007.12.24 01:46:38.507,1.15025,1.1509,8.50,10.80
2007.12.24 01:46:38.634,1.1503,1.1509,0.50,10.80
2007.12.24 01:46:38.762,1.15025,1.1509,8.50,10.80
2007.12.24 01:46:38.890,1.1503,1.1509,0.50,10.80
2007.12.24 01:46:39.017,1.15025,1.1509,8.50,10.80
2007.12.24 01:46:39.145,1.1503,1.1509,0.50,10.80
2007.12.24 01:46:39.273,1.15025,1.1509,8.50,10.80
2007.12.24 01:46:39.446,1.15025,1.1509,8.50,10.80
2007.12.24 01:46:39.618,1.1503,1.1509,0.50,10.80
2007.12.24 01:46:39.791,1.15025,1.1509,8.50,10.80
2007.12.24 01:46:39.963,1.15025,1.1509,8.50,10.80
2007.12.24 01:47:27.689,1.15025,1.1509,8.00,8.00
2007.12.24 01:47:27.823,1.1504,1.1509,0.50,10.80
2007.12.24 01:47:27.956,1.1504,1.1509,0.50,2.80
2007.12.24 01:47:28.089,1.1504,1.1509,0.50,6.80
2007.12.24 01:47:28.221,1.1504,1.1509,0.50,6.80
2007.12.24 01:47:28.353,1.1504,1.1509,0.50,6.80
2007.12.24 01:47:28.487,1.1504,1.1509,0.50,6.80
2007.12.24 01:47:28.619,1.1504,1.1509,0.50,6.80
2007.12.24 01:47:28.753,1.1504,1.1509,0.50,6.80
2007.12.24 01:47:28.915,1.1504,1.1509,0.50,6.80
2007.12.24 01:47:29.079,1.1504,1.1509,0.50,6.80
2007.12.24 01:47:29.241,1.1504,1.1509,0.50,6.80
2007.12.24 01:47:29.404,1.1504,1.1509,0.50,6.80
2007.12.24 01:47:29.566,1.1504,1.1509,0.50,6.80
2007.12.24 01:47:29.729,1.1504,1.1509,0.50,6.80
2007.12.24 01:47:29.827,1.1504,1.1509,0.50,6.80
2007.12.24 01:47:29.924,1.1504,1.1509,0.50,6.80
2007.12.24 01:47:30.021,1.1504,1.1509,0.50,6.80
2007.12.24 01:47:30.120,1.1504,1.1509,0.50,6.80
2007.12.24 01:47:30.217,1.1504,1.1509,0.50,6.80
2007.12.24 01:47:30.314,1.1504,1.1509,0.50,6.80
2007.12.24 01:47:30.413,1.1504,1.1509,0.50,6.80
2007.12.24 01:47:30.510,1.1504,1.1509,0.50,6.80
2007.12.24 01:47:30.607,1.1504,1.1509,0.50,6.80
2007.12.24 01:47:30.716,1.1504,1.1509,0.50,6.80
2007.12.24 01:47:30.802,1.1504,1.1509,0.50,6.80
2007.12.24 01:47:30.974,1.1504,1.1509,0.50,6.80
2007.12.24 01:47:31.146,1.1504,1.1509,0.50,6.80
2007.12.24 01:47:31.319,1.1504,1.1509,0.50,6.80
2007.12.24 01:47:31.493,1.1504,1.1509,0.50,6.80
2007.12.24 01:47:31.665,1.1504,1.1509,0.50,6.80
2007.12.24 01:47:31.839,1.1504,1.1509,0.50,6.80
2007.12.24 01:47:31.976,1.1504,1.1509,0.50,6.80
2007.12.24 01:47:32.113,1.1504,1.1509,0.50,6.80
2007.12.24 01:47:32.252,1.1504,1.1509,0.50,6.80
2007.12.24 01:47:32.389,1.1504,1.1509,0.50,6.80
2007.12.24 01:47:32.526,1.1504,1.1509,0.50,6.80
2007.12.24 01:47:32.664,1.1504,1.1509,0.50,6.80
2007.12.24 01:47:32.801,1.1504,1.1509,0.50,6.80
2007.12.24 01:47:32.938,1.1504,1.1509,0.50,6.80
2007.12.24 01:47:33.076,1.1504,1.1509,0.50,6.80
2007.12.24 01:47:33.213,1.1504,1.1509,0.50,6.80
2007.12.24 01:47:33.351,1.1504,1.1509,0.50,6.80
2007.12.24 01:47:33.488,1.1504,1.1509,0.50,6.80
2007.12.24 01:47:33.626,1.1504,1.1509,0.50,6.80
2007.12.24 01:47:33.763,1.1504,1.1509,0.50,6.80
2007.12.24 01:47:33.901,1.1504,1.1509,0.50,6.80
2007.12.24 01:47:34.064,1.1504,1.1509,0.50,6.80
2007.12.24 01:47:34.227,1.1504,1.1509,0.50,6.80
2007.12.24 01:47:34.389,1.1504,1.1509,0.50,6.80
2007.12.24 01:47:34.551,1.1504,1.1509,0.50,6.80
2007.12.24 01:47:34.714,1.1504,1.1509,0.50,6.80
2007.12.24 01:47:34.876,1.1504,1.1509,0.50,6.80
2007.12.24 01:47:35.003,1.1504,1.1509,0.50,6.80
2007.12.24 01:47:35.131,1.1504,1.1509,0.50,6.80
2007.12.24 01:47:35.259,1.1504,1.1509,0.50,6.80
2007.12.24 01:47:35.386,1.1504,1.1509,0.50,6.80
2007.12.24 01:47:35.514,1.1504,1.1509,0.50,6.80
2007.12.24 01:47:35.642,1.1504,1.1509,0.50,6.80
2007.12.24 01:47:35.769,1.1504,1.1509,0.50,6.80
2007.12.24 01:47:35.896,1.1504,1.1509,0.50,6.80
2007.12.24 01:47:36.109,1.1504,1.1509,0.50,6.80
2007.12.24 01:47:36.324,1.1504,1.1509,0.50,6.80
2007.12.24 01:47:36.537,1.1504,1.1509,0.50,6.80
2007.12.24 01:47:36.749,1.1504,1.1509,0.50,6.80
2007.12.24 01:47:36.961,1.1504,1.1509,0.50,6.80
2007.12.24 01:47:37.100,1.1504,1.1509,0.50,6.80
2007.12.24 01:47:37.238,1.1504,1.1509,0.50,6.80
2007.12.24 01:47:37.375,1.1504,1.1509,0.50,6.80
2007.12.24 01:47:37.512,1.1504,1.1509,0.50,6.80
2007.12.24 01:47:37.650,1.1504,1.1509,0.50,6.80
2007.12.24 01:47:37.787,1.1504,1.1509,0.50,6.80
2007.12.24 01:47:37.925,1.1504,1.1509,0.50,6.80
2007.12.24 01:47:38.063,1.1504,1.1509,0.50,6.80
2007.12.24 01:47:38.185,1.1504,1.1509,0.50,6.80
2007.12.24 01:47:38.307,1.1504,1.1509,0.50,6.80
2007.12.24 01:47:38.430,1.1504,1.1509,0.50,6.80
2007.12.24 01:47:38.554,1.1504,1.1509,0.50,6.80
2007.12.24 01:47:38.676,1.1504,1.1509,0.50,6.80
2007.12.24 01:47:38.799,1.1504,1.1509,0.50,6.80
2007.12.24 01:47:38.921,1.1504,1.1509,0.50,6.80
2007.12.24 01:47:39.057,1.1504,1.1509,0.50,6.80
2007.12.24 01:47:39.166,1.1504,1.1509,0.50,6.80
2007.12.24 01:47:39.284,1.1504,1.1509,0.50,6.80
2007.12.24 01:47:39.402,1.1504,1.1509,0.50,6.80
2007.12.24 01:47:39.519,1.1504,1.1509,0.50,6.80
2007.12.24 01:47:39.637,1.1504,1.1509,0.50,6.80
2007.12.24 01:47:39.755,1.1504,1.1509,0.50,6.80
2007.12.24 01:47:39.872,1.1504,1.1509,0.50,6.80
2007.12.24 01:47:39.991,1.1504,1.1509,0.50,6.80
2007.12.24 01:47:40.108,1.1504,1.1509,0.50,6.80
2007.12.24 01:47:40.241,1.1504,1.1509,0.50,6.80
2007.12.24 01:47:40.373,1.1504,1.1509,0.50,6.80
2007.12.24 01:47:40.518,1.1504,1.1509,0.50,6.80
2007.12.24 01:47:40.649,1.1504,1.1509,0.50,6.80
2007.12.24 01:47:40.782,1.1504,1.1509,0.50,6.80
2007.12.24 01:47:40.914,1.1504,1.1509,0.50,6.80
2007.12.24 01:47:41.047,1.1504,1.1509,0.50,6.80
2007.12.24 01:47:41.180,1.1504,1.1509,0.50,6.80
2007.12.24 01:47:41.350,1.1504,1.1509,0.50,6.80
2007.12.24 01:47:41.495,1.1504,1.1509,0.50,6.80
2007.12.24 01:47:41.653,1.1504,1.1509,0.50,6.80
2007.12.24 01:47:41.811,1.1504,1.1509,0.50,6.80
2007.12.24 01:47:41.968,1.1504,1.1509,0.50,6.80
2007.12.24 01:47:42.126,1.1504,1.1509,0.50,6.80
2007.12.24 01:47:42.283,1.1504,1.1509,0.50,6.80
2007.12.24 01:47:42.397,1.1504,1.1509,0.50,6.80
2007.12.24 01:47:42.509,1.1504,1.1509,0.50,6.80
2007.12.24 01:47:42.621,1.1504,1.1509,0.50,6.80
2007.12.24 01:47:42.733,1.1504,1.1509,0.50,6.80
2007.12.24 01:47:42.846,1.1504,1.1509,0.50,6.80
2007.12.24 01:47:42.959,1.1504,1.1509,0.50,6.80
2007.12.24 01:47:43.072,1.1504,1.1509,0.50,6.80
2007.12.24 01:47:43.185,1.1504,1.1509,0.50,6.80
2007.12.24 01:47:43.383,1.1504,1.1509,0.50,6.80
2007.12.24 01:47:43.581,1.1504,1.1509,0.50,6.80
2007.12.24 01:47:43.779,1.1504,1.1509,0.50,6.80
2007.12.24 01:47:43.976,1.1504,1.1509,0.50,6.80
2007.12.24 01:47:44.174,1.1504,1.1509,0.50,6.80
2007.12.24 01:47:44.296,1.1504,1.1509,0.50,6.80
2007.12.24 01:47:44.419,1.1504,1.1509,0.50,6.80
2007.12.24 01:47:44.542,1.1504,1.1509,0.50,6.80
2007.12.24 01:47:44.664,1.1504,1.1509,0.50,6.80
2007.12.24 01:47:44.787,1.1504,1.1509,0.50,6.80
2007.12.24 01:47:44.909,1.1504,1.1509,0.50,6.80
2007.12.24 01:47:45.032,1.1504,1.1509,0.50,6.80
2007.12.24 01:47:45.154,1.1504,1.1509,0.50,6.80
2007.12.24 01:47:45.277,1.1504,1.1509,0.50,6.80
2007.12.24 01:47:45.405,1.1504,1.1509,0.50,6.80
2007.12.24 01:47:45.532,1.1504,1.1509,0.50,6.80
2007.12.24 01:47:45.660,1.1504,1.1509,0.50,6.80
2007.12.24 01:47:45.788,1.1504,1.1509,0.50,6.80
2007.12.24 01:47:45.916,1.1504,1.1509,0.50,6.80
2007.12.24 01:47:46.044,1.1504,1.1509,0.50,6.80
2007.12.24 01:47:46.171,1.1504,1.1509,0.50,6.80
2007.12.24 01:47:46.298,1.1504,1.1509,0.50,6.80
2007.12.24 01:47:46.416,1.1504,1.1509,0.50,6.80
2007.12.24 01:47:46.534,1.1504,1.1509,0.50,6.80
2007.12.24 01:47:46.651,1.1504,1.1509,0.50,6.80
2007.12.24 01:47:46.769,1.1504,1.1509,0.50,6.80
2007.12.24 01:47:46.887,1.1504,1.1509,0.50,6.80
2007.12.24 01:47:47.004,1.1504,1.1509,0.50,6.80
2007.12.24 01:47:47.122,1.1504,1.1509,0.50,6.80
2007.12.24 01:47:47.239,1.1504,1.1509,0.50,6.80
2007.12.24 01:47:47.357,1.1504,1.1509,0.50,6.80
2007.12.24 01:47:47.484,1.1504,1.1509,0.50,6.80
2007.12.24 01:47:47.612,1.1504,1.1509,0.50,6.80
2007.12.24 01:47:47.740,1.1504,1.1509,0.50,6.80
2007.12.24 01:47:47.868,1.1504,1.1509,0.50,6.80
2007.12.24 01:47:47.995,1.1504,1.1509,0.50,6.80
2007.12.24 01:47:48.124,1.1504,1.1509,0.50,6.80
2007.12.24 01:47:48.251,1.1504,1.1509,0.50,6.80
2007.12.24 01:47:48.379,1.1504,1.1509,0.50,6.80
2007.12.24 01:47:48.502,1.1504,1.1509,0.50,6.80
2007.12.24 01:47:48.624,1.1504,1.1509,0.50,6.80
2007.12.24 01:47:48.747,1.1504,1.1509,0.50,6.80
2007.12.24 01:47:48.870,1.1504,1.1509,0.50,6.80
2007.12.24 01:47:48.992,1.1504,1.1509,0.50,6.80
2007.12.24 01:47:49.114,1.1504,1.1509,0.50,6.80
2007.12.24 01:47:49.237,1.1504,1.1509,0.50,6.80
2007.12.24 01:47:49.360,1.1504,1.1509,0.50,6.80
2007.12.24 01:47:49.477,1.1504,1.1509,0.50,6.80
2007.12.24 01:47:49.595,1.1504,1.1509,0.50,6.80
2007.12.24 01:47:49.713,1.1504,1.1509,0.50,6.80
2007.12.24 01:47:49.831,1.1504,1.1509,0.50,6.80
2007.12.24 01:47:49.949,1.1504,1.1509,0.50,6.80
2007.12.24 01:47:50.067,1.1504,1.1509,0.50,6.80
2007.12.24 01:47:50.184,1.1504,1.1509,0.50,6.80
2007.12.24 01:47:50.302,1.1504,1.1509,0.50,6.80
2007.12.24 01:47:50.419,1.1504,1.1509,0.50,6.80
2007.12.24 01:47:50.546,1.1504,1.1509,0.50,6.80
2007.12.24 01:47:50.674,1.1504,1.1509,0.50,6.80
2007.12.24 01:47:50.802,1.1504,1.1509,0.50,6.80
2007.12.24 01:47:50.929,1.1504,1.1509,0.50,6.80
2007.12.24 01:47:51.057,1.1504,1.1509,0.50,6.80
2007.12.24 01:47:51.185,1.1504,1.1509,0.50,6.80
2007.12.24 01:47:51.312,1.1504,1.1509,0.50,6.80
2007.12.24 01:47:51.440,1.1504,1.1509,0.50,6.80
2007.12.24 01:47:51.623,1.1504,1.1509,0.50,6.80
2007.12.24 01:47:51.806,1.1504,1.1509,0.50,6.80
2007.12.24 01:47:51.989,1.1504,1.1509,0.50,6.80
2007.12.24 01:47:52.172,1.1504,1.1509,0.50,6.80
2007.12.24 01:47:52.355,1.1504,1.1509,0.50,6.80
2007.12.24 01:47:52.462,1.1504,1.1509,0.50,6.80
2007.12.24 01:47:52.570,1.1504,1.1509,0.50,6.80
2007.12.24 01:47:52.677,1.1504,1.1509,0.50,6.80
2007.12.24 01:47:52.785,1.1504,1.1509,0.50,6.80
2007.12.24 01:47:52.893,1.1504,1.1509,0.50,6.80
2007.12.24 01:47:53.000,1.1504,1.1509,0.50,6.80
2007.12.24 01:47:53.107,1.1504,1.1509,0.50,6.80
2007.12.24 01:47:53.215,1.1504,1.1509,0.50,6.80
2007.12.24 01:47:53.335,1.1504,1.1509,0.50,6.80
2007.12.24 01:47:53.442,1.1504,1.1509,0.50,6.80
2007.12.24 01:47:53.585,1.1504,1.1509,0.50,6.80
2007.12.24 01:47:53.728,1.1504,1.1509,0.50,6.80
2007.12.24 01:47:53.870,1.1504,1.1509,0.50,6.80
2007.12.24 01:47:54.013,1.1504,1.1509,0.50,6.80
2007.12.24 01:47:54.156,1.1504,1.1509,0.50,6.80
2007.12.24 01:47:54.298,1.1504,1.1509,0.50,6.80
2007.12.24 01:47:54.441,1.1504,1.1509,0.50,6.80
2007.12.24 01:47:54.549,1.1504,1.1509,0.50,6.80
2007.12.24 01:47:54.656,1.1504,1.1509,0.50,6.80
2007.12.24 01:47:54.764,1.1504,1.1509,0.50,6.80
2007.12.24 01:47:54.872,1.1504,1.1509,0.50,6.80
2007.12.24 01:47:54.980,1.1504,1.1509,0.50,6.80
2007.12.24 01:47:55.098,1.1504,1.1509,0.50,6.80
2007.12.24 01:47:55.205,1.1504,1.1509,0.50,6.80
2007.12.24 01:47:55.313,1.1504,1.1509,0.50,6.80
2007.12.24 01:47:55.420,1.1504,1.1509,0.50,6.80
2007.12.24 01:47:55.588,1.1504,1.1509,0.50,6.80
2007.12.24 01:47:55.756,1.1504,1.1509,0.50,6.80
2007.12.24 01:47:55.924,1.1504,1.1509,0.50,6.80
2007.12.24 01:47:56.092,1.1504,1.1509,0.50,6.80
2007.12.24 01:47:56.259,1.1504,1.1509,0.50,6.80
2007.12.24 01:47:56.427,1.1504,1.1509,0.50,6.80
2007.12.24 01:47:56.599,1.1504,1.1509,0.50,6.80
2007.12.24 01:47:56.772,1.1504,1.1509,0.50,6.80
2007.12.24 01:47:56.945,1.1504,1.1509,0.50,6.80
2007.12.24 01:47:57.118,1.1504,1.1509,0.50,6.80
2007.12.24 01:47:57.289,1.1504,1.1509,0.50,6.80
2007.12.24 01:47:57.462,1.1504,1.1509,0.50,6.80
2007.12.24 01:47:57.570,1.1504,1.1509,0.50,6.80
2007.12.24 01:47:57.677,1.1504,1.1509,0.50,6.80
2007.12.24 01:47:57.785,1.1504,1.1509,0.50,6.80
2007.12.24 01:47:57.892,1.1504,1.1509,0.50,6.80
2007.12.24 01:47:57.999,1.1504,1.1509,0.50,6.80
2007.12.24 01:48:09.777,1.1502,1.1509,12.00,6.80
2007.12.24 01:48:09.885,1.1502,1.1509,20.00,6.80
2007.12.24 01:48:09.993,1.1502,1.1509,20.00,6.80
2007.12.24 01:48:10.100,1.1503,1.1509,4.90,6.80
2007.12.24 01:48:10.209,1.1503,1.1509,2.20,6.80
2007.12.24 01:48:10.317,1.1502,1.1509,20.00,6.80
2007.12.24 01:48:10.424,1.1503,1.1509,5.90,6.80
2007.12.24 01:48:10.531,1.1503,1.1509,5.90,6.80
2007.12.24 01:48:10.639,1.1503,1.1509,4.40,6.80
2007.12.24 01:48:10.748,1.1503,1.1509,4.20,6.80
2007.12.24 01:48:10.856,1.1503,1.1509,6.40,6.80
2007.12.24 01:48:11.018,1.1503,1.1509,5.60,6.80
2007.12.24 01:48:11.193,1.1502,1.1509,20.00,6.80
2007.12.24 01:48:11.343,1.1503,1.1509,1.10,6.80
2007.12.24 01:48:11.507,1.1502,1.1509,20.00,6.80
2007.12.24 01:48:11.669,1.1503,1.1509,6.20,6.80
2007.12.24 01:48:11.832,1.1503,1.1509,1.20,6.80
2007.12.24 01:48:11.944,1.1503,1.1509,5.10,6.80
2007.12.24 01:48:12.057,1.1502,1.1509,20.00,6.80
2007.12.24 01:48:12.181,1.1502,1.1509,20.00,6.80
2007.12.24 01:48:12.293,1.1502,1.1509,20.00,6.80
2007.12.24 01:48:12.407,1.1502,1.1509,20.00,6.80
2007.12.24 01:48:12.519,1.1502,1.1509,20.00,6.80
2007.12.24 01:48:12.631,1.1503,1.1509,5.70,6.80
2007.12.24 01:48:12.744,1.1502,1.1509,20.00,6.80
2007.12.24 01:48:12.858,1.1503,1.1509,5.70,6.80
2007.12.24 01:48:13.010,1.1502,1.1509,20.00,6.80
2007.12.24 01:48:13.174,1.1503,1.1509,4.70,6.80
2007.12.24 01:48:13.327,1.1503,1.1509,1.10,6.80
2007.12.24 01:48:13.480,1.1502,1.1509,20.00,6.80
2007.12.24 01:48:13.633,1.1503,1.1509,6.50,6.80
2007.12.24 01:48:13.785,1.1503,1.1509,1.50,6.80
2007.12.24 01:48:13.939,1.1503,1.1509,2.70,6.80
2007.12.24 01:48:14.061,1.1502,1.1509,20.00,6.80
2007.12.24 01:48:14.183,1.1503,1.1509,0.70,6.80
2007.12.24 01:48:14.306,1.1502,1.1509,20.00,6.80
2007.12.24 01:48:14.429,1.1503,1.1509,4.80,6.80
2007.12.24 01:48:14.551,1.1503,1.1509,1.50,6.80
2007.12.24 01:48:14.674,1.1502,1.1509,20.00,6.80
2007.12.24 01:48:14.796,1.1502,1.1509,20.00,6.80
2007.12.24 01:48:14.918,1.1502,1.1509,20.00,6.80
2007.12.24 01:48:15.071,1.1503,1.1509,6.50,6.80
2007.12.24 01:48:15.223,1.1502,1.1509,20.00,6.80
2007.12.24 01:48:15.375,1.1502,1.1509,20.00,6.80
2007.12.24 01:48:15.528,1.1503,1.1509,5.30,6.80
2007.12.24 01:48:15.682,1.1503,1.1509,1.80,6.80
2007.12.24 01:48:15.834,1.1502,1.1509,20.00,6.80
2007.12.24 01:48:15.986,1.1503,1.1509,1.80,6.80
2007.12.24 01:48:16.109,1.1503,1.1509,5.50,6.80
2007.12.24 01:48:16.232,1.1502,1.1509,20.00,6.80
2007.12.24 01:48:16.355,1.1503,1.1509,3.70,6.80
2007.12.24 01:48:16.477,1.1503,1.1509,1.40,6.80
2007.12.24 01:48:16.601,1.1502,1.1509,20.00,6.80
2007.12.24 01:48:16.723,1.1502,1.1509,20.00,6.80
2007.12.24 01:48:16.845,1.1502,1.1509,20.00,6.80
2007.12.24 01:48:16.967,1.1502,1.1509,20.00,6.80
2007.12.24 01:48:17.090,1.1502,1.1509,20.00,6.80
2007.12.24 01:48:17.213,1.1503,1.1509,4.50,6.80
2007.12.24 01:48:17.335,1.1503,1.1509,2.80,6.80
2007.12.24 01:48:17.458,1.1502,1.1509,20.00,6.80
2007.12.24 01:48:17.581,1.1502,1.1509,20.00,6.80
2007.12.24 01:48:17.703,1.1502,1.1509,20.00,6.80
2007.12.24 01:48:17.826,1.1503,1.1509,5.80,6.80
2007.12.24 01:48:17.948,1.1502,1.1509,20.00,6.80
2007.12.24 01:48:18.072,1.1503,1.1509,2.70,6.80
2007.12.24 01:48:18.199,1.1503,1.1509,4.90,6.80
2007.12.24 01:48:18.327,1.1502,1.1509,20.00,6.80
2007.12.24 01:48:18.454,1.1502,1.1509,20.00,6.80
2007.12.24 01:48:18.582,1.1503,1.1509,5.00,6.80
2007.12.24 01:48:18.709,1.1502,1.1509,20.00,6.80
2007.12.24 01:48:18.836,1.1503,1.1509,1.20,6.80
2007.12.24 01:48:18.964,1.1503,1.1509,3.70,6.80
2007.12.24 01:48:19.091,1.1503,1.1509,0.90,6.80
2007.12.24 01:48:19.214,1.1502,1.1509,20.00,6.80
2007.12.24 01:48:19.336,1.1503,1.1509,6.50,6.80
2007.12.24 01:48:19.460,1.1503,1.1509,5.90,6.80
2007.12.24 01:48:19.582,1.1503,1.1509,5.80,6.80
2007.12.24 01:48:19.704,1.1502,1.1509,20.00,6.80
2007.12.24 01:48:19.826,1.1502,1.1509,20.00,6.80
2007.12.24 01:48:19.949,1.1502,1.1509,20.00,6.80
2007.12.24 01:48:20.071,1.1502,1.1509,20.00,6.80
2007.12.24 01:48:20.203,1.1503,1.1509,6.40,6.80
2007.12.24 01:48:20.336,1.1503,1.1509,0.90,6.80
2007.12.24 01:48:20.472,1.1503,1.1509,5.40,6.80
2007.12.24 01:48:20.606,1.1503,1.1509,1.80,6.80
2007.12.24 01:48:20.738,1.1502,1.1509,20.00,6.80
2007.12.24 01:48:20.871,1.1502,1.1509,20.00,6.80
2007.12.24 01:48:21.003,1.1503,1.1509,5.60,6.80
2007.12.24 01:48:21.136,1.1503,1.1509,0.50,6.80
2007.12.24 01:48:21.274,1.1502,1.1509,20.00,6.80
2007.12.24 01:48:21.411,1.1503,1.1509,3.00,6.80
2007.12.24 01:48:21.549,1.1502,1.1509,20.00,6.80
2007.12.24 01:48:21.688,1.1503,1.1509,3.20,6.80
2007.12.24 01:48:21.825,1.1503,1.1509,2.20,6.80
2007.12.24 01:48:21.962,1.1502,1.1509,20.00,6.80
2007.12.24 01:48:22.100,1.1502,1.1509,20.00,6.80
2007.12.24 01:48:22.223,1.1502,1.1509,20.00,6.80
2007.12.24 01:48:22.346,1.1502,1.1509,20.00,6.80
2007.12.24 01:48:22.468,1.1503,1.1509,2.80,6.80
2007.12.24 01:48:22.591,1.1502,1.1509,20.00,6.80
2007.12.24 01:48:22.714,1.1502,1.1509,20.00,6.80
2007.12.24 01:48:22.837,1.1503,1.1509,5.40,6.80
2007.12.24 01:48:22.959,1.1502,1.1509,20.00,6.80
2007.12.24 01:48:23.082,1.1502,1.1509,20.00,6.80
2007.12.24 01:48:23.215,1.1503,1.1509,4.50,6.80
2007.12.24 01:48:23.347,1.1503,1.1509,4.80,6.80
2007.12.24 01:48:23.480,1.1503,1.1509,3.20,6.80
2007.12.24 01:48:23.613,1.1503,1.1509,6.60,6.80
2007.12.24 01:48:23.745,1.1502,1.1509,20.00,6.80
2007.12.24 01:48:23.877,1.1502,1.1509,20.00,6.80
2007.12.24 01:48:24.010,1.1502,1.1509,20.00,6.80
2007.12.24 01:48:24.142,1.1502,1.1509,20.00,6.80
2007.12.24 01:48:24.255,1.1503,1.1509,3.30,6.80
2007.12.24 01:48:24.368,1.1502,1.1509,20.00,6.80
2007.12.24 01:48:24.480,1.1503,1.1509,5.50,6.80
2007.12.24 01:48:24.593,1.1502,1.1509,20.00,6.80
2007.12.24 01:48:24.706,1.1503,1.1509,2.00,6.80
2007.12.24 01:48:24.819,1.1503,1.1509,3.20,6.80
2007.12.24 01:48:24.932,1.1503,1.1509,3.40,6.80
2007.12.24 01:48:25.045,1.1502,1.1509,20.00,6.80
2007.12.24 01:48:25.157,1.1502,1.1509,20.00,6.80
2007.12.24 01:48:25.289,1.1502,1.1509,20.00,6.80
2007.12.24 01:48:25.422,1.1502,1.1509,20.00,6.80
2007.12.24 01:48:25.555,1.1503,1.1509,5.20,6.80
2007.12.24 01:48:25.689,1.1503,1.1509,0.60,6.80
2007.12.24 01:48:25.821,1.1502,1.1509,20.00,6.80
2007.12.24 01:48:25.954,1.1502,1.1509,20.00,6.80
2007.12.24 01:48:26.086,1.1503,1.1509,3.30,6.80
2007.12.24 01:48:26.219,1.1502,1.1509,20.00,6.80
2007.12.24 01:48:26.357,1.1502,1.1509,20.00,6.80
2007.12.24 01:48:26.494,1.1502,1.1509,20.00,6.80
2007.12.24 01:48:26.632,1.1503,1.1509,0.50,6.80
2007.12.24 01:48:26.769,1.1503,1.1509,4.20,6.80
2007.12.24 01:48:26.906,1.1502,1.1509,20.00,6.80
2007.12.24 01:48:27.044,1.1502,1.1509,20.00,6.80
2007.12.24 01:48:27.182,1.1503,1.1509,5.00,6.80
2007.12.24 01:48:27.319,1.1502,1.1509,20.00,6.80
2007.12.24 01:48:27.426,1.1502,1.1509,20.00,6.80
2007.12.24 01:48:27.534,1.1503,1.1509,4.50,6.80
2007.12.24 01:48:27.642,1.1502,1.1509,20.00,6.80
2007.12.24 01:48:27.749,1.1502,1.1509,20.00,6.80
2007.12.24 01:48:27.857,1.1502,1.1509,20.00,6.80
2007.12.24 01:48:27.964,1.1502,1.1509,20.00,6.80
2007.12.24 01:48:28.072,1.1502,1.1509,12.00,2.80
2007.12.24 01:48:28.179,1.1502,1.1509,12.00,2.80
2007.12.24 01:48:28.287,1.1503,1.1509,0.80,2.80
2007.12.24 01:48:28.424,1.1503,1.1509,1.10,2.80
2007.12.24 01:48:28.561,1.1503,1.1509,2.80,2.80
2007.12.24 01:48:28.699,1.1502,1.1509,12.00,2.80
2007.12.24 01:48:28.837,1.1503,1.1509,2.50,2.80
2007.12.24 01:48:28.975,1.1503,1.1509,4.10,2.80
2007.12.24 01:48:29.112,1.1502,1.1509,12.00,2.80
2007.12.24 01:48:29.249,1.1503,1.1509,2.60,2.80
2007.12.24 01:48:29.387,1.1502,1.1509,12.00,2.80
2007.12.24 01:48:29.495,1.1502,1.1509,12.00,2.80
2007.12.24 01:48:29.602,1.1502,1.1509,12.00,2.80
2007.12.24 01:48:29.710,1.1503,1.1509,1.60,2.80
2007.12.24 01:48:29.817,1.1502,1.1509,12.00,2.80
2007.12.24 01:48:29.925,1.1502,1.1509,12.00,2.80
2007.12.24 01:48:30.032,1.1502,1.1509,12.00,2.80
2007.12.24 01:48:30.140,1.1502,1.1509,12.00,2.80
2007.12.24 01:48:30.247,1.1502,1.1509,12.00,2.80
2007.12.24 01:48:30.355,1.1502,1.1509,12.00,2.80
2007.12.24 01:48:30.480,1.1502,1.15095,20.40,10.80
2007.12.24 01:48:30.493,1.1502,1.15095,12.00,10.80
2007.12.24 01:48:30.630,1.1502,1.15095,12.00,10.80
2007.12.24 01:48:30.768,1.1502,1.15095,12.00,10.80
2007.12.24 01:48:30.905,1.1503,1.1509,0.70,0.50
2007.12.24 01:48:31.043,1.1503,1.1509,0.90,0.50
2007.12.24 01:48:31.180,1.1503,1.1509,0.70,0.70
2007.12.24 01:48:31.318,1.1503,1.1509,0.80,0.80
2007.12.24 01:48:31.440,1.1502,1.15095,12.00,10.80
2007.12.24 01:48:31.563,1.1503,1.1509,2.30,2.80
2007.12.24 01:48:31.686,1.1502,1.1509,12.00,2.80
2007.12.24 01:48:31.808,1.1502,1.1509,12.00,2.80
2007.12.24 01:48:31.931,1.1503,1.1509,4.00,2.80
2007.12.24 01:48:32.053,1.1502,1.1509,12.00,2.80
2007.12.24 01:48:32.175,1.1502,1.1509,12.00,2.80
2007.12.24 01:48:32.298,1.1503,1.1509,3.30,2.80
2007.12.24 01:48:32.420,1.1503,1.1509,1.00,2.80
2007.12.24 01:48:32.547,1.1502,1.1509,12.00,2.80
2007.12.24 01:48:32.674,1.1502,1.1509,12.00,2.80
2007.12.24 01:48:32.802,1.1502,1.1509,12.00,2.80
2007.12.24 01:48:32.929,1.1502,1.1509,12.00,2.80
2007.12.24 01:48:33.057,1.1502,1.1509,12.00,2.80
2007.12.24 01:48:33.185,1.1503,1.1509,1.10,2.80
2007.12.24 01:48:33.313,1.1502,1.1509,12.00,2.80
2007.12.24 01:48:33.442,1.1503,1.1509,2.10,2.80
2007.12.24 01:48:33.559,1.1502,1.1509,12.00,2.80
2007.12.24 01:48:33.676,1.1503,1.1509,4.60,2.80
2007.12.24 01:48:33.795,1.1502,1.1509,12.00,2.80
2007.12.24 01:48:33.912,1.1502,1.1509,12.00,2.80
2007.12.24 01:48:34.029,1.1502,1.1509,12.00,2.80
2007.12.24 01:48:34.148,1.1502,1.1509,12.00,2.80
2007.12.24 01:48:34.265,1.1503,1.1509,2.80,2.80
2007.12.24 01:48:34.382,1.1502,1.1509,12.00,2.80
2007.12.24 01:48:34.520,1.1503,1.1509,8.40,2.80
2007.12.24 01:48:34.657,1.1503,1.1509,8.40,2.80
2007.12.24 01:48:34.795,1.1503,1.1509,8.40,2.80
2007.12.24 01:48:34.932,1.1503,1.1509,8.40,2.80
2007.12.24 01:48:35.070,1.1503,1.1509,8.40,2.80
2007.12.24 01:48:35.208,1.1503,1.1509,8.40,2.80
2007.12.24 01:48:35.345,1.1503,1.1509,8.40,2.80
2007.12.24 01:48:35.483,1.1503,1.1509,8.40,2.80
2007.12.24 01:48:35.606,1.1503,1.1509,8.40,2.80
2007.12.24 01:48:35.728,1.1503,1.1509,8.40,2.80
2007.12.24 01:48:35.851,1.1503,1.1509,8.40,2.80
2007.12.24 01:48:35.974,1.1503,1.1509,8.40,2.80
2007.12.24 01:48:36.096,1.1503,1.1509,8.40,2.80
2007.12.24 01:48:36.218,1.1503,1.1509,8.40,2.80
2007.12.24 01:48:36.341,1.1503,1.1509,8.40,2.80
2007.12.24 01:48:36.464,1.1503,1.1509,8.40,2.80
2007.12.24 01:48:36.587,1.1503,1.1509,8.40,2.80
2007.12.24 01:48:36.710,1.1503,1.1509,8.40,2.80
2007.12.24 01:48:36.832,1.1503,1.1509,8.40,2.80
2007.12.24 01:48:36.955,1.1503,1.1509,8.40,2.80
2007.12.24 01:48:37.077,1.1503,1.1509,8.40,2.80
2007.12.24 01:48:37.200,1.1503,1.1509,8.40,2.80
2007.12.24 01:48:37.323,1.1503,1.1509,8.40,2.80
2007.12.24 01:48:37.446,1.1503,1.1509,8.40,2.80
2007.12.24 01:48:37.581,1.1503,1.1509,8.40,2.80
2007.12.24 01:48:37.691,1.1503,1.1509,8.40,2.80
2007.12.24 01:48:37.814,1.1503,1.1509,8.40,2.80
2007.12.24 01:48:37.936,1.1503,1.1509,8.40,2.80
2007.12.24 01:48:38.058,1.1503,1.1509,8.40,2.80
2007.12.24 01:48:38.181,1.1503,1.1509,8.40,2.80
2007.12.24 01:48:38.304,1.1503,1.1509,8.40,2.80
2007.12.24 01:48:38.427,1.1503,1.1509,8.40,2.80
2007.12.24 01:48:38.549,1.1503,1.1509,8.40,2.80
2007.12.24 01:48:38.712,1.1503,1.1509,8.40,2.80
2007.12.24 01:48:38.874,1.1503,1.1509,8.40,2.80
2007.12.24 01:48:39.037,1.1503,1.1509,8.40,2.80
2007.12.24 01:48:39.199,1.1503,1.1509,8.40,2.80
2007.12.24 01:48:39.362,1.1503,1.1509,8.40,2.80
2007.12.24 01:48:39.524,1.1503,1.1509,8.40,2.80
2007.12.24 01:48:39.627,1.1503,1.1509,8.40,2.80
2007.12.24 01:48:39.729,1.1503,1.1509,8.40,2.80
2007.12.24 01:48:39.831,1.1503,1.1509,8.40,2.80
2007.12.24 01:48:39.934,1.1503,1.1509,0.50,2.80
2007.12.24 01:48:40.036,1.1503,1.1509,0.50,2.80
2007.12.24 01:48:40.138,1.1503,1.1509,0.50,2.80
2007.12.24 01:48:40.240,1.1503,1.1509,0.50,2.80
2007.12.24 01:48:40.342,1.1503,1.1509,0.50,2.80
2007.12.24 01:48:40.445,1.1503,1.1509,0.50,2.80
2007.12.24 01:48:40.547,1.1503,1.1509,0.50,2.80
2007.12.24 01:48:40.650,1.1503,1.1509,0.50,2.80
2007.12.24 01:48:40.792,1.1503,1.1509,0.50,2.80
2007.12.24 01:48:40.934,1.1503,1.1509,0.50,2.80
2007.12.24 01:48:41.077,1.1503,1.1509,0.50,2.80
2007.12.24 01:48:41.219,1.1503,1.1509,0.50,2.80
2007.12.24 01:48:41.361,1.1503,1.1509,0.50,2.80
2007.12.24 01:48:41.503,1.1503,1.1509,0.50,2.80
2007.12.24 01:48:41.646,1.1503,1.1509,0.50,2.80
2007.12.24 01:48:41.753,1.1503,1.1509,0.50,2.80
2007.12.24 01:48:41.860,1.1503,1.1509,0.50,2.80
2007.12.24 01:48:41.967,1.1503,1.1509,0.50,2.80
2007.12.24 01:48:42.075,1.1503,1.1509,0.50,2.80
2007.12.24 01:48:42.182,1.1503,1.1509,0.50,2.80
2007.12.24 01:48:42.290,1.1503,1.1509,0.50,2.80
2007.12.24 01:48:42.397,1.1503,1.1509,0.50,2.80
2007.12.24 01:48:42.504,1.1503,1.1509,0.50,2.80
2007.12.24 01:48:42.611,1.1503,1.1509,0.50,2.80
2007.12.24 01:48:42.749,1.1503,1.1509,0.50,2.80
2007.12.24 01:48:42.887,1.1503,1.1509,0.50,2.80
2007.12.24 01:48:43.025,1.1503,1.1509,0.50,2.80
2007.12.24 01:48:43.162,1.1503,1.1509,0.50,2.80
2007.12.24 01:48:43.299,1.1503,1.1509,0.50,2.80
2007.12.24 01:48:43.437,1.1503,1.1509,0.50,2.80
2007.12.24 01:48:43.574,1.1503,1.1509,0.50,2.80
2007.12.24 01:48:43.712,1.1503,1.1509,0.50,2.80
2007.12.24 01:48:43.830,1.1503,1.1509,0.50,2.80
2007.12.24 01:48:43.948,1.1503,1.1509,0.50,2.80
2007.12.24 01:48:44.065,1.1503,1.1509,0.50,2.80
2007.12.24 01:48:44.183,1.1503,1.1509,0.50,2.80
2007.12.24 01:48:44.301,1.1503,1.1509,0.50,2.80
2007.12.24 01:48:44.418,1.1503,1.1509,0.50,2.80
2007.12.24 01:48:44.535,1.1503,1.1509,0.50,2.80
2007.12.24 01:48:44.653,1.1503,1.1509,0.50,2.80
2007.12.24 01:48:44.770,1.1503,1.1509,0.50,2.80
2007.12.24 01:48:44.897,1.1503,1.1509,0.50,2.80
2007.12.24 01:48:45.025,1.1503,1.1509,0.50,2.80
2007.12.24 01:48:45.153,1.1503,1.1509,0.50,2.80
2007.12.24 01:48:45.281,1.1503,1.1509,0.50,2.40
2007.12.24 01:48:45.410,1.15035,1.151,8.00,8.40
2007.12.24 01:48:45.537,1.15035,1.151,8.00,8.40
2007.12.24 01:48:45.664,1.15035,1.151,8.00,8.40
2007.12.24 01:48:45.792,1.15035,1.151,8.00,8.40
2007.12.24 01:48:45.990,1.15035,1.151,8.00,8.40
2007.12.24 01:48:46.187,1.15035,1.151,8.00,8.40
2007.12.24 01:48:46.385,1.15035,1.151,8.00,8.40
2007.12.24 01:48:46.583,1.15035,1.151,8.00,8.40
2007.12.24 01:48:46.792,1.15035,1.151,8.00,8.40
2007.12.24 01:48:46.886,1.15035,1.1509,8.00,2.40
2007.12.24 01:48:46.978,1.15035,1.1509,8.00,2.40
2007.12.24 01:48:47.070,1.15035,1.1509,8.00,2.40
2007.12.24 01:48:47.162,1.15035,1.1509,8.00,2.40
2007.12.24 01:48:47.259,1.1503,1.1509,12.40,2.80
2007.12.24 01:48:47.353,1.1503,1.1509,12.40,2.80
2007.12.24 01:48:47.445,1.1503,1.1509,12.40,6.80
2007.12.24 01:48:47.537,1.1503,1.1509,12.40,6.80
2007.12.24 01:48:47.630,1.1503,1.1509,12.40,6.80
2007.12.24 01:48:47.722,1.1503,1.1509,12.40,6.80
2007.12.24 01:48:47.965,1.1503,1.1509,12.40,6.80
2007.12.24 01:48:48.208,1.1503,1.1509,12.40,6.80
2007.12.24 01:48:48.451,1.1503,1.1509,12.40,6.80
2007.12.24 01:48:48.693,1.1503,1.1509,12.40,6.80
2007.12.24 01:48:48.936,1.1503,1.1509,12.40,6.80
2007.12.24 01:48:49.024,1.1503,1.1509,12.40,6.80
2007.12.24 01:48:49.111,1.1503,1.1509,12.40,6.80
2007.12.24 01:48:49.199,1.1503,1.1509,12.40,6.80
2007.12.24 01:48:49.287,1.1503,1.1509,12.40,6.80
2007.12.24 01:48:49.375,1.1503,1.1509,12.40,6.80
2007.12.24 01:48:49.462,1.1503,1.1509,12.40,6.80
2007.12.24 01:48:49.550,1.1503,1.1509,12.40,6.80
2007.12.24 01:48:49.638,1.1503,1.1509,12.40,6.80
2007.12.24 01:48:49.725,1.1503,1.1509,12.40,6.80
2007.12.24 01:48:49.813,1.1503,1.1509,12.40,6.80
2007.12.24 01:48:49.961,1.1503,1.1509,12.40,6.80
2007.12.24 01:48:50.108,1.1503,1.1509,12.40,6.80
2007.12.24 01:48:50.256,1.1503,1.1509,12.40,6.80
2007.12.24 01:48:50.403,1.1503,1.1509,12.40,6.80
2007.12.24 01:48:50.551,1.1503,1.1509,12.40,6.80
2007.12.24 01:48:50.699,1.1503,1.1509,12.40,6.80
2007.12.24 01:48:50.847,1.1503,1.1509,12.40,6.80
2007.12.24 01:48:50.954,1.1503,1.1509,12.40,6.80
2007.12.24 01:48:51.062,1.1503,1.1509,12.40,6.80
2007.12.24 01:48:51.170,1.1503,1.1509,12.40,6.80
2007.12.24 01:48:51.278,1.1503,1.1509,12.40,6.80
2007.12.24 01:48:51.387,1.1503,1.1509,12.40,4.40
2007.12.24 01:48:51.495,1.1503,1.1509,12.40,4.40
2007.12.24 01:48:51.602,1.1503,1.1509,12.40,4.40
2007.12.24 01:48:51.710,1.1503,1.1509,12.40,4.40
2007.12.24 01:48:51.818,1.1503,1.1508,12.40,0.50
2007.12.24 01:48:52.010,1.1503,1.1508,4.40,0.50
2007.12.24 01:48:52.217,1.1503,1.1508,4.40,0.50
2007.12.24 01:48:52.409,1.1503,1.1508,4.40,0.50
2007.12.24 01:48:52.601,1.1503,1.1508,4.40,0.50
2007.12.24 01:48:52.794,1.1503,1.1508,4.40,0.50
2007.12.24 01:48:52.987,1.1503,1.1508,4.40,0.50
2007.12.24 01:48:53.139,1.1503,1.1508,4.40,0.50
2007.12.24 01:48:53.292,1.1503,1.1508,4.40,0.50
2007.12.24 01:48:53.445,1.1503,1.1508,4.40,0.50
2007.12.24 01:48:53.598,1.1503,1.1508,4.40,0.50
2007.12.24 01:48:53.751,1.1503,1.1508,4.40,0.50
2007.12.24 01:48:53.903,1.1503,1.1508,4.40,0.50
2007.12.24 01:48:54.056,1.1503,1.1508,4.40,0.50
2007.12.24 01:48:54.184,1.1503,1.1508,4.40,0.50
2007.12.24 01:48:54.311,1.1503,1.1508,4.40,0.50
2007.12.24 01:48:54.438,1.1503,1.1508,4.40,0.50
2007.12.24 01:48:54.565,1.1503,1.1508,4.40,0.50
2007.12.24 01:48:54.693,1.1503,1.1508,4.00,0.50
2007.12.24 01:48:54.821,1.1503,1.1508,4.00,2.80
2007.12.24 01:48:54.949,1.1502,1.1508,12.40,6.80
2007.12.24 01:48:55.121,1.1502,1.1508,12.40,6.80
2007.12.24 01:48:55.294,1.1502,1.1508,12.40,6.80
2007.12.24 01:48:55.470,1.1502,1.1508,12.40,6.80
2007.12.24 01:48:55.642,1.1502,1.1508,12.40,6.80
2007.12.24 01:48:55.814,1.1502,1.1508,12.40,6.80
2007.12.24 01:48:55.987,1.1502,1.1508,12.40,6.80
2007.12.24 01:48:56.089,1.1502,1.1508,12.40,6.80
2007.12.24 01:48:56.192,1.1502,1.1508,12.40,6.80
2007.12.24 01:48:56.294,1.1502,1.1508,12.40,6.80
2007.12.24 01:48:56.397,1.1502,1.1508,12.40,6.80
2007.12.24 01:48:56.500,1.1502,1.1508,12.40,6.80
2007.12.24 01:48:56.603,1.1502,1.1508,12.40,6.80
2007.12.24 01:48:56.705,1.1502,1.1508,12.40,6.80
2007.12.24 01:48:56.809,1.1503,1.1508,0.50,6.40
2007.12.24 01:48:56.911,1.1503,1.1508,8.40,4.00
2007.12.24 01:48:57.014,1.1503,1.1509,12.40,6.80
2007.12.24 01:48:57.227,1.1503,1.1509,12.40,6.80
2007.12.24 01:48:57.440,1.1503,1.1509,12.40,6.80
2007.12.24 01:48:57.652,1.1503,1.1509,12.40,6.80
2007.12.24 01:48:57.865,1.15035,1.1509,8.00,4.00
2007.12.24 01:48:58.078,1.15035,1.151,8.00,8.40
2007.12.24 01:48:58.225,1.15035,1.151,8.00,8.40
2007.12.24 01:48:58.363,1.15035,1.151,8.00,8.40
2007.12.24 01:48:58.501,1.15035,1.151,8.00,8.40
2007.12.24 01:48:58.638,1.15035,1.151,8.00,8.40
2007.12.24 01:48:58.776,1.15035,1.151,8.00,8.40
2007.12.24 01:48:58.914,1.15035,1.151,8.00,8.40
2007.12.24 01:48:59.052,1.15035,1.151,8.00,8.40
2007.12.24 01:48:59.197,1.15035,1.151,8.00,8.40
2007.12.24 01:48:59.350,1.15035,1.151,8.00,8.40
2007.12.24 01:48:59.503,1.15035,1.151,8.00,8.40
2007.12.24 01:48:59.656,1.15035,1.151,8.00,8.40
2007.12.24 01:48:59.809,1.15035,1.151,8.00,8.40
2007.12.24 01:48:59.962,1.15035,1.151,8.00,8.40
2007.12.24 01:49:00.115,1.15035,1.151,8.00,8.40
2007.12.24 01:49:00.207,1.15035,1.151,8.00,8.40
2007.12.24 01:49:00.312,1.15035,1.151,8.00,8.40
2007.12.24 01:49:00.393,1.15035,1.151,8.00,8.40
2007.12.24 01:49:00.485,1.15035,1.151,8.00,8.40
2007.12.24 01:49:00.578,1.15035,1.151,8.00,8.40
2007.12.24 01:49:00.671,1.15035,1.151,8.00,8.40
2007.12.24 01:49:00.764,1.15035,1.151,8.00,8.40
2007.12.24 01:49:00.857,1.15035,1.151,8.00,8.40
2007.12.24 01:49:00.949,1.15035,1.151,8.00,8.40
2007.12.24 01:49:01.042,1.15035,1.151,8.00,8.40
2007.12.24 01:49:01.135,1.15035,1.151,8.00,8.40
2007.12.24 01:49:01.228,1.15035,1.151,8.00,8.40
2007.12.24 01:49:01.411,1.15035,1.151,8.00,8.40
2007.12.24 01:49:01.593,1.15035,1.151,8.00,8.40
2007.12.24 01:49:01.776,1.15035,1.151,8.00,8.40
2007.12.24 01:49:01.958,1.15035,1.151,8.00,8.40
2007.12.24 01:49:02.141,1.15035,1.151,8.00,8.40
2007.12.24 01:49:02.324,1.15035,1.151,8.00,8.40
2007.12.24 01:49:02.412,1.15035,1.151,8.00,8.40
2007.12.24 01:49:02.500,1.15035,1.151,8.00,8.40
2007.12.24 01:49:02.587,1.15035,1.151,8.00,8.40
2007.12.24 01:49:02.674,1.15035,1.151,8.00,8.40
2007.12.24 01:49:02.762,1.15035,1.151,8.00,8.40
2007.12.24 01:49:02.850,1.15035,1.151,8.00,8.40
2007.12.24 01:49:02.938,1.15035,1.151,8.00,8.40
2007.12.24 01:49:03.025,1.15035,1.151,8.00,8.40
2007.12.24 01:49:03.112,1.15035,1.151,8.00,8.40
2007.12.24 01:49:03.200,1.15035,1.151,8.00,8.40
2007.12.24 01:49:03.363,1.15035,1.151,8.00,8.40
2007.12.24 01:49:03.526,1.15035,1.151,8.00,8.40
2007.12.24 01:49:03.688,1.15035,1.151,8.00,8.40
2007.12.24 01:49:03.850,1.15035,1.151,8.00,8.40
2007.12.24 01:49:04.013,1.15035,1.151,8.00,8.40
2007.12.24 01:49:04.176,1.15035,1.151,8.00,8.40
2007.12.24 01:49:04.338,1.15035,1.151,8.00,8.40
2007.12.24 01:49:04.435,1.15035,1.151,8.00,8.40
2007.12.24 01:49:04.532,1.15035,1.151,8.00,8.40
2007.12.24 01:49:04.630,1.15035,1.151,8.00,8.40
2007.12.24 01:49:04.728,1.15035,1.151,8.00,8.40
2007.12.24 01:49:04.826,1.15035,1.151,8.00,8.40
2007.12.24 01:49:04.924,1.15035,1.151,8.00,8.40
2007.12.24 01:49:05.021,1.15035,1.151,8.00,8.40
2007.12.24 01:49:05.118,1.15035,1.151,8.00,8.40
2007.12.24 01:49:05.216,1.15035,1.151,8.00,8.40
2007.12.24 01:49:05.364,1.15035,1.151,8.00,8.40
2007.12.24 01:49:05.512,1.15035,1.151,8.00,8.40
2007.12.24 01:49:05.659,1.15035,1.151,8.00,8.40
2007.12.24 01:49:05.807,1.15035,1.151,8.00,8.40
2007.12.24 01:49:05.954,1.15035,1.151,8.00,8.40
2007.12.24 01:49:06.102,1.15035,1.151,8.00,8.40
2007.12.24 01:49:06.250,1.15035,1.151,8.00,8.40
2007.12.24 01:49:06.373,1.15035,1.151,8.00,8.40
2007.12.24 01:49:06.495,1.15035,1.151,8.00,8.40
2007.12.24 01:49:06.618,1.15035,1.151,8.00,8.40
2007.12.24 01:49:06.741,1.15035,1.151,8.00,8.40
2007.12.24 01:49:06.864,1.15035,1.151,8.00,8.40
2007.12.24 01:49:06.986,1.15035,1.151,8.00,8.40
2007.12.24 01:49:07.108,1.15035,1.151,8.00,8.40
2007.12.24 01:49:07.231,1.15035,1.151,8.00,8.40
2007.12.24 01:49:07.349,1.15035,1.151,8.00,8.40
2007.12.24 01:49:07.466,1.15035,1.151,8.00,8.40
2007.12.24 01:49:07.583,1.15035,1.151,8.00,8.40
2007.12.24 01:49:07.702,1.15035,1.151,8.00,8.40
2007.12.24 01:49:07.820,1.15035,1.151,8.00,8.40
2007.12.24 01:49:07.938,1.15035,1.151,8.00,8.40
2007.12.24 01:49:08.054,1.15035,1.151,8.00,8.40
2007.12.24 01:49:08.172,1.15035,1.151,8.00,8.40
2007.12.24 01:49:08.290,1.15035,1.151,8.00,8.40
2007.12.24 01:49:08.427,1.15035,1.151,8.00,8.40
2007.12.24 01:49:08.564,1.15035,1.151,8.00,8.40
2007.12.24 01:49:08.701,1.15035,1.151,8.00,8.40
2007.12.24 01:49:08.840,1.15035,1.151,8.00,8.40
2007.12.24 01:49:08.978,1.15035,1.151,8.00,8.40
2007.12.24 01:49:09.116,1.15035,1.151,8.00,8.40
2007.12.24 01:49:09.254,1.15035,1.151,8.00,8.40
2007.12.24 01:49:09.391,1.15035,1.151,8.00,8.40
2007.12.24 01:49:09.504,1.15035,1.151,8.00,8.40
2007.12.24 01:49:09.616,1.15035,1.151,8.00,8.40
2007.12.24 01:49:09.728,1.15035,1.151,8.00,8.40
2007.12.24 01:49:09.841,1.15035,1.151,8.00,8.40
2007.12.24 01:49:09.954,1.15035,1.151,8.00,8.40
2007.12.24 01:49:10.066,1.15035,1.151,8.00,8.40
2007.12.24 01:49:10.178,1.15035,1.151,8.00,8.40
2007.12.24 01:49:10.292,1.15035,1.151,8.00,8.40
2007.12.24 01:49:10.429,1.15035,1.151,8.00,8.40
2007.12.24 01:49:10.566,1.15035,1.151,8.00,8.40
2007.12.24 01:49:10.704,1.15035,1.151,8.00,8.40
2007.12.24 01:49:10.842,1.15035,1.151,8.00,8.40
2007.12.24 01:49:10.980,1.15035,1.151,8.00,8.40
2007.12.24 01:49:11.117,1.15035,1.151,8.00,8.40
2007.12.24 01:49:11.254,1.15035,1.151,8.00,8.40
2007.12.24 01:49:11.393,1.15035,1.151,8.00,8.40
2007.12.24 01:49:11.506,1.15035,1.151,8.00,8.40
2007.12.24 01:49:11.618,1.15035,1.151,8.00,8.40
2007.12.24 01:49:11.731,1.15035,1.151,8.00,8.40
2007.12.24 01:49:11.844,1.15035,1.151,8.00,8.40
2007.12.24 01:49:11.956,1.15035,1.151,8.00,8.40
2007.12.24 01:49:12.069,1.15035,1.151,8.00,8.40
2007.12.24 01:49:12.182,1.15035,1.151,8.00,8.40
2007.12.24 01:49:12.295,1.15035,1.151,8.00,8.40
2007.12.24 01:49:12.407,1.15035,1.151,8.00,8.40
2007.12.24 01:49:12.535,1.15035,1.151,8.00,8.40
2007.12.24 01:49:12.663,1.15035,1.151,8.00,8.40
2007.12.24 01:49:12.791,1.15035,1.151,8.00,8.40
2007.12.24 01:49:12.918,1.15035,1.151,8.00,8.40
2007.12.24 01:49:13.046,1.15035,1.151,8.00,8.40
2007.12.24 01:49:13.187,1.15035,1.151,8.00,8.40
2007.12.24 01:49:13.301,1.15035,1.151,8.00,8.40
2007.12.24 01:49:13.428,1.15035,1.151,8.00,8.40
2007.12.24 01:49:13.547,1.15035,1.151,8.00,8.40
2007.12.24 01:49:13.664,1.15035,1.151,8.00,8.40
2007.12.24 01:49:13.781,1.15035,1.151,8.00,8.40
2007.12.24 01:49:13.900,1.15035,1.151,8.00,8.40
2007.12.24 01:49:14.018,1.15035,1.151,8.00,8.40
2007.12.24 01:49:14.135,1.15035,1.151,8.00,8.40
2007.12.24 01:49:14.252,1.15035,1.151,8.00,8.40
2007.12.24 01:49:14.371,1.15035,1.151,8.00,8.40
2007.12.24 01:49:14.488,1.15035,1.151,8.00,8.40
2007.12.24 01:49:14.615,1.15035,1.151,8.00,8.40
2007.12.24 01:49:14.744,1.15035,1.151,8.00,8.40
2007.12.24 01:49:14.871,1.15035,1.151,8.00,8.40
2007.12.24 01:49:14.998,1.15035,1.151,8.00,8.40
2007.12.24 01:49:15.126,1.15035,1.151,8.00,8.40
2007.12.24 01:49:15.254,1.15035,1.151,8.00,8.40
2007.12.24 01:49:15.381,1.15035,1.151,8.00,8.40
2007.12.24 01:49:15.509,1.15035,1.151,8.00,8.40
2007.12.24 01:49:15.637,1.15035,1.151,8.00,8.40
2007.12.24 01:49:15.764,1.15035,1.151,8.00,8.40
2007.12.24 01:49:15.891,1.15035,1.151,8.00,8.40
2007.12.24 01:49:16.019,1.15035,1.151,8.00,8.40
2007.12.24 01:49:16.147,1.15035,1.151,8.00,8.40
2007.12.24 01:49:16.274,1.15035,1.151,8.00,8.40
2007.12.24 01:49:16.401,1.15035,1.151,8.00,8.40
2007.12.24 01:49:16.530,1.15035,1.151,8.00,8.40
2007.12.24 01:49:16.648,1.15035,1.151,8.00,8.40
2007.12.24 01:49:16.765,1.15035,1.151,8.00,8.40
2007.12.24 01:49:16.883,1.15035,1.151,8.00,8.40
2007.12.24 01:49:17.001,1.15035,1.151,8.00,8.40
2007.12.24 01:49:17.118,1.15035,1.151,8.00,8.40
2007.12.24 01:49:17.249,1.15035,1.151,8.00,8.40
2007.12.24 01:49:17.355,1.15035,1.151,8.00,8.40
2007.12.24 01:49:17.472,1.15035,1.151,8.00,8.40
2007.12.24 01:49:17.594,1.15035,1.151,8.00,8.40
2007.12.24 01:49:17.718,1.15035,1.151,8.00,8.40
2007.12.24 01:49:17.840,1.15035,1.151,8.00,8.40
2007.12.24 01:49:17.962,1.15035,1.151,8.00,8.40
2007.12.24 01:49:18.086,1.15035,1.151,8.00,8.40
2007.12.24 01:49:18.208,1.15035,1.151,8.00,8.40
2007.12.24 01:49:18.330,1.15035,1.151,8.00,8.40
2007.12.24 01:49:18.454,1.15035,1.151,8.00,8.40
2007.12.24 01:49:18.577,1.15035,1.151,8.00,8.40
2007.12.24 01:49:18.704,1.15035,1.151,8.00,8.40
2007.12.24 01:49:18.831,1.15035,1.151,8.00,8.40
2007.12.24 01:49:18.958,1.15035,1.151,8.00,8.40
2007.12.24 01:49:19.087,1.15035,1.151,8.00,8.40
2007.12.24 01:49:19.215,1.15035,1.151,8.00,8.40
2007.12.24 01:49:19.342,1.15035,1.151,8.00,8.40
2007.12.24 01:49:19.469,1.15035,1.151,8.00,8.40
2007.12.24 01:49:19.583,1.15035,1.151,8.00,8.40
2007.12.24 01:49:19.695,1.15035,1.151,8.00,8.40
2007.12.24 01:49:19.807,1.15035,1.151,8.00,8.40
2007.12.24 01:49:19.921,1.15035,1.151,8.00,8.40
2007.12.24 01:49:20.033,1.15035,1.151,8.00,8.40
2007.12.24 01:49:20.145,1.15035,1.151,8.00,8.40
2007.12.24 01:49:20.258,1.15035,1.151,8.00,8.40
2007.12.24 01:49:20.372,1.15035,1.151,8.00,8.40
2007.12.24 01:49:20.485,1.15035,1.151,8.00,8.40
2007.12.24 01:49:20.597,1.15035,1.151,8.00,8.40
2007.12.24 01:49:20.729,1.15035,1.151,8.00,8.40
2007.12.24 01:49:20.863,1.15035,1.151,8.00,8.40
2007.12.24 01:49:20.995,1.15035,1.151,8.00,8.40
2007.12.24 01:49:21.127,1.15035,1.151,8.00,8.40
2007.12.24 01:49:21.271,1.15035,1.151,8.00,8.40
2007.12.24 01:49:21.393,1.15035,1.151,8.00,8.40
2007.12.24 01:49:21.525,1.15035,1.151,8.00,8.40
2007.12.24 01:49:21.644,1.15035,1.151,8.00,8.40
2007.12.24 01:49:21.762,1.15035,1.151,8.00,8.40
2007.12.24 01:49:21.879,1.15035,1.151,8.00,8.40
2007.12.24 01:49:21.996,1.15035,1.151,8.00,8.40
2007.12.24 01:49:22.115,1.15035,1.151,8.00,8.40
2007.12.24 01:49:22.232,1.15035,1.151,8.00,8.40
2007.12.24 01:49:22.349,1.15035,1.151,8.00,8.40
2007.12.24 01:49:22.468,1.15035,1.151,8.00,8.40
2007.12.24 01:49:22.585,1.15035,1.151,8.00,8.40
2007.12.24 01:49:22.712,1.15035,1.151,8.00,8.40
2007.12.24 01:49:22.841,1.15035,1.151,8.00,8.40
2007.12.24 01:49:22.968,1.15035,1.151,8.00,8.40
2007.12.24 01:49:23.096,1.15035,1.151,8.00,8.40
2007.12.24 01:49:23.224,1.15035,1.151,8.00,8.40
2007.12.24 01:49:23.351,1.15035,1.151,8.00,8.40
2007.12.24 01:49:23.479,1.15035,1.151,8.00,8.40
2007.12.24 01:49:23.590,1.15035,1.1511,8.00,16.00
2007.12.24 01:49:23.607,1.15035,1.1511,8.00,16.00
2007.12.24 01:49:23.724,1.15035,1.1511,8.00,16.00
2007.12.24 01:49:23.842,1.15035,1.1511,8.00,16.00
2007.12.24 01:49:23.959,1.15035,1.1511,8.00,16.00
2007.12.24 01:49:24.076,1.15035,1.151,8.00,0.70
2007.12.24 01:49:24.195,1.15035,1.1511,8.00,16.00
2007.12.24 01:49:24.312,1.15035,1.1511,8.00,16.00
2007.12.24 01:49:24.431,1.15035,1.1511,8.00,16.00
2007.12.24 01:49:24.548,1.15035,1.1511,8.00,16.00
2007.12.24 01:49:24.675,1.15035,1.1511,8.00,16.00
2007.12.24 01:49:24.803,1.15035,1.151,8.00,0.70
2007.12.24 01:49:24.930,1.15035,1.1511,8.00,16.00
2007.12.24 01:49:25.059,1.15035,1.151,8.00,0.90
2007.12.24 01:49:25.186,1.15035,1.151,8.00,0.80
2007.12.24 01:49:25.313,1.15035,1.1511,8.00,16.00
2007.12.24 01:49:25.442,1.15035,1.1511,8.00,16.00
2007.12.24 01:49:25.569,1.15035,1.151,8.00,0.70
2007.12.24 01:49:25.688,1.15035,1.1511,8.00,16.00
2007.12.24 01:49:25.805,1.15035,1.151,8.00,0.60
2007.12.24 01:49:25.922,1.15035,1.151,8.00,0.50
2007.12.24 01:49:26.040,1.15035,1.1511,8.00,16.00
2007.12.24 01:49:26.159,1.15035,1.151,8.00,0.50
2007.12.24 01:49:26.276,1.15035,1.1511,8.00,16.00
2007.12.24 01:49:26.393,1.15035,1.151,8.00,0.90
2007.12.24 01:49:26.512,1.15035,1.151,8.00,0.50
2007.12.24 01:49:26.629,1.15035,1.1511,8.00,16.00
2007.12.24 01:49:26.763,1.15035,1.1511,8.00,16.00
2007.12.24 01:49:26.895,1.15035,1.151,8.00,0.70
2007.12.24 01:49:27.027,1.15035,1.1511,8.00,16.00
2007.12.24 01:49:27.159,1.15035,1.151,8.00,0.70
2007.12.24 01:49:27.293,1.15035,1.151,8.00,0.50
2007.12.24 01:49:27.425,1.15035,1.151,8.00,0.90
2007.12.24 01:49:27.557,1.15035,1.151,8.00,0.70
2007.12.24 01:49:27.690,1.15035,1.151,8.00,0.70
2007.12.24 01:49:27.803,1.15035,1.1511,8.00,16.00
2007.12.24 01:49:27.916,1.15035,1.151,8.00,0.90
2007.12.24 01:49:28.028,1.15035,1.1511,8.00,16.00
2007.12.24 01:49:28.141,1.15035,1.15115,8.00,10.00
2007.12.24 01:49:42.769,1.1503,1.1509,6.80,0.50
2007.12.24 01:49:42.847,1.1503,1.151,4.40,4.00
2007.12.24 01:49:42.925,1.1503,1.15095,12.40,10.80
2007.12.24 01:49:43.002,1.1503,1.15095,12.40,14.80
2007.12.24 01:49:43.080,1.1503,1.15095,12.40,14.80
2007.12.24 01:49:43.338,1.1503,1.1509,12.40,0.70
2007.12.24 01:49:43.595,1.1503,1.1509,12.40,0.90
2007.12.24 01:49:43.858,1.1503,1.1509,12.40,0.60
2007.12.24 01:49:44.116,1.1503,1.15095,12.40,14.80
2007.12.24 01:49:44.209,1.1503,1.1509,12.40,0.50
2007.12.24 01:49:44.302,1.1503,1.15095,12.40,14.80
2007.12.24 01:49:44.394,1.1503,1.1509,12.40,0.50
2007.12.24 01:49:44.487,1.1503,1.1509,12.40,0.90
2007.12.24 01:49:44.580,1.1503,1.15095,12.40,14.80
2007.12.24 01:49:44.682,1.1503,1.15095,12.40,14.80
2007.12.24 01:49:44.775,1.1503,1.15095,12.40,14.80
2007.12.24 01:49:44.867,1.1503,1.1509,12.40,0.60
2007.12.24 01:49:44.960,1.1503,1.15095,12.40,14.80
2007.12.24 01:49:45.053,1.1503,1.15095,12.40,14.80
2007.12.24 01:49:45.147,1.1503,1.1509,12.40,0.90
2007.12.24 01:49:45.239,1.1503,1.1509,12.40,0.60
2007.12.24 01:49:45.397,1.1503,1.1509,12.40,0.60
2007.12.24 01:49:45.534,1.1503,1.15095,12.40,14.80
2007.12.24 01:49:45.682,1.1503,1.15095,12.40,14.80
2007.12.24 01:49:45.829,1.1503,1.1509,12.40,0.60
2007.12.24 01:49:45.977,1.1503,1.1509,12.40,0.60
2007.12.24 01:49:46.125,1.1503,1.15095,12.40,14.80
2007.12.24 01:49:46.273,1.1503,1.1509,12.40,0.70
2007.12.24 01:49:46.386,1.1503,1.15095,12.40,14.80
2007.12.24 01:49:46.499,1.1503,1.15095,12.40,14.80
2007.12.24 01:49:46.612,1.1503,1.15095,12.40,14.80
2007.12.24 01:49:46.724,1.1503,1.1509,12.40,0.70
2007.12.24 01:49:46.837,1.1503,1.1509,12.40,0.70
2007.12.24 01:49:46.950,1.1503,1.1509,12.40,0.90
2007.12.24 01:49:47.063,1.1503,1.15095,12.40,14.80
2007.12.24 01:49:47.176,1.1503,1.15095,12.40,14.80
2007.12.24 01:49:47.288,1.1503,1.1509,12.40,0.80
2007.12.24 01:49:47.431,1.1503,1.15095,12.40,14.80
2007.12.24 01:49:47.574,1.1503,1.1509,12.40,0.70
2007.12.24 01:49:47.716,1.1503,1.15095,12.40,14.80
2007.12.24 01:49:47.860,1.1503,1.15095,12.40,14.80
2007.12.24 01:49:48.002,1.1503,1.15095,12.40,14.80
2007.12.24 01:49:48.144,1.1503,1.15095,12.40,14.80
2007.12.24 01:49:48.287,1.1503,1.15095,12.40,14.80
2007.12.24 01:49:48.420,1.1503,1.15095,12.40,14.80
2007.12.24 01:49:48.564,1.1503,1.15095,12.40,14.80
2007.12.24 01:49:48.685,1.1503,1.15095,12.40,14.80
2007.12.24 01:49:48.818,1.1503,1.15095,12.40,14.80
2007.12.24 01:49:48.950,1.1503,1.15095,12.40,14.80
2007.12.24 01:49:49.082,1.1503,1.15095,12.40,14.80
2007.12.24 01:49:49.215,1.1503,1.15095,12.40,14.80
2007.12.24 01:49:49.348,1.1503,1.15095,12.40,14.80
2007.12.24 01:49:49.471,1.1503,1.15095,12.40,14.80
2007.12.24 01:49:49.593,1.1503,1.1509,12.40,0.60
2007.12.24 01:49:49.716,1.1503,1.15095,12.40,14.80
2007.12.24 01:49:49.839,1.1503,1.15095,12.40,14.80
2007.12.24 01:49:49.962,1.1503,1.1509,12.40,0.80
2007.12.24 01:49:50.084,1.1503,1.1509,12.40,0.90
2007.12.24 01:49:50.208,1.1503,1.1509,12.40,0.90
2007.12.24 01:49:50.330,1.1503,1.151,4.00,16.00
2007.12.24 01:49:50.478,1.15025,1.151,8.00,16.00
2007.12.24 01:49:50.625,1.15025,1.151,8.00,16.00
2007.12.24 01:49:50.773,1.15025,1.151,8.00,16.00
2007.12.24 01:49:50.921,1.15025,1.151,8.00,16.00
2007.12.24 01:49:51.069,1.15025,1.1509,8.00,0.80
2007.12.24 01:49:51.217,1.15025,1.151,8.00,16.00
2007.12.24 01:49:51.365,1.15025,1.151,8.00,16.00
2007.12.24 01:49:51.512,1.15025,1.151,8.00,16.00
2007.12.24 01:49:51.659,1.15025,1.1509,8.00,8.40
2007.12.24 01:49:51.807,1.15025,1.1509,8.00,8.40
2007.12.24 01:49:51.955,1.15025,1.1509,8.00,8.40
2007.12.24 01:49:52.103,1.15025,1.1509,8.00,8.40
2007.12.24 01:49:52.251,1.15025,1.1509,8.00,8.40
2007.12.24 01:49:52.399,1.15025,1.1509,8.00,8.40
2007.12.24 01:49:52.501,1.15025,1.1509,8.00,8.40
2007.12.24 01:49:52.604,1.15025,1.1509,8.00,8.40
2007.12.24 01:49:52.707,1.15025,1.1509,8.00,8.40
2007.12.24 01:49:52.810,1.15025,1.1509,8.00,8.40
2007.12.24 01:49:52.912,1.15025,1.1509,8.00,8.40
2007.12.24 01:49:53.015,1.15025,1.1509,8.00,8.40
2007.12.24 01:49:53.117,1.15025,1.1509,8.00,8.40
2007.12.24 01:49:53.220,1.15025,1.1509,8.00,8.40
2007.12.24 01:49:53.322,1.15025,1.1509,8.00,8.40
2007.12.24 01:49:53.425,1.15025,1.1509,8.00,8.40
2007.12.24 01:49:53.568,1.15025,1.1509,8.00,8.40
2007.12.24 01:49:53.711,1.15025,1.1509,8.00,8.40
2007.12.24 01:49:53.853,1.15025,1.1509,8.00,8.40
2007.12.24 01:49:53.996,1.15025,1.1509,8.00,8.40
2007.12.24 01:49:54.139,1.15025,1.1509,8.00,8.40
2007.12.24 01:49:54.281,1.15025,1.1509,8.00,8.40
2007.12.24 01:49:54.424,1.15025,1.1509,8.00,8.40
2007.12.24 01:49:54.567,1.15025,1.1509,8.00,8.40
2007.12.24 01:49:54.675,1.15025,1.1509,8.00,8.40
2007.12.24 01:49:54.784,1.15025,1.1509,8.00,8.40
2007.12.24 01:49:54.891,1.15025,1.1509,8.00,8.40
2007.12.24 01:49:54.999,1.15025,1.1509,8.00,8.40
2007.12.24 01:49:55.106,1.15025,1.1509,8.00,8.40
2007.12.24 01:49:55.214,1.15025,1.1509,8.00,8.40
2007.12.24 01:49:55.322,1.15025,1.1509,8.00,8.40
2007.12.24 01:49:55.429,1.15025,1.1509,8.00,8.40
2007.12.24 01:49:55.562,1.15025,1.1509,8.00,8.40
2007.12.24 01:49:55.695,1.15025,1.1509,8.00,8.40
2007.12.24 01:49:55.827,1.15025,1.1509,8.00,8.40
2007.12.24 01:49:55.960,1.15025,1.1509,8.00,8.40
2007.12.24 01:49:56.093,1.15025,1.1509,8.00,8.40
2007.12.24 01:49:56.226,1.15025,1.1509,8.00,8.40
2007.12.24 01:49:56.358,1.15025,1.1509,8.00,8.40
2007.12.24 01:49:56.491,1.15025,1.1509,8.00,8.40
2007.12.24 01:49:56.608,1.15025,1.1509,8.00,8.40
2007.12.24 01:49:56.731,1.15025,1.1509,8.00,8.40
2007.12.24 01:49:56.848,1.15025,1.1509,8.00,8.40
2007.12.24 01:49:56.966,1.15025,1.1509,8.00,8.40
2007.12.24 01:49:57.083,1.15025,1.1509,8.00,8.40
2007.12.24 01:49:57.200,1.15025,1.1509,8.00,8.40
2007.12.24 01:49:57.318,1.15025,1.1509,8.00,8.40
2007.12.24 01:49:57.436,1.15025,1.1509,8.00,8.40
2007.12.24 01:49:57.553,1.15025,1.1509,8.00,8.40
2007.12.24 01:49:57.686,1.15025,1.1509,8.00,8.40
2007.12.24 01:49:57.818,1.15025,1.1509,8.00,8.40
2007.12.24 01:49:57.951,1.15025,1.1509,8.00,8.40
2007.12.24 01:49:58.084,1.15025,1.1509,8.00,8.40
2007.12.24 01:49:58.216,1.15025,1.1509,8.00,8.40
2007.12.24 01:49:58.349,1.15025,1.1509,8.00,8.40
2007.12.24 01:49:58.482,1.15025,1.1509,8.00,8.40
2007.12.24 01:49:58.615,1.15025,1.1509,8.00,8.40
2007.12.24 01:49:58.762,1.15025,1.1509,8.00,8.40
2007.12.24 01:49:58.910,1.15025,1.1509,8.00,8.40
2007.12.24 01:49:59.057,1.15025,1.1509,8.00,8.40
2007.12.24 01:49:59.204,1.15025,1.1509,8.00,8.40
2007.12.24 01:49:59.352,1.15025,1.1509,8.00,8.40
2007.12.24 01:49:59.500,1.15025,1.1509,8.00,8.40
2007.12.24 01:49:59.648,1.15025,1.1509,8.00,8.40
2007.12.24 01:49:59.750,1.15025,1.1509,8.00,8.40
2007.12.24 01:49:59.853,1.15025,1.1509,8.00,8.40
2007.12.24 01:49:59.956,1.15025,1.1509,8.00,8.40
2007.12.24 01:50:00.058,1.15025,1.1509,8.00,8.40
2007.12.24 01:50:00.161,1.15025,1.1509,8.00,8.40
2007.12.24 01:50:00.264,1.15025,1.1509,8.00,8.40
2007.12.24 01:50:00.366,1.15025,1.1509,8.00,8.40
2007.12.24 01:50:00.469,1.15025,1.1509,8.00,8.40
2007.12.24 01:50:00.571,1.15025,1.1509,8.00,8.40
2007.12.24 01:50:00.674,1.15025,1.1509,8.00,8.40
2007.12.24 01:50:00.776,1.15025,1.1509,8.00,8.40
2007.12.24 01:50:00.937,1.15025,1.1509,8.00,8.40
2007.12.24 01:50:01.071,1.15025,1.1509,8.00,8.40
2007.12.24 01:50:01.219,1.15025,1.1509,8.00,8.40
2007.12.24 01:50:01.366,1.15025,1.1509,8.00,8.40
2007.12.24 01:50:01.514,1.15025,1.1509,8.00,8.40
2007.12.24 01:50:01.662,1.15025,1.1509,8.00,8.40
2007.12.24 01:50:01.809,1.15025,1.1509,8.00,8.40
2007.12.24 01:50:01.917,1.1503,1.1509,0.50,8.40
2007.12.24 01:50:02.026,1.1503,1.1509,0.50,8.40
2007.12.24 01:50:02.134,1.1503,1.1509,0.50,8.40
2007.12.24 01:50:02.241,1.1503,1.1509,0.50,8.40
2007.12.24 01:50:02.349,1.1503,1.1509,0.50,8.40
2007.12.24 01:50:02.457,1.1503,1.1509,0.50,8.40
2007.12.24 01:50:02.564,1.1503,1.1509,0.50,8.40
2007.12.24 01:50:02.671,1.1503,1.1509,0.50,8.40
2007.12.24 01:50:02.778,1.1503,1.1509,0.50,8.40
2007.12.24 01:50:02.931,1.1503,1.1509,0.50,8.40
2007.12.24 01:50:03.084,1.1503,1.1509,0.50,8.40
2007.12.24 01:50:03.236,1.1503,1.1509,0.50,8.40
2007.12.24 01:50:03.389,1.1503,1.1509,0.50,8.40
2007.12.24 01:50:03.541,1.1503,1.1509,0.50,8.40
2007.12.24 01:50:03.694,1.1503,1.1509,0.50,8.40
2007.12.24 01:50:03.846,1.1503,1.1509,0.50,8.40
2007.12.24 01:50:03.949,1.1503,1.1509,0.50,8.40
2007.12.24 01:50:04.052,1.1503,1.1509,0.50,8.40
2007.12.24 01:50:04.154,1.1503,1.1509,0.50,8.40
2007.12.24 01:50:04.256,1.1503,1.1509,0.50,8.40
2007.12.24 01:50:04.360,1.1503,1.1509,0.50,8.40
2007.12.24 01:50:04.463,1.1503,1.1509,0.50,8.40
2007.12.24 01:50:04.566,1.1503,1.1509,0.50,8.40
2007.12.24 01:50:04.668,1.1503,1.1509,0.50,8.40
2007.12.24 01:50:04.770,1.1503,1.1509,0.50,8.40
2007.12.24 01:50:04.873,1.1503,1.1509,0.50,8.40
2007.12.24 01:50:05.011,1.1503,1.1509,0.50,8.40
2007.12.24 01:50:05.148,1.1503,1.1509,0.50,8.40
2007.12.24 01:50:05.286,1.1503,1.1509,0.50,8.40
2007.12.24 01:50:05.424,1.1503,1.1509,0.50,8.40
2007.12.24 01:50:05.562,1.1503,1.1509,0.50,8.40
2007.12.24 01:50:05.700,1.1503,1.1509,0.50,8.40
2007.12.24 01:50:05.837,1.1503,1.1509,0.50,8.40
2007.12.24 01:50:05.945,1.1503,1.1509,0.50,8.40
2007.12.24 01:50:06.052,1.1503,1.1509,0.50,8.40
2007.12.24 01:50:06.160,1.1503,1.1509,0.50,8.40
2007.12.24 01:50:06.267,1.1503,1.1509,0.50,8.40
2007.12.24 01:50:06.374,1.1503,1.1509,0.50,8.40
2007.12.24 01:50:06.482,1.1503,1.1509,0.50,8.40
2007.12.24 01:50:06.589,1.1503,1.1509,0.50,8.40
2007.12.24 01:50:06.697,1.1503,1.1509,0.50,8.40
2007.12.24 01:50:06.804,1.1503,1.1509,0.50,8.40
2007.12.24 01:50:06.912,1.1503,1.1509,0.50,8.40
2007.12.24 01:50:07.049,1.1503,1.1509,0.50,8.40
2007.12.24 01:50:07.187,1.1503,1.1509,0.50,8.40
2007.12.24 01:50:07.325,1.1503,1.1509,0.50,8.40
2007.12.24 01:50:07.462,1.1503,1.1509,0.50,8.40
2007.12.24 01:50:07.600,1.1503,1.1509,0.50,8.40
2007.12.24 01:50:07.682,1.15025,1.1509,8.50,8.40
2007.12.24 01:50:07.737,1.15025,1.1509,8.50,8.40
2007.12.24 01:50:07.875,1.15025,1.1509,8.50,8.40
2007.12.24 01:50:07.988,1.1503,1.1509,0.50,8.40
2007.12.24 01:50:08.100,1.15025,1.1509,8.50,8.40
2007.12.24 01:50:08.213,1.1503,1.1509,0.50,8.40
2007.12.24 01:50:08.325,1.1503,1.1509,0.50,8.40
2007.12.24 01:50:08.438,1.15025,1.1509,8.50,8.40
2007.12.24 01:50:08.550,1.15025,1.1509,8.50,8.40
2007.12.24 01:50:08.663,1.1503,1.1509,0.50,8.40
2007.12.24 01:50:08.776,1.1503,1.1509,0.50,8.40
2007.12.24 01:50:08.888,1.15025,1.1509,8.50,8.40
2007.12.24 01:50:09.021,1.15025,1.1509,8.50,8.40
2007.12.24 01:50:09.153,1.15025,1.1509,8.50,8.40
2007.12.24 01:50:09.286,1.1503,1.1509,0.50,8.40
2007.12.24 01:50:09.419,1.1503,1.1509,0.50,8.40
2007.12.24 01:50:09.551,1.15025,1.1509,8.50,8.40
2007.12.24 01:50:09.684,1.15025,1.1509,8.50,8.40
2007.12.24 01:50:09.817,1.1503,1.1509,0.50,8.40
2007.12.24 01:50:09.949,1.1503,1.1509,0.50,8.40
2007.12.24 01:50:10.107,1.1503,1.1509,0.50,8.40
2007.12.24 01:50:10.264,1.15025,1.1509,8.50,8.40
2007.12.24 01:50:10.422,1.1503,1.1509,0.50,8.40
2007.12.24 01:50:10.579,1.15025,1.1509,8.50,8.40
2007.12.24 01:50:10.737,1.1503,1.1509,0.50,8.40
2007.12.24 01:50:10.894,1.15025,1.1509,8.50,8.40
2007.12.24 01:50:11.052,1.15025,1.1509,8.50,8.40
2007.12.24 01:50:11.169,1.15025,1.1509,8.50,8.40
2007.12.24 01:50:11.287,1.1503,1.1509,0.50,8.40
2007.12.24 01:50:11.405,1.1503,1.1509,0.50,8.40
2007.12.24 01:50:11.522,1.15025,1.1509,8.50,8.40
2007.12.24 01:50:11.640,1.15025,1.1509,8.50,8.40
2007.12.24 01:50:11.757,1.1503,1.1509,0.50,8.40
2007.12.24 01:50:11.875,1.1503,1.1509,0.50,8.40
2007.12.24 01:50:11.993,1.15025,1.1509,8.50,8.40
2007.12.24 01:50:12.125,1.1503,1.1509,0.50,8.40
2007.12.24 01:50:12.258,1.15025,1.1509,8.50,8.40
2007.12.24 01:50:12.390,1.15025,1.1509,8.50,8.40
2007.12.24 01:50:12.523,1.15025,1.1509,8.50,8.40
2007.12.24 01:50:12.655,1.15025,1.1509,8.50,8.40
2007.12.24 01:50:12.788,1.1503,1.1509,0.50,8.40
2007.12.24 01:50:12.920,1.15025,1.1509,8.50,8.40
2007.12.24 01:50:13.052,1.1503,1.1509,0.50,8.40
2007.12.24 01:50:13.178,1.15025,1.1509,8.50,8.40
2007.12.24 01:50:13.278,1.1503,1.1509,0.50,8.40
2007.12.24 01:50:13.391,1.15025,1.1509,8.50,8.40
2007.12.24 01:50:13.504,1.1503,1.1509,0.50,8.40
2007.12.24 01:50:13.616,1.15025,1.1509,8.50,8.40
2007.12.24 01:50:13.729,1.15025,1.1509,8.50,8.40
2007.12.24 01:50:13.841,1.15025,1.1509,8.50,8.40
2007.12.24 01:50:13.953,1.15025,1.1509,8.50,8.40
2007.12.24 01:50:14.066,1.15025,1.1509,8.50,8.40
2007.12.24 01:50:14.198,1.15025,1.1509,8.50,8.40
2007.12.24 01:50:14.330,1.15025,1.1509,8.50,8.40
2007.12.24 01:50:14.464,1.15025,1.1509,8.50,8.40
2007.12.24 01:50:14.597,1.1503,1.1509,0.50,8.40
2007.12.24 01:50:14.729,1.15025,1.1509,8.50,8.40
2007.12.24 01:50:14.861,1.1503,1.1509,0.50,8.40
2007.12.24 01:50:14.993,1.15025,1.1509,8.50,8.40
2007.12.24 01:50:15.126,1.1503,1.1509,0.50,8.40
2007.12.24 01:50:15.244,1.15025,1.1509,8.50,8.40
2007.12.24 01:50:15.362,1.1503,1.1509,0.50,8.40
2007.12.24 01:50:15.480,1.1503,1.1509,0.50,8.40
2007.12.24 01:50:15.598,1.15025,1.1509,8.50,8.40
2007.12.24 01:50:15.715,1.15025,1.1509,8.50,8.40
2007.12.24 01:50:15.845,1.1503,1.1509,0.50,8.40
2007.12.24 01:50:15.950,1.1503,1.1509,0.50,8.40
2007.12.24 01:50:16.067,1.15025,1.1509,8.50,8.40
2007.12.24 01:50:16.185,1.1503,1.1509,0.50,8.40
2007.12.24 01:50:16.327,1.15025,1.1509,8.50,8.40
2007.12.24 01:50:16.470,1.15025,1.1509,8.50,8.40
2007.12.24 01:50:16.612,1.15025,1.1509,8.50,8.40
2007.12.24 01:50:16.755,1.15025,1.1509,8.50,8.40
2007.12.24 01:50:16.897,1.15025,1.1509,8.50,8.40
2007.12.24 01:50:17.040,1.1503,1.1509,0.50,8.40
2007.12.24 01:50:17.182,1.15025,1.1509,8.50,8.40
2007.12.24 01:50:17.360,1.15025,1.1509,8.50,8.40
2007.12.24 01:50:17.537,1.15025,1.1509,8.50,8.40
2007.12.24 01:50:17.715,1.1503,1.1509,0.50,8.40
2007.12.24 01:50:17.893,1.1503,1.1509,0.50,8.40
2007.12.24 01:50:18.070,1.1503,1.1509,0.50,8.40
2007.12.24 01:50:18.247,1.1503,1.1509,0.50,8.40
2007.12.24 01:50:18.366,1.15025,1.1509,8.50,8.40
2007.12.24 01:50:18.483,1.15025,1.1509,8.50,8.40
2007.12.24 01:50:18.601,1.15025,1.1509,8.50,8.40
2007.12.24 01:50:18.719,1.15025,1.1509,8.50,8.40
2007.12.24 01:50:18.836,1.1503,1.1509,0.50,8.40
2007.12.24 01:50:18.954,1.1503,1.1509,0.50,8.40
2007.12.24 01:50:19.072,1.15025,1.1509,8.50,8.40
2007.12.24 01:50:19.189,1.15025,1.1509,8.50,8.40
2007.12.24 01:50:19.316,1.15025,1.1509,8.50,8.40
2007.12.24 01:50:19.445,1.15025,1.1509,8.50,8.40
2007.12.24 01:50:19.572,1.1503,1.1509,0.50,8.40
2007.12.24 01:50:19.700,1.1503,1.1509,0.50,8.40
2007.12.24 01:50:19.828,1.15025,1.1509,8.50,8.40
2007.12.24 01:50:19.955,1.15025,1.1509,8.50,8.40
2007.12.24 01:50:20.082,1.1503,1.1509,0.50,8.40
2007.12.24 01:50:20.210,1.1503,1.1509,0.50,8.40
2007.12.24 01:50:20.323,1.1503,1.1509,0.50,8.40
2007.12.24 01:50:20.435,1.15025,1.1509,8.50,8.40
2007.12.24 01:50:20.548,1.1503,1.1509,0.50,8.40
2007.12.24 01:50:20.660,1.15025,1.1509,8.50,8.40
2007.12.24 01:50:20.773,1.15025,1.1509,8.50,8.40
2007.12.24 01:50:20.885,1.15025,1.1509,8.50,8.40
2007.12.24 01:50:21.009,1.15025,1.1509,8.50,8.40
2007.12.24 01:50:21.110,1.1503,1.1509,0.50,8.40
2007.12.24 01:50:21.222,1.15025,1.1509,8.50,8.40
2007.12.24 01:50:21.354,1.15025,1.1509,8.50,8.40
2007.12.24 01:50:21.487,1.15025,1.1509,8.50,8.40
2007.12.24 01:50:21.619,1.15025,1.1509,8.50,8.40
2007.12.24 01:50:21.752,1.15025,1.1509,8.50,8.40
2007.12.24 01:50:21.885,1.1503,1.1509,0.50,8.40
2007.12.24 01:50:22.017,1.1503,1.1509,0.50,8.40
2007.12.24 01:50:22.150,1.1503,1.1509,0.50,8.40
2007.12.24 01:50:22.282,1.1503,1.1509,0.50,8.40
2007.12.24 01:50:22.449,1.1503,1.1509,0.50,8.40
2007.12.24 01:50:22.617,1.15025,1.1509,8.50,8.40
2007.12.24 01:50:22.784,1.15025,1.1509,8.50,8.40
2007.12.24 01:50:22.952,1.1503,1.1509,0.50,8.40
2007.12.24 01:50:23.119,1.15025,1.1509,8.50,8.40
2007.12.24 01:50:23.286,1.15025,1.1509,8.50,8.40
2007.12.24 01:50:23.414,1.1503,1.1509,0.50,8.40
2007.12.24 01:50:23.542,1.15025,1.1509,8.50,8.40
2007.12.24 01:50:23.670,1.15025,1.1509,8.50,8.40
2007.12.24 01:50:23.798,1.1503,1.1509,0.50,8.40
2007.12.24 01:50:23.925,1.1503,1.1509,0.50,8.40
2007.12.24 01:50:24.052,1.15025,1.1509,8.50,8.40
2007.12.24 01:50:24.180,1.1503,1.1509,0.50,8.40
2007.12.24 01:50:24.308,1.1503,1.1509,0.50,8.40
2007.12.24 01:50:24.450,1.15025,1.1509,8.50,8.40
2007.12.24 01:50:24.593,1.15025,1.1509,8.50,8.40
2007.12.24 01:50:24.736,1.15025,1.1509,8.50,8.40
2007.12.24 01:50:24.878,1.15025,1.1509,8.50,8.40
2007.12.24 01:50:25.021,1.15025,1.1509,8.50,8.40
2007.12.24 01:50:25.163,1.15025,1.1509,8.50,8.40
2007.12.24 01:50:25.306,1.15025,1.1509,8.50,8.40
2007.12.24 01:50:25.413,1.1503,1.1509,0.50,8.40
2007.12.24 01:50:25.520,1.15025,1.1509,8.50,8.40
2007.12.24 01:50:25.628,1.1503,1.1509,0.50,8.40
2007.12.24 01:50:25.735,1.1503,1.1509,0.50,8.40
2007.12.24 01:50:25.844,1.1503,1.1509,0.50,8.40
2007.12.24 01:50:25.951,1.15025,1.1509,8.50,8.40
2007.12.24 01:50:26.058,1.15025,1.1509,8.50,8.40
2007.12.24 01:50:26.165,1.15025,1.1509,8.50,8.40
2007.12.24 01:50:26.273,1.15025,1.1509,8.50,8.40
2007.12.24 01:50:26.406,1.15025,1.1509,8.50,8.40
2007.12.24 01:50:26.540,1.1503,1.1509,0.50,8.40
2007.12.24 01:50:26.684,1.1503,1.1509,0.50,8.40
2007.12.24 01:50:26.815,1.15025,1.1509,8.50,8.40
2007.12.24 01:50:26.947,1.15025,1.1509,8.50,8.40
2007.12.24 01:50:27.080,1.15025,1.1509,8.50,8.40
2007.12.24 01:50:27.212,1.1503,1.1509,0.50,8.40
2007.12.24 01:50:27.344,1.15025,1.1509,8.50,8.40
2007.12.24 01:50:27.537,1.15025,1.1509,8.50,8.40
2007.12.24 01:50:27.729,1.15025,1.1509,8.50,8.40
2007.12.24 01:50:27.922,1.1503,1.1509,0.50,8.40
2007.12.24 01:50:28.115,1.15025,1.1509,8.50,8.40
2007.12.24 01:50:28.307,1.15025,1.1509,8.50,8.40
2007.12.24 01:50:28.500,1.1503,1.1509,0.50,8.40
2007.12.24 01:50:28.587,1.1503,1.1509,0.50,8.40
2007.12.24 01:50:28.675,1.15025,1.1509,8.50,8.40
2007.12.24 01:50:28.763,1.15025,1.1509,8.50,8.40
2007.12.24 01:50:28.850,1.1503,1.1509,0.50,8.40
2007.12.24 01:50:28.939,1.1503,1.1509,0.50,8.40
2007.12.24 01:50:29.026,1.1503,1.1509,0.50,8.40
2007.12.24 01:50:29.113,1.15025,1.1509,8.50,8.40
2007.12.24 01:50:29.201,1.15025,1.1509,8.50,8.40
2007.12.24 01:50:29.289,1.15025,1.1509,8.50,8.40
2007.12.24 01:50:29.376,1.15025,1.1509,8.50,8.40
2007.12.24 01:50:29.553,1.15025,1.1509,8.50,8.40
2007.12.24 01:50:29.731,1.15025,1.1509,8.50,8.40
2007.12.24 01:50:29.907,1.15025,1.1509,8.50,8.40
2007.12.24 01:50:30.086,1.15025,1.1509,8.50,8.40
2007.12.24 01:50:30.263,1.15035,1.151,8.80,12.40
2007.12.24 01:50:30.442,1.1504,1.151,1.20,12.40
2007.12.24 01:50:30.544,1.1504,1.151,1.70,12.40
2007.12.24 01:50:30.646,1.15035,1.151,12.80,12.40
2007.12.24 01:50:30.750,1.15035,1.151,12.80,12.40
2007.12.24 01:50:30.852,1.1504,1.151,1.90,12.40
2007.12.24 01:50:30.954,1.1504,1.151,2.60,12.40
2007.12.24 01:50:31.057,1.15035,1.151,12.80,12.40
2007.12.24 01:50:31.160,1.1504,1.151,2.80,12.40
2007.12.24 01:50:31.263,1.1504,1.151,2.40,12.40
2007.12.24 01:50:31.366,1.15035,1.151,12.80,12.40
2007.12.24 01:50:31.469,1.15035,1.151,12.80,12.40
2007.12.24 01:50:31.571,1.15035,1.151,12.80,12.40
2007.12.24 01:50:31.734,1.15035,1.151,13.20,12.40
2007.12.24 01:50:31.897,1.15035,1.151,13.20,12.40
2007.12.24 01:50:32.071,1.1506,1.151,0.50,12.40
2007.12.24 01:50:32.222,1.1505,1.151,1.70,12.40
2007.12.24 01:50:32.386,1.1505,1.151,1.70,12.40
2007.12.24 01:50:32.548,1.1506,1.151,0.50,12.40
2007.12.24 01:50:32.641,1.1505,1.151,1.70,12.40
2007.12.24 01:50:32.734,1.1505,1.151,1.70,12.40
2007.12.24 01:50:32.826,1.1505,1.151,1.70,12.40
2007.12.24 01:50:32.920,1.1506,1.151,0.50,12.40
2007.12.24 01:50:33.024,1.1505,1.151,1.70,12.40
2007.12.24 01:50:33.104,1.1506,1.151,0.50,12.40
2007.12.24 01:50:33.197,1.1505,1.151,1.70,12.40
2007.12.24 01:50:33.289,1.1506,1.151,0.50,12.40
2007.12.24 01:50:33.383,1.1505,1.151,1.70,12.40
2007.12.24 01:50:33.475,1.1505,1.151,1.70,12.40
2007.12.24 01:50:33.569,1.1506,1.151,0.50,12.40
2007.12.24 01:50:33.731,1.1505,1.151,1.70,12.40
2007.12.24 01:50:33.894,1.1505,1.151,1.70,12.40
2007.12.24 01:50:34.057,1.1506,1.151,0.50,12.40
2007.12.24 01:50:34.219,1.1505,1.151,1.70,12.40
2007.12.24 01:50:34.381,1.1505,1.151,1.70,12.40
2007.12.24 01:50:34.543,1.1506,1.151,0.50,12.40
2007.12.24 01:50:34.635,1.1505,1.151,1.70,12.40
2007.12.24 01:50:34.728,1.1505,1.151,1.70,12.40
2007.12.24 01:50:34.820,1.1505,1.151,1.70,12.40
2007.12.24 01:50:34.914,1.1506,1.151,0.50,12.40
2007.12.24 01:50:35.006,1.1505,1.151,1.70,12.40
2007.12.24 01:50:35.098,1.1505,1.151,1.70,12.40
2007.12.24 01:50:35.190,1.1506,1.151,0.50,12.40
2007.12.24 01:50:35.284,1.1505,1.151,1.70,12.40
2007.12.24 01:50:35.376,1.1506,1.151,0.50,12.40
2007.12.24 01:50:35.468,1.1505,1.151,1.70,12.40
2007.12.24 01:50:35.561,1.1506,1.151,0.50,12.40
2007.12.24 01:50:35.713,1.1505,1.151,1.70,12.40
2007.12.24 01:50:35.866,1.1505,1.151,1.70,12.40
2007.12.24 01:50:36.018,1.1505,1.151,1.70,12.40
2007.12.24 01:50:36.171,1.1506,1.151,0.50,12.40
2007.12.24 01:50:36.324,1.1506,1.151,0.50,12.40
2007.12.24 01:50:36.476,1.1506,1.151,0.50,12.40
2007.12.24 01:50:36.629,1.1506,1.151,0.50,12.40
2007.12.24 01:50:36.731,1.1505,1.151,1.70,12.40
2007.12.24 01:50:36.834,1.1506,1.151,0.50,12.40
2007.12.24 01:50:36.936,1.1506,1.151,0.50,12.40
2007.12.24 01:50:37.040,1.1506,1.151,0.50,12.40
2007.12.24 01:50:37.142,1.1506,1.151,0.50,12.40
2007.12.24 01:50:37.244,1.1506,1.151,0.50,12.40
2007.12.24 01:50:37.347,1.1506,1.151,0.50,12.40
2007.12.24 01:50:37.449,1.1506,1.151,0.50,12.40
2007.12.24 01:50:37.552,1.1506,1.151,0.50,12.40
2007.12.24 01:50:37.654,1.1506,1.151,0.50,12.40
2007.12.24 01:50:37.797,1.1506,1.151,0.50,12.40
2007.12.24 01:50:37.939,1.1506,1.151,0.50,12.40
2007.12.24 01:50:38.082,1.1506,1.151,0.50,12.40
2007.12.24 01:50:38.224,1.1506,1.151,0.50,12.40
2007.12.24 01:50:38.367,1.1506,1.151,0.50,12.40
2007.12.24 01:50:38.509,1.1506,1.151,0.50,12.40
2007.12.24 01:50:38.652,1.1506,1.151,0.50,12.40
2007.12.24 01:50:38.766,1.1506,1.151,0.50,12.40
2007.12.24 01:50:38.868,1.1506,1.151,0.50,12.40
2007.12.24 01:50:38.972,1.1506,1.151,0.50,12.40
2007.12.24 01:50:39.074,1.1506,1.151,0.50,12.40
2007.12.24 01:50:39.176,1.1506,1.151,0.50,12.40
2007.12.24 01:50:39.278,1.1506,1.151,0.50,12.40
2007.12.24 01:50:39.381,1.1506,1.151,0.50,12.40
2007.12.24 01:50:39.484,1.1506,1.151,0.50,12.40
2007.12.24 01:50:39.586,1.1506,1.151,0.50,12.40
2007.12.24 01:50:39.689,1.1506,1.151,0.50,12.40
2007.12.24 01:50:39.792,1.1506,1.151,0.50,12.40
2007.12.24 01:50:39.939,1.1506,1.151,0.50,12.40
2007.12.24 01:50:40.087,1.1506,1.151,0.50,12.40
2007.12.24 01:50:40.235,1.1506,1.151,0.50,12.40
2007.12.24 01:50:40.382,1.1506,1.151,0.50,12.40
2007.12.24 01:50:40.530,1.1506,1.151,0.50,12.40
2007.12.24 01:50:40.677,1.1506,1.151,0.50,12.40
2007.12.24 01:50:40.826,1.1506,1.151,0.50,12.40
2007.12.24 01:50:40.933,1.1506,1.151,0.50,12.40
2007.12.24 01:50:41.040,1.1506,1.151,0.50,12.40
2007.12.24 01:50:41.148,1.1506,1.151,0.50,12.40
2007.12.24 01:50:41.256,1.1506,1.151,0.50,12.40
2007.12.24 01:50:41.363,1.1506,1.151,0.50,12.40
2007.12.24 01:50:41.470,1.1506,1.151,0.50,12.40
2007.12.24 01:50:41.578,1.1506,1.151,0.50,12.40
2007.12.24 01:50:41.686,1.1506,1.151,0.50,12.40
2007.12.24 01:50:41.793,1.1506,1.151,0.50,12.40
2007.12.24 01:50:41.930,1.1506,1.151,0.50,12.40
2007.12.24 01:50:42.068,1.1506,1.151,0.50,12.40
2007.12.24 01:50:42.206,1.1506,1.151,0.50,12.40
2007.12.24 01:50:42.343,1.1506,1.151,0.50,12.40
2007.12.24 01:50:42.480,1.1506,1.151,0.50,12.40
2007.12.24 01:50:42.618,1.1506,1.151,0.50,12.40
2007.12.24 01:50:42.756,1.1506,1.151,0.50,12.40
2007.12.24 01:50:42.893,1.1506,1.151,0.50,12.40
2007.12.24 01:50:43.001,1.1506,1.151,0.50,12.40
2007.12.24 01:50:43.109,1.1506,1.151,0.50,12.40
2007.12.24 01:50:43.217,1.1506,1.151,0.50,12.40
2007.12.24 01:50:43.324,1.1506,1.151,0.50,12.40
2007.12.24 01:50:43.431,1.1506,1.151,0.50,12.40
2007.12.24 01:50:43.539,1.1506,1.151,0.50,12.40
2007.12.24 01:50:43.647,1.1506,1.151,0.50,12.40
2007.12.24 01:50:43.754,1.1506,1.151,0.50,12.40
2007.12.24 01:50:43.862,1.1506,1.151,0.50,12.40
2007.12.24 01:50:44.005,1.1506,1.151,0.50,12.40
2007.12.24 01:50:44.147,1.1506,1.151,0.50,12.40
2007.12.24 01:50:44.290,1.1506,1.151,0.50,12.40
2007.12.24 01:50:44.433,1.1506,1.151,0.50,12.40
2007.12.24 01:50:44.575,1.1506,1.151,0.50,12.40
2007.12.24 01:50:44.718,1.1506,1.151,0.50,12.40
2007.12.24 01:50:44.860,1.1506,1.151,0.50,12.40
2007.12.24 01:50:44.963,1.1506,1.151,0.50,12.40
2007.12.24 01:50:45.065,1.1506,1.151,0.50,12.40
2007.12.24 01:50:45.167,1.1506,1.151,0.50,12.40
2007.12.24 01:50:45.270,1.1506,1.151,0.50,12.40
2007.12.24 01:50:45.372,1.1506,1.151,0.50,12.40
2007.12.24 01:50:45.475,1.1506,1.151,0.50,12.40
2007.12.24 01:50:45.578,1.1506,1.151,0.50,12.40
2007.12.24 01:50:45.681,1.1506,1.151,0.50,12.40
2007.12.24 01:50:45.783,1.1506,1.151,0.50,12.40
2007.12.24 01:50:45.885,1.1506,1.151,0.50,12.40
2007.12.24 01:50:45.988,1.1506,1.151,0.50,12.40
2007.12.24 01:50:46.131,1.1506,1.151,0.50,12.40
2007.12.24 01:50:46.274,1.1506,1.151,0.50,12.40
2007.12.24 01:50:46.416,1.1506,1.151,0.50,12.40
2007.12.24 01:50:46.559,1.1506,1.151,0.50,12.40
2007.12.24 01:50:46.702,1.1506,1.151,0.50,12.40
2007.12.24 01:50:46.844,1.1506,1.151,0.50,12.40
2007.12.24 01:50:46.987,1.1506,1.151,0.50,12.40
2007.12.24 01:50:47.094,1.1506,1.151,0.50,12.40
2007.12.24 01:50:47.201,1.1506,1.151,0.50,12.40
2007.12.24 01:50:47.309,1.1506,1.151,0.50,12.40
2007.12.24 01:50:47.417,1.1506,1.151,0.50,12.40
2007.12.24 01:50:47.536,1.1506,1.151,0.50,12.40
2007.12.24 01:50:47.632,1.1506,1.151,0.50,12.40
2007.12.24 01:50:47.740,1.1506,1.151,0.50,12.40
2007.12.24 01:50:47.847,1.1506,1.151,0.50,12.40
2007.12.24 01:50:47.955,1.1506,1.151,0.50,12.40
2007.12.24 01:50:48.093,1.1506,1.151,0.50,12.40
2007.12.24 01:50:48.231,1.1506,1.151,0.50,12.40
2007.12.24 01:50:48.369,1.1506,1.151,0.50,12.40
2007.12.24 01:50:48.506,1.1506,1.151,0.50,12.40
2007.12.24 01:50:48.644,1.1506,1.151,0.50,12.40
2007.12.24 01:50:48.782,1.1506,1.151,0.50,12.40
2007.12.24 01:50:48.920,1.1506,1.151,0.50,12.40
2007.12.24 01:50:49.057,1.1506,1.151,0.50,12.40
2007.12.24 01:50:49.169,1.1506,1.151,0.50,12.40
2007.12.24 01:50:49.282,1.1506,1.151,0.50,12.40
2007.12.24 01:50:49.394,1.1506,1.151,0.50,12.40
2007.12.24 01:50:49.507,1.1506,1.151,0.50,12.40
2007.12.24 01:50:49.632,1.1506,1.151,0.50,12.40
2007.12.24 01:50:49.744,1.1506,1.151,0.50,12.40
2007.12.24 01:50:49.858,1.1506,1.151,0.50,12.40
2007.12.24 01:50:49.970,1.1506,1.151,0.50,12.40
2007.12.24 01:50:50.083,1.1506,1.151,0.50,12.40
2007.12.24 01:50:50.225,1.1506,1.151,0.50,12.40
2007.12.24 01:50:50.368,1.1506,1.151,0.50,12.40
2007.12.24 01:50:50.511,1.1506,1.151,0.50,12.40
2007.12.24 01:50:50.655,1.1506,1.151,0.50,12.40
2007.12.24 01:50:50.797,1.1506,1.151,0.50,12.40
2007.12.24 01:50:50.939,1.1506,1.151,0.50,12.40
2007.12.24 01:50:51.081,1.1506,1.151,0.50,12.40
2007.12.24 01:50:51.209,1.1506,1.151,0.50,12.40
2007.12.24 01:50:51.336,1.1506,1.151,0.50,12.40
2007.12.24 01:50:51.464,1.1506,1.151,0.50,12.40
2007.12.24 01:50:51.592,1.1506,1.151,0.50,12.40
2007.12.24 01:50:51.720,1.1506,1.151,0.50,12.40
2007.12.24 01:50:51.847,1.1506,1.151,0.50,12.40
2007.12.24 01:50:51.975,1.1506,1.151,0.50,12.40
2007.12.24 01:50:52.102,1.1506,1.151,0.50,12.40
2007.12.24 01:50:52.230,1.1506,1.151,0.50,12.40
2007.12.24 01:50:52.357,1.1506,1.151,0.50,12.40
2007.12.24 01:50:52.485,1.1506,1.151,0.50,12.40
2007.12.24 01:50:52.613,1.1506,1.151,0.50,12.40
2007.12.24 01:50:52.740,1.1506,1.151,0.50,12.40
2007.12.24 01:50:52.868,1.1506,1.151,0.50,12.40
2007.12.24 01:50:52.996,1.1506,1.151,0.50,12.40
2007.12.24 01:50:53.123,1.1506,1.151,0.50,12.40
2007.12.24 01:50:53.240,1.1506,1.151,0.50,12.40
2007.12.24 01:50:53.358,1.1506,1.151,0.50,12.40
2007.12.24 01:50:53.487,1.1506,1.151,0.50,12.40
2007.12.24 01:50:53.593,1.1506,1.151,0.50,12.40
2007.12.24 01:50:53.710,1.1506,1.151,0.50,12.40
2007.12.24 01:50:53.827,1.1506,1.151,0.50,12.40
2007.12.24 01:50:53.945,1.1506,1.151,0.50,12.40
2007.12.24 01:50:54.063,1.1506,1.151,0.50,12.40
2007.12.24 01:50:54.181,1.1506,1.151,0.50,12.40
2007.12.24 01:50:54.313,1.1506,1.151,0.50,12.40
2007.12.24 01:50:54.445,1.1506,1.151,0.50,12.40
2007.12.24 01:50:54.578,1.1506,1.151,0.50,12.40
2007.12.24 01:50:54.711,1.1506,1.151,0.50,12.40
2007.12.24 01:50:54.844,1.1506,1.151,0.50,12.40
2007.12.24 01:50:54.976,1.1506,1.151,0.50,12.40
2007.12.24 01:50:55.108,1.1506,1.151,0.50,12.40
2007.12.24 01:50:55.241,1.1506,1.151,0.50,12.40
2007.12.24 01:50:55.359,1.1506,1.151,0.50,12.40
2007.12.24 01:50:55.476,1.1506,1.151,0.50,12.40
2007.12.24 01:50:55.594,1.1506,1.151,0.50,12.40
2007.12.24 01:50:55.711,1.1506,1.151,0.50,12.40
2007.12.24 01:50:55.829,1.1506,1.151,0.50,12.40
2007.12.24 01:50:55.946,1.1506,1.151,0.50,12.40
2007.12.24 01:50:56.064,1.1506,1.151,0.50,12.40
2007.12.24 01:50:56.181,1.1506,1.151,0.50,12.40
2007.12.24 01:50:56.300,1.1506,1.151,0.50,12.40
2007.12.24 01:50:56.432,1.1506,1.151,0.50,12.40
2007.12.24 01:50:56.563,1.1506,1.151,0.50,12.40
2007.12.24 01:50:56.696,1.1506,1.151,0.50,12.40
2007.12.24 01:50:56.829,1.1506,1.151,0.50,12.40
2007.12.24 01:50:56.961,1.1506,1.151,0.50,12.40
2007.12.24 01:50:57.094,1.1506,1.151,0.50,12.40
2007.12.24 01:50:57.233,1.1506,1.151,0.50,12.40
2007.12.24 01:50:57.340,1.1506,1.151,0.50,12.40
2007.12.24 01:50:57.447,1.1506,1.151,0.50,12.40
2007.12.24 01:50:57.554,1.1506,1.151,0.50,12.40
2007.12.24 01:50:57.662,1.1506,1.151,0.50,12.40
2007.12.24 01:50:57.769,1.1506,1.151,0.50,12.40
2007.12.24 01:50:57.783,1.1506,1.1511,0.50,16.80
2007.12.24 01:50:57.877,1.1506,1.1511,0.50,16.80
2007.12.24 01:50:57.984,1.1506,1.1511,0.50,16.80
2007.12.24 01:50:58.092,1.1506,1.1511,0.50,16.80
2007.12.24 01:50:58.200,1.1506,1.1511,0.50,16.80
2007.12.24 01:50:58.316,1.1506,1.1511,0.50,16.80
2007.12.24 01:50:58.469,1.1506,1.1511,0.50,16.80
2007.12.24 01:50:58.622,1.1506,1.151,0.50,0.50
2007.12.24 01:50:58.774,1.1506,1.1511,0.50,16.80
2007.12.24 01:50:58.927,1.1506,1.1511,0.50,16.80
2007.12.24 01:50:59.080,1.1506,1.151,0.50,0.50
2007.12.24 01:50:59.232,1.1506,1.1511,0.50,16.80
2007.12.24 01:50:59.340,1.1506,1.151,0.50,0.90
2007.12.24 01:50:59.448,1.1506,1.151,0.50,0.90
2007.12.24 01:50:59.557,1.1506,1.1511,0.50,16.80
2007.12.24 01:50:59.664,1.1506,1.151,0.50,0.80
2007.12.24 01:50:59.771,1.1506,1.1511,0.50,16.80
2007.12.24 01:50:59.878,1.1506,1.1511,0.50,16.80
2007.12.24 01:50:59.986,1.1506,1.151,0.50,0.70
2007.12.24 01:51:00.094,1.1506,1.1511,0.50,16.80
2007.12.24 01:51:00.201,1.1506,1.1511,0.50,16.80
2007.12.24 01:51:00.309,1.1506,1.151,0.50,0.60
2007.12.24 01:51:00.456,1.1506,1.151,0.50,0.70
2007.12.24 01:51:00.603,1.1506,1.1511,0.50,16.80
2007.12.24 01:51:00.751,1.1506,1.151,0.50,0.80
2007.12.24 01:51:00.899,1.1506,1.151,0.50,0.70
2007.12.24 01:51:01.046,1.1506,1.151,0.50,0.80
2007.12.24 01:51:01.194,1.1506,1.1511,0.50,16.80
2007.12.24 01:51:01.341,1.1506,1.1511,0.50,16.80
2007.12.24 01:51:01.474,1.1506,1.151,0.50,0.90
2007.12.24 01:51:01.607,1.1506,1.1511,0.50,16.80
2007.12.24 01:51:01.739,1.1506,1.1511,0.50,16.80
2007.12.24 01:51:01.872,1.1506,1.151,0.50,0.90
2007.12.24 01:51:02.005,1.1506,1.151,0.50,0.70
2007.12.24 01:51:02.137,1.15035,1.151,8.00,0.60
2007.12.24 01:51:02.270,1.15035,1.15115,8.00,8.20
2007.12.24 01:51:02.402,1.15035,1.15115,8.00,8.20
2007.12.24 01:51:02.514,1.15035,1.15115,8.00,8.20
2007.12.24 01:51:02.627,1.15035,1.15115,8.00,8.20
2007.12.24 01:51:02.739,1.15035,1.151,8.00,0.60
2007.12.24 01:51:02.852,1.15035,1.151,8.00,0.70
2007.12.24 01:51:02.964,1.15035,1.15115,8.00,8.20
2007.12.24 01:51:03.077,1.15035,1.15115,8.00,8.20
2007.12.24 01:51:03.190,1.15035,1.15115,8.00,8.20
2007.12.24 01:51:03.302,1.15035,1.15115,8.00,8.20
2007.12.24 01:51:03.454,1.15035,1.15115,8.00,8.20
2007.12.24 01:51:03.607,1.15035,1.15115,8.00,8.20
2007.12.24 01:51:03.759,1.15035,1.151,8.00,0.70
2007.12.24 01:51:03.912,1.15035,1.15115,8.00,8.20
2007.12.24 01:51:04.064,1.15035,1.15115,8.00,8.20
2007.12.24 01:51:04.217,1.15035,1.15115,8.00,8.20
2007.12.24 01:51:04.369,1.15035,1.15115,8.00,8.20
2007.12.24 01:51:04.498,1.15035,1.15115,8.00,8.20
2007.12.24 01:51:04.638,1.15035,1.151,8.00,0.80
2007.12.24 01:51:04.765,1.15035,1.15115,8.00,8.20
2007.12.24 01:51:04.892,1.15035,1.151,8.00,0.50
2007.12.24 01:51:05.019,1.15035,1.15115,8.00,8.20
2007.12.24 01:51:05.147,1.15035,1.15115,8.00,8.20
2007.12.24 01:51:05.276,1.15035,1.15115,8.00,8.20
2007.12.24 01:51:05.403,1.15035,1.15115,8.00,8.20
2007.12.24 01:51:05.515,1.15035,1.15115,8.00,8.20
2007.12.24 01:51:05.632,1.15035,1.15115,8.00,8.20
2007.12.24 01:51:05.745,1.15035,1.15115,8.00,8.20
2007.12.24 01:51:05.857,1.15035,1.15115,8.00,8.20
2007.12.24 01:51:05.969,1.15035,1.151,8.00,0.60
2007.12.24 01:51:06.082,1.15035,1.151,8.00,0.50
2007.12.24 01:51:06.196,1.1507,1.151,0.50,0.60
2007.12.24 01:51:06.309,1.1507,1.1511,0.50,13.20
2007.12.24 01:51:06.422,1.1507,1.1511,0.50,0.70
2007.12.24 01:51:06.569,1.1507,1.1511,0.50,0.50
2007.12.24 01:51:06.717,1.1507,1.1512,0.50,16.80
2007.12.24 01:51:06.865,1.1507,1.1512,0.50,16.80
2007.12.24 01:51:07.013,1.1507,1.1511,0.50,0.50
2007.12.24 01:51:07.160,1.1507,1.1512,0.50,16.80
2007.12.24 01:51:07.307,1.1507,1.1512,0.50,16.80
2007.12.24 01:51:07.455,1.1507,1.1512,0.50,16.80
2007.12.24 01:51:07.578,1.1507,1.1511,0.50,0.90
2007.12.24 01:51:07.701,1.1507,1.1512,0.50,16.80
2007.12.24 01:51:07.823,1.1507,1.1511,0.50,0.70
2007.12.24 01:51:07.945,1.1507,1.1511,0.50,0.70
2007.12.24 01:51:08.067,1.1507,1.1512,0.50,16.80
2007.12.24 01:51:08.189,1.1507,1.1512,0.50,16.80
2007.12.24 01:51:08.313,1.1507,1.1512,0.50,16.80
2007.12.24 01:51:08.436,1.1507,1.1511,0.50,0.60
2007.12.24 01:51:08.559,1.1507,1.1511,0.50,0.70
2007.12.24 01:51:08.691,1.1507,1.1512,0.50,16.00
2007.12.24 01:51:08.824,1.1507,1.1512,0.50,16.00
2007.12.24 01:51:08.967,1.1507,1.1512,0.50,16.00
2007.12.24 01:51:09.100,1.1507,1.1512,0.50,16.00
2007.12.24 01:51:09.234,1.1507,1.1511,0.50,0.60
2007.12.24 01:51:09.365,1.1507,1.1512,0.50,16.00
2007.12.24 01:51:09.498,1.1507,1.1511,0.50,0.90
2007.12.24 01:51:09.631,1.1507,1.1512,0.50,16.00
2007.12.24 01:51:09.754,1.1507,1.1512,0.50,16.00
2007.12.24 01:51:09.876,1.1507,1.1512,0.50,16.00
2007.12.24 01:51:09.999,1.1507,1.1511,0.50,0.80
2007.12.24 01:51:10.122,1.1507,1.1511,0.50,0.50
2007.12.24 01:51:10.244,1.1507,1.1511,0.50,0.60
2007.12.24 01:51:10.366,1.1507,1.1512,0.50,16.00
2007.12.24 01:51:10.489,1.1507,1.1512,0.50,16.00
2007.12.24 01:51:10.611,1.1507,1.1511,0.50,0.80
2007.12.24 01:51:10.738,1.1507,1.1512,0.50,16.00
2007.12.24 01:51:10.878,1.1507,1.1512,0.50,16.00
2007.12.24 01:51:11.006,1.1507,1.1512,0.50,16.00
2007.12.24 01:51:11.134,1.1507,1.1512,0.50,16.00
2007.12.24 01:51:11.261,1.1507,1.1511,0.50,0.50
2007.12.24 01:51:11.389,1.1507,1.1512,0.50,16.00
2007.12.24 01:51:11.517,1.1507,1.1511,0.50,0.90
2007.12.24 01:51:11.645,1.1507,1.1511,0.50,0.90
2007.12.24 01:51:11.762,1.1507,1.1512,0.50,16.00
2007.12.24 01:51:11.879,1.1507,1.1512,0.50,16.00
2007.12.24 01:51:11.998,1.1507,1.1511,0.50,0.80
2007.12.24 01:51:12.115,1.1507,1.1512,0.50,16.00
2007.12.24 01:51:12.234,1.1507,1.1512,0.50,16.00
2007.12.24 01:51:12.352,1.1507,1.1512,0.50,13.70
2007.12.24 01:51:12.469,1.1507,1.1512,0.50,13.70
2007.12.24 01:51:12.586,1.1507,1.1511,0.50,0.50
2007.12.24 01:51:12.730,1.1507,1.1511,0.50,0.50
2007.12.24 01:51:12.873,1.1507,1.1512,0.50,13.70
2007.12.24 01:51:13.015,1.1507,1.1511,0.50,0.50
2007.12.24 01:51:13.158,1.1507,1.1512,0.50,13.70
2007.12.24 01:51:13.301,1.1507,1.1511,0.50,0.50
2007.12.24 01:51:13.443,1.1507,1.1511,0.50,0.50
2007.12.24 01:51:13.586,1.1507,1.1512,0.50,13.70
2007.12.24 01:51:13.728,1.1507,1.1512,0.50,13.70
2007.12.24 01:51:13.841,1.1507,1.1512,0.50,13.70
2007.12.24 01:51:13.954,1.1507,1.1511,0.50,0.50
2007.12.24 01:51:14.066,1.1507,1.1511,0.50,0.50
2007.12.24 01:51:14.178,1.1507,1.1511,0.50,0.50
2007.12.24 01:51:14.291,1.1507,1.1511,0.50,0.50
2007.12.24 01:51:14.404,1.1507,1.1512,0.50,13.70
2007.12.24 01:51:14.517,1.1507,1.1512,0.50,13.70
2007.12.24 01:51:14.629,1.1507,1.1512,0.50,13.70
2007.12.24 01:51:14.761,1.1507,1.1511,0.50,0.50
2007.12.24 01:51:14.895,1.1507,1.1511,0.50,0.50
2007.12.24 01:51:15.028,1.1507,1.1511,0.50,0.50
2007.12.24 01:51:15.160,1.1507,1.1512,0.50,13.70
2007.12.24 01:51:15.304,1.1507,1.1511,0.50,0.50
2007.12.24 01:51:15.437,1.1507,1.1512,0.50,13.70
2007.12.24 01:51:15.569,1.1507,1.1512,0.50,13.70
2007.12.24 01:51:15.702,1.1507,1.1512,0.50,13.70
2007.12.24 01:51:15.819,1.1507,1.1512,0.50,13.70
2007.12.24 01:51:15.937,1.1507,1.1512,0.50,13.70
2007.12.24 01:51:16.054,1.1507,1.1512,0.50,13.70
2007.12.24 01:51:16.172,1.1507,1.1511,0.50,0.50
2007.12.24 01:51:16.289,1.1507,1.1512,0.50,13.70
2007.12.24 01:51:16.406,1.1507,1.1511,0.50,0.50
2007.12.24 01:51:16.524,1.1507,1.1512,0.50,13.70
2007.12.24 01:51:16.642,1.1507,1.1512,0.50,13.70
2007.12.24 01:51:16.760,1.1507,1.1511,0.50,0.50
2007.12.24 01:51:16.887,1.1507,1.1512,0.50,13.70
2007.12.24 01:51:17.015,1.1507,1.1511,0.50,0.50
2007.12.24 01:51:17.142,1.1507,1.1512,0.50,13.70
2007.12.24 01:51:17.270,1.1507,1.1512,0.50,13.70
2007.12.24 01:51:17.398,1.1507,1.1511,0.50,0.50
2007.12.24 01:51:17.525,1.1507,1.1512,0.50,13.70
2007.12.24 01:51:17.654,1.1507,1.1511,0.50,0.50
2007.12.24 01:51:17.781,1.1507,1.1512,0.50,13.70
2007.12.24 01:51:17.899,1.1507,1.1512,0.50,13.70
2007.12.24 01:51:18.017,1.1507,1.1512,0.50,13.70
2007.12.24 01:51:18.134,1.1507,1.1511,0.50,0.50
2007.12.24 01:51:18.252,1.1507,1.1511,0.50,0.50
2007.12.24 01:51:18.369,1.1507,1.1512,0.50,13.70
2007.12.24 01:51:18.487,1.1507,1.1511,0.50,0.50
2007.12.24 01:51:18.604,1.1507,1.1511,0.50,0.50
2007.12.24 01:51:18.721,1.1507,1.1512,0.50,13.70
2007.12.24 01:51:18.849,1.1507,1.1512,0.50,13.70
2007.12.24 01:51:18.977,1.1507,1.1512,0.50,13.70
2007.12.24 01:51:19.104,1.1507,1.1512,0.50,13.70
2007.12.24 01:51:19.232,1.1507,1.1512,0.50,13.70
2007.12.24 01:51:19.359,1.1507,1.1512,0.50,13.70
2007.12.24 01:51:19.487,1.1507,1.1512,0.50,13.70
2007.12.24 01:51:19.615,1.1507,1.1512,0.50,13.70
2007.12.24 01:51:19.742,1.1507,1.1512,0.50,13.70
2007.12.24 01:51:19.880,1.1507,1.1512,0.50,13.70
2007.12.24 01:51:20.018,1.1507,1.1511,0.50,0.50
2007.12.24 01:51:20.156,1.1507,1.1511,0.50,0.80
2007.12.24 01:51:20.294,1.1507,1.1512,0.50,13.60
2007.12.24 01:51:20.431,1.1507,1.1512,0.50,16.80
2007.12.24 01:51:20.569,1.1507,1.1511,0.50,0.80
2007.12.24 01:51:20.707,1.1507,1.1512,0.50,16.80
2007.12.24 01:51:20.844,1.1507,1.1511,0.50,0.90
2007.12.24 01:51:21.112,1.1507,1.15115,0.50,14.80
2007.12.24 01:51:21.391,1.1507,1.1511,0.50,0.50
2007.12.24 01:51:21.659,1.1507,1.15115,0.50,14.80
2007.12.24 01:51:21.926,1.1507,1.15115,0.50,14.80
2007.12.24 01:51:22.020,1.1507,1.15115,0.50,14.80
2007.12.24 01:51:22.113,1.1507,1.15115,0.50,14.80
2007.12.24 01:51:22.218,1.1507,1.1511,0.50,0.50
2007.12.24 01:51:22.311,1.1507,1.1511,0.50,0.90
2007.12.24 01:51:22.404,1.1507,1.15115,0.50,14.80
2007.12.24 01:51:22.497,1.1507,1.15115,0.50,14.80
2007.12.24 01:51:22.589,1.1507,1.15115,0.50,14.80
2007.12.24 01:51:22.681,1.1507,1.15115,0.50,14.80
2007.12.24 01:51:22.774,1.1507,1.1511,0.50,0.50
2007.12.24 01:51:22.867,1.1507,1.15115,0.50,14.80
2007.12.24 01:51:23.090,1.1507,1.1511,0.50,0.50
2007.12.24 01:51:23.312,1.1507,1.1511,0.50,0.90
2007.12.24 01:51:23.534,1.1507,1.1511,0.50,0.80
2007.12.24 01:51:23.757,1.1507,1.1511,0.50,0.60
2007.12.24 01:51:23.980,1.1507,1.15115,0.50,14.80
2007.12.24 01:51:24.072,1.1507,1.15115,0.50,14.80
2007.12.24 01:51:24.164,1.1507,1.15115,0.50,14.80
2007.12.24 01:51:24.257,1.1507,1.15115,0.50,14.80
2007.12.24 01:51:24.352,1.1507,1.1511,0.50,0.70
2007.12.24 01:51:24.444,1.1507,1.15115,0.50,14.80
2007.12.24 01:51:24.537,1.1507,1.15115,0.50,14.80
2007.12.24 01:51:24.630,1.1507,1.15115,0.50,14.80
2007.12.24 01:51:24.723,1.1507,1.15115,0.50,14.80
2007.12.24 01:51:24.816,1.1507,1.1511,0.50,0.80
2007.12.24 01:51:24.908,1.1507,1.1511,0.50,6.80
2007.12.24 01:51:25.147,1.1507,1.1511,0.50,6.80
2007.12.24 01:51:25.385,1.1507,1.1511,0.50,6.80
2007.12.24 01:51:25.622,1.1507,1.1511,0.50,6.80
2007.12.24 01:51:25.860,1.1507,1.1511,0.50,6.80
2007.12.24 01:51:26.097,1.1507,1.1511,0.50,6.80
2007.12.24 01:51:26.243,1.1507,1.1511,0.50,6.80
2007.12.24 01:51:26.380,1.1507,1.1511,0.50,6.80
2007.12.24 01:51:26.517,1.1507,1.1511,0.50,6.80
2007.12.24 01:51:26.655,1.1507,1.1511,0.50,6.80
2007.12.24 01:51:26.792,1.1507,1.1511,0.50,6.80
2007.12.24 01:51:26.930,1.1507,1.1511,0.50,6.80
2007.12.24 01:51:27.062,1.1507,1.1511,0.50,6.80
2007.12.24 01:51:27.194,1.1507,1.1511,0.50,6.80
2007.12.24 01:51:27.328,1.1507,1.1511,0.50,6.80
2007.12.24 01:51:27.460,1.1507,1.1511,0.50,6.80
2007.12.24 01:51:27.592,1.1507,1.1511,0.50,6.80
2007.12.24 01:51:27.724,1.1507,1.1511,0.50,6.80
2007.12.24 01:51:27.858,1.1507,1.1511,0.50,6.80
2007.12.24 01:51:28.002,1.1507,1.1511,0.50,6.80
2007.12.24 01:51:28.112,1.1507,1.1511,0.50,6.80
2007.12.24 01:51:28.236,1.1507,1.1511,0.50,6.80
2007.12.24 01:51:28.358,1.1507,1.1511,0.50,6.80
2007.12.24 01:51:28.480,1.1507,1.1511,0.50,6.80
2007.12.24 01:51:28.604,1.1507,1.1511,0.50,6.80
2007.12.24 01:51:28.726,1.1507,1.1511,0.50,6.80
2007.12.24 01:51:28.848,1.1507,1.1511,0.50,6.80
2007.12.24 01:51:28.972,1.1507,1.1511,0.50,6.80
2007.12.24 01:51:29.094,1.1507,1.1511,0.50,6.80
2007.12.24 01:51:29.216,1.1507,1.1511,0.50,6.80
2007.12.24 01:51:29.340,1.1507,1.1511,0.50,6.80
2007.12.24 01:51:29.462,1.1507,1.1511,0.50,6.80
2007.12.24 01:51:29.584,1.1507,1.1511,0.50,6.80
2007.12.24 01:51:29.708,1.1507,1.1511,0.50,6.80
2007.12.24 01:51:29.831,1.1507,1.1511,0.50,6.80
2007.12.24 01:51:29.953,1.1507,1.1511,0.50,6.80
2007.12.24 01:51:30.075,1.1507,1.1511,0.50,6.80
2007.12.24 01:51:30.288,1.1507,1.1511,0.50,6.80
2007.12.24 01:51:30.501,1.1507,1.1511,0.50,6.80
2007.12.24 01:51:30.713,1.1507,1.1511,0.50,6.80
2007.12.24 01:51:30.926,1.1507,1.1511,0.50,6.80
2007.12.24 01:51:31.138,1.1507,1.1511,0.50,6.80
2007.12.24 01:51:31.337,1.1507,1.1511,0.50,6.80
2007.12.24 01:51:31.534,1.1507,1.1511,0.50,6.80
2007.12.24 01:51:31.731,1.1507,1.1511,0.50,6.80
2007.12.24 01:51:31.930,1.1507,1.1511,0.50,6.80
2007.12.24 01:51:32.127,1.1507,1.1511,0.50,6.80
2007.12.24 01:51:32.229,1.1507,1.1511,0.50,6.80
2007.12.24 01:51:32.333,1.1507,1.1511,0.50,6.80
2007.12.24 01:51:32.436,1.1507,1.1511,0.50,6.80
2007.12.24 01:51:32.539,1.1507,1.1511,0.50,6.80
2007.12.24 01:51:32.640,1.1507,1.1511,0.50,6.80
2007.12.24 01:51:32.742,1.1507,1.1511,0.50,6.80
2007.12.24 01:51:32.844,1.1507,1.1511,0.50,6.80
2007.12.24 01:51:32.947,1.1507,1.1511,0.50,6.80
2007.12.24 01:51:33.051,1.1507,1.1511,0.50,6.80
2007.12.24 01:51:33.153,1.1507,1.1511,0.50,6.80
2007.12.24 01:51:33.300,1.1507,1.1511,0.50,6.80
2007.12.24 01:51:33.449,1.1507,1.1511,0.50,6.80
2007.12.24 01:51:33.596,1.1507,1.1511,0.50,6.80
2007.12.24 01:51:33.745,1.1507,1.1511,0.50,6.80
2007.12.24 01:51:33.892,1.1507,1.1511,0.50,6.80
2007.12.24 01:51:34.052,1.1507,1.1511,0.50,6.80
2007.12.24 01:51:34.188,1.1507,1.1511,0.50,6.80
2007.12.24 01:51:34.295,1.1507,1.1511,0.50,6.80
2007.12.24 01:51:34.404,1.1507,1.1511,0.50,6.80
2007.12.24 01:51:34.511,1.1507,1.1511,0.50,6.80
2007.12.24 01:51:34.618,1.1507,1.1511,0.50,6.80
2007.12.24 01:51:34.725,1.1507,1.1511,0.50,6.80
2007.12.24 01:51:34.833,1.1507,1.1511,0.50,6.80
2007.12.24 01:51:34.941,1.1507,1.1511,0.50,6.80
2007.12.24 01:51:35.048,1.1507,1.1511,0.50,6.80
2007.12.24 01:51:35.155,1.1507,1.1511,0.50,6.80
2007.12.24 01:51:35.263,1.1507,1.1511,0.50,6.80
2007.12.24 01:51:35.401,1.1507,1.1511,0.50,6.80
2007.12.24 01:51:35.538,1.1507,1.1511,0.50,6.80
2007.12.24 01:51:35.676,1.1507,1.1511,0.50,6.80
2007.12.24 01:51:35.815,1.1507,1.1511,0.50,6.80
2007.12.24 01:51:35.952,1.1507,1.1511,0.50,6.80
2007.12.24 01:51:36.089,1.1507,1.1511,0.50,6.80
2007.12.24 01:51:36.227,1.1507,1.1511,0.50,6.80
2007.12.24 01:51:36.334,1.1507,1.1511,0.50,6.80
2007.12.24 01:51:36.442,1.1507,1.1511,0.50,6.80
2007.12.24 01:51:36.550,1.1507,1.1511,0.50,6.80
2007.12.24 01:51:36.657,1.1507,1.1511,0.50,6.80
2007.12.24 01:51:36.766,1.1507,1.1511,0.50,6.80
2007.12.24 01:51:36.873,1.1507,1.1511,0.50,6.80
2007.12.24 01:51:36.980,1.1507,1.1511,0.50,6.80
2007.12.24 01:51:37.088,1.1507,1.1511,0.50,6.80
2007.12.24 01:51:37.195,1.1507,1.1511,0.50,6.80
2007.12.24 01:51:37.304,1.1507,1.1511,0.50,6.80
2007.12.24 01:51:37.451,1.1507,1.1511,0.50,6.80
2007.12.24 01:51:37.598,1.1507,1.1511,0.50,6.80
2007.12.24 01:51:37.746,1.1507,1.1511,0.50,6.80
2007.12.24 01:51:37.907,1.1507,1.1511,0.50,6.80
2007.12.24 01:51:38.041,1.1507,1.1511,0.50,6.80
2007.12.24 01:51:38.188,1.1507,1.1511,0.50,6.80
2007.12.24 01:51:38.336,1.1507,1.1511,0.50,6.80
2007.12.24 01:51:38.443,1.1507,1.1511,0.50,6.80
2007.12.24 01:51:38.551,1.1507,1.1511,0.50,6.80
2007.12.24 01:51:38.658,1.1507,1.1511,0.50,6.80
2007.12.24 01:51:38.766,1.1507,1.1511,0.50,6.80
2007.12.24 01:51:38.875,1.1507,1.1511,0.50,6.80
2007.12.24 01:51:38.982,1.1507,1.1511,0.50,6.80
2007.12.24 01:51:39.090,1.1507,1.1511,0.50,6.80
2007.12.24 01:51:39.199,1.1507,1.1511,0.50,6.80
2007.12.24 01:51:39.306,1.1507,1.1511,0.50,6.80
2007.12.24 01:51:39.540,1.1507,1.1511,0.50,6.80
2007.12.24 01:51:39.773,1.1507,1.1511,0.50,6.80
2007.12.24 01:51:40.005,1.1507,1.1511,0.50,6.80
2007.12.24 01:51:40.237,1.1507,1.1511,0.50,6.80
2007.12.24 01:51:40.469,1.1507,1.1511,0.50,6.80
2007.12.24 01:51:40.566,1.1507,1.1511,0.50,6.80
2007.12.24 01:51:40.664,1.1507,1.1511,0.50,6.80
2007.12.24 01:51:40.763,1.1507,1.1511,0.50,6.80
2007.12.24 01:51:40.860,1.1507,1.1511,0.50,6.80
2007.12.24 01:51:40.957,1.1507,1.1511,0.50,6.80
2007.12.24 01:51:41.056,1.1507,1.1511,0.50,6.80
2007.12.24 01:51:41.155,1.1507,1.1511,0.50,6.80
2007.12.24 01:51:41.252,1.1507,1.1511,0.50,6.80
2007.12.24 01:51:41.362,1.1507,1.1511,0.50,6.80
2007.12.24 01:51:41.589,1.1507,1.1511,0.50,6.80
2007.12.24 01:51:41.817,1.1507,1.1511,0.50,6.80
2007.12.24 01:51:42.045,1.1507,1.1511,0.50,6.80
2007.12.24 01:51:42.273,1.1507,1.1511,0.50,6.80
2007.12.24 01:51:42.501,1.1507,1.1511,0.50,6.80
2007.12.24 01:51:42.644,1.1507,1.1511,0.50,6.80
2007.12.24 01:51:42.787,1.1507,1.1511,0.50,6.80
2007.12.24 01:51:42.930,1.1507,1.1511,0.50,6.80
2007.12.24 01:51:43.072,1.1507,1.1511,0.50,6.80
2007.12.24 01:51:43.214,1.1507,1.1511,0.50,6.80
2007.12.24 01:51:43.357,1.1507,1.1511,0.50,6.80
2007.12.24 01:51:43.465,1.1507,1.1511,0.50,6.80
2007.12.24 01:51:43.574,1.1507,1.1511,0.50,6.80
2007.12.24 01:51:43.681,1.1507,1.1511,0.50,6.80
2007.12.24 01:51:43.788,1.1507,1.1511,0.50,6.80
2007.12.24 01:51:43.896,1.1507,1.1511,0.50,6.80
2007.12.24 01:51:44.004,1.1507,1.1511,0.50,6.80
2007.12.24 01:51:44.111,1.1507,1.1511,0.50,6.80
2007.12.24 01:51:44.219,1.1507,1.1511,0.50,6.80
2007.12.24 01:51:44.328,1.1507,1.1511,0.50,6.80
2007.12.24 01:51:44.435,1.1507,1.1511,0.50,6.80
2007.12.24 01:51:44.582,1.1507,1.1511,0.50,6.80
2007.12.24 01:51:44.731,1.1507,1.1511,0.50,6.80
2007.12.24 01:51:44.878,1.1507,1.1511,0.50,6.80
2007.12.24 01:51:45.025,1.1507,1.1511,0.50,6.80
2007.12.24 01:51:45.173,1.1507,1.1511,0.50,6.80
2007.12.24 01:51:45.320,1.1507,1.1511,0.50,6.80
2007.12.24 01:51:45.469,1.1507,1.1511,0.50,6.80
2007.12.24 01:51:45.606,1.1507,1.1511,0.50,6.80
2007.12.24 01:51:45.743,1.1507,1.1511,0.50,6.80
2007.12.24 01:51:45.884,1.1507,1.1511,0.50,6.80
2007.12.24 01:51:46.021,1.1507,1.1511,0.50,6.80
2007.12.24 01:51:46.158,1.1507,1.1511,0.50,6.80
2007.12.24 01:51:46.296,1.1507,1.1511,0.50,6.80
2007.12.24 01:51:46.433,1.1507,1.1511,0.50,6.80
2007.12.24 01:51:46.541,1.1507,1.1511,0.50,6.80
2007.12.24 01:51:46.649,1.1507,1.1511,0.50,6.80
2007.12.24 01:51:46.756,1.1507,1.1511,0.50,6.80
2007.12.24 01:51:46.864,1.1507,1.1511,0.50,6.80
2007.12.24 01:51:46.972,1.1507,1.1511,0.50,6.80
2007.12.24 01:51:47.079,1.1507,1.1511,0.50,6.80
2007.12.24 01:51:47.186,1.1507,1.1511,0.50,6.80
2007.12.24 01:51:47.294,1.1507,1.1511,0.50,6.80
2007.12.24 01:51:47.402,1.1507,1.1511,0.50,6.80
2007.12.24 01:51:47.534,1.1507,1.1511,0.50,6.80
2007.12.24 01:51:47.667,1.1507,1.1511,0.50,6.80
2007.12.24 01:51:47.800,1.1507,1.1511,0.50,6.80
2007.12.24 01:51:47.932,1.1507,1.1511,0.50,6.80
2007.12.24 01:51:48.065,1.1507,1.1511,0.50,6.80
2007.12.24 01:51:48.198,1.1507,1.1511,0.50,6.80
2007.12.24 01:51:48.330,1.1507,1.1511,0.50,6.80
2007.12.24 01:51:48.463,1.1507,1.1511,0.50,6.80
2007.12.24 01:51:48.586,1.1507,1.1511,0.50,6.80
2007.12.24 01:51:48.708,1.1507,1.1511,0.50,6.80
2007.12.24 01:51:48.830,1.1507,1.1511,0.50,6.80
2007.12.24 01:51:48.953,1.1507,1.1511,0.50,6.80
2007.12.24 01:51:49.076,1.1507,1.1511,0.50,6.80
2007.12.24 01:51:49.199,1.1507,1.1511,0.50,6.80
2007.12.24 01:51:49.322,1.1507,1.1511,0.50,6.80
2007.12.24 01:51:49.445,1.1507,1.1511,0.50,6.80
2007.12.24 01:51:49.568,1.1507,1.1511,0.50,6.80
2007.12.24 01:51:49.711,1.1507,1.1511,0.50,6.80
2007.12.24 01:51:49.853,1.1507,1.1511,0.50,6.80
2007.12.24 01:51:49.894,1.1507,1.1511,0.50,6.80
2007.12.24 01:51:49.996,1.1506,1.1511,1.70,6.80
2007.12.24 01:51:50.138,1.1506,1.1511,1.70,6.80
2007.12.24 01:51:50.281,1.1506,1.1511,1.70,6.80
2007.12.24 01:51:50.424,1.1507,1.1511,0.50,6.80
2007.12.24 01:51:50.567,1.1507,1.1511,0.50,6.80
2007.12.24 01:51:50.674,1.15035,1.15115,10.00,8.00
2007.12.24 01:51:50.781,1.15035,1.15115,10.00,8.00
2007.12.24 01:51:50.889,1.1505,1.15115,0.50,8.00
2007.12.24 01:51:50.997,1.15035,1.15115,10.00,8.00
2007.12.24 01:51:51.104,1.1505,1.15115,3.10,8.00
2007.12.24 01:52:07.003,1.1506,1.1511,5.70,0.50
2007.12.24 01:52:07.166,1.1506,1.1511,5.70,0.50
2007.12.24 01:52:07.328,1.1507,1.1511,0.50,0.50
2007.12.24 01:52:07.491,1.1507,1.1511,0.50,0.50
2007.12.24 01:52:07.653,1.1507,1.1511,0.50,0.50
2007.12.24 01:52:07.816,1.1507,1.1511,0.50,0.50
2007.12.24 01:52:07.979,1.1506,1.1511,5.70,0.50
2007.12.24 01:52:08.136,1.1506,1.1511,5.70,0.50
2007.12.24 01:52:08.294,1.1506,1.1511,5.70,0.50
2007.12.24 01:52:08.451,1.1506,1.1511,5.70,0.50
2007.12.24 01:52:08.609,1.1506,1.1511,5.70,0.50
2007.12.24 01:52:08.767,1.1506,1.1511,5.70,0.50
2007.12.24 01:52:08.925,1.1506,1.1511,5.70,0.50
2007.12.24 01:52:09.018,1.1506,1.1511,5.70,0.50
2007.12.24 01:52:09.111,1.1506,1.1511,5.70,0.50
2007.12.24 01:52:09.203,1.1507,1.1511,0.50,0.50
2007.12.24 01:52:09.296,1.1506,1.1511,5.70,0.50
2007.12.24 01:52:09.389,1.1506,1.1511,5.70,0.50
2007.12.24 01:52:09.481,1.1506,1.1511,5.70,0.50
2007.12.24 01:52:09.573,1.1506,1.1511,5.70,0.50
2007.12.24 01:52:09.666,1.1506,1.1511,5.70,0.50
2007.12.24 01:52:09.758,1.1506,1.1511,5.70,0.50
2007.12.24 01:52:09.851,1.1506,1.1511,5.70,0.50
2007.12.24 01:52:09.944,1.1506,1.1511,5.70,0.50
2007.12.24 01:52:10.106,1.1506,1.1511,5.70,0.50
2007.12.24 01:52:10.269,1.1506,1.1511,13.70,0.50
2007.12.24 01:52:10.432,1.1508,1.1512,0.50,6.80
2007.12.24 01:52:10.595,1.1507,1.1512,1.70,6.80
2007.12.24 01:52:10.757,1.1507,1.1512,1.70,6.80
2007.12.24 01:52:10.920,1.1508,1.1512,0.50,6.80
2007.12.24 01:52:11.083,1.1507,1.1512,1.70,6.80
2007.12.24 01:52:11.241,1.1508,1.1512,0.50,6.80
2007.12.24 01:52:11.400,1.1508,1.1512,0.50,6.80
2007.12.24 01:52:11.557,1.1507,1.1512,1.70,6.80
2007.12.24 01:52:11.715,1.1507,1.1512,1.70,6.80
2007.12.24 01:52:11.873,1.1507,1.1512,1.70,6.80
2007.12.24 01:52:12.030,1.1508,1.1512,0.50,6.80
2007.12.24 01:52:12.188,1.1508,1.1512,0.50,6.80
2007.12.24 01:52:12.295,1.1507,1.1512,1.70,6.80
2007.12.24 01:52:12.402,1.1507,1.1512,1.70,6.80
2007.12.24 01:52:12.509,1.1508,1.1512,0.50,6.80
2007.12.24 01:52:12.617,1.1507,1.1512,1.70,6.80
2007.12.24 01:52:12.724,1.1507,1.1512,1.70,6.80
2007.12.24 01:52:12.831,1.1507,1.1512,1.70,6.80
2007.12.24 01:52:12.940,1.1508,1.1512,0.50,6.80
2007.12.24 01:52:13.047,1.1507,1.1512,1.70,6.80
2007.12.24 01:52:13.190,1.1507,1.1512,1.70,6.80
2007.12.24 01:52:13.332,1.1507,1.1512,1.70,6.80
2007.12.24 01:52:13.476,1.1507,1.1512,1.70,6.80
2007.12.24 01:52:13.619,1.1508,1.1512,0.50,6.80
2007.12.24 01:52:13.761,1.1508,1.1512,0.50,6.80
2007.12.24 01:52:13.904,1.1507,1.1512,1.70,6.80
2007.12.24 01:52:14.047,1.1508,1.1512,0.50,6.80
2007.12.24 01:52:14.189,1.1507,1.1512,1.70,6.80
2007.12.24 01:52:14.297,1.1508,1.1512,0.50,6.80
2007.12.24 01:52:14.411,1.1507,1.1512,1.70,6.80
2007.12.24 01:52:14.519,1.1508,1.1512,0.50,6.80
2007.12.24 01:52:14.627,1.1508,1.1512,0.50,6.80
2007.12.24 01:52:14.734,1.1507,1.1512,1.70,6.80
2007.12.24 01:52:14.842,1.1508,1.1512,0.50,6.80
2007.12.24 01:52:14.949,1.1507,1.1512,1.70,6.80
2007.12.24 01:52:15.057,1.1507,1.1512,1.70,6.80
2007.12.24 01:52:15.165,1.1508,1.1512,0.50,6.80
2007.12.24 01:52:15.362,1.1507,1.1512,1.70,6.80
2007.12.24 01:52:15.560,1.1508,1.1512,0.50,6.80
2007.12.24 01:52:15.757,1.1507,1.1512,1.70,6.80
2007.12.24 01:52:15.967,1.1508,1.1512,0.50,6.80
2007.12.24 01:52:16.152,1.1508,1.1512,0.50,6.80
2007.12.24 01:52:16.250,1.1508,1.1512,0.50,6.80
2007.12.24 01:52:16.348,1.1507,1.1512,1.70,6.80
2007.12.24 01:52:16.445,1.1507,1.1512,1.70,6.80
2007.12.24 01:52:16.542,1.1508,1.1512,0.50,6.80
2007.12.24 01:52:16.639,1.1508,1.1512,0.50,6.80
2007.12.24 01:52:16.748,1.1507,1.1512,1.70,6.80
2007.12.24 01:52:16.835,1.1508,1.1512,0.50,6.80
2007.12.24 01:52:16.932,1.1507,1.1512,1.70,6.80
2007.12.24 01:52:17.030,1.1507,1.1512,1.70,6.80
2007.12.24 01:52:17.128,1.1507,1.1512,1.70,6.80
2007.12.24 01:52:17.280,1.1507,1.1512,1.70,6.80
2007.12.24 01:52:17.434,1.1508,1.1512,0.50,6.80
2007.12.24 01:52:17.586,1.1507,1.1512,1.70,6.80
2007.12.24 01:52:17.740,1.1507,1.1512,1.70,6.80
2007.12.24 01:52:17.892,1.1507,1.1512,1.70,6.80
2007.12.24 01:52:18.046,1.1507,1.1512,1.70,6.80
2007.12.24 01:52:18.198,1.1508,1.1512,0.50,6.80
2007.12.24 01:52:18.300,1.1507,1.1512,1.70,6.80
2007.12.24 01:52:18.404,1.1508,1.1512,0.50,6.80
2007.12.24 01:52:18.507,1.1507,1.1512,1.70,6.80
2007.12.24 01:52:18.609,1.1507,1.1512,1.70,6.80
2007.12.24 01:52:18.712,1.1507,1.1512,1.70,6.80
2007.12.24 01:52:18.815,1.1507,1.1512,1.70,6.80
2007.12.24 01:52:18.917,1.1507,1.1512,1.70,6.80
2007.12.24 01:52:19.020,1.1508,1.1512,0.50,6.80
2007.12.24 01:52:19.123,1.1508,1.1512,0.50,6.80
2007.12.24 01:52:19.225,1.1508,1.1512,0.50,6.80
2007.12.24 01:52:19.362,1.1508,1.1512,0.50,6.80
2007.12.24 01:52:19.500,1.1508,1.1512,0.50,6.80
2007.12.24 01:52:19.638,1.1508,1.1512,0.50,6.80
2007.12.24 01:52:19.775,1.1508,1.1512,0.50,6.80
2007.12.24 01:52:19.913,1.1508,1.1512,0.50,6.80
2007.12.24 01:52:20.050,1.1508,1.1512,0.50,6.80
2007.12.24 01:52:20.187,1.1508,1.1512,0.50,6.80
2007.12.24 01:52:20.306,1.1508,1.1512,0.50,6.80
2007.12.24 01:52:20.423,1.1508,1.1512,0.50,6.80
2007.12.24 01:52:20.540,1.1508,1.1512,0.50,6.80
2007.12.24 01:52:20.658,1.1508,1.1512,0.50,6.80
2007.12.24 01:52:20.776,1.1508,1.1512,0.50,6.80
2007.12.24 01:52:20.892,1.1508,1.1512,0.50,6.80
2007.12.24 01:52:21.010,1.1508,1.1512,0.50,6.80
2007.12.24 01:52:21.128,1.1508,1.1512,0.50,6.80
2007.12.24 01:52:21.247,1.1508,1.1512,0.50,6.80
2007.12.24 01:52:21.384,1.1508,1.1512,0.50,6.80
2007.12.24 01:52:21.534,1.1508,1.1512,0.50,6.80
2007.12.24 01:52:21.672,1.1508,1.1512,0.50,6.80
2007.12.24 01:52:21.809,1.1508,1.1512,0.50,6.80
2007.12.24 01:52:21.947,1.1508,1.1512,0.50,6.80
2007.12.24 01:52:22.085,1.1508,1.1512,0.50,6.80
2007.12.24 01:52:22.222,1.1508,1.1512,0.50,6.80
2007.12.24 01:52:22.345,1.1508,1.1512,0.50,6.80
2007.12.24 01:52:22.468,1.1508,1.1512,0.50,6.80
2007.12.24 01:52:22.590,1.1508,1.1512,0.50,6.80
2007.12.24 01:52:22.714,1.1508,1.1512,0.50,6.80
2007.12.24 01:52:22.836,1.1508,1.1512,0.50,6.80
2007.12.24 01:52:22.958,1.1508,1.1512,0.50,6.80
2007.12.24 01:52:23.082,1.1508,1.1512,0.50,6.80
2007.12.24 01:52:23.205,1.1508,1.1512,0.50,6.80
2007.12.24 01:52:23.328,1.1508,1.1512,0.50,6.80
2007.12.24 01:52:23.470,1.1508,1.1512,0.50,6.80
2007.12.24 01:52:23.614,1.1508,1.1512,0.50,6.80
2007.12.24 01:52:23.756,1.1508,1.1512,0.50,6.80
2007.12.24 01:52:23.900,1.1508,1.1512,0.50,6.80
2007.12.24 01:52:24.043,1.1508,1.1512,0.50,6.80
2007.12.24 01:52:24.185,1.1508,1.1512,0.50,6.80
2007.12.24 01:52:24.327,1.1508,1.1512,0.50,6.80
2007.12.24 01:52:24.439,1.1508,1.1512,0.50,6.80
2007.12.24 01:52:24.551,1.1508,1.1512,0.50,6.80
2007.12.24 01:52:24.664,1.1508,1.1512,0.50,6.80
2007.12.24 01:52:24.778,1.1508,1.1512,0.50,6.80
2007.12.24 01:52:24.890,1.1508,1.1512,0.50,6.80
2007.12.24 01:52:25.002,1.1508,1.1512,0.50,6.80
2007.12.24 01:52:25.115,1.1508,1.1512,0.50,6.80
2007.12.24 01:52:25.227,1.1508,1.1512,0.50,6.80
2007.12.24 01:52:25.339,1.1508,1.1512,0.50,6.80
2007.12.24 01:52:25.488,1.1508,1.1512,0.50,6.80
2007.12.24 01:52:25.636,1.1508,1.1512,0.50,6.80
2007.12.24 01:52:25.784,1.1508,1.1512,0.50,6.80
2007.12.24 01:52:25.931,1.1508,1.1512,0.50,6.80
2007.12.24 01:52:26.079,1.1508,1.1512,0.50,6.80
2007.12.24 01:52:26.226,1.1508,1.1512,0.50,6.80
2007.12.24 01:52:26.374,1.1508,1.1512,0.50,6.80
2007.12.24 01:52:26.507,1.1508,1.1512,0.50,6.80
2007.12.24 01:52:26.639,1.1508,1.1512,0.50,6.80
2007.12.24 01:52:26.771,1.1508,1.1512,0.50,6.80
2007.12.24 01:52:26.904,1.1508,1.1512,0.50,6.80
2007.12.24 01:52:27.036,1.1508,1.1512,0.50,6.80
2007.12.24 01:52:27.169,1.1508,1.1512,0.50,6.80
2007.12.24 01:52:27.314,1.1507,1.1511,0.50,0.50
2007.12.24 01:52:27.435,1.1507,1.1511,0.50,0.50
2007.12.24 01:52:27.587,1.1507,1.1511,0.50,0.50
2007.12.24 01:52:27.740,1.1507,1.1511,0.50,0.50
2007.12.24 01:52:27.893,1.1507,1.1511,0.50,0.50
2007.12.24 01:52:28.045,1.1507,1.1511,0.50,0.50
2007.12.24 01:52:28.198,1.1507,1.1511,0.50,0.50
2007.12.24 01:52:28.351,1.1508,1.1512,0.50,14.80
2007.12.24 01:52:28.503,1.1508,1.1512,0.50,6.80
2007.12.24 01:52:28.676,1.1508,1.1512,0.50,6.80
2007.12.24 01:52:28.849,1.1508,1.1512,0.50,6.80
2007.12.24 01:52:29.021,1.1508,1.1512,0.50,6.80
2007.12.24 01:52:29.194,1.1508,1.1512,0.50,6.80
2007.12.24 01:52:29.367,1.1508,1.1512,0.50,6.80
2007.12.24 01:52:29.539,1.1508,1.1512,0.50,6.80
2007.12.24 01:52:29.672,1.1508,1.1512,0.50,6.80
2007.12.24 01:52:29.805,1.1508,1.1512,0.50,6.80
2007.12.24 01:52:29.937,1.1508,1.1512,0.50,6.80
2007.12.24 01:52:30.070,1.1508,1.1512,0.50,6.80
2007.12.24 01:52:30.202,1.1508,1.1512,0.50,6.80
2007.12.24 01:52:30.335,1.1508,1.1512,0.50,6.80
2007.12.24 01:52:30.467,1.1508,1.1512,0.50,6.80
2007.12.24 01:52:30.575,1.1508,1.1512,0.50,6.80
2007.12.24 01:52:30.682,1.1508,1.1512,0.50,6.80
2007.12.24 01:52:30.789,1.1508,1.1512,0.50,6.80
2007.12.24 01:52:30.898,1.1508,1.1512,0.50,6.80
2007.12.24 01:52:30.972,1.1507,1.1512,1.70,6.80
2007.12.24 01:52:31.005,1.1508,1.1512,0.50,6.80
2007.12.24 01:52:31.113,1.1508,1.1512,0.50,6.80
2007.12.24 01:52:31.221,1.1508,1.1512,0.50,6.80
2007.12.24 01:52:31.328,1.1508,1.1512,0.50,6.80
2007.12.24 01:52:31.435,1.1508,1.1512,0.50,6.80
2007.12.24 01:52:31.644,1.1508,1.1512,0.50,6.80
2007.12.24 01:52:31.851,1.1507,1.1512,1.70,6.80
2007.12.24 01:52:32.059,1.1507,1.1512,1.70,6.80
2007.12.24 01:52:32.266,1.1508,1.1512,0.50,6.80
2007.12.24 01:52:32.474,1.1508,1.1512,0.50,6.80
2007.12.24 01:52:32.561,1.1508,1.1512,0.50,6.80
2007.12.24 01:52:32.648,1.1507,1.1512,1.70,6.80
2007.12.24 01:52:32.737,1.1508,1.1512,0.50,6.80
2007.12.24 01:52:32.824,1.1507,1.1512,1.70,6.80
2007.12.24 01:52:32.911,1.1508,1.1512,0.50,6.80
2007.12.24 01:52:32.999,1.1508,1.1512,0.50,6.80
2007.12.24 01:52:33.088,1.1507,1.1512,1.70,6.80
2007.12.24 01:52:33.175,1.1508,1.1512,0.50,6.80
2007.12.24 01:52:33.263,1.1508,1.1512,0.50,6.80
2007.12.24 01:52:33.352,1.1508,1.1512,0.50,6.80
2007.12.24 01:52:33.439,1.1507,1.1512,1.70,6.80
2007.12.24 01:52:33.526,1.1508,1.1512,0.50,6.80
2007.12.24 01:52:33.700,1.1508,1.1512,0.50,6.80
2007.12.24 01:52:33.872,1.1507,1.1512,1.70,6.80
2007.12.24 01:52:34.045,1.1508,1.1512,0.50,6.80
2007.12.24 01:52:34.217,1.1508,1.1512,0.50,6.80
2007.12.24 01:52:34.389,1.1507,1.1512,1.70,6.80
2007.12.24 01:52:34.562,1.1508,1.1512,0.50,6.80
2007.12.24 01:52:34.734,1.1507,1.1512,1.70,6.80
2007.12.24 01:52:34.828,1.1507,1.1512,1.70,6.80
2007.12.24 01:52:34.920,1.1507,1.1512,1.70,6.80
2007.12.24 01:52:35.012,1.1508,1.1512,0.50,6.80
2007.12.24 01:52:35.106,1.1507,1.1512,1.70,6.80
2007.12.24 01:52:35.198,1.1507,1.1512,1.70,6.80
2007.12.24 01:52:35.290,1.1507,1.1512,1.70,6.80
2007.12.24 01:52:35.382,1.1507,1.1512,1.70,6.80
2007.12.24 01:52:35.476,1.1507,1.1512,1.70,6.80
2007.12.24 01:52:35.568,1.1507,1.1512,1.70,6.80
2007.12.24 01:52:35.660,1.1507,1.1512,1.70,6.80
2007.12.24 01:52:35.845,1.1508,1.1512,0.50,6.80
2007.12.24 01:52:36.017,1.1507,1.1512,1.70,6.80
2007.12.24 01:52:36.191,1.1507,1.1512,1.70,6.80
2007.12.24 01:52:36.363,1.1507,1.1512,1.70,6.80
2007.12.24 01:52:36.535,1.1507,1.1512,1.70,6.80
2007.12.24 01:52:36.709,1.1508,1.1512,0.50,6.80
2007.12.24 01:52:36.818,1.1507,1.1512,1.70,6.80
2007.12.24 01:52:36.915,1.1507,1.1512,1.70,6.80
2007.12.24 01:52:37.012,1.1507,1.1512,1.70,6.80
2007.12.24 01:52:37.111,1.1507,1.1512,1.70,6.80
2007.12.24 01:52:37.209,1.1508,1.1512,0.50,6.80
2007.12.24 01:52:37.306,1.1507,1.1512,1.70,6.80
2007.12.24 01:52:37.403,1.1508,1.1512,0.50,6.80
2007.12.24 01:52:37.501,1.1507,1.1512,1.70,6.80
2007.12.24 01:52:37.600,1.1507,1.1512,1.70,6.80
2007.12.24 01:52:37.697,1.1508,1.1512,0.50,6.80
2007.12.24 01:52:37.844,1.1507,1.1512,1.70,6.80
2007.12.24 01:52:37.992,1.1507,1.1512,1.70,6.80
2007.12.24 01:52:38.139,1.1507,1.1512,1.70,6.80
2007.12.24 01:52:38.287,1.1508,1.1512,0.50,6.80
2007.12.24 01:52:38.434,1.1508,1.1512,0.50,6.80
2007.12.24 01:52:38.582,1.1508,1.1512,0.50,6.80
2007.12.24 01:52:38.730,1.1507,1.1512,1.70,6.80
2007.12.24 01:52:38.877,1.1508,1.1512,0.50,6.80
2007.12.24 01:52:38.979,1.1507,1.1512,1.70,6.80
2007.12.24 01:52:39.083,1.1508,1.1512,0.50,6.80
2007.12.24 01:52:39.189,1.1508,1.1512,0.50,6.80
2007.12.24 01:52:39.291,1.1508,1.1512,0.50,6.80
2007.12.24 01:52:39.395,1.1508,1.1512,0.50,6.80
2007.12.24 01:52:39.497,1.1507,1.1512,1.70,6.80
2007.12.24 01:52:39.600,1.1507,1.1512,1.70,6.80
2007.12.24 01:52:39.702,1.1507,1.1512,1.70,6.80
2007.12.24 01:52:39.804,1.1507,1.1512,1.70,6.80
2007.12.24 01:52:39.973,1.1507,1.1512,1.70,6.80
2007.12.24 01:52:40.140,1.1508,1.1512,0.50,6.80
2007.12.24 01:52:40.308,1.1507,1.1512,1.70,6.80
2007.12.24 01:52:40.476,1.1508,1.1512,0.50,6.80
2007.12.24 01:52:40.643,1.1507,1.1512,1.70,6.80
2007.12.24 01:52:40.811,1.1507,1.1512,1.70,6.80
2007.12.24 01:52:40.919,1.1508,1.1512,0.50,6.80
2007.12.24 01:52:41.026,1.1507,1.1512,1.70,6.80
2007.12.24 01:52:41.134,1.1507,1.1512,1.70,6.80
2007.12.24 01:52:41.241,1.1507,1.1512,1.70,6.80
2007.12.24 01:52:41.349,1.1507,1.1512,1.70,6.80
2007.12.24 01:52:41.457,1.1508,1.1512,0.50,6.80
2007.12.24 01:52:41.564,1.1508,1.1512,0.50,6.80
2007.12.24 01:52:41.673,1.1508,1.1512,0.50,6.80
2007.12.24 01:52:41.780,1.1508,1.1512,0.50,6.80
2007.12.24 01:52:41.888,1.1507,1.1512,1.70,6.80
2007.12.24 01:52:42.041,1.1507,1.1512,1.70,6.80
2007.12.24 01:52:42.205,1.1508,1.1512,0.50,6.80
2007.12.24 01:52:42.357,1.1507,1.1512,1.70,6.80
2007.12.24 01:52:42.509,1.1507,1.1512,1.70,6.80
2007.12.24 01:52:42.662,1.1507,1.1512,1.70,6.80
2007.12.24 01:52:42.815,1.1507,1.1512,1.70,6.80
2007.12.24 01:52:42.967,1.1508,1.1512,0.50,6.80
2007.12.24 01:52:43.099,1.1508,1.1512,0.50,6.80
2007.12.24 01:52:43.202,1.1508,1.1512,0.50,6.80
2007.12.24 01:52:43.321,1.1507,1.1512,1.70,6.80
2007.12.24 01:52:43.438,1.1507,1.1512,1.70,6.80
2007.12.24 01:52:43.556,1.1507,1.1512,1.70,6.80
2007.12.24 01:52:43.674,1.1507,1.1512,1.70,6.80
2007.12.24 01:52:43.791,1.1507,1.1512,1.70,6.80
2007.12.24 01:52:43.909,1.1507,1.1512,1.70,6.80
2007.12.24 01:52:44.042,1.1508,1.1512,0.50,6.80
2007.12.24 01:52:44.174,1.1508,1.1512,0.50,6.80
2007.12.24 01:52:44.307,1.1508,1.1512,0.50,6.80
2007.12.24 01:52:44.439,1.1508,1.1512,0.50,6.80
2007.12.24 01:52:44.572,1.1508,1.1512,0.50,6.80
2007.12.24 01:52:44.705,1.1508,1.1512,0.50,6.80
2007.12.24 01:52:44.839,1.1508,1.1512,0.50,12.40
2007.12.24 01:52:45.025,1.1507,1.1511,1.70,4.00
2007.12.24 01:52:45.205,1.1507,1.1511,1.70,4.00
2007.12.24 01:52:45.381,1.1508,1.1511,0.50,4.00
2007.12.24 01:52:45.558,1.1507,1.1511,1.70,4.00
2007.12.24 01:52:45.736,1.1507,1.1511,1.70,4.00
2007.12.24 01:52:45.914,1.1507,1.1511,1.70,4.00
2007.12.24 01:52:46.098,1.1508,1.1511,0.50,4.00
2007.12.24 01:52:46.280,1.1508,1.1511,0.50,4.00
2007.12.24 01:52:46.463,1.1508,1.1511,0.50,4.00
2007.12.24 01:52:46.645,1.1507,1.1511,1.70,4.00
2007.12.24 01:52:46.828,1.1508,1.1511,0.50,4.00
2007.12.24 01:52:47.012,1.1507,1.1512,1.70,6.80
2007.12.24 01:52:47.164,1.1507,1.1512,1.70,6.80
2007.12.24 01:52:47.318,1.1508,1.1512,0.50,6.80
2007.12.24 01:52:47.470,1.1508,1.1512,0.50,6.80
2007.12.24 01:52:47.623,1.1507,1.1512,1.70,6.80
2007.12.24 01:52:47.775,1.1508,1.1512,0.50,6.80
2007.12.24 01:52:47.928,1.1507,1.1512,1.70,6.80
2007.12.24 01:52:48.080,1.1508,1.1512,0.50,6.80
2007.12.24 01:52:48.209,1.1508,1.1512,0.50,6.80
2007.12.24 01:52:48.336,1.1507,1.1512,1.70,6.80
2007.12.24 01:52:48.463,1.1507,1.1512,1.70,6.80
2007.12.24 01:52:48.599,1.1507,1.1512,1.70,6.80
2007.12.24 01:52:48.726,1.1507,1.1512,1.70,6.80
2007.12.24 01:52:48.854,1.1507,1.1512,1.70,6.80
2007.12.24 01:52:48.982,1.1507,1.1512,1.70,6.80
2007.12.24 01:52:49.115,1.1508,1.1512,0.50,6.80
2007.12.24 01:52:49.247,1.1507,1.1512,1.70,6.80
2007.12.24 01:52:49.379,1.1508,1.1512,0.50,6.80
2007.12.24 01:52:49.512,1.1507,1.1512,1.70,6.80
2007.12.24 01:52:49.645,1.1508,1.1512,0.50,6.80
2007.12.24 01:52:49.778,1.1507,1.1512,1.70,6.80
2007.12.24 01:52:49.911,1.1508,1.1512,0.50,6.80
2007.12.24 01:52:50.044,1.1507,1.1512,1.70,6.80
2007.12.24 01:52:50.156,1.1508,1.1512,0.50,6.80
2007.12.24 01:52:50.269,1.1507,1.1512,1.70,6.80
2007.12.24 01:52:50.382,1.1507,1.1512,1.70,6.80
2007.12.24 01:52:50.495,1.1507,1.1512,1.70,6.80
2007.12.24 01:52:50.607,1.1508,1.1512,0.50,6.80
2007.12.24 01:52:50.719,1.1508,1.1512,0.50,6.80
2007.12.24 01:52:50.832,1.1507,1.1512,1.70,6.80
2007.12.24 01:52:50.945,1.1508,1.1512,0.50,6.80
2007.12.24 01:52:51.057,1.1507,1.1512,1.70,6.80
2007.12.24 01:52:51.169,1.1507,1.1512,1.70,6.80
2007.12.24 01:52:51.302,1.1507,1.1512,1.70,6.80
2007.12.24 01:52:51.435,1.1508,1.1512,0.50,6.80
2007.12.24 01:52:51.568,1.1508,1.1512,0.50,6.80
2007.12.24 01:52:51.701,1.1507,1.1512,1.70,6.80
2007.12.24 01:52:51.834,1.1507,1.1512,1.70,6.80
2007.12.24 01:52:51.968,1.1508,1.1512,0.50,4.40
2007.12.24 01:52:52.100,1.1508,1.1512,0.50,4.40
2007.12.24 01:52:52.233,1.1507,1.1512,1.70,4.40
2007.12.24 01:52:52.401,1.1508,1.1512,0.50,12.40
2007.12.24 01:52:52.568,1.1507,1.1511,1.70,4.00
2007.12.24 01:52:52.736,1.1508,1.1511,0.50,4.00
2007.12.24 01:52:52.903,1.1507,1.1511,1.70,4.00
2007.12.24 01:52:53.070,1.1507,1.1511,1.70,4.00
2007.12.24 01:52:53.238,1.1507,1.1511,1.70,4.00
2007.12.24 01:52:53.405,1.1508,1.1511,0.50,4.00
2007.12.24 01:52:53.573,1.1507,1.1511,1.70,4.00
2007.12.24 01:52:53.741,1.1508,1.1511,0.50,4.00
2007.12.24 01:52:53.909,1.1507,1.1511,1.70,4.00
2007.12.24 01:52:54.076,1.1508,1.1511,0.50,4.00
2007.12.24 01:52:54.244,1.1507,1.1511,1.70,4.00
2007.12.24 01:52:54.337,1.1507,1.1511,1.70,4.00
2007.12.24 01:52:54.430,1.1507,1.1511,1.70,4.00
2007.12.24 01:52:54.522,1.1508,1.1511,0.50,4.00
2007.12.24 01:52:54.614,1.1507,1.1511,1.70,4.00
2007.12.24 01:52:54.707,1.1508,1.1511,0.50,4.00
2007.12.24 01:52:54.801,1.1508,1.1511,0.50,4.00
2007.12.24 01:52:54.893,1.1507,1.1511,1.70,4.00
2007.12.24 01:52:54.986,1.1507,1.1511,1.70,4.00
2007.12.24 01:52:55.078,1.1507,1.1511,1.70,4.00
2007.12.24 01:52:55.171,1.1507,1.1511,1.70,4.00
2007.12.24 01:52:55.324,1.1507,1.1511,1.70,4.00
2007.12.24 01:52:55.476,1.1507,1.1511,1.70,4.00
2007.12.24 01:52:55.629,1.1507,1.1511,1.70,4.00
2007.12.24 01:52:55.781,1.1507,1.1511,1.70,4.00
2007.12.24 01:52:55.934,1.1508,1.1511,0.50,4.00
2007.12.24 01:52:56.086,1.1507,1.1511,1.70,4.00
2007.12.24 01:52:56.239,1.1508,1.1511,0.50,4.00
2007.12.24 01:52:56.356,1.1507,1.1511,1.70,4.00
2007.12.24 01:52:56.474,1.1508,1.1511,0.50,4.00
2007.12.24 01:52:56.592,1.1507,1.1511,1.70,4.00
2007.12.24 01:52:56.710,1.1508,1.1511,0.50,4.00
2007.12.24 01:52:56.827,1.1507,1.1511,1.70,4.00
2007.12.24 01:52:56.945,1.1508,1.1511,0.50,4.00
2007.12.24 01:52:57.062,1.1508,1.1511,0.50,4.00
2007.12.24 01:52:57.180,1.1508,1.1511,0.50,4.00
2007.12.24 01:52:57.298,1.1508,1.1511,0.50,4.00
2007.12.24 01:52:57.441,1.1507,1.1511,1.70,4.00
2007.12.24 01:52:57.583,1.1508,1.1511,0.50,4.00
2007.12.24 01:52:57.726,1.1507,1.1511,1.70,4.00
2007.12.24 01:52:57.868,1.1507,1.1511,1.70,4.00
2007.12.24 01:52:58.011,1.1508,1.1511,0.50,4.00
2007.12.24 01:52:58.154,1.1508,1.1511,0.50,4.00
2007.12.24 01:52:58.297,1.1507,1.1511,1.70,4.00
2007.12.24 01:52:58.405,1.1507,1.1511,1.70,4.00
2007.12.24 01:52:58.513,1.1508,1.1511,0.50,4.00
2007.12.24 01:52:58.621,1.1507,1.1511,1.70,4.00
2007.12.24 01:52:58.729,1.1507,1.1511,1.70,4.00
2007.12.24 01:52:58.836,1.1507,1.1511,1.70,4.00
2007.12.24 01:52:58.943,1.1507,1.1511,1.70,4.00
2007.12.24 01:52:59.051,1.1508,1.1511,0.50,4.00
2007.12.24 01:52:59.159,1.1508,1.1511,0.50,4.00
2007.12.24 01:52:59.267,1.1508,1.1511,0.50,4.00
2007.12.24 01:52:59.414,1.1508,1.1511,0.50,4.00
2007.12.24 01:52:59.562,1.1508,1.1511,0.50,4.00
2007.12.24 01:52:59.709,1.1508,1.1511,0.50,4.00
2007.12.24 01:52:59.857,1.1508,1.1511,0.50,4.00
2007.12.24 01:53:00.005,1.1508,1.1511,0.50,4.00
2007.12.24 01:53:00.153,1.1508,1.1511,0.50,4.00
2007.12.24 01:53:00.300,1.1508,1.1511,0.50,4.00
2007.12.24 01:53:00.428,1.1508,1.1511,0.50,4.00
2007.12.24 01:53:00.556,1.1508,1.1511,0.50,4.00
2007.12.24 01:53:00.683,1.1508,1.1511,0.50,4.00
2007.12.24 01:53:00.811,1.1508,1.1511,0.50,4.00
2007.12.24 01:53:00.938,1.1508,1.1511,0.50,4.00
2007.12.24 01:53:01.066,1.1508,1.1511,0.50,4.00
2007.12.24 01:53:01.193,1.1508,1.1511,0.50,4.00
2007.12.24 01:53:01.321,1.1508,1.1511,0.50,4.00
2007.12.24 01:53:01.454,1.1508,1.1511,0.50,4.00
2007.12.24 01:53:01.586,1.1508,1.1511,0.50,4.00
2007.12.24 01:53:01.719,1.1508,1.1511,0.50,4.00
2007.12.24 01:53:01.852,1.1508,1.1511,0.50,4.00
2007.12.24 01:53:01.984,1.1508,1.1511,0.50,4.00
2007.12.24 01:53:02.117,1.1508,1.1511,0.50,4.00
2007.12.24 01:53:02.249,1.1508,1.1511,0.50,4.00
2007.12.24 01:53:02.381,1.1508,1.1511,0.50,4.00
2007.12.24 01:53:02.504,1.1508,1.1511,0.50,4.00
2007.12.24 01:53:02.627,1.1508,1.1511,0.50,4.00
2007.12.24 01:53:02.750,1.1508,1.1511,0.50,4.00
2007.12.24 01:53:02.872,1.1508,1.1511,0.50,4.00
2007.12.24 01:53:02.994,1.1508,1.1511,0.50,4.00
2007.12.24 01:53:03.117,1.1508,1.1511,0.50,4.00
2007.12.24 01:53:03.240,1.1508,1.1511,0.50,4.00
2007.12.24 01:53:03.363,1.1508,1.1511,0.50,4.00
2007.12.24 01:53:03.490,1.1508,1.1511,0.50,4.00
2007.12.24 01:53:03.618,1.1508,1.1511,0.50,4.00
2007.12.24 01:53:03.746,1.1508,1.1511,0.50,4.00
2007.12.24 01:53:03.873,1.1508,1.1511,0.50,4.00
2007.12.24 01:53:04.001,1.1508,1.1511,0.50,4.00
2007.12.24 01:53:04.128,1.1508,1.1511,0.50,4.00
2007.12.24 01:53:04.256,1.1508,1.1511,0.50,4.00
2007.12.24 01:53:04.383,1.1508,1.1511,0.50,4.00
2007.12.24 01:53:04.496,1.1508,1.1511,0.50,4.00
2007.12.24 01:53:04.608,1.1508,1.1511,0.50,4.00
2007.12.24 01:53:04.721,1.1508,1.1511,0.50,4.00
2007.12.24 01:53:04.833,1.1508,1.1511,0.50,4.00
2007.12.24 01:53:04.946,1.1508,1.1511,0.50,4.00
2007.12.24 01:53:05.070,1.1508,1.1511,0.50,4.00
2007.12.24 01:53:05.171,1.1508,1.1511,0.50,4.00
2007.12.24 01:53:05.284,1.1508,1.1511,0.50,4.00
2007.12.24 01:53:05.396,1.1508,1.1511,0.50,4.00
2007.12.24 01:53:05.529,1.1508,1.1511,0.50,4.00
2007.12.24 01:53:05.662,1.1508,1.1511,0.50,4.00
2007.12.24 01:53:05.794,1.1508,1.1511,0.50,4.00
2007.12.24 01:53:05.927,1.1508,1.1511,0.50,4.00
2007.12.24 01:53:06.060,1.1508,1.1511,0.50,4.00
2007.12.24 01:53:06.193,1.1508,1.1511,0.50,4.00
2007.12.24 01:53:06.325,1.1508,1.1511,0.50,4.00
2007.12.24 01:53:06.457,1.1508,1.1511,0.50,4.00
2007.12.24 01:53:06.575,1.1508,1.1511,0.50,4.00
2007.12.24 01:53:06.693,1.1508,1.1511,0.50,4.00
2007.12.24 01:53:06.810,1.1508,1.1511,0.50,4.00
2007.12.24 01:53:06.928,1.1508,1.1511,0.50,4.00
2007.12.24 01:53:07.046,1.1508,1.1511,0.50,4.00
2007.12.24 01:53:07.163,1.1508,1.1511,0.50,4.00
2007.12.24 01:53:07.280,1.1508,1.1511,0.50,4.00
2007.12.24 01:53:07.398,1.1508,1.1511,0.50,4.00
2007.12.24 01:53:07.516,1.1508,1.1511,0.50,4.00
2007.12.24 01:53:07.644,1.1508,1.1511,0.50,4.00
2007.12.24 01:53:07.771,1.1508,1.1511,0.50,4.00
2007.12.24 01:53:07.899,1.1508,1.1511,0.50,4.00
2007.12.24 01:53:08.027,1.1508,1.1511,0.50,4.00
2007.12.24 01:53:08.167,1.1508,1.1511,0.50,4.00
2007.12.24 01:53:08.283,1.1508,1.1511,0.50,4.00
2007.12.24 01:53:08.410,1.1508,1.1511,0.50,4.00
2007.12.24 01:53:08.538,1.1508,1.1511,0.50,4.00
2007.12.24 01:53:08.660,1.1508,1.1511,0.50,4.00
2007.12.24 01:53:08.783,1.1508,1.1511,0.50,4.00
2007.12.24 01:53:08.906,1.1508,1.1511,0.50,4.00
2007.12.24 01:53:09.029,1.1508,1.1511,0.50,4.00
2007.12.24 01:53:09.151,1.1508,1.1511,0.50,4.00
2007.12.24 01:53:09.274,1.1508,1.1511,0.50,4.00
2007.12.24 01:53:09.397,1.1508,1.1511,0.50,4.00
2007.12.24 01:53:09.519,1.1508,1.1511,0.50,4.00
2007.12.24 01:53:09.641,1.1508,1.1511,0.50,4.00
2007.12.24 01:53:09.764,1.1508,1.1511,0.50,4.00
2007.12.24 01:53:09.886,1.1508,1.1511,0.50,4.00
2007.12.24 01:53:10.009,1.1508,1.1511,0.50,4.00
2007.12.24 01:53:10.132,1.1508,1.1511,0.50,4.00
2007.12.24 01:53:10.254,1.1508,1.1511,0.50,4.00
2007.12.24 01:53:10.377,1.1508,1.1511,0.50,4.00
2007.12.24 01:53:10.500,1.1508,1.1511,0.50,4.00
2007.12.24 01:53:10.622,1.1508,1.1511,0.50,4.00
2007.12.24 01:53:10.745,1.1508,1.1511,0.50,4.00
2007.12.24 01:53:10.868,1.1508,1.1511,0.50,4.00
2007.12.24 01:53:10.990,1.1508,1.1511,0.50,4.00
2007.12.24 01:53:11.113,1.1508,1.1511,0.50,4.00
2007.12.24 01:53:11.236,1.1508,1.1511,0.50,4.00
2007.12.24 01:53:11.358,1.1508,1.1511,0.50,4.00
2007.12.24 01:53:11.481,1.1508,1.1511,0.50,4.00
2007.12.24 01:53:11.604,1.1508,1.1511,0.50,4.00
2007.12.24 01:53:11.726,1.1508,1.1511,0.50,4.00
2007.12.24 01:53:11.848,1.1508,1.1511,0.50,4.00
2007.12.24 01:53:11.971,1.1508,1.1511,0.50,4.00
2007.12.24 01:53:12.094,1.1508,1.1511,0.50,4.00
2007.12.24 01:53:12.225,1.1508,1.1511,0.50,4.00
2007.12.24 01:53:12.348,1.1508,1.1511,0.50,4.00
2007.12.24 01:53:12.471,1.1508,1.1511,0.50,4.00
2007.12.24 01:53:12.593,1.1508,1.1511,0.50,4.00
2007.12.24 01:53:12.711,1.1508,1.1511,0.50,4.00
2007.12.24 01:53:12.829,1.1508,1.1511,0.50,4.00
2007.12.24 01:53:12.947,1.1508,1.1511,0.50,4.00
2007.12.24 01:53:13.064,1.1508,1.1511,0.50,4.00
2007.12.24 01:53:13.182,1.1507,1.1511,1.70,4.00
2007.12.24 01:53:13.300,1.1507,1.1511,1.70,4.00
2007.12.24 01:53:13.418,1.1508,1.1511,0.50,4.00
2007.12.24 01:53:13.536,1.1508,1.1511,0.50,4.00
2007.12.24 01:53:13.653,1.1507,1.1511,1.70,4.00
2007.12.24 01:53:13.771,1.1507,1.1511,1.70,4.00
2007.12.24 01:53:13.903,1.1507,1.1511,1.70,4.00
2007.12.24 01:53:14.036,1.1507,1.1511,1.70,4.00
2007.12.24 01:53:14.168,1.1507,1.1511,1.70,4.00
2007.12.24 01:53:14.301,1.1507,1.1511,1.70,4.00
2007.12.24 01:53:14.433,1.1507,1.1511,1.70,4.00
2007.12.24 01:53:14.566,1.1507,1.1511,1.70,4.00
2007.12.24 01:53:14.698,1.1507,1.1511,1.70,4.00
2007.12.24 01:53:14.831,1.1507,1.1511,1.70,4.00
2007.12.24 01:53:14.948,1.1508,1.1511,0.50,4.00
2007.12.24 01:53:15.066,1.1507,1.1511,1.70,4.00
2007.12.24 01:53:15.183,1.1507,1.1511,1.70,4.00
2007.12.24 01:53:15.301,1.1508,1.1511,0.50,4.00
2007.12.24 01:53:15.419,1.1508,1.1511,0.50,4.00
2007.12.24 01:53:15.536,1.1507,1.1511,1.70,4.00
2007.12.24 01:53:15.654,1.1507,1.1511,1.70,4.00
2007.12.24 01:53:15.771,1.1507,1.1511,1.70,4.00
2007.12.24 01:53:15.909,1.1506,1.1511,6.50,6.80
2007.12.24 01:53:16.046,1.1506,1.1511,6.50,6.80
2007.12.24 01:53:16.184,1.1506,1.1511,6.50,6.80
2007.12.24 01:53:16.321,1.1506,1.1511,6.50,6.80
2007.12.24 01:53:16.459,1.1507,1.1511,0.50,6.80
2007.12.24 01:53:16.596,1.1507,1.1511,0.50,6.80
2007.12.24 01:53:16.746,1.1507,1.1511,0.50,6.80
2007.12.24 01:53:16.883,1.1506,1.1511,6.50,6.80
2007.12.24 01:53:17.050,1.1506,1.1511,6.50,6.80
2007.12.24 01:53:17.218,1.1507,1.1511,0.50,6.80
2007.12.24 01:53:17.386,1.1506,1.1511,6.50,6.80
2007.12.24 01:53:17.554,1.1506,1.1511,6.50,6.80
2007.12.24 01:53:17.721,1.1506,1.1511,6.50,6.80
2007.12.24 01:53:17.888,1.1506,1.1511,6.50,6.80
2007.12.24 01:53:17.990,1.1506,1.1511,6.50,6.80
2007.12.24 01:53:18.093,1.1506,1.1511,6.50,6.80
2007.12.24 01:53:18.196,1.1506,1.1511,6.50,6.80
2007.12.24 01:53:18.299,1.1506,1.1511,6.50,6.80
2007.12.24 01:53:18.401,1.1506,1.1511,6.50,6.80
2007.12.24 01:53:18.517,1.1507,1.1511,0.50,6.80
2007.12.24 01:53:18.618,1.1507,1.1511,0.50,6.80
2007.12.24 01:53:18.720,1.1507,1.1511,0.50,6.80
2007.12.24 01:53:18.823,1.1507,1.1511,0.50,6.80
2007.12.24 01:53:18.926,1.1507,1.1511,0.50,6.80
2007.12.24 01:53:19.068,1.1506,1.1511,6.50,6.80
2007.12.24 01:53:19.210,1.1506,1.1511,6.50,6.80
2007.12.24 01:53:19.354,1.1506,1.1511,6.50,6.80
2007.12.24 01:53:19.496,1.1506,1.151,2.50,2.40
2007.12.24 01:53:19.638,1.1506,1.151,2.50,2.40
2007.12.24 01:53:19.782,1.1506,1.151,2.50,2.40
2007.12.24 01:53:19.925,1.1506,1.151,1.00,6.80
2007.12.24 01:53:20.092,1.1506,1.151,0.80,6.80
2007.12.24 01:53:20.260,1.1506,1.151,0.70,6.80
2007.12.24 01:53:20.427,1.1505,1.151,2.40,6.80
2007.12.24 01:53:20.595,1.1506,1.151,0.50,6.80
2007.12.24 01:53:20.762,1.1505,1.151,2.40,6.80
2007.12.24 01:53:20.929,1.1505,1.151,2.40,6.80
2007.12.24 01:53:21.098,1.1506,1.151,1.00,6.80
2007.12.24 01:53:21.230,1.1505,1.151,2.40,6.80
2007.12.24 01:53:21.363,1.1505,1.151,2.40,6.80
2007.12.24 01:53:21.495,1.1506,1.151,0.50,6.80
2007.12.24 01:53:21.628,1.1505,1.151,2.40,6.80
2007.12.24 01:53:21.761,1.1506,1.151,0.60,6.80
2007.12.24 01:53:21.893,1.1505,1.151,2.40,6.80
2007.12.24 01:53:22.026,1.1506,1.151,0.90,6.80
2007.12.24 01:53:22.153,1.1505,1.151,2.40,6.80
2007.12.24 01:53:22.280,1.1505,1.151,2.40,6.80
2007.12.24 01:53:22.409,1.1506,1.151,0.60,6.80
2007.12.24 01:53:22.536,1.1506,1.151,0.80,6.80
2007.12.24 01:53:22.663,1.1505,1.151,2.40,6.80
2007.12.24 01:53:22.791,1.1506,1.151,0.70,6.80
2007.12.24 01:53:22.919,1.1506,1.151,0.70,6.80
2007.12.24 01:53:23.047,1.1505,1.151,2.40,6.80
2007.12.24 01:53:23.179,1.1505,1.151,2.40,6.80
2007.12.24 01:53:23.311,1.1505,1.151,2.40,6.80
2007.12.24 01:53:23.445,1.1505,1.151,2.40,4.40
2007.12.24 01:53:23.577,1.1506,1.151,1.00,4.40
2007.12.24 01:53:23.710,1.1506,1.151,0.50,4.40
2007.12.24 01:53:23.843,1.1505,1.151,2.40,4.40
2007.12.24 01:53:23.976,1.1505,1.151,6.40,0.50
2007.12.24 01:53:24.108,1.1505,1.151,6.40,0.50
2007.12.24 01:53:24.291,1.1506,1.151,1.00,0.50
2007.12.24 01:53:24.473,1.1506,1.151,1.00,0.50
2007.12.24 01:53:24.655,1.1506,1.151,0.90,0.50
2007.12.24 01:53:24.839,1.1505,1.151,6.40,0.50
2007.12.24 01:53:25.021,1.1505,1.151,6.40,0.50
2007.12.24 01:53:25.203,1.1505,1.151,6.40,0.50
2007.12.24 01:53:25.307,1.1505,1.151,6.40,0.50
2007.12.24 01:53:25.409,1.1505,1.151,6.40,0.50
2007.12.24 01:53:25.511,1.1505,1.151,6.40,0.50
2007.12.24 01:53:25.614,1.1506,1.151,1.00,0.50
2007.12.24 01:53:25.717,1.1505,1.151,6.40,0.50
2007.12.24 01:53:25.819,1.1505,1.151,6.40,0.50
2007.12.24 01:53:25.921,1.1506,1.151,0.80,0.50
2007.12.24 01:53:26.023,1.1505,1.151,6.40,0.50
2007.12.24 01:53:26.127,1.1506,1.151,1.00,0.50
2007.12.24 01:53:26.264,1.1506,1.151,0.60,0.50
2007.12.24 01:53:26.402,1.1506,1.151,0.80,0.50
2007.12.24 01:53:26.539,1.1505,1.151,6.40,0.50
2007.12.24 01:53:26.676,1.1505,1.151,6.40,0.50
2007.12.24 01:53:26.814,1.1506,1.151,0.60,0.50
2007.12.24 01:53:26.951,1.1505,1.151,6.40,0.50
2007.12.24 01:53:27.090,1.1505,1.151,6.40,0.50
2007.12.24 01:53:27.228,1.1506,1.151,0.90,0.50
2007.12.24 01:53:27.340,1.1505,1.151,6.40,0.50
2007.12.24 01:53:27.452,1.1505,1.151,6.40,0.50
2007.12.24 01:53:27.564,1.1505,1.151,6.40,0.50
2007.12.24 01:53:27.678,1.1506,1.151,0.50,0.50
2007.12.24 01:53:27.791,1.1505,1.151,6.40,0.50
2007.12.24 01:53:27.903,1.1505,1.151,6.40,0.50
2007.12.24 01:53:28.016,1.1506,1.151,0.60,0.50
2007.12.24 01:53:28.128,1.1506,1.151,1.00,0.50
2007.12.24 01:53:28.240,1.1505,1.151,6.40,0.50
2007.12.24 01:53:28.368,1.1505,1.151,6.40,0.50
2007.12.24 01:53:28.495,1.1506,1.151,0.90,0.50
2007.12.24 01:53:28.630,1.1506,1.151,0.70,0.50
2007.12.24 01:53:28.757,1.1506,1.151,0.70,0.50
2007.12.24 01:53:28.885,1.1505,1.151,6.40,0.50
2007.12.24 01:53:29.014,1.1506,1.151,0.70,0.50
2007.12.24 01:53:29.141,1.1506,1.151,0.70,0.50
2007.12.24 01:53:29.270,1.1505,1.151,6.40,0.50
2007.12.24 01:53:29.387,1.1505,1.151,6.40,0.50
2007.12.24 01:53:29.517,1.1505,1.151,6.40,0.50
2007.12.24 01:53:29.633,1.1506,1.151,0.60,0.50
2007.12.24 01:53:29.751,1.1505,1.151,6.40,0.50
2007.12.24 01:53:29.869,1.1505,1.151,6.40,0.50
2007.12.24 01:53:29.987,1.1505,1.151,6.40,0.50
2007.12.24 01:53:30.105,1.1505,1.151,6.40,0.50
2007.12.24 01:53:30.222,1.1506,1.151,0.70,0.50
2007.12.24 01:53:30.340,1.1506,1.151,1.00,0.50
2007.12.24 01:53:30.468,1.1505,1.151,6.40,0.50
2007.12.24 01:53:30.595,1.1505,1.151,6.40,0.50
2007.12.24 01:53:30.722,1.1505,1.151,6.40,0.50
2007.12.24 01:53:30.849,1.1505,1.151,6.40,0.50
2007.12.24 01:53:30.977,1.1506,1.151,0.90,0.50
2007.12.24 01:53:31.104,1.1505,1.151,6.40,0.50
2007.12.24 01:53:31.233,1.1506,1.151,0.70,0.50
2007.12.24 01:53:31.360,1.1505,1.151,6.40,0.50
2007.12.24 01:53:31.552,1.1505,1.151,6.40,0.50
2007.12.24 01:53:31.746,1.1505,1.151,6.40,0.50
2007.12.24 01:53:31.939,1.1505,1.151,6.40,0.50
2007.12.24 01:53:32.131,1.1505,1.151,6.40,0.50
2007.12.24 01:53:32.324,1.1505,1.151,6.40,0.50
2007.12.24 01:53:32.517,1.1506,1.151,0.50,0.50
2007.12.24 01:53:32.630,1.1505,1.151,6.40,0.50
2007.12.24 01:53:32.732,1.1505,1.151,6.40,0.50
2007.12.24 01:53:32.834,1.1506,1.151,0.70,0.50
2007.12.24 01:53:32.938,1.1505,1.151,6.40,0.50
2007.12.24 01:53:33.040,1.1506,1.151,0.50,0.50
2007.12.24 01:53:33.142,1.1506,1.151,0.80,0.50
2007.12.24 01:53:33.246,1.1505,1.151,6.40,0.50
2007.12.24 01:53:33.348,1.1505,1.151,6.40,0.50
2007.12.24 01:53:33.485,1.1505,1.151,6.40,0.50
2007.12.24 01:53:33.623,1.1505,1.151,6.40,0.50
2007.12.24 01:53:33.760,1.1505,1.151,6.40,0.50
2007.12.24 01:53:33.900,1.1506,1.151,0.80,0.50
2007.12.24 01:53:34.037,1.1506,1.151,0.50,0.50
2007.12.24 01:53:34.174,1.1505,1.151,6.40,0.50
2007.12.24 01:53:34.311,1.1506,1.151,0.60,0.50
2007.12.24 01:53:34.449,1.1505,1.151,6.40,0.50
2007.12.24 01:53:34.598,1.1505,1.151,6.40,0.50
2007.12.24 01:53:34.745,1.1505,1.151,6.40,0.50
2007.12.24 01:53:34.892,1.1506,1.151,0.70,0.50
2007.12.24 01:53:35.039,1.1505,1.151,6.40,0.50
2007.12.24 01:53:35.187,1.1505,1.151,6.40,0.50
2007.12.24 01:53:35.336,1.1505,1.151,6.40,0.50
2007.12.24 01:53:35.483,1.1505,1.151,6.40,0.50
2007.12.24 01:53:35.585,1.1506,1.151,0.70,0.50
2007.12.24 01:53:35.687,1.1505,1.151,6.40,0.50
2007.12.24 01:53:35.790,1.1505,1.151,6.40,0.50
2007.12.24 01:53:35.893,1.1505,1.151,6.40,0.50
2007.12.24 01:53:35.996,1.1506,1.151,1.00,0.50
2007.12.24 01:53:36.099,1.1505,1.151,6.40,0.50
2007.12.24 01:53:36.201,1.1506,1.151,0.70,0.50
2007.12.24 01:53:36.303,1.1505,1.151,6.40,0.50
2007.12.24 01:53:36.405,1.1505,1.151,6.40,0.50
2007.12.24 01:53:36.508,1.1505,1.151,6.40,0.50
2007.12.24 01:53:36.611,1.1505,1.151,6.40,0.50
2007.12.24 01:53:36.755,1.1506,1.151,0.80,0.50
2007.12.24 01:53:36.897,1.1505,1.151,6.40,0.50
2007.12.24 01:53:37.039,1.1506,1.151,0.90,0.50
2007.12.24 01:53:37.181,1.1505,1.151,6.40,0.50
2007.12.24 01:53:37.325,1.1505,1.151,5.20,0.50
2007.12.24 01:53:37.467,1.1506,1.151,0.80,0.50
2007.12.24 01:53:37.611,1.1505,1.151,5.20,0.50
2007.12.24 01:53:37.839,1.1504,1.1509,10.50,0.50
2007.12.24 01:53:38.066,1.1504,1.1509,2.50,4.40
2007.12.24 01:53:38.295,1.1505,1.1509,0.50,6.80
2007.12.24 01:53:38.522,1.15045,1.1509,8.50,6.80
2007.12.24 01:53:38.763,1.1505,1.1509,0.50,6.80
2007.12.24 01:53:38.914,1.1505,1.151,1.70,14.80
2007.12.24 01:53:39.078,1.1506,1.151,0.50,14.80
2007.12.24 01:53:39.252,1.1505,1.151,1.70,6.80
2007.12.24 01:53:39.404,1.1505,1.151,1.70,6.80
2007.12.24 01:53:39.566,1.1505,1.151,1.70,6.80
2007.12.24 01:53:39.759,1.1505,1.151,1.70,6.80
2007.12.24 01:53:39.951,1.1505,1.1511,13.70,0.50
2007.12.24 01:53:40.144,1.1506,1.1511,0.50,0.50
2007.12.24 01:53:40.336,1.1506,1.1511,0.50,0.50
2007.12.24 01:53:40.529,1.1506,1.1511,0.50,0.50
2007.12.24 01:53:40.722,1.1506,1.1511,0.50,0.50
2007.12.24 01:53:40.899,1.1506,1.151,0.50,2.40
2007.12.24 01:53:41.077,1.1506,1.151,0.50,2.40
2007.12.24 01:53:41.255,1.1506,1.151,0.50,2.80
2007.12.24 01:53:41.432,1.1506,1.151,0.50,2.80
2007.12.24 01:53:41.609,1.1506,1.151,0.50,6.80
2007.12.24 01:53:41.788,1.1506,1.151,0.50,4.00
2007.12.24 01:53:41.960,1.1506,1.151,0.50,4.00
2007.12.24 01:53:42.133,1.1506,1.151,0.50,4.00
2007.12.24 01:53:42.306,1.1506,1.151,0.50,4.00
2007.12.24 01:53:42.479,1.1506,1.1511,0.50,0.50
2007.12.24 01:53:42.652,1.1506,1.1511,0.50,0.50
2007.12.24 01:53:42.824,1.1506,1.151,0.50,2.80
2007.12.24 01:53:43.022,1.1506,1.151,0.50,2.80
2007.12.24 01:53:43.221,1.1506,1.151,0.50,6.80
2007.12.24 01:53:43.418,1.1506,1.151,0.50,6.80
2007.12.24 01:53:43.616,1.1506,1.151,0.50,6.80
2007.12.24 01:53:43.813,1.1506,1.151,0.50,6.80
2007.12.24 01:53:43.960,1.1506,1.151,0.50,6.80
2007.12.24 01:53:44.108,1.1506,1.151,0.50,6.80
2007.12.24 01:53:44.255,1.1506,1.151,0.50,6.80
2007.12.24 01:53:44.404,1.1506,1.151,0.50,6.80
2007.12.24 01:53:44.551,1.1506,1.151,0.50,6.80
2007.12.24 01:53:44.698,1.1506,1.151,0.50,6.80
2007.12.24 01:53:44.846,1.1506,1.151,0.50,6.80
2007.12.24 01:53:44.973,1.1506,1.151,0.50,6.80
2007.12.24 01:53:45.101,1.1506,1.151,0.50,6.80
2007.12.24 01:53:45.229,1.1506,1.151,0.50,6.80
2007.12.24 01:53:45.368,1.1506,1.151,0.50,6.80
2007.12.24 01:53:45.496,1.1506,1.151,0.50,6.80
2007.12.24 01:53:45.623,1.1506,1.151,0.50,6.80
2007.12.24 01:53:45.750,1.1506,1.151,0.50,6.80
2007.12.24 01:53:45.879,1.1506,1.151,0.50,6.80
2007.12.24 01:53:46.016,1.1506,1.151,0.50,6.80
2007.12.24 01:53:46.167,1.1506,1.151,0.50,6.80
2007.12.24 01:53:46.291,1.1506,1.151,0.50,6.80
2007.12.24 01:53:46.429,1.1506,1.151,0.50,6.80
2007.12.24 01:53:46.566,1.1506,1.151,0.50,6.80
2007.12.24 01:53:46.704,1.1506,1.151,0.50,6.80
2007.12.24 01:53:46.842,1.1506,1.151,0.50,6.80
2007.12.24 01:53:46.979,1.1506,1.151,0.50,6.80
2007.12.24 01:53:47.102,1.1506,1.151,0.50,6.80
2007.12.24 01:53:47.224,1.1506,1.151,0.50,6.80
2007.12.24 01:53:47.347,1.1506,1.151,0.50,6.80
2007.12.24 01:53:47.469,1.1506,1.151,0.50,6.80
2007.12.24 01:53:47.592,1.1506,1.151,0.50,6.80
2007.12.24 01:53:47.714,1.1506,1.151,0.50,6.80
2007.12.24 01:53:47.838,1.1506,1.151,0.50,6.80
2007.12.24 01:53:47.960,1.1506,1.151,0.50,6.80
2007.12.24 01:53:48.132,1.1506,1.151,0.50,6.80
2007.12.24 01:53:48.306,1.1506,1.151,0.50,6.80
2007.12.24 01:53:48.480,1.1506,1.151,0.50,6.80
2007.12.24 01:53:48.652,1.1506,1.151,0.50,6.80
2007.12.24 01:53:48.824,1.1506,1.151,0.50,6.80
2007.12.24 01:53:48.997,1.1506,1.151,0.50,6.80
2007.12.24 01:53:49.169,1.1506,1.151,0.50,6.80
2007.12.24 01:53:49.317,1.1506,1.151,0.50,6.80
2007.12.24 01:53:49.464,1.1506,1.151,0.50,6.80
2007.12.24 01:53:49.612,1.1506,1.151,0.50,6.80
2007.12.24 01:53:49.759,1.1506,1.151,0.50,6.80
2007.12.24 01:53:49.907,1.1506,1.151,0.50,6.80
2007.12.24 01:53:50.054,1.1506,1.151,0.50,6.80
2007.12.24 01:53:50.162,1.1506,1.151,0.50,6.80
2007.12.24 01:53:50.271,1.1506,1.151,0.50,6.80
2007.12.24 01:53:50.378,1.1506,1.151,0.50,6.80
2007.12.24 01:53:50.485,1.1506,1.151,0.50,6.80
2007.12.24 01:53:50.593,1.1506,1.151,0.50,6.80
2007.12.24 01:53:50.701,1.1506,1.151,0.50,6.80
2007.12.24 01:53:50.809,1.1506,1.151,0.50,6.80
2007.12.24 01:53:50.916,1.1506,1.151,0.50,6.80
2007.12.24 01:53:51.023,1.1506,1.151,0.50,6.80
2007.12.24 01:53:51.131,1.1506,1.151,0.50,6.80
2007.12.24 01:53:51.273,1.1506,1.151,0.50,6.80
2007.12.24 01:53:51.418,1.1506,1.151,0.50,6.80
2007.12.24 01:53:51.560,1.1506,1.151,0.50,6.80
2007.12.24 01:53:51.702,1.1506,1.151,0.50,6.80
2007.12.24 01:53:51.845,1.1506,1.151,0.50,6.80
2007.12.24 01:53:51.987,1.1506,1.151,0.50,6.80
2007.12.24 01:53:52.130,1.1506,1.151,0.50,6.80
2007.12.24 01:53:52.232,1.1506,1.151,0.50,6.80
2007.12.24 01:53:52.336,1.1506,1.151,0.50,6.80
2007.12.24 01:53:52.438,1.1506,1.151,0.50,6.80
2007.12.24 01:53:52.541,1.1506,1.151,0.50,6.80
2007.12.24 01:53:52.644,1.1506,1.151,0.50,6.80
2007.12.24 01:53:52.746,1.1506,1.151,0.50,6.80
2007.12.24 01:53:52.850,1.1506,1.151,0.50,6.80
2007.12.24 01:53:52.952,1.1506,1.151,0.50,6.80
2007.12.24 01:53:53.065,1.1506,1.151,0.50,6.80
2007.12.24 01:53:53.157,1.1506,1.151,0.50,6.80
2007.12.24 01:53:53.410,1.1506,1.151,0.50,6.80
2007.12.24 01:53:53.663,1.1506,1.151,0.50,6.80
2007.12.24 01:53:53.915,1.1506,1.151,0.50,6.80
2007.12.24 01:53:54.167,1.1506,1.151,0.50,6.80
2007.12.24 01:53:54.420,1.1506,1.151,0.50,6.80
2007.12.24 01:53:54.579,1.1506,1.151,0.50,6.80
2007.12.24 01:53:54.736,1.1506,1.151,0.50,6.80
2007.12.24 01:53:54.893,1.1506,1.151,0.50,6.80
2007.12.24 01:53:55.051,1.1506,1.151,0.50,6.80
2007.12.24 01:53:55.209,1.1506,1.151,0.50,6.80
2007.12.24 01:53:55.321,1.1506,1.151,0.50,6.80
2007.12.24 01:53:55.433,1.1506,1.151,0.50,6.80
2007.12.24 01:53:55.546,1.1506,1.151,0.50,6.80
2007.12.24 01:53:55.658,1.1506,1.151,0.50,6.80
2007.12.24 01:53:55.772,1.1506,1.151,0.50,6.80
2007.12.24 01:53:55.896,1.1506,1.151,0.50,6.80
2007.12.24 01:53:55.996,1.1506,1.151,0.50,6.80
2007.12.24 01:53:56.108,1.1506,1.151,0.50,6.80
2007.12.24 01:53:56.221,1.1506,1.151,0.50,6.80
2007.12.24 01:53:56.359,1.1506,1.151,0.50,6.80
2007.12.24 01:53:56.497,1.1506,1.151,0.50,6.80
2007.12.24 01:53:56.635,1.1506,1.151,0.50,6.80
2007.12.24 01:53:56.773,1.1506,1.151,0.50,6.80
2007.12.24 01:53:56.911,1.1506,1.151,0.50,6.80
2007.12.24 01:53:57.049,1.1506,1.151,0.50,6.80
2007.12.24 01:53:57.186,1.1506,1.151,0.50,6.80
2007.12.24 01:53:57.324,1.1506,1.151,0.50,6.80
2007.12.24 01:53:57.446,1.1506,1.151,0.50,6.80
2007.12.24 01:53:57.570,1.1506,1.151,0.50,6.80
2007.12.24 01:53:57.692,1.1506,1.151,0.50,6.80
2007.12.24 01:53:57.815,1.1506,1.151,0.50,6.80
2007.12.24 01:53:57.937,1.1506,1.151,0.50,6.80
2007.12.24 01:53:58.060,1.1506,1.151,0.50,6.80
2007.12.24 01:53:58.154,1.1506,1.15105,0.50,14.80
2007.12.24 01:53:58.184,1.1506,1.151,0.50,6.80
2007.12.24 01:53:58.306,1.1506,1.151,0.50,6.80
2007.12.24 01:53:58.438,1.1506,1.151,0.50,6.80
2007.12.24 01:53:58.571,1.1506,1.151,0.50,6.80
2007.12.24 01:53:58.704,1.1506,1.151,0.50,6.80
2007.12.24 01:53:58.836,1.1506,1.151,0.50,6.80
2007.12.24 01:53:58.969,1.1506,1.151,0.50,6.80
2007.12.24 01:53:59.102,1.1506,1.151,0.50,6.80
2007.12.24 01:53:59.234,1.1506,1.151,0.50,6.80
2007.12.24 01:53:59.366,1.1506,1.151,0.50,6.80
2007.12.24 01:53:59.574,1.1506,1.151,0.50,6.80
2007.12.24 01:53:59.782,1.1506,1.151,0.50,6.80
2007.12.24 01:53:59.989,1.1506,1.151,0.50,6.80
2007.12.24 01:54:00.197,1.1506,1.151,0.50,6.80
2007.12.24 01:54:00.405,1.1506,1.151,0.50,6.80
2007.12.24 01:54:00.613,1.1506,1.151,0.50,6.80
2007.12.24 01:54:00.720,1.1506,1.151,0.50,6.80
2007.12.24 01:54:00.828,1.1506,1.151,0.50,6.80
2007.12.24 01:54:00.936,1.1506,1.151,0.50,6.80
2007.12.24 01:54:01.043,1.1506,1.151,0.50,6.80
2007.12.24 01:54:01.151,1.1506,1.151,0.50,6.80
2007.12.24 01:54:01.259,1.1506,1.151,0.50,6.80
2007.12.24 01:54:01.366,1.1506,1.151,0.50,6.80
2007.12.24 01:54:01.473,1.1506,1.151,0.50,6.80
2007.12.24 01:54:01.581,1.1506,1.151,0.50,6.80
2007.12.24 01:54:01.738,1.1506,1.151,0.50,6.80
2007.12.24 01:54:01.895,1.1506,1.151,0.50,6.80
2007.12.24 01:54:02.053,1.1506,1.151,0.50,6.80
2007.12.24 01:54:02.211,1.1506,1.151,0.50,6.80
2007.12.24 01:54:02.368,1.1506,1.151,0.50,6.80
2007.12.24 01:54:02.525,1.1506,1.151,0.50,6.80
2007.12.24 01:54:02.723,1.1506,1.151,0.50,6.80
2007.12.24 01:54:02.928,1.1506,1.151,0.50,6.80
2007.12.24 01:54:03.126,1.1506,1.151,0.50,6.80
2007.12.24 01:54:03.324,1.1506,1.151,0.50,6.80
2007.12.24 01:54:03.521,1.1506,1.151,0.50,6.80
2007.12.24 01:54:03.719,1.1506,1.151,0.50,6.80
2007.12.24 01:54:03.902,1.1506,1.151,0.50,6.80
2007.12.24 01:54:04.084,1.1506,1.151,0.50,6.80
2007.12.24 01:54:04.267,1.1506,1.151,0.50,6.80
2007.12.24 01:54:04.449,1.1506,1.151,0.50,6.80
2007.12.24 01:54:04.632,1.1506,1.151,0.50,6.80
2007.12.24 01:54:04.735,1.1506,1.151,0.50,6.80
2007.12.24 01:54:04.837,1.1506,1.151,0.50,6.80
2007.12.24 01:54:04.940,1.1506,1.151,0.50,6.80
2007.12.24 01:54:05.042,1.1506,1.151,0.50,6.80
2007.12.24 01:54:05.145,1.1506,1.151,0.50,6.80
2007.12.24 01:54:05.247,1.1506,1.151,0.50,6.80
2007.12.24 01:54:05.349,1.1506,1.151,0.50,6.80
2007.12.24 01:54:05.452,1.1506,1.151,0.50,6.80
2007.12.24 01:54:05.554,1.1506,1.151,0.50,6.80
2007.12.24 01:54:05.707,1.1506,1.151,0.50,6.80
2007.12.24 01:54:05.859,1.1506,1.151,0.50,6.80
2007.12.24 01:54:06.012,1.1506,1.151,0.50,6.80
2007.12.24 01:54:06.165,1.1506,1.151,0.50,6.80
2007.12.24 01:54:06.318,1.1506,1.151,0.50,6.80
2007.12.24 01:54:06.470,1.1506,1.151,0.50,6.80
2007.12.24 01:54:06.623,1.1506,1.151,0.50,6.80
2007.12.24 01:54:06.731,1.1506,1.151,0.50,6.80
2007.12.24 01:54:06.839,1.1506,1.151,0.50,6.80
2007.12.24 01:54:06.946,1.1506,1.151,0.50,6.80
2007.12.24 01:54:07.053,1.1506,1.151,0.50,6.80
2007.12.24 01:54:07.160,1.1506,1.151,0.50,6.80
2007.12.24 01:54:07.268,1.1506,1.151,0.50,6.80
2007.12.24 01:54:07.388,1.1506,1.151,0.50,6.80
2007.12.24 01:54:07.483,1.1506,1.151,0.50,6.80
2007.12.24 01:54:07.591,1.1506,1.151,0.50,6.80
2007.12.24 01:54:07.744,1.1506,1.151,0.50,6.80
2007.12.24 01:54:07.897,1.1506,1.151,0.50,6.80
2007.12.24 01:54:08.049,1.1506,1.151,0.50,6.80
2007.12.24 01:54:08.201,1.1506,1.151,0.50,6.80
2007.12.24 01:54:08.354,1.1506,1.151,0.50,6.80
2007.12.24 01:54:08.506,1.1506,1.151,0.50,6.80
2007.12.24 01:54:08.659,1.1506,1.151,0.50,6.80
2007.12.24 01:54:08.782,1.1506,1.151,0.50,6.80
2007.12.24 01:54:08.905,1.1506,1.151,0.50,6.80
2007.12.24 01:54:09.027,1.1506,1.151,0.50,6.80
2007.12.24 01:54:09.149,1.1506,1.151,0.50,6.80
2007.12.24 01:54:09.272,1.1506,1.151,0.50,6.80
2007.12.24 01:54:09.397,1.1506,1.151,0.50,6.80
2007.12.24 01:54:09.519,1.1506,1.151,0.50,6.80
2007.12.24 01:54:09.642,1.1506,1.151,0.50,6.80
2007.12.24 01:54:09.830,1.1506,1.151,0.50,6.80
2007.12.24 01:54:10.018,1.1506,1.151,0.50,6.80
2007.12.24 01:54:10.206,1.1506,1.151,0.50,6.80
2007.12.24 01:54:10.393,1.1506,1.151,0.50,6.80
2007.12.24 01:54:10.581,1.1506,1.151,0.50,6.80
2007.12.24 01:54:10.769,1.1506,1.151,0.50,6.80
2007.12.24 01:54:10.861,1.1506,1.151,0.50,6.80
2007.12.24 01:54:10.954,1.1506,1.151,0.50,6.80
2007.12.24 01:54:11.048,1.1506,1.151,0.50,6.80
2007.12.24 01:54:11.139,1.1506,1.151,0.50,6.80
2007.12.24 01:54:11.232,1.1506,1.151,0.50,6.80
2007.12.24 01:54:11.325,1.1506,1.151,0.50,6.80
2007.12.24 01:54:11.418,1.1506,1.151,0.50,6.80
2007.12.24 01:54:11.510,1.1506,1.151,0.50,6.80
2007.12.24 01:54:11.603,1.1506,1.151,0.50,6.80
2007.12.24 01:54:11.696,1.1506,1.151,0.50,6.80
2007.12.24 01:54:11.919,1.1506,1.151,0.50,6.80
2007.12.24 01:54:12.142,1.1506,1.151,0.50,6.80
2007.12.24 01:54:12.365,1.1506,1.151,0.50,6.80
2007.12.24 01:54:12.598,1.1506,1.151,0.50,6.80
2007.12.24 01:54:12.820,1.1506,1.151,0.50,6.80
2007.12.24 01:54:12.967,1.1506,1.151,0.50,6.80
2007.12.24 01:54:13.127,1.1506,1.151,0.50,6.80
2007.12.24 01:54:13.261,1.1504,1.15105,8.00,8.00
2007.12.24 01:54:13.409,1.1504,1.15105,8.00,8.00
2007.12.24 01:54:13.556,1.1504,1.15105,8.00,8.00
2007.12.24 01:54:18.947,1.1506,1.151,0.50,4.40
2007.12.24 01:54:19.151,1.1506,1.151,0.50,4.40
2007.12.24 01:54:19.365,1.1505,1.1509,0.50,0.50
2007.12.24 01:54:19.567,1.1505,1.1509,0.50,0.50
2007.12.24 01:54:19.769,1.1505,1.1509,0.50,0.50
2007.12.24 01:54:19.971,1.1505,1.1509,0.50,0.50
2007.12.24 01:54:20.174,1.1505,1.1509,0.50,0.50
2007.12.24 01:54:20.352,1.1505,1.1509,0.50,0.50
2007.12.24 01:54:20.529,1.1505,1.1509,0.50,0.50
2007.12.24 01:54:20.707,1.1505,1.1509,0.50,0.50
2007.12.24 01:54:20.889,1.1505,1.1509,0.50,0.50
2007.12.24 01:54:21.067,1.1505,1.1509,0.50,0.50
2007.12.24 01:54:21.294,1.1505,1.1509,0.50,0.50
2007.12.24 01:54:21.522,1.1505,1.1509,0.50,0.50
2007.12.24 01:54:21.750,1.1505,1.1509,0.50,0.50
2007.12.24 01:54:21.977,1.1505,1.1509,0.50,0.50
2007.12.24 01:54:22.215,1.1505,1.1509,0.50,0.50
2007.12.24 01:54:22.374,1.1505,1.1509,0.50,2.80
2007.12.24 01:54:22.532,1.1505,1.1509,0.50,2.80
2007.12.24 01:54:22.690,1.1505,1.1509,0.50,6.80
2007.12.24 01:54:22.848,1.1505,1.1509,0.50,6.80
2007.12.24 01:54:23.005,1.1505,1.1509,0.50,6.80
2007.12.24 01:54:23.163,1.1505,1.1509,0.50,6.80
2007.12.24 01:54:23.462,1.1505,1.1509,0.50,6.80
2007.12.24 01:54:23.761,1.1505,1.1509,0.50,6.80
2007.12.24 01:54:24.059,1.1505,1.1509,0.50,6.80
2007.12.24 01:54:24.356,1.1505,1.1509,0.50,6.80
2007.12.24 01:54:24.529,1.1505,1.1509,0.50,6.80
2007.12.24 01:54:24.701,1.1505,1.1509,0.50,6.80
2007.12.24 01:54:24.874,1.1505,1.1509,0.50,6.80
2007.12.24 01:54:25.047,1.1505,1.1509,0.50,6.80
2007.12.24 01:54:25.220,1.1505,1.1509,0.50,6.80
2007.12.24 01:54:25.358,1.1505,1.1509,0.50,4.40
2007.12.24 01:54:25.496,1.1505,1.1509,0.50,4.40
2007.12.24 01:54:25.633,1.1505,1.1509,0.50,4.40
2007.12.24 01:54:25.770,1.1505,1.1509,0.50,4.40
2007.12.24 01:54:25.908,1.1505,1.1509,0.50,4.40
2007.12.24 01:54:26.046,1.1505,1.1509,0.50,4.40
2007.12.24 01:54:26.184,1.1505,1.1509,0.50,4.40
2007.12.24 01:54:26.450,1.1505,1.1509,0.50,6.80
2007.12.24 01:54:26.703,1.1505,1.1509,0.50,6.80
2007.12.24 01:54:26.955,1.1505,1.1509,0.50,6.80
2007.12.24 01:54:27.208,1.1505,1.1509,0.50,6.80
2007.12.24 01:54:27.380,1.1505,1.1509,0.50,6.80
2007.12.24 01:54:27.553,1.1505,1.1509,0.50,6.80
2007.12.24 01:54:27.725,1.1505,1.1509,0.50,6.80
2007.12.24 01:54:27.897,1.1505,1.1509,0.50,6.80
2007.12.24 01:54:28.070,1.1505,1.1509,0.50,6.80
2007.12.24 01:54:28.243,1.1505,1.1509,0.50,6.80
2007.12.24 01:54:28.375,1.1505,1.1509,0.50,6.80
2007.12.24 01:54:28.507,1.1505,1.1509,0.50,6.80
2007.12.24 01:54:28.640,1.1505,1.1509,0.50,6.80
2007.12.24 01:54:28.773,1.1505,1.1509,0.50,6.80
2007.12.24 01:54:28.905,1.1505,1.1509,0.50,6.80
2007.12.24 01:54:29.037,1.1505,1.1509,0.50,6.80
2007.12.24 01:54:29.169,1.1505,1.1509,0.50,6.80
2007.12.24 01:54:29.303,1.1505,1.1509,0.50,6.80
2007.12.24 01:54:29.460,1.1505,1.1509,0.50,6.80
2007.12.24 01:54:29.617,1.1505,1.1509,0.50,6.80
2007.12.24 01:54:29.776,1.1505,1.1509,0.50,6.80
2007.12.24 01:54:29.934,1.1505,1.1509,0.50,6.80
2007.12.24 01:54:30.091,1.1505,1.1509,0.50,6.80
2007.12.24 01:54:30.249,1.1505,1.1509,0.50,6.80
2007.12.24 01:54:30.348,1.1505,1.1509,0.50,6.80
2007.12.24 01:54:30.445,1.1505,1.1509,0.50,6.80
2007.12.24 01:54:30.542,1.1505,1.1509,0.50,6.80
2007.12.24 01:54:30.641,1.1505,1.1509,0.50,6.80
2007.12.24 01:54:30.739,1.1505,1.1509,0.50,6.80
2007.12.24 01:54:30.836,1.1505,1.1509,0.50,6.80
2007.12.24 01:54:30.934,1.1505,1.1509,0.50,6.80
2007.12.24 01:54:31.032,1.1505,1.1509,0.50,6.80
2007.12.24 01:54:31.129,1.1505,1.1509,0.50,6.80
2007.12.24 01:54:31.227,1.1505,1.1509,0.50,6.80
2007.12.24 01:54:31.324,1.1505,1.1509,0.50,6.80
2007.12.24 01:54:31.527,1.1505,1.1509,0.50,6.80
2007.12.24 01:54:31.729,1.1505,1.1509,0.50,6.80
2007.12.24 01:54:31.931,1.1505,1.1509,0.50,6.80
2007.12.24 01:54:32.134,1.1505,1.1509,0.50,6.80
2007.12.24 01:54:32.336,1.1505,1.1509,0.50,6.80
2007.12.24 01:54:32.455,1.1505,1.1509,0.50,6.80
2007.12.24 01:54:32.572,1.1505,1.1509,0.50,6.80
2007.12.24 01:54:32.689,1.1505,1.1509,0.50,6.80
2007.12.24 01:54:32.807,1.1505,1.1509,0.50,6.80
2007.12.24 01:54:32.925,1.1505,1.1509,0.50,6.80
2007.12.24 01:54:33.042,1.1505,1.1509,0.50,6.80
2007.12.24 01:54:33.159,1.1505,1.1509,0.50,6.80
2007.12.24 01:54:33.277,1.1505,1.1509,0.50,6.80
2007.12.24 01:54:33.394,1.1505,1.1509,0.50,6.80
2007.12.24 01:54:33.662,1.1505,1.1509,0.50,6.80
2007.12.24 01:54:33.941,1.1505,1.1509,0.50,6.80
2007.12.24 01:54:34.209,1.1505,1.1509,0.50,6.80
2007.12.24 01:54:34.477,1.1505,1.1509,0.50,6.80
2007.12.24 01:54:34.674,1.1505,1.1509,0.50,6.80
2007.12.24 01:54:34.871,1.1505,1.1509,0.50,6.80
2007.12.24 01:54:35.068,1.1505,1.1509,0.50,6.80
2007.12.24 01:54:35.267,1.1505,1.1509,0.50,6.80
2007.12.24 01:54:35.464,1.1505,1.1509,0.50,6.80
2007.12.24 01:54:35.651,1.1505,1.1509,0.50,6.80
2007.12.24 01:54:35.839,1.1505,1.1509,0.50,6.80
2007.12.24 01:54:36.027,1.1505,1.1509,0.50,6.80
2007.12.24 01:54:36.214,1.1505,1.1509,0.50,6.80
2007.12.24 01:54:36.402,1.1505,1.1509,0.50,6.80
2007.12.24 01:54:36.589,1.1505,1.1509,0.50,6.80
2007.12.24 01:54:36.771,1.1505,1.1509,0.50,6.80
2007.12.24 01:54:36.955,1.1505,1.1509,0.50,6.80
2007.12.24 01:54:37.137,1.1505,1.1509,0.50,6.80
2007.12.24 01:54:37.320,1.1505,1.1509,0.50,6.80
2007.12.24 01:54:37.502,1.1505,1.1509,0.50,6.80
2007.12.24 01:54:37.640,1.1505,1.1509,0.50,6.80
2007.12.24 01:54:37.777,1.1505,1.1509,0.50,6.80
2007.12.24 01:54:37.916,1.1505,1.1509,0.50,6.80
2007.12.24 01:54:38.053,1.1505,1.1509,0.50,6.80
2007.12.24 01:54:38.192,1.1505,1.1509,0.50,6.80
2007.12.24 01:54:38.329,1.1505,1.1509,0.50,6.80
2007.12.24 01:54:38.467,1.1505,1.1509,0.50,6.80
2007.12.24 01:54:38.604,1.1505,1.1509,0.50,6.80
2007.12.24 01:54:38.753,1.1505,1.1509,0.50,6.80
2007.12.24 01:54:38.880,1.1505,1.1509,0.50,6.80
2007.12.24 01:54:39.019,1.1505,1.1509,0.50,6.80
2007.12.24 01:54:39.157,1.1505,1.1509,0.50,6.80
2007.12.24 01:54:39.294,1.1505,1.1509,0.50,6.80
2007.12.24 01:54:39.431,1.1505,1.1509,0.50,6.80
2007.12.24 01:54:39.568,1.1505,1.1509,0.50,6.80
2007.12.24 01:54:39.711,1.1505,1.1509,0.50,6.80
2007.12.24 01:54:39.853,1.1505,1.1509,0.50,6.80
2007.12.24 01:54:39.996,1.1505,1.1509,0.50,6.80
2007.12.24 01:54:40.140,1.1505,1.1509,0.50,6.80
2007.12.24 01:54:40.282,1.1505,1.1509,0.50,6.80
2007.12.24 01:54:40.425,1.1505,1.1509,0.50,6.80
2007.12.24 01:54:40.568,1.1505,1.1509,0.50,6.80
2007.12.24 01:54:40.675,1.1505,1.1509,0.50,6.80
2007.12.24 01:54:40.783,1.1505,1.1509,0.50,6.80
2007.12.24 01:54:40.890,1.1505,1.1509,0.50,6.80
2007.12.24 01:54:40.997,1.1505,1.1509,0.50,6.80
2007.12.24 01:54:41.104,1.1505,1.1509,0.50,6.80
2007.12.24 01:54:41.212,1.1505,1.1509,0.50,6.80
2007.12.24 01:54:41.325,1.1505,1.1509,0.50,6.80
2007.12.24 01:54:41.432,1.1505,1.1509,0.50,6.80
2007.12.24 01:54:41.539,1.1505,1.1509,0.50,6.80
2007.12.24 01:54:41.767,1.1505,1.1509,0.50,6.80
2007.12.24 01:54:41.996,1.1505,1.1509,0.50,6.80
2007.12.24 01:54:42.224,1.1505,1.1509,0.50,6.80
2007.12.24 01:54:42.255,1.1505,1.1509,0.50,6.80
2007.12.24 01:54:42.451,1.1504,1.1509,2.50,6.80
2007.12.24 01:54:42.678,1.1505,1.1509,0.50,6.80
2007.12.24 01:54:42.785,1.1504,1.1509,2.50,6.80
2007.12.24 01:54:42.894,1.1504,1.1509,2.50,6.80
2007.12.24 01:54:43.001,1.1505,1.1509,0.50,6.80
2007.12.24 01:54:43.108,1.1505,1.1509,0.50,6.80
2007.12.24 01:54:43.217,1.1504,1.1509,2.50,6.80
2007.12.24 01:54:43.324,1.1504,1.1509,2.50,6.80
2007.12.24 01:54:43.431,1.1504,1.1509,2.50,6.80
2007.12.24 01:54:43.538,1.1504,1.1509,2.50,6.80
2007.12.24 01:54:43.647,1.1504,1.1509,2.50,6.80
2007.12.24 01:54:43.774,1.1504,1.1509,2.50,6.80
2007.12.24 01:54:43.901,1.1505,1.1509,0.50,6.80
2007.12.24 01:54:44.029,1.1504,1.1509,2.50,6.80
2007.12.24 01:54:44.158,1.1505,1.1509,0.50,6.80
2007.12.24 01:54:44.285,1.1504,1.1509,2.50,6.80
2007.12.24 01:54:44.412,1.1505,1.1509,0.50,6.80
2007.12.24 01:54:44.540,1.1505,1.1509,0.50,6.80
2007.12.24 01:54:44.669,1.1504,1.1509,2.50,6.80
2007.12.24 01:54:44.806,1.1505,1.1509,0.50,6.80
2007.12.24 01:54:44.943,1.1504,1.1509,2.50,6.80
2007.12.24 01:54:45.082,1.1504,1.1509,2.50,6.80
2007.12.24 01:54:45.219,1.1505,1.1509,0.50,6.80
2007.12.24 01:54:45.356,1.1504,1.1509,2.50,6.80
2007.12.24 01:54:45.493,1.1504,1.1509,2.50,6.80
2007.12.24 01:54:45.631,1.1504,1.1509,2.50,6.80
2007.12.24 01:54:45.784,1.1504,1.1509,2.50,6.80
2007.12.24 01:54:45.937,1.1505,1.1509,0.50,6.80
2007.12.24 01:54:46.089,1.1505,1.1509,0.50,6.80
2007.12.24 01:54:46.243,1.1504,1.1509,2.50,6.80
2007.12.24 01:54:46.395,1.1504,1.1509,2.50,6.80
2007.12.24 01:54:46.548,1.1505,1.1509,0.50,6.80
2007.12.24 01:54:46.700,1.1504,1.1509,2.50,6.80
2007.12.24 01:54:46.827,1.1505,1.1509,0.50,6.80
2007.12.24 01:54:46.954,1.1504,1.1509,2.50,6.80
2007.12.24 01:54:47.082,1.1505,1.1509,0.50,6.80
2007.12.24 01:54:47.210,1.1505,1.1509,0.50,6.80
2007.12.24 01:54:47.337,1.1504,1.1509,2.50,6.80
2007.12.24 01:54:47.465,1.1504,1.1509,2.50,6.80
2007.12.24 01:54:47.592,1.1504,1.1509,2.50,6.80
2007.12.24 01:54:47.719,1.1504,1.1509,2.50,6.80
2007.12.24 01:54:47.847,1.1504,1.1509,2.50,6.80
2007.12.24 01:54:47.981,1.1504,1.1509,2.50,6.80
2007.12.24 01:54:48.113,1.1505,1.1509,0.50,6.80
2007.12.24 01:54:48.246,1.1504,1.1509,2.50,6.80
2007.12.24 01:54:48.379,1.1505,1.1509,0.50,6.80
2007.12.24 01:54:48.511,1.1504,1.1509,2.50,6.80
2007.12.24 01:54:48.644,1.1504,1.1509,2.50,6.80
2007.12.24 01:54:48.776,1.1505,1.1509,0.50,6.80
2007.12.24 01:54:48.909,1.1504,1.1509,2.50,6.80
2007.12.24 01:54:49.071,1.1505,1.1509,0.50,6.80
2007.12.24 01:54:49.234,1.1504,1.1509,2.50,6.80
2007.12.24 01:54:49.396,1.1504,1.1509,2.50,6.80
2007.12.24 01:54:49.559,1.1505,1.1509,0.50,6.80
2007.12.24 01:54:49.721,1.1504,1.1509,2.50,6.80
2007.12.24 01:54:49.884,1.1504,1.1509,2.50,6.80
2007.12.24 01:54:50.025,1.1504,1.1509,2.50,6.80
2007.12.24 01:54:50.140,1.1504,1.1509,2.50,6.80
2007.12.24 01:54:50.267,1.1504,1.1509,2.50,6.80
2007.12.24 01:54:50.395,1.1504,1.1509,2.50,6.80
2007.12.24 01:54:50.523,1.1504,1.1509,2.50,6.80
2007.12.24 01:54:50.650,1.1504,1.1509,2.50,6.80
2007.12.24 01:54:50.778,1.1504,1.1509,2.50,6.80
2007.12.24 01:54:50.906,1.1503,1.1508,6.40,0.50
2007.12.24 01:54:51.094,1.1504,1.1508,0.80,0.50
2007.12.24 01:54:51.282,1.1504,1.1508,0.50,0.50
2007.12.24 01:54:51.469,1.1504,1.1508,0.90,0.50
2007.12.24 01:54:51.657,1.1504,1.1508,0.60,0.50
2007.12.24 01:54:51.844,1.1503,1.1508,6.40,0.50
2007.12.24 01:54:52.032,1.1504,1.1508,0.80,0.50
2007.12.24 01:54:52.234,1.1503,1.1508,6.40,0.50
2007.12.24 01:54:52.437,1.1503,1.1508,6.40,0.50
2007.12.24 01:54:52.640,1.1504,1.1508,0.90,0.50
2007.12.24 01:54:52.845,1.1503,1.1508,6.40,0.50
2007.12.24 01:54:53.046,1.1504,1.1508,0.60,0.50
2007.12.24 01:54:53.218,1.1503,1.1508,6.40,0.50
2007.12.24 01:54:53.391,1.1503,1.1508,6.40,0.50
2007.12.24 01:54:53.564,1.1504,1.1508,0.80,0.50
2007.12.24 01:54:53.736,1.1503,1.1508,6.40,0.50
2007.12.24 01:54:53.908,1.1503,1.1508,6.40,0.50
2007.12.24 01:54:54.007,1.1504,1.1508,0.90,0.50
2007.12.24 01:54:54.104,1.1503,1.1508,6.40,0.50
2007.12.24 01:54:54.201,1.1503,1.1508,6.40,0.50
2007.12.24 01:54:54.298,1.1503,1.1508,6.40,0.50
2007.12.24 01:54:54.396,1.1504,1.1508,0.70,0.50
2007.12.24 01:54:54.494,1.1503,1.1508,6.40,0.50
2007.12.24 01:54:54.592,1.1503,1.1508,6.40,0.50
2007.12.24 01:54:54.690,1.1504,1.1508,0.90,0.50
2007.12.24 01:54:54.787,1.1503,1.1508,6.40,0.50
2007.12.24 01:54:54.885,1.1504,1.1508,0.60,0.50
2007.12.24 01:54:54.983,1.1503,1.1508,6.40,0.50
2007.12.24 01:54:55.166,1.1503,1.1508,6.40,0.50
2007.12.24 01:54:55.348,1.1504,1.1508,0.50,0.50
2007.12.24 01:54:55.531,1.1504,1.1508,0.60,0.50
2007.12.24 01:54:55.720,1.1504,1.1508,0.80,0.50
2007.12.24 01:54:55.903,1.1503,1.1508,6.40,0.50
2007.12.24 01:54:56.086,1.1503,1.1508,6.40,0.50
2007.12.24 01:54:56.173,1.1503,1.1508,6.40,0.50
2007.12.24 01:54:56.261,1.1504,1.1508,0.80,0.50
2007.12.24 01:54:56.348,1.1504,1.1508,0.50,0.50
2007.12.24 01:54:56.436,1.1504,1.1508,0.90,0.50
2007.12.24 01:54:56.524,1.1503,1.1508,6.40,0.50
2007.12.24 01:54:56.611,1.1503,1.1508,6.40,0.50
2007.12.24 01:54:56.698,1.1504,1.1508,1.00,0.50
2007.12.24 01:54:56.787,1.1503,1.1508,6.40,0.50
2007.12.24 01:54:56.875,1.1504,1.1508,0.70,0.50
2007.12.24 01:54:56.974,1.1504,1.1508,0.90,0.50
2007.12.24 01:54:57.151,1.1503,1.1508,6.40,0.50
2007.12.24 01:54:57.328,1.1504,1.1508,0.70,0.50
2007.12.24 01:54:57.506,1.1503,1.1508,6.40,0.50
2007.12.24 01:54:57.683,1.1503,1.1508,6.40,0.50
2007.12.24 01:54:57.861,1.1504,1.1508,0.60,0.50
2007.12.24 01:54:58.039,1.1503,1.1508,6.40,0.50
2007.12.24 01:54:58.228,1.1504,1.1508,0.80,0.50
2007.12.24 01:54:58.415,1.1503,1.1508,6.40,0.50
2007.12.24 01:54:58.602,1.1503,1.1508,6.40,0.50
2007.12.24 01:54:58.790,1.1504,1.1508,0.90,0.50
2007.12.24 01:54:58.978,1.1503,1.1508,6.40,0.50
2007.12.24 01:54:59.165,1.1503,1.1508,6.40,0.50
2007.12.24 01:54:59.278,1.1503,1.1508,6.40,0.50
2007.12.24 01:54:59.390,1.1503,1.1508,6.40,0.50
2007.12.24 01:54:59.503,1.1504,1.1508,0.70,0.50
2007.12.24 01:54:59.616,1.1503,1.1508,6.40,0.50
2007.12.24 01:54:59.729,1.1503,1.1508,6.40,0.50
2007.12.24 01:54:59.855,1.1503,1.1508,6.40,0.50
2007.12.24 01:54:59.954,1.1504,1.1508,0.90,0.50
2007.12.24 01:55:00.067,1.1504,1.1508,0.70,0.50
2007.12.24 01:55:00.180,1.1504,1.1508,0.50,0.50
2007.12.24 01:55:00.313,1.1504,1.1508,1.00,0.50
2007.12.24 01:55:00.446,1.1504,1.1508,0.60,0.50
2007.12.24 01:55:00.579,1.1504,1.1508,0.90,0.50
2007.12.24 01:55:00.713,1.1504,1.1508,1.00,0.50
2007.12.24 01:55:00.845,1.1503,1.1508,6.40,0.50
2007.12.24 01:55:00.979,1.1503,1.1508,6.40,0.50
2007.12.24 01:55:01.112,1.1503,1.1508,6.40,0.50
2007.12.24 01:55:01.235,1.1504,1.1508,0.60,0.50
2007.12.24 01:55:01.358,1.1503,1.1508,6.40,0.50
2007.12.24 01:55:01.481,1.1504,1.1508,0.90,0.50
2007.12.24 01:55:01.603,1.1503,1.1508,6.40,0.50
2007.12.24 01:55:01.727,1.1504,1.1508,0.60,0.50
2007.12.24 01:55:01.849,1.1503,1.1508,6.40,0.50
2007.12.24 01:55:01.971,1.1503,1.1508,6.40,0.50
2007.12.24 01:55:02.095,1.1503,1.1508,6.40,0.50
2007.12.24 01:55:02.232,1.1504,1.1508,0.80,0.50
2007.12.24 01:55:02.370,1.1503,1.1507,5.20,0.50
2007.12.24 01:55:02.508,1.1504,1.1507,0.80,0.50
2007.12.24 01:55:02.646,1.1503,1.1507,5.20,0.50
2007.12.24 01:55:02.785,1.1504,1.1508,0.60,4.40
2007.12.24 01:55:02.921,1.1503,1.1508,2.40,4.40
2007.12.24 01:55:03.059,1.1504,1.1508,0.80,4.40
2007.12.24 01:55:03.196,1.1503,1.1508,2.40,4.40
2007.12.24 01:55:03.394,1.1503,1.1508,2.40,4.40
2007.12.24 01:55:03.592,1.1503,1.1508,6.40,0.50
2007.12.24 01:55:03.789,1.1503,1.1508,6.40,0.50
2007.12.24 01:55:03.987,1.1503,1.1508,6.40,0.50
2007.12.24 01:55:04.184,1.1503,1.1508,6.40,0.50
2007.12.24 01:55:04.357,1.1503,1.1508,6.40,0.50
2007.12.24 01:55:04.530,1.1504,1.1508,0.60,0.50
2007.12.24 01:55:04.702,1.1503,1.1508,6.40,0.50
2007.12.24 01:55:04.875,1.1504,1.1508,0.60,0.50
2007.12.24 01:55:05.048,1.1503,1.1508,6.40,0.50
2007.12.24 01:55:05.221,1.1504,1.1508,1.00,0.50
2007.12.24 01:55:05.313,1.1504,1.1508,1.00,0.50
2007.12.24 01:55:05.406,1.1503,1.1508,6.40,0.50
2007.12.24 01:55:05.499,1.1504,1.1508,0.90,0.50
2007.12.24 01:55:05.592,1.1504,1.1508,1.00,0.50
2007.12.24 01:55:05.684,1.1503,1.1508,6.40,0.50
2007.12.24 01:55:05.777,1.1503,1.1508,6.40,0.50
2007.12.24 01:55:05.869,1.1504,1.1508,1.00,0.50
2007.12.24 01:55:05.961,1.1503,1.1508,6.40,0.50
2007.12.24 01:55:06.054,1.1503,1.1508,6.40,0.50
2007.12.24 01:55:06.147,1.1504,1.1508,1.00,0.50
2007.12.24 01:55:06.240,1.1503,1.1508,6.40,0.50
2007.12.24 01:55:06.426,1.1504,1.1508,0.80,0.50
2007.12.24 01:55:06.608,1.1503,1.1508,6.40,0.50
2007.12.24 01:55:06.790,1.1503,1.1508,6.40,0.50
2007.12.24 01:55:06.973,1.1503,1.1508,6.40,0.50
2007.12.24 01:55:07.156,1.1504,1.1508,1.00,0.50
2007.12.24 01:55:07.350,1.1504,1.1508,0.70,0.50
2007.12.24 01:55:07.446,1.1503,1.1508,6.40,0.50
2007.12.24 01:55:07.554,1.1504,1.1508,1.00,0.50
2007.12.24 01:55:07.661,1.1504,1.1508,0.60,0.50
2007.12.24 01:55:07.768,1.1504,1.1508,0.80,0.50
2007.12.24 01:55:07.876,1.1504,1.1508,1.00,0.50
2007.12.24 01:55:07.984,1.1503,1.1508,6.40,0.50
2007.12.24 01:55:08.092,1.1503,1.1508,6.40,0.50
2007.12.24 01:55:08.200,1.1504,1.1508,0.70,0.50
2007.12.24 01:55:08.307,1.1503,1.1508,6.40,0.50
2007.12.24 01:55:08.465,1.1504,1.1508,0.70,0.50
2007.12.24 01:55:08.622,1.1503,1.1508,6.40,0.50
2007.12.24 01:55:08.780,1.1503,1.1508,6.40,0.50
2007.12.24 01:55:08.938,1.1503,1.1508,6.40,0.50
2007.12.24 01:55:09.095,1.1503,1.1508,6.40,0.50
2007.12.24 01:55:09.253,1.1503,1.1508,6.40,0.50
2007.12.24 01:55:09.410,1.1503,1.1508,6.40,0.50
2007.12.24 01:55:09.528,1.1503,1.1508,6.40,0.50
2007.12.24 01:55:09.646,1.1504,1.1508,1.00,0.50
2007.12.24 01:55:09.764,1.1503,1.1508,6.40,0.50
2007.12.24 01:55:09.881,1.1503,1.1508,6.40,0.50
2007.12.24 01:55:09.998,1.1504,1.1508,0.60,0.50
2007.12.24 01:55:10.116,1.1503,1.1508,6.40,0.50
2007.12.24 01:55:10.234,1.1504,1.1508,1.00,0.50
2007.12.24 01:55:10.352,1.1504,1.1508,1.20,0.50
2007.12.24 01:55:10.505,1.1504,1.1508,1.20,0.50
2007.12.24 01:55:10.657,1.1504,1.1508,1.20,0.50
2007.12.24 01:55:10.821,1.1504,1.1508,1.20,0.50
2007.12.24 01:55:10.962,1.1504,1.1508,1.20,0.50
2007.12.24 01:55:11.115,1.1504,1.1508,1.20,0.50
2007.12.24 01:55:11.267,1.1504,1.1508,1.20,0.50
2007.12.24 01:55:11.420,1.1504,1.1508,1.20,0.50
2007.12.24 01:55:11.547,1.1504,1.1508,1.20,0.50
2007.12.24 01:55:11.669,1.1504,1.1508,1.20,0.50
2007.12.24 01:55:11.792,1.1504,1.1508,1.20,0.50
2007.12.24 01:55:11.915,1.1504,1.1508,1.20,0.50
2007.12.24 01:55:12.038,1.1504,1.1508,1.20,0.50
2007.12.24 01:55:12.160,1.1504,1.1508,1.20,0.50
2007.12.24 01:55:12.283,1.1504,1.1508,1.20,0.50
2007.12.24 01:55:12.407,1.1504,1.1508,1.20,0.50
2007.12.24 01:55:12.545,1.1504,1.1508,1.20,0.50
2007.12.24 01:55:12.682,1.1504,1.1508,1.20,0.50
2007.12.24 01:55:12.820,1.1504,1.1508,1.20,0.50
2007.12.24 01:55:12.957,1.1504,1.1508,1.20,0.50
2007.12.24 01:55:13.095,1.1504,1.1508,1.20,0.50
2007.12.24 01:55:13.233,1.1504,1.1508,1.20,0.50
2007.12.24 01:55:13.371,1.1504,1.1508,1.20,0.50
2007.12.24 01:55:13.508,1.1504,1.1508,1.20,0.50
2007.12.24 01:55:13.640,1.1504,1.1508,1.20,0.50
2007.12.24 01:55:13.773,1.1504,1.1508,1.20,0.50
2007.12.24 01:55:13.906,1.1504,1.1508,1.20,0.50
2007.12.24 01:55:14.038,1.1504,1.1508,1.20,0.50
2007.12.24 01:55:14.171,1.1504,1.1508,1.20,0.50
2007.12.24 01:55:14.304,1.1504,1.1508,1.20,0.50
2007.12.24 01:55:14.436,1.1504,1.1508,1.20,0.50
2007.12.24 01:55:14.569,1.1504,1.1508,1.20,0.50
2007.12.24 01:55:14.707,1.1504,1.1508,1.20,0.50
2007.12.24 01:55:14.844,1.1504,1.1508,1.20,0.50
2007.12.24 01:55:14.981,1.1504,1.1508,1.20,0.50
2007.12.24 01:55:15.119,1.1504,1.1508,1.20,0.50
2007.12.24 01:55:15.257,1.1504,1.1508,1.20,0.50
2007.12.24 01:55:15.395,1.1504,1.1508,1.20,0.50
2007.12.24 01:55:15.533,1.1504,1.1508,1.20,0.50
2007.12.24 01:55:15.640,1.1504,1.1508,1.20,0.50
2007.12.24 01:55:15.748,1.1504,1.1508,1.20,0.50
2007.12.24 01:55:15.857,1.1504,1.1507,0.80,0.50
2007.12.24 01:55:15.964,1.1504,1.1507,0.80,0.50
2007.12.24 01:55:16.072,1.1504,1.1507,0.80,0.50
2007.12.24 01:55:16.180,1.1504,1.1507,0.80,0.50
2007.12.24 01:55:16.287,1.1504,1.1507,0.80,0.50
2007.12.24 01:55:16.396,1.1504,1.1507,0.80,0.50
2007.12.24 01:55:16.504,1.1504,1.1507,0.80,0.50
2007.12.24 01:55:16.726,1.1504,1.1507,0.80,0.50
2007.12.24 01:55:16.948,1.1504,1.1507,0.80,0.50
2007.12.24 01:55:17.170,1.1504,1.1507,0.80,0.50
2007.12.24 01:55:17.393,1.1504,1.1507,0.80,0.50
2007.12.24 01:55:17.615,1.1504,1.1507,0.80,0.50
2007.12.24 01:55:17.702,1.1504,1.1507,0.80,0.50
2007.12.24 01:55:17.790,1.1504,1.1507,0.80,0.50
2007.12.24 01:55:17.878,1.1504,1.1507,0.80,0.50
2007.12.24 01:55:17.978,1.1504,1.1507,0.80,0.50
2007.12.24 01:55:18.054,1.1504,1.1507,0.80,0.50
2007.12.24 01:55:18.142,1.1504,1.1507,0.80,0.50
2007.12.24 01:55:18.230,1.1504,1.1507,0.80,0.50
2007.12.24 01:55:18.317,1.1504,1.1507,0.80,0.50
2007.12.24 01:55:18.406,1.1504,1.1507,0.80,0.50
2007.12.24 01:55:18.494,1.1504,1.1507,0.80,0.50
2007.12.24 01:55:18.581,1.1504,1.1507,0.80,0.50
2007.12.24 01:55:18.733,1.1504,1.1507,0.80,0.50
2007.12.24 01:55:18.885,1.1504,1.1507,0.80,0.50
2007.12.24 01:55:19.038,1.1504,1.1507,0.80,0.50
2007.12.24 01:55:19.191,1.1504,1.1507,0.80,0.50
2007.12.24 01:55:19.343,1.1504,1.1507,0.80,0.50
2007.12.24 01:55:19.496,1.1504,1.1507,0.80,0.50
2007.12.24 01:55:19.649,1.1504,1.1507,0.80,0.50
2007.12.24 01:55:19.771,1.1504,1.1507,0.80,0.50
2007.12.24 01:55:19.894,1.1504,1.1507,0.80,0.50
2007.12.24 01:55:20.017,1.1504,1.1507,0.80,0.50
2007.12.24 01:55:20.139,1.1504,1.1507,0.80,0.50
2007.12.24 01:55:20.262,1.1504,1.1507,0.80,0.50
2007.12.24 01:55:20.384,1.1504,1.1507,0.80,0.50
2007.12.24 01:55:20.507,1.1504,1.1507,0.80,0.50
2007.12.24 01:55:20.630,1.1504,1.1507,0.80,0.50
2007.12.24 01:55:20.767,1.1504,1.1507,0.80,0.50
2007.12.24 01:55:20.905,1.1504,1.1507,0.80,0.50
2007.12.24 01:55:21.043,1.1504,1.1507,0.80,0.50
2007.12.24 01:55:21.180,1.1504,1.1507,0.80,0.50
2007.12.24 01:55:21.317,1.1504,1.1507,0.80,0.50
2007.12.24 01:55:21.455,1.1504,1.1507,0.80,0.50
2007.12.24 01:55:21.593,1.1504,1.1507,0.80,0.50
2007.12.24 01:55:21.705,1.1504,1.1507,0.80,0.50
2007.12.24 01:55:21.817,1.1504,1.1507,0.80,0.50
2007.12.24 01:55:21.930,1.1504,1.1507,0.80,0.50
2007.12.24 01:55:22.043,1.1504,1.1507,0.80,0.50
2007.12.24 01:55:22.156,1.1504,1.1507,0.80,0.50
2007.12.24 01:55:22.269,1.1504,1.1507,0.80,0.50
2007.12.24 01:55:22.395,1.1504,1.1507,0.80,0.50
2007.12.24 01:55:22.494,1.1504,1.1507,0.80,0.50
2007.12.24 01:55:22.607,1.1504,1.1507,0.80,0.50
2007.12.24 01:55:22.734,1.1504,1.1507,0.80,0.50
2007.12.24 01:55:22.861,1.1504,1.1507,0.80,0.50
2007.12.24 01:55:22.990,1.1504,1.1507,0.80,0.50
2007.12.24 01:55:23.118,1.1504,1.1507,0.80,0.50
2007.12.24 01:55:23.245,1.1504,1.1507,0.80,0.50
2007.12.24 01:55:23.335,1.1503,1.1507,5.20,0.50
2007.12.24 01:55:23.373,1.1503,1.1507,5.20,0.50
2007.12.24 01:55:23.501,1.1503,1.1507,5.20,0.50
2007.12.24 01:55:23.628,1.1504,1.1507,0.80,0.50
2007.12.24 01:55:23.751,1.1504,1.1507,0.80,0.50
2007.12.24 01:55:23.874,1.1503,1.1507,5.20,0.50
2007.12.24 01:55:23.996,1.1503,1.1507,5.20,0.50
2007.12.24 01:55:24.118,1.1503,1.1507,5.20,0.50
2007.12.24 01:55:24.241,1.1503,1.1507,5.20,0.50
2007.12.24 01:55:24.364,1.1504,1.1507,0.80,0.50
2007.12.24 01:55:24.486,1.1503,1.1507,5.20,0.50
2007.12.24 01:55:24.609,1.1504,1.1507,0.80,0.50
2007.12.24 01:55:24.744,1.1504,1.1507,0.80,0.50
2007.12.24 01:55:24.855,1.1503,1.1507,5.20,0.50
2007.12.24 01:55:24.977,1.1504,1.1507,0.80,0.50
2007.12.24 01:55:25.099,1.1504,1.1507,0.80,0.50
2007.12.24 01:55:25.222,1.1503,1.1507,5.20,0.50
2007.12.24 01:55:25.345,1.1503,1.1507,5.20,0.50
2007.12.24 01:55:25.478,1.1504,1.1507,0.80,0.50
2007.12.24 01:55:25.599,1.1504,1.1507,0.80,0.50
2007.12.24 01:55:25.723,1.1503,1.1507,5.20,0.50
2007.12.24 01:55:25.841,1.1504,1.1507,0.80,0.50
2007.12.24 01:55:25.958,1.1504,1.1507,0.80,0.50
2007.12.24 01:55:26.075,1.1503,1.1507,5.20,0.50
2007.12.24 01:55:26.192,1.1503,1.1507,5.20,0.50
2007.12.24 01:55:26.311,1.1504,1.1507,0.80,0.50
2007.12.24 01:55:26.428,1.1504,1.1507,0.80,0.50
2007.12.24 01:55:26.545,1.1504,1.1507,0.80,0.50
2007.12.24 01:55:26.662,1.1503,1.1507,5.20,0.50
2007.12.24 01:55:26.781,1.1504,1.1507,0.80,0.50
2007.12.24 01:55:26.914,1.1503,1.1507,5.20,0.50
2007.12.24 01:55:27.046,1.1503,1.1507,5.20,0.50
2007.12.24 01:55:27.178,1.1503,1.1507,5.20,0.50
2007.12.24 01:55:27.312,1.1504,1.1507,0.80,0.50
2007.12.24 01:55:27.444,1.1503,1.1507,5.20,0.50
2007.12.24 01:55:27.576,1.1503,1.1507,5.20,0.50
2007.12.24 01:55:27.708,1.1504,1.1507,0.80,0.50
2007.12.24 01:55:27.842,1.1503,1.1507,5.20,0.50
2007.12.24 01:55:27.966,1.1503,1.1507,5.20,0.50
2007.12.24 01:55:28.088,1.1503,1.1507,5.20,0.50
2007.12.24 01:55:28.210,1.1504,1.1507,0.80,0.50
2007.12.24 01:55:28.332,1.1503,1.1507,5.20,0.50
2007.12.24 01:55:28.456,1.1503,1.1507,5.20,0.50
2007.12.24 01:55:28.591,1.1504,1.1507,0.80,0.50
2007.12.24 01:55:28.701,1.1503,1.1507,5.20,0.50
2007.12.24 01:55:28.823,1.1504,1.1507,0.80,0.50
2007.12.24 01:55:28.946,1.1503,1.1507,5.20,0.50
2007.12.24 01:55:29.069,1.1504,1.1507,0.80,0.50
2007.12.24 01:55:29.192,1.1503,1.1507,5.20,0.50
2007.12.24 01:55:29.314,1.1503,1.1507,5.20,0.50
2007.12.24 01:55:29.449,1.1504,1.1507,0.80,0.50
2007.12.24 01:55:29.571,1.1503,1.1507,5.20,0.50
2007.12.24 01:55:29.694,1.1504,1.1507,0.80,0.50
2007.12.24 01:55:29.818,1.1504,1.1507,0.80,0.50
2007.12.24 01:55:29.941,1.1504,1.1507,0.80,0.50
2007.12.24 01:55:30.083,1.1503,1.1507,5.20,0.50
2007.12.24 01:55:30.225,1.1504,1.1507,0.80,0.50
2007.12.24 01:55:30.368,1.1503,1.1507,5.20,0.50
2007.12.24 01:55:30.510,1.1503,1.1507,5.20,0.50
2007.12.24 01:55:30.653,1.1503,1.1508,1.30,6.80
2007.12.24 01:55:30.795,1.1503,1.1508,2.40,6.80
2007.12.24 01:55:30.937,1.1503,1.1508,2.40,6.80
2007.12.24 01:55:31.045,1.1503,1.1508,2.40,6.80
2007.12.24 01:55:31.154,1.1503,1.1508,2.40,6.80
2007.12.24 01:55:31.262,1.1504,1.1508,0.50,6.80
2007.12.24 01:55:31.369,1.1503,1.1508,2.40,6.80
2007.12.24 01:55:31.476,1.1504,1.1508,0.80,6.80
2007.12.24 01:55:31.584,1.1503,1.1508,2.40,6.80
2007.12.24 01:55:31.693,1.1504,1.1508,0.90,6.80
2007.12.24 01:55:31.800,1.1504,1.1508,0.90,6.80
2007.12.24 01:55:31.907,1.1503,1.1508,2.40,6.80
2007.12.24 01:55:32.016,1.1503,1.1508,2.40,6.80
2007.12.24 01:55:32.183,1.1503,1.1508,2.40,6.80
2007.12.24 01:55:32.351,1.1503,1.1508,2.40,6.80
2007.12.24 01:55:32.519,1.1503,1.1508,2.40,6.80
2007.12.24 01:55:32.687,1.1504,1.1508,0.70,6.80
2007.12.24 01:55:32.854,1.1503,1.1508,2.40,6.80
2007.12.24 01:55:33.022,1.1504,1.1508,0.50,6.80
2007.12.24 01:55:33.224,1.1503,1.1508,2.40,6.80
2007.12.24 01:55:33.427,1.1504,1.1508,0.70,6.80
2007.12.24 01:55:33.642,1.1503,1.1508,2.40,6.80
2007.12.24 01:55:33.844,1.1504,1.1508,0.70,6.80
2007.12.24 01:55:34.046,1.1504,1.1508,0.70,6.80
2007.12.24 01:55:34.125,1.1504,1.1508,0.90,6.80
2007.12.24 01:55:34.202,1.1503,1.1508,2.40,6.80
2007.12.24 01:55:34.279,1.1504,1.1508,0.80,6.80
2007.12.24 01:55:34.356,1.1503,1.1508,2.40,6.80
2007.12.24 01:55:34.435,1.1503,1.1508,2.40,6.80
2007.12.24 01:55:34.512,1.1503,1.1508,2.40,6.80
2007.12.24 01:55:34.589,1.1503,1.1508,2.40,6.80
2007.12.24 01:55:34.666,1.1504,1.1508,0.90,6.80
2007.12.24 01:55:34.745,1.1503,1.1508,2.40,6.80
2007.12.24 01:55:34.822,1.1504,1.1508,0.60,6.80
2007.12.24 01:55:34.913,1.1503,1.1508,2.40,6.80
2007.12.24 01:55:34.978,1.1504,1.1508,0.80,6.80
2007.12.24 01:55:35.055,1.1503,1.1508,2.40,6.80
2007.12.24 01:55:35.257,1.1503,1.1508,2.40,6.80
2007.12.24 01:55:35.460,1.1504,1.1508,0.80,6.80
2007.12.24 01:55:35.663,1.1503,1.1508,2.40,6.80
2007.12.24 01:55:35.865,1.1504,1.1508,0.50,6.80
2007.12.24 01:55:36.069,1.1504,1.1508,0.60,6.80
2007.12.24 01:55:36.166,1.1504,1.1508,1.00,6.80
2007.12.24 01:55:36.263,1.1504,1.1508,0.60,6.80
2007.12.24 01:55:36.361,1.1503,1.1508,2.40,6.80
2007.12.24 01:55:36.460,1.1503,1.1508,2.40,6.80
2007.12.24 01:55:36.557,1.1503,1.1508,2.40,6.80
2007.12.24 01:55:36.654,1.1504,1.1508,0.90,6.80
2007.12.24 01:55:36.753,1.1504,1.1508,0.60,6.80
2007.12.24 01:55:36.850,1.1503,1.1508,2.40,6.80
2007.12.24 01:55:36.948,1.1503,1.1508,2.40,6.80
2007.12.24 01:55:37.045,1.1504,1.1508,0.70,6.80
2007.12.24 01:55:37.203,1.1503,1.1508,2.40,6.80
2007.12.24 01:55:37.361,1.1504,1.1508,0.80,6.80
2007.12.24 01:55:37.518,1.1504,1.1508,0.80,6.80
2007.12.24 01:55:37.677,1.1503,1.1508,2.40,6.80
2007.12.24 01:55:37.834,1.1503,1.1508,2.40,6.80
2007.12.24 01:55:37.991,1.1503,1.1508,2.40,6.80
2007.12.24 01:55:38.149,1.1503,1.1508,2.40,6.80
2007.12.24 01:55:38.281,1.1503,1.1508,2.40,6.80
2007.12.24 01:55:38.414,1.1503,1.1508,2.40,6.80
2007.12.24 01:55:38.546,1.1504,1.1508,0.90,6.80
2007.12.24 01:55:38.679,1.1504,1.1508,0.60,6.80
2007.12.24 01:55:38.812,1.1503,1.1508,2.40,6.80
2007.12.24 01:55:38.945,1.1503,1.1508,2.40,6.80
2007.12.24 01:55:39.079,1.1503,1.1508,2.40,6.80
2007.12.24 01:55:39.212,1.1503,1.1508,2.40,6.80
2007.12.24 01:55:39.344,1.1503,1.1508,2.40,6.80
2007.12.24 01:55:39.476,1.1503,1.1508,2.40,6.80
2007.12.24 01:55:39.610,1.1504,1.1508,0.50,6.80
2007.12.24 01:55:39.742,1.1503,1.1508,2.40,6.80
2007.12.24 01:55:39.876,1.1503,1.1508,2.40,6.80
2007.12.24 01:55:40.008,1.1504,1.1508,0.90,6.80
2007.12.24 01:55:40.142,1.1503,1.1508,2.40,6.80
2007.12.24 01:55:40.274,1.1504,1.1508,0.60,6.80
2007.12.24 01:55:40.391,1.1504,1.1508,0.60,6.80
2007.12.24 01:55:40.509,1.1503,1.1508,2.40,6.80
2007.12.24 01:55:40.627,1.1503,1.1508,2.40,6.80
2007.12.24 01:55:40.744,1.1504,1.1508,0.80,6.80
2007.12.24 01:55:40.862,1.1503,1.1508,2.40,6.80
2007.12.24 01:55:40.980,1.1504,1.1508,0.60,6.80
2007.12.24 01:55:41.098,1.1504,1.1508,0.50,6.80
2007.12.24 01:55:41.215,1.1504,1.1508,0.90,6.80
2007.12.24 01:55:41.357,1.1503,1.1508,2.40,6.80
2007.12.24 01:55:41.500,1.1503,1.1508,2.40,6.80
2007.12.24 01:55:41.642,1.1503,1.1508,2.40,6.80
2007.12.24 01:55:41.785,1.1504,1.1508,0.90,6.80
2007.12.24 01:55:41.927,1.1503,1.1508,2.40,6.80
2007.12.24 01:55:42.069,1.1504,1.1508,0.70,6.80
2007.12.24 01:55:42.212,1.1504,1.1508,0.60,6.80
2007.12.24 01:55:42.331,1.1503,1.1508,2.40,6.80
2007.12.24 01:55:42.448,1.1503,1.1508,2.40,6.80
2007.12.24 01:55:42.565,1.1503,1.1508,2.40,6.80
2007.12.24 01:55:42.683,1.1503,1.1508,2.40,6.80
2007.12.24 01:55:42.801,1.1503,1.1508,2.40,6.80
2007.12.24 01:55:42.918,1.1504,1.1508,0.90,6.80
2007.12.24 01:55:43.035,1.1503,1.1508,2.40,6.80
2007.12.24 01:55:43.153,1.1503,1.1508,2.40,6.80
2007.12.24 01:55:43.271,1.1504,1.1508,0.60,6.80
2007.12.24 01:55:43.455,1.1504,1.1508,0.50,6.80
2007.12.24 01:55:43.637,1.1503,1.1508,2.40,6.80
2007.12.24 01:55:43.819,1.1503,1.1508,2.40,6.80
2007.12.24 01:55:44.002,1.1503,1.1508,2.40,6.80
2007.12.24 01:55:44.184,1.1503,1.1508,2.40,6.80
2007.12.24 01:55:44.368,1.1503,1.1508,2.40,6.80
2007.12.24 01:55:44.476,1.1504,1.1508,1.00,6.80
2007.12.24 01:55:44.583,1.1503,1.1508,2.40,6.80
2007.12.24 01:55:44.690,1.1503,1.1508,2.40,6.80
2007.12.24 01:55:44.798,1.1503,1.1508,2.40,6.80
2007.12.24 01:55:44.906,1.1503,1.1508,2.40,6.80
2007.12.24 01:55:45.013,1.1503,1.1508,2.40,6.80
2007.12.24 01:55:45.120,1.1504,1.1508,0.70,6.80
2007.12.24 01:55:45.228,1.1503,1.1508,2.40,6.80
2007.12.24 01:55:45.336,1.1503,1.1508,2.40,6.80
2007.12.24 01:55:45.464,1.1503,1.1508,2.40,6.80
2007.12.24 01:55:45.591,1.1504,1.1508,0.70,6.80
2007.12.24 01:55:45.731,1.1503,1.1508,2.40,6.80
2007.12.24 01:55:45.858,1.1503,1.1508,2.40,6.80
2007.12.24 01:55:45.985,1.1503,1.1508,2.40,6.80
2007.12.24 01:55:46.112,1.1504,1.1508,0.90,6.80
2007.12.24 01:55:46.240,1.1503,1.1508,2.40,6.80
2007.12.24 01:55:46.367,1.1503,1.1508,2.40,6.80
2007.12.24 01:55:46.540,1.1504,1.1508,0.90,6.80
2007.12.24 01:55:46.712,1.1504,1.1508,0.70,6.80
2007.12.24 01:55:46.885,1.1504,1.1508,0.80,6.80
2007.12.24 01:55:47.058,1.1504,1.1508,1.00,6.80
2007.12.24 01:55:47.231,1.1504,1.1508,0.60,6.80
2007.12.24 01:55:47.403,1.1503,1.1508,2.40,6.80
2007.12.24 01:55:47.496,1.1503,1.1508,2.40,6.80
2007.12.24 01:55:47.589,1.1504,1.1508,0.90,6.80
2007.12.24 01:55:47.681,1.1503,1.1508,2.40,6.80
2007.12.24 01:55:47.774,1.1503,1.1508,2.40,6.80
2007.12.24 01:55:47.866,1.1504,1.1508,0.70,6.80
2007.12.24 01:55:47.958,1.1503,1.1508,2.40,6.80
2007.12.24 01:55:48.051,1.1504,1.1508,0.60,6.80
2007.12.24 01:55:48.144,1.1503,1.1508,2.40,6.80
2007.12.24 01:55:48.236,1.1503,1.1508,2.40,6.80
2007.12.24 01:55:48.329,1.1504,1.1508,0.90,6.80
2007.12.24 01:55:48.422,1.1504,1.1508,0.70,6.80
2007.12.24 01:55:48.579,1.1503,1.1508,2.40,6.80
2007.12.24 01:55:48.737,1.1503,1.1508,2.40,6.80
2007.12.24 01:55:48.894,1.1503,1.1508,2.40,6.80
2007.12.24 01:55:49.052,1.1503,1.1508,2.40,6.80
2007.12.24 01:55:49.210,1.1503,1.1508,2.40,6.80
2007.12.24 01:55:49.367,1.1503,1.1508,2.40,6.80
2007.12.24 01:55:49.524,1.1504,1.1508,0.50,6.80
2007.12.24 01:55:49.627,1.1503,1.1508,2.40,6.80
2007.12.24 01:55:49.729,1.1503,1.1508,2.40,6.80
2007.12.24 01:55:49.843,1.1503,1.1508,2.40,6.80
2007.12.24 01:55:49.946,1.1503,1.1508,2.40,6.80
2007.12.24 01:55:50.048,1.1503,1.1508,2.40,6.80
2007.12.24 01:55:50.151,1.1504,1.1508,0.50,6.80
2007.12.24 01:55:50.254,1.1503,1.1508,2.40,6.80
2007.12.24 01:55:50.357,1.1504,1.1508,0.80,6.80
2007.12.24 01:55:50.459,1.1504,1.1508,0.90,6.80
2007.12.24 01:55:50.561,1.1503,1.1508,2.40,6.80
2007.12.24 01:55:50.704,1.1503,1.1508,2.40,6.80
2007.12.24 01:55:50.846,1.1504,1.1508,1.00,6.80
2007.12.24 01:55:50.989,1.1503,1.1508,2.40,6.80
2007.12.24 01:55:51.131,1.1503,1.1508,2.40,6.80
2007.12.24 01:55:51.274,1.1504,1.1508,0.90,6.80
2007.12.24 01:55:51.416,1.1504,1.1508,1.20,6.80
2007.12.24 01:55:51.559,1.1504,1.1508,1.20,6.80
2007.12.24 01:55:51.671,1.1504,1.1508,1.20,6.80
2007.12.24 01:55:51.783,1.1504,1.1508,1.20,6.80
2007.12.24 01:55:51.909,1.1504,1.1508,1.20,6.80
2007.12.24 01:55:52.021,1.1504,1.1508,1.20,6.80
2007.12.24 01:55:52.134,1.1504,1.1508,1.20,6.80
2007.12.24 01:55:52.247,1.1504,1.1508,1.20,6.80
2007.12.24 01:55:52.359,1.1504,1.1508,1.20,6.80
2007.12.24 01:55:52.471,1.1504,1.1508,1.20,6.80
2007.12.24 01:55:52.584,1.1504,1.1508,1.20,6.80
2007.12.24 01:55:52.717,1.1504,1.1508,1.20,6.80
2007.12.24 01:55:52.850,1.1504,1.1508,1.20,6.80
2007.12.24 01:55:52.982,1.1504,1.1508,1.20,6.80
2007.12.24 01:55:53.115,1.1504,1.1508,1.20,6.80
2007.12.24 01:55:53.247,1.1504,1.1508,1.20,6.80
2007.12.24 01:55:53.379,1.1504,1.1508,1.20,6.80
2007.12.24 01:55:53.512,1.1504,1.1508,1.20,6.80
2007.12.24 01:55:53.645,1.1504,1.1508,1.20,6.80
2007.12.24 01:55:53.757,1.1504,1.1508,1.20,6.80
2007.12.24 01:55:53.870,1.1504,1.1508,1.20,6.80
2007.12.24 01:55:53.994,1.1504,1.1508,1.20,6.80
2007.12.24 01:55:54.095,1.1504,1.1508,1.20,6.80
2007.12.24 01:55:54.207,1.1504,1.1508,1.20,6.80
2007.12.24 01:55:54.319,1.1504,1.1508,1.20,6.80
2007.12.24 01:55:54.432,1.1504,1.1508,1.20,6.80
2007.12.24 01:55:54.545,1.1504,1.1508,1.20,6.80
2007.12.24 01:55:54.658,1.1504,1.1508,1.20,6.80
2007.12.24 01:55:54.790,1.1504,1.1508,1.20,6.80
2007.12.24 01:55:54.935,1.1504,1.1508,1.20,6.80
2007.12.24 01:55:55.056,1.1504,1.1508,1.20,6.80
2007.12.24 01:55:55.189,1.1504,1.1508,1.20,6.80
2007.12.24 01:55:55.321,1.1504,1.1508,1.20,6.80
2007.12.24 01:55:55.453,1.1504,1.1508,1.20,6.80
2007.12.24 01:55:55.585,1.1504,1.1508,1.20,6.80
2007.12.24 01:55:55.717,1.1504,1.1508,1.20,6.80
2007.12.24 01:55:55.840,1.1504,1.1508,1.20,6.80
2007.12.24 01:55:55.963,1.1504,1.1508,1.20,6.80
2007.12.24 01:55:56.086,1.1504,1.1508,1.20,6.80
2007.12.24 01:55:56.208,1.1504,1.1508,1.20,6.80
2007.12.24 01:55:56.331,1.1504,1.1508,1.20,6.80
2007.12.24 01:55:56.453,1.1504,1.1508,1.20,6.80
2007.12.24 01:55:56.576,1.1504,1.1508,1.20,6.80
2007.12.24 01:55:56.698,1.1504,1.1507,0.80,0.50
2007.12.24 01:55:56.841,1.1504,1.1507,0.80,0.50
2007.12.24 01:55:56.984,1.1504,1.1507,0.80,0.50
2007.12.24 01:55:57.127,1.1504,1.1507,0.80,0.50
2007.12.24 01:55:57.269,1.1504,1.1507,0.80,0.50
2007.12.24 01:55:57.412,1.1504,1.1507,0.80,0.50
2007.12.24 01:55:57.554,1.1504,1.1507,0.80,0.50
2007.12.24 01:55:57.696,1.1504,1.1507,0.80,0.50
2007.12.24 01:55:57.821,1.1504,1.1508,1.20,6.80
2007.12.24 01:55:57.934,1.1504,1.1508,1.20,4.40
2007.12.24 01:55:58.047,1.1504,1.1508,1.20,4.40
2007.12.24 01:55:58.160,1.1504,1.1508,1.20,4.40
2007.12.24 01:55:58.273,1.1504,1.1508,1.20,4.40
2007.12.24 01:55:58.386,1.1504,1.1508,1.20,4.40
2007.12.24 01:55:58.499,1.1504,1.1508,1.20,0.50
2007.12.24 01:55:58.611,1.1504,1.1508,1.20,0.50
2007.12.24 01:55:58.725,1.1504,1.1508,1.20,0.50
2007.12.24 01:55:58.972,1.1504,1.1508,1.20,0.50
2007.12.24 01:55:59.220,1.1504,1.1508,1.20,0.50
2007.12.24 01:55:59.467,1.1504,1.1508,1.20,0.50
2007.12.24 01:55:59.715,1.1504,1.1508,1.20,0.50
2007.12.24 01:55:59.963,1.1504,1.1508,1.20,0.50
2007.12.24 01:56:00.065,1.1504,1.1508,1.20,0.50
2007.12.24 01:56:00.168,1.1504,1.1508,1.20,0.50
2007.12.24 01:56:00.270,1.1504,1.1508,1.20,0.50
2007.12.24 01:56:00.373,1.1504,1.1508,1.20,0.50
2007.12.24 01:56:00.475,1.1504,1.1508,1.20,0.50
2007.12.24 01:56:00.578,1.1504,1.1508,1.20,0.50
2007.12.24 01:56:00.680,1.1504,1.1508,1.20,0.50
2007.12.24 01:56:00.782,1.1504,1.1508,1.20,0.50
2007.12.24 01:56:00.884,1.1504,1.1508,1.20,0.50
2007.12.24 01:56:01.021,1.1504,1.1508,1.20,0.50
2007.12.24 01:56:01.159,1.1504,1.1508,1.20,0.50
2007.12.24 01:56:01.297,1.1504,1.1508,1.20,0.50
2007.12.24 01:56:01.435,1.1504,1.1508,1.20,0.50
2007.12.24 01:56:01.572,1.1504,1.1508,1.20,0.50
2007.12.24 01:56:01.719,1.1504,1.1508,1.20,0.50
2007.12.24 01:56:01.856,1.1504,1.1508,1.20,0.50
2007.12.24 01:56:02.009,1.1504,1.1508,1.20,0.50
2007.12.24 01:56:02.162,1.1504,1.1508,1.20,0.50
2007.12.24 01:56:02.314,1.1504,1.1508,1.20,0.50
2007.12.24 01:56:02.466,1.1504,1.1508,1.20,0.50
2007.12.24 01:56:02.619,1.1504,1.1508,1.20,0.50
2007.12.24 01:56:02.772,1.1504,1.1508,1.20,0.50
2007.12.24 01:56:02.925,1.1504,1.1508,1.20,0.50
2007.12.24 01:56:03.088,1.1504,1.1508,1.20,0.50
2007.12.24 01:56:03.251,1.1504,1.1508,1.20,0.50
2007.12.24 01:56:03.413,1.1504,1.1508,1.20,0.50
2007.12.24 01:56:03.575,1.1504,1.1508,1.20,0.50
2007.12.24 01:56:03.738,1.1504,1.1508,1.20,0.50
2007.12.24 01:56:03.901,1.1504,1.1508,1.20,0.50
2007.12.24 01:56:04.014,1.1504,1.1508,1.20,0.50
2007.12.24 01:56:04.127,1.1504,1.1508,1.20,0.50
2007.12.24 01:56:04.239,1.1504,1.1508,1.20,0.50
2007.12.24 01:56:04.352,1.1504,1.1508,1.20,0.50
2007.12.24 01:56:04.465,1.1504,1.1508,1.20,0.50
2007.12.24 01:56:04.577,1.1504,1.1508,1.20,0.50
2007.12.24 01:56:04.690,1.1504,1.1508,1.20,0.50
2007.12.24 01:56:04.803,1.1504,1.1508,1.20,0.50
2007.12.24 01:56:04.916,1.1504,1.1508,1.20,0.50
2007.12.24 01:56:05.081,1.1504,1.1508,1.20,0.50
2007.12.24 01:56:05.238,1.1504,1.1508,1.20,0.50
2007.12.24 01:56:05.396,1.1504,1.1508,1.20,0.50
2007.12.24 01:56:05.553,1.1504,1.1508,1.20,0.50
2007.12.24 01:56:05.712,1.1504,1.1508,1.20,0.50
2007.12.24 01:56:05.869,1.1504,1.1508,1.20,0.50
2007.12.24 01:56:06.027,1.1504,1.1508,1.20,0.50
2007.12.24 01:56:06.180,1.1504,1.1508,1.20,0.50
2007.12.24 01:56:06.332,1.1504,1.1508,1.20,0.50
2007.12.24 01:56:06.497,1.1504,1.1508,1.20,0.50
2007.12.24 01:56:06.637,1.1504,1.1508,1.20,0.50
2007.12.24 01:56:06.790,1.1504,1.1508,1.20,0.50
2007.12.24 01:56:06.943,1.1504,1.1508,1.20,0.50
2007.12.24 01:56:07.096,1.1504,1.1508,1.20,0.50
2007.12.24 01:56:07.213,1.1504,1.1508,1.20,0.50
2007.12.24 01:56:07.332,1.1504,1.1508,1.20,0.50
2007.12.24 01:56:07.448,1.1504,1.1508,1.20,0.50
2007.12.24 01:56:07.566,1.1504,1.1508,1.20,0.50
2007.12.24 01:56:07.684,1.1504,1.1508,1.20,0.50
2007.12.24 01:56:07.803,1.1504,1.1508,1.20,0.50
2007.12.24 01:56:07.920,1.1504,1.1508,1.20,0.50
2007.12.24 01:56:08.037,1.1504,1.1508,1.20,0.50
2007.12.24 01:56:08.175,1.1504,1.1508,1.20,0.50
2007.12.24 01:56:08.313,1.1504,1.1508,1.20,0.50
2007.12.24 01:56:08.450,1.1504,1.1508,1.20,0.50
2007.12.24 01:56:08.587,1.1504,1.1508,1.20,0.50
2007.12.24 01:56:08.739,1.1504,1.1508,1.20,0.50
2007.12.24 01:56:08.876,1.1504,1.1508,1.20,0.50
2007.12.24 01:56:09.014,1.1504,1.1508,1.20,0.50
2007.12.24 01:56:09.151,1.1504,1.1508,1.20,0.50
2007.12.24 01:56:09.273,1.1504,1.1508,1.20,0.50
2007.12.24 01:56:09.396,1.1504,1.1508,1.20,0.50
2007.12.24 01:56:09.519,1.1504,1.1508,1.20,0.50
2007.12.24 01:56:09.642,1.1504,1.1508,1.20,0.50
2007.12.24 01:56:09.764,1.1504,1.1508,1.20,0.50
2007.12.24 01:56:09.887,1.1504,1.1508,1.20,0.50
2007.12.24 01:56:10.010,1.1504,1.1508,1.20,0.50
2007.12.24 01:56:10.133,1.1504,1.1508,1.20,0.50
2007.12.24 01:56:10.256,1.1504,1.1508,1.20,0.50
2007.12.24 01:56:10.379,1.1504,1.1508,1.20,0.50
2007.12.24 01:56:10.503,1.1504,1.1508,1.20,0.50
2007.12.24 01:56:10.625,1.1504,1.1508,1.20,0.50
2007.12.24 01:56:10.747,1.1504,1.1508,1.20,0.50
2007.12.24 01:56:10.869,1.1504,1.1508,1.20,0.50
2007.12.24 01:56:10.992,1.1504,1.1508,1.20,0.50
2007.12.24 01:56:11.126,1.1504,1.1508,1.20,0.50
2007.12.24 01:56:11.249,1.1504,1.1508,1.20,0.50
2007.12.24 01:56:11.371,1.1504,1.1508,1.20,0.50
2007.12.24 01:56:11.494,1.1504,1.1508,1.20,0.50
2007.12.24 01:56:11.617,1.1504,1.1508,1.20,0.50
2007.12.24 01:56:11.740,1.1504,1.1508,1.20,0.50
2007.12.24 01:56:11.875,1.1504,1.1508,1.20,0.50
2007.12.24 01:56:11.986,1.1504,1.1508,1.20,0.50
2007.12.24 01:56:12.109,1.1504,1.1508,1.20,0.50
2007.12.24 01:56:12.232,1.1504,1.1508,1.20,0.50
2007.12.24 01:56:12.349,1.1504,1.1508,1.20,0.50
2007.12.24 01:56:12.467,1.1504,1.1508,1.20,0.50
2007.12.24 01:56:12.593,1.1504,1.1508,1.20,0.50
2007.12.24 01:56:12.711,1.1504,1.1508,1.20,0.50
2007.12.24 01:56:12.829,1.1504,1.1508,1.20,0.50
2007.12.24 01:56:12.947,1.1504,1.1508,1.20,0.50
2007.12.24 01:56:13.064,1.1504,1.1508,1.20,0.50
2007.12.24 01:56:13.181,1.1504,1.1508,1.20,0.50
2007.12.24 01:56:13.299,1.1504,1.1508,1.20,0.50
2007.12.24 01:56:13.498,1.1504,1.1508,1.20,0.50
2007.12.24 01:56:13.694,1.1504,1.1508,1.20,0.50
2007.12.24 01:56:13.904,1.1504,1.1508,1.20,0.50
2007.12.24 01:56:14.090,1.1504,1.1508,1.20,0.50
2007.12.24 01:56:14.288,1.1504,1.1508,1.20,0.50
2007.12.24 01:56:14.371,1.1504,1.1508,1.20,0.50
2007.12.24 01:56:14.454,1.1504,1.1508,1.20,0.50
2007.12.24 01:56:14.536,1.1504,1.1508,1.20,0.50
2007.12.24 01:56:14.619,1.1504,1.1508,1.20,0.50
2007.12.24 01:56:14.714,1.1504,1.1508,1.20,0.50
2007.12.24 01:56:14.796,1.1504,1.1508,1.20,0.50
2007.12.24 01:56:14.879,1.1504,1.1508,1.20,0.50
2007.12.24 01:56:14.961,1.1504,1.1508,1.20,0.50
2007.12.24 01:56:15.043,1.1504,1.1508,1.20,0.50
2007.12.24 01:56:15.125,1.1504,1.1508,1.20,0.50
2007.12.24 01:56:15.208,1.1504,1.1508,1.20,0.50
2007.12.24 01:56:15.291,1.1504,1.1508,1.20,0.50
2007.12.24 01:56:15.468,1.1504,1.1508,1.20,0.50
2007.12.24 01:56:15.646,1.1504,1.1508,1.20,0.50
2007.12.24 01:56:15.824,1.1504,1.1508,1.20,0.50
2007.12.24 01:56:16.001,1.1504,1.1508,1.20,0.50
2007.12.24 01:56:16.179,1.1504,1.1508,1.20,0.50
2007.12.24 01:56:16.357,1.1504,1.1508,1.20,0.50
2007.12.24 01:56:16.475,1.1504,1.1508,1.20,0.50
2007.12.24 01:56:16.592,1.1504,1.1508,1.20,0.50
2007.12.24 01:56:16.710,1.1504,1.1508,1.20,0.50
2007.12.24 01:56:16.828,1.1504,1.1508,1.20,0.50
2007.12.24 01:56:16.946,1.1504,1.1508,1.20,0.50
2007.12.24 01:56:17.063,1.1504,1.1508,1.20,0.50
2007.12.24 01:56:17.181,1.1504,1.1508,1.20,0.50
2007.12.24 01:56:17.310,1.1504,1.1508,1.20,0.50
2007.12.24 01:56:17.415,1.1504,1.1508,1.20,0.50
2007.12.24 01:56:17.598,1.1504,1.1508,1.20,0.50
2007.12.24 01:56:17.781,1.1504,1.1508,1.20,0.50
2007.12.24 01:56:17.963,1.1504,1.1508,1.20,0.50
2007.12.24 01:56:18.146,1.1504,1.1508,1.20,0.50
2007.12.24 01:56:18.328,1.1504,1.1508,1.20,0.50
2007.12.24 01:56:18.511,1.1504,1.1508,1.20,0.50
2007.12.24 01:56:18.670,1.1504,1.1508,1.20,0.50
2007.12.24 01:56:18.818,1.1504,1.1508,1.20,0.50
2007.12.24 01:56:18.966,1.1504,1.1508,1.20,0.50
2007.12.24 01:56:19.113,1.1504,1.1508,1.20,0.50
2007.12.24 01:56:19.261,1.1504,1.1508,1.20,0.50
2007.12.24 01:56:19.409,1.1504,1.1508,1.20,0.50
2007.12.24 01:56:19.556,1.1504,1.1508,1.20,0.50
2007.12.24 01:56:19.669,1.1504,1.1508,1.20,0.50
2007.12.24 01:56:19.782,1.1504,1.1508,1.20,0.50
2007.12.24 01:56:19.894,1.1504,1.1508,1.20,0.50
2007.12.24 01:56:20.006,1.1504,1.1508,1.20,0.50
2007.12.24 01:56:20.120,1.1504,1.1508,1.20,0.50
2007.12.24 01:56:20.233,1.1504,1.1508,1.20,0.50
2007.12.24 01:56:20.346,1.1504,1.1508,1.20,0.50
2007.12.24 01:56:20.458,1.1504,1.1508,1.20,0.50
2007.12.24 01:56:20.585,1.1504,1.1508,1.20,0.50
2007.12.24 01:56:20.713,1.1504,1.1508,1.20,0.50
2007.12.24 01:56:20.847,1.1504,1.1508,1.20,0.50
2007.12.24 01:56:20.974,1.1504,1.1508,1.20,0.50
2007.12.24 01:56:21.101,1.1504,1.1508,1.20,0.50
2007.12.24 01:56:21.229,1.1504,1.1508,1.20,0.50
2007.12.24 01:56:21.357,1.1504,1.1508,1.20,0.50
2007.12.24 01:56:21.484,1.1504,1.1508,1.20,0.50
2007.12.24 01:56:21.637,1.1504,1.1508,1.20,0.50
2007.12.24 01:56:21.790,1.1504,1.1508,1.20,0.50
2007.12.24 01:56:21.943,1.1504,1.1508,1.20,0.50
2007.12.24 01:56:22.096,1.1504,1.1508,1.20,0.50
2007.12.24 01:56:22.248,1.1504,1.1508,1.20,0.50
2007.12.24 01:56:22.402,1.1504,1.1508,1.20,0.50
2007.12.24 01:56:22.555,1.1504,1.1508,1.20,0.50
2007.12.24 01:56:22.673,1.1504,1.1508,1.20,0.50
2007.12.24 01:56:22.791,1.1504,1.1508,1.20,0.50
2007.12.24 01:56:22.908,1.1504,1.1508,1.20,0.50
2007.12.24 01:56:23.025,1.1504,1.1508,1.20,0.50
2007.12.24 01:56:23.142,1.1504,1.1508,1.20,0.50
2007.12.24 01:56:23.260,1.1504,1.1508,1.20,0.50
2007.12.24 01:56:23.378,1.1504,1.1508,1.20,0.50
2007.12.24 01:56:23.496,1.1504,1.1508,1.20,0.50
2007.12.24 01:56:23.613,1.1504,1.1508,1.20,0.50
2007.12.24 01:56:23.741,1.1504,1.1508,1.20,0.50
2007.12.24 01:56:23.878,1.1504,1.1508,1.20,0.50
2007.12.24 01:56:24.005,1.1504,1.1508,1.20,0.50
2007.12.24 01:56:24.132,1.1504,1.1508,1.20,0.50
2007.12.24 01:56:24.260,1.1504,1.1508,1.20,0.50
2007.12.24 01:56:24.387,1.1504,1.1508,1.20,0.50
2007.12.24 01:56:24.515,1.1504,1.1508,1.20,0.50
2007.12.24 01:56:24.643,1.1504,1.1508,1.20,0.50
2007.12.24 01:56:24.760,1.1504,1.1508,1.20,0.50
2007.12.24 01:56:24.878,1.1504,1.1508,1.20,0.50
2007.12.24 01:56:24.996,1.1504,1.1508,1.20,0.50
2007.12.24 01:56:25.114,1.1504,1.1508,1.20,0.50
2007.12.24 01:56:25.231,1.1504,1.1508,1.20,0.50
2007.12.24 01:56:25.349,1.1504,1.1508,1.20,0.50
2007.12.24 01:56:25.458,1.1504,1.1508,1.20,0.50
2007.12.24 01:56:25.467,1.1504,1.1509,1.20,13.70
2007.12.24 01:56:25.585,1.1504,1.1508,1.20,0.50
2007.12.24 01:56:25.703,1.1504,1.1509,1.20,13.70
2007.12.24 01:56:25.831,1.1504,1.1508,1.20,0.50
2007.12.24 01:56:25.959,1.1504,1.1509,1.20,13.70
2007.12.24 01:56:26.086,1.1504,1.1509,1.20,13.70
2007.12.24 01:56:26.214,1.1504,1.1509,1.20,13.70
2007.12.24 01:56:26.342,1.1504,1.1509,1.20,13.70
2007.12.24 01:56:26.469,1.1504,1.1508,1.20,0.50
2007.12.24 01:56:26.596,1.1504,1.1509,1.20,13.70
2007.12.24 01:56:26.724,1.1504,1.1509,1.20,13.70
2007.12.24 01:56:26.842,1.1504,1.1508,1.20,0.50
2007.12.24 01:56:26.959,1.1504,1.1508,1.20,0.50
2007.12.24 01:56:27.077,1.1504,1.1509,1.20,13.70
2007.12.24 01:56:27.195,1.1504,1.1508,1.20,0.50
2007.12.24 01:56:27.313,1.1504,1.1508,1.20,0.50
2007.12.24 01:56:27.430,1.1504,1.1508,1.20,0.50
2007.12.24 01:56:27.547,1.1504,1.1509,1.20,13.70
2007.12.24 01:56:27.666,1.1504,1.1508,1.20,0.50
2007.12.24 01:56:27.809,1.1504,1.1509,1.20,13.70
2007.12.24 01:56:27.951,1.1504,1.1509,1.20,13.70
2007.12.24 01:56:28.093,1.1504,1.1508,1.20,0.50
2007.12.24 01:56:28.235,1.1504,1.1509,1.20,13.70
2007.12.24 01:56:28.379,1.1504,1.1509,1.20,13.70
2007.12.24 01:56:28.521,1.1504,1.1509,1.20,5.70
2007.12.24 01:56:28.665,1.1504,1.1508,1.20,0.50
2007.12.24 01:56:28.838,1.1504,1.1509,1.20,5.70
2007.12.24 01:56:29.010,1.1504,1.1508,1.20,0.50
2007.12.24 01:56:29.182,1.1504,1.1509,1.20,5.70
2007.12.24 01:56:29.355,1.1504,1.1508,1.20,0.50
2007.12.24 01:56:29.527,1.1504,1.1509,1.20,5.70
2007.12.24 01:56:29.699,1.1504,1.1508,1.20,0.50
2007.12.24 01:56:29.873,1.1504,1.1508,1.20,0.50
2007.12.24 01:56:29.960,1.1504,1.1509,1.20,5.70
2007.12.24 01:56:30.047,1.1504,1.1509,1.20,5.70
2007.12.24 01:56:30.136,1.1504,1.1509,1.20,5.70
2007.12.24 01:56:30.224,1.1504,1.1508,1.20,0.50
2007.12.24 01:56:30.311,1.1504,1.1509,1.20,5.70
2007.12.24 01:56:30.398,1.1504,1.1508,1.20,0.50
2007.12.24 01:56:30.485,1.1504,1.1509,1.20,5.70
2007.12.24 01:56:30.572,1.1504,1.1509,1.20,5.70
2007.12.24 01:56:30.661,1.1504,1.1509,1.20,5.70
2007.12.24 01:56:30.748,1.1504,1.1508,1.20,0.50
2007.12.24 01:56:30.910,1.1504,1.1509,1.20,5.70
2007.12.24 01:56:31.072,1.1504,1.1508,1.20,0.50
2007.12.24 01:56:31.236,1.1504,1.1509,1.20,5.70
2007.12.24 01:56:31.398,1.1504,1.1509,1.20,5.70
2007.12.24 01:56:31.560,1.1504,1.1509,1.20,5.70
2007.12.24 01:56:31.722,1.1504,1.1509,1.20,5.70
2007.12.24 01:56:31.816,1.1504,1.1508,1.20,0.50
2007.12.24 01:56:31.908,1.1504,1.1508,1.20,0.50
2007.12.24 01:56:32.000,1.1504,1.1509,1.20,5.70
2007.12.24 01:56:32.092,1.1504,1.1508,1.20,0.50
2007.12.24 01:56:32.186,1.1504,1.1509,1.20,5.70
2007.12.24 01:56:32.278,1.1504,1.1508,1.20,0.50
2007.12.24 01:56:32.370,1.1504,1.1509,1.20,5.70
2007.12.24 01:56:32.462,1.1504,1.1509,1.20,5.70
2007.12.24 01:56:32.556,1.1504,1.1508,1.20,0.50
2007.12.24 01:56:32.649,1.1504,1.1509,1.20,5.70
2007.12.24 01:56:32.741,1.1504,1.1509,1.20,5.70
2007.12.24 01:56:32.833,1.1504,1.1509,1.20,5.70
2007.12.24 01:56:33.017,1.1504,1.1508,1.20,0.50
2007.12.24 01:56:33.199,1.1504,1.1509,1.20,5.70
2007.12.24 01:56:33.394,1.1504,1.1509,1.20,5.70
2007.12.24 01:56:33.576,1.1504,1.1509,1.20,5.70
2007.12.24 01:56:33.758,1.1504,1.1509,1.20,5.70
2007.12.24 01:56:33.850,1.1504,1.1509,1.20,5.70
2007.12.24 01:56:33.943,1.1504,1.1509,1.20,5.70
2007.12.24 01:56:34.035,1.1504,1.1508,1.20,0.50
2007.12.24 01:56:34.128,1.1504,1.1509,1.20,5.70
2007.12.24 01:56:34.221,1.1504,1.1508,1.20,0.50
2007.12.24 01:56:34.313,1.1504,1.1508,1.20,0.50
2007.12.24 01:56:34.405,1.1504,1.1508,1.20,0.50
2007.12.24 01:56:34.499,1.1504,1.1509,1.20,5.70
2007.12.24 01:56:34.591,1.1504,1.1508,1.20,0.50
2007.12.24 01:56:34.683,1.1504,1.1509,1.20,5.70
2007.12.24 01:56:34.777,1.1504,1.1508,1.20,0.50
2007.12.24 01:56:34.869,1.1504,1.1508,1.20,0.50
2007.12.24 01:56:35.021,1.1504,1.1508,1.20,0.50
2007.12.24 01:56:35.174,1.1504,1.1508,1.20,0.50
2007.12.24 01:56:35.326,1.1504,1.1509,1.20,5.70
2007.12.24 01:56:35.479,1.1504,1.1508,1.20,0.50
2007.12.24 01:56:35.630,1.1504,1.1509,1.20,5.70
2007.12.24 01:56:35.783,1.1504,1.1508,1.20,0.50
2007.12.24 01:56:35.935,1.1504,1.1509,1.20,5.70
2007.12.24 01:56:36.038,1.1504,1.1508,1.20,0.50
2007.12.24 01:56:36.140,1.1504,1.1509,1.20,5.70
2007.12.24 01:56:36.243,1.1504,1.1508,1.20,0.50
2007.12.24 01:56:36.345,1.1504,1.1509,1.20,5.70
2007.12.24 01:56:36.448,1.1504,1.1508,1.20,0.50
2007.12.24 01:56:36.551,1.1504,1.1508,1.20,0.50
2007.12.24 01:56:36.653,1.1504,1.1509,1.20,5.70
2007.12.24 01:56:36.755,1.1504,1.1509,1.20,5.70
2007.12.24 01:56:36.857,1.1504,1.1509,1.20,5.70
2007.12.24 01:56:36.994,1.1504,1.1509,1.20,5.70
2007.12.24 01:56:37.132,1.1504,1.1509,1.20,5.70
2007.12.24 01:56:37.270,1.1504,1.1509,1.20,5.70
2007.12.24 01:56:37.407,1.1504,1.1509,1.20,5.70
2007.12.24 01:56:37.545,1.1504,1.1509,1.20,5.70
2007.12.24 01:56:37.682,1.1504,1.1509,1.20,5.70
2007.12.24 01:57:19.281,1.1503,1.151,2.40,0.50
2007.12.24 01:57:19.424,1.1504,1.151,0.70,8.40
2007.12.24 01:57:19.567,1.1504,1.151,0.70,8.40
2007.12.24 01:57:19.709,1.15035,1.151,9.20,8.40
2007.12.24 01:57:19.852,1.1504,1.151,0.70,8.40
2007.12.24 01:57:20.054,1.15035,1.151,9.20,8.40
2007.12.24 01:57:20.257,1.15035,1.151,9.20,8.40
2007.12.24 01:57:20.459,1.15035,1.151,9.20,8.40
2007.12.24 01:57:20.662,1.1504,1.151,0.70,8.40
2007.12.24 01:57:20.864,1.1504,1.151,0.50,8.40
2007.12.24 01:57:20.971,1.15035,1.151,9.20,8.40
2007.12.24 01:57:21.079,1.15035,1.151,9.20,8.40
2007.12.24 01:57:21.192,1.15035,1.151,9.20,8.40
2007.12.24 01:57:21.300,1.15035,1.1509,9.20,0.50
2007.12.24 01:57:21.408,1.1503,1.1509,10.40,0.50
2007.12.24 01:57:21.515,1.1503,1.1509,10.40,0.50
2007.12.24 01:57:21.623,1.1503,1.1509,10.40,0.50
2007.12.24 01:57:21.731,1.1503,1.1509,10.40,0.50
2007.12.24 01:57:21.838,1.1504,1.1509,0.70,0.50
2007.12.24 01:57:21.946,1.1504,1.1509,0.90,0.50
2007.12.24 01:57:22.144,1.1503,1.1509,10.40,0.50
2007.12.24 01:57:22.342,1.1504,1.1509,0.60,0.50
2007.12.24 01:57:22.539,1.1503,1.1509,10.40,0.50
2007.12.24 01:57:22.737,1.1503,1.1509,10.40,0.50
2007.12.24 01:57:22.935,1.1504,1.1509,0.90,0.50
2007.12.24 01:57:23.033,1.1503,1.1509,10.40,0.50
2007.12.24 01:57:23.130,1.1503,1.1509,10.40,0.50
2007.12.24 01:57:23.228,1.1504,1.1509,0.80,0.50
2007.12.24 01:57:23.326,1.1504,1.1509,0.70,0.50
2007.12.24 01:57:23.423,1.1504,1.1509,0.90,0.50
2007.12.24 01:57:23.521,1.1504,1.1509,0.70,0.50
2007.12.24 01:57:23.618,1.1504,1.1509,0.60,0.50
2007.12.24 01:57:23.715,1.1503,1.1509,10.40,0.50
2007.12.24 01:57:23.813,1.1504,1.1509,0.50,0.50
2007.12.24 01:57:23.911,1.1503,1.1509,10.40,0.50
2007.12.24 01:57:24.008,1.1503,1.1509,10.40,0.50
2007.12.24 01:57:24.156,1.1503,1.1509,10.40,0.50
2007.12.24 01:57:24.304,1.1503,1.1509,10.40,0.50
2007.12.24 01:57:24.451,1.1503,1.1509,10.40,0.50
2007.12.24 01:57:24.599,1.1503,1.1509,10.40,0.50
2007.12.24 01:57:24.747,1.1504,1.1509,0.80,0.50
2007.12.24 01:57:24.895,1.1503,1.1509,10.40,0.50
2007.12.24 01:57:25.042,1.1503,1.1509,10.40,0.50
2007.12.24 01:57:25.150,1.1503,1.1509,10.40,0.50
2007.12.24 01:57:25.258,1.1503,1.1509,10.40,0.50
2007.12.24 01:57:25.365,1.1503,1.1509,10.40,0.50
2007.12.24 01:57:25.473,1.1503,1.1509,10.40,0.50
2007.12.24 01:57:25.581,1.1504,1.1509,0.70,0.50
2007.12.24 01:57:25.688,1.1503,1.1509,10.40,0.50
2007.12.24 01:57:25.796,1.1504,1.1509,1.00,0.50
2007.12.24 01:57:25.904,1.1503,1.1509,10.40,0.50
2007.12.24 01:57:26.011,1.1504,1.1509,1.00,0.50
2007.12.24 01:57:26.154,1.15035,1.1509,9.20,0.50
2007.12.24 01:57:26.298,1.1504,1.1509,2.50,0.50
2007.12.24 01:57:26.441,1.1505,1.1509,0.50,0.50
2007.12.24 01:57:26.584,1.1505,1.1509,0.50,0.50
2007.12.24 01:57:26.726,1.1505,1.1509,0.50,0.50
2007.12.24 01:57:26.869,1.1505,1.1509,0.50,0.50
2007.12.24 01:57:27.012,1.1504,1.1509,2.50,0.50
2007.12.24 01:57:27.154,1.1505,1.1509,0.50,0.50
2007.12.24 01:57:27.327,1.1504,1.1509,2.50,0.50
2007.12.24 01:57:27.500,1.1504,1.1509,2.50,0.50
2007.12.24 01:57:27.673,1.1504,1.1509,2.50,0.50
2007.12.24 01:57:27.845,1.1505,1.1509,0.50,0.50
2007.12.24 01:57:28.018,1.1504,1.1509,2.50,0.50
2007.12.24 01:57:28.191,1.1505,1.1509,0.50,0.50
2007.12.24 01:57:28.289,1.1505,1.1509,0.50,0.50
2007.12.24 01:57:28.386,1.1504,1.1509,2.50,0.50
2007.12.24 01:57:28.484,1.1505,1.1509,0.50,0.50
2007.12.24 01:57:28.582,1.1505,1.1509,0.50,0.50
2007.12.24 01:57:28.679,1.1505,1.1509,0.50,0.50
2007.12.24 01:57:28.776,1.1505,1.1509,0.50,0.50
2007.12.24 01:57:28.875,1.1504,1.1509,2.50,0.50
2007.12.24 01:57:28.972,1.1504,1.1509,2.50,0.50
2007.12.24 01:57:29.070,1.1505,1.1509,0.50,0.50
2007.12.24 01:57:29.168,1.1504,1.1509,2.50,0.50
2007.12.24 01:57:29.315,1.1504,1.1509,2.50,0.50
2007.12.24 01:57:29.463,1.1505,1.1509,0.50,0.50
2007.12.24 01:57:29.610,1.1505,1.1509,0.50,0.50
2007.12.24 01:57:29.758,1.1505,1.1509,0.50,0.50
2007.12.24 01:57:29.905,1.1505,1.1509,0.50,0.50
2007.12.24 01:57:30.053,1.1505,1.1509,0.50,0.50
2007.12.24 01:57:30.200,1.1505,1.1509,0.50,0.50
2007.12.24 01:57:30.313,1.1505,1.1509,0.50,0.50
2007.12.24 01:57:30.425,1.1505,1.1509,0.50,0.50
2007.12.24 01:57:30.538,1.1505,1.1509,0.50,0.50
2007.12.24 01:57:30.650,1.1505,1.1509,0.50,0.50
2007.12.24 01:57:30.762,1.1505,1.1509,0.50,0.50
2007.12.24 01:57:30.875,1.1505,1.1509,0.50,0.50
2007.12.24 01:57:30.987,1.1505,1.1509,0.50,0.50
2007.12.24 01:57:31.100,1.1505,1.1509,0.50,0.50
2007.12.24 01:57:31.213,1.1505,1.1509,0.50,0.50
2007.12.24 01:57:31.345,1.1505,1.1509,0.50,0.50
2007.12.24 01:57:31.477,1.1505,1.1509,0.50,0.50
2007.12.24 01:57:31.611,1.1505,1.1509,0.50,0.50
2007.12.24 01:57:31.743,1.1505,1.1509,0.50,0.50
2007.12.24 01:57:31.875,1.1505,1.1509,0.50,0.50
2007.12.24 01:57:32.009,1.1505,1.1509,0.50,0.50
2007.12.24 01:57:32.142,1.1505,1.1509,0.50,0.50
2007.12.24 01:57:32.274,1.1505,1.1509,0.50,0.50
2007.12.24 01:57:32.386,1.1505,1.1509,0.50,0.50
2007.12.24 01:57:32.500,1.1505,1.1509,0.50,0.50
2007.12.24 01:57:32.613,1.1505,1.1509,0.50,0.50
2007.12.24 01:57:32.725,1.1505,1.1509,0.50,0.50
2007.12.24 01:57:32.837,1.1505,1.1509,0.50,0.50
2007.12.24 01:57:32.949,1.1505,1.1509,0.50,0.50
2007.12.24 01:57:33.063,1.1505,1.1509,0.50,0.50
2007.12.24 01:57:33.175,1.1505,1.1509,0.50,0.50
2007.12.24 01:57:33.288,1.1505,1.1509,0.50,0.50
2007.12.24 01:57:33.420,1.1505,1.1509,0.50,0.50
2007.12.24 01:57:33.553,1.1505,1.1509,0.50,0.50
2007.12.24 01:57:33.685,1.1505,1.1509,0.50,0.50
2007.12.24 01:57:33.818,1.1505,1.1509,0.50,0.50
2007.12.24 01:57:33.950,1.1505,1.1509,0.50,0.50
2007.12.24 01:57:34.083,1.1505,1.1509,0.50,0.50
2007.12.24 01:57:34.215,1.1505,1.1509,0.50,0.50
2007.12.24 01:57:34.348,1.1505,1.1509,0.50,0.50
2007.12.24 01:57:34.490,1.1505,1.1509,0.50,0.50
2007.12.24 01:57:34.633,1.1505,1.1509,0.50,0.50
2007.12.24 01:57:34.775,1.1505,1.1509,0.50,0.50
2007.12.24 01:57:34.918,1.1505,1.1509,0.50,0.50
2007.12.24 01:57:35.060,1.1505,1.1509,0.50,0.50
2007.12.24 01:57:35.203,1.1505,1.1509,0.50,0.50
2007.12.24 01:57:35.345,1.1505,1.1509,0.50,0.50
2007.12.24 01:57:35.479,1.1505,1.1509,0.50,0.50
2007.12.24 01:57:35.612,1.1505,1.1509,0.50,0.50
2007.12.24 01:57:35.744,1.1505,1.1509,0.50,0.50
2007.12.24 01:57:35.877,1.1505,1.1509,0.50,0.50
2007.12.24 01:57:36.009,1.1505,1.1509,0.50,0.50
2007.12.24 01:57:36.156,1.1505,1.1509,0.50,0.50
2007.12.24 01:57:36.275,1.1505,1.1509,0.50,0.50
2007.12.24 01:57:36.407,1.1505,1.1509,0.50,0.50
2007.12.24 01:57:36.536,1.1505,1.1509,0.50,0.50
2007.12.24 01:57:36.613,1.1505,1.151,0.50,13.70
2007.12.24 01:57:36.664,1.1505,1.151,0.50,13.70
2007.12.24 01:57:36.791,1.1505,1.151,0.50,13.70
2007.12.24 01:57:36.918,1.1505,1.1509,0.50,0.50
2007.12.24 01:57:37.047,1.1505,1.151,0.50,13.70
2007.12.24 01:57:37.174,1.1505,1.151,0.50,13.70
2007.12.24 01:57:37.301,1.1505,1.1509,0.50,0.50
2007.12.24 01:57:37.430,1.1505,1.1509,0.50,0.50
2007.12.24 01:57:37.552,1.1505,1.1509,0.50,0.50
2007.12.24 01:57:37.674,1.1505,1.151,0.50,13.70
2007.12.24 01:57:37.797,1.1505,1.151,0.50,13.70
2007.12.24 01:57:37.932,1.1505,1.1509,0.50,0.50
2007.12.24 01:57:38.042,1.1505,1.1509,0.50,0.50
2007.12.24 01:57:38.164,1.1505,1.1509,0.50,0.50
2007.12.24 01:57:38.287,1.1505,1.1509,0.50,0.50
2007.12.24 01:57:38.409,1.1505,1.1509,0.50,0.50
2007.12.24 01:57:38.533,1.1505,1.151,0.50,13.70
2007.12.24 01:57:38.655,1.1505,1.151,0.50,13.70
2007.12.24 01:57:38.779,1.1505,1.151,0.50,13.70
2007.12.24 01:57:38.901,1.1505,1.151,0.50,13.70
2007.12.24 01:57:39.023,1.1505,1.1509,0.50,0.50
2007.12.24 01:57:39.147,1.1505,1.151,0.50,13.70
2007.12.24 01:57:39.270,1.1505,1.1509,0.50,0.50
2007.12.24 01:57:39.392,1.1505,1.151,0.50,13.70
2007.12.24 01:57:39.514,1.1505,1.151,0.50,13.70
2007.12.24 01:57:39.692,1.1505,1.1509,0.50,0.50
2007.12.24 01:57:39.870,1.1505,1.151,0.50,13.70
2007.12.24 01:57:40.048,1.1505,1.1509,0.50,0.50
2007.12.24 01:57:40.225,1.1505,1.151,0.50,13.70
2007.12.24 01:57:40.404,1.1505,1.151,0.50,13.70
2007.12.24 01:57:40.581,1.1505,1.151,0.50,13.70
2007.12.24 01:57:40.674,1.1505,1.151,0.50,13.70
2007.12.24 01:57:40.767,1.1505,1.151,0.50,13.70
2007.12.24 01:57:40.859,1.1505,1.151,0.50,13.70
2007.12.24 01:57:40.951,1.1505,1.151,0.50,13.70
2007.12.24 01:57:41.045,1.1505,1.1509,0.50,0.50
2007.12.24 01:57:41.137,1.1505,1.151,0.50,13.70
2007.12.24 01:57:41.229,1.1505,1.1509,0.50,0.50
2007.12.24 01:57:41.323,1.1505,1.151,0.50,13.70
2007.12.24 01:57:41.415,1.1505,1.151,0.50,13.70
2007.12.24 01:57:41.507,1.1505,1.1509,0.50,0.50
2007.12.24 01:57:41.655,1.1505,1.151,0.50,13.70
2007.12.24 01:57:41.802,1.1505,1.151,0.50,13.70
2007.12.24 01:57:41.950,1.1505,1.151,0.50,13.70
2007.12.24 01:57:42.097,1.1505,1.1509,0.50,0.50
2007.12.24 01:57:42.246,1.1505,1.1509,0.50,0.50
2007.12.24 01:57:42.393,1.1505,1.1509,0.50,0.50
2007.12.24 01:57:42.540,1.1505,1.151,0.50,13.70
2007.12.24 01:57:42.638,1.1505,1.151,0.50,13.70
2007.12.24 01:57:42.735,1.1505,1.1509,0.50,0.50
2007.12.24 01:57:42.832,1.1505,1.151,0.50,13.70
2007.12.24 01:57:42.941,1.1505,1.151,0.50,13.70
2007.12.24 01:57:43.028,1.1505,1.1509,0.50,0.50
2007.12.24 01:57:43.125,1.1505,1.1509,0.50,0.50
2007.12.24 01:57:43.223,1.1505,1.151,0.50,13.70
2007.12.24 01:57:43.322,1.1505,1.1509,0.50,0.50
2007.12.24 01:57:43.419,1.1505,1.1509,0.50,0.50
2007.12.24 01:57:43.516,1.1505,1.151,0.50,13.70
2007.12.24 01:57:43.613,1.1505,1.1509,0.50,0.50
2007.12.24 01:57:43.776,1.1505,1.151,0.50,13.70
2007.12.24 01:57:43.938,1.1505,1.1509,0.50,0.50
2007.12.24 01:57:44.101,1.1505,1.151,0.50,13.70
2007.12.24 01:57:44.263,1.1505,1.151,0.50,13.70
2007.12.24 01:57:44.426,1.1505,1.1509,0.50,0.50
2007.12.24 01:57:44.588,1.1505,1.1509,0.50,0.50
2007.12.24 01:57:44.697,1.1505,1.151,0.50,13.70
2007.12.24 01:57:44.805,1.1505,1.151,0.50,13.70
2007.12.24 01:57:44.912,1.1505,1.1509,0.50,0.50
2007.12.24 01:57:45.019,1.1505,1.151,0.50,13.70
2007.12.24 01:57:45.127,1.1505,1.151,0.50,13.70
2007.12.24 01:57:45.234,1.1505,1.151,0.50,13.70
2007.12.24 01:57:45.350,1.1505,1.151,0.50,13.70
2007.12.24 01:57:45.458,1.1505,1.1509,0.50,0.50
2007.12.24 01:57:45.564,1.1505,1.1509,0.50,0.50
2007.12.24 01:57:45.673,1.1505,1.151,0.50,13.70
2007.12.24 01:57:45.855,1.1505,1.151,0.50,13.70
2007.12.24 01:57:46.038,1.1505,1.151,0.50,13.70
2007.12.24 01:57:46.221,1.1505,1.151,0.50,13.70
2007.12.24 01:57:46.403,1.1505,1.151,0.50,13.70
2007.12.24 01:57:46.586,1.1505,1.151,0.50,13.70
2007.12.24 01:57:46.768,1.1505,1.1509,0.50,0.50
2007.12.24 01:57:46.896,1.1505,1.1509,0.50,0.50
2007.12.24 01:57:47.023,1.1505,1.1509,0.50,0.50
2007.12.24 01:57:47.151,1.1505,1.151,0.50,13.70
2007.12.24 01:57:47.279,1.1505,1.151,0.50,13.70
2007.12.24 01:57:47.406,1.1505,1.151,0.50,13.70
2007.12.24 01:57:47.535,1.1505,1.1509,0.50,0.50
2007.12.24 01:57:47.663,1.1505,1.1509,0.50,0.50
2007.12.24 01:57:47.790,1.1505,1.1509,0.50,0.50
2007.12.24 01:57:47.897,1.1505,1.1509,0.50,0.50
2007.12.24 01:57:48.005,1.1505,1.151,0.50,13.70
2007.12.24 01:57:48.114,1.1505,1.151,0.50,13.70
2007.12.24 01:57:48.221,1.1505,1.1509,0.50,0.50
2007.12.24 01:57:48.328,1.1505,1.151,0.50,13.70
2007.12.24 01:57:48.436,1.1505,1.1509,0.50,0.50
2007.12.24 01:57:48.545,1.1505,1.151,0.50,13.70
2007.12.24 01:57:48.664,1.1505,1.151,0.50,13.70
2007.12.24 01:57:48.759,1.1505,1.1509,0.50,0.50
2007.12.24 01:57:48.902,1.1505,1.151,0.50,13.70
2007.12.24 01:57:49.046,1.1505,1.1509,0.50,0.50
2007.12.24 01:57:49.189,1.1505,1.1509,0.50,0.50
2007.12.24 01:57:49.332,1.1504,1.1509,5.20,1.70
2007.12.24 01:57:49.475,1.1504,1.1509,1.20,8.10
2007.12.24 01:57:49.617,1.1504,1.1508,1.20,0.50
2007.12.24 01:57:49.759,1.1504,1.1509,1.20,8.10
2007.12.24 01:57:49.938,1.1504,1.1508,1.20,0.50
2007.12.24 01:57:50.115,1.1504,1.1509,1.20,8.10
2007.12.24 01:57:50.294,1.1504,1.1508,1.20,0.50
2007.12.24 01:57:50.478,1.1504,1.1509,1.20,8.10
2007.12.24 01:57:50.655,1.1504,1.1508,1.20,0.50
2007.12.24 01:57:50.834,1.1504,1.1508,1.20,0.50
2007.12.24 01:57:51.016,1.1504,1.1509,1.20,8.10
2007.12.24 01:57:51.198,1.1504,1.1509,1.20,8.10
2007.12.24 01:57:51.381,1.1504,1.1509,1.20,8.10
2007.12.24 01:57:51.564,1.1504,1.1509,1.20,8.10
2007.12.24 01:57:51.746,1.1504,1.1509,1.20,8.10
2007.12.24 01:57:51.929,1.1504,1.1509,1.20,8.10
2007.12.24 01:57:52.037,1.1504,1.1509,1.20,8.10
2007.12.24 01:57:52.146,1.1504,1.1508,1.20,0.50
2007.12.24 01:57:52.265,1.1504,1.1508,1.20,0.50
2007.12.24 01:57:52.372,1.1504,1.1508,1.20,0.50
2007.12.24 01:57:52.479,1.1504,1.1509,1.20,8.10
2007.12.24 01:57:52.586,1.1504,1.1508,1.20,0.50
2007.12.24 01:57:52.695,1.1504,1.1509,1.20,8.10
2007.12.24 01:57:52.803,1.1504,1.1508,1.20,0.50
2007.12.24 01:57:52.910,1.1504,1.1509,1.20,8.10
2007.12.24 01:57:53.017,1.1504,1.1509,1.20,8.10
2007.12.24 01:57:53.260,1.1504,1.1509,1.20,8.10
2007.12.24 01:57:53.503,1.1504,1.1509,1.20,8.10
2007.12.24 01:57:53.745,1.1504,1.1509,1.20,8.10
2007.12.24 01:57:53.988,1.1504,1.1509,1.20,8.10
2007.12.24 01:57:54.230,1.1504,1.1508,1.20,0.50
2007.12.24 01:57:54.367,1.1504,1.1509,1.20,8.10
2007.12.24 01:57:54.505,1.1504,1.1509,1.20,8.10
2007.12.24 01:57:54.655,1.1504,1.1509,1.20,8.10
2007.12.24 01:57:54.781,1.1504,1.1509,1.20,8.10
2007.12.24 01:57:54.920,1.1504,1.1508,1.20,0.50
2007.12.24 01:57:55.057,1.1504,1.1509,1.20,8.10
2007.12.24 01:57:55.195,1.1504,1.1508,1.20,0.50
2007.12.24 01:57:55.332,1.1504,1.1508,1.20,0.50
2007.12.24 01:57:55.470,1.1504,1.1508,1.20,0.50
2007.12.24 01:57:55.607,1.1504,1.1508,1.20,0.50
2007.12.24 01:57:55.746,1.1504,1.1509,1.20,8.10
2007.12.24 01:57:55.883,1.1504,1.1508,1.20,0.50
2007.12.24 01:57:56.021,1.1504,1.1508,1.20,0.50
2007.12.24 01:57:56.162,1.1504,1.1508,1.20,0.50
2007.12.24 01:57:56.269,1.1504,1.1509,1.20,8.10
2007.12.24 01:57:56.378,1.1504,1.1509,1.20,16.10
2007.12.24 01:57:56.485,1.1504,1.1508,1.20,0.50
2007.12.24 01:57:56.592,1.1504,1.1509,1.20,16.10
2007.12.24 01:57:56.700,1.1504,1.1509,1.20,16.10
2007.12.24 01:57:56.809,1.1504,1.1508,1.20,0.50
2007.12.24 01:57:56.916,1.1504,1.1509,1.20,16.10
2007.12.24 01:57:57.024,1.1504,1.1509,1.20,16.10
2007.12.24 01:57:57.247,1.1504,1.1508,1.20,0.50
2007.12.24 01:57:57.470,1.1504,1.1508,1.20,0.50
2007.12.24 01:57:57.693,1.1504,1.1508,1.20,0.50
2007.12.24 01:57:57.915,1.1504,1.1509,1.20,16.10
2007.12.24 01:57:58.137,1.1504,1.1509,1.20,16.10
2007.12.24 01:57:58.360,1.1504,1.1509,1.20,16.10
2007.12.24 01:57:58.443,1.1504,1.1508,1.20,0.50
2007.12.24 01:57:58.525,1.1504,1.1508,1.20,0.50
2007.12.24 01:57:58.608,1.1504,1.1509,1.20,16.10
2007.12.24 01:57:58.691,1.1504,1.1508,1.20,0.50
2007.12.24 01:57:58.773,1.1504,1.1508,1.20,0.50
2007.12.24 01:57:58.856,1.1504,1.1508,1.20,0.50
2007.12.24 01:57:58.939,1.1504,1.1508,1.20,0.50
2007.12.24 01:57:59.021,1.1504,1.1509,1.20,16.10
2007.12.24 01:57:59.104,1.1504,1.1508,1.20,0.50
2007.12.24 01:57:59.186,1.1504,1.1508,1.20,0.50
2007.12.24 01:57:59.434,1.1504,1.1509,1.20,16.10
2007.12.24 01:57:59.682,1.1504,1.1509,1.20,16.10
2007.12.24 01:57:59.930,1.1504,1.1509,1.20,16.10
2007.12.24 01:58:00.177,1.1504,1.1509,1.20,16.10
2007.12.24 01:58:00.425,1.1504,1.1508,1.20,0.50
2007.12.24 01:58:00.488,1.1504,1.1509,1.20,16.10
2007.12.24 01:58:00.550,1.1504,1.1509,1.20,16.10
2007.12.24 01:58:00.613,1.1504,1.1509,1.20,16.10
2007.12.24 01:58:00.675,1.1504,1.1508,1.20,0.50
2007.12.24 01:58:00.741,1.1504,1.1509,1.20,16.10
2007.12.24 01:58:00.803,1.1504,1.1508,1.20,0.50
2007.12.24 01:58:00.865,1.1504,1.1509,1.20,16.10
2007.12.24 01:58:00.927,1.1504,1.1508,1.20,0.50
2007.12.24 01:58:00.990,1.1504,1.1509,1.20,16.10
2007.12.24 01:58:01.053,1.1504,1.1509,1.20,16.10
2007.12.24 01:58:01.116,1.1504,1.1508,1.20,0.50
2007.12.24 01:58:01.178,1.1504,1.1509,1.20,16.10
2007.12.24 01:58:01.240,1.1504,1.1509,1.20,16.10
2007.12.24 01:58:01.474,1.1504,1.1508,1.20,0.50
2007.12.24 01:58:01.706,1.1504,1.1509,1.20,16.10
2007.12.24 01:58:01.940,1.1504,1.1509,1.20,16.10
2007.12.24 01:58:02.172,1.1504,1.1508,1.20,0.50
2007.12.24 01:58:02.405,1.1504,1.1509,1.20,16.10
2007.12.24 01:58:02.474,1.1504,1.1508,1.20,0.50
2007.12.24 01:58:02.541,1.1504,1.1509,1.20,16.10
2007.12.24 01:58:02.609,1.1504,1.1509,1.20,16.10
2007.12.24 01:58:02.676,1.1504,1.1509,1.20,16.10
2007.12.24 01:58:02.744,1.1504,1.1509,1.20,16.10
2007.12.24 01:58:02.823,1.1504,1.1508,1.20,0.50
2007.12.24 01:58:02.880,1.1504,1.1508,1.20,0.50
2007.12.24 01:58:02.948,1.1504,1.1508,1.20,0.50
2007.12.24 01:58:03.016,1.1504,1.1508,1.20,0.50
2007.12.24 01:58:03.083,1.1504,1.1508,1.20,0.50
2007.12.24 01:58:03.152,1.1504,1.1509,1.20,16.10
2007.12.24 01:58:03.218,1.1504,1.1509,1.20,16.10
2007.12.24 01:58:03.286,1.1504,1.1508,1.20,0.50
2007.12.24 01:58:03.353,1.1504,1.1509,1.20,16.10
2007.12.24 01:58:03.421,1.1504,1.1509,1.20,16.10
2007.12.24 01:58:03.489,1.1504,1.1509,1.20,16.10
2007.12.24 01:58:03.697,1.1504,1.1509,1.20,16.10
2007.12.24 01:58:03.904,1.1504,1.1508,1.20,0.50
2007.12.24 01:58:04.112,1.1504,1.1509,1.20,16.10
2007.12.24 01:58:04.319,1.1504,1.1509,1.20,16.10
2007.12.24 01:58:04.526,1.1504,1.1509,1.20,16.10
2007.12.24 01:58:04.619,1.1504,1.1508,1.20,0.50
2007.12.24 01:58:04.711,1.1504,1.1508,1.20,0.50
2007.12.24 01:58:04.804,1.1504,1.1508,1.20,0.50
2007.12.24 01:58:04.897,1.1504,1.1508,1.20,0.50
2007.12.24 01:58:04.989,1.1504,1.1508,1.20,0.50
2007.12.24 01:58:05.081,1.1504,1.1508,1.20,0.50
2007.12.24 01:58:05.174,1.1504,1.1508,1.20,0.50
2007.12.24 01:58:05.267,1.1504,1.1508,1.20,0.50
2007.12.24 01:58:05.360,1.1504,1.1508,1.20,0.50
2007.12.24 01:58:05.453,1.1504,1.1508,1.20,0.50
2007.12.24 01:58:05.545,1.1504,1.1508,1.20,0.50
2007.12.24 01:58:05.708,1.1504,1.1508,1.20,0.50
2007.12.24 01:58:05.871,1.1504,1.1508,1.20,0.50
2007.12.24 01:58:06.033,1.1504,1.1508,1.20,0.50
2007.12.24 01:58:06.196,1.1504,1.1508,1.20,0.50
2007.12.24 01:58:06.359,1.1504,1.1508,1.20,0.50
2007.12.24 01:58:06.522,1.1504,1.1508,1.20,0.50
2007.12.24 01:58:06.685,1.1504,1.1508,1.20,0.50
2007.12.24 01:58:06.782,1.1504,1.1508,1.20,0.50
2007.12.24 01:58:06.880,1.1504,1.1508,1.20,0.50
2007.12.24 01:58:06.978,1.1504,1.1508,1.20,0.50
2007.12.24 01:58:07.075,1.1504,1.1508,1.20,0.50
2007.12.24 01:58:07.173,1.1504,1.1508,1.20,0.50
2007.12.24 01:58:07.271,1.1504,1.1508,1.20,0.50
2007.12.24 01:58:07.368,1.1504,1.1508,1.20,0.50
2007.12.24 01:58:07.465,1.1504,1.1508,1.20,0.50
2007.12.24 01:58:07.563,1.1504,1.1508,1.20,0.50
2007.12.24 01:58:07.706,1.1504,1.1508,1.20,0.50
2007.12.24 01:58:07.849,1.1504,1.1508,1.20,0.50
2007.12.24 01:58:07.991,1.1504,1.1508,1.20,0.50
2007.12.24 01:58:08.134,1.1504,1.1508,1.20,0.50
2007.12.24 01:58:08.277,1.1504,1.1508,1.20,0.50
2007.12.24 01:58:08.419,1.1504,1.1508,1.20,0.50
2007.12.24 01:58:08.562,1.1504,1.1508,1.20,0.50
2007.12.24 01:58:08.670,1.1504,1.1508,1.20,0.50
2007.12.24 01:58:08.777,1.1504,1.1508,1.20,0.50
2007.12.24 01:58:08.885,1.1504,1.1508,1.20,0.50
2007.12.24 01:58:08.993,1.1504,1.1508,1.20,0.50
2007.12.24 01:58:09.101,1.1504,1.1508,1.20,0.50
2007.12.24 01:58:09.209,1.1504,1.1508,1.20,0.50
2007.12.24 01:58:09.316,1.1504,1.1508,1.20,0.50
2007.12.24 01:58:09.424,1.1504,1.1508,1.20,0.50
2007.12.24 01:58:09.532,1.1504,1.1508,1.20,0.50
2007.12.24 01:58:09.639,1.1504,1.1508,1.20,0.50
2007.12.24 01:58:09.811,1.1504,1.1508,1.20,0.50
2007.12.24 01:58:09.995,1.1504,1.1508,1.20,0.50
2007.12.24 01:58:10.168,1.1504,1.1508,1.20,0.50
2007.12.24 01:58:10.340,1.1504,1.1508,1.20,0.50
2007.12.24 01:58:10.513,1.1504,1.1508,1.20,0.50
2007.12.24 01:58:10.686,1.1504,1.1508,1.20,0.50
2007.12.24 01:58:10.854,1.1504,1.1508,1.20,0.50
2007.12.24 01:58:11.021,1.1504,1.1508,1.20,0.50
2007.12.24 01:58:11.189,1.1504,1.1508,1.20,0.50
2007.12.24 01:58:11.356,1.1504,1.1508,1.20,0.50
2007.12.24 01:58:11.524,1.1504,1.1508,1.20,0.50
2007.12.24 01:58:11.693,1.1504,1.1508,1.20,0.50
2007.12.24 01:58:11.795,1.1504,1.1508,1.20,0.50
2007.12.24 01:58:11.897,1.1504,1.1508,1.20,0.50
2007.12.24 01:58:12.000,1.1504,1.1508,1.20,0.50
2007.12.24 01:58:12.102,1.1504,1.1508,1.20,0.50
2007.12.24 01:58:12.204,1.1504,1.1508,1.20,0.50
2007.12.24 01:58:12.307,1.1504,1.1508,1.20,0.50
2007.12.24 01:58:12.409,1.1504,1.1508,1.20,0.50
2007.12.24 01:58:12.512,1.1504,1.1508,1.20,0.50
2007.12.24 01:58:12.614,1.1504,1.1508,1.20,0.50
2007.12.24 01:58:12.718,1.1504,1.1508,1.20,0.50
2007.12.24 01:58:12.869,1.1504,1.1508,1.20,0.50
2007.12.24 01:58:13.028,1.1504,1.1508,1.20,0.50
2007.12.24 01:58:13.181,1.1504,1.1508,1.20,0.50
2007.12.24 01:58:13.334,1.1504,1.1508,1.20,0.50
2007.12.24 01:58:13.487,1.1504,1.1508,1.20,0.50
2007.12.24 01:58:13.640,1.1504,1.1508,1.20,0.50
2007.12.24 01:58:13.792,1.1504,1.1508,1.20,0.50
2007.12.24 01:58:13.945,1.1504,1.1508,1.20,0.50
2007.12.24 01:58:14.048,1.1504,1.1508,1.20,0.50
2007.12.24 01:58:14.151,1.1504,1.1508,1.20,0.50
2007.12.24 01:58:14.253,1.1504,1.1508,1.20,0.50
2007.12.24 01:58:14.356,1.1504,1.1508,1.20,0.50
2007.12.24 01:58:14.459,1.1504,1.1508,1.20,0.50
2007.12.24 01:58:14.574,1.1504,1.1508,1.20,0.50
2007.12.24 01:58:14.664,1.1504,1.1508,1.20,0.50
2007.12.24 01:58:14.767,1.1504,1.1508,1.20,0.50
2007.12.24 01:58:14.870,1.1504,1.1508,1.20,0.50
2007.12.24 01:58:15.017,1.1504,1.1508,1.20,0.50
2007.12.24 01:58:15.165,1.1504,1.1508,1.20,0.50
2007.12.24 01:58:15.313,1.1504,1.1508,1.20,0.50
2007.12.24 01:58:15.461,1.1504,1.1508,1.20,0.50
2007.12.24 01:58:15.609,1.1504,1.1508,1.20,0.50
2007.12.24 01:58:15.756,1.1504,1.1508,1.20,0.50
2007.12.24 01:58:15.903,1.1504,1.1508,1.20,0.50
2007.12.24 01:58:16.036,1.1504,1.1508,1.20,0.50
2007.12.24 01:58:16.170,1.1504,1.1508,1.20,0.50
2007.12.24 01:58:16.303,1.1504,1.1508,1.20,0.50
2007.12.24 01:58:16.436,1.1504,1.1508,1.20,0.50
2007.12.24 01:58:16.569,1.1504,1.1508,1.20,0.50
2007.12.24 01:58:16.703,1.1504,1.1508,1.20,0.50
2007.12.24 01:58:16.835,1.1504,1.1508,1.20,0.50
2007.12.24 01:58:16.968,1.1504,1.1508,1.20,0.50
2007.12.24 01:58:17.106,1.1504,1.1508,1.20,0.50
2007.12.24 01:58:17.243,1.1504,1.1508,1.20,0.50
2007.12.24 01:58:17.381,1.1504,1.1508,1.20,0.50
2007.12.24 01:58:17.518,1.1504,1.1508,1.20,0.50
2007.12.24 01:58:17.669,1.1504,1.1508,1.20,0.50
2007.12.24 01:58:17.806,1.1504,1.1508,1.20,0.50
2007.12.24 01:58:17.944,1.1504,1.1508,1.20,0.50
2007.12.24 01:58:18.051,1.1504,1.1508,1.20,0.50
2007.12.24 01:58:18.159,1.1504,1.1508,1.20,0.50
2007.12.24 01:58:18.267,1.1504,1.1508,1.20,0.50
2007.12.24 01:58:18.374,1.1504,1.1508,1.20,0.50
2007.12.24 01:58:18.482,1.1504,1.1508,1.20,0.50
2007.12.24 01:58:18.590,1.1504,1.1508,1.20,0.50
2007.12.24 01:58:18.698,1.1504,1.1508,1.20,0.50
2007.12.24 01:58:18.805,1.1504,1.1508,1.20,0.50
2007.12.24 01:58:18.913,1.1504,1.1508,1.20,0.50
2007.12.24 01:58:19.021,1.1504,1.1508,1.20,0.50
2007.12.24 01:58:19.174,1.1504,1.1508,1.20,0.50
2007.12.24 01:58:19.317,1.1504,1.1508,1.20,0.50
2007.12.24 01:58:19.460,1.1504,1.1508,1.20,0.50
2007.12.24 01:58:19.602,1.15025,1.1509,8.00,8.00
2007.12.24 01:58:19.744,1.15025,1.1509,8.00,8.00
2007.12.24 01:58:19.886,1.15025,1.1509,8.00,8.00
2007.12.24 01:58:20.028,1.15025,1.1509,8.00,8.00
2007.12.24 01:58:20.137,1.15025,1.1509,8.00,8.00
2007.12.24 01:58:20.244,1.15025,1.1509,8.00,8.00
2007.12.24 01:58:20.351,1.15025,1.1509,8.00,8.00
2007.12.24 01:58:20.458,1.15025,1.1509,8.00,8.00
2007.12.24 01:58:20.567,1.15025,1.1509,8.00,8.00
2007.12.24 01:58:20.674,1.15025,1.1509,8.00,8.00
2007.12.24 01:58:20.781,1.15025,1.1509,8.00,8.00
2007.12.24 01:58:20.889,1.15025,1.1509,8.00,8.00
2007.12.24 01:58:20.996,1.15025,1.1509,8.00,8.00
2007.12.24 01:58:21.103,1.15025,1.1509,8.00,8.00
2007.12.24 01:58:21.235,1.15025,1.1509,8.00,8.00
2007.12.24 01:58:21.368,1.15025,1.1509,8.00,8.00
2007.12.24 01:58:21.500,1.15025,1.1509,8.00,8.00
2007.12.24 01:58:21.633,1.15025,1.1509,8.00,8.00
2007.12.24 01:58:21.765,1.15025,1.1509,8.00,8.00
2007.12.24 01:58:21.897,1.15025,1.1509,8.00,8.00
2007.12.24 01:58:22.030,1.15025,1.1509,8.00,8.00
2007.12.24 01:58:22.163,1.15025,1.1509,8.00,8.00
2007.12.24 01:58:22.280,1.15025,1.1509,8.00,8.00
2007.12.24 01:58:22.397,1.15025,1.1509,8.00,8.00
2007.12.24 01:58:22.514,1.15025,1.1509,8.00,8.00
2007.12.24 01:58:22.633,1.15025,1.1509,8.00,8.00
2007.12.24 01:58:22.750,1.15025,1.1509,8.00,8.00
2007.12.24 01:58:22.867,1.15025,1.1509,8.00,8.00
2007.12.24 01:58:22.985,1.15025,1.1509,8.00,8.00
2007.12.24 01:58:23.102,1.15025,1.1509,8.00,8.00
2007.12.24 01:58:23.229,1.15025,1.1509,8.00,8.00
2007.12.24 01:58:23.357,1.15025,1.1509,8.00,8.00
2007.12.24 01:58:23.484,1.15025,1.1509,8.00,8.00
2007.12.24 01:58:23.612,1.15025,1.1509,8.00,8.00
2007.12.24 01:58:23.739,1.15025,1.1509,8.00,8.00
2007.12.24 01:58:23.866,1.15025,1.1509,8.00,8.00
2007.12.24 01:58:23.993,1.15025,1.1509,8.00,8.00
2007.12.24 01:58:24.122,1.15025,1.1509,8.00,8.00
2007.12.24 01:58:24.319,1.15025,1.1509,8.00,8.00
2007.12.24 01:58:24.516,1.15025,1.1509,8.00,8.00
2007.12.24 01:58:24.724,1.15025,1.1509,8.00,8.00
2007.12.24 01:58:24.911,1.15025,1.1509,8.00,8.00
2007.12.24 01:58:25.108,1.15025,1.1509,8.00,8.00
2007.12.24 01:58:25.305,1.15025,1.1509,8.00,8.00
2007.12.24 01:58:25.387,1.15025,1.1509,8.00,8.00
2007.12.24 01:58:25.469,1.15025,1.1509,8.00,8.00
2007.12.24 01:58:25.551,1.15025,1.1509,8.00,8.00
2007.12.24 01:58:25.633,1.15025,1.1509,8.00,8.00
2007.12.24 01:58:25.717,1.15025,1.1509,8.00,8.00
2007.12.24 01:58:25.799,1.15025,1.1509,8.00,8.00
2007.12.24 01:58:25.881,1.15025,1.1509,8.00,8.00
2007.12.24 01:58:25.963,1.15025,1.1509,8.00,8.00
2007.12.24 01:58:26.045,1.15025,1.1509,8.00,8.00
2007.12.24 01:58:26.128,1.15025,1.1509,8.00,8.00
2007.12.24 01:58:26.210,1.15025,1.1509,8.00,8.00
2007.12.24 01:59:07.580,1.1503,1.1508,2.50,0.50
2007.12.24 01:59:07.697,1.1504,1.1508,0.50,0.50
2007.12.24 01:59:07.815,1.1503,1.1508,2.50,0.50
2007.12.24 01:59:07.933,1.1503,1.1508,2.50,0.50
2007.12.24 01:59:08.050,1.1504,1.1508,0.50,0.50
2007.12.24 01:59:08.168,1.1504,1.1508,0.50,0.50
2007.12.24 01:59:08.286,1.1503,1.1508,2.50,0.50
2007.12.24 01:59:08.428,1.1503,1.1508,2.50,0.50
2007.12.24 01:59:08.570,1.1503,1.1508,2.50,0.50
2007.12.24 01:59:08.713,1.1503,1.1508,2.50,0.50
2007.12.24 01:59:08.856,1.1502,1.1507,12.80,0.50
2007.12.24 01:59:08.999,1.1503,1.1507,0.70,0.50
2007.12.24 01:59:09.142,1.1502,1.1507,12.80,0.50
2007.12.24 01:59:09.286,1.1505,1.1508,0.50,4.00
2007.12.24 01:59:09.488,1.1505,1.1508,0.50,4.00
2007.12.24 01:59:09.691,1.1505,1.1508,0.50,4.00
2007.12.24 01:59:09.895,1.1504,1.1508,1.70,4.00
2007.12.24 01:59:10.097,1.1505,1.1509,0.50,0.50
2007.12.24 01:59:10.300,1.1504,1.1509,5.70,0.50
2007.12.24 01:59:10.473,1.1505,1.1509,0.50,0.50
2007.12.24 01:59:10.645,1.1505,1.1509,0.50,0.50
2007.12.24 01:59:10.818,1.1504,1.1509,5.70,0.50
2007.12.24 01:59:10.991,1.1505,1.1509,0.50,0.50
2007.12.24 01:59:11.163,1.1505,1.1509,0.50,0.50
2007.12.24 01:59:11.335,1.1505,1.1509,0.50,0.50
2007.12.24 01:59:11.458,1.1505,1.1509,0.50,0.50
2007.12.24 01:59:11.581,1.1505,1.1509,0.50,0.50
2007.12.24 01:59:11.704,1.1505,1.1509,0.50,0.50
2007.12.24 01:59:11.827,1.1505,1.1509,0.50,0.50
2007.12.24 01:59:11.949,1.1505,1.1509,0.50,0.50
2007.12.24 01:59:12.072,1.1505,1.1509,0.50,0.50
2007.12.24 01:59:12.195,1.1505,1.1509,0.50,0.50
2007.12.24 01:59:12.317,1.1504,1.1508,4.40,0.50
2007.12.24 01:59:12.490,1.1504,1.1508,0.50,0.50
2007.12.24 01:59:12.663,1.1504,1.1509,0.50,5.60
2007.12.24 01:59:12.837,1.1504,1.1509,0.50,4.40
2007.12.24 01:59:13.009,1.1504,1.1509,0.50,12.40
2007.12.24 01:59:13.182,1.1504,1.1509,0.50,12.40
2007.12.24 01:59:13.355,1.1504,1.1509,0.50,0.50
2007.12.24 01:59:13.573,1.1504,1.1509,0.50,0.50
2007.12.24 01:59:13.791,1.1504,1.1509,0.50,0.50
2007.12.24 01:59:14.008,1.1504,1.1509,0.50,0.50
2007.12.24 01:59:14.225,1.1504,1.1509,0.50,0.50
2007.12.24 01:59:14.443,1.1504,1.1509,0.50,0.50
2007.12.24 01:59:14.551,1.1504,1.1509,0.50,0.50
2007.12.24 01:59:14.659,1.1504,1.1509,0.50,0.50
2007.12.24 01:59:14.767,1.1504,1.1509,0.50,0.50
2007.12.24 01:59:14.874,1.1504,1.1509,0.50,0.50
2007.12.24 01:59:14.982,1.1504,1.1509,0.50,0.50
2007.12.24 01:59:15.090,1.1504,1.1509,0.50,0.50
2007.12.24 01:59:15.198,1.1504,1.1509,0.50,0.50
2007.12.24 01:59:15.305,1.1504,1.1509,0.50,0.50
2007.12.24 01:59:15.413,1.1504,1.1509,0.50,0.50
2007.12.24 01:59:15.569,1.1504,1.1509,0.50,0.50
2007.12.24 01:59:15.699,1.1504,1.1509,0.50,0.50
2007.12.24 01:59:15.842,1.1504,1.1509,0.50,0.50
2007.12.24 01:59:15.984,1.1504,1.1509,0.50,0.50
2007.12.24 01:59:16.126,1.1504,1.1509,0.50,0.50
2007.12.24 01:59:16.269,1.1504,1.1509,0.50,0.50
2007.12.24 01:59:16.414,1.1504,1.1509,0.50,0.50
2007.12.24 01:59:16.557,1.1504,1.1509,0.50,0.50
2007.12.24 01:59:16.669,1.1504,1.1509,0.50,0.50
2007.12.24 01:59:16.781,1.1504,1.1509,0.50,0.50
2007.12.24 01:59:16.906,1.1504,1.1509,0.50,0.50
2007.12.24 01:59:17.018,1.1504,1.1509,0.50,0.50
2007.12.24 01:59:17.131,1.1504,1.1509,0.50,0.50
2007.12.24 01:59:17.243,1.1504,1.1509,0.50,0.50
2007.12.24 01:59:17.357,1.1504,1.1509,0.50,0.50
2007.12.24 01:59:17.470,1.1504,1.1509,0.50,0.50
2007.12.24 01:59:17.583,1.1504,1.1509,0.50,0.50
2007.12.24 01:59:17.796,1.1504,1.1509,0.50,0.50
2007.12.24 01:59:18.008,1.1504,1.1509,0.50,0.50
2007.12.24 01:59:18.220,1.1504,1.1509,0.50,0.50
2007.12.24 01:59:18.433,1.1504,1.1509,0.50,0.50
2007.12.24 01:59:18.645,1.1504,1.1509,0.50,0.50
2007.12.24 01:59:18.723,1.1504,1.1509,0.50,0.50
2007.12.24 01:59:18.801,1.1504,1.1509,0.50,0.50
2007.12.24 01:59:18.879,1.1504,1.1509,0.50,0.50
2007.12.24 01:59:18.957,1.1504,1.1509,0.50,0.50
2007.12.24 01:59:19.034,1.1504,1.1509,0.50,0.50
2007.12.24 01:59:19.112,1.1504,1.1509,0.50,0.50
2007.12.24 01:59:19.189,1.1504,1.1509,0.50,0.50
2007.12.24 01:59:19.267,1.1504,1.1509,0.50,0.50
2007.12.24 01:59:19.344,1.1504,1.1509,0.50,0.50
2007.12.24 01:59:19.422,1.1504,1.1509,0.50,0.50
2007.12.24 01:59:19.500,1.1504,1.1509,0.50,0.50
2007.12.24 01:59:19.577,1.1504,1.1509,0.50,0.50
2007.12.24 01:59:19.654,1.1504,1.1509,0.50,0.50
2007.12.24 01:59:19.837,1.1504,1.1509,0.50,0.50
2007.12.24 01:59:20.020,1.1504,1.1509,0.50,0.50
2007.12.24 01:59:20.202,1.1504,1.1509,0.50,0.50
2007.12.24 01:59:20.384,1.1504,1.1509,0.50,0.50
2007.12.24 01:59:20.566,1.1504,1.1509,0.50,0.50
2007.12.24 01:59:20.750,1.1504,1.1509,0.50,0.50
2007.12.24 01:59:20.858,1.1504,1.1509,0.50,0.50
2007.12.24 01:59:20.966,1.1504,1.1509,0.50,0.50
2007.12.24 01:59:21.073,1.1504,1.1509,0.50,0.50
2007.12.24 01:59:21.181,1.1504,1.1509,0.50,0.50
2007.12.24 01:59:21.290,1.1504,1.1509,0.50,0.50
2007.12.24 01:59:21.397,1.1504,1.1509,0.50,0.50
2007.12.24 01:59:21.504,1.1504,1.1509,0.50,0.50
2007.12.24 01:59:21.612,1.1504,1.1509,0.50,0.50
2007.12.24 01:59:21.720,1.1504,1.1509,0.50,0.50
2007.12.24 01:59:21.888,1.1504,1.1509,0.50,0.50
2007.12.24 01:59:22.055,1.1504,1.1509,0.50,0.50
2007.12.24 01:59:22.223,1.1504,1.1509,0.50,0.50
2007.12.24 01:59:22.404,1.1504,1.1509,0.50,0.50
2007.12.24 01:59:22.558,1.1504,1.1509,0.50,0.50
2007.12.24 01:59:22.725,1.1504,1.1509,0.50,0.50
2007.12.24 01:59:22.893,1.1504,1.1509,0.50,0.50
2007.12.24 01:59:23.076,1.1504,1.1509,0.50,0.50
2007.12.24 01:59:23.258,1.1504,1.1509,0.50,0.50
2007.12.24 01:59:23.441,1.1504,1.1508,0.50,0.50
2007.12.24 01:59:23.624,1.1504,1.1508,0.50,0.50
2007.12.24 01:59:23.806,1.1504,1.1508,0.50,0.50
2007.12.24 01:59:24.019,1.1504,1.1508,0.50,0.50
2007.12.24 01:59:24.231,1.1504,1.1508,0.50,0.50
2007.12.24 01:59:24.444,1.1504,1.1508,0.50,0.50
2007.12.24 01:59:24.656,1.1504,1.1508,0.50,0.50
2007.12.24 01:59:24.869,1.1504,1.1508,0.50,0.50
2007.12.24 01:59:24.972,1.1504,1.1508,0.50,0.50
2007.12.24 01:59:25.075,1.1504,1.1508,0.50,0.50
2007.12.24 01:59:25.177,1.1504,1.1508,0.50,0.50
2007.12.24 01:59:25.280,1.1504,1.1508,0.50,0.50
2007.12.24 01:59:25.382,1.1504,1.1508,0.50,0.50
2007.12.24 01:59:25.485,1.1504,1.1508,0.50,0.50
2007.12.24 01:59:25.588,1.1504,1.1508,0.50,0.50
2007.12.24 01:59:25.690,1.1504,1.1508,0.50,0.50
2007.12.24 01:59:25.805,1.1504,1.1508,0.50,0.50
2007.12.24 01:59:26.017,1.1503,1.1507,1.20,0.50
2007.12.24 01:59:26.229,1.1503,1.1507,1.20,0.50
2007.12.24 01:59:26.453,1.1503,1.1507,1.20,0.50
2007.12.24 01:59:26.654,1.1503,1.1507,1.20,0.50
2007.12.24 01:59:26.867,1.1503,1.1507,1.20,0.50
2007.12.24 01:59:27.015,1.1503,1.1507,1.20,0.50
2007.12.24 01:59:27.162,1.1503,1.1507,1.20,0.50
2007.12.24 01:59:27.310,1.1503,1.1507,1.20,0.50
2007.12.24 01:59:27.458,1.1503,1.1507,1.20,0.50
2007.12.24 01:59:27.605,1.1503,1.1507,1.20,0.50
2007.12.24 01:59:27.754,1.1503,1.1507,1.20,0.50
2007.12.24 01:59:27.901,1.1503,1.1507,1.20,0.50
2007.12.24 01:59:28.024,1.1503,1.1507,1.20,0.50
2007.12.24 01:59:28.147,1.1503,1.1507,1.20,0.50
2007.12.24 01:59:28.269,1.1503,1.1507,1.20,0.50
2007.12.24 01:59:28.392,1.1503,1.1507,1.20,0.50
2007.12.24 01:59:28.514,1.1503,1.1507,1.20,0.50
2007.12.24 01:59:28.636,1.1503,1.1507,1.20,0.50
2007.12.24 01:59:28.760,1.1503,1.1507,1.20,0.50
2007.12.24 01:59:28.882,1.1503,1.1507,1.20,0.50
2007.12.24 01:59:29.004,1.1503,1.1507,1.20,0.50
2007.12.24 01:59:29.128,1.1503,1.1507,1.20,0.50
2007.12.24 01:59:29.251,1.1503,1.1507,1.20,0.50
2007.12.24 01:59:29.373,1.1503,1.1507,1.20,0.50
2007.12.24 01:59:29.496,1.1503,1.1507,1.20,0.50
2007.12.24 01:59:29.619,1.1503,1.1507,1.20,0.50
2007.12.24 01:59:29.741,1.1503,1.1507,1.20,0.50
2007.12.24 01:59:29.863,1.1503,1.1507,1.20,0.50
2007.12.24 01:59:29.992,1.1503,1.1507,1.20,0.50
2007.12.24 01:59:30.119,1.1503,1.1507,1.20,0.50
2007.12.24 01:59:30.247,1.1503,1.1507,1.20,0.50
2007.12.24 01:59:30.387,1.1503,1.1507,1.20,0.50
2007.12.24 01:59:30.502,1.1503,1.1507,1.20,0.50
2007.12.24 01:59:30.630,1.1503,1.1507,1.20,0.50
2007.12.24 01:59:30.757,1.1503,1.1507,1.20,0.50
2007.12.24 01:59:30.884,1.1503,1.1507,1.20,0.50
2007.12.24 01:59:31.003,1.1503,1.1507,1.20,0.50
2007.12.24 01:59:31.121,1.1503,1.1507,1.20,0.50
2007.12.24 01:59:31.238,1.1503,1.1507,1.20,0.50
2007.12.24 01:59:31.355,1.1503,1.1507,1.20,0.50
2007.12.24 01:59:31.473,1.1503,1.1507,1.20,0.50
2007.12.24 01:59:31.590,1.1503,1.1507,1.20,0.50
2007.12.24 01:59:31.707,1.1503,1.1507,1.20,0.50
2007.12.24 01:59:31.826,1.1503,1.1507,1.20,0.50
2007.12.24 01:59:31.944,1.1503,1.1507,1.20,0.50
2007.12.24 01:59:32.086,1.1503,1.1507,1.20,0.50
2007.12.24 01:59:32.228,1.1503,1.1507,1.20,0.50
2007.12.24 01:59:32.372,1.1503,1.1507,1.20,0.50
2007.12.24 01:59:32.515,1.1503,1.1507,1.20,0.50
2007.12.24 01:59:32.657,1.1503,1.1507,1.20,0.50
2007.12.24 01:59:32.799,1.1503,1.1507,1.20,0.50
2007.12.24 01:59:32.942,1.1503,1.1507,1.20,0.50
2007.12.24 01:59:33.085,1.1503,1.1507,1.20,0.50
2007.12.24 01:59:33.198,1.1503,1.1507,1.20,0.50
2007.12.24 01:59:33.310,1.1503,1.1507,1.20,0.50
2007.12.24 01:59:33.422,1.1503,1.1507,1.20,0.50
2007.12.24 01:59:33.535,1.1503,1.1507,1.20,0.50
2007.12.24 01:59:33.649,1.1503,1.1507,1.20,0.50
2007.12.24 01:59:33.761,1.1503,1.1507,1.20,0.50
2007.12.24 01:59:33.874,1.1503,1.1507,1.20,0.50
2007.12.24 01:59:33.986,1.1503,1.1507,1.20,0.50
2007.12.24 01:59:34.114,1.1503,1.1507,1.20,0.50
2007.12.24 01:59:34.241,1.1503,1.1507,1.20,0.50
2007.12.24 01:59:34.368,1.1503,1.1507,1.20,0.50
2007.12.24 01:59:34.497,1.1503,1.1507,1.20,0.50
2007.12.24 01:59:34.624,1.1503,1.1507,1.20,0.50
2007.12.24 01:59:34.751,1.1503,1.1507,1.20,0.50
2007.12.24 01:59:34.880,1.1503,1.1507,1.20,0.50
2007.12.24 01:59:35.020,1.1503,1.1507,1.20,0.50
2007.12.24 01:59:35.148,1.1503,1.1507,1.20,0.50
2007.12.24 01:59:35.276,1.1503,1.1507,1.20,0.50
2007.12.24 01:59:35.403,1.1503,1.1507,1.20,0.50
2007.12.24 01:59:35.531,1.1503,1.1507,1.20,0.50
2007.12.24 01:59:35.658,1.1503,1.1507,1.20,0.50
2007.12.24 01:59:35.797,1.1503,1.1507,1.20,0.50
2007.12.24 01:59:35.913,1.1503,1.1507,1.20,0.50
2007.12.24 01:59:36.040,1.1503,1.1507,1.20,0.50
2007.12.24 01:59:36.163,1.1503,1.1507,1.20,0.50
2007.12.24 01:59:36.286,1.1503,1.1507,1.20,0.50
2007.12.24 01:59:36.408,1.1503,1.1507,1.20,0.50
2007.12.24 01:59:36.531,1.1503,1.1507,1.20,0.50
2007.12.24 01:59:36.653,1.1503,1.1507,1.20,0.50
2007.12.24 01:59:36.775,1.1503,1.1507,1.20,0.50
2007.12.24 01:59:36.874,1.1503,1.1507,1.20,0.50
2007.12.24 01:59:36.899,1.1503,1.1507,1.20,0.50
2007.12.24 01:59:37.021,1.1503,1.1508,1.20,8.10
2007.12.24 01:59:37.148,1.1503,1.1508,1.20,8.10
2007.12.24 01:59:37.277,1.1503,1.1507,1.20,0.50
2007.12.24 01:59:37.404,1.1503,1.1508,1.20,8.10
2007.12.24 01:59:37.533,1.1503,1.1507,1.20,0.50
2007.12.24 01:59:37.660,1.1503,1.1507,1.20,0.50
2007.12.24 01:59:37.788,1.1503,1.1508,1.20,8.10
2007.12.24 01:59:37.915,1.1503,1.1508,1.20,8.10
2007.12.24 01:59:38.044,1.1503,1.1508,1.20,8.10
2007.12.24 01:59:38.181,1.1503,1.1508,1.20,8.10
2007.12.24 01:59:38.290,1.1503,1.1508,1.20,8.10
2007.12.24 01:59:38.413,1.1503,1.1508,1.20,8.10
2007.12.24 01:59:38.536,1.1503,1.1507,1.20,0.50
2007.12.24 01:59:38.658,1.1503,1.1507,1.20,0.50
2007.12.24 01:59:38.780,1.1503,1.1508,1.20,8.10
2007.12.24 01:59:38.902,1.1503,1.1508,1.20,8.10
2007.12.24 01:59:39.024,1.1503,1.1508,1.20,8.10
2007.12.24 01:59:39.157,1.1503,1.1508,1.20,8.10
2007.12.24 01:59:39.290,1.1503,1.1508,1.20,8.10
2007.12.24 01:59:39.422,1.1503,1.1508,1.20,8.10
2007.12.24 01:59:39.554,1.1503,1.1507,1.20,0.50
2007.12.24 01:59:39.686,1.1503,1.1508,1.20,8.10
2007.12.24 01:59:39.820,1.1503,1.1508,1.20,8.10
2007.12.24 01:59:39.952,1.1503,1.1508,1.20,8.10
2007.12.24 01:59:40.086,1.1503,1.1507,1.20,0.50
2007.12.24 01:59:40.213,1.1503,1.1508,1.20,8.10
2007.12.24 01:59:40.341,1.1503,1.1507,1.20,0.50
2007.12.24 01:59:40.479,1.1503,1.1508,1.20,8.10
2007.12.24 01:59:40.607,1.1503,1.1507,1.20,0.50
2007.12.24 01:59:40.733,1.1503,1.1507,1.20,0.50
2007.12.24 01:59:40.862,1.1503,1.1508,1.20,8.10
2007.12.24 01:59:40.990,1.1503,1.1507,1.20,0.50
2007.12.24 01:59:41.118,1.1503,1.1507,1.20,0.50
2007.12.24 01:59:41.246,1.1503,1.1508,1.20,8.10
2007.12.24 01:59:41.363,1.1503,1.1508,1.20,8.10
2007.12.24 01:59:41.480,1.1503,1.1507,1.20,0.50
2007.12.24 01:59:41.599,1.1503,1.1508,1.20,8.10
2007.12.24 01:59:41.716,1.1503,1.1507,1.20,0.50
2007.12.24 01:59:41.833,1.1503,1.1508,1.20,8.10
2007.12.24 01:59:41.952,1.1503,1.1507,1.20,0.50
2007.12.24 01:59:42.069,1.1503,1.1508,1.20,8.10
2007.12.24 01:59:42.187,1.1503,1.1507,1.20,0.50
2007.12.24 01:59:42.319,1.1503,1.1507,1.20,0.50
2007.12.24 01:59:42.451,1.1503,1.1508,1.20,8.10
2007.12.24 01:59:42.584,1.1503,1.1507,1.20,0.50
2007.12.24 01:59:42.723,1.1503,1.1507,1.20,0.50
2007.12.24 01:59:42.857,1.1503,1.1507,1.20,0.50
2007.12.24 01:59:42.989,1.1503,1.1508,1.20,8.10
2007.12.24 01:59:43.121,1.1503,1.1507,1.20,0.50
2007.12.24 01:59:43.255,1.1503,1.1507,1.20,0.50
2007.12.24 01:59:43.397,1.1503,1.1508,1.20,8.10
2007.12.24 01:59:43.539,1.1503,1.1508,1.20,8.10
2007.12.24 01:59:43.683,1.1503,1.1508,1.20,8.10
2007.12.24 01:59:43.825,1.1503,1.1507,1.20,0.50
2007.12.24 01:59:43.968,1.1503,1.1507,0.50,0.50
2007.12.24 01:59:44.111,1.1503,1.1507,0.50,0.50
2007.12.24 01:59:44.253,1.1503,1.1508,0.50,8.10
2007.12.24 01:59:44.380,1.1503,1.1508,0.50,8.10
2007.12.24 01:59:44.509,1.1503,1.1508,0.50,8.10
2007.12.24 01:59:44.636,1.1503,1.1508,0.50,8.10
2007.12.24 01:59:44.763,1.1503,1.1507,0.50,0.50
2007.12.24 01:59:44.892,1.1503,1.1507,0.50,0.50
2007.12.24 01:59:45.019,1.1503,1.1508,0.50,8.10
2007.12.24 01:59:45.146,1.1503,1.1507,0.50,0.50
2007.12.24 01:59:45.275,1.1503,1.1508,0.50,8.10
2007.12.24 01:59:45.402,1.1503,1.1507,0.50,0.50
2007.12.24 01:59:45.539,1.1503,1.1507,0.50,0.50
2007.12.24 01:59:45.689,1.1503,1.1508,0.50,8.10
2007.12.24 01:59:45.826,1.1503,1.1508,0.50,8.10
2007.12.24 01:59:45.963,1.1503,1.1508,0.50,8.10
2007.12.24 01:59:46.100,1.1503,1.1508,0.50,8.10
2007.12.24 01:59:46.239,1.1503,1.1508,0.50,8.10
2007.12.24 01:59:46.376,1.1503,1.1508,0.50,8.10
2007.12.24 01:59:46.518,1.1503,1.1508,0.50,8.10
2007.12.24 01:59:46.662,1.1503,1.1508,0.50,8.10
2007.12.24 01:59:46.804,1.1503,1.1507,0.50,0.50
2007.12.24 01:59:46.948,1.1503,1.1508,0.50,8.10
2007.12.24 01:59:47.090,1.1503,1.1508,0.50,8.10
2007.12.24 01:59:47.232,1.1503,1.1508,0.50,8.10
2007.12.24 01:59:47.375,1.1503,1.1507,0.50,0.50
2007.12.24 01:59:47.492,1.1503,1.1508,0.50,8.10
2007.12.24 01:59:47.611,1.1503,1.1507,0.50,0.50
2007.12.24 01:59:47.728,1.1503,1.1507,0.50,0.50
2007.12.24 01:59:47.845,1.1503,1.1508,0.50,8.10
2007.12.24 01:59:47.964,1.1503,1.1508,0.50,8.10
2007.12.24 01:59:48.081,1.1503,1.1507,0.50,0.50
2007.12.24 01:59:48.198,1.1503,1.1508,0.50,8.10
2007.12.24 01:59:48.317,1.1503,1.1508,0.50,8.10
2007.12.24 01:59:48.434,1.1503,1.1508,0.50,8.10
2007.12.24 01:59:48.556,1.1503,1.1508,0.50,8.10
2007.12.24 01:59:48.679,1.1503,1.1507,0.50,0.50
2007.12.24 01:59:48.801,1.1503,1.1508,0.50,8.10
2007.12.24 01:59:48.924,1.1503,1.1508,0.50,8.10
2007.12.24 01:59:49.047,1.1503,1.1508,0.50,8.10
2007.12.24 01:59:49.169,1.1503,1.1508,0.50,8.10
2007.12.24 01:59:49.291,1.1503,1.1508,0.50,8.10
2007.12.24 01:59:49.414,1.1503,1.1508,0.50,8.10
2007.12.24 01:59:49.546,1.1503,1.1508,0.50,8.10
2007.12.24 01:59:49.679,1.1503,1.1508,0.50,8.10
2007.12.24 01:59:49.812,1.1503,1.1508,0.50,8.10
2007.12.24 01:59:49.944,1.1503,1.1507,0.50,0.50
2007.12.24 01:59:50.077,1.1503,1.1507,0.50,0.50
2007.12.24 01:59:50.210,1.1503,1.1507,0.50,0.50
2007.12.24 01:59:50.342,1.1503,1.1508,0.50,8.10
2007.12.24 01:59:50.475,1.1503,1.1508,0.50,8.10
2007.12.24 01:59:50.593,1.1503,1.1508,0.50,8.10
2007.12.24 01:59:50.710,1.1503,1.1508,0.50,8.10
2007.12.24 01:59:50.829,1.1503,1.1508,0.50,8.10
2007.12.24 01:59:50.946,1.1503,1.1508,0.50,8.10
2007.12.24 01:59:51.063,1.1503,1.1508,0.50,8.10
2007.12.24 01:59:51.181,1.1503,1.1508,0.50,8.10
2007.12.24 01:59:51.298,1.1503,1.1508,0.50,8.10
2007.12.24 01:59:51.417,1.1503,1.1507,0.50,0.50
2007.12.24 01:59:51.544,1.1503,1.1507,0.50,0.50
2007.12.24 01:59:51.672,1.1503,1.1507,0.50,0.50
2007.12.24 01:59:51.800,1.1503,1.1507,0.50,0.50
2007.12.24 01:59:51.927,1.1503,1.1507,0.50,0.50
2007.12.24 01:59:52.054,1.1503,1.1508,0.50,8.10
2007.12.24 01:59:52.182,1.1503,1.1508,0.50,8.10
2007.12.24 01:59:52.310,1.1503,1.1508,0.50,8.10
2007.12.24 01:59:52.437,1.1503,1.1507,0.50,0.50
2007.12.24 01:59:52.554,1.1503,1.1508,0.50,8.10
2007.12.24 01:59:52.685,1.1503,1.1508,0.50,8.10
2007.12.24 01:59:52.791,1.1503,1.1508,0.50,8.10
2007.12.24 01:59:52.908,1.1503,1.1507,0.50,0.50
2007.12.24 01:59:53.026,1.1503,1.1507,0.50,0.50
2007.12.24 01:59:53.145,1.1503,1.1508,0.50,8.10
2007.12.24 01:59:53.263,1.1503,1.1508,0.50,8.10
2007.12.24 01:59:53.379,1.1503,1.1508,0.50,16.10
2007.12.24 01:59:53.496,1.1503,1.1508,0.50,16.10
2007.12.24 01:59:53.709,1.1503,1.1509,0.50,16.00
2007.12.24 01:59:53.913,1.1502,1.1509,5.70,28.40
2007.12.24 01:59:53.923,1.1503,1.1508,0.50,0.50
2007.12.24 01:59:54.135,1.1502,1.15085,10.50,8.50
2007.12.24 01:59:54.349,1.1504,1.1508,0.90,0.50
2007.12.24 01:59:54.562,1.15035,1.1509,13.20,5.70
2007.12.24 01:59:54.685,1.15035,1.1509,13.20,5.70
2007.12.24 01:59:54.808,1.15035,1.1509,13.20,5.70
2007.12.24 01:59:54.931,1.1504,1.1508,0.70,0.50
2007.12.24 01:59:55.065,1.15035,1.1509,13.20,5.70
2007.12.24 01:59:55.187,1.15035,1.1509,13.20,5.70
2007.12.24 01:59:55.310,1.15035,1.1509,13.20,5.70
2007.12.24 01:59:55.434,1.15035,1.1509,13.20,5.70
2007.12.24 01:59:55.557,1.15035,1.1509,13.20,5.70
2007.12.24 01:59:55.698,1.15035,1.1509,13.20,5.70
2007.12.24 01:59:55.840,1.15035,1.1509,13.20,5.70
2007.12.24 01:59:55.983,1.1504,1.1508,0.90,0.50
2007.12.24 01:59:56.126,1.15035,1.1509,13.20,5.70
2007.12.24 01:59:56.270,1.15035,1.1509,13.20,5.70
2007.12.24 01:59:56.412,1.15035,1.1509,13.20,5.70
2007.12.24 01:59:56.554,1.15035,1.1509,13.20,5.70
2007.12.24 01:59:56.696,1.1504,1.1508,0.50,0.50
2007.12.24 01:59:56.815,1.1504,1.1508,0.70,0.50
2007.12.24 01:59:56.932,1.15035,1.1509,13.20,5.70
2007.12.24 01:59:57.049,1.1504,1.1508,0.70,0.50
2007.12.24 01:59:57.166,1.15035,1.1509,13.20,5.70
2007.12.24 01:59:57.284,1.1504,1.1508,0.60,0.50
2007.12.24 01:59:57.403,1.1504,1.1508,0.90,0.50
2007.12.24 01:59:57.520,1.15035,1.1509,13.20,5.70
2007.12.24 01:59:57.637,1.15035,1.1509,13.20,5.70
2007.12.24 01:59:57.785,1.15035,1.1509,13.20,5.70
2007.12.24 01:59:57.933,1.15035,1.1509,13.20,5.70
2007.12.24 01:59:58.080,1.15035,1.1509,13.20,5.70
2007.12.24 01:59:58.228,1.15035,1.1509,13.20,5.70
2007.12.24 01:59:58.376,1.15035,1.1509,13.20,5.70
2007.12.24 01:59:58.523,1.15035,1.1509,13.20,5.70
2007.12.24 01:59:58.671,1.15035,1.1509,13.20,5.70
2007.12.24 01:59:58.778,1.1504,1.1508,0.70,0.50
2007.12.24 01:59:58.886,1.15035,1.1509,13.20,5.70
2007.12.24 01:59:58.994,1.15035,1.1509,13.20,5.70
2007.12.24 01:59:59.101,1.1504,1.1508,0.60,0.50
2007.12.24 01:59:59.209,1.15035,1.1509,13.20,5.70
2007.12.24 01:59:59.318,1.15035,1.1509,13.20,5.70
2007.12.24 01:59:59.425,1.15035,1.1509,13.20,5.70
2007.12.24 01:59:59.532,1.1504,1.1508,0.80,0.50
2007.12.24 01:59:59.640,1.15035,1.1509,13.20,5.70
2007.12.24 01:59:59.785,1.15035,1.1509,13.20,5.70
2007.12.24 01:59:59.905,1.1504,1.1508,0.70,0.50
