2012.02.24 20:00:00.843,0.80944,0.80956,1.50,1.58
2012.02.24 20:00:01.478,0.80942,0.80955,1.50,1.58
2012.02.24 20:00:02.006,0.80943,0.80954,1.50,1.58
2012.02.24 20:00:02.328,0.80945,0.80957,1.58,1.58
2012.02.24 20:00:03.099,0.80945,0.80956,1.58,1.58
2012.02.24 20:00:03.616,0.80943,0.80955,1.50,1.58
2012.02.24 20:00:04.227,0.80943,0.80956,3.08,1.58
2012.02.24 20:00:05.061,0.80943,0.80956,3.08,1.58
2012.02.24 20:00:06.177,0.80945,0.80956,1.58,1.58
2012.02.24 20:00:06.245,0.80947,0.8096,1.58,1.58
2012.02.24 20:00:07.526,0.80947,0.8096,3.08,1.58
2012.02.24 20:00:08.333,0.80948,0.8096,1.50,1.58
2012.02.24 20:00:08.415,0.80944,0.80958,2.25,3.15
2012.02.24 20:00:08.486,0.80944,0.80955,1.50,1.58
2012.02.24 20:00:14.978,0.80943,0.80955,1.50,1.58
2012.02.24 20:00:15.524,0.80944,0.80958,2.33,1.58
2012.02.24 20:00:16.470,0.80944,0.80958,2.33,1.58
2012.02.24 20:00:16.546,0.80943,0.80956,3.83,1.58
2012.02.24 20:00:18.035,0.80947,0.80959,1.58,1.58
2012.02.24 20:00:18.465,0.80944,0.80958,3.08,1.58
2012.02.24 20:00:18.848,0.80943,0.80956,2.25,1.58
2012.02.24 20:00:22.820,0.80946,0.8096,1.58,1.58
2012.02.24 20:00:22.891,0.80945,0.80957,1.50,1.58
2012.02.24 20:00:23.402,0.80944,0.80954,1.50,1.58
2012.02.24 20:00:23.594,0.80944,0.80956,1.50,1.58
2012.02.24 20:00:25.855,0.80945,0.80957,2.33,1.58
2012.02.24 20:00:31.363,0.80944,0.80959,3.08,3.15
2012.02.24 20:00:31.440,0.80949,0.80963,1.50,2.33
2012.02.24 20:00:31.945,0.80951,0.80963,1.50,1.58
2012.02.24 20:00:32.445,0.80951,0.8096,1.50,1.58
2012.02.24 20:00:37.707,0.8095,0.80963,2.25,1.58
2012.02.24 20:00:38.113,0.8095,0.80961,2.25,1.58
2012.02.24 20:00:39.985,0.8095,0.80963,2.25,1.58
2012.02.24 20:00:41.995,0.80951,0.80965,2.33,1.58
2012.02.24 20:00:42.068,0.80951,0.80965,2.33,1.58
2012.02.24 20:00:42.506,0.80953,0.80967,2.33,2.33
2012.02.24 20:00:43.376,0.80953,0.80968,2.33,2.33
2012.02.24 20:00:43.456,0.80952,0.80964,2.33,1.58
2012.02.24 20:00:46.992,0.80952,0.80964,1.58,1.58
2012.02.24 20:00:47.115,0.8095,0.80963,1.50,1.58
2012.02.24 20:00:47.680,0.80952,0.80965,1.58,1.58
2012.02.24 20:01:05.607,0.8095,0.80964,2.33,1.58
2012.02.24 20:01:11.554,0.80952,0.80965,1.58,1.58
2012.02.24 20:01:12.014,0.80951,0.80963,1.58,1.58
2012.02.24 20:01:16.497,0.80951,0.80966,1.58,1.58
2012.02.24 20:01:18.264,0.8095,0.80963,2.33,1.58
2012.02.24 20:01:20.325,0.80952,0.80965,1.58,1.58
2012.02.24 20:01:21.281,0.8095,0.80964,2.33,1.58
2012.02.24 20:01:27.153,0.80951,0.80966,1.58,1.58
2012.02.24 20:01:28.452,0.80951,0.80963,1.58,1.58
2012.02.24 20:01:37.473,0.80953,0.80967,1.58,2.33
2012.02.24 20:01:38.005,0.80952,0.80967,2.33,2.33
2012.02.24 20:01:38.663,0.80951,0.80963,3.83,1.58
2012.02.24 20:01:51.928,0.80956,0.80968,2.33,2.33
2012.02.24 20:01:52.174,0.8096,0.80972,2.33,2.33
2012.02.24 20:01:52.526,0.80962,0.80971,1.50,2.33
2012.02.24 20:01:53.056,0.80964,0.80978,1.50,2.33
2012.02.24 20:01:53.130,0.80963,0.80978,2.33,1.58
2012.02.24 20:01:55.204,0.80966,0.80979,1.58,1.58
2012.02.24 20:01:56.116,0.80964,0.80977,2.33,1.58
2012.02.24 20:01:56.584,0.80965,0.8098,2.33,3.15
2012.02.24 20:01:56.970,0.80967,0.8098,2.25,1.58
2012.02.24 20:01:57.289,0.80968,0.80983,3.83,3.15
2012.02.24 20:01:57.869,0.80968,0.80983,3.83,1.58
2012.02.24 20:01:57.945,0.80966,0.80978,3.83,1.58
2012.02.24 20:01:59.359,0.80968,0.8098,1.50,1.58
2012.02.24 20:01:59.493,0.8097,0.80983,1.58,3.15
2012.02.24 20:01:59.836,0.80971,0.80985,1.58,1.58
2012.02.24 20:02:00.591,0.80971,0.80985,3.83,1.58
2012.02.24 20:02:00.923,0.80968,0.8098,2.33,1.58
2012.02.24 20:02:01.445,0.80967,0.80979,2.25,1.58
2012.02.24 20:02:01.641,0.80967,0.80981,3.83,3.15
2012.02.24 20:02:02.177,0.80967,0.80981,3.83,1.58
2012.02.24 20:02:04.039,0.80967,0.80978,2.25,1.58
2012.02.24 20:02:04.354,0.80973,0.80983,1.50,1.58
2012.02.24 20:02:04.483,0.80975,0.80986,1.50,1.58
2012.02.24 20:02:05.195,0.80976,0.80988,1.50,1.58
2012.02.24 20:02:05.436,0.80976,0.80986,1.50,1.58
2012.02.24 20:02:05.958,0.80975,0.80985,2.25,1.58
2012.02.24 20:02:06.305,0.80976,0.80988,2.33,1.58
2012.02.24 20:02:06.497,0.80976,0.80986,1.50,1.58
2012.02.24 20:02:07.179,0.80975,0.80986,2.25,1.58
2012.02.24 20:02:09.236,0.80977,0.80991,3.08,1.58
2012.02.24 20:02:09.305,0.80977,0.80991,3.08,1.58
2012.02.24 20:02:09.376,0.8098,0.80994,2.33,1.58
2012.02.24 20:02:09.816,0.80981,0.80991,1.50,1.58
2012.02.24 20:02:10.943,0.80983,0.80991,2.25,1.58
2012.02.24 20:02:11.316,0.80982,0.80993,1.50,1.58
2012.02.24 20:02:11.384,0.80982,0.80993,1.50,1.58
2012.02.24 20:02:12.004,0.80982,0.80993,2.25,1.58
2012.02.24 20:02:12.078,0.80983,0.80993,1.50,1.58
2012.02.24 20:02:12.662,0.80983,0.80993,1.50,1.58
2012.02.24 20:02:13.139,0.80981,0.80993,1.50,1.58
2012.02.24 20:02:13.206,0.80982,0.80993,1.50,1.58
2012.02.24 20:02:13.275,0.80983,0.80995,2.33,3.15
2012.02.24 20:02:13.555,0.80985,0.80997,2.33,1.58
2012.02.24 20:02:13.814,0.80984,0.80996,1.50,1.58
2012.02.24 20:02:14.856,0.80984,0.80996,1.50,1.58
2012.02.24 20:02:15.089,0.80984,0.80996,1.50,1.58
2012.02.24 20:02:15.399,0.80984,0.80996,1.50,2.33
2012.02.24 20:02:16.295,0.80984,0.80996,1.50,1.58
2012.02.24 20:02:17.829,0.80984,0.80996,1.50,1.58
2012.02.24 20:02:21.115,0.80982,0.80994,2.25,1.58
2012.02.24 20:02:21.317,0.8098,0.80992,2.33,1.58
2012.02.24 20:02:21.898,0.80978,0.80991,1.50,1.58
2012.02.24 20:02:22.807,0.80978,0.8099,1.50,1.58
2012.02.24 20:02:23.063,0.80977,0.80986,1.50,1.58
2012.02.24 20:02:23.507,0.80976,0.80988,3.08,1.58
2012.02.24 20:02:27.166,0.80978,0.80988,1.58,1.58
2012.02.24 20:02:27.236,0.8098,0.80993,2.33,3.83
2012.02.24 20:02:27.824,0.80983,0.80996,1.58,1.50
2012.02.24 20:02:27.899,0.80983,0.80997,3.08,1.58
2012.02.24 20:02:29.010,0.80983,0.80994,1.50,1.58
2012.02.24 20:02:35.054,0.80984,0.80996,2.33,1.58
2012.02.24 20:02:35.516,0.80984,0.80996,3.08,1.58
2012.02.24 20:02:35.587,0.80986,0.80999,1.50,2.33
2012.02.24 20:02:35.728,0.80988,0.81,1.58,2.33
2012.02.24 20:02:36.274,0.80988,0.81,3.83,2.33
2012.02.24 20:02:36.794,0.80988,0.80999,1.50,1.58
2012.02.24 20:02:37.113,0.80985,0.80996,1.50,1.58
2012.02.24 20:02:38.715,0.80984,0.80996,3.08,1.58
2012.02.24 20:02:38.978,0.80986,0.80998,2.33,1.58
2012.02.24 20:02:43.151,0.80986,0.80998,1.58,2.33
2012.02.24 20:02:52.406,0.80987,0.81,1.58,1.58
2012.02.24 20:02:54.023,0.80988,0.81003,1.58,2.33
2012.02.24 20:02:54.218,0.80987,0.80999,2.33,1.58
2012.02.24 20:02:57.234,0.80987,0.80999,3.08,1.58
2012.02.24 20:02:57.365,0.8099,0.81002,1.58,1.58
2012.02.24 20:02:57.435,0.80991,0.81005,1.58,1.58
2012.02.24 20:02:58.534,0.80991,0.81005,3.08,2.33
2012.02.24 20:03:01.447,0.80995,0.81007,2.33,2.33
2012.02.24 20:03:01.588,0.80995,0.81007,2.33,1.58
2012.02.24 20:03:02.054,0.80992,0.81005,1.50,1.58
2012.02.24 20:03:02.716,0.80994,0.81005,1.50,1.58
2012.02.24 20:03:02.791,0.80991,0.81004,1.50,1.58
2012.02.24 20:03:03.347,0.80992,0.81004,3.08,1.58
2012.02.24 20:03:03.875,0.80992,0.81004,2.33,1.58
2012.02.24 20:03:05.524,0.80993,0.81007,2.33,1.58
2012.02.24 20:03:06.206,0.80998,0.81009,1.58,1.50
2012.02.24 20:03:06.277,0.81,0.81012,1.58,2.33
2012.02.24 20:03:06.788,0.80997,0.8101,3.08,1.58
2012.02.24 20:03:06.857,0.80997,0.81008,1.50,1.58
2012.02.24 20:03:06.985,0.80996,0.8101,2.33,1.58
2012.02.24 20:03:07.057,0.80998,0.81012,3.08,1.58
2012.02.24 20:03:07.194,0.80998,0.81009,1.50,1.58
2012.02.24 20:03:07.725,0.80997,0.81009,1.58,1.58
2012.02.24 20:03:08.207,0.80998,0.81009,1.50,1.58
2012.02.24 20:03:08.935,0.81002,0.81012,1.50,1.58
2012.02.24 20:03:09.013,0.81006,0.81018,1.50,1.58
2012.02.24 20:03:09.729,0.81006,0.81016,1.50,1.58
2012.02.24 20:03:09.865,0.81003,0.81015,1.50,1.58
2012.02.24 20:03:10.057,0.81002,0.81015,1.50,1.58
2012.02.24 20:03:10.608,0.81005,0.81017,1.58,1.58
2012.02.24 20:03:11.665,0.81005,0.81017,1.58,2.33
2012.02.24 20:03:12.269,0.81005,0.81017,1.58,1.58
2012.02.24 20:03:12.791,0.81003,0.81017,3.08,1.58
2012.02.24 20:03:13.361,0.81005,0.81018,1.58,1.58
2012.02.24 20:03:13.864,0.81003,0.81017,3.08,1.58
2012.02.24 20:03:13.933,0.81004,0.81019,2.33,2.33
2012.02.24 20:03:14.845,0.81004,0.81015,1.50,1.58
2012.02.24 20:03:15.174,0.81001,0.81012,2.25,1.58
2012.02.24 20:03:15.495,0.80999,0.8101,2.25,1.58
2012.02.24 20:03:15.626,0.81003,0.81015,2.33,1.58
2012.02.24 20:03:16.841,0.81002,0.81013,2.25,1.58
2012.02.24 20:03:17.438,0.81002,0.81014,2.25,1.58
2012.02.24 20:03:17.826,0.81002,0.81014,1.50,1.58
2012.02.24 20:03:17.895,0.81002,0.81012,1.50,1.58
2012.02.24 20:03:17.969,0.81002,0.81015,1.50,1.58
2012.02.24 20:03:18.096,0.81002,0.81015,1.50,1.58
2012.02.24 20:03:19.716,0.81004,0.81015,1.50,1.58
2012.02.24 20:03:19.845,0.81005,0.81018,2.33,1.58
2012.02.24 20:03:19.914,0.81005,0.81018,2.33,1.58
2012.02.24 20:03:20.105,0.81003,0.81017,2.58,1.58
2012.02.24 20:03:25.314,0.81,0.81015,4.08,1.58
2012.02.24 20:03:26.217,0.81001,0.8101,1.50,1.58
2012.02.24 20:03:26.744,0.80998,0.81011,3.83,1.58
2012.02.24 20:03:28.259,0.81,0.81011,1.50,1.58
2012.02.24 20:03:29.034,0.81,0.81009,2.25,1.58
2012.02.24 20:03:29.695,0.80997,0.81009,3.08,1.58
2012.02.24 20:03:30.218,0.80998,0.81009,1.50,1.58
2012.02.24 20:03:30.490,0.80998,0.81011,1.50,1.58
2012.02.24 20:03:30.628,0.81,0.81011,2.33,1.58
2012.02.24 20:03:31.147,0.81,0.81012,3.08,1.58
2012.02.24 20:03:32.089,0.80998,0.8101,1.50,1.58
2012.02.24 20:03:32.347,0.80997,0.8101,2.33,1.58
2012.02.24 20:03:32.865,0.80998,0.8101,1.50,1.58
2012.02.24 20:03:33.388,0.80997,0.8101,2.58,1.58
2012.02.24 20:03:35.058,0.80997,0.81008,1.50,1.58
2012.02.24 20:03:35.254,0.80997,0.8101,2.25,1.58
2012.02.24 20:03:35.951,0.80998,0.8101,1.50,1.58
2012.02.24 20:03:37.164,0.80998,0.8101,2.25,1.58
2012.02.24 20:03:40.215,0.80997,0.8101,2.25,1.58
2012.02.24 20:03:40.284,0.80997,0.81008,2.25,1.58
2012.02.24 20:03:40.786,0.80997,0.81009,3.83,1.58
2012.02.24 20:03:41.675,0.80998,0.81009,1.50,1.58
2012.02.24 20:03:42.655,0.80997,0.81009,3.83,1.58
2012.02.24 20:03:43.197,0.80997,0.81009,3.83,1.58
2012.02.24 20:03:43.266,0.80997,0.81009,3.83,1.58
2012.02.24 20:03:43.454,0.80997,0.81009,3.08,1.58
2012.02.24 20:03:49.747,0.80997,0.81009,3.08,1.58
2012.02.24 20:03:52.469,0.80997,0.81009,3.83,1.58
2012.02.24 20:03:58.650,0.80997,0.81009,3.83,1.58
2012.02.24 20:03:59.320,0.80997,0.81008,1.50,1.58
2012.02.24 20:03:59.897,0.80997,0.81009,3.08,1.58
2012.02.24 20:04:00.085,0.80995,0.81006,2.25,1.58
2012.02.24 20:04:00.215,0.80993,0.81006,3.83,1.58
2012.02.24 20:04:00.615,0.80993,0.81004,2.25,1.58
2012.02.24 20:04:00.947,0.80996,0.81007,1.50,1.58
2012.02.24 20:04:01.551,0.80998,0.81011,2.33,3.90
2012.02.24 20:04:01.630,0.80996,0.81008,1.50,1.58
2012.02.24 20:04:02.174,0.80997,0.81009,2.33,1.58
2012.02.24 20:04:03.621,0.80997,0.81009,1.58,1.58
2012.02.24 20:04:04.194,0.80995,0.81007,1.58,1.58
2012.02.24 20:04:06.494,0.80996,0.8101,1.58,3.15
2012.02.24 20:04:07.093,0.80994,0.81008,3.15,1.58
2012.02.24 20:04:14.654,0.80994,0.81,1.58,1.58
2012.02.24 20:04:14.724,0.80994,0.81008,1.58,3.15
2012.02.24 20:04:14.796,0.80992,0.81006,2.33,1.58
2012.02.24 20:04:15.358,0.80994,0.81007,1.58,1.58
2012.02.24 20:04:16.447,0.80993,0.81005,2.33,1.58
2012.02.24 20:04:16.525,0.80994,0.81007,1.58,1.58
2012.02.24 20:04:21.623,0.80995,0.81009,1.58,1.58
2012.02.24 20:04:21.753,0.80995,0.81009,2.33,1.58
2012.02.24 20:04:29.653,0.80998,0.8101,1.58,1.58
2012.02.24 20:04:29.975,0.81,0.81012,1.58,3.15
2012.02.24 20:04:30.646,0.81001,0.81014,1.58,1.58
2012.02.24 20:04:31.092,0.81002,0.81016,1.58,3.15
2012.02.24 20:04:31.639,0.81001,0.81015,2.25,1.58
2012.02.24 20:04:33.378,0.81002,0.81012,1.50,1.58
2012.02.24 20:04:35.542,0.80998,0.8101,2.25,1.58
2012.02.24 20:04:35.734,0.80998,0.8101,2.25,1.58
2012.02.24 20:04:36.103,0.81001,0.81015,1.58,1.58
2012.02.24 20:04:36.532,0.80999,0.81013,3.90,1.58
2012.02.24 20:04:50.825,0.80996,0.81007,1.50,1.58
2012.02.24 20:04:50.896,0.80995,0.81007,2.33,1.58
2012.02.24 20:04:50.966,0.80995,0.81004,1.50,1.58
2012.02.24 20:04:51.816,0.80995,0.81007,1.50,1.58
2012.02.24 20:04:52.360,0.80995,0.81006,1.50,1.58
2012.02.24 20:04:53.611,0.80993,0.81005,1.50,1.58
2012.02.24 20:04:54.207,0.80994,0.81006,2.33,1.58
2012.02.24 20:04:59.488,0.80995,0.81009,2.33,1.58
2012.02.24 20:05:00.170,0.80997,0.8101,1.58,1.58
2012.02.24 20:05:00.246,0.80996,0.81009,1.50,1.58
2012.02.24 20:05:00.820,0.80996,0.81008,1.50,1.58
2012.02.24 20:05:01.947,0.80996,0.81009,3.08,1.58
2012.02.24 20:05:02.747,0.80997,0.81009,1.50,1.58
2012.02.24 20:05:02.816,0.80997,0.81011,3.83,3.83
2012.02.24 20:05:02.944,0.80997,0.81011,3.83,3.83
2012.02.24 20:05:03.491,0.80999,0.81012,3.08,1.58
2012.02.24 20:05:04.654,0.80999,0.81011,1.50,1.58
2012.02.24 20:05:12.634,0.81,0.81013,2.33,1.58
2012.02.24 20:05:12.887,0.80999,0.81011,3.08,1.58
2012.02.24 20:05:14.238,0.81005,0.81014,1.50,1.58
2012.02.24 20:05:14.307,0.81005,0.81014,1.50,1.58
2012.02.24 20:05:14.382,0.81005,0.81016,1.50,2.33
2012.02.24 20:05:14.456,0.81007,0.81018,1.50,1.58
2012.02.24 20:05:14.527,0.81007,0.81016,1.50,1.58
2012.02.24 20:05:15.609,0.81007,0.81016,1.50,1.58
2012.02.24 20:05:20.808,0.81006,0.81017,1.50,1.58
2012.02.24 20:05:24.673,0.81007,0.81017,1.50,1.58
2012.02.24 20:05:25.013,0.81007,0.8102,1.50,1.58
2012.02.24 20:05:31.273,0.81007,0.8102,1.50,1.58
2012.02.24 20:05:31.523,0.81008,0.81023,3.08,2.33
2012.02.24 20:05:32.116,0.81009,0.81019,1.50,1.58
2012.02.24 20:05:35.185,0.81009,0.81019,1.50,1.58
2012.02.24 20:05:35.374,0.81009,0.81021,3.08,1.58
2012.02.24 20:05:36.152,0.81009,0.81019,1.50,1.58
2012.02.24 20:05:45.994,0.81009,0.8102,1.50,1.58
2012.02.24 20:06:03.004,0.81009,0.8102,1.50,1.58
2012.02.24 20:06:03.645,0.81011,0.81024,1.58,2.33
2012.02.24 20:06:04.452,0.81009,0.81022,2.25,3.15
2012.02.24 20:06:04.649,0.81009,0.81018,1.50,1.58
2012.02.24 20:06:04.972,0.81008,0.8102,3.08,1.58
2012.02.24 20:06:10.733,0.81008,0.81019,1.50,1.58
2012.02.24 20:06:11.123,0.81006,0.81019,3.08,2.33
2012.02.24 20:06:11.194,0.81006,0.81019,3.08,2.33
2012.02.24 20:06:11.530,0.81006,0.81019,3.08,2.33
2012.02.24 20:06:14.266,0.81006,0.81019,3.08,1.58
2012.02.24 20:06:14.406,0.81007,0.81021,2.33,2.33
2012.02.24 20:06:14.473,0.81006,0.81019,3.08,1.58
2012.02.24 20:06:15.171,0.81006,0.81019,3.08,1.58
2012.02.24 20:06:15.487,0.81006,0.81017,1.50,1.58
2012.02.24 20:06:31.235,0.81003,0.81012,1.50,1.58
2012.02.24 20:06:31.308,0.81004,0.81014,1.50,1.58
2012.02.24 20:06:31.614,0.81003,0.81012,1.50,1.58
2012.02.24 20:06:31.743,0.81003,0.81012,1.50,1.58
2012.02.24 20:06:31.813,0.81003,0.81016,3.08,2.33
2012.02.24 20:06:32.403,0.81002,0.81014,2.33,1.58
2012.02.24 20:06:33.604,0.81002,0.81013,1.50,1.58
2012.02.24 20:06:33.677,0.81002,0.81015,3.08,1.58
2012.02.24 20:06:34.144,0.81003,0.81017,2.33,1.58
2012.02.24 20:06:35.134,0.81002,0.81014,2.33,1.58
2012.02.24 20:06:35.745,0.81002,0.81017,2.33,1.58
2012.02.24 20:06:40.993,0.81003,0.81016,1.50,1.58
2012.02.24 20:06:41.063,0.81002,0.81014,2.33,1.58
2012.02.24 20:06:42.971,0.81004,0.81017,1.13,2.33
2012.02.24 20:06:43.054,0.81013,0.81025,1.58,1.58
2012.02.24 20:06:43.638,0.81012,0.81025,1.50,1.58
2012.02.24 20:06:43.949,0.81012,0.81025,1.50,1.58
2012.02.24 20:06:46.744,0.81015,0.81027,2.33,3.15
2012.02.24 20:06:47.115,0.81018,0.81032,2.33,1.58
2012.02.24 20:06:47.306,0.81015,0.8103,2.58,1.58
2012.02.24 20:06:47.613,0.81015,0.81027,2.33,1.58
2012.02.24 20:06:49.599,0.81014,0.81026,1.50,1.58
2012.02.24 20:06:49.924,0.81008,0.8102,1.75,1.58
2012.02.24 20:06:50.274,0.81006,0.81018,1.50,1.58
2012.02.24 20:06:50.784,0.81005,0.81017,3.08,1.58
2012.02.24 20:06:51.234,0.81005,0.8102,3.08,1.58
2012.02.24 20:06:51.913,0.81005,0.8102,4.08,1.58
2012.02.24 20:06:52.578,0.81014,0.81024,2.33,2.25
2012.02.24 20:06:52.656,0.81016,0.81028,1.58,1.58
2012.02.24 20:06:53.483,0.81014,0.81026,3.90,1.58
2012.02.24 20:07:01.500,0.81015,0.81029,2.33,1.58
2012.02.24 20:07:04.556,0.81016,0.81029,1.50,1.58
2012.02.24 20:07:05.655,0.81017,0.81031,3.08,1.58
2012.02.24 20:07:05.790,0.81018,0.81031,1.50,1.58
2012.02.24 20:07:06.103,0.8102,0.81032,3.08,3.15
2012.02.24 20:07:09.796,0.81023,0.81032,1.50,1.58
2012.02.24 20:07:09.867,0.81024,0.81035,1.50,1.58
2012.02.24 20:07:10.117,0.81022,0.81032,2.25,1.58
2012.02.24 20:07:10.629,0.81021,0.81032,1.50,1.58
2012.02.24 20:07:12.655,0.81021,0.81032,1.50,1.58
2012.02.24 20:07:15.104,0.81021,0.81032,1.50,1.58
2012.02.24 20:07:15.862,0.8102,0.81032,4.58,1.58
2012.02.24 20:07:28.271,0.81022,0.81034,2.58,1.58
2012.02.24 20:07:28.853,0.81023,0.81036,1.58,1.58
2012.02.24 20:07:28.947,0.81021,0.81036,2.33,1.58
2012.02.24 20:07:29.097,0.8102,0.81033,2.25,1.58
2012.02.24 20:07:29.446,0.8102,0.8103,2.25,1.58
2012.02.24 20:07:29.580,0.8102,0.81032,2.25,3.15
2012.02.24 20:07:29.913,0.8102,0.81034,3.83,1.58
2012.02.24 20:07:30.105,0.8102,0.81031,2.25,1.58
2012.02.24 20:07:33.946,0.8102,0.81032,3.83,1.58
2012.02.24 20:07:34.773,0.8102,0.81033,2.25,1.58
2012.02.24 20:07:36.438,0.81023,0.81035,2.33,1.58
2012.02.24 20:07:36.787,0.81025,0.81036,1.50,1.58
2012.02.24 20:07:36.856,0.81025,0.81038,1.50,3.15
2012.02.24 20:07:37.046,0.81025,0.81036,2.25,1.58
2012.02.24 20:07:37.865,0.81027,0.81037,1.58,1.58
2012.02.24 20:07:38.692,0.81031,0.8104,2.33,1.58
2012.02.24 20:07:38.771,0.81029,0.81042,3.90,1.58
2012.02.24 20:07:39.564,0.81031,0.8104,2.25,1.58
2012.02.24 20:07:39.954,0.81031,0.81043,2.25,3.15
2012.02.24 20:07:41.254,0.81031,0.81045,3.83,1.58
2012.02.24 20:07:41.328,0.81035,0.81045,1.50,1.58
2012.02.24 20:07:41.455,0.81035,0.81047,1.50,1.58
2012.02.24 20:07:41.527,0.81033,0.81041,2.33,1.58
2012.02.24 20:07:41.595,0.81028,0.8104,1.75,1.58
2012.02.24 20:07:41.937,0.81029,0.81042,3.08,1.58
2012.02.24 20:07:42.009,0.8103,0.81041,1.50,1.58
2012.02.24 20:07:42.256,0.81027,0.81041,2.25,1.58
2012.02.24 20:07:43.834,0.81025,0.81039,3.83,1.58
2012.02.24 20:07:44.026,0.81025,0.81039,3.08,1.58
2012.02.24 20:07:44.607,0.81025,0.81037,1.58,1.50
2012.02.24 20:07:44.957,0.81008,0.81019,1.50,1.58
2012.02.24 20:07:45.027,0.81008,0.81019,1.50,1.58
2012.02.24 20:07:45.992,0.81007,0.81019,2.33,1.58
2012.02.24 20:07:47.015,0.81008,0.81019,1.58,1.58
2012.02.24 20:07:47.094,0.8101,0.81022,2.33,2.33
2012.02.24 20:07:47.764,0.81014,0.81026,1.58,3.08
2012.02.24 20:07:47.847,0.81018,0.81026,1.58,2.33
2012.02.24 20:07:47.918,0.81021,0.81033,1.58,2.33
2012.02.24 20:07:48.059,0.81019,0.81031,2.33,1.58
2012.02.24 20:07:48.605,0.81017,0.8103,1.50,1.58
2012.02.24 20:07:48.677,0.81016,0.8103,2.33,1.58
2012.02.24 20:07:49.495,0.81017,0.8103,2.25,1.58
2012.02.24 20:07:49.574,0.8102,0.81032,2.33,2.33
2012.02.24 20:07:49.764,0.81017,0.81031,4.65,1.58
2012.02.24 20:07:50.220,0.81019,0.81033,2.33,4.65
2012.02.24 20:07:50.620,0.81018,0.8103,2.33,1.58
2012.02.24 20:07:52.425,0.81018,0.8103,1.58,1.58
2012.02.24 20:07:53.010,0.81015,0.81029,2.58,1.58
2012.02.24 20:07:57.524,0.81016,0.81029,1.50,1.58
2012.02.24 20:07:57.869,0.81012,0.81024,3.83,1.58
2012.02.24 20:07:58.244,0.81012,0.81024,3.83,1.58
2012.02.24 20:07:58.559,0.81018,0.81028,1.50,1.58
2012.02.24 20:07:58.627,0.81017,0.81028,1.50,1.58
2012.02.24 20:08:00.564,0.81016,0.81028,2.33,1.58
2012.02.24 20:08:03.626,0.81015,0.81029,1.50,2.33
2012.02.24 20:08:07.388,0.81017,0.81029,1.58,2.33
2012.02.24 20:08:08.032,0.81018,0.81029,1.50,1.58
2012.02.24 20:08:08.179,0.81017,0.81029,2.33,1.58
2012.02.24 20:08:08.445,0.81017,0.81029,3.08,1.58
2012.02.24 20:08:08.575,0.81018,0.81032,2.33,3.15
2012.02.24 20:08:08.925,0.81017,0.8103,3.08,1.58
2012.02.24 20:08:10.141,0.81018,0.81031,2.33,1.58
2012.02.24 20:08:10.954,0.81021,0.81033,1.58,1.58
2012.02.24 20:08:12.557,0.81018,0.81033,3.08,1.58
2012.02.24 20:08:12.826,0.81018,0.8103,2.33,1.58
2012.02.24 20:08:15.184,0.81016,0.8103,3.00,1.58
2012.02.24 20:08:16.087,0.81015,0.8103,2.33,1.58
2012.02.24 20:08:16.702,0.81015,0.81027,2.58,1.58
2012.02.24 20:08:17.769,0.81015,0.81029,2.33,1.58
2012.02.24 20:08:17.837,0.81015,0.81029,2.33,1.58
2012.02.24 20:08:18.353,0.81015,0.8103,3.33,1.58
2012.02.24 20:08:18.697,0.81015,0.8103,1.58,1.58
2012.02.24 20:08:18.765,0.81014,0.81026,3.08,1.58
2012.02.24 20:08:19.927,0.81014,0.81026,2.33,1.58
2012.02.24 20:08:20.979,0.81015,0.81029,2.33,1.58
2012.02.24 20:08:21.587,0.81013,0.81021,3.33,1.58
2012.02.24 20:08:21.662,0.81009,0.81021,2.33,1.58
2012.02.24 20:08:21.742,0.81005,0.81016,1.13,1.58
2012.02.24 20:08:21.825,0.81004,0.81019,3.08,1.58
2012.02.24 20:08:24.018,0.81003,0.81016,2.33,1.58
2012.02.24 20:08:24.345,0.81001,0.81013,1.50,1.58
2012.02.24 20:08:24.665,0.80998,0.81013,3.08,1.58
2012.02.24 20:08:24.734,0.81,0.81013,1.50,1.58
2012.02.24 20:08:25.057,0.80997,0.8101,3.08,1.58
2012.02.24 20:08:25.128,0.80996,0.81008,3.08,1.58
2012.02.24 20:08:25.633,0.80996,0.81008,2.33,1.58
2012.02.24 20:08:25.967,0.80993,0.81007,3.08,1.58
2012.02.24 20:08:26.156,0.80991,0.81004,1.50,1.58
2012.02.24 20:08:26.723,0.8099,0.81004,3.08,1.58
2012.02.24 20:08:28.117,0.80989,0.81003,3.08,1.58
2012.02.24 20:08:28.443,0.80989,0.81001,1.50,1.58
2012.02.24 20:08:28.945,0.80987,0.81001,3.83,1.58
2012.02.24 20:08:29.384,0.80988,0.81001,1.50,1.58
2012.02.24 20:08:29.584,0.80988,0.81001,2.25,1.58
2012.02.24 20:08:30.794,0.80989,0.81001,1.50,1.58
2012.02.24 20:08:30.879,0.80995,0.81007,2.33,2.33
2012.02.24 20:08:31.137,0.80996,0.81007,1.50,1.58
2012.02.24 20:08:31.208,0.80997,0.81009,2.33,2.33
2012.02.24 20:08:31.280,0.80995,0.81006,3.08,1.58
2012.02.24 20:08:31.668,0.80994,0.81004,1.50,1.58
2012.02.24 20:08:32.004,0.80991,0.81003,2.25,3.15
2012.02.24 20:08:33.111,0.80991,0.81003,2.25,1.58
2012.02.24 20:08:33.195,0.80991,0.81001,1.50,1.58
2012.02.24 20:08:33.671,0.80989,0.80996,1.50,1.58
2012.02.24 20:08:33.755,0.80984,0.80996,1.50,1.58
2012.02.24 20:08:33.832,0.80983,0.80996,1.50,1.58
2012.02.24 20:08:34.026,0.80981,0.80994,1.50,1.58
2012.02.24 20:08:35.967,0.80983,0.80995,2.33,1.58
2012.02.24 20:08:37.626,0.80983,0.80995,3.08,1.58
2012.02.24 20:08:37.968,0.8098,0.80992,2.33,1.58
2012.02.24 20:08:38.276,0.80983,0.80994,1.50,1.58
2012.02.24 20:08:38.404,0.80983,0.80997,1.50,1.58
2012.02.24 20:08:38.844,0.80983,0.80994,1.50,1.58
2012.02.24 20:08:40.287,0.80981,0.80994,3.83,1.58
2012.02.24 20:08:40.427,0.80981,0.80991,1.50,1.58
2012.02.24 20:08:40.855,0.80979,0.80988,1.50,1.58
2012.02.24 20:08:40.984,0.80979,0.8099,1.50,1.58
2012.02.24 20:08:41.054,0.80977,0.8099,1.50,1.58
2012.02.24 20:08:41.244,0.80977,0.80989,1.50,1.58
2012.02.24 20:08:41.555,0.80977,0.80989,3.08,1.58
2012.02.24 20:08:41.746,0.80978,0.80991,2.33,1.58
2012.02.24 20:08:42.271,0.80978,0.80992,2.33,1.58
2012.02.24 20:08:43.245,0.80977,0.80989,3.83,1.58
2012.02.24 20:08:43.734,0.80979,0.80992,2.33,1.58
2012.02.24 20:08:44.044,0.8098,0.80994,2.33,2.33
2012.02.24 20:08:44.368,0.80978,0.80992,1.58,1.58
2012.02.24 20:08:46.207,0.80981,0.80994,1.58,1.58
2012.02.24 20:08:46.553,0.80978,0.80991,2.33,1.58
2012.02.24 20:08:47.225,0.80976,0.8099,3.08,1.58
2012.02.24 20:08:47.437,0.80979,0.80992,2.33,1.58
2012.02.24 20:08:54.100,0.80979,0.80992,3.08,1.58
2012.02.24 20:08:54.223,0.8098,0.80994,3.08,1.58
2012.02.24 20:08:54.366,0.80981,0.80994,1.50,1.58
2012.02.24 20:08:55.047,0.80978,0.80991,1.50,1.58
2012.02.24 20:08:57.814,0.80978,0.80993,3.08,3.15
2012.02.24 20:09:00.475,0.80978,0.80993,3.08,1.58
2012.02.24 20:09:07.186,0.80978,0.80993,3.08,1.58
2012.02.24 20:09:08.554,0.80979,0.80993,2.25,1.58
2012.02.24 20:09:08.876,0.80983,0.80994,1.50,1.58
2012.02.24 20:09:09.623,0.80983,0.80997,1.50,1.58
2012.02.24 20:09:10.146,0.80983,0.80995,1.50,1.58
2012.02.24 20:09:11.656,0.80983,0.80996,3.08,1.58
2012.02.24 20:09:11.964,0.80983,0.80996,2.33,2.33
2012.02.24 20:09:14.219,0.80978,0.80992,3.08,1.58
2012.02.24 20:09:16.940,0.80978,0.80992,3.08,1.58
2012.02.24 20:09:17.004,0.80979,0.80994,2.33,3.15
2012.02.24 20:09:18.011,0.80982,0.80994,1.58,1.58
2012.02.24 20:09:18.581,0.80982,0.80994,3.08,1.58
2012.02.24 20:09:21.400,0.80982,0.80994,2.33,1.58
2012.02.24 20:09:21.907,0.8098,0.80993,2.33,1.58
2012.02.24 20:09:23.533,0.8098,0.80993,2.33,1.58
2012.02.24 20:09:23.725,0.8098,0.80993,2.33,1.58
2012.02.24 20:09:23.795,0.80981,0.80995,2.33,2.33
2012.02.24 20:09:23.936,0.80981,0.80995,3.08,2.33
2012.02.24 20:09:25.069,0.80982,0.80995,2.33,1.58
2012.02.24 20:09:25.444,0.80984,0.80996,3.08,1.58
2012.02.24 20:09:25.516,0.80984,0.80996,3.08,1.58
2012.02.24 20:09:26.248,0.80985,0.80998,2.33,3.90
2012.02.24 20:09:26.317,0.80988,0.80998,1.50,1.58
2012.02.24 20:09:26.446,0.80988,0.81002,1.50,1.50
2012.02.24 20:09:26.635,0.80988,0.81003,1.50,3.08
2012.02.24 20:09:27.015,0.8099,0.81002,1.50,1.58
2012.02.24 20:09:28.030,0.80988,0.81004,2.25,2.33
2012.02.24 20:09:28.298,0.80987,0.81003,1.50,1.50
2012.02.24 20:09:31.046,0.80986,0.81003,1.50,1.50
2012.02.24 20:09:33.655,0.80983,0.81003,2.25,3.00
2012.02.24 20:09:33.728,0.80983,0.81003,1.50,3.00
2012.02.24 20:09:36.165,0.80983,0.81001,1.50,2.25
2012.02.24 20:09:36.295,0.8098,0.80998,1.50,1.13
2012.02.24 20:09:36.366,0.80978,0.80998,2.25,1.88
2012.02.24 20:09:36.676,0.80979,0.80998,2.25,1.88
2012.02.24 20:09:37.816,0.80983,0.80998,1.50,2.25
2012.02.24 20:09:37.896,0.80979,0.80998,1.50,1.50
2012.02.24 20:09:37.965,0.80979,0.80998,1.50,1.50
2012.02.24 20:09:40.407,0.80981,0.80998,1.50,1.50
2012.02.24 20:09:49.176,0.80983,0.80998,1.50,1.50
2012.02.24 20:09:50.144,0.80981,0.80998,1.50,1.50
2012.02.24 20:09:50.481,0.80987,0.81002,1.50,1.50
2012.02.24 20:09:50.556,0.80987,0.81005,1.50,1.88
2012.02.24 20:09:51.986,0.80986,0.81,1.50,1.35
2012.02.24 20:09:52.117,0.80984,0.81,1.50,1.35
2012.02.24 20:09:52.245,0.80981,0.80998,2.25,1.50
2012.02.24 20:09:52.983,0.80981,0.80998,2.25,1.50
2012.02.24 20:09:53.496,0.80981,0.80998,1.50,1.50
2012.02.24 20:09:53.874,0.80977,0.80996,1.50,1.35
2012.02.24 20:09:55.380,0.80977,0.80989,1.50,2.10
2012.02.24 20:09:55.517,0.80969,0.80989,1.50,2.85
2012.02.24 20:09:55.648,0.80968,0.80988,1.50,2.10
2012.02.24 20:09:55.837,0.80969,0.80988,1.50,2.10
2012.02.24 20:09:56.640,0.80972,0.80986,2.33,1.58
2012.02.24 20:09:58.735,0.80972,0.80986,2.33,1.58
2012.02.24 20:09:59.119,0.80972,0.80986,2.33,1.58
2012.02.24 20:09:59.627,0.80972,0.80986,2.33,1.58
2012.02.24 20:10:00.597,0.80972,0.80986,3.08,1.58
2012.02.24 20:10:01.406,0.80974,0.80987,2.33,1.58
2012.02.24 20:10:01.970,0.80974,0.80987,2.33,1.58
2012.02.24 20:10:04.870,0.80974,0.80987,2.33,1.58
2012.02.24 20:10:06.550,0.80972,0.80985,2.33,1.58
2012.02.24 20:10:06.673,0.80974,0.80987,2.33,1.58
2012.02.24 20:10:07.343,0.80974,0.80987,2.33,1.58
2012.02.24 20:10:09.374,0.80975,0.80989,3.08,1.58
2012.02.24 20:10:10.286,0.80977,0.8099,3.08,1.58
2012.02.24 20:10:10.605,0.8098,0.80992,2.33,1.58
2012.02.24 20:10:11.244,0.80979,0.80991,1.50,1.58
2012.02.24 20:10:11.565,0.80975,0.80987,2.33,1.58
2012.02.24 20:10:11.635,0.80975,0.80987,1.58,1.58
2012.02.24 20:10:11.705,0.80971,0.80985,1.50,1.58
2012.02.24 20:10:12.702,0.8097,0.80985,3.83,1.58
2012.02.24 20:10:15.393,0.8097,0.80983,1.50,1.58
2012.02.24 20:10:16.829,0.80971,0.80984,2.33,1.58
2012.02.24 20:10:17.094,0.80969,0.80982,1.58,1.58
2012.02.24 20:10:17.228,0.80966,0.80977,2.25,1.58
2012.02.24 20:10:17.558,0.8097,0.8098,1.50,1.58
2012.02.24 20:10:18.159,0.80969,0.80978,1.50,1.58
2012.02.24 20:10:18.226,0.80969,0.80978,1.50,1.58
2012.02.24 20:10:18.357,0.80966,0.80978,2.33,1.58
2012.02.24 20:10:18.498,0.80963,0.80974,1.58,1.58
2012.02.24 20:10:18.711,0.80961,0.80974,1.50,1.58
2012.02.24 20:10:20.395,0.80959,0.80974,2.33,1.58
2012.02.24 20:10:21.545,0.80959,0.80974,1.58,1.58
2012.02.24 20:10:25.945,0.80959,0.80971,1.58,1.58
2012.02.24 20:10:27.503,0.8096,0.80973,1.58,1.58
2012.02.24 20:10:31.712,0.80956,0.80971,2.33,1.58
2012.02.24 20:10:32.045,0.80961,0.80973,1.58,1.58
2012.02.24 20:10:32.354,0.80963,0.80975,1.58,1.58
2012.02.24 20:10:33.178,0.80966,0.80979,1.58,1.50
2012.02.24 20:10:33.246,0.80966,0.8098,1.58,3.08
2012.02.24 20:10:33.500,0.80965,0.80975,1.58,1.58
2012.02.24 20:10:33.569,0.80963,0.80975,1.58,1.58
2012.02.24 20:10:35.997,0.80963,0.80972,1.58,1.50
2012.02.24 20:10:36.069,0.80956,0.8097,1.58,1.58
2012.02.24 20:10:38.525,0.80959,0.80971,1.58,3.15
2012.02.24 20:10:40.194,0.80957,0.80969,3.15,1.58
2012.02.24 20:10:41.194,0.80958,0.80972,1.58,1.58
2012.02.24 20:10:44.217,0.80958,0.80972,2.33,1.58
2012.02.24 20:10:44.288,0.80959,0.80972,1.50,1.58
2012.02.24 20:10:46.064,0.80959,0.80969,1.50,1.58
2012.02.24 20:10:46.137,0.80956,0.80969,3.00,1.58
2012.02.24 20:10:46.714,0.80961,0.80975,3.08,2.33
2012.02.24 20:10:47.213,0.80961,0.80973,3.08,1.58
2012.02.24 20:10:47.686,0.80962,0.80975,3.08,1.58
2012.02.24 20:10:48.387,0.80962,0.80975,3.08,1.58
2012.02.24 20:10:51.520,0.80963,0.80978,3.08,3.08
2012.02.24 20:10:52.035,0.80964,0.80978,1.50,2.33
2012.02.24 20:10:53.416,0.80964,0.80978,1.50,1.58
2012.02.24 20:11:02.120,0.80962,0.80975,4.65,1.58
2012.02.24 20:11:02.186,0.80962,0.80975,2.33,1.58
2012.02.24 20:11:02.685,0.80958,0.80972,4.65,1.58
2012.02.24 20:11:02.756,0.80958,0.80972,3.08,1.58
2012.02.24 20:11:03.136,0.80956,0.80971,3.08,1.58
2012.02.24 20:11:03.777,0.80959,0.80971,1.58,1.58
2012.02.24 20:11:04.511,0.80958,0.80972,2.33,1.58
2012.02.24 20:11:07.265,0.80958,0.80972,3.08,1.58
2012.02.24 20:11:07.469,0.80955,0.8097,3.08,1.58
2012.02.24 20:11:09.333,0.80956,0.8097,1.50,1.58
2012.02.24 20:11:10.539,0.80954,0.80968,3.90,1.58
2012.02.24 20:11:11.466,0.80957,0.80969,1.58,1.58
2012.02.24 20:11:12.293,0.80957,0.80969,3.08,1.58
2012.02.24 20:11:13.461,0.80959,0.80971,2.33,1.58
2012.02.24 20:11:13.542,0.80958,0.80969,1.50,1.58
2012.02.24 20:11:16.483,0.80957,0.80969,2.33,1.58
2012.02.24 20:11:17.010,0.80957,0.80969,1.58,1.58
2012.02.24 20:11:20.395,0.80956,0.80967,1.50,1.58
2012.02.24 20:11:20.654,0.80957,0.8097,1.50,1.58
2012.02.24 20:11:21.955,0.80957,0.80968,1.50,1.58
2012.02.24 20:11:22.261,0.80957,0.80968,1.50,1.58
2012.02.24 20:11:22.999,0.80957,0.80969,3.08,1.58
2012.02.24 20:11:23.903,0.80957,0.80969,3.08,1.58
2012.02.24 20:11:26.424,0.80957,0.80968,1.50,1.58
2012.02.24 20:11:26.613,0.80955,0.80968,2.25,1.58
2012.02.24 20:11:27.119,0.80955,0.80968,1.50,1.58
2012.02.24 20:11:27.666,0.80955,0.80968,2.25,1.58
2012.02.24 20:11:27.806,0.80957,0.80969,1.50,1.58
2012.02.24 20:11:27.996,0.80962,0.80977,2.33,2.33
2012.02.24 20:11:28.066,0.8096,0.80973,3.15,1.58
2012.02.24 20:11:28.255,0.80958,0.80972,3.90,1.58
2012.02.24 20:11:30.220,0.80954,0.80969,1.58,2.33
2012.02.24 20:11:30.285,0.80954,0.80966,1.58,1.58
2012.02.24 20:11:30.535,0.80955,0.80968,1.58,3.15
2012.02.24 20:11:31.080,0.80955,0.80968,2.33,1.58
2012.02.24 20:11:31.603,0.80955,0.80968,1.58,1.58
2012.02.24 20:11:32.146,0.80955,0.80968,2.33,1.58
2012.02.24 20:11:34.475,0.80957,0.8097,1.58,3.15
2012.02.24 20:11:34.603,0.80957,0.8097,2.33,1.58
2012.02.24 20:11:35.736,0.80957,0.8097,2.33,1.58
2012.02.24 20:11:37.254,0.80958,0.80972,1.58,2.33
2012.02.24 20:11:37.327,0.80961,0.80973,1.58,3.08
2012.02.24 20:11:37.884,0.80961,0.80972,1.58,1.50
2012.02.24 20:11:40.326,0.80961,0.80973,1.58,2.33
2012.02.24 20:11:44.265,0.80962,0.80976,1.58,3.08
2012.02.24 20:11:45.075,0.80961,0.80973,2.33,1.58
2012.02.24 20:11:53.697,0.80964,0.80978,1.58,1.50
2012.02.24 20:11:54.027,0.80967,0.80981,2.33,2.70
2012.02.24 20:11:56.074,0.80967,0.80981,2.33,2.33
2012.02.24 20:11:56.206,0.80965,0.80977,1.58,2.33
2012.02.24 20:11:57.047,0.80966,0.80979,1.58,2.33
2012.02.24 20:11:57.526,0.80963,0.80977,2.33,2.33
2012.02.24 20:12:07.215,0.80961,0.80972,1.58,1.58
2012.02.24 20:12:07.774,0.8096,0.80972,1.58,1.58
2012.02.24 20:12:09.404,0.80962,0.80974,1.58,1.58
2012.02.24 20:12:12.514,0.80963,0.80976,1.58,1.58
2012.02.24 20:12:13.394,0.80962,0.80974,1.58,1.58
2012.02.24 20:12:14.665,0.80963,0.80976,1.58,1.58
2012.02.24 20:12:17.305,0.8096,0.80974,2.33,1.58
2012.02.24 20:12:19.921,0.80958,0.80972,2.33,1.58
2012.02.24 20:12:20.128,0.80956,0.80971,2.33,1.58
2012.02.24 20:12:20.785,0.80959,0.80973,1.58,1.58
2012.02.24 20:12:22.395,0.80961,0.80975,1.58,1.58
2012.02.24 20:12:28.517,0.80962,0.80976,1.58,1.58
2012.02.24 20:12:29.237,0.80962,0.80977,1.58,1.58
2012.02.24 20:12:29.907,0.80961,0.80975,3.15,1.58
2012.02.24 20:12:30.213,0.80963,0.80976,1.58,1.58
2012.02.24 20:12:34.447,0.80961,0.80975,1.58,1.58
2012.02.24 20:12:35.517,0.80964,0.80976,1.58,1.58
2012.02.24 20:12:37.326,0.80966,0.80978,1.58,3.15
2012.02.24 20:12:42.423,0.80966,0.80981,1.58,1.58
2012.02.24 20:12:46.250,0.80966,0.80978,1.58,1.58
2012.02.24 20:12:49.917,0.80967,0.80981,1.58,1.58
2012.02.24 20:12:51.089,0.80967,0.80981,2.33,1.58
2012.02.24 20:12:51.616,0.80967,0.80981,2.33,1.58
2012.02.24 20:12:53.698,0.80966,0.80978,2.33,1.58
2012.02.24 20:12:54.007,0.8096,0.80973,2.25,1.58
2012.02.24 20:12:55.069,0.8096,0.80973,1.50,1.58
2012.02.24 20:12:55.729,0.80961,0.80973,1.58,1.58
2012.02.24 20:12:57.574,0.80963,0.80975,1.58,2.33
2012.02.24 20:12:57.657,0.80961,0.80974,1.58,2.33
2012.02.24 20:12:58.179,0.80962,0.80976,1.58,3.08
2012.02.24 20:13:04.787,0.80961,0.80974,1.58,2.33
2012.02.24 20:13:07.004,0.80963,0.80975,1.58,2.33
2012.02.24 20:13:11.522,0.80964,0.80977,1.58,1.50
2012.02.24 20:13:17.105,0.80962,0.80976,3.08,2.33
2012.02.24 20:13:18.075,0.80962,0.80976,3.83,2.33
2012.02.24 20:13:18.159,0.80962,0.80976,3.83,2.33
2012.02.24 20:13:18.289,0.80962,0.80976,3.83,2.33
2012.02.24 20:13:18.419,0.80962,0.80976,3.83,2.33
2012.02.24 20:13:20.965,0.80965,0.80977,1.58,3.08
2012.02.24 20:13:22.431,0.80965,0.80977,1.58,3.08
2012.02.24 20:13:23.547,0.80965,0.80977,1.58,2.33
2012.02.24 20:13:24.077,0.80964,0.80978,1.58,3.08
2012.02.24 20:13:29.628,0.80963,0.80976,1.58,3.08
2012.02.24 20:13:34.946,0.80965,0.80976,1.58,1.50
2012.02.24 20:13:35.487,0.80966,0.80979,1.58,1.50
2012.02.24 20:13:38.210,0.80966,0.80979,2.33,1.50
2012.02.24 20:13:39.434,0.80966,0.80979,1.58,1.50
2012.02.24 20:13:43.777,0.80969,0.80979,1.58,1.50
2012.02.24 20:13:43.845,0.80972,0.80984,1.58,3.08
2012.02.24 20:13:44.040,0.80972,0.80981,1.58,1.50
2012.02.24 20:13:44.108,0.8097,0.80981,1.58,1.50
2012.02.24 20:13:44.275,0.80968,0.80981,2.33,1.50
2012.02.24 20:13:44.800,0.80968,0.80982,2.33,2.33
2012.02.24 20:13:44.871,0.80972,0.80984,1.58,3.08
2012.02.24 20:13:45.066,0.80972,0.80984,1.58,1.58
2012.02.24 20:13:45.329,0.80974,0.80986,1.58,1.58
2012.02.24 20:13:46.625,0.80972,0.80984,3.08,1.58
2012.02.24 20:13:47.575,0.80973,0.80987,1.58,1.58
2012.02.24 20:13:52.824,0.80972,0.80985,1.58,1.58
2012.02.24 20:13:53.718,0.80973,0.80987,1.58,1.58
2012.02.24 20:13:53.916,0.80973,0.80987,1.58,2.33
2012.02.24 20:13:53.988,0.80971,0.80986,1.58,2.33
2012.02.24 20:13:54.955,0.80971,0.80986,1.58,2.33
2012.02.24 20:13:55.657,0.80973,0.80987,1.58,2.33
2012.02.24 20:13:56.477,0.80972,0.80985,3.15,1.58
2012.02.24 20:13:56.724,0.8097,0.80984,2.33,1.58
2012.02.24 20:13:56.795,0.80971,0.80986,1.58,3.15
2012.02.24 20:14:08.255,0.80971,0.80986,2.33,1.58
2012.02.24 20:14:08.785,0.8097,0.80984,2.33,1.58
2012.02.24 20:14:09.326,0.8097,0.80984,2.33,1.58
2012.02.24 20:14:09.843,0.80972,0.80985,1.58,1.58
2012.02.24 20:14:23.775,0.80969,0.80983,3.90,1.58
2012.02.24 20:14:24.155,0.80968,0.80981,2.33,1.58
2012.02.24 20:14:24.715,0.80968,0.80981,1.58,1.58
2012.02.24 20:14:25.160,0.80966,0.80979,4.15,1.58
2012.02.24 20:14:25.237,0.80967,0.80982,2.58,1.58
2012.02.24 20:14:31.443,0.80967,0.80982,2.58,1.58
2012.02.24 20:14:42.380,0.80971,0.80983,1.58,1.58
2012.02.24 20:14:42.445,0.80971,0.80986,1.58,1.58
2012.02.24 20:14:42.970,0.80971,0.80986,2.33,1.58
2012.02.24 20:14:48.352,0.80972,0.80986,1.50,1.58
2012.02.24 20:14:48.667,0.80976,0.80988,1.58,1.58
2012.02.24 20:14:51.790,0.80979,0.80991,1.58,1.58
2012.02.24 20:14:56.534,0.8098,0.80994,1.58,1.58
2012.02.24 20:15:07.679,0.80978,0.80991,1.83,1.58
2012.02.24 20:15:08.244,0.80977,0.80991,2.58,1.58
2012.02.24 20:15:08.768,0.80977,0.80991,2.58,1.58
2012.02.24 20:15:12.194,0.80977,0.80991,1.83,1.58
2012.02.24 20:15:14.154,0.80977,0.80991,1.58,2.33
2012.02.24 20:15:14.817,0.80977,0.8099,1.58,1.50
2012.02.24 20:15:17.663,0.80977,0.8099,2.33,1.50
2012.02.24 20:15:21.764,0.80979,0.8099,1.58,1.50
2012.02.24 20:15:21.894,0.80979,0.80992,1.58,1.50
2012.02.24 20:15:22.443,0.80979,0.80993,2.33,2.33
2012.02.24 20:15:23.025,0.80979,0.80993,2.33,1.58
2012.02.24 20:15:34.026,0.80981,0.80995,1.58,2.33
2012.02.24 20:15:47.153,0.80981,0.80995,2.33,2.33
2012.02.24 20:15:47.665,0.80981,0.80994,1.58,1.50
2012.02.24 20:15:47.981,0.80981,0.80994,2.33,1.50
2012.02.24 20:15:53.642,0.80976,0.80991,3.08,1.58
2012.02.24 20:15:57.173,0.80979,0.80992,2.33,1.58
2012.02.24 20:15:57.724,0.80981,0.80994,1.58,1.58
2012.02.24 20:15:58.820,0.80982,0.80996,3.15,1.50
2012.02.24 20:15:59.133,0.80985,0.80998,1.58,3.08
2012.02.24 20:15:59.264,0.80983,0.80996,2.33,2.33
2012.02.24 20:16:01.166,0.80985,0.80998,1.58,3.08
2012.02.24 20:16:01.426,0.80985,0.80998,1.58,2.33
2012.02.24 20:16:03.631,0.80985,0.80998,2.33,2.33
2012.02.24 20:16:14.984,0.80986,0.81001,2.33,3.08
2012.02.24 20:16:15.128,0.80984,0.80998,2.33,1.50
2012.02.24 20:16:17.079,0.80982,0.80992,1.58,1.50
2012.02.24 20:16:18.025,0.80983,0.80992,1.58,1.50
2012.02.24 20:16:19.018,0.8098,0.80992,3.15,1.50
2012.02.24 20:16:19.575,0.80982,0.80992,1.58,1.50
2012.02.24 20:16:20.334,0.80981,0.80992,1.58,1.50
2012.02.24 20:16:20.405,0.80981,0.80993,1.58,1.58
2012.02.24 20:16:22.274,0.80982,0.80996,1.58,3.15
2012.02.24 20:16:22.467,0.80983,0.80998,1.58,2.33
2012.02.24 20:16:23.024,0.80982,0.80996,3.15,1.58
2012.02.24 20:16:23.370,0.80981,0.80993,3.90,1.58
2012.02.24 20:16:23.973,0.80985,0.80996,1.58,1.58
2012.02.24 20:16:24.044,0.80981,0.80996,3.08,1.58
2012.02.24 20:16:27.191,0.80983,0.80998,1.58,3.15
2012.02.24 20:16:28.115,0.80983,0.80997,2.33,1.58
2012.02.24 20:16:28.866,0.80982,0.80995,3.08,1.58
2012.02.24 20:16:31.487,0.80982,0.80995,3.08,1.58
2012.02.24 20:16:31.858,0.80981,0.80994,1.50,1.58
2012.02.24 20:16:31.928,0.80981,0.80996,3.08,1.58
2012.02.24 20:16:32.854,0.80983,0.80997,2.33,1.58
2012.02.24 20:16:33.353,0.80983,0.80998,2.33,1.58
2012.02.24 20:16:42.949,0.80983,0.80998,2.33,1.58
2012.02.24 20:16:43.704,0.80986,0.80998,1.58,1.58
2012.02.24 20:16:44.343,0.80986,0.80998,1.58,3.08
2012.02.24 20:16:51.016,0.80983,0.80998,3.90,3.08
2012.02.24 20:16:55.154,0.80983,0.80998,2.70,3.08
2012.02.24 20:16:55.290,0.80991,0.80998,1.58,1.50
2012.02.24 20:16:55.358,0.80991,0.81003,1.58,2.33
2012.02.24 20:16:59.316,0.80992,0.81003,1.58,1.58
2012.02.24 20:16:59.445,0.80993,0.81007,1.58,3.08
2012.02.24 20:17:00.045,0.80992,0.81006,1.58,2.33
2012.02.24 20:17:00.546,0.80991,0.81006,2.33,2.33
2012.02.24 20:17:01.861,0.8099,0.81004,2.33,2.33
2012.02.24 20:17:02.107,0.80994,0.81006,1.58,2.33
2012.02.24 20:17:02.175,0.80994,0.81006,1.58,2.33
2012.02.24 20:17:06.834,0.80991,0.81006,2.33,2.33
2012.02.24 20:17:20.095,0.80991,0.81006,3.08,2.33
2012.02.24 20:17:29.494,0.80991,0.81006,2.33,2.33
2012.02.24 20:17:30.455,0.80991,0.81006,2.33,2.33
2012.02.24 20:17:32.527,0.80991,0.81006,3.08,2.33
2012.02.24 20:17:38.037,0.80991,0.81006,2.33,2.33
2012.02.24 20:17:38.225,0.80991,0.81003,2.33,1.58
2012.02.24 20:17:45.965,0.80989,0.81001,2.33,1.58
2012.02.24 20:17:46.265,0.80989,0.81003,2.33,1.58
2012.02.24 20:17:46.713,0.80989,0.81004,2.33,1.58
2012.02.24 20:17:48.984,0.80989,0.81004,2.33,2.33
2012.02.24 20:17:49.813,0.80989,0.81004,2.33,2.33
2012.02.24 20:17:51.575,0.80993,0.81005,1.58,1.58
2012.02.24 20:17:53.564,0.8099,0.81005,3.90,1.58
2012.02.24 20:18:07.452,0.80992,0.81006,3.08,1.58
2012.02.24 20:18:08.989,0.80992,0.81004,2.33,1.58
2012.02.24 20:18:09.803,0.80983,0.80996,3.08,1.58
2012.02.24 20:18:10.066,0.80983,0.80996,2.33,1.58
2012.02.24 20:18:15.695,0.80983,0.80996,2.33,1.58
2012.02.24 20:18:26.369,0.80981,0.80994,3.08,1.58
2012.02.24 20:18:26.647,0.80977,0.80992,2.33,1.58
2012.02.24 20:18:28.603,0.80976,0.8099,1.50,1.58
2012.02.24 20:18:29.158,0.80976,0.8099,1.50,1.58
2012.02.24 20:18:38.179,0.80973,0.80986,2.25,1.58
2012.02.24 20:18:38.253,0.80972,0.80986,1.58,1.58
2012.02.24 20:18:38.386,0.8097,0.80983,3.08,1.58
2012.02.24 20:18:45.786,0.80972,0.80986,1.58,1.58
2012.02.24 20:18:46.339,0.80973,0.80987,2.33,1.58
2012.02.24 20:18:46.520,0.80972,0.80985,2.33,1.58
2012.02.24 20:18:49.764,0.80969,0.80984,3.08,1.58
2012.02.24 20:18:50.762,0.80972,0.80986,2.33,1.58
2012.02.24 20:18:51.629,0.80973,0.80986,1.50,1.58
2012.02.24 20:19:03.914,0.80974,0.80987,2.33,1.58
2012.02.24 20:19:04.544,0.80974,0.80988,2.33,1.58
2012.02.24 20:19:13.144,0.80973,0.80986,1.50,1.58
2012.02.24 20:19:17.736,0.80975,0.80988,1.58,1.58
2012.02.24 20:19:18.075,0.80973,0.80985,1.50,1.58
2012.02.24 20:19:21.515,0.80973,0.80987,3.08,1.58
2012.02.24 20:19:31.047,0.80973,0.80985,1.50,1.58
2012.02.24 20:19:31.785,0.80973,0.80987,3.08,3.15
2012.02.24 20:19:32.035,0.80973,0.80984,1.50,1.58
2012.02.24 20:19:40.410,0.80973,0.80987,1.50,1.58
2012.02.24 20:19:41.037,0.80972,0.80987,2.33,1.58
2012.02.24 20:19:44.329,0.80972,0.80987,2.33,2.33
2012.02.24 20:19:49.289,0.80971,0.80985,1.50,3.08
2012.02.24 20:19:49.605,0.80971,0.80983,1.50,1.50
2012.02.24 20:19:50.830,0.80974,0.80986,2.33,1.50
2012.02.24 20:19:50.899,0.80974,0.80986,2.33,1.50
2012.02.24 20:19:50.967,0.80974,0.80987,2.33,3.08
2012.02.24 20:19:51.937,0.80976,0.80989,3.08,2.33
2012.02.24 20:19:52.009,0.80976,0.80989,3.08,2.33
2012.02.24 20:19:52.534,0.80979,0.80991,1.58,3.08
2012.02.24 20:19:53.238,0.80976,0.80991,3.08,3.08
2012.02.24 20:19:54.547,0.80979,0.80991,1.58,3.08
2012.02.24 20:19:56.795,0.80979,0.80991,1.58,2.33
2012.02.24 20:19:59.976,0.80977,0.80991,1.50,3.90
2012.02.24 20:20:00.664,0.80978,0.80991,3.08,3.08
2012.02.24 20:20:03.205,0.8098,0.80991,1.58,1.50
2012.02.24 20:20:15.998,0.80978,0.80989,1.50,2.33
2012.02.24 20:20:16.809,0.80979,0.80991,1.58,3.08
2012.02.24 20:20:17.554,0.80978,0.8099,1.50,2.33
2012.02.24 20:20:27.257,0.80974,0.80988,1.50,2.33
2012.02.24 20:20:27.445,0.80974,0.80988,1.50,3.08
2012.02.24 20:20:28.275,0.80974,0.80987,1.50,1.50
2012.02.24 20:20:28.824,0.80973,0.80985,1.50,2.33
2012.02.24 20:20:32.240,0.80973,0.80985,1.50,2.33
2012.02.24 20:20:32.980,0.80973,0.80985,1.50,2.33
2012.02.24 20:20:36.984,0.80976,0.80987,1.58,1.50
2012.02.24 20:20:37.925,0.80978,0.80989,1.58,1.50
2012.02.24 20:20:37.997,0.80978,0.80989,1.58,1.50
2012.02.24 20:20:41.555,0.80975,0.8099,2.33,3.08
2012.02.24 20:20:41.807,0.80977,0.8099,1.58,1.50
2012.02.24 20:20:43.450,0.80976,0.80989,2.33,2.33
2012.02.24 20:20:44.078,0.80976,0.80989,2.33,3.08
2012.02.24 20:20:50.668,0.80975,0.80989,1.58,1.50
2012.02.24 20:20:51.204,0.80975,0.80989,2.33,1.50
2012.02.24 20:21:04.148,0.80975,0.8099,2.33,1.58
2012.02.24 20:21:06.356,0.80975,0.8099,1.58,3.15
2012.02.24 20:21:06.425,0.80973,0.80988,2.33,1.58
2012.02.24 20:21:06.960,0.80973,0.80988,2.33,1.58
2012.02.24 20:21:13.398,0.80972,0.80985,2.33,1.58
2012.02.24 20:21:13.931,0.80972,0.80985,2.33,1.58
2012.02.24 20:21:17.345,0.80972,0.80985,2.33,2.33
2012.02.24 20:21:18.373,0.80972,0.80985,2.33,1.58
2012.02.24 20:21:18.979,0.80972,0.80985,2.33,2.33
2012.02.24 20:21:19.541,0.80972,0.80985,2.33,2.33
2012.02.24 20:21:21.470,0.80975,0.80987,1.58,2.33
2012.02.24 20:21:21.909,0.80973,0.80985,3.90,2.33
2012.02.24 20:21:23.345,0.80973,0.80985,2.33,2.33
2012.02.24 20:21:41.528,0.8097,0.80985,2.33,2.33
2012.02.24 20:21:41.969,0.80969,0.80982,2.33,1.58
2012.02.24 20:21:42.506,0.80969,0.80982,1.58,2.33
2012.02.24 20:21:43.148,0.80968,0.8098,1.50,1.58
2012.02.24 20:21:51.438,0.80969,0.80982,1.58,1.58
2012.02.24 20:21:55.916,0.80971,0.80983,1.58,2.33
2012.02.24 20:21:56.748,0.80973,0.80985,1.58,2.33
2012.02.24 20:21:57.721,0.8097,0.80984,1.58,2.33
2012.02.24 20:21:58.273,0.8097,0.80984,1.58,2.33
2012.02.24 20:21:58.780,0.80968,0.80983,3.90,2.33
2012.02.24 20:22:01.032,0.80967,0.80979,2.33,1.58
2012.02.24 20:22:01.399,0.80967,0.80982,3.08,1.58
2012.02.24 20:22:01.930,0.80967,0.80982,3.08,1.58
2012.02.24 20:22:02.378,0.8097,0.80982,1.58,1.58
2012.02.24 20:22:11.668,0.80967,0.8098,2.33,1.50
2012.02.24 20:22:11.859,0.80964,0.80978,3.08,2.33
2012.02.24 20:22:12.050,0.80964,0.80977,2.33,1.50
2012.02.24 20:22:12.733,0.80966,0.80979,1.58,3.08
2012.02.24 20:22:12.919,0.80967,0.80981,1.58,3.08
2012.02.24 20:22:18.506,0.80966,0.80979,2.33,2.33
2012.02.24 20:22:19.448,0.80967,0.80981,1.58,3.08
2012.02.24 20:22:19.637,0.80967,0.80981,1.58,1.58
2012.02.24 20:22:26.759,0.80964,0.80978,1.50,1.58
2012.02.24 20:22:26.947,0.80961,0.80975,2.33,1.58
2012.02.24 20:22:27.208,0.80959,0.80974,2.33,1.58
2012.02.24 20:22:27.638,0.80961,0.80975,1.58,1.58
2012.02.24 20:22:28.199,0.80962,0.80979,1.58,1.50
2012.02.24 20:22:28.275,0.8096,0.80973,2.33,1.58
2012.02.24 20:22:28.832,0.80964,0.80976,1.58,1.58
2012.02.24 20:22:29.137,0.80966,0.80978,1.58,1.58
2012.02.24 20:22:29.339,0.80966,0.8098,1.58,2.33
2012.02.24 20:22:29.814,0.80969,0.80981,1.58,1.58
2012.02.24 20:22:30.241,0.8097,0.80983,1.58,2.33
2012.02.24 20:22:30.927,0.80969,0.80981,1.58,1.58
2012.02.24 20:22:31.934,0.80969,0.80981,1.58,2.33
2012.02.24 20:22:32.515,0.80969,0.8098,1.58,1.50
2012.02.24 20:22:49.227,0.80967,0.80979,1.58,2.33
2012.02.24 20:22:50.652,0.80967,0.80979,1.58,1.58
2012.02.24 20:22:50.784,0.80969,0.80982,1.58,3.08
2012.02.24 20:22:51.368,0.80967,0.80981,1.58,2.33
2012.02.24 20:22:51.824,0.80967,0.80981,1.58,3.08
2012.02.24 20:22:51.902,0.80965,0.80978,2.33,1.50
2012.02.24 20:22:52.617,0.80967,0.80979,1.58,1.50
2012.02.24 20:22:53.468,0.80966,0.80979,2.33,2.33
2012.02.24 20:22:53.657,0.80967,0.80981,2.33,3.08
2012.02.24 20:22:53.921,0.80966,0.80978,2.33,1.50
2012.02.24 20:22:54.277,0.80969,0.80982,1.58,1.50
2012.02.24 20:22:54.528,0.80969,0.80982,1.58,1.50
2012.02.24 20:23:02.126,0.80968,0.80982,1.58,3.08
2012.02.24 20:23:03.266,0.80966,0.8098,2.33,2.33
2012.02.24 20:23:03.967,0.80966,0.8098,1.58,2.33
2012.02.24 20:23:04.041,0.80966,0.8098,1.58,2.33
2012.02.24 20:23:06.242,0.80965,0.80978,2.33,2.33
2012.02.24 20:23:06.559,0.80967,0.80976,1.58,1.50
2012.02.24 20:23:07.009,0.80964,0.80976,2.33,1.50
2012.02.24 20:23:07.547,0.80966,0.80976,1.58,1.50
2012.02.24 20:23:08.058,0.80966,0.80978,1.58,1.50
2012.02.24 20:23:08.127,0.80966,0.80976,1.58,1.50
2012.02.24 20:23:09.376,0.80964,0.80976,3.90,1.50
2012.02.24 20:23:09.450,0.80965,0.80978,1.58,1.50
2012.02.24 20:23:09.636,0.80965,0.80976,1.58,1.50
2012.02.24 20:23:10.397,0.80966,0.80976,1.58,1.50
2012.02.24 20:23:11.562,0.80966,0.80976,1.58,1.50
2012.02.24 20:23:11.806,0.80965,0.80976,2.33,1.50
2012.02.24 20:23:14.417,0.80963,0.80977,1.58,1.50
2012.02.24 20:23:14.547,0.80966,0.80977,1.58,1.50
2012.02.24 20:23:14.892,0.80966,0.80976,1.58,1.50
2012.02.24 20:23:14.957,0.80963,0.80976,1.58,1.50
2012.02.24 20:23:15.026,0.80965,0.80976,1.58,1.50
2012.02.24 20:23:15.518,0.80968,0.80976,1.58,1.50
2012.02.24 20:23:15.959,0.80966,0.80976,1.58,1.50
2012.02.24 20:23:18.340,0.80964,0.80976,2.33,1.50
2012.02.24 20:23:20.467,0.80964,0.80976,1.58,1.50
2012.02.24 20:23:20.657,0.80964,0.80976,1.58,1.50
2012.02.24 20:23:23.166,0.80965,0.80976,1.58,1.50
2012.02.24 20:23:23.682,0.80965,0.80976,1.58,1.50
2012.02.24 20:23:24.396,0.80965,0.80978,1.58,1.50
2012.02.24 20:23:24.978,0.80967,0.80978,1.58,1.50
2012.02.24 20:23:26.589,0.80963,0.80976,2.33,2.33
2012.02.24 20:23:26.659,0.80962,0.80974,1.50,1.58
2012.02.24 20:23:27.450,0.80954,0.80966,1.58,1.58
2012.02.24 20:23:27.530,0.8096,0.80973,1.58,1.95
2012.02.24 20:23:27.797,0.80958,0.80972,2.33,1.58
2012.02.24 20:23:41.031,0.80958,0.80972,2.33,1.58
2012.02.24 20:23:53.167,0.80958,0.80972,1.58,1.58
2012.02.24 20:24:14.868,0.80957,0.8097,3.08,1.58
2012.02.24 20:24:25.529,0.80961,0.80976,1.58,3.08
2012.02.24 20:24:25.599,0.80964,0.80976,1.58,1.50
2012.02.24 20:24:26.257,0.80967,0.80979,1.58,1.58
2012.02.24 20:24:26.404,0.80962,0.80977,3.08,1.58
2012.02.24 20:24:26.939,0.80964,0.80978,2.33,1.58
2012.02.24 20:24:28.229,0.80965,0.80978,1.58,1.58
2012.02.24 20:24:28.299,0.80967,0.80979,1.58,1.58
2012.02.24 20:24:29.162,0.80963,0.80978,2.33,1.58
2012.02.24 20:24:29.228,0.80961,0.80976,2.33,1.58
2012.02.24 20:24:31.028,0.80965,0.80977,1.58,1.58
2012.02.24 20:24:32.201,0.80962,0.80977,2.33,1.58
2012.02.24 20:24:32.718,0.80966,0.8098,1.58,1.58
2012.02.24 20:24:32.979,0.80965,0.80978,1.58,1.58
2012.02.24 20:24:33.686,0.80964,0.80978,2.33,1.58
2012.02.24 20:24:38.633,0.8097,0.80979,1.58,1.58
2012.02.24 20:24:38.700,0.8097,0.80984,1.58,3.83
2012.02.24 20:24:38.768,0.80972,0.80984,1.58,1.50
2012.02.24 20:24:38.961,0.80972,0.80985,1.58,1.58
2012.02.24 20:24:39.029,0.80969,0.80983,2.33,1.58
2012.02.24 20:24:39.517,0.80967,0.80982,1.58,1.58
2012.02.24 20:24:47.139,0.80969,0.80982,1.58,1.58
2012.02.24 20:24:47.207,0.80971,0.80985,1.58,1.58
2012.02.24 20:24:49.731,0.80969,0.80982,2.33,1.58
2012.02.24 20:24:50.415,0.80967,0.80979,2.33,1.58
2012.02.24 20:24:50.491,0.80967,0.80979,1.58,1.58
2012.02.24 20:24:59.164,0.80965,0.80976,1.58,1.58
2012.02.24 20:24:59.407,0.80967,0.80981,1.58,1.58
2012.02.24 20:24:59.851,0.80965,0.80978,1.58,1.58
2012.02.24 20:25:00.428,0.80966,0.8098,1.58,2.33
2012.02.24 20:25:03.546,0.80964,0.80979,1.58,1.58
2012.02.24 20:25:04.563,0.80967,0.80979,1.58,1.58
2012.02.24 20:25:05.467,0.80968,0.80982,1.58,3.90
2012.02.24 20:25:05.789,0.80971,0.80983,1.58,1.58
2012.02.24 20:25:06.161,0.80968,0.80981,1.58,1.58
2012.02.24 20:25:06.770,0.80967,0.80981,1.58,2.33
2012.02.24 20:25:07.542,0.80966,0.80979,1.58,1.58
2012.02.24 20:25:07.943,0.80969,0.80981,1.58,3.15
2012.02.24 20:25:08.496,0.8097,0.80983,1.58,2.33
2012.02.24 20:25:09.644,0.80968,0.80981,1.58,1.58
2012.02.24 20:25:09.708,0.80966,0.80979,1.58,1.58
2012.02.24 20:25:10.088,0.80964,0.80978,1.58,1.58
2012.02.24 20:25:11.888,0.80963,0.80975,1.58,1.58
2012.02.24 20:25:12.413,0.80967,0.80977,1.58,1.58
2012.02.24 20:25:12.549,0.80967,0.80979,1.58,1.58
2012.02.24 20:25:12.618,0.80967,0.80981,1.58,1.50
2012.02.24 20:25:14.959,0.80966,0.80978,1.58,1.58
2012.02.24 20:25:15.267,0.80963,0.80975,1.58,1.58
2012.02.24 20:25:17.821,0.80964,0.80977,1.58,1.58
2012.02.24 20:25:19.560,0.80965,0.80979,1.58,1.58
2012.02.24 20:25:19.629,0.80968,0.8098,1.58,1.58
2012.02.24 20:25:24.480,0.80966,0.80978,3.15,1.58
2012.02.24 20:25:24.727,0.80963,0.80978,2.33,1.58
2012.02.24 20:25:25.968,0.80964,0.80978,1.58,1.58
2012.02.24 20:25:26.038,0.80967,0.80979,1.58,1.58
2012.02.24 20:25:26.288,0.80968,0.80981,1.58,1.58
2012.02.24 20:25:27.038,0.80967,0.80979,1.58,1.58
2012.02.24 20:25:27.807,0.80968,0.80981,1.58,2.33
2012.02.24 20:25:51.887,0.80969,0.80982,1.58,1.58
2012.02.24 20:25:51.966,0.80967,0.8098,2.33,1.58
2012.02.24 20:25:52.557,0.80968,0.80982,1.58,1.58
2012.02.24 20:25:52.806,0.8097,0.80984,1.58,1.58
2012.02.24 20:25:56.303,0.80968,0.80982,2.33,1.58
2012.02.24 20:25:57.243,0.80967,0.80975,2.33,1.58
2012.02.24 20:25:57.313,0.80964,0.80975,1.50,1.58
2012.02.24 20:25:57.503,0.80964,0.80977,1.58,3.15
2012.02.24 20:25:57.700,0.80962,0.80975,3.08,1.58
2012.02.24 20:25:58.249,0.80962,0.80974,2.33,1.58
2012.02.24 20:26:05.611,0.80963,0.80976,1.58,1.58
2012.02.24 20:26:05.889,0.80962,0.80974,2.33,1.58
2012.02.24 20:26:10.180,0.80963,0.80974,1.58,1.58
2012.02.24 20:26:10.250,0.80964,0.80978,1.58,3.15
2012.02.24 20:26:10.321,0.80963,0.80975,1.58,1.58
2012.02.24 20:26:14.829,0.8096,0.80974,1.58,1.58
2012.02.24 20:26:15.870,0.80963,0.80975,1.58,3.15
2012.02.24 20:26:18.209,0.8096,0.80973,3.90,1.58
2012.02.24 20:26:18.341,0.80958,0.80971,2.33,1.58
2012.02.24 20:26:18.650,0.80956,0.80968,1.50,1.58
2012.02.24 20:26:19.366,0.80954,0.80966,1.50,1.58
2012.02.24 20:26:19.497,0.80954,0.80968,1.50,1.58
2012.02.24 20:26:22.233,0.80953,0.80968,3.08,1.58
2012.02.24 20:26:30.338,0.80953,0.80968,2.33,1.58
2012.02.24 20:26:30.817,0.80952,0.80966,2.33,1.58
2012.02.24 20:26:31.359,0.80951,0.80965,1.58,1.58
2012.02.24 20:26:32.047,0.80951,0.80964,1.58,1.58
2012.02.24 20:26:32.401,0.80953,0.80965,1.58,1.58
2012.02.24 20:26:33.234,0.80951,0.80964,3.15,1.58
2012.02.24 20:26:33.702,0.80953,0.80966,1.58,1.58
2012.02.24 20:26:34.472,0.80955,0.80968,1.58,1.58
2012.02.24 20:26:39.125,0.8095,0.80965,2.33,1.58
2012.02.24 20:26:39.479,0.8095,0.80962,1.58,1.58
2012.02.24 20:26:40.039,0.80952,0.80965,1.58,1.58
2012.02.24 20:26:48.080,0.80954,0.80966,1.58,1.58
2012.02.24 20:27:00.178,0.80955,0.80969,1.58,1.58
2012.02.24 20:27:13.058,0.80953,0.80966,1.58,1.58
2012.02.24 20:27:13.372,0.80948,0.80961,2.33,3.15
2012.02.24 20:27:13.821,0.8095,0.80964,3.15,1.58
2012.02.24 20:27:13.902,0.80952,0.80966,1.58,1.58
2012.02.24 20:27:55.806,0.80951,0.80963,3.90,1.58
2012.02.24 20:28:08.734,0.80948,0.80963,1.58,1.58
2012.02.24 20:28:08.864,0.80947,0.80961,2.33,1.58
2012.02.24 20:28:09.630,0.80947,0.80961,3.08,1.58
2012.02.24 20:28:09.961,0.80946,0.80958,1.58,2.33
2012.02.24 20:28:10.267,0.80946,0.80956,1.58,1.50
2012.02.24 20:28:12.350,0.80946,0.80957,1.58,1.50
2012.02.24 20:28:17.683,0.80946,0.80958,1.58,2.33
2012.02.24 20:28:18.239,0.80947,0.80959,1.58,2.33
2012.02.24 20:28:18.992,0.80948,0.80961,1.58,1.50
2012.02.24 20:28:19.318,0.80947,0.80959,1.58,2.33
2012.02.24 20:28:19.509,0.80945,0.80958,1.58,3.08
2012.02.24 20:28:26.733,0.80947,0.80958,1.58,3.08
2012.02.24 20:28:26.872,0.80949,0.80962,1.58,3.08
2012.02.24 20:28:27.379,0.80949,0.80962,1.58,2.33
2012.02.24 20:28:28.986,0.8095,0.80962,1.58,1.58
2012.02.24 20:28:29.068,0.80952,0.80964,1.58,2.33
2012.02.24 20:28:32.219,0.80952,0.80964,1.58,3.08
2012.02.24 20:28:32.303,0.80952,0.80964,1.58,3.08
2012.02.24 20:28:32.373,0.80954,0.80966,1.58,3.08
2012.02.24 20:28:35.928,0.80954,0.80966,1.58,2.33
2012.02.24 20:28:36.920,0.80956,0.80968,1.58,1.58
2012.02.24 20:28:37.719,0.80957,0.80971,1.58,2.33
2012.02.24 20:28:37.789,0.80955,0.80969,1.58,2.33
2012.02.24 20:28:37.979,0.80958,0.8097,1.58,2.33
2012.02.24 20:28:38.873,0.80957,0.80971,1.58,2.33
2012.02.24 20:28:42.588,0.80957,0.80971,1.58,2.33
2012.02.24 20:28:46.740,0.80957,0.80971,1.58,2.33
2012.02.24 20:28:46.814,0.80953,0.80967,2.33,2.33
2012.02.24 20:28:47.139,0.80953,0.80967,1.58,2.33
2012.02.24 20:28:49.197,0.80951,0.80966,1.58,2.33
2012.02.24 20:28:50.530,0.80951,0.80966,1.58,2.33
2012.02.24 20:28:54.735,0.80954,0.80966,1.58,1.58
2012.02.24 20:28:55.892,0.80952,0.80965,3.15,1.58
2012.02.24 20:28:58.640,0.80949,0.80964,4.65,2.33
2012.02.24 20:28:58.889,0.80952,0.80965,1.58,3.08
2012.02.24 20:28:59.568,0.8096,0.80973,1.58,3.08
2012.02.24 20:29:00.150,0.8096,0.80973,1.58,2.33
2012.02.24 20:29:02.578,0.80958,0.80972,1.58,1.58
2012.02.24 20:29:03.600,0.80962,0.80974,1.58,1.58
2012.02.24 20:29:03.922,0.80966,0.80979,1.58,2.33
2012.02.24 20:29:04.581,0.80966,0.80979,1.58,2.33
2012.02.24 20:29:06.061,0.8097,0.80979,1.58,1.58
2012.02.24 20:29:06.132,0.80972,0.80985,1.58,3.08
2012.02.24 20:29:12.379,0.80972,0.80985,1.58,2.33
2012.02.24 20:29:15.629,0.8097,0.80984,2.33,1.58
2012.02.24 20:29:15.900,0.80968,0.80981,2.33,2.33
2012.02.24 20:29:16.101,0.8097,0.80983,1.58,1.58
2012.02.24 20:29:16.170,0.80968,0.80981,2.33,1.58
2012.02.24 20:29:16.650,0.80969,0.80984,1.58,3.90
2012.02.24 20:29:16.781,0.80969,0.80984,1.58,2.33
2012.02.24 20:29:16.970,0.80969,0.80984,1.58,3.08
2012.02.24 20:29:17.943,0.80967,0.80981,3.90,1.58
2012.02.24 20:29:18.461,0.80967,0.80982,2.33,2.33
2012.02.24 20:29:20.108,0.8097,0.80983,1.58,2.33
2012.02.24 20:29:20.388,0.80968,0.80981,1.58,1.58
2012.02.24 20:29:20.519,0.80968,0.80973,1.58,1.58
2012.02.24 20:29:20.589,0.80965,0.80973,1.58,1.58
2012.02.24 20:29:20.660,0.80963,0.80974,1.58,1.58
2012.02.24 20:29:21.099,0.80965,0.80979,1.58,2.33
2012.02.24 20:29:22.169,0.80964,0.80977,3.90,1.58
2012.02.24 20:29:22.610,0.80966,0.80978,1.58,2.33
2012.02.24 20:29:22.965,0.80964,0.80976,2.33,1.58
2012.02.24 20:29:24.179,0.80964,0.80976,1.58,2.33
2012.02.24 20:29:24.251,0.80961,0.80973,2.33,1.50
2012.02.24 20:29:24.768,0.8096,0.80973,2.33,3.08
2012.02.24 20:29:25.385,0.8096,0.80973,1.58,3.08
2012.02.24 20:29:29.143,0.8096,0.80973,1.58,2.33
2012.02.24 20:29:29.734,0.8096,0.80973,1.58,2.33
2012.02.24 20:29:34.579,0.8096,0.80973,1.58,2.33
2012.02.24 20:29:43.448,0.80962,0.80974,1.58,1.50
2012.02.24 20:29:43.579,0.80962,0.80975,1.58,2.33
2012.02.24 20:29:44.145,0.80963,0.80975,1.58,1.50
2012.02.24 20:29:48.662,0.80962,0.80974,1.58,2.33
2012.02.24 20:29:49.341,0.80962,0.80974,1.58,2.33
2012.02.24 20:29:49.531,0.8096,0.80972,1.58,2.33
2012.02.24 20:29:49.601,0.8096,0.80972,1.58,2.33
2012.02.24 20:29:49.788,0.8096,0.80972,1.58,2.33
2012.02.24 20:30:01.981,0.80956,0.80971,2.33,1.58
2012.02.24 20:30:02.145,0.80957,0.80971,2.25,1.58
2012.02.24 20:30:02.211,0.80962,0.80973,2.33,1.58
2012.02.24 20:30:02.415,0.80963,0.80978,1.58,1.58
2012.02.24 20:30:06.593,0.80962,0.80976,2.33,1.58
2012.02.24 20:30:06.722,0.80961,0.80978,2.33,3.15
2012.02.24 20:30:06.794,0.80959,0.8098,2.33,2.33
2012.02.24 20:30:06.988,0.80957,0.80981,2.25,3.08
2012.02.24 20:30:07.270,0.80957,0.8098,1.50,1.50
2012.02.24 20:30:10.338,0.80957,0.80981,1.50,1.13
2012.02.24 20:30:17.256,0.80957,0.80982,1.50,1.50
2012.02.24 20:30:17.781,0.80959,0.80982,1.50,1.50
2012.02.24 20:30:23.522,0.80957,0.80978,1.50,1.58
2012.02.24 20:30:24.031,0.80961,0.80974,1.58,1.58
2012.02.24 20:30:28.572,0.80958,0.80973,3.15,1.58
2012.02.24 20:30:29.230,0.80959,0.80973,1.58,1.58
2012.02.24 20:30:29.303,0.8096,0.80975,1.58,1.58
2012.02.24 20:30:30.158,0.8096,0.80974,1.58,1.58
2012.02.24 20:30:30.228,0.80958,0.80973,1.58,1.58
2012.02.24 20:30:39.748,0.80957,0.8097,1.58,1.58
2012.02.24 20:30:44.285,0.80953,0.80968,2.33,1.58
2012.02.24 20:30:44.350,0.80953,0.80968,1.58,1.58
2012.02.24 20:30:44.481,0.80952,0.80965,1.58,1.58
2012.02.24 20:30:44.928,0.80953,0.80968,1.58,1.58
2012.02.24 20:30:46.052,0.80954,0.80968,1.58,1.58
2012.02.24 20:30:46.121,0.80956,0.80968,1.58,1.58
2012.02.24 20:30:56.102,0.80953,0.80967,1.58,1.58
2012.02.24 20:30:59.090,0.80957,0.80969,1.58,3.15
2012.02.24 20:30:59.414,0.80958,0.80972,1.58,2.33
2012.02.24 20:31:00.058,0.80958,0.80972,1.58,1.58
2012.02.24 20:31:06.026,0.80959,0.80971,1.58,1.58
2012.02.24 20:31:08.195,0.80955,0.8097,2.33,1.58
2012.02.24 20:31:08.488,0.80955,0.80967,1.58,1.58
2012.02.24 20:31:09.371,0.80952,0.80967,2.33,1.58
2012.02.24 20:31:12.383,0.80951,0.80964,1.58,1.58
2012.02.24 20:31:13.199,0.80953,0.80966,1.58,1.58
2012.02.24 20:31:17.177,0.80954,0.80968,1.58,3.15
2012.02.24 20:31:20.671,0.80953,0.80967,1.58,1.58
2012.02.24 20:31:21.192,0.80952,0.80967,1.58,1.58
2012.02.24 20:31:23.540,0.80955,0.80968,1.58,1.58
2012.02.24 20:31:23.739,0.80952,0.80966,1.58,1.58
2012.02.24 20:31:24.279,0.80954,0.80969,1.58,1.58
2012.02.24 20:31:25.160,0.80954,0.80969,1.58,2.33
2012.02.24 20:31:25.240,0.80952,0.80966,3.15,1.58
2012.02.24 20:31:25.661,0.80954,0.80967,1.58,1.58
2012.02.24 20:31:30.767,0.80951,0.80963,3.15,1.58
2012.02.24 20:31:31.214,0.80952,0.80965,1.58,1.58
2012.02.24 20:31:31.341,0.80953,0.80967,1.58,1.58
2012.02.24 20:31:32.539,0.80953,0.80966,1.58,1.58
2012.02.24 20:31:32.608,0.80952,0.80964,1.58,1.58
2012.02.24 20:31:37.211,0.8095,0.80963,3.15,1.58
2012.02.24 20:31:38.760,0.80952,0.80965,1.58,3.08
2012.02.24 20:31:44.649,0.80953,0.80966,1.58,1.50
2012.02.24 20:31:46.539,0.80953,0.80966,1.58,1.50
2012.02.24 20:31:53.311,0.80953,0.80967,2.33,1.58
2012.02.24 20:31:53.502,0.80956,0.80971,1.58,3.08
2012.02.24 20:31:54.219,0.80958,0.80972,1.58,3.08
2012.02.24 20:31:55.068,0.80956,0.80971,1.58,2.33
2012.02.24 20:31:56.485,0.80959,0.80971,1.58,2.33
2012.02.24 20:32:00.298,0.80957,0.8097,3.15,2.33
2012.02.24 20:32:02.000,0.80958,0.80973,1.58,3.08
2012.02.24 20:32:02.130,0.8096,0.80975,1.58,2.33
2012.02.24 20:32:02.259,0.8096,0.80975,1.58,2.33
2012.02.24 20:32:03.571,0.8096,0.80975,1.58,2.33
2012.02.24 20:32:04.215,0.80959,0.80972,1.58,2.33
2012.02.24 20:32:04.293,0.80957,0.80972,1.58,3.08
2012.02.24 20:32:04.600,0.8096,0.80972,1.58,2.33
2012.02.24 20:32:04.670,0.8096,0.80972,1.58,2.33
2012.02.24 20:32:07.002,0.80958,0.80971,1.58,1.58
2012.02.24 20:32:07.131,0.80956,0.80969,1.58,1.58
2012.02.24 20:32:07.583,0.80958,0.80971,1.58,1.58
2012.02.24 20:32:08.288,0.80958,0.80971,1.58,2.33
2012.02.24 20:32:09.176,0.8096,0.80972,1.58,3.08
2012.02.24 20:32:09.401,0.8096,0.80972,1.58,2.33
2012.02.24 20:32:09.470,0.80957,0.80972,1.58,2.33
2012.02.24 20:32:11.710,0.80957,0.80972,1.58,3.83
2012.02.24 20:32:11.900,0.80954,0.80968,1.58,2.33
2012.02.24 20:32:13.260,0.80954,0.80968,1.58,2.33
2012.02.24 20:32:14.274,0.80953,0.80966,1.58,2.33
2012.02.24 20:32:19.919,0.80953,0.80966,1.58,2.33
2012.02.24 20:32:20.250,0.80955,0.80967,1.58,1.50
2012.02.24 20:32:20.320,0.80953,0.80967,2.33,3.08
2012.02.24 20:32:21.543,0.80953,0.80967,2.33,3.08
2012.02.24 20:32:30.198,0.80952,0.80965,2.33,1.58
2012.02.24 20:32:30.929,0.80953,0.80968,1.58,2.33
2012.02.24 20:32:32.253,0.80956,0.8097,1.58,3.08
2012.02.24 20:32:32.318,0.80956,0.8097,1.58,1.58
2012.02.24 20:32:32.749,0.80959,0.80972,1.58,4.65
2012.02.24 20:32:33.079,0.80961,0.80973,1.58,1.58
2012.02.24 20:32:37.811,0.80961,0.80976,1.58,1.58
2012.02.24 20:32:38.092,0.80963,0.80976,1.58,1.58
2012.02.24 20:32:38.433,0.80966,0.80979,1.58,3.15
2012.02.24 20:32:38.830,0.80967,0.80982,1.58,2.33
2012.02.24 20:32:39.744,0.80966,0.8098,1.58,1.58
2012.02.24 20:32:39.808,0.80967,0.80982,1.58,2.33
2012.02.24 20:32:41.211,0.80967,0.80981,1.58,1.58
2012.02.24 20:32:41.620,0.80965,0.80978,2.33,1.58
2012.02.24 20:33:00.446,0.80967,0.8098,1.58,1.58
2012.02.24 20:33:00.995,0.80964,0.80979,1.58,1.58
2012.02.24 20:33:02.442,0.80964,0.80979,2.33,1.58
2012.02.24 20:33:24.498,0.80969,0.80981,1.58,1.58
2012.02.24 20:33:26.059,0.80967,0.8098,1.58,1.58
2012.02.24 20:33:27.861,0.80968,0.80982,1.58,2.33
2012.02.24 20:33:28.523,0.80968,0.80982,1.58,2.33
2012.02.24 20:33:29.166,0.80968,0.80982,1.58,2.33
2012.02.24 20:33:29.638,0.80966,0.80981,1.58,2.33
2012.02.24 20:33:34.870,0.80965,0.80978,1.58,1.58
2012.02.24 20:33:37.269,0.80966,0.80981,1.58,1.58
2012.02.24 20:33:38.511,0.80966,0.80981,2.33,1.58
2012.02.24 20:33:39.113,0.80969,0.80981,1.58,1.58
2012.02.24 20:33:39.249,0.80965,0.8098,2.33,1.58
2012.02.24 20:33:40.108,0.80968,0.8098,1.58,1.58
2012.02.24 20:33:40.638,0.80968,0.80983,1.58,1.58
2012.02.24 20:33:40.713,0.80967,0.80979,3.90,1.58
2012.02.24 20:33:41.409,0.80968,0.80982,1.58,1.58
2012.02.24 20:33:41.773,0.80966,0.80981,1.58,1.58
2012.02.24 20:33:43.787,0.80966,0.8098,1.58,1.58
2012.02.24 20:33:43.873,0.80964,0.80976,1.58,1.58
2012.02.24 20:33:53.934,0.80965,0.80978,1.58,1.58
2012.02.24 20:33:54.000,0.80968,0.8098,1.58,2.33
2012.02.24 20:33:54.784,0.80969,0.80983,1.58,2.33
2012.02.24 20:33:55.364,0.80968,0.80981,1.58,1.58
2012.02.24 20:33:59.588,0.80966,0.8098,1.58,1.58
2012.02.24 20:33:59.663,0.80968,0.80982,1.58,3.15
2012.02.24 20:33:59.979,0.80971,0.80984,1.58,1.58
2012.02.24 20:34:11.971,0.80973,0.80985,1.58,1.58
2012.02.24 20:34:13.087,0.80972,0.80986,1.58,1.58
2012.02.24 20:34:16.930,0.8097,0.80985,3.15,1.58
2012.02.24 20:34:18.510,0.80974,0.80986,1.58,1.58
2012.02.24 20:34:19.005,0.80971,0.80985,3.15,1.58
2012.02.24 20:34:19.563,0.80971,0.80985,2.33,1.58
2012.02.24 20:34:29.089,0.80971,0.80985,2.33,1.58
2012.02.24 20:34:29.164,0.80975,0.80987,2.33,1.58
2012.02.24 20:34:29.685,0.80975,0.80987,1.58,1.58
2012.02.24 20:34:30.015,0.80978,0.8099,1.58,3.15
2012.02.24 20:34:31.121,0.80975,0.8099,1.83,3.15
2012.02.24 20:34:31.191,0.80974,0.80987,1.58,1.58
2012.02.24 20:34:35.008,0.80974,0.80987,2.33,1.58
2012.02.24 20:34:35.139,0.80976,0.80989,2.33,2.33
2012.02.24 20:34:35.389,0.80977,0.80992,2.33,1.58
2012.02.24 20:34:37.142,0.80975,0.8099,3.33,1.58
2012.02.24 20:34:37.461,0.80971,0.80986,4.08,1.58
2012.02.24 20:34:38.439,0.80971,0.80986,2.58,1.58
2012.02.24 20:34:38.939,0.80973,0.80987,1.58,1.58
2012.02.24 20:34:56.744,0.80974,0.80989,1.58,2.33
2012.02.24 20:35:01.041,0.80976,0.8099,1.58,1.50
2012.02.24 20:35:02.439,0.80975,0.80987,1.58,1.58
2012.02.24 20:35:12.102,0.80976,0.80989,1.58,2.33
2012.02.24 20:35:12.309,0.80974,0.80988,1.58,1.58
2012.02.24 20:35:12.632,0.80976,0.80989,1.58,2.33
2012.02.24 20:35:16.110,0.80976,0.80991,1.58,3.08
2012.02.24 20:35:17.057,0.80976,0.80991,1.58,3.08
2012.02.24 20:35:17.395,0.80974,0.80986,2.33,1.58
2012.02.24 20:35:17.992,0.80976,0.80989,1.58,3.90
2012.02.24 20:35:20.563,0.80976,0.80989,1.58,2.33
2012.02.24 20:35:20.631,0.80978,0.80991,1.58,2.33
2012.02.24 20:35:21.550,0.80978,0.80991,1.58,2.33
2012.02.24 20:35:21.618,0.80976,0.80989,1.58,2.33
2012.02.24 20:35:23.966,0.80976,0.80988,2.25,1.58
2012.02.24 20:35:24.050,0.8098,0.80992,1.58,2.33
2012.02.24 20:35:24.622,0.8098,0.80992,1.58,1.58
2012.02.24 20:35:32.738,0.80976,0.80991,3.83,1.58
2012.02.24 20:35:33.274,0.80978,0.80992,2.33,1.58
2012.02.24 20:35:35.645,0.80979,0.80992,2.33,1.58
2012.02.24 20:35:36.181,0.80981,0.80993,2.33,1.58
2012.02.24 20:35:36.734,0.80981,0.80993,2.33,1.58
2012.02.24 20:35:37.378,0.80981,0.80993,2.33,1.58
2012.02.24 20:35:39.719,0.80979,0.80991,1.50,1.58
2012.02.24 20:35:40.258,0.8098,0.80994,2.33,1.58
2012.02.24 20:35:41.629,0.80981,0.80994,1.50,1.58
2012.02.24 20:35:42.630,0.80983,0.80995,2.33,1.58
2012.02.24 20:35:49.308,0.80983,0.80995,2.33,1.58
2012.02.24 20:35:50.088,0.80983,0.80995,3.08,1.58
2012.02.24 20:35:55.548,0.80983,0.80998,3.08,2.33
2012.02.24 20:36:02.671,0.80987,0.80999,1.58,1.58
2012.02.24 20:36:03.670,0.80983,0.80998,3.08,1.58
2012.02.24 20:36:04.540,0.80986,0.80998,3.08,1.58
2012.02.24 20:36:04.730,0.80986,0.80998,1.58,1.58
2012.02.24 20:36:05.381,0.80987,0.80999,1.58,1.58
2012.02.24 20:36:05.561,0.80985,0.80997,3.90,1.58
2012.02.24 20:36:07.631,0.80983,0.80996,3.08,1.58
2012.02.24 20:36:10.830,0.80985,0.80997,3.08,1.58
2012.02.24 20:36:11.424,0.80985,0.80997,2.33,1.58
2012.02.24 20:36:11.489,0.80986,0.81,1.58,3.90
2012.02.24 20:36:11.618,0.80985,0.80997,2.33,1.58
2012.02.24 20:36:13.859,0.80983,0.80996,3.08,1.58
2012.02.24 20:36:18.979,0.80986,0.80998,1.58,1.58
2012.02.24 20:36:22.472,0.80985,0.80996,1.50,1.58
2012.02.24 20:36:25.263,0.80985,0.80996,1.50,1.58
2012.02.24 20:36:25.822,0.80984,0.80997,1.50,1.58
2012.02.24 20:36:27.439,0.80984,0.80996,1.50,1.58
2012.02.24 20:36:27.983,0.80984,0.80997,1.50,1.58
2012.02.24 20:36:31.171,0.80985,0.80998,2.33,1.58
2012.02.24 20:36:33.930,0.80986,0.80998,1.50,1.58
2012.02.24 20:36:33.999,0.80987,0.81002,2.33,1.58
2012.02.24 20:36:34.714,0.80987,0.81002,3.08,1.58
2012.02.24 20:36:36.073,0.80987,0.81001,3.08,1.58
2012.02.24 20:36:36.140,0.80987,0.80998,1.50,1.58
2012.02.24 20:36:36.772,0.80987,0.81001,3.08,1.58
2012.02.24 20:36:37.139,0.80988,0.81003,2.33,3.08
2012.02.24 20:36:37.657,0.80988,0.81003,2.33,3.08
2012.02.24 20:36:38.362,0.80987,0.81001,3.83,1.58
2012.02.24 20:36:41.503,0.80987,0.81,3.08,1.58
2012.02.24 20:36:41.571,0.80987,0.80997,1.50,1.58
2012.02.24 20:36:42.483,0.80987,0.80999,3.08,1.58
2012.02.24 20:36:44.299,0.80988,0.81001,2.33,1.58
2012.02.24 20:36:45.030,0.8099,0.81002,2.33,2.33
2012.02.24 20:36:48.012,0.80991,0.81006,3.08,2.33
2012.02.24 20:36:48.644,0.80991,0.81006,3.08,2.33
2012.02.24 20:36:55.260,0.80993,0.81007,2.33,1.58
2012.02.24 20:36:55.405,0.8099,0.81004,2.33,1.58
2012.02.24 20:36:55.938,0.80991,0.81003,1.58,1.58
2012.02.24 20:36:59.773,0.80989,0.80999,1.50,1.58
2012.02.24 20:36:59.839,0.80988,0.80999,1.50,1.58
2012.02.24 20:37:00.389,0.80986,0.80999,1.50,1.58
2012.02.24 20:37:05.500,0.80988,0.81003,1.58,1.58
2012.02.24 20:37:06.059,0.80987,0.80999,2.33,1.58
2012.02.24 20:37:06.131,0.80987,0.81002,2.33,1.58
2012.02.24 20:37:06.668,0.80989,0.81003,1.58,2.33
2012.02.24 20:37:06.742,0.80988,0.81001,3.08,1.58
2012.02.24 20:37:07.140,0.80988,0.81003,3.08,2.33
2012.02.24 20:37:07.579,0.80991,0.81003,1.58,2.33
2012.02.24 20:37:08.701,0.80989,0.81002,1.58,1.58
2012.02.24 20:37:08.779,0.80991,0.81003,1.58,1.58
2012.02.24 20:37:08.994,0.80988,0.81002,2.33,1.58
2012.02.24 20:37:09.636,0.80991,0.81003,1.58,3.15
2012.02.24 20:37:10.662,0.80989,0.81002,1.58,1.58
2012.02.24 20:37:11.807,0.80988,0.81,1.58,1.58
2012.02.24 20:37:11.882,0.80988,0.81003,1.58,1.58
2012.02.24 20:37:12.543,0.80988,0.81,1.58,1.58
2012.02.24 20:37:13.052,0.80988,0.80999,1.58,1.58
2012.02.24 20:37:13.239,0.80984,0.80996,1.58,1.58
2012.02.24 20:37:13.545,0.80984,0.80999,1.58,2.33
2012.02.24 20:37:19.071,0.8099,0.81001,1.58,1.13
2012.02.24 20:37:19.380,0.8099,0.81002,1.58,1.58
2012.02.24 20:37:19.939,0.80989,0.81001,2.33,1.58
2012.02.24 20:37:32.098,0.8099,0.81003,1.58,2.33
2012.02.24 20:37:32.302,0.80988,0.81002,1.58,1.58
2012.02.24 20:37:35.213,0.80988,0.80999,1.58,1.13
2012.02.24 20:37:35.553,0.80985,0.80992,1.58,1.73
2012.02.24 20:37:35.701,0.80975,0.80988,1.50,1.58
2012.02.24 20:37:36.161,0.80976,0.8099,1.58,1.58
2012.02.24 20:37:42.914,0.80974,0.80988,2.33,1.58
2012.02.24 20:37:43.751,0.80978,0.80991,3.08,1.58
2012.02.24 20:37:44.065,0.8098,0.80993,1.58,2.33
2012.02.24 20:37:44.553,0.80978,0.80993,3.08,2.33
2012.02.24 20:37:46.535,0.8098,0.80994,2.33,2.33
2012.02.24 20:37:47.446,0.80979,0.80991,3.08,1.58
2012.02.24 20:37:48.240,0.80979,0.8099,2.25,1.58
2012.02.24 20:37:48.371,0.80979,0.8099,1.50,1.58
2012.02.24 20:37:54.414,0.80976,0.80988,1.50,1.58
2012.02.24 20:37:55.570,0.80976,0.80988,1.50,1.58
2012.02.24 20:37:56.351,0.80975,0.80988,3.08,1.58
2012.02.24 20:37:57.296,0.80975,0.80988,3.08,1.58
2012.02.24 20:37:57.374,0.80975,0.80988,3.08,1.58
2012.02.24 20:37:57.745,0.80975,0.80988,3.08,1.58
2012.02.24 20:37:58.010,0.80975,0.80988,3.08,1.58
2012.02.24 20:38:03.389,0.80975,0.80988,3.08,1.58
2012.02.24 20:38:06.875,0.80976,0.80988,1.50,1.58
2012.02.24 20:38:07.529,0.80975,0.80988,3.83,1.58
2012.02.24 20:38:09.611,0.80976,0.80988,2.25,1.58
2012.02.24 20:38:10.460,0.80978,0.80988,1.50,1.58
2012.02.24 20:38:10.650,0.80978,0.8099,1.50,1.58
2012.02.24 20:38:13.668,0.80978,0.8099,1.50,1.58
2012.02.24 20:38:14.297,0.80974,0.80989,4.58,1.58
2012.02.24 20:38:16.216,0.80975,0.80987,1.50,1.58
2012.02.24 20:38:16.343,0.80974,0.80986,1.50,1.58
2012.02.24 20:38:16.414,0.80973,0.80986,1.50,1.58
2012.02.24 20:38:17.242,0.80973,0.80986,1.50,1.58
2012.02.24 20:38:19.372,0.80974,0.80986,2.33,1.58
2012.02.24 20:38:20.136,0.80974,0.80986,2.33,1.58
2012.02.24 20:38:21.670,0.80971,0.80985,4.58,1.58
2012.02.24 20:38:21.813,0.80971,0.80982,1.50,1.58
2012.02.24 20:38:22.547,0.8097,0.80982,2.33,1.58
2012.02.24 20:38:36.727,0.80971,0.80982,1.50,1.58
2012.02.24 20:38:38.530,0.80971,0.80982,1.50,1.58
2012.02.24 20:38:38.598,0.80971,0.80985,1.50,3.15
2012.02.24 20:38:47.026,0.80972,0.80985,1.50,1.58
2012.02.24 20:38:47.591,0.80973,0.80985,1.50,1.58
2012.02.24 20:39:04.515,0.80974,0.80986,1.50,1.58
2012.02.24 20:39:05.749,0.80974,0.80984,1.50,1.58
2012.02.24 20:39:06.529,0.80974,0.80985,1.50,1.58
2012.02.24 20:39:11.697,0.80973,0.80984,2.25,1.58
2012.02.24 20:39:12.514,0.80974,0.80986,2.33,3.15
2012.02.24 20:39:13.177,0.80973,0.80985,2.25,1.58
2012.02.24 20:39:17.318,0.80973,0.80987,1.50,3.15
2012.02.24 20:39:17.450,0.80973,0.80984,1.50,1.58
2012.02.24 20:39:17.519,0.80973,0.80987,3.08,3.90
2012.02.24 20:39:18.028,0.80973,0.80984,2.33,1.58
2012.02.24 20:39:18.548,0.80972,0.80985,1.50,1.58
2012.02.24 20:39:29.655,0.80969,0.80982,2.33,1.58
2012.02.24 20:39:30.379,0.80971,0.80982,1.50,1.58
2012.02.24 20:39:30.522,0.80974,0.80988,1.58,2.33
2012.02.24 20:39:30.729,0.80974,0.80988,2.33,1.58
2012.02.24 20:39:31.000,0.80972,0.80984,1.50,1.58
2012.02.24 20:39:31.069,0.80975,0.80989,2.33,2.33
2012.02.24 20:39:32.488,0.80973,0.80987,2.33,1.58
2012.02.24 20:39:34.737,0.80972,0.80985,3.83,1.58
2012.02.24 20:39:35.364,0.80973,0.80987,2.33,1.58
2012.02.24 20:39:35.472,0.80973,0.80987,2.33,1.58
2012.02.24 20:39:37.788,0.80972,0.80984,3.08,1.58
2012.02.24 20:39:37.980,0.80972,0.80984,3.08,1.58
2012.02.24 20:39:39.021,0.8097,0.80983,2.33,1.58
2012.02.24 20:39:39.308,0.80972,0.80986,2.33,1.58
2012.02.24 20:39:39.818,0.80971,0.80983,2.33,1.58
2012.02.24 20:39:40.333,0.80971,0.80984,2.33,1.58
2012.02.24 20:39:41.368,0.80972,0.80986,2.33,1.58
2012.02.24 20:39:41.436,0.80975,0.80986,1.58,1.58
2012.02.24 20:39:41.509,0.80976,0.80989,1.58,1.50
2012.02.24 20:39:41.697,0.80977,0.80992,2.33,2.33
2012.02.24 20:39:42.018,0.80977,0.80992,2.33,1.58
2012.02.24 20:39:42.363,0.80977,0.80989,2.33,1.58
2012.02.24 20:39:42.496,0.80978,0.80991,2.33,1.58
2012.02.24 20:39:43.150,0.80977,0.80992,2.33,1.58
2012.02.24 20:39:43.424,0.80976,0.80988,2.33,1.58
2012.02.24 20:39:43.570,0.80975,0.80988,2.33,1.58
2012.02.24 20:39:44.538,0.80974,0.80985,1.50,1.58
2012.02.24 20:39:44.787,0.80973,0.80985,1.50,1.58
2012.02.24 20:39:45.391,0.80974,0.80986,1.58,1.58
2012.02.24 20:39:50.056,0.80975,0.80989,1.58,3.15
2012.02.24 20:39:51.682,0.80975,0.80989,2.33,1.58
2012.02.24 20:39:56.810,0.80976,0.80989,1.50,1.58
2012.02.24 20:39:59.768,0.80976,0.80986,1.50,1.58
2012.02.24 20:40:00.457,0.80975,0.80986,1.50,1.58
2012.02.24 20:40:02.864,0.80975,0.80986,1.50,1.58
2012.02.24 20:40:02.943,0.80974,0.80986,3.83,3.90
2012.02.24 20:40:03.257,0.80968,0.80978,1.58,1.50
2012.02.24 20:40:03.329,0.80966,0.8097,1.58,1.58
2012.02.24 20:40:03.402,0.80961,0.8097,1.50,1.58
2012.02.24 20:40:03.603,0.80958,0.80966,1.50,1.58
2012.02.24 20:40:03.847,0.80955,0.80966,2.25,1.58
2012.02.24 20:40:05.166,0.80957,0.80966,1.50,1.58
2012.02.24 20:40:05.514,0.80959,0.80966,1.50,1.58
2012.02.24 20:40:06.237,0.80957,0.80966,1.50,1.58
2012.02.24 20:40:06.427,0.80958,0.80966,1.50,1.58
2012.02.24 20:40:07.140,0.80952,0.80961,1.50,1.58
2012.02.24 20:40:07.331,0.8095,0.80958,1.50,1.58
2012.02.24 20:40:07.600,0.80947,0.80954,1.50,1.58
2012.02.24 20:40:08.328,0.80945,0.80952,1.50,1.58
2012.02.24 20:40:08.405,0.80943,0.80952,1.50,1.58
2012.02.24 20:40:08.485,0.80941,0.80948,1.50,1.58
2012.02.24 20:40:08.830,0.80934,0.80945,1.50,2.33
2012.02.24 20:40:09.458,0.80935,0.80945,1.50,2.33
2012.02.24 20:40:09.543,0.80939,0.80948,1.50,2.33
2012.02.24 20:40:09.868,0.80939,0.80949,1.50,1.58
2012.02.24 20:40:10.627,0.80936,0.80949,2.25,2.33
2012.02.24 20:40:11.259,0.80938,0.80949,1.50,2.33
2012.02.24 20:40:11.689,0.80939,0.80949,1.50,1.58
2012.02.24 20:40:12.631,0.8093,0.80937,2.25,1.58
2012.02.24 20:40:12.698,0.80928,0.80937,1.50,1.58
2012.02.24 20:40:12.772,0.80928,0.8094,1.50,1.58
2012.02.24 20:40:13.279,0.8093,0.80941,2.25,1.58
2012.02.24 20:40:13.836,0.8093,0.80941,1.50,1.58
2012.02.24 20:40:15.484,0.80932,0.80944,1.50,3.15
2012.02.24 20:40:15.567,0.80933,0.80944,1.50,3.15
2012.02.24 20:40:15.901,0.80933,0.80941,1.50,1.58
2012.02.24 20:40:16.033,0.80932,0.80943,1.50,1.58
2012.02.24 20:40:16.184,0.8093,0.80943,3.08,1.58
2012.02.24 20:40:16.271,0.8093,0.80943,1.58,3.15
2012.02.24 20:40:16.347,0.80927,0.80941,3.08,1.58
2012.02.24 20:40:17.136,0.80927,0.80939,1.50,1.58
2012.02.24 20:40:17.519,0.80927,0.80941,2.33,1.58
2012.02.24 20:40:18.111,0.80929,0.80943,2.33,1.58
2012.02.24 20:40:18.449,0.80932,0.80945,2.33,1.58
2012.02.24 20:40:20.737,0.80937,0.8095,2.33,1.58
2012.02.24 20:40:20.928,0.80937,0.80952,2.33,1.58
2012.02.24 20:40:21.659,0.8094,0.80952,1.58,1.58
2012.02.24 20:40:22.181,0.8094,0.80952,2.33,1.58
2012.02.24 20:40:22.252,0.80941,0.80955,2.33,3.15
2012.02.24 20:40:22.832,0.8094,0.80952,3.15,1.58
2012.02.24 20:40:29.196,0.80938,0.80951,2.33,1.58
2012.02.24 20:40:30.296,0.80939,0.80953,2.33,1.58
2012.02.24 20:40:31.306,0.80939,0.80953,2.33,1.58
2012.02.24 20:40:31.867,0.80939,0.80953,2.33,1.58
2012.02.24 20:40:35.748,0.80938,0.80951,1.50,1.58
2012.02.24 20:40:36.647,0.80938,0.80953,3.08,1.58
2012.02.24 20:40:37.470,0.80939,0.80953,1.50,1.58
2012.02.24 20:40:38.202,0.80938,0.80953,2.33,1.58
2012.02.24 20:40:42.909,0.8094,0.80953,1.50,1.58
2012.02.24 20:40:42.981,0.8094,0.80955,3.08,1.58
2012.02.24 20:40:43.108,0.8094,0.80955,2.33,1.58
2012.02.24 20:40:43.628,0.8094,0.80952,1.50,1.58
2012.02.24 20:40:45.391,0.80939,0.80952,2.33,1.58
2012.02.24 20:40:45.600,0.80936,0.8095,1.50,1.58
2012.02.24 20:40:45.730,0.80936,0.8095,1.50,1.58
2012.02.24 20:40:45.921,0.80933,0.80947,2.33,1.58
2012.02.24 20:40:46.132,0.80935,0.80948,2.33,1.58
2012.02.24 20:40:46.329,0.80938,0.80951,1.50,1.58
2012.02.24 20:40:47.640,0.80937,0.80949,2.33,1.58
2012.02.24 20:40:48.329,0.80937,0.80949,3.08,1.58
2012.02.24 20:40:48.654,0.80936,0.80947,2.25,1.58
2012.02.24 20:40:48.728,0.80937,0.80949,2.33,1.58
2012.02.24 20:40:55.259,0.80936,0.80947,2.25,1.58
2012.02.24 20:40:56.698,0.80936,0.80947,2.25,1.58
2012.02.24 20:40:58.690,0.80936,0.8095,3.83,1.58
2012.02.24 20:41:01.927,0.80936,0.8095,1.58,1.58
2012.02.24 20:41:02.002,0.80934,0.80948,2.33,1.58
2012.02.24 20:41:02.530,0.80935,0.80948,1.58,1.58
2012.02.24 20:41:02.600,0.80936,0.8095,1.58,1.58
2012.02.24 20:41:03.636,0.80937,0.80952,1.58,2.33
2012.02.24 20:41:04.668,0.80935,0.8095,3.90,1.58
2012.02.24 20:41:09.329,0.80938,0.80951,1.58,1.58
2012.02.24 20:41:10.481,0.8094,0.80953,1.58,1.58
2012.02.24 20:41:11.468,0.80938,0.80955,1.58,3.08
2012.02.24 20:41:11.541,0.80938,0.80955,2.33,2.33
2012.02.24 20:41:11.859,0.80936,0.80958,1.50,1.50
2012.02.24 20:41:12.329,0.80936,0.8096,1.50,2.25
2012.02.24 20:41:15.039,0.80936,0.80958,1.75,1.50
2012.02.24 20:41:20.749,0.80936,0.80958,1.75,1.50
2012.02.24 20:41:22.949,0.80944,0.80958,1.50,1.50
2012.02.24 20:41:25.387,0.80944,0.80958,1.50,1.50
2012.02.24 20:41:26.346,0.80944,0.80958,1.50,1.50
2012.02.24 20:41:36.249,0.80944,0.80958,1.50,1.50
2012.02.24 20:41:38.678,0.80944,0.80961,1.50,1.50
2012.02.24 20:41:39.227,0.80944,0.80961,1.50,1.50
2012.02.24 20:41:39.632,0.80944,0.80961,1.50,1.50
2012.02.24 20:41:40.362,0.80943,0.80961,2.25,1.50
2012.02.24 20:41:42.147,0.80943,0.80961,2.25,1.50
2012.02.24 20:41:42.278,0.80943,0.80959,1.50,1.50
2012.02.24 20:41:43.740,0.80938,0.80956,1.50,1.50
2012.02.24 20:41:44.755,0.80939,0.80956,1.50,1.50
2012.02.24 20:41:45.413,0.80938,0.80956,2.25,1.50
2012.02.24 20:41:45.956,0.80939,0.80955,1.50,1.50
2012.02.24 20:41:46.774,0.80937,0.80955,2.25,1.50
2012.02.24 20:41:50.049,0.80937,0.80955,2.25,1.50
2012.02.24 20:41:50.380,0.80939,0.80956,1.50,1.50
2012.02.24 20:41:58.757,0.80939,0.80956,1.50,1.50
2012.02.24 20:41:59.097,0.80939,0.80956,1.50,1.50
2012.02.24 20:42:00.820,0.80942,0.80956,1.50,1.50
2012.02.24 20:42:01.339,0.80942,0.80958,1.50,1.50
2012.02.24 20:42:01.651,0.8094,0.80958,2.25,1.50
2012.02.24 20:42:02.286,0.80941,0.80958,1.50,1.50
2012.02.24 20:42:03.086,0.80942,0.80955,1.50,1.50
2012.02.24 20:42:03.619,0.8094,0.80955,1.50,1.50
2012.02.24 20:42:03.937,0.80941,0.80951,1.50,1.58
2012.02.24 20:42:04.468,0.80941,0.8095,1.50,1.58
2012.02.24 20:42:12.550,0.80936,0.80948,2.25,1.58
2012.02.24 20:42:12.809,0.80937,0.80948,1.50,1.58
2012.02.24 20:42:13.435,0.80937,0.80949,3.08,1.58
2012.02.24 20:42:13.900,0.80938,0.80952,2.25,2.33
2012.02.24 20:42:13.970,0.80938,0.80952,2.25,2.33
2012.02.24 20:42:14.502,0.8094,0.80952,1.50,2.33
2012.02.24 20:42:15.078,0.8094,0.80948,1.50,1.58
2012.02.24 20:42:15.865,0.80944,0.80954,2.33,1.50
2012.02.24 20:42:15.943,0.80947,0.80959,3.08,1.58
2012.02.24 20:42:16.475,0.80947,0.80958,1.50,2.33
2012.02.24 20:42:16.938,0.80945,0.80958,2.33,2.33
2012.02.24 20:42:18.549,0.80945,0.80958,2.33,1.58
2012.02.24 20:42:18.618,0.80945,0.80958,2.33,2.33
2012.02.24 20:42:18.752,0.80945,0.80958,2.33,1.58
2012.02.24 20:42:20.688,0.80945,0.80958,2.33,3.08
2012.02.24 20:42:21.018,0.80946,0.80952,1.50,1.58
2012.02.24 20:42:21.090,0.80946,0.80957,1.50,2.33
2012.02.24 20:42:21.230,0.80947,0.80961,2.33,2.33
2012.02.24 20:42:22.028,0.80946,0.80957,3.08,1.58
2012.02.24 20:42:22.970,0.80945,0.80957,1.50,1.58
2012.02.24 20:42:23.277,0.80947,0.80957,1.50,1.58
2012.02.24 20:42:25.268,0.80946,0.80957,1.50,1.58
2012.02.24 20:42:27.939,0.80945,0.80957,2.33,1.58
2012.02.24 20:42:28.552,0.80945,0.80957,1.58,1.58
2012.02.24 20:42:31.604,0.80947,0.80957,1.58,1.58
2012.02.24 20:42:31.754,0.80951,0.80963,1.58,2.33
2012.02.24 20:42:32.081,0.80948,0.80962,3.90,1.58
2012.02.24 20:42:32.802,0.80949,0.80962,1.58,1.58
2012.02.24 20:42:32.870,0.80951,0.80963,1.58,1.58
2012.02.24 20:42:33.972,0.80954,0.80966,1.50,1.58
2012.02.24 20:42:36.469,0.80955,0.80969,2.33,3.08
2012.02.24 20:42:36.539,0.80956,0.80969,1.50,3.08
2012.02.24 20:42:37.272,0.80958,0.80969,1.50,1.58
2012.02.24 20:42:43.046,0.80955,0.80969,2.33,3.90
2012.02.24 20:42:43.193,0.80954,0.80967,3.08,1.58
2012.02.24 20:42:44.604,0.80954,0.80965,1.50,1.58
2012.02.24 20:42:46.064,0.80954,0.80965,1.50,1.58
2012.02.24 20:42:46.202,0.80958,0.80969,1.50,2.33
2012.02.24 20:42:46.740,0.80958,0.80969,1.50,1.58
2012.02.24 20:42:47.596,0.80958,0.80971,1.50,3.90
2012.02.24 20:42:49.510,0.8096,0.80971,1.50,1.58
2012.02.24 20:42:49.718,0.80961,0.80974,3.08,1.58
2012.02.24 20:42:50.807,0.80957,0.80971,1.50,2.33
2012.02.24 20:42:51.373,0.80957,0.80971,1.50,2.33
2012.02.24 20:42:56.932,0.8096,0.80971,1.50,2.33
2012.02.24 20:42:57.129,0.80961,0.80972,1.50,1.58
2012.02.24 20:43:06.386,0.80963,0.80977,2.33,1.50
2012.02.24 20:43:06.519,0.80967,0.80978,1.50,3.08
2012.02.24 20:43:06.658,0.80968,0.8098,1.50,2.33
2012.02.24 20:43:07.271,0.80968,0.8098,1.50,2.33
2012.02.24 20:43:10.990,0.80968,0.8098,1.50,1.58
2012.02.24 20:43:13.261,0.80967,0.80982,1.50,1.50
2012.02.24 20:43:13.828,0.80969,0.80983,1.50,2.25
2012.02.24 20:43:20.631,0.8097,0.80983,1.50,1.50
2012.02.24 20:43:20.701,0.80969,0.80985,1.50,1.50
2012.02.24 20:43:20.829,0.80971,0.80985,1.50,1.50
2012.02.24 20:43:21.343,0.80971,0.80986,1.50,1.50
2012.02.24 20:43:21.555,0.80971,0.80988,1.50,1.50
2012.02.24 20:43:22.275,0.80971,0.80988,1.50,1.50
2012.02.24 20:43:30.171,0.8097,0.80987,1.50,1.50
2012.02.24 20:43:38.152,0.8097,0.80985,1.50,1.50
2012.02.24 20:43:38.221,0.80966,0.80983,1.50,1.50
2012.02.24 20:43:38.291,0.80964,0.80983,2.50,1.50
2012.02.24 20:43:38.480,0.80962,0.80983,1.75,2.25
2012.02.24 20:43:38.788,0.80962,0.80983,1.75,3.08
2012.02.24 20:43:39.309,0.80963,0.80983,1.75,1.50
2012.02.24 20:43:42.151,0.80963,0.80983,1.75,1.50
2012.02.24 20:43:56.549,0.80962,0.80978,1.50,1.58
2012.02.24 20:43:59.410,0.80962,0.80978,1.50,1.58
2012.02.24 20:44:02.707,0.80964,0.80979,1.58,1.58
2012.02.24 20:44:03.799,0.80964,0.80979,2.33,1.58
2012.02.24 20:44:04.351,0.80965,0.8098,2.33,1.50
2012.02.24 20:44:04.679,0.80964,0.80979,1.58,2.33
2012.02.24 20:44:05.181,0.80964,0.80979,1.58,2.33
2012.02.24 20:44:06.195,0.80963,0.8098,2.33,2.33
2012.02.24 20:44:09.826,0.80965,0.80981,1.58,2.70
2012.02.24 20:44:10.419,0.80964,0.80979,1.58,2.33
2012.02.24 20:44:12.500,0.80969,0.80979,1.50,1.58
2012.02.24 20:44:12.769,0.80971,0.80986,2.33,1.58
2012.02.24 20:44:15.518,0.80971,0.80986,3.08,1.58
2012.02.24 20:44:16.651,0.80971,0.80985,1.50,1.58
2012.02.24 20:44:18.059,0.80971,0.80984,1.50,1.58
2012.02.24 20:44:18.579,0.80971,0.80986,1.50,3.08
2012.02.24 20:44:19.396,0.80971,0.80986,1.50,1.58
2012.02.24 20:44:26.224,0.80972,0.80988,2.33,3.08
2012.02.24 20:44:27.126,0.80971,0.80986,3.08,1.58
2012.02.24 20:44:30.835,0.80973,0.80986,1.50,1.58
2012.02.24 20:44:30.911,0.80978,0.80992,1.50,1.58
2012.02.24 20:44:33.826,0.80978,0.80994,3.08,1.58
2012.02.24 20:44:34.421,0.80978,0.80994,3.08,1.58
2012.02.24 20:44:36.388,0.80977,0.80992,3.08,1.58
2012.02.24 20:44:36.604,0.80977,0.80992,3.08,1.58
2012.02.24 20:44:37.308,0.80977,0.80992,3.83,2.33
2012.02.24 20:44:38.947,0.80979,0.80992,1.50,1.58
2012.02.24 20:44:39.499,0.80977,0.80992,2.33,1.58
2012.02.24 20:44:40.669,0.80977,0.80992,2.33,1.58
2012.02.24 20:44:44.139,0.80975,0.8099,3.08,1.95
2012.02.24 20:44:44.992,0.80971,0.80987,2.33,2.33
2012.02.24 20:44:45.309,0.80971,0.80986,2.33,1.13
2012.02.24 20:44:45.602,0.80969,0.80985,2.33,2.33
2012.02.24 20:44:50.638,0.8097,0.80987,1.58,1.13
2012.02.24 20:44:50.770,0.80968,0.80984,1.58,2.33
2012.02.24 20:44:51.317,0.80966,0.80983,2.33,3.08
2012.02.24 20:44:54.377,0.80966,0.80983,1.58,2.33
2012.02.24 20:44:55.905,0.80966,0.80983,2.33,2.33
2012.02.24 20:44:56.616,0.80967,0.80983,1.50,2.33
2012.02.24 20:44:56.689,0.80969,0.80986,3.08,2.33
2012.02.24 20:44:56.838,0.80969,0.80984,1.50,1.58
2012.02.24 20:44:59.703,0.80969,0.80986,1.50,2.33
2012.02.24 20:45:00.116,0.80969,0.80983,1.50,1.58
2012.02.24 20:45:00.319,0.80968,0.80983,2.33,1.58
2012.02.24 20:45:00.402,0.80966,0.80982,2.25,1.58
2012.02.24 20:45:00.541,0.80967,0.80982,3.08,1.58
2012.02.24 20:45:01.264,0.8097,0.80988,3.08,2.33
2012.02.24 20:45:01.403,0.8097,0.80988,3.08,3.08
2012.02.24 20:45:01.542,0.80969,0.80985,2.33,2.33
2012.02.24 20:45:01.614,0.80969,0.80985,2.33,2.33
2012.02.24 20:45:02.307,0.80966,0.80984,3.08,2.33
2012.02.24 20:45:02.497,0.80968,0.80984,1.50,2.33
2012.02.24 20:45:03.552,0.80966,0.80982,2.33,1.13
2012.02.24 20:45:03.623,0.80964,0.80982,3.08,2.70
2012.02.24 20:45:04.455,0.80964,0.80982,3.08,2.33
2012.02.24 20:45:04.541,0.80964,0.80982,3.08,2.33
2012.02.24 20:45:04.699,0.80964,0.80982,3.08,2.33
2012.02.24 20:45:07.900,0.80962,0.8098,2.33,2.33
2012.02.24 20:45:08.030,0.80962,0.8098,1.58,2.33
2012.02.24 20:45:08.589,0.80962,0.8098,2.33,2.33
2012.02.24 20:45:09.504,0.80962,0.8098,1.58,2.70
2012.02.24 20:45:09.570,0.80962,0.8098,1.58,2.70
2012.02.24 20:45:10.310,0.80962,0.8098,1.58,2.33
2012.02.24 20:45:10.637,0.80964,0.80982,1.58,2.70
2012.02.24 20:45:10.714,0.80964,0.80982,1.58,2.70
2012.02.24 20:45:11.714,0.80964,0.80979,1.58,1.58
2012.02.24 20:45:12.482,0.80964,0.80982,1.58,2.33
2012.02.24 20:45:13.047,0.80963,0.8098,1.58,1.58
2012.02.24 20:45:14.370,0.80965,0.80981,1.58,1.58
2012.02.24 20:45:14.561,0.80963,0.8098,2.33,1.58
2012.02.24 20:45:15.014,0.80964,0.80982,1.58,1.58
2012.02.24 20:45:17.030,0.80968,0.80983,1.58,2.33
2012.02.24 20:45:17.299,0.80973,0.80989,1.58,1.58
2012.02.24 20:45:17.737,0.80972,0.80987,1.58,1.58
2012.02.24 20:45:20.760,0.8097,0.80986,2.33,1.58
2012.02.24 20:45:20.900,0.80968,0.80984,2.33,1.58
2012.02.24 20:45:21.030,0.80967,0.80984,1.58,1.58
2012.02.24 20:45:21.097,0.80965,0.80982,3.90,1.58
2012.02.24 20:45:24.168,0.80964,0.80979,3.90,1.58
2012.02.24 20:45:27.860,0.80966,0.80981,1.58,1.58
2012.02.24 20:45:30.283,0.80964,0.8098,1.58,1.58
2012.02.24 20:45:30.488,0.80962,0.80976,1.50,1.58
2012.02.24 20:45:30.566,0.80958,0.80976,3.08,2.33
2012.02.24 20:45:30.703,0.80957,0.80973,1.50,1.58
2012.02.24 20:45:31.479,0.80958,0.80974,2.33,1.58
2012.02.24 20:45:42.105,0.8096,0.80976,1.58,2.33
2012.02.24 20:45:42.182,0.80958,0.80977,2.33,2.33
2012.02.24 20:45:51.182,0.80958,0.80976,2.33,1.50
2012.02.24 20:45:51.369,0.80955,0.80973,2.33,1.50
2012.02.24 20:45:54.100,0.80955,0.80974,2.33,1.58
2012.02.24 20:45:54.814,0.80955,0.80974,2.58,1.58
2012.02.24 20:45:55.465,0.80955,0.80974,2.58,1.58
2012.02.24 20:46:01.414,0.80955,0.80974,2.58,1.58
2012.02.24 20:46:01.718,0.80959,0.80979,2.33,1.50
2012.02.24 20:46:02.776,0.80959,0.80979,2.33,2.25
2012.02.24 20:46:05.406,0.80959,0.80979,2.33,1.50
2012.02.24 20:46:07.288,0.80959,0.80979,2.33,2.25
2012.02.24 20:46:07.842,0.80959,0.80979,2.33,1.50
2012.02.24 20:46:09.879,0.80964,0.8098,1.58,3.08
2012.02.24 20:46:10.464,0.80964,0.8098,1.58,2.33
2012.02.24 20:46:15.728,0.80965,0.80982,1.58,1.50
2012.02.24 20:46:15.798,0.80965,0.80983,1.58,4.43
2012.02.24 20:46:16.052,0.80964,0.8098,3.15,1.58
2012.02.24 20:46:27.758,0.80965,0.8098,1.58,1.58
2012.02.24 20:46:28.068,0.80967,0.80983,1.58,1.50
2012.02.24 20:46:28.158,0.80967,0.80983,1.58,1.50
2012.02.24 20:46:28.347,0.80965,0.80982,1.58,1.58
2012.02.24 20:46:28.993,0.80964,0.80982,1.58,1.58
2012.02.24 20:46:33.267,0.80965,0.80982,1.58,1.58
2012.02.24 20:46:33.339,0.80967,0.80982,1.58,1.58
2012.02.24 20:46:33.976,0.80971,0.80986,1.58,1.58
2012.02.24 20:46:34.622,0.80968,0.80985,2.33,1.58
2012.02.24 20:46:36.017,0.80967,0.80984,2.25,1.58
2012.02.24 20:46:39.422,0.80967,0.80982,1.50,1.58
2012.02.24 20:46:39.631,0.80965,0.80982,2.33,2.33
2012.02.24 20:46:39.765,0.80964,0.80979,1.58,1.58
2012.02.24 20:46:40.270,0.80963,0.80979,2.33,1.58
2012.02.24 20:46:43.047,0.80961,0.80978,2.33,1.58
2012.02.24 20:46:44.268,0.80963,0.80978,1.50,1.58
2012.02.24 20:46:44.830,0.80964,0.80978,1.50,1.58
2012.02.24 20:46:48.417,0.80964,0.8098,1.50,1.58
2012.02.24 20:46:50.314,0.80964,0.8098,1.50,2.33
2012.02.24 20:46:50.808,0.80965,0.80978,1.50,1.58
2012.02.24 20:46:54.182,0.80965,0.80979,1.50,2.33
2012.02.24 20:46:59.137,0.80965,0.80978,1.50,1.58
2012.02.24 20:47:01.387,0.80965,0.80978,1.50,1.58
2012.02.24 20:47:02.262,0.80957,0.80975,3.08,3.90
2012.02.24 20:47:02.346,0.80957,0.80971,1.50,1.58
2012.02.24 20:47:03.077,0.80957,0.80973,1.50,1.58
2012.02.24 20:47:09.207,0.80957,0.80971,1.50,1.58
2012.02.24 20:47:10.276,0.80957,0.80973,1.50,1.58
2012.02.24 20:47:11.846,0.80957,0.80971,1.50,1.58
2012.02.24 20:47:16.870,0.80959,0.80971,1.50,1.58
2012.02.24 20:47:29.509,0.80954,0.80968,2.25,1.58
2012.02.24 20:47:29.773,0.80957,0.80968,1.50,1.58
2012.02.24 20:47:30.348,0.80953,0.80968,1.50,2.33
2012.02.24 20:47:30.598,0.80951,0.80967,2.25,1.58
2012.02.24 20:47:30.743,0.80952,0.80967,1.50,1.58
2012.02.24 20:47:31.258,0.80954,0.80968,1.50,2.33
2012.02.24 20:47:31.569,0.8095,0.80967,3.08,1.58
2012.02.24 20:47:31.697,0.8095,0.80966,1.50,2.33
2012.02.24 20:47:32.018,0.8095,0.80967,3.08,2.33
2012.02.24 20:47:33.379,0.80949,0.80966,3.83,2.33
2012.02.24 20:47:33.976,0.80951,0.80966,2.25,2.33
2012.02.24 20:47:34.372,0.80951,0.80966,1.50,2.33
2012.02.24 20:47:42.320,0.80952,0.80966,2.25,2.33
2012.02.24 20:47:42.727,0.80952,0.80968,2.25,1.58
2012.02.24 20:47:43.513,0.80952,0.80968,2.25,1.58
2012.02.24 20:47:46.017,0.80952,0.80965,1.50,1.58
2012.02.24 20:47:49.506,0.80952,0.80967,1.50,1.58
2012.02.24 20:47:50.185,0.80951,0.80967,3.83,1.58
2012.02.24 20:47:50.560,0.80951,0.80965,2.25,1.58
2012.02.24 20:47:50.628,0.80951,0.80968,2.25,3.90
2012.02.24 20:47:51.886,0.80951,0.80968,1.50,2.33
2012.02.24 20:47:51.961,0.80953,0.80969,1.58,4.65
2012.02.24 20:47:52.290,0.80955,0.80971,3.08,2.33
2012.02.24 20:47:53.143,0.80955,0.80971,3.08,2.33
2012.02.24 20:47:53.217,0.80954,0.80968,1.50,1.58
2012.02.24 20:47:53.460,0.80954,0.8097,3.08,1.58
2012.02.24 20:47:53.903,0.80955,0.80968,1.50,1.58
2012.02.24 20:47:54.464,0.80954,0.80968,1.50,1.58
2012.02.24 20:47:59.249,0.80952,0.80964,1.50,1.58
2012.02.24 20:47:59.378,0.80951,0.80964,1.50,1.58
2012.02.24 20:48:00.008,0.80951,0.80966,1.50,1.58
2012.02.24 20:48:00.878,0.80952,0.80968,2.33,3.08
2012.02.24 20:48:01.011,0.80952,0.80968,2.33,3.08
2012.02.24 20:48:01.633,0.80952,0.80967,2.25,1.58
2012.02.24 20:48:04.349,0.80952,0.80967,1.50,2.18
2012.02.24 20:48:04.558,0.80945,0.80961,3.83,1.58
2012.02.24 20:48:05.067,0.80946,0.80961,1.50,1.58
2012.02.24 20:48:05.482,0.80946,0.80961,1.50,2.33
2012.02.24 20:48:06.069,0.80947,0.80965,3.08,2.33
2012.02.24 20:48:06.142,0.80948,0.80965,1.50,2.33
2012.02.24 20:48:06.711,0.8095,0.80965,1.50,2.33
2012.02.24 20:48:10.318,0.80949,0.80965,1.50,2.33
2012.02.24 20:48:20.288,0.80947,0.80965,3.83,2.33
2012.02.24 20:48:20.837,0.80948,0.80965,1.50,2.33
2012.02.24 20:48:24.271,0.8095,0.80965,1.50,2.33
2012.02.24 20:48:25.006,0.80951,0.80967,1.50,2.33
2012.02.24 20:48:30.183,0.8095,0.80967,1.50,2.33
2012.02.24 20:48:30.429,0.80948,0.80964,1.50,1.58
2012.02.24 20:48:30.497,0.80947,0.80961,2.25,1.58
2012.02.24 20:48:30.928,0.80948,0.80964,3.08,2.33
2012.02.24 20:48:30.999,0.80948,0.80964,3.08,2.33
2012.02.24 20:48:31.128,0.80949,0.80967,3.08,3.08
2012.02.24 20:48:31.641,0.80949,0.80965,1.50,1.58
2012.02.24 20:48:36.298,0.80951,0.80967,2.33,2.33
2012.02.24 20:48:36.609,0.80953,0.80969,2.33,3.90
2012.02.24 20:48:36.940,0.80954,0.80971,1.50,1.58
2012.02.24 20:48:37.068,0.80954,0.80971,1.50,1.58
2012.02.24 20:48:37.833,0.80954,0.80971,2.25,1.58
2012.02.24 20:48:39.850,0.80955,0.80973,3.08,2.33
2012.02.24 20:48:40.449,0.80955,0.80973,2.33,2.33
2012.02.24 20:48:41.139,0.80955,0.80973,2.33,1.58
2012.02.24 20:48:41.661,0.80955,0.80973,3.08,1.58
2012.02.24 20:48:46.417,0.80957,0.80974,2.33,3.90
2012.02.24 20:48:46.768,0.80959,0.80975,1.50,1.50
2012.02.24 20:48:47.835,0.80963,0.80977,1.50,1.58
2012.02.24 20:48:50.880,0.80968,0.8098,1.58,1.58
2012.02.24 20:48:50.950,0.80968,0.80982,1.58,1.50
2012.02.24 20:48:51.138,0.80968,0.80984,2.33,3.08
2012.02.24 20:48:51.330,0.80966,0.80981,1.75,2.33
2012.02.24 20:48:51.400,0.80965,0.80981,2.58,2.33
2012.02.24 20:48:51.730,0.80967,0.80982,2.33,1.50
2012.02.24 20:48:51.862,0.80967,0.80983,2.33,2.33
2012.02.24 20:48:51.930,0.80967,0.80983,2.33,2.33
2012.02.24 20:48:52.188,0.80964,0.8098,1.50,1.58
2012.02.24 20:49:02.092,0.80965,0.80981,3.83,1.58
2012.02.24 20:49:02.436,0.80962,0.80978,2.25,1.58
2012.02.24 20:49:02.512,0.80962,0.80978,2.25,1.58
2012.02.24 20:49:09.042,0.80962,0.80978,1.50,2.33
2012.02.24 20:49:12.069,0.80963,0.80979,2.33,1.58
2012.02.24 20:49:12.198,0.80963,0.80979,3.08,1.58
2012.02.24 20:49:17.342,0.80963,0.80979,2.33,1.58
2012.02.24 20:49:17.659,0.80965,0.80981,1.50,3.15
2012.02.24 20:49:19.644,0.80965,0.80981,3.08,1.58
2012.02.24 20:49:19.727,0.8097,0.80987,1.50,2.33
2012.02.24 20:49:20.009,0.8097,0.80984,1.50,1.58
2012.02.24 20:49:20.601,0.8097,0.80986,3.08,1.58
2012.02.24 20:49:21.131,0.8097,0.80985,1.50,1.58
2012.02.24 20:49:34.408,0.80971,0.80987,1.50,1.58
2012.02.24 20:49:34.477,0.80971,0.80987,1.50,1.58
2012.02.24 20:49:34.734,0.80971,0.80989,4.08,3.08
2012.02.24 20:49:35.151,0.80978,0.80989,1.50,2.33
2012.02.24 20:49:35.431,0.80979,0.80995,2.25,1.58
2012.02.24 20:49:35.722,0.80979,0.80993,1.50,1.58
2012.02.24 20:49:35.859,0.80976,0.8099,1.50,1.58
2012.02.24 20:49:36.662,0.80976,0.80992,3.08,1.58
2012.02.24 20:49:44.737,0.80977,0.80994,3.08,1.58
2012.02.24 20:49:44.809,0.80979,0.80995,1.58,1.58
2012.02.24 20:49:45.117,0.80981,0.80995,1.50,1.58
2012.02.24 20:49:45.661,0.80981,0.80993,1.50,1.58
2012.02.24 20:49:48.160,0.80979,0.80993,1.50,1.58
2012.02.24 20:49:57.212,0.80976,0.80991,2.33,1.58
2012.02.24 20:49:57.350,0.80975,0.80989,1.75,1.58
2012.02.24 20:49:57.903,0.80975,0.8099,1.50,1.58
2012.02.24 20:49:58.642,0.80975,0.8099,2.25,1.58
2012.02.24 20:50:00.410,0.80975,0.80989,2.25,1.58
2012.02.24 20:50:00.484,0.80974,0.80989,1.50,1.58
2012.02.24 20:50:00.555,0.80972,0.80987,1.50,1.58
2012.02.24 20:50:00.630,0.8097,0.80987,2.25,1.58
2012.02.24 20:50:04.961,0.80971,0.80988,2.33,1.58
2012.02.24 20:50:05.158,0.80971,0.80989,3.83,2.33
2012.02.24 20:50:07.507,0.80971,0.80987,1.50,1.58
2012.02.24 20:50:08.142,0.80969,0.80985,1.58,3.08
2012.02.24 20:50:08.221,0.80965,0.80979,1.58,2.33
2012.02.24 20:50:08.359,0.80964,0.80976,1.58,1.58
2012.02.24 20:50:11.489,0.80961,0.80973,3.33,1.58
2012.02.24 20:50:11.619,0.80961,0.80973,2.58,1.58
2012.02.24 20:50:12.324,0.80962,0.80975,2.33,1.58
2012.02.24 20:50:12.997,0.80964,0.80976,1.58,1.58
2012.02.24 20:50:14.441,0.80964,0.80976,2.33,1.58
2012.02.24 20:50:14.703,0.80964,0.80979,3.08,1.58
2012.02.24 20:50:15.251,0.80967,0.80979,1.58,1.58
2012.02.24 20:50:24.962,0.80967,0.80979,3.08,1.58
2012.02.24 20:50:26.785,0.80967,0.80979,3.08,1.58
2012.02.24 20:50:26.859,0.80967,0.80979,2.33,1.58
2012.02.24 20:50:27.804,0.80967,0.80979,2.33,1.58
2012.02.24 20:50:28.135,0.80963,0.80977,2.33,1.58
2012.02.24 20:50:28.216,0.80958,0.80972,3.08,1.58
2012.02.24 20:50:28.296,0.80958,0.80972,2.33,1.58
2012.02.24 20:50:34.228,0.80958,0.80972,2.33,1.58
2012.02.24 20:50:34.855,0.80961,0.80973,2.33,1.58
2012.02.24 20:50:39.028,0.80963,0.80976,1.58,1.58
2012.02.24 20:50:39.289,0.80961,0.80975,2.33,1.58
2012.02.24 20:50:41.611,0.80964,0.80976,1.58,1.58
2012.02.24 20:50:44.814,0.80962,0.80975,2.33,1.58
2012.02.24 20:50:45.358,0.80961,0.80976,2.33,1.58
2012.02.24 20:50:48.948,0.80961,0.80976,2.33,1.58
2012.02.24 20:50:49.277,0.80961,0.80976,2.33,1.58
2012.02.24 20:50:52.849,0.80964,0.80976,1.58,1.58
2012.02.24 20:51:01.180,0.80964,0.80976,2.33,1.58
2012.02.24 20:51:01.264,0.8097,0.80985,2.33,2.33
2012.02.24 20:51:11.536,0.80971,0.80985,1.50,1.58
2012.02.24 20:51:12.042,0.80971,0.80984,1.50,1.58
2012.02.24 20:51:12.450,0.80973,0.80988,1.58,1.58
2012.02.24 20:51:13.108,0.80971,0.80986,3.08,1.58
2012.02.24 20:51:20.233,0.80974,0.80987,1.58,1.58
2012.02.24 20:51:20.562,0.80974,0.80987,2.33,1.58
2012.02.24 20:51:20.704,0.80977,0.8099,2.33,1.58
2012.02.24 20:51:20.840,0.80976,0.80988,1.50,1.58
2012.02.24 20:51:21.031,0.80975,0.8099,3.08,1.58
2012.02.24 20:51:21.220,0.80974,0.80988,3.08,1.58
2012.02.24 20:51:22.096,0.80976,0.80989,2.33,1.58
2012.02.24 20:51:28.838,0.80976,0.80989,1.58,3.15
2012.02.24 20:51:29.348,0.80975,0.80988,1.50,1.58
2012.02.24 20:51:29.760,0.80975,0.8099,3.08,1.58
2012.02.24 20:51:32.545,0.80978,0.8099,1.58,1.58
2012.02.24 20:51:36.114,0.80978,0.80993,2.33,2.33
2012.02.24 20:51:36.250,0.80975,0.8099,2.33,1.58
2012.02.24 20:51:36.319,0.80975,0.8099,2.33,1.58
2012.02.24 20:51:36.466,0.80974,0.80987,3.08,1.58
2012.02.24 20:51:36.973,0.80974,0.80987,2.33,1.58
2012.02.24 20:51:37.483,0.80976,0.80989,1.58,1.58
2012.02.24 20:51:38.372,0.80973,0.80988,1.58,1.58
2012.02.24 20:51:44.922,0.8097,0.80985,3.08,1.58
2012.02.24 20:51:44.989,0.8097,0.80985,2.33,1.58
2012.02.24 20:51:45.695,0.80972,0.80987,2.33,1.58
2012.02.24 20:51:46.801,0.8097,0.80982,2.33,1.58
2012.02.24 20:51:55.038,0.8097,0.80984,3.08,1.58
2012.02.24 20:51:55.529,0.80972,0.80986,1.58,3.15
2012.02.24 20:51:56.588,0.80971,0.80984,2.33,1.58
2012.02.24 20:52:12.462,0.80974,0.80986,1.58,1.58
2012.02.24 20:52:13.109,0.80974,0.80987,2.33,1.58
2012.02.24 20:52:15.490,0.80974,0.80987,3.08,1.58
2012.02.24 20:52:15.561,0.80977,0.8099,3.08,1.58
2012.02.24 20:52:15.627,0.80977,0.80992,3.08,1.58
2012.02.24 20:52:22.911,0.80978,0.80991,1.50,1.58
2012.02.24 20:52:23.482,0.80978,0.8099,1.50,1.58
2012.02.24 20:52:37.088,0.80976,0.80988,1.50,1.58
2012.02.24 20:52:37.398,0.80977,0.8099,1.50,1.58
2012.02.24 20:52:45.784,0.80976,0.8099,2.33,1.58
2012.02.24 20:52:46.433,0.80972,0.80985,2.33,1.58
2012.02.24 20:52:50.619,0.80971,0.80985,2.33,1.58
2012.02.24 20:52:51.595,0.80969,0.80984,3.08,1.58
2012.02.24 20:53:02.879,0.80969,0.80984,3.33,1.58
2012.02.24 20:53:03.191,0.80976,0.80984,1.50,1.58
2012.02.24 20:53:03.262,0.80976,0.80986,1.50,1.58
2012.02.24 20:53:03.411,0.80977,0.80989,2.33,1.58
2012.02.24 20:53:14.526,0.80978,0.80992,1.58,1.58
2012.02.24 20:53:17.090,0.80977,0.80989,2.33,1.58
2012.02.24 20:53:17.398,0.80975,0.80987,2.33,1.58
2012.02.24 20:53:17.708,0.80973,0.80985,1.58,1.58
2012.02.24 20:53:22.421,0.80971,0.80983,3.08,1.58
2012.02.24 20:53:22.728,0.80969,0.80983,2.33,1.58
2012.02.24 20:53:25.772,0.80969,0.80983,3.08,1.58
2012.02.24 20:53:26.767,0.80969,0.80983,2.33,1.58
2012.02.24 20:53:27.348,0.80969,0.80981,1.50,1.58
2012.02.24 20:53:27.519,0.80969,0.80983,1.58,3.15
2012.02.24 20:53:27.830,0.80968,0.80981,1.58,1.58
2012.02.24 20:53:28.379,0.80967,0.80981,1.58,1.58
2012.02.24 20:53:28.994,0.80967,0.80981,2.33,1.58
2012.02.24 20:53:30.571,0.80966,0.80978,3.08,1.58
2012.02.24 20:53:30.643,0.80968,0.8098,2.33,1.58
2012.02.24 20:53:30.830,0.80966,0.80978,4.65,1.58
2012.02.24 20:53:31.359,0.80963,0.80978,3.08,1.58
2012.02.24 20:53:35.413,0.80963,0.80975,2.33,1.58
2012.02.24 20:53:35.486,0.80961,0.80975,2.25,1.58
2012.02.24 20:53:36.089,0.8096,0.80975,2.33,1.58
2012.02.24 20:53:39.191,0.8096,0.80975,2.33,1.58
2012.02.24 20:53:45.864,0.80962,0.80977,2.33,1.58
2012.02.24 20:53:46.524,0.80962,0.80977,2.33,1.58
2012.02.24 20:53:46.589,0.80962,0.80977,2.33,1.58
2012.02.24 20:53:46.660,0.80961,0.80974,3.08,1.58
2012.02.24 20:53:47.090,0.80962,0.80977,2.33,1.58
2012.02.24 20:53:48.664,0.80962,0.80977,2.33,1.58
2012.02.24 20:53:50.674,0.80962,0.80972,2.33,1.58
2012.02.24 20:53:50.742,0.80961,0.80971,1.50,1.58
2012.02.24 20:53:51.571,0.80957,0.80971,1.50,1.58
2012.02.24 20:53:51.649,0.80962,0.80975,2.33,1.58
2012.02.24 20:53:54.223,0.80962,0.80975,2.33,1.58
2012.02.24 20:53:56.164,0.80959,0.80974,2.33,1.58
2012.02.24 20:53:57.090,0.80959,0.80972,2.33,1.58
2012.02.24 20:53:57.577,0.80961,0.80973,2.33,1.58
2012.02.24 20:53:57.899,0.80961,0.80973,2.33,1.58
2012.02.24 20:54:00.579,0.80958,0.80972,2.33,1.58
2012.02.24 20:54:00.722,0.80958,0.8097,2.33,1.58
2012.02.24 20:54:01.367,0.80955,0.80966,1.50,1.58
2012.02.24 20:54:01.441,0.80955,0.80968,1.50,1.58
2012.02.24 20:54:01.957,0.80954,0.80968,2.33,1.58
2012.02.24 20:54:06.220,0.80955,0.80968,1.50,1.58
2012.02.24 20:54:08.721,0.80955,0.80968,1.50,1.58
2012.02.24 20:54:12.307,0.80953,0.80967,1.50,1.58
2012.02.24 20:54:12.827,0.80953,0.80967,1.50,1.58
2012.02.24 20:54:13.439,0.80955,0.80968,2.33,1.58
2012.02.24 20:54:13.510,0.80953,0.80966,3.08,1.58
2012.02.24 20:54:18.989,0.80954,0.80966,1.50,1.58
2012.02.24 20:54:19.299,0.80955,0.80968,2.33,1.58
2012.02.24 20:54:19.833,0.80955,0.80968,2.33,1.58
2012.02.24 20:54:27.742,0.80957,0.80971,1.50,1.58
2012.02.24 20:54:29.608,0.80957,0.80971,1.50,1.58
2012.02.24 20:54:33.780,0.8096,0.80971,1.50,1.58
2012.02.24 20:54:33.849,0.8096,0.80973,1.50,3.15
2012.02.24 20:54:45.531,0.8096,0.80973,2.25,1.58
2012.02.24 20:54:47.512,0.8096,0.80973,1.50,1.58
2012.02.24 20:54:49.601,0.80963,0.80975,2.33,1.58
2012.02.24 20:54:49.677,0.80963,0.80978,2.33,1.58
2012.02.24 20:54:50.283,0.80968,0.80985,3.08,1.58
2012.02.24 20:54:53.581,0.80967,0.80983,2.25,1.58
2012.02.24 20:54:53.649,0.80967,0.80985,2.25,2.33
2012.02.24 20:54:54.175,0.80969,0.80986,2.33,1.95
2012.02.24 20:54:55.502,0.80969,0.80986,2.33,1.58
2012.02.24 20:54:57.102,0.80974,0.80988,2.33,2.33
2012.02.24 20:54:57.291,0.80975,0.80993,1.50,2.33
2012.02.24 20:54:57.479,0.80977,0.80989,2.33,1.58
2012.02.24 20:54:58.523,0.80977,0.80989,3.08,1.58
2012.02.24 20:54:59.063,0.80977,0.80989,3.08,1.58
2012.02.24 20:54:59.133,0.80977,0.80989,2.33,1.58
2012.02.24 20:54:59.841,0.80977,0.80989,2.33,1.58
2012.02.24 20:54:59.915,0.80974,0.80986,2.33,1.58
2012.02.24 20:55:00.243,0.80975,0.80989,2.33,1.58
2012.02.24 20:55:00.966,0.80979,0.80993,2.33,3.08
2012.02.24 20:55:01.052,0.80977,0.8099,2.33,1.58
2012.02.24 20:55:01.196,0.80976,0.8099,1.50,1.58
2012.02.24 20:55:02.152,0.80975,0.8099,3.08,1.58
2012.02.24 20:55:02.902,0.80977,0.80991,1.58,3.15
2012.02.24 20:55:03.419,0.80977,0.80991,2.33,1.58
2012.02.24 20:55:04.180,0.80978,0.8099,1.50,1.58
2012.02.24 20:55:04.433,0.80978,0.80993,3.08,3.90
2012.02.24 20:55:04.681,0.80981,0.80994,1.58,3.15
2012.02.24 20:55:05.011,0.80982,0.80997,1.58,1.58
2012.02.24 20:55:07.698,0.80981,0.80995,1.58,1.58
2012.02.24 20:55:10.989,0.80983,0.80996,1.58,1.58
2012.02.24 20:55:11.330,0.80984,0.80998,2.33,1.58
2012.02.24 20:55:11.652,0.80983,0.80996,1.58,1.58
2012.02.24 20:55:11.781,0.80986,0.81,1.58,2.33
2012.02.24 20:55:12.338,0.80986,0.81001,1.58,1.58
2012.02.24 20:55:14.369,0.80986,0.80998,1.58,1.58
2012.02.24 20:55:15.039,0.80984,0.80997,1.58,1.58
2012.02.24 20:55:15.513,0.80982,0.80994,1.58,1.58
2012.02.24 20:55:15.818,0.80979,0.80994,3.08,1.58
2012.02.24 20:55:16.578,0.80982,0.80994,1.58,1.58
2012.02.24 20:55:25.520,0.8098,0.80993,3.90,1.58
2012.02.24 20:55:29.230,0.80977,0.80992,3.08,1.58
2012.02.24 20:55:29.672,0.80977,0.80989,2.33,1.58
2012.02.24 20:55:31.589,0.80977,0.80989,2.33,1.58
2012.02.24 20:55:34.623,0.80976,0.80991,3.08,1.58
2012.02.24 20:55:36.840,0.80976,0.80991,2.33,1.58
2012.02.24 20:55:37.411,0.80975,0.80989,2.33,1.58
2012.02.24 20:55:38.060,0.80974,0.80985,1.50,1.58
2012.02.24 20:55:38.136,0.8097,0.80984,2.33,1.58
2012.02.24 20:55:51.817,0.8097,0.80984,3.08,1.58
2012.02.24 20:55:51.889,0.80975,0.80986,1.58,1.58
2012.02.24 20:55:52.581,0.80978,0.80986,1.58,1.58
2012.02.24 20:55:52.653,0.8098,0.80994,1.58,1.58
2012.02.24 20:55:57.968,0.80979,0.80992,1.58,1.58
2012.02.24 20:55:58.592,0.80976,0.80987,1.58,1.58
2012.02.24 20:55:58.668,0.80977,0.80989,1.58,1.58
2012.02.24 20:55:59.518,0.80974,0.80988,1.58,1.58
2012.02.24 20:56:00.598,0.80981,0.80993,1.50,1.58
2012.02.24 20:56:01.280,0.8099,0.81004,1.58,2.33
2012.02.24 20:56:01.360,0.80992,0.81006,1.58,1.58
2012.02.24 20:56:01.911,0.80991,0.81006,1.58,2.33
2012.02.24 20:56:03.577,0.80989,0.81001,1.58,1.58
2012.02.24 20:56:03.911,0.80998,0.81003,1.58,2.33
2012.02.24 20:56:04.039,0.80997,0.81011,1.58,2.33
2012.02.24 20:56:06.557,0.80996,0.81009,1.58,1.58
2012.02.24 20:56:07.436,0.80997,0.81012,1.58,1.58
2012.02.24 20:56:09.068,0.80996,0.81009,1.58,1.58
2012.02.24 20:56:13.958,0.80994,0.81007,1.58,1.58
2012.02.24 20:56:14.302,0.80993,0.81005,1.58,2.33
2012.02.24 20:56:14.904,0.80993,0.81005,1.58,1.58
2012.02.24 20:56:15.440,0.80993,0.81006,1.58,2.33
2012.02.24 20:56:16.200,0.8099,0.81004,2.33,1.58
2012.02.24 20:56:16.737,0.8099,0.81004,1.58,1.58
2012.02.24 20:56:17.887,0.80988,0.81003,1.58,1.58
2012.02.24 20:56:18.501,0.80988,0.81003,1.58,2.33
2012.02.24 20:56:19.467,0.80988,0.81003,1.58,2.33
2012.02.24 20:56:19.910,0.8099,0.81004,1.58,1.58
2012.02.24 20:56:26.908,0.80987,0.81002,1.58,1.58
2012.02.24 20:56:27.868,0.8099,0.81002,1.58,1.58
2012.02.24 20:56:28.719,0.80988,0.81,3.15,1.58
2012.02.24 20:56:28.790,0.80989,0.81003,1.58,1.58
2012.02.24 20:56:29.958,0.80989,0.81002,1.58,1.58
2012.02.24 20:56:30.030,0.80987,0.81001,1.58,1.58
2012.02.24 20:56:36.805,0.80989,0.81003,1.58,2.33
2012.02.24 20:56:37.887,0.80987,0.81002,1.58,2.33
2012.02.24 20:56:38.557,0.80987,0.81002,2.33,2.33
2012.02.24 20:56:38.750,0.80989,0.81003,1.58,2.33
2012.02.24 20:56:39.078,0.80991,0.81005,1.58,2.33
2012.02.24 20:56:39.146,0.80991,0.81005,1.58,2.33
2012.02.24 20:56:39.871,0.80989,0.81003,1.58,1.58
2012.02.24 20:56:42.221,0.80993,0.81003,1.58,1.58
2012.02.24 20:56:42.349,0.80994,0.81008,1.58,3.90
2012.02.24 20:56:42.479,0.80991,0.81006,1.58,2.33
2012.02.24 20:56:42.669,0.8099,0.81003,3.15,1.58
2012.02.24 20:56:43.239,0.80992,0.81005,1.58,2.33
2012.02.24 20:56:46.525,0.80992,0.81005,1.58,2.33
2012.02.24 20:56:53.749,0.80992,0.81005,1.58,1.58
2012.02.24 20:56:53.939,0.80996,0.81009,1.58,3.90
2012.02.24 20:56:54.010,0.80996,0.81009,1.58,2.33
2012.02.24 20:56:56.416,0.80994,0.81007,1.58,1.58
2012.02.24 20:56:56.992,0.80994,0.81007,1.58,2.33
2012.02.24 20:56:58.121,0.80994,0.81007,1.58,1.58
2012.02.24 20:56:59.579,0.80996,0.81008,1.58,2.33
2012.02.24 20:56:59.786,0.80996,0.81011,1.58,2.33
2012.02.24 20:57:00.156,0.80995,0.81009,1.58,1.58
2012.02.24 20:57:00.675,0.80996,0.81011,1.58,2.33
2012.02.24 20:57:04.677,0.80997,0.81011,1.58,2.33
2012.02.24 20:57:04.987,0.80999,0.81011,1.58,2.33
2012.02.24 20:57:05.650,0.80999,0.81011,1.58,1.58
2012.02.24 20:57:10.708,0.81,0.81013,1.58,2.33
2012.02.24 20:57:17.626,0.80998,0.8101,1.58,1.58
2012.02.24 20:57:21.337,0.81002,0.81014,1.58,1.58
2012.02.24 20:57:21.586,0.81003,0.81018,1.58,3.08
2012.02.24 20:57:22.093,0.81002,0.81016,1.58,2.33
2012.02.24 20:57:23.237,0.81,0.81014,1.58,1.58
2012.02.24 20:57:24.146,0.81003,0.81015,1.58,2.33
2012.02.24 20:57:25.750,0.81005,0.81017,1.58,2.33
2012.02.24 20:57:30.338,0.81002,0.81017,1.58,2.33
2012.02.24 20:57:30.413,0.81002,0.81015,1.58,2.25
2012.02.24 20:57:30.480,0.81002,0.81014,1.58,2.33
2012.02.24 20:57:30.611,0.81,0.81012,1.58,2.33
2012.02.24 20:57:31.352,0.8099,0.81013,1.50,1.50
2012.02.24 20:57:32.757,0.80987,0.81009,1.50,1.50
2012.02.24 20:57:32.888,0.80986,0.81009,1.50,1.50
2012.02.24 20:57:33.519,0.80986,0.81009,1.50,1.50
2012.02.24 20:57:33.700,0.80986,0.81009,1.50,1.50
2012.02.24 20:57:41.739,0.80986,0.81009,1.50,1.88
2012.02.24 20:57:47.357,0.80986,0.81008,3.08,1.13
2012.02.24 20:57:48.622,0.80986,0.81008,2.33,1.88
2012.02.24 20:57:49.936,0.80986,0.81007,3.08,1.13
2012.02.24 20:57:51.116,0.80986,0.81009,1.50,1.13
2012.02.24 20:57:52.059,0.80987,0.81009,1.58,1.13
2012.02.24 20:57:53.826,0.80987,0.8101,2.33,1.50
2012.02.24 20:57:57.309,0.80992,0.81009,1.58,2.33
2012.02.24 20:57:58.036,0.80992,0.81009,1.58,1.58
2012.02.24 20:57:58.348,0.80994,0.8101,1.58,1.50
2012.02.24 20:57:58.888,0.80995,0.8101,1.58,3.08
2012.02.24 20:58:00.330,0.80998,0.81012,1.58,2.33
2012.02.24 20:58:01.021,0.81,0.81013,1.58,2.33
2012.02.24 20:58:01.515,0.81,0.81013,1.58,1.58
2012.02.24 20:58:02.668,0.81002,0.81015,1.58,2.33
2012.02.24 20:58:03.146,0.81004,0.81017,1.58,2.33
2012.02.24 20:58:04.386,0.81004,0.81017,1.58,1.58
2012.02.24 20:58:06.610,0.81004,0.81017,1.58,2.33
2012.02.24 20:58:07.598,0.81002,0.81015,1.58,2.33
2012.02.24 20:58:07.788,0.81,0.81013,1.58,1.58
2012.02.24 20:58:09.581,0.81003,0.81015,1.58,2.33
2012.02.24 20:58:21.995,0.81005,0.81017,1.58,2.33
2012.02.24 20:58:22.127,0.81005,0.81017,1.58,2.33
2012.02.24 20:58:22.198,0.81008,0.81022,1.58,2.33
2012.02.24 20:58:22.387,0.81008,0.81022,1.58,2.33
2012.02.24 20:58:23.126,0.81007,0.8102,1.58,1.58
2012.02.24 20:58:23.496,0.81004,0.81019,1.58,1.58
2012.02.24 20:58:23.568,0.81008,0.8102,1.58,1.58
2012.02.24 20:58:23.878,0.8101,0.81022,1.58,2.33
2012.02.24 20:58:28.904,0.8101,0.81022,1.58,2.33
2012.02.24 20:58:30.244,0.8101,0.81022,1.58,2.33
2012.02.24 20:58:30.619,0.8101,0.81022,1.58,2.33
2012.02.24 20:58:31.616,0.81012,0.81024,1.58,3.08
2012.02.24 20:58:32.972,0.81007,0.81022,1.58,2.33
2012.02.24 20:58:34.196,0.81007,0.81022,1.58,2.33
2012.02.24 20:58:34.266,0.81009,0.81023,1.58,3.90
2012.02.24 20:58:34.577,0.81008,0.81022,1.58,2.33
2012.02.24 20:58:34.831,0.81006,0.81018,1.58,1.58
2012.02.24 20:58:35.028,0.81003,0.81017,1.58,1.58
2012.02.24 20:58:35.278,0.80998,0.81012,2.33,1.58
2012.02.24 20:58:35.405,0.80998,0.81012,1.58,1.58
2012.02.24 20:58:36.823,0.80997,0.81012,1.58,1.58
2012.02.24 20:58:39.466,0.81001,0.81014,1.58,2.33
2012.02.24 20:58:40.214,0.81,0.81012,1.58,1.58
2012.02.24 20:58:40.289,0.80997,0.81012,2.33,1.58
2012.02.24 20:58:40.791,0.80997,0.81009,1.58,1.58
2012.02.24 20:58:41.156,0.80998,0.81011,1.58,1.58
2012.02.24 20:58:41.409,0.81002,0.81014,1.58,3.15
2012.02.24 20:58:41.957,0.81002,0.81016,1.58,1.58
2012.02.24 20:58:42.484,0.81001,0.81015,1.58,1.58
2012.02.24 20:58:43.100,0.81005,0.81017,1.58,1.58
2012.02.24 20:58:43.609,0.81003,0.81017,1.58,1.58
2012.02.24 20:58:44.183,0.81004,0.81018,1.58,1.58
2012.02.24 20:58:47.444,0.81003,0.81016,1.58,1.58
2012.02.24 20:58:48.525,0.81004,0.81018,1.58,2.33
2012.02.24 20:58:49.275,0.81003,0.81016,1.58,1.58
2012.02.24 20:58:50.527,0.81005,0.81018,1.58,2.33
2012.02.24 20:58:53.083,0.81011,0.81024,1.58,1.50
2012.02.24 20:58:53.628,0.8101,0.81022,1.58,1.58
2012.02.24 20:58:56.024,0.81008,0.81021,1.58,1.58
2012.02.24 20:58:56.104,0.81009,0.81023,1.58,1.58
2012.02.24 20:58:56.306,0.81011,0.81024,1.58,1.50
2012.02.24 20:58:56.716,0.8101,0.81022,1.58,1.58
2012.02.24 20:59:00.432,0.81011,0.81024,1.58,0.75
2012.02.24 20:59:01.031,0.81013,0.81027,1.58,1.58
2012.02.24 20:59:01.100,0.81017,0.81029,1.58,1.58
2012.02.24 20:59:01.977,0.81019,0.81031,1.58,1.58
2012.02.24 20:59:03.902,0.8102,0.81034,1.58,1.58
2012.02.24 20:59:06.997,0.81019,0.81031,3.15,1.58
2012.02.24 20:59:07.302,0.81021,0.81033,1.58,1.58
2012.02.24 20:59:07.993,0.81022,0.81035,1.58,3.15
2012.02.24 20:59:08.477,0.81024,0.81036,1.58,1.58
2012.02.24 20:59:08.663,0.81021,0.81035,3.15,1.58
2012.02.24 20:59:14.522,0.81021,0.81033,1.58,1.58
2012.02.24 20:59:15.093,0.81019,0.81032,1.58,3.15
2012.02.24 20:59:15.154,0.81019,0.8103,1.58,1.58
2012.02.24 20:59:15.222,0.81017,0.81029,1.58,1.58
2012.02.24 20:59:15.282,0.81014,0.81027,1.58,1.58
2012.02.24 20:59:16.074,0.81016,0.81029,1.58,1.58
2012.02.24 20:59:20.464,0.81017,0.81032,1.58,1.58
2012.02.24 20:59:20.772,0.8102,0.81034,1.58,1.58
2012.02.24 20:59:20.906,0.81021,0.81036,1.58,1.58
2012.02.24 20:59:20.975,0.81021,0.81033,1.58,1.58
2012.02.24 20:59:22.761,0.81019,0.81032,3.15,1.58
2012.02.24 20:59:26.252,0.81018,0.8103,1.58,1.58
2012.02.24 20:59:26.314,0.81016,0.81029,1.58,1.58
2012.02.24 20:59:26.502,0.81018,0.8103,1.58,1.58
2012.02.24 20:59:30.373,0.81015,0.81029,1.58,1.58
2012.02.24 20:59:32.983,0.81018,0.8103,1.58,1.58
2012.02.24 20:59:33.213,0.81015,0.81029,2.33,1.58
2012.02.24 20:59:33.833,0.81016,0.81031,1.58,1.58
2012.02.24 20:59:39.765,0.81016,0.81028,1.58,1.58
2012.02.24 20:59:42.887,0.81017,0.81032,1.58,1.58
2012.02.24 20:59:44.003,0.8102,0.81032,1.58,1.58
2012.02.24 20:59:44.921,0.81022,0.81034,1.58,1.58
2012.02.24 20:59:46.450,0.81019,0.81031,0.75,1.58
2012.02.24 20:59:46.513,0.81019,0.81034,2.33,1.58
2012.02.24 20:59:47.107,0.81019,0.81033,2.33,1.58
2012.02.24 20:59:47.179,0.81019,0.81031,1.58,1.58
2012.02.24 20:59:47.800,0.8102,0.81034,1.58,1.58
2012.02.24 20:59:48.735,0.81019,0.81033,1.58,1.58
2012.02.24 20:59:48.804,0.81018,0.81029,0.75,1.58
2012.02.24 20:59:48.994,0.81016,0.81029,3.15,1.58
2012.02.24 20:59:49.247,0.81017,0.81032,1.58,3.15
2012.02.24 20:59:49.316,0.81017,0.81029,1.58,1.58
2012.02.24 20:59:49.443,0.81015,0.81029,2.33,1.58
2012.02.24 20:59:49.681,0.81017,0.81031,1.58,3.15
2012.02.24 20:59:50.007,0.81018,0.81033,1.58,3.15
2012.02.24 20:59:51.545,0.81018,0.81031,0.75,1.58
2012.02.24 20:59:52.053,0.81017,0.81031,1.58,1.58
2012.02.24 20:59:52.361,0.81019,0.81032,1.58,1.58
2012.02.24 20:59:54.830,0.8102,0.81034,1.58,1.58
2012.02.24 20:59:55.015,0.81022,0.81035,1.58,1.58
2012.02.24 20:59:55.947,0.81022,0.81036,1.58,1.58
2012.02.24 20:59:57.234,0.81021,0.81033,1.58,1.58
2012.02.24 20:59:58.394,0.81023,0.81035,1.58,1.58
2012.02.24 20:59:59.419,0.8102,0.81034,1.58,1.58
