2012.02.09 05:00:00.424,0.77494,0.7751,1.58,2.33
2012.02.09 05:00:00.985,0.77494,0.7751,1.58,1.58
2012.02.09 05:00:01.220,0.77497,0.77513,1.58,2.33
2012.02.09 05:00:01.348,0.77497,0.77513,1.58,2.33
2012.02.09 05:00:01.908,0.77497,0.77513,1.58,2.33
2012.02.09 05:00:05.048,0.77499,0.77517,1.58,2.33
2012.02.09 05:00:05.876,0.77499,0.77517,1.58,2.33
2012.02.09 05:00:10.825,0.77501,0.77519,1.58,2.33
2012.02.09 05:00:13.636,0.77505,0.77523,1.58,2.33
2012.02.09 05:00:13.764,0.77505,0.77523,1.58,2.33
2012.02.09 05:00:15.987,0.77505,0.77523,1.58,2.33
2012.02.09 05:00:16.504,0.77504,0.7752,1.58,2.33
2012.02.09 05:00:17.045,0.77504,0.7752,1.58,2.33
2012.02.09 05:00:22.083,0.77501,0.77517,1.58,2.33
2012.02.09 05:00:22.674,0.77501,0.77517,1.58,1.58
2012.02.09 05:00:23.215,0.77501,0.77517,1.58,2.33
2012.02.09 05:00:24.877,0.77503,0.77521,1.58,2.33
2012.02.09 05:00:29.184,0.77503,0.77521,1.58,2.33
2012.02.09 05:00:30.427,0.77501,0.77517,1.58,1.58
2012.02.09 05:00:31.858,0.77504,0.7752,1.58,2.33
2012.02.09 05:00:31.928,0.77504,0.7752,1.58,2.33
2012.02.09 05:00:32.475,0.77504,0.7752,2.33,1.58
2012.02.09 05:00:32.785,0.77506,0.77524,1.58,2.33
2012.02.09 05:00:34.757,0.77506,0.77523,1.58,1.35
2012.02.09 05:00:34.887,0.77502,0.7752,1.58,2.33
2012.02.09 05:00:34.955,0.77502,0.7752,1.58,2.33
2012.02.09 05:00:55.036,0.77502,0.7752,1.58,2.33
2012.02.09 05:00:55.165,0.77499,0.77517,1.58,2.33
2012.02.09 05:00:55.360,0.77499,0.77517,2.33,2.33
2012.02.09 05:00:55.490,0.77505,0.77523,1.58,2.33
2012.02.09 05:00:56.002,0.77505,0.77523,2.33,2.33
2012.02.09 05:00:58.608,0.77509,0.77525,1.58,2.33
2012.02.09 05:01:03.094,0.77509,0.77525,1.58,2.33
2012.02.09 05:01:05.287,0.77512,0.77527,1.58,2.33
2012.02.09 05:01:05.372,0.77509,0.77525,1.58,2.33
2012.02.09 05:01:07.521,0.77506,0.77522,1.58,1.58
2012.02.09 05:01:08.038,0.77506,0.77522,1.58,2.33
2012.02.09 05:01:24.561,0.77508,0.77526,1.58,2.33
2012.02.09 05:01:24.685,0.77508,0.77526,1.58,2.33
2012.02.09 05:01:28.633,0.77508,0.77526,1.58,2.33
2012.02.09 05:01:36.408,0.77506,0.77522,1.58,2.33
2012.02.09 05:01:37.507,0.77506,0.77522,2.33,2.33
2012.02.09 05:01:38.021,0.77506,0.77522,2.33,2.33
2012.02.09 05:01:38.535,0.77506,0.77522,1.58,2.33
2012.02.09 05:01:39.183,0.77503,0.77519,1.58,2.33
2012.02.09 05:01:39.738,0.77505,0.77523,1.58,2.33
2012.02.09 05:01:39.925,0.77505,0.77523,1.58,2.33
2012.02.09 05:01:42.993,0.77496,0.77511,1.58,1.50
2012.02.09 05:01:43.070,0.7749,0.77506,3.08,1.58
2012.02.09 05:01:43.318,0.77493,0.77509,1.58,2.33
2012.02.09 05:01:43.625,0.77493,0.77509,1.58,2.33
2012.02.09 05:01:44.689,0.77493,0.77509,2.33,1.58
2012.02.09 05:01:44.816,0.77496,0.77512,1.58,2.33
2012.02.09 05:01:44.946,0.77496,0.77512,1.58,1.58
2012.02.09 05:01:47.417,0.77497,0.77512,1.50,1.58
2012.02.09 05:01:47.788,0.77496,0.77512,3.68,1.58
2012.02.09 05:01:47.917,0.775,0.77516,1.58,2.33
2012.02.09 05:01:52.666,0.775,0.77516,1.58,2.33
2012.02.09 05:01:52.807,0.77496,0.77514,2.33,2.33
2012.02.09 05:01:52.877,0.775,0.77518,1.58,2.33
2012.02.09 05:01:52.960,0.775,0.77518,1.58,2.33
2012.02.09 05:01:53.086,0.77497,0.77515,1.58,2.33
2012.02.09 05:01:54.219,0.775,0.77518,1.58,2.33
2012.02.09 05:01:58.545,0.77498,0.77514,1.58,1.58
2012.02.09 05:02:09.425,0.77498,0.77514,1.58,2.33
2012.02.09 05:02:09.615,0.77494,0.7751,2.33,1.58
2012.02.09 05:02:10.542,0.77492,0.7751,3.08,2.33
2012.02.09 05:02:12.201,0.77492,0.7751,3.08,2.33
2012.02.09 05:02:17.838,0.77496,0.77512,1.58,2.33
2012.02.09 05:02:18.449,0.77496,0.77512,2.33,1.58
2012.02.09 05:02:20.966,0.77497,0.77515,2.33,2.33
2012.02.09 05:02:21.289,0.77494,0.7751,2.33,2.33
2012.02.09 05:02:21.740,0.77494,0.77509,1.58,1.35
2012.02.09 05:02:22.337,0.77494,0.7751,1.58,2.33
2012.02.09 05:02:22.416,0.77492,0.77508,1.58,2.33
2012.02.09 05:02:24.619,0.77492,0.77508,1.58,2.33
2012.02.09 05:02:24.808,0.77492,0.77508,1.58,2.33
2012.02.09 05:02:26.855,0.77492,0.77508,1.58,2.33
2012.02.09 05:02:27.219,0.77489,0.77507,2.33,2.33
2012.02.09 05:02:35.118,0.77489,0.77507,1.58,2.33
2012.02.09 05:02:48.849,0.77487,0.77503,1.58,1.58
2012.02.09 05:03:01.045,0.7749,0.77506,1.58,2.33
2012.02.09 05:03:01.178,0.7749,0.77506,1.58,2.33
2012.02.09 05:03:01.364,0.77492,0.7751,1.58,2.33
2012.02.09 05:03:01.830,0.77492,0.7751,1.58,2.33
2012.02.09 05:03:13.708,0.77492,0.7751,1.58,2.33
2012.02.09 05:03:15.083,0.77492,0.7751,1.58,2.33
2012.02.09 05:03:18.653,0.77492,0.7751,2.33,2.33
2012.02.09 05:03:18.734,0.77495,0.77513,1.58,3.08
2012.02.09 05:03:19.592,0.775,0.77513,1.58,1.50
2012.02.09 05:03:20.327,0.775,0.77516,1.58,2.33
2012.02.09 05:03:23.126,0.775,0.77516,2.33,2.33
2012.02.09 05:03:23.325,0.775,0.77516,2.33,2.33
2012.02.09 05:03:26.095,0.775,0.77514,1.58,3.00
2012.02.09 05:03:34.728,0.775,0.77514,1.58,2.25
2012.02.09 05:03:41.448,0.77497,0.77511,1.50,1.58
2012.02.09 05:03:42.512,0.77497,0.77515,2.33,2.33
2012.02.09 05:03:47.539,0.77497,0.77514,1.58,3.15
2012.02.09 05:03:48.398,0.77497,0.77515,1.58,4.88
2012.02.09 05:03:58.973,0.77497,0.77514,1.58,1.50
2012.02.09 05:03:59.594,0.77497,0.77515,2.33,2.33
2012.02.09 05:04:13.236,0.77497,0.77515,3.08,1.58
2012.02.09 05:04:13.312,0.77502,0.77516,1.58,3.75
2012.02.09 05:04:13.386,0.77498,0.77516,2.33,1.58
2012.02.09 05:04:13.516,0.77498,0.77516,1.58,1.58
2012.02.09 05:04:13.825,0.77498,0.77516,2.33,2.33
2012.02.09 05:04:15.065,0.77498,0.77516,2.33,2.33
2012.02.09 05:04:19.378,0.77498,0.77516,2.33,2.33
2012.02.09 05:04:22.617,0.77498,0.77516,1.58,3.08
2012.02.09 05:04:22.970,0.77498,0.77516,2.33,1.58
2012.02.09 05:04:23.966,0.77501,0.77519,1.58,2.33
2012.02.09 05:04:26.395,0.77501,0.77519,2.33,3.08
2012.02.09 05:04:27.149,0.77504,0.77522,1.58,2.33
2012.02.09 05:04:27.222,0.77504,0.77522,1.58,2.33
2012.02.09 05:04:29.958,0.77504,0.77522,2.33,2.33
2012.02.09 05:04:30.936,0.77507,0.77525,1.58,2.33
2012.02.09 05:04:35.525,0.77507,0.77523,1.58,1.35
2012.02.09 05:04:38.186,0.77505,0.77521,2.33,2.33
2012.02.09 05:04:38.696,0.77505,0.77521,2.33,2.33
2012.02.09 05:04:40.538,0.77505,0.77519,1.58,1.35
2012.02.09 05:04:40.668,0.77502,0.77518,2.33,2.18
2012.02.09 05:04:47.305,0.77504,0.77521,1.58,1.35
2012.02.09 05:04:54.225,0.77501,0.77519,2.33,2.33
2012.02.09 05:04:57.678,0.77501,0.77519,1.58,2.93
2012.02.09 05:04:58.105,0.77501,0.77519,1.58,2.33
2012.02.09 05:05:16.246,0.77497,0.77514,1.50,1.58
2012.02.09 05:05:16.318,0.77496,0.77514,1.58,2.33
2012.02.09 05:05:28.156,0.77499,0.77516,1.58,2.33
2012.02.09 05:05:28.286,0.77499,0.77516,1.58,2.33
2012.02.09 05:05:29.387,0.77499,0.77516,1.58,2.33
2012.02.09 05:05:31.977,0.77499,0.77516,1.58,2.33
2012.02.09 05:05:47.496,0.77499,0.77516,1.58,2.33
2012.02.09 05:05:48.269,0.77499,0.77516,1.58,2.33
2012.02.09 05:05:49.278,0.77496,0.77514,1.58,2.33
2012.02.09 05:05:50.085,0.77499,0.77517,1.58,2.33
2012.02.09 05:05:59.736,0.77499,0.77517,1.58,2.33
2012.02.09 05:06:00.720,0.77499,0.77517,1.58,2.33
2012.02.09 05:06:41.267,0.77499,0.77517,1.58,2.33
2012.02.09 05:06:42.007,0.77499,0.77517,1.58,2.33
2012.02.09 05:06:45.296,0.77499,0.77516,1.58,3.75
2012.02.09 05:06:45.836,0.77499,0.77517,1.58,4.58
2012.02.09 05:06:46.421,0.77499,0.77517,1.58,4.58
2012.02.09 05:06:50.090,0.77494,0.77517,1.50,3.00
2012.02.09 05:06:56.450,0.77494,0.77517,1.50,3.00
2012.02.09 05:07:01.345,0.77503,0.77518,1.58,1.50
2012.02.09 05:07:16.185,0.77503,0.77517,1.58,1.35
2012.02.09 05:07:16.619,0.77503,0.77519,1.58,2.33
2012.02.09 05:07:20.567,0.77507,0.77523,1.58,1.50
2012.02.09 05:07:20.635,0.77507,0.77524,1.58,1.35
2012.02.09 05:07:20.924,0.77507,0.77524,1.58,2.85
2012.02.09 05:07:24.699,0.77507,0.77525,1.58,3.68
2012.02.09 05:07:24.907,0.77507,0.77525,1.58,3.68
2012.02.09 05:07:32.756,0.77507,0.77524,1.58,1.50
2012.02.09 05:07:49.726,0.77507,0.77524,1.58,1.50
2012.02.09 05:07:49.796,0.77504,0.77522,2.33,2.93
2012.02.09 05:07:50.044,0.77504,0.77522,1.58,2.93
2012.02.09 05:07:57.085,0.77504,0.77522,1.58,1.58
2012.02.09 05:07:59.498,0.77507,0.77523,1.58,3.00
2012.02.09 05:08:04.799,0.77503,0.77521,1.58,2.33
2012.02.09 05:08:05.105,0.77503,0.77521,1.58,2.33
2012.02.09 05:08:09.198,0.77503,0.77521,1.58,3.68
2012.02.09 05:08:09.991,0.77503,0.77521,1.58,2.33
2012.02.09 05:08:13.715,0.77503,0.77521,1.58,3.68
2012.02.09 05:08:14.166,0.77503,0.77521,1.58,2.33
2012.02.09 05:08:14.720,0.77503,0.77521,1.58,2.33
2012.02.09 05:08:22.635,0.77503,0.77521,1.58,2.33
2012.02.09 05:08:23.884,0.77503,0.77521,1.58,4.58
2012.02.09 05:08:24.025,0.77503,0.77521,2.33,4.58
2012.02.09 05:08:25.026,0.77507,0.77523,1.58,2.33
2012.02.09 05:08:26.177,0.77507,0.77523,1.58,2.33
2012.02.09 05:08:26.489,0.77507,0.77523,1.58,2.33
2012.02.09 05:08:26.876,0.77509,0.77524,1.58,1.35
2012.02.09 05:08:27.257,0.77509,0.77527,2.33,2.33
2012.02.09 05:08:28.818,0.77509,0.77526,1.58,1.35
2012.02.09 05:08:28.889,0.77505,0.77523,2.33,1.58
2012.02.09 05:08:29.015,0.77505,0.77523,1.58,2.33
2012.02.09 05:08:33.319,0.77505,0.77523,3.08,1.58
2012.02.09 05:08:36.040,0.77509,0.77525,1.58,2.33
2012.02.09 05:08:38.577,0.77509,0.77525,1.58,3.08
2012.02.09 05:08:42.619,0.77509,0.77525,2.33,1.58
2012.02.09 05:08:43.042,0.77513,0.77529,1.58,2.33
2012.02.09 05:08:44.402,0.77513,0.77529,1.58,2.33
2012.02.09 05:08:49.103,0.77513,0.77529,1.58,2.33
2012.02.09 05:08:49.547,0.77517,0.77531,1.58,1.35
2012.02.09 05:08:50.035,0.77513,0.77529,1.58,2.33
2012.02.09 05:09:01.428,0.77515,0.77531,1.58,2.93
2012.02.09 05:09:02.089,0.77515,0.77531,1.58,2.93
2012.02.09 05:09:18.346,0.77518,0.77534,1.58,2.33
2012.02.09 05:09:18.417,0.77518,0.77534,1.58,2.33
2012.02.09 05:09:18.788,0.77518,0.77534,1.58,2.33
2012.02.09 05:09:18.976,0.77518,0.77534,1.58,2.33
2012.02.09 05:09:19.285,0.77518,0.77534,1.58,2.33
2012.02.09 05:09:21.308,0.77518,0.77534,1.58,2.33
2012.02.09 05:09:21.892,0.77518,0.77534,1.58,2.33
2012.02.09 05:09:23.356,0.77518,0.77534,1.58,2.33
2012.02.09 05:09:23.921,0.77518,0.77534,1.58,2.33
2012.02.09 05:09:25.386,0.77518,0.77534,1.58,2.33
2012.02.09 05:09:27.916,0.77518,0.77534,1.58,2.33
2012.02.09 05:09:30.133,0.77518,0.77533,1.58,1.50
2012.02.09 05:09:30.752,0.77518,0.77533,1.58,1.50
2012.02.09 05:09:35.579,0.77518,0.77534,1.58,3.08
2012.02.09 05:09:35.830,0.77518,0.77534,2.18,1.58
2012.02.09 05:09:36.388,0.77519,0.77535,1.58,2.33
2012.02.09 05:09:36.458,0.77515,0.77533,1.58,1.58
2012.02.09 05:09:36.646,0.77515,0.77533,1.58,2.33
2012.02.09 05:09:38.259,0.77515,0.77533,1.58,2.33
2012.02.09 05:09:39.881,0.77515,0.77533,2.18,2.33
2012.02.09 05:09:40.288,0.77512,0.7753,1.58,2.33
2012.02.09 05:09:41.839,0.77512,0.7753,1.58,2.33
2012.02.09 05:09:46.812,0.77512,0.7753,1.58,2.33
2012.02.09 05:09:48.700,0.77512,0.7753,1.58,2.33
2012.02.09 05:09:48.900,0.77516,0.77532,1.58,2.33
2012.02.09 05:09:49.669,0.77516,0.77532,1.58,2.33
2012.02.09 05:09:53.068,0.77512,0.77528,1.58,2.33
2012.02.09 05:10:10.581,0.77512,0.77528,1.58,2.33
2012.02.09 05:10:15.728,0.77512,0.77528,1.58,2.33
2012.02.09 05:10:16.920,0.77512,0.77528,1.58,2.33
2012.02.09 05:10:18.794,0.77512,0.77528,1.58,2.33
2012.02.09 05:10:32.001,0.77508,0.77526,1.58,2.33
2012.02.09 05:10:32.661,0.77508,0.77526,1.58,2.33
2012.02.09 05:10:32.725,0.77508,0.77526,1.58,2.33
2012.02.09 05:10:32.915,0.77508,0.77526,3.08,2.33
2012.02.09 05:10:39.164,0.77508,0.77526,3.08,2.33
2012.02.09 05:10:40.176,0.77508,0.77526,3.08,2.33
2012.02.09 05:10:40.367,0.77508,0.77526,3.08,2.33
2012.02.09 05:10:40.904,0.77508,0.77526,4.43,2.33
2012.02.09 05:10:45.857,0.77508,0.77526,3.83,2.33
2012.02.09 05:10:45.925,0.77508,0.77526,3.08,2.33
2012.02.09 05:10:46.569,0.77508,0.77526,3.08,2.33
2012.02.09 05:10:50.405,0.77508,0.77526,3.08,2.33
2012.02.09 05:10:50.991,0.77508,0.77526,1.58,2.33
2012.02.09 05:11:31.969,0.77506,0.77529,1.35,2.10
2012.02.09 05:11:41.827,0.77507,0.77529,1.35,1.35
2012.02.09 05:11:42.385,0.77506,0.77524,1.58,2.33
2012.02.09 05:11:42.948,0.77506,0.77524,1.58,2.33
2012.02.09 05:11:44.075,0.77506,0.77524,1.58,2.33
2012.02.09 05:11:44.453,0.77509,0.77525,1.58,1.50
2012.02.09 05:11:45.205,0.77509,0.77527,1.58,2.33
2012.02.09 05:12:03.377,0.77509,0.77527,1.58,2.33
2012.02.09 05:12:04.279,0.77511,0.77529,1.58,3.08
2012.02.09 05:12:26.376,0.77511,0.77529,2.18,3.08
2012.02.09 05:12:26.895,0.77511,0.77529,2.18,2.33
2012.02.09 05:12:28.409,0.77511,0.77529,2.78,2.33
2012.02.09 05:12:28.662,0.77511,0.77529,2.78,2.33
2012.02.09 05:12:29.172,0.77511,0.77529,2.18,2.33
2012.02.09 05:12:30.467,0.77511,0.77529,2.18,3.08
2012.02.09 05:12:43.146,0.77511,0.77529,2.93,2.33
2012.02.09 05:12:43.220,0.77515,0.7753,2.18,1.50
2012.02.09 05:12:43.349,0.77515,0.77533,2.18,2.33
2012.02.09 05:12:44.070,0.77512,0.77528,2.33,2.33
2012.02.09 05:12:44.266,0.77512,0.77528,1.58,2.33
2012.02.09 05:12:48.507,0.77512,0.77528,1.58,1.58
2012.02.09 05:12:48.656,0.77514,0.77528,1.35,1.58
2012.02.09 05:12:49.324,0.77513,0.77528,2.85,1.58
2012.02.09 05:12:50.495,0.77515,0.77531,2.18,2.33
2012.02.09 05:12:59.992,0.77515,0.77531,2.18,2.33
2012.02.09 05:13:00.375,0.77515,0.77531,2.18,2.33
2012.02.09 05:13:01.755,0.77515,0.77531,1.58,2.33
2012.02.09 05:13:17.526,0.77517,0.77534,1.58,1.50
2012.02.09 05:13:18.746,0.77516,0.77532,1.58,2.33
2012.02.09 05:13:20.318,0.77516,0.77532,1.58,2.33
2012.02.09 05:13:20.446,0.77513,0.77529,2.18,2.33
2012.02.09 05:13:20.708,0.77513,0.77529,1.58,1.58
2012.02.09 05:13:35.227,0.77513,0.77529,1.58,2.33
2012.02.09 05:13:37.046,0.77513,0.77529,1.58,2.33
2012.02.09 05:14:24.152,0.77511,0.77532,2.85,1.50
2012.02.09 05:14:34.527,0.77511,0.77526,2.25,1.58
2012.02.09 05:14:35.114,0.7751,0.77526,3.08,1.58
2012.02.09 05:14:37.036,0.77512,0.7753,1.58,3.08
2012.02.09 05:14:37.731,0.77512,0.7753,1.58,2.33
2012.02.09 05:14:42.390,0.77512,0.7753,1.58,2.33
2012.02.09 05:14:42.776,0.7751,0.77527,2.33,1.58
2012.02.09 05:14:47.085,0.77508,0.77525,1.50,1.58
2012.02.09 05:14:48.353,0.77507,0.77525,2.33,1.58
2012.02.09 05:14:50.366,0.77507,0.77525,2.33,1.58
2012.02.09 05:14:50.674,0.77507,0.77525,2.33,1.58
2012.02.09 05:14:54.369,0.77503,0.77521,3.08,1.58
2012.02.09 05:14:54.578,0.77496,0.77512,1.58,1.58
2012.02.09 05:14:54.650,0.77499,0.77515,1.58,2.33
2012.02.09 05:14:55.245,0.77499,0.77515,1.58,2.33
2012.02.09 05:14:56.907,0.77499,0.77515,1.58,2.33
2012.02.09 05:14:59.218,0.77499,0.77515,1.58,2.33
2012.02.09 05:15:01.577,0.77499,0.77515,1.58,2.33
2012.02.09 05:15:03.798,0.77499,0.77515,2.33,1.58
2012.02.09 05:15:04.179,0.77502,0.77518,1.58,3.08
2012.02.09 05:15:04.308,0.77498,0.77515,1.50,1.58
2012.02.09 05:15:04.500,0.77501,0.77517,1.58,2.33
2012.02.09 05:15:05.246,0.77504,0.7752,1.58,2.33
2012.02.09 05:15:05.511,0.77507,0.77523,1.58,2.33
2012.02.09 05:15:06.172,0.7751,0.77526,1.58,2.33
2012.02.09 05:15:06.240,0.77506,0.77524,1.58,2.33
2012.02.09 05:15:09.598,0.77506,0.77524,1.58,2.33
2012.02.09 05:15:10.936,0.77506,0.77524,1.58,2.33
2012.02.09 05:15:11.008,0.77502,0.77518,1.58,1.58
2012.02.09 05:15:11.197,0.77498,0.77516,3.08,1.58
2012.02.09 05:15:25.710,0.77498,0.77516,1.58,2.33
2012.02.09 05:15:26.792,0.77498,0.77516,1.58,2.33
2012.02.09 05:15:29.189,0.77498,0.77516,1.58,2.33
2012.02.09 05:15:30.319,0.77498,0.77516,1.58,2.33
2012.02.09 05:15:30.867,0.77496,0.77512,1.58,2.33
2012.02.09 05:15:31.546,0.77496,0.77512,1.58,2.33
2012.02.09 05:15:32.751,0.77496,0.77512,1.58,1.58
2012.02.09 05:15:33.308,0.77493,0.77508,2.33,1.58
2012.02.09 05:15:36.110,0.77496,0.77512,1.58,2.33
2012.02.09 05:15:37.779,0.77499,0.77515,1.58,3.08
2012.02.09 05:15:46.099,0.77499,0.77515,1.58,3.08
2012.02.09 05:15:46.705,0.77494,0.77508,1.35,1.58
2012.02.09 05:15:46.777,0.77493,0.77508,2.33,1.58
2012.02.09 05:15:47.006,0.77495,0.77513,1.58,2.33
2012.02.09 05:15:50.818,0.77495,0.77513,1.58,1.58
2012.02.09 05:15:51.556,0.77495,0.77513,2.33,2.33
2012.02.09 05:15:54.894,0.77495,0.77513,3.08,2.33
2012.02.09 05:15:55.554,0.77495,0.77513,3.83,1.58
2012.02.09 05:16:11.447,0.77495,0.77513,3.08,1.58
2012.02.09 05:16:16.597,0.77495,0.77513,3.83,1.58
2012.02.09 05:16:40.577,0.77495,0.77513,3.83,2.33
2012.02.09 05:16:46.970,0.77492,0.77518,1.50,2.10
2012.02.09 05:16:56.484,0.77491,0.77515,2.10,1.50
2012.02.09 05:16:56.557,0.77492,0.77508,2.33,1.58
2012.02.09 05:16:56.627,0.77492,0.77508,3.08,1.58
2012.02.09 05:17:05.876,0.77493,0.77508,1.50,1.58
2012.02.09 05:17:09.208,0.77495,0.77511,1.58,1.58
2012.02.09 05:17:21.006,0.77495,0.77511,2.33,1.58
2012.02.09 05:17:21.706,0.77495,0.77511,2.33,1.58
2012.02.09 05:17:30.932,0.77497,0.77515,2.33,2.33
2012.02.09 05:17:31.793,0.77497,0.77515,3.08,1.58
2012.02.09 05:17:32.827,0.77497,0.77515,3.83,1.58
2012.02.09 05:17:33.397,0.77497,0.77515,3.08,1.58
2012.02.09 05:17:33.907,0.77497,0.77515,3.83,1.58
2012.02.09 05:17:39.594,0.77497,0.77515,3.08,1.58
2012.02.09 05:17:40.147,0.77495,0.77511,3.08,1.58
2012.02.09 05:17:53.228,0.77495,0.77511,1.58,2.33
2012.02.09 05:18:14.399,0.77495,0.77511,1.58,2.33
2012.02.09 05:18:14.707,0.77495,0.77511,1.58,2.33
2012.02.09 05:18:18.941,0.77498,0.77514,1.58,1.58
2012.02.09 05:18:19.752,0.77499,0.77515,1.58,2.33
2012.02.09 05:18:31.729,0.77495,0.77511,2.33,1.58
2012.02.09 05:18:31.796,0.77495,0.77511,2.33,1.58
2012.02.09 05:18:39.097,0.77498,0.77514,1.58,1.58
2012.02.09 05:18:45.325,0.77496,0.77514,2.33,1.58
2012.02.09 05:18:45.457,0.77496,0.77514,2.33,1.58
2012.02.09 05:18:45.963,0.77499,0.77515,1.58,1.58
2012.02.09 05:18:49.738,0.77501,0.77518,1.58,3.75
2012.02.09 05:18:56.647,0.77501,0.77516,1.58,1.35
2012.02.09 05:19:05.878,0.77498,0.77514,1.58,1.58
2012.02.09 05:19:06.887,0.77498,0.77514,1.58,2.33
2012.02.09 05:19:09.307,0.77498,0.77514,1.58,2.33
2012.02.09 05:19:15.035,0.77496,0.77511,1.58,2.33
2012.02.09 05:19:40.575,0.77497,0.77512,1.58,1.50
2012.02.09 05:19:40.887,0.77497,0.77515,1.58,2.33
2012.02.09 05:19:49.125,0.77497,0.77515,2.33,2.33
2012.02.09 05:19:50.928,0.77497,0.77515,1.58,2.33
2012.02.09 05:19:55.648,0.77495,0.77512,1.50,1.58
2012.02.09 05:19:55.970,0.77492,0.77507,2.33,1.58
2012.02.09 05:19:56.276,0.7749,0.77504,1.50,1.58
2012.02.09 05:19:58.076,0.77491,0.77508,1.58,2.33
2012.02.09 05:19:58.331,0.77491,0.77508,1.58,3.45
2012.02.09 05:19:58.636,0.77487,0.77503,1.58,1.58
2012.02.09 05:19:58.768,0.77487,0.77503,3.08,1.58
2012.02.09 05:19:58.838,0.7749,0.77508,1.58,3.45
2012.02.09 05:20:00.351,0.7749,0.77508,1.58,2.93
2012.02.09 05:20:00.420,0.7749,0.77507,1.58,3.00
2012.02.09 05:20:00.547,0.77487,0.77503,3.08,1.58
2012.02.09 05:20:06.817,0.77487,0.77503,1.58,1.58
2012.02.09 05:20:44.129,0.77487,0.77503,1.58,2.33
2012.02.09 05:20:52.103,0.77487,0.77503,2.33,1.58
2012.02.09 05:20:52.432,0.7749,0.77506,2.18,1.58
2012.02.09 05:20:52.766,0.77493,0.7751,1.58,1.65
2012.02.09 05:20:56.840,0.7749,0.77508,1.58,2.33
2012.02.09 05:20:57.178,0.77493,0.77509,1.58,1.50
2012.02.09 05:21:07.715,0.77493,0.77511,1.58,2.33
2012.02.09 05:21:11.019,0.77491,0.77508,1.58,1.35
2012.02.09 05:21:27.175,0.77494,0.77509,1.58,1.50
2012.02.09 05:21:27.563,0.77497,0.77512,1.58,1.50
2012.02.09 05:21:27.631,0.77494,0.77512,1.58,3.08
2012.02.09 05:21:28.179,0.77494,0.77512,1.58,2.33
2012.02.09 05:21:36.268,0.77497,0.77514,1.58,2.10
2012.02.09 05:21:36.889,0.77497,0.77514,1.58,2.10
2012.02.09 05:21:38.147,0.77494,0.77512,2.33,2.33
2012.02.09 05:21:45.912,0.77501,0.77516,1.58,1.05
2012.02.09 05:21:46.428,0.77501,0.77519,1.58,3.45
2012.02.09 05:21:46.560,0.77498,0.77514,2.33,1.58
2012.02.09 05:21:46.899,0.77503,0.77521,1.58,2.33
2012.02.09 05:21:47.659,0.77503,0.77521,1.58,2.33
2012.02.09 05:21:49.197,0.77503,0.77521,1.58,2.33
2012.02.09 05:21:49.270,0.77501,0.77518,1.58,1.50
2012.02.09 05:21:49.826,0.77501,0.77519,1.58,3.08
2012.02.09 05:21:50.018,0.77503,0.77519,1.58,1.50
2012.02.09 05:21:53.934,0.77502,0.77518,1.58,2.33
2012.02.09 05:22:06.212,0.77502,0.77518,1.58,2.33
2012.02.09 05:22:06.986,0.77505,0.77519,1.58,1.35
2012.02.09 05:22:25.168,0.77502,0.77518,1.58,2.33
2012.02.09 05:22:25.368,0.77505,0.77521,1.58,2.33
2012.02.09 05:22:40.151,0.77505,0.77521,1.58,2.33
2012.02.09 05:22:41.135,0.77505,0.77521,2.33,2.33
2012.02.09 05:22:41.217,0.77509,0.77527,1.58,1.58
2012.02.09 05:22:44.317,0.77509,0.77527,1.58,2.63
2012.02.09 05:22:44.883,0.77509,0.77527,2.33,2.33
2012.02.09 05:22:47.352,0.77509,0.77527,2.33,2.93
2012.02.09 05:22:50.975,0.77508,0.77524,2.10,1.58
2012.02.09 05:22:56.208,0.77508,0.77524,2.10,1.58
2012.02.09 05:22:56.527,0.77506,0.77521,1.50,1.58
2012.02.09 05:22:56.738,0.77506,0.77524,3.83,1.58
2012.02.09 05:23:16.820,0.7751,0.77526,1.58,2.33
2012.02.09 05:23:17.152,0.77512,0.77529,1.58,1.35
2012.02.09 05:23:17.829,0.77516,0.77534,1.58,5.18
2012.02.09 05:23:18.146,0.77511,0.77526,1.50,1.58
2012.02.09 05:23:18.527,0.77514,0.7753,1.58,2.33
2012.02.09 05:23:30.770,0.77511,0.77527,2.33,1.58
2012.02.09 05:23:31.086,0.77509,0.77524,2.10,1.58
2012.02.09 05:23:31.688,0.77509,0.77524,2.10,1.58
2012.02.09 05:23:32.216,0.77509,0.77524,1.35,1.58
2012.02.09 05:23:32.347,0.77508,0.77524,2.93,1.58
2012.02.09 05:23:46.219,0.77507,0.7752,1.35,1.58
2012.02.09 05:23:46.409,0.77504,0.7752,1.58,2.33
2012.02.09 05:23:52.348,0.77504,0.7752,2.33,1.58
2012.02.09 05:23:56.294,0.77504,0.7752,3.08,1.58
2012.02.09 05:23:57.156,0.77504,0.7752,1.58,1.58
2012.02.09 05:23:57.842,0.77504,0.7752,2.33,1.58
2012.02.09 05:23:59.038,0.77504,0.7752,1.58,1.58
2012.02.09 05:24:00.884,0.77504,0.7752,2.33,1.58
2012.02.09 05:24:01.008,0.77506,0.77524,3.08,2.33
2012.02.09 05:24:01.538,0.77506,0.77524,1.58,2.33
2012.02.09 05:24:01.756,0.77506,0.77524,1.58,2.33
2012.02.09 05:24:03.483,0.77504,0.7752,1.58,1.58
2012.02.09 05:24:08.368,0.77505,0.7752,1.50,1.58
2012.02.09 05:24:09.114,0.77504,0.7752,3.08,1.58
2012.02.09 05:24:13.291,0.77506,0.77524,1.58,2.33
2012.02.09 05:24:13.359,0.77506,0.77524,1.58,1.58
2012.02.09 05:24:18.448,0.77506,0.77524,4.43,1.58
2012.02.09 05:24:19.236,0.77511,0.77527,1.58,2.33
2012.02.09 05:24:19.549,0.77514,0.7753,1.58,2.33
2012.02.09 05:24:20.337,0.77511,0.77528,1.50,1.58
2012.02.09 05:24:22.935,0.77514,0.7753,1.58,1.58
2012.02.09 05:24:25.219,0.77515,0.7753,1.50,1.58
2012.02.09 05:24:25.528,0.77517,0.77533,2.33,1.58
2012.02.09 05:24:26.315,0.77517,0.77533,2.33,1.58
2012.02.09 05:24:27.751,0.77517,0.77533,1.58,1.58
2012.02.09 05:24:28.047,0.77518,0.77533,1.50,1.58
2012.02.09 05:24:28.543,0.77521,0.77537,1.58,2.33
2012.02.09 05:24:51.619,0.77521,0.77537,2.33,1.58
2012.02.09 05:24:51.750,0.77524,0.7754,1.58,2.33
2012.02.09 05:24:52.609,0.7752,0.77538,1.58,2.33
2012.02.09 05:25:02.830,0.77523,0.77541,1.58,2.63
2012.02.09 05:25:03.288,0.7752,0.77538,2.33,2.33
2012.02.09 05:25:04.051,0.7752,0.77538,2.33,2.33
2012.02.09 05:25:04.264,0.77523,0.77541,1.58,2.33
2012.02.09 05:25:04.601,0.77523,0.77541,3.08,2.93
2012.02.09 05:25:04.734,0.77523,0.77541,2.33,2.93
2012.02.09 05:25:05.387,0.77523,0.7754,2.33,1.35
2012.02.09 05:25:06.511,0.77523,0.77541,2.33,3.08
2012.02.09 05:25:06.770,0.77523,0.77541,1.58,2.93
2012.02.09 05:25:07.270,0.77526,0.77541,1.58,1.35
2012.02.09 05:25:08.515,0.77524,0.7754,1.58,1.58
2012.02.09 05:25:09.328,0.77524,0.7754,1.58,2.33
2012.02.09 05:25:09.458,0.7752,0.77538,2.33,2.33
2012.02.09 05:25:10.290,0.77524,0.7754,1.58,2.33
2012.02.09 05:25:10.481,0.77524,0.7754,1.58,1.58
2012.02.09 05:25:11.164,0.77527,0.77543,1.58,2.33
2012.02.09 05:25:12.304,0.77527,0.77543,1.58,2.33
2012.02.09 05:25:13.289,0.77524,0.7754,1.58,1.58
2012.02.09 05:25:13.424,0.7752,0.77538,2.33,1.58
2012.02.09 05:25:16.858,0.77517,0.77532,1.50,1.58
2012.02.09 05:25:16.988,0.77518,0.77536,2.33,1.58
2012.02.09 05:25:17.126,0.77518,0.77536,2.33,1.58
2012.02.09 05:25:17.430,0.77515,0.77533,2.33,1.58
2012.02.09 05:25:17.561,0.77515,0.77533,2.33,1.58
2012.02.09 05:25:27.700,0.77515,0.77533,2.33,1.58
2012.02.09 05:25:28.499,0.77515,0.77533,1.58,1.58
2012.02.09 05:25:30.766,0.77515,0.77533,2.33,1.58
2012.02.09 05:25:31.680,0.77518,0.77536,1.58,1.58
2012.02.09 05:25:33.011,0.77518,0.77536,1.58,2.33
2012.02.09 05:25:33.739,0.77517,0.77533,2.33,1.58
2012.02.09 05:25:36.329,0.77517,0.77533,1.58,2.33
2012.02.09 05:25:39.799,0.77513,0.77531,1.58,2.33
2012.02.09 05:25:43.350,0.77513,0.77531,1.58,1.58
2012.02.09 05:25:45.354,0.77513,0.77531,2.33,1.58
2012.02.09 05:25:45.935,0.77513,0.77531,1.58,1.58
2012.02.09 05:25:46.562,0.77513,0.77531,2.33,1.58
2012.02.09 05:25:46.749,0.77516,0.77534,1.58,2.33
2012.02.09 05:25:47.202,0.77519,0.77537,1.58,2.33
2012.02.09 05:25:47.627,0.77519,0.77537,1.58,2.33
2012.02.09 05:26:01.657,0.77516,0.77532,2.33,1.58
2012.02.09 05:26:09.419,0.77516,0.77532,2.33,1.58
2012.02.09 05:26:09.788,0.77518,0.77534,1.58,1.58
2012.02.09 05:26:16.858,0.77515,0.77533,2.33,2.33
2012.02.09 05:26:22.172,0.77517,0.77535,1.58,2.33
2012.02.09 05:26:27.240,0.77521,0.77537,1.58,2.33
2012.02.09 05:26:27.427,0.77521,0.77537,2.33,1.58
2012.02.09 05:26:27.500,0.77523,0.7754,1.58,1.50
2012.02.09 05:26:27.946,0.77526,0.77543,1.58,1.50
2012.02.09 05:26:28.497,0.77523,0.77541,1.58,2.33
2012.02.09 05:26:29.162,0.77523,0.77541,2.33,1.58
2012.02.09 05:26:29.841,0.77523,0.77541,1.58,1.58
2012.02.09 05:26:32.557,0.77527,0.77543,1.58,2.33
2012.02.09 05:26:33.331,0.77523,0.77541,1.58,1.58
2012.02.09 05:26:34.839,0.77526,0.77544,1.58,2.93
2012.02.09 05:26:35.369,0.77526,0.77544,1.58,1.58
2012.02.09 05:26:53.698,0.77523,0.77541,2.33,1.58
2012.02.09 05:26:54.007,0.77523,0.77541,1.58,2.33
2012.02.09 05:26:54.198,0.7752,0.77538,3.08,1.58
2012.02.09 05:26:54.387,0.7752,0.77538,2.33,2.33
2012.02.09 05:26:54.578,0.77518,0.77534,2.33,1.58
2012.02.09 05:26:55.163,0.77518,0.77534,2.33,1.58
2012.02.09 05:27:06.092,0.77517,0.77533,2.33,1.58
2012.02.09 05:27:06.438,0.77517,0.77533,2.33,1.58
2012.02.09 05:27:15.786,0.77517,0.77533,2.33,1.58
2012.02.09 05:27:32.318,0.77517,0.77533,2.33,1.58
2012.02.09 05:27:34.897,0.77517,0.77533,2.33,1.58
2012.02.09 05:27:38.889,0.7752,0.77533,1.50,1.58
2012.02.09 05:27:38.980,0.77521,0.77537,1.58,1.58
2012.02.09 05:27:39.541,0.77521,0.77537,2.33,1.58
2012.02.09 05:27:39.799,0.77524,0.77541,1.58,2.33
2012.02.09 05:27:40.307,0.77524,0.77541,1.58,2.33
2012.02.09 05:27:41.248,0.77524,0.77541,2.18,2.33
2012.02.09 05:27:41.470,0.77533,0.77547,1.58,1.50
2012.02.09 05:27:42.008,0.77533,0.77549,1.58,1.50
2012.02.09 05:27:42.223,0.77529,0.77546,2.25,1.58
2012.02.09 05:27:43.000,0.77532,0.77548,3.08,1.58
2012.02.09 05:27:43.959,0.77532,0.77548,2.33,1.58
2012.02.09 05:27:45.008,0.77531,0.77546,1.50,1.58
2012.02.09 05:27:45.220,0.77528,0.77546,3.08,1.58
2012.02.09 05:27:45.575,0.77532,0.77548,1.58,1.50
2012.02.09 05:27:45.901,0.7753,0.77545,1.58,1.58
2012.02.09 05:27:46.817,0.7753,0.77545,2.33,1.58
2012.02.09 05:27:47.370,0.7753,0.77545,1.58,1.58
2012.02.09 05:27:49.699,0.77528,0.77546,1.58,2.33
2012.02.09 05:27:49.909,0.77527,0.77542,1.50,1.58
2012.02.09 05:27:50.741,0.77526,0.77542,1.58,1.58
2012.02.09 05:27:51.050,0.77524,0.77539,1.50,1.58
2012.02.09 05:27:51.238,0.77523,0.77539,2.33,1.58
2012.02.09 05:27:51.488,0.77523,0.77539,2.33,1.58
2012.02.09 05:27:51.827,0.77523,0.77539,2.33,1.58
2012.02.09 05:27:53.251,0.77523,0.77539,1.58,2.33
2012.02.09 05:27:55.468,0.77523,0.77539,1.58,3.08
2012.02.09 05:27:55.851,0.77518,0.77536,2.33,2.33
2012.02.09 05:27:57.698,0.77518,0.77536,2.93,2.33
2012.02.09 05:27:57.828,0.77522,0.7754,1.58,3.08
2012.02.09 05:27:58.377,0.77522,0.77539,1.58,1.50
2012.02.09 05:28:00.609,0.77522,0.7754,1.58,2.93
2012.02.09 05:28:02.949,0.77519,0.77537,2.33,1.58
2012.02.09 05:28:06.781,0.77522,0.7754,1.58,3.68
2012.02.09 05:28:12.739,0.77518,0.77534,3.08,1.58
2012.02.09 05:28:15.800,0.77523,0.77539,1.58,2.33
2012.02.09 05:28:16.486,0.77519,0.77537,1.58,1.58
2012.02.09 05:28:18.432,0.77522,0.7754,1.58,3.08
2012.02.09 05:28:19.628,0.77522,0.77539,1.58,1.50
2012.02.09 05:28:20.584,0.77516,0.77532,2.33,2.33
2012.02.09 05:28:21.082,0.77516,0.77532,2.33,1.58
2012.02.09 05:28:21.475,0.77519,0.77536,1.58,1.50
2012.02.09 05:28:21.624,0.77519,0.77537,2.33,2.33
2012.02.09 05:28:22.754,0.77519,0.77537,1.58,2.33
2012.02.09 05:28:27.218,0.77519,0.77537,2.33,1.58
2012.02.09 05:28:27.709,0.77524,0.77542,1.58,2.33
2012.02.09 05:28:27.838,0.77522,0.77538,1.58,2.33
2012.02.09 05:28:28.497,0.77522,0.77538,1.58,1.58
2012.02.09 05:28:32.297,0.77522,0.77538,1.58,2.33
2012.02.09 05:28:34.292,0.77522,0.77538,1.58,2.33
2012.02.09 05:28:35.008,0.77522,0.77538,1.58,2.33
2012.02.09 05:28:35.543,0.77522,0.77538,1.58,2.33
2012.02.09 05:28:36.205,0.77522,0.77538,1.58,2.33
2012.02.09 05:28:36.410,0.77518,0.77536,1.58,2.33
2012.02.09 05:28:40.091,0.77521,0.77539,1.58,3.08
2012.02.09 05:28:40.463,0.77521,0.77539,1.58,2.33
2012.02.09 05:28:42.330,0.77521,0.77539,1.58,3.83
2012.02.09 05:28:42.705,0.77521,0.77539,1.58,3.08
2012.02.09 05:28:42.913,0.77521,0.77539,2.33,2.33
2012.02.09 05:28:43.602,0.7752,0.77536,1.58,1.58
2012.02.09 05:28:44.134,0.7752,0.77536,1.58,2.33
2012.02.09 05:28:44.802,0.77514,0.77532,2.33,1.58
2012.02.09 05:28:45.548,0.77514,0.77532,2.33,2.33
2012.02.09 05:28:50.291,0.77511,0.77529,2.33,1.58
2012.02.09 05:28:55.313,0.77515,0.77531,1.58,1.58
2012.02.09 05:29:01.548,0.77517,0.77535,1.58,2.33
2012.02.09 05:29:01.879,0.77517,0.77534,1.58,1.50
2012.02.09 05:29:03.608,0.77515,0.77531,1.58,1.58
2012.02.09 05:29:04.685,0.77518,0.77534,1.58,2.33
2012.02.09 05:29:05.032,0.77521,0.77537,1.58,2.93
2012.02.09 05:29:20.726,0.77518,0.77534,1.58,2.33
2012.02.09 05:29:30.936,0.77518,0.77534,1.58,2.33
2012.02.09 05:29:34.970,0.77518,0.77534,1.58,1.58
2012.02.09 05:29:35.461,0.77518,0.77533,1.58,1.50
2012.02.09 05:29:38.568,0.77518,0.77533,1.58,1.50
2012.02.09 05:29:56.392,0.77518,0.77534,1.58,2.33
2012.02.09 05:30:04.529,0.7752,0.77537,1.58,2.33
2012.02.09 05:30:04.783,0.7752,0.77537,1.58,2.33
2012.02.09 05:30:05.337,0.7752,0.77537,1.58,2.33
2012.02.09 05:30:08.696,0.7752,0.77537,1.58,2.33
2012.02.09 05:30:09.026,0.77522,0.77539,1.58,1.50
2012.02.09 05:30:09.098,0.77522,0.7754,1.58,2.33
2012.02.09 05:30:10.866,0.7752,0.77536,2.33,1.58
2012.02.09 05:30:11.289,0.77522,0.7754,1.58,2.33
2012.02.09 05:30:17.627,0.77522,0.7754,3.08,1.58
2012.02.09 05:30:17.768,0.77522,0.7754,1.58,2.33
2012.02.09 05:30:22.467,0.77521,0.77536,1.58,1.58
2012.02.09 05:30:38.217,0.77524,0.77538,1.58,1.50
2012.02.09 05:30:56.776,0.77521,0.77537,1.58,2.33
2012.02.09 05:31:01.188,0.77524,0.7754,1.58,3.08
2012.02.09 05:31:02.235,0.77524,0.7754,1.58,2.33
2012.02.09 05:31:08.577,0.77524,0.7754,1.58,2.33
2012.02.09 05:31:14.300,0.7752,0.77538,2.33,1.58
2012.02.09 05:31:14.810,0.7752,0.77538,1.58,2.33
2012.02.09 05:32:05.901,0.7752,0.77537,1.58,1.50
2012.02.09 05:32:14.321,0.77516,0.77541,1.50,1.50
2012.02.09 05:32:16.139,0.77516,0.77541,1.50,1.50
2012.02.09 05:32:16.740,0.77516,0.77541,1.50,1.50
2012.02.09 05:32:32.159,0.77517,0.77542,1.50,1.50
2012.02.09 05:32:35.086,0.77517,0.77542,2.85,1.50
2012.02.09 05:32:36.131,0.77517,0.77542,2.25,1.50
2012.02.09 05:32:36.196,0.77518,0.7754,1.50,1.50
2012.02.09 05:32:36.468,0.77518,0.7754,1.50,1.50
2012.02.09 05:32:37.029,0.77518,0.77538,1.50,1.50
2012.02.09 05:32:37.681,0.77519,0.77539,1.50,1.50
2012.02.09 05:32:38.556,0.77523,0.77539,1.58,1.50
2012.02.09 05:32:40.240,0.77523,0.77539,1.58,1.50
2012.02.09 05:32:45.325,0.77523,0.77539,1.58,1.50
2012.02.09 05:32:47.451,0.77523,0.77539,1.58,1.50
2012.02.09 05:32:48.142,0.77523,0.77538,1.58,1.50
2012.02.09 05:32:48.216,0.77523,0.77539,1.58,1.50
2012.02.09 05:32:49.262,0.77523,0.77539,1.58,1.50
2012.02.09 05:32:49.816,0.77523,0.7754,1.58,1.50
2012.02.09 05:32:51.676,0.77523,0.7754,1.58,1.50
2012.02.09 05:33:06.738,0.77521,0.77537,1.58,1.58
2012.02.09 05:33:06.973,0.77518,0.77535,1.50,1.58
2012.02.09 05:33:27.087,0.7752,0.77537,1.58,2.33
2012.02.09 05:33:29.529,0.7752,0.77537,1.58,2.33
2012.02.09 05:33:30.300,0.77522,0.77539,1.58,1.50
2012.02.09 05:33:30.680,0.77526,0.77539,1.58,1.50
2012.02.09 05:33:34.281,0.77526,0.77539,1.58,1.50
2012.02.09 05:33:36.829,0.77526,0.77539,1.58,1.50
2012.02.09 05:33:38.070,0.77526,0.77538,1.58,1.50
2012.02.09 05:33:38.267,0.77522,0.77539,1.58,1.50
2012.02.09 05:33:38.650,0.77526,0.7754,1.58,1.50
2012.02.09 05:33:41.057,0.77526,0.77539,1.58,1.50
2012.02.09 05:33:41.768,0.77526,0.77538,1.58,1.50
2012.02.09 05:33:41.848,0.77522,0.77538,1.58,1.50
2012.02.09 05:33:42.561,0.77522,0.77539,1.58,1.50
2012.02.09 05:33:43.043,0.77526,0.77539,1.58,1.50
2012.02.09 05:34:03.975,0.77526,0.77541,1.58,1.50
2012.02.09 05:34:04.527,0.77526,0.7754,1.58,1.50
2012.02.09 05:34:05.462,0.77523,0.77539,3.08,2.33
2012.02.09 05:34:05.540,0.77527,0.77542,1.58,3.08
2012.02.09 05:34:11.000,0.77527,0.77542,1.58,3.08
2012.02.09 05:34:14.219,0.77527,0.77542,1.58,3.08
2012.02.09 05:34:15.176,0.77527,0.77542,1.58,3.08
2012.02.09 05:34:24.612,0.77527,0.77542,1.58,3.08
2012.02.09 05:34:25.561,0.77527,0.77542,1.58,3.08
2012.02.09 05:34:37.290,0.77527,0.77542,1.58,3.08
2012.02.09 05:34:41.427,0.77523,0.77538,1.50,2.33
2012.02.09 05:34:41.572,0.7752,0.77537,2.33,1.50
2012.02.09 05:34:41.640,0.7752,0.77537,1.58,1.50
2012.02.09 05:34:50.201,0.7752,0.77538,2.33,2.33
2012.02.09 05:34:50.748,0.77523,0.77539,1.58,1.50
2012.02.09 05:35:00.780,0.7752,0.77538,2.33,2.33
2012.02.09 05:35:00.850,0.7752,0.77537,1.58,1.50
2012.02.09 05:35:02.679,0.7752,0.77537,1.58,2.10
2012.02.09 05:35:06.982,0.7752,0.77537,1.58,2.10
2012.02.09 05:35:08.897,0.7752,0.77537,1.58,2.10
2012.02.09 05:35:11.207,0.7752,0.77537,1.58,2.10
2012.02.09 05:35:11.458,0.77517,0.77535,1.58,3.08
2012.02.09 05:35:20.528,0.77517,0.77534,1.58,1.50
2012.02.09 05:35:20.604,0.77514,0.77532,2.33,2.33
2012.02.09 05:35:28.359,0.77517,0.77533,1.58,1.50
2012.02.09 05:35:29.770,0.77517,0.77532,1.58,2.25
2012.02.09 05:35:30.211,0.77517,0.77532,1.58,1.50
2012.02.09 05:35:39.958,0.77514,0.77532,2.33,2.33
2012.02.09 05:35:40.089,0.77514,0.77532,2.33,3.08
2012.02.09 05:35:40.595,0.77514,0.77531,1.58,1.50
2012.02.09 05:35:43.862,0.77514,0.77531,1.58,1.50
2012.02.09 05:35:43.933,0.77517,0.77531,1.58,1.50
2012.02.09 05:35:46.975,0.77517,0.77534,1.58,1.50
2012.02.09 05:35:50.640,0.77517,0.77534,1.58,1.50
2012.02.09 05:36:01.691,0.77517,0.77532,1.58,1.50
2012.02.09 05:36:02.212,0.77517,0.77532,1.58,1.50
2012.02.09 05:36:05.083,0.77517,0.77531,1.58,1.50
2012.02.09 05:36:06.250,0.77517,0.77535,1.58,3.08
2012.02.09 05:36:11.829,0.77521,0.77533,1.58,1.50
2012.02.09 05:36:11.961,0.77521,0.77535,1.58,1.50
2012.02.09 05:36:12.501,0.77521,0.77535,1.58,1.50
2012.02.09 05:36:12.928,0.77521,0.77535,1.58,1.50
2012.02.09 05:36:13.062,0.77518,0.77534,1.58,2.33
2012.02.09 05:36:14.037,0.77518,0.77533,1.58,1.50
2012.02.09 05:36:14.587,0.77518,0.77533,1.58,1.50
2012.02.09 05:36:17.175,0.7752,0.77534,1.58,1.50
2012.02.09 05:36:17.707,0.7752,0.77535,1.58,1.50
2012.02.09 05:36:18.790,0.7752,0.77535,1.58,1.50
2012.02.09 05:36:20.247,0.77524,0.77537,1.58,1.50
2012.02.09 05:36:20.760,0.77524,0.77537,1.58,1.50
2012.02.09 05:36:21.905,0.77526,0.77537,1.58,1.50
2012.02.09 05:36:22.220,0.77526,0.7754,1.58,1.50
2012.02.09 05:36:22.482,0.77522,0.77538,1.58,1.50
2012.02.09 05:36:22.554,0.77525,0.77541,1.58,1.50
2012.02.09 05:36:26.252,0.77523,0.77539,1.58,3.08
2012.02.09 05:36:27.151,0.77523,0.77538,1.58,1.35
2012.02.09 05:36:28.136,0.77523,0.77537,1.58,1.35
2012.02.09 05:36:30.370,0.77523,0.77539,1.58,3.08
2012.02.09 05:36:31.991,0.77523,0.77538,1.58,1.50
2012.02.09 05:36:37.397,0.77523,0.77538,1.58,1.50
2012.02.09 05:36:38.792,0.77523,0.77539,1.58,2.33
2012.02.09 05:36:39.566,0.77523,0.77539,1.58,2.33
2012.02.09 05:36:40.921,0.77523,0.77539,1.58,2.33
2012.02.09 05:36:42.277,0.77523,0.77539,1.58,2.33
2012.02.09 05:36:42.844,0.77523,0.77539,1.58,2.33
2012.02.09 05:36:44.748,0.77523,0.77539,1.58,2.33
2012.02.09 05:36:45.355,0.77523,0.77539,1.58,2.33
2012.02.09 05:36:45.680,0.77523,0.77539,1.58,2.33
2012.02.09 05:36:46.681,0.77523,0.77539,1.58,2.33
2012.02.09 05:36:47.223,0.77523,0.77539,1.58,2.33
2012.02.09 05:36:50.494,0.77523,0.77537,1.58,1.50
2012.02.09 05:36:50.929,0.77519,0.77537,2.33,3.08
2012.02.09 05:36:54.007,0.77521,0.77537,1.58,1.50
2012.02.09 05:36:59.503,0.77521,0.77538,1.58,1.50
2012.02.09 05:36:59.811,0.77519,0.77537,1.58,2.33
2012.02.09 05:37:02.331,0.77521,0.77538,1.58,2.85
2012.02.09 05:37:08.619,0.77521,0.77539,1.58,3.83
2012.02.09 05:37:08.697,0.77521,0.77537,1.58,1.50
2012.02.09 05:37:43.078,0.7752,0.77535,1.58,1.50
2012.02.09 05:37:43.391,0.7752,0.77536,1.58,2.33
2012.02.09 05:37:53.007,0.77516,0.77533,1.58,1.58
2012.02.09 05:37:53.539,0.77519,0.77537,1.58,2.33
2012.02.09 05:37:56.737,0.77517,0.77533,1.58,1.58
2012.02.09 05:37:57.427,0.77519,0.77537,1.58,2.33
2012.02.09 05:37:58.324,0.77517,0.77533,1.58,1.58
2012.02.09 05:38:01.789,0.77519,0.77535,1.58,1.50
2012.02.09 05:38:06.662,0.77519,0.77537,1.58,3.08
2012.02.09 05:38:06.737,0.77521,0.77538,1.58,1.50
2012.02.09 05:38:07.822,0.77521,0.77538,1.58,1.50
2012.02.09 05:38:08.171,0.77521,0.77539,1.58,2.93
2012.02.09 05:38:11.580,0.77521,0.77539,1.58,2.33
2012.02.09 05:38:14.400,0.7752,0.77536,1.58,1.58
2012.02.09 05:38:14.889,0.77522,0.77538,1.58,2.33
2012.02.09 05:38:21.378,0.77519,0.77535,1.58,1.58
2012.02.09 05:38:21.759,0.77521,0.77539,1.58,3.08
2012.02.09 05:38:21.888,0.77521,0.77539,1.58,2.33
2012.02.09 05:38:23.952,0.77524,0.77542,1.58,2.33
2012.02.09 05:38:24.261,0.77523,0.77539,1.58,2.33
2012.02.09 05:38:24.568,0.77523,0.77539,1.58,2.33
2012.02.09 05:38:29.310,0.77523,0.77539,1.58,2.33
2012.02.09 05:38:35.722,0.77523,0.77538,1.58,1.50
2012.02.09 05:38:36.258,0.77523,0.77538,1.58,1.50
2012.02.09 05:38:38.456,0.77519,0.77534,1.58,1.58
2012.02.09 05:38:39.009,0.77521,0.77538,1.58,1.50
2012.02.09 05:38:41.402,0.77519,0.77535,1.58,1.58
2012.02.09 05:38:42.159,0.77522,0.77537,1.58,1.35
2012.02.09 05:38:42.499,0.77518,0.77536,1.58,2.33
2012.02.09 05:38:43.017,0.77518,0.77536,1.58,3.08
2012.02.09 05:38:45.273,0.77514,0.77532,2.18,2.33
2012.02.09 05:38:45.499,0.77514,0.77531,1.58,1.50
2012.02.09 05:38:45.930,0.77514,0.77532,1.58,3.08
2012.02.09 05:38:46.062,0.77517,0.77532,1.58,2.25
2012.02.09 05:38:51.499,0.7752,0.77533,1.58,1.50
2012.02.09 05:38:56.553,0.77518,0.77534,1.58,2.33
2012.02.09 05:38:57.118,0.77518,0.77534,1.58,2.33
2012.02.09 05:38:58.607,0.7752,0.77536,1.58,1.50
2012.02.09 05:38:59.117,0.7752,0.77536,1.58,1.50
2012.02.09 05:39:00.799,0.7752,0.77536,1.58,1.50
2012.02.09 05:39:03.251,0.7752,0.77536,1.58,1.50
2012.02.09 05:39:03.923,0.7752,0.77536,1.58,1.50
2012.02.09 05:39:08.289,0.77517,0.77534,1.58,2.33
2012.02.09 05:39:08.848,0.77517,0.77534,1.58,3.83
2012.02.09 05:39:10.962,0.77517,0.77534,1.58,2.33
2012.02.09 05:39:24.620,0.77521,0.77537,1.58,2.33
2012.02.09 05:39:24.817,0.77521,0.77537,1.58,2.33
2012.02.09 05:39:26.504,0.77521,0.77537,1.58,2.33
2012.02.09 05:39:26.572,0.77517,0.77534,1.58,2.33
2012.02.09 05:39:26.640,0.77517,0.77534,1.58,2.33
2012.02.09 05:39:27.230,0.77513,0.77531,2.93,2.33
2012.02.09 05:39:27.302,0.77513,0.77531,2.33,2.33
2012.02.09 05:39:29.489,0.77518,0.77533,1.58,3.08
2012.02.09 05:39:33.070,0.77514,0.77532,2.33,2.33
2012.02.09 05:39:33.584,0.77514,0.77532,1.58,2.33
2012.02.09 05:39:35.178,0.77514,0.77531,3.08,1.50
2012.02.09 05:39:45.491,0.77514,0.77532,3.08,3.08
2012.02.09 05:39:47.807,0.77514,0.77532,2.33,3.08
2012.02.09 05:39:52.487,0.77514,0.77532,1.58,3.08
2012.02.09 05:40:05.217,0.77514,0.77532,2.33,3.08
2012.02.09 05:40:05.989,0.77514,0.77532,1.58,3.08
2012.02.09 05:40:17.971,0.77514,0.7753,1.58,1.50
2012.02.09 05:40:27.358,0.77514,0.7753,1.88,1.50
2012.02.09 05:40:42.087,0.77512,0.7753,1.20,1.50
2012.02.09 05:40:43.227,0.77512,0.7753,1.20,1.50
2012.02.09 05:40:43.699,0.77518,0.77531,1.58,1.50
2012.02.09 05:40:44.222,0.77518,0.77533,1.58,2.33
2012.02.09 05:40:44.719,0.77521,0.77535,1.58,1.50
2012.02.09 05:40:47.262,0.77521,0.77533,1.58,1.50
2012.02.09 05:40:47.558,0.77516,0.77532,1.58,2.33
2012.02.09 05:40:48.062,0.77516,0.77531,1.58,1.50
2012.02.09 05:40:48.461,0.77516,0.77531,1.58,1.50
2012.02.09 05:40:48.533,0.77513,0.77529,1.58,2.33
2012.02.09 05:40:56.499,0.77513,0.77529,1.58,3.08
2012.02.09 05:41:00.499,0.77513,0.77529,1.58,3.08
2012.02.09 05:41:00.970,0.77511,0.77527,2.33,1.58
2012.02.09 05:41:01.542,0.77511,0.77527,1.58,3.08
2012.02.09 05:41:02.060,0.77511,0.77527,1.58,2.33
2012.02.09 05:41:05.659,0.77511,0.77527,1.58,3.08
2012.02.09 05:41:06.161,0.77511,0.77527,1.58,3.08
2012.02.09 05:41:08.491,0.77511,0.77527,1.58,3.08
2012.02.09 05:41:08.563,0.77507,0.77525,2.33,2.33
2012.02.09 05:41:08.755,0.77507,0.77525,2.33,2.33
2012.02.09 05:41:09.005,0.77504,0.7752,2.63,1.58
2012.02.09 05:41:09.680,0.77504,0.7752,1.58,2.33
2012.02.09 05:41:10.180,0.77504,0.7752,2.93,2.33
2012.02.09 05:41:10.721,0.77504,0.7752,1.58,2.33
2012.02.09 05:41:12.079,0.77501,0.77518,1.58,1.50
2012.02.09 05:41:12.728,0.77504,0.77518,1.58,1.50
2012.02.09 05:41:14.371,0.77501,0.77518,1.58,1.50
2012.02.09 05:41:15.174,0.77501,0.77519,1.58,2.33
2012.02.09 05:41:15.246,0.77505,0.77518,1.58,1.50
2012.02.09 05:41:20.962,0.77501,0.77517,1.88,1.58
2012.02.09 05:41:21.484,0.77501,0.77517,1.58,2.33
2012.02.09 05:41:22.014,0.77501,0.77517,1.58,2.33
2012.02.09 05:41:22.793,0.77504,0.77519,1.58,1.50
2012.02.09 05:41:23.180,0.77506,0.77523,1.58,1.50
2012.02.09 05:41:23.250,0.77506,0.77523,1.58,1.50
2012.02.09 05:41:25.429,0.77503,0.77521,1.58,2.33
2012.02.09 05:41:29.106,0.77503,0.77521,2.33,3.08
2012.02.09 05:41:32.769,0.77506,0.77521,1.58,1.50
2012.02.09 05:41:33.475,0.77506,0.77522,1.58,1.50
2012.02.09 05:41:34.454,0.77506,0.77524,1.58,2.33
2012.02.09 05:41:41.054,0.77506,0.77524,1.58,3.08
2012.02.09 05:41:41.833,0.77506,0.77524,1.58,3.08
2012.02.09 05:41:42.401,0.77506,0.77523,1.58,1.50
2012.02.09 05:41:46.500,0.77506,0.77524,1.58,3.08
2012.02.09 05:41:57.331,0.77506,0.77524,1.58,3.08
2012.02.09 05:42:04.771,0.77506,0.77524,1.58,3.08
2012.02.09 05:42:32.904,0.77503,0.77524,1.80,1.50
2012.02.09 05:42:43.013,0.77504,0.77524,1.65,1.50
2012.02.09 05:43:25.047,0.77506,0.77527,1.35,3.38
2012.02.09 05:43:27.963,0.77506,0.77527,1.35,3.38
2012.02.09 05:43:29.317,0.77503,0.77526,1.80,1.50
2012.02.09 05:43:32.381,0.77504,0.77526,1.05,1.50
2012.02.09 05:43:32.659,0.77504,0.77526,1.05,1.50
2012.02.09 05:43:37.859,0.77503,0.77526,1.20,1.50
2012.02.09 05:43:49.441,0.77503,0.77526,1.80,1.50
2012.02.09 05:44:03.240,0.77504,0.77526,1.80,1.50
2012.02.09 05:44:14.927,0.77503,0.77526,1.05,1.50
2012.02.09 05:44:15.877,0.77504,0.77526,1.50,1.50
2012.02.09 05:44:23.054,0.77503,0.77526,1.95,1.50
2012.02.09 05:44:29.392,0.77503,0.77527,1.20,1.50
2012.02.09 05:44:31.998,0.77503,0.77527,1.05,1.50
2012.02.09 05:44:32.706,0.77503,0.77527,1.05,1.50
2012.02.09 05:44:35.686,0.77503,0.77527,1.20,1.50
2012.02.09 05:44:38.807,0.77503,0.77527,1.05,1.50
2012.02.09 05:44:39.379,0.77503,0.77525,1.20,1.88
2012.02.09 05:44:39.449,0.77504,0.77524,1.05,1.50
2012.02.09 05:44:39.765,0.775,0.77516,2.33,1.58
2012.02.09 05:44:40.332,0.775,0.77516,2.33,1.58
2012.02.09 05:44:41.257,0.775,0.77516,2.33,1.58
2012.02.09 05:44:44.197,0.77502,0.7752,2.33,2.33
2012.02.09 05:44:45.350,0.77502,0.7752,2.33,1.58
2012.02.09 05:44:46.094,0.77506,0.77522,1.58,2.33
2012.02.09 05:44:47.258,0.77506,0.77522,1.58,2.33
2012.02.09 05:44:49.178,0.77506,0.77522,2.33,2.33
2012.02.09 05:44:56.541,0.77502,0.7752,3.08,1.58
2012.02.09 05:44:58.840,0.77502,0.7752,2.33,2.33
2012.02.09 05:44:59.031,0.775,0.77516,1.58,1.58
2012.02.09 05:45:01.254,0.77499,0.77514,1.05,1.58
2012.02.09 05:45:01.525,0.77496,0.77514,1.58,1.58
2012.02.09 05:45:01.962,0.77493,0.77509,2.93,1.58
2012.02.09 05:45:03.251,0.77493,0.77509,2.33,1.58
2012.02.09 05:45:05.489,0.77493,0.77509,2.33,1.58
2012.02.09 05:45:05.560,0.77495,0.77513,1.58,1.58
2012.02.09 05:45:07.080,0.77498,0.77516,1.58,2.33
2012.02.09 05:45:09.384,0.77494,0.77512,2.33,1.58
2012.02.09 05:45:10.371,0.77498,0.77514,1.58,1.58
2012.02.09 05:45:15.912,0.77495,0.77511,2.33,1.58
2012.02.09 05:45:23.607,0.77498,0.77514,1.58,2.33
2012.02.09 05:45:25.263,0.77498,0.77514,1.58,1.58
2012.02.09 05:45:49.139,0.775,0.77518,1.58,2.33
2012.02.09 05:45:49.753,0.775,0.77518,1.58,2.33
2012.02.09 05:45:58.232,0.775,0.77518,2.33,2.33
2012.02.09 05:46:01.462,0.77496,0.77514,2.33,1.58
2012.02.09 05:46:01.533,0.77496,0.77514,2.33,2.33
2012.02.09 05:46:03.562,0.77496,0.77514,2.33,1.58
2012.02.09 05:46:04.169,0.775,0.77516,1.58,3.08
2012.02.09 05:46:04.718,0.775,0.77516,1.58,1.58
2012.02.09 05:46:08.346,0.77496,0.77514,2.33,1.58
2012.02.09 05:46:08.910,0.77493,0.77511,2.33,1.58
2012.02.09 05:46:09.160,0.77497,0.77513,2.33,1.58
2012.02.09 05:46:11.682,0.77494,0.7751,2.33,1.58
2012.02.09 05:46:15.609,0.77494,0.7751,2.33,1.58
2012.02.09 05:46:19.959,0.77494,0.7751,2.33,1.58
2012.02.09 05:46:21.393,0.77496,0.77514,2.33,1.58
2012.02.09 05:46:22.485,0.77495,0.77511,2.33,1.58
2012.02.09 05:46:23.990,0.77496,0.77514,2.33,1.58
2012.02.09 05:46:29.654,0.77493,0.77509,3.08,1.58
2012.02.09 05:46:30.150,0.77493,0.77509,3.08,1.58
2012.02.09 05:46:30.803,0.77498,0.77514,2.33,1.58
2012.02.09 05:46:30.998,0.77494,0.7751,3.08,1.58
2012.02.09 05:46:31.492,0.77499,0.77514,2.33,1.58
2012.02.09 05:46:39.023,0.77503,0.77519,1.58,3.08
2012.02.09 05:46:39.891,0.77503,0.77519,1.58,2.33
2012.02.09 05:46:42.372,0.77503,0.77519,1.58,2.33
2012.02.09 05:46:42.501,0.775,0.77516,1.58,1.58
2012.02.09 05:46:53.334,0.77497,0.77513,2.33,1.58
2012.02.09 05:46:53.653,0.77493,0.77511,2.33,1.58
2012.02.09 05:47:02.081,0.77497,0.77513,2.33,1.58
2012.02.09 05:47:02.150,0.77494,0.7751,2.33,1.58
2012.02.09 05:47:39.330,0.77497,0.77515,2.33,3.08
2012.02.09 05:47:39.904,0.77497,0.77515,2.33,1.58
2012.02.09 05:47:40.212,0.77497,0.77515,2.33,1.58
2012.02.09 05:47:44.906,0.77497,0.77515,2.33,1.58
2012.02.09 05:47:53.257,0.77493,0.77511,2.33,1.58
2012.02.09 05:47:53.321,0.77496,0.77514,2.33,1.58
2012.02.09 05:48:00.149,0.77495,0.77511,2.33,1.58
2012.02.09 05:48:04.220,0.77495,0.77511,2.33,1.58
2012.02.09 05:48:23.508,0.77494,0.77508,1.35,1.58
2012.02.09 05:48:23.642,0.77494,0.77512,2.93,1.58
2012.02.09 05:48:24.834,0.77494,0.77512,2.33,1.58
2012.02.09 05:48:50.022,0.77498,0.77516,2.33,2.18
2012.02.09 05:48:50.729,0.77495,0.77513,3.08,1.58
2012.02.09 05:48:51.499,0.77498,0.77516,2.33,2.18
2012.02.09 05:48:54.040,0.77495,0.77512,1.50,1.58
2012.02.09 05:48:54.469,0.77498,0.77514,1.58,1.58
2012.02.09 05:48:59.857,0.77498,0.77514,2.33,1.58
2012.02.09 05:49:15.040,0.775,0.77518,2.33,5.10
2012.02.09 05:49:15.559,0.77496,0.77514,3.08,1.58
2012.02.09 05:49:16.258,0.77499,0.77517,2.33,2.18
2012.02.09 05:49:16.994,0.77499,0.77517,2.33,2.18
2012.02.09 05:49:17.535,0.77499,0.77517,2.33,1.58
2012.02.09 05:49:57.074,0.77499,0.77514,1.35,1.58
2012.02.09 05:49:59.490,0.77501,0.77517,1.58,1.58
2012.02.09 05:49:59.801,0.77503,0.77517,1.50,1.58
2012.02.09 05:49:59.928,0.77503,0.77521,3.08,2.70
2012.02.09 05:50:12.359,0.77504,0.77521,1.50,1.58
2012.02.09 05:50:21.602,0.77503,0.77521,2.33,1.58
2012.02.09 05:50:28.319,0.7751,0.77526,2.33,1.58
2012.02.09 05:50:29.349,0.7751,0.77526,1.58,1.58
2012.02.09 05:50:29.723,0.77507,0.77523,2.93,1.58
2012.02.09 05:50:30.269,0.77507,0.77523,2.93,1.58
2012.02.09 05:50:30.894,0.77507,0.77523,2.93,1.58
2012.02.09 05:50:31.960,0.77507,0.77523,2.93,1.58
2012.02.09 05:50:32.693,0.77507,0.77523,2.33,1.58
2012.02.09 05:50:33.335,0.77507,0.77523,2.33,1.58
2012.02.09 05:50:33.978,0.77509,0.77527,2.33,1.58
2012.02.09 05:50:34.380,0.77507,0.77523,2.93,1.58
2012.02.09 05:50:35.004,0.77507,0.77523,2.93,1.58
2012.02.09 05:50:39.967,0.77507,0.77523,2.93,1.58
2012.02.09 05:50:42.222,0.77508,0.77523,1.50,1.58
2012.02.09 05:50:43.251,0.77507,0.77523,2.33,1.58
2012.02.09 05:50:43.441,0.77507,0.77523,2.33,1.58
2012.02.09 05:50:44.191,0.7751,0.77526,1.58,1.58
2012.02.09 05:50:44.732,0.7751,0.77526,2.33,1.58
2012.02.09 05:50:49.830,0.7751,0.77526,2.33,1.58
2012.02.09 05:50:51.498,0.7751,0.77526,2.33,1.58
2012.02.09 05:51:04.040,0.7751,0.77526,2.33,1.58
2012.02.09 05:51:07.623,0.77509,0.77524,1.35,1.58
2012.02.09 05:51:08.098,0.77505,0.77521,1.35,1.58
2012.02.09 05:51:08.409,0.77507,0.77525,2.33,1.58
2012.02.09 05:51:10.146,0.77507,0.77525,2.33,1.58
2012.02.09 05:51:16.792,0.77507,0.77525,2.33,1.58
2012.02.09 05:51:16.980,0.77505,0.77521,3.68,1.58
2012.02.09 05:51:17.383,0.77505,0.77521,2.33,1.58
2012.02.09 05:51:18.208,0.77507,0.77525,2.33,1.58
2012.02.09 05:51:18.944,0.77507,0.77525,2.33,1.58
2012.02.09 05:51:19.072,0.7751,0.77527,2.33,1.88
2012.02.09 05:51:22.389,0.7751,0.77527,2.33,1.13
2012.02.09 05:51:23.550,0.77507,0.77525,2.33,1.58
2012.02.09 05:51:24.224,0.77507,0.77525,2.33,1.58
2012.02.09 05:51:24.832,0.77507,0.77525,2.33,1.58
2012.02.09 05:51:24.960,0.77504,0.77522,2.33,1.58
2012.02.09 05:51:25.091,0.77504,0.77522,2.33,1.58
2012.02.09 05:51:28.121,0.77504,0.77522,1.58,2.70
2012.02.09 05:51:37.681,0.77508,0.77524,1.58,2.93
2012.02.09 05:51:41.488,0.77504,0.77522,2.33,1.58
2012.02.09 05:51:42.363,0.77504,0.77522,2.33,1.58
2012.02.09 05:51:42.920,0.77504,0.77522,2.33,1.58
2012.02.09 05:51:43.533,0.77507,0.77523,2.33,1.58
2012.02.09 05:51:44.658,0.77507,0.77523,1.58,1.58
2012.02.09 05:51:45.503,0.77507,0.77523,2.33,1.58
2012.02.09 05:51:54.907,0.77507,0.77523,2.33,1.58
2012.02.09 05:51:55.467,0.77507,0.77523,2.33,1.58
2012.02.09 05:52:00.281,0.77507,0.77523,2.33,1.58
2012.02.09 05:52:04.985,0.77507,0.77523,3.08,1.58
2012.02.09 05:52:05.552,0.77507,0.77523,1.58,1.58
2012.02.09 05:52:05.820,0.77504,0.7752,2.33,1.58
2012.02.09 05:52:16.672,0.77504,0.7752,2.33,1.58
2012.02.09 05:52:16.803,0.77506,0.77524,2.33,1.58
2012.02.09 05:52:16.930,0.77506,0.77524,2.33,2.33
2012.02.09 05:52:21.721,0.77503,0.77521,2.33,1.58
2012.02.09 05:52:59.973,0.77508,0.77523,1.58,1.58
2012.02.09 05:53:00.646,0.77506,0.77524,2.33,1.58
2012.02.09 05:53:00.996,0.7751,0.77526,1.58,1.58
2012.02.09 05:53:02.600,0.7751,0.77526,2.33,1.58
2012.02.09 05:53:03.172,0.7751,0.77526,2.33,1.58
2012.02.09 05:53:12.535,0.77506,0.77524,2.33,1.58
2012.02.09 05:53:13.001,0.77506,0.77524,2.33,1.58
2012.02.09 05:53:19.760,0.77506,0.77524,2.33,3.08
2012.02.09 05:53:20.888,0.77504,0.7752,2.33,1.58
2012.02.09 05:53:22.130,0.77506,0.77524,2.33,2.33
2012.02.09 05:53:22.204,0.7751,0.77526,1.58,2.33
2012.02.09 05:53:22.672,0.7751,0.77526,1.58,2.33
2012.02.09 05:53:22.744,0.77506,0.77524,2.33,1.58
2012.02.09 05:53:31.081,0.77506,0.77524,2.33,1.58
2012.02.09 05:53:33.744,0.77506,0.77524,2.33,1.58
2012.02.09 05:53:45.282,0.77506,0.77524,2.33,1.58
2012.02.09 05:53:45.489,0.77509,0.77527,2.33,2.93
2012.02.09 05:53:58.621,0.77509,0.77527,2.33,3.08
2012.02.09 05:54:13.261,0.77509,0.77527,2.33,1.58
2012.02.09 05:54:13.769,0.77513,0.77529,1.58,2.33
2012.02.09 05:54:21.559,0.77509,0.77527,3.08,1.58
2012.02.09 05:54:22.123,0.77509,0.77527,3.08,1.58
2012.02.09 05:54:23.630,0.77512,0.7753,1.58,2.93
2012.02.09 05:54:24.570,0.7751,0.77526,2.33,1.58
2012.02.09 05:55:00.411,0.7751,0.77526,2.33,1.58
2012.02.09 05:55:07.831,0.7751,0.77526,1.58,1.58
2012.02.09 05:55:24.578,0.77506,0.7753,1.50,1.50
2012.02.09 05:55:45.005,0.77507,0.77526,2.25,1.13
2012.02.09 05:55:45.084,0.77506,0.77524,2.33,1.58
2012.02.09 05:55:47.715,0.77506,0.77524,2.33,1.58
2012.02.09 05:55:47.789,0.77504,0.77521,1.50,1.58
2012.02.09 05:55:48.960,0.77502,0.77518,1.50,1.58
2012.02.09 05:55:55.146,0.77503,0.77521,3.08,1.58
2012.02.09 05:56:23.642,0.77503,0.77521,2.33,1.58
2012.02.09 05:56:27.553,0.77507,0.77523,1.58,1.58
2012.02.09 05:56:28.019,0.77507,0.77523,2.33,1.58
2012.02.09 05:56:28.558,0.77507,0.77523,2.33,1.58
2012.02.09 05:56:31.342,0.77507,0.77523,2.33,1.58
2012.02.09 05:56:38.376,0.77508,0.77526,1.58,2.33
2012.02.09 05:56:38.696,0.77506,0.77524,1.58,1.58
2012.02.09 05:56:39.012,0.77506,0.77524,1.58,2.33
2012.02.09 05:56:39.344,0.77506,0.77524,2.33,2.33
2012.02.09 05:56:39.413,0.77506,0.77522,2.33,1.13
2012.02.09 05:56:40.237,0.77501,0.77519,2.33,1.58
2012.02.09 05:56:41.449,0.77501,0.77519,2.33,1.58
2012.02.09 05:56:41.761,0.77501,0.77519,2.33,1.58
2012.02.09 05:56:42.023,0.77508,0.77524,1.58,1.58
2012.02.09 05:56:42.588,0.77509,0.77525,1.58,2.33
2012.02.09 05:56:51.028,0.77509,0.77525,1.58,2.33
2012.02.09 05:56:56.772,0.77505,0.77523,2.33,2.33
2012.02.09 05:56:57.320,0.77505,0.77523,2.33,1.58
2012.02.09 05:56:57.710,0.77505,0.77523,1.58,2.33
2012.02.09 05:56:58.233,0.77505,0.77523,1.58,2.33
2012.02.09 05:57:12.241,0.77501,0.77517,2.33,1.58
2012.02.09 05:57:14.369,0.77501,0.77517,2.33,1.58
2012.02.09 05:57:14.439,0.77503,0.77521,1.58,2.33
2012.02.09 05:57:14.983,0.77501,0.77517,2.33,1.58
2012.02.09 05:57:15.293,0.77498,0.77513,2.33,1.58
2012.02.09 05:57:16.425,0.77491,0.77507,2.33,1.58
2012.02.09 05:57:16.569,0.77491,0.77507,1.58,1.58
2012.02.09 05:57:17.050,0.77494,0.7751,1.58,2.33
2012.02.09 05:57:20.333,0.77496,0.7751,1.50,1.58
2012.02.09 05:57:20.409,0.775,0.77518,2.33,1.58
2012.02.09 05:57:29.323,0.77504,0.7752,1.58,1.58
2012.02.09 05:57:29.947,0.77501,0.77517,2.33,1.58
2012.02.09 05:57:31.040,0.77501,0.77517,2.33,1.58
2012.02.09 05:57:35.208,0.77501,0.77517,2.33,1.58
2012.02.09 05:57:35.849,0.77505,0.77523,1.58,4.20
2012.02.09 05:57:36.507,0.77509,0.77525,1.58,2.33
2012.02.09 05:57:36.581,0.77509,0.77525,1.58,1.58
2012.02.09 05:58:36.564,0.77503,0.7753,1.50,5.25
2012.02.09 05:58:50.740,0.77503,0.77527,1.50,1.35
2012.02.09 05:58:50.910,0.77506,0.77522,2.33,1.58
2012.02.09 05:58:55.350,0.77506,0.77522,2.33,1.58
2012.02.09 05:59:12.711,0.77506,0.77522,3.08,1.58
2012.02.09 05:59:13.022,0.7751,0.77525,1.58,1.35
2012.02.09 05:59:13.341,0.7751,0.77526,1.58,3.08
2012.02.09 05:59:13.530,0.77505,0.77521,2.33,1.58
2012.02.09 05:59:19.018,0.77508,0.77525,2.33,1.58
2012.02.09 05:59:19.331,0.77505,0.77521,3.08,1.58
2012.02.09 05:59:19.840,0.77505,0.77521,2.33,1.58
2012.02.09 05:59:27.390,0.77505,0.77521,2.33,1.58
2012.02.09 05:59:27.709,0.77505,0.77521,2.33,1.58
2012.02.09 05:59:27.988,0.77502,0.7752,3.08,2.33
2012.02.09 05:59:28.066,0.77502,0.7752,1.58,3.08
2012.02.09 05:59:28.346,0.77502,0.77519,1.58,1.50
2012.02.09 05:59:29.039,0.77499,0.77517,2.33,2.33
2012.02.09 05:59:29.781,0.77499,0.77517,1.58,2.33
2012.02.09 05:59:29.857,0.77495,0.77513,2.33,1.58
2012.02.09 05:59:29.982,0.77493,0.77511,2.33,1.58
2012.02.09 05:59:30.484,0.77493,0.77511,2.33,1.58
2012.02.09 05:59:58.791,0.77494,0.77511,1.50,1.58
2012.02.09 05:59:59.348,0.77494,0.77511,1.50,1.58
