2017.06.23 12:00:00.334,0.84051,0.84061,1.87,1.00
2017.06.23 12:00:00.803,0.84051,0.84059,1.12,1.00
2017.06.23 12:00:01.420,0.84051,0.8406,1.12,1.00
2017.06.23 12:00:05.118,0.84049,0.84058,2.62,1.00
2017.06.23 12:00:05.324,0.84047,0.84057,2.25,1.00
2017.06.23 12:00:06.406,0.84051,0.84059,1.00,2.25
2017.06.23 12:00:06.660,0.84052,0.8406,1.87,1.00
2017.06.23 12:00:07.182,0.84052,0.8406,2.25,1.00
2017.06.23 12:00:07.932,0.84054,0.84061,1.00,1.50
2017.06.23 12:00:08.238,0.84054,0.84063,1.50,1.00
2017.06.23 12:00:08.746,0.84054,0.84064,2.62,1.50
2017.06.23 12:00:09.833,0.84054,0.84064,2.70,1.50
2017.06.23 12:00:10.869,0.84055,0.84065,1.37,1.87
2017.06.23 12:00:11.381,0.84057,0.84064,1.00,1.00
2017.06.23 12:00:11.525,0.84055,0.84062,1.37,1.00
2017.06.23 12:00:12.055,0.84055,0.84063,1.00,1.50
2017.06.23 12:00:12.364,0.84055,0.84061,1.00,1.00
2017.06.23 12:00:12.759,0.84055,0.84064,1.00,1.12
2017.06.23 12:00:12.861,0.84057,0.84064,1.00,1.12
2017.06.23 12:00:13.255,0.84056,0.84062,1.12,1.00
2017.06.23 12:00:13.911,0.84055,0.84063,1.12,1.00
2017.06.23 12:00:14.878,0.84057,0.84063,1.00,1.00
2017.06.23 12:00:15.031,0.84057,0.84065,1.00,1.12
2017.06.23 12:00:15.561,0.84057,0.84065,1.37,1.00
2017.06.23 12:00:16.369,0.84057,0.84064,1.37,1.00
2017.06.23 12:00:16.897,0.84057,0.84064,1.00,1.00
2017.06.23 12:00:17.459,0.84057,0.84065,1.50,1.00
2017.06.23 12:00:17.960,0.84057,0.84065,2.25,1.00
2017.06.23 12:00:18.080,0.84057,0.84067,2.25,1.87
2017.06.23 12:00:18.822,0.84057,0.84066,2.25,1.00
2017.06.23 12:00:19.832,0.84058,0.84067,1.12,1.50
2017.06.23 12:00:22.257,0.84058,0.84066,1.12,1.00
2017.06.23 12:00:23.126,0.84058,0.84065,1.12,1.00
2017.06.23 12:00:25.216,0.84058,0.84067,1.50,1.50
2017.06.23 12:00:27.805,0.84058,0.84066,1.00,1.00
2017.06.23 12:00:28.344,0.84057,0.84065,1.87,1.00
2017.06.23 12:00:29.174,0.84057,0.84065,1.87,1.00
2017.06.23 12:00:30.137,0.84057,0.84064,1.12,1.00
2017.06.23 12:00:30.640,0.84056,0.84064,1.00,1.00
2017.06.23 12:00:31.172,0.84056,0.84063,1.00,1.00
2017.06.23 12:00:31.624,0.84055,0.84059,1.00,1.00
2017.06.23 12:00:31.777,0.84051,0.84059,1.12,1.00
2017.06.23 12:00:32.141,0.8405,0.84055,1.50,1.00
2017.06.23 12:00:32.395,0.84048,0.84055,1.50,1.00
2017.06.23 12:00:34.693,0.84049,0.84057,1.00,1.50
2017.06.23 12:00:35.091,0.8405,0.84058,1.00,1.00
2017.06.23 12:00:35.619,0.8405,0.84057,1.00,1.50
2017.06.23 12:00:37.436,0.84049,0.84057,1.00,1.00
2017.06.23 12:00:38.913,0.8405,0.84058,1.00,1.12
2017.06.23 12:00:39.424,0.84049,0.84058,1.00,1.12
2017.06.23 12:00:39.932,0.8405,0.84059,1.00,2.25
2017.06.23 12:00:40.290,0.8405,0.84058,1.00,1.50
2017.06.23 12:00:40.696,0.8405,0.84059,1.00,2.25
2017.06.23 12:00:41.275,0.84049,0.84058,1.00,1.00
2017.06.23 12:00:41.428,0.84051,0.84058,1.00,1.87
2017.06.23 12:00:41.930,0.84051,0.8406,1.00,2.25
2017.06.23 12:00:43.104,0.84052,0.8406,1.00,1.50
2017.06.23 12:00:43.711,0.84051,0.8406,2.25,1.50
2017.06.23 12:00:44.371,0.84052,0.8406,1.00,1.00
2017.06.23 12:00:44.603,0.84055,0.8406,1.00,1.00
2017.06.23 12:00:44.743,0.84055,0.84062,1.00,1.12
2017.06.23 12:00:44.948,0.84056,0.84065,1.00,3.00
2017.06.23 12:00:45.457,0.84057,0.84065,1.50,2.25
2017.06.23 12:00:45.977,0.84057,0.84065,1.00,2.25
2017.06.23 12:00:46.805,0.84057,0.84064,1.00,1.50
2017.06.23 12:00:48.956,0.84057,0.84063,1.00,1.00
2017.06.23 12:00:49.470,0.84056,0.84063,1.00,1.00
2017.06.23 12:00:50.014,0.84056,0.84063,1.37,1.00
2017.06.23 12:00:50.531,0.84056,0.84063,1.00,1.00
2017.06.23 12:00:55.388,0.84057,0.84064,1.00,1.00
2017.06.23 12:00:55.924,0.84056,0.84064,1.00,1.00
2017.06.23 12:00:56.455,0.84056,0.84063,1.00,1.00
2017.06.23 12:00:56.963,0.84056,0.84062,1.00,1.00
2017.06.23 12:00:59.032,0.84057,0.84064,1.00,1.00
2017.06.23 12:00:59.085,0.84057,0.84062,1.00,1.00
2017.06.23 12:00:59.136,0.84057,0.84064,1.00,1.00
2017.06.23 12:00:59.651,0.84058,0.84063,1.00,1.00
2017.06.23 12:01:00.090,0.84056,0.84062,1.00,1.00
2017.06.23 12:01:00.623,0.84056,0.84061,1.00,1.00
2017.06.23 12:01:00.776,0.84056,0.84063,1.00,1.00
2017.06.23 12:01:01.735,0.84056,0.84062,1.00,1.00
2017.06.23 12:01:02.218,0.84056,0.84064,1.00,1.50
2017.06.23 12:01:02.630,0.84059,0.84065,1.00,1.37
2017.06.23 12:01:02.684,0.84057,0.84065,1.00,1.37
2017.06.23 12:01:04.420,0.84059,0.84066,1.00,1.00
2017.06.23 12:01:04.928,0.84059,0.84067,1.12,1.12
2017.06.23 12:01:05.235,0.84062,0.84071,1.00,2.25
2017.06.23 12:01:05.735,0.84061,0.84069,1.00,1.50
2017.06.23 12:01:05.888,0.84059,0.84068,1.00,1.37
2017.06.23 12:01:06.245,0.8406,0.84069,1.00,1.87
2017.06.23 12:01:06.766,0.8406,0.84068,1.00,1.00
2017.06.23 12:01:07.275,0.8406,0.84068,1.00,1.50
2017.06.23 12:01:07.881,0.84059,0.84068,1.12,1.87
2017.06.23 12:01:08.635,0.84058,0.84067,1.50,1.00
2017.06.23 12:01:09.172,0.84058,0.84067,1.12,1.00
2017.06.23 12:01:09.675,0.84058,0.84067,1.57,1.00
2017.06.23 12:01:10.132,0.84057,0.84066,1.50,1.00
2017.06.23 12:01:10.235,0.8406,0.84067,1.00,1.00
2017.06.23 12:01:10.807,0.84058,0.84067,1.37,1.87
2017.06.23 12:01:13.339,0.84061,0.84068,1.00,1.37
2017.06.23 12:01:13.544,0.84061,0.84069,1.00,1.00
2017.06.23 12:01:14.149,0.84061,0.8407,1.00,3.00
2017.06.23 12:01:14.307,0.84059,0.8407,2.18,3.00
2017.06.23 12:01:15.064,0.84061,0.84069,1.00,1.00
2017.06.23 12:01:16.447,0.84061,0.84068,1.00,1.00
2017.06.23 12:01:18.041,0.8406,0.84068,1.00,1.00
2017.06.23 12:01:18.305,0.84061,0.8407,1.00,1.50
2017.06.23 12:01:18.892,0.84061,0.84071,1.50,1.12
2017.06.23 12:01:18.944,0.84061,0.8407,2.25,1.00
2017.06.23 12:01:19.046,0.84061,0.8407,1.12,1.00
2017.06.23 12:01:19.148,0.84061,0.8407,1.50,1.00
2017.06.23 12:01:19.251,0.84061,0.8407,1.12,1.00
2017.06.23 12:01:20.272,0.8406,0.84069,1.50,1.00
2017.06.23 12:01:21.678,0.8406,0.84067,1.50,1.00
2017.06.23 12:01:22.247,0.8406,0.84068,1.12,1.00
2017.06.23 12:01:22.808,0.84061,0.84069,1.00,1.00
2017.06.23 12:01:24.468,0.84061,0.8407,1.12,1.50
2017.06.23 12:01:24.927,0.84062,0.84068,1.00,1.00
2017.06.23 12:01:25.324,0.84062,0.84071,1.12,1.87
2017.06.23 12:01:25.832,0.84063,0.8407,1.50,1.00
2017.06.23 12:01:26.882,0.84062,0.8407,1.12,1.00
2017.06.23 12:01:27.665,0.84062,0.84069,1.12,1.50
2017.06.23 12:01:27.818,0.8406,0.84067,1.37,1.00
2017.06.23 12:01:28.073,0.84058,0.84066,1.00,1.00
2017.06.23 12:01:28.225,0.84057,0.84064,1.87,1.00
2017.06.23 12:01:30.132,0.84057,0.84065,1.00,1.00
2017.06.23 12:01:30.884,0.84056,0.84065,2.25,1.00
2017.06.23 12:01:31.518,0.84056,0.84064,2.25,1.00
2017.06.23 12:01:32.693,0.84057,0.84064,1.00,1.00
2017.06.23 12:01:33.050,0.84058,0.84066,1.12,1.12
2017.06.23 12:01:33.599,0.84059,0.84067,1.00,1.00
2017.06.23 12:01:34.245,0.84059,0.84067,1.87,1.00
2017.06.23 12:01:34.672,0.84062,0.84067,1.00,1.00
2017.06.23 12:01:34.876,0.8406,0.84067,1.50,1.00
2017.06.23 12:01:36.037,0.84059,0.84067,1.50,1.00
2017.06.23 12:01:36.897,0.84059,0.84066,1.12,1.00
2017.06.23 12:01:37.841,0.84058,0.84064,2.25,1.00
2017.06.23 12:01:38.147,0.84057,0.84064,1.50,1.00
2017.06.23 12:01:40.808,0.84056,0.84064,2.25,1.00
2017.06.23 12:01:41.386,0.84057,0.84064,1.00,1.00
2017.06.23 12:01:41.888,0.84057,0.84065,1.00,1.12
2017.06.23 12:01:42.791,0.84057,0.84064,1.00,1.00
2017.06.23 12:01:43.267,0.84057,0.84062,1.00,1.00
2017.06.23 12:01:44.414,0.84056,0.84063,1.00,1.00
2017.06.23 12:01:44.668,0.84054,0.84062,1.12,1.12
2017.06.23 12:01:45.178,0.84054,0.84062,1.00,1.50
2017.06.23 12:01:45.878,0.84053,0.84062,1.00,1.50
2017.06.23 12:01:45.980,0.84055,0.84062,1.00,1.00
2017.06.23 12:01:46.296,0.84057,0.84065,1.00,3.37
2017.06.23 12:01:47.418,0.84057,0.84065,1.00,1.50
2017.06.23 12:01:47.932,0.84057,0.84064,1.00,1.12
2017.06.23 12:01:48.137,0.84055,0.84063,1.50,1.00
2017.06.23 12:01:48.709,0.84055,0.84061,1.12,1.00
2017.06.23 12:01:48.761,0.84055,0.84063,1.12,1.00
2017.06.23 12:01:49.347,0.84056,0.84063,1.00,1.12
2017.06.23 12:01:49.552,0.84057,0.84065,1.00,1.12
2017.06.23 12:01:49.604,0.84059,0.84065,1.00,1.12
2017.06.23 12:01:50.154,0.84059,0.84064,1.00,1.00
2017.06.23 12:01:50.206,0.84057,0.84064,1.00,1.00
2017.06.23 12:01:50.638,0.84059,0.84064,1.00,1.00
2017.06.23 12:01:51.358,0.84058,0.84064,1.00,1.00
2017.06.23 12:01:51.897,0.84058,0.84065,1.00,1.50
2017.06.23 12:01:52.214,0.84058,0.84063,1.00,1.00
2017.06.23 12:01:52.582,0.84058,0.84065,1.00,1.00
2017.06.23 12:01:52.836,0.84059,0.84067,1.00,1.00
2017.06.23 12:01:53.813,0.84059,0.84066,1.00,1.50
2017.06.23 12:01:55.004,0.84061,0.84066,1.00,1.00
2017.06.23 12:01:55.328,0.84059,0.84066,1.00,1.00
2017.06.23 12:01:55.999,0.8406,0.84066,1.00,1.00
2017.06.23 12:01:56.787,0.8406,0.84067,1.00,1.12
2017.06.23 12:01:57.308,0.8406,0.84066,1.00,1.00
2017.06.23 12:01:57.828,0.84059,0.84066,1.10,1.00
2017.06.23 12:01:58.386,0.8406,0.84067,1.00,1.87
2017.06.23 12:01:59.594,0.84058,0.84067,1.12,1.00
2017.06.23 12:01:59.739,0.84058,0.84065,1.50,1.00
2017.06.23 12:02:00.288,0.84059,0.84065,1.00,1.00
2017.06.23 12:02:00.830,0.84059,0.84067,1.50,1.00
2017.06.23 12:02:01.199,0.84059,0.84067,2.32,1.00
2017.06.23 12:02:01.712,0.8406,0.84067,1.00,1.00
2017.06.23 12:02:02.679,0.84059,0.84067,1.87,1.00
2017.06.23 12:02:02.987,0.8406,0.84069,1.00,1.87
2017.06.23 12:02:05.447,0.84062,0.8407,1.00,2.25
2017.06.23 12:02:05.652,0.84065,0.84074,1.00,3.00
2017.06.23 12:02:06.162,0.84064,0.84073,1.12,1.00
2017.06.23 12:02:06.734,0.84064,0.84072,1.12,1.00
2017.06.23 12:02:07.272,0.84063,0.84072,1.50,1.37
2017.06.23 12:02:07.911,0.84063,0.84072,1.12,1.12
2017.06.23 12:02:08.369,0.84065,0.84073,1.00,2.25
2017.06.23 12:02:08.573,0.84066,0.84074,1.00,1.50
2017.06.23 12:02:08.933,0.84065,0.84072,1.00,1.00
2017.06.23 12:02:09.239,0.84067,0.84074,1.00,1.37
2017.06.23 12:02:10.350,0.84067,0.84074,1.50,1.00
2017.06.23 12:02:13.304,0.84067,0.84075,1.00,1.00
2017.06.23 12:02:13.829,0.84068,0.84075,1.00,1.00
2017.06.23 12:02:15.149,0.84067,0.84074,1.50,1.00
2017.06.23 12:02:15.889,0.84067,0.84076,1.50,2.25
2017.06.23 12:02:16.541,0.84068,0.84077,1.12,1.12
2017.06.23 12:02:18.243,0.84067,0.84076,1.87,1.00
2017.06.23 12:02:18.504,0.84066,0.84076,1.12,1.87
2017.06.23 12:02:20.742,0.84068,0.84076,1.00,1.87
2017.06.23 12:02:22.798,0.84069,0.84078,1.00,1.87
2017.06.23 12:02:23.002,0.84068,0.84079,3.00,2.25
2017.06.23 12:02:23.551,0.84068,0.84079,2.62,2.25
2017.06.23 12:02:24.667,0.84067,0.84077,3.00,1.00
2017.06.23 12:02:25.952,0.84067,0.84076,2.32,1.00
2017.06.23 12:02:26.488,0.84067,0.84076,2.32,1.00
2017.06.23 12:02:27.501,0.84067,0.84076,2.32,1.00
2017.06.23 12:02:28.044,0.84067,0.84077,3.07,1.50
2017.06.23 12:02:28.846,0.84067,0.84075,1.50,1.00
2017.06.23 12:02:29.203,0.84066,0.84075,1.87,1.00
2017.06.23 12:02:30.024,0.84066,0.84072,1.00,1.00
2017.06.23 12:02:30.430,0.84066,0.84075,1.00,1.00
2017.06.23 12:02:32.158,0.84067,0.84075,1.00,1.00
2017.06.23 12:02:32.786,0.84066,0.84074,1.12,1.00
2017.06.23 12:02:33.290,0.84067,0.84074,1.00,1.00
2017.06.23 12:02:34.158,0.84067,0.84073,1.00,1.00
2017.06.23 12:02:34.363,0.84067,0.84075,1.00,1.00
2017.06.23 12:02:34.872,0.84068,0.84075,1.00,1.00
2017.06.23 12:02:38.482,0.84068,0.84076,1.12,1.00
2017.06.23 12:02:38.884,0.8407,0.84077,1.00,1.00
2017.06.23 12:02:39.407,0.84069,0.84077,1.12,1.00
2017.06.23 12:02:39.942,0.8407,0.84077,1.00,1.00
2017.06.23 12:02:40.802,0.84069,0.84076,1.12,1.00
2017.06.23 12:02:41.320,0.84068,0.84076,1.00,1.00
2017.06.23 12:02:42.574,0.84066,0.84073,1.50,1.00
2017.06.23 12:02:42.728,0.84065,0.84072,1.12,1.00
2017.06.23 12:02:48.978,0.84064,0.84071,1.50,1.00
2017.06.23 12:02:49.540,0.84064,0.84071,1.00,1.00
2017.06.23 12:02:50.438,0.84064,0.84073,2.25,1.00
2017.06.23 12:02:50.944,0.84064,0.84074,1.50,1.50
2017.06.23 12:02:56.418,0.84065,0.84072,1.00,1.00
2017.06.23 12:02:57.269,0.84064,0.84071,1.50,1.00
2017.06.23 12:02:57.800,0.84065,0.84072,1.12,1.00
2017.06.23 12:02:58.372,0.84064,0.84072,1.87,1.00
2017.06.23 12:02:59.826,0.84064,0.84071,1.87,1.00
2017.06.23 12:03:01.741,0.84064,0.8407,1.00,1.00
2017.06.23 12:03:01.894,0.84061,0.84069,2.25,1.00
2017.06.23 12:03:01.945,0.84061,0.84067,1.50,1.00
2017.06.23 12:03:02.525,0.8406,0.84067,1.12,1.00
2017.06.23 12:03:03.068,0.84059,0.84066,1.12,1.00
2017.06.23 12:03:04.312,0.84059,0.84067,1.57,1.00
2017.06.23 12:03:06.489,0.84059,0.84066,1.12,1.00
2017.06.23 12:03:07.001,0.84059,0.84064,1.00,1.00
2017.06.23 12:03:07.154,0.84059,0.84066,1.00,1.00
2017.06.23 12:03:07.692,0.8406,0.84066,1.00,1.00
2017.06.23 12:03:08.627,0.84059,0.84066,1.50,1.00
2017.06.23 12:03:09.872,0.8406,0.84066,1.00,1.00
2017.06.23 12:03:10.421,0.84059,0.84067,1.00,1.00
2017.06.23 12:03:10.959,0.84059,0.84066,1.00,1.00
2017.06.23 12:03:11.466,0.84058,0.84065,1.00,1.00
2017.06.23 12:03:12.601,0.84058,0.84066,1.00,1.00
2017.06.23 12:03:14.904,0.84057,0.84065,1.00,1.00
2017.06.23 12:03:16.041,0.84055,0.84062,2.25,1.00
2017.06.23 12:03:16.296,0.84054,0.84062,1.12,1.00
2017.06.23 12:03:16.999,0.84054,0.84063,1.50,1.50
2017.06.23 12:03:19.082,0.84055,0.84064,1.00,2.25
2017.06.23 12:03:19.184,0.84055,0.84062,1.00,1.00
2017.06.23 12:03:19.570,0.84053,0.84063,1.57,1.50
2017.06.23 12:03:19.621,0.84053,0.84063,1.57,1.87
2017.06.23 12:03:19.926,0.84053,0.84062,1.12,1.00
2017.06.23 12:03:21.988,0.84052,0.84061,1.50,1.00
2017.06.23 12:03:23.299,0.84052,0.84061,1.12,1.00
2017.06.23 12:03:23.916,0.84052,0.84062,1.87,1.87
2017.06.23 12:03:24.069,0.84052,0.8406,2.25,1.00
2017.06.23 12:03:24.561,0.84053,0.84062,1.12,1.50
2017.06.23 12:03:24.815,0.84055,0.84063,1.00,1.00
2017.06.23 12:03:26.853,0.84054,0.84064,1.12,1.00
2017.06.23 12:03:27.157,0.84056,0.84064,1.00,1.50
2017.06.23 12:03:28.183,0.84056,0.84065,1.12,1.00
2017.06.23 12:03:28.816,0.84056,0.84065,1.00,1.37
2017.06.23 12:03:29.752,0.84055,0.84063,1.12,1.00
2017.06.23 12:03:30.260,0.84054,0.84062,1.00,1.00
2017.06.23 12:03:30.823,0.84052,0.84059,1.00,1.00
2017.06.23 12:03:30.976,0.8405,0.84059,1.00,1.87
2017.06.23 12:03:32.141,0.8405,0.84059,1.00,1.87
2017.06.23 12:03:32.646,0.84049,0.84057,1.00,1.00
2017.06.23 12:03:33.410,0.8405,0.84057,1.00,1.12
2017.06.23 12:03:35.193,0.84049,0.84057,1.00,1.12
2017.06.23 12:03:39.165,0.84047,0.84056,2.62,1.00
2017.06.23 12:03:39.704,0.84047,0.84054,1.12,1.00
2017.06.23 12:03:40.285,0.84047,0.84054,1.37,1.00
2017.06.23 12:03:40.960,0.84046,0.84055,1.50,1.00
2017.06.23 12:03:42.211,0.84045,0.84054,3.37,1.00
2017.06.23 12:03:42.715,0.84045,0.84054,1.75,1.00
2017.06.23 12:03:43.217,0.84046,0.84055,1.50,1.87
2017.06.23 12:03:45.264,0.84048,0.84056,1.00,1.50
2017.06.23 12:03:45.454,0.84048,0.84057,1.00,2.25
2017.06.23 12:03:46.058,0.84047,0.84056,1.00,1.12
2017.06.23 12:03:47.281,0.84047,0.84055,1.00,1.00
2017.06.23 12:03:50.871,0.84046,0.84055,1.12,1.00
2017.06.23 12:03:51.772,0.84048,0.84055,1.00,1.00
2017.06.23 12:03:52.380,0.84046,0.84055,1.37,1.00
2017.06.23 12:03:52.970,0.84046,0.84056,1.87,2.25
2017.06.23 12:03:53.871,0.84046,0.84055,1.37,1.50
2017.06.23 12:03:54.251,0.84044,0.84053,1.50,1.00
2017.06.23 12:03:54.557,0.84041,0.84049,1.50,1.00
2017.06.23 12:03:54.863,0.84041,0.84049,1.00,1.50
2017.06.23 12:03:55.015,0.84041,0.8405,1.00,1.50
2017.06.23 12:03:55.282,0.84041,0.84051,1.00,2.25
2017.06.23 12:03:55.812,0.84042,0.84051,1.50,1.50
2017.06.23 12:03:56.932,0.84041,0.8405,1.12,1.00
2017.06.23 12:03:56.983,0.8404,0.84048,2.25,1.00
2017.06.23 12:03:57.187,0.84038,0.84047,2.25,1.50
2017.06.23 12:03:57.697,0.84038,0.84047,1.87,1.00
2017.06.23 12:03:58.175,0.8404,0.84048,1.00,1.12
2017.06.23 12:03:58.682,0.8404,0.84049,1.50,1.00
2017.06.23 12:03:59.227,0.8404,0.8405,1.50,1.00
2017.06.23 12:04:00.064,0.84039,0.84049,2.25,1.00
2017.06.23 12:04:00.383,0.84043,0.8405,1.00,1.00
2017.06.23 12:04:00.899,0.84043,0.84052,1.00,2.25
2017.06.23 12:04:01.392,0.84045,0.84052,1.50,1.12
2017.06.23 12:04:01.955,0.84045,0.84053,1.12,1.00
2017.06.23 12:04:02.715,0.84046,0.84053,1.00,1.00
2017.06.23 12:04:03.021,0.8405,0.84058,1.00,1.12
2017.06.23 12:04:03.877,0.8405,0.84057,1.12,1.00
2017.06.23 12:04:04.245,0.84048,0.84056,1.12,1.00
2017.06.23 12:04:04.772,0.84048,0.84056,1.50,1.00
2017.06.23 12:04:05.141,0.84052,0.84058,1.00,1.00
2017.06.23 12:04:05.715,0.84052,0.84059,1.00,1.50
2017.06.23 12:04:06.247,0.8405,0.84059,1.50,1.50
2017.06.23 12:04:06.901,0.8405,0.84059,1.50,1.00
2017.06.23 12:04:07.500,0.84051,0.8406,1.12,2.25
2017.06.23 12:04:09.458,0.84049,0.84058,1.75,1.00
2017.06.23 12:04:09.992,0.8405,0.84058,1.12,1.00
2017.06.23 12:04:10.295,0.84052,0.84058,1.00,1.00
2017.06.23 12:04:10.731,0.84049,0.84055,1.75,1.00
2017.06.23 12:04:10.834,0.84048,0.84055,1.87,1.00
2017.06.23 12:04:11.325,0.84046,0.84054,1.12,1.00
2017.06.23 12:04:11.531,0.84045,0.84052,1.00,1.00
2017.06.23 12:04:12.040,0.84045,0.84053,1.50,2.25
2017.06.23 12:04:12.946,0.84044,0.84053,1.50,1.00
2017.06.23 12:04:13.509,0.84045,0.84054,1.50,2.25
2017.06.23 12:04:14.011,0.84045,0.84053,1.00,1.00
2017.06.23 12:04:15.213,0.84046,0.84053,1.00,1.50
2017.06.23 12:04:17.141,0.84046,0.84052,1.00,1.00
2017.06.23 12:04:17.345,0.84044,0.84052,1.12,1.00
2017.06.23 12:04:17.889,0.84043,0.84051,1.37,1.00
2017.06.23 12:04:18.168,0.84042,0.84049,1.87,1.00
2017.06.23 12:04:19.206,0.84042,0.8405,1.37,1.00
2017.06.23 12:04:19.756,0.84044,0.84052,1.12,2.25
2017.06.23 12:04:20.365,0.84046,0.84053,1.00,2.25
2017.06.23 12:04:20.417,0.84045,0.84053,1.00,1.50
2017.06.23 12:04:20.468,0.84047,0.84054,1.00,1.87
2017.06.23 12:04:21.259,0.84046,0.84054,1.50,1.00
2017.06.23 12:04:22.272,0.84047,0.84054,1.00,1.50
2017.06.23 12:04:24.777,0.84047,0.84053,1.00,1.00
2017.06.23 12:04:25.808,0.84046,0.84053,1.00,1.00
2017.06.23 12:04:26.316,0.84045,0.84053,1.00,1.00
2017.06.23 12:04:28.257,0.84046,0.84053,1.00,1.00
2017.06.23 12:04:29.444,0.84046,0.84054,1.00,1.00
2017.06.23 12:04:31.016,0.84046,0.84053,1.00,1.00
2017.06.23 12:04:31.633,0.84047,0.84054,1.00,1.00
2017.06.23 12:04:32.617,0.84047,0.84053,1.00,1.00
2017.06.23 12:04:33.106,0.84044,0.84053,1.12,1.00
2017.06.23 12:04:34.133,0.84044,0.84052,1.12,1.00
2017.06.23 12:04:36.174,0.84044,0.84053,1.87,1.00
2017.06.23 12:04:36.540,0.84044,0.84051,1.87,1.00
2017.06.23 12:04:36.844,0.84046,0.84052,1.00,1.00
2017.06.23 12:04:37.391,0.84046,0.84053,1.00,1.00
2017.06.23 12:04:38.060,0.84046,0.84052,1.00,1.00
2017.06.23 12:04:38.610,0.84046,0.84053,1.00,1.00
2017.06.23 12:04:40.916,0.84045,0.84051,1.50,1.00
2017.06.23 12:04:41.599,0.84046,0.84052,1.12,1.00
2017.06.23 12:04:42.097,0.84046,0.84054,1.12,1.12
2017.06.23 12:04:43.337,0.84046,0.84053,1.12,1.00
2017.06.23 12:04:43.925,0.84046,0.84054,1.12,1.12
2017.06.23 12:04:45.007,0.84048,0.84055,1.00,1.50
2017.06.23 12:04:45.355,0.8405,0.84056,1.00,1.00
2017.06.23 12:04:46.064,0.8405,0.84058,1.12,1.50
2017.06.23 12:04:46.826,0.84051,0.84058,1.00,1.00
2017.06.23 12:04:46.878,0.84052,0.8406,1.00,1.12
2017.06.23 12:04:47.944,0.84053,0.8406,1.00,1.12
2017.06.23 12:04:48.245,0.8405,0.84059,1.50,1.00
2017.06.23 12:04:48.782,0.8405,0.84059,2.25,1.00
2017.06.23 12:04:49.398,0.84051,0.8406,1.00,1.00
2017.06.23 12:04:49.975,0.8405,0.84059,1.50,1.00
2017.06.23 12:04:50.495,0.84049,0.84058,1.50,1.50
2017.06.23 12:04:51.476,0.84051,0.84058,1.00,1.00
2017.06.23 12:04:52.885,0.84051,0.8406,1.12,1.00
2017.06.23 12:04:53.434,0.84052,0.8406,1.50,1.00
2017.06.23 12:04:53.836,0.84055,0.84062,1.00,1.87
2017.06.23 12:04:54.039,0.84056,0.84064,1.12,1.00
2017.06.23 12:04:54.564,0.84057,0.84064,1.12,1.00
2017.06.23 12:04:55.067,0.84057,0.84066,1.87,2.25
2017.06.23 12:04:55.592,0.84057,0.84065,1.50,1.00
2017.06.23 12:04:56.308,0.84057,0.84066,2.62,1.12
2017.06.23 12:04:56.910,0.84058,0.84065,1.00,1.00
2017.06.23 12:04:57.442,0.84056,0.84065,2.25,1.00
2017.06.23 12:04:57.943,0.84056,0.84066,2.25,1.50
2017.06.23 12:04:58.610,0.84055,0.84064,1.87,1.00
2017.06.23 12:04:59.137,0.84057,0.84065,1.12,1.12
2017.06.23 12:04:59.646,0.84057,0.84064,1.00,1.00
2017.06.23 12:05:00.400,0.84055,0.84064,1.12,1.00
2017.06.23 12:05:01.945,0.84056,0.84064,1.00,1.00
2017.06.23 12:05:05.087,0.84055,0.84064,1.12,1.00
2017.06.23 12:05:05.627,0.84056,0.84065,1.00,1.12
2017.06.23 12:05:06.201,0.84055,0.84065,1.50,1.12
2017.06.23 12:05:06.950,0.84056,0.84066,1.00,3.75
2017.06.23 12:05:08.390,0.84055,0.84062,1.37,1.00
2017.06.23 12:05:08.673,0.84053,0.84062,1.00,1.00
2017.06.23 12:05:09.351,0.84052,0.84062,1.50,1.12
2017.06.23 12:05:09.868,0.84051,0.84061,2.62,1.00
2017.06.23 12:05:10.373,0.84052,0.84062,1.12,2.25
2017.06.23 12:05:15.838,0.84052,0.84061,1.87,1.00
2017.06.23 12:05:16.092,0.84054,0.84061,1.00,1.87
2017.06.23 12:05:16.245,0.84054,0.84063,1.00,1.00
2017.06.23 12:05:17.126,0.84053,0.84062,3.00,1.00
2017.06.23 12:05:17.279,0.84054,0.84064,1.87,1.00
2017.06.23 12:05:17.433,0.84055,0.84064,1.50,1.00
2017.06.23 12:05:17.865,0.84055,0.84064,3.37,1.00
2017.06.23 12:05:18.471,0.84055,0.84063,4.12,1.00
2017.06.23 12:05:19.876,0.84056,0.84063,1.12,1.00
2017.06.23 12:05:20.914,0.84055,0.84064,3.00,1.00
2017.06.23 12:05:21.810,0.84057,0.84064,1.00,1.00
2017.06.23 12:05:22.337,0.84054,0.84063,2.25,1.00
2017.06.23 12:05:22.894,0.84053,0.84062,5.62,1.00
2017.06.23 12:05:24.066,0.84053,0.84062,3.00,1.50
2017.06.23 12:05:24.931,0.84053,0.84061,1.50,1.00
2017.06.23 12:05:26.188,0.84053,0.8406,1.37,1.00
2017.06.23 12:05:26.508,0.84052,0.8406,1.00,1.00
2017.06.23 12:05:28.095,0.84052,0.84059,1.00,1.00
2017.06.23 12:05:30.395,0.8405,0.84059,2.25,1.00
2017.06.23 12:05:30.961,0.8405,0.84059,1.87,1.00
2017.06.23 12:05:34.456,0.84051,0.8406,1.12,1.12
2017.06.23 12:05:34.869,0.84053,0.84061,1.00,1.12
2017.06.23 12:05:35.277,0.84052,0.84059,1.00,1.00
2017.06.23 12:05:35.415,0.8405,0.84059,1.00,1.00
2017.06.23 12:05:35.925,0.84049,0.84058,1.50,1.00
2017.06.23 12:05:35.976,0.84051,0.84058,1.00,1.00
2017.06.23 12:05:36.483,0.84051,0.84059,1.12,1.50
2017.06.23 12:05:39.945,0.84051,0.84058,1.12,1.00
2017.06.23 12:05:56.997,0.8405,0.84058,1.12,1.00
2017.06.23 12:05:58.216,0.84049,0.84057,1.50,1.00
2017.06.23 12:05:58.471,0.84046,0.84055,1.50,1.00
2017.06.23 12:05:59.650,0.84046,0.84054,1.50,1.00
2017.06.23 12:06:00.626,0.84047,0.84055,1.00,1.00
2017.06.23 12:06:01.151,0.84048,0.84056,1.00,1.12
2017.06.23 12:06:01.673,0.84052,0.84058,1.00,1.50
2017.06.23 12:06:02.131,0.84052,0.8406,1.00,1.00
2017.06.23 12:06:03.547,0.84053,0.84061,1.00,1.12
2017.06.23 12:06:04.006,0.84055,0.84062,1.00,1.00
2017.06.23 12:06:04.995,0.84055,0.84063,1.00,1.50
2017.06.23 12:06:06.849,0.84055,0.84062,1.00,1.00
2017.06.23 12:06:07.827,0.84055,0.84063,1.00,1.50
2017.06.23 12:06:12.805,0.84054,0.84063,1.87,1.87
2017.06.23 12:06:15.267,0.84053,0.84061,1.00,1.00
2017.06.23 12:06:15.572,0.84048,0.84058,1.37,1.12
2017.06.23 12:06:15.623,0.84048,0.84058,1.00,1.50
2017.06.23 12:06:16.402,0.84048,0.84057,1.00,1.00
2017.06.23 12:06:22.916,0.84048,0.84056,1.50,1.00
2017.06.23 12:06:23.221,0.84049,0.84056,1.50,1.00
2017.06.23 12:06:23.872,0.84048,0.84057,2.25,1.00
2017.06.23 12:06:24.171,0.84048,0.84057,2.25,1.50
2017.06.23 12:06:24.689,0.84049,0.84057,1.50,1.00
2017.06.23 12:06:25.724,0.84051,0.84057,1.00,1.00
2017.06.23 12:06:31.336,0.84049,0.84057,1.50,1.00
2017.06.23 12:06:32.881,0.84049,0.84058,1.00,1.12
2017.06.23 12:06:35.555,0.8405,0.84059,1.50,1.50
2017.06.23 12:06:36.089,0.8405,0.84059,1.87,1.12
2017.06.23 12:06:36.596,0.8405,0.84058,1.12,1.00
2017.06.23 12:06:37.479,0.84051,0.84058,1.00,1.00
2017.06.23 12:06:39.968,0.84051,0.84059,1.00,1.12
2017.06.23 12:06:40.544,0.8405,0.84059,1.00,3.00
2017.06.23 12:06:41.085,0.84049,0.84058,1.12,1.12
2017.06.23 12:06:41.722,0.84051,0.84058,1.50,1.12
2017.06.23 12:06:42.060,0.84051,0.8406,1.50,1.20
2017.06.23 12:06:43.243,0.84052,0.8406,1.00,1.87
2017.06.23 12:06:43.809,0.84052,0.84061,1.00,2.25
2017.06.23 12:06:44.350,0.84052,0.8406,1.00,1.00
2017.06.23 12:06:44.873,0.84053,0.84061,1.00,1.00
2017.06.23 12:06:48.043,0.84053,0.84062,1.00,1.12
2017.06.23 12:06:48.591,0.84053,0.84061,1.00,1.00
2017.06.23 12:06:50.900,0.84058,0.84063,1.50,1.12
2017.06.23 12:06:51.053,0.84063,0.84069,1.12,1.00
2017.06.23 12:06:51.105,0.84061,0.8407,2.62,1.87
2017.06.23 12:06:51.652,0.84062,0.8407,1.87,1.00
2017.06.23 12:06:52.113,0.84064,0.84071,1.00,1.00
2017.06.23 12:06:52.621,0.84062,0.84071,3.00,1.00
2017.06.23 12:06:53.142,0.84064,0.84071,1.00,1.00
2017.06.23 12:06:54.617,0.84063,0.84071,1.00,1.00
2017.06.23 12:06:55.848,0.84064,0.84071,1.00,1.00
2017.06.23 12:06:56.154,0.84067,0.84075,1.12,1.00
2017.06.23 12:06:57.116,0.84067,0.84074,1.12,1.00
2017.06.23 12:07:00.132,0.84068,0.84075,1.00,1.00
2017.06.23 12:07:01.660,0.84067,0.84075,2.25,1.00
2017.06.23 12:07:02.794,0.84068,0.84075,1.00,1.00
2017.06.23 12:07:06.083,0.84068,0.84076,1.10,1.00
2017.06.23 12:07:06.490,0.84071,0.84078,1.87,1.12
2017.06.23 12:07:06.695,0.84071,0.8408,2.62,1.00
2017.06.23 12:07:07.161,0.84073,0.8408,1.00,1.00
2017.06.23 12:07:07.558,0.84071,0.8408,1.50,1.50
2017.06.23 12:07:09.380,0.84072,0.8408,1.00,1.50
2017.06.23 12:07:09.914,0.84072,0.84079,1.50,1.00
2017.06.23 12:07:11.197,0.84071,0.8408,1.12,1.87
2017.06.23 12:07:11.429,0.8407,0.84075,1.00,1.00
2017.06.23 12:07:11.581,0.84068,0.84075,1.12,1.00
2017.06.23 12:07:12.087,0.84067,0.84074,2.25,1.00
2017.06.23 12:07:13.345,0.84067,0.84074,1.00,1.00
2017.06.23 12:07:13.853,0.84067,0.84074,1.87,1.00
2017.06.23 12:07:14.606,0.84067,0.84074,1.87,1.00
2017.06.23 12:07:14.973,0.84067,0.84076,1.87,1.87
2017.06.23 12:07:15.506,0.84067,0.84075,1.50,1.50
2017.06.23 12:07:15.558,0.84067,0.84073,1.00,1.87
2017.06.23 12:07:16.066,0.84067,0.84075,1.00,1.50
2017.06.23 12:07:16.582,0.84067,0.84075,1.00,1.87
2017.06.23 12:07:17.090,0.84067,0.84075,1.00,1.50
2017.06.23 12:07:17.414,0.84067,0.84076,1.00,1.12
2017.06.23 12:07:18.061,0.84068,0.84076,1.00,1.12
2017.06.23 12:07:18.570,0.84069,0.84076,1.00,1.00
2017.06.23 12:07:19.201,0.8407,0.84078,1.00,1.50
2017.06.23 12:07:19.765,0.8407,0.84078,1.00,1.50
2017.06.23 12:07:20.320,0.8407,0.84078,1.00,1.50
2017.06.23 12:07:20.994,0.8407,0.84079,1.00,2.25
2017.06.23 12:07:22.625,0.84071,0.8408,1.87,2.62
2017.06.23 12:07:22.676,0.84072,0.84078,1.75,1.00
2017.06.23 12:07:22.778,0.84073,0.8408,1.00,1.00
2017.06.23 12:07:22.880,0.84073,0.84083,1.50,2.25
2017.06.23 12:07:23.287,0.84075,0.84084,1.00,1.50
2017.06.23 12:07:23.823,0.84075,0.84084,1.87,1.00
2017.06.23 12:07:24.570,0.84076,0.84084,1.00,1.00
2017.06.23 12:07:24.889,0.84078,0.84087,1.50,1.87
2017.06.23 12:07:25.138,0.84078,0.84087,2.62,1.12
2017.06.23 12:07:25.344,0.84077,0.84085,1.87,1.00
2017.06.23 12:07:25.852,0.84077,0.84085,1.12,1.12
2017.06.23 12:07:26.369,0.84078,0.84087,1.00,2.25
2017.06.23 12:07:26.676,0.84077,0.84083,1.37,1.00
2017.06.23 12:07:26.829,0.84076,0.84083,1.50,1.00
2017.06.23 12:07:27.573,0.84074,0.84083,1.87,1.50
2017.06.23 12:07:28.132,0.84073,0.84082,2.18,1.00
2017.06.23 12:07:28.641,0.84074,0.84083,2.62,1.87
2017.06.23 12:07:29.255,0.84074,0.84082,1.43,1.00
2017.06.23 12:07:29.765,0.84075,0.84083,1.00,1.00
2017.06.23 12:07:30.276,0.84074,0.84083,1.00,1.12
2017.06.23 12:07:30.958,0.84074,0.84082,1.50,1.00
2017.06.23 12:07:31.486,0.84074,0.84081,1.00,1.00
2017.06.23 12:07:32.916,0.84073,0.84081,1.50,1.50
2017.06.23 12:07:33.465,0.84073,0.84081,1.00,2.25
2017.06.23 12:07:33.981,0.84072,0.8408,1.50,1.12
2017.06.23 12:07:34.830,0.84076,0.84082,1.00,1.12
2017.06.23 12:07:34.932,0.84076,0.84084,1.50,1.37
2017.06.23 12:07:35.136,0.84076,0.84085,1.50,1.50
2017.06.23 12:07:35.892,0.84077,0.84085,1.00,1.50
2017.06.23 12:07:36.594,0.84076,0.84085,1.87,1.50
2017.06.23 12:07:37.045,0.84078,0.84085,1.00,1.00
2017.06.23 12:07:39.837,0.84078,0.84086,1.00,3.00
2017.06.23 12:07:39.888,0.84076,0.84086,1.50,3.00
2017.06.23 12:07:40.422,0.84077,0.84087,1.00,3.00
2017.06.23 12:07:45.817,0.84078,0.84087,1.00,2.25
2017.06.23 12:07:46.373,0.84079,0.84086,1.00,1.12
2017.06.23 12:07:50.122,0.84077,0.84087,2.25,1.57
2017.06.23 12:07:50.659,0.84077,0.84085,1.00,1.00
2017.06.23 12:07:51.205,0.84076,0.84085,2.55,1.50
2017.06.23 12:07:54.157,0.84075,0.84084,1.50,1.12
2017.06.23 12:07:54.699,0.84076,0.84084,2.25,1.12
2017.06.23 12:07:57.608,0.84075,0.84082,1.00,1.00
2017.06.23 12:07:57.813,0.84074,0.84084,1.50,2.25
2017.06.23 12:07:57.910,0.84074,0.84084,1.50,2.25
2017.06.23 12:07:58.420,0.84076,0.84082,1.00,1.00
2017.06.23 12:07:58.573,0.84076,0.84084,1.00,1.12
2017.06.23 12:07:58.726,0.84078,0.84087,1.00,2.25
2017.06.23 12:07:59.237,0.84078,0.84087,1.00,1.50
2017.06.23 12:07:59.752,0.84077,0.84086,1.00,1.12
2017.06.23 12:08:00.600,0.8408,0.84087,1.00,1.50
2017.06.23 12:08:00.753,0.8408,0.8409,1.00,3.37
2017.06.23 12:08:01.572,0.8408,0.8409,1.00,3.00
2017.06.23 12:08:02.648,0.84078,0.84086,2.62,1.50
2017.06.23 12:08:02.852,0.84075,0.84084,1.12,1.37
2017.06.23 12:08:03.259,0.84075,0.84081,1.00,1.00
2017.06.23 12:08:04.160,0.84074,0.84081,1.12,1.50
2017.06.23 12:08:05.213,0.84073,0.8408,1.00,1.00
2017.06.23 12:08:05.736,0.84073,0.84081,1.00,1.00
2017.06.23 12:08:06.092,0.84072,0.84079,1.12,1.50
2017.06.23 12:08:06.258,0.84069,0.84077,1.12,1.00
2017.06.23 12:08:06.767,0.84068,0.84077,1.00,2.62
2017.06.23 12:08:06.869,0.84068,0.84077,1.00,4.87
2017.06.23 12:08:07.397,0.84066,0.84075,2.62,1.12
2017.06.23 12:08:08.962,0.84065,0.84074,2.25,1.50
2017.06.23 12:08:09.064,0.84064,0.84072,1.00,1.00
2017.06.23 12:08:09.702,0.84063,0.84072,1.12,1.50
2017.06.23 12:08:10.007,0.84062,0.8407,1.12,1.00
2017.06.23 12:08:10.553,0.84061,0.8407,1.00,1.50
2017.06.23 12:08:11.063,0.84062,0.84072,1.00,3.00
2017.06.23 12:08:11.585,0.84061,0.84071,3.00,1.00
2017.06.23 12:08:12.307,0.84062,0.84071,1.10,1.87
2017.06.23 12:08:12.897,0.84063,0.84071,1.00,1.50
2017.06.23 12:08:13.278,0.84061,0.8407,1.00,1.00
2017.06.23 12:08:13.786,0.84062,0.84071,1.00,2.25
2017.06.23 12:08:14.314,0.84062,0.8407,1.12,1.12
2017.06.23 12:08:14.836,0.84061,0.8407,1.12,1.00
2017.06.23 12:08:15.360,0.84061,0.84071,1.00,2.25
2017.06.23 12:08:15.868,0.84061,0.8407,1.00,1.00
2017.06.23 12:08:16.401,0.84062,0.84071,1.00,1.12
2017.06.23 12:08:16.931,0.84061,0.84071,1.87,1.12
2017.06.23 12:08:17.033,0.84063,0.8407,1.00,1.00
2017.06.23 12:08:18.712,0.84061,0.84071,1.12,1.87
2017.06.23 12:08:19.221,0.84061,0.84071,1.87,1.50
2017.06.23 12:08:19.851,0.84062,0.84071,1.00,3.00
2017.06.23 12:08:20.106,0.8406,0.84067,2.62,1.00
2017.06.23 12:08:20.209,0.84059,0.84067,1.12,1.00
2017.06.23 12:08:20.514,0.84057,0.84066,1.00,1.00
2017.06.23 12:08:21.091,0.84058,0.84067,1.00,1.12
2017.06.23 12:08:21.605,0.84059,0.84066,1.00,1.00
2017.06.23 12:08:22.176,0.84058,0.84067,1.00,1.87
2017.06.23 12:08:24.571,0.84059,0.84068,1.00,2.25
2017.06.23 12:08:25.190,0.84059,0.84068,1.50,1.87
2017.06.23 12:08:26.709,0.84059,0.84066,1.50,1.00
2017.06.23 12:08:28.219,0.8406,0.84067,1.00,1.12
2017.06.23 12:08:28.526,0.84062,0.84069,1.00,1.00
2017.06.23 12:08:29.394,0.84062,0.8407,1.50,1.00
2017.06.23 12:08:29.701,0.84061,0.84068,1.50,1.00
2017.06.23 12:08:30.730,0.84059,0.84068,1.50,1.00
2017.06.23 12:08:31.261,0.8406,0.84068,1.00,1.00
2017.06.23 12:08:31.847,0.8406,0.84069,1.00,1.87
2017.06.23 12:08:32.355,0.84061,0.84068,1.00,1.00
2017.06.23 12:08:33.349,0.84061,0.8407,1.50,2.25
2017.06.23 12:08:33.451,0.84065,0.84071,1.00,2.62
2017.06.23 12:08:33.655,0.84067,0.84074,1.00,1.00
2017.06.23 12:08:34.189,0.84068,0.84075,1.00,1.12
2017.06.23 12:08:34.701,0.84066,0.84073,1.87,1.00
2017.06.23 12:08:35.385,0.84067,0.84073,1.00,1.87
2017.06.23 12:08:35.538,0.84068,0.84075,1.00,1.87
2017.06.23 12:08:36.047,0.84068,0.84076,1.00,1.00
2017.06.23 12:08:36.577,0.84069,0.84075,1.00,1.12
2017.06.23 12:08:36.922,0.84067,0.84075,1.00,1.12
2017.06.23 12:08:37.515,0.84066,0.84075,1.50,1.12
2017.06.23 12:08:38.779,0.84068,0.84075,1.00,1.00
2017.06.23 12:08:39.442,0.84068,0.84076,1.00,1.87
2017.06.23 12:08:40.199,0.84067,0.84076,1.12,1.00
2017.06.23 12:08:41.645,0.84067,0.84075,1.12,1.50
2017.06.23 12:08:42.155,0.84066,0.84075,1.00,1.00
2017.06.23 12:08:42.867,0.84069,0.84075,1.50,1.00
2017.06.23 12:08:43.072,0.84069,0.84077,1.50,1.00
2017.06.23 12:08:43.619,0.84069,0.84078,1.50,1.00
2017.06.23 12:08:44.128,0.8407,0.84078,1.50,1.00
2017.06.23 12:08:44.872,0.84071,0.84078,1.00,1.00
2017.06.23 12:08:46.706,0.84071,0.84079,1.00,1.00
2017.06.23 12:08:47.205,0.84073,0.84079,1.00,1.00
2017.06.23 12:08:47.728,0.84072,0.84079,1.00,1.00
2017.06.23 12:08:48.351,0.8407,0.84077,1.00,1.00
2017.06.23 12:08:48.741,0.84072,0.84078,1.00,1.00
2017.06.23 12:08:49.228,0.8407,0.84078,1.00,1.00
2017.06.23 12:08:50.038,0.84071,0.84078,1.00,1.00
2017.06.23 12:08:50.548,0.84072,0.84078,1.00,1.00
2017.06.23 12:08:51.529,0.84072,0.84077,1.00,1.00
2017.06.23 12:08:51.953,0.84072,0.84079,1.00,1.12
2017.06.23 12:08:52.499,0.84072,0.8408,1.00,1.87
2017.06.23 12:08:52.550,0.84074,0.8408,1.00,1.87
2017.06.23 12:08:54.757,0.84072,0.84076,1.00,1.00
2017.06.23 12:08:54.808,0.8407,0.84075,1.37,1.00
2017.06.23 12:08:54.910,0.84069,0.84075,1.12,1.00
2017.06.23 12:08:58.840,0.84069,0.84076,1.00,1.00
2017.06.23 12:09:00.802,0.84069,0.84075,1.00,1.00
2017.06.23 12:09:01.380,0.84069,0.84074,1.00,1.12
2017.06.23 12:09:04.290,0.84068,0.84073,1.00,1.00
2017.06.23 12:09:04.858,0.84068,0.84074,1.00,1.00
2017.06.23 12:09:09.994,0.84068,0.84075,1.00,1.87
2017.06.23 12:09:10.046,0.84071,0.84075,1.00,1.12
2017.06.23 12:09:10.555,0.8407,0.84076,1.00,1.00
2017.06.23 12:09:11.030,0.84068,0.84075,1.12,1.00
2017.06.23 12:09:11.386,0.84068,0.84073,1.00,1.00
2017.06.23 12:09:11.963,0.84068,0.84074,1.00,1.00
2017.06.23 12:09:12.471,0.84067,0.84074,1.00,1.12
2017.06.23 12:09:12.796,0.84067,0.84072,1.00,1.00
2017.06.23 12:09:16.964,0.84067,0.84073,1.00,1.00
2017.06.23 12:09:17.512,0.84068,0.84074,1.00,1.00
2017.06.23 12:09:19.691,0.84068,0.84075,1.00,1.12
2017.06.23 12:09:21.199,0.84068,0.84075,1.00,1.37
2017.06.23 12:09:21.738,0.84069,0.84075,1.00,1.12
2017.06.23 12:09:24.684,0.84067,0.84074,1.00,1.00
2017.06.23 12:09:24.849,0.84065,0.84073,1.00,1.50
2017.06.23 12:09:24.901,0.84067,0.84073,1.00,1.87
2017.06.23 12:09:25.207,0.84069,0.84074,1.00,1.37
2017.06.23 12:09:25.411,0.84069,0.84075,1.00,1.00
2017.06.23 12:09:26.877,0.84069,0.84076,1.00,2.62
2017.06.23 12:09:27.415,0.84069,0.84075,1.00,1.00
2017.06.23 12:09:29.539,0.84069,0.84074,1.00,1.00
2017.06.23 12:09:30.218,0.84069,0.84073,1.00,1.00
2017.06.23 12:09:30.320,0.84066,0.84073,1.50,1.00
2017.06.23 12:09:30.848,0.84066,0.84072,1.00,1.00
2017.06.23 12:09:35.902,0.84062,0.84071,1.12,1.00
2017.06.23 12:09:36.131,0.84062,0.84071,1.50,1.00
2017.06.23 12:09:39.577,0.84063,0.8407,1.37,1.00
2017.06.23 12:09:39.935,0.84065,0.84072,1.00,1.12
2017.06.23 12:09:40.180,0.84067,0.84073,1.00,1.37
2017.06.23 12:09:40.231,0.84067,0.84075,1.00,1.00
2017.06.23 12:09:40.333,0.84066,0.84075,4.12,1.00
2017.06.23 12:09:40.881,0.84066,0.84075,2.25,1.00
2017.06.23 12:09:41.738,0.84066,0.84075,1.87,1.00
2017.06.23 12:09:43.916,0.84067,0.84075,1.00,1.00
2017.06.23 12:09:44.938,0.84067,0.84075,1.00,1.37
2017.06.23 12:09:46.776,0.84067,0.84075,1.12,1.00
2017.06.23 12:09:56.926,0.84067,0.84075,1.50,1.50
2017.06.23 12:10:00.515,0.84069,0.84075,1.00,1.00
2017.06.23 12:10:00.668,0.84068,0.84073,1.00,1.00
2017.06.23 12:10:00.721,0.84068,0.84075,1.00,1.00
2017.06.23 12:10:00.773,0.84066,0.84074,1.50,1.00
2017.06.23 12:10:00.978,0.84066,0.84075,2.62,1.00
2017.06.23 12:10:01.080,0.84066,0.84075,2.25,1.00
2017.06.23 12:10:01.337,0.84067,0.84076,1.50,1.00
2017.06.23 12:10:02.858,0.84069,0.84076,1.00,1.00
2017.06.23 12:10:07.531,0.8407,0.84078,1.00,1.50
2017.06.23 12:10:07.754,0.8407,0.84079,2.25,1.50
2017.06.23 12:10:08.263,0.8407,0.8408,2.25,3.00
2017.06.23 12:10:08.841,0.84071,0.8408,1.00,2.25
2017.06.23 12:10:09.510,0.84071,0.84079,1.00,1.12
2017.06.23 12:10:12.159,0.84071,0.8408,1.00,1.00
2017.06.23 12:10:12.698,0.84072,0.8408,1.00,1.00
2017.06.23 12:10:13.199,0.84072,0.84081,1.00,2.62
2017.06.23 12:10:13.839,0.84074,0.84081,1.50,1.00
2017.06.23 12:10:14.365,0.84074,0.84082,1.12,1.00
2017.06.23 12:10:21.682,0.84076,0.84083,1.00,1.12
2017.06.23 12:10:21.938,0.84076,0.84085,1.50,1.00
2017.06.23 12:10:23.763,0.84075,0.84079,1.50,1.00
2017.06.23 12:10:23.815,0.84076,0.84081,1.12,1.50
2017.06.23 12:10:23.866,0.84075,0.84079,1.12,1.00
2017.06.23 12:10:23.917,0.84071,0.84079,1.75,1.00
2017.06.23 12:10:24.020,0.84071,0.84079,1.00,1.00
2017.06.23 12:10:25.538,0.84071,0.84078,1.00,1.00
2017.06.23 12:10:26.075,0.8407,0.84078,1.00,1.50
2017.06.23 12:10:26.592,0.84071,0.84078,1.00,1.12
2017.06.23 12:10:29.525,0.8407,0.84078,1.00,1.00
2017.06.23 12:10:32.749,0.84069,0.84078,1.12,1.00
2017.06.23 12:10:32.953,0.84071,0.84078,1.00,2.25
2017.06.23 12:10:33.938,0.8407,0.8408,1.00,3.00
2017.06.23 12:10:35.472,0.8407,0.8408,1.00,3.00
2017.06.23 12:10:35.981,0.8407,0.8408,1.00,2.62
2017.06.23 12:10:36.531,0.84071,0.8408,1.00,2.62
2017.06.23 12:10:37.032,0.84072,0.8408,1.00,1.87
2017.06.23 12:10:38.626,0.84072,0.84081,1.00,1.50
2017.06.23 12:10:38.986,0.8407,0.84079,2.25,1.00
2017.06.23 12:10:40.093,0.84071,0.84079,1.00,1.00
2017.06.23 12:10:41.358,0.84072,0.8408,1.00,2.25
2017.06.23 12:10:41.868,0.84073,0.84081,1.00,3.00
2017.06.23 12:10:42.300,0.84074,0.84083,1.00,2.62
2017.06.23 12:10:42.808,0.84075,0.84083,1.00,1.12
2017.06.23 12:10:44.141,0.84074,0.84083,1.50,1.12
2017.06.23 12:10:44.732,0.84075,0.84084,1.00,2.62
2017.06.23 12:10:45.243,0.84074,0.84083,1.50,1.12
2017.06.23 12:10:45.765,0.84075,0.84082,1.00,1.00
2017.06.23 12:10:46.281,0.84074,0.84083,1.00,1.75
2017.06.23 12:10:46.978,0.84073,0.84083,1.00,1.75
2017.06.23 12:10:47.714,0.84072,0.84081,1.50,1.00
2017.06.23 12:10:48.234,0.84072,0.8408,2.25,1.00
2017.06.23 12:10:49.005,0.84072,0.84081,1.50,1.12
2017.06.23 12:10:51.188,0.84072,0.8408,1.50,1.00
2017.06.23 12:10:52.058,0.84072,0.84082,1.00,1.12
2017.06.23 12:10:52.684,0.84074,0.84082,1.00,1.12
2017.06.23 12:10:52.975,0.84072,0.84082,1.50,1.87
2017.06.23 12:10:53.561,0.84072,0.84081,1.00,1.00
2017.06.23 12:10:54.807,0.84074,0.84082,1.00,1.87
2017.06.23 12:10:55.177,0.84073,0.84084,3.00,1.50
2017.06.23 12:10:55.228,0.84073,0.84082,3.00,1.00
2017.06.23 12:10:55.936,0.84074,0.84082,1.00,1.00
2017.06.23 12:10:56.248,0.84078,0.84087,1.00,1.87
2017.06.23 12:10:56.350,0.84078,0.84087,1.00,1.87
2017.06.23 12:10:56.812,0.8408,0.84088,1.00,1.37
2017.06.23 12:10:56.863,0.8408,0.84088,1.00,1.00
2017.06.23 12:10:58.829,0.84081,0.84088,1.00,1.00
2017.06.23 12:10:59.442,0.8408,0.84086,1.00,1.00
2017.06.23 12:10:59.645,0.84078,0.84086,1.00,1.00
2017.06.23 12:11:00.151,0.84077,0.84085,1.12,1.00
2017.06.23 12:11:00.768,0.84075,0.84082,2.25,1.00
2017.06.23 12:11:00.971,0.84073,0.8408,1.00,1.00
2017.06.23 12:11:01.023,0.84073,0.84078,1.00,1.00
2017.06.23 12:11:01.328,0.84073,0.8408,1.00,1.00
2017.06.23 12:11:01.888,0.84072,0.84079,1.00,1.00
2017.06.23 12:11:05.124,0.84073,0.84079,1.00,1.00
2017.06.23 12:11:05.362,0.84071,0.84076,1.00,1.00
2017.06.23 12:11:05.566,0.84067,0.84074,1.12,1.00
2017.06.23 12:11:06.024,0.84067,0.84072,1.00,1.00
2017.06.23 12:11:06.462,0.84065,0.84072,1.00,1.00
2017.06.23 12:11:06.564,0.84065,0.84074,2.32,1.00
2017.06.23 12:11:07.111,0.84066,0.84074,1.47,1.00
2017.06.23 12:11:07.627,0.84066,0.84074,1.10,1.00
2017.06.23 12:11:07.981,0.84065,0.84071,2.32,1.00
2017.06.23 12:11:08.526,0.84064,0.84071,1.00,1.12
2017.06.23 12:11:09.522,0.84064,0.84072,1.00,1.00
2017.06.23 12:11:10.175,0.84066,0.84072,1.00,1.00
2017.06.23 12:11:10.687,0.84067,0.84073,1.00,1.00
2017.06.23 12:11:11.204,0.84067,0.84074,1.12,1.00
2017.06.23 12:11:11.932,0.84067,0.84075,1.12,1.12
2017.06.23 12:11:12.482,0.84068,0.84075,1.00,1.00
2017.06.23 12:11:13.014,0.84069,0.84075,1.00,1.00
2017.06.23 12:11:14.119,0.84068,0.84075,1.50,1.00
2017.06.23 12:11:14.626,0.84067,0.84075,1.12,1.00
2017.06.23 12:11:15.521,0.84067,0.84074,1.12,1.00
2017.06.23 12:11:16.320,0.84066,0.84074,1.12,1.00
2017.06.23 12:11:16.835,0.84066,0.84073,1.12,1.00
2017.06.23 12:11:19.624,0.84067,0.84073,1.00,1.00
2017.06.23 12:11:23.004,0.84066,0.84072,1.12,1.00
2017.06.23 12:11:23.310,0.8406,0.84066,1.12,1.00
2017.06.23 12:11:23.831,0.84059,0.84066,1.00,1.00
2017.06.23 12:11:25.634,0.8406,0.84066,1.00,1.00
2017.06.23 12:11:26.682,0.84059,0.84066,1.00,1.00
2017.06.23 12:11:27.192,0.8406,0.84066,1.00,1.00
2017.06.23 12:11:27.754,0.84059,0.84066,1.12,1.00
2017.06.23 12:11:28.272,0.8406,0.84066,1.00,1.00
2017.06.23 12:11:29.003,0.84059,0.84066,1.12,1.00
2017.06.23 12:11:29.319,0.84058,0.84064,1.00,1.00
2017.06.23 12:11:29.985,0.84057,0.84064,1.00,1.00
2017.06.23 12:11:30.498,0.8406,0.84064,1.00,1.00
2017.06.23 12:11:30.874,0.84059,0.84066,2.25,1.00
2017.06.23 12:11:31.725,0.84059,0.84068,2.25,1.00
2017.06.23 12:11:32.088,0.84061,0.84068,1.00,1.00
2017.06.23 12:11:35.154,0.84061,0.84069,1.00,1.87
2017.06.23 12:11:35.720,0.84061,0.84068,1.00,1.00
2017.06.23 12:11:36.261,0.84061,0.84069,1.00,1.12
2017.06.23 12:11:37.129,0.8406,0.84069,1.00,1.12
2017.06.23 12:11:37.638,0.84061,0.84069,1.37,1.00
2017.06.23 12:11:38.100,0.84061,0.84071,2.62,1.12
2017.06.23 12:11:38.629,0.84061,0.8407,1.12,1.00
2017.06.23 12:11:39.149,0.8406,0.8407,2.62,1.12
2017.06.23 12:11:40.647,0.84062,0.84069,1.00,1.00
2017.06.23 12:11:42.119,0.84061,0.84069,1.00,1.12
2017.06.23 12:11:42.667,0.84062,0.84069,1.00,1.87
2017.06.23 12:11:43.548,0.84062,0.84071,1.00,3.00
2017.06.23 12:11:46.544,0.84063,0.84072,1.00,3.75
2017.06.23 12:11:47.070,0.84063,0.84072,1.00,1.87
2017.06.23 12:11:48.977,0.84062,0.84072,1.87,5.25
2017.06.23 12:11:49.676,0.84062,0.84072,1.87,2.25
2017.06.23 12:11:50.218,0.84063,0.84072,1.87,2.25
2017.06.23 12:11:52.201,0.84064,0.84071,1.00,1.00
2017.06.23 12:11:52.759,0.84063,0.84072,1.87,2.25
2017.06.23 12:11:54.150,0.84064,0.84073,1.00,2.25
2017.06.23 12:11:55.375,0.84065,0.84073,1.00,1.50
2017.06.23 12:11:56.186,0.84067,0.84073,1.00,1.00
2017.06.23 12:11:56.390,0.84067,0.84075,1.00,1.12
2017.06.23 12:11:56.925,0.84067,0.84074,1.50,1.00
2017.06.23 12:11:59.665,0.84067,0.84075,1.00,1.20
2017.06.23 12:12:04.867,0.84069,0.84075,1.00,1.00
2017.06.23 12:12:05.936,0.8407,0.84077,1.00,1.87
2017.06.23 12:12:06.038,0.84068,0.84075,1.00,1.00
2017.06.23 12:12:06.190,0.84068,0.84077,1.87,1.00
2017.06.23 12:12:06.712,0.84068,0.84077,1.87,1.37
2017.06.23 12:12:08.255,0.84069,0.84078,1.00,1.95
2017.06.23 12:12:10.183,0.8407,0.84079,1.00,4.12
2017.06.23 12:12:10.469,0.8407,0.84079,1.12,1.00
2017.06.23 12:12:11.175,0.8407,0.84077,1.87,1.00
2017.06.23 12:12:12.974,0.84071,0.84077,1.00,1.00
2017.06.23 12:12:13.077,0.84071,0.84079,1.00,1.00
2017.06.23 12:12:14.086,0.84076,0.84081,1.00,1.37
2017.06.23 12:12:14.343,0.84075,0.84082,1.00,1.00
2017.06.23 12:12:15.143,0.84074,0.84082,1.00,1.00
2017.06.23 12:12:16.569,0.84073,0.84077,2.25,1.12
2017.06.23 12:12:16.672,0.8407,0.84078,1.12,1.50
2017.06.23 12:12:16.723,0.84069,0.84076,1.87,1.00
2017.06.23 12:12:16.857,0.84068,0.84075,1.50,1.00
2017.06.23 12:12:16.961,0.8407,0.84077,1.00,1.37
2017.06.23 12:12:17.013,0.84071,0.8408,1.00,1.87
2017.06.23 12:12:17.218,0.84072,0.84082,1.00,2.25
2017.06.23 12:12:17.423,0.84074,0.8408,1.00,1.00
2017.06.23 12:12:17.627,0.84075,0.84083,1.00,1.00
2017.06.23 12:12:17.924,0.84074,0.8408,2.25,1.00
2017.06.23 12:12:18.077,0.84074,0.84082,1.87,1.50
2017.06.23 12:12:18.331,0.84076,0.84084,1.00,1.50
2017.06.23 12:12:18.640,0.84078,0.84085,2.62,1.00
2017.06.23 12:12:22.750,0.84078,0.84084,1.00,1.00
2017.06.23 12:12:22.802,0.84078,0.84086,1.00,1.00
2017.06.23 12:12:22.854,0.8408,0.84087,1.00,1.00
2017.06.23 12:12:23.160,0.8408,0.84089,1.87,1.50
2017.06.23 12:12:23.706,0.8408,0.84088,1.50,1.00
2017.06.23 12:12:24.235,0.8408,0.84088,1.00,1.37
2017.06.23 12:12:24.758,0.84081,0.84088,1.00,1.00
2017.06.23 12:12:25.259,0.8408,0.84089,1.50,1.87
2017.06.23 12:12:26.162,0.84081,0.84089,1.00,1.87
2017.06.23 12:12:29.985,0.84083,0.84091,1.00,1.50
2017.06.23 12:12:30.529,0.84083,0.8409,1.00,1.50
2017.06.23 12:12:38.498,0.84082,0.84089,1.50,1.12
2017.06.23 12:12:42.632,0.84083,0.84089,1.00,1.00
2017.06.23 12:12:44.952,0.84083,0.84091,1.50,1.00
2017.06.23 12:12:45.055,0.84085,0.84092,1.00,1.37
2017.06.23 12:12:45.208,0.84086,0.84093,1.00,1.12
2017.06.23 12:12:45.715,0.84087,0.84094,1.50,1.00
2017.06.23 12:12:46.234,0.84089,0.84095,1.00,1.00
2017.06.23 12:12:47.892,0.8409,0.84095,1.00,1.00
2017.06.23 12:12:48.436,0.84092,0.84099,1.00,3.37
2017.06.23 12:12:48.487,0.84092,0.84098,1.50,1.00
2017.06.23 12:12:48.793,0.84092,0.841,1.50,1.50
2017.06.23 12:12:49.222,0.84094,0.841,1.00,1.50
2017.06.23 12:12:49.324,0.84095,0.84103,1.50,1.50
2017.06.23 12:12:49.782,0.84096,0.84104,1.50,1.00
2017.06.23 12:12:50.334,0.84097,0.84104,1.00,1.00
2017.06.23 12:12:50.842,0.84097,0.84105,1.50,1.12
2017.06.23 12:12:52.103,0.84098,0.84106,1.00,1.50
2017.06.23 12:12:52.155,0.84101,0.84108,1.00,4.87
2017.06.23 12:12:52.307,0.84103,0.84109,1.00,1.00
2017.06.23 12:12:53.084,0.84103,0.8411,1.00,1.50
2017.06.23 12:12:53.917,0.84102,0.8411,1.00,1.50
2017.06.23 12:12:54.595,0.84103,0.8411,1.00,1.12
2017.06.23 12:12:55.194,0.84104,0.8411,1.00,1.00
2017.06.23 12:12:55.498,0.84102,0.8411,1.50,1.12
2017.06.23 12:12:58.093,0.84102,0.84111,1.50,2.25
2017.06.23 12:12:59.099,0.84103,0.84112,1.00,3.37
2017.06.23 12:12:59.202,0.84103,0.84111,1.50,1.00
2017.06.23 12:13:00.837,0.84104,0.84114,1.00,2.62
2017.06.23 12:13:01.358,0.84105,0.84114,1.50,2.25
2017.06.23 12:13:01.882,0.84105,0.84114,1.50,4.12
2017.06.23 12:13:02.423,0.84106,0.84113,1.00,1.50
2017.06.23 12:13:07.548,0.84106,0.84113,1.00,1.12
2017.06.23 12:13:16.892,0.84111,0.84116,1.00,3.00
2017.06.23 12:13:17.147,0.84111,0.84119,1.00,1.37
2017.06.23 12:13:18.081,0.84113,0.84121,1.00,3.37
2017.06.23 12:13:18.336,0.84115,0.84121,1.00,1.00
2017.06.23 12:13:18.862,0.84115,0.84122,1.00,1.12
2017.06.23 12:13:19.717,0.84116,0.84122,1.00,1.12
2017.06.23 12:13:22.703,0.84115,0.84121,1.50,1.00
2017.06.23 12:13:22.754,0.84113,0.84121,1.87,1.00
2017.06.23 12:13:23.303,0.84114,0.84122,1.50,1.75
2017.06.23 12:13:23.828,0.84114,0.84122,1.00,1.50
2017.06.23 12:13:24.345,0.84115,0.84122,1.00,1.50
2017.06.23 12:13:24.650,0.84115,0.84123,1.00,1.12
2017.06.23 12:13:25.172,0.84114,0.84123,1.50,1.50
2017.06.23 12:13:25.325,0.84116,0.84123,1.00,1.00
2017.06.23 12:13:25.862,0.84116,0.84125,1.00,1.50
2017.06.23 12:13:26.370,0.84117,0.84126,1.00,1.87
2017.06.23 12:13:27.340,0.84118,0.84127,1.00,1.75
2017.06.23 12:13:27.596,0.84122,0.84132,1.00,4.95
2017.06.23 12:13:28.064,0.84121,0.84131,1.00,4.12
2017.06.23 12:13:28.382,0.84126,0.84133,1.00,4.12
2017.06.23 12:13:28.484,0.84126,0.84132,1.00,1.00
2017.06.23 12:13:29.033,0.84126,0.84135,1.00,2.62
2017.06.23 12:13:29.867,0.84126,0.84135,1.00,1.12
2017.06.23 12:13:30.639,0.84127,0.84136,1.00,2.62
2017.06.23 12:13:31.401,0.84127,0.84133,1.00,1.00
2017.06.23 12:13:31.452,0.84126,0.84136,1.00,2.25
2017.06.23 12:13:31.657,0.84126,0.84134,1.50,1.37
2017.06.23 12:13:32.169,0.84127,0.84135,1.00,1.50
2017.06.23 12:13:32.887,0.84126,0.84135,1.50,1.50
2017.06.23 12:13:33.192,0.84124,0.84131,1.00,1.50
2017.06.23 12:13:36.416,0.84123,0.84131,1.00,1.50
2017.06.23 12:13:36.722,0.84123,0.84131,1.00,1.75
2017.06.23 12:13:39.409,0.84121,0.84128,1.00,1.00
2017.06.23 12:13:39.614,0.84123,0.84128,1.00,1.00
2017.06.23 12:13:39.817,0.84123,0.84131,1.00,1.50
2017.06.23 12:13:40.985,0.84124,0.84133,1.00,5.25
2017.06.23 12:13:41.037,0.84127,0.84131,1.00,1.00
2017.06.23 12:13:41.291,0.84127,0.84135,1.00,1.50
2017.06.23 12:13:41.342,0.84127,0.84135,1.00,1.12
2017.06.23 12:13:41.394,0.84126,0.84133,1.00,1.00
2017.06.23 12:13:42.075,0.84125,0.84135,1.50,1.75
2017.06.23 12:13:42.407,0.84125,0.84135,1.50,1.12
2017.06.23 12:13:44.388,0.84125,0.84135,1.87,1.50
2017.06.23 12:13:47.216,0.84125,0.84135,1.87,1.87
2017.06.23 12:13:47.470,0.84127,0.84135,1.00,1.12
2017.06.23 12:13:48.007,0.84126,0.84135,2.62,1.00
2017.06.23 12:13:49.073,0.84127,0.84134,1.00,1.00
2017.06.23 12:13:49.328,0.84124,0.84132,1.87,1.00
2017.06.23 12:13:50.007,0.84123,0.84132,2.25,1.00
2017.06.23 12:13:53.414,0.84124,0.84132,1.00,1.87
2017.06.23 12:13:53.947,0.84123,0.84132,1.50,1.12
2017.06.23 12:13:53.998,0.84125,0.84135,1.00,4.50
2017.06.23 12:13:54.151,0.84126,0.84135,1.50,1.12
2017.06.23 12:13:54.658,0.84127,0.84136,1.12,1.37
2017.06.23 12:13:55.187,0.84128,0.84136,1.00,1.00
2017.06.23 12:13:55.795,0.84128,0.84137,1.50,1.50
2017.06.23 12:13:56.223,0.8413,0.84137,1.00,1.00
2017.06.23 12:13:56.724,0.8413,0.84138,1.00,1.00
2017.06.23 12:13:59.039,0.84129,0.84137,2.25,1.00
2017.06.23 12:13:59.344,0.84125,0.84132,1.00,1.12
2017.06.23 12:13:59.727,0.84123,0.84132,1.12,1.12
2017.06.23 12:14:00.309,0.84123,0.84131,1.00,1.12
2017.06.23 12:14:01.354,0.84122,0.84131,1.00,1.50
2017.06.23 12:14:01.862,0.84123,0.84131,1.00,1.50
2017.06.23 12:14:02.283,0.84125,0.84131,1.00,1.12
2017.06.23 12:14:03.892,0.84122,0.84128,1.12,1.00
2017.06.23 12:14:03.944,0.84118,0.84125,1.12,1.12
2017.06.23 12:14:04.453,0.84117,0.84125,1.00,1.12
2017.06.23 12:14:04.871,0.8412,0.84127,1.00,1.50
2017.06.23 12:14:04.925,0.8412,0.84128,1.00,1.50
2017.06.23 12:14:05.233,0.8412,0.84129,1.12,1.12
2017.06.23 12:14:05.334,0.8412,0.84127,1.12,1.00
2017.06.23 12:14:05.437,0.84118,0.84127,1.50,1.50
2017.06.23 12:14:05.540,0.8412,0.84126,1.00,1.00
2017.06.23 12:14:05.592,0.84118,0.84127,1.00,1.00
2017.06.23 12:14:06.133,0.84117,0.84127,1.87,1.12
2017.06.23 12:14:06.184,0.84117,0.84125,1.12,1.00
2017.06.23 12:14:06.638,0.84115,0.84125,2.25,1.12
2017.06.23 12:14:07.156,0.84116,0.84124,1.00,1.12
2017.06.23 12:14:09.067,0.84116,0.84125,1.00,1.50
2017.06.23 12:14:09.594,0.84117,0.84125,1.00,1.50
2017.06.23 12:14:09.645,0.84117,0.84125,1.00,1.12
2017.06.23 12:14:10.154,0.84118,0.84126,1.00,2.25
2017.06.23 12:14:10.678,0.84117,0.84126,1.12,1.50
2017.06.23 12:14:11.034,0.84119,0.84126,1.00,1.00
2017.06.23 12:14:11.543,0.84119,0.84127,1.00,1.87
2017.06.23 12:14:14.281,0.84119,0.84127,1.00,1.50
2017.06.23 12:14:15.057,0.84119,0.84127,1.00,1.50
2017.06.23 12:14:19.724,0.84118,0.84127,1.00,1.12
2017.06.23 12:14:20.240,0.84119,0.84128,1.00,1.50
2017.06.23 12:14:20.774,0.84119,0.84128,1.00,1.75
2017.06.23 12:14:21.887,0.84118,0.84126,1.00,1.50
2017.06.23 12:14:22.920,0.84118,0.84125,1.00,1.00
2017.06.23 12:14:23.490,0.84117,0.84126,1.50,1.50
2017.06.23 12:14:23.592,0.84118,0.84128,1.00,1.50
2017.06.23 12:14:24.030,0.8412,0.8413,1.00,3.45
2017.06.23 12:14:24.184,0.8412,0.8413,1.50,1.50
2017.06.23 12:14:24.730,0.8412,0.8413,1.12,1.12
2017.06.23 12:14:25.566,0.8412,0.84129,1.12,1.00
2017.06.23 12:14:26.134,0.84118,0.84127,2.25,1.00
2017.06.23 12:14:27.256,0.84118,0.84126,2.25,1.00
2017.06.23 12:14:30.238,0.84117,0.84124,1.75,1.00
2017.06.23 12:14:30.446,0.84116,0.84123,1.12,1.00
2017.06.23 12:14:30.954,0.84115,0.84123,1.00,1.00
2017.06.23 12:14:31.631,0.84114,0.84123,1.50,1.00
2017.06.23 12:14:32.331,0.84115,0.84123,1.00,1.00
2017.06.23 12:14:32.433,0.84115,0.84121,1.50,1.00
2017.06.23 12:14:32.637,0.84113,0.84121,1.00,1.00
2017.06.23 12:14:33.194,0.84114,0.84122,1.00,1.12
2017.06.23 12:14:33.754,0.84113,0.8412,1.87,1.00
2017.06.23 12:14:34.059,0.8411,0.84117,1.12,1.00
2017.06.23 12:14:35.136,0.84109,0.84117,1.50,1.00
2017.06.23 12:14:35.913,0.8411,0.84119,1.87,1.00
2017.06.23 12:14:36.279,0.84115,0.84122,1.00,1.75
2017.06.23 12:14:36.382,0.84115,0.84122,1.00,1.50
2017.06.23 12:14:38.378,0.84114,0.84122,1.00,1.12
2017.06.23 12:14:41.603,0.84116,0.84124,1.12,1.75
2017.06.23 12:14:42.118,0.84116,0.84123,1.12,1.00
2017.06.23 12:14:42.688,0.84115,0.84124,1.50,1.57
2017.06.23 12:14:43.228,0.84114,0.84123,1.00,1.95
2017.06.23 12:14:43.778,0.84113,0.84122,1.00,1.87
2017.06.23 12:14:44.371,0.84114,0.84123,1.00,1.87
2017.06.23 12:14:44.910,0.84115,0.84123,1.00,1.50
2017.06.23 12:14:45.771,0.84115,0.84124,1.50,2.25
2017.06.23 12:14:46.093,0.84116,0.84123,1.00,1.50
2017.06.23 12:14:46.602,0.84116,0.84123,1.00,1.00
2017.06.23 12:14:47.279,0.84115,0.84123,1.00,1.00
2017.06.23 12:14:47.585,0.84115,0.84121,1.00,1.00
2017.06.23 12:14:48.134,0.84114,0.84121,1.87,1.00
2017.06.23 12:14:48.590,0.84114,0.84123,2.25,1.00
2017.06.23 12:14:48.742,0.84116,0.84123,1.00,1.50
2017.06.23 12:14:49.048,0.84119,0.84126,1.00,1.50
2017.06.23 12:14:49.816,0.84119,0.84127,1.00,1.12
2017.06.23 12:14:50.376,0.84118,0.84125,1.00,1.00
2017.06.23 12:14:50.921,0.84117,0.84125,1.50,1.00
2017.06.23 12:14:52.225,0.84118,0.84127,2.25,1.87
2017.06.23 12:14:52.705,0.84119,0.84125,1.00,1.00
2017.06.23 12:14:52.908,0.84116,0.84124,1.50,1.00
2017.06.23 12:14:54.652,0.84116,0.84125,1.00,1.87
2017.06.23 12:14:58.852,0.84116,0.84124,1.00,1.12
2017.06.23 12:15:00.036,0.84116,0.84125,1.00,2.25
2017.06.23 12:15:00.548,0.84116,0.84124,1.12,1.00
2017.06.23 12:15:01.056,0.84116,0.84125,2.62,1.10
2017.06.23 12:15:01.208,0.84118,0.84127,1.50,1.50
2017.06.23 12:15:01.718,0.84117,0.84123,4.12,1.00
2017.06.23 12:15:01.853,0.84117,0.84124,1.50,1.00
2017.06.23 12:15:02.397,0.84117,0.84125,1.50,1.50
2017.06.23 12:15:03.104,0.84117,0.84126,1.50,1.10
2017.06.23 12:15:03.909,0.8412,0.84128,1.00,1.95
2017.06.23 12:15:04.447,0.8412,0.84128,1.87,1.12
2017.06.23 12:15:04.853,0.84119,0.84126,1.37,1.00
2017.06.23 12:15:05.009,0.84118,0.84126,2.25,1.00
2017.06.23 12:15:05.525,0.84117,0.84126,2.25,1.00
2017.06.23 12:15:06.458,0.84117,0.84126,1.50,1.95
2017.06.23 12:15:06.764,0.84117,0.84123,1.00,1.00
2017.06.23 12:15:07.235,0.84114,0.84121,2.25,1.00
2017.06.23 12:15:07.337,0.84114,0.84123,1.12,1.95
2017.06.23 12:15:07.879,0.84114,0.84123,1.12,2.70
2017.06.23 12:15:08.513,0.84113,0.84122,1.87,1.87
2017.06.23 12:15:09.586,0.84113,0.84122,1.50,2.32
2017.06.23 12:15:10.100,0.84111,0.84121,2.25,1.57
2017.06.23 12:15:10.210,0.84113,0.8412,1.00,1.12
2017.06.23 12:15:11.625,0.84112,0.84122,1.00,1.85
2017.06.23 12:15:12.156,0.84113,0.84121,1.00,1.57
2017.06.23 12:15:12.693,0.84112,0.84121,1.00,2.32
2017.06.23 12:15:13.446,0.84112,0.84121,1.00,1.87
2017.06.23 12:15:13.988,0.84112,0.84121,1.00,2.32
2017.06.23 12:15:14.621,0.84114,0.84123,1.00,4.57
2017.06.23 12:15:14.774,0.84114,0.84122,1.50,1.12
2017.06.23 12:15:15.491,0.84115,0.84124,1.00,2.70
2017.06.23 12:15:16.002,0.84115,0.84124,1.00,2.70
2017.06.23 12:15:16.515,0.84114,0.84124,1.50,2.62
2017.06.23 12:15:17.155,0.84116,0.84125,1.12,4.20
2017.06.23 12:15:17.407,0.84118,0.84125,1.50,1.00
2017.06.23 12:15:17.921,0.84119,0.84126,1.00,1.00
2017.06.23 12:15:18.674,0.84118,0.84127,1.00,1.95
2017.06.23 12:15:19.182,0.84119,0.84127,1.00,1.85
2017.06.23 12:15:19.339,0.84117,0.84125,1.00,2.32
2017.06.23 12:15:19.390,0.84115,0.84124,1.50,1.95
2017.06.23 12:15:19.543,0.84113,0.84122,1.37,1.07
2017.06.23 12:15:20.149,0.84113,0.8412,1.00,1.00
2017.06.23 12:15:20.913,0.84112,0.8412,1.00,1.00
2017.06.23 12:15:21.283,0.84111,0.84119,1.00,1.47
2017.06.23 12:15:21.334,0.84109,0.84118,1.00,1.37
2017.06.23 12:15:21.835,0.8411,0.84119,1.00,1.87
2017.06.23 12:15:22.895,0.84112,0.84118,1.00,1.00
2017.06.23 12:15:23.117,0.84113,0.84121,1.00,1.00
2017.06.23 12:15:23.631,0.84113,0.84122,1.00,1.87
2017.06.23 12:15:23.997,0.84111,0.8412,1.50,1.37
2017.06.23 12:15:25.048,0.84112,0.84121,1.50,1.75
2017.06.23 12:15:25.559,0.84112,0.8412,1.00,1.12
2017.06.23 12:15:26.220,0.84111,0.8412,1.50,1.12
2017.06.23 12:15:26.530,0.84111,0.8412,1.00,3.37
2017.06.23 12:15:27.579,0.84114,0.8412,1.00,2.62
2017.06.23 12:15:27.631,0.84114,0.84119,1.00,1.00
2017.06.23 12:15:27.783,0.84114,0.84123,2.25,1.12
2017.06.23 12:15:29.303,0.84114,0.84122,1.00,1.12
2017.06.23 12:15:29.405,0.84112,0.84122,1.50,1.50
2017.06.23 12:15:29.953,0.84113,0.84122,1.00,2.25
2017.06.23 12:15:30.281,0.84116,0.84123,1.00,1.12
2017.06.23 12:15:30.611,0.84117,0.84126,1.12,2.25
2017.06.23 12:15:31.144,0.84115,0.84124,1.50,1.00
2017.06.23 12:15:31.296,0.84113,0.84124,2.25,1.87
2017.06.23 12:15:32.120,0.84114,0.84124,1.00,2.25
2017.06.23 12:15:32.634,0.84115,0.84124,1.00,1.50
2017.06.23 12:15:34.042,0.84116,0.84125,1.00,1.37
2017.06.23 12:15:34.398,0.84115,0.84122,1.00,1.00
2017.06.23 12:15:34.704,0.84112,0.8412,1.00,1.57
2017.06.23 12:15:35.255,0.84111,0.8412,1.50,1.57
2017.06.23 12:15:35.759,0.84112,0.84119,1.00,1.37
2017.06.23 12:15:36.329,0.84111,0.8412,1.50,1.57
2017.06.23 12:15:36.706,0.84115,0.84121,1.50,2.62
2017.06.23 12:15:36.809,0.84115,0.84123,1.00,2.62
2017.06.23 12:15:36.911,0.84115,0.84125,1.00,2.25
2017.06.23 12:15:37.217,0.84118,0.84127,1.50,3.00
2017.06.23 12:15:37.522,0.84118,0.84126,1.00,1.00
2017.06.23 12:15:38.047,0.84119,0.84128,1.00,1.50
2017.06.23 12:15:38.919,0.84119,0.84128,1.50,1.00
2017.06.23 12:15:40.509,0.8412,0.84129,1.00,1.50
2017.06.23 12:15:43.230,0.84119,0.84126,1.00,1.00
2017.06.23 12:15:43.734,0.84118,0.84125,1.12,1.10
2017.06.23 12:15:46.001,0.84117,0.84127,1.87,1.95
2017.06.23 12:15:46.583,0.8412,0.84128,1.12,2.70
2017.06.23 12:15:46.889,0.84124,0.84131,1.87,2.62
2017.06.23 12:15:46.941,0.84126,0.84134,1.00,2.25
2017.06.23 12:15:47.090,0.84127,0.84134,1.50,1.12
2017.06.23 12:15:47.141,0.8413,0.84137,1.00,1.12
2017.06.23 12:15:47.345,0.84129,0.84137,1.00,1.00
2017.06.23 12:15:47.752,0.84131,0.84137,1.00,1.12
2017.06.23 12:15:48.066,0.84134,0.84138,1.00,1.00
2017.06.23 12:15:48.169,0.84134,0.8414,1.00,1.37
2017.06.23 12:15:48.273,0.84137,0.84143,1.50,1.75
2017.06.23 12:15:48.427,0.84139,0.84147,1.00,3.37
2017.06.23 12:15:48.684,0.84139,0.8415,1.87,2.25
2017.06.23 12:15:48.889,0.84144,0.84151,1.00,4.87
2017.06.23 12:15:49.144,0.84144,0.84153,1.00,1.57
2017.06.23 12:15:49.502,0.84146,0.84154,1.00,1.75
2017.06.23 12:15:49.790,0.84144,0.84154,1.00,2.25
2017.06.23 12:15:51.767,0.84143,0.84152,2.25,1.12
2017.06.23 12:15:52.327,0.84145,0.84152,1.00,1.12
2017.06.23 12:15:53.986,0.84144,0.84151,1.12,1.50
2017.06.23 12:15:55.971,0.84141,0.84149,1.37,1.00
2017.06.23 12:15:56.277,0.8414,0.84147,1.00,1.00
2017.06.23 12:15:58.751,0.84141,0.84148,1.00,1.00
2017.06.23 12:15:58.853,0.84139,0.84148,1.00,1.50
2017.06.23 12:15:59.410,0.8414,0.84149,1.00,1.50
2017.06.23 12:15:59.920,0.84139,0.84148,1.12,1.00
2017.06.23 12:16:02.863,0.84137,0.84145,1.50,1.50
2017.06.23 12:16:03.067,0.84136,0.84144,1.00,1.00
2017.06.23 12:16:03.584,0.84135,0.84144,1.00,1.50
2017.06.23 12:16:04.102,0.84134,0.84144,1.50,1.50
2017.06.23 12:16:04.311,0.84134,0.84144,1.87,1.50
2017.06.23 12:16:04.997,0.84135,0.84142,1.00,1.12
2017.06.23 12:16:05.202,0.84131,0.84141,1.50,2.25
2017.06.23 12:16:05.795,0.84131,0.84141,1.00,1.87
2017.06.23 12:16:05.846,0.84134,0.84142,1.00,1.87
2017.06.23 12:16:06.392,0.84134,0.84142,1.00,1.12
2017.06.23 12:16:07.686,0.84134,0.84143,1.00,1.12
2017.06.23 12:16:11.511,0.84133,0.84142,3.37,1.00
2017.06.23 12:16:12.026,0.84132,0.84142,1.00,2.25
2017.06.23 12:16:12.335,0.84129,0.84138,2.62,1.00
2017.06.23 12:16:12.386,0.84128,0.84137,2.25,1.00
2017.06.23 12:16:12.489,0.84127,0.84136,1.12,1.50
2017.06.23 12:16:13.579,0.84131,0.84138,1.00,2.62
2017.06.23 12:16:13.836,0.84132,0.84141,1.50,1.12
2017.06.23 12:16:14.410,0.84134,0.84142,1.00,1.50
2017.06.23 12:16:14.614,0.84134,0.84143,1.00,1.12
2017.06.23 12:16:15.561,0.84135,0.84143,1.00,1.00
2017.06.23 12:16:17.538,0.84133,0.84137,1.12,1.00
2017.06.23 12:16:17.743,0.84127,0.84137,1.87,1.87
2017.06.23 12:16:18.251,0.84128,0.84137,1.50,1.87
2017.06.23 12:16:19.940,0.84129,0.84138,1.50,1.50
2017.06.23 12:16:20.144,0.8413,0.84138,1.50,1.00
2017.06.23 12:16:20.195,0.84132,0.84138,1.00,1.00
2017.06.23 12:16:20.405,0.84131,0.8414,1.50,1.12
2017.06.23 12:16:22.256,0.84133,0.8414,1.00,1.12
2017.06.23 12:16:22.409,0.84128,0.84137,1.12,1.00
2017.06.23 12:16:23.672,0.8413,0.84138,1.00,1.50
2017.06.23 12:16:23.926,0.8413,0.84139,1.00,1.12
2017.06.23 12:16:25.904,0.8413,0.84137,1.00,1.00
2017.06.23 12:16:28.518,0.84128,0.84137,1.00,1.87
2017.06.23 12:16:29.183,0.84129,0.84138,1.50,1.50
2017.06.23 12:16:29.336,0.84131,0.84138,1.00,1.50
2017.06.23 12:16:29.438,0.84131,0.8414,1.00,2.25
2017.06.23 12:16:29.980,0.84132,0.84141,1.00,2.25
2017.06.23 12:16:30.525,0.84133,0.84141,1.00,1.50
2017.06.23 12:16:31.107,0.84134,0.84143,1.00,6.00
2017.06.23 12:16:31.158,0.84136,0.84143,1.00,5.25
2017.06.23 12:16:31.358,0.84136,0.84143,1.00,1.12
2017.06.23 12:16:33.171,0.84136,0.84143,1.00,1.87
2017.06.23 12:16:33.273,0.84134,0.84143,1.12,1.87
2017.06.23 12:16:33.325,0.84132,0.84138,2.62,1.00
2017.06.23 12:16:33.376,0.84132,0.8414,2.25,1.00
2017.06.23 12:16:33.479,0.84132,0.84139,1.50,1.00
2017.06.23 12:16:34.039,0.84131,0.84139,1.00,1.50
2017.06.23 12:16:34.409,0.84131,0.84137,1.00,1.00
2017.06.23 12:16:34.665,0.84129,0.84137,1.00,1.00
2017.06.23 12:16:35.439,0.84129,0.84136,1.00,1.00
2017.06.23 12:16:35.832,0.84129,0.84134,1.00,1.00
2017.06.23 12:16:36.341,0.8413,0.84138,1.00,1.12
2017.06.23 12:16:36.869,0.8413,0.8414,1.00,2.25
2017.06.23 12:16:38.160,0.84131,0.84139,1.00,1.12
2017.06.23 12:16:38.669,0.84132,0.8414,1.00,1.50
2017.06.23 12:16:41.169,0.84131,0.8414,1.00,2.25
2017.06.23 12:16:47.441,0.84131,0.84138,1.00,1.00
2017.06.23 12:16:50.042,0.84131,0.84135,1.00,1.00
2017.06.23 12:16:50.144,0.84128,0.84134,2.25,1.00
2017.06.23 12:16:50.290,0.84127,0.84134,1.12,1.00
2017.06.23 12:16:50.802,0.84127,0.84133,1.00,1.00
2017.06.23 12:16:53.294,0.84125,0.84133,1.00,1.00
2017.06.23 12:16:54.134,0.84126,0.84133,1.00,1.00
2017.06.23 12:16:55.283,0.84126,0.84134,1.00,1.87
2017.06.23 12:16:59.527,0.84126,0.84133,1.00,1.00
2017.06.23 12:17:00.158,0.84125,0.84133,1.00,1.00
2017.06.23 12:17:00.667,0.84126,0.84133,1.00,1.87
2017.06.23 12:17:01.752,0.84125,0.84133,1.00,1.12
2017.06.23 12:17:03.505,0.84125,0.84133,1.00,1.50
2017.06.23 12:17:04.024,0.84125,0.84133,1.00,1.00
2017.06.23 12:17:04.639,0.84124,0.84133,1.00,1.50
2017.06.23 12:17:13.197,0.84126,0.84135,1.00,3.00
2017.06.23 12:17:13.536,0.84127,0.84136,2.25,1.00
2017.06.23 12:17:16.774,0.84128,0.84137,1.12,1.12
2017.06.23 12:17:18.026,0.84129,0.84138,1.00,2.25
2017.06.23 12:17:18.535,0.84128,0.84137,1.87,1.00
2017.06.23 12:17:19.046,0.84128,0.84137,1.50,1.00
2017.06.23 12:17:23.329,0.84128,0.84138,1.50,2.62
2017.06.23 12:17:23.823,0.8413,0.84138,1.00,1.50
2017.06.23 12:17:24.344,0.84129,0.84138,1.50,1.00
2017.06.23 12:17:24.913,0.84129,0.84137,1.50,1.00
2017.06.23 12:17:25.511,0.84129,0.84138,1.00,2.25
2017.06.23 12:17:26.036,0.84128,0.84138,2.25,2.25
2017.06.23 12:17:26.341,0.84128,0.84135,1.00,1.00
2017.06.23 12:17:26.865,0.84127,0.84135,1.00,1.00
2017.06.23 12:17:27.377,0.84126,0.84134,1.50,1.00
2017.06.23 12:17:27.529,0.84126,0.84136,1.50,1.87
2017.06.23 12:17:28.033,0.84126,0.84135,1.50,1.00
2017.06.23 12:17:29.049,0.84126,0.84136,1.50,1.87
2017.06.23 12:17:29.627,0.84126,0.84136,1.12,2.25
2017.06.23 12:17:30.138,0.84126,0.84134,1.12,1.00
2017.06.23 12:17:30.650,0.84126,0.84135,1.50,1.00
2017.06.23 12:17:31.363,0.84126,0.84135,1.87,1.00
2017.06.23 12:17:33.117,0.84126,0.84134,1.87,1.00
2017.06.23 12:17:33.270,0.84126,0.84134,1.12,1.50
2017.06.23 12:17:33.786,0.84125,0.84134,1.12,1.50
2017.06.23 12:17:34.628,0.84125,0.84133,1.12,1.00
2017.06.23 12:17:36.622,0.84124,0.84132,1.50,1.00
2017.06.23 12:17:37.132,0.84124,0.84133,1.50,1.50
2017.06.23 12:17:44.446,0.84126,0.84133,1.00,1.50
2017.06.23 12:17:45.929,0.84124,0.84134,1.50,1.50
2017.06.23 12:17:46.915,0.84124,0.84133,1.50,1.00
2017.06.23 12:17:47.480,0.84124,0.84133,1.12,1.00
2017.06.23 12:17:48.031,0.84125,0.84134,1.00,1.87
2017.06.23 12:17:48.650,0.84124,0.84133,1.12,1.00
2017.06.23 12:17:50.535,0.84124,0.84132,1.12,1.00
2017.06.23 12:17:51.091,0.84124,0.84133,1.37,1.12
2017.06.23 12:17:51.600,0.84124,0.84133,1.00,2.62
2017.06.23 12:17:52.261,0.84125,0.84133,1.00,1.87
2017.06.23 12:17:52.793,0.84124,0.84133,1.00,2.62
2017.06.23 12:17:54.595,0.84123,0.84132,1.12,1.00
2017.06.23 12:17:55.104,0.84123,0.84132,1.50,1.00
2017.06.23 12:17:55.970,0.84124,0.84133,1.12,2.25
2017.06.23 12:18:00.554,0.84123,0.84132,2.25,1.00
2017.06.23 12:18:05.113,0.84123,0.84133,1.50,1.50
2017.06.23 12:18:06.121,0.84124,0.84133,2.25,1.00
2017.06.23 12:18:06.720,0.84125,0.84132,1.00,1.00
2017.06.23 12:18:07.231,0.84124,0.84133,1.00,1.50
2017.06.23 12:18:07.576,0.84124,0.84131,1.00,1.00
2017.06.23 12:18:08.436,0.84124,0.84131,1.37,1.00
2017.06.23 12:18:09.224,0.84124,0.84131,1.00,1.00
2017.06.23 12:18:10.668,0.84123,0.84129,1.37,1.00
2017.06.23 12:18:10.822,0.84122,0.84129,1.50,1.00
2017.06.23 12:18:11.542,0.84121,0.8413,1.87,1.50
2017.06.23 12:18:13.242,0.84123,0.8413,1.00,1.00
2017.06.23 12:18:13.471,0.84124,0.84132,1.00,1.12
2017.06.23 12:18:13.982,0.84125,0.84133,1.00,1.00
2017.06.23 12:18:14.497,0.84125,0.84134,2.62,1.12
2017.06.23 12:18:15.144,0.84126,0.84135,1.00,1.00
2017.06.23 12:18:18.504,0.84127,0.84135,1.00,1.00
2017.06.23 12:18:19.013,0.84127,0.84136,1.50,1.00
2017.06.23 12:18:19.526,0.84127,0.84136,1.87,1.50
2017.06.23 12:18:19.628,0.84127,0.84136,1.12,1.50
2017.06.23 12:18:20.171,0.84127,0.84135,1.00,1.00
2017.06.23 12:18:20.816,0.84126,0.84135,1.50,1.00
2017.06.23 12:18:25.553,0.84125,0.84134,1.37,1.50
2017.06.23 12:18:26.134,0.84124,0.84132,1.87,1.00
2017.06.23 12:18:26.341,0.84124,0.84132,1.00,1.00
2017.06.23 12:18:26.882,0.84126,0.84133,1.00,1.50
2017.06.23 12:18:27.390,0.84126,0.84132,1.00,1.00
2017.06.23 12:18:27.906,0.84123,0.84132,1.75,1.00
2017.06.23 12:18:28.439,0.84124,0.84132,1.00,1.50
2017.06.23 12:18:28.982,0.84123,0.84132,1.00,1.50
2017.06.23 12:18:30.446,0.84123,0.84132,1.50,1.50
2017.06.23 12:18:30.955,0.84121,0.8413,1.50,1.50
2017.06.23 12:18:31.565,0.84121,0.84128,1.50,1.00
2017.06.23 12:18:32.100,0.8412,0.84128,1.50,1.00
2017.06.23 12:18:32.675,0.84119,0.84128,2.62,1.00
2017.06.23 12:18:33.579,0.8412,0.84129,1.87,1.00
2017.06.23 12:18:34.101,0.8412,0.84129,2.25,1.00
2017.06.23 12:18:38.962,0.84121,0.8413,1.87,1.00
2017.06.23 12:18:39.492,0.84121,0.8413,2.25,1.00
2017.06.23 12:18:40.469,0.84122,0.84131,1.12,1.00
2017.06.23 12:18:40.977,0.84122,0.8413,1.12,1.00
2017.06.23 12:18:42.130,0.84124,0.84132,1.00,1.50
2017.06.23 12:18:42.181,0.84124,0.84133,1.50,1.50
2017.06.23 12:18:42.689,0.84124,0.84133,1.50,1.00
2017.06.23 12:18:46.559,0.84123,0.84132,2.25,1.50
2017.06.23 12:18:46.612,0.84123,0.8413,1.75,1.00
2017.06.23 12:18:46.805,0.8412,0.84128,1.75,1.00
2017.06.23 12:18:48.020,0.84122,0.84131,1.12,1.37
2017.06.23 12:18:48.380,0.8412,0.84127,3.37,1.00
2017.06.23 12:18:48.511,0.84119,0.84127,1.75,1.00
2017.06.23 12:18:48.819,0.84122,0.8413,1.00,1.12
2017.06.23 12:18:48.870,0.84122,0.84127,1.00,1.00
2017.06.23 12:18:48.922,0.84122,0.8413,1.00,1.12
2017.06.23 12:18:48.973,0.84121,0.84127,2.25,1.00
2017.06.23 12:18:49.228,0.84119,0.84126,1.00,1.00
2017.06.23 12:18:49.758,0.84119,0.84127,1.00,1.12
2017.06.23 12:18:52.289,0.84117,0.84124,2.25,1.50
2017.06.23 12:18:52.493,0.84115,0.84123,1.12,1.50
2017.06.23 12:18:53.052,0.84115,0.84123,1.00,1.87
2017.06.23 12:18:53.466,0.84117,0.84125,1.50,1.87
2017.06.23 12:18:53.517,0.84118,0.84125,1.00,1.50
2017.06.23 12:18:53.874,0.84118,0.84127,1.87,1.12
2017.06.23 12:18:55.923,0.84118,0.84128,1.37,1.00
2017.06.23 12:18:56.470,0.84118,0.84128,1.12,1.12
2017.06.23 12:18:58.782,0.84119,0.84128,1.00,1.12
2017.06.23 12:18:59.926,0.84118,0.84128,1.87,1.12
2017.06.23 12:19:00.358,0.84118,0.84126,1.87,1.50
2017.06.23 12:19:00.613,0.84116,0.84125,1.00,1.87
2017.06.23 12:19:01.143,0.84117,0.84126,1.50,2.25
2017.06.23 12:19:01.657,0.84117,0.84127,1.87,1.87
2017.06.23 12:19:02.203,0.84118,0.84127,1.00,1.00
2017.06.23 12:19:02.712,0.84118,0.84126,1.00,1.12
2017.06.23 12:19:03.232,0.84118,0.84125,1.00,1.00
2017.06.23 12:19:03.436,0.84118,0.84127,1.00,1.00
2017.06.23 12:19:04.225,0.84118,0.84128,1.00,1.50
2017.06.23 12:19:05.929,0.84118,0.84125,1.00,1.00
2017.06.23 12:19:06.789,0.84119,0.84126,1.00,1.00
2017.06.23 12:19:06.943,0.84117,0.84126,1.12,1.50
2017.06.23 12:19:07.452,0.84116,0.84125,1.00,1.00
2017.06.23 12:19:08.060,0.84115,0.84125,1.87,2.25
2017.06.23 12:19:08.597,0.84114,0.84124,1.50,1.50
2017.06.23 12:19:11.572,0.84115,0.84122,1.00,1.00
2017.06.23 12:19:12.774,0.84116,0.84123,1.00,1.00
2017.06.23 12:19:13.296,0.84116,0.84124,1.00,1.00
2017.06.23 12:19:16.109,0.84117,0.84124,1.12,1.00
2017.06.23 12:19:17.377,0.84117,0.84125,1.12,1.00
2017.06.23 12:19:17.963,0.84115,0.84124,2.25,1.00
2017.06.23 12:19:23.909,0.84116,0.84123,1.37,1.00
2017.06.23 12:19:25.917,0.84115,0.84125,1.57,1.00
2017.06.23 12:19:27.069,0.84118,0.84126,1.00,1.12
2017.06.23 12:19:27.121,0.8412,0.84127,1.00,1.37
2017.06.23 12:19:27.361,0.84119,0.84128,2.25,1.00
2017.06.23 12:19:27.872,0.84119,0.84129,3.00,1.12
2017.06.23 12:19:28.389,0.84121,0.84129,1.00,1.12
2017.06.23 12:19:31.031,0.84122,0.84131,1.00,1.75
2017.06.23 12:19:31.184,0.84122,0.84132,1.50,3.00
2017.06.23 12:19:31.692,0.84122,0.84132,1.00,2.25
2017.06.23 12:19:32.179,0.84121,0.8413,2.25,1.00
2017.06.23 12:19:32.688,0.84122,0.84129,1.00,1.00
2017.06.23 12:19:33.266,0.84121,0.84129,1.50,1.00
2017.06.23 12:19:33.654,0.84123,0.84131,1.00,1.00
2017.06.23 12:19:34.664,0.84121,0.84131,2.25,1.50
2017.06.23 12:19:35.178,0.84121,0.84131,1.87,1.50
2017.06.23 12:19:37.499,0.84121,0.8413,1.87,1.00
2017.06.23 12:19:39.227,0.84122,0.8413,1.00,1.50
2017.06.23 12:19:39.532,0.84127,0.84134,1.87,1.00
2017.06.23 12:19:40.364,0.84127,0.84136,1.12,1.00
2017.06.23 12:19:41.402,0.84127,0.84136,1.00,2.25
2017.06.23 12:19:45.710,0.84126,0.84136,1.50,2.25
2017.06.23 12:19:48.225,0.84126,0.84136,1.87,1.87
2017.06.23 12:19:48.762,0.84126,0.84136,1.50,2.25
2017.06.23 12:19:49.035,0.84128,0.84136,1.00,1.50
2017.06.23 12:19:49.340,0.84128,0.84137,1.00,1.50
2017.06.23 12:19:51.982,0.84127,0.84136,1.00,1.50
2017.06.23 12:19:52.537,0.84127,0.84136,1.00,1.50
2017.06.23 12:19:53.445,0.84126,0.84135,1.00,1.12
2017.06.23 12:19:53.948,0.84126,0.84134,1.00,1.00
2017.06.23 12:19:54.050,0.84125,0.84134,1.00,1.75
2017.06.23 12:19:54.553,0.84126,0.84135,1.00,2.62
2017.06.23 12:19:55.094,0.84126,0.84136,1.00,5.25
2017.06.23 12:19:55.601,0.84123,0.84132,1.50,1.00
2017.06.23 12:19:55.961,0.84123,0.84131,1.00,1.50
2017.06.23 12:19:56.522,0.84122,0.84129,1.00,1.00
2017.06.23 12:19:56.574,0.84119,0.84128,1.87,1.00
2017.06.23 12:19:56.778,0.84118,0.84127,1.87,1.00
2017.06.23 12:19:57.316,0.84118,0.84127,1.87,1.87
2017.06.23 12:19:57.977,0.84118,0.84127,1.50,1.12
2017.06.23 12:19:58.634,0.84118,0.84126,1.00,1.00
2017.06.23 12:19:59.145,0.84118,0.84127,1.50,2.25
2017.06.23 12:19:59.551,0.84116,0.84124,1.12,1.20
2017.06.23 12:20:00.075,0.84115,0.84123,1.00,1.50
2017.06.23 12:20:00.382,0.84121,0.84128,1.12,2.62
2017.06.23 12:20:00.485,0.84123,0.84129,1.00,1.00
2017.06.23 12:20:00.735,0.84123,0.84131,1.00,1.50
2017.06.23 12:20:01.246,0.84122,0.84131,1.50,1.00
2017.06.23 12:20:02.209,0.84122,0.8413,1.00,1.00
2017.06.23 12:20:02.365,0.84122,0.84127,1.00,1.00
2017.06.23 12:20:02.569,0.84118,0.84126,1.00,1.12
2017.06.23 12:20:02.622,0.84114,0.84123,1.50,1.00
2017.06.23 12:20:02.973,0.84119,0.84128,1.00,2.25
2017.06.23 12:20:03.024,0.84118,0.84129,1.50,2.62
2017.06.23 12:20:03.532,0.84117,0.84126,1.00,1.87
2017.06.23 12:20:04.068,0.84115,0.84125,1.50,1.00
2017.06.23 12:20:04.170,0.84114,0.84122,1.87,1.00
2017.06.23 12:20:04.272,0.84114,0.84124,1.50,1.87
2017.06.23 12:20:04.374,0.84114,0.84122,1.37,1.00
2017.06.23 12:20:04.877,0.84114,0.84123,1.00,2.25
2017.06.23 12:20:05.747,0.84113,0.84123,1.00,3.00
2017.06.23 12:20:06.210,0.84111,0.84119,1.50,1.00
2017.06.23 12:20:06.416,0.84108,0.84118,1.95,1.00
2017.06.23 12:20:06.918,0.84109,0.84118,1.00,1.00
2017.06.23 12:20:09.237,0.84109,0.84118,1.20,1.00
2017.06.23 12:20:09.621,0.84111,0.8412,1.12,1.87
2017.06.23 12:20:10.130,0.84111,0.84119,1.00,1.00
2017.06.23 12:20:10.677,0.8411,0.8412,1.12,1.87
2017.06.23 12:20:11.221,0.84111,0.8412,1.00,1.50
2017.06.23 12:20:14.527,0.8411,0.8412,1.12,1.12
2017.06.23 12:20:14.699,0.84112,0.84119,1.00,1.00
2017.06.23 12:20:15.208,0.84111,0.8412,1.12,1.00
2017.06.23 12:20:15.712,0.84111,0.84121,1.12,1.87
2017.06.23 12:20:16.026,0.84113,0.8412,1.00,1.00
2017.06.23 12:20:16.729,0.84111,0.8412,1.12,2.25
2017.06.23 12:20:17.292,0.84112,0.8412,1.00,1.50
2017.06.23 12:20:17.769,0.84114,0.84121,1.00,1.37
2017.06.23 12:20:17.973,0.84115,0.84123,1.00,1.12
2017.06.23 12:20:18.481,0.84115,0.84124,1.00,1.12
2017.06.23 12:20:19.371,0.84116,0.84123,1.00,1.00
2017.06.23 12:20:20.317,0.84114,0.84124,1.00,1.87
2017.06.23 12:20:20.859,0.84113,0.84122,1.87,1.50
2017.06.23 12:20:21.165,0.84113,0.84122,1.00,1.50
2017.06.23 12:20:22.780,0.84113,0.84123,1.50,2.62
2017.06.23 12:20:23.298,0.84113,0.8412,1.00,1.00
2017.06.23 12:20:23.552,0.8411,0.84119,1.95,1.00
2017.06.23 12:20:24.045,0.84109,0.84116,2.25,1.00
2017.06.23 12:20:24.190,0.84109,0.84116,1.12,1.00
2017.06.23 12:20:24.648,0.84108,0.84119,2.62,3.00
2017.06.23 12:20:24.852,0.84107,0.84116,1.12,1.00
2017.06.23 12:20:25.178,0.84106,0.84115,1.00,1.50
2017.06.23 12:20:25.696,0.84106,0.84116,1.95,1.87
2017.06.23 12:20:26.208,0.84107,0.84116,1.12,1.00
2017.06.23 12:20:26.812,0.84107,0.84117,1.87,1.50
2017.06.23 12:20:26.914,0.84109,0.84117,1.00,1.00
2017.06.23 12:20:27.172,0.84112,0.84121,1.12,1.00
2017.06.23 12:20:27.660,0.84114,0.84123,1.00,2.25
2017.06.23 12:20:27.911,0.84115,0.84124,1.50,1.00
2017.06.23 12:20:28.453,0.84115,0.84125,1.12,1.00
2017.06.23 12:20:29.177,0.84115,0.84124,1.50,1.00
2017.06.23 12:20:29.694,0.84116,0.84125,1.50,1.00
2017.06.23 12:20:30.195,0.84115,0.84124,1.95,1.00
2017.06.23 12:20:30.246,0.84118,0.84126,1.00,1.50
2017.06.23 12:20:30.602,0.84119,0.84128,1.37,1.12
2017.06.23 12:20:30.857,0.84118,0.84127,1.12,1.50
2017.06.23 12:20:31.058,0.84118,0.84127,1.57,1.50
2017.06.23 12:20:31.857,0.84118,0.84128,1.95,2.25
2017.06.23 12:20:32.273,0.84118,0.84127,1.00,1.50
2017.06.23 12:20:32.831,0.84117,0.84126,1.57,1.00
2017.06.23 12:20:34.929,0.84119,0.84125,1.00,1.00
2017.06.23 12:20:35.238,0.84118,0.84128,1.10,3.37
2017.06.23 12:20:35.340,0.84119,0.84128,1.45,1.37
2017.06.23 12:20:35.522,0.8412,0.84129,1.12,1.00
2017.06.23 12:20:36.333,0.84122,0.84129,1.00,1.50
2017.06.23 12:20:36.857,0.84122,0.84129,1.37,1.50
2017.06.23 12:20:37.982,0.8412,0.8413,4.57,1.50
2017.06.23 12:20:38.516,0.84122,0.8413,1.50,1.00
2017.06.23 12:20:39.190,0.84123,0.8413,1.00,1.00
2017.06.23 12:20:39.639,0.84122,0.84128,1.50,1.00
2017.06.23 12:20:39.793,0.8412,0.84128,1.50,1.00
2017.06.23 12:20:40.271,0.84119,0.84128,1.50,1.50
2017.06.23 12:20:42.526,0.8412,0.84126,1.00,1.00
2017.06.23 12:20:43.893,0.84118,0.84127,1.95,1.50
2017.06.23 12:20:45.130,0.84119,0.84127,1.50,1.00
2017.06.23 12:20:45.675,0.84119,0.84127,1.12,1.12
2017.06.23 12:20:47.527,0.84119,0.84128,1.50,1.00
2017.06.23 12:20:49.096,0.84119,0.84129,1.00,1.12
2017.06.23 12:20:49.401,0.8412,0.84128,1.00,1.37
2017.06.23 12:20:49.707,0.84122,0.84129,1.00,1.50
2017.06.23 12:20:49.861,0.84121,0.8413,1.57,1.50
2017.06.23 12:20:50.155,0.84123,0.8413,1.00,1.12
2017.06.23 12:20:50.918,0.84124,0.84131,1.00,1.50
2017.06.23 12:20:51.444,0.84123,0.84131,1.00,1.00
2017.06.23 12:20:51.901,0.84125,0.84131,1.00,1.00
2017.06.23 12:20:52.426,0.84124,0.84131,1.00,1.00
2017.06.23 12:20:54.857,0.84124,0.84132,1.00,1.00
2017.06.23 12:20:56.228,0.84125,0.84132,1.00,1.00
2017.06.23 12:20:56.767,0.84125,0.84133,1.00,1.12
2017.06.23 12:20:59.087,0.84126,0.84133,1.00,1.12
2017.06.23 12:20:59.588,0.84125,0.84133,1.50,1.12
2017.06.23 12:21:00.285,0.84128,0.84134,1.00,1.00
2017.06.23 12:21:00.541,0.84129,0.84136,1.00,1.00
2017.06.23 12:21:00.999,0.84127,0.84136,1.50,1.00
2017.06.23 12:21:01.508,0.84127,0.84135,1.00,1.50
2017.06.23 12:21:03.014,0.84127,0.84134,1.00,1.00
2017.06.23 12:21:04.166,0.84125,0.84134,2.25,1.00
2017.06.23 12:21:05.308,0.84128,0.84134,1.00,1.50
2017.06.23 12:21:05.563,0.84126,0.84134,1.12,1.00
2017.06.23 12:21:06.478,0.84126,0.84135,1.00,1.87
2017.06.23 12:21:06.886,0.84127,0.84136,1.37,1.87
2017.06.23 12:21:07.474,0.84127,0.84136,1.00,1.50
2017.06.23 12:21:08.689,0.84128,0.84136,1.00,1.50
2017.06.23 12:21:15.785,0.84127,0.84136,1.50,1.50
2017.06.23 12:21:16.298,0.84126,0.84135,1.50,1.12
2017.06.23 12:21:16.603,0.84125,0.84132,1.00,1.12
2017.06.23 12:21:17.485,0.84124,0.8413,1.00,1.85
2017.06.23 12:21:17.690,0.84118,0.84126,1.37,1.50
2017.06.23 12:21:17.958,0.84118,0.84124,1.00,1.00
2017.06.23 12:21:18.508,0.84117,0.84124,1.12,1.00
2017.06.23 12:21:19.070,0.84116,0.84126,2.25,2.25
2017.06.23 12:21:21.145,0.84119,0.84126,1.00,2.25
2017.06.23 12:21:22.451,0.84118,0.84126,1.00,2.25
2017.06.23 12:21:22.604,0.84119,0.84127,1.00,1.50
2017.06.23 12:21:23.113,0.84119,0.84127,1.37,1.50
2017.06.23 12:21:23.637,0.84119,0.84127,1.00,1.87
2017.06.23 12:21:24.197,0.84119,0.84128,1.00,2.25
2017.06.23 12:21:25.412,0.84119,0.84127,1.00,1.00
2017.06.23 12:21:26.848,0.8412,0.84127,1.00,1.87
2017.06.23 12:21:27.840,0.8412,0.84126,1.00,1.00
2017.06.23 12:21:28.494,0.84119,0.84126,1.50,1.00
2017.06.23 12:21:29.189,0.84118,0.84127,1.12,1.87
2017.06.23 12:21:30.284,0.84119,0.84126,1.00,1.00
2017.06.23 12:21:30.788,0.84116,0.84125,3.00,1.00
2017.06.23 12:21:30.910,0.84116,0.84124,1.00,1.12
2017.06.23 12:21:31.318,0.84114,0.84124,1.95,1.12
2017.06.23 12:21:31.827,0.84115,0.84123,1.50,1.00
2017.06.23 12:21:32.423,0.84116,0.84123,1.00,1.50
2017.06.23 12:21:33.167,0.84114,0.84123,1.12,1.50
2017.06.23 12:21:33.688,0.84114,0.84123,1.87,2.62
2017.06.23 12:21:34.198,0.84111,0.8412,3.75,1.00
2017.06.23 12:21:34.250,0.84112,0.84122,2.25,1.12
2017.06.23 12:21:34.302,0.84112,0.8412,1.00,1.50
2017.06.23 12:21:34.840,0.84112,0.84121,1.12,1.00
2017.06.23 12:21:37.154,0.84114,0.84121,1.50,1.37
2017.06.23 12:21:37.206,0.84114,0.84123,1.50,2.25
2017.06.23 12:21:37.308,0.84115,0.84124,1.00,2.25
2017.06.23 12:21:38.178,0.84115,0.84125,1.87,1.87
2017.06.23 12:21:38.689,0.84116,0.84125,1.00,1.12
2017.06.23 12:21:39.205,0.84116,0.84126,1.37,1.87
2017.06.23 12:21:41.994,0.84116,0.84124,1.37,1.00
2017.06.23 12:21:42.504,0.84114,0.84123,3.00,2.25
2017.06.23 12:21:42.658,0.84111,0.84121,2.25,1.00
2017.06.23 12:21:43.295,0.84111,0.84121,2.25,2.25
2017.06.23 12:21:43.346,0.84112,0.84119,1.00,1.00
2017.06.23 12:21:45.477,0.84111,0.84118,1.00,1.00
2017.06.23 12:21:45.725,0.84109,0.84118,1.12,1.00
2017.06.23 12:21:46.235,0.84109,0.84119,2.25,1.50
2017.06.23 12:21:46.790,0.8411,0.84119,1.00,1.50
2017.06.23 12:21:47.356,0.84109,0.84119,1.12,2.25
2017.06.23 12:21:47.839,0.8411,0.84117,1.12,1.00
2017.06.23 12:21:48.097,0.84108,0.84117,1.12,1.00
2017.06.23 12:21:48.615,0.84109,0.84117,1.50,1.00
2017.06.23 12:21:49.297,0.84109,0.84118,1.87,1.00
2017.06.23 12:21:49.399,0.84111,0.84118,1.00,1.00
2017.06.23 12:21:49.908,0.8411,0.84119,1.50,2.25
2017.06.23 12:21:51.845,0.84111,0.8412,1.00,1.50
2017.06.23 12:21:52.367,0.8411,0.8412,1.12,1.50
2017.06.23 12:21:53.272,0.84109,0.84119,2.25,1.00
2017.06.23 12:21:53.578,0.84108,0.84116,1.12,1.00
2017.06.23 12:21:53.885,0.84111,0.84119,1.12,1.50
2017.06.23 12:21:54.344,0.84109,0.84118,1.50,1.00
2017.06.23 12:21:54.548,0.84108,0.84116,1.87,1.00
2017.06.23 12:21:55.059,0.84109,0.84116,1.00,1.00
2017.06.23 12:21:55.331,0.84109,0.84118,1.00,1.12
2017.06.23 12:21:55.535,0.84111,0.84119,1.00,2.25
2017.06.23 12:21:55.995,0.84108,0.84117,2.25,1.00
2017.06.23 12:21:56.351,0.84107,0.84115,1.50,1.00
2017.06.23 12:21:56.899,0.84108,0.84116,1.37,1.00
2017.06.23 12:21:57.427,0.84108,0.84117,2.25,1.50
2017.06.23 12:21:57.732,0.84107,0.84114,2.62,1.00
2017.06.23 12:21:57.892,0.84105,0.84114,2.25,1.00
2017.06.23 12:21:57.947,0.84107,0.84116,1.00,3.37
2017.06.23 12:21:58.464,0.84106,0.84116,2.25,1.50
2017.06.23 12:21:59.689,0.84107,0.84116,1.50,2.62
2017.06.23 12:21:59.945,0.84109,0.84117,1.00,1.00
2017.06.23 12:22:00.302,0.84111,0.84119,1.00,1.20
2017.06.23 12:22:00.852,0.84111,0.84119,1.50,1.00
2017.06.23 12:22:01.259,0.84111,0.84121,2.25,1.00
2017.06.23 12:22:01.768,0.84113,0.84121,1.00,1.00
2017.06.23 12:22:02.281,0.84111,0.8412,2.25,1.00
2017.06.23 12:22:02.815,0.84112,0.8412,1.00,1.00
2017.06.23 12:22:03.373,0.84111,0.8412,1.50,1.00
2017.06.23 12:22:04.214,0.84111,0.8412,1.87,1.00
2017.06.23 12:22:05.324,0.84115,0.84122,1.00,1.50
2017.06.23 12:22:05.854,0.84114,0.84121,1.00,1.00
2017.06.23 12:22:06.461,0.84111,0.84119,1.87,1.00
2017.06.23 12:22:06.988,0.8411,0.84119,1.12,1.00
2017.06.23 12:22:07.554,0.84111,0.84118,1.00,1.00
2017.06.23 12:22:08.216,0.84111,0.8412,1.00,1.87
2017.06.23 12:22:08.724,0.84111,0.8412,1.37,1.00
2017.06.23 12:22:09.911,0.84113,0.8412,1.00,1.00
2017.06.23 12:22:11.357,0.84113,0.84121,1.12,1.50
2017.06.23 12:22:12.138,0.84114,0.84124,1.00,2.32
2017.06.23 12:22:12.253,0.84117,0.84125,1.00,2.32
2017.06.23 12:22:12.306,0.84115,0.84125,1.00,2.25
2017.06.23 12:22:12.511,0.84115,0.84125,1.75,1.50
2017.06.23 12:22:15.105,0.84115,0.84124,1.75,1.00
2017.06.23 12:22:15.644,0.84114,0.84124,1.75,1.50
2017.06.23 12:22:16.186,0.84114,0.84123,1.50,1.00
2017.06.23 12:22:16.908,0.84114,0.84123,1.50,1.00
2017.06.23 12:22:17.417,0.84115,0.84124,1.50,1.12
2017.06.23 12:22:19.362,0.84114,0.84123,1.75,1.00
2017.06.23 12:22:19.515,0.84114,0.84123,1.12,1.00
2017.06.23 12:22:20.627,0.84114,0.84124,1.87,1.00
2017.06.23 12:22:21.142,0.84115,0.84125,1.00,1.20
2017.06.23 12:22:21.244,0.84115,0.84125,1.00,1.85
2017.06.23 12:22:21.775,0.84115,0.84125,1.50,1.50
2017.06.23 12:22:24.806,0.84118,0.84126,1.50,1.75
2017.06.23 12:22:25.009,0.84116,0.84126,1.50,1.57
2017.06.23 12:22:25.531,0.84116,0.84126,1.50,1.57
2017.06.23 12:22:26.049,0.84116,0.84126,1.00,1.12
2017.06.23 12:22:27.453,0.84115,0.84125,1.87,1.00
2017.06.23 12:22:27.995,0.84115,0.84125,2.25,1.00
2017.06.23 12:22:28.453,0.84115,0.84123,2.25,1.00
2017.06.23 12:22:28.861,0.84112,0.84122,2.25,1.00
2017.06.23 12:22:30.247,0.84112,0.84122,1.87,1.57
2017.06.23 12:22:30.299,0.84112,0.84119,1.37,1.00
2017.06.23 12:22:30.350,0.84113,0.84121,1.12,1.10
2017.06.23 12:22:30.872,0.84111,0.8412,1.87,1.00
2017.06.23 12:22:31.390,0.8411,0.84119,1.50,1.00
2017.06.23 12:22:31.593,0.84109,0.84119,1.87,1.50
2017.06.23 12:22:32.095,0.84109,0.84119,2.25,1.50
2017.06.23 12:22:32.628,0.84109,0.84118,2.25,1.00
2017.06.23 12:22:33.172,0.84109,0.84118,1.87,1.00
2017.06.23 12:22:33.460,0.84109,0.8412,1.87,1.87
2017.06.23 12:22:33.563,0.8411,0.8412,1.87,2.25
2017.06.23 12:22:34.071,0.8411,0.8412,1.87,1.87
2017.06.23 12:22:34.687,0.84111,0.8412,1.12,1.00
2017.06.23 12:22:36.829,0.84111,0.84117,1.00,1.00
2017.06.23 12:22:37.084,0.84108,0.84118,1.12,1.00
2017.06.23 12:22:37.339,0.84107,0.84116,1.50,1.00
2017.06.23 12:22:37.595,0.84105,0.84115,2.25,1.00
2017.06.23 12:22:38.126,0.84105,0.84114,2.25,1.00
2017.06.23 12:22:39.917,0.84106,0.84114,1.37,1.00
2017.06.23 12:22:47.016,0.84106,0.84114,1.12,1.00
2017.06.23 12:22:49.977,0.84105,0.84112,1.50,1.00
2017.06.23 12:22:50.542,0.84106,0.84113,1.00,1.50
2017.06.23 12:22:51.157,0.84106,0.84112,1.00,1.00
2017.06.23 12:22:51.735,0.84106,0.84113,1.00,1.00
2017.06.23 12:22:52.040,0.84106,0.84111,1.00,1.00
2017.06.23 12:22:52.685,0.84105,0.84111,1.00,1.00
2017.06.23 12:22:53.601,0.84103,0.84111,1.50,1.00
2017.06.23 12:22:54.197,0.84103,0.84111,1.12,1.00
2017.06.23 12:22:54.775,0.84103,0.84112,1.12,1.50
2017.06.23 12:22:55.335,0.84103,0.84111,1.12,1.00
2017.06.23 12:22:55.645,0.84106,0.84111,1.00,1.00
2017.06.23 12:22:55.848,0.84106,0.84113,1.00,1.12
2017.06.23 12:22:57.471,0.84105,0.84111,1.00,1.00
2017.06.23 12:22:57.573,0.84107,0.84114,1.00,1.50
2017.06.23 12:22:57.726,0.8411,0.84116,1.00,2.25
2017.06.23 12:22:57.828,0.84109,0.84118,1.00,2.25
2017.06.23 12:22:58.336,0.8411,0.84118,1.00,1.00
2017.06.23 12:22:58.811,0.84109,0.84116,1.12,1.00
2017.06.23 12:22:58.863,0.84107,0.84115,1.00,1.00
2017.06.23 12:22:59.221,0.84109,0.84116,1.00,1.00
2017.06.23 12:22:59.426,0.84109,0.84118,1.00,1.12
2017.06.23 12:22:59.885,0.84108,0.84116,1.00,1.00
2017.06.23 12:23:01.114,0.84108,0.84114,1.00,1.00
2017.06.23 12:23:01.864,0.84107,0.84114,1.00,1.00
2017.06.23 12:23:02.503,0.84106,0.84113,1.50,1.00
2017.06.23 12:23:02.743,0.84104,0.84112,1.12,1.00
2017.06.23 12:23:03.166,0.84104,0.84112,1.50,1.00
2017.06.23 12:23:03.370,0.84104,0.84112,1.12,1.00
2017.06.23 12:23:03.962,0.84103,0.84111,1.12,1.00
2017.06.23 12:23:05.151,0.84103,0.84112,1.12,1.00
2017.06.23 12:23:05.303,0.84105,0.84112,1.00,1.00
2017.06.23 12:23:06.460,0.84105,0.84111,1.12,1.00
2017.06.23 12:23:07.597,0.84105,0.84113,1.12,1.00
2017.06.23 12:23:08.118,0.84105,0.84112,1.12,1.00
2017.06.23 12:23:10.281,0.84105,0.84113,1.00,1.00
2017.06.23 12:23:10.813,0.84105,0.84112,1.00,1.00
2017.06.23 12:23:11.394,0.84105,0.8411,1.00,1.00
2017.06.23 12:23:11.904,0.84103,0.84111,1.50,1.00
2017.06.23 12:23:12.412,0.84103,0.84111,1.00,1.00
2017.06.23 12:23:12.954,0.84103,0.8411,1.00,1.00
2017.06.23 12:23:13.159,0.84104,0.84113,1.00,1.50
2017.06.23 12:23:13.709,0.84105,0.84113,1.12,1.12
2017.06.23 12:23:14.218,0.84107,0.84113,1.00,1.00
2017.06.23 12:23:15.563,0.84107,0.84114,1.00,1.00
2017.06.23 12:23:16.093,0.84106,0.84113,1.12,1.00
2017.06.23 12:23:16.532,0.84105,0.84111,1.37,1.00
2017.06.23 12:23:16.584,0.84103,0.84111,1.50,1.00
2017.06.23 12:23:17.382,0.84103,0.84111,1.12,1.00
2017.06.23 12:23:17.891,0.84103,0.84112,1.50,1.00
2017.06.23 12:23:18.554,0.84103,0.84111,2.25,1.00
2017.06.23 12:23:19.097,0.84103,0.84111,2.25,1.00
2017.06.23 12:23:19.497,0.84103,0.84112,1.00,1.00
2017.06.23 12:23:20.196,0.84103,0.8411,1.00,1.00
2017.06.23 12:23:20.471,0.84103,0.84112,1.00,1.00
2017.06.23 12:23:20.533,0.84103,0.84111,1.75,1.00
2017.06.23 12:23:20.686,0.84103,0.84111,1.12,1.00
2017.06.23 12:23:20.737,0.84103,0.84109,1.12,1.00
2017.06.23 12:23:20.941,0.84103,0.84112,1.12,1.37
2017.06.23 12:23:21.466,0.84103,0.84113,1.12,1.00
2017.06.23 12:23:21.517,0.84105,0.84114,1.00,1.50
2017.06.23 12:23:22.026,0.84105,0.84115,1.50,1.50
2017.06.23 12:23:22.390,0.84106,0.84116,1.50,1.50
2017.06.23 12:23:22.907,0.84106,0.84115,1.12,1.00
2017.06.23 12:23:23.552,0.84106,0.84116,1.50,1.50
2017.06.23 12:23:24.337,0.84109,0.84116,1.00,1.00
2017.06.23 12:23:25.375,0.84109,0.84118,1.12,1.00
2017.06.23 12:23:26.058,0.84109,0.84118,1.50,1.00
2017.06.23 12:23:26.365,0.8411,0.84115,1.00,1.00
2017.06.23 12:23:26.912,0.84108,0.84115,2.25,1.00
2017.06.23 12:23:27.453,0.84108,0.84116,1.50,1.00
2017.06.23 12:23:28.339,0.84109,0.84117,1.50,1.00
2017.06.23 12:23:28.847,0.84109,0.84117,1.50,1.00
2017.06.23 12:23:29.383,0.84109,0.84117,1.12,1.00
2017.06.23 12:23:31.188,0.8411,0.84119,1.00,1.20
2017.06.23 12:23:31.442,0.84112,0.84121,1.00,1.12
2017.06.23 12:23:31.981,0.84113,0.84121,1.00,1.00
2017.06.23 12:23:32.791,0.84112,0.84121,1.12,1.00
2017.06.23 12:23:34.739,0.84112,0.84119,1.12,1.00
2017.06.23 12:23:35.267,0.84111,0.8412,1.50,1.00
2017.06.23 12:23:35.749,0.84112,0.8412,1.50,1.00
2017.06.23 12:23:36.111,0.84111,0.84118,2.62,1.00
2017.06.23 12:23:36.214,0.8411,0.84118,1.75,1.00
2017.06.23 12:23:36.418,0.84109,0.84118,3.00,1.00
2017.06.23 12:23:36.737,0.84109,0.84118,4.12,1.00
2017.06.23 12:23:37.842,0.84109,0.84117,3.75,1.00
2017.06.23 12:23:40.229,0.84109,0.84117,1.50,1.00
2017.06.23 12:23:41.035,0.84108,0.84117,1.87,1.00
2017.06.23 12:23:41.610,0.84108,0.84116,1.12,1.00
2017.06.23 12:23:42.038,0.84108,0.84116,1.50,1.00
2017.06.23 12:23:43.065,0.84108,0.84117,2.25,1.00
2017.06.23 12:23:43.581,0.84109,0.84117,1.50,1.00
2017.06.23 12:23:44.107,0.84109,0.84116,1.12,1.00
2017.06.23 12:23:45.334,0.84108,0.84116,1.12,1.00
2017.06.23 12:23:45.876,0.84106,0.84115,1.75,1.50
2017.06.23 12:23:46.932,0.84105,0.84114,4.87,1.00
2017.06.23 12:23:47.136,0.84105,0.84112,1.50,1.00
2017.06.23 12:23:48.819,0.84105,0.84111,1.00,1.00
2017.06.23 12:23:49.248,0.84103,0.84111,2.25,1.00
2017.06.23 12:23:49.876,0.84103,0.8411,1.00,1.00
2017.06.23 12:23:50.188,0.84103,0.84108,1.00,1.00
2017.06.23 12:23:50.239,0.84103,0.8411,1.00,1.50
2017.06.23 12:23:50.342,0.84101,0.8411,1.12,1.50
2017.06.23 12:23:51.242,0.84101,0.84111,1.12,1.12
2017.06.23 12:23:52.740,0.84102,0.84111,1.50,1.12
2017.06.23 12:23:53.250,0.84102,0.84112,1.12,1.12
2017.06.23 12:23:53.585,0.84102,0.84109,1.12,1.00
2017.06.23 12:23:53.637,0.84103,0.84111,1.00,1.00
2017.06.23 12:23:54.328,0.84103,0.84112,1.00,1.87
2017.06.23 12:23:57.303,0.84104,0.84112,1.00,1.00
2017.06.23 12:23:58.833,0.84103,0.84113,1.37,1.00
2017.06.23 12:23:59.441,0.84104,0.84112,1.50,1.00
2017.06.23 12:24:00.345,0.84105,0.84112,1.00,1.00
2017.06.23 12:24:00.651,0.84105,0.84115,1.50,2.62
2017.06.23 12:24:01.165,0.84105,0.84115,1.50,1.50
2017.06.23 12:24:01.692,0.84106,0.84115,1.50,1.00
2017.06.23 12:24:02.200,0.84106,0.84114,1.50,1.00
2017.06.23 12:24:02.727,0.84106,0.84115,1.50,1.00
2017.06.23 12:24:03.552,0.84106,0.84116,2.25,2.25
2017.06.23 12:24:03.922,0.84107,0.84116,1.50,1.00
2017.06.23 12:24:04.656,0.84107,0.84117,2.25,1.12
2017.06.23 12:24:05.012,0.84109,0.84118,2.25,1.00
2017.06.23 12:24:05.901,0.8411,0.84118,2.25,1.00
2017.06.23 12:24:06.711,0.8411,0.84119,3.00,1.00
2017.06.23 12:24:07.016,0.8411,0.84117,1.50,1.00
2017.06.23 12:24:07.067,0.8411,0.84119,1.37,1.00
2017.06.23 12:24:07.577,0.84111,0.8412,3.00,1.00
2017.06.23 12:24:07.997,0.84113,0.84122,1.12,1.87
2017.06.23 12:24:09.688,0.84112,0.84121,1.50,1.00
2017.06.23 12:24:10.007,0.84113,0.84123,1.87,1.12
2017.06.23 12:24:10.579,0.84113,0.84123,3.00,1.00
2017.06.23 12:24:10.971,0.84113,0.84121,3.00,1.00
2017.06.23 12:24:11.547,0.84113,0.84121,1.87,1.00
2017.06.23 12:24:12.055,0.84112,0.8412,2.25,1.00
2017.06.23 12:24:12.383,0.8411,0.84117,4.12,1.00
2017.06.23 12:24:12.435,0.8411,0.84117,2.25,1.00
2017.06.23 12:24:13.156,0.8411,0.84115,1.00,1.00
2017.06.23 12:24:13.309,0.84108,0.84116,1.87,1.50
2017.06.23 12:24:15.114,0.84106,0.84115,2.62,1.00
2017.06.23 12:24:15.166,0.84106,0.84113,1.50,1.00
2017.06.23 12:24:15.217,0.84106,0.84113,1.00,1.00
2017.06.23 12:24:17.341,0.84106,0.84113,1.87,1.00
2017.06.23 12:24:19.519,0.84107,0.84113,1.37,1.00
2017.06.23 12:24:20.020,0.84107,0.84113,2.25,1.00
2017.06.23 12:24:21.123,0.84107,0.84113,1.87,1.00
2017.06.23 12:24:22.392,0.84107,0.84113,1.87,1.00
2017.06.23 12:24:24.944,0.84107,0.84115,1.87,1.00
2017.06.23 12:24:25.148,0.84107,0.84115,1.87,1.00
2017.06.23 12:24:26.907,0.84108,0.84116,1.50,1.00
2017.06.23 12:24:27.548,0.84108,0.84116,1.50,1.00
2017.06.23 12:24:28.337,0.84108,0.84115,1.12,1.00
2017.06.23 12:24:30.110,0.84107,0.84115,1.00,1.00
2017.06.23 12:24:31.093,0.84108,0.84115,1.00,1.00
2017.06.23 12:24:31.397,0.8411,0.84117,1.00,1.12
2017.06.23 12:24:32.477,0.8411,0.84117,1.00,1.37
2017.06.23 12:24:33.027,0.8411,0.84117,1.00,1.12
2017.06.23 12:24:33.753,0.84106,0.84115,1.87,1.00
2017.06.23 12:24:33.805,0.84106,0.84113,1.87,1.00
2017.06.23 12:24:34.397,0.84106,0.84112,1.00,1.00
2017.06.23 12:24:35.893,0.84106,0.84113,1.00,1.50
2017.06.23 12:24:36.380,0.84106,0.84111,1.00,1.00
2017.06.23 12:24:36.910,0.84105,0.84111,1.00,1.00
2017.06.23 12:24:38.947,0.84105,0.84112,1.00,1.00
2017.06.23 12:24:39.978,0.84105,0.84111,1.00,1.00
2017.06.23 12:24:42.211,0.84105,0.84112,1.00,1.00
2017.06.23 12:24:50.547,0.84106,0.84112,1.00,1.00
2017.06.23 12:24:51.859,0.84102,0.84107,1.12,1.00
2017.06.23 12:24:52.166,0.84095,0.84099,1.00,1.00
2017.06.23 12:24:52.217,0.84095,0.84101,1.00,1.12
2017.06.23 12:24:52.320,0.84095,0.84101,1.00,1.85
2017.06.23 12:24:52.422,0.84094,0.84101,1.00,1.95
2017.06.23 12:24:54.160,0.84095,0.84101,1.00,1.00
2017.06.23 12:24:54.213,0.84098,0.84102,1.00,1.00
2017.06.23 12:24:54.417,0.84098,0.84105,1.00,1.50
2017.06.23 12:24:54.570,0.84099,0.84105,1.00,1.50
2017.06.23 12:24:54.622,0.84101,0.84105,1.00,1.00
2017.06.23 12:24:55.034,0.84104,0.84109,1.00,1.50
2017.06.23 12:24:55.442,0.84105,0.84112,1.00,1.50
2017.06.23 12:24:55.973,0.84104,0.84112,1.00,1.87
2017.06.23 12:24:56.534,0.84106,0.84112,1.00,1.87
2017.06.23 12:24:57.041,0.84106,0.84113,1.00,1.50
2017.06.23 12:24:57.549,0.84107,0.84113,1.00,1.50
2017.06.23 12:24:58.126,0.84108,0.84115,1.00,4.50
2017.06.23 12:24:58.380,0.84108,0.84115,1.00,1.50
2017.06.23 12:24:58.533,0.84108,0.84115,1.00,1.87
2017.06.23 12:24:59.170,0.84108,0.84114,1.00,1.00
2017.06.23 12:24:59.222,0.84109,0.84116,1.00,1.87
2017.06.23 12:24:59.273,0.84109,0.84116,1.00,2.25
2017.06.23 12:25:00.033,0.8411,0.84116,1.00,1.87
2017.06.23 12:25:00.447,0.84112,0.84117,1.00,1.00
2017.06.23 12:25:00.963,0.84112,0.84119,1.00,1.50
2017.06.23 12:25:02.410,0.84113,0.8412,1.00,3.00
2017.06.23 12:25:02.462,0.84115,0.84119,1.00,1.00
2017.06.23 12:25:02.564,0.84115,0.84122,1.00,1.37
2017.06.23 12:25:02.718,0.84113,0.84118,1.00,1.00
2017.06.23 12:25:03.381,0.84113,0.84118,1.00,1.37
2017.06.23 12:25:03.485,0.84113,0.84119,1.00,1.00
2017.06.23 12:25:04.032,0.84114,0.8412,1.00,1.50
2017.06.23 12:25:09.254,0.84115,0.8412,1.00,1.00
2017.06.23 12:25:09.779,0.84115,0.84121,1.00,1.00
2017.06.23 12:25:10.320,0.84116,0.84121,1.00,1.00
2017.06.23 12:25:11.277,0.84118,0.84123,1.00,1.50
2017.06.23 12:25:11.379,0.8412,0.84125,1.00,1.12
2017.06.23 12:25:11.887,0.84121,0.84125,1.00,1.00
2017.06.23 12:25:11.939,0.84121,0.84127,1.00,1.12
2017.06.23 12:25:12.886,0.84121,0.84128,1.00,1.00
2017.06.23 12:25:13.659,0.84122,0.84128,1.00,1.12
2017.06.23 12:25:14.088,0.84118,0.84125,1.12,1.00
2017.06.23 12:25:14.601,0.84118,0.84124,1.00,1.00
2017.06.23 12:25:15.142,0.84117,0.84124,1.00,1.00
2017.06.23 12:25:15.688,0.84117,0.84123,1.00,1.00
2017.06.23 12:25:15.943,0.8412,0.84124,1.00,1.12
2017.06.23 12:25:16.674,0.8412,0.84126,1.00,1.00
2017.06.23 12:25:17.179,0.8412,0.84127,1.00,1.12
2017.06.23 12:25:17.716,0.84121,0.84127,1.00,1.12
2017.06.23 12:25:19.410,0.84122,0.84129,1.00,1.50
2017.06.23 12:25:19.512,0.84125,0.8413,1.00,1.00
2017.06.23 12:25:20.022,0.84126,0.84131,1.00,1.12
2017.06.23 12:25:20.295,0.84123,0.84129,1.00,1.00
2017.06.23 12:25:20.347,0.84125,0.84129,1.00,1.00
2017.06.23 12:25:20.398,0.84123,0.84128,1.00,1.00
2017.06.23 12:25:20.947,0.84122,0.84128,1.00,1.00
2017.06.23 12:25:22.052,0.84121,0.84128,1.00,1.00
2017.06.23 12:25:22.686,0.84121,0.84127,1.00,1.00
2017.06.23 12:25:26.178,0.84121,0.84128,1.00,1.00
2017.06.23 12:25:27.179,0.84121,0.84129,1.00,1.00
2017.06.23 12:25:27.687,0.84122,0.84129,1.00,1.00
2017.06.23 12:25:27.986,0.84122,0.84131,1.00,1.00
2017.06.23 12:25:28.037,0.84124,0.84131,1.00,1.00
2017.06.23 12:25:29.352,0.84125,0.84131,1.00,1.00
2017.06.23 12:25:30.440,0.84127,0.84133,1.00,1.00
2017.06.23 12:25:31.203,0.84127,0.84131,1.12,1.00
2017.06.23 12:25:31.356,0.84127,0.84134,1.12,1.00
2017.06.23 12:25:31.409,0.84129,0.84137,1.00,1.57
2017.06.23 12:25:31.665,0.84131,0.84138,1.00,1.00
2017.06.23 12:25:32.402,0.8413,0.84137,1.37,1.00
2017.06.23 12:25:35.053,0.84129,0.84137,1.00,1.00
2017.06.23 12:25:35.578,0.8413,0.84138,1.00,1.37
2017.06.23 12:25:35.681,0.84132,0.84138,1.00,1.12
2017.06.23 12:25:36.435,0.8413,0.84138,1.50,1.00
2017.06.23 12:25:36.537,0.8413,0.84138,1.50,1.00
2017.06.23 12:25:36.742,0.84127,0.84135,1.00,1.00
2017.06.23 12:25:37.259,0.84128,0.84134,1.00,1.00
2017.06.23 12:25:37.529,0.84128,0.84136,1.00,1.12
2017.06.23 12:25:39.083,0.84129,0.84136,1.00,1.00
2017.06.23 12:25:40.254,0.84129,0.84137,1.00,1.50
2017.06.23 12:25:41.186,0.84129,0.84137,1.00,1.37
2017.06.23 12:25:41.545,0.84127,0.84136,1.00,1.12
2017.06.23 12:25:42.071,0.84128,0.84136,1.00,1.50
2017.06.23 12:25:42.586,0.84128,0.84135,1.00,1.00
2017.06.23 12:25:43.190,0.84128,0.84136,1.00,1.50
2017.06.23 12:25:43.446,0.8413,0.84136,1.00,1.00
2017.06.23 12:25:43.975,0.84129,0.84136,1.00,1.00
2017.06.23 12:25:44.500,0.84129,0.84137,1.12,1.00
2017.06.23 12:25:44.807,0.8413,0.84137,1.50,1.00
2017.06.23 12:25:45.364,0.8413,0.84137,1.00,1.12
2017.06.23 12:25:48.327,0.84129,0.84137,1.12,1.12
2017.06.23 12:25:52.971,0.8413,0.84138,1.00,1.50
2017.06.23 12:25:53.226,0.84132,0.84141,1.00,1.12
2017.06.23 12:25:53.740,0.84133,0.84142,1.12,1.00
2017.06.23 12:25:56.517,0.84133,0.84142,1.00,1.37
2017.06.23 12:25:58.086,0.84132,0.84141,1.87,1.12
2017.06.23 12:25:58.643,0.84133,0.84142,1.00,1.50
2017.06.23 12:25:59.525,0.84135,0.84141,1.00,1.00
2017.06.23 12:26:00.105,0.84133,0.84142,1.00,1.50
2017.06.23 12:26:00.645,0.84134,0.84142,1.00,1.50
2017.06.23 12:26:02.987,0.84136,0.84144,1.00,1.87
2017.06.23 12:26:03.535,0.84135,0.84144,1.37,1.12
2017.06.23 12:26:04.238,0.84137,0.84144,1.00,1.12
2017.06.23 12:26:04.442,0.84137,0.84146,1.12,1.00
2017.06.23 12:26:04.953,0.84136,0.84145,1.50,1.00
2017.06.23 12:26:05.477,0.84136,0.84145,1.00,1.12
2017.06.23 12:26:05.932,0.84138,0.84145,1.00,1.12
2017.06.23 12:26:06.084,0.84136,0.84145,1.00,1.20
2017.06.23 12:26:06.977,0.84137,0.84143,1.00,1.00
2017.06.23 12:26:08.787,0.84134,0.84144,1.87,1.00
2017.06.23 12:26:09.816,0.84134,0.84144,1.87,1.37
2017.06.23 12:26:13.539,0.84135,0.84145,1.12,1.87
2017.06.23 12:26:14.486,0.84136,0.84145,1.00,1.00
2017.06.23 12:26:15.829,0.84136,0.84146,1.12,1.50
2017.06.23 12:26:17.423,0.84135,0.84142,1.50,1.00
2017.06.23 12:26:17.728,0.84129,0.84137,1.00,2.70
2017.06.23 12:26:17.983,0.84126,0.84134,1.00,1.00
2017.06.23 12:26:18.517,0.84124,0.84134,1.87,2.25
2017.06.23 12:26:19.185,0.84124,0.84134,1.50,1.37
2017.06.23 12:26:21.339,0.84125,0.84132,1.12,1.00
2017.06.23 12:26:27.180,0.84123,0.84131,1.37,1.00
2017.06.23 12:26:27.283,0.84122,0.84131,1.87,1.00
2017.06.23 12:26:27.894,0.84122,0.84131,1.50,1.00
2017.06.23 12:26:28.985,0.84123,0.84132,1.00,1.12
2017.06.23 12:26:29.126,0.84125,0.84132,1.00,1.12
2017.06.23 12:26:30.457,0.84125,0.84133,1.00,1.50
2017.06.23 12:26:31.601,0.84125,0.84134,1.00,2.25
2017.06.23 12:26:32.008,0.84124,0.84132,1.12,1.00
2017.06.23 12:26:32.615,0.84124,0.84133,1.00,1.50
2017.06.23 12:26:33.023,0.84126,0.84133,1.00,1.00
2017.06.23 12:26:33.767,0.84126,0.84134,1.12,1.50
2017.06.23 12:26:34.300,0.84128,0.84135,1.00,1.50
2017.06.23 12:26:35.697,0.84127,0.84137,1.12,3.75
2017.06.23 12:26:42.161,0.84127,0.84136,1.12,1.00
2017.06.23 12:26:42.571,0.84125,0.84133,2.62,1.00
2017.06.23 12:26:42.826,0.84124,0.84131,1.12,1.00
2017.06.23 12:26:43.335,0.84123,0.84132,1.37,1.12
2017.06.23 12:26:43.985,0.84122,0.84131,1.37,1.00
2017.06.23 12:26:46.179,0.8412,0.84129,4.12,1.00
2017.06.23 12:26:46.332,0.84121,0.84129,1.00,1.00
2017.06.23 12:26:46.536,0.84119,0.84129,1.00,1.12
2017.06.23 12:26:51.542,0.84119,0.84129,1.12,1.87
2017.06.23 12:26:52.089,0.84116,0.84127,4.50,1.00
2017.06.23 12:26:52.606,0.84116,0.84127,1.87,1.37
2017.06.23 12:26:52.962,0.84115,0.84126,1.12,1.87
2017.06.23 12:26:53.415,0.84115,0.84126,1.87,2.62
2017.06.23 12:26:55.529,0.84116,0.84127,1.87,1.37
2017.06.23 12:26:56.151,0.84117,0.84125,1.50,1.00
2017.06.23 12:26:57.153,0.84117,0.84124,1.50,1.00
2017.06.23 12:26:57.358,0.84114,0.84123,1.50,1.00
2017.06.23 12:26:57.461,0.84114,0.84123,1.00,1.12
2017.06.23 12:26:58.734,0.84114,0.84124,1.12,1.87
2017.06.23 12:27:00.218,0.84115,0.84122,1.00,1.00
2017.06.23 12:27:00.633,0.84117,0.84126,1.00,3.37
2017.06.23 12:27:00.786,0.84117,0.84126,1.00,1.12
2017.06.23 12:27:00.967,0.84117,0.84126,1.50,1.00
2017.06.23 12:27:01.276,0.84116,0.84124,2.62,1.00
2017.06.23 12:27:01.379,0.84115,0.84124,1.12,1.12
2017.06.23 12:27:01.532,0.84111,0.84122,4.87,1.00
2017.06.23 12:27:01.685,0.84111,0.84122,1.50,1.50
2017.06.23 12:27:02.047,0.84111,0.84122,1.37,2.25
2017.06.23 12:27:02.438,0.84111,0.84118,1.12,1.00
2017.06.23 12:27:02.490,0.84108,0.84119,1.12,3.00
2017.06.23 12:27:02.592,0.8411,0.84118,1.00,1.00
2017.06.23 12:27:03.127,0.84109,0.84118,1.75,1.00
2017.06.23 12:27:03.178,0.84109,0.84118,1.12,1.00
2017.06.23 12:27:04.663,0.84109,0.8412,1.12,1.50
2017.06.23 12:27:04.765,0.8411,0.84121,1.37,1.50
2017.06.23 12:27:05.274,0.84112,0.84122,1.12,1.12
2017.06.23 12:27:06.763,0.84113,0.84123,1.00,2.25
2017.06.23 12:27:08.751,0.84111,0.84121,2.25,1.00
2017.06.23 12:27:10.216,0.84112,0.84122,1.50,1.00
2017.06.23 12:27:10.771,0.84112,0.84121,1.12,1.00
2017.06.23 12:27:11.279,0.84111,0.8412,1.87,1.00
2017.06.23 12:27:11.584,0.84111,0.84122,1.87,1.12
2017.06.23 12:27:13.378,0.84111,0.8412,1.50,1.00
2017.06.23 12:27:13.884,0.84109,0.8412,2.62,1.37
2017.06.23 12:27:17.113,0.84108,0.84117,3.37,1.00
2017.06.23 12:27:17.215,0.84109,0.84117,1.00,1.00
2017.06.23 12:27:17.752,0.84106,0.84116,2.62,1.00
2017.06.23 12:27:17.854,0.84107,0.84114,1.37,1.00
2017.06.23 12:27:18.696,0.84106,0.84113,1.50,1.00
2017.06.23 12:27:18.798,0.84106,0.84113,1.50,1.00
2017.06.23 12:27:19.349,0.84106,0.84113,1.50,1.00
2017.06.23 12:27:19.900,0.84105,0.84114,1.00,1.00
2017.06.23 12:27:20.438,0.84103,0.84113,2.25,1.00
2017.06.23 12:27:20.978,0.84104,0.84112,1.12,1.00
2017.06.23 12:27:23.085,0.84102,0.84111,1.75,1.00
2017.06.23 12:27:23.137,0.84102,0.84106,1.50,1.00
2017.06.23 12:27:23.239,0.84099,0.84106,1.87,1.00
2017.06.23 12:27:24.002,0.84098,0.84106,1.87,1.00
2017.06.23 12:27:24.588,0.84098,0.84107,1.87,1.00
2017.06.23 12:27:25.224,0.84098,0.84107,1.87,1.12
2017.06.23 12:27:30.507,0.841,0.84107,1.00,1.00
2017.06.23 12:27:30.609,0.841,0.84109,1.00,1.12
2017.06.23 12:27:30.965,0.84101,0.84108,1.50,1.00
2017.06.23 12:27:31.118,0.84101,0.84107,1.00,1.00
2017.06.23 12:27:31.322,0.84096,0.84106,2.25,1.12
2017.06.23 12:27:31.475,0.84096,0.84103,1.75,1.00
2017.06.23 12:27:31.781,0.84092,0.84101,3.75,1.00
2017.06.23 12:27:31.832,0.84092,0.84101,1.50,1.00
2017.06.23 12:27:31.935,0.84092,0.84101,2.25,1.00
2017.06.23 12:27:32.480,0.84093,0.84102,1.50,1.00
2017.06.23 12:27:33.629,0.84094,0.84102,1.50,1.00
2017.06.23 12:27:34.140,0.84094,0.84098,1.00,1.00
2017.06.23 12:27:34.344,0.84088,0.84097,3.37,1.00
2017.06.23 12:27:34.447,0.84089,0.84097,1.50,1.20
2017.06.23 12:27:35.250,0.84089,0.84097,1.00,1.00
2017.06.23 12:27:35.403,0.84088,0.84099,2.25,1.57
2017.06.23 12:27:35.935,0.84088,0.84099,5.25,1.00
2017.06.23 12:27:36.526,0.84089,0.841,2.25,1.00
2017.06.23 12:27:37.049,0.84091,0.84101,1.50,1.00
2017.06.23 12:27:38.369,0.84089,0.84102,5.62,1.95
2017.06.23 12:27:38.522,0.84088,0.84097,3.37,1.00
2017.06.23 12:27:39.030,0.84088,0.84097,1.75,1.00
2017.06.23 12:27:39.132,0.84089,0.84099,1.50,1.95
2017.06.23 12:27:40.286,0.84089,0.841,2.25,1.20
2017.06.23 12:27:40.337,0.84089,0.841,4.12,1.10
2017.06.23 12:27:43.452,0.84092,0.84101,1.12,1.20
2017.06.23 12:27:44.266,0.84092,0.84101,1.37,1.10
2017.06.23 12:27:44.894,0.84092,0.84101,1.12,1.10
2017.06.23 12:27:45.573,0.84092,0.84099,1.12,1.00
2017.06.23 12:27:47.488,0.84093,0.84099,1.00,1.00
2017.06.23 12:27:47.540,0.84093,0.84101,1.00,1.20
2017.06.23 12:27:48.719,0.84093,0.84097,1.00,1.00
2017.06.23 12:27:48.962,0.84085,0.84093,2.25,1.00
2017.06.23 12:27:49.016,0.84083,0.84093,1.87,1.00
2017.06.23 12:27:49.170,0.84083,0.84093,3.75,1.00
2017.06.23 12:27:49.272,0.84084,0.84093,1.00,1.00
2017.06.23 12:27:52.070,0.84084,0.84094,2.25,1.00
2017.06.23 12:27:53.043,0.84086,0.84093,1.00,1.00
2017.06.23 12:27:53.590,0.84086,0.84094,1.00,1.00
2017.06.23 12:27:55.299,0.84085,0.84094,1.12,1.00
2017.06.23 12:27:57.518,0.84086,0.84094,1.00,1.00
2017.06.23 12:28:00.533,0.84089,0.84096,1.00,1.00
2017.06.23 12:28:01.042,0.8409,0.84096,1.00,1.00
2017.06.23 12:28:03.361,0.8409,0.84097,1.00,1.00
2017.06.23 12:28:03.787,0.84089,0.84095,1.12,1.00
2017.06.23 12:28:04.092,0.84085,0.84091,1.50,1.00
2017.06.23 12:28:04.245,0.84084,0.8409,1.12,1.00
2017.06.23 12:28:04.847,0.84083,0.8409,1.00,1.20
2017.06.23 12:28:04.950,0.84083,0.84091,1.00,1.20
2017.06.23 12:28:05.002,0.84081,0.84088,2.25,1.00
2017.06.23 12:28:05.308,0.84079,0.84086,1.12,1.00
2017.06.23 12:28:06.019,0.84076,0.84084,3.37,1.00
2017.06.23 12:28:06.121,0.84076,0.84083,1.50,1.00
2017.06.23 12:28:06.647,0.84076,0.84083,1.12,1.10
2017.06.23 12:28:09.006,0.84074,0.84082,1.75,1.20
2017.06.23 12:28:09.210,0.84072,0.8408,1.50,1.10
2017.06.23 12:28:09.472,0.84071,0.84075,1.00,1.00
2017.06.23 12:28:09.626,0.84067,0.84073,1.00,1.00
2017.06.23 12:28:09.762,0.84064,0.84073,1.87,1.00
2017.06.23 12:28:10.273,0.84063,0.84073,4.12,1.00
2017.06.23 12:28:10.324,0.84063,0.84071,1.50,1.00
2017.06.23 12:28:10.530,0.84064,0.84073,1.12,1.00
2017.06.23 12:28:10.687,0.84066,0.84073,1.00,1.00
2017.06.23 12:28:11.148,0.84065,0.84075,1.50,1.00
2017.06.23 12:28:11.200,0.84065,0.84073,1.50,1.00
2017.06.23 12:28:11.748,0.84064,0.84073,1.50,1.00
2017.06.23 12:28:12.054,0.84063,0.84071,1.50,1.00
2017.06.23 12:28:12.717,0.84063,0.84072,1.50,1.00
2017.06.23 12:28:13.223,0.84063,0.84073,1.50,1.00
2017.06.23 12:28:13.558,0.84067,0.84074,1.37,1.00
2017.06.23 12:28:13.814,0.84067,0.84076,1.50,1.00
2017.06.23 12:28:13.916,0.84067,0.84076,3.37,1.00
2017.06.23 12:28:14.120,0.84068,0.84076,1.00,1.00
2017.06.23 12:28:14.433,0.8407,0.84078,1.00,1.00
2017.06.23 12:28:14.945,0.8407,0.84077,1.00,1.20
2017.06.23 12:28:15.496,0.8407,0.84076,1.00,1.00
2017.06.23 12:28:16.002,0.8407,0.84076,1.00,1.20
2017.06.23 12:28:16.422,0.84068,0.84076,1.00,1.10
2017.06.23 12:28:17.398,0.84068,0.84074,1.00,1.00
2017.06.23 12:28:17.653,0.84064,0.84073,1.50,1.00
2017.06.23 12:28:18.324,0.84064,0.84075,4.12,1.95
2017.06.23 12:28:18.882,0.84067,0.84076,1.00,1.20
2017.06.23 12:28:19.633,0.84068,0.84076,1.00,1.00
2017.06.23 12:28:20.282,0.84068,0.84076,1.00,1.20
2017.06.23 12:28:20.892,0.84068,0.84074,1.00,1.00
2017.06.23 12:28:21.045,0.84064,0.84074,1.75,1.57
2017.06.23 12:28:21.436,0.84061,0.84072,4.12,1.10
2017.06.23 12:28:21.969,0.84061,0.84072,1.87,1.95
2017.06.23 12:28:22.294,0.8406,0.8407,1.00,2.32
2017.06.23 12:28:22.550,0.8406,0.8407,1.00,1.57
2017.06.23 12:28:23.091,0.84059,0.8407,1.87,1.12
2017.06.23 12:28:24.341,0.8406,0.8407,1.00,1.12
2017.06.23 12:28:25.434,0.8406,0.8407,1.37,1.00
2017.06.23 12:28:28.784,0.84063,0.8407,1.50,1.12
2017.06.23 12:28:29.089,0.84068,0.84077,1.50,1.00
2017.06.23 12:28:30.057,0.84068,0.84077,1.00,1.10
2017.06.23 12:28:30.462,0.84068,0.84078,1.75,1.00
2017.06.23 12:28:30.666,0.84072,0.84081,1.50,1.00
2017.06.23 12:28:31.202,0.84073,0.84081,1.12,1.00
2017.06.23 12:28:31.715,0.84074,0.84081,1.00,1.00
2017.06.23 12:28:32.076,0.84073,0.84083,1.87,1.12
2017.06.23 12:28:32.343,0.84074,0.84085,1.50,1.50
2017.06.23 12:28:32.886,0.84074,0.84085,1.12,1.50
2017.06.23 12:28:35.245,0.84077,0.84086,1.00,2.25
2017.06.23 12:28:35.398,0.84078,0.84087,1.00,1.50
2017.06.23 12:28:35.861,0.84076,0.84085,1.00,1.12
2017.06.23 12:28:36.992,0.84077,0.84086,1.00,1.50
2017.06.23 12:28:37.196,0.84078,0.84087,1.50,1.00
2017.06.23 12:28:37.742,0.84079,0.84088,1.12,1.00
2017.06.23 12:28:37.923,0.84079,0.84089,2.32,1.00
2017.06.23 12:28:38.078,0.84087,0.84096,1.10,1.87
2017.06.23 12:28:38.130,0.8409,0.84096,1.00,1.12
2017.06.23 12:28:38.284,0.84091,0.841,1.50,1.00
2017.06.23 12:28:38.572,0.84093,0.84103,1.00,1.12
2017.06.23 12:28:39.410,0.84093,0.84102,1.12,1.00
2017.06.23 12:28:39.615,0.84091,0.841,1.12,1.00
2017.06.23 12:28:40.209,0.84092,0.841,1.00,1.00
2017.06.23 12:28:40.312,0.8409,0.841,1.50,1.00
2017.06.23 12:28:40.916,0.84091,0.84101,1.00,1.87
2017.06.23 12:28:41.222,0.84091,0.84102,1.75,2.25
2017.06.23 12:28:41.762,0.84091,0.84102,1.50,1.12
2017.06.23 12:28:42.181,0.84092,0.84103,1.50,1.50
2017.06.23 12:28:43.988,0.84092,0.84103,1.87,1.00
2017.06.23 12:28:45.009,0.84092,0.84103,1.87,1.12
2017.06.23 12:28:45.484,0.84093,0.84101,2.62,1.00
2017.06.23 12:28:45.546,0.84093,0.84103,1.87,1.00
2017.06.23 12:28:46.073,0.84093,0.84102,1.87,1.00
2017.06.23 12:28:46.124,0.84093,0.84104,2.62,1.00
2017.06.23 12:28:46.329,0.84094,0.84102,1.50,1.00
2017.06.23 12:28:46.381,0.84094,0.84104,1.50,1.00
2017.06.23 12:28:46.432,0.84094,0.84102,1.50,1.00
2017.06.23 12:28:46.848,0.84094,0.84104,1.50,1.00
2017.06.23 12:28:47.364,0.84095,0.84104,1.50,1.00
2017.06.23 12:28:48.025,0.84095,0.84104,1.12,1.00
2017.06.23 12:28:48.738,0.84095,0.84103,1.00,1.00
2017.06.23 12:28:49.379,0.84095,0.84104,1.50,1.00
2017.06.23 12:28:49.907,0.84095,0.84103,1.00,1.00
2017.06.23 12:28:50.130,0.84097,0.84103,1.00,1.00
2017.06.23 12:28:50.405,0.84095,0.84103,1.12,1.00
2017.06.23 12:28:50.667,0.84095,0.84105,1.12,1.12
2017.06.23 12:28:51.304,0.84094,0.84105,2.62,1.12
2017.06.23 12:28:51.832,0.84096,0.84104,1.00,1.00
2017.06.23 12:28:52.338,0.84096,0.84105,1.00,1.00
2017.06.23 12:28:52.847,0.84094,0.84105,2.25,1.00
2017.06.23 12:28:53.356,0.84094,0.84104,2.25,1.12
2017.06.23 12:28:54.076,0.84094,0.84103,1.50,1.00
2017.06.23 12:28:54.179,0.84096,0.84104,1.50,1.00
2017.06.23 12:28:54.231,0.84094,0.84104,1.50,1.47
2017.06.23 12:28:54.866,0.84093,0.84103,1.50,1.00
2017.06.23 12:28:55.026,0.84092,0.84101,1.75,1.00
2017.06.23 12:28:55.333,0.8409,0.84099,1.00,1.00
2017.06.23 12:28:59.264,0.8409,0.84098,1.12,1.00
2017.06.23 12:29:00.129,0.8409,0.841,1.87,1.12
2017.06.23 12:29:00.619,0.84092,0.84101,1.00,1.50
2017.06.23 12:29:01.129,0.84093,0.84102,1.00,1.00
2017.06.23 12:29:01.721,0.84093,0.84103,1.00,2.32
2017.06.23 12:29:01.969,0.84091,0.84101,1.12,1.12
2017.06.23 12:29:02.343,0.84093,0.84102,1.00,1.75
2017.06.23 12:29:02.445,0.84093,0.84102,1.00,1.00
2017.06.23 12:29:02.548,0.84095,0.84104,1.00,1.87
2017.06.23 12:29:02.600,0.84093,0.84104,1.50,1.75
2017.06.23 12:29:03.701,0.84094,0.84103,1.00,1.75
2017.06.23 12:29:03.854,0.84094,0.84104,1.12,1.95
2017.06.23 12:29:04.355,0.84093,0.84104,1.87,1.20
2017.06.23 12:29:05.133,0.84093,0.84104,1.87,3.45
2017.06.23 12:29:07.837,0.84092,0.84102,1.50,1.57
2017.06.23 12:29:08.175,0.84092,0.84102,1.00,4.20
2017.06.23 12:29:08.747,0.84091,0.84102,1.12,3.75
2017.06.23 12:29:10.598,0.84091,0.841,1.00,1.12
2017.06.23 12:29:13.413,0.84089,0.84101,1.87,2.25
2017.06.23 12:29:13.566,0.8409,0.841,1.00,1.75
2017.06.23 12:29:13.770,0.8409,0.84102,1.00,2.62
2017.06.23 12:29:15.348,0.84089,0.84101,1.12,1.12
2017.06.23 12:29:15.451,0.84091,0.84102,1.50,3.37
2017.06.23 12:29:15.553,0.84094,0.84104,1.00,1.87
2017.06.23 12:29:15.656,0.84094,0.84106,1.75,1.37
2017.06.23 12:29:15.961,0.84096,0.84107,1.12,1.00
2017.06.23 12:29:16.160,0.84096,0.84107,2.25,1.12
2017.06.23 12:29:16.696,0.84096,0.84107,2.25,1.50
2017.06.23 12:29:18.109,0.84098,0.84109,1.12,1.87
2017.06.23 12:29:18.364,0.84101,0.84111,1.00,1.50
2017.06.23 12:29:18.545,0.84098,0.84107,2.62,1.00
2017.06.23 12:29:18.698,0.84097,0.84107,1.00,1.12
2017.06.23 12:29:19.212,0.84095,0.84107,1.50,1.12
2017.06.23 12:29:20.858,0.84096,0.84105,1.12,1.00
2017.06.23 12:29:21.938,0.84095,0.84107,1.50,1.00
2017.06.23 12:29:22.040,0.84098,0.84109,1.00,2.62
2017.06.23 12:29:22.598,0.84097,0.84109,1.50,1.47
2017.06.23 12:29:24.044,0.84099,0.84109,1.00,1.47
2017.06.23 12:29:24.295,0.841,0.84111,1.00,1.50
2017.06.23 12:29:24.826,0.841,0.8411,1.50,1.00
2017.06.23 12:29:25.365,0.841,0.8411,1.12,1.12
2017.06.23 12:29:25.934,0.84098,0.8411,1.75,1.57
2017.06.23 12:29:26.493,0.84098,0.8411,1.85,1.57
2017.06.23 12:29:27.006,0.84099,0.8411,1.00,1.57
2017.06.23 12:29:27.551,0.84097,0.84111,1.85,1.95
2017.06.23 12:29:28.059,0.84097,0.84112,1.75,1.95
2017.06.23 12:29:28.778,0.84099,0.84109,1.12,1.00
2017.06.23 12:29:29.389,0.84098,0.84111,1.50,1.50
2017.06.23 12:29:30.013,0.84097,0.8411,1.75,1.37
2017.06.23 12:29:30.217,0.84097,0.84112,4.12,2.25
2017.06.23 12:29:30.268,0.841,0.84112,1.50,1.50
2017.06.23 12:29:30.570,0.84101,0.84114,3.37,1.87
2017.06.23 12:29:30.622,0.84101,0.84113,3.37,1.00
2017.06.23 12:29:31.287,0.84101,0.84112,2.62,1.00
2017.06.23 12:29:31.830,0.84101,0.84114,3.37,4.12
2017.06.23 12:29:31.988,0.84099,0.84113,1.75,2.25
2017.06.23 12:29:33.035,0.84099,0.8411,2.25,1.00
2017.06.23 12:29:33.717,0.84098,0.84112,3.37,1.12
2017.06.23 12:29:34.073,0.84101,0.84112,1.00,1.75
2017.06.23 12:29:35.683,0.84099,0.8411,1.00,1.00
2017.06.23 12:29:37.172,0.841,0.8411,1.00,1.00
2017.06.23 12:29:37.429,0.84102,0.84111,1.00,1.00
2017.06.23 12:29:37.952,0.84102,0.8411,1.00,1.00
2017.06.23 12:29:39.181,0.84102,0.84112,1.00,1.00
2017.06.23 12:29:39.799,0.84102,0.8411,1.00,1.00
2017.06.23 12:29:40.107,0.84102,0.84113,1.00,1.00
2017.06.23 12:29:41.216,0.841,0.84113,1.50,1.00
2017.06.23 12:29:43.005,0.84099,0.84112,1.50,1.00
2017.06.23 12:29:43.312,0.84101,0.84114,1.00,1.00
2017.06.23 12:29:43.645,0.841,0.84112,1.50,1.00
2017.06.23 12:29:44.188,0.841,0.84113,1.00,1.00
2017.06.23 12:29:44.818,0.84104,0.84115,1.00,1.07
2017.06.23 12:29:44.971,0.84104,0.84116,1.00,1.00
2017.06.23 12:29:45.379,0.84105,0.84118,1.00,1.12
2017.06.23 12:29:45.913,0.84105,0.84117,1.00,1.00
2017.06.23 12:29:46.118,0.84105,0.8412,1.00,1.00
2017.06.23 12:29:46.169,0.84109,0.84119,1.00,1.00
2017.06.23 12:29:46.475,0.84108,0.84121,1.00,1.00
2017.06.23 12:29:46.842,0.8411,0.84121,1.00,1.00
2017.06.23 12:29:47.148,0.84112,0.84123,1.00,1.00
2017.06.23 12:29:47.694,0.84113,0.84124,1.00,1.00
2017.06.23 12:29:48.372,0.84109,0.84124,1.00,1.50
2017.06.23 12:29:48.526,0.84107,0.84123,1.00,1.00
2017.06.23 12:29:48.984,0.84105,0.84122,1.00,1.00
2017.06.23 12:29:49.547,0.84105,0.84121,1.00,1.00
2017.06.23 12:29:49.598,0.84108,0.84123,1.00,1.50
2017.06.23 12:29:50.078,0.84109,0.84125,1.00,1.00
2017.06.23 12:29:50.231,0.84114,0.84134,1.00,1.00
2017.06.23 12:29:50.333,0.84113,0.84132,1.00,1.00
2017.06.23 12:29:50.580,0.84121,0.84141,1.00,1.00
2017.06.23 12:29:50.733,0.84119,0.8414,1.00,1.00
2017.06.23 12:29:51.223,0.84121,0.84139,1.00,1.00
2017.06.23 12:29:51.529,0.8412,0.8414,1.75,1.00
2017.06.23 12:29:51.862,0.84126,0.84141,1.00,1.00
2017.06.23 12:29:52.168,0.84126,0.84145,2.85,1.00
2017.06.23 12:29:52.575,0.84126,0.8414,2.47,1.00
2017.06.23 12:29:52.882,0.84134,0.8414,1.12,1.00
2017.06.23 12:29:53.241,0.84134,0.84142,1.95,1.00
2017.06.23 12:29:53.344,0.84133,0.84141,1.20,1.00
2017.06.23 12:29:53.396,0.84134,0.84145,1.95,1.00
2017.06.23 12:29:53.448,0.84136,0.84145,1.50,1.00
2017.06.23 12:29:53.654,0.84143,0.84153,1.50,1.00
2017.06.23 12:29:53.705,0.84143,0.84153,1.75,1.00
2017.06.23 12:29:53.757,0.84147,0.84157,1.35,1.00
2017.06.23 12:29:53.808,0.84145,0.84156,2.02,1.00
2017.06.23 12:29:53.946,0.84149,0.84165,1.75,1.00
2017.06.23 12:29:53.997,0.84151,0.84161,1.95,1.00
2017.06.23 12:29:54.302,0.84156,0.84163,1.50,1.00
2017.06.23 12:29:54.353,0.84156,0.84165,1.75,1.00
2017.06.23 12:29:54.404,0.84158,0.84174,1.75,1.00
2017.06.23 12:29:54.456,0.8416,0.8418,1.50,1.00
2017.06.23 12:29:54.557,0.84165,0.84178,1.00,1.00
2017.06.23 12:29:54.883,0.8416,0.84175,1.75,1.00
2017.06.23 12:29:54.935,0.8416,0.84175,1.75,1.00
2017.06.23 12:29:55.395,0.8416,0.84177,1.75,1.12
2017.06.23 12:29:56.003,0.8416,0.84176,1.75,1.00
2017.06.23 12:29:56.238,0.84158,0.84175,1.75,1.00
2017.06.23 12:29:56.340,0.84154,0.84175,1.75,1.00
2017.06.23 12:29:57.018,0.84155,0.84176,1.75,1.00
2017.06.23 12:29:57.069,0.84156,0.84182,1.75,2.25
2017.06.23 12:29:57.120,0.84156,0.84175,1.75,1.00
2017.06.23 12:29:57.171,0.84156,0.8418,1.75,1.00
2017.06.23 12:29:57.222,0.84156,0.84178,1.75,1.00
2017.06.23 12:29:57.273,0.84156,0.84181,1.75,1.12
2017.06.23 12:29:57.376,0.84156,0.84179,1.75,1.00
2017.06.23 12:29:57.528,0.84154,0.84179,1.75,1.00
2017.06.23 12:29:58.391,0.84147,0.84176,1.75,1.00
2017.06.23 12:29:58.696,0.84142,0.84161,1.12,1.00
2017.06.23 12:29:58.748,0.84135,0.84161,1.75,1.00
2017.06.23 12:29:58.850,0.84135,0.8416,1.75,1.00
2017.06.23 12:29:59.156,0.84138,0.84161,1.75,1.00
2017.06.23 12:29:59.668,0.84138,0.84162,1.75,1.00
2017.06.23 12:29:59.972,0.84128,0.84164,1.20,1.00
2017.06.23 12:30:00.024,0.84137,0.84164,1.00,1.00
2017.06.23 12:30:00.075,0.84138,0.84171,1.00,1.00
2017.06.23 12:30:00.177,0.84136,0.84174,1.12,1.00
2017.06.23 12:30:00.229,0.84138,0.84177,1.00,1.50
2017.06.23 12:30:00.281,0.84142,0.84173,1.00,1.00
2017.06.23 12:30:00.491,0.84139,0.84171,1.00,1.00
2017.06.23 12:30:00.645,0.8413,0.84165,1.12,1.00
2017.06.23 12:30:00.696,0.83973,0.84018,1.37,1.87
2017.06.23 12:30:00.748,0.84124,0.84134,1.75,9.75
2017.06.23 12:30:00.799,0.84124,0.84174,1.75,1.00
2017.06.23 12:30:00.850,0.8396,0.83968,7.49,1.00
2017.06.23 12:30:01.070,0.8392,0.8395,1.00,1.20
2017.06.23 12:30:01.121,0.8392,0.83948,1.00,1.97
2017.06.23 12:30:01.172,0.83904,0.83943,4.12,1.00
2017.06.23 12:30:01.223,0.83902,0.83918,1.75,1.00
2017.06.23 12:30:01.274,0.83882,0.83918,1.00,1.00
2017.06.23 12:30:01.325,0.83882,0.83915,1.00,1.90
2017.06.23 12:30:01.485,0.83866,0.83901,1.00,1.82
2017.06.23 12:30:01.536,0.83866,0.83896,1.00,1.27
2017.06.23 12:30:01.687,0.83848,0.83893,1.50,1.20
2017.06.23 12:30:01.739,0.83856,0.83904,1.00,1.95
2017.06.23 12:30:02.090,0.83842,0.83885,1.00,1.00
2017.06.23 12:30:02.142,0.83842,0.83878,1.00,1.00
2017.06.23 12:30:02.246,0.83835,0.83872,1.00,1.00
2017.06.23 12:30:02.503,0.83844,0.83867,1.00,1.00
2017.06.23 12:30:02.605,0.8383,0.83862,1.00,1.00
2017.06.23 12:30:02.657,0.83826,0.83863,2.25,1.00
2017.06.23 12:30:02.708,0.83827,0.83851,1.12,1.00
2017.06.23 12:30:02.810,0.83836,0.83862,1.00,1.00
2017.06.23 12:30:02.861,0.83824,0.83858,1.00,2.10
2017.06.23 12:30:02.913,0.83821,0.83844,1.42,1.00
2017.06.23 12:30:03.239,0.83829,0.83837,1.00,1.00
2017.06.23 12:30:03.394,0.83827,0.83841,1.00,1.00
2017.06.23 12:30:03.445,0.83831,0.83841,1.00,1.00
2017.06.23 12:30:03.497,0.8382,0.83841,1.00,1.00
2017.06.23 12:30:03.613,0.83819,0.83827,1.00,0.75
2017.06.23 12:30:03.666,0.83809,0.83823,1.00,1.00
2017.06.23 12:30:03.819,0.83809,0.8382,1.00,1.00
2017.06.23 12:30:04.127,0.8383,0.83839,1.00,1.00
2017.06.23 12:30:04.314,0.83833,0.83845,1.00,1.00
2017.06.23 12:30:04.365,0.83834,0.8384,1.00,1.00
2017.06.23 12:30:04.570,0.83817,0.83837,1.00,1.00
2017.06.23 12:30:04.622,0.83821,0.83837,1.00,1.00
2017.06.23 12:30:04.925,0.83836,0.83848,1.00,1.00
2017.06.23 12:30:04.986,0.8383,0.83848,1.00,1.00
2017.06.23 12:30:05.037,0.83826,0.8384,1.00,1.00
2017.06.23 12:30:05.190,0.8382,0.83836,1.00,1.00
2017.06.23 12:30:05.241,0.83819,0.83825,1.00,1.00
2017.06.23 12:30:05.344,0.83815,0.83823,1.00,1.00
2017.06.23 12:30:05.396,0.83819,0.83823,1.00,1.00
2017.06.23 12:30:05.447,0.83815,0.83823,1.00,1.00
2017.06.23 12:30:05.668,0.83824,0.83834,1.00,1.00
2017.06.23 12:30:05.720,0.83818,0.83832,1.50,0.75
2017.06.23 12:30:05.771,0.83831,0.83837,1.00,1.00
2017.06.23 12:30:05.822,0.83827,0.83837,1.00,1.00
2017.06.23 12:30:05.873,0.83831,0.83839,1.00,1.00
2017.06.23 12:30:05.924,0.83831,0.83843,1.00,1.00
2017.06.23 12:30:06.027,0.83834,0.83849,1.00,1.00
2017.06.23 12:30:06.079,0.83839,0.83849,1.00,1.00
2017.06.23 12:30:06.183,0.83833,0.83849,1.00,1.00
2017.06.23 12:30:06.429,0.83832,0.83856,1.00,1.00
2017.06.23 12:30:06.480,0.83829,0.83836,1.00,1.00
2017.06.23 12:30:06.531,0.83826,0.83843,1.00,1.00
2017.06.23 12:30:06.582,0.83822,0.83838,1.37,1.00
2017.06.23 12:30:06.684,0.83806,0.83831,1.75,1.00
2017.06.23 12:30:06.786,0.83818,0.83831,1.00,1.00
2017.06.23 12:30:06.888,0.83827,0.83849,1.00,1.00
2017.06.23 12:30:07.089,0.83835,0.83843,1.00,1.00
2017.06.23 12:30:07.293,0.83826,0.83841,1.00,1.00
2017.06.23 12:30:07.345,0.8383,0.83848,1.00,1.00
2017.06.23 12:30:07.399,0.83818,0.8384,1.00,1.00
2017.06.23 12:30:07.450,0.83814,0.83832,1.00,1.00
2017.06.23 12:30:07.501,0.83806,0.83828,1.00,1.00
2017.06.23 12:30:07.552,0.83818,0.83836,1.00,1.00
2017.06.23 12:30:07.756,0.83818,0.83839,1.00,1.00
2017.06.23 12:30:07.807,0.83814,0.83838,1.00,1.00
2017.06.23 12:30:07.932,0.83812,0.83834,1.00,1.00
2017.06.23 12:30:08.034,0.83807,0.83834,1.00,1.00
2017.06.23 12:30:08.086,0.83806,0.83827,1.00,1.00
2017.06.23 12:30:08.289,0.8381,0.83833,1.00,1.50
2017.06.23 12:30:08.391,0.83804,0.83828,1.00,1.00
2017.06.23 12:30:08.544,0.83798,0.83821,1.50,1.00
2017.06.23 12:30:08.847,0.83799,0.83815,1.00,1.00
2017.06.23 12:30:08.950,0.83794,0.83815,1.00,1.50
2017.06.23 12:30:09.002,0.83791,0.83816,1.00,1.00
2017.06.23 12:30:09.054,0.83795,0.83816,1.00,1.00
2017.06.23 12:30:09.158,0.83794,0.83819,1.00,1.00
2017.06.23 12:30:09.209,0.83794,0.83814,1.00,1.00
2017.06.23 12:30:09.311,0.83791,0.83813,1.50,1.00
2017.06.23 12:30:09.363,0.83798,0.83813,1.00,1.00
2017.06.23 12:30:09.414,0.83796,0.83813,1.00,1.00
2017.06.23 12:30:09.619,0.83794,0.83814,1.00,1.00
2017.06.23 12:30:09.684,0.83803,0.83817,1.00,1.00
2017.06.23 12:30:09.735,0.83794,0.8381,1.00,1.00
2017.06.23 12:30:09.837,0.83786,0.83807,1.00,1.00
2017.06.23 12:30:09.889,0.83801,0.83814,1.00,1.00
2017.06.23 12:30:09.941,0.83789,0.83809,1.00,1.00
2017.06.23 12:30:09.992,0.83786,0.83798,1.00,1.00
2017.06.23 12:30:10.094,0.83794,0.83809,1.00,1.00
2017.06.23 12:30:10.145,0.8379,0.83809,1.50,1.00
2017.06.23 12:30:10.197,0.83784,0.83807,1.00,1.00
2017.06.23 12:30:10.248,0.83789,0.83809,1.00,1.00
2017.06.23 12:30:10.299,0.83784,0.83805,1.00,1.00
2017.06.23 12:30:10.350,0.838,0.83806,1.00,1.00
2017.06.23 12:30:10.506,0.83795,0.83816,1.00,1.00
2017.06.23 12:30:10.558,0.83786,0.83809,1.00,1.00
2017.06.23 12:30:10.662,0.8378,0.83805,1.00,2.25
2017.06.23 12:30:10.816,0.83768,0.83792,1.00,1.75
2017.06.23 12:30:10.969,0.83767,0.83786,1.00,1.00
2017.06.23 12:30:11.071,0.8377,0.8379,1.00,1.00
2017.06.23 12:30:11.123,0.8378,0.8379,1.00,1.00
2017.06.23 12:30:11.373,0.83751,0.83763,1.00,1.00
2017.06.23 12:30:11.425,0.83733,0.83755,1.00,1.37
2017.06.23 12:30:11.477,0.83729,0.83748,1.95,1.00
2017.06.23 12:30:11.579,0.83723,0.83742,1.00,1.00
2017.06.23 12:30:11.631,0.83715,0.83734,1.75,1.00
2017.06.23 12:30:11.684,0.83711,0.83734,1.00,1.00
2017.06.23 12:30:11.809,0.83711,0.83738,1.00,1.00
2017.06.23 12:30:11.866,0.83714,0.83732,1.00,1.00
2017.06.23 12:30:11.919,0.83715,0.83738,1.00,1.00
2017.06.23 12:30:11.971,0.83712,0.83738,1.00,1.00
2017.06.23 12:30:12.125,0.83709,0.83729,1.00,3.75
2017.06.23 12:30:12.436,0.83698,0.83724,1.00,1.00
2017.06.23 12:30:12.489,0.83705,0.83729,1.00,1.00
2017.06.23 12:30:12.796,0.83697,0.83717,1.00,1.00
2017.06.23 12:30:13.100,0.83717,0.8374,1.00,1.00
2017.06.23 12:30:13.152,0.83717,0.83742,1.00,1.00
2017.06.23 12:30:13.203,0.83723,0.83745,1.00,1.50
2017.06.23 12:30:13.254,0.83722,0.83747,1.00,1.00
2017.06.23 12:30:13.358,0.83728,0.83754,1.00,2.62
2017.06.23 12:30:13.665,0.83733,0.83743,1.00,1.00
2017.06.23 12:30:13.717,0.83725,0.83739,1.35,1.00
2017.06.23 12:30:13.971,0.83712,0.83726,3.37,1.00
2017.06.23 12:30:14.022,0.83714,0.83737,1.50,1.75
2017.06.23 12:30:14.073,0.83714,0.83737,1.75,1.12
2017.06.23 12:30:14.176,0.83715,0.83723,2.62,1.00
2017.06.23 12:30:14.227,0.83715,0.83728,2.62,1.00
2017.06.23 12:30:14.278,0.83712,0.83722,2.62,1.00
2017.06.23 12:30:14.381,0.83698,0.83716,2.62,1.00
2017.06.23 12:30:14.483,0.83697,0.83716,1.75,1.00
2017.06.23 12:30:14.809,0.837,0.83718,1.75,1.00
2017.06.23 12:30:15.115,0.83702,0.83724,1.75,1.12
2017.06.23 12:30:15.217,0.83705,0.83724,1.00,1.50
2017.06.23 12:30:15.523,0.83711,0.8372,1.00,1.00
2017.06.23 12:30:15.871,0.83724,0.83739,1.12,1.00
2017.06.23 12:30:15.922,0.83724,0.83742,1.12,1.00
2017.06.23 12:30:15.973,0.83728,0.83742,1.00,3.37
2017.06.23 12:30:16.025,0.83721,0.83742,1.00,3.37
2017.06.23 12:30:16.076,0.83725,0.83742,1.12,1.00
2017.06.23 12:30:16.128,0.83721,0.83739,2.62,1.00
2017.06.23 12:30:16.179,0.83718,0.83739,1.75,1.00
2017.06.23 12:30:16.333,0.8372,0.83735,1.00,1.00
2017.06.23 12:30:16.643,0.83725,0.83736,1.00,2.62
2017.06.23 12:30:16.797,0.83734,0.8375,1.50,2.62
2017.06.23 12:30:16.851,0.83736,0.8375,1.00,2.62
2017.06.23 12:30:16.903,0.83736,0.83753,1.50,1.00
2017.06.23 12:30:17.057,0.83739,0.83753,1.00,1.00
2017.06.23 12:30:17.108,0.83735,0.83753,1.50,1.00
2017.06.23 12:30:17.210,0.83734,0.8375,3.00,1.00
2017.06.23 12:30:17.351,0.83733,0.83753,2.62,1.37
2017.06.23 12:30:17.402,0.83732,0.83753,1.50,1.50
2017.06.23 12:30:17.504,0.8373,0.83751,1.50,1.75
2017.06.23 12:30:17.810,0.83729,0.83747,1.00,3.37
2017.06.23 12:30:17.914,0.83729,0.83749,2.25,1.12
2017.06.23 12:30:18.016,0.83726,0.83733,2.25,1.00
2017.06.23 12:30:18.068,0.83725,0.83737,2.62,1.30
2017.06.23 12:30:18.119,0.83725,0.83731,2.62,1.00
2017.06.23 12:30:18.312,0.83712,0.83722,1.00,4.12
2017.06.23 12:30:18.364,0.83718,0.83727,1.00,2.62
2017.06.23 12:30:18.415,0.83718,0.83724,1.00,1.00
2017.06.23 12:30:18.466,0.83712,0.83726,1.12,1.37
2017.06.23 12:30:18.518,0.83715,0.83734,1.00,2.62
2017.06.23 12:30:18.569,0.83727,0.83731,1.00,1.00
2017.06.23 12:30:18.671,0.83733,0.83753,1.00,1.37
2017.06.23 12:30:18.723,0.83739,0.83753,1.00,3.37
2017.06.23 12:30:18.927,0.83739,0.83756,1.12,1.00
2017.06.23 12:30:19.233,0.83735,0.83756,1.12,2.62
2017.06.23 12:30:19.744,0.83736,0.83756,1.00,1.12
2017.06.23 12:30:20.203,0.83736,0.83758,1.12,2.25
2017.06.23 12:30:20.588,0.83742,0.83758,1.00,3.37
2017.06.23 12:30:20.894,0.83743,0.83762,1.00,3.37
2017.06.23 12:30:20.996,0.83746,0.83762,1.00,1.50
2017.06.23 12:30:21.302,0.83753,0.83773,1.12,2.25
2017.06.23 12:30:21.412,0.83753,0.83773,1.50,1.87
2017.06.23 12:30:21.514,0.83757,0.83774,1.00,1.00
2017.06.23 12:30:21.821,0.83759,0.83777,1.00,3.37
2017.06.23 12:30:21.873,0.83757,0.83777,1.50,2.62
2017.06.23 12:30:21.924,0.83757,0.83778,1.50,1.75
2017.06.23 12:30:21.975,0.83762,0.83778,1.50,1.75
2017.06.23 12:30:22.303,0.83774,0.83783,1.00,2.62
2017.06.23 12:30:22.406,0.83774,0.8379,1.00,2.25
2017.06.23 12:30:22.508,0.83774,0.8379,1.00,1.12
2017.06.23 12:30:22.611,0.83776,0.83788,1.00,1.12
2017.06.23 12:30:22.867,0.83774,0.83789,1.00,1.12
2017.06.23 12:30:23.021,0.83775,0.83789,1.00,3.37
2017.06.23 12:30:23.123,0.83772,0.83789,1.87,3.37
2017.06.23 12:30:23.313,0.83771,0.83789,1.00,1.75
2017.06.23 12:30:23.416,0.8377,0.83788,1.00,1.75
2017.06.23 12:30:23.621,0.83773,0.83792,1.12,1.75
2017.06.23 12:30:23.825,0.83777,0.83795,2.62,3.37
2017.06.23 12:30:24.029,0.83784,0.83803,1.12,1.75
2017.06.23 12:30:24.235,0.83784,0.83802,1.12,1.00
2017.06.23 12:30:24.339,0.83782,0.83801,1.87,1.12
2017.06.23 12:30:24.390,0.83784,0.83803,1.00,2.25
2017.06.23 12:30:24.696,0.83787,0.83803,1.00,2.62
2017.06.23 12:30:24.900,0.83787,0.83803,1.50,1.00
2017.06.23 12:30:25.207,0.83784,0.83799,1.12,1.00
2017.06.23 12:30:25.309,0.83782,0.83799,1.75,1.00
2017.06.23 12:30:25.412,0.8378,0.83798,1.12,1.00
2017.06.23 12:30:25.655,0.83787,0.838,1.00,1.00
2017.06.23 12:30:25.808,0.83785,0.83802,1.12,1.37
2017.06.23 12:30:26.029,0.83782,0.83799,3.00,1.00
2017.06.23 12:30:26.081,0.83783,0.83801,1.75,1.00
2017.06.23 12:30:26.132,0.83782,0.83797,1.37,1.00
2017.06.23 12:30:26.338,0.83777,0.83796,2.25,1.50
2017.06.23 12:30:26.389,0.83777,0.83796,2.62,1.37
2017.06.23 12:30:26.698,0.83768,0.83786,1.37,1.00
2017.06.23 12:30:27.047,0.83769,0.83789,1.50,1.50
2017.06.23 12:30:27.099,0.83774,0.8379,1.37,1.75
2017.06.23 12:30:27.253,0.83782,0.83796,1.00,1.50
2017.06.23 12:30:27.304,0.83774,0.83791,1.12,1.00
2017.06.23 12:30:27.458,0.83771,0.83788,1.12,1.00
2017.06.23 12:30:27.623,0.83769,0.83785,1.12,1.50
2017.06.23 12:30:27.949,0.83769,0.83785,1.50,1.00
2017.06.23 12:30:28.052,0.83773,0.83787,1.00,1.50
2017.06.23 12:30:28.154,0.83773,0.83789,1.00,1.00
2017.06.23 12:30:28.512,0.8377,0.83786,1.12,1.00
2017.06.23 12:30:28.830,0.83773,0.83778,1.00,1.00
2017.06.23 12:30:28.882,0.8377,0.83778,1.00,1.00
2017.06.23 12:30:28.985,0.83767,0.83778,1.50,1.00
2017.06.23 12:30:29.242,0.8377,0.83778,1.00,1.00
2017.06.23 12:30:29.446,0.83768,0.83778,1.00,1.00
2017.06.23 12:30:29.701,0.83769,0.83782,1.00,1.00
2017.06.23 12:30:29.753,0.83768,0.83785,1.12,1.87
2017.06.23 12:30:29.879,0.8377,0.8378,1.00,3.75
2017.06.23 12:30:29.934,0.83757,0.83777,1.75,1.87
2017.06.23 12:30:30.037,0.83757,0.83774,1.00,1.12
2017.06.23 12:30:30.088,0.83759,0.83775,1.00,1.37
2017.06.23 12:30:30.192,0.83757,0.83775,1.00,1.75
2017.06.23 12:30:30.346,0.83768,0.83773,1.00,1.50
2017.06.23 12:30:30.398,0.83763,0.83775,1.12,1.37
2017.06.23 12:30:30.450,0.83763,0.83779,1.87,1.12
2017.06.23 12:30:30.552,0.83763,0.8378,1.87,1.37
2017.06.23 12:30:30.794,0.83765,0.83782,1.12,1.12
2017.06.23 12:30:31.303,0.83765,0.83782,1.50,1.75
2017.06.23 12:30:31.610,0.8377,0.83783,1.00,1.75
2017.06.23 12:30:31.974,0.83768,0.83784,1.00,1.75
2017.06.23 12:30:32.026,0.83765,0.83779,1.75,1.50
2017.06.23 12:30:32.130,0.83766,0.83781,1.00,1.00
2017.06.23 12:30:32.183,0.83765,0.83782,1.37,3.75
2017.06.23 12:30:32.489,0.83763,0.8378,1.12,3.75
2017.06.23 12:30:32.643,0.83763,0.83781,1.87,4.50
2017.06.23 12:30:33.037,0.83766,0.83775,1.00,1.75
2017.06.23 12:30:33.089,0.83758,0.83772,2.25,1.00
2017.06.23 12:30:33.140,0.83764,0.83775,1.00,2.25
2017.06.23 12:30:33.242,0.83759,0.83771,1.00,1.00
2017.06.23 12:30:33.294,0.83755,0.83767,1.12,1.00
2017.06.23 12:30:33.447,0.83752,0.83765,1.00,1.00
2017.06.23 12:30:33.600,0.83754,0.83765,1.00,1.00
2017.06.23 12:30:33.907,0.83752,0.83768,1.00,1.75
2017.06.23 12:30:33.958,0.83755,0.83768,1.00,1.75
2017.06.23 12:30:34.300,0.83762,0.83772,1.00,1.37
2017.06.23 12:30:34.403,0.83758,0.83771,1.12,1.00
2017.06.23 12:30:34.812,0.83761,0.83775,1.00,1.37
2017.06.23 12:30:34.863,0.83762,0.83775,1.00,1.12
2017.06.23 12:30:34.914,0.83762,0.83774,1.00,1.75
2017.06.23 12:30:34.966,0.83756,0.83772,1.50,1.50
2017.06.23 12:30:35.018,0.83756,0.83772,1.50,1.75
2017.06.23 12:30:35.569,0.83755,0.83772,1.00,1.75
2017.06.23 12:30:36.082,0.83756,0.83771,1.00,1.50
2017.06.23 12:30:36.594,0.83755,0.83772,1.50,1.12
2017.06.23 12:30:36.941,0.83749,0.83753,1.12,1.00
2017.06.23 12:30:36.993,0.83739,0.83744,1.00,1.50
2017.06.23 12:30:37.044,0.83732,0.83743,1.00,1.12
2017.06.23 12:30:37.146,0.83732,0.83745,1.50,1.12
2017.06.23 12:30:37.249,0.83736,0.83745,1.00,1.00
2017.06.23 12:30:37.851,0.83743,0.83747,1.00,1.00
2017.06.23 12:30:37.954,0.83749,0.83753,1.00,1.12
2017.06.23 12:30:38.057,0.8375,0.83757,1.00,1.00
2017.06.23 12:30:38.578,0.8375,0.83756,1.00,1.00
2017.06.23 12:30:38.781,0.83748,0.83756,1.00,1.00
2017.06.23 12:30:39.037,0.83744,0.83753,2.25,1.00
2017.06.23 12:30:39.343,0.8375,0.83755,1.00,1.00
2017.06.23 12:30:39.886,0.83751,0.83755,1.00,1.00
2017.06.23 12:30:40.039,0.83748,0.83753,1.00,1.00
2017.06.23 12:30:40.192,0.83746,0.83751,1.00,1.00
2017.06.23 12:30:40.294,0.83746,0.83753,1.00,1.00
2017.06.23 12:30:40.447,0.83744,0.8375,1.00,1.00
2017.06.23 12:30:40.980,0.83744,0.83749,1.00,1.00
2017.06.23 12:30:41.184,0.83742,0.83748,1.00,1.00
2017.06.23 12:30:41.772,0.83741,0.83748,1.00,1.00
2017.06.23 12:30:41.874,0.83741,0.83751,1.00,1.00
2017.06.23 12:30:41.977,0.83738,0.83747,1.00,1.00
2017.06.23 12:30:42.028,0.83741,0.83753,1.00,1.50
2017.06.23 12:30:42.167,0.83736,0.83748,1.12,1.00
2017.06.23 12:30:42.473,0.8374,0.83746,1.00,1.00
2017.06.23 12:30:42.880,0.83738,0.83745,1.00,1.00
2017.06.23 12:30:43.176,0.83736,0.8374,1.00,1.00
2017.06.23 12:30:43.227,0.83734,0.8374,1.00,1.00
2017.06.23 12:30:43.330,0.83735,0.83747,1.00,2.62
2017.06.23 12:30:43.840,0.83734,0.83742,1.00,1.00
2017.06.23 12:30:43.892,0.83735,0.83744,1.00,1.00
2017.06.23 12:30:43.943,0.83739,0.83746,1.00,1.37
2017.06.23 12:30:44.054,0.83739,0.83748,1.00,1.12
2017.06.23 12:30:44.106,0.83742,0.83749,1.00,1.12
2017.06.23 12:30:44.463,0.83744,0.83749,1.00,1.00
2017.06.23 12:30:44.566,0.83744,0.83751,1.00,1.00
2017.06.23 12:30:44.770,0.83742,0.83751,1.00,1.00
2017.06.23 12:30:44.822,0.83738,0.83748,1.00,1.00
2017.06.23 12:30:44.874,0.83736,0.83746,1.12,1.00
2017.06.23 12:30:44.926,0.83736,0.83748,1.12,1.00
2017.06.23 12:30:45.029,0.83736,0.83748,1.00,1.75
2017.06.23 12:30:45.364,0.83727,0.83739,3.75,2.25
2017.06.23 12:30:45.416,0.83726,0.83735,1.00,1.00
2017.06.23 12:30:45.519,0.83729,0.83738,1.00,1.20
2017.06.23 12:30:45.570,0.83725,0.83735,1.00,1.12
2017.06.23 12:30:45.723,0.83725,0.83735,1.00,4.50
2017.06.23 12:30:45.826,0.83719,0.83731,1.00,4.50
2017.06.23 12:30:46.433,0.83715,0.83724,1.00,1.00
2017.06.23 12:30:46.946,0.83715,0.83724,1.00,1.50
2017.06.23 12:30:47.201,0.83712,0.83723,1.00,1.00
2017.06.23 12:30:47.405,0.83709,0.83721,1.00,1.00
2017.06.23 12:30:47.645,0.83708,0.8372,1.00,1.75
2017.06.23 12:30:47.799,0.83709,0.83721,1.00,1.87
2017.06.23 12:30:47.952,0.83706,0.83718,1.00,1.00
2017.06.23 12:30:48.105,0.83706,0.83718,1.00,1.75
2017.06.23 12:30:48.361,0.83706,0.83718,1.00,1.00
2017.06.23 12:30:48.412,0.83708,0.8372,1.00,1.37
2017.06.23 12:30:48.723,0.83713,0.83723,1.00,1.00
2017.06.23 12:30:48.778,0.83713,0.83725,1.00,1.00
2017.06.23 12:30:48.880,0.83709,0.83724,2.25,1.00
2017.06.23 12:30:49.033,0.83708,0.8372,1.75,1.00
2017.06.23 12:30:49.289,0.83697,0.83711,1.37,1.12
2017.06.23 12:30:49.341,0.83693,0.83707,1.50,1.87
2017.06.23 12:30:49.494,0.83688,0.83702,1.87,1.00
2017.06.23 12:30:49.787,0.83692,0.83704,1.00,1.00
2017.06.23 12:30:49.889,0.83692,0.83706,1.12,1.00
2017.06.23 12:30:50.144,0.83693,0.83704,1.00,1.00
2017.06.23 12:30:50.450,0.837,0.83712,1.00,1.12
2017.06.23 12:30:50.502,0.83705,0.83713,1.00,1.12
2017.06.23 12:30:50.693,0.83722,0.83733,1.00,1.00
2017.06.23 12:30:51.050,0.83719,0.83731,1.75,1.00
2017.06.23 12:30:51.152,0.83715,0.8373,4.12,1.12
2017.06.23 12:30:51.203,0.83716,0.83728,1.50,1.00
2017.06.23 12:30:51.254,0.83716,0.83731,1.12,1.00
2017.06.23 12:30:51.758,0.83717,0.83732,1.87,1.50
2017.06.23 12:30:52.065,0.83719,0.83733,1.00,2.25
2017.06.23 12:30:52.425,0.8372,0.83733,1.00,1.87
2017.06.23 12:30:52.629,0.83717,0.8373,1.87,1.00
2017.06.23 12:30:53.023,0.83716,0.83729,1.50,1.30
2017.06.23 12:30:53.382,0.83713,0.83727,2.62,1.00
2017.06.23 12:30:53.636,0.83715,0.83731,1.87,3.00
2017.06.23 12:30:54.178,0.83716,0.83727,1.87,1.00
2017.06.23 12:30:54.384,0.83712,0.83724,1.50,1.00
2017.06.23 12:30:54.842,0.83712,0.83726,1.50,1.50
2017.06.23 12:30:55.046,0.83714,0.83726,1.12,1.50
2017.06.23 12:30:56.390,0.83711,0.83724,4.87,1.00
2017.06.23 12:30:56.543,0.83711,0.83724,1.12,1.00
2017.06.23 12:30:56.595,0.83714,0.83724,1.00,1.00
2017.06.23 12:30:56.956,0.83712,0.83724,1.00,1.00
2017.06.23 12:30:57.058,0.83714,0.83726,1.00,2.25
2017.06.23 12:30:57.568,0.83714,0.83726,1.00,2.62
2017.06.23 12:30:58.074,0.83713,0.83725,1.00,1.00
2017.06.23 12:30:58.430,0.83715,0.83726,1.00,1.12
2017.06.23 12:30:59.275,0.83716,0.83727,1.00,1.50
2017.06.23 12:30:59.784,0.83715,0.83726,1.00,1.00
2017.06.23 12:31:00.255,0.83712,0.83726,1.50,1.50
2017.06.23 12:31:00.306,0.83714,0.83727,1.00,1.00
2017.06.23 12:31:00.639,0.83711,0.83726,2.25,1.12
2017.06.23 12:31:00.692,0.83709,0.83722,1.87,1.20
2017.06.23 12:31:00.743,0.8371,0.83722,1.12,1.10
2017.06.23 12:31:00.794,0.83707,0.83721,1.37,1.50
2017.06.23 12:31:00.846,0.83707,0.83721,1.00,1.50
2017.06.23 12:31:01.406,0.83706,0.83718,1.00,1.20
2017.06.23 12:31:01.778,0.83705,0.83715,1.00,1.20
2017.06.23 12:31:01.831,0.83702,0.83715,1.95,1.12
2017.06.23 12:31:01.986,0.83702,0.83715,1.50,1.45
2017.06.23 12:31:02.088,0.83702,0.83715,1.50,1.20
2017.06.23 12:31:02.140,0.83705,0.83715,1.00,1.00
2017.06.23 12:31:02.395,0.83703,0.83715,1.00,1.00
2017.06.23 12:31:02.537,0.83705,0.83715,1.00,1.00
2017.06.23 12:31:03.096,0.83704,0.83715,1.00,1.20
2017.06.23 12:31:03.402,0.83702,0.83713,1.00,1.00
2017.06.23 12:31:03.754,0.83705,0.83714,1.00,1.00
2017.06.23 12:31:03.856,0.83703,0.83715,1.00,1.50
2017.06.23 12:31:04.213,0.83699,0.83714,1.95,1.00
2017.06.23 12:31:04.519,0.83699,0.83712,1.85,1.00
2017.06.23 12:31:05.034,0.837,0.83712,1.00,1.00
2017.06.23 12:31:05.290,0.83698,0.83713,2.62,1.50
2017.06.23 12:31:05.647,0.83704,0.83712,1.00,1.00
2017.06.23 12:31:05.750,0.83704,0.83716,1.95,1.12
2017.06.23 12:31:05.893,0.83704,0.83717,1.57,1.00
2017.06.23 12:31:05.949,0.83703,0.83716,1.87,1.00
2017.06.23 12:31:06.358,0.83701,0.83716,1.50,1.87
2017.06.23 12:31:06.410,0.83701,0.83713,1.50,1.00
2017.06.23 12:31:07.024,0.83701,0.83711,1.00,1.00
2017.06.23 12:31:07.177,0.83699,0.83711,1.00,1.00
2017.06.23 12:31:07.689,0.837,0.83713,1.12,1.67
2017.06.23 12:31:07.829,0.83702,0.83713,1.00,1.00
2017.06.23 12:31:08.330,0.837,0.83713,1.95,1.00
2017.06.23 12:31:08.639,0.83703,0.83713,1.00,1.00
2017.06.23 12:31:08.954,0.83707,0.83717,1.00,1.00
2017.06.23 12:31:09.160,0.8371,0.83721,1.00,1.00
2017.06.23 12:31:09.670,0.83709,0.83721,1.12,1.00
2017.06.23 12:31:09.976,0.83711,0.83721,1.00,1.00
2017.06.23 12:31:10.132,0.83709,0.83721,1.12,1.00
2017.06.23 12:31:10.238,0.83707,0.8372,1.87,1.50
2017.06.23 12:31:10.595,0.83704,0.83718,2.25,1.50
2017.06.23 12:31:10.924,0.83703,0.83715,1.87,1.50
2017.06.23 12:31:11.717,0.83703,0.83714,1.00,1.00
2017.06.23 12:31:12.228,0.83705,0.83715,1.00,1.37
2017.06.23 12:31:12.747,0.83705,0.83715,1.00,1.00
2017.06.23 12:31:13.256,0.83704,0.83715,1.50,1.00
2017.06.23 12:31:13.710,0.83706,0.83715,1.00,1.00
2017.06.23 12:31:14.019,0.8371,0.83717,1.00,1.00
2017.06.23 12:31:14.121,0.83708,0.83717,1.00,1.00
2017.06.23 12:31:14.428,0.83705,0.83717,3.00,1.12
2017.06.23 12:31:14.659,0.83708,0.83717,1.00,1.12
2017.06.23 12:31:14.864,0.83706,0.83717,1.12,1.87
2017.06.23 12:31:15.654,0.83708,0.83717,1.00,1.12
2017.06.23 12:31:15.756,0.83706,0.83717,1.00,1.12
2017.06.23 12:31:15.808,0.83709,0.83717,1.00,1.12
2017.06.23 12:31:16.245,0.83706,0.83717,1.00,1.12
2017.06.23 12:31:16.754,0.83705,0.83717,1.50,1.50
2017.06.23 12:31:16.805,0.83707,0.83717,1.00,1.50
2017.06.23 12:31:17.359,0.83708,0.83717,1.00,1.12
2017.06.23 12:31:17.664,0.83707,0.83715,1.00,1.00
2017.06.23 12:31:17.767,0.83705,0.83714,1.87,1.00
2017.06.23 12:31:18.021,0.83703,0.83708,1.12,1.00
2017.06.23 12:31:18.175,0.837,0.83709,1.12,1.00
2017.06.23 12:31:18.532,0.83703,0.83712,1.00,1.00
2017.06.23 12:31:18.839,0.83697,0.83706,1.37,1.00
2017.06.23 12:31:19.237,0.83698,0.83708,1.95,1.00
2017.06.23 12:31:19.878,0.83699,0.83708,1.10,1.00
2017.06.23 12:31:20.183,0.83699,0.8371,1.00,1.00
2017.06.23 12:31:20.387,0.83702,0.83711,1.00,1.00
2017.06.23 12:31:20.934,0.83701,0.8371,1.12,1.00
2017.06.23 12:31:21.444,0.83702,0.83711,1.00,1.00
2017.06.23 12:31:21.964,0.83703,0.83711,1.00,1.00
2017.06.23 12:31:22.313,0.83699,0.83707,1.00,1.00
2017.06.23 12:31:22.843,0.83699,0.83706,1.00,1.00
2017.06.23 12:31:23.149,0.83696,0.83704,1.50,1.00
2017.06.23 12:31:23.201,0.83696,0.83704,1.12,1.00
2017.06.23 12:31:23.557,0.83694,0.83703,2.62,1.00
2017.06.23 12:31:23.761,0.83696,0.83704,1.10,1.00
2017.06.23 12:31:24.150,0.83697,0.83706,1.10,1.00
2017.06.23 12:31:24.303,0.83694,0.83702,3.00,1.00
2017.06.23 12:31:24.507,0.83693,0.83702,1.12,1.00
2017.06.23 12:31:25.029,0.83692,0.83701,1.87,1.00
2017.06.23 12:31:25.552,0.83693,0.83701,1.00,1.00
2017.06.23 12:31:26.010,0.83691,0.83698,1.37,1.00
2017.06.23 12:31:26.215,0.83688,0.83698,1.87,1.00
2017.06.23 12:31:26.380,0.83688,0.837,1.87,1.00
2017.06.23 12:31:26.483,0.83686,0.83696,2.62,1.00
2017.06.23 12:31:26.740,0.83686,0.837,1.50,3.82
2017.06.23 12:31:26.791,0.83688,0.83697,1.00,1.00
2017.06.23 12:31:26.945,0.83686,0.83699,1.37,1.12
2017.06.23 12:31:26.997,0.83687,0.83697,1.12,1.50
2017.06.23 12:31:27.481,0.83685,0.83695,1.37,1.00
2017.06.23 12:31:27.533,0.83684,0.83695,1.50,1.00
2017.06.23 12:31:27.941,0.83685,0.83695,2.17,1.00
2017.06.23 12:31:28.145,0.83709,0.83716,1.00,1.12
2017.06.23 12:31:28.420,0.83708,0.83717,1.00,2.62
2017.06.23 12:31:28.523,0.8371,0.83717,1.00,1.00
2017.06.23 12:31:28.727,0.83711,0.83719,1.00,1.00
2017.06.23 12:31:28.829,0.83708,0.83719,1.00,1.50
2017.06.23 12:31:28.881,0.83706,0.83717,2.25,1.50
2017.06.23 12:31:29.187,0.83705,0.83714,1.00,1.00
2017.06.23 12:31:29.710,0.83705,0.83715,1.00,1.12
2017.06.23 12:31:29.965,0.83702,0.83713,1.12,2.25
2017.06.23 12:31:30.219,0.83702,0.83712,1.00,1.37
2017.06.23 12:31:30.721,0.83703,0.83713,1.00,2.62
2017.06.23 12:31:31.259,0.83704,0.83713,1.00,2.62
2017.06.23 12:31:31.564,0.83707,0.83714,1.00,1.00
2017.06.23 12:31:31.847,0.83705,0.83714,1.00,1.00
2017.06.23 12:31:32.407,0.83708,0.83716,1.00,1.00
2017.06.23 12:31:32.662,0.8371,0.83719,1.50,1.00
2017.06.23 12:31:33.183,0.83711,0.83719,1.00,1.00
2017.06.23 12:31:33.539,0.83715,0.8372,1.00,1.00
2017.06.23 12:31:33.590,0.83715,0.83723,1.00,2.25
2017.06.23 12:31:34.206,0.83715,0.83723,1.00,1.12
2017.06.23 12:31:35.598,0.83716,0.83723,1.00,1.00
2017.06.23 12:31:36.371,0.83716,0.83724,1.00,1.00
2017.06.23 12:31:36.474,0.83719,0.83725,1.00,1.12
2017.06.23 12:31:36.576,0.83719,0.83727,1.00,1.50
2017.06.23 12:31:36.780,0.83721,0.83728,1.00,1.00
2017.06.23 12:31:37.326,0.83721,0.83729,1.00,1.00
2017.06.23 12:31:37.827,0.83722,0.83731,1.00,1.87
2017.06.23 12:31:37.879,0.83725,0.83729,1.00,1.00
2017.06.23 12:31:37.982,0.83721,0.83731,1.00,1.87
2017.06.23 12:31:38.187,0.83719,0.83731,1.00,3.45
2017.06.23 12:31:38.510,0.83721,0.8373,1.00,1.37
2017.06.23 12:31:38.919,0.83719,0.83728,1.00,1.00
2017.06.23 12:31:39.438,0.8372,0.83729,1.00,1.00
2017.06.23 12:31:39.783,0.83719,0.83727,1.00,1.00
2017.06.23 12:31:40.139,0.83719,0.83725,1.00,1.00
2017.06.23 12:31:40.393,0.83719,0.83728,1.00,1.00
2017.06.23 12:31:40.921,0.83718,0.83729,2.32,1.00
2017.06.23 12:31:41.471,0.83718,0.83729,2.32,1.00
2017.06.23 12:31:42.645,0.83723,0.83732,1.00,1.87
2017.06.23 12:31:43.169,0.83724,0.83734,1.12,1.00
2017.06.23 12:31:44.125,0.83726,0.83734,1.00,1.00
2017.06.23 12:31:44.693,0.83721,0.83733,2.62,1.00
2017.06.23 12:31:44.745,0.83723,0.83735,1.75,2.32
2017.06.23 12:31:44.898,0.83726,0.83734,2.70,1.00
2017.06.23 12:31:45.203,0.83729,0.83738,1.75,1.00
2017.06.23 12:31:46.670,0.8373,0.83738,1.00,1.00
2017.06.23 12:31:46.721,0.83729,0.83736,1.12,1.00
2017.06.23 12:31:47.051,0.83726,0.83734,1.75,1.00
2017.06.23 12:31:48.309,0.83725,0.83734,3.45,1.00
2017.06.23 12:31:49.263,0.83728,0.83736,1.85,1.00
2017.06.23 12:31:49.884,0.83733,0.83737,1.00,1.00
2017.06.23 12:31:50.246,0.8373,0.83736,1.12,1.00
2017.06.23 12:31:50.297,0.8373,0.83738,1.20,1.00
2017.06.23 12:31:50.915,0.83733,0.83742,1.00,1.50
2017.06.23 12:31:51.018,0.83735,0.83743,1.00,1.12
2017.06.23 12:31:51.172,0.83736,0.83745,1.00,1.00
2017.06.23 12:31:52.175,0.83736,0.83744,1.12,1.00
2017.06.23 12:31:52.430,0.8373,0.8374,1.50,1.00
2017.06.23 12:31:52.481,0.8373,0.8374,1.50,3.00
2017.06.23 12:31:53.170,0.8373,0.83741,1.37,2.25
2017.06.23 12:31:53.696,0.83732,0.83742,1.00,3.37
2017.06.23 12:31:53.799,0.83732,0.83742,1.12,1.00
2017.06.23 12:31:54.904,0.8373,0.83741,4.50,1.00
2017.06.23 12:31:55.007,0.8373,0.83739,3.00,1.00
2017.06.23 12:31:55.161,0.8373,0.83739,1.00,1.00
2017.06.23 12:31:55.809,0.8373,0.8374,1.00,3.37
2017.06.23 12:31:56.114,0.8373,0.83741,2.62,1.50
2017.06.23 12:31:56.664,0.8373,0.8374,1.50,1.12
2017.06.23 12:31:57.181,0.83733,0.83741,1.00,1.50
2017.06.23 12:31:57.386,0.83734,0.83743,1.12,1.00
2017.06.23 12:31:57.894,0.83734,0.83743,1.12,1.87
2017.06.23 12:31:58.452,0.83733,0.83743,1.12,2.62
2017.06.23 12:31:58.569,0.83733,0.83743,2.70,1.87
2017.06.23 12:31:58.916,0.83734,0.83745,3.00,1.87
2017.06.23 12:31:59.273,0.83737,0.83745,1.12,1.87
2017.06.23 12:31:59.528,0.83738,0.83747,1.00,1.50
2017.06.23 12:31:59.808,0.83739,0.83749,1.37,1.47
2017.06.23 12:32:00.126,0.83738,0.83746,1.00,1.00
2017.06.23 12:32:00.229,0.83736,0.83745,1.12,1.00
2017.06.23 12:32:00.382,0.83734,0.83743,1.87,1.00
2017.06.23 12:32:00.688,0.83732,0.8374,1.00,1.50
2017.06.23 12:32:01.086,0.83728,0.83736,2.25,1.00
2017.06.23 12:32:01.137,0.83726,0.83736,1.50,1.12
2017.06.23 12:32:01.393,0.83725,0.83735,1.50,3.00
2017.06.23 12:32:01.800,0.83725,0.83735,1.12,1.50
2017.06.23 12:32:01.952,0.83725,0.83733,1.00,1.57
2017.06.23 12:32:02.263,0.83722,0.8373,1.00,1.00
2017.06.23 12:32:02.621,0.83719,0.8373,1.50,1.00
2017.06.23 12:32:03.146,0.83719,0.83729,1.50,1.50
2017.06.23 12:32:03.304,0.83717,0.83727,7.12,1.50
2017.06.23 12:32:03.651,0.83716,0.83725,1.00,1.87
2017.06.23 12:32:04.067,0.83721,0.83726,1.00,1.00
2017.06.23 12:32:04.170,0.83722,0.83731,1.00,1.00
2017.06.23 12:32:04.424,0.83719,0.83729,1.50,1.37
2017.06.23 12:32:04.933,0.83719,0.83729,1.00,3.37
2017.06.23 12:32:05.457,0.83719,0.83727,1.00,1.12
2017.06.23 12:32:05.977,0.83718,0.83727,1.00,2.25
2017.06.23 12:32:06.079,0.83715,0.83727,1.87,2.25
2017.06.23 12:32:06.615,0.83714,0.83725,4.12,1.00
2017.06.23 12:32:07.125,0.83714,0.83724,1.00,1.87
2017.06.23 12:32:07.176,0.83716,0.83724,1.00,1.87
2017.06.23 12:32:07.431,0.83718,0.83729,1.50,1.37
2017.06.23 12:32:08.087,0.83718,0.83728,1.12,1.12
2017.06.23 12:32:08.394,0.83713,0.83724,2.32,2.62
2017.06.23 12:32:08.548,0.83715,0.83726,1.12,3.37
2017.06.23 12:32:08.702,0.83713,0.83726,3.37,3.00
2017.06.23 12:32:08.753,0.83714,0.83725,1.00,3.00
2017.06.23 12:32:09.161,0.83712,0.83719,1.50,1.00
2017.06.23 12:32:09.392,0.83709,0.83719,2.62,1.12
2017.06.23 12:32:09.496,0.83708,0.83719,1.50,2.25
2017.06.23 12:32:10.077,0.83708,0.83719,1.12,2.62
2017.06.23 12:32:10.821,0.83707,0.83717,1.00,1.12
2017.06.23 12:32:11.360,0.83706,0.83718,1.12,3.75
2017.06.23 12:32:11.868,0.83706,0.83717,1.07,1.50
2017.06.23 12:32:11.970,0.83711,0.83717,1.00,1.50
2017.06.23 12:32:12.124,0.83717,0.83726,1.20,2.62
2017.06.23 12:32:12.227,0.83719,0.83726,1.00,2.62
2017.06.23 12:32:12.330,0.83719,0.83728,1.00,1.00
2017.06.23 12:32:12.731,0.83718,0.83724,1.00,1.00
2017.06.23 12:32:12.782,0.83718,0.83727,1.00,2.25
2017.06.23 12:32:12.833,0.83716,0.83725,3.00,1.37
2017.06.23 12:32:13.343,0.83717,0.83727,1.12,4.12
2017.06.23 12:32:14.028,0.83717,0.83725,1.57,1.12
2017.06.23 12:32:14.232,0.83718,0.83727,3.82,1.12
2017.06.23 12:32:14.800,0.83718,0.8373,4.20,3.37
2017.06.23 12:32:16.153,0.83719,0.8373,1.07,2.62
2017.06.23 12:32:16.204,0.83721,0.8373,1.45,2.62
2017.06.23 12:32:16.256,0.83723,0.83732,1.20,2.62
2017.06.23 12:32:16.459,0.83724,0.83734,1.57,1.00
2017.06.23 12:32:16.612,0.83724,0.83732,1.50,1.00
2017.06.23 12:32:16.867,0.83719,0.83729,1.57,1.50
2017.06.23 12:32:17.223,0.83719,0.83727,1.20,1.00
2017.06.23 12:32:17.377,0.8372,0.83729,1.10,1.00
2017.06.23 12:32:18.259,0.8372,0.8373,1.20,1.12
2017.06.23 12:32:19.107,0.8372,0.8373,1.57,1.12
2017.06.23 12:32:19.686,0.83721,0.83728,1.00,1.00
2017.06.23 12:32:19.739,0.83719,0.83728,1.10,1.00
2017.06.23 12:32:20.248,0.8372,0.83728,1.00,1.00
2017.06.23 12:32:20.300,0.83722,0.8373,1.00,1.00
2017.06.23 12:32:20.809,0.8372,0.83731,4.20,1.00
2017.06.23 12:32:21.159,0.83719,0.83727,1.00,1.00
2017.06.23 12:32:21.467,0.83717,0.83725,1.37,1.00
2017.06.23 12:32:21.570,0.83716,0.83726,1.00,1.12
2017.06.23 12:32:21.878,0.83716,0.83724,1.00,1.00
2017.06.23 12:32:22.324,0.83718,0.83724,1.00,1.00
2017.06.23 12:32:22.685,0.83716,0.83726,1.50,1.50
2017.06.23 12:32:23.206,0.83717,0.83726,1.00,1.12
2017.06.23 12:32:23.726,0.83717,0.83726,1.57,1.00
2017.06.23 12:32:23.883,0.83718,0.83728,1.12,1.12
2017.06.23 12:32:25.245,0.8372,0.83729,1.00,1.00
2017.06.23 12:32:25.764,0.83718,0.83728,1.87,1.00
2017.06.23 12:32:26.284,0.83717,0.83727,1.37,1.00
2017.06.23 12:32:26.793,0.83718,0.83727,2.62,1.00
2017.06.23 12:32:27.762,0.83717,0.83727,2.25,1.87
2017.06.23 12:32:28.453,0.83717,0.83725,2.25,1.00
2017.06.23 12:32:28.556,0.83715,0.83725,3.45,1.00
2017.06.23 12:32:28.974,0.83717,0.83726,1.37,1.50
2017.06.23 12:32:29.780,0.83716,0.83725,3.37,1.00
2017.06.23 12:32:30.085,0.83716,0.83723,2.62,1.00
2017.06.23 12:32:30.296,0.83715,0.83725,2.62,2.62
2017.06.23 12:32:30.704,0.83715,0.83723,2.62,1.00
2017.06.23 12:32:31.734,0.83715,0.83724,2.62,1.00
2017.06.23 12:32:32.251,0.83715,0.83725,2.62,1.50
2017.06.23 12:32:32.574,0.83715,0.83723,3.37,1.00
2017.06.23 12:32:34.255,0.83716,0.83725,1.50,1.50
2017.06.23 12:32:34.787,0.83716,0.83724,1.50,1.00
2017.06.23 12:32:35.212,0.83715,0.83726,1.50,1.87
2017.06.23 12:32:36.680,0.83715,0.83726,1.37,4.12
2017.06.23 12:32:38.688,0.83715,0.83722,1.00,1.00
2017.06.23 12:32:39.588,0.83714,0.83723,2.25,1.00
2017.06.23 12:32:40.117,0.83714,0.83723,1.87,1.00
2017.06.23 12:32:41.338,0.83715,0.83723,1.00,1.00
2017.06.23 12:32:41.897,0.83714,0.83723,1.87,1.50
2017.06.23 12:32:42.558,0.83715,0.83723,1.00,1.50
2017.06.23 12:32:42.901,0.83715,0.8372,1.00,1.00
2017.06.23 12:32:43.003,0.83712,0.8372,3.07,1.00
2017.06.23 12:32:43.105,0.83712,0.83722,3.07,1.50
2017.06.23 12:32:43.396,0.83715,0.83723,1.00,1.00
2017.06.23 12:32:43.905,0.83714,0.83724,1.47,1.87
2017.06.23 12:32:44.420,0.83714,0.83725,1.57,1.87
2017.06.23 12:32:44.925,0.83714,0.83724,1.20,1.12
2017.06.23 12:32:45.812,0.83714,0.83724,2.62,1.50
2017.06.23 12:32:46.376,0.83715,0.83724,1.37,1.87
2017.06.23 12:32:46.615,0.83717,0.83726,1.50,1.50
2017.06.23 12:32:47.123,0.83719,0.83728,1.00,1.87
2017.06.23 12:32:47.225,0.83719,0.83729,1.12,1.87
2017.06.23 12:32:47.327,0.83721,0.83731,1.00,4.12
2017.06.23 12:32:47.588,0.83722,0.83732,1.10,1.87
2017.06.23 12:32:47.640,0.83726,0.83732,1.00,1.12
2017.06.23 12:32:47.742,0.83723,0.83733,1.87,1.12
2017.06.23 12:32:47.845,0.83724,0.83733,2.62,1.00
2017.06.23 12:32:47.947,0.83723,0.83733,1.87,1.00
2017.06.23 12:32:48.202,0.83723,0.8373,1.12,1.00
2017.06.23 12:32:48.355,0.83721,0.8373,1.00,1.87
2017.06.23 12:32:48.406,0.83721,0.8373,1.00,4.12
2017.06.23 12:32:48.541,0.83721,0.83731,1.87,2.25
2017.06.23 12:32:48.802,0.83723,0.83732,1.12,1.00
2017.06.23 12:32:49.107,0.83726,0.83734,1.00,1.00
2017.06.23 12:32:49.616,0.83725,0.83734,2.62,1.00
2017.06.23 12:32:49.915,0.83724,0.83734,2.25,1.00
2017.06.23 12:32:50.310,0.83724,0.83731,2.32,1.00
2017.06.23 12:32:50.818,0.83724,0.83731,1.00,1.00
2017.06.23 12:32:50.920,0.83726,0.83734,1.00,1.00
2017.06.23 12:32:50.971,0.83729,0.83734,1.00,1.00
2017.06.23 12:32:51.022,0.83727,0.83735,1.12,1.00
2017.06.23 12:32:51.074,0.83726,0.83733,1.50,1.00
2017.06.23 12:32:51.125,0.83726,0.83735,2.62,1.00
2017.06.23 12:32:51.315,0.83726,0.83732,2.62,1.00
2017.06.23 12:32:51.520,0.83725,0.83734,3.37,1.00
2017.06.23 12:32:52.028,0.83726,0.83735,3.37,1.00
2017.06.23 12:32:52.529,0.83725,0.83734,2.62,1.00
2017.06.23 12:32:52.632,0.83728,0.83736,1.12,1.50
2017.06.23 12:32:52.734,0.8373,0.83738,1.00,1.50
2017.06.23 12:32:53.040,0.83728,0.83735,2.62,1.00
2017.06.23 12:32:53.345,0.83725,0.8373,2.62,1.00
2017.06.23 12:32:53.447,0.83724,0.83731,1.00,1.00
2017.06.23 12:32:53.651,0.83724,0.83731,2.62,1.00
2017.06.23 12:32:54.156,0.83724,0.8373,2.62,1.00
2017.06.23 12:32:54.258,0.83724,0.83732,2.62,1.00
2017.06.23 12:32:54.360,0.83728,0.83733,1.57,1.00
2017.06.23 12:32:54.565,0.83731,0.8374,4.87,1.00
2017.06.23 12:32:54.666,0.83733,0.83738,2.62,1.00
2017.06.23 12:32:54.921,0.8373,0.83738,4.12,1.00
2017.06.23 12:32:55.024,0.8373,0.83736,4.12,1.00
2017.06.23 12:32:55.359,0.83727,0.83734,2.62,1.00
2017.06.23 12:32:57.220,0.83727,0.83733,3.45,1.00
2017.06.23 12:32:57.628,0.83726,0.83733,1.50,1.00
2017.06.23 12:32:57.731,0.83727,0.83733,2.62,1.00
2017.06.23 12:32:58.271,0.83727,0.83734,2.62,1.00
2017.06.23 12:32:58.322,0.83728,0.83732,1.00,1.00
2017.06.23 12:32:58.526,0.83726,0.83732,1.00,1.00
2017.06.23 12:32:59.007,0.83725,0.83729,1.00,1.00
2017.06.23 12:32:59.059,0.8372,0.83728,1.57,1.00
2017.06.23 12:32:59.263,0.83721,0.83729,3.45,1.00
2017.06.23 12:32:59.771,0.83723,0.83732,1.00,1.50
2017.06.23 12:32:59.976,0.83723,0.83733,4.12,1.00
2017.06.23 12:33:00.264,0.83727,0.83736,1.00,1.00
2017.06.23 12:33:00.467,0.83727,0.83734,1.50,1.00
2017.06.23 12:33:00.824,0.83727,0.83736,1.37,1.12
2017.06.23 12:33:00.979,0.83727,0.83734,1.37,1.00
2017.06.23 12:33:01.082,0.83724,0.83733,1.65,1.00
2017.06.23 12:33:01.185,0.83722,0.83731,4.27,1.00
2017.06.23 12:33:01.518,0.83723,0.83728,1.00,1.00
2017.06.23 12:33:01.670,0.83721,0.83728,1.50,1.00
2017.06.23 12:33:02.182,0.83721,0.83729,1.37,1.00
2017.06.23 12:33:02.470,0.83721,0.83731,3.37,1.00
2017.06.23 12:33:03.310,0.83721,0.8373,4.12,1.00
2017.06.23 12:33:03.676,0.83721,0.83729,1.00,1.00
2017.06.23 12:33:04.388,0.83721,0.8373,2.25,1.00
2017.06.23 12:33:04.915,0.83722,0.8373,1.12,1.00
2017.06.23 12:33:05.425,0.83722,0.83731,1.87,1.00
2017.06.23 12:33:06.280,0.83722,0.8373,1.12,1.00
2017.06.23 12:33:06.585,0.8372,0.83729,1.00,1.50
2017.06.23 12:33:07.489,0.83719,0.8373,1.10,3.37
2017.06.23 12:33:08.005,0.8372,0.83729,1.00,1.00
2017.06.23 12:33:08.666,0.8372,0.8373,1.00,3.37
2017.06.23 12:33:09.187,0.83721,0.8373,1.00,1.37
2017.06.23 12:33:10.762,0.8372,0.83726,1.00,1.00
2017.06.23 12:33:10.864,0.83716,0.83725,1.00,1.12
2017.06.23 12:33:10.966,0.8372,0.83725,1.00,1.12
2017.06.23 12:33:11.374,0.83718,0.83726,1.00,1.00
2017.06.23 12:33:11.680,0.83717,0.83724,1.00,1.00
2017.06.23 12:33:11.986,0.83717,0.83722,1.00,2.62
2017.06.23 12:33:12.088,0.83717,0.83725,1.00,2.62
2017.06.23 12:33:12.683,0.83716,0.83726,1.00,3.75
2017.06.23 12:33:13.286,0.83716,0.83723,1.00,1.50
2017.06.23 12:33:13.795,0.83717,0.83723,1.00,1.00
2017.06.23 12:33:13.984,0.83722,0.83728,1.00,3.00
2017.06.23 12:33:14.086,0.83721,0.83729,1.00,1.12
2017.06.23 12:33:14.238,0.83722,0.83731,1.00,1.00
2017.06.23 12:33:14.290,0.83722,0.83731,1.00,3.00
2017.06.23 12:33:14.698,0.83722,0.83732,1.12,1.50
2017.06.23 12:33:14.952,0.83724,0.83732,1.00,1.87
2017.06.23 12:33:15.269,0.83724,0.83732,1.00,3.75
2017.06.23 12:33:15.320,0.83722,0.83732,1.12,3.75
2017.06.23 12:33:15.525,0.83729,0.83732,1.00,3.75
2017.06.23 12:33:15.577,0.83726,0.83732,1.00,2.25
2017.06.23 12:33:15.628,0.83726,0.83734,1.00,1.37
2017.06.23 12:33:16.159,0.83724,0.83733,1.50,1.00
2017.06.23 12:33:17.180,0.83724,0.83735,2.62,1.50
2017.06.23 12:33:17.384,0.83727,0.83736,1.12,1.50
2017.06.23 12:33:17.886,0.83726,0.83736,2.25,1.50
2017.06.23 12:33:18.237,0.83726,0.83734,1.10,1.00
2017.06.23 12:33:18.288,0.83726,0.83736,1.20,1.50
2017.06.23 12:33:18.491,0.83725,0.83734,2.25,1.00
2017.06.23 12:33:18.994,0.83726,0.83735,1.12,1.00
2017.06.23 12:33:20.220,0.83726,0.8373,1.00,1.00
2017.06.23 12:33:20.425,0.83721,0.83729,1.12,1.00
2017.06.23 12:33:20.935,0.8372,0.83729,1.12,1.00
2017.06.23 12:33:21.465,0.83719,0.83729,1.12,1.12
2017.06.23 12:33:21.966,0.8372,0.8373,1.00,1.12
2017.06.23 12:33:22.017,0.83721,0.83728,1.12,1.00
2017.06.23 12:33:22.324,0.83713,0.83723,3.37,1.12
2017.06.23 12:33:22.925,0.83716,0.83726,1.00,4.12
2017.06.23 12:33:23.093,0.83714,0.83723,1.87,1.00
2017.06.23 12:33:23.296,0.83716,0.83724,1.00,2.62
2017.06.23 12:33:23.398,0.83716,0.83726,1.00,1.57
2017.06.23 12:33:23.500,0.83718,0.83727,1.50,3.37
2017.06.23 12:33:23.602,0.8372,0.8373,1.12,1.65
2017.06.23 12:33:23.704,0.83718,0.83727,4.12,1.00
2017.06.23 12:33:23.756,0.83721,0.83729,1.00,1.00
2017.06.23 12:33:23.906,0.83719,0.83729,1.50,1.50
2017.06.23 12:33:24.059,0.83721,0.8373,1.00,1.50
2017.06.23 12:33:24.565,0.8372,0.8373,1.00,1.12
2017.06.23 12:33:25.290,0.8372,0.83731,1.00,1.75
2017.06.23 12:33:25.800,0.83719,0.83729,1.00,1.37
2017.06.23 12:33:26.409,0.8372,0.83728,1.00,1.00
2017.06.23 12:33:27.175,0.83721,0.83729,1.00,1.12
2017.06.23 12:33:28.148,0.83721,0.8373,1.00,1.87
2017.06.23 12:33:28.476,0.83717,0.83726,2.25,1.47
2017.06.23 12:33:28.528,0.83715,0.83723,1.80,1.00
2017.06.23 12:33:29.278,0.83714,0.83723,1.00,1.00
2017.06.23 12:33:29.896,0.83716,0.83723,1.00,1.00
2017.06.23 12:33:29.998,0.83714,0.83724,1.00,1.87
2017.06.23 12:33:30.536,0.83715,0.83723,1.00,1.00
2017.06.23 12:33:30.588,0.83712,0.83722,2.25,1.50
2017.06.23 12:33:30.742,0.83711,0.83721,1.00,1.37
2017.06.23 12:33:30.931,0.83709,0.8372,1.87,1.00
2017.06.23 12:33:31.268,0.83708,0.83715,1.50,1.00
2017.06.23 12:33:31.421,0.83707,0.83717,3.37,1.00
2017.06.23 12:33:31.472,0.83707,0.83715,2.62,1.00
2017.06.23 12:33:31.575,0.83706,0.83715,1.00,1.12
2017.06.23 12:33:31.868,0.83704,0.8371,1.50,1.00
2017.06.23 12:33:32.072,0.83701,0.83709,3.37,1.00
2017.06.23 12:33:32.174,0.83699,0.83709,3.37,2.25
2017.06.23 12:33:32.226,0.83699,0.83709,2.25,4.95
2017.06.23 12:33:32.278,0.83696,0.83706,2.17,1.50
2017.06.23 12:33:32.432,0.83694,0.83705,4.80,1.20
2017.06.23 12:33:32.534,0.83694,0.83704,1.12,1.20
2017.06.23 12:33:32.878,0.83693,0.83701,1.42,1.45
2017.06.23 12:33:33.082,0.83688,0.83699,2.17,1.10
2017.06.23 12:33:33.236,0.83687,0.83697,1.50,1.00
2017.06.23 12:33:33.761,0.83688,0.83697,1.12,1.50
2017.06.23 12:33:34.182,0.83686,0.83696,1.50,1.50
2017.06.23 12:33:34.743,0.83687,0.83696,2.25,1.00
2017.06.23 12:33:35.412,0.83687,0.83697,1.00,1.50
2017.06.23 12:33:36.372,0.83688,0.83697,1.00,1.00
2017.06.23 12:33:36.474,0.83688,0.83699,2.25,1.00
2017.06.23 12:33:37.044,0.83689,0.83699,1.12,1.12
2017.06.23 12:33:37.350,0.83691,0.83699,1.37,1.00
2017.06.23 12:33:37.451,0.83692,0.83702,1.12,1.87
2017.06.23 12:33:37.952,0.83694,0.83704,1.00,3.75
2017.06.23 12:33:38.156,0.83695,0.83705,1.50,1.50
2017.06.23 12:33:38.360,0.83694,0.83705,1.87,2.25
2017.06.23 12:33:38.994,0.83695,0.83704,1.00,1.50
2017.06.23 12:33:39.198,0.83693,0.83703,1.87,1.12
2017.06.23 12:33:39.352,0.83693,0.83703,1.57,2.62
2017.06.23 12:33:39.456,0.83694,0.83705,1.00,4.12
2017.06.23 12:33:39.830,0.83697,0.83705,2.25,2.25
2017.06.23 12:33:39.882,0.83697,0.83706,3.07,2.25
2017.06.23 12:33:39.935,0.83699,0.83706,1.00,2.25
2017.06.23 12:33:39.986,0.83699,0.83709,1.00,4.12
2017.06.23 12:33:40.393,0.83697,0.83702,1.12,1.42
2017.06.23 12:33:40.495,0.83683,0.83689,1.06,1.00
2017.06.23 12:33:40.643,0.8368,0.83689,1.50,1.00
2017.06.23 12:33:40.746,0.8368,0.83687,1.00,1.00
2017.06.23 12:33:40.950,0.83677,0.83686,1.42,1.37
2017.06.23 12:33:41.052,0.83677,0.83687,1.42,1.10
2017.06.23 12:33:41.206,0.83678,0.83685,2.62,1.00
2017.06.23 12:33:41.257,0.83676,0.83684,1.12,1.00
2017.06.23 12:33:41.790,0.83675,0.83685,2.25,1.50
2017.06.23 12:33:42.096,0.83677,0.83685,1.00,1.00
2017.06.23 12:33:42.403,0.83682,0.83691,2.17,1.00
2017.06.23 12:33:42.709,0.83679,0.8369,4.12,1.50
2017.06.23 12:33:43.165,0.83678,0.83688,1.42,1.12
2017.06.23 12:33:43.471,0.83679,0.8369,1.50,1.50
2017.06.23 12:33:44.001,0.8368,0.8369,1.57,1.00
2017.06.23 12:33:44.500,0.8368,0.83687,1.00,1.00
2017.06.23 12:33:44.603,0.83676,0.83686,1.12,1.00
2017.06.23 12:33:44.654,0.83676,0.83686,1.12,3.00
2017.06.23 12:33:45.184,0.83674,0.83686,1.87,3.37
2017.06.23 12:33:45.490,0.83673,0.83682,2.25,1.00
2017.06.23 12:33:45.797,0.83673,0.8368,1.00,1.00
2017.06.23 12:33:46.127,0.83671,0.8368,1.87,1.00
2017.06.23 12:33:46.382,0.83668,0.83679,1.95,3.37
2017.06.23 12:33:46.484,0.83668,0.83679,1.57,1.12
2017.06.23 12:33:46.791,0.83667,0.83677,3.45,1.00
2017.06.23 12:33:46.945,0.83668,0.8368,2.32,2.25
2017.06.23 12:33:47.202,0.83664,0.83676,4.57,4.12
2017.06.23 12:33:47.304,0.83664,0.83675,1.00,1.37
2017.06.23 12:33:47.508,0.83664,0.83676,3.37,4.12
2017.06.23 12:33:47.917,0.83663,0.83668,1.00,1.00
2017.06.23 12:33:47.969,0.83661,0.8367,2.25,1.12
2017.06.23 12:33:48.118,0.83659,0.83671,2.25,3.45
2017.06.23 12:33:48.322,0.83661,0.83673,1.95,2.62
2017.06.23 12:33:48.678,0.83662,0.83673,1.95,3.00
2017.06.23 12:33:48.729,0.83663,0.83673,1.20,1.37
2017.06.23 12:33:49.729,0.83663,0.83673,1.50,3.37
2017.06.23 12:33:50.238,0.83663,0.83672,1.00,1.00
2017.06.23 12:33:50.787,0.83661,0.83672,3.45,1.50
2017.06.23 12:33:52.041,0.83661,0.83671,1.47,1.00
2017.06.23 12:33:52.551,0.83661,0.83671,1.12,1.50
2017.06.23 12:33:52.654,0.83661,0.83669,1.00,1.00
2017.06.23 12:33:52.808,0.83657,0.83668,1.50,1.12
2017.06.23 12:33:53.322,0.83656,0.83667,3.37,1.00
2017.06.23 12:33:53.728,0.83654,0.83666,3.37,1.87
2017.06.23 12:33:54.246,0.83655,0.83665,1.00,1.50
2017.06.23 12:33:55.486,0.83654,0.83665,1.57,1.50
2017.06.23 12:33:56.005,0.83654,0.83665,1.20,3.37
2017.06.23 12:33:57.214,0.83655,0.83665,1.10,2.62
2017.06.23 12:33:57.419,0.83657,0.83666,1.50,1.12
2017.06.23 12:33:58.158,0.83656,0.83667,2.32,1.37
2017.06.23 12:33:58.261,0.83659,0.83668,1.00,2.62
2017.06.23 12:33:58.414,0.83659,0.83669,1.00,3.37
2017.06.23 12:33:59.039,0.83658,0.83668,1.00,1.57
2017.06.23 12:33:59.188,0.83657,0.83667,1.12,1.50
2017.06.23 12:33:59.646,0.83654,0.83665,3.07,1.37
2017.06.23 12:34:00.154,0.83656,0.83665,1.00,1.50
2017.06.23 12:34:00.446,0.83657,0.83666,1.00,1.00
2017.06.23 12:34:01.013,0.83655,0.83665,1.50,1.00
2017.06.23 12:34:01.520,0.83655,0.83666,1.07,1.12
2017.06.23 12:34:01.572,0.83653,0.83665,2.70,2.25
2017.06.23 12:34:01.878,0.83648,0.83658,3.75,1.12
2017.06.23 12:34:01.929,0.83648,0.83658,1.12,1.50
2017.06.23 12:34:02.660,0.83648,0.83659,1.00,2.62
2017.06.23 12:34:02.712,0.83647,0.83659,2.62,4.50
2017.06.23 12:34:03.846,0.83648,0.83658,3.37,1.12
2017.06.23 12:34:04.359,0.83647,0.83658,3.37,1.37
2017.06.23 12:34:04.461,0.83647,0.83658,1.12,1.50
2017.06.23 12:34:04.978,0.83648,0.83658,1.50,1.00
2017.06.23 12:34:05.430,0.83646,0.83657,1.12,1.50
2017.06.23 12:34:06.035,0.83646,0.83657,4.20,1.37
2017.06.23 12:34:06.238,0.83648,0.83658,1.12,1.50
2017.06.23 12:34:07.265,0.83649,0.83659,1.00,2.62
2017.06.23 12:34:07.520,0.83649,0.8366,3.00,1.87
2017.06.23 12:34:09.556,0.83653,0.8366,1.00,1.37
2017.06.23 12:34:09.861,0.83655,0.83661,1.00,1.12
2017.06.23 12:34:10.228,0.83658,0.83663,1.00,2.25
2017.06.23 12:34:10.522,0.83658,0.83664,1.00,2.25
2017.06.23 12:34:10.935,0.83656,0.8366,1.00,1.12
2017.06.23 12:34:10.987,0.83654,0.8366,1.00,1.00
2017.06.23 12:34:11.139,0.83654,0.8366,1.00,3.00
2017.06.23 12:34:11.242,0.83654,0.8366,1.00,1.00
2017.06.23 12:34:11.750,0.83655,0.83663,1.00,3.45
2017.06.23 12:34:12.320,0.83658,0.83662,1.00,1.00
2017.06.23 12:34:12.422,0.83658,0.83665,1.00,4.12
2017.06.23 12:34:12.474,0.83658,0.83665,1.00,2.25
2017.06.23 12:34:13.002,0.83659,0.83665,1.00,1.87
2017.06.23 12:34:13.524,0.83658,0.83667,1.00,1.95
2017.06.23 12:34:13.575,0.83658,0.83664,1.00,1.00
2017.06.23 12:34:14.162,0.83658,0.83665,1.00,1.00
2017.06.23 12:34:14.672,0.83657,0.83665,1.00,1.37
2017.06.23 12:34:15.017,0.83666,0.83672,1.10,2.62
2017.06.23 12:34:15.121,0.83672,0.83679,1.50,1.50
2017.06.23 12:34:15.375,0.83672,0.8368,1.50,1.50
2017.06.23 12:34:15.785,0.83677,0.83681,1.00,1.50
2017.06.23 12:34:16.090,0.83675,0.83679,1.00,1.00
2017.06.23 12:34:16.192,0.83674,0.83679,1.00,1.00
2017.06.23 12:34:16.821,0.83674,0.8368,1.00,1.00
2017.06.23 12:34:17.096,0.83677,0.83681,1.00,1.00
2017.06.23 12:34:17.298,0.83679,0.83684,1.00,1.00
2017.06.23 12:34:18.075,0.83679,0.83685,1.00,1.50
2017.06.23 12:34:18.840,0.83681,0.83685,1.00,1.00
2017.06.23 12:34:18.892,0.83681,0.83687,1.00,1.00
2017.06.23 12:34:19.402,0.83679,0.83689,2.62,1.87
2017.06.23 12:34:19.900,0.8368,0.83692,1.95,2.25
2017.06.23 12:34:19.951,0.83681,0.83692,2.32,1.87
2017.06.23 12:34:20.257,0.83684,0.83694,2.25,1.00
2017.06.23 12:34:20.834,0.83683,0.83694,3.37,1.87
2017.06.23 12:34:21.240,0.83683,0.83691,2.62,1.12
2017.06.23 12:34:21.343,0.8368,0.83691,3.37,1.87
2017.06.23 12:34:21.844,0.83683,0.83691,1.00,1.87
2017.06.23 12:34:22.356,0.83683,0.8369,1.00,1.87
2017.06.23 12:34:22.764,0.83685,0.8369,1.45,1.00
2017.06.23 12:34:22.916,0.83692,0.83698,1.00,1.12
2017.06.23 12:34:23.160,0.83693,0.837,1.00,1.00
2017.06.23 12:34:23.312,0.83695,0.83701,1.00,1.50
2017.06.23 12:34:23.840,0.83694,0.83702,1.00,1.87
2017.06.23 12:34:24.146,0.83694,0.83701,1.00,1.50
2017.06.23 12:34:24.350,0.8369,0.837,1.95,1.50
2017.06.23 12:34:24.873,0.83692,0.83701,1.00,4.12
2017.06.23 12:34:25.405,0.83691,0.83701,1.00,4.57
2017.06.23 12:34:25.818,0.83688,0.83697,3.37,1.95
2017.06.23 12:34:25.971,0.83687,0.83696,1.12,1.57
2017.06.23 12:34:26.144,0.83683,0.83693,3.37,1.50
2017.06.23 12:34:26.348,0.83681,0.83692,2.25,1.57
2017.06.23 12:34:26.603,0.83683,0.83693,1.87,1.00
2017.06.23 12:34:27.146,0.83683,0.83695,1.95,2.25
2017.06.23 12:34:27.357,0.83683,0.83695,3.82,4.12
2017.06.23 12:34:27.460,0.83683,0.83694,1.12,3.00
2017.06.23 12:34:28.548,0.83682,0.83693,1.12,2.32
2017.06.23 12:34:29.094,0.83681,0.83691,1.12,1.12
2017.06.23 12:34:29.299,0.83681,0.83691,1.95,2.25
2017.06.23 12:34:29.692,0.83683,0.8369,1.50,2.25
2017.06.23 12:34:29.845,0.83683,0.83693,1.50,4.12
2017.06.23 12:34:30.190,0.83681,0.83692,1.12,2.25
2017.06.23 12:34:30.394,0.83681,0.8369,1.00,2.25
2017.06.23 12:34:31.014,0.83679,0.83688,1.00,1.00
2017.06.23 12:34:31.167,0.83678,0.83687,1.00,1.37
2017.06.23 12:34:31.591,0.83675,0.83684,3.37,1.00
2017.06.23 12:34:31.888,0.83668,0.83678,1.12,1.12
2017.06.23 12:34:31.991,0.83669,0.83677,1.00,1.37
2017.06.23 12:34:32.297,0.83675,0.83679,1.50,2.62
2017.06.23 12:34:32.451,0.83676,0.83685,1.00,1.50
2017.06.23 12:34:32.982,0.83674,0.83684,1.12,2.25
2017.06.23 12:34:33.293,0.83673,0.83682,1.00,2.62
2017.06.23 12:34:35.784,0.8367,0.83679,1.00,2.25
2017.06.23 12:34:36.292,0.83669,0.83678,1.50,2.62
2017.06.23 12:34:36.875,0.83669,0.83679,1.87,3.37
2017.06.23 12:34:38.794,0.83667,0.83679,1.50,4.12
2017.06.23 12:34:38.896,0.83666,0.83677,2.62,2.25
2017.06.23 12:34:39.303,0.83664,0.83675,1.50,1.50
2017.06.23 12:34:39.405,0.83664,0.83674,1.12,2.25
2017.06.23 12:34:39.607,0.83664,0.83674,1.12,1.12
2017.06.23 12:34:40.116,0.83664,0.83673,1.87,1.37
2017.06.23 12:34:40.320,0.83663,0.83674,1.12,4.12
2017.06.23 12:34:40.778,0.83661,0.8367,1.87,1.00
2017.06.23 12:34:41.114,0.8366,0.83668,1.00,1.37
2017.06.23 12:34:41.217,0.83658,0.83668,1.00,2.25
2017.06.23 12:34:41.421,0.83658,0.83667,1.00,3.00
2017.06.23 12:34:41.727,0.83655,0.83664,1.50,1.00
2017.06.23 12:34:41.932,0.83653,0.83663,1.57,1.50
2017.06.23 12:34:42.136,0.8365,0.83661,3.00,1.12
2017.06.23 12:34:42.291,0.83649,0.83661,2.62,2.25
2017.06.23 12:34:42.545,0.83653,0.8366,1.50,1.87
2017.06.23 12:34:42.800,0.83656,0.83666,1.50,1.75
2017.06.23 12:34:43.308,0.83656,0.83667,1.50,2.62
2017.06.23 12:34:43.818,0.83656,0.83666,1.00,2.25
2017.06.23 12:34:44.346,0.83657,0.83665,1.00,2.62
2017.06.23 12:34:45.223,0.83656,0.83665,1.50,1.00
2017.06.23 12:34:45.375,0.83656,0.83667,1.50,1.87
2017.06.23 12:34:46.332,0.83656,0.83665,1.50,1.00
2017.06.23 12:34:46.638,0.83657,0.83668,1.50,1.50
2017.06.23 12:34:46.741,0.83659,0.83668,1.00,2.62
2017.06.23 12:34:46.895,0.83659,0.8367,1.00,4.12
2017.06.23 12:34:46.998,0.83659,0.8367,1.12,2.25
2017.06.23 12:34:47.156,0.83659,0.83668,1.00,1.00
2017.06.23 12:34:47.461,0.83658,0.8367,2.25,2.32
2017.06.23 12:34:48.009,0.8366,0.83671,1.12,1.12
2017.06.23 12:34:48.110,0.8366,0.83671,3.07,1.00
2017.06.23 12:34:48.557,0.83665,0.83673,1.50,1.37
2017.06.23 12:34:48.710,0.83665,0.83676,1.12,3.37
2017.06.23 12:34:48.857,0.83665,0.83676,1.12,1.12
2017.06.23 12:34:48.908,0.83665,0.83676,3.00,1.12
2017.06.23 12:34:49.215,0.83671,0.83678,1.00,1.50
2017.06.23 12:34:49.419,0.83672,0.83681,1.87,1.00
2017.06.23 12:34:49.831,0.83673,0.83682,1.37,1.00
2017.06.23 12:34:50.671,0.83674,0.83684,1.12,1.95
2017.06.23 12:34:50.773,0.83676,0.83685,1.00,1.12
2017.06.23 12:34:51.281,0.83676,0.83687,1.00,1.50
2017.06.23 12:34:51.794,0.83675,0.83686,2.25,1.50
2017.06.23 12:34:52.304,0.83674,0.83684,1.87,1.12
2017.06.23 12:34:52.832,0.83674,0.83685,1.50,4.12
2017.06.23 12:34:54.454,0.83672,0.83683,1.50,1.87
2017.06.23 12:34:55.764,0.83671,0.83683,1.87,2.32
2017.06.23 12:34:56.722,0.83672,0.83683,1.00,1.50
2017.06.23 12:34:56.926,0.83672,0.83684,1.50,1.87
2017.06.23 12:34:58.057,0.83674,0.83686,2.70,4.50
2017.06.23 12:34:58.210,0.83675,0.83686,1.95,1.00
2017.06.23 12:34:58.733,0.83676,0.83687,1.10,2.25
2017.06.23 12:34:59.974,0.83677,0.83685,1.00,1.00
2017.06.23 12:35:00.229,0.83677,0.83687,1.00,2.25
2017.06.23 12:35:00.765,0.83676,0.83686,1.50,1.00
2017.06.23 12:35:01.274,0.83675,0.83685,1.12,1.00
2017.06.23 12:35:01.793,0.83672,0.83684,4.20,1.00
2017.06.23 12:35:02.328,0.83672,0.83684,1.57,1.12
2017.06.23 12:35:02.533,0.83673,0.83685,2.25,2.25
2017.06.23 12:35:02.938,0.83674,0.83686,1.57,1.50
2017.06.23 12:35:04.379,0.83674,0.83686,1.50,1.50
2017.06.23 12:35:04.929,0.83676,0.83686,1.57,1.12
2017.06.23 12:35:05.153,0.83675,0.83685,1.12,1.20
2017.06.23 12:35:05.488,0.8367,0.83681,3.37,1.37
2017.06.23 12:35:05.540,0.8367,0.83681,1.37,1.50
2017.06.23 12:35:05.954,0.83669,0.83681,3.75,2.25
2017.06.23 12:35:06.158,0.83671,0.83679,1.00,1.00
2017.06.23 12:35:06.465,0.83664,0.83676,3.37,1.37
2017.06.23 12:35:06.975,0.83667,0.83675,1.00,1.50
2017.06.23 12:35:07.489,0.83667,0.83676,1.00,1.87
2017.06.23 12:35:08.003,0.83667,0.83677,1.50,1.12
2017.06.23 12:35:08.055,0.83673,0.83678,1.00,1.50
2017.06.23 12:35:08.107,0.83672,0.83678,1.00,1.50
2017.06.23 12:35:08.158,0.83676,0.8368,1.00,2.25
2017.06.23 12:35:08.209,0.83674,0.8368,1.00,2.25
2017.06.23 12:35:08.261,0.83675,0.83683,1.00,1.37
2017.06.23 12:35:08.669,0.83676,0.83684,1.00,1.50
2017.06.23 12:35:08.774,0.83674,0.83684,1.00,1.50
2017.06.23 12:35:09.323,0.83676,0.83685,1.00,1.37
2017.06.23 12:35:09.780,0.83679,0.83686,1.00,4.12
2017.06.23 12:35:10.291,0.83678,0.83686,1.00,1.12
2017.06.23 12:35:10.495,0.83677,0.83686,1.00,3.37
2017.06.23 12:35:10.547,0.83675,0.83684,1.00,1.00
2017.06.23 12:35:10.649,0.83677,0.83685,1.00,3.37
2017.06.23 12:35:10.752,0.83675,0.83684,1.00,2.62
2017.06.23 12:35:11.143,0.83678,0.83684,1.00,2.62
2017.06.23 12:35:11.296,0.83678,0.83686,1.00,2.62
2017.06.23 12:35:11.347,0.83678,0.83688,1.00,3.37
2017.06.23 12:35:11.875,0.83679,0.83686,1.00,1.00
2017.06.23 12:35:12.129,0.83676,0.83686,1.50,1.37
2017.06.23 12:35:12.384,0.83678,0.83686,1.00,1.12
2017.06.23 12:35:12.915,0.83677,0.83685,1.00,1.00
2017.06.23 12:35:13.170,0.83678,0.83687,1.00,1.87
2017.06.23 12:35:13.690,0.83678,0.83687,1.37,1.00
2017.06.23 12:35:15.004,0.83678,0.83687,1.00,1.00
2017.06.23 12:35:15.523,0.83677,0.83686,1.12,1.00
2017.06.23 12:35:16.016,0.8368,0.83687,1.00,1.50
2017.06.23 12:35:16.271,0.8368,0.8369,1.12,1.50
2017.06.23 12:35:16.930,0.8368,0.83688,1.00,1.00
2017.06.23 12:35:17.461,0.83679,0.83689,1.00,1.50
2017.06.23 12:35:17.930,0.83683,0.83688,1.00,1.12
2017.06.23 12:35:18.033,0.83681,0.83688,1.00,1.12
2017.06.23 12:35:18.733,0.83681,0.83689,1.00,1.12
2017.06.23 12:35:18.835,0.83683,0.8369,1.00,1.50
2017.06.23 12:35:19.272,0.83683,0.83691,1.00,1.12
2017.06.23 12:35:20.223,0.83683,0.83691,1.00,1.37
2017.06.23 12:35:20.730,0.83683,0.83689,1.00,1.00
2017.06.23 12:35:20.834,0.83683,0.83691,1.00,1.12
2017.06.23 12:35:21.360,0.83683,0.8369,1.00,1.00
2017.06.23 12:35:22.022,0.83683,0.83691,1.00,1.50
2017.06.23 12:35:22.529,0.83684,0.83691,1.00,1.00
2017.06.23 12:35:23.074,0.83684,0.83692,1.00,1.00
2017.06.23 12:35:23.678,0.83683,0.83692,1.00,1.50
2017.06.23 12:35:24.354,0.83687,0.83692,1.00,1.00
2017.06.23 12:35:24.610,0.83689,0.83696,1.00,2.25
2017.06.23 12:35:26.146,0.83688,0.83696,1.00,1.50
2017.06.23 12:35:26.679,0.83689,0.83696,1.00,1.00
2017.06.23 12:35:27.422,0.83689,0.83695,1.00,1.12
2017.06.23 12:35:28.374,0.83688,0.83695,1.00,1.12
2017.06.23 12:35:28.884,0.83687,0.83695,1.00,1.87
2017.06.23 12:35:29.415,0.83687,0.83694,1.00,1.00
2017.06.23 12:35:29.518,0.83688,0.83696,1.00,1.87
2017.06.23 12:35:30.019,0.83688,0.83697,1.00,1.50
2017.06.23 12:35:31.317,0.83689,0.83697,1.00,1.50
2017.06.23 12:35:31.944,0.83689,0.83696,1.00,1.00
2017.06.23 12:35:34.819,0.83689,0.83697,1.10,1.50
2017.06.23 12:35:36.309,0.83689,0.83698,1.50,1.00
2017.06.23 12:35:36.700,0.83691,0.83697,1.00,1.00
2017.06.23 12:35:37.208,0.8369,0.83696,1.00,1.00
2017.06.23 12:35:37.731,0.83689,0.83696,1.00,1.12
2017.06.23 12:35:38.392,0.83687,0.83697,1.00,1.87
2017.06.23 12:35:38.901,0.83688,0.83697,1.50,3.37
2017.06.23 12:35:39.004,0.8369,0.83697,1.00,2.62
2017.06.23 12:35:39.055,0.83688,0.83697,1.57,1.50
2017.06.23 12:35:39.386,0.8369,0.83698,1.00,1.50
2017.06.23 12:35:39.539,0.8369,0.83699,1.50,1.87
2017.06.23 12:35:40.048,0.83691,0.83699,1.00,1.00
2017.06.23 12:35:40.099,0.8369,0.83697,1.12,1.00
2017.06.23 12:35:40.432,0.83687,0.83695,2.62,1.00
2017.06.23 12:35:40.738,0.8368,0.83689,1.50,1.00
2017.06.23 12:35:41.249,0.8368,0.83689,1.12,1.00
2017.06.23 12:35:41.402,0.83682,0.83689,1.00,1.00
2017.06.23 12:35:41.504,0.8368,0.83688,1.00,1.00
2017.06.23 12:35:42.047,0.83679,0.83688,1.00,1.12
2017.06.23 12:35:42.555,0.83678,0.83689,2.25,2.25
2017.06.23 12:35:45.405,0.8368,0.83689,1.00,2.25
2017.06.23 12:35:45.811,0.83681,0.8369,1.00,1.50
2017.06.23 12:35:45.914,0.83683,0.8369,1.00,1.50
2017.06.23 12:35:46.322,0.8368,0.8369,1.12,2.25
2017.06.23 12:35:46.869,0.83679,0.83688,1.00,2.25
2017.06.23 12:35:47.327,0.83678,0.83685,1.00,1.00
2017.06.23 12:35:47.837,0.83677,0.83685,1.00,1.50
2017.06.23 12:35:49.752,0.83678,0.83685,1.00,1.00
2017.06.23 12:35:51.597,0.83678,0.83685,1.00,1.50
2017.06.23 12:35:53.791,0.83678,0.83685,1.00,1.50
2017.06.23 12:35:54.421,0.83677,0.83684,1.00,1.00
2017.06.23 12:35:54.992,0.83676,0.83684,1.00,1.00
2017.06.23 12:35:56.297,0.83677,0.83686,1.00,2.25
2017.06.23 12:35:57.864,0.83678,0.83687,1.00,4.87
2017.06.23 12:35:58.172,0.8368,0.8369,1.57,4.12
2017.06.23 12:35:58.689,0.83681,0.8369,1.00,2.62
2017.06.23 12:35:58.740,0.83683,0.8369,1.00,2.62
2017.06.23 12:35:58.944,0.83683,0.8369,1.00,1.00
2017.06.23 12:35:59.219,0.83685,0.83692,1.00,3.37
2017.06.23 12:35:59.727,0.83686,0.83693,1.00,2.62
2017.06.23 12:36:00.246,0.83687,0.83693,1.00,2.62
2017.06.23 12:36:00.297,0.83687,0.83693,1.00,1.00
2017.06.23 12:36:00.776,0.83684,0.83694,2.70,2.62
2017.06.23 12:36:01.314,0.83684,0.83695,1.50,3.37
2017.06.23 12:36:01.366,0.83689,0.83695,1.00,2.62
2017.06.23 12:36:01.569,0.83688,0.83697,1.20,1.00
2017.06.23 12:36:02.252,0.83687,0.83696,1.00,1.00
2017.06.23 12:36:02.304,0.83686,0.83695,1.37,1.37
2017.06.23 12:36:02.355,0.83685,0.83695,1.00,1.50
2017.06.23 12:36:02.661,0.83687,0.83695,1.00,1.50
2017.06.23 12:36:02.954,0.83685,0.83695,1.50,1.50
2017.06.23 12:36:04.702,0.83685,0.83696,1.50,1.50
2017.06.23 12:36:05.246,0.83686,0.83697,1.50,3.37
2017.06.23 12:36:06.338,0.83686,0.83696,1.50,2.62
2017.06.23 12:36:06.390,0.83688,0.83696,1.00,2.62
2017.06.23 12:36:07.087,0.83687,0.83694,1.00,1.00
2017.06.23 12:36:08.066,0.83687,0.83695,1.00,1.12
2017.06.23 12:36:08.583,0.83686,0.83694,1.00,1.00
2017.06.23 12:36:11.352,0.83688,0.83694,1.00,1.12
2017.06.23 12:36:11.787,0.83687,0.83691,1.00,1.00
2017.06.23 12:36:11.889,0.83684,0.83691,2.25,1.00
2017.06.23 12:36:12.426,0.83683,0.8369,1.00,1.00
2017.06.23 12:36:12.951,0.83682,0.83691,1.50,1.50
2017.06.23 12:36:14.396,0.83684,0.8369,1.00,1.12
2017.06.23 12:36:14.701,0.83686,0.83694,1.00,1.00
2017.06.23 12:36:14.753,0.83688,0.83696,1.00,4.12
2017.06.23 12:36:14.854,0.83688,0.83696,1.00,2.25
2017.06.23 12:36:15.754,0.83687,0.83696,1.10,1.50
2017.06.23 12:36:16.662,0.83688,0.83696,1.00,1.50
2017.06.23 12:36:17.416,0.83687,0.83696,1.10,1.50
2017.06.23 12:36:17.467,0.83689,0.83696,1.00,2.25
2017.06.23 12:36:18.926,0.83685,0.83689,1.00,1.00
2017.06.23 12:36:19.151,0.8367,0.83674,1.12,1.00
2017.06.23 12:36:19.202,0.83668,0.83677,2.62,1.00
2017.06.23 12:36:19.305,0.83667,0.83678,1.87,3.37
2017.06.23 12:36:19.509,0.83669,0.83678,1.00,1.00
2017.06.23 12:36:19.612,0.83667,0.83678,1.50,1.12
2017.06.23 12:36:20.070,0.83667,0.83673,1.12,1.00
2017.06.23 12:36:20.371,0.83665,0.83674,1.12,1.00
2017.06.23 12:36:20.880,0.83666,0.83675,1.00,1.00
2017.06.23 12:36:22.614,0.83665,0.83675,1.37,1.37
2017.06.23 12:36:23.140,0.83665,0.83675,1.50,1.50
2017.06.23 12:36:23.243,0.83664,0.83672,3.37,1.00
2017.06.23 12:36:23.295,0.83664,0.83674,1.50,1.50
2017.06.23 12:36:23.392,0.83664,0.83674,1.12,3.75
2017.06.23 12:36:23.494,0.83664,0.83674,1.12,1.50
2017.06.23 12:36:24.003,0.83665,0.83673,1.50,1.00
2017.06.23 12:36:24.207,0.83664,0.83673,1.00,1.37
2017.06.23 12:36:26.022,0.83665,0.83673,1.00,1.37
2017.06.23 12:36:26.539,0.83665,0.83675,1.12,1.12
2017.06.23 12:36:26.692,0.83665,0.83675,1.00,4.12
2017.06.23 12:36:27.287,0.83666,0.83674,1.00,1.50
2017.06.23 12:36:27.669,0.83668,0.83674,1.00,1.00
2017.06.23 12:36:27.924,0.83668,0.83678,1.00,3.37
2017.06.23 12:36:28.450,0.83667,0.83676,1.00,1.00
2017.06.23 12:36:28.794,0.83667,0.83676,1.45,1.00
2017.06.23 12:36:29.336,0.83669,0.83679,1.10,3.37
2017.06.23 12:36:29.827,0.8367,0.83679,1.45,1.50
2017.06.23 12:36:30.132,0.83671,0.8368,1.95,1.00
2017.06.23 12:36:30.646,0.83672,0.83679,1.45,1.00
2017.06.23 12:36:30.902,0.83671,0.83679,1.20,1.00
2017.06.23 12:36:31.824,0.83671,0.83679,1.45,1.00
2017.06.23 12:36:32.375,0.8367,0.83679,2.70,1.00
2017.06.23 12:36:32.965,0.8367,0.8368,1.00,2.25
2017.06.23 12:36:35.759,0.83667,0.83678,1.50,1.00
2017.06.23 12:36:35.968,0.83668,0.83675,1.00,1.00
2017.06.23 12:36:36.478,0.83667,0.83677,1.00,3.37
2017.06.23 12:36:37.688,0.83666,0.83675,1.12,1.12
2017.06.23 12:36:38.511,0.83667,0.83675,1.00,1.87
2017.06.23 12:36:39.051,0.83667,0.83675,1.00,1.37
2017.06.23 12:36:39.720,0.83668,0.83676,1.00,3.37
2017.06.23 12:36:39.974,0.83669,0.83677,1.10,1.00
2017.06.23 12:36:40.077,0.83669,0.83679,1.10,1.12
2017.06.23 12:36:40.610,0.83668,0.83676,1.07,1.00
2017.06.23 12:36:40.865,0.83666,0.83676,1.10,3.37
2017.06.23 12:36:40.967,0.83666,0.83676,1.10,1.12
2017.06.23 12:36:41.222,0.83668,0.83676,1.00,1.12
2017.06.23 12:36:41.381,0.83668,0.83678,1.20,1.12
2017.06.23 12:36:41.890,0.83667,0.83677,1.50,1.50
2017.06.23 12:36:42.442,0.83668,0.83677,1.00,1.00
2017.06.23 12:36:42.673,0.83671,0.83679,1.00,2.25
2017.06.23 12:36:43.108,0.83671,0.83681,1.00,2.25
2017.06.23 12:36:43.261,0.8367,0.83679,1.12,1.37
2017.06.23 12:36:43.782,0.83671,0.83678,1.10,1.00
2017.06.23 12:36:43.986,0.83674,0.83683,1.00,1.50
2017.06.23 12:36:44.296,0.83676,0.83684,1.00,4.87
2017.06.23 12:36:44.810,0.83676,0.83684,1.00,2.25
2017.06.23 12:36:45.110,0.83677,0.83686,1.00,1.50
2017.06.23 12:36:45.833,0.83678,0.83687,1.00,4.12
2017.06.23 12:36:45.884,0.83681,0.83687,1.00,3.37
2017.06.23 12:36:45.988,0.8368,0.8369,1.10,1.87
2017.06.23 12:36:46.196,0.83681,0.83691,1.37,1.87
2017.06.23 12:36:46.820,0.83681,0.8369,1.00,1.12
2017.06.23 12:36:47.127,0.83679,0.83689,1.00,4.12
2017.06.23 12:36:47.280,0.83679,0.83689,1.12,1.12
2017.06.23 12:36:47.778,0.8368,0.83688,1.00,2.62
2017.06.23 12:36:48.136,0.83683,0.83688,1.00,2.62
2017.06.23 12:36:48.305,0.83682,0.8369,3.37,1.00
2017.06.23 12:36:48.356,0.83682,0.83692,3.37,1.12
2017.06.23 12:36:48.408,0.83682,0.83692,1.57,1.50
2017.06.23 12:36:48.612,0.83682,0.83692,3.37,1.12
2017.06.23 12:36:49.123,0.83684,0.83691,1.00,1.00
2017.06.23 12:36:49.645,0.83684,0.83692,1.00,1.00
2017.06.23 12:36:50.155,0.83684,0.83693,1.00,3.37
2017.06.23 12:36:50.320,0.83684,0.83693,1.37,1.12
2017.06.23 12:36:51.390,0.83683,0.83694,1.12,1.87
2017.06.23 12:36:51.933,0.83684,0.83694,1.00,2.25
2017.06.23 12:36:52.102,0.83686,0.83695,1.00,3.37
2017.06.23 12:36:52.408,0.83686,0.83695,1.00,1.12
2017.06.23 12:36:52.525,0.83686,0.83695,1.00,3.37
2017.06.23 12:36:53.275,0.83685,0.83694,1.00,1.50
2017.06.23 12:36:54.383,0.83684,0.83692,1.00,1.00
2017.06.23 12:36:54.739,0.83685,0.83694,1.45,1.50
2017.06.23 12:36:54.943,0.83686,0.83697,1.20,2.25
2017.06.23 12:36:55.450,0.83687,0.83695,1.00,1.00
2017.06.23 12:36:56.111,0.83685,0.83696,1.20,2.62
2017.06.23 12:36:56.629,0.83686,0.83695,1.10,1.00
2017.06.23 12:36:57.141,0.83685,0.83696,2.32,1.87
2017.06.23 12:36:57.637,0.83687,0.83695,1.00,1.00
2017.06.23 12:36:58.869,0.83685,0.83696,2.32,1.50
2017.06.23 12:36:59.416,0.83685,0.83696,1.57,2.25
2017.06.23 12:36:59.954,0.83685,0.83696,1.57,1.87
2017.06.23 12:37:00.491,0.83685,0.83696,3.45,1.87
2017.06.23 12:37:01.133,0.83685,0.83696,3.45,1.87
2017.06.23 12:37:01.929,0.83687,0.83696,1.57,1.87
2017.06.23 12:37:03.221,0.83685,0.83694,3.37,1.00
2017.06.23 12:37:03.323,0.83685,0.83694,1.00,1.37
2017.06.23 12:37:03.832,0.83683,0.83694,1.57,4.12
2017.06.23 12:37:04.398,0.83683,0.83693,1.20,1.00
2017.06.23 12:37:04.640,0.83685,0.83693,1.00,1.00
2017.06.23 12:37:04.947,0.83686,0.83696,1.12,1.12
2017.06.23 12:37:05.461,0.83686,0.83697,1.57,1.87
2017.06.23 12:37:05.563,0.8369,0.83697,1.95,1.87
2017.06.23 12:37:05.868,0.83691,0.83702,1.57,1.50
2017.06.23 12:37:06.562,0.83693,0.83702,1.00,1.37
2017.06.23 12:37:06.613,0.83693,0.83701,1.10,2.25
2017.06.23 12:37:06.715,0.83693,0.83701,1.10,1.00
2017.06.23 12:37:07.223,0.83693,0.83702,1.20,1.37
2017.06.23 12:37:08.275,0.83693,0.83702,1.00,1.50
2017.06.23 12:37:08.377,0.83697,0.83702,1.00,1.50
2017.06.23 12:37:08.581,0.83697,0.83707,1.00,1.50
2017.06.23 12:37:09.091,0.83697,0.83707,1.12,1.50
2017.06.23 12:37:09.594,0.83697,0.83707,1.00,1.50
2017.06.23 12:37:09.798,0.83699,0.83708,1.00,4.50
2017.06.23 12:37:09.951,0.83699,0.83708,1.00,1.87
2017.06.23 12:37:10.459,0.83697,0.83708,4.12,1.37
2017.06.23 12:37:15.380,0.83699,0.83708,1.50,1.12
2017.06.23 12:37:15.923,0.83699,0.83707,1.50,1.12
2017.06.23 12:37:17.877,0.837,0.83708,1.00,1.37
2017.06.23 12:37:18.427,0.83699,0.83709,1.50,4.12
2017.06.23 12:37:18.832,0.83699,0.83709,1.87,2.25
2017.06.23 12:37:19.359,0.837,0.83708,1.00,1.00
2017.06.23 12:37:20.172,0.83699,0.83708,1.50,1.00
2017.06.23 12:37:20.376,0.83701,0.83708,1.20,2.25
2017.06.23 12:37:20.770,0.83705,0.83714,1.10,1.12
2017.06.23 12:37:21.278,0.83705,0.83715,1.12,1.12
2017.06.23 12:37:21.430,0.83707,0.83714,1.00,1.12
2017.06.23 12:37:21.737,0.83711,0.83717,1.20,2.25
2017.06.23 12:37:21.847,0.83714,0.83721,1.00,2.25
2017.06.23 12:37:21.953,0.83711,0.83719,3.00,1.00
2017.06.23 12:37:22.157,0.83709,0.83717,1.50,1.00
2017.06.23 12:37:22.665,0.83708,0.83719,3.82,2.62
2017.06.23 12:37:23.137,0.83711,0.8372,1.07,1.00
2017.06.23 12:37:23.442,0.83714,0.83723,2.32,2.25
2017.06.23 12:37:23.494,0.83714,0.83723,2.32,1.00
2017.06.23 12:37:24.001,0.83714,0.83726,3.07,2.62
2017.06.23 12:37:24.103,0.83716,0.83726,1.45,1.50
2017.06.23 12:37:24.307,0.83716,0.83727,1.57,1.12
2017.06.23 12:37:24.612,0.83715,0.83725,1.37,1.00
2017.06.23 12:37:24.917,0.83715,0.83723,1.00,1.00
2017.06.23 12:37:25.263,0.83713,0.83722,1.57,1.00
2017.06.23 12:37:25.812,0.83713,0.83721,1.00,1.00
2017.06.23 12:37:25.914,0.83713,0.83723,1.00,2.62
2017.06.23 12:37:26.017,0.83715,0.83721,1.00,1.00
2017.06.23 12:37:26.068,0.83715,0.83723,1.00,1.87
2017.06.23 12:37:26.119,0.83713,0.83723,1.00,1.12
2017.06.23 12:37:26.641,0.83713,0.83722,1.00,1.00
2017.06.23 12:37:27.192,0.83713,0.83723,1.00,1.87
2017.06.23 12:37:27.502,0.83715,0.83723,1.00,1.87
2017.06.23 12:37:28.455,0.83713,0.83722,1.00,1.00
2017.06.23 12:37:28.978,0.83711,0.83721,3.37,1.50
2017.06.23 12:37:29.030,0.83712,0.83716,1.00,1.00
2017.06.23 12:37:29.184,0.83708,0.83715,2.62,1.00
2017.06.23 12:37:29.286,0.83706,0.83716,1.10,1.12
2017.06.23 12:37:29.388,0.83707,0.83716,1.07,1.12
2017.06.23 12:37:29.658,0.83708,0.83718,1.57,1.12
2017.06.23 12:37:29.963,0.83708,0.83719,1.57,2.62
2017.06.23 12:37:30.065,0.83708,0.83719,1.57,2.62
2017.06.23 12:37:31.275,0.83707,0.83718,1.57,2.25
2017.06.23 12:37:32.484,0.83707,0.83718,2.70,1.12
2017.06.23 12:37:32.794,0.83708,0.83718,1.57,1.12
2017.06.23 12:37:33.128,0.83713,0.83721,1.20,2.25
2017.06.23 12:37:33.180,0.83713,0.83723,1.20,1.50
2017.06.23 12:37:34.075,0.83715,0.83723,1.00,1.50
2017.06.23 12:37:34.381,0.83719,0.83729,1.50,3.37
2017.06.23 12:37:34.483,0.83719,0.83729,1.50,1.00
2017.06.23 12:37:35.021,0.83719,0.83729,1.10,1.50
2017.06.23 12:37:35.176,0.83722,0.83729,1.00,1.50
2017.06.23 12:37:35.379,0.8372,0.8373,1.00,1.50
2017.06.23 12:37:35.431,0.8372,0.8373,2.32,1.37
2017.06.23 12:37:35.972,0.83722,0.83734,1.20,4.12
2017.06.23 12:37:36.023,0.83724,0.83734,1.00,3.37
2017.06.23 12:37:36.176,0.83724,0.83734,1.20,1.12
2017.06.23 12:37:36.735,0.83723,0.83734,2.32,1.50
2017.06.23 12:37:37.289,0.83723,0.83733,1.57,1.00
2017.06.23 12:37:37.391,0.83725,0.83734,1.45,3.00
2017.06.23 12:37:37.748,0.83729,0.83736,1.20,2.62
2017.06.23 12:37:37.901,0.8373,0.8374,1.45,2.62
2017.06.23 12:37:38.403,0.83731,0.83741,1.20,2.25
2017.06.23 12:37:39.344,0.83731,0.83741,2.32,2.62
2017.06.23 12:37:39.408,0.83731,0.83741,1.95,2.62
2017.06.23 12:37:39.880,0.8373,0.83742,2.70,1.87
2017.06.23 12:37:39.983,0.83728,0.83739,3.07,1.00
2017.06.23 12:37:40.288,0.83733,0.8374,1.95,2.62
2017.06.23 12:37:40.390,0.83733,0.83744,1.95,1.50
2017.06.23 12:37:40.595,0.83733,0.83745,1.95,1.87
2017.06.23 12:37:40.697,0.83735,0.83745,1.10,2.25
2017.06.23 12:37:41.070,0.83734,0.83745,1.57,1.87
2017.06.23 12:37:41.721,0.83734,0.83745,2.32,1.12
2017.06.23 12:37:41.821,0.83734,0.83745,2.32,1.12
2017.06.23 12:37:41.974,0.83734,0.83745,2.32,1.12
2017.06.23 12:37:42.681,0.83736,0.83745,1.00,1.12
2017.06.23 12:37:42.935,0.83734,0.83744,1.20,1.00
2017.06.23 12:37:44.182,0.83735,0.83744,1.20,1.00
2017.06.23 12:37:44.283,0.83734,0.83744,1.95,1.00
2017.06.23 12:37:44.943,0.83733,0.83744,1.20,1.50
2017.06.23 12:37:45.046,0.83736,0.83744,1.20,1.50
2017.06.23 12:37:45.394,0.83738,0.83747,1.12,1.12
2017.06.23 12:37:45.918,0.83737,0.83746,1.00,1.00
2017.06.23 12:37:46.436,0.83735,0.83745,1.37,1.12
2017.06.23 12:37:46.945,0.83735,0.83745,1.12,1.00
2017.06.23 12:37:46.996,0.83737,0.83745,1.00,1.50
2017.06.23 12:37:47.303,0.83738,0.83747,2.62,1.00
2017.06.23 12:37:47.611,0.83734,0.83745,2.25,1.50
2017.06.23 12:37:48.030,0.83733,0.83744,1.12,1.12
2017.06.23 12:37:48.081,0.83731,0.83742,3.37,1.00
2017.06.23 12:37:48.388,0.83729,0.8374,1.00,3.37
2017.06.23 12:37:48.690,0.83727,0.83735,1.00,2.62
2017.06.23 12:37:49.023,0.83727,0.83733,1.00,3.37
2017.06.23 12:37:49.543,0.83726,0.83734,1.00,2.62
2017.06.23 12:37:50.008,0.83728,0.83734,1.00,2.62
2017.06.23 12:37:50.211,0.83728,0.83734,1.00,1.00
2017.06.23 12:37:53.030,0.8373,0.83736,1.00,3.37
2017.06.23 12:37:53.133,0.8373,0.83736,1.00,1.37
2017.06.23 12:37:53.684,0.83729,0.83736,1.00,1.12
2017.06.23 12:37:54.192,0.8373,0.83738,1.00,2.62
2017.06.23 12:37:57.198,0.83733,0.83738,1.00,2.62
2017.06.23 12:37:57.748,0.83732,0.83738,1.00,2.62
2017.06.23 12:37:59.930,0.83732,0.83739,1.00,3.37
2017.06.23 12:38:00.495,0.83733,0.83739,1.00,3.37
2017.06.23 12:38:01.043,0.83732,0.83739,1.00,4.12
2017.06.23 12:38:01.651,0.83731,0.83736,1.00,1.00
2017.06.23 12:38:01.702,0.83729,0.83736,1.00,1.00
2017.06.23 12:38:01.857,0.8373,0.83736,1.00,2.25
2017.06.23 12:38:02.009,0.8373,0.83737,1.00,1.50
2017.06.23 12:38:02.549,0.83731,0.83737,1.00,1.50
2017.06.23 12:38:03.444,0.83731,0.83737,1.00,3.37
2017.06.23 12:38:03.792,0.83729,0.83737,1.00,3.37
2017.06.23 12:38:03.894,0.83727,0.83735,1.12,1.12
2017.06.23 12:38:03.945,0.83725,0.83733,1.87,1.00
2017.06.23 12:38:04.348,0.83727,0.83733,1.00,1.50
2017.06.23 12:38:04.653,0.8373,0.83736,1.00,4.12
2017.06.23 12:38:05.059,0.8373,0.83736,1.00,2.62
2017.06.23 12:38:05.212,0.83732,0.8374,1.00,3.37
2017.06.23 12:38:05.761,0.83733,0.8374,1.00,1.50
2017.06.23 12:38:05.914,0.83731,0.8374,1.00,1.95
2017.06.23 12:38:06.241,0.83729,0.83738,1.87,1.00
2017.06.23 12:38:06.633,0.83729,0.83736,1.00,1.00
2017.06.23 12:38:06.684,0.83727,0.83736,1.87,1.00
2017.06.23 12:38:06.786,0.83725,0.83734,4.50,1.00
2017.06.23 12:38:07.144,0.83728,0.83738,1.00,1.50
2017.06.23 12:38:08.096,0.83728,0.83736,1.00,1.00
2017.06.23 12:38:08.627,0.83728,0.83739,1.00,4.57
2017.06.23 12:38:09.143,0.83728,0.83739,1.87,1.50
2017.06.23 12:38:10.163,0.83728,0.83737,1.50,1.00
2017.06.23 12:38:10.700,0.83728,0.83739,1.00,3.82
2017.06.23 12:38:11.215,0.83729,0.83739,1.00,3.37
2017.06.23 12:38:11.521,0.83726,0.83737,2.25,1.00
2017.06.23 12:38:12.120,0.83727,0.83735,1.00,1.00
2017.06.23 12:38:13.673,0.83727,0.83737,1.50,1.50
2017.06.23 12:38:13.826,0.83727,0.83737,3.37,1.12
2017.06.23 12:38:14.313,0.83726,0.83735,3.37,1.00
2017.06.23 12:38:14.553,0.83724,0.83735,1.87,4.12
2017.06.23 12:38:15.155,0.83723,0.83734,1.87,2.25
2017.06.23 12:38:15.573,0.83722,0.83731,1.00,1.00
2017.06.23 12:38:15.916,0.83719,0.83728,1.12,1.12
2017.06.23 12:38:16.547,0.8372,0.83729,1.00,2.25
2017.06.23 12:38:16.852,0.83723,0.83729,1.00,1.00
2017.06.23 12:38:17.056,0.83723,0.83732,1.12,1.87
2017.06.23 12:38:17.278,0.83724,0.83735,1.12,2.62
2017.06.23 12:38:19.969,0.83722,0.83733,4.20,1.12
2017.06.23 12:38:20.478,0.83724,0.83734,1.00,1.12
2017.06.23 12:38:22.003,0.83722,0.83732,3.37,1.00
2017.06.23 12:38:22.246,0.83722,0.83732,1.12,1.00
2017.06.23 12:38:22.755,0.83722,0.83731,1.12,1.50
2017.06.23 12:38:23.267,0.83721,0.8373,1.50,1.00
2017.06.23 12:38:23.731,0.8372,0.83728,3.00,1.00
2017.06.23 12:38:23.782,0.83719,0.83727,1.12,1.00
2017.06.23 12:38:24.545,0.83719,0.83729,1.12,1.87
2017.06.23 12:38:24.649,0.83717,0.83725,2.62,1.00
2017.06.23 12:38:24.955,0.83711,0.83719,2.62,1.00
2017.06.23 12:38:25.058,0.83708,0.83719,3.37,1.50
2017.06.23 12:38:25.576,0.83708,0.83719,1.50,1.87
2017.06.23 12:38:26.400,0.8371,0.83718,1.00,1.00
2017.06.23 12:38:26.847,0.83708,0.83716,1.57,1.00
2017.06.23 12:38:27.621,0.83708,0.83716,1.20,1.00
2017.06.23 12:38:28.484,0.83707,0.83715,1.87,1.00
2017.06.23 12:38:28.801,0.83702,0.83712,1.50,1.00
2017.06.23 12:38:28.852,0.83702,0.83712,1.12,3.37
2017.06.23 12:38:29.056,0.83702,0.83712,1.00,1.50
2017.06.23 12:38:29.602,0.83704,0.83712,1.00,1.50
2017.06.23 12:38:29.932,0.83706,0.83714,1.00,2.25
2017.06.23 12:38:29.984,0.83705,0.83715,1.50,1.00
2017.06.23 12:38:30.513,0.83705,0.83715,1.12,1.12
2017.06.23 12:38:31.141,0.83705,0.83714,1.12,1.00
2017.06.23 12:38:32.036,0.83705,0.83712,1.12,1.00
2017.06.23 12:38:32.644,0.83703,0.83712,2.32,1.00
2017.06.23 12:38:35.048,0.83702,0.83713,4.95,1.00
2017.06.23 12:38:35.556,0.83703,0.83713,1.95,1.12
2017.06.23 12:38:35.862,0.83703,0.83711,1.50,1.00
2017.06.23 12:38:36.164,0.837,0.83707,2.62,1.00
2017.06.23 12:38:36.267,0.83698,0.83707,2.62,1.00
2017.06.23 12:38:37.753,0.83698,0.83706,2.62,1.00
2017.06.23 12:38:38.278,0.83698,0.83707,2.62,1.00
2017.06.23 12:38:38.621,0.83698,0.83705,3.37,1.00
2017.06.23 12:38:38.827,0.83697,0.83705,1.50,1.00
2017.06.23 12:38:39.204,0.83696,0.83705,1.00,1.00
2017.06.23 12:38:40.013,0.83696,0.83703,1.00,1.00
2017.06.23 12:38:40.569,0.83696,0.83703,1.50,1.00
2017.06.23 12:38:41.124,0.83695,0.83704,3.37,1.00
2017.06.23 12:38:41.613,0.83696,0.837,1.00,1.00
2017.06.23 12:38:41.817,0.8369,0.83698,4.87,1.00
2017.06.23 12:38:42.318,0.83691,0.83698,1.00,1.00
2017.06.23 12:38:42.823,0.8369,0.83698,1.50,1.00
2017.06.23 12:38:43.362,0.8369,0.83698,2.62,1.00
2017.06.23 12:38:43.668,0.83692,0.83701,1.12,1.00
2017.06.23 12:38:43.873,0.83692,0.83699,1.50,1.00
2017.06.23 12:38:45.366,0.83695,0.83704,1.00,1.50
2017.06.23 12:38:45.469,0.83692,0.83703,2.32,1.87
2017.06.23 12:38:45.571,0.83692,0.83703,3.37,1.87
2017.06.23 12:38:45.825,0.83692,0.83703,1.12,1.87
2017.06.23 12:38:46.190,0.83692,0.83701,1.12,1.00
2017.06.23 12:38:46.386,0.83692,0.83703,1.87,1.12
2017.06.23 12:38:46.857,0.83694,0.83704,1.50,2.62
2017.06.23 12:38:47.111,0.83696,0.83706,1.50,1.00
2017.06.23 12:38:47.417,0.83697,0.83707,2.62,1.00
2017.06.23 12:38:48.010,0.83698,0.83707,2.62,1.00
2017.06.23 12:38:49.037,0.83697,0.83707,2.62,1.00
2017.06.23 12:38:50.570,0.837,0.83708,1.00,1.00
2017.06.23 12:38:50.825,0.83701,0.83711,1.50,1.00
2017.06.23 12:38:51.313,0.83701,0.83712,3.37,1.50
2017.06.23 12:38:51.821,0.83703,0.83713,1.50,1.00
2017.06.23 12:38:52.207,0.83704,0.83713,2.62,1.00
2017.06.23 12:38:52.792,0.83703,0.83713,3.37,1.00
2017.06.23 12:38:53.357,0.83703,0.83713,3.37,1.45
2017.06.23 12:38:53.611,0.83699,0.83708,2.62,1.00
2017.06.23 12:38:53.799,0.83698,0.83708,1.50,1.50
2017.06.23 12:38:54.006,0.837,0.83708,1.00,1.00
2017.06.23 12:38:54.311,0.83698,0.83708,1.50,2.25
2017.06.23 12:38:55.145,0.83698,0.83708,2.62,2.25
2017.06.23 12:38:55.717,0.837,0.83709,1.00,1.50
2017.06.23 12:38:57.125,0.837,0.83708,1.00,1.00
2017.06.23 12:38:57.329,0.83693,0.83704,3.37,1.50
2017.06.23 12:38:57.534,0.83693,0.83704,1.12,2.25
2017.06.23 12:38:58.116,0.83693,0.83702,1.12,1.50
2017.06.23 12:38:59.628,0.83692,0.83702,1.20,1.87
2017.06.23 12:39:00.124,0.83692,0.83702,3.37,1.87
2017.06.23 12:39:00.327,0.83692,0.83702,1.00,2.25
2017.06.23 12:39:02.063,0.83691,0.83702,1.12,2.25
2017.06.23 12:39:02.441,0.83693,0.83701,1.00,1.00
2017.06.23 12:39:02.835,0.8369,0.83701,1.87,1.00
2017.06.23 12:39:02.888,0.8369,0.83699,1.37,1.00
2017.06.23 12:39:03.214,0.83687,0.83695,1.00,1.50
2017.06.23 12:39:03.379,0.83687,0.83697,1.12,1.00
2017.06.23 12:39:03.430,0.83689,0.83697,1.00,1.00
2017.06.23 12:39:03.532,0.83689,0.83699,1.12,1.12
2017.06.23 12:39:03.635,0.8369,0.83699,2.62,1.00
2017.06.23 12:39:03.839,0.83687,0.83697,1.50,1.50
2017.06.23 12:39:05.004,0.8369,0.83697,1.00,1.12
2017.06.23 12:39:05.258,0.8369,0.837,1.12,1.00
2017.06.23 12:39:05.791,0.8369,0.83701,1.50,1.12
2017.06.23 12:39:06.337,0.83695,0.83702,1.00,1.50
2017.06.23 12:39:06.443,0.83695,0.83705,1.00,2.25
2017.06.23 12:39:06.549,0.83695,0.83705,3.37,1.87
2017.06.23 12:39:06.860,0.83694,0.83702,2.62,1.00
2017.06.23 12:39:06.962,0.83691,0.83702,3.37,1.10
2017.06.23 12:39:07.065,0.83691,0.83701,1.12,1.10
2017.06.23 12:39:07.422,0.83694,0.83701,1.00,1.00
2017.06.23 12:39:07.727,0.83694,0.83702,3.37,1.00
2017.06.23 12:39:08.053,0.83694,0.83703,1.50,1.00
2017.06.23 12:39:09.723,0.83694,0.83704,1.50,1.00
2017.06.23 12:39:10.322,0.83694,0.83704,1.37,1.37
2017.06.23 12:39:12.347,0.83696,0.83704,1.00,1.37
2017.06.23 12:39:12.968,0.83697,0.83704,1.00,1.37
2017.06.23 12:39:13.362,0.83699,0.83704,1.00,1.37
2017.06.23 12:39:13.566,0.83702,0.8371,1.00,1.00
2017.06.23 12:39:13.973,0.83702,0.83712,1.50,1.00
2017.06.23 12:39:14.508,0.83702,0.83711,1.00,1.00
2017.06.23 12:39:14.942,0.837,0.83709,3.00,1.00
2017.06.23 12:39:15.248,0.83695,0.83704,1.37,1.12
2017.06.23 12:39:15.637,0.83693,0.83703,1.12,1.12
2017.06.23 12:39:16.148,0.83694,0.83703,1.00,1.12
2017.06.23 12:39:16.763,0.83694,0.83704,1.12,1.12
2017.06.23 12:39:17.291,0.83695,0.83705,1.00,2.25
2017.06.23 12:39:17.583,0.83692,0.83702,3.75,1.00
2017.06.23 12:39:17.737,0.83692,0.83702,1.12,1.87
2017.06.23 12:39:18.148,0.83693,0.83702,2.62,1.50
2017.06.23 12:39:18.250,0.83691,0.83702,3.45,1.87
2017.06.23 12:39:18.522,0.83691,0.837,3.37,1.00
2017.06.23 12:39:18.878,0.83691,0.837,1.00,1.12
2017.06.23 12:39:19.421,0.8369,0.83699,2.62,1.00
2017.06.23 12:39:19.472,0.83689,0.83699,1.00,1.12
2017.06.23 12:39:19.828,0.83688,0.83696,3.37,1.00
2017.06.23 12:39:20.082,0.83688,0.83696,1.00,1.00
2017.06.23 12:39:20.463,0.8369,0.83698,1.00,1.12
2017.06.23 12:39:20.769,0.83692,0.837,1.10,1.12
2017.06.23 12:39:20.973,0.83692,0.83703,3.82,1.50
2017.06.23 12:39:21.521,0.83693,0.83702,1.10,1.00
2017.06.23 12:39:21.572,0.83693,0.83702,3.07,1.00
2017.06.23 12:39:22.085,0.83692,0.83702,2.25,1.50
2017.06.23 12:39:22.622,0.83692,0.83701,1.50,1.00
2017.06.23 12:39:23.217,0.83692,0.83702,1.50,1.00
2017.06.23 12:39:23.919,0.83692,0.83701,1.50,1.00
2017.06.23 12:39:27.994,0.83693,0.837,1.12,1.00
2017.06.23 12:39:31.719,0.83691,0.837,1.00,1.50
2017.06.23 12:39:32.690,0.8369,0.83698,1.00,1.00
2017.06.23 12:39:33.012,0.83693,0.837,1.00,2.62
2017.06.23 12:39:33.114,0.83693,0.837,1.00,1.50
2017.06.23 12:39:33.344,0.83693,0.83702,1.00,1.87
2017.06.23 12:39:33.948,0.83694,0.83703,1.00,1.50
2017.06.23 12:39:34.406,0.83695,0.83704,1.00,2.25
2017.06.23 12:39:35.084,0.83695,0.83703,1.00,1.00
2017.06.23 12:39:35.447,0.83695,0.83701,1.00,1.00
2017.06.23 12:39:35.601,0.83696,0.83703,1.00,1.50
2017.06.23 12:39:35.906,0.83696,0.83705,1.00,1.50
2017.06.23 12:39:40.689,0.83695,0.83705,1.87,1.50
2017.06.23 12:39:40.740,0.83695,0.83702,1.12,1.00
2017.06.23 12:39:41.250,0.83695,0.83703,1.12,1.00
2017.06.23 12:39:42.522,0.83695,0.83702,1.12,1.50
2017.06.23 12:39:42.828,0.83692,0.83701,1.50,2.25
2017.06.23 12:39:44.074,0.83692,0.837,1.00,1.00
2017.06.23 12:39:44.176,0.83694,0.83701,1.00,1.00
2017.06.23 12:39:44.908,0.83693,0.83703,1.95,2.62
2017.06.23 12:39:45.202,0.83693,0.83703,1.20,1.12
2017.06.23 12:39:45.836,0.83696,0.83703,1.00,1.12
2017.06.23 12:39:45.888,0.83694,0.83703,1.00,1.12
2017.06.23 12:39:46.427,0.83695,0.83704,1.12,1.00
2017.06.23 12:39:46.683,0.83698,0.83704,1.00,1.50
2017.06.23 12:39:47.037,0.83701,0.83707,1.00,2.62
2017.06.23 12:39:47.291,0.83701,0.8371,1.87,1.00
2017.06.23 12:39:48.007,0.83702,0.83711,1.12,1.50
2017.06.23 12:39:48.110,0.83706,0.83714,1.00,4.12
2017.06.23 12:39:48.314,0.83706,0.83715,1.12,1.37
2017.06.23 12:39:48.619,0.83706,0.83716,1.37,1.00
2017.06.23 12:39:50.033,0.83709,0.83716,1.00,1.50
2017.06.23 12:39:51.550,0.83707,0.83717,1.50,2.25
2017.06.23 12:39:51.601,0.83709,0.83717,1.00,1.50
2017.06.23 12:39:51.930,0.83716,0.83726,1.12,3.37
2017.06.23 12:39:52.135,0.83717,0.83727,1.00,1.50
2017.06.23 12:39:52.288,0.83715,0.83724,1.50,1.50
2017.06.23 12:39:52.598,0.83714,0.83723,1.12,1.37
2017.06.23 12:39:52.913,0.83712,0.83717,2.25,1.50
2017.06.23 12:39:52.964,0.83707,0.83717,1.87,1.50
2017.06.23 12:39:53.759,0.83708,0.83718,1.12,1.50
2017.06.23 12:39:54.544,0.83709,0.83718,1.00,1.00
2017.06.23 12:39:54.596,0.83711,0.83718,1.00,1.50
2017.06.23 12:39:55.146,0.8371,0.83718,1.00,1.12
2017.06.23 12:39:56.597,0.83709,0.83719,1.00,3.00
2017.06.23 12:39:57.103,0.8371,0.83719,1.00,3.00
2017.06.23 12:39:57.625,0.8371,0.83719,1.00,2.25
2017.06.23 12:39:58.140,0.83709,0.83719,1.12,1.87
2017.06.23 12:39:58.447,0.83714,0.83721,1.00,3.37
2017.06.23 12:39:58.550,0.83714,0.83722,1.00,1.50
2017.06.23 12:39:58.703,0.83714,0.83723,1.00,2.25
2017.06.23 12:39:59.564,0.83714,0.83722,1.00,1.00
2017.06.23 12:39:59.944,0.83716,0.83723,1.00,1.00
2017.06.23 12:40:00.554,0.83715,0.83724,1.00,1.12
2017.06.23 12:40:00.708,0.83713,0.83723,1.12,1.00
2017.06.23 12:40:00.811,0.83715,0.83724,1.00,1.50
2017.06.23 12:40:01.117,0.83718,0.83727,1.00,4.12
2017.06.23 12:40:01.771,0.83717,0.83727,1.00,3.37
2017.06.23 12:40:02.298,0.83718,0.83725,1.00,1.00
2017.06.23 12:40:02.654,0.83717,0.83725,1.00,2.62
2017.06.23 12:40:03.306,0.83719,0.83725,1.00,2.62
2017.06.23 12:40:03.575,0.83717,0.83725,1.00,3.37
2017.06.23 12:40:04.106,0.83716,0.83725,1.00,3.37
2017.06.23 12:40:04.208,0.83718,0.83725,1.00,2.62
2017.06.23 12:40:04.361,0.83718,0.83726,1.00,1.12
2017.06.23 12:40:04.637,0.83718,0.83726,1.00,3.37
2017.06.23 12:40:04.841,0.83716,0.83724,1.00,1.00
2017.06.23 12:40:04.892,0.83714,0.83722,2.25,1.00
2017.06.23 12:40:05.197,0.83714,0.83722,1.00,3.37
2017.06.23 12:40:05.764,0.83714,0.83724,1.12,3.37
2017.06.23 12:40:06.274,0.83715,0.83724,1.00,3.37
2017.06.23 12:40:06.800,0.83715,0.83724,1.00,1.12
2017.06.23 12:40:07.308,0.83714,0.83723,1.57,1.12
2017.06.23 12:40:09.870,0.83714,0.83724,2.25,1.50
2017.06.23 12:40:10.533,0.83716,0.83724,1.00,1.50
2017.06.23 12:40:11.171,0.83714,0.83723,2.25,1.00
2017.06.23 12:40:11.273,0.83716,0.83723,1.00,1.00
2017.06.23 12:40:11.804,0.83716,0.83722,1.00,1.00
2017.06.23 12:40:14.651,0.83713,0.83721,1.50,1.00
2017.06.23 12:40:14.804,0.83715,0.83721,1.00,1.50
2017.06.23 12:40:15.242,0.83713,0.8372,1.00,1.00
2017.06.23 12:40:15.446,0.83711,0.8372,1.50,1.12
2017.06.23 12:40:16.041,0.83711,0.8372,1.50,1.37
2017.06.23 12:40:18.014,0.83715,0.83719,1.50,1.00
2017.06.23 12:40:18.067,0.83716,0.83721,1.00,1.00
2017.06.23 12:40:18.169,0.83717,0.83726,1.00,1.50
2017.06.23 12:40:18.272,0.83719,0.83727,1.00,2.62
2017.06.23 12:40:18.506,0.83719,0.83728,1.00,1.50
2017.06.23 12:40:19.020,0.83719,0.83728,1.00,1.50
2017.06.23 12:40:19.173,0.83721,0.83728,1.50,1.00
2017.06.23 12:40:19.480,0.83728,0.83735,1.50,1.37
2017.06.23 12:40:19.824,0.83734,0.83739,1.00,2.62
2017.06.23 12:40:19.875,0.83735,0.83743,1.50,2.25
2017.06.23 12:40:19.927,0.83738,0.83743,1.00,2.25
2017.06.23 12:40:20.183,0.83738,0.83747,1.50,1.12
2017.06.23 12:40:20.387,0.83735,0.83746,1.87,1.12
2017.06.23 12:40:20.438,0.83734,0.83744,3.37,1.12
2017.06.23 12:40:20.771,0.83733,0.83741,1.00,2.62
2017.06.23 12:40:21.290,0.83732,0.8374,1.00,1.37
2017.06.23 12:40:23.184,0.83731,0.8374,1.00,1.57
2017.06.23 12:40:23.700,0.8373,0.83738,1.00,2.62
2017.06.23 12:40:24.132,0.83728,0.83738,1.00,3.37
2017.06.23 12:40:24.285,0.83728,0.83736,1.00,3.37
2017.06.23 12:40:24.387,0.83724,0.83733,1.50,1.00
2017.06.23 12:40:24.576,0.83724,0.83732,1.50,2.25
2017.06.23 12:40:24.834,0.83722,0.83732,1.00,3.82
2017.06.23 12:40:24.987,0.83721,0.83728,1.00,1.00
2017.06.23 12:40:25.498,0.83721,0.83729,1.00,2.62
2017.06.23 12:40:25.600,0.83721,0.83731,1.00,4.20
2017.06.23 12:40:26.136,0.83721,0.8373,1.00,2.70
2017.06.23 12:40:26.656,0.83721,0.83729,1.00,2.62
2017.06.23 12:40:26.911,0.83719,0.83728,1.00,1.10
2017.06.23 12:40:27.114,0.83717,0.83725,1.00,1.00
2017.06.23 12:40:27.422,0.83717,0.83725,1.00,3.45
2017.06.23 12:40:28.065,0.83715,0.83724,1.00,1.47
2017.06.23 12:40:28.577,0.83715,0.83724,1.00,3.07
2017.06.23 12:40:28.737,0.83713,0.83723,1.12,1.37
2017.06.23 12:40:28.839,0.83712,0.83722,1.00,2.62
2017.06.23 12:40:29.350,0.83712,0.83721,1.00,2.62
2017.06.23 12:40:29.890,0.83711,0.8372,1.00,3.00
2017.06.23 12:40:30.279,0.83711,0.83718,1.00,2.62
2017.06.23 12:40:30.535,0.83711,0.8372,1.00,3.00
2017.06.23 12:40:30.790,0.8371,0.83718,1.00,3.45
2017.06.23 12:40:30.841,0.83708,0.83717,1.00,3.07
2017.06.23 12:40:30.892,0.83706,0.83717,1.50,6.07
2017.06.23 12:40:31.751,0.83706,0.83716,1.00,3.37
2017.06.23 12:40:32.005,0.83707,0.83716,1.00,1.00
2017.06.23 12:40:32.530,0.8371,0.83716,1.00,1.00
2017.06.23 12:40:32.995,0.83708,0.83718,1.12,3.45
2017.06.23 12:40:33.931,0.83708,0.83718,1.00,3.82
2017.06.23 12:40:34.645,0.83708,0.83717,1.50,1.07
2017.06.23 12:40:35.442,0.83707,0.83717,1.00,2.32
2017.06.23 12:40:36.003,0.83707,0.83717,1.00,4.95
2017.06.23 12:40:36.982,0.83709,0.83717,1.00,3.82
2017.06.23 12:40:37.135,0.83709,0.83717,1.00,1.00
2017.06.23 12:40:39.138,0.83706,0.83716,4.50,1.00
2017.06.23 12:40:39.347,0.83706,0.83716,2.25,2.32
2017.06.23 12:40:39.871,0.83705,0.83715,1.87,1.57
2017.06.23 12:40:40.023,0.83705,0.83714,1.00,2.62
2017.06.23 12:40:40.125,0.83705,0.83715,1.00,1.57
2017.06.23 12:40:40.924,0.83705,0.83715,1.00,1.57
2017.06.23 12:40:42.033,0.83706,0.83716,1.00,3.45
2017.06.23 12:40:42.085,0.83705,0.83711,1.00,1.00
2017.06.23 12:40:42.136,0.83705,0.83713,1.00,1.10
2017.06.23 12:40:42.679,0.83705,0.83712,1.00,1.00
2017.06.23 12:40:43.281,0.83704,0.83712,1.12,1.00
2017.06.23 12:40:43.948,0.83704,0.83712,1.00,1.37
2017.06.23 12:40:44.459,0.83705,0.83714,1.00,3.82
2017.06.23 12:40:45.049,0.83706,0.83713,1.00,1.37
2017.06.23 12:40:45.436,0.83704,0.83713,1.12,1.37
2017.06.23 12:40:45.968,0.83705,0.83714,1.12,1.50
2017.06.23 12:40:46.273,0.83707,0.83715,1.00,1.10
2017.06.23 12:40:46.781,0.83706,0.83715,1.12,1.12
2017.06.23 12:40:47.439,0.83706,0.83715,1.50,1.12
2017.06.23 12:40:47.966,0.83708,0.83715,1.00,1.12
2017.06.23 12:40:48.473,0.83707,0.83714,1.12,1.00
2017.06.23 12:40:48.678,0.83708,0.83717,1.00,1.00
2017.06.23 12:40:49.215,0.83709,0.83718,1.00,1.12
2017.06.23 12:40:50.544,0.8371,0.83719,1.00,1.50
2017.06.23 12:40:51.750,0.83711,0.8372,1.50,3.45
2017.06.23 12:40:51.852,0.83712,0.83721,1.00,1.12
2017.06.23 12:40:52.006,0.83711,0.83719,1.12,1.00
2017.06.23 12:40:52.516,0.8371,0.83719,1.00,1.50
2017.06.23 12:40:53.025,0.83711,0.8372,1.00,1.95
2017.06.23 12:40:53.806,0.8371,0.83717,1.87,1.00
2017.06.23 12:40:54.113,0.83714,0.83718,1.00,1.00
2017.06.23 12:40:54.165,0.83715,0.83721,1.50,1.37
2017.06.23 12:40:54.267,0.83718,0.83725,1.00,3.37
2017.06.23 12:40:54.555,0.83718,0.83728,2.70,3.75
2017.06.23 12:40:54.657,0.83718,0.83728,2.32,1.12
2017.06.23 12:40:55.334,0.8372,0.8373,1.00,4.87
2017.06.23 12:40:56.126,0.83723,0.8373,1.00,2.62
2017.06.23 12:40:56.381,0.83725,0.83734,1.50,3.37
2017.06.23 12:40:57.377,0.83728,0.83733,1.00,2.62
2017.06.23 12:40:57.480,0.83729,0.83735,1.00,1.00
2017.06.23 12:40:57.583,0.83729,0.83739,1.50,1.50
2017.06.23 12:40:58.092,0.83729,0.83738,1.00,1.87
2017.06.23 12:40:59.237,0.8373,0.83739,1.00,3.37
2017.06.23 12:40:59.746,0.8373,0.83739,1.00,3.37
2017.06.23 12:40:59.968,0.83732,0.83739,1.50,2.62
2017.06.23 12:41:00.121,0.83731,0.83739,1.00,3.75
2017.06.23 12:41:00.172,0.83728,0.83738,3.00,1.00
2017.06.23 12:41:00.274,0.83727,0.83736,1.00,1.00
2017.06.23 12:41:00.478,0.83728,0.83736,1.00,2.62
2017.06.23 12:41:01.039,0.83727,0.83735,1.00,1.00
2017.06.23 12:41:01.347,0.83725,0.83734,1.50,1.00
2017.06.23 12:41:01.500,0.83725,0.83733,1.00,1.75
2017.06.23 12:41:02.636,0.83724,0.83733,1.00,2.62
2017.06.23 12:41:03.152,0.83723,0.83732,2.25,2.62
2017.06.23 12:41:03.693,0.83724,0.83732,1.00,3.37
2017.06.23 12:41:03.897,0.83724,0.83732,1.00,1.50
2017.06.23 12:41:04.423,0.83725,0.83732,1.00,1.00
2017.06.23 12:41:04.475,0.83723,0.83732,1.50,1.00
2017.06.23 12:41:04.682,0.8372,0.83731,2.25,2.62
2017.06.23 12:41:04.734,0.8372,0.8373,1.50,1.37
2017.06.23 12:41:05.854,0.8372,0.83728,1.50,1.00
2017.06.23 12:41:05.956,0.83718,0.83728,1.50,1.00
2017.06.23 12:41:06.478,0.83718,0.83728,1.00,1.50
2017.06.23 12:41:06.980,0.83718,0.83729,1.87,3.75
2017.06.23 12:41:08.271,0.83718,0.83727,1.00,1.50
2017.06.23 12:41:08.796,0.83717,0.83727,1.50,2.32
2017.06.23 12:41:09.308,0.83718,0.83727,1.00,2.25
2017.06.23 12:41:09.943,0.83717,0.83727,1.00,1.12
2017.06.23 12:41:10.445,0.83716,0.83726,1.12,1.50
2017.06.23 12:41:10.949,0.83717,0.83727,1.00,1.50
2017.06.23 12:41:11.773,0.83715,0.83724,1.50,1.00
2017.06.23 12:41:12.094,0.83713,0.83721,1.12,1.00
2017.06.23 12:41:12.856,0.83712,0.83721,1.00,1.12
2017.06.23 12:41:13.718,0.83714,0.83721,1.00,1.12
2017.06.23 12:41:15.001,0.83711,0.8372,1.37,1.00
2017.06.23 12:41:15.256,0.83711,0.8372,1.00,1.75
2017.06.23 12:41:15.307,0.83709,0.83719,1.00,1.50
2017.06.23 12:41:15.928,0.83709,0.83718,1.00,1.50
2017.06.23 12:41:16.456,0.83706,0.83716,1.87,1.12
2017.06.23 12:41:16.969,0.83705,0.83715,1.12,1.50
2017.06.23 12:41:17.411,0.83705,0.83714,1.00,1.50
2017.06.23 12:41:17.723,0.83706,0.83716,1.00,1.50
2017.06.23 12:41:18.284,0.83706,0.83716,1.12,1.50
2017.06.23 12:41:18.466,0.83704,0.83713,3.37,1.00
2017.06.23 12:41:18.569,0.83704,0.83713,1.00,1.00
2017.06.23 12:41:19.220,0.83704,0.83714,1.00,1.12
2017.06.23 12:41:19.824,0.83703,0.83714,1.12,1.50
2017.06.23 12:41:20.090,0.83705,0.83715,1.00,1.87
2017.06.23 12:41:20.396,0.83705,0.83716,3.37,1.87
2017.06.23 12:41:20.701,0.83705,0.83713,3.37,1.00
2017.06.23 12:41:20.937,0.83705,0.83713,1.12,1.00
2017.06.23 12:41:21.932,0.83704,0.83715,1.50,1.50
2017.06.23 12:41:22.324,0.83704,0.83712,1.50,1.00
2017.06.23 12:41:22.666,0.83704,0.83714,1.50,1.50
2017.06.23 12:41:22.903,0.83706,0.83716,1.12,1.12
2017.06.23 12:41:23.029,0.83707,0.83716,1.50,1.00
2017.06.23 12:41:23.547,0.83707,0.83716,1.87,1.00
2017.06.23 12:41:24.075,0.83706,0.83715,2.62,1.50
2017.06.23 12:41:24.740,0.83705,0.83714,3.75,1.00
2017.06.23 12:41:24.943,0.83703,0.83711,1.12,1.00
2017.06.23 12:41:25.046,0.83703,0.83712,1.12,1.12
2017.06.23 12:41:25.695,0.83702,0.83711,2.25,1.00
2017.06.23 12:41:26.785,0.83704,0.83712,1.37,1.00
2017.06.23 12:41:27.301,0.83703,0.83712,1.12,1.00
2017.06.23 12:41:28.195,0.83704,0.83712,1.00,1.00
2017.06.23 12:41:28.808,0.83702,0.83712,1.87,1.50
2017.06.23 12:41:29.317,0.83702,0.83713,1.87,1.87
2017.06.23 12:41:29.471,0.83702,0.83711,1.87,1.00
2017.06.23 12:41:30.745,0.83703,0.83713,1.12,1.00
2017.06.23 12:41:30.949,0.83705,0.83713,1.12,1.50
2017.06.23 12:41:31.481,0.83706,0.83716,1.00,1.00
2017.06.23 12:41:31.532,0.83708,0.83716,1.00,1.00
2017.06.23 12:41:31.685,0.83708,0.83718,1.87,1.12
2017.06.23 12:41:32.213,0.83709,0.83718,1.50,1.00
2017.06.23 12:41:33.125,0.83709,0.83719,1.00,1.50
2017.06.23 12:41:33.779,0.83708,0.83719,2.25,1.87
2017.06.23 12:41:34.554,0.83709,0.83718,1.50,1.00
2017.06.23 12:41:35.673,0.83708,0.83717,1.00,1.00
2017.06.23 12:41:35.725,0.83708,0.83714,1.00,1.00
2017.06.23 12:41:35.878,0.83705,0.83715,1.50,1.00
2017.06.23 12:41:36.030,0.83705,0.83713,1.12,1.00
2017.06.23 12:41:36.632,0.83704,0.83711,1.12,1.00
2017.06.23 12:41:37.643,0.83703,0.83712,1.00,1.50
2017.06.23 12:41:37.962,0.83702,0.8371,1.12,1.50
2017.06.23 12:41:39.201,0.83701,0.8371,1.87,2.25
2017.06.23 12:41:39.525,0.83703,0.83711,1.12,1.00
2017.06.23 12:41:39.679,0.83704,0.83713,1.12,1.00
2017.06.23 12:41:40.711,0.83703,0.83713,1.50,1.10
2017.06.23 12:41:41.243,0.83702,0.83712,2.62,1.50
2017.06.23 12:41:41.764,0.83702,0.83712,1.00,1.87
2017.06.23 12:41:42.387,0.83701,0.83711,1.00,1.87
2017.06.23 12:41:43.296,0.83702,0.83711,1.00,1.87
2017.06.23 12:41:44.084,0.83703,0.83711,1.00,1.12
2017.06.23 12:41:44.269,0.83701,0.83712,1.87,1.37
2017.06.23 12:41:44.320,0.83704,0.83712,1.00,1.37
2017.06.23 12:41:44.867,0.83703,0.83712,1.87,1.12
2017.06.23 12:41:45.394,0.83704,0.83712,1.50,1.12
2017.06.23 12:41:45.927,0.83703,0.83712,1.87,1.50
2017.06.23 12:41:46.449,0.83703,0.83711,1.12,1.50
2017.06.23 12:41:46.645,0.83701,0.8371,1.12,1.50
2017.06.23 12:41:46.798,0.83704,0.83711,1.00,1.00
2017.06.23 12:41:47.003,0.83704,0.83713,1.50,1.50
2017.06.23 12:41:47.687,0.83705,0.83712,1.00,1.00
2017.06.23 12:41:47.993,0.83704,0.83714,1.12,1.50
2017.06.23 12:41:48.663,0.83705,0.83713,1.12,1.12
2017.06.23 12:41:49.020,0.83703,0.83712,1.12,1.00
2017.06.23 12:41:49.551,0.83703,0.83711,1.00,1.00
2017.06.23 12:41:50.084,0.83704,0.83711,1.00,1.00
2017.06.23 12:41:50.812,0.83703,0.83711,1.50,1.00
2017.06.23 12:41:51.016,0.83702,0.83709,1.12,1.00
2017.06.23 12:41:54.119,0.83701,0.8371,1.37,1.12
2017.06.23 12:41:54.643,0.83701,0.8371,1.00,1.50
2017.06.23 12:41:55.318,0.83703,0.8371,1.00,1.00
2017.06.23 12:41:55.527,0.83703,0.83712,1.00,1.50
2017.06.23 12:41:57.806,0.83702,0.83712,1.87,2.32
2017.06.23 12:41:58.639,0.83702,0.83711,1.00,1.50
2017.06.23 12:41:59.215,0.83703,0.83712,1.00,1.12
2017.06.23 12:41:59.756,0.83704,0.83712,1.12,1.00
2017.06.23 12:42:00.474,0.83703,0.83711,1.87,2.25
2017.06.23 12:42:00.628,0.83701,0.8371,1.87,1.50
2017.06.23 12:42:01.378,0.83703,0.8371,1.00,1.00
2017.06.23 12:42:01.918,0.83703,0.83712,1.12,1.87
2017.06.23 12:42:02.641,0.83703,0.83712,1.50,1.00
2017.06.23 12:42:03.171,0.83703,0.83711,1.00,1.00
2017.06.23 12:42:05.776,0.83703,0.8371,1.00,1.00
2017.06.23 12:42:06.320,0.83702,0.8371,1.00,1.00
2017.06.23 12:42:08.375,0.83701,0.8371,1.87,1.50
2017.06.23 12:42:10.941,0.83702,0.83711,1.00,1.87
2017.06.23 12:42:11.451,0.83703,0.83712,1.00,1.00
2017.06.23 12:42:12.191,0.83704,0.83712,1.00,1.00
2017.06.23 12:42:12.681,0.83702,0.83711,1.87,1.50
2017.06.23 12:42:13.089,0.83705,0.83713,1.00,2.62
2017.06.23 12:42:13.395,0.83708,0.83718,1.12,1.87
2017.06.23 12:42:13.715,0.8371,0.83718,1.00,1.12
2017.06.23 12:42:14.098,0.8371,0.8372,1.12,2.25
2017.06.23 12:42:14.592,0.8371,0.83719,1.00,2.25
2017.06.23 12:42:15.665,0.8371,0.83719,1.00,1.87
2017.06.23 12:42:16.668,0.8371,0.83719,1.00,2.25
2017.06.23 12:42:17.334,0.83713,0.8372,1.00,3.37
2017.06.23 12:42:17.487,0.83714,0.83722,1.00,3.37
2017.06.23 12:42:17.589,0.83714,0.83722,1.00,1.00
2017.06.23 12:42:18.098,0.83715,0.83724,1.00,1.10
2017.06.23 12:42:19.084,0.83714,0.83723,1.87,1.00
2017.06.23 12:42:19.617,0.83715,0.83724,1.12,1.12
2017.06.23 12:42:21.180,0.83714,0.83723,1.12,1.00
2017.06.23 12:42:21.696,0.83713,0.83722,2.25,1.00
2017.06.23 12:42:21.951,0.83713,0.83718,1.00,1.00
2017.06.23 12:42:22.205,0.83708,0.83717,1.00,1.12
2017.06.23 12:42:23.417,0.83707,0.83717,1.87,1.87
2017.06.23 12:42:23.853,0.83709,0.83716,1.00,1.00
2017.06.23 12:42:25.102,0.83708,0.83718,1.12,1.57
2017.06.23 12:42:25.645,0.83708,0.83717,1.50,1.00
2017.06.23 12:42:26.190,0.83708,0.83716,1.00,1.00
2017.06.23 12:42:26.496,0.83706,0.83716,1.00,1.50
2017.06.23 12:42:27.103,0.83704,0.83713,1.37,1.10
2017.06.23 12:42:27.408,0.83703,0.83713,1.12,2.25
2017.06.23 12:42:27.708,0.83702,0.83711,1.12,1.37
2017.06.23 12:42:28.138,0.83705,0.83712,1.00,1.50
2017.06.23 12:42:28.497,0.83702,0.83711,3.37,1.00
2017.06.23 12:42:29.030,0.83702,0.83711,1.50,1.00
2017.06.23 12:42:31.681,0.83702,0.83713,1.50,3.00
2017.06.23 12:42:37.135,0.83702,0.83712,3.75,1.12
2017.06.23 12:42:41.860,0.83706,0.83714,1.00,2.62
2017.06.23 12:42:41.963,0.83707,0.83714,1.00,1.00
2017.06.23 12:42:42.117,0.83707,0.83716,1.50,1.50
2017.06.23 12:42:44.564,0.83707,0.83716,1.50,1.50
2017.06.23 12:42:45.997,0.83707,0.83717,1.50,1.50
2017.06.23 12:42:46.504,0.83708,0.83717,1.00,1.12
2017.06.23 12:42:47.012,0.83708,0.83718,1.00,3.45
2017.06.23 12:42:47.165,0.83709,0.83718,1.00,1.12
2017.06.23 12:42:49.862,0.83709,0.83719,1.12,1.12
2017.06.23 12:42:50.873,0.83712,0.8372,1.12,1.50
2017.06.23 12:42:51.161,0.83712,0.83722,1.50,1.10
2017.06.23 12:42:51.671,0.83712,0.83722,1.00,1.50
2017.06.23 12:42:57.276,0.83711,0.83721,1.87,1.87
2017.06.23 12:42:57.818,0.8371,0.8372,2.25,1.50
2017.06.23 12:43:00.431,0.8371,0.83719,1.50,1.00
2017.06.23 12:43:01.401,0.83711,0.83719,1.00,1.00
2017.06.23 12:43:03.343,0.8371,0.83719,1.50,1.12
2017.06.23 12:43:03.941,0.83711,0.83718,1.00,1.12
2017.06.23 12:43:04.451,0.83711,0.83719,1.00,1.12
2017.06.23 12:43:05.334,0.83711,0.83719,1.00,1.50
2017.06.23 12:43:07.391,0.83711,0.83719,1.50,1.12
2017.06.23 12:43:09.569,0.83712,0.83719,1.00,1.12
2017.06.23 12:43:13.543,0.83714,0.83719,1.00,1.12
2017.06.23 12:43:13.791,0.83717,0.83724,1.00,1.00
2017.06.23 12:43:14.316,0.83717,0.83723,1.00,1.00
2017.06.23 12:43:14.986,0.83717,0.83725,1.00,1.12
2017.06.23 12:43:16.434,0.83717,0.83726,1.87,1.87
2017.06.23 12:43:16.751,0.8372,0.83726,1.00,1.12
2017.06.23 12:43:17.177,0.83721,0.83728,1.50,1.12
2017.06.23 12:43:18.269,0.83722,0.8373,1.00,3.37
2017.06.23 12:43:18.372,0.83722,0.8373,1.00,1.12
2017.06.23 12:43:19.005,0.83722,0.83728,1.50,1.00
2017.06.23 12:43:19.738,0.83722,0.8373,1.00,1.10
2017.06.23 12:43:20.287,0.83721,0.8373,1.50,1.10
2017.06.23 12:43:20.834,0.83721,0.83729,1.00,1.00
2017.06.23 12:43:25.679,0.83721,0.83728,1.00,1.00
2017.06.23 12:43:27.692,0.83719,0.83725,3.37,1.00
2017.06.23 12:43:27.947,0.83718,0.83725,1.12,1.50
2017.06.23 12:43:28.049,0.83721,0.83725,1.00,1.00
2017.06.23 12:43:28.349,0.83721,0.83729,1.50,1.00
2017.06.23 12:43:28.880,0.83721,0.83729,1.00,1.00
2017.06.23 12:43:29.196,0.83724,0.8373,1.00,1.00
2017.06.23 12:43:29.298,0.83721,0.83729,1.12,1.00
2017.06.23 12:43:29.431,0.83721,0.83727,2.62,1.00
2017.06.23 12:43:29.533,0.83718,0.83727,1.12,1.00
2017.06.23 12:43:30.084,0.83719,0.83727,1.00,1.00
2017.06.23 12:43:30.651,0.83719,0.83726,1.00,1.00
2017.06.23 12:43:30.972,0.83722,0.83728,1.87,1.00
2017.06.23 12:43:31.228,0.83727,0.83733,1.00,1.00
2017.06.23 12:43:31.541,0.83726,0.83735,1.00,1.12
2017.06.23 12:43:31.644,0.83728,0.83736,1.00,1.50
2017.06.23 12:43:32.073,0.83728,0.83737,1.00,1.50
2017.06.23 12:43:33.051,0.83728,0.83736,1.00,1.00
2017.06.23 12:43:33.204,0.83727,0.83734,1.12,1.00
2017.06.23 12:43:34.125,0.83725,0.83733,2.25,1.00
2017.06.23 12:43:34.176,0.83724,0.83731,1.50,1.00
2017.06.23 12:43:34.744,0.83722,0.83731,1.37,1.50
2017.06.23 12:43:35.315,0.83722,0.83731,1.50,1.00
2017.06.23 12:43:35.973,0.83723,0.83731,1.00,1.00
2017.06.23 12:43:37.564,0.83724,0.83731,1.00,1.00
2017.06.23 12:43:38.551,0.83724,0.83733,1.00,2.62
2017.06.23 12:43:39.080,0.83723,0.83733,1.50,2.25
2017.06.23 12:43:39.441,0.83723,0.8373,1.50,1.00
2017.06.23 12:43:39.956,0.83721,0.8373,2.25,1.00
2017.06.23 12:43:40.298,0.83721,0.83728,2.25,1.00
2017.06.23 12:43:40.572,0.83721,0.8373,2.25,1.50
2017.06.23 12:43:43.656,0.83721,0.8373,1.50,1.50
2017.06.23 12:43:44.461,0.83721,0.83729,1.50,1.00
2017.06.23 12:43:46.161,0.83722,0.83731,1.50,2.25
2017.06.23 12:43:46.700,0.83723,0.83731,1.00,1.50
2017.06.23 12:43:47.115,0.83725,0.83731,1.00,1.00
2017.06.23 12:43:48.611,0.83725,0.83732,1.00,1.12
2017.06.23 12:43:49.903,0.83725,0.83733,1.00,1.87
2017.06.23 12:43:50.832,0.83725,0.83731,1.00,1.00
2017.06.23 12:43:51.350,0.83725,0.83732,1.00,1.00
2017.06.23 12:43:51.876,0.83726,0.83733,1.50,1.00
2017.06.23 12:43:52.209,0.83731,0.83737,1.00,1.00
2017.06.23 12:43:52.719,0.83731,0.83739,1.00,1.50
2017.06.23 12:43:53.238,0.83731,0.83739,1.00,1.12
2017.06.23 12:43:54.257,0.8373,0.83737,1.00,1.00
2017.06.23 12:43:54.768,0.8373,0.83738,1.00,1.50
2017.06.23 12:43:56.386,0.8373,0.83738,1.00,1.50
2017.06.23 12:43:58.795,0.83731,0.83738,1.00,1.50
2017.06.23 12:43:58.897,0.83732,0.83739,1.00,1.00
2017.06.23 12:43:59.456,0.83731,0.83739,1.50,1.00
2017.06.23 12:44:00.326,0.83736,0.83741,1.00,1.00
2017.06.23 12:44:00.530,0.83738,0.83747,1.00,1.50
2017.06.23 12:44:01.109,0.83738,0.83747,1.00,1.87
2017.06.23 12:44:01.702,0.83738,0.83747,1.00,2.25
2017.06.23 12:44:02.205,0.83738,0.83745,1.00,1.00
2017.06.23 12:44:03.261,0.83736,0.83745,2.62,1.00
2017.06.23 12:44:03.793,0.83737,0.83744,1.00,1.00
2017.06.23 12:44:04.408,0.83736,0.83745,1.00,1.50
2017.06.23 12:44:04.951,0.83736,0.83745,1.00,1.12
2017.06.23 12:44:06.630,0.83736,0.83746,1.12,1.00
2017.06.23 12:44:06.681,0.83735,0.83744,2.32,1.00
2017.06.23 12:44:07.186,0.83735,0.83745,1.50,1.12
2017.06.23 12:44:08.814,0.83735,0.83744,1.00,1.00
2017.06.23 12:44:09.344,0.83733,0.83741,1.50,1.00
2017.06.23 12:44:09.861,0.83733,0.83741,1.00,1.50
2017.06.23 12:44:10.333,0.83735,0.83741,1.00,1.50
2017.06.23 12:44:10.865,0.83734,0.83742,1.50,1.50
2017.06.23 12:44:11.386,0.83734,0.83744,1.50,3.37
2017.06.23 12:44:12.047,0.83734,0.83744,1.00,1.50
2017.06.23 12:44:12.628,0.83732,0.83743,1.50,1.87
2017.06.23 12:44:12.934,0.83732,0.83741,1.00,1.87
2017.06.23 12:44:13.576,0.83735,0.83741,1.00,1.12
2017.06.23 12:44:13.774,0.83735,0.83743,1.12,1.12
2017.06.23 12:44:14.749,0.83733,0.83741,1.50,1.00
2017.06.23 12:44:15.018,0.83731,0.83741,1.00,1.50
2017.06.23 12:44:15.525,0.83731,0.83741,1.00,3.37
2017.06.23 12:44:18.558,0.83731,0.83741,1.87,1.00
2017.06.23 12:44:19.463,0.83731,0.83741,1.50,2.25
2017.06.23 12:44:20.250,0.83731,0.83739,1.00,2.25
2017.06.23 12:44:20.402,0.83731,0.83739,1.00,1.00
2017.06.23 12:44:22.402,0.83732,0.83739,1.00,1.00
2017.06.23 12:44:23.172,0.83733,0.83739,1.00,1.00
2017.06.23 12:44:23.703,0.83733,0.83742,1.50,4.12
2017.06.23 12:44:24.207,0.83733,0.8374,1.50,2.62
2017.06.23 12:44:24.624,0.83731,0.8374,1.50,2.62
2017.06.23 12:44:24.777,0.83731,0.83739,1.50,2.25
2017.06.23 12:44:25.718,0.8373,0.83739,1.00,2.62
2017.06.23 12:44:26.254,0.83731,0.83738,1.00,1.00
2017.06.23 12:44:27.384,0.8373,0.83739,1.00,1.12
2017.06.23 12:44:29.687,0.83731,0.83739,1.00,1.12
2017.06.23 12:44:33.019,0.83732,0.83741,1.00,5.25
2017.06.23 12:44:33.223,0.83733,0.83742,1.00,2.25
2017.06.23 12:44:33.376,0.83733,0.83743,1.50,3.00
2017.06.23 12:44:33.530,0.83735,0.83742,1.00,1.12
2017.06.23 12:44:33.832,0.83733,0.83741,1.00,2.62
2017.06.23 12:44:34.433,0.8373,0.83739,1.12,1.12
2017.06.23 12:44:34.586,0.83729,0.83739,1.00,3.00
2017.06.23 12:44:35.089,0.83729,0.83739,1.00,1.50
2017.06.23 12:44:35.416,0.83729,0.83738,1.00,2.62
2017.06.23 12:44:35.918,0.8373,0.8374,1.00,4.12
2017.06.23 12:44:38.004,0.83731,0.8374,1.00,4.12
2017.06.23 12:44:38.665,0.83731,0.8374,1.00,1.50
2017.06.23 12:44:40.096,0.83733,0.83741,1.00,3.37
2017.06.23 12:44:40.519,0.83736,0.8374,1.00,1.00
2017.06.23 12:44:40.723,0.83737,0.83746,1.00,1.50
2017.06.23 12:44:43.072,0.83738,0.83744,1.00,1.00
2017.06.23 12:44:43.174,0.8374,0.83745,1.00,1.00
2017.06.23 12:44:43.330,0.8374,0.83748,1.00,3.00
2017.06.23 12:44:44.035,0.8374,0.83748,1.00,2.62
2017.06.23 12:44:44.296,0.83736,0.83745,1.87,1.00
2017.06.23 12:44:44.652,0.83735,0.83744,1.00,2.62
2017.06.23 12:44:45.187,0.83734,0.83743,1.00,2.62
2017.06.23 12:44:45.698,0.83733,0.83743,1.50,3.37
2017.06.23 12:44:46.248,0.83734,0.83743,1.00,2.62
2017.06.23 12:44:47.775,0.83735,0.83743,1.00,3.37
2017.06.23 12:44:48.283,0.83734,0.83743,1.00,3.37
2017.06.23 12:44:50.290,0.83733,0.83743,1.50,2.62
2017.06.23 12:44:51.535,0.83733,0.83743,1.50,2.62
2017.06.23 12:44:51.838,0.83737,0.83744,1.00,2.62
2017.06.23 12:44:52.347,0.83737,0.83744,1.00,1.00
2017.06.23 12:44:52.850,0.83737,0.83745,1.00,2.62
2017.06.23 12:44:53.319,0.83735,0.83744,1.00,1.12
2017.06.23 12:44:53.472,0.83734,0.83744,1.00,4.50
2017.06.23 12:44:53.815,0.83734,0.83742,1.00,2.62
2017.06.23 12:44:54.437,0.83735,0.83745,1.00,4.12
2017.06.23 12:44:54.980,0.83735,0.83744,1.50,1.00
2017.06.23 12:44:55.278,0.83734,0.83742,1.87,1.50
2017.06.23 12:44:55.636,0.83734,0.83742,1.00,2.62
2017.06.23 12:44:56.155,0.83734,0.83743,1.00,4.12
2017.06.23 12:44:56.477,0.83736,0.83743,1.00,4.12
2017.06.23 12:44:56.833,0.83738,0.83743,1.00,2.62
2017.06.23 12:44:57.173,0.83741,0.83748,1.00,1.00
2017.06.23 12:44:57.680,0.8374,0.83749,1.00,1.50
2017.06.23 12:44:58.463,0.83739,0.83749,1.00,1.50
2017.06.23 12:44:59.759,0.83739,0.83748,1.00,1.00
2017.06.23 12:45:00.339,0.83739,0.83749,1.50,1.50
2017.06.23 12:45:01.030,0.8374,0.83749,1.00,1.50
2017.06.23 12:45:01.254,0.83742,0.83749,1.00,1.50
2017.06.23 12:45:01.460,0.8374,0.83748,1.00,1.00
2017.06.23 12:45:01.511,0.8374,0.83746,1.00,1.00
2017.06.23 12:45:01.618,0.83738,0.83746,1.00,1.00
2017.06.23 12:45:01.669,0.83738,0.83746,1.00,3.37
2017.06.23 12:45:02.185,0.83738,0.83746,1.00,1.00
2017.06.23 12:45:02.784,0.83738,0.83746,1.00,1.50
2017.06.23 12:45:03.291,0.83738,0.83746,1.00,1.12
2017.06.23 12:45:03.798,0.83739,0.83748,1.00,3.37
2017.06.23 12:45:04.309,0.83738,0.83747,1.00,1.37
2017.06.23 12:45:05.797,0.83739,0.83748,1.00,3.37
2017.06.23 12:45:07.329,0.83738,0.83747,1.12,1.37
2017.06.23 12:45:07.608,0.83735,0.83744,1.37,1.00
2017.06.23 12:45:07.914,0.83733,0.83742,1.00,1.12
2017.06.23 12:45:08.117,0.83735,0.83744,1.00,3.37
2017.06.23 12:45:08.372,0.83735,0.83744,1.00,1.50
2017.06.23 12:45:08.896,0.83736,0.83744,1.00,1.50
2017.06.23 12:45:10.522,0.83737,0.83744,1.00,1.00
2017.06.23 12:45:11.058,0.83736,0.83745,1.00,1.37
2017.06.23 12:45:11.559,0.83736,0.83743,1.00,1.00
2017.06.23 12:45:12.078,0.83736,0.83744,1.00,1.12
2017.06.23 12:45:12.365,0.83734,0.83743,1.12,1.00
2017.06.23 12:45:12.519,0.83734,0.83743,1.00,3.37
2017.06.23 12:45:12.782,0.83736,0.83744,1.00,1.50
2017.06.23 12:45:13.680,0.83735,0.83743,1.12,1.00
2017.06.23 12:45:14.317,0.83735,0.83743,1.00,1.50
2017.06.23 12:45:14.689,0.83736,0.83744,1.00,1.12
2017.06.23 12:45:15.096,0.83734,0.83742,1.12,1.12
2017.06.23 12:45:15.710,0.83734,0.83743,1.00,1.12
2017.06.23 12:45:16.256,0.83734,0.83742,1.00,1.00
2017.06.23 12:45:16.779,0.83734,0.83741,1.00,1.50
2017.06.23 12:45:17.342,0.83733,0.83741,1.00,1.00
2017.06.23 12:45:17.865,0.83733,0.83742,1.00,3.37
2017.06.23 12:45:18.171,0.83735,0.83744,1.00,3.37
2017.06.23 12:45:18.579,0.83737,0.83744,1.00,2.62
2017.06.23 12:45:18.732,0.83737,0.83746,1.00,1.50
2017.06.23 12:45:19.313,0.83738,0.83746,1.00,1.50
2017.06.23 12:45:20.638,0.83738,0.83744,1.00,1.00
2017.06.23 12:45:21.157,0.83738,0.83744,1.00,1.50
2017.06.23 12:45:22.245,0.83738,0.83744,1.00,1.00
2017.06.23 12:45:22.522,0.83736,0.83745,1.00,4.12
2017.06.23 12:45:23.031,0.83735,0.83745,1.00,1.87
2017.06.23 12:45:23.573,0.83735,0.83745,1.00,1.50
2017.06.23 12:45:23.727,0.83735,0.83745,1.12,3.75
2017.06.23 12:45:24.248,0.83734,0.83743,1.00,1.12
2017.06.23 12:45:24.749,0.83734,0.83742,1.00,1.00
2017.06.23 12:45:24.954,0.83736,0.83745,1.00,1.12
2017.06.23 12:45:26.216,0.83738,0.83745,1.00,1.12
2017.06.23 12:45:26.368,0.83736,0.83746,1.50,1.50
2017.06.23 12:45:27.959,0.83737,0.83746,1.00,1.50
2017.06.23 12:45:28.529,0.83736,0.83746,1.50,1.50
2017.06.23 12:45:30.458,0.83736,0.83745,1.00,2.62
2017.06.23 12:45:30.781,0.83738,0.83745,1.00,3.37
2017.06.23 12:45:31.931,0.83737,0.83745,1.00,4.12
2017.06.23 12:45:32.476,0.83738,0.83743,1.00,1.00
2017.06.23 12:45:32.840,0.83736,0.83743,1.00,1.00
2017.06.23 12:45:33.349,0.83735,0.83743,1.00,2.62
2017.06.23 12:45:33.828,0.83738,0.83742,1.00,1.00
2017.06.23 12:45:33.930,0.83738,0.83744,1.00,1.50
2017.06.23 12:45:34.748,0.83738,0.83744,1.00,3.37
2017.06.23 12:45:35.286,0.83738,0.83744,1.00,1.50
2017.06.23 12:45:42.895,0.83735,0.83744,1.00,1.50
2017.06.23 12:45:43.415,0.83735,0.83743,1.00,1.50
2017.06.23 12:45:43.959,0.83734,0.83743,1.00,1.50
2017.06.23 12:45:44.938,0.83735,0.83743,1.00,1.50
2017.06.23 12:45:45.564,0.83734,0.83744,1.00,3.37
2017.06.23 12:45:46.072,0.83733,0.83742,1.00,1.12
2017.06.23 12:45:46.176,0.83732,0.83742,1.12,3.37
2017.06.23 12:45:49.726,0.83733,0.83742,1.00,2.62
2017.06.23 12:45:50.031,0.83736,0.83744,1.00,2.62
2017.06.23 12:45:50.083,0.83736,0.83745,1.00,1.50
2017.06.23 12:45:53.792,0.83738,0.83745,1.00,1.50
2017.06.23 12:45:54.723,0.83736,0.83746,1.00,3.75
2017.06.23 12:45:58.908,0.83736,0.83746,1.87,1.50
2017.06.23 12:46:02.597,0.83737,0.83746,1.50,1.12
2017.06.23 12:46:03.120,0.83738,0.83747,1.50,1.87
2017.06.23 12:46:03.660,0.83739,0.83747,1.00,1.50
2017.06.23 12:46:03.938,0.83737,0.83746,1.10,1.12
2017.06.23 12:46:04.474,0.83737,0.83747,1.00,4.87
2017.06.23 12:46:05.338,0.83737,0.83746,1.00,4.12
2017.06.23 12:46:05.896,0.83736,0.83746,1.00,4.12
2017.06.23 12:46:06.601,0.83736,0.83745,1.00,1.00
2017.06.23 12:46:08.741,0.83736,0.83745,1.00,2.25
2017.06.23 12:46:08.996,0.83736,0.83746,1.00,1.50
2017.06.23 12:46:09.915,0.83736,0.83745,1.00,3.00
2017.06.23 12:46:10.017,0.83737,0.83745,1.50,1.00
2017.06.23 12:46:10.068,0.8374,0.83747,1.00,3.75
2017.06.23 12:46:10.272,0.83741,0.8375,1.00,3.37
2017.06.23 12:46:10.374,0.83741,0.8375,1.00,1.12
2017.06.23 12:46:10.854,0.8374,0.83746,1.00,1.00
2017.06.23 12:46:11.109,0.83732,0.83741,4.12,1.00
2017.06.23 12:46:11.211,0.83731,0.8374,1.50,1.12
2017.06.23 12:46:11.517,0.83729,0.83739,2.25,1.12
2017.06.23 12:46:11.950,0.83728,0.83738,1.87,3.00
2017.06.23 12:46:12.459,0.83727,0.83738,1.00,1.87
2017.06.23 12:46:13.519,0.83728,0.83738,1.87,1.50
2017.06.23 12:46:14.063,0.83729,0.83738,1.00,1.12
2017.06.23 12:46:14.690,0.8373,0.83739,1.00,1.12
2017.06.23 12:46:15.774,0.8373,0.83737,1.50,1.00
2017.06.23 12:46:15.825,0.8373,0.83739,1.50,1.00
2017.06.23 12:46:17.923,0.83731,0.8374,1.00,1.50
2017.06.23 12:46:18.893,0.83731,0.83739,1.00,1.00
2017.06.23 12:46:19.716,0.83731,0.8374,1.00,1.50
2017.06.23 12:46:19.818,0.8373,0.83738,1.12,1.00
2017.06.23 12:46:19.920,0.83727,0.83736,1.50,1.00
2017.06.23 12:46:20.123,0.83726,0.83733,1.00,1.00
2017.06.23 12:46:21.245,0.83725,0.83733,1.00,1.12
2017.06.23 12:46:21.758,0.83723,0.83729,1.12,1.00
2017.06.23 12:46:21.809,0.83722,0.83732,1.87,1.00
2017.06.23 12:46:22.168,0.83722,0.83731,1.00,2.25
2017.06.23 12:46:23.977,0.83721,0.83731,1.87,3.37
2017.06.23 12:46:24.181,0.83721,0.83731,1.00,1.50
2017.06.23 12:46:25.395,0.83722,0.83732,1.00,1.87
2017.06.23 12:46:27.477,0.83722,0.83732,1.87,3.37
2017.06.23 12:46:28.350,0.83722,0.83729,1.87,1.00
2017.06.23 12:46:28.554,0.8372,0.8373,1.12,1.12
2017.06.23 12:46:29.070,0.83719,0.83729,1.37,1.37
2017.06.23 12:46:29.596,0.83721,0.83729,1.00,1.00
2017.06.23 12:46:30.266,0.83721,0.8373,1.00,1.00
2017.06.23 12:46:30.660,0.83724,0.83731,1.00,1.12
2017.06.23 12:46:30.966,0.83722,0.83732,1.50,1.00
2017.06.23 12:46:31.475,0.83723,0.83733,1.12,1.12
2017.06.23 12:46:32.003,0.83722,0.83732,1.50,1.00
2017.06.23 12:46:33.250,0.83721,0.8373,2.25,1.00
2017.06.23 12:46:33.505,0.83719,0.8373,2.25,1.37
2017.06.23 12:46:34.038,0.83719,0.8373,3.37,1.12
2017.06.23 12:46:34.472,0.8372,0.8373,2.62,1.12
2017.06.23 12:46:34.879,0.83724,0.83732,1.00,3.37
2017.06.23 12:46:34.981,0.83724,0.83732,1.00,1.50
2017.06.23 12:46:35.286,0.83722,0.83731,1.00,1.00
2017.06.23 12:46:37.154,0.83722,0.8373,1.50,1.00
2017.06.23 12:46:37.717,0.83721,0.8373,1.50,1.00
2017.06.23 12:46:38.261,0.83721,0.83731,2.25,1.50
2017.06.23 12:46:38.653,0.83723,0.83731,1.00,1.00
2017.06.23 12:46:39.033,0.83725,0.83733,1.20,1.37
2017.06.23 12:46:39.566,0.83725,0.83733,1.00,1.00
2017.06.23 12:46:40.087,0.83724,0.83733,1.87,1.00
2017.06.23 12:46:40.826,0.83724,0.83735,1.87,1.50
2017.06.23 12:46:41.366,0.83725,0.83734,1.00,1.12
2017.06.23 12:46:44.909,0.83727,0.83736,1.00,4.50
2017.06.23 12:46:45.416,0.83726,0.83735,1.50,1.00
2017.06.23 12:46:46.233,0.83726,0.83733,1.50,1.00
2017.06.23 12:46:46.743,0.83725,0.83732,1.00,1.00
2017.06.23 12:46:50.325,0.83727,0.83734,1.00,1.50
2017.06.23 12:46:50.681,0.83731,0.83739,1.87,2.25
2017.06.23 12:46:50.733,0.83731,0.8374,1.12,1.00
2017.06.23 12:46:50.835,0.8373,0.83738,1.50,1.00
2017.06.23 12:46:51.391,0.8373,0.83738,1.12,1.00
2017.06.23 12:46:51.938,0.83729,0.83738,1.50,1.00
2017.06.23 12:46:53.348,0.83731,0.83738,1.00,1.00
2017.06.23 12:46:54.365,0.83729,0.83739,2.25,1.50
2017.06.23 12:46:55.355,0.83729,0.83738,1.50,1.00
2017.06.23 12:46:56.559,0.8373,0.83739,1.00,2.62
2017.06.23 12:46:57.510,0.83729,0.83738,1.50,1.00
2017.06.23 12:46:58.030,0.8373,0.83739,1.00,1.12
2017.06.23 12:46:58.547,0.83729,0.83739,1.50,1.50
2017.06.23 12:46:59.226,0.83729,0.83738,1.00,1.00
2017.06.23 12:46:59.330,0.83731,0.83738,1.00,1.00
2017.06.23 12:46:59.533,0.83733,0.83743,1.12,3.45
2017.06.23 12:46:59.635,0.83733,0.83743,2.25,1.57
2017.06.23 12:47:00.096,0.83735,0.83743,1.00,1.50
2017.06.23 12:47:01.516,0.83736,0.83743,1.00,1.00
2017.06.23 12:47:01.769,0.83737,0.83746,1.00,1.95
2017.06.23 12:47:02.286,0.83736,0.83745,1.50,1.20
2017.06.23 12:47:02.439,0.83739,0.83746,1.00,1.37
2017.06.23 12:47:02.643,0.83741,0.8375,1.00,1.12
2017.06.23 12:47:04.175,0.83744,0.8375,1.00,1.00
2017.06.23 12:47:04.328,0.83745,0.83754,1.00,4.12
2017.06.23 12:47:04.430,0.83745,0.83754,1.00,1.12
2017.06.23 12:47:05.733,0.83746,0.83755,1.00,2.25
2017.06.23 12:47:07.057,0.83746,0.8375,1.00,1.00
2017.06.23 12:47:07.108,0.83746,0.83753,1.00,1.00
2017.06.23 12:47:07.161,0.83743,0.8375,1.50,1.00
2017.06.23 12:47:07.704,0.83743,0.83749,1.00,1.00
2017.06.23 12:47:08.138,0.83741,0.83749,1.00,1.00
2017.06.23 12:47:09.366,0.83739,0.83745,1.12,1.00
2017.06.23 12:47:09.417,0.83739,0.83747,1.12,1.00
2017.06.23 12:47:09.572,0.83739,0.83744,1.00,1.00
2017.06.23 12:47:09.624,0.83738,0.83746,1.00,1.00
2017.06.23 12:47:09.857,0.83737,0.83745,1.00,3.75
2017.06.23 12:47:10.359,0.83736,0.83745,1.00,4.50
2017.06.23 12:47:11.178,0.83735,0.83743,1.87,1.12
2017.06.23 12:47:11.716,0.83735,0.83742,1.12,1.00
2017.06.23 12:47:15.079,0.83737,0.83744,1.00,2.25
2017.06.23 12:47:15.276,0.83737,0.83746,1.00,1.50
2017.06.23 12:47:16.229,0.83736,0.83744,1.37,1.00
2017.06.23 12:47:16.507,0.83735,0.83744,1.00,1.12
2017.06.23 12:47:19.285,0.83735,0.83742,1.00,1.00
2017.06.23 12:47:19.598,0.83729,0.83738,1.50,1.50
2017.06.23 12:47:19.650,0.83729,0.83738,1.50,3.37
2017.06.23 12:47:21.377,0.8373,0.83737,1.00,1.50
2017.06.23 12:47:21.480,0.8373,0.83739,1.00,1.50
2017.06.23 12:47:21.840,0.83732,0.8374,1.00,2.62
2017.06.23 12:47:22.095,0.83734,0.83743,1.00,3.37
2017.06.23 12:47:22.545,0.83736,0.83744,1.00,4.87
2017.06.23 12:47:22.647,0.83734,0.83744,1.50,4.87
2017.06.23 12:47:23.207,0.83734,0.83743,1.50,2.62
2017.06.23 12:47:24.876,0.83733,0.83742,2.25,1.37
2017.06.23 12:47:25.387,0.83734,0.83741,1.00,2.25
2017.06.23 12:47:25.928,0.83733,0.8374,1.00,1.12
2017.06.23 12:47:26.131,0.83731,0.8374,1.50,1.87
2017.06.23 12:47:26.641,0.83731,0.83739,1.00,1.50
2017.06.23 12:47:27.462,0.83731,0.83739,1.00,1.87
2017.06.23 12:47:28.306,0.83731,0.83739,1.00,4.12
2017.06.23 12:47:29.978,0.8373,0.83737,1.00,1.12
2017.06.23 12:47:30.309,0.83732,0.83739,1.00,2.62
2017.06.23 12:47:30.411,0.83732,0.83741,1.00,2.25
2017.06.23 12:47:32.386,0.83733,0.83742,1.00,4.12
2017.06.23 12:47:38.079,0.83733,0.83742,1.00,1.87
2017.06.23 12:47:38.582,0.83733,0.83742,1.00,1.50
2017.06.23 12:47:40.249,0.83734,0.83741,1.00,1.50
2017.06.23 12:47:40.350,0.83732,0.83739,1.00,1.50
2017.06.23 12:47:40.656,0.83728,0.83734,1.12,1.00
2017.06.23 12:47:41.139,0.83726,0.83734,1.12,1.50
2017.06.23 12:47:41.394,0.83724,0.83732,1.00,1.00
2017.06.23 12:47:41.904,0.83723,0.83732,1.87,1.87
2017.06.23 12:47:42.432,0.83722,0.83732,1.12,1.87
2017.06.23 12:47:42.738,0.83722,0.83732,1.00,4.12
2017.06.23 12:47:44.069,0.83724,0.83731,1.00,1.87
2017.06.23 12:47:44.598,0.83724,0.83731,1.00,1.00
2017.06.23 12:47:47.958,0.83724,0.83733,1.00,2.25
2017.06.23 12:47:49.501,0.83724,0.83731,1.00,1.00
2017.06.23 12:47:51.316,0.83723,0.83731,1.00,1.12
2017.06.23 12:47:51.367,0.83721,0.83731,2.25,1.87
2017.06.23 12:47:51.418,0.83721,0.83729,1.00,1.00
2017.06.23 12:47:51.926,0.83721,0.8373,1.00,1.00
2017.06.23 12:47:52.778,0.8372,0.8373,2.25,1.00
2017.06.23 12:47:53.257,0.83722,0.8373,1.00,1.50
2017.06.23 12:47:53.812,0.83722,0.8373,1.37,1.12
2017.06.23 12:47:56.959,0.83723,0.83732,1.12,1.87
2017.06.23 12:47:57.468,0.83724,0.83732,1.00,1.37
2017.06.23 12:47:59.022,0.83723,0.83732,1.00,1.00
2017.06.23 12:48:00.345,0.83725,0.83732,1.00,1.87
2017.06.23 12:48:00.855,0.83725,0.83732,1.00,1.87
2017.06.23 12:48:01.629,0.83725,0.83732,1.00,1.87
2017.06.23 12:48:02.681,0.83724,0.83732,1.12,1.87
2017.06.23 12:48:02.985,0.83722,0.83727,2.62,1.00
2017.06.23 12:48:03.038,0.8372,0.83727,1.00,1.12
2017.06.23 12:48:03.547,0.83719,0.83727,1.00,1.00
2017.06.23 12:48:03.699,0.83719,0.83725,1.00,1.00
2017.06.23 12:48:04.585,0.83719,0.83726,1.00,1.00
2017.06.23 12:48:06.420,0.8372,0.83726,1.00,1.00
2017.06.23 12:48:06.827,0.83722,0.83727,1.00,1.00
2017.06.23 12:48:07.031,0.83722,0.83731,1.10,1.12
2017.06.23 12:48:07.538,0.83723,0.83731,1.00,1.00
2017.06.23 12:48:11.310,0.83723,0.83732,1.00,1.87
2017.06.23 12:48:13.167,0.83722,0.83731,1.87,1.00
2017.06.23 12:48:13.269,0.83721,0.83729,2.25,1.00
2017.06.23 12:48:13.806,0.83721,0.8373,1.12,1.87
2017.06.23 12:48:14.129,0.83723,0.83731,1.00,3.00
2017.06.23 12:48:14.180,0.83723,0.83731,1.00,1.12
2017.06.23 12:48:17.770,0.83723,0.8373,1.00,1.50
2017.06.23 12:48:17.821,0.83721,0.8373,1.87,1.00
2017.06.23 12:48:18.367,0.8372,0.83729,1.00,1.87
2017.06.23 12:48:19.725,0.8372,0.83728,1.00,1.00
2017.06.23 12:48:20.988,0.83723,0.8373,1.00,1.12
2017.06.23 12:48:21.566,0.83722,0.8373,1.00,1.00
2017.06.23 12:48:23.136,0.8372,0.8373,1.50,1.50
2017.06.23 12:48:23.656,0.8372,0.8373,2.25,1.00
2017.06.23 12:48:24.586,0.83722,0.8373,1.00,1.00
2017.06.23 12:48:25.095,0.83723,0.83731,1.12,1.00
2017.06.23 12:48:27.599,0.83722,0.83731,1.87,1.00
2017.06.23 12:48:31.193,0.83723,0.83731,1.00,1.12
2017.06.23 12:48:32.321,0.83725,0.83732,1.00,1.00
2017.06.23 12:48:32.509,0.83726,0.83734,1.00,1.50
2017.06.23 12:48:34.835,0.83725,0.83733,1.87,1.00
2017.06.23 12:48:35.663,0.83725,0.83732,1.00,1.87
2017.06.23 12:48:36.170,0.83723,0.83732,1.37,1.12
2017.06.23 12:48:41.383,0.83724,0.83732,1.00,1.37
2017.06.23 12:48:43.321,0.83725,0.83733,1.00,2.62
2017.06.23 12:48:43.508,0.83725,0.83734,1.00,1.12
2017.06.23 12:48:45.570,0.83727,0.83734,1.00,1.12
2017.06.23 12:48:45.928,0.83727,0.83736,1.00,1.00
2017.06.23 12:48:46.503,0.83727,0.83736,1.00,1.50
2017.06.23 12:48:49.925,0.83727,0.83736,1.00,1.12
2017.06.23 12:48:51.661,0.83725,0.83735,1.12,1.00
2017.06.23 12:48:51.713,0.83724,0.83732,1.50,1.00
2017.06.23 12:48:51.818,0.83722,0.83732,1.50,1.00
2017.06.23 12:48:52.325,0.83722,0.83732,1.50,1.50
2017.06.23 12:48:54.272,0.83724,0.83731,1.00,1.12
2017.06.23 12:48:54.428,0.83727,0.83735,1.00,1.87
2017.06.23 12:48:54.937,0.83726,0.83735,1.00,1.12
2017.06.23 12:48:55.540,0.83725,0.83734,1.50,1.12
2017.06.23 12:48:56.240,0.83725,0.83734,1.00,1.00
2017.06.23 12:48:57.460,0.83725,0.83734,1.50,1.00
2017.06.23 12:48:59.639,0.8373,0.83735,1.87,1.00
2017.06.23 12:48:59.931,0.83733,0.83741,1.00,1.00
2017.06.23 12:49:00.144,0.83733,0.83743,1.12,1.87
2017.06.23 12:49:01.183,0.83736,0.83743,1.00,1.12
2017.06.23 12:49:01.338,0.83736,0.83745,1.00,1.12
2017.06.23 12:49:01.746,0.83738,0.83745,1.00,1.12
2017.06.23 12:49:01.959,0.83738,0.83748,1.50,1.50
2017.06.23 12:49:02.469,0.8374,0.83747,1.00,1.00
2017.06.23 12:49:03.053,0.83737,0.83743,2.62,1.00
2017.06.23 12:49:03.257,0.83734,0.83742,1.00,1.00
2017.06.23 12:49:03.824,0.83734,0.83743,1.50,1.50
2017.06.23 12:49:05.031,0.83733,0.83739,2.62,1.00
2017.06.23 12:49:05.185,0.83731,0.83739,1.12,1.12
2017.06.23 12:49:05.287,0.83733,0.83739,1.00,1.12
2017.06.23 12:49:05.829,0.83733,0.8374,1.00,1.12
2017.06.23 12:49:06.013,0.8373,0.8374,1.12,1.87
2017.06.23 12:49:06.115,0.8373,0.83738,1.12,1.50
2017.06.23 12:49:06.825,0.8373,0.83738,1.00,2.25
2017.06.23 12:49:07.470,0.8373,0.83738,1.00,1.87
2017.06.23 12:49:08.060,0.83729,0.83738,1.00,1.87
2017.06.23 12:49:08.610,0.83729,0.83738,1.37,1.12
2017.06.23 12:49:08.983,0.83728,0.83737,1.00,1.12
2017.06.23 12:49:11.899,0.83728,0.83738,1.12,2.25
2017.06.23 12:49:12.183,0.83732,0.83739,1.00,2.62
2017.06.23 12:49:12.710,0.83732,0.83739,1.12,1.00
2017.06.23 12:49:16.078,0.83732,0.83741,1.00,1.50
2017.06.23 12:49:16.586,0.83731,0.83741,1.12,1.37
2017.06.23 12:49:19.279,0.83733,0.83741,1.00,1.37
2017.06.23 12:49:20.139,0.83731,0.83742,1.12,3.68
2017.06.23 12:49:20.343,0.83735,0.83742,1.00,2.62
2017.06.23 12:49:20.498,0.83735,0.83744,1.00,3.00
2017.06.23 12:49:20.600,0.83735,0.83745,3.37,1.50
2017.06.23 12:49:20.729,0.83735,0.83745,1.12,1.12
2017.06.23 12:49:21.278,0.83734,0.83744,1.50,1.00
2017.06.23 12:49:21.946,0.83736,0.83744,1.00,1.00
2017.06.23 12:49:21.997,0.83736,0.83742,1.00,1.00
2017.06.23 12:49:22.516,0.83734,0.83742,3.37,1.00
2017.06.23 12:49:24.417,0.83735,0.83743,1.00,1.00
2017.06.23 12:49:24.931,0.83734,0.83742,1.12,1.00
2017.06.23 12:49:25.948,0.83735,0.83743,1.00,1.87
2017.06.23 12:49:26.051,0.83736,0.83745,1.00,1.12
2017.06.23 12:49:26.253,0.83738,0.83746,1.00,1.87
2017.06.23 12:49:27.046,0.83738,0.83745,1.00,1.00
2017.06.23 12:49:27.240,0.83736,0.83745,1.12,1.00
2017.06.23 12:49:27.777,0.83736,0.83745,1.12,1.37
2017.06.23 12:49:28.032,0.83738,0.83744,1.00,1.12
2017.06.23 12:49:28.731,0.83737,0.83746,1.00,3.37
2017.06.23 12:49:28.935,0.83738,0.83747,1.12,1.87
2017.06.23 12:49:29.567,0.8374,0.83746,1.00,1.12
2017.06.23 12:49:29.828,0.83739,0.83748,1.00,2.62
2017.06.23 12:49:30.576,0.83739,0.83747,1.00,1.12
2017.06.23 12:49:31.120,0.8374,0.83748,1.00,4.12
2017.06.23 12:49:31.623,0.8374,0.83747,1.00,2.25
2017.06.23 12:49:32.142,0.83739,0.83747,1.00,2.25
2017.06.23 12:49:33.258,0.83739,0.83746,1.00,1.00
2017.06.23 12:49:33.972,0.83739,0.83747,1.00,1.00
2017.06.23 12:49:34.482,0.83738,0.83746,1.00,1.00
2017.06.23 12:49:34.952,0.8374,0.83749,1.00,2.25
2017.06.23 12:49:35.485,0.83739,0.83748,3.37,1.00
2017.06.23 12:49:35.638,0.83739,0.83747,1.00,1.00
2017.06.23 12:49:36.405,0.8374,0.83749,1.00,3.37
2017.06.23 12:49:36.553,0.83741,0.83749,1.00,1.12
2017.06.23 12:49:37.064,0.83741,0.8375,1.00,1.50
2017.06.23 12:49:37.166,0.83741,0.83748,1.00,1.00
2017.06.23 12:49:37.669,0.8374,0.83747,1.50,1.00
2017.06.23 12:49:37.774,0.83744,0.83753,1.12,1.50
2017.06.23 12:49:38.029,0.83742,0.83752,2.25,1.50
2017.06.23 12:49:38.182,0.83742,0.83752,2.62,3.37
2017.06.23 12:49:38.540,0.83746,0.83754,1.12,1.50
2017.06.23 12:49:39.062,0.83746,0.83756,2.25,1.00
2017.06.23 12:49:39.579,0.83746,0.83755,2.25,1.00
2017.06.23 12:49:40.179,0.83746,0.83756,1.12,3.37
2017.06.23 12:49:40.281,0.83746,0.83756,1.12,1.50
2017.06.23 12:49:40.637,0.8375,0.83756,1.00,1.00
2017.06.23 12:49:40.957,0.8375,0.83759,1.12,1.12
2017.06.23 12:49:42.939,0.83752,0.83759,1.00,1.12
2017.06.23 12:49:43.397,0.83751,0.83761,1.50,1.12
2017.06.23 12:49:43.852,0.83752,0.83761,1.50,1.00
2017.06.23 12:49:44.363,0.83753,0.83761,2.62,1.00
2017.06.23 12:49:44.820,0.83754,0.83763,1.50,1.00
2017.06.23 12:49:45.082,0.83754,0.83763,3.37,1.00
2017.06.23 12:49:46.719,0.83754,0.83764,3.37,1.50
2017.06.23 12:49:47.245,0.83755,0.83764,1.12,1.50
2017.06.23 12:49:47.635,0.83751,0.83759,3.00,1.00
2017.06.23 12:49:48.173,0.83751,0.83759,1.37,1.00
2017.06.23 12:49:48.690,0.83751,0.83759,1.00,1.00
2017.06.23 12:49:49.250,0.83751,0.83758,1.00,1.12
2017.06.23 12:49:49.613,0.83749,0.83756,1.50,1.00
2017.06.23 12:49:49.867,0.83748,0.83756,1.12,1.00
2017.06.23 12:49:50.135,0.8375,0.83756,1.00,1.00
2017.06.23 12:49:50.188,0.8375,0.83758,1.00,1.87
2017.06.23 12:49:50.495,0.83748,0.83755,1.50,1.00
2017.06.23 12:49:50.823,0.83746,0.83755,1.00,1.50
2017.06.23 12:49:52.138,0.83746,0.83756,1.12,1.87
2017.06.23 12:49:52.678,0.83746,0.83756,1.00,2.25
2017.06.23 12:49:53.300,0.83746,0.83756,1.00,3.00
2017.06.23 12:49:54.500,0.83747,0.83756,1.00,3.00
2017.06.23 12:49:55.027,0.83747,0.83756,1.12,1.87
2017.06.23 12:49:55.558,0.83748,0.83756,1.00,1.37
2017.06.23 12:49:56.087,0.83746,0.83755,1.87,1.12
2017.06.23 12:49:56.631,0.83746,0.83755,1.00,1.00
2017.06.23 12:49:56.936,0.83747,0.83756,1.37,1.12
2017.06.23 12:49:57.661,0.83746,0.83755,3.75,1.00
2017.06.23 12:49:57.712,0.83746,0.83755,1.87,1.00
2017.06.23 12:49:58.729,0.83747,0.83756,1.00,3.00
2017.06.23 12:49:59.242,0.83747,0.83756,1.00,4.12
2017.06.23 12:50:00.781,0.83748,0.83756,1.00,2.62
2017.06.23 12:50:01.099,0.83751,0.83755,1.00,1.00
2017.06.23 12:50:01.333,0.83754,0.83762,1.00,4.12
2017.06.23 12:50:01.512,0.83752,0.83761,1.00,1.50
2017.06.23 12:50:01.612,0.83751,0.8376,1.12,1.37
2017.06.23 12:50:02.127,0.83751,0.8376,1.00,1.12
2017.06.23 12:50:03.075,0.83751,0.83759,1.00,1.00
2017.06.23 12:50:03.674,0.8375,0.83759,1.12,1.00
2017.06.23 12:50:04.236,0.83751,0.8376,1.00,1.12
2017.06.23 12:50:05.245,0.8375,0.83759,1.12,1.00
2017.06.23 12:50:06.268,0.8375,0.83757,1.12,1.00
2017.06.23 12:50:06.776,0.83751,0.83758,1.00,1.00
2017.06.23 12:50:06.828,0.83749,0.83758,1.50,1.00
2017.06.23 12:50:07.936,0.8375,0.83759,1.00,1.50
2017.06.23 12:50:08.445,0.8375,0.83759,1.50,1.12
2017.06.23 12:50:10.791,0.83754,0.83761,1.00,3.37
2017.06.23 12:50:10.994,0.83755,0.83763,1.00,1.12
2017.06.23 12:50:13.716,0.83753,0.83762,3.37,1.50
2017.06.23 12:50:13.818,0.83753,0.8376,3.37,1.00
2017.06.23 12:50:13.869,0.83753,0.8376,1.12,1.00
2017.06.23 12:50:15.509,0.83753,0.83763,1.00,2.25
2017.06.23 12:50:15.764,0.83753,0.8376,1.50,1.00
2017.06.23 12:50:16.323,0.83754,0.83763,1.00,1.12
2017.06.23 12:50:16.938,0.83753,0.83761,1.87,1.00
2017.06.23 12:50:17.485,0.83753,0.8376,1.00,1.00
2017.06.23 12:50:17.883,0.83751,0.8376,1.10,1.12
2017.06.23 12:50:22.183,0.83752,0.8376,1.00,1.12
2017.06.23 12:50:23.740,0.83752,0.83759,1.00,1.00
2017.06.23 12:50:24.244,0.83752,0.8376,1.00,1.12
2017.06.23 12:50:27.581,0.83752,0.8376,1.00,1.50
2017.06.23 12:50:28.015,0.83755,0.83761,1.57,2.62
2017.06.23 12:50:28.117,0.83763,0.83767,1.00,1.00
2017.06.23 12:50:28.169,0.83763,0.8377,1.00,1.00
2017.06.23 12:50:28.220,0.83764,0.83767,1.00,1.87
2017.06.23 12:50:28.504,0.83767,0.83772,1.50,1.37
2017.06.23 12:50:29.013,0.83768,0.83772,1.00,1.00
2017.06.23 12:50:29.166,0.83768,0.83775,1.00,1.00
2017.06.23 12:50:29.674,0.83769,0.83776,1.00,1.12
2017.06.23 12:50:30.184,0.83769,0.83775,1.00,1.00
2017.06.23 12:50:30.286,0.83769,0.83777,1.00,2.25
2017.06.23 12:50:30.489,0.83768,0.83777,1.00,3.37
2017.06.23 12:50:30.795,0.83765,0.83773,1.87,1.00
2017.06.23 12:50:31.278,0.83769,0.83775,1.00,3.75
2017.06.23 12:50:31.483,0.83774,0.83781,1.00,1.00
2017.06.23 12:50:31.535,0.83775,0.83781,1.00,3.00
2017.06.23 12:50:31.790,0.8378,0.83787,1.50,2.62
2017.06.23 12:50:31.965,0.8378,0.83788,1.00,1.50
2017.06.23 12:50:32.067,0.83778,0.83788,1.87,1.87
2017.06.23 12:50:32.579,0.83777,0.83785,2.62,1.50
2017.06.23 12:50:32.784,0.83774,0.83785,6.07,1.87
2017.06.23 12:50:34.810,0.83775,0.83784,1.37,1.00
2017.06.23 12:50:35.378,0.83775,0.83784,1.50,1.10
2017.06.23 12:50:37.599,0.83776,0.83785,1.00,2.32
2017.06.23 12:50:38.439,0.83776,0.83783,1.12,1.00
2017.06.23 12:50:39.248,0.83774,0.83784,3.75,1.50
2017.06.23 12:50:39.406,0.83774,0.83784,1.50,1.87
2017.06.23 12:50:39.951,0.83775,0.83784,1.00,2.25
2017.06.23 12:50:42.741,0.83776,0.83784,1.00,1.12
2017.06.23 12:50:43.884,0.83775,0.83784,1.00,1.87
2017.06.23 12:50:44.690,0.83776,0.83784,1.00,1.87
2017.06.23 12:50:45.382,0.83775,0.83784,1.00,1.87
2017.06.23 12:50:48.240,0.83776,0.83784,1.00,1.87
2017.06.23 12:50:51.895,0.83774,0.83782,1.12,1.00
2017.06.23 12:50:52.201,0.83772,0.83779,1.00,1.12
2017.06.23 12:50:52.928,0.83771,0.83779,1.00,1.00
2017.06.23 12:50:53.298,0.83769,0.83777,2.62,1.00
2017.06.23 12:50:54.394,0.83768,0.83776,1.00,1.00
2017.06.23 12:50:55.388,0.8377,0.83776,1.00,1.00
2017.06.23 12:50:55.541,0.8377,0.83779,1.12,2.25
2017.06.23 12:50:55.592,0.83772,0.8378,1.12,4.50
2017.06.23 12:50:55.849,0.83774,0.83782,1.00,1.50
2017.06.23 12:50:56.005,0.83772,0.83782,1.87,1.50
2017.06.23 12:50:58.746,0.83772,0.83782,1.12,1.12
2017.06.23 12:50:59.127,0.83771,0.8378,2.62,1.00
2017.06.23 12:50:59.381,0.83769,0.83779,1.87,1.10
2017.06.23 12:50:59.433,0.83769,0.83776,2.25,1.00
2017.06.23 12:50:59.637,0.83765,0.83775,3.37,1.50
2017.06.23 12:50:59.838,0.83765,0.83775,1.12,1.87
2017.06.23 12:51:00.144,0.83762,0.83772,3.37,1.20
2017.06.23 12:51:00.348,0.83761,0.83772,1.00,4.12
2017.06.23 12:51:00.755,0.83759,0.83767,1.12,1.00
2017.06.23 12:51:00.950,0.83757,0.83766,1.50,1.07
2017.06.23 12:51:01.458,0.83757,0.83766,1.00,3.00
2017.06.23 12:51:02.069,0.83756,0.83766,1.12,3.75
2017.06.23 12:51:03.036,0.83755,0.83766,3.37,1.10
2017.06.23 12:51:03.459,0.83754,0.83765,1.87,1.37
2017.06.23 12:51:04.947,0.83757,0.83766,1.00,3.75
2017.06.23 12:51:05.260,0.83759,0.8377,1.00,3.37
2017.06.23 12:51:05.361,0.8376,0.8377,1.00,1.50
2017.06.23 12:51:05.949,0.8376,0.8377,1.12,3.37
2017.06.23 12:51:06.450,0.83759,0.83769,1.12,1.00
2017.06.23 12:51:07.044,0.83759,0.8377,1.12,1.12
2017.06.23 12:51:07.349,0.83761,0.8377,1.87,1.00
2017.06.23 12:51:07.858,0.83761,0.8377,1.12,1.50
2017.06.23 12:51:12.824,0.83763,0.83771,1.50,3.37
2017.06.23 12:51:12.978,0.83765,0.83774,1.50,3.75
2017.06.23 12:51:13.146,0.83765,0.83776,1.50,4.12
2017.06.23 12:51:13.665,0.83765,0.83776,1.87,1.50
2017.06.23 12:51:13.841,0.83767,0.83775,1.00,1.12
2017.06.23 12:51:14.350,0.83767,0.83776,1.00,1.50
2017.06.23 12:51:15.511,0.83766,0.83776,1.12,1.87
2017.06.23 12:51:16.025,0.83766,0.83776,1.00,2.25
2017.06.23 12:51:16.348,0.83772,0.83782,1.00,3.00
2017.06.23 12:51:16.400,0.83772,0.83782,1.00,1.12
2017.06.23 12:51:16.950,0.83771,0.83782,4.20,1.00
2017.06.23 12:51:17.478,0.83772,0.83783,1.57,1.87
2017.06.23 12:51:18.253,0.83773,0.83782,1.12,1.00
2017.06.23 12:51:18.788,0.83772,0.83781,1.57,1.00
2017.06.23 12:51:19.133,0.83776,0.83782,1.00,1.00
2017.06.23 12:51:19.286,0.83776,0.83786,1.12,2.25
2017.06.23 12:51:19.490,0.83776,0.83786,1.12,4.50
2017.06.23 12:51:19.592,0.83776,0.83786,1.12,1.87
2017.06.23 12:51:20.194,0.83775,0.83786,2.25,2.25
2017.06.23 12:51:20.710,0.83776,0.83786,1.10,3.37
2017.06.23 12:51:21.226,0.83776,0.83786,1.10,1.50
2017.06.23 12:51:21.773,0.83777,0.83787,1.00,3.37
2017.06.23 12:51:22.283,0.83777,0.83787,1.00,1.50
2017.06.23 12:51:22.993,0.83776,0.83785,1.50,1.00
2017.06.23 12:51:23.525,0.83776,0.83786,1.00,3.37
2017.06.23 12:51:25.071,0.83776,0.83786,1.00,2.25
2017.06.23 12:51:25.608,0.83777,0.83784,1.00,1.00
2017.06.23 12:51:25.793,0.83775,0.83784,1.12,1.00
2017.06.23 12:51:26.337,0.83775,0.83786,1.00,2.25
2017.06.23 12:51:26.904,0.83774,0.83785,1.12,1.12
2017.06.23 12:51:27.108,0.83774,0.83784,1.12,3.37
2017.06.23 12:51:27.625,0.83776,0.83784,1.00,2.62
2017.06.23 12:51:27.726,0.83776,0.83785,1.00,3.00
2017.06.23 12:51:28.253,0.83777,0.83786,1.12,1.37
2017.06.23 12:51:28.844,0.83778,0.83786,1.00,1.50
2017.06.23 12:51:30.419,0.83779,0.83786,1.00,1.50
2017.06.23 12:51:30.825,0.83776,0.83786,1.87,1.50
2017.06.23 12:51:30.877,0.83778,0.83787,1.00,3.37
2017.06.23 12:51:31.226,0.83778,0.83784,1.00,2.62
2017.06.23 12:51:31.620,0.83775,0.83784,1.87,2.62
2017.06.23 12:51:31.824,0.83774,0.83784,4.50,1.12
2017.06.23 12:51:31.926,0.83774,0.83784,1.12,1.12
2017.06.23 12:51:32.625,0.83774,0.83783,1.50,1.00
2017.06.23 12:51:35.189,0.83774,0.83781,1.00,1.00
2017.06.23 12:51:35.240,0.83773,0.83783,3.00,1.00
2017.06.23 12:51:35.292,0.83773,0.83781,1.50,1.00
2017.06.23 12:51:35.526,0.83769,0.83779,3.07,1.12
2017.06.23 12:51:35.577,0.83769,0.83779,1.87,3.37
2017.06.23 12:51:35.885,0.83768,0.83777,1.00,2.62
2017.06.23 12:51:36.411,0.83769,0.83778,1.00,3.37
2017.06.23 12:51:37.097,0.8377,0.83778,1.00,2.62
2017.06.23 12:51:37.506,0.83768,0.83778,1.00,2.62
2017.06.23 12:51:37.776,0.8377,0.83777,1.00,1.50
2017.06.23 12:51:39.874,0.83769,0.83779,1.00,3.37
2017.06.23 12:51:40.387,0.8377,0.83778,1.50,2.62
2017.06.23 12:51:40.540,0.8377,0.83778,1.00,1.00
2017.06.23 12:51:41.089,0.83771,0.83778,1.00,1.00
2017.06.23 12:51:42.818,0.83771,0.83781,1.00,3.37
2017.06.23 12:51:42.922,0.83773,0.83781,1.50,2.62
2017.06.23 12:51:43.234,0.83777,0.83783,1.12,2.62
2017.06.23 12:51:43.286,0.83778,0.83785,1.00,2.62
2017.06.23 12:51:43.388,0.83778,0.83787,1.00,1.50
2017.06.23 12:51:43.592,0.83778,0.83787,1.00,4.12
2017.06.23 12:51:43.695,0.83778,0.83787,1.00,1.12
2017.06.23 12:51:43.746,0.83778,0.83787,1.00,3.00
2017.06.23 12:51:44.297,0.83777,0.83787,1.12,3.37
2017.06.23 12:51:44.833,0.83777,0.83787,1.00,4.12
2017.06.23 12:51:45.387,0.83777,0.83786,1.00,1.50
2017.06.23 12:51:45.910,0.83776,0.83786,1.12,1.50
2017.06.23 12:51:46.267,0.83781,0.83785,1.00,2.25
2017.06.23 12:51:46.476,0.83786,0.83792,1.00,1.12
2017.06.23 12:51:46.679,0.83784,0.83794,1.50,2.25
2017.06.23 12:51:46.987,0.83782,0.83792,1.00,1.00
2017.06.23 12:51:47.140,0.83784,0.83793,1.00,3.37
2017.06.23 12:51:47.504,0.83787,0.83793,1.00,2.62
2017.06.23 12:51:47.657,0.83789,0.83799,1.50,3.37
2017.06.23 12:51:47.962,0.83786,0.83798,1.12,4.50
2017.06.23 12:51:48.115,0.83789,0.83798,1.10,3.00
2017.06.23 12:51:48.322,0.83791,0.83801,1.12,1.00
2017.06.23 12:51:48.374,0.83791,0.83802,3.00,1.50
2017.06.23 12:51:48.680,0.83787,0.83798,3.37,1.12
2017.06.23 12:51:48.783,0.83787,0.83798,1.37,4.12
2017.06.23 12:51:49.037,0.83786,0.83796,1.00,1.00
2017.06.23 12:51:49.538,0.83788,0.83796,1.00,1.00
2017.06.23 12:51:49.945,0.8379,0.83799,1.00,2.62
2017.06.23 12:51:50.251,0.83795,0.83799,1.00,2.62
2017.06.23 12:51:50.303,0.83795,0.83802,1.00,2.62
2017.06.23 12:51:50.425,0.83795,0.83805,1.00,1.37
2017.06.23 12:51:50.934,0.83794,0.83803,1.00,1.50
2017.06.23 12:51:51.475,0.83794,0.83802,1.00,1.00
2017.06.23 12:51:52.008,0.83794,0.83803,1.00,2.62
2017.06.23 12:51:52.110,0.83794,0.83804,1.00,1.50
2017.06.23 12:51:52.672,0.83793,0.83804,1.87,1.12
2017.06.23 12:51:53.182,0.83793,0.83803,1.12,1.87
2017.06.23 12:51:54.067,0.83795,0.83803,1.00,1.00
2017.06.23 12:51:54.370,0.83797,0.83805,1.00,1.50
2017.06.23 12:51:55.135,0.83796,0.83805,1.12,1.50
2017.06.23 12:51:55.482,0.83795,0.83802,1.00,1.00
2017.06.23 12:51:56.142,0.83796,0.83804,1.00,2.62
2017.06.23 12:51:56.244,0.83795,0.83806,1.50,3.37
2017.06.23 12:51:56.530,0.83796,0.83807,2.25,3.37
2017.06.23 12:51:57.045,0.83797,0.83808,1.12,3.37
2017.06.23 12:51:57.589,0.83798,0.83807,1.50,1.50
2017.06.23 12:51:59.563,0.838,0.83808,1.00,4.12
2017.06.23 12:51:59.767,0.83799,0.83808,1.50,1.00
2017.06.23 12:51:59.971,0.83801,0.83808,1.50,1.00
2017.06.23 12:52:00.472,0.83801,0.8381,1.00,2.25
2017.06.23 12:52:01.032,0.838,0.83809,2.25,1.00
2017.06.23 12:52:01.547,0.838,0.8381,2.25,1.50
2017.06.23 12:52:02.231,0.838,0.8381,1.50,2.25
2017.06.23 12:52:02.741,0.838,0.8381,1.87,4.12
2017.06.23 12:52:03.262,0.83801,0.83808,1.00,1.12
2017.06.23 12:52:03.466,0.83799,0.83808,1.00,1.87
2017.06.23 12:52:03.993,0.83799,0.83807,1.00,1.00
2017.06.23 12:52:05.319,0.83798,0.83807,2.62,1.00
2017.06.23 12:52:05.837,0.83798,0.83808,2.62,1.87
2017.06.23 12:52:06.148,0.838,0.83809,1.00,1.50
2017.06.23 12:52:06.552,0.83802,0.83809,1.00,3.00
2017.06.23 12:52:07.609,0.83802,0.83809,1.00,1.00
2017.06.23 12:52:07.965,0.83802,0.83812,1.43,1.50
2017.06.23 12:52:08.503,0.83801,0.83809,2.55,1.00
2017.06.23 12:52:09.021,0.83802,0.8381,1.00,1.00
2017.06.23 12:52:09.532,0.83802,0.8381,1.50,1.00
2017.06.23 12:52:09.788,0.83805,0.83815,2.25,1.50
2017.06.23 12:52:10.294,0.83805,0.83814,1.50,2.62
2017.06.23 12:52:10.751,0.83811,0.83815,1.00,1.00
2017.06.23 12:52:10.955,0.83813,0.83822,1.50,3.00
2017.06.23 12:52:11.502,0.83813,0.83822,1.12,1.87
2017.06.23 12:52:11.861,0.83815,0.83823,1.00,1.50
2017.06.23 12:52:12.065,0.83815,0.83825,1.00,1.50
2017.06.23 12:52:12.574,0.83816,0.83825,1.00,2.25
2017.06.23 12:52:13.113,0.83816,0.83823,1.00,1.00
2017.06.23 12:52:13.617,0.83816,0.83826,1.12,1.50
2017.06.23 12:52:14.045,0.83818,0.83827,1.00,3.37
2017.06.23 12:52:14.906,0.83819,0.83827,1.00,4.12
2017.06.23 12:52:16.074,0.8382,0.83826,1.00,1.50
2017.06.23 12:52:16.279,0.83824,0.83832,1.00,2.62
2017.06.23 12:52:16.330,0.83827,0.83833,1.00,2.25
2017.06.23 12:52:16.785,0.83827,0.83837,3.00,2.25
2017.06.23 12:52:16.836,0.83831,0.83838,1.00,1.37
2017.06.23 12:52:16.888,0.83832,0.83839,1.00,1.12
2017.06.23 12:52:17.775,0.83834,0.83839,1.00,1.87
2017.06.23 12:52:18.284,0.83834,0.83839,1.00,2.25
2017.06.23 12:52:18.386,0.83832,0.83839,1.00,2.25
2017.06.23 12:52:19.162,0.83832,0.83839,1.00,1.50
2017.06.23 12:52:19.265,0.83832,0.83837,1.00,1.00
2017.06.23 12:52:19.316,0.83832,0.83839,1.00,1.50
2017.06.23 12:52:19.856,0.83833,0.83839,1.00,1.50
2017.06.23 12:52:20.219,0.83831,0.83838,1.00,1.00
2017.06.23 12:52:20.615,0.83832,0.83836,1.00,1.00
2017.06.23 12:52:20.717,0.83828,0.83834,1.50,1.00
2017.06.23 12:52:21.239,0.83828,0.83834,1.00,1.00
2017.06.23 12:52:22.607,0.83828,0.83834,1.12,1.00
2017.06.23 12:52:23.202,0.83828,0.83836,1.00,1.12
2017.06.23 12:52:23.706,0.83828,0.83836,1.50,1.50
2017.06.23 12:52:24.321,0.83827,0.83835,1.00,1.00
2017.06.23 12:52:24.864,0.83828,0.83835,1.00,1.00
2017.06.23 12:52:25.271,0.83826,0.83834,1.00,1.00
2017.06.23 12:52:25.975,0.83827,0.83834,1.00,1.12
2017.06.23 12:52:26.492,0.83828,0.83834,1.00,1.00
2017.06.23 12:52:27.072,0.83829,0.83835,1.00,1.00
2017.06.23 12:52:27.713,0.83825,0.83832,1.50,1.00
2017.06.23 12:52:28.221,0.83825,0.83834,1.50,1.50
2017.06.23 12:52:28.527,0.83828,0.83837,1.12,1.37
2017.06.23 12:52:29.033,0.83827,0.83836,1.00,1.20
2017.06.23 12:52:29.340,0.83827,0.83836,1.00,4.57
2017.06.23 12:52:29.391,0.83825,0.83836,1.00,4.57
2017.06.23 12:52:29.751,0.83823,0.83834,4.12,1.57
2017.06.23 12:52:30.260,0.83824,0.83833,1.00,1.20
2017.06.23 12:52:30.769,0.83823,0.83833,1.87,1.87
2017.06.23 12:52:31.115,0.83825,0.83833,1.00,1.00
2017.06.23 12:52:31.672,0.83823,0.83833,2.25,1.10
2017.06.23 12:52:32.157,0.83823,0.83832,1.50,1.37
2017.06.23 12:52:32.863,0.83822,0.83829,2.25,1.00
2017.06.23 12:52:33.117,0.83821,0.83829,1.12,1.12
2017.06.23 12:52:33.863,0.83822,0.83829,1.00,1.12
2017.06.23 12:52:34.734,0.83821,0.8383,1.12,2.25
2017.06.23 12:52:34.938,0.83818,0.83825,3.37,1.00
2017.06.23 12:52:35.091,0.83816,0.83822,1.00,1.12
2017.06.23 12:52:35.462,0.83812,0.83821,4.12,1.50
2017.06.23 12:52:35.514,0.83811,0.83821,3.00,1.50
2017.06.23 12:52:35.616,0.8381,0.83818,1.50,1.00
2017.06.23 12:52:35.718,0.83809,0.83819,2.25,1.50
2017.06.23 12:52:36.226,0.83808,0.83818,1.87,1.87
2017.06.23 12:52:36.740,0.83808,0.83818,1.87,1.57
2017.06.23 12:52:36.943,0.83808,0.83816,1.87,1.00
2017.06.23 12:52:37.301,0.83808,0.83818,2.62,2.62
2017.06.23 12:52:37.832,0.83808,0.83818,3.37,2.32
2017.06.23 12:52:38.258,0.83808,0.83816,1.00,1.00
2017.06.23 12:52:38.737,0.83806,0.83816,1.87,1.50
2017.06.23 12:52:38.788,0.83806,0.83814,1.12,1.50
2017.06.23 12:52:39.094,0.83803,0.83812,2.25,1.00
2017.06.23 12:52:39.839,0.83805,0.83812,1.00,1.00
2017.06.23 12:52:40.352,0.83804,0.83813,1.12,1.00
2017.06.23 12:52:40.878,0.83805,0.83812,1.00,1.12
2017.06.23 12:52:41.082,0.83805,0.83814,1.87,1.12
2017.06.23 12:52:42.266,0.83805,0.83813,1.87,1.00
2017.06.23 12:52:42.804,0.83805,0.83813,1.37,1.00
2017.06.23 12:52:43.092,0.83805,0.83811,1.87,1.00
2017.06.23 12:52:43.143,0.83805,0.83813,1.87,1.00
2017.06.23 12:52:43.653,0.83805,0.83812,1.87,1.00
2017.06.23 12:52:44.064,0.83806,0.83814,1.00,1.50
2017.06.23 12:52:44.578,0.83805,0.83814,1.00,1.00
2017.06.23 12:52:45.020,0.83806,0.83815,2.25,1.50
2017.06.23 12:52:45.379,0.83806,0.83813,1.50,1.00
2017.06.23 12:52:45.893,0.83806,0.83813,1.00,1.00
2017.06.23 12:52:46.639,0.83805,0.83812,1.00,1.00
2017.06.23 12:52:46.977,0.83802,0.8381,1.37,1.00
2017.06.23 12:52:47.487,0.83802,0.83811,1.50,1.12
2017.06.23 12:52:49.076,0.83802,0.83809,1.00,1.00
2017.06.23 12:52:49.625,0.83801,0.83808,1.12,1.00
2017.06.23 12:52:50.476,0.838,0.8381,1.12,1.12
2017.06.23 12:52:51.005,0.83799,0.83809,3.00,1.12
2017.06.23 12:52:51.107,0.83801,0.83809,1.00,1.12
2017.06.23 12:52:51.474,0.83802,0.83812,1.00,1.50
2017.06.23 12:52:51.528,0.83805,0.83812,1.00,1.37
2017.06.23 12:52:51.734,0.83805,0.83813,1.12,1.00
2017.06.23 12:52:52.246,0.83804,0.83813,1.50,1.12
2017.06.23 12:52:52.840,0.83804,0.83811,1.50,1.00
2017.06.23 12:52:52.942,0.83804,0.83814,1.00,2.62
2017.06.23 12:52:52.994,0.83804,0.83812,1.00,2.25
2017.06.23 12:52:53.147,0.83807,0.83814,1.00,1.00
2017.06.23 12:52:53.250,0.83809,0.83815,1.00,2.62
2017.06.23 12:52:53.353,0.83809,0.83817,1.00,1.00
2017.06.23 12:52:53.515,0.83811,0.8382,1.00,1.50
2017.06.23 12:52:53.821,0.83809,0.83818,1.87,1.00
2017.06.23 12:52:54.332,0.8381,0.8382,1.00,2.62
2017.06.23 12:52:54.869,0.83811,0.83821,1.00,3.75
2017.06.23 12:52:55.523,0.8381,0.83819,1.00,1.12
2017.06.23 12:52:58.118,0.8381,0.83819,1.50,3.37
2017.06.23 12:52:59.528,0.83812,0.83819,1.50,2.62
2017.06.23 12:52:59.732,0.83815,0.83822,1.12,1.00
2017.06.23 12:53:00.331,0.83814,0.83822,3.00,1.00
2017.06.23 12:53:00.858,0.83815,0.83823,1.00,1.00
2017.06.23 12:53:01.417,0.83815,0.83823,1.37,1.00
2017.06.23 12:53:01.722,0.83815,0.83821,1.50,1.00
2017.06.23 12:53:02.267,0.83815,0.83822,1.50,1.00
2017.06.23 12:53:02.370,0.83815,0.83825,1.50,1.50
2017.06.23 12:53:02.472,0.83817,0.83826,1.00,1.12
2017.06.23 12:53:02.989,0.83817,0.83827,1.12,1.00
2017.06.23 12:53:03.344,0.83817,0.83825,1.00,1.00
2017.06.23 12:53:03.854,0.83817,0.83827,1.50,1.87
2017.06.23 12:53:04.368,0.83818,0.83827,1.87,1.00
2017.06.23 12:53:04.877,0.83817,0.83827,2.25,1.50
2017.06.23 12:53:05.463,0.83817,0.83827,3.00,1.00
2017.06.23 12:53:05.792,0.83821,0.83829,1.00,1.87
2017.06.23 12:53:06.051,0.83822,0.83832,4.12,1.12
2017.06.23 12:53:06.595,0.83822,0.83831,1.50,1.00
2017.06.23 12:53:07.189,0.83821,0.83831,3.00,1.57
2017.06.23 12:53:07.702,0.83822,0.83831,1.00,1.20
2017.06.23 12:53:08.225,0.83823,0.83832,1.00,1.00
2017.06.23 12:53:08.378,0.83828,0.83833,1.00,1.12
2017.06.23 12:53:08.480,0.83828,0.83836,1.00,1.50
2017.06.23 12:53:08.531,0.83827,0.83837,2.62,1.00
2017.06.23 12:53:09.041,0.83829,0.83838,1.12,1.00
2017.06.23 12:53:09.563,0.83829,0.83837,1.12,1.00
2017.06.23 12:53:10.546,0.83828,0.83837,1.50,1.00
2017.06.23 12:53:11.085,0.83828,0.83838,1.00,1.87
2017.06.23 12:53:11.433,0.83832,0.83838,1.00,1.12
2017.06.23 12:53:11.838,0.83832,0.83842,1.50,1.10
2017.06.23 12:53:13.202,0.83832,0.83841,1.12,1.00
2017.06.23 12:53:13.749,0.83833,0.83842,1.00,1.12
2017.06.23 12:53:14.240,0.83833,0.83844,1.87,2.32
2017.06.23 12:53:14.771,0.83833,0.83844,1.87,2.25
2017.06.23 12:53:15.025,0.83835,0.83845,1.00,1.95
2017.06.23 12:53:15.543,0.83836,0.83845,1.00,1.87
2017.06.23 12:53:16.075,0.83835,0.83844,1.00,1.00
2017.06.23 12:53:16.623,0.83836,0.83844,1.00,1.00
2017.06.23 12:53:16.777,0.83838,0.83846,1.00,1.50
2017.06.23 12:53:17.055,0.8384,0.8385,1.00,1.50
2017.06.23 12:53:17.414,0.83839,0.83848,1.37,1.00
2017.06.23 12:53:17.568,0.83836,0.83846,1.87,1.00
2017.06.23 12:53:18.076,0.83834,0.83843,2.25,1.00
2017.06.23 12:53:18.743,0.83834,0.83841,2.25,1.00
2017.06.23 12:53:18.897,0.83834,0.83844,1.37,1.50
2017.06.23 12:53:19.101,0.83832,0.83841,2.62,1.00
2017.06.23 12:53:19.254,0.8383,0.83839,1.50,1.50
2017.06.23 12:53:19.356,0.83828,0.83839,2.25,1.50
2017.06.23 12:53:19.844,0.83828,0.83837,1.00,1.00
2017.06.23 12:53:20.356,0.83827,0.83836,1.00,1.00
2017.06.23 12:53:20.659,0.83825,0.83831,2.62,1.00
2017.06.23 12:53:20.761,0.83822,0.83831,1.12,1.00
2017.06.23 12:53:21.273,0.83822,0.83832,3.00,1.50
2017.06.23 12:53:21.375,0.83822,0.83832,1.12,1.87
2017.06.23 12:53:21.905,0.83821,0.83832,1.37,1.87
2017.06.23 12:53:24.760,0.83824,0.83833,1.00,4.50
2017.06.23 12:53:24.964,0.83824,0.83835,1.10,3.37
2017.06.23 12:53:25.167,0.83824,0.83835,3.82,1.37
2017.06.23 12:53:26.598,0.83826,0.83835,1.50,1.12
2017.06.23 12:53:27.111,0.83825,0.83834,2.25,1.12
2017.06.23 12:53:27.163,0.83824,0.83834,1.00,1.50
2017.06.23 12:53:27.679,0.83824,0.83834,1.00,1.50
2017.06.23 12:53:27.884,0.83824,0.83834,1.00,3.37
2017.06.23 12:53:28.527,0.83825,0.83834,1.00,3.37
2017.06.23 12:53:29.094,0.83825,0.83833,1.00,2.62
2017.06.23 12:53:31.467,0.83826,0.83833,1.00,3.37
2017.06.23 12:53:32.927,0.83822,0.83832,1.12,2.25
2017.06.23 12:53:33.064,0.83824,0.83832,1.00,1.50
2017.06.23 12:53:33.217,0.83822,0.83831,1.00,1.12
2017.06.23 12:53:33.471,0.83819,0.8383,1.50,1.50
2017.06.23 12:53:33.980,0.8382,0.83829,1.12,1.50
2017.06.23 12:53:35.089,0.83819,0.83828,1.50,1.00
2017.06.23 12:53:35.618,0.8382,0.83829,1.12,1.50
2017.06.23 12:53:36.147,0.8382,0.83829,3.00,1.50
2017.06.23 12:53:36.667,0.8382,0.83828,1.00,1.00
2017.06.23 12:53:37.024,0.83818,0.83827,1.12,1.00
2017.06.23 12:53:37.755,0.83819,0.83827,1.00,1.00
2017.06.23 12:53:40.248,0.83818,0.83826,1.12,1.00
2017.06.23 12:53:40.820,0.83819,0.83827,1.12,1.12
2017.06.23 12:53:40.871,0.83821,0.83828,1.50,1.50
2017.06.23 12:53:41.127,0.83821,0.83829,1.50,1.00
2017.06.23 12:53:41.673,0.83822,0.8383,1.00,1.00
2017.06.23 12:53:42.718,0.83822,0.8383,1.50,1.00
2017.06.23 12:53:43.235,0.83823,0.83831,1.50,1.12
2017.06.23 12:53:45.537,0.83823,0.83831,1.12,1.37
2017.06.23 12:53:46.101,0.83823,0.83831,1.12,1.00
2017.06.23 12:53:46.817,0.83824,0.83831,1.00,1.00
2017.06.23 12:53:47.379,0.83822,0.8383,1.50,1.00
2017.06.23 12:53:47.431,0.83821,0.83829,1.50,1.00
2017.06.23 12:53:47.646,0.83819,0.83827,3.00,1.00
2017.06.23 12:53:48.155,0.83821,0.83829,1.12,1.50
2017.06.23 12:53:48.615,0.83818,0.83826,1.50,1.00
2017.06.23 12:53:49.165,0.83819,0.83827,1.00,1.12
2017.06.23 12:53:49.608,0.83817,0.83825,1.00,1.12
2017.06.23 12:53:50.524,0.83818,0.83826,1.00,1.12
2017.06.23 12:53:51.060,0.83817,0.83825,1.00,1.87
2017.06.23 12:53:51.365,0.83815,0.83824,1.10,3.37
2017.06.23 12:53:51.918,0.83813,0.83821,2.25,1.00
2017.06.23 12:53:51.970,0.83812,0.8382,1.50,1.00
2017.06.23 12:53:53.120,0.8381,0.83819,1.50,1.00
2017.06.23 12:53:53.222,0.8381,0.83817,1.00,1.00
2017.06.23 12:53:53.428,0.83807,0.83815,1.00,1.00
2017.06.23 12:53:53.950,0.83806,0.83815,1.00,1.50
2017.06.23 12:53:54.331,0.83808,0.83815,1.00,1.00
2017.06.23 12:53:54.857,0.83807,0.83815,1.00,1.50
2017.06.23 12:53:55.421,0.83808,0.83816,1.00,1.50
2017.06.23 12:53:58.162,0.83807,0.83815,1.00,1.12
2017.06.23 12:53:59.277,0.83806,0.83814,1.00,1.00
2017.06.23 12:53:59.944,0.83807,0.83815,1.00,1.12
2017.06.23 12:54:01.823,0.83806,0.83815,1.00,1.12
2017.06.23 12:54:02.328,0.83806,0.83815,1.00,1.50
2017.06.23 12:54:03.447,0.83806,0.83815,1.00,1.12
2017.06.23 12:54:03.818,0.83805,0.83813,1.12,1.00
2017.06.23 12:54:04.865,0.83806,0.83814,1.00,1.50
2017.06.23 12:54:05.373,0.83805,0.83813,1.00,1.50
2017.06.23 12:54:07.688,0.83806,0.83813,1.00,1.50
2017.06.23 12:54:10.444,0.83804,0.83813,1.00,1.00
2017.06.23 12:54:10.994,0.83805,0.83812,1.00,1.00
2017.06.23 12:54:12.775,0.83805,0.83813,1.00,2.62
2017.06.23 12:54:13.358,0.83805,0.83814,1.00,5.25
2017.06.23 12:54:16.600,0.83804,0.83813,1.12,1.37
2017.06.23 12:54:17.149,0.83805,0.83813,1.00,1.37
2017.06.23 12:54:17.507,0.83806,0.83814,1.00,1.00
2017.06.23 12:54:18.444,0.83805,0.83813,1.50,1.00
2017.06.23 12:54:19.306,0.83806,0.83814,1.00,1.50
2017.06.23 12:54:26.288,0.83805,0.83813,1.12,1.12
2017.06.23 12:54:26.595,0.83803,0.83811,4.87,1.00
2017.06.23 12:54:26.646,0.83803,0.83811,1.12,1.12
2017.06.23 12:54:26.749,0.83802,0.8381,1.00,1.37
2017.06.23 12:54:27.257,0.83801,0.83809,1.12,1.12
2017.06.23 12:54:29.082,0.83805,0.83811,1.45,3.75
2017.06.23 12:54:29.186,0.83818,0.83827,1.12,1.00
2017.06.23 12:54:29.237,0.83823,0.83832,1.00,2.62
2017.06.23 12:54:29.543,0.83823,0.8383,1.00,1.00
2017.06.23 12:54:29.922,0.8382,0.8383,2.62,1.50
2017.06.23 12:54:29.974,0.8382,0.83828,1.37,1.57
2017.06.23 12:54:30.230,0.83817,0.83825,1.00,1.00
2017.06.23 12:54:30.863,0.83816,0.83826,1.00,2.25
2017.06.23 12:54:31.367,0.83815,0.83826,1.50,2.25
2017.06.23 12:54:32.756,0.83816,0.83825,1.00,1.00
2017.06.23 12:54:33.704,0.83817,0.83824,1.00,1.00
2017.06.23 12:54:36.148,0.83818,0.83826,1.00,1.37
2017.06.23 12:54:36.353,0.83831,0.83839,1.00,24.00
2017.06.23 12:54:36.404,0.83831,0.83836,1.00,1.00
2017.06.23 12:54:36.553,0.83829,0.83836,1.00,1.00
2017.06.23 12:54:36.604,0.83829,0.83836,3.37,1.00
2017.06.23 12:54:36.656,0.83829,0.83836,1.12,1.00
2017.06.23 12:54:37.071,0.83825,0.83835,3.37,1.37
2017.06.23 12:54:37.122,0.83825,0.83835,1.87,1.50
2017.06.23 12:54:37.890,0.83824,0.83833,1.87,1.50
2017.06.23 12:54:38.485,0.83824,0.83834,1.20,1.12
2017.06.23 12:54:38.587,0.83826,0.83833,1.00,1.00
2017.06.23 12:54:38.964,0.83824,0.83833,1.95,1.00
2017.06.23 12:54:39.684,0.83823,0.83831,1.00,1.00
2017.06.23 12:54:39.990,0.83822,0.83831,1.00,3.00
2017.06.23 12:54:40.520,0.83821,0.8383,2.25,1.00
2017.06.23 12:54:41.338,0.83821,0.83831,1.20,1.12
2017.06.23 12:54:41.933,0.83822,0.83831,1.00,1.12
2017.06.23 12:54:43.141,0.83823,0.83833,1.10,3.37
2017.06.23 12:54:43.648,0.83823,0.83834,1.10,4.12
2017.06.23 12:54:44.887,0.83823,0.83834,1.47,4.12
2017.06.23 12:54:45.406,0.83825,0.83833,1.00,1.50
2017.06.23 12:54:46.059,0.83825,0.83835,1.00,1.50
2017.06.23 12:54:47.481,0.83825,0.83835,1.50,1.00
2017.06.23 12:54:48.700,0.83825,0.83836,1.87,1.50
2017.06.23 12:54:49.301,0.83825,0.83835,1.00,1.50
2017.06.23 12:54:49.606,0.83825,0.83834,1.00,1.50
2017.06.23 12:54:50.135,0.83825,0.83834,1.00,1.50
2017.06.23 12:54:50.838,0.83825,0.83835,1.00,1.12
2017.06.23 12:54:51.839,0.83825,0.83834,1.00,1.00
2017.06.23 12:54:52.841,0.83825,0.83835,1.00,1.12
2017.06.23 12:54:53.351,0.83825,0.83834,1.00,1.12
2017.06.23 12:54:53.948,0.83827,0.83834,1.00,1.12
2017.06.23 12:54:57.195,0.83824,0.83835,2.25,1.12
2017.06.23 12:54:57.399,0.83825,0.83835,1.00,3.75
2017.06.23 12:54:58.580,0.83827,0.83835,1.00,2.62
2017.06.23 12:54:58.923,0.83831,0.83837,1.00,3.37
2017.06.23 12:54:58.975,0.83831,0.83837,1.00,1.12
2017.06.23 12:54:59.332,0.83829,0.83837,1.00,1.12
2017.06.23 12:54:59.383,0.83827,0.83835,2.25,1.00
2017.06.23 12:54:59.843,0.83825,0.83833,1.00,1.00
2017.06.23 12:55:00.365,0.83825,0.83834,1.00,1.50
2017.06.23 12:55:00.729,0.83823,0.8383,1.00,1.00
2017.06.23 12:55:00.833,0.8382,0.8383,2.25,2.25
2017.06.23 12:55:01.220,0.83821,0.8383,1.00,2.62
2017.06.23 12:55:01.323,0.83821,0.83832,1.00,5.62
2017.06.23 12:55:01.837,0.83822,0.83831,1.00,4.12
2017.06.23 12:55:02.922,0.83821,0.83831,1.00,4.50
2017.06.23 12:55:04.679,0.83821,0.8383,1.00,4.12
2017.06.23 12:55:05.200,0.8382,0.83828,1.00,1.87
2017.06.23 12:55:05.455,0.83819,0.83827,1.00,1.50
2017.06.23 12:55:05.963,0.83818,0.83827,1.12,2.25
2017.06.23 12:55:06.491,0.83818,0.83826,1.00,1.12
2017.06.23 12:55:06.999,0.83818,0.83827,1.00,4.12
2017.06.23 12:55:07.101,0.83818,0.83827,1.00,1.87
2017.06.23 12:55:08.388,0.83817,0.83827,1.00,2.25
2017.06.23 12:55:08.440,0.83817,0.83825,1.12,1.00
2017.06.23 12:55:08.998,0.83817,0.83825,1.00,1.50
2017.06.23 12:55:09.101,0.83815,0.83825,1.87,2.25
2017.06.23 12:55:09.203,0.83814,0.83822,1.50,1.00
2017.06.23 12:55:10.325,0.83813,0.83822,1.57,1.12
2017.06.23 12:55:12.334,0.83813,0.83822,1.20,1.37
2017.06.23 12:55:12.876,0.83811,0.83821,1.50,3.37
2017.06.23 12:55:13.406,0.83811,0.83819,1.12,1.00
2017.06.23 12:55:14.042,0.83809,0.83819,2.32,1.50
2017.06.23 12:55:14.545,0.83809,0.83819,1.12,4.12
2017.06.23 12:55:15.063,0.8381,0.83817,1.00,1.00
2017.06.23 12:55:19.209,0.83808,0.83815,1.00,1.00
2017.06.23 12:55:19.362,0.83806,0.83815,1.12,1.50
2017.06.23 12:55:19.515,0.83805,0.83811,1.00,1.00
2017.06.23 12:55:19.617,0.83804,0.83814,1.87,1.12
2017.06.23 12:55:19.767,0.83802,0.83812,1.37,1.50
2017.06.23 12:55:20.276,0.83801,0.83812,2.25,1.50
2017.06.23 12:55:20.837,0.83801,0.8381,1.75,1.00
2017.06.23 12:55:20.888,0.838,0.83809,1.00,1.00
2017.06.23 12:55:21.037,0.83798,0.83806,1.00,1.00
2017.06.23 12:55:21.242,0.83798,0.83809,1.87,3.00
2017.06.23 12:55:21.756,0.83798,0.83809,1.10,3.37
2017.06.23 12:55:22.263,0.83799,0.83809,1.00,3.37
2017.06.23 12:55:22.799,0.83798,0.83808,1.00,1.50
2017.06.23 12:55:23.308,0.83797,0.83807,3.75,1.12
2017.06.23 12:55:23.829,0.83797,0.83807,1.87,1.50
2017.06.23 12:55:24.589,0.83796,0.83804,2.62,1.00
2017.06.23 12:55:24.844,0.83791,0.83802,1.50,2.25
2017.06.23 12:55:25.380,0.8379,0.838,1.87,1.00
2017.06.23 12:55:25.929,0.83792,0.83802,1.20,1.50
2017.06.23 12:55:26.082,0.83794,0.83803,1.12,1.00
2017.06.23 12:55:26.404,0.83792,0.838,4.57,1.00
2017.06.23 12:55:26.938,0.83792,0.83801,1.87,1.00
2017.06.23 12:55:27.486,0.83793,0.83802,1.12,1.00
2017.06.23 12:55:29.576,0.83793,0.83802,1.37,1.00
2017.06.23 12:55:29.881,0.83793,0.838,1.00,1.00
2017.06.23 12:55:30.030,0.83788,0.83798,3.82,1.00
2017.06.23 12:55:30.568,0.83789,0.83799,1.00,1.00
2017.06.23 12:55:32.901,0.83789,0.83799,1.00,2.25
2017.06.23 12:55:33.424,0.83788,0.83799,1.00,2.25
2017.06.23 12:55:33.932,0.83788,0.83799,1.12,2.25
2017.06.23 12:55:34.535,0.83787,0.83798,1.50,1.50
2017.06.23 12:55:35.070,0.83789,0.83796,1.00,1.00
2017.06.23 12:55:37.008,0.83788,0.83797,1.00,1.00
2017.06.23 12:55:37.212,0.83789,0.83799,1.00,1.50
2017.06.23 12:55:37.816,0.83789,0.83799,1.00,1.87
2017.06.23 12:55:39.074,0.83787,0.83794,1.87,1.00
2017.06.23 12:55:39.227,0.83786,0.83795,1.12,1.37
2017.06.23 12:55:39.844,0.83786,0.83796,1.00,1.50
2017.06.23 12:55:45.945,0.83785,0.83795,3.45,1.00
2017.06.23 12:55:46.109,0.83786,0.83795,1.95,1.00
2017.06.23 12:55:50.516,0.83786,0.83796,1.57,3.37
2017.06.23 12:55:51.278,0.83788,0.83796,1.00,2.62
2017.06.23 12:55:51.532,0.83788,0.83796,1.00,1.00
2017.06.23 12:55:51.989,0.8379,0.83798,1.00,3.37
2017.06.23 12:55:52.533,0.8379,0.83798,1.10,1.50
2017.06.23 12:55:57.471,0.8379,0.83799,1.10,1.87
2017.06.23 12:55:57.980,0.8379,0.83799,1.12,1.50
2017.06.23 12:55:59.419,0.83792,0.83799,1.00,1.00
2017.06.23 12:55:59.731,0.83803,0.83811,1.00,3.75
2017.06.23 12:55:59.836,0.83803,0.83811,1.50,1.00
2017.06.23 12:55:59.989,0.83802,0.83809,2.62,1.00
2017.06.23 12:56:00.042,0.83802,0.83809,1.12,1.00
2017.06.23 12:56:00.546,0.83801,0.83808,1.00,1.00
2017.06.23 12:56:00.882,0.83805,0.83809,1.00,1.00
2017.06.23 12:56:01.085,0.83805,0.83814,1.00,2.25
2017.06.23 12:56:02.708,0.83804,0.83812,2.62,1.00
2017.06.23 12:56:03.218,0.83804,0.83813,1.00,1.50
2017.06.23 12:56:03.822,0.83805,0.83813,1.00,1.12
2017.06.23 12:56:04.330,0.83804,0.83813,1.00,1.12
2017.06.23 12:56:04.859,0.83804,0.83812,1.00,1.00
2017.06.23 12:56:05.490,0.83807,0.83815,1.00,3.37
2017.06.23 12:56:05.643,0.83805,0.83813,1.10,1.12
2017.06.23 12:56:08.532,0.83806,0.83815,1.00,4.50
2017.06.23 12:56:09.501,0.83805,0.83815,1.12,4.12
2017.06.23 12:56:09.818,0.83809,0.83815,1.00,2.62
2017.06.23 12:56:10.072,0.83809,0.83817,1.12,1.00
2017.06.23 12:56:10.600,0.83808,0.83816,3.00,1.00
2017.06.23 12:56:10.651,0.83808,0.83814,3.00,1.00
2017.06.23 12:56:10.703,0.83808,0.83817,1.12,1.87
2017.06.23 12:56:11.212,0.83808,0.83817,1.50,1.12
2017.06.23 12:56:13.066,0.8381,0.83818,1.00,1.50
2017.06.23 12:56:16.486,0.83809,0.83819,1.50,3.37
2017.06.23 12:56:16.792,0.83808,0.83817,1.50,1.37
2017.06.23 12:56:18.357,0.83809,0.83818,1.00,3.37
2017.06.23 12:56:19.339,0.83808,0.83818,1.00,4.12
2017.06.23 12:56:20.996,0.83808,0.83817,1.00,1.00
2017.06.23 12:56:21.323,0.83812,0.83821,1.12,2.25
2017.06.23 12:56:22.128,0.83811,0.8382,1.10,1.50
2017.06.23 12:56:22.435,0.83812,0.8382,1.00,3.37
2017.06.23 12:56:23.148,0.83811,0.8382,1.00,3.37
2017.06.23 12:56:23.737,0.83811,0.83821,1.10,1.50
2017.06.23 12:56:24.254,0.83812,0.83821,1.00,1.50
2017.06.23 12:56:24.971,0.8381,0.8382,1.87,1.87
2017.06.23 12:56:25.582,0.8381,0.83819,1.50,1.00
2017.06.23 12:56:27.103,0.8381,0.83819,1.50,2.62
2017.06.23 12:56:27.204,0.8381,0.8382,1.50,2.25
2017.06.23 12:56:27.709,0.8381,0.83819,1.00,1.50
2017.06.23 12:56:28.460,0.83811,0.83819,1.00,1.50
2017.06.23 12:56:28.971,0.8381,0.83818,1.00,1.12
2017.06.23 12:56:29.495,0.8381,0.83818,1.00,3.37
2017.06.23 12:56:29.879,0.83813,0.83818,1.00,2.62
2017.06.23 12:56:29.931,0.83814,0.83819,1.00,1.00
2017.06.23 12:56:30.135,0.83814,0.83823,1.00,3.37
2017.06.23 12:56:33.014,0.83812,0.83821,1.00,1.87
2017.06.23 12:56:33.420,0.83812,0.8382,1.00,2.62
2017.06.23 12:56:33.875,0.83811,0.8382,1.50,1.50
2017.06.23 12:56:34.079,0.83813,0.8382,1.00,1.37
2017.06.23 12:56:34.666,0.83812,0.8382,1.00,1.37
2017.06.23 12:56:37.313,0.83811,0.83821,1.57,4.12
2017.06.23 12:56:37.864,0.8381,0.83819,2.25,1.37
2017.06.23 12:56:38.169,0.83809,0.83819,1.12,4.12
2017.06.23 12:56:42.157,0.83811,0.83819,1.10,2.62
2017.06.23 12:56:42.360,0.83812,0.83822,1.87,4.87
2017.06.23 12:56:42.462,0.83812,0.83822,1.50,2.25
2017.06.23 12:56:42.513,0.83812,0.83822,1.50,3.00
2017.06.23 12:56:42.564,0.83812,0.83822,1.50,3.37
2017.06.23 12:56:43.101,0.83813,0.83822,1.00,2.62
2017.06.23 12:56:43.152,0.83813,0.83822,1.00,4.87
2017.06.23 12:56:43.714,0.83812,0.83822,1.50,4.87
2017.06.23 12:56:45.188,0.83813,0.83822,1.50,2.62
2017.06.23 12:56:45.698,0.83814,0.8382,1.00,1.00
2017.06.23 12:56:46.214,0.83814,0.83823,1.00,4.50
2017.06.23 12:56:46.899,0.83813,0.83822,1.12,1.68
2017.06.23 12:56:47.102,0.83811,0.8382,1.00,1.87
2017.06.23 12:56:47.204,0.83811,0.8382,1.00,4.12
2017.06.23 12:56:47.778,0.83811,0.8382,1.00,3.00
2017.06.23 12:56:48.331,0.8381,0.83819,1.50,1.12
2017.06.23 12:56:49.115,0.83809,0.83819,1.50,1.12
2017.06.23 12:56:49.983,0.8381,0.83819,1.00,1.50
2017.06.23 12:56:50.137,0.83806,0.83816,1.87,4.43
2017.06.23 12:56:50.652,0.83805,0.83815,1.12,2.18
2017.06.23 12:56:51.041,0.83804,0.83813,1.50,1.00
2017.06.23 12:56:51.645,0.83804,0.83813,1.00,1.12
2017.06.23 12:56:52.167,0.83804,0.83812,1.00,1.00
2017.06.23 12:56:52.668,0.83802,0.8381,1.50,1.00
2017.06.23 12:56:53.159,0.83801,0.8381,1.50,1.87
2017.06.23 12:56:53.684,0.83801,0.8381,1.37,2.62
2017.06.23 12:56:54.941,0.838,0.8381,3.37,1.87
2017.06.23 12:56:55.094,0.838,0.8381,1.12,1.87
2017.06.23 12:56:55.620,0.838,0.83809,1.12,1.00
2017.06.23 12:56:55.889,0.83799,0.83807,1.50,1.00
2017.06.23 12:56:56.213,0.83797,0.83805,1.00,1.12
2017.06.23 12:56:57.317,0.83796,0.83805,1.12,2.25
2017.06.23 12:56:57.867,0.83795,0.83804,1.12,1.00
2017.06.23 12:56:58.020,0.83795,0.83802,1.00,1.50
2017.06.23 12:56:58.224,0.83793,0.83802,1.00,1.12
2017.06.23 12:56:58.599,0.83793,0.838,1.00,1.00
2017.06.23 12:56:59.125,0.83792,0.83801,1.12,1.87
2017.06.23 12:57:00.200,0.8379,0.83799,1.00,1.00
2017.06.23 12:57:00.251,0.83792,0.83799,1.00,1.00
2017.06.23 12:57:00.452,0.83795,0.83803,1.00,1.12
2017.06.23 12:57:00.710,0.83796,0.83805,1.10,1.12
2017.06.23 12:57:00.812,0.83798,0.83806,1.00,1.00
2017.06.23 12:57:00.914,0.83796,0.83806,1.50,3.37
2017.06.23 12:57:01.473,0.83796,0.83806,1.00,2.62
2017.06.23 12:57:01.781,0.83798,0.83806,1.00,2.25
2017.06.23 12:57:02.291,0.83797,0.83805,1.00,1.00
2017.06.23 12:57:02.343,0.83795,0.83805,1.87,1.00
2017.06.23 12:57:02.862,0.83796,0.83806,1.00,2.25
2017.06.23 12:57:03.386,0.83796,0.83806,1.00,2.62
2017.06.23 12:57:03.489,0.838,0.83806,1.00,1.87
2017.06.23 12:57:03.643,0.83801,0.83807,1.00,1.00
2017.06.23 12:57:04.159,0.83801,0.83807,1.00,1.50
2017.06.23 12:57:04.803,0.838,0.83808,1.50,3.37
2017.06.23 12:57:05.314,0.83799,0.83808,1.50,3.37
2017.06.23 12:57:05.871,0.83799,0.83807,1.50,1.00
2017.06.23 12:57:05.922,0.83801,0.83807,1.00,1.00
2017.06.23 12:57:06.432,0.83801,0.83809,1.50,1.50
2017.06.23 12:57:06.965,0.838,0.83809,1.00,1.12
2017.06.23 12:57:07.270,0.83804,0.83811,1.00,2.62
2017.06.23 12:57:07.372,0.83804,0.83811,1.00,1.00
2017.06.23 12:57:07.830,0.83803,0.8381,1.00,1.50
2017.06.23 12:57:08.374,0.83803,0.83812,1.00,4.50
2017.06.23 12:57:10.335,0.83803,0.83812,1.00,1.50
2017.06.23 12:57:10.953,0.83803,0.83812,1.00,1.12
2017.06.23 12:57:12.050,0.83804,0.83812,1.00,1.12
2017.06.23 12:57:12.539,0.83807,0.83813,1.00,2.62
2017.06.23 12:57:12.643,0.83807,0.83815,1.00,3.37
2017.06.23 12:57:13.154,0.83806,0.83812,1.00,1.12
2017.06.23 12:57:13.790,0.83809,0.83815,1.00,2.25
2017.06.23 12:57:13.841,0.83809,0.83817,1.00,1.50
2017.06.23 12:57:15.648,0.83809,0.83815,1.00,1.37
2017.06.23 12:57:16.157,0.83808,0.83816,1.00,2.62
2017.06.23 12:57:16.495,0.8381,0.83818,1.00,4.12
2017.06.23 12:57:16.752,0.83808,0.83815,1.00,1.00
2017.06.23 12:57:16.854,0.83807,0.83815,1.50,3.37
2017.06.23 12:57:17.061,0.83807,0.83817,1.87,4.12
2017.06.23 12:57:17.265,0.83808,0.83817,1.00,2.25
2017.06.23 12:57:17.366,0.8381,0.83817,1.00,1.50
2017.06.23 12:57:17.973,0.8381,0.83817,1.00,1.50
2017.06.23 12:57:18.695,0.83809,0.83817,1.00,1.12
2017.06.23 12:57:19.281,0.83809,0.83816,1.00,1.87
2017.06.23 12:57:19.790,0.8381,0.83817,1.00,1.50
2017.06.23 12:57:20.025,0.83808,0.83817,1.50,1.50
2017.06.23 12:57:21.259,0.83807,0.83816,1.00,3.00
2017.06.23 12:57:21.963,0.83806,0.83816,1.50,3.37
2017.06.23 12:57:22.270,0.83811,0.83815,1.00,1.00
2017.06.23 12:57:22.525,0.8381,0.83818,1.50,1.12
2017.06.23 12:57:23.051,0.83811,0.8382,1.00,2.62
2017.06.23 12:57:23.561,0.83813,0.8382,1.00,3.37
2017.06.23 12:57:23.856,0.83811,0.8382,1.00,3.37
2017.06.23 12:57:24.390,0.83812,0.8382,1.50,2.25
2017.06.23 12:57:25.064,0.83813,0.8382,1.00,2.25
2017.06.23 12:57:25.356,0.83816,0.8382,1.00,2.25
2017.06.23 12:57:25.509,0.83817,0.83822,1.00,1.00
2017.06.23 12:57:25.971,0.83819,0.83823,1.00,1.00
2017.06.23 12:57:26.179,0.8382,0.83828,1.00,3.37
2017.06.23 12:57:26.536,0.83818,0.83822,1.00,1.00
2017.06.23 12:57:26.588,0.83816,0.83822,1.00,1.00
2017.06.23 12:57:26.691,0.83814,0.83819,1.00,1.00
2017.06.23 12:57:26.742,0.83812,0.83819,1.00,1.00
2017.06.23 12:57:26.896,0.83811,0.83819,1.00,2.62
2017.06.23 12:57:26.998,0.83811,0.8382,1.00,2.25
2017.06.23 12:57:27.590,0.83811,0.83819,1.00,1.50
2017.06.23 12:57:28.106,0.8381,0.83818,1.00,1.50
2017.06.23 12:57:28.482,0.83812,0.83818,1.00,1.50
2017.06.23 12:57:28.825,0.8381,0.83818,1.00,1.50
2017.06.23 12:57:29.727,0.8381,0.83815,1.00,1.00
2017.06.23 12:57:29.778,0.8381,0.83817,1.00,1.87
2017.06.23 12:57:29.830,0.8381,0.83815,1.00,1.00
2017.06.23 12:57:29.881,0.83808,0.83815,1.00,1.12
2017.06.23 12:57:29.983,0.83809,0.83815,1.00,3.00
2017.06.23 12:57:30.187,0.83807,0.83815,1.00,3.37
2017.06.23 12:57:30.290,0.83809,0.83816,1.00,2.62
2017.06.23 12:57:30.394,0.8381,0.83817,1.00,2.25
2017.06.23 12:57:30.580,0.83808,0.83817,1.00,2.25
2017.06.23 12:57:31.089,0.83809,0.83816,1.00,1.00
2017.06.23 12:57:31.191,0.83811,0.83816,1.00,1.00
2017.06.23 12:57:33.792,0.83812,0.83816,1.00,1.00
2017.06.23 12:57:35.126,0.83812,0.8382,1.00,3.37
2017.06.23 12:57:35.432,0.83813,0.83821,1.00,1.50
2017.06.23 12:57:36.225,0.83813,0.83821,1.00,4.12
2017.06.23 12:57:36.738,0.83813,0.8382,1.00,3.37
2017.06.23 12:57:37.679,0.83812,0.83819,1.00,1.50
2017.06.23 12:57:38.678,0.83811,0.83815,1.00,1.00
2017.06.23 12:57:38.781,0.83807,0.83815,1.50,1.50
2017.06.23 12:57:38.884,0.83805,0.83814,1.87,1.00
2017.06.23 12:57:39.190,0.83805,0.83811,1.00,1.00
2017.06.23 12:57:39.344,0.83801,0.8381,1.57,2.62
2017.06.23 12:57:39.482,0.83804,0.83813,1.50,3.75
2017.06.23 12:57:39.635,0.83804,0.83813,1.50,1.87
2017.06.23 12:57:39.940,0.83804,0.83811,1.00,2.25
2017.06.23 12:57:39.992,0.83803,0.83809,1.50,1.12
2017.06.23 12:57:40.094,0.83801,0.83809,2.25,3.37
2017.06.23 12:57:40.145,0.83799,0.83807,1.00,1.00
2017.06.23 12:57:40.298,0.83799,0.83807,1.00,2.62
2017.06.23 12:57:41.191,0.83798,0.83807,1.00,3.37
2017.06.23 12:57:41.397,0.83798,0.83807,1.00,1.50
2017.06.23 12:57:41.770,0.838,0.83807,1.00,1.12
2017.06.23 12:57:42.855,0.838,0.83808,1.00,1.50
2017.06.23 12:57:43.375,0.83799,0.83808,1.00,1.50
2017.06.23 12:57:45.555,0.83801,0.83808,1.00,1.50
2017.06.23 12:57:46.074,0.838,0.83808,1.00,1.50
2017.06.23 12:57:46.417,0.838,0.83806,1.00,1.00
2017.06.23 12:57:46.750,0.83802,0.83808,1.00,1.00
2017.06.23 12:57:46.801,0.838,0.83808,1.00,1.00
2017.06.23 12:57:47.626,0.838,0.83807,1.00,1.00
2017.06.23 12:57:48.006,0.838,0.83805,1.00,1.50
2017.06.23 12:57:48.108,0.83796,0.83805,1.37,1.87
2017.06.23 12:57:48.682,0.83798,0.83807,1.00,1.50
2017.06.23 12:57:49.230,0.83798,0.83807,1.50,3.37
2017.06.23 12:57:49.740,0.83797,0.83806,1.50,2.62
2017.06.23 12:57:50.288,0.83798,0.83807,1.00,3.37
2017.06.23 12:57:50.637,0.83797,0.83803,1.00,1.00
2017.06.23 12:57:50.895,0.83783,0.83793,1.00,2.25
2017.06.23 12:57:50.946,0.83782,0.83792,1.95,2.25
2017.06.23 12:57:51.454,0.83783,0.83793,1.12,3.37
2017.06.23 12:57:52.016,0.83783,0.83793,1.00,1.50
2017.06.23 12:57:52.535,0.83781,0.83792,2.62,1.12
2017.06.23 12:57:53.774,0.83781,0.83791,3.00,1.00
2017.06.23 12:57:57.855,0.83782,0.83791,1.50,1.00
2017.06.23 12:57:58.610,0.83785,0.83792,1.00,1.00
2017.06.23 12:57:58.916,0.83794,0.83802,1.87,2.25
2017.06.23 12:57:58.968,0.83795,0.83804,2.62,1.00
2017.06.23 12:57:59.019,0.83794,0.83804,2.25,1.00
2017.06.23 12:57:59.562,0.83794,0.83804,1.12,1.50
2017.06.23 12:58:00.071,0.83794,0.83803,1.12,1.00
2017.06.23 12:58:00.925,0.83795,0.83803,1.00,1.50
2017.06.23 12:58:01.128,0.83793,0.83803,3.00,1.50
2017.06.23 12:58:01.179,0.83795,0.83803,1.00,1.50
2017.06.23 12:58:01.705,0.83794,0.83803,1.87,1.12
2017.06.23 12:58:02.254,0.83795,0.83804,1.00,1.12
2017.06.23 12:58:03.132,0.83794,0.83804,1.50,1.12
2017.06.23 12:58:03.846,0.83794,0.83804,1.12,1.50
2017.06.23 12:58:04.647,0.83794,0.83804,2.25,1.12
2017.06.23 12:58:05.638,0.83796,0.83804,1.00,1.50
2017.06.23 12:58:05.740,0.83798,0.83807,1.50,1.00
2017.06.23 12:58:07.463,0.83798,0.83808,2.62,1.12
2017.06.23 12:58:09.697,0.83799,0.83808,1.00,1.12
2017.06.23 12:58:10.448,0.83798,0.83808,1.87,1.12
2017.06.23 12:58:10.833,0.838,0.83808,1.00,1.12
2017.06.23 12:58:11.138,0.83804,0.83812,1.00,2.25
2017.06.23 12:58:11.189,0.83804,0.83814,1.00,1.87
2017.06.23 12:58:12.283,0.83804,0.83813,1.00,1.00
2017.06.23 12:58:13.426,0.83804,0.83812,1.00,1.00
2017.06.23 12:58:17.332,0.83804,0.83811,1.00,1.00
2017.06.23 12:58:18.104,0.83803,0.83811,1.87,1.00
2017.06.23 12:58:18.534,0.83801,0.83809,2.62,1.00
2017.06.23 12:58:18.585,0.838,0.83809,1.87,1.00
2017.06.23 12:58:19.441,0.83801,0.83809,1.00,1.12
2017.06.23 12:58:19.492,0.83799,0.83807,1.50,1.00
2017.06.23 12:58:19.748,0.83793,0.83802,1.12,1.50
2017.06.23 12:58:20.328,0.83793,0.83802,1.00,1.87
2017.06.23 12:58:20.685,0.83796,0.83802,1.00,1.12
2017.06.23 12:58:20.889,0.83796,0.83805,1.12,1.00
2017.06.23 12:58:21.396,0.83796,0.83805,1.50,1.00
2017.06.23 12:58:21.932,0.83796,0.83804,1.12,1.00
2017.06.23 12:58:22.035,0.83796,0.83802,1.12,1.00
2017.06.23 12:58:22.359,0.83788,0.83796,3.00,1.87
2017.06.23 12:58:22.411,0.83788,0.83796,1.00,2.25
2017.06.23 12:58:22.463,0.83786,0.83794,1.00,1.00
2017.06.23 12:58:22.666,0.83784,0.83793,1.00,1.00
2017.06.23 12:58:22.718,0.83783,0.83791,1.50,1.50
2017.06.23 12:58:23.225,0.83783,0.83791,1.00,2.25
2017.06.23 12:58:25.185,0.83782,0.83791,1.12,1.00
2017.06.23 12:58:26.382,0.83783,0.83791,1.00,1.00
2017.06.23 12:58:26.927,0.83783,0.83793,1.50,1.50
2017.06.23 12:58:27.434,0.83783,0.83793,1.95,1.12
2017.06.23 12:58:27.988,0.83784,0.83794,1.00,2.25
2017.06.23 12:58:28.664,0.83783,0.83793,2.62,1.12
2017.06.23 12:58:29.042,0.83785,0.83793,1.00,1.12
2017.06.23 12:58:29.752,0.83787,0.83795,1.00,2.62
2017.06.23 12:58:30.007,0.8379,0.83798,1.00,1.50
2017.06.23 12:58:30.261,0.83788,0.83798,1.87,1.12
2017.06.23 12:58:30.778,0.83789,0.83798,1.00,1.87
2017.06.23 12:58:30.986,0.83791,0.838,1.00,4.12
2017.06.23 12:58:31.189,0.83792,0.838,1.50,1.00
2017.06.23 12:58:31.764,0.83792,0.83801,1.50,1.00
2017.06.23 12:58:32.121,0.83795,0.83804,1.00,2.25
2017.06.23 12:58:33.477,0.83794,0.83805,2.25,3.37
2017.06.23 12:58:34.154,0.83796,0.83805,1.00,2.62
2017.06.23 12:58:34.307,0.83797,0.83806,1.00,1.50
2017.06.23 12:58:34.867,0.83797,0.83804,1.50,1.00
2017.06.23 12:58:35.171,0.83795,0.83804,1.12,1.00
2017.06.23 12:58:35.354,0.83795,0.83804,3.37,1.00
2017.06.23 12:58:35.507,0.83795,0.83803,1.12,1.00
2017.06.23 12:58:38.222,0.83795,0.83804,1.00,1.00
2017.06.23 12:58:39.005,0.83794,0.83804,4.50,1.00
2017.06.23 12:58:39.688,0.83795,0.83803,1.50,1.00
2017.06.23 12:58:40.511,0.83795,0.83801,1.50,1.00
2017.06.23 12:58:42.138,0.83794,0.83801,1.87,1.00
2017.06.23 12:58:43.227,0.83795,0.83801,2.62,1.00
2017.06.23 12:58:43.773,0.83794,0.83801,4.12,1.00
2017.06.23 12:58:45.857,0.83794,0.83801,1.50,1.50
2017.06.23 12:58:46.549,0.83793,0.83799,2.62,1.00
2017.06.23 12:58:46.753,0.83788,0.83797,2.62,1.50
2017.06.23 12:58:46.855,0.83787,0.83795,2.62,3.45
2017.06.23 12:58:47.058,0.83781,0.83788,1.37,1.00
2017.06.23 12:58:47.160,0.83781,0.8379,1.00,2.25
2017.06.23 12:58:47.544,0.83779,0.83789,1.12,1.00
2017.06.23 12:58:47.952,0.83781,0.8379,1.50,1.00
2017.06.23 12:58:48.257,0.83781,0.83792,4.57,1.50
2017.06.23 12:58:48.801,0.83782,0.83793,3.37,1.50
2017.06.23 12:58:49.729,0.83783,0.83793,1.50,1.87
2017.06.23 12:58:50.163,0.83786,0.83793,1.00,1.00
2017.06.23 12:58:50.318,0.83786,0.83795,2.25,1.00
2017.06.23 12:58:50.864,0.83786,0.83797,4.50,1.87
2017.06.23 12:58:51.322,0.83786,0.83797,3.00,1.95
2017.06.23 12:58:51.676,0.83788,0.83797,1.00,1.50
2017.06.23 12:58:52.462,0.83788,0.83797,1.00,1.50
2017.06.23 12:58:53.515,0.83788,0.83798,1.00,1.12
2017.06.23 12:58:53.832,0.83788,0.83798,1.12,4.87
2017.06.23 12:58:54.945,0.83788,0.83797,1.00,1.00
2017.06.23 12:58:59.189,0.8379,0.83797,1.00,1.00
2017.06.23 12:58:59.494,0.83788,0.83794,1.00,1.00
2017.06.23 12:58:59.909,0.83786,0.83794,1.00,1.00
2017.06.23 12:59:00.446,0.83786,0.83793,1.12,1.00
2017.06.23 12:59:00.984,0.83787,0.83793,1.00,1.00
2017.06.23 12:59:01.660,0.83786,0.83793,1.00,1.00
2017.06.23 12:59:02.617,0.83786,0.83791,1.00,1.00
2017.06.23 12:59:02.924,0.83787,0.83793,1.00,1.00
2017.06.23 12:59:03.179,0.8379,0.83797,1.00,2.62
2017.06.23 12:59:03.344,0.83789,0.83798,2.25,1.00
2017.06.23 12:59:03.397,0.83792,0.83798,1.00,1.00
2017.06.23 12:59:03.601,0.8379,0.83798,1.00,1.00
2017.06.23 12:59:03.897,0.8379,0.83796,1.00,1.00
2017.06.23 12:59:05.875,0.8379,0.83798,1.00,1.00
2017.06.23 12:59:06.073,0.83792,0.83798,1.00,1.00
2017.06.23 12:59:08.813,0.83791,0.83798,1.00,1.00
2017.06.23 12:59:10.698,0.83794,0.838,1.00,2.62
2017.06.23 12:59:10.800,0.83793,0.838,1.00,1.00
2017.06.23 12:59:11.396,0.83792,0.83799,1.00,1.00
2017.06.23 12:59:11.839,0.83791,0.83797,1.00,1.00
2017.06.23 12:59:12.510,0.8379,0.83797,1.00,1.12
2017.06.23 12:59:15.088,0.83789,0.83797,1.12,1.12
2017.06.23 12:59:16.281,0.83788,0.83796,1.00,1.00
2017.06.23 12:59:16.830,0.83788,0.83796,1.00,1.37
2017.06.23 12:59:17.228,0.83787,0.83793,1.12,1.00
2017.06.23 12:59:17.330,0.83784,0.83793,1.87,1.37
2017.06.23 12:59:18.297,0.83785,0.83793,1.00,1.50
2017.06.23 12:59:18.832,0.83785,0.83793,1.00,1.00
2017.06.23 12:59:19.535,0.83785,0.83793,1.00,1.37
2017.06.23 12:59:22.513,0.83787,0.83794,1.50,2.62
2017.06.23 12:59:22.751,0.83789,0.83798,1.50,1.50
2017.06.23 12:59:23.336,0.83788,0.83796,1.00,1.00
2017.06.23 12:59:23.843,0.83789,0.83795,1.00,1.00
2017.06.23 12:59:24.341,0.83789,0.83798,1.00,1.50
2017.06.23 12:59:24.966,0.83788,0.83798,1.50,1.50
2017.06.23 12:59:25.492,0.83789,0.83796,1.00,1.00
2017.06.23 12:59:26.084,0.83788,0.83798,1.50,1.50
2017.06.23 12:59:26.135,0.8379,0.83798,1.00,1.50
2017.06.23 12:59:29.074,0.83793,0.83799,1.00,3.37
2017.06.23 12:59:29.227,0.83793,0.83801,1.50,2.62
2017.06.23 12:59:29.279,0.83793,0.83802,1.50,1.50
2017.06.23 12:59:29.882,0.83794,0.83801,1.50,1.12
2017.06.23 12:59:30.087,0.83792,0.838,1.50,1.00
2017.06.23 12:59:30.240,0.83794,0.838,1.00,1.00
2017.06.23 12:59:30.443,0.83792,0.838,1.50,1.00
2017.06.23 12:59:30.985,0.83793,0.83802,1.50,1.50
2017.06.23 12:59:33.550,0.83792,0.83801,1.50,1.12
2017.06.23 12:59:34.836,0.83794,0.83801,1.00,1.12
2017.06.23 12:59:35.499,0.83794,0.838,1.00,1.00
2017.06.23 12:59:36.048,0.83793,0.838,1.00,1.00
2017.06.23 12:59:36.573,0.83792,0.838,1.00,1.00
2017.06.23 12:59:36.879,0.83788,0.83796,1.00,2.32
2017.06.23 12:59:37.187,0.83785,0.83793,1.00,2.62
2017.06.23 12:59:37.410,0.83787,0.83795,1.50,2.25
2017.06.23 12:59:37.563,0.83789,0.83797,1.00,2.62
2017.06.23 12:59:37.665,0.8379,0.83798,1.12,1.12
2017.06.23 12:59:38.175,0.8379,0.83798,1.12,2.25
2017.06.23 12:59:38.848,0.83791,0.83798,1.00,2.25
2017.06.23 12:59:39.440,0.8379,0.83798,1.00,2.25
2017.06.23 12:59:40.010,0.83789,0.83798,1.12,3.00
2017.06.23 12:59:42.413,0.8379,0.83798,1.00,3.00
2017.06.23 12:59:42.754,0.83786,0.83796,3.75,1.00
2017.06.23 12:59:42.856,0.83786,0.83796,1.12,3.37
2017.06.23 12:59:43.365,0.83785,0.83796,2.25,3.37
2017.06.23 12:59:43.708,0.83785,0.83792,1.12,1.12
2017.06.23 12:59:45.070,0.83784,0.83794,1.87,3.37
2017.06.23 12:59:46.018,0.83785,0.83794,1.00,3.37
2017.06.23 12:59:46.549,0.83784,0.83794,1.87,3.37
2017.06.23 12:59:48.251,0.83785,0.83794,1.00,3.37
2017.06.23 12:59:49.819,0.83787,0.83794,1.00,2.62
2017.06.23 12:59:50.023,0.83787,0.83796,1.50,3.37
2017.06.23 12:59:50.566,0.83786,0.83795,1.50,3.37
2017.06.23 12:59:51.096,0.83786,0.83794,1.00,2.62
2017.06.23 12:59:51.895,0.83785,0.83794,1.87,3.37
2017.06.23 12:59:51.946,0.83783,0.83793,1.87,2.62
2017.06.23 12:59:52.463,0.83783,0.83791,1.87,1.00
2017.06.23 12:59:53.045,0.83784,0.83791,1.50,1.00
2017.06.23 12:59:54.822,0.83786,0.83791,1.00,1.00
2017.06.23 12:59:54.924,0.83787,0.83795,1.00,3.37
2017.06.23 12:59:55.026,0.83787,0.83797,1.00,4.12
2017.06.23 12:59:55.834,0.83788,0.83797,1.00,2.62
2017.06.23 12:59:56.342,0.83787,0.83796,1.87,2.62
2017.06.23 12:59:57.364,0.83785,0.83795,1.87,1.50
2017.06.23 12:59:57.517,0.83785,0.83792,1.12,1.00
2017.06.23 12:59:58.027,0.83786,0.83795,1.50,2.62
2017.06.23 12:59:58.707,0.83787,0.83794,1.00,1.00
2017.06.23 12:59:59.250,0.83787,0.83795,1.12,1.50
2017.06.23 12:59:59.557,0.83783,0.83793,2.25,1.50
2017.06.23 12:59:59.967,0.83786,0.83794,1.00,2.62
