2012.05.07 11:00:00.005,0.8018,0.80195,2.25,2.33
2012.05.07 11:00:00.826,0.8018,0.80195,3.83,1.50
2012.05.07 11:00:01.347,0.80181,0.80197,2.25,3.08
2012.05.07 11:00:03.905,0.80181,0.80197,2.25,2.33
2012.05.07 11:00:04.092,0.80179,0.80194,2.25,2.33
2012.05.07 11:00:06.894,0.8018,0.80194,2.33,2.33
2012.05.07 11:00:07.435,0.80183,0.80199,3.83,3.08
2012.05.07 11:00:07.947,0.80183,0.80193,2.25,1.35
2012.05.07 11:00:08.279,0.8017,0.80186,4.73,1.50
2012.05.07 11:00:08.356,0.8017,0.80185,3.08,3.75
2012.05.07 11:00:08.612,0.80166,0.80184,2.33,1.50
2012.05.07 11:00:08.682,0.80166,0.80184,2.33,1.50
2012.05.07 11:00:09.193,0.80166,0.80182,2.33,2.33
2012.05.07 11:00:10.815,0.80163,0.8018,2.33,1.50
2012.05.07 11:00:12.689,0.80167,0.8018,1.58,1.50
2012.05.07 11:00:12.757,0.80167,0.80183,2.33,1.50
2012.05.07 11:00:12.828,0.80168,0.80183,1.50,1.50
2012.05.07 11:00:13.074,0.80169,0.80185,1.50,2.33
2012.05.07 11:00:13.145,0.8017,0.80185,2.33,2.33
2012.05.07 11:00:13.485,0.80171,0.80189,2.33,3.08
2012.05.07 11:00:13.995,0.80171,0.80188,1.58,1.50
2012.05.07 11:00:14.305,0.80175,0.80189,1.58,1.50
2012.05.07 11:00:14.854,0.80178,0.80191,1.58,1.50
2012.05.07 11:00:15.165,0.80169,0.8018,1.58,1.50
2012.05.07 11:00:15.293,0.80169,0.8018,2.33,3.00
2012.05.07 11:00:15.365,0.80164,0.8018,1.05,6.08
2012.05.07 11:00:15.554,0.80162,0.80178,1.50,3.00
2012.05.07 11:00:17.347,0.8016,0.80177,2.33,2.33
2012.05.07 11:00:18.165,0.8016,0.80177,2.33,4.58
2012.05.07 11:00:23.019,0.8016,0.80177,2.33,1.50
2012.05.07 11:00:23.215,0.80157,0.80172,1.50,2.33
2012.05.07 11:00:23.282,0.80157,0.80172,1.50,2.33
2012.05.07 11:00:23.818,0.80159,0.80175,1.58,1.50
2012.05.07 11:00:23.889,0.80161,0.80178,2.33,2.33
2012.05.07 11:00:23.955,0.80159,0.80176,2.33,2.33
2012.05.07 11:00:25.300,0.80159,0.80176,2.33,2.33
2012.05.07 11:00:25.496,0.80157,0.80175,1.50,2.33
2012.05.07 11:00:25.633,0.80157,0.80175,1.50,3.08
2012.05.07 11:00:26.155,0.80157,0.80175,1.50,2.33
2012.05.07 11:00:26.655,0.80156,0.80174,2.33,1.50
2012.05.07 11:00:27.583,0.80155,0.80171,2.25,2.33
2012.05.07 11:00:28.394,0.80156,0.80174,3.08,2.33
2012.05.07 11:00:28.464,0.8016,0.80175,1.58,1.50
2012.05.07 11:00:29.095,0.80159,0.80175,3.08,2.33
2012.05.07 11:00:29.436,0.80159,0.80175,3.08,2.33
2012.05.07 11:00:29.535,0.80159,0.80175,3.08,2.33
2012.05.07 11:00:30.150,0.80159,0.80175,3.08,2.33
2012.05.07 11:00:30.701,0.80159,0.80178,2.33,3.08
2012.05.07 11:00:31.884,0.80159,0.80178,2.33,3.08
2012.05.07 11:00:31.954,0.80159,0.80178,3.08,2.33
2012.05.07 11:00:32.244,0.80159,0.80175,3.08,2.33
2012.05.07 11:00:32.948,0.80159,0.80173,3.08,1.13
2012.05.07 11:00:33.256,0.80159,0.80166,1.58,1.50
2012.05.07 11:00:33.681,0.80155,0.80163,2.25,1.50
2012.05.07 11:00:33.828,0.80143,0.8016,3.00,1.50
2012.05.07 11:00:34.026,0.80145,0.8016,1.58,3.00
2012.05.07 11:00:34.453,0.80145,0.80161,1.58,2.33
2012.05.07 11:00:34.941,0.8014,0.80157,3.83,2.33
2012.05.07 11:00:36.124,0.80143,0.8016,1.58,2.33
2012.05.07 11:00:36.432,0.80145,0.80161,1.58,2.33
2012.05.07 11:00:36.863,0.80144,0.80161,1.50,1.58
2012.05.07 11:00:37.383,0.80144,0.80162,1.50,1.58
2012.05.07 11:00:37.764,0.80146,0.80162,2.33,1.58
2012.05.07 11:00:38.357,0.80146,0.80162,6.08,1.58
2012.05.07 11:00:38.716,0.80146,0.80162,6.08,1.58
2012.05.07 11:00:38.912,0.80146,0.80162,5.33,1.58
2012.05.07 11:00:39.081,0.80146,0.80162,6.08,1.58
2012.05.07 11:00:39.297,0.80146,0.80162,5.33,1.58
2012.05.07 11:00:39.574,0.80146,0.80162,6.08,1.58
2012.05.07 11:00:39.863,0.80146,0.80162,5.33,1.58
2012.05.07 11:00:40.569,0.80146,0.80162,1.58,3.08
2012.05.07 11:00:40.813,0.80141,0.80157,2.33,2.33
2012.05.07 11:00:40.943,0.80139,0.80155,3.75,1.58
2012.05.07 11:00:41.795,0.80143,0.80155,2.25,1.58
2012.05.07 11:00:42.046,0.80138,0.80155,1.50,4.58
2012.05.07 11:00:42.116,0.80137,0.80151,1.58,1.50
2012.05.07 11:00:42.447,0.80132,0.80151,3.90,3.08
2012.05.07 11:00:42.705,0.80135,0.80151,2.33,5.33
2012.05.07 11:00:42.834,0.80133,0.80149,1.58,2.33
2012.05.07 11:00:43.037,0.80133,0.80149,2.33,1.58
2012.05.07 11:00:43.430,0.80136,0.80151,1.58,1.50
2012.05.07 11:00:44.019,0.80135,0.80151,2.33,1.50
2012.05.07 11:00:44.615,0.80135,0.80152,2.33,3.08
2012.05.07 11:00:44.802,0.80135,0.80152,2.33,3.08
2012.05.07 11:00:44.992,0.80136,0.80152,1.58,1.50
2012.05.07 11:00:46.445,0.80139,0.80153,1.58,1.50
2012.05.07 11:00:46.517,0.80136,0.80153,2.33,1.50
2012.05.07 11:00:47.073,0.80136,0.80153,3.08,1.50
2012.05.07 11:00:47.636,0.80136,0.80153,3.08,1.50
2012.05.07 11:00:48.005,0.80136,0.80154,3.08,1.58
2012.05.07 11:00:48.136,0.80138,0.80156,2.33,2.33
2012.05.07 11:00:48.678,0.80138,0.80156,4.58,2.33
2012.05.07 11:00:49.766,0.80138,0.80156,4.58,2.33
2012.05.07 11:00:51.163,0.80138,0.80156,4.58,2.33
2012.05.07 11:00:51.972,0.80138,0.80156,3.83,3.08
2012.05.07 11:00:52.263,0.80139,0.80156,1.58,1.50
2012.05.07 11:00:57.018,0.80139,0.80156,2.25,2.33
2012.05.07 11:00:58.085,0.80139,0.80156,2.25,2.33
2012.05.07 11:00:59.613,0.80139,0.80155,2.25,1.50
2012.05.07 11:01:00.165,0.80141,0.80157,1.58,3.08
2012.05.07 11:01:00.234,0.80143,0.80158,1.58,1.50
2012.05.07 11:01:00.424,0.80143,0.8016,5.33,1.58
2012.05.07 11:01:00.894,0.80146,0.80162,1.58,3.08
2012.05.07 11:01:01.430,0.80147,0.80162,1.58,1.50
2012.05.07 11:01:01.766,0.80147,0.80162,1.58,1.50
2012.05.07 11:01:01.835,0.80145,0.80162,1.58,1.50
2012.05.07 11:01:02.417,0.80144,0.80161,2.33,2.33
2012.05.07 11:01:03.388,0.80145,0.80162,1.58,1.50
2012.05.07 11:01:08.343,0.80146,0.80162,2.25,1.50
2012.05.07 11:01:09.627,0.80146,0.80162,3.00,1.50
2012.05.07 11:01:10.256,0.80146,0.80162,2.25,1.50
2012.05.07 11:01:11.155,0.80146,0.80162,3.00,1.50
2012.05.07 11:01:12.301,0.80146,0.80162,3.00,1.50
2012.05.07 11:01:13.299,0.80146,0.80162,2.25,1.50
2012.05.07 11:01:13.849,0.80146,0.80162,3.00,1.50
2012.05.07 11:01:14.414,0.80148,0.80163,1.58,1.50
2012.05.07 11:01:14.663,0.80152,0.80163,1.58,1.50
2012.05.07 11:01:14.735,0.80154,0.80168,1.58,1.50
2012.05.07 11:01:15.239,0.80155,0.8017,2.25,2.33
2012.05.07 11:01:15.803,0.80155,0.8017,2.25,2.33
2012.05.07 11:01:20.972,0.80155,0.8017,2.25,2.33
2012.05.07 11:01:21.101,0.80152,0.80169,2.25,2.33
2012.05.07 11:01:21.352,0.80156,0.80172,1.58,3.08
2012.05.07 11:01:21.781,0.80154,0.80171,3.00,2.33
2012.05.07 11:01:22.365,0.80154,0.80169,3.00,1.50
2012.05.07 11:01:22.954,0.80153,0.80171,4.58,2.33
2012.05.07 11:01:23.698,0.80152,0.80171,3.08,3.08
2012.05.07 11:01:24.161,0.80152,0.80167,1.50,2.33
2012.05.07 11:01:24.295,0.80152,0.80167,1.50,1.58
2012.05.07 11:01:24.822,0.80152,0.8017,3.08,2.33
2012.05.07 11:01:25.363,0.80152,0.8017,2.33,3.08
2012.05.07 11:01:25.956,0.80152,0.80169,2.33,1.50
2012.05.07 11:01:26.095,0.80146,0.80162,4.65,1.58
2012.05.07 11:01:26.224,0.80146,0.80162,2.33,2.33
2012.05.07 11:01:26.546,0.80143,0.80161,3.83,2.33
2012.05.07 11:01:26.679,0.80143,0.80158,2.25,2.33
2012.05.07 11:01:27.223,0.80143,0.80158,1.50,2.33
2012.05.07 11:01:27.704,0.80142,0.80158,1.58,2.33
2012.05.07 11:01:28.212,0.80142,0.80157,3.00,2.33
2012.05.07 11:01:28.284,0.80142,0.80157,2.25,1.58
2012.05.07 11:01:28.356,0.80145,0.80162,1.58,1.50
2012.05.07 11:01:28.912,0.80145,0.80164,2.33,3.83
2012.05.07 11:01:29.420,0.80144,0.80161,2.33,2.33
2012.05.07 11:01:29.492,0.80144,0.80161,2.33,2.33
2012.05.07 11:01:30.307,0.80145,0.80163,2.33,2.33
2012.05.07 11:01:30.985,0.80145,0.80163,1.58,3.08
2012.05.07 11:01:31.226,0.80145,0.80163,1.58,3.08
2012.05.07 11:01:31.418,0.80142,0.8016,4.58,2.33
2012.05.07 11:01:31.545,0.80145,0.80161,1.58,2.33
2012.05.07 11:01:34.108,0.80145,0.80161,1.58,3.08
2012.05.07 11:01:34.177,0.80142,0.80159,2.25,1.58
2012.05.07 11:01:34.593,0.80142,0.80161,3.83,2.33
2012.05.07 11:01:35.144,0.80142,0.8016,2.33,2.33
2012.05.07 11:01:35.453,0.80139,0.80154,1.50,1.58
2012.05.07 11:01:36.014,0.80138,0.80154,3.08,1.58
2012.05.07 11:01:36.624,0.80138,0.80157,3.08,1.58
2012.05.07 11:01:37.372,0.80141,0.80157,1.58,1.58
2012.05.07 11:01:40.352,0.80141,0.80157,3.08,1.58
2012.05.07 11:01:40.421,0.80143,0.80159,1.58,3.90
2012.05.07 11:01:40.735,0.80139,0.80156,1.50,1.58
2012.05.07 11:01:40.802,0.80139,0.80156,1.50,1.58
2012.05.07 11:01:41.175,0.80136,0.80153,2.25,1.58
2012.05.07 11:01:41.243,0.80136,0.80152,3.08,1.58
2012.05.07 11:01:41.804,0.80136,0.80147,1.58,1.58
2012.05.07 11:01:42.120,0.80131,0.80144,1.80,1.58
2012.05.07 11:01:42.254,0.80131,0.80146,1.80,1.58
2012.05.07 11:01:42.504,0.80129,0.80145,2.25,1.58
2012.05.07 11:01:42.697,0.80129,0.80144,2.25,1.58
2012.05.07 11:01:43.051,0.80129,0.80144,1.50,1.58
2012.05.07 11:01:43.602,0.80129,0.80144,1.50,1.58
2012.05.07 11:01:44.123,0.80127,0.80144,1.50,1.58
2012.05.07 11:01:44.254,0.80126,0.80143,2.33,1.50
2012.05.07 11:01:44.325,0.80126,0.80142,1.58,3.75
2012.05.07 11:01:44.454,0.80124,0.80142,2.33,5.33
2012.05.07 11:01:44.584,0.80121,0.80136,1.50,1.58
2012.05.07 11:01:44.656,0.80123,0.80139,1.58,3.15
2012.05.07 11:01:44.784,0.80125,0.80142,1.58,1.50
2012.05.07 11:01:45.244,0.80125,0.80143,2.33,2.33
2012.05.07 11:01:45.760,0.80125,0.80143,3.08,1.58
2012.05.07 11:01:45.833,0.80125,0.80143,3.08,1.58
2012.05.07 11:01:46.384,0.80127,0.80145,1.58,3.08
2012.05.07 11:01:47.295,0.80126,0.80142,2.33,1.58
2012.05.07 11:01:50.351,0.80126,0.80142,2.33,1.58
2012.05.07 11:01:51.765,0.80129,0.80142,1.50,1.58
2012.05.07 11:01:51.833,0.80129,0.80145,1.50,1.58
2012.05.07 11:01:51.903,0.8013,0.80145,1.50,1.58
2012.05.07 11:01:51.976,0.80131,0.80147,2.33,2.33
2012.05.07 11:01:52.560,0.80131,0.80147,2.33,2.33
2012.05.07 11:01:54.885,0.80131,0.8015,2.33,3.08
2012.05.07 11:01:55.213,0.80131,0.80149,1.58,1.50
2012.05.07 11:01:55.786,0.80129,0.80146,3.08,1.58
2012.05.07 11:01:56.167,0.80131,0.80147,2.33,2.33
2012.05.07 11:01:56.296,0.80133,0.80149,2.33,1.50
2012.05.07 11:01:56.424,0.80133,0.80149,2.33,1.50
2012.05.07 11:01:57.228,0.80131,0.80148,1.50,1.58
2012.05.07 11:01:58.631,0.80132,0.80149,2.33,3.90
2012.05.07 11:01:59.209,0.80131,0.80148,1.50,1.58
2012.05.07 11:01:59.835,0.80132,0.80149,2.33,2.33
2012.05.07 11:02:00.475,0.80132,0.80149,2.33,2.33
2012.05.07 11:02:00.692,0.80132,0.80149,3.08,2.33
2012.05.07 11:02:01.963,0.80132,0.80147,1.50,1.58
2012.05.07 11:02:04.410,0.80132,0.80147,1.50,1.58
2012.05.07 11:02:05.472,0.80131,0.80147,3.08,1.58
2012.05.07 11:02:06.098,0.80131,0.80147,3.08,1.58
2012.05.07 11:02:06.394,0.80131,0.80147,3.08,1.58
2012.05.07 11:02:07.502,0.80132,0.80147,1.50,1.58
2012.05.07 11:02:08.100,0.80132,0.80147,1.50,1.58
2012.05.07 11:02:08.594,0.80131,0.80147,3.08,1.58
2012.05.07 11:02:09.020,0.80131,0.80147,3.08,1.58
2012.05.07 11:02:10.466,0.80132,0.80147,1.50,1.58
2012.05.07 11:02:11.078,0.80133,0.80147,1.50,1.58
2012.05.07 11:02:17.866,0.80132,0.80147,1.50,1.58
2012.05.07 11:02:18.184,0.80134,0.80147,1.50,1.58
2012.05.07 11:02:18.254,0.80134,0.8015,3.08,2.33
2012.05.07 11:02:19.583,0.80134,0.8015,1.50,2.33
2012.05.07 11:02:20.409,0.80134,0.8015,1.50,2.33
2012.05.07 11:02:21.241,0.80134,0.8015,1.50,2.33
2012.05.07 11:02:21.561,0.80134,0.80148,1.50,1.58
2012.05.07 11:02:21.634,0.80134,0.80148,1.50,1.58
2012.05.07 11:02:22.544,0.80134,0.8015,1.50,2.33
2012.05.07 11:02:22.733,0.80134,0.8015,1.50,1.58
2012.05.07 11:02:22.804,0.80136,0.80153,2.33,3.08
2012.05.07 11:02:23.313,0.80136,0.80153,1.50,1.58
2012.05.07 11:02:24.012,0.80136,0.80155,2.33,3.83
2012.05.07 11:02:24.587,0.80136,0.80155,3.08,3.83
2012.05.07 11:02:25.108,0.80137,0.80155,1.50,2.33
2012.05.07 11:02:26.758,0.80137,0.80155,1.50,3.08
2012.05.07 11:02:30.471,0.80136,0.80152,2.33,1.58
2012.05.07 11:02:30.681,0.80137,0.80154,2.33,1.58
2012.05.07 11:02:31.562,0.80139,0.80155,1.58,3.08
2012.05.07 11:02:32.873,0.80137,0.80154,3.08,1.58
2012.05.07 11:02:33.433,0.80138,0.80156,2.33,3.08
2012.05.07 11:02:37.115,0.80136,0.80155,2.33,3.08
2012.05.07 11:02:37.426,0.80136,0.80152,2.33,1.58
2012.05.07 11:02:37.493,0.80136,0.80152,1.58,1.58
2012.05.07 11:02:38.073,0.80134,0.80151,1.50,1.58
2012.05.07 11:02:40.467,0.80132,0.80148,3.08,1.58
2012.05.07 11:02:40.535,0.80132,0.8015,3.08,1.58
2012.05.07 11:02:40.843,0.80132,0.80149,2.33,1.50
2012.05.07 11:02:41.393,0.80131,0.80147,3.08,1.58
2012.05.07 11:02:48.235,0.80131,0.80148,3.08,2.25
2012.05.07 11:02:51.254,0.80131,0.80147,3.08,3.15
2012.05.07 11:02:51.805,0.8013,0.80146,3.08,2.33
2012.05.07 11:02:55.174,0.8013,0.80144,1.50,1.58
2012.05.07 11:02:55.854,0.80131,0.80147,2.33,5.33
2012.05.07 11:02:56.283,0.80128,0.80146,3.08,2.33
2012.05.07 11:02:56.564,0.80128,0.80142,1.50,1.58
2012.05.07 11:02:56.706,0.80128,0.80144,3.08,1.58
2012.05.07 11:03:01.813,0.80128,0.80146,3.08,2.25
2012.05.07 11:03:02.002,0.80131,0.80146,1.58,1.50
2012.05.07 11:03:02.372,0.80131,0.80148,1.58,4.58
2012.05.07 11:03:02.893,0.80131,0.80148,1.58,5.33
2012.05.07 11:03:03.426,0.80131,0.80148,1.58,4.58
2012.05.07 11:03:05.254,0.80131,0.80148,1.58,5.33
2012.05.07 11:03:05.322,0.80131,0.80148,1.58,5.33
2012.05.07 11:03:05.842,0.80129,0.80147,3.08,1.58
2012.05.07 11:03:06.504,0.80132,0.80148,2.33,2.25
2012.05.07 11:03:06.942,0.80133,0.8015,1.50,3.08
2012.05.07 11:03:11.574,0.80135,0.8015,1.58,1.50
2012.05.07 11:03:16.770,0.80134,0.80152,2.33,5.33
2012.05.07 11:03:17.094,0.80138,0.80154,1.58,8.25
2012.05.07 11:03:18.254,0.80139,0.80154,1.58,4.50
2012.05.07 11:03:18.584,0.80141,0.80154,1.58,4.50
2012.05.07 11:03:20.085,0.80139,0.80154,1.58,4.50
2012.05.07 11:03:20.864,0.80138,0.80154,2.33,6.08
2012.05.07 11:03:21.113,0.80138,0.80154,2.33,1.58
2012.05.07 11:03:21.185,0.80138,0.80157,2.33,3.08
2012.05.07 11:03:21.313,0.80141,0.80156,1.58,3.00
2012.05.07 11:03:21.796,0.80139,0.80156,1.58,3.00
2012.05.07 11:03:22.104,0.80138,0.80154,2.33,2.25
2012.05.07 11:03:22.483,0.80138,0.80154,1.58,3.75
2012.05.07 11:03:22.557,0.80136,0.80153,2.33,4.58
2012.05.07 11:03:23.114,0.80136,0.80151,1.58,2.25
2012.05.07 11:03:26.588,0.80136,0.80151,2.33,2.25
2012.05.07 11:03:27.073,0.80135,0.80152,3.08,3.83
2012.05.07 11:03:27.333,0.80137,0.80152,1.58,2.25
2012.05.07 11:03:28.745,0.80135,0.80152,4.65,3.83
2012.05.07 11:03:30.513,0.80135,0.80152,3.83,3.83
2012.05.07 11:03:30.644,0.80138,0.80152,1.58,2.25
2012.05.07 11:03:30.835,0.80138,0.80155,1.58,2.33
2012.05.07 11:03:30.904,0.8014,0.80156,1.58,3.60
2012.05.07 11:03:30.973,0.80137,0.80155,2.33,1.50
2012.05.07 11:03:31.164,0.80136,0.80152,2.33,2.25
2012.05.07 11:03:31.713,0.80136,0.80153,2.33,3.83
2012.05.07 11:03:32.035,0.80138,0.80153,1.58,2.25
2012.05.07 11:03:32.575,0.80138,0.80155,1.58,5.33
2012.05.07 11:03:33.123,0.80137,0.80153,1.58,1.58
2012.05.07 11:03:33.633,0.80137,0.80155,1.58,1.50
2012.05.07 11:03:34.262,0.80137,0.80153,1.58,1.58
2012.05.07 11:03:34.924,0.80138,0.80155,1.58,3.08
2012.05.07 11:03:39.242,0.80136,0.80152,3.08,1.58
2012.05.07 11:03:40.271,0.80136,0.80152,3.08,1.58
2012.05.07 11:03:40.664,0.80138,0.80154,1.58,1.58
2012.05.07 11:03:56.435,0.80141,0.80156,1.58,1.58
2012.05.07 11:03:56.755,0.80138,0.80157,2.33,3.08
2012.05.07 11:03:56.823,0.80137,0.80155,4.65,1.58
2012.05.07 11:03:57.325,0.80137,0.80155,3.08,1.58
2012.05.07 11:03:58.303,0.80137,0.80153,1.50,1.58
2012.05.07 11:03:58.555,0.80135,0.80153,3.08,3.15
2012.05.07 11:03:58.685,0.80135,0.8015,1.50,1.58
2012.05.07 11:03:59.023,0.80135,0.80153,3.08,3.15
2012.05.07 11:04:02.319,0.80137,0.80154,1.58,3.90
2012.05.07 11:04:03.203,0.80135,0.80153,2.33,1.58
2012.05.07 11:04:03.759,0.80135,0.80153,3.08,1.58
2012.05.07 11:04:13.592,0.80135,0.80153,3.08,1.58
2012.05.07 11:04:17.303,0.80135,0.80153,3.08,1.58
2012.05.07 11:04:17.803,0.80136,0.80151,2.33,1.58
2012.05.07 11:04:18.146,0.80137,0.80155,3.08,1.58
2012.05.07 11:04:18.272,0.80137,0.80152,1.50,1.58
2012.05.07 11:04:18.683,0.80136,0.80154,2.33,3.15
2012.05.07 11:04:19.214,0.80136,0.80154,2.33,1.58
2012.05.07 11:04:19.444,0.80136,0.80154,3.08,1.58
2012.05.07 11:04:19.811,0.80136,0.80154,3.08,2.33
2012.05.07 11:04:21.413,0.80136,0.80154,3.08,1.58
2012.05.07 11:04:22.253,0.80139,0.80155,1.58,1.58
2012.05.07 11:04:22.762,0.80137,0.80154,1.50,1.58
2012.05.07 11:04:32.092,0.80137,0.80154,1.50,1.58
2012.05.07 11:04:34.762,0.80136,0.80154,3.08,2.33
2012.05.07 11:04:35.604,0.80137,0.80154,1.50,1.58
2012.05.07 11:04:36.374,0.80136,0.80154,2.33,1.58
2012.05.07 11:04:43.712,0.80137,0.80156,3.08,2.33
2012.05.07 11:04:45.966,0.80137,0.80156,2.33,3.08
2012.05.07 11:04:46.190,0.80137,0.80156,3.08,2.33
2012.05.07 11:04:52.194,0.80137,0.80153,3.08,1.58
2012.05.07 11:04:52.836,0.80137,0.80153,3.08,1.58
2012.05.07 11:04:56.942,0.80137,0.80156,3.08,2.33
2012.05.07 11:04:57.130,0.80137,0.80154,1.50,1.58
2012.05.07 11:05:02.184,0.80138,0.80155,2.33,1.58
2012.05.07 11:05:04.002,0.80137,0.80154,1.50,1.58
2012.05.07 11:05:05.318,0.80137,0.80154,1.50,1.58
2012.05.07 11:05:05.523,0.80137,0.80156,3.08,1.58
2012.05.07 11:05:06.204,0.80137,0.80153,3.08,1.58
2012.05.07 11:05:06.423,0.80137,0.80153,3.08,1.58
2012.05.07 11:05:09.833,0.80138,0.80155,2.33,1.58
2012.05.07 11:05:13.502,0.80137,0.80153,2.25,1.58
2012.05.07 11:05:14.384,0.80137,0.80153,2.25,1.58
2012.05.07 11:05:16.486,0.80136,0.80155,3.08,2.33
2012.05.07 11:05:17.169,0.80136,0.80152,1.50,1.58
2012.05.07 11:05:20.955,0.80133,0.8015,3.83,1.58
2012.05.07 11:05:21.083,0.80133,0.8015,3.83,1.58
2012.05.07 11:05:21.155,0.80133,0.8015,3.08,1.58
2012.05.07 11:05:21.875,0.80131,0.80149,2.33,3.08
2012.05.07 11:05:21.950,0.8013,0.80144,3.00,1.58
2012.05.07 11:05:22.264,0.8013,0.80142,2.25,1.58
2012.05.07 11:05:22.333,0.80128,0.80142,1.50,1.58
2012.05.07 11:05:22.517,0.80128,0.80144,1.50,1.58
2012.05.07 11:05:26.584,0.80128,0.80146,2.33,5.40
2012.05.07 11:05:28.003,0.80128,0.80145,2.33,1.50
2012.05.07 11:05:28.854,0.80127,0.80143,2.33,1.58
2012.05.07 11:05:29.719,0.80127,0.80145,2.33,5.33
2012.05.07 11:05:32.982,0.80126,0.80143,2.33,1.58
2012.05.07 11:05:35.373,0.80127,0.80145,2.33,4.58
2012.05.07 11:05:35.683,0.80129,0.80146,3.08,1.58
2012.05.07 11:05:36.208,0.80129,0.80146,3.08,1.58
2012.05.07 11:05:36.564,0.80129,0.80144,1.50,1.58
2012.05.07 11:05:37.030,0.80129,0.80144,1.50,1.58
2012.05.07 11:05:37.404,0.80128,0.80144,3.08,1.58
2012.05.07 11:05:37.535,0.8013,0.80146,1.58,1.58
2012.05.07 11:05:38.304,0.8013,0.80144,1.58,1.58
2012.05.07 11:05:38.861,0.80128,0.80144,1.50,1.58
2012.05.07 11:05:39.456,0.80128,0.80141,1.50,1.58
2012.05.07 11:05:39.656,0.80126,0.80141,2.25,1.58
2012.05.07 11:05:39.986,0.80126,0.80141,2.25,1.58
2012.05.07 11:05:40.255,0.80126,0.80143,2.25,1.58
2012.05.07 11:05:41.004,0.80126,0.80143,1.50,1.58
2012.05.07 11:05:41.332,0.80126,0.80143,1.50,2.33
2012.05.07 11:05:41.785,0.80124,0.8014,2.33,1.58
2012.05.07 11:05:41.935,0.80121,0.8014,3.90,2.33
2012.05.07 11:05:43.665,0.80121,0.8014,3.08,1.58
2012.05.07 11:05:44.016,0.80121,0.8014,3.08,1.58
2012.05.07 11:05:44.717,0.80124,0.80142,1.50,2.33
2012.05.07 11:05:47.803,0.80123,0.80142,2.33,3.08
2012.05.07 11:05:47.946,0.8012,0.80136,2.33,1.58
2012.05.07 11:05:48.077,0.80119,0.80133,2.25,1.58
2012.05.07 11:05:48.628,0.80119,0.80133,1.50,1.58
2012.05.07 11:05:49.194,0.80118,0.80133,1.50,1.58
2012.05.07 11:05:49.742,0.80117,0.80133,1.58,2.33
2012.05.07 11:05:49.814,0.80117,0.80133,1.58,4.65
2012.05.07 11:05:49.883,0.80115,0.80131,2.33,2.33
2012.05.07 11:05:49.954,0.80113,0.80129,1.50,1.58
2012.05.07 11:05:50.529,0.80112,0.80131,3.08,3.83
2012.05.07 11:05:51.763,0.80112,0.80131,3.08,3.83
2012.05.07 11:05:52.862,0.80112,0.80129,1.58,1.50
2012.05.07 11:05:54.061,0.80111,0.80129,1.58,3.83
2012.05.07 11:05:54.193,0.80111,0.80129,2.33,3.08
2012.05.07 11:05:54.443,0.80113,0.80131,2.33,2.33
2012.05.07 11:05:54.752,0.80114,0.80131,2.33,2.33
2012.05.07 11:05:55.400,0.80114,0.80131,2.33,2.33
2012.05.07 11:05:56.268,0.80113,0.80129,2.33,1.58
2012.05.07 11:05:56.583,0.80115,0.80131,1.58,2.33
2012.05.07 11:05:56.833,0.80112,0.80131,1.58,3.08
2012.05.07 11:05:57.345,0.80112,0.80131,2.33,2.33
2012.05.07 11:05:58.035,0.80112,0.80131,2.33,2.33
2012.05.07 11:05:58.545,0.80112,0.80131,1.58,3.08
2012.05.07 11:05:59.087,0.80112,0.80131,2.33,2.33
2012.05.07 11:06:00.371,0.80112,0.80131,2.33,2.33
2012.05.07 11:06:01.074,0.80112,0.80128,1.58,2.33
2012.05.07 11:06:03.112,0.80112,0.80128,2.33,2.33
2012.05.07 11:06:06.678,0.80113,0.80129,2.33,3.00
2012.05.07 11:06:06.953,0.80111,0.80127,2.33,1.58
2012.05.07 11:06:07.396,0.80113,0.80129,2.33,4.58
2012.05.07 11:06:10.511,0.80113,0.80129,1.58,4.58
2012.05.07 11:06:10.585,0.80111,0.80127,2.33,2.33
2012.05.07 11:06:10.832,0.80111,0.80127,1.58,2.33
2012.05.07 11:06:11.367,0.80107,0.80125,3.08,2.33
2012.05.07 11:06:20.261,0.80111,0.80128,1.58,2.25
2012.05.07 11:06:21.222,0.80111,0.80128,1.58,2.25
2012.05.07 11:06:21.761,0.80112,0.80128,1.58,2.25
2012.05.07 11:06:22.293,0.80113,0.80128,1.58,1.50
2012.05.07 11:06:22.692,0.80111,0.80128,2.33,1.50
2012.05.07 11:06:32.243,0.80112,0.80128,1.58,2.25
2012.05.07 11:06:33.312,0.80114,0.80128,1.58,1.50
2012.05.07 11:06:35.668,0.80112,0.80128,2.33,1.50
2012.05.07 11:06:36.034,0.80112,0.8013,3.08,3.08
2012.05.07 11:06:36.222,0.80112,0.80128,3.08,1.50
2012.05.07 11:06:36.753,0.80113,0.80128,1.58,1.50
2012.05.07 11:06:39.294,0.80115,0.80128,1.58,1.50
2012.05.07 11:06:39.362,0.80115,0.80128,1.58,1.50
2012.05.07 11:06:39.900,0.80112,0.80128,1.58,3.75
2012.05.07 11:06:39.967,0.80114,0.80128,1.58,3.75
2012.05.07 11:06:40.094,0.80111,0.80128,1.58,3.75
2012.05.07 11:06:40.343,0.80114,0.80128,1.58,3.75
2012.05.07 11:06:41.243,0.80114,0.80126,1.58,3.00
2012.05.07 11:06:41.884,0.80114,0.80128,1.58,2.25
2012.05.07 11:06:42.422,0.80115,0.80128,1.58,2.25
2012.05.07 11:06:42.563,0.80113,0.80128,1.58,2.25
2012.05.07 11:06:43.631,0.80113,0.80128,1.58,2.25
2012.05.07 11:06:44.002,0.80113,0.80126,1.58,3.00
2012.05.07 11:06:46.965,0.80113,0.80128,1.58,2.25
2012.05.07 11:06:49.987,0.80111,0.80126,1.58,3.00
2012.05.07 11:06:51.357,0.8011,0.80126,1.58,3.75
2012.05.07 11:06:51.668,0.8011,0.80122,1.58,3.00
2012.05.07 11:06:52.027,0.80108,0.80122,1.58,3.00
2012.05.07 11:06:52.303,0.80106,0.80122,1.58,3.00
2012.05.07 11:06:58.214,0.80107,0.80122,1.58,3.00
2012.05.07 11:06:58.763,0.80108,0.80124,1.58,1.50
2012.05.07 11:06:59.302,0.80109,0.80124,1.58,1.50
2012.05.07 11:07:01.472,0.80108,0.80124,1.58,1.50
2012.05.07 11:07:03.133,0.80108,0.80124,1.58,1.50
2012.05.07 11:07:03.616,0.80106,0.80122,1.58,2.33
2012.05.07 11:07:07.957,0.80107,0.80124,1.58,1.50
2012.05.07 11:07:08.363,0.80107,0.80124,1.58,1.50
2012.05.07 11:07:08.884,0.80106,0.80122,1.58,1.58
2012.05.07 11:07:10.223,0.80109,0.80124,1.58,1.50
2012.05.07 11:07:10.734,0.80107,0.80123,3.08,1.58
2012.05.07 11:07:11.275,0.80107,0.80123,2.33,1.58
2012.05.07 11:07:13.824,0.80108,0.80124,1.58,1.50
2012.05.07 11:07:15.169,0.80107,0.80123,3.08,1.58
2012.05.07 11:07:16.812,0.80109,0.80124,1.58,1.50
2012.05.07 11:07:17.304,0.80107,0.80124,3.08,3.08
2012.05.07 11:07:17.555,0.80104,0.80123,2.33,2.33
2012.05.07 11:07:17.746,0.80103,0.80119,1.50,1.58
2012.05.07 11:07:18.055,0.80103,0.80121,3.08,3.08
2012.05.07 11:07:18.244,0.80105,0.80121,2.33,1.50
2012.05.07 11:07:20.778,0.80104,0.8012,2.33,1.58
2012.05.07 11:07:21.473,0.80106,0.80122,1.58,2.33
2012.05.07 11:07:22.706,0.80103,0.80121,3.08,2.33
2012.05.07 11:07:27.364,0.80106,0.80122,1.58,1.58
2012.05.07 11:07:32.534,0.80104,0.8012,4.65,1.58
2012.05.07 11:07:33.072,0.80104,0.80119,1.50,1.58
2012.05.07 11:07:33.274,0.80106,0.80122,1.58,2.33
2012.05.07 11:07:33.344,0.80103,0.80119,2.33,1.58
2012.05.07 11:07:33.413,0.80102,0.80119,3.08,1.58
2012.05.07 11:07:34.687,0.80102,0.80117,1.50,1.58
2012.05.07 11:07:35.275,0.80103,0.80117,1.50,1.58
2012.05.07 11:07:35.345,0.80103,0.80122,3.08,2.33
2012.05.07 11:07:35.902,0.80104,0.80121,3.08,1.58
2012.05.07 11:07:37.423,0.80104,0.80124,3.08,3.08
2012.05.07 11:07:47.076,0.80104,0.80121,1.50,1.58
2012.05.07 11:07:50.713,0.80105,0.80121,1.50,1.58
2012.05.07 11:07:50.785,0.80106,0.80124,1.50,2.33
2012.05.07 11:07:50.977,0.80108,0.80126,2.33,1.50
2012.05.07 11:07:51.320,0.80112,0.80128,1.50,2.33
2012.05.07 11:07:51.633,0.80112,0.80129,1.50,3.90
2012.05.07 11:07:52.179,0.80111,0.80128,2.33,1.50
2012.05.07 11:07:52.854,0.80111,0.8013,3.08,3.83
2012.05.07 11:07:54.216,0.80112,0.8013,1.50,3.83
2012.05.07 11:07:54.598,0.8011,0.80128,2.33,1.58
2012.05.07 11:07:54.662,0.8011,0.80128,3.08,1.58
2012.05.07 11:07:55.252,0.80112,0.80129,2.33,1.58
2012.05.07 11:07:57.957,0.80112,0.80129,1.58,2.33
2012.05.07 11:07:58.473,0.80112,0.80129,2.33,1.58
2012.05.07 11:07:58.952,0.80109,0.80128,3.08,1.58
2012.05.07 11:07:59.479,0.80109,0.80128,3.08,1.58
2012.05.07 11:08:00.014,0.8011,0.80129,1.58,1.50
2012.05.07 11:08:00.684,0.80109,0.80128,3.08,1.58
2012.05.07 11:08:01.965,0.80109,0.80128,3.08,1.58
2012.05.07 11:08:02.164,0.80109,0.80128,3.08,1.58
2012.05.07 11:08:02.697,0.8011,0.8013,2.33,3.83
2012.05.07 11:08:03.376,0.8011,0.80127,2.33,1.58
2012.05.07 11:08:03.446,0.8011,0.80127,2.33,1.58
2012.05.07 11:08:03.812,0.80111,0.80129,2.33,2.33
2012.05.07 11:08:06.162,0.80111,0.80129,3.08,2.33
2012.05.07 11:08:07.296,0.80111,0.80129,2.33,3.08
2012.05.07 11:08:07.846,0.80111,0.80129,3.08,2.33
2012.05.07 11:08:08.073,0.80113,0.8013,1.58,3.08
2012.05.07 11:08:09.016,0.80111,0.8013,1.50,3.08
2012.05.07 11:08:15.161,0.80111,0.8013,1.50,3.83
2012.05.07 11:08:15.928,0.8011,0.80128,3.08,1.50
2012.05.07 11:08:23.335,0.80113,0.8013,1.58,2.25
2012.05.07 11:08:23.402,0.80113,0.8013,2.33,1.50
2012.05.07 11:08:23.534,0.80115,0.80131,1.58,1.88
2012.05.07 11:08:23.903,0.80116,0.80133,2.33,3.08
2012.05.07 11:08:24.352,0.80115,0.80131,3.90,1.58
2012.05.07 11:08:24.677,0.80116,0.80133,2.33,3.08
2012.05.07 11:08:27.594,0.80116,0.80132,2.33,2.25
2012.05.07 11:08:29.178,0.80116,0.80132,2.33,3.00
2012.05.07 11:08:29.366,0.80114,0.8013,1.58,3.00
2012.05.07 11:08:29.924,0.80113,0.80129,1.58,2.33
2012.05.07 11:08:31.274,0.80113,0.80129,1.58,2.33
2012.05.07 11:08:34.162,0.8011,0.80128,3.08,3.08
2012.05.07 11:08:34.423,0.8011,0.80128,3.08,2.33
2012.05.07 11:08:34.732,0.80109,0.80125,3.08,2.33
2012.05.07 11:08:35.964,0.8011,0.80125,1.50,2.33
2012.05.07 11:08:36.353,0.80112,0.80125,3.75,1.58
2012.05.07 11:08:36.602,0.80112,0.80128,3.75,3.15
2012.05.07 11:08:36.732,0.80117,0.8013,1.58,2.33
2012.05.07 11:08:36.918,0.80115,0.80133,3.15,2.33
2012.05.07 11:08:39.575,0.8012,0.80134,1.58,1.50
2012.05.07 11:08:40.123,0.80121,0.80135,1.58,1.50
2012.05.07 11:08:40.451,0.80123,0.80135,1.58,1.50
2012.05.07 11:08:40.917,0.80121,0.80135,1.58,1.50
2012.05.07 11:08:41.644,0.80121,0.80133,1.58,1.50
2012.05.07 11:08:42.296,0.80119,0.80132,1.58,3.08
2012.05.07 11:08:42.365,0.80116,0.80132,1.58,3.08
2012.05.07 11:08:42.876,0.80116,0.80132,1.58,3.08
2012.05.07 11:08:48.675,0.80114,0.80131,1.50,2.33
2012.05.07 11:08:49.303,0.80113,0.80131,2.33,2.33
2012.05.07 11:08:50.444,0.80111,0.8013,2.33,2.33
2012.05.07 11:08:51.115,0.80111,0.8013,2.33,2.33
2012.05.07 11:08:52.433,0.80111,0.8013,2.33,2.33
2012.05.07 11:08:53.040,0.80112,0.80129,1.58,2.33
2012.05.07 11:08:54.562,0.80112,0.80128,1.58,1.50
2012.05.07 11:08:55.112,0.80112,0.80129,1.58,3.08
2012.05.07 11:08:56.642,0.8011,0.80128,3.00,3.08
2012.05.07 11:08:57.154,0.8011,0.80128,1.50,2.33
2012.05.07 11:08:57.346,0.80109,0.80125,2.33,1.50
2012.05.07 11:08:57.665,0.80105,0.80121,4.50,2.33
2012.05.07 11:08:59.089,0.80105,0.80119,4.50,1.50
2012.05.07 11:09:03.596,0.80104,0.80119,1.58,1.50
2012.05.07 11:09:03.663,0.80104,0.80119,1.58,1.50
2012.05.07 11:09:04.260,0.80103,0.80119,1.58,3.08
2012.05.07 11:09:05.080,0.80102,0.80118,1.58,1.50
2012.05.07 11:09:05.392,0.80105,0.8012,1.58,1.50
2012.05.07 11:09:06.797,0.80105,0.80121,1.58,2.33
2012.05.07 11:09:09.622,0.80105,0.8012,1.58,1.50
2012.05.07 11:09:09.825,0.80103,0.80119,1.58,2.33
2012.05.07 11:09:10.372,0.80103,0.80119,1.58,2.33
2012.05.07 11:09:11.543,0.80103,0.80118,1.58,1.50
2012.05.07 11:09:13.996,0.80101,0.80115,1.58,1.50
2012.05.07 11:09:14.128,0.80098,0.80112,1.50,1.58
2012.05.07 11:09:14.195,0.80095,0.8011,2.25,1.58
2012.05.07 11:09:14.712,0.80098,0.80113,2.33,1.50
2012.05.07 11:09:18.362,0.80098,0.80113,2.33,1.50
2012.05.07 11:09:21.867,0.80098,0.80113,2.33,1.50
2012.05.07 11:09:24.107,0.80098,0.80111,1.58,1.50
2012.05.07 11:09:24.176,0.80095,0.80111,1.58,1.50
2012.05.07 11:09:24.245,0.80091,0.80108,3.08,2.33
2012.05.07 11:09:24.757,0.80092,0.80109,1.58,3.75
2012.05.07 11:09:24.944,0.80095,0.80106,1.58,1.50
2012.05.07 11:09:25.014,0.80093,0.80106,1.58,1.50
2012.05.07 11:09:25.563,0.80095,0.80108,1.58,1.50
2012.05.07 11:09:26.104,0.80095,0.80108,1.58,1.50
2012.05.07 11:09:27.272,0.80093,0.80108,1.58,1.50
2012.05.07 11:09:27.892,0.80093,0.80108,1.58,1.50
2012.05.07 11:09:28.545,0.80094,0.80108,1.58,1.50
2012.05.07 11:09:30.515,0.80094,0.80111,1.58,1.50
2012.05.07 11:09:31.114,0.80098,0.80113,1.58,1.50
2012.05.07 11:09:31.875,0.80095,0.80113,1.58,1.50
2012.05.07 11:09:34.014,0.80098,0.80113,1.58,1.50
2012.05.07 11:09:34.332,0.80095,0.80114,2.33,5.33
2012.05.07 11:09:35.383,0.80098,0.80114,1.58,3.75
2012.05.07 11:09:36.208,0.80098,0.80114,1.58,1.50
2012.05.07 11:09:55.193,0.80095,0.80114,2.33,2.33
2012.05.07 11:09:56.616,0.80095,0.80111,1.58,1.50
2012.05.07 11:09:56.686,0.80091,0.80108,1.50,2.33
2012.05.07 11:09:56.816,0.8009,0.80108,1.50,3.08
2012.05.07 11:09:56.944,0.8009,0.80105,1.50,1.58
2012.05.07 11:09:57.503,0.80088,0.80105,3.08,1.58
2012.05.07 11:09:59.045,0.80089,0.80106,2.33,1.50
2012.05.07 11:10:00.642,0.80089,0.80106,1.58,1.50
2012.05.07 11:10:01.240,0.80087,0.80106,3.08,3.08
2012.05.07 11:10:01.908,0.80087,0.80106,3.08,3.08
2012.05.07 11:10:06.735,0.8009,0.80106,1.58,1.50
2012.05.07 11:10:13.151,0.8009,0.80106,1.58,1.50
2012.05.07 11:10:13.493,0.8009,0.80106,1.58,1.50
2012.05.07 11:10:15.265,0.8009,0.80106,1.58,1.50
2012.05.07 11:10:19.872,0.80089,0.80105,1.58,2.33
2012.05.07 11:10:21.560,0.8009,0.80106,1.58,1.50
2012.05.07 11:10:22.212,0.80089,0.80105,2.33,2.33
2012.05.07 11:10:27.814,0.80087,0.80103,2.33,2.33
2012.05.07 11:10:30.961,0.80087,0.80103,2.33,2.33
2012.05.07 11:10:37.292,0.80089,0.80106,1.58,2.33
2012.05.07 11:10:37.822,0.80091,0.80107,1.58,2.33
2012.05.07 11:10:38.566,0.80088,0.80105,1.58,1.50
2012.05.07 11:10:38.756,0.80086,0.80105,2.33,2.33
2012.05.07 11:10:38.827,0.80086,0.80104,1.58,1.50
2012.05.07 11:10:38.895,0.80086,0.80103,1.58,1.50
2012.05.07 11:10:39.278,0.80081,0.801,3.83,2.33
2012.05.07 11:10:39.794,0.80082,0.80096,1.50,1.58
2012.05.07 11:10:41.874,0.80082,0.80099,1.50,3.90
2012.05.07 11:10:47.329,0.80082,0.80097,1.50,2.33
2012.05.07 11:10:57.215,0.80082,0.80098,1.58,2.33
2012.05.07 11:10:58.043,0.80085,0.801,1.58,2.33
2012.05.07 11:10:58.234,0.80085,0.80101,1.58,3.08
2012.05.07 11:10:58.486,0.80085,0.80101,1.58,3.08
2012.05.07 11:10:58.553,0.80085,0.80098,1.58,2.25
2012.05.07 11:10:58.869,0.80085,0.80098,1.58,3.00
2012.05.07 11:10:58.994,0.80082,0.80098,1.58,3.00
2012.05.07 11:10:59.690,0.80081,0.80098,1.58,3.00
2012.05.07 11:11:00.684,0.80081,0.80098,2.33,3.00
2012.05.07 11:11:02.433,0.80081,0.80098,1.58,3.00
2012.05.07 11:11:02.962,0.80081,0.80098,2.33,3.00
2012.05.07 11:11:03.093,0.80081,0.80098,3.08,3.00
2012.05.07 11:11:06.161,0.80081,0.80098,3.08,2.25
2012.05.07 11:11:06.366,0.80088,0.80103,1.58,1.50
2012.05.07 11:11:06.493,0.80088,0.80106,2.33,6.83
2012.05.07 11:11:07.493,0.80088,0.80105,2.33,1.58
2012.05.07 11:11:08.055,0.80088,0.80105,3.08,1.58
2012.05.07 11:11:08.583,0.80088,0.80105,2.33,3.08
2012.05.07 11:11:10.701,0.80088,0.80106,1.50,6.83
2012.05.07 11:11:12.443,0.80088,0.80106,1.50,6.83
2012.05.07 11:11:12.514,0.80087,0.80106,3.08,6.83
2012.05.07 11:11:12.703,0.80087,0.80106,3.83,6.08
2012.05.07 11:11:13.033,0.80087,0.80106,3.08,6.83
2012.05.07 11:11:13.225,0.80088,0.80106,1.50,6.83
2012.05.07 11:11:18.463,0.80092,0.80106,1.58,5.25
2012.05.07 11:11:19.186,0.80092,0.80106,1.58,3.00
2012.05.07 11:11:19.867,0.80092,0.80105,1.58,1.50
2012.05.07 11:11:19.939,0.80089,0.80105,1.58,1.50
2012.05.07 11:11:29.242,0.80087,0.80105,2.33,2.33
2012.05.07 11:11:30.005,0.80088,0.80105,1.58,2.33
2012.05.07 11:11:30.073,0.8009,0.80106,1.58,4.58
2012.05.07 11:11:33.103,0.8009,0.80106,1.58,4.58
2012.05.07 11:11:33.616,0.80094,0.80109,1.58,1.50
2012.05.07 11:11:33.747,0.8009,0.80108,3.75,1.58
2012.05.07 11:11:34.255,0.80091,0.80109,1.58,3.08
2012.05.07 11:11:34.803,0.80091,0.80108,2.33,1.58
2012.05.07 11:11:34.875,0.8009,0.80106,5.33,1.58
2012.05.07 11:11:36.362,0.8009,0.80105,3.75,1.58
2012.05.07 11:11:36.553,0.80091,0.80108,1.58,3.08
2012.05.07 11:11:37.104,0.80091,0.80108,1.58,3.08
2012.05.07 11:11:37.795,0.80092,0.80108,1.58,1.50
2012.05.07 11:11:38.335,0.80092,0.8011,1.58,5.33
2012.05.07 11:11:40.442,0.80092,0.8011,1.58,5.33
2012.05.07 11:11:51.703,0.80092,0.8011,1.58,5.33
2012.05.07 11:11:52.213,0.80092,0.8011,2.33,4.58
2012.05.07 11:11:52.755,0.80092,0.8011,1.58,5.33
2012.05.07 11:11:53.853,0.80092,0.8011,2.33,4.58
2012.05.07 11:11:54.402,0.80092,0.8011,1.58,5.33
2012.05.07 11:11:58.637,0.80092,0.80107,1.58,3.08
2012.05.07 11:11:58.704,0.80089,0.80106,2.25,1.58
2012.05.07 11:11:58.835,0.80087,0.80105,3.83,1.50
2012.05.07 11:12:00.383,0.80088,0.80104,2.33,1.50
2012.05.07 11:12:01.590,0.80089,0.80104,1.58,1.50
2012.05.07 11:12:02.103,0.80088,0.80104,2.33,1.50
2012.05.07 11:12:07.383,0.8009,0.80104,1.58,1.50
2012.05.07 11:12:07.833,0.80088,0.80104,2.33,1.50
2012.05.07 11:12:08.813,0.8009,0.80104,1.58,1.50
2012.05.07 11:12:10.493,0.8009,0.80103,1.58,1.50
2012.05.07 11:12:10.777,0.80086,0.80103,2.33,1.50
2012.05.07 11:12:11.205,0.8009,0.80102,2.10,2.33
2012.05.07 11:12:11.515,0.80096,0.80109,2.25,1.50
2012.05.07 11:12:11.584,0.80091,0.80109,2.33,2.25
2012.05.07 11:12:11.717,0.80091,0.80109,2.33,2.25
2012.05.07 11:12:11.785,0.80094,0.80109,1.58,2.25
2012.05.07 11:12:12.093,0.80091,0.80108,2.33,1.50
2012.05.07 11:12:12.295,0.80093,0.80109,1.58,1.50
2012.05.07 11:12:12.484,0.80093,0.80111,2.33,3.08
2012.05.07 11:12:12.988,0.80094,0.8011,2.33,1.58
2012.05.07 11:12:14.038,0.80098,0.80112,1.58,1.50
2012.05.07 11:12:14.106,0.80098,0.80114,2.33,3.08
2012.05.07 11:12:14.364,0.801,0.80114,3.00,2.33
2012.05.07 11:12:14.913,0.801,0.80114,3.00,1.58
2012.05.07 11:12:15.433,0.801,0.80114,3.00,1.58
2012.05.07 11:12:15.503,0.801,0.80117,4.58,3.08
2012.05.07 11:12:16.110,0.80102,0.80117,1.58,1.50
2012.05.07 11:12:16.633,0.801,0.80117,3.75,1.50
2012.05.07 11:12:18.028,0.80099,0.80118,2.33,3.83
2012.05.07 11:12:18.155,0.80098,0.80114,1.50,1.58
2012.05.07 11:12:18.666,0.80099,0.80115,2.33,1.58
2012.05.07 11:12:20.543,0.80103,0.80115,2.25,1.58
2012.05.07 11:12:20.853,0.80099,0.80115,2.93,1.58
2012.05.07 11:12:21.596,0.801,0.80117,4.58,2.33
2012.05.07 11:12:22.474,0.801,0.80117,5.33,1.58
2012.05.07 11:12:22.544,0.80102,0.80118,1.58,2.25
2012.05.07 11:12:22.854,0.80099,0.80118,3.08,3.83
2012.05.07 11:12:23.402,0.80101,0.80117,1.58,3.08
2012.05.07 11:12:24.873,0.80098,0.80117,3.83,3.08
2012.05.07 11:12:26.015,0.80103,0.80118,1.58,2.25
2012.05.07 11:12:26.142,0.80104,0.80119,2.25,2.25
2012.05.07 11:12:26.213,0.80102,0.80118,1.58,1.50
2012.05.07 11:12:26.654,0.801,0.80118,6.90,3.83
2012.05.07 11:12:26.875,0.80102,0.80118,1.58,2.25
2012.05.07 11:12:27.519,0.80101,0.80118,1.58,3.83
2012.05.07 11:12:27.823,0.80099,0.80115,1.58,2.33
2012.05.07 11:12:28.334,0.80101,0.80118,1.58,2.25
2012.05.07 11:12:31.352,0.801,0.80117,3.83,2.33
2012.05.07 11:12:32.902,0.80102,0.80118,1.58,2.25
2012.05.07 11:12:35.334,0.80101,0.80117,1.58,2.33
2012.05.07 11:12:36.704,0.80103,0.80118,1.58,1.50
2012.05.07 11:12:37.010,0.80103,0.80119,1.58,3.08
2012.05.07 11:12:37.418,0.80103,0.80119,1.58,3.08
2012.05.07 11:12:37.695,0.80103,0.80117,1.58,1.50
2012.05.07 11:12:38.186,0.80097,0.80115,5.33,2.33
2012.05.07 11:12:38.315,0.80101,0.80117,1.58,2.25
2012.05.07 11:12:42.035,0.80101,0.80114,1.58,1.13
2012.05.07 11:12:42.345,0.80094,0.80102,1.50,1.58
2012.05.07 11:12:42.475,0.80084,0.80099,1.58,1.50
2012.05.07 11:12:42.664,0.80087,0.80099,1.58,1.50
2012.05.07 11:12:42.858,0.80085,0.80099,1.58,1.50
2012.05.07 11:12:42.984,0.8008,0.80099,2.33,3.08
2012.05.07 11:12:43.636,0.80081,0.80097,1.58,2.33
2012.05.07 11:12:44.497,0.80081,0.80097,2.33,1.58
2012.05.07 11:12:44.803,0.80086,0.801,2.25,1.50
2012.05.07 11:12:45.353,0.8008,0.80096,1.50,1.58
2012.05.07 11:12:46.363,0.8008,0.80098,3.08,3.90
2012.05.07 11:12:48.172,0.80082,0.801,1.58,4.65
2012.05.07 11:12:49.723,0.80082,0.801,3.08,3.08
2012.05.07 11:12:50.331,0.80082,0.801,3.08,3.08
2012.05.07 11:12:52.375,0.80082,0.80098,2.33,1.50
2012.05.07 11:12:52.447,0.80082,0.80097,1.58,1.50
2012.05.07 11:12:52.575,0.80081,0.80092,3.83,2.33
2012.05.07 11:12:52.764,0.80073,0.80092,3.08,2.33
2012.05.07 11:12:53.331,0.80072,0.80088,3.08,1.58
2012.05.07 11:12:53.573,0.80072,0.80088,3.08,1.58
2012.05.07 11:12:54.349,0.80074,0.80089,2.33,3.75
2012.05.07 11:12:55.119,0.80072,0.80088,3.08,1.58
2012.05.07 11:12:55.623,0.80072,0.80088,1.58,2.33
2012.05.07 11:12:55.933,0.80066,0.80082,3.75,1.58
2012.05.07 11:12:56.064,0.80068,0.80084,2.33,2.33
2012.05.07 11:12:56.137,0.80068,0.80084,1.58,2.33
2012.05.07 11:12:56.677,0.80069,0.80085,1.58,1.50
2012.05.07 11:12:57.413,0.80069,0.80087,1.58,3.08
2012.05.07 11:12:57.667,0.80066,0.80083,4.58,2.33
2012.05.07 11:13:02.016,0.80066,0.80083,3.83,2.33
2012.05.07 11:13:02.324,0.80068,0.80085,1.58,1.50
2012.05.07 11:13:02.453,0.80066,0.80083,1.58,2.33
2012.05.07 11:13:03.007,0.80066,0.80083,1.58,2.33
2012.05.07 11:13:06.614,0.80065,0.80084,3.08,2.33
2012.05.07 11:13:07.811,0.80065,0.80084,3.83,2.33
2012.05.07 11:13:09.233,0.80066,0.80085,1.58,1.50
2012.05.07 11:13:11.734,0.80066,0.80083,2.33,2.33
2012.05.07 11:13:12.245,0.80066,0.80083,2.33,2.33
2012.05.07 11:13:12.317,0.80066,0.80082,1.58,1.50
2012.05.07 11:13:12.563,0.80066,0.80083,1.58,2.33
2012.05.07 11:13:13.155,0.80065,0.80084,3.08,3.00
2012.05.07 11:13:16.003,0.80065,0.80084,3.08,3.00
2012.05.07 11:13:21.209,0.80065,0.80084,3.08,3.00
2012.05.07 11:13:21.514,0.80065,0.80083,1.50,1.58
2012.05.07 11:13:22.099,0.80065,0.80084,3.08,5.33
2012.05.07 11:13:23.853,0.80067,0.80084,1.58,3.75
2012.05.07 11:13:25.091,0.80066,0.80084,1.50,5.33
2012.05.07 11:13:29.544,0.80067,0.80084,1.58,3.00
2012.05.07 11:13:30.444,0.80067,0.80086,2.33,2.93
2012.05.07 11:13:30.615,0.80067,0.80086,1.58,3.68
2012.05.07 11:13:32.215,0.80067,0.80086,2.33,3.68
2012.05.07 11:13:32.762,0.80067,0.80086,2.33,3.68
2012.05.07 11:13:33.399,0.80067,0.80085,2.33,1.50
2012.05.07 11:13:36.572,0.80067,0.80085,2.33,1.50
2012.05.07 11:13:37.263,0.80066,0.80083,1.58,3.08
2012.05.07 11:13:38.414,0.80065,0.80081,1.50,1.58
2012.05.07 11:13:38.664,0.80066,0.80083,1.58,3.08
2012.05.07 11:13:40.765,0.80063,0.80083,3.83,3.08
2012.05.07 11:13:40.894,0.80063,0.80082,2.33,1.50
2012.05.07 11:13:41.028,0.80061,0.80081,4.58,3.08
2012.05.07 11:13:41.095,0.80061,0.80078,3.83,2.33
2012.05.07 11:13:42.765,0.80061,0.80078,3.83,2.33
2012.05.07 11:13:44.012,0.80061,0.80074,2.25,1.58
2012.05.07 11:13:44.533,0.80061,0.80074,1.50,1.58
2012.05.07 11:13:44.606,0.80063,0.80078,2.25,2.33
2012.05.07 11:13:44.852,0.80061,0.80077,3.08,1.50
2012.05.07 11:13:45.674,0.80062,0.80077,1.58,1.50
2012.05.07 11:13:46.343,0.8006,0.80077,1.50,2.33
2012.05.07 11:13:52.544,0.80062,0.80078,1.58,2.33
2012.05.07 11:13:53.048,0.8006,0.80076,3.08,2.33
2012.05.07 11:13:53.579,0.8006,0.80076,2.33,2.33
2012.05.07 11:13:57.854,0.80058,0.80074,3.08,1.58
2012.05.07 11:13:59.019,0.8006,0.80076,1.58,4.65
2012.05.07 11:13:59.323,0.80062,0.80076,1.58,1.50
2012.05.07 11:13:59.775,0.8006,0.80076,1.58,1.50
2012.05.07 11:14:00.344,0.80059,0.80076,1.58,1.50
2012.05.07 11:14:01.109,0.80059,0.80071,1.58,1.50
2012.05.07 11:14:01.298,0.80057,0.80071,1.58,1.50
2012.05.07 11:14:01.544,0.80057,0.80069,1.58,3.75
2012.05.07 11:14:01.620,0.80056,0.80069,1.58,3.75
2012.05.07 11:14:01.687,0.80056,0.80069,1.58,3.75
2012.05.07 11:14:02.286,0.80055,0.80067,3.15,1.50
2012.05.07 11:14:02.614,0.80047,0.80065,6.30,2.33
2012.05.07 11:14:04.515,0.8005,0.80068,1.50,3.08
2012.05.07 11:14:04.715,0.8005,0.80068,1.50,3.08
2012.05.07 11:14:05.084,0.80051,0.80068,1.50,2.33
2012.05.07 11:14:05.544,0.80052,0.80069,2.25,1.58
2012.05.07 11:14:06.713,0.80053,0.80071,2.33,2.33
2012.05.07 11:14:07.253,0.80053,0.80071,2.33,2.33
2012.05.07 11:14:08.424,0.80053,0.80071,3.08,2.33
2012.05.07 11:14:08.983,0.80052,0.8007,1.50,2.33
2012.05.07 11:14:09.900,0.80052,0.8007,3.08,1.50
2012.05.07 11:14:09.967,0.80052,0.80069,2.33,1.50
2012.05.07 11:14:10.093,0.80052,0.80068,1.58,1.50
2012.05.07 11:14:10.164,0.8005,0.80068,2.33,1.50
2012.05.07 11:14:10.486,0.8005,0.80068,2.33,2.33
2012.05.07 11:14:11.178,0.80051,0.80071,3.83,3.08
2012.05.07 11:14:11.532,0.80051,0.80071,3.83,3.08
2012.05.07 11:14:12.633,0.80053,0.80071,1.58,1.50
2012.05.07 11:14:16.325,0.80052,0.8007,1.58,2.33
2012.05.07 11:14:17.260,0.80052,0.8007,1.58,2.33
2012.05.07 11:14:18.356,0.80052,0.8007,1.58,2.33
2012.05.07 11:14:20.885,0.80052,0.80069,1.58,1.50
2012.05.07 11:14:21.382,0.80052,0.80068,1.58,1.50
2012.05.07 11:14:21.693,0.80053,0.80068,1.58,1.50
2012.05.07 11:14:22.622,0.80053,0.8007,1.58,1.50
2012.05.07 11:14:24.922,0.80053,0.8007,2.33,1.50
2012.05.07 11:14:25.115,0.80052,0.8007,2.33,2.33
2012.05.07 11:14:25.947,0.80054,0.80071,1.58,3.08
2012.05.07 11:14:26.472,0.80052,0.8007,2.33,2.33
2012.05.07 11:14:33.133,0.80052,0.8007,2.33,1.58
2012.05.07 11:14:33.732,0.80053,0.80071,2.33,1.50
2012.05.07 11:14:35.882,0.80053,0.80071,2.33,1.50
2012.05.07 11:14:37.145,0.80053,0.80071,1.58,1.50
2012.05.07 11:14:37.795,0.80052,0.8007,3.90,1.58
2012.05.07 11:14:38.113,0.80051,0.80068,1.50,1.58
2012.05.07 11:14:38.663,0.80051,0.80068,1.50,1.58
2012.05.07 11:14:40.843,0.80052,0.80069,1.58,1.58
2012.05.07 11:14:42.304,0.80052,0.80071,2.33,1.50
2012.05.07 11:14:44.912,0.80052,0.8007,3.08,1.50
2012.05.07 11:14:47.976,0.80052,0.80072,3.08,2.33
2012.05.07 11:14:48.314,0.80052,0.80072,3.08,3.08
2012.05.07 11:14:48.628,0.80055,0.80071,2.25,1.58
2012.05.07 11:14:49.184,0.80055,0.80072,2.33,1.50
2012.05.07 11:14:50.524,0.80055,0.80072,2.33,1.50
2012.05.07 11:14:52.305,0.80055,0.80072,2.33,1.50
2012.05.07 11:14:52.834,0.80055,0.80071,2.33,1.58
2012.05.07 11:14:53.914,0.80054,0.80072,2.33,2.33
2012.05.07 11:14:54.269,0.80054,0.80072,2.33,3.08
2012.05.07 11:14:54.574,0.80056,0.80074,2.33,6.08
2012.05.07 11:14:54.648,0.80059,0.80074,1.58,4.50
2012.05.07 11:14:55.162,0.80064,0.80074,1.58,1.50
2012.05.07 11:14:55.695,0.80061,0.80076,1.50,2.33
2012.05.07 11:14:59.154,0.8006,0.80076,2.33,2.33
2012.05.07 11:15:00.484,0.8006,0.80076,2.33,2.33
2012.05.07 11:15:01.298,0.8006,0.80076,2.33,1.58
2012.05.07 11:15:01.362,0.8006,0.80076,2.33,1.58
2012.05.07 11:15:01.774,0.80062,0.80078,2.33,2.33
2012.05.07 11:15:01.843,0.80062,0.80078,2.33,2.33
2012.05.07 11:15:02.095,0.80056,0.80073,2.33,2.33
2012.05.07 11:15:03.054,0.80056,0.80074,2.33,2.33
2012.05.07 11:15:03.655,0.80058,0.80075,1.58,3.08
2012.05.07 11:15:04.953,0.80056,0.80068,2.25,1.58
2012.05.07 11:15:05.215,0.80053,0.8007,3.08,3.00
2012.05.07 11:15:05.285,0.80052,0.80068,2.33,1.58
2012.05.07 11:15:05.734,0.8005,0.80068,3.08,1.50
2012.05.07 11:15:05.983,0.80048,0.80065,1.50,1.58
2012.05.07 11:15:06.294,0.8005,0.80066,1.50,2.25
2012.05.07 11:15:06.726,0.80051,0.80067,3.00,1.58
2012.05.07 11:15:09.356,0.80052,0.8007,2.33,1.50
2012.05.07 11:15:09.425,0.80054,0.80071,1.50,1.58
2012.05.07 11:15:10.113,0.80058,0.80073,2.33,1.58
2012.05.07 11:15:10.248,0.80059,0.80075,2.33,1.13
2012.05.07 11:15:10.950,0.80059,0.80076,2.33,1.13
2012.05.07 11:15:12.697,0.80059,0.80076,3.90,1.13
2012.05.07 11:15:12.943,0.8006,0.80076,3.00,2.33
2012.05.07 11:15:13.629,0.8006,0.80077,2.33,1.58
2012.05.07 11:15:14.019,0.80063,0.8008,2.33,3.08
2012.05.07 11:15:14.086,0.80063,0.8008,2.33,3.08
2012.05.07 11:15:14.704,0.80063,0.8008,2.33,4.65
2012.05.07 11:15:14.835,0.8006,0.80079,2.33,2.33
2012.05.07 11:15:15.831,0.80061,0.80079,1.50,2.33
2012.05.07 11:15:15.905,0.80061,0.80079,1.50,2.33
2012.05.07 11:15:16.047,0.80067,0.80084,2.33,5.33
2012.05.07 11:15:16.117,0.80065,0.80081,2.33,1.58
2012.05.07 11:15:16.314,0.80069,0.80085,3.90,3.75
2012.05.07 11:15:16.385,0.80072,0.80085,1.58,3.75
2012.05.07 11:15:16.574,0.80069,0.80085,2.33,3.75
2012.05.07 11:15:17.563,0.8007,0.80085,1.58,1.50
2012.05.07 11:15:18.064,0.80067,0.80085,2.33,1.50
2012.05.07 11:15:19.374,0.80067,0.80085,2.33,1.50
2012.05.07 11:15:19.877,0.80072,0.80085,1.58,1.50
2012.05.07 11:15:20.006,0.80068,0.80085,2.33,1.50
2012.05.07 11:15:20.563,0.80065,0.80083,3.08,2.33
2012.05.07 11:15:22.765,0.80065,0.80081,3.08,1.58
2012.05.07 11:15:22.836,0.80065,0.80081,3.08,1.58
2012.05.07 11:15:23.935,0.80065,0.80081,2.33,2.33
2012.05.07 11:15:24.007,0.80065,0.80075,1.58,2.25
2012.05.07 11:15:24.444,0.80061,0.80075,2.33,2.25
2012.05.07 11:15:24.978,0.80057,0.80074,3.83,1.58
2012.05.07 11:15:25.606,0.80057,0.80074,3.83,1.58
2012.05.07 11:15:26.013,0.80058,0.80074,1.50,1.58
2012.05.07 11:15:26.159,0.80061,0.80077,1.50,1.58
2012.05.07 11:15:26.533,0.80059,0.80077,1.50,2.33
2012.05.07 11:15:29.546,0.80059,0.80077,1.50,2.33
2012.05.07 11:15:30.094,0.80061,0.80079,3.08,2.33
2012.05.07 11:15:30.284,0.80061,0.80077,1.50,1.58
2012.05.07 11:15:32.033,0.80059,0.80077,2.33,2.33
2012.05.07 11:15:32.812,0.80059,0.80077,2.33,2.33
2012.05.07 11:15:33.011,0.80059,0.80077,3.08,2.33
2012.05.07 11:15:38.303,0.80059,0.80077,3.08,3.08
2012.05.07 11:15:38.555,0.80058,0.80074,2.33,1.58
2012.05.07 11:15:39.323,0.80059,0.80076,2.33,1.58
2012.05.07 11:15:39.979,0.80059,0.80077,2.33,3.08
2012.05.07 11:15:40.203,0.80059,0.80077,2.33,3.08
2012.05.07 11:15:40.944,0.80059,0.80075,1.58,3.75
2012.05.07 11:15:41.567,0.80057,0.80075,3.08,3.83
2012.05.07 11:15:49.125,0.80058,0.80074,1.50,4.58
2012.05.07 11:15:53.331,0.80056,0.80074,1.50,4.58
2012.05.07 11:15:57.323,0.80058,0.80074,1.58,6.08
2012.05.07 11:15:57.885,0.80058,0.80074,1.58,5.33
2012.05.07 11:15:57.955,0.80055,0.80073,3.08,1.58
2012.05.07 11:15:59.002,0.80055,0.80073,3.83,1.58
2012.05.07 11:15:59.383,0.80055,0.80073,3.08,1.58
2012.05.07 11:16:01.635,0.80054,0.80065,2.33,2.25
2012.05.07 11:16:01.825,0.80049,0.80065,3.08,3.83
2012.05.07 11:16:02.195,0.8005,0.80067,3.08,1.58
2012.05.07 11:16:02.265,0.80054,0.80067,1.58,1.58
2012.05.07 11:16:02.335,0.80055,0.80069,1.58,1.58
2012.05.07 11:16:02.949,0.80055,0.8007,2.33,1.50
2012.05.07 11:16:03.019,0.80052,0.80068,2.33,1.58
2012.05.07 11:16:05.034,0.80052,0.80068,2.33,1.58
2012.05.07 11:16:06.044,0.80052,0.80068,1.50,1.58
2012.05.07 11:16:06.595,0.80053,0.80069,1.50,1.58
2012.05.07 11:16:11.604,0.80051,0.80069,3.08,2.33
2012.05.07 11:16:11.676,0.80051,0.80067,1.50,1.58
2012.05.07 11:16:12.213,0.80052,0.80068,2.33,1.58
2012.05.07 11:16:16.663,0.80053,0.8007,3.08,2.25
2012.05.07 11:16:16.795,0.80056,0.8007,1.58,2.25
2012.05.07 11:16:17.103,0.8006,0.80072,1.58,2.25
2012.05.07 11:16:17.175,0.8006,0.80074,1.58,3.75
2012.05.07 11:16:17.753,0.80059,0.80074,1.58,1.50
2012.05.07 11:16:19.205,0.80059,0.80075,3.90,4.58
2012.05.07 11:16:19.525,0.80063,0.80078,1.58,1.50
2012.05.07 11:16:20.629,0.80063,0.80079,1.58,3.00
2012.05.07 11:16:20.933,0.80063,0.80081,2.33,1.50
2012.05.07 11:16:21.513,0.80064,0.80081,1.58,3.08
2012.05.07 11:16:21.783,0.80063,0.80079,2.33,1.58
2012.05.07 11:16:22.295,0.80061,0.80078,2.33,3.83
2012.05.07 11:16:23.404,0.80062,0.8008,1.50,2.33
2012.05.07 11:16:23.725,0.8007,0.80086,1.58,1.50
2012.05.07 11:16:23.796,0.80068,0.80086,1.58,1.50
2012.05.07 11:16:24.425,0.80068,0.80087,2.33,4.58
2012.05.07 11:16:26.294,0.80068,0.80087,4.58,2.33
2012.05.07 11:16:26.783,0.80068,0.80084,4.58,1.58
2012.05.07 11:16:27.306,0.8007,0.80086,2.33,2.33
2012.05.07 11:16:27.554,0.80067,0.80085,2.33,2.33
2012.05.07 11:16:28.093,0.8007,0.80086,1.58,2.33
2012.05.07 11:16:28.544,0.8007,0.80086,1.58,2.33
2012.05.07 11:16:28.813,0.8007,0.80086,2.33,2.33
2012.05.07 11:16:29.225,0.8007,0.80089,2.33,3.83
2012.05.07 11:16:33.384,0.8007,0.80086,2.33,1.58
2012.05.07 11:16:33.709,0.80068,0.80084,4.58,1.58
2012.05.07 11:16:34.254,0.80068,0.80084,4.58,2.33
2012.05.07 11:16:34.503,0.80065,0.80082,3.00,2.33
2012.05.07 11:16:35.053,0.80064,0.80082,3.08,2.33
2012.05.07 11:16:35.249,0.80066,0.80082,1.50,1.58
2012.05.07 11:16:35.316,0.80066,0.80084,3.08,2.33
2012.05.07 11:16:39.194,0.80066,0.80084,3.08,1.58
2012.05.07 11:16:39.263,0.80066,0.80084,2.33,2.33
2012.05.07 11:16:39.573,0.80066,0.80083,1.50,3.15
2012.05.07 11:16:42.342,0.80065,0.80083,5.33,1.58
2012.05.07 11:16:42.974,0.80065,0.80083,5.33,1.58
2012.05.07 11:16:43.806,0.80065,0.80082,3.75,2.33
2012.05.07 11:16:44.484,0.80065,0.80083,4.58,2.33
2012.05.07 11:16:44.885,0.80062,0.8008,3.08,1.58
2012.05.07 11:16:45.499,0.80063,0.80082,2.33,2.33
2012.05.07 11:16:45.914,0.80064,0.80082,2.33,2.33
2012.05.07 11:16:46.237,0.80072,0.80086,1.58,1.50
2012.05.07 11:16:46.377,0.80073,0.80088,1.58,1.50
2012.05.07 11:16:46.695,0.80075,0.8009,1.58,1.50
2012.05.07 11:16:46.765,0.80073,0.80089,1.58,2.33
2012.05.07 11:16:47.014,0.80071,0.80087,3.08,1.58
2012.05.07 11:16:47.186,0.80071,0.80085,1.50,1.58
2012.05.07 11:16:47.314,0.80071,0.80089,1.50,1.58
2012.05.07 11:16:48.572,0.80073,0.80089,3.00,2.33
2012.05.07 11:16:50.343,0.8007,0.80089,3.83,3.90
2012.05.07 11:16:52.844,0.80073,0.80088,1.58,1.50
2012.05.07 11:16:53.153,0.80075,0.8009,1.58,1.50
2012.05.07 11:16:53.346,0.80072,0.8009,1.58,1.50
2012.05.07 11:16:53.675,0.80074,0.8009,1.58,1.50
2012.05.07 11:16:54.195,0.80074,0.80089,1.58,1.50
2012.05.07 11:16:54.476,0.80074,0.80092,1.58,3.08
2012.05.07 11:16:54.793,0.80077,0.80093,1.58,5.33
2012.05.07 11:16:54.923,0.80075,0.80091,2.33,2.33
2012.05.07 11:16:55.485,0.80076,0.80092,1.58,1.50
2012.05.07 11:16:55.558,0.80072,0.80089,1.50,1.58
2012.05.07 11:16:55.626,0.80071,0.80089,3.08,1.58
2012.05.07 11:16:55.996,0.8007,0.80087,3.83,1.58
2012.05.07 11:16:57.217,0.80072,0.80088,1.58,2.33
2012.05.07 11:16:58.576,0.80072,0.80091,1.58,3.08
2012.05.07 11:17:00.824,0.80074,0.80091,1.58,1.50
2012.05.07 11:17:01.073,0.80072,0.80091,1.58,3.08
2012.05.07 11:17:02.011,0.80072,0.80091,2.33,2.33
2012.05.07 11:17:04.324,0.80076,0.80092,1.58,3.08
2012.05.07 11:17:04.594,0.80076,0.80093,1.58,6.08
2012.05.07 11:17:04.671,0.80076,0.80095,2.33,3.08
2012.05.07 11:17:04.866,0.80076,0.80094,1.58,1.50
2012.05.07 11:17:05.186,0.80074,0.80092,2.33,1.50
2012.05.07 11:17:05.497,0.80072,0.80091,3.08,2.33
2012.05.07 11:17:05.965,0.80072,0.80091,3.08,2.33
2012.05.07 11:17:06.489,0.80071,0.80088,3.83,1.58
2012.05.07 11:17:07.279,0.80073,0.8009,1.58,2.33
2012.05.07 11:17:08.998,0.80072,0.80088,1.58,1.58
2012.05.07 11:17:09.423,0.8007,0.80086,1.50,1.58
2012.05.07 11:17:10.359,0.8007,0.80087,1.50,2.33
2012.05.07 11:17:14.986,0.8007,0.80086,1.50,2.33
2012.05.07 11:17:15.294,0.80068,0.80086,1.50,3.08
2012.05.07 11:17:15.855,0.80066,0.80082,5.25,1.58
2012.05.07 11:17:16.369,0.80066,0.80082,4.50,2.33
2012.05.07 11:17:17.505,0.80065,0.80082,2.33,2.33
2012.05.07 11:17:17.576,0.80065,0.80081,1.58,1.50
2012.05.07 11:17:17.645,0.80065,0.8008,1.58,1.50
2012.05.07 11:17:17.904,0.80065,0.8008,1.58,1.50
2012.05.07 11:17:18.209,0.8006,0.80077,5.33,2.33
2012.05.07 11:17:19.856,0.80062,0.80078,1.58,2.33
2012.05.07 11:17:21.645,0.80062,0.80078,1.58,1.58
2012.05.07 11:17:22.037,0.80064,0.8008,1.58,3.08
2012.05.07 11:17:22.583,0.80064,0.8008,1.58,2.33
2012.05.07 11:17:24.746,0.80064,0.80083,1.58,3.08
2012.05.07 11:17:25.053,0.80068,0.80084,1.58,1.50
2012.05.07 11:17:25.593,0.80067,0.80083,1.58,2.33
2012.05.07 11:17:26.241,0.80066,0.80082,2.25,2.33
2012.05.07 11:17:31.132,0.80065,0.80082,3.83,2.33
2012.05.07 11:17:31.506,0.80065,0.80082,3.83,2.33
2012.05.07 11:17:31.936,0.80065,0.80081,1.58,2.10
2012.05.07 11:17:32.375,0.80062,0.80077,1.58,3.00
2012.05.07 11:17:32.646,0.80059,0.80077,1.58,3.00
2012.05.07 11:17:32.773,0.80061,0.80077,1.58,3.00
2012.05.07 11:17:33.205,0.80063,0.80079,1.58,1.50
2012.05.07 11:17:33.574,0.80061,0.80077,1.58,4.58
2012.05.07 11:17:44.285,0.80062,0.80078,1.58,1.50
2012.05.07 11:17:44.355,0.80062,0.80078,1.58,1.50
2012.05.07 11:17:46.937,0.80065,0.8008,1.58,1.50
2012.05.07 11:17:47.386,0.80062,0.8008,1.58,3.08
2012.05.07 11:17:49.373,0.80064,0.8008,1.58,1.50
2012.05.07 11:17:49.947,0.80064,0.80079,1.58,1.50
2012.05.07 11:17:50.275,0.80062,0.80077,1.58,1.50
2012.05.07 11:17:58.895,0.80062,0.80078,1.58,1.58
2012.05.07 11:17:58.966,0.80065,0.8008,1.58,1.58
2012.05.07 11:17:59.154,0.80062,0.8008,2.33,3.15
2012.05.07 11:17:59.584,0.80062,0.8008,2.33,2.33
2012.05.07 11:18:00.487,0.80065,0.80081,1.58,2.33
2012.05.07 11:18:01.824,0.80062,0.8008,2.33,1.58
2012.05.07 11:18:04.029,0.80064,0.80082,2.33,3.90
2012.05.07 11:18:04.923,0.80064,0.80082,2.33,2.33
2012.05.07 11:18:05.234,0.80065,0.80082,3.00,2.33
2012.05.07 11:18:05.605,0.80065,0.80081,2.25,1.50
2012.05.07 11:18:06.704,0.80066,0.80083,1.58,1.50
2012.05.07 11:18:11.272,0.80065,0.80082,4.58,2.33
2012.05.07 11:18:15.566,0.80065,0.80082,4.58,2.33
2012.05.07 11:18:16.117,0.80066,0.80084,2.33,2.33
2012.05.07 11:18:16.964,0.80066,0.80084,2.33,2.33
2012.05.07 11:18:24.853,0.80066,0.80084,2.33,2.33
2012.05.07 11:18:26.204,0.80068,0.80086,1.58,3.08
2012.05.07 11:18:26.784,0.80066,0.80085,4.65,2.33
2012.05.07 11:18:27.186,0.80066,0.80085,3.08,2.33
2012.05.07 11:18:27.534,0.80066,0.80085,3.08,2.33
2012.05.07 11:18:27.875,0.80066,0.80085,2.33,2.33
2012.05.07 11:18:28.063,0.80066,0.80085,2.33,2.33
2012.05.07 11:18:28.822,0.80066,0.80085,2.33,2.33
2012.05.07 11:18:29.386,0.80066,0.80085,2.33,2.33
2012.05.07 11:18:29.911,0.80066,0.80085,2.33,2.33
2012.05.07 11:18:30.103,0.80066,0.80085,1.58,3.08
2012.05.07 11:18:30.303,0.80066,0.80085,2.33,2.33
2012.05.07 11:18:30.876,0.80068,0.80085,1.58,1.50
2012.05.07 11:18:31.944,0.80068,0.80086,1.58,2.33
2012.05.07 11:18:34.374,0.80068,0.80086,1.58,2.33
2012.05.07 11:18:34.565,0.80064,0.8008,1.50,1.58
2012.05.07 11:18:35.113,0.80063,0.80079,1.50,1.58
2012.05.07 11:18:35.714,0.80062,0.80078,2.33,1.58
2012.05.07 11:18:36.499,0.80062,0.80078,2.33,1.58
2012.05.07 11:18:37.370,0.80062,0.80078,2.33,1.58
2012.05.07 11:18:38.058,0.80061,0.80077,1.50,1.58
2012.05.07 11:18:38.187,0.80061,0.80075,1.50,1.58
2012.05.07 11:18:38.256,0.80059,0.80075,3.68,1.58
2012.05.07 11:18:38.325,0.80059,0.80073,1.35,1.58
2012.05.07 11:18:38.883,0.80056,0.80072,1.50,1.58
2012.05.07 11:18:39.932,0.80057,0.80073,1.58,1.58
2012.05.07 11:18:40.454,0.80056,0.80074,3.08,2.33
2012.05.07 11:18:41.065,0.80057,0.80073,1.58,2.33
2012.05.07 11:18:41.846,0.80054,0.80073,3.08,3.08
2012.05.07 11:18:42.396,0.80054,0.80071,2.33,3.00
2012.05.07 11:18:43.404,0.80054,0.80072,2.33,1.50
2012.05.07 11:18:43.964,0.80056,0.80072,1.58,1.50
2012.05.07 11:18:44.601,0.80055,0.80072,2.33,3.08
2012.05.07 11:18:44.735,0.80055,0.80072,2.33,3.08
2012.05.07 11:18:45.053,0.80057,0.80072,1.58,1.50
2012.05.07 11:18:45.750,0.80055,0.80072,2.33,2.33
2012.05.07 11:18:49.105,0.80055,0.80072,2.33,2.33
2012.05.07 11:18:49.535,0.80055,0.80072,2.33,2.33
2012.05.07 11:18:56.359,0.80055,0.80072,2.33,2.33
2012.05.07 11:18:56.938,0.80055,0.80072,2.33,2.33
2012.05.07 11:18:59.775,0.80054,0.80071,1.50,1.58
2012.05.07 11:19:00.056,0.80054,0.80068,1.50,1.58
2012.05.07 11:19:00.304,0.80054,0.8007,2.33,1.58
2012.05.07 11:19:00.967,0.80052,0.80068,2.33,1.58
2012.05.07 11:19:01.945,0.80054,0.8007,2.33,1.58
2012.05.07 11:19:03.285,0.80055,0.80071,1.58,1.50
2012.05.07 11:19:03.426,0.80052,0.80068,2.33,1.58
2012.05.07 11:19:03.735,0.80053,0.80071,2.33,3.08
2012.05.07 11:19:03.945,0.80053,0.80071,2.33,3.83
2012.05.07 11:19:04.584,0.80053,0.80071,2.33,3.08
2012.05.07 11:19:04.653,0.80053,0.80071,1.58,3.08
2012.05.07 11:19:05.852,0.80053,0.80071,2.33,3.08
2012.05.07 11:19:06.185,0.80053,0.80071,1.58,3.08
2012.05.07 11:19:06.654,0.80054,0.80071,2.33,1.50
2012.05.07 11:19:08.712,0.80054,0.80071,2.33,1.50
2012.05.07 11:19:08.783,0.80054,0.80071,2.33,1.50
2012.05.07 11:19:09.373,0.80054,0.80071,2.33,1.50
2012.05.07 11:19:12.585,0.80053,0.80071,2.33,3.08
2012.05.07 11:19:12.745,0.80053,0.80071,2.33,3.83
2012.05.07 11:19:13.904,0.80053,0.80071,2.33,3.08
2012.05.07 11:19:15.773,0.80055,0.80071,1.58,1.50
2012.05.07 11:19:17.427,0.80055,0.80071,1.58,1.50
2012.05.07 11:19:18.039,0.80055,0.80072,1.58,3.08
2012.05.07 11:19:20.878,0.80051,0.8007,4.58,2.33
2012.05.07 11:19:22.720,0.80051,0.8007,2.33,3.90
2012.05.07 11:19:23.064,0.8005,0.80067,3.08,1.58
2012.05.07 11:19:24.367,0.80052,0.80068,1.58,2.33
2012.05.07 11:19:24.951,0.80052,0.80068,2.33,2.33
2012.05.07 11:19:26.364,0.80052,0.80068,2.33,2.33
2012.05.07 11:19:26.554,0.8005,0.80068,1.50,1.58
2012.05.07 11:19:27.525,0.80051,0.80068,2.33,2.33
2012.05.07 11:19:27.734,0.80051,0.80068,2.33,2.33
2012.05.07 11:19:31.253,0.80051,0.80068,2.33,1.58
2012.05.07 11:19:32.000,0.8005,0.80067,1.50,1.58
2012.05.07 11:19:32.533,0.8005,0.80067,1.50,1.58
2012.05.07 11:19:33.487,0.80049,0.80066,1.50,1.58
2012.05.07 11:19:33.734,0.80049,0.80066,1.50,1.58
2012.05.07 11:19:34.249,0.8005,0.80067,2.33,2.33
2012.05.07 11:19:35.218,0.8005,0.80067,2.33,2.33
2012.05.07 11:19:36.807,0.8005,0.80067,2.33,2.33
2012.05.07 11:19:37.329,0.8005,0.80067,2.33,2.33
2012.05.07 11:19:37.715,0.8005,0.80067,2.33,2.33
2012.05.07 11:19:39.856,0.8005,0.80067,2.33,2.33
2012.05.07 11:19:40.216,0.80052,0.80068,2.33,2.33
2012.05.07 11:19:40.285,0.80055,0.80071,1.58,3.08
2012.05.07 11:19:40.357,0.80053,0.80069,3.15,2.33
2012.05.07 11:19:40.611,0.80053,0.80071,1.58,3.08
2012.05.07 11:19:41.778,0.80052,0.80069,2.33,1.58
2012.05.07 11:19:44.737,0.8005,0.80068,3.08,1.58
2012.05.07 11:19:49.835,0.80052,0.80069,2.33,1.58
2012.05.07 11:19:50.419,0.80051,0.80067,2.33,1.58
2012.05.07 11:19:53.135,0.8005,0.80068,3.08,1.58
2012.05.07 11:19:56.398,0.80051,0.8007,2.33,2.33
2012.05.07 11:19:59.645,0.8005,0.80067,2.33,1.58
2012.05.07 11:19:59.715,0.80051,0.80069,2.33,2.33
2012.05.07 11:20:02.364,0.80054,0.8007,1.58,2.33
2012.05.07 11:20:04.824,0.80054,0.8007,1.58,2.33
2012.05.07 11:20:07.366,0.80054,0.80071,1.58,4.50
2012.05.07 11:20:08.463,0.80054,0.80071,2.33,3.75
2012.05.07 11:20:09.024,0.80053,0.80071,2.33,6.08
2012.05.07 11:20:10.749,0.80053,0.80071,2.33,5.33
2012.05.07 11:20:11.114,0.80057,0.80073,2.33,2.33
2012.05.07 11:20:11.428,0.80059,0.80076,1.58,2.40
2012.05.07 11:20:11.495,0.80059,0.80077,2.33,1.05
2012.05.07 11:20:12.096,0.80059,0.80075,1.58,2.25
2012.05.07 11:20:12.344,0.80059,0.80078,2.33,3.83
2012.05.07 11:20:16.975,0.80059,0.80077,1.58,3.08
2012.05.07 11:20:17.428,0.80058,0.80075,2.33,2.33
2012.05.07 11:20:17.927,0.80055,0.80073,4.58,2.33
2012.05.07 11:20:18.478,0.80055,0.80072,3.00,1.58
2012.05.07 11:20:19.044,0.80054,0.80071,1.58,2.33
2012.05.07 11:20:19.113,0.80052,0.8007,2.33,1.58
2012.05.07 11:20:19.295,0.80055,0.80071,1.58,1.58
2012.05.07 11:20:22.376,0.80053,0.80069,2.33,1.58
2012.05.07 11:20:23.135,0.80054,0.80071,1.58,1.50
2012.05.07 11:20:25.148,0.80054,0.80071,1.58,1.50
2012.05.07 11:20:25.214,0.80051,0.80068,1.50,1.58
2012.05.07 11:20:28.833,0.80052,0.8007,2.33,2.33
2012.05.07 11:20:35.946,0.80056,0.80071,1.58,1.50
2012.05.07 11:20:37.276,0.80056,0.80071,1.58,1.50
2012.05.07 11:20:37.615,0.80058,0.80071,1.58,1.50
2012.05.07 11:20:37.865,0.80056,0.80071,1.58,1.50
2012.05.07 11:20:40.812,0.80054,0.80071,1.58,1.50
2012.05.07 11:20:41.064,0.80053,0.80069,3.08,1.58
2012.05.07 11:20:41.503,0.80051,0.80069,4.50,1.58
2012.05.07 11:20:42.099,0.80053,0.80069,1.58,1.58
2012.05.07 11:20:43.076,0.80051,0.80069,4.50,1.58
2012.05.07 11:20:48.240,0.80052,0.80069,1.50,1.58
2012.05.07 11:20:48.866,0.80051,0.80069,4.50,2.33
2012.05.07 11:20:57.765,0.80053,0.80069,1.58,1.58
2012.05.07 11:21:01.185,0.80054,0.80072,1.58,4.65
2012.05.07 11:21:05.048,0.80053,0.8007,6.90,1.58
2012.05.07 11:21:08.114,0.80053,0.8007,5.33,1.58
2012.05.07 11:21:08.725,0.80053,0.8007,5.33,1.58
2012.05.07 11:21:12.104,0.80053,0.8007,4.65,1.58
2012.05.07 11:21:12.237,0.80054,0.80072,3.90,1.58
2012.05.07 11:21:12.307,0.80057,0.80073,1.58,2.33
2012.05.07 11:21:12.814,0.80053,0.80071,1.50,1.58
2012.05.07 11:21:13.813,0.80052,0.80071,6.08,1.58
2012.05.07 11:21:14.108,0.80053,0.80071,1.50,1.58
2012.05.07 11:21:14.856,0.80054,0.80072,2.33,1.58
2012.05.07 11:21:16.623,0.80054,0.80072,1.58,2.33
2012.05.07 11:21:17.127,0.80053,0.8007,2.33,1.58
2012.05.07 11:21:17.808,0.80053,0.80064,1.58,1.58
2012.05.07 11:21:18.118,0.80044,0.80058,1.73,1.50
2012.05.07 11:21:18.655,0.80044,0.80058,1.58,1.50
2012.05.07 11:21:19.095,0.80041,0.80057,1.58,3.08
2012.05.07 11:21:19.259,0.80038,0.80057,1.58,3.08
2012.05.07 11:21:19.719,0.80037,0.80054,1.50,2.33
2012.05.07 11:21:20.144,0.80037,0.80052,1.50,1.58
2012.05.07 11:21:20.906,0.80037,0.80052,2.85,1.58
2012.05.07 11:21:21.039,0.80043,0.8006,1.58,6.08
2012.05.07 11:21:21.105,0.80041,0.8006,3.15,3.83
2012.05.07 11:21:21.235,0.80041,0.8006,2.33,3.08
2012.05.07 11:21:21.367,0.80043,0.8006,1.50,2.33
2012.05.07 11:21:21.434,0.80043,0.8006,1.50,2.33
2012.05.07 11:21:21.804,0.80043,0.80061,3.08,1.50
2012.05.07 11:21:21.876,0.80043,0.80061,3.08,1.50
2012.05.07 11:21:22.325,0.80043,0.80061,3.08,1.50
2012.05.07 11:21:22.455,0.80043,0.80061,3.08,1.50
2012.05.07 11:21:23.554,0.80043,0.80059,1.50,1.58
2012.05.07 11:21:24.185,0.80043,0.8006,1.50,2.33
2012.05.07 11:21:24.884,0.80043,0.80056,1.50,1.58
2012.05.07 11:21:24.956,0.80043,0.80056,1.50,1.58
2012.05.07 11:21:25.205,0.80039,0.80056,2.33,2.33
2012.05.07 11:21:25.275,0.80038,0.80052,1.50,1.58
2012.05.07 11:21:25.810,0.80038,0.80052,1.50,1.58
2012.05.07 11:21:26.935,0.80035,0.80052,3.08,2.33
2012.05.07 11:21:27.194,0.80035,0.80051,1.50,2.33
2012.05.07 11:21:27.764,0.80035,0.8005,1.50,1.58
2012.05.07 11:21:28.364,0.80035,0.8005,1.50,1.58
2012.05.07 11:21:28.433,0.80035,0.80052,3.08,1.58
2012.05.07 11:21:28.684,0.80035,0.80051,1.50,2.33
2012.05.07 11:21:31.306,0.80036,0.80054,2.33,3.00
2012.05.07 11:21:32.468,0.80035,0.80053,3.08,2.33
2012.05.07 11:21:32.893,0.80035,0.80053,3.08,2.33
2012.05.07 11:21:32.964,0.80035,0.80053,3.83,2.33
2012.05.07 11:21:33.334,0.80035,0.80053,3.08,2.33
2012.05.07 11:21:33.586,0.80035,0.80053,3.08,2.33
2012.05.07 11:21:33.838,0.80035,0.80053,3.08,2.33
2012.05.07 11:21:34.955,0.80038,0.80055,1.58,5.33
2012.05.07 11:21:35.326,0.80035,0.80051,3.08,2.33
2012.05.07 11:21:37.968,0.80035,0.80051,3.08,2.33
2012.05.07 11:21:38.485,0.80038,0.80054,1.58,3.75
2012.05.07 11:21:38.674,0.80035,0.80054,3.08,5.33
2012.05.07 11:21:41.266,0.80037,0.80054,1.58,5.33
2012.05.07 11:21:41.393,0.80037,0.80054,2.33,2.33
2012.05.07 11:21:41.985,0.80037,0.80053,2.33,3.00
2012.05.07 11:21:42.533,0.80039,0.80055,1.58,3.08
2012.05.07 11:21:43.405,0.80037,0.80053,2.33,2.33
2012.05.07 11:21:43.537,0.80034,0.80052,3.08,2.33
2012.05.07 11:21:43.605,0.80034,0.80052,3.08,2.33
2012.05.07 11:21:44.137,0.80034,0.80052,3.83,2.33
2012.05.07 11:21:44.725,0.80034,0.80052,3.08,2.33
2012.05.07 11:21:45.703,0.80034,0.80052,3.83,2.33
2012.05.07 11:21:46.566,0.80034,0.80051,2.25,1.58
2012.05.07 11:21:47.318,0.80034,0.80052,3.83,2.33
2012.05.07 11:21:48.276,0.80034,0.80052,4.20,2.33
2012.05.07 11:21:48.578,0.80039,0.80055,1.58,1.50
2012.05.07 11:21:48.647,0.80041,0.80056,1.58,1.50
2012.05.07 11:21:49.077,0.80037,0.80055,2.33,2.33
2012.05.07 11:21:50.206,0.80035,0.80053,3.83,1.58
2012.05.07 11:21:50.644,0.80036,0.80055,2.33,3.08
2012.05.07 11:21:51.654,0.80036,0.80052,2.33,1.58
2012.05.07 11:21:52.174,0.80036,0.80052,3.08,2.33
2012.05.07 11:21:52.683,0.80036,0.80052,1.58,2.33
2012.05.07 11:21:53.098,0.80034,0.8005,3.83,1.58
2012.05.07 11:21:54.287,0.80034,0.80048,1.50,1.58
2012.05.07 11:21:54.626,0.80034,0.80051,1.50,3.90
2012.05.07 11:21:55.012,0.80034,0.80049,1.50,1.58
2012.05.07 11:21:55.473,0.80034,0.80051,1.50,2.33
2012.05.07 11:21:59.010,0.80035,0.80052,2.33,2.33
2012.05.07 11:22:00.896,0.80034,0.80051,2.25,1.58
2012.05.07 11:22:01.411,0.80034,0.80052,3.83,1.58
2012.05.07 11:22:02.659,0.80034,0.8005,2.25,1.58
2012.05.07 11:22:05.054,0.80034,0.8005,2.25,1.58
2012.05.07 11:22:05.303,0.80035,0.80051,2.33,1.58
2012.05.07 11:22:08.154,0.80037,0.80053,1.58,2.33
2012.05.07 11:22:08.465,0.80039,0.80054,1.58,3.00
2012.05.07 11:22:09.733,0.80036,0.80053,2.33,1.58
2012.05.07 11:22:10.410,0.80035,0.80053,2.33,2.33
2012.05.07 11:22:10.976,0.80035,0.80053,2.33,1.58
2012.05.07 11:22:14.376,0.80037,0.80054,3.08,1.58
2012.05.07 11:22:14.694,0.80043,0.80059,1.58,5.33
2012.05.07 11:22:15.245,0.80049,0.80061,1.58,2.25
2012.05.07 11:22:15.316,0.80049,0.80061,1.58,1.50
2012.05.07 11:22:15.764,0.80046,0.80063,1.58,2.25
2012.05.07 11:22:16.464,0.80046,0.80063,3.08,1.50
2012.05.07 11:22:16.976,0.80048,0.80063,1.58,2.25
2012.05.07 11:22:17.237,0.8005,0.80063,1.58,1.50
2012.05.07 11:22:18.225,0.8005,0.80065,1.58,2.25
2012.05.07 11:22:19.165,0.8005,0.80065,1.58,2.25
2012.05.07 11:22:19.815,0.8005,0.80065,1.58,1.50
2012.05.07 11:22:22.834,0.8005,0.80066,1.58,1.50
2012.05.07 11:22:23.605,0.8005,0.80067,1.58,3.08
2012.05.07 11:22:23.918,0.80055,0.80068,1.58,2.25
2012.05.07 11:22:24.654,0.80056,0.80071,1.58,1.88
2012.05.07 11:22:25.005,0.80059,0.80071,1.58,1.50
2012.05.07 11:22:25.518,0.80063,0.80073,1.58,1.50
2012.05.07 11:22:26.007,0.80067,0.80077,1.58,1.50
2012.05.07 11:22:26.348,0.80064,0.80077,1.58,1.50
2012.05.07 11:22:26.528,0.80061,0.80077,1.58,1.50
2012.05.07 11:22:27.106,0.80062,0.80076,1.58,1.50
2012.05.07 11:22:27.575,0.80062,0.8008,1.58,1.50
2012.05.07 11:22:28.268,0.80063,0.8008,1.58,3.08
2012.05.07 11:22:29.296,0.80063,0.8008,2.33,1.58
2012.05.07 11:22:29.835,0.80064,0.8008,2.25,1.58
2012.05.07 11:22:34.473,0.80064,0.8008,2.25,3.08
2012.05.07 11:22:34.977,0.80063,0.8008,1.58,2.33
2012.05.07 11:22:37.243,0.80061,0.80079,3.83,2.33
2012.05.07 11:22:39.737,0.80067,0.80079,1.58,1.50
2012.05.07 11:22:39.865,0.80067,0.80082,1.58,2.25
2012.05.07 11:22:39.936,0.80065,0.80081,1.58,1.58
2012.05.07 11:22:40.449,0.80065,0.8008,1.58,1.50
2012.05.07 11:22:42.486,0.80065,0.80081,1.58,3.08
2012.05.07 11:22:44.469,0.80056,0.80071,1.58,1.50
2012.05.07 11:22:44.775,0.80056,0.80068,1.58,1.50
2012.05.07 11:22:44.965,0.80054,0.80067,1.58,1.50
2012.05.07 11:22:45.157,0.80049,0.80067,1.58,2.33
2012.05.07 11:22:45.227,0.80049,0.80067,1.58,2.33
2012.05.07 11:22:45.534,0.80052,0.80069,1.58,1.50
2012.05.07 11:22:45.665,0.80052,0.80071,3.08,4.58
2012.05.07 11:22:45.794,0.80052,0.80069,1.50,1.58
2012.05.07 11:22:46.296,0.80052,0.8007,4.65,3.00
2012.05.07 11:22:46.365,0.80053,0.80071,1.50,1.58
2012.05.07 11:22:46.577,0.80055,0.80071,1.58,2.33
2012.05.07 11:22:48.015,0.80055,0.80071,2.33,1.58
2012.05.07 11:22:48.350,0.80059,0.80073,1.58,1.50
2012.05.07 11:22:49.070,0.80059,0.80075,1.58,1.50
2012.05.07 11:22:50.775,0.80061,0.80076,1.58,2.25
2012.05.07 11:22:52.625,0.80063,0.80076,1.58,2.25
2012.05.07 11:22:53.397,0.80061,0.80076,1.58,1.50
2012.05.07 11:22:53.705,0.80058,0.80074,1.58,1.50
2012.05.07 11:22:59.657,0.80057,0.80073,1.58,2.33
2012.05.07 11:22:59.725,0.80059,0.80074,1.58,1.50
2012.05.07 11:23:03.616,0.80059,0.80074,1.58,2.10
2012.05.07 11:23:03.744,0.80057,0.80073,3.15,3.08
2012.05.07 11:23:06.424,0.80057,0.80073,1.58,2.33
2012.05.07 11:23:07.119,0.80057,0.80073,1.58,3.08
2012.05.07 11:23:07.545,0.80054,0.80072,3.83,1.58
2012.05.07 11:23:07.615,0.80054,0.8007,2.25,1.58
2012.05.07 11:23:07.993,0.8005,0.80068,3.83,2.33
2012.05.07 11:23:08.295,0.80052,0.8007,3.08,2.33
2012.05.07 11:23:09.264,0.80054,0.80071,1.58,1.50
2012.05.07 11:23:10.697,0.80053,0.80069,2.33,2.33
2012.05.07 11:23:11.225,0.80052,0.8007,2.33,3.08
2012.05.07 11:23:11.717,0.80052,0.80068,1.58,1.50
2012.05.07 11:23:12.040,0.80052,0.80068,1.58,1.50
2012.05.07 11:23:13.317,0.80053,0.80068,1.58,1.50
2012.05.07 11:23:13.874,0.80053,0.80068,1.58,1.50
2012.05.07 11:23:14.124,0.80051,0.80068,1.58,3.08
2012.05.07 11:23:14.253,0.80053,0.80068,1.58,1.50
2012.05.07 11:23:14.447,0.80051,0.80068,1.58,3.08
2012.05.07 11:23:14.966,0.80051,0.80068,1.58,1.50
2012.05.07 11:23:15.474,0.80051,0.80069,2.33,2.33
2012.05.07 11:23:19.994,0.80053,0.8007,1.58,3.08
2012.05.07 11:23:20.704,0.80052,0.80068,1.58,2.33
2012.05.07 11:23:21.243,0.80053,0.8007,1.58,3.83
2012.05.07 11:23:21.744,0.80052,0.80068,2.33,2.33
2012.05.07 11:23:24.753,0.80052,0.8007,2.33,2.25
2012.05.07 11:23:31.182,0.80053,0.8007,1.58,3.83
2012.05.07 11:23:33.334,0.80055,0.8007,1.58,2.25
2012.05.07 11:23:33.524,0.80053,0.8007,3.15,3.83
2012.05.07 11:23:34.886,0.80053,0.8007,1.58,3.83
2012.05.07 11:23:35.445,0.8005,0.80067,2.33,2.33
2012.05.07 11:23:36.637,0.80052,0.80069,2.33,2.33
2012.05.07 11:23:36.703,0.80052,0.80069,2.33,2.33
2012.05.07 11:23:38.664,0.80056,0.8007,1.58,1.50
2012.05.07 11:23:40.389,0.80059,0.80073,1.58,1.50
2012.05.07 11:23:40.680,0.80057,0.80073,1.58,3.08
2012.05.07 11:23:40.748,0.80057,0.80073,1.58,3.08
2012.05.07 11:23:41.456,0.80059,0.80074,1.58,3.00
2012.05.07 11:23:42.804,0.80059,0.80074,1.58,3.00
2012.05.07 11:23:42.876,0.80061,0.80076,1.58,4.50
2012.05.07 11:23:42.949,0.80063,0.80076,1.58,4.50
2012.05.07 11:23:43.515,0.80061,0.80076,3.90,1.50
2012.05.07 11:23:43.825,0.8006,0.80076,3.15,3.08
2012.05.07 11:23:44.364,0.80061,0.80076,2.33,1.50
2012.05.07 11:23:49.274,0.80062,0.80078,1.58,2.33
2012.05.07 11:23:49.823,0.80059,0.80077,3.90,2.33
2012.05.07 11:23:49.894,0.80059,0.80077,2.33,2.33
2012.05.07 11:23:50.444,0.80059,0.80078,2.33,2.33
2012.05.07 11:23:50.764,0.80059,0.80078,2.33,2.33
2012.05.07 11:23:52.884,0.80059,0.80077,2.33,2.33
2012.05.07 11:23:53.083,0.80059,0.80077,2.33,2.33
2012.05.07 11:23:53.926,0.80059,0.80077,2.33,2.33
2012.05.07 11:23:55.320,0.80059,0.80077,2.33,2.33
2012.05.07 11:23:59.714,0.80062,0.80078,1.58,3.08
2012.05.07 11:24:00.794,0.8006,0.80077,2.33,2.33
2012.05.07 11:24:01.314,0.8006,0.80077,2.33,2.33
2012.05.07 11:24:03.585,0.80062,0.80078,1.58,1.50
2012.05.07 11:24:08.846,0.80062,0.80079,1.58,3.75
2012.05.07 11:24:09.407,0.80062,0.8008,1.58,3.08
2012.05.07 11:24:09.965,0.80064,0.8008,1.58,1.50
2012.05.07 11:24:11.001,0.80064,0.8008,1.58,1.50
2012.05.07 11:24:11.557,0.80064,0.8008,1.58,1.50
2012.05.07 11:24:13.587,0.80063,0.80079,1.58,2.33
2012.05.07 11:24:14.246,0.80062,0.80079,1.58,2.33
2012.05.07 11:24:14.806,0.80063,0.8008,1.58,1.50
2012.05.07 11:24:15.318,0.80062,0.80079,1.58,2.33
2012.05.07 11:24:23.793,0.80062,0.80079,1.58,2.33
2012.05.07 11:24:23.864,0.8006,0.80078,2.33,2.33
2012.05.07 11:24:23.935,0.8006,0.80078,2.33,2.33
2012.05.07 11:24:24.477,0.80062,0.80078,1.58,2.33
2012.05.07 11:24:24.822,0.80064,0.8008,1.58,3.08
2012.05.07 11:24:27.418,0.80066,0.8008,1.58,2.33
2012.05.07 11:24:27.486,0.80068,0.8008,1.58,2.33
2012.05.07 11:24:27.805,0.80071,0.80083,1.58,1.50
2012.05.07 11:24:28.336,0.80071,0.80083,1.58,1.50
2012.05.07 11:24:30.097,0.80069,0.80086,1.58,3.08
2012.05.07 11:24:30.225,0.80071,0.80086,1.58,1.50
2012.05.07 11:24:31.454,0.80068,0.80083,1.58,1.50
2012.05.07 11:24:31.656,0.80072,0.80085,1.58,1.50
2012.05.07 11:24:31.786,0.80068,0.80085,1.58,1.50
2012.05.07 11:24:31.856,0.80068,0.80085,2.33,1.50
2012.05.07 11:24:32.285,0.80066,0.80084,1.58,1.50
2012.05.07 11:24:32.889,0.80065,0.80085,3.75,1.50
2012.05.07 11:24:34.354,0.80065,0.80085,3.75,1.50
2012.05.07 11:24:37.774,0.80065,0.80084,3.00,1.50
2012.05.07 11:24:38.285,0.80065,0.80086,3.75,1.50
2012.05.07 11:24:38.945,0.80065,0.80086,3.75,1.50
2012.05.07 11:24:39.015,0.80067,0.80087,1.50,1.50
2012.05.07 11:24:39.324,0.8007,0.8009,3.00,1.50
2012.05.07 11:24:39.457,0.80068,0.80088,1.50,1.50
2012.05.07 11:24:39.764,0.80069,0.80088,1.50,2.33
2012.05.07 11:24:40.015,0.80069,0.80086,1.50,2.33
2012.05.07 11:24:40.535,0.80069,0.80083,1.50,2.33
2012.05.07 11:24:42.487,0.80069,0.80083,1.50,2.33
2012.05.07 11:24:43.041,0.80068,0.80082,1.50,2.33
2012.05.07 11:24:43.476,0.80069,0.80082,1.50,2.33
2012.05.07 11:24:43.884,0.80069,0.80082,1.50,2.33
2012.05.07 11:24:44.095,0.80068,0.80082,1.50,2.33
2012.05.07 11:24:46.931,0.80067,0.80082,1.50,2.33
2012.05.07 11:24:47.056,0.80065,0.80082,3.08,2.33
2012.05.07 11:24:47.616,0.80067,0.80083,1.58,3.08
2012.05.07 11:24:47.925,0.80067,0.80082,1.58,1.50
2012.05.07 11:24:48.247,0.80066,0.80081,1.58,1.50
2012.05.07 11:24:48.318,0.80063,0.80077,1.50,2.33
2012.05.07 11:24:59.855,0.80059,0.80077,3.08,2.33
2012.05.07 11:25:00.824,0.8006,0.80076,3.90,2.33
2012.05.07 11:25:03.639,0.80062,0.80078,2.33,2.33
2012.05.07 11:25:04.785,0.80061,0.80079,3.08,2.33
2012.05.07 11:25:05.093,0.80061,0.80079,3.08,2.33
2012.05.07 11:25:05.164,0.80065,0.80081,1.58,3.83
2012.05.07 11:25:08.007,0.80069,0.80084,1.58,1.50
2012.05.07 11:25:08.074,0.80069,0.80084,1.58,1.50
2012.05.07 11:25:08.678,0.8007,0.80084,1.58,1.50
2012.05.07 11:25:10.249,0.80066,0.80085,1.58,3.08
2012.05.07 11:25:13.893,0.80066,0.80085,1.58,3.08
2012.05.07 11:25:14.024,0.80066,0.80085,2.33,2.33
2012.05.07 11:25:17.744,0.80066,0.80082,1.58,2.33
2012.05.07 11:25:21.474,0.80068,0.80085,1.58,1.50
2012.05.07 11:25:25.905,0.80067,0.80085,3.90,2.33
2012.05.07 11:25:26.336,0.80065,0.80081,3.75,2.33
2012.05.07 11:25:26.524,0.80064,0.80081,2.33,2.33
2012.05.07 11:25:27.064,0.80064,0.80081,2.33,2.33
2012.05.07 11:25:30.853,0.80065,0.80082,1.58,3.08
2012.05.07 11:25:31.374,0.80064,0.8008,2.33,2.33
2012.05.07 11:25:33.425,0.80064,0.8008,2.33,2.33
2012.05.07 11:25:33.938,0.80065,0.80082,1.58,2.33
2012.05.07 11:25:34.124,0.80063,0.80081,3.08,2.33
2012.05.07 11:25:38.514,0.80063,0.80081,2.33,2.33
2012.05.07 11:25:40.055,0.80063,0.8008,1.58,1.50
2012.05.07 11:25:40.186,0.80063,0.8008,1.58,1.50
2012.05.07 11:25:40.262,0.80063,0.8008,1.58,1.50
2012.05.07 11:25:40.650,0.80063,0.80081,2.33,2.33
2012.05.07 11:25:43.285,0.80061,0.80079,3.08,2.33
2012.05.07 11:25:43.796,0.8006,0.80078,2.33,2.33
2012.05.07 11:25:44.345,0.80061,0.80078,1.58,2.33
2012.05.07 11:25:44.885,0.80061,0.80078,1.58,3.08
2012.05.07 11:25:45.532,0.80063,0.80079,1.58,2.33
2012.05.07 11:25:46.045,0.80061,0.80078,2.33,2.33
2012.05.07 11:25:46.294,0.80059,0.80077,1.50,2.33
2012.05.07 11:25:46.497,0.8006,0.80077,1.50,2.33
2012.05.07 11:25:51.995,0.80061,0.80077,1.58,2.33
2012.05.07 11:25:52.303,0.80061,0.80077,1.58,2.33
2012.05.07 11:26:00.255,0.80061,0.80077,2.33,2.33
2012.05.07 11:26:00.326,0.80064,0.8008,1.58,2.33
2012.05.07 11:26:00.515,0.80062,0.80078,1.58,2.33
2012.05.07 11:26:18.226,0.80064,0.8008,1.58,4.65
2012.05.07 11:26:18.295,0.80064,0.8008,1.58,4.65
2012.05.07 11:26:18.426,0.80064,0.8008,2.33,2.33
2012.05.07 11:26:18.627,0.80068,0.80084,1.58,3.08
2012.05.07 11:26:19.197,0.80068,0.80086,2.33,2.33
2012.05.07 11:26:25.563,0.80067,0.80084,3.75,2.33
2012.05.07 11:26:26.555,0.8007,0.80084,1.58,1.58
2012.05.07 11:26:26.626,0.80074,0.80087,1.58,1.50
2012.05.07 11:26:26.695,0.80072,0.80087,4.58,1.50
2012.05.07 11:26:27.195,0.8007,0.80085,1.50,2.33
2012.05.07 11:26:27.326,0.80067,0.80083,2.33,2.33
2012.05.07 11:26:27.515,0.80066,0.80082,3.00,2.33
2012.05.07 11:26:27.936,0.80065,0.8008,1.50,2.33
2012.05.07 11:26:28.698,0.80065,0.8008,1.50,2.33
2012.05.07 11:26:30.377,0.80064,0.8008,1.50,2.33
2012.05.07 11:26:30.565,0.80063,0.8008,1.50,2.33
2012.05.07 11:26:30.965,0.80062,0.80079,2.33,1.50
2012.05.07 11:26:31.956,0.80062,0.80079,3.08,2.33
2012.05.07 11:26:32.278,0.80062,0.80079,1.58,2.33
2012.05.07 11:26:33.256,0.80063,0.8008,1.58,4.50
2012.05.07 11:26:33.507,0.80061,0.80079,2.33,2.33
2012.05.07 11:26:34.509,0.8006,0.80077,1.50,2.33
2012.05.07 11:26:35.074,0.80062,0.80078,1.58,2.33
2012.05.07 11:26:35.678,0.80061,0.80079,2.33,6.15
2012.05.07 11:26:39.293,0.80063,0.80079,1.58,4.58
2012.05.07 11:26:39.485,0.80061,0.80077,2.33,2.33
2012.05.07 11:26:40.034,0.80061,0.80077,2.33,2.33
2012.05.07 11:26:40.574,0.80063,0.80079,1.58,3.90
2012.05.07 11:26:46.954,0.8006,0.80078,5.33,2.33
2012.05.07 11:26:47.187,0.80062,0.8008,2.33,3.08
2012.05.07 11:26:47.494,0.80065,0.8008,1.58,2.25
2012.05.07 11:26:47.563,0.80062,0.8008,2.33,2.25
2012.05.07 11:26:48.825,0.80064,0.8008,4.58,1.50
2012.05.07 11:26:49.136,0.80064,0.80082,2.33,1.50
2012.05.07 11:26:49.546,0.80062,0.8008,2.33,3.08
2012.05.07 11:26:49.616,0.80064,0.8008,1.58,1.50
2012.05.07 11:26:51.508,0.80063,0.80082,2.33,3.83
2012.05.07 11:26:51.578,0.80063,0.80082,2.33,3.08
2012.05.07 11:26:52.011,0.80064,0.80082,1.50,2.33
2012.05.07 11:26:52.139,0.80064,0.80082,3.75,2.33
2012.05.07 11:26:52.587,0.80072,0.80084,1.58,1.50
2012.05.07 11:26:52.717,0.80068,0.80083,1.50,1.50
2012.05.07 11:26:52.910,0.80071,0.80083,1.58,1.50
2012.05.07 11:26:53.035,0.80067,0.80083,2.33,1.50
2012.05.07 11:26:54.328,0.80065,0.80083,3.08,1.50
2012.05.07 11:26:54.754,0.80065,0.80083,3.08,1.50
2012.05.07 11:26:54.996,0.80065,0.80083,3.08,1.50
2012.05.07 11:26:55.398,0.8007,0.80083,1.58,1.50
2012.05.07 11:26:56.868,0.80068,0.80083,2.33,1.50
2012.05.07 11:26:57.306,0.80065,0.80083,4.65,3.08
2012.05.07 11:26:57.375,0.80065,0.80083,3.08,3.08
2012.05.07 11:26:57.505,0.80068,0.80083,1.58,1.50
2012.05.07 11:26:58.786,0.80068,0.80083,1.58,1.50
2012.05.07 11:26:59.866,0.80068,0.80083,1.58,1.50
2012.05.07 11:27:00.515,0.80066,0.80082,1.58,2.33
2012.05.07 11:27:02.518,0.80067,0.80083,1.58,1.50
2012.05.07 11:27:05.223,0.80066,0.80083,1.58,3.08
2012.05.07 11:27:05.736,0.80065,0.80082,1.50,2.33
2012.05.07 11:27:08.233,0.80065,0.80083,3.08,1.50
2012.05.07 11:27:08.896,0.80065,0.80083,2.33,2.25
2012.05.07 11:27:09.443,0.80066,0.80083,1.58,3.83
2012.05.07 11:27:10.048,0.80065,0.80081,2.33,2.33
2012.05.07 11:27:12.913,0.80065,0.80081,2.33,2.33
2012.05.07 11:27:16.633,0.80063,0.80082,3.08,2.33
2012.05.07 11:27:17.189,0.80065,0.80083,3.08,3.08
2012.05.07 11:27:17.796,0.80064,0.80082,1.50,3.08
2012.05.07 11:27:20.759,0.80064,0.8008,1.50,2.33
2012.05.07 11:27:21.007,0.80062,0.8008,2.33,3.08
2012.05.07 11:27:22.278,0.80061,0.80077,3.75,2.33
2012.05.07 11:27:22.825,0.80062,0.80081,1.58,6.08
2012.05.07 11:27:23.384,0.80063,0.8008,1.58,4.58
2012.05.07 11:27:25.779,0.80063,0.8008,1.58,4.58
2012.05.07 11:27:26.146,0.80061,0.80078,2.33,2.33
2012.05.07 11:27:26.706,0.80062,0.80078,1.58,1.50
2012.05.07 11:27:38.494,0.80061,0.80078,1.50,2.33
2012.05.07 11:27:41.179,0.80061,0.8008,3.08,3.08
2012.05.07 11:27:42.983,0.80061,0.80078,2.33,1.50
2012.05.07 11:27:44.205,0.80061,0.8008,3.08,2.33
2012.05.07 11:27:44.274,0.80061,0.8008,3.08,2.33
2012.05.07 11:27:44.659,0.80063,0.80079,2.33,2.33
2012.05.07 11:27:44.730,0.8006,0.80077,1.50,2.33
2012.05.07 11:27:46.077,0.80061,0.80079,1.95,3.08
2012.05.07 11:27:46.406,0.80067,0.80084,1.58,3.08
2012.05.07 11:27:46.717,0.80069,0.80085,1.58,3.08
2012.05.07 11:27:48.017,0.80071,0.80085,1.58,1.50
2012.05.07 11:27:48.093,0.80069,0.80085,1.58,3.08
2012.05.07 11:27:48.637,0.80068,0.80083,1.13,2.33
2012.05.07 11:27:48.826,0.80074,0.80086,1.58,1.50
2012.05.07 11:27:49.375,0.80072,0.8009,2.33,3.08
2012.05.07 11:27:50.806,0.80074,0.80091,1.58,3.08
2012.05.07 11:27:51.566,0.80072,0.80087,1.50,2.33
2012.05.07 11:27:51.946,0.80072,0.80089,1.50,3.00
2012.05.07 11:27:52.707,0.80072,0.80089,3.08,3.00
2012.05.07 11:27:52.895,0.80072,0.80089,3.08,3.00
2012.05.07 11:27:53.215,0.80075,0.80091,1.58,2.33
2012.05.07 11:27:54.036,0.80076,0.80092,1.58,1.50
2012.05.07 11:27:54.507,0.80081,0.80093,1.58,3.00
2012.05.07 11:27:54.635,0.80089,0.80096,1.58,1.50
2012.05.07 11:27:54.766,0.8009,0.80101,1.58,1.63
2012.05.07 11:27:54.837,0.8009,0.80101,1.58,1.63
2012.05.07 11:27:54.906,0.80088,0.80101,1.50,1.63
2012.05.07 11:27:54.979,0.80087,0.80099,1.58,1.50
2012.05.07 11:27:55.312,0.80082,0.80099,1.58,3.08
2012.05.07 11:27:55.387,0.80079,0.80095,3.08,2.33
2012.05.07 11:27:55.575,0.80079,0.80095,2.33,2.33
2012.05.07 11:27:56.196,0.80079,0.80095,2.33,2.33
2012.05.07 11:27:58.887,0.80081,0.80097,1.58,3.08
2012.05.07 11:28:01.104,0.80081,0.80097,1.58,2.33
2012.05.07 11:28:03.358,0.8008,0.80098,1.58,3.08
2012.05.07 11:28:05.985,0.8008,0.80098,2.33,2.33
2012.05.07 11:28:06.134,0.80083,0.80099,1.58,3.08
2012.05.07 11:28:06.690,0.80083,0.80097,1.58,1.50
2012.05.07 11:28:07.991,0.80079,0.80097,2.33,2.33
2012.05.07 11:28:08.517,0.8008,0.80096,1.58,2.33
2012.05.07 11:28:08.826,0.80082,0.80098,1.58,2.33
2012.05.07 11:28:09.758,0.80082,0.80098,1.58,2.33
2012.05.07 11:28:10.178,0.80082,0.80097,1.58,1.50
2012.05.07 11:28:10.381,0.80082,0.80094,1.58,1.50
2012.05.07 11:28:10.884,0.80082,0.80094,1.58,1.50
2012.05.07 11:28:11.076,0.80082,0.80094,1.58,1.50
2012.05.07 11:28:11.267,0.80079,0.80093,2.33,2.33
2012.05.07 11:28:11.759,0.80078,0.80091,3.00,1.58
2012.05.07 11:28:11.829,0.80074,0.80091,2.25,2.33
2012.05.07 11:28:12.086,0.80077,0.80092,2.25,2.33
2012.05.07 11:28:12.218,0.80077,0.80092,3.00,2.33
2012.05.07 11:28:12.775,0.80076,0.8009,1.50,2.33
2012.05.07 11:28:13.095,0.80076,0.80092,2.25,2.33
2012.05.07 11:28:13.567,0.80077,0.80095,1.50,2.33
2012.05.07 11:28:13.849,0.80081,0.80098,1.50,1.58
2012.05.07 11:28:14.067,0.80082,0.80098,1.50,1.58
2012.05.07 11:28:14.577,0.80082,0.801,1.50,2.33
2012.05.07 11:28:14.857,0.80082,0.801,1.50,3.08
2012.05.07 11:28:15.989,0.80082,0.80097,1.50,1.58
2012.05.07 11:28:16.056,0.80082,0.80097,1.50,1.58
2012.05.07 11:28:20.854,0.80082,0.80099,3.08,3.15
2012.05.07 11:28:20.929,0.80085,0.80101,1.58,2.33
2012.05.07 11:28:20.995,0.80085,0.80102,1.58,3.83
2012.05.07 11:28:21.544,0.80085,0.80104,3.83,1.50
2012.05.07 11:28:22.071,0.80092,0.80104,1.58,1.50
2012.05.07 11:28:22.396,0.80095,0.80108,1.58,2.25
2012.05.07 11:28:22.889,0.8009,0.80108,2.33,3.08
2012.05.07 11:28:23.404,0.80091,0.80106,1.50,2.33
2012.05.07 11:28:23.949,0.80088,0.80106,6.08,3.08
2012.05.07 11:28:24.615,0.80088,0.80105,4.50,1.58
2012.05.07 11:28:25.416,0.80088,0.80105,4.50,1.58
2012.05.07 11:28:26.847,0.80089,0.80106,1.50,1.58
2012.05.07 11:28:27.046,0.80089,0.80106,1.50,1.58
2012.05.07 11:28:27.118,0.8009,0.80108,2.33,2.33
2012.05.07 11:28:27.268,0.80093,0.8011,1.58,3.83
2012.05.07 11:28:27.706,0.80093,0.80111,1.58,5.70
2012.05.07 11:28:28.398,0.80093,0.80111,2.33,4.95
2012.05.07 11:28:28.723,0.80092,0.80107,2.33,1.58
2012.05.07 11:28:29.096,0.80092,0.80109,2.33,2.33
2012.05.07 11:28:29.168,0.80096,0.80112,2.33,2.33
2012.05.07 11:28:29.354,0.80096,0.80112,4.58,1.58
2012.05.07 11:28:29.732,0.801,0.80113,1.58,1.50
2012.05.07 11:28:29.867,0.801,0.80116,2.33,1.50
2012.05.07 11:28:29.997,0.80104,0.80119,1.58,1.35
2012.05.07 11:28:30.064,0.80104,0.8012,1.58,7.50
2012.05.07 11:28:30.652,0.80104,0.8012,2.33,5.33
2012.05.07 11:28:30.906,0.80102,0.80119,2.33,2.33
2012.05.07 11:28:31.187,0.80101,0.80118,1.50,2.33
2012.05.07 11:28:31.495,0.80099,0.80117,3.83,1.50
2012.05.07 11:28:32.615,0.80099,0.80117,3.08,2.25
2012.05.07 11:28:32.747,0.80102,0.80117,1.58,2.25
2012.05.07 11:28:33.114,0.80102,0.80118,1.58,2.33
2012.05.07 11:28:34.398,0.80104,0.8012,1.58,6.15
2012.05.07 11:28:36.957,0.80102,0.80118,2.33,1.58
2012.05.07 11:28:37.285,0.80104,0.8012,2.33,3.83
2012.05.07 11:28:37.614,0.80102,0.80118,2.33,1.58
2012.05.07 11:28:37.744,0.80104,0.8012,1.58,3.83
2012.05.07 11:28:40.913,0.80102,0.80118,2.33,1.58
2012.05.07 11:28:41.443,0.80102,0.80118,2.33,1.58
2012.05.07 11:28:41.765,0.80107,0.80118,1.50,1.58
2012.05.07 11:28:42.022,0.80108,0.80124,1.58,3.45
2012.05.07 11:28:44.558,0.80103,0.80122,3.08,1.58
2012.05.07 11:28:44.686,0.80103,0.80122,2.33,2.33
2012.05.07 11:28:45.205,0.80101,0.80118,2.33,2.33
2012.05.07 11:28:45.832,0.80103,0.80119,2.33,3.08
2012.05.07 11:28:46.350,0.80103,0.80119,2.33,3.08
2012.05.07 11:28:47.507,0.80103,0.80119,1.58,1.50
2012.05.07 11:28:47.697,0.80101,0.80115,1.58,3.08
2012.05.07 11:28:47.886,0.80097,0.80115,1.50,3.83
2012.05.07 11:28:47.958,0.80096,0.80113,1.58,1.50
2012.05.07 11:28:48.265,0.80096,0.8011,1.58,3.00
2012.05.07 11:28:48.789,0.80094,0.80106,1.58,1.50
2012.05.07 11:28:48.861,0.80091,0.80107,1.58,1.50
2012.05.07 11:28:51.354,0.8009,0.80106,2.33,1.58
2012.05.07 11:28:51.964,0.80091,0.80107,1.58,1.50
2012.05.07 11:28:53.625,0.80091,0.80107,1.58,1.50
2012.05.07 11:28:54.164,0.80091,0.80109,1.58,3.08
2012.05.07 11:28:54.685,0.80092,0.80109,1.58,1.50
2012.05.07 11:28:55.302,0.80092,0.80107,1.58,1.50
2012.05.07 11:28:55.970,0.80092,0.80109,1.58,1.50
2012.05.07 11:28:56.712,0.80092,0.80107,1.58,1.50
2012.05.07 11:28:57.196,0.80092,0.80108,1.58,1.50
2012.05.07 11:28:57.586,0.80092,0.80108,1.58,1.50
2012.05.07 11:28:58.035,0.80092,0.80108,1.58,1.50
2012.05.07 11:28:58.641,0.80092,0.80108,1.58,1.50
2012.05.07 11:28:59.195,0.80091,0.80108,2.33,3.08
2012.05.07 11:28:59.785,0.80091,0.80108,2.33,3.08
2012.05.07 11:29:00.365,0.80091,0.80108,2.33,3.08
2012.05.07 11:29:03.874,0.80092,0.80108,1.58,1.50
2012.05.07 11:29:06.646,0.80091,0.80106,1.58,2.33
2012.05.07 11:29:06.955,0.80087,0.80104,1.50,3.08
2012.05.07 11:29:07.085,0.80087,0.80104,1.50,1.50
2012.05.07 11:29:07.586,0.80084,0.80103,3.83,1.50
2012.05.07 11:29:08.297,0.80084,0.80103,3.08,1.50
2012.05.07 11:29:08.684,0.80084,0.80103,3.83,1.50
2012.05.07 11:29:15.336,0.80084,0.80102,3.83,1.50
2012.05.07 11:29:16.365,0.80087,0.80102,2.33,1.50
2012.05.07 11:29:22.487,0.80085,0.80103,2.33,1.50
2012.05.07 11:29:23.354,0.80086,0.80104,1.50,2.25
2012.05.07 11:29:23.948,0.80086,0.80104,1.50,2.25
2012.05.07 11:29:24.207,0.80088,0.80108,1.50,3.08
2012.05.07 11:29:24.453,0.80088,0.80108,1.50,3.08
2012.05.07 11:29:24.529,0.80093,0.80108,1.58,1.50
2012.05.07 11:29:25.047,0.80093,0.8011,1.58,1.50
2012.05.07 11:29:37.044,0.80091,0.80109,2.33,3.08
2012.05.07 11:29:37.363,0.80091,0.80109,2.33,2.33
2012.05.07 11:29:38.164,0.80091,0.80109,2.33,3.08
2012.05.07 11:29:40.413,0.80093,0.8011,1.58,1.50
2012.05.07 11:29:41.737,0.80093,0.8011,1.58,1.50
2012.05.07 11:29:42.257,0.80093,0.80107,1.58,2.25
2012.05.07 11:29:42.508,0.80093,0.8011,1.58,1.50
2012.05.07 11:29:43.026,0.80093,0.80109,1.58,2.33
2012.05.07 11:29:43.157,0.8009,0.80107,1.50,1.58
2012.05.07 11:29:43.493,0.80089,0.80107,3.83,2.33
2012.05.07 11:29:44.745,0.80089,0.80107,3.83,2.33
2012.05.07 11:29:45.014,0.80089,0.80107,3.83,2.33
2012.05.07 11:29:48.685,0.80089,0.80107,3.08,2.33
2012.05.07 11:29:48.875,0.80088,0.80104,4.65,1.58
2012.05.07 11:29:48.947,0.80091,0.80107,1.58,2.33
2012.05.07 11:29:49.498,0.80092,0.80108,1.58,3.00
2012.05.07 11:29:50.231,0.80091,0.80108,1.58,3.08
2012.05.07 11:29:50.307,0.80093,0.80108,1.58,1.50
2012.05.07 11:29:52.657,0.80093,0.80107,1.58,1.50
2012.05.07 11:29:52.965,0.80093,0.80106,1.58,3.00
2012.05.07 11:29:53.278,0.8009,0.80106,1.58,3.00
2012.05.07 11:29:55.165,0.8009,0.80106,1.58,3.00
2012.05.07 11:29:55.718,0.80091,0.80108,1.58,3.08
2012.05.07 11:29:55.845,0.80093,0.80108,1.58,1.50
2012.05.07 11:29:55.978,0.80091,0.80107,3.15,2.33
2012.05.07 11:29:57.104,0.80093,0.80108,1.58,1.50
2012.05.07 11:30:00.108,0.80093,0.80108,1.58,1.50
2012.05.07 11:30:00.433,0.80093,0.80108,1.58,1.50
2012.05.07 11:30:00.954,0.80093,0.80107,1.58,1.50
2012.05.07 11:30:01.285,0.80093,0.80107,1.58,1.50
2012.05.07 11:30:01.417,0.8009,0.80107,1.58,2.25
2012.05.07 11:30:02.270,0.80089,0.80107,3.15,3.83
2012.05.07 11:30:04.646,0.80091,0.80107,1.58,2.25
2012.05.07 11:30:05.730,0.8009,0.80107,1.58,2.25
2012.05.07 11:30:06.773,0.8009,0.80106,1.58,2.33
2012.05.07 11:30:09.634,0.80087,0.80105,3.08,1.58
2012.05.07 11:30:10.035,0.8009,0.80107,1.58,2.25
2012.05.07 11:30:10.717,0.80088,0.80107,2.33,3.83
2012.05.07 11:30:11.234,0.80087,0.80105,3.83,1.58
2012.05.07 11:30:12.103,0.80091,0.80106,1.58,2.33
2012.05.07 11:30:12.585,0.80091,0.80108,1.58,1.50
2012.05.07 11:30:12.836,0.80092,0.80108,1.58,3.08
2012.05.07 11:30:13.027,0.8009,0.80107,2.33,2.33
2012.05.07 11:30:13.808,0.80089,0.80105,1.50,1.58
2012.05.07 11:30:13.875,0.80093,0.80109,1.58,5.33
2012.05.07 11:30:14.796,0.80093,0.80109,1.58,1.58
2012.05.07 11:30:15.107,0.80095,0.80111,1.58,6.90
2012.05.07 11:30:15.426,0.80107,0.80118,1.58,1.50
2012.05.07 11:30:15.494,0.80107,0.80119,1.58,2.25
2012.05.07 11:30:15.689,0.80103,0.80119,1.58,2.25
2012.05.07 11:30:16.365,0.80106,0.8012,1.58,3.75
2012.05.07 11:30:17.078,0.80111,0.8012,1.58,3.00
2012.05.07 11:30:17.147,0.80111,0.80124,1.58,1.50
2012.05.07 11:30:17.218,0.80109,0.80124,1.58,1.50
2012.05.07 11:30:17.345,0.80111,0.80124,1.58,1.50
2012.05.07 11:30:17.474,0.80109,0.80125,1.58,3.00
2012.05.07 11:30:17.666,0.80107,0.80125,1.58,4.58
2012.05.07 11:30:17.734,0.8011,0.80125,1.58,3.00
2012.05.07 11:30:17.995,0.80107,0.80125,1.58,4.58
2012.05.07 11:30:18.326,0.80109,0.80125,1.58,2.25
2012.05.07 11:30:20.528,0.80111,0.80125,1.58,3.00
2012.05.07 11:30:21.473,0.80111,0.80125,1.58,3.00
2012.05.07 11:30:21.694,0.80111,0.80125,1.58,3.00
2012.05.07 11:30:22.199,0.80111,0.80125,1.58,3.00
2012.05.07 11:30:22.265,0.80111,0.80125,1.58,3.00
2012.05.07 11:30:22.809,0.8011,0.80125,1.58,2.25
2012.05.07 11:30:22.877,0.80112,0.80125,1.58,2.25
2012.05.07 11:30:23.444,0.8011,0.80125,1.58,1.50
2012.05.07 11:30:23.654,0.80113,0.80125,1.58,1.50
2012.05.07 11:30:24.205,0.80111,0.80125,1.58,1.50
2012.05.07 11:30:24.716,0.8011,0.80126,1.58,1.50
2012.05.07 11:30:24.964,0.80112,0.80125,1.58,1.50
2012.05.07 11:30:26.256,0.8011,0.80125,1.58,1.50
2012.05.07 11:30:26.814,0.80108,0.80125,1.58,1.50
2012.05.07 11:30:28.416,0.80113,0.80125,1.58,1.50
2012.05.07 11:30:28.488,0.80113,0.80128,1.58,1.50
2012.05.07 11:30:28.758,0.80115,0.80128,1.58,1.50
2012.05.07 11:30:28.832,0.80113,0.80129,1.58,1.50
2012.05.07 11:30:29.318,0.8011,0.80127,2.33,1.58
2012.05.07 11:30:29.947,0.80108,0.80125,3.08,2.33
2012.05.07 11:30:30.494,0.80108,0.80124,2.33,2.25
2012.05.07 11:30:31.005,0.80106,0.80124,3.08,3.83
2012.05.07 11:30:31.377,0.80106,0.80124,3.08,3.83
2012.05.07 11:30:36.173,0.80107,0.80124,2.33,2.25
2012.05.07 11:30:36.243,0.80107,0.80124,2.33,2.25
2012.05.07 11:30:37.947,0.8011,0.80124,1.58,2.25
2012.05.07 11:30:38.256,0.80111,0.80128,1.58,1.50
2012.05.07 11:30:38.766,0.8011,0.80126,1.58,1.58
2012.05.07 11:30:42.884,0.8011,0.80126,3.08,1.58
2012.05.07 11:30:43.356,0.80112,0.80128,1.58,4.65
2012.05.07 11:30:43.435,0.8011,0.80126,2.33,1.58
2012.05.07 11:30:44.097,0.8011,0.80126,2.33,1.58
2012.05.07 11:30:44.655,0.8011,0.80126,2.33,1.58
2012.05.07 11:30:45.884,0.8011,0.80126,1.58,2.33
2012.05.07 11:30:46.205,0.80108,0.80124,1.50,1.58
2012.05.07 11:30:46.684,0.80106,0.80124,3.08,2.33
2012.05.07 11:30:48.175,0.80106,0.80124,3.08,2.33
2012.05.07 11:30:48.515,0.80106,0.80124,3.08,2.33
2012.05.07 11:30:49.233,0.80106,0.80124,3.08,2.33
2012.05.07 11:30:51.173,0.80106,0.80121,1.50,1.58
2012.05.07 11:30:52.564,0.80106,0.80124,3.08,2.33
2012.05.07 11:30:56.984,0.80106,0.80124,2.33,2.33
2012.05.07 11:30:58.934,0.80106,0.80124,2.33,2.33
2012.05.07 11:31:01.045,0.80107,0.80125,2.33,1.58
2012.05.07 11:31:01.589,0.80107,0.80126,2.33,3.83
2012.05.07 11:31:05.604,0.80107,0.80125,2.33,1.58
2012.05.07 11:31:05.918,0.80111,0.80126,2.33,1.50
2012.05.07 11:31:06.107,0.8011,0.80128,3.08,3.08
2012.05.07 11:31:06.537,0.80113,0.80128,2.33,1.58
2012.05.07 11:31:06.618,0.80115,0.80132,3.00,2.33
2012.05.07 11:31:06.689,0.80114,0.80132,2.25,2.33
2012.05.07 11:31:07.196,0.80113,0.80132,3.08,2.33
2012.05.07 11:31:07.297,0.80116,0.80132,1.58,2.33
2012.05.07 11:31:07.646,0.80114,0.8013,1.58,1.58
2012.05.07 11:31:07.944,0.80115,0.80133,1.58,3.08
2012.05.07 11:31:08.485,0.80115,0.80132,1.58,1.50
2012.05.07 11:31:08.847,0.80115,0.80133,2.33,3.08
2012.05.07 11:31:08.916,0.80115,0.80133,5.33,3.08
2012.05.07 11:31:09.531,0.80118,0.80135,1.58,1.50
2012.05.07 11:31:10.019,0.80121,0.80137,1.58,3.83
2012.05.07 11:31:10.756,0.80121,0.80137,2.33,2.33
2012.05.07 11:31:11.283,0.80122,0.80139,4.65,2.33
2012.05.07 11:31:11.486,0.80124,0.80141,1.58,2.33
2012.05.07 11:31:12.254,0.80122,0.80139,3.08,2.33
2012.05.07 11:31:17.406,0.80122,0.80139,3.08,2.33
2012.05.07 11:31:18.026,0.80122,0.80139,3.08,2.33
2012.05.07 11:31:18.516,0.80121,0.80138,2.33,3.08
2012.05.07 11:31:18.646,0.80121,0.80138,3.90,3.08
2012.05.07 11:31:18.716,0.80121,0.80138,4.65,3.08
2012.05.07 11:31:18.969,0.80122,0.8014,2.33,1.50
2012.05.07 11:31:19.096,0.80123,0.80141,1.35,3.08
2012.05.07 11:31:19.169,0.80123,0.80141,1.35,3.83
2012.05.07 11:31:19.241,0.80124,0.80138,1.50,1.58
2012.05.07 11:31:19.309,0.80125,0.80141,2.33,1.50
2012.05.07 11:31:19.379,0.8013,0.80141,1.58,1.50
2012.05.07 11:31:19.723,0.80132,0.80146,1.58,1.50
2012.05.07 11:31:19.801,0.80132,0.80146,1.58,1.50
2012.05.07 11:31:20.115,0.80128,0.80146,3.08,2.33
2012.05.07 11:31:20.305,0.80128,0.80146,2.33,2.33
2012.05.07 11:31:20.614,0.80127,0.80146,2.33,2.33
2012.05.07 11:31:21.058,0.80127,0.80146,1.50,2.33
2012.05.07 11:31:21.315,0.80127,0.80142,1.50,1.58
2012.05.07 11:31:21.725,0.80128,0.80142,1.50,1.58
2012.05.07 11:31:22.075,0.80128,0.80144,1.50,1.58
2012.05.07 11:31:22.417,0.80127,0.80143,1.50,1.58
2012.05.07 11:31:22.954,0.80127,0.80145,1.50,2.33
2012.05.07 11:31:24.029,0.80124,0.80139,3.08,2.33
2012.05.07 11:31:24.548,0.80122,0.80137,2.25,1.58
2012.05.07 11:31:24.622,0.80121,0.80137,1.50,1.58
2012.05.07 11:31:24.946,0.80121,0.80134,1.50,1.58
2012.05.07 11:31:27.955,0.80118,0.80135,1.50,1.58
2012.05.07 11:31:29.844,0.80118,0.80133,1.50,1.58
2012.05.07 11:31:30.899,0.80118,0.80135,2.33,1.50
2012.05.07 11:31:32.537,0.80122,0.80138,2.33,3.15
2012.05.07 11:31:32.608,0.80124,0.8014,1.58,5.40
2012.05.07 11:31:32.945,0.80122,0.80139,2.33,2.33
2012.05.07 11:31:33.016,0.80122,0.80139,3.08,2.33
2012.05.07 11:31:37.337,0.80122,0.8014,2.33,3.83
2012.05.07 11:31:37.655,0.80124,0.8014,1.58,2.25
2012.05.07 11:31:37.727,0.80121,0.80139,2.33,2.33
2012.05.07 11:31:37.970,0.8012,0.80137,3.08,2.33
2012.05.07 11:31:39.979,0.80122,0.80139,1.50,2.33
2012.05.07 11:31:40.048,0.80124,0.8014,3.83,2.33
2012.05.07 11:31:40.556,0.80125,0.80143,1.58,3.08
2012.05.07 11:31:40.796,0.80124,0.8014,5.33,1.58
2012.05.07 11:31:41.344,0.80124,0.80139,3.75,1.58
2012.05.07 11:31:41.801,0.80125,0.80142,1.58,1.50
2012.05.07 11:31:43.036,0.80125,0.80141,1.58,1.58
2012.05.07 11:31:43.685,0.80123,0.8014,2.33,1.58
2012.05.07 11:31:44.270,0.80124,0.8014,1.50,1.58
2012.05.07 11:31:44.788,0.80123,0.8014,3.08,1.58
2012.05.07 11:31:45.436,0.80122,0.80137,1.50,1.58
2012.05.07 11:31:45.626,0.80124,0.80141,2.33,2.33
2012.05.07 11:31:46.744,0.80124,0.80141,3.08,1.58
2012.05.07 11:31:47.236,0.80123,0.80139,2.33,1.58
2012.05.07 11:31:48.109,0.80123,0.80142,3.08,3.90
2012.05.07 11:31:48.609,0.80123,0.80139,3.08,1.58
2012.05.07 11:31:48.735,0.80122,0.80138,1.50,1.58
2012.05.07 11:31:52.869,0.8012,0.80136,3.83,1.58
2012.05.07 11:31:53.578,0.8012,0.80135,2.25,1.58
2012.05.07 11:31:54.476,0.80118,0.80133,1.50,1.58
2012.05.07 11:31:55.013,0.80118,0.80135,1.50,1.58
2012.05.07 11:31:55.747,0.80118,0.80134,1.50,1.58
2012.05.07 11:31:56.638,0.8012,0.80135,1.50,1.58
2012.05.07 11:31:56.707,0.8012,0.80133,1.50,1.58
2012.05.07 11:31:59.111,0.80119,0.80136,1.50,1.58
2012.05.07 11:31:59.474,0.80122,0.80138,1.50,2.33
2012.05.07 11:31:59.604,0.80122,0.80136,1.50,1.58
2012.05.07 11:32:00.370,0.80121,0.80133,1.50,1.58
2012.05.07 11:32:00.497,0.80121,0.80137,1.50,1.58
2012.05.07 11:32:01.046,0.80122,0.80138,3.08,2.33
2012.05.07 11:32:01.657,0.80121,0.80137,3.00,1.58
2012.05.07 11:32:01.727,0.80123,0.80139,1.58,2.33
2012.05.07 11:32:01.856,0.80125,0.80142,1.58,2.33
2012.05.07 11:32:02.053,0.80122,0.80141,4.65,2.33
2012.05.07 11:32:02.308,0.80124,0.80142,2.33,2.33
2012.05.07 11:32:02.375,0.80124,0.80142,3.08,2.33
2012.05.07 11:32:02.688,0.80122,0.8014,3.08,2.33
2012.05.07 11:32:03.209,0.80125,0.8014,1.58,1.50
2012.05.07 11:32:03.277,0.80125,0.80142,1.58,3.08
2012.05.07 11:32:04.085,0.80123,0.80141,1.50,3.08
2012.05.07 11:32:04.156,0.80125,0.80141,2.25,3.08
2012.05.07 11:32:04.938,0.80124,0.80142,2.33,2.33
2012.05.07 11:32:05.289,0.80123,0.8014,2.33,2.33
2012.05.07 11:32:05.618,0.80127,0.80142,1.58,1.50
2012.05.07 11:32:05.938,0.80123,0.80135,2.25,1.58
2012.05.07 11:32:06.455,0.80117,0.80134,6.08,1.50
2012.05.07 11:32:06.918,0.80116,0.80134,2.33,2.33
2012.05.07 11:32:07.050,0.80114,0.80133,2.33,3.08
2012.05.07 11:32:07.565,0.80114,0.80133,1.58,3.08
2012.05.07 11:32:08.066,0.80115,0.80132,1.58,2.33
2012.05.07 11:32:09.647,0.80115,0.80131,1.58,1.50
2012.05.07 11:32:09.716,0.80113,0.80131,1.58,3.08
2012.05.07 11:32:09.785,0.80113,0.80128,1.58,1.50
2012.05.07 11:32:10.483,0.8011,0.80127,3.08,2.33
2012.05.07 11:32:14.356,0.8011,0.80126,2.33,1.58
2012.05.07 11:32:16.485,0.8011,0.80126,2.33,2.33
2012.05.07 11:32:17.757,0.80108,0.80125,1.58,1.50
2012.05.07 11:32:18.153,0.80107,0.80124,3.00,2.33
2012.05.07 11:32:18.369,0.8011,0.80126,1.58,3.08
2012.05.07 11:32:19.106,0.8011,0.80126,1.58,3.08
2012.05.07 11:32:19.517,0.80112,0.80128,1.58,2.25
2012.05.07 11:32:19.826,0.8011,0.80128,3.08,3.08
2012.05.07 11:32:20.466,0.80111,0.80127,1.58,2.33
2012.05.07 11:32:20.537,0.80112,0.80129,1.58,1.50
2012.05.07 11:32:20.787,0.80113,0.80126,2.25,1.58
2012.05.07 11:32:20.856,0.80109,0.80126,3.00,2.33
2012.05.07 11:32:20.929,0.80112,0.80127,1.58,2.33
2012.05.07 11:32:21.284,0.80119,0.80135,1.58,3.90
2012.05.07 11:32:21.784,0.80119,0.80134,3.00,1.58
2012.05.07 11:32:22.785,0.80122,0.80137,2.25,3.08
2012.05.07 11:32:23.335,0.80118,0.80135,2.33,1.58
2012.05.07 11:32:24.007,0.8012,0.80138,1.58,3.83
2012.05.07 11:32:24.375,0.80118,0.80136,2.33,2.33
2012.05.07 11:32:27.086,0.80118,0.80136,2.33,2.33
2012.05.07 11:32:27.515,0.80121,0.80137,1.58,3.08
2012.05.07 11:32:28.186,0.80119,0.80135,4.65,1.58
2012.05.07 11:32:28.554,0.80118,0.80135,2.25,1.58
2012.05.07 11:32:29.076,0.80118,0.80137,3.83,2.33
2012.05.07 11:32:29.443,0.80116,0.80132,3.75,1.58
2012.05.07 11:32:29.767,0.80111,0.80127,2.25,1.58
2012.05.07 11:32:29.836,0.80108,0.80127,6.83,1.58
2012.05.07 11:32:29.906,0.8011,0.80125,3.00,1.58
2012.05.07 11:32:30.421,0.80108,0.80124,3.75,1.58
2012.05.07 11:32:30.668,0.80108,0.80127,5.33,3.08
2012.05.07 11:32:30.737,0.80114,0.80127,1.58,1.50
2012.05.07 11:32:30.985,0.80116,0.80131,1.58,2.25
2012.05.07 11:32:31.309,0.80117,0.80132,1.58,1.50
2012.05.07 11:32:31.578,0.80116,0.80133,1.58,2.33
2012.05.07 11:32:31.839,0.80117,0.80135,3.00,2.33
2012.05.07 11:32:32.325,0.80114,0.80133,4.58,3.08
2012.05.07 11:32:32.518,0.80113,0.80129,2.25,1.58
2012.05.07 11:32:32.829,0.80111,0.80128,3.08,2.33
2012.05.07 11:32:34.406,0.80111,0.80128,3.08,1.58
2012.05.07 11:32:34.597,0.80113,0.80131,1.58,1.50
2012.05.07 11:32:35.145,0.80113,0.80131,3.83,1.50
2012.05.07 11:32:35.690,0.80114,0.8013,1.58,1.50
2012.05.07 11:32:35.824,0.80114,0.8013,1.58,1.50
2012.05.07 11:32:35.956,0.80114,0.80131,1.58,2.33
2012.05.07 11:32:36.515,0.80114,0.80131,4.58,2.33
2012.05.07 11:32:37.036,0.80114,0.80131,4.58,2.33
2012.05.07 11:32:37.623,0.80114,0.80131,2.33,1.58
2012.05.07 11:32:37.917,0.80116,0.80132,1.58,2.33
2012.05.07 11:32:38.555,0.80118,0.80135,1.58,1.50
2012.05.07 11:32:38.715,0.80118,0.80135,2.33,1.50
2012.05.07 11:32:38.785,0.80118,0.80135,1.58,1.50
2012.05.07 11:32:39.329,0.80115,0.80133,3.08,2.33
2012.05.07 11:32:40.126,0.80118,0.80134,1.58,2.33
2012.05.07 11:32:40.767,0.80116,0.80132,2.33,2.33
2012.05.07 11:32:40.957,0.80118,0.80134,2.33,2.33
2012.05.07 11:32:41.447,0.80118,0.80134,2.33,1.58
2012.05.07 11:32:41.776,0.8012,0.80136,1.58,2.33
2012.05.07 11:32:42.436,0.8012,0.80136,2.33,2.33
2012.05.07 11:32:43.468,0.80118,0.80134,1.50,1.58
2012.05.07 11:32:45.057,0.80116,0.80134,4.50,1.58
2012.05.07 11:32:45.636,0.80116,0.80134,4.50,1.58
2012.05.07 11:32:47.708,0.80117,0.80134,3.00,1.58
2012.05.07 11:32:48.045,0.80117,0.80135,4.58,2.33
2012.05.07 11:32:48.276,0.80119,0.80135,2.33,2.33
2012.05.07 11:32:48.829,0.80117,0.80135,1.50,2.33
2012.05.07 11:32:49.134,0.80116,0.80135,6.08,2.33
2012.05.07 11:32:50.766,0.8012,0.80135,2.33,1.58
2012.05.07 11:32:50.896,0.80123,0.80141,2.25,3.08
2012.05.07 11:32:51.026,0.80125,0.80141,1.50,1.58
2012.05.07 11:32:51.214,0.80125,0.80142,3.08,2.33
2012.05.07 11:32:51.715,0.80125,0.80141,1.50,2.33
2012.05.07 11:32:52.074,0.80125,0.80138,1.50,1.58
2012.05.07 11:32:53.327,0.80125,0.8014,1.50,1.58
2012.05.07 11:32:55.221,0.80125,0.8014,1.50,1.58
2012.05.07 11:32:55.802,0.80125,0.8014,1.50,1.58
2012.05.07 11:32:58.275,0.80124,0.8014,1.50,1.58
2012.05.07 11:32:58.656,0.80125,0.80142,1.50,1.58
2012.05.07 11:32:59.183,0.80124,0.80142,3.08,1.58
2012.05.07 11:32:59.553,0.80125,0.80142,1.50,1.58
2012.05.07 11:32:59.626,0.80124,0.80142,3.08,1.58
2012.05.07 11:33:00.146,0.80126,0.80143,2.33,1.58
2012.05.07 11:33:00.397,0.80129,0.80147,3.08,3.08
2012.05.07 11:33:00.706,0.80132,0.80146,1.50,1.58
2012.05.07 11:33:01.228,0.80135,0.80152,2.33,6.08
2012.05.07 11:33:01.299,0.80137,0.80152,1.50,1.58
2012.05.07 11:33:01.427,0.80137,0.80155,2.33,2.33
2012.05.07 11:33:01.500,0.80137,0.80156,5.33,3.08
2012.05.07 11:33:01.566,0.80137,0.80156,5.33,3.08
2012.05.07 11:33:02.398,0.80138,0.80153,1.50,1.58
2012.05.07 11:33:02.798,0.80139,0.80155,2.33,2.33
2012.05.07 11:33:03.046,0.80138,0.80153,1.50,1.58
2012.05.07 11:33:03.458,0.80136,0.80153,3.08,1.58
2012.05.07 11:33:03.529,0.80135,0.80151,3.75,1.58
2012.05.07 11:33:03.845,0.80135,0.80145,2.25,1.58
2012.05.07 11:33:03.917,0.80131,0.80145,1.50,1.58
2012.05.07 11:33:04.465,0.80131,0.80146,2.25,1.58
2012.05.07 11:33:04.825,0.80131,0.80148,3.83,1.58
2012.05.07 11:33:05.150,0.80131,0.80148,3.83,1.58
2012.05.07 11:33:05.329,0.80131,0.80148,3.83,1.58
2012.05.07 11:33:05.635,0.80132,0.8015,2.33,1.58
2012.05.07 11:33:05.836,0.80131,0.80148,3.83,1.58
2012.05.07 11:33:05.905,0.80131,0.80148,3.83,1.58
2012.05.07 11:33:06.055,0.80131,0.80148,3.83,1.58
2012.05.07 11:33:07.216,0.80132,0.8015,2.33,1.58
2012.05.07 11:33:07.544,0.80132,0.8015,2.33,1.58
2012.05.07 11:33:10.967,0.80131,0.80148,3.08,1.58
2012.05.07 11:33:11.037,0.80131,0.80148,4.65,1.58
2012.05.07 11:33:11.107,0.80132,0.8015,2.33,1.58
2012.05.07 11:33:11.308,0.80131,0.80147,1.50,1.58
2012.05.07 11:33:11.825,0.80131,0.80148,3.08,1.58
2012.05.07 11:33:12.510,0.80131,0.80147,1.50,1.58
2012.05.07 11:33:13.045,0.8013,0.80147,4.50,1.58
2012.05.07 11:33:13.576,0.80131,0.80147,1.50,1.58
2012.05.07 11:33:14.237,0.80131,0.80147,1.50,1.58
2012.05.07 11:33:14.486,0.8013,0.80149,6.08,1.58
2012.05.07 11:33:15.224,0.80131,0.80149,1.50,1.58
2012.05.07 11:33:21.598,0.80133,0.80149,1.58,2.33
2012.05.07 11:33:21.727,0.80131,0.80148,1.58,2.33
2012.05.07 11:33:21.797,0.8013,0.80146,2.25,1.58
2012.05.07 11:33:22.187,0.80128,0.80145,1.88,2.33
2012.05.07 11:33:22.895,0.80128,0.80144,1.50,1.58
2012.05.07 11:33:28.854,0.80128,0.80145,2.33,3.08
2012.05.07 11:33:29.226,0.8013,0.80145,1.58,1.50
2012.05.07 11:33:30.631,0.80132,0.80148,1.58,3.08
2012.05.07 11:33:30.764,0.80132,0.80148,1.58,2.33
2012.05.07 11:33:31.174,0.80132,0.80148,1.58,2.33
2012.05.07 11:33:31.735,0.80129,0.80148,2.33,2.33
2012.05.07 11:33:33.023,0.80129,0.80148,1.58,3.08
2012.05.07 11:33:35.099,0.80129,0.80148,1.58,3.08
2012.05.07 11:33:35.165,0.80129,0.80148,2.33,2.33
2012.05.07 11:33:35.435,0.80129,0.80147,2.33,1.50
2012.05.07 11:33:35.985,0.80129,0.80148,2.33,2.33
2012.05.07 11:33:36.568,0.80129,0.80147,2.33,1.50
2012.05.07 11:33:38.710,0.80129,0.80148,2.33,2.33
2012.05.07 11:33:39.334,0.80129,0.80147,2.33,1.50
2012.05.07 11:33:39.939,0.80129,0.80147,2.33,1.50
2012.05.07 11:33:40.205,0.80129,0.80148,2.33,2.33
2012.05.07 11:33:40.454,0.80129,0.80147,2.33,1.50
2012.05.07 11:33:41.616,0.80129,0.80148,2.33,2.33
2012.05.07 11:33:42.117,0.80131,0.8015,1.58,5.40
2012.05.07 11:33:42.416,0.80131,0.8015,1.58,3.83
2012.05.07 11:33:42.487,0.80133,0.8015,1.58,3.08
2012.05.07 11:33:42.797,0.80137,0.80154,1.58,3.08
2012.05.07 11:33:42.936,0.80137,0.80154,1.58,1.50
2012.05.07 11:33:43.376,0.80137,0.80155,2.33,2.33
2012.05.07 11:33:45.509,0.80137,0.80155,2.33,2.33
2012.05.07 11:33:46.777,0.80141,0.80157,1.58,3.08
2012.05.07 11:33:46.845,0.80141,0.80157,3.08,3.08
2012.05.07 11:33:47.097,0.80141,0.80159,2.33,1.50
2012.05.07 11:33:47.169,0.80138,0.80157,3.08,2.33
2012.05.07 11:33:47.536,0.80142,0.80158,1.58,2.33
2012.05.07 11:33:47.748,0.8014,0.80157,1.58,2.33
2012.05.07 11:33:48.166,0.8014,0.80157,1.58,2.33
2012.05.07 11:33:48.475,0.80141,0.80159,2.33,3.08
2012.05.07 11:33:48.824,0.80141,0.80159,2.33,3.08
2012.05.07 11:33:49.497,0.8014,0.80157,3.00,2.33
2012.05.07 11:33:49.624,0.80138,0.80157,3.08,2.33
2012.05.07 11:33:49.768,0.80142,0.80158,1.58,2.33
2012.05.07 11:33:50.085,0.80142,0.80158,1.58,2.33
2012.05.07 11:33:50.466,0.8014,0.80158,2.25,2.33
2012.05.07 11:33:51.016,0.80141,0.80159,3.83,3.83
2012.05.07 11:33:51.145,0.80141,0.80159,4.58,2.33
2012.05.07 11:33:51.456,0.80138,0.80157,2.33,2.33
2012.05.07 11:33:51.835,0.80141,0.80157,1.58,2.33
2012.05.07 11:33:53.304,0.80138,0.80157,3.90,2.33
2012.05.07 11:33:54.082,0.80138,0.80156,2.33,1.50
2012.05.07 11:33:54.595,0.80138,0.80157,2.33,2.33
2012.05.07 11:33:54.866,0.8014,0.80158,2.33,2.33
2012.05.07 11:33:55.375,0.8014,0.80158,2.33,3.08
2012.05.07 11:33:55.759,0.8014,0.80158,4.58,3.08
2012.05.07 11:33:56.017,0.8014,0.80158,4.58,2.33
2012.05.07 11:33:56.569,0.80145,0.8016,1.58,1.50
2012.05.07 11:33:56.931,0.80149,0.8016,1.58,1.50
2012.05.07 11:33:57.015,0.80151,0.80167,2.33,1.50
2012.05.07 11:33:57.448,0.80153,0.80169,2.33,1.58
2012.05.07 11:33:57.997,0.80152,0.80168,3.75,1.58
2012.05.07 11:33:58.246,0.80152,0.80168,3.00,1.58
2012.05.07 11:33:58.436,0.8015,0.80166,1.50,2.33
2012.05.07 11:33:58.988,0.8015,0.80165,1.50,1.58
2012.05.07 11:33:59.211,0.8015,0.80165,1.50,1.58
2012.05.07 11:33:59.657,0.80147,0.80164,2.25,2.33
2012.05.07 11:34:00.210,0.80148,0.80164,1.50,1.58
2012.05.07 11:34:00.770,0.80145,0.80163,2.25,1.58
2012.05.07 11:34:00.979,0.80145,0.80158,2.33,1.58
2012.05.07 11:34:01.049,0.80145,0.8016,2.33,1.58
2012.05.07 11:34:01.296,0.80143,0.80159,3.83,1.58
2012.05.07 11:34:01.818,0.80143,0.80158,1.50,1.58
2012.05.07 11:34:02.205,0.80143,0.80161,1.50,2.33
2012.05.07 11:34:02.417,0.80145,0.80161,1.58,1.58
2012.05.07 11:34:03.269,0.80143,0.80159,1.50,1.58
2012.05.07 11:34:03.625,0.80142,0.80157,2.25,1.58
2012.05.07 11:34:06.699,0.80142,0.80156,1.50,1.58
2012.05.07 11:34:06.769,0.80141,0.80156,2.25,1.58
2012.05.07 11:34:07.553,0.8014,0.80156,1.58,1.58
2012.05.07 11:34:08.060,0.80137,0.80155,2.33,1.58
2012.05.07 11:34:09.066,0.80138,0.80155,1.50,1.58
2012.05.07 11:34:09.136,0.80138,0.80155,2.85,1.58
2012.05.07 11:34:09.446,0.80142,0.80157,3.00,1.58
2012.05.07 11:34:11.105,0.80142,0.80157,3.75,1.58
2012.05.07 11:34:11.539,0.80143,0.8016,1.50,1.58
2012.05.07 11:34:12.110,0.80143,0.80159,1.50,1.58
2012.05.07 11:34:13.315,0.80144,0.80161,2.33,2.33
2012.05.07 11:34:13.859,0.80144,0.80161,3.08,1.58
2012.05.07 11:34:14.463,0.80144,0.80161,3.08,1.58
2012.05.07 11:34:14.539,0.80144,0.80161,3.08,1.58
2012.05.07 11:34:15.119,0.80144,0.80161,3.08,1.58
2012.05.07 11:34:15.336,0.80146,0.80163,1.58,2.33
2012.05.07 11:34:16.053,0.80146,0.80163,1.58,2.33
2012.05.07 11:34:16.133,0.80144,0.80161,1.58,1.50
2012.05.07 11:34:16.407,0.80142,0.80159,1.50,1.58
2012.05.07 11:34:16.654,0.8014,0.80159,3.83,2.33
2012.05.07 11:34:17.406,0.80141,0.80159,1.58,2.33
2012.05.07 11:34:17.476,0.80143,0.80159,2.33,2.33
2012.05.07 11:34:21.054,0.80141,0.80158,3.08,1.58
2012.05.07 11:34:21.373,0.80141,0.80158,3.08,3.15
2012.05.07 11:34:21.567,0.80145,0.80161,1.58,3.08
2012.05.07 11:34:21.768,0.80142,0.8016,1.58,3.08
2012.05.07 11:34:25.077,0.80142,0.8016,2.33,2.33
2012.05.07 11:34:25.206,0.80142,0.80158,2.33,1.58
2012.05.07 11:34:25.396,0.80139,0.80155,1.50,1.58
2012.05.07 11:34:25.678,0.80137,0.80153,3.75,1.58
2012.05.07 11:34:26.046,0.80137,0.80155,3.75,2.33
2012.05.07 11:34:27.365,0.80137,0.80155,3.00,2.33
2012.05.07 11:34:27.906,0.80137,0.80155,3.00,2.33
2012.05.07 11:34:28.675,0.80137,0.80155,3.00,1.58
2012.05.07 11:34:29.245,0.80137,0.80155,3.00,1.58
2012.05.07 11:34:34.646,0.80139,0.80155,1.58,1.58
2012.05.07 11:34:35.179,0.80137,0.80154,5.33,1.58
2012.05.07 11:34:35.304,0.80138,0.80156,2.33,2.33
2012.05.07 11:34:35.858,0.80138,0.80157,3.08,2.33
2012.05.07 11:34:41.277,0.80139,0.80157,1.50,2.33
2012.05.07 11:34:41.859,0.80143,0.80158,1.58,2.33
2012.05.07 11:34:41.986,0.80143,0.80159,1.58,3.83
2012.05.07 11:34:46.304,0.80142,0.8016,2.33,2.33
2012.05.07 11:34:47.243,0.80142,0.8016,1.58,3.08
2012.05.07 11:34:47.767,0.80142,0.8016,2.33,2.33
2012.05.07 11:34:49.318,0.80143,0.8016,3.00,1.58
2012.05.07 11:34:49.894,0.80142,0.8016,2.33,2.33
2012.05.07 11:34:51.327,0.80142,0.8016,1.58,3.08
2012.05.07 11:34:51.856,0.8014,0.80158,3.08,1.58
2012.05.07 11:34:51.950,0.8014,0.80156,3.08,1.58
2012.05.07 11:34:52.078,0.80141,0.80158,2.33,1.58
2012.05.07 11:34:52.595,0.80141,0.80158,1.58,2.33
2012.05.07 11:34:53.138,0.80141,0.80158,2.33,1.58
2012.05.07 11:34:53.705,0.80143,0.80159,1.58,3.08
2012.05.07 11:34:55.106,0.80141,0.80158,3.08,1.58
2012.05.07 11:34:56.423,0.80141,0.80158,2.33,3.08
2012.05.07 11:34:56.951,0.80141,0.80158,2.33,2.33
2012.05.07 11:34:57.474,0.80141,0.80158,2.33,3.08
2012.05.07 11:34:57.975,0.80141,0.80158,3.08,2.33
2012.05.07 11:35:00.246,0.80141,0.80158,2.33,3.08
2012.05.07 11:35:00.826,0.80141,0.80158,2.33,2.33
2012.05.07 11:35:02.373,0.8014,0.80156,2.33,1.58
2012.05.07 11:35:04.014,0.80138,0.80155,3.83,1.58
2012.05.07 11:35:04.964,0.80138,0.80155,2.33,2.33
2012.05.07 11:35:05.277,0.80137,0.80153,4.50,1.58
2012.05.07 11:35:06.189,0.80137,0.80152,3.75,1.58
2012.05.07 11:35:06.328,0.80137,0.80155,1.50,3.08
2012.05.07 11:35:07.100,0.80137,0.80152,1.50,1.58
2012.05.07 11:35:07.609,0.80137,0.80152,1.50,1.58
2012.05.07 11:35:09.377,0.80136,0.80152,3.83,1.58
2012.05.07 11:35:09.567,0.80133,0.8015,3.08,1.58
2012.05.07 11:35:09.695,0.80133,0.80148,1.50,1.58
2012.05.07 11:35:11.825,0.80133,0.8015,3.08,1.58
2012.05.07 11:35:12.317,0.8013,0.80148,3.08,1.58
2012.05.07 11:35:12.627,0.8013,0.80144,1.50,1.58
2012.05.07 11:35:12.939,0.80127,0.8014,1.50,1.58
2012.05.07 11:35:13.079,0.80124,0.80139,1.50,1.58
2012.05.07 11:35:13.145,0.80124,0.80142,1.50,2.33
2012.05.07 11:35:13.396,0.80121,0.80141,1.50,1.50
2012.05.07 11:35:13.466,0.80121,0.80141,1.50,1.50
2012.05.07 11:35:16.126,0.80121,0.80141,1.50,1.50
2012.05.07 11:35:18.194,0.80121,0.8014,1.50,2.33
2012.05.07 11:35:18.517,0.8012,0.80138,3.75,2.33
2012.05.07 11:35:20.694,0.8012,0.8014,5.33,1.50
2012.05.07 11:35:21.595,0.80121,0.80142,3.08,2.33
2012.05.07 11:35:21.906,0.80126,0.80143,2.33,1.50
2012.05.07 11:35:22.458,0.80126,0.80145,2.33,2.33
2012.05.07 11:35:22.990,0.80126,0.80143,3.15,1.50
2012.05.07 11:35:23.339,0.80128,0.80143,1.58,1.50
2012.05.07 11:35:24.997,0.80128,0.80143,2.33,1.50
2012.05.07 11:35:25.127,0.80136,0.80146,1.58,1.50
2012.05.07 11:35:25.257,0.80136,0.80147,1.58,2.25
2012.05.07 11:35:25.507,0.80134,0.80147,1.58,2.25
2012.05.07 11:35:26.069,0.80131,0.80147,2.33,2.25
2012.05.07 11:35:26.827,0.80131,0.80147,1.50,2.25
2012.05.07 11:35:27.051,0.80134,0.8015,1.58,3.90
2012.05.07 11:35:27.555,0.80135,0.80151,4.58,2.33
2012.05.07 11:35:27.808,0.80135,0.80153,4.58,3.83
2012.05.07 11:35:28.056,0.80135,0.80151,1.58,1.58
2012.05.07 11:35:28.124,0.80132,0.8015,3.08,1.58
2012.05.07 11:35:28.678,0.80132,0.8015,1.58,3.83
2012.05.07 11:35:29.432,0.80131,0.80148,1.58,1.58
2012.05.07 11:35:30.296,0.80132,0.8015,1.58,3.83
2012.05.07 11:35:31.375,0.80131,0.80148,1.58,1.58
2012.05.07 11:35:31.914,0.80131,0.80148,2.33,1.58
2012.05.07 11:35:32.516,0.80132,0.8015,2.33,3.83
2012.05.07 11:35:33.464,0.80132,0.8015,1.58,3.83
2012.05.07 11:35:34.239,0.80131,0.80148,1.58,2.33
2012.05.07 11:35:34.799,0.80132,0.8015,1.58,5.40
2012.05.07 11:35:35.228,0.80139,0.8015,2.25,2.25
2012.05.07 11:35:35.489,0.80139,0.80155,1.58,4.58
2012.05.07 11:35:35.855,0.80137,0.80153,2.33,1.58
2012.05.07 11:35:36.523,0.80138,0.80156,2.33,3.08
2012.05.07 11:35:38.337,0.80136,0.80154,4.58,2.33
2012.05.07 11:35:38.876,0.80138,0.80156,2.33,3.08
2012.05.07 11:35:39.346,0.80136,0.80153,5.33,2.33
2012.05.07 11:35:39.599,0.80134,0.80149,1.50,1.58
2012.05.07 11:35:39.906,0.80131,0.80148,1.50,2.33
2012.05.07 11:35:40.417,0.80133,0.80149,2.33,2.33
2012.05.07 11:35:41.111,0.80133,0.80149,2.33,2.33
2012.05.07 11:35:41.899,0.80131,0.80148,3.08,2.33
2012.05.07 11:35:42.027,0.80131,0.80148,3.08,2.33
2012.05.07 11:35:42.678,0.80131,0.80148,2.33,2.33
2012.05.07 11:35:43.206,0.80132,0.80151,2.33,3.08
2012.05.07 11:35:43.660,0.80137,0.80151,2.33,1.50
2012.05.07 11:35:46.065,0.80134,0.80153,2.33,3.08
2012.05.07 11:35:46.327,0.80133,0.8015,3.90,2.33
2012.05.07 11:35:46.776,0.80133,0.8015,2.33,2.33
2012.05.07 11:35:47.601,0.80133,0.8015,2.33,2.33
2012.05.07 11:35:47.665,0.80133,0.8015,2.33,2.33
2012.05.07 11:35:48.495,0.80132,0.80148,2.33,1.58
2012.05.07 11:35:49.224,0.80133,0.8015,2.33,2.33
2012.05.07 11:35:50.365,0.80133,0.8015,2.33,2.33
2012.05.07 11:35:53.455,0.80133,0.8015,2.33,2.33
2012.05.07 11:35:53.995,0.80133,0.8015,4.58,1.58
2012.05.07 11:35:54.806,0.80134,0.80153,4.58,3.08
2012.05.07 11:35:55.118,0.80134,0.80153,4.58,3.08
2012.05.07 11:35:55.304,0.80134,0.80153,4.58,3.08
2012.05.07 11:35:56.438,0.80134,0.80153,4.58,3.08
2012.05.07 11:35:56.716,0.80134,0.80153,4.58,3.08
2012.05.07 11:35:57.275,0.80134,0.80153,4.58,3.83
2012.05.07 11:35:57.829,0.80134,0.80153,4.58,3.08
2012.05.07 11:35:57.947,0.80134,0.80153,4.58,3.08
2012.05.07 11:35:58.204,0.80134,0.80153,4.58,3.08
2012.05.07 11:35:58.616,0.80132,0.80149,4.58,1.58
2012.05.07 11:35:58.687,0.80132,0.80149,4.58,1.58
2012.05.07 11:35:58.755,0.80134,0.80151,2.33,2.33
2012.05.07 11:35:59.736,0.80134,0.80151,1.58,2.33
2012.05.07 11:36:00.286,0.80136,0.80152,1.58,2.33
2012.05.07 11:36:01.096,0.80136,0.80152,2.33,2.33
2012.05.07 11:36:01.626,0.80133,0.80152,2.33,2.33
2012.05.07 11:36:02.875,0.80133,0.80152,2.33,2.33
2012.05.07 11:36:03.547,0.80136,0.80152,2.33,2.33
2012.05.07 11:36:04.839,0.80137,0.80154,2.33,2.33
2012.05.07 11:36:04.968,0.80139,0.80155,1.58,2.33
2012.05.07 11:36:05.906,0.80139,0.80155,2.33,2.33
2012.05.07 11:36:06.038,0.80139,0.80155,2.33,1.58
2012.05.07 11:36:06.467,0.80142,0.80158,2.33,2.33
2012.05.07 11:36:06.775,0.80142,0.80158,2.33,2.33
2012.05.07 11:36:06.965,0.80142,0.80158,2.33,2.33
2012.05.07 11:36:07.778,0.80144,0.8016,2.33,4.65
2012.05.07 11:36:07.848,0.80144,0.8016,2.33,3.08
2012.05.07 11:36:11.748,0.80145,0.80163,2.33,1.58
2012.05.07 11:36:11.817,0.8015,0.80164,1.58,1.50
2012.05.07 11:36:12.126,0.8015,0.80166,2.33,1.50
2012.05.07 11:36:12.198,0.80155,0.80167,1.58,1.50
2012.05.07 11:36:12.469,0.80154,0.8017,1.58,3.08
2012.05.07 11:36:12.536,0.80154,0.8017,4.58,1.58
2012.05.07 11:36:12.609,0.80155,0.80173,3.08,2.33
2012.05.07 11:36:13.119,0.80156,0.80175,2.33,2.33
2012.05.07 11:36:13.486,0.80156,0.80175,2.33,2.33
2012.05.07 11:36:14.044,0.80156,0.80175,3.08,2.33
2012.05.07 11:36:14.428,0.80159,0.80176,1.58,2.33
2012.05.07 11:36:14.557,0.80157,0.80174,2.33,1.58
2012.05.07 11:36:14.929,0.80157,0.80175,1.50,2.33
2012.05.07 11:36:14.999,0.80161,0.80177,1.58,5.40
2012.05.07 11:36:15.632,0.80161,0.80177,1.58,2.33
2012.05.07 11:36:15.766,0.80159,0.80175,2.33,2.33
2012.05.07 11:36:16.278,0.80159,0.80175,2.33,2.33
2012.05.07 11:36:16.575,0.80159,0.80175,2.33,2.33
2012.05.07 11:36:18.776,0.80157,0.80173,3.00,1.58
2012.05.07 11:36:19.026,0.80157,0.80176,2.33,2.33
2012.05.07 11:36:19.095,0.80157,0.80176,2.33,2.33
2012.05.07 11:36:19.318,0.80157,0.80176,2.33,2.33
2012.05.07 11:36:19.961,0.80157,0.80176,4.65,2.33
2012.05.07 11:36:20.626,0.80162,0.80178,2.33,2.33
2012.05.07 11:36:21.727,0.80159,0.80177,2.33,2.33
2012.05.07 11:36:21.858,0.8016,0.80179,2.33,2.33
2012.05.07 11:36:22.048,0.8016,0.80176,3.00,1.58
2012.05.07 11:36:22.357,0.80159,0.80174,2.33,1.58
2012.05.07 11:36:22.545,0.80159,0.80174,2.33,1.58
2012.05.07 11:36:22.678,0.80157,0.80172,1.50,1.58
2012.05.07 11:36:22.867,0.80159,0.80174,2.33,1.58
2012.05.07 11:36:23.197,0.80159,0.80176,3.08,1.58
2012.05.07 11:36:23.268,0.80159,0.80176,3.08,1.58
2012.05.07 11:36:23.794,0.8016,0.80179,2.33,2.33
2012.05.07 11:36:24.467,0.8016,0.80179,2.33,2.33
2012.05.07 11:36:24.634,0.8016,0.80179,2.33,2.33
2012.05.07 11:36:25.287,0.8016,0.80178,2.33,3.90
2012.05.07 11:36:25.477,0.8016,0.80178,2.33,2.33
2012.05.07 11:36:26.777,0.80162,0.8018,2.33,2.33
2012.05.07 11:36:27.366,0.80159,0.80177,2.33,1.58
2012.05.07 11:36:27.494,0.80159,0.80177,2.33,1.58
2012.05.07 11:36:28.544,0.80161,0.80177,1.50,1.58
2012.05.07 11:36:28.734,0.80161,0.80177,1.50,1.58
2012.05.07 11:36:29.046,0.80159,0.80173,1.50,1.58
2012.05.07 11:36:29.297,0.80157,0.80171,2.25,1.58
2012.05.07 11:36:29.488,0.80153,0.80169,3.08,1.58
2012.05.07 11:36:30.017,0.80154,0.80172,3.08,3.90
2012.05.07 11:36:30.472,0.80158,0.80172,1.58,2.33
2012.05.07 11:36:30.598,0.80154,0.80169,1.50,1.58
2012.05.07 11:36:31.250,0.80154,0.8017,3.08,1.58
2012.05.07 11:36:31.538,0.80157,0.80173,2.33,2.33
2012.05.07 11:36:31.845,0.8016,0.80176,2.33,3.90
2012.05.07 11:36:32.179,0.80162,0.80178,2.33,3.08
2012.05.07 11:36:32.498,0.80163,0.8018,2.33,3.90
2012.05.07 11:36:32.807,0.80163,0.8018,2.33,2.33
2012.05.07 11:36:37.008,0.80163,0.80179,2.33,2.33
2012.05.07 11:36:37.759,0.80163,0.80179,2.33,2.33
2012.05.07 11:36:39.737,0.8016,0.80179,2.33,2.33
2012.05.07 11:36:41.486,0.80172,0.80184,1.58,1.88
2012.05.07 11:36:41.557,0.80172,0.80185,2.33,1.13
2012.05.07 11:36:42.089,0.8017,0.80188,4.58,1.13
2012.05.07 11:36:42.647,0.80169,0.80187,1.50,2.33
2012.05.07 11:36:43.077,0.80167,0.80186,1.50,3.08
2012.05.07 11:36:43.146,0.80167,0.80186,1.50,3.08
2012.05.07 11:36:43.577,0.80164,0.80181,1.50,1.58
2012.05.07 11:36:44.090,0.80165,0.80182,2.33,2.33
2012.05.07 11:36:44.848,0.80165,0.80182,3.90,2.33
2012.05.07 11:36:45.337,0.80167,0.80183,2.33,2.33
2012.05.07 11:36:45.968,0.80167,0.80183,2.33,2.33
2012.05.07 11:36:46.257,0.80169,0.80185,2.33,3.90
2012.05.07 11:36:46.739,0.80167,0.80184,2.33,1.58
2012.05.07 11:36:46.809,0.80166,0.80182,2.33,1.58
2012.05.07 11:36:47.325,0.80167,0.80184,3.08,1.58
2012.05.07 11:36:47.588,0.80169,0.80184,1.50,1.58
2012.05.07 11:36:47.778,0.80171,0.80188,1.58,2.33
2012.05.07 11:36:48.317,0.80171,0.80188,3.08,1.58
2012.05.07 11:36:48.857,0.80173,0.80189,1.58,1.58
2012.05.07 11:36:49.346,0.80174,0.80192,4.65,2.33
2012.05.07 11:36:49.416,0.80176,0.80194,1.58,3.83
2012.05.07 11:36:49.946,0.80175,0.80192,1.58,2.33
2012.05.07 11:36:50.254,0.80174,0.8019,1.50,1.58
2012.05.07 11:36:54.439,0.80174,0.8019,1.50,1.58
2012.05.07 11:36:54.694,0.80173,0.8019,1.50,1.58
2012.05.07 11:36:55.086,0.80173,0.80187,1.50,1.58
2012.05.07 11:36:55.884,0.80172,0.80187,1.50,1.58
2012.05.07 11:36:56.617,0.8017,0.80187,3.08,1.58
2012.05.07 11:36:56.939,0.80169,0.80185,1.50,1.58
2012.05.07 11:36:57.067,0.80167,0.80184,1.50,1.58
2012.05.07 11:36:57.196,0.80167,0.80182,1.50,1.58
2012.05.07 11:36:57.947,0.80167,0.80184,3.08,1.58
2012.05.07 11:37:00.539,0.80167,0.80184,3.08,1.58
2012.05.07 11:37:00.746,0.80173,0.8019,2.33,1.50
2012.05.07 11:37:00.995,0.80172,0.80189,3.08,1.58
2012.05.07 11:37:01.435,0.80172,0.80187,1.50,1.58
2012.05.07 11:37:02.228,0.80171,0.80187,3.75,1.58
2012.05.07 11:37:03.117,0.80171,0.80189,3.08,3.90
2012.05.07 11:37:03.287,0.80171,0.80187,1.50,1.58
2012.05.07 11:37:03.891,0.80172,0.80187,1.50,1.58
2012.05.07 11:37:04.404,0.80172,0.80186,1.50,1.58
2012.05.07 11:37:08.230,0.80168,0.80186,1.50,2.33
2012.05.07 11:37:09.465,0.8017,0.80188,1.50,2.33
2012.05.07 11:37:09.659,0.80171,0.80188,1.50,1.58
2012.05.07 11:37:09.792,0.80174,0.8019,2.33,1.58
2012.05.07 11:37:10.218,0.80174,0.80193,2.33,3.08
2012.05.07 11:37:10.525,0.80172,0.8019,3.08,1.58
2012.05.07 11:37:11.349,0.80173,0.80192,2.33,4.58
2012.05.07 11:37:12.781,0.80172,0.8019,3.08,1.58
2012.05.07 11:37:13.334,0.80174,0.80191,2.33,1.58
2012.05.07 11:37:17.366,0.80174,0.80191,2.33,1.58
2012.05.07 11:37:20.785,0.80172,0.80188,1.50,1.58
2012.05.07 11:37:26.219,0.80173,0.80186,1.50,1.58
2012.05.07 11:37:26.871,0.80173,0.80186,1.50,1.58
2012.05.07 11:37:26.937,0.80173,0.80188,1.50,1.58
2012.05.07 11:37:31.366,0.80171,0.80188,1.50,1.58
2012.05.07 11:37:34.257,0.8017,0.80188,1.50,1.58
2012.05.07 11:37:34.328,0.8017,0.80185,1.50,2.33
2012.05.07 11:37:34.650,0.80162,0.80179,1.50,1.58
2012.05.07 11:37:34.777,0.80162,0.80179,1.50,2.33
2012.05.07 11:37:35.286,0.80162,0.80181,1.50,1.50
2012.05.07 11:37:35.777,0.80159,0.80179,3.08,1.50
2012.05.07 11:37:35.907,0.80159,0.80175,3.08,1.58
2012.05.07 11:37:36.098,0.80159,0.80178,2.33,1.58
2012.05.07 11:37:36.170,0.80159,0.80178,2.33,1.58
2012.05.07 11:37:36.440,0.80163,0.80181,1.50,1.58
2012.05.07 11:37:36.815,0.80161,0.80179,2.33,2.33
2012.05.07 11:37:37.335,0.8016,0.80177,1.50,1.58
2012.05.07 11:37:45.617,0.80159,0.80177,3.08,2.33
2012.05.07 11:37:47.544,0.80159,0.80174,1.50,1.58
2012.05.07 11:37:48.067,0.80159,0.80177,3.08,3.90
2012.05.07 11:37:49.044,0.80159,0.80177,3.08,2.33
2012.05.07 11:37:49.406,0.80159,0.80176,1.58,1.50
2012.05.07 11:37:49.968,0.8016,0.80177,1.50,2.33
2012.05.07 11:37:50.105,0.8016,0.80177,1.50,1.58
2012.05.07 11:37:53.596,0.80162,0.80178,1.58,2.33
2012.05.07 11:37:53.936,0.8016,0.80176,3.08,1.58
2012.05.07 11:37:58.636,0.8016,0.80177,1.50,1.58
2012.05.07 11:38:03.656,0.8016,0.80177,1.50,1.58
2012.05.07 11:38:10.065,0.8016,0.80177,1.50,1.58
2012.05.07 11:38:11.834,0.8016,0.80177,1.50,1.58
2012.05.07 11:38:12.690,0.8016,0.80176,1.50,1.58
2012.05.07 11:38:13.057,0.80159,0.80178,3.08,3.15
2012.05.07 11:38:16.611,0.80164,0.8018,2.33,1.58
2012.05.07 11:38:17.897,0.80164,0.8018,3.08,1.58
2012.05.07 11:38:20.176,0.80164,0.8018,3.08,1.58
2012.05.07 11:38:20.459,0.80171,0.80185,1.58,1.50
2012.05.07 11:38:20.586,0.80173,0.80188,1.58,2.25
2012.05.07 11:38:20.780,0.80171,0.80187,3.08,2.33
2012.05.07 11:38:22.350,0.80169,0.80184,1.50,1.58
2012.05.07 11:38:24.138,0.80169,0.80186,1.50,1.58
2012.05.07 11:38:24.687,0.80173,0.80187,1.50,1.58
2012.05.07 11:38:24.820,0.80171,0.80187,2.33,1.58
2012.05.07 11:38:25.139,0.8017,0.80185,1.50,1.58
2012.05.07 11:38:27.604,0.80169,0.80185,2.33,1.58
2012.05.07 11:38:28.865,0.8017,0.80185,1.50,1.58
2012.05.07 11:38:28.995,0.80171,0.80187,2.33,1.58
2012.05.07 11:38:30.147,0.8017,0.80186,1.50,1.58
2012.05.07 11:38:41.654,0.80168,0.80185,1.50,1.58
2012.05.07 11:38:41.726,0.80168,0.80182,1.50,1.58
2012.05.07 11:38:42.036,0.80168,0.8018,1.50,1.58
2012.05.07 11:38:42.818,0.80164,0.8018,3.75,1.58
2012.05.07 11:38:47.444,0.80163,0.80181,2.33,1.58
2012.05.07 11:38:47.825,0.80164,0.80179,1.50,1.58
2012.05.07 11:38:48.835,0.80166,0.80181,1.50,1.58
2012.05.07 11:38:48.966,0.80166,0.80181,1.50,1.58
2012.05.07 11:38:57.165,0.80167,0.80181,1.50,1.58
2012.05.07 11:38:58.666,0.80167,0.80181,1.50,1.58
2012.05.07 11:38:58.795,0.80167,0.80183,1.50,1.58
2012.05.07 11:39:00.419,0.80168,0.80184,2.33,1.58
2012.05.07 11:39:01.012,0.80169,0.80185,3.08,1.58
2012.05.07 11:39:03.097,0.80169,0.80183,1.50,1.58
2012.05.07 11:39:03.389,0.8017,0.80185,1.50,1.58
2012.05.07 11:39:03.960,0.80169,0.80185,2.33,1.58
2012.05.07 11:39:07.327,0.8017,0.80185,1.50,1.58
2012.05.07 11:39:07.576,0.80175,0.8019,1.50,1.58
2012.05.07 11:39:07.707,0.80176,0.80193,2.33,1.50
2012.05.07 11:39:07.778,0.80179,0.80195,1.58,2.33
2012.05.07 11:39:08.027,0.80176,0.80192,3.08,1.58
2012.05.07 11:39:08.716,0.80175,0.80191,1.50,1.58
2012.05.07 11:39:08.793,0.80175,0.8019,1.50,1.58
2012.05.07 11:39:09.299,0.80175,0.8019,1.50,1.58
2012.05.07 11:39:09.366,0.80175,0.80192,1.50,1.58
2012.05.07 11:39:11.790,0.80176,0.80192,1.50,1.58
2012.05.07 11:39:12.487,0.80176,0.80194,1.50,1.58
2012.05.07 11:39:12.617,0.80177,0.80192,1.50,1.58
2012.05.07 11:39:13.117,0.80176,0.80192,1.50,1.58
2012.05.07 11:39:13.447,0.80177,0.80192,1.50,1.58
2012.05.07 11:39:16.406,0.80177,0.80191,1.50,1.58
2012.05.07 11:39:16.481,0.80176,0.80192,1.50,1.58
2012.05.07 11:39:16.680,0.80176,0.80195,1.50,2.25
2012.05.07 11:39:16.927,0.80178,0.80195,1.50,2.25
2012.05.07 11:39:17.441,0.80178,0.80194,1.50,2.25
2012.05.07 11:39:17.579,0.80177,0.80197,1.50,1.50
2012.05.07 11:39:18.785,0.80178,0.80198,1.50,2.33
2012.05.07 11:39:20.217,0.80177,0.80197,3.08,1.50
2012.05.07 11:39:21.707,0.80177,0.80197,3.08,1.50
2012.05.07 11:39:22.384,0.80177,0.80197,1.50,3.08
2012.05.07 11:39:24.102,0.80179,0.80199,1.50,3.08
2012.05.07 11:39:30.397,0.80181,0.80199,1.50,1.58
2012.05.07 11:39:30.946,0.80181,0.802,1.50,1.58
2012.05.07 11:39:31.485,0.80181,0.80202,3.08,1.50
2012.05.07 11:39:31.617,0.80182,0.80202,3.00,1.50
2012.05.07 11:39:31.938,0.80193,0.80208,1.58,3.00
2012.05.07 11:39:32.006,0.80193,0.8021,1.58,5.33
2012.05.07 11:39:32.078,0.8019,0.80209,1.58,2.33
2012.05.07 11:39:32.620,0.80189,0.80205,2.33,2.25
2012.05.07 11:39:33.156,0.80189,0.80205,2.33,2.25
2012.05.07 11:39:33.732,0.80188,0.80204,3.08,1.58
2012.05.07 11:39:33.812,0.80188,0.80204,3.08,1.58
2012.05.07 11:39:37.816,0.8019,0.80205,1.58,2.25
2012.05.07 11:39:38.235,0.80188,0.80205,2.33,4.58
2012.05.07 11:39:38.366,0.80188,0.80205,1.50,4.58
2012.05.07 11:39:38.655,0.80186,0.80204,3.08,1.50
2012.05.07 11:39:40.522,0.80184,0.802,3.90,1.58
2012.05.07 11:39:40.585,0.80184,0.802,1.58,2.33
2012.05.07 11:39:40.775,0.80184,0.802,1.58,3.08
2012.05.07 11:39:40.906,0.80181,0.80197,2.33,2.33
2012.05.07 11:39:41.346,0.80179,0.80196,1.50,2.33
2012.05.07 11:39:41.944,0.80179,0.80196,1.50,2.33
2012.05.07 11:39:42.537,0.80179,0.80196,1.50,1.58
2012.05.07 11:39:42.608,0.80181,0.80196,1.13,1.58
2012.05.07 11:39:42.821,0.8019,0.80207,1.58,2.33
2012.05.07 11:39:42.889,0.8019,0.80207,2.33,1.58
2012.05.07 11:39:43.126,0.80192,0.8021,1.50,2.33
2012.05.07 11:39:43.451,0.8019,0.80207,3.08,1.58
2012.05.07 11:39:43.947,0.80189,0.80203,1.50,1.58
2012.05.07 11:39:45.276,0.80186,0.80196,1.50,1.13
2012.05.07 11:39:45.420,0.80184,0.80191,2.25,1.95
2012.05.07 11:39:45.489,0.80184,0.80189,2.25,1.58
2012.05.07 11:39:45.618,0.80176,0.80186,1.05,1.50
2012.05.07 11:39:45.690,0.80172,0.80185,2.21,1.50
2012.05.07 11:39:45.759,0.8017,0.80182,1.58,2.33
2012.05.07 11:39:45.827,0.8017,0.80178,1.58,1.58
2012.05.07 11:39:45.898,0.80166,0.80183,1.50,2.33
2012.05.07 11:39:46.087,0.80163,0.80182,3.08,2.33
2012.05.07 11:39:46.976,0.80171,0.80183,1.58,1.50
2012.05.07 11:39:47.121,0.80167,0.80184,1.58,1.50
2012.05.07 11:39:47.419,0.80168,0.80187,2.33,2.33
2012.05.07 11:39:47.958,0.80171,0.80186,1.58,1.50
2012.05.07 11:39:48.427,0.80168,0.80186,3.08,3.08
2012.05.07 11:39:49.016,0.80166,0.80184,2.33,1.58
2012.05.07 11:39:50.477,0.80171,0.80187,1.58,2.33
2012.05.07 11:39:51.030,0.8017,0.80188,2.33,3.08
2012.05.07 11:39:51.566,0.8017,0.80188,3.08,2.33
2012.05.07 11:39:52.077,0.8017,0.80187,1.50,1.58
2012.05.07 11:39:52.267,0.80168,0.80187,1.58,2.33
2012.05.07 11:39:52.336,0.80168,0.80184,1.58,2.25
2012.05.07 11:39:52.706,0.80165,0.80183,3.08,1.58
2012.05.07 11:39:52.895,0.80165,0.80183,3.08,1.58
2012.05.07 11:39:53.535,0.80167,0.80185,2.33,2.33
2012.05.07 11:39:55.595,0.80167,0.80185,3.08,2.33
2012.05.07 11:39:56.209,0.80167,0.80185,3.08,2.93
2012.05.07 11:39:56.454,0.80167,0.80184,3.08,3.00
2012.05.07 11:40:00.549,0.80168,0.80184,1.50,4.58
2012.05.07 11:40:00.617,0.80168,0.80181,1.50,1.58
2012.05.07 11:40:00.935,0.80164,0.80177,1.50,1.58
2012.05.07 11:40:01.386,0.80164,0.80177,1.50,1.58
2012.05.07 11:40:02.001,0.80162,0.80179,1.50,2.33
2012.05.07 11:40:02.797,0.80162,0.80179,1.50,2.33
2012.05.07 11:40:03.316,0.80163,0.8018,2.33,2.33
2012.05.07 11:40:04.095,0.80164,0.80182,2.33,2.33
2012.05.07 11:40:04.748,0.80164,0.80182,3.08,2.33
2012.05.07 11:40:05.876,0.80164,0.80182,3.08,2.33
2012.05.07 11:40:07.276,0.80167,0.80182,1.50,1.58
2012.05.07 11:40:09.555,0.80167,0.80182,1.50,1.58
2012.05.07 11:40:12.817,0.80166,0.80179,1.50,1.58
2012.05.07 11:40:12.948,0.80166,0.80181,1.50,1.58
2012.05.07 11:40:13.019,0.80161,0.80177,1.50,1.58
2012.05.07 11:40:13.208,0.80162,0.80176,1.50,1.58
2012.05.07 11:40:13.574,0.80162,0.80177,1.50,1.58
2012.05.07 11:40:13.658,0.80165,0.80183,2.33,2.33
2012.05.07 11:40:13.726,0.80165,0.80183,2.33,2.33
2012.05.07 11:40:13.795,0.80166,0.80183,1.50,2.33
2012.05.07 11:40:14.686,0.80166,0.80183,1.50,1.58
2012.05.07 11:40:14.875,0.80165,0.80181,3.08,1.58
2012.05.07 11:40:15.068,0.80164,0.80181,1.50,2.33
2012.05.07 11:40:15.595,0.80164,0.80182,1.50,2.33
2012.05.07 11:40:15.779,0.80164,0.80182,1.50,2.33
2012.05.07 11:40:16.596,0.80163,0.80179,1.50,2.33
2012.05.07 11:40:16.883,0.80163,0.80177,1.50,1.58
2012.05.07 11:40:16.959,0.8016,0.80176,1.50,1.58
2012.05.07 11:40:17.029,0.80159,0.80174,1.50,1.58
2012.05.07 11:40:17.339,0.80158,0.8017,1.50,1.58
2012.05.07 11:40:17.886,0.80155,0.80169,1.50,1.58
2012.05.07 11:40:18.200,0.80151,0.80169,3.08,2.33
2012.05.07 11:40:18.390,0.80151,0.80163,1.50,1.58
2012.05.07 11:40:18.587,0.80151,0.80163,1.50,2.33
2012.05.07 11:40:18.908,0.80148,0.80161,1.50,2.33
2012.05.07 11:40:19.539,0.80145,0.80161,3.08,2.33
2012.05.07 11:40:19.974,0.80144,0.80158,3.90,1.35
2012.05.07 11:40:20.416,0.80138,0.8015,1.50,2.25
2012.05.07 11:40:20.548,0.80135,0.8015,2.33,3.00
2012.05.07 11:40:20.919,0.80137,0.80152,1.50,1.50
2012.05.07 11:40:21.230,0.80144,0.80157,2.33,1.05
2012.05.07 11:40:21.360,0.80144,0.80164,3.08,1.50
2012.05.07 11:40:21.491,0.80145,0.80162,2.33,1.58
2012.05.07 11:40:22.124,0.80148,0.80166,2.33,2.33
2012.05.07 11:40:22.457,0.80143,0.80157,1.50,1.58
2012.05.07 11:40:22.778,0.80143,0.80155,1.50,1.58
2012.05.07 11:40:22.906,0.80143,0.80158,1.50,1.58
2012.05.07 11:40:22.979,0.80143,0.80158,1.50,1.58
2012.05.07 11:40:23.278,0.80143,0.80158,1.50,1.58
2012.05.07 11:40:23.767,0.80146,0.80161,1.50,1.58
2012.05.07 11:40:23.836,0.80146,0.80161,1.50,1.58
2012.05.07 11:40:24.395,0.80146,0.80162,1.50,1.58
2012.05.07 11:40:25.203,0.80146,0.80161,1.50,1.58
2012.05.07 11:40:27.319,0.80146,0.8016,1.50,1.58
2012.05.07 11:40:27.925,0.80146,0.80162,1.50,1.58
2012.05.07 11:40:28.147,0.80146,0.80162,1.50,2.33
2012.05.07 11:40:29.737,0.80146,0.80162,1.50,2.33
2012.05.07 11:40:30.388,0.80146,0.80159,1.50,1.58
2012.05.07 11:40:30.839,0.80143,0.80159,2.33,2.33
2012.05.07 11:40:31.086,0.80137,0.80153,1.50,1.58
2012.05.07 11:40:31.295,0.80136,0.80153,1.50,2.33
2012.05.07 11:40:31.819,0.80136,0.80153,1.50,2.33
2012.05.07 11:40:32.019,0.80132,0.80148,2.33,1.58
2012.05.07 11:40:32.085,0.8013,0.80145,1.65,1.58
2012.05.07 11:40:32.800,0.80127,0.80145,1.50,2.33
2012.05.07 11:40:33.118,0.80125,0.8014,1.50,1.58
2012.05.07 11:40:33.581,0.80123,0.80138,3.75,1.58
2012.05.07 11:40:33.657,0.80119,0.80135,3.08,1.58
2012.05.07 11:40:33.861,0.80119,0.80135,3.08,1.58
2012.05.07 11:40:34.166,0.80121,0.80138,1.50,3.15
2012.05.07 11:40:34.238,0.80124,0.80142,2.33,3.08
2012.05.07 11:40:34.717,0.80124,0.80142,3.08,2.33
2012.05.07 11:40:34.861,0.8013,0.80145,2.33,1.50
2012.05.07 11:40:34.930,0.8013,0.80146,2.33,2.33
2012.05.07 11:40:35.518,0.80127,0.80145,2.33,2.33
2012.05.07 11:40:35.887,0.80127,0.80145,2.33,2.33
2012.05.07 11:40:36.382,0.80127,0.80145,2.33,2.33
2012.05.07 11:40:38.177,0.80126,0.80142,3.83,1.58
2012.05.07 11:40:38.427,0.80126,0.80142,2.25,1.58
2012.05.07 11:40:38.796,0.80128,0.80144,1.58,2.33
2012.05.07 11:40:39.049,0.80129,0.80142,1.50,1.58
2012.05.07 11:40:39.567,0.80129,0.80142,1.50,1.58
2012.05.07 11:40:40.105,0.80125,0.80142,4.50,1.58
2012.05.07 11:40:42.864,0.80125,0.80143,6.08,2.33
2012.05.07 11:40:44.387,0.80129,0.80146,2.33,2.33
2012.05.07 11:40:46.495,0.80126,0.80142,3.08,1.58
2012.05.07 11:40:47.294,0.80124,0.8014,1.50,2.33
2012.05.07 11:40:47.370,0.80123,0.8014,3.08,2.33
2012.05.07 11:40:47.916,0.80122,0.80138,3.08,2.33
2012.05.07 11:40:48.797,0.80122,0.80138,2.33,2.33
2012.05.07 11:40:49.617,0.80123,0.80141,2.33,4.58
2012.05.07 11:40:53.065,0.80123,0.80141,2.33,4.58
2012.05.07 11:40:58.806,0.80122,0.80138,2.33,2.33
2012.05.07 11:40:59.076,0.80122,0.80138,2.33,2.33
2012.05.07 11:40:59.878,0.80126,0.80139,2.33,2.25
2012.05.07 11:41:00.006,0.80126,0.80142,2.33,4.58
2012.05.07 11:41:00.507,0.80127,0.80142,2.33,3.00
2012.05.07 11:41:00.696,0.80127,0.80142,2.33,2.25
2012.05.07 11:41:01.510,0.8013,0.80146,2.33,1.50
2012.05.07 11:41:02.065,0.80131,0.80149,2.33,3.08
2012.05.07 11:41:03.297,0.80132,0.80148,2.33,2.33
2012.05.07 11:41:03.828,0.80133,0.80149,2.33,1.50
2012.05.07 11:41:07.016,0.80133,0.80149,2.33,1.50
2012.05.07 11:41:07.314,0.80133,0.80149,2.33,1.50
2012.05.07 11:41:14.484,0.80131,0.80149,2.33,3.08
2012.05.07 11:41:14.556,0.80131,0.80149,2.33,3.08
2012.05.07 11:41:16.065,0.80131,0.80149,2.33,3.08
2012.05.07 11:41:16.625,0.80131,0.80149,2.33,3.08
2012.05.07 11:41:17.200,0.80131,0.80149,2.33,3.08
2012.05.07 11:41:19.308,0.80131,0.80149,2.33,3.08
2012.05.07 11:41:19.632,0.80136,0.80148,1.58,3.00
2012.05.07 11:41:19.769,0.80136,0.80152,3.90,2.33
2012.05.07 11:41:19.839,0.80136,0.80152,3.90,3.08
2012.05.07 11:41:20.159,0.80141,0.80156,1.58,4.50
2012.05.07 11:41:20.228,0.80139,0.80156,1.58,3.75
2012.05.07 11:41:20.551,0.80139,0.80158,3.00,1.50
2012.05.07 11:41:20.617,0.80139,0.80159,3.00,2.25
2012.05.07 11:41:22.102,0.80139,0.80161,3.00,3.00
2012.05.07 11:41:22.176,0.80142,0.80162,1.50,1.50
2012.05.07 11:41:22.318,0.80144,0.80162,2.33,1.50
2012.05.07 11:41:22.637,0.80152,0.80166,2.33,3.00
2012.05.07 11:41:22.709,0.80152,0.80167,2.33,3.75
2012.05.07 11:41:23.476,0.8015,0.80166,1.58,4.58
2012.05.07 11:41:23.665,0.8015,0.80166,2.33,4.58
2012.05.07 11:41:26.338,0.8015,0.80166,1.58,4.58
2012.05.07 11:41:26.858,0.8015,0.80166,2.33,4.58
2012.05.07 11:41:28.708,0.8015,0.80166,1.58,4.58
2012.05.07 11:41:29.246,0.80148,0.80164,2.33,1.58
2012.05.07 11:41:34.521,0.80148,0.80164,2.33,1.58
2012.05.07 11:41:35.699,0.80148,0.80164,2.33,1.58
2012.05.07 11:41:35.955,0.80148,0.80164,2.33,1.58
2012.05.07 11:41:36.467,0.80146,0.80163,4.58,1.58
2012.05.07 11:41:37.537,0.80146,0.80163,4.58,1.58
2012.05.07 11:41:37.961,0.80146,0.80163,4.58,1.58
2012.05.07 11:41:38.179,0.80146,0.80163,4.58,1.58
2012.05.07 11:41:38.508,0.80146,0.80163,4.58,1.58
2012.05.07 11:41:39.355,0.80146,0.80163,4.58,1.58
2012.05.07 11:41:40.075,0.80146,0.80163,4.58,1.58
2012.05.07 11:41:40.616,0.80147,0.80163,3.00,1.58
2012.05.07 11:41:40.865,0.80148,0.80164,2.33,1.58
2012.05.07 11:41:41.418,0.80147,0.80162,3.00,1.58
2012.05.07 11:41:41.546,0.80145,0.8016,3.75,3.15
2012.05.07 11:41:41.679,0.80145,0.80157,3.75,1.58
2012.05.07 11:41:42.056,0.80143,0.80159,3.00,2.33
2012.05.07 11:41:42.127,0.80143,0.80159,3.00,2.33
2012.05.07 11:41:42.358,0.80143,0.80159,3.00,1.58
2012.05.07 11:41:44.041,0.80143,0.8016,1.58,3.00
2012.05.07 11:41:44.111,0.80142,0.80157,2.33,1.58
2012.05.07 11:41:44.618,0.8014,0.80157,2.33,2.33
2012.05.07 11:41:45.183,0.80139,0.80155,1.50,1.58
2012.05.07 11:41:45.769,0.80139,0.80155,1.50,1.58
2012.05.07 11:41:46.477,0.80139,0.80155,1.50,1.58
2012.05.07 11:41:47.019,0.80137,0.80154,1.50,1.58
2012.05.07 11:41:47.147,0.80135,0.80151,2.25,1.58
2012.05.07 11:41:47.335,0.80134,0.80151,3.08,1.58
2012.05.07 11:41:47.857,0.80132,0.8015,3.83,1.58
2012.05.07 11:41:48.786,0.80134,0.80151,2.33,3.90
2012.05.07 11:41:50.987,0.80134,0.80151,2.33,2.33
2012.05.07 11:41:51.061,0.80142,0.80153,1.58,3.00
2012.05.07 11:41:51.308,0.80142,0.80156,1.58,3.00
2012.05.07 11:41:51.895,0.80139,0.80156,2.33,3.00
2012.05.07 11:41:52.248,0.80138,0.80155,2.33,1.58
2012.05.07 11:41:52.457,0.80138,0.80155,2.33,1.58
2012.05.07 11:41:53.034,0.80136,0.80154,3.08,1.58
2012.05.07 11:41:54.638,0.80137,0.80154,1.50,1.58
2012.05.07 11:41:54.869,0.80137,0.80154,1.50,1.58
2012.05.07 11:41:55.526,0.80137,0.80154,1.50,1.58
2012.05.07 11:41:55.836,0.80137,0.80152,1.50,1.58
2012.05.07 11:41:56.026,0.80137,0.80149,1.50,1.58
2012.05.07 11:41:56.337,0.80132,0.80151,6.08,1.58
2012.05.07 11:41:56.844,0.80132,0.80151,6.08,2.33
2012.05.07 11:41:56.915,0.80132,0.80148,3.83,1.58
2012.05.07 11:41:57.336,0.80132,0.80148,3.83,1.58
2012.05.07 11:41:58.097,0.80132,0.80148,3.83,1.58
2012.05.07 11:41:58.287,0.80132,0.80148,3.83,1.58
2012.05.07 11:41:58.651,0.80132,0.80146,2.25,1.58
2012.05.07 11:41:58.968,0.80132,0.80146,2.25,1.58
2012.05.07 11:41:59.508,0.80132,0.80145,1.50,1.58
2012.05.07 11:41:59.777,0.80132,0.80145,1.50,1.58
2012.05.07 11:41:59.847,0.80132,0.80148,1.50,3.15
2012.05.07 11:42:03.725,0.80133,0.80149,3.08,1.58
2012.05.07 11:42:04.547,0.80133,0.80148,1.50,1.58
2012.05.07 11:42:08.348,0.80133,0.80149,3.08,1.58
2012.05.07 11:42:10.049,0.80134,0.80147,1.50,1.58
2012.05.07 11:42:10.181,0.80133,0.80149,3.08,1.58
2012.05.07 11:42:10.367,0.80133,0.80147,1.50,1.58
2012.05.07 11:42:12.875,0.80133,0.8015,1.50,1.58
2012.05.07 11:42:14.610,0.80133,0.8015,1.50,1.58
2012.05.07 11:42:15.166,0.80133,0.8015,1.50,1.58
2012.05.07 11:42:15.826,0.80133,0.8015,1.50,1.58
2012.05.07 11:42:15.900,0.80133,0.80147,1.50,1.58
2012.05.07 11:42:16.568,0.80133,0.80147,1.50,1.58
2012.05.07 11:42:17.125,0.80133,0.80147,1.50,1.58
2012.05.07 11:42:17.678,0.80133,0.80147,1.50,1.58
2012.05.07 11:42:22.417,0.80133,0.80147,1.50,1.58
2012.05.07 11:42:24.104,0.80133,0.80147,1.50,1.58
2012.05.07 11:42:24.174,0.80133,0.80147,1.50,1.58
2012.05.07 11:42:25.247,0.80133,0.80149,3.08,1.58
2012.05.07 11:42:25.806,0.80134,0.80151,2.33,2.33
2012.05.07 11:42:26.392,0.80133,0.8015,1.50,1.58
2012.05.07 11:42:26.476,0.80133,0.8015,1.50,1.58
2012.05.07 11:42:27.312,0.80133,0.80148,1.50,1.58
2012.05.07 11:42:29.669,0.80132,0.80148,1.50,1.58
2012.05.07 11:42:31.657,0.80132,0.80149,1.50,1.58
2012.05.07 11:42:32.286,0.80134,0.8015,2.33,2.33
2012.05.07 11:42:33.265,0.80132,0.80149,1.50,1.58
2012.05.07 11:42:38.195,0.80131,0.80147,3.75,1.58
2012.05.07 11:42:38.555,0.80133,0.80151,2.33,3.90
2012.05.07 11:42:42.207,0.80132,0.80148,2.33,1.58
2012.05.07 11:42:43.516,0.80131,0.80146,3.75,1.58
2012.05.07 11:42:43.844,0.80129,0.80144,2.25,1.58
2012.05.07 11:42:43.916,0.80129,0.80144,2.25,1.58
2012.05.07 11:42:46.059,0.80129,0.80144,2.25,1.58
2012.05.07 11:42:46.218,0.80129,0.80144,2.25,1.58
2012.05.07 11:42:47.416,0.80129,0.80144,2.25,1.58
2012.05.07 11:42:47.725,0.80129,0.80144,2.25,1.58
2012.05.07 11:42:48.016,0.80129,0.80144,2.25,1.58
2012.05.07 11:42:48.262,0.80129,0.80144,2.25,1.58
2012.05.07 11:42:48.845,0.8013,0.80146,2.33,3.15
2012.05.07 11:42:48.916,0.80129,0.80144,1.50,1.58
2012.05.07 11:42:49.897,0.80129,0.80144,1.50,1.58
2012.05.07 11:42:50.892,0.80129,0.80144,1.50,1.58
2012.05.07 11:42:51.895,0.80129,0.80144,1.50,1.58
2012.05.07 11:42:52.146,0.80129,0.80144,1.50,1.58
2012.05.07 11:42:52.476,0.80129,0.80144,1.50,1.58
2012.05.07 11:42:53.246,0.80129,0.80144,1.50,1.58
2012.05.07 11:42:53.846,0.80129,0.80144,1.50,1.58
2012.05.07 11:42:54.054,0.80129,0.80144,1.50,1.58
2012.05.07 11:42:54.336,0.80129,0.80144,1.50,1.58
2012.05.07 11:42:55.079,0.80129,0.80144,1.50,1.58
2012.05.07 11:42:55.875,0.80129,0.80147,3.08,2.33
2012.05.07 11:43:03.847,0.8013,0.80146,1.50,1.58
2012.05.07 11:43:04.157,0.80129,0.80144,1.50,1.58
2012.05.07 11:43:04.931,0.80129,0.80143,1.50,1.58
2012.05.07 11:43:05.639,0.80129,0.80143,1.50,1.58
2012.05.07 11:43:06.291,0.80129,0.80143,1.50,1.58
2012.05.07 11:43:07.195,0.80128,0.80143,1.50,1.58
2012.05.07 11:43:25.355,0.80128,0.80143,1.50,1.58
2012.05.07 11:43:25.827,0.80128,0.80143,1.50,1.58
2012.05.07 11:43:26.797,0.80128,0.80143,1.50,1.58
2012.05.07 11:43:26.986,0.80128,0.80143,1.50,1.58
2012.05.07 11:43:33.040,0.80125,0.80141,4.50,1.58
2012.05.07 11:43:33.386,0.80125,0.80143,6.08,1.58
2012.05.07 11:43:34.795,0.80125,0.80141,4.50,1.58
2012.05.07 11:43:36.617,0.80125,0.80141,4.50,1.58
2012.05.07 11:43:36.817,0.80125,0.80141,4.50,1.58
2012.05.07 11:43:38.176,0.80126,0.80142,2.33,1.58
2012.05.07 11:43:38.942,0.80126,0.80141,3.75,1.58
2012.05.07 11:43:39.466,0.80126,0.80142,5.33,1.58
2012.05.07 11:43:40.105,0.80126,0.80142,5.33,1.58
2012.05.07 11:43:40.609,0.80126,0.80142,5.33,1.58
2012.05.07 11:43:40.677,0.80126,0.80142,5.33,1.58
2012.05.07 11:43:41.188,0.80127,0.80142,1.50,1.58
2012.05.07 11:43:48.048,0.80127,0.80145,1.50,1.58
2012.05.07 11:43:48.121,0.80131,0.80147,2.33,3.08
2012.05.07 11:43:48.378,0.80131,0.8015,3.08,4.58
2012.05.07 11:43:48.509,0.80131,0.8015,5.33,2.33
2012.05.07 11:43:48.817,0.80134,0.80148,3.00,1.58
2012.05.07 11:43:48.887,0.80134,0.8015,3.00,2.33
2012.05.07 11:43:49.018,0.80134,0.8015,3.00,2.33
2012.05.07 11:43:49.586,0.80134,0.8015,4.58,2.33
2012.05.07 11:43:51.895,0.80134,0.8015,4.58,2.33
2012.05.07 11:43:52.993,0.80134,0.8015,4.58,2.33
2012.05.07 11:43:53.875,0.80134,0.8015,2.33,2.33
2012.05.07 11:43:53.944,0.80133,0.80148,3.00,1.58
2012.05.07 11:43:54.196,0.80134,0.8015,2.33,2.33
2012.05.07 11:43:54.266,0.80133,0.80149,3.00,1.58
2012.05.07 11:43:54.786,0.80134,0.8015,2.33,2.33
2012.05.07 11:43:56.346,0.80133,0.80149,3.00,1.58
2012.05.07 11:43:57.054,0.80133,0.80151,4.58,3.08
2012.05.07 11:43:58.244,0.80133,0.80149,3.00,1.58
2012.05.07 11:43:59.057,0.80133,0.80149,3.00,1.58
2012.05.07 11:43:59.490,0.80133,0.80149,3.00,1.58
2012.05.07 11:44:00.396,0.80133,0.80149,3.00,1.58
2012.05.07 11:44:00.988,0.80133,0.80149,3.00,1.58
2012.05.07 11:44:03.461,0.80133,0.80147,3.00,2.33
2012.05.07 11:44:03.766,0.8013,0.80142,3.00,1.58
2012.05.07 11:44:04.555,0.80124,0.80142,3.08,1.58
2012.05.07 11:44:04.706,0.80124,0.80139,1.50,1.58
2012.05.07 11:44:05.227,0.80125,0.80141,2.33,1.58
2012.05.07 11:44:08.006,0.80124,0.80139,1.50,1.58
2012.05.07 11:44:08.748,0.80124,0.80142,3.08,1.58
2012.05.07 11:44:09.492,0.80124,0.80143,3.08,2.33
2012.05.07 11:44:10.924,0.80124,0.8014,3.08,1.58
2012.05.07 11:44:11.244,0.80126,0.80143,2.33,3.90
2012.05.07 11:44:11.315,0.80126,0.80143,2.33,2.33
2012.05.07 11:44:11.654,0.80126,0.80143,2.33,2.33
2012.05.07 11:44:11.815,0.80126,0.80143,2.33,2.33
2012.05.07 11:44:13.088,0.80126,0.80143,2.33,2.33
2012.05.07 11:44:13.158,0.80126,0.80143,2.33,2.33
2012.05.07 11:44:13.596,0.80126,0.80143,2.33,2.33
2012.05.07 11:44:14.136,0.80126,0.80143,2.33,2.33
2012.05.07 11:44:15.508,0.80126,0.80143,2.33,2.33
2012.05.07 11:44:15.805,0.80126,0.80143,2.33,2.33
2012.05.07 11:44:21.357,0.80126,0.80143,2.33,2.33
2012.05.07 11:44:21.535,0.80126,0.80143,2.33,2.33
2012.05.07 11:44:23.264,0.80126,0.80143,2.33,2.33
2012.05.07 11:44:23.586,0.80126,0.80143,2.33,2.33
2012.05.07 11:44:24.748,0.80126,0.80143,2.33,2.33
2012.05.07 11:44:25.331,0.80126,0.80143,2.33,2.33
2012.05.07 11:44:25.959,0.80126,0.80143,2.33,2.33
2012.05.07 11:44:26.625,0.80126,0.80143,2.33,2.33
2012.05.07 11:44:31.437,0.80126,0.80144,2.33,2.33
2012.05.07 11:44:32.008,0.80126,0.80145,2.33,4.58
2012.05.07 11:44:34.742,0.80129,0.80145,2.33,2.33
2012.05.07 11:44:35.256,0.80129,0.80145,2.33,2.33
2012.05.07 11:44:36.008,0.80129,0.80145,2.33,2.33
2012.05.07 11:44:36.323,0.80134,0.80148,2.33,2.25
2012.05.07 11:44:36.458,0.80134,0.80148,2.33,1.50
2012.05.07 11:44:42.228,0.80134,0.80148,2.33,1.50
2012.05.07 11:44:42.301,0.80138,0.80154,2.33,5.33
2012.05.07 11:44:42.607,0.80139,0.80154,2.33,1.50
2012.05.07 11:44:45.469,0.80137,0.80154,2.33,2.33
2012.05.07 11:45:06.947,0.80136,0.80152,2.33,2.33
2012.05.07 11:45:07.515,0.80136,0.80152,2.33,2.33
2012.05.07 11:45:10.965,0.80134,0.80151,6.15,1.58
2012.05.07 11:45:11.491,0.80136,0.80152,2.33,2.33
2012.05.07 11:45:12.030,0.80136,0.80152,2.33,2.33
2012.05.07 11:45:15.239,0.80136,0.80154,3.08,1.58
2012.05.07 11:45:15.756,0.80138,0.80156,3.00,2.33
2012.05.07 11:45:16.057,0.80138,0.80156,3.00,2.33
2012.05.07 11:45:16.225,0.80138,0.80156,3.00,2.33
2012.05.07 11:45:17.107,0.80138,0.80156,3.00,2.33
2012.05.07 11:45:17.912,0.80138,0.80156,3.00,2.33
2012.05.07 11:45:19.608,0.80139,0.80157,2.33,1.50
2012.05.07 11:45:19.966,0.80139,0.80157,4.58,1.50
2012.05.07 11:45:22.675,0.80139,0.80157,4.58,1.50
2012.05.07 11:45:23.048,0.80138,0.80155,1.50,1.58
2012.05.07 11:45:23.119,0.8014,0.80155,3.00,1.58
2012.05.07 11:45:23.187,0.8014,0.80157,4.58,3.90
2012.05.07 11:45:23.377,0.8014,0.80157,4.58,2.33
2012.05.07 11:45:24.643,0.8014,0.80157,4.58,2.33
2012.05.07 11:45:30.895,0.8014,0.80156,3.00,1.58
2012.05.07 11:45:31.679,0.8014,0.80158,3.00,2.33
2012.05.07 11:45:35.625,0.80139,0.80158,2.33,2.33
2012.05.07 11:45:35.995,0.80138,0.80154,2.33,1.58
2012.05.07 11:45:36.572,0.80137,0.80155,3.08,2.33
2012.05.07 11:45:41.747,0.80139,0.80157,3.08,2.33
2012.05.07 11:45:42.164,0.80144,0.80159,2.33,1.50
2012.05.07 11:45:42.666,0.80144,0.80159,2.33,1.50
2012.05.07 11:45:44.298,0.80143,0.80159,2.33,1.50
2012.05.07 11:45:44.616,0.80144,0.80159,2.33,1.50
2012.05.07 11:45:45.423,0.80144,0.80159,2.33,1.50
2012.05.07 11:45:46.055,0.80144,0.80159,2.33,1.50
2012.05.07 11:45:55.576,0.80144,0.80159,2.33,1.50
2012.05.07 11:45:56.089,0.80145,0.80162,2.33,2.33
2012.05.07 11:45:56.397,0.80145,0.80162,2.33,2.33
2012.05.07 11:45:56.526,0.80142,0.80158,3.90,1.58
2012.05.07 11:45:57.897,0.80144,0.8016,2.33,2.33
2012.05.07 11:45:58.181,0.80144,0.8016,2.33,2.33
2012.05.07 11:45:59.545,0.80144,0.8016,2.33,2.33
2012.05.07 11:45:59.796,0.80145,0.80162,2.33,2.33
2012.05.07 11:46:00.330,0.80145,0.80162,2.33,2.33
2012.05.07 11:46:02.021,0.80145,0.80162,2.33,2.33
2012.05.07 11:46:02.345,0.80145,0.80162,2.33,2.33
2012.05.07 11:46:02.697,0.80144,0.8016,2.33,1.58
2012.05.07 11:46:03.064,0.80145,0.80162,2.33,3.90
2012.05.07 11:46:03.134,0.80145,0.80162,2.33,3.90
2012.05.07 11:46:03.785,0.80145,0.80162,2.33,2.33
2012.05.07 11:46:03.856,0.80145,0.80162,2.33,2.33
2012.05.07 11:46:05.235,0.80145,0.80162,2.33,2.33
2012.05.07 11:46:09.097,0.80143,0.80161,2.33,2.33
2012.05.07 11:46:09.895,0.80143,0.80161,2.33,2.33
2012.05.07 11:46:10.424,0.80143,0.80161,2.33,2.33
2012.05.07 11:46:12.247,0.80143,0.80161,2.33,2.33
2012.05.07 11:46:16.585,0.80143,0.80161,2.33,2.33
2012.05.07 11:46:17.108,0.80144,0.80163,2.33,5.33
2012.05.07 11:46:17.740,0.80144,0.80163,2.33,5.33
2012.05.07 11:46:18.894,0.80144,0.80163,2.33,5.33
2012.05.07 11:46:19.424,0.80144,0.80163,2.33,5.33
2012.05.07 11:46:19.496,0.80143,0.80161,3.90,2.33
2012.05.07 11:46:20.035,0.80143,0.80161,3.08,1.58
2012.05.07 11:46:20.375,0.80143,0.80161,3.08,1.58
2012.05.07 11:46:20.853,0.80143,0.80161,3.08,1.58
2012.05.07 11:46:21.050,0.80143,0.80161,3.08,1.58
2012.05.07 11:46:21.295,0.80144,0.80163,2.33,5.33
2012.05.07 11:46:22.634,0.80144,0.80163,2.33,5.33
2012.05.07 11:46:25.766,0.80144,0.80163,2.33,5.33
2012.05.07 11:46:26.023,0.80144,0.80163,2.33,5.33
2012.05.07 11:46:26.424,0.80144,0.80163,2.33,5.33
2012.05.07 11:46:26.754,0.80144,0.80163,2.33,5.33
2012.05.07 11:46:31.784,0.80144,0.80163,2.33,5.33
2012.05.07 11:46:32.494,0.80143,0.80161,2.33,2.33
2012.05.07 11:46:32.748,0.80146,0.8016,2.33,2.25
2012.05.07 11:46:32.817,0.80146,0.8016,2.33,4.58
2012.05.07 11:46:33.140,0.80141,0.80158,2.33,1.58
2012.05.07 11:46:33.696,0.80143,0.80159,2.33,2.33
2012.05.07 11:46:34.665,0.80143,0.80159,2.33,2.33
2012.05.07 11:46:39.108,0.80143,0.80159,2.33,2.33
2012.05.07 11:46:39.685,0.80143,0.80159,2.33,2.33
2012.05.07 11:46:40.175,0.80143,0.80158,2.33,3.00
2012.05.07 11:46:40.486,0.80141,0.80158,2.33,3.00
2012.05.07 11:46:40.626,0.80141,0.80158,2.33,3.00
2012.05.07 11:46:40.946,0.80144,0.80158,2.33,3.00
2012.05.07 11:46:43.638,0.80141,0.80158,2.33,4.58
2012.05.07 11:46:44.174,0.80139,0.80156,2.33,2.33
2012.05.07 11:46:44.814,0.80139,0.80156,2.33,2.33
2012.05.07 11:46:44.955,0.80139,0.80156,2.33,2.33
2012.05.07 11:46:46.265,0.80139,0.80156,2.70,2.33
2012.05.07 11:46:46.526,0.80143,0.80158,3.00,1.58
2012.05.07 11:46:46.600,0.80149,0.8016,2.33,1.58
2012.05.07 11:46:46.847,0.80145,0.80163,2.33,2.33
2012.05.07 11:46:47.436,0.80143,0.80161,2.33,1.58
2012.05.07 11:46:48.146,0.80146,0.80162,2.33,2.33
2012.05.07 11:46:48.548,0.80146,0.80162,2.33,2.33
2012.05.07 11:46:49.358,0.80146,0.80162,2.33,2.33
2012.05.07 11:46:49.927,0.80143,0.80159,2.33,2.33
2012.05.07 11:46:50.237,0.8014,0.80155,1.13,2.33
2012.05.07 11:46:50.488,0.8014,0.80156,2.33,2.33
2012.05.07 11:46:51.138,0.80142,0.80158,3.90,2.33
2012.05.07 11:46:55.449,0.80144,0.8016,1.58,4.58
2012.05.07 11:46:55.872,0.80144,0.8016,2.33,4.58
2012.05.07 11:46:57.398,0.80144,0.8016,1.58,4.58
2012.05.07 11:46:57.670,0.80146,0.8016,1.58,3.00
2012.05.07 11:46:57.857,0.80147,0.80163,1.58,3.75
2012.05.07 11:46:57.926,0.80145,0.80163,2.33,5.33
2012.05.07 11:46:57.999,0.80148,0.80163,2.33,1.50
2012.05.07 11:46:58.066,0.80148,0.80163,2.33,1.50
2012.05.07 11:46:58.775,0.80148,0.80163,2.33,1.50
2012.05.07 11:46:59.366,0.80146,0.80163,2.33,3.08
2012.05.07 11:46:59.905,0.80145,0.80163,2.33,3.08
2012.05.07 11:47:01.066,0.80145,0.80163,2.33,3.08
2012.05.07 11:47:01.395,0.80145,0.80163,2.33,3.08
2012.05.07 11:47:02.075,0.80144,0.8016,3.90,1.58
2012.05.07 11:47:02.605,0.80145,0.80163,2.33,3.08
2012.05.07 11:47:03.549,0.80145,0.80163,2.33,3.08
2012.05.07 11:47:03.686,0.80145,0.80163,2.33,3.08
2012.05.07 11:47:06.326,0.80144,0.8016,2.33,1.58
2012.05.07 11:47:07.839,0.80145,0.80163,2.33,4.65
2012.05.07 11:47:07.905,0.80145,0.80163,2.33,3.08
2012.05.07 11:47:13.635,0.80145,0.80163,2.33,3.08
2012.05.07 11:47:15.247,0.80146,0.80163,2.33,1.50
2012.05.07 11:47:15.555,0.80146,0.80163,2.33,1.50
2012.05.07 11:47:17.804,0.80146,0.80163,2.33,1.50
2012.05.07 11:47:18.116,0.80148,0.80166,2.33,3.08
2012.05.07 11:47:18.193,0.8015,0.80169,2.33,4.58
2012.05.07 11:47:18.267,0.8015,0.80169,2.33,4.58
2012.05.07 11:47:18.588,0.8015,0.80166,2.33,2.33
2012.05.07 11:47:18.900,0.80152,0.80169,2.33,3.00
2012.05.07 11:47:19.450,0.8015,0.80166,2.33,1.58
2012.05.07 11:47:19.898,0.80148,0.80164,2.33,1.58
2012.05.07 11:47:19.970,0.80149,0.80167,2.33,2.33
2012.05.07 11:47:20.277,0.80148,0.80165,2.33,1.58
2012.05.07 11:47:20.550,0.80147,0.80165,3.08,1.58
2012.05.07 11:47:20.617,0.80147,0.80165,2.33,1.58
2012.05.07 11:47:23.126,0.80147,0.80164,3.08,2.25
2012.05.07 11:47:23.638,0.80147,0.80164,3.08,2.25
2012.05.07 11:47:26.880,0.80147,0.80164,3.08,2.25
2012.05.07 11:47:27.067,0.80147,0.80164,3.08,2.25
2012.05.07 11:47:27.641,0.80147,0.80165,3.08,2.33
2012.05.07 11:47:28.768,0.80147,0.80165,3.08,2.33
2012.05.07 11:47:29.336,0.80147,0.80165,3.08,2.33
2012.05.07 11:47:29.887,0.80147,0.80165,5.33,1.58
2012.05.07 11:47:30.619,0.80147,0.80165,4.58,2.33
2012.05.07 11:47:30.688,0.80146,0.8016,3.08,1.58
2012.05.07 11:47:30.757,0.80146,0.8016,3.08,1.58
2012.05.07 11:47:31.008,0.80143,0.8016,1.50,1.58
2012.05.07 11:47:31.178,0.80143,0.8016,1.50,1.58
2012.05.07 11:47:31.718,0.80143,0.80158,1.50,1.58
2012.05.07 11:47:32.384,0.80143,0.80161,3.08,1.58
2012.05.07 11:47:33.548,0.80145,0.80163,2.33,3.90
2012.05.07 11:47:33.990,0.80144,0.8016,2.33,1.58
2012.05.07 11:47:34.300,0.8014,0.80156,4.20,1.58
2012.05.07 11:47:34.546,0.80141,0.80158,2.33,2.33
2012.05.07 11:47:35.349,0.8014,0.80157,5.40,1.58
2012.05.07 11:47:36.009,0.80141,0.80159,2.33,2.33
2012.05.07 11:47:37.986,0.80142,0.80161,2.33,2.33
2012.05.07 11:47:41.564,0.80142,0.80161,2.33,2.33
2012.05.07 11:47:42.269,0.80142,0.80161,2.33,2.33
2012.05.07 11:47:48.055,0.80142,0.80158,2.33,2.33
2012.05.07 11:47:48.628,0.80142,0.80158,2.33,2.33
2012.05.07 11:47:49.575,0.80142,0.80158,2.33,2.33
2012.05.07 11:47:51.997,0.80142,0.80158,2.33,2.33
2012.05.07 11:47:52.127,0.8014,0.80155,3.75,1.58
2012.05.07 11:47:52.378,0.80139,0.80153,3.00,1.58
2012.05.07 11:47:53.417,0.80137,0.80151,3.75,1.58
2012.05.07 11:47:53.512,0.80137,0.80151,3.75,1.58
2012.05.07 11:47:54.489,0.80137,0.80151,2.25,1.58
2012.05.07 11:47:55.082,0.80136,0.8015,3.00,1.58
2012.05.07 11:47:55.500,0.80131,0.80149,3.00,3.08
2012.05.07 11:47:55.629,0.80131,0.80149,3.00,4.65
2012.05.07 11:47:55.701,0.80131,0.80146,4.58,1.58
2012.05.07 11:47:56.368,0.80132,0.8015,2.33,2.33
2012.05.07 11:47:56.978,0.80132,0.8015,2.33,2.33
2012.05.07 11:47:57.288,0.80132,0.8015,2.33,2.33
2012.05.07 11:47:57.361,0.80134,0.8015,2.25,2.33
2012.05.07 11:47:57.790,0.80136,0.80151,2.25,2.33
2012.05.07 11:47:58.402,0.80135,0.80151,3.83,2.33
2012.05.07 11:47:59.235,0.80136,0.80151,2.25,2.33
2012.05.07 11:48:01.705,0.80136,0.80151,2.25,2.33
2012.05.07 11:48:04.504,0.80136,0.80151,2.25,3.90
2012.05.07 11:48:04.878,0.80135,0.80151,2.33,2.33
2012.05.07 11:48:05.911,0.80135,0.8015,2.33,1.50
2012.05.07 11:48:06.465,0.80135,0.80152,3.00,2.33
2012.05.07 11:48:07.259,0.80135,0.80148,3.00,1.58
2012.05.07 11:48:07.360,0.80135,0.8015,3.00,3.90
2012.05.07 11:48:07.905,0.80136,0.8015,2.25,1.58
2012.05.07 11:48:10.879,0.80134,0.8015,3.75,1.58
2012.05.07 11:48:11.065,0.80134,0.80152,5.33,1.58
2012.05.07 11:48:12.219,0.80134,0.80152,2.33,2.33
2012.05.07 11:48:12.738,0.80134,0.80152,2.33,2.33
2012.05.07 11:48:16.532,0.80135,0.80152,1.50,1.58
2012.05.07 11:48:16.843,0.8014,0.80156,1.58,2.33
2012.05.07 11:48:17.282,0.8014,0.80156,2.33,2.33
2012.05.07 11:48:18.587,0.8014,0.80156,2.33,2.33
2012.05.07 11:48:21.024,0.80138,0.80155,1.50,2.33
2012.05.07 11:48:21.217,0.80138,0.80155,1.50,2.33
2012.05.07 11:48:23.344,0.80138,0.80155,1.50,2.33
2012.05.07 11:48:23.475,0.80138,0.80155,1.50,3.08
2012.05.07 11:48:23.665,0.80138,0.80155,1.50,2.33
2012.05.07 11:48:24.312,0.80137,0.80155,2.33,3.08
2012.05.07 11:48:24.856,0.80137,0.80155,3.08,2.93
2012.05.07 11:48:24.928,0.80137,0.80155,2.33,2.93
2012.05.07 11:48:25.243,0.80135,0.80151,1.58,2.33
2012.05.07 11:48:25.749,0.80137,0.80152,1.58,3.00
2012.05.07 11:48:26.199,0.80137,0.80154,1.58,3.75
2012.05.07 11:48:26.808,0.80135,0.80153,2.33,5.33
2012.05.07 11:48:29.128,0.80135,0.80153,3.83,2.33
2012.05.07 11:48:29.441,0.80135,0.80153,4.58,1.58
2012.05.07 11:48:29.628,0.80135,0.80153,4.58,1.58
2012.05.07 11:48:30.100,0.80135,0.80153,4.58,1.58
2012.05.07 11:48:30.486,0.80135,0.80153,4.58,1.58
2012.05.07 11:48:31.129,0.80135,0.80153,4.58,1.58
2012.05.07 11:48:31.305,0.80135,0.80153,4.58,1.58
2012.05.07 11:48:31.839,0.80135,0.80153,4.58,1.58
2012.05.07 11:48:32.996,0.80135,0.80153,4.58,1.58
2012.05.07 11:48:33.185,0.80139,0.80155,1.50,2.33
2012.05.07 11:48:33.676,0.80139,0.80155,2.33,1.58
2012.05.07 11:48:38.073,0.80139,0.80155,2.33,1.58
2012.05.07 11:48:38.821,0.80139,0.80155,2.33,1.58
2012.05.07 11:48:39.808,0.8014,0.80155,2.33,1.58
2012.05.07 11:48:39.880,0.80142,0.80159,2.33,3.08
2012.05.07 11:48:40.502,0.80141,0.80157,2.33,1.58
2012.05.07 11:48:41.816,0.80142,0.80159,2.33,2.33
2012.05.07 11:48:42.006,0.80142,0.80159,2.33,2.33
2012.05.07 11:48:42.217,0.80142,0.80159,2.33,2.33
2012.05.07 11:48:42.468,0.8014,0.80158,3.08,3.08
2012.05.07 11:48:42.539,0.8014,0.80154,1.50,1.58
2012.05.07 11:48:42.927,0.80137,0.80156,2.33,2.33
2012.05.07 11:48:43.485,0.80141,0.80157,2.33,2.33
2012.05.07 11:48:44.008,0.80141,0.80157,2.33,2.33
2012.05.07 11:48:44.675,0.80141,0.80153,2.33,1.50
2012.05.07 11:48:44.929,0.80129,0.80143,2.33,2.25
2012.05.07 11:48:45.566,0.80129,0.80143,2.33,2.25
2012.05.07 11:48:45.717,0.80129,0.80143,2.33,2.25
2012.05.07 11:48:46.485,0.80129,0.80143,2.33,2.25
2012.05.07 11:48:46.859,0.80129,0.80145,2.33,1.58
2012.05.07 11:48:46.926,0.80129,0.80145,2.33,1.58
2012.05.07 11:48:47.614,0.80129,0.80145,2.33,1.58
2012.05.07 11:48:47.917,0.80129,0.80145,2.33,1.58
2012.05.07 11:48:48.253,0.8013,0.80148,2.33,4.58
2012.05.07 11:48:48.568,0.8013,0.80145,2.33,2.25
2012.05.07 11:48:50.070,0.8013,0.80145,2.33,2.25
2012.05.07 11:48:50.599,0.8013,0.80145,2.33,2.25
2012.05.07 11:48:51.301,0.8013,0.80145,2.33,2.25
2012.05.07 11:48:52.006,0.8013,0.80145,2.33,2.25
2012.05.07 11:48:52.566,0.8013,0.80146,2.33,3.00
2012.05.07 11:48:53.859,0.8013,0.80145,1.58,1.25
2012.05.07 11:48:54.168,0.80124,0.80138,2.25,3.90
2012.05.07 11:48:54.536,0.80122,0.80135,2.33,2.25
2012.05.07 11:48:55.432,0.80122,0.80135,2.33,2.25
2012.05.07 11:48:56.000,0.80122,0.80135,1.58,2.25
2012.05.07 11:48:59.691,0.80121,0.80135,2.33,2.25
2012.05.07 11:49:00.237,0.80122,0.80137,1.58,3.75
2012.05.07 11:49:00.744,0.80116,0.80132,1.50,1.58
2012.05.07 11:49:01.084,0.80114,0.80131,1.50,2.33
2012.05.07 11:49:04.549,0.80117,0.80133,1.58,4.65
2012.05.07 11:49:05.355,0.80114,0.80133,3.08,3.08
2012.05.07 11:49:10.187,0.80114,0.80132,3.83,1.50
2012.05.07 11:49:11.058,0.80113,0.80131,2.33,2.33
2012.05.07 11:49:11.142,0.80113,0.80131,2.33,2.33
2012.05.07 11:49:11.822,0.80113,0.80131,2.33,2.33
2012.05.07 11:49:12.687,0.80112,0.80128,3.08,1.58
2012.05.07 11:49:13.233,0.80113,0.80131,2.33,2.33
2012.05.07 11:49:16.268,0.80115,0.80132,1.58,3.00
2012.05.07 11:49:16.456,0.80115,0.80132,1.58,3.00
2012.05.07 11:49:16.766,0.80113,0.80131,2.33,2.33
2012.05.07 11:49:23.869,0.80113,0.80131,2.33,2.33
2012.05.07 11:49:24.372,0.80118,0.80136,2.33,2.33
2012.05.07 11:49:24.920,0.80118,0.80136,2.33,2.33
2012.05.07 11:49:25.358,0.80118,0.80136,3.08,1.58
2012.05.07 11:49:25.486,0.80117,0.80134,1.50,1.58
2012.05.07 11:49:39.691,0.80117,0.80133,2.33,2.33
2012.05.07 11:49:39.899,0.80115,0.80131,3.08,1.58
2012.05.07 11:49:40.228,0.80115,0.80129,1.50,1.58
2012.05.07 11:49:40.984,0.80113,0.80129,2.33,2.33
2012.05.07 11:49:41.062,0.80111,0.80128,3.83,2.33
2012.05.07 11:49:41.627,0.80111,0.80128,1.50,2.33
2012.05.07 11:49:42.146,0.80113,0.80128,1.50,1.58
2012.05.07 11:49:42.695,0.80113,0.80129,2.33,2.33
2012.05.07 11:49:43.215,0.80113,0.80129,2.33,2.33
2012.05.07 11:49:43.908,0.80112,0.8013,2.33,6.15
2012.05.07 11:49:45.777,0.80112,0.8013,3.08,2.33
2012.05.07 11:49:46.362,0.80112,0.8013,3.08,2.33
2012.05.07 11:49:47.045,0.80112,0.8013,3.08,2.33
2012.05.07 11:49:50.876,0.80112,0.8013,3.08,4.58
2012.05.07 11:49:52.007,0.80112,0.8013,2.33,2.33
2012.05.07 11:49:52.135,0.80112,0.80127,2.33,2.25
2012.05.07 11:49:52.559,0.80112,0.80131,3.08,4.58
2012.05.07 11:49:52.627,0.80112,0.80131,3.08,4.58
2012.05.07 11:49:52.997,0.80117,0.80133,1.58,6.90
2012.05.07 11:49:53.325,0.80117,0.80129,1.58,2.25
2012.05.07 11:49:53.708,0.80114,0.8013,3.08,3.00
2012.05.07 11:49:56.218,0.80114,0.8013,1.50,3.83
2012.05.07 11:49:56.788,0.80115,0.80132,2.33,1.50
2012.05.07 11:49:57.337,0.80115,0.80133,2.33,3.83
2012.05.07 11:49:58.071,0.80115,0.80133,2.33,3.08
2012.05.07 11:49:58.277,0.80115,0.80133,1.58,3.83
2012.05.07 11:49:58.786,0.80114,0.8013,2.33,2.33
2012.05.07 11:50:02.959,0.80114,0.8013,3.08,1.58
2012.05.07 11:50:03.532,0.80115,0.80132,1.58,2.33
2012.05.07 11:50:04.077,0.80115,0.8013,1.58,3.00
2012.05.07 11:50:04.878,0.80115,0.8013,3.08,2.25
2012.05.07 11:50:05.067,0.80118,0.80133,3.15,3.00
2012.05.07 11:50:05.255,0.80119,0.80135,3.08,2.25
2012.05.07 11:50:06.009,0.80118,0.80134,1.58,1.58
2012.05.07 11:50:06.595,0.80115,0.80133,2.33,1.58
2012.05.07 11:50:10.809,0.80118,0.80134,1.58,4.58
2012.05.07 11:50:13.358,0.80116,0.80132,2.33,2.33
2012.05.07 11:50:13.432,0.80111,0.80126,1.50,2.25
2012.05.07 11:50:13.915,0.80111,0.80128,1.50,1.58
2012.05.07 11:50:15.930,0.8011,0.80128,2.33,1.58
2012.05.07 11:50:16.238,0.8011,0.80128,2.33,2.33
2012.05.07 11:50:16.779,0.8011,0.80125,1.58,2.25
2012.05.07 11:50:24.675,0.8011,0.80126,1.58,3.00
2012.05.07 11:50:25.756,0.8011,0.80126,2.33,3.00
2012.05.07 11:50:26.336,0.8011,0.80126,2.33,3.00
2012.05.07 11:50:26.876,0.8011,0.80125,1.58,2.25
2012.05.07 11:50:28.078,0.80111,0.80125,1.58,2.25
2012.05.07 11:50:30.395,0.80109,0.80125,1.50,2.25
2012.05.07 11:50:33.766,0.80109,0.80124,1.50,1.58
2012.05.07 11:50:34.435,0.80109,0.80125,3.08,3.83
2012.05.07 11:50:35.319,0.80109,0.80125,2.33,4.58
2012.05.07 11:50:40.956,0.80109,0.80124,1.50,1.58
2012.05.07 11:50:43.136,0.80109,0.80124,1.50,1.58
2012.05.07 11:50:43.515,0.80109,0.80124,1.50,1.58
2012.05.07 11:50:44.058,0.80109,0.80124,1.50,1.58
2012.05.07 11:50:44.612,0.80109,0.80125,3.08,4.58
2012.05.07 11:50:45.774,0.80109,0.80125,3.08,4.58
2012.05.07 11:50:53.971,0.80109,0.80125,3.08,4.58
2012.05.07 11:50:54.305,0.80109,0.80125,3.08,4.58
2012.05.07 11:50:54.565,0.80109,0.80125,3.08,4.58
2012.05.07 11:50:54.773,0.80109,0.80125,3.08,4.58
2012.05.07 11:50:55.075,0.80109,0.80125,3.08,4.58
2012.05.07 11:50:55.722,0.80109,0.80125,3.08,4.58
2012.05.07 11:50:56.382,0.80109,0.80125,3.08,4.58
2012.05.07 11:50:57.006,0.80109,0.80125,3.08,4.58
2012.05.07 11:51:05.907,0.8011,0.80127,2.33,3.00
2012.05.07 11:51:12.248,0.80112,0.80126,1.58,2.25
2012.05.07 11:51:12.902,0.80111,0.80126,1.58,2.25
2012.05.07 11:51:13.428,0.80109,0.80125,1.58,1.58
2012.05.07 11:51:14.257,0.80109,0.80124,1.58,2.25
2012.05.07 11:51:14.845,0.80109,0.80125,1.58,1.58
2012.05.07 11:51:21.723,0.80109,0.80125,1.58,2.33
2012.05.07 11:51:22.766,0.80109,0.80125,1.58,1.58
2012.05.07 11:51:27.477,0.80106,0.80124,3.08,1.58
2012.05.07 11:51:28.326,0.80106,0.80123,3.08,2.25
2012.05.07 11:51:28.756,0.80106,0.8012,1.58,2.25
2012.05.07 11:51:29.299,0.80107,0.8012,1.58,2.25
2012.05.07 11:51:29.486,0.80105,0.8012,1.58,2.25
2012.05.07 11:51:29.858,0.80105,0.80118,1.58,2.25
2012.05.07 11:51:29.987,0.80102,0.80118,3.90,2.25
2012.05.07 11:51:30.259,0.80104,0.80118,1.58,3.00
2012.05.07 11:51:40.872,0.80105,0.80118,1.58,3.00
2012.05.07 11:51:41.241,0.80107,0.80119,1.58,3.00
2012.05.07 11:51:41.880,0.80107,0.80119,1.58,2.25
2012.05.07 11:51:41.951,0.80105,0.80119,1.58,3.00
2012.05.07 11:51:42.080,0.80105,0.80119,1.58,5.33
2012.05.07 11:51:42.146,0.80103,0.80116,3.15,1.50
2012.05.07 11:51:42.395,0.801,0.80116,1.58,1.50
2012.05.07 11:51:42.797,0.801,0.80117,1.58,1.50
2012.05.07 11:51:43.787,0.80099,0.80116,2.33,2.33
2012.05.07 11:51:44.836,0.80101,0.80117,1.58,3.08
2012.05.07 11:51:44.905,0.80099,0.80116,3.90,2.33
2012.05.07 11:51:45.238,0.80099,0.80116,1.58,3.08
2012.05.07 11:51:45.306,0.80097,0.80115,3.83,2.33
2012.05.07 11:51:45.826,0.80098,0.80114,1.58,3.08
2012.05.07 11:51:47.740,0.80098,0.80114,1.58,3.08
2012.05.07 11:51:50.142,0.80098,0.80112,1.58,3.00
2012.05.07 11:52:01.526,0.80095,0.80112,2.33,2.25
2012.05.07 11:52:01.655,0.80098,0.80112,1.58,2.25
2012.05.07 11:52:13.716,0.80098,0.8011,1.58,2.25
2012.05.07 11:52:13.789,0.80095,0.8011,1.58,2.25
2012.05.07 11:52:14.442,0.80095,0.8011,2.33,2.25
2012.05.07 11:52:15.113,0.80095,0.8011,1.58,2.25
2012.05.07 11:52:15.726,0.80095,0.80108,1.58,2.25
2012.05.07 11:52:15.856,0.80095,0.8011,1.58,3.00
2012.05.07 11:52:17.657,0.80094,0.8011,1.58,3.00
2012.05.07 11:52:18.176,0.80093,0.80109,2.33,3.00
2012.05.07 11:52:21.577,0.80092,0.80108,3.08,1.58
2012.05.07 11:52:22.468,0.80089,0.80106,3.83,1.58
2012.05.07 11:52:22.716,0.80089,0.80107,3.83,4.58
2012.05.07 11:52:22.829,0.80089,0.80107,3.83,4.58
2012.05.07 11:52:23.255,0.80089,0.80107,3.83,4.58
2012.05.07 11:52:23.869,0.80089,0.80105,2.25,1.58
2012.05.07 11:52:25.077,0.80089,0.80105,2.25,1.58
2012.05.07 11:52:25.787,0.8009,0.80106,2.33,1.58
2012.05.07 11:52:26.406,0.8009,0.80106,1.58,1.58
2012.05.07 11:52:26.911,0.80089,0.80105,1.50,1.58
2012.05.07 11:52:27.097,0.80089,0.80107,3.83,4.58
2012.05.07 11:52:27.627,0.80089,0.80105,1.50,1.58
2012.05.07 11:52:28.492,0.80089,0.80105,1.50,1.58
2012.05.07 11:52:29.202,0.80089,0.80105,1.50,1.58
2012.05.07 11:52:33.296,0.80088,0.80105,3.08,1.58
2012.05.07 11:52:34.018,0.8009,0.80106,1.58,2.33
2012.05.07 11:52:34.625,0.80088,0.80105,1.50,1.58
2012.05.07 11:52:37.229,0.80088,0.80105,1.50,1.58
2012.05.07 11:52:37.449,0.80088,0.80105,1.50,1.58
2012.05.07 11:52:40.612,0.80088,0.80105,1.50,1.58
2012.05.07 11:52:40.757,0.80088,0.80105,1.50,1.58
2012.05.07 11:52:41.531,0.8009,0.80106,1.58,2.33
2012.05.07 11:52:44.546,0.8009,0.80106,2.33,2.33
2012.05.07 11:52:44.754,0.8009,0.80106,2.33,2.33
2012.05.07 11:52:49.826,0.8009,0.80106,2.33,1.58
2012.05.07 11:52:54.231,0.8009,0.80106,2.33,1.58
2012.05.07 11:52:55.295,0.8009,0.80106,2.33,1.58
2012.05.07 11:52:55.558,0.80093,0.80108,3.15,3.00
2012.05.07 11:52:56.100,0.80094,0.80108,1.58,2.25
2012.05.07 11:52:56.228,0.80094,0.8011,1.58,1.50
2012.05.07 11:52:56.358,0.80094,0.80112,2.33,3.08
2012.05.07 11:52:56.487,0.80096,0.80112,1.58,1.50
2012.05.07 11:52:56.787,0.80093,0.80111,2.33,2.33
2012.05.07 11:53:01.369,0.80096,0.80112,1.58,3.08
2012.05.07 11:53:03.716,0.80093,0.80111,3.90,2.33
2012.05.07 11:53:04.307,0.80095,0.80112,1.58,1.50
2012.05.07 11:53:09.818,0.80095,0.80112,1.58,1.50
2012.05.07 11:53:10.306,0.80097,0.80112,1.58,1.50
2012.05.07 11:53:10.471,0.80095,0.80112,3.15,1.50
2012.05.07 11:53:10.689,0.80098,0.80112,1.58,1.50
2012.05.07 11:53:13.047,0.80098,0.80113,1.58,3.00
2012.05.07 11:53:13.827,0.80096,0.80112,1.58,3.08
2012.05.07 11:53:19.129,0.80098,0.80113,1.58,3.00
2012.05.07 11:53:21.847,0.80098,0.80114,1.58,4.58
2012.05.07 11:53:27.906,0.80098,0.80113,1.58,1.50
2012.05.07 11:53:28.261,0.80096,0.80112,1.58,1.50
2012.05.07 11:53:28.446,0.80094,0.80112,3.08,2.33
2012.05.07 11:53:29.147,0.80097,0.80113,1.58,6.15
2012.05.07 11:53:38.636,0.80097,0.80109,1.58,2.25
2012.05.07 11:53:38.887,0.80095,0.80109,1.58,2.25
2012.05.07 11:53:42.156,0.80096,0.80109,1.58,2.25
2012.05.07 11:53:43.518,0.80096,0.80109,2.33,2.25
2012.05.07 11:53:43.650,0.80094,0.80109,5.40,2.25
2012.05.07 11:53:43.837,0.80099,0.80109,1.58,2.25
2012.05.07 11:53:43.911,0.80097,0.80113,3.90,3.00
2012.05.07 11:53:44.038,0.80097,0.8011,2.33,2.25
2012.05.07 11:53:44.168,0.80097,0.80114,1.50,4.58
2012.05.07 11:53:44.680,0.80098,0.80114,1.58,4.58
2012.05.07 11:53:48.006,0.80096,0.80113,2.33,1.58
2012.05.07 11:53:48.438,0.80097,0.8011,1.58,2.25
2012.05.07 11:53:48.506,0.80095,0.8011,3.90,2.25
2012.05.07 11:53:51.564,0.80094,0.8011,3.83,2.25
2012.05.07 11:53:52.485,0.80096,0.8011,1.58,2.25
2012.05.07 11:53:52.796,0.80094,0.8011,3.08,2.25
2012.05.07 11:53:59.832,0.80096,0.8011,1.58,2.25
2012.05.07 11:54:01.855,0.80095,0.8011,1.58,2.25
2012.05.07 11:54:02.518,0.80096,0.8011,1.58,2.25
2012.05.07 11:54:03.036,0.80096,0.80114,1.58,5.33
2012.05.07 11:54:03.379,0.80094,0.80112,3.83,1.58
2012.05.07 11:54:03.447,0.80094,0.80112,3.83,1.58
2012.05.07 11:54:04.009,0.80096,0.80113,1.58,3.08
2012.05.07 11:54:04.357,0.80098,0.80114,1.58,2.33
2012.05.07 11:54:05.956,0.80095,0.80114,3.90,2.33
2012.05.07 11:54:06.588,0.80097,0.80115,1.58,4.58
2012.05.07 11:54:08.497,0.80097,0.80115,2.33,5.33
2012.05.07 11:54:09.306,0.80099,0.80115,1.58,1.50
2012.05.07 11:54:11.586,0.80097,0.80116,1.58,6.08
2012.05.07 11:54:11.958,0.80098,0.80112,1.58,2.25
2012.05.07 11:54:12.507,0.80099,0.80112,1.58,2.25
2012.05.07 11:54:15.055,0.80097,0.80112,2.33,2.25
2012.05.07 11:54:15.297,0.80101,0.80112,1.58,2.25
2012.05.07 11:54:21.706,0.80099,0.80112,1.58,2.25
2012.05.07 11:54:22.178,0.80101,0.80112,1.58,2.25
2012.05.07 11:54:22.378,0.80099,0.80112,1.58,2.25
2012.05.07 11:54:25.244,0.801,0.80112,1.58,2.25
2012.05.07 11:54:29.839,0.80099,0.80112,3.15,2.25
2012.05.07 11:54:30.036,0.80101,0.80112,1.58,2.25
2012.05.07 11:54:30.109,0.80101,0.80116,1.58,1.50
2012.05.07 11:54:35.668,0.801,0.80115,1.58,3.00
2012.05.07 11:54:55.800,0.801,0.80115,1.58,1.50
2012.05.07 11:54:57.312,0.801,0.80117,1.58,1.50
2012.05.07 11:55:01.576,0.80101,0.80116,1.58,1.50
2012.05.07 11:55:02.088,0.801,0.80116,1.58,1.50
2012.05.07 11:55:02.575,0.80102,0.80116,1.58,1.50
2012.05.07 11:55:05.247,0.80102,0.80116,1.58,2.25
2012.05.07 11:55:05.377,0.801,0.80116,1.58,4.50
2012.05.07 11:55:05.925,0.80099,0.80116,1.58,4.50
2012.05.07 11:55:06.056,0.80102,0.80116,1.58,3.75
2012.05.07 11:55:11.160,0.80102,0.80118,1.58,1.50
2012.05.07 11:55:11.468,0.80104,0.80119,2.33,1.58
2012.05.07 11:55:11.598,0.80106,0.80123,3.83,2.25
2012.05.07 11:55:12.576,0.80108,0.80123,1.58,1.50
2012.05.07 11:55:14.206,0.8011,0.80126,1.58,3.00
2012.05.07 11:55:14.498,0.80108,0.80126,1.58,4.58
2012.05.07 11:55:15.003,0.80107,0.80126,3.83,3.83
2012.05.07 11:55:17.440,0.80111,0.80126,1.58,1.50
2012.05.07 11:55:17.507,0.80113,0.80126,1.58,1.50
2012.05.07 11:55:18.319,0.80111,0.80128,2.25,2.33
2012.05.07 11:55:19.500,0.80111,0.80128,2.25,2.33
2012.05.07 11:55:20.951,0.80111,0.80128,2.25,3.08
2012.05.07 11:55:21.449,0.80112,0.80129,2.25,2.25
2012.05.07 11:55:21.963,0.80113,0.80131,3.83,2.33
2012.05.07 11:55:22.557,0.80113,0.80128,2.25,1.58
2012.05.07 11:55:22.686,0.80114,0.8013,1.58,1.58
2012.05.07 11:55:23.305,0.80113,0.80129,2.25,1.58
2012.05.07 11:55:34.632,0.80113,0.80126,3.00,1.58
2012.05.07 11:55:34.697,0.80112,0.80129,1.50,3.90
2012.05.07 11:55:35.098,0.80112,0.80126,3.00,1.58
2012.05.07 11:55:35.166,0.80111,0.80126,1.50,1.58
2012.05.07 11:55:45.043,0.80111,0.80126,1.50,1.58
2012.05.07 11:55:45.429,0.80112,0.80128,2.33,2.33
2012.05.07 11:55:45.738,0.80116,0.8013,2.33,2.25
2012.05.07 11:55:45.808,0.80116,0.80134,2.33,3.08
2012.05.07 11:55:46.239,0.80118,0.80135,3.08,2.33
2012.05.07 11:55:46.367,0.80119,0.80133,1.50,1.58
2012.05.07 11:55:46.438,0.80119,0.80135,1.50,2.33
2012.05.07 11:55:46.566,0.80119,0.80135,1.50,2.33
2012.05.07 11:55:47.147,0.80119,0.80135,1.50,2.33
2012.05.07 11:55:47.559,0.80121,0.80137,2.33,1.50
2012.05.07 11:55:47.887,0.80125,0.80138,1.58,3.75
2012.05.07 11:55:48.030,0.80125,0.80141,1.58,1.58
2012.05.07 11:55:48.416,0.80126,0.80144,1.50,3.90
2012.05.07 11:55:48.761,0.8013,0.80144,1.50,3.15
2012.05.07 11:55:48.950,0.80131,0.80146,1.50,2.25
2012.05.07 11:55:53.773,0.80132,0.80148,1.50,3.90
2012.05.07 11:55:55.607,0.80133,0.80149,1.50,2.33
2012.05.07 11:55:56.560,0.80133,0.80148,1.50,2.25
2012.05.07 11:55:57.073,0.80133,0.80147,1.50,2.25
2012.05.07 11:56:07.157,0.80134,0.80147,1.58,2.25
2012.05.07 11:56:07.286,0.80134,0.80149,1.58,2.25
2012.05.07 11:56:07.931,0.80134,0.80148,1.58,2.25
2012.05.07 11:56:08.476,0.80134,0.8015,3.83,1.50
2012.05.07 11:56:09.027,0.80135,0.80151,1.58,3.08
2012.05.07 11:56:09.099,0.80135,0.80151,1.58,2.33
2012.05.07 11:56:10.117,0.80135,0.80151,1.58,2.33
2012.05.07 11:56:10.884,0.80135,0.80151,2.33,1.58
2012.05.07 11:56:11.436,0.80135,0.80151,3.83,2.33
2012.05.07 11:56:15.757,0.80133,0.80151,3.83,2.33
2012.05.07 11:56:19.698,0.80134,0.80152,1.58,3.08
2012.05.07 11:56:20.236,0.80134,0.8015,2.33,2.25
2012.05.07 11:56:28.878,0.80133,0.8015,3.83,3.83
2012.05.07 11:56:31.848,0.80135,0.8015,1.58,2.25
2012.05.07 11:56:35.770,0.80135,0.8015,2.33,3.00
2012.05.07 11:56:37.747,0.80135,0.80149,1.58,1.50
2012.05.07 11:56:38.059,0.80129,0.80143,1.58,1.50
2012.05.07 11:56:38.659,0.80127,0.80144,2.33,1.50
2012.05.07 11:56:39.498,0.80129,0.80144,1.58,1.50
2012.05.07 11:56:39.568,0.80129,0.80145,1.58,3.75
2012.05.07 11:56:39.820,0.80126,0.80144,1.50,1.50
2012.05.07 11:56:40.009,0.80126,0.80145,1.50,3.08
2012.05.07 11:56:40.569,0.80129,0.80145,1.58,1.50
2012.05.07 11:56:44.659,0.80129,0.80144,1.58,1.50
2012.05.07 11:56:46.487,0.80129,0.80145,1.58,1.50
2012.05.07 11:56:47.030,0.80129,0.80145,1.58,1.50
2012.05.07 11:56:48.861,0.80131,0.80146,1.58,1.50
2012.05.07 11:56:59.218,0.80128,0.80147,3.90,1.50
2012.05.07 11:56:59.716,0.80126,0.80144,3.83,1.50
2012.05.07 11:57:03.386,0.80129,0.80144,1.58,1.50
2012.05.07 11:57:03.456,0.80131,0.80144,1.58,1.50
2012.05.07 11:57:03.785,0.80132,0.80147,1.58,1.50
2012.05.07 11:57:10.237,0.80131,0.80147,1.58,1.50
2012.05.07 11:57:12.489,0.80129,0.80148,3.15,5.33
2012.05.07 11:57:12.557,0.80129,0.80148,2.33,4.58
2012.05.07 11:57:12.806,0.80129,0.80148,1.58,5.33
2012.05.07 11:57:12.979,0.80129,0.80148,2.33,4.58
2012.05.07 11:57:13.430,0.80131,0.80148,2.33,3.00
2012.05.07 11:57:13.499,0.80133,0.80149,1.58,3.75
2012.05.07 11:57:14.049,0.8013,0.8015,3.83,3.08
2012.05.07 11:57:14.595,0.80132,0.80147,1.50,1.58
2012.05.07 11:57:18.345,0.8013,0.80147,3.83,1.58
2012.05.07 11:57:18.943,0.80132,0.80147,1.50,1.58
2012.05.07 11:57:21.556,0.80131,0.80147,1.50,1.58
2012.05.07 11:57:22.241,0.80132,0.80147,1.50,1.58
2012.05.07 11:57:22.995,0.80131,0.80147,1.50,2.33
2012.05.07 11:57:23.398,0.80131,0.80145,1.50,1.58
2012.05.07 11:57:23.608,0.80131,0.80147,1.50,2.33
2012.05.07 11:57:24.508,0.80131,0.80146,1.50,1.58
2012.05.07 11:57:26.878,0.8013,0.80145,1.50,1.58
2012.05.07 11:57:27.006,0.80129,0.80141,1.50,1.58
2012.05.07 11:57:27.137,0.80126,0.80141,1.50,1.58
2012.05.07 11:57:27.663,0.80126,0.80142,2.25,1.58
2012.05.07 11:57:27.787,0.80126,0.8014,1.50,1.58
2012.05.07 11:57:28.297,0.80125,0.8014,2.25,1.58
2012.05.07 11:57:29.068,0.80125,0.8014,1.50,1.58
2012.05.07 11:57:32.176,0.80124,0.80142,3.08,1.58
2012.05.07 11:57:33.177,0.80124,0.80141,1.50,1.58
2012.05.07 11:57:33.717,0.80124,0.80143,1.50,2.33
2012.05.07 11:57:35.995,0.80126,0.80144,1.58,4.65
2012.05.07 11:57:36.580,0.80124,0.80144,3.08,3.08
2012.05.07 11:57:38.605,0.80125,0.80144,2.33,1.50
2012.05.07 11:57:42.427,0.80125,0.80144,2.33,1.50
2012.05.07 11:57:42.498,0.80128,0.80145,1.58,4.50
2012.05.07 11:57:43.047,0.80128,0.80145,1.58,3.75
2012.05.07 11:57:43.611,0.8013,0.80148,1.58,5.33
2012.05.07 11:57:44.519,0.8013,0.80148,1.58,5.33
2012.05.07 11:57:45.568,0.80127,0.80148,3.90,5.33
2012.05.07 11:57:45.947,0.80125,0.80145,3.08,3.00
2012.05.07 11:57:46.206,0.80129,0.80145,1.58,3.00
2012.05.07 11:57:46.737,0.80128,0.80145,1.58,3.00
2012.05.07 11:57:47.460,0.80126,0.80144,1.58,1.50
2012.05.07 11:57:47.530,0.80126,0.80144,1.58,1.50
2012.05.07 11:57:47.657,0.80126,0.80144,1.58,1.50
2012.05.07 11:57:47.786,0.80126,0.80144,1.58,1.50
2012.05.07 11:57:48.298,0.80127,0.80144,1.58,3.08
2012.05.07 11:57:48.518,0.80124,0.80144,5.40,3.08
2012.05.07 11:57:48.837,0.80126,0.8014,1.58,2.25
2012.05.07 11:57:51.219,0.80129,0.8014,1.58,2.25
2012.05.07 11:57:51.346,0.80129,0.80144,1.58,1.50
2012.05.07 11:57:51.889,0.80129,0.80145,1.58,3.00
2012.05.07 11:57:58.203,0.80128,0.80144,1.58,3.75
2012.05.07 11:57:58.740,0.80129,0.80144,1.58,3.75
2012.05.07 11:57:58.877,0.80127,0.80144,2.33,3.75
2012.05.07 11:58:01.229,0.80127,0.80144,2.33,1.50
2012.05.07 11:58:01.296,0.80127,0.80146,2.33,3.08
2012.05.07 11:58:01.849,0.80127,0.80146,2.33,2.33
2012.05.07 11:58:02.179,0.80127,0.80146,2.33,2.33
2012.05.07 11:58:02.682,0.80131,0.80148,1.58,3.75
2012.05.07 11:58:02.747,0.80129,0.80148,2.33,5.33
2012.05.07 11:58:07.851,0.80132,0.80148,1.58,5.33
2012.05.07 11:58:11.580,0.80133,0.80148,1.58,3.75
2012.05.07 11:58:11.710,0.80133,0.80148,1.58,3.00
2012.05.07 11:58:11.840,0.80137,0.8015,1.58,1.50
2012.05.07 11:58:11.969,0.80137,0.80152,1.58,3.75
2012.05.07 11:58:16.333,0.80139,0.80152,1.58,3.00
2012.05.07 11:58:16.652,0.80142,0.80152,1.58,2.25
2012.05.07 11:58:16.978,0.80145,0.80152,1.58,2.25
2012.05.07 11:58:17.050,0.80145,0.80161,1.58,3.75
2012.05.07 11:58:17.356,0.80143,0.80161,2.33,5.33
2012.05.07 11:58:18.059,0.80143,0.80161,2.33,5.33
2012.05.07 11:58:21.238,0.80141,0.8016,3.90,2.33
2012.05.07 11:58:21.742,0.80142,0.80159,2.33,2.33
2012.05.07 11:58:23.555,0.80142,0.80159,2.33,1.58
2012.05.07 11:58:23.998,0.80142,0.80159,2.33,2.33
2012.05.07 11:58:24.521,0.80142,0.80159,2.33,2.33
2012.05.07 11:58:32.030,0.80146,0.80161,1.58,3.00
2012.05.07 11:58:32.102,0.80146,0.80161,1.58,3.00
2012.05.07 11:58:32.409,0.80148,0.80165,1.58,3.75
2012.05.07 11:58:33.032,0.80147,0.80164,1.58,2.33
2012.05.07 11:58:33.358,0.80147,0.80164,2.33,2.33
2012.05.07 11:58:34.073,0.80149,0.80165,2.33,1.50
2012.05.07 11:58:36.190,0.80147,0.80163,1.58,3.00
2012.05.07 11:58:37.707,0.80146,0.80163,2.33,3.00
2012.05.07 11:58:47.638,0.80147,0.80163,1.58,3.00
2012.05.07 11:58:49.278,0.8015,0.80163,1.58,2.25
2012.05.07 11:58:49.408,0.8015,0.80165,1.58,1.50
2012.05.07 11:58:52.130,0.80148,0.80164,1.58,1.58
2012.05.07 11:58:54.115,0.80148,0.80164,2.33,1.58
2012.05.07 11:58:54.833,0.80148,0.80164,1.58,1.58
2012.05.07 11:58:57.989,0.80148,0.80164,2.33,2.33
2012.05.07 11:58:58.332,0.80148,0.80164,1.58,2.33
2012.05.07 11:59:00.757,0.80148,0.80164,2.33,2.33
2012.05.07 11:59:05.512,0.8015,0.80166,1.58,2.33
2012.05.07 11:59:05.970,0.8015,0.80166,1.58,2.33
2012.05.07 11:59:07.020,0.8015,0.80166,2.33,2.33
2012.05.07 11:59:09.138,0.8015,0.80166,1.58,2.33
2012.05.07 11:59:09.459,0.80152,0.80169,2.33,1.50
2012.05.07 11:59:09.592,0.80154,0.80173,3.08,3.08
2012.05.07 11:59:09.780,0.80159,0.80175,1.58,3.90
2012.05.07 11:59:09.971,0.80159,0.80175,2.33,1.58
2012.05.07 11:59:10.043,0.80163,0.80178,1.58,2.33
2012.05.07 11:59:10.349,0.80165,0.8018,1.58,1.50
2012.05.07 11:59:10.912,0.80165,0.80183,1.58,4.58
2012.05.07 11:59:11.491,0.80165,0.80183,2.33,4.58
2012.05.07 11:59:11.690,0.80165,0.80183,2.33,4.58
2012.05.07 11:59:12.004,0.80167,0.80183,1.50,4.58
2012.05.07 11:59:12.145,0.80166,0.80184,3.08,2.33
2012.05.07 11:59:12.485,0.80168,0.80186,3.83,4.58
2012.05.07 11:59:13.114,0.80168,0.80186,5.40,1.58
2012.05.07 11:59:13.193,0.80169,0.80188,4.58,2.33
2012.05.07 11:59:13.572,0.80169,0.80185,4.58,1.58
2012.05.07 11:59:15.040,0.80169,0.80188,2.33,2.33
2012.05.07 11:59:15.108,0.80169,0.80188,2.33,2.33
2012.05.07 11:59:15.699,0.80169,0.80187,2.33,3.00
2012.05.07 11:59:16.089,0.80166,0.80185,2.33,2.33
2012.05.07 11:59:18.157,0.80166,0.80185,2.33,2.33
2012.05.07 11:59:18.697,0.80166,0.80185,2.33,2.33
2012.05.07 11:59:18.888,0.80169,0.80185,2.33,2.33
2012.05.07 11:59:19.197,0.80169,0.80185,2.33,2.33
2012.05.07 11:59:20.876,0.80169,0.80185,2.33,2.33
2012.05.07 11:59:21.574,0.80169,0.80185,2.33,2.33
2012.05.07 11:59:22.400,0.80169,0.80185,2.33,2.33
2012.05.07 11:59:23.903,0.80169,0.80185,2.33,2.33
2012.05.07 11:59:24.030,0.80169,0.80185,2.33,2.33
2012.05.07 11:59:24.536,0.80167,0.80184,2.33,2.33
2012.05.07 11:59:24.613,0.80167,0.80184,2.33,2.33
2012.05.07 11:59:25.757,0.80167,0.80184,2.33,1.58
2012.05.07 11:59:26.318,0.80169,0.80185,2.33,2.33
2012.05.07 11:59:26.448,0.80167,0.80183,2.33,1.58
2012.05.07 11:59:27.291,0.80166,0.80182,1.50,1.58
2012.05.07 11:59:28.827,0.80166,0.80182,2.33,1.58
2012.05.07 11:59:28.897,0.80168,0.80184,1.58,2.33
2012.05.07 11:59:29.551,0.80168,0.80184,2.33,2.33
2012.05.07 11:59:29.897,0.80168,0.80184,2.33,2.33
2012.05.07 11:59:30.176,0.80169,0.80186,2.33,2.33
2012.05.07 11:59:30.744,0.80169,0.80186,2.33,2.33
2012.05.07 11:59:31.782,0.80168,0.80184,2.33,1.58
2012.05.07 11:59:31.908,0.80168,0.80184,1.58,1.58
2012.05.07 11:59:32.459,0.80167,0.80185,2.33,4.58
2012.05.07 11:59:33.011,0.80165,0.80183,3.08,2.33
2012.05.07 11:59:33.517,0.80168,0.80184,1.58,2.33
2012.05.07 11:59:34.519,0.80165,0.80183,2.33,2.33
2012.05.07 11:59:34.588,0.80165,0.80181,2.33,2.25
2012.05.07 11:59:35.329,0.80165,0.80181,2.33,2.25
2012.05.07 11:59:35.659,0.80165,0.80181,2.33,2.25
2012.05.07 11:59:36.278,0.80165,0.80181,1.58,2.25
2012.05.07 11:59:37.027,0.80163,0.80179,2.33,1.58
2012.05.07 11:59:37.366,0.80161,0.80178,2.33,2.33
2012.05.07 11:59:37.798,0.8016,0.80176,1.58,4.58
2012.05.07 11:59:38.347,0.80157,0.80175,2.33,2.33
2012.05.07 11:59:39.027,0.80157,0.80175,3.08,1.58
2012.05.07 11:59:39.278,0.80157,0.80175,2.33,1.58
2012.05.07 11:59:39.840,0.80158,0.80174,2.33,2.33
2012.05.07 11:59:40.147,0.80158,0.80172,2.33,2.25
2012.05.07 11:59:40.503,0.80156,0.80172,1.50,2.25
2012.05.07 11:59:41.158,0.80158,0.80172,1.58,2.25
2012.05.07 11:59:41.347,0.80158,0.80176,3.83,3.08
2012.05.07 11:59:41.926,0.80159,0.80176,1.50,2.33
2012.05.07 11:59:42.510,0.80156,0.80175,3.08,2.33
2012.05.07 11:59:42.765,0.80156,0.80175,3.08,2.33
2012.05.07 11:59:42.899,0.80156,0.80172,3.08,1.58
2012.05.07 11:59:43.210,0.80156,0.80175,3.08,2.33
2012.05.07 11:59:43.829,0.80156,0.80174,3.83,2.33
2012.05.07 11:59:44.078,0.80156,0.80174,3.83,2.33
2012.05.07 11:59:44.881,0.80156,0.80174,3.08,2.33
2012.05.07 11:59:47.619,0.80156,0.80174,3.08,2.33
2012.05.07 11:59:47.688,0.8016,0.80177,2.33,3.00
2012.05.07 11:59:48.536,0.8016,0.80177,2.33,3.00
2012.05.07 11:59:50.309,0.80158,0.80176,3.75,2.33
2012.05.07 11:59:51.010,0.80158,0.80173,3.75,1.58
2012.05.07 11:59:52.806,0.80158,0.80173,3.75,1.58
2012.05.07 11:59:53.043,0.80158,0.80173,3.75,1.58
2012.05.07 11:59:53.758,0.80158,0.80173,3.75,1.58
2012.05.07 11:59:53.889,0.80158,0.80176,5.33,2.33
2012.05.07 11:59:54.017,0.80158,0.80176,5.33,2.33
2012.05.07 11:59:54.300,0.80158,0.80176,2.33,2.33
2012.05.07 11:59:54.995,0.80157,0.80173,3.08,1.58
2012.05.07 11:59:58.483,0.80157,0.80173,1.58,3.83
2012.05.07 11:59:58.981,0.80156,0.8017,1.50,1.58
2012.05.07 11:59:59.510,0.80153,0.80169,1.50,3.83
2012.05.07 11:59:59.581,0.80152,0.80169,2.33,4.58
