2011.08.09 11:00:00.330,0.77541,0.77568,1.71,1.50
2011.08.09 11:00:01.731,0.77541,0.77564,1.11,1.50
2011.08.09 11:00:02.070,0.77541,0.77563,1.11,1.50
2011.08.09 11:00:02.787,0.77541,0.77565,1.11,1.35
2011.08.09 11:00:05.061,0.77541,0.77564,1.11,1.50
2011.08.09 11:00:05.401,0.77543,0.77567,2.46,1.50
2011.08.09 11:00:05.742,0.77556,0.7757,2.10,3.00
2011.08.09 11:00:05.975,0.77561,0.77571,1.35,2.25
2011.08.09 11:00:06.093,0.77559,0.77578,1.35,3.75
2011.08.09 11:00:06.857,0.77563,0.77587,1.11,1.50
2011.08.09 11:00:06.978,0.77561,0.77587,1.71,1.50
2011.08.09 11:00:07.424,0.77565,0.77587,1.35,1.50
2011.08.09 11:00:07.872,0.77564,0.77591,1.71,1.50
2011.08.09 11:00:08.210,0.77562,0.7759,1.71,1.50
2011.08.09 11:00:08.551,0.7756,0.77583,1.11,1.50
2011.08.09 11:00:09.166,0.7756,0.77581,2.46,1.50
2011.08.09 11:00:14.912,0.77561,0.77582,1.71,1.50
2011.08.09 11:00:15.142,0.7756,0.77582,1.35,1.50
2011.08.09 11:00:15.371,0.77558,0.77582,1.71,1.50
2011.08.09 11:00:15.927,0.77562,0.77588,1.11,1.35
2011.08.09 11:00:16.152,0.77562,0.77588,1.11,1.35
2011.08.09 11:00:16.384,0.77564,0.77589,1.35,1.50
2011.08.09 11:00:16.941,0.77563,0.7759,1.11,1.35
2011.08.09 11:00:17.173,0.77561,0.77588,1.86,1.50
2011.08.09 11:00:17.292,0.77561,0.77584,1.11,1.50
2011.08.09 11:00:21.549,0.77562,0.77584,1.11,1.50
2011.08.09 11:00:22.160,0.77561,0.77583,1.86,1.50
2011.08.09 11:00:22.273,0.77561,0.77581,1.86,2.25
2011.08.09 11:00:22.613,0.77561,0.77577,1.86,1.50
2011.08.09 11:00:22.732,0.77562,0.7758,1.11,1.50
2011.08.09 11:00:23.179,0.77563,0.7758,1.71,1.50
2011.08.09 11:00:23.904,0.77563,0.7758,1.71,2.25
2011.08.09 11:00:24.023,0.7756,0.77578,1.86,1.50
2011.08.09 11:00:24.713,0.7756,0.7758,1.86,2.25
2011.08.09 11:00:24.839,0.77556,0.77578,1.11,1.50
2011.08.09 11:00:25.450,0.77556,0.77578,1.11,1.50
2011.08.09 11:00:26.981,0.77556,0.77574,1.71,1.50
2011.08.09 11:00:27.209,0.77559,0.77574,2.46,1.50
2011.08.09 11:00:28.006,0.77562,0.77578,1.35,1.50
2011.08.09 11:00:28.341,0.77564,0.7758,1.11,1.50
2011.08.09 11:00:29.424,0.77563,0.77578,1.86,1.50
2011.08.09 11:00:29.654,0.77559,0.77575,4.71,1.50
2011.08.09 11:00:30.225,0.77562,0.77587,1.35,1.50
2011.08.09 11:00:30.683,0.77566,0.77587,1.71,1.50
2011.08.09 11:00:30.912,0.77568,0.77594,1.35,1.50
2011.08.09 11:00:31.695,0.77568,0.77594,1.35,2.25
2011.08.09 11:00:32.982,0.7758,0.77592,1.11,1.50
2011.08.09 11:00:33.104,0.77578,0.77592,1.11,1.50
2011.08.09 11:00:33.223,0.77576,0.77592,3.00,1.50
2011.08.09 11:00:33.346,0.77574,0.7759,3.00,1.50
2011.08.09 11:00:33.464,0.7757,0.77583,1.11,1.50
2011.08.09 11:00:33.585,0.7757,0.77594,1.11,2.85
2011.08.09 11:00:34.034,0.77574,0.77597,1.35,1.50
2011.08.09 11:00:34.591,0.77574,0.77599,1.35,2.25
2011.08.09 11:00:35.470,0.77574,0.77599,1.35,2.25
2011.08.09 11:00:36.032,0.77576,0.77601,1.11,1.50
2011.08.09 11:00:36.151,0.77576,0.77602,1.11,1.50
2011.08.09 11:00:36.272,0.77576,0.77593,1.11,1.50
2011.08.09 11:00:36.919,0.77576,0.776,1.11,1.50
2011.08.09 11:00:37.145,0.77582,0.77605,1.35,1.50
2011.08.09 11:00:37.369,0.77585,0.77607,1.11,1.50
2011.08.09 11:00:37.590,0.77585,0.77605,1.11,1.50
2011.08.09 11:00:38.135,0.77585,0.77605,1.11,1.50
2011.08.09 11:00:38.692,0.77585,0.77606,1.71,1.50
2011.08.09 11:00:38.812,0.77589,0.77607,1.35,1.50
2011.08.09 11:00:39.040,0.77589,0.77612,1.35,1.50
2011.08.09 11:00:39.150,0.77589,0.77614,1.35,1.50
2011.08.09 11:00:40.032,0.77592,0.77615,1.11,1.50
2011.08.09 11:00:40.823,0.77592,0.77615,1.11,1.50
2011.08.09 11:00:40.951,0.77605,0.77626,1.11,1.50
2011.08.09 11:00:41.183,0.77608,0.7763,1.35,2.25
2011.08.09 11:00:41.304,0.77616,0.77635,1.35,2.25
2011.08.09 11:00:41.641,0.77615,0.77632,2.61,1.50
2011.08.09 11:00:41.872,0.77614,0.77636,1.11,1.50
2011.08.09 11:00:42.211,0.77611,0.77634,1.11,1.50
2011.08.09 11:00:42.331,0.7761,0.77633,2.61,1.50
2011.08.09 11:00:43.022,0.77606,0.77629,1.71,2.25
2011.08.09 11:00:43.361,0.7761,0.77633,1.11,1.50
2011.08.09 11:00:43.702,0.77613,0.7764,2.10,1.50
2011.08.09 11:00:44.044,0.77618,0.77634,3.21,1.50
2011.08.09 11:00:44.381,0.77621,0.77641,1.11,1.50
2011.08.09 11:00:44.609,0.77626,0.77651,1.11,1.35
2011.08.09 11:00:45.201,0.77629,0.77656,1.71,2.25
2011.08.09 11:00:45.540,0.77628,0.77642,3.36,1.50
2011.08.09 11:00:45.870,0.77628,0.77639,2.25,1.50
2011.08.09 11:00:46.100,0.77626,0.77645,2.61,1.50
2011.08.09 11:00:46.942,0.77625,0.77641,1.11,1.50
2011.08.09 11:00:47.292,0.77625,0.77642,1.11,2.10
2011.08.09 11:00:47.413,0.77622,0.77642,1.11,2.10
2011.08.09 11:00:48.080,0.77622,0.77637,1.86,1.50
2011.08.09 11:00:48.664,0.77619,0.77637,1.71,1.50
2011.08.09 11:00:48.785,0.77619,0.77633,1.11,1.50
2011.08.09 11:00:48.901,0.77616,0.77633,1.11,1.50
2011.08.09 11:00:49.132,0.77614,0.77631,1.35,1.50
2011.08.09 11:00:49.582,0.77612,0.77627,1.71,1.50
2011.08.09 11:00:50.509,0.77612,0.7763,1.11,1.50
2011.08.09 11:00:51.019,0.77612,0.77632,1.11,1.50
2011.08.09 11:00:51.243,0.77608,0.77629,1.11,2.10
2011.08.09 11:00:51.476,0.77599,0.77623,1.11,1.50
2011.08.09 11:00:51.591,0.77599,0.77618,1.11,1.35
2011.08.09 11:00:51.930,0.77592,0.77612,1.11,1.50
2011.08.09 11:00:52.481,0.77596,0.77611,2.10,1.50
2011.08.09 11:00:52.601,0.77596,0.7762,2.46,1.50
2011.08.09 11:00:52.722,0.77601,0.77623,1.71,1.50
2011.08.09 11:00:53.329,0.77602,0.77623,1.11,1.50
2011.08.09 11:00:53.454,0.77603,0.77623,1.35,1.50
2011.08.09 11:00:53.572,0.77604,0.77628,1.11,3.00
2011.08.09 11:00:53.690,0.77604,0.77628,1.86,2.25
2011.08.09 11:00:53.815,0.77607,0.77633,1.35,1.50
2011.08.09 11:00:53.930,0.77609,0.77637,2.46,2.10
2011.08.09 11:00:54.051,0.7761,0.77637,2.46,2.25
2011.08.09 11:00:54.397,0.7762,0.77642,2.10,3.75
2011.08.09 11:00:54.516,0.7762,0.77644,2.10,1.50
2011.08.09 11:00:55.344,0.77623,0.77645,1.71,2.25
2011.08.09 11:00:55.466,0.77622,0.77644,1.71,1.50
2011.08.09 11:00:55.802,0.77622,0.77645,1.71,1.50
2011.08.09 11:00:56.032,0.77622,0.77641,1.71,1.50
2011.08.09 11:00:56.481,0.77622,0.77644,1.71,1.50
2011.08.09 11:00:57.149,0.77622,0.77642,1.71,1.50
2011.08.09 11:00:57.503,0.77622,0.7764,1.71,1.50
2011.08.09 11:00:58.274,0.77622,0.77633,1.71,1.50
2011.08.09 11:01:01.029,0.77622,0.77641,1.11,1.50
2011.08.09 11:01:01.529,0.77622,0.77633,1.11,1.50
2011.08.09 11:01:02.851,0.77622,0.77637,1.11,1.50
2011.08.09 11:01:09.195,0.77622,0.77647,1.11,2.25
2011.08.09 11:01:09.315,0.77622,0.77647,1.11,1.50
2011.08.09 11:01:09.432,0.77622,0.7764,1.11,1.50
2011.08.09 11:01:10.321,0.77622,0.77638,1.11,1.50
2011.08.09 11:01:10.549,0.77622,0.7764,1.11,1.50
2011.08.09 11:01:10.770,0.77622,0.77646,1.11,2.25
2011.08.09 11:01:12.923,0.77622,0.77644,1.11,1.35
2011.08.09 11:01:13.507,0.77616,0.77639,1.11,1.50
2011.08.09 11:01:13.627,0.77614,0.77638,1.71,1.50
2011.08.09 11:01:13.742,0.77614,0.77636,1.11,1.50
2011.08.09 11:01:14.083,0.7761,0.7763,3.36,1.50
2011.08.09 11:01:14.420,0.7761,0.77627,1.11,1.50
2011.08.09 11:01:15.321,0.77611,0.77624,1.11,1.50
2011.08.09 11:01:16.367,0.77611,0.77628,1.86,1.50
2011.08.09 11:01:16.596,0.77614,0.77628,1.71,1.50
2011.08.09 11:01:17.039,0.77616,0.77636,1.11,1.50
2011.08.09 11:01:18.094,0.77617,0.77634,1.86,1.50
2011.08.09 11:01:18.671,0.77616,0.77634,1.11,1.50
2011.08.09 11:01:19.009,0.77616,0.77629,1.11,1.50
2011.08.09 11:01:19.120,0.77616,0.77634,1.11,1.50
2011.08.09 11:01:19.560,0.77616,0.77626,1.11,1.50
2011.08.09 11:01:20.220,0.77615,0.77635,1.11,1.50
2011.08.09 11:01:20.758,0.77612,0.77635,1.11,1.50
2011.08.09 11:01:21.411,0.77612,0.77632,1.11,1.50
2011.08.09 11:01:21.537,0.77609,0.77622,1.11,1.50
2011.08.09 11:01:22.105,0.77608,0.77621,1.86,1.50
2011.08.09 11:01:22.225,0.77605,0.77622,1.11,1.50
2011.08.09 11:01:22.343,0.77604,0.77622,1.11,1.50
2011.08.09 11:01:22.573,0.77603,0.77618,1.11,1.50
2011.08.09 11:01:22.694,0.77603,0.77622,1.11,1.50
2011.08.09 11:01:22.919,0.77601,0.77622,1.50,1.50
2011.08.09 11:01:23.257,0.77598,0.77614,1.11,1.50
2011.08.09 11:01:23.808,0.77598,0.77614,1.11,1.50
2011.08.09 11:01:23.929,0.77598,0.77621,1.11,1.50
2011.08.09 11:01:24.051,0.77598,0.77618,1.11,1.50
2011.08.09 11:01:24.961,0.776,0.77618,1.11,1.50
2011.08.09 11:01:25.083,0.776,0.77623,1.11,1.50
2011.08.09 11:01:25.202,0.77601,0.77626,1.11,1.35
2011.08.09 11:01:25.764,0.7761,0.77632,1.50,3.00
2011.08.09 11:01:25.991,0.77612,0.77632,1.11,2.25
2011.08.09 11:01:26.224,0.77612,0.77636,1.11,1.50
2011.08.09 11:01:26.343,0.77615,0.77633,1.11,2.10
2011.08.09 11:01:26.895,0.7761,0.7763,1.11,2.10
2011.08.09 11:01:27.020,0.77602,0.77625,3.36,1.35
2011.08.09 11:01:27.242,0.77602,0.77625,1.11,2.10
2011.08.09 11:01:27.842,0.77603,0.77623,1.11,1.50
2011.08.09 11:01:28.293,0.77598,0.77615,1.11,1.50
2011.08.09 11:01:28.524,0.77594,0.77614,1.86,2.85
2011.08.09 11:01:28.644,0.77593,0.77614,1.11,2.85
2011.08.09 11:01:36.160,0.7759,0.77611,1.50,2.25
2011.08.09 11:01:36.298,0.77597,0.77609,2.25,1.50
2011.08.09 11:01:36.839,0.77592,0.77604,3.75,1.50
2011.08.09 11:01:37.028,0.77592,0.77609,4.35,3.00
2011.08.09 11:01:37.209,0.77601,0.77617,1.35,1.50
2011.08.09 11:01:37.327,0.77603,0.77625,1.50,1.50
2011.08.09 11:01:37.551,0.77607,0.77629,1.35,2.25
2011.08.09 11:01:37.892,0.77609,0.77629,1.11,1.50
2011.08.09 11:01:38.010,0.77609,0.77632,1.11,1.50
2011.08.09 11:01:39.081,0.77609,0.7763,1.11,1.50
2011.08.09 11:01:39.553,0.77619,0.77638,1.11,1.50
2011.08.09 11:01:39.673,0.77619,0.77636,1.11,1.50
2011.08.09 11:01:40.350,0.7762,0.77638,1.11,1.50
2011.08.09 11:01:41.366,0.77617,0.77636,1.11,1.50
2011.08.09 11:01:41.488,0.77617,0.77636,1.11,1.50
2011.08.09 11:01:41.931,0.77613,0.77638,1.86,1.50
2011.08.09 11:01:42.272,0.77613,0.77632,1.11,1.50
2011.08.09 11:01:42.831,0.77613,0.77631,1.86,1.50
2011.08.09 11:01:43.151,0.77613,0.77631,1.11,1.50
2011.08.09 11:01:43.505,0.77613,0.77632,1.11,1.50
2011.08.09 11:01:44.405,0.77613,0.77632,1.11,2.85
2011.08.09 11:01:45.017,0.7761,0.77625,1.11,1.50
2011.08.09 11:01:45.126,0.7761,0.77625,1.11,1.50
2011.08.09 11:01:46.672,0.7761,0.77626,1.11,1.50
2011.08.09 11:01:46.791,0.7761,0.77628,1.71,1.50
2011.08.09 11:01:47.132,0.77617,0.77633,1.11,1.50
2011.08.09 11:01:47.817,0.77621,0.77639,1.11,1.50
2011.08.09 11:01:48.040,0.77621,0.77634,1.11,1.50
2011.08.09 11:01:48.601,0.77621,0.7764,1.71,1.50
2011.08.09 11:01:48.721,0.77623,0.77644,1.50,1.50
2011.08.09 11:01:48.842,0.77624,0.77645,1.11,1.50
2011.08.09 11:01:48.964,0.77625,0.77644,1.11,1.50
2011.08.09 11:01:49.085,0.77623,0.77639,1.86,1.50
2011.08.09 11:01:49.201,0.77623,0.77639,1.11,1.50
2011.08.09 11:01:49.655,0.77621,0.77635,1.86,1.50
2011.08.09 11:01:50.261,0.77621,0.77633,1.11,1.50
2011.08.09 11:01:50.930,0.77617,0.77633,1.86,1.50
2011.08.09 11:01:51.385,0.77614,0.77634,2.46,1.50
2011.08.09 11:01:51.504,0.77614,0.77632,1.86,1.50
2011.08.09 11:01:51.840,0.77614,0.77629,1.11,1.50
2011.08.09 11:01:52.289,0.77615,0.77634,1.11,1.50
2011.08.09 11:01:52.511,0.77615,0.77629,1.11,1.50
2011.08.09 11:01:54.320,0.77614,0.77627,1.11,1.50
2011.08.09 11:01:54.664,0.77608,0.77623,1.35,1.50
2011.08.09 11:01:54.783,0.77605,0.77623,1.11,2.25
2011.08.09 11:01:55.011,0.77598,0.77618,1.11,1.50
2011.08.09 11:01:55.460,0.77597,0.7762,3.21,1.50
2011.08.09 11:01:55.581,0.77602,0.77621,1.35,1.50
2011.08.09 11:01:56.188,0.77604,0.77622,1.11,1.50
2011.08.09 11:01:56.308,0.77613,0.77634,1.35,1.50
2011.08.09 11:01:56.642,0.77612,0.77635,1.71,1.50
2011.08.09 11:01:56.981,0.7761,0.77629,1.71,1.50
2011.08.09 11:01:57.319,0.77609,0.77628,1.11,1.50
2011.08.09 11:01:59.541,0.77609,0.77628,1.11,1.50
2011.08.09 11:01:59.921,0.77607,0.77624,2.46,1.50
2011.08.09 11:02:00.461,0.77607,0.77624,1.11,1.50
2011.08.09 11:02:00.803,0.77604,0.77619,1.11,1.50
2011.08.09 11:02:01.717,0.77604,0.77619,1.11,1.50
2011.08.09 11:02:01.836,0.776,0.77619,1.11,1.50
2011.08.09 11:02:01.953,0.77595,0.77619,4.71,1.50
2011.08.09 11:02:02.071,0.77595,0.77619,2.46,2.25
2011.08.09 11:02:02.409,0.77597,0.77616,1.11,1.50
2011.08.09 11:02:03.290,0.77598,0.77614,1.11,1.50
2011.08.09 11:02:03.410,0.77598,0.77613,1.11,1.50
2011.08.09 11:02:03.631,0.77595,0.77614,1.71,1.50
2011.08.09 11:02:04.200,0.77595,0.77614,1.11,1.50
2011.08.09 11:02:04.821,0.77595,0.77614,1.11,1.50
2011.08.09 11:02:05.049,0.77595,0.77608,1.11,1.50
2011.08.09 11:02:05.269,0.77594,0.77612,1.11,1.50
2011.08.09 11:02:05.380,0.77593,0.77612,1.11,1.50
2011.08.09 11:02:06.209,0.77593,0.77612,1.11,2.25
2011.08.09 11:02:06.541,0.77591,0.77608,1.11,1.50
2011.08.09 11:02:06.881,0.77588,0.77603,2.46,1.50
2011.08.09 11:02:07.333,0.77588,0.77606,2.46,1.50
2011.08.09 11:02:07.560,0.77588,0.77605,1.50,1.50
2011.08.09 11:02:07.790,0.77587,0.77601,1.11,1.50
2011.08.09 11:02:08.136,0.77582,0.77598,1.11,1.35
2011.08.09 11:02:08.256,0.77581,0.77592,1.11,1.50
2011.08.09 11:02:08.848,0.77569,0.77588,1.86,2.10
2011.08.09 11:02:08.963,0.77569,0.77588,1.11,2.10
2011.08.09 11:02:09.519,0.77567,0.77587,1.11,1.50
2011.08.09 11:02:17.190,0.77567,0.77587,1.11,1.50
2011.08.09 11:02:24.131,0.77579,0.77606,1.11,2.10
2011.08.09 11:02:25.040,0.77585,0.77607,1.11,1.50
2011.08.09 11:02:25.907,0.77593,0.77614,1.71,1.50
2011.08.09 11:02:26.022,0.77597,0.77617,1.50,2.25
2011.08.09 11:02:26.365,0.77599,0.77619,1.11,1.50
2011.08.09 11:02:26.701,0.77599,0.77617,1.11,1.50
2011.08.09 11:02:29.060,0.77599,0.77616,1.11,1.50
2011.08.09 11:02:29.782,0.77599,0.77617,1.11,1.50
2011.08.09 11:02:30.015,0.77595,0.77612,1.11,1.50
2011.08.09 11:02:30.352,0.77589,0.77604,1.11,1.50
2011.08.09 11:02:30.692,0.77575,0.77595,1.11,1.50
2011.08.09 11:02:30.810,0.77575,0.77595,1.11,2.25
2011.08.09 11:02:34.094,0.77575,0.77595,1.11,2.25
2011.08.09 11:02:34.431,0.77572,0.77592,1.11,1.50
2011.08.09 11:02:34.551,0.77572,0.7759,1.11,1.50
2011.08.09 11:02:35.302,0.77573,0.77593,2.46,1.50
2011.08.09 11:02:35.973,0.77574,0.77596,1.11,2.25
2011.08.09 11:02:36.991,0.77574,0.77595,1.11,1.50
2011.08.09 11:02:37.332,0.77574,0.77601,1.11,2.10
2011.08.09 11:02:37.890,0.77574,0.77596,1.11,1.35
2011.08.09 11:02:39.859,0.77574,0.77596,1.11,1.35
2011.08.09 11:02:40.409,0.77576,0.77601,1.35,1.50
2011.08.09 11:02:42.241,0.77576,0.77601,1.35,1.50
2011.08.09 11:02:43.439,0.77579,0.77604,1.11,2.10
2011.08.09 11:02:43.880,0.77576,0.77602,1.35,1.50
2011.08.09 11:02:44.112,0.77582,0.77605,1.11,1.50
2011.08.09 11:02:44.450,0.77582,0.77608,1.11,1.35
2011.08.09 11:02:45.453,0.77584,0.77608,1.11,1.35
2011.08.09 11:02:45.570,0.77584,0.77608,1.11,1.35
2011.08.09 11:02:46.886,0.77576,0.77601,3.36,1.35
2011.08.09 11:02:47.222,0.77573,0.77601,1.86,3.60
2011.08.09 11:02:48.340,0.77576,0.77598,1.11,1.35
2011.08.09 11:02:49.671,0.77576,0.77598,1.11,1.35
2011.08.09 11:02:50.011,0.77576,0.776,1.11,1.50
2011.08.09 11:02:50.350,0.77575,0.77601,1.11,1.35
2011.08.09 11:02:50.471,0.77575,0.77601,1.11,1.35
2011.08.09 11:02:50.810,0.77575,0.77601,1.11,1.35
2011.08.09 11:02:51.973,0.77575,0.77598,1.11,1.35
2011.08.09 11:02:53.310,0.77575,0.77598,1.11,1.35
2011.08.09 11:02:55.592,0.77575,0.77601,1.11,3.75
2011.08.09 11:02:55.842,0.77575,0.77601,1.11,3.75
2011.08.09 11:02:56.953,0.77575,0.77601,1.11,1.50
2011.08.09 11:02:57.295,0.77583,0.77604,1.35,1.50
2011.08.09 11:02:57.524,0.77584,0.7761,1.71,3.75
2011.08.09 11:02:57.970,0.77586,0.7761,1.11,1.50
2011.08.09 11:02:58.522,0.77586,0.7761,1.11,1.50
2011.08.09 11:02:58.748,0.77586,0.7761,1.11,1.50
2011.08.09 11:02:59.302,0.77586,0.7761,1.11,1.50
2011.08.09 11:03:00.311,0.77586,0.7761,1.11,1.50
2011.08.09 11:03:00.652,0.77586,0.7761,1.11,1.50
2011.08.09 11:03:00.991,0.77591,0.77612,1.11,1.50
2011.08.09 11:03:01.331,0.77592,0.7762,1.35,1.35
2011.08.09 11:03:01.560,0.77592,0.7762,1.35,1.35
2011.08.09 11:03:01.680,0.77593,0.7762,1.11,1.35
2011.08.09 11:03:03.010,0.77593,0.7762,1.11,1.35
2011.08.09 11:03:03.557,0.77593,0.7762,1.11,1.35
2011.08.09 11:03:03.890,0.77593,0.7762,1.11,1.35
2011.08.09 11:03:05.036,0.77593,0.7762,1.11,1.35
2011.08.09 11:03:05.521,0.77595,0.77621,1.35,1.50
2011.08.09 11:03:05.750,0.77595,0.77621,1.35,1.50
2011.08.09 11:03:07.025,0.77595,0.77621,1.35,1.50
2011.08.09 11:03:07.145,0.77598,0.77626,1.35,3.00
2011.08.09 11:03:08.213,0.77603,0.77627,1.35,1.50
2011.08.09 11:03:08.335,0.77605,0.77631,2.10,1.50
2011.08.09 11:03:08.674,0.77606,0.77632,1.11,1.50
2011.08.09 11:03:11.701,0.77609,0.77633,1.11,1.35
2011.08.09 11:03:14.971,0.77609,0.77619,1.11,1.50
2011.08.09 11:03:15.098,0.77611,0.77628,1.35,1.50
2011.08.09 11:03:15.215,0.77612,0.77633,1.11,1.50
2011.08.09 11:03:15.332,0.77612,0.77634,1.11,1.50
2011.08.09 11:03:15.675,0.7762,0.77638,1.35,1.50
2011.08.09 11:03:15.792,0.7762,0.77637,1.35,1.50
2011.08.09 11:03:16.132,0.7762,0.77637,1.35,1.50
2011.08.09 11:03:16.252,0.77625,0.77637,1.35,1.50
2011.08.09 11:03:16.590,0.77628,0.77644,1.11,1.50
2011.08.09 11:03:16.699,0.77628,0.77644,1.11,1.50
2011.08.09 11:03:16.809,0.77628,0.77644,1.11,1.50
2011.08.09 11:03:17.561,0.77628,0.77645,1.11,1.50
2011.08.09 11:03:17.793,0.77628,0.77644,1.11,1.50
2011.08.09 11:03:18.352,0.77628,0.77641,1.11,1.50
2011.08.09 11:03:18.689,0.77628,0.77642,1.11,1.50
2011.08.09 11:03:19.401,0.77628,0.77642,1.11,1.50
2011.08.09 11:03:19.521,0.77628,0.77643,1.11,1.50
2011.08.09 11:03:20.160,0.77628,0.77643,1.11,1.50
2011.08.09 11:03:22.299,0.77628,0.77643,1.11,1.50
2011.08.09 11:03:23.785,0.77628,0.77643,1.11,1.50
2011.08.09 11:03:24.120,0.77628,0.77642,1.11,1.50
2011.08.09 11:03:24.339,0.77628,0.77647,1.11,1.50
2011.08.09 11:03:25.854,0.77627,0.77645,1.11,1.50
2011.08.09 11:03:29.122,0.77625,0.77642,1.71,1.50
2011.08.09 11:03:29.245,0.77622,0.77636,1.11,1.50
2011.08.09 11:03:29.362,0.77622,0.77636,1.11,1.50
2011.08.09 11:03:30.149,0.77622,0.7764,1.11,1.50
2011.08.09 11:03:30.372,0.77622,0.77639,1.11,1.50
2011.08.09 11:03:30.489,0.77621,0.77637,1.86,1.50
2011.08.09 11:03:30.600,0.77621,0.77637,1.86,1.50
2011.08.09 11:03:30.830,0.77621,0.77635,1.86,1.50
2011.08.09 11:03:30.951,0.77621,0.77637,1.86,1.50
2011.08.09 11:03:31.891,0.7762,0.77637,1.35,1.50
2011.08.09 11:03:32.484,0.77622,0.77637,1.50,1.50
2011.08.09 11:03:33.044,0.77623,0.77639,1.11,1.50
2011.08.09 11:03:33.422,0.77623,0.77638,1.11,1.50
2011.08.09 11:03:33.765,0.77623,0.77637,1.11,1.50
2011.08.09 11:03:34.105,0.77626,0.77637,1.71,1.50
2011.08.09 11:03:34.221,0.77626,0.77646,1.71,1.50
2011.08.09 11:03:34.780,0.77632,0.77643,1.11,1.50
2011.08.09 11:03:35.344,0.77632,0.77643,1.11,1.50
2011.08.09 11:03:35.903,0.77632,0.77643,1.11,1.50
2011.08.09 11:03:36.243,0.77629,0.77642,1.50,1.50
2011.08.09 11:03:37.898,0.77628,0.77648,1.11,1.50
2011.08.09 11:03:39.002,0.77632,0.7765,1.11,1.50
2011.08.09 11:03:39.801,0.77632,0.77649,1.11,1.50
2011.08.09 11:03:40.254,0.7763,0.77648,1.11,1.50
2011.08.09 11:03:40.520,0.7763,0.77648,1.11,2.25
2011.08.09 11:03:40.860,0.7763,0.7764,1.11,1.50
2011.08.09 11:03:43.485,0.77628,0.77641,1.50,1.50
2011.08.09 11:03:43.604,0.77629,0.77641,1.11,1.50
2011.08.09 11:03:43.724,0.77632,0.77641,1.35,1.50
2011.08.09 11:03:43.953,0.77632,0.77651,1.35,1.50
2011.08.09 11:03:44.411,0.77635,0.77651,1.71,1.50
2011.08.09 11:03:44.972,0.7764,0.77651,1.11,1.50
2011.08.09 11:03:45.310,0.77637,0.77651,1.11,1.50
2011.08.09 11:03:45.423,0.77637,0.7765,1.11,1.50
2011.08.09 11:03:46.082,0.77638,0.77655,1.11,1.50
2011.08.09 11:03:46.204,0.77636,0.77655,1.11,1.50
2011.08.09 11:03:47.032,0.77633,0.77654,1.11,1.50
2011.08.09 11:03:47.152,0.77633,0.77644,1.11,1.50
2011.08.09 11:03:47.604,0.7763,0.77644,1.11,1.50
2011.08.09 11:03:47.721,0.7763,0.77643,1.11,1.50
2011.08.09 11:03:48.281,0.77628,0.77643,1.11,1.50
2011.08.09 11:03:50.189,0.77628,0.77641,1.11,1.50
2011.08.09 11:03:50.961,0.77628,0.77641,1.11,1.50
2011.08.09 11:03:51.576,0.77627,0.77641,1.11,1.50
2011.08.09 11:03:52.713,0.77624,0.77633,1.11,1.50
2011.08.09 11:03:52.832,0.77621,0.77635,1.86,1.50
2011.08.09 11:03:52.949,0.77621,0.77635,1.86,1.50
2011.08.09 11:03:53.060,0.7762,0.77637,1.11,1.50
2011.08.09 11:03:53.169,0.7762,0.77637,1.11,1.50
2011.08.09 11:03:53.714,0.7762,0.77641,1.11,2.25
2011.08.09 11:03:53.831,0.7762,0.77641,1.11,1.50
2011.08.09 11:03:53.952,0.77623,0.77644,1.11,1.50
2011.08.09 11:03:54.400,0.77622,0.7764,1.71,1.50
2011.08.09 11:03:55.650,0.77625,0.77641,1.11,1.50
2011.08.09 11:03:56.432,0.77625,0.77643,1.11,1.50
2011.08.09 11:03:57.077,0.77625,0.77647,1.11,1.50
2011.08.09 11:03:57.208,0.77628,0.77655,1.11,1.50
2011.08.09 11:03:57.323,0.77628,0.77649,1.11,1.50
2011.08.09 11:03:57.662,0.77633,0.77648,1.11,1.50
2011.08.09 11:03:57.780,0.77633,0.7765,1.11,1.50
2011.08.09 11:03:58.015,0.77633,0.7765,1.11,1.50
2011.08.09 11:04:00.269,0.77637,0.7765,1.11,1.50
2011.08.09 11:04:00.601,0.7764,0.77651,1.11,1.50
2011.08.09 11:04:00.719,0.77636,0.77651,1.86,1.50
2011.08.09 11:04:00.943,0.77633,0.77642,1.11,1.50
2011.08.09 11:04:01.062,0.7763,0.7765,1.11,1.50
2011.08.09 11:04:01.289,0.77629,0.77647,1.11,1.50
2011.08.09 11:04:01.399,0.77627,0.77647,1.11,1.50
2011.08.09 11:04:01.949,0.77628,0.77648,1.11,1.50
2011.08.09 11:04:02.570,0.77628,0.77648,1.11,2.25
2011.08.09 11:04:04.221,0.77628,0.7765,1.11,1.50
2011.08.09 11:04:04.341,0.77628,0.77647,1.11,1.50
2011.08.09 11:04:04.570,0.77627,0.77647,1.11,2.25
2011.08.09 11:04:04.904,0.77627,0.77647,1.11,1.50
2011.08.09 11:04:05.242,0.77625,0.77645,1.50,2.25
2011.08.09 11:04:05.702,0.77624,0.77648,1.11,1.50
2011.08.09 11:04:05.930,0.77624,0.77647,1.11,1.35
2011.08.09 11:04:06.052,0.77624,0.77644,1.11,1.50
2011.08.09 11:04:08.030,0.77624,0.77644,1.11,2.25
2011.08.09 11:04:08.692,0.77621,0.77634,1.11,1.50
2011.08.09 11:04:09.050,0.77623,0.77647,1.50,1.35
2011.08.09 11:04:09.176,0.77625,0.77646,1.11,1.50
2011.08.09 11:04:09.404,0.77625,0.7764,1.11,1.50
2011.08.09 11:04:10.025,0.77625,0.77642,1.11,1.50
2011.08.09 11:04:10.141,0.77622,0.77633,1.11,1.50
2011.08.09 11:04:10.373,0.77618,0.77637,1.11,1.50
2011.08.09 11:04:10.931,0.77617,0.77633,1.35,1.50
2011.08.09 11:04:11.580,0.77617,0.77644,1.35,2.25
2011.08.09 11:04:12.141,0.77618,0.77644,1.11,1.50
2011.08.09 11:04:13.510,0.77621,0.77645,1.11,1.50
2011.08.09 11:04:13.626,0.77621,0.77638,1.71,1.50
2011.08.09 11:04:15.181,0.77621,0.77645,1.71,1.50
2011.08.09 11:04:15.303,0.77621,0.77646,1.71,2.25
2011.08.09 11:04:15.861,0.77622,0.77648,1.11,1.50
2011.08.09 11:04:16.760,0.77625,0.77645,1.11,1.50
2011.08.09 11:04:16.872,0.77625,0.77645,1.11,2.25
2011.08.09 11:04:17.445,0.77622,0.77643,1.11,1.50
2011.08.09 11:04:17.781,0.77619,0.77642,1.11,1.50
2011.08.09 11:04:17.899,0.77619,0.7764,1.11,1.50
2011.08.09 11:04:18.670,0.77614,0.77637,1.11,2.25
2011.08.09 11:04:18.795,0.77614,0.77635,1.11,1.50
2011.08.09 11:04:20.761,0.77614,0.77634,1.11,1.50
2011.08.09 11:04:20.991,0.77611,0.77631,1.11,1.50
2011.08.09 11:04:21.574,0.77609,0.77628,1.11,1.50
2011.08.09 11:04:21.982,0.77609,0.77628,1.11,1.50
2011.08.09 11:04:22.101,0.77602,0.77628,1.71,1.50
2011.08.09 11:04:22.444,0.77602,0.77624,1.71,1.50
2011.08.09 11:04:22.671,0.77602,0.77624,1.71,1.50
2011.08.09 11:04:23.010,0.77599,0.77623,1.71,1.50
2011.08.09 11:04:23.122,0.77599,0.77623,1.35,3.00
2011.08.09 11:04:23.243,0.77599,0.77622,1.35,1.50
2011.08.09 11:04:23.364,0.77599,0.77619,1.35,1.50
2011.08.09 11:04:23.592,0.77599,0.77624,1.35,3.00
2011.08.09 11:04:24.176,0.776,0.77622,1.11,1.50
2011.08.09 11:04:24.400,0.77602,0.77624,1.35,1.50
2011.08.09 11:04:27.602,0.77599,0.77617,1.86,1.50
2011.08.09 11:04:27.933,0.77595,0.77617,1.11,1.50
2011.08.09 11:04:28.162,0.77595,0.77619,1.11,2.85
2011.08.09 11:04:28.610,0.77595,0.77619,1.11,1.35
2011.08.09 11:04:28.952,0.77595,0.77616,1.11,1.50
2011.08.09 11:04:29.184,0.77592,0.77616,3.36,2.85
2011.08.09 11:04:29.303,0.77592,0.77614,1.11,1.50
2011.08.09 11:04:33.393,0.77586,0.77612,1.11,2.85
2011.08.09 11:04:33.950,0.77581,0.77603,3.00,1.35
2011.08.09 11:04:34.064,0.77581,0.77601,3.00,1.50
2011.08.09 11:04:34.405,0.77573,0.776,1.35,2.25
2011.08.09 11:04:34.960,0.77575,0.776,1.11,3.00
2011.08.09 11:04:35.191,0.77573,0.77599,1.35,3.00
2011.08.09 11:04:35.311,0.77571,0.77593,1.50,2.85
2011.08.09 11:04:36.319,0.77566,0.77592,1.11,1.50
2011.08.09 11:04:36.431,0.77563,0.7759,1.11,1.35
2011.08.09 11:04:36.771,0.77563,0.77587,1.11,1.50
2011.08.09 11:04:37.003,0.77563,0.77583,1.11,1.50
2011.08.09 11:04:37.231,0.77563,0.77582,1.11,1.50
2011.08.09 11:04:37.464,0.77567,0.77593,1.71,2.25
2011.08.09 11:04:38.020,0.77573,0.77596,1.11,2.10
2011.08.09 11:04:38.537,0.77573,0.77596,1.11,2.10
2011.08.09 11:04:38.658,0.77573,0.77596,1.11,1.50
2011.08.09 11:04:39.796,0.77573,0.776,1.11,1.50
2011.08.09 11:04:39.913,0.77573,0.77601,1.11,1.50
2011.08.09 11:04:40.032,0.77573,0.77598,1.11,1.35
2011.08.09 11:04:40.371,0.77576,0.776,1.11,1.50
2011.08.09 11:04:40.930,0.77576,0.776,1.11,1.50
2011.08.09 11:04:41.632,0.77573,0.77597,1.11,1.35
2011.08.09 11:04:41.762,0.77573,0.77597,1.11,1.35
2011.08.09 11:04:42.108,0.77568,0.77592,1.11,1.50
2011.08.09 11:04:42.775,0.77566,0.77591,1.11,1.50
2011.08.09 11:04:43.997,0.77566,0.77591,1.11,1.50
2011.08.09 11:04:44.569,0.77566,0.77591,1.11,1.50
2011.08.09 11:04:46.490,0.77563,0.77589,1.86,1.50
2011.08.09 11:04:47.066,0.77563,0.77587,1.11,1.35
2011.08.09 11:04:47.401,0.77558,0.77579,1.86,1.50
2011.08.09 11:04:47.631,0.77556,0.7758,1.11,1.50
2011.08.09 11:04:47.752,0.77556,0.77576,1.11,1.35
2011.08.09 11:04:48.091,0.77549,0.77576,1.71,1.35
2011.08.09 11:04:48.545,0.7755,0.77571,1.11,1.35
2011.08.09 11:04:48.882,0.77549,0.77569,1.11,1.50
2011.08.09 11:04:49.885,0.77546,0.77567,1.11,1.50
2011.08.09 11:04:50.561,0.77546,0.77569,1.11,1.50
2011.08.09 11:04:50.681,0.77546,0.77571,1.11,1.35
2011.08.09 11:04:50.911,0.77546,0.77571,1.11,1.35
2011.08.09 11:04:51.034,0.77549,0.77574,1.11,2.25
2011.08.09 11:04:51.262,0.7755,0.77575,1.11,1.50
2011.08.09 11:04:51.601,0.7755,0.7757,1.11,1.50
2011.08.09 11:04:51.721,0.7755,0.77571,1.11,2.10
2011.08.09 11:04:51.842,0.7755,0.77573,1.11,1.35
2011.08.09 11:04:52.407,0.77552,0.77576,1.86,1.50
2011.08.09 11:04:53.985,0.77556,0.7758,1.35,1.50
2011.08.09 11:04:54.102,0.77557,0.7758,1.11,1.50
2011.08.09 11:04:54.332,0.77557,0.77581,1.11,1.50
2011.08.09 11:04:54.562,0.77557,0.77579,1.11,1.50
2011.08.09 11:04:55.259,0.77557,0.77567,1.11,1.50
2011.08.09 11:04:55.591,0.77558,0.77575,1.11,1.50
2011.08.09 11:04:55.714,0.77556,0.77575,2.85,1.50
2011.08.09 11:04:55.943,0.77554,0.77565,1.11,1.50
2011.08.09 11:04:56.502,0.77554,0.77565,1.11,1.50
2011.08.09 11:04:56.620,0.77554,0.77573,1.11,1.50
2011.08.09 11:04:56.950,0.77554,0.77574,1.71,1.50
2011.08.09 11:04:57.062,0.77554,0.77581,1.71,2.85
2011.08.09 11:04:57.402,0.77554,0.7758,1.71,1.50
2011.08.09 11:04:57.740,0.77556,0.77582,1.71,1.50
2011.08.09 11:04:58.381,0.77558,0.77583,1.71,1.50
2011.08.09 11:04:58.500,0.77559,0.77584,3.00,1.50
2011.08.09 11:04:58.721,0.77563,0.77588,1.35,2.25
2011.08.09 11:04:59.072,0.77565,0.77592,3.36,1.35
2011.08.09 11:04:59.192,0.77565,0.77592,3.36,1.35
2011.08.09 11:04:59.313,0.77574,0.77596,2.46,3.00
2011.08.09 11:04:59.431,0.77576,0.77596,1.71,3.00
2011.08.09 11:04:59.662,0.77576,0.77601,1.71,2.25
2011.08.09 11:05:00.224,0.77576,0.776,1.11,1.50
2011.08.09 11:05:00.452,0.77576,0.77599,1.11,1.50
2011.08.09 11:05:01.042,0.77576,0.77599,1.11,1.50
2011.08.09 11:05:01.387,0.77575,0.77596,1.11,1.50
2011.08.09 11:05:01.617,0.77572,0.77596,1.11,2.25
2011.08.09 11:05:01.953,0.77565,0.77582,1.11,1.50
2011.08.09 11:05:02.076,0.7756,0.77582,1.11,1.50
2011.08.09 11:05:02.633,0.7756,0.7758,1.11,1.50
2011.08.09 11:05:04.076,0.7756,0.77582,1.11,1.50
2011.08.09 11:05:04.190,0.7756,0.77582,1.11,1.50
2011.08.09 11:05:06.300,0.77563,0.77585,1.11,2.10
2011.08.09 11:05:06.979,0.77563,0.77584,1.11,1.50
2011.08.09 11:05:07.201,0.77563,0.77588,1.11,2.25
2011.08.09 11:05:07.544,0.77563,0.77586,1.11,1.50
2011.08.09 11:05:07.886,0.7756,0.77581,1.11,1.50
2011.08.09 11:05:08.482,0.7756,0.77582,1.11,1.50
2011.08.09 11:05:09.980,0.7756,0.77582,1.11,1.50
2011.08.09 11:05:10.212,0.7756,0.77584,1.11,1.50
2011.08.09 11:05:10.750,0.7756,0.77584,1.11,1.50
2011.08.09 11:05:11.194,0.77563,0.77573,1.11,1.50
2011.08.09 11:05:11.314,0.77563,0.77581,1.11,1.50
2011.08.09 11:05:11.433,0.77555,0.77578,3.00,1.50
2011.08.09 11:05:11.552,0.77553,0.77575,1.35,1.50
2011.08.09 11:05:11.672,0.77552,0.77571,1.35,2.25
2011.08.09 11:05:13.030,0.77548,0.77571,1.35,1.50
2011.08.09 11:05:13.582,0.77548,0.77573,1.35,1.50
2011.08.09 11:05:13.702,0.77548,0.77573,1.35,1.50
2011.08.09 11:05:14.043,0.77548,0.77563,1.35,1.50
2011.08.09 11:05:14.272,0.77548,0.77562,1.35,1.50
2011.08.09 11:05:14.972,0.7755,0.77572,1.11,1.50
2011.08.09 11:05:15.085,0.77548,0.77573,1.71,1.50
2011.08.09 11:05:15.531,0.77548,0.77572,1.11,1.35
2011.08.09 11:05:17.042,0.77544,0.77563,1.11,1.35
2011.08.09 11:05:17.162,0.77543,0.77563,1.11,1.35
2011.08.09 11:05:17.281,0.77544,0.77566,1.11,2.25
2011.08.09 11:05:17.928,0.77547,0.77571,1.11,1.35
2011.08.09 11:05:18.480,0.77547,0.77571,1.11,1.35
2011.08.09 11:05:19.121,0.77547,0.77572,1.71,1.50
2011.08.09 11:05:19.464,0.77547,0.77573,1.71,1.50
2011.08.09 11:05:19.690,0.77547,0.77572,1.11,2.10
2011.08.09 11:05:20.032,0.77547,0.77572,1.11,2.10
2011.08.09 11:05:20.372,0.77547,0.77572,1.71,1.50
2011.08.09 11:05:21.254,0.7755,0.77574,1.11,1.35
2011.08.09 11:05:21.482,0.7755,0.77574,1.11,3.00
2011.08.09 11:05:21.600,0.7755,0.77574,1.11,3.00
2011.08.09 11:05:24.924,0.7755,0.77575,1.11,1.35
2011.08.09 11:05:25.260,0.7755,0.77575,1.11,1.35
2011.08.09 11:05:25.480,0.7755,0.77575,1.11,2.10
2011.08.09 11:05:28.832,0.7755,0.77575,1.11,1.35
2011.08.09 11:05:29.171,0.7755,0.77571,1.11,1.50
2011.08.09 11:05:30.671,0.7755,0.7757,1.11,1.50
2011.08.09 11:05:30.900,0.7755,0.77573,1.11,1.50
2011.08.09 11:05:31.011,0.7755,0.77575,1.11,2.25
2011.08.09 11:05:31.134,0.7755,0.7757,1.11,1.50
2011.08.09 11:05:31.364,0.7755,0.7757,1.11,1.50
2011.08.09 11:05:32.747,0.7755,0.7757,1.11,1.50
2011.08.09 11:05:34.211,0.77547,0.77569,1.35,1.50
2011.08.09 11:05:34.331,0.77547,0.7757,1.35,1.50
2011.08.09 11:05:34.980,0.77547,0.77569,1.35,1.50
2011.08.09 11:05:35.311,0.77547,0.77564,1.35,1.50
2011.08.09 11:05:36.700,0.77547,0.77565,1.35,1.50
2011.08.09 11:05:37.271,0.77547,0.77571,1.35,1.50
2011.08.09 11:05:38.831,0.77547,0.77571,1.35,1.50
2011.08.09 11:05:39.590,0.77547,0.77562,1.35,1.50
2011.08.09 11:05:42.032,0.77547,0.77561,1.35,1.50
2011.08.09 11:05:42.369,0.77547,0.77558,1.35,1.50
2011.08.09 11:05:43.576,0.77547,0.7757,1.35,1.50
2011.08.09 11:05:44.363,0.77547,0.77567,1.35,1.50
2011.08.09 11:05:47.492,0.77546,0.77567,1.11,1.50
2011.08.09 11:05:48.531,0.77546,0.7757,1.11,1.50
2011.08.09 11:05:48.650,0.77546,0.7757,1.11,1.50
2011.08.09 11:05:49.310,0.77548,0.7757,1.35,1.50
2011.08.09 11:05:49.432,0.77548,0.77571,1.35,1.50
2011.08.09 11:05:49.880,0.77546,0.77569,1.11,1.50
2011.08.09 11:05:50.100,0.77546,0.77567,1.11,1.50
2011.08.09 11:05:52.722,0.77546,0.77567,1.11,2.25
2011.08.09 11:05:53.283,0.77546,0.77566,1.11,2.25
2011.08.09 11:05:53.619,0.77537,0.77559,1.50,1.50
2011.08.09 11:05:53.730,0.77536,0.77558,1.11,1.50
2011.08.09 11:05:54.361,0.77532,0.77558,1.71,1.50
2011.08.09 11:05:54.482,0.77532,0.77555,1.71,1.50
2011.08.09 11:05:55.045,0.77533,0.77557,1.11,2.25
2011.08.09 11:05:55.625,0.77529,0.77548,1.11,1.50
2011.08.09 11:05:55.854,0.77526,0.7755,1.35,1.50
2011.08.09 11:05:56.081,0.77526,0.77549,1.35,2.25
2011.08.09 11:05:56.419,0.77526,0.77549,1.35,1.50
2011.08.09 11:05:56.750,0.77526,0.77552,1.35,1.50
2011.08.09 11:05:57.090,0.77526,0.77552,1.35,1.50
2011.08.09 11:05:57.202,0.77529,0.77555,1.11,2.25
2011.08.09 11:05:57.320,0.7753,0.77555,1.35,1.50
2011.08.09 11:05:57.441,0.7753,0.77557,1.35,1.35
2011.08.09 11:05:57.780,0.77535,0.7756,1.35,1.50
2011.08.09 11:05:58.336,0.77535,0.77559,3.60,1.50
2011.08.09 11:05:58.563,0.77531,0.77557,1.11,1.50
2011.08.09 11:05:58.901,0.77531,0.77554,1.11,1.50
2011.08.09 11:05:59.241,0.7753,0.77551,1.50,1.50
2011.08.09 11:05:59.362,0.77527,0.77553,1.11,1.50
2011.08.09 11:05:59.485,0.77527,0.77553,1.11,1.50
2011.08.09 11:05:59.824,0.7753,0.77555,1.35,2.25
2011.08.09 11:06:00.051,0.77532,0.77556,1.11,1.50
2011.08.09 11:06:00.171,0.77532,0.77557,1.11,1.50
2011.08.09 11:06:01.785,0.77532,0.77552,1.11,1.50
2011.08.09 11:06:02.013,0.77533,0.77555,1.35,1.50
2011.08.09 11:06:02.241,0.77533,0.7756,1.35,1.50
2011.08.09 11:06:02.804,0.77538,0.77562,1.11,1.50
2011.08.09 11:06:03.364,0.77534,0.77557,1.11,1.50
2011.08.09 11:06:03.921,0.77534,0.77557,1.11,2.25
2011.08.09 11:06:04.480,0.77534,0.77557,1.11,1.50
2011.08.09 11:06:05.453,0.77534,0.77555,1.11,1.35
2011.08.09 11:06:05.690,0.77534,0.77551,1.11,1.50
2011.08.09 11:06:06.240,0.77527,0.77551,1.11,2.25
2011.08.09 11:06:07.121,0.77526,0.77545,1.11,1.50
2011.08.09 11:06:08.090,0.77526,0.7755,1.11,1.50
2011.08.09 11:06:08.200,0.77526,0.77551,1.11,2.25
2011.08.09 11:06:10.530,0.77526,0.77553,1.11,1.35
2011.08.09 11:06:12.511,0.77526,0.77551,1.11,2.25
2011.08.09 11:06:12.960,0.77526,0.77548,1.11,1.50
2011.08.09 11:06:13.673,0.77526,0.77545,1.11,1.50
2011.08.09 11:06:14.738,0.77526,0.77548,1.11,1.50
2011.08.09 11:06:14.857,0.77526,0.77549,1.11,1.50
2011.08.09 11:06:15.081,0.77526,0.77553,1.11,1.35
2011.08.09 11:06:15.199,0.77526,0.77554,1.11,1.35
2011.08.09 11:06:15.760,0.77526,0.77554,1.11,2.10
2011.08.09 11:06:17.000,0.77526,0.77553,1.11,1.35
2011.08.09 11:06:17.866,0.77525,0.7754,1.11,1.50
2011.08.09 11:06:18.418,0.77523,0.77539,1.86,1.50
2011.08.09 11:06:18.539,0.77521,0.77543,1.35,1.50
2011.08.09 11:06:23.655,0.77519,0.77544,1.11,1.50
2011.08.09 11:06:23.994,0.77524,0.77537,1.35,1.50
2011.08.09 11:06:24.223,0.77526,0.77544,1.11,1.50
2011.08.09 11:06:24.453,0.77526,0.77544,1.11,1.50
2011.08.09 11:06:25.186,0.77526,0.77541,1.11,1.50
2011.08.09 11:06:26.183,0.77526,0.77541,1.11,1.50
2011.08.09 11:06:26.413,0.77521,0.77537,1.11,1.50
2011.08.09 11:06:26.751,0.77521,0.77536,1.11,1.50
2011.08.09 11:06:27.203,0.77516,0.77535,1.11,1.50
2011.08.09 11:06:27.321,0.77513,0.77531,1.11,1.50
2011.08.09 11:06:27.975,0.77513,0.77531,1.11,1.50
2011.08.09 11:06:28.531,0.77513,0.77531,1.11,1.50
2011.08.09 11:06:31.653,0.77512,0.77531,1.11,1.50
2011.08.09 11:06:33.869,0.7751,0.77532,1.11,1.50
2011.08.09 11:06:34.531,0.7751,0.77532,1.11,1.50
2011.08.09 11:06:34.870,0.77509,0.77527,1.35,1.50
2011.08.09 11:06:35.609,0.77509,0.77527,1.35,1.50
2011.08.09 11:06:35.833,0.77507,0.77527,1.35,1.50
2011.08.09 11:06:35.956,0.77507,0.77526,1.35,1.50
2011.08.09 11:06:36.072,0.77502,0.77526,3.00,1.50
2011.08.09 11:06:36.302,0.775,0.7752,1.71,1.50
2011.08.09 11:06:36.752,0.77497,0.77518,1.11,1.50
2011.08.09 11:06:38.842,0.77498,0.77517,1.35,1.50
2011.08.09 11:06:39.433,0.77496,0.77514,1.11,1.50
2011.08.09 11:06:39.871,0.77496,0.77523,1.11,1.35
2011.08.09 11:06:39.993,0.77497,0.77523,1.35,1.50
2011.08.09 11:06:40.550,0.77497,0.77522,1.35,1.50
2011.08.09 11:06:41.102,0.77497,0.77523,1.35,2.25
2011.08.09 11:06:41.222,0.77497,0.77523,1.35,2.25
2011.08.09 11:06:41.451,0.77497,0.77523,1.35,2.25
2011.08.09 11:06:41.792,0.77497,0.77523,1.35,1.50
2011.08.09 11:06:42.022,0.77503,0.77528,1.35,1.50
2011.08.09 11:06:42.140,0.77503,0.77529,1.35,4.50
2011.08.09 11:06:42.681,0.77503,0.77529,1.35,3.00
2011.08.09 11:06:42.913,0.77508,0.77532,1.35,2.25
2011.08.09 11:06:43.149,0.77509,0.77532,1.11,2.25
2011.08.09 11:06:43.267,0.77508,0.77536,1.71,1.35
2011.08.09 11:06:43.496,0.77516,0.77539,1.35,1.50
2011.08.09 11:06:43.834,0.77521,0.77542,1.35,1.50
2011.08.09 11:06:44.062,0.77524,0.77542,1.11,1.50
2011.08.09 11:06:45.456,0.77525,0.77549,2.10,1.50
2011.08.09 11:06:45.573,0.77526,0.77553,1.11,2.85
2011.08.09 11:06:45.808,0.77531,0.77546,1.35,1.50
2011.08.09 11:06:45.926,0.77532,0.77551,1.11,1.50
2011.08.09 11:06:46.483,0.77532,0.77551,1.11,1.50
2011.08.09 11:06:47.142,0.77532,0.77553,1.11,1.50
2011.08.09 11:06:48.239,0.77532,0.7755,1.11,1.50
2011.08.09 11:06:49.162,0.77532,0.77549,1.11,1.50
2011.08.09 11:06:49.282,0.77531,0.77549,1.35,1.50
2011.08.09 11:06:50.067,0.77531,0.77547,1.35,1.50
2011.08.09 11:06:50.294,0.77528,0.77545,1.50,1.50
2011.08.09 11:06:50.521,0.77526,0.77539,1.11,1.50
2011.08.09 11:06:52.253,0.77526,0.77536,1.11,1.50
2011.08.09 11:06:52.590,0.77526,0.77533,1.11,1.50
2011.08.09 11:06:52.704,0.77524,0.7753,1.11,1.50
2011.08.09 11:06:53.043,0.77521,0.7753,1.11,1.50
2011.08.09 11:06:53.829,0.77519,0.77529,1.35,1.50
2011.08.09 11:06:53.940,0.77519,0.77543,1.35,1.50
2011.08.09 11:06:54.441,0.77519,0.77528,1.35,1.50
2011.08.09 11:06:55.063,0.77508,0.77526,3.36,2.25
2011.08.09 11:06:55.180,0.77508,0.77526,3.00,1.50
2011.08.09 11:06:55.294,0.77504,0.77516,1.35,1.50
2011.08.09 11:06:55.412,0.77504,0.77513,1.35,1.50
2011.08.09 11:06:56.306,0.775,0.77511,1.11,1.50
2011.08.09 11:06:56.865,0.775,0.77515,1.11,1.50
2011.08.09 11:06:57.203,0.77495,0.77517,3.00,2.10
2011.08.09 11:06:57.432,0.77492,0.77512,1.11,1.50
2011.08.09 11:06:58.042,0.77492,0.77512,1.11,1.50
2011.08.09 11:06:58.272,0.77492,0.7751,1.11,1.50
2011.08.09 11:06:58.854,0.77492,0.7751,1.11,1.50
2011.08.09 11:06:59.085,0.77494,0.77514,1.35,1.50
2011.08.09 11:06:59.424,0.77494,0.77514,1.35,1.50
2011.08.09 11:06:59.987,0.77494,0.77513,1.35,1.50
2011.08.09 11:07:00.541,0.77492,0.7751,1.35,1.50
2011.08.09 11:07:00.663,0.77489,0.77507,1.11,1.50
2011.08.09 11:07:01.284,0.77488,0.77507,1.35,1.50
2011.08.09 11:07:01.402,0.77486,0.77507,1.11,1.50
2011.08.09 11:07:01.523,0.77486,0.77504,1.11,1.50
2011.08.09 11:07:01.644,0.77486,0.77504,1.11,1.50
2011.08.09 11:07:01.765,0.77487,0.77507,1.35,1.50
2011.08.09 11:07:01.884,0.77487,0.77509,1.35,1.50
2011.08.09 11:07:02.222,0.77487,0.77509,1.35,1.50
2011.08.09 11:07:02.560,0.77486,0.77509,1.71,1.50
2011.08.09 11:07:02.913,0.77483,0.77504,1.11,2.25
2011.08.09 11:07:03.143,0.77483,0.77508,1.11,1.50
2011.08.09 11:07:03.259,0.77483,0.77508,1.11,1.50
2011.08.09 11:07:03.391,0.77483,0.77508,1.11,1.50
2011.08.09 11:07:03.841,0.77483,0.7751,1.11,2.25
2011.08.09 11:07:04.529,0.77483,0.7751,1.11,1.50
2011.08.09 11:07:04.660,0.77488,0.77512,1.35,2.25
2011.08.09 11:07:05.001,0.77488,0.7751,1.35,1.50
2011.08.09 11:07:05.340,0.77488,0.77507,1.35,1.50
2011.08.09 11:07:05.559,0.77486,0.77507,1.71,1.50
2011.08.09 11:07:06.661,0.77484,0.77508,1.86,1.50
2011.08.09 11:07:06.999,0.77484,0.77507,1.86,1.50
2011.08.09 11:07:07.807,0.77484,0.77506,1.86,1.50
2011.08.09 11:07:07.929,0.77484,0.77506,1.11,1.50
2011.08.09 11:07:08.046,0.77483,0.77505,1.11,1.50
2011.08.09 11:07:08.162,0.77483,0.77507,1.11,1.50
2011.08.09 11:07:08.390,0.77484,0.77508,1.11,2.10
2011.08.09 11:07:08.980,0.77484,0.77507,1.11,1.50
2011.08.09 11:07:09.502,0.77485,0.77509,1.35,3.00
2011.08.09 11:07:09.622,0.77485,0.77509,1.35,3.00
2011.08.09 11:07:09.961,0.77484,0.77507,1.11,1.35
2011.08.09 11:07:10.304,0.77483,0.77502,1.11,1.50
2011.08.09 11:07:11.691,0.77481,0.77502,1.11,1.50
2011.08.09 11:07:16.163,0.77479,0.77501,1.11,1.50
2011.08.09 11:07:17.017,0.77477,0.775,1.11,1.35
2011.08.09 11:07:17.242,0.77475,0.77499,1.11,1.35
2011.08.09 11:07:17.581,0.77473,0.77497,1.86,1.50
2011.08.09 11:07:22.430,0.77475,0.775,1.11,1.50
2011.08.09 11:07:22.545,0.77475,0.77501,1.11,2.10
2011.08.09 11:07:22.665,0.77478,0.77501,1.11,1.50
2011.08.09 11:07:23.005,0.77478,0.77503,1.11,1.50
2011.08.09 11:07:23.343,0.77478,0.77503,5.61,1.50
2011.08.09 11:07:23.901,0.77481,0.77502,1.11,1.50
2011.08.09 11:07:24.482,0.77481,0.77502,1.11,1.50
2011.08.09 11:07:25.064,0.77485,0.77507,1.35,1.50
2011.08.09 11:07:26.260,0.77485,0.77511,1.35,2.25
2011.08.09 11:07:26.370,0.77485,0.77511,1.35,2.25
2011.08.09 11:07:27.101,0.77485,0.7751,1.35,1.50
2011.08.09 11:07:28.089,0.77479,0.77503,1.11,1.50
2011.08.09 11:07:33.551,0.77479,0.77505,1.71,2.25
2011.08.09 11:07:34.001,0.77479,0.77505,1.71,1.50
2011.08.09 11:07:36.301,0.77479,0.775,1.71,1.50
2011.08.09 11:07:36.641,0.77473,0.77497,3.36,1.50
2011.08.09 11:07:36.761,0.77473,0.77495,3.36,1.50
2011.08.09 11:07:37.430,0.77473,0.77494,1.11,1.50
2011.08.09 11:07:37.764,0.77464,0.77488,1.11,1.50
2011.08.09 11:07:38.517,0.77459,0.77485,1.11,2.10
2011.08.09 11:07:39.073,0.77459,0.77481,1.11,1.50
2011.08.09 11:07:39.451,0.77459,0.77481,1.11,1.50
2011.08.09 11:07:40.230,0.77459,0.77482,1.11,1.50
2011.08.09 11:07:40.450,0.77459,0.77483,1.11,1.50
2011.08.09 11:07:40.570,0.77459,0.77483,1.11,1.50
2011.08.09 11:07:42.403,0.77458,0.77466,1.11,1.50
2011.08.09 11:07:42.526,0.77459,0.77472,1.11,1.35
2011.08.09 11:07:42.643,0.77451,0.77469,1.11,1.35
2011.08.09 11:07:42.762,0.77443,0.77469,1.11,1.35
2011.08.09 11:07:42.994,0.77443,0.77465,1.11,1.50
2011.08.09 11:07:43.111,0.77443,0.77465,1.11,1.50
2011.08.09 11:07:43.562,0.7744,0.77464,1.11,2.10
2011.08.09 11:07:44.340,0.7744,0.77463,1.11,1.50
2011.08.09 11:07:45.261,0.77437,0.77462,1.50,1.50
2011.08.09 11:07:45.602,0.7744,0.77464,1.11,1.35
2011.08.09 11:07:45.724,0.7744,0.77466,1.71,1.50
2011.08.09 11:07:46.283,0.7744,0.77466,1.71,1.50
2011.08.09 11:07:46.731,0.7744,0.77463,1.11,1.35
2011.08.09 11:07:46.963,0.77437,0.77463,1.11,1.35
2011.08.09 11:07:48.864,0.77437,0.77463,1.11,2.10
2011.08.09 11:07:49.092,0.77437,0.77456,1.11,1.50
2011.08.09 11:07:49.215,0.77434,0.77456,1.11,1.50
2011.08.09 11:07:49.770,0.7743,0.77455,1.71,3.00
2011.08.09 11:07:50.320,0.7743,0.77455,1.71,3.00
2011.08.09 11:07:53.332,0.77427,0.77454,1.71,1.50
2011.08.09 11:07:53.451,0.77426,0.7745,1.71,1.50
2011.08.09 11:07:54.014,0.77425,0.77452,1.11,5.10
2011.08.09 11:07:54.133,0.77424,0.77452,1.11,5.85
2011.08.09 11:07:54.698,0.77424,0.7745,1.11,1.35
2011.08.09 11:07:55.572,0.77424,0.77447,1.11,1.50
2011.08.09 11:07:56.120,0.77424,0.77446,1.11,1.50
2011.08.09 11:07:56.692,0.77421,0.77447,1.11,1.50
2011.08.09 11:07:57.318,0.77421,0.77446,1.11,1.50
2011.08.09 11:07:57.438,0.77418,0.77447,3.21,2.25
2011.08.09 11:07:58.100,0.77421,0.77449,1.11,3.75
2011.08.09 11:07:58.322,0.77422,0.77449,1.86,3.00
2011.08.09 11:08:03.581,0.77425,0.77451,1.35,1.50
2011.08.09 11:08:03.702,0.77427,0.77452,1.11,2.25
2011.08.09 11:08:03.824,0.77427,0.77455,1.11,3.60
2011.08.09 11:08:04.601,0.77429,0.77455,1.50,1.35
2011.08.09 11:08:05.170,0.77428,0.77455,1.50,1.35
2011.08.09 11:08:07.042,0.77429,0.77455,1.50,1.35
2011.08.09 11:08:07.382,0.77432,0.77459,1.35,1.50
2011.08.09 11:08:07.503,0.77434,0.77459,1.35,1.50
2011.08.09 11:08:07.735,0.77435,0.77462,2.46,1.50
2011.08.09 11:08:07.850,0.77438,0.77464,1.35,1.50
2011.08.09 11:08:08.081,0.77438,0.77467,1.35,4.35
2011.08.09 11:08:09.290,0.77441,0.77467,1.11,2.10
2011.08.09 11:08:09.882,0.77443,0.77471,1.71,1.35
2011.08.09 11:08:10.226,0.77448,0.77474,1.35,3.00
2011.08.09 11:08:10.562,0.77448,0.77476,2.25,1.35
2011.08.09 11:08:10.680,0.77448,0.77476,2.25,1.35
2011.08.09 11:08:11.354,0.77451,0.77478,1.11,1.35
2011.08.09 11:08:11.473,0.77454,0.77479,1.35,1.50
2011.08.09 11:08:11.810,0.77455,0.77481,1.11,2.25
2011.08.09 11:08:12.934,0.77455,0.77478,1.11,2.85
2011.08.09 11:08:13.272,0.77445,0.77472,3.96,1.50
2011.08.09 11:08:13.395,0.77445,0.77469,1.35,3.00
2011.08.09 11:08:13.512,0.77441,0.77467,1.11,1.35
2011.08.09 11:08:14.069,0.77442,0.77466,1.11,1.35
2011.08.09 11:08:14.622,0.77439,0.77466,2.10,1.35
2011.08.09 11:08:15.072,0.77439,0.77466,1.35,2.10
2011.08.09 11:08:15.521,0.77439,0.77466,2.10,1.35
2011.08.09 11:08:16.513,0.77443,0.77467,1.35,1.50
2011.08.09 11:08:16.961,0.77446,0.77471,1.35,1.50
2011.08.09 11:08:17.082,0.77446,0.77474,1.35,1.50
2011.08.09 11:08:17.641,0.77446,0.77474,1.35,1.50
2011.08.09 11:08:25.290,0.7745,0.77475,1.11,2.25
2011.08.09 11:08:25.621,0.7745,0.77475,1.11,1.50
2011.08.09 11:08:25.959,0.7745,0.77475,1.11,1.50
2011.08.09 11:08:26.511,0.7745,0.77475,1.11,1.50
2011.08.09 11:08:26.982,0.7745,0.77475,1.11,1.50
2011.08.09 11:08:27.874,0.77453,0.77477,1.35,2.25
2011.08.09 11:08:27.995,0.77453,0.77478,1.71,1.50
2011.08.09 11:08:28.113,0.77453,0.7748,1.71,2.25
2011.08.09 11:08:28.341,0.77456,0.7748,1.11,1.50
2011.08.09 11:08:29.042,0.77456,0.77481,1.11,2.10
2011.08.09 11:08:30.031,0.77456,0.77481,1.11,2.10
2011.08.09 11:08:30.999,0.77456,0.77481,1.11,2.10
2011.08.09 11:08:31.223,0.77456,0.77481,1.11,2.10
2011.08.09 11:08:31.455,0.77456,0.77481,1.11,2.10
2011.08.09 11:08:31.792,0.77453,0.77476,1.35,1.50
2011.08.09 11:08:32.463,0.77453,0.77476,1.35,1.50
2011.08.09 11:08:32.584,0.77453,0.77479,1.35,1.50
2011.08.09 11:08:32.815,0.77451,0.77476,1.11,1.50
2011.08.09 11:08:33.151,0.77449,0.77475,1.35,2.25
2011.08.09 11:08:33.727,0.77447,0.77473,1.11,1.35
2011.08.09 11:08:33.849,0.77447,0.77472,1.11,1.35
2011.08.09 11:08:35.790,0.77445,0.77471,1.11,1.50
2011.08.09 11:08:38.798,0.77438,0.77464,1.11,2.10
2011.08.09 11:08:39.810,0.77438,0.77463,1.11,1.50
2011.08.09 11:08:40.682,0.77438,0.77464,1.11,2.10
2011.08.09 11:08:41.333,0.77438,0.77463,1.11,1.50
2011.08.09 11:08:41.457,0.77438,0.77463,1.11,1.50
2011.08.09 11:08:41.795,0.77438,0.77463,1.11,1.50
2011.08.09 11:08:43.010,0.77436,0.7746,1.35,1.50
2011.08.09 11:08:43.672,0.77431,0.7746,1.50,2.85
2011.08.09 11:08:43.796,0.7743,0.77454,1.11,1.35
2011.08.09 11:08:44.952,0.7743,0.77455,1.35,1.50
2011.08.09 11:08:45.181,0.77431,0.77458,1.11,2.10
2011.08.09 11:08:45.523,0.77431,0.77457,1.11,1.50
2011.08.09 11:08:45.863,0.77435,0.77458,1.11,1.35
2011.08.09 11:08:47.677,0.77435,0.77458,1.11,1.35
2011.08.09 11:08:49.380,0.7743,0.77456,1.11,1.50
2011.08.09 11:08:50.160,0.7743,0.77456,1.11,1.50
2011.08.09 11:08:51.962,0.7743,0.77456,1.11,1.50
2011.08.09 11:08:58.512,0.7743,0.77456,1.11,1.50
2011.08.09 11:09:02.213,0.7743,0.77456,1.11,2.25
2011.08.09 11:09:02.773,0.77436,0.77459,1.35,1.50
2011.08.09 11:09:03.262,0.77436,0.77459,1.35,1.50
2011.08.09 11:09:03.823,0.77436,0.77459,2.10,1.50
2011.08.09 11:09:04.523,0.77437,0.77462,1.50,2.25
2011.08.09 11:09:05.650,0.77437,0.77463,1.50,2.25
2011.08.09 11:09:06.202,0.77437,0.77464,1.50,1.50
2011.08.09 11:09:06.793,0.77444,0.77469,1.35,1.50
2011.08.09 11:09:09.140,0.77445,0.77471,1.11,1.50
2011.08.09 11:09:09.694,0.77442,0.77468,1.11,1.35
2011.08.09 11:09:09.818,0.77442,0.77468,1.11,4.35
2011.08.09 11:09:10.263,0.77442,0.77468,1.11,4.35
2011.08.09 11:09:10.604,0.77436,0.77461,1.50,1.35
2011.08.09 11:09:11.164,0.77435,0.77462,1.11,1.35
2011.08.09 11:09:11.501,0.77439,0.77464,1.35,1.50
2011.08.09 11:09:12.392,0.77445,0.7747,1.71,1.50
2011.08.09 11:09:13.371,0.77445,0.7747,1.11,1.50
2011.08.09 11:09:14.261,0.77445,0.7747,1.11,1.50
2011.08.09 11:09:15.262,0.77444,0.77469,1.11,1.50
2011.08.09 11:09:15.821,0.77443,0.77466,1.35,1.50
2011.08.09 11:09:24.451,0.77441,0.77468,1.11,1.35
2011.08.09 11:09:25.037,0.77441,0.77468,1.86,1.35
2011.08.09 11:09:25.158,0.77447,0.7747,1.35,3.75
2011.08.09 11:09:25.273,0.77447,0.7747,1.35,3.00
2011.08.09 11:09:25.615,0.77464,0.77483,1.35,2.25
2011.08.09 11:09:26.284,0.77467,0.77486,1.11,2.25
2011.08.09 11:09:26.409,0.77467,0.77491,1.11,1.50
2011.08.09 11:09:26.522,0.77464,0.77493,1.35,3.00
2011.08.09 11:09:26.753,0.77464,0.77492,1.35,2.25
2011.08.09 11:09:26.873,0.77464,0.7749,1.71,1.50
2011.08.09 11:09:27.431,0.77464,0.77488,1.35,2.25
2011.08.09 11:09:27.554,0.77461,0.77485,1.11,2.85
2011.08.09 11:09:27.786,0.77457,0.77484,1.11,1.50
2011.08.09 11:09:28.123,0.77457,0.77482,1.11,2.25
2011.08.09 11:09:28.471,0.77457,0.77482,1.11,1.50
2011.08.09 11:09:29.125,0.77453,0.7748,1.11,1.35
2011.08.09 11:09:29.245,0.77452,0.77476,1.50,1.50
2011.08.09 11:09:29.581,0.77451,0.77477,1.11,1.35
2011.08.09 11:09:31.353,0.77448,0.77475,1.35,2.25
2011.08.09 11:09:31.690,0.77448,0.77475,1.35,2.25
2011.08.09 11:09:34.532,0.77448,0.77475,1.35,1.50
2011.08.09 11:09:34.871,0.77451,0.77477,1.50,1.35
2011.08.09 11:09:36.343,0.77454,0.77477,1.35,1.50
2011.08.09 11:09:36.901,0.7745,0.77477,1.11,1.50
2011.08.09 11:09:37.024,0.7745,0.77476,1.11,1.50
2011.08.09 11:09:37.365,0.7745,0.77477,1.11,1.50
2011.08.09 11:09:37.595,0.7745,0.77478,1.11,1.35
2011.08.09 11:09:37.936,0.77464,0.77483,1.35,1.50
2011.08.09 11:09:38.464,0.77465,0.77485,1.35,1.50
2011.08.09 11:09:38.791,0.77473,0.775,1.11,1.50
2011.08.09 11:09:38.910,0.77473,0.77501,1.11,2.10
2011.08.09 11:09:39.132,0.77473,0.775,1.11,1.50
2011.08.09 11:09:39.363,0.77473,0.77498,1.11,1.50
2011.08.09 11:09:39.922,0.77473,0.77499,1.11,1.50
2011.08.09 11:09:42.272,0.77473,0.77497,1.11,1.50
2011.08.09 11:09:42.615,0.7747,0.7749,1.11,1.35
2011.08.09 11:09:42.732,0.77466,0.7749,3.00,1.35
2011.08.09 11:09:42.852,0.77464,0.7749,3.36,2.10
2011.08.09 11:09:43.299,0.77464,0.7749,1.11,2.10
2011.08.09 11:09:45.054,0.77464,0.7749,1.11,2.10
2011.08.09 11:09:45.610,0.77464,0.77486,1.11,1.35
2011.08.09 11:09:46.380,0.77464,0.77487,1.11,1.35
2011.08.09 11:09:46.601,0.77463,0.77483,1.11,1.50
2011.08.09 11:09:47.182,0.77459,0.77483,1.71,1.50
2011.08.09 11:09:48.762,0.77459,0.77483,1.11,2.10
2011.08.09 11:09:51.222,0.77459,0.77483,1.11,2.10
2011.08.09 11:09:51.831,0.77459,0.77484,1.11,3.00
2011.08.09 11:09:52.164,0.77459,0.77486,1.11,2.10
2011.08.09 11:09:52.502,0.77463,0.77489,1.11,1.50
2011.08.09 11:09:53.397,0.77465,0.7749,1.11,1.35
2011.08.09 11:09:53.732,0.77465,0.7749,1.11,2.10
2011.08.09 11:09:54.290,0.77465,0.77488,1.11,1.35
2011.08.09 11:09:54.622,0.77458,0.77485,1.11,1.35
2011.08.09 11:09:54.854,0.77458,0.77485,1.11,2.85
2011.08.09 11:09:55.194,0.77452,0.77476,1.11,2.25
2011.08.09 11:09:55.837,0.77451,0.77476,1.35,2.25
2011.08.09 11:09:56.813,0.77449,0.77477,1.11,1.50
2011.08.09 11:09:57.882,0.77449,0.77477,1.11,1.50
2011.08.09 11:09:58.223,0.77449,0.77478,1.11,1.35
2011.08.09 11:09:58.783,0.77452,0.77478,1.11,1.35
2011.08.09 11:09:59.454,0.77451,0.77479,1.86,1.35
2011.08.09 11:09:59.791,0.77455,0.77481,1.11,1.50
2011.08.09 11:10:00.244,0.77457,0.77483,1.11,1.35
2011.08.09 11:10:00.472,0.77461,0.77486,1.35,1.50
2011.08.09 11:10:01.252,0.77457,0.77483,1.35,1.50
2011.08.09 11:10:01.482,0.77457,0.77483,1.35,1.50
2011.08.09 11:10:02.567,0.77453,0.77483,1.11,2.10
2011.08.09 11:10:03.492,0.77453,0.77483,3.36,1.35
2011.08.09 11:10:03.941,0.77457,0.77485,1.11,2.10
2011.08.09 11:10:04.390,0.77457,0.77482,1.11,2.10
2011.08.09 11:10:05.053,0.77454,0.77479,1.11,1.50
2011.08.09 11:10:05.722,0.77454,0.77479,1.11,1.50
2011.08.09 11:10:06.264,0.77452,0.77478,3.00,2.10
2011.08.09 11:10:07.169,0.7745,0.77478,3.96,1.35
2011.08.09 11:10:07.504,0.7745,0.77476,1.71,1.50
2011.08.09 11:10:07.731,0.77446,0.77473,1.11,2.10
2011.08.09 11:10:08.289,0.77446,0.77473,1.11,2.10
2011.08.09 11:10:09.366,0.77446,0.7747,1.11,1.35
2011.08.09 11:10:09.813,0.77446,0.77473,1.11,1.35
2011.08.09 11:10:10.414,0.77446,0.77473,1.11,2.10
2011.08.09 11:10:10.641,0.77446,0.77473,1.11,2.10
2011.08.09 11:10:10.981,0.77446,0.77473,1.11,2.10
2011.08.09 11:10:11.322,0.77446,0.77473,1.11,2.10
2011.08.09 11:10:13.661,0.77446,0.77471,1.11,1.35
2011.08.09 11:10:14.000,0.77444,0.77469,1.11,2.10
2011.08.09 11:10:14.220,0.77444,0.77468,1.11,1.50
2011.08.09 11:10:14.550,0.77444,0.77469,1.11,1.35
2011.08.09 11:10:14.883,0.77444,0.77463,1.11,1.35
2011.08.09 11:10:15.001,0.7744,0.77463,3.00,2.10
2011.08.09 11:10:15.123,0.7744,0.77463,3.00,2.85
2011.08.09 11:10:15.467,0.77438,0.77463,1.11,2.10
2011.08.09 11:10:15.580,0.77438,0.77463,1.11,2.10
2011.08.09 11:10:16.236,0.77434,0.77459,1.94,1.50
2011.08.09 11:10:17.441,0.77435,0.77459,1.59,1.50
2011.08.09 11:10:17.785,0.77435,0.77453,1.59,1.35
2011.08.09 11:10:18.122,0.77435,0.77451,1.59,2.10
2011.08.09 11:10:18.461,0.77435,0.7745,1.59,3.00
2011.08.09 11:10:19.587,0.77434,0.77451,1.59,2.10
2011.08.09 11:10:20.141,0.77434,0.77451,1.59,2.10
2011.08.09 11:10:20.372,0.77434,0.77451,1.59,1.35
2011.08.09 11:10:20.492,0.77434,0.77455,1.59,2.10
2011.08.09 11:10:20.832,0.77434,0.77455,1.59,1.35
2011.08.09 11:10:20.953,0.77435,0.77458,1.35,1.50
2011.08.09 11:10:21.073,0.77435,0.77458,2.19,1.50
2011.08.09 11:10:21.191,0.77435,0.77461,2.19,1.50
2011.08.09 11:10:21.315,0.77435,0.77461,2.19,1.50
2011.08.09 11:10:21.875,0.77436,0.77464,1.11,1.50
2011.08.09 11:10:22.001,0.77434,0.77454,1.59,2.10
2011.08.09 11:10:22.128,0.77434,0.77452,1.59,1.35
2011.08.09 11:10:22.354,0.77434,0.77451,1.59,2.10
2011.08.09 11:10:23.835,0.77435,0.77451,1.44,1.35
2011.08.09 11:10:23.954,0.77435,0.77449,1.44,2.25
2011.08.09 11:10:25.283,0.77435,0.77449,1.44,1.50
2011.08.09 11:10:25.514,0.77435,0.77453,1.44,3.00
2011.08.09 11:10:25.745,0.77435,0.77453,1.44,2.25
2011.08.09 11:10:25.861,0.77435,0.77449,1.44,2.85
2011.08.09 11:10:26.093,0.7743,0.7745,1.59,2.85
2011.08.09 11:10:26.213,0.7743,0.7745,1.59,2.85
2011.08.09 11:10:26.442,0.7743,0.7745,1.59,2.85
2011.08.09 11:10:26.785,0.77429,0.77449,1.59,1.35
2011.08.09 11:10:27.340,0.77429,0.7744,1.59,1.35
2011.08.09 11:10:28.154,0.7742,0.7744,1.79,1.35
2011.08.09 11:10:28.496,0.7742,0.77443,1.79,1.35
2011.08.09 11:10:28.722,0.7742,0.77443,1.79,1.35
2011.08.09 11:10:30.222,0.7742,0.77446,2.14,1.35
2011.08.09 11:10:30.562,0.7742,0.77448,1.17,2.10
2011.08.09 11:10:30.931,0.77421,0.7745,1.17,2.85
2011.08.09 11:10:31.162,0.77422,0.7745,1.41,1.35
2011.08.09 11:10:32.051,0.77423,0.7745,1.17,1.35
2011.08.09 11:10:32.828,0.77423,0.77451,1.17,1.35
2011.08.09 11:10:34.044,0.77432,0.77455,1.35,3.00
2011.08.09 11:10:34.164,0.77432,0.77458,1.35,5.25
2011.08.09 11:10:34.284,0.77438,0.77458,1.11,2.25
2011.08.09 11:10:34.515,0.77438,0.7746,1.11,2.25
2011.08.09 11:10:34.636,0.77438,0.77463,1.11,1.50
2011.08.09 11:10:34.752,0.77438,0.77463,1.11,1.50
2011.08.09 11:10:35.672,0.77438,0.77463,1.11,1.35
2011.08.09 11:10:35.793,0.77438,0.77461,1.11,1.35
2011.08.09 11:10:35.915,0.77437,0.77459,1.13,1.50
2011.08.09 11:10:36.038,0.77437,0.77459,1.13,1.35
2011.08.09 11:10:36.481,0.77431,0.77457,1.11,1.35
2011.08.09 11:10:37.622,0.77451,0.77473,1.11,1.50
2011.08.09 11:10:37.745,0.77451,0.77476,1.11,1.50
2011.08.09 11:10:37.861,0.77451,0.77476,1.11,1.50
2011.08.09 11:10:38.206,0.77451,0.77476,1.11,1.50
2011.08.09 11:10:38.485,0.77451,0.77476,1.11,1.50
2011.08.09 11:10:38.710,0.77451,0.77476,1.11,1.50
2011.08.09 11:10:38.835,0.77451,0.77477,1.11,1.50
2011.08.09 11:10:39.064,0.77455,0.77479,1.35,2.25
2011.08.09 11:10:39.183,0.77451,0.77477,1.11,1.50
2011.08.09 11:10:39.894,0.77451,0.77477,1.11,1.50
2011.08.09 11:10:40.012,0.77451,0.77478,1.11,2.10
2011.08.09 11:10:40.571,0.77453,0.77479,1.35,2.25
2011.08.09 11:10:42.185,0.77451,0.77477,1.71,1.50
2011.08.09 11:10:43.125,0.77451,0.77476,1.11,2.85
2011.08.09 11:10:43.699,0.77448,0.77476,1.71,2.85
2011.08.09 11:10:44.930,0.77448,0.77473,1.11,1.35
2011.08.09 11:10:45.043,0.77448,0.77471,1.11,1.35
2011.08.09 11:10:45.490,0.77444,0.77468,1.11,3.60
2011.08.09 11:10:46.653,0.77444,0.77471,1.11,2.10
2011.08.09 11:10:47.021,0.77444,0.77469,1.11,1.35
2011.08.09 11:10:48.832,0.77442,0.77467,1.11,1.35
2011.08.09 11:10:49.390,0.77442,0.77469,1.11,1.35
2011.08.09 11:10:50.414,0.77456,0.77478,1.35,2.25
2011.08.09 11:10:50.644,0.77456,0.77481,1.35,1.50
2011.08.09 11:10:50.763,0.77458,0.77482,1.35,1.50
2011.08.09 11:10:51.102,0.77461,0.77486,1.50,2.10
2011.08.09 11:10:51.560,0.77462,0.77487,1.11,1.35
2011.08.09 11:10:52.002,0.77462,0.77479,1.11,2.25
2011.08.09 11:10:52.600,0.77462,0.77479,1.11,2.25
2011.08.09 11:10:52.824,0.77462,0.77476,1.11,2.25
2011.08.09 11:10:53.400,0.77463,0.7748,1.11,2.25
2011.08.09 11:10:53.742,0.77463,0.77475,1.11,2.25
2011.08.09 11:10:55.092,0.7746,0.77475,1.11,2.25
2011.08.09 11:10:55.432,0.77461,0.77473,1.35,2.25
2011.08.09 11:10:55.664,0.77464,0.77481,1.11,2.25
2011.08.09 11:10:55.785,0.77465,0.77481,2.85,2.25
2011.08.09 11:10:56.150,0.77469,0.77481,1.35,2.25
2011.08.09 11:10:56.638,0.77471,0.77488,1.11,2.25
2011.08.09 11:10:57.560,0.77471,0.77494,1.11,1.35
2011.08.09 11:10:58.955,0.77471,0.77496,1.11,1.35
2011.08.09 11:10:59.518,0.77472,0.77499,1.35,1.50
2011.08.09 11:10:59.634,0.77477,0.77502,1.11,2.10
2011.08.09 11:10:59.866,0.77479,0.77504,1.35,2.25
2011.08.09 11:11:00.702,0.77479,0.77505,2.46,2.25
2011.08.09 11:11:01.259,0.77479,0.77504,1.11,1.35
2011.08.09 11:11:01.810,0.77479,0.77504,1.11,2.10
2011.08.09 11:11:02.802,0.77479,0.77504,1.11,1.35
2011.08.09 11:11:03.322,0.77479,0.77504,1.11,2.10
2011.08.09 11:11:05.311,0.77483,0.77504,1.11,2.10
2011.08.09 11:11:06.651,0.77483,0.77504,1.11,2.10
2011.08.09 11:11:07.674,0.77486,0.77512,1.35,1.50
2011.08.09 11:11:07.791,0.77486,0.77511,1.35,1.50
2011.08.09 11:11:08.131,0.7749,0.77513,1.71,1.50
2011.08.09 11:11:08.362,0.7749,0.77516,1.71,1.50
2011.08.09 11:11:08.591,0.7749,0.77514,1.71,1.50
2011.08.09 11:11:08.710,0.7749,0.77516,1.71,1.50
2011.08.09 11:11:08.822,0.7749,0.77518,1.71,2.25
2011.08.09 11:11:09.176,0.77492,0.7752,1.11,1.35
2011.08.09 11:11:10.812,0.77495,0.77522,1.11,2.10
2011.08.09 11:11:11.041,0.77495,0.77522,1.11,1.50
2011.08.09 11:11:11.815,0.77495,0.77522,1.11,1.50
2011.08.09 11:11:12.372,0.77495,0.77523,1.11,1.50
2011.08.09 11:11:13.559,0.775,0.77525,1.11,2.25
2011.08.09 11:11:14.132,0.775,0.77525,1.11,1.50
2011.08.09 11:11:15.270,0.775,0.77528,1.11,5.25
2011.08.09 11:11:15.604,0.77503,0.77528,1.11,1.50
2011.08.09 11:11:15.723,0.77502,0.77529,1.11,1.35
2011.08.09 11:11:16.061,0.77507,0.77531,1.11,1.50
2011.08.09 11:11:16.650,0.77507,0.77531,1.11,1.50
2011.08.09 11:11:18.966,0.77507,0.77533,1.11,1.35
2011.08.09 11:11:21.068,0.77509,0.77536,1.71,2.10
2011.08.09 11:11:21.622,0.77509,0.77535,1.71,1.50
2011.08.09 11:11:21.961,0.77509,0.77536,1.71,2.10
2011.08.09 11:11:22.941,0.77509,0.77536,1.71,1.35
2011.08.09 11:11:24.066,0.77514,0.77538,1.35,2.25
2011.08.09 11:11:24.513,0.77511,0.77534,1.35,2.25
2011.08.09 11:11:24.632,0.77511,0.77538,1.35,1.50
2011.08.09 11:11:24.750,0.77513,0.77539,1.35,2.25
2011.08.09 11:11:27.413,0.77512,0.77538,1.11,5.10
2011.08.09 11:11:27.754,0.7751,0.77535,1.11,1.50
2011.08.09 11:11:28.863,0.77507,0.77535,1.71,3.60
2011.08.09 11:11:29.973,0.7751,0.77536,1.71,1.50
2011.08.09 11:11:30.745,0.7751,0.77537,1.71,1.50
2011.08.09 11:11:31.300,0.7751,0.77538,1.71,1.35
2011.08.09 11:11:32.644,0.7751,0.77538,1.71,3.60
2011.08.09 11:11:33.316,0.7751,0.77535,1.71,2.25
2011.08.09 11:11:33.971,0.77516,0.77535,2.25,2.25
2011.08.09 11:11:34.489,0.77516,0.77535,2.25,3.75
2011.08.09 11:11:35.041,0.77507,0.77533,1.11,3.60
2011.08.09 11:11:36.291,0.77507,0.77533,1.11,2.10
2011.08.09 11:11:37.007,0.77505,0.77513,1.11,1.50
2011.08.09 11:11:37.128,0.775,0.77523,3.96,1.50
2011.08.09 11:11:37.243,0.775,0.77523,3.60,1.50
2011.08.09 11:11:37.690,0.775,0.77523,3.60,1.50
2011.08.09 11:11:38.021,0.775,0.7752,3.60,1.50
2011.08.09 11:11:38.463,0.775,0.7752,1.35,1.50
2011.08.09 11:11:38.584,0.775,0.77519,1.71,1.50
2011.08.09 11:11:38.702,0.775,0.77515,1.35,1.50
2011.08.09 11:11:39.041,0.77497,0.77513,1.11,1.50
2011.08.09 11:11:39.160,0.77497,0.77516,1.11,1.50
2011.08.09 11:11:40.230,0.77494,0.77513,1.11,1.50
2011.08.09 11:11:40.454,0.77494,0.77511,1.11,1.50
2011.08.09 11:11:40.572,0.77494,0.77515,1.11,1.50
2011.08.09 11:11:41.241,0.77494,0.77513,1.11,1.50
2011.08.09 11:11:41.471,0.77494,0.77513,1.11,1.50
2011.08.09 11:11:42.143,0.77494,0.77511,1.11,1.50
2011.08.09 11:11:42.481,0.77494,0.77508,1.11,1.50
2011.08.09 11:11:42.824,0.77494,0.77504,1.11,1.50
2011.08.09 11:11:44.980,0.77487,0.77504,2.61,1.50
2011.08.09 11:11:45.532,0.77491,0.77517,1.11,1.35
2011.08.09 11:11:45.762,0.77491,0.77508,3.36,1.50
2011.08.09 11:11:49.939,0.77491,0.77508,1.71,1.50
2011.08.09 11:11:50.271,0.77491,0.77508,1.71,1.50
2011.08.09 11:11:50.381,0.77491,0.7751,1.71,1.50
2011.08.09 11:11:50.503,0.77491,0.77512,1.71,1.50
2011.08.09 11:11:52.314,0.77491,0.77514,1.71,1.50
2011.08.09 11:11:53.585,0.77491,0.77513,1.71,1.50
2011.08.09 11:11:54.080,0.77491,0.77514,1.71,1.50
2011.08.09 11:11:54.671,0.77491,0.77511,1.71,1.50
2011.08.09 11:11:54.894,0.77495,0.77512,1.11,1.50
2011.08.09 11:11:58.116,0.77495,0.77512,1.11,1.50
2011.08.09 11:11:58.453,0.77499,0.77516,1.11,1.50
2011.08.09 11:11:58.574,0.77499,0.77518,1.11,1.50
2011.08.09 11:11:58.690,0.77499,0.77518,1.11,1.50
2011.08.09 11:11:59.844,0.77498,0.77509,1.35,1.50
2011.08.09 11:12:00.181,0.77497,0.77506,1.35,1.50
2011.08.09 11:12:00.522,0.77493,0.77506,1.11,1.50
2011.08.09 11:12:00.751,0.77492,0.77504,2.10,1.50
2011.08.09 11:12:01.090,0.77491,0.77498,1.35,1.50
2011.08.09 11:12:04.060,0.77489,0.77498,1.11,1.50
2011.08.09 11:12:04.501,0.77487,0.77514,1.35,2.10
2011.08.09 11:12:05.435,0.77493,0.77514,1.50,2.85
2011.08.09 11:12:08.900,0.77492,0.77513,1.50,1.50
2011.08.09 11:12:09.452,0.77494,0.77505,1.50,1.50
2011.08.09 11:12:09.572,0.77493,0.77506,1.50,1.50
2011.08.09 11:12:13.643,0.77493,0.77505,1.50,1.50
2011.08.09 11:12:14.203,0.77493,0.77516,2.10,1.50
2011.08.09 11:12:15.131,0.77495,0.77516,1.11,1.50
2011.08.09 11:12:15.461,0.77495,0.77512,1.11,1.50
2011.08.09 11:12:16.882,0.77495,0.77512,1.11,1.50
2011.08.09 11:12:17.842,0.77495,0.7751,1.11,1.50
2011.08.09 11:12:19.660,0.77495,0.7751,1.11,1.50
2011.08.09 11:12:19.881,0.77496,0.7751,3.00,1.50
2011.08.09 11:12:20.221,0.77496,0.77514,3.00,1.50
2011.08.09 11:12:20.565,0.77504,0.77514,2.25,1.50
2011.08.09 11:12:20.793,0.77504,0.77519,2.25,1.50
2011.08.09 11:12:21.025,0.77504,0.77517,2.03,1.50
2011.08.09 11:12:21.144,0.77504,0.77519,2.76,1.50
2011.08.09 11:12:21.267,0.7751,0.77528,4.35,1.50
2011.08.09 11:12:21.383,0.77514,0.77536,1.35,2.25
2011.08.09 11:12:21.612,0.77514,0.77536,2.10,2.25
2011.08.09 11:12:21.953,0.77522,0.77537,1.11,2.25
2011.08.09 11:12:22.408,0.77522,0.77539,1.11,2.25
2011.08.09 11:12:22.546,0.77518,0.77537,1.35,1.50
2011.08.09 11:12:22.660,0.77518,0.77538,1.35,1.50
2011.08.09 11:12:23.322,0.77517,0.77534,1.11,1.50
2011.08.09 11:12:23.880,0.77513,0.77534,1.11,1.50
2011.08.09 11:12:24.102,0.77513,0.77534,1.11,2.25
2011.08.09 11:12:24.551,0.77516,0.77536,1.11,2.25
2011.08.09 11:12:25.166,0.77517,0.77536,1.11,1.50
2011.08.09 11:12:25.590,0.77518,0.77536,2.10,1.50
2011.08.09 11:12:26.142,0.77518,0.77538,1.71,1.50
2011.08.09 11:12:26.265,0.7752,0.77548,4.35,2.25
2011.08.09 11:12:26.493,0.77531,0.77552,1.35,2.25
2011.08.09 11:12:26.721,0.77532,0.77547,1.11,1.50
2011.08.09 11:12:27.289,0.77534,0.77553,4.50,1.50
2011.08.09 11:12:27.411,0.77536,0.77553,1.11,1.50
2011.08.09 11:12:27.872,0.77536,0.77552,1.11,1.50
2011.08.09 11:12:29.840,0.77536,0.7755,1.11,1.50
2011.08.09 11:12:30.255,0.77536,0.77546,1.11,1.50
2011.08.09 11:12:30.590,0.77533,0.77546,1.11,1.50
2011.08.09 11:12:31.186,0.77533,0.7755,1.11,1.50
2011.08.09 11:12:31.301,0.77533,0.77552,1.11,1.50
2011.08.09 11:12:31.422,0.77533,0.77552,1.11,1.50
2011.08.09 11:12:31.766,0.77533,0.77551,1.11,1.50
2011.08.09 11:12:31.883,0.77533,0.77551,1.11,1.50
2011.08.09 11:12:32.002,0.77535,0.77554,1.35,1.50
2011.08.09 11:12:32.344,0.77536,0.77555,1.50,1.50
2011.08.09 11:12:32.464,0.77536,0.77557,1.50,1.50
2011.08.09 11:12:32.911,0.77539,0.77557,1.86,1.50
2011.08.09 11:12:33.364,0.77541,0.77556,1.11,1.50
2011.08.09 11:12:34.641,0.77541,0.77556,1.11,1.50
2011.08.09 11:12:35.185,0.77543,0.77556,1.50,1.50
2011.08.09 11:12:36.734,0.77543,0.77558,1.50,1.50
2011.08.09 11:12:37.366,0.77543,0.77563,1.50,1.50
2011.08.09 11:12:37.490,0.77547,0.77563,1.35,1.50
2011.08.09 11:12:37.603,0.77547,0.77563,1.35,1.50
2011.08.09 11:12:38.053,0.77544,0.77564,2.46,1.50
2011.08.09 11:12:38.501,0.77544,0.77563,2.46,1.50
2011.08.09 11:12:38.951,0.77544,0.77562,2.46,1.50
2011.08.09 11:12:39.541,0.77546,0.77565,1.11,1.50
2011.08.09 11:12:40.376,0.77548,0.77565,4.86,1.50
2011.08.09 11:12:40.710,0.77552,0.77561,1.11,1.50
2011.08.09 11:12:41.292,0.77552,0.77562,1.11,1.50
2011.08.09 11:12:41.822,0.77551,0.77562,1.11,1.50
2011.08.09 11:12:42.053,0.77548,0.7756,1.11,1.50
2011.08.09 11:12:42.286,0.77548,0.77561,2.61,1.50
2011.08.09 11:12:42.513,0.77551,0.77561,1.71,1.50
2011.08.09 11:12:42.965,0.77551,0.77562,1.11,1.50
2011.08.09 11:12:43.303,0.77551,0.7757,1.11,1.50
2011.08.09 11:12:43.425,0.77551,0.7757,1.11,1.50
2011.08.09 11:12:44.056,0.7755,0.77572,1.71,1.50
2011.08.09 11:12:44.391,0.7755,0.77568,1.71,1.50
2011.08.09 11:12:44.942,0.7755,0.7757,1.71,1.50
2011.08.09 11:12:45.282,0.7755,0.77565,1.11,1.50
2011.08.09 11:12:45.402,0.77549,0.77561,2.61,1.50
2011.08.09 11:12:45.524,0.77549,0.77561,2.61,1.50
2011.08.09 11:12:46.082,0.77548,0.7756,1.11,1.50
2011.08.09 11:12:47.286,0.77547,0.7756,1.35,1.50
2011.08.09 11:12:47.405,0.77544,0.77558,1.71,1.50
2011.08.09 11:12:47.852,0.77543,0.77557,1.11,1.50
2011.08.09 11:12:48.411,0.77543,0.77557,1.71,1.50
2011.08.09 11:12:50.278,0.77541,0.77554,2.46,1.50
2011.08.09 11:12:50.392,0.77541,0.77557,2.46,1.50
2011.08.09 11:12:50.513,0.77543,0.77567,1.71,1.50
2011.08.09 11:12:50.633,0.77543,0.77567,1.71,1.50
2011.08.09 11:12:51.086,0.77543,0.77559,1.71,1.50
2011.08.09 11:12:51.317,0.77545,0.7756,1.11,1.50
2011.08.09 11:12:51.652,0.77547,0.77565,1.11,1.50
2011.08.09 11:12:51.775,0.77551,0.77568,2.85,1.50
2011.08.09 11:12:52.114,0.77553,0.7757,2.25,1.50
2011.08.09 11:12:52.454,0.77553,0.77569,2.85,1.50
2011.08.09 11:12:53.681,0.77553,0.77571,2.85,1.50
2011.08.09 11:12:54.243,0.77555,0.77568,2.85,1.50
2011.08.09 11:12:55.021,0.77553,0.77569,3.60,1.50
2011.08.09 11:12:56.201,0.77542,0.77559,1.11,1.50
2011.08.09 11:12:56.534,0.77542,0.77554,1.86,1.50
2011.08.09 11:12:56.654,0.77539,0.77554,3.96,1.50
2011.08.09 11:12:56.774,0.77539,0.77552,1.11,1.50
2011.08.09 11:12:57.114,0.77539,0.77552,1.11,1.50
2011.08.09 11:12:57.345,0.77541,0.77556,3.36,1.50
2011.08.09 11:12:57.465,0.77543,0.77559,1.71,1.50
2011.08.09 11:12:57.691,0.77543,0.77559,1.71,1.50
2011.08.09 11:12:57.812,0.77542,0.77559,2.46,1.50
2011.08.09 11:12:58.152,0.77539,0.77553,3.36,1.50
2011.08.09 11:12:58.383,0.77535,0.77549,1.71,1.50
2011.08.09 11:12:59.169,0.77535,0.77549,1.86,1.50
2011.08.09 11:12:59.623,0.77536,0.7755,1.11,1.50
2011.08.09 11:13:00.140,0.77536,0.7755,1.11,1.50
2011.08.09 11:13:00.650,0.77536,0.77553,1.11,1.50
2011.08.09 11:13:00.763,0.77536,0.77551,1.11,1.50
2011.08.09 11:13:01.321,0.77535,0.77548,1.86,1.50
2011.08.09 11:13:01.822,0.77536,0.7755,1.11,1.50
2011.08.09 11:13:01.945,0.77542,0.77557,2.10,1.50
2011.08.09 11:13:02.285,0.77546,0.77562,1.71,1.50
2011.08.09 11:13:02.749,0.77546,0.77562,1.71,1.50
2011.08.09 11:13:02.891,0.77559,0.77573,1.35,1.50
2011.08.09 11:13:03.012,0.77558,0.77577,1.11,2.25
2011.08.09 11:13:03.243,0.77556,0.77562,2.10,1.50
2011.08.09 11:13:03.582,0.77553,0.77562,1.71,1.50
2011.08.09 11:13:04.411,0.77553,0.7756,1.11,1.50
2011.08.09 11:13:04.532,0.77552,0.77559,1.11,1.50
2011.08.09 11:13:04.763,0.77549,0.77559,1.71,1.50
2011.08.09 11:13:05.945,0.77542,0.77559,2.25,1.50
2011.08.09 11:13:06.068,0.77542,0.77549,1.11,1.50
2011.08.09 11:13:06.185,0.77545,0.77556,1.35,1.50
2011.08.09 11:13:06.305,0.77545,0.77563,1.35,1.50
2011.08.09 11:13:06.424,0.77545,0.77557,1.35,1.50
2011.08.09 11:13:06.983,0.77547,0.77557,1.86,1.50
2011.08.09 11:13:07.320,0.77547,0.77554,1.86,1.50
2011.08.09 11:13:07.650,0.77548,0.77563,1.11,1.50
2011.08.09 11:13:08.423,0.77548,0.77563,1.11,1.50
2011.08.09 11:13:09.179,0.77549,0.77562,1.11,1.50
2011.08.09 11:13:09.293,0.77549,0.77562,1.11,1.50
2011.08.09 11:13:09.522,0.77549,0.77562,1.11,1.50
2011.08.09 11:13:09.752,0.77545,0.77558,1.11,1.50
2011.08.09 11:13:10.042,0.77545,0.7756,1.11,1.50
2011.08.09 11:13:10.270,0.77546,0.77564,1.35,2.25
2011.08.09 11:13:10.382,0.77547,0.77564,1.35,1.50
2011.08.09 11:13:10.505,0.77547,0.77566,1.71,1.50
2011.08.09 11:13:10.621,0.77551,0.77566,1.35,1.50
2011.08.09 11:13:10.961,0.77553,0.77572,1.11,1.50
2011.08.09 11:13:11.810,0.77555,0.77566,1.35,1.50
2011.08.09 11:13:12.262,0.77553,0.77573,1.35,1.50
2011.08.09 11:13:12.380,0.77551,0.77569,1.71,1.50
2011.08.09 11:13:13.100,0.77551,0.77564,1.71,1.50
2011.08.09 11:13:13.683,0.77551,0.77565,1.71,1.50
2011.08.09 11:13:14.022,0.77552,0.77564,1.11,1.50
2011.08.09 11:13:14.251,0.77558,0.77572,1.35,1.50
2011.08.09 11:13:15.511,0.77559,0.77574,2.85,1.50
2011.08.09 11:13:18.136,0.7756,0.77575,1.35,1.50
2011.08.09 11:13:23.344,0.7756,0.7757,1.35,1.50
2011.08.09 11:13:23.571,0.7756,0.77571,1.35,1.50
2011.08.09 11:13:24.150,0.7756,0.77573,1.35,1.50
2011.08.09 11:13:24.372,0.77557,0.77573,3.96,1.50
2011.08.09 11:13:24.492,0.77557,0.77583,1.71,1.50
2011.08.09 11:13:24.614,0.7756,0.77583,1.35,1.50
2011.08.09 11:13:25.745,0.7756,0.77571,1.35,1.50
2011.08.09 11:13:26.353,0.7756,0.77571,1.35,1.50
2011.08.09 11:13:26.972,0.77556,0.77572,3.36,1.50
2011.08.09 11:13:27.096,0.77558,0.77572,1.11,1.50
2011.08.09 11:13:28.331,0.77558,0.77572,1.71,1.50
2011.08.09 11:13:29.944,0.77559,0.77572,1.35,1.50
2011.08.09 11:13:30.543,0.7756,0.77573,1.35,1.50
2011.08.09 11:13:31.439,0.77556,0.77571,1.11,1.50
2011.08.09 11:13:31.665,0.77553,0.77564,1.71,1.50
2011.08.09 11:13:31.780,0.77553,0.7757,1.71,1.50
2011.08.09 11:13:31.894,0.77555,0.77571,1.35,1.50
2011.08.09 11:13:34.242,0.77555,0.77571,1.35,1.50
2011.08.09 11:13:34.471,0.77557,0.77573,1.11,1.50
2011.08.09 11:13:34.810,0.77555,0.77565,1.71,1.50
2011.08.09 11:13:34.922,0.77555,0.77572,1.71,1.50
2011.08.09 11:13:35.391,0.77559,0.77572,2.10,1.50
2011.08.09 11:13:37.732,0.77559,0.77569,2.10,1.50
2011.08.09 11:13:38.290,0.77559,0.77567,1.50,1.50
2011.08.09 11:13:40.154,0.77559,0.77565,1.50,1.50
2011.08.09 11:13:41.613,0.77554,0.77564,1.71,1.50
2011.08.09 11:13:44.481,0.77554,0.77562,1.35,1.50
2011.08.09 11:13:44.973,0.77553,0.77562,2.25,1.50
2011.08.09 11:13:45.203,0.77547,0.77562,1.39,1.50
2011.08.09 11:13:47.010,0.77553,0.77564,1.39,1.50
2011.08.09 11:13:47.562,0.77555,0.77564,1.35,1.50
2011.08.09 11:13:48.702,0.77559,0.77567,1.35,1.50
2011.08.09 11:13:48.934,0.77559,0.77573,1.71,1.50
2011.08.09 11:13:49.056,0.77562,0.77572,1.35,1.50
2011.08.09 11:13:49.825,0.77565,0.7758,1.11,1.50
2011.08.09 11:13:50.944,0.77568,0.7758,1.35,1.50
2011.08.09 11:13:52.662,0.77568,0.77583,1.71,1.50
2011.08.09 11:13:53.006,0.77575,0.77583,1.35,1.50
2011.08.09 11:13:53.124,0.77575,0.77595,1.35,1.50
2011.08.09 11:13:53.894,0.77574,0.77591,1.50,1.50
2011.08.09 11:13:54.018,0.77574,0.77586,1.35,1.50
2011.08.09 11:13:54.682,0.77572,0.77586,1.11,1.50
2011.08.09 11:13:54.912,0.77576,0.77593,1.11,1.50
2011.08.09 11:13:55.143,0.77576,0.77593,3.36,1.50
2011.08.09 11:13:55.663,0.77587,0.77593,1.50,1.50
2011.08.09 11:13:56.002,0.77588,0.77602,1.11,1.50
2011.08.09 11:13:56.595,0.77587,0.77603,4.86,1.50
2011.08.09 11:13:56.718,0.77587,0.77601,1.86,1.50
2011.08.09 11:13:56.944,0.77586,0.77601,1.11,2.25
2011.08.09 11:13:57.061,0.7759,0.77603,1.35,1.50
2011.08.09 11:13:57.399,0.77588,0.77596,1.11,1.50
2011.08.09 11:13:57.623,0.77587,0.77603,2.46,1.50
2011.08.09 11:14:00.322,0.77586,0.77594,1.35,1.50
2011.08.09 11:14:00.553,0.77586,0.77605,1.71,1.50
2011.08.09 11:14:00.672,0.77585,0.77607,1.35,1.50
2011.08.09 11:14:00.791,0.77587,0.77605,1.35,1.50
2011.08.09 11:14:01.130,0.77587,0.77599,1.35,1.50
2011.08.09 11:14:01.463,0.77586,0.77594,1.35,1.50
2011.08.09 11:14:01.913,0.77589,0.77596,1.35,1.50
2011.08.09 11:14:02.034,0.77589,0.77601,1.35,1.50
2011.08.09 11:14:02.624,0.77584,0.77598,3.00,1.50
2011.08.09 11:14:03.315,0.77584,0.77599,1.35,1.50
2011.08.09 11:14:05.540,0.77586,0.77597,1.35,1.50
2011.08.09 11:14:05.983,0.77586,0.77597,1.35,1.50
2011.08.09 11:14:06.324,0.77588,0.77605,2.10,1.50
2011.08.09 11:14:07.100,0.77593,0.77607,1.35,1.50
2011.08.09 11:14:07.217,0.77589,0.77602,1.71,1.50
2011.08.09 11:14:07.448,0.77588,0.77607,2.46,1.50
2011.08.09 11:14:07.562,0.77588,0.77607,2.46,1.50
2011.08.09 11:14:08.575,0.77591,0.77605,1.35,1.50
2011.08.09 11:14:08.807,0.77591,0.77603,1.35,1.50
2011.08.09 11:14:08.924,0.77591,0.77605,1.35,1.50
2011.08.09 11:14:09.045,0.77591,0.77606,1.35,1.50
2011.08.09 11:14:09.385,0.77591,0.77606,1.35,1.50
2011.08.09 11:14:09.937,0.77589,0.77603,1.11,1.50
2011.08.09 11:14:10.052,0.77588,0.77603,1.11,1.50
2011.08.09 11:14:11.461,0.77589,0.77598,1.11,1.50
2011.08.09 11:14:12.023,0.77592,0.77605,1.11,1.50
2011.08.09 11:14:12.773,0.77597,0.77612,1.35,1.50
2011.08.09 11:14:13.109,0.77594,0.77606,1.71,1.50
2011.08.09 11:14:13.330,0.77594,0.77606,1.11,1.50
2011.08.09 11:14:13.671,0.77589,0.77604,2.46,1.50
2011.08.09 11:14:13.900,0.77589,0.77602,2.46,1.50
2011.08.09 11:14:14.239,0.77589,0.77597,1.50,1.50
2011.08.09 11:14:17.321,0.77592,0.77598,1.11,1.50
2011.08.09 11:14:17.550,0.77592,0.776,1.11,1.50
2011.08.09 11:14:21.388,0.77592,0.77604,1.11,1.50
2011.08.09 11:14:23.014,0.77592,0.77604,1.71,1.50
2011.08.09 11:14:23.239,0.77592,0.77605,1.71,1.50
2011.08.09 11:14:23.349,0.77592,0.77603,1.71,1.50
2011.08.09 11:14:23.765,0.77589,0.77601,2.46,1.50
2011.08.09 11:14:24.101,0.77589,0.77597,2.10,1.50
2011.08.09 11:14:26.111,0.77588,0.77596,1.11,1.50
2011.08.09 11:14:27.324,0.77586,0.77594,1.11,1.50
2011.08.09 11:14:27.555,0.77587,0.77595,1.11,1.50
2011.08.09 11:14:28.659,0.77589,0.77603,1.11,1.50
2011.08.09 11:14:29.225,0.7759,0.776,1.35,1.50
2011.08.09 11:14:29.450,0.7759,0.77606,1.35,1.50
2011.08.09 11:14:29.561,0.77591,0.77607,1.11,1.50
2011.08.09 11:14:29.684,0.77591,0.77606,1.11,1.50
2011.08.09 11:14:30.226,0.77592,0.776,1.11,1.50
2011.08.09 11:14:35.632,0.77592,0.77608,1.71,1.50
2011.08.09 11:14:35.972,0.77595,0.77616,1.71,1.50
2011.08.09 11:14:36.090,0.77596,0.77617,1.50,2.25
2011.08.09 11:14:36.737,0.77597,0.77616,1.11,1.50
2011.08.09 11:14:37.412,0.77597,0.77615,1.11,1.50
2011.08.09 11:14:37.751,0.77597,0.77607,1.11,1.50
2011.08.09 11:14:38.590,0.77597,0.77606,1.11,1.50
2011.08.09 11:14:38.821,0.77596,0.77616,1.11,1.50
2011.08.09 11:14:40.561,0.77598,0.77616,1.11,1.50
2011.08.09 11:14:41.110,0.77597,0.77616,1.71,1.50
2011.08.09 11:14:41.660,0.77597,0.77617,1.71,1.50
2011.08.09 11:14:41.993,0.77602,0.77607,1.35,1.50
2011.08.09 11:14:42.551,0.776,0.77618,2.46,1.50
2011.08.09 11:14:42.671,0.776,0.77607,1.50,1.50
2011.08.09 11:14:43.833,0.77598,0.77607,1.11,1.50
2011.08.09 11:14:44.176,0.77595,0.7761,2.61,1.50
2011.08.09 11:14:44.295,0.7759,0.7761,1.86,1.50
2011.08.09 11:14:44.413,0.7759,0.7761,1.86,2.25
2011.08.09 11:14:44.644,0.77588,0.77608,1.11,1.50
2011.08.09 11:14:45.556,0.77588,0.77598,1.11,1.50
2011.08.09 11:14:48.283,0.77588,0.77595,1.11,1.50
2011.08.09 11:14:49.392,0.77588,0.77598,1.86,1.50
2011.08.09 11:14:49.513,0.7759,0.7761,1.86,1.50
2011.08.09 11:14:49.632,0.7759,0.77608,1.86,1.50
2011.08.09 11:14:49.971,0.77588,0.77609,1.11,1.50
2011.08.09 11:14:51.293,0.77591,0.77603,1.11,1.50
2011.08.09 11:14:51.978,0.77591,0.77609,1.11,2.25
2011.08.09 11:14:52.097,0.77586,0.77606,2.61,1.50
2011.08.09 11:14:52.432,0.77588,0.77608,1.11,1.50
2011.08.09 11:14:52.992,0.77588,0.77608,1.11,1.50
2011.08.09 11:14:53.114,0.77588,0.77608,1.11,1.50
2011.08.09 11:14:53.778,0.77585,0.77604,1.35,1.50
2011.08.09 11:14:54.330,0.77589,0.77604,1.35,1.50
2011.08.09 11:14:55.282,0.77589,0.77604,1.35,1.50
2011.08.09 11:14:55.513,0.77584,0.77602,1.11,1.50
2011.08.09 11:14:57.022,0.77583,0.77598,1.86,1.50
2011.08.09 11:14:57.364,0.77581,0.77596,2.46,1.50
2011.08.09 11:14:57.484,0.77581,0.77596,1.71,1.50
2011.08.09 11:14:57.932,0.77579,0.77596,2.46,1.50
2011.08.09 11:14:58.634,0.7758,0.77591,1.11,1.50
2011.08.09 11:14:59.304,0.7758,0.77595,1.11,1.50
2011.08.09 11:14:59.863,0.77576,0.77594,1.35,1.50
2011.08.09 11:15:00.645,0.77574,0.77592,2.10,2.25
2011.08.09 11:15:00.982,0.77574,0.7759,2.10,2.25
2011.08.09 11:15:01.949,0.7757,0.7759,1.71,1.50
2011.08.09 11:15:02.080,0.77568,0.77587,1.71,1.50
2011.08.09 11:15:02.206,0.77567,0.77593,1.11,2.10
2011.08.09 11:15:02.328,0.77567,0.77584,1.11,2.10
2011.08.09 11:15:02.447,0.7756,0.77579,1.86,2.10
2011.08.09 11:15:02.570,0.77555,0.77569,5.25,1.50
2011.08.09 11:15:02.795,0.77548,0.77566,1.50,1.50
2011.08.09 11:15:03.252,0.7754,0.77545,2.25,1.50
2011.08.09 11:15:04.001,0.77533,0.77549,2.85,1.50
2011.08.09 11:15:04.771,0.77532,0.77549,1.35,1.50
2011.08.09 11:15:05.332,0.7753,0.7755,1.11,1.50
2011.08.09 11:15:05.669,0.77529,0.77548,1.11,1.50
2011.08.09 11:15:05.890,0.7753,0.77548,1.11,1.50
2011.08.09 11:15:06.442,0.7753,0.77548,1.11,1.50
2011.08.09 11:15:07.014,0.77534,0.77551,1.11,1.50
2011.08.09 11:15:07.463,0.77537,0.77549,1.35,1.50
2011.08.09 11:15:08.021,0.77536,0.77554,1.35,1.50
2011.08.09 11:15:10.957,0.77539,0.77566,1.71,2.25
2011.08.09 11:15:11.512,0.77542,0.77566,1.35,1.50
2011.08.09 11:15:11.761,0.77539,0.77552,1.71,1.50
2011.08.09 11:15:12.351,0.77539,0.7755,1.71,1.50
2011.08.09 11:15:12.473,0.77539,0.7755,1.11,1.50
2011.08.09 11:15:12.703,0.77535,0.77554,1.86,1.50
2011.08.09 11:15:13.351,0.77535,0.77552,1.11,1.50
2011.08.09 11:15:15.000,0.77535,0.77552,1.11,1.50
2011.08.09 11:15:15.222,0.77535,0.77557,1.11,2.10
2011.08.09 11:15:15.342,0.77529,0.77557,1.71,3.60
2011.08.09 11:15:15.860,0.77529,0.77556,1.71,1.50
2011.08.09 11:15:16.812,0.77531,0.77557,1.86,2.10
2011.08.09 11:15:16.926,0.77533,0.77558,2.61,1.50
2011.08.09 11:15:17.264,0.77546,0.77559,2.85,1.50
2011.08.09 11:15:17.385,0.77553,0.7757,2.10,2.25
2011.08.09 11:15:17.611,0.77553,0.77574,3.21,2.25
2011.08.09 11:15:17.733,0.77553,0.77574,3.96,3.00
2011.08.09 11:15:18.071,0.77553,0.77571,1.11,1.50
2011.08.09 11:15:18.521,0.77554,0.77575,1.11,1.50
2011.08.09 11:15:18.751,0.77553,0.77575,1.11,1.50
2011.08.09 11:15:19.464,0.7755,0.77574,1.86,1.50
2011.08.09 11:15:19.800,0.77553,0.77573,1.11,1.50
2011.08.09 11:15:19.912,0.77553,0.77575,1.11,1.35
2011.08.09 11:15:20.674,0.77553,0.77575,1.11,1.35
2011.08.09 11:15:20.904,0.77553,0.77573,1.11,1.50
2011.08.09 11:15:21.246,0.77548,0.77567,1.11,1.50
2011.08.09 11:15:21.473,0.77544,0.77562,1.11,1.50
2011.08.09 11:15:21.593,0.77544,0.77562,1.11,1.50
2011.08.09 11:15:22.739,0.77545,0.77562,1.35,1.50
2011.08.09 11:15:23.074,0.77545,0.77563,1.35,1.50
2011.08.09 11:15:23.801,0.77546,0.77565,1.35,1.50
2011.08.09 11:15:23.922,0.77548,0.77565,1.35,1.50
2011.08.09 11:15:24.261,0.77549,0.77567,2.25,1.50
2011.08.09 11:15:24.833,0.77549,0.7757,2.25,1.50
2011.08.09 11:15:25.176,0.77558,0.77572,1.35,1.50
2011.08.09 11:15:25.755,0.7756,0.77577,1.35,1.50
2011.08.09 11:15:25.870,0.77559,0.77577,1.11,1.50
2011.08.09 11:15:27.302,0.77558,0.77576,1.11,1.50
2011.08.09 11:15:27.420,0.77558,0.77576,1.11,1.50
2011.08.09 11:15:27.864,0.77556,0.77574,1.11,1.50
2011.08.09 11:15:28.444,0.77558,0.77574,1.35,1.50
2011.08.09 11:15:28.568,0.77558,0.77571,1.35,1.50
2011.08.09 11:15:28.903,0.77554,0.77568,3.60,1.50
2011.08.09 11:15:29.244,0.77553,0.77571,1.35,2.25
2011.08.09 11:15:30.163,0.77553,0.77571,1.35,1.50
2011.08.09 11:15:30.722,0.77554,0.77574,3.21,1.50
2011.08.09 11:15:31.208,0.77555,0.77576,1.11,1.50
2011.08.09 11:15:31.339,0.77565,0.77588,1.11,1.50
2011.08.09 11:15:31.563,0.77571,0.77588,1.35,1.50
2011.08.09 11:15:31.901,0.77572,0.77589,1.35,1.50
2011.08.09 11:15:32.130,0.77572,0.77587,1.35,1.50
2011.08.09 11:15:32.570,0.77572,0.77587,1.35,1.50
2011.08.09 11:15:34.308,0.77572,0.77586,1.35,1.50
2011.08.09 11:15:34.640,0.77572,0.77584,1.35,1.50
2011.08.09 11:15:35.187,0.77571,0.77584,1.11,1.50
2011.08.09 11:15:35.302,0.77571,0.77586,1.11,1.50
2011.08.09 11:15:35.423,0.77571,0.77587,1.11,1.50
2011.08.09 11:15:36.753,0.77571,0.77587,1.11,1.50
2011.08.09 11:15:39.220,0.77571,0.77587,1.11,1.50
2011.08.09 11:15:39.444,0.77571,0.77585,1.11,1.50
2011.08.09 11:15:40.009,0.77569,0.77582,1.35,1.50
2011.08.09 11:15:40.351,0.77559,0.77577,3.96,1.50
2011.08.09 11:15:41.069,0.77559,0.77577,3.96,1.50
2011.08.09 11:15:41.403,0.77564,0.77584,3.36,1.50
2011.08.09 11:15:41.525,0.77569,0.77585,3.00,1.50
2011.08.09 11:15:42.464,0.77572,0.77591,1.11,1.50
2011.08.09 11:15:42.581,0.77577,0.77594,1.35,1.50
2011.08.09 11:15:43.474,0.77577,0.77597,1.35,1.50
2011.08.09 11:15:44.361,0.77577,0.77592,1.35,1.50
2011.08.09 11:15:46.212,0.7758,0.77599,1.11,1.50
2011.08.09 11:15:46.551,0.77585,0.77601,1.11,1.50
2011.08.09 11:15:46.673,0.77585,0.77603,1.11,1.50
2011.08.09 11:15:46.790,0.77585,0.77603,1.11,1.50
2011.08.09 11:15:49.652,0.77586,0.77606,3.00,1.50
2011.08.09 11:15:49.882,0.77587,0.77605,3.00,1.50
2011.08.09 11:15:50.573,0.77587,0.776,3.00,1.50
2011.08.09 11:15:52.930,0.77587,0.77609,3.00,1.50
2011.08.09 11:15:54.896,0.77588,0.77609,1.11,1.50
2011.08.09 11:15:55.003,0.77589,0.77609,1.11,1.50
2011.08.09 11:15:56.002,0.77589,0.77611,1.11,1.50
2011.08.09 11:15:56.123,0.77592,0.77615,1.50,2.10
2011.08.09 11:15:56.574,0.77599,0.7762,3.36,2.25
2011.08.09 11:15:56.800,0.77604,0.77621,1.50,1.50
2011.08.09 11:15:57.978,0.77605,0.77624,1.11,1.50
2011.08.09 11:15:58.099,0.77609,0.77625,1.71,1.50
2011.08.09 11:15:58.540,0.77611,0.77625,1.11,1.50
2011.08.09 11:15:58.982,0.77615,0.77625,4.35,1.50
2011.08.09 11:15:59.105,0.77619,0.77625,2.25,1.50
2011.08.09 11:15:59.334,0.77619,0.77633,2.61,1.50
2011.08.09 11:15:59.782,0.77618,0.77634,1.35,1.50
2011.08.09 11:16:00.307,0.77614,0.77631,1.86,1.50
2011.08.09 11:16:00.642,0.77614,0.77625,3.36,1.50
2011.08.09 11:16:01.312,0.7761,0.77628,2.46,1.50
2011.08.09 11:16:01.544,0.7761,0.77627,2.46,1.50
2011.08.09 11:16:02.652,0.7761,0.77629,1.71,1.50
2011.08.09 11:16:03.960,0.7761,0.77626,1.71,1.50
2011.08.09 11:16:04.876,0.7761,0.77625,2.46,1.50
2011.08.09 11:16:06.452,0.7761,0.77625,2.46,1.50
2011.08.09 11:16:08.171,0.77613,0.77628,1.35,1.50
2011.08.09 11:16:08.511,0.77615,0.77642,1.71,2.25
2011.08.09 11:16:08.630,0.77615,0.77642,1.71,1.50
2011.08.09 11:16:13.755,0.77613,0.77642,3.21,1.50
2011.08.09 11:16:13.873,0.77618,0.77644,3.60,1.50
2011.08.09 11:16:14.103,0.77615,0.77642,2.61,1.35
2011.08.09 11:16:15.462,0.77613,0.77643,1.71,2.10
2011.08.09 11:16:15.802,0.77618,0.77643,2.61,1.35
2011.08.09 11:16:16.516,0.7762,0.77643,1.11,1.35
2011.08.09 11:16:17.755,0.7762,0.77641,1.11,2.10
2011.08.09 11:16:17.877,0.77617,0.77638,3.00,1.35
2011.08.09 11:16:18.430,0.77614,0.77638,1.11,1.35
2011.08.09 11:16:18.992,0.77614,0.77638,1.11,1.35
2011.08.09 11:16:20.331,0.77615,0.77641,3.36,1.35
2011.08.09 11:16:20.609,0.77615,0.77643,3.96,2.10
2011.08.09 11:16:22.405,0.77617,0.77643,1.11,1.35
2011.08.09 11:16:22.742,0.77623,0.77648,1.11,1.35
2011.08.09 11:16:24.561,0.77624,0.7765,1.11,1.35
2011.08.09 11:16:25.283,0.77621,0.77647,1.11,1.50
2011.08.09 11:16:25.401,0.77619,0.77647,3.36,1.50
2011.08.09 11:16:27.414,0.7762,0.77647,1.11,1.50
2011.08.09 11:16:27.978,0.77618,0.77647,1.71,1.50
2011.08.09 11:16:28.532,0.7762,0.77647,1.11,1.50
2011.08.09 11:16:29.563,0.7762,0.77647,1.71,1.50
2011.08.09 11:16:29.792,0.77622,0.77649,1.11,2.10
2011.08.09 11:16:30.359,0.77622,0.77649,4.11,1.35
2011.08.09 11:16:31.258,0.77623,0.77649,1.11,1.35
2011.08.09 11:16:31.596,0.77625,0.77649,1.86,1.35
2011.08.09 11:16:31.711,0.77628,0.7765,1.11,1.35
2011.08.09 11:16:34.323,0.77626,0.77649,1.11,1.35
2011.08.09 11:16:34.445,0.77623,0.77649,1.11,1.35
2011.08.09 11:16:35.483,0.77623,0.77647,1.11,1.35
2011.08.09 11:16:37.443,0.77623,0.77647,1.11,1.35
2011.08.09 11:16:37.999,0.7762,0.77647,3.36,2.10
2011.08.09 11:16:40.890,0.7762,0.77647,1.11,2.10
2011.08.09 11:16:41.219,0.7762,0.77647,1.11,2.10
2011.08.09 11:16:41.991,0.7762,0.77647,1.11,2.10
2011.08.09 11:16:42.332,0.77619,0.77642,1.11,1.35
2011.08.09 11:16:42.896,0.77614,0.77637,1.35,1.50
2011.08.09 11:16:43.672,0.77614,0.7764,1.11,1.50
2011.08.09 11:16:44.126,0.77614,0.77638,1.11,1.35
2011.08.09 11:16:44.465,0.7761,0.77628,1.71,1.50
2011.08.09 11:16:45.257,0.7761,0.77625,1.11,1.50
2011.08.09 11:16:45.752,0.77606,0.77623,3.00,1.50
2011.08.09 11:16:45.871,0.77605,0.77623,3.21,1.50
2011.08.09 11:16:46.102,0.77606,0.77624,1.50,1.50
2011.08.09 11:16:46.442,0.77606,0.77619,1.11,1.50
2011.08.09 11:16:46.671,0.77602,0.77618,1.11,1.50
2011.08.09 11:16:46.792,0.77602,0.77615,1.11,1.50
2011.08.09 11:16:48.515,0.77596,0.77612,1.11,1.50
2011.08.09 11:16:48.631,0.77594,0.77612,3.00,1.50
2011.08.09 11:16:48.970,0.77594,0.77613,1.35,1.50
2011.08.09 11:16:49.523,0.77598,0.77613,1.35,1.50
2011.08.09 11:16:49.644,0.77601,0.77616,1.11,1.50
2011.08.09 11:16:49.763,0.77601,0.77616,1.11,1.50
2011.08.09 11:16:49.882,0.77601,0.77618,1.11,1.50
2011.08.09 11:16:50.332,0.776,0.77621,3.96,1.50
2011.08.09 11:16:51.730,0.77604,0.77621,1.11,1.50
2011.08.09 11:16:53.341,0.77603,0.77614,1.11,1.50
2011.08.09 11:16:53.601,0.776,0.77614,1.71,1.50
2011.08.09 11:16:54.161,0.776,0.77614,1.71,1.50
2011.08.09 11:16:58.841,0.77603,0.77617,1.11,1.50
2011.08.09 11:16:59.401,0.77608,0.77622,1.11,1.50
2011.08.09 11:16:59.851,0.77609,0.77624,1.11,1.50
2011.08.09 11:17:00.413,0.77609,0.77625,1.11,1.50
2011.08.09 11:17:00.643,0.77609,0.77629,1.11,1.50
2011.08.09 11:17:00.765,0.77609,0.77628,1.11,1.50
2011.08.09 11:17:01.438,0.77605,0.77623,1.11,1.50
2011.08.09 11:17:01.686,0.77605,0.77623,1.11,1.50
2011.08.09 11:17:02.240,0.77605,0.77623,1.11,1.50
2011.08.09 11:17:02.741,0.77604,0.77623,1.71,1.50
2011.08.09 11:17:02.973,0.77603,0.77619,1.11,1.50
2011.08.09 11:17:03.312,0.77603,0.77619,1.11,1.50
2011.08.09 11:17:04.041,0.77603,0.77619,1.11,1.50
2011.08.09 11:17:05.878,0.77604,0.7762,1.35,1.50
2011.08.09 11:17:06.106,0.77613,0.77624,1.35,1.50
2011.08.09 11:17:06.335,0.77615,0.77631,1.35,1.50
2011.08.09 11:17:06.565,0.77615,0.77635,1.35,1.50
2011.08.09 11:17:06.684,0.77615,0.77637,1.35,1.50
2011.08.09 11:17:06.807,0.77616,0.77637,1.50,1.50
2011.08.09 11:17:06.922,0.77619,0.77637,1.11,1.50
2011.08.09 11:17:07.045,0.77619,0.77633,1.11,1.50
2011.08.09 11:17:07.725,0.77616,0.77634,1.11,1.50
2011.08.09 11:17:07.843,0.77616,0.77631,1.11,1.50
2011.08.09 11:17:08.399,0.77616,0.7763,1.11,1.50
2011.08.09 11:17:08.965,0.77616,0.7763,1.11,1.50
2011.08.09 11:17:09.192,0.77616,0.77634,1.11,1.50
2011.08.09 11:17:11.410,0.77618,0.77635,1.11,1.50
2011.08.09 11:17:12.771,0.77618,0.77635,1.11,1.50
2011.08.09 11:17:13.321,0.77618,0.77637,1.11,1.50
2011.08.09 11:17:14.281,0.77623,0.7764,1.11,1.50
2011.08.09 11:17:14.403,0.77623,0.77642,1.11,1.50
2011.08.09 11:17:14.852,0.77623,0.77643,1.11,1.50
2011.08.09 11:17:18.964,0.77623,0.77643,1.11,1.50
2011.08.09 11:17:19.190,0.77623,0.77642,1.11,1.50
2011.08.09 11:17:20.960,0.77623,0.77639,1.11,1.50
2011.08.09 11:17:21.183,0.77614,0.7763,1.11,1.50
2011.08.09 11:17:21.411,0.77616,0.77633,1.11,1.50
2011.08.09 11:17:21.863,0.77616,0.77631,1.11,1.50
2011.08.09 11:17:22.450,0.77616,0.77631,1.11,1.50
2011.08.09 11:17:23.041,0.77615,0.7763,1.11,1.50
2011.08.09 11:17:23.739,0.77607,0.77624,3.36,1.50
2011.08.09 11:17:23.851,0.77607,0.77617,3.00,1.50
2011.08.09 11:17:24.410,0.77598,0.77617,1.35,1.50
2011.08.09 11:17:24.521,0.77598,0.77617,1.35,1.50
2011.08.09 11:17:24.751,0.77598,0.77614,1.35,1.50
2011.08.09 11:17:24.982,0.77604,0.77617,1.35,1.50
2011.08.09 11:17:25.211,0.77607,0.77621,1.35,1.50
2011.08.09 11:17:26.170,0.77604,0.77621,1.11,1.50
2011.08.09 11:17:26.402,0.77604,0.77618,1.11,1.50
2011.08.09 11:17:27.213,0.77604,0.77619,1.11,1.50
2011.08.09 11:17:30.998,0.77604,0.7762,1.11,1.50
2011.08.09 11:17:31.224,0.77609,0.77623,1.35,1.50
2011.08.09 11:17:31.454,0.77612,0.77629,3.00,1.50
2011.08.09 11:17:31.575,0.7761,0.77629,1.35,1.50
2011.08.09 11:17:31.803,0.7761,0.77626,1.35,1.50
2011.08.09 11:17:31.921,0.7761,0.77626,1.35,1.50
2011.08.09 11:17:33.693,0.77607,0.77624,1.71,1.50
2011.08.09 11:17:33.923,0.77605,0.77624,2.46,1.50
2011.08.09 11:17:34.043,0.77607,0.77624,1.35,1.50
2011.08.09 11:17:34.382,0.77607,0.77621,1.35,1.50
2011.08.09 11:17:34.611,0.77607,0.77624,1.35,1.50
2011.08.09 11:17:35.613,0.77607,0.77624,1.35,1.50
2011.08.09 11:17:36.064,0.77607,0.77624,1.11,1.50
2011.08.09 11:17:36.294,0.77607,0.77624,1.11,1.50
2011.08.09 11:17:37.051,0.77607,0.77624,1.11,1.50
2011.08.09 11:17:37.664,0.7761,0.77632,3.60,1.50
2011.08.09 11:17:38.214,0.77611,0.77632,1.11,1.50
2011.08.09 11:17:39.804,0.77611,0.77632,1.11,1.50
2011.08.09 11:17:39.922,0.77611,0.77632,1.11,1.50
2011.08.09 11:17:40.262,0.77611,0.77632,1.11,1.50
2011.08.09 11:17:40.858,0.77609,0.77623,1.11,1.50
2011.08.09 11:17:42.551,0.77609,0.77623,1.11,1.50
2011.08.09 11:17:42.991,0.77604,0.77618,1.71,1.50
2011.08.09 11:17:45.090,0.77604,0.77621,1.71,1.50
2011.08.09 11:17:45.201,0.77604,0.77622,1.71,1.50
2011.08.09 11:17:45.543,0.77604,0.7762,1.71,1.50
2011.08.09 11:17:45.663,0.77604,0.7762,1.35,1.50
2011.08.09 11:17:45.891,0.77604,0.77622,1.35,1.50
2011.08.09 11:17:46.011,0.77604,0.77622,1.35,1.50
2011.08.09 11:17:47.400,0.77604,0.77622,3.60,1.50
2011.08.09 11:17:48.141,0.77604,0.77621,3.00,1.50
2011.08.09 11:17:48.260,0.77604,0.77621,3.00,1.50
2011.08.09 11:17:48.811,0.77602,0.7762,1.11,1.50
2011.08.09 11:17:49.501,0.77602,0.77617,1.11,1.50
2011.08.09 11:17:50.142,0.77602,0.77619,1.11,1.50
2011.08.09 11:17:51.137,0.77602,0.77625,1.11,1.50
2011.08.09 11:17:51.360,0.77602,0.77627,1.11,1.35
2011.08.09 11:17:53.611,0.77599,0.77626,1.11,1.50
2011.08.09 11:17:53.731,0.77599,0.77627,1.11,2.10
2011.08.09 11:17:54.375,0.77606,0.77631,1.11,1.50
2011.08.09 11:17:54.492,0.77608,0.77631,2.10,1.50
2011.08.09 11:17:54.834,0.77612,0.77636,1.35,1.50
2011.08.09 11:17:55.065,0.77612,0.77638,1.35,1.50
2011.08.09 11:17:55.401,0.77615,0.77642,3.36,1.35
2011.08.09 11:17:56.730,0.77616,0.77638,3.00,2.10
2011.08.09 11:17:57.611,0.77614,0.77638,1.11,1.35
2011.08.09 11:17:59.300,0.77614,0.77638,1.11,1.35
2011.08.09 11:18:00.582,0.77612,0.77638,1.11,1.35
2011.08.09 11:18:00.922,0.77616,0.77642,3.60,1.50
2011.08.09 11:18:01.045,0.77618,0.77644,3.00,1.50
2011.08.09 11:18:02.372,0.77617,0.77643,1.11,1.35
2011.08.09 11:18:02.604,0.77617,0.77643,1.11,1.35
2011.08.09 11:18:05.380,0.77617,0.77641,1.11,1.50
2011.08.09 11:18:06.684,0.77615,0.7764,2.46,1.50
2011.08.09 11:18:06.804,0.77615,0.7764,1.86,1.50
2011.08.09 11:18:07.142,0.77615,0.7764,1.11,1.50
2011.08.09 11:18:07.701,0.77611,0.77637,1.11,1.35
2011.08.09 11:18:08.263,0.77611,0.77636,1.11,1.50
2011.08.09 11:18:10.001,0.77609,0.77635,1.35,1.50
2011.08.09 11:18:10.453,0.77609,0.77635,1.35,1.50
2011.08.09 11:18:10.793,0.77614,0.7764,1.35,1.50
2011.08.09 11:18:11.021,0.77614,0.77641,1.35,1.50
2011.08.09 11:18:12.101,0.77617,0.77643,1.35,1.50
2011.08.09 11:18:13.255,0.77616,0.77643,1.11,2.10
2011.08.09 11:18:13.592,0.77614,0.77635,3.36,1.35
2011.08.09 11:18:13.716,0.77612,0.77637,1.71,3.00
2011.08.09 11:18:13.833,0.77614,0.77637,1.35,2.25
2011.08.09 11:18:14.391,0.77614,0.77639,3.60,1.50
2011.08.09 11:18:20.384,0.77616,0.77641,1.11,1.50
2011.08.09 11:18:22.433,0.77614,0.77638,1.35,1.88
2011.08.09 11:18:23.008,0.77611,0.77632,1.11,2.85
2011.08.09 11:18:23.158,0.77602,0.77627,1.11,1.35
2011.08.09 11:18:24.246,0.77601,0.77627,1.11,1.35
2011.08.09 11:18:24.474,0.776,0.77622,1.50,1.35
2011.08.09 11:18:24.704,0.77593,0.77621,1.71,3.75
2011.08.09 11:18:24.822,0.77593,0.77619,1.71,1.50
2011.08.09 11:18:24.944,0.77593,0.77615,1.11,1.35
2011.08.09 11:18:25.511,0.77586,0.77612,4.50,1.50
2011.08.09 11:18:25.637,0.77585,0.77612,1.11,1.50
2011.08.09 11:18:26.672,0.77585,0.77612,3.36,1.50
2011.08.09 11:18:27.641,0.77588,0.77612,1.35,1.50
2011.08.09 11:18:28.332,0.77588,0.77612,1.35,1.50
2011.08.09 11:18:28.460,0.77589,0.77616,3.36,1.35
2011.08.09 11:18:29.952,0.77592,0.77618,1.35,1.50
2011.08.09 11:18:30.180,0.77593,0.7762,1.11,1.50
2011.08.09 11:18:32.995,0.77593,0.7762,1.11,1.50
2011.08.09 11:18:37.781,0.77596,0.7762,1.35,1.50
2011.08.09 11:18:41.591,0.77596,0.77612,1.35,1.50
2011.08.09 11:18:45.490,0.77602,0.77615,1.71,1.50
2011.08.09 11:18:47.192,0.77602,0.77615,1.71,1.50
2011.08.09 11:18:48.333,0.77602,0.77615,1.71,1.50
2011.08.09 11:18:48.997,0.77602,0.77615,1.71,1.50
2011.08.09 11:18:49.333,0.77602,0.77617,1.71,1.50
2011.08.09 11:18:49.568,0.77601,0.77613,1.71,1.50
2011.08.09 11:18:50.199,0.77598,0.77613,1.11,1.50
2011.08.09 11:18:51.204,0.77598,0.77613,1.11,1.50
2011.08.09 11:18:51.653,0.77602,0.77617,1.71,1.50
2011.08.09 11:18:51.993,0.77605,0.77622,1.11,1.50
2011.08.09 11:18:52.441,0.77608,0.77631,1.35,1.50
2011.08.09 11:18:55.822,0.77605,0.7763,1.71,1.50
2011.08.09 11:18:56.422,0.77605,0.7763,1.71,1.50
2011.08.09 11:18:56.762,0.77605,0.77622,1.71,1.50
2011.08.09 11:18:56.882,0.77605,0.77622,1.71,1.50
2011.08.09 11:18:57.110,0.77605,0.77622,1.71,1.50
2011.08.09 11:18:57.444,0.77613,0.77628,1.35,1.50
2011.08.09 11:18:58.017,0.77617,0.77631,1.11,1.50
2011.08.09 11:18:58.147,0.77617,0.77632,1.11,1.50
2011.08.09 11:18:58.592,0.7762,0.77638,1.11,1.50
2011.08.09 11:18:59.261,0.77621,0.77638,1.11,1.50
2011.08.09 11:19:00.443,0.77621,0.7763,1.11,1.50
2011.08.09 11:19:00.561,0.7762,0.77629,1.11,1.50
2011.08.09 11:19:01.199,0.77619,0.77628,1.35,1.50
2011.08.09 11:19:01.803,0.77617,0.77624,1.11,1.50
2011.08.09 11:19:02.805,0.77617,0.7763,1.11,1.50
2011.08.09 11:19:03.282,0.77615,0.77625,1.86,1.50
2011.08.09 11:19:03.401,0.77613,0.77625,1.11,1.50
2011.08.09 11:19:03.621,0.77614,0.77626,1.11,1.50
2011.08.09 11:19:04.182,0.77614,0.77625,1.71,1.50
2011.08.09 11:19:04.878,0.77614,0.77625,1.71,1.50
2011.08.09 11:19:05.100,0.77614,0.77641,1.71,2.25
2011.08.09 11:19:09.623,0.77616,0.77641,1.11,1.50
2011.08.09 11:19:10.075,0.77614,0.7764,1.35,1.50
2011.08.09 11:19:12.771,0.77613,0.77638,1.11,1.35
2011.08.09 11:19:19.552,0.77613,0.77638,1.11,1.35
2011.08.09 11:19:20.003,0.77612,0.77638,1.86,1.35
2011.08.09 11:19:20.232,0.77613,0.77638,1.11,1.35
2011.08.09 11:19:20.773,0.77615,0.77638,1.50,1.35
2011.08.09 11:19:20.901,0.77618,0.77643,1.35,1.50
2011.08.09 11:19:21.802,0.77618,0.77643,1.35,1.50
2011.08.09 11:19:22.963,0.7762,0.77645,1.11,1.50
2011.08.09 11:19:23.521,0.77623,0.77649,1.11,2.10
2011.08.09 11:19:24.520,0.77623,0.77649,1.11,2.10
2011.08.09 11:19:25.452,0.77623,0.77649,1.86,2.10
2011.08.09 11:19:25.796,0.77627,0.77652,1.11,1.50
2011.08.09 11:19:26.024,0.77629,0.77654,3.00,1.50
2011.08.09 11:19:26.144,0.77633,0.77656,1.11,1.35
2011.08.09 11:19:26.264,0.77643,0.77661,1.35,1.50
2011.08.09 11:19:26.382,0.77643,0.77665,1.35,1.50
2011.08.09 11:19:26.613,0.77643,0.77665,1.35,1.50
2011.08.09 11:19:27.295,0.7764,0.77665,1.71,1.50
2011.08.09 11:19:27.970,0.7764,0.77665,1.71,1.50
2011.08.09 11:19:29.881,0.7764,0.77665,1.71,1.50
2011.08.09 11:19:31.092,0.77636,0.77661,1.11,1.50
2011.08.09 11:19:31.643,0.77636,0.77662,1.11,2.10
2011.08.09 11:19:31.872,0.77639,0.77664,1.11,1.50
2011.08.09 11:19:32.482,0.77639,0.77664,1.11,1.50
2011.08.09 11:19:33.962,0.77642,0.77667,1.11,1.50
2011.08.09 11:19:34.914,0.77643,0.77671,1.71,1.35
2011.08.09 11:19:35.343,0.77642,0.77671,3.96,1.35
2011.08.09 11:19:35.900,0.77641,0.77671,1.71,4.35
2011.08.09 11:19:36.450,0.7764,0.77668,2.46,1.50
2011.08.09 11:19:37.111,0.7764,0.77666,1.11,1.35
2011.08.09 11:19:37.231,0.77638,0.77666,1.71,1.35
2011.08.09 11:19:38.005,0.77637,0.77661,1.11,1.35
2011.08.09 11:19:38.230,0.77633,0.77661,4.71,1.35
2011.08.09 11:19:39.101,0.77634,0.77661,1.86,1.35
2011.08.09 11:19:39.652,0.77636,0.77662,2.25,1.50
2011.08.09 11:19:40.179,0.77636,0.77662,3.00,1.50
2011.08.09 11:19:43.428,0.7764,0.77665,1.11,1.50
2011.08.09 11:19:45.943,0.7764,0.77665,1.11,1.50
2011.08.09 11:19:46.682,0.77638,0.77665,3.36,1.50
2011.08.09 11:19:47.352,0.77637,0.77663,1.11,1.35
2011.08.09 11:19:47.910,0.77639,0.77663,1.11,1.35
2011.08.09 11:19:48.383,0.77637,0.77663,1.11,1.35
2011.08.09 11:19:48.832,0.77633,0.77656,3.00,1.35
2011.08.09 11:19:48.951,0.77632,0.77656,1.11,1.35
2011.08.09 11:19:49.075,0.77632,0.77656,1.11,1.35
2011.08.09 11:19:49.733,0.77641,0.77667,1.71,1.50
2011.08.09 11:19:50.072,0.77637,0.77664,3.36,1.35
2011.08.09 11:19:50.631,0.77637,0.77664,1.11,2.10
2011.08.09 11:19:50.974,0.77641,0.77668,1.71,1.50
2011.08.09 11:19:51.423,0.77641,0.77668,1.71,1.50
2011.08.09 11:19:53.071,0.77639,0.77666,1.11,2.10
2011.08.09 11:19:53.670,0.77639,0.77666,1.71,1.50
2011.08.09 11:19:54.201,0.77638,0.77665,1.11,1.35
2011.08.09 11:19:54.763,0.77638,0.77663,1.11,3.00
2011.08.09 11:19:55.330,0.77638,0.77663,1.11,3.00
2011.08.09 11:19:55.915,0.77634,0.77659,1.86,1.35
2011.08.09 11:19:56.019,0.77634,0.77659,1.11,2.10
2011.08.09 11:19:56.536,0.77631,0.77659,1.86,2.10
2011.08.09 11:19:56.983,0.77631,0.77656,1.11,1.50
2011.08.09 11:19:57.101,0.77629,0.77656,1.71,1.50
2011.08.09 11:19:57.442,0.77626,0.77655,1.71,1.35
2011.08.09 11:19:58.003,0.77624,0.77653,1.11,2.10
2011.08.09 11:19:58.516,0.77623,0.77647,1.11,1.35
2011.08.09 11:19:58.640,0.77618,0.77647,1.71,2.10
2011.08.09 11:19:59.085,0.77618,0.77643,1.71,1.50
2011.08.09 11:19:59.204,0.7762,0.77646,1.11,1.50
2011.08.09 11:19:59.325,0.77622,0.77646,1.11,1.50
2011.08.09 11:19:59.663,0.7762,0.77646,3.00,1.50
2011.08.09 11:20:00.003,0.77615,0.77643,1.35,1.50
2011.08.09 11:20:00.744,0.77613,0.77637,1.11,1.50
2011.08.09 11:20:01.674,0.77609,0.77636,1.11,1.35
2011.08.09 11:20:02.013,0.7761,0.77636,1.11,1.35
2011.08.09 11:20:04.032,0.77611,0.77637,1.35,1.50
2011.08.09 11:20:04.732,0.77612,0.77634,1.50,1.35
2011.08.09 11:20:04.852,0.77612,0.77632,1.50,1.35
2011.08.09 11:20:05.192,0.7761,0.77634,1.11,3.00
2011.08.09 11:20:05.753,0.77607,0.77627,1.11,1.35
2011.08.09 11:20:06.546,0.77609,0.77638,3.36,1.50
2011.08.09 11:20:06.664,0.77609,0.77638,3.36,1.50
2011.08.09 11:20:07.221,0.7761,0.77632,1.50,1.35
2011.08.09 11:20:08.643,0.77613,0.77636,1.11,1.35
2011.08.09 11:20:08.982,0.77614,0.7764,1.11,1.50
2011.08.09 11:20:09.655,0.77608,0.77633,1.11,1.50
2011.08.09 11:20:09.992,0.77608,0.77633,3.36,1.50
2011.08.09 11:20:10.444,0.77608,0.77628,3.00,1.35
2011.08.09 11:20:10.562,0.77604,0.77629,3.36,1.50
2011.08.09 11:20:10.792,0.77605,0.77629,1.50,1.50
2011.08.09 11:20:11.970,0.77606,0.77632,1.11,1.50
2011.08.09 11:20:13.222,0.77608,0.77632,3.00,1.50
2011.08.09 11:20:14.112,0.77612,0.77635,3.60,1.50
2011.08.09 11:20:14.673,0.77613,0.77638,1.11,1.50
2011.08.09 11:20:15.123,0.77613,0.77638,3.36,1.50
2011.08.09 11:20:16.481,0.77613,0.77635,1.11,1.50
2011.08.09 11:20:16.712,0.77613,0.77636,1.11,1.50
2011.08.09 11:20:17.269,0.77613,0.77636,1.11,1.50
2011.08.09 11:20:17.850,0.77613,0.77636,1.11,1.50
2011.08.09 11:20:18.384,0.77613,0.77636,1.11,1.50
2011.08.09 11:20:19.263,0.77622,0.77639,1.11,1.50
2011.08.09 11:20:19.381,0.77622,0.77644,1.11,1.50
2011.08.09 11:20:19.493,0.77621,0.77644,1.11,1.50
2011.08.09 11:20:20.382,0.77621,0.77639,1.11,1.50
2011.08.09 11:20:20.890,0.77621,0.77638,1.11,1.50
2011.08.09 11:20:21.331,0.77622,0.77638,1.11,1.50
2011.08.09 11:20:21.443,0.77622,0.77642,1.11,1.50
2011.08.09 11:20:21.674,0.77625,0.77644,1.50,1.50
2011.08.09 11:20:22.477,0.77626,0.7765,5.61,2.10
2011.08.09 11:20:22.810,0.77627,0.77648,7.11,1.50
2011.08.09 11:20:22.923,0.7763,0.77652,1.11,1.50
2011.08.09 11:20:23.152,0.77632,0.77652,3.00,2.25
2011.08.09 11:20:23.497,0.77636,0.77654,1.11,2.25
2011.08.09 11:20:23.852,0.77635,0.77653,1.86,2.25
2011.08.09 11:20:24.193,0.7763,0.77645,1.11,1.50
2011.08.09 11:20:24.312,0.77629,0.77646,1.86,1.50
2011.08.09 11:20:24.980,0.7763,0.77647,1.11,1.50
2011.08.09 11:20:25.202,0.7763,0.77649,1.11,1.50
2011.08.09 11:20:25.945,0.77635,0.77651,3.75,1.50
2011.08.09 11:20:26.070,0.77644,0.7766,1.86,1.50
2011.08.09 11:20:27.501,0.77644,0.7766,1.11,1.50
2011.08.09 11:20:28.273,0.77641,0.77655,1.11,1.50
2011.08.09 11:20:28.392,0.77641,0.77655,1.11,2.25
2011.08.09 11:20:28.623,0.77641,0.77653,1.11,1.50
2011.08.09 11:20:28.962,0.77641,0.77652,1.11,1.50
2011.08.09 11:20:29.714,0.77638,0.77654,1.11,1.50
2011.08.09 11:20:29.944,0.77639,0.77654,1.11,1.50
2011.08.09 11:20:30.064,0.77639,0.77657,1.11,1.50
2011.08.09 11:20:30.292,0.77639,0.7766,1.11,2.85
2011.08.09 11:20:30.882,0.77641,0.77656,1.11,1.50
2011.08.09 11:20:31.223,0.77641,0.77656,1.11,1.50
2011.08.09 11:20:32.521,0.77641,0.77656,1.11,1.50
2011.08.09 11:20:32.971,0.77641,0.77659,1.11,1.50
2011.08.09 11:20:33.525,0.77641,0.77659,1.11,1.50
2011.08.09 11:20:33.865,0.7764,0.77652,2.61,1.50
2011.08.09 11:20:34.097,0.77639,0.7765,1.11,1.50
2011.08.09 11:20:34.653,0.77639,0.77654,1.11,1.50
2011.08.09 11:20:34.884,0.77639,0.77651,1.11,1.50
2011.08.09 11:20:35.003,0.77639,0.77656,1.11,1.50
2011.08.09 11:20:35.895,0.77639,0.77656,1.11,1.50
2011.08.09 11:20:36.450,0.77639,0.77655,1.11,1.50
2011.08.09 11:20:36.811,0.77639,0.77655,1.11,1.50
2011.08.09 11:20:37.254,0.77641,0.77668,1.11,3.00
2011.08.09 11:20:37.595,0.77646,0.77665,3.00,1.50
2011.08.09 11:20:38.153,0.77648,0.7766,1.11,1.50
2011.08.09 11:20:38.710,0.77649,0.77665,1.11,1.50
2011.08.09 11:20:39.265,0.7765,0.77663,1.11,1.50
2011.08.09 11:20:39.611,0.77648,0.7766,1.11,1.50
2011.08.09 11:20:40.394,0.77655,0.77674,1.11,1.35
2011.08.09 11:20:40.512,0.77655,0.77674,1.11,1.35
2011.08.09 11:20:40.852,0.77661,0.77678,1.11,1.50
2011.08.09 11:20:41.410,0.77661,0.77678,1.11,1.50
2011.08.09 11:20:42.656,0.7766,0.7767,1.86,1.50
2011.08.09 11:20:43.288,0.7766,0.7767,1.86,1.50
2011.08.09 11:20:43.847,0.7766,0.77671,1.11,1.50
2011.08.09 11:20:44.074,0.7766,0.77677,1.11,1.50
2011.08.09 11:20:44.192,0.77661,0.77678,1.11,1.50
2011.08.09 11:20:44.750,0.7766,0.7767,1.86,1.50
2011.08.09 11:20:44.970,0.7766,0.77671,1.86,1.50
2011.08.09 11:20:45.861,0.7766,0.77671,1.11,1.50
2011.08.09 11:20:46.628,0.7766,0.77669,1.86,1.50
2011.08.09 11:20:46.961,0.7766,0.77672,1.11,1.50
2011.08.09 11:20:48.361,0.7766,0.7767,1.11,1.50
2011.08.09 11:20:48.911,0.77657,0.7767,1.11,1.50
2011.08.09 11:20:49.135,0.77657,0.77675,1.11,1.50
2011.08.09 11:20:49.876,0.77657,0.77675,1.11,1.50
2011.08.09 11:20:51.084,0.77657,0.77675,1.11,1.50
2011.08.09 11:20:51.206,0.77657,0.77677,2.46,1.50
2011.08.09 11:20:51.329,0.77666,0.77681,3.00,1.50
2011.08.09 11:20:51.448,0.77666,0.77687,3.36,1.50
2011.08.09 11:20:51.567,0.77668,0.77691,1.11,2.25
2011.08.09 11:20:51.792,0.77675,0.77693,3.00,1.50
2011.08.09 11:20:52.132,0.77679,0.77699,1.11,1.50
2011.08.09 11:20:52.715,0.77683,0.777,1.11,1.50
2011.08.09 11:20:53.184,0.77683,0.77698,1.11,1.50
2011.08.09 11:20:53.411,0.77683,0.77701,1.11,1.50
2011.08.09 11:20:53.960,0.77683,0.77701,1.11,1.50
2011.08.09 11:20:54.070,0.77683,0.77699,1.11,1.50
2011.08.09 11:20:54.661,0.77683,0.77695,1.11,1.50
2011.08.09 11:20:55.574,0.77684,0.77702,2.23,1.50
2011.08.09 11:20:55.696,0.77686,0.77708,4.86,2.25
2011.08.09 11:20:55.813,0.77689,0.77708,2.61,1.50
2011.08.09 11:20:56.043,0.77694,0.77714,2.61,1.50
2011.08.09 11:20:56.381,0.77695,0.77716,1.11,1.50
2011.08.09 11:20:56.713,0.77698,0.77716,1.11,1.50
2011.08.09 11:20:56.833,0.77698,0.77718,3.21,1.50
2011.08.09 11:20:57.171,0.77703,0.77717,1.11,1.50
2011.08.09 11:20:58.404,0.77703,0.77717,1.11,1.50
2011.08.09 11:20:58.634,0.77703,0.77723,1.11,2.25
2011.08.09 11:20:58.752,0.77703,0.77719,1.11,1.50
2011.08.09 11:20:59.092,0.77703,0.77715,1.11,1.50
2011.08.09 11:20:59.211,0.77704,0.7772,1.11,1.50
2011.08.09 11:20:59.441,0.77704,0.77727,1.11,1.50
2011.08.09 11:20:59.566,0.77708,0.77728,3.96,1.50
2011.08.09 11:21:00.112,0.77708,0.7773,4.86,1.50
2011.08.09 11:21:00.455,0.77703,0.77723,2.61,1.50
2011.08.09 11:21:00.683,0.77699,0.77724,3.36,1.50
2011.08.09 11:21:01.320,0.77702,0.77724,1.11,1.50
2011.08.09 11:21:02.066,0.77702,0.77722,1.11,1.50
2011.08.09 11:21:02.407,0.777,0.77717,2.61,1.50
2011.08.09 11:21:02.905,0.777,0.77713,2.61,1.50
2011.08.09 11:21:04.512,0.77694,0.77717,1.11,2.10
2011.08.09 11:21:05.552,0.77698,0.7772,1.11,1.50
2011.08.09 11:21:06.546,0.77698,0.77718,1.11,1.50
2011.08.09 11:21:06.994,0.77698,0.77716,1.11,1.50
2011.08.09 11:21:07.223,0.77696,0.77713,2.61,1.50
2011.08.09 11:21:08.105,0.77694,0.77713,1.11,1.50
2011.08.09 11:21:08.663,0.77691,0.77713,1.11,1.50
2011.08.09 11:21:09.347,0.77695,0.77717,1.11,1.50
2011.08.09 11:21:09.464,0.77695,0.77718,1.11,1.50
2011.08.09 11:21:09.582,0.77699,0.77718,2.25,1.50
2011.08.09 11:21:10.253,0.77699,0.77719,2.61,1.50
2011.08.09 11:21:10.592,0.77699,0.77714,1.11,1.50
2011.08.09 11:21:11.042,0.77696,0.77715,1.11,1.50
2011.08.09 11:21:11.601,0.77696,0.77713,1.11,1.50
2011.08.09 11:21:12.145,0.77695,0.77715,3.36,1.50
2011.08.09 11:21:12.483,0.777,0.77721,1.11,1.50
2011.08.09 11:21:12.712,0.77697,0.77717,1.11,1.50
2011.08.09 11:21:14.274,0.77698,0.77717,1.11,2.25
2011.08.09 11:21:14.984,0.77698,0.77713,1.11,1.50
2011.08.09 11:21:15.090,0.77698,0.77719,1.11,2.25
2011.08.09 11:21:15.643,0.77698,0.77719,1.11,1.50
2011.08.09 11:21:15.763,0.77698,0.77719,1.11,1.50
2011.08.09 11:21:16.102,0.77698,0.7771,1.11,1.50
2011.08.09 11:21:17.533,0.77698,0.77712,1.11,1.50
2011.08.09 11:21:18.091,0.77698,0.77709,1.11,1.50
2011.08.09 11:21:19.943,0.77698,0.77716,1.11,1.50
2011.08.09 11:21:20.940,0.77698,0.77712,1.11,1.50
2011.08.09 11:21:21.733,0.77695,0.77715,1.11,1.50
2011.08.09 11:21:21.960,0.77695,0.77716,1.11,1.50
2011.08.09 11:21:22.994,0.77695,0.77715,1.11,1.35
2011.08.09 11:21:23.135,0.77695,0.77714,1.11,1.35
2011.08.09 11:21:23.471,0.77689,0.77698,2.61,1.50
2011.08.09 11:21:23.592,0.77686,0.77698,1.11,1.50
2011.08.09 11:21:23.711,0.77684,0.77698,3.36,1.50
2011.08.09 11:21:24.603,0.77687,0.77698,1.11,1.50
2011.08.09 11:21:25.442,0.77687,0.77699,1.11,1.50
2011.08.09 11:21:25.892,0.77687,0.77703,2.61,1.50
2011.08.09 11:21:26.014,0.77686,0.77703,2.25,1.50
2011.08.09 11:21:26.242,0.77686,0.77704,3.00,1.50
2011.08.09 11:21:26.473,0.77688,0.77704,2.25,1.50
2011.08.09 11:21:26.591,0.77688,0.77714,2.61,1.50
2011.08.09 11:21:28.433,0.77687,0.77708,1.86,1.50
2011.08.09 11:21:28.773,0.77687,0.77704,1.86,1.50
2011.08.09 11:21:29.191,0.77687,0.77703,1.86,1.50
2011.08.09 11:21:29.861,0.77684,0.77703,1.11,2.25
2011.08.09 11:21:30.191,0.77684,0.77696,1.11,1.50
2011.08.09 11:21:30.632,0.77684,0.777,1.11,1.50
2011.08.09 11:21:30.972,0.77684,0.77701,3.36,1.50
2011.08.09 11:21:31.696,0.77686,0.77702,1.11,1.50
2011.08.09 11:21:32.032,0.77686,0.77701,1.11,1.50
2011.08.09 11:21:32.521,0.77686,0.77702,1.11,1.50
2011.08.09 11:21:33.080,0.77686,0.77702,1.11,1.50
2011.08.09 11:21:34.222,0.77686,0.77701,1.11,1.50
2011.08.09 11:21:34.563,0.77686,0.77704,1.11,1.50
2011.08.09 11:21:34.685,0.77686,0.77703,1.11,1.50
2011.08.09 11:21:35.235,0.77686,0.77703,1.11,1.50
2011.08.09 11:21:36.702,0.77685,0.77702,1.11,1.50
2011.08.09 11:21:37.261,0.77686,0.77703,1.11,1.50
2011.08.09 11:21:37.975,0.77686,0.77702,1.11,1.50
2011.08.09 11:21:39.613,0.77685,0.77702,3.36,1.50
2011.08.09 11:21:39.739,0.77686,0.77713,1.86,1.50
2011.08.09 11:21:40.630,0.77687,0.77713,1.50,1.50
2011.08.09 11:21:40.852,0.77689,0.77715,1.11,1.50
2011.08.09 11:21:41.083,0.77689,0.77711,1.11,1.50
2011.08.09 11:21:41.422,0.77694,0.77713,1.11,1.50
2011.08.09 11:21:41.652,0.77692,0.77713,1.11,1.50
2011.08.09 11:21:42.355,0.77688,0.7771,1.11,1.50
2011.08.09 11:21:42.936,0.77688,0.77711,1.11,2.25
2011.08.09 11:21:43.490,0.77688,0.77711,1.11,1.50
2011.08.09 11:21:44.401,0.77688,0.77712,1.11,1.50
2011.08.09 11:21:44.853,0.77688,0.77712,1.11,1.50
2011.08.09 11:21:45.522,0.77688,0.7771,1.11,1.50
2011.08.09 11:21:47.122,0.77687,0.7771,1.11,1.50
2011.08.09 11:21:47.573,0.77688,0.77708,1.11,1.50
2011.08.09 11:21:47.915,0.77688,0.77708,3.36,1.50
2011.08.09 11:21:48.032,0.77688,0.77707,3.36,1.50
2011.08.09 11:21:48.373,0.77688,0.777,2.25,1.50
2011.08.09 11:21:48.771,0.77688,0.77712,3.00,1.50
2011.08.09 11:21:49.256,0.77687,0.77713,1.11,3.00
2011.08.09 11:21:49.374,0.77687,0.7771,3.36,1.35
2011.08.09 11:21:49.711,0.77687,0.77707,3.36,1.50
2011.08.09 11:21:50.273,0.77687,0.77705,1.11,1.50
2011.08.09 11:21:51.031,0.77687,0.77705,1.11,1.50
2011.08.09 11:21:51.801,0.77692,0.77705,1.50,1.50
2011.08.09 11:21:52.371,0.77692,0.77702,1.50,1.50
2011.08.09 11:21:52.486,0.77692,0.77707,1.50,1.50
2011.08.09 11:21:53.202,0.77687,0.777,1.29,1.50
2011.08.09 11:21:53.772,0.77687,0.77702,1.29,1.50
2011.08.09 11:21:54.113,0.77687,0.77698,1.29,1.50
2011.08.09 11:21:54.454,0.77684,0.77701,1.11,1.50
2011.08.09 11:21:54.717,0.77684,0.77698,1.11,1.50
2011.08.09 11:21:55.452,0.77684,0.77706,1.11,2.10
2011.08.09 11:21:55.571,0.77684,0.77706,1.11,1.35
2011.08.09 11:21:56.171,0.77688,0.77706,1.11,1.50
2011.08.09 11:21:56.403,0.77688,0.77712,1.11,1.50
2011.08.09 11:21:56.522,0.77688,0.77712,1.11,1.50
2011.08.09 11:21:56.861,0.77689,0.77713,3.00,1.50
2011.08.09 11:21:57.312,0.77688,0.7771,1.11,1.50
2011.08.09 11:21:57.651,0.77688,0.7771,1.11,1.50
2011.08.09 11:21:58.200,0.77687,0.77707,1.11,1.50
2011.08.09 11:21:58.773,0.77688,0.77707,1.11,1.50
2011.08.09 11:22:00.143,0.77688,0.77708,1.11,2.85
2011.08.09 11:22:00.486,0.77688,0.77708,1.11,1.35
2011.08.09 11:22:00.822,0.77688,0.77711,1.11,1.50
2011.08.09 11:22:00.941,0.77688,0.77711,1.11,1.50
2011.08.09 11:22:01.274,0.77688,0.77707,1.11,1.35
2011.08.09 11:22:01.780,0.77688,0.77707,1.11,1.35
2011.08.09 11:22:02.151,0.77688,0.77707,1.11,1.35
2011.08.09 11:22:03.050,0.77687,0.77707,1.11,1.35
2011.08.09 11:22:03.283,0.77688,0.77713,1.11,1.50
2011.08.09 11:22:04.944,0.7769,0.77718,3.36,2.25
2011.08.09 11:22:07.072,0.77691,0.77718,3.00,2.25
2011.08.09 11:22:07.411,0.77691,0.77718,1.50,2.25
2011.08.09 11:22:07.632,0.7769,0.77716,1.11,1.50
2011.08.09 11:22:07.751,0.7769,0.77713,1.86,1.35
2011.08.09 11:22:08.305,0.7769,0.77711,1.11,2.10
2011.08.09 11:22:08.534,0.7769,0.77714,1.11,1.50
2011.08.09 11:22:08.653,0.7769,0.77714,1.11,1.50
2011.08.09 11:22:09.228,0.77688,0.77707,1.11,1.50
2011.08.09 11:22:10.330,0.77688,0.77707,1.11,1.50
2011.08.09 11:22:10.661,0.77684,0.77708,1.86,1.50
2011.08.09 11:22:10.881,0.77683,0.7771,1.35,2.25
2011.08.09 11:22:11.210,0.77681,0.77708,1.11,1.50
2011.08.09 11:22:11.320,0.77681,0.77707,1.11,1.50
2011.08.09 11:22:12.094,0.77681,0.77701,1.11,1.50
2011.08.09 11:22:12.643,0.77681,0.77701,1.11,2.25
2011.08.09 11:22:12.882,0.77678,0.7769,2.25,3.00
2011.08.09 11:22:13.115,0.77667,0.77689,1.11,1.50
2011.08.09 11:22:13.455,0.77669,0.77689,1.11,1.50
2011.08.09 11:22:13.797,0.77673,0.77696,1.50,1.50
2011.08.09 11:22:13.915,0.7768,0.77699,1.11,3.00
2011.08.09 11:22:14.036,0.7768,0.777,1.11,1.50
2011.08.09 11:22:14.157,0.77681,0.77708,3.00,2.25
2011.08.09 11:22:14.683,0.77683,0.77708,1.50,1.35
2011.08.09 11:22:14.811,0.77689,0.77712,1.11,3.00
2011.08.09 11:22:15.034,0.77689,0.77712,1.11,3.00
2011.08.09 11:22:15.593,0.77689,0.77711,1.11,1.35
2011.08.09 11:22:16.023,0.77689,0.7771,1.11,1.35
2011.08.09 11:22:18.416,0.77689,0.77713,3.36,2.25
2011.08.09 11:22:18.753,0.77689,0.77715,1.11,1.50
2011.08.09 11:22:18.984,0.77689,0.77715,1.11,1.50
2011.08.09 11:22:19.321,0.7769,0.77714,1.50,1.50
2011.08.09 11:22:20.706,0.77694,0.77717,2.98,1.50
2011.08.09 11:22:20.827,0.77702,0.77719,1.11,1.50
2011.08.09 11:22:20.942,0.77702,0.77722,3.36,1.50
2011.08.09 11:22:21.173,0.77707,0.77721,1.11,1.50
2011.08.09 11:22:21.622,0.77707,0.77726,1.11,1.50
2011.08.09 11:22:21.741,0.77707,0.77722,1.11,1.50
2011.08.09 11:22:21.971,0.77709,0.77722,1.11,1.50
2011.08.09 11:22:22.083,0.77709,0.77722,1.11,1.50
2011.08.09 11:22:22.812,0.77709,0.77723,1.86,1.50
2011.08.09 11:22:23.375,0.77707,0.77721,1.86,1.50
2011.08.09 11:22:23.496,0.77707,0.77721,1.86,1.50
2011.08.09 11:22:23.960,0.77707,0.77721,1.11,1.50
2011.08.09 11:22:24.954,0.77707,0.77717,1.11,1.50
2011.08.09 11:22:25.571,0.77703,0.7771,1.11,1.50
2011.08.09 11:22:25.881,0.77704,0.7772,1.11,1.50
2011.08.09 11:22:25.993,0.77708,0.77725,1.11,1.50
2011.08.09 11:22:26.113,0.77711,0.77725,1.11,1.50
2011.08.09 11:22:26.236,0.77713,0.77725,1.11,1.50
2011.08.09 11:22:26.461,0.77713,0.7772,1.11,1.50
2011.08.09 11:22:26.804,0.77712,0.7772,1.11,1.50
2011.08.09 11:22:26.926,0.77708,0.77719,1.86,1.50
2011.08.09 11:22:27.266,0.77709,0.77725,1.11,2.10
2011.08.09 11:22:27.811,0.77711,0.77725,1.11,1.35
2011.08.09 11:22:28.055,0.77716,0.7773,1.11,1.50
2011.08.09 11:22:28.612,0.77717,0.7773,1.11,1.50
2011.08.09 11:22:29.170,0.77717,0.77728,1.11,1.50
2011.08.09 11:22:29.393,0.77716,0.77724,1.86,1.50
2011.08.09 11:22:29.731,0.77714,0.77721,1.50,1.50
2011.08.09 11:22:30.400,0.77708,0.77723,1.86,1.35
2011.08.09 11:22:30.516,0.77704,0.7772,1.86,1.50
2011.08.09 11:22:30.634,0.77704,0.77711,1.86,1.50
2011.08.09 11:22:30.862,0.77702,0.77716,1.11,1.50
2011.08.09 11:22:30.984,0.77704,0.77715,1.11,1.50
2011.08.09 11:22:31.323,0.77702,0.77711,1.86,1.50
2011.08.09 11:22:31.443,0.77702,0.77711,1.86,1.50
2011.08.09 11:22:31.896,0.77703,0.77719,1.11,1.50
2011.08.09 11:22:32.014,0.77704,0.77719,1.11,1.50
2011.08.09 11:22:32.683,0.77702,0.77719,1.11,1.50
2011.08.09 11:22:32.806,0.77702,0.77713,1.11,1.50
2011.08.09 11:22:33.695,0.77704,0.77713,1.11,1.50
2011.08.09 11:22:34.034,0.77704,0.77711,1.11,1.50
2011.08.09 11:22:34.613,0.77704,0.77712,1.11,1.50
2011.08.09 11:22:34.843,0.77704,0.77721,1.11,1.50
2011.08.09 11:22:35.609,0.77706,0.77721,1.11,1.50
2011.08.09 11:22:35.754,0.77706,0.77721,1.11,1.50
2011.08.09 11:22:36.242,0.77706,0.7772,1.86,1.50
2011.08.09 11:22:37.425,0.77706,0.77722,1.86,1.50
2011.08.09 11:22:37.873,0.77708,0.77727,3.36,2.25
2011.08.09 11:22:37.998,0.77717,0.77731,1.11,1.50
2011.08.09 11:22:38.526,0.77717,0.77731,1.11,1.50
2011.08.09 11:22:38.862,0.7772,0.7773,1.11,1.50
2011.08.09 11:22:39.543,0.77717,0.77729,1.11,1.50
2011.08.09 11:22:41.186,0.77717,0.77729,1.11,1.50
2011.08.09 11:22:42.502,0.77716,0.7773,1.86,1.50
2011.08.09 11:22:42.732,0.77716,0.77728,1.86,1.50
2011.08.09 11:22:44.281,0.77717,0.77734,1.11,1.50
2011.08.09 11:22:44.391,0.77717,0.77737,1.11,2.25
2011.08.09 11:22:44.610,0.77719,0.77736,1.11,1.50
2011.08.09 11:22:45.435,0.77719,0.77735,1.11,1.50
2011.08.09 11:22:45.770,0.77719,0.77734,1.11,1.50
2011.08.09 11:22:47.694,0.77719,0.77734,1.11,1.50
2011.08.09 11:22:47.926,0.77718,0.77729,1.50,1.50
2011.08.09 11:22:48.153,0.77722,0.77735,1.11,1.50
2011.08.09 11:22:48.274,0.77722,0.77733,1.11,1.50
2011.08.09 11:22:48.852,0.77727,0.77745,1.11,1.50
2011.08.09 11:22:49.082,0.77727,0.77744,1.11,2.25
2011.08.09 11:22:49.313,0.77728,0.77745,1.11,1.50
2011.08.09 11:22:49.432,0.77728,0.77747,1.11,2.85
2011.08.09 11:22:49.773,0.77728,0.77739,1.11,1.50
2011.08.09 11:22:50.330,0.77728,0.77739,1.11,1.50
2011.08.09 11:22:50.883,0.77728,0.77738,1.11,1.50
2011.08.09 11:22:51.222,0.77725,0.77735,1.11,1.50
2011.08.09 11:22:51.980,0.77723,0.77735,1.11,1.50
2011.08.09 11:22:52.094,0.77722,0.77742,1.11,2.25
2011.08.09 11:22:52.216,0.77722,0.77734,1.11,1.50
2011.08.09 11:22:53.103,0.77723,0.77736,1.11,1.50
2011.08.09 11:22:53.223,0.77723,0.77738,1.11,2.25
2011.08.09 11:22:53.343,0.77723,0.77739,1.86,1.50
2011.08.09 11:22:53.941,0.77725,0.77739,1.11,1.50
2011.08.09 11:22:54.605,0.77723,0.77732,1.11,1.50
2011.08.09 11:22:55.160,0.77723,0.77735,1.11,1.50
2011.08.09 11:22:55.273,0.77723,0.77736,1.11,1.50
2011.08.09 11:22:55.865,0.77723,0.77739,1.11,1.50
2011.08.09 11:22:56.204,0.77725,0.77741,1.11,1.50
2011.08.09 11:22:56.323,0.77725,0.77742,1.11,1.50
2011.08.09 11:22:56.667,0.77726,0.77738,1.11,1.50
2011.08.09 11:22:56.786,0.77731,0.77742,1.11,1.50
2011.08.09 11:22:57.393,0.77731,0.77745,1.11,1.50
2011.08.09 11:22:57.518,0.77731,0.77741,1.11,1.50
2011.08.09 11:22:57.859,0.7774,0.77756,1.11,1.50
2011.08.09 11:22:57.977,0.7774,0.77761,1.11,1.50
2011.08.09 11:22:58.096,0.7774,0.77762,1.11,1.50
2011.08.09 11:22:58.321,0.77741,0.77761,1.11,2.25
2011.08.09 11:22:58.664,0.77744,0.77755,1.11,1.50
2011.08.09 11:23:00.304,0.77736,0.77753,1.11,1.50
2011.08.09 11:23:00.644,0.77736,0.77753,1.11,1.50
2011.08.09 11:23:00.876,0.77739,0.77757,1.11,2.25
2011.08.09 11:23:01.215,0.77739,0.77756,1.11,1.50
2011.08.09 11:23:01.554,0.77738,0.7775,1.11,1.50
2011.08.09 11:23:02.571,0.77739,0.7775,1.11,1.50
2011.08.09 11:23:03.208,0.77738,0.77758,1.11,1.50
2011.08.09 11:23:03.432,0.77739,0.77749,1.11,1.50
2011.08.09 11:23:04.893,0.77736,0.7775,1.86,1.50
2011.08.09 11:23:05.232,0.77734,0.77751,1.11,1.50
2011.08.09 11:23:05.351,0.77734,0.77755,1.11,1.50
2011.08.09 11:23:05.461,0.77734,0.77755,1.11,1.50
2011.08.09 11:23:05.685,0.77734,0.77755,1.11,1.50
2011.08.09 11:23:06.021,0.77734,0.77752,1.11,1.50
2011.08.09 11:23:07.020,0.77734,0.77751,1.11,1.50
2011.08.09 11:23:07.990,0.77734,0.77756,1.11,1.50
2011.08.09 11:23:08.391,0.77734,0.77752,1.11,1.50
2011.08.09 11:23:08.720,0.77734,0.77748,1.11,1.50
2011.08.09 11:23:08.831,0.77734,0.77748,1.11,1.50
2011.08.09 11:23:09.491,0.77734,0.77748,1.11,1.50
2011.08.09 11:23:09.711,0.77734,0.77751,1.11,1.50
2011.08.09 11:23:10.280,0.77735,0.77754,3.00,1.50
2011.08.09 11:23:10.397,0.77735,0.77751,3.00,1.50
2011.08.09 11:23:10.512,0.77735,0.77749,3.00,1.50
2011.08.09 11:23:11.073,0.77734,0.77748,1.11,1.50
2011.08.09 11:23:11.521,0.77734,0.77748,1.11,1.50
2011.08.09 11:23:12.606,0.77734,0.7775,3.36,1.50
2011.08.09 11:23:12.723,0.77734,0.77747,2.25,1.35
2011.08.09 11:23:13.202,0.77729,0.77745,2.25,1.35
2011.08.09 11:23:13.319,0.77731,0.77738,2.25,1.50
2011.08.09 11:23:13.437,0.77722,0.77738,2.25,2.25
2011.08.09 11:23:13.553,0.77717,0.77736,3.00,1.50
2011.08.09 11:23:13.788,0.77715,0.77728,2.25,1.50
2011.08.09 11:23:14.013,0.77711,0.77728,1.11,1.50
2011.08.09 11:23:14.134,0.77711,0.77726,1.11,1.50
2011.08.09 11:23:14.257,0.77707,0.77723,3.36,1.50
2011.08.09 11:23:14.372,0.77706,0.77723,1.86,1.50
2011.08.09 11:23:15.056,0.77707,0.77721,1.50,1.50
2011.08.09 11:23:15.414,0.77707,0.77717,1.50,1.50
2011.08.09 11:23:15.534,0.77707,0.77718,1.50,1.50
2011.08.09 11:23:15.652,0.77701,0.77718,1.11,1.50
2011.08.09 11:23:16.105,0.77703,0.77716,1.11,1.50
2011.08.09 11:23:16.224,0.77699,0.77716,1.11,1.50
2011.08.09 11:23:16.564,0.77699,0.77719,1.11,1.50
2011.08.09 11:23:17.233,0.77699,0.77722,3.00,1.50
2011.08.09 11:23:17.358,0.77701,0.7772,1.11,1.50
2011.08.09 11:23:17.583,0.77701,0.77714,1.11,1.50
2011.08.09 11:23:17.922,0.777,0.7772,1.11,1.50
2011.08.09 11:23:18.044,0.77698,0.77723,1.11,2.25
2011.08.09 11:23:18.163,0.777,0.77723,2.25,1.50
2011.08.09 11:23:18.502,0.77705,0.7773,1.50,1.50
2011.08.09 11:23:19.171,0.77707,0.7773,1.11,1.50
2011.08.09 11:23:20.177,0.77708,0.77723,1.86,1.50
2011.08.09 11:23:20.510,0.77709,0.77723,1.50,1.50
2011.08.09 11:23:20.840,0.7771,0.77723,1.50,1.50
2011.08.09 11:23:21.182,0.7771,0.77723,1.50,1.50
2011.08.09 11:23:21.414,0.7771,0.77724,2.61,1.50
2011.08.09 11:23:21.533,0.7771,0.7773,5.46,2.25
2011.08.09 11:23:21.654,0.7771,0.7773,5.46,1.50
2011.08.09 11:23:21.772,0.77717,0.77731,1.86,1.50
2011.08.09 11:23:22.111,0.77719,0.77731,1.71,1.50
2011.08.09 11:23:22.999,0.77718,0.77726,1.50,1.50
2011.08.09 11:23:23.112,0.77716,0.77725,1.11,1.50
2011.08.09 11:23:23.671,0.77715,0.77725,1.11,1.50
2011.08.09 11:23:24.402,0.77716,0.77725,1.11,1.50
2011.08.09 11:23:24.521,0.77716,0.77724,1.11,1.50
2011.08.09 11:23:24.741,0.77713,0.77724,1.50,1.50
2011.08.09 11:23:25.075,0.77712,0.77731,1.50,1.50
2011.08.09 11:23:25.303,0.77712,0.77731,1.50,1.50
2011.08.09 11:23:25.920,0.77715,0.77725,1.50,1.50
2011.08.09 11:23:26.825,0.77711,0.77724,1.50,1.50
2011.08.09 11:23:27.164,0.77708,0.77717,1.50,1.50
2011.08.09 11:23:29.080,0.77709,0.77723,1.35,1.50
2011.08.09 11:23:30.753,0.77709,0.77732,1.50,1.50
2011.08.09 11:23:30.874,0.77709,0.77733,1.50,2.25
2011.08.09 11:23:31.102,0.77712,0.77735,1.11,1.35
2011.08.09 11:23:31.994,0.77712,0.77734,1.11,1.50
2011.08.09 11:23:33.272,0.77712,0.77734,1.86,1.50
2011.08.09 11:23:34.652,0.77713,0.77736,1.35,1.50
2011.08.09 11:23:35.514,0.77712,0.77732,1.11,1.50
2011.08.09 11:23:35.853,0.7771,0.7773,1.11,1.50
2011.08.09 11:23:35.974,0.77707,0.7773,1.11,1.50
2011.08.09 11:23:36.586,0.77705,0.7773,1.86,2.25
2011.08.09 11:23:37.253,0.77705,0.77727,1.11,1.35
2011.08.09 11:23:37.373,0.77705,0.77723,1.11,1.50
2011.08.09 11:23:38.592,0.777,0.77723,1.86,1.50
2011.08.09 11:23:39.811,0.777,0.77724,1.86,1.50
2011.08.09 11:23:41.050,0.777,0.77727,1.11,2.10
2011.08.09 11:23:41.685,0.777,0.77727,1.11,2.10
2011.08.09 11:23:44.921,0.777,0.77727,1.11,2.10
2011.08.09 11:23:45.364,0.77701,0.77727,3.75,2.10
2011.08.09 11:23:46.097,0.77703,0.77731,2.46,2.10
2011.08.09 11:23:49.741,0.77706,0.77729,1.50,1.50
2011.08.09 11:23:50.291,0.77704,0.77726,1.50,1.50
2011.08.09 11:23:50.411,0.77704,0.77714,1.50,1.50
2011.08.09 11:23:50.742,0.77704,0.77714,1.50,1.50
2011.08.09 11:23:50.863,0.77705,0.77723,1.50,1.50
2011.08.09 11:23:51.094,0.77705,0.77729,1.50,2.10
2011.08.09 11:23:53.032,0.77704,0.77723,1.50,1.50
2011.08.09 11:23:53.371,0.77701,0.77728,1.50,1.50
2011.08.09 11:23:53.492,0.77701,0.77727,1.50,1.50
2011.08.09 11:23:53.834,0.777,0.77721,1.11,1.50
2011.08.09 11:23:54.391,0.77701,0.77723,1.50,1.50
2011.08.09 11:23:54.501,0.77701,0.77724,1.50,1.50
2011.08.09 11:23:54.620,0.77702,0.77724,1.50,1.50
2011.08.09 11:23:54.840,0.77702,0.77725,1.50,2.10
2011.08.09 11:23:55.431,0.77702,0.77725,1.50,1.35
2011.08.09 11:23:56.733,0.77702,0.77725,1.50,1.35
2011.08.09 11:23:57.215,0.77702,0.77727,1.50,1.50
2011.08.09 11:23:57.557,0.77708,0.77728,1.50,1.50
2011.08.09 11:23:57.676,0.77709,0.77729,1.50,1.50
2011.08.09 11:23:58.123,0.77712,0.7773,1.35,1.50
2011.08.09 11:23:58.462,0.77713,0.77725,1.11,1.50
2011.08.09 11:23:58.581,0.77713,0.77731,1.11,1.50
2011.08.09 11:23:58.691,0.77713,0.77732,1.11,1.50
2011.08.09 11:23:59.467,0.77721,0.77735,1.71,1.50
2011.08.09 11:24:00.023,0.77722,0.77732,1.50,1.50
2011.08.09 11:24:00.255,0.77723,0.77738,1.11,1.50
2011.08.09 11:24:00.484,0.77723,0.77739,1.11,1.50
2011.08.09 11:24:00.825,0.77719,0.77737,1.11,1.50
2011.08.09 11:24:01.162,0.7772,0.77733,1.50,1.50
2011.08.09 11:24:02.455,0.77723,0.77733,1.35,1.50
2011.08.09 11:24:03.022,0.77725,0.77734,1.50,1.50
2011.08.09 11:24:04.113,0.77725,0.77736,1.50,1.50
2011.08.09 11:24:04.232,0.77727,0.77747,1.50,1.50
2011.08.09 11:24:04.351,0.77729,0.77748,1.11,1.50
2011.08.09 11:24:06.262,0.77729,0.77748,1.11,1.50
2011.08.09 11:24:06.490,0.77726,0.77742,1.11,1.50
2011.08.09 11:24:07.351,0.77726,0.7774,1.11,1.50
2011.08.09 11:24:07.583,0.77726,0.77743,1.11,1.50
2011.08.09 11:24:07.814,0.77726,0.77741,1.11,1.35
2011.08.09 11:24:08.045,0.77721,0.77744,1.11,1.35
2011.08.09 11:24:08.163,0.77721,0.77743,1.11,2.10
2011.08.09 11:24:08.950,0.77715,0.77739,1.11,2.85
2011.08.09 11:24:09.062,0.77711,0.77733,1.86,1.50
2011.08.09 11:24:09.402,0.77711,0.77737,1.11,2.85
2011.08.09 11:24:09.851,0.77712,0.77727,1.50,1.50
2011.08.09 11:24:10.562,0.77712,0.77737,1.50,3.00
2011.08.09 11:24:10.791,0.77712,0.77724,1.50,1.50
2011.08.09 11:24:12.323,0.77711,0.77724,1.11,1.50
2011.08.09 11:24:12.560,0.77711,0.77733,1.11,1.50
2011.08.09 11:24:13.443,0.77711,0.77725,1.11,1.50
2011.08.09 11:24:13.782,0.77711,0.77734,1.11,1.50
2011.08.09 11:24:13.903,0.77711,0.77736,1.11,2.25
2011.08.09 11:24:15.651,0.77711,0.77734,1.11,1.50
2011.08.09 11:24:15.991,0.77715,0.77723,1.50,1.50
2011.08.09 11:24:16.111,0.77715,0.77731,1.35,1.50
2011.08.09 11:24:16.562,0.77715,0.77738,1.35,1.50
2011.08.09 11:24:16.681,0.77714,0.77734,1.50,1.50
2011.08.09 11:24:17.021,0.77711,0.77729,1.86,1.50
2011.08.09 11:24:17.874,0.77711,0.77729,1.86,1.50
2011.08.09 11:24:18.213,0.77711,0.77725,1.11,1.50
2011.08.09 11:24:18.760,0.77711,0.77725,1.11,1.50
2011.08.09 11:24:19.125,0.7771,0.77726,1.11,1.50
2011.08.09 11:24:20.477,0.77709,0.77724,1.11,1.50
2011.08.09 11:24:21.046,0.77709,0.7772,1.11,2.25
2011.08.09 11:24:22.041,0.77709,0.7772,1.11,2.25
2011.08.09 11:24:23.252,0.77709,0.77722,1.11,2.10
2011.08.09 11:24:24.021,0.77703,0.77711,1.11,1.35
2011.08.09 11:24:24.352,0.77683,0.77707,2.10,1.50
2011.08.09 11:24:24.471,0.77685,0.77707,1.50,2.25
2011.08.09 11:24:25.734,0.77689,0.7771,1.50,3.00
2011.08.09 11:24:25.852,0.77699,0.77707,1.11,3.00
2011.08.09 11:24:25.972,0.77693,0.77707,1.11,3.00
2011.08.09 11:24:26.097,0.7769,0.77707,1.11,3.00
2011.08.09 11:24:26.320,0.77682,0.77707,1.50,3.00
2011.08.09 11:24:26.542,0.77681,0.77705,3.75,1.50
2011.08.09 11:24:27.433,0.77682,0.77705,1.50,1.50
2011.08.09 11:24:27.874,0.77683,0.7771,4.35,2.25
2011.08.09 11:24:28.513,0.77683,0.77708,3.75,1.35
2011.08.09 11:24:28.634,0.77681,0.77706,1.86,1.50
2011.08.09 11:24:28.753,0.77681,0.77706,1.86,1.50
2011.08.09 11:24:28.871,0.77681,0.77708,1.11,1.35
2011.08.09 11:24:28.991,0.77681,0.77709,1.11,1.35
2011.08.09 11:24:31.122,0.77683,0.77708,3.75,2.10
2011.08.09 11:24:31.462,0.77683,0.77706,1.50,2.25
2011.08.09 11:24:32.133,0.77682,0.77704,1.50,1.35
2011.08.09 11:24:32.867,0.7768,0.77698,1.50,1.50
2011.08.09 11:24:33.211,0.77672,0.77701,1.35,2.10
2011.08.09 11:24:33.320,0.77672,0.77701,2.10,2.10
2011.08.09 11:24:33.432,0.77673,0.777,3.00,1.50
2011.08.09 11:24:34.764,0.77672,0.77691,1.50,1.35
2011.08.09 11:24:34.993,0.77673,0.77681,1.50,1.50
2011.08.09 11:24:35.114,0.77672,0.77679,1.50,1.50
2011.08.09 11:24:35.457,0.7766,0.77674,2.25,1.50
2011.08.09 11:24:36.018,0.7766,0.77674,1.50,1.50
2011.08.09 11:24:37.004,0.7766,0.77674,1.35,1.50
2011.08.09 11:24:37.715,0.7766,0.77675,5.85,1.50
2011.08.09 11:24:37.836,0.7766,0.77679,6.60,1.50
2011.08.09 11:24:37.953,0.77662,0.77679,1.50,1.50
2011.08.09 11:24:38.073,0.77662,0.77677,3.75,1.50
2011.08.09 11:24:38.756,0.7766,0.77674,1.50,1.50
2011.08.09 11:24:38.984,0.77662,0.77678,1.35,1.50
2011.08.09 11:24:39.215,0.77662,0.77678,1.35,1.50
2011.08.09 11:24:39.555,0.77662,0.77677,3.00,1.50
2011.08.09 11:24:39.673,0.77662,0.77679,3.00,1.50
2011.08.09 11:24:39.901,0.77662,0.7768,3.00,1.50
2011.08.09 11:24:40.345,0.77658,0.77673,3.00,1.50
2011.08.09 11:24:40.464,0.77658,0.77681,3.00,1.50
2011.08.09 11:24:40.803,0.77656,0.77678,3.00,2.85
2011.08.09 11:24:42.584,0.77656,0.77678,1.50,2.25
2011.08.09 11:24:42.925,0.77677,0.77701,3.00,1.50
2011.08.09 11:24:43.263,0.77684,0.77705,1.35,1.50
2011.08.09 11:24:43.384,0.77684,0.77704,1.35,1.50
2011.08.09 11:24:43.502,0.77684,0.77703,1.35,1.50
2011.08.09 11:24:43.730,0.77684,0.77709,1.35,1.50
2011.08.09 11:24:44.063,0.77684,0.77709,1.35,2.25
2011.08.09 11:24:44.859,0.77684,0.77709,1.35,1.50
2011.08.09 11:24:44.982,0.77685,0.77707,1.11,1.35
2011.08.09 11:24:45.544,0.77685,0.77709,1.11,1.50
2011.08.09 11:24:47.522,0.77685,0.7771,1.11,2.25
2011.08.09 11:24:47.860,0.77684,0.77695,1.11,1.50
2011.08.09 11:24:47.971,0.77684,0.77702,1.11,1.50
2011.08.09 11:24:48.081,0.77685,0.77702,1.11,1.50
2011.08.09 11:24:48.614,0.77685,0.7771,1.11,1.50
2011.08.09 11:24:48.738,0.77685,0.7771,1.86,1.50
2011.08.09 11:24:48.963,0.77685,0.77696,1.11,1.50
2011.08.09 11:24:49.193,0.77685,0.77709,1.86,1.50
2011.08.09 11:24:49.311,0.77685,0.77711,4.11,2.25
2011.08.09 11:24:50.064,0.77686,0.77711,1.35,1.50
2011.08.09 11:24:50.185,0.77689,0.77714,1.50,2.10
2011.08.09 11:24:50.303,0.77689,0.77713,1.50,1.50
2011.08.09 11:24:52.864,0.77691,0.77714,1.50,1.35
2011.08.09 11:24:53.204,0.77697,0.7771,1.86,1.50
2011.08.09 11:24:54.623,0.77699,0.77711,1.50,1.50
2011.08.09 11:24:54.851,0.77699,0.77721,1.50,2.25
2011.08.09 11:24:55.798,0.77709,0.77726,1.50,1.50
2011.08.09 11:24:56.411,0.77709,0.77726,1.50,1.50
2011.08.09 11:24:57.363,0.77709,0.77726,1.50,1.50
2011.08.09 11:24:57.483,0.77707,0.77726,3.75,1.50
2011.08.09 11:24:57.602,0.77707,0.77728,3.00,1.50
2011.08.09 11:24:57.722,0.77707,0.77724,3.00,1.50
2011.08.09 11:24:58.242,0.77707,0.77724,3.00,1.50
2011.08.09 11:24:58.362,0.77707,0.77719,3.00,1.50
2011.08.09 11:24:59.250,0.77704,0.77724,1.50,1.50
2011.08.09 11:24:59.585,0.77702,0.77718,1.50,1.50
2011.08.09 11:24:59.923,0.77702,0.77714,1.50,1.50
2011.08.09 11:25:00.264,0.77704,0.77715,1.50,1.50
2011.08.09 11:25:00.604,0.77705,0.77716,1.50,1.50
2011.08.09 11:25:00.836,0.77702,0.77713,1.86,1.50
2011.08.09 11:25:01.066,0.77695,0.7771,1.11,1.50
2011.08.09 11:25:01.293,0.77693,0.7771,1.50,1.50
2011.08.09 11:25:01.415,0.77691,0.77706,4.11,1.50
2011.08.09 11:25:01.922,0.77693,0.77707,1.50,1.50
2011.08.09 11:25:02.048,0.77697,0.77721,3.00,1.50
2011.08.09 11:25:02.275,0.777,0.77725,1.11,3.75
2011.08.09 11:25:02.393,0.777,0.77725,1.11,1.50
2011.08.09 11:25:02.511,0.777,0.77726,1.11,1.50
2011.08.09 11:25:02.846,0.777,0.77719,1.11,2.25
2011.08.09 11:25:02.962,0.77692,0.77721,1.50,1.50
2011.08.09 11:25:03.192,0.77691,0.77717,1.11,2.25
2011.08.09 11:25:03.535,0.77688,0.77716,3.00,2.10
2011.08.09 11:25:03.764,0.77686,0.77712,1.50,1.35
2011.08.09 11:25:03.882,0.77684,0.777,1.11,1.50
2011.08.09 11:25:04.466,0.77684,0.77703,4.11,1.50
2011.08.09 11:25:05.093,0.77686,0.77701,1.50,1.50
2011.08.09 11:25:05.213,0.77687,0.77701,1.50,1.50
2011.08.09 11:25:05.441,0.77686,0.77699,1.13,1.50
2011.08.09 11:25:05.562,0.77682,0.77701,4.35,1.50
2011.08.09 11:25:05.683,0.77686,0.77701,1.50,1.50
2011.08.09 11:25:05.912,0.77684,0.77699,1.50,1.50
2011.08.09 11:25:06.658,0.77682,0.77695,1.50,1.50
2011.08.09 11:25:07.003,0.77669,0.77675,1.50,1.50
2011.08.09 11:25:07.234,0.77665,0.77683,1.50,1.50
2011.08.09 11:25:07.353,0.77666,0.77685,3.00,1.50
2011.08.09 11:25:07.476,0.77665,0.77687,1.50,1.50
2011.08.09 11:25:07.594,0.77668,0.77684,1.50,1.50
2011.08.09 11:25:07.824,0.77668,0.77687,1.50,1.50
2011.08.09 11:25:08.493,0.77671,0.77694,1.11,1.50
2011.08.09 11:25:09.001,0.77673,0.77699,4.35,1.50
2011.08.09 11:25:09.127,0.77673,0.77699,3.60,1.50
2011.08.09 11:25:10.342,0.77676,0.77702,7.50,3.00
2011.08.09 11:25:10.465,0.77679,0.77702,3.00,1.50
2011.08.09 11:25:10.910,0.77679,0.77704,3.00,2.25
2011.08.09 11:25:11.461,0.77678,0.77702,3.00,1.50
2011.08.09 11:25:12.016,0.77678,0.77695,2.25,1.50
2011.08.09 11:25:12.686,0.77668,0.77688,3.36,1.50
2011.08.09 11:25:12.802,0.77666,0.7769,1.50,1.35
2011.08.09 11:25:13.354,0.77666,0.77689,1.50,1.35
2011.08.09 11:25:13.691,0.77665,0.7769,1.50,1.50
2011.08.09 11:25:14.037,0.77665,0.77686,1.50,1.50
2011.08.09 11:25:14.594,0.77664,0.77686,3.75,1.50
2011.08.09 11:25:14.821,0.77667,0.77691,1.50,3.00
2011.08.09 11:25:14.934,0.77669,0.77693,3.00,1.50
2011.08.09 11:25:15.051,0.77669,0.77694,3.36,1.50
2011.08.09 11:25:15.610,0.77669,0.77696,3.36,1.50
2011.08.09 11:25:16.131,0.77669,0.77696,3.36,3.00
2011.08.09 11:25:16.673,0.77669,0.77696,5.61,2.25
2011.08.09 11:25:17.234,0.7767,0.77689,3.00,1.50
2011.08.09 11:25:17.466,0.77669,0.77692,5.61,1.50
2011.08.09 11:25:17.582,0.77669,0.77693,3.36,1.50
2011.08.09 11:25:17.703,0.77669,0.77691,1.11,1.50
2011.08.09 11:25:18.152,0.77665,0.77689,1.11,1.50
2011.08.09 11:25:18.715,0.77665,0.77676,1.11,1.50
2011.08.09 11:25:18.944,0.77663,0.77686,1.11,2.25
2011.08.09 11:25:19.924,0.77663,0.77685,1.11,1.50
2011.08.09 11:25:20.702,0.77663,0.77686,1.11,1.50
2011.08.09 11:25:20.932,0.77663,0.77684,1.11,1.50
2011.08.09 11:25:24.332,0.77657,0.77683,1.50,1.50
2011.08.09 11:25:24.672,0.77655,0.77674,3.75,1.50
2011.08.09 11:25:24.902,0.77655,0.77674,1.50,1.50
2011.08.09 11:25:25.244,0.77662,0.77681,1.88,1.50
2011.08.09 11:25:25.365,0.77665,0.77678,2.25,1.50
2011.08.09 11:25:25.703,0.77664,0.77678,1.50,1.50
2011.08.09 11:25:26.154,0.77664,0.77678,1.50,1.50
2011.08.09 11:25:26.280,0.77664,0.7768,1.50,1.50
2011.08.09 11:25:26.780,0.77664,0.77681,1.50,1.50
2011.08.09 11:25:27.564,0.77663,0.77681,1.50,1.50
2011.08.09 11:25:28.123,0.77661,0.7767,3.00,1.50
2011.08.09 11:25:28.354,0.77656,0.77676,1.86,1.50
2011.08.09 11:25:28.694,0.77656,0.7767,1.86,1.50
2011.08.09 11:25:28.812,0.77656,0.77674,1.86,1.50
2011.08.09 11:25:29.487,0.77656,0.77673,1.50,1.50
2011.08.09 11:25:29.608,0.77654,0.7768,1.86,1.50
2011.08.09 11:25:30.274,0.77654,0.77677,1.50,1.50
2011.08.09 11:25:30.833,0.77653,0.77678,1.11,1.50
2011.08.09 11:25:31.683,0.77652,0.77673,1.50,1.50
2011.08.09 11:25:31.805,0.7765,0.7767,1.50,1.50
2011.08.09 11:25:32.393,0.77649,0.7767,1.35,1.50
2011.08.09 11:25:32.517,0.77649,0.77671,1.35,1.50
2011.08.09 11:25:32.632,0.77649,0.7767,1.35,1.50
2011.08.09 11:25:33.086,0.77649,0.7767,1.35,1.50
2011.08.09 11:25:33.642,0.77646,0.77671,3.00,2.25
2011.08.09 11:25:33.763,0.77643,0.77671,3.36,1.50
2011.08.09 11:25:33.887,0.77644,0.77664,1.11,1.50
2011.08.09 11:25:34.226,0.77641,0.77655,1.11,1.50
2011.08.09 11:25:35.211,0.77637,0.77653,3.36,1.50
2011.08.09 11:25:36.012,0.77637,0.77653,5.61,1.50
2011.08.09 11:25:36.356,0.77637,0.77654,2.61,1.50
2011.08.09 11:25:36.474,0.77634,0.77654,2.25,1.50
2011.08.09 11:25:36.702,0.77634,0.77645,2.25,1.50
2011.08.09 11:25:36.923,0.77634,0.77653,2.25,1.50
2011.08.09 11:25:37.042,0.77632,0.7765,1.11,1.50
2011.08.09 11:25:37.272,0.77634,0.77653,2.25,1.50
2011.08.09 11:25:38.052,0.77631,0.77644,1.11,1.50
2011.08.09 11:25:38.530,0.77631,0.77644,1.11,1.50
2011.08.09 11:25:38.885,0.77626,0.77642,1.11,1.50
2011.08.09 11:25:39.009,0.77626,0.77643,1.11,2.25
2011.08.09 11:25:39.128,0.77622,0.77633,2.61,1.50
2011.08.09 11:25:39.247,0.77614,0.77629,3.00,1.50
2011.08.09 11:25:39.477,0.77606,0.7762,3.00,1.50
2011.08.09 11:25:39.594,0.77605,0.77616,2.25,1.50
2011.08.09 11:25:39.821,0.77605,0.77618,3.00,1.50
2011.08.09 11:25:39.940,0.77605,0.77618,3.00,1.50
2011.08.09 11:25:40.384,0.77605,0.77615,3.00,1.50
2011.08.09 11:25:42.792,0.77601,0.77629,1.11,2.85
2011.08.09 11:25:42.903,0.77601,0.77629,1.11,2.10
2011.08.09 11:25:43.024,0.77601,0.77613,1.11,1.50
2011.08.09 11:25:43.471,0.77598,0.77615,1.86,1.50
2011.08.09 11:25:43.968,0.77598,0.77615,1.86,1.50
2011.08.09 11:25:44.413,0.77598,0.77619,1.11,1.50
2011.08.09 11:25:44.535,0.77599,0.77617,3.00,1.50
2011.08.09 11:25:44.653,0.77599,0.77623,3.00,1.50
2011.08.09 11:25:44.773,0.77599,0.77625,3.00,1.50
2011.08.09 11:25:44.897,0.77601,0.77624,1.11,1.50
2011.08.09 11:25:45.234,0.77597,0.77613,3.36,1.50
2011.08.09 11:25:45.572,0.77597,0.77616,3.36,1.50
2011.08.09 11:25:46.023,0.77601,0.77624,1.11,1.50
2011.08.09 11:25:46.942,0.77601,0.77616,1.11,1.50
2011.08.09 11:25:47.464,0.77601,0.77616,1.11,1.50
2011.08.09 11:25:48.060,0.77601,0.77626,1.11,1.50
2011.08.09 11:25:48.170,0.77601,0.77628,1.11,1.50
2011.08.09 11:25:50.304,0.77601,0.77626,1.11,1.50
2011.08.09 11:25:50.852,0.776,0.77622,1.11,1.35
2011.08.09 11:25:51.413,0.77597,0.77622,1.11,1.35
2011.08.09 11:25:51.756,0.77594,0.77624,1.11,1.50
2011.08.09 11:25:51.981,0.77594,0.77624,1.11,1.50
2011.08.09 11:25:52.311,0.77594,0.77623,1.11,1.50
2011.08.09 11:25:53.693,0.77594,0.7762,1.11,1.35
2011.08.09 11:25:54.601,0.77594,0.77621,1.71,1.50
2011.08.09 11:25:55.202,0.77594,0.7762,1.11,1.35
2011.08.09 11:25:55.654,0.77594,0.77621,1.11,1.50
2011.08.09 11:25:56.005,0.77594,0.77621,1.11,1.50
2011.08.09 11:25:56.595,0.77594,0.77621,1.11,1.50
2011.08.09 11:25:59.173,0.77598,0.77623,3.75,1.50
2011.08.09 11:25:59.291,0.77604,0.77625,1.50,1.50
2011.08.09 11:25:59.774,0.77604,0.77626,1.50,2.25
2011.08.09 11:25:59.905,0.77598,0.77616,2.25,1.50
2011.08.09 11:26:00.138,0.77588,0.77614,1.11,1.50
2011.08.09 11:26:00.259,0.77589,0.77614,1.11,1.50
2011.08.09 11:26:00.591,0.77589,0.77613,1.11,1.35
2011.08.09 11:26:01.690,0.77589,0.77614,1.11,1.50
2011.08.09 11:26:02.935,0.77576,0.776,1.11,1.50
2011.08.09 11:26:03.057,0.77571,0.77598,3.00,1.50
2011.08.09 11:26:03.618,0.77571,0.77598,3.00,1.50
2011.08.09 11:26:03.738,0.7757,0.77598,3.36,1.50
2011.08.09 11:26:04.402,0.7757,0.77598,1.11,1.50
2011.08.09 11:26:06.233,0.7757,0.77595,1.11,2.10
2011.08.09 11:26:06.354,0.7757,0.77595,1.11,2.10
2011.08.09 11:26:07.933,0.7757,0.77598,1.11,1.50
2011.08.09 11:26:09.100,0.7757,0.77598,1.11,1.50
2011.08.09 11:26:09.435,0.77574,0.776,1.11,1.50
2011.08.09 11:26:09.665,0.77574,0.77604,1.11,3.00
2011.08.09 11:26:09.785,0.77574,0.77607,1.86,2.25
2011.08.09 11:26:10.353,0.77583,0.776,1.11,1.50
2011.08.09 11:26:10.473,0.7758,0.77605,1.50,1.50
2011.08.09 11:26:10.592,0.77578,0.77605,1.11,1.50
2011.08.09 11:26:10.714,0.77578,0.77607,1.11,1.50
2011.08.09 11:26:11.892,0.77578,0.77607,3.36,1.50
2011.08.09 11:26:12.901,0.77582,0.77607,1.11,1.50
2011.08.09 11:26:13.742,0.77582,0.77609,1.11,2.25
2011.08.09 11:26:14.082,0.77584,0.77613,1.11,1.50
2011.08.09 11:26:14.704,0.77584,0.77612,3.36,1.35
2011.08.09 11:26:15.525,0.77584,0.77612,1.11,1.50
2011.08.09 11:26:15.755,0.77584,0.77612,1.11,1.50
2011.08.09 11:26:16.096,0.77588,0.77616,1.11,1.50
2011.08.09 11:26:16.655,0.77588,0.77616,1.11,1.50
2011.08.09 11:26:17.770,0.77591,0.7762,3.36,1.50
2011.08.09 11:26:18.323,0.77595,0.77623,1.11,2.25
2011.08.09 11:26:18.552,0.77595,0.77621,1.11,1.50
2011.08.09 11:26:18.896,0.77599,0.77624,3.00,3.00
2011.08.09 11:26:19.344,0.77599,0.77627,3.00,1.50
2011.08.09 11:26:19.951,0.77604,0.7763,1.35,1.50
2011.08.09 11:26:20.061,0.77604,0.7763,1.35,1.50
2011.08.09 11:26:20.173,0.77607,0.77633,1.11,1.50
2011.08.09 11:26:20.860,0.77607,0.77633,1.11,1.50
2011.08.09 11:26:20.971,0.77607,0.77633,1.11,1.50
2011.08.09 11:26:22.691,0.77607,0.77633,1.11,2.25
2011.08.09 11:26:22.820,0.77607,0.77631,1.11,1.50
2011.08.09 11:26:23.154,0.77603,0.77631,1.11,3.00
2011.08.09 11:26:23.883,0.77603,0.77631,1.11,2.25
2011.08.09 11:26:24.222,0.77603,0.77631,1.11,1.50
2011.08.09 11:26:24.562,0.77603,0.77629,1.11,1.50
2011.08.09 11:26:24.791,0.77603,0.77629,1.11,1.50
2011.08.09 11:26:25.233,0.77603,0.77631,1.11,1.50
2011.08.09 11:26:25.876,0.77603,0.77632,3.36,3.00
2011.08.09 11:26:26.832,0.77603,0.77631,3.36,1.50
2011.08.09 11:26:27.510,0.77604,0.77632,1.35,2.25
2011.08.09 11:26:28.060,0.77608,0.77632,1.11,1.50
2011.08.09 11:26:29.143,0.77608,0.77632,1.11,1.35
2011.08.09 11:26:29.553,0.77608,0.77633,1.11,2.25
2011.08.09 11:26:29.672,0.77608,0.77631,1.11,1.35
2011.08.09 11:26:29.791,0.77605,0.77631,1.11,2.25
2011.08.09 11:26:31.791,0.77605,0.7763,1.11,1.35
2011.08.09 11:26:33.661,0.77601,0.77628,1.11,2.10
2011.08.09 11:26:34.926,0.77602,0.77628,4.50,2.10
2011.08.09 11:26:37.376,0.77604,0.77632,1.86,1.50
2011.08.09 11:26:40.121,0.77608,0.77633,1.11,2.25
2011.08.09 11:26:40.457,0.77614,0.77638,1.11,1.35
2011.08.09 11:26:41.214,0.77614,0.7764,1.11,2.25
2011.08.09 11:26:42.282,0.77614,0.77639,1.11,1.50
2011.08.09 11:26:43.282,0.77614,0.77641,1.11,2.85
2011.08.09 11:26:43.403,0.77616,0.77641,1.11,2.10
2011.08.09 11:26:44.404,0.77616,0.77641,1.11,1.35
2011.08.09 11:26:44.525,0.77616,0.77638,1.11,1.35
2011.08.09 11:26:44.644,0.77612,0.77639,1.11,3.00
2011.08.09 11:26:44.764,0.77612,0.77639,1.11,1.35
2011.08.09 11:26:45.102,0.77618,0.77639,3.00,1.35
2011.08.09 11:26:45.222,0.77618,0.77646,4.71,1.50
2011.08.09 11:26:45.453,0.77619,0.77648,3.00,2.85
2011.08.09 11:26:46.638,0.77621,0.77649,1.11,1.50
2011.08.09 11:26:46.759,0.77621,0.77646,1.11,1.35
2011.08.09 11:26:47.312,0.77621,0.77646,1.11,2.25
2011.08.09 11:26:47.543,0.77621,0.77646,1.11,1.50
2011.08.09 11:26:47.772,0.77622,0.77647,1.11,1.50
2011.08.09 11:26:48.443,0.77626,0.77652,1.11,1.50
2011.08.09 11:26:48.563,0.77626,0.77653,1.11,1.50
2011.08.09 11:26:49.547,0.77626,0.77652,1.86,1.50
2011.08.09 11:26:49.771,0.7763,0.77655,1.11,1.50
2011.08.09 11:26:51.251,0.7763,0.77652,1.11,1.35
2011.08.09 11:26:51.691,0.77629,0.77652,1.11,1.35
2011.08.09 11:26:51.913,0.7763,0.77652,1.11,1.35
2011.08.09 11:26:53.495,0.7763,0.77655,1.11,2.85
2011.08.09 11:26:54.069,0.77634,0.77659,1.11,2.10
2011.08.09 11:26:54.472,0.77635,0.77659,1.11,2.10
2011.08.09 11:26:54.730,0.77635,0.77659,1.11,2.10
2011.08.09 11:26:55.393,0.77635,0.7766,1.11,1.50
2011.08.09 11:26:56.764,0.77633,0.77659,1.11,1.50
2011.08.09 11:26:57.343,0.77633,0.77659,1.11,1.50
2011.08.09 11:26:58.071,0.77635,0.77659,2.25,1.50
2011.08.09 11:26:58.191,0.77637,0.77664,1.11,1.50
2011.08.09 11:26:58.785,0.77637,0.77663,1.11,1.35
2011.08.09 11:26:59.515,0.77637,0.77663,1.86,2.10
2011.08.09 11:27:00.783,0.77634,0.77661,1.71,1.50
2011.08.09 11:27:01.124,0.77634,0.77656,1.11,2.10
2011.08.09 11:27:01.247,0.77634,0.77655,1.11,1.35
2011.08.09 11:27:01.479,0.77627,0.7765,1.86,1.50
2011.08.09 11:27:01.705,0.77627,0.77651,1.50,2.10
2011.08.09 11:27:02.043,0.77621,0.77644,3.75,1.35
2011.08.09 11:27:03.040,0.7762,0.77644,1.11,1.50
2011.08.09 11:27:03.701,0.77616,0.77643,1.11,3.00
2011.08.09 11:27:04.271,0.77616,0.77644,1.11,1.50
2011.08.09 11:27:05.982,0.77616,0.77643,4.11,2.25
2011.08.09 11:27:06.543,0.77622,0.77645,1.35,1.50
2011.08.09 11:27:06.773,0.77622,0.7765,1.35,1.50
2011.08.09 11:27:07.004,0.77622,0.7765,1.35,1.50
2011.08.09 11:27:07.343,0.77626,0.77652,1.11,2.10
2011.08.09 11:27:08.887,0.77626,0.77651,1.11,1.35
2011.08.09 11:27:09.011,0.77626,0.77649,1.11,1.35
2011.08.09 11:27:11.091,0.77626,0.7765,1.11,1.35
2011.08.09 11:27:12.297,0.77626,0.7765,1.11,1.35
2011.08.09 11:27:12.855,0.77626,0.7765,1.11,2.25
2011.08.09 11:27:12.974,0.77626,0.77649,1.11,1.50
2011.08.09 11:27:13.315,0.77619,0.77647,1.86,2.25
2011.08.09 11:27:13.547,0.7762,0.77645,1.11,1.50
2011.08.09 11:27:14.132,0.77619,0.77645,1.11,1.50
2011.08.09 11:27:14.693,0.77617,0.77628,1.11,1.50
2011.08.09 11:27:15.358,0.77609,0.77628,3.36,1.50
2011.08.09 11:27:15.815,0.77609,0.77624,1.11,1.50
2011.08.09 11:27:16.155,0.77606,0.77629,1.11,1.50
2011.08.09 11:27:16.381,0.77606,0.77629,1.11,2.25
2011.08.09 11:27:16.983,0.77605,0.77623,1.86,1.35
2011.08.09 11:27:17.323,0.77599,0.77619,1.11,1.50
2011.08.09 11:27:17.552,0.77599,0.77623,1.86,1.50
2011.08.09 11:27:17.665,0.77599,0.77623,1.50,1.50
2011.08.09 11:27:18.237,0.77598,0.77623,1.11,2.25
2011.08.09 11:27:18.574,0.77598,0.77611,1.11,1.50
2011.08.09 11:27:18.808,0.77598,0.7761,1.11,1.50
2011.08.09 11:27:19.367,0.77595,0.77607,1.11,1.50
2011.08.09 11:27:19.704,0.77586,0.77602,1.11,1.50
2011.08.09 11:27:19.936,0.77584,0.77602,1.11,1.50
2011.08.09 11:27:20.057,0.77582,0.77596,2.61,1.50
2011.08.09 11:27:20.736,0.77582,0.77595,1.11,1.50
2011.08.09 11:27:21.070,0.77582,0.7759,1.11,1.50
2011.08.09 11:27:22.322,0.77582,0.77599,1.11,1.50
2011.08.09 11:27:22.550,0.77579,0.77598,1.11,1.50
2011.08.09 11:27:22.771,0.7758,0.77599,1.11,1.50
2011.08.09 11:27:23.211,0.7758,0.77593,1.11,1.50
2011.08.09 11:27:23.433,0.77578,0.77593,1.86,1.50
2011.08.09 11:27:24.681,0.7758,0.77593,1.11,1.50
2011.08.09 11:27:25.010,0.77579,0.77597,1.11,1.50
2011.08.09 11:27:25.800,0.77579,0.77599,1.11,1.50
2011.08.09 11:27:26.441,0.77579,0.77601,2.46,1.50
2011.08.09 11:27:27.052,0.7758,0.77593,1.71,1.50
2011.08.09 11:27:27.683,0.7758,0.77594,1.11,1.50
2011.08.09 11:27:30.452,0.77576,0.77585,1.11,1.50
2011.08.09 11:27:30.792,0.77576,0.77592,1.11,1.50
2011.08.09 11:27:30.901,0.77576,0.77594,1.11,1.50
2011.08.09 11:27:31.011,0.77576,0.77593,1.11,1.50
2011.08.09 11:27:31.340,0.77576,0.77585,1.11,1.50
2011.08.09 11:27:31.802,0.77576,0.77592,1.11,1.50
2011.08.09 11:27:32.350,0.77576,0.77593,1.11,1.50
2011.08.09 11:27:32.852,0.77576,0.77592,1.11,1.50
2011.08.09 11:27:33.495,0.77576,0.77591,1.11,1.50
2011.08.09 11:27:33.614,0.77576,0.77594,1.86,1.50
2011.08.09 11:27:34.171,0.77576,0.77594,1.11,1.50
2011.08.09 11:27:34.722,0.77576,0.77592,1.11,1.50
2011.08.09 11:27:35.220,0.77575,0.7759,1.11,1.50
2011.08.09 11:27:35.441,0.77575,0.77591,1.11,1.50
2011.08.09 11:27:36.872,0.77576,0.77596,1.11,1.50
2011.08.09 11:27:36.994,0.77577,0.77595,1.11,1.50
2011.08.09 11:27:37.991,0.77581,0.77594,1.11,1.50
2011.08.09 11:27:38.431,0.77581,0.77594,1.11,1.50
2011.08.09 11:27:39.768,0.77581,0.77591,3.21,1.50
2011.08.09 11:27:39.886,0.77587,0.77602,1.50,1.50
2011.08.09 11:27:40.111,0.77587,0.77602,1.50,1.50
2011.08.09 11:27:40.661,0.77587,0.77602,1.50,1.50
2011.08.09 11:27:41.694,0.77587,0.77602,1.50,1.50
2011.08.09 11:27:41.812,0.77587,0.77604,1.50,1.50
2011.08.09 11:27:41.933,0.77585,0.77602,1.86,1.50
2011.08.09 11:27:43.472,0.77587,0.77602,1.50,1.50
2011.08.09 11:27:45.011,0.77586,0.77604,1.50,1.50
2011.08.09 11:27:45.123,0.77586,0.77604,1.50,1.50
2011.08.09 11:27:46.460,0.77586,0.77604,1.50,1.50
2011.08.09 11:27:46.580,0.77585,0.77602,1.86,1.50
2011.08.09 11:27:46.914,0.77581,0.77599,1.11,1.50
2011.08.09 11:27:47.365,0.7758,0.77599,1.11,1.50
2011.08.09 11:27:47.960,0.7758,0.77587,1.11,1.50
2011.08.09 11:27:48.408,0.77572,0.77598,1.11,1.35
2011.08.09 11:27:48.524,0.77572,0.77595,1.11,2.85
2011.08.09 11:27:48.864,0.77562,0.77573,3.36,1.50
2011.08.09 11:27:48.982,0.77562,0.77584,1.86,1.50
2011.08.09 11:27:49.433,0.77563,0.77585,1.50,1.50
2011.08.09 11:27:50.016,0.77564,0.77585,1.50,1.50
2011.08.09 11:27:51.434,0.77564,0.77585,1.50,1.50
2011.08.09 11:27:51.883,0.77567,0.77589,1.50,1.50
2011.08.09 11:27:52.002,0.77572,0.77591,1.50,1.50
2011.08.09 11:27:52.343,0.77569,0.77591,2.10,1.50
2011.08.09 11:27:52.465,0.77569,0.77588,1.35,1.50
2011.08.09 11:27:53.016,0.77567,0.77587,2.25,1.50
2011.08.09 11:27:53.354,0.77567,0.77581,2.25,1.50
2011.08.09 11:27:53.580,0.77562,0.77581,1.86,1.50
2011.08.09 11:27:54.135,0.77561,0.7758,1.71,1.50
2011.08.09 11:27:54.254,0.77558,0.7758,1.71,1.50
2011.08.09 11:27:54.485,0.77558,0.7757,1.86,1.50
2011.08.09 11:27:54.823,0.77558,0.7757,1.86,1.50
2011.08.09 11:27:55.165,0.77551,0.77561,1.11,1.50
2011.08.09 11:27:55.282,0.77551,0.77561,1.11,1.50
2011.08.09 11:27:56.494,0.77551,0.77561,2.46,1.50
2011.08.09 11:27:56.616,0.77555,0.77574,1.35,1.50
2011.08.09 11:27:56.732,0.77558,0.77576,1.50,1.50
2011.08.09 11:27:57.071,0.77556,0.77569,2.61,1.50
2011.08.09 11:27:57.182,0.77556,0.77574,2.61,1.50
2011.08.09 11:27:57.302,0.77556,0.77576,3.36,1.50
2011.08.09 11:27:57.634,0.77554,0.77562,1.86,1.50
2011.08.09 11:27:57.754,0.77552,0.77571,1.11,1.50
2011.08.09 11:27:57.873,0.77551,0.77573,1.71,2.25
2011.08.09 11:27:58.432,0.77552,0.77573,1.50,1.50
2011.08.09 11:27:58.552,0.77555,0.77574,1.11,1.50
2011.08.09 11:27:58.891,0.77555,0.77574,1.86,1.50
2011.08.09 11:27:59.460,0.77559,0.7757,1.86,1.50
2011.08.09 11:28:00.011,0.77557,0.77569,1.86,1.50
2011.08.09 11:28:00.232,0.77562,0.77583,1.35,1.50
2011.08.09 11:28:00.354,0.77564,0.77583,2.25,1.50
2011.08.09 11:28:00.691,0.77563,0.77573,1.11,1.50
2011.08.09 11:28:00.801,0.77563,0.77573,1.11,1.50
2011.08.09 11:28:01.243,0.77562,0.77575,1.11,1.50
2011.08.09 11:28:01.364,0.77561,0.77576,1.11,1.50
2011.08.09 11:28:01.611,0.77559,0.77576,3.00,1.50
2011.08.09 11:28:02.537,0.77556,0.77582,1.11,2.85
2011.08.09 11:28:03.854,0.77556,0.77582,1.11,2.85
2011.08.09 11:28:03.971,0.77556,0.7758,1.11,1.50
2011.08.09 11:28:04.192,0.77553,0.77573,1.11,1.50
2011.08.09 11:28:04.315,0.7755,0.77565,2.61,1.50
2011.08.09 11:28:04.544,0.77549,0.77571,1.11,1.50
2011.08.09 11:28:05.131,0.77548,0.7757,1.11,1.50
2011.08.09 11:28:06.687,0.77546,0.7757,1.86,1.50
2011.08.09 11:28:07.711,0.77546,0.77561,1.86,1.50
2011.08.09 11:28:08.244,0.77546,0.77559,1.86,1.50
2011.08.09 11:28:09.213,0.77546,0.77559,1.11,1.50
2011.08.09 11:28:09.442,0.77546,0.77557,1.11,1.50
2011.08.09 11:28:09.565,0.77546,0.77557,1.11,1.50
2011.08.09 11:28:10.124,0.77546,0.77564,1.11,1.50
2011.08.09 11:28:10.589,0.77546,0.77565,1.11,1.50
2011.08.09 11:28:11.035,0.77546,0.77554,1.11,1.50
2011.08.09 11:28:11.592,0.77547,0.77555,1.11,1.50
2011.08.09 11:28:11.931,0.77547,0.77564,1.11,1.50
2011.08.09 11:28:15.123,0.77545,0.77566,1.50,1.50
2011.08.09 11:28:15.470,0.77542,0.77562,1.50,2.10
2011.08.09 11:28:15.807,0.77536,0.77557,1.50,2.10
2011.08.09 11:28:16.365,0.77537,0.77557,1.50,1.50
2011.08.09 11:28:16.702,0.77536,0.7755,1.50,1.50
2011.08.09 11:28:17.151,0.77537,0.77557,1.50,1.50
2011.08.09 11:28:19.014,0.77536,0.77557,1.86,1.50
2011.08.09 11:28:19.244,0.77534,0.77557,3.00,2.10
2011.08.09 11:28:19.474,0.77534,0.77558,3.00,1.50
2011.08.09 11:28:22.471,0.77532,0.77558,2.25,1.35
2011.08.09 11:28:23.244,0.77537,0.7756,1.86,2.25
2011.08.09 11:28:23.363,0.77537,0.7756,1.86,1.50
2011.08.09 11:28:23.704,0.77537,0.7756,1.86,1.50
2011.08.09 11:28:24.260,0.77537,0.77559,1.11,1.50
2011.08.09 11:28:26.036,0.77535,0.77561,1.50,3.00
2011.08.09 11:28:26.151,0.77535,0.77561,1.50,3.00
2011.08.09 11:28:26.264,0.77539,0.77561,1.50,2.25
2011.08.09 11:28:26.602,0.77536,0.7756,1.50,1.35
2011.08.09 11:28:26.831,0.77534,0.7756,1.11,2.10
2011.08.09 11:28:27.051,0.77534,0.7756,1.11,2.25
2011.08.09 11:28:27.495,0.77534,0.77558,1.11,2.25
2011.08.09 11:28:27.833,0.77529,0.77553,1.11,1.35
2011.08.09 11:28:28.391,0.77526,0.77552,1.86,1.35
2011.08.09 11:28:29.713,0.77529,0.77557,1.86,2.25
2011.08.09 11:28:29.833,0.77534,0.77559,1.11,4.50
2011.08.09 11:28:30.065,0.77534,0.77562,1.11,1.50
2011.08.09 11:28:30.404,0.77546,0.77568,1.11,1.35
2011.08.09 11:28:30.524,0.77546,0.7757,1.11,3.75
2011.08.09 11:28:30.644,0.77546,0.7757,1.11,3.00
2011.08.09 11:28:31.120,0.77546,0.77572,1.11,1.50
2011.08.09 11:28:31.241,0.7756,0.77578,1.11,2.25
2011.08.09 11:28:31.354,0.7756,0.77583,1.11,3.00
2011.08.09 11:28:31.581,0.7756,0.77586,1.11,1.50
2011.08.09 11:28:32.025,0.77561,0.77587,1.50,2.25
2011.08.09 11:28:32.361,0.7756,0.77584,1.11,1.50
2011.08.09 11:28:33.154,0.7756,0.77584,1.11,2.25
2011.08.09 11:28:33.818,0.77553,0.77572,1.50,1.50
2011.08.09 11:28:34.042,0.77546,0.77572,1.11,1.50
2011.08.09 11:28:34.164,0.77546,0.77569,1.11,2.10
2011.08.09 11:28:34.503,0.77546,0.77569,1.11,2.10
2011.08.09 11:28:34.737,0.77544,0.77563,1.50,2.10
2011.08.09 11:28:35.072,0.77542,0.77563,1.11,2.10
2011.08.09 11:28:35.544,0.77542,0.77566,1.11,2.10
2011.08.09 11:28:36.551,0.77545,0.77572,2.10,1.50
2011.08.09 11:28:36.663,0.77548,0.77575,1.11,2.85
2011.08.09 11:28:36.780,0.77548,0.77575,1.11,2.10
2011.08.09 11:28:37.223,0.77551,0.77578,2.85,1.50
2011.08.09 11:28:37.342,0.77552,0.77579,1.11,2.10
2011.08.09 11:28:37.454,0.77553,0.77579,1.50,2.85
2011.08.09 11:28:37.683,0.77553,0.77576,1.50,1.35
2011.08.09 11:28:37.807,0.77553,0.77575,1.50,2.85
2011.08.09 11:28:38.033,0.77553,0.77572,1.50,1.35
2011.08.09 11:28:38.841,0.7754,0.77566,3.75,1.35
2011.08.09 11:28:38.955,0.77547,0.77571,1.11,1.35
2011.08.09 11:28:39.075,0.77547,0.77571,1.11,1.35
2011.08.09 11:28:39.415,0.77547,0.77573,1.86,1.35
2011.08.09 11:28:40.462,0.77547,0.77575,2.46,2.25
2011.08.09 11:28:41.154,0.77547,0.77574,2.46,1.50
2011.08.09 11:28:41.713,0.77547,0.77573,1.86,1.35
2011.08.09 11:28:42.616,0.77547,0.77575,1.86,1.50
2011.08.09 11:28:42.736,0.7755,0.77573,1.11,1.35
2011.08.09 11:28:43.073,0.77549,0.77577,4.11,1.35
2011.08.09 11:28:43.524,0.77559,0.7758,1.50,2.10
2011.08.09 11:28:43.754,0.7756,0.77584,1.50,1.50
2011.08.09 11:28:43.873,0.7756,0.77586,1.50,1.50
2011.08.09 11:28:44.214,0.77559,0.77586,1.11,1.50
2011.08.09 11:28:44.340,0.77561,0.7759,1.86,2.25
2011.08.09 11:28:44.458,0.77561,0.7759,1.86,1.50
2011.08.09 11:28:45.085,0.77567,0.77595,1.11,3.00
2011.08.09 11:28:45.202,0.77568,0.77595,1.50,2.25
2011.08.09 11:28:45.542,0.77568,0.77595,1.50,2.25
2011.08.09 11:28:45.773,0.77568,0.77595,1.50,2.25
2011.08.09 11:28:46.226,0.77568,0.77594,1.50,1.50
2011.08.09 11:28:46.341,0.77567,0.77594,1.11,1.50
2011.08.09 11:28:47.604,0.77568,0.77593,1.11,1.50
2011.08.09 11:28:47.721,0.77568,0.77593,1.11,1.50
2011.08.09 11:28:47.845,0.77568,0.77591,1.11,2.10
2011.08.09 11:28:51.136,0.77568,0.77593,1.11,2.10
2011.08.09 11:28:51.252,0.77572,0.77593,1.50,1.35
2011.08.09 11:28:52.301,0.77572,0.77596,1.11,1.35
2011.08.09 11:28:52.861,0.77572,0.77595,1.11,1.35
2011.08.09 11:28:53.302,0.77565,0.77593,1.11,1.50
2011.08.09 11:28:53.643,0.77565,0.77593,1.11,2.10
2011.08.09 11:28:54.108,0.77565,0.77593,1.11,1.50
2011.08.09 11:28:54.242,0.77564,0.77579,1.50,2.10
2011.08.09 11:28:54.476,0.77552,0.77574,1.11,1.35
2011.08.09 11:28:55.033,0.77552,0.77574,1.11,1.35
2011.08.09 11:28:56.156,0.77552,0.77573,1.11,1.35
2011.08.09 11:28:56.384,0.77552,0.77575,1.11,1.35
2011.08.09 11:28:56.967,0.77556,0.77579,1.50,1.35
2011.08.09 11:28:57.204,0.77556,0.77579,1.50,1.50
2011.08.09 11:28:57.893,0.77554,0.77574,1.11,1.50
2011.08.09 11:28:58.016,0.77554,0.77576,1.11,1.50
2011.08.09 11:28:58.572,0.77555,0.77578,1.50,1.50
2011.08.09 11:28:58.682,0.77555,0.7758,1.50,1.50
2011.08.09 11:28:59.102,0.77555,0.77579,1.50,1.50
2011.08.09 11:29:00.571,0.77555,0.77579,1.50,1.35
2011.08.09 11:29:01.591,0.77556,0.7758,1.50,1.35
2011.08.09 11:29:03.255,0.77558,0.77582,1.11,1.50
2011.08.09 11:29:04.162,0.7756,0.7758,1.11,1.35
2011.08.09 11:29:04.283,0.7756,0.77579,1.11,1.50
2011.08.09 11:29:04.514,0.77556,0.77579,1.11,1.50
2011.08.09 11:29:05.183,0.77556,0.77579,1.86,1.50
2011.08.09 11:29:05.782,0.77557,0.77582,1.50,2.25
2011.08.09 11:29:06.754,0.77553,0.77576,1.11,1.50
2011.08.09 11:29:06.878,0.77553,0.77576,1.11,1.35
2011.08.09 11:29:06.992,0.77553,0.77576,1.11,1.35
2011.08.09 11:29:07.541,0.77553,0.77577,1.11,1.35
2011.08.09 11:29:07.903,0.77554,0.77577,1.50,1.50
2011.08.09 11:29:08.136,0.77551,0.77574,1.50,1.50
2011.08.09 11:29:08.256,0.77551,0.77569,1.50,1.50
2011.08.09 11:29:08.488,0.77544,0.77562,2.61,1.50
2011.08.09 11:29:08.714,0.77544,0.77566,3.00,4.50
2011.08.09 11:29:09.290,0.77538,0.77561,1.50,1.35
2011.08.09 11:29:09.512,0.77543,0.77561,1.11,1.35
2011.08.09 11:29:11.244,0.77537,0.77555,1.11,2.10
2011.08.09 11:29:11.364,0.77537,0.77559,1.11,2.10
2011.08.09 11:29:11.925,0.77535,0.77555,1.11,2.10
2011.08.09 11:29:13.295,0.77534,0.77556,1.50,1.35
2011.08.09 11:29:13.746,0.77531,0.77543,1.11,1.50
2011.08.09 11:29:13.864,0.77531,0.77555,1.50,1.50
2011.08.09 11:29:13.985,0.77533,0.77557,1.50,1.50
2011.08.09 11:29:14.212,0.77535,0.77557,1.11,1.50
2011.08.09 11:29:14.666,0.77535,0.77558,1.11,1.50
2011.08.09 11:29:15.221,0.77535,0.77556,1.86,1.50
2011.08.09 11:29:16.402,0.77535,0.77557,1.11,1.50
2011.08.09 11:29:16.855,0.77533,0.77547,1.71,1.50
2011.08.09 11:29:17.081,0.77535,0.77555,1.11,1.50
2011.08.09 11:29:17.411,0.77535,0.77555,1.11,1.50
2011.08.09 11:29:18.542,0.77531,0.77555,1.11,1.50
2011.08.09 11:29:19.136,0.77531,0.77553,1.11,1.50
2011.08.09 11:29:19.382,0.77533,0.77555,1.86,1.50
2011.08.09 11:29:19.970,0.77534,0.77557,1.50,1.50
2011.08.09 11:29:20.416,0.77536,0.77559,1.50,1.50
2011.08.09 11:29:21.093,0.77536,0.77556,1.50,1.50
2011.08.09 11:29:22.111,0.77536,0.77558,1.50,1.50
2011.08.09 11:29:22.378,0.77537,0.77556,1.11,1.50
2011.08.09 11:29:22.992,0.77537,0.77556,1.11,1.50
2011.08.09 11:29:23.352,0.77537,0.77557,1.11,1.50
2011.08.09 11:29:23.574,0.77537,0.7756,1.11,2.10
2011.08.09 11:29:24.082,0.77537,0.7756,1.11,2.10
2011.08.09 11:29:24.691,0.77537,0.7756,1.11,2.10
2011.08.09 11:29:24.804,0.77537,0.7756,1.11,2.10
2011.08.09 11:29:25.714,0.77538,0.77562,1.35,1.50
2011.08.09 11:29:25.945,0.77546,0.77569,1.35,1.50
2011.08.09 11:29:26.282,0.7755,0.77573,1.35,4.50
2011.08.09 11:29:26.403,0.7755,0.77573,1.71,1.50
2011.08.09 11:29:26.964,0.7755,0.77572,1.71,1.50
2011.08.09 11:29:27.301,0.77548,0.77566,3.00,1.50
2011.08.09 11:29:27.985,0.77545,0.77566,1.50,1.50
2011.08.09 11:29:29.911,0.77542,0.77568,1.86,1.50
2011.08.09 11:29:30.023,0.77542,0.77569,1.86,1.50
2011.08.09 11:29:30.363,0.77544,0.7757,1.50,2.85
2011.08.09 11:29:31.016,0.77546,0.7757,1.71,1.50
2011.08.09 11:29:31.244,0.77549,0.77573,1.11,1.50
2011.08.09 11:29:31.478,0.77551,0.77574,2.10,1.50
2011.08.09 11:29:31.814,0.77553,0.77578,1.11,2.25
2011.08.09 11:29:34.037,0.77553,0.77579,1.11,3.75
2011.08.09 11:29:34.158,0.77553,0.77579,1.11,3.00
2011.08.09 11:29:34.491,0.77553,0.77579,1.11,3.00
2011.08.09 11:29:34.822,0.77551,0.77574,1.50,1.50
2011.08.09 11:29:35.163,0.77548,0.77572,1.11,1.50
2011.08.09 11:29:35.505,0.77548,0.77572,1.86,1.50
2011.08.09 11:29:35.624,0.77548,0.77572,1.86,1.50
2011.08.09 11:29:35.855,0.77548,0.77572,1.86,1.50
2011.08.09 11:29:36.082,0.77548,0.77572,1.86,1.50
2011.08.09 11:29:37.821,0.77548,0.7757,1.11,1.50
2011.08.09 11:29:38.401,0.77548,0.77571,1.11,1.50
2011.08.09 11:29:39.453,0.77548,0.77573,1.11,1.50
2011.08.09 11:29:39.902,0.77552,0.77573,1.35,1.50
2011.08.09 11:29:40.462,0.77552,0.77574,1.35,1.50
2011.08.09 11:29:41.093,0.77552,0.77571,1.35,1.50
2011.08.09 11:29:41.433,0.77548,0.77568,1.11,1.50
2011.08.09 11:29:41.552,0.77548,0.77568,1.11,1.50
2011.08.09 11:29:41.780,0.77548,0.77568,1.11,1.50
2011.08.09 11:29:42.383,0.77548,0.77568,1.11,1.50
2011.08.09 11:29:42.502,0.77546,0.77568,1.71,1.50
2011.08.09 11:29:43.511,0.77546,0.7757,1.71,1.50
2011.08.09 11:29:43.952,0.77548,0.77571,1.50,1.50
2011.08.09 11:29:44.586,0.77548,0.77571,1.50,1.50
2011.08.09 11:29:44.814,0.77548,0.7757,1.50,1.50
2011.08.09 11:29:45.380,0.77546,0.77568,1.11,2.10
2011.08.09 11:29:45.624,0.77545,0.77565,1.50,1.50
2011.08.09 11:29:45.858,0.7755,0.77563,2.10,1.50
2011.08.09 11:29:46.085,0.77554,0.77577,1.35,1.50
2011.08.09 11:29:46.204,0.77554,0.77577,1.35,2.25
2011.08.09 11:29:46.653,0.77554,0.77577,1.71,1.50
2011.08.09 11:29:46.993,0.77554,0.77579,2.46,1.50
2011.08.09 11:29:47.112,0.77554,0.77579,2.46,1.50
2011.08.09 11:29:47.563,0.77557,0.77578,1.11,1.50
2011.08.09 11:29:48.449,0.7756,0.7758,1.11,1.50
2011.08.09 11:29:48.782,0.7756,0.77578,1.71,1.50
2011.08.09 11:29:49.534,0.7756,0.7758,1.71,1.50
2011.08.09 11:29:50.091,0.7756,0.77579,1.71,1.50
2011.08.09 11:29:50.312,0.7756,0.7758,1.71,1.50
2011.08.09 11:29:50.813,0.7756,0.77585,1.71,1.50
2011.08.09 11:29:52.294,0.77563,0.7759,1.86,1.35
2011.08.09 11:29:52.992,0.77563,0.77586,1.11,1.35
2011.08.09 11:29:53.333,0.77562,0.77584,3.00,1.50
2011.08.09 11:29:53.895,0.77559,0.77584,1.11,1.50
2011.08.09 11:29:55.316,0.77559,0.77581,1.11,1.35
2011.08.09 11:29:55.439,0.77556,0.7758,1.11,1.50
2011.08.09 11:29:55.993,0.77555,0.77581,1.50,2.85
2011.08.09 11:29:56.333,0.77557,0.77583,1.35,1.50
2011.08.09 11:29:56.891,0.77562,0.77585,3.00,1.50
2011.08.09 11:29:57.512,0.77566,0.7759,1.35,1.50
2011.08.09 11:29:57.852,0.77566,0.77589,1.35,1.50
2011.08.09 11:29:58.083,0.77563,0.7759,3.36,1.50
2011.08.09 11:29:58.314,0.77563,0.77587,1.11,2.10
2011.08.09 11:29:58.871,0.77559,0.77584,1.11,1.50
2011.08.09 11:30:01.412,0.77559,0.77586,2.61,1.50
2011.08.09 11:30:01.644,0.77559,0.77584,3.36,1.50
2011.08.09 11:30:02.015,0.77559,0.77584,3.36,1.50
2011.08.09 11:30:03.524,0.77561,0.77586,1.35,3.00
2011.08.09 11:30:03.752,0.77562,0.77587,1.11,2.25
2011.08.09 11:30:05.498,0.77565,0.77587,1.35,1.50
2011.08.09 11:30:05.723,0.77565,0.77589,1.35,1.50
2011.08.09 11:30:05.844,0.77565,0.77591,1.35,1.50
2011.08.09 11:30:05.964,0.77565,0.7759,1.35,1.50
2011.08.09 11:30:06.416,0.77565,0.77589,1.35,1.50
2011.08.09 11:30:06.752,0.77565,0.7759,1.35,1.50
2011.08.09 11:30:07.194,0.77564,0.7759,1.11,1.35
2011.08.09 11:30:08.851,0.77564,0.7759,1.11,1.35
2011.08.09 11:30:10.413,0.77564,0.77591,1.71,1.50
2011.08.09 11:30:11.401,0.77564,0.77591,1.71,1.50
2011.08.09 11:30:12.139,0.77564,0.77591,1.71,2.25
2011.08.09 11:30:13.960,0.77567,0.77592,1.11,1.35
2011.08.09 11:30:14.401,0.77567,0.77593,1.11,3.60
2011.08.09 11:30:16.862,0.77568,0.77595,1.35,3.00
2011.08.09 11:30:16.982,0.77568,0.77595,1.35,2.25
2011.08.09 11:30:17.489,0.77569,0.77596,1.50,1.35
2011.08.09 11:30:17.610,0.77573,0.77597,1.35,1.50
2011.08.09 11:30:17.724,0.77573,0.77597,1.35,1.50
2011.08.09 11:30:17.957,0.77573,0.77601,2.85,2.85
2011.08.09 11:30:18.515,0.77575,0.77601,1.11,1.35
2011.08.09 11:30:18.741,0.77575,0.77599,1.11,1.35
2011.08.09 11:30:18.852,0.77575,0.77599,1.11,1.35
2011.08.09 11:30:19.303,0.77575,0.77599,1.11,1.35
2011.08.09 11:30:19.424,0.77575,0.77598,1.11,1.35
2011.08.09 11:30:20.009,0.77575,0.77598,1.11,2.10
2011.08.09 11:30:20.515,0.77575,0.77599,1.11,1.35
2011.08.09 11:30:20.931,0.77575,0.776,1.11,1.50
2011.08.09 11:30:21.266,0.77578,0.77593,1.50,1.50
2011.08.09 11:30:21.601,0.77578,0.77595,1.86,1.50
2011.08.09 11:30:22.231,0.77579,0.77595,1.35,1.50
2011.08.09 11:30:22.341,0.77579,0.77605,1.35,2.25
2011.08.09 11:30:22.563,0.77582,0.77607,1.35,3.00
2011.08.09 11:30:23.015,0.7758,0.77607,1.35,1.50
2011.08.09 11:30:23.132,0.77581,0.77609,1.50,2.10
2011.08.09 11:30:23.254,0.77584,0.7761,2.10,1.50
2011.08.09 11:30:24.095,0.77585,0.77611,3.00,1.50
2011.08.09 11:30:24.981,0.77584,0.77611,3.60,1.50
2011.08.09 11:30:25.090,0.77584,0.77611,3.60,1.50
2011.08.09 11:30:25.531,0.77586,0.7761,1.50,1.50
2011.08.09 11:30:25.756,0.77585,0.77611,1.50,1.50
2011.08.09 11:30:26.093,0.77585,0.77611,1.50,1.50
2011.08.09 11:30:26.212,0.77585,0.77611,1.50,1.50
2011.08.09 11:30:27.209,0.77588,0.77611,1.35,1.50
2011.08.09 11:30:27.327,0.77588,0.77611,1.35,1.50
2011.08.09 11:30:27.773,0.77586,0.77611,1.50,2.10
2011.08.09 11:30:28.336,0.77586,0.77613,1.11,1.50
2011.08.09 11:30:28.452,0.77586,0.77614,1.11,2.25
2011.08.09 11:30:29.012,0.77586,0.77613,1.11,2.25
2011.08.09 11:30:29.132,0.77586,0.7761,1.11,1.50
2011.08.09 11:30:29.691,0.77589,0.77613,1.35,1.50
2011.08.09 11:30:29.921,0.77589,0.77614,1.35,2.25
2011.08.09 11:30:30.263,0.77589,0.77614,1.35,2.25
2011.08.09 11:30:31.950,0.77589,0.77613,1.35,1.50
2011.08.09 11:30:32.068,0.77603,0.7762,1.35,2.25
2011.08.09 11:30:32.402,0.7761,0.77625,1.11,2.25
2011.08.09 11:30:32.521,0.7761,0.77636,1.11,1.50
2011.08.09 11:30:32.962,0.7761,0.77635,1.71,2.25
2011.08.09 11:30:33.076,0.7761,0.77631,1.11,1.35
2011.08.09 11:30:33.633,0.77607,0.77633,1.86,2.10
2011.08.09 11:30:34.711,0.77607,0.77632,1.86,1.35
2011.08.09 11:30:34.936,0.77607,0.77632,1.11,1.35
2011.08.09 11:30:35.059,0.77605,0.7763,1.50,1.50
2011.08.09 11:30:35.598,0.77604,0.77629,1.50,1.50
2011.08.09 11:30:36.612,0.77603,0.77628,1.50,3.00
2011.08.09 11:30:36.734,0.776,0.77625,2.46,1.50
2011.08.09 11:30:37.071,0.776,0.77626,1.71,1.50
2011.08.09 11:30:37.403,0.776,0.77624,1.71,2.25
2011.08.09 11:30:37.965,0.77597,0.77623,2.46,1.50
2011.08.09 11:30:38.891,0.77597,0.77622,2.46,1.50
2011.08.09 11:30:39.902,0.77598,0.77624,1.50,1.50
2011.08.09 11:30:41.102,0.77597,0.77623,1.71,1.50
2011.08.09 11:30:41.225,0.77597,0.7762,1.11,1.35
2011.08.09 11:30:41.904,0.77592,0.77617,1.11,2.10
2011.08.09 11:30:42.364,0.77589,0.77614,1.11,2.10
2011.08.09 11:30:42.487,0.77589,0.77614,1.11,2.10
2011.08.09 11:30:42.934,0.77592,0.77618,1.11,2.25
2011.08.09 11:30:43.492,0.77594,0.77618,1.11,1.50
2011.08.09 11:30:44.051,0.77594,0.7762,1.11,1.35
2011.08.09 11:30:44.392,0.77594,0.7762,1.11,1.35
2011.08.09 11:30:45.027,0.77594,0.77619,1.11,1.50
2011.08.09 11:30:45.762,0.77595,0.7762,2.10,1.50
2011.08.09 11:30:46.102,0.77596,0.77622,2.25,1.50
2011.08.09 11:30:46.442,0.77598,0.77625,1.11,2.85
2011.08.09 11:30:49.725,0.776,0.77625,1.50,2.10
2011.08.09 11:30:49.842,0.77597,0.77625,1.11,2.85
2011.08.09 11:30:50.182,0.77597,0.77621,1.11,1.50
2011.08.09 11:30:50.522,0.77597,0.77625,1.86,2.85
2011.08.09 11:30:50.641,0.77597,0.77625,1.86,2.10
2011.08.09 11:30:56.016,0.77603,0.7763,2.10,1.50
2011.08.09 11:30:56.462,0.77603,0.77625,2.10,1.50
2011.08.09 11:30:57.132,0.77601,0.77625,1.11,1.50
2011.08.09 11:30:57.582,0.77604,0.77629,1.35,1.50
2011.08.09 11:30:58.682,0.77604,0.77627,1.11,2.10
2011.08.09 11:31:00.013,0.776,0.77625,1.86,1.50
2011.08.09 11:31:00.463,0.77601,0.77625,1.11,1.50
2011.08.09 11:31:03.473,0.77601,0.77625,1.11,1.50
2011.08.09 11:31:04.255,0.77598,0.77624,1.86,1.35
2011.08.09 11:31:05.241,0.77598,0.77623,1.11,2.25
2011.08.09 11:31:05.776,0.77598,0.7762,1.11,1.50
2011.08.09 11:31:06.541,0.77598,0.77619,1.11,1.35
2011.08.09 11:31:06.980,0.77598,0.77619,1.11,1.35
2011.08.09 11:31:07.533,0.77598,0.77624,1.11,2.85
2011.08.09 11:31:08.093,0.776,0.77624,1.50,2.10
2011.08.09 11:31:09.122,0.77598,0.77624,1.86,2.10
2011.08.09 11:31:10.324,0.776,0.77624,1.50,1.35
2011.08.09 11:31:10.557,0.77598,0.77623,1.11,1.50
2011.08.09 11:31:11.114,0.77598,0.77623,1.11,1.50
2011.08.09 11:31:16.986,0.77599,0.77625,1.35,1.50
2011.08.09 11:31:17.218,0.77598,0.77624,1.11,1.35
2011.08.09 11:31:17.665,0.77598,0.77622,1.11,1.50
2011.08.09 11:31:19.761,0.77602,0.77623,1.50,2.25
2011.08.09 11:31:19.873,0.77602,0.77626,2.25,1.50
2011.08.09 11:31:20.102,0.77601,0.77625,1.35,1.50
2011.08.09 11:31:20.442,0.77598,0.77622,1.86,1.50
2011.08.09 11:31:20.771,0.77598,0.77623,1.11,3.75
2011.08.09 11:31:20.995,0.77598,0.77621,1.11,1.50
2011.08.09 11:31:21.551,0.77598,0.77624,1.11,1.50
2011.08.09 11:31:22.168,0.77601,0.77625,1.11,1.50
2011.08.09 11:31:25.068,0.77607,0.77633,1.11,1.50
2011.08.09 11:31:25.401,0.77607,0.77632,1.11,1.50
2011.08.09 11:31:25.954,0.77607,0.77632,1.11,1.50
2011.08.09 11:31:26.512,0.77607,0.77632,1.11,1.50
2011.08.09 11:31:27.313,0.77607,0.77632,1.11,1.50
2011.08.09 11:31:30.814,0.77607,0.77634,1.11,2.25
2011.08.09 11:31:31.154,0.77607,0.77634,1.11,2.25
2011.08.09 11:31:31.711,0.77607,0.77631,2.61,1.35
2011.08.09 11:31:32.692,0.77605,0.77629,1.11,1.35
2011.08.09 11:31:33.631,0.77605,0.77629,1.11,1.35
2011.08.09 11:31:34.292,0.77604,0.77629,1.11,2.10
2011.08.09 11:31:34.846,0.776,0.77625,1.11,1.35
2011.08.09 11:31:35.403,0.77598,0.77623,1.50,2.10
2011.08.09 11:31:35.525,0.77596,0.77619,1.11,1.35
2011.08.09 11:31:35.644,0.77596,0.77619,1.11,1.35
2011.08.09 11:31:35.764,0.77601,0.77623,1.11,1.50
2011.08.09 11:31:36.649,0.77604,0.77628,1.11,1.35
2011.08.09 11:31:36.988,0.77601,0.77623,1.50,1.50
2011.08.09 11:31:37.432,0.77598,0.77623,1.50,1.50
2011.08.09 11:31:38.244,0.77597,0.77623,1.11,1.50
2011.08.09 11:31:38.692,0.77597,0.77622,1.11,1.50
2011.08.09 11:31:41.007,0.776,0.77623,1.35,2.25
2011.08.09 11:31:41.344,0.77604,0.77626,1.35,1.50
2011.08.09 11:31:41.463,0.77604,0.77626,1.35,1.50
2011.08.09 11:31:41.582,0.77604,0.77629,1.35,1.50
2011.08.09 11:31:42.025,0.77612,0.77629,2.48,1.50
2011.08.09 11:31:42.814,0.77617,0.77639,2.61,3.00
2011.08.09 11:31:43.382,0.7761,0.77634,1.86,1.35
2011.08.09 11:31:43.942,0.77609,0.77634,1.11,1.35
2011.08.09 11:31:44.702,0.77606,0.77631,1.35,1.50
2011.08.09 11:31:45.205,0.77606,0.77631,1.35,3.00
2011.08.09 11:31:45.434,0.77605,0.77629,1.11,1.35
2011.08.09 11:31:46.047,0.77601,0.77628,1.71,1.50
2011.08.09 11:31:46.384,0.77601,0.77628,1.71,1.50
2011.08.09 11:31:46.834,0.77605,0.77626,1.11,1.50
2011.08.09 11:31:46.954,0.77605,0.77631,1.11,3.00
2011.08.09 11:31:47.515,0.77617,0.77635,1.35,2.25
2011.08.09 11:31:48.244,0.77618,0.77645,1.11,2.85
2011.08.09 11:31:48.373,0.77621,0.77645,1.35,1.50
2011.08.09 11:31:50.711,0.77621,0.77645,1.35,1.50
2011.08.09 11:31:51.053,0.77621,0.77646,1.35,1.50
2011.08.09 11:31:51.172,0.77621,0.77644,1.35,1.50
2011.08.09 11:31:51.405,0.77616,0.77641,1.71,1.50
2011.08.09 11:31:51.524,0.77616,0.7764,1.71,1.50
2011.08.09 11:31:52.803,0.77609,0.77635,1.11,1.35
2011.08.09 11:31:53.142,0.77607,0.77631,1.50,2.25
2011.08.09 11:31:53.592,0.77605,0.7763,1.35,1.50
2011.08.09 11:31:54.261,0.77605,0.7763,1.35,2.25
2011.08.09 11:31:54.593,0.77608,0.77635,1.11,2.10
2011.08.09 11:31:54.931,0.77611,0.77636,1.35,1.50
2011.08.09 11:31:55.041,0.77611,0.77637,1.35,1.50
2011.08.09 11:31:55.376,0.77619,0.7764,1.35,1.50
2011.08.09 11:31:55.495,0.77619,0.77642,1.35,2.25
2011.08.09 11:31:56.037,0.77619,0.77644,1.35,1.50
2011.08.09 11:31:56.593,0.7762,0.77645,1.11,1.35
2011.08.09 11:31:57.151,0.7762,0.77645,1.11,1.35
2011.08.09 11:31:57.591,0.7762,0.77645,1.11,1.35
2011.08.09 11:31:57.706,0.7762,0.77646,1.11,2.10
2011.08.09 11:31:58.263,0.77623,0.77647,1.11,1.50
2011.08.09 11:31:58.601,0.7762,0.77643,1.11,1.35
2011.08.09 11:31:59.745,0.7762,0.77643,1.11,1.35
2011.08.09 11:31:59.974,0.77616,0.77642,1.35,1.50
2011.08.09 11:32:01.442,0.77617,0.77639,1.35,1.50
2011.08.09 11:32:02.104,0.77619,0.77645,1.11,1.35
2011.08.09 11:32:02.230,0.77619,0.77646,1.71,2.10
2011.08.09 11:32:03.251,0.77619,0.77646,3.96,2.10
2011.08.09 11:32:03.693,0.77619,0.77646,1.71,2.10
2011.08.09 11:32:04.613,0.77621,0.77646,1.50,1.35
2011.08.09 11:32:04.952,0.77624,0.77648,1.50,1.50
2011.08.09 11:32:06.278,0.77623,0.77648,1.11,1.50
2011.08.09 11:32:06.724,0.77622,0.77647,1.86,1.35
2011.08.09 11:32:07.300,0.77618,0.77645,1.11,1.50
2011.08.09 11:32:07.633,0.77618,0.77643,1.11,2.25
2011.08.09 11:32:07.971,0.77623,0.77646,1.11,1.50
2011.08.09 11:32:09.422,0.77625,0.77649,1.35,1.50
2011.08.09 11:32:09.763,0.77627,0.77651,1.35,1.50
2011.08.09 11:32:09.992,0.77627,0.77652,1.35,1.50
2011.08.09 11:32:16.975,0.77626,0.77651,1.11,1.50
2011.08.09 11:32:17.203,0.77626,0.7765,1.11,2.25
2011.08.09 11:32:17.784,0.77624,0.77649,1.35,2.25
2011.08.09 11:32:18.235,0.77624,0.77649,1.35,1.50
2011.08.09 11:32:18.983,0.77627,0.77652,1.11,2.10
2011.08.09 11:32:19.214,0.77627,0.77652,1.71,1.50
2011.08.09 11:32:19.984,0.77629,0.77655,1.11,2.10
2011.08.09 11:32:20.108,0.77629,0.77655,1.11,1.35
2011.08.09 11:32:21.643,0.77629,0.77656,1.11,2.85
2011.08.09 11:32:22.874,0.77635,0.77653,1.35,1.50
2011.08.09 11:32:23.012,0.77641,0.7766,1.35,3.00
2011.08.09 11:32:23.138,0.77642,0.7767,1.50,2.25
2011.08.09 11:32:24.134,0.77646,0.77672,1.35,1.50
2011.08.09 11:32:25.043,0.77651,0.77673,1.35,1.50
2011.08.09 11:32:25.713,0.77648,0.77673,1.50,1.50
2011.08.09 11:32:26.272,0.77647,0.77673,1.50,1.50
2011.08.09 11:32:26.602,0.77651,0.77674,1.50,2.10
2011.08.09 11:32:26.821,0.77651,0.77674,1.50,2.10
2011.08.09 11:32:27.044,0.77651,0.77674,1.50,1.35
2011.08.09 11:32:27.779,0.77646,0.77669,1.50,1.35
2011.08.09 11:32:27.892,0.77646,0.77669,1.50,1.35
2011.08.09 11:32:28.123,0.77645,0.77669,1.50,1.35
2011.08.09 11:32:28.682,0.77643,0.77669,1.11,2.10
2011.08.09 11:32:29.463,0.7765,0.77672,1.35,1.50
2011.08.09 11:32:29.929,0.7765,0.77673,1.35,1.50
2011.08.09 11:32:30.038,0.7765,0.77676,1.35,2.25
2011.08.09 11:32:30.895,0.7765,0.77676,1.35,2.25
2011.08.09 11:32:31.344,0.7765,0.77676,1.35,1.50
2011.08.09 11:32:31.681,0.77651,0.77676,1.50,1.50
2011.08.09 11:32:32.116,0.77651,0.77676,1.50,1.50
2011.08.09 11:32:32.236,0.77648,0.77668,2.61,1.50
2011.08.09 11:32:32.818,0.77646,0.77667,4.50,1.50
2011.08.09 11:32:32.933,0.77643,0.77667,1.11,1.50
2011.08.09 11:32:33.273,0.77642,0.77667,1.11,1.50
2011.08.09 11:32:33.500,0.77643,0.77667,1.11,1.50
2011.08.09 11:32:34.716,0.77642,0.77669,1.11,1.35
2011.08.09 11:32:35.677,0.77642,0.77669,1.11,1.35
2011.08.09 11:32:35.797,0.77641,0.77669,1.11,1.35
2011.08.09 11:32:36.133,0.77642,0.77669,1.11,1.35
2011.08.09 11:32:36.582,0.77641,0.77669,1.11,1.35
2011.08.09 11:32:36.925,0.77638,0.77662,3.75,1.35
2011.08.09 11:32:37.264,0.77638,0.77656,2.25,1.50
2011.08.09 11:32:37.383,0.77631,0.77656,3.60,1.50
2011.08.09 11:32:37.833,0.77633,0.77658,1.11,2.10
2011.08.09 11:32:38.171,0.77633,0.77659,1.11,1.50
2011.08.09 11:32:38.754,0.77626,0.77653,1.11,1.50
2011.08.09 11:32:39.533,0.77626,0.77653,3.36,2.25
2011.08.09 11:32:39.653,0.77626,0.77653,3.36,2.25
2011.08.09 11:32:40.211,0.77627,0.77652,1.35,1.50
2011.08.09 11:32:40.934,0.77627,0.77653,1.35,1.50
2011.08.09 11:32:41.782,0.77622,0.77647,1.35,1.50
2011.08.09 11:32:42.126,0.77622,0.77646,1.35,1.50
2011.08.09 11:32:42.461,0.77629,0.77652,1.35,3.00
2011.08.09 11:32:42.904,0.77631,0.77658,3.36,1.50
2011.08.09 11:32:43.242,0.77636,0.77658,1.11,1.50
2011.08.09 11:32:44.754,0.77638,0.77662,1.86,1.50
2011.08.09 11:32:44.873,0.77638,0.77661,1.86,1.50
2011.08.09 11:32:46.013,0.77638,0.77664,1.86,3.75
2011.08.09 11:32:46.135,0.7764,0.77664,1.50,1.50
2011.08.09 11:32:46.474,0.7764,0.77665,1.50,2.10
2011.08.09 11:32:46.812,0.77643,0.77669,1.71,1.50
2011.08.09 11:32:47.403,0.77651,0.77671,1.11,1.35
2011.08.09 11:32:53.114,0.77651,0.77669,1.11,1.50
2011.08.09 11:32:53.453,0.77651,0.77674,2.46,1.50
2011.08.09 11:32:53.573,0.77654,0.77675,1.11,1.50
2011.08.09 11:32:53.802,0.77657,0.77677,1.11,1.50
2011.08.09 11:32:56.063,0.77657,0.77681,1.11,1.50
2011.08.09 11:32:58.002,0.77659,0.77681,1.71,1.50
2011.08.09 11:32:58.552,0.77659,0.77681,1.35,1.50
2011.08.09 11:32:59.111,0.77655,0.7768,1.11,1.50
2011.08.09 11:33:00.178,0.77655,0.7768,1.11,1.50
2011.08.09 11:33:00.923,0.77655,0.7768,1.11,1.50
2011.08.09 11:33:01.842,0.77655,0.7768,1.11,1.50
2011.08.09 11:33:02.185,0.77655,0.7768,1.11,1.50
2011.08.09 11:33:02.305,0.77664,0.77681,1.50,1.50
2011.08.09 11:33:02.643,0.77666,0.77688,1.71,1.50
2011.08.09 11:33:03.203,0.77669,0.7769,2.25,1.50
2011.08.09 11:33:03.765,0.77669,0.77691,1.35,1.50
2011.08.09 11:33:04.373,0.77669,0.77691,1.35,1.50
2011.08.09 11:33:04.500,0.77675,0.77697,1.11,1.35
2011.08.09 11:33:05.056,0.77675,0.77694,1.11,1.50
2011.08.09 11:33:05.393,0.7767,0.77696,1.86,2.10
2011.08.09 11:33:05.624,0.77672,0.77696,1.11,2.10
2011.08.09 11:33:05.966,0.77674,0.777,1.35,1.50
2011.08.09 11:33:06.084,0.77676,0.777,1.11,1.50
2011.08.09 11:33:08.143,0.77676,0.77701,1.11,2.25
2011.08.09 11:33:08.378,0.77682,0.77707,1.35,2.25
2011.08.09 11:33:11.788,0.7768,0.77705,1.11,1.50
2011.08.09 11:33:14.522,0.77679,0.77702,1.86,1.50
2011.08.09 11:33:15.084,0.77677,0.77699,1.11,1.50
2011.08.09 11:33:15.201,0.77677,0.77699,1.11,1.50
2011.08.09 11:33:16.110,0.77675,0.77695,1.35,1.50
2011.08.09 11:33:16.554,0.77671,0.77695,1.35,2.25
2011.08.09 11:33:16.672,0.77671,0.77695,1.35,2.25
2011.08.09 11:33:17.442,0.77668,0.77695,3.36,2.85
2011.08.09 11:33:17.944,0.77668,0.77694,1.11,1.50
2011.08.09 11:33:18.504,0.77665,0.77692,3.36,2.10
2011.08.09 11:33:18.733,0.77662,0.77691,3.96,1.50
2011.08.09 11:33:19.916,0.77662,0.77689,3.96,2.25
2011.08.09 11:33:22.142,0.77662,0.77688,3.96,1.50
2011.08.09 11:33:24.465,0.77662,0.77688,1.71,1.50
2011.08.09 11:33:24.806,0.77661,0.77684,1.50,1.50
2011.08.09 11:33:24.927,0.77658,0.77681,1.11,1.50
2011.08.09 11:33:25.373,0.77657,0.77681,1.35,1.50
2011.08.09 11:33:27.193,0.77657,0.77682,1.71,1.50
2011.08.09 11:33:27.922,0.77657,0.7768,1.71,1.50
2011.08.09 11:33:28.472,0.77657,0.77679,1.71,1.50
2011.08.09 11:33:29.033,0.77657,0.77681,1.71,1.50
2011.08.09 11:33:29.262,0.77657,0.77679,1.71,1.50
2011.08.09 11:33:29.834,0.77657,0.77678,1.35,1.50
2011.08.09 11:33:30.798,0.77655,0.77676,1.35,1.50
2011.08.09 11:33:31.242,0.77655,0.77678,1.35,2.25
2011.08.09 11:33:32.432,0.77653,0.77677,1.35,1.50
2011.08.09 11:33:33.163,0.7765,0.77675,1.11,1.35
2011.08.09 11:33:33.508,0.77643,0.77667,3.00,1.50
2011.08.09 11:33:33.624,0.77642,0.77667,1.11,1.50
2011.08.09 11:33:34.484,0.77639,0.77664,1.35,1.50
2011.08.09 11:33:35.043,0.7764,0.77662,1.11,1.50
2011.08.09 11:33:35.521,0.7764,0.77662,1.11,1.50
2011.08.09 11:33:35.633,0.7764,0.77662,1.11,1.50
2011.08.09 11:33:36.403,0.77637,0.77662,1.11,1.50
2011.08.09 11:33:36.962,0.77638,0.77662,1.11,1.50
2011.08.09 11:33:37.434,0.7764,0.77665,2.10,2.25
2011.08.09 11:33:37.775,0.77643,0.77668,1.11,1.50
2011.08.09 11:33:37.895,0.77643,0.77668,1.11,1.50
2011.08.09 11:33:38.232,0.7765,0.77672,1.35,1.50
2011.08.09 11:33:38.795,0.77653,0.77674,1.71,1.50
2011.08.09 11:33:39.131,0.77649,0.77674,1.71,1.50
2011.08.09 11:33:39.462,0.77654,0.77675,1.35,1.50
2011.08.09 11:33:40.958,0.77654,0.77675,1.71,1.50
2011.08.09 11:33:41.081,0.77658,0.77682,1.11,1.50
2011.08.09 11:33:41.635,0.7766,0.7768,1.35,1.50
2011.08.09 11:33:42.303,0.7766,0.77682,1.35,1.50
2011.08.09 11:33:42.532,0.7766,0.77682,1.35,1.50
2011.08.09 11:33:42.762,0.77655,0.7768,1.86,1.50
2011.08.09 11:33:42.882,0.77657,0.7768,1.11,1.50
2011.08.09 11:33:48.513,0.77657,0.7768,1.71,1.50
2011.08.09 11:33:50.294,0.77657,0.7768,1.71,1.50
2011.08.09 11:33:50.855,0.77661,0.77681,1.35,1.50
2011.08.09 11:33:51.305,0.77657,0.7768,1.11,1.50
2011.08.09 11:33:51.959,0.77657,0.77682,1.11,1.50
2011.08.09 11:33:53.763,0.77656,0.77679,1.11,1.50
2011.08.09 11:33:54.541,0.77656,0.77679,1.11,1.50
2011.08.09 11:33:55.466,0.77653,0.77674,1.11,1.50
2011.08.09 11:33:55.792,0.77652,0.77676,1.11,1.50
2011.08.09 11:33:57.005,0.77656,0.77678,1.35,1.50
2011.08.09 11:33:58.297,0.77656,0.77679,1.35,1.50
2011.08.09 11:33:58.873,0.77656,0.7768,1.35,1.50
2011.08.09 11:34:00.106,0.77656,0.77679,1.35,1.50
2011.08.09 11:34:00.226,0.77656,0.77678,1.35,1.50
2011.08.09 11:34:00.812,0.77656,0.7768,1.35,1.50
2011.08.09 11:34:01.392,0.77656,0.77678,1.35,1.50
2011.08.09 11:34:02.294,0.77653,0.77677,1.11,1.50
2011.08.09 11:34:03.704,0.77653,0.77676,1.11,1.50
2011.08.09 11:34:04.484,0.77655,0.77677,1.35,1.50
2011.08.09 11:34:04.714,0.77655,0.77678,1.35,1.50
2011.08.09 11:34:04.836,0.77655,0.77679,2.46,1.50
2011.08.09 11:34:04.958,0.77658,0.7768,1.11,1.50
2011.08.09 11:34:05.603,0.77663,0.77687,1.11,1.50
2011.08.09 11:34:05.835,0.77664,0.77689,1.11,2.10
2011.08.09 11:34:06.064,0.77663,0.77686,1.11,1.50
2011.08.09 11:34:06.404,0.77662,0.77684,1.11,2.10
2011.08.09 11:34:06.523,0.77663,0.77684,1.11,1.35
2011.08.09 11:34:07.084,0.77664,0.77685,1.11,1.50
2011.08.09 11:34:07.315,0.77666,0.77691,1.35,2.25
2011.08.09 11:34:07.544,0.77667,0.77693,1.50,1.50
2011.08.09 11:34:07.665,0.77671,0.77693,1.11,1.50
2011.08.09 11:34:08.216,0.77671,0.77694,1.11,1.50
2011.08.09 11:34:08.337,0.77671,0.77695,1.11,1.50
2011.08.09 11:34:08.673,0.77671,0.77695,1.71,1.50
2011.08.09 11:34:09.122,0.77671,0.77693,1.11,1.50
2011.08.09 11:34:09.452,0.77671,0.77691,1.11,1.50
2011.08.09 11:34:10.883,0.77668,0.77689,1.11,1.50
2011.08.09 11:34:11.005,0.77667,0.77687,1.11,1.50
2011.08.09 11:34:11.345,0.77666,0.77687,1.11,1.50
2011.08.09 11:34:11.571,0.77666,0.77688,1.11,1.50
2011.08.09 11:34:12.151,0.77666,0.77689,1.11,1.50
2011.08.09 11:34:12.376,0.77669,0.77691,1.35,2.25
2011.08.09 11:34:12.606,0.77675,0.77694,1.35,1.50
2011.08.09 11:34:12.728,0.77675,0.77694,1.35,1.50
2011.08.09 11:34:12.846,0.77678,0.77698,2.10,1.50
2011.08.09 11:34:13.186,0.77681,0.77703,1.11,1.50
2011.08.09 11:34:13.525,0.77681,0.77706,1.86,2.25
2011.08.09 11:34:14.304,0.77684,0.7771,1.35,1.50
2011.08.09 11:34:14.919,0.77685,0.7771,1.50,1.50
2011.08.09 11:34:15.254,0.77692,0.77718,1.11,1.50
2011.08.09 11:34:15.615,0.77692,0.77718,1.11,1.50
2011.08.09 11:34:17.045,0.77692,0.77717,1.11,1.50
2011.08.09 11:34:17.382,0.77689,0.77715,1.35,1.50
2011.08.09 11:34:17.992,0.77693,0.77715,3.75,1.50
2011.08.09 11:34:18.324,0.777,0.77722,2.85,3.00
2011.08.09 11:34:18.665,0.77705,0.77723,1.71,3.00
2011.08.09 11:34:18.896,0.77707,0.77731,1.35,1.50
2011.08.09 11:34:19.784,0.77704,0.77728,1.50,1.50
2011.08.09 11:34:20.013,0.77703,0.77728,1.11,1.50
2011.08.09 11:34:20.244,0.77703,0.77728,1.11,1.50
2011.08.09 11:34:20.917,0.77703,0.77726,1.11,2.85
2011.08.09 11:34:21.031,0.77695,0.77723,3.96,2.10
2011.08.09 11:34:21.147,0.77704,0.77726,1.35,1.50
2011.08.09 11:34:21.374,0.77704,0.77729,1.35,1.50
2011.08.09 11:34:22.041,0.77702,0.77729,1.71,1.50
2011.08.09 11:34:23.052,0.77702,0.77729,2.46,1.50
2011.08.09 11:34:23.393,0.77703,0.77733,1.11,1.50
2011.08.09 11:34:23.959,0.77707,0.77735,2.46,2.25
2011.08.09 11:34:24.078,0.77708,0.77736,1.71,1.50
2011.08.09 11:34:24.417,0.77706,0.77731,1.71,1.50
2011.08.09 11:34:24.646,0.77704,0.7773,1.35,3.00
2011.08.09 11:34:25.095,0.77707,0.77735,1.71,1.50
2011.08.09 11:34:25.653,0.77712,0.77736,1.35,1.50
2011.08.09 11:34:26.295,0.77718,0.7774,1.71,3.00
2011.08.09 11:34:26.415,0.7772,0.77746,1.71,3.75
2011.08.09 11:34:26.535,0.77723,0.77746,1.35,1.50
2011.08.09 11:34:26.762,0.77724,0.7775,1.35,2.25
2011.08.09 11:34:26.982,0.77723,0.7775,1.50,2.85
2011.08.09 11:34:27.103,0.77721,0.77747,1.11,1.50
2011.08.09 11:34:27.332,0.77721,0.7775,1.11,2.85
2011.08.09 11:34:27.563,0.77721,0.7775,1.86,2.10
2011.08.09 11:34:27.902,0.77723,0.7775,1.35,1.50
2011.08.09 11:34:28.244,0.77723,0.77748,1.11,3.00
2011.08.09 11:34:28.364,0.77723,0.77748,1.11,3.75
2011.08.09 11:34:28.990,0.77717,0.77744,1.35,1.50
2011.08.09 11:34:29.214,0.77716,0.77743,1.11,1.35
2011.08.09 11:34:29.554,0.77713,0.77741,3.96,1.35
2011.08.09 11:34:29.783,0.77713,0.77741,1.71,2.10
2011.08.09 11:34:30.233,0.77714,0.77741,1.50,1.35
2011.08.09 11:34:31.911,0.77716,0.77743,1.50,1.35
2011.08.09 11:34:32.143,0.77718,0.77745,1.11,1.50
2011.08.09 11:34:32.375,0.77719,0.77748,2.10,4.50
2011.08.09 11:34:32.931,0.77723,0.77751,1.71,3.60
2011.08.09 11:34:37.431,0.77723,0.77751,1.11,1.50
2011.08.09 11:34:40.223,0.77723,0.77751,3.21,2.25
2011.08.09 11:34:40.672,0.77726,0.77754,1.71,2.85
2011.08.09 11:34:41.223,0.77728,0.77756,1.71,3.00
2011.08.09 11:34:41.783,0.77729,0.77756,1.71,1.50
2011.08.09 11:34:42.468,0.7773,0.77756,1.71,1.50
2011.08.09 11:34:43.031,0.7773,0.77756,1.71,1.50
2011.08.09 11:34:44.861,0.7773,0.77758,2.46,1.50
2011.08.09 11:34:47.611,0.77731,0.77758,2.61,1.50
2011.08.09 11:34:49.264,0.77732,0.77759,4.71,1.50
2011.08.09 11:34:49.491,0.77734,0.77761,1.71,1.50
2011.08.09 11:34:50.376,0.77734,0.77763,1.71,1.50
2011.08.09 11:34:50.503,0.77735,0.77764,1.71,2.10
2011.08.09 11:34:50.622,0.77737,0.77764,1.11,1.35
2011.08.09 11:34:50.961,0.77739,0.77765,1.71,1.50
2011.08.09 11:34:51.071,0.7774,0.77767,1.71,1.50
2011.08.09 11:34:51.296,0.7774,0.77769,2.46,3.60
2011.08.09 11:34:51.412,0.7774,0.77768,2.46,1.50
2011.08.09 11:34:51.743,0.7774,0.77768,2.46,1.50
2011.08.09 11:34:51.973,0.7774,0.77766,1.86,1.35
2011.08.09 11:34:52.318,0.7774,0.77768,3.21,1.50
2011.08.09 11:34:52.545,0.77741,0.7777,2.61,2.10
2011.08.09 11:34:53.430,0.77741,0.77771,3.96,1.50
2011.08.09 11:34:56.744,0.77742,0.77771,1.71,1.50
2011.08.09 11:34:57.563,0.77744,0.77772,1.71,1.35
2011.08.09 11:34:58.172,0.77746,0.77772,1.11,1.35
2011.08.09 11:34:58.501,0.77746,0.77772,1.11,1.35
2011.08.09 11:34:58.833,0.77751,0.77778,1.11,2.85
2011.08.09 11:34:59.392,0.77748,0.77777,1.71,2.25
2011.08.09 11:34:59.834,0.77746,0.77775,1.71,1.50
2011.08.09 11:35:00.063,0.77749,0.77775,1.35,1.50
2011.08.09 11:35:01.340,0.77746,0.77775,1.71,1.50
2011.08.09 11:35:02.972,0.77747,0.77775,1.71,1.50
2011.08.09 11:35:03.314,0.77753,0.77776,2.25,1.50
2011.08.09 11:35:03.873,0.77752,0.77778,2.61,1.35
2011.08.09 11:35:05.457,0.77752,0.77777,1.11,1.50
2011.08.09 11:35:05.903,0.77752,0.77779,1.71,2.25
2011.08.09 11:35:06.813,0.77753,0.77778,1.35,1.50
2011.08.09 11:35:06.932,0.77755,0.77778,1.11,1.50
2011.08.09 11:35:07.045,0.77754,0.77781,1.11,1.50
2011.08.09 11:35:07.273,0.77754,0.77782,1.11,1.50
2011.08.09 11:35:07.503,0.77754,0.77782,1.86,1.50
2011.08.09 11:35:07.621,0.77754,0.77782,1.86,3.75
2011.08.09 11:35:08.499,0.7775,0.77778,1.71,1.50
2011.08.09 11:35:09.054,0.77753,0.77778,1.71,1.50
2011.08.09 11:35:09.392,0.77754,0.77781,1.86,1.50
2011.08.09 11:35:09.954,0.77754,0.77779,1.86,1.50
2011.08.09 11:35:10.291,0.77751,0.77776,1.11,1.50
2011.08.09 11:35:10.898,0.77751,0.77776,1.71,1.50
2011.08.09 11:35:11.472,0.77751,0.77777,1.11,1.50
2011.08.09 11:35:11.924,0.77752,0.77778,2.61,1.35
2011.08.09 11:35:16.372,0.77753,0.77779,1.11,1.35
2011.08.09 11:35:17.882,0.77753,0.77779,1.11,1.35
2011.08.09 11:35:18.968,0.77754,0.77779,1.11,1.35
2011.08.09 11:35:20.678,0.77751,0.77779,1.11,2.10
2011.08.09 11:35:21.346,0.77751,0.77779,1.11,1.35
2011.08.09 11:35:22.151,0.77756,0.7778,1.35,1.50
2011.08.09 11:35:22.277,0.77758,0.77784,1.71,1.50
2011.08.09 11:35:22.506,0.7776,0.77787,1.11,2.25
2011.08.09 11:35:22.624,0.7776,0.77787,1.11,1.50
2011.08.09 11:35:22.746,0.77759,0.77787,1.11,1.50
2011.08.09 11:35:23.081,0.77759,0.77784,1.11,1.35
2011.08.09 11:35:23.414,0.77759,0.77784,1.11,1.35
2011.08.09 11:35:23.534,0.77759,0.77784,1.86,1.35
2011.08.09 11:35:23.765,0.7776,0.77785,1.11,2.10
2011.08.09 11:35:24.323,0.7776,0.77787,1.11,2.25
2011.08.09 11:35:25.242,0.7776,0.77786,1.11,1.35
2011.08.09 11:35:26.284,0.7776,0.77786,1.71,1.50
2011.08.09 11:35:26.624,0.7776,0.77786,1.11,2.85
2011.08.09 11:35:26.962,0.77758,0.77783,1.35,1.50
2011.08.09 11:35:27.292,0.77764,0.77783,1.35,1.50
2011.08.09 11:35:27.415,0.77764,0.77787,1.35,2.25
2011.08.09 11:35:27.642,0.7776,0.77785,1.11,1.50
2011.08.09 11:35:27.754,0.77758,0.77781,1.11,1.35
2011.08.09 11:35:27.983,0.77758,0.77784,1.71,3.75
2011.08.09 11:35:28.580,0.77762,0.77785,1.35,1.50
2011.08.09 11:35:28.802,0.77762,0.77787,1.35,1.50
2011.08.09 11:35:30.715,0.77761,0.77785,1.11,1.50
2011.08.09 11:35:31.164,0.7776,0.77785,1.11,2.25
2011.08.09 11:35:31.809,0.77754,0.77779,1.11,1.50
2011.08.09 11:35:32.143,0.77754,0.7778,1.11,2.10
2011.08.09 11:35:32.484,0.7775,0.77777,1.11,1.50
2011.08.09 11:35:32.825,0.77753,0.77777,1.35,1.50
2011.08.09 11:35:33.167,0.77755,0.77778,1.35,1.50
2011.08.09 11:35:33.613,0.77752,0.77778,2.61,1.35
2011.08.09 11:35:34.465,0.77752,0.77777,1.11,1.50
2011.08.09 11:35:35.011,0.7775,0.77774,1.35,1.50
2011.08.09 11:35:35.684,0.77749,0.77773,1.11,1.35
2011.08.09 11:35:36.034,0.77745,0.77771,1.11,1.50
2011.08.09 11:35:36.377,0.77744,0.77771,1.11,1.50
2011.08.09 11:35:36.944,0.77744,0.7777,1.11,1.50
2011.08.09 11:35:37.284,0.77737,0.77764,1.35,1.50
2011.08.09 11:35:38.693,0.77735,0.77762,1.71,1.50
2011.08.09 11:35:39.034,0.77734,0.77762,3.96,1.50
2011.08.09 11:35:39.159,0.77733,0.77755,1.86,1.35
2011.08.09 11:35:39.384,0.7773,0.77752,3.00,1.50
2011.08.09 11:35:39.616,0.77726,0.77751,1.11,1.35
2011.08.09 11:35:40.386,0.77724,0.77752,4.71,2.25
2011.08.09 11:35:40.624,0.77727,0.77748,2.25,1.50
2011.08.09 11:35:40.745,0.77723,0.77748,2.46,1.50
2011.08.09 11:35:40.975,0.77727,0.77748,1.35,1.50
2011.08.09 11:35:42.214,0.77724,0.77752,2.46,2.25
2011.08.09 11:35:42.665,0.77725,0.77748,1.11,1.50
2011.08.09 11:35:42.783,0.77725,0.77748,1.71,1.50
2011.08.09 11:35:43.450,0.77728,0.77754,1.71,1.50
2011.08.09 11:35:44.662,0.77725,0.77746,1.35,1.50
2011.08.09 11:35:45.335,0.77718,0.77742,1.11,1.50
2011.08.09 11:35:45.677,0.77716,0.77742,1.71,2.25
2011.08.09 11:35:46.210,0.77715,0.77742,2.46,2.25
2011.08.09 11:35:46.514,0.77715,0.77742,2.46,2.25
2011.08.09 11:35:47.692,0.77714,0.77742,1.71,2.25
2011.08.09 11:35:47.803,0.77714,0.77737,1.71,1.50
2011.08.09 11:35:47.924,0.77711,0.77737,1.11,1.50
2011.08.09 11:35:48.044,0.7771,0.77737,1.11,1.50
2011.08.09 11:35:48.602,0.77709,0.77736,2.46,1.50
2011.08.09 11:35:48.933,0.77708,0.77731,1.11,1.50
2011.08.09 11:35:49.272,0.77705,0.77731,1.50,1.35
2011.08.09 11:35:50.109,0.77703,0.77729,1.71,1.50
2011.08.09 11:35:50.234,0.7771,0.77734,1.35,1.50
2011.08.09 11:35:50.905,0.7771,0.77736,1.86,2.10
2011.08.09 11:35:51.136,0.77706,0.77734,4.71,1.50
2011.08.09 11:35:51.472,0.77706,0.77727,1.11,1.35
2011.08.09 11:35:51.813,0.77705,0.77724,2.25,1.35
2011.08.09 11:35:52.046,0.77698,0.77724,1.86,1.35
2011.08.09 11:35:52.610,0.77697,0.77723,1.50,1.50
2011.08.09 11:35:53.634,0.77696,0.77717,1.35,1.50
2011.08.09 11:35:53.976,0.77681,0.77706,1.86,1.50
2011.08.09 11:35:54.093,0.7768,0.77706,2.10,1.50
2011.08.09 11:35:54.654,0.77678,0.77704,1.11,1.35
2011.08.09 11:35:54.771,0.7768,0.77704,1.50,1.35
2011.08.09 11:35:55.105,0.77676,0.77698,1.11,1.35
2011.08.09 11:35:55.764,0.77672,0.77698,1.11,2.10
2011.08.09 11:35:56.325,0.77672,0.77698,1.11,2.10
2011.08.09 11:35:56.560,0.77674,0.77698,2.10,2.25
2011.08.09 11:35:56.789,0.77675,0.777,1.50,1.50
2011.08.09 11:35:57.235,0.77674,0.777,1.35,1.50
2011.08.09 11:35:57.354,0.77672,0.77699,1.11,2.10
2011.08.09 11:35:57.583,0.7767,0.77698,1.71,2.10
2011.08.09 11:35:57.813,0.77668,0.77695,1.35,1.50
2011.08.09 11:35:58.789,0.77663,0.77691,1.71,2.25
2011.08.09 11:36:00.174,0.77663,0.7769,1.71,1.50
2011.08.09 11:36:00.515,0.77662,0.77687,1.35,3.00
2011.08.09 11:36:00.746,0.7766,0.77687,3.36,1.35
2011.08.09 11:36:02.483,0.7766,0.77681,1.11,1.35
2011.08.09 11:36:02.604,0.77656,0.77679,2.61,1.35
2011.08.09 11:36:02.946,0.77653,0.7768,3.21,1.50
2011.08.09 11:36:03.504,0.77652,0.77681,2.46,1.50
2011.08.09 11:36:04.061,0.77652,0.7768,2.46,1.50
2011.08.09 11:36:04.665,0.77652,0.77679,1.71,1.50
2011.08.09 11:36:05.465,0.77652,0.77679,1.11,2.10
2011.08.09 11:36:06.903,0.77652,0.7768,1.86,1.35
2011.08.09 11:36:07.023,0.77652,0.77683,3.96,2.25
2011.08.09 11:36:07.585,0.77656,0.77683,1.71,2.85
2011.08.09 11:36:08.117,0.77655,0.77681,1.71,1.50
2011.08.09 11:36:08.700,0.77657,0.77683,1.50,2.10
2011.08.09 11:36:09.212,0.7766,0.77685,1.11,2.10
2011.08.09 11:36:09.762,0.77658,0.77683,1.86,1.35
2011.08.09 11:36:09.982,0.77656,0.77683,3.96,2.10
2011.08.09 11:36:10.702,0.77655,0.77683,2.46,2.10
2011.08.09 11:36:10.823,0.77655,0.77683,2.46,2.10
2011.08.09 11:36:11.949,0.77655,0.7768,2.46,1.50
2011.08.09 11:36:12.086,0.77655,0.77682,1.71,1.50
2011.08.09 11:36:12.568,0.77655,0.77681,1.71,1.50
2011.08.09 11:36:12.792,0.77655,0.77682,1.11,2.25
2011.08.09 11:36:13.011,0.77655,0.7768,1.11,1.50
2011.08.09 11:36:13.961,0.77655,0.7768,1.11,1.50
2011.08.09 11:36:15.581,0.77655,0.7768,1.11,1.50
2011.08.09 11:36:16.509,0.77658,0.77683,2.10,1.50
2011.08.09 11:36:17.245,0.77659,0.77685,3.36,1.50
2011.08.09 11:36:17.804,0.77662,0.77689,2.46,2.25
2011.08.09 11:36:18.362,0.77662,0.77689,1.71,1.50
2011.08.09 11:36:18.472,0.77662,0.77688,1.71,1.50
2011.08.09 11:36:18.692,0.77662,0.77689,1.35,1.50
2011.08.09 11:36:19.262,0.77658,0.77686,2.61,1.50
2011.08.09 11:36:20.162,0.77663,0.77687,3.75,1.35
2011.08.09 11:36:21.474,0.77663,0.77687,1.50,1.35
2011.08.09 11:36:21.816,0.77673,0.77697,1.35,3.00
2011.08.09 11:36:22.164,0.77671,0.77697,2.25,1.50
2011.08.09 11:36:22.723,0.77671,0.77698,1.35,2.25
2011.08.09 11:36:24.422,0.7767,0.77698,1.11,2.25
2011.08.09 11:36:24.643,0.7767,0.77695,1.11,1.50
2011.08.09 11:36:25.204,0.77666,0.77693,4.35,1.50
2011.08.09 11:36:25.545,0.77669,0.77693,1.35,1.50
2011.08.09 11:36:28.353,0.77669,0.77693,1.35,1.50
2011.08.09 11:36:29.714,0.77671,0.77696,1.35,1.50
2011.08.09 11:36:30.056,0.77684,0.77701,1.35,2.25
2011.08.09 11:36:30.397,0.77685,0.7771,3.96,1.50
2011.08.09 11:36:30.515,0.77688,0.77714,2.10,1.50
2011.08.09 11:36:30.636,0.77693,0.77715,1.35,1.50
2011.08.09 11:36:30.755,0.77693,0.77717,1.35,1.50
2011.08.09 11:36:31.315,0.77693,0.77717,1.35,1.50
2011.08.09 11:36:31.439,0.77693,0.77719,1.35,3.00
2011.08.09 11:36:31.884,0.77695,0.77719,1.11,1.50
2011.08.09 11:36:32.006,0.77715,0.77721,1.35,1.50
2011.08.09 11:36:32.346,0.77719,0.77743,1.35,2.25
2011.08.09 11:36:32.466,0.7772,0.77745,1.50,1.50
2011.08.09 11:36:32.693,0.7772,0.77747,1.11,2.25
2011.08.09 11:36:33.033,0.77719,0.77745,2.10,2.25
2011.08.09 11:36:33.484,0.7772,0.77745,1.35,2.25
2011.08.09 11:36:33.712,0.77718,0.77745,1.50,3.60
2011.08.09 11:36:33.823,0.77716,0.77743,4.86,1.50
2011.08.09 11:36:34.055,0.77716,0.77743,1.11,2.25
2011.08.09 11:36:34.531,0.77716,0.77741,1.11,3.00
2011.08.09 11:36:34.863,0.77716,0.77743,1.86,1.50
2011.08.09 11:36:34.982,0.77715,0.77743,1.71,1.50
2011.08.09 11:36:35.312,0.77714,0.77742,1.71,1.50
2011.08.09 11:36:35.545,0.77713,0.77738,1.11,1.35
2011.08.09 11:36:35.773,0.77708,0.77733,1.50,2.10
2011.08.09 11:36:35.898,0.77706,0.77733,4.11,2.85
2011.08.09 11:36:36.345,0.77707,0.77733,1.50,1.35
2011.08.09 11:36:36.573,0.77706,0.77732,1.11,1.35
2011.08.09 11:36:37.581,0.77702,0.7773,1.71,2.10
2011.08.09 11:36:38.132,0.77697,0.77725,3.21,1.50
2011.08.09 11:36:38.364,0.77699,0.77724,1.50,2.25
2011.08.09 11:36:38.594,0.77699,0.77727,2.25,2.85
2011.08.09 11:36:39.043,0.777,0.77727,1.35,1.50
2011.08.09 11:36:39.384,0.77705,0.7773,2.85,1.50
2011.08.09 11:36:40.336,0.77705,0.7773,2.10,1.50
2011.08.09 11:36:40.460,0.77703,0.77728,1.11,1.50
2011.08.09 11:36:40.574,0.77701,0.77725,2.10,1.50
2011.08.09 11:36:41.136,0.77701,0.77725,1.35,1.50
2011.08.09 11:36:41.472,0.77701,0.77724,1.35,1.50
2011.08.09 11:36:42.243,0.77695,0.77721,1.50,1.50
2011.08.09 11:36:42.365,0.77695,0.77721,1.50,1.50
2011.08.09 11:36:42.594,0.77694,0.77721,1.35,1.50
2011.08.09 11:36:42.825,0.777,0.77725,1.35,2.25
2011.08.09 11:36:42.945,0.777,0.77726,1.35,2.25
2011.08.09 11:36:43.524,0.7771,0.77733,1.71,1.50
2011.08.09 11:36:43.753,0.77711,0.77736,1.71,1.50
2011.08.09 11:36:44.534,0.77711,0.77735,1.11,1.50
2011.08.09 11:36:45.093,0.77711,0.77735,1.11,1.50
2011.08.09 11:36:45.214,0.7771,0.77735,1.11,1.50
2011.08.09 11:36:47.452,0.77711,0.77736,1.11,1.50
2011.08.09 11:36:48.113,0.7771,0.77736,1.71,1.50
2011.08.09 11:36:48.673,0.77711,0.77736,1.11,1.50
2011.08.09 11:36:49.458,0.77711,0.77739,1.86,1.50
2011.08.09 11:36:49.575,0.77714,0.7774,1.11,1.35
2011.08.09 11:36:49.803,0.77715,0.77742,2.10,1.50
2011.08.09 11:36:50.692,0.77716,0.77744,1.11,3.60
2011.08.09 11:36:51.514,0.77716,0.77743,3.36,1.50
2011.08.09 11:36:54.835,0.77716,0.77743,1.11,1.50
2011.08.09 11:36:55.183,0.77727,0.77752,1.11,1.50
2011.08.09 11:36:55.526,0.7773,0.77753,1.11,1.35
2011.08.09 11:36:58.832,0.7773,0.77753,1.11,1.35
2011.08.09 11:36:58.948,0.77729,0.7775,1.11,1.35
2011.08.09 11:36:59.178,0.77723,0.77747,3.75,2.10
2011.08.09 11:36:59.298,0.77722,0.77743,3.00,1.35
2011.08.09 11:36:59.419,0.77716,0.77741,3.36,1.50
2011.08.09 11:36:59.758,0.77716,0.77732,2.25,1.35
2011.08.09 11:36:59.878,0.7771,0.77732,3.00,1.35
2011.08.09 11:36:59.998,0.77705,0.77731,1.11,1.50
2011.08.09 11:37:00.554,0.77705,0.7773,1.86,1.50
2011.08.09 11:37:01.100,0.77704,0.7773,1.11,1.50
2011.08.09 11:37:01.453,0.77701,0.77725,1.86,1.50
2011.08.09 11:37:01.683,0.77701,0.77725,1.11,1.50
2011.08.09 11:37:02.462,0.77701,0.77726,1.11,1.50
2011.08.09 11:37:03.755,0.77701,0.77725,1.11,1.50
2011.08.09 11:37:04.363,0.7769,0.77715,1.11,1.35
2011.08.09 11:37:04.705,0.7769,0.77715,1.11,2.10
2011.08.09 11:37:05.733,0.7769,0.77715,1.11,2.10
2011.08.09 11:37:06.444,0.77688,0.77713,1.50,1.50
2011.08.09 11:37:06.975,0.77688,0.77711,1.50,1.35
2011.08.09 11:37:07.108,0.77684,0.77711,1.50,2.10
2011.08.09 11:37:07.554,0.77683,0.7771,1.35,1.50
2011.08.09 11:37:10.001,0.77683,0.77707,1.35,1.50
2011.08.09 11:37:10.984,0.77683,0.77708,1.35,1.50
2011.08.09 11:37:11.107,0.77683,0.77709,1.35,1.50
2011.08.09 11:37:11.884,0.77684,0.77711,1.11,2.10
2011.08.09 11:37:12.008,0.77688,0.77711,1.50,1.50
2011.08.09 11:37:14.001,0.77697,0.77719,1.11,1.50
2011.08.09 11:37:14.503,0.77696,0.77719,2.25,1.50
2011.08.09 11:37:14.734,0.77696,0.7772,2.25,2.25
2011.08.09 11:37:15.078,0.77696,0.77723,1.11,1.50
2011.08.09 11:37:15.305,0.77697,0.77725,4.50,1.35
2011.08.09 11:37:16.214,0.77714,0.77735,1.35,1.50
2011.08.09 11:37:16.336,0.77714,0.77738,1.35,1.50
2011.08.09 11:37:18.076,0.77714,0.77738,1.11,1.35
2011.08.09 11:37:18.730,0.77709,0.77734,1.11,1.35
2011.08.09 11:37:19.272,0.77702,0.77728,1.50,3.60
2011.08.09 11:37:19.727,0.77699,0.77725,1.86,1.35
2011.08.09 11:37:20.506,0.77702,0.77728,1.50,1.50
2011.08.09 11:37:21.064,0.77701,0.77728,1.35,2.25
2011.08.09 11:37:21.950,0.77704,0.77728,1.35,2.25
2011.08.09 11:37:22.174,0.77701,0.77725,3.00,1.50
2011.08.09 11:37:22.404,0.77699,0.77726,1.71,1.50
2011.08.09 11:37:22.964,0.77699,0.77725,3.96,1.50
2011.08.09 11:37:23.522,0.77699,0.77724,1.11,1.35
2011.08.09 11:37:23.964,0.77699,0.77724,1.11,1.35
2011.08.09 11:37:25.181,0.77699,0.77725,1.71,1.50
2011.08.09 11:37:25.313,0.77697,0.77722,1.11,2.10
2011.08.09 11:37:25.651,0.77697,0.77722,1.11,2.10
2011.08.09 11:37:27.561,0.77697,0.77722,1.11,2.10
2011.08.09 11:37:28.609,0.77694,0.7772,2.10,2.25
2011.08.09 11:37:28.941,0.77694,0.7772,2.10,2.25
2011.08.09 11:37:29.497,0.77694,0.7772,2.10,2.25
2011.08.09 11:37:30.311,0.77694,0.77719,2.10,3.00
2011.08.09 11:37:31.075,0.7769,0.77715,1.50,1.50
2011.08.09 11:37:31.412,0.77688,0.77714,1.50,2.10
2011.08.09 11:37:32.102,0.77687,0.77713,1.86,1.35
2011.08.09 11:37:32.431,0.7769,0.77717,2.10,2.25
2011.08.09 11:37:32.974,0.77687,0.77715,1.86,1.35
2011.08.09 11:37:33.095,0.77687,0.77714,1.86,3.60
2011.08.09 11:37:33.542,0.77687,0.77713,1.50,2.25
2011.08.09 11:37:33.871,0.77684,0.7771,1.35,3.00
2011.08.09 11:37:34.766,0.77682,0.77709,1.71,1.50
2011.08.09 11:37:35.305,0.77682,0.77708,1.71,1.50
2011.08.09 11:37:37.518,0.77684,0.77709,1.50,1.50
2011.08.09 11:37:38.171,0.77689,0.77714,1.35,1.50
2011.08.09 11:37:38.302,0.77696,0.77719,1.86,3.60
2011.08.09 11:37:39.073,0.77696,0.77719,1.11,3.00
2011.08.09 11:37:39.529,0.77693,0.77717,1.86,2.10
2011.08.09 11:37:39.976,0.77693,0.77718,1.11,4.50
2011.08.09 11:37:40.743,0.77694,0.77718,1.50,4.50
2011.08.09 11:37:41.198,0.77693,0.7772,1.11,2.25
2011.08.09 11:37:42.204,0.77693,0.77719,1.11,2.25
2011.08.09 11:37:43.122,0.77693,0.77718,1.11,1.50
2011.08.09 11:37:44.983,0.77693,0.77718,1.11,1.50
2011.08.09 11:37:45.627,0.77693,0.77718,1.11,1.50
2011.08.09 11:37:45.965,0.77687,0.77706,1.11,1.35
2011.08.09 11:37:46.194,0.77681,0.77703,1.50,3.00
2011.08.09 11:37:46.533,0.77677,0.77703,1.11,3.00
2011.08.09 11:37:47.250,0.77677,0.77698,1.11,3.00
2011.08.09 11:37:47.584,0.77677,0.77702,1.11,1.50
2011.08.09 11:37:48.473,0.77677,0.77703,1.11,3.00
2011.08.09 11:37:48.812,0.77677,0.77703,1.11,3.00
2011.08.09 11:37:49.073,0.77677,0.77703,1.11,3.00
2011.08.09 11:37:49.979,0.77677,0.77703,1.11,3.00
2011.08.09 11:37:50.533,0.77681,0.77704,1.11,1.50
2011.08.09 11:37:50.654,0.77681,0.77705,1.11,3.00
2011.08.09 11:37:51.213,0.77681,0.77705,1.11,3.00
2011.08.09 11:37:51.774,0.77683,0.77706,1.11,3.60
2011.08.09 11:37:52.744,0.7768,0.77703,1.86,2.25
2011.08.09 11:37:53.746,0.7768,0.77701,1.11,2.25
2011.08.09 11:37:53.915,0.7768,0.77701,1.11,2.25
2011.08.09 11:37:55.174,0.77678,0.77701,1.86,3.00
2011.08.09 11:37:55.787,0.77678,0.77701,1.11,3.00
2011.08.09 11:37:56.125,0.77678,0.77703,1.11,1.50
2011.08.09 11:37:56.245,0.77678,0.77703,1.11,1.50
2011.08.09 11:37:56.788,0.77678,0.77703,1.11,1.50
2011.08.09 11:37:57.124,0.77679,0.77702,1.50,1.50
2011.08.09 11:37:57.463,0.77679,0.77702,1.50,1.50
2011.08.09 11:37:57.587,0.77679,0.77702,1.50,1.50
2011.08.09 11:37:58.251,0.77678,0.77702,1.11,1.50
2011.08.09 11:38:00.453,0.77678,0.77699,1.11,1.50
2011.08.09 11:38:00.575,0.77678,0.77698,1.11,1.50
2011.08.09 11:38:00.913,0.77678,0.77698,1.11,1.50
2011.08.09 11:38:01.483,0.77678,0.77698,1.11,1.50
2011.08.09 11:38:01.712,0.77678,0.77698,1.11,1.50
2011.08.09 11:38:02.153,0.77669,0.77693,1.11,1.35
2011.08.09 11:38:02.382,0.77669,0.77692,1.11,1.50
2011.08.09 11:38:02.603,0.7767,0.77694,1.50,1.50
2011.08.09 11:38:04.149,0.77669,0.7769,1.11,1.50
2011.08.09 11:38:04.487,0.77672,0.77694,1.50,1.50
2011.08.09 11:38:04.728,0.77676,0.77694,1.11,1.50
2011.08.09 11:38:05.066,0.77678,0.77697,1.50,2.85
2011.08.09 11:38:05.187,0.77672,0.77694,3.00,1.35
2011.08.09 11:38:05.306,0.77673,0.77694,3.00,1.50
2011.08.09 11:38:06.048,0.77674,0.77694,1.11,1.50
2011.08.09 11:38:06.604,0.77672,0.77691,1.50,1.50
2011.08.09 11:38:07.447,0.77671,0.77691,1.11,1.50
2011.08.09 11:38:08.728,0.77671,0.77691,1.11,1.50
2011.08.09 11:38:08.953,0.77671,0.77687,1.11,1.35
2011.08.09 11:38:09.668,0.77667,0.77687,1.11,1.35
2011.08.09 11:38:10.003,0.77667,0.7769,1.11,1.50
2011.08.09 11:38:10.123,0.77667,0.7769,1.11,1.50
2011.08.09 11:38:10.681,0.77667,0.7769,1.11,1.50
2011.08.09 11:38:10.903,0.77667,0.77689,1.11,3.00
2011.08.09 11:38:11.594,0.77667,0.77691,1.11,1.50
2011.08.09 11:38:11.720,0.77667,0.77689,1.86,1.50
2011.08.09 11:38:12.275,0.77667,0.7769,1.11,2.10
2011.08.09 11:38:12.838,0.77667,0.7769,1.11,3.75
2011.08.09 11:38:13.392,0.77667,0.7769,1.11,3.00
2011.08.09 11:38:13.624,0.77667,0.77691,1.11,1.50
2011.08.09 11:38:14.194,0.77667,0.7769,1.11,1.50
2011.08.09 11:38:15.070,0.77667,0.77695,4.50,2.25
2011.08.09 11:38:15.185,0.7767,0.77697,1.11,1.50
2011.08.09 11:38:15.632,0.7767,0.77692,1.11,1.50
2011.08.09 11:38:16.302,0.7767,0.77692,1.11,1.50
2011.08.09 11:38:17.563,0.7767,0.77691,1.11,1.50
2011.08.09 11:38:18.699,0.77662,0.77686,1.11,3.00
2011.08.09 11:38:19.471,0.77662,0.77686,1.11,3.00
2011.08.09 11:38:20.022,0.77662,0.77684,1.11,1.50
2011.08.09 11:38:20.573,0.77662,0.77684,1.11,1.50
2011.08.09 11:38:23.182,0.77659,0.77683,1.11,1.35
2011.08.09 11:38:23.512,0.77659,0.77683,1.11,1.35
2011.08.09 11:38:24.412,0.7766,0.77686,1.35,1.50
2011.08.09 11:38:25.075,0.77663,0.77688,1.11,2.85
2011.08.09 11:38:25.306,0.77667,0.77688,1.50,2.10
2011.08.09 11:38:26.315,0.77666,0.77688,1.11,2.10
2011.08.09 11:38:27.004,0.77666,0.77685,1.11,1.50
2011.08.09 11:38:27.123,0.77666,0.77685,1.11,1.50
2011.08.09 11:38:27.244,0.77666,0.77688,1.11,4.35
2011.08.09 11:38:29.682,0.77666,0.77688,1.11,1.50
2011.08.09 11:38:29.794,0.77666,0.77688,1.11,1.50
2011.08.09 11:38:29.916,0.77668,0.77691,1.11,1.50
2011.08.09 11:38:30.713,0.77668,0.77691,1.11,1.50
2011.08.09 11:38:31.272,0.77668,0.7769,1.11,1.50
2011.08.09 11:38:32.234,0.7767,0.7769,1.11,1.50
2011.08.09 11:38:32.371,0.77671,0.77698,1.71,2.10
2011.08.09 11:38:32.922,0.77673,0.77695,1.11,1.50
2011.08.09 11:38:33.255,0.77672,0.77693,1.11,1.50
2011.08.09 11:38:33.593,0.77672,0.77692,1.11,1.50
2011.08.09 11:38:34.252,0.77672,0.77692,1.11,1.50
2011.08.09 11:38:35.702,0.77665,0.77688,1.11,1.50
2011.08.09 11:38:36.256,0.77665,0.77687,1.11,1.50
2011.08.09 11:38:36.813,0.77665,0.77686,1.11,1.50
2011.08.09 11:38:37.154,0.77665,0.77689,1.11,1.50
2011.08.09 11:38:37.492,0.77665,0.77689,1.11,1.50
2011.08.09 11:38:37.713,0.77665,0.7769,1.11,2.25
2011.08.09 11:38:38.418,0.77665,0.77688,1.11,1.50
2011.08.09 11:38:39.582,0.77665,0.77686,1.11,1.50
2011.08.09 11:38:39.934,0.77665,0.77687,1.11,1.50
2011.08.09 11:38:41.015,0.77662,0.77686,1.50,3.00
2011.08.09 11:38:42.656,0.77667,0.77692,1.13,3.60
2011.08.09 11:38:42.993,0.77668,0.77692,1.11,3.60
2011.08.09 11:38:43.335,0.77668,0.77692,1.11,1.35
2011.08.09 11:38:44.023,0.77668,0.77692,1.11,3.60
2011.08.09 11:38:46.679,0.77668,0.77692,1.11,3.60
2011.08.09 11:38:47.072,0.77668,0.77692,1.11,1.35
2011.08.09 11:38:47.664,0.77668,0.77692,1.11,1.35
2011.08.09 11:38:48.003,0.77668,0.77691,1.11,1.50
2011.08.09 11:38:48.345,0.77665,0.77691,3.00,3.00
2011.08.09 11:38:48.462,0.77664,0.77687,1.11,1.50
2011.08.09 11:38:48.696,0.77666,0.77686,1.13,1.50
2011.08.09 11:38:49.650,0.7766,0.77684,1.11,2.25
2011.08.09 11:38:50.954,0.7766,0.77682,1.11,1.35
2011.08.09 11:38:51.072,0.77657,0.77682,1.86,1.35
2011.08.09 11:38:51.182,0.77657,0.77682,1.86,2.10
2011.08.09 11:38:58.915,0.77658,0.77681,1.35,1.50
2011.08.09 11:39:02.844,0.77657,0.77681,1.11,1.50
2011.08.09 11:39:03.075,0.77657,0.77681,1.11,1.50
2011.08.09 11:39:03.192,0.77657,0.77681,1.11,2.25
2011.08.09 11:39:03.525,0.77663,0.77684,1.50,1.50
2011.08.09 11:39:03.753,0.77657,0.77683,1.71,1.50
2011.08.09 11:39:04.831,0.77657,0.77684,1.71,1.50
2011.08.09 11:39:05.923,0.77657,0.77684,1.35,2.25
2011.08.09 11:39:06.524,0.77657,0.77684,1.35,2.25
2011.08.09 11:39:11.232,0.77657,0.7768,1.35,2.25
2011.08.09 11:39:11.345,0.77657,0.7768,1.35,2.25
2011.08.09 11:39:12.006,0.77651,0.77675,1.11,1.50
2011.08.09 11:39:12.343,0.7765,0.77675,1.35,1.50
2011.08.09 11:39:12.675,0.7765,0.77675,1.35,1.50
2011.08.09 11:39:13.013,0.77648,0.77671,1.11,1.50
2011.08.09 11:39:13.352,0.77648,0.77671,1.11,1.50
2011.08.09 11:39:13.685,0.77645,0.77669,1.11,1.50
2011.08.09 11:39:14.023,0.77645,0.77667,1.11,1.50
2011.08.09 11:39:15.153,0.77646,0.77667,1.11,1.50
2011.08.09 11:39:15.604,0.77649,0.77668,1.11,1.50
2011.08.09 11:39:15.833,0.77649,0.77673,1.11,3.75
2011.08.09 11:39:16.066,0.77653,0.77675,1.71,1.50
2011.08.09 11:39:16.183,0.77654,0.77675,1.35,1.50
2011.08.09 11:39:16.853,0.77654,0.77676,1.35,1.50
2011.08.09 11:39:18.194,0.77654,0.77675,1.35,1.50
2011.08.09 11:39:18.531,0.77654,0.77674,1.35,1.50
2011.08.09 11:39:19.346,0.77654,0.77675,1.35,1.50
2011.08.09 11:39:19.464,0.77654,0.77677,1.35,1.50
2011.08.09 11:39:20.025,0.77657,0.7768,1.11,1.50
2011.08.09 11:39:20.997,0.77656,0.77678,1.50,1.50
2011.08.09 11:39:21.344,0.77654,0.77673,1.71,1.50
2011.08.09 11:39:21.576,0.77654,0.77677,1.71,3.75
2011.08.09 11:39:21.805,0.77654,0.77678,1.71,1.50
2011.08.09 11:39:22.367,0.77656,0.77678,1.50,1.50
2011.08.09 11:39:22.593,0.77658,0.77682,1.11,1.35
2011.08.09 11:39:24.291,0.77658,0.77682,1.11,1.35
2011.08.09 11:39:24.622,0.77662,0.77686,1.11,1.50
2011.08.09 11:39:25.983,0.77665,0.77685,1.11,1.50
2011.08.09 11:39:26.213,0.77663,0.77685,1.35,1.50
2011.08.09 11:39:27.028,0.77663,0.77686,1.35,1.50
2011.08.09 11:39:27.158,0.77663,0.77684,1.35,1.50
2011.08.09 11:39:27.672,0.77663,0.77683,1.35,1.50
2011.08.09 11:39:28.223,0.77663,0.77685,1.35,1.50
2011.08.09 11:39:28.344,0.77663,0.77683,1.35,1.50
2011.08.09 11:39:28.574,0.7766,0.77681,1.11,1.50
2011.08.09 11:39:28.915,0.77659,0.77679,1.11,1.50
2011.08.09 11:39:29.908,0.77656,0.77677,1.11,1.50
2011.08.09 11:39:30.596,0.77658,0.77677,1.35,1.50
2011.08.09 11:39:30.823,0.77659,0.7768,1.11,1.50
2011.08.09 11:39:31.057,0.7766,0.77684,1.11,1.50
2011.08.09 11:39:31.179,0.77663,0.77684,1.11,1.50
2011.08.09 11:39:32.757,0.77662,0.77683,1.35,1.50
2011.08.09 11:39:34.833,0.77662,0.77685,1.35,1.50
2011.08.09 11:39:36.924,0.77662,0.77685,1.35,1.50
2011.08.09 11:39:42.555,0.77659,0.77681,1.11,2.10
2011.08.09 11:39:43.223,0.77656,0.77681,1.11,1.35
2011.08.09 11:39:43.344,0.77655,0.7768,1.86,1.50
2011.08.09 11:39:44.471,0.77657,0.77683,1.35,2.25
2011.08.09 11:39:45.137,0.77657,0.77683,1.35,1.50
2011.08.09 11:39:45.475,0.77657,0.77683,1.35,1.50
2011.08.09 11:39:45.964,0.7766,0.77686,1.35,3.75
2011.08.09 11:39:46.087,0.7766,0.77686,1.71,3.00
2011.08.09 11:39:46.622,0.77661,0.77686,2.10,3.00
2011.08.09 11:39:46.749,0.77666,0.77688,1.11,1.35
2011.08.09 11:39:46.975,0.77666,0.77692,1.71,2.25
2011.08.09 11:39:47.533,0.77665,0.7769,1.71,1.50
2011.08.09 11:39:48.093,0.77666,0.77692,1.71,1.50
2011.08.09 11:39:48.894,0.77669,0.77696,2.46,2.25
2011.08.09 11:39:49.000,0.7767,0.77692,1.35,1.50
2011.08.09 11:39:49.784,0.7767,0.77695,1.35,1.50
2011.08.09 11:39:52.464,0.77674,0.77697,1.35,1.50
2011.08.09 11:39:52.801,0.77675,0.77699,1.35,1.50
2011.08.09 11:39:53.025,0.77672,0.77698,1.11,1.35
2011.08.09 11:39:55.583,0.77672,0.77698,1.11,2.10
2011.08.09 11:39:55.914,0.77679,0.77698,2.10,2.25
2011.08.09 11:39:56.036,0.77683,0.77701,1.35,1.50
2011.08.09 11:39:56.265,0.77679,0.77705,1.71,3.75
2011.08.09 11:39:56.496,0.77685,0.77706,1.35,1.50
2011.08.09 11:39:56.614,0.77685,0.77709,1.35,1.50
2011.08.09 11:39:56.733,0.77685,0.77711,1.35,1.50
2011.08.09 11:39:58.409,0.77687,0.77712,1.35,2.25
2011.08.09 11:39:58.778,0.77687,0.77714,1.71,3.00
2011.08.09 11:40:00.554,0.77687,0.77713,1.11,1.35
2011.08.09 11:40:00.782,0.77687,0.77713,1.11,1.35
2011.08.09 11:40:01.419,0.77687,0.77713,1.11,2.10
2011.08.09 11:40:02.706,0.77693,0.77715,1.35,1.50
2011.08.09 11:40:03.042,0.77693,0.77718,2.10,3.00
2011.08.09 11:40:03.594,0.77695,0.77719,1.11,1.50
2011.08.09 11:40:03.933,0.77699,0.77721,1.35,1.50
2011.08.09 11:40:04.429,0.777,0.77723,1.35,1.50
2011.08.09 11:40:04.542,0.77703,0.77729,2.23,2.25
2011.08.09 11:40:05.092,0.77702,0.77728,1.35,1.50
2011.08.09 11:40:09.073,0.77702,0.77729,1.35,2.25
2011.08.09 11:40:10.995,0.77702,0.77729,1.35,1.50
2011.08.09 11:40:11.335,0.77702,0.77729,1.35,2.25
2011.08.09 11:40:12.457,0.77699,0.77724,1.11,4.35
2011.08.09 11:40:12.574,0.77694,0.7772,1.11,1.50
2011.08.09 11:40:13.420,0.77695,0.77722,3.96,1.50
2011.08.09 11:40:13.548,0.77696,0.77723,1.11,1.50
2011.08.09 11:40:13.663,0.77696,0.77723,1.11,1.50
2011.08.09 11:40:14.224,0.77697,0.77724,1.11,1.50
2011.08.09 11:40:14.820,0.77698,0.77724,3.00,1.50
2011.08.09 11:40:15.155,0.77698,0.77724,3.00,1.50
2011.08.09 11:40:15.493,0.77698,0.77723,3.00,1.50
2011.08.09 11:40:16.866,0.77699,0.77724,1.35,1.50
2011.08.09 11:40:17.205,0.77699,0.77725,1.71,1.50
2011.08.09 11:40:17.545,0.77695,0.77721,1.86,1.50
2011.08.09 11:40:17.772,0.77696,0.77721,1.11,2.25
2011.08.09 11:40:19.405,0.77696,0.77721,1.11,1.50
2011.08.09 11:40:20.876,0.77698,0.77721,1.35,1.50
2011.08.09 11:40:21.847,0.77698,0.77724,1.71,2.25
2011.08.09 11:40:22.414,0.77701,0.77724,1.35,1.50
2011.08.09 11:40:24.957,0.77701,0.77724,1.35,1.50
2011.08.09 11:40:27.302,0.77698,0.77723,1.11,1.35
2011.08.09 11:40:27.854,0.77695,0.77721,1.71,1.50
2011.08.09 11:40:30.198,0.77702,0.77723,1.35,1.50
2011.08.09 11:40:30.315,0.77702,0.77725,1.35,1.50
2011.08.09 11:40:30.903,0.77702,0.77726,1.35,2.25
2011.08.09 11:40:31.653,0.77702,0.77726,1.35,1.50
2011.08.09 11:40:33.263,0.77702,0.77725,1.35,2.25
2011.08.09 11:40:36.874,0.77698,0.77723,1.11,1.50
2011.08.09 11:40:37.216,0.77698,0.77723,1.11,1.50
2011.08.09 11:40:39.332,0.77697,0.77721,1.35,1.50
2011.08.09 11:40:40.146,0.77697,0.77721,1.35,1.50
2011.08.09 11:40:40.703,0.77696,0.77721,1.11,1.50
2011.08.09 11:40:43.682,0.77696,0.77721,1.11,1.50
2011.08.09 11:40:44.625,0.77696,0.77721,1.11,1.50
2011.08.09 11:40:45.862,0.77696,0.77721,1.11,1.50
2011.08.09 11:40:47.355,0.77696,0.77721,1.11,1.50
2011.08.09 11:40:47.696,0.77696,0.77721,1.11,1.50
2011.08.09 11:40:52.175,0.77696,0.77721,1.86,1.50
2011.08.09 11:40:52.754,0.77696,0.77721,1.11,1.50
2011.08.09 11:40:54.945,0.77697,0.77721,1.35,1.50
2011.08.09 11:40:55.818,0.77698,0.77725,1.11,2.25
2011.08.09 11:40:57.175,0.77698,0.77725,1.11,2.25
2011.08.09 11:40:57.624,0.77698,0.77723,1.11,2.25
2011.08.09 11:40:57.743,0.77697,0.77722,1.71,1.50
2011.08.09 11:40:59.576,0.77696,0.77719,1.11,1.35
2011.08.09 11:41:00.273,0.77696,0.77719,1.11,1.35
2011.08.09 11:41:00.613,0.77695,0.77719,1.11,2.10
2011.08.09 11:41:00.735,0.77695,0.77718,1.11,1.50
2011.08.09 11:41:00.858,0.77695,0.77718,1.11,1.50
2011.08.09 11:41:01.373,0.77692,0.77717,1.71,1.50
2011.08.09 11:41:01.494,0.77691,0.77715,1.11,1.35
2011.08.09 11:41:02.177,0.77686,0.77715,1.11,2.85
2011.08.09 11:41:02.842,0.77686,0.77714,1.11,1.50
2011.08.09 11:41:02.952,0.77686,0.77714,1.11,1.50
2011.08.09 11:41:03.725,0.77686,0.77714,1.11,1.50
2011.08.09 11:41:04.285,0.77686,0.77714,1.11,1.50
2011.08.09 11:41:04.405,0.77686,0.77714,1.11,1.50
2011.08.09 11:41:05.433,0.77689,0.77715,1.11,1.35
2011.08.09 11:41:05.788,0.77692,0.77716,1.35,1.50
2011.08.09 11:41:06.854,0.7769,0.77716,1.35,1.50
2011.08.09 11:41:06.981,0.77689,0.77716,1.11,4.50
2011.08.09 11:41:07.095,0.77687,0.77713,1.35,1.50
2011.08.09 11:41:07.437,0.77687,0.77713,1.35,1.50
2011.08.09 11:41:08.863,0.77687,0.77713,1.35,1.50
2011.08.09 11:41:10.403,0.77689,0.77713,1.35,1.50
2011.08.09 11:41:15.493,0.77687,0.77713,1.35,1.50
2011.08.09 11:41:16.953,0.77687,0.77713,1.35,2.25
2011.08.09 11:41:17.512,0.77686,0.77711,1.71,1.50
2011.08.09 11:41:18.914,0.77685,0.77713,1.71,2.25
2011.08.09 11:41:19.741,0.77686,0.77713,1.71,2.25
2011.08.09 11:41:20.586,0.77686,0.7771,1.11,1.35
2011.08.09 11:41:20.922,0.77683,0.77709,1.11,1.50
2011.08.09 11:41:21.252,0.77682,0.77706,1.35,1.50
2011.08.09 11:41:22.134,0.77677,0.77704,1.11,1.50
2011.08.09 11:41:22.985,0.77676,0.77704,1.71,2.25
2011.08.09 11:41:24.162,0.77676,0.77703,1.11,2.25
2011.08.09 11:41:25.213,0.77676,0.77702,1.11,1.50
2011.08.09 11:41:25.325,0.77674,0.77699,1.71,1.50
2011.08.09 11:41:25.443,0.77674,0.77699,1.71,1.50
2011.08.09 11:41:30.111,0.77679,0.77699,1.35,1.50
2011.08.09 11:41:30.552,0.7768,0.77704,1.35,1.50
2011.08.09 11:41:30.674,0.77683,0.77706,1.35,1.50
2011.08.09 11:41:30.797,0.77685,0.77706,1.35,1.50
2011.08.09 11:41:31.026,0.77685,0.7771,1.35,1.50
2011.08.09 11:41:32.042,0.77685,0.7771,1.35,1.50
2011.08.09 11:41:34.814,0.77681,0.77707,1.11,1.50
2011.08.09 11:41:36.424,0.77684,0.77708,1.11,1.35
2011.08.09 11:41:36.879,0.77684,0.77708,1.11,1.35
2011.08.09 11:41:38.393,0.77678,0.77706,2.46,2.85
2011.08.09 11:41:38.954,0.77678,0.77701,1.11,1.35
2011.08.09 11:41:39.800,0.77678,0.77701,1.11,1.35
2011.08.09 11:41:41.442,0.77676,0.77696,1.11,1.35
2011.08.09 11:41:41.775,0.77669,0.77696,4.11,1.35
2011.08.09 11:41:42.002,0.77669,0.77697,4.11,1.35
2011.08.09 11:41:42.663,0.77674,0.77696,1.35,1.50
2011.08.09 11:41:42.993,0.77669,0.77696,1.71,2.10
2011.08.09 11:41:43.547,0.77669,0.77696,1.71,2.10
2011.08.09 11:41:43.884,0.77672,0.77694,1.11,2.10
2011.08.09 11:41:44.006,0.77666,0.77691,1.11,1.50
2011.08.09 11:41:44.455,0.77666,0.77691,1.11,1.50
2011.08.09 11:41:46.014,0.77666,0.77691,1.11,1.50
2011.08.09 11:41:47.091,0.77666,0.7769,1.11,1.50
2011.08.09 11:41:48.897,0.77666,0.7769,1.11,1.50
2011.08.09 11:41:49.234,0.7766,0.77688,1.71,3.60
2011.08.09 11:41:49.352,0.7766,0.77686,1.71,1.50
2011.08.09 11:41:51.585,0.77652,0.77679,1.71,1.35
2011.08.09 11:41:51.703,0.77652,0.77679,1.71,2.10
2011.08.09 11:41:51.933,0.77652,0.77679,1.35,2.10
2011.08.09 11:41:54.582,0.77647,0.77673,1.71,1.50
2011.08.09 11:41:55.264,0.77646,0.7767,1.11,1.35
2011.08.09 11:41:55.821,0.77643,0.77668,1.11,2.25
2011.08.09 11:41:56.664,0.77646,0.7767,1.35,2.25
2011.08.09 11:41:57.003,0.77646,0.77668,1.35,1.50
2011.08.09 11:41:57.464,0.77643,0.77668,1.11,1.50
2011.08.09 11:41:57.696,0.77643,0.77668,1.86,1.50
2011.08.09 11:41:58.256,0.77645,0.77669,1.35,1.50
2011.08.09 11:41:58.597,0.77652,0.77673,1.35,1.50
2011.08.09 11:41:58.937,0.77658,0.77679,1.35,2.25
2011.08.09 11:41:59.055,0.77658,0.77679,1.35,1.50
2011.08.09 11:42:00.766,0.77656,0.7768,1.50,1.50
2011.08.09 11:42:01.103,0.77655,0.77681,1.50,4.35
2011.08.09 11:42:01.665,0.77653,0.77676,1.35,1.50
2011.08.09 11:42:03.419,0.77653,0.77676,2.10,1.50
2011.08.09 11:42:04.084,0.77654,0.77679,1.11,2.25
2011.08.09 11:42:04.681,0.77654,0.77679,1.11,2.25
2011.08.09 11:42:05.652,0.77654,0.77678,1.11,1.50
2011.08.09 11:42:07.853,0.77654,0.77678,1.11,1.50
2011.08.09 11:42:11.192,0.77654,0.77676,1.11,1.50
2011.08.09 11:42:11.748,0.77654,0.77678,1.11,1.50
2011.08.09 11:42:12.305,0.77654,0.77679,1.11,2.25
2011.08.09 11:42:12.863,0.77658,0.77679,1.35,1.50
2011.08.09 11:42:14.762,0.77659,0.77684,1.11,1.50
2011.08.09 11:42:15.248,0.7766,0.77684,1.35,1.50
2011.08.09 11:42:15.847,0.77661,0.77687,1.11,2.25
2011.08.09 11:42:16.735,0.7766,0.77687,1.35,2.25
2011.08.09 11:42:16.964,0.7766,0.77687,1.35,2.25
2011.08.09 11:42:19.299,0.77664,0.77686,1.35,1.50
2011.08.09 11:42:19.415,0.77664,0.77688,1.35,1.50
2011.08.09 11:42:20.561,0.77664,0.77689,1.35,2.25
2011.08.09 11:42:21.515,0.7766,0.7768,1.86,2.10
2011.08.09 11:42:21.634,0.77657,0.77675,3.00,2.10
2011.08.09 11:42:22.194,0.7765,0.77675,1.11,2.10
2011.08.09 11:42:24.145,0.7765,0.77675,1.11,2.10
2011.08.09 11:42:24.487,0.77647,0.7767,1.50,1.50
2011.08.09 11:42:25.375,0.77643,0.7767,2.83,1.50
2011.08.09 11:42:26.349,0.77646,0.7767,1.13,1.50
2011.08.09 11:42:31.025,0.77647,0.77667,1.13,1.50
2011.08.09 11:42:31.804,0.77645,0.77667,1.11,1.50
2011.08.09 11:42:32.253,0.7764,0.77667,1.71,1.50
2011.08.09 11:42:33.972,0.7764,0.77666,1.71,1.50
2011.08.09 11:42:35.995,0.77645,0.77666,1.50,1.50
2011.08.09 11:42:36.337,0.77653,0.77675,1.35,1.50
2011.08.09 11:42:36.932,0.77654,0.7768,1.50,1.35
2011.08.09 11:42:37.262,0.77656,0.7768,1.11,2.10
2011.08.09 11:42:39.679,0.77653,0.77678,1.35,1.50
2011.08.09 11:42:40.012,0.77653,0.77678,1.35,1.50
2011.08.09 11:42:40.403,0.77653,0.77678,1.35,1.50
2011.08.09 11:42:41.075,0.77657,0.7768,1.35,2.25
2011.08.09 11:42:41.305,0.77657,0.77681,2.10,1.50
2011.08.09 11:42:41.864,0.77657,0.77683,2.10,1.50
2011.08.09 11:42:43.443,0.77657,0.77679,1.50,1.35
2011.08.09 11:42:43.675,0.77658,0.7768,1.50,1.35
2011.08.09 11:42:43.792,0.77658,0.77681,1.50,1.50
2011.08.09 11:42:46.416,0.77657,0.77682,1.50,1.50
2011.08.09 11:42:47.213,0.77657,0.77683,1.50,1.50
2011.08.09 11:42:48.164,0.77658,0.77682,1.50,1.50
2011.08.09 11:42:48.535,0.77662,0.77682,1.35,1.50
2011.08.09 11:42:49.341,0.77666,0.7769,1.35,1.50
2011.08.09 11:42:49.453,0.77666,0.77691,1.35,3.00
2011.08.09 11:42:50.362,0.77666,0.77691,1.35,3.00
2011.08.09 11:42:50.912,0.77666,0.7769,1.35,1.50
2011.08.09 11:42:51.453,0.77666,0.77691,1.35,1.50
2011.08.09 11:42:51.686,0.7767,0.77695,1.35,1.50
2011.08.09 11:42:51.913,0.7767,0.77695,1.35,1.50
2011.08.09 11:42:52.567,0.77667,0.77693,2.10,1.50
2011.08.09 11:42:53.127,0.77667,0.77692,2.10,1.50
2011.08.09 11:42:53.354,0.77667,0.77692,2.10,1.50
2011.08.09 11:42:53.944,0.77672,0.77693,1.50,1.50
2011.08.09 11:42:54.881,0.77671,0.77695,1.11,1.35
2011.08.09 11:42:55.225,0.77664,0.77689,1.50,3.00
2011.08.09 11:42:55.567,0.77663,0.77684,1.35,1.50
2011.08.09 11:42:56.234,0.77659,0.77684,1.71,1.50
2011.08.09 11:42:57.773,0.77659,0.77684,1.71,1.50
2011.08.09 11:42:58.222,0.77662,0.77686,1.50,1.50
2011.08.09 11:42:58.443,0.77663,0.77687,3.00,2.85
2011.08.09 11:42:58.565,0.77667,0.7769,1.35,1.50
2011.08.09 11:42:58.683,0.77667,0.77692,1.35,1.50
2011.08.09 11:42:59.246,0.77664,0.7769,1.11,1.35
2011.08.09 11:43:00.424,0.77667,0.77691,1.35,1.50
2011.08.09 11:43:00.657,0.77668,0.77692,1.11,1.50
2011.08.09 11:43:01.322,0.77668,0.77691,1.11,1.50
2011.08.09 11:43:01.545,0.77668,0.77691,1.11,1.50
2011.08.09 11:43:02.373,0.77667,0.77691,1.35,1.50
2011.08.09 11:43:06.167,0.77668,0.77692,3.00,1.50
2011.08.09 11:43:06.888,0.77667,0.77695,1.71,1.35
2011.08.09 11:43:07.225,0.77668,0.77694,1.50,1.50
2011.08.09 11:43:07.784,0.7767,0.77695,1.11,2.10
2011.08.09 11:43:08.123,0.77667,0.7769,1.35,1.50
2011.08.09 11:43:08.454,0.77667,0.7769,1.35,1.50
2011.08.09 11:43:08.792,0.77667,0.77693,1.35,2.25
2011.08.09 11:43:14.868,0.77673,0.77693,1.35,1.50
2011.08.09 11:43:15.531,0.77673,0.77695,1.35,3.00
2011.08.09 11:43:16.946,0.77673,0.77695,1.35,3.75
2011.08.09 11:43:17.621,0.77668,0.77694,1.11,3.75
2011.08.09 11:43:18.695,0.77668,0.77691,1.11,1.50
2011.08.09 11:43:19.034,0.77662,0.77686,1.11,2.25
2011.08.09 11:43:21.672,0.77661,0.77686,1.11,2.85
2011.08.09 11:43:21.892,0.77661,0.77686,1.11,2.85
2011.08.09 11:43:22.487,0.77659,0.77685,1.11,2.85
2011.08.09 11:43:23.042,0.77663,0.77687,1.11,3.00
2011.08.09 11:43:28.926,0.77668,0.77687,1.35,3.00
2011.08.09 11:43:29.264,0.7767,0.77687,1.11,2.25
2011.08.09 11:43:29.495,0.77669,0.77696,1.86,3.00
2011.08.09 11:43:29.979,0.77673,0.77696,1.11,2.25
2011.08.09 11:43:30.413,0.77678,0.777,1.35,1.50
2011.08.09 11:43:30.643,0.77678,0.77703,1.35,3.00
2011.08.09 11:43:31.202,0.77681,0.77702,1.11,2.25
2011.08.09 11:43:31.864,0.77681,0.77703,1.11,2.25
2011.08.09 11:43:33.022,0.77681,0.77702,1.11,2.25
2011.08.09 11:43:33.992,0.77681,0.77702,1.11,2.25
2011.08.09 11:43:37.946,0.77681,0.77696,1.11,2.25
2011.08.09 11:43:38.065,0.77677,0.77696,1.11,2.25
2011.08.09 11:43:38.184,0.77674,0.77694,1.50,2.25
2011.08.09 11:43:38.303,0.77672,0.77694,3.36,2.25
2011.08.09 11:43:39.336,0.77672,0.77692,1.11,2.25
2011.08.09 11:43:39.892,0.77671,0.77692,1.35,2.25
2011.08.09 11:43:41.663,0.7767,0.77691,1.11,2.25
2011.08.09 11:43:43.144,0.7767,0.77691,1.11,2.25
2011.08.09 11:43:43.662,0.7767,0.77691,1.11,2.25
2011.08.09 11:43:44.212,0.77667,0.77691,1.11,3.00
2011.08.09 11:43:44.836,0.77667,0.77691,1.11,3.00
2011.08.09 11:43:45.355,0.77666,0.77691,1.71,2.25
2011.08.09 11:43:47.325,0.77667,0.77691,1.11,4.35
2011.08.09 11:43:47.554,0.77667,0.77691,1.11,4.35
2011.08.09 11:43:48.246,0.77662,0.77688,1.11,1.50
2011.08.09 11:43:48.807,0.77659,0.77685,1.11,3.60
2011.08.09 11:43:49.364,0.77658,0.77685,1.86,5.10
2011.08.09 11:43:49.874,0.77658,0.77683,1.11,2.25
2011.08.09 11:43:50.214,0.77658,0.77684,1.71,2.25
2011.08.09 11:43:50.554,0.77658,0.77677,1.35,2.25
2011.08.09 11:43:51.892,0.77653,0.77676,1.11,2.25
2011.08.09 11:43:53.306,0.77653,0.77676,1.11,3.00
2011.08.09 11:43:54.085,0.77651,0.77676,1.50,3.00
2011.08.09 11:43:54.644,0.77653,0.77675,1.11,3.00
2011.08.09 11:43:56.112,0.77653,0.77675,1.11,2.25
2011.08.09 11:43:56.942,0.77653,0.77676,1.11,3.00
2011.08.09 11:43:58.277,0.77653,0.77676,1.11,2.25
2011.08.09 11:43:58.506,0.77654,0.77681,1.35,1.50
2011.08.09 11:43:58.625,0.77654,0.77682,1.35,2.25
2011.08.09 11:43:59.075,0.77655,0.77682,1.11,1.50
2011.08.09 11:44:01.935,0.77659,0.77687,2.46,2.85
2011.08.09 11:44:02.272,0.77659,0.77687,2.46,2.85
2011.08.09 11:44:02.823,0.77663,0.77688,1.35,1.50
2011.08.09 11:44:03.567,0.77663,0.77689,1.35,1.50
2011.08.09 11:44:07.152,0.77663,0.77688,1.35,3.00
2011.08.09 11:44:09.116,0.77665,0.77689,1.35,1.50
2011.08.09 11:44:09.345,0.77666,0.7769,1.50,2.25
2011.08.09 11:44:09.793,0.77669,0.77696,1.35,1.50
2011.08.09 11:44:10.342,0.77673,0.77696,1.35,1.50
2011.08.09 11:44:10.451,0.77673,0.77698,1.35,3.00
2011.08.09 11:44:11.516,0.77673,0.77697,1.35,1.50
2011.08.09 11:44:12.702,0.77673,0.77698,1.35,2.25
2011.08.09 11:44:14.542,0.77673,0.77696,1.35,1.50
2011.08.09 11:44:16.363,0.77675,0.77699,1.50,1.50
2011.08.09 11:44:16.923,0.77675,0.777,1.50,2.25
2011.08.09 11:44:18.243,0.77677,0.777,1.35,2.25
2011.08.09 11:44:18.876,0.77677,0.77699,1.35,1.50
2011.08.09 11:44:21.075,0.77677,0.77698,1.35,1.50
2011.08.09 11:44:21.193,0.77677,0.77698,1.35,1.50
2011.08.09 11:44:22.316,0.77677,0.77698,1.35,1.50
2011.08.09 11:44:23.737,0.77677,0.777,1.35,2.25
2011.08.09 11:44:24.536,0.77674,0.77697,1.86,2.25
2011.08.09 11:44:25.137,0.7767,0.77696,1.35,3.75
2011.08.09 11:44:28.164,0.7767,0.77697,1.35,1.50
2011.08.09 11:44:28.283,0.7767,0.77696,1.50,1.50
2011.08.09 11:44:29.069,0.7767,0.77696,1.50,1.50
2011.08.09 11:44:29.195,0.77668,0.77693,1.50,1.35
2011.08.09 11:44:29.551,0.77662,0.7768,3.00,2.10
2011.08.09 11:44:29.778,0.7766,0.77671,3.00,1.35
2011.08.09 11:44:30.004,0.77646,0.77669,1.11,3.00
2011.08.09 11:44:30.454,0.77642,0.77665,1.11,2.25
2011.08.09 11:44:30.577,0.77642,0.77664,1.11,2.25
2011.08.09 11:44:31.876,0.77638,0.77661,1.11,3.00
2011.08.09 11:44:32.218,0.77638,0.77664,1.11,2.10
2011.08.09 11:44:32.559,0.77638,0.77661,1.11,3.00
2011.08.09 11:44:32.679,0.77635,0.77661,1.71,3.00
2011.08.09 11:44:32.909,0.77636,0.77657,1.35,2.25
2011.08.09 11:44:33.249,0.77636,0.77657,1.35,3.00
2011.08.09 11:44:33.870,0.77636,0.77657,1.35,3.00
2011.08.09 11:44:34.436,0.77636,0.77658,1.35,3.00
2011.08.09 11:44:34.774,0.77631,0.77657,1.11,2.25
2011.08.09 11:44:35.332,0.77631,0.77657,1.11,2.25
2011.08.09 11:44:36.126,0.77631,0.77657,1.11,2.25
2011.08.09 11:44:36.575,0.77631,0.77657,1.86,1.50
2011.08.09 11:44:36.912,0.77635,0.77658,1.11,1.50
2011.08.09 11:44:37.244,0.77635,0.77659,1.71,1.50
2011.08.09 11:44:37.362,0.77635,0.77659,1.71,1.50
2011.08.09 11:44:37.471,0.77635,0.77659,1.71,1.50
2011.08.09 11:44:37.804,0.77636,0.7766,1.50,1.50
2011.08.09 11:44:37.924,0.77636,0.7766,1.50,1.50
2011.08.09 11:44:38.467,0.77635,0.7766,1.71,2.25
2011.08.09 11:44:40.714,0.77637,0.7766,1.35,1.50
2011.08.09 11:44:40.832,0.77637,0.7766,1.35,1.50
2011.08.09 11:44:41.056,0.77635,0.77659,1.11,1.50
2011.08.09 11:44:41.283,0.77636,0.7766,1.50,1.50
2011.08.09 11:44:41.407,0.77635,0.7766,1.11,1.50
2011.08.09 11:44:41.954,0.77635,0.7766,1.11,1.50
2011.08.09 11:44:42.526,0.77631,0.77655,1.11,1.50
2011.08.09 11:44:42.762,0.77627,0.77652,1.11,1.50
2011.08.09 11:44:42.985,0.77627,0.7765,1.11,1.50
2011.08.09 11:44:43.105,0.77627,0.7765,1.11,1.50
2011.08.09 11:44:43.446,0.77627,0.77646,1.11,3.00
2011.08.09 11:44:44.476,0.77622,0.77646,1.71,3.00
2011.08.09 11:44:46.302,0.77622,0.77645,1.35,1.50
2011.08.09 11:44:48.485,0.77622,0.77645,1.35,1.50
2011.08.09 11:44:48.984,0.77622,0.77645,1.35,1.50
2011.08.09 11:44:49.502,0.77622,0.77645,1.35,1.50
2011.08.09 11:44:52.365,0.7762,0.77645,1.86,1.50
2011.08.09 11:44:52.487,0.7762,0.77644,1.11,1.50
2011.08.09 11:44:52.714,0.77617,0.77642,1.11,1.50
2011.08.09 11:44:53.293,0.77613,0.7764,1.11,3.75
2011.08.09 11:44:53.904,0.77613,0.7764,1.11,3.75
2011.08.09 11:44:54.250,0.77613,0.77638,1.86,2.25
2011.08.09 11:44:54.476,0.77612,0.77638,1.11,2.25
2011.08.09 11:44:54.707,0.77612,0.77637,1.11,1.50
2011.08.09 11:44:54.831,0.77612,0.77638,1.11,2.25
2011.08.09 11:44:54.950,0.77614,0.77638,1.48,2.25
2011.08.09 11:44:55.285,0.77622,0.77642,1.35,3.75
2011.08.09 11:44:55.408,0.77628,0.77644,1.11,3.00
2011.08.09 11:44:55.856,0.77627,0.77649,1.11,1.35
2011.08.09 11:44:55.974,0.77627,0.77649,1.11,1.35
2011.08.09 11:44:56.568,0.77622,0.77649,1.35,5.10
2011.08.09 11:44:56.693,0.77621,0.77647,1.11,2.85
2011.08.09 11:44:57.027,0.77621,0.77643,1.11,1.35
2011.08.09 11:44:57.426,0.77618,0.77643,1.11,1.35
2011.08.09 11:44:57.545,0.77618,0.77643,1.11,1.35
2011.08.09 11:44:58.107,0.77618,0.77643,1.11,1.35
2011.08.09 11:44:58.338,0.77615,0.7764,1.11,3.60
2011.08.09 11:44:58.452,0.77615,0.7764,1.11,2.85
2011.08.09 11:44:58.564,0.77615,0.77638,1.11,2.25
2011.08.09 11:44:59.100,0.77615,0.77637,1.11,2.85
2011.08.09 11:44:59.232,0.77609,0.77633,1.11,2.25
2011.08.09 11:44:59.563,0.77606,0.77632,1.50,1.35
2011.08.09 11:45:00.111,0.77605,0.77632,1.11,1.35
2011.08.09 11:45:00.770,0.77606,0.7763,1.50,1.35
2011.08.09 11:45:00.884,0.77605,0.7763,1.11,1.35
2011.08.09 11:45:01.452,0.77605,0.7763,1.11,1.35
2011.08.09 11:45:01.675,0.77605,0.77633,1.86,2.85
2011.08.09 11:45:02.226,0.77616,0.77636,1.11,1.35
2011.08.09 11:45:02.782,0.77616,0.77638,1.11,1.35
2011.08.09 11:45:03.346,0.77613,0.77638,1.50,1.35
2011.08.09 11:45:03.467,0.77612,0.77635,1.11,2.85
2011.08.09 11:45:03.589,0.77609,0.77632,1.11,1.35
2011.08.09 11:45:03.927,0.77607,0.77632,1.11,3.60
2011.08.09 11:45:04.554,0.77604,0.77627,1.11,1.35
2011.08.09 11:45:04.786,0.77604,0.77624,1.11,1.35
2011.08.09 11:45:05.126,0.776,0.77621,1.11,2.25
2011.08.09 11:45:06.843,0.776,0.77621,1.11,2.25
2011.08.09 11:45:08.854,0.77597,0.77623,1.11,3.00
2011.08.09 11:45:09.654,0.77597,0.77623,1.86,3.00
2011.08.09 11:45:10.215,0.77597,0.77614,1.86,2.10
2011.08.09 11:45:10.558,0.77597,0.77608,1.50,2.25
2011.08.09 11:45:10.899,0.77603,0.77613,1.50,2.25
2011.08.09 11:45:11.019,0.77605,0.77613,1.50,3.00
2011.08.09 11:45:11.141,0.7761,0.77616,1.50,2.25
2011.08.09 11:45:11.484,0.77613,0.77621,1.50,2.85
2011.08.09 11:45:12.028,0.7761,0.77621,1.50,2.85
2011.08.09 11:45:12.154,0.7761,0.77625,1.50,3.60
2011.08.09 11:45:12.275,0.77594,0.77621,2.61,1.35
2011.08.09 11:45:12.949,0.77591,0.77616,1.71,1.50
2011.08.09 11:45:13.283,0.77588,0.77613,1.71,2.25
2011.08.09 11:45:14.091,0.77589,0.77613,1.11,3.00
2011.08.09 11:45:14.212,0.77584,0.7761,1.50,2.25
2011.08.09 11:45:14.326,0.77584,0.77607,1.50,2.25
2011.08.09 11:45:14.666,0.77579,0.77605,1.71,3.75
2011.08.09 11:45:14.896,0.77579,0.77604,1.11,2.85
2011.08.09 11:45:15.453,0.77576,0.77601,2.10,2.25
2011.08.09 11:45:15.793,0.77576,0.77601,2.10,2.25
2011.08.09 11:45:16.471,0.77575,0.77601,1.11,2.25
2011.08.09 11:45:16.826,0.77571,0.77594,1.11,2.25
2011.08.09 11:45:17.167,0.77569,0.77593,1.11,2.10
2011.08.09 11:45:17.403,0.77563,0.77589,3.75,1.35
2011.08.09 11:45:18.075,0.77562,0.77589,1.71,1.35
2011.08.09 11:45:18.959,0.77562,0.77589,2.46,1.35
2011.08.09 11:45:19.113,0.77562,0.77589,1.71,1.35
2011.08.09 11:45:19.239,0.77562,0.77589,1.71,2.10
2011.08.09 11:45:19.576,0.77557,0.7758,3.00,1.35
2011.08.09 11:45:19.698,0.77557,0.77576,2.25,2.25
2011.08.09 11:45:19.816,0.7755,0.77576,1.11,2.85
2011.08.09 11:45:20.374,0.7755,0.77575,1.11,2.10
2011.08.09 11:45:21.327,0.7755,0.77574,1.11,1.35
2011.08.09 11:45:21.883,0.77553,0.77574,1.50,1.35
2011.08.09 11:45:22.213,0.77555,0.77581,1.11,3.00
2011.08.09 11:45:22.449,0.77557,0.77581,1.50,2.25
2011.08.09 11:45:22.676,0.77558,0.77585,2.10,1.50
2011.08.09 11:45:23.619,0.77561,0.77588,1.11,2.85
2011.08.09 11:45:23.846,0.7756,0.77586,1.71,3.00
2011.08.09 11:45:24.525,0.77558,0.77586,1.11,3.60
2011.08.09 11:45:24.646,0.77556,0.77582,1.71,2.25
2011.08.09 11:45:24.985,0.77554,0.77582,2.46,3.75
2011.08.09 11:45:26.406,0.77557,0.77582,1.50,2.25
2011.08.09 11:45:26.853,0.77556,0.77581,2.08,3.00
2011.08.09 11:45:27.417,0.77556,0.77581,1.33,3.75
2011.08.09 11:45:27.544,0.77555,0.77581,1.86,1.35
2011.08.09 11:45:27.888,0.77562,0.77578,1.50,2.25
2011.08.09 11:45:28.117,0.7756,0.77588,2.46,3.00
2011.08.09 11:45:28.709,0.77558,0.77584,1.50,4.35
2011.08.09 11:45:28.825,0.77558,0.77583,1.50,1.35
2011.08.09 11:45:28.943,0.77557,0.77584,1.11,4.35
2011.08.09 11:45:29.935,0.77556,0.77583,1.86,1.35
2011.08.09 11:45:30.387,0.77555,0.77579,1.11,2.10
2011.08.09 11:45:30.725,0.77551,0.77573,2.61,2.25
2011.08.09 11:45:31.468,0.7755,0.77574,3.00,1.35
2011.08.09 11:45:31.717,0.77553,0.77576,1.50,2.25
2011.08.09 11:45:32.056,0.77559,0.77584,3.24,3.00
2011.08.09 11:45:32.399,0.77561,0.77587,1.65,3.60
2011.08.09 11:45:32.954,0.77565,0.77592,1.86,3.75
2011.08.09 11:45:33.672,0.77569,0.77594,2.01,3.60
2011.08.09 11:45:34.223,0.77569,0.77594,2.01,1.35
2011.08.09 11:45:34.446,0.77569,0.77594,1.26,1.35
2011.08.09 11:45:34.566,0.77572,0.77599,1.11,1.35
2011.08.09 11:45:34.904,0.7757,0.77597,1.35,4.35
2011.08.09 11:45:35.247,0.77567,0.7759,1.65,1.35
2011.08.09 11:45:36.154,0.77552,0.77578,3.00,2.10
2011.08.09 11:45:36.278,0.77552,0.77574,2.25,1.35
2011.08.09 11:45:36.509,0.77552,0.77575,3.75,1.35
2011.08.09 11:45:37.064,0.77554,0.77578,1.11,2.10
2011.08.09 11:45:38.587,0.77553,0.77578,1.35,2.25
2011.08.09 11:45:38.828,0.77555,0.77581,1.86,3.60
2011.08.09 11:45:39.386,0.77554,0.7758,2.61,2.25
2011.08.09 11:45:40.050,0.77554,0.7758,2.61,2.25
2011.08.09 11:45:41.457,0.77553,0.7758,1.71,3.75
2011.08.09 11:45:41.576,0.77552,0.7758,1.71,3.75
2011.08.09 11:45:41.920,0.77549,0.77574,2.25,2.85
2011.08.09 11:45:42.037,0.77549,0.77573,2.25,2.10
2011.08.09 11:45:42.374,0.77545,0.7757,1.11,1.35
2011.08.09 11:45:42.935,0.77545,0.7757,1.86,1.35
2011.08.09 11:45:43.759,0.77545,0.7757,1.86,1.35
2011.08.09 11:45:47.084,0.77546,0.77572,1.50,1.35
2011.08.09 11:45:47.864,0.77546,0.77572,1.50,1.35
2011.08.09 11:45:48.204,0.77548,0.77572,1.50,1.35
2011.08.09 11:45:48.888,0.77545,0.77571,1.86,3.00
2011.08.09 11:45:50.125,0.77548,0.77573,1.50,6.00
2011.08.09 11:45:50.465,0.77547,0.77568,1.50,2.25
2011.08.09 11:45:50.583,0.77545,0.77568,1.11,2.25
2011.08.09 11:45:52.037,0.77544,0.7757,1.50,3.00
2011.08.09 11:45:52.373,0.77547,0.77572,1.50,3.75
2011.08.09 11:45:53.134,0.77549,0.77573,1.50,1.50
2011.08.09 11:45:54.493,0.77551,0.77576,1.50,1.50
2011.08.09 11:45:54.826,0.77553,0.77578,1.50,1.35
2011.08.09 11:45:56.514,0.77553,0.77582,3.96,3.75
2011.08.09 11:45:56.744,0.77557,0.77582,1.11,3.00
2011.08.09 11:45:59.108,0.77559,0.77586,1.11,5.10
2011.08.09 11:45:59.226,0.77564,0.77586,1.35,3.00
2011.08.09 11:45:59.454,0.77565,0.7759,1.11,3.00
2011.08.09 11:45:59.575,0.77566,0.7759,1.50,2.25
2011.08.09 11:45:59.805,0.77566,0.7759,1.50,3.00
2011.08.09 11:46:02.217,0.77562,0.77588,1.86,3.75
2011.08.09 11:46:02.665,0.77556,0.77583,1.86,1.50
2011.08.09 11:46:02.784,0.77556,0.77579,1.86,1.35
2011.08.09 11:46:03.478,0.77553,0.77579,1.11,3.60
2011.08.09 11:46:04.604,0.7755,0.77576,1.11,1.35
2011.08.09 11:46:05.131,0.7755,0.77573,1.50,2.25
2011.08.09 11:46:06.135,0.77549,0.77573,1.50,2.25
2011.08.09 11:46:07.061,0.77551,0.77576,1.50,1.50
2011.08.09 11:46:07.399,0.77552,0.77578,1.50,1.35
2011.08.09 11:46:08.291,0.77548,0.77573,1.50,3.00
2011.08.09 11:46:08.405,0.77547,0.77574,1.11,2.85
2011.08.09 11:46:08.633,0.77547,0.77574,1.86,2.10
2011.08.09 11:46:09.739,0.77547,0.7757,1.11,2.25
2011.08.09 11:46:09.855,0.77547,0.7757,1.86,2.25
2011.08.09 11:46:10.085,0.7755,0.77573,1.50,1.50
2011.08.09 11:46:10.776,0.77547,0.7757,1.11,2.25
2011.08.09 11:46:10.895,0.77547,0.7757,1.11,3.00
2011.08.09 11:46:11.576,0.77544,0.7757,2.10,3.00
2011.08.09 11:46:11.806,0.77544,0.77569,1.35,1.50
2011.08.09 11:46:12.147,0.77544,0.77568,1.35,1.50
2011.08.09 11:46:12.375,0.77539,0.77565,1.86,2.25
2011.08.09 11:46:13.791,0.77545,0.7757,1.86,3.75
2011.08.09 11:46:14.343,0.77545,0.7757,1.11,3.00
2011.08.09 11:46:14.784,0.77545,0.77573,1.11,1.50
2011.08.09 11:46:15.015,0.77549,0.77572,1.35,1.50
2011.08.09 11:46:15.135,0.77549,0.77574,1.35,1.50
2011.08.09 11:46:15.365,0.77549,0.77575,1.35,3.00
2011.08.09 11:46:15.703,0.77541,0.77569,3.21,1.50
2011.08.09 11:46:16.388,0.77541,0.77566,2.46,2.25
2011.08.09 11:46:16.508,0.77541,0.77569,1.71,1.50
2011.08.09 11:46:16.960,0.77541,0.77566,1.71,3.00
2011.08.09 11:46:17.514,0.77541,0.77569,2.46,1.50
2011.08.09 11:46:17.964,0.77541,0.77567,1.35,4.50
2011.08.09 11:46:18.083,0.77541,0.77564,1.35,1.50
2011.08.09 11:46:18.316,0.77539,0.77564,2.46,1.50
2011.08.09 11:46:18.546,0.77541,0.77564,1.35,1.50
2011.08.09 11:46:19.247,0.77539,0.77563,1.11,2.25
2011.08.09 11:46:19.923,0.77537,0.77563,2.10,1.50
2011.08.09 11:46:20.483,0.77537,0.77562,2.10,1.50
2011.08.09 11:46:20.714,0.77537,0.7756,1.50,1.35
2011.08.09 11:46:20.945,0.77536,0.77558,1.86,3.00
2011.08.09 11:46:21.948,0.77533,0.77556,1.50,1.50
2011.08.09 11:46:22.062,0.77533,0.77554,1.50,1.50
2011.08.09 11:46:22.615,0.7753,0.77545,1.35,1.50
2011.08.09 11:46:22.738,0.77527,0.77543,2.61,1.35
2011.08.09 11:46:22.855,0.77525,0.77543,1.11,2.10
2011.08.09 11:46:23.089,0.77516,0.77537,1.50,1.35
2011.08.09 11:46:23.207,0.77516,0.77531,1.50,1.50
2011.08.09 11:46:23.329,0.7751,0.77528,2.25,1.50
2011.08.09 11:46:23.555,0.77506,0.77526,1.11,1.50
2011.08.09 11:46:24.264,0.77506,0.7753,1.86,1.50
2011.08.09 11:46:24.383,0.77508,0.77528,1.50,1.50
2011.08.09 11:46:24.615,0.77508,0.77531,1.50,1.50
2011.08.09 11:46:24.734,0.77508,0.77531,1.50,1.50
2011.08.09 11:46:25.076,0.77506,0.77522,1.11,2.25
2011.08.09 11:46:25.415,0.77502,0.77524,1.86,1.50
2011.08.09 11:46:25.537,0.77509,0.77532,1.35,1.50
2011.08.09 11:46:25.658,0.77511,0.77534,1.35,2.25
2011.08.09 11:46:25.884,0.77511,0.77533,1.35,1.50
2011.08.09 11:46:26.005,0.77511,0.77533,1.35,1.50
2011.08.09 11:46:26.612,0.77513,0.77534,1.11,3.00
2011.08.09 11:46:26.726,0.77515,0.77536,1.50,3.00
2011.08.09 11:46:26.846,0.77515,0.77525,1.50,1.50
2011.08.09 11:46:27.405,0.77513,0.77528,2.10,1.50
2011.08.09 11:46:27.527,0.77511,0.77532,3.75,1.50
2011.08.09 11:46:27.645,0.77511,0.77532,3.00,1.50
2011.08.09 11:46:27.876,0.77507,0.77531,1.35,1.50
2011.08.09 11:46:27.994,0.77506,0.77529,2.25,1.50
2011.08.09 11:46:28.113,0.77506,0.77525,2.25,1.50
2011.08.09 11:46:28.774,0.77505,0.77518,1.50,1.50
2011.08.09 11:46:28.901,0.77504,0.77522,1.11,1.50
2011.08.09 11:46:29.234,0.77497,0.77517,1.11,1.50
2011.08.09 11:46:29.578,0.77496,0.77514,1.50,1.50
2011.08.09 11:46:29.695,0.77492,0.77508,1.83,3.00
2011.08.09 11:46:29.815,0.77489,0.77508,3.75,3.00
2011.08.09 11:46:29.934,0.77488,0.77508,1.11,3.75
2011.08.09 11:46:30.055,0.77486,0.77508,2.25,3.00
2011.08.09 11:46:30.174,0.77486,0.77508,2.25,3.00
2011.08.09 11:46:30.293,0.77486,0.77498,2.25,1.50
2011.08.09 11:46:30.519,0.77481,0.77497,2.46,1.50
2011.08.09 11:46:30.634,0.77481,0.77499,2.46,1.50
2011.08.09 11:46:31.196,0.77481,0.775,3.21,1.50
2011.08.09 11:46:31.761,0.77491,0.7751,1.35,1.50
2011.08.09 11:46:32.093,0.77491,0.77508,1.35,1.50
2011.08.09 11:46:32.425,0.77495,0.77511,1.35,1.50
2011.08.09 11:46:32.985,0.77495,0.77515,1.35,1.50
2011.08.09 11:46:33.107,0.77495,0.77515,1.71,1.50
2011.08.09 11:46:33.335,0.77492,0.77512,2.25,1.50
2011.08.09 11:46:33.458,0.77489,0.7751,3.00,2.10
2011.08.09 11:46:34.060,0.77489,0.7751,2.25,2.10
2011.08.09 11:46:34.184,0.77479,0.77499,2.25,1.50
2011.08.09 11:46:34.417,0.77477,0.77499,2.25,1.50
2011.08.09 11:46:34.647,0.77476,0.77499,1.50,2.25
2011.08.09 11:46:34.766,0.77476,0.77501,1.86,2.25
2011.08.09 11:46:34.885,0.77476,0.77501,1.86,2.25
2011.08.09 11:46:35.113,0.77476,0.775,1.86,3.00
2011.08.09 11:46:35.342,0.77476,0.775,1.86,1.50
2011.08.09 11:46:35.455,0.77476,0.775,1.86,1.50
2011.08.09 11:46:35.686,0.77477,0.77504,1.50,2.85
2011.08.09 11:46:35.808,0.77481,0.77504,1.35,1.50
2011.08.09 11:46:36.370,0.77481,0.77508,1.35,1.50
2011.08.09 11:46:38.284,0.77481,0.77508,1.35,1.50
2011.08.09 11:46:38.846,0.77481,0.77508,1.35,1.50
2011.08.09 11:46:40.024,0.77481,0.77508,1.35,1.50
2011.08.09 11:46:40.144,0.77481,0.77506,1.35,2.25
2011.08.09 11:46:40.702,0.77479,0.77506,1.86,2.85
2011.08.09 11:46:41.260,0.77479,0.77502,1.50,3.00
2011.08.09 11:46:41.970,0.77466,0.77491,1.50,2.10
2011.08.09 11:46:42.196,0.77461,0.77482,3.00,4.35
2011.08.09 11:46:42.315,0.77461,0.77479,2.25,1.35
2011.08.09 11:46:42.434,0.77454,0.77477,1.50,3.75
2011.08.09 11:46:42.664,0.77451,0.77475,1.35,1.50
2011.08.09 11:46:42.785,0.77451,0.77473,1.50,1.35
2011.08.09 11:46:43.014,0.77443,0.77471,2.46,1.50
2011.08.09 11:46:43.246,0.77448,0.77469,1.50,2.25
2011.08.09 11:46:43.823,0.77455,0.77469,1.50,2.25
2011.08.09 11:46:44.163,0.77455,0.77468,1.50,1.50
2011.08.09 11:46:44.393,0.77452,0.77468,1.50,1.50
2011.08.09 11:46:45.001,0.77459,0.77469,1.50,2.25
2011.08.09 11:46:45.338,0.77467,0.77478,1.50,2.25
2011.08.09 11:46:45.456,0.77472,0.77485,1.50,2.10
2011.08.09 11:46:45.904,0.77465,0.77485,1.50,2.25
2011.08.09 11:46:46.133,0.77458,0.77483,1.35,3.00
2011.08.09 11:46:46.253,0.77457,0.77483,1.86,3.60
2011.08.09 11:46:46.814,0.77468,0.77486,1.50,3.00
2011.08.09 11:46:47.450,0.77472,0.77489,1.50,3.75
2011.08.09 11:46:47.789,0.77467,0.77491,1.50,2.85
2011.08.09 11:46:47.906,0.77467,0.7749,1.50,3.00
2011.08.09 11:46:48.139,0.77465,0.77489,1.50,2.25
2011.08.09 11:46:48.364,0.7746,0.77486,1.71,2.25
2011.08.09 11:46:48.483,0.77461,0.77487,1.35,1.50
2011.08.09 11:46:48.718,0.77466,0.77487,1.50,1.50
2011.08.09 11:46:48.838,0.77475,0.77489,1.50,1.50
2011.08.09 11:46:49.064,0.77475,0.77491,1.50,5.10
2011.08.09 11:46:49.965,0.77472,0.77491,1.50,1.50
2011.08.09 11:46:50.093,0.77468,0.7749,1.50,3.60
2011.08.09 11:46:50.317,0.77462,0.77486,2.25,1.35
2011.08.09 11:46:50.440,0.77455,0.77484,4.35,1.50
2011.08.09 11:46:50.782,0.77449,0.7747,1.50,1.35
2011.08.09 11:46:50.898,0.77445,0.77467,1.50,1.50
2011.08.09 11:46:51.124,0.77447,0.77467,1.50,1.50
2011.08.09 11:46:51.469,0.77454,0.77465,1.50,1.50
2011.08.09 11:46:52.667,0.7746,0.7748,1.50,3.00
2011.08.09 11:46:53.007,0.77471,0.77481,1.50,3.75
2011.08.09 11:46:53.347,0.77469,0.77484,1.50,3.00
2011.08.09 11:46:53.574,0.77478,0.77487,1.50,3.75
2011.08.09 11:46:53.920,0.77482,0.77494,1.50,1.50
2011.08.09 11:46:54.530,0.77475,0.77497,1.50,3.75
2011.08.09 11:46:54.647,0.77479,0.77497,1.50,3.75
2011.08.09 11:46:54.986,0.77471,0.77497,1.35,3.75
2011.08.09 11:46:55.105,0.77473,0.77497,1.50,4.35
2011.08.09 11:46:55.560,0.77471,0.77494,1.50,1.50
2011.08.09 11:46:55.785,0.7747,0.77493,1.50,3.00
2011.08.09 11:46:56.124,0.77468,0.77492,1.50,3.00
2011.08.09 11:46:56.244,0.77468,0.77492,1.50,3.00
2011.08.09 11:46:57.686,0.77467,0.7749,1.50,3.75
2011.08.09 11:46:57.918,0.77464,0.77487,1.35,3.00
2011.08.09 11:46:58.146,0.77464,0.77487,1.35,3.75
2011.08.09 11:46:58.380,0.77461,0.77486,1.50,3.00
2011.08.09 11:46:58.495,0.77464,0.77485,1.50,1.50
2011.08.09 11:46:58.615,0.77459,0.77484,1.50,1.50
2011.08.09 11:46:58.735,0.77459,0.77483,1.50,1.50
2011.08.09 11:46:59.296,0.7746,0.77483,1.50,1.50
2011.08.09 11:46:59.639,0.77468,0.77485,1.50,1.50
2011.08.09 11:47:00.314,0.77464,0.77488,1.50,3.00
2011.08.09 11:47:00.439,0.77473,0.77489,1.50,1.50
2011.08.09 11:47:00.885,0.77467,0.77489,1.50,1.50
2011.08.09 11:47:01.445,0.77466,0.77489,1.50,1.50
2011.08.09 11:47:01.566,0.77466,0.77489,1.50,1.50
2011.08.09 11:47:02.560,0.77473,0.77489,1.50,1.50
2011.08.09 11:47:03.148,0.77474,0.77489,1.50,1.50
2011.08.09 11:47:03.266,0.77474,0.77493,1.50,2.10
2011.08.09 11:47:07.828,0.77471,0.77492,1.50,1.35
2011.08.09 11:47:07.946,0.77469,0.7749,1.50,3.75
2011.08.09 11:47:08.746,0.77462,0.77486,1.50,1.50
2011.08.09 11:47:08.872,0.77462,0.77484,1.50,1.50
2011.08.09 11:47:11.268,0.77463,0.77482,1.50,3.00
2011.08.09 11:47:11.605,0.77471,0.77487,1.50,3.75
2011.08.09 11:47:11.835,0.77464,0.77486,1.11,2.25
2011.08.09 11:47:11.954,0.77463,0.77488,1.11,3.00
2011.08.09 11:47:12.076,0.77464,0.77486,1.11,3.00
2011.08.09 11:47:12.525,0.77466,0.77486,1.50,2.25
2011.08.09 11:47:12.756,0.77467,0.77489,1.50,1.50
2011.08.09 11:47:12.985,0.77469,0.77491,1.50,4.50
2011.08.09 11:47:13.214,0.77467,0.77489,1.50,1.50
2011.08.09 11:47:14.022,0.77467,0.77489,2.25,1.50
2011.08.09 11:47:15.043,0.77464,0.77486,1.11,3.00
2011.08.09 11:47:15.373,0.77471,0.77488,1.50,1.50
2011.08.09 11:47:15.593,0.77468,0.77487,1.35,2.25
2011.08.09 11:47:15.826,0.77469,0.77489,1.50,1.50
2011.08.09 11:47:15.945,0.77469,0.77491,1.50,2.25
2011.08.09 11:47:16.735,0.77473,0.77491,2.25,1.50
2011.08.09 11:47:16.963,0.77472,0.77492,1.50,2.25
2011.08.09 11:47:17.184,0.77474,0.77492,1.35,4.50
2011.08.09 11:47:17.305,0.77476,0.77494,1.50,1.50
2011.08.09 11:47:17.424,0.77476,0.77495,1.50,1.50
2011.08.09 11:47:17.765,0.77474,0.77497,1.35,1.50
2011.08.09 11:47:17.995,0.77474,0.77496,1.50,3.00
2011.08.09 11:47:18.669,0.77475,0.77495,1.50,2.25
2011.08.09 11:47:18.896,0.77464,0.77486,1.50,1.50
2011.08.09 11:47:19.126,0.77464,0.77484,1.50,1.50
2011.08.09 11:47:19.243,0.77464,0.77484,2.25,1.50
2011.08.09 11:47:19.585,0.77465,0.77484,1.50,2.25
2011.08.09 11:47:19.945,0.77466,0.77484,1.50,2.25
2011.08.09 11:47:20.177,0.77466,0.77484,1.50,1.50
2011.08.09 11:47:20.872,0.7747,0.77483,1.50,1.35
2011.08.09 11:47:21.205,0.7747,0.77482,1.50,1.50
2011.08.09 11:47:21.434,0.77462,0.77482,1.50,1.50
2011.08.09 11:47:22.103,0.77461,0.7748,1.50,1.50
2011.08.09 11:47:22.214,0.77459,0.7748,1.50,1.50
2011.08.09 11:47:22.876,0.77455,0.7748,1.50,1.50
2011.08.09 11:47:23.006,0.77455,0.7748,1.50,1.50
2011.08.09 11:47:23.561,0.77461,0.7748,1.50,1.50
2011.08.09 11:47:23.896,0.77459,0.77476,1.50,3.00
2011.08.09 11:47:24.240,0.77459,0.77479,1.50,3.00
2011.08.09 11:47:24.578,0.77465,0.77483,1.50,3.00
2011.08.09 11:47:24.915,0.77467,0.77484,1.50,1.50
2011.08.09 11:47:25.145,0.77468,0.77486,1.50,4.50
2011.08.09 11:47:25.269,0.77466,0.77486,1.50,4.50
2011.08.09 11:47:26.031,0.77469,0.77486,1.50,6.00
2011.08.09 11:47:26.478,0.7747,0.77486,1.35,2.25
2011.08.09 11:47:26.599,0.77476,0.77486,1.50,2.25
2011.08.09 11:47:26.937,0.77475,0.77487,2.25,2.25
2011.08.09 11:47:27.056,0.77475,0.77492,1.50,6.60
2011.08.09 11:47:27.662,0.77475,0.77492,1.50,4.35
2011.08.09 11:47:27.884,0.77475,0.77492,1.50,3.60
2011.08.09 11:47:28.599,0.77475,0.7749,1.50,3.00
2011.08.09 11:47:28.712,0.7747,0.77488,1.50,3.75
2011.08.09 11:47:29.317,0.77472,0.7749,1.50,3.00
2011.08.09 11:47:29.654,0.77479,0.77493,1.50,1.50
2011.08.09 11:47:29.998,0.77474,0.77492,1.50,1.35
2011.08.09 11:47:30.554,0.77474,0.77491,1.50,2.25
2011.08.09 11:47:30.674,0.77474,0.77491,1.50,3.00
2011.08.09 11:47:31.686,0.77478,0.77492,1.50,6.00
2011.08.09 11:47:31.807,0.77475,0.77492,1.50,6.00
2011.08.09 11:47:31.931,0.77472,0.77489,1.50,3.00
2011.08.09 11:47:32.048,0.77477,0.77489,1.50,3.00
2011.08.09 11:47:32.277,0.77485,0.77493,1.50,1.50
2011.08.09 11:47:32.508,0.77482,0.77494,1.50,2.25
2011.08.09 11:47:32.625,0.77482,0.77498,1.50,1.50
2011.08.09 11:47:32.744,0.77486,0.77499,1.50,2.10
2011.08.09 11:47:32.865,0.77486,0.77499,1.50,3.60
2011.08.09 11:47:33.632,0.77493,0.77499,1.50,2.25
2011.08.09 11:47:33.748,0.77493,0.77506,1.50,2.10
2011.08.09 11:47:33.864,0.77493,0.77506,1.50,2.10
2011.08.09 11:47:33.984,0.77493,0.77506,1.50,2.85
2011.08.09 11:47:34.105,0.77493,0.77506,1.50,2.25
2011.08.09 11:47:34.552,0.77497,0.77508,1.50,2.25
2011.08.09 11:47:35.465,0.77497,0.77511,1.50,1.50
2011.08.09 11:47:36.039,0.77502,0.77519,1.50,1.35
2011.08.09 11:47:36.264,0.77505,0.77521,1.50,1.50
2011.08.09 11:47:36.755,0.77505,0.77523,1.50,3.00
2011.08.09 11:47:37.107,0.77496,0.77523,1.35,2.25
2011.08.09 11:47:37.595,0.77496,0.77523,1.35,2.25
2011.08.09 11:47:38.153,0.77499,0.77524,1.11,2.25
2011.08.09 11:47:39.082,0.77502,0.77527,1.71,1.50
2011.08.09 11:47:39.414,0.77502,0.7753,1.71,2.85
2011.08.09 11:47:40.613,0.77504,0.7753,1.11,2.10
2011.08.09 11:47:41.269,0.77504,0.77529,1.11,1.50
2011.08.09 11:47:42.253,0.77504,0.7753,1.11,1.35
2011.08.09 11:47:42.474,0.77504,0.77531,1.11,2.85
2011.08.09 11:47:43.035,0.77504,0.77529,1.86,1.50
2011.08.09 11:47:43.925,0.77509,0.77531,1.35,2.25
2011.08.09 11:47:44.569,0.77511,0.77531,1.35,1.50
2011.08.09 11:47:44.694,0.7752,0.77541,1.35,1.50
2011.08.09 11:47:44.816,0.7752,0.77544,1.35,2.25
2011.08.09 11:47:45.154,0.77518,0.77541,3.36,1.50
2011.08.09 11:47:45.496,0.7752,0.77544,1.35,1.50
2011.08.09 11:47:45.615,0.77518,0.77544,1.86,1.50
2011.08.09 11:47:45.844,0.77518,0.77544,1.86,2.25
2011.08.09 11:47:46.298,0.77518,0.77544,1.86,2.25
2011.08.09 11:47:46.634,0.77516,0.7754,1.71,1.50
2011.08.09 11:47:46.863,0.77517,0.77544,2.46,2.25
2011.08.09 11:47:47.196,0.77519,0.77544,1.50,1.50
2011.08.09 11:47:48.333,0.77523,0.77544,1.35,1.50
2011.08.09 11:47:48.446,0.77523,0.77546,1.35,1.50
2011.08.09 11:47:48.569,0.77524,0.77549,1.35,1.50
2011.08.09 11:47:51.022,0.77525,0.77552,3.21,2.25
2011.08.09 11:47:51.135,0.77526,0.77554,2.46,2.25
2011.08.09 11:47:52.133,0.77527,0.77555,1.11,4.35
2011.08.09 11:47:52.685,0.77527,0.77555,1.11,1.35
2011.08.09 11:47:53.138,0.77529,0.77556,1.71,1.50
2011.08.09 11:47:53.692,0.77532,0.77558,1.35,1.50
2011.08.09 11:47:54.245,0.77531,0.77558,1.50,1.35
2011.08.09 11:47:54.368,0.77528,0.77556,3.96,2.25
2011.08.09 11:47:54.815,0.77527,0.77548,3.36,2.25
2011.08.09 11:47:55.155,0.77525,0.77551,2.46,1.50
2011.08.09 11:47:55.276,0.77527,0.77552,1.11,3.00
2011.08.09 11:47:55.858,0.77527,0.77555,1.86,2.10
2011.08.09 11:47:56.415,0.77529,0.77555,1.35,1.50
2011.08.09 11:47:56.976,0.77527,0.77552,1.11,1.35
2011.08.09 11:47:57.096,0.77524,0.77549,1.11,2.85
2011.08.09 11:47:57.336,0.7752,0.77542,3.00,2.25
2011.08.09 11:47:57.894,0.77516,0.77542,2.61,2.25
2011.08.09 11:47:58.237,0.77516,0.77539,1.86,2.25
2011.08.09 11:47:58.842,0.77516,0.77539,1.50,2.25
2011.08.09 11:47:59.624,0.77516,0.77541,1.50,1.35
2011.08.09 11:47:59.744,0.77521,0.77543,1.35,3.75
2011.08.09 11:47:59.976,0.77522,0.77547,1.35,1.50
2011.08.09 11:48:00.643,0.77523,0.7755,1.35,2.25
2011.08.09 11:48:02.638,0.77523,0.7755,2.10,2.25
2011.08.09 11:48:03.085,0.77526,0.77551,1.11,1.35
2011.08.09 11:48:03.972,0.77528,0.77553,2.10,1.50
2011.08.09 11:48:04.986,0.77535,0.77557,1.35,5.25
2011.08.09 11:48:05.528,0.77535,0.77557,2.10,3.00
2011.08.09 11:48:05.650,0.77538,0.77559,1.50,2.25
2011.08.09 11:48:05.765,0.77539,0.77565,1.11,1.35
2011.08.09 11:48:05.996,0.77536,0.7756,2.46,2.25
2011.08.09 11:48:06.115,0.77536,0.77564,2.46,2.10
2011.08.09 11:48:06.234,0.77536,0.7756,1.71,2.25
2011.08.09 11:48:06.465,0.77533,0.7756,1.86,3.60
2011.08.09 11:48:07.024,0.77532,0.7756,1.35,4.35
2011.08.09 11:48:07.148,0.77532,0.77558,1.35,1.50
2011.08.09 11:48:07.926,0.77532,0.77558,1.35,1.50
2011.08.09 11:48:09.588,0.77534,0.77558,1.50,1.50
2011.08.09 11:48:09.817,0.77534,0.77558,1.50,1.50
2011.08.09 11:48:11.287,0.77539,0.77564,2.10,3.00
2011.08.09 11:48:11.844,0.77539,0.77566,2.10,2.10
2011.08.09 11:48:18.767,0.77543,0.77566,1.35,1.50
2011.08.09 11:48:18.885,0.77547,0.77568,1.35,1.50
2011.08.09 11:48:19.555,0.77541,0.77568,1.11,1.50
2011.08.09 11:48:20.274,0.77541,0.77568,1.11,1.50
2011.08.09 11:48:20.833,0.7754,0.77566,1.50,1.50
2011.08.09 11:48:21.892,0.7754,0.77566,1.50,1.50
2011.08.09 11:48:25.004,0.7754,0.77566,1.50,1.50
2011.08.09 11:48:25.726,0.77544,0.77568,1.86,2.25
2011.08.09 11:48:26.407,0.77552,0.77568,1.35,2.25
2011.08.09 11:48:26.747,0.77567,0.77578,2.25,2.25
2011.08.09 11:48:27.084,0.7757,0.77578,2.25,1.50
2011.08.09 11:48:27.646,0.77568,0.77578,2.25,2.25
2011.08.09 11:48:28.203,0.77568,0.77576,2.25,2.25
2011.08.09 11:48:33.035,0.77571,0.77578,2.25,2.25
2011.08.09 11:48:33.373,0.77573,0.77581,2.25,1.50
2011.08.09 11:48:33.723,0.77572,0.7758,2.25,1.50
2011.08.09 11:48:34.163,0.77572,0.7758,2.25,1.50
2011.08.09 11:48:34.606,0.77572,0.77584,2.25,1.50
2011.08.09 11:48:34.836,0.77573,0.77587,2.25,2.25
2011.08.09 11:48:34.958,0.77578,0.77589,2.25,3.00
2011.08.09 11:48:35.767,0.77584,0.77594,2.25,2.10
2011.08.09 11:48:35.891,0.77574,0.776,2.10,1.50
2011.08.09 11:48:36.007,0.77575,0.776,1.50,1.50
2011.08.09 11:48:37.706,0.77575,0.77599,1.50,1.50
2011.08.09 11:48:38.322,0.77571,0.77594,1.50,2.25
2011.08.09 11:48:38.443,0.7757,0.77599,4.11,5.10
2011.08.09 11:48:39.215,0.7757,0.77599,4.71,5.10
2011.08.09 11:48:45.567,0.7757,0.77598,1.71,2.85
2011.08.09 11:48:45.685,0.7757,0.77598,1.71,2.10
2011.08.09 11:48:46.024,0.7757,0.77595,1.35,1.50
2011.08.09 11:48:48.034,0.77568,0.7759,1.11,1.35
2011.08.09 11:48:48.375,0.77568,0.7759,1.11,2.85
2011.08.09 11:48:48.496,0.77568,0.7759,1.11,2.25
2011.08.09 11:48:49.534,0.77566,0.77592,1.50,2.10
2011.08.09 11:48:49.879,0.77567,0.7759,1.50,2.25
2011.08.09 11:48:53.074,0.77566,0.7759,1.86,2.25
2011.08.09 11:48:56.856,0.77567,0.77591,1.86,3.00
2011.08.09 11:48:58.502,0.77567,0.77591,1.86,3.00
2011.08.09 11:48:58.615,0.77567,0.77591,1.11,3.75
2011.08.09 11:48:58.953,0.77567,0.77591,1.11,3.75
2011.08.09 11:49:00.813,0.77567,0.77591,1.86,3.75
2011.08.09 11:49:04.247,0.77569,0.77591,2.25,3.00
2011.08.09 11:49:04.474,0.7757,0.77597,1.11,3.00
2011.08.09 11:49:05.038,0.7757,0.77598,3.36,1.35
2011.08.09 11:49:05.164,0.77578,0.77602,2.25,1.50
2011.08.09 11:49:05.398,0.77579,0.77605,1.50,1.35
2011.08.09 11:49:05.955,0.77579,0.77605,1.86,1.35
2011.08.09 11:49:06.735,0.77579,0.77605,1.11,1.35
2011.08.09 11:49:06.964,0.77577,0.77605,1.50,2.85
2011.08.09 11:49:07.829,0.77576,0.776,1.86,1.35
2011.08.09 11:49:08.387,0.77576,0.77601,1.86,1.35
2011.08.09 11:49:09.164,0.77572,0.77596,2.46,1.50
2011.08.09 11:49:09.288,0.77569,0.77595,1.50,3.00
2011.08.09 11:49:09.844,0.77569,0.77595,1.50,4.50
2011.08.09 11:49:10.973,0.7757,0.77594,1.50,1.35
2011.08.09 11:49:11.317,0.7757,0.77594,1.50,3.00
2011.08.09 11:49:15.795,0.77569,0.77594,1.35,3.75
2011.08.09 11:49:16.356,0.77566,0.77593,3.75,3.60
2011.08.09 11:49:16.693,0.77566,0.77593,3.75,4.35
2011.08.09 11:49:18.015,0.77569,0.77593,1.50,4.50
2011.08.09 11:49:18.650,0.77569,0.77592,1.50,1.50
2011.08.09 11:49:19.361,0.77563,0.77586,1.50,3.00
2011.08.09 11:49:21.134,0.77562,0.77586,1.50,3.00
2011.08.09 11:49:21.364,0.77562,0.77586,1.50,3.00
2011.08.09 11:49:21.705,0.77565,0.77586,1.50,3.00
2011.08.09 11:49:23.444,0.77563,0.77582,1.35,2.25
2011.08.09 11:49:23.564,0.77563,0.77586,1.35,1.50
2011.08.09 11:49:23.685,0.77563,0.77586,1.35,1.50
2011.08.09 11:49:24.474,0.77563,0.77587,2.10,3.00
2011.08.09 11:49:26.583,0.77564,0.77587,2.98,3.00
2011.08.09 11:49:26.916,0.77573,0.77587,1.35,2.25
2011.08.09 11:49:27.035,0.77577,0.77598,1.50,3.00
2011.08.09 11:49:27.374,0.77578,0.776,1.50,2.25
2011.08.09 11:49:27.986,0.77578,0.77602,1.50,3.00
2011.08.09 11:49:29.785,0.77577,0.77601,2.10,1.50
2011.08.09 11:49:30.015,0.77579,0.77602,1.50,2.85
2011.08.09 11:49:30.243,0.77578,0.77604,1.35,3.75
2011.08.09 11:49:30.468,0.77578,0.77604,1.35,4.50
2011.08.09 11:49:31.152,0.77585,0.77609,1.35,1.50
2011.08.09 11:49:31.268,0.77588,0.77614,1.11,1.35
2011.08.09 11:49:31.385,0.77588,0.77615,1.86,1.35
2011.08.09 11:49:31.834,0.77594,0.77618,1.86,2.25
2011.08.09 11:49:31.957,0.77599,0.77618,1.35,2.25
2011.08.09 11:49:32.296,0.77601,0.77626,3.36,1.50
2011.08.09 11:49:32.416,0.77605,0.77626,1.50,3.00
2011.08.09 11:49:33.057,0.77607,0.77633,2.10,3.00
2011.08.09 11:49:33.182,0.77604,0.77627,1.50,5.10
2011.08.09 11:49:33.529,0.77597,0.77619,1.11,2.25
2011.08.09 11:49:33.865,0.77595,0.77617,1.50,2.25
2011.08.09 11:49:33.985,0.77595,0.77617,1.50,2.25
2011.08.09 11:49:35.651,0.77588,0.77612,3.00,1.35
2011.08.09 11:49:35.766,0.77588,0.7761,3.00,1.35
2011.08.09 11:49:35.884,0.77586,0.77608,1.11,1.35
2011.08.09 11:49:36.444,0.77582,0.77608,1.71,2.25
2011.08.09 11:49:36.782,0.77584,0.77608,1.50,2.25
2011.08.09 11:49:37.008,0.77589,0.7761,1.35,1.50
2011.08.09 11:49:37.239,0.77594,0.77616,1.35,2.25
2011.08.09 11:49:37.359,0.776,0.77616,1.71,2.25
2011.08.09 11:49:37.950,0.77607,0.77633,3.00,3.00
2011.08.09 11:49:38.284,0.77608,0.77634,1.86,1.35
2011.08.09 11:49:38.404,0.77608,0.77635,1.11,1.35
2011.08.09 11:49:38.636,0.77608,0.77635,1.11,3.60
2011.08.09 11:49:39.194,0.77608,0.77635,1.11,3.00
2011.08.09 11:49:39.864,0.77608,0.77636,1.86,1.50
2011.08.09 11:49:40.423,0.77608,0.77635,1.86,1.35
2011.08.09 11:49:41.097,0.77609,0.77636,1.11,2.25
2011.08.09 11:49:41.653,0.7761,0.77636,3.75,1.50
2011.08.09 11:49:41.873,0.7761,0.77636,2.25,1.50
2011.08.09 11:49:42.204,0.77607,0.77635,2.25,2.10
2011.08.09 11:49:42.764,0.77607,0.77633,1.50,2.25
2011.08.09 11:49:44.626,0.77607,0.77632,1.50,1.50
2011.08.09 11:49:46.557,0.77605,0.7763,1.11,1.35
2011.08.09 11:49:47.416,0.77607,0.77631,1.35,1.50
2011.08.09 11:49:47.541,0.77607,0.77632,1.35,1.50
2011.08.09 11:49:49.105,0.77606,0.7763,1.11,1.50
2011.08.09 11:49:49.340,0.77603,0.77627,1.35,3.00
2011.08.09 11:49:49.679,0.77601,0.77625,1.11,1.35
2011.08.09 11:49:50.363,0.77595,0.77623,3.96,1.35
2011.08.09 11:49:50.490,0.77595,0.77623,2.46,2.10
2011.08.09 11:49:50.608,0.77595,0.77621,1.11,1.35
2011.08.09 11:49:50.947,0.77595,0.77621,3.75,1.50
2011.08.09 11:49:51.287,0.77597,0.77622,1.11,1.35
2011.08.09 11:49:51.625,0.77597,0.77622,1.86,1.35
2011.08.09 11:49:51.855,0.77599,0.77627,2.46,1.50
2011.08.09 11:49:53.555,0.77599,0.77627,2.46,1.50
2011.08.09 11:49:54.444,0.77599,0.77623,1.11,1.50
2011.08.09 11:49:55.004,0.77596,0.77622,1.11,1.50
2011.08.09 11:49:55.675,0.77595,0.77621,3.60,1.50
2011.08.09 11:49:55.798,0.77595,0.77621,1.35,2.25
2011.08.09 11:49:56.027,0.77591,0.77617,3.00,1.50
2011.08.09 11:49:56.148,0.77589,0.77615,1.11,2.10
2011.08.09 11:49:56.375,0.77586,0.77613,1.11,1.35
2011.08.09 11:49:56.993,0.77583,0.77611,3.75,1.35
2011.08.09 11:49:57.449,0.77588,0.77612,1.35,1.50
2011.08.09 11:49:57.674,0.77589,0.77616,1.50,1.35
2011.08.09 11:49:58.233,0.77591,0.77616,1.11,1.35
2011.08.09 11:49:58.783,0.77591,0.77616,1.11,2.10
2011.08.09 11:49:59.898,0.77588,0.77613,1.35,1.50
2011.08.09 11:50:01.276,0.77588,0.77613,1.35,1.50
2011.08.09 11:50:01.836,0.77583,0.77609,1.11,1.35
2011.08.09 11:50:02.394,0.77583,0.77609,1.11,4.35
2011.08.09 11:50:02.515,0.77583,0.77608,1.11,1.50
2011.08.09 11:50:03.075,0.77584,0.77612,2.10,3.00
2011.08.09 11:50:03.199,0.77585,0.77613,1.11,1.50
2011.08.09 11:50:03.804,0.77585,0.77613,1.11,1.50
2011.08.09 11:50:05.558,0.7759,0.77618,1.35,1.50
2011.08.09 11:50:06.008,0.77607,0.77621,2.25,1.50
2011.08.09 11:50:06.235,0.776,0.77623,1.86,1.50
2011.08.09 11:50:06.354,0.77603,0.77627,1.50,1.35
2011.08.09 11:50:06.939,0.77606,0.77634,1.86,2.10
2011.08.09 11:50:07.383,0.77611,0.77634,1.11,1.35
2011.08.09 11:50:07.934,0.77611,0.77633,1.11,3.75
2011.08.09 11:50:08.276,0.77613,0.77633,1.50,2.25
2011.08.09 11:50:08.502,0.77615,0.77641,1.86,1.35
2011.08.09 11:50:08.836,0.77615,0.77637,1.11,3.00
2011.08.09 11:50:09.063,0.77615,0.7764,1.11,1.50
2011.08.09 11:50:09.286,0.77618,0.77641,1.11,1.35
2011.08.09 11:50:09.903,0.77618,0.77641,1.11,1.35
2011.08.09 11:50:10.124,0.77618,0.77641,1.11,1.35
2011.08.09 11:50:10.662,0.77618,0.77641,1.11,2.10
2011.08.09 11:50:10.995,0.77618,0.77638,1.35,1.50
2011.08.09 11:50:11.334,0.77624,0.7765,1.50,3.00
2011.08.09 11:50:11.896,0.77626,0.77649,1.11,1.50
2011.08.09 11:50:12.586,0.77626,0.77649,1.50,2.85
2011.08.09 11:50:12.925,0.77622,0.77649,1.86,3.60
2011.08.09 11:50:13.264,0.77628,0.77652,1.11,1.50
2011.08.09 11:50:13.603,0.77628,0.77652,1.11,1.50
2011.08.09 11:50:14.598,0.77628,0.77654,1.11,1.50
2011.08.09 11:50:14.935,0.77628,0.77654,1.11,1.50
2011.08.09 11:50:15.554,0.77628,0.77654,1.11,3.00
2011.08.09 11:50:15.678,0.77628,0.77649,1.35,2.25
2011.08.09 11:50:15.904,0.77628,0.77652,1.35,1.50
2011.08.09 11:50:16.135,0.77626,0.77653,1.86,2.10
2011.08.09 11:50:16.367,0.77626,0.77653,1.11,1.35
2011.08.09 11:50:16.488,0.77631,0.77654,1.11,2.85
2011.08.09 11:50:17.045,0.77631,0.77656,1.11,2.10
2011.08.09 11:50:17.167,0.77632,0.77656,1.50,1.35
2011.08.09 11:50:17.993,0.77633,0.77656,1.11,1.35
2011.08.09 11:50:18.742,0.77633,0.77656,1.11,2.10
2011.08.09 11:50:19.745,0.77633,0.77656,1.11,1.35
2011.08.09 11:50:20.336,0.77633,0.77655,1.11,1.35
2011.08.09 11:50:20.674,0.77633,0.77658,1.11,2.25
2011.08.09 11:50:21.016,0.77633,0.77659,1.11,2.85
2011.08.09 11:50:21.244,0.77633,0.77657,1.11,3.75
2011.08.09 11:50:21.584,0.77633,0.77657,1.11,2.25
2011.08.09 11:50:21.695,0.77633,0.77659,1.11,2.10
2011.08.09 11:50:22.926,0.77633,0.7766,1.11,2.85
2011.08.09 11:50:23.511,0.77633,0.77657,1.11,3.75
2011.08.09 11:50:23.843,0.77631,0.77654,1.11,1.35
2011.08.09 11:50:26.397,0.77628,0.77653,1.11,2.10
2011.08.09 11:50:26.515,0.77625,0.77652,1.11,2.85
2011.08.09 11:50:27.062,0.77624,0.77647,1.50,1.35
2011.08.09 11:50:27.177,0.77619,0.77644,1.86,1.50
2011.08.09 11:50:27.517,0.77615,0.77639,3.00,2.85
2011.08.09 11:50:27.636,0.7761,0.77636,1.11,2.25
2011.08.09 11:50:27.864,0.7761,0.77635,1.50,1.50
2011.08.09 11:50:28.427,0.77614,0.77641,1.35,4.35
2011.08.09 11:50:28.547,0.77615,0.77641,3.00,2.10
2011.08.09 11:50:28.666,0.77617,0.77644,1.35,1.50
2011.08.09 11:50:29.419,0.77623,0.77646,1.71,1.50
2011.08.09 11:50:29.974,0.77623,0.77647,1.71,1.50
2011.08.09 11:50:30.093,0.77623,0.77648,1.71,1.50
2011.08.09 11:50:30.883,0.77625,0.77649,1.35,1.50
2011.08.09 11:50:31.213,0.77623,0.77647,1.11,1.35
2011.08.09 11:50:31.764,0.77623,0.77648,1.11,2.10
2011.08.09 11:50:31.995,0.77623,0.77648,1.11,1.35
2011.08.09 11:50:33.914,0.77623,0.77647,1.11,1.35
2011.08.09 11:50:34.258,0.77621,0.77644,1.86,1.35
2011.08.09 11:50:34.484,0.77619,0.77641,3.00,1.50
2011.08.09 11:50:34.604,0.77619,0.77641,3.00,1.50
2011.08.09 11:50:34.947,0.7762,0.77645,1.11,1.50
2011.08.09 11:50:35.285,0.7762,0.77645,1.11,1.50
2011.08.09 11:50:35.625,0.77623,0.77645,1.35,1.50
2011.08.09 11:50:35.854,0.77623,0.77649,1.35,1.50
2011.08.09 11:50:37.416,0.7763,0.77651,1.35,2.25
2011.08.09 11:50:37.759,0.7764,0.77654,1.35,1.50
2011.08.09 11:50:37.878,0.7764,0.77661,1.35,1.50
2011.08.09 11:50:38.218,0.7764,0.77664,1.35,1.50
2011.08.09 11:50:38.342,0.77646,0.77665,1.35,3.00
2011.08.09 11:50:39.016,0.77656,0.77678,1.35,1.50
2011.08.09 11:50:39.524,0.77656,0.77678,1.35,1.50
2011.08.09 11:50:40.783,0.77653,0.77678,1.11,1.50
2011.08.09 11:50:41.227,0.77653,0.77678,1.11,1.50
2011.08.09 11:50:41.784,0.77663,0.77683,1.35,1.50
2011.08.09 11:50:42.131,0.77663,0.7769,1.35,2.85
2011.08.09 11:50:42.467,0.77663,0.7769,1.35,2.10
2011.08.09 11:50:43.203,0.77663,0.77687,1.35,1.50
2011.08.09 11:50:43.850,0.77663,0.77689,1.35,1.50
2011.08.09 11:50:43.974,0.77663,0.77688,1.35,2.25
2011.08.09 11:50:44.317,0.7766,0.77687,1.11,2.10
2011.08.09 11:50:44.545,0.7766,0.77684,1.11,1.50
2011.08.09 11:50:46.213,0.77659,0.77684,1.35,1.50
2011.08.09 11:50:47.056,0.77659,0.77682,3.60,1.50
2011.08.09 11:50:47.183,0.77663,0.77687,1.35,1.50
2011.08.09 11:50:47.735,0.77662,0.77687,1.35,2.25
2011.08.09 11:50:48.514,0.77658,0.77684,1.11,4.35
2011.08.09 11:50:48.743,0.77658,0.77684,1.11,4.35
2011.08.09 11:50:48.962,0.77659,0.77685,1.35,1.50
2011.08.09 11:50:49.514,0.77659,0.77685,1.35,1.50
2011.08.09 11:50:50.938,0.77657,0.77684,1.11,2.85
2011.08.09 11:50:53.237,0.7766,0.77684,1.50,2.10
2011.08.09 11:50:53.578,0.77662,0.77689,1.35,3.75
2011.08.09 11:50:54.875,0.77665,0.77688,1.11,1.50
2011.08.09 11:50:54.993,0.77664,0.77688,1.11,1.50
2011.08.09 11:50:55.496,0.77662,0.77688,1.71,1.50
2011.08.09 11:50:58.585,0.77661,0.77687,1.11,1.35
2011.08.09 11:50:59.485,0.77663,0.77688,1.11,1.50
2011.08.09 11:50:59.606,0.77663,0.77691,1.11,3.00
2011.08.09 11:50:59.726,0.77663,0.77692,1.11,1.35
2011.08.09 11:51:00.067,0.77667,0.77694,1.35,1.50
2011.08.09 11:51:00.642,0.77671,0.77696,1.71,1.50
2011.08.09 11:51:01.577,0.77671,0.77697,1.71,1.50
2011.08.09 11:51:02.137,0.77668,0.77694,1.11,5.10
2011.08.09 11:51:02.255,0.77666,0.77693,1.11,1.35
2011.08.09 11:51:02.943,0.77668,0.77694,1.11,2.10
2011.08.09 11:51:03.715,0.77667,0.77692,1.11,3.00
2011.08.09 11:51:04.055,0.77666,0.77688,1.11,3.60
2011.08.09 11:51:04.397,0.77666,0.77688,1.11,1.35
2011.08.09 11:51:05.050,0.77657,0.77682,3.36,2.85
2011.08.09 11:51:05.169,0.77657,0.77676,3.00,2.10
2011.08.09 11:51:05.704,0.77652,0.77671,1.11,1.35
2011.08.09 11:51:05.837,0.77639,0.77661,2.25,2.10
2011.08.09 11:51:06.166,0.77633,0.7766,3.00,2.10
2011.08.09 11:51:06.396,0.77641,0.77658,1.35,1.50
2011.08.09 11:51:06.628,0.77644,0.77662,1.35,1.50
2011.08.09 11:51:06.858,0.77645,0.77664,1.35,1.50
2011.08.09 11:51:07.241,0.77648,0.77672,1.71,1.50
2011.08.09 11:51:08.142,0.77661,0.77686,1.11,2.10
2011.08.09 11:51:08.369,0.77663,0.77684,1.71,1.50
2011.08.09 11:51:08.597,0.77663,0.77688,1.71,1.50
2011.08.09 11:51:10.966,0.7766,0.77686,1.11,2.10
2011.08.09 11:51:11.414,0.7766,0.77686,1.11,2.10
2011.08.09 11:51:11.753,0.77657,0.77683,1.71,1.50
2011.08.09 11:51:13.497,0.77658,0.77681,1.11,1.35
2011.08.09 11:51:14.530,0.77658,0.77681,1.11,1.35
2011.08.09 11:51:14.866,0.77655,0.77681,1.50,2.10
2011.08.09 11:51:15.094,0.77652,0.77674,1.11,1.35
2011.08.09 11:51:15.326,0.77651,0.77674,1.11,1.35
2011.08.09 11:51:15.665,0.77648,0.77674,1.11,1.35
2011.08.09 11:51:16.064,0.77648,0.77674,1.11,1.35
2011.08.09 11:51:17.775,0.77648,0.77674,1.11,1.35
2011.08.09 11:51:18.224,0.77652,0.77679,2.46,1.50
2011.08.09 11:51:18.784,0.77655,0.7768,1.11,1.35
2011.08.09 11:51:18.902,0.77655,0.7768,1.11,1.35
2011.08.09 11:51:19.237,0.77659,0.77684,1.11,2.25
2011.08.09 11:51:20.896,0.77659,0.77682,1.11,1.50
2011.08.09 11:51:23.308,0.77656,0.77682,1.11,1.50
2011.08.09 11:51:25.677,0.77664,0.77685,1.35,1.50
2011.08.09 11:51:25.797,0.77671,0.77687,1.35,1.50
2011.08.09 11:51:25.920,0.77673,0.77689,2.10,2.25
2011.08.09 11:51:26.256,0.77678,0.7769,1.71,2.25
2011.08.09 11:51:26.377,0.7768,0.77701,1.11,2.25
2011.08.09 11:51:27.001,0.77684,0.77705,1.35,1.50
2011.08.09 11:51:27.114,0.77684,0.77708,1.35,1.50
2011.08.09 11:51:28.975,0.77684,0.77708,1.35,1.50
2011.08.09 11:51:29.771,0.77681,0.77702,1.11,1.35
2011.08.09 11:51:30.109,0.77672,0.77697,1.35,1.50
2011.08.09 11:51:30.663,0.77672,0.77697,1.35,1.50
2011.08.09 11:51:32.680,0.77679,0.77699,1.35,1.50
2011.08.09 11:51:32.792,0.77686,0.77709,1.35,1.50
2011.08.09 11:51:32.906,0.77688,0.77714,1.11,3.75
2011.08.09 11:51:33.029,0.77691,0.77714,3.00,1.50
2011.08.09 11:51:33.143,0.77691,0.77715,3.00,1.50
2011.08.09 11:51:33.694,0.77695,0.77718,1.35,1.50
2011.08.09 11:51:33.817,0.77696,0.77721,1.71,2.25
2011.08.09 11:51:35.824,0.77696,0.77721,1.71,1.50
2011.08.09 11:51:36.053,0.77696,0.7772,1.11,1.50
2011.08.09 11:51:36.276,0.77694,0.77721,2.46,1.50
2011.08.09 11:51:36.614,0.77692,0.77713,3.00,1.50
2011.08.09 11:51:36.735,0.77692,0.77713,2.25,1.50
2011.08.09 11:51:36.854,0.77692,0.77713,2.25,2.25
2011.08.09 11:51:37.085,0.77685,0.77709,1.35,1.50
2011.08.09 11:51:38.128,0.77687,0.77709,1.35,1.50
2011.08.09 11:51:39.685,0.77686,0.77708,1.35,1.50
2011.08.09 11:51:40.136,0.77687,0.77712,4.50,1.50
2011.08.09 11:51:40.260,0.77691,0.77715,4.50,1.50
2011.08.09 11:51:40.375,0.77691,0.77716,4.50,1.50
2011.08.09 11:51:41.051,0.77692,0.77717,1.11,1.50
2011.08.09 11:51:41.605,0.7769,0.77717,1.86,1.50
2011.08.09 11:51:41.834,0.77692,0.77717,1.11,2.25
2011.08.09 11:51:42.546,0.77692,0.77717,2.61,1.50
2011.08.09 11:51:42.934,0.77694,0.77719,1.11,1.50
2011.08.09 11:51:43.455,0.77699,0.77723,4.50,1.50
2011.08.09 11:51:43.576,0.77701,0.77725,1.35,3.00
2011.08.09 11:51:44.239,0.77701,0.77725,1.35,2.25
2011.08.09 11:51:44.465,0.77702,0.77726,1.35,1.50
2011.08.09 11:51:45.024,0.777,0.77724,1.11,1.50
2011.08.09 11:51:45.144,0.777,0.77722,1.11,1.50
2011.08.09 11:51:45.913,0.77696,0.77722,1.71,1.50
2011.08.09 11:51:46.136,0.77695,0.77719,1.35,1.50
2011.08.09 11:51:46.707,0.77696,0.77721,1.35,1.50
2011.08.09 11:51:48.794,0.77694,0.77721,1.11,1.50
2011.08.09 11:51:48.928,0.77694,0.77721,1.11,1.50
2011.08.09 11:51:53.436,0.77693,0.77719,1.35,2.25
2011.08.09 11:51:55.876,0.77693,0.77719,1.35,1.50
2011.08.09 11:51:55.995,0.77692,0.77717,1.71,1.50
2011.08.09 11:51:56.668,0.77689,0.77714,5.46,1.50
2011.08.09 11:51:58.456,0.77686,0.7771,1.86,1.35
2011.08.09 11:51:58.797,0.77685,0.77708,1.11,1.50
2011.08.09 11:51:59.346,0.77687,0.7771,4.50,1.50
2011.08.09 11:51:59.684,0.77687,0.77712,4.50,1.50
2011.08.09 11:52:00.195,0.77687,0.77712,4.50,1.50
2011.08.09 11:52:00.546,0.77687,0.77712,4.50,1.50
2011.08.09 11:52:00.995,0.77686,0.77712,1.35,1.50
2011.08.09 11:52:01.803,0.77673,0.77698,1.11,1.50
2011.08.09 11:52:02.026,0.77666,0.77692,3.00,2.10
2011.08.09 11:52:03.248,0.77664,0.77691,1.71,1.50
2011.08.09 11:52:03.922,0.77664,0.77689,1.35,2.25
2011.08.09 11:52:04.255,0.77665,0.77692,1.11,2.10
2011.08.09 11:52:04.375,0.77666,0.77692,4.50,1.35
2011.08.09 11:52:04.496,0.77666,0.77693,4.50,2.10
2011.08.09 11:52:04.727,0.77665,0.77693,3.36,1.35
2011.08.09 11:52:05.286,0.77668,0.77693,1.11,1.35
2011.08.09 11:52:07.418,0.77668,0.77693,1.11,2.10
2011.08.09 11:52:07.646,0.77665,0.7769,1.11,1.50
2011.08.09 11:52:08.851,0.77662,0.77687,1.86,2.10
2011.08.09 11:52:09.076,0.77659,0.77684,1.71,1.50
2011.08.09 11:52:11.494,0.77659,0.77684,1.71,1.50
2011.08.09 11:52:13.924,0.7767,0.77693,1.11,1.50
2011.08.09 11:52:14.045,0.7767,0.77695,1.11,1.50
2011.08.09 11:52:14.383,0.7767,0.77695,1.11,2.25
2011.08.09 11:52:14.933,0.77667,0.77691,1.11,1.35
2011.08.09 11:52:16.034,0.77663,0.77688,1.11,1.50
2011.08.09 11:52:16.797,0.77661,0.77684,1.11,1.35
2011.08.09 11:52:17.026,0.77661,0.77684,1.11,1.35
2011.08.09 11:52:17.368,0.77657,0.77682,1.11,1.50
2011.08.09 11:52:17.987,0.77657,0.77682,1.11,1.50
2011.08.09 11:52:18.216,0.77653,0.77671,2.61,2.25
2011.08.09 11:52:18.335,0.77652,0.77675,2.25,1.35
2011.08.09 11:52:18.455,0.7765,0.77671,1.11,1.50
2011.08.09 11:52:19.232,0.77642,0.77668,1.50,1.50
2011.08.09 11:52:19.677,0.77642,0.77669,1.50,2.25
2011.08.09 11:52:20.233,0.77644,0.7767,1.11,2.10
2011.08.09 11:52:21.756,0.77644,0.7767,1.11,2.10
2011.08.09 11:52:22.786,0.77644,0.77668,1.11,1.50
2011.08.09 11:52:23.756,0.77644,0.77668,1.11,1.50
2011.08.09 11:52:24.315,0.77644,0.77669,1.11,2.10
2011.08.09 11:52:25.732,0.7764,0.77663,1.11,1.35
2011.08.09 11:52:28.405,0.77634,0.77661,1.71,1.50
2011.08.09 11:52:28.979,0.77631,0.77655,1.11,2.10
2011.08.09 11:52:29.100,0.77627,0.7765,1.11,1.35
2011.08.09 11:52:29.325,0.77624,0.77649,1.11,2.25
2011.08.09 11:52:29.451,0.77622,0.77641,1.11,1.50
2011.08.09 11:52:29.790,0.77619,0.77631,2.25,2.10
2011.08.09 11:52:30.017,0.77619,0.77632,2.25,1.50
2011.08.09 11:52:30.136,0.77608,0.77633,1.35,1.50
2011.08.09 11:52:30.255,0.77608,0.77633,1.71,1.50
2011.08.09 11:52:30.594,0.77608,0.77633,1.71,1.50
2011.08.09 11:52:31.225,0.77608,0.77632,1.71,1.50
2011.08.09 11:52:31.348,0.77617,0.77635,2.10,1.50
2011.08.09 11:52:31.688,0.77629,0.7764,1.35,3.00
2011.08.09 11:52:31.922,0.77631,0.77658,1.35,3.75
2011.08.09 11:52:32.035,0.77632,0.77658,1.35,3.00
2011.08.09 11:52:32.374,0.77632,0.77657,1.35,1.50
2011.08.09 11:52:32.493,0.77632,0.77657,1.35,1.50
2011.08.09 11:52:34.443,0.7763,0.77657,1.11,2.10
2011.08.09 11:52:36.939,0.77634,0.77658,1.11,1.35
2011.08.09 11:52:37.055,0.77635,0.77659,1.35,1.50
2011.08.09 11:52:37.177,0.77635,0.77663,1.35,2.85
2011.08.09 11:52:37.300,0.7764,0.77663,1.35,1.50
2011.08.09 11:52:37.638,0.77641,0.77669,1.35,2.10
2011.08.09 11:52:37.974,0.77647,0.7767,1.35,2.25
2011.08.09 11:52:38.643,0.77647,0.77674,1.71,1.50
2011.08.09 11:52:39.941,0.77645,0.77671,1.50,1.50
2011.08.09 11:52:40.387,0.77647,0.77674,1.11,4.35
2011.08.09 11:52:40.837,0.77645,0.77672,1.50,2.10
2011.08.09 11:52:41.178,0.77635,0.7766,1.35,1.50
2011.08.09 11:52:41.516,0.77632,0.77655,1.50,1.50
2011.08.09 11:52:42.083,0.7763,0.77655,1.11,1.50
2011.08.09 11:52:42.523,0.7763,0.77655,1.11,1.50
2011.08.09 11:52:44.305,0.77633,0.77656,1.35,1.50
2011.08.09 11:52:44.644,0.77633,0.77656,1.35,1.50
2011.08.09 11:52:45.814,0.77633,0.77657,1.35,1.50
2011.08.09 11:52:46.994,0.77633,0.77657,1.35,1.50
2011.08.09 11:52:47.960,0.77632,0.77657,1.11,1.35
2011.08.09 11:52:48.188,0.77632,0.77656,1.11,1.35
2011.08.09 11:52:48.633,0.77631,0.77655,1.35,1.50
2011.08.09 11:52:50.124,0.77625,0.7765,1.11,2.25
2011.08.09 11:52:50.464,0.7762,0.77647,1.71,1.50
2011.08.09 11:52:50.585,0.77618,0.77645,1.35,1.50
2011.08.09 11:52:52.094,0.77618,0.77642,1.35,2.25
2011.08.09 11:52:52.434,0.77618,0.77642,1.35,1.50
2011.08.09 11:52:52.544,0.77618,0.77644,1.35,1.50
2011.08.09 11:52:52.765,0.77618,0.77643,1.35,1.50
2011.08.09 11:52:53.103,0.77618,0.77642,1.35,1.50
2011.08.09 11:52:53.434,0.77618,0.77641,1.35,1.50
2011.08.09 11:52:53.882,0.77613,0.7764,1.71,2.25
2011.08.09 11:52:54.104,0.77613,0.7764,1.71,2.25
2011.08.09 11:52:54.748,0.77613,0.7764,1.71,2.25
2011.08.09 11:52:54.863,0.77613,0.77639,1.71,1.50
2011.08.09 11:52:56.068,0.77621,0.77638,1.35,1.50
2011.08.09 11:52:56.189,0.77621,0.77643,1.35,1.50
2011.08.09 11:52:56.413,0.77621,0.77646,1.35,3.00
2011.08.09 11:52:56.525,0.77621,0.77646,1.35,1.50
2011.08.09 11:52:56.863,0.77623,0.7765,1.50,3.00
2011.08.09 11:52:57.415,0.77624,0.77649,1.35,1.50
2011.08.09 11:53:01.195,0.77624,0.77649,1.71,2.25
2011.08.09 11:53:01.800,0.77624,0.77649,1.71,1.50
2011.08.09 11:53:02.469,0.77624,0.77648,1.11,1.35
2011.08.09 11:53:02.813,0.77622,0.77648,1.86,2.10
2011.08.09 11:53:03.363,0.77626,0.77649,1.50,2.10
2011.08.09 11:53:03.586,0.77626,0.77649,1.50,1.50
2011.08.09 11:53:03.703,0.77626,0.77651,1.11,1.50
2011.08.09 11:53:04.035,0.77627,0.77652,1.50,2.85
2011.08.09 11:53:04.265,0.77626,0.77652,1.11,2.85
2011.08.09 11:53:04.823,0.77628,0.77652,1.11,1.35
2011.08.09 11:53:05.044,0.77627,0.77655,1.71,1.35
2011.08.09 11:53:05.277,0.77636,0.77656,2.10,1.50
2011.08.09 11:53:05.505,0.77636,0.77662,1.35,1.50
2011.08.09 11:53:06.066,0.77638,0.77662,1.11,1.50
2011.08.09 11:53:06.184,0.77638,0.77662,1.11,1.50
2011.08.09 11:53:06.524,0.7764,0.77666,1.50,1.50
2011.08.09 11:53:06.855,0.7764,0.77665,1.50,1.50
2011.08.09 11:53:06.978,0.7764,0.77662,1.50,1.50
2011.08.09 11:53:07.204,0.77634,0.7766,2.10,1.50
2011.08.09 11:53:07.542,0.77634,0.7766,1.35,1.50
2011.08.09 11:53:07.656,0.77634,0.7766,1.35,2.25
2011.08.09 11:53:08.034,0.77634,0.7766,1.35,2.25
2011.08.09 11:53:08.956,0.77634,0.77658,1.35,1.50
2011.08.09 11:53:09.076,0.77632,0.77658,3.75,2.10
2011.08.09 11:53:09.745,0.77636,0.77662,1.50,1.50
2011.08.09 11:53:09.871,0.77639,0.77664,1.35,1.50
2011.08.09 11:53:09.988,0.77639,0.77667,1.35,1.35
2011.08.09 11:53:11.546,0.77654,0.77677,1.50,3.00
2011.08.09 11:53:11.773,0.77656,0.77679,1.11,1.35
2011.08.09 11:53:12.876,0.77656,0.7768,1.11,1.35
2011.08.09 11:53:13.324,0.77653,0.7768,1.35,2.85
2011.08.09 11:53:15.366,0.77661,0.77683,1.11,3.00
2011.08.09 11:53:16.106,0.77671,0.7769,1.35,2.25
2011.08.09 11:53:16.231,0.77676,0.77694,1.35,3.00
2011.08.09 11:53:16.564,0.77675,0.77694,1.35,2.25
2011.08.09 11:53:16.683,0.77675,0.77702,3.60,1.50
2011.08.09 11:53:16.794,0.77675,0.77702,3.60,1.50
2011.08.09 11:53:17.345,0.77675,0.777,1.35,1.50
2011.08.09 11:53:17.684,0.77677,0.77705,1.11,1.35
2011.08.09 11:53:18.574,0.77677,0.77703,1.11,1.50
2011.08.09 11:53:18.799,0.77675,0.77702,1.35,1.50
2011.08.09 11:53:19.024,0.77675,0.77702,1.35,2.25
2011.08.09 11:53:19.144,0.77675,0.777,1.35,1.50
2011.08.09 11:53:19.486,0.77673,0.777,1.11,1.50
2011.08.09 11:53:19.825,0.77673,0.777,1.11,1.50
2011.08.09 11:53:20.165,0.77673,0.777,1.11,1.50
2011.08.09 11:53:20.696,0.77673,0.777,1.11,1.50
2011.08.09 11:53:20.831,0.77671,0.77697,2.10,1.50
2011.08.09 11:53:21.059,0.77671,0.77696,1.35,1.50
2011.08.09 11:53:21.178,0.77671,0.77696,1.35,2.25
2011.08.09 11:53:21.631,0.77671,0.77694,1.35,1.50
2011.08.09 11:53:21.967,0.77669,0.77693,1.11,2.10
2011.08.09 11:53:22.195,0.77666,0.77692,1.11,1.50
2011.08.09 11:53:22.317,0.77666,0.77691,1.11,1.50
2011.08.09 11:53:22.654,0.77663,0.77688,1.35,1.50
2011.08.09 11:53:23.208,0.77663,0.77688,1.35,1.50
2011.08.09 11:53:23.655,0.77669,0.77691,3.00,1.50
2011.08.09 11:53:23.776,0.77669,0.77692,3.00,1.50
2011.08.09 11:53:25.726,0.77667,0.77691,1.35,1.50
2011.08.09 11:53:27.515,0.77667,0.77691,2.10,1.50
2011.08.09 11:53:27.813,0.77667,0.77691,1.35,1.50
2011.08.09 11:53:28.416,0.77666,0.77691,1.11,2.10
2011.08.09 11:53:28.538,0.77667,0.77691,1.35,2.25
2011.08.09 11:53:28.769,0.77667,0.77691,1.35,1.50
2011.08.09 11:53:29.926,0.77667,0.77691,1.35,1.50
2011.08.09 11:53:31.093,0.77667,0.77691,1.35,1.50
2011.08.09 11:53:33.138,0.77666,0.77691,1.11,1.35
2011.08.09 11:53:33.261,0.77666,0.7769,1.11,2.10
2011.08.09 11:53:33.377,0.7766,0.77684,1.11,1.35
2011.08.09 11:53:34.025,0.77659,0.77676,2.25,1.35
2011.08.09 11:53:34.152,0.77657,0.77675,2.25,2.25
2011.08.09 11:53:34.264,0.77657,0.77675,2.25,3.00
2011.08.09 11:53:34.607,0.77648,0.77675,1.71,2.25
2011.08.09 11:53:35.164,0.77648,0.77675,1.71,1.50
2011.08.09 11:53:35.605,0.77648,0.77674,1.71,1.50
2011.08.09 11:53:37.009,0.77644,0.77669,1.86,1.88
2011.08.09 11:53:37.567,0.77644,0.77665,1.11,1.35
2011.08.09 11:53:37.690,0.77636,0.77663,1.11,1.50
2011.08.09 11:53:38.025,0.77636,0.77661,1.11,2.25
2011.08.09 11:53:38.364,0.77636,0.77661,3.36,1.50
2011.08.09 11:53:38.704,0.77636,0.77661,1.11,1.50
2011.08.09 11:53:39.263,0.77632,0.77659,1.11,1.50
2011.08.09 11:53:39.991,0.77632,0.77659,1.11,1.50
2011.08.09 11:53:40.107,0.77634,0.77659,1.48,1.50
2011.08.09 11:53:40.448,0.77653,0.77664,1.50,2.25
2011.08.09 11:53:40.678,0.77657,0.77673,1.11,2.25
2011.08.09 11:53:40.795,0.77657,0.77679,1.11,3.00
2011.08.09 11:53:41.758,0.77668,0.77683,3.75,1.50
2011.08.09 11:53:41.890,0.77676,0.77699,1.11,2.25
2011.08.09 11:53:42.117,0.77679,0.77702,1.11,1.35
2011.08.09 11:53:42.239,0.77679,0.77703,1.11,1.35
2011.08.09 11:53:42.466,0.77679,0.77702,1.11,1.35
2011.08.09 11:53:43.029,0.77677,0.77701,1.50,1.50
2011.08.09 11:53:43.260,0.77674,0.77695,1.50,1.35
2011.08.09 11:53:43.487,0.7767,0.7769,1.86,1.35
2011.08.09 11:53:43.607,0.7767,0.7769,1.50,2.10
2011.08.09 11:53:44.212,0.7766,0.77684,1.35,1.50
2011.08.09 11:53:44.793,0.77657,0.77683,1.11,1.35
2011.08.09 11:53:45.343,0.77657,0.77682,1.11,1.35
2011.08.09 11:53:45.795,0.77657,0.77682,1.11,1.35
2011.08.09 11:53:48.656,0.77654,0.77681,1.71,1.50
2011.08.09 11:53:49.213,0.7766,0.77681,1.35,1.50
2011.08.09 11:53:49.323,0.7766,0.77681,1.35,1.50
2011.08.09 11:53:50.562,0.77653,0.77678,1.50,2.25
2011.08.09 11:53:50.896,0.77651,0.77675,1.35,1.50
2011.08.09 11:53:51.240,0.77653,0.77671,1.50,1.35
2011.08.09 11:53:51.358,0.77645,0.77668,1.50,1.35
2011.08.09 11:53:51.474,0.77645,0.77668,1.50,1.35
2011.08.09 11:53:52.035,0.77641,0.77668,1.86,1.35
2011.08.09 11:53:53.525,0.77645,0.77672,1.50,2.10
2011.08.09 11:53:53.863,0.7765,0.77676,1.11,2.10
2011.08.09 11:53:54.303,0.7765,0.77676,1.11,2.10
2011.08.09 11:53:55.190,0.7765,0.77676,1.11,2.10
2011.08.09 11:53:56.189,0.77656,0.77681,1.86,1.50
2011.08.09 11:53:56.543,0.77657,0.77683,3.75,1.35
2011.08.09 11:53:56.965,0.77658,0.77684,1.50,3.00
2011.08.09 11:54:00.255,0.77659,0.77684,1.50,1.50
2011.08.09 11:54:01.466,0.7766,0.77685,4.50,1.35
2011.08.09 11:54:01.695,0.77663,0.77691,3.60,2.85
2011.08.09 11:54:02.254,0.77664,0.77691,1.11,2.10
2011.08.09 11:54:03.449,0.77664,0.7769,1.11,1.50
2011.08.09 11:54:04.240,0.77664,0.77688,1.11,1.35
2011.08.09 11:54:04.574,0.77665,0.77691,1.35,1.50
2011.08.09 11:54:04.687,0.77666,0.77692,1.50,1.50
2011.08.09 11:54:06.134,0.77668,0.77692,1.86,2.25
2011.08.09 11:54:06.695,0.77668,0.77692,1.11,1.50
2011.08.09 11:54:07.035,0.77668,0.77692,1.11,1.50
2011.08.09 11:54:08.504,0.77668,0.77692,1.11,1.50
2011.08.09 11:54:08.842,0.77668,0.77692,1.11,1.50
2011.08.09 11:54:11.254,0.77668,0.77692,1.11,1.50
2011.08.09 11:54:12.135,0.77665,0.77689,1.35,1.50
2011.08.09 11:54:12.819,0.77664,0.77689,1.11,2.10
2011.08.09 11:54:13.045,0.77664,0.77687,1.11,1.35
2011.08.09 11:54:13.384,0.77664,0.77687,1.11,1.35
2011.08.09 11:54:14.596,0.77664,0.77684,1.11,1.50
2011.08.09 11:54:14.826,0.7766,0.77681,1.11,1.50
2011.08.09 11:54:14.947,0.77655,0.7768,1.86,1.50
2011.08.09 11:54:15.797,0.77656,0.7768,2.25,2.25
2011.08.09 11:54:16.576,0.77656,0.7768,2.85,1.50
2011.08.09 11:54:17.355,0.77656,0.7768,2.85,1.50
2011.08.09 11:54:17.914,0.77656,0.7768,2.25,2.25
2011.08.09 11:54:18.558,0.77658,0.77683,1.71,1.50
2011.08.09 11:54:18.674,0.77658,0.7768,1.71,1.50
2011.08.09 11:54:19.005,0.77658,0.77682,1.11,1.35
2011.08.09 11:54:19.563,0.77658,0.77682,1.11,1.35
2011.08.09 11:54:20.164,0.77658,0.77682,1.11,1.35
2011.08.09 11:54:20.384,0.77659,0.77685,1.35,1.50
2011.08.09 11:54:21.054,0.77664,0.7769,1.71,1.50
2011.08.09 11:54:21.164,0.77664,0.7769,1.71,1.50
2011.08.09 11:54:21.785,0.77664,0.7769,1.71,1.50
2011.08.09 11:54:22.882,0.77665,0.77691,1.50,2.10
2011.08.09 11:54:24.667,0.77666,0.77691,1.50,2.10
2011.08.09 11:54:25.497,0.77664,0.7769,1.71,1.50
2011.08.09 11:54:25.947,0.77664,0.7769,1.71,1.50
2011.08.09 11:54:26.283,0.77664,0.7769,1.71,1.50
2011.08.09 11:54:26.729,0.77664,0.77691,2.46,2.10
2011.08.09 11:54:29.139,0.77664,0.7769,1.11,1.35
2011.08.09 11:54:29.477,0.77663,0.77686,1.11,1.50
2011.08.09 11:54:29.595,0.77663,0.77686,1.11,1.50
2011.08.09 11:54:30.046,0.77661,0.77684,1.86,1.50
2011.08.09 11:54:30.634,0.77663,0.77686,1.11,1.50
2011.08.09 11:54:31.298,0.77658,0.77683,1.11,1.50
2011.08.09 11:54:31.854,0.77658,0.77683,1.71,1.50
2011.08.09 11:54:32.195,0.77658,0.77685,1.71,1.50
2011.08.09 11:54:33.193,0.77663,0.77684,1.35,1.50
2011.08.09 11:54:34.493,0.77666,0.77689,4.50,2.25
2011.08.09 11:54:34.717,0.77665,0.7769,1.50,1.50
2011.08.09 11:54:34.834,0.77665,0.77689,2.25,1.50
2011.08.09 11:54:35.066,0.77667,0.77691,1.71,1.50
2011.08.09 11:54:35.403,0.77669,0.77695,1.11,1.35
2011.08.09 11:54:36.724,0.77676,0.77699,1.35,1.50
2011.08.09 11:54:37.207,0.77676,0.77702,3.60,3.00
2011.08.09 11:54:37.547,0.77679,0.77704,1.11,1.35
2011.08.09 11:54:37.996,0.77687,0.77707,2.85,1.50
2011.08.09 11:54:38.226,0.77688,0.77709,1.11,1.50
2011.08.09 11:54:38.786,0.77688,0.77713,1.11,1.50
2011.08.09 11:54:39.999,0.77689,0.77715,1.50,2.85
2011.08.09 11:54:40.123,0.77696,0.77716,1.50,1.50
2011.08.09 11:54:40.798,0.77696,0.77718,2.25,1.50
2011.08.09 11:54:41.325,0.77698,0.77718,1.50,1.50
2011.08.09 11:54:41.667,0.77695,0.77717,1.50,1.50
2011.08.09 11:54:41.896,0.77692,0.77715,1.50,2.25
2011.08.09 11:54:42.438,0.77689,0.7771,3.00,1.35
2011.08.09 11:54:42.561,0.77689,0.77709,2.25,1.50
2011.08.09 11:54:43.116,0.77689,0.77708,1.50,1.50
2011.08.09 11:54:43.344,0.77694,0.7771,1.50,2.10
2011.08.09 11:54:43.893,0.77694,0.7771,1.50,2.10
2011.08.09 11:54:44.226,0.77688,0.77708,1.50,1.50
2011.08.09 11:54:44.456,0.77693,0.7771,1.50,2.85
2011.08.09 11:54:46.210,0.77691,0.7771,1.50,2.10
2011.08.09 11:54:47.744,0.77691,0.77713,1.50,1.50
2011.08.09 11:54:49.065,0.77687,0.77709,1.11,1.50
2011.08.09 11:54:49.185,0.77686,0.77709,2.25,1.50
2011.08.09 11:54:49.413,0.77685,0.77709,1.86,1.50
2011.08.09 11:54:49.887,0.77686,0.77709,1.50,1.50
2011.08.09 11:54:50.538,0.7769,0.7771,1.50,1.50
2011.08.09 11:54:50.874,0.77691,0.77714,1.50,2.25
2011.08.09 11:54:54.177,0.7769,0.77714,1.50,2.25
2011.08.09 11:54:54.878,0.77689,0.7771,2.85,1.50
2011.08.09 11:54:55.203,0.77689,0.77709,2.10,1.50
2011.08.09 11:54:55.534,0.77689,0.77709,2.10,1.50
2011.08.09 11:54:56.085,0.77686,0.77708,1.50,1.50
2011.08.09 11:54:56.644,0.77689,0.77709,2.10,1.50
2011.08.09 11:54:56.755,0.77689,0.77709,2.10,1.50
2011.08.09 11:54:57.095,0.77694,0.77713,1.50,2.85
2011.08.09 11:54:57.215,0.77695,0.77713,1.50,1.50
2011.08.09 11:54:59.776,0.77696,0.77719,1.50,1.50
2011.08.09 11:54:59.896,0.777,0.77725,2.85,1.50
2011.08.09 11:55:00.128,0.77708,0.77731,1.50,1.35
2011.08.09 11:55:00.358,0.77713,0.77731,1.50,2.10
2011.08.09 11:55:00.586,0.77708,0.77731,2.25,2.10
2011.08.09 11:55:01.517,0.7771,0.77731,1.50,1.50
2011.08.09 11:55:01.638,0.77715,0.77737,1.71,1.50
2011.08.09 11:55:02.274,0.77717,0.77742,3.00,3.75
2011.08.09 11:55:02.826,0.77719,0.77742,1.35,1.50
2011.08.09 11:55:03.745,0.7772,0.77742,2.10,1.50
2011.08.09 11:55:04.254,0.77734,0.77744,1.50,1.50
2011.08.09 11:55:04.705,0.77733,0.77744,1.50,1.50
2011.08.09 11:55:04.829,0.77725,0.77747,3.60,3.75
2011.08.09 11:55:04.947,0.77725,0.77746,2.10,1.50
2011.08.09 11:55:05.552,0.77725,0.77746,1.35,1.50
2011.08.09 11:55:07.263,0.77724,0.77749,1.86,1.50
2011.08.09 11:55:07.375,0.77724,0.77749,1.11,1.50
2011.08.09 11:55:07.716,0.77727,0.77746,1.50,1.50
2011.08.09 11:55:08.055,0.77723,0.77747,1.11,1.50
2011.08.09 11:55:08.173,0.77721,0.77747,3.21,1.50
2011.08.09 11:55:08.287,0.77735,0.77745,1.50,1.50
2011.08.09 11:55:08.910,0.77729,0.7775,1.50,1.50
2011.08.09 11:55:09.134,0.77724,0.77748,2.46,1.50
2011.08.09 11:55:09.258,0.77724,0.77748,3.21,1.50
2011.08.09 11:55:09.378,0.77729,0.77751,1.50,1.50
2011.08.09 11:55:09.606,0.77728,0.7775,1.50,1.50
2011.08.09 11:55:11.106,0.77734,0.77751,1.50,1.50
2011.08.09 11:55:11.698,0.77749,0.77754,1.50,3.00
2011.08.09 11:55:11.843,0.77745,0.77759,1.50,1.50
2011.08.09 11:55:11.955,0.77742,0.77761,1.50,2.10
2011.08.09 11:55:12.293,0.77736,0.77759,1.50,1.50
2011.08.09 11:55:12.404,0.77734,0.77759,1.11,1.50
2011.08.09 11:55:12.516,0.77742,0.7776,1.50,1.50
2011.08.09 11:55:13.638,0.77738,0.77761,1.50,2.85
2011.08.09 11:55:14.750,0.77741,0.77764,1.50,3.75
2011.08.09 11:55:14.975,0.77741,0.77767,1.50,1.50
2011.08.09 11:55:15.094,0.7774,0.77766,2.85,1.50
2011.08.09 11:55:15.325,0.77741,0.77768,1.50,2.85
2011.08.09 11:55:15.445,0.77743,0.77765,1.50,1.50
2011.08.09 11:55:15.674,0.77741,0.77767,1.50,1.50
2011.08.09 11:55:15.784,0.77742,0.77767,1.50,1.50
2011.08.09 11:55:16.226,0.7774,0.77765,1.86,1.35
2011.08.09 11:55:16.676,0.7774,0.7776,1.50,3.00
2011.08.09 11:55:16.798,0.7774,0.77764,1.50,3.00
2011.08.09 11:55:17.253,0.7774,0.77764,1.50,2.25
2011.08.09 11:55:17.367,0.7774,0.77764,1.50,2.25
2011.08.09 11:55:17.980,0.7774,0.77767,2.10,2.25
2011.08.09 11:55:18.787,0.77742,0.77767,1.50,2.25
2011.08.09 11:55:19.352,0.7774,0.77767,2.10,1.50
2011.08.09 11:55:22.565,0.77738,0.77764,1.86,2.10
2011.08.09 11:55:22.907,0.77736,0.77746,1.50,2.10
2011.08.09 11:55:23.029,0.77724,0.77743,2.25,1.35
2011.08.09 11:55:23.844,0.77723,0.77739,1.50,1.35
2011.08.09 11:55:23.981,0.77716,0.77739,1.50,2.25
2011.08.09 11:55:24.314,0.77716,0.7774,2.25,1.35
2011.08.09 11:55:24.536,0.77717,0.77742,3.21,3.00
2011.08.09 11:55:24.875,0.77718,0.7774,1.50,2.25
2011.08.09 11:55:24.997,0.7772,0.77741,1.11,2.25
2011.08.09 11:55:25.117,0.77722,0.77746,1.50,4.35
2011.08.09 11:55:26.586,0.77722,0.77747,1.50,1.50
2011.08.09 11:55:26.925,0.77724,0.77747,2.25,1.50
2011.08.09 11:55:27.155,0.77724,0.77747,1.50,1.50
2011.08.09 11:55:27.497,0.77727,0.77747,1.50,2.10
2011.08.09 11:55:27.615,0.77736,0.77747,1.50,2.10
2011.08.09 11:55:28.069,0.77724,0.77746,1.50,1.50
2011.08.09 11:55:28.188,0.7772,0.77742,1.50,1.35
2011.08.09 11:55:28.306,0.77715,0.7774,2.25,1.35
2011.08.09 11:55:29.304,0.77713,0.77731,1.48,1.50
2011.08.09 11:55:29.646,0.77735,0.77751,1.50,2.25
2011.08.09 11:55:29.767,0.77746,0.77754,1.50,1.50
2011.08.09 11:55:29.887,0.77742,0.77756,1.50,2.25
2011.08.09 11:55:30.006,0.77739,0.77758,2.25,2.25
2011.08.09 11:55:30.236,0.77737,0.77757,1.86,1.35
2011.08.09 11:55:30.354,0.77731,0.77757,4.11,1.35
2011.08.09 11:55:30.584,0.77732,0.77756,1.50,1.35
2011.08.09 11:55:30.694,0.77733,0.77756,1.50,1.35
2011.08.09 11:55:32.224,0.77737,0.77758,1.50,1.50
2011.08.09 11:55:32.784,0.77738,0.77758,1.50,1.50
2011.08.09 11:55:33.303,0.77738,0.77758,1.50,1.50
2011.08.09 11:55:34.035,0.77737,0.77758,1.50,1.50
2011.08.09 11:55:36.676,0.77739,0.77758,1.50,1.50
2011.08.09 11:55:38.165,0.77735,0.77758,1.50,1.50
2011.08.09 11:55:38.285,0.77733,0.77755,1.50,1.35
2011.08.09 11:55:38.626,0.77729,0.77754,1.11,1.50
2011.08.09 11:55:39.074,0.77729,0.77754,1.11,1.50
2011.08.09 11:55:39.185,0.77729,0.7775,1.11,1.35
2011.08.09 11:55:39.744,0.77731,0.7775,1.50,1.35
2011.08.09 11:55:40.186,0.77729,0.7775,1.50,1.35
2011.08.09 11:55:40.306,0.7773,0.7775,1.50,1.35
2011.08.09 11:55:41.607,0.77726,0.77751,3.00,1.35
2011.08.09 11:55:42.704,0.77729,0.77751,1.50,1.35
2011.08.09 11:55:43.156,0.7773,0.77751,1.50,1.35
2011.08.09 11:55:43.385,0.77729,0.77751,2.25,1.35
2011.08.09 11:55:44.697,0.7773,0.77751,1.50,1.35
2011.08.09 11:55:45.364,0.7773,0.77751,1.50,2.10
2011.08.09 11:55:47.924,0.77732,0.77751,1.50,1.35
2011.08.09 11:55:48.154,0.77731,0.77755,1.50,1.50
2011.08.09 11:55:48.265,0.77729,0.77755,1.50,1.50
2011.08.09 11:55:48.968,0.77728,0.77754,1.71,1.50
2011.08.09 11:55:49.095,0.77724,0.77744,1.50,1.35
2011.08.09 11:55:49.216,0.77718,0.77742,1.11,1.35
2011.08.09 11:55:49.337,0.77724,0.77737,1.50,1.50
2011.08.09 11:55:49.675,0.7772,0.77735,1.50,1.35
2011.08.09 11:55:50.127,0.77711,0.77735,1.50,1.35
2011.08.09 11:55:50.246,0.77715,0.77737,1.35,1.50
2011.08.09 11:55:50.370,0.77713,0.77739,1.35,2.25
2011.08.09 11:55:50.489,0.77712,0.77736,1.86,1.35
2011.08.09 11:55:50.718,0.77709,0.77729,1.11,1.35
2011.08.09 11:55:50.836,0.77708,0.77729,1.11,1.35
2011.08.09 11:55:50.957,0.77704,0.77729,1.11,2.10
2011.08.09 11:55:51.078,0.77702,0.77729,1.11,2.85
2011.08.09 11:55:51.641,0.77703,0.77729,1.50,2.85
2011.08.09 11:55:51.866,0.77706,0.77729,1.50,2.85
2011.08.09 11:55:52.207,0.77712,0.77725,1.50,1.35
2011.08.09 11:55:52.436,0.77704,0.77725,1.50,1.35
2011.08.09 11:55:52.669,0.77703,0.77724,1.50,1.50
2011.08.09 11:55:52.898,0.77701,0.77723,1.50,1.50
2011.08.09 11:55:53.016,0.777,0.77723,1.50,2.25
2011.08.09 11:55:53.578,0.77701,0.7772,1.50,1.35
2011.08.09 11:55:54.228,0.77701,0.7772,1.50,1.35
2011.08.09 11:55:54.786,0.77702,0.77722,1.50,1.50
2011.08.09 11:55:55.127,0.77702,0.77724,1.50,1.50
2011.08.09 11:55:55.360,0.77698,0.77722,1.11,1.35
2011.08.09 11:55:55.480,0.77694,0.77719,1.50,1.35
2011.08.09 11:55:55.819,0.77694,0.77715,1.50,2.25
2011.08.09 11:55:56.154,0.7769,0.77713,1.50,1.50
2011.08.09 11:55:56.384,0.77694,0.77713,1.50,1.50
2011.08.09 11:55:57.001,0.77694,0.77713,1.50,1.50
2011.08.09 11:55:59.076,0.77693,0.77713,1.50,1.50
2011.08.09 11:55:59.308,0.77693,0.77713,1.50,3.75
2011.08.09 11:55:59.980,0.77696,0.77713,1.50,4.50
2011.08.09 11:56:00.533,0.77696,0.77713,1.50,4.50
2011.08.09 11:56:00.976,0.77695,0.77713,1.50,2.25
2011.08.09 11:56:01.094,0.77686,0.77712,2.46,2.25
2011.08.09 11:56:01.325,0.77687,0.77711,1.11,2.25
2011.08.09 11:56:01.442,0.77688,0.77711,1.11,2.25
2011.08.09 11:56:02.160,0.77688,0.77711,1.11,1.50
2011.08.09 11:56:02.271,0.77688,0.77713,1.86,1.50
2011.08.09 11:56:03.964,0.77688,0.77715,2.61,2.85
2011.08.09 11:56:04.084,0.77691,0.77716,1.71,1.50
2011.08.09 11:56:04.644,0.77691,0.77716,1.71,1.50
2011.08.09 11:56:05.446,0.77695,0.77721,1.35,1.50
2011.08.09 11:56:06.177,0.77699,0.77725,1.11,1.35
2011.08.09 11:56:08.916,0.77699,0.77725,1.11,1.35
2011.08.09 11:56:10.864,0.77696,0.77724,1.86,2.25
2011.08.09 11:56:17.574,0.77695,0.7772,1.86,1.35
2011.08.09 11:56:17.793,0.77692,0.7772,1.71,2.85
2011.08.09 11:56:18.153,0.77692,0.7772,1.71,2.85
2011.08.09 11:56:18.825,0.7771,0.77733,2.10,1.50
2011.08.09 11:56:19.167,0.77718,0.77739,1.35,1.50
2011.08.09 11:56:19.914,0.77718,0.77743,1.35,1.50
2011.08.09 11:56:20.357,0.77714,0.77739,3.36,1.50
2011.08.09 11:56:20.587,0.77714,0.77739,1.11,1.50
2011.08.09 11:56:22.778,0.77713,0.7774,1.11,2.10
2011.08.09 11:56:23.007,0.77713,0.7774,1.86,2.10
2011.08.09 11:56:23.128,0.77715,0.7774,1.35,1.50
2011.08.09 11:56:24.036,0.77712,0.77737,1.35,1.50
2011.08.09 11:56:24.703,0.77712,0.77737,1.35,1.50
2011.08.09 11:56:25.253,0.77714,0.7774,1.11,1.50
2011.08.09 11:56:25.696,0.77711,0.77738,1.35,1.50
2011.08.09 11:56:26.035,0.77711,0.77738,1.35,3.75
2011.08.09 11:56:27.776,0.77707,0.77734,1.11,1.35
2011.08.09 11:56:28.337,0.77704,0.77732,2.46,1.50
2011.08.09 11:56:28.898,0.77706,0.77732,1.50,1.50
2011.08.09 11:56:29.233,0.77706,0.77732,1.50,1.50
2011.08.09 11:56:30.246,0.77704,0.77731,1.11,1.50
2011.08.09 11:56:30.585,0.777,0.77725,1.11,1.35
2011.08.09 11:56:30.930,0.77696,0.7772,1.11,1.35
2011.08.09 11:56:31.047,0.77694,0.77716,1.11,1.35
2011.08.09 11:56:32.264,0.77694,0.7772,1.71,1.50
2011.08.09 11:56:33.029,0.77695,0.7772,1.50,1.50
2011.08.09 11:56:35.116,0.77694,0.7772,1.11,2.25
2011.08.09 11:56:38.074,0.77692,0.77715,1.35,1.50
2011.08.09 11:56:38.685,0.77689,0.77715,1.50,2.10
2011.08.09 11:56:39.024,0.7769,0.77715,1.50,2.10
2011.08.09 11:56:39.355,0.77687,0.77715,4.71,2.10
2011.08.09 11:56:39.837,0.77687,0.77709,2.85,1.50
2011.08.09 11:56:40.396,0.77682,0.77707,2.25,1.50
2011.08.09 11:56:40.849,0.77681,0.77706,1.11,1.50
2011.08.09 11:56:41.195,0.77675,0.77693,3.00,1.35
2011.08.09 11:56:41.540,0.77672,0.77682,2.25,1.35
2011.08.09 11:56:41.657,0.77667,0.77682,2.25,1.35
2011.08.09 11:56:41.775,0.77655,0.77682,1.86,1.35
2011.08.09 11:56:42.354,0.77652,0.7768,2.46,1.35
2011.08.09 11:56:42.576,0.77652,0.77676,1.11,1.35
2011.08.09 11:56:43.133,0.7765,0.77677,1.50,2.10
2011.08.09 11:56:44.446,0.77651,0.77677,1.50,2.10
2011.08.09 11:56:44.565,0.77653,0.77677,1.11,1.50
2011.08.09 11:56:45.440,0.77653,0.77677,1.11,1.50
2011.08.09 11:56:45.996,0.7765,0.77677,2.10,2.25
2011.08.09 11:56:46.555,0.7765,0.77676,2.10,1.50
2011.08.09 11:56:46.996,0.7765,0.77677,2.10,1.50
2011.08.09 11:56:47.537,0.7765,0.77677,2.10,1.50
2011.08.09 11:56:48.216,0.7765,0.77677,1.35,1.50
2011.08.09 11:56:48.945,0.7765,0.77676,1.35,1.50
2011.08.09 11:56:49.505,0.77652,0.77679,1.86,3.00
2011.08.09 11:56:49.630,0.77652,0.77679,1.86,2.25
2011.08.09 11:56:49.966,0.77652,0.77678,1.11,1.50
2011.08.09 11:56:50.306,0.77648,0.77673,1.50,1.35
2011.08.09 11:56:50.888,0.77648,0.77673,1.50,2.10
2011.08.09 11:56:51.005,0.77648,0.77672,1.50,1.50
2011.08.09 11:56:51.566,0.77646,0.77672,1.50,1.50
2011.08.09 11:56:51.686,0.77645,0.77672,3.75,2.25
2011.08.09 11:56:52.138,0.77645,0.77672,3.75,2.25
2011.08.09 11:56:53.174,0.77644,0.77671,1.35,1.50
2011.08.09 11:56:53.398,0.77646,0.77671,2.25,1.50
2011.08.09 11:56:53.735,0.77643,0.77671,1.86,2.10
2011.08.09 11:56:53.860,0.77643,0.77669,1.86,1.35
2011.08.09 11:56:54.407,0.77643,0.77668,1.50,2.10
2011.08.09 11:56:54.857,0.7764,0.77665,2.10,1.50
2011.08.09 11:56:54.976,0.77639,0.77665,1.35,2.25
2011.08.09 11:56:55.206,0.77638,0.77663,1.11,1.35
2011.08.09 11:56:55.546,0.77635,0.77661,3.00,2.10
2011.08.09 11:56:56.108,0.77632,0.77658,1.50,1.35
2011.08.09 11:56:57.097,0.77629,0.77656,1.11,1.50
2011.08.09 11:56:58.158,0.77629,0.77657,1.11,2.25
2011.08.09 11:56:58.713,0.77629,0.77656,1.11,1.50
2011.08.09 11:56:59.435,0.77629,0.77656,1.11,3.75
2011.08.09 11:56:59.562,0.77629,0.77655,1.11,3.00
2011.08.09 11:57:00.066,0.77629,0.77653,1.11,1.35
2011.08.09 11:57:02.063,0.7763,0.77653,1.35,1.50
2011.08.09 11:57:02.588,0.7763,0.77653,2.10,1.50
2011.08.09 11:57:02.713,0.77631,0.77659,1.11,1.50
2011.08.09 11:57:03.046,0.77633,0.77659,1.50,1.50
2011.08.09 11:57:03.277,0.77633,0.77659,1.50,1.50
2011.08.09 11:57:03.850,0.77631,0.77659,1.11,2.10
2011.08.09 11:57:04.078,0.77632,0.77658,1.50,1.35
2011.08.09 11:57:05.654,0.77633,0.7766,1.11,1.50
2011.08.09 11:57:06.314,0.77636,0.77662,1.11,1.35
2011.08.09 11:57:06.424,0.77636,0.77663,1.11,1.35
2011.08.09 11:57:06.974,0.77639,0.77665,1.86,2.10
2011.08.09 11:57:07.935,0.77641,0.77665,1.11,1.50
2011.08.09 11:57:08.618,0.77641,0.77667,1.11,1.50
2011.08.09 11:57:08.746,0.77646,0.77676,2.10,3.60
2011.08.09 11:57:08.976,0.77652,0.77676,1.11,2.10
2011.08.09 11:57:09.541,0.77655,0.7768,1.35,3.00
2011.08.09 11:57:09.766,0.77655,0.77683,1.35,4.35
2011.08.09 11:57:10.354,0.77656,0.77683,1.86,4.35
2011.08.09 11:57:11.169,0.77657,0.77683,1.11,1.35
2011.08.09 11:57:11.720,0.77663,0.77691,1.50,1.35
2011.08.09 11:57:12.273,0.77665,0.7769,1.11,1.50
2011.08.09 11:57:13.238,0.77665,0.77691,1.11,2.85
2011.08.09 11:57:13.480,0.77667,0.77691,1.35,1.50
2011.08.09 11:57:13.823,0.77675,0.77699,1.35,2.25
2011.08.09 11:57:13.940,0.77675,0.77703,1.71,1.50
2011.08.09 11:57:14.496,0.77681,0.77704,1.35,1.50
2011.08.09 11:57:14.846,0.77685,0.77709,1.11,1.35
2011.08.09 11:57:15.405,0.77685,0.77711,1.71,1.50
2011.08.09 11:57:15.647,0.77685,0.77711,1.71,1.50
2011.08.09 11:57:15.877,0.77683,0.77709,1.11,2.10
2011.08.09 11:57:16.105,0.77678,0.77704,1.86,1.50
2011.08.09 11:57:16.337,0.77677,0.777,1.11,1.50
2011.08.09 11:57:17.345,0.77672,0.77698,1.11,1.50
2011.08.09 11:57:18.137,0.77678,0.77703,1.11,1.50
2011.08.09 11:57:18.255,0.77678,0.77706,1.11,4.50
2011.08.09 11:57:18.594,0.77683,0.77706,1.71,3.75
2011.08.09 11:57:18.815,0.77683,0.7771,1.71,4.35
2011.08.09 11:57:19.265,0.77683,0.77709,1.71,1.50
2011.08.09 11:57:19.950,0.77683,0.77707,1.11,1.35
2011.08.09 11:57:20.525,0.77682,0.77707,1.11,1.35
2011.08.09 11:57:21.146,0.77686,0.77709,1.35,1.50
2011.08.09 11:57:21.488,0.77694,0.77713,1.35,2.25
2011.08.09 11:57:22.383,0.77697,0.77713,1.50,2.25
2011.08.09 11:57:22.502,0.77694,0.7772,1.35,1.50
2011.08.09 11:57:22.949,0.77692,0.77717,1.11,2.10
2011.08.09 11:57:23.072,0.77692,0.77715,1.11,1.50
2011.08.09 11:57:23.189,0.77686,0.77712,1.11,2.10
2011.08.09 11:57:23.526,0.77683,0.77707,1.50,2.25
2011.08.09 11:57:23.756,0.77679,0.77705,1.11,1.35
2011.08.09 11:57:24.318,0.77683,0.77707,1.71,3.75
2011.08.09 11:57:24.977,0.77688,0.77715,1.11,3.75
2011.08.09 11:57:26.017,0.77688,0.77715,1.11,1.50
2011.08.09 11:57:26.716,0.77695,0.77715,1.35,1.50
2011.08.09 11:57:26.835,0.77695,0.77717,1.35,2.25
2011.08.09 11:57:26.954,0.77695,0.7772,2.10,2.25
2011.08.09 11:57:27.076,0.77695,0.7772,1.35,2.25
2011.08.09 11:57:27.665,0.77695,0.77721,1.35,1.50
2011.08.09 11:57:29.994,0.77695,0.77721,1.35,1.50
2011.08.09 11:57:30.743,0.77697,0.77723,1.11,2.10
2011.08.09 11:57:30.857,0.77706,0.77729,1.11,1.50
2011.08.09 11:57:31.085,0.77706,0.77731,1.86,2.10
2011.08.09 11:57:31.317,0.77707,0.77731,2.85,1.50
2011.08.09 11:57:31.655,0.77716,0.77737,1.71,1.50
2011.08.09 11:57:31.774,0.77715,0.77742,1.71,1.50
2011.08.09 11:57:32.556,0.77715,0.77741,1.11,1.50
2011.08.09 11:57:32.895,0.77713,0.77741,2.46,1.50
2011.08.09 11:57:33.559,0.77709,0.77736,1.11,1.35
2011.08.09 11:57:39.567,0.77708,0.77736,2.46,1.50
2011.08.09 11:57:40.234,0.77708,0.77733,1.11,1.35
2011.08.09 11:57:40.356,0.77706,0.77732,1.50,1.35
2011.08.09 11:57:40.695,0.77705,0.77731,1.71,1.50
2011.08.09 11:57:41.358,0.77702,0.77728,1.71,1.50
2011.08.09 11:57:42.526,0.77702,0.77728,1.71,1.50
2011.08.09 11:57:43.483,0.77702,0.77727,1.35,1.50
2011.08.09 11:57:44.495,0.77702,0.77727,1.35,1.50
2011.08.09 11:57:45.155,0.77702,0.77727,1.35,1.50
2011.08.09 11:57:48.006,0.77702,0.7773,3.96,3.00
2011.08.09 11:57:48.347,0.77706,0.77731,2.10,1.50
2011.08.09 11:57:48.991,0.77708,0.77732,1.11,1.50
2011.08.09 11:57:49.554,0.77705,0.7773,1.11,1.35
2011.08.09 11:57:50.105,0.77705,0.7773,1.11,2.10
2011.08.09 11:57:50.665,0.77705,0.77731,1.71,1.50
2011.08.09 11:57:51.676,0.77705,0.77731,1.71,1.50
2011.08.09 11:57:53.171,0.77705,0.7773,1.71,1.50
2011.08.09 11:57:53.396,0.77705,0.7773,1.71,1.50
2011.08.09 11:57:53.516,0.77705,0.77729,1.11,1.35
2011.08.09 11:57:53.854,0.777,0.77726,1.71,1.50
2011.08.09 11:57:54.076,0.777,0.77724,1.71,1.50
2011.08.09 11:58:01.165,0.777,0.77727,1.35,1.35
2011.08.09 11:58:01.508,0.777,0.77727,1.35,1.35
2011.08.09 11:58:02.394,0.777,0.77725,1.35,1.50
2011.08.09 11:58:02.619,0.77703,0.77728,1.35,3.00
2011.08.09 11:58:02.957,0.77709,0.77735,1.35,1.50
2011.08.09 11:58:03.185,0.77709,0.77738,1.35,2.25
2011.08.09 11:58:03.836,0.77715,0.77739,1.35,1.50
2011.08.09 11:58:05.345,0.77709,0.77739,1.35,1.35
2011.08.09 11:58:06.016,0.77716,0.77742,1.35,1.50
2011.08.09 11:58:06.464,0.77716,0.77742,1.35,2.25
2011.08.09 11:58:06.853,0.77716,0.77742,1.35,2.25
2011.08.09 11:58:07.407,0.77716,0.77744,2.10,2.85
2011.08.09 11:58:07.937,0.77716,0.77744,2.10,2.85
2011.08.09 11:58:08.280,0.77728,0.77752,1.35,1.50
2011.08.09 11:58:08.394,0.77734,0.77753,1.35,1.50
2011.08.09 11:58:08.517,0.77734,0.77757,1.35,3.75
2011.08.09 11:58:08.748,0.77734,0.7776,1.35,2.25
2011.08.09 11:58:09.304,0.7773,0.77759,1.86,1.35
2011.08.09 11:58:10.069,0.77732,0.77759,1.35,3.00
2011.08.09 11:58:10.191,0.77735,0.77763,1.35,2.25
2011.08.09 11:58:10.525,0.77737,0.77764,1.35,3.00
2011.08.09 11:58:10.866,0.77744,0.77771,1.50,1.50
2011.08.09 11:58:11.316,0.77743,0.7777,2.10,1.50
2011.08.09 11:58:11.653,0.77743,0.77773,2.10,1.35
2011.08.09 11:58:13.186,0.77744,0.77774,1.35,2.85
2011.08.09 11:58:13.526,0.7775,0.77776,1.35,3.75
2011.08.09 11:58:13.645,0.77749,0.77776,1.35,2.25
2011.08.09 11:58:13.764,0.77749,0.77776,1.35,2.25
2011.08.09 11:58:14.317,0.77749,0.77779,1.35,2.85
2011.08.09 11:58:14.786,0.77749,0.77779,1.35,5.10
2011.08.09 11:58:15.554,0.77759,0.77783,2.25,1.50
2011.08.09 11:58:15.672,0.77759,0.77786,2.25,1.35
2011.08.09 11:58:16.649,0.77759,0.77788,2.85,1.35
2011.08.09 11:58:17.204,0.77756,0.77785,1.35,1.35
2011.08.09 11:58:17.754,0.77756,0.77784,1.35,1.35
2011.08.09 11:58:18.689,0.77759,0.77787,1.35,4.50
2011.08.09 11:58:19.025,0.77762,0.77787,1.35,2.25
2011.08.09 11:58:19.476,0.77766,0.77793,1.35,3.00
2011.08.09 11:58:19.735,0.77766,0.77794,1.35,3.00
2011.08.09 11:58:20.073,0.77766,0.77794,1.35,3.00
2011.08.09 11:58:20.183,0.77766,0.77794,1.35,3.00
2011.08.09 11:58:20.517,0.77766,0.77795,1.35,3.00
2011.08.09 11:58:21.484,0.77767,0.77795,1.35,3.75
2011.08.09 11:58:22.033,0.77767,0.77795,1.35,1.50
2011.08.09 11:58:23.805,0.77768,0.77796,1.35,2.85
2011.08.09 11:58:24.364,0.77769,0.77798,1.50,1.35
2011.08.09 11:58:24.587,0.77771,0.778,1.35,1.50
2011.08.09 11:58:27.226,0.77771,0.77799,1.35,2.85
2011.08.09 11:58:27.727,0.7777,0.77798,1.50,2.10
2011.08.09 11:58:28.406,0.77769,0.77799,1.35,2.10
2011.08.09 11:58:28.964,0.77771,0.77801,1.35,1.35
2011.08.09 11:58:29.437,0.77772,0.77801,1.35,1.50
2011.08.09 11:58:29.663,0.77775,0.77804,1.35,3.75
2011.08.09 11:58:29.995,0.77777,0.77805,2.10,1.50
2011.08.09 11:58:30.554,0.77777,0.77806,2.10,1.50
2011.08.09 11:58:31.153,0.77777,0.77805,1.11,1.35
2011.08.09 11:58:31.715,0.77776,0.77806,1.50,2.10
2011.08.09 11:58:31.836,0.77776,0.77804,1.35,1.50
2011.08.09 11:58:32.175,0.77775,0.77804,3.21,1.50
2011.08.09 11:58:32.397,0.77775,0.77802,1.11,1.35
2011.08.09 11:58:32.735,0.77774,0.77798,2.61,1.50
2011.08.09 11:58:33.849,0.77774,0.77805,1.33,4.35
2011.08.09 11:58:34.332,0.77774,0.778,1.35,1.50
2011.08.09 11:58:34.672,0.77764,0.77785,1.48,1.50
2011.08.09 11:58:34.792,0.77756,0.77781,3.36,2.10
2011.08.09 11:58:34.909,0.77752,0.7778,3.00,1.50
2011.08.09 11:58:35.031,0.7775,0.77777,1.11,1.35
2011.08.09 11:58:35.147,0.77746,0.77773,1.35,1.50
2011.08.09 11:58:35.487,0.77743,0.77773,2.46,1.35
2011.08.09 11:58:35.605,0.77743,0.77773,2.46,1.35
2011.08.09 11:58:36.291,0.77743,0.7777,1.86,1.50
2011.08.09 11:58:36.877,0.77744,0.77771,2.61,3.00
2011.08.09 11:58:37.107,0.77742,0.77772,1.71,1.35
2011.08.09 11:58:37.807,0.77741,0.7777,1.71,1.50
2011.08.09 11:58:37.925,0.7774,0.77768,1.71,1.50
2011.08.09 11:58:38.046,0.77742,0.77768,1.35,1.50
2011.08.09 11:58:38.277,0.77739,0.77768,1.71,1.50
2011.08.09 11:58:39.738,0.77738,0.77767,1.35,1.50
2011.08.09 11:58:40.077,0.77735,0.77765,1.35,1.35
2011.08.09 11:58:41.176,0.77736,0.77761,1.35,1.50
2011.08.09 11:58:41.296,0.77735,0.77757,1.11,1.50
2011.08.09 11:58:41.417,0.7773,0.77756,3.96,1.50
2011.08.09 11:58:41.536,0.7773,0.77759,3.60,1.50
2011.08.09 11:58:41.655,0.7773,0.77759,2.85,1.50
2011.08.09 11:58:41.781,0.7773,0.77758,1.35,3.75
2011.08.09 11:58:42.392,0.77738,0.77767,1.35,2.10
2011.08.09 11:58:43.225,0.77737,0.77767,1.35,2.10
2011.08.09 11:58:43.566,0.77739,0.77767,1.35,2.10
2011.08.09 11:58:43.684,0.77739,0.77767,1.35,1.50
2011.08.09 11:58:44.356,0.77741,0.77767,1.35,1.50
2011.08.09 11:58:45.154,0.77742,0.77767,1.35,1.50
2011.08.09 11:58:45.265,0.77742,0.77767,1.35,1.50
2011.08.09 11:58:48.184,0.77742,0.77768,1.35,1.50
2011.08.09 11:58:48.877,0.77742,0.7777,1.35,2.85
2011.08.09 11:58:49.545,0.77742,0.7777,1.71,1.35
2011.08.09 11:58:49.890,0.77742,0.7777,1.71,1.35
2011.08.09 11:58:50.464,0.77748,0.77773,1.35,1.50
2011.08.09 11:58:50.694,0.77749,0.77776,1.35,3.75
2011.08.09 11:58:51.354,0.77749,0.77776,1.35,1.50
2011.08.09 11:58:52.527,0.77749,0.77776,1.35,1.50
2011.08.09 11:58:52.756,0.77753,0.77776,1.35,1.50
2011.08.09 11:58:53.379,0.77759,0.77783,1.35,1.50
2011.08.09 11:58:53.497,0.7776,0.77787,1.35,1.50
2011.08.09 11:58:54.516,0.77765,0.77787,1.35,1.50
2011.08.09 11:58:54.637,0.77766,0.77789,1.35,1.50
2011.08.09 11:58:54.758,0.7777,0.77797,1.35,2.25
2011.08.09 11:58:55.095,0.77776,0.77798,1.35,1.50
2011.08.09 11:58:55.214,0.77776,0.77801,1.35,1.50
2011.08.09 11:58:55.902,0.77777,0.77802,2.85,1.50
2011.08.09 11:58:56.035,0.77787,0.77808,1.35,3.00
2011.08.09 11:58:56.270,0.77787,0.77809,1.35,2.25
2011.08.09 11:58:56.390,0.77787,0.77813,1.35,3.00
2011.08.09 11:58:56.836,0.77787,0.77814,1.35,1.35
2011.08.09 11:58:57.396,0.77787,0.77814,1.35,1.35
2011.08.09 11:58:57.736,0.77784,0.77812,3.00,1.35
2011.08.09 11:58:58.278,0.77784,0.77812,1.50,3.60
2011.08.09 11:58:58.834,0.77787,0.77814,1.35,1.50
2011.08.09 11:58:59.383,0.77787,0.77816,1.35,1.35
2011.08.09 11:58:59.718,0.77789,0.77818,2.85,1.50
2011.08.09 11:59:00.168,0.77793,0.7782,2.10,1.50
2011.08.09 11:59:00.668,0.77795,0.77822,3.60,1.50
2011.08.09 11:59:00.788,0.77796,0.77825,1.35,2.25
2011.08.09 11:59:01.235,0.77798,0.77826,5.85,1.50
2011.08.09 11:59:01.355,0.77802,0.77828,2.85,3.00
2011.08.09 11:59:01.585,0.77802,0.77828,1.35,3.00
2011.08.09 11:59:01.707,0.77799,0.77827,3.36,1.35
2011.08.09 11:59:02.157,0.77797,0.77826,3.36,2.10
2011.08.09 11:59:02.387,0.778,0.7783,1.35,2.10
2011.08.09 11:59:02.506,0.77801,0.7783,5.85,1.35
2011.08.09 11:59:03.218,0.77801,0.7783,2.85,1.35
2011.08.09 11:59:03.439,0.77803,0.77831,1.50,1.35
2011.08.09 11:59:03.669,0.77802,0.7783,2.25,2.10
2011.08.09 11:59:03.787,0.77801,0.7783,1.35,2.10
2011.08.09 11:59:03.906,0.77801,0.77829,1.35,1.50
2011.08.09 11:59:04.247,0.77799,0.77815,1.50,1.50
2011.08.09 11:59:04.477,0.77796,0.77813,1.35,1.50
2011.08.09 11:59:04.593,0.77796,0.77813,1.35,1.50
2011.08.09 11:59:04.706,0.77796,0.77813,3.60,1.50
2011.08.09 11:59:06.072,0.77798,0.77818,1.35,1.50
2011.08.09 11:59:06.189,0.77794,0.77816,5.46,1.50
2011.08.09 11:59:06.528,0.77794,0.77813,5.46,1.50
2011.08.09 11:59:06.646,0.77795,0.77814,1.11,1.50
2011.08.09 11:59:06.768,0.77795,0.77814,1.11,1.50
2011.08.09 11:59:07.105,0.77794,0.77811,6.96,1.50
2011.08.09 11:59:07.447,0.77794,0.7782,5.46,1.50
2011.08.09 11:59:07.568,0.77794,0.7782,3.21,1.50
2011.08.09 11:59:07.687,0.77794,0.77814,3.21,1.50
2011.08.09 11:59:08.188,0.77794,0.77814,3.21,1.50
2011.08.09 11:59:09.086,0.77794,0.77816,2.46,1.50
2011.08.09 11:59:09.647,0.77794,0.77815,2.46,1.50
2011.08.09 11:59:09.877,0.77794,0.7781,1.35,1.50
2011.08.09 11:59:10.893,0.77789,0.7781,1.35,1.50
2011.08.09 11:59:11.025,0.77787,0.77815,1.35,1.50
2011.08.09 11:59:11.146,0.77789,0.77818,1.35,1.50
2011.08.09 11:59:11.380,0.77789,0.77818,1.35,1.50
2011.08.09 11:59:11.607,0.77787,0.77819,3.21,2.10
2011.08.09 11:59:11.946,0.77787,0.77814,3.36,1.35
2011.08.09 11:59:13.492,0.77788,0.77819,1.71,1.35
2011.08.09 11:59:13.825,0.77791,0.77821,1.35,1.35
2011.08.09 11:59:13.946,0.77793,0.77821,1.35,1.50
2011.08.09 11:59:14.286,0.77791,0.77819,1.35,1.35
2011.08.09 11:59:14.515,0.77791,0.77819,1.35,1.35
2011.08.09 11:59:15.075,0.77789,0.77818,1.71,1.50
2011.08.09 11:59:15.706,0.77788,0.77816,3.36,2.10
2011.08.09 11:59:16.686,0.77788,0.77816,1.11,1.35
2011.08.09 11:59:17.026,0.77786,0.77815,2.10,1.50
2011.08.09 11:59:17.370,0.77783,0.77811,2.10,1.35
2011.08.09 11:59:17.705,0.77782,0.77801,2.25,1.35
2011.08.09 11:59:18.309,0.77782,0.77801,2.25,1.35
2011.08.09 11:59:18.453,0.77769,0.778,1.35,1.50
2011.08.09 11:59:19.117,0.77768,0.77792,1.50,1.35
2011.08.09 11:59:19.347,0.77767,0.77789,3.00,1.35
2011.08.09 11:59:19.576,0.77765,0.77788,2.25,1.50
2011.08.09 11:59:19.700,0.77762,0.7778,2.25,1.35
2011.08.09 11:59:19.817,0.77762,0.7778,2.25,2.85
2011.08.09 11:59:20.534,0.77752,0.77775,2.25,1.35
2011.08.09 11:59:20.664,0.77748,0.77766,2.25,1.35
2011.08.09 11:59:20.777,0.77743,0.77766,3.00,1.35
2011.08.09 11:59:21.127,0.77738,0.77766,1.35,3.60
2011.08.09 11:59:21.358,0.77735,0.77766,3.60,3.60
2011.08.09 11:59:21.699,0.77738,0.77766,2.10,1.35
2011.08.09 11:59:21.931,0.77738,0.77766,1.35,2.10
2011.08.09 11:59:22.591,0.77741,0.77771,2.10,1.35
2011.08.09 11:59:23.255,0.77743,0.77772,2.10,2.25
2011.08.09 11:59:23.379,0.77745,0.77772,1.35,2.25
2011.08.09 11:59:23.607,0.77746,0.77767,1.50,1.50
2011.08.09 11:59:23.946,0.77747,0.77774,6.75,1.50
2011.08.09 11:59:24.064,0.77749,0.77775,3.00,1.50
2011.08.09 11:59:24.655,0.77751,0.77775,1.11,1.50
2011.08.09 11:59:24.784,0.77754,0.77781,2.10,1.50
2011.08.09 11:59:25.227,0.77754,0.77784,2.46,3.00
2011.08.09 11:59:25.566,0.77761,0.77785,2.10,1.50
2011.08.09 11:59:26.017,0.7776,0.77789,2.10,1.50
2011.08.09 11:59:26.244,0.77759,0.77789,1.35,1.50
2011.08.09 11:59:26.477,0.7776,0.77787,1.35,1.50
2011.08.09 11:59:27.308,0.7776,0.77788,1.35,3.75
2011.08.09 11:59:27.777,0.77761,0.77788,1.35,3.75
2011.08.09 11:59:28.226,0.77763,0.77788,1.35,1.50
2011.08.09 11:59:28.568,0.77756,0.77785,3.36,1.35
2011.08.09 11:59:28.904,0.77758,0.77788,1.50,1.50
2011.08.09 11:59:29.234,0.77765,0.77789,1.35,1.50
2011.08.09 11:59:29.828,0.77766,0.77789,1.35,1.50
2011.08.09 11:59:30.308,0.77766,0.77789,1.35,1.50
2011.08.09 11:59:30.760,0.77768,0.7779,2.10,1.50
2011.08.09 11:59:30.882,0.77768,0.77797,2.85,1.50
2011.08.09 11:59:31.221,0.77766,0.77792,3.00,1.50
2011.08.09 11:59:31.446,0.77766,0.77792,3.00,1.50
2011.08.09 11:59:32.205,0.77768,0.77797,3.21,1.50
2011.08.09 11:59:32.644,0.77768,0.77796,2.46,3.00
2011.08.09 11:59:34.366,0.77764,0.77793,1.50,3.00
2011.08.09 11:59:35.382,0.77764,0.77791,1.35,1.50
2011.08.09 11:59:35.499,0.77762,0.77793,1.50,1.50
2011.08.09 11:59:35.619,0.77767,0.77793,2.10,1.50
2011.08.09 11:59:35.738,0.77767,0.77794,2.10,2.25
2011.08.09 11:59:35.967,0.77767,0.77794,5.10,2.25
2011.08.09 11:59:36.306,0.77767,0.77797,4.35,1.50
2011.08.09 11:59:36.756,0.77768,0.778,3.00,1.50
2011.08.09 11:59:37.906,0.77772,0.778,2.25,3.75
2011.08.09 11:59:38.248,0.77774,0.778,1.35,1.50
2011.08.09 11:59:38.586,0.77773,0.77797,2.10,1.50
2011.08.09 11:59:39.085,0.77773,0.77797,2.10,1.50
2011.08.09 11:59:39.207,0.77768,0.77797,3.21,1.50
2011.08.09 11:59:39.330,0.77776,0.77797,1.50,1.50
2011.08.09 11:59:40.342,0.77777,0.77801,1.50,1.50
2011.08.09 11:59:40.463,0.77772,0.77801,2.10,2.25
2011.08.09 11:59:40.797,0.77776,0.77803,1.35,1.50
2011.08.09 11:59:41.026,0.77774,0.77804,2.46,1.35
2011.08.09 11:59:41.590,0.77773,0.77802,1.71,4.50
2011.08.09 11:59:42.613,0.77769,0.77795,1.11,2.25
2011.08.09 11:59:42.835,0.7777,0.77795,2.61,1.50
2011.08.09 11:59:43.314,0.7777,0.77795,2.61,1.50
2011.08.09 11:59:43.536,0.7777,0.77799,2.61,3.00
2011.08.09 11:59:43.874,0.7777,0.77799,2.61,1.50
2011.08.09 11:59:44.326,0.77768,0.77796,1.11,1.35
2011.08.09 11:59:44.787,0.77765,0.77794,2.25,1.50
2011.08.09 11:59:44.908,0.77765,0.77794,1.50,1.50
2011.08.09 11:59:45.553,0.77763,0.77791,2.25,2.25
2011.08.09 11:59:45.777,0.77762,0.77791,1.50,1.50
2011.08.09 11:59:46.228,0.77768,0.77793,1.35,1.50
2011.08.09 11:59:46.346,0.77768,0.77793,1.35,1.50
2011.08.09 11:59:46.575,0.77766,0.77793,2.25,1.50
2011.08.09 11:59:46.914,0.7777,0.77797,1.35,4.50
2011.08.09 11:59:48.294,0.77772,0.77796,1.35,2.25
2011.08.09 11:59:48.845,0.77762,0.77791,2.25,3.00
2011.08.09 11:59:49.294,0.77759,0.77785,2.25,1.50
2011.08.09 11:59:49.516,0.77759,0.77784,2.25,1.50
2011.08.09 11:59:49.635,0.77757,0.77784,1.50,1.50
2011.08.09 11:59:49.866,0.77755,0.77784,2.46,1.50
2011.08.09 11:59:50.208,0.77763,0.77784,2.25,1.50
2011.08.09 11:59:50.328,0.77767,0.77786,2.25,2.25
2011.08.09 11:59:50.929,0.77768,0.77795,3.00,1.50
2011.08.09 11:59:51.154,0.77764,0.77795,1.86,3.75
2011.08.09 11:59:51.375,0.77764,0.77793,1.11,3.00
2011.08.09 11:59:51.834,0.77764,0.77794,1.11,1.50
2011.08.09 11:59:52.054,0.77764,0.77794,1.11,1.50
2011.08.09 11:59:52.394,0.77764,0.77791,3.21,2.25
2011.08.09 11:59:52.836,0.77764,0.77776,2.10,2.25
2011.08.09 11:59:53.615,0.77761,0.77772,3.60,2.25
2011.08.09 11:59:53.735,0.77759,0.77772,1.11,2.25
2011.08.09 11:59:53.858,0.77759,0.77772,1.86,2.25
2011.08.09 11:59:54.245,0.77759,0.7777,1.86,2.25
2011.08.09 11:59:55.375,0.77759,0.77769,1.50,2.25
2011.08.09 11:59:55.828,0.77758,0.77769,1.50,2.25
2011.08.09 11:59:55.948,0.77757,0.77771,1.50,4.50
2011.08.09 11:59:56.065,0.77756,0.77766,1.11,2.25
2011.08.09 11:59:56.801,0.77754,0.77767,1.50,2.25
2011.08.09 11:59:57.135,0.77752,0.77764,2.25,2.25
2011.08.09 11:59:57.249,0.77752,0.77764,2.25,2.25
2011.08.09 11:59:57.806,0.77752,0.77764,1.50,2.25
2011.08.09 11:59:58.036,0.77751,0.77764,2.61,2.25
2011.08.09 11:59:58.605,0.77749,0.77764,1.86,2.25
2011.08.09 11:59:59.296,0.77745,0.77762,3.21,2.25
