2011.08.23 21:00:00.277,0.7763,0.77662,0.45,0.45
2011.08.23 21:00:00.388,0.77632,0.77665,0.45,0.45
2011.08.23 21:00:00.497,0.77657,0.77691,0.45,0.45
2011.08.23 21:00:00.649,0.77657,0.77674,0.45,0.45
2011.08.23 21:00:00.756,0.77641,0.77672,0.45,0.45
2011.08.23 21:00:00.867,0.77643,0.77672,0.45,0.45
2011.08.23 21:00:00.976,0.77646,0.77677,0.45,0.45
2011.08.23 21:00:01.085,0.77656,0.77687,0.45,0.45
2011.08.23 21:00:01.195,0.77665,0.77698,0.45,0.45
2011.08.23 21:00:01.676,0.77663,0.77697,0.45,0.45
2011.08.23 21:00:02.009,0.77663,0.7769,0.45,0.45
2011.08.23 21:00:02.124,0.77656,0.77687,0.45,0.45
2011.08.23 21:00:02.646,0.77656,0.77684,0.45,0.45
2011.08.23 21:00:02.756,0.7765,0.77683,0.45,0.45
2011.08.23 21:00:02.866,0.77656,0.77685,0.45,0.45
2011.08.23 21:00:02.976,0.77651,0.77682,0.45,0.45
2011.08.23 21:00:03.196,0.77648,0.7768,0.45,0.45
2011.08.23 21:00:03.305,0.77648,0.77675,0.45,0.45
2011.08.23 21:00:03.421,0.7764,0.77673,0.45,0.45
2011.08.23 21:00:03.635,0.77637,0.77673,0.45,0.45
2011.08.23 21:00:04.255,0.77646,0.77677,0.45,0.45
2011.08.23 21:00:05.735,0.77648,0.77682,0.45,0.45
2011.08.23 21:00:08.016,0.77648,0.7768,0.45,0.45
2011.08.23 21:00:08.125,0.77642,0.77678,0.45,0.45
2011.08.23 21:00:08.236,0.77642,0.77675,0.45,0.45
2011.08.23 21:00:08.702,0.7764,0.77673,0.45,0.45
2011.08.23 21:00:09.605,0.77636,0.77667,0.45,0.45
2011.08.23 21:00:11.866,0.77636,0.77654,0.45,0.45
2011.08.23 21:00:11.976,0.7762,0.77653,0.45,0.45
2011.08.23 21:00:12.246,0.77616,0.77647,0.45,0.45
2011.08.23 21:00:12.606,0.77616,0.77645,0.45,0.45
2011.08.23 21:00:12.715,0.7761,0.77643,0.45,0.45
2011.08.23 21:00:15.317,0.77614,0.77643,0.45,0.45
2011.08.23 21:00:15.426,0.77616,0.77647,0.45,0.45
2011.08.23 21:00:18.037,0.77616,0.77644,0.45,0.45
2011.08.23 21:00:18.145,0.7761,0.77643,0.45,0.45
2011.08.23 21:00:18.365,0.77603,0.77637,0.45,0.45
2011.08.23 21:00:18.616,0.77601,0.77632,0.45,0.45
2011.08.23 21:00:21.336,0.77602,0.77638,0.45,0.45
2011.08.23 21:00:22.936,0.77611,0.77642,0.45,0.45
2011.08.23 21:00:25.446,0.77592,0.77626,0.45,0.45
2011.08.23 21:00:25.737,0.77585,0.77623,0.45,0.45
2011.08.23 21:00:33.365,0.77571,0.77636,0.45,0.45
2011.08.23 21:00:53.436,0.77606,0.77658,0.45,0.75
2011.08.23 21:00:54.768,0.77606,0.77637,0.45,0.45
2011.08.23 21:00:54.876,0.77572,0.77635,0.45,0.45
2011.08.23 21:01:04.356,0.77585,0.77637,0.45,0.45
2011.08.23 21:01:04.575,0.77585,0.77642,0.45,0.45
2011.08.23 21:01:05.597,0.77585,0.77641,0.45,0.45
2011.08.23 21:01:05.705,0.77584,0.77639,0.45,0.45
2011.08.23 21:01:07.236,0.77588,0.77645,0.45,0.45
2011.08.23 21:01:27.837,0.77583,0.7764,0.45,0.45
2011.08.23 21:01:28.247,0.77617,0.7764,0.75,0.45
2011.08.23 21:01:28.715,0.77614,0.77664,0.45,0.45
2011.08.23 21:01:28.826,0.77606,0.77661,0.45,0.45
2011.08.23 21:01:28.936,0.7758,0.77637,0.45,0.45
2011.08.23 21:01:37.456,0.77601,0.77656,0.45,0.45
2011.08.23 21:01:39.238,0.77604,0.77656,0.45,0.45
2011.08.23 21:01:39.346,0.77606,0.77662,0.75,0.45
2011.08.23 21:01:40.463,0.77606,0.77659,0.75,0.45
2011.08.23 21:01:40.572,0.77601,0.77656,1.20,0.45
2011.08.23 21:01:40.819,0.77601,0.77654,0.45,0.75
2011.08.23 21:01:41.145,0.77605,0.77664,0.45,0.75
2011.08.23 21:01:41.368,0.77605,0.77659,0.45,0.75
2011.08.23 21:01:41.905,0.77603,0.77658,0.45,0.75
2011.08.23 21:01:42.078,0.77603,0.77648,0.45,0.75
2011.08.23 21:01:43.836,0.77603,0.77649,0.45,0.75
2011.08.23 21:01:43.946,0.77607,0.7766,0.45,0.45
2011.08.23 21:01:44.056,0.77613,0.77664,0.45,0.75
2011.08.23 21:01:44.516,0.77609,0.77663,0.45,0.75
2011.08.23 21:01:44.626,0.77609,0.77652,0.45,0.45
2011.08.23 21:01:44.736,0.77594,0.77649,0.45,0.45
2011.08.23 21:01:45.595,0.77606,0.77649,0.75,0.45
2011.08.23 21:01:45.706,0.77618,0.77664,0.45,0.75
2011.08.23 21:01:46.589,0.77618,0.77669,0.45,0.75
2011.08.23 21:01:46.869,0.77618,0.77664,0.45,0.75
2011.08.23 21:01:47.858,0.77618,0.77658,0.45,0.75
2011.08.23 21:01:48.077,0.77549,0.77654,0.45,0.45
2011.08.23 21:01:49.555,0.77565,0.77628,0.45,0.45
2011.08.23 21:01:51.168,0.77583,0.77631,0.45,0.45
2011.08.23 21:01:51.276,0.77583,0.7764,0.45,0.45
2011.08.23 21:01:57.037,0.77602,0.7764,0.75,0.45
2011.08.23 21:01:57.259,0.77604,0.77658,0.45,0.75
2011.08.23 21:01:58.675,0.77621,0.77674,0.75,1.20
2011.08.23 21:01:59.466,0.77619,0.77669,0.45,0.75
2011.08.23 21:01:59.886,0.77614,0.77668,0.45,0.75
2011.08.23 21:02:00.816,0.77618,0.77669,0.45,0.75
2011.08.23 21:02:01.937,0.7755,0.77653,0.45,0.45
2011.08.23 21:02:05.397,0.77622,0.77668,0.75,0.75
2011.08.23 21:02:06.936,0.77622,0.77653,0.75,0.45
2011.08.23 21:02:07.045,0.7756,0.77653,0.45,0.45
2011.08.23 21:02:08.005,0.77547,0.77657,0.75,0.45
2011.08.23 21:02:13.668,0.77552,0.77657,0.75,0.45
2011.08.23 21:02:14.218,0.77547,0.77657,0.75,0.45
2011.08.23 21:02:15.569,0.77546,0.77657,0.75,0.45
2011.08.23 21:02:22.926,0.77547,0.77657,0.75,0.45
2011.08.23 21:02:32.259,0.77541,0.77657,0.75,0.45
2011.08.23 21:02:38.066,0.77582,0.77657,0.75,0.45
2011.08.23 21:02:38.510,0.77598,0.77655,0.45,0.45
2011.08.23 21:02:53.346,0.77586,0.77646,0.75,0.45
2011.08.23 21:02:54.217,0.77595,0.77647,0.45,0.45
2011.08.23 21:02:54.326,0.77595,0.77652,0.45,0.45
2011.08.23 21:02:54.756,0.77599,0.77653,0.45,0.45
2011.08.23 21:02:55.652,0.77599,0.77654,0.45,0.45
2011.08.23 21:03:02.876,0.77597,0.77656,0.45,0.90
2011.08.23 21:03:02.986,0.77595,0.77656,0.45,0.45
2011.08.23 21:03:04.597,0.77595,0.77652,0.45,0.45
2011.08.23 21:03:04.926,0.77599,0.77654,0.45,0.45
2011.08.23 21:03:05.256,0.77594,0.77649,0.45,0.45
2011.08.23 21:03:05.696,0.77591,0.7765,0.45,0.45
2011.08.23 21:03:06.136,0.77597,0.7765,0.45,0.45
2011.08.23 21:03:06.246,0.77599,0.77654,0.45,1.20
2011.08.23 21:03:06.466,0.77594,0.77649,0.45,0.45
2011.08.23 21:03:23.606,0.77601,0.77653,0.45,0.75
2011.08.23 21:03:25.886,0.77601,0.77654,0.45,0.75
2011.08.23 21:03:27.906,0.77601,0.77656,0.45,0.45
2011.08.23 21:03:28.788,0.77601,0.77654,0.45,0.75
2011.08.23 21:04:09.607,0.77601,0.77653,0.45,0.75
2011.08.23 21:04:09.826,0.77595,0.77653,0.45,0.75
2011.08.23 21:04:11.708,0.77597,0.77656,0.75,0.45
2011.08.23 21:04:12.808,0.77597,0.77653,0.75,0.75
2011.08.23 21:04:17.276,0.77595,0.77654,0.45,0.75
2011.08.23 21:04:17.386,0.77593,0.7765,0.45,0.45
2011.08.23 21:04:22.807,0.77593,0.77648,0.45,0.75
2011.08.23 21:04:27.827,0.77593,0.7765,0.45,0.45
2011.08.23 21:04:28.056,0.77596,0.77652,0.45,0.45
2011.08.23 21:04:28.760,0.77596,0.77653,0.45,0.75
2011.08.23 21:04:31.896,0.77597,0.77653,0.75,0.75
2011.08.23 21:04:36.306,0.77596,0.77654,0.45,0.75
2011.08.23 21:05:08.117,0.77585,0.77646,0.45,0.45
2011.08.23 21:05:19.270,0.77594,0.77646,0.45,0.45
2011.08.23 21:05:19.763,0.77596,0.77648,0.45,0.75
2011.08.23 21:05:21.078,0.77599,0.77648,0.45,0.75
2011.08.23 21:05:33.289,0.77593,0.77648,0.45,0.75
2011.08.23 21:05:33.398,0.77588,0.77645,0.45,0.45
2011.08.23 21:05:38.318,0.77591,0.77646,0.45,0.90
2011.08.23 21:05:58.670,0.77593,0.77648,0.45,0.75
2011.08.23 21:06:00.547,0.77593,0.77649,0.45,0.75
2011.08.23 21:06:00.869,0.77599,0.77648,0.45,0.75
2011.08.23 21:06:00.978,0.77595,0.77649,0.45,0.75
2011.08.23 21:06:01.092,0.77591,0.77646,0.45,0.45
2011.08.23 21:06:02.988,0.77592,0.77646,0.75,0.45
2011.08.23 21:06:04.770,0.77591,0.77646,1.20,0.45
2011.08.23 21:06:08.908,0.77592,0.77643,0.75,0.75
2011.08.23 21:06:20.529,0.77596,0.77644,0.75,1.20
2011.08.23 21:06:22.788,0.77596,0.77651,1.20,0.45
2011.08.23 21:06:22.898,0.77598,0.77653,0.45,0.45
2011.08.23 21:06:23.551,0.77599,0.77654,0.60,0.75
2011.08.23 21:06:23.909,0.77607,0.77653,0.75,0.75
2011.08.23 21:06:25.059,0.77598,0.77649,0.45,0.60
2011.08.23 21:06:25.171,0.77598,0.77651,0.45,0.45
2011.08.23 21:06:25.278,0.77596,0.77651,0.45,0.45
2011.08.23 21:06:25.388,0.77591,0.77651,0.75,0.45
2011.08.23 21:06:36.851,0.7759,0.77648,0.45,0.75
2011.08.23 21:06:52.179,0.77591,0.77651,0.75,0.45
2011.08.23 21:06:52.510,0.77591,0.77649,0.75,0.75
2011.08.23 21:06:52.838,0.77591,0.77646,0.75,0.45
2011.08.23 21:06:56.649,0.77586,0.77644,0.75,0.75
2011.08.23 21:07:00.980,0.77591,0.77646,0.75,0.45
2011.08.23 21:07:01.328,0.77586,0.77639,0.75,0.75
2011.08.23 21:07:03.240,0.77592,0.77643,0.75,0.75
2011.08.23 21:07:13.620,0.7759,0.77649,0.45,0.75
2011.08.23 21:07:13.880,0.77595,0.77649,0.45,0.75
2011.08.23 21:07:16.839,0.77595,0.77648,0.45,0.75
2011.08.23 21:07:36.618,0.77592,0.77648,0.75,0.75
2011.08.23 21:07:40.988,0.77597,0.77651,0.75,0.45
2011.08.23 21:07:41.978,0.77591,0.77649,0.75,0.75
2011.08.23 21:07:47.168,0.7759,0.77648,0.45,0.75
2011.08.23 21:07:54.159,0.776,0.77648,0.45,0.75
2011.08.23 21:07:55.179,0.776,0.77654,0.45,0.75
2011.08.23 21:07:55.289,0.77595,0.77654,0.45,0.75
2011.08.23 21:07:55.398,0.77593,0.7765,0.45,0.45
2011.08.23 21:07:57.309,0.77591,0.7765,0.45,0.45
2011.08.23 21:07:58.846,0.77591,0.77649,0.45,0.75
2011.08.23 21:07:59.768,0.77591,0.77644,0.45,0.75
2011.08.23 21:08:00.107,0.77591,0.77648,0.45,0.75
2011.08.23 21:08:18.728,0.77593,0.77648,0.45,0.75
2011.08.23 21:08:19.069,0.77595,0.77648,0.45,0.75
2011.08.23 21:08:38.927,0.77594,0.77648,0.45,0.75
2011.08.23 21:08:47.348,0.77594,0.77649,0.45,1.20
2011.08.23 21:08:51.218,0.77594,0.77643,0.45,0.75
2011.08.23 21:09:00.416,0.77592,0.77643,0.75,0.75
2011.08.23 21:09:01.456,0.77591,0.77639,0.45,0.75
2011.08.23 21:09:01.567,0.77586,0.77639,0.75,0.75
2011.08.23 21:09:01.676,0.77592,0.77642,0.75,0.45
2011.08.23 21:09:02.006,0.77592,0.7765,0.75,0.45
2011.08.23 21:09:06.857,0.77596,0.77649,0.75,0.75
2011.08.23 21:09:17.239,0.77602,0.7765,0.75,0.45
2011.08.23 21:09:21.716,0.77602,0.77653,0.75,0.75
2011.08.23 21:09:26.016,0.77596,0.77649,0.75,0.75
2011.08.23 21:09:29.456,0.77597,0.77652,0.75,0.45
2011.08.23 21:09:30.650,0.77597,0.77648,0.75,0.45
2011.08.23 21:09:30.978,0.77597,0.77646,0.75,0.75
2011.08.23 21:09:42.087,0.77596,0.77649,0.75,0.75
2011.08.23 21:09:43.368,0.77593,0.77643,0.45,0.75
2011.08.23 21:09:44.101,0.77597,0.77648,0.75,0.75
2011.08.23 21:09:52.609,0.77593,0.77644,0.45,0.75
2011.08.23 21:09:54.808,0.77593,0.77648,0.45,0.75
2011.08.23 21:09:55.247,0.77591,0.77644,0.75,0.75
2011.08.23 21:09:56.071,0.77597,0.77648,0.75,0.75
2011.08.23 21:10:03.956,0.77591,0.77644,0.75,0.45
2011.08.23 21:10:08.845,0.77589,0.77644,0.45,1.20
2011.08.23 21:10:10.757,0.77589,0.77638,0.45,0.75
2011.08.23 21:10:14.736,0.77591,0.77644,0.75,1.20
2011.08.23 21:10:18.688,0.77589,0.77639,0.45,0.75
2011.08.23 21:10:19.225,0.77597,0.77644,0.75,0.45
2011.08.23 21:10:19.336,0.77597,0.77647,0.75,0.45
2011.08.23 21:10:19.451,0.77591,0.77643,0.45,0.75
2011.08.23 21:10:19.566,0.77596,0.77643,0.45,0.75
2011.08.23 21:10:20.827,0.77596,0.77644,0.45,0.75
2011.08.23 21:10:22.877,0.77596,0.77649,0.45,0.75
2011.08.23 21:10:22.987,0.77603,0.77649,0.45,0.75
2011.08.23 21:10:23.577,0.77598,0.77649,0.45,0.75
2011.08.23 21:10:24.788,0.77598,0.77648,0.45,0.75
2011.08.23 21:10:26.504,0.77598,0.77644,0.45,0.75
2011.08.23 21:10:27.067,0.77598,0.77649,0.45,0.75
2011.08.23 21:10:30.106,0.77598,0.77643,0.45,0.75
2011.08.23 21:10:31.038,0.77608,0.7764,0.75,0.75
2011.08.23 21:10:31.417,0.77604,0.7764,0.75,0.75
2011.08.23 21:10:46.987,0.7761,0.77641,0.75,0.75
2011.08.23 21:11:09.828,0.77606,0.7764,0.75,0.75
2011.08.23 21:11:13.499,0.77603,0.7764,0.75,0.75
2011.08.23 21:11:30.048,0.77611,0.7764,0.75,0.75
2011.08.23 21:11:33.928,0.7761,0.77632,0.75,0.75
2011.08.23 21:11:34.149,0.77611,0.77636,0.75,0.75
2011.08.23 21:11:34.478,0.77611,0.7764,0.75,0.75
2011.08.23 21:11:41.419,0.77603,0.7764,0.75,0.75
2011.08.23 21:11:41.529,0.77602,0.77633,0.75,0.75
2011.08.23 21:11:44.840,0.77583,0.77603,0.75,0.75
2011.08.23 21:11:45.168,0.77586,0.77604,0.75,0.75
2011.08.23 21:11:45.496,0.77589,0.77607,0.75,0.75
2011.08.23 21:11:46.139,0.77588,0.77606,0.75,0.75
2011.08.23 21:11:49.159,0.77589,0.77607,0.75,0.75
2011.08.23 21:11:51.289,0.77586,0.77606,0.75,0.75
2011.08.23 21:12:02.978,0.77585,0.77609,0.75,0.75
2011.08.23 21:12:04.608,0.77587,0.77611,0.75,0.75
2011.08.23 21:12:22.843,0.77589,0.77611,0.75,0.75
2011.08.23 21:12:37.239,0.77591,0.77616,0.75,0.75
2011.08.23 21:12:37.350,0.77589,0.77614,0.75,0.75
2011.08.23 21:12:50.790,0.77592,0.77614,0.75,0.75
2011.08.23 21:12:51.099,0.77589,0.77614,0.75,0.75
2011.08.23 21:12:57.782,0.77587,0.77612,0.75,0.75
2011.08.23 21:13:04.422,0.77593,0.77616,0.75,0.75
2011.08.23 21:13:04.529,0.77588,0.77613,0.75,0.75
2011.08.23 21:13:13.360,0.7757,0.77603,0.75,0.75
2011.08.23 21:13:13.579,0.77577,0.77601,0.75,0.75
2011.08.23 21:13:14.429,0.77574,0.77601,0.75,0.75
2011.08.23 21:13:19.291,0.77566,0.77591,0.75,0.75
2011.08.23 21:13:19.618,0.77576,0.77601,0.75,0.75
2011.08.23 21:13:21.022,0.77573,0.77602,0.75,0.75
2011.08.23 21:13:23.470,0.77592,0.77605,0.75,0.75
2011.08.23 21:13:23.579,0.77583,0.77609,0.75,0.75
2011.08.23 21:13:23.799,0.77581,0.77607,0.75,0.75
2011.08.23 21:13:28.260,0.77587,0.77609,0.75,0.75
2011.08.23 21:13:36.449,0.7759,0.77615,0.75,0.75
2011.08.23 21:13:38.889,0.77593,0.77618,0.75,1.13
2011.08.23 21:13:42.139,0.77597,0.77621,0.75,0.75
2011.08.23 21:13:42.468,0.77601,0.77623,0.75,0.75
2011.08.23 21:13:42.799,0.77604,0.77626,0.75,0.75
2011.08.23 21:13:43.729,0.77601,0.77624,0.75,0.75
2011.08.23 21:13:43.998,0.77601,0.77626,0.75,0.75
2011.08.23 21:13:44.109,0.77599,0.77623,0.75,0.75
2011.08.23 21:13:44.439,0.77603,0.77626,0.75,0.75
2011.08.23 21:13:47.639,0.77594,0.77618,0.75,0.75
2011.08.23 21:13:48.189,0.77599,0.77624,0.75,0.75
2011.08.23 21:13:48.299,0.77603,0.77625,0.75,0.75
2011.08.23 21:13:49.329,0.77599,0.77622,0.75,0.75
2011.08.23 21:13:50.799,0.77598,0.77621,0.75,0.75
2011.08.23 21:13:51.019,0.77593,0.77618,0.75,0.75
2011.08.23 21:13:53.829,0.77592,0.77615,0.75,0.75
2011.08.23 21:13:59.014,0.77592,0.77616,0.75,0.75
2011.08.23 21:13:59.239,0.7759,0.77614,0.75,0.75
2011.08.23 21:13:59.569,0.77599,0.77622,0.75,0.75
2011.08.23 21:14:00.719,0.77593,0.77618,0.75,0.75
2011.08.23 21:14:06.464,0.77593,0.77616,0.75,0.75
2011.08.23 21:14:06.849,0.77593,0.77618,0.75,1.50
2011.08.23 21:14:09.710,0.77591,0.77615,0.75,0.75
2011.08.23 21:14:16.209,0.77589,0.77615,0.75,0.75
2011.08.23 21:14:18.850,0.7759,0.77616,0.75,0.75
2011.08.23 21:14:34.699,0.77586,0.77611,0.75,0.75
2011.08.23 21:14:36.180,0.77582,0.77607,0.75,0.75
2011.08.23 21:14:36.806,0.7758,0.77603,0.75,0.75
2011.08.23 21:14:37.415,0.77579,0.77602,0.75,0.75
2011.08.23 21:14:39.900,0.77573,0.776,0.75,0.75
2011.08.23 21:14:50.231,0.77583,0.77608,0.75,0.75
2011.08.23 21:14:52.199,0.77587,0.7761,0.75,0.75
2011.08.23 21:14:55.879,0.77576,0.77608,0.75,0.75
2011.08.23 21:14:56.099,0.77571,0.776,0.75,0.75
2011.08.23 21:14:57.157,0.77573,0.776,0.75,0.75
2011.08.23 21:15:03.750,0.77578,0.77601,0.75,0.75
2011.08.23 21:15:10.700,0.77579,0.77602,0.75,0.75
2011.08.23 21:15:15.480,0.77573,0.77601,0.75,0.75
2011.08.23 21:15:30.739,0.77569,0.77601,0.75,0.75
2011.08.23 21:15:32.969,0.77576,0.77601,0.75,0.75
2011.08.23 21:15:40.850,0.77584,0.77608,0.75,0.75
2011.08.23 21:15:57.868,0.77587,0.77609,0.75,0.75
2011.08.23 21:15:58.252,0.77582,0.77607,0.75,0.75
2011.08.23 21:16:01.460,0.77588,0.7761,0.75,0.75
2011.08.23 21:16:01.679,0.7759,0.77615,0.75,0.75
2011.08.23 21:16:02.792,0.77589,0.77613,0.75,0.75
2011.08.23 21:16:16.751,0.77588,0.77612,0.75,0.75
2011.08.23 21:16:29.249,0.77591,0.77614,0.75,0.38
2011.08.23 21:16:31.556,0.77591,0.77615,0.75,1.13
2011.08.23 21:16:51.216,0.77591,0.77614,0.75,0.38
2011.08.23 21:16:58.969,0.77595,0.77619,0.75,0.75
2011.08.23 21:17:00.840,0.77594,0.77616,0.75,0.75
2011.08.23 21:17:01.278,0.77596,0.7762,0.75,0.75
2011.08.23 21:17:06.482,0.776,0.77622,0.75,0.75
2011.08.23 21:17:07.195,0.77602,0.77624,0.75,0.75
2011.08.23 21:17:13.059,0.77597,0.77621,0.75,0.75
2011.08.23 21:17:20.000,0.77597,0.77621,0.75,0.75
2011.08.23 21:17:22.660,0.77601,0.77623,0.75,0.75
2011.08.23 21:17:24.811,0.77596,0.7762,0.75,0.75
2011.08.23 21:17:26.500,0.77602,0.77626,0.75,0.75
2011.08.23 21:17:28.364,0.77602,0.77625,0.75,0.38
2011.08.23 21:17:47.020,0.77603,0.77627,0.75,0.75
2011.08.23 21:17:47.240,0.77608,0.7763,0.75,0.75
2011.08.23 21:17:54.373,0.77608,0.77628,0.75,0.75
2011.08.23 21:18:03.029,0.77602,0.77626,0.75,0.75
2011.08.23 21:18:12.010,0.77608,0.77628,0.75,0.75
2011.08.23 21:18:12.228,0.77606,0.77628,0.75,1.50
2011.08.23 21:18:15.380,0.77603,0.77627,0.75,0.75
2011.08.23 21:18:18.331,0.77606,0.77628,0.75,1.50
2011.08.23 21:18:35.569,0.77607,0.77628,0.75,0.75
2011.08.23 21:18:54.738,0.77607,0.77629,0.75,0.75
2011.08.23 21:19:29.019,0.77603,0.77627,0.75,0.75
2011.08.23 21:19:36.449,0.7761,0.77632,0.75,0.75
2011.08.23 21:19:37.150,0.77608,0.77629,0.75,0.75
2011.08.23 21:19:37.715,0.77607,0.77629,0.75,0.75
2011.08.23 21:20:35.484,0.77586,0.77629,1.95,1.50
2011.08.23 21:20:37.211,0.77588,0.77631,1.20,1.13
2011.08.23 21:20:37.541,0.7759,0.7763,1.20,1.13
2011.08.23 21:20:38.736,0.77596,0.77638,1.20,1.88
2011.08.23 21:20:38.965,0.77586,0.77631,1.50,1.13
2011.08.23 21:20:40.493,0.77592,0.77631,1.50,1.13
2011.08.23 21:20:44.394,0.77592,0.77639,1.50,1.13
2011.08.23 21:20:45.493,0.77592,0.77639,1.50,1.13
2011.08.23 21:20:54.696,0.77589,0.77633,1.50,1.88
2011.08.23 21:20:58.692,0.77594,0.77633,1.95,1.50
2011.08.23 21:20:58.813,0.77594,0.77639,2.55,1.50
2011.08.23 21:20:59.324,0.77594,0.77635,1.35,1.50
2011.08.23 21:20:59.862,0.77594,0.77636,1.35,1.50
2011.08.23 21:21:04.423,0.77594,0.77639,1.35,1.50
2011.08.23 21:21:08.962,0.77596,0.7764,1.88,1.50
2011.08.23 21:21:23.303,0.77597,0.77642,1.50,1.35
2011.08.23 21:21:36.442,0.77602,0.77642,1.50,1.35
2011.08.23 21:21:58.273,0.77603,0.77644,1.35,1.35
2011.08.23 21:22:10.833,0.77604,0.77644,1.12,1.35
2011.08.23 21:22:12.462,0.77603,0.77643,1.35,1.50
2011.08.23 21:22:25.122,0.77603,0.77637,1.35,1.50
2011.08.23 21:22:31.743,0.77603,0.77633,1.35,1.50
2011.08.23 21:22:32.083,0.77596,0.77633,1.35,1.50
2011.08.23 21:22:32.203,0.77597,0.77632,1.50,1.35
2011.08.23 21:22:32.323,0.77598,0.77633,1.35,1.50
2011.08.23 21:22:32.551,0.77598,0.77633,1.35,1.50
2011.08.23 21:22:33.985,0.77598,0.77633,1.35,1.50
2011.08.23 21:22:35.424,0.77598,0.77633,1.35,1.50
2011.08.23 21:22:36.123,0.77598,0.77634,1.35,1.50
2011.08.23 21:22:36.465,0.77598,0.77632,1.35,1.50
2011.08.23 21:22:36.586,0.77591,0.77627,1.57,1.35
2011.08.23 21:22:37.178,0.77587,0.7762,1.12,1.50
2011.08.23 21:22:37.297,0.77587,0.77617,1.12,1.50
2011.08.23 21:22:37.524,0.77584,0.77614,1.50,1.50
2011.08.23 21:22:41.033,0.77578,0.77611,1.12,1.50
2011.08.23 21:22:41.481,0.77578,0.77612,1.12,2.25
2011.08.23 21:22:42.034,0.77579,0.77612,1.20,1.50
2011.08.23 21:22:42.482,0.77578,0.7761,1.12,1.50
2011.08.23 21:22:53.044,0.77578,0.77612,1.12,1.50
2011.08.23 21:23:00.662,0.77576,0.77609,1.57,1.50
2011.08.23 21:23:03.714,0.77576,0.77609,1.57,1.50
2011.08.23 21:23:21.333,0.77576,0.77609,1.57,1.50
2011.08.23 21:23:21.454,0.77587,0.77616,1.12,1.50
2011.08.23 21:23:23.653,0.77587,0.77616,1.12,1.50
2011.08.23 21:23:24.315,0.77584,0.77613,1.12,1.50
2011.08.23 21:23:30.694,0.77584,0.77613,1.12,1.50
2011.08.23 21:23:35.894,0.77584,0.77613,1.12,1.50
2011.08.23 21:23:40.611,0.77584,0.77613,1.12,1.50
2011.08.23 21:23:45.754,0.77584,0.77614,1.12,1.50
2011.08.23 21:24:03.361,0.77584,0.77613,1.12,1.50
2011.08.23 21:24:05.982,0.77584,0.77613,1.12,1.50
2011.08.23 21:24:06.702,0.77584,0.77614,1.12,1.50
2011.08.23 21:24:09.063,0.77584,0.77615,1.12,1.50
2011.08.23 21:24:10.482,0.77584,0.77613,1.12,1.50
2011.08.23 21:24:50.144,0.77583,0.77615,1.12,2.25
2011.08.23 21:24:53.007,0.77583,0.77615,1.12,1.50
2011.08.23 21:24:56.303,0.77583,0.77615,1.12,1.50
2011.08.23 21:24:58.115,0.77587,0.7762,1.12,1.50
2011.08.23 21:25:00.923,0.77587,0.7762,1.12,1.50
2011.08.23 21:25:03.613,0.77587,0.7762,1.12,1.50
2011.08.23 21:25:03.844,0.77598,0.77627,1.12,1.50
2011.08.23 21:25:03.962,0.77598,0.77629,1.12,2.25
2011.08.23 21:25:04.071,0.77598,0.77629,1.12,1.50
2011.08.23 21:25:06.206,0.77598,0.77629,1.12,1.50
2011.08.23 21:25:12.053,0.77598,0.77628,1.12,1.50
2011.08.23 21:25:12.285,0.77594,0.77628,1.12,1.50
2011.08.23 21:25:13.383,0.77594,0.77628,1.12,1.50
2011.08.23 21:25:14.727,0.77599,0.77628,1.12,1.50
2011.08.23 21:25:16.930,0.77599,0.77628,1.12,1.50
2011.08.23 21:25:19.574,0.77599,0.77629,1.12,1.50
2011.08.23 21:25:22.672,0.77599,0.77628,1.12,1.50
2011.08.23 21:25:23.104,0.77606,0.7763,1.50,1.50
2011.08.23 21:25:23.225,0.77607,0.77638,1.87,1.50
2011.08.23 21:25:23.344,0.77604,0.77638,1.12,1.50
2011.08.23 21:25:24.202,0.77603,0.77636,1.12,2.25
2011.08.23 21:25:25.101,0.77603,0.77635,1.12,1.50
2011.08.23 21:25:33.452,0.77603,0.77635,1.12,1.50
2011.08.23 21:25:38.714,0.77603,0.77635,1.12,1.50
2011.08.23 21:25:39.357,0.77603,0.77635,1.12,1.50
2011.08.23 21:25:41.034,0.77603,0.77635,1.12,1.50
2011.08.23 21:25:53.783,0.776,0.77631,1.12,2.25
2011.08.23 21:26:16.912,0.776,0.77629,1.12,1.50
2011.08.23 21:26:17.142,0.776,0.77629,1.12,1.50
2011.08.23 21:26:17.612,0.776,0.77629,1.12,1.50
2011.08.23 21:26:19.003,0.77606,0.77636,1.12,1.50
2011.08.23 21:26:19.237,0.77609,0.77641,1.12,1.50
2011.08.23 21:26:19.573,0.77609,0.77642,1.12,1.50
2011.08.23 21:26:20.953,0.77609,0.77642,1.12,1.50
2011.08.23 21:26:21.808,0.77613,0.77642,1.12,1.50
2011.08.23 21:26:22.353,0.77611,0.77642,1.87,1.50
2011.08.23 21:26:22.474,0.77609,0.77638,1.12,1.50
2011.08.23 21:26:26.876,0.77615,0.77649,1.12,1.50
2011.08.23 21:26:26.996,0.77617,0.77649,1.12,1.50
2011.08.23 21:26:27.553,0.77616,0.77649,1.12,1.50
2011.08.23 21:26:28.244,0.77615,0.77649,1.12,1.50
2011.08.23 21:26:37.773,0.77617,0.77649,1.12,1.50
2011.08.23 21:26:38.135,0.7762,0.77652,1.12,1.50
2011.08.23 21:26:38.472,0.77619,0.77652,1.87,1.50
2011.08.23 21:26:38.803,0.77619,0.77652,1.12,1.50
2011.08.23 21:26:38.925,0.77613,0.77644,1.12,1.50
2011.08.23 21:26:39.155,0.77609,0.77644,1.12,1.50
2011.08.23 21:26:41.723,0.77609,0.77644,1.49,1.50
2011.08.23 21:26:41.953,0.77616,0.77644,1.13,1.50
2011.08.23 21:26:42.282,0.77621,0.77655,1.12,1.88
2011.08.23 21:26:44.105,0.77623,0.77655,1.12,1.50
2011.08.23 21:26:48.287,0.77615,0.77645,1.12,1.50
2011.08.23 21:26:48.623,0.77609,0.77645,1.12,1.50
2011.08.23 21:26:50.495,0.77612,0.77645,2.62,1.50
2011.08.23 21:26:50.725,0.77619,0.77651,1.12,1.50
2011.08.23 21:26:50.954,0.77613,0.7765,1.12,1.50
2011.08.23 21:26:54.862,0.77613,0.77646,1.12,1.50
2011.08.23 21:26:58.706,0.77615,0.77646,1.12,1.50
2011.08.23 21:26:59.044,0.77619,0.77651,1.12,2.25
2011.08.23 21:26:59.375,0.77619,0.7765,1.12,1.50
2011.08.23 21:26:59.714,0.77625,0.77657,1.12,1.50
2011.08.23 21:26:59.937,0.77625,0.77657,1.12,1.50
2011.08.23 21:27:00.164,0.77617,0.77648,1.12,1.50
2011.08.23 21:27:00.394,0.77612,0.77649,1.12,1.50
2011.08.23 21:27:02.122,0.77613,0.77649,1.12,1.50
2011.08.23 21:27:05.524,0.77616,0.77648,1.12,1.50
2011.08.23 21:27:06.406,0.77616,0.77648,1.12,1.50
2011.08.23 21:27:10.282,0.77615,0.77648,1.12,1.50
2011.08.23 21:27:21.686,0.77615,0.77648,1.12,1.50
2011.08.23 21:27:22.453,0.77621,0.77649,1.12,1.50
2011.08.23 21:27:29.614,0.7762,0.77653,1.12,1.50
2011.08.23 21:27:37.054,0.7762,0.77653,1.12,1.50
2011.08.23 21:27:37.282,0.77615,0.77647,1.12,1.50
2011.08.23 21:27:48.773,0.77615,0.77647,1.12,1.50
2011.08.23 21:27:54.213,0.77616,0.77647,1.12,1.50
2011.08.23 21:27:56.664,0.77609,0.77641,1.13,1.50
2011.08.23 21:27:56.894,0.77607,0.7764,1.12,1.50
2011.08.23 21:27:57.123,0.77607,0.7764,1.12,1.50
2011.08.23 21:27:57.464,0.77606,0.77639,1.12,1.50
2011.08.23 21:27:58.490,0.77605,0.77635,1.12,1.50
2011.08.23 21:28:06.904,0.77604,0.77635,1.49,1.50
2011.08.23 21:28:07.024,0.77609,0.77635,1.13,1.50
2011.08.23 21:28:07.253,0.77609,0.77637,1.13,1.50
2011.08.23 21:28:08.082,0.77609,0.77635,1.13,1.50
2011.08.23 21:28:08.307,0.77608,0.77635,1.13,1.50
2011.08.23 21:28:08.642,0.77606,0.77635,1.12,1.50
2011.08.23 21:28:09.274,0.77606,0.77635,1.12,1.50
2011.08.23 21:28:12.433,0.77604,0.77635,1.12,1.50
2011.08.23 21:28:12.652,0.77606,0.77635,1.12,1.50
2011.08.23 21:28:13.102,0.77606,0.77635,1.12,1.50
2011.08.23 21:28:13.432,0.77606,0.77635,1.12,1.50
2011.08.23 21:28:15.902,0.77606,0.77635,1.12,1.50
2011.08.23 21:28:16.354,0.77607,0.77639,1.12,1.50
2011.08.23 21:28:16.933,0.77607,0.77639,1.12,1.50
2011.08.23 21:28:17.273,0.77603,0.77633,1.12,1.50
2011.08.23 21:28:17.492,0.77601,0.77633,1.12,1.50
2011.08.23 21:28:17.925,0.77602,0.77631,1.12,1.50
2011.08.23 21:28:18.405,0.77601,0.77631,1.12,1.50
2011.08.23 21:28:19.303,0.77599,0.77631,1.12,1.50
2011.08.23 21:28:21.774,0.77599,0.77631,1.12,1.50
2011.08.23 21:28:24.373,0.77602,0.77631,1.12,1.50
2011.08.23 21:28:25.333,0.776,0.77631,1.12,1.50
2011.08.23 21:28:25.453,0.77602,0.77631,1.12,1.50
2011.08.23 21:28:32.033,0.77603,0.77634,1.12,1.50
2011.08.23 21:28:35.033,0.77602,0.77631,1.87,1.50
2011.08.23 21:28:35.891,0.77602,0.77631,1.12,1.50
2011.08.23 21:28:37.025,0.776,0.77631,1.12,1.50
2011.08.23 21:28:38.963,0.776,0.77631,1.12,1.50
2011.08.23 21:28:41.262,0.776,0.77631,1.12,1.50
2011.08.23 21:28:47.334,0.776,0.77631,1.12,1.50
2011.08.23 21:28:47.562,0.776,0.77631,1.12,1.50
2011.08.23 21:28:49.864,0.776,0.77631,1.12,1.50
2011.08.23 21:28:51.862,0.776,0.77631,1.12,1.50
2011.08.23 21:28:52.510,0.776,0.77631,1.12,1.50
2011.08.23 21:28:52.733,0.776,0.77631,1.12,1.50
2011.08.23 21:28:54.633,0.776,0.77631,1.12,1.50
2011.08.23 21:28:57.812,0.776,0.77631,1.12,1.50
2011.08.23 21:28:59.452,0.776,0.77631,1.12,1.50
2011.08.23 21:28:59.673,0.776,0.77631,1.12,1.50
2011.08.23 21:29:01.803,0.776,0.77631,1.12,1.50
2011.08.23 21:29:02.678,0.776,0.77631,1.12,1.50
2011.08.23 21:29:03.477,0.77598,0.77629,1.50,1.50
2011.08.23 21:29:03.813,0.77597,0.77629,1.12,1.50
2011.08.23 21:29:07.153,0.77596,0.77629,1.12,1.50
2011.08.23 21:29:07.443,0.77597,0.77629,1.12,1.50
2011.08.23 21:29:08.584,0.77597,0.77629,1.12,1.50
2011.08.23 21:29:09.813,0.77596,0.77629,1.87,1.50
2011.08.23 21:29:14.625,0.77596,0.77629,1.12,1.50
2011.08.23 21:29:19.593,0.77597,0.77629,1.12,1.50
2011.08.23 21:29:22.103,0.77596,0.77629,1.12,1.50
2011.08.23 21:29:24.662,0.77597,0.77629,1.12,2.25
2011.08.23 21:29:27.455,0.77596,0.77629,1.12,2.25
2011.08.23 21:29:29.854,0.77596,0.77629,1.12,1.50
2011.08.23 21:29:29.975,0.77592,0.77626,1.12,1.50
2011.08.23 21:29:30.533,0.77592,0.77626,1.12,1.50
2011.08.23 21:29:30.643,0.77589,0.77625,1.12,1.50
2011.08.23 21:29:32.092,0.77589,0.77625,1.87,1.50
2011.08.23 21:29:32.422,0.7759,0.77622,1.12,1.50
2011.08.23 21:29:35.334,0.77589,0.77622,1.12,1.50
2011.08.23 21:29:36.598,0.77589,0.77622,1.12,1.50
2011.08.23 21:29:37.413,0.7759,0.77622,1.12,1.50
2011.08.23 21:29:43.348,0.7759,0.77622,1.12,1.50
2011.08.23 21:29:50.302,0.77592,0.77626,1.87,1.50
2011.08.23 21:29:51.039,0.77592,0.77629,1.87,1.50
2011.08.23 21:29:52.402,0.77591,0.77624,1.12,1.50
2011.08.23 21:29:54.072,0.77591,0.77624,1.12,1.50
2011.08.23 21:29:54.864,0.77593,0.77623,1.87,1.50
2011.08.23 21:29:55.515,0.77591,0.77623,1.12,1.50
2011.08.23 21:29:57.462,0.77593,0.77625,1.87,1.50
2011.08.23 21:30:00.673,0.77593,0.77628,1.12,2.25
2011.08.23 21:30:01.165,0.77593,0.77625,1.12,1.50
2011.08.23 21:30:03.801,0.77593,0.77625,1.12,1.50
2011.08.23 21:30:12.801,0.77593,0.77623,1.12,1.50
2011.08.23 21:30:13.291,0.77593,0.77623,1.12,1.50
2011.08.23 21:30:19.217,0.77593,0.77625,1.12,1.50
2011.08.23 21:30:20.003,0.77595,0.77625,1.12,1.50
2011.08.23 21:30:20.114,0.77606,0.77633,1.12,1.50
2011.08.23 21:30:20.343,0.77602,0.77633,1.12,1.50
2011.08.23 21:30:23.281,0.77602,0.77633,1.12,1.50
2011.08.23 21:30:24.245,0.77606,0.77633,1.12,1.50
2011.08.23 21:30:24.603,0.77598,0.77633,1.12,2.25
2011.08.23 21:30:26.111,0.77597,0.77629,1.12,1.50
2011.08.23 21:30:28.383,0.77597,0.77629,1.12,1.50
2011.08.23 21:30:29.303,0.77597,0.7763,1.12,1.50
2011.08.23 21:30:29.973,0.776,0.77633,1.12,1.50
2011.08.23 21:30:30.563,0.776,0.77633,1.12,1.50
2011.08.23 21:30:30.673,0.776,0.77633,1.12,1.50
2011.08.23 21:30:31.484,0.776,0.77631,1.12,1.20
2011.08.23 21:30:31.714,0.77596,0.77629,1.12,1.50
2011.08.23 21:30:34.516,0.77594,0.77628,1.12,1.50
2011.08.23 21:30:34.633,0.77593,0.77626,1.12,1.20
2011.08.23 21:30:35.223,0.77592,0.77626,1.12,1.20
2011.08.23 21:30:59.333,0.77586,0.77618,1.12,1.88
2011.08.23 21:30:59.446,0.77588,0.77618,1.12,1.13
2011.08.23 21:30:59.564,0.77598,0.77623,1.12,1.50
2011.08.23 21:31:00.084,0.77598,0.77623,1.12,1.50
2011.08.23 21:31:00.206,0.77598,0.77623,1.12,1.50
2011.08.23 21:31:02.863,0.77598,0.77623,1.12,1.50
2011.08.23 21:31:02.973,0.77587,0.77619,1.12,1.88
2011.08.23 21:31:06.133,0.77587,0.77619,1.12,1.88
2011.08.23 21:31:07.785,0.77582,0.77612,1.12,1.50
2011.08.23 21:31:09.624,0.77582,0.77614,1.87,1.50
2011.08.23 21:31:09.854,0.77591,0.77622,1.12,1.50
2011.08.23 21:31:59.602,0.77583,0.77617,1.35,2.25
2011.08.23 21:32:08.273,0.77585,0.77617,1.12,2.25
2011.08.23 21:32:08.823,0.77583,0.77616,1.35,1.50
2011.08.23 21:32:13.727,0.77573,0.776,1.20,1.50
2011.08.23 21:32:14.395,0.77561,0.77596,1.12,1.50
2011.08.23 21:32:16.914,0.77566,0.77599,1.57,1.50
2011.08.23 21:32:17.677,0.77567,0.77601,1.12,1.50
2011.08.23 21:32:18.814,0.77566,0.77598,1.12,1.50
2011.08.23 21:32:19.954,0.77575,0.77598,1.50,1.50
2011.08.23 21:32:20.297,0.77592,0.77625,1.12,1.50
2011.08.23 21:32:23.864,0.77587,0.77621,1.87,1.50
2011.08.23 21:32:25.826,0.77587,0.77619,1.87,1.50
2011.08.23 21:32:41.197,0.7758,0.77613,1.57,1.50
2011.08.23 21:32:45.585,0.77581,0.77612,1.50,1.50
2011.08.23 21:32:45.705,0.77582,0.77607,1.50,1.50
2011.08.23 21:32:45.935,0.77579,0.77614,1.20,1.50
2011.08.23 21:32:46.054,0.77577,0.77614,1.20,1.50
2011.08.23 21:32:46.614,0.77575,0.77606,1.20,1.50
2011.08.23 21:32:53.374,0.77578,0.77606,1.20,1.50
2011.08.23 21:32:53.496,0.77578,0.77611,1.20,1.50
2011.08.23 21:32:53.614,0.77578,0.77611,1.20,1.50
2011.08.23 21:32:56.377,0.77578,0.77611,1.20,1.50
2011.08.23 21:33:10.446,0.77577,0.77608,1.13,1.50
2011.08.23 21:33:11.052,0.77572,0.77605,1.50,1.50
2011.08.23 21:33:16.744,0.77572,0.77603,1.50,1.50
2011.08.23 21:33:16.853,0.77572,0.77602,1.50,1.50
2011.08.23 21:33:17.857,0.77572,0.77602,1.50,1.50
2011.08.23 21:33:18.086,0.77574,0.77602,1.58,1.50
2011.08.23 21:33:20.825,0.77574,0.77606,1.58,1.50
2011.08.23 21:33:21.977,0.77574,0.77604,1.20,1.50
2011.08.23 21:33:22.314,0.77559,0.77593,1.87,1.50
2011.08.23 21:33:25.034,0.7756,0.77593,1.12,1.50
2011.08.23 21:33:25.485,0.7756,0.77592,1.12,1.50
2011.08.23 21:33:25.605,0.77563,0.77595,1.12,1.50
2011.08.23 21:33:29.206,0.77563,0.77595,1.12,1.50
2011.08.23 21:33:29.434,0.77567,0.776,1.12,1.50
2011.08.23 21:33:41.964,0.77569,0.776,1.20,1.50
2011.08.23 21:33:45.974,0.77576,0.77612,2.70,1.50
2011.08.23 21:33:46.091,0.77578,0.77612,1.12,1.50
2011.08.23 21:33:46.751,0.7758,0.77612,1.12,1.50
2011.08.23 21:33:47.953,0.77598,0.7763,1.12,1.50
2011.08.23 21:33:48.072,0.77598,0.77632,1.12,1.50
2011.08.23 21:33:48.193,0.77616,0.7765,1.12,1.50
2011.08.23 21:33:48.315,0.77617,0.77656,1.12,2.25
2011.08.23 21:33:48.432,0.77621,0.77656,1.12,1.50
2011.08.23 21:33:48.551,0.77621,0.77656,1.12,1.50
2011.08.23 21:33:57.671,0.77621,0.77656,1.12,2.25
2011.08.23 21:34:06.024,0.77614,0.77645,1.12,1.50
2011.08.23 21:34:06.361,0.77614,0.77643,1.12,1.50
2011.08.23 21:34:11.461,0.77614,0.77643,1.12,1.50
2011.08.23 21:34:11.573,0.77614,0.77643,1.12,1.50
2011.08.23 21:34:19.323,0.77611,0.7764,1.12,1.50
2011.08.23 21:34:22.371,0.77611,0.7764,1.12,1.50
2011.08.23 21:34:23.141,0.77611,0.7764,1.12,1.50
2011.08.23 21:34:23.452,0.77611,0.77641,1.12,1.50
2011.08.23 21:34:25.091,0.77611,0.77642,1.12,1.50
2011.08.23 21:34:54.830,0.77607,0.7764,1.12,1.50
2011.08.23 21:34:55.472,0.77607,0.7764,1.12,2.25
2011.08.23 21:35:34.362,0.77607,0.77638,1.12,1.50
2011.08.23 21:35:35.752,0.77607,0.7764,1.12,1.50
2011.08.23 21:35:38.712,0.77607,0.77639,1.12,1.50
2011.08.23 21:35:45.871,0.77607,0.7764,1.12,2.25
2011.08.23 21:35:56.982,0.77607,0.7764,1.12,1.50
2011.08.23 21:35:57.541,0.77607,0.7764,1.12,1.50
2011.08.23 21:36:11.631,0.77607,0.7764,1.12,2.25
2011.08.23 21:36:12.992,0.77606,0.77639,1.13,1.50
2011.08.23 21:37:13.054,0.77604,0.7764,1.12,1.50
2011.08.23 21:37:23.397,0.77601,0.7764,2.24,1.50
2011.08.23 21:37:23.979,0.77604,0.7764,1.12,1.50
2011.08.23 21:37:25.382,0.77605,0.7764,1.13,1.50
2011.08.23 21:37:39.591,0.77605,0.7764,1.20,1.50
2011.08.23 21:37:49.002,0.77605,0.7764,1.20,1.50
2011.08.23 21:37:49.551,0.77608,0.7764,1.12,1.50
2011.08.23 21:38:02.872,0.77615,0.77645,1.12,1.50
2011.08.23 21:38:02.997,0.77615,0.77647,1.12,1.50
2011.08.23 21:38:07.575,0.77619,0.7765,1.12,2.25
2011.08.23 21:38:09.046,0.77621,0.7765,1.50,1.50
2011.08.23 21:38:09.162,0.77631,0.77667,1.12,1.50
2011.08.23 21:38:09.283,0.77631,0.77667,1.87,1.50
2011.08.23 21:38:09.622,0.77637,0.7767,1.12,1.50
2011.08.23 21:38:10.742,0.77633,0.77663,1.12,1.50
2011.08.23 21:38:10.864,0.7763,0.77663,1.87,1.50
2011.08.23 21:38:13.084,0.7763,0.7766,1.50,1.50
2011.08.23 21:38:13.574,0.77622,0.77655,1.12,1.50
2011.08.23 21:38:34.952,0.7762,0.77655,1.87,1.50
2011.08.23 21:38:35.072,0.7762,0.77654,1.12,1.50
2011.08.23 21:38:39.414,0.77618,0.77654,1.87,1.50
2011.08.23 21:38:47.264,0.77614,0.77647,1.12,1.50
2011.08.23 21:38:47.383,0.77614,0.77647,1.12,1.50
2011.08.23 21:38:47.942,0.77612,0.77647,1.87,1.50
2011.08.23 21:39:02.042,0.77612,0.77645,1.12,1.50
2011.08.23 21:39:02.273,0.7761,0.77642,1.12,1.50
2011.08.23 21:39:10.302,0.77605,0.77641,1.12,1.50
2011.08.23 21:39:11.686,0.77611,0.77641,1.12,1.50
2011.08.23 21:39:28.903,0.7761,0.77643,1.12,1.50
2011.08.23 21:39:32.632,0.7761,0.77643,1.12,1.50
2011.08.23 21:39:33.402,0.77619,0.77649,1.12,1.50
2011.08.23 21:39:36.804,0.7762,0.77649,1.12,1.50
2011.08.23 21:39:37.033,0.7762,0.77647,1.12,1.13
2011.08.23 21:39:44.014,0.77618,0.77647,1.12,1.13
2011.08.23 21:39:45.863,0.77614,0.77645,1.12,1.50
2011.08.23 21:39:46.963,0.77614,0.77645,1.12,1.50
2011.08.23 21:39:47.303,0.77613,0.7764,1.50,1.13
2011.08.23 21:39:47.642,0.7761,0.77638,1.12,1.13
2011.08.23 21:39:54.665,0.77611,0.77638,1.50,1.13
2011.08.23 21:39:55.003,0.77624,0.77653,1.12,1.50
2011.08.23 21:39:59.704,0.77618,0.7765,1.12,1.50
2011.08.23 21:39:59.824,0.77618,0.77652,1.12,2.25
2011.08.23 21:40:12.033,0.77619,0.77651,1.12,1.50
2011.08.23 21:40:22.032,0.77619,0.77651,1.12,2.25
2011.08.23 21:40:23.541,0.77619,0.77651,1.12,2.25
2011.08.23 21:40:32.142,0.77623,0.77653,1.12,1.50
2011.08.23 21:40:35.112,0.77623,0.77653,1.12,1.50
2011.08.23 21:40:35.444,0.77623,0.77653,1.12,1.50
2011.08.23 21:40:46.153,0.77623,0.77655,1.12,2.25
2011.08.23 21:40:46.273,0.77627,0.77657,1.12,1.50
2011.08.23 21:40:46.745,0.77623,0.77655,1.12,1.50
2011.08.23 21:40:47.831,0.77626,0.77656,1.12,1.50
2011.08.23 21:41:13.063,0.77623,0.77654,1.12,1.50
2011.08.23 21:41:13.181,0.77623,0.77654,1.12,1.50
2011.08.23 21:41:14.202,0.77625,0.77657,1.12,1.50
2011.08.23 21:41:17.983,0.77625,0.77657,1.12,1.50
2011.08.23 21:41:18.713,0.77633,0.77662,1.12,1.50
2011.08.23 21:41:20.562,0.77633,0.77662,1.12,1.50
2011.08.23 21:41:30.526,0.77624,0.77658,1.12,2.25
2011.08.23 21:41:36.332,0.77627,0.77658,1.12,1.50
2011.08.23 21:41:36.562,0.77632,0.77663,1.12,2.25
2011.08.23 21:42:18.534,0.77626,0.77659,1.57,1.50
2011.08.23 21:42:18.652,0.77626,0.77659,1.12,1.50
2011.08.23 21:42:20.731,0.77626,0.77658,1.12,1.50
2011.08.23 21:42:21.064,0.77626,0.77658,1.12,1.50
2011.08.23 21:42:26.983,0.77626,0.77658,1.12,1.50
2011.08.23 21:42:38.944,0.77626,0.77658,1.12,1.50
2011.08.23 21:42:42.075,0.77626,0.77654,1.12,1.50
2011.08.23 21:42:42.701,0.77616,0.7765,1.12,1.50
2011.08.23 21:42:43.253,0.77616,0.77649,1.12,1.50
2011.08.23 21:42:43.372,0.77616,0.77648,1.12,1.50
2011.08.23 21:43:07.629,0.77622,0.77649,1.12,1.50
2011.08.23 21:43:08.548,0.77622,0.77652,1.12,1.50
2011.08.23 21:43:42.366,0.77619,0.77655,1.12,1.50
2011.08.23 21:43:42.815,0.77625,0.77653,1.12,1.50
2011.08.23 21:43:53.080,0.77624,0.77653,1.87,1.50
2011.08.23 21:43:54.243,0.77624,0.77654,1.12,1.50
2011.08.23 21:43:54.473,0.77616,0.77647,1.12,1.50
2011.08.23 21:44:08.984,0.77616,0.77646,1.12,1.50
2011.08.23 21:44:10.162,0.77616,0.77646,1.12,1.50
2011.08.23 21:44:16.212,0.77616,0.77646,1.12,1.50
2011.08.23 21:44:43.144,0.77616,0.77646,1.12,1.50
2011.08.23 21:45:00.414,0.77615,0.77646,1.12,1.50
2011.08.23 21:45:00.642,0.77613,0.77647,1.12,1.50
2011.08.23 21:45:01.125,0.77615,0.77645,1.12,1.50
2011.08.23 21:45:02.179,0.77615,0.77647,1.12,1.50
2011.08.23 21:45:08.393,0.77613,0.77645,1.50,1.50
2011.08.23 21:45:15.236,0.77612,0.77645,1.12,1.50
2011.08.23 21:45:48.808,0.77612,0.77644,1.12,1.50
2011.08.23 21:45:49.033,0.77612,0.77644,1.12,1.50
2011.08.23 21:46:18.955,0.7761,0.77644,1.12,1.50
2011.08.23 21:46:19.757,0.77608,0.77641,1.87,1.50
2011.08.23 21:46:21.723,0.77609,0.77642,1.12,1.50
2011.08.23 21:46:49.193,0.77615,0.77644,1.12,1.50
2011.08.23 21:46:57.953,0.77615,0.77644,1.12,1.50
2011.08.23 21:47:11.816,0.77615,0.77644,1.12,1.50
2011.08.23 21:47:38.162,0.77611,0.77643,1.12,1.50
2011.08.23 21:48:12.148,0.77608,0.77643,1.12,2.25
2011.08.23 21:48:33.051,0.77609,0.77642,1.12,1.50
2011.08.23 21:48:52.253,0.7761,0.77641,1.12,1.50
2011.08.23 21:48:53.981,0.7761,0.77641,1.12,1.50
2011.08.23 21:48:55.062,0.7761,0.77641,1.12,1.50
2011.08.23 21:49:17.721,0.7761,0.77642,1.12,2.25
2011.08.23 21:49:31.011,0.77604,0.77637,1.12,1.50
2011.08.23 21:49:31.124,0.77604,0.77637,1.12,1.50
2011.08.23 21:49:41.491,0.77604,0.77637,1.12,1.50
2011.08.23 21:49:45.803,0.77604,0.77637,1.12,1.50
2011.08.23 21:49:46.032,0.77611,0.77642,1.12,1.50
2011.08.23 21:49:51.384,0.77611,0.77641,1.12,1.50
2011.08.23 21:49:51.612,0.77615,0.77645,1.50,1.50
2011.08.23 21:49:51.723,0.77615,0.77647,1.87,1.50
2011.08.23 21:49:51.833,0.77617,0.77647,1.12,1.50
2011.08.23 21:50:04.144,0.7762,0.77652,1.12,1.50
2011.08.23 21:50:05.662,0.7762,0.77653,1.12,2.25
2011.08.23 21:50:05.881,0.77622,0.77653,1.12,1.50
2011.08.23 21:50:11.802,0.77624,0.77656,1.12,1.50
2011.08.23 21:50:22.182,0.77622,0.77656,1.12,1.50
2011.08.23 21:50:31.163,0.77622,0.77656,1.12,1.50
2011.08.23 21:50:49.707,0.77627,0.77665,1.12,1.20
2011.08.23 21:50:50.528,0.77627,0.77665,1.12,1.20
2011.08.23 21:50:56.794,0.77631,0.77665,1.12,1.20
2011.08.23 21:51:00.995,0.77631,0.77665,1.12,1.20
2011.08.23 21:51:07.156,0.77631,0.77665,1.12,1.20
2011.08.23 21:51:07.605,0.77631,0.7766,1.12,1.20
2011.08.23 21:51:12.865,0.77631,0.77662,1.12,1.20
2011.08.23 21:51:29.775,0.77633,0.77662,1.12,1.20
2011.08.23 21:51:30.244,0.77633,0.7766,1.12,1.20
2011.08.23 21:51:30.905,0.77629,0.7766,1.12,1.20
2011.08.23 21:51:31.885,0.77629,0.7766,1.12,1.20
2011.08.23 21:51:46.475,0.77625,0.77657,1.12,1.50
2011.08.23 21:51:46.595,0.77624,0.77657,1.12,1.50
2011.08.23 21:51:59.012,0.77624,0.77657,1.12,1.50
2011.08.23 21:51:59.126,0.77629,0.77661,1.12,1.50
2011.08.23 21:52:15.754,0.77623,0.77657,1.12,1.50
2011.08.23 21:52:24.750,0.77623,0.77654,1.12,1.50
2011.08.23 21:52:24.868,0.77618,0.7765,1.12,1.50
2011.08.23 21:52:24.985,0.77616,0.7765,1.12,1.50
2011.08.23 21:52:37.115,0.77616,0.7765,1.12,1.50
2011.08.23 21:52:40.286,0.77616,0.7765,1.12,1.50
2011.08.23 21:52:41.145,0.77616,0.7765,1.12,1.50
2011.08.23 21:52:43.025,0.77616,0.7765,1.12,1.50
2011.08.23 21:53:00.285,0.77618,0.7765,1.12,1.50
2011.08.23 21:53:00.404,0.7762,0.77652,1.87,1.50
2011.08.23 21:53:05.194,0.77622,0.77652,1.12,1.50
2011.08.23 21:53:05.220,0.77622,0.77652,1.12,1.50
2011.08.23 21:53:06.135,0.77622,0.77652,1.12,1.50
2011.08.23 21:53:22.146,0.77622,0.77652,1.12,1.50
2011.08.23 21:53:48.997,0.7762,0.77652,1.87,1.50
2011.08.23 21:54:15.176,0.77622,0.77652,1.12,1.50
2011.08.23 21:54:34.195,0.77622,0.77652,1.12,1.50
2011.08.23 21:54:36.298,0.77622,0.77652,1.12,1.50
2011.08.23 21:54:44.335,0.77622,0.77652,1.12,1.50
2011.08.23 21:54:44.866,0.77622,0.77652,1.12,1.50
2011.08.23 21:55:01.056,0.77622,0.77652,1.12,1.50
2011.08.23 21:55:16.455,0.77622,0.77652,1.12,1.50
2011.08.23 21:55:17.133,0.77622,0.77652,1.12,1.50
2011.08.23 21:55:28.167,0.77622,0.77652,1.12,1.50
2011.08.23 21:55:53.145,0.77621,0.77653,1.12,1.50
2011.08.23 21:55:55.154,0.77621,0.77653,1.12,1.50
2011.08.23 21:56:03.624,0.77621,0.77655,1.12,1.50
2011.08.23 21:56:03.845,0.77627,0.77659,1.12,2.25
2011.08.23 21:56:04.068,0.77627,0.77659,1.12,1.50
2011.08.23 21:56:04.405,0.7763,0.77664,1.12,1.50
2011.08.23 21:56:04.526,0.77629,0.77664,1.87,1.50
2011.08.23 21:56:07.976,0.77628,0.77658,1.12,1.50
2011.08.23 21:56:08.704,0.77628,0.77658,1.12,1.50
2011.08.23 21:56:09.395,0.77628,0.77658,1.12,1.50
2011.08.23 21:56:09.736,0.77634,0.77663,1.12,1.50
2011.08.23 21:56:09.965,0.77632,0.77663,1.12,1.50
2011.08.23 21:56:11.536,0.77631,0.77659,1.12,1.50
2011.08.23 21:56:12.096,0.77628,0.77659,1.12,1.50
2011.08.23 21:56:12.218,0.77627,0.77659,1.12,1.50
2011.08.23 21:56:12.448,0.7762,0.77651,1.12,1.50
2011.08.23 21:56:15.347,0.7762,0.77651,1.12,1.50
2011.08.23 21:56:15.685,0.7762,0.77651,1.12,1.50
2011.08.23 21:56:24.358,0.7762,0.77649,1.12,1.50
2011.08.23 21:56:58.097,0.77615,0.77647,1.12,1.50
2011.08.23 21:56:58.217,0.77615,0.77647,1.12,1.50
2011.08.23 21:57:06.318,0.77615,0.77647,1.12,1.50
2011.08.23 21:57:06.917,0.77615,0.77647,1.87,1.50
2011.08.23 21:57:07.917,0.77616,0.77647,1.12,1.50
2011.08.23 21:57:09.737,0.77615,0.77647,1.87,1.50
2011.08.23 21:57:11.295,0.77618,0.77649,1.12,1.50
2011.08.23 21:57:12.365,0.77618,0.77649,1.87,1.50
2011.08.23 21:57:12.696,0.77615,0.77646,1.12,1.50
2011.08.23 21:57:13.586,0.77615,0.77646,1.12,1.50
2011.08.23 21:57:34.184,0.77615,0.77646,1.12,1.50
2011.08.23 21:57:50.378,0.77615,0.77646,1.12,1.50
2011.08.23 21:57:50.500,0.77602,0.77632,1.12,1.50
2011.08.23 21:57:50.618,0.77601,0.77632,1.12,1.50
2011.08.23 21:57:51.002,0.77602,0.77632,1.12,1.50
2011.08.23 21:57:51.117,0.776,0.77632,1.12,1.50
2011.08.23 21:57:51.674,0.77599,0.77632,1.87,1.50
2011.08.23 21:57:54.728,0.77599,0.77632,1.12,1.50
2011.08.23 21:57:54.959,0.77595,0.77629,1.12,1.50
2011.08.23 21:57:55.184,0.77592,0.77628,1.87,1.50
2011.08.23 21:57:59.329,0.77597,0.77625,1.50,1.50
2011.08.23 21:57:59.557,0.77599,0.77631,1.49,1.50
2011.08.23 21:58:48.459,0.77599,0.77631,1.12,1.50
2011.08.23 21:58:48.581,0.77588,0.7762,1.12,1.50
2011.08.23 21:58:48.807,0.77588,0.77625,1.12,2.25
2011.08.23 21:58:49.036,0.77592,0.77626,1.12,1.50
2011.08.23 21:58:50.586,0.77596,0.77629,1.12,1.50
2011.08.23 21:59:05.254,0.77597,0.77628,0.37,0.75
2011.08.23 21:59:11.894,0.77599,0.77629,0.75,1.50
2011.08.23 21:59:12.252,0.77602,0.77629,0.37,0.75
2011.08.23 21:59:13.044,0.77603,0.77628,0.75,0.75
2011.08.23 21:59:21.784,0.77602,0.77629,0.37,0.75
2011.08.23 21:59:27.817,0.77598,0.77615,0.37,0.75
2011.08.23 21:59:44.456,0.77589,0.7761,0.37,0.75
2011.08.23 21:59:44.794,0.77579,0.77599,0.37,0.75
2011.08.23 21:59:45.310,0.77578,0.77599,0.37,0.75
2011.08.23 21:59:46.726,0.77579,0.77605,0.75,0.75
2011.08.23 21:59:46.954,0.77578,0.77607,1.12,0.75
2011.08.23 21:59:47.494,0.77579,0.77608,0.75,0.75
2011.08.23 21:59:50.245,0.7758,0.77605,0.75,0.75
2011.08.23 21:59:51.014,0.77582,0.77605,0.37,0.75
2011.08.23 21:59:51.123,0.77582,0.77607,0.37,0.75
