2015.09.07 14:00:00.029,0.8993,0.89946,1.87,1.00
2015.09.07 14:00:00.419,0.89932,0.89947,2.25,1.00
2015.09.07 14:00:00.521,0.89934,0.89949,1.37,1.00
2015.09.07 14:00:02.144,0.89934,0.8995,2.25,1.00
2015.09.07 14:00:02.246,0.89935,0.89951,1.37,1.37
2015.09.07 14:00:02.759,0.89935,0.89951,1.12,1.00
2015.09.07 14:00:03.075,0.89934,0.89949,1.12,1.12
2015.09.07 14:00:03.278,0.89932,0.89949,1.12,1.87
2015.09.07 14:00:04.040,0.89932,0.89949,1.75,1.87
2015.09.07 14:00:04.260,0.89931,0.89947,2.25,1.37
2015.09.07 14:00:09.177,0.8993,0.89943,1.12,1.12
2015.09.07 14:00:09.391,0.89926,0.89942,1.50,1.87
2015.09.07 14:00:09.594,0.89923,0.8994,3.00,1.37
2015.09.07 14:00:09.849,0.89924,0.89939,1.37,1.87
2015.09.07 14:00:09.952,0.89921,0.89938,1.85,1.87
2015.09.07 14:00:10.469,0.8992,0.89938,1.87,2.62
2015.09.07 14:00:12.851,0.89922,0.89937,1.00,1.50
2015.09.07 14:00:13.422,0.89922,0.89936,1.50,1.00
2015.09.07 14:00:26.740,0.89922,0.89933,1.00,1.00
2015.09.07 14:00:31.728,0.8992,0.89932,2.72,1.00
2015.09.07 14:00:35.591,0.8992,0.89933,1.12,1.00
2015.09.07 14:00:36.097,0.8992,0.89932,1.75,1.00
2015.09.07 14:00:45.643,0.8992,0.89934,1.75,1.12
2015.09.07 14:00:46.174,0.89921,0.89934,1.00,1.00
2015.09.07 14:00:46.716,0.89921,0.89935,1.00,1.00
2015.09.07 14:00:47.621,0.89921,0.89938,2.62,2.62
2015.09.07 14:01:01.563,0.8992,0.89933,1.12,1.00
2015.09.07 14:01:01.614,0.8992,0.89935,1.12,1.00
2015.09.07 14:01:02.142,0.89921,0.89935,1.00,1.00
2015.09.07 14:01:06.078,0.89921,0.89934,1.00,1.00
2015.09.07 14:01:09.694,0.89918,0.89934,2.62,1.87
2015.09.07 14:01:12.553,0.89918,0.89935,3.37,1.37
2015.09.07 14:01:13.078,0.89918,0.89935,3.37,1.00
2015.09.07 14:01:20.912,0.89921,0.89936,1.37,1.12
2015.09.07 14:01:21.420,0.89923,0.89936,1.12,1.12
2015.09.07 14:01:24.408,0.89922,0.89938,2.25,3.00
2015.09.07 14:01:24.921,0.89923,0.89938,1.75,1.87
2015.09.07 14:01:29.004,0.89923,0.89939,1.50,1.12
2015.09.07 14:01:31.229,0.89923,0.89939,1.00,1.12
2015.09.07 14:01:31.784,0.89922,0.89939,2.62,1.75
2015.09.07 14:01:32.350,0.89923,0.89939,1.00,1.75
2015.09.07 14:01:33.117,0.89922,0.89939,2.62,1.75
2015.09.07 14:01:37.130,0.89923,0.89938,1.00,1.37
2015.09.07 14:01:38.026,0.89924,0.89939,1.00,1.37
2015.09.07 14:01:38.539,0.89923,0.8994,1.12,2.62
2015.09.07 14:01:39.956,0.89924,0.8994,2.10,1.75
2015.09.07 14:01:40.159,0.89927,0.89941,1.87,1.00
2015.09.07 14:01:40.669,0.89927,0.89941,1.87,1.00
2015.09.07 14:01:44.340,0.89929,0.89944,1.00,1.87
2015.09.07 14:01:44.746,0.89928,0.89945,1.87,1.20
2015.09.07 14:01:44.949,0.89933,0.89946,1.12,1.50
2015.09.07 14:01:45.456,0.89933,0.89946,1.37,1.00
2015.09.07 14:01:46.672,0.89933,0.89946,1.12,1.00
2015.09.07 14:01:50.146,0.89933,0.89946,1.37,1.00
2015.09.07 14:01:51.259,0.89933,0.89946,1.12,1.00
2015.09.07 14:01:53.502,0.89933,0.89946,1.37,1.00
2015.09.07 14:01:53.880,0.89933,0.89946,1.12,1.00
2015.09.07 14:01:57.165,0.8993,0.89946,1.87,1.50
2015.09.07 14:01:57.684,0.89931,0.89946,1.00,1.50
2015.09.07 14:01:58.618,0.8993,0.89946,1.87,1.50
2015.09.07 14:01:59.240,0.8993,0.89946,1.87,1.50
2015.09.07 14:02:01.103,0.89931,0.89946,1.00,1.50
2015.09.07 14:02:04.279,0.89931,0.89947,1.75,1.50
2015.09.07 14:02:08.992,0.89934,0.89948,1.00,1.12
2015.09.07 14:02:11.177,0.89934,0.89947,1.00,1.00
2015.09.07 14:02:20.647,0.89934,0.89948,1.12,1.50
2015.09.07 14:02:26.117,0.89934,0.89948,1.37,1.87
2015.09.07 14:02:26.776,0.89934,0.89948,1.12,1.87
2015.09.07 14:02:42.857,0.89934,0.89947,1.37,1.00
2015.09.07 14:02:43.534,0.89934,0.89947,1.37,1.00
2015.09.07 14:02:44.532,0.89934,0.89947,1.37,1.00
2015.09.07 14:02:46.367,0.89934,0.89947,1.37,1.00
2015.09.07 14:02:46.683,0.89938,0.89951,1.00,1.37
2015.09.07 14:02:47.249,0.89936,0.89951,2.25,1.37
2015.09.07 14:02:47.750,0.89939,0.89951,1.00,1.00
2015.09.07 14:02:52.130,0.89938,0.89953,1.37,1.50
2015.09.07 14:02:52.334,0.8994,0.89955,1.00,2.25
2015.09.07 14:02:52.689,0.89939,0.89955,1.87,1.50
2015.09.07 14:02:53.208,0.89941,0.89955,1.37,1.00
2015.09.07 14:03:00.139,0.8994,0.89954,1.12,1.00
2015.09.07 14:03:01.956,0.89939,0.89954,1.75,1.37
2015.09.07 14:03:04.515,0.89938,0.89953,1.75,1.50
2015.09.07 14:03:04.668,0.8994,0.89955,1.12,1.12
2015.09.07 14:03:04.820,0.89943,0.89957,1.00,1.50
2015.09.07 14:03:10.355,0.89943,0.89956,1.00,1.00
2015.09.07 14:03:13.302,0.89943,0.89957,1.12,1.00
2015.09.07 14:03:13.974,0.89941,0.89958,1.12,1.87
2015.09.07 14:03:14.076,0.89939,0.89956,1.95,2.25
2015.09.07 14:03:14.623,0.89939,0.89955,1.87,1.37
2015.09.07 14:03:16.006,0.89938,0.8995,1.20,1.00
2015.09.07 14:03:16.057,0.89938,0.89954,1.20,1.12
2015.09.07 14:03:16.108,0.89938,0.89952,1.20,1.00
2015.09.07 14:03:16.627,0.89938,0.89954,1.12,1.37
2015.09.07 14:03:17.365,0.89939,0.89954,1.00,1.37
2015.09.07 14:03:19.172,0.89938,0.89952,1.00,1.00
2015.09.07 14:03:20.660,0.89935,0.89949,1.12,1.00
2015.09.07 14:03:20.883,0.89933,0.89947,1.47,1.00
2015.09.07 14:03:21.390,0.89933,0.89947,1.12,1.00
2015.09.07 14:03:22.378,0.89933,0.89947,1.37,1.87
2015.09.07 14:03:22.881,0.89931,0.89947,1.50,2.25
2015.09.07 14:03:22.982,0.89929,0.89945,1.85,1.00
2015.09.07 14:03:23.366,0.89928,0.89945,1.75,1.50
2015.09.07 14:03:29.217,0.89927,0.89943,1.37,1.50
2015.09.07 14:03:29.268,0.89927,0.89943,1.00,1.87
2015.09.07 14:03:29.472,0.89928,0.89941,1.37,1.00
2015.09.07 14:03:29.523,0.89928,0.89943,1.00,1.87
2015.09.07 14:03:29.675,0.89929,0.89943,1.12,1.00
2015.09.07 14:03:30.182,0.89929,0.89943,1.37,1.00
2015.09.07 14:03:31.433,0.89929,0.89943,1.00,1.00
2015.09.07 14:03:31.751,0.89929,0.89943,2.62,1.00
2015.09.07 14:03:31.905,0.89932,0.89946,1.00,1.12
2015.09.07 14:03:33.246,0.89931,0.89947,1.12,1.50
2015.09.07 14:03:34.545,0.89932,0.89947,1.00,1.50
2015.09.07 14:03:35.069,0.89934,0.89948,1.00,1.87
2015.09.07 14:03:35.120,0.89934,0.89948,1.12,1.50
2015.09.07 14:03:35.171,0.89934,0.89948,1.37,1.00
2015.09.07 14:03:36.362,0.89934,0.89948,1.37,1.00
2015.09.07 14:03:37.184,0.89935,0.8995,1.37,1.50
2015.09.07 14:03:47.696,0.89936,0.89949,1.00,1.50
2015.09.07 14:03:48.435,0.89933,0.89949,1.87,1.75
2015.09.07 14:03:50.741,0.89933,0.89949,1.87,1.87
2015.09.07 14:03:52.524,0.89934,0.8995,1.50,1.87
2015.09.07 14:03:52.626,0.89936,0.8995,1.12,1.37
2015.09.07 14:03:52.727,0.89938,0.89953,1.00,2.62
2015.09.07 14:03:53.259,0.89937,0.89953,1.37,2.62
2015.09.07 14:03:54.672,0.89936,0.89953,1.12,2.62
2015.09.07 14:03:55.213,0.89936,0.89951,1.37,1.37
2015.09.07 14:03:59.434,0.89935,0.8995,1.00,1.37
2015.09.07 14:04:01.785,0.89934,0.89951,1.12,2.25
2015.09.07 14:04:02.294,0.89934,0.89951,2.62,1.12
2015.09.07 14:04:03.491,0.89935,0.89951,1.00,1.12
2015.09.07 14:04:04.267,0.89934,0.89951,2.62,1.75
2015.09.07 14:04:04.772,0.89937,0.8995,1.00,1.00
2015.09.07 14:04:08.039,0.89934,0.8995,2.25,1.50
2015.09.07 14:04:11.256,0.89933,0.89948,1.37,1.87
2015.09.07 14:04:11.458,0.89932,0.89947,1.00,1.37
2015.09.07 14:04:11.973,0.89931,0.89946,1.12,1.00
2015.09.07 14:04:12.610,0.89932,0.89947,1.00,1.50
2015.09.07 14:04:16.192,0.8993,0.89946,1.75,1.50
2015.09.07 14:04:16.718,0.8993,0.89945,1.37,1.87
2015.09.07 14:04:17.246,0.89929,0.89943,1.37,1.00
2015.09.07 14:04:17.466,0.89931,0.89946,1.00,1.87
2015.09.07 14:04:17.972,0.8993,0.89947,1.12,1.87
2015.09.07 14:04:18.529,0.8993,0.89947,1.12,1.87
2015.09.07 14:04:24.133,0.8993,0.89947,3.37,1.75
2015.09.07 14:04:31.167,0.89931,0.89948,2.25,1.12
2015.09.07 14:04:31.472,0.89934,0.8995,1.87,1.50
2015.09.07 14:04:31.821,0.89936,0.89953,1.87,1.12
2015.09.07 14:04:37.818,0.89937,0.89953,1.50,1.12
2015.09.07 14:04:41.089,0.89937,0.89952,1.00,1.37
2015.09.07 14:04:42.939,0.89936,0.89952,1.87,1.37
2015.09.07 14:04:46.950,0.89937,0.89953,1.50,1.87
2015.09.07 14:04:48.555,0.89937,0.89952,1.50,1.37
2015.09.07 14:04:55.345,0.89937,0.89952,1.12,1.37
2015.09.07 14:04:56.135,0.89936,0.89951,2.25,1.12
2015.09.07 14:04:56.186,0.89936,0.89949,1.87,1.12
2015.09.07 14:04:56.338,0.89936,0.89949,1.87,1.87
2015.09.07 14:04:56.389,0.89932,0.89949,1.50,1.87
2015.09.07 14:04:58.028,0.89934,0.89948,1.00,1.50
2015.09.07 14:04:58.179,0.89934,0.89949,1.87,1.12
2015.09.07 14:04:58.230,0.89936,0.89952,1.12,1.75
2015.09.07 14:04:58.625,0.89936,0.89953,1.87,1.12
2015.09.07 14:04:59.162,0.89936,0.89953,1.87,1.12
2015.09.07 14:04:59.364,0.89936,0.89952,1.37,1.50
2015.09.07 14:04:59.415,0.89933,0.89949,3.37,1.12
2015.09.07 14:04:59.972,0.89934,0.89949,1.47,1.12
2015.09.07 14:05:00.480,0.89934,0.89951,1.20,1.12
2015.09.07 14:05:00.989,0.89934,0.8995,1.20,1.12
2015.09.07 14:05:01.517,0.89936,0.8995,1.12,1.00
2015.09.07 14:05:02.019,0.89936,0.8995,1.37,1.00
2015.09.07 14:05:03.325,0.89937,0.89952,1.37,1.37
2015.09.07 14:05:04.155,0.89936,0.89951,1.37,1.12
2015.09.07 14:05:04.686,0.89936,0.89952,1.37,1.75
2015.09.07 14:05:05.162,0.89936,0.89952,1.87,1.37
2015.09.07 14:05:08.624,0.89937,0.89953,1.00,2.25
2015.09.07 14:05:10.151,0.89936,0.8995,1.00,1.12
2015.09.07 14:05:38.580,0.89933,0.89948,1.75,1.12
2015.09.07 14:05:38.713,0.89932,0.89947,1.67,1.00
2015.09.07 14:05:38.917,0.89932,0.89945,1.87,1.50
2015.09.07 14:05:39.019,0.89929,0.89943,1.30,1.37
2015.09.07 14:05:39.525,0.89928,0.89943,2.25,1.37
2015.09.07 14:05:40.043,0.89928,0.89944,1.50,1.12
2015.09.07 14:05:40.399,0.89926,0.89942,2.25,1.87
2015.09.07 14:05:40.906,0.89924,0.89941,1.87,1.75
2015.09.07 14:05:42.113,0.89925,0.8994,1.00,1.37
2015.09.07 14:05:46.713,0.89924,0.8994,1.37,1.87
2015.09.07 14:05:49.018,0.89923,0.89938,1.37,1.37
2015.09.07 14:05:55.355,0.89923,0.89937,1.00,1.50
2015.09.07 14:06:09.751,0.89919,0.89935,1.37,1.50
2015.09.07 14:06:10.283,0.89918,0.89935,1.12,1.87
2015.09.07 14:06:10.805,0.89919,0.89935,1.37,1.87
2015.09.07 14:06:15.461,0.89919,0.89932,1.00,1.00
2015.09.07 14:06:15.776,0.89917,0.89932,1.67,1.50
2015.09.07 14:06:21.546,0.89918,0.89932,1.37,1.12
2015.09.07 14:06:21.648,0.89919,0.89933,1.50,1.87
2015.09.07 14:06:21.851,0.8992,0.89935,1.00,1.57
2015.09.07 14:06:22.389,0.89919,0.89934,1.87,1.00
2015.09.07 14:06:22.491,0.89921,0.89936,1.37,1.57
2015.09.07 14:06:23.033,0.89923,0.89937,1.12,1.50
2015.09.07 14:06:23.539,0.89923,0.89937,1.37,1.50
2015.09.07 14:06:24.099,0.89923,0.89937,1.87,1.37
2015.09.07 14:06:26.009,0.89922,0.89936,1.12,1.00
2015.09.07 14:06:28.346,0.89922,0.89936,1.37,1.00
2015.09.07 14:06:29.446,0.89922,0.89936,1.87,1.00
2015.09.07 14:06:29.966,0.89922,0.89936,1.87,1.00
2015.09.07 14:06:31.825,0.89922,0.89936,1.87,1.00
2015.09.07 14:06:32.475,0.89922,0.89936,1.37,1.12
2015.09.07 14:06:36.519,0.8992,0.89936,1.12,1.50
2015.09.07 14:06:37.142,0.89922,0.89936,1.00,1.37
2015.09.07 14:06:46.961,0.89918,0.89935,1.12,1.12
2015.09.07 14:06:52.567,0.8992,0.89936,1.37,2.32
2015.09.07 14:07:01.648,0.8992,0.89935,1.12,1.50
2015.09.07 14:07:03.840,0.89916,0.89932,1.87,1.75
2015.09.07 14:07:04.095,0.89916,0.89932,1.87,1.47
2015.09.07 14:07:04.502,0.89919,0.89934,1.00,1.47
2015.09.07 14:07:05.579,0.89918,0.89935,1.87,1.85
2015.09.07 14:07:06.723,0.89918,0.89935,1.87,1.85
2015.09.07 14:07:06.824,0.89918,0.89935,1.87,1.85
2015.09.07 14:07:08.810,0.89918,0.89935,1.87,1.85
2015.09.07 14:07:11.378,0.89923,0.89936,1.00,1.87
2015.09.07 14:07:12.801,0.89923,0.89937,1.00,1.87
2015.09.07 14:07:14.343,0.89921,0.89935,1.00,1.37
2015.09.07 14:07:14.962,0.89918,0.89935,1.75,1.87
2015.09.07 14:07:15.064,0.89919,0.89934,1.12,1.50
2015.09.07 14:07:15.217,0.89918,0.89932,1.00,1.00
2015.09.07 14:07:15.786,0.89918,0.89934,1.87,1.75
2015.09.07 14:07:16.341,0.89919,0.89935,1.50,1.37
2015.09.07 14:07:16.979,0.89919,0.89935,1.87,1.75
2015.09.07 14:07:17.655,0.89921,0.89935,1.00,1.37
2015.09.07 14:07:21.908,0.8992,0.89935,1.75,1.00
2015.09.07 14:07:26.707,0.89922,0.89937,1.37,1.87
2015.09.07 14:07:31.860,0.89925,0.89937,1.00,1.12
2015.09.07 14:07:32.012,0.89926,0.8994,1.00,1.50
2015.09.07 14:07:32.315,0.89925,0.89942,1.50,1.95
2015.09.07 14:07:32.366,0.89927,0.89941,1.00,1.00
2015.09.07 14:07:32.874,0.89927,0.89944,1.50,1.95
2015.09.07 14:07:33.833,0.89928,0.89945,1.87,3.00
2015.09.07 14:07:34.402,0.89929,0.89944,1.75,1.00
2015.09.07 14:07:36.157,0.89929,0.89945,1.12,1.75
2015.09.07 14:07:36.208,0.8993,0.89943,1.00,1.50
2015.09.07 14:07:36.301,0.89928,0.89943,1.12,1.95
2015.09.07 14:07:36.808,0.89927,0.89943,1.12,1.95
2015.09.07 14:07:38.740,0.89927,0.89943,1.75,1.57
2015.09.07 14:07:39.310,0.89929,0.89943,1.00,1.57
2015.09.07 14:07:43.292,0.89927,0.89943,1.75,1.57
2015.09.07 14:07:43.821,0.89926,0.89943,1.12,1.85
2015.09.07 14:07:44.409,0.89929,0.89943,1.00,1.50
2015.09.07 14:07:45.390,0.89929,0.89945,1.37,1.57
2015.09.07 14:07:45.721,0.89931,0.89946,1.37,1.87
2015.09.07 14:07:53.460,0.89933,0.89947,1.00,1.00
2015.09.07 14:07:57.965,0.89932,0.89948,1.87,1.37
2015.09.07 14:07:58.472,0.89935,0.89948,1.12,1.12
2015.09.07 14:08:16.028,0.89935,0.89947,1.00,1.00
2015.09.07 14:08:16.664,0.89932,0.89947,1.12,2.62
2015.09.07 14:08:17.280,0.89932,0.89947,1.37,2.62
2015.09.07 14:08:18.181,0.89931,0.89946,1.75,1.12
2015.09.07 14:08:18.327,0.8993,0.89946,1.75,2.25
2015.09.07 14:08:18.957,0.8993,0.89943,1.00,1.00
2015.09.07 14:08:23.291,0.89929,0.89945,1.75,2.32
2015.09.07 14:08:23.810,0.89931,0.89945,1.75,1.00
2015.09.07 14:08:24.460,0.8993,0.89945,1.12,1.12
2015.09.07 14:08:24.937,0.8993,0.89943,1.12,1.00
2015.09.07 14:08:25.443,0.89929,0.89943,1.37,1.00
2015.09.07 14:08:29.977,0.89927,0.89943,1.87,1.37
2015.09.07 14:08:33.928,0.89928,0.89943,1.00,1.37
2015.09.07 14:08:34.876,0.89927,0.89943,1.87,1.87
2015.09.07 14:08:38.761,0.89927,0.89943,1.87,1.87
2015.09.07 14:08:39.695,0.89928,0.89943,1.00,1.87
2015.09.07 14:08:40.117,0.89928,0.89943,1.00,3.00
2015.09.07 14:08:43.031,0.89925,0.8994,1.35,1.12
2015.09.07 14:08:47.712,0.89925,0.8994,1.67,1.12
2015.09.07 14:08:48.620,0.89925,0.89941,1.67,1.12
2015.09.07 14:08:48.824,0.89927,0.89942,1.50,1.75
2015.09.07 14:08:49.042,0.89928,0.89942,1.00,1.12
2015.09.07 14:08:49.598,0.89927,0.89942,1.87,1.12
2015.09.07 14:08:53.299,0.89933,0.89944,2.10,2.25
2015.09.07 14:08:53.452,0.89937,0.8995,1.00,1.00
2015.09.07 14:08:53.958,0.89936,0.89952,2.05,1.50
2015.09.07 14:08:58.617,0.89938,0.89953,1.87,1.12
2015.09.07 14:08:58.719,0.89938,0.89955,2.62,1.12
2015.09.07 14:08:59.235,0.8994,0.89957,1.12,2.25
2015.09.07 14:09:02.348,0.8994,0.89957,1.12,2.62
2015.09.07 14:09:09.267,0.89941,0.89955,1.00,1.50
2015.09.07 14:09:15.784,0.89939,0.89952,1.87,1.00
2015.09.07 14:09:16.314,0.89938,0.89952,1.37,1.50
2015.09.07 14:09:16.820,0.89938,0.89952,1.12,1.50
2015.09.07 14:09:17.362,0.89938,0.89952,1.12,1.50
2015.09.07 14:09:19.678,0.89937,0.89952,1.75,1.50
2015.09.07 14:09:20.080,0.89938,0.89952,1.37,1.50
2015.09.07 14:09:20.182,0.89938,0.89952,1.37,1.50
2015.09.07 14:09:25.950,0.8994,0.89954,1.00,1.12
2015.09.07 14:09:26.480,0.89939,0.89954,1.12,1.12
2015.09.07 14:09:27.532,0.8994,0.89957,1.12,2.25
2015.09.07 14:09:27.799,0.89943,0.89957,1.30,1.87
2015.09.07 14:09:30.919,0.89942,0.89956,1.12,1.00
2015.09.07 14:09:37.135,0.89943,0.89958,1.42,1.75
2015.09.07 14:09:37.186,0.89943,0.89958,1.80,1.12
2015.09.07 14:09:37.237,0.89947,0.89959,1.00,1.50
2015.09.07 14:09:52.290,0.89947,0.89959,1.37,1.00
2015.09.07 14:09:52.392,0.89947,0.89962,1.50,1.87
2015.09.07 14:09:52.494,0.89947,0.89962,1.50,1.50
2015.09.07 14:09:53.171,0.89947,0.89962,1.12,1.50
2015.09.07 14:09:54.180,0.89947,0.89962,1.50,1.50
2015.09.07 14:09:54.800,0.89947,0.89962,1.50,1.50
2015.09.07 14:09:55.148,0.89946,0.89959,1.12,1.00
2015.09.07 14:09:55.402,0.89942,0.89955,1.00,1.50
2015.09.07 14:09:55.604,0.8994,0.89953,3.00,1.37
2015.09.07 14:09:55.867,0.89932,0.89944,1.00,1.00
2015.09.07 14:09:56.171,0.89929,0.89945,1.00,1.87
2015.09.07 14:09:56.223,0.89928,0.89944,1.87,1.37
2015.09.07 14:09:56.780,0.89928,0.89941,1.00,1.00
2015.09.07 14:10:00.465,0.89928,0.89941,1.37,1.00
2015.09.07 14:10:00.830,0.89925,0.89942,3.37,1.12
2015.09.07 14:10:00.880,0.89925,0.89942,2.25,1.12
2015.09.07 14:10:02.197,0.89925,0.89942,1.50,1.12
2015.09.07 14:10:04.503,0.89925,0.89942,1.50,1.75
2015.09.07 14:10:09.414,0.89924,0.89942,1.87,1.87
2015.09.07 14:10:13.157,0.89924,0.89935,1.12,1.00
2015.09.07 14:10:13.374,0.89918,0.89933,2.25,1.75
2015.09.07 14:10:13.426,0.89918,0.89933,1.00,1.75
2015.09.07 14:10:28.946,0.89918,0.89931,1.50,1.00
2015.09.07 14:10:29.555,0.89918,0.89932,1.00,1.57
2015.09.07 14:10:29.657,0.89916,0.89931,1.00,1.75
2015.09.07 14:10:29.809,0.89909,0.89923,2.25,1.12
2015.09.07 14:10:29.860,0.89909,0.89923,1.87,1.37
2015.09.07 14:10:29.912,0.89905,0.89923,1.12,2.62
2015.09.07 14:10:29.963,0.89902,0.89921,2.32,1.37
2015.09.07 14:10:30.267,0.89902,0.89921,1.00,2.62
2015.09.07 14:10:30.777,0.89902,0.8992,1.00,1.12
2015.09.07 14:10:31.283,0.89899,0.8992,1.87,1.87
2015.09.07 14:10:31.803,0.89899,0.89919,1.87,1.10
2015.09.07 14:10:32.570,0.89899,0.89919,1.87,1.20
2015.09.07 14:10:33.988,0.89899,0.89919,1.75,1.10
2015.09.07 14:10:39.767,0.899,0.89919,2.25,1.95
2015.09.07 14:10:40.113,0.899,0.89919,2.62,1.95
2015.09.07 14:10:41.768,0.89902,0.89919,1.37,1.87
2015.09.07 14:10:41.894,0.89901,0.89919,1.12,1.87
2015.09.07 14:10:52.735,0.89901,0.89919,1.12,2.62
2015.09.07 14:10:54.439,0.89901,0.89919,1.37,2.62
2015.09.07 14:10:54.978,0.89902,0.89919,1.37,1.87
2015.09.07 14:10:55.637,0.89901,0.89919,1.12,1.87
2015.09.07 14:10:56.538,0.899,0.89919,1.50,1.87
2015.09.07 14:10:56.942,0.89901,0.89919,1.87,1.87
2015.09.07 14:10:58.645,0.89901,0.89919,1.87,1.87
2015.09.07 14:10:59.160,0.89902,0.89919,1.12,1.50
2015.09.07 14:10:59.664,0.89903,0.89919,1.37,1.00
2015.09.07 14:11:02.380,0.89902,0.89919,2.62,1.00
2015.09.07 14:11:06.732,0.89902,0.89919,2.62,1.00
2015.09.07 14:11:07.671,0.89906,0.89919,1.00,1.00
2015.09.07 14:11:08.238,0.89906,0.89919,1.37,1.00
2015.09.07 14:11:11.351,0.89906,0.89921,1.37,2.62
2015.09.07 14:11:12.238,0.89906,0.89921,1.37,3.00
2015.09.07 14:11:13.535,0.89903,0.89921,1.37,3.00
2015.09.07 14:11:14.078,0.89903,0.8992,1.37,1.57
2015.09.07 14:11:16.332,0.89902,0.8992,1.87,1.57
2015.09.07 14:11:16.638,0.89902,0.8992,1.87,1.57
2015.09.07 14:11:18.376,0.89902,0.8992,1.87,2.32
2015.09.07 14:11:18.764,0.89902,0.8992,1.87,2.62
2015.09.07 14:11:19.072,0.89899,0.89916,2.25,1.12
2015.09.07 14:11:19.174,0.89899,0.89915,1.50,1.37
2015.09.07 14:11:20.282,0.89899,0.89915,1.12,1.50
2015.09.07 14:11:20.785,0.89899,0.89915,1.12,1.50
2015.09.07 14:11:21.994,0.89899,0.89915,1.37,1.50
2015.09.07 14:11:22.795,0.89899,0.89915,1.37,1.50
2015.09.07 14:11:23.504,0.89899,0.89915,1.37,1.00
2015.09.07 14:11:24.610,0.89899,0.89916,1.37,1.95
2015.09.07 14:11:25.684,0.89899,0.89916,1.37,1.95
2015.09.07 14:11:28.764,0.89899,0.89915,1.37,1.00
2015.09.07 14:11:29.298,0.89899,0.89914,1.12,1.12
2015.09.07 14:11:29.804,0.89898,0.89914,1.12,1.12
2015.09.07 14:11:30.306,0.89898,0.89914,1.12,1.47
2015.09.07 14:11:34.336,0.89898,0.89915,1.37,1.87
2015.09.07 14:11:36.713,0.89897,0.89915,1.87,1.50
2015.09.07 14:11:37.018,0.89904,0.89922,1.50,1.87
2015.09.07 14:11:37.332,0.89912,0.89927,1.00,3.94
2015.09.07 14:11:37.891,0.89916,0.89927,1.00,2.36
2015.09.07 14:11:37.993,0.89916,0.89931,1.00,1.37
2015.09.07 14:11:38.045,0.89916,0.89931,1.00,1.10
2015.09.07 14:11:38.662,0.89916,0.89934,1.00,2.62
2015.09.07 14:11:39.169,0.89916,0.89933,1.12,1.57
2015.09.07 14:11:42.835,0.89916,0.89933,1.37,1.57
2015.09.07 14:11:43.337,0.89916,0.89933,1.12,1.57
2015.09.07 14:11:45.870,0.89916,0.89934,1.37,3.00
2015.09.07 14:11:47.489,0.89916,0.89933,1.37,1.57
2015.09.07 14:11:49.383,0.89916,0.89934,1.12,3.00
2015.09.07 14:11:49.890,0.89916,0.89934,1.12,2.62
2015.09.07 14:11:55.574,0.89916,0.89933,1.00,1.95
2015.09.07 14:12:00.798,0.89915,0.89932,1.00,1.50
2015.09.07 14:12:01.166,0.89913,0.89929,1.12,1.37
2015.09.07 14:12:01.219,0.89913,0.89929,1.12,1.37
2015.09.07 14:12:02.117,0.89913,0.89928,1.00,1.50
2015.09.07 14:12:02.522,0.8991,0.89928,1.87,3.37
2015.09.07 14:12:03.013,0.8991,0.89927,1.00,1.50
2015.09.07 14:12:03.115,0.89908,0.89926,1.10,1.87
2015.09.07 14:12:06.445,0.89908,0.89924,1.12,1.50
2015.09.07 14:12:07.242,0.89908,0.89925,1.12,1.87
2015.09.07 14:12:07.749,0.89908,0.89924,1.12,1.00
2015.09.07 14:12:08.295,0.89908,0.89925,1.12,1.87
2015.09.07 14:12:09.851,0.89908,0.89925,1.00,1.87
2015.09.07 14:12:11.680,0.89908,0.89924,1.00,1.50
2015.09.07 14:12:14.287,0.89908,0.89923,1.00,1.87
2015.09.07 14:12:14.389,0.89908,0.89923,1.00,1.12
2015.09.07 14:12:14.956,0.89908,0.89923,1.37,1.00
2015.09.07 14:12:15.506,0.89908,0.89923,1.12,1.12
2015.09.07 14:12:16.823,0.89908,0.89923,1.12,1.37
2015.09.07 14:12:17.491,0.89908,0.89923,1.12,1.12
2015.09.07 14:12:17.593,0.8991,0.89923,1.00,1.37
2015.09.07 14:12:19.416,0.8991,0.89923,1.00,1.37
2015.09.07 14:12:23.759,0.8991,0.89923,1.00,1.37
2015.09.07 14:12:25.462,0.8991,0.89923,1.00,1.00
2015.09.07 14:12:25.766,0.89912,0.89925,1.00,1.12
2015.09.07 14:12:26.069,0.89914,0.89928,1.00,1.00
2015.09.07 14:12:26.293,0.89916,0.89929,1.00,1.00
2015.09.07 14:12:26.800,0.89916,0.89931,1.00,1.37
2015.09.07 14:12:29.490,0.89916,0.89932,1.00,1.37
2015.09.07 14:12:29.997,0.89916,0.89932,1.12,1.37
2015.09.07 14:12:30.916,0.89918,0.89933,1.12,1.95
2015.09.07 14:12:31.642,0.89918,0.89932,1.00,1.37
2015.09.07 14:12:32.202,0.89918,0.89933,1.00,1.87
2015.09.07 14:12:32.723,0.89918,0.89933,1.00,1.87
2015.09.07 14:12:34.152,0.89918,0.89933,1.12,1.87
2015.09.07 14:12:34.637,0.89918,0.89933,1.12,1.87
2015.09.07 14:12:35.150,0.89919,0.89933,1.00,1.87
2015.09.07 14:12:37.932,0.89919,0.89933,1.00,1.87
2015.09.07 14:12:40.552,0.89919,0.89933,1.00,1.37
2015.09.07 14:12:40.654,0.89922,0.89932,1.00,1.00
2015.09.07 14:12:41.117,0.89925,0.89932,1.00,1.00
2015.09.07 14:12:41.168,0.89925,0.89936,1.00,1.00
2015.09.07 14:12:41.219,0.89927,0.89938,1.00,1.47
2015.09.07 14:12:41.270,0.89927,0.8994,1.00,1.50
2015.09.07 14:12:41.372,0.89925,0.89938,1.00,1.00
2015.09.07 14:12:41.575,0.89925,0.8994,1.00,1.00
2015.09.07 14:12:41.878,0.89923,0.89937,1.00,1.00
2015.09.07 14:12:42.133,0.89923,0.89939,1.00,1.00
2015.09.07 14:12:42.650,0.89923,0.89941,1.00,2.62
2015.09.07 14:12:42.702,0.89925,0.89941,1.00,1.87
2015.09.07 14:12:43.879,0.89925,0.89941,1.00,1.87
2015.09.07 14:12:47.587,0.89925,0.89941,1.00,1.87
2015.09.07 14:12:48.146,0.89924,0.89937,1.00,1.00
2015.09.07 14:12:48.477,0.89918,0.89928,1.87,1.30
2015.09.07 14:12:48.782,0.89924,0.89935,1.00,1.12
2015.09.07 14:12:48.895,0.89924,0.89937,1.00,1.87
2015.09.07 14:12:49.159,0.89922,0.89937,1.00,2.62
2015.09.07 14:12:51.049,0.89918,0.89932,1.75,1.60
2015.09.07 14:12:51.201,0.89916,0.89928,1.37,1.00
2015.09.07 14:12:51.404,0.89922,0.89929,1.00,1.12
2015.09.07 14:12:51.506,0.89922,0.89931,1.00,1.12
2015.09.07 14:12:51.608,0.89922,0.89935,1.00,1.37
2015.09.07 14:12:51.861,0.89922,0.89934,1.00,1.37
2015.09.07 14:12:52.365,0.89922,0.89934,1.00,1.75
2015.09.07 14:12:52.417,0.89922,0.89935,1.00,1.37
2015.09.07 14:12:52.570,0.89926,0.89935,1.00,1.37
2015.09.07 14:12:52.621,0.89924,0.89935,1.00,1.37
2015.09.07 14:12:52.672,0.89922,0.89936,1.00,1.12
2015.09.07 14:12:53.190,0.89922,0.89936,1.00,1.37
2015.09.07 14:12:53.706,0.89922,0.89934,1.00,1.00
2015.09.07 14:12:57.487,0.89922,0.89935,1.00,1.00
2015.09.07 14:13:01.772,0.89921,0.89935,1.00,1.00
2015.09.07 14:13:01.823,0.89919,0.89932,1.37,1.72
2015.09.07 14:13:01.874,0.89918,0.89932,2.25,2.10
2015.09.07 14:13:02.027,0.89918,0.89927,1.10,1.00
2015.09.07 14:13:02.135,0.89918,0.8993,1.00,1.37
2015.09.07 14:13:02.652,0.89917,0.8993,1.00,1.37
2015.09.07 14:13:03.309,0.89917,0.8993,1.00,1.87
2015.09.07 14:13:03.815,0.89917,0.89928,1.00,1.12
2015.09.07 14:13:04.812,0.89917,0.8993,1.00,1.87
2015.09.07 14:13:05.116,0.8992,0.89931,1.00,1.37
2015.09.07 14:13:05.431,0.89923,0.89933,1.00,1.37
2015.09.07 14:13:05.634,0.89927,0.89937,1.00,1.00
2015.09.07 14:13:07.230,0.89927,0.89938,1.12,1.00
2015.09.07 14:13:07.281,0.89929,0.89938,1.00,1.00
2015.09.07 14:13:07.433,0.89929,0.89942,1.12,1.12
2015.09.07 14:13:08.708,0.89929,0.89943,1.00,1.37
2015.09.07 14:13:08.912,0.89926,0.89941,1.87,1.37
2015.09.07 14:13:09.258,0.89925,0.89938,1.12,1.37
2015.09.07 14:13:10.294,0.89923,0.89938,1.12,1.37
2015.09.07 14:13:11.074,0.89927,0.89939,1.00,1.75
2015.09.07 14:13:11.328,0.89929,0.89943,1.37,1.12
2015.09.07 14:13:11.859,0.89929,0.89944,1.87,1.12
2015.09.07 14:13:15.148,0.89933,0.89944,1.00,1.75
2015.09.07 14:13:17.726,0.89934,0.89946,1.00,1.50
2015.09.07 14:13:17.879,0.89934,0.89947,1.00,1.00
2015.09.07 14:13:19.338,0.89934,0.89946,1.00,1.00
2015.09.07 14:13:19.863,0.89934,0.89945,1.00,1.00
2015.09.07 14:13:22.581,0.89933,0.89945,1.00,1.12
2015.09.07 14:13:29.474,0.89932,0.89945,1.50,1.12
2015.09.07 14:13:30.339,0.89932,0.89945,1.87,1.00
2015.09.07 14:13:30.844,0.89932,0.89945,1.87,1.00
2015.09.07 14:13:32.661,0.89932,0.89945,1.87,1.00
2015.09.07 14:13:36.281,0.89932,0.89945,1.87,1.00
2015.09.07 14:13:36.383,0.89932,0.89945,1.12,1.12
2015.09.07 14:13:41.170,0.89933,0.89945,1.00,1.12
2015.09.07 14:13:41.271,0.89933,0.89947,1.00,1.87
2015.09.07 14:13:46.312,0.89934,0.89947,1.00,1.12
2015.09.07 14:14:01.507,0.89934,0.89946,1.00,1.12
2015.09.07 14:14:03.104,0.89934,0.89945,1.00,1.00
2015.09.07 14:14:03.654,0.89933,0.89946,1.00,1.12
2015.09.07 14:14:05.704,0.89932,0.89945,1.00,1.50
2015.09.07 14:14:05.755,0.89932,0.89943,1.00,1.37
2015.09.07 14:14:05.941,0.89929,0.89943,1.12,1.87
2015.09.07 14:14:06.144,0.89932,0.89942,1.00,1.00
2015.09.07 14:14:06.672,0.89932,0.89943,1.00,1.12
2015.09.07 14:14:09.670,0.89933,0.89946,1.00,2.10
2015.09.07 14:14:09.721,0.89933,0.89945,1.00,1.00
2015.09.07 14:14:15.144,0.89933,0.89946,1.00,2.05
2015.09.07 14:14:17.107,0.89934,0.89946,1.00,2.05
2015.09.07 14:14:17.651,0.89934,0.89945,1.00,1.00
2015.09.07 14:14:18.162,0.89934,0.89946,1.00,2.05
2015.09.07 14:14:19.470,0.89934,0.89946,1.00,1.72
2015.09.07 14:14:25.663,0.89934,0.89946,1.00,1.30
2015.09.07 14:14:29.530,0.89932,0.89946,1.87,1.30
2015.09.07 14:14:29.581,0.89932,0.89946,1.50,1.67
2015.09.07 14:14:30.144,0.89932,0.89944,1.00,1.00
2015.09.07 14:14:30.649,0.89932,0.89943,1.00,1.00
2015.09.07 14:14:31.655,0.89932,0.89946,1.00,1.87
2015.09.07 14:14:32.176,0.89932,0.89947,1.12,1.12
2015.09.07 14:14:33.057,0.89932,0.89946,1.00,1.75
2015.09.07 14:14:33.558,0.89932,0.89946,1.12,1.37
2015.09.07 14:14:34.076,0.89932,0.89946,1.12,1.12
2015.09.07 14:14:34.798,0.89932,0.89945,1.12,1.00
2015.09.07 14:14:36.001,0.89934,0.89945,1.00,1.00
2015.09.07 14:14:43.885,0.89935,0.89946,1.00,1.37
2015.09.07 14:14:44.258,0.89935,0.89947,1.00,1.00
2015.09.07 14:14:45.186,0.89935,0.89948,1.00,1.12
2015.09.07 14:14:52.384,0.89935,0.89945,1.00,1.37
2015.09.07 14:14:54.019,0.89933,0.89945,1.12,1.37
2015.09.07 14:15:04.897,0.89934,0.89946,1.00,1.12
2015.09.07 14:15:06.068,0.89932,0.89945,1.37,1.37
2015.09.07 14:15:09.428,0.89933,0.89945,1.00,1.12
2015.09.07 14:15:09.967,0.89933,0.89945,1.00,1.37
2015.09.07 14:15:11.678,0.89931,0.89945,1.00,1.12
2015.09.07 14:15:14.796,0.8993,0.89945,1.12,1.87
2015.09.07 14:15:15.179,0.89929,0.89943,1.00,1.87
2015.09.07 14:15:15.483,0.89926,0.8994,1.12,1.87
2015.09.07 14:15:24.366,0.89924,0.89937,1.00,1.00
2015.09.07 14:15:24.903,0.89924,0.89936,1.00,1.00
2015.09.07 14:15:26.440,0.89922,0.89936,1.50,1.12
2015.09.07 14:15:26.545,0.89923,0.89936,1.00,1.37
2015.09.07 14:15:30.944,0.8993,0.89935,1.00,1.00
2015.09.07 14:15:32.865,0.89929,0.89934,1.00,1.00
2015.09.07 14:15:41.575,0.89928,0.89935,1.00,1.75
2015.09.07 14:15:42.387,0.89928,0.89934,1.00,1.37
2015.09.07 14:15:47.110,0.89927,0.89932,1.00,1.00
2015.09.07 14:15:51.469,0.89925,0.89932,1.00,1.00
2015.09.07 14:15:51.521,0.89925,0.89934,1.00,1.12
2015.09.07 14:15:52.040,0.89924,0.8993,1.00,1.37
2015.09.07 14:15:52.543,0.89923,0.89929,1.00,1.37
2015.09.07 14:15:53.494,0.89924,0.89929,1.00,1.00
2015.09.07 14:16:09.450,0.89923,0.89929,1.00,1.00
2015.09.07 14:16:12.497,0.89924,0.89929,1.00,1.00
2015.09.07 14:16:12.649,0.89927,0.89935,1.00,1.87
2015.09.07 14:16:19.743,0.89925,0.89934,1.00,1.37
2015.09.07 14:16:21.122,0.89922,0.89936,1.12,1.75
2015.09.07 14:16:21.173,0.89924,0.89936,1.00,1.75
2015.09.07 14:16:21.376,0.89924,0.89938,1.37,1.12
2015.09.07 14:16:21.880,0.89926,0.8994,1.12,1.75
2015.09.07 14:16:23.999,0.89924,0.89939,1.50,1.37
2015.09.07 14:16:24.101,0.89923,0.89937,1.12,1.00
2015.09.07 14:16:24.203,0.89922,0.89937,1.50,1.12
2015.09.07 14:16:29.897,0.89921,0.89935,1.50,1.37
2015.09.07 14:16:31.433,0.89921,0.89935,1.12,1.75
2015.09.07 14:16:34.641,0.89921,0.89934,1.37,1.75
2015.09.07 14:16:46.836,0.89921,0.89934,1.00,1.75
2015.09.07 14:16:47.142,0.89924,0.89934,1.00,1.75
2015.09.07 14:16:49.282,0.89924,0.89935,1.00,1.50
2015.09.07 14:16:59.806,0.89923,0.89935,1.00,1.75
2015.09.07 14:17:00.391,0.89922,0.89935,1.00,1.75
2015.09.07 14:17:03.177,0.89923,0.89935,1.00,1.75
2015.09.07 14:17:11.110,0.89924,0.89934,1.00,2.85
2015.09.07 14:17:11.161,0.89919,0.89933,1.12,1.75
2015.09.07 14:17:11.313,0.89918,0.8993,1.00,1.12
2015.09.07 14:17:11.414,0.89916,0.89929,1.00,1.50
2015.09.07 14:17:11.516,0.89916,0.89927,1.00,1.12
2015.09.07 14:17:11.828,0.89914,0.89926,1.00,1.12
2015.09.07 14:17:12.457,0.89913,0.89923,1.00,1.00
2015.09.07 14:17:13.217,0.89913,0.89923,1.00,1.37
2015.09.07 14:17:15.334,0.89913,0.89923,1.00,1.00
2015.09.07 14:17:18.174,0.89913,0.89926,1.00,1.87
2015.09.07 14:17:20.060,0.89913,0.89925,1.00,1.00
2015.09.07 14:17:22.937,0.89914,0.89925,1.00,1.00
2015.09.07 14:17:24.482,0.89916,0.89927,1.00,1.95
2015.09.07 14:17:24.635,0.89916,0.89929,1.12,1.12
2015.09.07 14:17:24.787,0.89918,0.8993,1.00,1.12
2015.09.07 14:17:29.838,0.89917,0.89929,1.12,1.00
2015.09.07 14:17:30.134,0.8992,0.89934,1.00,1.57
2015.09.07 14:17:31.033,0.89923,0.89936,1.00,2.32
2015.09.07 14:17:33.457,0.89923,0.89936,1.00,1.37
2015.09.07 14:17:34.736,0.89925,0.89936,1.00,1.37
2015.09.07 14:17:35.046,0.89923,0.89932,1.00,1.00
2015.09.07 14:17:35.148,0.8992,0.89932,1.00,1.12
2015.09.07 14:17:35.453,0.8992,0.89932,1.00,2.25
2015.09.07 14:17:35.656,0.8992,0.89933,1.00,2.32
2015.09.07 14:17:36.543,0.89921,0.89933,1.00,1.20
2015.09.07 14:17:36.594,0.89923,0.89933,1.00,1.20
2015.09.07 14:17:36.645,0.89923,0.89935,1.00,1.75
2015.09.07 14:17:36.747,0.89924,0.89937,1.00,3.00
2015.09.07 14:17:37.191,0.89924,0.89937,1.00,1.00
2015.09.07 14:17:38.120,0.89926,0.89937,1.00,1.00
2015.09.07 14:17:38.637,0.89927,0.89939,1.00,1.37
2015.09.07 14:17:39.143,0.89927,0.89939,1.00,1.12
2015.09.07 14:17:39.697,0.8993,0.89939,1.00,1.00
2015.09.07 14:17:40.204,0.89929,0.89941,1.00,1.37
2015.09.07 14:17:43.741,0.89929,0.89944,1.12,3.00
2015.09.07 14:17:43.894,0.89932,0.89943,1.00,1.20
2015.09.07 14:17:45.114,0.89932,0.89944,1.00,1.12
2015.09.07 14:17:54.710,0.8993,0.89944,1.87,1.00
2015.09.07 14:18:00.614,0.89929,0.89945,1.50,3.00
2015.09.07 14:18:01.893,0.89927,0.89943,2.25,3.00
2015.09.07 14:18:02.397,0.89927,0.89943,2.25,3.00
2015.09.07 14:18:03.001,0.89927,0.8994,1.87,1.00
2015.09.07 14:18:03.102,0.89927,0.8994,1.12,1.87
2015.09.07 14:18:03.204,0.89927,0.89939,1.00,2.62
2015.09.07 14:18:03.510,0.89923,0.89938,1.87,1.00
2015.09.07 14:18:04.091,0.89923,0.89939,1.87,1.87
2015.09.07 14:18:04.597,0.89922,0.89938,1.37,2.70
2015.09.07 14:18:05.114,0.8992,0.89935,1.75,1.12
2015.09.07 14:18:05.217,0.8992,0.89935,1.37,1.50
2015.09.07 14:18:17.098,0.8992,0.89935,1.12,1.50
2015.09.07 14:18:17.665,0.89922,0.89935,1.12,1.37
2015.09.07 14:18:18.187,0.89921,0.89935,1.00,1.50
2015.09.07 14:18:18.693,0.8992,0.89935,1.50,1.50
2015.09.07 14:18:22.142,0.89921,0.89936,1.50,1.00
2015.09.07 14:18:22.908,0.89921,0.89935,1.50,1.00
2015.09.07 14:18:23.557,0.8992,0.89935,1.87,1.87
2015.09.07 14:18:26.404,0.8992,0.89935,1.50,2.25
2015.09.07 14:18:26.941,0.8992,0.89935,1.50,2.25
2015.09.07 14:18:32.616,0.89918,0.89934,1.87,1.37
2015.09.07 14:18:35.176,0.8992,0.89936,1.12,1.50
2015.09.07 14:18:35.495,0.89922,0.89936,1.87,1.50
2015.09.07 14:18:38.630,0.89922,0.89937,1.87,2.25
2015.09.07 14:18:41.655,0.89922,0.89938,1.87,1.95
2015.09.07 14:18:46.064,0.89922,0.89936,1.00,1.37
2015.09.07 14:18:48.207,0.89922,0.89937,1.50,1.50
2015.09.07 14:18:51.335,0.89922,0.89935,1.50,1.00
2015.09.07 14:18:51.387,0.89922,0.89935,1.00,1.50
2015.09.07 14:18:51.917,0.89922,0.89932,1.00,1.00
2015.09.07 14:18:52.190,0.89918,0.89932,1.12,1.00
2015.09.07 14:19:00.182,0.89918,0.89932,1.00,1.37
2015.09.07 14:19:03.686,0.89918,0.89932,1.00,2.62
2015.09.07 14:19:04.062,0.89917,0.89931,1.00,1.12
2015.09.07 14:19:04.315,0.89911,0.89927,1.12,1.50
2015.09.07 14:19:04.620,0.89912,0.89927,1.12,1.00
2015.09.07 14:19:05.127,0.89912,0.89928,1.87,1.37
2015.09.07 14:19:05.733,0.8991,0.89926,2.62,1.37
2015.09.07 14:19:10.425,0.89908,0.89925,1.87,1.87
2015.09.07 14:19:10.628,0.89908,0.89924,1.12,2.62
2015.09.07 14:19:13.094,0.89908,0.89923,1.12,1.00
2015.09.07 14:19:19.002,0.8991,0.89924,1.37,1.50
2015.09.07 14:19:23.525,0.89909,0.89923,1.12,1.00
2015.09.07 14:19:25.631,0.89911,0.89922,1.00,1.00
2015.09.07 14:19:26.436,0.89909,0.89923,1.12,1.00
2015.09.07 14:19:26.772,0.89914,0.89927,1.87,1.00
2015.09.07 14:19:26.925,0.89917,0.89931,1.50,1.12
2015.09.07 14:19:27.027,0.89917,0.89933,2.62,1.12
2015.09.07 14:19:27.331,0.89922,0.89933,1.00,1.12
2015.09.07 14:19:28.198,0.89923,0.89933,1.00,1.00
2015.09.07 14:19:28.502,0.89925,0.89937,1.12,1.00
2015.09.07 14:19:28.769,0.89933,0.89945,1.12,1.00
2015.09.07 14:19:28.922,0.89933,0.89947,1.50,1.00
2015.09.07 14:19:29.629,0.89933,0.89948,1.12,1.00
2015.09.07 14:19:31.643,0.89935,0.89949,1.00,1.12
2015.09.07 14:19:31.975,0.89938,0.89951,1.50,1.00
2015.09.07 14:19:36.743,0.89939,0.89951,1.12,1.00
2015.09.07 14:19:36.946,0.89939,0.89954,1.12,2.25
2015.09.07 14:19:37.224,0.89939,0.89951,1.12,1.50
2015.09.07 14:19:37.275,0.89937,0.89951,1.12,1.00
2015.09.07 14:19:37.377,0.89935,0.89951,2.25,1.12
2015.09.07 14:19:37.943,0.89936,0.8995,1.37,1.00
2015.09.07 14:19:37.995,0.89939,0.89952,1.00,1.37
2015.09.07 14:19:38.501,0.89939,0.89953,1.12,1.50
2015.09.07 14:19:40.154,0.89939,0.89955,1.87,1.57
2015.09.07 14:19:40.689,0.89942,0.89954,1.00,1.00
2015.09.07 14:19:41.218,0.89939,0.89954,2.25,1.00
2015.09.07 14:19:41.745,0.89942,0.89954,1.00,1.00
2015.09.07 14:19:42.360,0.89942,0.89954,1.00,1.50
2015.09.07 14:19:45.258,0.89943,0.89955,1.00,1.75
2015.09.07 14:19:47.098,0.89941,0.89953,1.00,1.12
2015.09.07 14:19:47.402,0.89939,0.89951,1.37,1.00
2015.09.07 14:19:47.845,0.89937,0.89952,2.25,1.50
2015.09.07 14:19:47.998,0.89937,0.8995,1.00,1.50
2015.09.07 14:19:48.517,0.89937,0.8995,1.00,1.87
2015.09.07 14:19:51.329,0.89935,0.89949,1.50,1.75
2015.09.07 14:19:51.582,0.89935,0.89948,1.00,1.37
2015.09.07 14:19:51.836,0.89937,0.89948,1.00,1.37
2015.09.07 14:19:52.380,0.89937,0.89948,1.00,1.00
2015.09.07 14:19:53.042,0.89937,0.89948,1.00,1.37
2015.09.07 14:19:53.357,0.89937,0.89948,1.00,1.12
2015.09.07 14:19:56.000,0.89934,0.89946,1.00,1.87
2015.09.07 14:19:57.688,0.89937,0.89945,1.00,1.00
2015.09.07 14:19:59.072,0.89933,0.89946,1.00,1.87
2015.09.07 14:19:59.606,0.89933,0.89945,1.00,1.37
2015.09.07 14:20:00.403,0.89932,0.89945,1.50,1.37
2015.09.07 14:20:00.914,0.89933,0.89945,1.50,1.37
2015.09.07 14:20:03.153,0.89933,0.89945,1.50,1.12
2015.09.07 14:20:03.613,0.89929,0.89944,1.50,1.50
2015.09.07 14:20:03.816,0.89929,0.8994,1.00,1.00
2015.09.07 14:20:04.405,0.89928,0.8994,1.00,1.00
2015.09.07 14:20:05.570,0.89929,0.8994,1.00,1.00
2015.09.07 14:20:06.117,0.89929,0.89942,1.00,1.12
2015.09.07 14:20:07.472,0.89929,0.89942,1.00,1.37
2015.09.07 14:20:07.983,0.89929,0.89942,1.00,1.37
2015.09.07 14:20:08.846,0.89929,0.89942,1.00,1.00
2015.09.07 14:20:09.384,0.8993,0.89943,1.00,1.50
2015.09.07 14:20:15.181,0.89931,0.89943,1.00,1.00
2015.09.07 14:20:15.486,0.89933,0.89947,1.12,1.87
2015.09.07 14:20:15.668,0.89933,0.89947,1.50,1.12
2015.09.07 14:20:15.979,0.89936,0.89949,1.00,1.87
2015.09.07 14:20:17.322,0.89938,0.89949,1.00,1.87
2015.09.07 14:20:17.425,0.89938,0.89951,1.00,1.87
2015.09.07 14:20:18.101,0.89938,0.89951,1.00,1.87
2015.09.07 14:20:18.603,0.89936,0.89949,1.12,1.00
2015.09.07 14:20:19.123,0.89936,0.8995,1.00,1.87
2015.09.07 14:20:20.504,0.89936,0.89949,1.00,1.00
2015.09.07 14:20:21.042,0.89936,0.8995,1.00,1.87
2015.09.07 14:20:21.580,0.89936,0.89947,1.00,1.00
2015.09.07 14:20:22.868,0.89935,0.89947,1.00,1.00
2015.09.07 14:20:23.400,0.89936,0.89947,1.00,1.12
2015.09.07 14:20:23.653,0.89936,0.89947,1.00,1.37
2015.09.07 14:20:24.017,0.89935,0.89947,1.00,1.00
2015.09.07 14:20:24.536,0.89936,0.89947,1.00,1.00
2015.09.07 14:20:25.060,0.89935,0.89947,1.00,1.37
2015.09.07 14:20:27.165,0.89935,0.89947,1.00,1.87
2015.09.07 14:20:27.716,0.89935,0.89947,1.00,1.87
2015.09.07 14:20:30.531,0.89934,0.89947,1.00,1.37
2015.09.07 14:20:30.632,0.89936,0.89947,1.00,1.12
2015.09.07 14:20:31.147,0.89936,0.89946,1.00,1.00
2015.09.07 14:20:36.183,0.89936,0.89948,1.00,1.00
2015.09.07 14:20:36.833,0.89937,0.89949,1.00,1.47
2015.09.07 14:20:36.935,0.89939,0.89949,1.00,1.47
2015.09.07 14:20:37.441,0.89937,0.8995,1.50,1.67
2015.09.07 14:20:38.587,0.89938,0.8995,1.00,1.67
2015.09.07 14:20:41.287,0.89937,0.8995,1.50,1.72
2015.09.07 14:20:41.901,0.89938,0.89949,1.00,1.00
2015.09.07 14:20:44.815,0.89938,0.89949,1.00,1.50
2015.09.07 14:20:47.586,0.89937,0.8995,1.50,2.47
2015.09.07 14:20:47.867,0.89937,0.89949,1.50,1.00
2015.09.07 14:20:48.792,0.89938,0.89949,1.00,1.00
2015.09.07 14:20:52.550,0.89937,0.89951,1.50,2.25
2015.09.07 14:20:54.115,0.89938,0.8995,1.00,1.37
2015.09.07 14:21:02.990,0.89936,0.89949,1.00,1.50
2015.09.07 14:21:03.142,0.89936,0.89946,1.00,1.00
2015.09.07 14:21:04.441,0.89935,0.89946,1.00,1.00
2015.09.07 14:21:05.940,0.89933,0.89946,1.12,1.12
2015.09.07 14:21:06.296,0.89933,0.89944,1.12,1.00
2015.09.07 14:21:06.397,0.89931,0.89944,1.12,1.37
2015.09.07 14:21:06.549,0.8993,0.89942,1.37,1.37
2015.09.07 14:21:06.702,0.89928,0.89941,1.50,1.37
2015.09.07 14:21:07.189,0.89927,0.89939,1.00,1.37
2015.09.07 14:21:07.241,0.89925,0.89939,1.00,2.62
2015.09.07 14:21:07.770,0.89925,0.89939,1.00,2.62
2015.09.07 14:21:08.579,0.89923,0.89935,1.12,1.00
2015.09.07 14:21:08.895,0.89921,0.89934,1.00,1.87
2015.09.07 14:21:09.401,0.8992,0.89933,1.00,1.87
2015.09.07 14:21:09.705,0.8992,0.89933,1.37,1.87
2015.09.07 14:21:09.908,0.89926,0.89937,1.00,1.00
2015.09.07 14:21:10.201,0.89928,0.89937,1.00,1.00
2015.09.07 14:21:10.303,0.89928,0.8994,1.00,1.37
2015.09.07 14:21:10.709,0.89931,0.89941,1.00,1.37
2015.09.07 14:21:10.811,0.89931,0.89942,1.00,1.00
2015.09.07 14:21:11.013,0.89931,0.89944,1.00,1.00
2015.09.07 14:21:17.002,0.89932,0.89944,1.00,1.00
2015.09.07 14:21:22.642,0.89931,0.89944,1.00,1.00
2015.09.07 14:21:23.919,0.89932,0.89944,1.00,1.00
2015.09.07 14:21:24.425,0.89931,0.89944,1.12,1.12
2015.09.07 14:21:25.880,0.89932,0.89944,1.00,1.00
2015.09.07 14:21:26.389,0.89931,0.89944,1.00,1.00
2015.09.07 14:21:29.098,0.89931,0.89945,1.12,1.00
2015.09.07 14:21:30.282,0.89931,0.89946,1.12,2.62
2015.09.07 14:21:30.689,0.89929,0.89943,1.12,1.00
2015.09.07 14:21:32.189,0.89931,0.89943,1.00,1.00
2015.09.07 14:21:32.491,0.89931,0.89946,1.12,2.70
2015.09.07 14:21:33.099,0.89933,0.89945,1.00,1.00
2015.09.07 14:21:35.835,0.89931,0.89945,1.12,1.00
2015.09.07 14:21:36.220,0.89931,0.89946,1.12,1.87
2015.09.07 14:21:37.051,0.89931,0.89945,1.12,1.00
2015.09.07 14:21:37.858,0.89932,0.89945,1.00,1.00
2015.09.07 14:21:38.409,0.89931,0.89945,1.12,1.00
2015.09.07 14:21:39.064,0.89931,0.89946,1.12,1.12
2015.09.07 14:21:39.280,0.89931,0.89941,1.12,2.10
2015.09.07 14:21:39.382,0.89927,0.89939,1.50,1.35
2015.09.07 14:21:39.535,0.89927,0.89936,1.00,2.10
2015.09.07 14:21:39.586,0.89923,0.89936,1.00,2.47
2015.09.07 14:21:39.966,0.89922,0.89934,1.00,2.10
2015.09.07 14:21:41.350,0.89922,0.89933,1.00,1.12
2015.09.07 14:21:43.111,0.89921,0.89933,1.00,1.12
2015.09.07 14:21:43.656,0.89921,0.89932,1.00,1.00
2015.09.07 14:21:44.160,0.89921,0.89933,1.00,1.12
2015.09.07 14:21:47.035,0.89921,0.89932,1.00,1.00
2015.09.07 14:21:48.658,0.89921,0.89933,1.00,1.12
2015.09.07 14:21:51.016,0.89919,0.89932,1.12,1.50
2015.09.07 14:21:51.671,0.89919,0.89932,1.12,1.50
2015.09.07 14:21:51.941,0.89914,0.89929,1.12,1.87
2015.09.07 14:21:52.460,0.89914,0.89927,1.00,1.37
2015.09.07 14:21:52.961,0.89914,0.89926,1.00,1.72
2015.09.07 14:21:54.104,0.89914,0.89926,1.00,2.05
2015.09.07 14:21:54.605,0.89914,0.89925,1.00,1.00
2015.09.07 14:22:02.013,0.89914,0.89925,1.00,1.37
2015.09.07 14:22:07.316,0.89912,0.89923,1.00,1.00
2015.09.07 14:22:09.465,0.89912,0.89923,1.00,1.87
2015.09.07 14:22:09.971,0.89911,0.89921,1.00,1.00
2015.09.07 14:22:10.358,0.89909,0.89921,1.00,1.37
2015.09.07 14:22:10.511,0.89906,0.8992,1.12,1.12
2015.09.07 14:22:10.713,0.89905,0.89918,1.00,1.12
2015.09.07 14:22:10.866,0.89902,0.89915,1.00,1.00
2015.09.07 14:22:11.006,0.89902,0.89915,1.00,1.37
2015.09.07 14:22:11.108,0.89899,0.89911,1.00,1.00
2015.09.07 14:22:11.211,0.89897,0.89912,1.00,1.12
2015.09.07 14:22:11.526,0.89897,0.89907,1.00,1.00
2015.09.07 14:22:12.048,0.89897,0.8991,1.00,1.37
2015.09.07 14:22:12.482,0.89899,0.89911,1.00,1.12
2015.09.07 14:22:12.533,0.89899,0.89913,1.00,1.87
2015.09.07 14:22:14.096,0.89901,0.89913,1.00,1.12
2015.09.07 14:22:14.198,0.89901,0.89914,1.00,1.00
2015.09.07 14:22:16.069,0.89903,0.89916,1.00,1.75
2015.09.07 14:22:16.594,0.89903,0.89916,1.00,1.37
2015.09.07 14:22:16.645,0.899,0.89916,1.50,1.37
2015.09.07 14:22:16.899,0.89899,0.89912,1.50,1.00
2015.09.07 14:22:17.345,0.89903,0.89915,1.00,1.75
2015.09.07 14:22:17.868,0.89898,0.89914,1.87,1.87
2015.09.07 14:22:18.605,0.899,0.89915,1.37,1.12
2015.09.07 14:22:18.759,0.89902,0.89916,1.50,1.87
2015.09.07 14:22:19.277,0.89903,0.89917,1.00,1.12
2015.09.07 14:22:19.378,0.89904,0.89917,1.00,1.12
2015.09.07 14:22:19.429,0.89907,0.89918,1.00,1.50
2015.09.07 14:22:19.531,0.89907,0.89919,1.12,1.00
2015.09.07 14:22:19.734,0.89908,0.89921,2.25,1.12
2015.09.07 14:22:20.285,0.89909,0.89923,1.00,1.37
2015.09.07 14:22:22.242,0.89909,0.89923,1.00,1.12
2015.09.07 14:22:22.344,0.89907,0.89923,2.25,1.75
2015.09.07 14:22:22.602,0.89907,0.89922,2.25,1.00
2015.09.07 14:22:23.505,0.89909,0.89923,1.00,1.37
2015.09.07 14:22:26.864,0.89909,0.89923,1.50,1.00
2015.09.07 14:22:27.982,0.89912,0.89925,1.00,1.75
2015.09.07 14:22:40.651,0.89912,0.89924,1.00,1.75
2015.09.07 14:22:40.804,0.8991,0.89923,1.00,1.50
2015.09.07 14:22:46.055,0.89911,0.89923,1.00,1.50
2015.09.07 14:22:47.763,0.89909,0.89923,1.12,1.37
2015.09.07 14:22:48.067,0.89909,0.89921,1.00,1.75
2015.09.07 14:22:48.525,0.89906,0.89921,1.50,1.12
2015.09.07 14:22:49.028,0.89906,0.89918,1.00,1.00
2015.09.07 14:22:50.021,0.89908,0.89921,1.00,1.12
2015.09.07 14:22:50.558,0.89908,0.89921,1.00,1.37
2015.09.07 14:23:00.900,0.89908,0.89923,1.50,1.12
2015.09.07 14:23:02.248,0.89909,0.89924,1.00,1.75
2015.09.07 14:23:02.595,0.89908,0.89921,1.00,1.12
2015.09.07 14:23:02.647,0.89905,0.8992,1.50,1.37
2015.09.07 14:23:02.799,0.89905,0.89919,1.00,1.12
2015.09.07 14:23:03.328,0.89905,0.89918,1.00,1.12
2015.09.07 14:23:04.942,0.89903,0.89918,1.00,1.12
2015.09.07 14:23:11.356,0.89904,0.89917,1.00,1.12
2015.09.07 14:23:12.118,0.89902,0.89917,1.00,1.12
2015.09.07 14:23:12.380,0.89902,0.89916,1.00,1.12
2015.09.07 14:23:16.615,0.89902,0.89916,1.37,1.12
2015.09.07 14:23:16.716,0.89902,0.89917,1.37,1.12
2015.09.07 14:23:17.614,0.89902,0.89917,1.12,1.12
2015.09.07 14:23:18.820,0.89903,0.89916,1.00,1.37
2015.09.07 14:23:18.871,0.89903,0.89916,1.00,1.75
2015.09.07 14:23:19.372,0.89903,0.89915,1.00,1.12
2015.09.07 14:23:19.677,0.89901,0.89914,1.12,1.12
2015.09.07 14:23:19.931,0.89901,0.89913,1.00,1.12
2015.09.07 14:23:20.032,0.89901,0.89914,1.00,1.12
2015.09.07 14:23:20.134,0.89901,0.89916,1.12,1.12
2015.09.07 14:23:20.618,0.89905,0.89916,1.00,1.12
2015.09.07 14:23:20.821,0.89905,0.89918,1.00,1.87
2015.09.07 14:23:20.973,0.89903,0.89918,1.00,1.87
2015.09.07 14:23:21.329,0.89905,0.89917,1.00,1.12
2015.09.07 14:23:21.831,0.89906,0.89916,1.00,1.00
2015.09.07 14:23:35.163,0.89907,0.89916,1.00,1.00
2015.09.07 14:23:37.755,0.89909,0.89916,1.00,1.00
2015.09.07 14:23:38.265,0.89909,0.8992,1.00,1.75
2015.09.07 14:23:39.643,0.89908,0.8992,1.00,2.25
2015.09.07 14:23:39.947,0.89905,0.89917,1.00,1.00
2015.09.07 14:23:40.049,0.89905,0.89917,1.00,1.75
2015.09.07 14:23:56.218,0.89904,0.89915,1.00,1.00
2015.09.07 14:23:56.924,0.89905,0.89917,1.00,1.12
2015.09.07 14:23:58.166,0.89907,0.89918,1.00,1.12
2015.09.07 14:23:58.349,0.89909,0.89921,1.00,1.12
2015.09.07 14:23:58.871,0.89907,0.8992,1.00,1.50
2015.09.07 14:23:59.074,0.89905,0.8992,1.00,1.75
2015.09.07 14:23:59.607,0.89905,0.89918,1.00,1.12
2015.09.07 14:24:01.478,0.89905,0.89917,1.00,1.37
2015.09.07 14:24:02.550,0.89904,0.89917,1.00,1.12
2015.09.07 14:24:02.854,0.89904,0.89919,1.00,3.00
2015.09.07 14:24:03.109,0.89904,0.89918,1.00,1.37
2015.09.07 14:24:04.840,0.89906,0.89915,1.00,1.00
2015.09.07 14:24:04.941,0.89908,0.89918,1.00,1.00
2015.09.07 14:24:05.043,0.89908,0.89921,1.00,1.50
2015.09.07 14:24:05.145,0.8991,0.89922,1.00,1.57
2015.09.07 14:24:15.121,0.8991,0.89922,1.00,1.12
2015.09.07 14:24:15.625,0.8991,0.89921,1.00,1.00
2015.09.07 14:24:29.181,0.8991,0.89921,1.00,1.37
2015.09.07 14:24:33.402,0.8991,0.89921,1.00,1.12
2015.09.07 14:24:33.997,0.89909,0.89921,1.00,1.00
2015.09.07 14:24:35.337,0.89909,0.89921,1.00,1.37
2015.09.07 14:24:41.981,0.89912,0.89921,1.00,1.37
2015.09.07 14:24:42.505,0.8991,0.89923,1.00,1.12
2015.09.07 14:24:42.972,0.89907,0.89923,2.25,1.12
2015.09.07 14:24:46.580,0.89907,0.89922,2.62,1.00
2015.09.07 14:24:50.989,0.89907,0.89923,2.62,1.12
2015.09.07 14:24:51.525,0.89907,0.8992,1.00,1.00
2015.09.07 14:24:51.880,0.89907,0.8992,1.50,1.50
2015.09.07 14:24:55.423,0.89907,0.8992,1.50,1.37
2015.09.07 14:24:55.972,0.89908,0.89922,1.87,1.12
2015.09.07 14:24:57.356,0.8991,0.89924,1.00,1.12
2015.09.07 14:24:57.675,0.89914,0.89925,1.00,1.75
2015.09.07 14:24:59.820,0.89912,0.89923,1.00,1.12
2015.09.07 14:24:59.922,0.89911,0.89921,1.00,1.37
2015.09.07 14:25:00.226,0.89911,0.8992,1.00,1.85
2015.09.07 14:25:00.720,0.89912,0.89922,1.00,1.20
2015.09.07 14:25:00.822,0.89912,0.89923,1.00,1.00
2015.09.07 14:25:01.475,0.89912,0.89924,1.00,1.12
2015.09.07 14:25:01.953,0.8991,0.8992,1.00,1.00
2015.09.07 14:25:02.157,0.89905,0.89916,1.12,1.00
2015.09.07 14:25:02.208,0.89905,0.89915,1.00,1.37
2015.09.07 14:25:02.411,0.89902,0.89913,1.00,1.35
2015.09.07 14:25:02.513,0.89902,0.89912,1.00,1.37
2015.09.07 14:25:03.051,0.89901,0.8991,1.00,1.00
2015.09.07 14:25:05.997,0.899,0.8991,1.00,1.00
2015.09.07 14:25:06.301,0.899,0.89911,1.00,1.87
2015.09.07 14:25:08.850,0.899,0.8991,1.00,1.00
2015.09.07 14:25:09.419,0.899,0.89911,1.00,1.12
2015.09.07 14:25:10.982,0.89899,0.89911,1.00,1.12
2015.09.07 14:25:13.266,0.89899,0.89909,1.00,1.37
2015.09.07 14:25:13.639,0.89897,0.89909,1.50,1.12
2015.09.07 14:25:13.741,0.89897,0.89908,1.50,1.12
2015.09.07 14:25:14.214,0.89895,0.89905,1.00,1.37
2015.09.07 14:25:14.734,0.89895,0.89905,1.00,1.12
2015.09.07 14:25:15.374,0.89897,0.89905,1.00,1.00
2015.09.07 14:25:16.270,0.89896,0.89905,1.00,1.00
2015.09.07 14:25:17.765,0.89896,0.89906,1.00,1.75
2015.09.07 14:25:18.273,0.89896,0.89906,1.00,1.37
2015.09.07 14:25:19.171,0.89898,0.89908,1.00,1.20
2015.09.07 14:25:19.375,0.89898,0.8991,1.00,2.32
2015.09.07 14:25:19.754,0.89898,0.8991,1.00,1.00
2015.09.07 14:25:20.292,0.89899,0.8991,1.00,1.00
2015.09.07 14:25:22.296,0.89897,0.8991,1.87,1.00
2015.09.07 14:25:22.347,0.89897,0.89909,1.50,1.37
2015.09.07 14:25:22.853,0.89896,0.89909,1.00,1.50
2015.09.07 14:25:23.064,0.89894,0.89909,1.00,2.25
2015.09.07 14:25:24.333,0.89897,0.89907,1.00,1.00
2015.09.07 14:25:26.075,0.89898,0.8991,1.50,1.50
2015.09.07 14:25:26.487,0.89898,0.8991,1.50,1.00
2015.09.07 14:25:28.680,0.89898,0.89911,1.00,1.20
2015.09.07 14:25:28.908,0.89896,0.89912,1.12,1.50
2015.09.07 14:25:29.061,0.89896,0.89908,1.00,1.12
2015.09.07 14:25:29.163,0.89894,0.89908,1.12,1.12
2015.09.07 14:25:29.666,0.89894,0.89906,1.00,1.37
2015.09.07 14:25:32.991,0.89895,0.89908,1.00,1.95
2015.09.07 14:25:35.329,0.89894,0.89908,1.12,1.12
2015.09.07 14:25:37.585,0.89895,0.89908,1.00,1.12
2015.09.07 14:25:38.293,0.89894,0.89908,1.12,1.75
2015.09.07 14:25:40.709,0.89896,0.89908,1.00,1.12
2015.09.07 14:25:41.495,0.89893,0.89908,1.37,1.12
2015.09.07 14:25:43.259,0.89896,0.89908,1.00,1.12
2015.09.07 14:25:43.412,0.89896,0.8991,1.00,1.12
2015.09.07 14:25:43.626,0.89898,0.89911,1.00,1.85
2015.09.07 14:25:43.678,0.89898,0.89913,1.50,1.87
2015.09.07 14:25:43.730,0.89898,0.89914,1.50,1.12
2015.09.07 14:25:44.236,0.89898,0.89912,1.12,1.12
2015.09.07 14:25:45.150,0.89896,0.89913,1.75,2.55
2015.09.07 14:25:45.202,0.89896,0.89909,1.50,1.12
2015.09.07 14:25:45.404,0.89899,0.89909,1.00,1.37
2015.09.07 14:25:45.613,0.89899,0.8991,1.00,1.00
2015.09.07 14:25:45.866,0.89896,0.89911,1.12,1.37
2015.09.07 14:25:46.850,0.89896,0.89911,1.12,1.12
2015.09.07 14:25:47.373,0.89896,0.89912,1.12,1.85
2015.09.07 14:25:47.475,0.89898,0.89912,1.00,1.85
2015.09.07 14:25:48.019,0.89898,0.89912,1.37,1.47
2015.09.07 14:25:48.961,0.89898,0.89913,1.37,1.85
2015.09.07 14:25:49.485,0.89898,0.89913,1.87,1.57
2015.09.07 14:25:49.969,0.89898,0.89913,2.25,1.10
2015.09.07 14:25:52.159,0.89902,0.89914,1.00,1.37
2015.09.07 14:25:52.706,0.89902,0.89914,1.00,1.00
2015.09.07 14:25:54.005,0.89902,0.89914,1.00,1.37
2015.09.07 14:26:07.316,0.89903,0.89916,1.00,1.85
2015.09.07 14:26:09.952,0.89903,0.89915,1.00,1.50
2015.09.07 14:26:10.745,0.899,0.89915,1.87,1.50
2015.09.07 14:26:12.975,0.899,0.89916,1.87,2.70
2015.09.07 14:26:13.509,0.899,0.89914,1.00,1.20
2015.09.07 14:26:21.661,0.899,0.89914,1.50,1.47
2015.09.07 14:26:23.327,0.899,0.89913,1.00,1.47
2015.09.07 14:26:23.862,0.89898,0.89913,1.37,1.47
2015.09.07 14:26:35.661,0.899,0.89913,1.00,1.37
2015.09.07 14:26:45.115,0.89899,0.89914,1.12,1.75
2015.09.07 14:26:45.368,0.89899,0.89914,1.50,1.12
2015.09.07 14:26:48.956,0.899,0.89915,1.00,1.95
2015.09.07 14:26:49.897,0.899,0.89914,1.00,1.00
2015.09.07 14:26:54.019,0.899,0.89915,1.37,1.95
2015.09.07 14:26:54.607,0.899,0.89915,1.50,1.57
2015.09.07 14:26:55.124,0.899,0.89914,1.50,1.12
2015.09.07 14:26:55.717,0.899,0.89915,1.50,1.57
2015.09.07 14:26:56.073,0.899,0.89915,1.50,1.57
2015.09.07 14:26:56.579,0.89899,0.89913,1.50,1.12
2015.09.07 14:26:56.793,0.89897,0.89911,1.50,1.00
2015.09.07 14:26:56.896,0.89896,0.89912,1.00,2.25
2015.09.07 14:26:57.048,0.89898,0.89912,1.00,2.25
2015.09.07 14:26:57.352,0.89898,0.89911,1.75,1.50
2015.09.07 14:26:57.505,0.89898,0.89911,1.12,1.37
2015.09.07 14:26:58.481,0.89896,0.8991,1.37,1.50
2015.09.07 14:26:58.982,0.89895,0.8991,1.50,1.95
2015.09.07 14:26:59.534,0.89895,0.89909,1.00,1.37
2015.09.07 14:27:03.110,0.89893,0.89908,1.12,1.50
2015.09.07 14:27:03.275,0.89893,0.89903,1.00,1.00
2015.09.07 14:27:03.326,0.89889,0.89903,1.87,1.50
2015.09.07 14:27:03.428,0.89889,0.89903,1.12,1.50
2015.09.07 14:27:03.530,0.89889,0.89903,1.12,1.50
2015.09.07 14:27:04.038,0.89889,0.89902,1.00,1.50
2015.09.07 14:27:04.574,0.89887,0.89902,2.25,1.50
2015.09.07 14:27:07.650,0.89887,0.899,2.25,1.00
2015.09.07 14:27:08.407,0.89886,0.89901,1.50,1.87
2015.09.07 14:27:08.915,0.89886,0.89899,1.00,1.00
2015.09.07 14:27:10.273,0.89887,0.89901,1.00,1.75
2015.09.07 14:27:10.402,0.89887,0.89902,1.12,1.87
2015.09.07 14:27:13.013,0.89887,0.89901,1.12,1.50
2015.09.07 14:27:13.522,0.89887,0.89901,1.12,1.50
2015.09.07 14:27:43.016,0.89886,0.89902,1.37,1.37
2015.09.07 14:27:43.421,0.89886,0.89903,1.12,2.25
2015.09.07 14:27:52.627,0.89886,0.89903,1.50,2.62
2015.09.07 14:28:04.165,0.89887,0.89903,1.50,1.37
2015.09.07 14:28:04.708,0.89887,0.89905,1.75,3.07
2015.09.07 14:28:18.807,0.89887,0.89903,1.50,2.25
2015.09.07 14:28:19.358,0.89887,0.89904,1.75,2.62
2015.09.07 14:28:24.830,0.89887,0.89903,1.75,1.12
2015.09.07 14:28:26.342,0.89886,0.89901,1.50,1.50
2015.09.07 14:28:26.444,0.89885,0.899,1.50,1.12
2015.09.07 14:28:26.563,0.89886,0.89901,1.12,1.12
2015.09.07 14:28:26.665,0.89891,0.89903,1.00,1.12
2015.09.07 14:28:26.767,0.89892,0.89906,1.12,1.87
2015.09.07 14:28:26.818,0.89892,0.89907,1.87,1.87
2015.09.07 14:28:26.869,0.89894,0.89908,1.12,1.37
2015.09.07 14:28:26.971,0.89894,0.89908,1.12,1.10
2015.09.07 14:28:27.073,0.89894,0.8991,1.12,2.32
2015.09.07 14:28:27.603,0.89894,0.89909,1.12,1.00
2015.09.07 14:28:28.106,0.89894,0.89909,1.12,1.37
2015.09.07 14:28:30.153,0.89894,0.89909,1.12,1.12
2015.09.07 14:28:30.665,0.89894,0.89908,1.12,1.12
2015.09.07 14:28:32.071,0.89897,0.89908,1.00,1.12
2015.09.07 14:28:37.011,0.89897,0.89909,1.00,1.87
2015.09.07 14:28:37.290,0.89894,0.89908,1.00,1.87
2015.09.07 14:28:37.840,0.89894,0.89908,1.00,1.87
2015.09.07 14:28:39.709,0.89894,0.89908,1.00,1.37
2015.09.07 14:28:40.084,0.89897,0.89908,1.00,1.12
2015.09.07 14:28:40.192,0.89894,0.89908,1.12,1.12
2015.09.07 14:28:40.729,0.89893,0.89909,1.12,2.25
2015.09.07 14:28:41.261,0.89893,0.89909,1.75,2.25
2015.09.07 14:28:41.954,0.89897,0.89909,1.00,2.25
2015.09.07 14:28:43.149,0.89897,0.89909,1.00,1.50
2015.09.07 14:28:43.704,0.89897,0.8991,1.50,1.95
2015.09.07 14:28:55.378,0.89897,0.89911,1.50,1.50
2015.09.07 14:28:58.692,0.89897,0.89912,1.50,1.87
2015.09.07 14:28:59.757,0.89899,0.89914,1.37,2.25
2015.09.07 14:28:59.808,0.89902,0.89914,1.00,1.87
2015.09.07 14:29:00.895,0.89902,0.89916,1.12,1.50
2015.09.07 14:29:01.832,0.89902,0.89915,1.12,1.00
2015.09.07 14:29:07.268,0.89902,0.89916,1.12,1.50
2015.09.07 14:29:09.195,0.89902,0.89915,1.12,1.00
2015.09.07 14:29:11.811,0.89902,0.89913,1.12,1.00
2015.09.07 14:29:12.970,0.89902,0.89914,1.50,1.00
2015.09.07 14:29:18.008,0.89902,0.89915,1.50,1.87
2015.09.07 14:29:18.556,0.89903,0.89914,1.00,1.00
2015.09.07 14:29:18.759,0.89902,0.89917,1.50,1.87
2015.09.07 14:29:19.586,0.89903,0.89916,1.00,1.50
2015.09.07 14:29:28.510,0.89903,0.89913,1.00,1.00
2015.09.07 14:29:28.561,0.89903,0.89915,1.00,1.12
2015.09.07 14:29:28.612,0.89902,0.89915,1.12,1.87
2015.09.07 14:29:28.815,0.89899,0.89915,1.37,1.87
2015.09.07 14:29:28.866,0.89899,0.89917,1.75,2.62
2015.09.07 14:29:29.385,0.89902,0.89917,1.00,2.62
2015.09.07 14:29:33.981,0.89908,0.89915,1.00,1.37
2015.09.07 14:29:34.571,0.89907,0.89915,1.00,1.37
2015.09.07 14:29:34.876,0.89902,0.89916,1.12,1.37
2015.09.07 14:29:35.400,0.89902,0.89914,1.00,1.00
2015.09.07 14:29:40.391,0.89899,0.89914,1.12,1.12
2015.09.07 14:29:40.493,0.89898,0.89914,1.85,1.50
2015.09.07 14:29:40.594,0.89898,0.89914,1.20,2.25
2015.09.07 14:29:41.113,0.89898,0.89914,1.50,1.87
2015.09.07 14:29:47.622,0.89902,0.89914,1.00,2.25
2015.09.07 14:29:48.078,0.89898,0.89913,1.87,1.37
2015.09.07 14:29:52.602,0.89902,0.89913,1.00,1.37
2015.09.07 14:29:59.391,0.89898,0.89914,1.50,1.75
2015.09.07 14:30:00.426,0.89898,0.89913,1.50,1.12
2015.09.07 14:30:00.936,0.89899,0.89915,1.50,1.87
2015.09.07 14:30:01.149,0.89902,0.89914,1.00,1.00
2015.09.07 14:30:01.554,0.89902,0.89916,1.12,1.00
2015.09.07 14:30:02.433,0.89902,0.89916,1.50,1.00
2015.09.07 14:30:04.009,0.89903,0.89917,1.37,1.12
2015.09.07 14:30:07.494,0.89904,0.89918,1.00,1.50
2015.09.07 14:30:09.437,0.899,0.89915,2.25,1.00
2015.09.07 14:30:10.200,0.89902,0.89916,1.50,1.50
2015.09.07 14:30:10.717,0.89902,0.89916,1.50,1.12
2015.09.07 14:30:11.223,0.89902,0.89915,1.12,1.00
2015.09.07 14:30:11.821,0.89901,0.89915,1.00,1.00
2015.09.07 14:30:12.354,0.89902,0.89915,1.00,1.00
2015.09.07 14:30:12.923,0.89902,0.89916,1.00,2.25
2015.09.07 14:30:13.025,0.89902,0.89914,1.00,1.37
2015.09.07 14:30:13.076,0.899,0.89914,1.00,1.12
2015.09.07 14:30:14.302,0.89898,0.89912,1.50,1.00
2015.09.07 14:30:15.955,0.89898,0.89913,1.00,2.25
2015.09.07 14:30:21.644,0.89897,0.8991,1.00,1.87
2015.09.07 14:30:21.949,0.89897,0.89907,1.00,1.37
2015.09.07 14:30:28.252,0.89897,0.89909,1.00,1.87
2015.09.07 14:30:28.659,0.89897,0.89909,1.00,1.12
2015.09.07 14:30:29.015,0.89898,0.89912,1.00,1.37
2015.09.07 14:30:29.066,0.89897,0.89912,2.25,1.12
2015.09.07 14:30:30.173,0.899,0.89914,1.00,1.00
2015.09.07 14:30:32.611,0.89902,0.89915,1.00,1.37
2015.09.07 14:30:33.300,0.89903,0.89915,1.00,1.37
2015.09.07 14:30:34.399,0.89902,0.89915,1.00,1.37
2015.09.07 14:30:38.040,0.89902,0.89916,1.50,1.50
2015.09.07 14:30:38.345,0.89907,0.89917,1.00,1.12
2015.09.07 14:30:38.572,0.89902,0.89917,2.62,1.50
2015.09.07 14:30:38.775,0.89902,0.89916,1.50,1.37
2015.09.07 14:30:39.123,0.89908,0.89916,1.00,1.37
2015.09.07 14:30:42.291,0.89902,0.89917,1.12,3.00
2015.09.07 14:30:43.878,0.89902,0.89916,1.00,2.62
2015.09.07 14:30:44.378,0.89902,0.89914,1.00,1.87
2015.09.07 14:30:44.429,0.89899,0.89912,1.00,1.00
2015.09.07 14:30:44.961,0.89897,0.89912,1.87,1.37
2015.09.07 14:30:45.883,0.89898,0.8991,1.00,1.00
2015.09.07 14:30:47.287,0.89898,0.89911,1.00,1.12
2015.09.07 14:30:47.793,0.89898,0.89911,1.00,1.37
2015.09.07 14:30:51.103,0.89897,0.89911,1.00,1.87
2015.09.07 14:30:51.205,0.89897,0.89912,1.87,1.50
2015.09.07 14:30:53.323,0.89897,0.89908,1.37,1.00
2015.09.07 14:30:53.374,0.89897,0.89908,1.00,1.00
2015.09.07 14:30:53.880,0.89894,0.89907,1.12,1.35
2015.09.07 14:30:54.449,0.89894,0.89907,1.00,1.80
2015.09.07 14:30:59.929,0.89894,0.89907,1.00,1.42
2015.09.07 14:31:00.155,0.89897,0.89907,1.00,1.42
2015.09.07 14:31:01.223,0.89897,0.89911,1.00,1.75
2015.09.07 14:31:01.529,0.89897,0.89912,1.87,1.87
2015.09.07 14:31:02.035,0.89898,0.89914,1.37,2.25
2015.09.07 14:31:02.086,0.89898,0.89913,1.12,1.00
2015.09.07 14:31:02.603,0.89897,0.89913,2.25,1.50
2015.09.07 14:31:03.072,0.89897,0.89913,1.87,1.87
2015.09.07 14:31:03.124,0.89896,0.8991,1.75,1.37
2015.09.07 14:31:03.638,0.89896,0.89912,1.12,1.75
2015.09.07 14:31:04.501,0.89897,0.89912,1.12,1.12
2015.09.07 14:31:05.603,0.89896,0.89911,1.37,1.00
2015.09.07 14:31:06.894,0.89895,0.89909,1.12,1.00
2015.09.07 14:31:06.996,0.89893,0.89909,3.07,1.50
2015.09.07 14:31:07.098,0.89893,0.89908,1.95,1.37
2015.09.07 14:31:07.199,0.89891,0.89906,1.12,1.12
2015.09.07 14:31:07.717,0.8989,0.89906,2.25,1.37
2015.09.07 14:31:08.533,0.89892,0.89906,1.50,1.12
2015.09.07 14:31:09.080,0.89892,0.89906,1.37,1.50
2015.09.07 14:31:09.501,0.89889,0.89905,1.75,2.25
2015.09.07 14:31:09.602,0.89889,0.89905,1.37,2.62
2015.09.07 14:31:10.139,0.89889,0.89905,1.37,2.62
2015.09.07 14:31:12.212,0.89889,0.89902,1.50,1.00
2015.09.07 14:31:14.814,0.89889,0.89901,1.00,1.50
2015.09.07 14:31:14.865,0.89886,0.899,1.37,1.12
2015.09.07 14:31:14.916,0.89885,0.899,1.12,1.37
2015.09.07 14:31:15.435,0.89883,0.89897,2.25,1.12
2015.09.07 14:31:16.167,0.89884,0.89899,1.12,1.50
2015.09.07 14:31:16.673,0.89885,0.89899,1.37,1.50
2015.09.07 14:31:17.472,0.89884,0.89899,1.12,1.50
2015.09.07 14:31:17.804,0.89884,0.89898,1.00,1.00
2015.09.07 14:31:19.361,0.89883,0.89899,1.87,1.87
2015.09.07 14:31:19.893,0.89881,0.89896,1.37,1.87
2015.09.07 14:31:20.399,0.89881,0.89894,1.00,1.00
2015.09.07 14:31:20.902,0.89882,0.89896,1.50,1.12
2015.09.07 14:31:21.004,0.89882,0.89896,2.62,1.00
2015.09.07 14:31:21.207,0.89883,0.89898,1.37,1.12
2015.09.07 14:31:29.274,0.89884,0.89897,1.00,1.12
2015.09.07 14:31:29.824,0.89883,0.89897,1.00,1.87
2015.09.07 14:31:31.417,0.89883,0.89897,1.87,1.37
2015.09.07 14:31:31.605,0.89885,0.89899,1.00,1.12
2015.09.07 14:31:32.213,0.89885,0.89899,1.37,1.00
2015.09.07 14:31:32.746,0.89885,0.899,1.12,1.37
2015.09.07 14:31:33.100,0.89886,0.89901,1.12,1.00
2015.09.07 14:31:33.606,0.89888,0.89902,1.87,1.37
2015.09.07 14:31:40.123,0.89888,0.89902,1.37,1.87
2015.09.07 14:31:40.655,0.89889,0.89902,1.00,1.50
2015.09.07 14:31:41.012,0.89889,0.89904,1.37,1.57
2015.09.07 14:31:43.920,0.89888,0.89904,2.25,1.57
2015.09.07 14:31:44.426,0.89888,0.89903,1.87,1.00
2015.09.07 14:31:49.099,0.89892,0.89904,1.00,2.70
2015.09.07 14:31:49.201,0.89888,0.89904,1.87,1.57
2015.09.07 14:31:49.709,0.89889,0.89904,1.37,1.50
2015.09.07 14:31:51.177,0.89889,0.89904,1.00,1.87
2015.09.07 14:31:52.154,0.89888,0.89902,1.12,1.00
2015.09.07 14:31:52.485,0.89888,0.89901,1.00,1.87
2015.09.07 14:31:52.993,0.89884,0.899,1.37,1.12
2015.09.07 14:31:53.512,0.89884,0.89899,1.00,1.37
2015.09.07 14:31:59.260,0.89882,0.89898,1.50,1.95
2015.09.07 14:31:59.789,0.89882,0.89898,1.12,2.32
2015.09.07 14:32:03.144,0.8988,0.89894,1.87,1.12
2015.09.07 14:32:03.394,0.89875,0.89893,1.87,1.87
2015.09.07 14:32:06.904,0.89876,0.89891,1.00,2.25
2015.09.07 14:32:09.613,0.89875,0.89889,1.12,1.00
2015.09.07 14:32:11.908,0.89875,0.89889,1.37,1.00
2015.09.07 14:32:12.666,0.89875,0.89889,1.37,1.00
2015.09.07 14:32:13.173,0.89876,0.8989,1.12,1.37
2015.09.07 14:32:13.674,0.89876,0.89891,1.12,1.50
2015.09.07 14:32:14.030,0.89877,0.89893,1.12,1.87
2015.09.07 14:32:14.840,0.89877,0.89893,1.12,1.87
2015.09.07 14:32:17.788,0.89877,0.89893,1.12,1.87
2015.09.07 14:32:19.529,0.89878,0.89892,1.00,1.50
2015.09.07 14:32:20.072,0.89878,0.89892,1.00,1.50
2015.09.07 14:32:22.073,0.89876,0.8989,1.75,1.00
2015.09.07 14:32:22.125,0.89875,0.8989,1.37,1.75
2015.09.07 14:32:22.176,0.89874,0.89888,1.37,1.12
2015.09.07 14:32:22.429,0.89873,0.89888,1.00,1.87
2015.09.07 14:32:25.055,0.89873,0.89888,1.12,1.87
2015.09.07 14:32:25.568,0.89873,0.89887,1.50,1.00
2015.09.07 14:32:27.651,0.89878,0.8989,1.00,1.87
2015.09.07 14:32:27.753,0.89878,0.8989,1.00,1.12
2015.09.07 14:32:29.338,0.89878,0.8989,1.00,1.50
2015.09.07 14:32:29.552,0.89878,0.8989,1.00,1.50
2015.09.07 14:32:30.080,0.89875,0.8989,1.00,1.50
2015.09.07 14:32:32.072,0.89878,0.89892,1.00,1.57
2015.09.07 14:32:32.275,0.89878,0.89893,1.37,1.12
2015.09.07 14:32:37.789,0.89879,0.89893,1.37,1.12
2015.09.07 14:32:38.290,0.89879,0.89894,1.75,1.00
2015.09.07 14:32:40.853,0.89878,0.89894,1.37,1.87
2015.09.07 14:32:41.259,0.89878,0.89894,1.75,1.12
2015.09.07 14:32:43.589,0.89878,0.89894,1.75,1.50
2015.09.07 14:32:44.095,0.89877,0.89893,1.87,1.00
2015.09.07 14:32:44.641,0.89878,0.89894,1.37,1.87
2015.09.07 14:32:46.506,0.89877,0.89892,1.12,1.87
2015.09.07 14:32:47.009,0.89875,0.89891,1.75,1.50
2015.09.07 14:32:48.289,0.89877,0.89891,1.00,1.50
2015.09.07 14:32:49.001,0.89875,0.89889,1.00,1.12
2015.09.07 14:32:49.590,0.89875,0.89889,1.00,1.50
2015.09.07 14:32:51.311,0.89874,0.8989,1.87,1.20
2015.09.07 14:32:52.411,0.89877,0.8989,1.00,1.12
2015.09.07 14:32:53.546,0.89876,0.8989,1.00,1.12
2015.09.07 14:32:54.182,0.89878,0.8989,1.00,1.12
2015.09.07 14:32:54.283,0.89875,0.8989,1.50,1.12
2015.09.07 14:33:00.207,0.89876,0.89891,1.12,1.00
2015.09.07 14:33:01.601,0.89877,0.89893,1.12,1.12
2015.09.07 14:33:01.703,0.89879,0.89893,1.00,1.00
2015.09.07 14:33:01.906,0.89879,0.89894,2.25,1.37
2015.09.07 14:33:03.613,0.89878,0.89892,1.12,1.12
2015.09.07 14:33:03.816,0.89876,0.89892,1.12,1.50
2015.09.07 14:33:05.444,0.89876,0.89892,1.12,1.87
2015.09.07 14:33:10.468,0.89876,0.89892,1.12,1.87
2015.09.07 14:33:11.416,0.89876,0.89889,1.12,1.00
2015.09.07 14:33:11.518,0.89874,0.89889,1.37,1.12
2015.09.07 14:33:12.066,0.89874,0.89889,1.00,1.87
2015.09.07 14:33:13.624,0.89873,0.89889,1.12,2.25
2015.09.07 14:33:15.533,0.89873,0.89886,1.12,1.00
2015.09.07 14:33:15.634,0.89872,0.89885,1.00,1.50
2015.09.07 14:33:15.889,0.89868,0.89883,1.20,2.25
2015.09.07 14:33:15.940,0.89867,0.89881,1.12,1.37
2015.09.07 14:33:16.447,0.89868,0.89882,1.00,1.12
2015.09.07 14:33:16.650,0.89869,0.89882,1.87,1.12
2015.09.07 14:33:16.752,0.89871,0.89884,1.12,1.00
2015.09.07 14:33:17.161,0.89868,0.89884,2.62,1.12
2015.09.07 14:33:17.313,0.89868,0.89883,1.50,2.85
2015.09.07 14:33:19.822,0.89867,0.89881,1.12,1.50
2015.09.07 14:33:20.163,0.89867,0.89882,2.62,1.12
2015.09.07 14:33:20.369,0.89872,0.89883,1.00,1.50
2015.09.07 14:33:24.166,0.89872,0.89884,1.00,1.87
2015.09.07 14:33:24.703,0.89872,0.89885,1.00,1.00
2015.09.07 14:33:25.219,0.89872,0.89885,1.37,1.00
2015.09.07 14:33:27.388,0.89872,0.89885,1.12,1.00
2015.09.07 14:33:28.482,0.89872,0.89885,1.37,1.12
2015.09.07 14:33:30.271,0.89872,0.89885,1.00,1.50
2015.09.07 14:33:30.995,0.89872,0.89885,1.37,1.00
2015.09.07 14:33:31.210,0.89873,0.89886,1.87,1.00
2015.09.07 14:33:31.463,0.89873,0.89887,1.00,1.87
2015.09.07 14:33:34.561,0.89872,0.89886,1.00,2.25
2015.09.07 14:33:34.663,0.89872,0.8988,1.00,1.00
2015.09.07 14:33:34.916,0.89867,0.89879,1.00,1.37
2015.09.07 14:33:35.905,0.89867,0.8988,1.87,1.12
2015.09.07 14:33:36.058,0.89872,0.89884,1.00,2.32
2015.09.07 14:33:36.676,0.89868,0.89884,1.00,1.87
2015.09.07 14:33:37.017,0.89867,0.89884,2.62,1.87
2015.09.07 14:33:37.525,0.89869,0.89885,1.87,2.32
2015.09.07 14:33:37.766,0.89867,0.89884,2.62,1.87
2015.09.07 14:33:38.596,0.89868,0.89884,1.00,1.87
2015.09.07 14:33:39.441,0.89867,0.89884,1.87,1.75
2015.09.07 14:33:40.729,0.89867,0.89882,1.87,1.12
2015.09.07 14:33:40.881,0.89867,0.89882,1.87,1.12
2015.09.07 14:33:41.199,0.89868,0.89881,1.37,1.00
2015.09.07 14:33:41.954,0.89868,0.89881,1.12,1.00
2015.09.07 14:33:42.461,0.89865,0.8988,1.75,1.00
2015.09.07 14:33:42.512,0.89866,0.8988,1.00,1.87
2015.09.07 14:33:42.563,0.89864,0.8988,1.75,2.25
2015.09.07 14:33:42.614,0.89863,0.89878,1.50,1.37
2015.09.07 14:33:43.158,0.89868,0.89878,1.00,1.50
2015.09.07 14:33:43.462,0.89868,0.8988,1.00,1.87
2015.09.07 14:33:43.968,0.89868,0.8988,1.00,1.87
2015.09.07 14:33:44.471,0.89868,0.8988,1.00,1.87
2015.09.07 14:33:45.225,0.89868,0.8988,1.00,1.37
2015.09.07 14:33:45.735,0.89867,0.89879,1.00,1.37
2015.09.07 14:33:45.974,0.89868,0.89878,1.00,1.12
2015.09.07 14:33:46.481,0.89867,0.8988,1.00,1.12
2015.09.07 14:33:46.583,0.89867,0.89881,1.00,1.50
2015.09.07 14:33:47.135,0.89867,0.89883,2.25,1.75
2015.09.07 14:33:47.287,0.89869,0.89883,1.00,1.00
2015.09.07 14:33:48.065,0.89869,0.89881,1.00,1.00
2015.09.07 14:33:48.369,0.89867,0.8988,1.00,1.37
2015.09.07 14:33:48.420,0.89864,0.8988,1.12,1.12
2015.09.07 14:33:48.522,0.89864,0.89881,1.50,1.87
2015.09.07 14:33:48.725,0.89867,0.89881,1.00,1.87
2015.09.07 14:33:49.035,0.89867,0.8988,1.00,1.12
2015.09.07 14:33:49.085,0.89867,0.89881,1.00,1.87
2015.09.07 14:33:49.590,0.89867,0.89881,1.00,1.37
2015.09.07 14:33:50.193,0.89868,0.8988,1.00,1.00
2015.09.07 14:33:50.719,0.89867,0.8988,1.50,1.00
2015.09.07 14:33:50.770,0.89868,0.89881,1.37,1.50
2015.09.07 14:33:50.923,0.89868,0.89882,1.00,1.00
2015.09.07 14:33:51.075,0.89872,0.89882,1.00,1.00
2015.09.07 14:33:51.328,0.89872,0.89886,1.00,1.50
2015.09.07 14:33:54.697,0.89873,0.89886,1.00,1.00
2015.09.07 14:33:56.049,0.89873,0.89887,1.12,1.12
2015.09.07 14:33:56.555,0.89873,0.89887,1.37,1.37
2015.09.07 14:33:56.708,0.8987,0.89884,1.12,1.00
2015.09.07 14:33:56.878,0.89869,0.89884,1.12,1.87
2015.09.07 14:34:01.908,0.89868,0.89882,1.50,1.50
2015.09.07 14:34:02.212,0.89868,0.89879,1.00,1.00
2015.09.07 14:34:04.692,0.89868,0.8988,1.00,1.00
2015.09.07 14:34:05.027,0.89868,0.89883,1.12,1.87
2015.09.07 14:34:05.536,0.89869,0.89883,1.00,1.50
2015.09.07 14:34:06.079,0.89869,0.89883,1.37,1.87
2015.09.07 14:34:06.608,0.89869,0.89883,1.12,1.00
2015.09.07 14:34:06.911,0.89869,0.89885,1.37,2.25
2015.09.07 14:34:07.418,0.89871,0.89884,1.12,1.12
2015.09.07 14:34:10.721,0.89872,0.89884,1.37,1.00
2015.09.07 14:34:10.823,0.89872,0.89887,1.87,1.12
2015.09.07 14:34:10.924,0.89874,0.89889,1.00,1.50
2015.09.07 14:34:12.238,0.89872,0.89886,1.87,1.00
2015.09.07 14:34:12.544,0.89875,0.89889,1.00,1.50
2015.09.07 14:34:13.397,0.89877,0.89889,1.00,1.00
2015.09.07 14:34:15.562,0.89877,0.89888,1.00,1.00
2015.09.07 14:34:16.068,0.89875,0.89888,1.37,1.00
2015.09.07 14:34:16.579,0.89875,0.89889,1.37,1.00
2015.09.07 14:34:21.944,0.89874,0.89889,1.00,1.87
2015.09.07 14:34:22.715,0.89873,0.89889,1.12,1.50
2015.09.07 14:34:23.752,0.89872,0.89888,3.37,1.37
2015.09.07 14:34:24.669,0.89873,0.89888,1.00,1.37
2015.09.07 14:34:25.138,0.89873,0.89888,1.37,1.00
2015.09.07 14:34:25.518,0.89873,0.89888,1.37,1.75
2015.09.07 14:34:25.569,0.89872,0.89887,1.87,1.37
2015.09.07 14:34:26.466,0.89872,0.89887,1.87,1.37
2015.09.07 14:34:26.619,0.89873,0.89889,1.12,1.50
2015.09.07 14:34:26.670,0.89875,0.89889,1.37,1.50
2015.09.07 14:34:26.823,0.89879,0.89892,1.00,1.12
2015.09.07 14:34:27.345,0.89882,0.89892,1.00,1.00
2015.09.07 14:34:27.446,0.89882,0.89895,1.50,1.10
2015.09.07 14:34:27.649,0.89883,0.89899,1.87,1.87
2015.09.07 14:34:27.751,0.89885,0.89899,1.00,1.50
2015.09.07 14:34:28.784,0.89885,0.89899,1.37,1.00
2015.09.07 14:34:29.996,0.89885,0.89899,1.87,1.00
2015.09.07 14:34:31.097,0.89885,0.89898,1.12,1.00
2015.09.07 14:34:31.627,0.89884,0.89898,1.00,1.50
2015.09.07 14:34:32.860,0.89883,0.89898,1.37,1.87
2015.09.07 14:34:33.367,0.89884,0.89898,1.37,1.00
2015.09.07 14:34:35.555,0.89884,0.89901,1.37,2.25
2015.09.07 14:34:35.809,0.89884,0.89901,1.75,1.87
2015.09.07 14:34:36.331,0.89887,0.899,1.00,1.00
2015.09.07 14:34:36.433,0.89885,0.89899,1.12,1.00
2015.09.07 14:34:37.384,0.89883,0.89901,2.25,3.37
2015.09.07 14:34:37.933,0.89883,0.899,1.87,1.12
2015.09.07 14:34:38.937,0.89884,0.89901,1.37,1.87
2015.09.07 14:34:40.618,0.89884,0.89901,1.12,2.25
2015.09.07 14:34:49.548,0.89885,0.899,1.12,1.50
2015.09.07 14:34:54.559,0.89884,0.89901,1.37,3.00
2015.09.07 14:34:59.592,0.89884,0.89901,1.87,3.00
2015.09.07 14:35:00.185,0.89885,0.89901,1.00,2.62
2015.09.07 14:35:05.063,0.8989,0.89901,1.60,1.12
2015.09.07 14:35:05.215,0.89892,0.89907,2.10,3.75
2015.09.07 14:35:05.317,0.89892,0.89907,1.87,1.37
2015.09.07 14:35:05.419,0.8989,0.89903,1.37,1.00
2015.09.07 14:35:05.551,0.89888,0.89903,1.75,1.00
2015.09.07 14:35:05.602,0.89888,0.89903,1.37,1.50
2015.09.07 14:35:05.805,0.89892,0.89905,1.00,1.12
2015.09.07 14:35:05.907,0.89893,0.89907,1.35,2.25
2015.09.07 14:35:06.211,0.89893,0.89909,1.67,1.50
2015.09.07 14:35:06.312,0.89895,0.8991,1.00,3.00
2015.09.07 14:35:06.667,0.89893,0.89905,1.12,1.00
2015.09.07 14:35:06.819,0.8989,0.89905,1.50,1.50
2015.09.07 14:35:07.039,0.8989,0.89905,1.50,1.87
2015.09.07 14:35:07.141,0.8989,0.89905,1.50,1.50
2015.09.07 14:35:08.435,0.89888,0.89904,1.50,1.37
2015.09.07 14:35:08.943,0.89888,0.89902,1.37,1.00
2015.09.07 14:35:10.307,0.89887,0.89902,1.50,1.37
2015.09.07 14:35:10.832,0.89887,0.89901,1.50,1.00
2015.09.07 14:35:13.133,0.89886,0.89902,1.12,1.50
2015.09.07 14:35:13.668,0.89884,0.89901,2.25,1.87
2015.09.07 14:35:15.607,0.89885,0.89899,1.12,1.00
2015.09.07 14:35:15.710,0.89883,0.89899,1.75,1.50
2015.09.07 14:35:16.532,0.89883,0.89899,1.00,1.87
2015.09.07 14:35:18.757,0.89881,0.89896,1.75,1.12
2015.09.07 14:35:18.809,0.8988,0.89894,1.75,1.00
2015.09.07 14:35:18.912,0.8988,0.89894,1.00,1.00
2015.09.07 14:35:19.570,0.89879,0.89896,1.75,1.37
2015.09.07 14:35:19.621,0.8988,0.89897,1.12,2.25
2015.09.07 14:35:22.225,0.89883,0.89899,1.00,1.12
2015.09.07 14:35:22.327,0.89883,0.899,1.12,2.70
2015.09.07 14:35:23.151,0.89885,0.89901,1.37,1.50
2015.09.07 14:35:24.047,0.89884,0.89901,1.50,1.87
2015.09.07 14:35:30.834,0.89882,0.89898,1.37,1.50
2015.09.07 14:35:32.318,0.89888,0.89899,2.85,1.75
2015.09.07 14:35:32.420,0.8989,0.899,1.72,1.00
2015.09.07 14:35:32.623,0.89892,0.89907,1.50,4.87
2015.09.07 14:35:36.180,0.89892,0.89906,1.50,1.10
2015.09.07 14:35:36.959,0.89891,0.89907,2.25,2.25
2015.09.07 14:35:37.480,0.89891,0.89907,2.25,1.50
2015.09.07 14:35:37.784,0.89889,0.89904,1.50,1.37
2015.09.07 14:35:37.835,0.89889,0.89903,1.12,1.00
2015.09.07 14:35:38.017,0.89889,0.89901,1.00,1.00
2015.09.07 14:35:38.170,0.89886,0.89901,1.50,1.75
2015.09.07 14:35:43.593,0.89886,0.89901,1.50,1.75
2015.09.07 14:35:44.100,0.89888,0.89903,1.50,1.87
2015.09.07 14:35:44.961,0.89887,0.89903,1.87,2.25
2015.09.07 14:35:45.467,0.89888,0.89902,1.00,1.87
2015.09.07 14:35:53.037,0.89887,0.899,1.00,1.00
2015.09.07 14:35:54.034,0.8989,0.89903,2.10,1.95
2015.09.07 14:35:54.237,0.89897,0.89906,1.00,1.00
2015.09.07 14:35:54.289,0.89895,0.89906,1.72,1.00
2015.09.07 14:35:54.390,0.89895,0.8991,1.37,1.87
2015.09.07 14:35:54.593,0.89891,0.89907,1.37,1.37
2015.09.07 14:35:56.316,0.89892,0.89905,1.00,1.00
2015.09.07 14:35:56.850,0.89891,0.89905,1.50,1.37
2015.09.07 14:35:57.356,0.89889,0.89904,1.12,1.37
2015.09.07 14:35:57.458,0.89889,0.89903,1.12,1.00
2015.09.07 14:35:58.850,0.89889,0.89903,1.37,1.00
2015.09.07 14:36:00.165,0.89889,0.89903,1.12,1.00
2015.09.07 14:36:03.054,0.89889,0.89903,1.37,1.37
2015.09.07 14:36:03.958,0.89889,0.89903,1.00,1.12
2015.09.07 14:36:08.276,0.89889,0.89903,1.87,1.00
2015.09.07 14:36:12.624,0.8989,0.89904,1.37,1.50
2015.09.07 14:36:13.080,0.89892,0.89906,1.50,1.50
2015.09.07 14:36:13.131,0.89892,0.89907,1.87,1.00
2015.09.07 14:36:13.637,0.89892,0.89906,1.87,1.00
2015.09.07 14:36:17.532,0.89892,0.89905,1.37,1.00
2015.09.07 14:36:17.684,0.8989,0.89905,1.37,1.87
2015.09.07 14:36:17.735,0.8989,0.89905,1.00,2.25
2015.09.07 14:36:18.758,0.89888,0.89903,1.87,1.00
2015.09.07 14:36:20.297,0.89888,0.89903,2.62,1.37
2015.09.07 14:36:31.541,0.89889,0.89903,1.12,1.12
2015.09.07 14:36:33.102,0.8989,0.89903,1.00,1.00
2015.09.07 14:36:37.862,0.89892,0.89905,1.00,1.00
2015.09.07 14:36:38.371,0.89892,0.89907,1.87,1.47
2015.09.07 14:36:38.878,0.89892,0.89907,1.50,1.20
2015.09.07 14:36:39.510,0.89892,0.89905,1.12,1.00
2015.09.07 14:36:43.909,0.89891,0.89906,1.50,1.37
2015.09.07 14:36:44.229,0.89891,0.89906,1.75,1.00
2015.09.07 14:36:47.451,0.89892,0.89907,1.37,1.95
2015.09.07 14:36:48.736,0.89891,0.89907,1.75,2.70
2015.09.07 14:36:48.890,0.8989,0.89904,1.50,1.37
2015.09.07 14:36:49.416,0.8989,0.89907,1.75,2.62
2015.09.07 14:36:50.047,0.8989,0.89907,1.75,3.37
2015.09.07 14:36:50.201,0.8989,0.89905,1.12,1.37
2015.09.07 14:36:50.731,0.89889,0.89904,1.12,1.50
2015.09.07 14:36:56.463,0.89888,0.89903,1.50,1.50
2015.09.07 14:37:01.502,0.8989,0.89903,1.00,1.37
2015.09.07 14:37:02.392,0.89887,0.89902,1.12,1.12
2015.09.07 14:37:02.899,0.89886,0.89901,1.12,1.00
2015.09.07 14:37:03.429,0.89888,0.89903,1.37,1.87
2015.09.07 14:37:04.227,0.89887,0.89903,1.12,1.87
2015.09.07 14:37:04.531,0.89885,0.89901,1.12,1.87
2015.09.07 14:37:06.446,0.89886,0.89901,1.37,1.87
2015.09.07 14:37:07.171,0.89886,0.899,1.00,1.75
2015.09.07 14:37:09.012,0.89883,0.89899,1.75,1.50
2015.09.07 14:37:09.520,0.89884,0.89899,1.00,1.12
2015.09.07 14:37:10.325,0.89883,0.89898,1.37,1.50
2015.09.07 14:37:10.950,0.89882,0.89899,2.62,1.12
2015.09.07 14:37:12.129,0.89881,0.89898,1.12,2.25
2015.09.07 14:37:12.261,0.89879,0.89896,1.85,1.50
2015.09.07 14:37:12.566,0.8988,0.89893,1.00,1.12
2015.09.07 14:37:13.169,0.89879,0.89893,1.75,1.12
2015.09.07 14:37:16.304,0.89881,0.89895,1.00,1.50
2015.09.07 14:37:17.187,0.8988,0.89897,1.75,2.62
2015.09.07 14:37:17.289,0.89881,0.89897,1.75,1.50
2015.09.07 14:37:19.395,0.89883,0.899,2.85,2.62
2015.09.07 14:37:19.943,0.89884,0.899,1.12,1.50
2015.09.07 14:37:20.493,0.89887,0.899,1.37,1.50
2015.09.07 14:37:20.647,0.89887,0.89901,1.87,1.00
2015.09.07 14:37:20.698,0.89887,0.89901,1.87,1.00
2015.09.07 14:37:22.408,0.89887,0.89901,1.00,1.00
2015.09.07 14:37:22.958,0.89885,0.899,1.37,1.12
2015.09.07 14:37:31.143,0.89886,0.89902,1.50,1.87
2015.09.07 14:37:31.313,0.89886,0.89902,2.25,1.50
2015.09.07 14:37:31.775,0.89888,0.89904,2.25,1.12
2015.09.07 14:37:34.486,0.89889,0.89904,1.75,1.00
2015.09.07 14:37:35.800,0.8989,0.89904,1.00,1.12
2015.09.07 14:37:40.168,0.8989,0.89904,1.37,1.00
2015.09.07 14:37:41.170,0.8989,0.89904,1.37,1.00
2015.09.07 14:37:43.740,0.8989,0.89904,1.12,1.00
2015.09.07 14:37:44.919,0.89892,0.89905,1.37,1.50
2015.09.07 14:37:45.424,0.89892,0.89907,1.37,2.62
2015.09.07 14:37:45.891,0.89893,0.89907,1.50,1.37
2015.09.07 14:37:46.107,0.89896,0.89911,1.37,1.50
2015.09.07 14:37:46.411,0.89896,0.89911,1.37,1.12
2015.09.07 14:37:51.312,0.89896,0.89908,1.12,1.00
2015.09.07 14:37:51.515,0.89893,0.89906,1.50,3.00
2015.09.07 14:37:51.617,0.89892,0.89905,1.12,1.00
2015.09.07 14:37:52.534,0.89892,0.89905,1.50,1.00
2015.09.07 14:37:52.788,0.89889,0.89903,1.00,1.37
2015.09.07 14:37:53.294,0.89887,0.89902,1.87,1.00
2015.09.07 14:37:54.073,0.89887,0.89903,2.62,1.37
2015.09.07 14:37:54.579,0.89888,0.89903,1.00,1.37
2015.09.07 14:37:56.480,0.89887,0.89903,2.25,1.12
2015.09.07 14:37:57.495,0.89887,0.89902,2.62,1.00
2015.09.07 14:37:58.001,0.89887,0.89903,2.62,1.12
2015.09.07 14:37:58.512,0.89889,0.89902,1.00,1.00
2015.09.07 14:37:59.056,0.89887,0.89902,2.62,1.00
2015.09.07 14:37:59.659,0.89888,0.89904,1.37,2.62
2015.09.07 14:38:00.064,0.89888,0.89902,2.25,1.37
2015.09.07 14:38:00.584,0.89887,0.89899,1.00,1.00
2015.09.07 14:38:01.627,0.89887,0.89902,1.12,1.37
2015.09.07 14:38:02.231,0.89887,0.89903,2.25,1.75
2015.09.07 14:38:02.737,0.89887,0.89903,2.25,1.12
2015.09.07 14:38:02.839,0.8989,0.89904,1.37,1.12
2015.09.07 14:38:03.349,0.8989,0.89904,1.00,1.12
2015.09.07 14:38:08.743,0.8989,0.89904,1.00,1.37
2015.09.07 14:38:13.947,0.8989,0.89904,1.00,1.12
2015.09.07 14:38:15.257,0.8989,0.89904,1.12,1.37
2015.09.07 14:38:17.359,0.8989,0.89904,1.00,1.12
2015.09.07 14:38:17.981,0.89889,0.89904,1.12,1.00
2015.09.07 14:38:21.067,0.89891,0.89904,1.37,1.00
2015.09.07 14:38:21.601,0.89891,0.89904,1.12,1.00
2015.09.07 14:38:21.702,0.89891,0.89906,1.37,3.37
2015.09.07 14:38:28.219,0.89891,0.89906,1.12,1.50
2015.09.07 14:38:28.726,0.89891,0.89906,1.12,1.50
2015.09.07 14:38:32.225,0.89891,0.89906,1.12,1.37
2015.09.07 14:38:45.326,0.89893,0.89908,1.00,1.50
2015.09.07 14:38:45.478,0.89895,0.89909,1.00,1.75
2015.09.07 14:38:46.003,0.89895,0.89908,1.12,1.00
2015.09.07 14:38:46.450,0.89895,0.89908,1.37,1.00
2015.09.07 14:38:46.552,0.89896,0.89912,1.12,1.50
2015.09.07 14:38:46.717,0.89898,0.89912,2.25,1.00
2015.09.07 14:38:47.808,0.89902,0.89912,1.00,1.00
2015.09.07 14:38:48.813,0.89898,0.89912,2.25,1.00
2015.09.07 14:38:48.966,0.89898,0.8991,1.87,1.00
2015.09.07 14:38:49.127,0.89898,0.8991,1.00,1.00
2015.09.07 14:38:49.662,0.89898,0.89911,1.12,1.12
2015.09.07 14:38:50.564,0.89898,0.89912,1.00,1.00
2015.09.07 14:38:51.035,0.89898,0.89908,1.00,1.00
2015.09.07 14:38:51.137,0.89892,0.89908,5.28,2.25
2015.09.07 14:38:51.289,0.89892,0.89906,4.08,2.25
2015.09.07 14:38:51.532,0.89893,0.89907,1.12,1.00
2015.09.07 14:38:51.837,0.89893,0.89908,1.12,1.12
2015.09.07 14:38:53.577,0.89893,0.89907,1.75,1.37
2015.09.07 14:38:53.889,0.89892,0.89906,1.37,1.50
2015.09.07 14:38:54.042,0.89892,0.89909,3.22,1.12
2015.09.07 14:38:54.776,0.89895,0.8991,1.00,1.75
2015.09.07 14:38:55.821,0.89894,0.89907,1.37,1.00
2015.09.07 14:38:55.923,0.89892,0.89906,1.87,1.50
2015.09.07 14:38:56.126,0.89892,0.89905,1.00,1.50
2015.09.07 14:38:56.446,0.89894,0.89908,1.00,2.25
2015.09.07 14:38:57.018,0.89893,0.89908,1.75,1.12
2015.09.07 14:38:57.272,0.89893,0.89909,1.87,1.37
2015.09.07 14:38:58.300,0.89893,0.89907,1.75,1.50
2015.09.07 14:38:58.452,0.89893,0.89905,1.00,1.50
2015.09.07 14:38:58.503,0.89892,0.89905,1.12,2.25
2015.09.07 14:39:03.488,0.89889,0.89903,1.95,1.00
2015.09.07 14:39:04.550,0.89889,0.89903,1.12,1.12
2015.09.07 14:39:05.365,0.89889,0.89903,1.12,1.37
2015.09.07 14:39:05.857,0.89889,0.89903,1.00,1.12
2015.09.07 14:39:11.174,0.89889,0.89903,1.37,1.00
2015.09.07 14:39:13.713,0.89892,0.89903,1.00,1.00
2015.09.07 14:39:17.666,0.89889,0.89903,1.37,1.00
2015.09.07 14:39:18.462,0.89889,0.89903,1.00,1.87
2015.09.07 14:39:19.214,0.89889,0.89902,1.00,1.00
2015.09.07 14:39:21.138,0.89889,0.89903,1.00,2.62
2015.09.07 14:39:21.357,0.89889,0.89901,1.00,1.00
2015.09.07 14:39:21.711,0.89888,0.89901,1.00,1.50
2015.09.07 14:39:21.813,0.89888,0.89901,1.37,1.87
2015.09.07 14:39:21.903,0.89886,0.89901,1.12,1.50
2015.09.07 14:39:22.056,0.89882,0.89898,3.22,1.87
2015.09.07 14:39:22.565,0.89883,0.89898,1.00,2.62
2015.09.07 14:39:25.695,0.89883,0.89898,1.37,2.62
2015.09.07 14:39:26.211,0.89883,0.89898,1.50,2.25
2015.09.07 14:39:28.396,0.89883,0.89899,3.37,1.87
2015.09.07 14:39:28.498,0.89885,0.89899,1.12,1.00
2015.09.07 14:39:28.751,0.89887,0.89901,1.00,1.87
2015.09.07 14:39:29.056,0.89887,0.89897,1.00,1.12
2015.09.07 14:39:29.158,0.89884,0.89896,1.00,1.12
2015.09.07 14:39:29.678,0.89882,0.89895,1.72,1.00
2015.09.07 14:39:30.184,0.89882,0.89894,1.72,1.00
2015.09.07 14:39:31.111,0.89882,0.89894,1.35,1.37
2015.09.07 14:39:36.534,0.89878,0.89892,1.00,1.00
2015.09.07 14:39:39.068,0.89877,0.89893,1.87,1.87
2015.09.07 14:39:39.743,0.89877,0.89893,1.50,1.87
2015.09.07 14:39:41.459,0.89877,0.8989,1.00,1.37
2015.09.07 14:39:43.321,0.89877,0.89891,1.50,1.50
2015.09.07 14:39:43.823,0.89877,0.89891,1.50,1.12
2015.09.07 14:39:44.359,0.89877,0.89891,1.50,1.12
2015.09.07 14:39:44.901,0.89877,0.89893,1.87,2.62
2015.09.07 14:39:46.238,0.89877,0.89892,2.25,1.37
2015.09.07 14:39:46.762,0.89877,0.89892,2.25,1.37
2015.09.07 14:39:47.968,0.89877,0.8989,1.37,1.12
2015.09.07 14:39:48.221,0.89875,0.8989,1.67,1.12
2015.09.07 14:39:54.831,0.89878,0.8989,1.00,3.00
2015.09.07 14:39:55.186,0.89878,0.8989,1.00,2.25
2015.09.07 14:39:56.175,0.89878,0.89891,2.85,1.50
2015.09.07 14:39:56.277,0.89878,0.89893,1.50,1.87
2015.09.07 14:39:56.429,0.89879,0.89893,1.12,1.12
2015.09.07 14:39:56.582,0.89883,0.89896,1.87,1.50
2015.09.07 14:39:56.633,0.89885,0.89897,1.00,1.75
2015.09.07 14:39:56.786,0.89885,0.89898,2.10,2.62
2015.09.07 14:39:56.888,0.89887,0.89898,1.72,1.87
2015.09.07 14:39:56.940,0.89889,0.89901,1.00,1.00
2015.09.07 14:39:57.194,0.89887,0.89901,2.10,1.00
2015.09.07 14:39:58.609,0.89887,0.899,1.50,1.00
2015.09.07 14:40:00.486,0.89887,0.899,2.25,1.00
2015.09.07 14:40:00.638,0.89887,0.89903,2.25,2.25
2015.09.07 14:40:00.954,0.89889,0.89904,1.75,1.00
2015.09.07 14:40:01.265,0.89891,0.89907,2.25,1.87
2015.09.07 14:40:02.242,0.89893,0.89908,1.37,1.12
2015.09.07 14:40:03.046,0.89892,0.89905,1.20,1.00
2015.09.07 14:40:03.198,0.89888,0.89904,1.10,1.87
2015.09.07 14:40:03.401,0.89888,0.89905,1.57,1.12
2015.09.07 14:40:03.503,0.8989,0.89906,1.37,2.62
2015.09.07 14:40:04.953,0.89889,0.89903,1.75,1.00
2015.09.07 14:40:05.106,0.89888,0.89902,1.00,1.00
2015.09.07 14:40:05.580,0.89885,0.89899,3.53,1.37
2015.09.07 14:40:05.631,0.89885,0.89899,2.78,1.50
2015.09.07 14:40:06.500,0.89882,0.89899,2.32,1.50
2015.09.07 14:40:07.287,0.89882,0.89897,1.75,1.00
2015.09.07 14:40:08.315,0.89883,0.89899,1.37,1.87
2015.09.07 14:40:12.443,0.89883,0.89898,1.12,1.00
2015.09.07 14:40:12.646,0.89883,0.89896,1.12,1.00
2015.09.07 14:40:12.748,0.89883,0.89895,1.12,1.00
2015.09.07 14:40:13.294,0.89879,0.89894,1.87,1.12
2015.09.07 14:40:13.850,0.89879,0.89894,1.87,2.25
2015.09.07 14:40:17.731,0.8988,0.89894,1.37,2.25
2015.09.07 14:40:17.983,0.89879,0.89894,2.25,2.25
2015.09.07 14:40:18.512,0.89882,0.89896,1.12,1.87
2015.09.07 14:40:19.265,0.89882,0.89896,1.87,1.12
2015.09.07 14:40:19.771,0.89882,0.89896,1.87,1.00
2015.09.07 14:40:20.598,0.89882,0.89896,1.50,1.37
2015.09.07 14:40:21.113,0.89882,0.89896,1.50,1.37
2015.09.07 14:40:25.620,0.8988,0.89895,1.12,1.50
2015.09.07 14:40:26.126,0.89882,0.89895,1.00,1.50
2015.09.07 14:40:26.568,0.89882,0.8989,1.00,1.00
2015.09.07 14:40:26.822,0.89874,0.89887,3.00,1.00
2015.09.07 14:40:26.873,0.89872,0.89886,1.87,1.00
2015.09.07 14:40:27.379,0.89872,0.89887,1.50,1.50
2015.09.07 14:40:31.540,0.89872,0.89886,1.50,1.50
2015.09.07 14:40:32.046,0.89872,0.89884,1.00,1.12
2015.09.07 14:40:32.975,0.89872,0.89884,1.00,1.50
2015.09.07 14:40:33.128,0.89869,0.89884,1.37,1.50
2015.09.07 14:40:33.634,0.89868,0.89884,1.12,1.50
2015.09.07 14:40:33.787,0.89868,0.89882,1.75,1.50
2015.09.07 14:40:33.888,0.89867,0.89881,1.50,1.00
2015.09.07 14:40:33.940,0.89867,0.89881,1.50,1.37
2015.09.07 14:40:34.807,0.89867,0.89882,1.37,1.87
2015.09.07 14:40:35.478,0.89868,0.89882,1.12,1.12
2015.09.07 14:40:35.756,0.89872,0.89882,1.00,1.12
2015.09.07 14:40:37.274,0.89872,0.89887,1.00,2.62
2015.09.07 14:40:37.325,0.89872,0.89888,1.50,3.07
2015.09.07 14:40:37.377,0.89872,0.89888,1.87,2.25
2015.09.07 14:40:38.550,0.89872,0.89886,1.87,1.00
2015.09.07 14:40:38.702,0.89872,0.89885,1.00,1.00
2015.09.07 14:40:39.252,0.89872,0.89885,1.00,1.50
2015.09.07 14:40:39.760,0.89869,0.89885,1.12,1.50
2015.09.07 14:40:40.609,0.8987,0.89885,1.37,1.50
2015.09.07 14:40:40.781,0.89869,0.89885,1.12,1.50
2015.09.07 14:40:41.288,0.89872,0.89885,1.00,1.50
2015.09.07 14:40:41.491,0.89872,0.89885,1.00,1.50
2015.09.07 14:40:41.760,0.89872,0.89883,1.00,1.00
2015.09.07 14:40:42.369,0.89868,0.89883,1.50,1.12
2015.09.07 14:40:42.673,0.89873,0.89884,1.00,2.25
2015.09.07 14:40:42.926,0.89868,0.89883,1.37,1.00
2015.09.07 14:40:44.905,0.89867,0.89884,1.87,2.62
2015.09.07 14:40:46.653,0.89868,0.89882,1.37,1.37
2015.09.07 14:40:46.755,0.89868,0.89884,1.37,2.62
2015.09.07 14:40:47.276,0.89867,0.89883,1.87,1.50
2015.09.07 14:40:51.133,0.89868,0.89883,1.37,1.50
2015.09.07 14:40:51.671,0.89867,0.89882,1.87,1.37
2015.09.07 14:40:52.194,0.89867,0.89882,1.87,1.12
2015.09.07 14:40:52.491,0.89867,0.89881,1.87,1.00
2015.09.07 14:40:53.299,0.89868,0.89881,1.00,1.00
2015.09.07 14:40:53.350,0.89872,0.89884,1.00,2.25
2015.09.07 14:40:53.493,0.89872,0.89884,1.00,1.12
2015.09.07 14:41:00.464,0.89872,0.89885,1.00,1.75
2015.09.07 14:41:03.278,0.89873,0.89884,1.00,1.37
2015.09.07 14:41:07.769,0.89872,0.89885,1.12,1.37
2015.09.07 14:41:13.003,0.89872,0.89885,1.37,1.87
2015.09.07 14:41:13.533,0.89872,0.89887,1.50,1.87
2015.09.07 14:41:16.341,0.89873,0.89886,1.12,1.00
2015.09.07 14:41:21.007,0.89872,0.89888,3.00,1.12
2015.09.07 14:41:21.564,0.89874,0.89888,1.00,1.37
2015.09.07 14:41:22.233,0.89874,0.89888,1.00,1.12
2015.09.07 14:41:22.610,0.89877,0.8989,1.00,2.25
2015.09.07 14:41:23.117,0.89877,0.89889,1.00,1.00
2015.09.07 14:41:24.352,0.89875,0.89889,1.37,1.50
2015.09.07 14:41:30.275,0.89875,0.89888,1.37,1.00
2015.09.07 14:41:30.781,0.89873,0.89887,1.50,1.50
2015.09.07 14:41:30.883,0.89873,0.89887,1.12,1.87
2015.09.07 14:41:31.391,0.8987,0.89884,1.12,1.00
2015.09.07 14:41:39.176,0.8987,0.89883,1.75,1.00
2015.09.07 14:41:39.752,0.89871,0.89883,1.00,1.00
2015.09.07 14:41:40.056,0.89871,0.89885,1.75,1.00
2015.09.07 14:41:42.982,0.89871,0.89886,1.75,1.00
2015.09.07 14:41:43.387,0.89873,0.89889,1.75,1.00
2015.09.07 14:41:44.250,0.89874,0.89885,1.87,1.00
2015.09.07 14:41:44.302,0.89874,0.89889,1.12,1.50
2015.09.07 14:41:44.454,0.89872,0.89888,1.37,1.12
2015.09.07 14:41:44.507,0.89871,0.89887,1.87,1.12
2015.09.07 14:41:44.913,0.89869,0.89884,1.37,1.12
2015.09.07 14:41:52.393,0.89869,0.89885,1.12,1.12
2015.09.07 14:41:52.940,0.8987,0.89884,1.00,1.00
2015.09.07 14:41:56.094,0.89869,0.89884,1.87,1.50
2015.09.07 14:41:56.571,0.89873,0.89884,1.00,1.00
2015.09.07 14:41:56.825,0.89876,0.89891,1.00,1.87
2015.09.07 14:41:58.757,0.89875,0.89893,1.87,2.25
2015.09.07 14:41:58.808,0.89877,0.89893,1.87,1.50
2015.09.07 14:41:59.222,0.8988,0.89896,1.75,1.87
2015.09.07 14:42:00.006,0.89882,0.89897,1.12,2.25
2015.09.07 14:42:00.533,0.89883,0.89899,1.87,1.12
2015.09.07 14:42:00.634,0.89885,0.89899,1.37,1.00
2015.09.07 14:42:01.344,0.89887,0.89901,1.00,1.12
2015.09.07 14:42:05.621,0.89887,0.89901,1.60,1.75
2015.09.07 14:42:05.723,0.89888,0.89904,2.10,1.75
2015.09.07 14:42:05.926,0.89892,0.89906,1.00,1.50
2015.09.07 14:42:07.421,0.89892,0.89906,1.50,1.37
2015.09.07 14:42:08.914,0.89892,0.89906,1.00,2.25
2015.09.07 14:42:09.510,0.89893,0.89908,1.12,1.50
2015.09.07 14:42:09.562,0.89894,0.89908,1.12,2.25
2015.09.07 14:42:09.714,0.89894,0.89908,1.37,2.25
2015.09.07 14:42:10.220,0.89892,0.89908,2.25,2.25
2015.09.07 14:42:12.016,0.89897,0.8991,1.00,1.47
2015.09.07 14:42:12.271,0.89897,0.89911,1.50,1.10
2015.09.07 14:42:15.358,0.89897,0.89913,1.87,1.12
2015.09.07 14:42:18.024,0.89898,0.89912,1.00,1.37
2015.09.07 14:42:19.644,0.89898,0.89914,1.75,1.50
2015.09.07 14:42:19.948,0.89898,0.89912,1.00,1.37
2015.09.07 14:42:21.149,0.89898,0.89912,1.00,1.12
2015.09.07 14:42:21.591,0.89898,0.89909,1.00,1.00
2015.09.07 14:42:21.693,0.89894,0.89909,1.75,1.37
2015.09.07 14:42:21.744,0.89894,0.89908,1.00,1.00
2015.09.07 14:42:23.018,0.89893,0.89909,1.00,3.00
2015.09.07 14:42:23.613,0.89892,0.89907,1.12,1.87
2015.09.07 14:42:24.134,0.8989,0.89905,1.37,1.00
2015.09.07 14:42:24.449,0.89888,0.89903,2.62,1.00
2015.09.07 14:42:24.754,0.89888,0.89903,1.12,1.50
2015.09.07 14:42:32.680,0.89887,0.89901,1.50,2.62
2015.09.07 14:42:33.262,0.89888,0.89901,1.00,2.62
2015.09.07 14:42:33.839,0.89888,0.89901,1.00,1.87
2015.09.07 14:42:34.093,0.89884,0.899,1.37,1.37
2015.09.07 14:42:34.316,0.89887,0.899,1.00,1.37
2015.09.07 14:42:40.031,0.89885,0.89901,1.00,2.25
2015.09.07 14:42:43.579,0.89882,0.89899,3.22,1.87
2015.09.07 14:42:47.973,0.89888,0.89901,1.00,1.75
2015.09.07 14:42:48.126,0.89888,0.89904,1.50,2.62
2015.09.07 14:42:48.481,0.89889,0.89905,1.87,1.95
2015.09.07 14:42:48.786,0.89892,0.89906,1.50,1.37
2015.09.07 14:42:52.466,0.89891,0.89906,1.37,1.75
2015.09.07 14:42:52.998,0.89891,0.89905,1.00,1.87
2015.09.07 14:42:53.100,0.8989,0.89905,1.35,2.25
2015.09.07 14:42:55.887,0.89888,0.89903,1.37,2.62
2015.09.07 14:42:56.140,0.89887,0.89901,1.00,1.00
2015.09.07 14:42:56.709,0.89885,0.89899,1.37,1.12
2015.09.07 14:42:56.760,0.89883,0.89899,1.75,1.50
2015.09.07 14:42:57.266,0.89884,0.89898,1.00,1.00
2015.09.07 14:42:57.353,0.89884,0.89896,1.00,1.00
2015.09.07 14:42:57.910,0.89884,0.89898,1.00,1.00
2015.09.07 14:42:58.995,0.89883,0.89899,1.12,1.87
2015.09.07 14:42:59.518,0.89884,0.89899,1.50,1.12
2015.09.07 14:43:00.177,0.89884,0.89902,2.25,1.75
2015.09.07 14:43:00.279,0.89886,0.89902,1.75,1.87
2015.09.07 14:43:01.027,0.89886,0.89902,1.12,1.50
2015.09.07 14:43:01.533,0.89885,0.89901,1.12,1.00
2015.09.07 14:43:02.978,0.89885,0.899,1.12,1.00
2015.09.07 14:43:04.710,0.89883,0.899,2.62,1.50
2015.09.07 14:43:05.222,0.89883,0.899,2.25,1.87
2015.09.07 14:43:06.534,0.89883,0.89899,1.75,1.50
2015.09.07 14:43:06.910,0.89882,0.89897,1.12,1.87
2015.09.07 14:43:06.961,0.8988,0.89895,1.95,1.00
2015.09.07 14:43:07.704,0.8988,0.89896,2.25,1.12
2015.09.07 14:43:07.939,0.89881,0.89895,1.12,1.00
2015.09.07 14:43:09.080,0.8988,0.89894,1.37,1.00
2015.09.07 14:43:09.690,0.89879,0.89894,1.37,1.00
2015.09.07 14:43:09.968,0.89877,0.89893,1.95,1.37
2015.09.07 14:43:10.171,0.89875,0.89891,1.75,1.12
2015.09.07 14:43:10.324,0.89875,0.89891,1.75,1.50
2015.09.07 14:43:10.931,0.89876,0.89891,1.00,2.25
2015.09.07 14:43:12.692,0.89875,0.89891,1.75,1.50
2015.09.07 14:43:14.498,0.89875,0.89891,1.12,1.50
2015.09.07 14:43:15.004,0.89873,0.89889,1.75,1.12
2015.09.07 14:43:15.367,0.89871,0.89887,1.12,1.50
2015.09.07 14:43:15.520,0.89871,0.89887,1.12,1.50
2015.09.07 14:43:16.726,0.89869,0.89886,2.25,1.12
2015.09.07 14:43:17.141,0.8987,0.89886,1.37,1.12
2015.09.07 14:43:17.243,0.89869,0.89886,2.25,1.12
2015.09.07 14:43:18.516,0.8987,0.89885,1.37,1.50
2015.09.07 14:43:18.910,0.8987,0.89885,1.37,1.50
2015.09.07 14:43:19.941,0.8987,0.89885,1.37,1.50
2015.09.07 14:43:20.813,0.89871,0.89884,1.00,1.00
2015.09.07 14:43:20.916,0.89867,0.89881,1.20,1.00
2015.09.07 14:43:21.121,0.89867,0.89877,1.00,1.00
2015.09.07 14:43:21.172,0.89867,0.8988,1.00,1.37
2015.09.07 14:43:21.332,0.89862,0.8988,2.62,2.62
2015.09.07 14:43:23.521,0.89864,0.8988,1.12,1.12
2015.09.07 14:43:24.158,0.89864,0.8988,1.12,2.25
2015.09.07 14:43:24.674,0.89862,0.89878,1.75,1.00
2015.09.07 14:43:27.093,0.89863,0.8988,1.12,2.62
2015.09.07 14:43:30.532,0.89865,0.89882,2.25,1.37
2015.09.07 14:43:30.888,0.89872,0.89883,1.00,1.12
2015.09.07 14:43:30.939,0.89871,0.89886,1.50,3.00
2015.09.07 14:43:31.042,0.89872,0.89886,1.00,1.12
2015.09.07 14:43:31.093,0.89871,0.89886,2.62,1.12
2015.09.07 14:43:31.195,0.8987,0.89886,1.75,1.12
2015.09.07 14:43:31.347,0.89869,0.89886,1.75,1.75
2015.09.07 14:43:31.686,0.89868,0.89883,1.37,1.87
2015.09.07 14:43:35.233,0.89865,0.89882,1.87,1.12
2015.09.07 14:43:40.366,0.89865,0.89881,1.87,1.37
2015.09.07 14:43:40.888,0.89866,0.89883,1.12,1.87
2015.09.07 14:43:44.274,0.89866,0.89882,1.50,1.12
2015.09.07 14:43:44.821,0.89866,0.89881,1.00,1.12
2015.09.07 14:43:45.386,0.89865,0.89881,1.00,1.75
2015.09.07 14:43:45.883,0.89864,0.89881,2.62,1.75
2015.09.07 14:43:46.413,0.89867,0.89882,1.37,1.12
2015.09.07 14:43:46.515,0.89864,0.89879,2.62,1.00
2015.09.07 14:43:47.305,0.89864,0.89879,2.62,1.00
2015.09.07 14:43:47.630,0.89863,0.89879,2.25,1.12
2015.09.07 14:43:48.161,0.89864,0.89877,1.00,1.00
2015.09.07 14:43:48.623,0.89862,0.89878,2.10,1.12
2015.09.07 14:43:53.445,0.89862,0.89878,1.67,1.12
2015.09.07 14:43:53.988,0.89862,0.89878,2.85,1.37
2015.09.07 14:43:54.194,0.89862,0.89878,1.35,1.75
2015.09.07 14:43:55.287,0.89862,0.89878,2.10,1.12
2015.09.07 14:43:56.984,0.89862,0.89877,1.35,1.75
2015.09.07 14:43:57.389,0.8986,0.89873,1.00,1.00
2015.09.07 14:43:57.592,0.89861,0.89877,1.30,1.12
2015.09.07 14:43:59.284,0.89859,0.89876,2.62,1.87
2015.09.07 14:43:59.706,0.89862,0.89877,1.37,2.25
2015.09.07 14:44:00.010,0.89864,0.89878,1.37,1.50
2015.09.07 14:44:00.315,0.89864,0.89878,1.50,1.12
2015.09.07 14:44:01.123,0.89864,0.89878,1.50,1.12
2015.09.07 14:44:01.640,0.89864,0.89878,1.50,1.12
2015.09.07 14:44:02.825,0.89864,0.8988,1.50,1.75
2015.09.07 14:44:03.362,0.89863,0.89878,2.05,1.12
2015.09.07 14:44:03.917,0.89864,0.89878,1.00,1.87
2015.09.07 14:44:04.018,0.89863,0.89876,1.12,1.00
2015.09.07 14:44:04.328,0.89859,0.89876,1.12,2.62
2015.09.07 14:44:04.836,0.89859,0.89875,1.37,1.37
2015.09.07 14:44:05.343,0.89859,0.89875,1.37,1.75
2015.09.07 14:44:06.519,0.89859,0.89875,1.37,2.25
2015.09.07 14:44:08.222,0.8986,0.89874,1.00,1.12
2015.09.07 14:44:11.136,0.89859,0.89873,1.37,1.00
2015.09.07 14:44:16.551,0.89857,0.89873,1.75,2.25
2015.09.07 14:44:16.653,0.89857,0.89873,1.00,3.00
2015.09.07 14:44:20.224,0.89858,0.89872,1.00,1.37
2015.09.07 14:44:20.819,0.89856,0.89872,2.47,1.37
2015.09.07 14:44:25.387,0.89857,0.89873,2.25,1.12
2015.09.07 14:44:25.895,0.89859,0.89874,1.37,1.87
2015.09.07 14:44:26.605,0.89859,0.89874,1.75,1.00
2015.09.07 14:44:27.152,0.8986,0.89876,1.37,2.25
2015.09.07 14:44:28.178,0.89862,0.89877,1.12,1.87
2015.09.07 14:44:28.280,0.89862,0.89877,1.37,1.12
2015.09.07 14:44:28.433,0.89864,0.89878,1.37,1.87
2015.09.07 14:44:28.585,0.89864,0.89877,1.00,1.00
2015.09.07 14:44:28.686,0.8986,0.89876,1.12,1.87
2015.09.07 14:44:28.940,0.89858,0.89873,1.87,1.00
2015.09.07 14:44:29.476,0.89861,0.89873,1.12,1.00
2015.09.07 14:44:29.730,0.89859,0.89873,1.00,1.50
2015.09.07 14:44:29.983,0.89858,0.89873,1.75,1.12
2015.09.07 14:44:31.101,0.8986,0.89873,1.12,1.00
2015.09.07 14:44:31.624,0.89861,0.89875,1.00,1.37
2015.09.07 14:44:31.676,0.89861,0.89876,1.37,1.12
2015.09.07 14:44:33.037,0.89861,0.89876,1.37,1.50
2015.09.07 14:44:33.544,0.89861,0.89874,1.00,1.00
2015.09.07 14:44:35.041,0.89861,0.89874,1.37,1.00
2015.09.07 14:44:36.645,0.89861,0.89874,1.87,1.00
2015.09.07 14:44:38.472,0.89862,0.89874,1.00,1.00
2015.09.07 14:44:39.635,0.89861,0.89874,1.12,1.00
2015.09.07 14:44:40.389,0.8986,0.89877,1.75,2.32
2015.09.07 14:44:40.440,0.8986,0.89877,1.75,1.95
2015.09.07 14:44:48.940,0.8986,0.89877,1.75,2.62
2015.09.07 14:44:49.568,0.8986,0.89874,1.37,1.00
2015.09.07 14:44:50.627,0.8986,0.89875,1.37,1.12
2015.09.07 14:44:51.548,0.8986,0.89876,1.12,1.12
2015.09.07 14:44:52.128,0.89862,0.89877,1.00,1.87
2015.09.07 14:44:53.350,0.89862,0.89877,1.00,1.87
2015.09.07 14:44:54.361,0.89861,0.89877,1.00,2.25
2015.09.07 14:44:56.756,0.89861,0.89877,1.37,2.62
2015.09.07 14:45:00.785,0.89861,0.89877,1.12,3.37
2015.09.07 14:45:02.171,0.89862,0.89876,1.00,1.00
2015.09.07 14:45:06.150,0.89862,0.89877,1.37,1.00
2015.09.07 14:45:07.252,0.89862,0.89877,1.00,2.62
2015.09.07 14:45:07.780,0.8986,0.89876,1.37,1.50
2015.09.07 14:45:08.998,0.89861,0.89877,1.12,4.12
2015.09.07 14:45:11.702,0.89862,0.89873,1.87,1.00
2015.09.07 14:45:14.826,0.89861,0.89871,1.12,1.00
2015.09.07 14:45:15.180,0.8986,0.89871,1.37,1.00
2015.09.07 14:45:18.754,0.8986,0.89871,1.12,1.00
2015.09.07 14:45:19.260,0.8986,0.89871,1.37,1.00
2015.09.07 14:45:20.551,0.89861,0.89872,1.00,1.00
2015.09.07 14:45:22.205,0.8986,0.89872,1.12,1.00
2015.09.07 14:45:23.112,0.89861,0.89872,1.00,1.00
2015.09.07 14:45:26.141,0.8986,0.89868,1.37,1.00
2015.09.07 14:45:26.243,0.89858,0.89868,1.00,1.00
2015.09.07 14:45:26.770,0.89855,0.89868,1.50,1.00
2015.09.07 14:45:27.412,0.89855,0.89866,1.72,1.00
2015.09.07 14:45:27.515,0.89852,0.89864,2.85,1.00
2015.09.07 14:45:30.505,0.89854,0.89864,1.67,1.00
2015.09.07 14:45:32.714,0.89854,0.89864,1.00,1.00
2015.09.07 14:45:32.866,0.89853,0.89866,1.72,1.00
2015.09.07 14:45:33.395,0.89853,0.89867,2.05,1.00
2015.09.07 14:45:34.114,0.89853,0.89866,1.72,1.00
2015.09.07 14:45:34.166,0.89853,0.89868,1.72,1.50
2015.09.07 14:45:34.546,0.89856,0.89868,1.00,1.00
2015.09.07 14:45:35.094,0.89855,0.89868,1.00,1.00
2015.09.07 14:45:39.709,0.89853,0.89867,2.05,1.00
2015.09.07 14:45:42.474,0.89853,0.89865,2.05,1.00
2015.09.07 14:45:42.576,0.89853,0.89865,1.30,1.00
2015.09.07 14:45:43.511,0.89853,0.89861,1.30,1.00
2015.09.07 14:45:43.613,0.8985,0.89861,1.30,1.00
2015.09.07 14:45:43.816,0.8985,0.89859,1.30,1.00
2015.09.07 14:45:43.918,0.8985,0.89861,1.30,1.00
2015.09.07 14:45:44.882,0.8985,0.89863,1.30,1.12
2015.09.07 14:45:47.423,0.89852,0.89865,1.12,1.37
2015.09.07 14:45:50.028,0.89853,0.89865,1.00,1.50
2015.09.07 14:45:50.549,0.89853,0.89863,1.00,1.12
2015.09.07 14:45:51.032,0.89852,0.89865,2.10,1.12
2015.09.07 14:45:51.589,0.89852,0.89864,1.50,1.00
2015.09.07 14:45:52.567,0.89852,0.89864,1.00,1.12
2015.09.07 14:45:53.100,0.89853,0.89864,1.00,1.12
2015.09.07 14:45:53.606,0.89852,0.89864,1.00,1.37
2015.09.07 14:45:54.154,0.89852,0.89862,1.00,1.00
2015.09.07 14:45:54.705,0.89851,0.89862,1.00,1.00
2015.09.07 14:45:55.278,0.89852,0.89862,1.00,1.00
2015.09.07 14:45:55.867,0.89851,0.89862,1.00,1.00
2015.09.07 14:45:59.612,0.89851,0.89864,1.00,1.12
2015.09.07 14:46:00.451,0.89851,0.89864,1.12,1.37
2015.09.07 14:46:00.962,0.89851,0.89864,1.00,1.00
2015.09.07 14:46:06.697,0.89851,0.89863,1.00,1.12
2015.09.07 14:46:09.089,0.89849,0.89861,2.47,1.00
2015.09.07 14:46:09.590,0.89849,0.89861,1.72,1.00
2015.09.07 14:46:11.092,0.89849,0.89863,1.72,1.00
2015.09.07 14:46:11.607,0.8985,0.89864,1.30,1.12
2015.09.07 14:46:11.759,0.8985,0.89861,1.30,1.00
2015.09.07 14:46:16.097,0.8985,0.89862,1.30,1.00
2015.09.07 14:46:16.990,0.89848,0.89861,1.50,1.00
2015.09.07 14:46:17.142,0.89848,0.89859,1.00,1.00
2015.09.07 14:46:18.580,0.89845,0.89859,1.87,1.87
2015.09.07 14:46:20.147,0.89845,0.89857,1.00,1.37
2015.09.07 14:46:20.351,0.89845,0.89858,1.50,1.00
2015.09.07 14:46:21.138,0.89845,0.89857,1.00,1.00
2015.09.07 14:46:21.189,0.89842,0.89855,1.87,1.00
2015.09.07 14:46:21.392,0.89842,0.89854,1.00,1.00
2015.09.07 14:46:21.948,0.89841,0.89854,1.00,1.00
2015.09.07 14:46:22.050,0.89841,0.89852,1.00,1.00
2015.09.07 14:46:22.597,0.8984,0.89852,1.00,1.00
2015.09.07 14:46:23.127,0.8984,0.89852,1.00,1.50
2015.09.07 14:46:30.678,0.8984,0.89849,1.00,1.12
2015.09.07 14:46:31.227,0.8984,0.89849,1.00,1.50
2015.09.07 14:46:31.532,0.89839,0.89847,1.00,1.37
2015.09.07 14:46:31.633,0.89832,0.89845,1.37,1.00
2015.09.07 14:46:31.735,0.8983,0.89843,1.12,1.00
2015.09.07 14:46:31.836,0.89829,0.89843,1.87,2.25
2015.09.07 14:46:32.332,0.89829,0.89845,3.00,1.12
2015.09.07 14:46:37.193,0.89829,0.89846,1.87,1.12
2015.09.07 14:46:37.245,0.89829,0.89845,1.50,1.12
2015.09.07 14:46:37.920,0.89832,0.89845,1.00,1.00
2015.09.07 14:46:42.616,0.89832,0.89844,1.00,1.00
2015.09.07 14:46:43.211,0.89832,0.89845,1.00,1.00
2015.09.07 14:46:46.358,0.89832,0.89844,1.00,1.00
2015.09.07 14:46:46.518,0.89828,0.89844,1.75,1.50
2015.09.07 14:46:46.722,0.89828,0.89844,1.12,1.87
2015.09.07 14:46:49.114,0.89828,0.89843,1.00,1.12
2015.09.07 14:46:49.725,0.89828,0.89844,1.12,1.75
2015.09.07 14:46:51.533,0.89828,0.89845,1.95,2.62
2015.09.07 14:46:51.838,0.89828,0.89843,1.47,1.37
2015.09.07 14:46:52.503,0.89828,0.89845,1.95,1.75
2015.09.07 14:46:57.044,0.89829,0.89846,1.12,3.00
2015.09.07 14:47:00.573,0.89829,0.89845,1.37,2.25
2015.09.07 14:47:04.282,0.89828,0.89845,1.12,1.87
2015.09.07 14:47:04.917,0.89832,0.89846,1.00,1.12
2015.09.07 14:47:05.043,0.89832,0.89847,1.12,1.37
2015.09.07 14:47:06.455,0.89832,0.89847,1.00,1.87
2015.09.07 14:47:07.107,0.8983,0.89845,1.12,1.50
2015.09.07 14:47:07.411,0.89829,0.89844,1.50,1.12
2015.09.07 14:47:08.063,0.89829,0.89844,1.00,1.12
2015.09.07 14:47:08.164,0.89829,0.89845,1.12,3.00
2015.09.07 14:47:09.064,0.89829,0.89844,1.00,1.12
2015.09.07 14:47:09.691,0.89829,0.89844,1.37,1.12
2015.09.07 14:47:10.227,0.89829,0.89843,1.87,1.00
2015.09.07 14:47:10.733,0.8983,0.89843,1.50,1.00
2015.09.07 14:47:11.246,0.8983,0.89843,1.12,1.00
2015.09.07 14:47:11.771,0.8983,0.89843,1.12,1.00
2015.09.07 14:47:14.822,0.8983,0.89843,1.00,1.00
2015.09.07 14:47:19.733,0.8983,0.89843,1.37,1.00
2015.09.07 14:47:20.632,0.89831,0.89843,1.37,1.00
2015.09.07 14:47:20.734,0.89832,0.89847,1.75,1.87
2015.09.07 14:47:20.785,0.89832,0.89848,1.87,1.37
2015.09.07 14:47:21.019,0.89833,0.89848,1.50,1.37
2015.09.07 14:47:21.732,0.89833,0.89849,1.50,1.87
2015.09.07 14:47:23.604,0.89833,0.89849,1.50,1.87
2015.09.07 14:47:24.109,0.89833,0.89848,1.57,1.37
2015.09.07 14:47:25.020,0.89833,0.89849,1.57,2.25
2015.09.07 14:47:25.121,0.89833,0.89849,1.57,1.87
2015.09.07 14:47:25.658,0.89833,0.89849,1.57,2.25
2015.09.07 14:47:26.945,0.89832,0.89849,2.25,2.25
2015.09.07 14:47:27.508,0.89832,0.89849,2.25,2.25
2015.09.07 14:47:28.046,0.89832,0.89848,2.25,1.37
2015.09.07 14:47:29.250,0.89835,0.89848,1.00,1.37
2015.09.07 14:47:34.034,0.89833,0.8985,2.32,3.00
2015.09.07 14:47:34.654,0.89835,0.89849,1.00,1.50
2015.09.07 14:47:36.068,0.89833,0.89849,2.25,1.12
2015.09.07 14:47:36.769,0.89833,0.89849,2.25,1.12
2015.09.07 14:47:38.433,0.89833,0.89849,2.25,1.37
2015.09.07 14:47:39.172,0.89833,0.89849,2.25,1.12
2015.09.07 14:47:43.233,0.89835,0.89849,1.00,1.37
2015.09.07 14:47:43.869,0.89833,0.89849,1.75,1.37
2015.09.07 14:47:46.845,0.89833,0.8985,1.87,1.12
2015.09.07 14:47:47.392,0.89833,0.8985,2.62,1.75
2015.09.07 14:47:50.337,0.89835,0.89851,1.12,2.25
2015.09.07 14:47:51.758,0.89835,0.89851,1.12,2.25
2015.09.07 14:47:52.278,0.89835,0.89851,1.12,1.87
2015.09.07 14:47:55.172,0.89836,0.89851,1.00,1.12
2015.09.07 14:47:58.769,0.89835,0.89852,1.87,4.50
2015.09.07 14:48:06.421,0.89835,0.8985,1.87,1.37
2015.09.07 14:48:07.078,0.89835,0.89851,1.50,2.62
2015.09.07 14:48:17.536,0.89836,0.89851,1.37,1.12
2015.09.07 14:48:17.689,0.89839,0.89854,1.00,2.62
2015.09.07 14:48:19.945,0.89838,0.89853,1.12,1.37
2015.09.07 14:48:20.121,0.89839,0.89854,1.00,2.62
2015.09.07 14:48:22.953,0.89838,0.89854,1.87,1.75
2015.09.07 14:48:25.201,0.89837,0.89851,1.37,1.00
2015.09.07 14:48:26.123,0.89837,0.89851,1.12,1.00
2015.09.07 14:48:27.081,0.89836,0.89853,2.25,1.00
2015.09.07 14:48:27.386,0.89834,0.89851,1.87,1.12
2015.09.07 14:48:27.928,0.89837,0.89851,1.00,1.12
2015.09.07 14:48:28.469,0.89838,0.89851,1.12,1.00
2015.09.07 14:48:28.570,0.89838,0.89851,1.37,1.00
2015.09.07 14:48:28.893,0.8984,0.89856,1.37,3.00
2015.09.07 14:48:29.489,0.89842,0.89856,1.50,1.00
2015.09.07 14:48:30.016,0.89842,0.89859,2.25,1.50
2015.09.07 14:48:31.884,0.89844,0.89859,1.50,1.50
2015.09.07 14:48:31.986,0.89848,0.8986,1.12,1.20
2015.09.07 14:48:32.139,0.89849,0.89863,1.12,1.47
2015.09.07 14:48:32.493,0.89849,0.89865,1.50,1.37
2015.09.07 14:48:32.545,0.89851,0.89865,1.00,1.12
2015.09.07 14:48:39.038,0.89851,0.89865,1.00,1.87
2015.09.07 14:48:39.905,0.89851,0.89863,1.00,1.00
2015.09.07 14:48:45.862,0.8985,0.89863,1.00,1.50
2015.09.07 14:48:52.589,0.8985,0.89862,1.00,1.00
2015.09.07 14:48:54.044,0.89845,0.89862,1.20,1.50
2015.09.07 14:49:08.453,0.89843,0.89861,3.00,1.50
2015.09.07 14:49:12.560,0.89848,0.89862,1.00,1.50
2015.09.07 14:49:19.992,0.89849,0.89863,1.00,1.12
2015.09.07 14:49:20.502,0.89849,0.89863,1.00,1.37
2015.09.07 14:49:21.260,0.89849,0.89863,1.00,1.00
2015.09.07 14:49:23.085,0.89848,0.89863,1.00,1.50
2015.09.07 14:49:24.793,0.89848,0.89865,1.50,3.00
2015.09.07 14:49:25.705,0.8985,0.89865,1.37,2.25
2015.09.07 14:49:29.197,0.89849,0.89862,1.00,1.12
2015.09.07 14:49:29.501,0.89847,0.8986,1.00,1.00
2015.09.07 14:49:31.326,0.89843,0.8986,1.75,1.50
2015.09.07 14:49:31.681,0.89844,0.89862,2.25,1.87
2015.09.07 14:49:34.639,0.89846,0.89863,1.87,1.12
2015.09.07 14:49:34.690,0.89848,0.89864,1.00,1.75
2015.09.07 14:49:35.197,0.89847,0.89864,1.12,1.75
2015.09.07 14:49:38.815,0.89847,0.89864,1.37,1.75
2015.09.07 14:49:39.656,0.89847,0.89863,1.37,1.87
2015.09.07 14:49:42.434,0.89846,0.89862,1.12,1.00
2015.09.07 14:49:43.172,0.89845,0.89863,2.25,1.87
2015.09.07 14:49:43.223,0.89845,0.89861,2.25,1.12
2015.09.07 14:49:47.253,0.89845,0.89859,1.00,1.00
2015.09.07 14:49:48.690,0.89845,0.89859,1.37,1.00
2015.09.07 14:49:49.390,0.89845,0.89859,1.00,1.00
2015.09.07 14:49:50.929,0.89845,0.89862,1.37,1.75
2015.09.07 14:49:51.448,0.89845,0.89862,1.87,1.12
2015.09.07 14:49:52.180,0.89846,0.89862,1.00,1.12
2015.09.07 14:49:59.439,0.89845,0.89861,1.87,1.87
2015.09.07 14:49:59.945,0.89846,0.89862,1.50,1.12
2015.09.07 14:50:00.103,0.89846,0.89863,1.50,2.25
2015.09.07 14:50:00.747,0.89846,0.89863,1.50,2.25
2015.09.07 14:50:01.941,0.89847,0.89863,1.37,2.25
2015.09.07 14:50:02.396,0.8985,0.89863,1.00,1.12
2015.09.07 14:50:02.548,0.8985,0.89864,1.00,1.50
2015.09.07 14:50:02.852,0.8985,0.89865,1.37,1.50
2015.09.07 14:50:03.768,0.89849,0.89864,1.37,1.75
2015.09.07 14:50:04.459,0.89847,0.89863,1.50,1.75
2015.09.07 14:50:04.966,0.89847,0.89863,1.50,1.12
2015.09.07 14:50:05.506,0.89848,0.89864,1.37,1.87
2015.09.07 14:50:05.775,0.89847,0.89862,1.37,1.37
2015.09.07 14:50:14.391,0.89847,0.89863,1.12,1.87
2015.09.07 14:50:16.853,0.89847,0.89861,1.87,1.00
2015.09.07 14:50:17.258,0.89849,0.89862,1.00,1.00
2015.09.07 14:50:18.472,0.89847,0.89861,1.00,1.00
2015.09.07 14:50:24.078,0.89845,0.89861,1.12,1.12
2015.09.07 14:50:24.381,0.89844,0.8986,1.20,1.75
2015.09.07 14:50:30.497,0.89843,0.89858,1.87,1.37
2015.09.07 14:50:31.089,0.89845,0.89861,1.00,1.75
2015.09.07 14:50:31.393,0.89846,0.89863,1.50,1.20
2015.09.07 14:50:33.518,0.89847,0.89863,1.50,1.12
2015.09.07 14:50:33.908,0.89847,0.89863,1.12,1.12
2015.09.07 14:50:34.916,0.89846,0.89863,1.87,1.75
2015.09.07 14:50:35.426,0.89847,0.89863,1.00,1.12
2015.09.07 14:50:40.581,0.89844,0.89862,1.87,1.12
2015.09.07 14:50:40.632,0.89844,0.8986,1.37,1.37
2015.09.07 14:50:40.914,0.89843,0.89857,1.12,1.00
2015.09.07 14:50:42.534,0.89841,0.89858,1.50,1.87
2015.09.07 14:50:42.637,0.89842,0.89858,1.37,1.87
2015.09.07 14:50:43.093,0.8984,0.89858,1.87,2.62
2015.09.07 14:50:43.772,0.8984,0.89857,1.50,1.12
2015.09.07 14:50:45.214,0.89838,0.89851,1.50,1.00
2015.09.07 14:50:45.518,0.89835,0.89851,2.62,1.75
2015.09.07 14:50:49.190,0.89833,0.89851,1.87,2.62
2015.09.07 14:50:49.294,0.89836,0.89851,1.00,1.87
2015.09.07 14:50:49.802,0.89836,0.89852,1.37,1.87
2015.09.07 14:50:53.521,0.89836,0.89852,1.87,1.12
2015.09.07 14:50:54.181,0.89836,0.89851,1.12,1.00
2015.09.07 14:50:54.713,0.89836,0.89851,1.37,1.50
2015.09.07 14:50:58.020,0.89837,0.89851,1.37,1.00
2015.09.07 14:50:58.518,0.89841,0.89853,1.00,1.00
2015.09.07 14:50:58.822,0.89845,0.89858,1.00,3.00
2015.09.07 14:50:59.025,0.89845,0.89858,1.75,1.87
2015.09.07 14:50:59.462,0.89846,0.89862,1.12,1.12
2015.09.07 14:51:01.787,0.89847,0.89862,1.12,1.00
2015.09.07 14:51:02.242,0.89846,0.8986,1.00,1.00
2015.09.07 14:51:03.824,0.89842,0.8986,2.25,1.75
2015.09.07 14:51:05.172,0.89841,0.89856,1.75,1.00
2015.09.07 14:51:05.599,0.89841,0.89856,1.37,1.50
2015.09.07 14:51:09.781,0.8984,0.89855,1.00,1.75
2015.09.07 14:51:11.844,0.89837,0.89854,1.20,1.87
2015.09.07 14:51:12.371,0.89837,0.89854,1.20,1.87
2015.09.07 14:51:14.703,0.89837,0.89854,1.20,1.87
2015.09.07 14:51:18.463,0.89839,0.89855,1.12,1.87
2015.09.07 14:51:18.921,0.89843,0.89856,1.00,1.12
2015.09.07 14:51:22.954,0.89842,0.89856,1.12,1.12
2015.09.07 14:51:23.165,0.89842,0.89858,1.50,1.87
2015.09.07 14:51:23.721,0.89842,0.89858,1.50,1.87
2015.09.07 14:51:25.164,0.89843,0.89858,1.37,1.12
2015.09.07 14:51:25.667,0.89843,0.89859,1.12,1.75
2015.09.07 14:51:27.438,0.89843,0.8986,1.87,1.87
2015.09.07 14:51:27.489,0.89848,0.8986,1.00,1.12
2015.09.07 14:51:28.747,0.89848,0.8986,1.00,1.50
2015.09.07 14:51:29.302,0.89845,0.8986,1.12,1.50
2015.09.07 14:51:29.846,0.89843,0.89859,1.87,1.37
2015.09.07 14:51:30.198,0.89844,0.89859,1.00,1.50
2015.09.07 14:51:30.550,0.89843,0.89859,1.87,1.87
2015.09.07 14:51:33.080,0.89842,0.89858,2.25,1.00
2015.09.07 14:51:33.491,0.89841,0.89854,1.00,1.00
2015.09.07 14:51:34.260,0.89841,0.89854,1.37,1.00
2015.09.07 14:51:34.856,0.89841,0.89854,1.12,1.00
2015.09.07 14:51:49.011,0.8984,0.89856,1.35,2.25
2015.09.07 14:51:50.200,0.8984,0.89855,1.67,1.37
2015.09.07 14:51:50.902,0.8984,0.89856,1.35,2.25
2015.09.07 14:51:51.409,0.8984,0.89856,1.67,1.12
2015.09.07 14:51:51.713,0.89839,0.89852,1.37,1.00
2015.09.07 14:51:51.814,0.89839,0.89852,1.00,1.00
2015.09.07 14:51:52.621,0.89839,0.89854,1.37,1.37
2015.09.07 14:51:58.067,0.89841,0.89856,1.37,1.12
2015.09.07 14:52:02.558,0.89841,0.89858,1.12,1.87
2015.09.07 14:52:03.214,0.89842,0.89858,1.00,1.87
2015.09.07 14:52:05.826,0.89841,0.89858,1.12,1.87
2015.09.07 14:52:08.360,0.89842,0.89858,1.50,1.87
2015.09.07 14:52:08.956,0.89842,0.89858,1.50,2.25
2015.09.07 14:52:09.463,0.89842,0.89856,1.00,1.12
2015.09.07 14:52:13.975,0.89843,0.89856,2.25,1.12
2015.09.07 14:52:14.098,0.89843,0.89859,3.00,1.37
2015.09.07 14:52:14.200,0.89846,0.89862,1.12,1.50
2015.09.07 14:52:14.830,0.89846,0.89858,1.12,1.00
2015.09.07 14:52:14.881,0.89845,0.89858,1.85,1.00
2015.09.07 14:52:15.086,0.89843,0.89858,1.50,1.50
2015.09.07 14:52:15.188,0.89843,0.89858,1.12,1.50
2015.09.07 14:52:19.007,0.89842,0.89856,1.87,1.00
2015.09.07 14:52:19.516,0.89842,0.89856,1.87,1.00
2015.09.07 14:52:20.061,0.89842,0.89856,1.87,1.00
2015.09.07 14:52:21.301,0.89842,0.89856,1.87,1.00
2015.09.07 14:52:21.969,0.89843,0.89859,1.37,1.75
2015.09.07 14:52:30.225,0.89843,0.8986,1.87,1.87
2015.09.07 14:52:30.529,0.89845,0.89862,3.00,1.12
2015.09.07 14:52:30.631,0.89847,0.89863,1.12,1.50
2015.09.07 14:52:35.858,0.89847,0.89864,2.62,1.12
2015.09.07 14:52:35.959,0.89847,0.89863,1.87,1.50
2015.09.07 14:52:36.116,0.89848,0.89864,1.50,2.25
2015.09.07 14:52:38.073,0.8985,0.89864,1.12,1.75
2015.09.07 14:52:38.124,0.89852,0.89864,1.00,1.75
2015.09.07 14:52:38.225,0.89852,0.89866,1.12,1.87
2015.09.07 14:52:38.377,0.89853,0.89866,1.72,1.12
2015.09.07 14:52:38.630,0.89854,0.89868,1.00,1.87
2015.09.07 14:52:39.251,0.89853,0.89868,2.47,1.87
2015.09.07 14:52:46.162,0.89853,0.89868,1.42,2.25
2015.09.07 14:52:54.224,0.89852,0.89867,1.37,2.25
2015.09.07 14:52:55.201,0.89852,0.89863,1.37,1.37
2015.09.07 14:52:55.252,0.89848,0.89863,1.42,1.50
2015.09.07 14:52:55.303,0.89847,0.89863,2.62,2.25
2015.09.07 14:52:55.457,0.89847,0.89859,1.00,1.12
2015.09.07 14:52:55.512,0.89844,0.89858,2.25,1.87
2015.09.07 14:52:55.829,0.89844,0.89857,2.25,1.37
2015.09.07 14:53:11.076,0.89844,0.89858,1.00,1.00
2015.09.07 14:53:12.630,0.89841,0.89859,1.87,1.12
2015.09.07 14:53:20.977,0.89841,0.89855,1.37,1.12
2015.09.07 14:53:21.322,0.8984,0.89855,1.00,1.75
2015.09.07 14:53:29.613,0.89839,0.89856,2.25,1.12
2015.09.07 14:53:30.120,0.89841,0.89857,1.00,1.75
2015.09.07 14:53:30.755,0.89842,0.89857,1.00,1.12
2015.09.07 14:53:31.371,0.89841,0.89857,1.00,1.12
2015.09.07 14:53:33.049,0.89842,0.89857,1.00,1.12
2015.09.07 14:53:33.201,0.89843,0.89858,1.00,1.87
2015.09.07 14:53:40.244,0.8984,0.89857,1.87,1.37
2015.09.07 14:53:44.814,0.89842,0.89858,1.50,1.12
2015.09.07 14:53:45.320,0.89843,0.89857,1.12,1.00
2015.09.07 14:53:47.436,0.89843,0.89857,1.37,1.00
2015.09.07 14:53:51.978,0.89843,0.89857,1.50,1.00
2015.09.07 14:53:52.514,0.89843,0.89857,1.00,1.37
2015.09.07 14:53:54.314,0.8984,0.89857,2.25,1.37
2015.09.07 14:53:56.927,0.8984,0.89856,1.12,1.50
2015.09.07 14:53:57.029,0.89839,0.89855,1.75,1.12
2015.09.07 14:53:59.031,0.89837,0.89854,5.47,1.12
2015.09.07 14:54:05.393,0.89837,0.89851,1.87,1.00
2015.09.07 14:54:07.158,0.89837,0.89854,1.87,1.87
2015.09.07 14:54:09.083,0.89837,0.89852,1.50,1.37
2015.09.07 14:54:22.623,0.89835,0.8985,2.25,1.00
2015.09.07 14:54:22.674,0.89835,0.8985,1.87,1.12
2015.09.07 14:54:22.977,0.89834,0.8985,1.35,1.87
2015.09.07 14:54:23.281,0.89833,0.89845,2.25,1.12
2015.09.07 14:54:23.496,0.89827,0.89841,2.10,1.00
2015.09.07 14:54:24.321,0.89827,0.89841,1.50,1.00
2015.09.07 14:54:28.953,0.89828,0.89841,1.12,1.00
2015.09.07 14:54:30.152,0.89827,0.89841,1.12,1.00
2015.09.07 14:54:31.838,0.89825,0.89842,1.37,1.75
2015.09.07 14:54:31.890,0.89823,0.89841,2.62,2.25
2015.09.07 14:54:43.618,0.89822,0.89838,1.37,1.50
2015.09.07 14:54:43.951,0.89822,0.89838,1.00,1.87
2015.09.07 14:54:44.256,0.89822,0.89837,1.75,1.12
2015.09.07 14:54:44.732,0.89821,0.89837,1.87,1.50
2015.09.07 14:54:44.783,0.89822,0.89837,1.75,1.37
2015.09.07 14:54:44.935,0.89823,0.89837,1.00,1.50
2015.09.07 14:54:45.696,0.89821,0.89837,2.25,1.50
2015.09.07 14:54:45.812,0.89821,0.89837,1.87,1.87
2015.09.07 14:54:46.328,0.8982,0.89836,1.00,1.75
2015.09.07 14:54:46.670,0.8982,0.89836,1.50,1.12
2015.09.07 14:54:46.822,0.89823,0.89837,1.00,1.50
2015.09.07 14:54:46.925,0.89821,0.89835,1.00,1.00
2015.09.07 14:54:48.888,0.89821,0.89834,1.00,1.00
2015.09.07 14:54:49.439,0.89819,0.89834,1.67,1.50
2015.09.07 14:54:52.564,0.89819,0.89834,1.35,1.50
2015.09.07 14:54:54.580,0.89819,0.89835,2.10,1.75
2015.09.07 14:54:55.100,0.89819,0.89835,2.10,1.75
2015.09.07 14:54:56.000,0.89821,0.89836,1.37,1.12
2015.09.07 14:54:56.102,0.89821,0.89837,1.75,1.12
2015.09.07 14:54:56.153,0.89823,0.89839,1.00,3.00
2015.09.07 14:54:56.659,0.89822,0.89839,1.12,2.62
2015.09.07 14:54:57.165,0.89823,0.89839,1.00,3.00
2015.09.07 14:54:57.745,0.89822,0.89838,1.12,1.75
2015.09.07 14:54:59.219,0.89823,0.89838,1.00,1.75
2015.09.07 14:55:03.138,0.89825,0.89839,1.00,1.37
2015.09.07 14:55:03.189,0.89824,0.8984,1.00,1.87
2015.09.07 14:55:03.707,0.89825,0.8984,1.00,1.50
2015.09.07 14:55:09.976,0.89824,0.89839,1.00,1.50
2015.09.07 14:55:10.553,0.89822,0.89838,1.50,1.87
2015.09.07 14:55:11.881,0.89819,0.89835,2.10,1.37
2015.09.07 14:55:11.983,0.89822,0.89837,1.37,1.50
2015.09.07 14:55:12.258,0.89822,0.89836,1.00,1.37
2015.09.07 14:55:13.758,0.89823,0.89836,1.00,1.00
2015.09.07 14:55:20.851,0.89823,0.89837,1.87,1.37
2015.09.07 14:55:20.902,0.89824,0.8984,1.00,2.62
2015.09.07 14:55:21.054,0.89824,0.8984,1.50,1.87
2015.09.07 14:55:21.560,0.89825,0.8984,1.37,1.50
2015.09.07 14:55:22.235,0.89826,0.89842,1.37,1.12
2015.09.07 14:55:22.286,0.89827,0.89841,1.00,1.00
2015.09.07 14:55:22.670,0.89827,0.89841,1.87,1.00
2015.09.07 14:55:23.182,0.89829,0.89843,1.00,1.50
2015.09.07 14:55:27.688,0.89828,0.89844,1.12,1.75
2015.09.07 14:55:28.234,0.8983,0.89844,1.00,1.12
2015.09.07 14:55:28.741,0.89829,0.89844,1.12,1.12
2015.09.07 14:55:29.626,0.89829,0.89844,1.12,1.12
2015.09.07 14:55:29.728,0.8983,0.89845,1.00,1.50
2015.09.07 14:55:29.880,0.89833,0.89846,1.37,1.12
2015.09.07 14:55:29.982,0.89832,0.89847,1.00,1.87
2015.09.07 14:55:30.579,0.89831,0.89847,1.00,1.87
2015.09.07 14:55:32.134,0.8983,0.89847,1.12,1.87
2015.09.07 14:55:33.109,0.89831,0.89847,1.00,1.87
2015.09.07 14:55:34.097,0.8983,0.89847,1.12,1.87
2015.09.07 14:55:34.601,0.8983,0.89847,1.12,1.87
2015.09.07 14:55:34.855,0.89834,0.8985,1.75,1.37
2015.09.07 14:55:35.404,0.89834,0.89851,1.75,1.12
2015.09.07 14:55:35.822,0.89834,0.8985,1.75,1.50
2015.09.07 14:55:36.227,0.89833,0.89848,1.37,1.87
2015.09.07 14:55:36.429,0.89833,0.89848,1.37,1.87
2015.09.07 14:55:36.633,0.89831,0.89847,1.12,1.12
2015.09.07 14:55:37.167,0.89832,0.89846,1.00,1.12
2015.09.07 14:55:43.242,0.89829,0.89845,1.12,2.25
2015.09.07 14:55:43.545,0.89829,0.89845,1.00,2.25
2015.09.07 14:55:48.039,0.89828,0.89845,1.87,1.87
2015.09.07 14:55:48.871,0.89828,0.89845,1.12,2.25
2015.09.07 14:55:49.398,0.89828,0.89844,1.37,1.87
2015.09.07 14:55:54.867,0.89829,0.89843,1.00,1.87
2015.09.07 14:55:56.829,0.89826,0.89842,1.20,1.87
2015.09.07 14:55:57.029,0.89823,0.89836,1.87,1.00
2015.09.07 14:55:57.132,0.89821,0.89837,1.12,1.12
2015.09.07 14:55:57.642,0.89821,0.89834,1.12,1.00
2015.09.07 14:55:57.961,0.89818,0.89834,2.25,1.37
2015.09.07 14:55:58.470,0.89818,0.89834,1.87,1.12
2015.09.07 14:56:19.488,0.89818,0.89833,1.50,1.50
2015.09.07 14:56:21.759,0.89818,0.89833,2.25,1.50
2015.09.07 14:56:22.559,0.89818,0.89831,2.25,1.00
2015.09.07 14:56:23.101,0.89818,0.89831,1.47,1.00
2015.09.07 14:56:27.074,0.89817,0.89831,1.87,1.12
2015.09.07 14:56:32.147,0.89816,0.89829,1.75,1.50
2015.09.07 14:56:32.369,0.89814,0.89826,1.12,1.12
2015.09.07 14:56:32.420,0.89814,0.89824,1.00,1.00
2015.09.07 14:56:32.724,0.89814,0.89822,1.00,1.00
2015.09.07 14:56:33.229,0.89813,0.89822,1.00,1.00
2015.09.07 14:56:33.957,0.89813,0.89821,1.00,1.00
2015.09.07 14:56:34.009,0.8981,0.89821,1.00,1.50
2015.09.07 14:56:51.521,0.8981,0.89823,1.00,1.50
2015.09.07 14:56:52.885,0.8981,0.89823,1.37,1.87
2015.09.07 14:56:54.773,0.8981,0.89823,1.00,1.50
2015.09.07 14:56:57.480,0.8981,0.89821,1.00,1.00
2015.09.07 14:57:02.926,0.8981,0.89822,1.00,1.12
2015.09.07 14:57:09.053,0.8981,0.89822,1.00,1.50
2015.09.07 14:57:15.783,0.8981,0.89821,1.00,1.50
2015.09.07 14:57:16.902,0.89805,0.89821,1.12,2.25
2015.09.07 14:57:17.319,0.89805,0.89818,1.12,1.00
2015.09.07 14:57:17.851,0.89803,0.89818,1.80,1.37
2015.09.07 14:57:27.355,0.89803,0.89816,1.80,1.00
2015.09.07 14:57:30.282,0.89801,0.89816,2.10,1.50
2015.09.07 14:57:30.810,0.89801,0.89815,2.10,1.00
2015.09.07 14:57:30.861,0.89801,0.89813,1.72,1.00
2015.09.07 14:57:31.390,0.89801,0.89813,1.30,1.37
2015.09.07 14:57:34.926,0.89801,0.89815,1.67,1.12
2015.09.07 14:57:35.256,0.89804,0.89819,1.35,1.75
2015.09.07 14:57:35.781,0.89805,0.8982,1.27,1.87
2015.09.07 14:57:36.090,0.89804,0.8982,1.12,1.50
2015.09.07 14:57:36.407,0.89803,0.89817,1.50,1.12
2015.09.07 14:57:36.711,0.89805,0.89819,1.37,1.37
2015.09.07 14:57:37.268,0.89804,0.89819,1.75,1.37
2015.09.07 14:57:37.665,0.89803,0.89818,1.37,1.50
2015.09.07 14:57:37.828,0.89802,0.89816,1.10,1.00
2015.09.07 14:57:38.886,0.89802,0.89815,1.10,1.00
2015.09.07 14:57:39.038,0.89802,0.89811,1.10,1.00
2015.09.07 14:57:39.342,0.89798,0.89812,1.87,1.00
2015.09.07 14:57:39.545,0.89798,0.89812,1.20,1.12
2015.09.07 14:57:39.682,0.89798,0.8981,1.20,1.00
2015.09.07 14:57:40.190,0.89795,0.89809,1.75,1.12
2015.09.07 14:57:40.495,0.89792,0.89805,1.50,1.00
2015.09.07 14:57:40.547,0.89791,0.89805,1.20,1.00
2015.09.07 14:57:40.710,0.89789,0.89805,3.37,1.00
2015.09.07 14:57:40.963,0.89789,0.89805,2.32,1.00
2015.09.07 14:57:41.166,0.89792,0.89805,1.00,1.00
2015.09.07 14:57:41.268,0.89789,0.89805,1.95,1.00
2015.09.07 14:57:41.369,0.89789,0.89804,1.95,1.37
2015.09.07 14:57:42.253,0.89789,0.89804,1.87,1.50
2015.09.07 14:57:42.558,0.89786,0.89803,1.50,1.37
2015.09.07 14:57:42.964,0.89782,0.89801,3.37,1.00
2015.09.07 14:57:43.300,0.89782,0.89799,1.75,1.00
2015.09.07 14:57:43.605,0.89782,0.89796,1.00,1.50
2015.09.07 14:57:43.911,0.89784,0.89799,1.00,1.87
2015.09.07 14:57:43.962,0.8978,0.89797,1.37,1.12
2015.09.07 14:57:44.081,0.8978,0.89797,1.12,1.12
2015.09.07 14:57:44.185,0.89782,0.89798,1.10,1.50
2015.09.07 14:57:44.717,0.89783,0.89798,1.00,1.37
2015.09.07 14:57:45.222,0.89782,0.89796,1.10,1.00
2015.09.07 14:57:45.757,0.89782,0.89798,1.00,1.87
2015.09.07 14:57:45.960,0.89784,0.89799,1.00,1.12
2015.09.07 14:57:46.303,0.89784,0.89801,1.20,1.87
2015.09.07 14:57:46.659,0.89783,0.89799,1.50,1.00
2015.09.07 14:57:46.862,0.89782,0.89799,1.95,1.00
2015.09.07 14:57:46.913,0.89782,0.89799,1.95,1.00
2015.09.07 14:57:47.418,0.89783,0.898,1.37,3.37
2015.09.07 14:57:47.519,0.89782,0.89797,1.20,1.50
2015.09.07 14:57:47.722,0.89784,0.89797,1.12,1.00
2015.09.07 14:57:47.773,0.89784,0.898,1.12,1.87
2015.09.07 14:57:48.077,0.89787,0.89802,1.00,1.87
2015.09.07 14:57:48.775,0.89788,0.89803,1.00,1.00
2015.09.07 14:57:49.247,0.89785,0.89802,1.12,1.00
2015.09.07 14:57:49.348,0.89787,0.89799,1.00,1.00
2015.09.07 14:57:49.653,0.89782,0.89797,1.12,1.00
2015.09.07 14:57:49.957,0.8978,0.89792,1.37,1.00
2015.09.07 14:57:50.177,0.89778,0.89794,1.12,1.00
2015.09.07 14:57:50.330,0.8978,0.89796,1.12,1.12
2015.09.07 14:57:50.432,0.89782,0.89798,1.35,1.00
2015.09.07 14:57:50.534,0.89783,0.89799,1.37,1.00
2015.09.07 14:57:50.691,0.89785,0.89801,1.10,1.00
2015.09.07 14:57:50.742,0.89786,0.89804,1.00,2.25
2015.09.07 14:57:50.894,0.89785,0.89803,2.25,1.12
2015.09.07 14:57:51.207,0.89785,0.898,1.12,1.00
2015.09.07 14:57:52.755,0.89783,0.89799,1.12,1.00
2015.09.07 14:57:52.857,0.89782,0.89799,2.10,1.00
2015.09.07 14:57:53.648,0.89782,0.89797,1.87,1.00
2015.09.07 14:57:54.183,0.89782,0.89797,1.37,1.00
2015.09.07 14:57:56.464,0.89782,0.89795,1.37,1.00
2015.09.07 14:57:56.515,0.8978,0.89795,2.10,1.00
2015.09.07 14:57:57.120,0.8978,0.89793,2.10,1.00
2015.09.07 14:57:57.297,0.89779,0.89793,1.72,1.00
2015.09.07 14:57:57.803,0.89779,0.89793,1.72,1.00
2015.09.07 14:57:58.328,0.89779,0.89792,1.35,1.00
2015.09.07 14:57:58.594,0.89779,0.89794,1.35,1.00
2015.09.07 14:57:59.134,0.89778,0.89792,2.25,1.00
2015.09.07 14:57:59.337,0.89778,0.89792,1.10,1.00
2015.09.07 14:57:59.645,0.89781,0.89792,1.00,1.00
2015.09.07 14:57:59.719,0.89783,0.89795,1.00,1.12
2015.09.07 14:57:59.770,0.89785,0.89797,1.05,1.50
2015.09.07 14:57:59.872,0.89788,0.898,1.30,1.00
2015.09.07 14:58:00.177,0.89788,0.89802,1.05,1.00
2015.09.07 14:58:00.774,0.8979,0.89803,1.00,1.00
2015.09.07 14:58:01.545,0.8979,0.89801,1.00,1.00
2015.09.07 14:58:01.880,0.89784,0.89795,2.25,1.00
2015.09.07 14:58:02.083,0.8978,0.89794,1.12,1.00
2015.09.07 14:58:02.593,0.89783,0.89795,1.00,1.12
2015.09.07 14:58:03.103,0.89782,0.89795,1.12,1.12
2015.09.07 14:58:03.687,0.89782,0.89792,1.12,1.00
2015.09.07 14:58:04.202,0.8978,0.89792,1.12,1.00
2015.09.07 14:58:05.015,0.89779,0.89791,1.87,1.00
2015.09.07 14:58:05.269,0.89778,0.89791,1.50,1.00
2015.09.07 14:58:05.574,0.89777,0.89789,1.75,1.00
2015.09.07 14:58:05.676,0.89777,0.8979,1.00,1.87
2015.09.07 14:58:06.184,0.89778,0.8979,1.00,1.87
2015.09.07 14:58:06.470,0.89778,0.8979,1.00,1.00
2015.09.07 14:58:06.723,0.89778,0.89791,1.87,1.00
2015.09.07 14:58:07.028,0.8978,0.89791,1.12,1.00
2015.09.07 14:58:07.131,0.89779,0.89791,1.85,1.00
2015.09.07 14:58:07.442,0.8978,0.89794,1.00,1.12
2015.09.07 14:58:08.050,0.89778,0.8979,2.25,1.00
2015.09.07 14:58:08.303,0.89777,0.89791,1.00,1.87
2015.09.07 14:58:08.831,0.89777,0.89791,1.50,1.50
2015.09.07 14:58:09.603,0.89777,0.89791,2.25,1.50
2015.09.07 14:58:10.120,0.89777,0.89792,1.87,1.87
2015.09.07 14:58:12.682,0.89777,0.89789,1.87,1.00
2015.09.07 14:58:12.935,0.89775,0.89791,1.50,1.12
2015.09.07 14:58:13.460,0.89777,0.89792,1.50,1.50
2015.09.07 14:58:14.001,0.89777,0.89792,1.87,1.12
2015.09.07 14:58:15.303,0.89777,0.89793,1.87,1.75
2015.09.07 14:58:15.900,0.89777,0.89792,1.50,1.37
2015.09.07 14:58:16.002,0.89776,0.89792,2.25,1.50
2015.09.07 14:58:16.510,0.89777,0.89792,1.12,1.12
2015.09.07 14:58:17.383,0.89777,0.89791,1.12,1.00
2015.09.07 14:58:17.485,0.89777,0.89789,1.12,1.00
2015.09.07 14:58:17.738,0.89775,0.89789,1.10,1.50
2015.09.07 14:58:18.147,0.89775,0.8979,2.25,1.50
2015.09.07 14:58:20.462,0.89777,0.89792,1.12,1.87
2015.09.07 14:58:21.563,0.89777,0.89792,1.10,1.87
2015.09.07 14:58:22.542,0.89774,0.8979,1.75,1.87
2015.09.07 14:58:26.753,0.89773,0.89784,1.12,1.00
2015.09.07 14:58:26.855,0.89773,0.89784,1.37,1.00
2015.09.07 14:58:26.996,0.89774,0.89788,1.27,2.25
2015.09.07 14:58:27.097,0.89774,0.89788,1.35,1.75
2015.09.07 14:58:27.149,0.89774,0.89789,2.05,1.50
2015.09.07 14:58:27.919,0.89774,0.89787,2.05,1.00
2015.09.07 14:58:28.167,0.89774,0.89786,1.72,1.00
2015.09.07 14:58:28.370,0.89772,0.89786,1.12,1.00
2015.09.07 14:58:28.421,0.89771,0.89784,1.87,1.00
2015.09.07 14:58:28.725,0.8977,0.89784,1.87,1.87
2015.09.07 14:58:28.826,0.89768,0.89783,1.87,1.37
2015.09.07 14:58:29.029,0.8977,0.89783,2.62,1.00
2015.09.07 14:58:29.523,0.89767,0.8978,1.75,1.00
2015.09.07 14:58:29.625,0.89767,0.89779,1.37,1.00
2015.09.07 14:58:33.839,0.89767,0.89782,1.12,1.37
2015.09.07 14:58:33.909,0.89771,0.89782,1.00,1.37
2015.09.07 14:58:34.549,0.89771,0.89781,1.00,1.12
2015.09.07 14:58:35.123,0.89769,0.89781,1.00,1.37
2015.09.07 14:58:35.174,0.89767,0.89781,1.12,1.00
2015.09.07 14:58:36.981,0.89767,0.89781,1.50,1.00
2015.09.07 14:58:37.311,0.89767,0.89781,1.10,1.00
2015.09.07 14:58:37.668,0.89765,0.89781,1.12,1.87
2015.09.07 14:58:37.871,0.89767,0.8978,1.10,1.50
2015.09.07 14:58:38.415,0.89765,0.8978,1.37,3.00
2015.09.07 14:58:39.171,0.89764,0.89779,2.25,1.12
2015.09.07 14:58:41.701,0.89765,0.89782,1.12,1.87
2015.09.07 14:58:42.055,0.89764,0.8978,1.87,1.87
2015.09.07 14:58:42.331,0.89764,0.8978,1.12,2.62
2015.09.07 14:58:42.804,0.89764,0.89779,1.87,1.50
2015.09.07 14:58:42.906,0.89763,0.89779,1.87,1.50
2015.09.07 14:58:44.441,0.89764,0.89779,1.50,1.50
2015.09.07 14:58:44.543,0.89765,0.89779,1.47,1.12
2015.09.07 14:58:45.049,0.89764,0.89779,2.62,1.37
2015.09.07 14:58:46.671,0.89763,0.89777,1.87,1.12
2015.09.07 14:58:47.179,0.89763,0.89777,1.50,1.12
2015.09.07 14:58:53.006,0.89763,0.89778,1.12,1.37
2015.09.07 14:58:53.398,0.89762,0.89774,1.50,1.00
2015.09.07 14:58:53.551,0.8976,0.89774,1.12,1.50
2015.09.07 14:58:53.653,0.8976,0.89774,1.12,1.00
2015.09.07 14:58:53.704,0.89759,0.89772,2.25,1.00
2015.09.07 14:58:54.008,0.8976,0.89777,3.22,1.37
2015.09.07 14:58:56.654,0.89761,0.89775,1.10,1.00
2015.09.07 14:58:56.857,0.89763,0.89775,1.00,1.00
2015.09.07 14:58:57.515,0.8976,0.89775,1.12,1.50
2015.09.07 14:58:57.617,0.8976,0.89772,1.12,1.00
2015.09.07 14:58:57.718,0.89759,0.89772,1.10,1.50
2015.09.07 14:58:57.863,0.89759,0.89769,1.10,1.00
2015.09.07 14:58:58.168,0.89757,0.89768,1.00,2.47
2015.09.07 14:58:58.682,0.89754,0.89768,1.37,2.47
2015.09.07 14:58:59.057,0.89753,0.89768,2.47,1.37
2015.09.07 14:58:59.311,0.89754,0.89768,1.12,1.37
2015.09.07 14:58:59.514,0.89755,0.89769,1.12,2.62
2015.09.07 14:59:00.039,0.89753,0.89768,3.22,1.50
2015.09.07 14:59:01.059,0.89753,0.89769,2.85,2.25
2015.09.07 14:59:01.161,0.89755,0.89769,1.37,2.25
2015.09.07 14:59:01.212,0.89756,0.89769,1.12,1.12
2015.09.07 14:59:01.363,0.89757,0.89771,1.75,1.12
2015.09.07 14:59:02.693,0.89755,0.8977,1.12,1.12
2015.09.07 14:59:02.794,0.89754,0.8977,2.62,1.12
2015.09.07 14:59:03.301,0.89754,0.8977,2.25,2.62
2015.09.07 14:59:04.560,0.89754,0.8977,1.57,1.87
2015.09.07 14:59:05.562,0.89754,0.8977,1.95,1.87
2015.09.07 14:59:06.069,0.89753,0.89767,1.12,1.12
2015.09.07 14:59:06.604,0.89752,0.89767,3.37,1.37
2015.09.07 14:59:09.532,0.89755,0.89768,1.00,1.37
2015.09.07 14:59:09.634,0.89753,0.89768,1.87,1.12
2015.09.07 14:59:10.152,0.89752,0.89767,1.50,1.12
2015.09.07 14:59:10.709,0.89752,0.89767,1.50,1.50
2015.09.07 14:59:12.090,0.89752,0.89767,2.62,1.50
2015.09.07 14:59:12.141,0.89752,0.89767,3.22,1.50
2015.09.07 14:59:12.648,0.89754,0.89767,1.00,1.00
2015.09.07 14:59:13.616,0.89751,0.89766,1.12,1.75
2015.09.07 14:59:13.717,0.89749,0.89761,1.67,1.00
2015.09.07 14:59:14.137,0.89748,0.89763,3.67,1.12
2015.09.07 14:59:14.645,0.89752,0.89765,1.00,1.75
2015.09.07 14:59:15.151,0.8975,0.89765,1.37,1.50
2015.09.07 14:59:15.630,0.89752,0.89765,1.37,1.37
2015.09.07 14:59:16.286,0.89753,0.89763,1.12,1.00
2015.09.07 14:59:17.219,0.89752,0.89763,1.37,1.00
2015.09.07 14:59:18.045,0.89753,0.89763,1.37,1.00
2015.09.07 14:59:18.147,0.89753,0.89766,1.12,1.00
2015.09.07 14:59:19.135,0.89753,0.89766,2.25,1.00
2015.09.07 14:59:19.488,0.89752,0.89764,2.32,1.00
2015.09.07 14:59:21.145,0.89754,0.89766,1.12,1.00
2015.09.07 14:59:24.369,0.89752,0.89764,1.20,1.00
2015.09.07 14:59:24.890,0.89749,0.89763,1.87,1.00
2015.09.07 14:59:25.409,0.8975,0.89763,1.10,1.12
2015.09.07 14:59:26.264,0.89749,0.89763,1.50,1.50
2015.09.07 14:59:26.583,0.89751,0.89763,1.00,1.12
2015.09.07 14:59:26.837,0.89749,0.89764,1.00,1.87
2015.09.07 14:59:26.888,0.89752,0.89764,1.00,1.87
2015.09.07 14:59:27.394,0.89753,0.89763,1.00,1.50
2015.09.07 14:59:27.619,0.89751,0.89763,1.00,1.87
2015.09.07 14:59:28.324,0.89751,0.89763,1.00,1.87
2015.09.07 14:59:29.718,0.89751,0.89763,1.00,1.87
2015.09.07 14:59:30.188,0.89749,0.89762,1.00,1.37
2015.09.07 14:59:30.299,0.89749,0.89761,1.00,1.37
2015.09.07 14:59:30.840,0.89749,0.89761,1.00,1.50
2015.09.07 14:59:31.381,0.89747,0.89761,1.50,1.50
2015.09.07 14:59:32.204,0.89747,0.89761,1.50,1.50
2015.09.07 14:59:32.615,0.89746,0.89758,1.12,1.00
2015.09.07 14:59:33.121,0.89746,0.89759,1.00,2.25
2015.09.07 14:59:35.126,0.89744,0.89758,1.50,1.12
2015.09.07 14:59:35.278,0.89742,0.89757,3.45,1.37
2015.09.07 14:59:35.794,0.89742,0.89756,1.50,1.37
2015.09.07 14:59:36.601,0.89742,0.89756,1.50,1.87
2015.09.07 14:59:36.922,0.8974,0.89755,1.50,1.35
2015.09.07 14:59:37.430,0.8974,0.89754,1.50,1.75
2015.09.07 14:59:37.935,0.89744,0.89752,1.00,1.00
2015.09.07 14:59:39.380,0.89744,0.89753,1.00,1.00
2015.09.07 14:59:39.887,0.89742,0.89756,1.50,1.75
2015.09.07 14:59:40.089,0.89742,0.89756,1.87,1.87
2015.09.07 14:59:40.635,0.89742,0.89754,1.50,1.00
2015.09.07 14:59:41.249,0.89742,0.89755,1.00,2.25
2015.09.07 14:59:41.590,0.89742,0.89751,1.00,1.37
2015.09.07 14:59:42.204,0.89742,0.89753,1.00,1.12
2015.09.07 14:59:44.197,0.89742,0.89754,1.00,1.37
2015.09.07 14:59:44.502,0.89742,0.89753,1.00,1.12
2015.09.07 14:59:45.756,0.89742,0.89752,1.00,1.12
2015.09.07 14:59:46.009,0.8974,0.8975,1.00,1.50
2015.09.07 14:59:46.111,0.89734,0.8975,1.12,1.75
2015.09.07 14:59:46.770,0.89734,0.8975,1.50,1.12
2015.09.07 14:59:47.284,0.89736,0.8975,1.12,1.37
2015.09.07 14:59:47.483,0.89736,0.89752,1.50,1.37
2015.09.07 14:59:47.636,0.89739,0.89752,1.00,1.87
2015.09.07 14:59:48.163,0.89741,0.89753,1.00,1.12
2015.09.07 14:59:48.315,0.89741,0.89753,1.12,1.00
2015.09.07 14:59:48.417,0.89741,0.89755,1.50,1.72
2015.09.07 14:59:48.956,0.89741,0.89755,2.25,1.35
2015.09.07 14:59:51.186,0.89742,0.89754,1.37,1.37
2015.09.07 14:59:51.389,0.8974,0.89755,1.50,1.87
2015.09.07 14:59:51.491,0.8974,0.89755,1.50,1.37
2015.09.07 14:59:52.011,0.89742,0.89756,1.12,2.25
2015.09.07 14:59:52.531,0.8974,0.89754,1.50,1.00
2015.09.07 14:59:52.914,0.89743,0.89756,1.00,1.12
2015.09.07 14:59:53.184,0.89742,0.89758,1.50,3.37
2015.09.07 14:59:53.541,0.89744,0.89758,1.37,1.00
2015.09.07 14:59:53.795,0.89746,0.8976,1.00,1.00
2015.09.07 14:59:54.339,0.89746,0.89759,1.00,1.00
2015.09.07 14:59:54.859,0.89746,0.8976,1.00,1.00
2015.09.07 14:59:55.926,0.89747,0.8976,1.00,1.00
2015.09.07 14:59:56.028,0.89747,0.89761,1.50,1.37
2015.09.07 14:59:56.282,0.89747,0.8976,1.00,1.00
2015.09.07 14:59:56.475,0.89747,0.89758,1.00,1.00
2015.09.07 14:59:56.577,0.89743,0.89757,1.12,1.00
2015.09.07 14:59:57.695,0.89743,0.89759,1.87,1.12
2015.09.07 14:59:58.252,0.89742,0.89757,1.75,1.50
2015.09.07 14:59:58.773,0.89742,0.89757,1.50,1.50
2015.09.07 14:59:59.288,0.89742,0.89758,1.12,1.75
2015.09.07 14:59:59.542,0.89742,0.89758,1.50,1.87
