2018.03.26 11:00:00.367,0.81638,0.81649,1.50,4.12
2018.03.26 11:00:00.625,0.81636,0.81647,1.87,2.62
2018.03.26 11:00:01.088,0.81637,0.81645,1.00,1.00
2018.03.26 11:00:01.482,0.81635,0.81645,1.00,1.00
2018.03.26 11:00:01.635,0.81633,0.81643,1.87,1.12
2018.03.26 11:00:02.181,0.81632,0.81642,2.62,1.12
2018.03.26 11:00:02.851,0.81633,0.81642,1.00,1.12
2018.03.26 11:00:03.397,0.81634,0.81642,1.50,1.00
2018.03.26 11:00:04.068,0.81633,0.81642,1.00,1.00
2018.03.26 11:00:04.266,0.8163,0.8164,1.87,1.50
2018.03.26 11:00:04.317,0.81628,0.81637,1.12,1.00
2018.03.26 11:00:04.994,0.81627,0.81636,1.12,1.00
2018.03.26 11:00:05.526,0.81628,0.81636,1.00,1.00
2018.03.26 11:00:06.039,0.81627,0.81637,2.25,1.50
2018.03.26 11:00:06.349,0.8163,0.81638,1.00,1.00
2018.03.26 11:00:06.978,0.81629,0.81638,3.75,1.00
2018.03.26 11:00:07.481,0.81629,0.81639,4.50,1.12
2018.03.26 11:00:10.587,0.81629,0.81639,3.37,1.00
2018.03.26 11:00:11.126,0.81629,0.81639,5.25,1.12
2018.03.26 11:00:11.477,0.81629,0.81635,1.00,1.00
2018.03.26 11:00:11.978,0.81627,0.81636,4.87,1.00
2018.03.26 11:00:12.501,0.81628,0.81637,1.37,1.12
2018.03.26 11:00:16.963,0.81627,0.81635,1.87,1.50
2018.03.26 11:00:18.069,0.81626,0.81634,2.25,1.00
2018.03.26 11:00:18.409,0.81622,0.81631,6.37,1.00
2018.03.26 11:00:18.612,0.8162,0.81628,1.87,1.50
2018.03.26 11:00:19.206,0.8162,0.81628,2.25,1.00
2018.03.26 11:00:19.791,0.8162,0.81627,2.25,1.00
2018.03.26 11:00:20.150,0.8162,0.81629,2.25,1.50
2018.03.26 11:00:22.372,0.8162,0.81628,2.25,1.00
2018.03.26 11:00:22.575,0.81619,0.81627,1.87,1.00
2018.03.26 11:00:23.104,0.81623,0.81628,1.00,1.00
2018.03.26 11:00:23.155,0.81623,0.8163,1.50,1.00
2018.03.26 11:00:23.358,0.81624,0.8163,1.37,1.00
2018.03.26 11:00:23.552,0.81625,0.81632,1.50,1.00
2018.03.26 11:00:23.805,0.81624,0.81632,1.12,1.00
2018.03.26 11:00:24.131,0.81625,0.81632,2.25,1.00
2018.03.26 11:00:24.660,0.81624,0.81632,1.50,1.00
2018.03.26 11:00:25.403,0.81624,0.81631,2.25,1.00
2018.03.26 11:00:26.289,0.81624,0.81631,1.00,1.00
2018.03.26 11:00:27.104,0.81625,0.81631,1.12,1.00
2018.03.26 11:00:27.629,0.81624,0.81632,1.12,1.00
2018.03.26 11:00:28.884,0.81625,0.81632,1.00,1.00
2018.03.26 11:00:29.813,0.81623,0.81632,3.00,1.00
2018.03.26 11:00:30.137,0.81624,0.81632,3.37,1.00
2018.03.26 11:00:31.465,0.81623,0.81632,2.25,1.00
2018.03.26 11:00:31.629,0.81624,0.81634,1.00,1.87
2018.03.26 11:00:32.156,0.81624,0.81633,1.00,1.00
2018.03.26 11:00:32.595,0.81624,0.81631,1.50,1.00
2018.03.26 11:00:32.647,0.81624,0.81633,1.50,1.00
2018.03.26 11:00:33.200,0.81624,0.81632,1.50,1.00
2018.03.26 11:00:33.739,0.81624,0.81632,1.00,1.00
2018.03.26 11:00:34.108,0.81624,0.8163,1.50,1.00
2018.03.26 11:00:34.660,0.81621,0.81628,3.37,1.00
2018.03.26 11:00:34.778,0.8162,0.81628,1.12,1.00
2018.03.26 11:00:35.298,0.81619,0.81627,1.12,1.00
2018.03.26 11:00:35.849,0.81619,0.81626,1.12,1.00
2018.03.26 11:00:36.643,0.8162,0.81626,1.00,1.00
2018.03.26 11:00:36.897,0.8162,0.81628,1.00,1.00
2018.03.26 11:00:37.370,0.81621,0.8163,1.00,1.50
2018.03.26 11:00:37.728,0.81619,0.81629,2.25,1.50
2018.03.26 11:00:37.894,0.8162,0.81627,1.00,1.00
2018.03.26 11:00:38.339,0.8162,0.81629,1.50,1.00
2018.03.26 11:00:39.208,0.81621,0.8163,2.25,1.50
2018.03.26 11:00:39.748,0.81622,0.81631,1.50,1.50
2018.03.26 11:00:40.082,0.81621,0.81628,4.12,1.00
2018.03.26 11:00:40.739,0.81622,0.81628,1.12,1.00
2018.03.26 11:00:41.282,0.81623,0.81629,1.00,1.00
2018.03.26 11:00:41.688,0.81621,0.81627,1.87,1.00
2018.03.26 11:00:42.238,0.81621,0.81627,1.00,1.00
2018.03.26 11:00:42.744,0.8162,0.81627,1.12,1.00
2018.03.26 11:00:43.096,0.81622,0.81627,1.00,1.00
2018.03.26 11:00:43.539,0.8162,0.81628,1.87,1.00
2018.03.26 11:00:44.031,0.81622,0.81628,1.00,1.00
2018.03.26 11:00:44.576,0.8162,0.8163,2.25,1.50
2018.03.26 11:00:45.106,0.81622,0.81629,1.87,1.00
2018.03.26 11:00:45.656,0.81621,0.81628,2.25,1.00
2018.03.26 11:00:46.169,0.81622,0.81629,1.12,1.00
2018.03.26 11:00:47.031,0.81622,0.8163,1.12,1.00
2018.03.26 11:00:47.083,0.81624,0.8163,1.87,1.00
2018.03.26 11:00:47.600,0.81623,0.81629,2.25,1.00
2018.03.26 11:00:48.124,0.81624,0.8163,1.00,1.00
2018.03.26 11:00:48.291,0.81622,0.81629,1.00,1.00
2018.03.26 11:00:48.793,0.8162,0.81629,1.50,1.87
2018.03.26 11:00:48.896,0.8162,0.81626,1.00,1.00
2018.03.26 11:00:49.446,0.8162,0.81627,1.87,1.00
2018.03.26 11:00:49.793,0.81619,0.81625,1.12,1.00
2018.03.26 11:00:50.171,0.8162,0.81627,1.87,1.00
2018.03.26 11:00:50.938,0.8162,0.81628,1.87,1.00
2018.03.26 11:00:51.471,0.81619,0.81627,1.50,1.00
2018.03.26 11:00:51.775,0.81619,0.81625,1.12,1.00
2018.03.26 11:00:52.333,0.81619,0.81626,1.12,1.50
2018.03.26 11:00:53.165,0.81618,0.81625,1.50,1.00
2018.03.26 11:00:53.368,0.81618,0.81627,1.50,1.00
2018.03.26 11:00:54.179,0.81618,0.81627,1.12,1.00
2018.03.26 11:00:54.692,0.81618,0.81627,1.50,1.00
2018.03.26 11:00:56.254,0.81619,0.81626,1.12,1.00
2018.03.26 11:00:56.812,0.81619,0.81627,1.12,1.00
2018.03.26 11:00:57.184,0.8162,0.81628,2.62,1.50
2018.03.26 11:00:57.414,0.81619,0.81628,1.50,1.50
2018.03.26 11:00:58.189,0.8162,0.81629,1.12,1.50
2018.03.26 11:00:59.112,0.81621,0.81629,1.00,1.50
2018.03.26 11:01:00.138,0.81621,0.8163,4.12,1.00
2018.03.26 11:01:00.393,0.81622,0.81632,1.50,1.50
2018.03.26 11:01:00.653,0.81622,0.8163,1.50,1.00
2018.03.26 11:01:00.898,0.81622,0.81632,1.50,1.50
2018.03.26 11:01:01.497,0.81622,0.81631,1.50,1.00
2018.03.26 11:01:02.434,0.81622,0.81632,1.50,1.50
2018.03.26 11:01:02.954,0.81622,0.81631,1.50,1.00
2018.03.26 11:01:03.477,0.81622,0.81632,4.87,1.50
2018.03.26 11:01:04.075,0.81624,0.81632,1.50,1.00
2018.03.26 11:01:04.799,0.81624,0.81633,4.12,1.00
2018.03.26 11:01:05.323,0.81626,0.81634,1.50,1.50
2018.03.26 11:01:05.937,0.81626,0.81634,4.12,1.00
2018.03.26 11:01:06.452,0.81625,0.81634,1.12,1.00
2018.03.26 11:01:06.606,0.81623,0.81632,3.37,1.00
2018.03.26 11:01:06.657,0.81623,0.81633,1.87,1.50
2018.03.26 11:01:07.051,0.81624,0.8163,1.00,1.00
2018.03.26 11:01:08.547,0.81623,0.8163,3.37,1.00
2018.03.26 11:01:09.057,0.81622,0.8163,4.12,1.00
2018.03.26 11:01:11.779,0.81622,0.81631,4.12,1.00
2018.03.26 11:01:12.292,0.81622,0.8163,1.50,1.00
2018.03.26 11:01:13.132,0.81624,0.8163,1.00,1.00
2018.03.26 11:01:15.197,0.81622,0.8163,2.25,1.50
2018.03.26 11:01:16.048,0.81625,0.81633,1.00,1.00
2018.03.26 11:01:16.100,0.81623,0.81629,1.50,1.00
2018.03.26 11:01:16.507,0.81622,0.81628,1.12,1.00
2018.03.26 11:01:17.131,0.81621,0.81628,1.00,1.00
2018.03.26 11:01:17.720,0.81621,0.81627,1.00,1.00
2018.03.26 11:01:18.222,0.8162,0.81626,1.50,1.00
2018.03.26 11:01:18.615,0.81619,0.81626,1.12,1.00
2018.03.26 11:01:19.157,0.8162,0.81626,1.00,1.00
2018.03.26 11:01:19.680,0.81619,0.81627,1.50,2.25
2018.03.26 11:01:19.732,0.81619,0.81625,2.25,1.00
2018.03.26 11:01:19.994,0.8162,0.81627,1.50,1.00
2018.03.26 11:01:20.183,0.81624,0.81629,2.62,1.00
2018.03.26 11:01:20.235,0.81624,0.81631,4.12,1.00
2018.03.26 11:01:20.454,0.81625,0.81629,1.50,1.00
2018.03.26 11:01:20.965,0.81624,0.8163,3.37,1.00
2018.03.26 11:01:21.501,0.81625,0.81631,4.12,1.00
2018.03.26 11:01:22.081,0.81626,0.8163,1.00,1.00
2018.03.26 11:01:22.631,0.81625,0.81631,2.62,1.50
2018.03.26 11:01:23.175,0.81627,0.81631,1.00,1.00
2018.03.26 11:01:23.387,0.81625,0.8163,1.50,1.00
2018.03.26 11:01:28.137,0.81626,0.81633,1.12,1.00
2018.03.26 11:01:28.189,0.81627,0.81631,1.00,1.00
2018.03.26 11:01:28.498,0.81625,0.8163,1.50,1.00
2018.03.26 11:01:29.179,0.81625,0.8163,1.50,1.00
2018.03.26 11:01:29.570,0.81625,0.81632,4.12,1.00
2018.03.26 11:01:29.838,0.81627,0.81633,2.62,1.50
2018.03.26 11:01:30.041,0.81626,0.81632,1.50,1.00
2018.03.26 11:01:30.147,0.81627,0.81633,3.37,1.00
2018.03.26 11:01:30.816,0.81628,0.81633,1.50,1.00
2018.03.26 11:01:33.136,0.81631,0.81635,1.00,1.50
2018.03.26 11:01:34.114,0.81631,0.81636,1.00,1.00
2018.03.26 11:01:34.659,0.81629,0.81635,3.37,1.00
2018.03.26 11:01:35.161,0.81628,0.81634,1.50,1.00
2018.03.26 11:01:36.129,0.81629,0.81636,1.50,1.00
2018.03.26 11:01:36.443,0.81629,0.81633,1.50,1.00
2018.03.26 11:01:36.890,0.81628,0.81635,3.37,1.00
2018.03.26 11:01:37.501,0.81628,0.81634,2.62,1.00
2018.03.26 11:01:38.091,0.81628,0.81635,2.62,1.00
2018.03.26 11:01:39.722,0.8163,0.81636,2.62,1.00
2018.03.26 11:01:40.073,0.8163,0.81635,1.50,1.00
2018.03.26 11:01:40.608,0.81629,0.81636,3.37,1.00
2018.03.26 11:01:43.322,0.81629,0.81635,2.62,1.00
2018.03.26 11:01:43.853,0.81629,0.81634,1.50,1.00
2018.03.26 11:01:44.693,0.81628,0.81633,1.50,1.00
2018.03.26 11:01:45.133,0.81627,0.81633,4.12,1.00
2018.03.26 11:01:45.185,0.81627,0.81633,4.12,1.00
2018.03.26 11:01:46.139,0.81628,0.81634,2.62,1.00
2018.03.26 11:01:46.810,0.81628,0.81634,1.50,1.00
2018.03.26 11:01:49.056,0.81629,0.81635,1.12,1.00
2018.03.26 11:01:49.717,0.81628,0.81635,4.12,1.50
2018.03.26 11:01:50.826,0.81628,0.81634,2.62,1.00
2018.03.26 11:01:51.369,0.81631,0.81636,1.12,1.00
2018.03.26 11:01:51.473,0.81632,0.81639,4.12,1.00
2018.03.26 11:01:51.783,0.81633,0.81637,2.62,1.00
2018.03.26 11:01:51.885,0.81629,0.81633,1.00,1.00
2018.03.26 11:01:51.938,0.81628,0.81633,1.12,1.00
2018.03.26 11:01:52.230,0.81627,0.81635,2.25,1.00
2018.03.26 11:01:52.386,0.8163,0.81637,1.50,1.50
2018.03.26 11:01:52.594,0.81632,0.81639,1.00,1.50
2018.03.26 11:01:53.170,0.81632,0.81638,2.25,1.00
2018.03.26 11:01:53.399,0.81633,0.81639,2.62,1.00
2018.03.26 11:01:54.074,0.81632,0.81638,3.37,1.00
2018.03.26 11:01:54.732,0.81631,0.81638,3.37,1.00
2018.03.26 11:01:55.077,0.81631,0.81638,1.00,1.50
2018.03.26 11:01:55.231,0.81629,0.81636,2.25,1.00
2018.03.26 11:01:55.803,0.81629,0.81635,1.37,1.00
2018.03.26 11:01:56.291,0.81628,0.81635,1.50,1.00
2018.03.26 11:01:57.192,0.81628,0.81634,1.12,1.50
2018.03.26 11:01:57.411,0.81628,0.81632,1.12,1.00
2018.03.26 11:01:57.530,0.81628,0.81634,1.12,1.50
2018.03.26 11:01:58.143,0.81628,0.81635,1.12,1.50
2018.03.26 11:01:58.686,0.81626,0.81633,4.12,1.50
2018.03.26 11:02:00.128,0.81626,0.81632,4.12,1.00
2018.03.26 11:02:00.549,0.81626,0.81632,1.12,1.00
2018.03.26 11:02:00.769,0.81621,0.81629,4.87,1.00
2018.03.26 11:02:00.873,0.8162,0.81628,1.50,1.00
2018.03.26 11:02:00.924,0.8162,0.81626,1.50,1.00
2018.03.26 11:02:01.612,0.81621,0.81627,1.12,1.50
2018.03.26 11:02:02.220,0.81621,0.81627,2.62,1.00
2018.03.26 11:02:02.322,0.81621,0.81627,1.00,1.00
2018.03.26 11:02:02.840,0.8162,0.81627,1.12,1.00
2018.03.26 11:02:04.219,0.81622,0.81627,1.00,1.50
2018.03.26 11:02:06.437,0.8162,0.81625,4.12,1.00
2018.03.26 11:02:06.680,0.8161,0.81617,1.50,1.00
2018.03.26 11:02:06.990,0.81614,0.8162,1.00,1.12
2018.03.26 11:02:07.477,0.81614,0.81621,3.37,1.00
2018.03.26 11:02:07.580,0.81614,0.81621,1.50,1.00
2018.03.26 11:02:07.951,0.81615,0.81623,1.00,1.00
2018.03.26 11:02:08.463,0.81614,0.81623,1.12,1.00
2018.03.26 11:02:09.077,0.81615,0.81623,1.12,1.00
2018.03.26 11:02:09.614,0.81613,0.81621,1.12,1.00
2018.03.26 11:02:10.157,0.81612,0.81621,1.87,1.00
2018.03.26 11:02:10.647,0.81612,0.81621,3.75,1.00
2018.03.26 11:02:11.187,0.81613,0.81623,4.87,1.00
2018.03.26 11:02:11.731,0.81615,0.81624,1.12,1.00
2018.03.26 11:02:12.343,0.81616,0.81624,1.00,1.00
2018.03.26 11:02:12.844,0.81616,0.81623,1.87,1.00
2018.03.26 11:02:13.336,0.81616,0.81625,3.37,1.50
2018.03.26 11:02:13.825,0.81617,0.81627,3.75,1.50
2018.03.26 11:02:13.876,0.81618,0.81627,4.12,1.00
2018.03.26 11:02:14.386,0.81618,0.81627,1.50,1.00
2018.03.26 11:02:15.071,0.81618,0.81627,4.12,1.00
2018.03.26 11:02:17.014,0.81618,0.81627,1.50,1.00
2018.03.26 11:02:17.321,0.81616,0.81625,1.50,1.00
2018.03.26 11:02:18.409,0.81616,0.81625,4.12,1.00
2018.03.26 11:02:19.032,0.81616,0.8162,1.00,1.00
2018.03.26 11:02:19.084,0.81613,0.8162,1.00,1.00
2018.03.26 11:02:19.675,0.81612,0.8162,1.00,1.00
2018.03.26 11:02:21.154,0.81612,0.81622,1.00,2.25
2018.03.26 11:02:23.125,0.81614,0.81621,1.00,1.00
2018.03.26 11:02:23.433,0.81614,0.81623,1.00,1.12
2018.03.26 11:02:23.987,0.81614,0.81622,1.37,1.00
2018.03.26 11:02:24.505,0.81615,0.81623,1.50,1.50
2018.03.26 11:02:24.607,0.81619,0.81626,1.00,1.50
2018.03.26 11:02:25.119,0.81617,0.81626,3.00,1.00
2018.03.26 11:02:27.712,0.81619,0.81628,1.50,1.00
2018.03.26 11:02:27.919,0.81615,0.81625,2.25,1.50
2018.03.26 11:02:28.073,0.81615,0.81623,2.25,1.00
2018.03.26 11:02:28.125,0.81616,0.81625,1.12,1.50
2018.03.26 11:02:29.051,0.81617,0.81626,1.00,1.00
2018.03.26 11:02:29.184,0.81619,0.81628,1.12,1.00
2018.03.26 11:02:30.223,0.8162,0.8163,1.12,1.12
2018.03.26 11:02:30.394,0.8162,0.8163,2.62,1.87
2018.03.26 11:02:30.446,0.8162,0.8163,1.00,2.25
2018.03.26 11:02:30.549,0.8162,0.81628,1.00,1.00
2018.03.26 11:02:30.705,0.81617,0.81628,2.62,1.87
2018.03.26 11:02:31.216,0.81617,0.81627,1.50,1.12
2018.03.26 11:02:31.269,0.81615,0.81626,1.00,6.37
2018.03.26 11:02:31.475,0.81613,0.81623,1.12,1.00
2018.03.26 11:02:32.240,0.81613,0.81623,1.37,1.37
2018.03.26 11:02:32.553,0.81614,0.81624,1.87,1.12
2018.03.26 11:02:32.655,0.81614,0.81624,3.37,1.12
2018.03.26 11:02:33.610,0.81614,0.81623,4.12,1.00
2018.03.26 11:02:33.713,0.81614,0.81623,1.00,1.00
2018.03.26 11:02:34.270,0.81614,0.81624,1.50,1.00
2018.03.26 11:02:34.600,0.81614,0.81622,1.12,1.00
2018.03.26 11:02:36.360,0.81614,0.81623,1.50,1.00
2018.03.26 11:02:39.552,0.81615,0.81623,1.12,1.00
2018.03.26 11:02:40.122,0.81616,0.81623,1.00,1.00
2018.03.26 11:02:40.276,0.81616,0.81625,1.50,1.00
2018.03.26 11:02:41.425,0.81616,0.81625,2.25,1.50
2018.03.26 11:02:41.934,0.81615,0.81625,1.50,1.50
2018.03.26 11:02:43.124,0.81617,0.81626,1.00,1.00
2018.03.26 11:02:46.962,0.81616,0.81626,1.12,1.50
2018.03.26 11:02:47.064,0.81616,0.81624,1.12,1.00
2018.03.26 11:02:47.538,0.81613,0.81623,1.50,1.50
2018.03.26 11:02:47.742,0.81611,0.81621,1.87,1.00
2018.03.26 11:02:48.258,0.81611,0.81621,3.37,1.50
2018.03.26 11:02:49.930,0.81611,0.81619,3.37,1.00
2018.03.26 11:02:49.982,0.8161,0.8162,1.87,1.50
2018.03.26 11:02:50.489,0.81609,0.8162,4.87,1.87
2018.03.26 11:02:52.683,0.8161,0.81618,1.37,1.00
2018.03.26 11:02:52.779,0.8161,0.81613,1.00,1.00
2018.03.26 11:02:52.832,0.81602,0.81609,1.50,1.00
2018.03.26 11:02:52.883,0.816,0.81608,1.00,1.00
2018.03.26 11:02:53.393,0.81599,0.81606,1.50,1.00
2018.03.26 11:02:53.495,0.81597,0.81604,1.12,1.00
2018.03.26 11:02:53.717,0.81597,0.81606,2.25,1.50
2018.03.26 11:02:53.768,0.816,0.81606,1.00,1.00
2018.03.26 11:02:53.920,0.816,0.81608,1.00,1.50
2018.03.26 11:02:55.049,0.816,0.81607,1.00,1.00
2018.03.26 11:02:55.591,0.816,0.81608,1.00,1.00
2018.03.26 11:02:57.326,0.81599,0.81608,4.12,1.00
2018.03.26 11:02:57.861,0.81599,0.81609,3.00,1.00
2018.03.26 11:02:57.912,0.81599,0.81609,1.12,1.00
2018.03.26 11:03:01.462,0.81602,0.81609,1.50,1.00
2018.03.26 11:03:01.514,0.81603,0.81613,1.00,1.50
2018.03.26 11:03:01.852,0.81603,0.81611,2.25,1.00
2018.03.26 11:03:02.422,0.81603,0.81612,1.87,1.00
2018.03.26 11:03:02.943,0.81603,0.81613,1.12,1.00
2018.03.26 11:03:03.294,0.81605,0.81613,1.00,1.00
2018.03.26 11:03:03.477,0.81603,0.81614,1.12,1.12
2018.03.26 11:03:04.070,0.81604,0.81613,1.00,1.00
2018.03.26 11:03:04.598,0.81602,0.81611,1.50,1.00
2018.03.26 11:03:05.111,0.81602,0.81612,1.87,1.12
2018.03.26 11:03:05.565,0.81603,0.81612,1.87,1.00
2018.03.26 11:03:05.799,0.81608,0.81617,1.00,1.00
2018.03.26 11:03:06.002,0.81609,0.81619,1.00,1.00
2018.03.26 11:03:06.053,0.81609,0.81619,3.37,1.00
2018.03.26 11:03:06.694,0.81609,0.8162,4.87,1.00
2018.03.26 11:03:07.255,0.8161,0.81621,2.25,2.62
2018.03.26 11:03:08.136,0.81612,0.81621,1.00,1.50
2018.03.26 11:03:09.260,0.81609,0.8162,3.00,1.00
2018.03.26 11:03:10.389,0.81609,0.81619,2.25,1.00
2018.03.26 11:03:10.597,0.81609,0.81617,1.00,1.50
2018.03.26 11:03:10.649,0.81606,0.81617,2.25,1.50
2018.03.26 11:03:11.165,0.81606,0.81615,1.00,1.00
2018.03.26 11:03:11.691,0.81606,0.81616,1.12,1.00
2018.03.26 11:03:12.104,0.81606,0.81616,2.62,1.87
2018.03.26 11:03:13.118,0.81608,0.81618,3.37,1.12
2018.03.26 11:03:13.648,0.81608,0.81617,1.00,1.00
2018.03.26 11:03:13.699,0.8161,0.81618,1.37,1.50
2018.03.26 11:03:14.382,0.8161,0.81618,1.00,1.50
2018.03.26 11:03:15.464,0.81608,0.81619,2.25,1.12
2018.03.26 11:03:17.392,0.81608,0.81619,3.37,1.12
2018.03.26 11:03:17.737,0.8161,0.81621,4.12,1.87
2018.03.26 11:03:17.841,0.8161,0.81621,1.12,1.50
2018.03.26 11:03:18.169,0.81611,0.81622,1.12,1.87
2018.03.26 11:03:18.678,0.8161,0.81621,1.87,1.50
2018.03.26 11:03:19.196,0.8161,0.8162,1.50,1.50
2018.03.26 11:03:20.294,0.8161,0.8162,2.25,1.00
2018.03.26 11:03:21.287,0.81611,0.81618,1.37,1.00
2018.03.26 11:03:21.390,0.81609,0.81618,1.12,1.00
2018.03.26 11:03:23.103,0.81612,0.81622,1.50,2.25
2018.03.26 11:03:23.564,0.8161,0.8162,1.87,1.37
2018.03.26 11:03:24.060,0.8161,0.81621,1.50,2.25
2018.03.26 11:03:24.163,0.81611,0.81619,1.12,1.00
2018.03.26 11:03:24.700,0.81609,0.8162,1.87,4.12
2018.03.26 11:03:26.067,0.81609,0.81618,1.00,1.87
2018.03.26 11:03:26.119,0.81607,0.81617,1.12,1.00
2018.03.26 11:03:26.272,0.81606,0.81616,1.00,2.25
2018.03.26 11:03:26.801,0.81605,0.81615,1.50,1.12
2018.03.26 11:03:27.808,0.81604,0.81615,2.62,1.87
2018.03.26 11:03:28.174,0.81604,0.81613,1.00,1.00
2018.03.26 11:03:28.716,0.81604,0.81614,1.00,1.12
2018.03.26 11:03:29.856,0.81603,0.81613,1.12,1.37
2018.03.26 11:03:30.422,0.81602,0.81612,1.50,1.00
2018.03.26 11:03:30.725,0.81604,0.81613,1.00,2.62
2018.03.26 11:03:30.900,0.81605,0.81616,1.12,2.25
2018.03.26 11:03:31.832,0.81606,0.81615,1.00,1.87
2018.03.26 11:03:32.342,0.81605,0.81616,2.62,1.87
2018.03.26 11:03:32.875,0.81605,0.81616,3.00,2.25
2018.03.26 11:03:33.565,0.81605,0.81614,3.00,1.00
2018.03.26 11:03:34.075,0.81605,0.81614,2.62,1.00
2018.03.26 11:03:35.146,0.81606,0.81614,1.50,1.00
2018.03.26 11:03:35.915,0.81607,0.81617,1.12,1.12
2018.03.26 11:03:35.966,0.81607,0.81615,1.12,1.00
2018.03.26 11:03:36.529,0.81606,0.81615,1.12,1.00
2018.03.26 11:03:37.096,0.81605,0.81615,1.50,1.12
2018.03.26 11:03:38.316,0.81606,0.81615,1.00,1.12
2018.03.26 11:03:39.873,0.81605,0.81615,1.50,1.12
2018.03.26 11:03:40.387,0.81606,0.81615,1.50,1.00
2018.03.26 11:03:41.742,0.81606,0.81614,1.50,1.00
2018.03.26 11:03:42.887,0.81605,0.81614,1.87,1.00
2018.03.26 11:03:43.457,0.81605,0.81614,2.25,1.00
2018.03.26 11:03:44.093,0.81608,0.81615,1.00,1.12
2018.03.26 11:03:44.326,0.81606,0.81616,1.87,1.12
2018.03.26 11:03:44.744,0.81605,0.81613,1.50,1.00
2018.03.26 11:03:44.847,0.81603,0.81612,1.87,1.00
2018.03.26 11:03:45.154,0.81603,0.81612,4.12,1.00
2018.03.26 11:03:45.510,0.81603,0.81612,1.87,1.50
2018.03.26 11:03:46.071,0.81603,0.81612,1.50,1.50
2018.03.26 11:03:46.575,0.81603,0.81611,1.12,1.00
2018.03.26 11:03:47.151,0.81603,0.81612,1.12,1.50
2018.03.26 11:03:47.643,0.81601,0.8161,4.87,1.00
2018.03.26 11:03:48.136,0.81604,0.81612,1.00,1.00
2018.03.26 11:03:48.482,0.81601,0.8161,3.37,1.00
2018.03.26 11:03:49.076,0.816,0.81609,2.62,1.00
2018.03.26 11:03:49.648,0.81601,0.8161,1.37,1.12
2018.03.26 11:03:50.822,0.81601,0.8161,1.12,1.00
2018.03.26 11:03:51.804,0.81602,0.8161,1.00,1.50
2018.03.26 11:03:52.343,0.81602,0.81609,1.00,1.00
2018.03.26 11:03:52.689,0.81602,0.81609,3.37,1.00
2018.03.26 11:03:52.740,0.81602,0.81611,3.37,1.00
2018.03.26 11:03:52.892,0.81602,0.81611,1.00,1.00
2018.03.26 11:03:53.453,0.81601,0.8161,1.50,1.00
2018.03.26 11:03:54.127,0.81602,0.81611,1.12,1.00
2018.03.26 11:03:54.704,0.81602,0.81612,1.50,1.50
2018.03.26 11:03:55.247,0.81603,0.81612,1.00,1.50
2018.03.26 11:03:56.804,0.81603,0.81613,1.12,1.12
2018.03.26 11:03:57.415,0.81603,0.81613,1.12,1.50
2018.03.26 11:04:00.633,0.81603,0.81613,1.12,1.12
2018.03.26 11:04:01.775,0.81603,0.81611,1.12,1.00
2018.03.26 11:04:02.312,0.81602,0.81611,3.00,1.00
2018.03.26 11:04:02.413,0.81602,0.81613,3.75,2.25
2018.03.26 11:04:02.666,0.81602,0.81611,2.25,1.00
2018.03.26 11:04:04.077,0.81602,0.81611,1.87,1.00
2018.03.26 11:04:04.661,0.81603,0.81612,1.00,1.12
2018.03.26 11:04:05.175,0.81604,0.81612,1.00,1.00
2018.03.26 11:04:05.736,0.81604,0.81613,1.00,1.12
2018.03.26 11:04:06.278,0.81605,0.81614,2.62,1.00
2018.03.26 11:04:07.020,0.81605,0.81614,1.00,4.12
2018.03.26 11:04:07.224,0.81604,0.81614,1.50,2.25
2018.03.26 11:04:07.708,0.81603,0.81614,3.00,1.75
2018.03.26 11:04:08.319,0.81604,0.81613,1.00,1.12
2018.03.26 11:04:09.856,0.81604,0.81614,1.50,1.50
2018.03.26 11:04:10.372,0.81605,0.81614,1.00,1.87
2018.03.26 11:04:10.911,0.81605,0.81613,1.00,1.00
2018.03.26 11:04:12.182,0.81605,0.81614,1.00,1.50
2018.03.26 11:04:12.733,0.81606,0.81615,1.12,1.00
2018.03.26 11:04:13.189,0.81605,0.81614,1.00,1.87
2018.03.26 11:04:13.383,0.81603,0.81613,1.12,1.00
2018.03.26 11:04:13.941,0.81602,0.81612,1.37,1.87
2018.03.26 11:04:14.443,0.81602,0.81612,1.12,1.87
2018.03.26 11:04:14.951,0.81601,0.81612,3.37,3.00
2018.03.26 11:04:19.641,0.81603,0.81612,1.00,1.00
2018.03.26 11:04:20.264,0.816,0.81611,1.50,2.25
2018.03.26 11:04:20.417,0.81602,0.8161,1.00,1.00
2018.03.26 11:04:21.895,0.816,0.8161,2.62,1.00
2018.03.26 11:04:22.199,0.81599,0.81608,1.50,1.00
2018.03.26 11:04:22.578,0.81599,0.81607,2.62,1.00
2018.03.26 11:04:23.265,0.81599,0.81609,1.00,1.50
2018.03.26 11:04:23.420,0.816,0.8161,1.87,1.50
2018.03.26 11:04:23.625,0.81598,0.81608,1.12,1.12
2018.03.26 11:04:24.435,0.81597,0.81608,2.62,3.00
2018.03.26 11:04:25.144,0.81597,0.81606,2.62,1.00
2018.03.26 11:04:26.157,0.81597,0.81606,1.37,1.12
2018.03.26 11:04:26.311,0.81598,0.81609,1.50,2.25
2018.03.26 11:04:26.894,0.81598,0.81608,1.00,1.50
2018.03.26 11:04:27.101,0.816,0.81609,1.00,1.50
2018.03.26 11:04:27.439,0.816,0.81607,1.00,1.00
2018.03.26 11:04:28.077,0.81597,0.81607,2.25,1.00
2018.03.26 11:04:28.765,0.81596,0.81607,2.25,1.87
2018.03.26 11:04:29.510,0.81596,0.81606,1.12,1.00
2018.03.26 11:04:30.248,0.81597,0.81606,1.00,1.00
2018.03.26 11:04:31.325,0.81596,0.81608,4.12,2.25
2018.03.26 11:04:31.521,0.81598,0.81609,1.00,2.25
2018.03.26 11:04:32.067,0.81598,0.81608,1.00,1.00
2018.03.26 11:04:32.578,0.81598,0.81609,1.87,1.50
2018.03.26 11:04:33.133,0.816,0.81609,1.00,1.50
2018.03.26 11:04:34.423,0.81598,0.81609,2.62,1.50
2018.03.26 11:04:35.080,0.81598,0.81609,4.50,1.50
2018.03.26 11:04:36.241,0.81598,0.81608,1.87,1.00
2018.03.26 11:04:36.593,0.81599,0.81608,2.62,1.00
2018.03.26 11:04:38.213,0.81599,0.8161,2.25,2.25
2018.03.26 11:04:39.129,0.816,0.81609,1.50,1.00
2018.03.26 11:04:40.128,0.81599,0.81609,3.75,1.00
2018.03.26 11:04:40.637,0.81599,0.81608,5.62,1.50
2018.03.26 11:04:40.741,0.81599,0.81608,2.62,1.50
2018.03.26 11:04:41.128,0.816,0.81609,3.37,1.00
2018.03.26 11:04:41.679,0.81597,0.81608,7.50,1.00
2018.03.26 11:04:42.182,0.81598,0.81607,2.62,1.00
2018.03.26 11:04:42.824,0.81598,0.81606,2.62,1.00
2018.03.26 11:04:42.876,0.81597,0.81607,1.50,1.00
2018.03.26 11:04:42.977,0.81598,0.81607,3.37,1.00
2018.03.26 11:04:44.139,0.81597,0.81608,5.62,1.00
2018.03.26 11:04:44.447,0.81598,0.81606,1.00,1.00
2018.03.26 11:04:44.953,0.81597,0.81606,1.12,1.00
2018.03.26 11:04:46.984,0.81597,0.81606,1.87,1.50
2018.03.26 11:04:47.737,0.81597,0.81606,1.50,1.50
2018.03.26 11:04:49.043,0.81597,0.81606,1.50,1.00
2018.03.26 11:04:49.196,0.81597,0.81608,3.37,1.00
2018.03.26 11:04:49.745,0.81599,0.81609,1.00,1.50
2018.03.26 11:04:50.460,0.81598,0.81608,1.37,1.12
2018.03.26 11:04:51.123,0.81599,0.81609,3.37,1.50
2018.03.26 11:04:51.432,0.816,0.81607,1.00,1.00
2018.03.26 11:04:51.484,0.81599,0.81609,1.00,2.25
2018.03.26 11:04:51.997,0.81599,0.81609,2.25,1.00
2018.03.26 11:04:52.151,0.816,0.8161,3.37,1.50
2018.03.26 11:04:52.739,0.816,0.8161,1.87,1.87
2018.03.26 11:04:53.403,0.816,0.8161,4.12,1.00
2018.03.26 11:04:53.882,0.81599,0.8161,1.50,3.75
2018.03.26 11:04:53.985,0.81598,0.81608,1.50,1.00
2018.03.26 11:04:55.154,0.81598,0.81608,3.37,1.50
2018.03.26 11:04:55.659,0.81598,0.81607,1.50,2.25
2018.03.26 11:04:56.207,0.81598,0.81607,1.00,2.25
2018.03.26 11:04:57.089,0.81596,0.81605,2.62,1.00
2018.03.26 11:04:57.141,0.81595,0.81605,3.75,1.00
2018.03.26 11:04:57.746,0.81595,0.81605,4.87,1.12
2018.03.26 11:04:58.493,0.81595,0.81605,2.25,1.00
2018.03.26 11:04:59.018,0.81595,0.81605,4.12,1.12
2018.03.26 11:04:59.787,0.81596,0.81605,1.12,1.00
2018.03.26 11:05:00.030,0.81596,0.81607,2.25,1.87
2018.03.26 11:05:00.545,0.81596,0.81607,4.87,1.00
2018.03.26 11:05:01.151,0.81596,0.81605,4.12,1.00
2018.03.26 11:05:01.946,0.81598,0.81608,1.00,1.00
2018.03.26 11:05:01.997,0.81599,0.81609,2.62,1.87
2018.03.26 11:05:03.968,0.81599,0.81609,1.50,1.00
2018.03.26 11:05:04.173,0.81599,0.8161,5.25,1.50
2018.03.26 11:05:04.714,0.81599,0.81611,4.50,1.87
2018.03.26 11:05:05.284,0.816,0.8161,1.00,1.87
2018.03.26 11:05:05.602,0.81601,0.8161,2.62,1.00
2018.03.26 11:05:06.607,0.816,0.8161,4.12,1.00
2018.03.26 11:05:07.020,0.81599,0.8161,3.00,1.87
2018.03.26 11:05:08.581,0.81601,0.8161,1.00,1.50
2018.03.26 11:05:08.947,0.81598,0.81609,3.00,2.62
2018.03.26 11:05:09.489,0.81597,0.81608,2.25,1.12
2018.03.26 11:05:10.026,0.81597,0.81607,1.00,1.87
2018.03.26 11:05:10.437,0.81599,0.81609,1.12,2.62
2018.03.26 11:05:10.591,0.81598,0.81609,1.87,2.62
2018.03.26 11:05:10.693,0.81597,0.81608,4.87,1.87
2018.03.26 11:05:10.795,0.81597,0.81608,2.62,1.12
2018.03.26 11:05:11.485,0.81597,0.81608,2.25,2.62
2018.03.26 11:05:11.898,0.81596,0.81606,3.75,1.00
2018.03.26 11:05:12.236,0.81598,0.81607,4.12,1.00
2018.03.26 11:05:12.338,0.81597,0.81606,1.00,1.00
2018.03.26 11:05:12.971,0.81596,0.81606,2.25,1.50
2018.03.26 11:05:14.121,0.81595,0.81606,4.12,2.25
2018.03.26 11:05:14.283,0.81595,0.81606,1.50,3.00
2018.03.26 11:05:14.905,0.81596,0.81605,1.00,1.00
2018.03.26 11:05:15.714,0.81595,0.81605,1.00,3.00
2018.03.26 11:05:15.876,0.81595,0.81605,1.00,4.87
2018.03.26 11:05:15.980,0.81592,0.81603,3.00,1.00
2018.03.26 11:05:16.623,0.81593,0.81602,1.12,1.00
2018.03.26 11:05:27.312,0.81593,0.81604,1.50,3.37
2018.03.26 11:05:31.705,0.81594,0.81603,1.12,1.00
2018.03.26 11:05:32.242,0.81594,0.81604,1.12,2.62
2018.03.26 11:05:33.034,0.81595,0.81604,1.00,1.00
2018.03.26 11:05:33.581,0.81594,0.81604,4.12,1.00
2018.03.26 11:05:34.116,0.81596,0.81605,1.50,1.00
2018.03.26 11:05:34.646,0.81597,0.81606,1.12,1.50
2018.03.26 11:05:38.619,0.81596,0.81605,1.00,1.50
2018.03.26 11:05:39.226,0.81593,0.81605,4.87,2.62
2018.03.26 11:05:39.277,0.81593,0.81604,2.25,1.00
2018.03.26 11:05:40.825,0.81593,0.81603,1.50,1.00
2018.03.26 11:05:43.297,0.81597,0.81604,1.50,1.00
2018.03.26 11:05:43.350,0.81597,0.81606,1.87,1.00
2018.03.26 11:05:43.454,0.81598,0.81608,1.12,2.62
2018.03.26 11:05:43.660,0.81596,0.81606,1.12,1.12
2018.03.26 11:05:44.005,0.81592,0.81604,4.87,4.87
2018.03.26 11:05:44.953,0.81592,0.81603,2.25,1.37
2018.03.26 11:05:45.493,0.81593,0.81602,1.00,1.00
2018.03.26 11:05:45.769,0.81593,0.816,1.00,1.00
2018.03.26 11:05:46.458,0.81591,0.816,2.25,1.00
2018.03.26 11:05:48.798,0.81591,0.81601,1.50,1.00
2018.03.26 11:05:49.372,0.81591,0.816,1.50,1.00
2018.03.26 11:05:52.145,0.81591,0.81601,1.50,1.00
2018.03.26 11:05:53.107,0.81591,0.816,3.37,1.00
2018.03.26 11:05:53.618,0.81591,0.81601,2.25,1.00
2018.03.26 11:06:00.287,0.81591,0.81601,4.87,1.00
2018.03.26 11:06:00.795,0.81591,0.81602,4.87,1.50
2018.03.26 11:06:01.338,0.81591,0.81601,2.25,1.00
2018.03.26 11:06:02.896,0.81593,0.81601,1.00,1.00
2018.03.26 11:06:03.558,0.81591,0.81602,3.00,1.50
2018.03.26 11:06:03.882,0.8159,0.816,3.37,1.00
2018.03.26 11:06:03.986,0.81588,0.81597,1.87,1.00
2018.03.26 11:06:04.140,0.81584,0.81595,4.12,1.00
2018.03.26 11:06:04.286,0.81584,0.81593,3.37,1.00
2018.03.26 11:06:04.594,0.81586,0.81594,3.37,1.00
2018.03.26 11:06:05.069,0.81588,0.81597,1.87,1.50
2018.03.26 11:06:05.275,0.81591,0.81597,1.00,1.00
2018.03.26 11:06:05.447,0.81593,0.81601,1.00,1.00
2018.03.26 11:06:05.920,0.81593,0.81602,2.62,1.00
2018.03.26 11:06:06.471,0.81596,0.81604,1.00,1.00
2018.03.26 11:06:06.523,0.81597,0.81606,1.50,1.00
2018.03.26 11:06:06.675,0.81599,0.81608,1.12,1.50
2018.03.26 11:06:07.185,0.81598,0.81609,4.12,1.00
2018.03.26 11:06:07.760,0.81599,0.81608,1.12,1.00
2018.03.26 11:06:07.864,0.81597,0.81606,1.12,1.00
2018.03.26 11:06:08.602,0.81596,0.81607,2.25,1.00
2018.03.26 11:06:09.762,0.81596,0.81607,5.62,1.00
2018.03.26 11:06:10.280,0.81596,0.81606,4.87,1.00
2018.03.26 11:06:11.076,0.81597,0.81607,1.50,1.00
2018.03.26 11:06:11.381,0.81595,0.81605,4.12,1.87
2018.03.26 11:06:11.916,0.81595,0.81604,3.37,1.00
2018.03.26 11:06:12.486,0.81595,0.81605,2.62,1.87
2018.03.26 11:06:12.790,0.81595,0.81604,1.12,1.00
2018.03.26 11:06:13.168,0.81593,0.81601,3.37,1.50
2018.03.26 11:06:13.274,0.81589,0.81599,1.37,1.37
2018.03.26 11:06:13.894,0.81589,0.81599,3.00,1.00
2018.03.26 11:06:19.382,0.8159,0.816,1.00,2.25
2018.03.26 11:06:20.967,0.8159,0.81599,1.00,1.00
2018.03.26 11:06:21.323,0.81587,0.81596,1.00,1.00
2018.03.26 11:06:21.851,0.81584,0.81595,5.47,1.00
2018.03.26 11:06:23.324,0.81585,0.81596,4.12,1.00
2018.03.26 11:06:23.848,0.81586,0.81596,4.12,1.00
2018.03.26 11:06:24.352,0.81588,0.81597,1.12,1.50
2018.03.26 11:06:24.674,0.81586,0.81597,2.62,1.12
2018.03.26 11:06:25.278,0.81586,0.81597,2.25,1.87
2018.03.26 11:06:26.108,0.81586,0.81596,2.25,1.00
2018.03.26 11:06:26.636,0.81586,0.81596,1.12,1.00
2018.03.26 11:06:26.688,0.81586,0.81596,3.37,1.00
2018.03.26 11:06:27.243,0.81586,0.81597,4.87,2.25
2018.03.26 11:06:27.762,0.81586,0.81597,1.50,3.37
2018.03.26 11:06:28.067,0.81582,0.8159,1.00,1.00
2018.03.26 11:06:28.170,0.81579,0.8159,3.00,1.00
2018.03.26 11:06:29.386,0.81579,0.8159,4.87,1.50
2018.03.26 11:06:35.502,0.81579,0.8159,3.00,1.50
2018.03.26 11:06:35.605,0.81579,0.8159,1.50,3.00
2018.03.26 11:06:40.435,0.8158,0.8159,1.00,1.50
2018.03.26 11:06:41.154,0.8158,0.8159,1.00,1.12
2018.03.26 11:06:41.257,0.81583,0.81592,1.00,4.87
2018.03.26 11:06:42.155,0.81583,0.81592,1.00,2.25
2018.03.26 11:06:42.878,0.81583,0.81593,1.50,2.25
2018.03.26 11:06:43.215,0.81585,0.81593,1.00,1.50
2018.03.26 11:06:43.736,0.81586,0.81593,1.00,1.00
2018.03.26 11:06:44.261,0.81586,0.81594,1.00,1.87
2018.03.26 11:06:45.778,0.81582,0.81591,1.12,1.00
2018.03.26 11:06:45.831,0.81582,0.81587,1.00,1.00
2018.03.26 11:06:45.883,0.81579,0.81587,1.00,1.00
2018.03.26 11:06:46.562,0.8158,0.81587,1.00,1.00
2018.03.26 11:06:48.054,0.8158,0.81588,1.00,1.12
2018.03.26 11:06:49.816,0.81581,0.8159,1.50,2.25
2018.03.26 11:06:51.513,0.81584,0.81592,1.00,2.62
2018.03.26 11:06:51.565,0.81584,0.81593,1.00,1.12
2018.03.26 11:06:52.018,0.81582,0.81593,1.12,4.87
2018.03.26 11:06:52.325,0.81581,0.8159,1.00,1.37
2018.03.26 11:06:53.004,0.81581,0.8159,1.00,1.00
2018.03.26 11:06:53.260,0.81582,0.81592,1.87,1.87
2018.03.26 11:06:53.761,0.81583,0.81592,1.12,1.12
2018.03.26 11:06:55.450,0.81583,0.81593,2.25,3.37
2018.03.26 11:06:55.962,0.81583,0.81592,1.50,3.37
2018.03.26 11:06:56.566,0.81583,0.81591,1.00,2.62
2018.03.26 11:06:57.108,0.81584,0.81591,1.00,3.37
2018.03.26 11:06:57.830,0.81583,0.81591,1.00,3.37
2018.03.26 11:06:59.204,0.81581,0.81591,2.25,3.37
2018.03.26 11:06:59.795,0.81581,0.8159,1.00,2.62
2018.03.26 11:07:00.155,0.81579,0.81588,1.00,2.25
2018.03.26 11:07:00.208,0.81578,0.81585,1.00,1.00
2018.03.26 11:07:00.767,0.81577,0.81584,1.00,1.00
2018.03.26 11:07:00.975,0.81577,0.81586,1.00,1.12
2018.03.26 11:07:01.548,0.81577,0.81584,1.00,1.00
2018.03.26 11:07:01.599,0.81577,0.81587,1.00,2.25
2018.03.26 11:07:02.038,0.81579,0.81587,1.00,2.25
2018.03.26 11:07:02.090,0.81576,0.81585,1.00,1.50
2018.03.26 11:07:02.633,0.81575,0.81584,1.00,1.50
2018.03.26 11:07:03.394,0.81574,0.81584,1.00,1.50
2018.03.26 11:07:04.175,0.81574,0.81584,1.00,4.50
2018.03.26 11:07:06.094,0.81574,0.81584,1.00,2.25
2018.03.26 11:07:06.871,0.81575,0.81585,1.00,5.62
2018.03.26 11:07:07.397,0.81576,0.81585,1.00,4.12
2018.03.26 11:07:07.600,0.81577,0.81585,1.00,1.12
2018.03.26 11:07:07.752,0.81574,0.81583,1.12,1.00
2018.03.26 11:07:07.803,0.81572,0.8158,2.62,1.00
2018.03.26 11:07:07.854,0.81571,0.8158,1.00,1.00
2018.03.26 11:07:08.128,0.81566,0.81576,2.62,1.00
2018.03.26 11:07:08.281,0.81568,0.81577,1.00,1.12
2018.03.26 11:07:08.797,0.81567,0.81577,2.25,1.00
2018.03.26 11:07:09.105,0.8157,0.8158,1.12,1.00
2018.03.26 11:07:11.320,0.8157,0.81581,1.87,2.62
2018.03.26 11:07:12.333,0.81571,0.81582,1.37,3.37
2018.03.26 11:07:15.000,0.81572,0.81581,2.25,1.00
2018.03.26 11:07:15.053,0.81573,0.81583,1.00,2.25
2018.03.26 11:07:15.564,0.81573,0.81582,1.12,1.12
2018.03.26 11:07:16.556,0.81571,0.81581,4.12,1.00
2018.03.26 11:07:17.623,0.81571,0.81582,4.12,1.87
2018.03.26 11:07:17.675,0.81571,0.81581,2.25,1.00
2018.03.26 11:07:20.681,0.81571,0.8158,1.00,1.12
2018.03.26 11:07:20.732,0.81571,0.8158,1.00,3.00
2018.03.26 11:07:21.138,0.81569,0.81578,1.87,1.00
2018.03.26 11:07:23.402,0.81568,0.81578,1.50,2.25
2018.03.26 11:07:23.916,0.81568,0.81578,1.12,2.25
2018.03.26 11:07:24.454,0.81568,0.81577,1.12,1.00
2018.03.26 11:07:25.169,0.81568,0.81578,1.12,1.50
2018.03.26 11:07:25.680,0.81568,0.81578,1.50,1.87
2018.03.26 11:07:26.770,0.81568,0.81578,1.12,1.87
2018.03.26 11:07:30.648,0.81567,0.81578,2.25,2.62
2018.03.26 11:07:32.111,0.81567,0.81577,1.87,2.62
2018.03.26 11:07:34.150,0.81567,0.81577,1.00,3.00
2018.03.26 11:07:38.472,0.81567,0.81574,1.00,1.00
2018.03.26 11:07:39.032,0.81567,0.81573,1.00,1.00
2018.03.26 11:07:41.630,0.81567,0.81574,1.12,1.00
2018.03.26 11:07:42.354,0.81568,0.81574,1.00,1.00
2018.03.26 11:07:44.247,0.81567,0.81574,1.12,1.00
2018.03.26 11:07:45.341,0.81569,0.81574,1.12,1.00
2018.03.26 11:07:45.920,0.81568,0.81574,1.50,1.00
2018.03.26 11:07:46.445,0.81568,0.81573,1.12,1.00
2018.03.26 11:07:47.102,0.81569,0.81574,1.00,1.00
2018.03.26 11:07:49.039,0.81569,0.81575,1.50,1.00
2018.03.26 11:07:49.348,0.81568,0.81575,1.12,1.00
2018.03.26 11:07:49.979,0.81568,0.81574,1.12,1.00
2018.03.26 11:07:53.318,0.81568,0.81575,1.12,1.00
2018.03.26 11:07:53.507,0.81569,0.81576,3.37,1.00
2018.03.26 11:07:53.816,0.81571,0.81578,1.37,1.00
2018.03.26 11:07:53.971,0.81572,0.81579,3.37,1.00
2018.03.26 11:07:54.287,0.81575,0.81581,1.12,1.00
2018.03.26 11:07:54.340,0.81575,0.81581,3.37,1.00
2018.03.26 11:07:54.852,0.81575,0.8158,3.37,1.00
2018.03.26 11:07:54.954,0.81575,0.81583,1.50,1.00
2018.03.26 11:07:55.493,0.81577,0.81584,1.00,1.00
2018.03.26 11:07:55.674,0.81577,0.81584,2.62,1.00
2018.03.26 11:07:56.565,0.81579,0.81584,1.50,1.00
2018.03.26 11:07:56.668,0.81579,0.81586,3.37,1.00
2018.03.26 11:07:57.177,0.81578,0.81586,4.12,1.00
2018.03.26 11:07:57.444,0.81578,0.81585,1.12,1.00
2018.03.26 11:07:57.599,0.81576,0.81582,2.25,1.00
2018.03.26 11:07:57.970,0.81577,0.81585,2.25,1.00
2018.03.26 11:07:58.021,0.81578,0.81586,3.37,1.00
2018.03.26 11:07:58.332,0.81577,0.81585,1.50,1.00
2018.03.26 11:07:58.863,0.81579,0.81586,1.00,1.50
2018.03.26 11:07:59.578,0.81578,0.81586,1.50,1.00
2018.03.26 11:07:59.630,0.81578,0.81584,1.00,1.00
2018.03.26 11:08:00.241,0.81577,0.81584,1.12,1.00
2018.03.26 11:08:02.164,0.81575,0.81584,1.50,1.00
2018.03.26 11:08:02.471,0.81574,0.8158,1.00,1.00
2018.03.26 11:08:02.576,0.81575,0.81582,1.87,1.00
2018.03.26 11:08:02.728,0.81575,0.81582,4.12,1.00
2018.03.26 11:08:02.935,0.81576,0.81584,1.87,1.00
2018.03.26 11:08:04.131,0.81577,0.81584,1.00,1.00
2018.03.26 11:08:04.237,0.81579,0.81584,1.12,1.00
2018.03.26 11:08:04.340,0.8158,0.81586,1.12,1.00
2018.03.26 11:08:04.859,0.8158,0.81587,2.25,1.00
2018.03.26 11:08:05.462,0.8158,0.81587,1.12,1.00
2018.03.26 11:08:06.622,0.8158,0.81587,3.37,1.00
2018.03.26 11:08:07.173,0.8158,0.81588,3.37,1.00
2018.03.26 11:08:08.444,0.81579,0.81587,1.12,1.00
2018.03.26 11:08:08.809,0.81578,0.81585,1.12,1.00
2018.03.26 11:08:09.153,0.81577,0.81583,1.00,1.00
2018.03.26 11:08:10.585,0.81574,0.8158,1.50,1.00
2018.03.26 11:08:10.869,0.81574,0.81582,2.25,1.00
2018.03.26 11:08:11.278,0.81576,0.81581,1.00,1.00
2018.03.26 11:08:11.432,0.81576,0.81584,1.87,1.00
2018.03.26 11:08:11.938,0.81577,0.81585,1.00,1.00
2018.03.26 11:08:13.026,0.81576,0.81584,1.50,1.00
2018.03.26 11:08:13.180,0.81574,0.81582,3.37,1.00
2018.03.26 11:08:13.831,0.81575,0.81583,1.12,1.00
2018.03.26 11:08:14.150,0.81575,0.81584,4.12,1.00
2018.03.26 11:08:17.481,0.81576,0.81584,1.12,1.00
2018.03.26 11:08:19.055,0.81575,0.81584,1.00,1.00
2018.03.26 11:08:19.364,0.81575,0.81582,1.12,1.00
2018.03.26 11:08:19.694,0.81577,0.81585,1.00,1.37
2018.03.26 11:08:20.346,0.81577,0.81585,1.12,1.00
2018.03.26 11:08:20.864,0.81578,0.81584,1.50,1.00
2018.03.26 11:08:21.128,0.81576,0.81584,1.12,1.00
2018.03.26 11:08:21.180,0.81575,0.81582,1.50,1.00
2018.03.26 11:08:21.387,0.81574,0.81581,1.12,1.00
2018.03.26 11:08:23.433,0.81576,0.81581,1.00,1.00
2018.03.26 11:08:23.573,0.81576,0.81583,1.00,1.00
2018.03.26 11:08:23.952,0.81575,0.81581,3.37,1.00
2018.03.26 11:08:24.003,0.81575,0.81581,1.12,1.00
2018.03.26 11:08:24.364,0.81573,0.81579,1.12,1.00
2018.03.26 11:08:24.721,0.81575,0.81579,1.00,1.00
2018.03.26 11:08:24.774,0.81575,0.81582,1.50,1.00
2018.03.26 11:08:24.826,0.81576,0.81583,1.50,1.00
2018.03.26 11:08:25.017,0.81575,0.81582,1.12,1.00
2018.03.26 11:08:25.719,0.81575,0.81583,1.50,1.00
2018.03.26 11:08:27.836,0.81576,0.81585,1.12,1.00
2018.03.26 11:08:28.398,0.81576,0.81585,1.50,1.00
2018.03.26 11:08:28.900,0.81576,0.81585,3.37,1.00
2018.03.26 11:08:29.423,0.81576,0.81585,1.50,1.00
2018.03.26 11:08:30.214,0.81576,0.81585,1.12,1.00
2018.03.26 11:08:30.738,0.81575,0.81583,2.62,1.00
2018.03.26 11:08:31.096,0.81576,0.81586,1.12,2.25
2018.03.26 11:08:31.659,0.81576,0.81585,1.12,1.00
2018.03.26 11:08:32.164,0.81575,0.81584,1.12,1.50
2018.03.26 11:08:32.543,0.81572,0.81583,2.25,1.12
2018.03.26 11:08:32.595,0.81571,0.81581,4.87,1.00
2018.03.26 11:08:32.647,0.81571,0.8158,1.12,1.00
2018.03.26 11:08:33.105,0.81569,0.81578,4.12,1.00
2018.03.26 11:08:33.209,0.81569,0.81577,1.00,1.00
2018.03.26 11:08:33.733,0.81568,0.81577,1.00,1.00
2018.03.26 11:08:34.528,0.81568,0.81576,1.00,1.00
2018.03.26 11:08:35.955,0.81566,0.81576,1.50,1.00
2018.03.26 11:08:36.473,0.81567,0.81575,1.00,1.00
2018.03.26 11:08:37.026,0.81567,0.81576,1.00,1.00
2018.03.26 11:08:37.260,0.81567,0.81576,4.12,1.00
2018.03.26 11:08:37.751,0.81568,0.81579,2.25,2.25
2018.03.26 11:08:38.055,0.8157,0.81579,1.50,1.00
2018.03.26 11:08:39.182,0.81572,0.81581,1.00,1.00
2018.03.26 11:08:39.713,0.81572,0.81581,1.50,1.00
2018.03.26 11:08:40.202,0.81571,0.8158,1.87,2.25
2018.03.26 11:08:41.426,0.81571,0.8158,4.12,1.00
2018.03.26 11:08:41.559,0.81571,0.81582,4.87,1.00
2018.03.26 11:08:41.728,0.81573,0.81582,2.62,1.00
2018.03.26 11:08:42.253,0.81574,0.81582,1.12,1.00
2018.03.26 11:08:42.356,0.81574,0.81584,1.50,2.25
2018.03.26 11:08:43.092,0.81574,0.81584,1.12,1.50
2018.03.26 11:08:46.475,0.81575,0.81584,1.00,1.50
2018.03.26 11:08:46.927,0.81575,0.81586,2.25,2.62
2018.03.26 11:08:48.375,0.81575,0.81586,1.00,2.25
2018.03.26 11:08:49.749,0.81576,0.81586,1.00,2.25
2018.03.26 11:08:50.042,0.81579,0.81586,1.00,1.00
2018.03.26 11:08:50.094,0.8158,0.81589,1.00,1.50
2018.03.26 11:08:50.249,0.81581,0.81591,1.12,1.50
2018.03.26 11:08:50.783,0.81581,0.81591,2.25,1.00
2018.03.26 11:08:51.253,0.81582,0.81592,2.62,1.87
2018.03.26 11:08:52.126,0.81582,0.81592,1.50,2.25
2018.03.26 11:08:54.087,0.81583,0.81592,1.00,2.25
2018.03.26 11:08:54.599,0.81583,0.81592,1.50,1.87
2018.03.26 11:08:55.392,0.81584,0.81591,1.12,1.00
2018.03.26 11:08:55.546,0.81581,0.81591,2.25,1.50
2018.03.26 11:09:00.296,0.81582,0.81592,5.62,1.00
2018.03.26 11:09:00.608,0.81589,0.81598,1.87,1.12
2018.03.26 11:09:01.029,0.81592,0.81598,1.00,1.00
2018.03.26 11:09:01.204,0.81589,0.81597,1.00,1.00
2018.03.26 11:09:01.588,0.81589,0.81599,1.12,1.87
2018.03.26 11:09:01.843,0.81589,0.81597,1.12,1.00
2018.03.26 11:09:02.354,0.81588,0.81597,1.12,1.50
2018.03.26 11:09:02.657,0.81586,0.81595,2.25,1.00
2018.03.26 11:09:05.663,0.81587,0.81595,1.37,1.00
2018.03.26 11:09:07.012,0.81586,0.81595,1.12,1.00
2018.03.26 11:09:07.114,0.81586,0.81595,1.50,1.00
2018.03.26 11:09:09.984,0.81586,0.81595,1.50,1.00
2018.03.26 11:09:10.495,0.81588,0.81596,1.00,1.12
2018.03.26 11:09:11.017,0.81589,0.81596,1.00,1.00
2018.03.26 11:09:11.069,0.81589,0.81598,1.00,1.12
2018.03.26 11:09:11.121,0.81591,0.81598,1.00,1.12
2018.03.26 11:09:11.174,0.81591,0.816,1.00,2.25
2018.03.26 11:09:12.057,0.8159,0.816,2.25,2.25
2018.03.26 11:09:12.691,0.8159,0.81598,1.87,1.00
2018.03.26 11:09:13.225,0.81592,0.816,1.00,2.25
2018.03.26 11:09:13.379,0.8159,0.816,1.00,2.25
2018.03.26 11:09:13.850,0.8159,0.81597,1.00,1.00
2018.03.26 11:09:14.112,0.81588,0.81599,1.87,1.12
2018.03.26 11:09:14.216,0.81592,0.816,1.00,1.50
2018.03.26 11:09:14.319,0.81592,0.81601,1.00,1.12
2018.03.26 11:09:14.627,0.81594,0.81602,1.00,1.12
2018.03.26 11:09:15.332,0.81595,0.81602,1.00,1.12
2018.03.26 11:09:17.331,0.81598,0.81602,1.00,1.00
2018.03.26 11:09:17.382,0.81598,0.81604,1.00,1.00
2018.03.26 11:09:17.834,0.81596,0.81604,2.25,1.00
2018.03.26 11:09:17.941,0.81597,0.81606,1.12,2.25
2018.03.26 11:09:18.487,0.81596,0.81605,1.00,1.12
2018.03.26 11:09:18.743,0.816,0.81607,1.00,1.87
2018.03.26 11:09:19.055,0.81598,0.81607,1.00,1.87
2018.03.26 11:09:19.566,0.81597,0.81607,1.12,1.00
2018.03.26 11:09:20.249,0.81597,0.81608,3.00,2.25
2018.03.26 11:09:20.665,0.81599,0.81608,4.12,1.00
2018.03.26 11:09:21.047,0.81599,0.81608,1.12,1.50
2018.03.26 11:09:21.149,0.81599,0.81608,5.62,1.00
2018.03.26 11:09:21.302,0.81599,0.81609,2.62,1.00
2018.03.26 11:09:21.403,0.81599,0.81607,1.00,1.00
2018.03.26 11:09:21.708,0.816,0.8161,1.12,2.25
2018.03.26 11:09:21.955,0.81599,0.81608,1.50,1.00
2018.03.26 11:09:22.529,0.81599,0.81609,1.12,1.00
2018.03.26 11:09:23.553,0.81599,0.81609,1.87,1.37
2018.03.26 11:09:24.148,0.81599,0.81608,1.50,1.12
2018.03.26 11:09:24.945,0.81599,0.81609,1.87,1.87
2018.03.26 11:09:25.450,0.81599,0.81609,2.25,1.00
2018.03.26 11:09:27.559,0.81598,0.81608,4.87,1.00
2018.03.26 11:09:28.103,0.81599,0.81609,4.12,1.12
2018.03.26 11:09:28.297,0.81599,0.81609,1.87,1.00
2018.03.26 11:09:28.806,0.81598,0.81608,1.00,2.25
2018.03.26 11:09:29.011,0.81598,0.81606,1.50,1.00
2018.03.26 11:09:29.164,0.81598,0.81608,1.00,3.00
2018.03.26 11:09:29.938,0.81599,0.81607,1.50,1.00
2018.03.26 11:09:30.476,0.81597,0.81608,1.50,2.62
2018.03.26 11:09:32.264,0.81597,0.81608,1.12,2.62
2018.03.26 11:09:33.041,0.81597,0.81607,1.12,1.00
2018.03.26 11:09:33.280,0.81594,0.81605,5.62,1.00
2018.03.26 11:09:33.383,0.81594,0.81604,1.50,2.25
2018.03.26 11:09:33.640,0.81592,0.81603,1.87,1.87
2018.03.26 11:09:34.190,0.81591,0.81602,2.25,2.62
2018.03.26 11:09:36.194,0.81591,0.81602,2.62,1.12
2018.03.26 11:09:36.297,0.81591,0.81602,5.62,1.12
2018.03.26 11:09:36.845,0.81593,0.81602,1.50,1.00
2018.03.26 11:09:37.374,0.81593,0.81602,1.00,1.50
2018.03.26 11:09:37.700,0.81594,0.81604,1.50,2.25
2018.03.26 11:09:38.388,0.81593,0.81604,4.50,1.00
2018.03.26 11:09:38.708,0.81596,0.81605,2.25,1.00
2018.03.26 11:09:39.233,0.81595,0.81606,1.50,1.87
2018.03.26 11:09:39.538,0.81594,0.81603,1.50,1.00
2018.03.26 11:09:39.841,0.81592,0.81603,1.50,1.87
2018.03.26 11:09:39.892,0.81593,0.81601,1.12,1.00
2018.03.26 11:09:41.003,0.81591,0.81602,3.00,1.87
2018.03.26 11:09:41.321,0.81591,0.816,1.50,1.00
2018.03.26 11:09:42.430,0.81591,0.81602,1.50,2.25
2018.03.26 11:09:42.963,0.81592,0.81601,1.37,1.00
2018.03.26 11:09:43.498,0.81592,0.81602,1.50,2.25
2018.03.26 11:09:44.019,0.81592,0.81602,1.12,1.87
2018.03.26 11:09:44.581,0.81592,0.81602,1.00,3.00
2018.03.26 11:09:45.190,0.81592,0.81602,1.12,1.87
2018.03.26 11:09:45.727,0.81592,0.81603,1.87,1.50
2018.03.26 11:09:46.699,0.81592,0.81602,2.25,1.00
2018.03.26 11:09:47.220,0.81592,0.81602,1.00,2.25
2018.03.26 11:09:47.722,0.81591,0.81601,1.37,1.37
2018.03.26 11:09:50.395,0.81591,0.81601,1.50,1.12
2018.03.26 11:09:51.043,0.81591,0.81601,1.87,1.37
2018.03.26 11:09:52.669,0.81589,0.81599,1.12,1.12
2018.03.26 11:09:53.395,0.8159,0.81599,1.87,1.12
2018.03.26 11:09:54.112,0.8159,0.81601,2.25,1.50
2018.03.26 11:09:54.623,0.81591,0.81602,1.87,2.25
2018.03.26 11:09:55.407,0.81592,0.81602,1.00,1.87
2018.03.26 11:09:55.954,0.81591,0.81601,4.87,1.12
2018.03.26 11:09:56.322,0.81594,0.81603,1.00,1.87
2018.03.26 11:09:56.425,0.81596,0.81605,1.00,2.62
2018.03.26 11:09:56.477,0.81596,0.81606,2.62,1.00
2018.03.26 11:09:57.017,0.81597,0.81606,1.87,1.12
2018.03.26 11:09:57.321,0.81599,0.81607,1.00,1.00
2018.03.26 11:09:57.915,0.81598,0.81608,1.50,1.50
2018.03.26 11:09:58.473,0.81598,0.81607,1.00,1.00
2018.03.26 11:09:59.967,0.81598,0.81608,1.12,1.12
2018.03.26 11:10:00.511,0.81599,0.81607,1.50,1.00
2018.03.26 11:10:00.562,0.816,0.8161,1.50,1.00
2018.03.26 11:10:00.664,0.81602,0.81611,1.87,1.00
2018.03.26 11:10:00.718,0.81602,0.81613,2.62,1.12
2018.03.26 11:10:00.770,0.81604,0.81613,1.12,1.00
2018.03.26 11:10:00.822,0.81605,0.81615,1.00,1.12
2018.03.26 11:10:00.875,0.81608,0.81618,1.12,5.62
2018.03.26 11:10:00.980,0.81607,0.81618,2.25,1.50
2018.03.26 11:10:01.183,0.81608,0.81616,1.12,1.00
2018.03.26 11:10:01.490,0.81605,0.81614,1.37,2.25
2018.03.26 11:10:01.695,0.81604,0.81613,1.12,1.12
2018.03.26 11:10:02.448,0.81606,0.81613,1.00,1.00
2018.03.26 11:10:02.500,0.81606,0.81615,1.00,1.50
2018.03.26 11:10:02.706,0.81604,0.81615,1.87,2.62
2018.03.26 11:10:02.911,0.81604,0.81614,1.87,1.87
2018.03.26 11:10:03.684,0.81603,0.81612,1.12,1.00
2018.03.26 11:10:04.371,0.81602,0.81611,2.25,2.25
2018.03.26 11:10:04.474,0.816,0.8161,1.50,3.00
2018.03.26 11:10:04.525,0.816,0.81608,1.50,1.00
2018.03.26 11:10:04.846,0.81601,0.81611,4.12,1.00
2018.03.26 11:10:05.855,0.81601,0.81611,1.87,1.50
2018.03.26 11:10:06.175,0.81601,0.81609,1.50,1.00
2018.03.26 11:10:06.689,0.816,0.8161,1.12,1.87
2018.03.26 11:10:07.197,0.816,0.8161,1.00,3.00
2018.03.26 11:10:07.736,0.81601,0.8161,1.12,2.25
2018.03.26 11:10:08.248,0.81602,0.8161,1.12,1.00
2018.03.26 11:10:08.778,0.81602,0.81611,1.50,2.25
2018.03.26 11:10:09.487,0.81602,0.81611,1.00,2.25
2018.03.26 11:10:11.045,0.81601,0.81611,1.12,2.25
2018.03.26 11:10:11.993,0.81602,0.8161,1.00,1.00
2018.03.26 11:10:12.516,0.81601,0.81611,1.50,1.50
2018.03.26 11:10:13.067,0.81601,0.81611,1.12,1.50
2018.03.26 11:10:16.224,0.81601,0.81611,1.00,3.00
2018.03.26 11:10:16.752,0.81601,0.81611,1.12,2.25
2018.03.26 11:10:18.933,0.81601,0.81611,1.50,2.25
2018.03.26 11:10:20.692,0.81602,0.81611,1.50,1.00
2018.03.26 11:10:23.689,0.81602,0.81611,1.12,1.00
2018.03.26 11:10:24.197,0.81601,0.81611,1.87,1.00
2018.03.26 11:10:24.759,0.816,0.81611,1.12,2.62
2018.03.26 11:10:25.152,0.816,0.81611,4.12,2.25
2018.03.26 11:10:25.676,0.816,0.81611,3.00,2.25
2018.03.26 11:10:26.337,0.816,0.8161,3.00,1.00
2018.03.26 11:10:27.506,0.81601,0.81609,1.12,1.00
2018.03.26 11:10:27.559,0.81599,0.8161,2.62,1.87
2018.03.26 11:10:28.265,0.816,0.8161,1.00,2.62
2018.03.26 11:10:28.788,0.816,0.81611,1.50,2.62
2018.03.26 11:10:29.360,0.81601,0.81611,2.62,2.62
2018.03.26 11:10:29.966,0.81602,0.8161,1.00,1.50
2018.03.26 11:10:30.169,0.816,0.8161,1.12,1.12
2018.03.26 11:10:30.726,0.816,0.81609,1.12,1.00
2018.03.26 11:10:32.454,0.816,0.8161,1.12,1.12
2018.03.26 11:10:32.956,0.816,0.81609,1.12,1.00
2018.03.26 11:10:34.205,0.81603,0.81612,1.00,3.37
2018.03.26 11:10:34.411,0.81603,0.81612,3.75,1.00
2018.03.26 11:10:34.618,0.81601,0.81611,1.87,1.00
2018.03.26 11:10:35.495,0.81602,0.81612,1.00,3.00
2018.03.26 11:10:35.547,0.81604,0.81612,1.00,3.00
2018.03.26 11:10:35.650,0.81604,0.81614,1.12,1.00
2018.03.26 11:10:35.906,0.81604,0.81612,1.50,1.00
2018.03.26 11:10:40.143,0.81603,0.81611,1.00,1.00
2018.03.26 11:10:40.298,0.81599,0.8161,4.87,1.50
2018.03.26 11:10:40.350,0.81599,0.81609,1.87,1.12
2018.03.26 11:10:42.191,0.81598,0.81609,1.50,3.00
2018.03.26 11:10:42.340,0.81598,0.81606,1.87,1.00
2018.03.26 11:10:42.848,0.81599,0.81607,1.50,1.00
2018.03.26 11:10:43.363,0.81599,0.81608,1.00,1.00
2018.03.26 11:10:44.693,0.81598,0.81608,1.50,1.50
2018.03.26 11:10:45.381,0.81597,0.81607,1.87,1.50
2018.03.26 11:10:47.054,0.81597,0.81607,1.12,2.62
2018.03.26 11:10:48.394,0.81594,0.81604,4.87,1.00
2018.03.26 11:10:48.590,0.81592,0.81601,1.00,1.00
2018.03.26 11:10:49.100,0.81592,0.816,1.00,1.00
2018.03.26 11:10:49.694,0.81592,0.81602,1.00,2.25
2018.03.26 11:10:50.248,0.81592,0.81601,1.00,1.00
2018.03.26 11:10:50.760,0.81592,0.81601,2.25,1.00
2018.03.26 11:10:50.864,0.81593,0.81602,4.50,1.00
2018.03.26 11:10:51.410,0.81594,0.81603,3.00,1.50
2018.03.26 11:10:52.269,0.81594,0.81603,4.50,1.00
2018.03.26 11:10:52.444,0.81594,0.81605,4.50,2.25
2018.03.26 11:10:53.009,0.81596,0.81605,1.50,2.25
2018.03.26 11:10:55.371,0.81596,0.81605,1.12,2.25
2018.03.26 11:10:56.339,0.81595,0.81604,1.12,1.00
2018.03.26 11:10:58.531,0.81595,0.81604,1.50,1.00
2018.03.26 11:10:59.129,0.81595,0.81605,1.50,2.25
2018.03.26 11:11:02.287,0.81597,0.81605,1.00,1.50
2018.03.26 11:11:02.796,0.81596,0.81604,1.12,1.00
2018.03.26 11:11:03.380,0.81596,0.81605,1.12,1.00
2018.03.26 11:11:03.949,0.81596,0.81605,1.37,1.00
2018.03.26 11:11:04.472,0.81595,0.81605,1.12,1.00
2018.03.26 11:11:05.334,0.81595,0.81605,1.50,1.50
2018.03.26 11:11:05.488,0.81594,0.81603,2.62,1.00
2018.03.26 11:11:05.540,0.81591,0.81601,1.12,1.00
2018.03.26 11:11:05.592,0.81593,0.816,1.00,1.00
2018.03.26 11:11:06.787,0.81593,0.81601,1.12,1.00
2018.03.26 11:11:06.839,0.81594,0.81604,1.37,1.87
2018.03.26 11:11:07.446,0.81594,0.81604,1.12,1.87
2018.03.26 11:11:07.720,0.81592,0.81602,1.50,1.50
2018.03.26 11:11:07.825,0.81593,0.81603,1.00,1.87
2018.03.26 11:11:07.877,0.81595,0.81603,1.00,1.87
2018.03.26 11:11:08.083,0.81595,0.81605,1.50,1.00
2018.03.26 11:11:08.663,0.81596,0.81606,1.00,1.87
2018.03.26 11:11:08.980,0.81594,0.81605,1.50,1.87
2018.03.26 11:11:09.277,0.81594,0.81604,1.12,1.50
2018.03.26 11:11:09.674,0.81594,0.81605,1.87,2.62
2018.03.26 11:11:09.725,0.81594,0.81605,4.12,2.62
2018.03.26 11:11:10.452,0.81594,0.81604,2.25,1.00
2018.03.26 11:11:11.141,0.81595,0.81604,1.50,1.12
2018.03.26 11:11:11.779,0.81595,0.81604,1.12,1.00
2018.03.26 11:11:12.262,0.81596,0.81604,2.62,1.00
2018.03.26 11:11:12.462,0.81595,0.81605,1.12,1.00
2018.03.26 11:11:12.513,0.81595,0.81603,1.12,1.50
2018.03.26 11:11:12.616,0.81594,0.81605,3.37,2.62
2018.03.26 11:11:12.667,0.81596,0.81604,1.00,1.50
2018.03.26 11:11:13.208,0.81595,0.81604,1.12,1.00
2018.03.26 11:11:13.756,0.81596,0.81605,1.50,1.00
2018.03.26 11:11:14.261,0.81596,0.81606,1.50,1.00
2018.03.26 11:11:14.810,0.81597,0.81606,1.00,1.00
2018.03.26 11:11:15.600,0.81596,0.81606,1.12,1.00
2018.03.26 11:11:16.133,0.81596,0.81606,1.50,1.00
2018.03.26 11:11:18.606,0.81596,0.81604,1.00,1.00
2018.03.26 11:11:19.138,0.81595,0.81604,1.12,1.00
2018.03.26 11:11:19.649,0.81593,0.81603,1.50,1.50
2018.03.26 11:11:20.335,0.81593,0.81602,1.50,1.00
2018.03.26 11:11:20.939,0.81593,0.81602,3.00,1.00
2018.03.26 11:11:21.250,0.81598,0.81607,1.00,1.12
2018.03.26 11:11:21.559,0.81595,0.81603,1.00,1.00
2018.03.26 11:11:21.963,0.81596,0.81605,1.00,1.00
2018.03.26 11:11:22.220,0.81593,0.81603,1.50,1.87
2018.03.26 11:11:22.527,0.81593,0.81601,1.00,1.00
2018.03.26 11:11:23.395,0.81592,0.81601,1.12,1.00
2018.03.26 11:11:23.601,0.8159,0.816,1.50,1.00
2018.03.26 11:11:24.340,0.8159,0.81599,1.50,1.00
2018.03.26 11:11:25.274,0.8159,0.816,4.12,1.12
2018.03.26 11:11:25.480,0.81592,0.816,3.37,1.00
2018.03.26 11:11:25.736,0.81592,0.81601,1.12,1.00
2018.03.26 11:11:25.788,0.81595,0.81603,1.00,2.62
2018.03.26 11:11:26.142,0.81595,0.81605,3.37,1.87
2018.03.26 11:11:26.344,0.81595,0.81604,1.12,1.00
2018.03.26 11:11:27.160,0.81595,0.81605,1.12,1.87
2018.03.26 11:11:27.709,0.81595,0.81605,1.50,1.00
2018.03.26 11:11:28.603,0.81597,0.81606,1.00,1.00
2018.03.26 11:11:29.329,0.81598,0.81607,1.12,1.00
2018.03.26 11:11:30.728,0.816,0.81608,1.00,1.50
2018.03.26 11:11:34.830,0.81599,0.8161,1.87,4.12
2018.03.26 11:11:35.346,0.81598,0.81608,1.12,1.87
2018.03.26 11:11:35.952,0.81599,0.81607,1.00,1.00
2018.03.26 11:11:36.488,0.81597,0.81607,1.87,1.12
2018.03.26 11:11:37.903,0.81598,0.81608,1.87,1.87
2018.03.26 11:11:38.413,0.81597,0.81607,2.25,1.00
2018.03.26 11:11:38.936,0.81597,0.81607,1.87,2.25
2018.03.26 11:11:40.226,0.81597,0.81607,2.25,2.25
2018.03.26 11:11:40.584,0.81598,0.81609,1.12,2.62
2018.03.26 11:11:40.892,0.81599,0.81608,1.12,1.37
2018.03.26 11:11:40.995,0.81599,0.81609,1.00,1.87
2018.03.26 11:11:41.227,0.81597,0.81607,1.87,1.12
2018.03.26 11:11:41.773,0.81596,0.81607,1.00,3.00
2018.03.26 11:11:42.337,0.81596,0.81606,1.00,2.25
2018.03.26 11:11:42.881,0.81597,0.81606,1.00,1.87
2018.03.26 11:11:42.984,0.81595,0.81606,1.12,2.25
2018.03.26 11:11:44.095,0.81593,0.81603,1.87,1.50
2018.03.26 11:11:44.403,0.81592,0.816,1.12,1.00
2018.03.26 11:11:44.917,0.81592,0.81601,1.12,1.00
2018.03.26 11:11:45.516,0.81592,0.81602,2.25,1.00
2018.03.26 11:11:45.817,0.81592,0.816,1.37,1.00
2018.03.26 11:11:46.483,0.81592,0.81601,1.37,1.50
2018.03.26 11:11:47.130,0.81593,0.81602,1.50,1.00
2018.03.26 11:11:48.332,0.81593,0.81603,1.50,2.25
2018.03.26 11:11:49.076,0.81592,0.81602,4.87,1.00
2018.03.26 11:11:49.577,0.81593,0.81601,1.00,1.00
2018.03.26 11:11:50.719,0.81593,0.81601,1.50,1.00
2018.03.26 11:11:50.949,0.81593,0.81603,1.50,1.00
2018.03.26 11:11:51.051,0.81594,0.81603,2.62,1.00
2018.03.26 11:11:51.596,0.81594,0.81604,2.62,1.50
2018.03.26 11:11:52.125,0.81596,0.81605,1.00,1.00
2018.03.26 11:11:52.672,0.81598,0.81607,1.00,1.50
2018.03.26 11:11:52.979,0.816,0.81609,1.12,1.00
2018.03.26 11:11:53.488,0.81599,0.81609,1.00,1.12
2018.03.26 11:11:54.309,0.81599,0.8161,1.50,1.50
2018.03.26 11:11:54.933,0.81601,0.81609,1.00,1.00
2018.03.26 11:11:54.984,0.816,0.81611,1.12,4.12
2018.03.26 11:11:56.037,0.81601,0.81611,1.00,2.62
2018.03.26 11:11:56.548,0.816,0.81611,1.12,2.62
2018.03.26 11:11:57.092,0.816,0.8161,1.12,1.00
2018.03.26 11:11:57.429,0.81603,0.81611,1.00,1.00
2018.03.26 11:11:57.724,0.81605,0.81614,1.00,1.00
2018.03.26 11:11:57.777,0.81607,0.81615,1.00,1.12
2018.03.26 11:11:58.144,0.81606,0.81617,1.87,1.87
2018.03.26 11:11:58.586,0.81608,0.81617,1.00,1.00
2018.03.26 11:11:59.094,0.81608,0.81619,1.12,3.75
2018.03.26 11:11:59.713,0.81609,0.81619,1.00,3.00
2018.03.26 11:12:00.232,0.81607,0.81618,1.50,1.12
2018.03.26 11:12:00.663,0.81606,0.81615,1.12,1.12
2018.03.26 11:12:00.802,0.81604,0.81614,3.00,1.00
2018.03.26 11:12:03.738,0.81608,0.81616,1.00,3.37
2018.03.26 11:12:03.789,0.81609,0.81618,1.00,1.50
2018.03.26 11:12:03.943,0.8161,0.8162,1.00,1.50
2018.03.26 11:12:05.344,0.81611,0.81621,1.12,1.37
2018.03.26 11:12:05.706,0.81612,0.81622,1.00,1.87
2018.03.26 11:12:05.808,0.81612,0.81622,1.00,4.12
2018.03.26 11:12:06.066,0.8161,0.8162,1.00,1.12
2018.03.26 11:12:07.139,0.8161,0.81619,1.12,1.00
2018.03.26 11:12:07.653,0.8161,0.8162,1.87,1.12
2018.03.26 11:12:08.070,0.81609,0.81617,1.00,1.00
2018.03.26 11:12:08.594,0.81608,0.81618,1.50,1.87
2018.03.26 11:12:09.114,0.81608,0.81617,1.00,1.12
2018.03.26 11:12:09.628,0.81609,0.81619,1.12,4.87
2018.03.26 11:12:10.160,0.81609,0.81618,1.12,1.00
2018.03.26 11:12:10.741,0.81609,0.81618,1.12,1.37
2018.03.26 11:12:11.242,0.81609,0.81618,1.00,1.12
2018.03.26 11:12:12.162,0.81609,0.81619,2.25,1.50
2018.03.26 11:12:12.697,0.81611,0.8162,1.00,1.87
2018.03.26 11:12:13.210,0.81612,0.8162,1.00,1.87
2018.03.26 11:12:13.576,0.81611,0.81618,1.00,1.00
2018.03.26 11:12:13.833,0.81609,0.81618,1.00,1.50
2018.03.26 11:12:14.397,0.81609,0.81618,1.12,1.37
2018.03.26 11:12:14.907,0.81608,0.81617,1.00,1.00
2018.03.26 11:12:16.441,0.81608,0.81617,1.00,1.37
2018.03.26 11:12:20.828,0.81607,0.81615,2.25,1.00
2018.03.26 11:12:21.605,0.81607,0.81615,1.50,1.00
2018.03.26 11:12:22.121,0.81607,0.81616,1.00,1.00
2018.03.26 11:12:23.429,0.81606,0.81616,1.00,1.12
2018.03.26 11:12:25.134,0.81606,0.81612,1.00,1.00
2018.03.26 11:12:25.237,0.81602,0.81612,1.12,1.00
2018.03.26 11:12:26.500,0.81603,0.81612,1.00,1.00
2018.03.26 11:12:27.032,0.81602,0.81612,1.12,1.00
2018.03.26 11:12:33.853,0.81602,0.81613,2.25,1.12
2018.03.26 11:12:35.990,0.81604,0.81613,1.00,1.12
2018.03.26 11:12:37.771,0.81607,0.81613,1.00,1.12
2018.03.26 11:12:40.573,0.81606,0.81613,1.00,1.50
2018.03.26 11:12:40.899,0.81608,0.81613,1.00,1.87
2018.03.26 11:12:43.911,0.81608,0.81613,1.00,1.37
2018.03.26 11:12:45.466,0.81607,0.81611,1.00,1.00
2018.03.26 11:12:49.510,0.81607,0.81611,1.00,1.00
2018.03.26 11:12:49.662,0.81605,0.81611,1.00,1.00
2018.03.26 11:12:51.034,0.81605,0.81612,1.00,1.00
2018.03.26 11:12:52.976,0.81605,0.81611,1.00,1.12
2018.03.26 11:12:53.078,0.81603,0.81611,1.00,1.12
2018.03.26 11:12:55.236,0.81603,0.8161,1.00,1.00
2018.03.26 11:12:57.446,0.81603,0.81609,1.00,1.00
2018.03.26 11:12:57.547,0.81601,0.81608,1.00,1.00
2018.03.26 11:12:58.113,0.816,0.81607,1.12,1.00
2018.03.26 11:12:58.797,0.816,0.81608,1.00,1.50
2018.03.26 11:12:59.308,0.81601,0.81608,1.00,1.00
2018.03.26 11:13:00.455,0.81602,0.81608,1.00,1.00
2018.03.26 11:13:01.131,0.81601,0.81608,1.00,1.00
2018.03.26 11:13:01.661,0.81603,0.81611,1.00,1.00
2018.03.26 11:13:01.865,0.81605,0.81611,1.00,1.00
2018.03.26 11:13:04.057,0.81605,0.8161,1.00,1.00
2018.03.26 11:13:04.294,0.81603,0.81609,1.00,1.00
2018.03.26 11:13:04.653,0.81601,0.81609,1.00,1.00
2018.03.26 11:13:04.755,0.81601,0.81606,1.00,1.00
2018.03.26 11:13:04.858,0.81599,0.81606,1.00,1.00
2018.03.26 11:13:05.380,0.816,0.81607,1.00,1.12
2018.03.26 11:13:05.927,0.81601,0.81607,1.00,1.00
2018.03.26 11:13:07.768,0.816,0.81607,1.00,1.00
2018.03.26 11:13:08.557,0.816,0.81607,1.00,1.37
2018.03.26 11:13:09.100,0.81599,0.81607,1.00,1.12
2018.03.26 11:13:09.712,0.816,0.81608,1.00,1.50
2018.03.26 11:13:10.216,0.81601,0.81606,1.00,1.00
2018.03.26 11:13:12.665,0.81603,0.81609,1.00,1.00
2018.03.26 11:13:12.717,0.81605,0.8161,1.00,1.00
2018.03.26 11:13:13.276,0.81604,0.8161,1.00,1.00
2018.03.26 11:13:14.119,0.81603,0.81609,1.12,1.00
2018.03.26 11:13:14.674,0.81604,0.81609,1.00,1.00
2018.03.26 11:13:15.724,0.81604,0.8161,1.00,1.00
2018.03.26 11:13:16.257,0.81603,0.8161,1.12,1.00
2018.03.26 11:13:17.362,0.81601,0.81608,1.37,1.00
2018.03.26 11:13:17.866,0.81601,0.81608,1.00,1.00
2018.03.26 11:13:18.755,0.81602,0.81608,1.00,1.00
2018.03.26 11:13:19.307,0.81601,0.81608,1.00,1.00
2018.03.26 11:13:23.217,0.816,0.81608,1.00,1.00
2018.03.26 11:13:24.386,0.816,0.81609,1.00,1.00
2018.03.26 11:13:24.490,0.81601,0.81611,1.12,1.12
2018.03.26 11:13:24.541,0.81605,0.81612,1.00,1.50
2018.03.26 11:13:24.819,0.81606,0.81616,1.00,1.50
2018.03.26 11:13:24.871,0.81608,0.81617,1.00,3.37
2018.03.26 11:13:25.180,0.8161,0.81617,1.00,1.00
2018.03.26 11:13:25.930,0.81611,0.81617,1.00,1.00
2018.03.26 11:13:25.982,0.81611,0.81619,1.00,1.00
2018.03.26 11:13:26.490,0.81612,0.81619,1.00,1.00
2018.03.26 11:13:26.542,0.81612,0.81617,1.00,1.00
2018.03.26 11:13:26.941,0.8161,0.81617,1.00,1.00
2018.03.26 11:13:27.559,0.81611,0.81617,1.00,1.12
2018.03.26 11:13:28.547,0.8161,0.81615,1.00,1.50
2018.03.26 11:13:28.701,0.81608,0.81614,1.00,1.00
2018.03.26 11:13:28.753,0.81606,0.81612,1.00,1.00
2018.03.26 11:13:29.361,0.81605,0.81613,1.50,1.00
2018.03.26 11:13:29.565,0.81605,0.81615,1.12,1.00
2018.03.26 11:13:29.788,0.81605,0.81613,2.62,1.00
2018.03.26 11:13:29.839,0.81603,0.81614,1.87,1.12
2018.03.26 11:13:29.940,0.81606,0.81613,1.12,1.00
2018.03.26 11:13:30.042,0.81602,0.81613,3.00,1.12
2018.03.26 11:13:30.972,0.81603,0.81612,1.87,1.00
2018.03.26 11:13:31.025,0.81603,0.81612,4.12,1.00
2018.03.26 11:13:34.397,0.81603,0.81613,5.62,1.00
2018.03.26 11:13:34.911,0.81605,0.81614,1.37,1.00
2018.03.26 11:13:35.598,0.81605,0.81615,1.50,1.00
2018.03.26 11:13:36.385,0.81605,0.81615,3.37,1.00
2018.03.26 11:13:37.062,0.81605,0.81616,4.12,1.00
2018.03.26 11:13:37.601,0.81606,0.81615,1.50,1.00
2018.03.26 11:13:38.125,0.81607,0.81618,1.12,2.25
2018.03.26 11:13:38.227,0.81608,0.81618,1.37,1.12
2018.03.26 11:13:38.535,0.81607,0.81616,3.37,1.00
2018.03.26 11:13:39.013,0.81607,0.81616,1.00,1.50
2018.03.26 11:13:39.598,0.81607,0.81615,1.00,1.00
2018.03.26 11:13:40.800,0.81605,0.81615,1.50,1.00
2018.03.26 11:13:44.976,0.81606,0.81614,1.00,1.00
2018.03.26 11:13:47.122,0.81606,0.81616,1.12,1.00
2018.03.26 11:13:47.672,0.81607,0.81616,1.00,1.00
2018.03.26 11:13:48.195,0.81605,0.81615,2.25,1.00
2018.03.26 11:13:49.534,0.81606,0.81614,1.12,1.00
2018.03.26 11:13:49.695,0.81606,0.81617,2.25,1.12
2018.03.26 11:13:49.900,0.81609,0.81618,2.62,1.00
2018.03.26 11:13:50.003,0.81608,0.81618,2.25,1.50
2018.03.26 11:13:50.055,0.81608,0.81616,2.25,1.00
2018.03.26 11:13:50.683,0.81609,0.81618,1.12,1.50
2018.03.26 11:13:51.847,0.81616,0.8162,1.00,1.00
2018.03.26 11:13:51.898,0.81618,0.81623,1.00,1.00
2018.03.26 11:13:51.949,0.81619,0.81629,1.00,3.00
2018.03.26 11:13:52.348,0.81618,0.81625,1.50,1.50
2018.03.26 11:13:52.451,0.81613,0.81622,1.12,1.87
2018.03.26 11:13:52.554,0.81614,0.81623,1.00,1.00
2018.03.26 11:13:53.330,0.81615,0.81623,2.25,1.00
2018.03.26 11:13:53.435,0.81616,0.81623,4.87,1.00
2018.03.26 11:13:54.087,0.81616,0.81626,4.87,1.50
2018.03.26 11:13:54.709,0.81617,0.81626,1.00,1.50
2018.03.26 11:13:55.276,0.81617,0.81625,1.00,1.00
2018.03.26 11:13:56.263,0.81617,0.81626,1.87,1.00
2018.03.26 11:13:56.520,0.81619,0.81628,1.00,1.12
2018.03.26 11:13:56.827,0.81619,0.81629,3.37,1.12
2018.03.26 11:13:57.314,0.8162,0.81631,4.50,1.00
2018.03.26 11:13:57.372,0.81624,0.81633,1.50,2.25
2018.03.26 11:13:57.426,0.81625,0.81635,2.25,1.00
2018.03.26 11:13:57.684,0.81625,0.81633,4.12,1.00
2018.03.26 11:13:57.735,0.81625,0.81633,2.25,1.00
2018.03.26 11:13:58.626,0.81625,0.81633,4.12,1.00
2018.03.26 11:14:01.130,0.81625,0.81633,1.87,1.00
2018.03.26 11:14:01.389,0.81624,0.81633,1.12,1.00
2018.03.26 11:14:02.050,0.81623,0.81633,1.12,1.12
2018.03.26 11:14:02.717,0.81624,0.81635,4.87,1.37
2018.03.26 11:14:03.075,0.81626,0.81633,1.00,1.37
2018.03.26 11:14:03.376,0.81624,0.81633,1.12,1.37
2018.03.26 11:14:03.585,0.81625,0.81633,1.50,1.00
2018.03.26 11:14:03.637,0.81624,0.81635,4.12,1.00
2018.03.26 11:14:04.111,0.81628,0.81637,1.50,1.50
2018.03.26 11:14:04.638,0.81628,0.81638,1.87,1.12
2018.03.26 11:14:05.142,0.81628,0.81638,2.25,1.00
2018.03.26 11:14:05.907,0.81627,0.81636,1.30,1.50
2018.03.26 11:14:06.061,0.81623,0.81633,1.50,2.25
2018.03.26 11:14:06.192,0.81622,0.81632,2.62,1.37
2018.03.26 11:14:10.794,0.81621,0.81629,2.25,1.00
2018.03.26 11:14:11.052,0.81616,0.81624,1.00,1.00
2018.03.26 11:14:11.597,0.81615,0.81624,1.87,1.00
2018.03.26 11:14:12.550,0.81616,0.81624,1.50,1.00
2018.03.26 11:14:13.692,0.81616,0.81622,1.00,1.00
2018.03.26 11:14:15.337,0.81614,0.81622,1.50,1.00
2018.03.26 11:14:17.029,0.81614,0.81624,1.87,1.87
2018.03.26 11:14:17.716,0.81615,0.81624,1.00,1.00
2018.03.26 11:14:17.769,0.81617,0.81624,1.50,1.00
2018.03.26 11:14:18.329,0.81617,0.81625,1.00,1.12
2018.03.26 11:14:18.536,0.81619,0.81629,1.87,2.25
2018.03.26 11:14:18.660,0.81621,0.81629,1.00,2.25
2018.03.26 11:14:18.967,0.81619,0.81629,1.87,1.00
2018.03.26 11:14:19.570,0.81619,0.81629,1.00,1.50
2018.03.26 11:14:20.391,0.81619,0.81628,1.50,1.00
2018.03.26 11:14:20.979,0.81619,0.81629,1.50,2.62
2018.03.26 11:14:21.527,0.81618,0.81628,2.25,1.87
2018.03.26 11:14:22.308,0.81619,0.81628,1.00,1.50
2018.03.26 11:14:25.587,0.8162,0.81629,1.00,1.87
2018.03.26 11:14:26.108,0.8162,0.81628,1.00,1.00
2018.03.26 11:14:30.337,0.81619,0.81629,1.12,1.50
2018.03.26 11:14:30.848,0.8162,0.81628,1.00,1.00
2018.03.26 11:14:31.327,0.81618,0.81626,1.12,1.00
2018.03.26 11:14:31.502,0.8162,0.81631,4.12,2.25
2018.03.26 11:14:31.553,0.81624,0.81634,1.00,1.50
2018.03.26 11:14:31.706,0.81624,0.81635,2.25,1.50
2018.03.26 11:14:32.069,0.81627,0.81635,1.00,1.12
2018.03.26 11:14:32.587,0.81625,0.81634,1.00,1.12
2018.03.26 11:14:33.127,0.81626,0.81634,1.00,1.00
2018.03.26 11:14:33.910,0.81625,0.81634,1.00,1.12
2018.03.26 11:14:35.304,0.81625,0.81634,1.00,2.25
2018.03.26 11:14:35.830,0.81624,0.81632,1.00,1.00
2018.03.26 11:14:36.461,0.81623,0.81633,1.00,1.12
2018.03.26 11:14:37.214,0.81623,0.81633,1.00,1.50
2018.03.26 11:14:38.315,0.81623,0.81633,1.00,1.50
2018.03.26 11:14:38.777,0.81623,0.81633,1.12,3.37
2018.03.26 11:14:39.195,0.81625,0.81633,1.00,1.50
2018.03.26 11:14:39.247,0.81623,0.81633,1.50,1.50
2018.03.26 11:14:40.511,0.81623,0.81631,1.12,1.00
2018.03.26 11:14:40.563,0.81621,0.81629,3.37,1.00
2018.03.26 11:14:40.615,0.81621,0.81629,1.00,1.00
2018.03.26 11:14:40.821,0.81619,0.81629,1.50,1.50
2018.03.26 11:14:41.509,0.81619,0.81629,2.25,1.50
2018.03.26 11:14:41.560,0.81621,0.81629,1.00,1.50
2018.03.26 11:14:43.391,0.81621,0.81631,2.25,2.25
2018.03.26 11:14:43.494,0.81623,0.81631,1.00,1.50
2018.03.26 11:14:43.648,0.81621,0.8163,1.12,1.00
2018.03.26 11:14:43.701,0.81623,0.8163,1.00,1.00
2018.03.26 11:14:44.220,0.81623,0.81629,1.00,1.00
2018.03.26 11:14:44.482,0.81623,0.81631,1.00,1.00
2018.03.26 11:14:45.713,0.81623,0.81633,1.50,1.87
2018.03.26 11:14:45.867,0.81625,0.81634,1.00,1.50
2018.03.26 11:14:46.173,0.81627,0.81634,1.00,1.12
2018.03.26 11:14:46.799,0.81627,0.81635,1.00,1.12
2018.03.26 11:14:47.346,0.81627,0.81637,1.00,2.25
2018.03.26 11:14:47.895,0.81628,0.81637,1.00,1.12
2018.03.26 11:14:48.403,0.81628,0.81638,1.37,1.37
2018.03.26 11:14:49.857,0.81628,0.81638,1.50,1.50
2018.03.26 11:14:50.387,0.81629,0.81637,1.00,1.00
2018.03.26 11:14:50.888,0.81628,0.81637,1.12,1.37
2018.03.26 11:14:51.947,0.81627,0.81638,2.25,1.50
2018.03.26 11:14:52.201,0.81629,0.81638,1.50,1.00
2018.03.26 11:14:53.125,0.81629,0.81639,2.25,2.25
2018.03.26 11:14:53.649,0.81629,0.81638,1.50,1.00
2018.03.26 11:14:54.703,0.81627,0.81635,1.50,1.00
2018.03.26 11:14:54.960,0.81628,0.81637,1.00,1.12
2018.03.26 11:14:55.270,0.81627,0.81635,1.12,1.00
2018.03.26 11:14:57.455,0.81627,0.81637,4.12,1.87
2018.03.26 11:14:58.771,0.81629,0.81638,1.00,1.12
2018.03.26 11:15:00.545,0.81629,0.81636,1.12,1.00
2018.03.26 11:15:01.907,0.81629,0.81638,1.00,1.00
2018.03.26 11:15:02.059,0.81631,0.81638,1.00,1.00
2018.03.26 11:15:02.309,0.81632,0.81641,1.00,1.12
2018.03.26 11:15:02.361,0.81634,0.81643,1.50,1.00
2018.03.26 11:15:02.988,0.81634,0.81644,2.25,1.00
2018.03.26 11:15:03.527,0.81634,0.81644,4.12,1.00
2018.03.26 11:15:04.237,0.81635,0.81645,1.50,1.50
2018.03.26 11:15:04.919,0.81636,0.81644,1.50,1.00
2018.03.26 11:15:05.930,0.81637,0.81645,1.00,1.50
2018.03.26 11:15:06.191,0.81637,0.81647,3.00,1.50
2018.03.26 11:15:06.497,0.81638,0.81648,2.25,1.00
2018.03.26 11:15:07.823,0.81639,0.81649,1.87,1.00
2018.03.26 11:15:08.862,0.81639,0.81648,1.12,1.00
2018.03.26 11:15:09.380,0.81638,0.81648,2.25,1.12
2018.03.26 11:15:11.196,0.81638,0.81648,2.25,1.00
2018.03.26 11:15:11.774,0.81638,0.81647,1.12,1.00
2018.03.26 11:15:12.301,0.81638,0.81646,1.12,1.00
2018.03.26 11:15:14.455,0.81638,0.81648,1.12,1.12
2018.03.26 11:15:14.559,0.81639,0.81649,2.25,1.00
2018.03.26 11:15:16.005,0.81639,0.81649,1.12,1.00
2018.03.26 11:15:17.568,0.81638,0.81648,2.25,1.00
2018.03.26 11:15:18.289,0.81639,0.81648,1.37,1.12
2018.03.26 11:15:18.604,0.81636,0.81644,1.00,1.00
2018.03.26 11:15:19.133,0.81635,0.81643,1.00,1.00
2018.03.26 11:15:19.663,0.81634,0.81643,1.50,1.00
2018.03.26 11:15:20.198,0.81635,0.81643,1.00,1.00
2018.03.26 11:15:20.974,0.81637,0.81645,1.00,1.50
2018.03.26 11:15:21.208,0.81638,0.81648,1.12,1.87
2018.03.26 11:15:21.742,0.81638,0.81647,1.00,1.12
2018.03.26 11:15:22.253,0.81638,0.81648,1.87,1.12
2018.03.26 11:15:23.696,0.81639,0.81649,1.12,1.12
2018.03.26 11:15:23.748,0.8164,0.81649,2.62,1.00
2018.03.26 11:15:23.850,0.81639,0.81649,3.00,1.00
2018.03.26 11:15:23.954,0.81642,0.81649,1.00,1.00
2018.03.26 11:15:24.057,0.8164,0.81649,1.00,1.00
2018.03.26 11:15:24.581,0.81639,0.81649,2.62,1.00
2018.03.26 11:15:24.892,0.81638,0.81647,1.87,1.00
2018.03.26 11:15:25.689,0.81638,0.81646,1.00,1.00
2018.03.26 11:15:25.997,0.81634,0.81643,1.00,2.25
2018.03.26 11:15:26.406,0.81632,0.81641,1.50,1.00
2018.03.26 11:15:26.972,0.81631,0.8164,1.50,1.00
2018.03.26 11:15:27.076,0.81631,0.81638,1.12,1.00
2018.03.26 11:15:27.590,0.81629,0.81638,1.50,1.00
2018.03.26 11:15:28.137,0.81628,0.81637,2.25,1.00
2018.03.26 11:15:28.667,0.81628,0.81637,1.12,1.12
2018.03.26 11:15:29.215,0.81629,0.81637,1.12,1.12
2018.03.26 11:15:29.794,0.81629,0.81638,1.00,1.00
2018.03.26 11:15:30.313,0.8163,0.81639,1.00,1.12
2018.03.26 11:15:31.505,0.8163,0.81638,1.00,1.00
2018.03.26 11:15:31.889,0.81626,0.81635,1.00,1.87
2018.03.26 11:15:32.145,0.81629,0.81634,1.00,1.00
2018.03.26 11:15:32.248,0.81627,0.81634,1.00,1.12
2018.03.26 11:15:32.303,0.81625,0.81634,1.12,1.00
2018.03.26 11:15:32.873,0.81625,0.81635,2.25,1.50
2018.03.26 11:15:33.411,0.81627,0.81636,1.37,1.00
2018.03.26 11:15:34.012,0.81627,0.81636,1.12,1.00
2018.03.26 11:15:34.564,0.81626,0.81635,1.12,1.00
2018.03.26 11:15:35.030,0.81625,0.81633,1.00,1.00
2018.03.26 11:15:35.664,0.81624,0.81633,1.00,1.00
2018.03.26 11:15:36.250,0.81624,0.81632,1.00,1.00
2018.03.26 11:15:36.910,0.81623,0.81632,1.00,1.00
2018.03.26 11:15:37.347,0.81623,0.81632,4.87,1.00
2018.03.26 11:15:37.591,0.81623,0.81632,2.62,1.00
2018.03.26 11:15:38.149,0.81624,0.81631,1.00,1.00
2018.03.26 11:15:38.670,0.81624,0.81632,1.00,1.00
2018.03.26 11:15:39.213,0.81624,0.81631,1.00,1.00
2018.03.26 11:15:39.316,0.81623,0.81629,1.00,1.00
2018.03.26 11:15:39.552,0.81621,0.81629,1.50,1.00
2018.03.26 11:15:39.604,0.81621,0.81627,1.00,1.00
2018.03.26 11:15:39.707,0.81619,0.81627,1.87,1.00
2018.03.26 11:15:39.962,0.81619,0.81629,3.37,1.87
2018.03.26 11:15:40.065,0.81619,0.81628,1.12,1.50
2018.03.26 11:15:41.278,0.81619,0.81627,1.12,1.00
2018.03.26 11:15:41.481,0.8162,0.81629,2.25,1.00
2018.03.26 11:15:42.020,0.81622,0.81628,1.50,1.00
2018.03.26 11:15:42.172,0.81622,0.8163,1.12,1.00
2018.03.26 11:15:42.681,0.81622,0.81631,1.50,1.00
2018.03.26 11:15:43.290,0.81623,0.81631,2.25,1.00
2018.03.26 11:15:43.814,0.81624,0.81632,1.12,1.00
2018.03.26 11:15:45.633,0.81624,0.81631,1.12,1.00
2018.03.26 11:15:45.836,0.81622,0.81629,1.50,1.00
2018.03.26 11:15:45.938,0.8162,0.81629,1.00,1.00
2018.03.26 11:15:45.989,0.8162,0.81627,1.00,1.00
2018.03.26 11:15:47.962,0.81619,0.81628,1.00,1.00
2018.03.26 11:15:48.304,0.81617,0.81624,1.12,1.00
2018.03.26 11:15:48.877,0.81616,0.81624,1.12,1.00
2018.03.26 11:15:49.184,0.81618,0.81626,1.00,1.50
2018.03.26 11:15:49.894,0.81618,0.81625,1.00,1.00
2018.03.26 11:15:50.408,0.81618,0.81627,1.50,1.00
2018.03.26 11:15:50.941,0.81617,0.81627,1.50,1.00
2018.03.26 11:15:51.533,0.81617,0.81626,1.37,1.00
2018.03.26 11:15:53.257,0.81617,0.81625,1.37,1.00
2018.03.26 11:15:54.136,0.81617,0.81625,1.50,1.00
2018.03.26 11:15:54.896,0.81616,0.81625,1.12,1.00
2018.03.26 11:15:55.051,0.81617,0.81627,1.87,1.12
2018.03.26 11:15:55.102,0.81619,0.81627,1.00,1.00
2018.03.26 11:15:55.832,0.81617,0.81627,1.50,1.00
2018.03.26 11:15:56.368,0.81617,0.81626,1.12,1.00
2018.03.26 11:15:56.873,0.81617,0.81627,1.12,1.00
2018.03.26 11:15:57.692,0.81617,0.81626,1.12,1.00
2018.03.26 11:15:59.781,0.81617,0.81626,1.37,1.00
2018.03.26 11:16:00.432,0.81617,0.81626,3.00,1.00
2018.03.26 11:16:00.585,0.81619,0.81628,1.12,1.00
2018.03.26 11:16:00.636,0.81619,0.81628,3.37,1.00
2018.03.26 11:16:01.170,0.81618,0.81628,3.37,1.00
2018.03.26 11:16:02.339,0.81618,0.81627,3.37,1.00
2018.03.26 11:16:02.559,0.8162,0.81629,2.25,1.00
2018.03.26 11:16:03.070,0.81621,0.8163,1.50,1.00
2018.03.26 11:16:04.861,0.81622,0.8163,2.25,1.00
2018.03.26 11:16:05.548,0.81623,0.81631,1.12,1.00
2018.03.26 11:16:06.082,0.81623,0.8163,1.12,1.00
2018.03.26 11:16:06.281,0.81623,0.81632,1.00,1.12
2018.03.26 11:16:07.010,0.81623,0.81633,1.50,1.50
2018.03.26 11:16:07.586,0.81623,0.81632,1.50,1.00
2018.03.26 11:16:08.002,0.81623,0.8163,1.37,1.00
2018.03.26 11:16:08.053,0.81622,0.81631,1.12,1.00
2018.03.26 11:16:08.704,0.81622,0.8163,1.12,1.00
2018.03.26 11:16:08.807,0.81622,0.8163,4.12,1.00
2018.03.26 11:16:08.906,0.81622,0.81632,3.37,1.00
2018.03.26 11:16:09.431,0.81623,0.81632,1.12,1.00
2018.03.26 11:16:09.999,0.81623,0.81631,1.00,1.00
2018.03.26 11:16:12.575,0.81623,0.81629,1.00,1.00
2018.03.26 11:16:12.820,0.81622,0.81631,1.50,1.00
2018.03.26 11:16:13.362,0.81621,0.8163,1.50,1.00
2018.03.26 11:16:14.356,0.8162,0.81629,3.37,1.00
2018.03.26 11:16:14.460,0.8162,0.81629,1.12,1.00
2018.03.26 11:16:15.005,0.81619,0.81628,1.87,1.00
2018.03.26 11:16:15.663,0.81618,0.81627,1.50,1.00
2018.03.26 11:16:16.926,0.81619,0.81627,3.37,1.00
2018.03.26 11:16:17.248,0.81618,0.81627,1.50,1.00
2018.03.26 11:16:17.773,0.81618,0.81628,1.12,1.12
2018.03.26 11:16:18.333,0.81619,0.81628,2.25,1.00
2018.03.26 11:16:18.436,0.8162,0.8163,1.00,1.50
2018.03.26 11:16:18.971,0.8162,0.81628,1.00,1.00
2018.03.26 11:16:19.474,0.8162,0.81629,1.50,1.00
2018.03.26 11:16:20.740,0.8162,0.8163,2.25,1.12
2018.03.26 11:16:21.259,0.8162,0.81629,1.12,1.00
2018.03.26 11:16:21.985,0.8162,0.8163,1.12,1.12
2018.03.26 11:16:24.473,0.8162,0.81628,1.87,1.00
2018.03.26 11:16:24.801,0.81621,0.8163,1.00,1.12
2018.03.26 11:16:25.057,0.81624,0.81631,1.00,1.00
2018.03.26 11:16:25.313,0.81626,0.81634,1.00,1.12
2018.03.26 11:16:26.974,0.81625,0.81633,2.25,1.00
2018.03.26 11:16:27.076,0.81627,0.81636,1.50,1.00
2018.03.26 11:16:27.594,0.81627,0.81635,1.00,1.00
2018.03.26 11:16:28.097,0.81627,0.81637,1.50,1.50
2018.03.26 11:16:28.607,0.81628,0.81637,1.00,1.50
2018.03.26 11:16:29.156,0.81628,0.81637,1.12,1.37
2018.03.26 11:16:29.371,0.81628,0.81638,2.62,1.12
2018.03.26 11:16:29.475,0.81631,0.81639,1.37,1.00
2018.03.26 11:16:29.527,0.81632,0.81641,1.12,1.12
2018.03.26 11:16:29.579,0.81635,0.81643,1.00,3.37
2018.03.26 11:16:29.835,0.81638,0.81646,1.12,1.12
2018.03.26 11:16:29.983,0.81638,0.81644,1.12,1.00
2018.03.26 11:16:30.043,0.81635,0.81643,1.12,1.00
2018.03.26 11:16:30.198,0.81637,0.81646,1.00,1.12
2018.03.26 11:16:30.301,0.81639,0.81645,1.00,1.00
2018.03.26 11:16:32.181,0.81639,0.81645,1.37,1.00
2018.03.26 11:16:33.343,0.81639,0.81647,1.50,1.00
2018.03.26 11:16:34.030,0.81639,0.81647,3.37,1.00
2018.03.26 11:16:34.570,0.81639,0.81647,1.50,1.00
2018.03.26 11:16:34.621,0.81639,0.81645,1.50,1.00
2018.03.26 11:16:35.982,0.81637,0.81645,4.12,1.00
2018.03.26 11:16:36.392,0.81638,0.81647,2.62,1.00
2018.03.26 11:16:36.902,0.81641,0.81647,1.00,1.00
2018.03.26 11:16:37.169,0.81641,0.81649,3.37,1.00
2018.03.26 11:16:37.952,0.81641,0.8165,3.37,1.00
2018.03.26 11:16:40.239,0.81642,0.8165,3.37,1.00
2018.03.26 11:16:41.649,0.81645,0.81655,1.50,1.50
2018.03.26 11:16:41.701,0.81648,0.81656,1.50,2.62
2018.03.26 11:16:42.007,0.81649,0.81657,4.12,1.00
2018.03.26 11:16:42.213,0.81649,0.81656,1.12,1.00
2018.03.26 11:16:42.850,0.81649,0.81657,1.12,1.00
2018.03.26 11:16:43.654,0.8165,0.81657,1.00,1.00
2018.03.26 11:16:44.254,0.81647,0.81657,4.87,1.00
2018.03.26 11:16:44.767,0.81647,0.81655,4.87,1.00
2018.03.26 11:16:45.281,0.81649,0.81656,1.12,1.00
2018.03.26 11:16:46.046,0.81648,0.81655,1.50,1.00
2018.03.26 11:16:46.561,0.81648,0.81656,2.25,1.00
2018.03.26 11:16:47.719,0.81648,0.81656,1.12,1.00
2018.03.26 11:16:48.211,0.81648,0.81654,1.12,1.00
2018.03.26 11:16:48.314,0.81648,0.81656,1.12,1.00
2018.03.26 11:16:48.563,0.8165,0.81658,1.00,1.00
2018.03.26 11:16:49.070,0.81649,0.81657,1.12,1.00
2018.03.26 11:16:49.618,0.81648,0.81656,1.00,1.00
2018.03.26 11:16:49.721,0.81646,0.81655,1.12,1.00
2018.03.26 11:16:50.451,0.81645,0.81654,1.50,1.00
2018.03.26 11:16:50.605,0.81649,0.81658,1.00,1.87
2018.03.26 11:16:50.707,0.81651,0.81658,1.00,1.00
2018.03.26 11:16:50.809,0.81647,0.81657,4.12,1.00
2018.03.26 11:16:51.435,0.81648,0.81657,2.62,1.00
2018.03.26 11:16:51.648,0.81647,0.81657,2.25,1.00
2018.03.26 11:16:52.356,0.81648,0.81657,4.12,1.00
2018.03.26 11:16:52.560,0.8165,0.81659,1.50,1.00
2018.03.26 11:16:52.999,0.81652,0.8166,2.62,1.00
2018.03.26 11:16:53.178,0.81651,0.8166,2.25,1.00
2018.03.26 11:16:54.524,0.81652,0.81661,1.12,1.12
2018.03.26 11:16:55.759,0.81652,0.81661,1.50,1.00
2018.03.26 11:16:56.358,0.81653,0.81662,1.12,1.00
2018.03.26 11:16:59.036,0.81651,0.8166,2.25,1.00
2018.03.26 11:16:59.408,0.81653,0.81662,2.62,1.00
2018.03.26 11:16:59.952,0.81652,0.81662,4.87,1.00
2018.03.26 11:17:00.260,0.81651,0.8166,1.50,1.00
2018.03.26 11:17:00.801,0.8165,0.81659,4.12,1.00
2018.03.26 11:17:01.475,0.81651,0.81659,2.62,1.00
2018.03.26 11:17:01.877,0.81653,0.81662,1.00,1.12
2018.03.26 11:17:01.928,0.81654,0.81662,2.62,1.00
2018.03.26 11:17:02.031,0.81653,0.81662,1.12,1.00
2018.03.26 11:17:02.722,0.81652,0.81662,1.12,1.12
2018.03.26 11:17:03.976,0.81652,0.81661,1.00,1.00
2018.03.26 11:17:04.489,0.81651,0.81662,2.25,1.12
2018.03.26 11:17:05.040,0.81652,0.81661,1.12,1.00
2018.03.26 11:17:05.248,0.8165,0.81658,4.12,1.00
2018.03.26 11:17:05.350,0.81649,0.81659,1.50,1.00
2018.03.26 11:17:05.830,0.81648,0.81657,3.00,1.00
2018.03.26 11:17:06.038,0.81646,0.81655,1.50,1.00
2018.03.26 11:17:06.192,0.81647,0.81656,1.37,1.12
2018.03.26 11:17:07.137,0.81646,0.81655,3.37,1.00
2018.03.26 11:17:07.188,0.81646,0.81655,1.12,1.00
2018.03.26 11:17:07.911,0.81646,0.81657,2.25,1.12
2018.03.26 11:17:08.422,0.81648,0.81656,1.12,1.00
2018.03.26 11:17:09.464,0.81648,0.81656,3.37,1.00
2018.03.26 11:17:09.934,0.81648,0.81657,1.12,1.00
2018.03.26 11:17:10.036,0.81649,0.81658,1.37,1.12
2018.03.26 11:17:12.246,0.8165,0.81656,1.00,1.00
2018.03.26 11:17:12.298,0.81647,0.81656,1.50,1.00
2018.03.26 11:17:12.698,0.81645,0.81653,3.00,1.00
2018.03.26 11:17:12.987,0.81648,0.81658,2.25,1.00
2018.03.26 11:17:13.500,0.8165,0.81657,1.00,1.00
2018.03.26 11:17:13.755,0.81648,0.81657,1.87,1.00
2018.03.26 11:17:14.545,0.81648,0.81657,3.37,1.00
2018.03.26 11:17:15.060,0.81649,0.81658,2.62,1.00
2018.03.26 11:17:15.594,0.8165,0.81658,3.37,1.00
2018.03.26 11:17:15.646,0.81651,0.8166,1.50,1.00
2018.03.26 11:17:15.698,0.81652,0.81662,1.87,1.12
2018.03.26 11:17:15.852,0.81654,0.81661,1.00,1.00
2018.03.26 11:17:15.955,0.81654,0.81663,1.50,1.00
2018.03.26 11:17:16.532,0.81656,0.81664,1.00,1.00
2018.03.26 11:17:17.435,0.81654,0.8166,1.50,1.00
2018.03.26 11:17:17.548,0.81651,0.81659,1.12,1.00
2018.03.26 11:17:17.806,0.81652,0.81659,1.50,1.00
2018.03.26 11:17:17.909,0.81652,0.81661,1.50,1.00
2018.03.26 11:17:18.450,0.81652,0.8166,1.00,1.00
2018.03.26 11:17:18.973,0.81651,0.81658,3.37,1.00
2018.03.26 11:17:19.127,0.81651,0.8166,3.37,1.00
2018.03.26 11:17:20.197,0.81651,0.81661,1.87,1.00
2018.03.26 11:17:20.509,0.81652,0.81662,3.37,1.12
2018.03.26 11:17:21.023,0.81654,0.81663,1.12,1.00
2018.03.26 11:17:21.403,0.81655,0.81665,2.25,1.00
2018.03.26 11:17:21.710,0.81656,0.81665,3.37,1.00
2018.03.26 11:17:22.037,0.81656,0.81666,1.50,1.12
2018.03.26 11:17:22.737,0.81657,0.81666,1.00,1.12
2018.03.26 11:17:23.244,0.81656,0.81666,1.00,1.12
2018.03.26 11:17:23.792,0.81656,0.81665,1.00,1.12
2018.03.26 11:17:24.242,0.81657,0.81667,1.00,1.12
2018.03.26 11:17:24.293,0.81657,0.81665,1.00,1.00
2018.03.26 11:17:25.107,0.81657,0.81665,1.37,1.00
2018.03.26 11:17:26.681,0.81657,0.81666,1.37,1.12
2018.03.26 11:17:27.269,0.81657,0.81667,1.50,1.50
2018.03.26 11:17:28.503,0.81657,0.81667,1.50,1.12
2018.03.26 11:17:28.927,0.81659,0.81667,1.37,1.00
2018.03.26 11:17:29.527,0.81659,0.81667,1.00,1.00
2018.03.26 11:17:30.328,0.81659,0.81669,1.50,1.50
2018.03.26 11:17:30.906,0.81659,0.81669,1.50,1.00
2018.03.26 11:17:31.621,0.81659,0.81669,1.50,1.00
2018.03.26 11:17:32.738,0.81658,0.81668,1.50,1.00
2018.03.26 11:17:33.312,0.81657,0.81665,1.12,1.00
2018.03.26 11:17:33.955,0.81657,0.81665,1.00,1.50
2018.03.26 11:17:34.350,0.81654,0.81664,1.50,1.00
2018.03.26 11:17:35.271,0.81655,0.81664,1.00,1.00
2018.03.26 11:17:35.803,0.81655,0.81665,1.00,1.12
2018.03.26 11:17:36.675,0.81655,0.81665,1.50,1.00
2018.03.26 11:17:37.185,0.81655,0.81665,1.12,1.12
2018.03.26 11:17:38.857,0.81654,0.81665,1.12,1.12
2018.03.26 11:17:42.687,0.81654,0.81665,1.50,1.12
2018.03.26 11:17:42.890,0.81654,0.81664,1.00,1.50
2018.03.26 11:17:43.411,0.81654,0.81665,1.12,1.50
2018.03.26 11:17:43.960,0.81654,0.81665,1.12,1.12
2018.03.26 11:17:45.079,0.81655,0.81665,2.25,1.12
2018.03.26 11:17:45.389,0.81655,0.81665,2.25,1.50
2018.03.26 11:17:45.584,0.81657,0.81665,1.00,1.00
2018.03.26 11:17:45.635,0.81657,0.81668,1.00,2.25
2018.03.26 11:17:45.686,0.81658,0.81668,1.50,1.00
2018.03.26 11:17:46.051,0.81659,0.8167,1.37,1.50
2018.03.26 11:17:46.153,0.81659,0.8167,1.37,3.37
2018.03.26 11:17:47.159,0.81659,0.81669,1.12,1.00
2018.03.26 11:17:47.596,0.81661,0.8167,1.00,1.00
2018.03.26 11:17:48.984,0.8166,0.8167,1.00,1.50
2018.03.26 11:17:50.771,0.8166,0.8167,1.37,1.37
2018.03.26 11:17:51.182,0.81661,0.81671,1.50,1.50
2018.03.26 11:17:51.386,0.81661,0.81671,3.37,1.12
2018.03.26 11:17:51.560,0.81661,0.81671,1.12,1.00
2018.03.26 11:17:52.425,0.8166,0.8167,3.37,1.00
2018.03.26 11:17:53.023,0.81658,0.81668,1.87,1.00
2018.03.26 11:17:53.915,0.81657,0.81667,2.62,1.00
2018.03.26 11:17:55.277,0.81667,0.8167,1.00,3.00
2018.03.26 11:17:55.383,0.81666,0.81676,1.87,1.87
2018.03.26 11:17:55.435,0.81667,0.81676,5.47,1.37
2018.03.26 11:17:55.590,0.81673,0.81683,1.50,1.00
2018.03.26 11:17:55.705,0.81673,0.81684,2.25,1.00
2018.03.26 11:17:55.757,0.81672,0.81684,3.00,1.50
2018.03.26 11:17:56.266,0.81674,0.81683,1.00,1.00
2018.03.26 11:17:56.469,0.81673,0.8168,1.00,1.00
2018.03.26 11:17:56.571,0.81671,0.8168,1.00,1.50
2018.03.26 11:17:56.948,0.81671,0.81681,2.62,1.12
2018.03.26 11:17:57.290,0.81671,0.81679,1.12,1.00
2018.03.26 11:17:57.639,0.81671,0.81681,4.12,1.12
2018.03.26 11:17:58.179,0.81673,0.81682,1.00,1.00
2018.03.26 11:17:58.779,0.81671,0.81682,3.75,1.12
2018.03.26 11:18:00.956,0.81671,0.81682,4.87,1.00
2018.03.26 11:18:01.272,0.81672,0.8168,1.12,1.00
2018.03.26 11:18:01.822,0.81671,0.81681,2.25,1.00
2018.03.26 11:18:02.469,0.81672,0.8168,1.12,1.00
2018.03.26 11:18:02.728,0.81669,0.8168,3.60,1.00
2018.03.26 11:18:02.839,0.8167,0.81678,1.12,1.00
2018.03.26 11:18:03.502,0.81669,0.81679,2.10,1.00
2018.03.26 11:18:05.325,0.8167,0.81678,1.12,1.00
2018.03.26 11:18:06.131,0.8167,0.81679,1.12,1.00
2018.03.26 11:18:06.452,0.81665,0.81674,1.00,1.00
2018.03.26 11:18:07.135,0.81663,0.81673,3.00,1.00
2018.03.26 11:18:07.644,0.81664,0.81674,1.12,1.12
2018.03.26 11:18:08.145,0.81664,0.81675,3.00,1.12
2018.03.26 11:18:09.646,0.81664,0.81674,2.25,1.00
2018.03.26 11:18:10.202,0.81664,0.81675,3.00,1.12
2018.03.26 11:18:10.523,0.81666,0.81675,1.50,1.12
2018.03.26 11:18:11.437,0.81666,0.81674,1.50,1.00
2018.03.26 11:18:11.755,0.81665,0.81674,1.87,1.00
2018.03.26 11:18:13.496,0.81667,0.81677,1.00,1.12
2018.03.26 11:18:14.000,0.81668,0.81677,1.12,1.37
2018.03.26 11:18:14.528,0.81668,0.81677,1.12,1.00
2018.03.26 11:18:15.057,0.81667,0.81677,1.12,1.12
2018.03.26 11:18:17.327,0.81668,0.81677,1.00,1.00
2018.03.26 11:18:17.828,0.81668,0.81678,1.50,1.12
2018.03.26 11:18:20.245,0.81667,0.81678,1.87,1.12
2018.03.26 11:18:20.734,0.81668,0.81676,1.50,1.00
2018.03.26 11:18:20.989,0.81668,0.81678,1.00,1.50
2018.03.26 11:18:21.512,0.81669,0.81677,1.00,1.00
2018.03.26 11:18:22.120,0.81669,0.81677,1.37,1.00
2018.03.26 11:18:22.691,0.81669,0.81677,1.12,1.12
2018.03.26 11:18:22.961,0.81669,0.81679,1.00,1.00
2018.03.26 11:18:23.531,0.81669,0.81678,1.50,1.00
2018.03.26 11:18:25.142,0.81671,0.8168,1.00,1.12
2018.03.26 11:18:25.422,0.81672,0.81682,1.87,1.00
2018.03.26 11:18:26.373,0.81673,0.81681,1.00,1.00
2018.03.26 11:18:26.588,0.81676,0.81681,1.00,1.00
2018.03.26 11:18:27.127,0.81676,0.81682,1.00,1.00
2018.03.26 11:18:27.657,0.81675,0.81681,1.00,1.00
2018.03.26 11:18:28.254,0.81674,0.8168,1.00,1.00
2018.03.26 11:18:28.777,0.81674,0.81681,1.00,1.00
2018.03.26 11:18:29.082,0.81673,0.81679,1.00,1.00
2018.03.26 11:18:29.607,0.81672,0.81678,1.00,1.00
2018.03.26 11:18:30.151,0.81672,0.81679,1.00,1.00
2018.03.26 11:18:30.617,0.81674,0.81681,1.00,1.12
2018.03.26 11:18:30.924,0.81676,0.81682,1.00,1.12
2018.03.26 11:18:32.790,0.81676,0.8168,1.00,1.00
2018.03.26 11:18:32.892,0.81673,0.8168,1.00,1.00
2018.03.26 11:18:33.420,0.81672,0.81679,1.00,1.00
2018.03.26 11:18:33.740,0.81672,0.81677,1.00,1.00
2018.03.26 11:18:34.253,0.81674,0.81678,1.00,1.00
2018.03.26 11:18:34.796,0.81674,0.81679,1.00,1.00
2018.03.26 11:18:35.173,0.81672,0.81678,1.00,1.00
2018.03.26 11:18:36.344,0.81671,0.81678,1.12,1.00
2018.03.26 11:18:36.863,0.81672,0.81678,1.00,1.00
2018.03.26 11:18:37.557,0.81673,0.81678,1.00,1.00
2018.03.26 11:18:38.082,0.81673,0.81679,1.00,1.00
2018.03.26 11:18:38.330,0.81676,0.8168,1.00,1.00
2018.03.26 11:18:38.688,0.81674,0.81681,1.00,1.00
2018.03.26 11:18:39.197,0.81675,0.81682,1.00,1.50
2018.03.26 11:18:39.586,0.81673,0.81679,1.12,1.00
2018.03.26 11:18:40.101,0.81674,0.81681,1.00,3.37
2018.03.26 11:18:44.062,0.81672,0.81679,1.00,1.12
2018.03.26 11:18:46.982,0.81672,0.81678,1.00,1.00
2018.03.26 11:18:47.242,0.8167,0.81677,1.00,1.12
2018.03.26 11:18:48.173,0.8167,0.81676,1.00,1.12
2018.03.26 11:18:48.849,0.8167,0.81675,1.00,1.00
2018.03.26 11:18:49.357,0.8167,0.81676,1.00,1.00
2018.03.26 11:18:49.568,0.81668,0.81674,1.00,1.00
2018.03.26 11:18:49.876,0.81664,0.8167,1.00,1.00
2018.03.26 11:18:50.409,0.81663,0.8167,1.00,1.50
2018.03.26 11:18:50.949,0.81664,0.81671,1.00,1.12
2018.03.26 11:18:51.534,0.81663,0.8167,1.00,1.12
2018.03.26 11:18:53.484,0.81661,0.8167,1.00,1.12
2018.03.26 11:18:54.109,0.81661,0.8167,1.00,1.50
2018.03.26 11:18:55.878,0.81662,0.81669,1.00,1.12
2018.03.26 11:18:57.203,0.81663,0.81671,1.00,1.00
2018.03.26 11:18:57.661,0.81665,0.81673,1.00,1.87
2018.03.26 11:18:58.155,0.81666,0.81675,1.00,2.25
2018.03.26 11:18:58.258,0.81668,0.81677,1.00,1.87
2018.03.26 11:18:58.310,0.81668,0.81674,1.00,1.00
2018.03.26 11:18:58.804,0.81668,0.81676,1.00,1.12
2018.03.26 11:18:59.421,0.81668,0.81674,1.00,1.00
2018.03.26 11:18:59.966,0.81668,0.81675,1.00,1.12
2018.03.26 11:19:01.141,0.81667,0.81675,1.00,1.00
2018.03.26 11:19:01.672,0.81666,0.81675,1.00,1.00
2018.03.26 11:19:02.855,0.81666,0.81674,1.00,1.00
2018.03.26 11:19:03.947,0.81665,0.81674,1.00,1.00
2018.03.26 11:19:04.591,0.81666,0.81674,1.00,1.00
2018.03.26 11:19:05.305,0.81666,0.81675,1.00,1.12
2018.03.26 11:19:08.536,0.81668,0.81675,1.50,1.00
2018.03.26 11:19:09.069,0.81668,0.81676,1.12,1.00
2018.03.26 11:19:09.663,0.81668,0.81677,1.12,1.50
2018.03.26 11:19:10.595,0.8167,0.81676,1.00,1.00
2018.03.26 11:19:11.251,0.8167,0.81677,1.00,1.50
2018.03.26 11:19:11.884,0.81669,0.81677,1.00,1.00
2018.03.26 11:19:13.177,0.8167,0.81677,1.00,1.00
2018.03.26 11:19:13.724,0.81669,0.81677,1.00,1.00
2018.03.26 11:19:14.144,0.81669,0.81674,1.00,1.50
2018.03.26 11:19:14.196,0.81667,0.81674,1.00,1.00
2018.03.26 11:19:14.248,0.81664,0.81673,2.25,1.50
2018.03.26 11:19:14.704,0.81665,0.81673,4.12,1.00
2018.03.26 11:19:14.857,0.81665,0.81675,4.12,2.25
2018.03.26 11:19:15.378,0.81666,0.81675,1.50,1.50
2018.03.26 11:19:15.929,0.81665,0.81674,1.00,1.00
2018.03.26 11:19:16.540,0.81666,0.81674,1.00,1.00
2018.03.26 11:19:17.447,0.81665,0.81672,1.12,1.00
2018.03.26 11:19:17.955,0.81664,0.81673,1.00,1.00
2018.03.26 11:19:18.460,0.81663,0.81673,1.12,1.00
2018.03.26 11:19:19.565,0.81663,0.81671,1.12,1.50
2018.03.26 11:19:20.081,0.8166,0.81668,1.12,1.00
2018.03.26 11:19:20.389,0.81656,0.81665,1.87,1.00
2018.03.26 11:19:22.102,0.81656,0.81665,1.12,1.37
2018.03.26 11:19:22.625,0.81655,0.81665,1.12,1.37
2018.03.26 11:19:23.172,0.81656,0.81665,1.00,1.00
2018.03.26 11:19:24.258,0.81657,0.81665,1.00,1.00
2018.03.26 11:19:24.802,0.81657,0.81666,1.00,1.12
2018.03.26 11:19:25.370,0.81656,0.81666,1.12,1.00
2018.03.26 11:19:26.315,0.81656,0.81665,1.12,1.00
2018.03.26 11:19:27.629,0.81656,0.81665,1.50,1.00
2018.03.26 11:19:28.560,0.81656,0.81664,1.12,1.00
2018.03.26 11:19:28.663,0.81655,0.81662,1.12,1.00
2018.03.26 11:19:28.774,0.81653,0.81662,1.87,1.50
2018.03.26 11:19:28.825,0.81653,0.8166,1.12,1.00
2018.03.26 11:19:29.960,0.81651,0.8166,1.87,1.00
2018.03.26 11:19:32.633,0.81651,0.81659,1.12,1.00
2018.03.26 11:19:32.903,0.8165,0.81657,1.12,1.00
2018.03.26 11:19:33.841,0.8165,0.81659,1.12,1.00
2018.03.26 11:19:33.893,0.8165,0.81659,3.37,1.00
2018.03.26 11:19:34.460,0.81651,0.8166,1.37,1.12
2018.03.26 11:19:35.448,0.81652,0.81662,1.12,1.87
2018.03.26 11:19:35.553,0.81657,0.81665,1.12,1.00
2018.03.26 11:19:35.656,0.8166,0.81669,1.00,1.87
2018.03.26 11:19:36.204,0.81661,0.81669,1.00,1.00
2018.03.26 11:19:37.187,0.81661,0.81668,1.12,1.00
2018.03.26 11:19:38.084,0.81661,0.81669,1.12,1.00
2018.03.26 11:19:38.694,0.81661,0.8167,1.12,1.50
2018.03.26 11:19:41.105,0.81662,0.81672,2.62,2.62
2018.03.26 11:19:41.411,0.81664,0.81672,4.87,1.00
2018.03.26 11:19:42.353,0.81664,0.81672,2.25,1.50
2018.03.26 11:19:42.881,0.81663,0.81671,2.25,1.50
2018.03.26 11:19:44.629,0.81664,0.8167,1.00,1.00
2018.03.26 11:19:45.649,0.81662,0.8167,1.12,1.00
2018.03.26 11:19:48.374,0.81663,0.8167,1.00,1.00
2018.03.26 11:19:50.150,0.81661,0.8167,1.50,1.00
2018.03.26 11:19:51.302,0.81661,0.8167,1.12,1.00
2018.03.26 11:19:51.867,0.81661,0.81669,1.12,1.00
2018.03.26 11:19:52.417,0.81661,0.81668,1.00,1.00
2018.03.26 11:19:52.731,0.81659,0.81668,1.12,1.00
2018.03.26 11:19:53.719,0.81659,0.81667,1.87,1.00
2018.03.26 11:19:54.279,0.81659,0.81667,2.25,1.00
2018.03.26 11:19:56.599,0.81659,0.81667,2.25,1.00
2018.03.26 11:19:57.122,0.81659,0.81667,2.25,1.00
2018.03.26 11:19:57.921,0.81659,0.81667,1.87,1.00
2018.03.26 11:19:58.522,0.81659,0.81668,1.12,1.50
2018.03.26 11:19:58.575,0.81659,0.81666,1.12,1.00
2018.03.26 11:19:58.884,0.81656,0.81664,3.00,1.00
2018.03.26 11:19:59.787,0.81656,0.81664,1.87,1.00
2018.03.26 11:20:01.526,0.81654,0.81664,1.50,2.25
2018.03.26 11:20:01.833,0.81653,0.8166,1.00,1.00
2018.03.26 11:20:02.362,0.81652,0.81659,1.00,1.00
2018.03.26 11:20:03.036,0.81652,0.8166,1.00,1.00
2018.03.26 11:20:03.679,0.81651,0.81661,1.12,1.00
2018.03.26 11:20:04.338,0.81653,0.81661,1.00,1.00
2018.03.26 11:20:04.841,0.81654,0.81661,1.00,1.00
2018.03.26 11:20:05.342,0.81653,0.81661,1.00,1.00
2018.03.26 11:20:05.904,0.81654,0.81661,1.00,1.00
2018.03.26 11:20:07.431,0.81654,0.8166,1.00,1.00
2018.03.26 11:20:07.790,0.81652,0.81659,1.00,1.00
2018.03.26 11:20:08.298,0.81651,0.81659,1.00,1.00
2018.03.26 11:20:09.619,0.81653,0.81659,1.00,1.12
2018.03.26 11:20:09.949,0.8165,0.81658,1.00,1.00
2018.03.26 11:20:10.052,0.8165,0.81656,1.00,1.00
2018.03.26 11:20:10.206,0.81647,0.81656,1.50,1.87
2018.03.26 11:20:12.195,0.81649,0.81656,1.00,1.12
2018.03.26 11:20:12.298,0.81647,0.81653,1.00,1.00
2018.03.26 11:20:12.555,0.81647,0.81657,1.00,1.87
2018.03.26 11:20:12.606,0.81651,0.81658,1.00,1.50
2018.03.26 11:20:12.709,0.81654,0.81661,1.00,1.00
2018.03.26 11:20:12.761,0.81655,0.81663,1.00,1.00
2018.03.26 11:20:12.934,0.81657,0.81663,1.00,1.00
2018.03.26 11:20:13.461,0.81656,0.81662,1.00,1.00
2018.03.26 11:20:14.019,0.81655,0.81661,1.00,1.00
2018.03.26 11:20:14.072,0.81655,0.81663,1.00,1.00
2018.03.26 11:20:14.630,0.81655,0.81662,1.00,1.00
2018.03.26 11:20:15.336,0.81655,0.81663,1.12,1.50
2018.03.26 11:20:15.865,0.81655,0.81662,1.00,1.00
2018.03.26 11:20:16.415,0.81656,0.81662,1.00,1.00
2018.03.26 11:20:17.180,0.81655,0.81662,1.00,1.00
2018.03.26 11:20:17.855,0.81655,0.81665,1.87,1.87
2018.03.26 11:20:17.959,0.81659,0.81667,1.00,1.00
2018.03.26 11:20:18.507,0.8166,0.81666,1.00,1.00
2018.03.26 11:20:19.453,0.81659,0.81666,1.00,1.00
2018.03.26 11:20:21.171,0.81658,0.81666,1.00,1.00
2018.03.26 11:20:23.977,0.81658,0.81665,1.00,1.00
2018.03.26 11:20:24.807,0.81657,0.81664,1.00,1.00
2018.03.26 11:20:25.853,0.81657,0.81663,1.00,1.00
2018.03.26 11:20:26.430,0.81656,0.81663,1.00,1.00
2018.03.26 11:20:27.278,0.81655,0.81662,1.00,1.00
2018.03.26 11:20:27.780,0.81654,0.81662,1.00,1.00
2018.03.26 11:20:30.349,0.81655,0.81662,1.12,1.00
2018.03.26 11:20:31.138,0.81655,0.81662,1.50,1.00
2018.03.26 11:20:32.044,0.81655,0.81662,1.12,1.00
2018.03.26 11:20:33.402,0.81655,0.81661,1.00,1.00
2018.03.26 11:20:33.984,0.81655,0.81662,1.00,1.00
2018.03.26 11:20:34.523,0.81656,0.81662,1.00,1.00
2018.03.26 11:20:38.380,0.81654,0.81662,1.12,1.00
2018.03.26 11:20:40.537,0.81653,0.81662,1.12,1.00
2018.03.26 11:20:41.086,0.81653,0.81662,1.50,1.00
2018.03.26 11:20:41.635,0.81652,0.8166,1.12,1.00
2018.03.26 11:20:43.425,0.81652,0.81661,1.00,1.00
2018.03.26 11:20:44.107,0.81652,0.8166,1.50,1.00
2018.03.26 11:20:44.431,0.81652,0.81662,3.37,1.87
2018.03.26 11:20:46.743,0.81652,0.81662,1.50,1.00
2018.03.26 11:20:47.506,0.81652,0.81662,3.37,1.00
2018.03.26 11:20:48.295,0.81653,0.81661,1.50,1.00
2018.03.26 11:20:49.894,0.81652,0.81662,3.37,1.00
2018.03.26 11:20:50.248,0.81654,0.81664,1.87,1.00
2018.03.26 11:20:50.350,0.81655,0.81665,3.37,1.50
2018.03.26 11:20:50.554,0.81653,0.81663,2.25,1.00
2018.03.26 11:20:51.080,0.81653,0.81663,1.50,1.00
2018.03.26 11:20:52.154,0.81653,0.81661,2.25,1.00
2018.03.26 11:20:57.389,0.81653,0.81662,1.00,1.12
2018.03.26 11:20:57.894,0.81652,0.81662,1.00,1.50
2018.03.26 11:20:58.571,0.81651,0.81662,1.87,1.50
2018.03.26 11:20:58.911,0.81647,0.81657,1.12,1.00
2018.03.26 11:20:59.653,0.81646,0.81656,1.12,1.12
2018.03.26 11:21:00.160,0.81645,0.81655,2.25,1.00
2018.03.26 11:21:03.059,0.81645,0.81652,1.50,1.00
2018.03.26 11:21:03.213,0.81643,0.81653,1.00,1.50
2018.03.26 11:21:03.731,0.81642,0.81653,3.37,1.87
2018.03.26 11:21:04.839,0.81642,0.81653,4.72,1.00
2018.03.26 11:21:04.891,0.81646,0.81656,1.50,1.50
2018.03.26 11:21:05.147,0.81647,0.81657,1.12,1.00
2018.03.26 11:21:08.861,0.81647,0.81658,1.87,1.87
2018.03.26 11:21:09.135,0.81647,0.81656,1.87,1.00
2018.03.26 11:21:09.478,0.81645,0.81653,1.50,1.00
2018.03.26 11:21:09.632,0.81644,0.81653,2.25,1.00
2018.03.26 11:21:09.736,0.81643,0.8165,2.62,1.00
2018.03.26 11:21:09.789,0.81641,0.8165,3.00,1.00
2018.03.26 11:21:09.841,0.81643,0.81652,1.00,1.00
2018.03.26 11:21:09.893,0.81645,0.81654,1.00,1.50
2018.03.26 11:21:10.426,0.81645,0.81654,1.00,1.12
2018.03.26 11:21:11.229,0.81644,0.81654,1.12,1.12
2018.03.26 11:21:14.066,0.81645,0.81655,1.00,1.12
2018.03.26 11:21:14.577,0.81646,0.81656,1.12,1.12
2018.03.26 11:21:14.902,0.81648,0.81657,1.00,3.00
2018.03.26 11:21:15.415,0.81648,0.81657,1.00,1.50
2018.03.26 11:21:16.397,0.81648,0.81656,1.00,1.00
2018.03.26 11:21:16.914,0.81648,0.81657,1.00,1.00
2018.03.26 11:21:18.768,0.81648,0.81657,1.00,1.37
2018.03.26 11:21:19.352,0.81648,0.81657,1.00,1.12
2018.03.26 11:21:20.083,0.81647,0.81657,1.12,1.12
2018.03.26 11:21:20.590,0.81647,0.81656,1.12,1.00
2018.03.26 11:21:21.134,0.81648,0.81656,1.00,1.00
2018.03.26 11:21:21.665,0.81647,0.81654,1.00,1.50
2018.03.26 11:21:21.820,0.81645,0.81655,1.00,1.50
2018.03.26 11:21:23.165,0.81645,0.81655,1.12,1.12
2018.03.26 11:21:24.061,0.81646,0.81655,1.00,1.12
2018.03.26 11:21:24.617,0.81647,0.81655,1.00,1.12
2018.03.26 11:21:25.029,0.81646,0.81654,1.00,3.37
2018.03.26 11:21:25.704,0.81646,0.81654,1.00,1.37
2018.03.26 11:21:26.451,0.81648,0.81654,1.00,1.12
2018.03.26 11:21:26.554,0.81646,0.81653,1.00,1.12
2018.03.26 11:21:27.078,0.81646,0.81653,1.00,1.50
2018.03.26 11:21:27.899,0.81642,0.81653,1.00,1.50
2018.03.26 11:21:29.907,0.81645,0.81653,1.00,1.50
2018.03.26 11:21:30.382,0.81647,0.81653,1.00,1.87
2018.03.26 11:21:30.904,0.81645,0.81653,1.00,1.87
2018.03.26 11:21:31.119,0.81645,0.81652,1.00,1.37
2018.03.26 11:21:31.941,0.81645,0.81652,1.00,1.12
2018.03.26 11:21:35.898,0.81646,0.81652,1.00,1.12
2018.03.26 11:21:37.191,0.81645,0.81651,1.00,1.12
2018.03.26 11:21:37.715,0.81644,0.81651,1.00,1.12
2018.03.26 11:21:38.664,0.81643,0.81651,1.00,1.12
2018.03.26 11:21:39.180,0.81643,0.8165,1.00,1.00
2018.03.26 11:21:39.693,0.81643,0.81652,1.00,2.25
2018.03.26 11:21:41.409,0.81644,0.81652,1.50,2.25
2018.03.26 11:21:42.499,0.81644,0.81651,1.00,1.50
2018.03.26 11:21:42.751,0.81642,0.81651,1.50,1.50
2018.03.26 11:21:43.502,0.81642,0.81651,1.50,3.37
2018.03.26 11:21:44.503,0.81641,0.81649,1.00,1.37
2018.03.26 11:21:44.621,0.81639,0.81648,1.50,1.12
2018.03.26 11:21:44.673,0.81639,0.81648,1.50,3.37
2018.03.26 11:21:45.317,0.8164,0.81648,1.00,3.37
2018.03.26 11:21:45.770,0.81638,0.81647,1.50,2.62
2018.03.26 11:21:46.181,0.81636,0.81644,1.50,1.00
2018.03.26 11:21:46.739,0.81635,0.81644,1.87,1.50
2018.03.26 11:21:49.628,0.81636,0.81644,1.00,1.50
2018.03.26 11:21:50.698,0.81636,0.81644,1.00,1.12
2018.03.26 11:21:50.802,0.81639,0.81645,1.00,3.37
2018.03.26 11:21:50.904,0.8164,0.81648,1.00,1.87
2018.03.26 11:21:51.420,0.8164,0.81648,1.00,1.50
2018.03.26 11:21:53.714,0.81637,0.81644,1.50,1.00
2018.03.26 11:21:54.222,0.81636,0.81645,1.00,2.25
2018.03.26 11:21:55.173,0.81637,0.81646,1.50,1.12
2018.03.26 11:21:55.226,0.81639,0.81647,1.00,1.50
2018.03.26 11:21:55.754,0.8164,0.81647,1.00,1.37
2018.03.26 11:21:56.354,0.81639,0.81647,1.00,1.00
2018.03.26 11:21:56.992,0.81639,0.81648,1.00,1.00
2018.03.26 11:21:57.254,0.81642,0.81652,1.50,1.12
2018.03.26 11:21:57.357,0.81645,0.81652,1.00,1.50
2018.03.26 11:21:58.004,0.81644,0.81652,1.50,1.50
2018.03.26 11:21:58.727,0.81644,0.81651,1.00,1.12
2018.03.26 11:22:00.789,0.81645,0.81651,1.00,1.00
2018.03.26 11:22:01.377,0.81645,0.81652,1.00,1.12
2018.03.26 11:22:02.847,0.81645,0.81653,1.00,1.00
2018.03.26 11:22:03.356,0.81645,0.81652,1.00,1.00
2018.03.26 11:22:04.559,0.81645,0.81654,1.00,1.37
2018.03.26 11:22:04.864,0.81647,0.81655,1.00,1.50
2018.03.26 11:22:08.261,0.81646,0.81655,1.50,1.50
2018.03.26 11:22:08.824,0.81646,0.81655,1.50,1.50
2018.03.26 11:22:09.360,0.81647,0.81654,1.00,1.00
2018.03.26 11:22:10.141,0.81646,0.81654,1.12,1.12
2018.03.26 11:22:10.933,0.81646,0.81653,1.00,1.00
2018.03.26 11:22:11.036,0.81644,0.81653,1.50,1.00
2018.03.26 11:22:12.268,0.81644,0.81652,1.50,1.00
2018.03.26 11:22:12.844,0.81645,0.81652,1.00,1.00
2018.03.26 11:22:13.480,0.81645,0.81653,1.00,1.00
2018.03.26 11:22:14.136,0.81644,0.81653,1.50,1.00
2018.03.26 11:22:14.870,0.81644,0.81653,1.00,3.37
2018.03.26 11:22:15.518,0.81643,0.81652,1.87,1.37
2018.03.26 11:22:17.470,0.81646,0.81654,1.00,2.25
2018.03.26 11:22:17.576,0.81646,0.81655,1.00,1.00
2018.03.26 11:22:17.793,0.81646,0.81653,1.00,1.00
2018.03.26 11:22:18.756,0.81645,0.81653,1.50,1.00
2018.03.26 11:22:22.664,0.81645,0.81655,1.00,2.25
2018.03.26 11:22:23.167,0.81646,0.81655,1.00,2.25
2018.03.26 11:22:24.125,0.81646,0.81655,1.00,1.12
2018.03.26 11:22:25.179,0.81646,0.81654,1.12,1.00
2018.03.26 11:22:25.855,0.81645,0.81654,1.00,1.87
2018.03.26 11:22:26.249,0.81652,0.81656,1.00,1.00
2018.03.26 11:22:26.301,0.8165,0.81657,1.00,4.12
2018.03.26 11:22:26.352,0.81652,0.81656,1.00,1.00
2018.03.26 11:22:26.499,0.81652,0.8166,1.50,2.62
2018.03.26 11:22:26.550,0.81653,0.81663,1.87,4.12
2018.03.26 11:22:27.093,0.81653,0.81663,1.12,1.87
2018.03.26 11:22:28.006,0.81652,0.81663,4.87,1.87
2018.03.26 11:22:28.517,0.81652,0.81663,2.62,1.87
2018.03.26 11:22:29.620,0.81652,0.81663,2.62,1.87
2018.03.26 11:22:29.875,0.81652,0.81661,1.37,1.50
2018.03.26 11:22:30.161,0.8165,0.81661,1.50,2.25
2018.03.26 11:22:30.264,0.81649,0.8166,4.87,1.37
2018.03.26 11:22:30.470,0.81649,0.81658,1.12,1.00
2018.03.26 11:22:31.139,0.81648,0.81658,1.12,1.00
2018.03.26 11:22:31.735,0.81648,0.81659,1.87,3.37
2018.03.26 11:22:34.162,0.81648,0.81659,1.87,4.12
2018.03.26 11:22:36.188,0.81648,0.81657,1.12,1.37
2018.03.26 11:22:36.551,0.81645,0.81654,1.12,1.37
2018.03.26 11:22:39.864,0.81644,0.81654,1.12,1.00
2018.03.26 11:22:41.207,0.81644,0.81654,1.50,1.00
2018.03.26 11:22:42.317,0.81644,0.81654,1.50,1.00
2018.03.26 11:22:45.811,0.81643,0.81649,2.25,1.00
2018.03.26 11:22:45.913,0.8164,0.81646,1.00,1.00
2018.03.26 11:22:45.965,0.81636,0.81645,3.37,1.00
2018.03.26 11:22:46.017,0.81636,0.81645,1.12,1.00
2018.03.26 11:22:46.521,0.81635,0.81644,1.50,1.00
2018.03.26 11:22:47.158,0.81633,0.81644,3.00,1.50
2018.03.26 11:22:48.070,0.81634,0.81644,1.00,1.50
2018.03.26 11:22:48.479,0.81632,0.81642,1.50,1.00
2018.03.26 11:22:48.676,0.81631,0.81641,1.87,1.00
2018.03.26 11:22:49.681,0.81632,0.81641,1.00,1.00
2018.03.26 11:22:50.109,0.81633,0.81643,2.25,1.50
2018.03.26 11:22:50.920,0.81633,0.81643,1.00,2.25
2018.03.26 11:22:51.429,0.81633,0.81643,1.12,1.87
2018.03.26 11:22:52.056,0.81633,0.81643,1.00,2.62
2018.03.26 11:22:52.479,0.81631,0.81642,2.62,1.12
2018.03.26 11:22:53.361,0.81631,0.81641,2.25,1.00
2018.03.26 11:22:54.199,0.81631,0.81642,4.87,1.00
2018.03.26 11:22:54.883,0.81634,0.81645,1.00,2.25
2018.03.26 11:22:54.987,0.81635,0.81645,3.37,1.00
2018.03.26 11:22:55.089,0.81636,0.81647,4.12,1.00
2018.03.26 11:22:55.376,0.81641,0.8165,1.00,1.12
2018.03.26 11:22:55.479,0.81643,0.81653,1.12,1.00
2018.03.26 11:22:55.582,0.81646,0.81653,1.00,1.12
2018.03.26 11:22:55.837,0.81646,0.81655,1.12,1.00
2018.03.26 11:22:56.042,0.81648,0.81656,1.00,1.00
2018.03.26 11:22:56.094,0.81648,0.81658,1.50,1.00
2018.03.26 11:22:56.641,0.81647,0.81657,2.25,1.00
2018.03.26 11:22:59.076,0.81647,0.81656,1.50,1.00
2018.03.26 11:22:59.613,0.81647,0.81656,1.00,1.00
2018.03.26 11:23:00.289,0.81647,0.81656,1.12,1.37
2018.03.26 11:23:01.017,0.81647,0.81656,1.00,1.00
2018.03.26 11:23:01.546,0.81648,0.81657,1.00,1.50
2018.03.26 11:23:02.401,0.81649,0.81657,1.00,1.00
2018.03.26 11:23:02.795,0.81647,0.81657,1.87,1.00
2018.03.26 11:23:03.345,0.81647,0.81656,1.12,1.00
2018.03.26 11:23:03.890,0.81647,0.81656,2.25,1.00
2018.03.26 11:23:05.643,0.81648,0.81657,1.12,1.00
2018.03.26 11:23:06.774,0.81648,0.81656,1.12,1.00
2018.03.26 11:23:08.534,0.81648,0.81658,3.00,1.00
2018.03.26 11:23:08.637,0.81649,0.81658,4.12,1.00
2018.03.26 11:23:09.240,0.81648,0.81658,5.62,1.00
2018.03.26 11:23:09.750,0.81649,0.81658,1.87,1.00
2018.03.26 11:23:11.726,0.81648,0.81658,2.25,1.00
2018.03.26 11:23:12.335,0.81649,0.81657,1.87,1.00
2018.03.26 11:23:15.513,0.81649,0.81657,2.25,1.00
2018.03.26 11:23:16.039,0.81649,0.81657,1.87,1.00
2018.03.26 11:23:16.800,0.81649,0.81658,1.12,1.00
2018.03.26 11:23:17.332,0.81649,0.81657,1.12,1.00
2018.03.26 11:23:17.685,0.81649,0.81658,2.62,1.00
2018.03.26 11:23:17.788,0.8165,0.8166,1.50,1.00
2018.03.26 11:23:17.993,0.81649,0.81659,1.87,1.00
2018.03.26 11:23:18.215,0.8165,0.81659,1.50,1.00
2018.03.26 11:23:18.622,0.8165,0.81657,1.50,1.00
2018.03.26 11:23:19.323,0.8165,0.81659,1.50,1.00
2018.03.26 11:23:19.992,0.8165,0.8166,1.50,1.00
2018.03.26 11:23:20.674,0.8165,0.81659,1.50,1.00
2018.03.26 11:23:22.851,0.8165,0.81659,1.00,1.00
2018.03.26 11:23:23.352,0.81649,0.81659,1.87,1.00
2018.03.26 11:23:24.345,0.81649,0.81658,1.87,1.00
2018.03.26 11:23:24.854,0.81648,0.81657,2.25,1.00
2018.03.26 11:23:31.482,0.81648,0.81658,1.00,1.50
2018.03.26 11:23:31.988,0.81649,0.81658,1.00,1.50
2018.03.26 11:23:32.145,0.81649,0.8166,2.25,1.12
2018.03.26 11:23:33.458,0.81649,0.8166,2.62,1.50
2018.03.26 11:23:33.998,0.81652,0.8166,1.00,1.00
2018.03.26 11:23:34.153,0.81651,0.81662,1.50,1.12
2018.03.26 11:23:34.833,0.81653,0.81663,1.00,1.50
2018.03.26 11:23:35.139,0.81653,0.81663,3.37,1.12
2018.03.26 11:23:35.241,0.81653,0.81663,1.50,1.00
2018.03.26 11:23:35.775,0.81653,0.81664,2.25,2.25
2018.03.26 11:23:35.826,0.81654,0.81664,1.50,1.00
2018.03.26 11:23:36.357,0.81653,0.81663,3.75,1.00
2018.03.26 11:23:36.715,0.81655,0.81665,1.12,1.12
2018.03.26 11:23:37.225,0.81655,0.81665,2.25,1.00
2018.03.26 11:23:37.730,0.81656,0.81664,1.50,1.00
2018.03.26 11:23:38.341,0.81657,0.81667,1.87,1.37
2018.03.26 11:23:38.855,0.81657,0.81666,1.00,1.00
2018.03.26 11:23:39.112,0.81658,0.81668,2.25,1.12
2018.03.26 11:23:39.216,0.81661,0.8167,1.00,1.50
2018.03.26 11:23:39.741,0.81659,0.81669,1.12,1.00
2018.03.26 11:23:40.401,0.81659,0.81669,3.37,1.00
2018.03.26 11:23:40.924,0.81659,0.81669,1.50,1.00
2018.03.26 11:23:41.539,0.81659,0.8167,3.00,1.12
2018.03.26 11:23:41.905,0.8166,0.81668,1.12,1.37
2018.03.26 11:23:42.008,0.81661,0.81669,1.00,1.12
2018.03.26 11:23:42.248,0.81661,0.81672,1.87,2.25
2018.03.26 11:23:42.552,0.81659,0.81669,1.50,1.00
2018.03.26 11:23:42.603,0.81658,0.81668,2.25,1.00
2018.03.26 11:23:43.242,0.81659,0.81668,1.00,1.50
2018.03.26 11:23:43.498,0.81656,0.81667,1.87,1.12
2018.03.26 11:23:43.653,0.81657,0.81665,1.00,1.00
2018.03.26 11:23:43.705,0.81655,0.81665,1.50,1.00
2018.03.26 11:23:44.130,0.81654,0.81663,1.00,1.50
2018.03.26 11:23:44.523,0.81652,0.81662,1.87,1.37
2018.03.26 11:23:45.037,0.81653,0.81662,1.00,1.12
2018.03.26 11:23:45.575,0.81654,0.81663,1.00,1.12
2018.03.26 11:23:46.519,0.81654,0.81664,1.00,1.12
2018.03.26 11:23:46.996,0.81656,0.81666,1.00,2.25
2018.03.26 11:23:47.647,0.81655,0.81666,1.87,1.12
2018.03.26 11:23:48.528,0.81656,0.81666,1.00,1.12
2018.03.26 11:23:49.415,0.81658,0.81667,1.00,1.50
2018.03.26 11:23:49.800,0.81655,0.81663,1.12,1.00
2018.03.26 11:23:50.717,0.81655,0.81664,1.00,1.12
2018.03.26 11:23:51.888,0.81655,0.81664,1.37,1.12
2018.03.26 11:23:52.863,0.81654,0.81664,1.87,1.12
2018.03.26 11:23:53.397,0.81655,0.81664,1.00,1.12
2018.03.26 11:23:53.919,0.81654,0.81664,1.87,1.12
2018.03.26 11:23:54.960,0.81654,0.81664,1.50,1.50
2018.03.26 11:23:55.901,0.81654,0.81664,1.87,1.12
2018.03.26 11:23:57.818,0.81655,0.81664,1.00,1.00
2018.03.26 11:23:59.539,0.81655,0.81664,1.50,2.25
2018.03.26 11:24:00.108,0.81654,0.81663,1.00,1.12
2018.03.26 11:24:00.314,0.81652,0.81661,1.37,1.00
2018.03.26 11:24:00.863,0.81652,0.81662,1.00,1.87
2018.03.26 11:24:02.969,0.81652,0.8166,1.87,1.00
2018.03.26 11:24:03.737,0.81651,0.8166,1.87,1.00
2018.03.26 11:24:04.080,0.81651,0.81661,4.12,1.50
2018.03.26 11:24:04.601,0.81652,0.81661,3.37,1.00
2018.03.26 11:24:08.155,0.81652,0.81661,1.50,1.00
2018.03.26 11:24:09.779,0.81652,0.81662,1.50,1.50
2018.03.26 11:24:11.564,0.81652,0.81661,1.12,1.00
2018.03.26 11:24:12.096,0.81651,0.8166,1.87,1.00
2018.03.26 11:24:12.539,0.81649,0.8166,1.87,1.37
2018.03.26 11:24:13.717,0.8165,0.81657,1.00,1.00
2018.03.26 11:24:13.821,0.81647,0.81657,1.50,1.50
2018.03.26 11:24:14.181,0.81646,0.81656,1.12,1.12
2018.03.26 11:24:14.409,0.81645,0.81655,1.37,1.37
2018.03.26 11:24:14.922,0.81645,0.81655,1.87,1.00
2018.03.26 11:24:15.400,0.81647,0.81656,1.00,1.50
2018.03.26 11:24:16.420,0.81645,0.81656,2.25,1.50
2018.03.26 11:24:16.937,0.81645,0.81656,4.87,1.50
2018.03.26 11:24:17.520,0.81645,0.81655,4.87,1.00
2018.03.26 11:24:17.874,0.81647,0.81657,1.00,1.50
2018.03.26 11:24:17.926,0.81646,0.81657,1.12,3.37
2018.03.26 11:24:18.080,0.81647,0.81657,1.12,1.12
2018.03.26 11:24:18.236,0.81647,0.81657,2.62,1.00
2018.03.26 11:24:18.696,0.81646,0.81657,2.25,1.12
2018.03.26 11:24:19.187,0.81649,0.81659,1.12,1.00
2018.03.26 11:24:19.495,0.81652,0.8166,1.00,1.50
2018.03.26 11:24:19.546,0.81649,0.8166,2.25,1.87
2018.03.26 11:24:20.095,0.8165,0.8166,1.50,1.00
2018.03.26 11:24:20.712,0.8165,0.81661,2.25,1.12
2018.03.26 11:24:22.164,0.81651,0.81662,2.25,1.12
2018.03.26 11:24:22.216,0.81654,0.81664,1.50,4.12
2018.03.26 11:24:22.267,0.81654,0.81665,2.25,1.00
2018.03.26 11:24:22.370,0.81658,0.81668,1.00,3.00
2018.03.26 11:24:22.473,0.81659,0.8167,2.25,1.00
2018.03.26 11:24:22.627,0.81665,0.81673,1.00,1.50
2018.03.26 11:24:22.730,0.81666,0.81677,3.37,1.12
2018.03.26 11:24:22.884,0.8167,0.81678,1.00,2.62
2018.03.26 11:24:22.936,0.8167,0.81681,1.87,2.25
2018.03.26 11:24:23.137,0.8167,0.81681,1.50,1.12
2018.03.26 11:24:23.686,0.81671,0.8168,1.12,1.12
2018.03.26 11:24:24.384,0.81671,0.81679,1.87,1.00
2018.03.26 11:24:24.931,0.81669,0.8168,3.00,1.00
2018.03.26 11:24:25.447,0.81669,0.81679,3.00,1.00
2018.03.26 11:24:26.245,0.81669,0.81679,1.12,1.12
2018.03.26 11:24:28.772,0.81669,0.81676,2.62,1.00
2018.03.26 11:24:28.824,0.81668,0.81675,1.00,1.00
2018.03.26 11:24:28.875,0.81666,0.81675,1.00,1.00
2018.03.26 11:24:29.427,0.81665,0.81675,3.37,1.00
2018.03.26 11:24:30.204,0.81665,0.81675,1.12,1.00
2018.03.26 11:24:30.255,0.81665,0.81673,1.12,1.00
2018.03.26 11:24:30.563,0.8166,0.81669,4.12,1.00
2018.03.26 11:24:31.839,0.81661,0.81669,2.62,1.00
2018.03.26 11:24:32.411,0.81662,0.81669,1.12,1.00
2018.03.26 11:24:33.103,0.81661,0.81669,1.00,1.00
2018.03.26 11:24:33.732,0.8166,0.81669,2.62,1.00
2018.03.26 11:24:41.322,0.81662,0.81671,1.12,1.12
2018.03.26 11:24:41.525,0.81662,0.81673,1.50,1.00
2018.03.26 11:24:42.539,0.81661,0.81672,4.87,1.00
2018.03.26 11:24:43.489,0.81661,0.81671,1.12,1.00
2018.03.26 11:24:44.007,0.81661,0.81672,1.87,1.12
2018.03.26 11:24:46.798,0.81661,0.81671,1.12,1.00
2018.03.26 11:24:47.303,0.81662,0.81671,1.00,1.00
2018.03.26 11:24:47.843,0.81661,0.8167,1.12,1.00
2018.03.26 11:24:48.353,0.81659,0.81669,1.87,1.12
2018.03.26 11:24:49.348,0.81658,0.81666,3.37,1.00
2018.03.26 11:24:49.405,0.81654,0.81662,1.50,1.50
2018.03.26 11:24:49.456,0.81652,0.81661,1.50,1.00
2018.03.26 11:24:50.799,0.8165,0.81661,3.00,1.12
2018.03.26 11:24:52.272,0.8165,0.81661,1.87,1.87
2018.03.26 11:24:54.152,0.8165,0.81661,2.25,1.87
2018.03.26 11:24:54.709,0.81652,0.81661,1.00,1.00
2018.03.26 11:24:58.848,0.8165,0.81661,2.62,1.12
2018.03.26 11:24:58.900,0.81651,0.81659,1.00,1.00
2018.03.26 11:24:59.311,0.81651,0.81659,3.37,1.00
2018.03.26 11:24:59.463,0.81651,0.81659,1.00,1.00
2018.03.26 11:24:59.615,0.8165,0.81655,1.00,1.00
2018.03.26 11:24:59.771,0.81644,0.81655,2.85,1.00
2018.03.26 11:25:00.345,0.81644,0.81655,1.12,1.12
2018.03.26 11:25:00.810,0.81643,0.81652,2.25,1.35
2018.03.26 11:25:01.055,0.81637,0.81648,2.25,1.00
2018.03.26 11:25:01.106,0.81637,0.81648,1.00,4.87
2018.03.26 11:25:01.309,0.81639,0.8165,1.50,1.87
2018.03.26 11:25:01.511,0.81638,0.81649,1.87,3.37
2018.03.26 11:25:02.074,0.81637,0.81647,1.87,1.12
2018.03.26 11:25:02.615,0.81637,0.81646,1.50,1.00
2018.03.26 11:25:03.624,0.81637,0.81647,1.87,1.00
2018.03.26 11:25:04.160,0.81637,0.81647,1.00,1.50
2018.03.26 11:25:04.824,0.81636,0.81647,1.50,1.50
2018.03.26 11:25:05.771,0.81636,0.81647,2.25,1.50
2018.03.26 11:25:06.319,0.81636,0.81644,1.50,1.00
2018.03.26 11:25:07.363,0.81636,0.81646,1.50,1.50
2018.03.26 11:25:07.691,0.81635,0.81642,1.12,1.00
2018.03.26 11:25:07.743,0.81632,0.81642,1.00,1.12
2018.03.26 11:25:08.003,0.81632,0.8164,1.00,1.00
2018.03.26 11:25:08.344,0.81633,0.81641,1.50,1.00
2018.03.26 11:25:09.191,0.81634,0.81644,1.87,1.00
2018.03.26 11:25:09.243,0.81636,0.81644,1.00,1.00
2018.03.26 11:25:09.517,0.81636,0.81646,3.00,1.00
2018.03.26 11:25:10.261,0.81637,0.81644,1.12,1.00
2018.03.26 11:25:10.418,0.81636,0.81646,2.25,1.00
2018.03.26 11:25:11.122,0.81636,0.81645,2.25,1.00
2018.03.26 11:25:11.656,0.81635,0.81644,2.25,1.00
2018.03.26 11:25:12.232,0.81636,0.81643,1.12,1.00
2018.03.26 11:25:12.921,0.81636,0.81644,1.12,1.00
2018.03.26 11:25:13.025,0.81637,0.81646,1.12,1.00
2018.03.26 11:25:13.077,0.81638,0.81646,3.37,1.00
2018.03.26 11:25:13.582,0.81639,0.81648,2.25,1.00
2018.03.26 11:25:13.718,0.8164,0.81648,3.37,1.00
2018.03.26 11:25:13.873,0.81639,0.81646,1.12,1.00
2018.03.26 11:25:13.977,0.81637,0.81645,1.12,1.00
2018.03.26 11:25:14.566,0.81637,0.81644,1.12,1.00
2018.03.26 11:25:14.982,0.81636,0.81642,1.12,1.00
2018.03.26 11:25:15.085,0.81634,0.81641,1.12,1.00
2018.03.26 11:25:15.597,0.81633,0.8164,1.12,1.00
2018.03.26 11:25:16.160,0.81633,0.81639,1.12,1.00
2018.03.26 11:25:16.416,0.81631,0.81637,1.50,1.00
2018.03.26 11:25:16.468,0.8163,0.81637,1.00,1.00
2018.03.26 11:25:16.621,0.81629,0.81635,1.12,1.00
2018.03.26 11:25:17.041,0.81627,0.81635,1.87,1.00
2018.03.26 11:25:18.106,0.81627,0.81633,1.00,1.00
2018.03.26 11:25:18.210,0.81625,0.81633,1.00,1.00
2018.03.26 11:25:18.647,0.81627,0.81635,1.00,1.00
2018.03.26 11:25:19.178,0.81627,0.81634,1.00,1.00
2018.03.26 11:25:19.726,0.81625,0.81634,2.25,1.00
2018.03.26 11:25:20.991,0.81627,0.81634,1.00,1.00
2018.03.26 11:25:21.560,0.81626,0.81634,1.12,1.00
2018.03.26 11:25:22.111,0.81628,0.81635,1.00,1.12
2018.03.26 11:25:22.215,0.81626,0.81635,3.00,1.00
2018.03.26 11:25:22.267,0.81629,0.81635,1.00,1.00
2018.03.26 11:25:22.814,0.81629,0.81636,1.00,1.00
2018.03.26 11:25:23.456,0.81629,0.81637,1.12,1.00
2018.03.26 11:25:23.974,0.81629,0.81636,1.00,1.12
2018.03.26 11:25:24.328,0.81629,0.81634,1.00,1.00
2018.03.26 11:25:24.380,0.81629,0.81636,1.00,1.50
2018.03.26 11:25:24.518,0.81625,0.81631,2.62,1.50
2018.03.26 11:25:24.627,0.81621,0.81629,1.50,1.00
2018.03.26 11:25:24.730,0.81625,0.81634,1.00,1.12
2018.03.26 11:25:24.833,0.81626,0.81635,1.50,1.00
2018.03.26 11:25:25.601,0.81626,0.81635,1.00,1.00
2018.03.26 11:25:26.124,0.81625,0.81634,1.12,1.00
2018.03.26 11:25:26.687,0.81626,0.81634,1.00,1.00
2018.03.26 11:25:27.556,0.81626,0.81635,1.87,1.00
2018.03.26 11:25:27.864,0.81627,0.81635,1.87,1.00
2018.03.26 11:25:28.653,0.81627,0.81635,1.87,1.00
2018.03.26 11:25:29.742,0.81628,0.81635,1.00,1.00
2018.03.26 11:25:30.750,0.81628,0.81636,1.00,1.00
2018.03.26 11:25:31.899,0.81627,0.81636,2.62,1.00
2018.03.26 11:25:32.279,0.81629,0.81636,1.00,1.00
2018.03.26 11:25:32.519,0.81627,0.81636,1.12,1.00
2018.03.26 11:25:32.937,0.81626,0.81634,1.00,1.00
2018.03.26 11:25:33.466,0.81625,0.81633,1.37,1.00
2018.03.26 11:25:35.143,0.81624,0.81633,1.37,1.00
2018.03.26 11:25:35.776,0.81624,0.81633,1.50,1.12
2018.03.26 11:25:37.566,0.81624,0.81633,1.87,1.00
2018.03.26 11:25:38.090,0.81625,0.81634,1.12,1.00
2018.03.26 11:25:38.729,0.81626,0.81634,1.50,1.00
2018.03.26 11:25:39.250,0.81626,0.81635,1.37,1.00
2018.03.26 11:25:40.015,0.81626,0.81636,2.62,1.12
2018.03.26 11:25:40.401,0.81627,0.81634,1.12,1.00
2018.03.26 11:25:41.058,0.81625,0.81633,5.62,1.00
2018.03.26 11:25:42.875,0.81625,0.81633,1.12,1.00
2018.03.26 11:25:43.393,0.81625,0.81633,1.50,1.00
2018.03.26 11:25:43.973,0.81625,0.81633,1.12,1.00
2018.03.26 11:25:44.738,0.81627,0.81633,1.00,1.00
2018.03.26 11:25:45.728,0.81627,0.81631,1.12,1.00
2018.03.26 11:25:45.779,0.81624,0.81633,1.87,1.00
2018.03.26 11:25:45.881,0.81626,0.81633,1.12,1.00
2018.03.26 11:25:46.891,0.81626,0.81634,1.00,1.00
2018.03.26 11:25:47.601,0.81624,0.81634,1.87,1.00
2018.03.26 11:25:47.936,0.81624,0.81632,3.37,1.00
2018.03.26 11:25:47.987,0.81624,0.81631,1.00,1.00
2018.03.26 11:25:48.510,0.81623,0.81631,1.50,1.00
2018.03.26 11:25:50.680,0.81623,0.81633,2.62,1.00
2018.03.26 11:25:50.733,0.81625,0.81633,1.00,1.00
2018.03.26 11:25:50.938,0.81623,0.81632,1.12,1.12
2018.03.26 11:25:51.039,0.81623,0.8163,1.37,1.00
2018.03.26 11:25:51.259,0.81623,0.81632,1.00,1.00
2018.03.26 11:25:51.620,0.81621,0.81629,1.50,1.00
2018.03.26 11:25:51.825,0.81619,0.81628,1.12,1.00
2018.03.26 11:25:51.979,0.81618,0.81626,1.12,1.00
2018.03.26 11:25:54.044,0.81617,0.81626,1.12,1.00
2018.03.26 11:25:54.351,0.81616,0.81624,2.25,1.00
2018.03.26 11:25:57.736,0.81615,0.81625,4.12,1.00
2018.03.26 11:25:57.891,0.81618,0.81628,3.75,1.00
2018.03.26 11:25:57.994,0.8162,0.81628,1.37,1.00
2018.03.26 11:25:58.534,0.8162,0.81628,1.87,1.00
2018.03.26 11:25:58.967,0.81623,0.81628,1.00,1.00
2018.03.26 11:25:59.911,0.81623,0.81627,1.00,1.00
2018.03.26 11:26:00.642,0.81621,0.81627,1.00,1.00
2018.03.26 11:26:02.418,0.81621,0.81628,1.00,1.00
2018.03.26 11:26:02.471,0.81623,0.81629,1.00,1.00
2018.03.26 11:26:04.073,0.81622,0.81627,1.00,1.00
2018.03.26 11:26:06.002,0.81622,0.81628,1.00,1.00
2018.03.26 11:26:08.476,0.81622,0.81629,1.00,1.00
2018.03.26 11:26:08.784,0.81624,0.8163,1.00,1.12
2018.03.26 11:26:09.091,0.81623,0.81628,1.00,1.00
2018.03.26 11:26:09.348,0.81621,0.81628,1.00,1.00
2018.03.26 11:26:09.859,0.81621,0.81627,1.00,1.00
2018.03.26 11:26:11.772,0.81623,0.81628,1.00,1.00
2018.03.26 11:26:13.225,0.81622,0.81628,1.00,1.00
2018.03.26 11:26:17.992,0.81623,0.81628,1.00,1.00
2018.03.26 11:26:20.063,0.81623,0.81629,1.00,1.00
2018.03.26 11:26:20.359,0.81625,0.81632,1.00,1.12
2018.03.26 11:26:20.410,0.81627,0.81634,1.00,1.12
2018.03.26 11:26:20.711,0.81627,0.81632,1.00,1.00
2018.03.26 11:26:21.231,0.81628,0.81632,1.00,1.00
2018.03.26 11:26:23.654,0.81628,0.81633,1.00,1.00
2018.03.26 11:26:23.706,0.81628,0.81635,1.00,1.50
2018.03.26 11:26:23.763,0.8163,0.81637,1.00,1.00
2018.03.26 11:26:24.196,0.81634,0.8164,1.00,1.00
2018.03.26 11:26:24.710,0.81636,0.81642,1.00,1.00
2018.03.26 11:26:26.362,0.81637,0.81642,1.00,1.00
2018.03.26 11:26:27.430,0.81636,0.81642,1.00,1.00
2018.03.26 11:26:27.967,0.81635,0.81641,1.00,1.00
2018.03.26 11:26:29.173,0.81635,0.8164,1.00,1.00
2018.03.26 11:26:29.484,0.81631,0.81635,1.00,1.00
2018.03.26 11:26:30.191,0.8163,0.81635,1.00,1.00
2018.03.26 11:26:30.765,0.8163,0.81636,1.00,1.00
2018.03.26 11:26:32.267,0.8163,0.81634,1.00,1.00
2018.03.26 11:26:32.877,0.81629,0.81634,1.00,1.00
2018.03.26 11:26:33.533,0.8163,0.81634,1.00,1.00
2018.03.26 11:26:34.220,0.8163,0.81635,1.00,1.00
2018.03.26 11:26:34.853,0.8163,0.81636,1.00,1.00
2018.03.26 11:26:35.230,0.81632,0.81637,1.00,1.00
2018.03.26 11:26:36.273,0.8163,0.81637,1.00,1.00
2018.03.26 11:26:37.204,0.81628,0.81637,2.62,1.00
2018.03.26 11:26:37.791,0.81628,0.81637,3.00,1.00
2018.03.26 11:26:39.223,0.81628,0.81636,1.87,1.00
2018.03.26 11:26:39.813,0.81628,0.81635,1.00,1.00
2018.03.26 11:26:40.847,0.81628,0.81636,1.00,1.00
2018.03.26 11:26:41.774,0.81628,0.81634,1.00,1.00
2018.03.26 11:26:42.314,0.81627,0.81634,1.87,1.00
2018.03.26 11:26:42.944,0.81627,0.81634,1.37,1.00
2018.03.26 11:26:43.485,0.81627,0.81634,1.12,1.00
2018.03.26 11:26:43.794,0.81621,0.81628,1.50,1.00
2018.03.26 11:26:44.222,0.8162,0.8163,2.62,1.00
2018.03.26 11:26:44.751,0.81621,0.81629,1.50,1.00
2018.03.26 11:26:44.905,0.8162,0.81627,1.87,1.00
2018.03.26 11:26:45.585,0.8162,0.8163,1.37,1.12
2018.03.26 11:26:46.271,0.81621,0.81631,3.00,1.00
2018.03.26 11:26:46.821,0.81621,0.8163,1.87,1.12
2018.03.26 11:26:47.359,0.8162,0.81629,1.00,1.12
2018.03.26 11:26:47.700,0.81618,0.81628,1.37,1.37
2018.03.26 11:26:47.851,0.81617,0.81627,1.87,1.00
2018.03.26 11:26:50.176,0.81617,0.81627,1.50,1.00
2018.03.26 11:26:53.294,0.81616,0.81626,3.37,1.00
2018.03.26 11:26:53.363,0.81616,0.81626,1.00,1.50
2018.03.26 11:26:53.778,0.81614,0.81624,1.50,1.00
2018.03.26 11:26:53.880,0.81611,0.81621,1.87,1.87
2018.03.26 11:26:55.064,0.8161,0.81621,2.25,1.37
2018.03.26 11:26:55.687,0.8161,0.81621,1.50,1.12
2018.03.26 11:26:56.631,0.81611,0.81622,1.12,1.12
2018.03.26 11:26:56.734,0.81611,0.81622,3.37,1.37
2018.03.26 11:26:57.283,0.81611,0.8162,3.37,1.00
2018.03.26 11:27:00.112,0.8161,0.81619,1.37,1.00
2018.03.26 11:27:00.299,0.81608,0.81618,2.25,1.50
2018.03.26 11:27:00.844,0.81606,0.81617,3.00,1.12
2018.03.26 11:27:01.382,0.81606,0.81615,2.25,1.00
2018.03.26 11:27:01.985,0.81604,0.81615,4.87,1.12
2018.03.26 11:27:03.429,0.81603,0.81614,4.12,1.00
2018.03.26 11:27:03.840,0.81603,0.81614,1.12,1.12
2018.03.26 11:27:04.613,0.81604,0.81614,1.50,1.00
2018.03.26 11:27:04.665,0.81604,0.81615,4.12,2.62
2018.03.26 11:27:05.045,0.81603,0.81614,2.62,1.12
2018.03.26 11:27:06.138,0.81603,0.81612,1.00,1.00
2018.03.26 11:27:06.443,0.81598,0.81608,1.50,1.50
2018.03.26 11:27:06.985,0.81597,0.81608,1.50,1.87
2018.03.26 11:27:07.614,0.81597,0.81607,1.50,1.00
2018.03.26 11:27:09.276,0.81597,0.81607,1.50,1.12
2018.03.26 11:27:11.127,0.81598,0.81607,1.00,1.12
2018.03.26 11:27:11.457,0.816,0.81607,1.00,1.12
2018.03.26 11:27:13.665,0.81599,0.81607,1.00,1.00
2018.03.26 11:27:14.445,0.81599,0.81606,1.00,1.00
2018.03.26 11:27:15.155,0.81599,0.81607,1.00,1.00
2018.03.26 11:27:15.610,0.81602,0.81608,1.00,1.00
2018.03.26 11:27:15.668,0.81602,0.81611,1.00,1.12
2018.03.26 11:27:15.773,0.81605,0.81612,1.00,1.00
2018.03.26 11:27:16.278,0.81606,0.81612,1.00,1.00
2018.03.26 11:27:19.167,0.81605,0.81612,1.00,1.00
2018.03.26 11:27:20.469,0.81606,0.81613,1.00,1.00
2018.03.26 11:27:20.992,0.81606,0.81614,1.00,1.00
2018.03.26 11:27:21.469,0.81608,0.81615,1.00,1.00
2018.03.26 11:27:22.015,0.81608,0.81616,1.00,1.12
2018.03.26 11:27:22.350,0.81608,0.81614,1.00,1.00
2018.03.26 11:27:23.842,0.8161,0.81616,1.00,1.00
2018.03.26 11:27:24.662,0.8161,0.81615,1.00,1.00
2018.03.26 11:27:25.764,0.8161,0.81616,1.00,1.00
2018.03.26 11:27:27.897,0.81608,0.81616,1.00,1.00
2018.03.26 11:27:28.425,0.81609,0.81616,1.00,1.00
2018.03.26 11:27:29.405,0.8161,0.81616,1.00,1.00
2018.03.26 11:27:34.751,0.81609,0.81616,1.00,1.00
2018.03.26 11:27:35.360,0.81608,0.81615,1.00,1.00
2018.03.26 11:27:36.002,0.81607,0.81615,1.00,1.00
2018.03.26 11:27:42.120,0.81606,0.81614,1.00,1.00
2018.03.26 11:27:42.867,0.81605,0.81612,1.00,1.00
2018.03.26 11:27:42.918,0.81603,0.81611,1.00,1.00
2018.03.26 11:27:42.969,0.81602,0.81609,1.50,1.00
2018.03.26 11:27:43.751,0.81601,0.81609,1.00,1.12
2018.03.26 11:27:44.300,0.816,0.81608,1.00,1.00
2018.03.26 11:27:44.558,0.81598,0.81607,1.12,1.00
2018.03.26 11:27:44.609,0.816,0.81607,1.00,1.00
2018.03.26 11:27:44.661,0.816,0.81609,1.12,1.00
2018.03.26 11:27:45.249,0.81601,0.8161,1.00,1.12
2018.03.26 11:27:45.810,0.816,0.81609,1.12,1.00
2018.03.26 11:27:47.792,0.816,0.8161,1.12,1.12
2018.03.26 11:27:48.302,0.81599,0.81607,1.12,1.00
2018.03.26 11:27:48.782,0.816,0.81608,1.50,1.00
2018.03.26 11:27:49.288,0.81602,0.81609,1.12,1.00
2018.03.26 11:27:50.537,0.81603,0.81609,1.00,1.00
2018.03.26 11:27:50.639,0.81605,0.81612,1.00,1.00
2018.03.26 11:27:51.000,0.81606,0.81614,1.00,1.00
2018.03.26 11:27:51.518,0.81606,0.81613,1.12,1.00
2018.03.26 11:27:51.819,0.81603,0.81612,1.50,1.00
2018.03.26 11:27:52.434,0.81603,0.8161,1.12,1.00
2018.03.26 11:27:52.586,0.81601,0.8161,1.50,1.00
2018.03.26 11:27:53.171,0.81602,0.8161,1.00,1.00
2018.03.26 11:27:54.428,0.81601,0.81609,1.12,1.00
2018.03.26 11:27:55.640,0.81601,0.81608,1.00,1.00
2018.03.26 11:27:58.161,0.81601,0.81609,1.00,1.00
2018.03.26 11:27:58.690,0.81602,0.81609,1.00,1.00
2018.03.26 11:28:03.125,0.81601,0.81609,1.00,1.00
2018.03.26 11:28:03.665,0.816,0.81608,1.00,1.00
2018.03.26 11:28:04.175,0.81603,0.81609,1.00,1.00
2018.03.26 11:28:04.278,0.81603,0.81611,1.00,1.00
2018.03.26 11:28:04.483,0.81605,0.81613,1.00,1.12
2018.03.26 11:28:05.003,0.81606,0.81614,1.00,1.12
2018.03.26 11:28:06.222,0.81607,0.81616,1.00,1.12
2018.03.26 11:28:06.324,0.81609,0.81617,1.00,1.00
2018.03.26 11:28:06.529,0.81607,0.81616,1.12,1.00
2018.03.26 11:28:07.143,0.81608,0.81616,1.00,1.12
2018.03.26 11:28:07.410,0.81609,0.81618,1.00,1.50
2018.03.26 11:28:07.462,0.81611,0.81617,1.00,1.00
2018.03.26 11:28:08.622,0.81609,0.81617,1.00,1.00
2018.03.26 11:28:10.335,0.81609,0.81618,1.37,1.00
2018.03.26 11:28:10.870,0.81608,0.81616,1.50,1.00
2018.03.26 11:28:11.610,0.81608,0.81616,1.50,1.00
2018.03.26 11:28:12.150,0.81609,0.81617,1.00,1.00
2018.03.26 11:28:13.406,0.81609,0.81618,1.12,1.00
2018.03.26 11:28:15.138,0.81609,0.81618,1.50,1.00
2018.03.26 11:28:15.670,0.81609,0.81618,3.37,1.00
2018.03.26 11:28:15.721,0.81609,0.81618,1.12,1.00
2018.03.26 11:28:15.927,0.81611,0.81617,1.12,1.00
2018.03.26 11:28:15.979,0.81611,0.81619,1.12,1.00
2018.03.26 11:28:17.439,0.8161,0.81619,1.12,1.00
2018.03.26 11:28:17.490,0.8161,0.81617,1.12,1.00
2018.03.26 11:28:18.680,0.8161,0.81619,2.25,1.12
2018.03.26 11:28:18.733,0.81613,0.81619,1.00,1.12
2018.03.26 11:28:18.964,0.81615,0.81624,1.50,1.00
2018.03.26 11:28:19.438,0.81618,0.81625,1.00,1.12
2018.03.26 11:28:20.095,0.81616,0.81625,1.00,1.00
2018.03.26 11:28:20.621,0.81616,0.81624,1.12,1.00
2018.03.26 11:28:22.156,0.81617,0.81624,1.00,1.00
2018.03.26 11:28:22.208,0.81615,0.81624,1.50,1.00
2018.03.26 11:28:23.212,0.81615,0.81624,1.50,1.00
2018.03.26 11:28:24.782,0.81616,0.81623,1.00,1.00
2018.03.26 11:28:25.540,0.81615,0.81623,1.12,1.00
2018.03.26 11:28:26.423,0.81615,0.81624,1.50,1.00
2018.03.26 11:28:26.576,0.81617,0.81627,1.50,1.50
2018.03.26 11:28:26.781,0.81616,0.81626,1.12,1.00
2018.03.26 11:28:26.884,0.81619,0.81626,1.00,1.00
2018.03.26 11:28:27.428,0.81619,0.81627,1.00,1.00
2018.03.26 11:28:30.747,0.81619,0.81628,1.12,1.00
2018.03.26 11:28:31.377,0.8162,0.81628,1.00,1.00
2018.03.26 11:28:35.003,0.81619,0.81627,1.37,1.00
2018.03.26 11:28:41.742,0.81619,0.81628,1.37,1.00
2018.03.26 11:28:42.269,0.81619,0.81629,1.37,1.12
2018.03.26 11:28:44.423,0.81619,0.81629,3.37,1.00
2018.03.26 11:28:48.470,0.81619,0.81629,1.50,1.00
2018.03.26 11:28:49.000,0.81619,0.81628,1.12,1.00
2018.03.26 11:28:49.859,0.81619,0.81629,1.12,1.00
2018.03.26 11:28:51.329,0.81619,0.81629,1.50,1.00
2018.03.26 11:28:52.027,0.81619,0.81627,2.25,1.00
2018.03.26 11:28:53.165,0.81619,0.81629,1.50,1.00
2018.03.26 11:28:54.868,0.81619,0.81629,3.37,1.00
2018.03.26 11:28:54.972,0.81623,0.81632,1.00,1.12
2018.03.26 11:28:55.077,0.81626,0.81635,1.00,1.00
2018.03.26 11:28:55.282,0.81627,0.81637,1.12,1.00
2018.03.26 11:28:55.937,0.81628,0.81637,1.00,1.00
2018.03.26 11:28:56.804,0.81627,0.81636,1.87,1.00
2018.03.26 11:29:00.512,0.81627,0.81637,1.87,1.50
2018.03.26 11:29:01.020,0.81628,0.81638,1.50,1.87
2018.03.26 11:29:01.549,0.81627,0.81638,2.25,1.87
2018.03.26 11:29:01.738,0.81627,0.81638,4.12,1.50
2018.03.26 11:29:02.053,0.81627,0.81637,1.00,1.00
2018.03.26 11:29:02.588,0.81626,0.81636,3.37,1.12
2018.03.26 11:29:03.053,0.81626,0.81635,1.12,1.00
2018.03.26 11:29:03.561,0.81625,0.81635,2.62,1.00
2018.03.26 11:29:04.249,0.81626,0.81634,1.00,1.00
2018.03.26 11:29:04.301,0.81626,0.81632,1.00,1.00
2018.03.26 11:29:04.403,0.81624,0.81632,1.87,1.00
2018.03.26 11:29:07.033,0.81623,0.81633,4.87,1.00
2018.03.26 11:29:09.068,0.81624,0.81634,1.50,1.00
2018.03.26 11:29:12.114,0.81625,0.81634,1.50,1.00
2018.03.26 11:29:12.842,0.81625,0.81635,1.87,1.00
2018.03.26 11:29:15.268,0.81624,0.81634,2.25,1.00
2018.03.26 11:29:19.405,0.81624,0.81634,4.12,1.12
2018.03.26 11:29:22.302,0.81624,0.81633,2.62,1.00
2018.03.26 11:29:22.556,0.81624,0.81634,1.00,2.25
2018.03.26 11:29:23.057,0.81623,0.81633,3.00,1.12
2018.03.26 11:29:23.581,0.81623,0.81632,4.12,1.00
2018.03.26 11:29:24.369,0.81623,0.81632,2.25,1.00
2018.03.26 11:29:24.892,0.81623,0.81631,1.12,1.00
2018.03.26 11:29:26.484,0.81622,0.81631,1.12,1.00
2018.03.26 11:29:26.587,0.8162,0.81629,1.50,1.00
2018.03.26 11:29:26.841,0.81616,0.81625,1.50,1.00
2018.03.26 11:29:27.365,0.81615,0.81626,1.87,4.12
2018.03.26 11:29:27.884,0.81615,0.81624,1.00,1.00
2018.03.26 11:29:28.801,0.81615,0.81625,1.12,1.12
2018.03.26 11:29:29.352,0.81616,0.81625,1.00,1.00
2018.03.26 11:29:29.941,0.81615,0.81623,1.87,1.00
2018.03.26 11:29:30.109,0.81613,0.81623,1.00,1.87
2018.03.26 11:29:32.617,0.81613,0.81622,1.00,1.00
2018.03.26 11:29:33.136,0.81612,0.81622,1.12,2.25
2018.03.26 11:29:34.528,0.81612,0.81622,1.50,1.50
2018.03.26 11:29:34.937,0.81611,0.81621,1.00,1.50
2018.03.26 11:29:35.446,0.81612,0.81621,1.00,1.00
2018.03.26 11:29:35.984,0.81612,0.81619,1.12,1.00
2018.03.26 11:29:36.520,0.8161,0.8162,1.50,1.00
2018.03.26 11:29:37.021,0.81609,0.81619,3.37,1.12
2018.03.26 11:29:37.543,0.81609,0.81619,1.12,1.37
2018.03.26 11:29:37.822,0.81607,0.81618,1.87,1.12
2018.03.26 11:29:37.962,0.81606,0.81617,1.87,1.87
2018.03.26 11:29:38.281,0.81605,0.81615,1.00,4.12
2018.03.26 11:29:38.788,0.81604,0.81614,1.00,1.50
2018.03.26 11:29:39.333,0.81604,0.81614,1.50,1.50
2018.03.26 11:29:40.042,0.81604,0.81614,1.00,1.12
2018.03.26 11:29:40.654,0.81604,0.81612,1.00,1.12
2018.03.26 11:29:41.244,0.81604,0.81614,1.00,1.50
2018.03.26 11:29:41.767,0.81605,0.81614,1.50,1.50
2018.03.26 11:29:43.642,0.81605,0.81613,1.00,1.00
2018.03.26 11:29:44.195,0.81603,0.81613,1.12,1.50
2018.03.26 11:29:45.698,0.81602,0.81611,1.00,1.50
2018.03.26 11:29:45.954,0.81604,0.81613,1.00,1.12
2018.03.26 11:29:47.131,0.81603,0.81613,1.00,1.12
2018.03.26 11:29:47.771,0.81604,0.81613,1.00,1.12
2018.03.26 11:29:48.461,0.81603,0.81613,1.00,1.12
2018.03.26 11:29:48.616,0.81604,0.81611,1.00,1.00
2018.03.26 11:29:49.167,0.81603,0.81611,1.00,1.00
2018.03.26 11:29:50.126,0.81602,0.81611,1.87,1.00
2018.03.26 11:29:50.445,0.81602,0.81611,4.12,1.00
2018.03.26 11:29:50.978,0.81604,0.81612,1.12,1.00
2018.03.26 11:29:51.286,0.81602,0.81611,1.00,1.50
2018.03.26 11:29:51.943,0.81601,0.81608,1.12,1.00
2018.03.26 11:29:52.098,0.81599,0.81608,1.12,1.00
2018.03.26 11:29:52.633,0.81598,0.81607,1.12,1.00
2018.03.26 11:29:53.159,0.81597,0.81607,1.00,1.12
2018.03.26 11:29:54.444,0.81597,0.81607,1.00,1.50
2018.03.26 11:29:56.260,0.81597,0.81607,1.00,4.12
2018.03.26 11:29:57.160,0.81599,0.81607,1.00,1.50
2018.03.26 11:30:02.222,0.81598,0.81607,1.12,1.00
2018.03.26 11:30:02.738,0.81599,0.81608,1.12,1.00
2018.03.26 11:30:03.328,0.81598,0.81608,1.50,1.50
2018.03.26 11:30:04.130,0.81598,0.81608,1.12,1.00
2018.03.26 11:30:04.811,0.81599,0.81608,1.00,1.12
2018.03.26 11:30:07.664,0.81598,0.81608,4.12,1.00
2018.03.26 11:30:08.310,0.816,0.81609,1.50,1.12
2018.03.26 11:30:08.727,0.816,0.81611,2.25,1.50
2018.03.26 11:30:08.830,0.81602,0.81612,1.50,1.87
2018.03.26 11:30:09.287,0.81603,0.81612,2.62,1.00
2018.03.26 11:30:09.390,0.81602,0.81613,3.00,1.12
2018.03.26 11:30:10.093,0.81602,0.81611,1.50,1.00
2018.03.26 11:30:10.614,0.816,0.8161,2.25,1.00
2018.03.26 11:30:12.611,0.81601,0.8161,3.37,1.00
2018.03.26 11:30:16.798,0.81601,0.8161,1.50,1.00
2018.03.26 11:30:17.003,0.81601,0.81612,3.00,1.50
2018.03.26 11:30:17.278,0.81603,0.81612,1.37,1.00
2018.03.26 11:30:18.113,0.81603,0.81613,5.25,1.50
2018.03.26 11:30:18.420,0.81607,0.81616,1.50,1.00
2018.03.26 11:30:18.962,0.81607,0.81615,1.50,1.00
2018.03.26 11:30:20.533,0.81607,0.81616,1.12,1.00
2018.03.26 11:30:21.037,0.81606,0.81616,1.50,1.00
2018.03.26 11:30:22.584,0.81607,0.81616,1.00,1.00
2018.03.26 11:30:23.130,0.81608,0.81617,1.00,1.00
2018.03.26 11:30:25.506,0.81608,0.81618,1.12,1.87
2018.03.26 11:30:25.815,0.8161,0.8162,4.12,1.00
2018.03.26 11:30:26.341,0.81611,0.81621,1.00,1.00
2018.03.26 11:30:26.716,0.81613,0.81621,1.00,1.00
2018.03.26 11:30:27.238,0.81613,0.81622,1.12,1.00
2018.03.26 11:30:30.328,0.81612,0.81622,1.50,1.50
2018.03.26 11:30:30.895,0.81612,0.81622,1.12,1.37
2018.03.26 11:30:34.741,0.81611,0.8162,2.62,1.00
2018.03.26 11:30:35.269,0.81611,0.81622,2.62,1.87
2018.03.26 11:30:35.656,0.81614,0.81623,1.00,1.50
2018.03.26 11:30:36.240,0.81614,0.81623,1.50,1.00
2018.03.26 11:30:40.040,0.81614,0.81622,2.25,1.00
2018.03.26 11:30:41.480,0.81613,0.81622,1.12,1.12
2018.03.26 11:30:41.655,0.81611,0.81621,1.87,1.00
2018.03.26 11:30:42.198,0.81611,0.81621,2.25,1.00
2018.03.26 11:30:43.303,0.81611,0.81621,1.12,1.00
2018.03.26 11:30:43.501,0.81611,0.81617,1.00,1.00
2018.03.26 11:30:43.704,0.81607,0.81616,1.00,1.00
2018.03.26 11:30:43.887,0.81605,0.81615,1.12,1.00
2018.03.26 11:30:44.515,0.81605,0.81611,1.00,1.12
2018.03.26 11:30:44.618,0.816,0.8161,1.12,1.50
2018.03.26 11:30:45.156,0.81598,0.81609,2.62,1.50
2018.03.26 11:30:45.673,0.81598,0.81608,2.62,1.00
2018.03.26 11:30:46.559,0.816,0.81608,1.00,1.00
2018.03.26 11:30:46.764,0.816,0.8161,1.50,1.50
2018.03.26 11:30:49.321,0.816,0.8161,1.12,1.50
2018.03.26 11:30:49.894,0.816,0.81609,1.12,1.00
2018.03.26 11:30:50.482,0.816,0.81609,1.50,1.00
2018.03.26 11:30:50.839,0.81601,0.8161,2.62,1.50
2018.03.26 11:30:50.891,0.816,0.8161,2.62,1.50
2018.03.26 11:30:51.029,0.81602,0.8161,2.62,1.00
2018.03.26 11:30:51.132,0.81601,0.81611,1.50,1.00
2018.03.26 11:30:52.166,0.81602,0.8161,1.00,1.00
2018.03.26 11:30:52.682,0.81601,0.8161,1.12,1.00
2018.03.26 11:30:53.685,0.816,0.81611,2.62,1.00
2018.03.26 11:30:53.840,0.81601,0.81609,1.12,1.00
2018.03.26 11:30:54.368,0.816,0.8161,1.37,1.12
2018.03.26 11:30:55.031,0.816,0.81608,1.87,1.00
2018.03.26 11:30:55.590,0.816,0.81608,1.12,1.00
2018.03.26 11:31:03.257,0.816,0.8161,2.25,1.00
2018.03.26 11:31:03.309,0.81602,0.81612,1.00,1.12
2018.03.26 11:31:03.360,0.81602,0.8161,1.00,1.00
2018.03.26 11:31:04.232,0.81602,0.81611,1.12,1.00
2018.03.26 11:31:04.936,0.81602,0.81611,1.00,1.37
2018.03.26 11:31:05.448,0.81603,0.81611,1.00,1.12
2018.03.26 11:31:07.461,0.81602,0.81611,1.00,1.12
2018.03.26 11:31:07.769,0.81603,0.81612,1.37,1.12
2018.03.26 11:31:07.964,0.81604,0.81615,2.62,1.50
2018.03.26 11:31:08.511,0.81605,0.81614,1.87,1.00
2018.03.26 11:31:08.664,0.81607,0.81615,1.00,1.00
2018.03.26 11:31:09.183,0.81606,0.81616,1.12,1.50
2018.03.26 11:31:09.907,0.81607,0.81617,1.00,1.50
2018.03.26 11:31:10.515,0.81608,0.81616,1.87,1.00
2018.03.26 11:31:10.843,0.81608,0.81618,1.12,1.87
2018.03.26 11:31:13.115,0.81608,0.81618,3.37,1.87
2018.03.26 11:31:14.052,0.81609,0.81618,1.00,1.50
2018.03.26 11:31:14.260,0.81609,0.8162,3.00,2.62
2018.03.26 11:31:14.819,0.8161,0.81619,1.50,1.00
2018.03.26 11:31:17.060,0.8161,0.81618,1.50,1.00
2018.03.26 11:31:18.493,0.8161,0.81619,1.00,1.00
2018.03.26 11:31:20.412,0.81609,0.81619,2.25,1.00
2018.03.26 11:31:21.614,0.81609,0.8162,2.25,1.87
2018.03.26 11:31:22.097,0.81609,0.81616,1.00,1.00
2018.03.26 11:31:22.199,0.81607,0.81615,1.00,1.00
2018.03.26 11:31:22.454,0.81609,0.81616,1.00,1.00
2018.03.26 11:31:22.986,0.81608,0.81616,1.12,1.00
2018.03.26 11:31:23.591,0.81607,0.81616,1.00,1.50
2018.03.26 11:31:24.178,0.81606,0.81615,1.87,1.00
2018.03.26 11:31:26.794,0.81606,0.81611,1.12,1.00
2018.03.26 11:31:26.899,0.81603,0.8161,1.37,1.00
2018.03.26 11:31:27.053,0.81602,0.81611,1.00,1.87
2018.03.26 11:31:27.157,0.81602,0.81609,1.50,1.00
2018.03.26 11:31:27.393,0.81597,0.81606,1.87,1.00
2018.03.26 11:31:27.930,0.81597,0.81606,1.37,1.87
2018.03.26 11:31:29.062,0.81596,0.81605,4.12,1.00
2018.03.26 11:31:29.215,0.81596,0.81605,1.00,1.00
2018.03.26 11:31:29.841,0.81596,0.81606,2.25,1.00
2018.03.26 11:31:30.084,0.81596,0.81604,1.50,1.00
2018.03.26 11:31:30.842,0.81594,0.81605,3.00,1.87
2018.03.26 11:31:33.174,0.81596,0.81604,1.12,1.00
2018.03.26 11:31:33.365,0.81596,0.81606,1.12,1.00
2018.03.26 11:31:33.417,0.81597,0.81606,1.37,1.00
2018.03.26 11:31:34.523,0.81595,0.81606,4.87,1.12
2018.03.26 11:31:34.574,0.81595,0.81606,1.87,1.50
2018.03.26 11:31:35.185,0.81594,0.81602,1.87,1.00
2018.03.26 11:31:35.727,0.81594,0.81602,2.25,1.00
2018.03.26 11:31:35.830,0.81594,0.81604,1.00,1.00
2018.03.26 11:31:36.472,0.81595,0.81604,1.00,1.12
2018.03.26 11:31:36.979,0.81594,0.81603,1.50,1.00
2018.03.26 11:31:38.806,0.81594,0.81603,1.12,1.37
2018.03.26 11:31:42.352,0.81594,0.81603,1.12,1.00
2018.03.26 11:31:42.658,0.81595,0.81605,1.37,1.12
2018.03.26 11:31:43.163,0.81596,0.81606,1.87,1.00
2018.03.26 11:31:43.624,0.81595,0.81603,1.00,1.00
2018.03.26 11:31:43.837,0.81593,0.81603,1.00,2.25
2018.03.26 11:31:44.350,0.81592,0.81602,1.87,1.87
2018.03.26 11:31:45.244,0.81592,0.81602,5.25,1.00
2018.03.26 11:31:45.746,0.81593,0.81602,3.37,1.00
2018.03.26 11:31:46.891,0.81593,0.81603,3.37,1.00
2018.03.26 11:31:47.067,0.81594,0.81605,1.50,1.50
2018.03.26 11:31:47.604,0.81596,0.81605,1.00,1.00
2018.03.26 11:31:47.981,0.81598,0.81607,1.00,1.12
2018.03.26 11:31:48.085,0.81599,0.81609,1.12,1.87
2018.03.26 11:31:48.609,0.81599,0.81608,2.25,1.00
2018.03.26 11:31:49.122,0.81598,0.81608,1.37,1.50
2018.03.26 11:31:49.530,0.81597,0.81608,1.87,1.50
2018.03.26 11:31:50.337,0.81597,0.81608,3.75,1.50
2018.03.26 11:31:50.837,0.81597,0.81608,1.87,1.50
2018.03.26 11:31:52.390,0.81597,0.81608,2.25,1.87
2018.03.26 11:31:52.583,0.81597,0.81608,4.12,1.87
2018.03.26 11:31:52.685,0.81597,0.81607,1.87,1.00
2018.03.26 11:31:53.636,0.81597,0.81608,1.87,1.50
2018.03.26 11:31:54.238,0.81597,0.81607,1.87,1.00
2018.03.26 11:31:54.840,0.81598,0.81606,1.00,1.00
2018.03.26 11:31:55.206,0.81596,0.81606,1.87,1.00
2018.03.26 11:31:55.520,0.81596,0.81603,1.00,1.00
2018.03.26 11:31:56.034,0.81595,0.81603,1.00,1.50
2018.03.26 11:31:56.137,0.81593,0.81603,2.25,1.12
2018.03.26 11:31:58.773,0.81593,0.81603,4.50,1.12
2018.03.26 11:31:59.299,0.81593,0.81603,2.62,1.00
2018.03.26 11:31:59.945,0.81594,0.81603,1.50,1.00
2018.03.26 11:32:00.470,0.81594,0.81605,1.87,1.50
2018.03.26 11:32:00.977,0.81596,0.81605,1.00,1.50
2018.03.26 11:32:01.640,0.81597,0.81606,1.00,1.12
2018.03.26 11:32:02.233,0.81596,0.81605,1.00,1.00
2018.03.26 11:32:03.820,0.81595,0.81605,1.50,3.37
2018.03.26 11:32:04.322,0.81596,0.81605,1.00,3.37
2018.03.26 11:32:05.512,0.81594,0.81603,1.50,1.12
2018.03.26 11:32:05.748,0.81593,0.81602,1.00,3.37
2018.03.26 11:32:06.620,0.81591,0.81601,1.00,1.50
2018.03.26 11:32:07.176,0.81592,0.816,1.00,1.00
2018.03.26 11:32:07.727,0.81592,0.81602,1.87,1.00
2018.03.26 11:32:07.778,0.81595,0.81602,1.00,1.00
2018.03.26 11:32:08.282,0.81594,0.81602,1.00,1.00
2018.03.26 11:32:10.065,0.81592,0.81602,1.87,1.12
2018.03.26 11:32:11.324,0.81593,0.81602,1.00,2.25
2018.03.26 11:32:11.375,0.81591,0.81602,1.12,2.25
2018.03.26 11:32:11.664,0.81593,0.816,1.00,1.00
2018.03.26 11:32:12.170,0.81593,0.81601,1.50,1.00
2018.03.26 11:32:12.273,0.81593,0.81603,1.50,1.12
2018.03.26 11:32:12.746,0.81593,0.81603,1.50,1.50
2018.03.26 11:32:13.770,0.81593,0.81603,1.50,1.12
2018.03.26 11:32:13.822,0.81595,0.81603,1.00,1.12
2018.03.26 11:32:14.868,0.81595,0.81604,1.12,1.87
2018.03.26 11:32:15.718,0.81595,0.81605,1.50,2.62
2018.03.26 11:32:17.169,0.81598,0.81608,1.50,4.87
2018.03.26 11:32:17.220,0.81599,0.81608,1.12,2.25
2018.03.26 11:32:17.722,0.81598,0.81607,1.50,1.00
2018.03.26 11:32:18.659,0.81598,0.81607,1.00,1.00
2018.03.26 11:32:20.431,0.81598,0.81606,1.00,1.00
2018.03.26 11:32:22.716,0.81596,0.81606,2.25,2.25
2018.03.26 11:32:22.865,0.81595,0.81605,1.00,1.12
2018.03.26 11:32:23.277,0.81595,0.81605,4.12,1.00
2018.03.26 11:32:23.329,0.81595,0.81604,1.12,1.12
2018.03.26 11:32:23.977,0.81596,0.81604,1.12,1.00
2018.03.26 11:32:24.678,0.81595,0.81604,1.12,1.00
2018.03.26 11:32:26.782,0.81595,0.81604,1.50,1.00
2018.03.26 11:32:28.385,0.81594,0.81604,2.25,1.00
2018.03.26 11:32:29.074,0.81594,0.81603,1.00,1.00
2018.03.26 11:32:31.500,0.81594,0.81605,1.00,3.75
2018.03.26 11:32:32.996,0.81594,0.81605,1.37,3.75
2018.03.26 11:32:33.101,0.81596,0.81606,1.00,3.00
2018.03.26 11:32:33.205,0.81595,0.81604,1.50,1.00
2018.03.26 11:32:33.417,0.81594,0.81604,1.00,1.87
2018.03.26 11:32:34.183,0.81593,0.81604,1.12,1.12
2018.03.26 11:32:34.579,0.81592,0.81603,2.25,2.25
2018.03.26 11:32:35.201,0.81592,0.81603,1.00,5.62
2018.03.26 11:32:35.801,0.81593,0.81603,1.12,3.00
2018.03.26 11:32:36.426,0.81594,0.81604,1.12,4.12
2018.03.26 11:32:36.478,0.81594,0.81604,1.12,1.87
2018.03.26 11:32:36.784,0.81596,0.81604,1.00,2.62
2018.03.26 11:32:37.330,0.81595,0.81603,1.00,1.87
2018.03.26 11:32:37.458,0.81593,0.81603,1.00,1.87
2018.03.26 11:32:37.745,0.81592,0.81598,2.62,1.00
2018.03.26 11:32:37.797,0.81584,0.8159,1.00,1.50
2018.03.26 11:32:37.851,0.81584,0.81588,1.00,2.47
2018.03.26 11:32:37.959,0.81571,0.81579,1.12,1.00
2018.03.26 11:32:38.166,0.81571,0.81581,1.50,1.00
2018.03.26 11:32:38.218,0.81574,0.81582,1.00,1.12
2018.03.26 11:32:38.321,0.81575,0.81585,1.00,1.00
2018.03.26 11:32:38.459,0.81573,0.81583,5.25,1.00
2018.03.26 11:32:38.562,0.81571,0.81582,1.50,1.87
2018.03.26 11:32:38.715,0.81571,0.8158,1.50,1.00
2018.03.26 11:32:39.279,0.81572,0.8158,1.12,1.12
2018.03.26 11:32:39.785,0.81572,0.81581,1.00,1.00
2018.03.26 11:32:40.172,0.81572,0.81581,1.00,3.37
2018.03.26 11:32:40.777,0.81571,0.81581,1.12,3.37
2018.03.26 11:32:41.284,0.81571,0.81581,1.12,1.12
2018.03.26 11:32:44.311,0.8157,0.81581,1.12,2.62
2018.03.26 11:32:44.855,0.8157,0.81579,1.00,1.00
2018.03.26 11:32:47.559,0.8157,0.81579,1.50,1.00
2018.03.26 11:32:48.340,0.81572,0.81579,1.00,1.00
2018.03.26 11:32:48.442,0.81574,0.81584,1.37,1.87
2018.03.26 11:32:49.092,0.81575,0.81584,1.00,1.00
2018.03.26 11:32:49.505,0.81573,0.81582,1.37,1.00
2018.03.26 11:32:50.082,0.81573,0.81582,1.12,1.00
2018.03.26 11:32:50.618,0.81571,0.81581,1.37,1.87
2018.03.26 11:32:51.403,0.8157,0.8158,2.25,1.00
2018.03.26 11:32:51.921,0.81572,0.81579,1.00,1.00
2018.03.26 11:32:59.856,0.8157,0.81579,1.12,1.00
2018.03.26 11:33:01.659,0.8157,0.81579,2.25,1.00
2018.03.26 11:33:01.953,0.81571,0.81579,2.62,1.00
2018.03.26 11:33:03.197,0.81571,0.8158,3.37,1.50
2018.03.26 11:33:04.043,0.81573,0.81581,1.00,1.87
2018.03.26 11:33:04.582,0.81572,0.81581,1.50,2.25
2018.03.26 11:33:06.372,0.81572,0.8158,1.00,1.00
2018.03.26 11:33:07.513,0.81574,0.81581,1.00,1.00
2018.03.26 11:33:08.023,0.81573,0.81581,1.87,1.00
2018.03.26 11:33:08.228,0.81574,0.81583,1.50,1.00
2018.03.26 11:33:08.523,0.81576,0.81585,1.00,2.25
2018.03.26 11:33:08.576,0.81577,0.81587,1.50,2.25
2018.03.26 11:33:09.096,0.81577,0.81586,1.00,1.00
2018.03.26 11:33:09.611,0.81576,0.81586,2.25,1.00
2018.03.26 11:33:10.150,0.81576,0.81585,1.50,1.00
2018.03.26 11:33:10.697,0.81575,0.81586,1.87,1.12
2018.03.26 11:33:12.087,0.81579,0.81586,1.00,2.62
2018.03.26 11:33:12.236,0.81582,0.81589,1.00,1.00
2018.03.26 11:33:12.596,0.8158,0.81589,1.50,1.00
2018.03.26 11:33:13.114,0.8158,0.8159,1.50,4.12
2018.03.26 11:33:13.281,0.8158,0.8159,1.50,1.87
2018.03.26 11:33:13.382,0.8158,0.8159,1.12,3.75
2018.03.26 11:33:13.886,0.81579,0.81588,1.00,1.50
2018.03.26 11:33:14.687,0.81579,0.81588,1.12,3.75
2018.03.26 11:33:15.047,0.81578,0.81585,1.00,1.00
2018.03.26 11:33:15.610,0.81578,0.81586,1.00,1.00
2018.03.26 11:33:16.116,0.81578,0.81587,1.00,1.87
2018.03.26 11:33:16.729,0.81577,0.81587,1.12,1.87
2018.03.26 11:33:17.301,0.81577,0.81587,1.50,4.12
2018.03.26 11:33:19.545,0.81576,0.81586,1.50,1.12
2018.03.26 11:33:20.047,0.81576,0.81586,1.50,1.00
2018.03.26 11:33:20.653,0.81576,0.81586,1.12,1.12
2018.03.26 11:33:21.527,0.81576,0.81587,4.12,1.87
2018.03.26 11:33:22.053,0.81577,0.81587,1.00,1.50
2018.03.26 11:33:22.606,0.81577,0.81587,1.50,1.12
2018.03.26 11:33:23.189,0.81577,0.81588,2.25,2.25
2018.03.26 11:33:23.730,0.81579,0.81589,1.87,1.00
2018.03.26 11:33:24.239,0.8158,0.81589,1.12,1.00
2018.03.26 11:33:24.758,0.81579,0.81589,2.62,1.00
2018.03.26 11:33:25.381,0.8158,0.8159,1.00,1.87
2018.03.26 11:33:26.172,0.81578,0.81588,1.12,1.00
2018.03.26 11:33:26.585,0.81577,0.81587,1.00,3.37
2018.03.26 11:33:27.183,0.81576,0.81586,1.00,3.00
2018.03.26 11:33:28.004,0.81576,0.81586,1.00,2.25
2018.03.26 11:33:29.911,0.81573,0.81583,1.50,1.87
2018.03.26 11:33:30.270,0.81571,0.81581,1.87,1.87
2018.03.26 11:33:30.797,0.8157,0.8158,2.25,1.00
2018.03.26 11:33:31.300,0.81571,0.81581,1.00,1.87
2018.03.26 11:33:32.162,0.81571,0.81581,1.00,1.37
2018.03.26 11:33:32.890,0.8157,0.8158,2.25,1.50
2018.03.26 11:33:33.339,0.81573,0.81581,1.00,1.00
2018.03.26 11:33:33.978,0.81572,0.81581,1.00,1.00
2018.03.26 11:33:34.507,0.8157,0.81581,2.25,1.12
2018.03.26 11:33:35.189,0.81569,0.81579,4.50,1.00
2018.03.26 11:33:35.252,0.81569,0.81579,2.62,1.00
2018.03.26 11:33:35.789,0.8157,0.8158,1.00,1.87
2018.03.26 11:33:36.332,0.81569,0.8158,1.12,1.12
2018.03.26 11:33:36.922,0.81569,0.81579,1.12,1.00
2018.03.26 11:33:37.471,0.8157,0.8158,1.00,1.12
2018.03.26 11:33:38.025,0.8157,0.81579,1.00,1.00
2018.03.26 11:33:38.891,0.81569,0.81579,1.12,1.00
2018.03.26 11:33:40.157,0.81568,0.81577,1.50,1.00
2018.03.26 11:33:40.464,0.81567,0.81575,1.12,1.12
2018.03.26 11:33:41.700,0.81568,0.81576,1.00,1.00
2018.03.26 11:33:42.229,0.81567,0.81577,2.25,1.00
2018.03.26 11:33:42.887,0.81568,0.81579,1.12,2.25
2018.03.26 11:33:43.262,0.8157,0.81578,1.00,1.00
2018.03.26 11:33:44.727,0.81569,0.81579,1.00,1.12
2018.03.26 11:33:46.251,0.81569,0.81579,1.00,1.50
2018.03.26 11:33:46.784,0.81568,0.81578,1.00,1.87
2018.03.26 11:33:47.110,0.81568,0.81576,1.00,1.00
2018.03.26 11:33:50.827,0.81568,0.81578,1.00,2.25
2018.03.26 11:33:51.188,0.81569,0.81576,1.00,1.50
2018.03.26 11:33:51.342,0.81568,0.81578,1.37,2.62
2018.03.26 11:33:51.565,0.81566,0.81576,2.62,1.50
2018.03.26 11:33:52.079,0.81568,0.81577,1.00,1.87
2018.03.26 11:33:52.612,0.81568,0.81578,1.00,1.50
2018.03.26 11:33:53.122,0.81568,0.81578,1.50,1.50
2018.03.26 11:33:54.068,0.81568,0.81578,1.50,1.50
2018.03.26 11:33:54.988,0.81569,0.81579,1.12,1.12
2018.03.26 11:33:55.307,0.81569,0.81579,1.12,4.12
2018.03.26 11:33:55.995,0.8157,0.81581,1.00,2.25
2018.03.26 11:33:56.148,0.81572,0.81582,1.00,1.50
2018.03.26 11:33:56.574,0.81574,0.81584,1.00,2.25
2018.03.26 11:33:57.122,0.81574,0.81584,1.50,1.87
2018.03.26 11:33:57.275,0.81576,0.81586,1.00,1.87
2018.03.26 11:33:57.817,0.81576,0.81586,1.87,1.12
2018.03.26 11:33:57.971,0.81575,0.81585,1.12,1.12
2018.03.26 11:33:58.678,0.81576,0.81586,2.62,1.12
2018.03.26 11:33:59.218,0.81577,0.81586,1.00,1.00
2018.03.26 11:33:59.996,0.81577,0.81587,1.50,2.25
2018.03.26 11:34:01.334,0.81578,0.81588,2.25,1.87
2018.03.26 11:34:01.909,0.81578,0.81588,1.87,2.62
2018.03.26 11:34:02.437,0.81579,0.81588,1.50,1.00
2018.03.26 11:34:02.951,0.81579,0.81588,1.12,1.00
2018.03.26 11:34:03.321,0.81581,0.81591,1.00,1.12
2018.03.26 11:34:03.779,0.81582,0.81591,1.50,1.12
2018.03.26 11:34:04.341,0.81581,0.81591,1.50,1.12
2018.03.26 11:34:05.622,0.81581,0.81589,1.12,1.00
2018.03.26 11:34:05.975,0.81578,0.81586,1.87,1.00
2018.03.26 11:34:06.560,0.81576,0.81585,1.87,1.12
2018.03.26 11:34:06.817,0.81574,0.81584,2.62,1.00
2018.03.26 11:34:06.970,0.81576,0.81584,1.00,1.00
2018.03.26 11:34:07.898,0.81576,0.81584,1.00,2.25
2018.03.26 11:34:08.628,0.81574,0.81584,1.50,1.50
2018.03.26 11:34:09.510,0.81573,0.81583,2.25,1.00
2018.03.26 11:34:09.880,0.81575,0.81585,1.12,1.50
2018.03.26 11:34:10.398,0.81576,0.81586,1.50,1.50
2018.03.26 11:34:14.001,0.81576,0.81586,1.12,1.37
2018.03.26 11:34:15.577,0.81576,0.81586,1.12,1.00
2018.03.26 11:34:16.826,0.81577,0.81587,1.12,1.12
2018.03.26 11:34:17.544,0.81577,0.81587,1.50,1.12
2018.03.26 11:34:18.104,0.81579,0.81589,1.12,3.00
2018.03.26 11:34:18.335,0.81582,0.8159,1.00,1.50
2018.03.26 11:34:18.542,0.81584,0.81594,1.00,1.50
2018.03.26 11:34:19.078,0.81585,0.81594,1.00,1.50
2018.03.26 11:34:20.435,0.81584,0.81594,1.87,1.12
2018.03.26 11:34:20.965,0.81584,0.81594,2.25,1.00
2018.03.26 11:34:21.476,0.81584,0.81594,1.00,1.12
2018.03.26 11:34:21.936,0.81583,0.81592,1.50,1.00
2018.03.26 11:34:22.242,0.81582,0.81592,1.00,3.37
2018.03.26 11:34:22.344,0.81582,0.81592,1.00,1.12
2018.03.26 11:34:22.503,0.81584,0.81592,1.00,1.12
2018.03.26 11:34:25.321,0.81582,0.81592,1.50,1.12
2018.03.26 11:34:25.897,0.81581,0.81591,3.37,1.00
2018.03.26 11:34:28.131,0.81582,0.81592,1.12,1.12
2018.03.26 11:34:30.545,0.81583,0.81591,1.00,1.00
2018.03.26 11:34:33.970,0.81581,0.8159,1.87,1.00
2018.03.26 11:34:34.175,0.81582,0.81592,1.00,1.87
2018.03.26 11:34:34.702,0.81582,0.81592,1.50,1.00
2018.03.26 11:34:35.206,0.81582,0.81592,4.12,1.00
2018.03.26 11:34:35.752,0.81582,0.81592,1.50,1.00
2018.03.26 11:34:38.951,0.81584,0.81594,1.00,2.25
2018.03.26 11:34:39.209,0.81585,0.81594,3.75,1.00
2018.03.26 11:34:39.728,0.81586,0.81594,1.12,1.00
2018.03.26 11:34:40.449,0.81585,0.81594,4.50,1.00
2018.03.26 11:34:40.960,0.81586,0.81594,1.12,1.00
2018.03.26 11:34:41.542,0.81587,0.81595,1.00,1.00
2018.03.26 11:34:41.645,0.81588,0.81597,1.12,1.12
2018.03.26 11:34:41.747,0.81589,0.81599,1.12,1.12
2018.03.26 11:34:42.076,0.81589,0.81597,1.12,1.00
2018.03.26 11:34:42.582,0.81587,0.81597,2.62,1.00
2018.03.26 11:34:43.607,0.81587,0.81597,1.12,1.12
2018.03.26 11:34:44.285,0.81586,0.81596,1.87,1.00
2018.03.26 11:34:44.843,0.81587,0.81597,1.37,1.12
2018.03.26 11:34:45.336,0.81589,0.81599,4.12,1.00
2018.03.26 11:34:45.854,0.8159,0.81599,3.00,1.50
2018.03.26 11:34:46.481,0.8159,0.81599,1.00,1.50
2018.03.26 11:34:46.808,0.8159,0.81599,2.62,1.50
2018.03.26 11:34:49.348,0.8159,0.81596,1.12,1.00
2018.03.26 11:34:49.400,0.81586,0.81596,1.12,1.00
2018.03.26 11:34:49.452,0.81586,0.81593,1.12,1.00
2018.03.26 11:34:49.606,0.81584,0.81593,1.00,2.25
2018.03.26 11:34:49.812,0.81581,0.81591,1.87,1.00
2018.03.26 11:34:49.863,0.8158,0.81587,3.37,1.50
2018.03.26 11:34:49.915,0.81577,0.81587,4.12,1.00
2018.03.26 11:34:49.967,0.81576,0.81586,4.12,1.12
2018.03.26 11:34:50.070,0.81576,0.81584,1.00,1.00
2018.03.26 11:34:50.829,0.81574,0.81584,2.62,1.00
2018.03.26 11:34:51.369,0.81573,0.81583,2.25,1.00
2018.03.26 11:34:52.444,0.81573,0.81582,1.50,1.00
2018.03.26 11:34:53.866,0.81573,0.81583,1.37,1.00
2018.03.26 11:34:54.576,0.81574,0.81583,1.37,1.00
2018.03.26 11:34:55.114,0.81574,0.81584,4.50,1.00
2018.03.26 11:34:55.648,0.81576,0.81584,1.50,1.00
2018.03.26 11:34:56.181,0.81575,0.81585,5.25,1.12
2018.03.26 11:34:56.914,0.81575,0.81586,2.25,1.87
2018.03.26 11:34:57.530,0.81576,0.81586,1.12,1.87
2018.03.26 11:34:58.091,0.81576,0.81586,1.12,1.12
2018.03.26 11:34:58.646,0.81576,0.81586,1.50,1.00
2018.03.26 11:35:00.087,0.81577,0.81587,1.12,1.12
2018.03.26 11:35:00.593,0.81578,0.81586,1.00,1.00
2018.03.26 11:35:01.222,0.81576,0.81587,2.25,2.62
2018.03.26 11:35:01.728,0.81577,0.81586,1.00,1.50
2018.03.26 11:35:03.284,0.81576,0.81586,1.00,1.87
2018.03.26 11:35:03.787,0.81577,0.81585,1.12,1.00
2018.03.26 11:35:04.724,0.81576,0.81585,2.62,1.00
2018.03.26 11:35:04.827,0.81575,0.81586,2.62,2.25
2018.03.26 11:35:06.982,0.81576,0.81586,2.25,1.50
2018.03.26 11:35:07.862,0.81576,0.81586,1.87,1.87
2018.03.26 11:35:10.541,0.81576,0.81585,1.87,1.00
2018.03.26 11:35:11.869,0.81577,0.81585,1.00,1.00
2018.03.26 11:35:14.882,0.81577,0.81587,1.50,1.87
2018.03.26 11:35:15.571,0.81576,0.81586,2.25,1.00
2018.03.26 11:35:17.984,0.81576,0.81586,2.62,1.12
2018.03.26 11:35:18.638,0.81575,0.81586,3.37,1.50
2018.03.26 11:35:18.690,0.81576,0.81584,1.00,1.00
2018.03.26 11:35:19.233,0.81574,0.81584,2.62,1.00
2018.03.26 11:35:19.897,0.81573,0.81583,1.00,1.87
2018.03.26 11:35:20.413,0.81572,0.81582,1.12,1.00
2018.03.26 11:35:20.928,0.81573,0.81582,1.12,1.00
2018.03.26 11:35:21.994,0.81572,0.81582,1.87,1.50
2018.03.26 11:35:22.338,0.81573,0.81582,1.50,1.00
2018.03.26 11:35:22.806,0.81573,0.81584,1.87,1.87
2018.03.26 11:35:24.198,0.81574,0.81584,1.50,1.87
2018.03.26 11:35:24.614,0.81576,0.81586,3.75,1.12
2018.03.26 11:35:25.270,0.81576,0.81586,1.50,1.87
2018.03.26 11:35:25.844,0.81576,0.81586,1.50,1.12
2018.03.26 11:35:26.157,0.81575,0.81584,1.87,1.00
2018.03.26 11:35:26.677,0.81575,0.81583,1.00,1.00
2018.03.26 11:35:28.187,0.81572,0.81582,5.25,1.00
2018.03.26 11:35:28.239,0.81572,0.81582,3.37,1.00
2018.03.26 11:35:28.532,0.81571,0.8158,1.50,1.00
2018.03.26 11:35:29.052,0.8157,0.81579,1.87,1.00
2018.03.26 11:35:31.098,0.8157,0.81579,1.87,1.00
2018.03.26 11:35:32.533,0.81571,0.81579,1.00,1.00
2018.03.26 11:35:33.418,0.81571,0.81579,1.37,1.00
2018.03.26 11:35:33.697,0.8157,0.81579,1.50,1.00
2018.03.26 11:35:34.223,0.81571,0.81579,1.00,1.00
2018.03.26 11:35:34.767,0.8157,0.81579,1.50,1.00
2018.03.26 11:35:35.052,0.8157,0.81579,3.75,1.00
2018.03.26 11:35:36.012,0.8157,0.81579,2.25,1.12
2018.03.26 11:35:36.826,0.8157,0.8158,1.87,1.50
2018.03.26 11:35:41.132,0.81571,0.8158,1.50,1.00
2018.03.26 11:35:54.141,0.81571,0.8158,1.50,1.00
2018.03.26 11:35:55.241,0.8157,0.81578,2.25,1.00
2018.03.26 11:35:55.742,0.8157,0.81578,3.37,1.00
2018.03.26 11:35:57.444,0.8157,0.81578,1.12,1.00
2018.03.26 11:35:57.992,0.8157,0.81578,1.37,1.00
2018.03.26 11:36:00.767,0.81567,0.81576,4.12,1.00
2018.03.26 11:36:00.820,0.81565,0.81575,3.00,1.00
2018.03.26 11:36:00.974,0.81565,0.81573,1.37,1.00
2018.03.26 11:36:01.482,0.81565,0.81572,1.50,1.00
2018.03.26 11:36:02.009,0.81564,0.81572,1.12,1.00
2018.03.26 11:36:02.634,0.81564,0.81571,1.00,1.00
2018.03.26 11:36:03.161,0.81562,0.81571,2.25,1.00
2018.03.26 11:36:03.684,0.81561,0.81569,1.12,1.00
2018.03.26 11:36:03.735,0.81561,0.81571,1.50,2.25
2018.03.26 11:36:03.839,0.81561,0.81571,4.12,2.25
2018.03.26 11:36:03.941,0.8156,0.81571,1.50,1.50
2018.03.26 11:36:04.988,0.81562,0.81572,1.00,1.87
2018.03.26 11:36:05.680,0.81562,0.81571,1.00,1.00
2018.03.26 11:36:06.196,0.81562,0.81572,1.00,1.87
2018.03.26 11:36:06.501,0.8156,0.8157,1.50,1.50
2018.03.26 11:36:07.032,0.8156,0.8157,1.37,2.62
2018.03.26 11:36:07.710,0.8156,0.8157,1.00,1.87
2018.03.26 11:36:09.197,0.8156,0.8157,1.50,1.50
2018.03.26 11:36:10.012,0.8156,0.8157,1.50,2.25
2018.03.26 11:36:10.677,0.81561,0.81568,1.00,1.00
2018.03.26 11:36:11.206,0.8156,0.81568,1.12,1.00
2018.03.26 11:36:11.725,0.81559,0.81567,1.00,1.00
2018.03.26 11:36:11.997,0.81557,0.81567,1.12,1.12
2018.03.26 11:36:15.571,0.81557,0.81567,1.37,1.00
2018.03.26 11:36:16.256,0.8156,0.81566,1.00,1.00
2018.03.26 11:36:16.427,0.81558,0.81567,1.00,1.00
2018.03.26 11:36:17.020,0.81557,0.81566,1.50,1.00
2018.03.26 11:36:18.456,0.81556,0.81566,1.50,2.25
2018.03.26 11:36:18.508,0.81555,0.81564,3.37,1.00
2018.03.26 11:36:18.560,0.81553,0.81564,4.87,1.00
2018.03.26 11:36:18.765,0.81553,0.81563,1.00,2.25
2018.03.26 11:36:19.288,0.81553,0.81562,1.00,1.00
2018.03.26 11:36:19.969,0.81553,0.81561,1.50,1.00
2018.03.26 11:36:22.010,0.81551,0.8156,2.62,1.50
2018.03.26 11:36:22.162,0.81547,0.81558,1.50,2.25
2018.03.26 11:36:22.316,0.81547,0.81556,1.12,1.37
2018.03.26 11:36:22.996,0.81547,0.81556,1.00,1.12
2018.03.26 11:36:23.892,0.81549,0.81557,1.00,1.12
2018.03.26 11:36:24.408,0.81548,0.81558,1.12,2.25
2018.03.26 11:36:24.933,0.81549,0.81558,1.12,1.50
2018.03.26 11:36:25.681,0.81547,0.81558,2.25,2.25
2018.03.26 11:36:26.219,0.81547,0.81556,1.00,1.00
2018.03.26 11:36:27.012,0.81547,0.81556,1.00,1.37
2018.03.26 11:36:28.032,0.81546,0.81556,1.00,1.87
2018.03.26 11:36:28.397,0.81549,0.81557,1.00,3.75
2018.03.26 11:36:28.603,0.81549,0.81559,1.00,1.50
2018.03.26 11:36:28.993,0.81551,0.81558,1.00,1.00
2018.03.26 11:36:29.154,0.81548,0.81558,1.50,1.00
2018.03.26 11:36:29.206,0.81548,0.81556,1.50,1.00
2018.03.26 11:36:29.310,0.81546,0.81556,1.12,1.00
2018.03.26 11:36:29.619,0.81548,0.81556,1.00,1.00
2018.03.26 11:36:30.161,0.81548,0.81558,1.12,1.00
2018.03.26 11:36:30.417,0.81549,0.8156,1.12,2.25
2018.03.26 11:36:30.844,0.81549,0.8156,3.37,1.12
2018.03.26 11:36:31.372,0.81551,0.81559,1.12,1.00
2018.03.26 11:36:31.424,0.81551,0.81562,1.50,2.62
2018.03.26 11:36:31.529,0.81554,0.81563,1.00,1.50
2018.03.26 11:36:31.909,0.81556,0.81564,1.00,1.12
2018.03.26 11:36:32.488,0.81555,0.81565,1.50,2.25
2018.03.26 11:36:32.795,0.81553,0.81563,1.00,4.12
2018.03.26 11:36:33.129,0.81551,0.81561,1.50,1.12
2018.03.26 11:36:33.283,0.81552,0.81561,1.00,3.00
2018.03.26 11:36:33.385,0.81552,0.81561,1.00,1.00
2018.03.26 11:36:33.940,0.81551,0.81561,1.50,2.62
2018.03.26 11:36:34.341,0.81552,0.81561,1.00,2.62
2018.03.26 11:36:34.393,0.81552,0.81562,1.00,2.62
2018.03.26 11:36:36.582,0.81552,0.81561,1.00,1.00
2018.03.26 11:36:36.786,0.81552,0.81563,1.12,1.87
2018.03.26 11:36:37.117,0.81554,0.81563,1.00,1.12
2018.03.26 11:36:37.476,0.81554,0.81563,1.00,2.62
2018.03.26 11:36:37.629,0.81554,0.81564,1.00,2.62
2018.03.26 11:36:37.681,0.81558,0.81565,1.00,2.62
2018.03.26 11:36:37.735,0.81558,0.81566,1.00,1.12
2018.03.26 11:36:38.209,0.81559,0.81569,1.87,2.62
2018.03.26 11:36:38.312,0.81561,0.81569,1.00,1.50
2018.03.26 11:36:38.415,0.81559,0.8157,1.87,1.87
2018.03.26 11:36:38.468,0.81561,0.8157,1.00,1.50
2018.03.26 11:36:39.014,0.81562,0.8157,1.50,1.12
2018.03.26 11:36:41.828,0.81562,0.81569,1.00,1.00
2018.03.26 11:36:41.880,0.81559,0.81569,1.87,2.25
2018.03.26 11:36:42.501,0.8156,0.81568,1.00,1.12
2018.03.26 11:36:42.856,0.81558,0.81568,1.00,2.25
2018.03.26 11:36:43.365,0.81557,0.81567,1.00,1.12
2018.03.26 11:36:44.982,0.81557,0.81567,1.50,1.00
2018.03.26 11:36:45.494,0.81559,0.81567,1.00,1.00
2018.03.26 11:36:49.513,0.81559,0.81567,1.50,1.00
2018.03.26 11:36:50.038,0.81559,0.81567,1.12,1.00
2018.03.26 11:36:50.696,0.8156,0.81568,1.12,1.50
2018.03.26 11:36:51.227,0.8156,0.81569,1.50,1.50
2018.03.26 11:36:52.486,0.8156,0.8157,3.37,1.50
2018.03.26 11:36:53.037,0.8156,0.8157,2.25,1.50
2018.03.26 11:36:54.138,0.81561,0.8157,2.62,1.50
2018.03.26 11:36:56.352,0.81561,0.81569,1.50,1.00
2018.03.26 11:36:56.455,0.81561,0.81571,1.50,1.50
2018.03.26 11:36:56.752,0.81564,0.81573,1.50,1.00
2018.03.26 11:36:57.263,0.81564,0.81572,1.50,1.00
2018.03.26 11:36:57.688,0.81564,0.81574,1.50,1.00
2018.03.26 11:36:59.156,0.81565,0.81573,1.12,1.00
2018.03.26 11:36:59.519,0.81565,0.81575,1.12,3.75
2018.03.26 11:37:00.249,0.81566,0.81575,1.00,1.12
2018.03.26 11:37:00.301,0.81569,0.81576,1.00,1.12
2018.03.26 11:37:00.457,0.81571,0.81581,2.62,1.12
2018.03.26 11:37:01.017,0.81572,0.81581,3.37,1.00
2018.03.26 11:37:01.863,0.81571,0.81579,2.62,1.00
2018.03.26 11:37:01.965,0.81569,0.81579,4.12,1.00
2018.03.26 11:37:02.401,0.8157,0.81577,2.62,1.00
2018.03.26 11:37:02.505,0.81568,0.81577,1.50,1.00
2018.03.26 11:37:03.021,0.81568,0.81576,1.00,1.00
2018.03.26 11:37:04.115,0.81567,0.81575,1.12,1.00
2018.03.26 11:37:04.956,0.81566,0.81577,2.25,2.25
2018.03.26 11:37:05.477,0.81565,0.81575,1.50,1.00
2018.03.26 11:37:06.593,0.81567,0.81576,1.00,1.87
2018.03.26 11:37:06.747,0.81568,0.81577,1.50,1.00
2018.03.26 11:37:07.417,0.81568,0.81578,1.37,1.00
2018.03.26 11:37:08.705,0.8157,0.81579,1.00,1.50
2018.03.26 11:37:09.291,0.8157,0.8158,3.37,1.12
2018.03.26 11:37:09.343,0.8157,0.8158,1.50,1.12
2018.03.26 11:37:11.057,0.81571,0.81581,2.62,1.50
2018.03.26 11:37:12.428,0.81573,0.81581,1.37,1.00
2018.03.26 11:37:12.632,0.81572,0.81581,1.00,1.00
2018.03.26 11:37:14.161,0.81572,0.81582,1.50,1.00
2018.03.26 11:37:14.366,0.81573,0.81583,4.12,1.00
2018.03.26 11:37:14.872,0.81573,0.81582,1.12,1.00
2018.03.26 11:37:15.400,0.81573,0.81583,1.12,1.00
2018.03.26 11:37:17.173,0.81572,0.81582,1.12,1.00
2018.03.26 11:37:17.225,0.81572,0.8158,1.87,1.00
2018.03.26 11:37:22.304,0.8157,0.81581,4.12,1.12
2018.03.26 11:37:23.437,0.81571,0.81581,4.12,1.00
2018.03.26 11:37:27.743,0.81571,0.81582,4.87,1.00
2018.03.26 11:37:28.330,0.81571,0.81581,2.25,1.00
2018.03.26 11:37:30.821,0.81572,0.81582,1.50,1.00
2018.03.26 11:37:31.292,0.81573,0.81582,2.62,1.00
2018.03.26 11:37:32.937,0.81571,0.81581,4.12,1.00
2018.03.26 11:37:32.988,0.81571,0.81579,1.50,1.00
2018.03.26 11:37:33.631,0.81571,0.8158,3.37,1.00
2018.03.26 11:37:35.331,0.81571,0.81581,4.12,1.12
2018.03.26 11:37:36.305,0.81572,0.81581,1.00,1.12
2018.03.26 11:37:36.958,0.81572,0.8158,1.00,1.00
2018.03.26 11:37:37.643,0.81573,0.81581,1.00,1.00
2018.03.26 11:37:38.279,0.81573,0.81582,1.00,1.00
2018.03.26 11:37:39.016,0.81572,0.81582,1.12,1.00
2018.03.26 11:37:39.671,0.81571,0.81581,2.25,1.00
2018.03.26 11:37:40.806,0.81571,0.8158,2.25,1.00
2018.03.26 11:37:43.358,0.81572,0.81581,1.50,1.00
2018.03.26 11:37:44.012,0.81573,0.81581,3.37,1.00
2018.03.26 11:37:44.682,0.81574,0.81584,1.50,1.00
2018.03.26 11:37:46.314,0.81576,0.81586,1.50,1.00
2018.03.26 11:37:46.622,0.81577,0.81587,4.12,1.00
2018.03.26 11:37:47.689,0.81577,0.81587,2.25,1.00
2018.03.26 11:37:52.364,0.81577,0.81588,2.25,1.12
2018.03.26 11:37:52.667,0.81578,0.81586,1.12,1.00
2018.03.26 11:37:53.513,0.81577,0.81585,1.12,1.00
2018.03.26 11:37:54.057,0.81576,0.81584,1.12,1.00
2018.03.26 11:37:54.741,0.81575,0.81584,2.62,1.00
2018.03.26 11:37:55.162,0.81574,0.81584,2.25,1.00
2018.03.26 11:37:55.677,0.81573,0.81583,1.50,1.00
2018.03.26 11:37:56.184,0.81572,0.81582,2.25,1.00
2018.03.26 11:37:57.713,0.81572,0.81581,2.25,1.00
2018.03.26 11:37:58.247,0.81572,0.81582,2.25,1.00
2018.03.26 11:38:00.692,0.81573,0.81582,3.37,1.00
2018.03.26 11:38:01.108,0.81573,0.81582,1.12,1.00
2018.03.26 11:38:01.620,0.81573,0.81581,1.12,1.50
2018.03.26 11:38:05.446,0.81571,0.8158,1.50,1.00
2018.03.26 11:38:05.580,0.81569,0.81579,1.50,1.00
2018.03.26 11:38:06.336,0.81569,0.8158,2.25,1.50
2018.03.26 11:38:06.872,0.81569,0.81578,1.00,1.00
2018.03.26 11:38:08.187,0.8157,0.81578,1.12,1.12
2018.03.26 11:38:10.602,0.81569,0.8158,1.12,3.00
2018.03.26 11:38:10.910,0.81571,0.81579,1.12,1.00
2018.03.26 11:38:11.427,0.81569,0.81579,2.25,1.00
2018.03.26 11:38:12.038,0.81569,0.81579,2.25,1.37
2018.03.26 11:38:12.700,0.81569,0.81578,1.12,1.00
2018.03.26 11:38:13.236,0.81569,0.81579,1.87,1.12
2018.03.26 11:38:15.011,0.81568,0.81578,1.12,1.12
2018.03.26 11:38:15.899,0.81569,0.81578,1.00,1.50
2018.03.26 11:38:20.299,0.81568,0.81578,1.00,1.87
2018.03.26 11:38:20.351,0.81568,0.81576,1.00,1.00
2018.03.26 11:38:20.402,0.81569,0.81578,1.00,1.00
2018.03.26 11:38:20.936,0.81568,0.81577,1.12,1.00
2018.03.26 11:38:24.811,0.81569,0.81577,1.50,1.00
2018.03.26 11:38:27.143,0.81569,0.81579,1.37,1.50
2018.03.26 11:38:27.938,0.81568,0.81578,1.50,1.00
2018.03.26 11:38:29.712,0.81569,0.81579,1.87,1.00
2018.03.26 11:38:29.815,0.81572,0.81582,1.50,1.12
2018.03.26 11:38:29.979,0.81573,0.81582,1.50,1.00
2018.03.26 11:38:30.504,0.81573,0.81583,1.12,1.00
2018.03.26 11:38:31.065,0.81573,0.81583,1.50,1.00
2018.03.26 11:38:31.665,0.81573,0.81583,3.00,1.00
2018.03.26 11:38:31.995,0.81575,0.81584,1.00,1.00
2018.03.26 11:38:33.382,0.81574,0.81584,1.87,1.12
2018.03.26 11:38:34.806,0.81573,0.81583,1.87,1.37
2018.03.26 11:38:35.053,0.81576,0.81585,1.00,1.87
2018.03.26 11:38:35.156,0.81578,0.81587,1.00,1.00
2018.03.26 11:38:35.462,0.81578,0.81588,4.12,1.00
2018.03.26 11:38:36.881,0.81581,0.81589,1.00,1.00
2018.03.26 11:38:37.188,0.81583,0.81592,1.87,1.00
2018.03.26 11:38:37.741,0.81583,0.81593,3.00,1.00
2018.03.26 11:38:39.837,0.81584,0.81594,1.87,1.00
2018.03.26 11:38:39.991,0.81584,0.81594,4.12,1.12
2018.03.26 11:38:40.094,0.81584,0.81594,2.25,1.00
2018.03.26 11:38:45.122,0.81585,0.81592,1.00,1.00
2018.03.26 11:38:45.277,0.81583,0.81592,2.62,1.00
2018.03.26 11:38:45.806,0.81583,0.81593,3.37,1.00
2018.03.26 11:38:49.454,0.81584,0.81593,1.00,1.00
2018.03.26 11:38:50.135,0.81585,0.81594,1.12,1.00
2018.03.26 11:38:50.238,0.81586,0.81596,1.00,1.50
2018.03.26 11:38:50.840,0.81586,0.81596,2.25,1.00
2018.03.26 11:38:53.999,0.81586,0.81594,2.25,1.00
2018.03.26 11:38:54.720,0.81586,0.81594,1.50,1.00
2018.03.26 11:38:58.870,0.81587,0.81597,1.12,1.87
2018.03.26 11:38:58.980,0.81589,0.81598,1.75,1.00
2018.03.26 11:38:59.258,0.81587,0.81597,1.50,1.00
2018.03.26 11:38:59.632,0.81587,0.81595,1.00,1.00
2018.03.26 11:39:00.126,0.81587,0.81597,2.62,1.00
2018.03.26 11:39:00.269,0.81589,0.81599,1.00,1.87
2018.03.26 11:39:00.778,0.8159,0.81598,1.00,1.00
2018.03.26 11:39:01.368,0.81589,0.81599,1.50,1.12
2018.03.26 11:39:02.234,0.81589,0.81597,1.00,1.00
2018.03.26 11:39:03.104,0.81589,0.81599,1.00,1.12
2018.03.26 11:39:04.630,0.81589,0.81598,1.00,1.00
2018.03.26 11:39:05.061,0.81589,0.81599,4.12,1.12
2018.03.26 11:39:05.163,0.81589,0.81599,1.87,1.00
2018.03.26 11:39:07.182,0.81589,0.81599,1.50,1.00
2018.03.26 11:39:10.183,0.81589,0.81598,1.50,1.00
2018.03.26 11:39:10.855,0.81588,0.81598,3.00,1.00
2018.03.26 11:39:12.216,0.81589,0.81599,1.12,1.12
2018.03.26 11:39:15.171,0.8159,0.816,1.87,1.87
2018.03.26 11:39:15.274,0.81591,0.816,1.50,1.00
2018.03.26 11:39:16.397,0.81591,0.81601,2.25,1.00
2018.03.26 11:39:16.909,0.81591,0.816,1.87,1.00
2018.03.26 11:39:17.551,0.81591,0.81599,1.12,1.00
2018.03.26 11:39:18.297,0.8159,0.81599,1.87,1.00
2018.03.26 11:39:18.802,0.8159,0.81599,1.50,1.00
2018.03.26 11:39:22.483,0.81592,0.81602,1.87,1.37
2018.03.26 11:39:22.792,0.81596,0.81603,1.00,1.00
2018.03.26 11:39:22.843,0.81596,0.81605,1.00,1.87
2018.03.26 11:39:23.355,0.81596,0.81605,1.87,1.00
2018.03.26 11:39:23.989,0.81595,0.81604,1.50,1.00
2018.03.26 11:39:24.519,0.81593,0.81603,2.62,1.50
2018.03.26 11:39:24.639,0.81594,0.81601,1.12,1.00
2018.03.26 11:39:25.162,0.81593,0.816,1.37,1.00
2018.03.26 11:39:26.078,0.81591,0.81598,2.25,1.00
2018.03.26 11:39:26.359,0.81585,0.81593,1.50,1.00
2018.03.26 11:39:26.410,0.81584,0.81591,3.37,1.00
2018.03.26 11:39:26.461,0.81582,0.81591,4.12,1.00
2018.03.26 11:39:26.563,0.81584,0.81592,2.62,1.00
2018.03.26 11:39:27.082,0.81584,0.81593,4.12,1.00
2018.03.26 11:39:27.401,0.81579,0.81588,4.87,1.00
2018.03.26 11:39:27.453,0.81581,0.8159,2.62,1.50
2018.03.26 11:39:27.506,0.81584,0.81592,1.00,1.00
2018.03.26 11:39:27.817,0.81585,0.81593,1.50,1.00
2018.03.26 11:39:28.427,0.81585,0.81593,3.37,1.00
2018.03.26 11:39:29.019,0.81584,0.81593,4.12,1.00
2018.03.26 11:39:29.543,0.81587,0.81594,1.00,1.00
2018.03.26 11:39:30.068,0.81585,0.81594,1.50,1.00
2018.03.26 11:39:31.859,0.81585,0.81595,2.25,1.00
2018.03.26 11:39:34.187,0.81585,0.81594,1.50,1.00
2018.03.26 11:39:34.725,0.81585,0.81594,1.12,1.50
2018.03.26 11:39:35.571,0.81585,0.81594,1.37,1.50
2018.03.26 11:39:37.158,0.81585,0.81592,1.50,1.00
2018.03.26 11:39:37.415,0.81583,0.8159,1.00,1.00
2018.03.26 11:39:37.621,0.81581,0.8159,1.00,1.50
2018.03.26 11:39:38.279,0.8158,0.8159,4.12,1.50
2018.03.26 11:39:44.126,0.81581,0.8159,1.50,1.00
2018.03.26 11:39:45.473,0.81581,0.81591,1.50,1.00
2018.03.26 11:39:45.524,0.81582,0.81592,1.50,1.50
2018.03.26 11:39:46.048,0.81582,0.81591,1.50,1.00
2018.03.26 11:39:47.158,0.81582,0.81592,1.50,1.00
2018.03.26 11:39:48.172,0.81585,0.81593,1.00,1.12
2018.03.26 11:39:49.429,0.81584,0.81594,4.12,1.00
2018.03.26 11:39:49.930,0.81585,0.81595,2.25,1.50
2018.03.26 11:39:51.351,0.81588,0.81595,1.00,1.00
2018.03.26 11:39:51.453,0.81588,0.81597,1.00,2.62
2018.03.26 11:39:51.874,0.81586,0.81596,1.87,1.12
2018.03.26 11:39:52.388,0.81586,0.81596,2.25,1.00
2018.03.26 11:39:53.260,0.81586,0.81596,1.87,1.50
2018.03.26 11:39:54.059,0.81586,0.81596,4.12,1.00
2018.03.26 11:39:56.368,0.81587,0.81597,3.37,1.12
2018.03.26 11:39:56.696,0.81587,0.81595,1.50,1.87
2018.03.26 11:39:57.829,0.81586,0.81595,3.00,1.12
2018.03.26 11:39:58.607,0.81587,0.81594,1.12,1.00
2018.03.26 11:39:59.026,0.81584,0.81592,1.75,1.00
2018.03.26 11:39:59.281,0.81583,0.81592,3.00,1.00
2018.03.26 11:39:59.767,0.81581,0.81591,3.75,1.50
2018.03.26 11:40:00.196,0.81582,0.81591,3.37,1.50
2018.03.26 11:40:00.504,0.81573,0.81579,1.00,1.00
2018.03.26 11:40:00.824,0.81573,0.81576,1.00,1.00
2018.03.26 11:40:00.876,0.81565,0.81573,1.00,2.25
2018.03.26 11:40:01.956,0.81563,0.81571,1.50,1.00
2018.03.26 11:40:02.058,0.81564,0.81571,2.62,1.00
2018.03.26 11:40:02.604,0.81564,0.81572,3.37,1.12
2018.03.26 11:40:02.708,0.81564,0.81574,4.12,1.12
2018.03.26 11:40:04.511,0.81565,0.81575,1.50,1.12
2018.03.26 11:40:04.615,0.81568,0.81576,1.50,1.00
2018.03.26 11:40:04.854,0.81568,0.81578,4.12,1.00
2018.03.26 11:40:05.434,0.81568,0.81577,3.37,1.00
2018.03.26 11:40:05.994,0.81569,0.81578,1.50,1.00
2018.03.26 11:40:06.511,0.81568,0.81578,1.50,1.00
2018.03.26 11:40:06.945,0.81568,0.81576,1.50,1.00
2018.03.26 11:40:07.476,0.81567,0.81575,1.12,1.00
2018.03.26 11:40:09.312,0.81568,0.81577,1.50,1.12
2018.03.26 11:40:09.843,0.81569,0.81579,1.12,1.00
2018.03.26 11:40:10.096,0.81571,0.81579,1.00,1.00
2018.03.26 11:40:11.015,0.81571,0.8158,3.37,1.00
2018.03.26 11:40:11.807,0.81572,0.8158,1.12,1.00
2018.03.26 11:40:12.288,0.81572,0.8158,3.37,1.00
2018.03.26 11:40:15.503,0.81572,0.8158,2.25,1.00
2018.03.26 11:40:15.604,0.81573,0.81582,2.62,1.50
2018.03.26 11:40:16.136,0.81574,0.81582,1.12,1.50
2018.03.26 11:40:19.056,0.81574,0.81583,1.00,1.50
2018.03.26 11:40:19.366,0.81576,0.81585,1.00,1.87
2018.03.26 11:40:19.941,0.81577,0.81586,1.12,1.00
2018.03.26 11:40:20.373,0.81576,0.81584,1.00,1.87
2018.03.26 11:40:20.880,0.81577,0.81584,1.00,1.12
2018.03.26 11:40:21.228,0.81577,0.81586,1.12,1.12
2018.03.26 11:40:22.047,0.81577,0.81584,1.00,1.00
2018.03.26 11:40:22.966,0.81576,0.81584,1.12,1.00
2018.03.26 11:40:23.068,0.81577,0.81586,1.12,1.50
2018.03.26 11:40:23.685,0.81578,0.81586,1.00,1.12
2018.03.26 11:40:23.838,0.81576,0.81586,1.12,1.12
2018.03.26 11:40:24.894,0.81576,0.81585,1.12,1.00
2018.03.26 11:40:25.206,0.81576,0.81583,1.12,1.00
2018.03.26 11:40:25.732,0.81574,0.81583,2.25,1.00
2018.03.26 11:40:30.337,0.81574,0.81584,1.87,1.12
2018.03.26 11:40:30.734,0.81575,0.81585,4.12,1.50
2018.03.26 11:40:31.941,0.81575,0.81584,2.25,1.00
2018.03.26 11:40:32.243,0.81575,0.81582,1.12,1.00
2018.03.26 11:40:34.183,0.81575,0.81585,1.12,1.87
2018.03.26 11:40:34.544,0.81575,0.81583,2.25,1.00
2018.03.26 11:40:34.697,0.81575,0.81585,2.25,1.50
2018.03.26 11:40:35.229,0.81575,0.81584,1.50,1.00
2018.03.26 11:40:35.761,0.81575,0.81584,3.37,1.00
2018.03.26 11:40:35.864,0.81574,0.81583,2.25,1.00
2018.03.26 11:40:36.436,0.81573,0.81582,1.50,1.00
2018.03.26 11:40:37.031,0.81574,0.81583,1.12,1.00
2018.03.26 11:40:37.612,0.81574,0.81583,2.25,1.00
2018.03.26 11:40:38.514,0.81575,0.81585,1.37,1.37
2018.03.26 11:40:39.075,0.81576,0.81585,1.50,1.00
2018.03.26 11:40:39.603,0.81576,0.81586,1.50,1.50
2018.03.26 11:40:39.705,0.81578,0.81586,1.00,1.50
2018.03.26 11:40:40.373,0.81577,0.81586,4.12,1.00
2018.03.26 11:40:40.629,0.81578,0.81588,2.25,1.50
2018.03.26 11:40:41.321,0.81578,0.81588,4.12,1.87
2018.03.26 11:40:42.346,0.81579,0.81589,1.50,1.50
2018.03.26 11:40:42.904,0.8158,0.81588,1.00,1.00
2018.03.26 11:40:43.498,0.81581,0.81589,1.00,1.00
2018.03.26 11:40:45.816,0.8158,0.81589,1.12,1.00
2018.03.26 11:40:47.811,0.81579,0.81589,4.87,1.00
2018.03.26 11:40:48.347,0.8158,0.81588,1.50,1.00
2018.03.26 11:40:49.757,0.81579,0.81588,1.12,1.50
2018.03.26 11:40:56.242,0.81579,0.81587,1.87,1.00
2018.03.26 11:40:59.838,0.8158,0.81587,1.00,1.00
2018.03.26 11:41:00.495,0.81578,0.81588,2.25,1.50
2018.03.26 11:41:01.314,0.8158,0.81588,1.00,1.50
2018.03.26 11:41:02.025,0.81578,0.81587,1.37,1.50
2018.03.26 11:41:02.659,0.81577,0.81586,4.12,1.00
2018.03.26 11:41:03.096,0.81579,0.81589,1.12,1.50
2018.03.26 11:41:03.149,0.81583,0.81592,1.12,1.37
2018.03.26 11:41:03.356,0.81592,0.81601,1.87,1.50
2018.03.26 11:41:03.514,0.81594,0.81603,1.00,1.12
2018.03.26 11:41:03.824,0.81596,0.81605,2.25,2.25
2018.03.26 11:41:04.463,0.81596,0.81605,1.50,1.87
2018.03.26 11:41:04.967,0.81596,0.81605,4.12,1.87
2018.03.26 11:41:05.106,0.81596,0.81605,2.25,1.12
2018.03.26 11:41:05.616,0.81596,0.81604,1.50,1.12
2018.03.26 11:41:06.168,0.81595,0.81604,1.12,1.87
2018.03.26 11:41:06.863,0.81595,0.81604,1.12,2.25
2018.03.26 11:41:06.985,0.81591,0.81598,1.00,1.00
2018.03.26 11:41:07.188,0.81588,0.81598,1.50,1.50
2018.03.26 11:41:07.690,0.81586,0.81595,1.87,2.25
2018.03.26 11:41:07.793,0.81584,0.81593,1.87,1.00
2018.03.26 11:41:08.294,0.81585,0.81592,1.00,1.12
2018.03.26 11:41:08.644,0.81583,0.81593,1.12,2.62
2018.03.26 11:41:09.287,0.81583,0.81593,2.25,2.25
2018.03.26 11:41:10.255,0.81585,0.81594,1.12,2.25
2018.03.26 11:41:10.627,0.81587,0.81595,1.00,1.00
2018.03.26 11:41:11.259,0.81586,0.81594,1.00,1.00
2018.03.26 11:41:11.812,0.81585,0.81595,1.12,1.12
2018.03.26 11:41:13.411,0.81586,0.81595,1.00,1.50
2018.03.26 11:41:14.579,0.81587,0.81595,1.00,1.50
2018.03.26 11:41:15.093,0.81587,0.81596,1.00,1.12
2018.03.26 11:41:16.248,0.81587,0.81595,1.50,1.00
2018.03.26 11:41:18.208,0.81586,0.81597,2.25,3.00
2018.03.26 11:41:18.974,0.81587,0.81597,1.00,1.87
2018.03.26 11:41:19.406,0.81587,0.81596,1.00,1.87
2018.03.26 11:41:19.963,0.81586,0.81596,1.12,1.87
2018.03.26 11:41:20.624,0.81585,0.81595,1.87,1.12
2018.03.26 11:41:25.370,0.81584,0.81595,1.87,2.25
2018.03.26 11:41:25.932,0.81585,0.81595,1.00,2.25
2018.03.26 11:41:28.241,0.81584,0.81594,1.87,1.12
2018.03.26 11:41:28.795,0.81584,0.81593,1.00,1.12
2018.03.26 11:41:33.221,0.81584,0.81593,2.25,1.00
2018.03.26 11:41:33.725,0.81583,0.81593,1.87,1.00
2018.03.26 11:41:34.198,0.81581,0.81591,1.87,1.00
2018.03.26 11:41:34.353,0.81578,0.81588,1.50,1.12
2018.03.26 11:41:34.456,0.81576,0.81587,4.50,1.37
2018.03.26 11:41:34.758,0.81576,0.81584,1.50,1.00
2018.03.26 11:41:34.812,0.81572,0.81583,4.87,1.00
2018.03.26 11:41:35.506,0.81572,0.81583,2.25,1.12
2018.03.26 11:41:35.992,0.81573,0.81583,3.37,1.12
2018.03.26 11:41:38.128,0.81573,0.81584,2.25,1.00
2018.03.26 11:41:39.092,0.81573,0.81584,2.25,1.37
2018.03.26 11:41:40.608,0.81573,0.81583,4.50,1.00
2018.03.26 11:41:40.762,0.81574,0.81585,2.62,1.12
2018.03.26 11:41:41.269,0.81574,0.81585,2.25,1.12
2018.03.26 11:41:41.778,0.81575,0.81585,1.00,1.12
2018.03.26 11:41:42.740,0.81575,0.81584,1.00,1.00
2018.03.26 11:41:43.715,0.81574,0.81583,1.00,1.12
2018.03.26 11:41:45.393,0.81574,0.81584,1.12,1.50
2018.03.26 11:41:46.293,0.81575,0.81584,1.00,1.00
2018.03.26 11:41:47.408,0.81575,0.81583,1.00,1.00
2018.03.26 11:41:49.610,0.81573,0.81583,1.87,1.12
2018.03.26 11:41:49.814,0.81572,0.81581,1.00,1.87
2018.03.26 11:41:52.671,0.81571,0.81581,1.00,2.25
2018.03.26 11:41:53.275,0.8157,0.8158,1.50,1.12
2018.03.26 11:41:54.306,0.8157,0.81578,1.00,1.00
2018.03.26 11:41:54.654,0.81569,0.81577,1.00,1.37
2018.03.26 11:41:55.185,0.81567,0.81577,4.50,1.12
2018.03.26 11:41:55.723,0.81569,0.81578,1.37,1.12
2018.03.26 11:42:01.525,0.81569,0.81579,2.25,1.00
2018.03.26 11:42:02.083,0.81569,0.81579,2.25,1.00
2018.03.26 11:42:02.763,0.81569,0.81579,2.25,1.00
2018.03.26 11:42:02.866,0.8157,0.81581,2.25,1.12
2018.03.26 11:42:03.070,0.81574,0.81582,1.00,1.00
2018.03.26 11:42:03.288,0.81572,0.81582,1.87,1.00
2018.03.26 11:42:03.940,0.81573,0.81582,1.00,1.00
2018.03.26 11:42:05.609,0.81573,0.81582,1.12,1.37
2018.03.26 11:42:06.319,0.81573,0.81583,1.50,1.12
2018.03.26 11:42:06.371,0.81575,0.81584,1.00,1.50
2018.03.26 11:42:06.906,0.81575,0.81584,1.37,1.12
2018.03.26 11:42:07.441,0.81576,0.81583,1.12,1.00
2018.03.26 11:42:07.545,0.81576,0.81585,1.00,1.87
2018.03.26 11:42:08.051,0.81576,0.81584,1.00,1.12
2018.03.26 11:42:09.900,0.81576,0.81583,1.00,1.00
2018.03.26 11:42:10.492,0.81576,0.81584,1.00,1.12
2018.03.26 11:42:11.090,0.81575,0.81585,1.12,1.87
2018.03.26 11:42:11.601,0.81575,0.81585,1.12,1.87
2018.03.26 11:42:14.473,0.81575,0.81585,1.50,1.00
2018.03.26 11:42:16.025,0.81575,0.81585,1.12,1.00
2018.03.26 11:42:16.751,0.81575,0.81585,2.25,1.00
2018.03.26 11:42:18.496,0.81577,0.81586,1.00,1.00
2018.03.26 11:42:19.012,0.81577,0.81585,1.00,1.00
2018.03.26 11:42:19.965,0.81577,0.81585,1.50,1.00
2018.03.26 11:42:20.515,0.81577,0.81585,1.12,1.00
2018.03.26 11:42:21.781,0.81577,0.81586,1.00,1.00
2018.03.26 11:42:22.154,0.81577,0.81587,3.37,1.12
2018.03.26 11:42:22.256,0.81577,0.81587,1.50,1.00
2018.03.26 11:42:22.685,0.81575,0.81585,4.12,1.12
2018.03.26 11:42:23.203,0.81575,0.81585,1.87,1.87
2018.03.26 11:42:24.563,0.81575,0.81584,1.50,1.00
2018.03.26 11:42:30.180,0.81575,0.81583,1.00,1.00
2018.03.26 11:42:30.232,0.81573,0.81582,1.12,1.00
2018.03.26 11:42:34.136,0.81573,0.81582,1.37,1.00
2018.03.26 11:42:36.386,0.81572,0.8158,2.25,1.00
2018.03.26 11:42:36.438,0.81572,0.81582,1.50,1.00
2018.03.26 11:42:36.951,0.81572,0.81583,2.25,1.12
2018.03.26 11:42:37.664,0.81572,0.81582,3.00,1.00
2018.03.26 11:42:39.536,0.81572,0.81581,2.25,1.00
2018.03.26 11:42:40.121,0.81572,0.81582,1.50,1.00
2018.03.26 11:42:40.173,0.81571,0.8158,2.25,1.00
2018.03.26 11:42:40.276,0.81568,0.81579,5.62,1.00
2018.03.26 11:42:40.430,0.81568,0.81578,1.00,2.25
2018.03.26 11:42:40.482,0.81567,0.81577,1.50,1.50
2018.03.26 11:42:40.998,0.81567,0.81578,1.87,3.00
2018.03.26 11:42:41.635,0.81567,0.81578,2.25,1.12
2018.03.26 11:42:44.062,0.81569,0.81578,1.00,1.12
2018.03.26 11:42:44.590,0.81569,0.81577,1.00,1.00
2018.03.26 11:42:46.792,0.81569,0.81577,1.00,1.50
2018.03.26 11:42:46.844,0.81567,0.81577,1.50,1.50
2018.03.26 11:42:47.167,0.81565,0.81576,1.87,1.12
2018.03.26 11:42:47.878,0.81565,0.81576,1.12,1.37
2018.03.26 11:42:49.861,0.81565,0.81574,1.87,1.00
2018.03.26 11:42:50.652,0.81565,0.81576,1.87,1.50
2018.03.26 11:42:53.512,0.81564,0.81575,1.00,2.25
2018.03.26 11:42:53.816,0.81565,0.81576,1.50,1.37
2018.03.26 11:42:54.321,0.81565,0.81576,2.25,1.12
2018.03.26 11:42:54.781,0.81565,0.8157,1.12,1.12
2018.03.26 11:42:54.885,0.81554,0.81562,2.25,2.62
2018.03.26 11:42:54.936,0.81554,0.8156,1.50,1.50
2018.03.26 11:42:54.987,0.81551,0.81559,1.27,1.50
2018.03.26 11:42:55.038,0.81551,0.81557,1.20,1.00
2018.03.26 11:42:55.089,0.81549,0.81557,1.00,1.00
2018.03.26 11:42:55.241,0.81547,0.81557,1.50,1.12
2018.03.26 11:42:55.781,0.81547,0.81558,1.50,1.12
2018.03.26 11:42:55.832,0.81547,0.81558,1.87,1.87
2018.03.26 11:42:56.340,0.81548,0.81559,2.25,2.25
2018.03.26 11:42:56.931,0.8155,0.81559,1.00,1.00
2018.03.26 11:42:57.135,0.8155,0.81561,1.87,2.25
2018.03.26 11:42:57.766,0.81551,0.81559,1.00,1.00
2018.03.26 11:42:59.070,0.8155,0.8156,1.00,3.00
2018.03.26 11:43:00.585,0.8155,0.81559,1.50,1.00
2018.03.26 11:43:01.123,0.8155,0.81559,1.50,1.00
2018.03.26 11:43:02.638,0.81551,0.81559,1.00,1.12
2018.03.26 11:43:02.844,0.81553,0.81563,1.12,1.87
2018.03.26 11:43:02.988,0.81553,0.81563,4.12,1.12
2018.03.26 11:43:03.090,0.81554,0.81565,1.50,1.87
2018.03.26 11:43:03.521,0.81554,0.81564,2.62,1.50
2018.03.26 11:43:06.911,0.81554,0.81564,1.50,1.00
2018.03.26 11:43:09.416,0.81555,0.81564,1.37,1.12
2018.03.26 11:43:11.840,0.81554,0.81564,1.37,1.12
2018.03.26 11:43:13.775,0.81554,0.81564,1.12,1.12
2018.03.26 11:43:14.518,0.81555,0.81565,1.00,1.87
2018.03.26 11:43:16.712,0.81555,0.81565,1.00,2.25
2018.03.26 11:43:17.359,0.81555,0.81565,1.12,1.87
2018.03.26 11:43:17.876,0.81557,0.81565,1.87,1.00
2018.03.26 11:43:17.927,0.81557,0.81567,2.62,1.50
2018.03.26 11:43:18.449,0.81559,0.81567,1.87,1.00
2018.03.26 11:43:18.501,0.81559,0.81569,1.12,1.50
2018.03.26 11:43:18.868,0.81561,0.81569,1.12,1.00
2018.03.26 11:43:18.921,0.81562,0.81571,1.00,1.00
2018.03.26 11:43:18.972,0.81563,0.81573,1.00,1.50
2018.03.26 11:43:19.077,0.81563,0.81572,2.62,1.00
2018.03.26 11:43:19.129,0.81563,0.81573,1.12,1.00
2018.03.26 11:43:19.672,0.81563,0.81573,2.25,1.00
2018.03.26 11:43:19.856,0.81564,0.81575,2.25,1.12
2018.03.26 11:43:20.479,0.81566,0.81575,1.00,1.00
2018.03.26 11:43:21.064,0.81565,0.81575,1.12,1.00
2018.03.26 11:43:23.023,0.81565,0.81573,1.50,1.00
2018.03.26 11:43:23.484,0.81563,0.81571,1.00,1.00
2018.03.26 11:43:23.638,0.81564,0.81573,1.12,1.00
2018.03.26 11:43:24.130,0.81565,0.81573,1.50,1.00
2018.03.26 11:43:24.704,0.81565,0.81574,2.25,1.00
2018.03.26 11:43:25.956,0.81565,0.81573,1.50,1.00
2018.03.26 11:43:26.480,0.81565,0.81573,1.12,1.00
2018.03.26 11:43:27.382,0.81565,0.81572,1.12,1.00
2018.03.26 11:43:27.434,0.81564,0.81574,1.50,1.00
2018.03.26 11:43:28.123,0.81563,0.81574,1.87,1.12
2018.03.26 11:43:32.163,0.81563,0.81573,1.12,1.00
2018.03.26 11:43:32.701,0.81562,0.81573,1.87,1.50
2018.03.26 11:43:33.795,0.81561,0.81569,1.50,1.00
2018.03.26 11:43:33.949,0.81559,0.8157,1.00,2.25
2018.03.26 11:43:34.457,0.8156,0.8157,1.87,1.00
2018.03.26 11:43:35.051,0.8156,0.81571,1.87,1.12
2018.03.26 11:43:35.394,0.8156,0.81571,1.50,3.37
2018.03.26 11:43:35.446,0.8156,0.81571,1.87,1.12
2018.03.26 11:43:35.986,0.8156,0.81571,4.12,1.12
2018.03.26 11:43:36.543,0.8156,0.81571,2.25,3.00
2018.03.26 11:43:37.322,0.8156,0.81569,1.00,1.12
2018.03.26 11:43:38.785,0.81559,0.81568,1.87,1.00
2018.03.26 11:43:39.293,0.81559,0.8157,1.50,1.12
2018.03.26 11:43:39.397,0.81561,0.81572,3.37,1.50
2018.03.26 11:43:39.973,0.81562,0.81571,1.12,1.00
2018.03.26 11:43:40.508,0.8156,0.81571,1.50,3.00
2018.03.26 11:43:40.763,0.8156,0.81568,1.50,1.00
2018.03.26 11:43:40.954,0.8156,0.81571,1.37,3.00
2018.03.26 11:43:41.653,0.8156,0.81571,4.12,1.50
2018.03.26 11:43:41.797,0.8156,0.81571,2.25,1.87
2018.03.26 11:43:42.095,0.8156,0.8157,4.12,1.12
2018.03.26 11:43:42.630,0.8156,0.8157,1.87,1.00
2018.03.26 11:43:42.938,0.81557,0.81567,1.50,1.00
2018.03.26 11:43:43.741,0.81556,0.81566,2.25,1.00
2018.03.26 11:43:44.248,0.81557,0.81567,1.50,1.00
2018.03.26 11:43:45.880,0.81557,0.81567,1.50,1.50
2018.03.26 11:43:46.185,0.81556,0.81567,3.00,3.75
2018.03.26 11:43:47.462,0.81556,0.81566,1.87,2.62
2018.03.26 11:43:50.145,0.81556,0.81563,1.00,1.12
2018.03.26 11:43:50.451,0.81553,0.81564,2.25,3.37
2018.03.26 11:43:50.921,0.81554,0.81564,1.50,1.50
2018.03.26 11:43:52.209,0.81554,0.81564,1.50,1.12
2018.03.26 11:43:52.260,0.81554,0.81564,1.12,1.37
2018.03.26 11:43:53.697,0.81554,0.81564,1.00,1.12
2018.03.26 11:43:54.236,0.81553,0.81563,1.87,1.00
2018.03.26 11:43:56.395,0.81553,0.81563,4.12,1.12
2018.03.26 11:43:56.705,0.81558,0.81566,1.00,1.00
2018.03.26 11:43:57.253,0.81556,0.81566,1.50,1.12
2018.03.26 11:43:57.926,0.81556,0.81565,1.00,1.00
2018.03.26 11:43:58.432,0.81556,0.81566,1.00,1.87
2018.03.26 11:43:58.674,0.81556,0.81566,1.12,3.37
2018.03.26 11:43:58.829,0.81555,0.81566,1.50,1.12
2018.03.26 11:43:59.036,0.81558,0.81566,1.00,1.00
2018.03.26 11:43:59.296,0.81555,0.81564,1.00,1.00
2018.03.26 11:43:59.348,0.81553,0.81563,2.25,1.00
2018.03.26 11:43:59.880,0.81553,0.81563,1.00,2.25
2018.03.26 11:44:02.421,0.81553,0.81561,1.00,1.00
2018.03.26 11:44:02.649,0.81551,0.81561,1.87,1.12
2018.03.26 11:44:02.700,0.81551,0.81559,1.12,1.00
2018.03.26 11:44:04.507,0.81551,0.81561,1.00,1.87
2018.03.26 11:44:05.223,0.8155,0.8156,1.87,1.00
2018.03.26 11:44:05.804,0.8155,0.8156,1.87,1.37
2018.03.26 11:44:06.725,0.8155,0.8156,3.75,1.00
2018.03.26 11:44:07.348,0.8155,0.8156,1.87,1.12
2018.03.26 11:44:08.043,0.81551,0.81561,1.50,1.50
2018.03.26 11:44:08.160,0.81553,0.81562,1.00,1.12
2018.03.26 11:44:08.266,0.81557,0.81565,1.00,1.00
2018.03.26 11:44:08.797,0.81557,0.81566,1.00,1.50
2018.03.26 11:44:09.320,0.81557,0.81565,1.00,1.50
2018.03.26 11:44:09.372,0.81555,0.81565,1.50,1.50
2018.03.26 11:44:10.140,0.81556,0.81565,1.00,2.25
2018.03.26 11:44:10.919,0.81555,0.81565,1.12,2.25
2018.03.26 11:44:11.603,0.81558,0.81566,1.12,1.00
2018.03.26 11:44:11.892,0.81555,0.81565,2.25,1.50
2018.03.26 11:44:12.200,0.81556,0.81563,1.00,1.00
2018.03.26 11:44:12.355,0.81553,0.81561,1.50,1.00
2018.03.26 11:44:12.869,0.81552,0.81561,1.12,1.00
2018.03.26 11:44:13.393,0.81551,0.81562,4.12,1.50
2018.03.26 11:44:13.446,0.81551,0.8156,4.12,1.00
2018.03.26 11:44:13.602,0.81551,0.81559,1.12,1.50
2018.03.26 11:44:13.755,0.81549,0.81557,3.37,1.00
2018.03.26 11:44:14.348,0.81549,0.81557,1.50,1.00
2018.03.26 11:44:15.623,0.81549,0.81557,2.62,1.00
2018.03.26 11:44:15.928,0.81548,0.81557,1.50,1.00
2018.03.26 11:44:17.727,0.81548,0.81558,1.87,1.00
2018.03.26 11:44:17.779,0.81549,0.81558,1.50,1.00
2018.03.26 11:44:18.208,0.8155,0.8156,1.87,1.50
2018.03.26 11:44:18.725,0.8155,0.8156,2.25,1.50
2018.03.26 11:44:19.257,0.8155,0.81559,1.37,1.50
2018.03.26 11:44:19.602,0.81549,0.81559,1.50,2.25
2018.03.26 11:44:20.141,0.81549,0.81556,1.12,1.00
2018.03.26 11:44:20.396,0.81547,0.81556,1.87,1.00
2018.03.26 11:44:20.960,0.81547,0.81557,1.87,1.00
2018.03.26 11:44:21.069,0.81548,0.81557,1.50,1.00
2018.03.26 11:44:23.699,0.81548,0.81557,1.87,1.00
2018.03.26 11:44:24.208,0.81548,0.81556,1.00,1.12
2018.03.26 11:44:25.790,0.81548,0.81557,1.87,1.00
2018.03.26 11:44:26.101,0.81547,0.81555,2.25,1.00
2018.03.26 11:44:26.305,0.81548,0.81557,1.12,1.00
2018.03.26 11:44:26.924,0.81549,0.81558,1.00,1.12
2018.03.26 11:44:27.444,0.8155,0.81558,1.00,1.12
2018.03.26 11:44:27.840,0.81548,0.81556,1.50,1.00
2018.03.26 11:44:28.645,0.81547,0.81556,1.00,1.87
2018.03.26 11:44:28.955,0.81546,0.81554,1.00,1.00
2018.03.26 11:44:29.484,0.81547,0.81554,1.00,1.12
2018.03.26 11:44:29.688,0.81545,0.81554,1.50,1.00
2018.03.26 11:44:32.746,0.81543,0.81551,1.12,1.00
2018.03.26 11:44:33.254,0.81542,0.81551,1.50,1.12
2018.03.26 11:44:33.555,0.81541,0.81549,1.00,1.12
2018.03.26 11:44:34.064,0.81541,0.8155,1.50,1.00
2018.03.26 11:44:35.006,0.81542,0.81552,1.50,3.00
2018.03.26 11:44:35.325,0.81544,0.81552,1.00,2.25
2018.03.26 11:44:37.382,0.81544,0.81551,1.00,1.12
2018.03.26 11:44:37.592,0.81542,0.81551,1.00,1.12
2018.03.26 11:44:37.740,0.81542,0.81551,1.00,4.12
2018.03.26 11:44:39.279,0.81541,0.81549,1.00,2.25
2018.03.26 11:44:39.590,0.81544,0.81554,1.37,1.12
2018.03.26 11:44:40.151,0.81544,0.81554,1.50,1.87
2018.03.26 11:44:40.986,0.81544,0.81553,1.00,1.00
2018.03.26 11:44:41.599,0.81544,0.81554,1.12,1.87
2018.03.26 11:44:42.250,0.81544,0.81553,1.12,1.00
2018.03.26 11:44:42.505,0.81542,0.81552,1.87,1.87
2018.03.26 11:44:43.107,0.81542,0.81551,1.50,1.12
2018.03.26 11:44:43.325,0.81542,0.81548,1.00,1.00
2018.03.26 11:44:43.377,0.8154,0.81549,1.00,1.50
2018.03.26 11:44:43.482,0.81538,0.81548,3.37,1.12
2018.03.26 11:44:43.533,0.8154,0.81549,1.00,2.62
2018.03.26 11:44:43.585,0.81541,0.8155,1.12,1.37
2018.03.26 11:44:43.688,0.81542,0.81551,1.37,1.12
2018.03.26 11:44:44.341,0.81542,0.81551,1.00,1.12
2018.03.26 11:44:45.712,0.81541,0.81551,1.87,1.12
2018.03.26 11:44:46.321,0.81542,0.81551,1.00,1.12
2018.03.26 11:44:47.207,0.81542,0.81552,1.87,1.12
2018.03.26 11:44:47.685,0.81545,0.81553,1.00,1.12
2018.03.26 11:44:47.890,0.81545,0.81555,1.00,1.12
2018.03.26 11:44:48.539,0.81546,0.81555,1.00,1.12
2018.03.26 11:44:50.841,0.81544,0.81554,1.50,1.00
2018.03.26 11:44:50.892,0.81544,0.81552,1.50,1.00
2018.03.26 11:44:50.943,0.81542,0.81552,2.25,1.50
2018.03.26 11:44:51.477,0.81545,0.81553,1.00,1.37
2018.03.26 11:44:51.985,0.81545,0.81553,1.00,1.00
2018.03.26 11:44:53.463,0.81543,0.81553,1.50,1.87
2018.03.26 11:44:53.514,0.81543,0.81551,1.00,1.00
2018.03.26 11:44:54.018,0.81543,0.81552,1.00,1.12
2018.03.26 11:44:54.426,0.81543,0.81552,1.00,3.37
2018.03.26 11:44:54.929,0.81542,0.81552,1.00,4.12
2018.03.26 11:44:58.315,0.81541,0.8155,1.50,1.12
2018.03.26 11:44:58.623,0.81536,0.81546,3.75,1.00
2018.03.26 11:44:59.320,0.81536,0.81546,1.12,1.00
2018.03.26 11:44:59.849,0.81536,0.81546,1.37,1.37
2018.03.26 11:45:00.363,0.81536,0.81546,3.00,1.00
2018.03.26 11:45:00.518,0.81538,0.81548,1.12,1.00
2018.03.26 11:45:01.462,0.81537,0.81547,2.25,1.00
2018.03.26 11:45:01.729,0.81539,0.81549,1.00,1.87
2018.03.26 11:45:02.220,0.8154,0.81551,1.12,3.00
2018.03.26 11:45:02.272,0.81542,0.81551,1.00,1.00
2018.03.26 11:45:02.883,0.81541,0.81551,1.50,1.50
2018.03.26 11:45:05.873,0.81542,0.81551,1.00,1.00
2018.03.26 11:45:08.270,0.81541,0.8155,1.00,1.00
2018.03.26 11:45:08.843,0.81541,0.81549,1.00,1.00
2018.03.26 11:45:08.894,0.81538,0.81547,1.12,1.00
2018.03.26 11:45:09.268,0.81536,0.81547,2.62,1.12
2018.03.26 11:45:09.371,0.81536,0.81545,1.50,1.00
2018.03.26 11:45:09.907,0.81535,0.81545,3.00,1.00
2018.03.26 11:45:11.738,0.81536,0.81545,1.50,1.00
2018.03.26 11:45:13.389,0.81534,0.8154,4.12,1.00
2018.03.26 11:45:13.491,0.8153,0.8154,1.12,1.00
2018.03.26 11:45:13.593,0.81531,0.81541,1.50,1.50
2018.03.26 11:45:13.967,0.81533,0.81543,1.87,1.50
2018.03.26 11:45:14.172,0.81534,0.8154,1.12,1.00
2018.03.26 11:45:14.325,0.81529,0.81539,1.50,1.00
2018.03.26 11:45:14.512,0.81529,0.81539,3.75,1.00
2018.03.26 11:45:15.445,0.81529,0.8154,3.75,1.12
2018.03.26 11:45:15.818,0.81531,0.8154,2.62,1.00
2018.03.26 11:45:16.126,0.8153,0.81541,1.12,1.50
2018.03.26 11:45:16.322,0.81531,0.8154,1.37,1.00
2018.03.26 11:45:16.425,0.8153,0.8154,1.12,1.00
2018.03.26 11:45:16.477,0.81532,0.8154,1.00,1.00
2018.03.26 11:45:16.685,0.81531,0.81542,3.00,1.00
2018.03.26 11:45:16.787,0.81532,0.81543,4.87,1.12
2018.03.26 11:45:17.510,0.81532,0.81542,2.25,1.00
2018.03.26 11:45:17.889,0.81532,0.8154,1.50,1.00
2018.03.26 11:45:18.439,0.81531,0.8154,1.50,1.00
2018.03.26 11:45:18.951,0.81532,0.81542,1.12,2.25
2018.03.26 11:45:19.668,0.81532,0.81542,3.75,1.00
2018.03.26 11:45:20.181,0.81533,0.81543,2.25,1.00
2018.03.26 11:45:20.685,0.81534,0.81544,1.12,1.50
2018.03.26 11:45:21.206,0.81534,0.81545,3.00,1.50
2018.03.26 11:45:21.811,0.81535,0.81544,1.12,1.00
2018.03.26 11:45:22.980,0.81533,0.81543,4.12,1.00
2018.03.26 11:45:23.595,0.81534,0.81543,1.00,1.00
2018.03.26 11:45:24.375,0.81533,0.81543,1.87,1.37
2018.03.26 11:45:25.000,0.81532,0.8154,2.25,1.00
2018.03.26 11:45:25.516,0.81531,0.81541,1.00,1.87
2018.03.26 11:45:26.363,0.81531,0.81541,1.50,1.50
2018.03.26 11:45:26.467,0.8153,0.8154,1.87,1.00
2018.03.26 11:45:26.978,0.8153,0.8154,1.50,1.00
2018.03.26 11:45:27.905,0.81531,0.8154,2.62,1.00
2018.03.26 11:45:28.006,0.8153,0.81539,1.50,1.00
2018.03.26 11:45:28.364,0.81527,0.81537,4.87,1.00
2018.03.26 11:45:30.493,0.81528,0.81537,2.62,1.00
2018.03.26 11:45:31.005,0.81528,0.81538,2.25,1.00
2018.03.26 11:45:31.538,0.81528,0.81537,1.50,1.00
2018.03.26 11:45:31.937,0.81526,0.81536,1.00,1.12
2018.03.26 11:45:32.046,0.81525,0.81533,2.25,1.00
2018.03.26 11:45:32.097,0.81525,0.81535,1.00,1.87
2018.03.26 11:45:32.404,0.81525,0.81533,1.00,1.50
2018.03.26 11:45:33.634,0.81523,0.81534,4.12,1.12
2018.03.26 11:45:34.162,0.81523,0.81532,2.62,1.12
2018.03.26 11:45:34.316,0.81517,0.81526,1.00,1.00
2018.03.26 11:45:34.521,0.8152,0.81528,1.00,1.00
2018.03.26 11:45:34.927,0.81518,0.81526,1.50,1.00
2018.03.26 11:45:35.184,0.81516,0.81526,1.37,1.50
2018.03.26 11:45:36.441,0.81517,0.81526,3.37,1.50
2018.03.26 11:45:36.836,0.81517,0.81528,2.62,2.25
2018.03.26 11:45:37.763,0.81518,0.81528,1.37,1.50
2018.03.26 11:45:37.815,0.81517,0.81526,1.37,1.50
2018.03.26 11:45:38.217,0.81519,0.81529,1.00,1.50
2018.03.26 11:45:38.269,0.81519,0.81527,1.00,1.00
2018.03.26 11:45:38.798,0.81516,0.81527,6.75,1.50
2018.03.26 11:45:39.147,0.81516,0.81527,2.25,1.87
2018.03.26 11:45:39.507,0.81515,0.81525,1.87,1.00
2018.03.26 11:45:40.475,0.81515,0.81525,2.25,1.00
2018.03.26 11:45:40.922,0.81518,0.81527,1.00,1.50
2018.03.26 11:45:41.442,0.81518,0.81527,1.12,1.00
2018.03.26 11:45:41.821,0.81519,0.81529,1.12,2.25
2018.03.26 11:45:42.910,0.81519,0.81528,1.87,1.00
2018.03.26 11:45:43.419,0.81519,0.81527,1.12,1.00
2018.03.26 11:45:43.957,0.81517,0.81525,2.25,1.00
2018.03.26 11:45:44.060,0.81516,0.81525,1.50,1.00
2018.03.26 11:45:44.293,0.81519,0.81526,1.00,1.00
2018.03.26 11:45:45.204,0.81518,0.81526,1.00,1.50
2018.03.26 11:45:45.512,0.81519,0.81526,1.50,1.00
2018.03.26 11:45:45.961,0.81517,0.81527,2.25,1.50
2018.03.26 11:45:46.216,0.81517,0.81525,2.25,1.00
2018.03.26 11:45:46.765,0.81517,0.81525,1.87,1.00
2018.03.26 11:45:48.469,0.81517,0.81525,1.50,1.00
2018.03.26 11:45:49.002,0.81517,0.81525,1.00,1.00
2018.03.26 11:45:49.713,0.81515,0.81523,2.62,1.00
2018.03.26 11:45:50.218,0.81514,0.81522,1.50,1.00
2018.03.26 11:45:50.458,0.81513,0.81522,1.00,1.00
2018.03.26 11:45:50.920,0.81512,0.8152,1.12,1.00
2018.03.26 11:45:51.110,0.81512,0.81523,1.50,1.50
2018.03.26 11:45:51.167,0.81514,0.81522,1.00,1.00
2018.03.26 11:45:51.428,0.81515,0.81524,1.87,1.00
2018.03.26 11:45:51.931,0.81515,0.81525,1.00,1.87
2018.03.26 11:45:53.482,0.81515,0.81523,1.00,1.00
2018.03.26 11:45:54.020,0.81515,0.81524,1.00,1.00
2018.03.26 11:45:54.542,0.81514,0.81523,1.12,1.00
2018.03.26 11:45:54.935,0.81513,0.8152,1.12,1.00
2018.03.26 11:45:55.321,0.81513,0.81522,1.12,1.87
2018.03.26 11:45:55.424,0.81513,0.8152,1.00,1.00
2018.03.26 11:45:55.476,0.81511,0.8152,1.00,1.00
2018.03.26 11:45:56.084,0.8151,0.8152,1.12,1.50
2018.03.26 11:45:56.602,0.8151,0.81519,1.12,1.00
2018.03.26 11:45:57.006,0.81511,0.8152,1.50,1.00
2018.03.26 11:45:57.314,0.81511,0.81518,1.50,1.00
2018.03.26 11:45:57.365,0.81511,0.81522,1.50,2.62
2018.03.26 11:45:57.468,0.81511,0.8152,1.50,1.00
2018.03.26 11:45:57.572,0.81511,0.81522,1.50,4.12
2018.03.26 11:45:57.623,0.81512,0.81521,1.00,1.37
2018.03.26 11:45:57.726,0.81512,0.81522,1.12,1.00
2018.03.26 11:45:57.947,0.81514,0.81521,1.00,1.00
2018.03.26 11:45:58.050,0.81513,0.81523,1.12,2.25
2018.03.26 11:45:58.203,0.81514,0.81521,1.00,1.00
2018.03.26 11:45:58.524,0.81514,0.81519,1.00,1.00
2018.03.26 11:45:58.752,0.81515,0.81522,1.00,1.00
2018.03.26 11:45:58.805,0.81515,0.81525,1.50,3.00
2018.03.26 11:45:59.324,0.81514,0.81524,3.00,1.50
2018.03.26 11:46:00.182,0.81514,0.81525,2.25,2.62
2018.03.26 11:46:00.688,0.81514,0.81524,2.25,1.00
2018.03.26 11:46:01.047,0.81514,0.81522,1.50,1.00
2018.03.26 11:46:01.593,0.81513,0.81522,1.50,1.00
2018.03.26 11:46:01.923,0.81513,0.81524,4.12,2.62
2018.03.26 11:46:02.362,0.81513,0.81524,2.25,2.62
2018.03.26 11:46:02.928,0.81514,0.81523,1.00,2.25
2018.03.26 11:46:02.980,0.81512,0.8152,1.00,1.00
2018.03.26 11:46:06.470,0.81512,0.81519,1.00,1.00
2018.03.26 11:46:07.534,0.8151,0.81519,1.87,1.00
2018.03.26 11:46:08.466,0.8151,0.8152,1.12,1.12
2018.03.26 11:46:09.565,0.81512,0.8152,1.00,1.00
2018.03.26 11:46:10.076,0.81511,0.81521,1.00,2.62
2018.03.26 11:46:11.223,0.81511,0.81521,1.37,2.62
2018.03.26 11:46:12.434,0.8151,0.81521,2.25,2.25
2018.03.26 11:46:13.466,0.8151,0.8152,2.25,1.37
2018.03.26 11:46:13.934,0.8151,0.81521,2.62,2.25
2018.03.26 11:46:13.986,0.8151,0.81519,1.50,1.00
2018.03.26 11:46:14.447,0.81509,0.81516,1.12,1.00
2018.03.26 11:46:14.953,0.81508,0.81516,1.87,1.00
2018.03.26 11:46:15.609,0.81509,0.81518,1.00,2.62
2018.03.26 11:46:16.417,0.81508,0.81518,1.87,6.37
2018.03.26 11:46:16.787,0.81508,0.81519,1.87,1.87
2018.03.26 11:46:16.839,0.81511,0.81519,1.00,1.00
2018.03.26 11:46:17.093,0.81508,0.81518,1.87,1.00
2018.03.26 11:46:17.640,0.81508,0.81519,1.87,2.62
2018.03.26 11:46:17.879,0.81511,0.81519,1.00,1.12
2018.03.26 11:46:18.035,0.81515,0.81525,1.00,3.75
2018.03.26 11:46:18.393,0.81517,0.81525,1.00,1.87
2018.03.26 11:46:18.918,0.81518,0.81525,1.00,1.00
2018.03.26 11:46:19.424,0.81517,0.81526,1.00,2.62
2018.03.26 11:46:20.017,0.81516,0.81525,1.00,1.00
2018.03.26 11:46:22.108,0.81516,0.81525,1.00,2.62
2018.03.26 11:46:22.702,0.81516,0.81525,1.00,1.12
2018.03.26 11:46:23.228,0.81517,0.81527,2.25,1.50
2018.03.26 11:46:23.866,0.81517,0.81528,2.62,3.75
2018.03.26 11:46:25.136,0.81517,0.81527,2.25,1.00
2018.03.26 11:46:25.860,0.81517,0.81528,2.25,3.37
2018.03.26 11:46:26.501,0.81519,0.81528,1.00,1.87
2018.03.26 11:46:27.068,0.8152,0.81528,1.00,1.00
2018.03.26 11:46:31.036,0.81517,0.81527,2.25,1.12
2018.03.26 11:46:31.495,0.81518,0.81526,1.00,4.12
2018.03.26 11:46:31.596,0.81518,0.81526,1.00,1.00
2018.03.26 11:46:31.935,0.81518,0.81528,1.00,2.62
2018.03.26 11:46:32.470,0.81517,0.81528,1.12,2.62
2018.03.26 11:46:32.784,0.8152,0.81529,1.00,2.25
2018.03.26 11:46:36.989,0.8152,0.8153,1.12,1.87
2018.03.26 11:46:37.658,0.81519,0.81529,2.25,1.00
2018.03.26 11:46:39.578,0.8152,0.8153,1.12,1.87
2018.03.26 11:46:40.083,0.8152,0.81529,1.12,1.00
2018.03.26 11:46:42.021,0.8152,0.81529,1.50,1.00
2018.03.26 11:46:42.761,0.8152,0.8153,1.12,3.37
2018.03.26 11:46:43.423,0.8152,0.81529,1.12,1.00
2018.03.26 11:46:44.333,0.8152,0.8153,1.12,3.37
2018.03.26 11:46:47.518,0.81518,0.81527,4.87,1.00
2018.03.26 11:46:47.571,0.81518,0.81527,1.00,2.25
2018.03.26 11:46:47.778,0.81516,0.81524,1.00,1.00
2018.03.26 11:46:48.313,0.81515,0.81525,1.50,1.12
2018.03.26 11:46:48.767,0.81516,0.81524,1.00,1.37
2018.03.26 11:46:49.025,0.81513,0.81523,1.50,2.25
2018.03.26 11:46:49.570,0.81513,0.81523,1.50,1.12
2018.03.26 11:46:49.673,0.81515,0.81523,1.00,1.00
2018.03.26 11:46:49.880,0.81515,0.81525,1.12,1.50
2018.03.26 11:46:49.984,0.81517,0.81526,1.12,1.00
2018.03.26 11:46:52.011,0.81517,0.81527,1.87,1.12
2018.03.26 11:46:52.316,0.8152,0.81529,1.12,1.87
2018.03.26 11:46:52.963,0.8152,0.81528,1.12,1.00
2018.03.26 11:46:54.756,0.8152,0.81529,1.87,1.12
2018.03.26 11:46:55.061,0.81524,0.81533,1.00,1.12
2018.03.26 11:46:55.365,0.81525,0.81534,1.37,1.12
2018.03.26 11:46:55.633,0.81523,0.81533,1.87,1.50
2018.03.26 11:46:56.279,0.81523,0.81532,1.87,1.00
2018.03.26 11:46:56.842,0.81523,0.81533,1.87,1.12
2018.03.26 11:46:57.348,0.81524,0.81532,1.00,1.00
2018.03.26 11:47:01.545,0.81522,0.81532,1.87,1.00
2018.03.26 11:47:02.016,0.81523,0.81532,3.37,1.00
2018.03.26 11:47:02.120,0.81525,0.81534,1.12,2.25
2018.03.26 11:47:02.666,0.81525,0.81535,1.12,1.50
2018.03.26 11:47:03.202,0.81525,0.81534,1.00,1.87
2018.03.26 11:47:06.685,0.81525,0.81534,1.50,1.50
2018.03.26 11:47:07.213,0.81528,0.81536,1.00,1.00
2018.03.26 11:47:07.418,0.8153,0.81541,1.50,4.12
2018.03.26 11:47:07.520,0.81532,0.8154,1.00,1.12
2018.03.26 11:47:08.260,0.81533,0.81542,1.00,1.50
2018.03.26 11:47:08.568,0.81536,0.81544,1.00,1.00
2018.03.26 11:47:09.545,0.81534,0.81541,1.87,1.00
2018.03.26 11:47:09.882,0.81531,0.81537,4.12,1.00
2018.03.26 11:47:09.933,0.81531,0.81537,1.00,1.00
2018.03.26 11:47:10.036,0.81531,0.81539,1.00,1.00
2018.03.26 11:47:10.550,0.8153,0.81539,1.50,1.00
2018.03.26 11:47:10.992,0.81529,0.81537,1.12,1.00
2018.03.26 11:47:15.008,0.8153,0.81538,1.00,1.00
2018.03.26 11:47:15.477,0.8153,0.8154,2.25,2.25
2018.03.26 11:47:16.026,0.81532,0.81539,1.12,1.00
2018.03.26 11:47:16.537,0.8153,0.81539,3.00,1.00
2018.03.26 11:47:17.111,0.81529,0.81537,2.25,1.00
2018.03.26 11:47:17.263,0.81528,0.81537,1.12,1.00
2018.03.26 11:47:18.033,0.81528,0.81536,1.12,1.00
2018.03.26 11:47:18.582,0.81528,0.81536,3.37,1.00
2018.03.26 11:47:18.730,0.81528,0.81536,1.50,1.00
2018.03.26 11:47:18.911,0.81528,0.81538,1.50,1.50
2018.03.26 11:47:19.465,0.81529,0.81538,1.00,1.50
2018.03.26 11:47:20.029,0.8153,0.81539,1.50,1.50
2018.03.26 11:47:21.766,0.8153,0.81541,2.25,2.25
2018.03.26 11:47:22.260,0.81531,0.81539,1.00,1.00
2018.03.26 11:47:22.801,0.8153,0.81539,2.25,1.00
2018.03.26 11:47:23.337,0.8153,0.8154,2.25,1.00
2018.03.26 11:47:24.700,0.81529,0.8154,1.87,2.62
2018.03.26 11:47:25.037,0.81531,0.81539,1.00,1.12
2018.03.26 11:47:25.189,0.81529,0.81539,2.25,1.50
2018.03.26 11:47:25.846,0.8153,0.81539,1.00,1.50
2018.03.26 11:47:27.056,0.81529,0.81539,2.25,1.50
2018.03.26 11:47:27.614,0.8153,0.81539,1.00,1.50
2018.03.26 11:47:28.154,0.8153,0.8154,1.50,2.25
2018.03.26 11:47:30.332,0.8153,0.8154,1.87,2.25
2018.03.26 11:47:34.862,0.81533,0.8154,1.00,1.00
2018.03.26 11:47:36.210,0.81533,0.81543,1.00,1.50
2018.03.26 11:47:36.261,0.81534,0.81545,1.12,2.62
2018.03.26 11:47:36.491,0.81536,0.81545,1.00,1.00
2018.03.26 11:47:37.363,0.81536,0.81546,1.00,1.87
2018.03.26 11:47:38.016,0.81535,0.81545,1.50,1.12
2018.03.26 11:47:39.657,0.81536,0.81545,1.00,1.12
2018.03.26 11:47:40.200,0.81535,0.81545,1.50,1.12
2018.03.26 11:47:41.544,0.81535,0.81544,1.00,2.25
2018.03.26 11:47:41.646,0.81533,0.81543,1.50,1.87
2018.03.26 11:47:42.562,0.81532,0.8154,1.87,1.00
2018.03.26 11:47:42.717,0.81525,0.81534,1.50,1.00
2018.03.26 11:47:42.821,0.81523,0.81534,1.87,1.12
2018.03.26 11:47:42.924,0.81524,0.81534,2.25,1.00
2018.03.26 11:47:43.501,0.81524,0.81534,1.12,1.12
2018.03.26 11:47:44.601,0.81523,0.81534,1.87,1.37
2018.03.26 11:47:45.145,0.81524,0.81534,1.37,1.37
2018.03.26 11:47:45.960,0.81523,0.81534,2.25,3.00
2018.03.26 11:47:46.063,0.81523,0.81534,2.25,1.50
2018.03.26 11:47:46.652,0.81523,0.81533,2.25,1.00
2018.03.26 11:47:46.846,0.81523,0.81533,1.87,4.12
2018.03.26 11:47:47.971,0.81523,0.81533,1.87,1.12
2018.03.26 11:47:49.222,0.81524,0.81533,1.00,1.12
2018.03.26 11:47:49.918,0.81525,0.81533,1.00,1.00
2018.03.26 11:47:50.605,0.81524,0.81533,1.50,1.00
2018.03.26 11:47:52.067,0.81523,0.81533,1.50,1.00
2018.03.26 11:47:53.750,0.81522,0.81533,1.87,1.12
2018.03.26 11:47:54.295,0.81523,0.81533,1.00,1.12
2018.03.26 11:47:55.778,0.81523,0.81533,2.25,1.00
2018.03.26 11:47:56.700,0.81523,0.81533,2.25,1.00
2018.03.26 11:47:57.238,0.81524,0.81533,1.00,1.00
2018.03.26 11:48:00.951,0.81524,0.81534,1.50,1.50
2018.03.26 11:48:01.054,0.81526,0.81536,1.00,1.50
2018.03.26 11:48:01.364,0.8153,0.81538,1.00,1.50
2018.03.26 11:48:02.628,0.8153,0.81538,1.00,1.12
2018.03.26 11:48:03.248,0.81529,0.81538,1.00,1.12
2018.03.26 11:48:03.909,0.8153,0.81538,1.00,1.12
2018.03.26 11:48:06.227,0.81529,0.81537,1.00,1.12
2018.03.26 11:48:06.557,0.81527,0.81535,1.00,1.12
2018.03.26 11:48:07.170,0.81527,0.81536,1.00,1.50
2018.03.26 11:48:07.708,0.81527,0.81536,1.00,1.50
2018.03.26 11:48:08.214,0.81528,0.81537,1.00,1.50
2018.03.26 11:48:08.532,0.81532,0.81539,1.00,1.12
2018.03.26 11:48:09.104,0.81532,0.8154,1.00,1.87
2018.03.26 11:48:10.027,0.81531,0.8154,1.00,1.12
2018.03.26 11:48:10.346,0.81529,0.81537,1.50,1.12
2018.03.26 11:48:10.872,0.8153,0.81538,1.00,1.12
2018.03.26 11:48:11.419,0.8153,0.81539,1.00,4.12
2018.03.26 11:48:11.624,0.8153,0.81539,1.00,1.87
2018.03.26 11:48:12.156,0.8153,0.81536,1.00,1.00
2018.03.26 11:48:12.208,0.81528,0.81537,1.12,2.25
2018.03.26 11:48:12.751,0.81528,0.81536,1.00,1.12
2018.03.26 11:48:12.802,0.81526,0.81536,2.25,1.12
2018.03.26 11:48:13.356,0.81526,0.81536,2.25,1.12
2018.03.26 11:48:13.883,0.81527,0.81537,1.87,1.50
2018.03.26 11:48:14.138,0.81525,0.81536,1.87,2.62
2018.03.26 11:48:14.808,0.81525,0.81536,1.50,3.00
2018.03.26 11:48:15.395,0.81525,0.81534,1.50,1.00
2018.03.26 11:48:15.927,0.81526,0.81536,1.50,2.62
2018.03.26 11:48:16.144,0.81526,0.81535,1.00,4.12
2018.03.26 11:48:16.652,0.81526,0.81536,1.50,3.75
2018.03.26 11:48:17.268,0.81527,0.81536,1.00,2.25
2018.03.26 11:48:20.570,0.81527,0.81536,1.50,1.00
2018.03.26 11:48:21.647,0.81528,0.81537,1.50,1.50
2018.03.26 11:48:21.947,0.8153,0.81538,1.00,1.00
2018.03.26 11:48:23.037,0.8153,0.81539,1.50,1.00
2018.03.26 11:48:23.486,0.81531,0.81541,1.50,2.62
2018.03.26 11:48:24.202,0.81532,0.81541,1.00,1.00
2018.03.26 11:48:24.706,0.81532,0.81542,1.50,3.37
2018.03.26 11:48:25.210,0.81532,0.81542,3.00,1.87
2018.03.26 11:48:26.734,0.81532,0.8154,1.00,1.00
2018.03.26 11:48:26.836,0.8153,0.8154,1.12,1.12
2018.03.26 11:48:27.218,0.81529,0.81538,1.12,1.00
2018.03.26 11:48:27.761,0.81528,0.81538,1.87,1.00
2018.03.26 11:48:28.277,0.81528,0.81538,2.25,1.12
2018.03.26 11:48:29.224,0.81528,0.81538,1.87,1.12
2018.03.26 11:48:30.453,0.81529,0.81538,1.00,1.12
2018.03.26 11:48:31.725,0.81527,0.81538,3.00,1.87
2018.03.26 11:48:32.329,0.81528,0.81538,1.50,2.25
2018.03.26 11:48:33.761,0.81527,0.81537,1.00,1.87
2018.03.26 11:48:34.224,0.81526,0.81534,1.00,1.00
2018.03.26 11:48:34.532,0.81521,0.81529,3.37,1.12
2018.03.26 11:48:34.584,0.81521,0.81529,1.00,1.12
2018.03.26 11:48:37.114,0.81521,0.81528,1.00,1.00
2018.03.26 11:48:37.693,0.81521,0.81529,1.00,1.12
2018.03.26 11:48:38.244,0.81522,0.81529,1.00,1.12
2018.03.26 11:48:38.772,0.8152,0.8153,1.50,1.75
2018.03.26 11:48:39.282,0.81521,0.81529,1.12,1.00
2018.03.26 11:48:39.832,0.81522,0.8153,1.00,2.25
2018.03.26 11:48:40.683,0.81521,0.81529,1.12,1.50
2018.03.26 11:48:41.804,0.81519,0.8153,2.25,3.37
2018.03.26 11:48:42.231,0.81518,0.81527,2.25,1.00
2018.03.26 11:48:42.486,0.81516,0.81526,1.12,1.00
2018.03.26 11:48:45.049,0.81515,0.81525,1.87,1.12
2018.03.26 11:48:45.593,0.81516,0.81525,1.00,1.12
2018.03.26 11:48:46.514,0.81513,0.8152,2.25,1.00
2018.03.26 11:48:46.617,0.81512,0.81521,1.50,1.12
2018.03.26 11:48:47.082,0.81511,0.81519,1.00,1.12
2018.03.26 11:48:47.186,0.81509,0.81518,1.50,1.00
2018.03.26 11:48:47.911,0.81509,0.81517,1.12,1.00
2018.03.26 11:48:48.167,0.81506,0.81515,1.12,1.00
2018.03.26 11:48:50.206,0.81506,0.81516,1.50,1.87
2018.03.26 11:48:50.785,0.81507,0.81517,1.50,2.25
2018.03.26 11:48:52.081,0.81507,0.81517,1.50,1.50
2018.03.26 11:48:52.583,0.81507,0.81517,1.12,1.87
2018.03.26 11:48:53.087,0.81505,0.81516,3.00,1.50
2018.03.26 11:48:53.589,0.81506,0.81516,3.37,1.50
2018.03.26 11:48:54.298,0.81506,0.81516,1.50,1.00
2018.03.26 11:48:55.030,0.81508,0.81516,1.00,1.00
2018.03.26 11:48:55.543,0.81508,0.81516,1.50,1.00
2018.03.26 11:48:55.941,0.8151,0.8152,1.00,2.25
2018.03.26 11:48:56.456,0.81509,0.81519,3.37,1.00
2018.03.26 11:48:57.666,0.81509,0.81518,1.12,1.00
2018.03.26 11:48:57.993,0.81509,0.81519,3.00,2.62
2018.03.26 11:48:58.728,0.81511,0.8152,1.00,1.12
2018.03.26 11:48:59.243,0.81511,0.81521,1.12,3.00
2018.03.26 11:48:59.764,0.8151,0.81518,1.50,1.00
2018.03.26 11:49:00.130,0.81508,0.81519,1.87,1.87
2018.03.26 11:49:00.714,0.81508,0.81518,1.12,1.50
2018.03.26 11:49:01.381,0.81508,0.81518,1.50,1.12
2018.03.26 11:49:01.946,0.81508,0.81517,4.12,1.00
2018.03.26 11:49:02.476,0.81509,0.81518,1.00,1.12
2018.03.26 11:49:02.991,0.81508,0.81518,1.87,1.12
2018.03.26 11:49:03.527,0.81509,0.81518,1.00,1.12
2018.03.26 11:49:03.864,0.81509,0.81515,1.00,1.00
2018.03.26 11:49:04.369,0.81508,0.81516,1.37,1.00
2018.03.26 11:49:05.066,0.81508,0.81517,1.37,1.12
2018.03.26 11:49:05.379,0.81508,0.81515,1.00,1.00
2018.03.26 11:49:06.760,0.81508,0.81516,1.00,1.00
2018.03.26 11:49:08.294,0.81506,0.81515,3.00,1.12
2018.03.26 11:49:08.869,0.81508,0.81516,1.00,1.37
2018.03.26 11:49:08.922,0.81508,0.81517,1.12,1.12
2018.03.26 11:49:09.500,0.81509,0.81518,1.87,1.50
2018.03.26 11:49:10.036,0.81509,0.81519,2.25,1.00
2018.03.26 11:49:12.346,0.81511,0.81519,1.00,1.50
2018.03.26 11:49:12.853,0.8151,0.81519,1.12,1.50
2018.03.26 11:49:13.006,0.81512,0.8152,1.00,1.50
2018.03.26 11:49:13.676,0.81512,0.81522,1.87,1.87
2018.03.26 11:49:14.199,0.81514,0.81522,1.00,1.87
2018.03.26 11:49:14.251,0.81511,0.81521,1.87,2.25
2018.03.26 11:49:14.827,0.81511,0.81519,1.00,1.00
2018.03.26 11:49:16.779,0.81511,0.8152,1.00,1.87
2018.03.26 11:49:16.975,0.81511,0.81521,4.12,1.00
2018.03.26 11:49:17.482,0.81513,0.81521,1.50,1.00
2018.03.26 11:49:18.065,0.81513,0.81521,1.12,1.00
2018.03.26 11:49:18.605,0.81513,0.81521,1.50,1.50
2018.03.26 11:49:19.229,0.81513,0.81521,1.12,1.50
2018.03.26 11:49:20.377,0.81513,0.81521,3.37,1.50
2018.03.26 11:49:21.656,0.81511,0.81521,2.25,1.50
2018.03.26 11:49:22.126,0.8151,0.81518,1.50,1.00
2018.03.26 11:49:22.229,0.81508,0.81518,1.00,1.50
2018.03.26 11:49:22.616,0.8151,0.81518,1.00,1.00
2018.03.26 11:49:23.159,0.8151,0.81517,1.00,1.00
2018.03.26 11:49:23.364,0.81505,0.81514,1.12,1.87
2018.03.26 11:49:23.878,0.81505,0.81513,1.00,1.00
2018.03.26 11:49:24.237,0.81505,0.81515,1.50,1.00
2018.03.26 11:49:24.466,0.81509,0.81517,1.00,1.00
2018.03.26 11:49:26.559,0.81509,0.81518,1.00,1.50
2018.03.26 11:49:27.106,0.81508,0.81519,1.87,3.75
2018.03.26 11:49:27.603,0.81508,0.81518,1.50,3.00
2018.03.26 11:49:28.178,0.81508,0.81518,1.12,1.37
2018.03.26 11:49:28.717,0.81506,0.81516,1.87,1.50
2018.03.26 11:49:29.227,0.81506,0.81516,1.50,1.00
2018.03.26 11:49:29.832,0.81506,0.81516,1.12,1.75
2018.03.26 11:49:29.936,0.81507,0.81517,1.00,1.87
2018.03.26 11:49:30.040,0.81508,0.81519,1.12,3.37
2018.03.26 11:49:30.228,0.81509,0.81519,1.50,1.50
2018.03.26 11:49:30.914,0.8151,0.81519,1.50,1.00
2018.03.26 11:49:31.496,0.8151,0.81518,1.00,1.00
2018.03.26 11:49:32.022,0.81509,0.81519,1.50,1.12
2018.03.26 11:49:32.570,0.81509,0.81519,1.87,1.50
2018.03.26 11:49:32.938,0.8151,0.8152,3.37,3.37
2018.03.26 11:49:33.475,0.8151,0.8152,3.37,2.25
2018.03.26 11:49:33.788,0.81509,0.8152,1.00,4.12
2018.03.26 11:49:37.819,0.81509,0.81519,1.00,1.50
2018.03.26 11:49:38.376,0.81509,0.81519,1.00,2.25
2018.03.26 11:49:41.088,0.81508,0.81519,1.87,4.12
2018.03.26 11:49:41.252,0.81506,0.81516,3.00,1.00
2018.03.26 11:49:42.040,0.81507,0.81516,1.00,1.00
2018.03.26 11:49:43.650,0.81507,0.81517,1.00,2.25
2018.03.26 11:49:44.268,0.81507,0.81517,1.00,2.25
2018.03.26 11:49:45.983,0.81506,0.81516,1.00,3.75
2018.03.26 11:49:46.566,0.81507,0.81516,1.00,1.12
2018.03.26 11:49:47.128,0.81507,0.81517,1.12,4.12
2018.03.26 11:49:47.782,0.81507,0.81516,1.12,1.00
2018.03.26 11:49:48.449,0.81507,0.81517,1.00,1.12
2018.03.26 11:49:50.257,0.81509,0.81519,1.37,3.00
2018.03.26 11:49:50.591,0.81507,0.81517,2.25,1.00
2018.03.26 11:49:51.150,0.81506,0.81516,1.50,1.00
2018.03.26 11:49:51.857,0.81506,0.81516,1.12,1.12
2018.03.26 11:49:52.232,0.81506,0.81516,3.37,1.00
2018.03.26 11:49:52.733,0.81506,0.81514,1.00,1.00
2018.03.26 11:49:53.393,0.81505,0.81515,1.50,1.50
2018.03.26 11:49:53.913,0.81505,0.81514,1.12,1.00
2018.03.26 11:49:55.148,0.81504,0.81513,1.50,1.00
2018.03.26 11:49:56.888,0.81504,0.81513,1.50,1.00
2018.03.26 11:49:58.356,0.81504,0.81513,3.37,1.00
2018.03.26 11:49:58.989,0.81505,0.81513,2.62,1.00
2018.03.26 11:49:59.217,0.81504,0.81513,2.25,1.00
2018.03.26 11:49:59.719,0.81504,0.81513,1.12,1.00
2018.03.26 11:50:00.497,0.81505,0.81514,3.37,1.50
2018.03.26 11:50:00.598,0.81505,0.81514,1.00,1.50
2018.03.26 11:50:00.700,0.81505,0.81514,2.62,1.00
2018.03.26 11:50:00.851,0.81504,0.81514,2.25,1.50
2018.03.26 11:50:01.384,0.81504,0.81513,1.00,1.00
2018.03.26 11:50:04.521,0.81503,0.81511,1.12,1.00
2018.03.26 11:50:04.824,0.81493,0.81502,1.12,1.00
2018.03.26 11:50:05.027,0.81491,0.815,1.12,1.00
2018.03.26 11:50:05.487,0.81488,0.81496,2.62,1.00
2018.03.26 11:50:05.692,0.8148,0.81488,1.00,1.00
2018.03.26 11:50:05.795,0.81481,0.8149,1.00,1.12
2018.03.26 11:50:06.100,0.81483,0.8149,1.00,1.00
2018.03.26 11:50:06.208,0.81482,0.81492,1.12,1.50
2018.03.26 11:50:06.310,0.81482,0.81492,4.12,1.00
2018.03.26 11:50:06.666,0.81481,0.81491,2.25,1.00
2018.03.26 11:50:07.323,0.81482,0.81492,4.12,1.50
2018.03.26 11:50:08.318,0.81485,0.81492,1.00,1.00
2018.03.26 11:50:08.867,0.81486,0.81492,1.12,1.00
2018.03.26 11:50:09.395,0.81486,0.81492,2.25,1.00
2018.03.26 11:50:09.446,0.81486,0.81494,2.25,1.00
2018.03.26 11:50:09.979,0.81487,0.81494,1.37,1.00
2018.03.26 11:50:10.768,0.81487,0.81494,1.12,1.00
2018.03.26 11:50:11.673,0.81485,0.81493,1.12,1.00
2018.03.26 11:50:11.775,0.81484,0.81491,1.50,1.00
2018.03.26 11:50:12.311,0.81484,0.81491,1.00,1.00
2018.03.26 11:50:13.893,0.81482,0.81493,4.12,1.87
2018.03.26 11:50:14.039,0.81482,0.81492,1.12,1.00
2018.03.26 11:50:14.141,0.81482,0.81492,3.37,1.12
2018.03.26 11:50:14.275,0.81482,0.81492,1.12,1.50
2018.03.26 11:50:15.563,0.81483,0.81492,1.00,2.62
2018.03.26 11:50:16.303,0.81485,0.81494,1.50,1.00
2018.03.26 11:50:16.840,0.81485,0.81495,2.25,1.00
2018.03.26 11:50:18.536,0.81485,0.81496,1.50,2.25
2018.03.26 11:50:20.110,0.81486,0.81496,2.62,1.87
2018.03.26 11:50:20.701,0.81485,0.81496,1.50,1.87
2018.03.26 11:50:21.032,0.81486,0.81496,2.62,1.87
2018.03.26 11:50:22.009,0.81486,0.81496,3.00,1.00
2018.03.26 11:50:22.548,0.81487,0.81496,1.50,1.50
2018.03.26 11:50:24.085,0.81487,0.81496,1.12,1.00
2018.03.26 11:50:24.138,0.81488,0.81498,1.00,1.50
2018.03.26 11:50:24.303,0.81489,0.81498,1.50,1.00
2018.03.26 11:50:24.823,0.81489,0.81499,1.50,1.00
2018.03.26 11:50:25.349,0.81489,0.81499,1.50,1.50
2018.03.26 11:50:25.732,0.81492,0.81499,1.00,1.12
2018.03.26 11:50:25.936,0.81491,0.81501,1.12,1.00
2018.03.26 11:50:26.088,0.81491,0.81502,3.37,3.37
2018.03.26 11:50:26.190,0.81491,0.81501,1.12,2.25
2018.03.26 11:50:26.730,0.81492,0.815,1.00,1.00
2018.03.26 11:50:26.883,0.8149,0.815,2.25,1.00
2018.03.26 11:50:26.986,0.81492,0.815,1.00,1.00
2018.03.26 11:50:27.141,0.81492,0.81502,1.12,1.12
2018.03.26 11:50:27.750,0.81493,0.81503,1.37,1.37
2018.03.26 11:50:27.853,0.81495,0.81505,1.50,2.25
2018.03.26 11:50:28.355,0.81495,0.81504,1.12,1.00
2018.03.26 11:50:30.473,0.81496,0.81504,1.00,1.12
2018.03.26 11:50:32.124,0.81496,0.81506,1.50,1.50
2018.03.26 11:50:32.668,0.81496,0.81506,1.12,1.87
2018.03.26 11:50:34.147,0.81496,0.81506,1.12,3.00
2018.03.26 11:50:34.745,0.81495,0.81505,1.87,1.00
2018.03.26 11:50:35.249,0.81495,0.81504,1.12,1.00
2018.03.26 11:50:36.321,0.81495,0.81505,1.50,1.00
2018.03.26 11:50:36.424,0.81496,0.81506,1.50,1.50
2018.03.26 11:50:36.974,0.81496,0.81505,1.37,1.12
2018.03.26 11:50:37.676,0.81496,0.81505,3.37,1.00
2018.03.26 11:50:38.210,0.81496,0.81506,2.25,1.00
2018.03.26 11:50:40.610,0.81496,0.81506,3.37,1.00
2018.03.26 11:50:41.085,0.81496,0.81506,1.50,1.50
2018.03.26 11:50:41.529,0.81496,0.81504,1.00,1.12
2018.03.26 11:50:41.580,0.81494,0.81505,2.62,2.25
2018.03.26 11:50:42.117,0.81495,0.81505,1.00,1.50
2018.03.26 11:50:42.335,0.81497,0.81505,1.00,1.00
2018.03.26 11:50:42.437,0.81498,0.81508,1.12,1.00
2018.03.26 11:50:42.538,0.81499,0.81509,1.37,1.87
2018.03.26 11:50:42.741,0.815,0.8151,1.12,2.62
2018.03.26 11:50:43.245,0.81499,0.81509,1.12,2.25
2018.03.26 11:50:43.348,0.815,0.8151,1.37,3.00
2018.03.26 11:50:48.127,0.815,0.81509,1.00,1.12
2018.03.26 11:50:48.729,0.815,0.8151,1.00,2.25
2018.03.26 11:50:49.658,0.81501,0.8151,1.00,1.87
2018.03.26 11:50:50.524,0.815,0.8151,1.00,3.00
2018.03.26 11:50:51.034,0.815,0.81508,1.00,1.00
2018.03.26 11:50:51.468,0.815,0.8151,1.00,2.25
2018.03.26 11:50:52.002,0.815,0.8151,1.00,3.37
2018.03.26 11:50:54.328,0.815,0.8151,1.12,3.75
2018.03.26 11:50:54.876,0.81499,0.8151,3.37,3.75
2018.03.26 11:50:55.398,0.815,0.8151,1.00,3.00
2018.03.26 11:50:55.989,0.81499,0.8151,1.00,4.12
2018.03.26 11:50:56.542,0.81499,0.8151,1.50,3.00
2018.03.26 11:50:57.436,0.815,0.81509,1.12,1.00
2018.03.26 11:50:57.983,0.815,0.81511,1.12,2.62
2018.03.26 11:50:58.576,0.81501,0.81511,1.00,2.62
2018.03.26 11:51:00.676,0.815,0.81509,1.00,1.50
2018.03.26 11:51:01.411,0.815,0.81509,1.00,1.50
2018.03.26 11:51:01.920,0.815,0.81509,1.00,1.50
2018.03.26 11:51:02.921,0.815,0.81509,1.00,1.00
2018.03.26 11:51:03.688,0.81501,0.81511,1.00,3.75
2018.03.26 11:51:04.297,0.81501,0.81511,1.12,2.62
2018.03.26 11:51:04.897,0.81501,0.8151,1.00,1.00
2018.03.26 11:51:05.430,0.81502,0.81511,1.00,1.50
2018.03.26 11:51:05.981,0.81502,0.81511,1.00,1.12
2018.03.26 11:51:06.531,0.81502,0.81511,1.00,2.25
2018.03.26 11:51:07.078,0.81503,0.81511,1.00,1.12
2018.03.26 11:51:07.287,0.81503,0.81513,1.00,1.12
2018.03.26 11:51:07.812,0.81504,0.81514,1.50,4.12
2018.03.26 11:51:08.407,0.81504,0.81514,1.87,1.50
2018.03.26 11:51:08.920,0.81504,0.81514,1.87,1.37
2018.03.26 11:51:09.354,0.81505,0.81515,1.12,2.25
2018.03.26 11:51:09.500,0.81507,0.81515,1.00,1.50
2018.03.26 11:51:10.016,0.81509,0.81516,1.00,1.87
2018.03.26 11:51:10.569,0.81509,0.81516,1.00,1.37
2018.03.26 11:51:10.880,0.81511,0.81516,1.00,1.37
2018.03.26 11:51:10.988,0.81509,0.81516,1.00,1.37
2018.03.26 11:51:15.129,0.8151,0.81518,1.50,1.00
2018.03.26 11:51:15.233,0.81514,0.81521,1.00,1.87
2018.03.26 11:51:15.810,0.81514,0.81521,1.00,1.00
2018.03.26 11:51:16.325,0.81514,0.8152,1.00,1.12
2018.03.26 11:51:16.676,0.81512,0.8152,1.50,1.00
2018.03.26 11:51:17.254,0.81512,0.8152,1.50,1.37
2018.03.26 11:51:17.986,0.81512,0.8152,1.50,1.00
2018.03.26 11:51:18.532,0.81512,0.81522,1.12,1.37
2018.03.26 11:51:18.931,0.81514,0.81524,1.00,5.62
2018.03.26 11:51:19.034,0.81515,0.81525,2.25,1.00
2018.03.26 11:51:19.217,0.81517,0.81525,1.37,1.00
2018.03.26 11:51:19.371,0.81516,0.81526,2.25,1.50
2018.03.26 11:51:20.180,0.81517,0.81526,1.00,1.87
2018.03.26 11:51:20.385,0.81519,0.81527,1.00,1.12
2018.03.26 11:51:20.931,0.81519,0.81529,1.50,1.12
2018.03.26 11:51:21.446,0.81519,0.81529,1.50,1.87
2018.03.26 11:51:22.004,0.81519,0.81527,1.87,1.12
2018.03.26 11:51:22.157,0.81519,0.81529,1.00,1.50
2018.03.26 11:51:22.854,0.81519,0.81529,1.00,2.62
2018.03.26 11:51:24.138,0.81519,0.81529,1.00,1.00
2018.03.26 11:51:25.648,0.8152,0.8153,1.00,2.62
2018.03.26 11:51:27.270,0.81521,0.8153,1.12,1.87
2018.03.26 11:51:27.680,0.81519,0.81529,2.25,1.50
2018.03.26 11:51:28.217,0.8152,0.8153,1.00,5.62
2018.03.26 11:51:29.702,0.8152,0.81529,1.00,1.12
2018.03.26 11:51:30.209,0.8152,0.81529,1.00,1.50
2018.03.26 11:51:30.717,0.8152,0.8153,1.00,3.75
2018.03.26 11:51:32.123,0.8152,0.8153,1.00,4.87
2018.03.26 11:51:32.431,0.81521,0.8153,1.00,1.87
2018.03.26 11:51:33.000,0.81521,0.81529,1.00,1.50
2018.03.26 11:51:35.220,0.8152,0.81529,1.00,1.00
2018.03.26 11:51:35.793,0.81521,0.81529,1.00,1.00
2018.03.26 11:51:35.947,0.81521,0.81531,1.00,1.12
2018.03.26 11:51:36.884,0.81522,0.81532,1.00,3.00
2018.03.26 11:51:37.394,0.81522,0.81533,1.50,2.62
2018.03.26 11:51:38.034,0.81522,0.81531,1.00,1.50
2018.03.26 11:51:38.578,0.81523,0.81532,1.00,1.12
2018.03.26 11:51:39.464,0.81523,0.81534,1.87,6.00
2018.03.26 11:51:40.005,0.81525,0.81534,1.00,1.50
2018.03.26 11:51:40.509,0.81525,0.81535,1.50,3.00
2018.03.26 11:51:41.001,0.81525,0.81532,1.00,1.00
2018.03.26 11:51:41.208,0.81523,0.81533,1.50,1.50
2018.03.26 11:51:41.512,0.81525,0.81533,1.00,2.25
2018.03.26 11:51:41.615,0.81523,0.81533,1.50,2.62
2018.03.26 11:51:41.767,0.81522,0.8153,1.00,1.12
2018.03.26 11:51:42.036,0.8152,0.81529,1.50,1.00
2018.03.26 11:51:42.561,0.8152,0.8153,1.00,4.87
2018.03.26 11:51:43.086,0.81519,0.8153,1.00,5.62
2018.03.26 11:51:43.386,0.81521,0.81528,1.00,1.00
2018.03.26 11:51:43.438,0.81526,0.81534,1.00,1.00
2018.03.26 11:51:43.542,0.81527,0.81537,1.00,3.00
2018.03.26 11:51:43.647,0.81526,0.81535,1.50,1.50
2018.03.26 11:51:44.195,0.81525,0.81535,1.50,1.12
2018.03.26 11:51:44.514,0.81527,0.81535,1.00,1.12
2018.03.26 11:51:45.262,0.81527,0.81536,1.12,1.00
2018.03.26 11:51:45.572,0.81529,0.81539,1.12,1.50
2018.03.26 11:51:45.725,0.81531,0.81538,1.00,1.00
2018.03.26 11:51:45.827,0.81529,0.81539,3.37,1.50
2018.03.26 11:51:45.929,0.81531,0.81539,1.00,1.12
2018.03.26 11:51:46.132,0.81529,0.81538,1.00,1.87
2018.03.26 11:51:46.638,0.81528,0.81538,1.00,2.62
2018.03.26 11:51:47.037,0.81526,0.81536,1.87,1.87
2018.03.26 11:51:47.448,0.81526,0.81536,1.12,5.62
2018.03.26 11:51:48.092,0.81526,0.81536,2.25,3.00
2018.03.26 11:51:48.617,0.81526,0.81536,1.50,3.00
2018.03.26 11:51:48.929,0.81526,0.81535,1.50,2.62
2018.03.26 11:51:49.456,0.81526,0.81536,1.87,4.87
2018.03.26 11:51:50.014,0.81526,0.81536,1.50,3.00
2018.03.26 11:51:51.252,0.81526,0.81534,1.00,2.25
2018.03.26 11:51:51.606,0.81524,0.81533,1.00,1.87
2018.03.26 11:51:52.135,0.81525,0.81533,1.12,1.00
2018.03.26 11:51:53.978,0.81526,0.81534,1.12,1.00
2018.03.26 11:51:54.132,0.81526,0.81536,1.12,1.87
2018.03.26 11:51:54.258,0.81528,0.81536,1.00,1.87
2018.03.26 11:51:55.738,0.81527,0.81536,1.00,1.87
2018.03.26 11:51:56.434,0.81527,0.81535,1.00,1.00
2018.03.26 11:51:57.612,0.81526,0.81535,1.87,1.00
2018.03.26 11:51:58.162,0.81525,0.81535,1.12,1.87
2018.03.26 11:51:58.866,0.81526,0.81535,1.00,1.00
2018.03.26 11:51:59.378,0.81527,0.81536,1.00,1.50
2018.03.26 11:52:00.694,0.81527,0.81537,1.50,1.50
2018.03.26 11:52:01.226,0.81528,0.81538,3.37,1.87
2018.03.26 11:52:02.113,0.81529,0.81539,2.25,2.25
2018.03.26 11:52:02.633,0.81529,0.81538,1.12,1.00
2018.03.26 11:52:03.223,0.81529,0.81539,1.50,1.00
2018.03.26 11:52:03.534,0.81531,0.81539,1.00,1.00
2018.03.26 11:52:04.247,0.81531,0.81539,1.50,1.00
2018.03.26 11:52:04.443,0.81531,0.81541,1.50,1.50
2018.03.26 11:52:05.384,0.81531,0.81541,2.62,1.50
2018.03.26 11:52:05.586,0.8153,0.81541,2.25,1.50
2018.03.26 11:52:05.742,0.81531,0.81541,2.62,1.87
2018.03.26 11:52:07.165,0.8153,0.81541,4.87,1.50
2018.03.26 11:52:07.693,0.81531,0.81541,3.37,1.00
2018.03.26 11:52:08.325,0.8153,0.81541,2.25,1.00
2018.03.26 11:52:09.124,0.8153,0.8154,2.25,1.00
2018.03.26 11:52:12.630,0.8153,0.81541,2.25,1.50
2018.03.26 11:52:13.341,0.8153,0.81541,4.87,1.50
2018.03.26 11:52:14.211,0.8153,0.81541,3.00,1.87
2018.03.26 11:52:14.717,0.81531,0.8154,1.12,1.00
2018.03.26 11:52:15.508,0.8153,0.8154,1.12,1.50
2018.03.26 11:52:19.495,0.8153,0.81539,1.00,1.00
2018.03.26 11:52:19.547,0.81528,0.81538,1.12,1.00
2018.03.26 11:52:20.115,0.81527,0.81537,3.00,1.00
2018.03.26 11:52:20.695,0.81527,0.81538,3.00,1.00
2018.03.26 11:52:22.083,0.8153,0.81539,1.00,1.00
2018.03.26 11:52:22.853,0.8153,0.81538,1.00,1.00
2018.03.26 11:52:23.492,0.81529,0.81537,1.12,1.00
2018.03.26 11:52:24.118,0.81529,0.81539,1.00,1.12
2018.03.26 11:52:24.170,0.81528,0.81537,1.12,1.00
2018.03.26 11:52:26.304,0.81528,0.81538,1.12,2.25
2018.03.26 11:52:26.616,0.81529,0.81538,3.37,1.00
2018.03.26 11:52:26.667,0.81529,0.8154,2.25,1.00
2018.03.26 11:52:27.171,0.81529,0.81538,3.37,1.00
2018.03.26 11:52:27.689,0.8153,0.81538,1.00,1.00
2018.03.26 11:52:28.855,0.8153,0.81538,1.50,1.00
2018.03.26 11:52:29.088,0.8153,0.8154,1.12,1.00
2018.03.26 11:52:29.965,0.81531,0.8154,1.87,1.00
2018.03.26 11:52:30.560,0.81532,0.8154,1.00,1.00
2018.03.26 11:52:31.064,0.81532,0.81541,1.00,1.00
2018.03.26 11:52:31.745,0.81532,0.8154,1.00,1.00
2018.03.26 11:52:32.912,0.81532,0.81541,1.00,1.00
2018.03.26 11:52:33.943,0.81532,0.81539,1.00,1.00
2018.03.26 11:52:34.753,0.8153,0.81539,3.00,1.00
2018.03.26 11:52:35.602,0.81531,0.81541,1.00,1.87
2018.03.26 11:52:36.122,0.8153,0.8154,4.12,1.12
2018.03.26 11:52:37.866,0.81531,0.8154,1.12,1.00
2018.03.26 11:52:38.381,0.81531,0.81541,1.12,1.12
2018.03.26 11:52:38.988,0.8153,0.8154,4.87,1.00
2018.03.26 11:52:40.331,0.81532,0.8154,1.50,1.00
2018.03.26 11:52:41.066,0.81533,0.81541,1.00,1.00
2018.03.26 11:52:41.118,0.81534,0.81543,1.00,1.87
2018.03.26 11:52:41.220,0.81534,0.81544,4.12,1.12
2018.03.26 11:52:41.322,0.81536,0.81546,1.00,1.87
2018.03.26 11:52:41.836,0.81535,0.81545,1.12,1.00
2018.03.26 11:52:42.954,0.81534,0.81544,2.25,1.00
2018.03.26 11:52:43.057,0.81532,0.81543,3.00,1.12
2018.03.26 11:52:43.222,0.81533,0.81541,1.50,1.00
2018.03.26 11:52:43.639,0.81533,0.81543,4.12,1.00
2018.03.26 11:52:43.741,0.81532,0.81542,2.62,1.00
2018.03.26 11:52:44.029,0.81531,0.8154,3.37,1.00
2018.03.26 11:52:44.082,0.8153,0.81539,1.00,1.12
2018.03.26 11:52:44.769,0.81529,0.81539,1.12,1.00
2018.03.26 11:52:47.813,0.81529,0.81539,2.25,1.12
2018.03.26 11:52:48.421,0.8153,0.81539,1.12,1.00
2018.03.26 11:52:48.948,0.81529,0.8154,1.12,1.12
2018.03.26 11:52:49.911,0.81529,0.81539,1.12,1.00
2018.03.26 11:52:50.498,0.8153,0.8154,1.00,1.00
2018.03.26 11:52:50.839,0.8153,0.81541,3.75,1.87
2018.03.26 11:52:51.043,0.8153,0.81541,1.50,1.50
2018.03.26 11:52:52.158,0.8153,0.81541,1.87,1.12
2018.03.26 11:52:54.138,0.8153,0.81541,1.50,1.37
2018.03.26 11:52:55.938,0.81531,0.81541,1.50,1.50
2018.03.26 11:52:56.456,0.81531,0.81541,1.87,1.00
2018.03.26 11:52:57.070,0.81531,0.81541,1.50,1.12
2018.03.26 11:52:57.999,0.81532,0.81541,1.00,1.00
2018.03.26 11:52:58.544,0.81531,0.81541,1.50,1.00
2018.03.26 11:52:59.048,0.81532,0.81542,1.00,1.12
2018.03.26 11:52:59.516,0.81535,0.81543,1.00,3.75
2018.03.26 11:52:59.722,0.81537,0.81547,1.50,1.00
2018.03.26 11:53:01.013,0.8154,0.81548,1.00,1.00
2018.03.26 11:53:02.102,0.81539,0.81549,1.87,1.00
2018.03.26 11:53:02.408,0.8154,0.8155,4.50,1.00
2018.03.26 11:53:04.039,0.81541,0.8155,2.62,1.00
2018.03.26 11:53:04.781,0.81542,0.8155,1.00,1.50
2018.03.26 11:53:05.573,0.81543,0.81551,1.00,2.25
2018.03.26 11:53:06.084,0.81541,0.8155,1.37,1.12
2018.03.26 11:53:06.898,0.81541,0.81551,3.37,1.12
2018.03.26 11:53:07.069,0.81541,0.81552,1.50,2.25
2018.03.26 11:53:07.224,0.81541,0.8155,1.50,1.00
2018.03.26 11:53:08.843,0.81541,0.8155,1.50,1.00
2018.03.26 11:53:09.459,0.81541,0.81551,1.50,1.00
2018.03.26 11:53:10.260,0.81541,0.81552,1.50,1.00
2018.03.26 11:53:10.925,0.81543,0.81552,2.62,1.50
2018.03.26 11:53:10.977,0.81542,0.81551,1.00,1.50
2018.03.26 11:53:11.488,0.81541,0.81552,1.87,4.12
2018.03.26 11:53:11.704,0.81541,0.81552,2.62,2.25
2018.03.26 11:53:12.010,0.81541,0.8155,2.62,1.00
2018.03.26 11:53:12.527,0.81541,0.8155,1.87,1.00
2018.03.26 11:53:13.209,0.81541,0.81551,1.87,1.87
2018.03.26 11:53:14.381,0.81541,0.81551,1.50,1.50
2018.03.26 11:53:14.887,0.81541,0.8155,1.87,1.00
2018.03.26 11:53:15.909,0.81541,0.8155,3.00,1.00
2018.03.26 11:53:17.985,0.81541,0.8155,3.00,1.00
2018.03.26 11:53:31.132,0.8154,0.81551,6.00,1.50
2018.03.26 11:53:31.650,0.81541,0.81551,4.12,1.00
2018.03.26 11:53:34.136,0.81541,0.81551,6.00,1.00
2018.03.26 11:53:34.672,0.81542,0.81552,3.37,1.50
2018.03.26 11:53:36.238,0.81542,0.81551,3.37,1.00
2018.03.26 11:53:38.369,0.81541,0.81551,2.62,1.00
2018.03.26 11:53:44.611,0.81541,0.81551,3.37,1.00
2018.03.26 11:53:47.413,0.81541,0.81552,2.25,2.25
2018.03.26 11:53:50.602,0.81543,0.81552,2.62,1.50
2018.03.26 11:53:51.318,0.81545,0.81553,1.00,2.25
2018.03.26 11:53:52.437,0.81544,0.81553,1.00,2.25
2018.03.26 11:53:53.094,0.81543,0.81553,1.87,1.50
2018.03.26 11:53:54.746,0.81542,0.81552,3.37,1.00
2018.03.26 11:53:55.097,0.81543,0.81552,2.62,1.00
2018.03.26 11:53:55.530,0.81542,0.81552,2.25,1.00
2018.03.26 11:53:55.853,0.81542,0.8155,1.50,1.00
2018.03.26 11:53:56.446,0.8154,0.8155,5.25,1.00
2018.03.26 11:53:58.813,0.81541,0.81549,1.50,1.00
2018.03.26 11:53:59.317,0.8154,0.8155,1.87,1.50
2018.03.26 11:54:00.053,0.81539,0.81548,4.12,1.00
2018.03.26 11:54:00.105,0.81538,0.81547,1.00,1.12
2018.03.26 11:54:00.531,0.81536,0.81546,2.25,1.12
2018.03.26 11:54:01.090,0.81536,0.81546,1.87,1.00
2018.03.26 11:54:01.728,0.81537,0.81547,1.12,2.25
2018.03.26 11:54:01.780,0.81539,0.81547,1.00,1.00
2018.03.26 11:54:02.849,0.81539,0.81548,1.00,1.50
2018.03.26 11:54:06.328,0.81538,0.81546,1.87,1.00
2018.03.26 11:54:06.961,0.81537,0.81547,1.87,1.00
2018.03.26 11:54:08.666,0.81538,0.81545,1.50,1.00
2018.03.26 11:54:08.717,0.81537,0.81545,1.50,1.00
2018.03.26 11:54:09.402,0.81536,0.81544,1.87,1.00
2018.03.26 11:54:09.576,0.81535,0.81546,4.12,1.87
2018.03.26 11:54:10.096,0.81537,0.81547,1.00,1.50
2018.03.26 11:54:10.950,0.81537,0.81546,1.00,1.50
2018.03.26 11:54:11.457,0.81535,0.81545,1.87,1.00
2018.03.26 11:54:12.036,0.81536,0.81546,1.12,1.12
2018.03.26 11:54:12.243,0.81539,0.81547,1.00,1.00
2018.03.26 11:54:12.346,0.81541,0.8155,1.00,1.50
2018.03.26 11:54:16.562,0.8154,0.81549,1.50,1.00
2018.03.26 11:54:17.076,0.81539,0.81549,3.37,1.00
2018.03.26 11:54:17.892,0.8154,0.81548,1.12,1.00
2018.03.26 11:54:18.540,0.81541,0.81551,1.87,1.50
2018.03.26 11:54:18.593,0.81543,0.81553,1.00,2.25
2018.03.26 11:54:19.117,0.81543,0.81553,1.12,1.00
2018.03.26 11:54:19.709,0.81543,0.81552,1.00,1.00
2018.03.26 11:54:20.233,0.81543,0.81553,1.12,1.00
2018.03.26 11:54:20.808,0.81544,0.81554,1.12,1.87
2018.03.26 11:54:21.325,0.81545,0.81555,1.50,1.00
2018.03.26 11:54:21.841,0.81546,0.81556,1.00,1.12
2018.03.26 11:54:22.430,0.81546,0.81556,1.50,1.00
2018.03.26 11:54:24.939,0.81547,0.81557,1.37,1.37
2018.03.26 11:54:25.496,0.81549,0.81557,1.00,1.00
2018.03.26 11:54:26.275,0.81549,0.81557,1.00,1.50
2018.03.26 11:54:26.968,0.81548,0.81558,1.00,2.25
2018.03.26 11:54:27.312,0.81551,0.81561,1.87,1.50
2018.03.26 11:54:27.659,0.81552,0.81563,2.25,1.50
2018.03.26 11:54:28.190,0.81554,0.81563,1.00,1.50
2018.03.26 11:54:28.734,0.81554,0.81564,2.25,1.50
2018.03.26 11:54:28.889,0.81556,0.81564,1.87,1.00
2018.03.26 11:54:28.941,0.81557,0.81566,1.00,1.00
2018.03.26 11:54:29.573,0.81557,0.81566,1.50,1.00
2018.03.26 11:54:30.296,0.81559,0.81567,1.00,1.00
2018.03.26 11:54:30.572,0.81561,0.81569,1.00,3.37
2018.03.26 11:54:30.728,0.81562,0.81571,1.37,1.87
2018.03.26 11:54:30.932,0.81561,0.8157,1.87,1.00
2018.03.26 11:54:36.062,0.81561,0.81571,1.87,1.00
2018.03.26 11:54:36.318,0.81563,0.81571,1.00,1.00
2018.03.26 11:54:39.313,0.81563,0.81573,1.00,2.25
2018.03.26 11:54:39.468,0.81564,0.81574,1.00,1.50
2018.03.26 11:54:40.034,0.81565,0.81573,1.50,1.00
2018.03.26 11:54:40.693,0.81566,0.81573,1.00,1.00
2018.03.26 11:54:41.654,0.81564,0.81573,1.00,1.50
2018.03.26 11:54:42.165,0.81563,0.81572,1.87,1.12
2018.03.26 11:54:51.735,0.81563,0.81572,1.12,1.00
2018.03.26 11:54:52.909,0.81563,0.81573,1.87,1.12
2018.03.26 11:54:54.348,0.81563,0.81573,3.37,1.12
2018.03.26 11:54:56.918,0.81564,0.81572,1.00,1.12
2018.03.26 11:54:57.070,0.81562,0.81571,1.00,1.50
2018.03.26 11:54:57.487,0.8156,0.8157,2.62,1.00
2018.03.26 11:54:59.904,0.81559,0.81569,1.87,3.37
2018.03.26 11:55:00.339,0.81557,0.81566,1.12,1.50
2018.03.26 11:55:00.543,0.81555,0.81565,1.50,2.62
2018.03.26 11:55:01.049,0.81557,0.81565,1.00,1.00
2018.03.26 11:55:01.603,0.81557,0.81566,1.00,1.12
2018.03.26 11:55:02.644,0.81557,0.81567,1.87,2.25
2018.03.26 11:55:03.145,0.81558,0.81567,1.00,2.25
2018.03.26 11:55:03.467,0.81556,0.81566,1.87,1.37
2018.03.26 11:55:03.976,0.81556,0.81566,1.50,1.12
2018.03.26 11:55:04.326,0.81558,0.81567,2.25,1.00
2018.03.26 11:55:04.479,0.81559,0.81569,1.50,2.25
2018.03.26 11:55:05.181,0.8156,0.81569,1.00,1.87
2018.03.26 11:55:05.740,0.81561,0.81569,1.00,1.00
2018.03.26 11:55:05.842,0.81559,0.81568,1.87,1.00
2018.03.26 11:55:06.044,0.81561,0.81568,1.00,1.00
2018.03.26 11:55:06.590,0.81559,0.81568,1.00,1.12
2018.03.26 11:55:06.746,0.81558,0.81566,1.00,1.00
2018.03.26 11:55:07.233,0.81556,0.81565,1.87,1.12
2018.03.26 11:55:08.975,0.81557,0.81566,1.50,1.50
2018.03.26 11:55:09.535,0.81557,0.81566,1.50,1.00
2018.03.26 11:55:10.585,0.81558,0.81567,1.00,1.00
2018.03.26 11:55:10.638,0.8156,0.81567,1.00,1.00
2018.03.26 11:55:11.227,0.8156,0.81568,1.50,1.00
2018.03.26 11:55:12.991,0.8156,0.81569,1.50,1.12
2018.03.26 11:55:14.186,0.8156,0.81569,1.50,3.37
2018.03.26 11:55:15.333,0.81562,0.81569,1.00,1.12
2018.03.26 11:55:15.939,0.81561,0.81569,1.12,1.00
2018.03.26 11:55:21.704,0.81561,0.81568,1.00,1.00
2018.03.26 11:55:22.490,0.81561,0.81569,1.00,1.12
2018.03.26 11:55:23.514,0.81561,0.81569,1.00,1.37
2018.03.26 11:55:24.690,0.81561,0.81569,1.00,1.00
2018.03.26 11:55:25.193,0.81561,0.81569,1.00,1.50
2018.03.26 11:55:26.357,0.81561,0.81569,1.00,1.12
2018.03.26 11:55:26.858,0.81561,0.81569,1.00,1.50
2018.03.26 11:55:28.224,0.81561,0.8157,1.50,1.12
2018.03.26 11:55:28.734,0.81561,0.81569,1.00,1.00
2018.03.26 11:55:29.264,0.81561,0.8157,2.25,1.00
2018.03.26 11:55:29.811,0.81562,0.81571,1.12,1.00
2018.03.26 11:55:30.339,0.81562,0.81571,1.00,1.50
2018.03.26 11:55:33.294,0.81561,0.8157,1.87,1.12
2018.03.26 11:55:33.667,0.81563,0.81572,1.00,3.37
2018.03.26 11:55:34.173,0.81564,0.81571,1.00,1.37
2018.03.26 11:55:35.153,0.81564,0.81571,1.00,1.00
2018.03.26 11:55:35.714,0.81565,0.81572,1.00,1.87
2018.03.26 11:55:38.219,0.81565,0.81574,1.50,2.25
2018.03.26 11:55:38.764,0.81566,0.81575,1.87,1.00
2018.03.26 11:55:39.494,0.81566,0.81576,1.50,1.12
2018.03.26 11:55:40.060,0.81567,0.81576,1.00,1.12
2018.03.26 11:55:40.491,0.81567,0.81573,1.00,1.12
2018.03.26 11:55:40.996,0.81565,0.81574,1.50,1.50
2018.03.26 11:55:41.153,0.81565,0.81573,1.00,4.12
2018.03.26 11:55:41.204,0.81565,0.81573,1.00,1.12
2018.03.26 11:55:41.739,0.81565,0.81572,1.00,1.12
2018.03.26 11:55:42.271,0.81565,0.81573,1.00,1.00
2018.03.26 11:55:42.632,0.81563,0.81573,1.87,1.12
2018.03.26 11:55:43.180,0.81563,0.81572,1.87,1.00
2018.03.26 11:55:43.711,0.81564,0.81573,1.87,1.00
2018.03.26 11:55:44.364,0.81564,0.81572,1.50,1.00
2018.03.26 11:55:45.718,0.81563,0.8157,1.50,1.00
2018.03.26 11:55:45.823,0.8156,0.81569,1.00,1.12
2018.03.26 11:55:46.028,0.81562,0.81568,1.00,1.00
2018.03.26 11:55:46.205,0.81562,0.81571,1.50,1.37
2018.03.26 11:55:46.463,0.81564,0.81571,1.00,1.12
2018.03.26 11:55:48.151,0.81568,0.81573,1.00,1.50
2018.03.26 11:55:48.202,0.81568,0.81575,1.00,1.50
2018.03.26 11:55:48.356,0.81566,0.81573,1.00,1.00
2018.03.26 11:55:48.907,0.81565,0.81572,1.00,1.00
2018.03.26 11:55:54.524,0.81564,0.81574,1.00,3.00
2018.03.26 11:55:55.146,0.81565,0.81574,1.00,3.00
2018.03.26 11:55:59.293,0.81564,0.81574,1.50,2.25
2018.03.26 11:56:05.863,0.81564,0.81574,1.50,1.87
2018.03.26 11:56:06.173,0.81564,0.81574,3.75,1.87
2018.03.26 11:56:06.774,0.81566,0.81575,1.12,1.87
2018.03.26 11:56:07.388,0.81566,0.81574,1.12,1.00
2018.03.26 11:56:14.447,0.81567,0.81575,1.00,1.12
2018.03.26 11:56:15.703,0.81567,0.81576,1.12,2.25
2018.03.26 11:56:16.490,0.81569,0.81576,1.00,1.00
2018.03.26 11:56:16.645,0.8157,0.81579,1.00,1.87
2018.03.26 11:56:17.011,0.81572,0.81582,2.25,2.25
2018.03.26 11:56:17.319,0.81577,0.81584,1.00,1.12
2018.03.26 11:56:17.702,0.81575,0.81581,1.00,1.00
2018.03.26 11:56:18.215,0.81574,0.81581,1.00,1.12
2018.03.26 11:56:18.806,0.81574,0.81582,1.00,1.00
2018.03.26 11:56:19.062,0.81575,0.81584,2.25,1.00
2018.03.26 11:56:19.113,0.81577,0.81584,1.00,1.00
2018.03.26 11:56:20.269,0.81576,0.81586,2.25,1.00
2018.03.26 11:56:20.626,0.81577,0.81584,1.50,1.00
2018.03.26 11:56:20.937,0.81579,0.81588,1.00,2.25
2018.03.26 11:56:21.451,0.8158,0.81589,1.12,1.00
2018.03.26 11:56:22.518,0.8158,0.81588,1.12,1.00
2018.03.26 11:56:24.698,0.8158,0.81589,1.87,1.00
2018.03.26 11:56:25.202,0.81582,0.81589,1.00,1.00
2018.03.26 11:56:26.063,0.81581,0.81589,1.00,1.00
2018.03.26 11:56:29.590,0.8158,0.81588,1.00,1.00
2018.03.26 11:56:31.688,0.81581,0.81589,1.50,1.00
2018.03.26 11:56:32.217,0.81579,0.81588,2.62,1.00
2018.03.26 11:56:33.437,0.81579,0.81588,1.87,1.00
2018.03.26 11:56:34.101,0.81579,0.81589,2.25,1.00
2018.03.26 11:56:34.759,0.81579,0.81589,2.25,1.37
2018.03.26 11:56:35.541,0.8158,0.81589,1.87,1.00
2018.03.26 11:56:36.065,0.8158,0.81588,1.50,1.00
2018.03.26 11:56:36.593,0.81581,0.81588,1.00,1.00
2018.03.26 11:56:37.122,0.8158,0.81588,1.12,1.00
2018.03.26 11:56:37.675,0.81581,0.81588,1.00,1.00
2018.03.26 11:56:38.195,0.8158,0.81589,1.12,1.37
2018.03.26 11:56:39.105,0.81581,0.81589,1.00,1.37
2018.03.26 11:56:39.654,0.81582,0.81592,3.37,1.37
2018.03.26 11:56:40.195,0.81584,0.81592,1.00,1.00
2018.03.26 11:56:40.400,0.81586,0.81593,1.00,1.00
2018.03.26 11:56:42.623,0.81587,0.81596,1.00,1.50
2018.03.26 11:56:42.828,0.81589,0.81596,1.00,1.00
2018.03.26 11:56:42.931,0.8159,0.81598,1.00,1.00
2018.03.26 11:56:42.983,0.8159,0.81596,1.00,1.00
2018.03.26 11:56:43.181,0.81587,0.81596,1.87,1.00
2018.03.26 11:56:43.233,0.81588,0.81598,1.87,1.50
2018.03.26 11:56:44.316,0.81588,0.81597,1.12,1.00
2018.03.26 11:56:44.845,0.81589,0.81598,1.12,1.00
2018.03.26 11:56:45.763,0.81588,0.81597,1.12,1.00
2018.03.26 11:56:46.017,0.81586,0.81596,1.12,1.50
2018.03.26 11:56:46.375,0.81587,0.81596,1.50,1.12
2018.03.26 11:56:51.277,0.81587,0.81596,1.87,1.12
2018.03.26 11:56:53.157,0.81587,0.81595,1.00,1.00
2018.03.26 11:56:53.845,0.81586,0.81595,1.12,1.00
2018.03.26 11:56:54.531,0.81587,0.81596,1.00,1.87
2018.03.26 11:56:55.228,0.81586,0.81595,1.50,1.00
2018.03.26 11:56:55.762,0.81587,0.81596,1.00,1.50
2018.03.26 11:56:56.289,0.81586,0.81595,1.50,1.00
2018.03.26 11:56:56.859,0.81587,0.81596,1.00,1.50
2018.03.26 11:56:57.546,0.81586,0.81595,1.50,1.00
2018.03.26 11:56:57.851,0.81588,0.81595,1.00,1.00
2018.03.26 11:56:59.037,0.81588,0.81596,1.00,1.50
2018.03.26 11:56:59.574,0.81587,0.81596,1.12,1.50
2018.03.26 11:57:01.938,0.81588,0.81596,1.00,1.50
2018.03.26 11:57:02.460,0.81587,0.81596,1.00,1.87
2018.03.26 11:57:03.001,0.81586,0.81595,1.12,1.00
2018.03.26 11:57:03.304,0.81588,0.81595,1.00,1.00
2018.03.26 11:57:03.818,0.81589,0.81595,1.00,1.00
2018.03.26 11:57:07.277,0.81589,0.81594,1.00,1.00
2018.03.26 11:57:07.818,0.81588,0.81593,1.00,1.00
2018.03.26 11:57:08.213,0.81587,0.81596,1.00,2.25
2018.03.26 11:57:08.520,0.81589,0.81597,1.00,2.25
2018.03.26 11:57:08.877,0.8159,0.81598,1.00,1.87
2018.03.26 11:57:09.395,0.8159,0.81597,1.00,1.12
2018.03.26 11:57:12.223,0.8159,0.81598,1.12,1.87
2018.03.26 11:57:12.734,0.8159,0.81597,1.12,1.00
2018.03.26 11:57:13.287,0.8159,0.81598,1.12,1.87
2018.03.26 11:57:14.265,0.8159,0.81594,1.00,1.00
2018.03.26 11:57:14.317,0.81588,0.81594,1.12,1.00
2018.03.26 11:57:14.873,0.81587,0.81595,1.00,1.00
2018.03.26 11:57:15.491,0.81589,0.81595,1.00,1.00
2018.03.26 11:57:16.039,0.81589,0.81596,1.00,1.00
2018.03.26 11:57:17.215,0.8159,0.81597,1.12,1.00
2018.03.26 11:57:18.073,0.81591,0.81598,1.00,1.00
2018.03.26 11:57:18.176,0.81591,0.816,2.25,1.50
2018.03.26 11:57:18.725,0.81591,0.81598,1.00,1.00
2018.03.26 11:57:19.553,0.8159,0.81597,1.50,1.00
2018.03.26 11:57:20.132,0.8159,0.81597,1.12,1.00
2018.03.26 11:57:21.999,0.8159,0.81598,1.12,1.00
2018.03.26 11:57:23.232,0.8159,0.81597,1.12,1.00
2018.03.26 11:57:24.491,0.81588,0.81597,1.12,1.12
2018.03.26 11:57:28.260,0.8159,0.81597,1.00,1.00
2018.03.26 11:57:30.135,0.81588,0.81594,1.12,1.00
2018.03.26 11:57:30.187,0.81585,0.81593,1.87,1.00
2018.03.26 11:57:31.729,0.81583,0.81588,2.62,1.00
2018.03.26 11:57:31.834,0.81575,0.81584,1.37,1.00
2018.03.26 11:57:31.885,0.81575,0.81582,1.37,1.00
2018.03.26 11:57:32.037,0.81573,0.81582,3.00,1.00
2018.03.26 11:57:32.138,0.81571,0.8158,4.12,1.00
2018.03.26 11:57:32.240,0.81569,0.81577,1.12,1.00
2018.03.26 11:57:32.557,0.81568,0.81579,1.50,1.12
2018.03.26 11:57:32.710,0.81569,0.81577,1.12,1.00
2018.03.26 11:57:33.671,0.81569,0.81578,2.25,1.00
2018.03.26 11:57:34.040,0.8157,0.81579,4.50,1.00
2018.03.26 11:57:34.377,0.8157,0.81579,2.25,1.00
2018.03.26 11:57:34.928,0.8157,0.8158,1.50,1.12
2018.03.26 11:57:35.081,0.81572,0.81581,1.87,1.12
2018.03.26 11:57:37.232,0.81572,0.8158,1.50,1.00
2018.03.26 11:57:38.184,0.81573,0.8158,1.00,1.00
2018.03.26 11:57:38.840,0.81571,0.81581,1.87,1.00
2018.03.26 11:57:39.744,0.81573,0.81582,1.00,1.12
2018.03.26 11:57:40.399,0.81573,0.81582,1.12,1.37
2018.03.26 11:57:42.414,0.81574,0.81583,1.00,5.62
2018.03.26 11:57:42.927,0.81574,0.81583,1.00,1.87
2018.03.26 11:57:47.603,0.81573,0.81582,1.00,1.00
2018.03.26 11:57:48.680,0.81573,0.8158,1.00,1.00
2018.03.26 11:57:49.904,0.81571,0.8158,1.00,1.00
2018.03.26 11:57:50.092,0.81571,0.8158,1.00,3.37
2018.03.26 11:57:50.478,0.81571,0.8158,1.00,1.12
2018.03.26 11:57:51.057,0.81573,0.8158,1.00,1.00
2018.03.26 11:57:51.109,0.81573,0.81582,1.00,1.87
2018.03.26 11:57:53.498,0.81572,0.81581,1.50,1.00
2018.03.26 11:57:54.813,0.81574,0.81581,1.00,1.00
2018.03.26 11:57:55.958,0.81572,0.81581,1.87,1.00
2018.03.26 11:57:56.771,0.81574,0.81581,1.00,1.00
2018.03.26 11:57:57.306,0.81573,0.81582,1.12,1.00
2018.03.26 11:58:00.678,0.81574,0.81583,1.00,1.50
2018.03.26 11:58:01.444,0.81573,0.81582,1.12,1.00
2018.03.26 11:58:02.100,0.81574,0.81583,1.00,3.00
2018.03.26 11:58:02.559,0.81575,0.81584,1.00,2.25
2018.03.26 11:58:02.713,0.81577,0.81586,1.00,3.75
2018.03.26 11:58:03.265,0.81577,0.81586,1.12,1.50
2018.03.26 11:58:03.966,0.81576,0.81585,1.50,1.00
2018.03.26 11:58:04.561,0.81575,0.81584,5.25,1.50
2018.03.26 11:58:05.562,0.81576,0.81584,3.37,1.00
2018.03.26 11:58:06.112,0.81578,0.81585,1.00,1.50
2018.03.26 11:58:06.658,0.81577,0.81585,1.00,1.50
2018.03.26 11:58:08.052,0.81578,0.81585,1.00,1.50
2018.03.26 11:58:08.357,0.81579,0.81586,1.37,1.00
2018.03.26 11:58:09.079,0.81579,0.81587,1.37,1.00
2018.03.26 11:58:09.655,0.81579,0.81588,3.37,2.25
2018.03.26 11:58:10.047,0.81579,0.81586,1.00,1.00
2018.03.26 11:58:10.223,0.81577,0.81586,1.12,1.00
2018.03.26 11:58:10.736,0.81577,0.81586,1.12,1.37
2018.03.26 11:58:11.354,0.81576,0.81585,1.50,1.00
2018.03.26 11:58:11.507,0.81574,0.81583,1.50,1.00
2018.03.26 11:58:12.053,0.81574,0.81583,1.00,1.00
2018.03.26 11:58:12.600,0.81575,0.81584,1.00,2.62
2018.03.26 11:58:13.182,0.81574,0.81583,1.00,1.00
2018.03.26 11:58:13.535,0.81576,0.81584,1.00,1.00
2018.03.26 11:58:14.085,0.81576,0.81585,1.12,1.12
2018.03.26 11:58:16.157,0.81577,0.81584,1.00,1.00
2018.03.26 11:58:16.311,0.81577,0.81586,1.00,1.87
2018.03.26 11:58:17.203,0.81578,0.81587,1.12,1.00
2018.03.26 11:58:18.502,0.81578,0.81587,3.37,1.00
2018.03.26 11:58:18.645,0.81578,0.81587,1.12,1.00
2018.03.26 11:58:19.186,0.81578,0.81587,1.37,1.00
2018.03.26 11:58:21.207,0.81577,0.81587,1.87,1.50
2018.03.26 11:58:21.410,0.81578,0.81585,1.00,1.00
2018.03.26 11:58:21.985,0.81576,0.81585,1.50,1.00
2018.03.26 11:58:22.332,0.81578,0.81587,1.00,1.50
2018.03.26 11:58:22.898,0.81578,0.81588,1.37,2.62
2018.03.26 11:58:24.028,0.81578,0.81588,1.87,1.12
2018.03.26 11:58:24.645,0.81578,0.81587,1.50,1.00
2018.03.26 11:58:25.300,0.81579,0.81587,2.25,1.00
2018.03.26 11:58:25.851,0.81578,0.81587,2.25,1.00
2018.03.26 11:58:26.630,0.81578,0.81587,1.12,1.00
2018.03.26 11:58:27.161,0.81579,0.81588,1.00,1.00
2018.03.26 11:58:28.644,0.8158,0.81588,1.00,1.50
2018.03.26 11:58:30.438,0.81581,0.81588,1.00,1.50
2018.03.26 11:58:31.157,0.81582,0.81589,1.00,1.00
2018.03.26 11:58:33.481,0.81581,0.81588,1.00,1.00
2018.03.26 11:58:33.986,0.8158,0.81588,1.12,1.00
2018.03.26 11:58:34.423,0.81582,0.81588,1.00,1.00
2018.03.26 11:58:34.971,0.81582,0.81589,1.00,1.00
2018.03.26 11:58:36.826,0.81582,0.8159,1.00,2.62
2018.03.26 11:58:37.358,0.81582,0.81589,1.00,1.00
2018.03.26 11:58:39.005,0.81582,0.8159,1.00,1.50
2018.03.26 11:58:43.364,0.81582,0.81588,1.00,1.00
2018.03.26 11:58:43.932,0.81581,0.81588,1.12,1.00
2018.03.26 11:58:44.251,0.81587,0.81592,1.00,1.00
2018.03.26 11:58:44.922,0.81586,0.81593,1.00,1.00
2018.03.26 11:58:45.459,0.81587,0.81594,1.00,1.50
2018.03.26 11:58:46.308,0.8159,0.81596,1.50,1.00
2018.03.26 11:58:46.610,0.81593,0.816,1.00,1.00
2018.03.26 11:58:47.959,0.81595,0.81602,1.00,1.00
2018.03.26 11:58:48.274,0.81597,0.81604,1.00,1.50
2018.03.26 11:58:48.581,0.81599,0.81606,1.00,1.00
2018.03.26 11:58:49.096,0.816,0.81606,1.00,1.00
2018.03.26 11:58:49.627,0.816,0.81607,1.00,1.00
2018.03.26 11:58:50.641,0.81601,0.81607,1.00,1.00
2018.03.26 11:58:52.651,0.81601,0.81606,1.00,1.00
2018.03.26 11:58:53.171,0.81601,0.81607,1.00,1.00
2018.03.26 11:58:53.688,0.81601,0.81608,1.00,1.87
2018.03.26 11:58:54.404,0.81601,0.81609,1.12,1.12
2018.03.26 11:58:54.908,0.81601,0.8161,1.00,1.50
2018.03.26 11:58:56.585,0.81601,0.81609,1.00,1.87
2018.03.26 11:58:57.112,0.816,0.81609,1.00,1.50
2018.03.26 11:58:58.361,0.816,0.81609,1.00,1.12
2018.03.26 11:58:58.947,0.816,0.81609,1.00,2.25
2018.03.26 11:58:59.459,0.81599,0.81609,1.00,2.25
2018.03.26 11:59:00.007,0.81599,0.81607,1.00,1.00
2018.03.26 11:59:00.626,0.81601,0.81609,1.50,2.25
2018.03.26 11:59:00.883,0.81599,0.81607,1.50,1.00
2018.03.26 11:59:01.252,0.81598,0.81605,1.00,1.50
2018.03.26 11:59:01.304,0.81595,0.81605,1.12,2.62
2018.03.26 11:59:01.850,0.81596,0.81605,1.12,1.87
2018.03.26 11:59:02.397,0.81595,0.81604,1.00,1.50
2018.03.26 11:59:02.984,0.81596,0.81605,1.00,1.00
2018.03.26 11:59:06.296,0.81596,0.81603,1.00,1.00
2018.03.26 11:59:06.398,0.81596,0.81605,1.00,1.50
2018.03.26 11:59:07.321,0.81597,0.81606,1.00,1.50
2018.03.26 11:59:10.412,0.81597,0.81605,1.00,1.12
2018.03.26 11:59:11.511,0.81596,0.81605,1.87,1.12
2018.03.26 11:59:12.146,0.81596,0.81604,1.50,1.00
2018.03.26 11:59:12.662,0.81596,0.81604,1.50,1.37
2018.03.26 11:59:14.182,0.81596,0.81605,1.00,1.12
2018.03.26 11:59:14.706,0.81596,0.81606,1.87,1.12
2018.03.26 11:59:15.757,0.81597,0.81606,1.00,1.12
2018.03.26 11:59:17.162,0.81597,0.81606,1.00,2.25
2018.03.26 11:59:20.446,0.81597,0.81606,1.00,1.12
2018.03.26 11:59:20.921,0.81597,0.81606,1.00,4.87
2018.03.26 11:59:24.792,0.81597,0.81606,1.00,1.87
2018.03.26 11:59:25.301,0.81597,0.81605,1.00,1.00
2018.03.26 11:59:26.092,0.81597,0.81606,1.00,1.87
2018.03.26 11:59:26.194,0.81597,0.81604,1.00,1.00
2018.03.26 11:59:26.349,0.81593,0.81603,1.12,3.37
2018.03.26 11:59:26.504,0.81594,0.81603,1.00,1.12
2018.03.26 11:59:26.555,0.81596,0.81604,1.00,2.25
2018.03.26 11:59:27.090,0.81596,0.81602,1.00,1.00
2018.03.26 11:59:28.013,0.81596,0.81604,1.00,1.12
2018.03.26 11:59:28.753,0.81596,0.81603,1.00,1.00
2018.03.26 11:59:28.804,0.81596,0.81605,1.00,1.12
2018.03.26 11:59:29.316,0.81597,0.81605,1.00,1.12
2018.03.26 11:59:30.336,0.81597,0.81604,1.00,1.00
2018.03.26 11:59:30.610,0.81596,0.81602,1.00,1.00
2018.03.26 11:59:30.712,0.81594,0.81602,1.00,1.00
2018.03.26 11:59:31.215,0.81593,0.81602,1.50,1.50
2018.03.26 11:59:31.318,0.81595,0.81603,1.00,1.00
2018.03.26 11:59:31.929,0.81594,0.81603,1.00,1.50
2018.03.26 11:59:32.479,0.81593,0.81603,1.12,2.62
2018.03.26 11:59:33.313,0.81593,0.81603,1.37,2.62
2018.03.26 11:59:34.629,0.81596,0.81603,1.00,1.12
2018.03.26 11:59:35.402,0.81595,0.81604,1.00,1.37
2018.03.26 11:59:36.305,0.81597,0.81604,1.00,1.37
2018.03.26 11:59:37.872,0.81596,0.81604,1.00,1.50
2018.03.26 11:59:39.062,0.81596,0.81602,1.00,1.00
2018.03.26 11:59:39.369,0.81594,0.81603,1.00,1.87
2018.03.26 11:59:39.421,0.81594,0.81603,1.00,4.12
2018.03.26 11:59:40.260,0.81593,0.81603,1.12,4.87
2018.03.26 11:59:44.012,0.81597,0.81603,2.25,2.62
2018.03.26 11:59:44.063,0.81597,0.81605,1.37,1.00
2018.03.26 11:59:44.115,0.81596,0.81605,1.87,1.00
2018.03.26 11:59:44.586,0.81595,0.81602,1.00,1.00
2018.03.26 11:59:44.638,0.81591,0.816,1.12,1.50
2018.03.26 11:59:45.147,0.8159,0.816,1.12,1.87
2018.03.26 11:59:45.660,0.81589,0.81599,1.87,1.50
2018.03.26 11:59:46.205,0.8159,0.81599,1.00,1.00
2018.03.26 11:59:46.654,0.81597,0.81604,1.00,1.12
2018.03.26 11:59:46.705,0.81594,0.81603,1.00,1.50
2018.03.26 11:59:48.007,0.81594,0.81602,1.00,1.00
2018.03.26 11:59:48.583,0.81593,0.81604,1.87,3.00
2018.03.26 11:59:49.138,0.81594,0.81603,1.00,1.12
2018.03.26 11:59:50.564,0.81594,0.81604,1.12,1.87
2018.03.26 11:59:51.093,0.81594,0.81604,1.37,1.37
2018.03.26 11:59:52.980,0.81594,0.81604,1.00,1.50
2018.03.26 11:59:53.569,0.81594,0.81604,1.87,1.87
2018.03.26 11:59:54.292,0.81594,0.81603,1.12,1.00
2018.03.26 11:59:55.219,0.81593,0.81603,2.25,1.00
2018.03.26 11:59:55.939,0.81593,0.81603,2.25,1.00
2018.03.26 11:59:57.129,0.81593,0.81604,2.25,3.00
2018.03.26 11:59:58.107,0.81593,0.81602,1.50,1.00
2018.03.26 11:59:58.414,0.81591,0.816,1.12,1.00
2018.03.26 11:59:58.986,0.8159,0.81599,1.87,1.00
2018.03.26 11:59:59.572,0.81589,0.81596,1.00,1.00
2018.03.26 11:59:59.879,0.81571,0.81581,1.12,1.00
