2016.11.23 11:00:00.184,0.82539,0.82546,1.00,1.00
2016.11.23 11:00:00.285,0.82539,0.82549,2.25,2.62
2016.11.23 11:00:00.336,0.82541,0.82549,1.50,1.87
2016.11.23 11:00:00.539,0.82543,0.82553,1.00,3.37
2016.11.23 11:00:00.642,0.82544,0.82553,1.00,1.50
2016.11.23 11:00:00.996,0.82544,0.82554,1.50,1.50
2016.11.23 11:00:01.204,0.82544,0.82554,1.50,1.87
2016.11.23 11:00:01.782,0.82544,0.82552,1.87,1.00
2016.11.23 11:00:01.832,0.82545,0.82555,1.50,2.25
2016.11.23 11:00:01.883,0.82548,0.82557,1.00,4.50
2016.11.23 11:00:01.934,0.82547,0.82557,1.50,2.25
2016.11.23 11:00:02.136,0.82545,0.82555,1.87,1.12
2016.11.23 11:00:02.667,0.82544,0.82555,1.12,2.25
2016.11.23 11:00:02.920,0.82543,0.82552,1.87,1.00
2016.11.23 11:00:03.122,0.82542,0.82553,1.00,1.87
2016.11.23 11:00:03.894,0.8254,0.82551,4.50,1.12
2016.11.23 11:00:03.945,0.8254,0.82551,2.25,1.12
2016.11.23 11:00:04.497,0.8254,0.8255,1.12,1.12
2016.11.23 11:00:05.415,0.8254,0.82551,1.87,1.12
2016.11.23 11:00:06.149,0.82541,0.82551,1.12,1.50
2016.11.23 11:00:06.250,0.82541,0.82551,1.12,1.00
2016.11.23 11:00:06.503,0.82544,0.82552,1.00,1.00
2016.11.23 11:00:07.419,0.82544,0.82554,1.00,1.12
2016.11.23 11:00:08.221,0.82543,0.82551,1.37,1.00
2016.11.23 11:00:08.374,0.82541,0.82552,1.12,2.62
2016.11.23 11:00:08.526,0.82541,0.82552,1.37,1.87
2016.11.23 11:00:09.242,0.8254,0.82551,2.25,1.12
2016.11.23 11:00:09.343,0.82543,0.82553,2.25,3.37
2016.11.23 11:00:09.495,0.82544,0.82554,1.12,1.12
2016.11.23 11:00:09.899,0.82545,0.82555,2.62,1.12
2016.11.23 11:00:10.446,0.82546,0.82556,2.62,1.00
2016.11.23 11:00:11.771,0.82546,0.82557,2.62,1.12
2016.11.23 11:00:12.101,0.82547,0.82555,1.12,1.00
2016.11.23 11:00:15.399,0.82546,0.82554,1.37,1.50
2016.11.23 11:00:15.601,0.82543,0.82552,1.00,1.00
2016.11.23 11:00:16.144,0.82542,0.82551,2.62,1.00
2016.11.23 11:00:16.346,0.82542,0.82551,2.25,1.00
2016.11.23 11:00:16.852,0.82542,0.8255,1.12,1.00
2016.11.23 11:00:17.575,0.82541,0.8255,1.87,1.00
2016.11.23 11:00:18.120,0.82541,0.82549,1.50,1.00
2016.11.23 11:00:19.035,0.82542,0.82551,1.00,1.87
2016.11.23 11:00:19.581,0.82541,0.8255,1.12,1.00
2016.11.23 11:00:20.713,0.82541,0.82548,1.00,1.00
2016.11.23 11:00:21.016,0.82537,0.82545,1.87,1.00
2016.11.23 11:00:21.722,0.82536,0.82544,1.87,1.00
2016.11.23 11:00:22.022,0.82535,0.82542,1.12,1.00
2016.11.23 11:00:22.538,0.82535,0.82542,1.50,1.00
2016.11.23 11:00:23.508,0.82535,0.82542,1.50,1.00
2016.11.23 11:00:24.023,0.82535,0.82542,1.50,1.00
2016.11.23 11:00:24.670,0.82536,0.82541,1.00,1.00
2016.11.23 11:00:24.822,0.82534,0.82543,1.12,1.00
2016.11.23 11:00:24.978,0.82537,0.82546,1.00,4.50
2016.11.23 11:00:25.181,0.82537,0.82546,1.12,1.00
2016.11.23 11:00:25.787,0.82536,0.82545,1.50,1.00
2016.11.23 11:00:26.995,0.82537,0.82546,1.37,1.12
2016.11.23 11:00:27.298,0.82538,0.82547,1.75,1.00
2016.11.23 11:00:29.164,0.82539,0.82545,1.00,1.00
2016.11.23 11:00:29.315,0.82537,0.82545,1.12,1.00
2016.11.23 11:00:29.837,0.82537,0.82545,1.50,1.00
2016.11.23 11:00:30.431,0.82537,0.82546,2.25,1.12
2016.11.23 11:00:31.377,0.82538,0.82546,1.37,1.00
2016.11.23 11:00:31.998,0.82537,0.82546,3.00,1.00
2016.11.23 11:00:34.147,0.82537,0.82546,2.62,1.00
2016.11.23 11:00:37.285,0.82537,0.82546,2.62,1.00
2016.11.23 11:00:38.369,0.82536,0.82545,1.75,1.00
2016.11.23 11:00:38.420,0.82534,0.82542,4.12,1.00
2016.11.23 11:00:38.521,0.82533,0.82542,1.12,1.00
2016.11.23 11:00:39.411,0.82533,0.8254,1.12,1.00
2016.11.23 11:00:40.319,0.82533,0.82542,1.12,1.50
2016.11.23 11:00:42.243,0.82535,0.82542,1.00,1.50
2016.11.23 11:00:42.294,0.82533,0.82543,1.50,2.62
2016.11.23 11:00:42.345,0.82535,0.82544,1.50,2.25
2016.11.23 11:00:42.530,0.82535,0.82545,3.00,1.00
2016.11.23 11:00:43.068,0.82535,0.82545,1.37,1.37
2016.11.23 11:00:45.284,0.82536,0.82544,1.50,1.00
2016.11.23 11:00:45.788,0.82536,0.82545,3.00,1.00
2016.11.23 11:00:46.042,0.82538,0.82546,1.50,1.00
2016.11.23 11:00:46.743,0.82537,0.82546,1.50,1.00
2016.11.23 11:00:47.298,0.82537,0.82545,1.37,1.00
2016.11.23 11:00:49.829,0.82536,0.82545,1.50,1.00
2016.11.23 11:00:50.133,0.82535,0.82544,1.12,1.37
2016.11.23 11:00:50.234,0.82535,0.82545,1.50,2.25
2016.11.23 11:00:50.749,0.82536,0.82546,1.00,2.25
2016.11.23 11:00:51.143,0.8254,0.82548,1.00,1.12
2016.11.23 11:00:51.649,0.82539,0.82549,1.00,1.50
2016.11.23 11:00:54.264,0.82539,0.82549,1.12,3.00
2016.11.23 11:00:56.734,0.82537,0.82546,3.75,1.00
2016.11.23 11:00:56.836,0.82537,0.82546,1.00,1.00
2016.11.23 11:00:56.887,0.82537,0.82544,1.00,1.00
2016.11.23 11:00:57.368,0.82537,0.82546,1.00,1.12
2016.11.23 11:00:57.469,0.82537,0.82547,1.50,1.12
2016.11.23 11:00:57.999,0.82536,0.82546,5.62,1.00
2016.11.23 11:00:59.918,0.82537,0.82547,1.50,1.12
2016.11.23 11:01:00.442,0.82539,0.82546,1.12,1.00
2016.11.23 11:01:01.216,0.82538,0.82547,1.87,1.00
2016.11.23 11:01:01.736,0.82539,0.82547,1.50,1.00
2016.11.23 11:01:03.307,0.82539,0.82548,1.50,1.12
2016.11.23 11:01:03.560,0.82543,0.82552,1.00,2.62
2016.11.23 11:01:04.659,0.82544,0.82553,3.00,1.50
2016.11.23 11:01:05.208,0.82543,0.82552,2.47,1.12
2016.11.23 11:01:05.775,0.82543,0.82551,1.37,1.00
2016.11.23 11:01:05.826,0.82544,0.82551,1.12,1.00
2016.11.23 11:01:06.028,0.82543,0.82552,1.87,1.12
2016.11.23 11:01:07.024,0.82543,0.8255,1.37,1.00
2016.11.23 11:01:07.125,0.82544,0.82553,1.12,1.37
2016.11.23 11:01:07.176,0.82545,0.82554,1.12,1.00
2016.11.23 11:01:07.714,0.82545,0.82555,1.37,1.87
2016.11.23 11:01:09.436,0.82543,0.82552,3.75,1.00
2016.11.23 11:01:09.487,0.82542,0.82552,2.25,1.50
2016.11.23 11:01:09.588,0.82541,0.82551,1.12,1.87
2016.11.23 11:01:10.092,0.82543,0.82553,1.00,3.00
2016.11.23 11:01:10.667,0.82543,0.82553,1.00,1.50
2016.11.23 11:01:11.681,0.82543,0.82553,1.50,1.50
2016.11.23 11:01:12.172,0.82547,0.82554,1.00,1.00
2016.11.23 11:01:12.273,0.82549,0.82558,1.00,2.62
2016.11.23 11:01:12.475,0.82547,0.82555,1.00,1.00
2016.11.23 11:01:12.977,0.82547,0.82555,1.00,1.50
2016.11.23 11:01:13.487,0.82547,0.82557,1.00,2.25
2016.11.23 11:01:13.997,0.82547,0.82555,1.00,1.50
2016.11.23 11:01:14.929,0.82546,0.82555,1.00,1.12
2016.11.23 11:01:16.700,0.82546,0.82553,1.00,1.00
2016.11.23 11:01:16.902,0.8255,0.82559,1.00,3.37
2016.11.23 11:01:17.448,0.82552,0.82559,1.00,1.12
2016.11.23 11:01:17.693,0.82552,0.82561,2.85,1.00
2016.11.23 11:01:17.794,0.82551,0.8256,1.12,1.00
2016.11.23 11:01:18.299,0.82548,0.82557,3.37,1.50
2016.11.23 11:01:18.501,0.82546,0.82556,2.85,1.50
2016.11.23 11:01:18.703,0.82549,0.82558,1.00,1.50
2016.11.23 11:01:19.227,0.82549,0.82558,1.12,1.00
2016.11.23 11:01:19.782,0.82547,0.82557,4.87,1.00
2016.11.23 11:01:20.178,0.82547,0.82557,3.75,1.50
2016.11.23 11:01:20.387,0.8255,0.82557,1.00,1.50
2016.11.23 11:01:20.900,0.82549,0.82558,1.00,1.50
2016.11.23 11:01:21.249,0.82551,0.82558,1.00,1.50
2016.11.23 11:01:22.083,0.82551,0.82558,1.00,1.00
2016.11.23 11:01:22.184,0.82548,0.82558,2.25,1.50
2016.11.23 11:01:23.007,0.82548,0.82557,2.62,1.00
2016.11.23 11:01:23.384,0.82549,0.82558,1.87,1.12
2016.11.23 11:01:24.397,0.82548,0.82557,1.87,1.00
2016.11.23 11:01:25.175,0.82548,0.82557,2.25,1.00
2016.11.23 11:01:26.125,0.82547,0.82556,2.25,1.00
2016.11.23 11:01:26.176,0.82547,0.82554,2.25,1.00
2016.11.23 11:01:26.278,0.82547,0.82554,1.00,1.00
2016.11.23 11:01:26.795,0.82548,0.82556,1.00,1.12
2016.11.23 11:01:27.089,0.82549,0.82558,1.00,1.12
2016.11.23 11:01:27.393,0.8255,0.82559,1.50,1.12
2016.11.23 11:01:27.911,0.82551,0.82559,1.00,1.37
2016.11.23 11:01:28.113,0.82552,0.82561,1.87,1.00
2016.11.23 11:01:28.164,0.82554,0.82561,1.00,1.00
2016.11.23 11:01:29.072,0.82554,0.82562,1.00,1.12
2016.11.23 11:01:29.381,0.82556,0.82564,1.50,1.50
2016.11.23 11:01:29.886,0.82558,0.82565,1.00,1.37
2016.11.23 11:01:29.988,0.82559,0.82567,1.00,1.87
2016.11.23 11:01:30.575,0.82559,0.82568,1.50,1.50
2016.11.23 11:01:30.847,0.82558,0.82566,1.50,1.00
2016.11.23 11:01:31.151,0.82556,0.82564,1.50,1.00
2016.11.23 11:01:31.655,0.82556,0.82565,1.00,1.12
2016.11.23 11:01:32.629,0.82556,0.82563,1.00,1.12
2016.11.23 11:01:32.730,0.82554,0.82564,1.00,1.50
2016.11.23 11:01:33.538,0.82554,0.82565,1.87,1.50
2016.11.23 11:01:33.639,0.82555,0.82565,1.37,1.87
2016.11.23 11:01:33.942,0.82551,0.82561,1.87,1.37
2016.11.23 11:01:34.298,0.8255,0.82557,1.12,1.00
2016.11.23 11:01:34.502,0.82546,0.82555,1.00,1.12
2016.11.23 11:01:34.805,0.82544,0.82554,1.50,1.50
2016.11.23 11:01:34.856,0.82544,0.8255,1.50,1.00
2016.11.23 11:01:35.311,0.82544,0.82553,1.00,1.50
2016.11.23 11:01:35.712,0.82546,0.82553,1.00,1.00
2016.11.23 11:01:36.015,0.82551,0.82561,1.00,3.75
2016.11.23 11:01:36.520,0.8255,0.82559,1.00,1.50
2016.11.23 11:01:36.934,0.8255,0.82561,1.87,2.62
2016.11.23 11:01:37.468,0.82549,0.82558,1.50,1.00
2016.11.23 11:01:37.619,0.82547,0.82557,2.25,1.00
2016.11.23 11:01:38.127,0.82549,0.82558,1.00,1.50
2016.11.23 11:01:38.534,0.82547,0.82558,3.00,2.25
2016.11.23 11:01:38.919,0.82548,0.82555,1.12,1.00
2016.11.23 11:01:39.442,0.82547,0.82556,2.25,1.00
2016.11.23 11:01:40.216,0.82547,0.82555,1.00,1.00
2016.11.23 11:01:40.549,0.82545,0.82555,1.12,1.87
2016.11.23 11:01:41.110,0.82547,0.82555,1.00,1.12
2016.11.23 11:01:41.615,0.82547,0.82556,1.50,2.62
2016.11.23 11:01:41.716,0.82547,0.82557,1.50,1.50
2016.11.23 11:01:42.402,0.82549,0.82557,1.00,2.25
2016.11.23 11:01:42.909,0.82547,0.82557,2.25,1.12
2016.11.23 11:01:43.111,0.82547,0.82557,1.50,4.12
2016.11.23 11:01:43.564,0.82544,0.82552,1.12,1.00
2016.11.23 11:01:43.716,0.82542,0.82551,1.12,1.00
2016.11.23 11:01:43.868,0.82543,0.82549,1.00,1.00
2016.11.23 11:01:43.969,0.8254,0.82549,1.50,1.00
2016.11.23 11:01:44.109,0.82542,0.82551,1.37,3.37
2016.11.23 11:01:44.260,0.82545,0.82553,1.00,1.00
2016.11.23 11:01:44.311,0.82545,0.82555,1.12,1.12
2016.11.23 11:01:44.715,0.8255,0.82554,1.50,1.00
2016.11.23 11:01:44.918,0.82552,0.82562,1.50,2.62
2016.11.23 11:01:45.019,0.82552,0.82562,3.00,1.12
2016.11.23 11:01:45.502,0.82552,0.82559,1.50,1.00
2016.11.23 11:01:45.553,0.8255,0.82559,1.87,1.00
2016.11.23 11:01:47.411,0.82551,0.8256,1.00,1.50
2016.11.23 11:01:47.919,0.82551,0.8256,1.00,1.12
2016.11.23 11:01:48.440,0.82554,0.82561,1.00,3.37
2016.11.23 11:01:48.542,0.82554,0.82562,1.00,1.50
2016.11.23 11:01:48.593,0.82557,0.82563,1.00,2.62
2016.11.23 11:01:48.745,0.82557,0.82566,1.00,1.50
2016.11.23 11:01:49.287,0.82553,0.82562,4.50,1.50
2016.11.23 11:01:49.338,0.82552,0.82562,1.00,2.25
2016.11.23 11:01:49.874,0.82553,0.82562,1.00,1.87
2016.11.23 11:01:50.443,0.82554,0.82564,1.50,3.00
2016.11.23 11:01:50.952,0.82555,0.82564,1.00,1.50
2016.11.23 11:01:51.474,0.82555,0.82564,2.25,2.25
2016.11.23 11:01:51.626,0.82554,0.82563,1.50,1.00
2016.11.23 11:01:51.777,0.82553,0.82563,1.50,2.25
2016.11.23 11:01:52.081,0.82555,0.82562,1.00,1.00
2016.11.23 11:01:52.132,0.82555,0.82564,1.00,1.12
2016.11.23 11:01:52.706,0.82554,0.82564,2.25,1.12
2016.11.23 11:01:54.172,0.82554,0.82564,3.00,1.50
2016.11.23 11:01:55.841,0.82554,0.82563,1.50,1.00
2016.11.23 11:01:55.944,0.82553,0.82562,1.00,1.50
2016.11.23 11:01:56.045,0.82552,0.8256,1.50,1.00
2016.11.23 11:01:56.599,0.82553,0.82561,2.62,1.00
2016.11.23 11:01:56.752,0.82551,0.8256,3.00,1.00
2016.11.23 11:01:57.057,0.82551,0.82561,1.87,3.37
2016.11.23 11:01:57.360,0.82553,0.82563,1.00,4.12
2016.11.23 11:01:57.861,0.82553,0.82561,1.00,1.50
2016.11.23 11:01:57.962,0.82551,0.82561,3.37,1.50
2016.11.23 11:01:58.064,0.82551,0.82561,3.37,1.12
2016.11.23 11:01:58.389,0.82553,0.82562,1.00,1.50
2016.11.23 11:01:58.592,0.82554,0.82563,1.12,1.12
2016.11.23 11:01:59.478,0.82554,0.82562,1.12,1.00
2016.11.23 11:01:59.682,0.82552,0.82562,2.25,2.25
2016.11.23 11:02:00.360,0.82552,0.82562,2.62,1.87
2016.11.23 11:02:01.624,0.82554,0.82563,1.00,1.50
2016.11.23 11:02:02.164,0.82554,0.82563,1.12,1.00
2016.11.23 11:02:02.696,0.82555,0.82562,1.00,1.00
2016.11.23 11:02:03.913,0.82554,0.82562,1.00,1.00
2016.11.23 11:02:05.615,0.82553,0.82561,1.87,1.00
2016.11.23 11:02:06.196,0.82552,0.82561,2.25,1.50
2016.11.23 11:02:07.210,0.82552,0.82558,1.37,1.00
2016.11.23 11:02:07.312,0.8255,0.82557,1.50,1.00
2016.11.23 11:02:07.832,0.8255,0.82557,1.00,1.00
2016.11.23 11:02:08.035,0.82552,0.82557,1.00,1.00
2016.11.23 11:02:08.085,0.8255,0.82559,1.87,1.50
2016.11.23 11:02:08.186,0.8255,0.82559,4.12,1.12
2016.11.23 11:02:08.288,0.8255,0.82559,1.50,1.12
2016.11.23 11:02:08.793,0.8255,0.82559,1.00,2.25
2016.11.23 11:02:09.211,0.82549,0.82557,1.00,1.00
2016.11.23 11:02:09.728,0.8255,0.82557,1.12,1.00
2016.11.23 11:02:10.277,0.8255,0.82559,1.12,1.37
2016.11.23 11:02:10.891,0.8255,0.82558,1.50,1.00
2016.11.23 11:02:10.992,0.82549,0.82558,1.87,1.87
2016.11.23 11:02:11.043,0.82549,0.82558,3.37,1.37
2016.11.23 11:02:11.585,0.82549,0.82558,3.75,1.00
2016.11.23 11:02:12.181,0.82551,0.82558,2.25,1.00
2016.11.23 11:02:12.232,0.82552,0.82561,1.87,2.25
2016.11.23 11:02:12.743,0.82553,0.82561,1.87,1.12
2016.11.23 11:02:12.951,0.8255,0.82559,5.25,1.00
2016.11.23 11:02:13.002,0.8255,0.82558,1.87,1.00
2016.11.23 11:02:13.053,0.82549,0.82556,3.00,1.00
2016.11.23 11:02:13.104,0.82548,0.82556,1.00,1.00
2016.11.23 11:02:13.779,0.82547,0.82556,1.00,1.50
2016.11.23 11:02:15.083,0.82547,0.82556,1.50,1.37
2016.11.23 11:02:16.997,0.82545,0.82555,1.12,1.12
2016.11.23 11:02:17.048,0.82544,0.82553,2.25,1.00
2016.11.23 11:02:17.553,0.82544,0.82553,1.50,1.00
2016.11.23 11:02:18.063,0.82544,0.82554,2.62,1.12
2016.11.23 11:02:18.600,0.82545,0.82555,1.37,1.00
2016.11.23 11:02:19.166,0.82547,0.82556,1.00,1.12
2016.11.23 11:02:19.476,0.82544,0.82552,1.50,1.00
2016.11.23 11:02:19.577,0.82543,0.82552,1.87,1.00
2016.11.23 11:02:19.780,0.8254,0.82549,2.25,1.00
2016.11.23 11:02:19.881,0.8254,0.82549,1.12,1.00
2016.11.23 11:02:20.185,0.82543,0.8255,1.00,1.00
2016.11.23 11:02:20.286,0.82543,0.82552,1.00,2.25
2016.11.23 11:02:20.806,0.82542,0.82552,3.37,1.50
2016.11.23 11:02:21.758,0.82541,0.82549,1.12,1.00
2016.11.23 11:02:22.011,0.82539,0.82548,1.87,1.00
2016.11.23 11:02:22.545,0.8254,0.82549,1.87,1.00
2016.11.23 11:02:22.697,0.82542,0.82551,1.00,1.37
2016.11.23 11:02:22.950,0.82543,0.82552,1.12,1.00
2016.11.23 11:02:23.202,0.82541,0.82549,1.12,1.00
2016.11.23 11:02:23.304,0.82539,0.82549,1.50,1.12
2016.11.23 11:02:23.708,0.82539,0.82549,1.12,2.25
2016.11.23 11:02:24.460,0.82538,0.82546,1.37,1.00
2016.11.23 11:02:24.611,0.82537,0.82547,1.00,1.50
2016.11.23 11:02:24.712,0.82536,0.82546,1.50,3.37
2016.11.23 11:02:25.166,0.82534,0.82545,1.87,2.25
2016.11.23 11:02:25.419,0.82535,0.82545,1.00,2.25
2016.11.23 11:02:25.950,0.82538,0.82545,1.00,1.50
2016.11.23 11:02:26.797,0.82539,0.82548,1.50,2.25
2016.11.23 11:02:27.344,0.82539,0.82548,1.87,1.12
2016.11.23 11:02:28.471,0.82541,0.8255,1.00,2.25
2016.11.23 11:02:29.057,0.82542,0.8255,1.00,1.00
2016.11.23 11:02:29.511,0.8254,0.82549,1.87,1.00
2016.11.23 11:02:30.347,0.8254,0.82549,1.00,1.50
2016.11.23 11:02:31.104,0.8254,0.82547,1.00,1.00
2016.11.23 11:02:31.709,0.82539,0.82547,1.50,1.00
2016.11.23 11:02:32.213,0.8254,0.82548,1.00,1.12
2016.11.23 11:02:32.749,0.82539,0.82548,1.87,1.00
2016.11.23 11:02:33.367,0.8254,0.82549,1.37,1.12
2016.11.23 11:02:33.899,0.8254,0.82549,1.00,1.50
2016.11.23 11:02:38.184,0.8254,0.82549,1.00,3.37
2016.11.23 11:02:39.019,0.82541,0.82549,1.00,3.37
2016.11.23 11:02:39.171,0.82541,0.8255,1.00,1.12
2016.11.23 11:02:40.064,0.82542,0.82551,1.00,1.12
2016.11.23 11:02:40.366,0.82544,0.82553,1.00,2.25
2016.11.23 11:02:40.719,0.82541,0.8255,1.87,1.00
2016.11.23 11:02:40.770,0.82541,0.8255,1.87,1.00
2016.11.23 11:02:41.124,0.82539,0.82548,1.50,1.00
2016.11.23 11:02:41.661,0.82539,0.82548,1.00,1.87
2016.11.23 11:02:41.964,0.82541,0.82548,1.00,1.00
2016.11.23 11:02:42.267,0.82539,0.82548,1.12,1.00
2016.11.23 11:02:42.569,0.8254,0.82549,1.50,1.87
2016.11.23 11:02:43.738,0.82542,0.8255,1.00,1.87
2016.11.23 11:02:44.041,0.82544,0.82551,1.00,1.00
2016.11.23 11:02:44.535,0.82543,0.82549,1.00,1.00
2016.11.23 11:02:44.788,0.82541,0.82548,1.00,1.00
2016.11.23 11:02:46.027,0.82539,0.82548,2.25,1.00
2016.11.23 11:02:46.650,0.82539,0.82547,1.87,1.00
2016.11.23 11:02:46.902,0.82537,0.82546,1.50,1.12
2016.11.23 11:02:47.054,0.8254,0.82547,1.00,1.12
2016.11.23 11:02:47.256,0.82541,0.8255,1.50,1.12
2016.11.23 11:02:48.072,0.82541,0.82548,1.50,1.00
2016.11.23 11:02:48.944,0.82541,0.82549,1.50,1.00
2016.11.23 11:02:49.971,0.82542,0.82549,1.00,1.00
2016.11.23 11:02:51.999,0.82544,0.82552,1.50,1.37
2016.11.23 11:02:52.100,0.82545,0.82554,1.00,1.50
2016.11.23 11:02:52.805,0.82544,0.82553,1.87,1.00
2016.11.23 11:02:53.323,0.82545,0.82552,1.00,1.12
2016.11.23 11:02:53.890,0.82545,0.82552,1.37,1.00
2016.11.23 11:02:53.991,0.82545,0.82554,1.37,1.12
2016.11.23 11:02:54.890,0.82544,0.82553,3.37,1.50
2016.11.23 11:02:55.396,0.82545,0.82554,1.50,1.50
2016.11.23 11:02:57.840,0.82544,0.82552,3.37,1.00
2016.11.23 11:02:57.991,0.82544,0.82552,1.50,1.00
2016.11.23 11:02:58.521,0.82544,0.82553,1.87,1.12
2016.11.23 11:02:59.709,0.82543,0.82552,1.12,1.00
2016.11.23 11:03:00.012,0.82541,0.82549,3.37,1.00
2016.11.23 11:03:00.215,0.8254,0.82549,1.37,1.87
2016.11.23 11:03:00.316,0.82539,0.82548,2.25,1.00
2016.11.23 11:03:00.501,0.82539,0.82548,2.62,1.00
2016.11.23 11:03:01.051,0.8254,0.82549,1.50,1.87
2016.11.23 11:03:03.063,0.82539,0.82548,2.25,1.00
2016.11.23 11:03:03.699,0.82539,0.82548,2.25,1.00
2016.11.23 11:03:03.951,0.82541,0.8255,1.12,1.00
2016.11.23 11:03:04.002,0.82541,0.82548,1.12,1.00
2016.11.23 11:03:07.102,0.8254,0.82547,1.12,1.00
2016.11.23 11:03:07.297,0.82538,0.82547,2.62,1.00
2016.11.23 11:03:08.203,0.82539,0.82548,1.00,2.25
2016.11.23 11:03:09.741,0.8254,0.82548,1.00,1.00
2016.11.23 11:03:10.439,0.82538,0.82547,2.62,1.00
2016.11.23 11:03:10.642,0.82538,0.82547,1.87,1.00
2016.11.23 11:03:14.510,0.82537,0.82545,1.87,1.00
2016.11.23 11:03:14.713,0.82535,0.82544,1.37,1.87
2016.11.23 11:03:14.814,0.82534,0.82543,1.00,1.50
2016.11.23 11:03:15.320,0.82535,0.82544,1.12,1.50
2016.11.23 11:03:16.190,0.82537,0.82544,1.00,1.12
2016.11.23 11:03:16.341,0.82538,0.82547,1.00,1.50
2016.11.23 11:03:16.834,0.82536,0.82545,1.00,1.50
2016.11.23 11:03:17.360,0.82536,0.82544,1.00,1.00
2016.11.23 11:03:17.884,0.82535,0.82543,1.87,1.00
2016.11.23 11:03:18.406,0.82534,0.82542,1.00,1.12
2016.11.23 11:03:18.931,0.82534,0.82543,1.50,1.50
2016.11.23 11:03:19.525,0.82534,0.82541,1.50,1.00
2016.11.23 11:03:20.040,0.82534,0.82541,1.12,1.00
2016.11.23 11:03:21.087,0.82534,0.82543,1.12,1.87
2016.11.23 11:03:21.339,0.82535,0.82544,1.12,1.50
2016.11.23 11:03:21.441,0.82536,0.82543,1.37,1.00
2016.11.23 11:03:21.542,0.82533,0.82542,1.50,1.50
2016.11.23 11:03:21.643,0.82533,0.82542,1.50,1.00
2016.11.23 11:03:21.946,0.82528,0.82538,1.50,2.25
2016.11.23 11:03:24.639,0.82528,0.82537,1.50,1.00
2016.11.23 11:03:25.346,0.82528,0.82535,1.37,1.00
2016.11.23 11:03:25.649,0.82528,0.82537,1.00,1.12
2016.11.23 11:03:25.952,0.82529,0.82538,1.50,1.12
2016.11.23 11:03:26.497,0.8253,0.82539,1.50,1.00
2016.11.23 11:03:26.802,0.82534,0.82542,1.00,1.87
2016.11.23 11:03:26.953,0.82533,0.82542,1.12,1.00
2016.11.23 11:03:27.061,0.82533,0.8254,1.12,1.00
2016.11.23 11:03:27.783,0.82531,0.8254,2.25,1.00
2016.11.23 11:03:30.153,0.82531,0.8254,1.12,2.62
2016.11.23 11:03:30.968,0.8253,0.82538,1.37,1.00
2016.11.23 11:03:31.516,0.82529,0.82538,1.50,1.00
2016.11.23 11:03:32.447,0.8253,0.82538,1.37,1.00
2016.11.23 11:03:32.967,0.8253,0.82539,1.87,1.00
2016.11.23 11:03:34.794,0.82531,0.8254,1.12,1.50
2016.11.23 11:03:34.845,0.82531,0.8254,1.75,1.00
2016.11.23 11:03:34.946,0.82533,0.82542,1.12,1.00
2016.11.23 11:03:35.440,0.82532,0.82542,3.37,1.00
2016.11.23 11:03:35.490,0.82532,0.82542,1.50,1.00
2016.11.23 11:03:35.744,0.82533,0.8254,1.12,1.00
2016.11.23 11:03:37.416,0.82533,0.82542,1.12,1.00
2016.11.23 11:03:37.971,0.82535,0.82542,1.12,1.00
2016.11.23 11:03:38.473,0.82533,0.82542,1.50,1.00
2016.11.23 11:03:39.028,0.82533,0.82543,1.50,1.00
2016.11.23 11:03:39.591,0.82535,0.82544,1.87,1.00
2016.11.23 11:03:40.154,0.82535,0.82544,2.25,1.00
2016.11.23 11:03:40.464,0.82535,0.82542,1.12,1.00
2016.11.23 11:03:40.767,0.82536,0.82544,1.00,1.87
2016.11.23 11:03:41.277,0.82536,0.82543,1.00,1.00
2016.11.23 11:03:41.782,0.82533,0.82542,2.62,1.00
2016.11.23 11:03:42.417,0.82534,0.82543,1.50,1.87
2016.11.23 11:03:43.174,0.82535,0.82544,1.12,1.50
2016.11.23 11:03:43.793,0.82534,0.82543,2.62,1.00
2016.11.23 11:03:44.305,0.82534,0.82543,1.50,1.00
2016.11.23 11:03:44.826,0.82535,0.82544,1.00,1.12
2016.11.23 11:03:46.079,0.82535,0.82544,1.50,1.00
2016.11.23 11:03:46.608,0.82535,0.82544,1.87,1.00
2016.11.23 11:03:46.861,0.82539,0.82546,1.00,1.00
2016.11.23 11:03:46.962,0.82539,0.82548,1.00,1.12
2016.11.23 11:03:47.266,0.82538,0.82546,1.12,1.00
2016.11.23 11:03:48.239,0.82535,0.82544,6.00,1.00
2016.11.23 11:03:48.290,0.82535,0.82544,2.62,1.00
2016.11.23 11:03:49.793,0.82535,0.82544,2.25,1.00
2016.11.23 11:03:50.297,0.82535,0.82544,1.50,1.50
2016.11.23 11:03:50.814,0.82535,0.82544,1.12,1.50
2016.11.23 11:03:51.225,0.82537,0.82544,1.00,1.50
2016.11.23 11:03:51.835,0.82535,0.82544,2.25,1.00
2016.11.23 11:03:52.358,0.82535,0.82544,3.00,1.00
2016.11.23 11:03:52.882,0.82536,0.82545,1.12,1.00
2016.11.23 11:03:53.395,0.82536,0.82544,1.12,1.50
2016.11.23 11:03:53.921,0.82535,0.82544,1.12,1.00
2016.11.23 11:03:54.936,0.82535,0.82544,2.25,1.00
2016.11.23 11:03:56.779,0.82537,0.82545,1.00,1.37
2016.11.23 11:03:57.312,0.82537,0.82545,1.00,1.00
2016.11.23 11:03:59.648,0.82537,0.82546,1.50,1.87
2016.11.23 11:04:00.162,0.82539,0.82548,1.00,2.25
2016.11.23 11:04:00.670,0.82538,0.82547,1.00,1.00
2016.11.23 11:04:00.973,0.82533,0.82542,2.25,1.00
2016.11.23 11:04:01.024,0.82534,0.82544,1.87,1.87
2016.11.23 11:04:01.317,0.82536,0.82544,1.00,1.00
2016.11.23 11:04:01.823,0.82536,0.82545,2.62,1.12
2016.11.23 11:04:02.644,0.82536,0.82545,1.50,1.00
2016.11.23 11:04:03.174,0.82536,0.82545,2.25,1.00
2016.11.23 11:04:03.687,0.82535,0.82544,3.00,1.00
2016.11.23 11:04:03.991,0.82537,0.82542,1.50,1.12
2016.11.23 11:04:04.143,0.82537,0.82545,3.37,1.00
2016.11.23 11:04:04.244,0.82539,0.82546,1.00,3.00
2016.11.23 11:04:04.345,0.82539,0.82545,1.00,1.00
2016.11.23 11:04:04.854,0.82539,0.82546,1.00,1.12
2016.11.23 11:04:05.362,0.82538,0.82546,1.00,1.00
2016.11.23 11:04:07.444,0.82539,0.82547,1.00,1.12
2016.11.23 11:04:07.747,0.8254,0.82547,2.25,1.00
2016.11.23 11:04:08.581,0.8254,0.82547,1.00,1.00
2016.11.23 11:04:09.540,0.82541,0.82548,1.00,1.00
2016.11.23 11:04:09.641,0.82539,0.82548,2.62,1.00
2016.11.23 11:04:10.162,0.82539,0.82547,1.87,1.00
2016.11.23 11:04:10.679,0.82539,0.82548,2.62,1.00
2016.11.23 11:04:10.951,0.82541,0.82549,1.00,1.12
2016.11.23 11:04:11.545,0.82541,0.82548,1.50,1.00
2016.11.23 11:04:11.985,0.82539,0.82549,2.62,1.12
2016.11.23 11:04:12.512,0.82539,0.82548,2.62,1.00
2016.11.23 11:04:12.983,0.82541,0.82549,1.00,1.12
2016.11.23 11:04:13.489,0.82541,0.82548,1.00,1.00
2016.11.23 11:04:13.748,0.82541,0.8255,1.00,1.12
2016.11.23 11:04:14.289,0.82541,0.8255,1.87,1.12
2016.11.23 11:04:17.388,0.82541,0.82549,1.37,1.00
2016.11.23 11:04:17.891,0.8254,0.82549,1.87,1.00
2016.11.23 11:04:17.992,0.82542,0.82549,1.00,1.00
2016.11.23 11:04:18.094,0.82542,0.82551,1.87,1.12
2016.11.23 11:04:18.246,0.82544,0.82553,1.00,1.87
2016.11.23 11:04:18.767,0.82543,0.82553,1.50,1.00
2016.11.23 11:04:19.144,0.82545,0.82552,1.00,1.37
2016.11.23 11:04:19.346,0.82545,0.82553,1.00,1.00
2016.11.23 11:04:19.902,0.82545,0.82553,1.00,1.50
2016.11.23 11:04:20.004,0.82544,0.82554,1.50,1.50
2016.11.23 11:04:20.055,0.82544,0.82551,1.00,1.00
2016.11.23 11:04:20.206,0.82542,0.82551,1.50,1.00
2016.11.23 11:04:20.308,0.82542,0.82549,1.00,1.00
2016.11.23 11:04:20.548,0.8254,0.82549,2.25,1.00
2016.11.23 11:04:20.935,0.82538,0.82547,1.12,1.00
2016.11.23 11:04:21.238,0.82535,0.82542,1.37,1.00
2016.11.23 11:04:21.641,0.82535,0.82544,1.50,1.12
2016.11.23 11:04:21.692,0.82541,0.82545,1.00,1.50
2016.11.23 11:04:21.793,0.82541,0.8255,1.50,2.17
2016.11.23 11:04:22.325,0.82539,0.8255,1.12,2.25
2016.11.23 11:04:22.577,0.82539,0.82549,1.87,1.37
2016.11.23 11:04:24.023,0.82539,0.82549,1.00,2.25
2016.11.23 11:04:24.528,0.82539,0.82549,1.12,1.75
2016.11.23 11:04:25.187,0.82539,0.82548,1.00,1.50
2016.11.23 11:04:26.364,0.82538,0.82547,2.25,1.50
2016.11.23 11:04:27.491,0.82535,0.82545,2.25,2.25
2016.11.23 11:04:27.996,0.82534,0.82544,1.12,1.12
2016.11.23 11:04:28.097,0.82534,0.82544,1.00,1.87
2016.11.23 11:04:28.953,0.82536,0.82544,1.00,1.75
2016.11.23 11:04:29.523,0.82536,0.82545,1.00,1.75
2016.11.23 11:04:30.248,0.82535,0.82543,1.00,1.12
2016.11.23 11:04:31.527,0.82534,0.82544,1.50,1.50
2016.11.23 11:04:32.566,0.82535,0.82543,1.00,1.12
2016.11.23 11:04:32.718,0.82536,0.82545,1.00,1.12
2016.11.23 11:04:33.256,0.82536,0.82544,1.12,1.00
2016.11.23 11:04:33.766,0.82535,0.82545,1.87,1.12
2016.11.23 11:04:33.933,0.82534,0.82543,2.25,1.00
2016.11.23 11:04:34.337,0.82534,0.82544,4.12,1.00
2016.11.23 11:04:34.438,0.82534,0.82543,1.37,1.12
2016.11.23 11:04:34.973,0.82535,0.82542,1.00,1.00
2016.11.23 11:04:35.555,0.82533,0.82542,3.00,1.00
2016.11.23 11:04:36.023,0.82533,0.8254,1.00,1.00
2016.11.23 11:04:36.226,0.82531,0.82539,1.00,1.00
2016.11.23 11:04:36.327,0.82533,0.82541,1.00,1.87
2016.11.23 11:04:36.834,0.82532,0.8254,1.50,1.12
2016.11.23 11:04:37.201,0.82531,0.82539,1.00,1.37
2016.11.23 11:04:37.615,0.82531,0.82539,1.00,1.12
2016.11.23 11:04:38.187,0.82531,0.8254,1.00,1.12
2016.11.23 11:04:38.407,0.8253,0.82539,1.12,1.37
2016.11.23 11:04:41.604,0.8253,0.82537,1.00,1.00
2016.11.23 11:04:42.060,0.82528,0.82538,2.62,1.12
2016.11.23 11:04:42.329,0.82528,0.82536,2.25,1.00
2016.11.23 11:04:42.835,0.82529,0.82537,1.50,1.12
2016.11.23 11:04:43.350,0.82529,0.82539,1.50,2.25
2016.11.23 11:04:43.685,0.82531,0.82539,1.00,1.12
2016.11.23 11:04:44.208,0.82533,0.82539,1.50,1.00
2016.11.23 11:04:44.548,0.82535,0.82544,1.00,1.12
2016.11.23 11:04:44.750,0.82535,0.82544,1.00,2.25
2016.11.23 11:04:45.261,0.82535,0.82544,1.00,2.25
2016.11.23 11:04:46.475,0.82534,0.82543,1.00,1.12
2016.11.23 11:04:46.677,0.82531,0.82541,1.12,1.87
2016.11.23 11:04:47.182,0.82532,0.82541,1.87,1.87
2016.11.23 11:04:47.713,0.82531,0.82541,1.12,2.25
2016.11.23 11:04:48.545,0.82531,0.82541,1.50,2.25
2016.11.23 11:04:49.128,0.82532,0.82541,1.00,2.25
2016.11.23 11:04:50.113,0.82533,0.82541,1.00,2.25
2016.11.23 11:04:50.164,0.82533,0.82541,1.00,4.12
2016.11.23 11:04:52.140,0.82533,0.82541,1.12,1.50
2016.11.23 11:04:52.879,0.82533,0.82543,1.37,2.25
2016.11.23 11:04:53.386,0.82533,0.82542,1.87,1.00
2016.11.23 11:04:54.326,0.82532,0.82542,3.37,1.12
2016.11.23 11:04:54.922,0.82533,0.82542,1.00,1.12
2016.11.23 11:04:55.426,0.82533,0.82541,1.00,1.00
2016.11.23 11:04:56.528,0.82533,0.82542,1.00,1.12
2016.11.23 11:04:57.033,0.82533,0.82541,2.62,1.12
2016.11.23 11:04:57.493,0.82533,0.82543,3.37,1.12
2016.11.23 11:04:57.644,0.82534,0.82542,1.37,1.00
2016.11.23 11:04:58.049,0.82532,0.82541,1.87,1.12
2016.11.23 11:04:58.351,0.82535,0.82542,1.00,1.37
2016.11.23 11:04:58.503,0.82538,0.82546,1.50,1.50
2016.11.23 11:04:58.604,0.8254,0.82548,1.00,1.75
2016.11.23 11:04:58.706,0.82541,0.8255,1.50,2.25
2016.11.23 11:04:58.807,0.82542,0.8255,1.50,1.00
2016.11.23 11:04:59.349,0.82542,0.82549,1.00,1.00
2016.11.23 11:04:59.601,0.8254,0.82549,1.12,1.00
2016.11.23 11:05:00.513,0.8254,0.82548,1.00,1.00
2016.11.23 11:05:01.059,0.82539,0.82547,1.00,1.00
2016.11.23 11:05:01.570,0.82537,0.82547,2.25,1.00
2016.11.23 11:05:02.076,0.82539,0.82547,1.00,1.00
2016.11.23 11:05:02.581,0.82538,0.82547,1.00,1.12
2016.11.23 11:05:04.414,0.82538,0.82545,1.12,1.00
2016.11.23 11:05:04.780,0.82539,0.82547,1.00,1.12
2016.11.23 11:05:05.284,0.82538,0.82546,2.25,1.00
2016.11.23 11:05:05.800,0.82538,0.82546,2.25,1.50
2016.11.23 11:05:06.311,0.82539,0.82546,1.00,1.00
2016.11.23 11:05:06.858,0.82539,0.82548,1.50,2.25
2016.11.23 11:05:07.411,0.82539,0.82548,1.00,1.75
2016.11.23 11:05:08.095,0.82539,0.82548,1.50,1.12
2016.11.23 11:05:09.988,0.8254,0.82548,1.00,1.12
2016.11.23 11:05:10.534,0.8254,0.82549,1.00,1.12
2016.11.23 11:05:11.620,0.82541,0.82549,1.00,1.12
2016.11.23 11:05:12.490,0.8254,0.82549,1.00,1.12
2016.11.23 11:05:12.540,0.82543,0.8255,1.00,1.50
2016.11.23 11:05:12.692,0.82544,0.82553,1.00,3.37
2016.11.23 11:05:12.794,0.82544,0.82553,1.12,1.00
2016.11.23 11:05:13.095,0.82544,0.82551,1.00,1.00
2016.11.23 11:05:13.159,0.82542,0.82551,1.87,1.00
2016.11.23 11:05:13.556,0.82542,0.82549,1.00,1.00
2016.11.23 11:05:13.707,0.8254,0.82548,1.00,1.00
2016.11.23 11:05:13.809,0.82538,0.82547,1.12,1.37
2016.11.23 11:05:14.414,0.82538,0.82547,1.87,1.00
2016.11.23 11:05:14.982,0.82538,0.82546,1.00,1.12
2016.11.23 11:05:15.312,0.82532,0.82541,2.25,1.00
2016.11.23 11:05:15.817,0.82532,0.82541,1.87,1.12
2016.11.23 11:05:16.161,0.82537,0.82543,1.00,1.50
2016.11.23 11:05:16.212,0.82537,0.82545,1.50,2.62
2016.11.23 11:05:16.390,0.82538,0.82547,1.00,3.37
2016.11.23 11:05:16.542,0.82539,0.82547,1.00,1.12
2016.11.23 11:05:17.090,0.82538,0.82547,1.50,1.12
2016.11.23 11:05:17.595,0.82537,0.82547,1.87,1.87
2016.11.23 11:05:18.207,0.82537,0.82546,1.12,1.00
2016.11.23 11:05:18.358,0.82539,0.82546,1.00,1.00
2016.11.23 11:05:18.510,0.82537,0.82545,1.50,1.00
2016.11.23 11:05:18.561,0.82539,0.82547,1.00,1.12
2016.11.23 11:05:18.864,0.82534,0.82541,2.62,1.00
2016.11.23 11:05:18.915,0.82532,0.82541,1.00,1.50
2016.11.23 11:05:19.178,0.82536,0.82544,1.00,3.37
2016.11.23 11:05:19.330,0.82535,0.82545,1.37,1.37
2016.11.23 11:05:19.381,0.82534,0.82542,2.62,1.00
2016.11.23 11:05:19.522,0.82532,0.82541,1.50,1.50
2016.11.23 11:05:19.623,0.82534,0.82542,1.00,4.12
2016.11.23 11:05:19.725,0.82534,0.82543,1.00,2.25
2016.11.23 11:05:21.493,0.82536,0.82544,1.00,2.25
2016.11.23 11:05:21.645,0.82536,0.82546,1.00,1.50
2016.11.23 11:05:22.191,0.82537,0.82545,1.00,1.12
2016.11.23 11:05:23.346,0.82538,0.82545,1.00,1.12
2016.11.23 11:05:23.668,0.82539,0.82547,1.00,1.12
2016.11.23 11:05:25.016,0.82538,0.82545,1.00,1.00
2016.11.23 11:05:25.262,0.82536,0.82544,1.00,1.12
2016.11.23 11:05:26.539,0.82534,0.82544,2.62,1.12
2016.11.23 11:05:27.222,0.82536,0.82546,1.00,1.87
2016.11.23 11:05:27.324,0.82536,0.82546,1.87,1.12
2016.11.23 11:05:28.004,0.82535,0.82545,2.25,1.00
2016.11.23 11:05:28.512,0.82535,0.82545,1.12,1.12
2016.11.23 11:05:28.625,0.82537,0.82547,1.00,2.25
2016.11.23 11:05:29.170,0.82536,0.82547,1.50,2.25
2016.11.23 11:05:29.735,0.82537,0.82546,1.00,1.12
2016.11.23 11:05:30.262,0.82538,0.82546,1.50,1.00
2016.11.23 11:05:30.767,0.82537,0.82547,2.62,1.12
2016.11.23 11:05:31.297,0.82538,0.82547,1.00,1.12
2016.11.23 11:05:31.812,0.82539,0.82547,1.00,1.12
2016.11.23 11:05:32.717,0.82538,0.82547,1.50,1.12
2016.11.23 11:05:33.221,0.82538,0.82546,1.50,1.00
2016.11.23 11:05:33.575,0.8254,0.82548,1.50,1.50
2016.11.23 11:05:34.099,0.8254,0.82548,3.00,1.00
2016.11.23 11:05:34.634,0.8254,0.82548,1.87,1.00
2016.11.23 11:05:36.404,0.82539,0.82546,1.50,1.00
2016.11.23 11:05:36.556,0.82538,0.82546,1.00,1.00
2016.11.23 11:05:36.733,0.8254,0.82547,1.00,1.00
2016.11.23 11:05:37.160,0.82542,0.82549,1.00,1.12
2016.11.23 11:05:37.708,0.82541,0.82549,1.00,1.00
2016.11.23 11:05:38.590,0.8254,0.82549,1.12,1.50
2016.11.23 11:05:38.893,0.82542,0.82549,1.00,1.00
2016.11.23 11:05:39.256,0.82542,0.82549,1.50,1.00
2016.11.23 11:05:39.358,0.82541,0.82548,1.50,1.00
2016.11.23 11:05:39.408,0.82541,0.82546,1.50,1.00
2016.11.23 11:05:39.560,0.82538,0.82546,1.00,1.87
2016.11.23 11:05:40.217,0.82537,0.82546,1.12,1.50
2016.11.23 11:05:40.268,0.82537,0.82546,3.37,1.00
2016.11.23 11:05:41.088,0.82538,0.82546,1.87,1.00
2016.11.23 11:05:41.618,0.82538,0.82547,1.87,1.00
2016.11.23 11:05:41.808,0.82541,0.82549,1.00,2.25
2016.11.23 11:05:41.911,0.82542,0.8255,1.00,1.87
2016.11.23 11:05:42.098,0.82543,0.82552,1.00,2.17
2016.11.23 11:05:42.149,0.82546,0.82553,1.00,1.37
2016.11.23 11:05:42.401,0.82548,0.82555,1.00,1.12
2016.11.23 11:05:42.665,0.82546,0.82555,1.00,1.12
2016.11.23 11:05:43.171,0.82545,0.82554,1.00,1.12
2016.11.23 11:05:43.221,0.82545,0.82552,1.00,1.00
2016.11.23 11:05:43.751,0.82544,0.82552,1.12,1.00
2016.11.23 11:05:44.603,0.82543,0.82552,1.87,1.00
2016.11.23 11:05:44.907,0.82545,0.82552,1.00,1.12
2016.11.23 11:05:46.292,0.82545,0.82553,1.00,1.12
2016.11.23 11:05:47.196,0.82544,0.82553,1.12,1.00
2016.11.23 11:05:48.419,0.82545,0.82554,1.12,1.87
2016.11.23 11:05:48.946,0.82546,0.82554,1.50,1.00
2016.11.23 11:05:49.513,0.82545,0.82554,1.50,1.12
2016.11.23 11:05:50.056,0.82546,0.82554,1.00,1.12
2016.11.23 11:05:50.633,0.82548,0.82554,1.00,1.00
2016.11.23 11:05:51.445,0.82548,0.82555,1.00,1.12
2016.11.23 11:05:51.648,0.82539,0.82547,1.87,1.00
2016.11.23 11:05:52.175,0.82538,0.82547,3.00,1.00
2016.11.23 11:05:52.329,0.82541,0.82549,1.00,1.12
2016.11.23 11:05:52.844,0.82542,0.8255,1.12,1.00
2016.11.23 11:05:53.388,0.82541,0.82549,1.37,1.00
2016.11.23 11:05:54.448,0.82541,0.82549,1.12,1.00
2016.11.23 11:05:55.053,0.8254,0.82549,1.00,1.12
2016.11.23 11:05:55.583,0.82539,0.82548,2.25,1.00
2016.11.23 11:05:56.172,0.82539,0.82547,2.62,1.00
2016.11.23 11:05:56.788,0.82539,0.82548,2.62,1.00
2016.11.23 11:05:57.243,0.82542,0.82549,1.00,1.50
2016.11.23 11:05:57.496,0.82542,0.82551,1.12,1.12
2016.11.23 11:05:58.027,0.82543,0.82551,1.12,1.87
2016.11.23 11:05:58.531,0.82545,0.82552,1.00,1.00
2016.11.23 11:06:00.425,0.82542,0.82548,3.00,1.00
2016.11.23 11:06:00.629,0.82537,0.82547,3.37,1.87
2016.11.23 11:06:00.730,0.82537,0.82546,1.12,3.75
2016.11.23 11:06:00.831,0.82538,0.82545,1.00,1.00
2016.11.23 11:06:01.084,0.82539,0.82549,1.00,2.25
2016.11.23 11:06:01.613,0.82538,0.82547,1.50,2.25
2016.11.23 11:06:02.127,0.82538,0.82547,2.25,1.12
2016.11.23 11:06:02.645,0.82538,0.82547,1.50,1.12
2016.11.23 11:06:03.185,0.82539,0.82548,1.50,2.25
2016.11.23 11:06:04.298,0.82539,0.82549,1.50,2.25
2016.11.23 11:06:04.820,0.82539,0.82548,2.62,1.37
2016.11.23 11:06:04.975,0.82541,0.82549,1.00,1.50
2016.11.23 11:06:05.276,0.82536,0.82545,1.12,1.12
2016.11.23 11:06:05.529,0.82538,0.82547,1.12,1.12
2016.11.23 11:06:05.731,0.82537,0.82545,1.50,1.00
2016.11.23 11:06:05.883,0.82535,0.82544,1.87,1.00
2016.11.23 11:06:06.288,0.82537,0.82547,2.25,1.75
2016.11.23 11:06:06.910,0.82539,0.82547,1.00,1.50
2016.11.23 11:06:07.413,0.8254,0.82549,1.00,4.12
2016.11.23 11:06:07.927,0.8254,0.82549,1.12,1.87
2016.11.23 11:06:09.461,0.82539,0.82548,1.12,1.37
2016.11.23 11:06:14.068,0.82539,0.82548,1.37,1.50
2016.11.23 11:06:14.324,0.82541,0.82549,1.00,2.25
2016.11.23 11:06:14.960,0.82541,0.82549,1.00,2.25
2016.11.23 11:06:16.016,0.82538,0.82548,2.62,1.12
2016.11.23 11:06:16.557,0.82538,0.82547,2.25,1.50
2016.11.23 11:06:17.258,0.82538,0.82547,1.87,1.00
2016.11.23 11:06:19.165,0.82539,0.82544,1.37,1.00
2016.11.23 11:06:19.266,0.82536,0.82543,1.75,1.00
2016.11.23 11:06:19.367,0.82534,0.82543,4.87,1.00
2016.11.23 11:06:20.365,0.82534,0.82542,2.62,1.00
2016.11.23 11:06:20.877,0.82534,0.82543,1.87,1.00
2016.11.23 11:06:21.410,0.82534,0.82542,1.87,1.00
2016.11.23 11:06:21.663,0.82534,0.82542,1.50,1.00
2016.11.23 11:06:21.714,0.82536,0.82542,1.00,1.00
2016.11.23 11:06:21.866,0.82534,0.82542,1.00,1.00
2016.11.23 11:06:24.617,0.82534,0.82543,1.12,2.25
2016.11.23 11:06:24.870,0.82536,0.82543,1.12,1.50
2016.11.23 11:06:25.394,0.82536,0.82544,1.12,1.50
2016.11.23 11:06:26.269,0.82536,0.82545,1.12,1.87
2016.11.23 11:06:26.771,0.82536,0.82545,1.50,1.50
2016.11.23 11:06:27.769,0.82535,0.82543,1.50,1.00
2016.11.23 11:06:27.921,0.82534,0.82542,1.12,1.00
2016.11.23 11:06:28.572,0.82534,0.82542,1.75,1.00
2016.11.23 11:06:29.126,0.82534,0.82542,1.50,1.00
2016.11.23 11:06:29.712,0.82534,0.82543,1.50,1.87
2016.11.23 11:06:31.252,0.82535,0.82545,1.87,1.87
2016.11.23 11:06:31.303,0.82538,0.82545,1.00,1.12
2016.11.23 11:06:31.505,0.82539,0.82547,1.50,1.00
2016.11.23 11:06:32.008,0.8254,0.82547,1.00,1.00
2016.11.23 11:06:32.447,0.82542,0.82548,1.00,1.00
2016.11.23 11:06:32.549,0.8254,0.82548,1.87,1.00
2016.11.23 11:06:32.877,0.82539,0.82545,1.12,1.00
2016.11.23 11:06:33.129,0.82536,0.82543,1.00,1.12
2016.11.23 11:06:33.661,0.82536,0.82544,1.00,1.75
2016.11.23 11:06:33.762,0.82535,0.82544,1.37,1.12
2016.11.23 11:06:34.441,0.82536,0.82543,1.00,1.00
2016.11.23 11:06:34.934,0.82536,0.82545,1.50,1.50
2016.11.23 11:06:35.635,0.82536,0.82545,1.50,1.00
2016.11.23 11:06:37.031,0.82538,0.82547,1.00,2.25
2016.11.23 11:06:37.132,0.8254,0.82549,1.00,2.25
2016.11.23 11:06:38.525,0.8254,0.82548,1.12,1.00
2016.11.23 11:06:40.047,0.82541,0.82549,1.00,1.37
2016.11.23 11:06:40.149,0.82541,0.8255,1.12,1.00
2016.11.23 11:06:40.300,0.82542,0.8255,1.37,1.00
2016.11.23 11:06:40.558,0.82539,0.82547,1.12,1.00
2016.11.23 11:06:40.812,0.82538,0.82545,1.50,1.00
2016.11.23 11:06:41.014,0.82537,0.82544,1.50,1.00
2016.11.23 11:06:41.292,0.82537,0.82546,1.12,1.00
2016.11.23 11:06:41.494,0.82536,0.82544,3.00,1.00
2016.11.23 11:06:42.016,0.82535,0.82542,2.62,1.00
2016.11.23 11:06:42.168,0.82533,0.82541,3.37,1.00
2016.11.23 11:06:42.219,0.82533,0.82541,1.50,1.00
2016.11.23 11:06:43.051,0.82534,0.82542,1.00,1.00
2016.11.23 11:06:43.203,0.82535,0.82543,1.37,1.00
2016.11.23 11:06:43.617,0.82538,0.82544,1.00,1.00
2016.11.23 11:06:43.668,0.82537,0.82546,1.50,1.00
2016.11.23 11:06:44.179,0.82539,0.82548,1.50,1.00
2016.11.23 11:06:44.691,0.82537,0.82547,1.50,1.50
2016.11.23 11:06:45.255,0.82537,0.82546,1.12,1.50
2016.11.23 11:06:45.608,0.82536,0.82544,1.50,1.00
2016.11.23 11:06:45.761,0.82533,0.82543,3.37,1.00
2016.11.23 11:06:45.963,0.82536,0.82544,1.00,1.50
2016.11.23 11:06:46.490,0.82535,0.82544,1.00,1.50
2016.11.23 11:06:46.794,0.82536,0.82545,1.50,1.00
2016.11.23 11:06:47.619,0.82535,0.82544,3.37,1.00
2016.11.23 11:06:48.514,0.82536,0.82544,1.00,1.00
2016.11.23 11:06:49.053,0.82535,0.82544,1.12,1.00
2016.11.23 11:06:49.357,0.8254,0.82547,1.00,1.12
2016.11.23 11:06:49.458,0.8254,0.82549,1.00,1.12
2016.11.23 11:06:49.965,0.82539,0.82547,1.75,1.00
2016.11.23 11:06:50.130,0.82536,0.82545,3.37,1.00
2016.11.23 11:06:50.181,0.82536,0.82545,1.12,1.00
2016.11.23 11:06:50.717,0.82536,0.82545,1.50,1.12
2016.11.23 11:06:51.220,0.82536,0.82545,3.37,1.00
2016.11.23 11:06:51.805,0.82536,0.82545,1.50,1.00
2016.11.23 11:06:52.058,0.82536,0.82545,4.87,1.00
2016.11.23 11:06:53.356,0.82537,0.82544,1.00,1.12
2016.11.23 11:06:53.407,0.82534,0.82541,2.62,1.00
2016.11.23 11:06:53.508,0.82532,0.82539,1.75,1.00
2016.11.23 11:06:53.660,0.8253,0.82539,4.12,1.00
2016.11.23 11:06:54.331,0.8253,0.82539,2.25,1.00
2016.11.23 11:06:54.902,0.8253,0.82538,1.12,1.00
2016.11.23 11:06:55.442,0.8253,0.82539,1.50,1.00
2016.11.23 11:06:56.288,0.82529,0.82538,1.75,1.00
2016.11.23 11:06:56.339,0.82528,0.82536,3.37,1.00
2016.11.23 11:06:56.491,0.82527,0.82538,6.00,1.00
2016.11.23 11:06:56.733,0.82531,0.82539,2.25,1.50
2016.11.23 11:06:57.137,0.82528,0.82538,3.00,1.50
2016.11.23 11:06:58.717,0.82529,0.82539,3.00,1.00
2016.11.23 11:06:59.645,0.82529,0.82537,1.50,1.00
2016.11.23 11:07:00.145,0.8253,0.82539,1.12,1.50
2016.11.23 11:07:00.346,0.8253,0.8254,1.87,1.50
2016.11.23 11:07:00.874,0.8253,0.82539,1.37,1.00
2016.11.23 11:07:00.976,0.8253,0.8254,1.12,1.87
2016.11.23 11:07:01.178,0.8253,0.8254,3.75,1.12
2016.11.23 11:07:01.230,0.8253,0.8254,1.87,1.12
2016.11.23 11:07:01.433,0.8253,0.8254,2.25,1.00
2016.11.23 11:07:02.335,0.8253,0.8254,1.50,1.00
2016.11.23 11:07:02.976,0.8253,0.82539,1.50,1.00
2016.11.23 11:07:03.490,0.8253,0.82538,1.50,1.00
2016.11.23 11:07:03.811,0.82529,0.82535,2.62,1.00
2016.11.23 11:07:03.963,0.82526,0.82535,3.37,1.00
2016.11.23 11:07:04.064,0.82526,0.82535,1.37,1.00
2016.11.23 11:07:04.317,0.82527,0.82536,1.75,1.00
2016.11.23 11:07:04.901,0.82526,0.82536,4.12,1.00
2016.11.23 11:07:05.457,0.82527,0.82534,1.50,1.00
2016.11.23 11:07:05.984,0.82526,0.82535,1.50,1.00
2016.11.23 11:07:06.578,0.82525,0.82535,1.50,1.00
2016.11.23 11:07:07.184,0.82525,0.82535,4.87,1.00
2016.11.23 11:07:07.698,0.82527,0.82534,1.00,1.00
2016.11.23 11:07:07.849,0.82527,0.82536,1.50,1.00
2016.11.23 11:07:07.950,0.82527,0.82538,1.50,2.62
2016.11.23 11:07:08.051,0.82528,0.82538,1.50,1.87
2016.11.23 11:07:08.699,0.82527,0.82537,5.62,1.00
2016.11.23 11:07:09.744,0.82529,0.82536,1.37,1.00
2016.11.23 11:07:10.047,0.82526,0.82533,2.25,2.55
2016.11.23 11:07:10.098,0.82524,0.82533,3.00,1.80
2016.11.23 11:07:10.245,0.82524,0.82533,1.12,2.25
2016.11.23 11:07:10.757,0.82524,0.82532,1.00,1.00
2016.11.23 11:07:11.338,0.82522,0.82532,1.50,1.00
2016.11.23 11:07:11.919,0.82522,0.82531,1.50,1.00
2016.11.23 11:07:12.448,0.82522,0.82532,1.50,1.00
2016.11.23 11:07:12.854,0.82525,0.82533,1.00,1.05
2016.11.23 11:07:13.157,0.82526,0.82535,2.62,1.00
2016.11.23 11:07:13.258,0.82525,0.82535,1.75,1.00
2016.11.23 11:07:13.768,0.82526,0.82535,2.62,1.00
2016.11.23 11:07:14.371,0.82526,0.82536,3.37,1.00
2016.11.23 11:07:15.257,0.82528,0.82537,1.12,2.62
2016.11.23 11:07:15.409,0.82528,0.82537,3.37,1.00
2016.11.23 11:07:16.425,0.82532,0.82537,1.00,1.00
2016.11.23 11:07:16.734,0.8253,0.82534,1.12,1.00
2016.11.23 11:07:17.343,0.8253,0.82534,1.00,1.50
2016.11.23 11:07:17.853,0.82529,0.82534,1.00,1.00
2016.11.23 11:07:18.891,0.82529,0.82533,1.00,1.00
2016.11.23 11:07:19.909,0.82528,0.82532,1.00,1.00
2016.11.23 11:07:20.420,0.82528,0.82532,1.00,1.00
2016.11.23 11:07:21.021,0.82527,0.82531,1.00,1.00
2016.11.23 11:07:21.404,0.82525,0.8253,1.12,1.50
2016.11.23 11:07:21.657,0.82523,0.82528,1.00,1.00
2016.11.23 11:07:22.163,0.82522,0.82528,1.00,1.50
2016.11.23 11:07:22.694,0.82522,0.82527,1.00,1.00
2016.11.23 11:07:23.200,0.82522,0.82528,1.00,1.00
2016.11.23 11:07:23.725,0.82523,0.82528,1.00,1.00
2016.11.23 11:07:24.519,0.82523,0.82529,1.00,1.00
2016.11.23 11:07:26.111,0.82527,0.82531,1.00,1.87
2016.11.23 11:07:26.212,0.82528,0.82533,1.00,1.50
2016.11.23 11:07:26.314,0.8253,0.82535,1.00,2.25
2016.11.23 11:07:26.415,0.82531,0.82536,1.00,1.12
2016.11.23 11:07:26.667,0.8253,0.82534,1.00,1.00
2016.11.23 11:07:26.819,0.82527,0.82532,1.00,1.00
2016.11.23 11:07:27.333,0.82528,0.82532,1.00,1.00
2016.11.23 11:07:27.820,0.82529,0.82534,1.00,1.00
2016.11.23 11:07:28.372,0.82528,0.82533,1.00,1.00
2016.11.23 11:07:28.602,0.82531,0.82535,1.00,1.00
2016.11.23 11:07:28.703,0.82531,0.82536,1.00,1.00
2016.11.23 11:07:29.213,0.8253,0.82536,1.00,1.00
2016.11.23 11:07:30.037,0.82529,0.82535,1.12,1.00
2016.11.23 11:07:30.546,0.82528,0.82534,1.00,1.00
2016.11.23 11:07:30.597,0.82527,0.82532,1.00,1.00
2016.11.23 11:07:30.799,0.82528,0.82534,1.00,1.50
2016.11.23 11:07:31.548,0.82528,0.82533,1.00,1.00
2016.11.23 11:07:32.418,0.82526,0.82533,1.00,1.00
2016.11.23 11:07:32.950,0.82527,0.82534,1.00,1.00
2016.11.23 11:07:33.466,0.82526,0.82534,1.50,1.50
2016.11.23 11:07:34.081,0.82526,0.82533,1.50,1.00
2016.11.23 11:07:34.425,0.82528,0.82534,1.00,1.00
2016.11.23 11:07:34.936,0.82529,0.82535,1.00,1.00
2016.11.23 11:07:34.987,0.82529,0.82537,1.00,1.00
2016.11.23 11:07:35.959,0.82529,0.82536,2.25,1.00
2016.11.23 11:07:36.500,0.8253,0.82536,1.37,1.00
2016.11.23 11:07:36.601,0.8253,0.82538,1.37,1.50
2016.11.23 11:07:37.440,0.82534,0.82538,1.00,1.00
2016.11.23 11:07:41.125,0.82533,0.82538,1.00,1.00
2016.11.23 11:07:41.909,0.82535,0.82539,1.00,1.00
2016.11.23 11:07:42.061,0.82535,0.82541,1.00,1.50
2016.11.23 11:07:42.828,0.82538,0.82542,1.00,1.50
2016.11.23 11:07:43.030,0.82535,0.8254,1.00,1.00
2016.11.23 11:07:43.536,0.82536,0.82541,1.00,1.00
2016.11.23 11:07:43.738,0.82534,0.8254,1.00,1.00
2016.11.23 11:07:44.257,0.82534,0.82539,1.00,1.50
2016.11.23 11:07:44.720,0.82533,0.82537,1.00,1.00
2016.11.23 11:07:44.821,0.82533,0.82539,1.00,1.50
2016.11.23 11:07:45.369,0.82534,0.82539,1.00,1.00
2016.11.23 11:07:47.489,0.82534,0.8254,1.00,1.00
2016.11.23 11:07:49.241,0.82534,0.82539,1.00,1.00
2016.11.23 11:07:50.204,0.82534,0.82541,1.00,1.50
2016.11.23 11:07:50.255,0.82537,0.82542,1.00,1.00
2016.11.23 11:07:50.869,0.82537,0.82543,1.00,1.00
2016.11.23 11:07:51.383,0.82538,0.82542,1.00,1.00
2016.11.23 11:07:51.934,0.82538,0.82543,1.00,1.00
2016.11.23 11:07:52.162,0.82535,0.82541,1.00,1.50
2016.11.23 11:07:52.709,0.82536,0.82542,1.00,1.00
2016.11.23 11:07:53.829,0.82536,0.82541,1.00,1.00
2016.11.23 11:07:53.930,0.82534,0.82541,1.00,1.00
2016.11.23 11:07:53.981,0.82533,0.82539,1.12,1.00
2016.11.23 11:07:54.390,0.82535,0.82541,1.00,1.00
2016.11.23 11:07:55.178,0.82535,0.8254,1.00,1.00
2016.11.23 11:07:56.045,0.82534,0.8254,1.00,1.00
2016.11.23 11:07:56.375,0.82536,0.82541,1.00,1.00
2016.11.23 11:07:56.718,0.82536,0.82543,1.00,1.12
2016.11.23 11:07:57.524,0.82536,0.82544,1.00,1.50
2016.11.23 11:07:59.431,0.82536,0.82543,1.00,1.00
2016.11.23 11:07:59.784,0.82536,0.82541,1.00,1.00
2016.11.23 11:07:59.835,0.82534,0.82541,1.50,1.00
2016.11.23 11:08:00.094,0.82534,0.82538,1.00,1.00
2016.11.23 11:08:00.355,0.82535,0.82541,1.00,1.00
2016.11.23 11:08:00.971,0.82535,0.82544,1.00,1.87
2016.11.23 11:08:01.223,0.82535,0.82542,1.12,1.00
2016.11.23 11:08:02.229,0.82535,0.82544,1.12,1.50
2016.11.23 11:08:02.750,0.82536,0.82544,1.50,1.50
2016.11.23 11:08:03.823,0.82537,0.82544,1.00,1.00
2016.11.23 11:08:03.925,0.82541,0.82545,1.00,1.00
2016.11.23 11:08:04.136,0.82541,0.82547,1.00,1.50
2016.11.23 11:08:04.818,0.8254,0.82547,1.00,1.00
2016.11.23 11:08:05.350,0.82539,0.82546,1.00,1.00
2016.11.23 11:08:06.678,0.82538,0.82545,1.00,1.00
2016.11.23 11:08:07.032,0.8254,0.82545,1.00,1.00
2016.11.23 11:08:08.330,0.82538,0.82545,1.50,1.00
2016.11.23 11:08:09.694,0.82539,0.82545,1.00,1.00
2016.11.23 11:08:09.896,0.82539,0.82547,1.12,1.00
2016.11.23 11:08:10.405,0.8254,0.82547,1.00,1.00
2016.11.23 11:08:10.843,0.82542,0.82548,1.00,1.00
2016.11.23 11:08:11.347,0.82541,0.82549,1.00,1.00
2016.11.23 11:08:11.854,0.82541,0.82548,1.00,1.00
2016.11.23 11:08:12.414,0.82541,0.82547,1.00,1.00
2016.11.23 11:08:12.679,0.82542,0.82549,1.00,1.00
2016.11.23 11:08:13.183,0.82542,0.82549,1.50,1.00
2016.11.23 11:08:13.766,0.82542,0.8255,1.50,1.00
2016.11.23 11:08:15.437,0.82543,0.82551,1.00,1.50
2016.11.23 11:08:16.021,0.82544,0.82551,1.00,1.00
2016.11.23 11:08:17.373,0.82543,0.8255,1.12,1.00
2016.11.23 11:08:19.042,0.82543,0.82549,1.00,1.00
2016.11.23 11:08:19.345,0.82541,0.82549,1.50,1.00
2016.11.23 11:08:19.396,0.82541,0.82549,1.50,1.00
2016.11.23 11:08:19.497,0.82541,0.82549,1.12,1.00
2016.11.23 11:08:20.001,0.82543,0.8255,1.00,1.00
2016.11.23 11:08:20.515,0.82543,0.82549,1.00,1.00
2016.11.23 11:08:21.033,0.82542,0.82547,1.00,1.00
2016.11.23 11:08:21.386,0.8254,0.82547,1.87,1.00
2016.11.23 11:08:21.894,0.82539,0.82547,1.50,1.00
2016.11.23 11:08:22.729,0.82538,0.82547,1.12,1.00
2016.11.23 11:08:22.880,0.8254,0.82548,1.00,1.00
2016.11.23 11:08:23.432,0.82541,0.82549,1.12,1.00
2016.11.23 11:08:25.127,0.82542,0.82549,1.50,1.00
2016.11.23 11:08:26.518,0.82542,0.8255,1.00,1.00
2016.11.23 11:08:26.924,0.82542,0.8255,1.50,1.00
2016.11.23 11:08:27.988,0.82544,0.82551,1.12,1.00
2016.11.23 11:08:28.490,0.82545,0.82552,1.00,1.12
2016.11.23 11:08:29.110,0.82545,0.8255,1.00,1.00
2016.11.23 11:08:31.005,0.82545,0.82553,1.00,1.37
2016.11.23 11:08:31.207,0.82547,0.82555,1.00,1.50
2016.11.23 11:08:31.429,0.82548,0.82557,1.00,1.12
2016.11.23 11:08:31.951,0.82549,0.82557,1.00,1.00
2016.11.23 11:08:33.900,0.82549,0.82555,1.00,1.00
2016.11.23 11:08:34.459,0.82548,0.82554,1.12,1.00
2016.11.23 11:08:34.941,0.82546,0.82552,1.37,1.00
2016.11.23 11:08:35.042,0.82544,0.82552,3.37,1.00
2016.11.23 11:08:35.244,0.82544,0.82552,1.00,1.87
2016.11.23 11:08:35.897,0.82544,0.82551,1.00,1.00
2016.11.23 11:08:36.945,0.82543,0.82551,1.00,1.00
2016.11.23 11:08:37.553,0.82541,0.82549,1.50,1.00
2016.11.23 11:08:37.654,0.82542,0.82551,1.12,1.87
2016.11.23 11:08:37.808,0.82545,0.82552,1.00,1.50
2016.11.23 11:08:37.859,0.82543,0.82552,1.87,1.50
2016.11.23 11:08:38.061,0.82545,0.82552,1.00,1.50
2016.11.23 11:08:38.162,0.82543,0.82552,1.87,1.12
2016.11.23 11:08:38.314,0.82545,0.82553,1.00,1.12
2016.11.23 11:08:38.819,0.82546,0.82553,1.00,1.00
2016.11.23 11:08:39.454,0.82544,0.82553,2.62,1.00
2016.11.23 11:08:39.505,0.82546,0.82555,1.00,1.87
2016.11.23 11:08:39.808,0.82548,0.82555,1.00,1.50
2016.11.23 11:08:40.327,0.82547,0.82555,1.00,1.50
2016.11.23 11:08:40.735,0.82549,0.82554,1.00,1.00
2016.11.23 11:08:41.120,0.82546,0.82554,1.00,1.00
2016.11.23 11:08:41.276,0.82548,0.82555,1.00,1.12
2016.11.23 11:08:41.793,0.82547,0.82555,1.00,1.00
2016.11.23 11:08:42.298,0.82548,0.82555,1.12,1.00
2016.11.23 11:08:42.802,0.82544,0.82554,3.00,1.50
2016.11.23 11:08:42.854,0.82544,0.82554,1.50,1.87
2016.11.23 11:08:42.970,0.82544,0.82554,1.50,1.87
2016.11.23 11:08:43.124,0.82544,0.82554,1.12,1.87
2016.11.23 11:08:43.317,0.82545,0.82554,1.37,1.87
2016.11.23 11:08:43.828,0.82545,0.82553,1.37,1.00
2016.11.23 11:08:44.744,0.82545,0.82552,1.37,1.00
2016.11.23 11:08:45.610,0.82547,0.82553,1.00,1.00
2016.11.23 11:08:45.863,0.82548,0.82555,1.00,1.12
2016.11.23 11:08:46.015,0.8255,0.82556,1.00,1.87
2016.11.23 11:08:46.570,0.8255,0.82556,1.12,1.00
2016.11.23 11:08:47.148,0.8255,0.82557,1.00,1.50
2016.11.23 11:08:47.789,0.8255,0.82556,1.00,1.00
2016.11.23 11:08:48.718,0.82548,0.82556,1.50,1.00
2016.11.23 11:08:49.177,0.8255,0.82555,1.00,1.00
2016.11.23 11:08:56.292,0.82548,0.82554,1.50,1.00
2016.11.23 11:08:56.480,0.8255,0.82554,1.00,1.00
2016.11.23 11:08:56.582,0.82548,0.82556,1.00,1.37
2016.11.23 11:08:56.986,0.82548,0.82556,1.75,1.00
2016.11.23 11:08:57.290,0.82548,0.82554,1.00,1.00
2016.11.23 11:08:57.792,0.82547,0.82553,1.12,1.00
2016.11.23 11:08:58.092,0.82548,0.82556,1.00,2.62
2016.11.23 11:08:58.244,0.82552,0.82556,1.00,1.00
2016.11.23 11:08:58.346,0.82553,0.82559,1.00,2.62
2016.11.23 11:08:58.852,0.82552,0.82559,1.00,1.12
2016.11.23 11:08:59.357,0.82552,0.82558,1.00,1.00
2016.11.23 11:08:59.859,0.82552,0.8256,1.00,1.37
2016.11.23 11:08:59.960,0.82553,0.82561,1.00,1.87
2016.11.23 11:09:00.497,0.82554,0.82561,1.00,1.00
2016.11.23 11:09:01.236,0.82555,0.82562,1.00,1.87
2016.11.23 11:09:01.338,0.82552,0.82559,1.00,1.00
2016.11.23 11:09:01.867,0.82552,0.82558,1.00,1.00
2016.11.23 11:09:02.376,0.82551,0.82559,1.50,1.12
2016.11.23 11:09:03.358,0.82551,0.82559,1.87,1.87
2016.11.23 11:09:03.986,0.82551,0.82558,1.50,1.00
2016.11.23 11:09:04.353,0.82549,0.82556,1.37,1.00
2016.11.23 11:09:04.706,0.82552,0.8256,1.00,2.62
2016.11.23 11:09:04.909,0.82553,0.82561,1.00,1.00
2016.11.23 11:09:05.452,0.82552,0.8256,1.12,1.50
2016.11.23 11:09:05.916,0.82551,0.82558,1.00,1.00
2016.11.23 11:09:06.460,0.82551,0.82557,1.12,1.00
2016.11.23 11:09:09.033,0.82551,0.82559,1.12,1.50
2016.11.23 11:09:09.084,0.82553,0.82559,1.00,1.00
2016.11.23 11:09:09.135,0.82554,0.82561,1.00,1.12
2016.11.23 11:09:09.657,0.82553,0.82561,1.50,1.00
2016.11.23 11:09:10.223,0.82553,0.82562,1.00,1.87
2016.11.23 11:09:10.274,0.82555,0.82562,1.00,1.87
2016.11.23 11:09:10.577,0.82553,0.82559,1.50,1.00
2016.11.23 11:09:10.679,0.82552,0.82559,1.50,1.00
2016.11.23 11:09:11.082,0.8255,0.82558,1.12,1.12
2016.11.23 11:09:11.581,0.82552,0.82559,1.00,1.37
2016.11.23 11:09:11.733,0.82553,0.82561,1.00,1.87
2016.11.23 11:09:12.237,0.82554,0.8256,1.00,1.00
2016.11.23 11:09:12.439,0.82555,0.82563,1.00,1.00
2016.11.23 11:09:12.490,0.82557,0.82563,1.00,1.00
2016.11.23 11:09:13.025,0.82557,0.82564,1.50,1.50
2016.11.23 11:09:13.329,0.82554,0.82562,1.50,1.00
2016.11.23 11:09:13.633,0.82558,0.82565,1.00,1.87
2016.11.23 11:09:14.168,0.82558,0.82566,1.00,1.12
2016.11.23 11:09:14.673,0.82558,0.82565,1.00,1.12
2016.11.23 11:09:15.216,0.82556,0.82565,1.50,1.87
2016.11.23 11:09:15.828,0.82556,0.82565,1.00,1.12
2016.11.23 11:09:16.409,0.82556,0.82565,1.37,1.87
2016.11.23 11:09:17.078,0.82558,0.82567,1.00,1.50
2016.11.23 11:09:17.318,0.8256,0.82568,1.00,1.87
2016.11.23 11:09:17.978,0.82559,0.82568,1.37,1.87
2016.11.23 11:09:18.311,0.82557,0.82564,1.00,1.00
2016.11.23 11:09:18.362,0.82557,0.82566,1.00,1.12
2016.11.23 11:09:18.514,0.82556,0.82565,1.00,3.00
2016.11.23 11:09:19.054,0.82555,0.82564,1.50,1.00
2016.11.23 11:09:19.564,0.82555,0.82563,1.12,1.00
2016.11.23 11:09:20.081,0.82556,0.82565,1.12,1.50
2016.11.23 11:09:20.679,0.82556,0.82565,1.12,1.12
2016.11.23 11:09:21.297,0.82556,0.82565,1.50,1.00
2016.11.23 11:09:22.013,0.82556,0.82564,1.50,1.00
2016.11.23 11:09:22.266,0.82555,0.82564,1.00,1.12
2016.11.23 11:09:22.499,0.82558,0.82565,1.00,1.37
2016.11.23 11:09:22.651,0.82559,0.82568,1.00,1.87
2016.11.23 11:09:22.702,0.82559,0.82568,1.00,1.50
2016.11.23 11:09:23.821,0.82558,0.82565,1.12,1.00
2016.11.23 11:09:24.133,0.82556,0.82564,1.00,1.00
2016.11.23 11:09:24.638,0.82553,0.82563,1.50,1.12
2016.11.23 11:09:24.790,0.82553,0.82562,1.12,1.50
2016.11.23 11:09:24.992,0.82553,0.82563,1.12,2.25
2016.11.23 11:09:25.566,0.82553,0.8256,1.12,1.00
2016.11.23 11:09:26.624,0.82555,0.82562,1.00,1.00
2016.11.23 11:09:27.129,0.82556,0.82563,1.00,1.12
2016.11.23 11:09:27.697,0.82557,0.82565,1.00,3.75
2016.11.23 11:09:28.055,0.82558,0.82567,1.00,1.00
2016.11.23 11:09:28.607,0.82558,0.82566,1.00,1.00
2016.11.23 11:09:29.508,0.82557,0.82566,1.12,1.00
2016.11.23 11:09:30.133,0.82557,0.82566,1.12,1.37
2016.11.23 11:09:34.060,0.82557,0.82567,2.25,1.12
2016.11.23 11:09:34.638,0.82557,0.82566,1.12,1.50
2016.11.23 11:09:35.325,0.82556,0.82565,2.25,1.00
2016.11.23 11:09:37.209,0.82558,0.82565,1.00,1.00
2016.11.23 11:09:37.815,0.82557,0.82567,3.00,1.50
2016.11.23 11:09:38.655,0.82557,0.82566,1.50,1.50
2016.11.23 11:09:39.627,0.82557,0.82565,2.25,1.00
2016.11.23 11:09:40.658,0.82557,0.82566,1.37,1.12
2016.11.23 11:09:41.291,0.82557,0.82566,2.25,1.00
2016.11.23 11:09:41.917,0.82557,0.82565,1.75,1.50
2016.11.23 11:09:42.069,0.82555,0.82565,1.87,2.25
2016.11.23 11:09:42.170,0.82555,0.82565,2.25,2.25
2016.11.23 11:09:42.422,0.82555,0.82562,1.50,1.00
2016.11.23 11:09:42.665,0.82554,0.82564,1.12,2.62
2016.11.23 11:09:43.248,0.82554,0.82563,1.50,1.00
2016.11.23 11:09:44.286,0.82555,0.82564,1.12,2.25
2016.11.23 11:09:44.855,0.82556,0.82564,1.00,1.50
2016.11.23 11:09:45.195,0.82556,0.82563,1.75,1.00
2016.11.23 11:09:45.706,0.82555,0.82564,1.75,1.00
2016.11.23 11:09:46.220,0.82555,0.82565,1.75,1.00
2016.11.23 11:09:47.047,0.82554,0.82562,4.12,1.00
2016.11.23 11:09:47.098,0.82553,0.82561,3.37,1.00
2016.11.23 11:09:47.200,0.82551,0.8256,1.37,1.00
2016.11.23 11:09:48.117,0.82552,0.82559,1.12,1.00
2016.11.23 11:09:49.145,0.82551,0.82561,1.50,1.50
2016.11.23 11:09:50.199,0.82551,0.82561,1.75,1.00
2016.11.23 11:09:51.695,0.8255,0.8256,4.87,1.00
2016.11.23 11:09:52.318,0.82551,0.82559,1.75,1.00
2016.11.23 11:09:52.821,0.82552,0.82559,1.00,1.00
2016.11.23 11:09:53.332,0.82552,0.82556,1.00,1.00
2016.11.23 11:09:53.485,0.82548,0.82556,1.12,1.50
2016.11.23 11:09:54.103,0.82546,0.82556,1.50,1.00
2016.11.23 11:09:54.154,0.82545,0.82554,4.12,1.00
2016.11.23 11:09:54.406,0.82545,0.82556,1.75,1.50
2016.11.23 11:09:55.020,0.82548,0.82557,1.00,1.12
2016.11.23 11:09:55.273,0.8255,0.82558,1.50,2.25
2016.11.23 11:09:55.581,0.82552,0.82559,1.00,1.00
2016.11.23 11:09:56.701,0.8255,0.8256,2.25,1.00
2016.11.23 11:09:57.004,0.82549,0.82557,1.12,1.50
2016.11.23 11:09:57.654,0.82549,0.82557,1.50,1.50
2016.11.23 11:09:58.273,0.82552,0.82559,1.00,1.00
2016.11.23 11:09:58.432,0.82553,0.82563,1.12,2.62
2016.11.23 11:09:58.534,0.82554,0.82563,2.62,1.50
2016.11.23 11:09:59.057,0.82553,0.82563,3.00,1.00
2016.11.23 11:09:59.361,0.82555,0.82564,1.75,1.00
2016.11.23 11:09:59.548,0.82559,0.82568,1.00,1.50
2016.11.23 11:09:59.599,0.82559,0.82566,2.62,1.00
2016.11.23 11:09:59.700,0.82557,0.82565,1.75,1.00
2016.11.23 11:10:00.226,0.82557,0.82565,1.50,1.00
2016.11.23 11:10:00.375,0.82556,0.82567,3.00,1.00
2016.11.23 11:10:00.729,0.82557,0.82568,4.87,1.50
2016.11.23 11:10:01.278,0.82558,0.82569,4.87,2.25
2016.11.23 11:10:01.328,0.82558,0.82569,3.00,2.25
2016.11.23 11:10:01.642,0.82562,0.82568,1.00,1.00
2016.11.23 11:10:01.693,0.82561,0.8257,2.25,1.00
2016.11.23 11:10:01.846,0.82563,0.82574,1.50,1.50
2016.11.23 11:10:02.048,0.82565,0.82576,2.25,2.25
2016.11.23 11:10:02.351,0.82565,0.82576,3.37,1.87
2016.11.23 11:10:03.524,0.82566,0.82575,2.25,1.00
2016.11.23 11:10:04.026,0.82567,0.82574,1.50,1.00
2016.11.23 11:10:04.331,0.82563,0.82571,2.62,1.50
2016.11.23 11:10:04.857,0.82563,0.8257,2.62,1.00
2016.11.23 11:10:05.595,0.82563,0.82571,2.62,1.50
2016.11.23 11:10:06.050,0.82562,0.82571,2.62,1.50
2016.11.23 11:10:06.252,0.82565,0.82574,1.00,1.00
2016.11.23 11:10:06.405,0.8257,0.82577,1.00,2.25
2016.11.23 11:10:06.557,0.82571,0.8258,1.50,1.00
2016.11.23 11:10:07.063,0.82572,0.82581,1.87,1.00
2016.11.23 11:10:07.599,0.82572,0.82582,1.12,2.25
2016.11.23 11:10:08.273,0.82571,0.8258,1.50,1.00
2016.11.23 11:10:08.425,0.82568,0.82577,1.12,1.00
2016.11.23 11:10:08.527,0.82566,0.82576,1.87,1.50
2016.11.23 11:10:08.669,0.82568,0.82576,1.87,1.00
2016.11.23 11:10:08.720,0.82568,0.82579,2.25,3.00
2016.11.23 11:10:09.325,0.82566,0.82576,1.75,1.00
2016.11.23 11:10:10.798,0.82566,0.82577,2.25,1.50
2016.11.23 11:10:12.596,0.82568,0.82578,1.12,3.00
2016.11.23 11:10:12.899,0.8257,0.82579,1.50,1.00
2016.11.23 11:10:13.404,0.82572,0.82579,1.00,1.12
2016.11.23 11:10:13.911,0.82571,0.82581,1.37,2.62
2016.11.23 11:10:14.459,0.8257,0.8258,1.37,1.37
2016.11.23 11:10:15.037,0.82571,0.8258,1.50,1.00
2016.11.23 11:10:17.174,0.8257,0.8258,1.12,1.87
2016.11.23 11:10:17.426,0.82572,0.82579,1.00,1.00
2016.11.23 11:10:18.000,0.82572,0.8258,1.00,1.50
2016.11.23 11:10:18.847,0.8257,0.82579,1.50,1.00
2016.11.23 11:10:19.368,0.82569,0.82578,1.87,1.12
2016.11.23 11:10:20.035,0.82568,0.82576,3.37,1.00
2016.11.23 11:10:20.086,0.82568,0.82576,1.12,1.00
2016.11.23 11:10:20.652,0.82567,0.82576,1.87,1.50
2016.11.23 11:10:21.376,0.82568,0.82575,1.00,1.00
2016.11.23 11:10:21.578,0.82568,0.82577,1.00,1.87
2016.11.23 11:10:22.315,0.82568,0.82577,1.50,1.00
2016.11.23 11:10:24.878,0.82569,0.82576,1.12,1.00
2016.11.23 11:10:25.616,0.82567,0.82577,4.12,1.00
2016.11.23 11:10:25.871,0.82572,0.82578,1.00,1.00
2016.11.23 11:10:26.073,0.82571,0.8258,1.87,1.00
2016.11.23 11:10:26.577,0.82572,0.82581,1.87,1.87
2016.11.23 11:10:27.134,0.82572,0.8258,1.50,1.00
2016.11.23 11:10:27.653,0.82572,0.82579,1.50,1.00
2016.11.23 11:10:27.754,0.82572,0.82581,1.12,1.87
2016.11.23 11:10:28.209,0.82572,0.82581,2.25,1.87
2016.11.23 11:10:30.181,0.82572,0.82581,1.87,1.00
2016.11.23 11:10:32.225,0.82571,0.82579,1.50,1.00
2016.11.23 11:10:32.911,0.8257,0.82579,1.00,1.87
2016.11.23 11:10:33.159,0.82569,0.82577,1.12,1.00
2016.11.23 11:10:34.229,0.82568,0.82577,1.12,1.50
2016.11.23 11:10:34.530,0.82565,0.82573,1.00,1.00
2016.11.23 11:10:35.034,0.82563,0.82572,2.25,1.00
2016.11.23 11:10:35.576,0.82563,0.82572,1.37,1.87
2016.11.23 11:10:36.115,0.82563,0.82571,1.37,1.00
2016.11.23 11:10:36.791,0.82563,0.82572,1.37,1.87
2016.11.23 11:10:37.207,0.82566,0.82573,1.00,1.87
2016.11.23 11:10:37.359,0.82567,0.82576,1.00,1.50
2016.11.23 11:10:37.895,0.82567,0.82576,2.25,1.00
2016.11.23 11:10:38.442,0.82568,0.82577,1.12,1.00
2016.11.23 11:10:39.146,0.82567,0.82576,2.25,1.00
2016.11.23 11:10:39.298,0.82569,0.82578,1.00,2.62
2016.11.23 11:10:39.860,0.82569,0.82578,1.12,1.87
2016.11.23 11:10:41.116,0.82568,0.82577,1.50,1.12
2016.11.23 11:10:41.218,0.82568,0.82575,1.50,1.00
2016.11.23 11:10:42.720,0.82568,0.82577,1.50,1.12
2016.11.23 11:10:43.025,0.8257,0.82577,1.00,1.12
2016.11.23 11:10:43.529,0.82571,0.82578,1.00,1.12
2016.11.23 11:10:43.630,0.82572,0.82581,1.00,2.62
2016.11.23 11:10:43.782,0.82574,0.82583,1.00,1.87
2016.11.23 11:10:43.945,0.82574,0.82583,1.00,1.12
2016.11.23 11:10:44.736,0.82575,0.82583,1.00,1.12
2016.11.23 11:10:45.248,0.82574,0.82583,1.00,1.12
2016.11.23 11:10:45.524,0.82573,0.82579,1.12,1.00
2016.11.23 11:10:45.813,0.8257,0.82579,1.12,1.50
2016.11.23 11:10:46.713,0.82571,0.82577,1.00,1.00
2016.11.23 11:10:47.228,0.8257,0.82577,1.00,1.12
2016.11.23 11:10:47.705,0.82568,0.82577,2.25,1.00
2016.11.23 11:10:48.243,0.82569,0.82578,1.00,1.12
2016.11.23 11:10:50.452,0.82569,0.82578,1.87,1.00
2016.11.23 11:10:56.423,0.82571,0.8258,1.00,1.87
2016.11.23 11:10:56.525,0.82573,0.82581,1.00,1.12
2016.11.23 11:10:57.432,0.82574,0.8258,1.00,1.00
2016.11.23 11:10:58.112,0.82572,0.82579,2.25,1.00
2016.11.23 11:10:58.263,0.8257,0.82578,1.50,1.00
2016.11.23 11:10:58.765,0.82569,0.82578,1.50,1.00
2016.11.23 11:10:59.612,0.82569,0.82578,1.87,1.00
2016.11.23 11:11:01.569,0.8257,0.82579,1.50,1.00
2016.11.23 11:11:01.620,0.82573,0.8258,1.00,1.12
2016.11.23 11:11:01.864,0.82575,0.82584,1.37,1.87
2016.11.23 11:11:03.367,0.82574,0.82583,1.87,1.00
2016.11.23 11:11:03.519,0.82574,0.82583,1.12,1.00
2016.11.23 11:11:04.303,0.82574,0.82583,1.87,1.00
2016.11.23 11:11:04.808,0.82574,0.82583,1.50,1.12
2016.11.23 11:11:05.346,0.82574,0.82583,1.50,1.00
2016.11.23 11:11:06.505,0.82574,0.82583,1.12,1.37
2016.11.23 11:11:09.312,0.82574,0.82583,1.12,1.00
2016.11.23 11:11:09.841,0.82573,0.82582,2.62,1.00
2016.11.23 11:11:10.368,0.82574,0.82583,1.00,1.12
2016.11.23 11:11:11.126,0.82576,0.82584,1.00,2.62
2016.11.23 11:11:11.429,0.82576,0.82584,1.75,1.50
2016.11.23 11:11:11.530,0.82576,0.82584,1.12,1.00
2016.11.23 11:11:13.422,0.82574,0.82584,1.50,1.12
2016.11.23 11:11:13.474,0.82576,0.82585,1.00,1.37
2016.11.23 11:11:13.994,0.82576,0.82585,1.12,1.12
2016.11.23 11:11:14.513,0.82575,0.82584,1.50,1.50
2016.11.23 11:11:15.245,0.82575,0.82584,1.50,1.00
2016.11.23 11:11:15.693,0.82577,0.82584,1.00,1.12
2016.11.23 11:11:16.433,0.82576,0.82584,1.50,1.00
2016.11.23 11:11:16.949,0.82576,0.82585,1.50,1.00
2016.11.23 11:11:17.486,0.82576,0.82585,3.00,1.87
2016.11.23 11:11:17.991,0.82576,0.82585,2.25,1.00
2016.11.23 11:11:18.345,0.82575,0.82584,3.00,1.37
2016.11.23 11:11:18.943,0.82576,0.82584,1.00,1.00
2016.11.23 11:11:19.460,0.82576,0.82584,1.37,1.00
2016.11.23 11:11:20.022,0.82578,0.82585,1.00,1.50
2016.11.23 11:11:20.570,0.82577,0.82585,1.12,1.00
2016.11.23 11:11:21.942,0.82579,0.82587,1.00,1.12
2016.11.23 11:11:22.144,0.82579,0.82588,1.00,1.50
2016.11.23 11:11:23.434,0.8258,0.82588,1.00,1.00
2016.11.23 11:11:24.348,0.8258,0.82589,1.00,1.50
2016.11.23 11:11:26.155,0.82581,0.82589,1.50,1.12
2016.11.23 11:11:26.508,0.82582,0.82591,1.87,1.87
2016.11.23 11:11:26.660,0.82584,0.82591,1.00,1.87
2016.11.23 11:11:27.064,0.82585,0.82594,1.87,1.87
2016.11.23 11:11:27.317,0.82587,0.82596,1.12,1.50
2016.11.23 11:11:28.112,0.82586,0.82595,2.25,1.00
2016.11.23 11:11:28.647,0.82585,0.82594,2.62,1.00
2016.11.23 11:11:29.164,0.82585,0.82594,2.25,1.00
2016.11.23 11:11:29.815,0.82585,0.82594,2.25,1.50
2016.11.23 11:11:31.934,0.82586,0.82595,1.00,1.75
2016.11.23 11:11:32.087,0.82586,0.82595,2.25,1.00
2016.11.23 11:11:32.786,0.82586,0.82595,1.50,1.37
2016.11.23 11:11:33.040,0.82586,0.82592,1.00,1.00
2016.11.23 11:11:33.548,0.82585,0.82592,1.12,1.00
2016.11.23 11:11:35.046,0.82584,0.82593,1.12,1.50
2016.11.23 11:11:35.567,0.82584,0.82593,1.37,1.87
2016.11.23 11:11:36.385,0.82584,0.82593,1.00,2.25
2016.11.23 11:11:36.890,0.82585,0.82594,1.00,2.25
2016.11.23 11:11:37.401,0.82584,0.82593,1.50,1.50
2016.11.23 11:11:37.745,0.82584,0.82593,1.50,1.50
2016.11.23 11:11:38.772,0.82583,0.82591,1.12,1.12
2016.11.23 11:11:39.344,0.82583,0.82591,1.50,1.50
2016.11.23 11:11:39.798,0.82583,0.82588,1.00,1.00
2016.11.23 11:11:39.899,0.82581,0.82588,1.00,1.00
2016.11.23 11:11:41.421,0.82582,0.82589,1.00,1.37
2016.11.23 11:11:41.572,0.82582,0.82591,1.12,2.25
2016.11.23 11:11:42.100,0.82582,0.82591,1.12,1.87
2016.11.23 11:11:42.612,0.82581,0.8259,1.00,3.00
2016.11.23 11:11:43.158,0.82582,0.8259,1.00,1.87
2016.11.23 11:11:43.841,0.82582,0.82589,1.00,1.00
2016.11.23 11:11:44.391,0.8258,0.82589,1.12,1.00
2016.11.23 11:11:44.594,0.82582,0.8259,1.00,1.50
2016.11.23 11:11:45.037,0.82582,0.8259,1.00,1.00
2016.11.23 11:11:45.644,0.82583,0.82592,1.00,1.50
2016.11.23 11:11:46.304,0.82584,0.8259,1.00,1.00
2016.11.23 11:11:46.515,0.82582,0.82591,1.12,1.00
2016.11.23 11:11:47.057,0.82582,0.82589,1.00,1.00
2016.11.23 11:11:47.488,0.82583,0.82592,1.00,2.25
2016.11.23 11:11:47.994,0.82584,0.82592,1.12,1.00
2016.11.23 11:11:49.078,0.82583,0.82591,1.50,1.00
2016.11.23 11:11:49.180,0.82582,0.82591,1.12,1.00
2016.11.23 11:11:49.231,0.82582,0.82589,1.00,1.00
2016.11.23 11:11:49.535,0.82582,0.82589,1.00,2.62
2016.11.23 11:11:49.586,0.82582,0.8259,1.00,2.62
2016.11.23 11:11:49.688,0.82582,0.82591,1.50,2.25
2016.11.23 11:11:49.890,0.8258,0.82589,2.25,1.00
2016.11.23 11:11:50.294,0.82579,0.82587,1.12,1.00
2016.11.23 11:11:50.798,0.8258,0.82589,1.12,1.37
2016.11.23 11:11:51.101,0.82582,0.82589,1.12,1.00
2016.11.23 11:11:51.404,0.82581,0.82587,1.00,1.00
2016.11.23 11:11:51.505,0.82578,0.82586,2.25,1.00
2016.11.23 11:11:51.607,0.82578,0.82588,2.25,1.50
2016.11.23 11:11:52.611,0.82579,0.82589,1.12,2.62
2016.11.23 11:11:52.763,0.82582,0.82588,1.00,1.00
2016.11.23 11:11:53.066,0.82583,0.82593,1.00,3.75
2016.11.23 11:11:53.168,0.82585,0.82593,1.00,3.00
2016.11.23 11:11:53.320,0.82587,0.82595,1.50,1.37
2016.11.23 11:11:53.522,0.82588,0.82597,1.12,1.37
2016.11.23 11:11:54.037,0.82588,0.82597,1.00,1.50
2016.11.23 11:11:54.293,0.82588,0.82595,1.00,1.00
2016.11.23 11:11:54.805,0.82587,0.82595,1.50,1.00
2016.11.23 11:11:56.186,0.82588,0.82595,1.12,1.00
2016.11.23 11:11:56.338,0.82586,0.82595,1.87,1.00
2016.11.23 11:11:56.881,0.82587,0.82595,1.12,1.00
2016.11.23 11:11:57.184,0.82589,0.82597,1.00,1.87
2016.11.23 11:11:57.466,0.82589,0.82599,2.25,1.00
2016.11.23 11:11:57.516,0.82589,0.826,2.25,4.12
2016.11.23 11:11:58.062,0.8259,0.826,1.50,4.12
2016.11.23 11:11:58.293,0.82587,0.82597,1.50,1.12
2016.11.23 11:11:58.394,0.82587,0.82597,1.00,2.25
2016.11.23 11:11:58.697,0.82588,0.82598,1.00,2.25
2016.11.23 11:11:59.982,0.82589,0.82598,1.00,1.50
2016.11.23 11:12:00.033,0.82591,0.82599,1.00,1.75
2016.11.23 11:12:00.235,0.82593,0.82602,1.50,3.00
2016.11.23 11:12:00.337,0.82594,0.82602,1.12,1.12
2016.11.23 11:12:00.918,0.82593,0.82602,1.00,1.87
2016.11.23 11:12:01.173,0.82591,0.826,1.37,1.50
2016.11.23 11:12:01.477,0.82588,0.82596,2.62,1.00
2016.11.23 11:12:01.629,0.82587,0.82596,1.12,1.00
2016.11.23 11:12:01.730,0.82585,0.82593,1.50,1.50
2016.11.23 11:12:01.831,0.82583,0.82592,4.12,1.00
2016.11.23 11:12:02.034,0.82583,0.82592,1.87,1.00
2016.11.23 11:12:02.236,0.82583,0.8259,1.00,1.00
2016.11.23 11:12:02.640,0.82584,0.82594,1.50,2.25
2016.11.23 11:12:02.842,0.82586,0.82595,1.00,1.87
2016.11.23 11:12:03.145,0.82586,0.82596,1.50,1.00
2016.11.23 11:12:03.398,0.82586,0.82592,1.87,1.00
2016.11.23 11:12:03.648,0.82583,0.82591,1.50,1.00
2016.11.23 11:12:04.352,0.82581,0.82591,1.12,1.12
2016.11.23 11:12:04.723,0.8258,0.82589,1.50,1.00
2016.11.23 11:12:05.077,0.82577,0.82589,2.25,2.25
2016.11.23 11:12:05.128,0.82577,0.82587,1.75,1.00
2016.11.23 11:12:05.466,0.82575,0.82583,1.37,1.00
2016.11.23 11:12:05.771,0.82579,0.82589,1.00,3.75
2016.11.23 11:12:05.822,0.82579,0.82589,1.00,2.25
2016.11.23 11:12:06.329,0.82578,0.8259,2.25,3.37
2016.11.23 11:12:06.827,0.82579,0.82588,1.50,1.00
2016.11.23 11:12:06.929,0.82579,0.82588,1.12,1.00
2016.11.23 11:12:07.435,0.8258,0.8259,1.00,2.25
2016.11.23 11:12:09.126,0.8258,0.82591,2.25,1.50
2016.11.23 11:12:09.227,0.8258,0.82591,1.50,1.87
2016.11.23 11:12:09.876,0.82581,0.82592,1.00,4.50
2016.11.23 11:12:10.185,0.82583,0.82592,1.00,3.00
2016.11.23 11:12:10.551,0.82581,0.82591,1.12,2.25
2016.11.23 11:12:10.854,0.82578,0.82586,3.37,1.00
2016.11.23 11:12:10.956,0.82577,0.82586,2.25,1.12
2016.11.23 11:12:11.057,0.82575,0.82585,2.25,1.12
2016.11.23 11:12:11.564,0.82575,0.82587,1.50,3.37
2016.11.23 11:12:12.067,0.82573,0.82585,3.37,1.12
2016.11.23 11:12:12.271,0.82577,0.82586,1.00,1.00
2016.11.23 11:12:12.776,0.82576,0.82588,1.50,3.75
2016.11.23 11:12:13.291,0.82576,0.82587,1.12,3.00
2016.11.23 11:12:13.829,0.82575,0.82586,1.50,1.75
2016.11.23 11:12:14.034,0.82576,0.82587,1.75,1.87
2016.11.23 11:12:14.565,0.82577,0.82586,1.50,1.00
2016.11.23 11:12:15.515,0.82576,0.82587,3.00,1.12
2016.11.23 11:12:16.183,0.82576,0.82586,2.25,1.00
2016.11.23 11:12:16.960,0.82577,0.82587,1.50,1.12
2016.11.23 11:12:17.267,0.82578,0.82588,2.25,1.00
2016.11.23 11:12:18.184,0.82579,0.82588,1.87,1.87
2016.11.23 11:12:18.743,0.82579,0.82587,1.50,1.00
2016.11.23 11:12:19.733,0.8258,0.82587,1.50,1.00
2016.11.23 11:12:19.885,0.82581,0.8259,1.87,1.12
2016.11.23 11:12:19.987,0.82581,0.82591,2.25,1.37
2016.11.23 11:12:20.138,0.82583,0.82592,1.12,1.12
2016.11.23 11:12:21.452,0.82584,0.82592,1.50,1.87
2016.11.23 11:12:21.655,0.82584,0.82594,1.50,2.62
2016.11.23 11:12:21.857,0.82584,0.82593,1.12,1.87
2016.11.23 11:12:23.880,0.82584,0.82592,1.12,1.00
2016.11.23 11:12:26.150,0.82583,0.82592,1.50,1.12
2016.11.23 11:12:26.554,0.82584,0.82593,1.37,1.87
2016.11.23 11:12:27.105,0.82586,0.82593,1.00,1.00
2016.11.23 11:12:27.256,0.82586,0.82595,1.50,2.25
2016.11.23 11:12:29.968,0.82587,0.82595,1.00,1.37
2016.11.23 11:12:30.170,0.82588,0.82595,1.00,1.00
2016.11.23 11:12:30.221,0.8259,0.82595,1.00,1.00
2016.11.23 11:12:30.272,0.8259,0.82597,1.00,2.25
2016.11.23 11:12:31.119,0.8259,0.82597,1.37,1.12
2016.11.23 11:12:31.321,0.82593,0.826,1.00,4.12
2016.11.23 11:12:31.372,0.82593,0.82601,1.00,1.12
2016.11.23 11:12:31.625,0.8259,0.82597,3.75,1.00
2016.11.23 11:12:31.675,0.82588,0.82597,2.25,1.00
2016.11.23 11:12:31.777,0.82588,0.82597,1.87,1.50
2016.11.23 11:12:32.315,0.82588,0.82597,1.87,1.50
2016.11.23 11:12:33.181,0.82587,0.82596,1.87,1.00
2016.11.23 11:12:33.232,0.82587,0.82594,1.12,1.00
2016.11.23 11:12:33.939,0.82585,0.82594,1.00,1.12
2016.11.23 11:12:34.570,0.82585,0.82594,1.00,1.50
2016.11.23 11:12:35.038,0.82587,0.82594,1.00,1.87
2016.11.23 11:12:35.190,0.82584,0.82594,1.12,2.62
2016.11.23 11:12:35.292,0.82582,0.82591,3.37,1.12
2016.11.23 11:12:35.494,0.82582,0.8259,1.12,1.87
2016.11.23 11:12:36.036,0.8258,0.82587,1.12,1.00
2016.11.23 11:12:36.289,0.82577,0.82587,2.62,1.12
2016.11.23 11:12:36.391,0.82583,0.82587,1.50,1.00
2016.11.23 11:12:36.492,0.82584,0.82589,1.00,1.37
2016.11.23 11:12:36.593,0.82584,0.82592,1.00,1.50
2016.11.23 11:12:36.695,0.82582,0.82591,1.87,1.12
2016.11.23 11:12:36.864,0.82581,0.82589,2.25,1.00
2016.11.23 11:12:37.016,0.82579,0.82588,1.37,1.00
2016.11.23 11:12:37.159,0.82579,0.82586,1.12,1.00
2016.11.23 11:12:37.311,0.82576,0.82586,3.00,1.00
2016.11.23 11:12:37.897,0.82577,0.82587,1.12,1.12
2016.11.23 11:12:38.824,0.82579,0.82587,1.00,1.12
2016.11.23 11:12:39.148,0.82582,0.8259,1.50,1.00
2016.11.23 11:12:39.503,0.8258,0.8259,1.50,2.62
2016.11.23 11:12:39.995,0.8258,0.82588,1.50,1.00
2016.11.23 11:12:40.187,0.82579,0.82588,1.12,1.00
2016.11.23 11:12:40.694,0.82576,0.82587,2.62,1.50
2016.11.23 11:12:40.896,0.82578,0.82587,1.00,1.00
2016.11.23 11:12:41.199,0.82582,0.82592,1.00,2.62
2016.11.23 11:12:41.736,0.82581,0.82592,1.50,1.87
2016.11.23 11:12:43.497,0.82583,0.82594,1.87,3.00
2016.11.23 11:12:44.001,0.82581,0.82592,1.50,2.62
2016.11.23 11:12:44.052,0.82584,0.82592,1.00,1.12
2016.11.23 11:12:44.102,0.82582,0.82592,1.87,1.50
2016.11.23 11:12:44.204,0.82582,0.82588,1.00,1.00
2016.11.23 11:12:44.407,0.8258,0.82588,1.00,1.00
2016.11.23 11:12:44.709,0.82578,0.82589,3.37,1.50
2016.11.23 11:12:45.230,0.82579,0.82588,1.00,1.00
2016.11.23 11:12:45.778,0.82579,0.82589,1.00,1.87
2016.11.23 11:12:46.279,0.82577,0.82588,3.75,1.00
2016.11.23 11:12:46.585,0.82578,0.82588,1.75,1.00
2016.11.23 11:12:47.127,0.82579,0.82589,1.37,1.00
2016.11.23 11:12:47.487,0.82581,0.82592,2.25,1.12
2016.11.23 11:12:49.365,0.82582,0.82591,1.00,1.50
2016.11.23 11:12:50.010,0.8258,0.8259,1.50,1.00
2016.11.23 11:12:50.213,0.82582,0.82592,1.12,1.12
2016.11.23 11:12:50.731,0.82582,0.82592,1.50,1.00
2016.11.23 11:12:51.495,0.82582,0.82591,2.25,1.00
2016.11.23 11:12:52.065,0.82582,0.8259,1.12,1.00
2016.11.23 11:12:52.217,0.8258,0.82589,1.12,1.00
2016.11.23 11:12:53.521,0.82581,0.8259,1.00,1.12
2016.11.23 11:12:53.796,0.82582,0.82591,3.75,1.00
2016.11.23 11:12:54.303,0.82582,0.82591,3.00,1.00
2016.11.23 11:12:54.840,0.82581,0.8259,1.00,1.37
2016.11.23 11:12:55.234,0.82579,0.82589,1.50,1.50
2016.11.23 11:12:55.537,0.82579,0.82588,1.37,1.50
2016.11.23 11:12:56.078,0.82579,0.82588,1.12,1.50
2016.11.23 11:12:56.614,0.82578,0.82588,1.87,1.50
2016.11.23 11:12:57.190,0.82581,0.82588,1.00,1.50
2016.11.23 11:12:57.342,0.82581,0.8259,1.00,3.37
2016.11.23 11:12:57.847,0.8258,0.82589,1.12,1.87
2016.11.23 11:12:58.200,0.82581,0.8259,1.00,1.12
2016.11.23 11:12:59.393,0.8258,0.8259,1.12,1.12
2016.11.23 11:12:59.444,0.8258,0.82588,1.12,1.00
2016.11.23 11:13:00.369,0.82578,0.82587,2.25,1.50
2016.11.23 11:13:00.521,0.82577,0.82586,2.25,1.00
2016.11.23 11:13:01.040,0.82577,0.82585,1.00,1.00
2016.11.23 11:13:01.602,0.82575,0.82585,2.25,1.00
2016.11.23 11:13:01.653,0.82578,0.82585,1.00,1.00
2016.11.23 11:13:01.859,0.82578,0.82587,1.87,1.00
2016.11.23 11:13:02.723,0.82578,0.82586,1.50,1.00
2016.11.23 11:13:03.649,0.82578,0.82588,1.50,1.87
2016.11.23 11:13:04.200,0.82578,0.82588,1.12,1.12
2016.11.23 11:13:04.942,0.82579,0.82588,1.00,1.12
2016.11.23 11:13:05.445,0.82578,0.82587,1.12,1.00
2016.11.23 11:13:06.222,0.82579,0.82589,1.00,1.50
2016.11.23 11:13:06.273,0.82583,0.82589,1.00,1.37
2016.11.23 11:13:06.375,0.82582,0.82591,1.00,1.50
2016.11.23 11:13:07.278,0.82582,0.82589,1.00,1.00
2016.11.23 11:13:07.807,0.82582,0.82588,1.00,1.00
2016.11.23 11:13:08.311,0.82579,0.82588,2.25,1.00
2016.11.23 11:13:10.255,0.82579,0.82588,1.50,1.00
2016.11.23 11:13:10.776,0.82578,0.82587,2.62,1.00
2016.11.23 11:13:10.877,0.82581,0.82588,1.00,1.37
2016.11.23 11:13:10.979,0.82582,0.82591,1.00,3.37
2016.11.23 11:13:11.030,0.82582,0.82591,1.37,3.00
2016.11.23 11:13:11.915,0.82581,0.8259,4.50,1.00
2016.11.23 11:13:12.168,0.82581,0.8259,1.50,1.12
2016.11.23 11:13:12.702,0.82582,0.8259,1.00,1.00
2016.11.23 11:13:13.112,0.82584,0.82591,1.00,1.50
2016.11.23 11:13:13.364,0.82584,0.82593,1.50,1.12
2016.11.23 11:13:14.301,0.82584,0.82591,1.00,1.00
2016.11.23 11:13:14.891,0.82585,0.82592,1.00,1.37
2016.11.23 11:13:15.355,0.82583,0.82592,1.12,1.00
2016.11.23 11:13:15.641,0.82583,0.8259,1.12,1.00
2016.11.23 11:13:16.155,0.82582,0.8259,1.12,1.12
2016.11.23 11:13:16.714,0.82583,0.8259,1.50,1.12
2016.11.23 11:13:17.218,0.82581,0.8259,2.25,1.00
2016.11.23 11:13:17.538,0.8258,0.82589,1.00,1.12
2016.11.23 11:13:17.982,0.82582,0.82589,1.00,1.12
2016.11.23 11:13:18.491,0.82581,0.82589,1.12,1.00
2016.11.23 11:13:19.067,0.82581,0.8259,1.00,1.12
2016.11.23 11:13:19.574,0.82582,0.8259,1.00,1.00
2016.11.23 11:13:19.878,0.82583,0.82592,1.37,2.62
2016.11.23 11:13:20.574,0.82583,0.82592,1.00,1.87
2016.11.23 11:13:22.556,0.82582,0.82591,2.62,1.00
2016.11.23 11:13:24.131,0.82583,0.82592,1.00,2.62
2016.11.23 11:13:24.597,0.82584,0.82593,1.00,1.87
2016.11.23 11:13:24.989,0.82588,0.82594,1.00,1.50
2016.11.23 11:13:25.091,0.82588,0.82595,1.12,1.12
2016.11.23 11:13:25.735,0.82588,0.82597,1.50,1.00
2016.11.23 11:13:26.985,0.8259,0.82596,1.00,1.00
2016.11.23 11:13:27.288,0.82589,0.82598,1.50,1.00
2016.11.23 11:13:29.769,0.82589,0.82598,1.50,1.50
2016.11.23 11:13:30.077,0.82587,0.82596,2.25,1.00
2016.11.23 11:13:30.228,0.82587,0.82596,1.87,1.50
2016.11.23 11:13:30.997,0.82587,0.82594,1.00,1.00
2016.11.23 11:13:31.716,0.82585,0.82594,1.12,1.00
2016.11.23 11:13:32.407,0.82583,0.8259,3.37,1.00
2016.11.23 11:13:32.508,0.82583,0.8259,1.12,1.00
2016.11.23 11:13:33.413,0.82581,0.8259,1.37,1.12
2016.11.23 11:13:34.234,0.82581,0.8259,1.50,1.00
2016.11.23 11:13:35.100,0.8258,0.82587,1.50,1.00
2016.11.23 11:13:35.546,0.82581,0.8259,1.12,1.00
2016.11.23 11:13:36.085,0.82582,0.82591,1.00,1.50
2016.11.23 11:13:37.228,0.82582,0.82591,1.50,1.50
2016.11.23 11:13:37.750,0.82582,0.82591,1.00,2.25
2016.11.23 11:13:38.002,0.82581,0.82588,1.50,1.00
2016.11.23 11:13:38.507,0.82582,0.82589,1.00,1.87
2016.11.23 11:13:38.559,0.8258,0.82588,1.50,1.00
2016.11.23 11:13:39.106,0.82581,0.8259,1.12,1.00
2016.11.23 11:13:39.159,0.82582,0.82591,1.37,2.25
2016.11.23 11:13:39.696,0.82584,0.82591,1.00,1.87
2016.11.23 11:13:40.203,0.82583,0.8259,1.12,1.00
2016.11.23 11:13:40.709,0.82582,0.8259,1.00,2.25
2016.11.23 11:13:41.164,0.82582,0.82592,3.00,1.00
2016.11.23 11:13:41.715,0.82582,0.82593,3.00,2.25
2016.11.23 11:13:41.935,0.82588,0.82594,1.00,2.62
2016.11.23 11:13:42.036,0.82585,0.82595,1.12,1.87
2016.11.23 11:13:42.596,0.82586,0.82595,1.00,1.87
2016.11.23 11:13:43.130,0.82585,0.82594,1.12,1.00
2016.11.23 11:13:43.181,0.82587,0.82594,1.00,1.00
2016.11.23 11:13:43.483,0.82585,0.82592,1.50,1.00
2016.11.23 11:13:43.942,0.82588,0.82592,1.00,1.00
2016.11.23 11:13:44.043,0.82588,0.82594,1.00,1.00
2016.11.23 11:13:45.746,0.82585,0.82595,1.50,1.50
2016.11.23 11:13:46.275,0.82585,0.82595,3.00,2.25
2016.11.23 11:13:46.377,0.82587,0.82595,1.00,2.25
2016.11.23 11:13:46.897,0.82586,0.82595,1.12,1.50
2016.11.23 11:13:47.405,0.82587,0.82595,1.00,1.50
2016.11.23 11:13:47.952,0.82585,0.82595,1.87,1.87
2016.11.23 11:13:48.053,0.82585,0.82595,2.25,1.12
2016.11.23 11:13:48.154,0.82585,0.82595,2.62,1.00
2016.11.23 11:13:48.255,0.82585,0.82595,2.62,1.00
2016.11.23 11:13:48.766,0.82585,0.82594,1.50,1.00
2016.11.23 11:13:49.279,0.82585,0.82594,1.12,1.87
2016.11.23 11:13:49.789,0.82586,0.82595,1.00,1.12
2016.11.23 11:13:50.293,0.82586,0.82595,1.00,1.37
2016.11.23 11:13:50.601,0.82585,0.82592,1.12,1.00
2016.11.23 11:13:50.753,0.82583,0.82592,1.50,1.00
2016.11.23 11:13:50.955,0.82584,0.82593,2.25,1.00
2016.11.23 11:13:51.057,0.82584,0.82593,2.25,1.00
2016.11.23 11:13:51.231,0.82586,0.82594,1.00,2.25
2016.11.23 11:13:51.770,0.82587,0.82594,1.00,1.00
2016.11.23 11:13:52.641,0.82589,0.82595,1.00,1.00
2016.11.23 11:13:52.844,0.82592,0.826,1.00,1.50
2016.11.23 11:13:53.459,0.82593,0.826,1.00,1.00
2016.11.23 11:13:53.662,0.82591,0.826,1.87,1.00
2016.11.23 11:13:53.865,0.82592,0.82598,1.00,1.00
2016.11.23 11:13:53.967,0.82589,0.82598,1.50,1.00
2016.11.23 11:13:54.171,0.82587,0.82596,2.25,1.00
2016.11.23 11:13:54.762,0.82588,0.82597,1.12,1.12
2016.11.23 11:13:55.066,0.82588,0.82597,2.25,1.00
2016.11.23 11:13:55.372,0.82587,0.82595,1.00,1.00
2016.11.23 11:13:55.574,0.82587,0.82597,4.12,1.00
2016.11.23 11:13:56.253,0.82589,0.82599,1.37,2.25
2016.11.23 11:13:56.765,0.82589,0.826,2.25,2.62
2016.11.23 11:13:57.422,0.82589,0.82599,2.25,1.00
2016.11.23 11:13:57.966,0.82589,0.82599,1.87,1.87
2016.11.23 11:13:58.502,0.8259,0.826,1.00,1.87
2016.11.23 11:13:58.653,0.8259,0.826,1.50,1.50
2016.11.23 11:13:58.957,0.8259,0.82599,1.50,2.25
2016.11.23 11:13:59.209,0.82588,0.82599,1.12,3.00
2016.11.23 11:13:59.588,0.82589,0.82599,1.50,1.00
2016.11.23 11:13:59.790,0.82588,0.82598,1.87,2.62
2016.11.23 11:13:59.948,0.82587,0.82595,1.87,1.00
2016.11.23 11:14:00.480,0.82587,0.82595,1.00,1.50
2016.11.23 11:14:01.214,0.82587,0.82596,1.00,1.87
2016.11.23 11:14:01.770,0.82588,0.82598,1.50,3.00
2016.11.23 11:14:01.972,0.8259,0.82599,1.50,2.62
2016.11.23 11:14:02.124,0.82591,0.82597,1.00,1.00
2016.11.23 11:14:02.641,0.82592,0.82597,1.00,1.00
2016.11.23 11:14:03.079,0.82587,0.82597,4.12,1.50
2016.11.23 11:14:03.589,0.82587,0.82597,4.12,2.25
2016.11.23 11:14:04.142,0.82588,0.82597,1.00,1.50
2016.11.23 11:14:06.175,0.82592,0.82598,1.00,1.87
2016.11.23 11:14:06.683,0.82592,0.82599,1.00,1.50
2016.11.23 11:14:07.087,0.8259,0.82598,1.00,1.00
2016.11.23 11:14:07.619,0.8259,0.82597,1.00,1.00
2016.11.23 11:14:08.143,0.8259,0.82598,1.12,1.00
2016.11.23 11:14:08.649,0.8259,0.82599,1.12,1.50
2016.11.23 11:14:09.153,0.8259,0.82598,1.00,1.00
2016.11.23 11:14:09.695,0.8259,0.82599,1.50,1.12
2016.11.23 11:14:09.796,0.82592,0.82599,1.00,1.12
2016.11.23 11:14:10.326,0.82591,0.82598,1.00,1.00
2016.11.23 11:14:10.854,0.8259,0.82596,1.00,1.00
2016.11.23 11:14:11.006,0.82587,0.82596,3.00,1.00
2016.11.23 11:14:11.347,0.82587,0.82594,1.87,1.00
2016.11.23 11:14:12.372,0.82587,0.82595,1.00,1.00
2016.11.23 11:14:13.071,0.82588,0.82597,1.00,1.87
2016.11.23 11:14:13.375,0.82592,0.826,1.00,1.37
2016.11.23 11:14:13.793,0.8259,0.82598,1.50,1.12
2016.11.23 11:14:14.324,0.82589,0.82598,2.25,1.00
2016.11.23 11:14:14.866,0.82591,0.82599,1.00,1.00
2016.11.23 11:14:15.373,0.8259,0.82599,1.50,1.12
2016.11.23 11:14:15.877,0.82591,0.82598,1.12,1.00
2016.11.23 11:14:18.814,0.82592,0.82598,1.00,1.00
2016.11.23 11:14:19.016,0.8259,0.82598,1.12,1.00
2016.11.23 11:14:19.720,0.82589,0.82596,1.50,1.00
2016.11.23 11:14:20.745,0.8259,0.82597,1.12,1.00
2016.11.23 11:14:21.283,0.82591,0.82598,1.00,1.00
2016.11.23 11:14:21.853,0.82589,0.82598,2.25,1.00
2016.11.23 11:14:22.321,0.82592,0.82597,1.00,1.00
2016.11.23 11:14:22.422,0.82589,0.82597,1.12,1.00
2016.11.23 11:14:22.757,0.82589,0.82595,1.12,1.00
2016.11.23 11:14:22.899,0.82587,0.82594,1.12,1.00
2016.11.23 11:14:27.085,0.82587,0.82595,1.00,1.00
2016.11.23 11:14:27.649,0.82587,0.82594,1.00,1.00
2016.11.23 11:14:29.300,0.82587,0.82595,1.00,1.00
2016.11.23 11:14:29.496,0.8259,0.82596,1.00,1.00
2016.11.23 11:14:29.648,0.8259,0.82599,2.25,1.50
2016.11.23 11:14:30.319,0.8259,0.82598,1.87,1.00
2016.11.23 11:14:30.521,0.82588,0.82597,1.50,1.00
2016.11.23 11:14:31.100,0.82587,0.82596,2.62,1.00
2016.11.23 11:14:32.206,0.82587,0.82594,2.62,1.00
2016.11.23 11:14:32.257,0.82587,0.82596,1.87,1.00
2016.11.23 11:14:32.762,0.82588,0.82597,1.00,1.50
2016.11.23 11:14:33.267,0.82587,0.82596,1.87,1.00
2016.11.23 11:14:34.039,0.82588,0.82597,1.00,1.12
2016.11.23 11:14:34.402,0.82591,0.82598,1.00,1.12
2016.11.23 11:14:34.604,0.82592,0.82601,1.00,2.25
2016.11.23 11:14:34.857,0.82589,0.82598,2.62,1.00
2016.11.23 11:14:35.407,0.82588,0.82597,2.25,1.12
2016.11.23 11:14:37.329,0.82589,0.82597,1.50,1.00
2016.11.23 11:14:37.932,0.8259,0.82597,1.00,1.12
2016.11.23 11:14:38.448,0.82589,0.82597,1.50,1.12
2016.11.23 11:14:38.650,0.82587,0.82596,3.37,1.00
2016.11.23 11:14:39.175,0.82587,0.82596,3.75,1.50
2016.11.23 11:14:39.710,0.82588,0.82597,1.37,1.87
2016.11.23 11:14:40.616,0.82588,0.82594,1.37,1.00
2016.11.23 11:14:40.667,0.82587,0.82593,1.00,1.00
2016.11.23 11:14:41.020,0.82585,0.82592,1.00,1.00
2016.11.23 11:14:41.539,0.82584,0.82592,1.12,1.00
2016.11.23 11:14:42.172,0.82584,0.82593,1.12,1.50
2016.11.23 11:14:43.075,0.82584,0.82593,1.37,1.00
2016.11.23 11:14:43.639,0.82584,0.82593,1.12,1.00
2016.11.23 11:14:43.992,0.82587,0.82594,1.00,1.87
2016.11.23 11:14:44.295,0.82589,0.82596,1.50,1.00
2016.11.23 11:14:44.809,0.8259,0.82596,1.00,1.00
2016.11.23 11:14:45.313,0.82589,0.82596,1.00,1.00
2016.11.23 11:14:45.738,0.8259,0.82598,1.00,1.87
2016.11.23 11:14:45.890,0.82592,0.826,1.00,1.87
2016.11.23 11:14:46.042,0.82592,0.82601,1.87,1.12
2016.11.23 11:14:46.623,0.82593,0.82601,1.00,1.12
2016.11.23 11:14:47.190,0.82592,0.82601,1.50,1.50
2016.11.23 11:14:47.699,0.82593,0.82601,1.00,1.50
2016.11.23 11:14:47.952,0.82592,0.826,1.50,1.50
2016.11.23 11:14:48.305,0.82594,0.82602,1.00,1.50
2016.11.23 11:14:50.242,0.82591,0.82601,2.62,1.87
2016.11.23 11:14:50.822,0.82592,0.82599,1.00,1.12
2016.11.23 11:14:51.096,0.8259,0.82599,1.50,1.12
2016.11.23 11:14:51.298,0.8259,0.82597,1.00,1.00
2016.11.23 11:14:52.296,0.8259,0.82598,1.00,1.12
2016.11.23 11:14:53.800,0.8259,0.82599,1.00,1.12
2016.11.23 11:14:54.134,0.82589,0.82596,1.00,1.00
2016.11.23 11:14:54.286,0.82587,0.82595,1.12,1.12
2016.11.23 11:14:54.639,0.82585,0.82594,1.00,1.12
2016.11.23 11:14:54.690,0.82585,0.82594,1.00,1.50
2016.11.23 11:14:55.214,0.82586,0.82593,1.00,1.00
2016.11.23 11:14:55.522,0.82588,0.82593,1.00,1.00
2016.11.23 11:14:55.573,0.82584,0.82593,1.50,2.62
2016.11.23 11:14:56.099,0.82584,0.82593,1.00,2.62
2016.11.23 11:14:56.483,0.82587,0.82593,1.00,1.00
2016.11.23 11:14:56.584,0.82587,0.82595,1.00,1.87
2016.11.23 11:14:57.766,0.82585,0.82595,1.87,2.62
2016.11.23 11:14:58.354,0.82585,0.82594,1.50,1.12
2016.11.23 11:14:58.506,0.82584,0.82592,1.12,1.00
2016.11.23 11:14:58.810,0.82583,0.82591,1.00,1.50
2016.11.23 11:14:59.314,0.82583,0.82591,1.00,1.50
2016.11.23 11:14:59.566,0.82581,0.82591,2.25,2.25
2016.11.23 11:15:00.105,0.82582,0.82591,1.00,2.25
2016.11.23 11:15:00.408,0.82584,0.82591,1.00,1.00
2016.11.23 11:15:00.711,0.82587,0.82596,1.50,1.50
2016.11.23 11:15:01.260,0.82588,0.82596,1.00,1.50
2016.11.23 11:15:02.575,0.82589,0.82598,1.00,2.25
2016.11.23 11:15:03.104,0.82591,0.826,1.00,2.25
2016.11.23 11:15:03.324,0.8259,0.826,1.50,4.12
2016.11.23 11:15:03.476,0.82591,0.82599,1.87,1.00
2016.11.23 11:15:05.182,0.82592,0.826,1.00,1.50
2016.11.23 11:15:06.090,0.82592,0.826,1.00,1.00
2016.11.23 11:15:06.635,0.82591,0.826,1.12,1.00
2016.11.23 11:15:06.990,0.8259,0.82599,1.00,2.25
2016.11.23 11:15:07.567,0.82589,0.82599,1.00,2.25
2016.11.23 11:15:08.496,0.82591,0.82599,1.00,1.50
2016.11.23 11:15:08.597,0.82592,0.82602,1.12,4.50
2016.11.23 11:15:09.198,0.82592,0.82599,1.12,1.00
2016.11.23 11:15:09.451,0.82594,0.82602,1.00,4.87
2016.11.23 11:15:09.502,0.82593,0.82601,1.00,1.00
2016.11.23 11:15:10.042,0.82592,0.826,1.50,1.00
2016.11.23 11:15:11.730,0.82592,0.826,2.25,1.00
2016.11.23 11:15:12.236,0.82592,0.82601,2.62,1.37
2016.11.23 11:15:12.395,0.82592,0.82602,1.87,1.87
2016.11.23 11:15:12.598,0.82594,0.82603,1.12,1.12
2016.11.23 11:15:13.129,0.82594,0.82604,1.87,2.25
2016.11.23 11:15:13.180,0.82594,0.82602,1.87,1.87
2016.11.23 11:15:14.042,0.82593,0.82603,1.50,1.87
2016.11.23 11:15:14.571,0.82593,0.82604,2.62,3.75
2016.11.23 11:15:14.912,0.82594,0.82604,1.87,1.87
2016.11.23 11:15:15.418,0.82594,0.82602,1.12,1.00
2016.11.23 11:15:15.807,0.82594,0.82604,1.12,1.87
2016.11.23 11:15:16.316,0.82594,0.82603,1.12,1.50
2016.11.23 11:15:17.122,0.82595,0.82603,1.00,1.50
2016.11.23 11:15:17.793,0.82595,0.82603,1.00,1.37
2016.11.23 11:15:18.354,0.82594,0.82604,1.12,2.25
2016.11.23 11:15:18.686,0.82597,0.82605,1.00,3.75
2016.11.23 11:15:18.822,0.82597,0.82605,1.00,1.12
2016.11.23 11:15:19.536,0.82596,0.82605,2.25,1.87
2016.11.23 11:15:20.572,0.82596,0.82604,1.00,1.00
2016.11.23 11:15:21.099,0.82595,0.82604,1.12,1.37
2016.11.23 11:15:21.301,0.82591,0.826,4.12,1.00
2016.11.23 11:15:21.352,0.82591,0.826,1.12,1.00
2016.11.23 11:15:21.504,0.82589,0.82598,1.75,1.00
2016.11.23 11:15:21.658,0.82589,0.82597,1.00,1.00
2016.11.23 11:15:22.057,0.82587,0.82597,1.12,1.87
2016.11.23 11:15:22.566,0.82587,0.82596,2.25,1.00
2016.11.23 11:15:22.669,0.82587,0.82598,1.50,3.37
2016.11.23 11:15:23.931,0.82589,0.82598,1.12,1.50
2016.11.23 11:15:24.234,0.8259,0.82601,3.00,1.50
2016.11.23 11:15:24.782,0.8259,0.826,3.00,1.00
2016.11.23 11:15:25.290,0.8259,0.826,1.50,1.50
2016.11.23 11:15:25.804,0.8259,0.826,1.12,1.87
2016.11.23 11:15:26.309,0.8259,0.826,1.12,2.25
2016.11.23 11:15:26.920,0.82589,0.82599,1.87,1.87
2016.11.23 11:15:28.022,0.8259,0.826,1.87,1.50
2016.11.23 11:15:28.546,0.8259,0.82599,1.12,1.00
2016.11.23 11:15:29.749,0.8259,0.82599,1.00,2.25
2016.11.23 11:15:30.341,0.8259,0.82598,1.00,2.25
2016.11.23 11:15:31.131,0.8259,0.82598,1.00,1.00
2016.11.23 11:15:32.268,0.82589,0.82598,1.50,1.50
2016.11.23 11:15:32.811,0.8259,0.82599,1.12,1.87
2016.11.23 11:15:33.315,0.82589,0.82598,1.00,1.50
2016.11.23 11:15:33.813,0.82587,0.82596,3.00,1.00
2016.11.23 11:15:33.965,0.82587,0.82595,1.00,1.50
2016.11.23 11:15:34.493,0.82587,0.82596,1.00,1.50
2016.11.23 11:15:35.162,0.82588,0.82597,1.00,2.25
2016.11.23 11:15:35.465,0.8259,0.82597,1.00,1.12
2016.11.23 11:15:36.015,0.82589,0.82598,1.00,1.50
2016.11.23 11:15:36.520,0.82589,0.82598,1.12,2.25
2016.11.23 11:15:37.022,0.82588,0.82596,1.50,1.00
2016.11.23 11:15:39.204,0.82587,0.82595,1.00,1.00
2016.11.23 11:15:39.723,0.82587,0.82596,1.50,1.87
2016.11.23 11:15:40.228,0.82588,0.82597,1.50,1.12
2016.11.23 11:15:42.563,0.82587,0.82597,2.62,1.12
2016.11.23 11:15:42.866,0.82587,0.82593,1.00,1.00
2016.11.23 11:15:42.917,0.82585,0.82593,1.00,2.25
2016.11.23 11:15:42.967,0.82584,0.82591,1.50,1.12
2016.11.23 11:15:43.495,0.82583,0.82592,1.87,1.37
2016.11.23 11:15:43.849,0.82584,0.82593,1.87,1.12
2016.11.23 11:15:44.252,0.82586,0.82595,1.00,3.37
2016.11.23 11:15:44.798,0.82587,0.82595,1.00,1.00
2016.11.23 11:15:45.223,0.82584,0.82593,1.50,1.50
2016.11.23 11:15:45.273,0.82584,0.82593,1.12,1.87
2016.11.23 11:15:45.570,0.82583,0.82592,1.50,1.50
2016.11.23 11:15:46.079,0.82585,0.82592,1.00,1.12
2016.11.23 11:15:46.599,0.82584,0.82594,1.00,2.25
2016.11.23 11:15:46.953,0.82584,0.82594,1.12,2.25
2016.11.23 11:15:47.454,0.82585,0.82594,1.00,2.25
2016.11.23 11:15:48.560,0.82585,0.82594,1.00,1.50
2016.11.23 11:15:48.661,0.82585,0.82594,1.00,1.37
2016.11.23 11:15:48.762,0.82585,0.82594,1.00,1.50
2016.11.23 11:15:49.299,0.82585,0.82594,1.00,1.50
2016.11.23 11:15:49.804,0.82585,0.82594,1.35,1.50
2016.11.23 11:15:49.955,0.82585,0.82594,1.72,1.87
2016.11.23 11:15:51.858,0.82585,0.82594,1.00,2.25
2016.11.23 11:15:51.959,0.82585,0.82592,1.00,1.00
2016.11.23 11:15:52.931,0.82585,0.82594,1.00,1.87
2016.11.23 11:15:53.264,0.82584,0.82593,1.12,1.37
2016.11.23 11:15:55.280,0.82582,0.82593,4.35,1.37
2016.11.23 11:15:55.381,0.82584,0.82591,1.00,1.00
2016.11.23 11:15:55.612,0.82582,0.8259,1.00,1.12
2016.11.23 11:15:56.150,0.82581,0.8259,1.00,1.87
2016.11.23 11:15:56.403,0.82581,0.82589,1.00,1.37
2016.11.23 11:15:56.924,0.82581,0.82589,1.00,1.00
2016.11.23 11:16:00.347,0.82582,0.82591,1.00,2.25
2016.11.23 11:16:00.889,0.82582,0.82591,1.12,2.25
2016.11.23 11:16:03.539,0.82582,0.8259,1.12,1.00
2016.11.23 11:16:06.410,0.82582,0.82591,1.12,1.00
2016.11.23 11:16:07.215,0.82583,0.82592,1.12,1.00
2016.11.23 11:16:07.740,0.82582,0.82591,1.12,1.00
2016.11.23 11:16:08.104,0.8258,0.82589,1.50,1.00
2016.11.23 11:16:08.155,0.8258,0.82589,1.50,1.00
2016.11.23 11:16:10.151,0.8258,0.82589,1.00,1.37
2016.11.23 11:16:11.417,0.82581,0.8259,1.00,2.25
2016.11.23 11:16:12.047,0.82581,0.8259,1.00,2.25
2016.11.23 11:16:12.596,0.82582,0.82591,1.00,1.37
2016.11.23 11:16:13.117,0.82581,0.8259,1.12,1.50
2016.11.23 11:16:13.168,0.82583,0.8259,1.00,1.50
2016.11.23 11:16:13.728,0.82583,0.8259,1.00,1.00
2016.11.23 11:16:14.090,0.82582,0.82588,1.00,1.00
2016.11.23 11:16:14.956,0.82581,0.82589,1.00,2.62
2016.11.23 11:16:15.885,0.82581,0.82588,1.12,1.00
2016.11.23 11:16:16.389,0.82581,0.8259,1.00,1.37
2016.11.23 11:16:18.786,0.8258,0.82589,1.00,1.87
2016.11.23 11:16:19.089,0.82578,0.82585,1.12,1.00
2016.11.23 11:16:19.403,0.82576,0.82583,1.50,1.00
2016.11.23 11:16:19.555,0.82575,0.82584,1.12,1.00
2016.11.23 11:16:19.657,0.82577,0.82586,1.00,3.00
2016.11.23 11:16:20.161,0.82577,0.82586,1.87,1.00
2016.11.23 11:16:20.849,0.82578,0.82587,1.00,1.12
2016.11.23 11:16:22.212,0.8258,0.82587,1.00,1.12
2016.11.23 11:16:22.415,0.82578,0.82587,1.35,1.87
2016.11.23 11:16:22.517,0.82578,0.82585,1.50,1.00
2016.11.23 11:16:23.055,0.82578,0.82585,1.00,1.00
2016.11.23 11:16:23.509,0.82577,0.82587,1.87,1.87
2016.11.23 11:16:24.038,0.82578,0.82587,1.00,1.50
2016.11.23 11:16:24.543,0.82578,0.82587,1.00,1.50
2016.11.23 11:16:25.076,0.82578,0.82587,1.00,1.12
2016.11.23 11:16:25.550,0.82581,0.82588,1.00,1.75
2016.11.23 11:16:25.752,0.82583,0.82591,1.00,1.75
2016.11.23 11:16:25.854,0.82584,0.82592,1.00,1.37
2016.11.23 11:16:26.005,0.82584,0.82593,1.00,1.12
2016.11.23 11:16:27.063,0.82584,0.82592,1.00,1.00
2016.11.23 11:16:27.565,0.82584,0.82593,1.50,1.87
2016.11.23 11:16:28.093,0.82584,0.82593,1.00,2.25
2016.11.23 11:16:28.639,0.82583,0.82592,1.50,1.00
2016.11.23 11:16:30.017,0.82585,0.82593,1.00,1.00
2016.11.23 11:16:30.169,0.82587,0.82596,1.00,1.50
2016.11.23 11:16:30.833,0.82586,0.82595,1.87,1.50
2016.11.23 11:16:30.984,0.82585,0.82593,1.50,1.00
2016.11.23 11:16:31.085,0.82585,0.82595,1.00,2.25
2016.11.23 11:16:31.590,0.82584,0.82594,1.50,2.25
2016.11.23 11:16:31.691,0.82584,0.82594,1.50,1.87
2016.11.23 11:16:31.893,0.82584,0.82594,1.12,1.87
2016.11.23 11:16:32.231,0.82584,0.82592,1.12,1.00
2016.11.23 11:16:32.988,0.82584,0.82592,1.00,1.87
2016.11.23 11:16:34.252,0.82583,0.82591,1.12,1.12
2016.11.23 11:16:37.258,0.82581,0.8259,1.87,1.00
2016.11.23 11:16:37.309,0.82581,0.8259,1.50,1.00
2016.11.23 11:16:38.139,0.82582,0.8259,1.00,1.12
2016.11.23 11:16:38.663,0.82583,0.82592,1.00,2.62
2016.11.23 11:16:38.764,0.82583,0.82592,1.00,1.00
2016.11.23 11:16:40.264,0.82583,0.8259,1.00,1.00
2016.11.23 11:16:41.445,0.82583,0.82592,1.00,1.50
2016.11.23 11:16:42.645,0.82584,0.82591,1.00,1.00
2016.11.23 11:16:44.183,0.82583,0.82592,1.00,1.50
2016.11.23 11:16:45.198,0.82584,0.82592,1.00,1.00
2016.11.23 11:16:45.503,0.82586,0.82595,1.00,2.25
2016.11.23 11:16:45.706,0.82587,0.82596,1.00,2.25
2016.11.23 11:16:45.907,0.82587,0.82594,1.00,1.00
2016.11.23 11:16:46.586,0.82586,0.82594,1.00,1.00
2016.11.23 11:16:48.050,0.82588,0.82596,1.00,1.00
2016.11.23 11:16:48.596,0.82587,0.82596,1.00,1.87
2016.11.23 11:16:49.051,0.82587,0.82594,1.50,1.00
2016.11.23 11:16:49.308,0.82585,0.82593,1.00,1.00
2016.11.23 11:16:49.834,0.82585,0.82592,1.00,1.00
2016.11.23 11:16:50.372,0.82584,0.82592,1.00,1.00
2016.11.23 11:16:51.222,0.82585,0.82592,1.00,1.00
2016.11.23 11:16:53.847,0.82584,0.82592,1.50,1.00
2016.11.23 11:16:54.546,0.82584,0.82593,1.00,2.25
2016.11.23 11:16:55.799,0.82585,0.82593,1.00,1.87
2016.11.23 11:16:57.460,0.82584,0.82593,1.50,1.87
2016.11.23 11:16:58.446,0.82583,0.82593,1.12,1.87
2016.11.23 11:16:58.957,0.82583,0.82593,1.87,2.25
2016.11.23 11:17:00.760,0.82583,0.82593,1.50,1.87
2016.11.23 11:17:01.291,0.82583,0.82593,1.50,1.50
2016.11.23 11:17:03.434,0.82585,0.82593,1.00,1.00
2016.11.23 11:17:04.029,0.82585,0.82594,1.00,1.87
2016.11.23 11:17:06.238,0.82584,0.82594,1.12,1.87
2016.11.23 11:17:06.767,0.82584,0.82593,1.00,1.50
2016.11.23 11:17:07.302,0.82583,0.82593,1.37,2.62
2016.11.23 11:17:10.495,0.82585,0.82594,1.00,4.12
2016.11.23 11:17:10.596,0.82587,0.82594,1.00,1.00
2016.11.23 11:17:11.101,0.82586,0.82594,1.00,1.12
2016.11.23 11:17:12.486,0.82586,0.82593,1.00,1.87
2016.11.23 11:17:12.587,0.82584,0.82593,1.00,1.87
2016.11.23 11:17:13.122,0.82584,0.82592,1.00,1.00
2016.11.23 11:17:13.649,0.82584,0.82593,1.00,2.62
2016.11.23 11:17:14.198,0.82585,0.82593,1.00,1.00
2016.11.23 11:17:14.791,0.82585,0.82594,1.00,1.12
2016.11.23 11:17:17.250,0.82585,0.82595,1.50,2.25
2016.11.23 11:17:17.770,0.82586,0.82595,1.00,2.25
2016.11.23 11:17:20.013,0.82586,0.82595,1.12,2.62
2016.11.23 11:17:21.428,0.82587,0.82596,1.00,2.25
2016.11.23 11:17:21.731,0.82585,0.82594,1.50,1.00
2016.11.23 11:17:23.552,0.82585,0.82595,1.50,1.87
2016.11.23 11:17:23.715,0.82585,0.82593,1.12,1.00
2016.11.23 11:17:24.021,0.82585,0.82594,1.00,4.12
2016.11.23 11:17:24.122,0.82585,0.82593,1.00,1.12
2016.11.23 11:17:24.325,0.82583,0.82591,1.12,1.50
2016.11.23 11:17:24.627,0.82581,0.82589,1.00,1.00
2016.11.23 11:17:29.096,0.82583,0.82591,1.00,3.37
2016.11.23 11:17:29.198,0.82584,0.82593,1.00,3.37
2016.11.23 11:17:29.249,0.82582,0.82592,2.25,1.12
2016.11.23 11:17:30.129,0.82582,0.82591,2.62,1.00
2016.11.23 11:17:30.230,0.82584,0.82591,1.00,1.00
2016.11.23 11:17:30.332,0.82582,0.8259,2.62,1.00
2016.11.23 11:17:30.635,0.8258,0.82589,1.12,1.00
2016.11.23 11:17:31.614,0.8258,0.8259,1.12,1.12
2016.11.23 11:17:32.143,0.82581,0.8259,1.00,1.12
2016.11.23 11:17:34.624,0.82584,0.8259,1.00,1.12
2016.11.23 11:17:34.927,0.82584,0.82594,1.12,3.00
2016.11.23 11:17:35.229,0.82582,0.8259,1.75,1.00
2016.11.23 11:17:35.424,0.82581,0.82589,1.12,1.50
2016.11.23 11:17:36.324,0.82581,0.8259,1.00,1.87
2016.11.23 11:17:37.530,0.82581,0.82589,1.00,1.00
2016.11.23 11:17:38.506,0.82583,0.82591,1.00,1.50
2016.11.23 11:17:38.657,0.82583,0.82592,1.00,1.87
2016.11.23 11:17:41.316,0.82583,0.82592,1.12,1.37
2016.11.23 11:17:41.574,0.82582,0.82589,1.87,1.50
2016.11.23 11:17:41.825,0.82577,0.82585,1.87,1.12
2016.11.23 11:17:45.864,0.82579,0.82586,1.00,1.12
2016.11.23 11:17:46.205,0.8258,0.82589,1.50,1.37
2016.11.23 11:17:46.457,0.8258,0.8259,1.87,2.62
2016.11.23 11:17:47.109,0.8258,0.82589,1.12,1.00
2016.11.23 11:17:48.122,0.82581,0.82589,1.00,1.00
2016.11.23 11:17:49.577,0.8258,0.82589,1.12,1.50
2016.11.23 11:17:50.226,0.82579,0.82588,1.50,1.00
2016.11.23 11:17:50.768,0.82578,0.82587,1.50,1.50
2016.11.23 11:17:51.838,0.82578,0.82587,1.12,1.50
2016.11.23 11:17:51.939,0.82578,0.82587,1.50,1.50
2016.11.23 11:17:52.231,0.82578,0.82587,1.50,1.50
2016.11.23 11:17:52.765,0.82579,0.82587,1.00,1.50
2016.11.23 11:17:53.264,0.82579,0.82585,1.00,1.00
2016.11.23 11:17:53.366,0.82576,0.82585,1.50,1.50
2016.11.23 11:17:54.255,0.82577,0.82585,1.00,1.50
2016.11.23 11:17:56.143,0.82577,0.82586,1.00,1.12
2016.11.23 11:17:57.633,0.82578,0.82586,1.00,1.87
2016.11.23 11:17:58.195,0.82579,0.82587,1.00,1.87
2016.11.23 11:17:58.700,0.82578,0.82586,1.00,1.50
2016.11.23 11:18:00.190,0.82579,0.82586,1.00,1.00
2016.11.23 11:18:00.804,0.82579,0.82587,1.00,1.00
2016.11.23 11:18:02.217,0.82577,0.82586,1.87,1.00
2016.11.23 11:18:02.318,0.82577,0.82584,1.00,1.00
2016.11.23 11:18:02.851,0.82577,0.82586,1.12,1.87
2016.11.23 11:18:03.413,0.82577,0.82584,1.12,1.00
2016.11.23 11:18:04.386,0.82577,0.82584,1.00,1.50
2016.11.23 11:18:04.681,0.82575,0.82584,1.00,1.50
2016.11.23 11:18:04.833,0.82575,0.82581,1.12,1.00
2016.11.23 11:18:05.350,0.82574,0.82581,1.00,1.00
2016.11.23 11:18:06.054,0.82578,0.82582,1.00,1.50
2016.11.23 11:18:06.206,0.82578,0.82586,1.00,3.37
2016.11.23 11:18:06.459,0.82576,0.82583,1.00,1.00
2016.11.23 11:18:06.661,0.82574,0.82582,1.87,1.00
2016.11.23 11:18:07.324,0.82574,0.82583,1.00,1.87
2016.11.23 11:18:07.890,0.82574,0.82583,1.50,1.87
2016.11.23 11:18:09.716,0.82574,0.82581,1.50,1.00
2016.11.23 11:18:13.144,0.82574,0.82582,1.50,1.00
2016.11.23 11:18:14.424,0.82578,0.82585,1.00,3.37
2016.11.23 11:18:14.626,0.82579,0.82588,1.37,1.00
2016.11.23 11:18:15.242,0.82579,0.82587,1.12,1.00
2016.11.23 11:18:15.845,0.8258,0.82587,1.00,1.00
2016.11.23 11:18:17.511,0.82579,0.82587,1.50,1.00
2016.11.23 11:18:18.467,0.8258,0.82587,1.00,1.00
2016.11.23 11:18:19.148,0.82581,0.82588,1.00,1.12
2016.11.23 11:18:19.715,0.82581,0.82589,1.00,1.50
2016.11.23 11:18:20.220,0.82582,0.82591,1.00,4.87
2016.11.23 11:18:20.767,0.82581,0.8259,1.12,1.37
2016.11.23 11:18:22.280,0.82582,0.82589,1.00,1.12
2016.11.23 11:18:23.223,0.82581,0.82589,1.00,1.00
2016.11.23 11:18:23.425,0.82579,0.82586,1.00,1.12
2016.11.23 11:18:23.729,0.82571,0.8258,1.12,1.50
2016.11.23 11:18:24.239,0.82571,0.82579,1.12,1.00
2016.11.23 11:18:24.791,0.82573,0.82579,1.00,1.00
2016.11.23 11:18:24.842,0.82571,0.8258,1.12,1.50
2016.11.23 11:18:25.347,0.82571,0.8258,1.00,2.25
2016.11.23 11:18:25.889,0.82572,0.82578,1.00,1.00
2016.11.23 11:18:26.308,0.8257,0.82578,1.00,1.00
2016.11.23 11:18:26.624,0.82568,0.82577,1.50,1.50
2016.11.23 11:18:26.826,0.82567,0.82576,1.00,1.50
2016.11.23 11:18:27.129,0.82569,0.82578,1.00,1.50
2016.11.23 11:18:27.496,0.82571,0.82579,1.00,1.50
2016.11.23 11:18:27.804,0.82567,0.82576,1.87,1.00
2016.11.23 11:18:27.855,0.82567,0.82574,1.37,1.00
2016.11.23 11:18:28.007,0.82566,0.82575,1.12,1.50
2016.11.23 11:18:28.512,0.82565,0.82574,1.12,1.00
2016.11.23 11:18:29.088,0.82565,0.82575,2.25,1.12
2016.11.23 11:18:29.242,0.82568,0.82577,1.00,2.25
2016.11.23 11:18:29.762,0.82566,0.82577,2.25,1.50
2016.11.23 11:18:30.335,0.82566,0.82576,1.87,1.00
2016.11.23 11:18:30.865,0.82567,0.82576,1.00,1.50
2016.11.23 11:18:31.246,0.82566,0.82574,1.87,1.00
2016.11.23 11:18:31.399,0.82567,0.82576,1.00,1.12
2016.11.23 11:18:31.946,0.82568,0.82577,1.00,1.12
2016.11.23 11:18:32.958,0.82571,0.82579,1.00,4.50
2016.11.23 11:18:33.110,0.82571,0.82579,1.00,1.50
2016.11.23 11:18:33.613,0.82572,0.82579,1.00,1.00
2016.11.23 11:18:34.018,0.82569,0.82578,1.12,1.50
2016.11.23 11:18:34.528,0.8257,0.82577,1.00,1.50
2016.11.23 11:18:37.378,0.82569,0.82577,1.00,1.00
2016.11.23 11:18:37.978,0.8257,0.82577,1.00,1.00
2016.11.23 11:18:38.029,0.82572,0.82577,1.00,1.00
2016.11.23 11:18:38.130,0.82572,0.8258,1.00,2.25
2016.11.23 11:18:38.672,0.82572,0.8258,1.00,1.00
2016.11.23 11:18:39.635,0.82571,0.8258,1.12,1.50
2016.11.23 11:18:39.843,0.82573,0.8258,1.00,2.25
2016.11.23 11:18:40.147,0.82571,0.82579,1.00,1.00
2016.11.23 11:18:40.902,0.82572,0.82579,1.00,1.00
2016.11.23 11:18:42.883,0.82572,0.82581,1.00,2.25
2016.11.23 11:18:43.509,0.82575,0.82581,1.00,2.25
2016.11.23 11:18:43.763,0.82578,0.82585,1.00,1.00
2016.11.23 11:18:44.304,0.82578,0.82584,1.00,1.12
2016.11.23 11:18:45.203,0.82578,0.82585,1.00,1.87
2016.11.23 11:18:45.733,0.82578,0.82584,1.00,1.00
2016.11.23 11:18:46.450,0.82578,0.82585,1.00,2.62
2016.11.23 11:18:46.552,0.82576,0.82585,1.50,1.12
2016.11.23 11:18:47.151,0.82575,0.82583,1.50,1.00
2016.11.23 11:18:47.778,0.82576,0.82583,1.00,1.12
2016.11.23 11:18:52.336,0.82575,0.82584,1.00,1.87
2016.11.23 11:18:52.657,0.82572,0.82581,1.00,3.00
2016.11.23 11:18:53.398,0.82572,0.8258,1.00,1.00
2016.11.23 11:18:53.702,0.82574,0.82582,1.00,1.87
2016.11.23 11:18:54.886,0.82575,0.82583,1.00,1.37
2016.11.23 11:18:59.174,0.82575,0.82583,1.00,1.50
2016.11.23 11:18:59.709,0.82576,0.82583,1.00,2.25
2016.11.23 11:19:00.280,0.82576,0.82582,1.00,1.00
2016.11.23 11:19:00.432,0.82574,0.82582,1.00,1.50
2016.11.23 11:19:00.973,0.82573,0.82582,1.50,1.50
2016.11.23 11:19:01.493,0.82574,0.82583,1.37,1.12
2016.11.23 11:19:02.075,0.82574,0.82583,1.00,2.62
2016.11.23 11:19:02.592,0.82573,0.82581,1.00,1.00
2016.11.23 11:19:02.794,0.82571,0.8258,1.50,1.50
2016.11.23 11:19:02.996,0.8257,0.82578,1.00,1.12
2016.11.23 11:19:03.545,0.8257,0.82577,1.12,1.00
2016.11.23 11:19:05.770,0.82569,0.82577,1.00,1.00
2016.11.23 11:19:06.509,0.82569,0.82578,1.12,1.50
2016.11.23 11:19:07.032,0.8257,0.82578,1.00,1.50
2016.11.23 11:19:08.637,0.82569,0.82578,1.00,1.12
2016.11.23 11:19:09.163,0.82569,0.82577,1.00,1.00
2016.11.23 11:19:09.761,0.82569,0.82578,1.00,1.50
2016.11.23 11:19:10.271,0.82569,0.82577,1.00,2.62
2016.11.23 11:19:10.896,0.82569,0.82576,1.00,1.00
2016.11.23 11:19:12.260,0.82568,0.82576,1.00,1.00
2016.11.23 11:19:14.313,0.82568,0.82577,1.00,3.00
2016.11.23 11:19:14.822,0.82567,0.82576,1.00,1.12
2016.11.23 11:19:15.329,0.82567,0.82576,1.12,2.25
2016.11.23 11:19:15.744,0.8257,0.82576,1.00,1.37
2016.11.23 11:19:15.795,0.8257,0.82576,1.00,1.12
2016.11.23 11:19:16.323,0.8257,0.82577,1.00,1.87
2016.11.23 11:19:16.854,0.8257,0.82578,1.00,1.12
2016.11.23 11:19:17.403,0.82572,0.82579,1.00,3.00
2016.11.23 11:19:17.713,0.8257,0.82579,1.00,3.00
2016.11.23 11:19:18.217,0.8257,0.82579,1.00,2.62
2016.11.23 11:19:18.680,0.82572,0.82579,1.00,1.87
2016.11.23 11:19:19.188,0.8257,0.82579,1.12,1.87
2016.11.23 11:19:19.340,0.8257,0.82577,1.00,2.25
2016.11.23 11:19:19.678,0.82568,0.82575,1.00,1.50
2016.11.23 11:19:20.732,0.82568,0.82574,1.00,1.00
2016.11.23 11:19:20.833,0.82566,0.82574,1.12,1.00
2016.11.23 11:19:22.358,0.82567,0.82575,1.00,1.37
2016.11.23 11:19:23.023,0.8257,0.82577,1.00,5.62
2016.11.23 11:19:23.124,0.82567,0.82576,1.12,2.25
2016.11.23 11:19:23.652,0.82568,0.82574,1.00,1.00
2016.11.23 11:19:24.191,0.82567,0.82576,1.00,3.00
2016.11.23 11:19:24.756,0.82567,0.82575,1.00,1.00
2016.11.23 11:19:26.334,0.82566,0.82575,1.00,1.50
2016.11.23 11:19:27.253,0.82566,0.82575,1.00,2.62
2016.11.23 11:19:27.304,0.82566,0.82575,1.00,3.00
2016.11.23 11:19:30.231,0.82566,0.82575,1.00,3.00
2016.11.23 11:19:31.443,0.82567,0.82575,1.00,1.50
2016.11.23 11:19:35.703,0.82568,0.82575,1.00,1.50
2016.11.23 11:19:36.015,0.8257,0.82575,1.50,1.50
2016.11.23 11:19:36.167,0.82571,0.82578,1.00,2.62
2016.11.23 11:19:36.269,0.82571,0.8258,1.12,2.25
2016.11.23 11:19:36.774,0.82572,0.82581,1.00,3.00
2016.11.23 11:19:37.009,0.82576,0.82581,1.00,1.37
2016.11.23 11:19:37.060,0.82576,0.82583,1.00,1.37
2016.11.23 11:19:37.162,0.82577,0.82584,1.00,1.87
2016.11.23 11:19:37.618,0.82575,0.82583,1.00,1.00
2016.11.23 11:19:38.434,0.82574,0.82583,1.00,1.00
2016.11.23 11:19:38.585,0.82574,0.82582,1.00,1.37
2016.11.23 11:19:39.398,0.82575,0.82582,1.00,1.50
2016.11.23 11:19:41.872,0.82573,0.82582,1.50,2.25
2016.11.23 11:19:42.377,0.82573,0.8258,1.00,1.00
2016.11.23 11:19:42.892,0.82572,0.82581,1.00,2.62
2016.11.23 11:19:44.612,0.82572,0.82582,1.00,3.00
2016.11.23 11:19:45.128,0.82573,0.8258,1.00,1.00
2016.11.23 11:19:45.341,0.82571,0.8258,1.50,1.00
2016.11.23 11:19:45.493,0.8257,0.8258,1.50,5.25
2016.11.23 11:19:45.544,0.82568,0.82577,2.25,1.00
2016.11.23 11:19:45.695,0.82568,0.82577,1.00,1.12
2016.11.23 11:19:45.797,0.82572,0.82578,1.00,1.12
2016.11.23 11:19:45.898,0.82572,0.8258,1.12,1.00
2016.11.23 11:19:47.322,0.8257,0.8258,2.62,1.87
2016.11.23 11:19:47.373,0.8257,0.82578,1.87,1.00
2016.11.23 11:19:47.625,0.82569,0.82578,1.00,1.00
2016.11.23 11:19:48.167,0.82569,0.82577,1.00,1.00
2016.11.23 11:19:48.299,0.82567,0.82576,1.50,1.37
2016.11.23 11:19:50.906,0.82566,0.82576,1.00,2.62
2016.11.23 11:19:51.491,0.82567,0.82576,1.00,3.37
2016.11.23 11:19:52.812,0.82566,0.82575,1.50,1.50
2016.11.23 11:19:53.115,0.82571,0.82579,1.00,1.50
2016.11.23 11:19:54.507,0.82569,0.82578,1.50,1.37
2016.11.23 11:19:55.138,0.82569,0.82577,1.00,1.87
2016.11.23 11:19:55.721,0.82568,0.82576,1.00,1.37
2016.11.23 11:19:55.822,0.82566,0.82576,1.87,3.00
2016.11.23 11:19:56.366,0.82568,0.82576,1.00,2.25
2016.11.23 11:19:56.820,0.82569,0.82579,1.00,5.25
2016.11.23 11:19:57.516,0.8257,0.82578,1.00,2.25
2016.11.23 11:19:59.141,0.82571,0.82578,1.00,1.37
2016.11.23 11:20:00.242,0.8257,0.8258,1.00,6.75
2016.11.23 11:20:00.894,0.82569,0.82579,1.12,2.25
2016.11.23 11:20:01.476,0.82569,0.82578,1.12,1.00
2016.11.23 11:20:01.991,0.8257,0.82578,1.00,1.00
2016.11.23 11:20:03.397,0.82569,0.82578,1.50,1.87
2016.11.23 11:20:03.498,0.82568,0.82575,1.37,1.00
2016.11.23 11:20:03.701,0.82567,0.82576,2.25,1.50
2016.11.23 11:20:03.802,0.82567,0.82574,1.00,1.00
2016.11.23 11:20:04.319,0.82567,0.82575,1.00,1.00
2016.11.23 11:20:04.744,0.82569,0.82575,1.00,1.00
2016.11.23 11:20:06.561,0.8257,0.82575,1.00,1.00
2016.11.23 11:20:06.713,0.8257,0.82579,1.12,1.87
2016.11.23 11:20:06.763,0.82572,0.82579,1.00,1.87
2016.11.23 11:20:07.297,0.82572,0.82579,1.50,1.50
2016.11.23 11:20:08.323,0.82573,0.8258,1.00,1.00
2016.11.23 11:20:08.627,0.82572,0.82578,1.00,1.00
2016.11.23 11:20:09.157,0.82572,0.82579,1.00,1.12
2016.11.23 11:20:10.967,0.82573,0.82579,1.00,1.12
2016.11.23 11:20:11.119,0.82573,0.82582,1.00,2.25
2016.11.23 11:20:11.893,0.82574,0.82582,1.00,1.50
2016.11.23 11:20:12.692,0.82574,0.82581,1.00,1.00
2016.11.23 11:20:13.221,0.82572,0.82581,1.50,1.00
2016.11.23 11:20:13.323,0.82571,0.82578,1.50,1.12
2016.11.23 11:20:13.875,0.82571,0.82579,1.00,1.00
2016.11.23 11:20:14.456,0.82572,0.82579,1.00,1.00
2016.11.23 11:20:14.959,0.82572,0.82578,1.00,1.00
2016.11.23 11:20:15.102,0.82568,0.82576,1.37,1.00
2016.11.23 11:20:15.158,0.82568,0.82574,1.00,1.00
2016.11.23 11:20:15.309,0.82566,0.82573,1.00,1.00
2016.11.23 11:20:15.360,0.82566,0.82573,1.00,1.37
2016.11.23 11:20:15.461,0.82566,0.82573,1.00,1.50
2016.11.23 11:20:15.996,0.82565,0.82573,1.50,1.50
2016.11.23 11:20:19.007,0.82566,0.82573,1.00,2.25
2016.11.23 11:20:19.294,0.82565,0.82572,1.50,1.37
2016.11.23 11:20:19.800,0.82561,0.8257,1.50,1.50
2016.11.23 11:20:19.952,0.8256,0.82569,2.25,1.37
2016.11.23 11:20:20.670,0.82559,0.82566,1.50,1.00
2016.11.23 11:20:21.175,0.8256,0.82568,1.00,1.50
2016.11.23 11:20:21.767,0.82559,0.82568,1.50,1.50
2016.11.23 11:20:22.343,0.8256,0.82568,1.00,1.50
2016.11.23 11:20:22.650,0.8256,0.82567,1.00,1.50
2016.11.23 11:20:27.258,0.82561,0.82567,1.50,1.00
2016.11.23 11:20:29.881,0.8256,0.82569,1.00,2.25
2016.11.23 11:20:30.428,0.82559,0.82569,1.50,2.25
2016.11.23 11:20:30.731,0.82561,0.82568,1.00,1.00
2016.11.23 11:20:31.303,0.82561,0.82569,1.00,1.12
2016.11.23 11:20:32.847,0.82561,0.8257,1.50,2.25
2016.11.23 11:20:33.541,0.82561,0.8257,1.50,4.12
2016.11.23 11:20:36.089,0.8256,0.82569,1.00,2.25
2016.11.23 11:20:36.641,0.8256,0.82568,1.00,1.00
2016.11.23 11:20:40.154,0.82559,0.82568,1.50,1.00
2016.11.23 11:20:40.457,0.82558,0.82566,1.00,1.50
2016.11.23 11:20:40.933,0.82556,0.82565,1.50,2.25
2016.11.23 11:20:41.349,0.82554,0.82562,1.50,1.00
2016.11.23 11:20:41.500,0.82553,0.82562,2.62,1.00
2016.11.23 11:20:41.911,0.82557,0.82564,1.00,1.75
2016.11.23 11:20:42.433,0.82557,0.82565,1.00,1.50
2016.11.23 11:20:42.887,0.82558,0.82565,1.00,1.00
2016.11.23 11:20:44.069,0.82558,0.82567,1.00,4.87
2016.11.23 11:20:45.695,0.82557,0.82567,1.50,4.87
2016.11.23 11:20:46.661,0.82559,0.82566,1.00,1.75
2016.11.23 11:20:46.914,0.8256,0.82569,1.00,1.37
2016.11.23 11:20:48.982,0.82559,0.82568,1.50,1.50
2016.11.23 11:20:49.585,0.82559,0.82567,1.50,1.00
2016.11.23 11:20:50.044,0.82559,0.82567,2.25,1.00
2016.11.23 11:20:50.365,0.82559,0.82567,1.50,1.50
2016.11.23 11:20:50.517,0.82559,0.82567,1.00,2.25
2016.11.23 11:20:51.138,0.8256,0.82567,1.00,1.37
2016.11.23 11:20:51.639,0.8256,0.82569,1.00,2.25
2016.11.23 11:20:51.943,0.82563,0.82569,1.00,4.12
2016.11.23 11:20:51.993,0.82564,0.82571,1.00,4.87
2016.11.23 11:20:52.094,0.82564,0.8257,1.50,1.00
2016.11.23 11:20:52.196,0.82564,0.82572,1.50,1.00
2016.11.23 11:20:53.391,0.82564,0.82573,1.50,4.12
2016.11.23 11:20:53.939,0.82562,0.82571,1.87,1.50
2016.11.23 11:20:54.525,0.82564,0.82571,1.00,1.50
2016.11.23 11:20:54.938,0.82564,0.82573,1.50,1.50
2016.11.23 11:20:55.909,0.82564,0.82571,1.50,1.00
2016.11.23 11:20:56.434,0.82563,0.82571,1.50,1.00
2016.11.23 11:20:56.788,0.82562,0.82571,1.00,2.25
2016.11.23 11:20:57.313,0.82561,0.8257,1.00,2.25
2016.11.23 11:20:57.838,0.8256,0.82569,1.00,1.12
2016.11.23 11:20:59.047,0.8256,0.8257,1.00,4.12
2016.11.23 11:20:59.575,0.8256,0.82569,1.00,1.12
2016.11.23 11:20:59.929,0.8256,0.82569,1.50,2.25
2016.11.23 11:21:00.031,0.82561,0.82569,1.50,1.00
2016.11.23 11:21:00.132,0.82562,0.82568,1.00,2.62
2016.11.23 11:21:00.235,0.82562,0.82571,2.25,2.25
2016.11.23 11:21:00.529,0.82561,0.8257,1.00,2.62
2016.11.23 11:21:01.073,0.82561,0.82571,2.25,1.75
2016.11.23 11:21:01.578,0.82561,0.8257,1.00,1.50
2016.11.23 11:21:02.020,0.82561,0.8257,1.00,1.12
2016.11.23 11:21:02.423,0.82558,0.82569,2.62,1.75
2016.11.23 11:21:02.928,0.82559,0.8257,1.50,5.62
2016.11.23 11:21:03.441,0.82558,0.82569,2.25,5.55
2016.11.23 11:21:03.963,0.82557,0.82566,1.00,2.25
2016.11.23 11:21:04.502,0.82557,0.82566,1.00,4.12
2016.11.23 11:21:05.492,0.82558,0.82567,1.00,5.62
2016.11.23 11:21:05.993,0.82557,0.82566,1.50,1.75
2016.11.23 11:21:06.771,0.82558,0.82565,1.00,1.50
2016.11.23 11:21:06.923,0.82555,0.82564,1.50,1.12
2016.11.23 11:21:07.656,0.82553,0.82564,3.00,1.12
2016.11.23 11:21:07.757,0.82553,0.82562,2.62,1.00
2016.11.23 11:21:08.262,0.82556,0.82563,1.00,1.00
2016.11.23 11:21:08.769,0.82555,0.82565,1.00,2.25
2016.11.23 11:21:09.095,0.82554,0.82564,2.25,1.75
2016.11.23 11:21:09.609,0.82555,0.82565,1.00,2.62
2016.11.23 11:21:09.761,0.82555,0.82566,1.00,3.00
2016.11.23 11:21:10.274,0.82558,0.82565,1.00,2.62
2016.11.23 11:21:10.325,0.82558,0.82567,1.00,1.75
2016.11.23 11:21:10.430,0.82558,0.82567,1.12,1.00
2016.11.23 11:21:10.632,0.82558,0.82569,2.25,2.62
2016.11.23 11:21:11.226,0.82559,0.82568,1.00,1.00
2016.11.23 11:21:11.700,0.82557,0.82566,1.50,1.00
2016.11.23 11:21:11.750,0.82556,0.82566,1.87,1.00
2016.11.23 11:21:12.340,0.82557,0.82566,1.50,1.00
2016.11.23 11:21:12.643,0.82554,0.82564,1.50,1.12
2016.11.23 11:21:12.744,0.82554,0.82564,1.00,2.62
2016.11.23 11:21:12.947,0.82554,0.82563,1.00,1.75
2016.11.23 11:21:13.486,0.82554,0.82562,1.37,1.50
2016.11.23 11:21:13.741,0.82553,0.82562,2.62,1.00
2016.11.23 11:21:13.792,0.82555,0.82562,1.00,1.00
2016.11.23 11:21:14.330,0.82555,0.82564,1.00,1.50
2016.11.23 11:21:14.871,0.82555,0.82565,1.87,1.37
2016.11.23 11:21:15.268,0.82558,0.82565,1.00,1.37
2016.11.23 11:21:15.470,0.82558,0.82567,1.00,1.00
2016.11.23 11:21:16.379,0.82558,0.82569,2.62,2.25
2016.11.23 11:21:17.324,0.82559,0.82569,1.00,2.25
2016.11.23 11:21:17.853,0.82558,0.82568,1.87,1.50
2016.11.23 11:21:18.541,0.82558,0.82568,1.87,2.25
2016.11.23 11:21:19.120,0.82558,0.82567,1.00,2.62
2016.11.23 11:21:19.666,0.82557,0.82567,1.87,3.37
2016.11.23 11:21:20.188,0.82554,0.82564,1.12,1.87
2016.11.23 11:21:20.290,0.82554,0.82564,1.00,2.25
2016.11.23 11:21:20.824,0.82555,0.82563,1.50,1.12
2016.11.23 11:21:21.336,0.82555,0.82565,1.00,1.87
2016.11.23 11:21:22.738,0.82555,0.82565,1.50,2.25
2016.11.23 11:21:23.528,0.82554,0.82563,1.00,1.00
2016.11.23 11:21:23.881,0.82554,0.82563,1.00,3.37
2016.11.23 11:21:24.839,0.82552,0.82562,1.87,1.50
2016.11.23 11:21:25.379,0.82553,0.82562,1.00,1.50
2016.11.23 11:21:26.291,0.82553,0.82562,1.50,1.12
2016.11.23 11:21:27.965,0.82554,0.82563,1.00,1.50
2016.11.23 11:21:28.066,0.82556,0.82563,1.00,1.37
2016.11.23 11:21:28.218,0.82556,0.82564,1.50,1.00
2016.11.23 11:21:30.337,0.82555,0.82563,2.25,1.00
2016.11.23 11:21:30.438,0.82554,0.82563,1.50,1.00
2016.11.23 11:21:32.066,0.82554,0.82562,1.00,1.00
2016.11.23 11:21:32.582,0.82554,0.82561,1.00,1.00
2016.11.23 11:21:33.372,0.82554,0.82562,1.00,2.25
2016.11.23 11:21:33.675,0.82552,0.82562,1.87,1.37
2016.11.23 11:21:33.726,0.82552,0.82563,2.25,1.87
2016.11.23 11:21:33.827,0.82552,0.82562,1.87,2.62
2016.11.23 11:21:33.958,0.82553,0.82562,1.00,1.50
2016.11.23 11:21:34.010,0.82556,0.82564,1.00,4.50
2016.11.23 11:21:34.212,0.82556,0.82563,1.00,1.00
2016.11.23 11:21:34.716,0.82557,0.82564,1.50,1.00
2016.11.23 11:21:34.918,0.82557,0.82567,1.00,1.50
2016.11.23 11:21:35.020,0.82556,0.82566,2.62,1.50
2016.11.23 11:21:35.323,0.82558,0.82567,1.00,3.37
2016.11.23 11:21:35.891,0.82557,0.82567,2.25,1.87
2016.11.23 11:21:36.432,0.82558,0.82567,1.50,1.50
2016.11.23 11:21:37.413,0.82557,0.82566,2.62,1.37
2016.11.23 11:21:38.071,0.82558,0.82566,1.00,2.25
2016.11.23 11:21:38.593,0.82557,0.82565,1.50,1.00
2016.11.23 11:21:39.164,0.82557,0.82566,1.50,1.75
2016.11.23 11:21:39.704,0.82556,0.82564,1.50,1.00
2016.11.23 11:21:40.297,0.82556,0.82565,1.50,2.25
2016.11.23 11:21:40.811,0.82555,0.82562,1.00,1.37
2016.11.23 11:21:41.382,0.82555,0.82562,1.00,1.12
2016.11.23 11:21:41.932,0.82555,0.82562,1.00,1.50
2016.11.23 11:21:42.713,0.82553,0.82562,1.00,1.50
2016.11.23 11:21:43.218,0.82552,0.82562,1.50,2.25
2016.11.23 11:21:45.388,0.82553,0.82562,1.00,2.25
2016.11.23 11:21:45.892,0.82555,0.82563,1.00,5.62
2016.11.23 11:21:45.943,0.82555,0.82562,1.00,1.00
2016.11.23 11:21:46.044,0.82552,0.82562,3.00,1.50
2016.11.23 11:21:46.095,0.82552,0.82562,2.62,1.50
2016.11.23 11:21:46.247,0.82553,0.82562,1.50,2.25
2016.11.23 11:21:46.521,0.82553,0.82563,4.12,1.12
2016.11.23 11:21:47.773,0.82553,0.82563,1.87,1.87
2016.11.23 11:21:48.319,0.82553,0.82562,1.87,1.00
2016.11.23 11:21:48.870,0.82552,0.82562,1.87,1.12
2016.11.23 11:21:50.085,0.82552,0.82561,1.87,1.12
2016.11.23 11:21:50.136,0.82554,0.82563,1.50,4.50
2016.11.23 11:21:50.237,0.82554,0.82563,1.87,1.87
2016.11.23 11:21:50.774,0.82553,0.82562,1.00,1.87
2016.11.23 11:21:51.300,0.82554,0.82563,1.87,1.00
2016.11.23 11:21:51.821,0.82555,0.82563,1.00,1.00
2016.11.23 11:21:52.497,0.82554,0.82563,1.12,1.00
2016.11.23 11:21:52.686,0.82553,0.82562,1.87,1.37
2016.11.23 11:21:53.586,0.82555,0.82562,1.00,1.00
2016.11.23 11:21:55.514,0.82555,0.82564,1.50,1.87
2016.11.23 11:21:56.026,0.82554,0.82564,1.87,1.37
2016.11.23 11:21:56.800,0.82554,0.82564,2.25,1.50
2016.11.23 11:21:57.085,0.82556,0.82563,1.00,1.00
2016.11.23 11:21:57.590,0.82555,0.82564,1.12,1.50
2016.11.23 11:21:58.108,0.82555,0.82563,1.00,1.00
2016.11.23 11:22:00.334,0.82554,0.82563,2.25,1.12
2016.11.23 11:22:00.849,0.82555,0.82564,2.25,1.00
2016.11.23 11:22:01.359,0.82555,0.82564,3.00,1.00
2016.11.23 11:22:01.669,0.82555,0.82562,1.87,1.00
2016.11.23 11:22:01.972,0.82555,0.82564,1.87,1.00
2016.11.23 11:22:02.483,0.82555,0.82564,2.25,1.00
2016.11.23 11:22:02.730,0.82557,0.82566,1.50,1.87
2016.11.23 11:22:03.268,0.82557,0.82566,2.25,1.00
2016.11.23 11:22:06.569,0.82557,0.82566,1.00,1.50
2016.11.23 11:22:07.098,0.82556,0.82565,1.12,1.00
2016.11.23 11:22:07.731,0.82555,0.82564,1.12,1.00
2016.11.23 11:22:08.242,0.82554,0.82563,2.62,1.00
2016.11.23 11:22:08.803,0.82554,0.82563,2.62,1.00
2016.11.23 11:22:09.518,0.82555,0.82563,1.00,1.00
2016.11.23 11:22:11.865,0.82554,0.82563,1.87,1.00
2016.11.23 11:22:13.386,0.82556,0.82563,1.00,1.12
2016.11.23 11:22:13.840,0.82553,0.82562,3.37,1.50
2016.11.23 11:22:14.042,0.82552,0.82561,1.87,1.00
2016.11.23 11:22:14.700,0.82551,0.8256,1.87,1.00
2016.11.23 11:22:17.207,0.8255,0.8256,3.00,1.12
2016.11.23 11:22:17.953,0.8255,0.82559,1.87,1.00
2016.11.23 11:22:20.207,0.82551,0.8256,1.00,1.87
2016.11.23 11:22:20.721,0.82551,0.8256,1.37,1.12
2016.11.23 11:22:21.024,0.8255,0.82558,1.12,1.00
2016.11.23 11:22:21.327,0.82548,0.82556,1.00,1.12
2016.11.23 11:22:24.023,0.82546,0.82556,2.25,1.87
2016.11.23 11:22:25.639,0.82547,0.82556,1.50,1.50
2016.11.23 11:22:26.144,0.82547,0.82556,1.87,1.00
2016.11.23 11:22:26.397,0.82546,0.82554,3.37,1.00
2016.11.23 11:22:26.649,0.82544,0.82553,1.50,1.50
2016.11.23 11:22:26.947,0.82544,0.82554,2.25,1.87
2016.11.23 11:22:27.048,0.82545,0.82552,1.00,1.00
2016.11.23 11:22:27.762,0.82547,0.82554,1.00,1.12
2016.11.23 11:22:28.065,0.82546,0.82556,2.62,1.12
2016.11.23 11:22:28.571,0.82546,0.82556,1.00,2.25
2016.11.23 11:22:28.834,0.82547,0.82557,1.87,1.87
2016.11.23 11:22:29.351,0.82549,0.82557,1.12,1.00
2016.11.23 11:22:30.583,0.82549,0.82559,1.87,1.87
2016.11.23 11:22:31.092,0.8255,0.82558,1.12,1.00
2016.11.23 11:22:31.597,0.82551,0.82559,1.00,1.00
2016.11.23 11:22:32.171,0.8255,0.82561,3.00,2.25
2016.11.23 11:22:32.672,0.82551,0.8256,1.00,1.12
2016.11.23 11:22:33.223,0.82552,0.82561,1.00,1.50
2016.11.23 11:22:33.852,0.82551,0.82561,1.87,1.12
2016.11.23 11:22:33.957,0.82554,0.82562,1.12,1.87
2016.11.23 11:22:34.496,0.82554,0.82564,1.12,2.25
2016.11.23 11:22:34.850,0.82556,0.82564,1.50,1.37
2016.11.23 11:22:34.951,0.82556,0.82565,1.50,2.25
2016.11.23 11:22:35.366,0.82555,0.82563,1.00,1.00
2016.11.23 11:22:35.619,0.82552,0.82561,1.87,1.00
2016.11.23 11:22:36.616,0.82552,0.82561,2.25,1.50
2016.11.23 11:22:37.134,0.82549,0.8256,2.62,2.62
2016.11.23 11:22:37.567,0.82551,0.82561,1.12,2.25
2016.11.23 11:22:37.669,0.82551,0.82559,1.12,1.00
2016.11.23 11:22:38.314,0.82552,0.82559,1.00,1.50
2016.11.23 11:22:39.455,0.82551,0.82559,1.00,1.00
2016.11.23 11:22:39.742,0.82552,0.82562,1.12,2.25
2016.11.23 11:22:40.459,0.82552,0.8256,1.50,1.00
2016.11.23 11:22:40.803,0.82552,0.82562,1.87,2.25
2016.11.23 11:22:41.327,0.82552,0.82561,1.00,1.00
2016.11.23 11:22:41.856,0.82552,0.8256,1.87,1.00
2016.11.23 11:22:42.506,0.82552,0.82559,1.00,1.00
2016.11.23 11:22:42.911,0.82551,0.82561,2.25,1.12
2016.11.23 11:22:43.470,0.82551,0.8256,2.62,1.00
2016.11.23 11:22:44.676,0.82552,0.8256,1.37,1.00
2016.11.23 11:22:45.018,0.82551,0.8256,2.62,1.00
2016.11.23 11:22:45.283,0.82553,0.8256,1.00,1.00
2016.11.23 11:22:45.485,0.82553,0.82562,1.00,2.25
2016.11.23 11:22:46.007,0.82552,0.82561,1.00,1.12
2016.11.23 11:22:46.058,0.82551,0.82561,1.87,3.00
2016.11.23 11:22:47.323,0.82551,0.8256,1.87,1.00
2016.11.23 11:22:47.929,0.82552,0.82561,1.00,1.87
2016.11.23 11:22:48.723,0.82552,0.8256,1.00,1.00
2016.11.23 11:22:49.088,0.8255,0.82558,1.00,1.12
2016.11.23 11:22:49.594,0.82547,0.82557,2.25,1.87
2016.11.23 11:22:50.212,0.82547,0.82557,2.25,1.50
2016.11.23 11:22:51.197,0.82548,0.82557,1.00,1.00
2016.11.23 11:22:51.798,0.82547,0.82557,1.87,1.12
2016.11.23 11:22:55.880,0.82548,0.82557,1.00,1.87
2016.11.23 11:22:56.381,0.82547,0.82557,1.87,1.12
2016.11.23 11:22:56.921,0.82548,0.82557,1.00,1.12
2016.11.23 11:22:57.450,0.82549,0.82557,1.00,1.87
2016.11.23 11:22:57.502,0.82547,0.82556,1.87,1.00
2016.11.23 11:22:57.603,0.82548,0.82557,2.62,1.00
2016.11.23 11:22:57.806,0.82549,0.82559,2.62,1.50
2016.11.23 11:22:57.907,0.82551,0.82561,1.87,1.87
2016.11.23 11:22:58.412,0.82553,0.82561,1.00,1.37
2016.11.23 11:22:58.856,0.82551,0.82561,2.25,1.87
2016.11.23 11:22:59.793,0.82551,0.8256,1.87,1.00
2016.11.23 11:23:00.422,0.8255,0.8256,1.87,1.37
2016.11.23 11:23:00.830,0.82552,0.8256,1.37,1.00
2016.11.23 11:23:01.413,0.82552,0.82562,1.50,2.25
2016.11.23 11:23:01.718,0.82553,0.82562,1.50,1.12
2016.11.23 11:23:02.239,0.82554,0.82563,1.87,1.12
2016.11.23 11:23:02.592,0.82555,0.82565,1.37,1.87
2016.11.23 11:23:03.053,0.82554,0.82562,2.25,1.00
2016.11.23 11:23:03.555,0.82554,0.82562,1.00,1.00
2016.11.23 11:23:04.061,0.82554,0.82563,1.12,1.00
2016.11.23 11:23:05.038,0.82553,0.82562,1.50,1.00
2016.11.23 11:23:05.341,0.82552,0.82561,2.25,1.00
2016.11.23 11:23:06.049,0.82552,0.82561,1.87,1.00
2016.11.23 11:23:06.696,0.82553,0.82562,2.25,1.00
2016.11.23 11:23:07.197,0.82553,0.82561,1.00,1.00
2016.11.23 11:23:07.449,0.82551,0.8256,2.25,1.00
2016.11.23 11:23:08.434,0.82551,0.82559,1.00,1.00
2016.11.23 11:23:09.608,0.8255,0.82559,2.25,1.12
2016.11.23 11:23:10.149,0.82551,0.82559,1.00,1.12
2016.11.23 11:23:10.680,0.82551,0.8256,1.00,1.12
2016.11.23 11:23:11.872,0.82555,0.8256,1.00,1.12
2016.11.23 11:23:12.025,0.82555,0.82564,2.62,1.00
2016.11.23 11:23:12.554,0.82555,0.82565,2.25,1.00
2016.11.23 11:23:13.230,0.82555,0.82565,1.37,1.37
2016.11.23 11:23:13.869,0.82555,0.82565,1.12,1.50
2016.11.23 11:23:17.945,0.82555,0.82564,1.12,1.00
2016.11.23 11:23:19.669,0.82558,0.82566,1.00,1.87
2016.11.23 11:23:19.770,0.82558,0.82566,1.00,1.50
2016.11.23 11:23:20.066,0.82559,0.8257,1.87,2.25
2016.11.23 11:23:23.591,0.82561,0.82569,1.00,1.12
2016.11.23 11:23:23.844,0.82564,0.82573,2.25,1.50
2016.11.23 11:23:25.897,0.82565,0.82573,1.00,1.50
2016.11.23 11:23:26.658,0.82565,0.82573,1.50,1.00
2016.11.23 11:23:27.161,0.82568,0.82573,1.00,1.00
2016.11.23 11:23:27.262,0.82569,0.82576,1.00,1.37
2016.11.23 11:23:27.358,0.82569,0.82578,1.37,1.12
2016.11.23 11:23:29.464,0.82569,0.82578,1.00,1.00
2016.11.23 11:23:31.067,0.82569,0.82579,1.12,1.87
2016.11.23 11:23:31.981,0.82569,0.82578,1.00,1.12
2016.11.23 11:23:32.516,0.82568,0.82578,2.62,1.87
2016.11.23 11:23:33.197,0.82568,0.82577,2.62,1.00
2016.11.23 11:23:34.108,0.82567,0.82575,2.25,1.00
2016.11.23 11:23:34.159,0.82569,0.82577,1.00,1.50
2016.11.23 11:23:34.412,0.82567,0.82574,1.00,1.00
2016.11.23 11:23:34.615,0.82565,0.82574,1.50,1.50
2016.11.23 11:23:35.143,0.82565,0.82573,1.50,1.00
2016.11.23 11:23:35.654,0.82565,0.82575,1.87,1.87
2016.11.23 11:23:36.409,0.82566,0.82573,1.12,1.50
2016.11.23 11:23:37.331,0.82564,0.82573,2.25,1.00
2016.11.23 11:23:37.840,0.82564,0.82572,1.50,1.00
2016.11.23 11:23:38.377,0.82562,0.82572,3.00,1.50
2016.11.23 11:23:40.201,0.82563,0.82573,1.12,1.87
2016.11.23 11:23:40.862,0.82564,0.82573,1.50,1.87
2016.11.23 11:23:44.850,0.82562,0.8257,1.12,1.00
2016.11.23 11:23:45.002,0.82561,0.8257,1.12,2.25
2016.11.23 11:23:45.553,0.8256,0.82569,1.12,1.12
2016.11.23 11:23:46.104,0.8256,0.82569,1.37,1.12
2016.11.23 11:23:46.903,0.82559,0.82569,1.12,1.87
2016.11.23 11:23:47.434,0.8256,0.82569,1.00,1.87
2016.11.23 11:23:47.738,0.82562,0.82571,1.50,1.50
2016.11.23 11:23:47.839,0.82562,0.82572,1.87,1.87
2016.11.23 11:23:48.142,0.82563,0.82574,2.25,1.87
2016.11.23 11:23:48.452,0.82563,0.82574,1.50,2.25
2016.11.23 11:23:48.943,0.82567,0.82574,1.00,1.75
2016.11.23 11:23:49.044,0.82567,0.82575,1.50,1.87
2016.11.23 11:23:49.145,0.82568,0.82577,1.00,1.87
2016.11.23 11:23:49.723,0.82567,0.82576,1.50,1.12
2016.11.23 11:23:50.229,0.82566,0.82576,2.62,1.12
2016.11.23 11:23:50.433,0.82566,0.82575,1.00,1.12
2016.11.23 11:23:50.484,0.82564,0.82573,1.87,1.37
2016.11.23 11:23:50.737,0.8256,0.82571,2.25,1.12
2016.11.23 11:23:50.939,0.8256,0.82571,1.50,2.25
2016.11.23 11:23:51.686,0.82561,0.82571,1.00,2.25
2016.11.23 11:23:53.136,0.82561,0.8257,1.00,2.25
2016.11.23 11:23:53.772,0.8256,0.8257,1.00,2.25
2016.11.23 11:23:54.384,0.82561,0.82569,1.00,1.50
2016.11.23 11:23:54.895,0.8256,0.82569,1.50,1.50
2016.11.23 11:23:56.221,0.82561,0.82569,1.00,1.12
2016.11.23 11:23:56.424,0.82561,0.82571,1.50,2.25
2016.11.23 11:23:57.687,0.82561,0.8257,1.50,1.00
2016.11.23 11:23:58.025,0.82558,0.82568,2.62,1.00
2016.11.23 11:23:58.732,0.8256,0.82569,1.50,1.12
2016.11.23 11:23:59.136,0.82561,0.82571,1.87,2.25
2016.11.23 11:23:59.288,0.8256,0.82566,1.12,1.00
2016.11.23 11:23:59.642,0.8256,0.82568,1.00,1.12
2016.11.23 11:24:00.294,0.8256,0.82569,1.50,1.87
2016.11.23 11:24:00.950,0.82561,0.82569,1.00,1.00
2016.11.23 11:24:01.466,0.82561,0.8257,1.12,1.00
2016.11.23 11:24:02.424,0.8256,0.8257,1.12,1.87
2016.11.23 11:24:02.526,0.82559,0.82567,1.00,1.00
2016.11.23 11:24:03.045,0.82558,0.82567,1.00,1.12
2016.11.23 11:24:04.564,0.82557,0.82567,2.25,1.50
2016.11.23 11:24:04.886,0.82557,0.82565,1.50,1.00
2016.11.23 11:24:05.419,0.82557,0.82566,1.00,1.12
2016.11.23 11:24:06.526,0.82557,0.82567,1.87,1.50
2016.11.23 11:24:08.129,0.82558,0.82565,1.00,1.00
2016.11.23 11:24:08.281,0.82557,0.82567,1.12,2.62
2016.11.23 11:24:08.433,0.82558,0.82567,1.00,2.62
2016.11.23 11:24:08.635,0.82557,0.82567,1.50,1.87
2016.11.23 11:24:09.167,0.82557,0.82567,1.87,1.12
2016.11.23 11:24:09.802,0.82557,0.82567,1.87,1.50
2016.11.23 11:24:09.853,0.82557,0.82567,3.37,1.12
2016.11.23 11:24:11.480,0.8256,0.82568,1.00,1.50
2016.11.23 11:24:11.683,0.8256,0.8257,1.87,2.25
2016.11.23 11:24:12.207,0.82561,0.82571,1.12,1.87
2016.11.23 11:24:12.722,0.82561,0.82571,1.00,2.25
2016.11.23 11:24:13.275,0.82563,0.82571,1.00,1.50
2016.11.23 11:24:13.427,0.82564,0.82573,1.12,1.12
2016.11.23 11:24:14.967,0.82564,0.82573,1.87,1.50
2016.11.23 11:24:15.557,0.82565,0.82574,1.87,1.87
2016.11.23 11:24:16.139,0.82565,0.82574,1.50,2.25
2016.11.23 11:24:21.519,0.82564,0.82574,1.00,1.87
2016.11.23 11:24:21.723,0.82562,0.82571,4.12,1.00
2016.11.23 11:24:22.127,0.82561,0.82569,1.75,1.00
2016.11.23 11:24:22.228,0.82561,0.82569,1.00,1.87
2016.11.23 11:24:23.086,0.82563,0.82569,1.00,1.00
2016.11.23 11:24:23.238,0.82564,0.82571,1.00,1.00
2016.11.23 11:24:24.037,0.82562,0.82571,1.00,1.12
2016.11.23 11:24:25.182,0.82562,0.82572,1.87,2.25
2016.11.23 11:24:25.701,0.82562,0.82571,1.12,1.00
2016.11.23 11:24:26.796,0.82563,0.82572,1.00,1.12
2016.11.23 11:24:27.350,0.82563,0.82574,1.12,2.62
2016.11.23 11:24:27.922,0.82563,0.82573,1.00,1.50
2016.11.23 11:24:28.490,0.82564,0.82572,1.00,1.12
2016.11.23 11:24:29.804,0.82563,0.82573,1.50,1.50
2016.11.23 11:24:30.352,0.82563,0.82573,1.12,1.87
2016.11.23 11:24:30.985,0.82562,0.82572,1.87,1.12
2016.11.23 11:24:33.416,0.82564,0.82572,1.00,1.12
2016.11.23 11:24:33.940,0.82564,0.82573,1.00,1.12
2016.11.23 11:24:35.976,0.82565,0.82573,1.00,1.00
2016.11.23 11:24:36.562,0.82564,0.82573,1.12,1.00
2016.11.23 11:24:37.872,0.82563,0.82573,1.50,1.50
2016.11.23 11:24:38.382,0.82563,0.82573,1.00,2.25
2016.11.23 11:24:39.193,0.82564,0.82573,1.00,1.50
2016.11.23 11:24:39.395,0.82564,0.82574,1.50,1.50
2016.11.23 11:24:40.792,0.82564,0.82574,1.00,1.50
2016.11.23 11:24:41.307,0.82565,0.82574,1.00,2.25
2016.11.23 11:24:42.546,0.82564,0.82572,1.00,1.00
2016.11.23 11:24:43.117,0.82563,0.82572,1.50,1.87
2016.11.23 11:24:48.473,0.82566,0.82572,1.50,1.12
2016.11.23 11:24:48.726,0.82568,0.82578,1.00,5.25
2016.11.23 11:24:48.827,0.82568,0.82578,1.12,3.00
2016.11.23 11:24:49.915,0.82567,0.82577,2.25,1.00
2016.11.23 11:24:50.438,0.82567,0.82578,2.25,2.25
2016.11.23 11:24:50.963,0.82567,0.82577,2.25,1.00
2016.11.23 11:24:52.219,0.82567,0.82578,2.25,2.25
2016.11.23 11:24:52.754,0.82567,0.82577,2.25,1.00
2016.11.23 11:24:53.267,0.82567,0.82577,1.87,1.87
2016.11.23 11:24:53.840,0.8257,0.82577,1.00,1.12
2016.11.23 11:24:54.143,0.8257,0.8258,1.00,1.50
2016.11.23 11:24:54.720,0.82569,0.8258,1.87,2.62
2016.11.23 11:24:55.680,0.8257,0.8258,1.00,2.62
2016.11.23 11:24:57.847,0.82569,0.82579,1.87,1.12
2016.11.23 11:24:59.644,0.8257,0.8258,1.00,1.87
2016.11.23 11:25:00.141,0.82568,0.82577,1.12,1.00
2016.11.23 11:25:00.345,0.82564,0.82575,1.87,2.62
2016.11.23 11:25:00.896,0.82564,0.82573,1.00,1.00
2016.11.23 11:25:01.445,0.82564,0.82574,1.87,1.12
2016.11.23 11:25:01.966,0.82565,0.82575,1.12,1.12
2016.11.23 11:25:02.510,0.82564,0.82572,1.50,1.00
2016.11.23 11:25:03.017,0.82564,0.82572,1.00,1.87
2016.11.23 11:25:03.565,0.82562,0.82572,1.87,1.87
2016.11.23 11:25:04.253,0.82562,0.82571,1.50,1.12
2016.11.23 11:25:04.817,0.82562,0.82572,1.87,1.87
2016.11.23 11:25:05.634,0.82564,0.82571,1.00,1.00
2016.11.23 11:25:06.623,0.82563,0.82572,1.00,1.12
2016.11.23 11:25:10.018,0.82562,0.82572,1.12,1.87
2016.11.23 11:25:10.533,0.82562,0.82571,1.00,1.00
2016.11.23 11:25:11.528,0.82563,0.82571,1.00,1.00
2016.11.23 11:25:12.081,0.82562,0.82571,1.00,1.87
2016.11.23 11:25:16.477,0.82559,0.82568,4.50,1.00
2016.11.23 11:25:16.629,0.82557,0.82567,2.25,1.00
2016.11.23 11:25:17.130,0.82557,0.82567,2.25,1.50
2016.11.23 11:25:20.666,0.82556,0.82565,1.50,1.00
2016.11.23 11:25:20.969,0.82555,0.82563,1.00,1.87
2016.11.23 11:25:21.695,0.82555,0.82564,1.00,1.12
2016.11.23 11:25:25.350,0.82556,0.82565,1.00,2.25
2016.11.23 11:25:25.959,0.82555,0.82565,1.00,2.25
2016.11.23 11:25:27.276,0.82555,0.82565,1.12,3.00
2016.11.23 11:25:29.540,0.82554,0.82563,1.12,1.00
2016.11.23 11:25:29.844,0.8255,0.8256,2.25,2.25
2016.11.23 11:25:30.372,0.82552,0.8256,1.00,1.00
2016.11.23 11:25:30.993,0.82552,0.82559,1.00,1.00
2016.11.23 11:25:40.288,0.8255,0.8256,1.00,2.25
2016.11.23 11:25:40.883,0.8255,0.8256,1.12,1.12
2016.11.23 11:25:41.403,0.8255,0.82559,1.00,1.12
2016.11.23 11:25:41.951,0.8255,0.82559,1.37,1.12
2016.11.23 11:25:42.736,0.82552,0.82561,1.00,1.87
2016.11.23 11:25:42.992,0.82552,0.82562,2.25,1.50
2016.11.23 11:25:43.513,0.82553,0.82562,1.00,1.00
2016.11.23 11:25:44.015,0.82552,0.82562,2.25,1.00
2016.11.23 11:25:44.524,0.82553,0.82562,1.00,1.00
2016.11.23 11:25:45.042,0.82553,0.82564,1.12,2.25
2016.11.23 11:25:45.806,0.82552,0.82563,1.12,2.25
2016.11.23 11:25:45.908,0.82552,0.82562,1.50,1.12
2016.11.23 11:25:46.009,0.82552,0.82562,1.12,1.12
2016.11.23 11:25:46.553,0.82552,0.82562,3.00,1.00
2016.11.23 11:25:46.833,0.82553,0.8256,1.12,1.00
2016.11.23 11:25:47.106,0.82549,0.82557,1.00,1.50
2016.11.23 11:25:47.933,0.8255,0.82559,1.00,2.25
2016.11.23 11:25:48.796,0.8255,0.82557,1.00,1.37
2016.11.23 11:25:49.408,0.8255,0.82559,1.00,2.25
2016.11.23 11:25:50.204,0.8255,0.82558,1.00,1.00
2016.11.23 11:25:52.135,0.82549,0.82558,1.87,1.50
2016.11.23 11:25:52.688,0.8255,0.82558,1.12,1.12
2016.11.23 11:25:54.997,0.8255,0.8256,1.37,2.25
2016.11.23 11:25:58.159,0.82554,0.8256,1.00,1.50
2016.11.23 11:25:58.210,0.82552,0.8256,1.12,1.00
2016.11.23 11:25:58.311,0.82552,0.82563,1.75,1.50
2016.11.23 11:25:58.963,0.82552,0.82563,1.50,1.87
2016.11.23 11:26:00.413,0.82551,0.82562,2.25,1.37
2016.11.23 11:26:04.112,0.82553,0.82563,1.12,1.87
2016.11.23 11:26:05.050,0.82553,0.82562,1.12,1.00
2016.11.23 11:26:05.567,0.82553,0.82563,1.12,1.12
2016.11.23 11:26:08.124,0.82553,0.82563,1.00,2.62
2016.11.23 11:26:08.631,0.82552,0.82562,1.12,1.12
2016.11.23 11:26:10.078,0.82554,0.82563,1.00,1.50
2016.11.23 11:26:10.711,0.82554,0.82563,1.00,1.12
2016.11.23 11:26:11.365,0.82555,0.82563,1.50,1.50
2016.11.23 11:26:11.871,0.82556,0.82564,1.12,1.00
2016.11.23 11:26:12.670,0.82555,0.82563,1.37,1.00
2016.11.23 11:26:13.006,0.82553,0.8256,2.25,1.50
2016.11.23 11:26:13.057,0.82551,0.8256,1.75,1.87
2016.11.23 11:26:13.158,0.82551,0.8256,1.12,2.25
2016.11.23 11:26:13.793,0.8255,0.8256,1.50,1.87
2016.11.23 11:26:14.523,0.8255,0.8256,1.50,2.25
2016.11.23 11:26:15.225,0.82551,0.82559,1.00,1.12
2016.11.23 11:26:16.148,0.8255,0.82559,1.00,1.00
2016.11.23 11:26:16.811,0.8255,0.82558,1.00,1.00
2016.11.23 11:26:17.782,0.82553,0.82559,1.00,1.00
2016.11.23 11:26:18.035,0.82553,0.82563,1.87,1.87
2016.11.23 11:26:18.136,0.82553,0.82563,3.00,1.50
2016.11.23 11:26:18.391,0.82555,0.82563,1.00,1.00
2016.11.23 11:26:19.137,0.82557,0.82565,1.00,3.75
2016.11.23 11:26:19.238,0.82558,0.82566,1.50,1.00
2016.11.23 11:26:19.289,0.8256,0.82566,1.00,1.00
2016.11.23 11:26:19.440,0.82559,0.82568,4.87,1.00
2016.11.23 11:26:19.542,0.82558,0.82567,2.25,1.00
2016.11.23 11:26:21.173,0.82558,0.82567,1.00,1.12
2016.11.23 11:26:21.737,0.82559,0.82568,1.00,1.50
2016.11.23 11:26:22.708,0.82558,0.82568,1.00,1.50
2016.11.23 11:26:23.722,0.82559,0.82569,1.00,4.50
2016.11.23 11:26:24.461,0.82559,0.82569,1.00,1.87
2016.11.23 11:26:24.995,0.8256,0.82569,1.00,1.87
2016.11.23 11:26:25.984,0.82559,0.82569,1.12,1.50
2016.11.23 11:26:27.531,0.82559,0.82567,1.00,1.00
2016.11.23 11:26:29.942,0.82558,0.82567,1.00,1.12
2016.11.23 11:26:30.268,0.82556,0.82566,1.12,1.12
2016.11.23 11:26:31.030,0.82556,0.82566,1.00,1.87
2016.11.23 11:26:31.617,0.82555,0.82563,1.12,1.00
2016.11.23 11:26:32.132,0.82554,0.82563,1.00,1.87
2016.11.23 11:26:32.475,0.82554,0.82563,1.50,1.00
2016.11.23 11:26:33.041,0.82554,0.82564,1.50,1.50
2016.11.23 11:26:36.169,0.82555,0.82565,1.50,1.00
2016.11.23 11:26:38.205,0.82557,0.82566,1.00,1.00
2016.11.23 11:26:38.509,0.82558,0.82567,1.50,1.00
2016.11.23 11:26:39.136,0.82559,0.82566,1.12,1.00
2016.11.23 11:26:39.646,0.82559,0.82567,1.50,1.00
2016.11.23 11:26:41.091,0.82559,0.82567,1.12,1.00
2016.11.23 11:26:42.140,0.8256,0.82567,1.00,1.00
2016.11.23 11:26:43.716,0.82559,0.82567,1.12,1.12
2016.11.23 11:26:50.526,0.82558,0.82567,1.87,1.00
2016.11.23 11:26:51.289,0.82558,0.82567,1.50,3.37
2016.11.23 11:26:51.491,0.82558,0.82567,1.00,1.12
2016.11.23 11:26:52.003,0.82557,0.82567,1.50,1.50
2016.11.23 11:26:55.508,0.8256,0.82568,1.00,3.37
2016.11.23 11:26:55.710,0.8256,0.82568,1.12,1.87
2016.11.23 11:26:56.215,0.82559,0.82569,1.12,4.87
2016.11.23 11:26:56.266,0.82561,0.82569,1.00,4.12
2016.11.23 11:26:56.501,0.82563,0.8257,1.00,1.12
2016.11.23 11:26:57.386,0.82561,0.82571,1.00,3.37
2016.11.23 11:26:57.607,0.82559,0.82568,2.62,1.00
2016.11.23 11:26:57.910,0.82557,0.82567,1.50,3.00
2016.11.23 11:26:58.708,0.82557,0.82565,1.50,1.00
2016.11.23 11:26:59.697,0.82557,0.82566,1.00,1.12
2016.11.23 11:26:59.798,0.82557,0.82566,1.00,3.37
2016.11.23 11:27:00.317,0.82556,0.82566,1.87,3.37
2016.11.23 11:27:01.266,0.82555,0.82563,2.25,1.00
2016.11.23 11:27:01.418,0.82554,0.82563,1.12,1.00
2016.11.23 11:27:01.995,0.82556,0.82565,1.00,3.75
2016.11.23 11:27:02.626,0.82556,0.82565,1.87,1.12
2016.11.23 11:27:03.950,0.82557,0.82564,1.00,1.00
2016.11.23 11:27:06.070,0.82557,0.82566,1.00,3.00
2016.11.23 11:27:07.045,0.82556,0.82566,1.87,3.00
2016.11.23 11:27:10.109,0.82556,0.82566,1.87,1.12
2016.11.23 11:27:10.513,0.82557,0.82565,1.37,1.00
2016.11.23 11:27:11.612,0.82557,0.82567,1.37,3.37
2016.11.23 11:27:15.217,0.82556,0.82563,3.37,1.00
2016.11.23 11:27:15.319,0.82553,0.82562,3.75,1.00
2016.11.23 11:27:15.420,0.82553,0.82562,1.00,1.12
2016.11.23 11:27:15.956,0.82555,0.82563,1.50,1.37
2016.11.23 11:27:16.466,0.82555,0.82563,1.00,1.12
2016.11.23 11:27:16.835,0.82553,0.82563,2.25,1.12
2016.11.23 11:27:17.899,0.82553,0.82562,1.00,1.00
2016.11.23 11:27:18.558,0.82552,0.82562,1.87,1.12
2016.11.23 11:27:19.124,0.82553,0.82562,1.00,1.12
2016.11.23 11:27:19.649,0.82552,0.82562,2.25,1.12
2016.11.23 11:27:21.780,0.82554,0.82561,1.00,1.00
2016.11.23 11:27:21.931,0.82555,0.82563,1.50,1.00
2016.11.23 11:27:22.445,0.82554,0.82563,1.12,1.37
2016.11.23 11:27:23.340,0.82553,0.82561,1.87,1.00
2016.11.23 11:27:23.867,0.82553,0.82561,1.50,1.50
2016.11.23 11:27:26.563,0.82552,0.82561,1.87,1.00
2016.11.23 11:27:26.765,0.82551,0.82563,3.37,1.12
2016.11.23 11:27:26.815,0.82551,0.8256,2.62,1.00
2016.11.23 11:27:27.159,0.82553,0.8256,1.00,2.62
2016.11.23 11:27:27.262,0.82553,0.82561,1.50,1.00
2016.11.23 11:27:27.414,0.82553,0.82563,2.25,2.25
2016.11.23 11:27:29.102,0.82555,0.82563,1.00,1.12
2016.11.23 11:27:29.152,0.82553,0.82563,1.87,2.62
2016.11.23 11:27:29.203,0.82555,0.82563,1.00,1.12
2016.11.23 11:27:29.813,0.82556,0.82565,1.00,3.75
2016.11.23 11:27:30.066,0.82558,0.82567,1.12,1.00
2016.11.23 11:27:30.519,0.82556,0.82564,2.62,1.00
2016.11.23 11:27:30.773,0.82552,0.82563,2.25,1.12
2016.11.23 11:27:31.323,0.82553,0.82563,1.50,1.00
2016.11.23 11:27:31.847,0.82553,0.82564,1.50,1.50
2016.11.23 11:27:32.351,0.82553,0.82563,2.25,1.00
2016.11.23 11:27:33.173,0.82553,0.82563,2.25,1.50
2016.11.23 11:27:33.707,0.82553,0.82563,1.87,1.50
2016.11.23 11:27:35.447,0.82555,0.82562,1.00,1.12
2016.11.23 11:27:36.666,0.82554,0.82563,1.12,1.37
2016.11.23 11:27:37.326,0.82554,0.82563,1.00,1.12
2016.11.23 11:27:37.925,0.82553,0.82563,1.12,1.12
2016.11.23 11:27:37.977,0.82553,0.82563,1.12,4.87
2016.11.23 11:27:38.090,0.82553,0.82563,1.12,1.12
2016.11.23 11:27:38.622,0.82553,0.82563,1.00,1.50
2016.11.23 11:27:38.824,0.82555,0.82564,1.00,4.87
2016.11.23 11:27:39.076,0.82555,0.82565,1.50,1.50
2016.11.23 11:27:40.133,0.82556,0.82566,1.50,3.75
2016.11.23 11:27:40.184,0.82556,0.82566,1.87,1.50
2016.11.23 11:27:40.711,0.82557,0.82566,1.12,1.00
2016.11.23 11:27:41.663,0.82557,0.82565,1.00,1.00
2016.11.23 11:27:41.764,0.82555,0.82565,2.25,1.50
2016.11.23 11:27:42.364,0.82555,0.82565,2.25,1.00
2016.11.23 11:27:42.995,0.82556,0.82566,1.87,1.87
2016.11.23 11:27:44.115,0.82556,0.82565,1.87,1.00
2016.11.23 11:27:44.629,0.82557,0.82567,2.25,1.87
2016.11.23 11:27:44.974,0.82556,0.82566,1.00,2.25
2016.11.23 11:27:45.587,0.82556,0.82566,1.50,3.00
2016.11.23 11:27:46.025,0.82556,0.82564,1.50,1.00
2016.11.23 11:27:46.560,0.82555,0.82563,1.12,1.12
2016.11.23 11:27:47.089,0.82556,0.82566,1.87,4.12
2016.11.23 11:27:47.617,0.82556,0.82566,1.87,1.37
2016.11.23 11:27:47.921,0.82552,0.82561,3.37,1.00
2016.11.23 11:27:48.073,0.82548,0.82557,1.50,1.00
2016.11.23 11:27:48.276,0.82548,0.82557,1.00,2.62
2016.11.23 11:27:48.815,0.82546,0.82557,2.25,2.25
2016.11.23 11:27:49.362,0.82545,0.82555,1.12,1.12
2016.11.23 11:27:49.759,0.82547,0.82557,1.00,4.12
2016.11.23 11:27:50.062,0.82548,0.82558,1.50,1.50
2016.11.23 11:27:50.112,0.8255,0.82558,1.00,1.50
2016.11.23 11:27:50.516,0.82551,0.82561,1.12,1.12
2016.11.23 11:27:50.998,0.8255,0.82559,3.37,1.00
2016.11.23 11:27:51.200,0.82549,0.82559,1.50,1.00
2016.11.23 11:27:51.340,0.82549,0.82557,1.00,1.00
2016.11.23 11:27:52.128,0.8255,0.8256,1.00,3.37
2016.11.23 11:27:52.431,0.82552,0.8256,1.12,1.12
2016.11.23 11:27:52.819,0.8255,0.8256,1.12,1.12
2016.11.23 11:27:53.356,0.8255,0.82559,1.87,1.12
2016.11.23 11:27:53.924,0.82548,0.82556,3.75,1.00
2016.11.23 11:27:54.127,0.82543,0.82553,1.87,1.12
2016.11.23 11:27:55.173,0.82544,0.82554,1.00,1.37
2016.11.23 11:27:55.224,0.82547,0.82554,1.00,1.00
2016.11.23 11:27:55.426,0.8255,0.82559,1.50,1.37
2016.11.23 11:27:55.579,0.82551,0.82561,1.37,3.37
2016.11.23 11:27:55.821,0.8255,0.82561,4.87,1.00
2016.11.23 11:27:56.409,0.82552,0.82561,1.75,1.00
2016.11.23 11:27:56.950,0.82551,0.82562,3.37,1.00
2016.11.23 11:27:57.459,0.82553,0.82561,2.62,1.00
2016.11.23 11:27:58.366,0.82553,0.82562,2.62,1.00
2016.11.23 11:27:58.893,0.82551,0.82562,4.50,1.00
2016.11.23 11:28:01.168,0.82555,0.82563,1.00,1.37
2016.11.23 11:28:01.791,0.82555,0.82563,1.50,1.00
2016.11.23 11:28:02.301,0.82554,0.82564,1.50,1.00
2016.11.23 11:28:02.403,0.82557,0.82566,1.00,1.00
2016.11.23 11:28:02.739,0.82558,0.82567,1.50,1.50
2016.11.23 11:28:03.142,0.82557,0.82567,1.00,2.55
2016.11.23 11:28:03.243,0.82557,0.82565,1.50,1.00
2016.11.23 11:28:03.446,0.82557,0.82567,1.50,3.37
2016.11.23 11:28:03.997,0.82559,0.82568,1.00,1.37
2016.11.23 11:28:04.149,0.8256,0.8257,1.12,1.50
2016.11.23 11:28:04.250,0.8256,0.8257,3.37,1.00
2016.11.23 11:28:04.844,0.8256,0.82572,3.37,1.87
2016.11.23 11:28:05.349,0.82561,0.82571,1.50,1.00
2016.11.23 11:28:05.859,0.82559,0.82571,5.62,1.50
2016.11.23 11:28:05.910,0.8256,0.82571,2.62,1.50
2016.11.23 11:28:06.113,0.82561,0.8257,1.00,1.50
2016.11.23 11:28:06.519,0.8256,0.82569,3.37,1.00
2016.11.23 11:28:06.715,0.8256,0.82571,3.37,1.12
2016.11.23 11:28:07.229,0.82561,0.82571,1.50,1.12
2016.11.23 11:28:07.748,0.82559,0.8257,2.25,1.00
2016.11.23 11:28:08.269,0.82559,0.82569,2.25,1.87
2016.11.23 11:28:08.370,0.82558,0.82567,4.87,1.00
2016.11.23 11:28:08.421,0.82558,0.82567,1.50,1.00
2016.11.23 11:28:09.353,0.82561,0.8257,1.00,2.25
2016.11.23 11:28:09.776,0.82561,0.82569,1.00,1.00
2016.11.23 11:28:11.335,0.82562,0.82569,1.37,1.00
2016.11.23 11:28:11.386,0.82562,0.82571,1.37,1.50
2016.11.23 11:28:11.891,0.8256,0.8257,4.12,1.00
2016.11.23 11:28:12.401,0.8256,0.8257,3.37,1.00
2016.11.23 11:28:13.377,0.8256,0.82571,4.12,1.50
2016.11.23 11:28:14.076,0.82561,0.8257,1.50,1.00
2016.11.23 11:28:15.745,0.82562,0.82571,1.50,1.00
2016.11.23 11:28:16.250,0.8256,0.8257,1.37,1.12
2016.11.23 11:28:16.757,0.8256,0.82571,4.12,1.50
2016.11.23 11:28:16.960,0.82562,0.82571,2.62,1.50
2016.11.23 11:28:17.299,0.82563,0.82567,1.00,1.50
2016.11.23 11:28:17.350,0.8256,0.82567,2.62,1.12
2016.11.23 11:28:17.451,0.82557,0.82566,1.75,1.12
2016.11.23 11:28:17.855,0.82558,0.82562,1.00,1.00
2016.11.23 11:28:17.957,0.82554,0.82563,2.62,3.37
2016.11.23 11:28:18.058,0.82552,0.82562,3.37,1.00
2016.11.23 11:28:18.586,0.82552,0.82562,4.12,1.00
2016.11.23 11:28:20.090,0.82552,0.8256,3.37,1.00
2016.11.23 11:28:20.604,0.82554,0.8256,1.00,1.00
2016.11.23 11:28:21.154,0.82551,0.82559,3.37,1.00
2016.11.23 11:28:21.925,0.82551,0.8256,3.37,1.00
2016.11.23 11:28:23.704,0.82551,0.82561,4.12,2.25
2016.11.23 11:28:24.317,0.82551,0.8256,2.25,1.00
2016.11.23 11:28:25.459,0.82551,0.82557,2.25,1.00
2016.11.23 11:28:25.964,0.82551,0.82557,1.37,1.00
2016.11.23 11:28:26.174,0.82551,0.82559,1.37,1.00
2016.11.23 11:28:26.791,0.82551,0.82559,1.75,1.00
2016.11.23 11:28:27.335,0.82552,0.8256,1.50,1.00
2016.11.23 11:28:27.767,0.8255,0.82558,3.37,1.00
2016.11.23 11:28:28.076,0.8255,0.82559,1.00,2.25
2016.11.23 11:28:28.279,0.82549,0.82558,2.25,1.12
2016.11.23 11:28:29.940,0.8255,0.82558,1.50,2.25
2016.11.23 11:28:30.460,0.82549,0.82558,1.50,1.87
2016.11.23 11:28:31.376,0.8255,0.82557,1.75,1.00
2016.11.23 11:28:31.427,0.82552,0.8256,1.87,1.87
2016.11.23 11:28:31.579,0.82552,0.82562,4.12,2.62
2016.11.23 11:28:32.080,0.82554,0.82561,1.00,1.00
2016.11.23 11:28:32.894,0.82554,0.82558,1.00,1.00
2016.11.23 11:28:33.411,0.82553,0.82559,1.50,1.00
2016.11.23 11:28:36.908,0.82551,0.82558,3.37,1.00
2016.11.23 11:28:38.789,0.82549,0.82558,1.75,1.50
2016.11.23 11:28:39.221,0.82551,0.82561,3.00,1.50
2016.11.23 11:28:39.322,0.82551,0.82561,4.87,1.00
2016.11.23 11:28:39.988,0.82552,0.82562,1.50,1.87
2016.11.23 11:28:40.399,0.82554,0.82563,1.37,2.25
2016.11.23 11:28:40.903,0.82554,0.82563,1.50,1.12
2016.11.23 11:28:41.207,0.82553,0.82561,2.25,1.00
2016.11.23 11:28:42.591,0.82553,0.82562,1.00,2.62
2016.11.23 11:28:42.999,0.82553,0.82562,1.75,1.87
2016.11.23 11:28:43.303,0.82553,0.82562,1.50,1.87
2016.11.23 11:28:44.055,0.82553,0.82562,1.00,1.87
2016.11.23 11:28:45.925,0.82553,0.82561,1.00,1.00
2016.11.23 11:28:46.322,0.82551,0.82561,1.00,1.87
2016.11.23 11:28:46.855,0.82551,0.8256,1.00,1.00
2016.11.23 11:28:47.884,0.82551,0.82559,1.00,1.00
2016.11.23 11:28:48.484,0.82551,0.82558,1.00,1.00
2016.11.23 11:28:49.648,0.82551,0.8256,1.00,2.25
2016.11.23 11:28:50.120,0.82552,0.82561,1.50,1.12
2016.11.23 11:28:50.820,0.82551,0.82562,1.50,3.00
2016.11.23 11:28:51.325,0.82551,0.8256,2.25,1.50
2016.11.23 11:28:52.146,0.82551,0.82562,1.50,2.25
2016.11.23 11:28:52.672,0.82553,0.82562,1.00,1.37
2016.11.23 11:28:53.282,0.82553,0.82562,1.00,1.50
2016.11.23 11:28:54.912,0.82552,0.82562,1.75,1.50
2016.11.23 11:28:55.962,0.82552,0.82563,2.25,2.62
2016.11.23 11:28:57.960,0.82553,0.82562,2.25,1.00
2016.11.23 11:28:58.263,0.82554,0.82564,3.37,2.25
2016.11.23 11:28:58.314,0.82555,0.82564,2.62,1.87
2016.11.23 11:28:59.309,0.82555,0.82565,3.37,1.87
2016.11.23 11:29:00.983,0.82556,0.82566,1.50,1.12
2016.11.23 11:29:01.590,0.82557,0.82567,1.50,3.00
2016.11.23 11:29:02.093,0.82557,0.82566,1.50,1.00
2016.11.23 11:29:04.897,0.82556,0.82564,3.37,1.00
2016.11.23 11:29:05.049,0.82554,0.82563,1.75,1.00
2016.11.23 11:29:06.746,0.82553,0.82562,3.37,1.00
2016.11.23 11:29:07.527,0.82555,0.82563,1.50,1.50
2016.11.23 11:29:08.078,0.82555,0.82563,1.12,1.00
2016.11.23 11:29:10.939,0.82555,0.82563,1.50,1.00
2016.11.23 11:29:10.990,0.82556,0.82565,1.12,1.12
2016.11.23 11:29:11.141,0.82557,0.82567,2.25,1.37
2016.11.23 11:29:11.192,0.82557,0.82568,3.00,2.25
2016.11.23 11:29:11.445,0.82558,0.82568,2.25,2.25
2016.11.23 11:29:11.546,0.82558,0.82568,1.87,2.25
2016.11.23 11:29:11.973,0.8256,0.82569,1.00,2.25
2016.11.23 11:29:12.317,0.82558,0.82566,1.00,1.00
2016.11.23 11:29:14.044,0.82558,0.82565,1.00,1.00
2016.11.23 11:29:14.347,0.82549,0.82559,2.25,1.00
2016.11.23 11:29:15.278,0.82549,0.82558,1.12,1.50
2016.11.23 11:29:15.785,0.82549,0.82559,2.25,1.50
2016.11.23 11:29:16.364,0.82549,0.8256,3.00,2.25
2016.11.23 11:29:17.753,0.8255,0.8256,3.00,1.00
2016.11.23 11:29:18.274,0.82549,0.8256,3.00,1.12
2016.11.23 11:29:19.173,0.82551,0.82559,1.00,1.00
2016.11.23 11:29:19.710,0.82551,0.8256,1.12,1.87
2016.11.23 11:29:20.061,0.82551,0.8256,1.00,1.87
2016.11.23 11:29:20.799,0.82549,0.8256,3.00,2.25
2016.11.23 11:29:22.147,0.82549,0.82558,1.12,1.87
2016.11.23 11:29:22.691,0.82549,0.82558,2.62,1.00
2016.11.23 11:29:23.290,0.82549,0.82558,1.50,1.00
2016.11.23 11:29:23.821,0.82549,0.82557,1.87,1.00
2016.11.23 11:29:24.483,0.8255,0.82557,1.12,1.00
2016.11.23 11:29:25.458,0.8255,0.82558,1.12,1.12
2016.11.23 11:29:28.705,0.82552,0.82558,1.00,1.12
2016.11.23 11:29:29.293,0.82552,0.82559,1.50,1.00
2016.11.23 11:29:29.767,0.82553,0.82563,4.12,2.62
2016.11.23 11:29:30.324,0.82554,0.82563,1.12,1.00
2016.11.23 11:29:33.814,0.82553,0.82561,1.50,1.00
2016.11.23 11:29:33.966,0.82552,0.82561,1.00,1.00
2016.11.23 11:29:34.379,0.82552,0.82562,2.25,1.12
2016.11.23 11:29:34.997,0.82553,0.82563,1.50,1.50
2016.11.23 11:29:35.510,0.82553,0.82563,1.75,1.50
2016.11.23 11:29:35.765,0.82551,0.8256,1.12,1.00
2016.11.23 11:29:36.276,0.82549,0.82558,2.25,1.00
2016.11.23 11:29:36.819,0.82549,0.82559,2.25,1.12
2016.11.23 11:29:37.403,0.82552,0.82561,1.00,1.87
2016.11.23 11:29:37.504,0.82552,0.82562,1.50,2.62
2016.11.23 11:29:37.951,0.8255,0.8256,6.00,1.00
2016.11.23 11:29:38.102,0.82551,0.8256,1.00,1.50
2016.11.23 11:29:38.628,0.8255,0.8256,4.87,1.87
2016.11.23 11:29:39.179,0.82552,0.82561,1.00,1.12
2016.11.23 11:29:41.043,0.82552,0.8256,1.00,1.00
2016.11.23 11:29:41.568,0.82551,0.8256,1.12,1.00
2016.11.23 11:29:42.690,0.82551,0.82561,1.12,2.25
2016.11.23 11:29:44.264,0.82551,0.82559,1.12,1.00
2016.11.23 11:29:45.311,0.82551,0.8256,1.12,1.00
2016.11.23 11:29:50.053,0.82551,0.82561,1.12,3.00
2016.11.23 11:29:51.906,0.82554,0.82561,1.00,1.12
2016.11.23 11:29:52.109,0.82555,0.82563,1.00,1.12
2016.11.23 11:29:52.869,0.82555,0.82564,1.12,1.12
2016.11.23 11:29:53.295,0.82553,0.82563,1.00,1.00
2016.11.23 11:29:53.397,0.82552,0.82563,6.37,1.12
2016.11.23 11:29:53.928,0.82552,0.82562,4.87,1.00
2016.11.23 11:29:54.180,0.82553,0.82564,1.75,2.92
2016.11.23 11:29:54.471,0.82553,0.82562,1.50,1.00
2016.11.23 11:29:54.910,0.82552,0.82562,1.12,1.12
2016.11.23 11:29:56.810,0.82552,0.82562,1.00,2.25
2016.11.23 11:29:57.338,0.82552,0.82562,1.50,1.50
2016.11.23 11:29:57.743,0.82553,0.82564,1.50,1.12
2016.11.23 11:29:58.282,0.82552,0.82564,1.50,2.25
2016.11.23 11:29:58.605,0.82552,0.82563,3.37,1.50
2016.11.23 11:29:58.931,0.82552,0.82562,1.37,1.37
2016.11.23 11:29:59.824,0.82551,0.82561,1.12,2.62
2016.11.23 11:30:00.314,0.82551,0.82559,1.00,1.00
2016.11.23 11:30:00.847,0.82552,0.8256,1.00,1.00
2016.11.23 11:30:01.225,0.82552,0.82562,1.12,1.50
2016.11.23 11:30:01.427,0.82551,0.82561,1.50,1.50
2016.11.23 11:30:02.211,0.82551,0.82561,1.75,1.00
2016.11.23 11:30:02.745,0.82551,0.82562,2.25,2.62
2016.11.23 11:30:03.185,0.82551,0.8256,1.50,1.00
2016.11.23 11:30:04.423,0.82553,0.82561,1.00,1.00
2016.11.23 11:30:05.128,0.82553,0.82562,1.00,1.00
2016.11.23 11:30:05.662,0.82553,0.82563,1.00,3.37
2016.11.23 11:30:06.531,0.82552,0.82563,5.62,1.87
2016.11.23 11:30:06.936,0.82556,0.82565,1.00,1.87
2016.11.23 11:30:07.149,0.82556,0.82563,1.00,1.00
2016.11.23 11:30:07.352,0.82552,0.82563,1.75,2.62
2016.11.23 11:30:08.007,0.82552,0.82563,1.50,3.75
2016.11.23 11:30:08.058,0.82552,0.82562,1.50,1.00
2016.11.23 11:30:08.260,0.82552,0.82563,1.50,3.75
2016.11.23 11:30:08.617,0.82552,0.82562,1.12,2.62
2016.11.23 11:30:10.221,0.82552,0.82562,1.50,1.50
2016.11.23 11:30:10.738,0.82552,0.82562,1.00,3.00
2016.11.23 11:30:13.264,0.82552,0.82562,1.50,1.00
2016.11.23 11:30:13.792,0.82553,0.82564,1.12,2.25
2016.11.23 11:30:14.302,0.82554,0.82564,1.12,1.12
2016.11.23 11:30:16.695,0.82553,0.82563,1.50,1.00
2016.11.23 11:30:16.846,0.82552,0.82563,1.50,2.25
2016.11.23 11:30:17.357,0.82554,0.82562,1.00,1.50
2016.11.23 11:30:18.547,0.82552,0.82563,1.50,2.25
2016.11.23 11:30:19.745,0.82551,0.82562,1.12,4.87
2016.11.23 11:30:21.072,0.82551,0.8256,1.12,1.00
2016.11.23 11:30:21.576,0.8255,0.82559,2.25,1.00
2016.11.23 11:30:21.628,0.8255,0.82561,1.50,1.87
2016.11.23 11:30:22.178,0.82551,0.8256,1.12,1.00
2016.11.23 11:30:22.694,0.82551,0.8256,1.50,1.50
2016.11.23 11:30:23.282,0.82551,0.82561,2.25,1.50
2016.11.23 11:30:25.052,0.82551,0.82561,1.50,2.25
2016.11.23 11:30:28.642,0.82551,0.8256,1.00,1.00
2016.11.23 11:30:28.844,0.82548,0.82558,1.75,1.00
2016.11.23 11:30:29.147,0.82552,0.8256,1.00,1.50
2016.11.23 11:30:29.768,0.82552,0.8256,1.37,1.00
2016.11.23 11:30:30.303,0.82552,0.8256,1.50,1.00
2016.11.23 11:30:31.179,0.82552,0.8256,1.50,1.00
2016.11.23 11:30:32.158,0.82552,0.82561,1.00,2.62
2016.11.23 11:30:33.171,0.82553,0.82561,1.00,1.87
2016.11.23 11:30:34.742,0.82553,0.82562,1.12,1.50
2016.11.23 11:30:35.246,0.82554,0.82563,1.12,1.00
2016.11.23 11:30:38.370,0.82554,0.82563,1.00,1.87
2016.11.23 11:30:39.201,0.82553,0.82563,1.50,1.87
2016.11.23 11:30:40.070,0.82552,0.82562,5.62,1.00
2016.11.23 11:30:40.474,0.82551,0.8256,3.37,1.00
2016.11.23 11:30:40.588,0.82551,0.8256,1.50,1.12
2016.11.23 11:30:40.639,0.8255,0.82558,3.37,1.00
2016.11.23 11:30:40.740,0.8255,0.8256,3.37,1.87
2016.11.23 11:30:42.295,0.8255,0.82559,2.62,1.00
2016.11.23 11:30:42.396,0.82548,0.82559,3.00,1.50
2016.11.23 11:30:46.822,0.82549,0.82558,2.25,1.00
2016.11.23 11:30:49.487,0.82551,0.82558,1.00,1.00
2016.11.23 11:30:49.588,0.82551,0.8256,1.37,1.00
2016.11.23 11:30:50.092,0.82551,0.82559,1.50,1.00
2016.11.23 11:30:51.112,0.8255,0.8256,3.00,1.00
2016.11.23 11:30:51.242,0.82551,0.8256,1.00,1.00
2016.11.23 11:30:54.471,0.82551,0.82559,1.00,1.00
2016.11.23 11:30:56.244,0.82551,0.82557,1.00,1.00
2016.11.23 11:30:56.806,0.8255,0.82557,1.50,1.00
2016.11.23 11:30:57.310,0.8255,0.82558,1.00,1.00
2016.11.23 11:30:58.068,0.8255,0.82559,1.00,1.00
2016.11.23 11:31:01.124,0.82549,0.82559,2.25,1.00
2016.11.23 11:31:04.922,0.82549,0.82558,1.75,1.00
2016.11.23 11:31:06.302,0.82549,0.82559,1.75,1.00
2016.11.23 11:31:10.015,0.82552,0.8256,1.00,1.37
2016.11.23 11:31:10.167,0.82554,0.82562,1.50,1.50
2016.11.23 11:31:10.218,0.82556,0.82562,1.12,1.12
2016.11.23 11:31:10.545,0.82554,0.82563,1.12,1.50
2016.11.23 11:31:10.862,0.82554,0.82563,4.12,1.00
2016.11.23 11:31:11.479,0.82554,0.82564,4.12,1.87
2016.11.23 11:31:12.188,0.82554,0.82563,3.37,1.00
2016.11.23 11:31:13.584,0.82554,0.82564,3.37,1.87
2016.11.23 11:31:15.066,0.82556,0.82564,1.00,1.00
2016.11.23 11:31:16.040,0.82555,0.82564,1.12,1.50
2016.11.23 11:31:18.999,0.82555,0.82562,1.12,1.00
2016.11.23 11:31:19.544,0.82554,0.82561,1.00,1.87
2016.11.23 11:31:19.796,0.82552,0.82562,1.12,3.37
2016.11.23 11:31:20.458,0.82554,0.82561,1.00,1.12
2016.11.23 11:31:20.862,0.82552,0.82562,1.12,1.87
2016.11.23 11:31:21.536,0.82552,0.82562,1.12,1.50
2016.11.23 11:31:21.833,0.82552,0.82562,1.12,3.37
2016.11.23 11:31:22.373,0.82553,0.82562,1.00,3.75
2016.11.23 11:31:23.577,0.82553,0.82562,1.00,1.50
2016.11.23 11:31:24.136,0.82553,0.82562,1.00,1.50
2016.11.23 11:31:25.608,0.82553,0.82562,1.12,1.87
2016.11.23 11:31:26.155,0.82553,0.82562,1.12,1.87
2016.11.23 11:31:26.665,0.82553,0.82562,1.37,1.12
2016.11.23 11:31:28.320,0.82552,0.8256,2.62,1.00
2016.11.23 11:31:28.371,0.82551,0.8256,1.50,1.87
2016.11.23 11:31:28.421,0.8255,0.82557,5.62,1.00
2016.11.23 11:31:28.472,0.8255,0.82557,1.00,1.00
2016.11.23 11:31:28.624,0.82547,0.82557,1.50,3.00
2016.11.23 11:31:28.776,0.82546,0.82555,1.00,1.87
2016.11.23 11:31:29.600,0.82546,0.82556,1.12,3.00
2016.11.23 11:31:30.374,0.82546,0.82556,1.12,3.37
2016.11.23 11:31:30.904,0.82546,0.82555,1.12,1.50
2016.11.23 11:31:31.431,0.82547,0.82555,1.50,1.00
2016.11.23 11:31:31.948,0.82546,0.82556,1.50,2.62
2016.11.23 11:31:32.454,0.82545,0.82554,1.00,1.50
2016.11.23 11:31:33.016,0.82546,0.82554,1.00,1.00
2016.11.23 11:31:33.517,0.82547,0.82554,1.00,1.50
2016.11.23 11:31:36.727,0.82545,0.82555,1.87,2.62
2016.11.23 11:31:37.464,0.82545,0.82553,1.87,1.00
2016.11.23 11:31:38.854,0.82545,0.82555,1.87,2.25
2016.11.23 11:31:39.395,0.82545,0.82553,1.87,1.00
2016.11.23 11:31:40.062,0.82544,0.82551,3.37,1.50
2016.11.23 11:31:40.315,0.82542,0.82549,1.00,1.00
2016.11.23 11:31:40.710,0.8254,0.82549,1.12,1.00
2016.11.23 11:31:45.402,0.82539,0.82548,1.00,1.00
2016.11.23 11:31:45.503,0.82541,0.82549,1.12,1.87
2016.11.23 11:31:46.292,0.82541,0.82549,1.37,1.00
2016.11.23 11:31:46.494,0.82541,0.82551,1.50,2.25
2016.11.23 11:31:47.011,0.8254,0.8255,1.50,3.00
2016.11.23 11:31:48.475,0.8254,0.8255,1.12,3.00
2016.11.23 11:31:50.074,0.82539,0.82548,1.87,1.00
2016.11.23 11:31:50.125,0.82539,0.82548,3.37,1.00
2016.11.23 11:31:50.226,0.82539,0.82548,1.00,1.50
2016.11.23 11:31:50.749,0.82539,0.82549,1.50,4.87
2016.11.23 11:31:53.902,0.82538,0.82547,1.00,1.50
2016.11.23 11:31:54.419,0.82537,0.82546,1.12,2.25
2016.11.23 11:31:54.998,0.82537,0.82545,1.00,1.50
2016.11.23 11:31:55.535,0.82536,0.82545,1.50,1.50
2016.11.23 11:31:56.429,0.82537,0.82545,1.00,1.00
2016.11.23 11:32:00.464,0.82538,0.82545,1.00,1.00
2016.11.23 11:32:00.565,0.82537,0.82547,3.37,1.50
2016.11.23 11:32:00.969,0.82539,0.82546,1.00,1.12
2016.11.23 11:32:01.171,0.82539,0.82548,1.12,1.12
2016.11.23 11:32:01.687,0.8254,0.82549,1.00,1.87
2016.11.23 11:32:03.057,0.82541,0.82549,1.00,1.87
2016.11.23 11:32:03.601,0.82541,0.8255,1.12,1.50
2016.11.23 11:32:03.943,0.82543,0.8255,1.00,1.00
2016.11.23 11:32:04.044,0.82541,0.8255,1.87,1.00
2016.11.23 11:32:04.550,0.82542,0.82551,1.12,1.00
2016.11.23 11:32:05.111,0.82541,0.82551,3.00,1.12
2016.11.23 11:32:05.433,0.82541,0.82551,2.62,5.62
2016.11.23 11:32:06.348,0.8254,0.8255,2.25,1.00
2016.11.23 11:32:06.898,0.82541,0.82549,1.00,1.00
2016.11.23 11:32:07.435,0.8254,0.82549,1.50,1.00
2016.11.23 11:32:08.416,0.82541,0.82549,1.00,1.12
2016.11.23 11:32:09.392,0.8254,0.82549,1.00,1.12
2016.11.23 11:32:12.453,0.82539,0.82549,1.12,1.00
2016.11.23 11:32:15.029,0.8254,0.82548,1.00,1.00
2016.11.23 11:32:15.817,0.8254,0.82548,1.00,1.37
2016.11.23 11:32:16.423,0.82539,0.82549,1.12,3.00
2016.11.23 11:32:17.532,0.82538,0.82548,1.12,3.75
2016.11.23 11:32:18.074,0.82537,0.82547,1.50,2.62
2016.11.23 11:32:19.931,0.82538,0.82547,1.00,3.37
2016.11.23 11:32:20.434,0.82537,0.82547,1.12,3.37
2016.11.23 11:32:21.124,0.82537,0.82546,1.00,2.25
2016.11.23 11:32:21.628,0.82537,0.82547,1.12,4.12
2016.11.23 11:32:21.730,0.82537,0.82547,1.00,2.25
2016.11.23 11:32:22.326,0.82537,0.82547,1.00,3.00
2016.11.23 11:32:22.629,0.82538,0.82548,1.87,3.00
2016.11.23 11:32:23.141,0.82539,0.82548,1.00,1.87
2016.11.23 11:32:23.665,0.82538,0.82548,1.50,2.25
2016.11.23 11:32:24.186,0.82538,0.82546,1.37,1.00
2016.11.23 11:32:24.439,0.82539,0.82548,1.50,1.50
2016.11.23 11:32:24.945,0.82538,0.82548,1.12,1.12
2016.11.23 11:32:25.046,0.82538,0.82548,1.12,5.62
2016.11.23 11:32:25.248,0.82536,0.82547,1.12,3.00
2016.11.23 11:32:26.260,0.82538,0.82546,1.00,1.00
2016.11.23 11:32:26.514,0.82539,0.82549,1.12,1.87
2016.11.23 11:32:26.565,0.82538,0.82547,3.37,1.00
2016.11.23 11:32:27.075,0.82538,0.82547,1.12,1.12
2016.11.23 11:32:27.648,0.82538,0.82545,1.12,1.00
2016.11.23 11:32:28.611,0.82537,0.82546,1.00,1.00
2016.11.23 11:32:30.259,0.82538,0.82547,1.50,1.87
2016.11.23 11:32:30.360,0.82539,0.82549,1.87,3.00
2016.11.23 11:32:30.946,0.82539,0.82549,1.50,3.00
2016.11.23 11:32:31.560,0.82542,0.82549,1.00,2.62
2016.11.23 11:32:31.762,0.82544,0.82553,1.00,1.12
2016.11.23 11:32:32.296,0.82544,0.82554,1.00,4.12
2016.11.23 11:32:32.826,0.82543,0.82553,1.00,1.50
2016.11.23 11:32:33.497,0.82541,0.8255,3.37,1.00
2016.11.23 11:32:34.070,0.82541,0.82549,1.00,1.00
2016.11.23 11:32:36.321,0.82542,0.82549,1.00,1.00
2016.11.23 11:32:36.956,0.82541,0.82551,1.87,1.00
2016.11.23 11:32:37.057,0.82543,0.82553,1.50,7.50
2016.11.23 11:32:37.360,0.82545,0.82556,1.37,1.50
2016.11.23 11:32:37.940,0.82547,0.82556,1.00,1.00
2016.11.23 11:32:38.816,0.82548,0.82556,1.00,1.00
2016.11.23 11:32:39.343,0.82548,0.82557,1.00,1.50
2016.11.23 11:32:40.120,0.82547,0.82556,1.12,1.00
2016.11.23 11:32:40.907,0.82547,0.82557,1.12,1.12
2016.11.23 11:32:41.168,0.82547,0.82556,1.12,2.25
2016.11.23 11:32:42.551,0.82546,0.82556,1.50,1.00
2016.11.23 11:32:43.318,0.82548,0.82555,1.00,1.00
2016.11.23 11:32:44.338,0.82547,0.82555,1.00,1.12
2016.11.23 11:32:46.108,0.82546,0.82556,1.87,1.50
2016.11.23 11:32:46.411,0.82544,0.82552,1.00,1.12
2016.11.23 11:32:48.871,0.82541,0.8255,1.87,1.12
2016.11.23 11:32:49.023,0.82539,0.82549,1.00,1.50
2016.11.23 11:32:50.127,0.8254,0.82549,1.00,1.50
2016.11.23 11:32:50.655,0.8254,0.82549,1.00,1.12
2016.11.23 11:32:51.158,0.82539,0.82548,1.12,1.00
2016.11.23 11:32:51.692,0.82541,0.82549,1.00,2.62
2016.11.23 11:32:51.793,0.82542,0.8255,1.12,1.00
2016.11.23 11:32:52.040,0.82543,0.82552,1.50,1.50
2016.11.23 11:32:52.572,0.82543,0.82553,1.87,1.12
2016.11.23 11:32:52.875,0.82542,0.82552,2.62,3.37
2016.11.23 11:32:53.965,0.82544,0.82552,1.00,2.62
2016.11.23 11:32:54.016,0.82544,0.82553,1.00,1.87
2016.11.23 11:32:54.269,0.82545,0.82554,1.50,2.62
2016.11.23 11:32:54.320,0.82545,0.82555,1.87,2.25
2016.11.23 11:32:55.348,0.82545,0.82555,1.12,1.87
2016.11.23 11:32:55.888,0.82545,0.82554,1.12,1.00
2016.11.23 11:32:57.699,0.82545,0.82555,1.12,1.87
2016.11.23 11:32:57.903,0.82548,0.82557,1.00,4.12
2016.11.23 11:32:58.005,0.82548,0.82557,1.00,1.00
2016.11.23 11:32:58.530,0.82548,0.82558,1.50,1.50
2016.11.23 11:33:01.024,0.82547,0.82558,2.17,1.50
2016.11.23 11:33:01.670,0.82548,0.82555,1.00,1.00
2016.11.23 11:33:02.175,0.82547,0.82555,1.00,1.00
2016.11.23 11:33:02.680,0.82547,0.82554,1.00,1.00
2016.11.23 11:33:02.731,0.82545,0.82554,1.87,1.00
2016.11.23 11:33:03.235,0.82545,0.82553,1.87,1.12
2016.11.23 11:33:04.600,0.82543,0.82555,2.55,4.12
2016.11.23 11:33:04.701,0.82544,0.82551,1.00,1.12
2016.11.23 11:33:04.904,0.82545,0.82554,1.50,3.00
2016.11.23 11:33:05.156,0.82547,0.82555,1.00,1.37
2016.11.23 11:33:05.308,0.82547,0.82556,1.87,1.00
2016.11.23 11:33:06.351,0.82547,0.82557,2.62,1.12
2016.11.23 11:33:06.878,0.82548,0.82558,1.50,3.37
2016.11.23 11:33:07.714,0.82549,0.82556,1.00,1.00
2016.11.23 11:33:07.765,0.82547,0.82557,2.62,1.12
2016.11.23 11:33:07.917,0.82547,0.82557,1.87,3.37
2016.11.23 11:33:08.297,0.82548,0.82558,1.00,1.50
2016.11.23 11:33:08.803,0.82549,0.82558,1.00,1.50
2016.11.23 11:33:09.411,0.82548,0.82558,1.50,1.50
2016.11.23 11:33:10.220,0.82549,0.82558,1.12,1.37
2016.11.23 11:33:10.922,0.8255,0.82558,1.00,1.37
2016.11.23 11:33:11.623,0.82549,0.82558,1.12,1.37
2016.11.23 11:33:12.425,0.82547,0.82557,1.87,1.12
2016.11.23 11:33:12.975,0.82548,0.82557,1.00,1.12
2016.11.23 11:33:13.485,0.82548,0.82558,1.12,1.87
2016.11.23 11:33:14.130,0.82548,0.82557,1.12,1.00
2016.11.23 11:33:17.897,0.82548,0.82558,1.12,3.37
2016.11.23 11:33:17.948,0.82548,0.82556,1.12,1.00
2016.11.23 11:33:18.454,0.82547,0.82556,1.87,1.12
2016.11.23 11:33:18.997,0.82547,0.82557,3.00,1.87
2016.11.23 11:33:19.300,0.82543,0.82551,3.00,1.00
2016.11.23 11:33:19.351,0.82543,0.82553,1.00,2.25
2016.11.23 11:33:19.452,0.82545,0.82553,1.00,1.37
2016.11.23 11:33:19.956,0.82546,0.82555,1.00,2.62
2016.11.23 11:33:21.138,0.82546,0.82554,1.00,1.00
2016.11.23 11:33:21.428,0.82547,0.82556,1.00,1.87
2016.11.23 11:33:21.945,0.82548,0.82557,1.00,4.50
2016.11.23 11:33:22.450,0.82549,0.82557,1.00,1.12
2016.11.23 11:33:22.754,0.82547,0.82556,1.87,1.00
2016.11.23 11:33:23.057,0.82549,0.82557,1.00,3.75
2016.11.23 11:33:23.623,0.82548,0.82557,1.50,1.87
2016.11.23 11:33:24.069,0.8255,0.82559,1.00,6.00
2016.11.23 11:33:24.481,0.8255,0.82559,1.87,1.00
2016.11.23 11:33:25.040,0.82551,0.82559,1.00,1.00
2016.11.23 11:33:25.562,0.82551,0.8256,1.00,1.87
2016.11.23 11:33:26.076,0.82551,0.8256,1.00,2.25
2016.11.23 11:33:26.958,0.8255,0.82559,1.00,1.12
2016.11.23 11:33:27.211,0.8255,0.82557,1.00,1.00
2016.11.23 11:33:27.736,0.82549,0.82557,1.87,1.50
2016.11.23 11:33:28.241,0.82549,0.82558,1.87,1.50
2016.11.23 11:33:28.747,0.82549,0.82557,1.87,1.00
2016.11.23 11:33:29.326,0.82549,0.82558,1.87,1.00
2016.11.23 11:33:31.031,0.82549,0.82559,1.12,1.87
2016.11.23 11:33:31.435,0.82547,0.82556,4.87,1.00
2016.11.23 11:33:31.687,0.82547,0.82557,1.00,2.25
2016.11.23 11:33:32.431,0.82548,0.82557,1.00,1.50
2016.11.23 11:33:33.690,0.82546,0.82556,1.12,1.12
2016.11.23 11:33:33.893,0.82546,0.82554,1.12,1.00
2016.11.23 11:33:34.195,0.82544,0.82552,4.12,1.00
2016.11.23 11:33:34.349,0.82542,0.82552,3.37,2.62
2016.11.23 11:33:34.400,0.8254,0.82549,4.12,1.00
2016.11.23 11:33:34.602,0.82541,0.82551,1.12,1.87
2016.11.23 11:33:35.107,0.82541,0.82551,1.50,1.50
2016.11.23 11:33:35.773,0.82541,0.82551,3.75,1.87
2016.11.23 11:33:36.467,0.82541,0.82552,3.00,1.50
2016.11.23 11:33:37.291,0.82541,0.82551,1.12,1.12
2016.11.23 11:33:38.194,0.82541,0.82551,1.00,3.37
2016.11.23 11:33:38.722,0.82541,0.82549,2.25,1.00
2016.11.23 11:33:38.773,0.8254,0.82549,1.50,1.00
2016.11.23 11:33:39.581,0.8254,0.82549,1.00,2.62
2016.11.23 11:33:39.884,0.8254,0.82549,1.50,1.00
2016.11.23 11:33:40.424,0.8254,0.8255,1.00,4.87
2016.11.23 11:33:40.964,0.8254,0.8255,1.00,2.25
2016.11.23 11:33:41.575,0.8254,0.82548,1.00,1.00
2016.11.23 11:33:42.676,0.82541,0.82549,1.00,1.50
2016.11.23 11:33:43.339,0.82541,0.82549,1.00,1.12
2016.11.23 11:33:43.787,0.82542,0.82551,1.00,2.62
2016.11.23 11:33:44.195,0.82541,0.82551,1.12,6.00
2016.11.23 11:33:44.297,0.82541,0.82551,1.12,2.25
2016.11.23 11:33:44.849,0.82541,0.82551,1.00,2.62
2016.11.23 11:33:45.326,0.8254,0.8255,1.50,2.25
2016.11.23 11:33:45.855,0.8254,0.82549,1.50,1.00
2016.11.23 11:33:46.381,0.82541,0.8255,1.00,1.50
2016.11.23 11:33:46.923,0.8254,0.8255,1.50,1.50
2016.11.23 11:33:47.260,0.82543,0.8255,1.00,1.12
2016.11.23 11:33:47.563,0.82539,0.82548,2.62,1.00
2016.11.23 11:33:47.664,0.82538,0.82547,1.50,1.00
2016.11.23 11:33:48.169,0.82538,0.82547,1.37,1.50
2016.11.23 11:33:48.695,0.82539,0.82549,1.37,2.25
2016.11.23 11:33:50.145,0.82538,0.82547,1.87,1.00
2016.11.23 11:33:50.978,0.82538,0.82546,1.12,1.00
2016.11.23 11:33:51.522,0.82538,0.82547,1.87,1.00
2016.11.23 11:33:52.438,0.82539,0.82548,1.00,1.00
2016.11.23 11:33:52.539,0.82543,0.8255,1.00,1.87
2016.11.23 11:33:53.054,0.82542,0.8255,1.00,1.12
2016.11.23 11:33:53.571,0.82542,0.82551,1.00,1.12
2016.11.23 11:33:54.561,0.82541,0.82551,1.12,1.87
2016.11.23 11:33:55.101,0.82541,0.82549,2.25,1.12
2016.11.23 11:33:55.833,0.82541,0.82549,1.87,1.37
2016.11.23 11:33:56.354,0.82539,0.82549,1.00,3.37
2016.11.23 11:33:58.322,0.82539,0.82547,1.00,1.00
2016.11.23 11:33:58.423,0.82537,0.82545,1.87,1.00
2016.11.23 11:33:58.625,0.82535,0.82544,2.25,1.12
2016.11.23 11:33:58.676,0.82535,0.82543,1.87,1.37
2016.11.23 11:33:58.992,0.82537,0.82543,1.00,1.00
2016.11.23 11:33:59.446,0.82537,0.82545,1.00,1.12
2016.11.23 11:33:59.598,0.82535,0.82545,2.62,1.12
2016.11.23 11:34:00.121,0.82536,0.82546,1.00,3.75
2016.11.23 11:34:00.625,0.82535,0.82545,2.62,1.50
2016.11.23 11:34:00.951,0.82538,0.82546,1.50,1.00
2016.11.23 11:34:01.315,0.82539,0.82548,1.50,1.00
2016.11.23 11:34:01.874,0.8254,0.82548,1.00,1.00
2016.11.23 11:34:02.418,0.82539,0.82549,1.12,1.12
2016.11.23 11:34:03.804,0.8254,0.8255,1.50,1.50
2016.11.23 11:34:03.855,0.8254,0.8255,1.87,1.50
2016.11.23 11:34:04.579,0.8254,0.82548,1.50,1.00
2016.11.23 11:34:04.680,0.82539,0.82547,2.25,1.00
2016.11.23 11:34:04.832,0.82538,0.82548,1.87,1.12
2016.11.23 11:34:05.336,0.82538,0.82548,1.50,1.00
2016.11.23 11:34:05.845,0.82537,0.82547,3.75,1.00
2016.11.23 11:34:06.965,0.82538,0.82547,1.12,1.12
2016.11.23 11:34:07.502,0.82539,0.82546,1.00,1.00
2016.11.23 11:34:07.833,0.82537,0.82547,1.12,1.12
2016.11.23 11:34:07.985,0.82539,0.82548,1.00,2.25
2016.11.23 11:34:08.288,0.82539,0.8255,2.62,2.62
2016.11.23 11:34:08.823,0.8254,0.8255,1.87,1.50
2016.11.23 11:34:08.874,0.8254,0.82548,2.62,1.00
2016.11.23 11:34:09.402,0.8254,0.82549,1.87,1.00
2016.11.23 11:34:10.979,0.8254,0.8255,1.87,1.00
2016.11.23 11:34:11.282,0.8254,0.8255,2.25,1.00
2016.11.23 11:34:11.635,0.8254,0.8255,2.62,1.12
2016.11.23 11:34:11.896,0.82541,0.82548,1.00,1.00
2016.11.23 11:34:12.406,0.82539,0.82547,2.62,1.00
2016.11.23 11:34:12.745,0.82539,0.82549,2.62,1.12
2016.11.23 11:34:13.114,0.82541,0.82551,1.00,4.80
2016.11.23 11:34:13.417,0.82543,0.82552,2.25,1.50
2016.11.23 11:34:13.951,0.82543,0.82552,1.87,1.12
2016.11.23 11:34:14.482,0.82544,0.82551,1.00,1.00
2016.11.23 11:34:16.583,0.82543,0.82552,1.12,1.00
2016.11.23 11:34:17.058,0.82541,0.82549,1.50,1.12
2016.11.23 11:34:17.210,0.8254,0.82547,1.12,1.00
2016.11.23 11:34:17.261,0.82538,0.82547,2.62,1.05
2016.11.23 11:34:17.816,0.82539,0.82549,1.00,2.17
2016.11.23 11:34:17.917,0.82538,0.82549,5.10,1.12
2016.11.23 11:34:18.058,0.82539,0.82549,1.00,1.00
2016.11.23 11:34:18.159,0.82539,0.82547,1.00,1.00
2016.11.23 11:34:19.027,0.82539,0.82546,1.00,1.00
2016.11.23 11:34:19.340,0.82541,0.82547,1.50,1.12
2016.11.23 11:34:19.441,0.82541,0.82552,4.12,1.87
2016.11.23 11:34:19.827,0.82541,0.82552,1.50,1.37
2016.11.23 11:34:20.334,0.82542,0.82552,1.12,1.87
2016.11.23 11:34:20.864,0.82542,0.82552,1.12,3.37
2016.11.23 11:34:21.371,0.82541,0.82551,1.50,2.62
2016.11.23 11:34:21.914,0.82541,0.8255,1.50,1.00
2016.11.23 11:34:22.426,0.82541,0.82551,2.25,2.62
2016.11.23 11:34:23.457,0.82541,0.8255,1.12,1.50
2016.11.23 11:34:25.261,0.82541,0.82551,1.12,1.87
2016.11.23 11:34:25.881,0.82541,0.82551,2.25,1.87
2016.11.23 11:34:26.974,0.82541,0.8255,1.50,1.00
2016.11.23 11:34:28.135,0.82543,0.82552,1.12,1.37
2016.11.23 11:34:28.287,0.82543,0.82553,3.00,1.50
2016.11.23 11:34:28.337,0.82544,0.82553,1.87,1.12
2016.11.23 11:34:28.551,0.82546,0.82555,1.50,1.12
2016.11.23 11:34:29.080,0.82546,0.82555,1.00,1.12
2016.11.23 11:34:29.591,0.82547,0.82555,1.00,1.12
2016.11.23 11:34:32.905,0.82548,0.82556,1.00,1.87
2016.11.23 11:34:33.684,0.82548,0.82556,1.87,1.50
2016.11.23 11:34:34.236,0.82548,0.82556,1.50,1.50
2016.11.23 11:34:34.489,0.8255,0.82558,1.50,1.37
2016.11.23 11:34:34.641,0.82551,0.82561,1.50,1.87
2016.11.23 11:34:35.146,0.82551,0.82561,1.50,1.12
2016.11.23 11:34:35.936,0.82552,0.82562,1.87,1.87
2016.11.23 11:34:35.987,0.82552,0.82562,2.25,1.87
2016.11.23 11:34:36.491,0.82553,0.82562,1.87,1.87
2016.11.23 11:34:37.011,0.82553,0.82562,1.50,3.37
2016.11.23 11:34:37.220,0.82553,0.82562,1.12,2.25
2016.11.23 11:34:37.322,0.82553,0.82562,1.12,4.12
2016.11.23 11:34:37.624,0.82553,0.82562,1.75,4.12
2016.11.23 11:34:37.725,0.82553,0.82562,1.75,2.62
2016.11.23 11:34:38.012,0.82553,0.82561,1.00,1.00
2016.11.23 11:34:38.717,0.82551,0.82561,1.50,1.87
2016.11.23 11:34:39.255,0.82553,0.82561,1.37,1.87
2016.11.23 11:34:39.795,0.82553,0.8256,1.00,1.00
2016.11.23 11:34:40.385,0.82553,0.82561,1.00,1.00
2016.11.23 11:34:41.012,0.82552,0.82558,1.12,1.00
2016.11.23 11:34:41.214,0.82548,0.82558,2.25,1.50
2016.11.23 11:34:41.768,0.82548,0.82558,2.25,1.50
2016.11.23 11:34:42.148,0.82553,0.8256,2.25,1.00
2016.11.23 11:34:42.351,0.82557,0.82565,1.12,1.12
2016.11.23 11:34:42.612,0.82561,0.82567,1.00,1.00
2016.11.23 11:34:42.765,0.82562,0.82571,1.37,1.37
2016.11.23 11:34:42.867,0.82563,0.82574,1.37,1.12
2016.11.23 11:34:43.414,0.82566,0.82575,1.12,1.00
2016.11.23 11:34:43.995,0.82565,0.82576,1.87,3.00
2016.11.23 11:34:44.705,0.82565,0.82575,1.50,1.00
2016.11.23 11:34:45.228,0.82565,0.82575,1.12,1.50
2016.11.23 11:34:45.659,0.82564,0.82573,2.25,1.00
2016.11.23 11:34:45.911,0.82563,0.82572,1.12,1.12
2016.11.23 11:34:46.547,0.82563,0.82572,1.50,1.12
2016.11.23 11:34:47.081,0.82563,0.82573,1.50,1.87
2016.11.23 11:34:47.975,0.82562,0.82572,3.37,1.00
2016.11.23 11:34:48.077,0.82562,0.82572,1.50,1.12
2016.11.23 11:34:48.720,0.82562,0.82572,1.50,1.50
2016.11.23 11:34:49.284,0.82562,0.82571,1.00,1.12
2016.11.23 11:34:49.789,0.82563,0.82572,1.12,1.00
2016.11.23 11:34:49.890,0.82565,0.82575,1.12,2.62
2016.11.23 11:34:50.092,0.82565,0.82575,1.12,1.12
2016.11.23 11:34:50.763,0.82566,0.82576,1.00,1.50
2016.11.23 11:34:51.300,0.82567,0.82576,1.00,2.25
2016.11.23 11:34:51.506,0.82564,0.82573,1.87,1.00
2016.11.23 11:34:51.710,0.82563,0.82572,1.12,1.87
2016.11.23 11:34:52.251,0.82563,0.82572,1.00,1.87
2016.11.23 11:34:52.793,0.82563,0.82572,1.37,1.00
2016.11.23 11:34:53.299,0.82564,0.82571,1.12,1.00
2016.11.23 11:34:54.572,0.82563,0.82572,1.00,1.12
2016.11.23 11:34:55.803,0.82564,0.82572,1.00,1.12
2016.11.23 11:34:56.005,0.82567,0.82577,1.50,2.62
2016.11.23 11:34:56.517,0.82567,0.82577,1.00,2.62
2016.11.23 11:34:57.301,0.82566,0.82576,1.00,2.25
2016.11.23 11:34:57.823,0.82567,0.82576,1.00,2.25
2016.11.23 11:34:59.296,0.82568,0.82577,1.00,1.12
2016.11.23 11:34:59.885,0.82568,0.82576,1.00,1.50
2016.11.23 11:34:59.986,0.82566,0.82576,1.35,1.50
2016.11.23 11:35:00.705,0.82564,0.82573,2.25,1.00
2016.11.23 11:35:00.909,0.82558,0.82568,1.50,1.50
2016.11.23 11:35:01.010,0.82558,0.82566,1.00,1.00
2016.11.23 11:35:01.718,0.82556,0.82565,1.50,1.00
2016.11.23 11:35:02.070,0.82559,0.82566,1.00,1.75
2016.11.23 11:35:02.222,0.82558,0.82568,1.50,2.25
2016.11.23 11:35:02.625,0.82557,0.82566,1.12,1.37
2016.11.23 11:35:03.174,0.82558,0.82565,1.00,1.12
2016.11.23 11:35:03.605,0.82556,0.82566,1.00,2.25
2016.11.23 11:35:03.706,0.82554,0.82564,3.00,1.00
2016.11.23 11:35:03.908,0.82554,0.82564,1.50,1.12
2016.11.23 11:35:04.110,0.82554,0.82565,1.37,2.25
2016.11.23 11:35:05.154,0.82554,0.82565,1.87,2.25
2016.11.23 11:35:05.457,0.82556,0.82562,1.00,1.00
2016.11.23 11:35:06.098,0.82555,0.82565,1.87,4.12
2016.11.23 11:35:06.774,0.82558,0.82565,1.00,3.37
2016.11.23 11:35:07.028,0.82557,0.82567,1.00,3.37
2016.11.23 11:35:07.592,0.82557,0.82567,1.00,1.50
2016.11.23 11:35:08.119,0.82557,0.82567,1.00,3.37
2016.11.23 11:35:10.230,0.82559,0.82566,1.00,1.12
2016.11.23 11:35:12.372,0.82557,0.82566,1.00,1.50
2016.11.23 11:35:12.728,0.8256,0.82568,1.00,1.12
2016.11.23 11:35:12.879,0.82561,0.82569,1.12,1.00
2016.11.23 11:35:12.981,0.82561,0.82571,1.12,1.87
2016.11.23 11:35:13.490,0.82562,0.82572,1.12,1.50
2016.11.23 11:35:13.930,0.8256,0.82567,1.12,1.00
2016.11.23 11:35:14.183,0.82558,0.82567,1.50,1.00
2016.11.23 11:35:14.245,0.82558,0.82567,1.75,1.00
2016.11.23 11:35:14.788,0.82559,0.82568,1.12,1.12
2016.11.23 11:35:15.306,0.82558,0.82567,1.50,1.00
2016.11.23 11:35:15.820,0.82558,0.82568,1.12,1.12
2016.11.23 11:35:16.123,0.82563,0.8257,1.00,1.00
2016.11.23 11:35:16.275,0.82563,0.82573,1.00,2.25
2016.11.23 11:35:16.798,0.82562,0.82573,1.87,2.25
2016.11.23 11:35:17.274,0.82561,0.82571,2.62,1.37
2016.11.23 11:35:20.046,0.82562,0.82572,1.12,2.25
2016.11.23 11:35:20.564,0.82562,0.82572,1.00,2.25
2016.11.23 11:35:21.790,0.82563,0.82572,1.00,1.37
2016.11.23 11:35:21.841,0.82564,0.82572,1.75,1.37
2016.11.23 11:35:21.942,0.82564,0.82573,1.00,1.12
2016.11.23 11:35:21.993,0.82564,0.82573,1.12,1.12
2016.11.23 11:35:22.125,0.82563,0.82571,1.50,1.00
2016.11.23 11:35:23.005,0.82564,0.82573,1.50,1.50
2016.11.23 11:35:23.512,0.82564,0.82572,1.00,1.00
2016.11.23 11:35:23.746,0.82566,0.82575,1.00,1.87
2016.11.23 11:35:23.982,0.82568,0.82578,1.50,1.50
2016.11.23 11:35:24.551,0.82568,0.82577,1.50,1.00
2016.11.23 11:35:25.079,0.82567,0.82577,1.12,1.87
2016.11.23 11:35:26.630,0.82568,0.82577,1.30,1.00
2016.11.23 11:35:26.833,0.82568,0.82579,2.62,1.87
2016.11.23 11:35:27.125,0.8257,0.82579,1.00,1.50
2016.11.23 11:35:27.478,0.8257,0.82578,1.00,1.37
2016.11.23 11:35:27.746,0.82567,0.82577,1.12,1.50
2016.11.23 11:35:28.870,0.82568,0.82578,1.00,5.25
2016.11.23 11:35:29.073,0.82569,0.82577,1.00,1.00
2016.11.23 11:35:29.699,0.8257,0.82578,1.00,1.12
2016.11.23 11:35:30.236,0.8257,0.82579,1.00,1.12
2016.11.23 11:35:31.264,0.8257,0.82579,1.00,1.37
2016.11.23 11:35:31.782,0.82569,0.82579,1.50,1.50
2016.11.23 11:35:32.335,0.8257,0.82579,1.00,1.50
2016.11.23 11:35:32.587,0.82567,0.82576,1.00,1.50
2016.11.23 11:35:33.152,0.82566,0.82575,1.50,1.00
2016.11.23 11:35:33.671,0.82567,0.82575,1.00,1.50
2016.11.23 11:35:40.032,0.82566,0.82573,1.00,1.00
2016.11.23 11:35:40.134,0.82562,0.82572,4.50,1.50
2016.11.23 11:35:40.235,0.82561,0.8257,1.00,1.00
2016.11.23 11:35:40.899,0.82563,0.82572,1.00,2.25
2016.11.23 11:35:41.051,0.82563,0.82572,1.00,1.50
2016.11.23 11:35:41.575,0.82564,0.82573,1.00,2.25
2016.11.23 11:35:42.080,0.82563,0.82573,1.00,1.50
2016.11.23 11:35:42.615,0.82562,0.82571,2.25,1.00
2016.11.23 11:35:43.150,0.82563,0.82573,1.00,1.50
2016.11.23 11:35:43.898,0.82564,0.82573,1.00,1.50
2016.11.23 11:35:44.404,0.82565,0.82573,1.00,1.50
2016.11.23 11:35:44.505,0.82563,0.82573,1.50,1.75
2016.11.23 11:35:44.808,0.82564,0.82573,1.00,2.25
2016.11.23 11:35:45.091,0.82564,0.82573,1.00,2.25
2016.11.23 11:35:45.602,0.82563,0.82571,1.50,1.12
2016.11.23 11:35:46.125,0.82563,0.82573,1.00,2.25
2016.11.23 11:35:46.496,0.82563,0.82573,1.50,4.12
2016.11.23 11:35:47.043,0.82563,0.82569,1.00,1.00
2016.11.23 11:35:47.094,0.8256,0.82569,1.50,1.00
2016.11.23 11:35:47.718,0.82559,0.82569,1.50,2.62
2016.11.23 11:35:48.271,0.8256,0.82569,1.00,1.12
2016.11.23 11:35:48.322,0.82563,0.82569,1.00,1.12
2016.11.23 11:35:48.625,0.82563,0.82571,1.00,1.00
2016.11.23 11:35:49.148,0.82563,0.82572,1.00,1.00
2016.11.23 11:35:49.299,0.82566,0.82573,1.00,1.87
2016.11.23 11:35:49.836,0.82566,0.82573,1.00,1.00
2016.11.23 11:35:50.303,0.82567,0.82575,1.00,1.12
2016.11.23 11:35:50.506,0.82568,0.82579,1.37,3.00
2016.11.23 11:35:50.657,0.82568,0.82578,1.87,1.37
2016.11.23 11:35:51.654,0.8257,0.82577,1.00,1.12
2016.11.23 11:35:52.645,0.82569,0.82578,1.50,1.37
2016.11.23 11:35:53.743,0.8257,0.82578,1.00,1.37
2016.11.23 11:35:53.946,0.8257,0.82579,1.00,1.12
2016.11.23 11:35:54.912,0.82569,0.82579,1.12,1.12
2016.11.23 11:35:55.461,0.82569,0.82579,2.25,1.12
2016.11.23 11:35:56.731,0.82569,0.82578,1.00,1.87
2016.11.23 11:35:57.240,0.8257,0.82578,1.00,1.00
2016.11.23 11:35:57.593,0.82571,0.8258,1.00,1.12
2016.11.23 11:35:58.546,0.82572,0.82582,1.00,4.50
2016.11.23 11:35:59.089,0.82573,0.82582,1.87,1.37
2016.11.23 11:35:59.598,0.82574,0.82583,1.12,1.37
2016.11.23 11:36:00.817,0.82574,0.82584,1.87,1.50
2016.11.23 11:36:01.092,0.82578,0.82583,1.00,1.12
2016.11.23 11:36:01.669,0.82579,0.82585,1.00,3.37
2016.11.23 11:36:01.821,0.82579,0.82587,1.50,2.25
2016.11.23 11:36:01.872,0.82579,0.82589,1.50,1.87
2016.11.23 11:36:02.378,0.8258,0.82589,1.50,1.12
2016.11.23 11:36:02.914,0.82579,0.82588,1.00,1.12
2016.11.23 11:36:03.611,0.8258,0.82588,1.00,1.12
2016.11.23 11:36:04.123,0.82579,0.82588,2.25,1.12
2016.11.23 11:36:04.351,0.8258,0.82589,1.37,1.50
2016.11.23 11:36:04.553,0.82582,0.82591,1.00,2.25
2016.11.23 11:36:05.509,0.82583,0.82591,1.00,1.00
2016.11.23 11:36:05.611,0.82585,0.82592,1.00,1.00
2016.11.23 11:36:06.142,0.82583,0.82593,3.00,1.50
2016.11.23 11:36:06.344,0.82583,0.82593,1.12,1.50
2016.11.23 11:36:06.908,0.82582,0.82592,2.25,1.50
2016.11.23 11:36:07.633,0.82583,0.82592,1.00,1.50
2016.11.23 11:36:08.952,0.82583,0.82592,1.00,1.37
2016.11.23 11:36:09.436,0.82583,0.82592,1.00,1.50
2016.11.23 11:36:09.538,0.82583,0.82592,1.50,1.50
2016.11.23 11:36:09.841,0.82586,0.82594,1.12,1.00
2016.11.23 11:36:09.993,0.82583,0.82593,2.25,1.00
2016.11.23 11:36:10.043,0.82583,0.82593,2.25,1.37
2016.11.23 11:36:10.166,0.82583,0.82593,1.87,1.12
2016.11.23 11:36:10.469,0.82584,0.82593,1.50,1.00
2016.11.23 11:36:10.994,0.82586,0.82593,1.00,1.00
2016.11.23 11:36:11.347,0.82588,0.82594,1.50,1.00
2016.11.23 11:36:11.398,0.82588,0.82597,1.50,1.50
2016.11.23 11:36:11.449,0.8259,0.82597,1.00,1.00
2016.11.23 11:36:11.968,0.8259,0.82598,1.00,3.00
2016.11.23 11:36:12.478,0.82589,0.82597,1.00,1.00
2016.11.23 11:36:12.781,0.82584,0.82594,2.25,1.00
2016.11.23 11:36:13.134,0.82586,0.82594,1.00,1.12
2016.11.23 11:36:13.510,0.82588,0.82595,1.00,1.50
2016.11.23 11:36:13.612,0.82588,0.82596,1.00,1.12
2016.11.23 11:36:14.167,0.82588,0.82597,1.00,1.00
2016.11.23 11:36:14.673,0.82589,0.82597,1.00,1.00
2016.11.23 11:36:15.194,0.82589,0.82598,1.00,2.62
2016.11.23 11:36:16.123,0.82588,0.82596,1.00,1.50
2016.11.23 11:36:16.734,0.82587,0.82595,1.00,1.87
2016.11.23 11:36:17.289,0.82585,0.82595,2.25,1.87
2016.11.23 11:36:17.615,0.82588,0.82596,1.00,1.87
2016.11.23 11:36:18.140,0.82588,0.82596,1.00,1.00
2016.11.23 11:36:18.898,0.82587,0.82595,1.00,1.00
2016.11.23 11:36:19.202,0.82582,0.82589,4.12,1.50
2016.11.23 11:36:19.303,0.82578,0.82587,2.62,1.00
2016.11.23 11:36:19.405,0.82577,0.82587,1.87,1.12
2016.11.23 11:36:19.506,0.82577,0.82587,2.25,1.50
2016.11.23 11:36:20.259,0.82577,0.82588,3.00,2.62
2016.11.23 11:36:20.862,0.82578,0.82588,1.12,2.25
2016.11.23 11:36:21.382,0.82577,0.82587,3.00,1.00
2016.11.23 11:36:23.654,0.82578,0.82583,1.12,1.00
2016.11.23 11:36:23.857,0.82574,0.82581,1.50,1.50
2016.11.23 11:36:23.908,0.82572,0.82579,2.25,1.50
2016.11.23 11:36:24.009,0.82569,0.82578,1.75,1.00
2016.11.23 11:36:24.060,0.82568,0.82576,3.37,1.00
2016.11.23 11:36:24.110,0.82567,0.82576,2.62,1.00
2016.11.23 11:36:24.312,0.82565,0.82574,1.50,1.00
2016.11.23 11:36:24.514,0.82563,0.82574,2.62,1.50
2016.11.23 11:36:24.666,0.82565,0.82575,1.00,1.75
2016.11.23 11:36:24.899,0.82567,0.82576,1.50,1.00
2016.11.23 11:36:25.103,0.82569,0.82578,1.00,3.37
2016.11.23 11:36:25.614,0.82569,0.8258,1.50,3.75
2016.11.23 11:36:26.088,0.82569,0.82579,2.25,1.00
2016.11.23 11:36:26.318,0.82571,0.8258,1.50,1.00
2016.11.23 11:36:26.848,0.82571,0.82581,1.00,3.37
2016.11.23 11:36:27.415,0.82573,0.82581,1.00,3.37
2016.11.23 11:36:27.920,0.82573,0.82582,1.00,2.62
2016.11.23 11:36:29.263,0.82571,0.8258,1.00,1.12
2016.11.23 11:36:29.575,0.82573,0.82582,1.00,1.12
2016.11.23 11:36:29.727,0.82574,0.82582,1.12,1.00
2016.11.23 11:36:30.296,0.82575,0.82583,1.00,1.50
2016.11.23 11:36:30.520,0.82575,0.82584,1.50,1.12
2016.11.23 11:36:32.298,0.82575,0.82583,1.87,1.00
2016.11.23 11:36:32.653,0.82575,0.82585,1.87,2.25
2016.11.23 11:36:33.238,0.82576,0.82585,1.00,1.12
2016.11.23 11:36:33.739,0.82577,0.82586,1.87,1.00
2016.11.23 11:36:33.841,0.82575,0.82584,6.00,1.00
2016.11.23 11:36:34.017,0.82575,0.82584,1.12,1.00
2016.11.23 11:36:34.819,0.82578,0.82585,1.00,1.50
2016.11.23 11:36:34.921,0.82577,0.82586,2.25,1.12
2016.11.23 11:36:35.430,0.82577,0.82586,3.75,1.00
2016.11.23 11:36:35.948,0.82577,0.82586,1.12,1.00
2016.11.23 11:36:36.157,0.82579,0.82587,1.00,1.00
2016.11.23 11:36:38.263,0.82579,0.82588,1.00,1.87
2016.11.23 11:36:39.966,0.82578,0.82587,1.12,1.50
2016.11.23 11:36:40.950,0.8258,0.82587,1.00,1.00
2016.11.23 11:36:41.477,0.8258,0.82588,1.00,1.12
2016.11.23 11:36:42.033,0.82579,0.82588,1.00,1.87
2016.11.23 11:36:44.024,0.82581,0.82588,1.00,1.12
2016.11.23 11:36:44.350,0.82579,0.82588,1.12,1.12
2016.11.23 11:36:44.401,0.82577,0.82585,4.12,1.00
2016.11.23 11:36:44.452,0.82577,0.82584,1.12,1.00
2016.11.23 11:36:44.755,0.82575,0.82584,1.12,2.25
2016.11.23 11:36:45.279,0.82575,0.82584,1.50,1.12
2016.11.23 11:36:45.834,0.82575,0.82585,1.87,1.00
2016.11.23 11:36:46.350,0.82577,0.82585,1.00,1.00
2016.11.23 11:36:46.602,0.82576,0.82583,1.50,1.00
2016.11.23 11:36:47.419,0.82576,0.82583,1.00,1.00
2016.11.23 11:36:47.937,0.82577,0.82587,1.87,1.87
2016.11.23 11:36:48.470,0.82577,0.82587,2.25,1.50
2016.11.23 11:36:48.705,0.82578,0.82587,1.50,1.50
2016.11.23 11:36:49.646,0.82579,0.82588,1.00,1.00
2016.11.23 11:36:50.110,0.82581,0.82589,1.87,1.00
2016.11.23 11:36:50.363,0.82583,0.82592,1.50,1.12
2016.11.23 11:36:50.565,0.82583,0.82592,1.12,3.75
2016.11.23 11:36:52.121,0.82584,0.82591,1.00,1.87
2016.11.23 11:36:52.710,0.82584,0.82591,1.00,1.00
2016.11.23 11:36:53.222,0.82583,0.8259,1.12,1.12
2016.11.23 11:36:53.744,0.82582,0.8259,1.00,1.12
2016.11.23 11:36:54.432,0.82581,0.8259,1.12,1.87
2016.11.23 11:36:55.215,0.82579,0.82588,1.50,1.00
2016.11.23 11:36:55.467,0.82577,0.82587,1.37,3.75
2016.11.23 11:36:56.393,0.82577,0.82586,1.12,1.50
2016.11.23 11:36:58.553,0.82579,0.82586,1.00,1.50
2016.11.23 11:36:58.654,0.82579,0.82586,1.00,1.12
2016.11.23 11:36:59.292,0.82579,0.82587,1.00,1.00
2016.11.23 11:36:59.800,0.82578,0.82587,1.00,1.12
2016.11.23 11:37:00.326,0.82577,0.82586,1.50,1.00
2016.11.23 11:37:00.872,0.82578,0.82587,1.00,2.62
2016.11.23 11:37:01.488,0.82577,0.82587,1.87,2.25
2016.11.23 11:37:02.753,0.82577,0.82586,2.25,1.00
2016.11.23 11:37:03.371,0.82579,0.82586,1.00,1.00
2016.11.23 11:37:03.854,0.82578,0.82588,1.50,2.25
2016.11.23 11:37:04.402,0.8258,0.82588,1.00,1.00
2016.11.23 11:37:05.043,0.82578,0.82586,1.37,1.50
2016.11.23 11:37:05.093,0.82577,0.82586,3.00,1.00
2016.11.23 11:37:05.144,0.82577,0.82584,1.87,1.00
2016.11.23 11:37:05.297,0.82573,0.82583,2.62,1.50
2016.11.23 11:37:05.449,0.82572,0.82581,2.62,1.00
2016.11.23 11:37:05.753,0.82571,0.82581,1.12,1.37
2016.11.23 11:37:06.329,0.82571,0.82581,1.87,1.12
2016.11.23 11:37:06.771,0.82574,0.82583,1.00,1.87
2016.11.23 11:37:07.368,0.82573,0.82582,1.50,1.12
2016.11.23 11:37:08.601,0.82574,0.82582,1.00,1.12
2016.11.23 11:37:11.465,0.82574,0.82583,1.12,1.87
2016.11.23 11:37:12.215,0.82575,0.82583,1.00,1.87
2016.11.23 11:37:13.173,0.82574,0.82583,1.00,2.62
2016.11.23 11:37:13.586,0.82573,0.8258,1.87,1.00
2016.11.23 11:37:13.940,0.82569,0.82579,2.25,2.25
2016.11.23 11:37:14.459,0.82569,0.82579,1.37,2.25
2016.11.23 11:37:15.021,0.82569,0.82578,1.50,1.00
2016.11.23 11:37:15.610,0.82568,0.82577,1.12,1.00
2016.11.23 11:37:18.741,0.82567,0.82574,1.12,1.00
2016.11.23 11:37:18.944,0.82564,0.82573,1.00,1.12
2016.11.23 11:37:19.940,0.82565,0.82575,1.00,2.62
2016.11.23 11:37:20.478,0.82566,0.82575,1.00,1.00
2016.11.23 11:37:21.419,0.82567,0.82576,1.12,1.87
2016.11.23 11:37:21.521,0.82569,0.82577,1.00,1.87
2016.11.23 11:37:22.115,0.82569,0.82577,1.00,1.00
2016.11.23 11:37:22.319,0.82566,0.82575,1.00,1.12
2016.11.23 11:37:22.864,0.82566,0.82574,1.00,1.00
2016.11.23 11:37:23.457,0.82566,0.82571,1.00,1.00
2016.11.23 11:37:23.608,0.82562,0.8257,1.00,1.50
2016.11.23 11:37:23.709,0.8256,0.82568,1.87,1.00
2016.11.23 11:37:24.012,0.82557,0.82566,2.25,1.00
2016.11.23 11:37:24.724,0.82557,0.82565,1.12,1.00
2016.11.23 11:37:25.773,0.82557,0.82566,1.50,1.87
2016.11.23 11:37:26.317,0.82558,0.82565,1.00,1.00
2016.11.23 11:37:27.094,0.82557,0.82565,1.12,1.00
2016.11.23 11:37:30.045,0.82557,0.82566,1.87,1.12
2016.11.23 11:37:30.912,0.8256,0.82569,1.00,2.62
2016.11.23 11:37:30.963,0.82558,0.82568,1.12,2.25
2016.11.23 11:37:31.013,0.82559,0.82566,1.00,1.50
2016.11.23 11:37:31.317,0.82554,0.82562,1.50,1.00
2016.11.23 11:37:31.842,0.82554,0.82562,1.37,1.00
2016.11.23 11:37:32.027,0.82553,0.82562,1.00,1.00
2016.11.23 11:37:32.451,0.82554,0.82562,2.62,1.12
2016.11.23 11:37:33.058,0.82554,0.82562,1.12,1.12
2016.11.23 11:37:33.561,0.82553,0.82562,2.62,1.00
2016.11.23 11:37:33.663,0.82554,0.82564,2.25,1.50
2016.11.23 11:37:33.779,0.82556,0.82565,1.50,1.87
2016.11.23 11:37:33.930,0.82554,0.82565,3.00,1.87
2016.11.23 11:37:34.456,0.82555,0.82564,1.00,1.12
2016.11.23 11:37:35.083,0.82557,0.82566,1.00,1.12
2016.11.23 11:37:35.134,0.82558,0.82566,1.00,1.00
2016.11.23 11:37:35.766,0.82558,0.82567,1.00,1.50
2016.11.23 11:37:36.807,0.82558,0.82566,1.00,1.00
2016.11.23 11:37:38.331,0.82557,0.82566,2.25,1.00
2016.11.23 11:37:38.836,0.82557,0.82567,2.25,1.50
2016.11.23 11:37:39.130,0.82559,0.82568,1.37,1.00
2016.11.23 11:37:39.649,0.82559,0.82569,1.50,1.87
2016.11.23 11:37:39.978,0.82557,0.82566,1.50,1.00
2016.11.23 11:37:40.484,0.82558,0.82567,1.00,2.25
2016.11.23 11:37:40.788,0.82561,0.82569,1.12,1.00
2016.11.23 11:37:41.337,0.82561,0.8257,1.87,1.12
2016.11.23 11:37:41.640,0.82557,0.82567,2.25,1.50
2016.11.23 11:37:42.146,0.82558,0.82567,1.12,1.50
2016.11.23 11:37:42.486,0.82556,0.82566,1.37,1.50
2016.11.23 11:37:42.652,0.82555,0.82564,1.12,1.00
2016.11.23 11:37:43.178,0.82555,0.82564,1.12,1.37
2016.11.23 11:37:46.879,0.82555,0.82564,1.87,1.12
2016.11.23 11:37:46.930,0.82558,0.82565,1.00,1.50
2016.11.23 11:37:47.081,0.82558,0.82567,3.00,1.00
2016.11.23 11:37:47.183,0.82558,0.82569,4.50,1.12
2016.11.23 11:37:47.732,0.82559,0.82568,1.00,1.12
2016.11.23 11:37:48.308,0.82559,0.82568,1.00,1.50
2016.11.23 11:37:50.681,0.82561,0.82568,1.00,1.50
2016.11.23 11:37:51.253,0.82561,0.82568,1.00,1.00
2016.11.23 11:37:52.566,0.82561,0.8257,2.25,2.25
2016.11.23 11:37:53.071,0.8256,0.82569,1.87,1.00
2016.11.23 11:37:53.761,0.8256,0.82569,1.12,1.37
2016.11.23 11:37:54.275,0.8256,0.82569,1.12,1.00
2016.11.23 11:37:54.861,0.8256,0.8257,1.87,1.87
2016.11.23 11:37:55.316,0.82562,0.82571,1.00,1.12
2016.11.23 11:37:55.858,0.82562,0.82571,1.00,1.50
2016.11.23 11:37:56.527,0.82561,0.82571,2.25,1.50
2016.11.23 11:37:57.041,0.82562,0.82571,1.12,1.50
2016.11.23 11:37:59.077,0.82561,0.82571,1.87,1.50
2016.11.23 11:37:59.849,0.82562,0.82572,1.00,3.37
2016.11.23 11:37:59.899,0.82562,0.82572,1.00,1.50
2016.11.23 11:38:00.422,0.82561,0.82571,1.87,1.12
2016.11.23 11:38:00.641,0.82562,0.82569,1.00,1.00
2016.11.23 11:38:01.044,0.82561,0.82571,1.12,1.50
2016.11.23 11:38:01.095,0.82562,0.82569,1.00,1.00
2016.11.23 11:38:01.645,0.82561,0.82571,1.87,1.12
2016.11.23 11:38:04.856,0.82561,0.82568,1.12,1.00
2016.11.23 11:38:05.358,0.82559,0.82569,3.00,1.00
2016.11.23 11:38:07.827,0.82559,0.82568,2.62,1.00
2016.11.23 11:38:09.595,0.8256,0.82567,1.00,1.00
2016.11.23 11:38:10.099,0.82561,0.82568,1.00,1.00
2016.11.23 11:38:10.636,0.82559,0.82569,1.50,1.50
2016.11.23 11:38:11.012,0.82559,0.82568,1.12,1.50
2016.11.23 11:38:11.889,0.8256,0.82567,1.00,1.50
2016.11.23 11:38:12.632,0.82559,0.82569,1.50,4.50
2016.11.23 11:38:13.144,0.82559,0.82569,1.87,1.50
2016.11.23 11:38:14.002,0.82559,0.82565,1.00,1.00
2016.11.23 11:38:14.547,0.82558,0.82564,1.00,1.00
2016.11.23 11:38:15.117,0.82558,0.82565,1.00,1.00
2016.11.23 11:38:15.639,0.82557,0.82567,1.50,2.62
2016.11.23 11:38:15.952,0.82559,0.82568,1.00,2.62
2016.11.23 11:38:16.500,0.82559,0.82568,1.00,1.50
2016.11.23 11:38:17.761,0.8256,0.82569,1.00,1.87
2016.11.23 11:38:17.963,0.82562,0.82571,1.50,1.50
2016.11.23 11:38:19.854,0.82562,0.8257,1.50,1.00
2016.11.23 11:38:22.072,0.8256,0.82569,1.87,1.00
2016.11.23 11:38:22.173,0.82559,0.82568,2.25,1.00
2016.11.23 11:38:23.139,0.82559,0.82569,1.87,1.50
2016.11.23 11:38:24.142,0.8256,0.82569,1.00,1.50
2016.11.23 11:38:26.370,0.82561,0.82569,1.50,1.00
2016.11.23 11:38:26.471,0.82563,0.82569,1.00,1.00
2016.11.23 11:38:26.604,0.82561,0.8257,1.00,1.50
2016.11.23 11:38:26.909,0.82562,0.8257,1.00,1.12
2016.11.23 11:38:27.415,0.82564,0.82571,1.00,1.50
2016.11.23 11:38:32.496,0.82562,0.82572,2.62,1.87
2016.11.23 11:38:41.055,0.82562,0.82571,2.25,1.00
2016.11.23 11:38:41.614,0.82563,0.82571,1.00,1.00
2016.11.23 11:38:42.100,0.82564,0.82573,1.50,1.50
2016.11.23 11:38:42.709,0.82565,0.82574,1.50,1.50
2016.11.23 11:38:43.487,0.82565,0.82573,1.50,1.00
2016.11.23 11:38:45.824,0.82565,0.82574,1.50,1.12
2016.11.23 11:38:46.339,0.82565,0.82575,1.87,2.62
2016.11.23 11:38:46.582,0.82565,0.82574,1.87,1.37
2016.11.23 11:38:47.710,0.82566,0.82575,1.50,1.87
2016.11.23 11:38:48.239,0.82567,0.82575,1.00,1.50
2016.11.23 11:38:48.537,0.82569,0.82579,1.12,1.50
2016.11.23 11:38:48.858,0.82568,0.82576,1.50,1.00
2016.11.23 11:38:48.960,0.82568,0.82576,1.00,1.00
2016.11.23 11:38:49.061,0.82566,0.82576,1.50,1.50
2016.11.23 11:38:49.515,0.82568,0.82576,1.00,1.12
2016.11.23 11:38:49.969,0.82568,0.82578,1.50,1.87
2016.11.23 11:38:51.413,0.82568,0.82577,1.50,1.00
2016.11.23 11:38:51.949,0.82568,0.82577,1.00,1.50
2016.11.23 11:38:53.139,0.82567,0.82577,1.00,1.50
2016.11.23 11:38:55.023,0.82568,0.82577,1.00,1.50
2016.11.23 11:38:55.588,0.82567,0.82576,1.50,1.12
2016.11.23 11:38:56.694,0.82568,0.82576,1.00,1.12
2016.11.23 11:38:58.846,0.82569,0.82578,1.00,1.87
2016.11.23 11:38:58.947,0.82569,0.82578,1.00,1.50
2016.11.23 11:38:59.861,0.8257,0.82577,1.00,1.00
2016.11.23 11:39:01.420,0.82568,0.82578,1.12,1.50
2016.11.23 11:39:02.970,0.82568,0.82577,1.12,1.00
2016.11.23 11:39:03.374,0.82566,0.82576,1.87,1.12
2016.11.23 11:39:03.970,0.82567,0.82576,1.00,1.12
2016.11.23 11:39:05.014,0.82569,0.82577,1.00,1.00
2016.11.23 11:39:05.601,0.82567,0.82577,2.25,1.00
2016.11.23 11:39:06.149,0.82568,0.82578,1.12,1.12
2016.11.23 11:39:07.150,0.82569,0.82578,1.00,1.12
2016.11.23 11:39:07.503,0.8257,0.82579,1.37,1.00
2016.11.23 11:39:07.908,0.8257,0.8258,2.25,1.87
2016.11.23 11:39:08.467,0.8257,0.82579,1.50,1.50
2016.11.23 11:39:09.199,0.82569,0.82579,2.25,2.25
2016.11.23 11:39:10.168,0.82569,0.82577,2.25,1.00
2016.11.23 11:39:11.207,0.82568,0.82577,1.12,1.00
2016.11.23 11:39:11.711,0.82567,0.82577,2.25,2.25
2016.11.23 11:39:12.343,0.82567,0.82576,2.25,1.12
2016.11.23 11:39:12.905,0.82567,0.82575,1.00,1.00
2016.11.23 11:39:13.445,0.82567,0.82574,1.50,1.00
2016.11.23 11:39:14.140,0.82567,0.82575,1.00,1.00
2016.11.23 11:39:14.666,0.82567,0.82576,1.50,1.87
2016.11.23 11:39:15.712,0.82567,0.82576,1.87,1.12
2016.11.23 11:39:16.325,0.82568,0.82577,1.37,2.25
2016.11.23 11:39:16.857,0.82568,0.82577,1.50,2.25
2016.11.23 11:39:17.165,0.8257,0.82578,1.00,1.00
2016.11.23 11:39:18.035,0.82569,0.82579,1.00,3.37
2016.11.23 11:39:19.324,0.8257,0.82579,1.00,2.62
2016.11.23 11:39:20.710,0.82571,0.82579,1.00,1.00
2016.11.23 11:39:21.224,0.8257,0.82579,1.12,1.50
2016.11.23 11:39:26.596,0.82569,0.82579,1.87,1.87
2016.11.23 11:39:27.101,0.82571,0.8258,1.12,1.50
2016.11.23 11:39:27.629,0.82572,0.82581,1.37,2.62
2016.11.23 11:39:28.062,0.82571,0.82581,1.00,3.37
2016.11.23 11:39:29.715,0.82571,0.8258,1.00,2.25
2016.11.23 11:39:30.242,0.8257,0.82579,1.00,1.12
2016.11.23 11:39:30.704,0.82567,0.82576,2.62,1.00
2016.11.23 11:39:31.057,0.82566,0.82576,1.12,2.25
2016.11.23 11:39:31.158,0.82566,0.82576,1.12,1.87
2016.11.23 11:39:31.697,0.82566,0.82576,1.00,1.87
2016.11.23 11:39:32.252,0.82565,0.82575,1.12,1.87
2016.11.23 11:39:32.890,0.82564,0.82574,1.50,1.50
2016.11.23 11:39:33.445,0.82564,0.82574,1.12,1.87
2016.11.23 11:39:33.968,0.82563,0.82573,1.50,1.87
2016.11.23 11:39:35.953,0.82563,0.82573,1.12,2.25
2016.11.23 11:39:36.474,0.82564,0.82573,1.00,2.25
2016.11.23 11:39:37.376,0.82564,0.82573,1.12,2.25
2016.11.23 11:39:37.729,0.82567,0.82573,1.00,1.00
2016.11.23 11:39:37.780,0.82565,0.82575,2.62,1.12
2016.11.23 11:39:37.831,0.82567,0.82575,1.00,1.37
2016.11.23 11:39:37.982,0.82567,0.82577,1.37,1.87
2016.11.23 11:39:38.956,0.82568,0.82575,1.12,1.00
2016.11.23 11:39:42.122,0.82567,0.82577,1.87,1.87
2016.11.23 11:39:42.640,0.82569,0.82576,1.50,1.00
2016.11.23 11:39:43.580,0.82567,0.82576,1.87,1.00
2016.11.23 11:39:44.162,0.82568,0.82577,1.00,3.75
2016.11.23 11:39:44.681,0.82568,0.82577,1.00,1.87
2016.11.23 11:39:45.258,0.82567,0.82576,1.00,1.50
2016.11.23 11:39:48.348,0.82567,0.82577,1.12,2.25
2016.11.23 11:39:48.601,0.82568,0.82577,1.50,1.00
2016.11.23 11:39:48.702,0.82568,0.82577,1.12,1.00
2016.11.23 11:39:49.430,0.8257,0.82577,1.00,1.50
2016.11.23 11:39:55.511,0.8257,0.82576,1.00,1.00
2016.11.23 11:39:55.965,0.82569,0.82578,1.00,1.87
2016.11.23 11:39:56.470,0.82568,0.82577,1.87,1.00
2016.11.23 11:39:56.975,0.82569,0.82576,1.12,1.00
2016.11.23 11:39:57.523,0.82567,0.82577,1.12,1.12
2016.11.23 11:39:58.160,0.82567,0.82576,1.87,1.00
2016.11.23 11:39:59.988,0.82566,0.82576,2.25,1.87
2016.11.23 11:40:01.314,0.82567,0.82574,1.00,1.00
2016.11.23 11:40:01.933,0.82565,0.82575,1.12,1.87
2016.11.23 11:40:02.477,0.82565,0.82574,1.12,1.50
2016.11.23 11:40:02.987,0.82564,0.82573,1.12,1.00
2016.11.23 11:40:03.503,0.82564,0.82573,1.50,1.00
2016.11.23 11:40:04.013,0.82564,0.82574,1.50,1.50
2016.11.23 11:40:04.570,0.82564,0.82573,1.50,1.00
2016.11.23 11:40:06.641,0.82564,0.82573,1.12,1.87
2016.11.23 11:40:09.978,0.82563,0.82572,1.50,1.00
2016.11.23 11:40:10.521,0.82562,0.82571,1.75,1.00
2016.11.23 11:40:10.676,0.82562,0.82571,1.12,1.50
2016.11.23 11:40:13.050,0.82562,0.8257,1.00,1.12
2016.11.23 11:40:15.768,0.82562,0.82571,1.00,2.25
2016.11.23 11:40:16.074,0.82565,0.82574,1.00,3.37
2016.11.23 11:40:16.767,0.82565,0.82574,1.37,2.25
2016.11.23 11:40:18.609,0.82565,0.82574,1.00,1.12
2016.11.23 11:40:20.749,0.82564,0.82573,1.50,1.50
2016.11.23 11:40:21.263,0.82563,0.82572,1.12,1.00
2016.11.23 11:40:23.178,0.82563,0.82573,1.50,2.25
2016.11.23 11:40:27.526,0.82564,0.82572,1.12,1.00
2016.11.23 11:40:28.740,0.82563,0.82572,4.12,1.50
2016.11.23 11:40:29.251,0.82563,0.82572,1.50,1.00
2016.11.23 11:40:29.796,0.82563,0.82571,1.00,1.00
2016.11.23 11:40:30.326,0.82562,0.82571,1.12,1.00
2016.11.23 11:40:30.865,0.82562,0.82572,1.12,2.62
2016.11.23 11:40:31.237,0.82565,0.82572,1.00,1.87
2016.11.23 11:40:32.457,0.82563,0.82572,2.25,1.50
2016.11.23 11:40:33.004,0.82565,0.82572,1.00,2.25
2016.11.23 11:40:33.408,0.82563,0.82572,1.00,2.25
2016.11.23 11:40:35.918,0.82563,0.8257,1.50,1.00
2016.11.23 11:40:37.470,0.8256,0.82569,4.50,1.00
2016.11.23 11:40:37.773,0.82556,0.82564,3.00,1.00
2016.11.23 11:40:37.925,0.82558,0.82566,1.00,1.50
2016.11.23 11:40:38.314,0.82559,0.82568,1.00,2.62
2016.11.23 11:40:38.516,0.82561,0.82568,1.00,1.00
2016.11.23 11:40:40.380,0.82561,0.8257,1.12,2.62
2016.11.23 11:40:41.009,0.8256,0.82569,1.00,1.87
2016.11.23 11:40:41.313,0.82559,0.82567,1.12,1.12
2016.11.23 11:40:41.865,0.82559,0.82566,1.00,1.00
2016.11.23 11:40:42.657,0.82557,0.82566,3.00,1.00
2016.11.23 11:40:42.960,0.82555,0.82563,1.37,1.00
2016.11.23 11:40:43.061,0.82553,0.82561,1.50,1.50
2016.11.23 11:40:43.644,0.82554,0.82563,1.00,1.12
2016.11.23 11:40:44.794,0.82555,0.82563,1.00,1.00
2016.11.23 11:40:45.373,0.82555,0.82563,1.37,1.00
2016.11.23 11:40:45.474,0.82555,0.82565,1.50,1.50
2016.11.23 11:40:47.949,0.82555,0.82564,2.25,1.00
2016.11.23 11:40:50.126,0.82555,0.82563,1.12,1.00
2016.11.23 11:40:50.176,0.82554,0.82561,2.25,1.00
2016.11.23 11:40:50.610,0.82553,0.82561,1.12,1.12
2016.11.23 11:40:53.506,0.82555,0.82562,1.00,1.37
2016.11.23 11:40:53.809,0.82556,0.82566,1.87,1.87
2016.11.23 11:40:54.358,0.82557,0.82566,2.25,1.50
2016.11.23 11:40:56.794,0.82558,0.82566,1.00,1.00
2016.11.23 11:40:57.355,0.82558,0.82567,1.12,1.00
2016.11.23 11:41:00.173,0.82559,0.82568,1.00,1.50
2016.11.23 11:41:00.677,0.8256,0.82568,1.50,1.00
2016.11.23 11:41:01.201,0.82559,0.82568,3.00,1.00
2016.11.23 11:41:04.012,0.8256,0.82569,1.00,1.87
2016.11.23 11:41:04.520,0.8256,0.8257,3.00,1.00
2016.11.23 11:41:05.184,0.82561,0.82568,1.12,1.00
2016.11.23 11:41:08.712,0.8256,0.82569,1.50,1.00
2016.11.23 11:41:10.004,0.82562,0.82569,1.00,1.50
2016.11.23 11:41:10.308,0.82562,0.82571,1.37,1.12
2016.11.23 11:41:11.451,0.82565,0.82571,1.00,1.12
2016.11.23 11:41:11.503,0.82562,0.82571,2.25,1.87
2016.11.23 11:41:11.797,0.82565,0.82573,1.00,1.00
2016.11.23 11:41:12.916,0.82564,0.82573,1.12,1.00
2016.11.23 11:41:14.935,0.82564,0.82574,2.62,1.50
2016.11.23 11:41:15.450,0.82564,0.82573,1.87,1.50
2016.11.23 11:41:15.752,0.82562,0.82569,1.50,1.00
2016.11.23 11:41:15.931,0.82557,0.82566,2.25,1.50
2016.11.23 11:41:15.982,0.82555,0.82562,3.37,1.00
2016.11.23 11:41:16.034,0.82555,0.82562,1.12,1.00
2016.11.23 11:41:18.476,0.82555,0.82564,1.00,2.25
2016.11.23 11:41:18.977,0.82555,0.82565,1.00,3.37
2016.11.23 11:41:19.481,0.82556,0.82565,1.12,2.25
2016.11.23 11:41:19.633,0.82558,0.82566,1.00,1.50
2016.11.23 11:41:19.784,0.82558,0.82567,1.00,3.37
2016.11.23 11:41:20.287,0.82557,0.82566,1.50,1.00
2016.11.23 11:41:21.462,0.82557,0.82566,1.00,1.50
2016.11.23 11:41:23.073,0.82557,0.82562,1.00,1.00
2016.11.23 11:41:23.305,0.82551,0.82559,2.62,1.00
2016.11.23 11:41:23.407,0.8255,0.82559,1.50,1.00
2016.11.23 11:41:24.828,0.8255,0.8256,1.12,2.62
2016.11.23 11:41:25.230,0.82551,0.82558,1.00,1.00
2016.11.23 11:41:25.567,0.82551,0.8256,1.00,2.25
2016.11.23 11:41:26.077,0.82552,0.8256,1.00,1.50
2016.11.23 11:41:28.443,0.82553,0.8256,1.00,1.00
2016.11.23 11:41:28.646,0.82555,0.82562,1.00,1.50
2016.11.23 11:41:28.848,0.82556,0.82565,1.50,4.50
2016.11.23 11:41:28.949,0.82556,0.82565,1.87,1.50
2016.11.23 11:41:29.461,0.82558,0.82567,1.00,2.25
2016.11.23 11:41:30.054,0.82559,0.82568,1.00,1.87
2016.11.23 11:41:30.597,0.8256,0.82568,1.12,1.00
2016.11.23 11:41:31.128,0.8256,0.82569,1.12,1.12
2016.11.23 11:41:31.770,0.8256,0.8257,1.12,1.87
2016.11.23 11:41:32.273,0.8256,0.82569,1.12,1.00
2016.11.23 11:41:32.889,0.82557,0.82564,3.75,1.00
2016.11.23 11:41:33.041,0.82556,0.82565,1.87,1.12
2016.11.23 11:41:33.243,0.82559,0.82566,1.00,1.50
2016.11.23 11:41:33.445,0.8256,0.8257,2.62,3.00
2016.11.23 11:41:33.496,0.82562,0.8257,1.00,1.50
2016.11.23 11:41:33.749,0.82562,0.82571,1.12,3.00
2016.11.23 11:41:34.092,0.82562,0.82571,1.87,1.00
2016.11.23 11:41:34.597,0.82562,0.82571,2.25,1.50
2016.11.23 11:41:35.115,0.82563,0.82572,1.12,1.50
2016.11.23 11:41:35.693,0.82562,0.82571,3.00,1.00
2016.11.23 11:41:36.724,0.82564,0.82571,1.00,1.00
2016.11.23 11:41:37.299,0.82562,0.82571,2.25,1.00
2016.11.23 11:41:37.895,0.82562,0.82571,1.87,1.00
2016.11.23 11:41:38.210,0.82564,0.82572,1.00,1.00
2016.11.23 11:41:38.512,0.82568,0.82577,1.00,3.75
2016.11.23 11:41:38.563,0.82568,0.82577,1.12,1.50
2016.11.23 11:41:39.378,0.82567,0.82577,1.12,1.12
2016.11.23 11:41:39.892,0.82567,0.82576,1.87,1.50
2016.11.23 11:41:40.739,0.82568,0.82576,1.00,1.00
2016.11.23 11:41:40.891,0.82569,0.82578,1.00,1.00
2016.11.23 11:41:40.992,0.82569,0.82579,1.75,1.12
2016.11.23 11:41:41.542,0.82569,0.82579,1.50,1.87
2016.11.23 11:41:42.071,0.82569,0.82578,1.00,1.00
2016.11.23 11:41:43.023,0.8257,0.82579,1.00,3.00
2016.11.23 11:41:43.381,0.82569,0.82578,1.00,1.87
2016.11.23 11:41:43.983,0.82569,0.82578,1.00,2.62
2016.11.23 11:41:47.699,0.82569,0.82578,1.00,1.37
2016.11.23 11:41:47.851,0.8257,0.82579,1.00,2.62
2016.11.23 11:41:52.859,0.82571,0.8258,1.00,1.87
2016.11.23 11:41:53.011,0.82573,0.82581,1.00,1.75
2016.11.23 11:41:53.112,0.82573,0.82581,1.00,1.12
2016.11.23 11:41:53.660,0.82572,0.82581,3.00,1.00
2016.11.23 11:41:54.208,0.82572,0.82582,1.50,2.62
2016.11.23 11:41:54.749,0.82573,0.82582,1.00,3.37
2016.11.23 11:41:56.141,0.82572,0.82582,1.50,2.62
2016.11.23 11:41:57.008,0.82573,0.82582,1.00,2.62
2016.11.23 11:42:00.882,0.82572,0.82581,1.12,1.00
2016.11.23 11:42:00.933,0.82571,0.82578,1.50,1.00
2016.11.23 11:42:01.186,0.82568,0.82577,2.25,1.00
2016.11.23 11:42:01.556,0.82566,0.82575,2.25,1.00
2016.11.23 11:42:01.810,0.82561,0.8257,1.00,1.87
2016.11.23 11:42:02.354,0.82562,0.8257,1.00,1.00
2016.11.23 11:42:02.922,0.82562,0.82571,1.87,1.87
2016.11.23 11:42:03.587,0.82562,0.82571,1.50,1.50
2016.11.23 11:42:05.696,0.82561,0.82571,1.12,1.87
2016.11.23 11:42:05.898,0.8256,0.8257,1.00,2.25
2016.11.23 11:42:06.322,0.82559,0.82567,1.50,1.00
2016.11.23 11:42:06.625,0.8256,0.82569,1.00,1.87
2016.11.23 11:42:06.676,0.82562,0.8257,1.00,2.25
2016.11.23 11:42:07.156,0.8256,0.82569,1.87,1.50
2016.11.23 11:42:07.358,0.8256,0.82567,1.00,1.00
2016.11.23 11:42:07.894,0.8256,0.82568,1.00,1.87
2016.11.23 11:42:08.424,0.8256,0.82567,1.00,1.00
2016.11.23 11:42:08.854,0.82558,0.82567,1.87,1.87
2016.11.23 11:42:10.107,0.82557,0.82566,1.12,1.37
2016.11.23 11:42:12.796,0.82558,0.82567,1.00,3.00
2016.11.23 11:42:13.346,0.82557,0.82566,1.12,1.87
2016.11.23 11:42:23.049,0.82557,0.82564,1.00,1.12
2016.11.23 11:42:23.302,0.82557,0.82562,1.00,1.00
2016.11.23 11:42:23.430,0.82554,0.82562,1.50,1.12
2016.11.23 11:42:23.636,0.82552,0.82561,1.50,1.50
2016.11.23 11:42:24.628,0.82552,0.82559,1.12,1.00
2016.11.23 11:42:25.133,0.82551,0.82559,1.00,1.37
2016.11.23 11:42:27.547,0.82551,0.82559,1.00,1.00
2016.11.23 11:42:29.996,0.82552,0.8256,1.00,1.87
2016.11.23 11:42:30.561,0.82551,0.8256,1.12,1.50
2016.11.23 11:42:31.087,0.8255,0.82559,1.12,1.50
2016.11.23 11:42:35.398,0.82552,0.82559,1.00,1.87
2016.11.23 11:42:37.063,0.82552,0.8256,1.00,1.87
2016.11.23 11:42:37.663,0.82553,0.82561,1.00,1.87
2016.11.23 11:42:39.148,0.82553,0.82561,1.00,1.50
2016.11.23 11:42:40.248,0.82554,0.82561,1.00,1.50
2016.11.23 11:42:40.773,0.82555,0.82563,1.00,3.00
2016.11.23 11:42:40.913,0.82555,0.82564,1.00,1.12
2016.11.23 11:42:41.603,0.82555,0.82564,1.37,1.00
2016.11.23 11:42:42.127,0.82556,0.82565,1.12,3.00
2016.11.23 11:42:43.132,0.82556,0.82564,1.12,1.00
2016.11.23 11:42:44.418,0.82558,0.82564,1.00,1.00
2016.11.23 11:42:44.672,0.82559,0.82566,1.00,1.12
2016.11.23 11:42:45.418,0.82559,0.82567,1.00,1.50
2016.11.23 11:42:46.214,0.82559,0.82568,1.87,1.12
2016.11.23 11:42:46.800,0.82559,0.82569,1.87,2.25
2016.11.23 11:42:47.340,0.8256,0.82569,1.00,2.25
2016.11.23 11:42:47.841,0.82561,0.82569,1.00,1.50
2016.11.23 11:42:48.205,0.82558,0.82567,4.87,1.50
2016.11.23 11:42:48.458,0.82558,0.82567,1.00,3.00
2016.11.23 11:42:49.030,0.82557,0.82566,1.00,3.37
2016.11.23 11:42:49.567,0.82556,0.82566,1.12,3.37
2016.11.23 11:42:50.524,0.82557,0.82565,1.00,1.00
2016.11.23 11:42:51.533,0.82556,0.82565,1.00,1.12
2016.11.23 11:42:51.735,0.82556,0.82564,1.00,1.50
2016.11.23 11:42:52.259,0.82556,0.82564,1.00,1.12
2016.11.23 11:42:52.764,0.82555,0.82564,1.12,2.25
2016.11.23 11:42:53.580,0.82557,0.82564,1.00,1.87
2016.11.23 11:42:54.123,0.82557,0.82564,1.00,1.50
2016.11.23 11:42:57.145,0.82557,0.82564,1.00,1.50
2016.11.23 11:42:58.654,0.82557,0.82564,1.00,1.12
2016.11.23 11:43:05.108,0.82556,0.82565,1.00,2.25
2016.11.23 11:43:05.260,0.82555,0.82565,1.87,1.50
2016.11.23 11:43:06.136,0.82556,0.82565,1.00,1.87
2016.11.23 11:43:06.530,0.82559,0.82566,1.00,3.75
2016.11.23 11:43:06.682,0.8256,0.82569,1.00,2.25
2016.11.23 11:43:07.198,0.82561,0.8257,1.00,1.87
2016.11.23 11:43:07.768,0.82561,0.8257,1.00,1.87
2016.11.23 11:43:07.869,0.82561,0.8257,1.50,1.50
2016.11.23 11:43:11.990,0.82561,0.8257,1.50,1.12
2016.11.23 11:43:12.749,0.8256,0.8257,2.62,1.37
2016.11.23 11:43:13.830,0.82559,0.82568,1.50,1.00
2016.11.23 11:43:13.881,0.82559,0.82564,1.50,1.00
2016.11.23 11:43:14.083,0.82553,0.82561,1.50,1.50
2016.11.23 11:43:14.386,0.82552,0.82561,1.50,1.37
2016.11.23 11:43:15.034,0.82554,0.82562,1.00,1.75
2016.11.23 11:43:15.185,0.82554,0.82562,1.50,1.12
2016.11.23 11:43:15.574,0.82556,0.82565,1.00,1.87
2016.11.23 11:43:15.736,0.82556,0.82565,2.25,1.50
2016.11.23 11:43:15.837,0.82558,0.82565,1.00,1.00
2016.11.23 11:43:16.371,0.82557,0.82565,1.00,1.00
2016.11.23 11:43:16.775,0.82557,0.82567,1.87,1.50
2016.11.23 11:43:18.318,0.82558,0.82568,1.50,1.50
2016.11.23 11:43:18.419,0.8256,0.82569,1.50,1.87
2016.11.23 11:43:18.722,0.82563,0.8257,1.00,1.00
2016.11.23 11:43:18.823,0.82561,0.8257,1.00,1.12
2016.11.23 11:43:19.175,0.82559,0.82569,2.25,1.87
2016.11.23 11:43:20.029,0.82559,0.82568,1.87,1.00
2016.11.23 11:43:20.729,0.82559,0.82567,1.00,1.00
2016.11.23 11:43:20.982,0.82557,0.82565,3.00,1.00
2016.11.23 11:43:21.285,0.82554,0.82563,1.37,1.37
2016.11.23 11:43:21.906,0.82553,0.82563,1.50,1.87
2016.11.23 11:43:23.783,0.82554,0.82563,1.00,1.50
2016.11.23 11:43:23.935,0.82555,0.82564,1.00,2.25
2016.11.23 11:43:23.986,0.82555,0.82564,1.00,4.12
2016.11.23 11:43:24.087,0.82555,0.82564,1.00,1.50
2016.11.23 11:43:24.678,0.82554,0.82563,1.12,1.50
2016.11.23 11:43:33.203,0.82553,0.82562,2.25,1.00
2016.11.23 11:43:33.732,0.82553,0.82562,2.25,1.00
2016.11.23 11:43:34.292,0.82554,0.82563,1.87,1.50
2016.11.23 11:43:35.902,0.82554,0.82563,1.87,1.00
2016.11.23 11:43:38.487,0.82554,0.82562,1.87,1.00
2016.11.23 11:43:39.255,0.82557,0.82562,1.00,1.00
2016.11.23 11:43:39.490,0.82557,0.82564,1.00,1.00
2016.11.23 11:43:41.036,0.82557,0.82566,1.50,1.50
2016.11.23 11:43:41.187,0.82558,0.82567,1.00,1.50
2016.11.23 11:43:41.442,0.82558,0.82563,1.12,1.00
2016.11.23 11:43:41.543,0.82555,0.82564,1.87,1.50
2016.11.23 11:43:42.089,0.82555,0.82564,1.12,1.00
2016.11.23 11:43:45.791,0.82556,0.82564,1.00,1.00
2016.11.23 11:43:46.312,0.82556,0.82565,1.12,1.87
2016.11.23 11:43:46.922,0.82556,0.82566,1.12,3.00
2016.11.23 11:43:47.329,0.82558,0.82565,1.00,1.00
2016.11.23 11:43:50.275,0.82556,0.82566,1.87,2.62
2016.11.23 11:43:50.797,0.82557,0.82566,1.00,2.62
2016.11.23 11:43:51.077,0.82554,0.82563,1.75,1.00
2016.11.23 11:43:51.178,0.82554,0.82562,1.12,1.00
2016.11.23 11:43:51.797,0.82554,0.82563,1.12,1.00
2016.11.23 11:43:52.049,0.82556,0.82563,1.00,1.00
2016.11.23 11:43:56.618,0.82556,0.82565,1.00,1.50
2016.11.23 11:43:57.145,0.82557,0.82566,1.12,2.62
2016.11.23 11:43:58.629,0.82557,0.82566,1.12,1.50
2016.11.23 11:43:59.176,0.82557,0.82565,1.00,1.12
2016.11.23 11:43:59.294,0.82555,0.82565,1.87,1.12
2016.11.23 11:43:59.843,0.82555,0.82565,1.50,1.50
2016.11.23 11:44:00.389,0.82556,0.82563,1.00,1.12
2016.11.23 11:44:01.171,0.82555,0.82563,1.50,1.12
2016.11.23 11:44:06.424,0.82555,0.82564,1.87,1.12
2016.11.23 11:44:08.539,0.82555,0.82565,2.25,1.50
2016.11.23 11:44:10.335,0.82557,0.82565,1.00,1.00
2016.11.23 11:44:10.666,0.82559,0.82566,1.00,1.12
2016.11.23 11:44:12.326,0.82557,0.82566,2.25,1.00
2016.11.23 11:44:12.876,0.82557,0.82566,1.00,1.50
2016.11.23 11:44:13.401,0.82558,0.82565,1.12,1.00
2016.11.23 11:44:13.838,0.82559,0.82568,1.37,2.62
2016.11.23 11:44:14.526,0.82559,0.82568,1.00,1.87
2016.11.23 11:44:16.150,0.82558,0.82567,1.50,1.12
2016.11.23 11:44:16.660,0.82557,0.82567,1.87,1.87
2016.11.23 11:44:17.065,0.82559,0.82568,1.00,2.25
2016.11.23 11:44:21.178,0.82559,0.82568,1.00,2.25
2016.11.23 11:44:21.755,0.8256,0.82568,1.00,1.00
2016.11.23 11:44:22.108,0.82558,0.82568,1.50,1.50
2016.11.23 11:44:22.563,0.82558,0.82568,1.00,4.50
2016.11.23 11:44:23.081,0.82557,0.82566,3.00,1.00
2016.11.23 11:44:23.594,0.82558,0.82566,1.00,1.00
2016.11.23 11:44:24.132,0.82559,0.82566,1.00,1.50
2016.11.23 11:44:25.060,0.82559,0.82568,1.00,1.50
2016.11.23 11:44:27.085,0.8256,0.82568,1.00,1.00
2016.11.23 11:44:28.229,0.8256,0.82569,1.00,1.12
2016.11.23 11:44:28.924,0.82561,0.8257,1.00,1.50
2016.11.23 11:44:30.188,0.82561,0.8257,1.00,1.50
2016.11.23 11:44:30.720,0.82561,0.82571,1.87,1.50
2016.11.23 11:44:31.234,0.82562,0.82571,1.00,1.50
2016.11.23 11:44:31.748,0.82561,0.82571,1.87,1.50
2016.11.23 11:44:33.164,0.82561,0.8257,1.87,1.00
2016.11.23 11:44:34.903,0.82561,0.8257,1.87,1.37
2016.11.23 11:44:35.422,0.8256,0.82568,1.50,1.00
2016.11.23 11:44:35.523,0.82559,0.82567,1.00,1.00
2016.11.23 11:44:35.713,0.82557,0.82564,2.25,1.00
2016.11.23 11:44:36.218,0.82557,0.82564,1.00,1.12
2016.11.23 11:44:36.600,0.82557,0.82566,1.50,1.12
2016.11.23 11:44:37.465,0.82557,0.82566,1.00,1.50
2016.11.23 11:44:38.026,0.82557,0.82567,1.87,1.87
2016.11.23 11:44:38.694,0.82557,0.82566,1.00,1.50
2016.11.23 11:44:39.203,0.82557,0.82566,1.50,1.12
2016.11.23 11:44:41.085,0.82557,0.82566,2.25,1.00
2016.11.23 11:44:41.778,0.82557,0.82566,2.25,1.12
2016.11.23 11:44:43.025,0.82557,0.82566,2.25,1.50
2016.11.23 11:44:44.176,0.82557,0.82564,1.50,1.00
2016.11.23 11:44:49.534,0.82557,0.82566,1.00,1.12
2016.11.23 11:44:49.841,0.82557,0.82564,1.00,1.00
2016.11.23 11:44:50.346,0.82557,0.82566,1.50,1.87
2016.11.23 11:44:50.565,0.82559,0.82568,1.87,1.12
2016.11.23 11:44:50.716,0.82559,0.82568,2.25,1.00
2016.11.23 11:44:51.221,0.82562,0.82569,1.00,1.00
2016.11.23 11:44:51.423,0.8256,0.82569,1.50,1.00
2016.11.23 11:44:51.982,0.8256,0.82569,1.12,1.37
2016.11.23 11:44:52.333,0.82558,0.82565,3.37,1.00
2016.11.23 11:44:52.434,0.82557,0.82564,1.50,1.00
2016.11.23 11:44:53.014,0.82557,0.82564,1.12,1.00
2016.11.23 11:44:54.677,0.82556,0.82566,1.50,2.25
2016.11.23 11:44:55.196,0.82556,0.82566,1.50,2.25
2016.11.23 11:44:55.705,0.82556,0.82565,1.50,1.00
2016.11.23 11:44:56.222,0.82557,0.82565,1.00,1.00
2016.11.23 11:44:57.639,0.82557,0.82566,1.00,1.50
2016.11.23 11:45:00.078,0.82556,0.82566,1.50,1.50
2016.11.23 11:45:00.286,0.82558,0.82566,1.00,1.50
2016.11.23 11:45:00.812,0.82558,0.82565,1.00,1.00
2016.11.23 11:45:00.863,0.82556,0.82565,1.50,1.00
2016.11.23 11:45:01.368,0.82555,0.82565,1.50,1.50
2016.11.23 11:45:01.469,0.82558,0.82565,1.00,1.00
2016.11.23 11:45:02.032,0.82556,0.82565,1.50,1.00
2016.11.23 11:45:02.588,0.82557,0.82566,1.00,1.50
2016.11.23 11:45:03.334,0.82556,0.82566,1.50,1.50
2016.11.23 11:45:03.837,0.82556,0.82565,1.50,1.00
2016.11.23 11:45:03.888,0.82559,0.82566,1.00,1.00
2016.11.23 11:45:04.241,0.8256,0.82568,1.00,1.00
2016.11.23 11:45:04.771,0.82558,0.82567,1.12,1.12
2016.11.23 11:45:05.353,0.82558,0.82567,1.00,1.50
2016.11.23 11:45:06.034,0.82557,0.82566,1.50,1.12
2016.11.23 11:45:06.572,0.82558,0.82567,1.00,1.50
2016.11.23 11:45:07.207,0.82558,0.82567,1.00,1.12
2016.11.23 11:45:07.853,0.82559,0.82568,1.00,2.25
2016.11.23 11:45:09.834,0.82558,0.82567,1.12,1.00
2016.11.23 11:45:10.341,0.82558,0.82567,1.12,2.25
2016.11.23 11:45:11.280,0.82559,0.82567,1.00,1.50
2016.11.23 11:45:11.332,0.82561,0.82568,1.00,1.75
2016.11.23 11:45:11.483,0.82561,0.82568,1.00,1.12
2016.11.23 11:45:13.199,0.82559,0.82568,1.12,1.00
2016.11.23 11:45:13.703,0.8256,0.82569,1.00,1.87
2016.11.23 11:45:13.754,0.82562,0.82569,1.50,1.12
2016.11.23 11:45:13.889,0.82562,0.82571,1.50,1.87
2016.11.23 11:45:14.550,0.82562,0.8257,1.00,1.00
2016.11.23 11:45:15.506,0.82563,0.8257,1.00,1.12
2016.11.23 11:45:16.083,0.82561,0.8257,1.12,1.12
2016.11.23 11:45:16.862,0.82562,0.8257,1.00,1.12
2016.11.23 11:45:17.385,0.82562,0.82569,1.00,1.00
2016.11.23 11:45:17.892,0.82561,0.8257,1.12,2.25
2016.11.23 11:45:18.432,0.8256,0.82569,1.12,1.37
2016.11.23 11:45:19.663,0.8256,0.82569,1.00,2.25
2016.11.23 11:45:20.328,0.82559,0.82568,1.12,1.50
2016.11.23 11:45:20.921,0.82558,0.82567,1.12,1.00
2016.11.23 11:45:21.682,0.82559,0.82567,1.00,1.00
2016.11.23 11:45:23.145,0.82557,0.82567,2.25,1.00
2016.11.23 11:45:23.431,0.82557,0.82567,2.25,1.50
2016.11.23 11:45:23.481,0.82558,0.82567,1.12,1.12
2016.11.23 11:45:24.099,0.82558,0.82567,1.87,2.25
2016.11.23 11:45:24.732,0.82558,0.82568,1.87,2.62
2016.11.23 11:45:25.828,0.82559,0.82568,1.00,1.87
2016.11.23 11:45:26.353,0.82559,0.82569,1.12,2.62
2016.11.23 11:45:27.444,0.82559,0.82569,1.50,2.62
2016.11.23 11:45:28.584,0.8256,0.82569,1.50,2.62
2016.11.23 11:45:29.509,0.8256,0.82569,1.12,1.50
2016.11.23 11:45:30.067,0.82559,0.82567,1.12,1.00
2016.11.23 11:45:30.605,0.82557,0.82567,2.25,1.87
2016.11.23 11:45:31.119,0.82557,0.82567,1.87,3.00
2016.11.23 11:45:32.144,0.82557,0.82563,1.00,1.00
2016.11.23 11:45:32.295,0.82553,0.82563,1.87,1.50
2016.11.23 11:45:33.061,0.82554,0.82563,1.00,1.50
2016.11.23 11:45:34.696,0.82553,0.82563,1.87,3.00
2016.11.23 11:45:35.300,0.82553,0.82563,1.87,3.00
2016.11.23 11:45:35.732,0.82555,0.82562,1.00,1.00
2016.11.23 11:45:38.983,0.82553,0.82563,1.87,2.25
2016.11.23 11:45:42.141,0.82553,0.82562,1.87,1.00
2016.11.23 11:45:42.806,0.82553,0.82562,1.50,2.25
2016.11.23 11:45:43.524,0.82556,0.82563,1.00,1.87
2016.11.23 11:45:43.654,0.82555,0.82564,1.50,1.37
2016.11.23 11:45:43.708,0.82558,0.82565,1.00,1.00
2016.11.23 11:45:44.219,0.82559,0.82566,1.00,1.00
2016.11.23 11:45:44.560,0.82556,0.82563,1.12,1.50
2016.11.23 11:45:45.535,0.82555,0.82564,1.00,1.12
2016.11.23 11:45:46.061,0.82556,0.82565,1.12,2.62
2016.11.23 11:45:46.568,0.82555,0.82565,2.25,2.62
2016.11.23 11:45:47.853,0.82555,0.82565,1.12,1.87
2016.11.23 11:45:48.055,0.82556,0.82563,1.00,1.00
2016.11.23 11:45:48.717,0.82556,0.82564,1.00,1.00
2016.11.23 11:45:49.240,0.82555,0.82564,1.00,2.62
2016.11.23 11:45:51.288,0.82556,0.82564,1.00,1.12
2016.11.23 11:45:51.591,0.82558,0.82567,1.00,1.37
2016.11.23 11:45:52.186,0.82558,0.82567,1.12,1.50
2016.11.23 11:45:53.229,0.82556,0.82565,1.75,1.50
2016.11.23 11:45:53.483,0.82555,0.82564,1.37,1.00
2016.11.23 11:45:53.985,0.82555,0.82563,1.12,1.00
2016.11.23 11:45:54.353,0.82556,0.82565,1.12,2.25
2016.11.23 11:45:54.858,0.82557,0.82565,1.12,1.50
2016.11.23 11:45:55.338,0.82554,0.82563,3.37,1.50
2016.11.23 11:45:55.440,0.82554,0.82563,1.50,2.25
2016.11.23 11:45:55.945,0.82553,0.82562,2.62,1.00
2016.11.23 11:45:56.148,0.82554,0.82563,1.50,1.00
2016.11.23 11:45:59.519,0.82553,0.82562,3.37,1.00
2016.11.23 11:45:59.670,0.82553,0.82562,2.25,2.25
2016.11.23 11:45:59.771,0.82553,0.8256,1.50,1.00
2016.11.23 11:46:00.202,0.82553,0.82562,1.50,1.12
2016.11.23 11:46:00.253,0.82555,0.82564,1.00,4.12
2016.11.23 11:46:00.355,0.82557,0.82565,1.00,1.50
2016.11.23 11:46:00.557,0.82557,0.82567,1.87,2.62
2016.11.23 11:46:01.066,0.82556,0.82565,2.25,1.00
2016.11.23 11:46:01.332,0.82558,0.82568,1.12,1.87
2016.11.23 11:46:01.865,0.82559,0.82569,1.00,4.12
2016.11.23 11:46:06.521,0.82561,0.82569,1.00,1.87
2016.11.23 11:46:07.131,0.82561,0.82569,1.12,1.87
2016.11.23 11:46:11.472,0.82562,0.82569,1.00,1.12
2016.11.23 11:46:12.085,0.82561,0.8257,1.12,1.87
2016.11.23 11:46:12.632,0.82562,0.8257,1.00,1.87
2016.11.23 11:46:17.446,0.8256,0.8257,1.37,1.87
2016.11.23 11:46:21.072,0.8256,0.8257,1.00,2.62
2016.11.23 11:46:24.040,0.82561,0.8257,1.00,1.50
2016.11.23 11:46:26.060,0.82561,0.82568,1.00,1.00
2016.11.23 11:46:26.447,0.82563,0.82572,1.50,3.00
2016.11.23 11:46:26.498,0.82564,0.82573,1.12,1.12
2016.11.23 11:46:26.600,0.82564,0.82571,1.12,1.00
2016.11.23 11:46:26.903,0.82562,0.82569,1.50,1.00
2016.11.23 11:46:27.156,0.8256,0.82569,1.12,1.00
2016.11.23 11:46:28.226,0.82559,0.82569,1.12,2.62
2016.11.23 11:46:28.478,0.82559,0.82568,1.00,3.00
2016.11.23 11:46:35.830,0.82558,0.82567,1.00,1.50
2016.11.23 11:46:36.344,0.82557,0.82566,1.00,1.12
2016.11.23 11:46:36.647,0.82559,0.82566,1.00,1.00
2016.11.23 11:46:36.698,0.82559,0.82568,1.00,2.25
2016.11.23 11:46:37.202,0.8256,0.82569,1.00,3.37
2016.11.23 11:46:39.611,0.82561,0.82569,1.00,1.87
2016.11.23 11:46:40.111,0.82563,0.82569,1.00,1.37
2016.11.23 11:46:40.213,0.82562,0.82571,1.35,2.25
2016.11.23 11:46:40.264,0.82564,0.82572,1.00,4.12
2016.11.23 11:46:40.516,0.82564,0.82572,1.00,2.25
2016.11.23 11:46:42.658,0.82563,0.82572,1.50,1.87
2016.11.23 11:46:42.709,0.82563,0.82572,1.50,3.75
2016.11.23 11:46:43.300,0.82563,0.82572,1.00,1.12
2016.11.23 11:46:44.916,0.82562,0.82572,1.12,2.62
2016.11.23 11:46:45.800,0.82562,0.8257,1.12,1.00
2016.11.23 11:46:48.256,0.82562,0.82571,1.12,1.00
2016.11.23 11:46:48.826,0.82562,0.82572,1.12,2.62
2016.11.23 11:46:49.342,0.82562,0.82571,1.12,1.00
2016.11.23 11:46:50.858,0.82562,0.82572,1.87,2.62
2016.11.23 11:46:51.728,0.82562,0.82572,1.50,3.00
2016.11.23 11:46:52.762,0.82563,0.82572,1.00,3.00
2016.11.23 11:47:07.270,0.82562,0.82571,1.00,1.12
2016.11.23 11:47:07.874,0.82563,0.82571,1.00,1.00
2016.11.23 11:47:08.384,0.82564,0.82571,1.00,1.00
2016.11.23 11:47:08.549,0.82564,0.82573,1.00,3.00
2016.11.23 11:47:08.661,0.82564,0.82571,1.00,1.00
2016.11.23 11:47:09.222,0.82562,0.82567,1.12,1.00
2016.11.23 11:47:09.374,0.8256,0.82566,1.00,1.00
2016.11.23 11:47:09.577,0.8256,0.82568,1.00,1.00
2016.11.23 11:47:09.881,0.82558,0.82568,2.47,2.25
2016.11.23 11:47:10.214,0.8256,0.82568,1.00,1.12
2016.11.23 11:47:10.519,0.82563,0.8257,1.00,2.25
2016.11.23 11:47:10.919,0.8256,0.82566,1.12,1.00
2016.11.23 11:47:11.172,0.82558,0.82566,1.00,1.00
2016.11.23 11:47:11.274,0.8256,0.82568,1.00,1.50
2016.11.23 11:47:11.640,0.82561,0.82569,1.00,1.00
2016.11.23 11:47:11.821,0.82563,0.82571,1.00,4.12
2016.11.23 11:47:11.872,0.82563,0.82571,1.00,2.25
2016.11.23 11:47:12.430,0.82562,0.8257,1.00,1.00
2016.11.23 11:47:12.582,0.82563,0.82572,1.00,2.25
2016.11.23 11:47:13.087,0.82564,0.82572,1.00,2.25
2016.11.23 11:47:14.328,0.82562,0.82571,2.25,1.00
2016.11.23 11:47:15.399,0.82564,0.82571,1.00,1.50
2016.11.23 11:47:17.285,0.82562,0.82569,1.12,1.00
2016.11.23 11:47:17.476,0.8256,0.82569,1.50,1.12
2016.11.23 11:47:17.994,0.8256,0.82569,1.00,2.25
2016.11.23 11:47:18.620,0.8256,0.82567,1.00,1.00
2016.11.23 11:47:19.143,0.82559,0.82568,1.00,1.12
2016.11.23 11:47:21.820,0.82561,0.82568,1.00,1.12
2016.11.23 11:47:22.215,0.82564,0.82571,1.00,1.50
2016.11.23 11:47:27.396,0.82564,0.82573,1.00,1.12
2016.11.23 11:47:27.897,0.82565,0.82574,1.12,1.50
2016.11.23 11:47:28.977,0.82564,0.82574,1.87,2.25
2016.11.23 11:47:29.512,0.82564,0.82573,1.00,1.12
2016.11.23 11:47:29.613,0.82566,0.82573,1.00,1.87
2016.11.23 11:47:30.018,0.82563,0.82571,4.12,1.00
2016.11.23 11:47:30.271,0.82562,0.82569,1.50,1.50
2016.11.23 11:47:30.372,0.82562,0.82571,1.50,1.50
2016.11.23 11:47:30.914,0.82563,0.82572,1.12,1.00
2016.11.23 11:47:32.233,0.82565,0.82572,1.00,1.00
2016.11.23 11:47:32.334,0.82566,0.82574,1.00,1.87
2016.11.23 11:47:32.894,0.82566,0.82574,1.37,1.00
2016.11.23 11:47:35.173,0.82566,0.82573,1.37,1.00
2016.11.23 11:47:41.022,0.82565,0.82573,2.25,1.00
2016.11.23 11:47:42.750,0.82566,0.82573,1.00,1.00
2016.11.23 11:47:43.828,0.82566,0.82575,1.00,2.25
2016.11.23 11:47:44.131,0.82566,0.82575,1.00,4.12
2016.11.23 11:47:44.270,0.82566,0.82575,1.12,2.25
2016.11.23 11:47:44.775,0.82565,0.82572,1.12,1.00
2016.11.23 11:47:45.357,0.82566,0.82572,1.00,1.00
2016.11.23 11:47:46.895,0.82566,0.82573,1.00,1.87
2016.11.23 11:47:47.399,0.82567,0.82574,1.00,1.00
2016.11.23 11:47:48.045,0.82567,0.82575,1.00,1.00
2016.11.23 11:47:48.560,0.82568,0.82576,1.00,1.00
2016.11.23 11:47:49.114,0.82566,0.82575,1.00,1.12
2016.11.23 11:47:50.496,0.82566,0.82574,1.00,1.00
2016.11.23 11:47:51.619,0.82566,0.82575,1.12,1.00
2016.11.23 11:47:51.922,0.82565,0.82572,1.50,1.00
2016.11.23 11:47:52.421,0.82564,0.82572,1.12,1.50
2016.11.23 11:47:52.472,0.82563,0.8257,1.37,1.00
2016.11.23 11:47:52.725,0.82561,0.8257,1.50,1.87
2016.11.23 11:47:53.226,0.82561,0.82569,1.12,1.00
2016.11.23 11:47:53.429,0.82563,0.8257,1.00,1.00
2016.11.23 11:47:53.946,0.82563,0.82571,1.12,1.12
2016.11.23 11:47:54.249,0.82565,0.82572,1.00,1.50
2016.11.23 11:47:58.066,0.82564,0.82572,1.00,1.12
2016.11.23 11:47:58.568,0.82565,0.82573,1.00,1.37
2016.11.23 11:47:59.073,0.82565,0.82574,1.87,1.37
2016.11.23 11:47:59.654,0.82567,0.82574,1.00,1.37
2016.11.23 11:48:00.306,0.82566,0.82573,1.00,1.12
2016.11.23 11:48:00.900,0.82566,0.82573,1.00,2.25
2016.11.23 11:48:01.449,0.82566,0.82573,1.00,1.87
2016.11.23 11:48:06.231,0.82564,0.82573,2.25,1.12
2016.11.23 11:48:06.639,0.82563,0.82572,1.12,1.50
2016.11.23 11:48:07.149,0.82564,0.82572,1.00,1.12
2016.11.23 11:48:07.973,0.82566,0.82573,1.00,2.62
2016.11.23 11:48:08.477,0.82566,0.82573,1.00,1.50
2016.11.23 11:48:08.629,0.82567,0.82575,1.00,1.50
2016.11.23 11:48:09.502,0.82566,0.82574,1.12,1.87
2016.11.23 11:48:09.653,0.82563,0.82569,2.25,1.00
2016.11.23 11:48:09.704,0.82563,0.82572,2.25,1.87
2016.11.23 11:48:09.755,0.82563,0.82571,1.12,1.87
2016.11.23 11:48:10.260,0.82563,0.82571,1.00,2.62
2016.11.23 11:48:10.840,0.82562,0.82571,1.00,3.37
2016.11.23 11:48:11.717,0.82562,0.82569,1.00,1.00
2016.11.23 11:48:12.172,0.82562,0.82571,1.00,3.00
2016.11.23 11:48:12.929,0.82562,0.82571,1.00,3.37
2016.11.23 11:48:16.999,0.82563,0.8257,1.00,1.00
2016.11.23 11:48:17.151,0.82563,0.82572,1.00,3.37
2016.11.23 11:48:17.783,0.82564,0.82572,1.00,1.12
2016.11.23 11:48:21.039,0.82563,0.82572,1.00,1.50
2016.11.23 11:48:21.567,0.82564,0.82572,1.00,1.00
2016.11.23 11:48:22.107,0.82565,0.82572,1.00,1.00
2016.11.23 11:48:22.208,0.82565,0.82574,1.37,2.25
2016.11.23 11:48:23.180,0.82564,0.82573,2.25,2.25
2016.11.23 11:48:23.290,0.82564,0.82573,1.00,2.62
2016.11.23 11:48:23.598,0.82564,0.82571,1.00,1.00
2016.11.23 11:48:24.779,0.82564,0.82573,1.00,3.00
2016.11.23 11:48:25.271,0.82563,0.82572,1.12,1.50
2016.11.23 11:48:25.914,0.82563,0.82572,1.12,1.00
2016.11.23 11:48:26.959,0.82567,0.82573,1.00,1.12
2016.11.23 11:48:27.010,0.82565,0.82574,1.00,3.37
2016.11.23 11:48:27.162,0.82566,0.82575,1.00,1.50
2016.11.23 11:48:27.736,0.82566,0.82575,1.12,2.25
2016.11.23 11:48:27.837,0.82566,0.82575,1.12,1.12
2016.11.23 11:48:27.989,0.82567,0.82575,1.00,4.87
2016.11.23 11:48:28.494,0.82566,0.82573,1.00,1.00
2016.11.23 11:48:30.049,0.82566,0.82574,1.00,1.12
2016.11.23 11:48:30.354,0.82564,0.82573,2.25,2.25
2016.11.23 11:48:30.860,0.82563,0.82571,1.12,1.12
2016.11.23 11:48:32.303,0.82563,0.82572,1.12,2.25
2016.11.23 11:48:32.712,0.82563,0.8257,1.00,1.00
2016.11.23 11:48:33.309,0.82563,0.82571,1.00,1.87
2016.11.23 11:48:33.612,0.82565,0.82572,1.00,1.00
2016.11.23 11:48:34.112,0.82565,0.82574,1.00,3.00
2016.11.23 11:48:34.383,0.82565,0.82572,1.00,1.00
2016.11.23 11:48:36.285,0.82565,0.82574,1.00,2.62
2016.11.23 11:48:37.201,0.82565,0.82573,1.00,1.87
2016.11.23 11:48:37.403,0.82563,0.82572,1.00,1.00
2016.11.23 11:48:37.504,0.82566,0.82573,1.00,1.50
2016.11.23 11:48:37.757,0.82564,0.82573,1.12,2.25
2016.11.23 11:48:37.971,0.82564,0.82573,1.00,4.87
2016.11.23 11:48:38.488,0.82563,0.82571,1.00,1.50
2016.11.23 11:48:39.029,0.82562,0.8257,1.00,1.00
2016.11.23 11:48:39.382,0.82564,0.8257,1.00,1.00
2016.11.23 11:48:39.992,0.82564,0.82571,1.00,2.25
2016.11.23 11:48:40.349,0.82562,0.82571,2.25,2.25
2016.11.23 11:48:40.949,0.82562,0.82571,1.50,3.00
2016.11.23 11:48:41.487,0.82561,0.8257,1.00,5.25
2016.11.23 11:48:41.779,0.82563,0.8257,1.00,3.37
2016.11.23 11:48:41.931,0.82563,0.82571,1.12,1.87
2016.11.23 11:48:42.234,0.82561,0.8257,1.12,2.62
2016.11.23 11:48:43.602,0.82561,0.82568,1.00,2.25
2016.11.23 11:48:44.260,0.82562,0.8257,1.00,2.62
2016.11.23 11:48:44.455,0.82562,0.82571,1.12,2.25
2016.11.23 11:48:47.509,0.82561,0.82569,1.12,1.00
2016.11.23 11:48:48.064,0.82561,0.8257,1.00,3.75
2016.11.23 11:48:48.382,0.82565,0.82572,1.00,1.12
2016.11.23 11:48:48.433,0.82565,0.82574,1.00,3.37
2016.11.23 11:48:48.946,0.82563,0.82572,1.37,3.00
2016.11.23 11:48:49.451,0.82563,0.82572,1.12,3.00
2016.11.23 11:48:50.349,0.82563,0.8257,1.12,1.00
2016.11.23 11:48:50.533,0.82561,0.8257,1.12,1.50
2016.11.23 11:48:51.079,0.82562,0.8257,1.00,1.00
2016.11.23 11:48:51.533,0.82563,0.82572,1.00,3.00
2016.11.23 11:48:52.202,0.82561,0.8257,1.50,1.50
2016.11.23 11:48:52.707,0.82561,0.82569,1.00,1.12
2016.11.23 11:48:53.249,0.82562,0.8257,1.00,1.87
2016.11.23 11:48:54.367,0.82561,0.8257,1.50,2.62
2016.11.23 11:48:55.027,0.82563,0.8257,1.00,2.62
2016.11.23 11:48:55.538,0.82563,0.82572,1.12,3.00
2016.11.23 11:48:56.499,0.82563,0.8257,1.12,1.00
2016.11.23 11:48:56.650,0.82561,0.8257,1.50,1.50
2016.11.23 11:48:56.802,0.82563,0.8257,1.00,1.50
2016.11.23 11:48:57.312,0.82561,0.8257,1.37,2.25
2016.11.23 11:48:57.844,0.82561,0.82569,1.00,1.00
2016.11.23 11:48:58.390,0.82562,0.8257,1.00,1.50
2016.11.23 11:48:58.928,0.82561,0.82568,1.00,1.00
2016.11.23 11:49:00.599,0.82559,0.82566,2.62,1.00
2016.11.23 11:49:00.751,0.82555,0.82564,1.87,1.00
2016.11.23 11:49:00.802,0.82558,0.82565,1.00,1.00
2016.11.23 11:49:01.054,0.82558,0.82567,1.00,2.25
2016.11.23 11:49:01.105,0.8256,0.82567,1.00,1.87
2016.11.23 11:49:05.367,0.8256,0.82568,1.12,1.87
2016.11.23 11:49:05.669,0.82562,0.8257,1.00,2.25
2016.11.23 11:49:06.661,0.82561,0.82568,1.12,1.00
2016.11.23 11:49:07.530,0.82561,0.82569,1.00,1.50
2016.11.23 11:49:08.054,0.8256,0.82569,1.00,2.62
2016.11.23 11:49:08.597,0.82561,0.82569,1.00,1.87
2016.11.23 11:49:08.901,0.82563,0.8257,1.00,1.37
2016.11.23 11:49:09.053,0.82563,0.82571,1.12,1.12
2016.11.23 11:49:09.588,0.82562,0.8257,1.12,1.12
2016.11.23 11:49:10.120,0.82563,0.8257,1.00,1.87
2016.11.23 11:49:10.875,0.82561,0.8257,1.00,1.87
2016.11.23 11:49:12.331,0.82561,0.82569,1.00,1.50
2016.11.23 11:49:12.841,0.82561,0.82568,1.00,1.00
2016.11.23 11:49:13.442,0.82561,0.82569,1.12,1.50
2016.11.23 11:49:13.493,0.82562,0.8257,1.50,1.50
2016.11.23 11:49:14.925,0.82563,0.8257,1.50,1.00
2016.11.23 11:49:15.279,0.82562,0.8257,1.00,1.00
2016.11.23 11:49:15.826,0.82561,0.82569,1.12,1.00
2016.11.23 11:49:20.527,0.82562,0.82569,1.00,1.12
2016.11.23 11:49:21.528,0.82561,0.82569,1.00,1.12
2016.11.23 11:49:22.065,0.82561,0.82567,1.00,1.00
2016.11.23 11:49:22.241,0.82561,0.82569,1.00,1.87
2016.11.23 11:49:26.886,0.8256,0.82569,1.00,1.87
2016.11.23 11:49:27.494,0.8256,0.82568,1.00,1.00
2016.11.23 11:49:29.576,0.8256,0.82569,1.00,2.62
2016.11.23 11:49:31.075,0.8256,0.82568,1.00,1.00
2016.11.23 11:49:31.697,0.82561,0.82568,1.00,1.00
2016.11.23 11:49:32.726,0.8256,0.82568,1.00,1.00
2016.11.23 11:49:36.056,0.8256,0.82569,1.00,1.87
2016.11.23 11:49:38.337,0.8256,0.82569,3.00,1.87
2016.11.23 11:49:40.153,0.8256,0.82569,1.12,1.87
2016.11.23 11:49:44.155,0.82561,0.82569,1.00,1.37
2016.11.23 11:49:51.165,0.8256,0.82569,1.12,1.87
2016.11.23 11:49:51.746,0.82561,0.82569,1.00,1.87
2016.11.23 11:49:52.982,0.8256,0.82569,1.87,2.25
2016.11.23 11:49:54.129,0.8256,0.82568,1.00,1.00
2016.11.23 11:49:54.642,0.8256,0.82567,1.00,1.00
2016.11.23 11:49:55.861,0.8256,0.82568,1.00,1.00
2016.11.23 11:49:56.461,0.8256,0.82569,1.37,2.25
2016.11.23 11:49:57.399,0.8256,0.82569,1.00,3.00
2016.11.23 11:49:57.724,0.8256,0.82567,1.00,1.50
2016.11.23 11:49:58.188,0.82558,0.82566,1.00,1.87
2016.11.23 11:49:58.970,0.82558,0.82565,1.00,1.00
2016.11.23 11:50:00.057,0.82558,0.82566,1.00,1.87
2016.11.23 11:50:00.971,0.82558,0.82565,1.00,1.00
2016.11.23 11:50:01.518,0.82558,0.82566,1.37,1.12
2016.11.23 11:50:02.100,0.82557,0.82566,1.12,1.50
2016.11.23 11:50:02.652,0.82557,0.82566,1.37,1.12
2016.11.23 11:50:06.268,0.82558,0.82565,1.12,1.00
2016.11.23 11:50:10.173,0.82556,0.82565,1.12,1.50
2016.11.23 11:50:10.325,0.82556,0.82564,4.87,1.00
2016.11.23 11:50:10.527,0.82556,0.82563,1.12,1.00
2016.11.23 11:50:12.174,0.82556,0.82562,1.12,1.00
2016.11.23 11:50:13.151,0.82556,0.82563,1.12,1.00
2016.11.23 11:50:13.370,0.82556,0.82561,1.12,1.00
2016.11.23 11:50:13.591,0.82556,0.82563,1.12,1.00
2016.11.23 11:50:15.955,0.82555,0.82564,1.50,1.87
2016.11.23 11:50:21.402,0.82556,0.82563,1.12,1.00
2016.11.23 11:50:21.949,0.82557,0.82563,1.00,1.00
2016.11.23 11:50:23.053,0.82556,0.82563,1.12,1.00
2016.11.23 11:50:24.577,0.82557,0.82563,1.00,1.00
2016.11.23 11:50:36.008,0.82557,0.82564,1.00,1.50
2016.11.23 11:50:36.775,0.82557,0.82565,1.12,1.00
2016.11.23 11:50:37.304,0.82557,0.82564,1.12,1.00
2016.11.23 11:50:37.829,0.82557,0.82565,1.12,1.00
2016.11.23 11:50:38.456,0.82561,0.82565,1.00,1.00
2016.11.23 11:50:38.507,0.82562,0.82567,1.00,1.12
2016.11.23 11:50:38.558,0.82563,0.82567,1.00,1.00
2016.11.23 11:50:38.710,0.82569,0.82573,1.00,3.00
2016.11.23 11:50:38.844,0.82569,0.82576,1.00,1.50
2016.11.23 11:50:39.351,0.82569,0.82576,1.00,1.00
2016.11.23 11:50:40.925,0.82569,0.82577,1.00,1.00
2016.11.23 11:50:40.976,0.82571,0.82577,1.00,1.00
2016.11.23 11:50:41.840,0.82569,0.82577,1.00,1.00
2016.11.23 11:50:43.439,0.82569,0.82577,1.00,1.37
2016.11.23 11:50:43.941,0.82568,0.82576,1.12,1.12
2016.11.23 11:50:44.494,0.82569,0.82577,1.00,1.50
2016.11.23 11:50:45.025,0.8257,0.82577,1.00,1.00
2016.11.23 11:50:45.737,0.82571,0.82577,1.00,1.00
2016.11.23 11:50:46.290,0.82571,0.82578,1.00,1.00
2016.11.23 11:50:46.737,0.82569,0.82575,3.37,1.00
2016.11.23 11:50:46.839,0.82566,0.82574,1.87,1.12
2016.11.23 11:50:47.091,0.82568,0.82572,1.00,1.00
2016.11.23 11:50:47.330,0.82568,0.82574,1.00,1.00
2016.11.23 11:50:47.839,0.82568,0.82573,1.00,1.00
2016.11.23 11:50:47.957,0.82566,0.82573,1.00,1.00
2016.11.23 11:50:48.560,0.82566,0.82574,1.00,1.00
2016.11.23 11:50:49.129,0.82566,0.82573,1.00,1.00
2016.11.23 11:50:49.641,0.82567,0.82574,1.00,1.12
2016.11.23 11:50:50.227,0.82567,0.82572,1.00,1.00
2016.11.23 11:50:50.391,0.82566,0.82574,1.00,1.00
2016.11.23 11:50:52.028,0.82565,0.82574,1.12,1.50
2016.11.23 11:50:52.522,0.82568,0.82574,1.00,3.75
2016.11.23 11:50:52.871,0.82571,0.82579,1.00,1.00
2016.11.23 11:50:53.861,0.8257,0.82579,1.12,1.50
2016.11.23 11:50:54.443,0.82568,0.82576,1.87,1.50
2016.11.23 11:50:54.595,0.82566,0.82572,1.00,1.00
2016.11.23 11:50:54.646,0.82566,0.82575,1.00,1.50
2016.11.23 11:50:55.207,0.82566,0.82575,1.50,1.50
2016.11.23 11:50:55.461,0.82568,0.82577,1.00,1.50
2016.11.23 11:50:55.968,0.82569,0.82578,1.12,1.12
2016.11.23 11:50:56.518,0.8257,0.82577,1.00,1.50
2016.11.23 11:50:57.025,0.82569,0.82577,1.00,2.62
2016.11.23 11:50:57.564,0.8257,0.82577,1.00,1.12
2016.11.23 11:50:58.371,0.82568,0.82577,1.50,1.12
2016.11.23 11:50:59.166,0.8257,0.82578,1.00,1.87
2016.11.23 11:51:01.184,0.82569,0.82578,1.12,1.87
2016.11.23 11:51:01.863,0.82569,0.82578,1.12,1.12
2016.11.23 11:51:02.380,0.8257,0.82579,1.12,2.62
2016.11.23 11:51:02.939,0.8257,0.82579,1.12,1.00
2016.11.23 11:51:04.128,0.82571,0.8258,1.00,2.25
2016.11.23 11:51:04.680,0.82572,0.82581,1.50,3.37
2016.11.23 11:51:05.210,0.82571,0.82579,1.12,1.00
2016.11.23 11:51:06.227,0.82572,0.82579,1.00,1.87
2016.11.23 11:51:11.474,0.82573,0.82579,1.00,1.00
2016.11.23 11:51:11.981,0.82573,0.8258,1.00,1.00
2016.11.23 11:51:12.568,0.82571,0.8258,1.12,1.00
2016.11.23 11:51:13.103,0.82571,0.82579,1.00,1.00
2016.11.23 11:51:13.613,0.82571,0.8258,1.50,1.87
2016.11.23 11:51:16.722,0.82571,0.82578,1.50,1.00
2016.11.23 11:51:17.899,0.82572,0.82578,1.00,1.50
2016.11.23 11:51:18.109,0.8257,0.82579,1.12,1.00
2016.11.23 11:51:18.613,0.8257,0.82578,1.12,1.00
2016.11.23 11:51:19.118,0.8257,0.82579,1.00,2.62
2016.11.23 11:51:19.637,0.8257,0.82578,1.00,1.00
2016.11.23 11:51:20.800,0.82571,0.82578,1.00,1.00
2016.11.23 11:51:21.343,0.82571,0.82579,1.00,1.00
2016.11.23 11:51:21.395,0.82572,0.82581,1.00,2.62
2016.11.23 11:51:21.445,0.82575,0.82581,1.00,1.50
2016.11.23 11:51:21.988,0.82574,0.82582,1.00,1.12
2016.11.23 11:51:22.670,0.82575,0.82583,1.00,1.37
2016.11.23 11:51:23.434,0.82575,0.82584,1.00,1.87
2016.11.23 11:51:25.328,0.82577,0.82584,1.00,2.25
2016.11.23 11:51:25.632,0.82575,0.82583,1.00,1.00
2016.11.23 11:51:26.138,0.82576,0.82585,1.00,2.25
2016.11.23 11:51:26.292,0.82576,0.82584,1.00,1.37
2016.11.23 11:51:26.907,0.82575,0.82584,1.87,1.87
2016.11.23 11:51:27.430,0.82575,0.82584,1.12,1.50
2016.11.23 11:51:28.708,0.82575,0.82584,1.87,1.87
2016.11.23 11:51:30.704,0.82576,0.82584,1.12,1.00
2016.11.23 11:51:31.244,0.82576,0.82585,1.12,1.50
2016.11.23 11:51:31.970,0.82577,0.82585,1.00,1.00
2016.11.23 11:51:32.621,0.82577,0.82586,1.00,1.87
2016.11.23 11:51:33.591,0.82578,0.82587,1.00,3.00
2016.11.23 11:51:34.239,0.82578,0.82586,1.00,1.50
2016.11.23 11:51:35.491,0.82579,0.82586,1.00,1.50
2016.11.23 11:51:35.953,0.82577,0.82585,1.50,1.37
2016.11.23 11:51:36.156,0.82574,0.82583,1.12,1.50
2016.11.23 11:51:36.667,0.82575,0.82584,1.00,2.25
2016.11.23 11:51:37.226,0.82575,0.82583,1.00,1.00
2016.11.23 11:51:38.717,0.82575,0.82583,1.37,1.00
2016.11.23 11:51:39.240,0.82575,0.82584,1.12,2.25
2016.11.23 11:51:39.748,0.82575,0.82582,1.00,1.00
2016.11.23 11:51:41.814,0.82573,0.82582,2.25,1.00
2016.11.23 11:51:42.320,0.82572,0.82581,1.50,1.87
2016.11.23 11:51:42.774,0.82574,0.82583,1.12,1.00
2016.11.23 11:51:43.389,0.82575,0.82584,1.00,2.62
2016.11.23 11:51:43.911,0.82576,0.82584,1.12,1.00
2016.11.23 11:51:46.656,0.82577,0.82584,1.00,1.00
2016.11.23 11:51:49.271,0.82576,0.82585,1.12,2.25
2016.11.23 11:51:52.149,0.82575,0.82584,1.37,1.12
2016.11.23 11:51:52.625,0.82575,0.82582,1.12,1.00
2016.11.23 11:51:54.428,0.82575,0.82583,1.00,1.00
2016.11.23 11:51:54.950,0.82575,0.82584,1.00,2.62
2016.11.23 11:51:55.641,0.82575,0.82582,1.00,1.00
2016.11.23 11:51:55.793,0.82573,0.82582,1.00,1.87
2016.11.23 11:51:55.844,0.82577,0.82582,1.00,1.37
2016.11.23 11:51:55.996,0.82578,0.82587,1.50,1.12
2016.11.23 11:51:57.495,0.82578,0.82587,2.25,1.87
2016.11.23 11:51:58.000,0.82578,0.82586,1.12,1.12
2016.11.23 11:51:58.613,0.82578,0.82587,1.50,1.00
2016.11.23 11:52:00.736,0.8258,0.82587,1.00,1.00
2016.11.23 11:52:01.039,0.82583,0.82591,1.00,4.87
2016.11.23 11:52:01.169,0.82583,0.82591,1.12,1.12
2016.11.23 11:52:02.632,0.82584,0.82593,1.00,4.87
2016.11.23 11:52:02.683,0.82584,0.82593,1.00,1.12
2016.11.23 11:52:03.863,0.82584,0.82593,1.00,1.37
2016.11.23 11:52:05.467,0.82583,0.82592,1.87,1.12
2016.11.23 11:52:05.971,0.82583,0.82592,1.50,1.50
2016.11.23 11:52:06.492,0.82583,0.82592,1.50,1.12
2016.11.23 11:52:06.997,0.82584,0.82593,1.00,1.50
2016.11.23 11:52:07.502,0.82586,0.82594,1.00,1.12
2016.11.23 11:52:07.910,0.82587,0.82596,1.00,1.12
2016.11.23 11:52:09.186,0.82587,0.82595,1.00,1.00
2016.11.23 11:52:09.755,0.82587,0.82596,1.00,1.87
2016.11.23 11:52:11.008,0.82588,0.82596,1.00,1.12
2016.11.23 11:52:11.963,0.82588,0.82597,1.50,1.87
2016.11.23 11:52:12.759,0.8259,0.82597,1.00,1.12
2016.11.23 11:52:13.304,0.8259,0.82598,1.00,1.00
2016.11.23 11:52:13.852,0.8259,0.82599,1.00,1.12
2016.11.23 11:52:15.106,0.8259,0.82599,1.00,2.25
2016.11.23 11:52:15.647,0.82589,0.82598,1.00,1.12
2016.11.23 11:52:16.681,0.82589,0.82598,1.00,1.37
2016.11.23 11:52:17.694,0.8259,0.82598,1.00,1.12
2016.11.23 11:52:18.224,0.82588,0.82595,1.12,1.00
2016.11.23 11:52:19.761,0.82588,0.82597,1.00,1.87
2016.11.23 11:52:20.178,0.82587,0.82595,1.87,1.00
2016.11.23 11:52:22.317,0.82587,0.82596,1.00,2.25
2016.11.23 11:52:22.745,0.82585,0.82594,1.00,1.50
2016.11.23 11:52:23.658,0.82586,0.82594,1.00,1.12
2016.11.23 11:52:25.025,0.82584,0.82593,1.87,1.00
2016.11.23 11:52:25.804,0.82583,0.82592,1.12,1.00
2016.11.23 11:52:28.942,0.82582,0.82591,1.37,1.00
2016.11.23 11:52:29.211,0.82581,0.8259,1.12,1.50
2016.11.23 11:52:30.864,0.82582,0.8259,1.00,1.00
2016.11.23 11:52:31.112,0.82585,0.82592,1.00,1.12
2016.11.23 11:52:32.845,0.82583,0.82592,2.25,1.50
2016.11.23 11:52:33.463,0.82583,0.82591,1.00,1.12
2016.11.23 11:52:35.230,0.82583,0.82592,1.00,5.25
2016.11.23 11:52:35.629,0.82583,0.82592,1.00,2.62
2016.11.23 11:52:36.586,0.82582,0.82591,1.12,1.00
2016.11.23 11:52:38.465,0.82581,0.8259,1.50,1.00
2016.11.23 11:52:38.824,0.82583,0.82592,1.00,1.50
2016.11.23 11:52:39.010,0.82586,0.82593,1.00,1.12
2016.11.23 11:52:39.365,0.82586,0.82595,1.00,1.12
2016.11.23 11:52:39.888,0.82587,0.82596,1.12,3.75
2016.11.23 11:52:41.436,0.82588,0.82596,1.00,2.25
2016.11.23 11:52:41.952,0.82585,0.82593,3.37,1.00
2016.11.23 11:52:42.053,0.82585,0.82593,1.12,1.00
2016.11.23 11:52:43.085,0.82586,0.82593,1.00,1.00
2016.11.23 11:52:43.748,0.82586,0.82594,1.00,1.12
2016.11.23 11:52:46.440,0.82586,0.82592,1.00,1.00
2016.11.23 11:52:46.996,0.82585,0.82592,1.00,1.00
2016.11.23 11:52:47.506,0.82585,0.82593,1.00,1.12
2016.11.23 11:52:48.670,0.82585,0.82592,1.00,1.00
2016.11.23 11:52:49.244,0.82585,0.82591,1.00,1.00
2016.11.23 11:52:49.908,0.82584,0.82592,1.00,1.00
2016.11.23 11:52:50.212,0.82583,0.82589,3.00,1.00
2016.11.23 11:52:50.262,0.82583,0.82591,1.00,2.62
2016.11.23 11:52:50.464,0.82583,0.82589,1.00,1.00
2016.11.23 11:52:50.767,0.82585,0.8259,1.00,1.00
2016.11.23 11:52:51.154,0.82587,0.82594,1.00,3.00
2016.11.23 11:52:51.256,0.82587,0.82595,1.00,1.87
2016.11.23 11:52:51.805,0.82586,0.82594,1.00,1.00
2016.11.23 11:52:52.338,0.82586,0.82595,1.12,2.25
2016.11.23 11:52:52.941,0.82586,0.82594,1.12,1.00
2016.11.23 11:52:53.490,0.82586,0.82595,1.12,2.25
2016.11.23 11:52:54.016,0.82586,0.82593,1.87,1.00
2016.11.23 11:52:54.986,0.82585,0.82595,1.12,2.62
2016.11.23 11:52:55.809,0.82586,0.82595,1.00,2.62
2016.11.23 11:52:56.214,0.82586,0.82595,1.00,4.50
2016.11.23 11:52:56.315,0.82586,0.82595,1.00,2.62
2016.11.23 11:52:58.719,0.82587,0.82596,1.00,3.37
2016.11.23 11:52:59.484,0.82587,0.82596,1.00,2.25
2016.11.23 11:53:00.368,0.82588,0.82596,1.00,1.00
2016.11.23 11:53:00.828,0.82588,0.82595,1.00,1.37
2016.11.23 11:53:00.879,0.82585,0.82594,2.62,1.12
2016.11.23 11:53:01.402,0.82585,0.82594,1.50,1.50
2016.11.23 11:53:01.852,0.82587,0.82595,1.00,1.87
2016.11.23 11:53:02.371,0.82586,0.82595,1.12,1.37
2016.11.23 11:53:03.064,0.82585,0.82593,2.25,1.00
2016.11.23 11:53:03.216,0.82584,0.82593,1.12,1.00
2016.11.23 11:53:03.553,0.82586,0.82594,1.00,1.00
2016.11.23 11:53:04.829,0.82585,0.82594,1.50,2.25
2016.11.23 11:53:06.438,0.82585,0.82594,1.00,1.87
2016.11.23 11:53:07.003,0.82584,0.82593,1.12,1.00
2016.11.23 11:53:07.929,0.82586,0.82593,1.00,1.50
2016.11.23 11:53:09.400,0.82587,0.82594,1.00,2.25
2016.11.23 11:53:09.553,0.82587,0.82595,1.00,1.87
2016.11.23 11:53:10.531,0.82586,0.82595,1.00,2.25
2016.11.23 11:53:11.392,0.82586,0.82594,1.50,1.00
2016.11.23 11:53:11.906,0.82589,0.82595,1.00,1.87
2016.11.23 11:53:12.159,0.82592,0.82599,1.00,1.87
2016.11.23 11:53:12.710,0.82591,0.82598,1.00,1.00
2016.11.23 11:53:13.267,0.82591,0.82599,1.00,1.87
2016.11.23 11:53:13.318,0.8259,0.82597,1.00,1.00
2016.11.23 11:53:13.924,0.82589,0.82597,1.87,1.00
2016.11.23 11:53:14.540,0.82589,0.82598,1.87,1.00
2016.11.23 11:53:15.101,0.8259,0.82597,1.00,1.00
2016.11.23 11:53:15.555,0.8259,0.82599,1.50,1.12
2016.11.23 11:53:16.072,0.8259,0.82599,1.87,1.12
2016.11.23 11:53:21.143,0.82592,0.82599,1.00,1.12
2016.11.23 11:53:21.762,0.82591,0.82599,1.12,1.12
2016.11.23 11:53:22.103,0.8259,0.82596,1.37,1.50
2016.11.23 11:53:22.204,0.82589,0.82596,1.12,1.00
2016.11.23 11:53:22.681,0.82588,0.82595,1.00,1.37
2016.11.23 11:53:23.186,0.82588,0.82595,1.00,1.87
2016.11.23 11:53:25.620,0.82588,0.82594,1.00,1.00
2016.11.23 11:53:25.771,0.82586,0.82594,1.50,1.12
2016.11.23 11:53:26.488,0.82589,0.82595,1.00,1.50
2016.11.23 11:53:27.264,0.82587,0.82594,1.00,1.00
2016.11.23 11:53:27.417,0.82585,0.82592,2.25,1.50
2016.11.23 11:53:27.921,0.82585,0.82592,1.00,1.00
2016.11.23 11:53:28.415,0.82583,0.82592,1.12,1.00
2016.11.23 11:53:29.406,0.82584,0.82593,1.00,3.00
2016.11.23 11:53:29.643,0.82586,0.82593,1.00,1.50
2016.11.23 11:53:29.981,0.82593,0.82598,1.00,1.50
2016.11.23 11:53:30.133,0.82591,0.82599,1.00,1.12
2016.11.23 11:53:30.587,0.82588,0.82598,3.00,1.00
2016.11.23 11:53:31.097,0.82588,0.82597,1.12,1.00
2016.11.23 11:53:31.601,0.82587,0.82597,1.50,1.37
2016.11.23 11:53:32.045,0.8259,0.82597,1.00,1.50
2016.11.23 11:53:32.096,0.82588,0.82597,1.00,1.50
2016.11.23 11:53:32.197,0.82588,0.82598,1.12,2.62
2016.11.23 11:53:32.703,0.82588,0.82597,1.12,1.00
2016.11.23 11:53:33.249,0.82589,0.82596,1.00,1.00
2016.11.23 11:53:33.350,0.8259,0.82598,1.00,1.12
2016.11.23 11:53:34.299,0.82589,0.82598,1.00,1.12
2016.11.23 11:53:34.691,0.82591,0.82598,1.00,1.12
2016.11.23 11:53:35.196,0.8259,0.82598,1.00,1.12
2016.11.23 11:53:36.718,0.82589,0.82598,1.00,1.12
2016.11.23 11:53:37.256,0.82589,0.82597,1.00,1.00
2016.11.23 11:53:37.768,0.82589,0.82596,1.00,1.00
2016.11.23 11:53:38.223,0.8259,0.82598,1.00,1.00
2016.11.23 11:53:38.324,0.8259,0.82599,3.37,1.00
2016.11.23 11:53:39.043,0.8259,0.82598,3.37,1.00
2016.11.23 11:53:39.398,0.82592,0.826,1.00,2.25
2016.11.23 11:53:39.449,0.8259,0.82597,1.50,1.00
2016.11.23 11:53:39.550,0.8259,0.82599,3.37,1.50
2016.11.23 11:53:39.701,0.8259,0.82599,1.00,1.12
2016.11.23 11:53:40.244,0.8259,0.82599,1.50,1.87
2016.11.23 11:53:41.079,0.82589,0.82597,3.37,1.00
2016.11.23 11:53:41.599,0.8259,0.82598,1.12,1.87
2016.11.23 11:53:42.153,0.82591,0.82599,1.12,1.00
2016.11.23 11:53:42.702,0.82591,0.82598,1.00,1.00
2016.11.23 11:53:43.133,0.82591,0.826,1.00,2.62
2016.11.23 11:53:43.857,0.82591,0.826,1.00,2.62
2016.11.23 11:53:44.951,0.82592,0.826,1.00,2.25
2016.11.23 11:53:45.492,0.82592,0.826,1.00,1.87
2016.11.23 11:53:46.708,0.82592,0.82599,1.50,1.00
2016.11.23 11:53:46.910,0.82592,0.82596,1.00,1.00
2016.11.23 11:53:46.961,0.82588,0.82596,4.12,1.00
2016.11.23 11:53:47.238,0.82588,0.82596,1.87,1.50
2016.11.23 11:53:47.543,0.82589,0.82597,1.37,1.50
2016.11.23 11:53:48.053,0.82589,0.82597,1.00,1.12
2016.11.23 11:53:48.726,0.82588,0.82596,1.00,1.00
2016.11.23 11:53:49.246,0.82588,0.82595,1.00,1.00
2016.11.23 11:53:49.759,0.82587,0.82595,1.87,1.00
2016.11.23 11:53:50.063,0.82588,0.82597,1.50,1.00
2016.11.23 11:53:52.180,0.82589,0.82597,1.37,1.50
2016.11.23 11:53:52.727,0.82586,0.82594,3.37,1.00
2016.11.23 11:53:53.030,0.82586,0.82592,1.00,1.00
2016.11.23 11:53:53.740,0.82584,0.82592,1.37,1.00
2016.11.23 11:53:54.050,0.82576,0.82585,3.00,1.50
2016.11.23 11:53:54.373,0.82575,0.82582,1.12,1.00
2016.11.23 11:53:54.771,0.82577,0.82582,1.00,1.00
2016.11.23 11:53:55.678,0.82575,0.82582,1.12,1.00
2016.11.23 11:53:56.540,0.82572,0.8258,1.50,1.50
2016.11.23 11:53:56.943,0.82573,0.82582,1.00,2.25
2016.11.23 11:53:57.448,0.82574,0.82582,1.00,1.00
2016.11.23 11:53:57.952,0.82573,0.82582,1.12,1.00
2016.11.23 11:53:58.492,0.82573,0.82581,1.50,1.00
2016.11.23 11:54:00.061,0.82573,0.82582,3.37,2.25
2016.11.23 11:54:00.171,0.82573,0.82582,1.12,2.25
2016.11.23 11:54:01.274,0.82573,0.82581,1.12,1.50
2016.11.23 11:54:01.792,0.82571,0.82581,4.12,1.12
2016.11.23 11:54:01.944,0.82571,0.82581,1.12,1.50
2016.11.23 11:54:02.478,0.82572,0.82582,3.37,1.87
2016.11.23 11:54:02.579,0.82572,0.82582,1.12,1.12
2016.11.23 11:54:02.680,0.82571,0.8258,3.37,1.00
2016.11.23 11:54:03.185,0.82572,0.82581,1.50,1.00
2016.11.23 11:54:03.949,0.82572,0.8258,1.50,1.00
2016.11.23 11:54:04.252,0.8257,0.82579,1.00,3.00
2016.11.23 11:54:04.469,0.82567,0.82576,5.62,1.00
2016.11.23 11:54:04.671,0.82568,0.82578,1.50,1.87
2016.11.23 11:54:05.548,0.82568,0.82577,1.50,1.00
2016.11.23 11:54:06.443,0.82569,0.82578,3.37,1.00
2016.11.23 11:54:06.494,0.82572,0.8258,1.00,1.00
2016.11.23 11:54:06.950,0.82573,0.82582,4.12,1.00
2016.11.23 11:54:07.051,0.82573,0.82582,1.50,1.50
2016.11.23 11:54:07.570,0.82572,0.82582,1.50,2.25
2016.11.23 11:54:08.175,0.82572,0.82582,1.87,1.87
2016.11.23 11:54:08.703,0.82573,0.82582,1.00,3.37
2016.11.23 11:54:09.158,0.82571,0.82582,1.87,4.12
2016.11.23 11:54:09.382,0.82571,0.8258,4.12,1.00
2016.11.23 11:54:09.686,0.82567,0.82573,2.62,1.12
2016.11.23 11:54:09.879,0.82562,0.82572,1.87,2.25
2016.11.23 11:54:10.384,0.82562,0.82571,1.12,1.00
2016.11.23 11:54:10.485,0.82563,0.82572,2.25,1.12
2016.11.23 11:54:11.756,0.82563,0.82573,1.00,1.87
2016.11.23 11:54:12.269,0.82563,0.82573,1.87,1.00
2016.11.23 11:54:12.867,0.82564,0.82574,1.00,3.37
2016.11.23 11:54:13.379,0.82564,0.82574,1.50,1.12
2016.11.23 11:54:13.740,0.82564,0.82575,4.50,1.37
2016.11.23 11:54:14.278,0.82566,0.82573,1.12,1.00
2016.11.23 11:54:14.862,0.82564,0.82573,1.00,1.12
2016.11.23 11:54:15.384,0.82563,0.82572,2.25,1.00
2016.11.23 11:54:15.870,0.82562,0.82571,1.12,1.00
2016.11.23 11:54:16.135,0.82562,0.82569,1.12,1.00
2016.11.23 11:54:16.901,0.82562,0.82571,1.12,2.25
2016.11.23 11:54:20.073,0.82561,0.82569,1.12,1.00
2016.11.23 11:54:20.174,0.82561,0.82571,1.50,2.25
2016.11.23 11:54:21.403,0.82561,0.82568,1.50,1.00
2016.11.23 11:54:21.665,0.82559,0.82568,1.50,1.00
2016.11.23 11:54:22.404,0.82559,0.82567,1.12,1.00
2016.11.23 11:54:22.466,0.82561,0.82567,1.00,1.00
2016.11.23 11:54:23.298,0.82561,0.82568,1.00,1.50
2016.11.23 11:54:25.493,0.82561,0.82566,1.00,1.00
2016.11.23 11:54:25.594,0.82561,0.82568,1.00,1.87
2016.11.23 11:54:27.302,0.82559,0.82568,1.00,1.87
2016.11.23 11:54:28.399,0.82558,0.82567,1.12,1.00
2016.11.23 11:54:29.402,0.8256,0.82567,1.00,1.50
2016.11.23 11:54:30.096,0.82557,0.82567,1.50,1.50
2016.11.23 11:54:30.146,0.82556,0.82562,3.37,1.00
2016.11.23 11:54:30.298,0.82554,0.82561,2.62,1.00
2016.11.23 11:54:30.400,0.82552,0.8256,1.50,1.50
2016.11.23 11:54:30.854,0.82552,0.82557,2.25,1.00
2016.11.23 11:54:30.904,0.82548,0.82555,4.12,1.00
2016.11.23 11:54:30.989,0.82546,0.82555,2.62,2.62
2016.11.23 11:54:31.090,0.82545,0.82555,1.50,3.00
2016.11.23 11:54:31.141,0.82545,0.82553,1.50,1.00
2016.11.23 11:54:31.444,0.82547,0.82553,1.00,1.00
2016.11.23 11:54:31.955,0.82547,0.82554,1.00,1.50
2016.11.23 11:54:32.520,0.82547,0.82555,1.50,1.00
2016.11.23 11:54:32.828,0.82547,0.82553,1.00,1.00
2016.11.23 11:54:33.392,0.82552,0.82558,1.00,1.87
2016.11.23 11:54:33.494,0.82552,0.8256,1.00,1.00
2016.11.23 11:54:34.004,0.82552,0.82561,1.50,2.62
2016.11.23 11:54:34.206,0.82551,0.82558,2.62,1.00
2016.11.23 11:54:34.409,0.82548,0.82556,1.50,1.00
2016.11.23 11:54:34.957,0.82547,0.82555,3.75,1.00
2016.11.23 11:54:35.108,0.82549,0.82555,2.62,1.00
2016.11.23 11:54:35.310,0.82548,0.82556,1.50,1.00
2016.11.23 11:54:35.714,0.82548,0.82558,3.37,2.25
2016.11.23 11:54:36.219,0.82549,0.82557,3.37,1.00
2016.11.23 11:54:36.511,0.8255,0.82559,1.50,1.00
2016.11.23 11:54:37.091,0.82551,0.82558,1.12,1.00
2016.11.23 11:54:38.399,0.8255,0.82558,4.12,1.00
2016.11.23 11:54:38.602,0.82549,0.82558,3.37,1.00
2016.11.23 11:54:38.704,0.8255,0.82558,2.62,1.00
2016.11.23 11:54:38.906,0.82549,0.82558,1.50,1.00
2016.11.23 11:54:39.408,0.8255,0.82558,3.37,1.00
2016.11.23 11:54:39.711,0.82553,0.8256,2.25,1.50
2016.11.23 11:54:40.205,0.82551,0.82559,2.25,1.00
2016.11.23 11:54:40.596,0.82553,0.82561,2.62,1.00
2016.11.23 11:54:41.315,0.82553,0.82562,2.62,1.00
2016.11.23 11:54:41.846,0.82553,0.82561,2.62,1.50
2016.11.23 11:54:42.149,0.82551,0.82559,1.50,1.00
2016.11.23 11:54:42.785,0.8255,0.82558,4.12,1.00
2016.11.23 11:54:42.836,0.82549,0.82558,2.62,1.00
2016.11.23 11:54:43.386,0.82549,0.82558,4.12,1.50
2016.11.23 11:54:43.929,0.82549,0.82558,3.37,1.00
2016.11.23 11:54:44.772,0.82548,0.82557,2.62,1.00
2016.11.23 11:54:44.823,0.82546,0.82556,4.87,1.00
2016.11.23 11:54:45.125,0.82548,0.82558,2.62,2.62
2016.11.23 11:54:45.453,0.82546,0.82557,3.37,2.25
2016.11.23 11:54:45.756,0.82545,0.82555,2.62,1.50
2016.11.23 11:54:45.959,0.82544,0.82555,3.37,2.62
2016.11.23 11:54:46.204,0.82545,0.82555,2.62,2.25
2016.11.23 11:54:47.409,0.82547,0.82557,1.00,2.62
2016.11.23 11:54:47.561,0.82547,0.82555,1.00,1.00
2016.11.23 11:54:47.611,0.82544,0.82555,2.62,1.87
2016.11.23 11:54:47.712,0.82546,0.82555,1.00,3.00
2016.11.23 11:54:47.975,0.82551,0.82559,1.50,1.50
2016.11.23 11:54:48.329,0.82551,0.82561,1.12,2.62
2016.11.23 11:54:48.431,0.82551,0.82559,1.00,1.00
2016.11.23 11:54:49.449,0.82551,0.8256,3.37,1.12
2016.11.23 11:54:49.998,0.82551,0.82561,1.00,3.00
2016.11.23 11:54:50.302,0.82548,0.82559,2.25,1.87
2016.11.23 11:54:50.353,0.82548,0.82559,1.87,4.87
2016.11.23 11:54:50.866,0.82549,0.82559,1.12,2.62
2016.11.23 11:54:51.372,0.82549,0.8256,2.25,1.87
2016.11.23 11:54:52.145,0.82548,0.82559,4.50,1.00
2016.11.23 11:54:52.448,0.82548,0.82559,1.50,1.50
2016.11.23 11:54:53.313,0.82549,0.82558,1.00,1.12
2016.11.23 11:54:54.143,0.82548,0.82558,1.87,1.12
2016.11.23 11:54:54.245,0.82549,0.82558,1.37,1.12
2016.11.23 11:54:54.352,0.82548,0.82557,1.12,1.00
2016.11.23 11:54:54.868,0.82548,0.82557,3.37,1.12
2016.11.23 11:54:55.170,0.82549,0.8256,1.87,1.50
2016.11.23 11:54:55.675,0.8255,0.8256,1.12,1.87
2016.11.23 11:54:56.179,0.8255,0.82559,1.87,1.00
2016.11.23 11:54:56.562,0.8255,0.82558,2.62,1.00
2016.11.23 11:54:56.663,0.8255,0.82558,1.12,1.00
2016.11.23 11:54:57.207,0.82549,0.82559,1.50,1.12
2016.11.23 11:54:57.561,0.82549,0.82558,4.50,1.00
2016.11.23 11:54:58.352,0.82549,0.82558,4.12,1.00
2016.11.23 11:54:59.353,0.82549,0.82558,1.87,1.00
2016.11.23 11:55:00.066,0.8255,0.82558,1.00,1.00
2016.11.23 11:55:00.719,0.82552,0.82559,1.00,1.37
2016.11.23 11:55:01.269,0.82552,0.82559,1.00,1.00
2016.11.23 11:55:02.704,0.8255,0.82559,1.50,1.00
2016.11.23 11:55:03.158,0.8255,0.82559,1.87,1.00
2016.11.23 11:55:03.209,0.8255,0.82558,1.12,1.00
2016.11.23 11:55:03.260,0.82549,0.82556,1.50,1.00
2016.11.23 11:55:03.563,0.82547,0.82554,1.00,1.00
2016.11.23 11:55:03.715,0.82547,0.82556,2.62,1.00
2016.11.23 11:55:03.867,0.82546,0.82556,1.50,1.37
2016.11.23 11:55:04.402,0.82547,0.82556,1.00,1.12
2016.11.23 11:55:05.142,0.82547,0.82556,1.00,1.37
2016.11.23 11:55:06.183,0.82546,0.82555,1.50,1.12
2016.11.23 11:55:08.089,0.82545,0.82554,1.50,1.12
2016.11.23 11:55:08.248,0.82545,0.82553,1.00,1.37
2016.11.23 11:55:08.753,0.82546,0.82553,1.00,1.37
2016.11.23 11:55:08.854,0.82543,0.8255,1.00,1.00
2016.11.23 11:55:09.056,0.82544,0.82554,1.12,3.37
2016.11.23 11:55:09.157,0.82544,0.82554,1.37,1.00
2016.11.23 11:55:09.735,0.82543,0.82553,2.25,1.50
2016.11.23 11:55:10.278,0.82542,0.82553,2.25,3.75
2016.11.23 11:55:10.785,0.82542,0.82552,1.00,1.87
2016.11.23 11:55:11.088,0.8254,0.82549,1.37,1.00
2016.11.23 11:55:11.239,0.82538,0.82548,2.25,1.00
2016.11.23 11:55:11.741,0.82538,0.82548,1.87,1.87
2016.11.23 11:55:11.892,0.8254,0.82548,1.00,1.87
2016.11.23 11:55:12.094,0.82538,0.82548,1.12,1.87
2016.11.23 11:55:12.608,0.82538,0.82546,1.12,1.00
2016.11.23 11:55:14.995,0.82538,0.82546,1.50,1.87
2016.11.23 11:55:15.502,0.82537,0.82546,1.00,1.00
2016.11.23 11:55:16.021,0.82537,0.82546,1.50,1.37
2016.11.23 11:55:22.917,0.82535,0.82542,3.75,1.00
2016.11.23 11:55:23.211,0.82532,0.82541,1.50,1.87
2016.11.23 11:55:23.362,0.82534,0.82541,1.00,1.37
2016.11.23 11:55:23.413,0.82532,0.82541,1.87,1.00
2016.11.23 11:55:23.917,0.82532,0.82541,1.87,1.50
2016.11.23 11:55:24.435,0.82534,0.82542,1.00,1.50
2016.11.23 11:55:25.040,0.82533,0.82542,1.12,1.50
2016.11.23 11:55:25.545,0.82532,0.82541,1.87,1.00
2016.11.23 11:55:26.215,0.82533,0.82541,1.00,1.00
2016.11.23 11:55:27.283,0.82532,0.82541,1.87,1.50
2016.11.23 11:55:29.375,0.82531,0.8254,2.62,1.00
2016.11.23 11:55:29.895,0.82531,0.8254,2.25,1.00
2016.11.23 11:55:30.444,0.82531,0.8254,2.25,1.50
2016.11.23 11:55:32.120,0.8253,0.82537,3.00,1.00
2016.11.23 11:55:32.324,0.82528,0.82535,1.00,1.50
2016.11.23 11:55:32.527,0.82528,0.82537,1.50,1.50
2016.11.23 11:55:33.277,0.82529,0.82538,1.00,1.50
2016.11.23 11:55:33.783,0.82529,0.82539,1.50,1.50
2016.11.23 11:55:34.296,0.82528,0.82538,1.87,1.12
2016.11.23 11:55:36.194,0.82528,0.82537,1.50,1.00
2016.11.23 11:55:37.235,0.82529,0.82538,1.12,1.50
2016.11.23 11:55:37.783,0.82527,0.82537,4.87,1.00
2016.11.23 11:55:38.290,0.82527,0.82536,2.62,1.00
2016.11.23 11:55:38.392,0.82527,0.82536,1.50,1.12
2016.11.23 11:55:38.695,0.82527,0.82534,2.25,1.00
2016.11.23 11:55:38.796,0.82529,0.82537,1.00,1.87
2016.11.23 11:55:39.922,0.82528,0.82537,1.00,1.50
2016.11.23 11:55:40.435,0.82527,0.82536,1.00,1.00
2016.11.23 11:55:41.942,0.82528,0.82535,1.00,1.00
2016.11.23 11:55:43.016,0.82527,0.82534,1.00,1.00
2016.11.23 11:55:43.996,0.82526,0.82535,1.00,1.87
2016.11.23 11:55:44.198,0.82524,0.82533,1.87,1.00
2016.11.23 11:55:44.717,0.82526,0.82534,1.00,1.50
2016.11.23 11:55:45.155,0.82528,0.82534,1.00,1.00
2016.11.23 11:55:45.696,0.82528,0.82535,1.00,1.87
2016.11.23 11:55:46.240,0.82527,0.82535,1.00,1.12
2016.11.23 11:55:46.748,0.82527,0.82534,1.00,1.00
2016.11.23 11:55:47.981,0.82526,0.82536,1.00,2.62
2016.11.23 11:55:48.549,0.82526,0.82534,1.00,1.00
2016.11.23 11:55:49.073,0.82527,0.82534,1.00,1.00
2016.11.23 11:55:50.694,0.82527,0.82537,1.50,3.37
2016.11.23 11:55:50.999,0.82533,0.82538,1.00,2.25
2016.11.23 11:55:51.050,0.82532,0.82542,2.25,1.50
2016.11.23 11:55:51.555,0.8253,0.8254,4.12,1.00
2016.11.23 11:55:54.389,0.82531,0.8254,1.87,1.00
2016.11.23 11:55:54.900,0.82531,0.82541,1.87,3.37
2016.11.23 11:55:56.240,0.82531,0.82541,1.87,1.12
2016.11.23 11:55:57.901,0.82531,0.8254,1.12,1.00
2016.11.23 11:55:58.714,0.82531,0.82541,1.87,1.12
2016.11.23 11:55:59.749,0.82532,0.82541,1.00,1.12
2016.11.23 11:56:00.339,0.82532,0.82539,1.00,1.00
2016.11.23 11:56:00.642,0.82529,0.82538,2.25,1.00
2016.11.23 11:56:00.743,0.82528,0.8254,3.37,1.87
2016.11.23 11:56:00.794,0.82532,0.8254,1.00,1.87
2016.11.23 11:56:01.243,0.82529,0.82539,1.00,1.50
2016.11.23 11:56:01.629,0.82528,0.82535,1.12,1.00
2016.11.23 11:56:01.680,0.82527,0.82537,1.50,1.50
2016.11.23 11:56:01.731,0.82526,0.82535,2.62,1.00
2016.11.23 11:56:01.882,0.82525,0.82535,1.50,1.50
2016.11.23 11:56:02.034,0.82528,0.82537,1.50,1.50
2016.11.23 11:56:02.135,0.8253,0.8254,1.00,2.25
2016.11.23 11:56:02.658,0.8253,0.8254,1.12,1.12
2016.11.23 11:56:02.922,0.8253,0.8254,3.37,1.12
2016.11.23 11:56:03.141,0.8253,0.82539,1.12,1.00
2016.11.23 11:56:03.343,0.82528,0.82539,1.87,1.50
2016.11.23 11:56:03.990,0.82529,0.82539,1.12,1.12
2016.11.23 11:56:04.451,0.82531,0.8254,1.00,1.00
2016.11.23 11:56:04.974,0.82529,0.82539,1.87,1.87
2016.11.23 11:56:05.475,0.82529,0.82539,1.12,1.87
2016.11.23 11:56:06.675,0.82532,0.8254,1.50,1.12
2016.11.23 11:56:06.827,0.82533,0.82542,1.00,1.12
2016.11.23 11:56:07.337,0.82531,0.82542,1.87,2.25
2016.11.23 11:56:07.952,0.82531,0.82542,1.87,2.25
2016.11.23 11:56:09.186,0.82533,0.82542,1.00,2.25
2016.11.23 11:56:09.445,0.82535,0.82544,1.00,1.12
2016.11.23 11:56:09.975,0.82533,0.82544,2.62,1.12
2016.11.23 11:56:10.383,0.82533,0.82543,1.00,2.25
2016.11.23 11:56:10.737,0.82535,0.82544,1.00,3.37
2016.11.23 11:56:11.042,0.82544,0.82551,1.00,3.37
2016.11.23 11:56:11.193,0.82545,0.82555,1.37,3.00
2016.11.23 11:56:11.718,0.82545,0.82555,1.00,1.50
2016.11.23 11:56:13.842,0.82544,0.82554,2.62,1.12
2016.11.23 11:56:14.482,0.82545,0.82554,1.00,1.12
2016.11.23 11:56:15.054,0.82543,0.82554,4.50,1.12
2016.11.23 11:56:15.965,0.82543,0.82554,2.62,2.62
2016.11.23 11:56:16.306,0.82543,0.82553,5.25,1.12
2016.11.23 11:56:17.503,0.82543,0.8255,4.50,1.00
2016.11.23 11:56:17.705,0.82543,0.8255,1.00,1.50
2016.11.23 11:56:17.806,0.8254,0.82548,3.00,1.00
2016.11.23 11:56:18.160,0.82539,0.82548,1.00,1.00
2016.11.23 11:56:18.681,0.8254,0.82549,1.00,1.12
2016.11.23 11:56:19.218,0.8254,0.82549,1.37,1.12
2016.11.23 11:56:22.039,0.82539,0.82547,2.62,1.00
2016.11.23 11:56:22.090,0.82538,0.82547,5.25,1.00
2016.11.23 11:56:23.810,0.82537,0.82547,3.75,1.37
2016.11.23 11:56:24.214,0.82536,0.82545,1.50,1.12
2016.11.23 11:56:24.798,0.82537,0.82546,1.12,2.25
2016.11.23 11:56:25.101,0.82537,0.82547,2.25,1.12
2016.11.23 11:56:25.202,0.82538,0.82547,2.25,1.00
2016.11.23 11:56:25.706,0.82539,0.82548,1.00,1.50
2016.11.23 11:56:26.333,0.8254,0.82547,1.00,1.00
2016.11.23 11:56:27.643,0.8254,0.82549,1.50,1.50
2016.11.23 11:56:28.745,0.82541,0.82548,1.00,1.00
2016.11.23 11:56:29.420,0.8254,0.82549,1.37,1.12
2016.11.23 11:56:29.997,0.82539,0.82548,2.25,1.12
2016.11.23 11:56:30.099,0.82537,0.82545,1.87,1.00
2016.11.23 11:56:30.300,0.82535,0.82545,1.00,1.50
2016.11.23 11:56:30.402,0.82535,0.82544,1.00,2.62
2016.11.23 11:56:32.411,0.82535,0.82544,1.12,1.87
2016.11.23 11:56:34.225,0.82536,0.82545,1.50,2.62
2016.11.23 11:56:34.427,0.82538,0.82547,1.50,1.50
2016.11.23 11:56:34.974,0.82538,0.82547,1.50,1.50
2016.11.23 11:56:35.497,0.82538,0.82547,1.00,1.50
2016.11.23 11:56:36.008,0.82539,0.82548,1.00,1.50
2016.11.23 11:56:36.541,0.82538,0.82547,1.50,1.00
2016.11.23 11:56:37.012,0.82538,0.82545,1.00,1.00
2016.11.23 11:56:37.417,0.8254,0.82549,1.00,1.12
2016.11.23 11:56:37.720,0.82541,0.82549,2.62,1.00
2016.11.23 11:56:38.311,0.8254,0.82548,2.62,1.00
2016.11.23 11:56:38.541,0.82538,0.82548,2.25,1.50
2016.11.23 11:56:39.006,0.8254,0.82549,2.25,1.50
2016.11.23 11:56:40.741,0.8254,0.8255,1.87,1.87
2016.11.23 11:56:41.273,0.82541,0.82551,1.50,1.87
2016.11.23 11:56:41.835,0.82541,0.82551,1.87,3.75
2016.11.23 11:56:42.749,0.82543,0.8255,1.00,1.12
2016.11.23 11:56:43.681,0.82542,0.82551,1.12,2.25
2016.11.23 11:56:44.234,0.82541,0.8255,1.87,1.00
2016.11.23 11:56:44.537,0.82543,0.8255,1.50,1.12
2016.11.23 11:56:44.694,0.82544,0.82553,1.00,1.50
2016.11.23 11:56:45.248,0.82544,0.82552,1.00,1.00
2016.11.23 11:56:46.062,0.82543,0.82552,1.87,1.87
2016.11.23 11:56:46.624,0.82543,0.82552,2.62,1.00
2016.11.23 11:56:47.138,0.82543,0.82552,1.50,1.12
2016.11.23 11:56:47.686,0.82544,0.82552,1.00,1.12
2016.11.23 11:56:48.228,0.82543,0.82552,1.50,1.12
2016.11.23 11:56:49.239,0.82544,0.82554,1.12,4.12
2016.11.23 11:56:49.751,0.82543,0.82553,1.12,2.25
2016.11.23 11:56:49.953,0.82542,0.8255,1.12,1.00
2016.11.23 11:56:50.488,0.82542,0.82551,1.12,1.50
2016.11.23 11:56:51.018,0.82543,0.82551,1.00,1.12
2016.11.23 11:56:52.271,0.82542,0.82551,1.12,1.00
2016.11.23 11:56:53.338,0.82542,0.82551,1.37,1.87
2016.11.23 11:56:53.810,0.82541,0.8255,1.12,1.00
2016.11.23 11:56:54.359,0.82542,0.8255,1.00,1.12
2016.11.23 11:56:54.880,0.82542,0.82552,2.25,2.25
2016.11.23 11:56:55.342,0.82544,0.82552,1.50,1.00
2016.11.23 11:56:55.880,0.82544,0.82554,1.50,2.25
2016.11.23 11:56:56.393,0.82544,0.82553,1.12,1.12
2016.11.23 11:56:56.980,0.82544,0.82552,1.12,1.00
2016.11.23 11:56:58.452,0.82545,0.82552,1.00,1.00
2016.11.23 11:56:58.960,0.82543,0.82553,1.50,1.87
2016.11.23 11:56:59.485,0.82543,0.82553,1.50,1.87
2016.11.23 11:56:59.988,0.82543,0.82553,2.62,1.87
2016.11.23 11:57:00.791,0.82545,0.82553,1.00,1.12
2016.11.23 11:57:02.553,0.82547,0.82553,1.00,1.12
2016.11.23 11:57:02.743,0.82545,0.82553,1.00,1.12
2016.11.23 11:57:03.248,0.82546,0.82553,1.00,1.00
2016.11.23 11:57:04.042,0.82545,0.82554,1.12,1.37
2016.11.23 11:57:04.783,0.82545,0.82554,1.50,1.00
2016.11.23 11:57:05.438,0.82546,0.82555,1.00,2.25
2016.11.23 11:57:05.942,0.82547,0.82554,1.00,1.00
2016.11.23 11:57:06.423,0.82545,0.82555,2.25,1.50
2016.11.23 11:57:07.019,0.82545,0.82555,2.25,1.00
2016.11.23 11:57:09.364,0.82545,0.82555,1.87,3.75
2016.11.23 11:57:12.994,0.82545,0.82553,1.00,1.00
2016.11.23 11:57:13.543,0.82545,0.82552,1.00,1.00
2016.11.23 11:57:13.983,0.82545,0.82554,1.00,1.87
2016.11.23 11:57:14.502,0.82546,0.82554,1.50,1.12
2016.11.23 11:57:16.739,0.82545,0.82554,1.05,1.87
2016.11.23 11:57:16.891,0.82544,0.82551,2.92,1.00
2016.11.23 11:57:16.992,0.82543,0.82551,1.80,1.00
2016.11.23 11:57:17.517,0.82543,0.82551,1.05,1.50
2016.11.23 11:57:18.143,0.82543,0.82553,2.17,3.75
2016.11.23 11:57:20.954,0.82544,0.82554,1.12,1.87
2016.11.23 11:57:21.408,0.82546,0.82553,1.00,1.00
2016.11.23 11:57:22.222,0.82545,0.82554,1.87,3.00
2016.11.23 11:57:22.736,0.82546,0.82554,1.12,1.12
2016.11.23 11:57:23.746,0.82547,0.82556,1.00,4.12
2016.11.23 11:57:24.304,0.82547,0.82556,1.00,1.50
2016.11.23 11:57:28.309,0.82546,0.82556,1.05,1.50
2016.11.23 11:57:28.914,0.82547,0.82554,1.00,1.00
2016.11.23 11:57:29.663,0.82545,0.82552,1.50,1.00
2016.11.23 11:57:29.765,0.82544,0.82552,1.00,1.00
2016.11.23 11:57:30.356,0.82544,0.82553,1.87,3.37
2016.11.23 11:57:30.834,0.82545,0.82554,1.12,1.87
2016.11.23 11:57:31.923,0.82545,0.82555,2.25,1.50
2016.11.23 11:57:32.469,0.82545,0.82555,1.12,1.50
2016.11.23 11:57:35.252,0.82546,0.82555,1.00,1.50
2016.11.23 11:57:35.304,0.82546,0.82555,1.75,1.87
2016.11.23 11:57:35.851,0.82547,0.82556,1.00,1.12
2016.11.23 11:57:36.155,0.82546,0.82555,1.00,4.12
2016.11.23 11:57:37.166,0.82545,0.82555,1.87,3.37
2016.11.23 11:57:38.742,0.82544,0.82554,1.00,2.25
2016.11.23 11:57:39.304,0.82544,0.82552,1.00,1.12
2016.11.23 11:57:41.004,0.82545,0.82552,1.00,1.12
2016.11.23 11:57:42.019,0.82544,0.82554,1.50,4.12
2016.11.23 11:57:43.944,0.82545,0.82554,1.00,3.37
2016.11.23 11:57:44.897,0.82544,0.82553,2.25,2.25
2016.11.23 11:57:45.232,0.82542,0.82549,3.75,1.50
2016.11.23 11:57:45.283,0.82541,0.82549,2.62,1.50
2016.11.23 11:57:45.637,0.82542,0.82551,1.00,1.12
2016.11.23 11:57:50.298,0.8254,0.8255,4.87,1.00
2016.11.23 11:57:50.928,0.82541,0.82551,4.12,1.12
2016.11.23 11:57:51.668,0.82543,0.82552,1.12,1.50
2016.11.23 11:57:52.277,0.82543,0.82553,2.25,1.50
2016.11.23 11:57:52.810,0.82544,0.82553,2.25,1.50
2016.11.23 11:57:53.447,0.82543,0.82552,1.12,1.00
2016.11.23 11:57:53.972,0.82543,0.8255,1.00,1.00
2016.11.23 11:57:54.275,0.82541,0.82548,1.37,1.00
2016.11.23 11:57:56.317,0.8254,0.82549,2.62,1.50
2016.11.23 11:57:56.870,0.82539,0.82549,2.25,1.50
2016.11.23 11:57:57.396,0.82541,0.82549,1.50,1.00
2016.11.23 11:57:57.549,0.82542,0.82551,1.50,1.12
2016.11.23 11:57:58.149,0.82543,0.82551,1.00,1.00
2016.11.23 11:57:58.706,0.82543,0.82552,1.50,2.25
2016.11.23 11:57:59.246,0.82543,0.82551,1.00,1.00
2016.11.23 11:58:00.953,0.82542,0.8255,1.37,1.00
2016.11.23 11:58:01.608,0.82541,0.8255,2.25,1.00
2016.11.23 11:58:02.147,0.8254,0.82549,2.62,1.00
2016.11.23 11:58:02.298,0.8254,0.82549,1.00,1.00
2016.11.23 11:58:04.799,0.82542,0.82549,1.00,1.00
2016.11.23 11:58:04.951,0.82542,0.82551,1.50,1.50
2016.11.23 11:58:05.539,0.82542,0.82552,2.25,1.50
2016.11.23 11:58:06.180,0.82542,0.82552,3.00,1.00
2016.11.23 11:58:06.383,0.82542,0.82549,1.50,1.00
2016.11.23 11:58:06.534,0.82541,0.82549,1.00,1.00
2016.11.23 11:58:06.686,0.82542,0.82551,1.00,1.50
2016.11.23 11:58:06.838,0.82548,0.82552,1.00,1.50
2016.11.23 11:58:06.889,0.82548,0.82554,1.50,1.12
2016.11.23 11:58:06.940,0.82553,0.82557,1.00,9.00
2016.11.23 11:58:06.991,0.82553,0.82561,1.00,2.10
2016.11.23 11:58:07.093,0.82553,0.82561,1.00,1.50
2016.11.23 11:58:07.324,0.82553,0.82563,1.37,1.12
2016.11.23 11:58:08.446,0.82555,0.82563,1.00,1.87
2016.11.23 11:58:08.598,0.82561,0.82566,1.00,6.00
2016.11.23 11:58:08.750,0.82563,0.82572,1.50,1.00
2016.11.23 11:58:09.252,0.82564,0.82573,1.00,1.50
2016.11.23 11:58:09.757,0.82563,0.82573,2.25,1.50
2016.11.23 11:58:10.285,0.82563,0.82573,2.62,1.12
2016.11.23 11:58:10.538,0.82562,0.82573,1.12,2.25
2016.11.23 11:58:11.296,0.82562,0.82572,2.62,1.12
2016.11.23 11:58:12.003,0.82562,0.82572,2.62,1.87
2016.11.23 11:58:12.306,0.82562,0.82573,1.12,2.62
2016.11.23 11:58:12.907,0.82562,0.82573,1.00,3.37
2016.11.23 11:58:13.416,0.82563,0.82572,1.12,1.12
2016.11.23 11:58:13.870,0.82566,0.82574,1.00,3.37
2016.11.23 11:58:14.022,0.82567,0.82576,1.00,1.12
2016.11.23 11:58:14.572,0.82567,0.82577,1.00,2.25
2016.11.23 11:58:15.664,0.82567,0.82576,1.00,1.00
2016.11.23 11:58:15.765,0.82566,0.82573,1.00,1.00
2016.11.23 11:58:15.866,0.82564,0.82573,1.00,1.00
2016.11.23 11:58:17.113,0.82564,0.82573,1.50,1.37
2016.11.23 11:58:17.265,0.82562,0.8257,1.00,1.00
2016.11.23 11:58:17.366,0.8256,0.82569,1.87,1.12
2016.11.23 11:58:17.568,0.82558,0.82568,1.50,1.12
2016.11.23 11:58:17.938,0.82559,0.82568,1.37,1.00
2016.11.23 11:58:18.446,0.82559,0.82568,2.25,1.00
2016.11.23 11:58:18.649,0.82557,0.82568,3.75,1.12
2016.11.23 11:58:18.750,0.82557,0.82568,2.62,4.12
2016.11.23 11:58:19.852,0.82558,0.82567,1.00,3.75
2016.11.23 11:58:20.351,0.82563,0.82567,1.00,4.50
2016.11.23 11:58:20.402,0.82558,0.82566,1.87,1.00
2016.11.23 11:58:20.912,0.82559,0.82568,1.00,2.62
2016.11.23 11:58:21.455,0.82559,0.82568,1.00,2.62
2016.11.23 11:58:22.156,0.82559,0.82567,1.00,1.00
2016.11.23 11:58:23.248,0.82559,0.82565,1.00,1.00
2016.11.23 11:58:23.299,0.82556,0.82565,2.62,1.00
2016.11.23 11:58:23.350,0.82555,0.82563,1.50,1.00
2016.11.23 11:58:23.602,0.82552,0.82562,1.00,1.12
2016.11.23 11:58:23.653,0.82552,0.82562,1.50,3.00
2016.11.23 11:58:24.007,0.82554,0.82563,1.50,2.62
2016.11.23 11:58:24.538,0.82555,0.82564,1.00,5.25
2016.11.23 11:58:25.071,0.82554,0.82563,1.00,1.50
2016.11.23 11:58:25.543,0.82555,0.82564,1.00,1.00
2016.11.23 11:58:26.550,0.82556,0.82564,1.00,1.00
2016.11.23 11:58:27.424,0.82558,0.82564,1.00,1.00
2016.11.23 11:58:27.627,0.82558,0.82567,2.25,3.00
2016.11.23 11:58:28.131,0.82559,0.82567,1.00,1.00
2016.11.23 11:58:28.656,0.8256,0.82569,1.00,3.37
2016.11.23 11:58:29.552,0.82559,0.82567,1.50,1.00
2016.11.23 11:58:30.567,0.82558,0.82566,1.00,1.12
2016.11.23 11:58:30.829,0.82558,0.82564,1.00,1.00
2016.11.23 11:58:30.880,0.82555,0.82564,2.25,1.12
2016.11.23 11:58:30.982,0.82555,0.82564,1.00,3.00
2016.11.23 11:58:31.084,0.82553,0.82564,2.62,4.12
2016.11.23 11:58:31.588,0.82553,0.82561,1.50,1.00
2016.11.23 11:58:31.841,0.82553,0.82563,1.87,1.12
2016.11.23 11:58:32.834,0.82553,0.82563,1.50,4.12
2016.11.23 11:58:33.344,0.82554,0.82563,1.00,2.62
2016.11.23 11:58:33.496,0.82554,0.82564,1.00,1.50
2016.11.23 11:58:33.888,0.82554,0.82563,1.00,2.62
2016.11.23 11:58:34.863,0.82554,0.82563,1.12,1.37
2016.11.23 11:58:35.562,0.82554,0.82563,1.12,1.00
2016.11.23 11:58:36.097,0.82553,0.82563,1.87,1.12
2016.11.23 11:58:36.983,0.82553,0.82561,1.87,1.00
2016.11.23 11:58:37.523,0.82552,0.82561,2.25,1.00
2016.11.23 11:58:38.522,0.82552,0.82561,1.00,1.50
2016.11.23 11:58:39.035,0.82551,0.8256,1.00,1.00
2016.11.23 11:58:39.361,0.82554,0.8256,1.00,1.00
2016.11.23 11:58:39.462,0.82555,0.82563,1.00,1.37
2016.11.23 11:58:40.171,0.82555,0.82563,1.00,1.00
2016.11.23 11:58:40.661,0.82553,0.82563,2.62,1.00
2016.11.23 11:58:41.165,0.82553,0.82562,1.87,1.00
2016.11.23 11:58:44.520,0.82554,0.82561,1.00,1.00
2016.11.23 11:58:44.997,0.82551,0.8256,3.75,1.00
2016.11.23 11:58:45.386,0.8255,0.8256,2.25,1.50
2016.11.23 11:58:45.983,0.82552,0.82559,1.00,1.00
2016.11.23 11:58:47.128,0.8255,0.8256,3.37,1.50
2016.11.23 11:58:47.178,0.82551,0.82558,1.00,1.00
2016.11.23 11:58:48.185,0.8255,0.82558,1.00,1.00
2016.11.23 11:58:49.600,0.82553,0.8256,1.00,3.37
2016.11.23 11:58:49.752,0.82553,0.82561,1.00,1.00
2016.11.23 11:58:50.414,0.82554,0.82561,1.00,1.00
2016.11.23 11:58:52.706,0.82553,0.82561,1.00,1.50
2016.11.23 11:58:52.757,0.82552,0.82557,1.00,1.00
2016.11.23 11:58:52.808,0.82547,0.82555,4.50,1.00
2016.11.23 11:58:52.909,0.82545,0.82554,3.00,3.75
2016.11.23 11:58:52.960,0.82545,0.82554,1.00,3.75
2016.11.23 11:58:53.465,0.82544,0.82554,1.87,1.12
2016.11.23 11:58:55.147,0.82544,0.82553,1.87,1.00
2016.11.23 11:58:55.450,0.82545,0.82555,2.25,1.50
2016.11.23 11:58:56.020,0.82545,0.82555,1.50,1.50
2016.11.23 11:58:56.940,0.82546,0.82556,1.12,2.25
2016.11.23 11:58:57.445,0.82547,0.82556,1.37,1.00
2016.11.23 11:58:57.962,0.82547,0.82557,1.50,1.00
2016.11.23 11:58:59.112,0.82547,0.82557,2.25,1.12
2016.11.23 11:58:59.633,0.82548,0.82557,1.12,1.12
2016.11.23 11:59:00.278,0.82548,0.82557,1.12,1.50
2016.11.23 11:59:00.834,0.82547,0.82556,1.87,1.87
2016.11.23 11:59:02.419,0.82547,0.82556,1.00,1.00
2016.11.23 11:59:02.924,0.82547,0.82555,1.50,1.00
2016.11.23 11:59:04.347,0.82547,0.82556,1.50,1.12
2016.11.23 11:59:06.207,0.82546,0.82556,1.50,1.00
2016.11.23 11:59:06.511,0.82545,0.82554,1.00,1.12
2016.11.23 11:59:06.839,0.82544,0.82554,3.00,3.37
2016.11.23 11:59:07.042,0.82544,0.82554,3.00,1.50
2016.11.23 11:59:07.143,0.82545,0.82555,1.87,1.50
2016.11.23 11:59:07.468,0.82543,0.82551,2.62,1.00
2016.11.23 11:59:07.981,0.82543,0.8255,3.00,1.00
2016.11.23 11:59:08.482,0.82543,0.82552,2.25,1.00
2016.11.23 11:59:10.281,0.82543,0.82551,1.50,1.00
2016.11.23 11:59:10.934,0.82544,0.82551,1.00,1.00
2016.11.23 11:59:11.187,0.82545,0.82554,2.25,1.50
2016.11.23 11:59:11.767,0.82545,0.82554,1.00,1.50
2016.11.23 11:59:12.070,0.82546,0.82555,1.37,1.12
2016.11.23 11:59:12.575,0.82547,0.82557,1.00,1.87
2016.11.23 11:59:12.981,0.82549,0.82558,1.00,1.50
2016.11.23 11:59:13.502,0.8255,0.82557,1.00,1.00
2016.11.23 11:59:15.096,0.82549,0.82556,1.12,1.00
2016.11.23 11:59:15.635,0.82548,0.82555,1.00,1.00
2016.11.23 11:59:15.990,0.82546,0.82555,1.12,1.00
2016.11.23 11:59:16.753,0.82546,0.82554,1.12,1.00
2016.11.23 11:59:18.216,0.82545,0.82554,1.12,1.00
2016.11.23 11:59:18.745,0.82545,0.82553,1.12,1.00
2016.11.23 11:59:20.727,0.82543,0.8255,3.00,1.00
2016.11.23 11:59:20.930,0.8254,0.82549,6.00,1.00
2016.11.23 11:59:21.031,0.8254,0.82549,2.62,1.00
2016.11.23 11:59:21.335,0.82542,0.82551,1.00,1.12
2016.11.23 11:59:21.637,0.82543,0.82551,1.37,1.00
2016.11.23 11:59:22.372,0.82543,0.82551,1.12,1.12
2016.11.23 11:59:23.018,0.82543,0.8255,1.50,1.00
2016.11.23 11:59:24.084,0.82543,0.82551,2.25,1.12
2016.11.23 11:59:24.603,0.82543,0.82552,1.12,1.12
2016.11.23 11:59:25.343,0.82542,0.82552,2.62,1.12
2016.11.23 11:59:25.847,0.82542,0.82552,2.25,1.12
2016.11.23 11:59:27.331,0.82542,0.82551,2.25,1.00
2016.11.23 11:59:27.635,0.82542,0.82549,3.00,1.00
2016.11.23 11:59:27.686,0.82542,0.82549,1.12,1.00
2016.11.23 11:59:28.465,0.82542,0.82547,1.12,1.00
2016.11.23 11:59:28.566,0.8254,0.82546,1.00,1.50
2016.11.23 11:59:28.668,0.82538,0.82545,1.00,1.00
2016.11.23 11:59:28.720,0.82538,0.82548,1.50,1.87
2016.11.23 11:59:28.859,0.82539,0.82548,2.62,1.00
2016.11.23 11:59:29.162,0.82539,0.82546,1.37,1.00
2016.11.23 11:59:29.263,0.82539,0.82548,1.37,1.00
2016.11.23 11:59:29.465,0.82538,0.82545,3.37,1.00
2016.11.23 11:59:29.717,0.82535,0.82543,1.00,1.00
2016.11.23 11:59:30.121,0.82534,0.82542,1.12,2.62
2016.11.23 11:59:30.444,0.82536,0.82544,1.37,2.25
2016.11.23 11:59:30.949,0.82536,0.82544,1.50,2.25
2016.11.23 11:59:31.502,0.82535,0.82544,1.37,2.25
2016.11.23 11:59:32.242,0.82535,0.82544,1.12,2.25
2016.11.23 11:59:33.413,0.82535,0.82544,1.12,2.25
2016.11.23 11:59:34.739,0.82535,0.82544,1.12,3.00
2016.11.23 11:59:35.043,0.82532,0.82541,3.75,1.50
2016.11.23 11:59:35.447,0.82533,0.82542,1.75,1.50
2016.11.23 11:59:35.952,0.82532,0.82541,1.50,1.12
2016.11.23 11:59:39.969,0.82532,0.8254,3.00,1.00
2016.11.23 11:59:40.071,0.82531,0.8254,1.00,1.00
2016.11.23 11:59:40.273,0.8253,0.82539,1.37,1.37
2016.11.23 11:59:40.778,0.82531,0.82539,1.00,1.12
2016.11.23 11:59:41.384,0.82531,0.82537,1.00,1.00
2016.11.23 11:59:41.486,0.82528,0.82538,1.37,1.12
2016.11.23 11:59:41.588,0.82528,0.82537,1.50,2.25
2016.11.23 11:59:41.791,0.82532,0.82541,1.12,1.50
2016.11.23 11:59:42.296,0.82532,0.82541,2.62,1.00
2016.11.23 11:59:42.844,0.82532,0.82541,2.25,1.00
2016.11.23 11:59:43.097,0.82532,0.82543,4.50,1.00
2016.11.23 11:59:43.969,0.82533,0.82543,1.50,1.12
2016.11.23 11:59:44.272,0.82537,0.82547,1.37,1.00
2016.11.23 11:59:44.896,0.82538,0.82546,1.00,1.00
2016.11.23 11:59:45.376,0.82538,0.82548,1.00,1.50
2016.11.23 11:59:48.097,0.82537,0.82548,4.50,1.50
2016.11.23 11:59:48.299,0.82537,0.82548,1.00,2.25
2016.11.23 11:59:48.561,0.82536,0.82545,2.62,1.00
2016.11.23 11:59:48.713,0.82533,0.82545,3.75,1.12
2016.11.23 11:59:49.364,0.82534,0.82546,3.75,1.87
2016.11.23 11:59:49.868,0.82536,0.82545,2.25,1.00
2016.11.23 11:59:50.380,0.82536,0.82547,3.75,3.75
2016.11.23 11:59:51.387,0.82536,0.82546,1.00,3.37
2016.11.23 11:59:52.249,0.82534,0.82546,2.25,4.12
2016.11.23 11:59:52.501,0.82533,0.82543,3.37,1.00
2016.11.23 11:59:54.374,0.82532,0.82544,3.00,1.50
2016.11.23 11:59:54.880,0.82534,0.82544,1.37,1.00
2016.11.23 11:59:55.183,0.82534,0.82547,1.87,1.50
2016.11.23 11:59:56.463,0.82534,0.82547,1.87,1.50
2016.11.23 11:59:57.516,0.82537,0.82547,1.00,1.00
2016.11.23 11:59:58.064,0.82537,0.82548,1.87,1.00
2016.11.23 11:59:58.613,0.82538,0.82548,1.00,1.50
2016.11.23 11:59:58.872,0.82536,0.82548,1.12,1.00
2016.11.23 11:59:59.477,0.82537,0.82548,1.00,1.00
2016.11.23 11:59:59.979,0.82535,0.82548,1.87,1.50
