2017.08.16 02:00:01.224,0.86734,0.86744,1.00,1.12
2017.08.16 02:00:01.530,0.86736,0.86746,1.00,1.87
2017.08.16 02:00:02.180,0.86734,0.86746,1.12,1.12
2017.08.16 02:00:02.231,0.86737,0.86747,1.00,2.62
2017.08.16 02:00:04.912,0.86739,0.86747,1.00,2.62
2017.08.16 02:00:05.364,0.86742,0.86747,1.00,2.62
2017.08.16 02:00:05.517,0.86744,0.86753,1.00,2.62
2017.08.16 02:00:05.855,0.86745,0.86755,1.12,2.25
2017.08.16 02:00:06.415,0.86745,0.86756,1.12,1.37
2017.08.16 02:00:06.718,0.86748,0.86756,1.00,1.37
2017.08.16 02:00:06.921,0.86745,0.86756,1.12,1.37
2017.08.16 02:00:08.444,0.86743,0.86755,1.00,3.75
2017.08.16 02:00:08.761,0.86743,0.86754,3.00,1.50
2017.08.16 02:00:09.307,0.86744,0.86756,1.37,2.25
2017.08.16 02:00:14.977,0.86743,0.86754,3.37,1.00
2017.08.16 02:00:15.079,0.86742,0.86754,3.00,1.12
2017.08.16 02:00:15.614,0.86742,0.86754,2.25,1.50
2017.08.16 02:00:15.920,0.86744,0.86754,1.00,1.00
2017.08.16 02:00:18.675,0.86746,0.86756,1.50,2.62
2017.08.16 02:00:19.006,0.8676,0.86766,1.00,2.25
2017.08.16 02:00:19.058,0.8676,0.86768,1.00,1.12
2017.08.16 02:00:19.160,0.86762,0.86768,1.00,1.12
2017.08.16 02:00:19.212,0.8676,0.86768,1.00,1.12
2017.08.16 02:00:19.501,0.86756,0.86768,1.87,1.87
2017.08.16 02:00:19.603,0.86758,0.86767,1.00,1.00
2017.08.16 02:00:19.908,0.86756,0.86766,1.00,1.50
2017.08.16 02:00:20.438,0.86757,0.86766,1.00,1.50
2017.08.16 02:00:20.662,0.86755,0.86766,1.00,1.50
2017.08.16 02:00:20.815,0.86754,0.86764,1.50,2.25
2017.08.16 02:00:21.506,0.86755,0.86764,1.00,2.62
2017.08.16 02:00:22.032,0.86756,0.86764,1.00,2.62
2017.08.16 02:00:22.472,0.86756,0.86765,1.00,1.00
2017.08.16 02:00:22.979,0.86755,0.86767,1.12,4.12
2017.08.16 02:00:23.599,0.86755,0.86767,1.37,4.12
2017.08.16 02:00:24.259,0.86757,0.86767,1.00,2.25
2017.08.16 02:00:24.801,0.86758,0.86769,1.00,4.50
2017.08.16 02:00:25.004,0.86756,0.86767,1.12,1.12
2017.08.16 02:00:25.362,0.86755,0.86765,1.12,1.00
2017.08.16 02:00:25.668,0.86751,0.86761,1.12,1.00
2017.08.16 02:00:26.420,0.86751,0.86762,1.12,2.62
2017.08.16 02:00:27.530,0.86751,0.86762,1.37,3.37
2017.08.16 02:00:27.683,0.86751,0.86764,2.25,4.12
2017.08.16 02:00:28.436,0.86752,0.86764,1.00,1.87
2017.08.16 02:00:28.931,0.86752,0.8676,1.00,1.00
2017.08.16 02:00:29.186,0.86746,0.86758,3.75,1.00
2017.08.16 02:00:32.922,0.86747,0.86757,1.12,1.00
2017.08.16 02:00:33.470,0.86748,0.86757,1.00,1.00
2017.08.16 02:00:34.166,0.86748,0.86758,1.00,1.12
2017.08.16 02:00:35.031,0.86749,0.86759,1.00,4.12
2017.08.16 02:00:36.874,0.86752,0.86759,1.00,2.62
2017.08.16 02:00:36.925,0.8675,0.86759,1.00,2.62
2017.08.16 02:00:37.473,0.86751,0.86759,1.00,3.37
2017.08.16 02:00:37.728,0.8675,0.86761,1.00,3.37
2017.08.16 02:00:38.646,0.86752,0.8676,1.00,1.12
2017.08.16 02:00:38.748,0.8675,0.86761,1.00,4.12
2017.08.16 02:00:39.763,0.8675,0.86759,1.00,1.00
2017.08.16 02:00:40.272,0.86749,0.86758,1.00,1.12
2017.08.16 02:00:41.833,0.86749,0.86756,1.00,1.00
2017.08.16 02:00:41.884,0.86748,0.86758,1.00,1.12
2017.08.16 02:00:41.986,0.86751,0.86758,1.00,1.12
2017.08.16 02:00:42.140,0.86749,0.86758,1.00,1.12
2017.08.16 02:00:42.680,0.8675,0.86758,1.00,1.00
2017.08.16 02:00:43.274,0.86749,0.86758,1.12,1.00
2017.08.16 02:00:43.789,0.86751,0.86759,1.00,1.12
2017.08.16 02:00:47.763,0.86747,0.86757,2.25,1.00
2017.08.16 02:00:48.011,0.86748,0.86759,1.50,1.12
2017.08.16 02:00:48.610,0.86748,0.86759,1.37,1.00
2017.08.16 02:00:49.578,0.86749,0.86758,1.12,1.00
2017.08.16 02:00:54.249,0.86748,0.86758,2.25,1.00
2017.08.16 02:00:58.547,0.86749,0.8676,1.00,2.62
2017.08.16 02:01:02.751,0.8675,0.8676,1.00,2.62
2017.08.16 02:01:03.057,0.86753,0.86762,1.00,2.62
2017.08.16 02:01:03.159,0.86753,0.86762,1.00,1.00
2017.08.16 02:01:04.784,0.86752,0.86762,1.50,1.00
2017.08.16 02:01:06.317,0.86751,0.86762,1.00,1.00
2017.08.16 02:01:06.858,0.86751,0.86761,1.00,2.25
2017.08.16 02:01:06.960,0.86751,0.8676,1.00,2.62
2017.08.16 02:01:07.164,0.86749,0.86759,1.50,1.00
2017.08.16 02:01:10.398,0.8675,0.86759,1.00,1.00
2017.08.16 02:01:10.971,0.8675,0.8676,1.00,1.00
2017.08.16 02:01:11.682,0.86751,0.8676,1.87,1.00
2017.08.16 02:01:11.885,0.86752,0.86763,1.00,1.50
2017.08.16 02:01:11.937,0.86754,0.86763,1.00,1.50
2017.08.16 02:01:13.164,0.86752,0.86763,1.00,1.50
2017.08.16 02:01:13.470,0.86752,0.86763,1.00,4.12
2017.08.16 02:01:14.139,0.86751,0.86763,1.12,3.37
2017.08.16 02:01:15.176,0.86752,0.86763,1.00,3.37
2017.08.16 02:01:15.909,0.86753,0.86763,1.00,2.62
2017.08.16 02:01:17.223,0.86752,0.86763,1.00,3.37
2017.08.16 02:01:17.377,0.86752,0.86763,1.00,1.12
2017.08.16 02:01:18.004,0.86751,0.86763,1.87,1.87
2017.08.16 02:01:18.156,0.8675,0.8676,1.50,1.00
2017.08.16 02:01:18.309,0.86749,0.86759,1.00,1.00
2017.08.16 02:01:18.411,0.86747,0.86759,1.87,1.12
2017.08.16 02:01:20.918,0.86748,0.8676,1.00,1.50
2017.08.16 02:01:21.992,0.86749,0.86761,1.00,4.87
2017.08.16 02:01:22.944,0.8675,0.86761,1.00,4.12
2017.08.16 02:01:22.996,0.86752,0.86761,1.00,3.37
2017.08.16 02:01:23.200,0.86752,0.86763,1.00,1.87
2017.08.16 02:01:25.642,0.86753,0.86763,1.00,1.50
2017.08.16 02:01:29.198,0.86754,0.86764,1.00,3.37
2017.08.16 02:01:31.038,0.86751,0.8676,1.00,1.00
2017.08.16 02:01:31.664,0.8675,0.8676,2.25,1.00
2017.08.16 02:01:32.272,0.8675,0.8676,1.50,1.00
2017.08.16 02:01:32.921,0.8675,0.8676,1.50,1.00
2017.08.16 02:01:33.422,0.8675,0.8676,1.50,1.00
2017.08.16 02:01:33.937,0.8675,0.8676,1.50,1.00
2017.08.16 02:01:34.182,0.8675,0.8676,1.50,1.00
2017.08.16 02:01:34.480,0.8675,0.8676,1.50,1.00
2017.08.16 02:01:34.669,0.8675,0.8676,1.50,1.00
2017.08.16 02:01:34.920,0.8675,0.8676,1.50,1.00
2017.08.16 02:01:35.421,0.8675,0.8676,1.50,1.00
2017.08.16 02:01:35.925,0.8675,0.8676,1.50,1.00
2017.08.16 02:01:36.696,0.8675,0.8676,1.50,1.00
2017.08.16 02:01:37.457,0.8675,0.8676,1.50,1.00
2017.08.16 02:01:38.175,0.8675,0.8676,1.50,1.00
2017.08.16 02:01:38.920,0.8675,0.8676,1.50,1.00
2017.08.16 02:01:39.441,0.8675,0.8676,1.50,1.00
2017.08.16 02:01:39.983,0.8675,0.8676,1.50,1.00
2017.08.16 02:01:40.524,0.8675,0.8676,3.75,1.00
2017.08.16 02:01:41.463,0.8675,0.86759,3.00,1.00
2017.08.16 02:01:44.713,0.8675,0.86759,3.75,1.00
2017.08.16 02:01:45.222,0.86751,0.86759,1.00,1.00
2017.08.16 02:01:47.737,0.86751,0.86761,1.12,1.00
2017.08.16 02:01:47.839,0.86751,0.86761,3.37,1.00
2017.08.16 02:01:48.347,0.86753,0.86762,1.87,1.00
2017.08.16 02:01:51.053,0.86753,0.8676,1.00,1.00
2017.08.16 02:01:51.358,0.86749,0.86757,2.62,1.00
2017.08.16 02:01:51.511,0.86748,0.86757,1.50,1.12
2017.08.16 02:01:54.924,0.86747,0.86758,2.25,1.37
2017.08.16 02:01:55.077,0.86748,0.86758,1.37,1.37
2017.08.16 02:01:55.613,0.86748,0.86758,1.12,1.37
2017.08.16 02:01:56.121,0.86747,0.86758,3.75,1.37
2017.08.16 02:01:56.338,0.86747,0.86758,1.50,1.37
2017.08.16 02:01:56.795,0.86748,0.86757,1.37,1.12
2017.08.16 02:01:57.297,0.86748,0.86757,1.12,1.12
2017.08.16 02:02:00.624,0.8675,0.86758,1.37,1.37
2017.08.16 02:02:00.675,0.8675,0.8676,1.12,1.50
2017.08.16 02:02:01.030,0.8675,0.86757,2.62,1.00
2017.08.16 02:02:01.285,0.86751,0.86761,1.12,1.50
2017.08.16 02:02:01.437,0.86752,0.86763,1.50,1.00
2017.08.16 02:02:01.962,0.86753,0.86763,1.00,1.00
2017.08.16 02:02:02.628,0.86753,0.86764,1.50,1.12
2017.08.16 02:02:03.599,0.86753,0.86763,1.12,1.00
2017.08.16 02:02:04.407,0.86754,0.86763,1.00,1.00
2017.08.16 02:02:05.475,0.86754,0.86764,1.00,1.12
2017.08.16 02:02:09.071,0.86754,0.86762,1.00,1.00
2017.08.16 02:02:10.255,0.86754,0.86764,1.00,1.12
2017.08.16 02:02:16.781,0.86755,0.86764,1.00,1.00
2017.08.16 02:02:17.519,0.86754,0.86764,1.00,1.00
2017.08.16 02:02:21.841,0.86754,0.86763,1.87,1.00
2017.08.16 02:02:23.317,0.86754,0.86764,1.12,1.00
2017.08.16 02:02:25.432,0.86754,0.86765,1.12,1.00
2017.08.16 02:02:25.998,0.86755,0.86766,1.00,1.12
2017.08.16 02:02:26.199,0.86755,0.86764,1.50,1.00
2017.08.16 02:02:27.113,0.86755,0.86765,1.00,1.00
2017.08.16 02:02:27.728,0.86756,0.86766,1.50,1.12
2017.08.16 02:02:28.745,0.86756,0.86766,1.87,1.12
2017.08.16 02:02:30.083,0.86755,0.86764,3.37,1.00
2017.08.16 02:02:30.236,0.86754,0.86763,1.50,1.00
2017.08.16 02:02:30.902,0.86754,0.86763,1.00,1.00
2017.08.16 02:02:31.662,0.86753,0.86763,1.00,1.00
2017.08.16 02:02:34.112,0.86754,0.86763,1.00,1.00
2017.08.16 02:02:35.167,0.86752,0.86763,3.00,1.00
2017.08.16 02:02:36.103,0.86752,0.86763,3.00,1.00
2017.08.16 02:02:36.644,0.86752,0.86763,3.00,1.00
2017.08.16 02:02:46.934,0.86752,0.8676,3.37,1.00
2017.08.16 02:02:47.087,0.86751,0.86759,1.12,1.00
2017.08.16 02:02:47.240,0.86751,0.8676,3.37,1.00
2017.08.16 02:02:47.342,0.86753,0.86762,1.00,1.00
2017.08.16 02:02:48.147,0.86753,0.86762,1.50,1.00
2017.08.16 02:02:48.672,0.86753,0.86763,3.00,1.12
2017.08.16 02:02:49.260,0.86753,0.86762,1.00,1.00
2017.08.16 02:02:49.794,0.86754,0.86762,1.00,1.00
2017.08.16 02:02:50.994,0.86752,0.8676,1.87,1.00
2017.08.16 02:02:52.086,0.86752,0.8676,1.87,1.00
2017.08.16 02:02:52.602,0.86752,0.86761,1.00,1.00
2017.08.16 02:02:53.276,0.8675,0.8676,2.25,1.00
2017.08.16 02:02:53.847,0.8675,0.8676,3.00,1.00
2017.08.16 02:02:57.664,0.8675,0.8676,1.50,1.00
2017.08.16 02:02:58.682,0.86752,0.8676,1.00,1.00
2017.08.16 02:02:59.191,0.86751,0.8676,1.50,1.00
2017.08.16 02:03:01.822,0.8675,0.86758,1.50,1.00
2017.08.16 02:03:02.703,0.8675,0.86758,1.00,1.00
2017.08.16 02:03:03.231,0.86749,0.86759,1.50,1.00
2017.08.16 02:03:04.004,0.86749,0.8676,2.25,1.00
2017.08.16 02:03:06.484,0.86752,0.8676,1.00,1.00
2017.08.16 02:03:07.796,0.8675,0.8676,1.12,1.00
2017.08.16 02:03:08.343,0.86751,0.8676,1.00,1.00
2017.08.16 02:03:10.427,0.86751,0.86761,1.00,1.50
2017.08.16 02:03:11.049,0.86751,0.8676,1.00,1.00
2017.08.16 02:03:16.049,0.86751,0.86761,1.00,1.50
2017.08.16 02:03:23.718,0.86751,0.86759,1.12,1.00
2017.08.16 02:03:27.041,0.8675,0.86759,1.50,1.50
2017.08.16 02:03:30.446,0.8675,0.86759,2.25,1.50
2017.08.16 02:03:31.052,0.8675,0.86759,2.25,1.50
2017.08.16 02:03:31.359,0.8675,0.86759,1.50,1.50
2017.08.16 02:03:31.639,0.8675,0.86758,1.50,1.00
2017.08.16 02:03:32.312,0.8675,0.86759,1.50,1.50
2017.08.16 02:03:32.362,0.8675,0.86757,1.50,1.00
2017.08.16 02:03:32.471,0.8675,0.86759,1.50,1.50
2017.08.16 02:03:46.746,0.8675,0.86759,1.50,1.00
2017.08.16 02:03:47.250,0.86753,0.86762,1.00,1.87
2017.08.16 02:03:47.556,0.86754,0.86764,1.87,1.00
2017.08.16 02:03:48.413,0.86754,0.86762,1.87,1.00
2017.08.16 02:03:49.382,0.86754,0.86763,1.87,1.00
2017.08.16 02:03:51.821,0.86755,0.86763,1.00,1.00
2017.08.16 02:03:52.362,0.86754,0.86763,1.87,1.00
2017.08.16 02:03:53.040,0.86754,0.86764,1.87,1.00
2017.08.16 02:03:53.585,0.86754,0.86763,1.87,1.00
2017.08.16 02:03:54.132,0.86754,0.86762,1.87,1.00
2017.08.16 02:03:54.438,0.86751,0.8676,1.50,1.50
2017.08.16 02:03:54.844,0.86751,0.86758,1.00,1.00
2017.08.16 02:03:54.896,0.86751,0.8676,1.00,1.87
2017.08.16 02:03:55.401,0.86749,0.86759,3.75,1.00
2017.08.16 02:03:56.753,0.86749,0.86758,3.75,1.00
2017.08.16 02:03:57.977,0.8675,0.86761,1.87,1.37
2017.08.16 02:03:58.528,0.86752,0.86761,1.00,1.87
2017.08.16 02:03:59.560,0.86751,0.8676,1.12,1.12
2017.08.16 02:04:02.773,0.86749,0.86758,4.50,1.00
2017.08.16 02:04:13.465,0.8675,0.8676,1.37,1.12
2017.08.16 02:04:14.420,0.8675,0.86761,2.25,1.00
2017.08.16 02:04:20.026,0.8675,0.8676,1.00,1.50
2017.08.16 02:04:20.482,0.8675,0.86758,1.00,1.00
2017.08.16 02:04:20.533,0.86747,0.86758,2.62,1.00
2017.08.16 02:04:21.048,0.86747,0.86757,1.87,1.00
2017.08.16 02:04:21.535,0.86748,0.86758,3.37,1.00
2017.08.16 02:04:22.059,0.86748,0.86759,4.12,1.00
2017.08.16 02:04:22.395,0.86748,0.86758,2.25,1.00
2017.08.16 02:04:22.446,0.86749,0.8676,1.00,1.87
2017.08.16 02:04:22.497,0.86749,0.86757,1.00,1.00
2017.08.16 02:04:23.005,0.86749,0.86757,1.00,1.37
2017.08.16 02:04:25.057,0.8675,0.86758,1.00,3.37
2017.08.16 02:04:25.108,0.86751,0.86758,1.00,1.12
2017.08.16 02:04:25.413,0.86751,0.8676,1.00,1.12
2017.08.16 02:04:28.362,0.86751,0.86759,1.00,1.00
2017.08.16 02:04:29.371,0.86753,0.86759,1.00,1.00
2017.08.16 02:04:29.912,0.86752,0.86759,1.00,1.00
2017.08.16 02:04:30.568,0.86753,0.86761,1.00,3.37
2017.08.16 02:04:33.234,0.86753,0.86761,1.00,1.12
2017.08.16 02:04:33.336,0.86756,0.86765,1.00,1.87
2017.08.16 02:04:33.735,0.86758,0.86766,1.00,1.12
2017.08.16 02:04:37.353,0.86755,0.86766,2.25,1.12
2017.08.16 02:04:37.879,0.86755,0.86765,1.50,1.00
2017.08.16 02:04:39.262,0.86755,0.86765,1.12,2.25
2017.08.16 02:04:40.771,0.86754,0.86763,1.12,1.12
2017.08.16 02:04:41.283,0.86753,0.86762,2.25,1.00
2017.08.16 02:04:42.401,0.86754,0.86761,1.12,1.00
2017.08.16 02:04:42.673,0.86754,0.86763,1.12,1.12
2017.08.16 02:04:45.557,0.86752,0.86762,3.37,1.50
2017.08.16 02:04:45.608,0.86752,0.86759,2.62,1.00
2017.08.16 02:04:45.660,0.86749,0.86758,3.37,1.00
2017.08.16 02:04:45.907,0.86746,0.86757,6.75,1.50
2017.08.16 02:04:45.958,0.86746,0.86755,4.12,1.00
2017.08.16 02:04:46.060,0.86746,0.86757,4.12,1.50
2017.08.16 02:04:46.112,0.86746,0.86755,4.87,1.00
2017.08.16 02:04:46.681,0.86746,0.86755,1.00,1.87
2017.08.16 02:04:47.942,0.86747,0.86757,1.50,2.62
2017.08.16 02:04:48.095,0.86747,0.86758,1.50,1.50
2017.08.16 02:04:48.879,0.86748,0.86758,1.00,1.37
2017.08.16 02:04:49.842,0.86747,0.86757,1.12,1.12
2017.08.16 02:04:53.079,0.86748,0.86757,1.00,1.12
2017.08.16 02:04:53.424,0.8675,0.86759,1.00,3.37
2017.08.16 02:04:53.475,0.8675,0.86759,1.00,1.00
2017.08.16 02:04:54.096,0.86751,0.8676,1.00,1.87
2017.08.16 02:04:54.655,0.86751,0.86758,1.00,1.00
2017.08.16 02:04:55.179,0.8675,0.86758,1.50,1.00
2017.08.16 02:04:55.555,0.8675,0.86756,1.00,1.00
2017.08.16 02:04:56.073,0.86749,0.86756,1.00,1.00
2017.08.16 02:05:00.338,0.86748,0.86757,1.50,1.00
2017.08.16 02:05:01.032,0.86749,0.86758,1.50,1.00
2017.08.16 02:05:01.633,0.8675,0.86759,1.50,1.00
2017.08.16 02:05:02.146,0.8675,0.86758,1.50,1.00
2017.08.16 02:05:04.298,0.86749,0.86757,1.00,1.00
2017.08.16 02:05:05.443,0.86749,0.8676,1.12,1.50
2017.08.16 02:05:07.112,0.86749,0.86759,1.12,1.00
2017.08.16 02:05:08.926,0.86749,0.86758,1.12,1.50
2017.08.16 02:05:12.417,0.86749,0.86759,1.87,1.50
2017.08.16 02:05:14.705,0.86749,0.86757,1.50,1.00
2017.08.16 02:05:15.048,0.86747,0.86755,1.00,1.00
2017.08.16 02:05:15.683,0.86747,0.86754,1.00,1.00
2017.08.16 02:05:22.320,0.86747,0.86755,1.00,1.00
2017.08.16 02:05:25.280,0.86747,0.86756,1.00,1.50
2017.08.16 02:05:25.641,0.86749,0.86756,1.00,1.50
2017.08.16 02:05:29.316,0.86747,0.86756,1.50,1.50
2017.08.16 02:05:29.873,0.86748,0.86756,1.00,1.00
2017.08.16 02:05:30.705,0.8675,0.86756,1.00,1.00
2017.08.16 02:05:30.857,0.8675,0.86759,1.00,1.00
2017.08.16 02:05:32.727,0.8675,0.86758,1.00,1.00
2017.08.16 02:05:33.139,0.8675,0.8676,1.00,1.00
2017.08.16 02:05:33.675,0.86751,0.8676,1.00,1.00
2017.08.16 02:05:38.069,0.8675,0.8676,1.00,1.50
2017.08.16 02:05:38.970,0.8675,0.86759,1.00,1.00
2017.08.16 02:05:39.752,0.86751,0.86759,1.00,1.00
2017.08.16 02:05:41.279,0.86751,0.8676,1.12,1.00
2017.08.16 02:05:41.968,0.86751,0.86761,1.00,1.50
2017.08.16 02:05:44.438,0.86751,0.86759,1.00,1.00
2017.08.16 02:05:47.009,0.8675,0.86759,1.00,1.00
2017.08.16 02:05:47.060,0.86751,0.86761,1.00,1.12
2017.08.16 02:05:47.162,0.86753,0.86762,1.00,1.12
2017.08.16 02:05:47.699,0.86752,0.86761,1.12,1.00
2017.08.16 02:05:49.563,0.86754,0.86761,1.00,1.00
2017.08.16 02:05:50.269,0.86754,0.8676,1.00,1.00
2017.08.16 02:05:50.320,0.86751,0.8676,2.25,1.00
2017.08.16 02:05:50.371,0.8675,0.8676,1.12,1.00
2017.08.16 02:05:50.900,0.86749,0.86759,3.75,1.50
2017.08.16 02:05:51.053,0.86749,0.86759,1.50,1.50
2017.08.16 02:05:55.321,0.86749,0.8676,1.50,1.50
2017.08.16 02:05:55.830,0.86749,0.86759,1.12,1.00
2017.08.16 02:05:56.331,0.86749,0.8676,1.50,1.50
2017.08.16 02:05:57.870,0.86748,0.86759,5.25,1.12
2017.08.16 02:05:59.792,0.8675,0.86761,2.25,1.87
2017.08.16 02:06:00.550,0.8675,0.8676,2.25,1.00
2017.08.16 02:06:01.114,0.8675,0.86759,3.00,1.00
2017.08.16 02:06:01.658,0.86749,0.8676,2.25,1.00
2017.08.16 02:06:01.761,0.86748,0.8676,3.00,1.87
2017.08.16 02:06:02.295,0.86749,0.86759,1.50,1.00
2017.08.16 02:06:02.844,0.86749,0.8676,1.87,1.12
2017.08.16 02:06:03.377,0.86749,0.86759,1.12,1.00
2017.08.16 02:06:03.923,0.86749,0.8676,2.25,1.00
2017.08.16 02:06:04.434,0.86749,0.8676,1.50,1.50
2017.08.16 02:06:04.485,0.86749,0.86758,1.50,1.00
2017.08.16 02:06:05.246,0.8675,0.86759,1.00,1.00
2017.08.16 02:06:05.774,0.86749,0.8676,1.50,1.50
2017.08.16 02:06:07.576,0.86749,0.86759,1.50,1.00
2017.08.16 02:06:08.152,0.8675,0.86759,1.00,1.00
2017.08.16 02:06:13.155,0.86751,0.8676,1.50,1.00
2017.08.16 02:06:13.679,0.8675,0.86761,3.75,1.12
2017.08.16 02:06:14.586,0.8675,0.86757,3.00,1.00
2017.08.16 02:06:15.093,0.8675,0.86758,2.25,1.00
2017.08.16 02:06:19.504,0.86751,0.86757,1.12,1.00
2017.08.16 02:06:19.649,0.86751,0.8676,1.12,1.00
2017.08.16 02:06:19.700,0.86751,0.86758,1.12,1.00
2017.08.16 02:06:21.289,0.86749,0.86757,1.00,1.00
2017.08.16 02:06:21.442,0.86747,0.86757,1.00,1.12
2017.08.16 02:06:21.950,0.86747,0.86756,1.00,1.00
2017.08.16 02:06:22.457,0.86746,0.86756,1.00,1.00
2017.08.16 02:06:23.525,0.86747,0.86755,1.00,1.00
2017.08.16 02:06:23.872,0.86745,0.86755,3.37,1.00
2017.08.16 02:06:26.818,0.86745,0.86756,3.75,1.50
2017.08.16 02:06:27.343,0.86747,0.86756,1.00,1.00
2017.08.16 02:06:28.236,0.86748,0.86756,1.00,1.00
2017.08.16 02:06:28.339,0.86749,0.86758,1.00,1.00
2017.08.16 02:06:28.875,0.86749,0.86757,1.72,1.00
2017.08.16 02:06:29.137,0.86751,0.86757,1.00,1.00
2017.08.16 02:06:31.532,0.8675,0.86759,1.50,1.00
2017.08.16 02:06:33.877,0.8675,0.8676,2.25,1.00
2017.08.16 02:06:37.201,0.86748,0.86756,2.62,1.50
2017.08.16 02:06:37.354,0.86747,0.86755,1.00,1.50
2017.08.16 02:06:38.017,0.86747,0.86754,1.00,1.00
2017.08.16 02:06:38.613,0.86746,0.86754,1.87,1.00
2017.08.16 02:06:39.984,0.86746,0.86755,1.87,1.50
2017.08.16 02:06:40.528,0.86747,0.86755,1.00,1.50
2017.08.16 02:06:41.323,0.86747,0.86754,1.00,1.00
2017.08.16 02:06:41.859,0.86746,0.86754,2.62,1.00
2017.08.16 02:06:44.635,0.86747,0.86756,1.00,1.50
2017.08.16 02:06:45.768,0.86748,0.86756,1.00,1.00
2017.08.16 02:06:46.371,0.86747,0.86756,1.00,1.00
2017.08.16 02:06:47.744,0.86748,0.86756,1.12,1.00
2017.08.16 02:06:48.379,0.86747,0.86756,1.12,1.00
2017.08.16 02:06:48.535,0.8675,0.8676,1.50,3.37
2017.08.16 02:06:48.840,0.8675,0.86756,1.00,1.00
2017.08.16 02:06:48.891,0.8675,0.86758,1.00,1.00
2017.08.16 02:06:48.993,0.86748,0.86758,1.12,1.50
2017.08.16 02:06:49.512,0.86748,0.86757,1.12,1.00
2017.08.16 02:06:50.220,0.86748,0.86756,1.12,1.00
2017.08.16 02:06:50.760,0.86747,0.86756,1.87,1.00
2017.08.16 02:06:52.206,0.86746,0.86757,2.25,1.50
2017.08.16 02:06:53.169,0.86746,0.86757,2.62,1.87
2017.08.16 02:06:53.678,0.86747,0.86755,1.12,1.00
2017.08.16 02:06:58.934,0.86747,0.86753,1.12,1.00
2017.08.16 02:06:59.443,0.86746,0.86753,1.00,1.00
2017.08.16 02:07:04.122,0.86745,0.86753,1.87,1.00
2017.08.16 02:07:09.294,0.86746,0.86753,1.00,1.00
2017.08.16 02:07:09.831,0.86746,0.86755,1.00,1.50
2017.08.16 02:07:09.884,0.86748,0.86755,1.00,1.00
2017.08.16 02:07:10.038,0.86746,0.86755,1.00,1.00
2017.08.16 02:07:12.982,0.86746,0.86754,1.00,1.50
2017.08.16 02:07:13.033,0.86746,0.86752,1.00,1.00
2017.08.16 02:07:13.339,0.86744,0.86752,1.50,1.50
2017.08.16 02:07:13.854,0.86743,0.86751,1.50,1.00
2017.08.16 02:07:14.403,0.86742,0.86751,2.62,1.00
2017.08.16 02:07:15.693,0.86742,0.8675,1.12,1.00
2017.08.16 02:07:16.430,0.86743,0.8675,1.00,1.00
2017.08.16 02:07:17.707,0.86742,0.8675,1.12,1.00
2017.08.16 02:07:19.925,0.86742,0.86752,1.12,1.00
2017.08.16 02:07:20.027,0.86744,0.86751,1.00,1.00
2017.08.16 02:07:20.078,0.86744,0.86753,1.50,1.00
2017.08.16 02:07:20.584,0.86744,0.86753,1.50,1.00
2017.08.16 02:07:21.055,0.86744,0.86755,2.25,1.50
2017.08.16 02:07:26.556,0.86744,0.86754,1.50,1.00
2017.08.16 02:07:29.961,0.86744,0.86755,2.25,1.00
2017.08.16 02:07:30.936,0.86744,0.86754,2.25,1.00
2017.08.16 02:07:34.847,0.86746,0.86755,1.00,1.00
2017.08.16 02:07:35.379,0.86744,0.86754,3.00,1.00
2017.08.16 02:07:53.896,0.86744,0.86754,1.12,1.50
2017.08.16 02:08:10.914,0.86745,0.86754,1.00,1.50
2017.08.16 02:08:11.618,0.86744,0.86754,1.00,1.50
2017.08.16 02:08:12.274,0.86744,0.86753,1.50,1.00
2017.08.16 02:08:12.934,0.86744,0.86754,1.50,1.00
2017.08.16 02:08:27.231,0.86745,0.86754,1.00,1.00
2017.08.16 02:08:36.397,0.86745,0.86755,1.50,1.00
2017.08.16 02:08:42.676,0.86745,0.86754,1.12,1.00
2017.08.16 02:08:47.478,0.86745,0.86755,1.12,1.00
2017.08.16 02:09:01.452,0.86744,0.86754,3.37,1.00
2017.08.16 02:09:08.323,0.86744,0.86753,2.62,1.00
2017.08.16 02:09:08.566,0.86743,0.86753,1.12,1.00
2017.08.16 02:09:08.668,0.86742,0.86751,1.50,1.00
2017.08.16 02:09:19.872,0.86742,0.86752,1.50,1.50
2017.08.16 02:09:20.328,0.86741,0.8675,4.12,1.00
2017.08.16 02:09:20.480,0.86741,0.8675,1.12,1.00
2017.08.16 02:09:20.784,0.86744,0.86755,1.50,4.12
2017.08.16 02:09:20.887,0.86744,0.86755,1.87,1.87
2017.08.16 02:09:20.938,0.86747,0.86755,1.00,1.12
2017.08.16 02:09:21.457,0.86747,0.86756,1.12,1.50
2017.08.16 02:09:22.004,0.86747,0.86756,1.37,1.00
2017.08.16 02:09:22.106,0.86747,0.86758,1.50,1.50
2017.08.16 02:09:22.620,0.86746,0.86757,4.87,1.00
2017.08.16 02:09:22.773,0.86746,0.86756,2.62,1.00
2017.08.16 02:09:23.276,0.86746,0.86755,1.12,1.00
2017.08.16 02:09:34.696,0.86746,0.86756,1.87,1.00
2017.08.16 02:09:35.221,0.86747,0.86757,3.37,1.00
2017.08.16 02:09:35.324,0.86748,0.86759,1.12,1.50
2017.08.16 02:09:35.427,0.86749,0.86759,2.25,1.50
2017.08.16 02:09:36.078,0.86748,0.86758,2.25,1.00
2017.08.16 02:09:36.898,0.86749,0.86757,1.12,1.00
2017.08.16 02:09:42.879,0.86749,0.86758,1.12,1.50
2017.08.16 02:09:43.453,0.86748,0.86759,4.50,1.87
2017.08.16 02:09:44.013,0.86748,0.86758,3.75,1.00
2017.08.16 02:09:47.594,0.86748,0.86757,3.00,1.00
2017.08.16 02:09:50.959,0.86753,0.86759,1.00,1.12
2017.08.16 02:09:54.375,0.86754,0.86759,1.00,1.00
2017.08.16 02:09:54.792,0.86756,0.8676,1.00,1.00
2017.08.16 02:09:55.024,0.86756,0.86761,1.00,1.00
2017.08.16 02:09:56.284,0.86756,0.8676,1.00,1.00
2017.08.16 02:09:57.969,0.86756,0.86761,1.00,1.00
2017.08.16 02:09:58.703,0.86756,0.8676,1.00,1.00
2017.08.16 02:09:59.286,0.86755,0.86759,1.00,1.00
2017.08.16 02:09:59.977,0.86756,0.86761,1.00,1.00
2017.08.16 02:10:00.535,0.86756,0.8676,1.00,1.00
2017.08.16 02:10:01.042,0.86756,0.86761,1.00,1.00
2017.08.16 02:10:01.696,0.86756,0.8676,1.00,1.00
2017.08.16 02:10:03.168,0.86756,0.86761,1.00,1.00
2017.08.16 02:10:03.675,0.86756,0.8676,1.00,1.00
2017.08.16 02:10:05.172,0.86756,0.86761,1.00,1.00
2017.08.16 02:10:05.677,0.86756,0.8676,1.00,1.00
2017.08.16 02:10:07.183,0.86756,0.86761,1.00,1.00
2017.08.16 02:10:09.514,0.86757,0.86763,1.00,1.50
2017.08.16 02:10:09.666,0.86757,0.86765,1.00,1.50
2017.08.16 02:10:12.904,0.86757,0.86763,1.00,1.00
2017.08.16 02:10:14.174,0.86757,0.86764,1.00,1.12
2017.08.16 02:10:14.983,0.86756,0.86762,1.00,1.00
2017.08.16 02:10:15.531,0.86755,0.86761,1.00,1.00
2017.08.16 02:10:16.225,0.86755,0.86762,1.00,1.12
2017.08.16 02:10:17.245,0.86755,0.86761,1.00,1.00
2017.08.16 02:10:17.788,0.86756,0.86761,1.00,1.00
2017.08.16 02:10:18.234,0.86757,0.86763,1.00,1.00
2017.08.16 02:10:18.336,0.86759,0.86763,1.00,1.00
2017.08.16 02:10:18.490,0.86759,0.86765,1.00,1.00
2017.08.16 02:10:22.109,0.86758,0.86765,1.00,1.00
2017.08.16 02:10:31.054,0.86754,0.86762,2.25,1.00
2017.08.16 02:10:31.381,0.86754,0.8676,1.00,1.00
2017.08.16 02:10:32.019,0.86754,0.86761,1.00,1.00
2017.08.16 02:10:32.527,0.8675,0.8676,1.87,1.00
2017.08.16 02:10:33.714,0.8675,0.8676,2.25,1.00
2017.08.16 02:10:35.723,0.8675,0.8676,1.12,1.50
2017.08.16 02:10:43.978,0.8675,0.86759,1.50,1.00
2017.08.16 02:10:46.731,0.86749,0.86755,2.62,1.00
2017.08.16 02:10:46.885,0.86746,0.86755,1.50,1.00
2017.08.16 02:10:47.976,0.86746,0.86756,2.25,1.50
2017.08.16 02:10:48.488,0.86747,0.86756,1.00,1.50
2017.08.16 02:10:50.484,0.86746,0.86756,2.25,1.00
2017.08.16 02:10:50.981,0.86748,0.86756,1.00,1.00
2017.08.16 02:10:51.486,0.86748,0.86757,1.00,1.00
2017.08.16 02:10:52.387,0.86749,0.86758,1.00,1.50
2017.08.16 02:10:52.880,0.86751,0.86759,1.00,1.37
2017.08.16 02:10:52.982,0.86751,0.8676,1.00,1.00
2017.08.16 02:10:53.535,0.86752,0.8676,1.00,1.00
2017.08.16 02:10:54.457,0.86752,0.86759,1.00,1.00
2017.08.16 02:10:54.960,0.86751,0.86759,1.00,1.00
2017.08.16 02:10:58.513,0.86751,0.86761,1.00,1.12
2017.08.16 02:10:59.958,0.86752,0.86762,1.00,1.50
2017.08.16 02:11:00.484,0.86753,0.86762,1.00,1.50
2017.08.16 02:11:10.844,0.86753,0.86764,1.00,4.12
2017.08.16 02:11:11.586,0.86751,0.86762,1.87,1.00
2017.08.16 02:11:12.978,0.86751,0.86761,1.87,1.00
2017.08.16 02:11:19.563,0.86751,0.8676,2.62,1.00
2017.08.16 02:11:20.397,0.86752,0.8676,1.00,1.00
2017.08.16 02:11:20.938,0.86751,0.8676,1.87,1.00
2017.08.16 02:11:21.445,0.86752,0.86761,1.12,1.00
2017.08.16 02:11:22.106,0.86752,0.86762,1.12,1.00
2017.08.16 02:11:25.963,0.86755,0.86763,1.00,1.12
2017.08.16 02:11:26.117,0.86755,0.86765,1.00,1.12
2017.08.16 02:11:26.641,0.86755,0.86765,2.25,1.00
2017.08.16 02:11:43.764,0.86756,0.86765,1.50,1.00
2017.08.16 02:11:44.284,0.86756,0.86765,1.50,1.00
2017.08.16 02:11:44.396,0.86756,0.86768,2.25,1.12
2017.08.16 02:11:49.983,0.8676,0.86769,1.00,1.50
2017.08.16 02:11:56.974,0.8676,0.86769,1.00,3.37
2017.08.16 02:12:00.145,0.86758,0.86769,1.00,4.12
2017.08.16 02:12:01.004,0.86756,0.86768,3.75,1.37
2017.08.16 02:12:11.386,0.86758,0.86768,1.00,1.37
2017.08.16 02:12:14.985,0.86761,0.86769,1.00,2.62
2017.08.16 02:12:15.036,0.86758,0.86767,1.00,1.12
2017.08.16 02:12:15.189,0.86756,0.86765,3.37,1.00
2017.08.16 02:12:15.341,0.86756,0.86765,1.12,1.00
2017.08.16 02:12:16.261,0.86757,0.86765,1.00,1.00
2017.08.16 02:12:16.783,0.86755,0.86765,5.25,1.00
2017.08.16 02:12:17.743,0.86756,0.86766,1.12,1.00
2017.08.16 02:12:18.721,0.86756,0.86767,1.12,1.00
2017.08.16 02:12:26.007,0.86755,0.86766,3.37,1.00
2017.08.16 02:12:28.323,0.86758,0.86767,1.00,1.00
2017.08.16 02:12:30.286,0.86758,0.86768,1.00,1.87
2017.08.16 02:12:30.742,0.86757,0.86766,1.00,1.00
2017.08.16 02:12:31.047,0.86757,0.86765,1.00,2.25
2017.08.16 02:12:31.149,0.86757,0.86766,1.00,1.00
2017.08.16 02:12:31.925,0.86758,0.86766,1.00,1.00
2017.08.16 02:12:32.443,0.86758,0.86767,1.00,1.12
2017.08.16 02:12:33.088,0.86758,0.86768,1.00,1.12
2017.08.16 02:12:33.635,0.86761,0.86769,1.00,1.50
2017.08.16 02:12:40.244,0.86761,0.86767,1.00,1.00
2017.08.16 02:12:40.776,0.86761,0.86768,1.00,1.12
2017.08.16 02:12:42.735,0.86761,0.86767,1.00,1.00
2017.08.16 02:12:43.271,0.86761,0.86769,1.00,1.50
2017.08.16 02:12:44.737,0.86761,0.86767,1.00,1.00
2017.08.16 02:12:45.299,0.86761,0.86769,1.00,1.50
2017.08.16 02:12:45.558,0.86759,0.86768,1.00,1.72
2017.08.16 02:12:45.762,0.86757,0.86767,1.00,1.00
2017.08.16 02:12:46.034,0.86759,0.86767,1.00,1.00
2017.08.16 02:12:46.085,0.86755,0.86765,1.50,1.00
2017.08.16 02:12:46.239,0.86754,0.86762,3.00,1.00
2017.08.16 02:12:46.391,0.86753,0.86762,1.00,1.35
2017.08.16 02:12:46.646,0.86755,0.86759,1.00,1.00
2017.08.16 02:12:46.698,0.86751,0.86757,1.00,1.00
2017.08.16 02:12:46.889,0.86748,0.86756,1.12,1.00
2017.08.16 02:12:47.356,0.86746,0.86753,2.25,1.00
2017.08.16 02:12:47.407,0.86744,0.86752,2.25,1.00
2017.08.16 02:12:47.510,0.86743,0.86752,3.00,1.50
2017.08.16 02:12:48.027,0.86743,0.86752,1.12,1.50
2017.08.16 02:12:50.446,0.86745,0.86752,1.00,1.00
2017.08.16 02:12:51.291,0.86745,0.86753,1.00,1.00
2017.08.16 02:12:51.903,0.86745,0.86754,1.00,1.00
2017.08.16 02:12:52.482,0.86745,0.86753,1.00,1.00
2017.08.16 02:12:54.033,0.86745,0.86754,1.00,1.00
2017.08.16 02:12:54.659,0.86745,0.86753,1.00,1.00
2017.08.16 02:12:55.232,0.86745,0.86754,1.00,1.00
2017.08.16 02:12:55.762,0.86745,0.86753,1.00,1.00
2017.08.16 02:12:56.563,0.86745,0.86754,1.00,1.00
2017.08.16 02:12:57.292,0.86745,0.86753,1.00,1.00
2017.08.16 02:12:59.478,0.86745,0.86754,1.00,1.00
2017.08.16 02:13:00.783,0.86745,0.86752,1.00,1.00
2017.08.16 02:13:01.291,0.86745,0.86753,1.00,1.00
2017.08.16 02:13:01.343,0.86743,0.86753,1.12,1.00
2017.08.16 02:13:01.447,0.86745,0.86754,1.00,1.50
2017.08.16 02:13:01.752,0.86747,0.86755,1.00,2.62
2017.08.16 02:13:01.804,0.86747,0.86758,1.00,1.12
2017.08.16 02:13:02.469,0.86747,0.86757,1.00,1.00
2017.08.16 02:13:03.459,0.86748,0.86757,1.00,1.00
2017.08.16 02:13:03.984,0.86748,0.86758,1.00,1.12
2017.08.16 02:13:04.283,0.86747,0.86756,1.00,1.00
2017.08.16 02:13:04.537,0.86745,0.86756,1.12,1.00
2017.08.16 02:13:04.926,0.86747,0.86756,1.00,1.00
2017.08.16 02:13:05.282,0.86744,0.86755,2.62,1.00
2017.08.16 02:13:06.099,0.86745,0.86754,1.12,1.00
2017.08.16 02:13:07.083,0.86745,0.86755,1.12,1.00
2017.08.16 02:13:07.908,0.86745,0.86756,1.87,1.00
2017.08.16 02:13:07.959,0.86747,0.86755,1.00,1.00
2017.08.16 02:13:08.191,0.86745,0.86755,1.12,1.00
2017.08.16 02:13:08.742,0.86745,0.86756,1.12,1.00
2017.08.16 02:13:09.272,0.86745,0.86755,1.12,1.00
2017.08.16 02:13:11.014,0.86745,0.86754,1.12,1.00
2017.08.16 02:13:12.804,0.86745,0.86755,1.12,1.00
2017.08.16 02:13:13.346,0.86745,0.86754,1.12,1.00
2017.08.16 02:13:13.629,0.86743,0.8675,2.62,1.00
2017.08.16 02:13:13.834,0.8674,0.86751,6.00,1.00
2017.08.16 02:13:19.883,0.86741,0.8675,1.37,1.00
2017.08.16 02:13:20.391,0.8674,0.86751,3.75,1.12
2017.08.16 02:13:21.944,0.86741,0.86751,2.62,1.00
2017.08.16 02:13:22.649,0.86741,0.86752,2.62,1.00
2017.08.16 02:13:23.971,0.86741,0.8675,3.75,1.00
2017.08.16 02:13:25.947,0.86741,0.86752,3.00,1.00
2017.08.16 02:13:32.395,0.86741,0.86753,2.62,1.12
2017.08.16 02:13:32.915,0.86743,0.86753,1.37,1.00
2017.08.16 02:13:33.819,0.86742,0.86754,4.50,1.00
2017.08.16 02:13:35.768,0.86744,0.86756,2.25,1.12
2017.08.16 02:13:35.872,0.86745,0.86756,3.75,1.00
2017.08.16 02:13:36.087,0.86748,0.86758,1.12,1.50
2017.08.16 02:13:36.138,0.86748,0.86759,3.37,1.00
2017.08.16 02:13:36.651,0.86748,0.86758,2.62,1.00
2017.08.16 02:13:36.854,0.86746,0.86756,1.00,1.00
2017.08.16 02:13:37.360,0.86746,0.86757,2.62,1.00
2017.08.16 02:13:37.932,0.86745,0.86757,2.25,1.12
2017.08.16 02:13:38.479,0.86745,0.86756,1.50,1.00
2017.08.16 02:13:38.735,0.86748,0.86758,1.00,1.50
2017.08.16 02:13:39.121,0.86748,0.86759,1.00,1.12
2017.08.16 02:13:39.684,0.86746,0.86758,3.37,1.00
2017.08.16 02:13:40.192,0.86747,0.86756,1.00,1.00
2017.08.16 02:13:40.649,0.86745,0.86754,2.25,1.00
2017.08.16 02:13:40.852,0.86744,0.86754,1.00,1.00
2017.08.16 02:13:41.398,0.86743,0.86755,1.50,1.12
2017.08.16 02:13:43.137,0.86742,0.86754,3.37,1.00
2017.08.16 02:13:43.333,0.86742,0.86752,4.12,1.00
2017.08.16 02:13:43.537,0.86742,0.86754,1.87,1.12
2017.08.16 02:13:43.589,0.86744,0.86754,1.00,1.12
2017.08.16 02:13:44.256,0.86745,0.86754,2.25,1.00
2017.08.16 02:13:44.358,0.86744,0.86754,1.00,1.00
2017.08.16 02:13:44.856,0.86743,0.86751,2.62,1.00
2017.08.16 02:13:44.958,0.86741,0.86751,4.50,1.00
2017.08.16 02:13:45.584,0.86741,0.8675,3.00,1.00
2017.08.16 02:13:46.494,0.86742,0.86751,1.37,1.00
2017.08.16 02:13:47.724,0.86742,0.86753,1.87,1.00
2017.08.16 02:13:48.257,0.86742,0.86752,1.00,1.00
2017.08.16 02:13:48.461,0.8674,0.86751,1.12,1.00
2017.08.16 02:13:48.985,0.86741,0.86751,1.00,1.00
2017.08.16 02:13:49.581,0.86741,0.86752,1.87,1.12
2017.08.16 02:13:49.635,0.86741,0.86752,3.37,1.00
2017.08.16 02:13:52.957,0.86741,0.86751,3.37,1.00
2017.08.16 02:13:56.727,0.86741,0.86752,4.12,1.00
2017.08.16 02:13:58.492,0.86741,0.86751,3.37,1.00
2017.08.16 02:14:02.414,0.86741,0.8675,3.37,1.00
2017.08.16 02:14:02.516,0.86739,0.8675,2.25,1.00
2017.08.16 02:14:03.187,0.8674,0.86751,1.12,1.12
2017.08.16 02:14:03.734,0.86741,0.86751,1.00,1.00
2017.08.16 02:14:13.081,0.86741,0.86751,2.25,1.00
2017.08.16 02:14:13.640,0.86741,0.86751,3.37,1.00
2017.08.16 02:14:15.597,0.86741,0.86749,2.62,1.00
2017.08.16 02:14:15.749,0.86741,0.86749,1.00,1.00
2017.08.16 02:14:21.729,0.86741,0.86752,1.00,1.50
2017.08.16 02:14:22.247,0.86741,0.86751,1.87,1.00
2017.08.16 02:14:29.262,0.86741,0.8675,1.50,1.00
2017.08.16 02:14:29.313,0.86741,0.86752,1.50,1.00
2017.08.16 02:14:29.854,0.86741,0.86751,2.25,1.00
2017.08.16 02:14:32.536,0.8674,0.86752,4.50,1.00
2017.08.16 02:14:33.055,0.8674,0.86751,3.00,1.00
2017.08.16 02:14:33.585,0.86741,0.86752,1.37,1.00
2017.08.16 02:14:33.887,0.86742,0.86754,1.12,2.62
2017.08.16 02:14:37.955,0.86742,0.86753,1.00,1.00
2017.08.16 02:14:39.328,0.86743,0.86753,1.00,1.00
2017.08.16 02:14:45.379,0.86742,0.86753,1.00,1.00
2017.08.16 02:14:51.111,0.86743,0.86753,1.00,1.00
2017.08.16 02:14:52.915,0.86742,0.86753,1.12,1.00
2017.08.16 02:14:53.427,0.86743,0.86753,1.00,1.00
2017.08.16 02:14:56.958,0.86742,0.86753,1.00,1.00
2017.08.16 02:15:01.806,0.86745,0.86754,1.00,1.00
2017.08.16 02:15:02.385,0.86744,0.86754,1.00,1.00
2017.08.16 02:15:02.888,0.86743,0.86754,1.50,1.50
2017.08.16 02:15:03.397,0.86743,0.86753,1.00,1.12
2017.08.16 02:15:03.927,0.86743,0.86754,1.37,1.12
2017.08.16 02:15:04.439,0.86743,0.86753,1.00,1.12
2017.08.16 02:15:06.008,0.86743,0.86753,1.00,1.37
2017.08.16 02:15:06.222,0.86743,0.86754,1.37,1.12
2017.08.16 02:15:06.730,0.86743,0.86754,1.00,1.50
2017.08.16 02:15:10.382,0.86743,0.86752,1.00,1.00
2017.08.16 02:15:11.244,0.86743,0.86754,1.00,1.50
2017.08.16 02:15:11.829,0.86743,0.86752,1.00,1.00
2017.08.16 02:15:12.376,0.86743,0.86753,1.00,1.12
2017.08.16 02:15:14.467,0.86743,0.86752,1.00,1.00
2017.08.16 02:15:14.975,0.86743,0.86754,1.00,1.50
2017.08.16 02:15:22.267,0.86741,0.86753,1.12,1.12
2017.08.16 02:15:22.318,0.8674,0.8675,3.00,1.00
2017.08.16 02:15:22.572,0.86739,0.86749,1.00,1.12
2017.08.16 02:15:22.674,0.86739,0.86749,1.00,3.00
2017.08.16 02:15:22.725,0.86739,0.86749,1.00,1.00
2017.08.16 02:15:23.809,0.86737,0.86748,1.87,1.00
2017.08.16 02:15:27.623,0.86737,0.86747,1.37,1.00
2017.08.16 02:15:28.967,0.86738,0.86748,1.00,1.00
2017.08.16 02:15:29.561,0.86738,0.86749,1.50,1.50
2017.08.16 02:15:34.473,0.86738,0.86747,1.00,1.00
2017.08.16 02:15:39.062,0.86738,0.86749,1.87,1.00
2017.08.16 02:15:43.657,0.86738,0.86748,1.87,1.00
2017.08.16 02:15:46.149,0.86738,0.8675,1.50,1.50
2017.08.16 02:15:46.455,0.86739,0.86748,3.37,1.00
2017.08.16 02:15:46.556,0.86739,0.86748,1.12,1.00
2017.08.16 02:15:48.144,0.86739,0.86749,1.12,1.00
2017.08.16 02:15:48.678,0.86738,0.86748,1.37,1.00
2017.08.16 02:15:59.711,0.86736,0.86748,1.87,1.50
2017.08.16 02:16:00.419,0.86737,0.86749,1.50,1.87
2017.08.16 02:16:00.930,0.86737,0.86749,3.75,1.50
2017.08.16 02:16:01.626,0.86737,0.86748,3.37,1.00
2017.08.16 02:16:04.298,0.86736,0.86748,3.00,1.87
2017.08.16 02:16:10.406,0.86736,0.86746,2.25,1.00
2017.08.16 02:16:10.610,0.86735,0.86746,1.00,2.25
2017.08.16 02:16:19.374,0.86734,0.86744,1.50,1.00
2017.08.16 02:16:19.966,0.86733,0.86746,4.50,4.50
2017.08.16 02:16:22.222,0.86735,0.86745,1.50,1.12
2017.08.16 02:16:22.727,0.86735,0.86745,1.50,1.12
2017.08.16 02:16:23.276,0.86735,0.86746,1.50,2.25
2017.08.16 02:16:24.436,0.86735,0.86746,1.50,3.00
2017.08.16 02:16:26.466,0.86735,0.86746,1.00,1.00
2017.08.16 02:16:28.072,0.86735,0.86745,1.00,1.00
2017.08.16 02:16:32.496,0.86735,0.86744,1.00,1.00
2017.08.16 02:16:32.548,0.86733,0.86742,2.62,1.50
2017.08.16 02:16:32.650,0.86728,0.86741,2.62,1.87
2017.08.16 02:16:33.157,0.86729,0.8674,1.00,1.00
2017.08.16 02:16:33.802,0.86729,0.86739,1.00,1.00
2017.08.16 02:16:34.022,0.8673,0.86741,1.12,1.12
2017.08.16 02:16:34.225,0.86731,0.86742,1.37,2.62
2017.08.16 02:16:34.754,0.8673,0.86741,2.62,1.50
2017.08.16 02:16:35.059,0.86729,0.8674,1.50,1.50
2017.08.16 02:16:35.262,0.86729,0.86741,3.75,1.87
2017.08.16 02:16:35.708,0.86729,0.86739,2.62,1.00
2017.08.16 02:16:36.351,0.86728,0.8674,2.25,1.12
2017.08.16 02:16:37.936,0.86728,0.86739,2.25,1.00
2017.08.16 02:16:38.475,0.86729,0.86739,1.00,2.25
2017.08.16 02:16:43.155,0.86728,0.86739,1.12,2.25
2017.08.16 02:16:43.765,0.86728,0.8674,1.87,4.87
2017.08.16 02:16:51.072,0.86729,0.8674,1.12,1.87
2017.08.16 02:16:51.679,0.86729,0.8674,1.50,3.00
2017.08.16 02:16:52.705,0.86727,0.86736,3.75,1.00
2017.08.16 02:16:52.857,0.86726,0.86735,1.12,1.12
2017.08.16 02:16:59.333,0.86727,0.86736,1.00,4.12
2017.08.16 02:16:59.568,0.86728,0.86739,1.00,3.37
2017.08.16 02:17:00.286,0.86726,0.86737,1.00,1.00
2017.08.16 02:17:00.439,0.86724,0.86735,4.50,1.00
2017.08.16 02:17:04.981,0.86723,0.86734,1.50,1.00
2017.08.16 02:17:05.184,0.86722,0.86734,1.50,2.25
2017.08.16 02:17:07.042,0.86723,0.86735,1.87,4.12
2017.08.16 02:17:07.093,0.86723,0.86735,1.87,2.25
2017.08.16 02:17:07.955,0.86723,0.86735,1.87,2.25
2017.08.16 02:17:08.692,0.86723,0.86735,1.87,2.25
2017.08.16 02:17:08.926,0.86723,0.86735,1.87,2.25
2017.08.16 02:17:14.675,0.86723,0.86735,1.87,2.25
2017.08.16 02:17:17.379,0.86724,0.86735,1.37,1.00
2017.08.16 02:17:17.582,0.86725,0.86736,3.00,1.12
2017.08.16 02:17:26.231,0.86724,0.86736,3.00,2.62
2017.08.16 02:17:26.385,0.86723,0.86734,1.50,1.00
2017.08.16 02:17:26.487,0.86723,0.86734,1.50,1.00
2017.08.16 02:17:26.784,0.86725,0.86736,1.00,1.50
2017.08.16 02:17:28.519,0.86725,0.86735,1.50,1.00
2017.08.16 02:17:28.570,0.86727,0.86737,1.00,1.50
2017.08.16 02:17:28.877,0.86729,0.86737,1.00,1.00
2017.08.16 02:17:30.946,0.8673,0.86737,1.00,1.00
2017.08.16 02:17:31.048,0.86731,0.86741,1.00,3.37
2017.08.16 02:17:31.149,0.86731,0.86741,1.00,1.12
2017.08.16 02:17:31.955,0.86731,0.8674,1.00,1.00
2017.08.16 02:17:32.501,0.86731,0.86739,1.00,1.00
2017.08.16 02:17:33.177,0.86731,0.86741,1.00,1.12
2017.08.16 02:17:41.967,0.86732,0.86741,1.00,1.12
2017.08.16 02:17:42.493,0.86732,0.86741,1.00,1.50
2017.08.16 02:17:43.286,0.8673,0.86739,1.00,1.00
2017.08.16 02:17:44.146,0.86731,0.86739,1.00,1.00
2017.08.16 02:17:47.784,0.86731,0.86741,1.00,1.50
2017.08.16 02:17:50.751,0.86732,0.86741,1.00,1.50
2017.08.16 02:17:50.956,0.86735,0.86742,1.00,2.25
2017.08.16 02:17:51.451,0.86736,0.86743,1.00,1.00
2017.08.16 02:17:51.705,0.86736,0.86746,1.00,1.12
2017.08.16 02:17:52.067,0.86738,0.86747,1.00,1.50
2017.08.16 02:17:52.372,0.8674,0.86749,1.00,1.50
2017.08.16 02:18:00.119,0.86742,0.86749,1.00,1.00
2017.08.16 02:18:00.649,0.86743,0.86751,1.00,1.12
2017.08.16 02:18:01.178,0.86742,0.86751,1.00,1.12
2017.08.16 02:18:01.694,0.86743,0.86751,1.00,1.12
2017.08.16 02:18:02.642,0.86743,0.86753,1.00,1.50
2017.08.16 02:18:03.148,0.86744,0.86754,1.00,4.12
2017.08.16 02:18:06.869,0.86746,0.86754,1.00,3.37
2017.08.16 02:18:10.402,0.86744,0.86753,1.00,1.12
2017.08.16 02:18:11.016,0.86743,0.86753,1.00,1.12
2017.08.16 02:18:12.243,0.86742,0.86753,1.00,1.12
2017.08.16 02:18:16.724,0.86742,0.86752,1.00,1.00
2017.08.16 02:18:18.523,0.86741,0.86752,1.12,1.35
2017.08.16 02:18:19.053,0.86741,0.86751,1.00,1.00
2017.08.16 02:18:20.503,0.8674,0.86751,1.50,1.00
2017.08.16 02:18:22.366,0.86739,0.86751,1.37,1.87
2017.08.16 02:18:22.899,0.86739,0.8675,1.00,1.50
2017.08.16 02:18:25.165,0.86739,0.8675,1.37,1.12
2017.08.16 02:18:25.704,0.86741,0.86751,1.00,1.12
2017.08.16 02:18:29.889,0.86742,0.86751,1.00,1.50
2017.08.16 02:18:32.953,0.8674,0.86751,2.25,1.50
2017.08.16 02:18:33.475,0.86741,0.8675,1.00,1.00
2017.08.16 02:18:34.678,0.8674,0.86751,1.50,2.25
2017.08.16 02:18:35.952,0.86741,0.86751,1.00,1.50
2017.08.16 02:18:36.702,0.8674,0.86747,1.00,1.00
2017.08.16 02:18:36.856,0.86737,0.86747,1.00,2.47
2017.08.16 02:18:38.831,0.86735,0.86747,2.25,2.47
2017.08.16 02:18:42.261,0.86736,0.86746,1.12,1.00
2017.08.16 02:18:42.785,0.86736,0.86747,1.12,1.72
2017.08.16 02:18:43.290,0.86736,0.86746,1.12,1.00
2017.08.16 02:18:45.087,0.86736,0.86747,1.87,1.72
2017.08.16 02:18:45.602,0.86736,0.86746,1.87,1.00
2017.08.16 02:18:46.236,0.86736,0.86745,1.12,1.00
2017.08.16 02:18:46.727,0.86736,0.86747,1.12,1.72
2017.08.16 02:18:48.268,0.86736,0.86746,1.12,1.00
2017.08.16 02:18:49.127,0.86736,0.86747,1.12,1.72
2017.08.16 02:18:49.731,0.86736,0.86746,1.12,1.00
2017.08.16 02:18:51.636,0.86736,0.86747,1.12,1.72
2017.08.16 02:18:53.725,0.86736,0.86746,1.87,1.00
2017.08.16 02:18:54.235,0.86736,0.86747,1.87,2.10
2017.08.16 02:18:54.786,0.86736,0.86746,1.87,1.00
2017.08.16 02:18:55.835,0.86736,0.86747,1.87,2.10
2017.08.16 02:18:56.336,0.86736,0.86746,1.87,1.00
2017.08.16 02:18:56.975,0.86736,0.86745,1.87,1.00
2017.08.16 02:18:57.333,0.86736,0.86747,1.87,2.10
2017.08.16 02:18:58.921,0.86736,0.86745,1.87,1.00
2017.08.16 02:18:59.076,0.86736,0.86747,1.87,2.10
2017.08.16 02:18:59.613,0.86736,0.86746,1.87,1.00
2017.08.16 02:19:00.236,0.86736,0.86747,1.87,2.10
2017.08.16 02:19:00.884,0.86736,0.86746,1.12,1.00
2017.08.16 02:19:01.430,0.86736,0.86745,1.12,1.00
2017.08.16 02:19:04.156,0.86736,0.86744,1.00,1.00
2017.08.16 02:19:04.678,0.86736,0.86745,1.00,1.00
2017.08.16 02:19:10.527,0.86736,0.86744,1.00,1.00
2017.08.16 02:19:14.818,0.86736,0.86745,1.00,1.50
2017.08.16 02:19:17.944,0.86735,0.86745,1.12,1.12
2017.08.16 02:19:21.180,0.86734,0.86744,3.00,1.00
2017.08.16 02:19:26.122,0.86734,0.86742,3.37,1.00
2017.08.16 02:19:32.557,0.86735,0.86743,1.37,1.00
2017.08.16 02:19:39.181,0.86738,0.86747,1.37,1.00
2017.08.16 02:19:39.449,0.8674,0.86747,1.50,1.00
2017.08.16 02:19:39.976,0.8674,0.86747,3.37,1.00
2017.08.16 02:19:41.953,0.8674,0.86749,2.62,1.00
2017.08.16 02:19:44.579,0.8674,0.86749,1.12,1.00
2017.08.16 02:19:54.373,0.86738,0.86748,4.50,1.00
2017.08.16 02:20:00.158,0.86739,0.86746,1.37,1.00
2017.08.16 02:20:00.775,0.86739,0.86746,1.00,1.00
2017.08.16 02:20:05.677,0.86738,0.86745,2.62,1.00
2017.08.16 02:20:05.830,0.86735,0.86746,2.62,1.00
2017.08.16 02:20:07.339,0.86738,0.86747,1.00,1.50
2017.08.16 02:20:08.744,0.86738,0.86746,1.00,1.00
2017.08.16 02:20:11.726,0.86736,0.86744,1.50,1.00
2017.08.16 02:20:11.879,0.86735,0.86743,1.12,1.00
2017.08.16 02:20:12.407,0.86734,0.86743,1.00,1.00
2017.08.16 02:20:13.680,0.86733,0.86743,1.00,1.50
2017.08.16 02:20:14.737,0.86732,0.86743,1.12,1.00
2017.08.16 02:20:15.243,0.86732,0.86743,1.37,1.00
2017.08.16 02:20:19.455,0.86732,0.86742,1.37,1.00
2017.08.16 02:20:19.952,0.86731,0.8674,3.00,1.00
2017.08.16 02:20:20.155,0.86729,0.86739,3.00,1.00
2017.08.16 02:20:20.257,0.86728,0.86739,1.87,1.00
2017.08.16 02:20:20.979,0.86727,0.86738,3.75,1.00
2017.08.16 02:20:21.487,0.86729,0.86739,1.12,1.00
2017.08.16 02:20:26.659,0.86728,0.86739,1.00,1.00
2017.08.16 02:20:26.895,0.86727,0.86739,5.25,1.00
2017.08.16 02:20:27.195,0.86728,0.86739,1.00,1.00
2017.08.16 02:20:27.726,0.86728,0.8674,1.50,1.87
2017.08.16 02:20:28.282,0.86728,0.8674,1.50,1.87
2017.08.16 02:20:28.934,0.86728,0.8674,1.50,1.87
2017.08.16 02:20:29.143,0.86728,0.8674,1.50,1.87
2017.08.16 02:20:29.391,0.86728,0.8674,1.50,1.87
2017.08.16 02:20:30.144,0.86728,0.8674,1.50,1.87
2017.08.16 02:20:30.482,0.86728,0.8674,1.50,1.87
2017.08.16 02:20:30.647,0.86728,0.8674,1.50,1.87
2017.08.16 02:20:31.392,0.86728,0.8674,1.50,1.87
2017.08.16 02:20:32.645,0.86728,0.8674,1.50,1.87
2017.08.16 02:20:33.392,0.86728,0.8674,1.50,1.87
2017.08.16 02:20:33.894,0.86728,0.8674,1.50,1.87
2017.08.16 02:20:34.444,0.86728,0.8674,1.50,1.87
2017.08.16 02:20:35.143,0.86728,0.8674,1.50,1.87
2017.08.16 02:20:35.395,0.86728,0.8674,1.50,1.87
2017.08.16 02:20:35.667,0.86728,0.8674,1.50,1.87
2017.08.16 02:20:36.391,0.86728,0.8674,1.50,1.87
2017.08.16 02:20:37.366,0.86727,0.86734,3.75,1.00
2017.08.16 02:20:37.914,0.86728,0.86734,1.00,1.00
2017.08.16 02:20:42.418,0.86727,0.86734,3.75,1.00
2017.08.16 02:20:43.141,0.86728,0.86734,1.00,1.00
2017.08.16 02:20:44.973,0.86727,0.86734,3.75,1.00
2017.08.16 02:20:46.143,0.86728,0.86734,1.00,1.00
2017.08.16 02:20:49.392,0.86727,0.86734,3.75,1.00
2017.08.16 02:20:50.915,0.86728,0.86734,1.00,1.00
2017.08.16 02:20:51.548,0.86727,0.86734,3.75,1.00
2017.08.16 02:20:52.146,0.86728,0.86734,1.00,1.00
2017.08.16 02:20:52.494,0.86729,0.86736,1.37,1.00
2017.08.16 02:20:52.748,0.86732,0.86738,1.50,1.00
2017.08.16 02:20:53.391,0.86732,0.86738,1.50,1.00
2017.08.16 02:20:53.925,0.86731,0.86737,3.00,1.00
2017.08.16 02:20:54.181,0.86731,0.86735,2.62,1.00
2017.08.16 02:20:54.284,0.86729,0.86735,2.62,1.00
2017.08.16 02:20:57.258,0.86729,0.86734,3.37,1.00
2017.08.16 02:20:58.478,0.86729,0.86733,2.62,1.00
2017.08.16 02:20:58.530,0.86729,0.86734,2.62,1.50
2017.08.16 02:20:58.632,0.86727,0.86732,2.25,1.00
2017.08.16 02:20:58.836,0.86725,0.86729,1.00,1.00
2017.08.16 02:20:59.363,0.86725,0.8673,1.00,1.00
2017.08.16 02:21:00.357,0.86725,0.86731,1.00,1.00
2017.08.16 02:21:00.921,0.86726,0.86731,1.12,1.00
2017.08.16 02:21:01.226,0.86727,0.86733,2.62,1.00
2017.08.16 02:21:02.200,0.86727,0.86732,2.62,1.00
2017.08.16 02:21:02.751,0.86729,0.86733,1.00,1.00
2017.08.16 02:21:03.252,0.86729,0.86734,1.50,1.00
2017.08.16 02:21:03.608,0.86728,0.86734,2.62,1.00
2017.08.16 02:21:04.151,0.86727,0.86733,2.62,1.00
2017.08.16 02:21:04.831,0.8673,0.86734,1.00,1.00
2017.08.16 02:21:11.024,0.86727,0.86733,3.75,1.00
2017.08.16 02:21:11.125,0.86726,0.86732,3.37,1.00
2017.08.16 02:21:11.751,0.86726,0.8673,2.25,1.00
2017.08.16 02:21:11.956,0.86723,0.86729,1.00,1.00
2017.08.16 02:21:13.804,0.86722,0.86729,3.00,1.00
2017.08.16 02:21:18.544,0.86724,0.86729,1.37,1.00
2017.08.16 02:21:24.770,0.86721,0.86729,4.50,1.00
2017.08.16 02:21:25.384,0.86721,0.86728,4.50,1.00
2017.08.16 02:21:25.780,0.86721,0.86726,1.37,1.00
2017.08.16 02:21:27.114,0.8672,0.86727,3.75,1.00
2017.08.16 02:21:27.423,0.86718,0.86722,2.62,1.00
2017.08.16 02:21:27.475,0.86716,0.86721,1.00,1.00
2017.08.16 02:21:27.933,0.86716,0.86723,1.50,1.00
2017.08.16 02:21:28.514,0.86717,0.86724,1.87,1.00
2017.08.16 02:21:30.956,0.86718,0.86722,1.00,1.00
2017.08.16 02:21:31.235,0.86718,0.86725,1.00,1.00
2017.08.16 02:21:31.337,0.86719,0.86724,1.50,1.00
2017.08.16 02:21:31.870,0.8672,0.86725,1.37,1.00
2017.08.16 02:21:32.177,0.86719,0.86725,1.00,1.00
2017.08.16 02:21:32.279,0.86718,0.86722,2.62,1.00
2017.08.16 02:21:32.382,0.86716,0.86721,1.37,1.00
2017.08.16 02:21:32.886,0.86716,0.86722,3.00,1.00
2017.08.16 02:21:36.490,0.86717,0.86721,1.37,1.00
2017.08.16 02:21:36.541,0.86717,0.86724,1.12,1.00
2017.08.16 02:21:37.089,0.8672,0.86725,1.00,1.00
2017.08.16 02:21:38.284,0.86721,0.86725,1.00,1.00
2017.08.16 02:21:39.601,0.86721,0.86726,1.00,1.00
2017.08.16 02:21:42.284,0.86721,0.86728,1.00,1.00
2017.08.16 02:21:42.899,0.8672,0.86728,1.00,1.00
2017.08.16 02:21:45.041,0.8672,0.86727,1.00,1.00
2017.08.16 02:21:46.820,0.8672,0.86728,1.00,1.00
2017.08.16 02:21:47.407,0.8672,0.86727,1.00,1.00
2017.08.16 02:21:47.967,0.86718,0.86726,3.75,1.00
2017.08.16 02:21:48.018,0.86718,0.86726,1.12,1.00
2017.08.16 02:21:48.621,0.86718,0.86726,1.37,1.00
2017.08.16 02:21:49.223,0.86718,0.86727,1.87,1.00
2017.08.16 02:21:50.485,0.86719,0.86728,1.00,1.00
2017.08.16 02:21:50.536,0.8672,0.8673,1.00,1.00
2017.08.16 02:21:51.043,0.8672,0.86729,2.62,1.00
2017.08.16 02:21:51.554,0.86718,0.86728,3.37,1.00
2017.08.16 02:21:52.072,0.86718,0.86727,3.37,1.00
2017.08.16 02:21:52.793,0.86718,0.86728,3.37,1.00
2017.08.16 02:21:55.205,0.86718,0.86729,3.37,1.00
2017.08.16 02:21:59.415,0.86718,0.8673,3.37,3.37
2017.08.16 02:21:59.965,0.86721,0.8673,1.00,1.12
2017.08.16 02:22:02.174,0.86719,0.8673,1.50,1.12
2017.08.16 02:22:05.588,0.86721,0.86731,1.00,2.62
2017.08.16 02:22:06.281,0.8672,0.86731,2.25,2.62
2017.08.16 02:22:06.334,0.8672,0.86731,2.25,2.62
2017.08.16 02:22:07.013,0.8672,0.86731,2.25,2.62
2017.08.16 02:22:10.743,0.8672,0.8673,1.50,1.87
2017.08.16 02:22:11.265,0.86719,0.86729,1.87,1.00
2017.08.16 02:22:14.216,0.86719,0.86729,2.25,1.00
2017.08.16 02:22:14.798,0.86718,0.8673,1.50,1.12
2017.08.16 02:22:17.902,0.86718,0.8673,3.37,1.00
2017.08.16 02:22:18.954,0.86718,0.86729,3.75,1.00
2017.08.16 02:22:22.570,0.8672,0.86731,1.12,2.62
2017.08.16 02:22:26.105,0.8672,0.8673,1.12,1.00
2017.08.16 02:22:45.423,0.86725,0.86731,1.00,1.12
2017.08.16 02:22:46.689,0.86725,0.8673,1.00,1.00
2017.08.16 02:22:47.242,0.86725,0.86729,1.00,1.00
2017.08.16 02:22:47.395,0.86726,0.86731,1.00,1.12
2017.08.16 02:22:47.497,0.86727,0.86733,1.00,2.62
2017.08.16 02:22:47.704,0.86727,0.86731,1.00,1.00
2017.08.16 02:22:51.623,0.86727,0.86733,1.00,1.87
2017.08.16 02:22:52.127,0.86728,0.86733,1.00,1.12
2017.08.16 02:22:52.576,0.86729,0.86733,1.00,1.00
2017.08.16 02:22:52.780,0.86729,0.86734,1.00,1.12
2017.08.16 02:22:55.272,0.86731,0.86735,1.00,2.25
2017.08.16 02:22:55.674,0.86731,0.86736,1.00,1.00
2017.08.16 02:22:56.183,0.86732,0.86736,1.00,1.00
2017.08.16 02:22:56.684,0.86732,0.86737,1.00,1.00
2017.08.16 02:22:57.501,0.86733,0.86737,1.00,1.00
2017.08.16 02:22:58.035,0.86734,0.86738,1.00,1.00
2017.08.16 02:22:58.554,0.86733,0.8674,1.00,2.25
2017.08.16 02:22:59.061,0.86734,0.8674,1.00,1.00
2017.08.16 02:23:03.634,0.86735,0.8674,1.00,1.00
2017.08.16 02:23:14.543,0.86736,0.8674,1.00,1.00
2017.08.16 02:23:15.174,0.86737,0.86741,1.00,1.87
2017.08.16 02:23:16.785,0.86736,0.86741,1.00,1.12
2017.08.16 02:23:20.091,0.86736,0.86742,1.00,1.50
2017.08.16 02:23:26.163,0.86738,0.86743,1.00,1.50
2017.08.16 02:23:26.698,0.86739,0.86744,1.00,2.25
2017.08.16 02:23:29.656,0.8674,0.86744,1.00,2.25
2017.08.16 02:23:33.467,0.8674,0.86745,1.00,1.00
2017.08.16 02:23:36.518,0.8674,0.86747,1.00,4.87
2017.08.16 02:23:36.570,0.86743,0.86747,1.00,1.00
2017.08.16 02:23:37.466,0.86742,0.86748,1.00,1.00
2017.08.16 02:23:38.064,0.86743,0.86748,1.00,1.00
2017.08.16 02:23:38.639,0.86744,0.86748,1.00,1.00
2017.08.16 02:23:38.898,0.86745,0.8675,1.00,1.12
2017.08.16 02:23:38.949,0.86747,0.86751,1.00,1.50
2017.08.16 02:23:48.521,0.86747,0.86751,1.00,1.00
2017.08.16 02:23:52.593,0.86746,0.8675,1.00,1.00
2017.08.16 02:23:53.293,0.86747,0.86751,1.00,1.50
2017.08.16 02:23:53.962,0.86746,0.8675,1.00,1.00
2017.08.16 02:23:54.845,0.86747,0.86751,1.00,1.50
2017.08.16 02:23:55.849,0.86746,0.8675,1.00,1.00
2017.08.16 02:23:56.546,0.86747,0.86751,1.00,1.50
2017.08.16 02:23:57.207,0.86746,0.8675,1.00,1.00
2017.08.16 02:23:57.854,0.86747,0.86751,1.00,1.50
2017.08.16 02:24:00.043,0.86746,0.8675,1.00,1.00
2017.08.16 02:24:00.743,0.86747,0.86751,1.00,1.50
2017.08.16 02:24:01.307,0.86746,0.8675,1.00,1.00
2017.08.16 02:24:02.296,0.86747,0.86751,1.00,1.50
2017.08.16 02:24:02.499,0.86745,0.8675,1.00,1.00
2017.08.16 02:24:03.123,0.86744,0.8675,1.00,1.00
2017.08.16 02:24:03.746,0.86744,0.86749,1.00,1.00
2017.08.16 02:24:23.554,0.86744,0.8675,1.00,1.12
2017.08.16 02:24:24.096,0.86744,0.86749,1.00,1.00
2017.08.16 02:24:24.802,0.86744,0.86748,1.00,1.00
2017.08.16 02:24:25.340,0.86744,0.86749,1.00,1.00
2017.08.16 02:24:25.903,0.86744,0.86748,1.00,1.00
2017.08.16 02:24:26.144,0.86744,0.8675,1.00,1.12
2017.08.16 02:24:26.694,0.86744,0.86749,1.00,1.00
2017.08.16 02:24:28.568,0.86744,0.8675,1.00,1.12
2017.08.16 02:24:30.353,0.86744,0.86749,1.00,1.00
2017.08.16 02:24:31.532,0.86744,0.8675,1.00,1.12
2017.08.16 02:24:32.034,0.86744,0.86749,1.00,1.00
2017.08.16 02:24:32.570,0.86744,0.8675,1.00,1.12
2017.08.16 02:24:33.767,0.86744,0.86749,1.00,1.00
2017.08.16 02:24:34.795,0.86744,0.8675,1.00,1.12
2017.08.16 02:24:34.846,0.86744,0.86748,1.00,1.00
2017.08.16 02:24:35.182,0.86744,0.8675,1.00,1.12
2017.08.16 02:24:35.796,0.86744,0.86749,1.00,1.00
2017.08.16 02:24:35.975,0.86746,0.86751,1.00,1.50
2017.08.16 02:24:36.077,0.86747,0.86752,1.00,1.00
2017.08.16 02:24:40.566,0.86747,0.86753,1.00,1.00
2017.08.16 02:24:41.108,0.86747,0.86754,1.00,1.87
2017.08.16 02:24:42.627,0.86749,0.86755,1.00,3.37
2017.08.16 02:24:43.288,0.86748,0.86754,1.00,1.12
2017.08.16 02:24:44.781,0.86748,0.86753,1.00,1.00
2017.08.16 02:24:48.767,0.86748,0.86752,1.00,1.00
2017.08.16 02:24:49.596,0.86748,0.86753,1.00,1.00
2017.08.16 02:24:53.114,0.86748,0.86754,1.00,1.12
2017.08.16 02:24:53.419,0.86746,0.8675,1.00,1.00
2017.08.16 02:24:54.746,0.86744,0.86749,1.00,1.00
2017.08.16 02:24:55.255,0.86745,0.8675,1.00,1.12
2017.08.16 02:24:59.854,0.86745,0.86749,1.00,1.00
2017.08.16 02:25:00.007,0.86748,0.86752,1.00,1.87
2017.08.16 02:25:00.464,0.86747,0.86753,1.00,1.00
2017.08.16 02:25:00.684,0.86749,0.86753,1.00,1.12
2017.08.16 02:25:01.205,0.86748,0.86753,1.00,1.00
2017.08.16 02:25:04.226,0.8675,0.86754,1.00,1.12
2017.08.16 02:25:06.523,0.86748,0.86752,1.00,1.00
2017.08.16 02:25:08.176,0.8675,0.86754,1.00,1.12
2017.08.16 02:25:08.431,0.86751,0.86757,1.00,1.50
2017.08.16 02:25:08.963,0.86752,0.86757,1.00,1.50
2017.08.16 02:25:09.304,0.8675,0.86755,1.00,1.00
2017.08.16 02:25:14.852,0.86749,0.86753,1.00,1.00
2017.08.16 02:25:15.529,0.8675,0.86755,1.00,1.00
2017.08.16 02:25:17.768,0.8675,0.86754,1.00,1.00
2017.08.16 02:25:18.249,0.8675,0.86756,1.00,1.87
2017.08.16 02:25:18.762,0.86751,0.86756,1.00,1.12
2017.08.16 02:25:21.623,0.8675,0.86754,1.00,1.00
2017.08.16 02:25:22.131,0.86749,0.86753,1.00,1.00
2017.08.16 02:25:23.625,0.86749,0.86753,1.00,1.00
2017.08.16 02:25:24.164,0.86748,0.86752,1.00,1.00
2017.08.16 02:25:25.903,0.86747,0.86752,1.00,1.00
2017.08.16 02:25:26.417,0.86747,0.86751,1.00,1.00
2017.08.16 02:25:26.950,0.86747,0.86752,1.00,1.00
2017.08.16 02:25:29.131,0.86744,0.86752,1.00,1.00
2017.08.16 02:25:29.740,0.86743,0.86752,1.12,1.00
2017.08.16 02:25:36.075,0.86743,0.86751,1.12,1.00
2017.08.16 02:25:36.176,0.86741,0.86751,1.00,1.50
2017.08.16 02:25:36.228,0.86742,0.86749,1.00,1.00
2017.08.16 02:25:37.077,0.86742,0.8675,1.00,1.00
2017.08.16 02:25:39.023,0.86741,0.8675,1.00,1.00
2017.08.16 02:25:42.155,0.86742,0.8675,1.00,1.00
2017.08.16 02:25:51.249,0.86742,0.86749,1.00,1.00
2017.08.16 02:25:51.503,0.8674,0.86748,1.12,1.00
2017.08.16 02:25:52.778,0.86738,0.86748,1.12,1.00
2017.08.16 02:25:52.931,0.86738,0.86746,1.12,1.00
2017.08.16 02:25:53.729,0.86738,0.86747,1.00,1.00
2017.08.16 02:26:00.664,0.86738,0.86748,1.00,1.00
2017.08.16 02:26:01.897,0.86739,0.86748,1.00,1.00
2017.08.16 02:26:02.474,0.86739,0.8675,1.37,1.37
2017.08.16 02:26:14.515,0.86741,0.86749,1.00,1.12
2017.08.16 02:26:22.072,0.86741,0.86748,1.00,1.00
2017.08.16 02:26:22.970,0.86741,0.8675,1.00,1.00
2017.08.16 02:26:26.775,0.86741,0.86751,1.00,1.12
2017.08.16 02:26:26.928,0.86743,0.86752,1.12,1.00
2017.08.16 02:26:27.455,0.86743,0.86751,1.00,1.00
2017.08.16 02:26:27.932,0.8674,0.86751,3.75,1.00
2017.08.16 02:26:30.551,0.86742,0.86751,2.25,1.00
2017.08.16 02:26:44.580,0.86742,0.86753,3.37,1.00
2017.08.16 02:26:49.251,0.86742,0.86752,3.37,1.00
2017.08.16 02:26:49.352,0.86742,0.86752,1.12,1.00
2017.08.16 02:26:53.975,0.86742,0.86751,1.12,1.00
2017.08.16 02:26:54.830,0.86742,0.86753,1.12,1.00
2017.08.16 02:26:56.370,0.86742,0.86752,1.12,1.00
2017.08.16 02:26:57.745,0.86742,0.86753,1.12,1.00
2017.08.16 02:26:58.693,0.86742,0.86752,1.12,1.00
2017.08.16 02:26:58.744,0.86742,0.86754,1.12,1.12
2017.08.16 02:26:58.998,0.86743,0.86753,1.50,1.00
2017.08.16 02:26:59.702,0.86743,0.86754,1.37,1.12
2017.08.16 02:27:05.390,0.86743,0.86753,1.37,1.00
2017.08.16 02:27:18.000,0.86742,0.86753,2.62,1.50
2017.08.16 02:27:24.447,0.86744,0.86753,1.00,1.00
2017.08.16 02:27:26.340,0.86744,0.86754,1.00,1.00
2017.08.16 02:27:26.847,0.86744,0.86753,1.00,1.00
2017.08.16 02:27:28.217,0.86745,0.86755,1.00,1.12
2017.08.16 02:27:28.929,0.86743,0.86755,1.87,1.12
2017.08.16 02:27:29.665,0.86743,0.86756,2.25,1.37
2017.08.16 02:27:30.226,0.86743,0.86756,4.12,1.12
2017.08.16 02:27:32.220,0.86744,0.86756,3.37,1.00
2017.08.16 02:27:32.525,0.86746,0.86758,1.87,1.12
2017.08.16 02:27:32.627,0.86748,0.86758,1.37,1.00
2017.08.16 02:27:33.165,0.86748,0.86759,1.37,1.87
2017.08.16 02:27:33.675,0.86748,0.86758,1.37,1.00
2017.08.16 02:27:48.430,0.8675,0.86758,1.00,1.00
2017.08.16 02:27:50.469,0.8675,0.8676,1.00,3.00
2017.08.16 02:27:51.065,0.8675,0.8676,1.00,1.00
2017.08.16 02:27:51.872,0.8675,0.86759,1.00,1.00
2017.08.16 02:27:53.226,0.8675,0.8676,1.00,1.00
2017.08.16 02:27:53.887,0.8675,0.86759,1.00,1.00
2017.08.16 02:27:55.222,0.8675,0.8676,1.00,1.00
2017.08.16 02:27:56.234,0.8675,0.86758,1.00,1.00
2017.08.16 02:27:57.223,0.8675,0.8676,1.00,1.00
2017.08.16 02:27:58.474,0.8675,0.86758,1.00,1.00
2017.08.16 02:27:59.033,0.8675,0.86759,1.00,1.00
2017.08.16 02:27:59.746,0.8675,0.8676,1.00,1.00
2017.08.16 02:28:01.768,0.8675,0.86759,1.00,1.00
2017.08.16 02:28:02.380,0.8675,0.8676,1.00,1.00
2017.08.16 02:28:03.785,0.8675,0.86759,1.00,1.00
2017.08.16 02:28:04.356,0.8675,0.8676,1.00,1.00
2017.08.16 02:28:05.125,0.8675,0.86759,1.00,1.00
2017.08.16 02:28:16.730,0.8675,0.86761,1.00,1.12
2017.08.16 02:28:21.180,0.8675,0.8676,1.00,1.00
2017.08.16 02:28:21.687,0.8675,0.86761,1.00,1.50
2017.08.16 02:28:27.784,0.8675,0.8676,1.00,1.00
2017.08.16 02:28:28.315,0.8675,0.86761,1.00,1.50
2017.08.16 02:28:31.340,0.8675,0.8676,1.00,1.00
2017.08.16 02:28:31.854,0.8675,0.86761,1.00,1.12
2017.08.16 02:28:34.790,0.8675,0.8676,1.00,1.00
2017.08.16 02:28:35.399,0.8675,0.86761,1.00,1.12
2017.08.16 02:28:36.847,0.8675,0.8676,1.00,1.00
2017.08.16 02:28:38.047,0.86751,0.8676,1.00,1.00
2017.08.16 02:28:38.559,0.8675,0.86761,1.12,1.87
2017.08.16 02:28:42.702,0.86754,0.86762,1.00,2.62
2017.08.16 02:28:42.956,0.86757,0.86765,1.00,1.00
2017.08.16 02:28:49.418,0.86755,0.86761,1.50,1.00
2017.08.16 02:28:49.622,0.86752,0.86762,1.12,1.50
2017.08.16 02:28:50.534,0.86752,0.86761,1.12,1.00
2017.08.16 02:28:57.292,0.86752,0.8676,1.12,1.00
2017.08.16 02:28:57.834,0.86752,0.86761,1.12,1.00
2017.08.16 02:29:02.112,0.8675,0.8676,3.37,1.00
2017.08.16 02:29:02.164,0.86751,0.86758,1.50,1.00
2017.08.16 02:29:02.717,0.86751,0.86759,1.00,1.00
2017.08.16 02:29:09.084,0.8675,0.86758,1.00,1.00
2017.08.16 02:29:10.996,0.86751,0.86758,1.00,1.00
2017.08.16 02:29:12.990,0.86751,0.86759,1.00,1.00
2017.08.16 02:29:16.815,0.86752,0.86759,1.00,1.00
2017.08.16 02:29:17.513,0.86752,0.8676,1.00,1.50
2017.08.16 02:29:22.951,0.86751,0.8676,1.00,1.50
2017.08.16 02:29:23.463,0.86751,0.86759,1.00,1.00
2017.08.16 02:29:25.924,0.86751,0.8676,1.00,1.50
2017.08.16 02:29:28.546,0.86751,0.86759,1.00,1.00
2017.08.16 02:29:32.531,0.86751,0.8676,1.00,1.50
2017.08.16 02:29:33.670,0.86751,0.86758,1.00,1.00
2017.08.16 02:29:34.193,0.86751,0.86759,1.00,1.00
2017.08.16 02:29:42.494,0.86752,0.86759,1.00,1.00
2017.08.16 02:29:45.490,0.86751,0.86759,1.00,1.00
2017.08.16 02:29:47.175,0.86751,0.8676,1.00,1.50
2017.08.16 02:29:47.715,0.86751,0.86759,1.00,1.00
2017.08.16 02:29:50.508,0.86751,0.86758,1.00,1.00
2017.08.16 02:29:50.660,0.86749,0.86758,1.50,1.00
2017.08.16 02:29:51.173,0.8675,0.86759,1.00,1.12
2017.08.16 02:29:51.427,0.86752,0.86759,1.00,1.00
2017.08.16 02:29:52.195,0.86752,0.8676,1.00,1.00
2017.08.16 02:29:52.839,0.86751,0.86759,1.00,1.00
2017.08.16 02:29:54.575,0.86752,0.86759,1.00,1.00
2017.08.16 02:29:54.870,0.8675,0.86758,1.00,1.00
2017.08.16 02:29:55.377,0.86751,0.86759,1.00,1.50
2017.08.16 02:29:55.894,0.86752,0.86759,1.00,1.00
2017.08.16 02:30:00.380,0.86749,0.86758,3.00,1.00
2017.08.16 02:30:01.496,0.86751,0.86758,1.00,1.00
2017.08.16 02:30:01.696,0.86751,0.8676,1.00,2.25
2017.08.16 02:30:02.260,0.86751,0.86761,1.00,1.12
2017.08.16 02:30:02.820,0.86752,0.86761,1.00,1.87
2017.08.16 02:30:03.684,0.86752,0.8676,1.00,1.00
2017.08.16 02:30:04.279,0.86752,0.86761,1.00,1.00
2017.08.16 02:30:05.687,0.86752,0.8676,1.00,1.00
2017.08.16 02:30:06.246,0.86752,0.86761,1.00,2.25
2017.08.16 02:30:07.672,0.86752,0.8676,1.00,1.00
2017.08.16 02:30:08.732,0.86752,0.86761,1.00,1.50
2017.08.16 02:30:26.984,0.86753,0.86763,1.00,3.37
2017.08.16 02:30:27.036,0.86755,0.86763,1.00,1.12
2017.08.16 02:30:27.545,0.86756,0.86764,1.00,1.00
2017.08.16 02:30:28.143,0.86756,0.86765,1.00,1.50
2017.08.16 02:30:32.824,0.86756,0.86766,1.00,3.00
2017.08.16 02:30:33.393,0.86756,0.86765,1.00,1.00
2017.08.16 02:30:36.886,0.86756,0.86766,1.00,1.50
2017.08.16 02:30:37.387,0.86758,0.86766,1.00,2.25
2017.08.16 02:30:38.521,0.86758,0.86765,1.00,1.00
2017.08.16 02:30:39.113,0.86758,0.86764,1.00,1.00
2017.08.16 02:30:39.629,0.86758,0.86765,1.00,1.00
2017.08.16 02:30:44.523,0.86758,0.86764,1.00,1.00
2017.08.16 02:30:45.776,0.86758,0.86766,1.00,2.25
2017.08.16 02:30:46.975,0.86758,0.86765,1.00,1.00
2017.08.16 02:30:47.747,0.86757,0.86765,1.00,1.00
2017.08.16 02:30:47.899,0.86759,0.86765,1.00,1.00
2017.08.16 02:30:49.073,0.86759,0.86767,1.00,2.25
2017.08.16 02:30:49.631,0.8676,0.86767,1.00,1.50
2017.08.16 02:30:57.271,0.86759,0.86767,1.00,1.00
2017.08.16 02:30:57.374,0.86762,0.86769,1.00,2.25
2017.08.16 02:30:57.528,0.86762,0.86771,1.00,1.12
2017.08.16 02:30:58.350,0.86762,0.86772,1.00,1.50
2017.08.16 02:30:58.923,0.86762,0.86771,1.00,1.00
2017.08.16 02:30:59.135,0.86762,0.86773,1.00,3.00
2017.08.16 02:30:59.374,0.86762,0.8677,1.00,1.00
2017.08.16 02:30:59.653,0.86762,0.86772,1.00,1.00
2017.08.16 02:31:00.161,0.86761,0.86772,3.37,1.00
2017.08.16 02:31:00.902,0.86761,0.8677,3.37,1.00
2017.08.16 02:31:02.153,0.86762,0.86771,2.25,1.00
2017.08.16 02:31:02.971,0.86765,0.86775,1.00,1.12
2017.08.16 02:31:03.175,0.86766,0.86777,1.00,1.87
2017.08.16 02:31:03.824,0.86767,0.86777,1.12,1.00
2017.08.16 02:31:04.468,0.86766,0.86778,1.50,1.87
2017.08.16 02:31:10.571,0.86766,0.86777,1.50,1.00
2017.08.16 02:31:12.323,0.86766,0.86778,1.50,1.87
2017.08.16 02:31:13.122,0.86766,0.86777,1.50,1.00
2017.08.16 02:31:13.726,0.86766,0.86776,1.50,1.00
2017.08.16 02:31:13.823,0.86766,0.86778,1.50,2.62
2017.08.16 02:31:14.373,0.86766,0.86777,2.25,1.00
2017.08.16 02:31:14.719,0.86765,0.86775,2.62,1.00
2017.08.16 02:31:14.973,0.8676,0.86772,3.37,1.00
2017.08.16 02:31:15.502,0.8676,0.86771,3.37,1.00
2017.08.16 02:31:17.940,0.8676,0.86771,1.50,1.00
2017.08.16 02:31:18.517,0.8676,0.86771,1.12,1.00
2017.08.16 02:31:22.358,0.8676,0.8677,1.87,1.00
2017.08.16 02:31:22.875,0.8676,0.86771,1.12,1.12
2017.08.16 02:31:25.181,0.8676,0.8677,1.12,1.00
2017.08.16 02:31:25.822,0.8676,0.86772,1.12,1.50
2017.08.16 02:31:26.392,0.8676,0.86771,1.87,1.00
2017.08.16 02:31:27.858,0.86759,0.8677,3.37,1.00
2017.08.16 02:31:28.266,0.8676,0.86772,3.37,2.25
2017.08.16 02:31:32.386,0.86762,0.86774,2.25,1.87
2017.08.16 02:31:33.297,0.86762,0.86774,2.25,1.87
2017.08.16 02:31:34.054,0.86762,0.86774,2.25,1.87
2017.08.16 02:31:35.249,0.86762,0.86772,1.50,1.00
2017.08.16 02:31:35.772,0.86762,0.86774,1.50,1.87
2017.08.16 02:31:36.090,0.86761,0.86772,2.62,1.87
2017.08.16 02:31:36.192,0.86759,0.86772,4.87,2.25
2017.08.16 02:31:37.002,0.86759,0.86771,3.37,1.12
2017.08.16 02:31:40.145,0.86759,0.86771,3.37,1.37
2017.08.16 02:31:40.701,0.86759,0.86769,3.37,1.00
2017.08.16 02:31:41.221,0.86759,0.8677,3.37,1.12
2017.08.16 02:31:43.322,0.86759,0.8677,2.62,1.37
2017.08.16 02:31:43.834,0.86759,0.8677,2.62,1.00
2017.08.16 02:31:44.473,0.86759,0.86771,4.12,2.62
2017.08.16 02:31:45.022,0.8676,0.8677,1.12,1.00
2017.08.16 02:31:45.676,0.86759,0.86771,2.62,1.87
2017.08.16 02:31:47.122,0.8676,0.86771,1.12,1.37
2017.08.16 02:31:47.625,0.8676,0.86771,1.12,1.00
2017.08.16 02:31:49.123,0.8676,0.86771,1.12,1.37
2017.08.16 02:31:49.866,0.8676,0.86771,1.12,1.12
2017.08.16 02:31:54.917,0.8676,0.86772,1.12,2.25
2017.08.16 02:31:55.127,0.8676,0.86772,1.12,3.75
2017.08.16 02:31:55.370,0.8676,0.86772,1.12,2.25
2017.08.16 02:31:55.881,0.8676,0.86772,1.12,2.25
2017.08.16 02:31:56.421,0.8676,0.86772,1.12,2.25
2017.08.16 02:31:57.120,0.8676,0.86772,1.12,2.25
2017.08.16 02:31:57.922,0.8676,0.86771,3.00,1.12
2017.08.16 02:31:59.124,0.8676,0.86771,3.75,1.50
2017.08.16 02:31:59.867,0.8676,0.86771,3.00,1.00
2017.08.16 02:32:01.724,0.8676,0.8677,3.00,1.00
2017.08.16 02:32:02.344,0.8676,0.86772,3.00,2.25
2017.08.16 02:32:03.435,0.86765,0.86773,1.00,2.62
2017.08.16 02:32:03.647,0.86765,0.86776,3.75,1.12
2017.08.16 02:32:04.325,0.86765,0.86776,4.12,1.00
2017.08.16 02:32:04.427,0.86765,0.86778,4.12,1.87
2017.08.16 02:32:04.681,0.86766,0.86776,1.50,1.00
2017.08.16 02:32:07.394,0.86765,0.86778,4.12,1.87
2017.08.16 02:32:07.667,0.86766,0.86776,1.50,1.00
2017.08.16 02:32:07.819,0.86765,0.86776,1.12,1.00
2017.08.16 02:32:09.377,0.86765,0.86777,1.12,2.25
2017.08.16 02:32:10.112,0.86767,0.86777,1.00,1.87
2017.08.16 02:32:10.163,0.86765,0.86777,1.87,1.87
2017.08.16 02:32:11.132,0.86765,0.86777,2.62,1.50
2017.08.16 02:32:11.637,0.86765,0.86777,2.62,1.50
2017.08.16 02:32:11.688,0.86767,0.86777,1.00,1.50
2017.08.16 02:32:12.226,0.86768,0.86777,1.00,1.12
2017.08.16 02:32:13.055,0.86771,0.86779,2.25,2.62
2017.08.16 02:32:13.158,0.86774,0.86782,1.00,1.00
2017.08.16 02:32:13.311,0.86772,0.8678,1.50,1.00
2017.08.16 02:32:13.515,0.86772,0.86782,2.25,1.12
2017.08.16 02:32:13.803,0.86773,0.86782,1.50,1.00
2017.08.16 02:32:17.048,0.86775,0.86782,1.00,1.00
2017.08.16 02:32:17.918,0.86775,0.86782,1.37,1.00
2017.08.16 02:32:18.413,0.86774,0.8678,2.62,1.00
2017.08.16 02:32:18.567,0.86772,0.8678,2.62,1.00
2017.08.16 02:32:18.669,0.86771,0.8678,1.12,1.00
2017.08.16 02:32:19.152,0.86773,0.8678,1.00,1.00
2017.08.16 02:32:19.203,0.86771,0.8678,1.12,1.00
2017.08.16 02:32:19.429,0.86773,0.86781,1.37,1.00
2017.08.16 02:32:19.938,0.86775,0.86782,1.00,1.00
2017.08.16 02:32:22.571,0.86773,0.86782,1.87,1.00
2017.08.16 02:32:24.185,0.86775,0.86782,1.00,1.00
2017.08.16 02:32:24.718,0.86775,0.86781,1.00,1.00
2017.08.16 02:32:25.421,0.86774,0.86781,1.50,1.00
2017.08.16 02:32:30.437,0.86774,0.86782,1.50,1.00
2017.08.16 02:32:31.654,0.86774,0.86782,4.87,1.00
2017.08.16 02:32:36.266,0.86774,0.86782,1.12,1.00
2017.08.16 02:32:36.769,0.86774,0.86782,1.50,1.00
2017.08.16 02:32:43.716,0.86775,0.86783,1.12,1.00
2017.08.16 02:32:44.020,0.86777,0.86784,1.00,1.00
2017.08.16 02:32:45.764,0.86775,0.86784,1.12,1.00
2017.08.16 02:32:46.293,0.86776,0.86784,1.00,1.00
2017.08.16 02:32:49.108,0.86774,0.86784,3.37,1.00
2017.08.16 02:32:50.680,0.86774,0.8678,2.62,1.00
2017.08.16 02:32:50.782,0.86774,0.86782,1.00,1.00
2017.08.16 02:32:51.291,0.86773,0.86782,1.00,2.25
2017.08.16 02:32:54.793,0.86773,0.86783,1.00,1.12
2017.08.16 02:32:54.947,0.86777,0.86785,1.00,4.87
2017.08.16 02:32:54.998,0.86777,0.86785,1.00,1.12
2017.08.16 02:32:56.877,0.86777,0.86784,1.00,1.00
2017.08.16 02:33:01.129,0.86777,0.86787,1.00,1.00
2017.08.16 02:33:02.364,0.86777,0.86786,1.00,1.00
2017.08.16 02:33:02.884,0.86776,0.86786,1.12,1.00
2017.08.16 02:33:03.878,0.86776,0.86785,1.12,1.00
2017.08.16 02:33:08.090,0.86774,0.86786,3.37,1.50
2017.08.16 02:33:11.586,0.86774,0.86785,3.37,1.00
2017.08.16 02:33:12.179,0.86774,0.86786,3.37,1.50
2017.08.16 02:33:15.435,0.86775,0.86788,2.25,1.87
2017.08.16 02:33:16.446,0.86775,0.86787,1.50,1.00
2017.08.16 02:33:16.981,0.86775,0.86788,2.25,2.62
2017.08.16 02:33:17.652,0.86775,0.86787,2.62,1.00
2017.08.16 02:33:18.171,0.86775,0.86788,2.62,2.62
2017.08.16 02:33:19.327,0.86775,0.86786,2.62,1.00
2017.08.16 02:33:25.875,0.86775,0.86786,2.25,1.00
2017.08.16 02:33:26.272,0.86776,0.86787,1.50,1.00
2017.08.16 02:33:26.926,0.86775,0.86787,4.50,1.00
2017.08.16 02:33:29.579,0.86775,0.86787,1.12,1.87
2017.08.16 02:33:31.644,0.86776,0.86788,1.12,1.50
2017.08.16 02:33:31.975,0.86776,0.86788,4.12,1.00
2017.08.16 02:33:32.524,0.86777,0.86789,1.50,1.87
2017.08.16 02:33:32.969,0.86776,0.86787,4.12,1.00
2017.08.16 02:33:42.052,0.86778,0.86788,1.12,1.00
2017.08.16 02:33:42.359,0.86778,0.86788,3.37,1.00
2017.08.16 02:33:46.985,0.86778,0.86786,3.37,1.00
2017.08.16 02:33:47.188,0.86777,0.86786,1.12,1.00
2017.08.16 02:33:47.693,0.86776,0.86787,1.50,1.00
2017.08.16 02:33:47.846,0.86776,0.86784,1.50,1.00
2017.08.16 02:33:47.948,0.86775,0.86787,4.12,1.00
2017.08.16 02:33:48.152,0.86776,0.86785,1.50,1.00
2017.08.16 02:33:48.304,0.86775,0.86785,1.00,1.00
2017.08.16 02:33:57.368,0.86775,0.86783,1.50,1.00
2017.08.16 02:33:57.419,0.86775,0.86785,1.50,1.00
2017.08.16 02:33:58.360,0.86775,0.86784,1.50,1.00
2017.08.16 02:33:58.907,0.86775,0.86785,1.50,1.00
2017.08.16 02:33:59.665,0.86775,0.86784,1.50,1.00
2017.08.16 02:34:00.167,0.86775,0.86785,1.50,1.00
2017.08.16 02:34:00.708,0.86775,0.86784,1.50,1.00
2017.08.16 02:34:01.669,0.86775,0.86785,1.50,1.00
2017.08.16 02:34:02.671,0.86775,0.86784,1.50,1.00
2017.08.16 02:34:04.819,0.86775,0.86783,1.00,1.00
2017.08.16 02:34:05.390,0.86773,0.86783,1.50,1.00
2017.08.16 02:34:07.743,0.86774,0.86782,1.12,1.00
2017.08.16 02:34:11.906,0.86772,0.86779,3.37,1.00
2017.08.16 02:34:12.060,0.8677,0.86779,3.37,1.00
2017.08.16 02:34:12.314,0.8677,0.86781,1.37,1.12
2017.08.16 02:34:17.701,0.86771,0.86779,1.12,1.00
2017.08.16 02:34:17.974,0.86769,0.86778,1.00,1.00
2017.08.16 02:34:18.178,0.86766,0.86776,4.12,1.00
2017.08.16 02:34:18.722,0.86766,0.86775,2.62,1.00
2017.08.16 02:34:20.727,0.86766,0.86774,2.62,1.00
2017.08.16 02:34:30.555,0.86766,0.86775,3.00,1.00
2017.08.16 02:34:30.657,0.86766,0.86775,1.00,1.00
2017.08.16 02:34:30.910,0.86765,0.86772,2.62,1.00
2017.08.16 02:34:31.215,0.86762,0.86768,2.25,1.00
2017.08.16 02:34:31.378,0.8676,0.86767,1.50,1.00
2017.08.16 02:34:31.888,0.86759,0.8677,2.62,1.00
2017.08.16 02:34:32.041,0.86759,0.86768,2.25,1.00
2017.08.16 02:34:32.093,0.86759,0.86768,1.50,1.00
2017.08.16 02:34:33.129,0.86759,0.8677,1.00,1.00
2017.08.16 02:34:40.143,0.86758,0.8677,5.62,1.00
2017.08.16 02:34:40.794,0.86759,0.8677,2.62,1.00
2017.08.16 02:34:41.179,0.86759,0.86769,1.00,1.00
2017.08.16 02:34:41.686,0.86759,0.86768,1.00,1.00
2017.08.16 02:34:42.724,0.86761,0.86771,1.00,1.50
2017.08.16 02:34:45.134,0.86759,0.86771,1.00,1.50
2017.08.16 02:34:45.186,0.86759,0.86769,1.50,1.00
2017.08.16 02:34:45.695,0.8676,0.8677,1.00,1.12
2017.08.16 02:34:46.234,0.86761,0.8677,1.00,1.12
2017.08.16 02:34:46.741,0.86759,0.86769,1.00,1.00
2017.08.16 02:34:47.267,0.86759,0.86768,1.00,1.12
2017.08.16 02:34:47.981,0.86758,0.86769,1.12,3.00
2017.08.16 02:34:49.783,0.86759,0.86768,1.00,1.87
2017.08.16 02:34:55.120,0.86757,0.86768,1.00,1.12
2017.08.16 02:34:55.323,0.86754,0.86766,4.50,1.00
2017.08.16 02:34:56.224,0.86756,0.86767,1.12,1.00
2017.08.16 02:34:56.636,0.86757,0.86768,1.50,1.00
2017.08.16 02:35:00.354,0.86758,0.86769,1.50,1.00
2017.08.16 02:35:00.709,0.86759,0.86771,1.37,2.25
2017.08.16 02:35:01.982,0.86761,0.86771,1.00,2.25
2017.08.16 02:35:02.518,0.86758,0.8677,3.37,1.87
2017.08.16 02:35:07.317,0.86761,0.86772,1.50,1.00
2017.08.16 02:35:07.849,0.86762,0.86773,1.12,1.00
2017.08.16 02:35:09.112,0.86763,0.86773,1.00,1.00
2017.08.16 02:35:09.742,0.86762,0.86773,4.87,1.00
2017.08.16 02:35:09.844,0.86762,0.86773,1.12,1.00
2017.08.16 02:35:10.348,0.86762,0.86772,1.12,1.00
2017.08.16 02:35:10.887,0.86762,0.86773,1.87,1.00
2017.08.16 02:35:10.939,0.86761,0.86771,2.62,1.00
2017.08.16 02:35:11.446,0.86762,0.86772,1.00,4.12
2017.08.16 02:35:13.034,0.86762,0.86769,1.00,1.00
2017.08.16 02:35:13.581,0.86763,0.86771,1.00,2.25
2017.08.16 02:35:13.833,0.86763,0.86773,1.00,1.37
2017.08.16 02:35:14.339,0.86764,0.86774,1.00,4.12
2017.08.16 02:35:14.889,0.86765,0.86772,1.00,1.12
2017.08.16 02:35:15.475,0.86763,0.86772,1.00,1.12
2017.08.16 02:35:16.267,0.86764,0.86772,1.00,1.00
2017.08.16 02:35:16.786,0.86764,0.86774,1.00,1.00
2017.08.16 02:35:17.307,0.86764,0.86773,1.00,1.00
2017.08.16 02:35:17.834,0.86763,0.86773,1.00,1.87
2017.08.16 02:35:18.965,0.86764,0.86774,1.00,1.50
2017.08.16 02:35:22.341,0.86763,0.86773,1.00,2.25
2017.08.16 02:35:22.392,0.86761,0.86771,1.12,1.50
2017.08.16 02:35:22.697,0.86756,0.86765,3.37,1.00
2017.08.16 02:35:22.850,0.86756,0.86765,1.00,1.50
2017.08.16 02:35:23.427,0.86755,0.86765,1.50,1.50
2017.08.16 02:35:24.044,0.86755,0.86764,1.00,1.00
2017.08.16 02:35:24.247,0.86752,0.86764,1.12,3.00
2017.08.16 02:35:24.774,0.86753,0.86764,1.00,1.87
2017.08.16 02:35:25.316,0.86753,0.86763,1.00,1.00
2017.08.16 02:35:30.988,0.8675,0.86762,2.62,1.00
2017.08.16 02:35:33.889,0.86752,0.86763,1.12,1.00
2017.08.16 02:35:34.177,0.86754,0.86762,2.25,1.00
2017.08.16 02:35:34.279,0.86751,0.86762,3.37,1.00
2017.08.16 02:35:34.818,0.86751,0.86763,3.37,1.00
2017.08.16 02:35:35.021,0.86751,0.86761,2.62,1.00
2017.08.16 02:35:35.279,0.86751,0.86763,2.62,1.00
2017.08.16 02:35:36.114,0.86751,0.86762,2.62,1.00
2017.08.16 02:35:37.256,0.86751,0.86763,3.37,1.00
2017.08.16 02:35:38.598,0.86751,0.86762,3.37,1.00
2017.08.16 02:35:39.599,0.86751,0.86763,2.62,1.00
2017.08.16 02:35:40.191,0.86754,0.86764,1.00,1.87
2017.08.16 02:35:41.789,0.86754,0.86762,1.00,1.00
2017.08.16 02:35:41.992,0.8675,0.86762,3.00,1.37
2017.08.16 02:35:42.548,0.86749,0.86762,1.37,5.47
2017.08.16 02:35:53.229,0.86748,0.86757,2.62,1.00
2017.08.16 02:35:53.331,0.86746,0.86757,6.00,1.00
2017.08.16 02:35:53.840,0.86749,0.86758,1.00,1.00
2017.08.16 02:35:55.880,0.86748,0.86758,1.00,1.50
2017.08.16 02:35:58.491,0.86748,0.8676,1.00,2.25
2017.08.16 02:35:59.041,0.86749,0.86759,1.00,1.50
2017.08.16 02:36:02.629,0.86749,0.86756,1.00,1.00
2017.08.16 02:36:02.782,0.86744,0.86755,2.62,1.00
2017.08.16 02:36:04.384,0.86745,0.86756,1.12,1.50
2017.08.16 02:36:04.984,0.86745,0.86755,1.12,1.00
2017.08.16 02:36:16.963,0.86744,0.86753,2.62,1.00
2017.08.16 02:36:17.124,0.86742,0.86752,2.62,1.00
2017.08.16 02:36:17.531,0.8674,0.86751,1.87,1.00
2017.08.16 02:36:18.075,0.86741,0.86753,1.00,2.25
2017.08.16 02:36:19.290,0.86741,0.86751,1.00,1.00
2017.08.16 02:36:21.514,0.86741,0.86753,1.00,2.25
2017.08.16 02:36:21.791,0.86743,0.86753,1.00,2.25
2017.08.16 02:36:23.383,0.86744,0.86754,1.00,3.37
2017.08.16 02:36:23.637,0.86746,0.86756,1.00,1.50
2017.08.16 02:36:24.864,0.86745,0.86756,1.12,1.00
2017.08.16 02:36:25.348,0.86747,0.86756,1.00,1.00
2017.08.16 02:36:28.193,0.86747,0.86755,1.00,1.00
2017.08.16 02:36:30.579,0.86747,0.86757,1.00,1.87
2017.08.16 02:36:30.937,0.86744,0.86753,2.62,1.00
2017.08.16 02:36:31.242,0.86743,0.86751,1.00,1.12
2017.08.16 02:36:31.447,0.86739,0.86751,2.25,1.00
2017.08.16 02:36:31.955,0.86739,0.8675,3.00,1.00
2017.08.16 02:36:33.117,0.8674,0.86751,1.00,1.50
2017.08.16 02:36:33.270,0.8674,0.86751,3.37,1.00
2017.08.16 02:36:40.287,0.86742,0.86752,1.12,1.12
2017.08.16 02:36:40.440,0.86744,0.86755,1.00,1.12
2017.08.16 02:36:45.948,0.86742,0.86756,4.87,1.50
2017.08.16 02:36:45.999,0.86743,0.86753,1.12,1.00
2017.08.16 02:36:57.983,0.86744,0.86753,2.25,1.00
2017.08.16 02:36:58.884,0.86744,0.86752,2.25,1.00
2017.08.16 02:37:13.874,0.86744,0.86753,2.25,1.00
2017.08.16 02:37:18.034,0.86742,0.86753,3.37,1.00
2017.08.16 02:37:26.196,0.86743,0.86754,1.50,1.00
2017.08.16 02:37:28.932,0.86742,0.8675,2.62,1.00
2017.08.16 02:37:29.136,0.8674,0.86748,1.12,1.00
2017.08.16 02:37:29.670,0.86739,0.86748,1.00,1.00
2017.08.16 02:37:31.653,0.86739,0.8675,1.00,1.00
2017.08.16 02:37:37.320,0.86739,0.86747,1.50,1.00
2017.08.16 02:37:42.001,0.86739,0.8675,1.50,1.50
2017.08.16 02:37:46.430,0.86738,0.86751,1.87,3.00
2017.08.16 02:37:48.378,0.86738,0.86751,4.12,1.87
2017.08.16 02:37:48.429,0.86741,0.86753,1.00,4.50
2017.08.16 02:37:48.937,0.8674,0.86752,1.50,1.12
2017.08.16 02:38:02.770,0.86739,0.86752,3.00,4.87
2017.08.16 02:38:21.340,0.86739,0.8675,1.00,1.00
2017.08.16 02:38:21.646,0.86737,0.86748,1.00,1.12
2017.08.16 02:38:24.744,0.86738,0.86748,1.00,1.12
2017.08.16 02:38:33.410,0.86737,0.86749,1.00,1.50
2017.08.16 02:38:34.086,0.86737,0.86747,1.00,1.00
2017.08.16 02:38:34.647,0.86738,0.86749,1.00,1.87
2017.08.16 02:38:41.303,0.8674,0.8675,1.00,2.62
2017.08.16 02:38:41.558,0.86742,0.86752,1.00,2.25
2017.08.16 02:38:41.710,0.86742,0.86753,1.12,1.00
2017.08.16 02:38:42.018,0.86741,0.86752,1.12,1.50
2017.08.16 02:38:42.529,0.8674,0.8675,1.00,1.12
2017.08.16 02:38:42.782,0.86738,0.86749,1.00,1.12
2017.08.16 02:38:44.225,0.86738,0.8675,1.50,1.00
2017.08.16 02:38:46.520,0.86738,0.8675,1.12,1.50
2017.08.16 02:38:46.939,0.8674,0.86749,1.00,1.00
2017.08.16 02:38:47.466,0.8674,0.8675,1.00,1.00
2017.08.16 02:38:47.971,0.86739,0.8675,1.12,1.00
2017.08.16 02:38:51.305,0.86739,0.86751,1.12,1.12
2017.08.16 02:38:51.611,0.86741,0.86752,1.00,4.12
2017.08.16 02:38:52.122,0.86741,0.86752,1.00,3.37
2017.08.16 02:38:55.131,0.86741,0.86751,1.00,3.75
2017.08.16 02:38:57.110,0.86743,0.86749,1.00,1.00
2017.08.16 02:38:57.263,0.86744,0.86752,1.00,2.62
2017.08.16 02:38:57.850,0.86743,0.86753,1.00,4.12
2017.08.16 02:38:59.707,0.86742,0.86753,1.00,3.37
2017.08.16 02:39:01.502,0.86741,0.86753,1.12,2.62
2017.08.16 02:39:01.554,0.86741,0.86754,3.37,3.37
2017.08.16 02:39:01.711,0.8674,0.86752,3.37,1.00
2017.08.16 02:39:02.039,0.8674,0.86751,1.00,1.50
2017.08.16 02:39:04.077,0.86738,0.86751,1.12,2.62
2017.08.16 02:39:04.584,0.86738,0.86749,1.12,1.00
2017.08.16 02:39:05.189,0.86738,0.8675,1.12,1.12
2017.08.16 02:39:05.737,0.86738,0.86749,1.12,1.50
2017.08.16 02:39:17.482,0.86738,0.86748,1.00,1.12
2017.08.16 02:39:18.233,0.86736,0.86748,1.12,1.12
2017.08.16 02:39:25.020,0.86738,0.86749,1.00,2.25
2017.08.16 02:39:33.365,0.86736,0.86748,1.12,1.12
2017.08.16 02:39:34.004,0.86738,0.86749,1.00,1.50
2017.08.16 02:39:45.639,0.86738,0.8675,1.12,1.12
2017.08.16 02:39:48.624,0.8674,0.86751,1.00,4.12
2017.08.16 02:39:53.609,0.86738,0.86749,1.12,1.00
2017.08.16 02:39:55.541,0.86739,0.86749,1.00,1.00
2017.08.16 02:39:55.887,0.8674,0.86753,1.12,4.12
2017.08.16 02:39:55.939,0.86741,0.86753,3.00,1.87
2017.08.16 02:39:56.490,0.86741,0.86753,4.12,1.00
2017.08.16 02:39:57.150,0.86741,0.86754,4.12,1.87
2017.08.16 02:40:00.375,0.86743,0.86753,1.00,1.00
2017.08.16 02:40:00.879,0.86744,0.86754,1.00,1.12
2017.08.16 02:40:01.443,0.86744,0.86755,1.87,1.00
2017.08.16 02:40:02.864,0.86743,0.86754,1.00,1.12
2017.08.16 02:40:03.391,0.86741,0.86753,3.37,1.12
2017.08.16 02:40:03.898,0.86743,0.86755,1.00,2.62
2017.08.16 02:40:04.828,0.86744,0.86756,1.00,3.75
2017.08.16 02:40:05.374,0.86743,0.86754,1.00,1.50
2017.08.16 02:40:05.679,0.86741,0.86752,1.50,1.12
2017.08.16 02:40:07.861,0.86742,0.86752,1.00,1.12
2017.08.16 02:40:08.755,0.86741,0.86752,1.00,1.12
2017.08.16 02:40:10.011,0.86741,0.86751,1.00,1.00
2017.08.16 02:40:10.734,0.8674,0.86752,1.12,2.25
2017.08.16 02:40:11.038,0.8674,0.8675,1.00,1.12
2017.08.16 02:40:24.600,0.8674,0.86749,1.00,1.00
2017.08.16 02:40:24.651,0.86738,0.86749,1.87,1.00
2017.08.16 02:40:24.703,0.8674,0.86749,1.00,1.00
2017.08.16 02:40:27.319,0.8674,0.8675,1.00,1.12
2017.08.16 02:40:32.280,0.86741,0.86751,1.00,2.62
2017.08.16 02:40:32.382,0.86742,0.86752,1.00,1.12
2017.08.16 02:40:32.912,0.86742,0.86751,1.00,1.00
2017.08.16 02:40:33.447,0.86742,0.86752,1.00,1.50
2017.08.16 02:40:33.609,0.86742,0.86751,1.00,2.62
2017.08.16 02:40:35.519,0.86742,0.86751,1.00,1.12
2017.08.16 02:40:36.679,0.86739,0.8675,1.87,1.00
2017.08.16 02:40:37.523,0.8674,0.8675,1.00,1.00
2017.08.16 02:40:38.061,0.86739,0.8675,1.87,1.00
2017.08.16 02:40:38.581,0.86739,0.86751,1.87,1.12
2017.08.16 02:40:39.126,0.86739,0.8675,1.12,1.00
2017.08.16 02:40:39.634,0.86738,0.86749,3.00,1.00
2017.08.16 02:40:40.233,0.86738,0.86749,5.62,1.00
2017.08.16 02:40:45.822,0.86739,0.86749,1.12,1.00
2017.08.16 02:40:54.771,0.8674,0.86749,1.00,1.00
2017.08.16 02:40:55.580,0.86739,0.8675,3.00,1.12
2017.08.16 02:40:55.978,0.86739,0.86748,3.00,1.00
2017.08.16 02:41:00.522,0.8674,0.86751,1.12,1.37
2017.08.16 02:41:01.073,0.86741,0.86752,1.00,3.37
2017.08.16 02:41:03.605,0.86743,0.86752,1.00,3.37
2017.08.16 02:41:05.263,0.86741,0.86752,1.00,3.75
2017.08.16 02:41:05.574,0.86741,0.86752,1.12,1.00
2017.08.16 02:41:06.083,0.86742,0.86753,1.00,1.12
2017.08.16 02:41:06.750,0.86742,0.86755,1.87,2.25
2017.08.16 02:41:14.070,0.86744,0.86755,1.00,1.50
2017.08.16 02:41:14.828,0.86745,0.86756,1.00,3.37
2017.08.16 02:41:14.981,0.86745,0.86756,1.00,1.12
2017.08.16 02:41:15.590,0.86746,0.86757,1.00,3.37
2017.08.16 02:41:16.104,0.86745,0.86756,1.00,1.12
2017.08.16 02:41:16.612,0.86745,0.86755,1.00,1.00
2017.08.16 02:41:17.114,0.86745,0.86756,1.50,1.87
2017.08.16 02:41:22.221,0.86745,0.86756,1.00,2.25
2017.08.16 02:41:22.971,0.86745,0.86756,1.00,1.87
2017.08.16 02:41:25.535,0.86744,0.86756,1.12,1.12
2017.08.16 02:41:26.724,0.86744,0.86756,1.12,1.50
2017.08.16 02:41:27.274,0.86744,0.86756,1.12,1.50
2017.08.16 02:41:28.225,0.86744,0.86756,1.12,2.25
2017.08.16 02:41:29.606,0.86744,0.86757,4.12,3.75
2017.08.16 02:41:31.846,0.86745,0.86755,4.12,1.00
2017.08.16 02:41:34.571,0.86745,0.86753,2.62,1.00
2017.08.16 02:41:34.673,0.86743,0.86753,1.87,1.00
2017.08.16 02:41:35.220,0.86744,0.86752,1.00,1.00
2017.08.16 02:41:37.600,0.86743,0.86751,1.00,1.00
2017.08.16 02:41:39.174,0.86742,0.86751,1.50,1.00
2017.08.16 02:41:40.353,0.86742,0.86753,1.50,1.00
2017.08.16 02:41:41.121,0.86742,0.86752,1.50,1.00
2017.08.16 02:41:44.670,0.86743,0.86752,1.00,1.00
2017.08.16 02:41:45.675,0.86742,0.86752,2.25,1.00
2017.08.16 02:41:46.216,0.86742,0.86753,3.00,1.00
2017.08.16 02:41:46.724,0.86742,0.86754,3.00,1.00
2017.08.16 02:41:46.978,0.86745,0.86754,1.00,1.00
2017.08.16 02:41:47.232,0.86745,0.86757,1.12,1.12
2017.08.16 02:41:48.169,0.86743,0.86756,4.87,1.00
2017.08.16 02:41:48.323,0.86743,0.86755,2.25,1.00
2017.08.16 02:41:49.006,0.86743,0.86754,2.25,1.00
2017.08.16 02:41:50.364,0.86744,0.86754,1.00,1.50
2017.08.16 02:41:52.574,0.86744,0.86752,1.00,1.00
2017.08.16 02:41:52.782,0.86744,0.86754,1.00,1.50
2017.08.16 02:41:53.582,0.86744,0.86753,1.00,1.00
2017.08.16 02:41:54.084,0.86743,0.86753,2.25,1.00
2017.08.16 02:41:54.632,0.86744,0.86753,1.00,1.00
2017.08.16 02:41:55.961,0.86743,0.86747,1.50,1.00
2017.08.16 02:41:56.136,0.86741,0.86747,1.00,1.00
2017.08.16 02:41:56.188,0.8674,0.86744,1.00,1.00
2017.08.16 02:41:56.241,0.86736,0.86744,1.12,1.00
2017.08.16 02:41:56.447,0.86732,0.86744,5.62,1.00
2017.08.16 02:41:56.549,0.86732,0.86744,2.62,1.87
2017.08.16 02:41:56.962,0.86732,0.86742,2.62,1.00
2017.08.16 02:42:00.329,0.86732,0.86741,2.62,1.00
2017.08.16 02:42:00.635,0.86728,0.86736,3.37,1.00
2017.08.16 02:42:00.839,0.86727,0.86736,1.87,1.00
2017.08.16 02:42:01.044,0.86727,0.86738,1.87,1.12
2017.08.16 02:42:02.797,0.86727,0.86737,1.87,1.00
2017.08.16 02:42:03.853,0.86727,0.86736,2.62,1.00
2017.08.16 02:42:04.736,0.86727,0.86736,4.12,1.00
2017.08.16 02:42:06.625,0.86727,0.86737,4.87,1.00
2017.08.16 02:42:07.036,0.86727,0.86737,1.87,1.00
2017.08.16 02:42:07.422,0.86727,0.86735,1.87,1.00
2017.08.16 02:42:07.970,0.86727,0.86734,1.12,1.00
2017.08.16 02:42:08.140,0.86727,0.86736,1.12,1.00
2017.08.16 02:42:11.146,0.86727,0.86735,1.12,1.00
2017.08.16 02:42:14.285,0.86728,0.86735,1.00,1.00
2017.08.16 02:42:14.871,0.86728,0.86737,1.50,1.00
2017.08.16 02:42:15.578,0.86732,0.8674,1.00,2.62
2017.08.16 02:42:15.732,0.86732,0.86741,1.50,1.12
2017.08.16 02:42:17.970,0.86732,0.86742,1.50,1.12
2017.08.16 02:42:18.413,0.86734,0.86742,1.00,1.12
2017.08.16 02:42:18.945,0.86735,0.86743,1.00,1.00
2017.08.16 02:42:20.687,0.86734,0.86741,1.12,1.00
2017.08.16 02:42:20.739,0.86732,0.86743,3.37,1.12
2017.08.16 02:42:20.790,0.86732,0.86741,2.62,1.00
2017.08.16 02:42:20.841,0.86731,0.86741,1.00,1.00
2017.08.16 02:42:20.893,0.86731,0.86739,1.00,1.00
2017.08.16 02:42:21.401,0.86729,0.86739,1.50,1.50
2017.08.16 02:42:21.728,0.86729,0.86738,1.00,1.50
2017.08.16 02:42:25.038,0.86728,0.86738,1.50,1.50
2017.08.16 02:42:25.826,0.86729,0.86737,1.00,1.12
2017.08.16 02:42:26.171,0.86727,0.86737,2.62,1.12
2017.08.16 02:42:26.639,0.86724,0.86736,3.00,3.00
2017.08.16 02:42:30.652,0.86725,0.86734,1.50,1.12
2017.08.16 02:42:30.805,0.86725,0.86736,1.87,1.12
2017.08.16 02:42:32.094,0.86725,0.86735,1.50,1.00
2017.08.16 02:42:32.698,0.86724,0.86735,1.50,1.00
2017.08.16 02:42:35.788,0.86724,0.86734,1.50,1.00
2017.08.16 02:42:37.576,0.86723,0.86733,2.25,1.00
2017.08.16 02:42:37.700,0.86725,0.86733,1.00,1.12
2017.08.16 02:42:38.861,0.86723,0.86734,1.50,1.50
2017.08.16 02:42:39.369,0.86724,0.86732,1.00,1.00
2017.08.16 02:42:39.960,0.86724,0.86731,1.00,1.00
2017.08.16 02:42:40.016,0.86722,0.86731,1.12,1.00
2017.08.16 02:42:40.620,0.86723,0.86731,1.00,1.00
2017.08.16 02:42:41.683,0.86722,0.86731,1.12,1.00
2017.08.16 02:42:42.271,0.86723,0.86731,1.00,1.00
2017.08.16 02:42:42.883,0.86722,0.86731,1.12,1.50
2017.08.16 02:42:43.933,0.86724,0.86731,1.00,1.00
2017.08.16 02:42:44.112,0.86722,0.86731,1.00,1.00
2017.08.16 02:42:46.675,0.86723,0.86731,1.00,1.50
2017.08.16 02:42:47.435,0.86722,0.86731,1.87,1.50
2017.08.16 02:42:48.213,0.86721,0.86729,1.50,1.00
2017.08.16 02:42:48.366,0.86718,0.86728,3.37,1.50
2017.08.16 02:42:48.419,0.86718,0.86728,1.12,1.50
2017.08.16 02:42:48.521,0.8672,0.86727,1.00,1.00
2017.08.16 02:42:48.752,0.86718,0.86728,1.87,1.00
2017.08.16 02:42:48.803,0.86718,0.8673,1.87,1.87
2017.08.16 02:42:50.468,0.8672,0.8673,1.00,1.87
2017.08.16 02:42:51.491,0.86721,0.86732,1.00,3.37
2017.08.16 02:42:52.035,0.86721,0.86733,1.12,3.37
2017.08.16 02:42:57.270,0.8672,0.8673,2.25,1.00
2017.08.16 02:42:57.676,0.86721,0.86732,1.00,1.12
2017.08.16 02:43:00.535,0.8672,0.86729,1.50,1.00
2017.08.16 02:43:00.836,0.86717,0.86726,1.12,1.00
2017.08.16 02:43:01.629,0.86716,0.86726,1.12,1.00
2017.08.16 02:43:01.681,0.86715,0.86724,2.62,1.00
2017.08.16 02:43:01.834,0.86715,0.86723,1.12,1.00
2017.08.16 02:43:02.089,0.86715,0.86723,1.87,1.00
2017.08.16 02:43:02.140,0.86715,0.86723,1.50,1.00
2017.08.16 02:43:02.662,0.86716,0.86723,1.00,1.00
2017.08.16 02:43:08.547,0.86716,0.86725,2.25,1.00
2017.08.16 02:43:09.091,0.86716,0.86724,2.25,1.00
2017.08.16 02:43:12.839,0.86716,0.86723,1.87,1.00
2017.08.16 02:43:14.756,0.86716,0.86722,1.12,1.00
2017.08.16 02:43:14.858,0.86714,0.8672,2.62,1.00
2017.08.16 02:43:15.046,0.8671,0.86719,3.37,1.00
2017.08.16 02:43:15.556,0.8671,0.86718,3.37,1.00
2017.08.16 02:43:16.081,0.86711,0.86717,1.50,1.00
2017.08.16 02:43:16.596,0.86712,0.86718,1.12,1.00
2017.08.16 02:43:20.049,0.86708,0.86713,1.00,1.00
2017.08.16 02:43:20.101,0.86706,0.86715,3.37,1.00
2017.08.16 02:43:20.251,0.86705,0.86715,1.00,1.00
2017.08.16 02:43:20.404,0.86708,0.86716,1.00,1.12
2017.08.16 02:43:20.947,0.86709,0.86716,1.00,1.12
2017.08.16 02:43:25.364,0.86709,0.86718,1.00,1.37
2017.08.16 02:43:25.969,0.86709,0.86717,1.00,2.25
2017.08.16 02:43:30.838,0.8671,0.86717,1.00,2.25
2017.08.16 02:43:30.940,0.86711,0.8672,1.00,2.62
2017.08.16 02:43:32.501,0.86712,0.8672,1.00,2.62
2017.08.16 02:43:32.756,0.86713,0.86722,1.00,1.12
2017.08.16 02:43:39.189,0.86712,0.86722,1.00,1.12
2017.08.16 02:43:43.390,0.8671,0.86722,1.50,1.87
2017.08.16 02:43:43.590,0.8671,0.8672,1.50,1.00
2017.08.16 02:43:43.778,0.8671,0.86722,1.50,1.87
2017.08.16 02:43:45.921,0.8671,0.86721,1.50,1.00
2017.08.16 02:43:46.073,0.86709,0.8672,1.00,1.12
2017.08.16 02:43:48.322,0.8671,0.8672,1.00,1.12
2017.08.16 02:43:48.824,0.86711,0.86719,1.00,1.50
2017.08.16 02:43:49.399,0.86711,0.8672,1.00,1.87
2017.08.16 02:43:49.983,0.8671,0.8672,1.00,1.87
2017.08.16 02:43:50.035,0.86712,0.8672,1.00,1.87
2017.08.16 02:43:51.074,0.86711,0.8672,1.00,1.50
2017.08.16 02:43:59.705,0.86712,0.86721,1.00,4.87
2017.08.16 02:44:01.065,0.86713,0.86721,1.00,2.62
2017.08.16 02:44:01.299,0.86713,0.86722,1.00,1.12
2017.08.16 02:44:10.817,0.86712,0.86722,1.00,1.12
2017.08.16 02:44:12.744,0.86712,0.86723,2.25,2.25
2017.08.16 02:44:13.266,0.86713,0.86723,1.00,2.25
2017.08.16 02:44:14.220,0.86715,0.86723,1.00,1.00
2017.08.16 02:44:14.954,0.86715,0.86725,1.50,1.50
2017.08.16 02:44:17.972,0.86715,0.86723,1.00,1.00
2017.08.16 02:44:18.584,0.86714,0.86723,1.00,1.00
2017.08.16 02:44:20.098,0.86714,0.86725,1.00,2.25
2017.08.16 02:44:29.285,0.86715,0.86725,1.00,1.50
2017.08.16 02:44:30.497,0.86714,0.86724,1.00,1.12
2017.08.16 02:44:33.493,0.86714,0.86723,1.00,1.00
2017.08.16 02:44:36.731,0.86714,0.86724,1.00,1.12
2017.08.16 02:44:37.074,0.86714,0.86723,1.00,1.50
2017.08.16 02:44:46.878,0.86712,0.86719,1.00,1.50
2017.08.16 02:44:46.929,0.86709,0.86718,3.37,1.00
2017.08.16 02:44:46.981,0.8671,0.86716,1.12,1.00
2017.08.16 02:44:47.082,0.86708,0.86716,1.87,1.00
2017.08.16 02:44:48.076,0.86708,0.86715,1.00,1.00
2017.08.16 02:44:49.624,0.86708,0.86713,1.00,1.00
2017.08.16 02:44:49.776,0.86704,0.86713,1.00,1.00
2017.08.16 02:44:51.199,0.86705,0.86713,1.00,1.00
2017.08.16 02:44:56.005,0.86704,0.86713,1.00,1.00
2017.08.16 02:44:56.300,0.867,0.86709,2.62,1.00
2017.08.16 02:44:56.503,0.86698,0.86707,1.87,1.00
2017.08.16 02:44:57.276,0.86699,0.86709,1.50,1.00
2017.08.16 02:44:57.451,0.86701,0.86709,1.50,1.00
2017.08.16 02:44:57.807,0.86699,0.86709,1.87,1.00
2017.08.16 02:44:58.913,0.86698,0.86707,1.50,1.00
2017.08.16 02:44:59.117,0.86696,0.86706,1.12,1.12
2017.08.16 02:44:59.527,0.86698,0.86707,1.00,2.25
2017.08.16 02:45:00.543,0.86699,0.86707,1.00,2.25
2017.08.16 02:45:00.594,0.86699,0.86709,1.00,2.25
2017.08.16 02:45:12.007,0.86698,0.86707,1.00,1.00
2017.08.16 02:45:12.550,0.86699,0.86709,1.00,3.75
2017.08.16 02:45:18.404,0.867,0.86709,1.00,2.62
2017.08.16 02:45:18.455,0.86702,0.86709,1.00,2.62
2017.08.16 02:45:18.660,0.86702,0.86712,1.00,3.00
2017.08.16 02:45:18.762,0.86702,0.86712,1.00,1.00
2017.08.16 02:45:19.583,0.86701,0.86712,1.00,1.50
2017.08.16 02:45:20.975,0.867,0.86712,1.87,2.25
2017.08.16 02:45:21.438,0.86702,0.86713,1.50,2.62
2017.08.16 02:45:21.743,0.86705,0.86715,1.50,1.12
2017.08.16 02:45:26.883,0.86704,0.86714,1.50,1.00
2017.08.16 02:45:37.182,0.86703,0.86714,1.87,1.00
2017.08.16 02:45:38.641,0.86704,0.86714,1.00,1.00
2017.08.16 02:45:43.396,0.86707,0.86715,1.00,1.00
2017.08.16 02:45:43.702,0.86707,0.86718,1.87,1.50
2017.08.16 02:45:44.486,0.86706,0.86717,2.25,1.00
2017.08.16 02:45:46.868,0.86706,0.86714,1.12,1.12
2017.08.16 02:45:47.558,0.86705,0.86714,1.00,1.12
2017.08.16 02:45:58.810,0.86704,0.86715,1.87,1.37
2017.08.16 02:46:00.103,0.86704,0.86716,1.87,1.12
2017.08.16 02:46:00.757,0.86705,0.86715,1.12,1.00
2017.08.16 02:46:00.910,0.86704,0.86715,1.87,3.00
2017.08.16 02:46:01.703,0.86705,0.86715,1.00,3.37
2017.08.16 02:46:03.213,0.86705,0.86717,1.50,4.12
2017.08.16 02:46:03.315,0.86705,0.86717,1.87,1.50
2017.08.16 02:46:05.144,0.86705,0.86715,2.25,1.00
2017.08.16 02:46:05.841,0.86705,0.86715,1.87,1.12
2017.08.16 02:46:10.108,0.86705,0.86714,1.87,1.00
2017.08.16 02:46:11.810,0.86703,0.86714,2.25,1.12
2017.08.16 02:46:12.829,0.86704,0.86714,1.00,1.12
2017.08.16 02:46:14.592,0.86705,0.86714,1.00,1.00
2017.08.16 02:46:15.985,0.86704,0.86714,1.00,1.00
2017.08.16 02:46:22.163,0.86702,0.86713,2.62,1.00
2017.08.16 02:46:22.215,0.86702,0.86711,2.62,1.00
2017.08.16 02:46:22.430,0.86701,0.86712,1.12,1.00
2017.08.16 02:46:23.582,0.867,0.86713,1.50,1.87
2017.08.16 02:46:31.491,0.86704,0.86713,1.00,1.12
2017.08.16 02:46:31.745,0.86704,0.86715,3.37,1.00
2017.08.16 02:46:32.289,0.86704,0.86716,3.37,1.00
2017.08.16 02:46:34.979,0.86704,0.86716,3.37,1.00
2017.08.16 02:46:35.481,0.86706,0.86717,1.00,2.25
2017.08.16 02:46:36.241,0.86706,0.86716,1.00,1.00
2017.08.16 02:46:36.745,0.86706,0.86716,1.00,3.37
2017.08.16 02:46:37.292,0.86704,0.86716,2.25,2.62
2017.08.16 02:46:42.023,0.86704,0.86714,1.50,1.00
2017.08.16 02:46:50.977,0.86704,0.86715,1.87,1.12
2017.08.16 02:46:52.755,0.86706,0.86716,1.00,2.62
2017.08.16 02:46:52.806,0.86708,0.86716,1.00,2.62
2017.08.16 02:46:57.963,0.86708,0.86716,1.00,1.00
2017.08.16 02:47:00.591,0.86709,0.86717,1.00,1.00
2017.08.16 02:47:00.896,0.86713,0.86721,1.00,1.00
2017.08.16 02:47:04.236,0.86712,0.86721,1.00,1.00
2017.08.16 02:47:09.033,0.86712,0.86722,1.00,1.12
2017.08.16 02:47:13.727,0.86712,0.86721,1.00,1.00
2017.08.16 02:47:14.688,0.86711,0.86719,1.12,1.00
2017.08.16 02:47:18.006,0.8671,0.86719,1.50,1.00
2017.08.16 02:47:28.987,0.86711,0.86719,1.00,1.00
2017.08.16 02:47:47.526,0.8671,0.86719,1.12,1.00
2017.08.16 02:47:48.492,0.8671,0.8672,1.12,1.00
2017.08.16 02:47:49.736,0.8671,0.86721,1.12,1.00
2017.08.16 02:47:50.271,0.8671,0.86722,1.12,1.87
2017.08.16 02:47:58.000,0.8671,0.86722,1.50,1.50
2017.08.16 02:47:58.502,0.86711,0.86722,1.00,1.50
2017.08.16 02:47:59.031,0.86711,0.86722,1.50,1.00
2017.08.16 02:47:59.581,0.86711,0.86723,1.50,3.00
2017.08.16 02:48:00.575,0.86711,0.86722,1.00,1.00
2017.08.16 02:48:03.292,0.86711,0.86723,1.00,3.00
2017.08.16 02:48:05.082,0.86711,0.86722,1.00,1.00
2017.08.16 02:48:10.032,0.86711,0.8672,1.00,1.00
2017.08.16 02:48:11.280,0.86711,0.86722,1.00,1.00
2017.08.16 02:48:18.030,0.8671,0.86722,4.12,1.00
2017.08.16 02:48:27.532,0.8671,0.86721,4.12,1.00
2017.08.16 02:48:28.780,0.8671,0.86722,4.12,1.00
2017.08.16 02:48:31.287,0.8671,0.86721,4.12,1.00
2017.08.16 02:48:32.531,0.86711,0.8672,1.50,1.00
2017.08.16 02:48:33.781,0.8671,0.86721,3.37,1.00
2017.08.16 02:48:37.533,0.8671,0.8672,4.12,1.00
2017.08.16 02:48:38.065,0.8671,0.8672,2.25,1.00
2017.08.16 02:48:40.036,0.86711,0.86721,1.12,1.00
2017.08.16 02:48:44.503,0.8671,0.8672,1.50,1.00
2017.08.16 02:48:47.481,0.8671,0.86719,1.50,1.00
2017.08.16 02:48:51.319,0.86712,0.86719,1.00,1.00
2017.08.16 02:48:51.929,0.8671,0.86719,1.50,1.00
2017.08.16 02:48:58.005,0.86711,0.86719,1.37,1.00
2017.08.16 02:48:58.582,0.8671,0.8672,3.37,1.00
2017.08.16 02:49:01.100,0.8671,0.86719,2.62,1.00
2017.08.16 02:49:03.988,0.8671,0.86717,2.25,1.50
2017.08.16 02:49:04.039,0.86707,0.86717,2.62,2.25
2017.08.16 02:49:08.308,0.86707,0.86717,1.00,1.00
2017.08.16 02:49:08.813,0.86708,0.86717,1.87,1.00
2017.08.16 02:49:08.864,0.86708,0.86719,2.62,1.00
2017.08.16 02:49:08.916,0.86709,0.86719,1.37,1.00
2017.08.16 02:49:09.434,0.86709,0.86721,1.50,1.50
2017.08.16 02:49:09.831,0.8671,0.86721,3.00,1.00
2017.08.16 02:49:11.227,0.8671,0.8672,3.37,1.00
2017.08.16 02:49:15.408,0.86714,0.86725,2.25,3.37
2017.08.16 02:49:15.459,0.86714,0.86725,4.50,1.37
2017.08.16 02:49:15.974,0.86715,0.86725,1.37,1.00
2017.08.16 02:49:21.949,0.86716,0.86727,1.12,1.00
2017.08.16 02:49:22.203,0.86716,0.86725,1.12,1.00
2017.08.16 02:49:37.033,0.86714,0.86724,4.12,1.00
2017.08.16 02:49:37.950,0.86714,0.86724,4.12,1.00
2017.08.16 02:49:38.875,0.86714,0.86724,1.00,1.00
2017.08.16 02:49:40.465,0.86714,0.86724,1.50,1.00
2017.08.16 02:49:41.858,0.86713,0.86722,2.62,1.00
2017.08.16 02:49:41.960,0.86712,0.86722,3.37,1.00
2017.08.16 02:49:42.011,0.86712,0.8672,2.25,1.00
2017.08.16 02:49:42.062,0.86711,0.8672,1.12,1.00
2017.08.16 02:49:42.601,0.86711,0.86721,1.12,1.00
2017.08.16 02:49:44.671,0.86711,0.86719,1.87,1.00
2017.08.16 02:49:48.996,0.86711,0.86721,1.87,1.00
2017.08.16 02:49:50.233,0.86711,0.86723,1.12,1.87
2017.08.16 02:49:50.549,0.86709,0.86718,3.37,1.12
2017.08.16 02:49:50.702,0.86709,0.86718,1.00,1.50
2017.08.16 02:49:50.968,0.86707,0.86718,1.00,1.87
2017.08.16 02:49:51.070,0.86707,0.86718,2.25,1.00
2017.08.16 02:49:51.172,0.86707,0.86718,1.87,1.37
2017.08.16 02:49:51.355,0.86707,0.86718,2.25,1.37
2017.08.16 02:49:51.901,0.86709,0.86718,1.00,1.00
2017.08.16 02:49:55.298,0.86707,0.86718,1.87,1.00
2017.08.16 02:49:56.983,0.86708,0.86719,1.00,1.12
2017.08.16 02:49:58.092,0.86708,0.8672,3.37,1.87
2017.08.16 02:49:59.788,0.8671,0.86722,1.50,2.47
2017.08.16 02:50:00.093,0.86711,0.86723,1.87,1.12
2017.08.16 02:50:00.602,0.86713,0.86723,1.00,1.12
2017.08.16 02:50:03.847,0.86713,0.86724,1.00,1.50
2017.08.16 02:50:04.348,0.86714,0.86724,1.00,1.00
2017.08.16 02:50:09.940,0.86714,0.86725,1.12,1.72
2017.08.16 02:50:10.977,0.86712,0.86724,3.37,1.00
2017.08.16 02:50:18.052,0.86712,0.86724,1.50,1.50
2017.08.16 02:50:29.056,0.86713,0.86724,1.00,1.00
2017.08.16 02:50:32.231,0.86712,0.86724,3.00,1.00
2017.08.16 02:50:37.951,0.86712,0.86724,4.12,1.50
2017.08.16 02:50:47.996,0.86712,0.86722,2.62,1.00
2017.08.16 02:50:48.200,0.8671,0.86722,2.25,1.50
2017.08.16 02:50:49.026,0.8671,0.86722,2.25,1.50
2017.08.16 02:50:52.179,0.8671,0.8672,1.00,1.00
2017.08.16 02:50:52.717,0.8671,0.86721,1.12,2.62
2017.08.16 02:50:54.125,0.8671,0.86721,1.50,3.00
2017.08.16 02:50:54.176,0.86711,0.86721,1.00,1.00
2017.08.16 02:50:59.760,0.86711,0.86723,1.50,1.50
2017.08.16 02:51:09.047,0.86711,0.86722,1.50,1.00
2017.08.16 02:51:09.252,0.86709,0.8672,1.00,1.00
2017.08.16 02:51:09.646,0.86707,0.86718,1.50,2.62
2017.08.16 02:51:09.748,0.86707,0.86719,1.87,2.25
2017.08.16 02:51:10.280,0.86708,0.8672,1.87,2.62
2017.08.16 02:51:10.433,0.86709,0.8672,1.00,1.50
2017.08.16 02:51:18.527,0.86708,0.8672,2.25,1.50
2017.08.16 02:51:19.230,0.86709,0.8672,1.00,1.00
2017.08.16 02:51:20.229,0.86708,0.8672,2.25,1.50
2017.08.16 02:51:20.280,0.8671,0.8672,1.00,1.50
2017.08.16 02:51:20.432,0.86708,0.8672,3.00,1.50
2017.08.16 02:51:20.956,0.86708,0.86719,1.87,1.00
2017.08.16 02:51:22.736,0.86711,0.8672,1.00,1.50
2017.08.16 02:51:24.530,0.86711,0.86719,1.00,1.00
2017.08.16 02:51:25.091,0.86711,0.8672,1.00,1.50
2017.08.16 02:51:27.532,0.86712,0.8672,1.00,1.50
2017.08.16 02:51:28.039,0.86711,0.8672,1.00,1.50
2017.08.16 02:51:28.786,0.86711,0.86718,1.00,2.25
2017.08.16 02:51:28.887,0.86711,0.86719,1.00,1.50
2017.08.16 02:51:29.481,0.86711,0.8672,1.00,3.37
2017.08.16 02:51:36.183,0.86712,0.8672,1.00,2.62
2017.08.16 02:51:36.437,0.86714,0.8672,1.00,2.62
2017.08.16 02:51:36.590,0.86715,0.86723,1.00,2.62
2017.08.16 02:51:37.135,0.86714,0.86723,1.00,2.62
2017.08.16 02:51:37.486,0.86716,0.86723,1.00,2.62
2017.08.16 02:51:37.691,0.86717,0.86726,1.00,4.12
2017.08.16 02:51:38.227,0.86716,0.86724,1.00,2.62
2017.08.16 02:51:40.069,0.86717,0.86724,1.00,2.62
2017.08.16 02:51:46.628,0.86713,0.86724,1.00,3.75
2017.08.16 02:51:46.679,0.8671,0.86721,1.50,1.12
2017.08.16 02:51:46.984,0.86711,0.86719,1.00,3.00
2017.08.16 02:51:47.217,0.86706,0.86717,1.87,1.00
2017.08.16 02:51:47.726,0.86707,0.86718,1.50,1.00
2017.08.16 02:51:48.237,0.86706,0.86718,2.25,1.00
2017.08.16 02:51:48.505,0.86706,0.86718,1.50,2.62
2017.08.16 02:51:53.811,0.86706,0.86717,1.00,1.50
2017.08.16 02:51:54.981,0.86705,0.86717,1.87,1.50
2017.08.16 02:51:58.291,0.86707,0.86717,1.00,1.50
2017.08.16 02:51:59.521,0.86705,0.86717,1.12,1.50
2017.08.16 02:51:59.784,0.86707,0.86717,1.00,1.50
2017.08.16 02:52:00.783,0.86706,0.86718,1.00,3.37
2017.08.16 02:52:07.279,0.86707,0.86718,1.00,3.37
2017.08.16 02:52:09.168,0.86709,0.86718,1.00,3.37
2017.08.16 02:52:15.755,0.86709,0.86719,1.00,4.12
2017.08.16 02:52:16.088,0.86711,0.86719,1.00,2.62
2017.08.16 02:52:16.242,0.86712,0.86721,1.00,3.37
2017.08.16 02:52:24.434,0.86711,0.86719,1.00,1.00
2017.08.16 02:52:24.943,0.8671,0.86719,1.00,2.62
2017.08.16 02:52:25.178,0.86707,0.86717,1.00,1.12
2017.08.16 02:52:25.592,0.86709,0.86716,1.00,1.00
2017.08.16 02:52:25.745,0.86709,0.86719,1.00,1.50
2017.08.16 02:52:26.254,0.86709,0.86719,1.00,1.00
2017.08.16 02:52:28.617,0.86709,0.86718,1.00,1.00
2017.08.16 02:52:30.386,0.86711,0.86719,1.00,1.12
2017.08.16 02:52:30.894,0.8671,0.86718,1.00,1.00
2017.08.16 02:52:31.429,0.8671,0.86719,1.00,1.87
2017.08.16 02:52:32.155,0.86709,0.86719,1.00,1.12
2017.08.16 02:52:32.652,0.86711,0.86719,1.00,1.12
2017.08.16 02:52:34.132,0.86709,0.86719,1.00,1.12
2017.08.16 02:52:34.973,0.86711,0.86719,1.00,1.12
2017.08.16 02:52:35.534,0.86711,0.86718,1.00,1.00
2017.08.16 02:52:36.048,0.8671,0.8672,1.00,3.37
2017.08.16 02:52:39.298,0.8671,0.86719,1.00,3.75
2017.08.16 02:52:42.274,0.86709,0.86718,1.00,1.12
2017.08.16 02:52:42.782,0.8671,0.86719,1.00,1.00
2017.08.16 02:52:50.865,0.8671,0.86719,1.00,1.50
2017.08.16 02:52:54.936,0.86713,0.8672,1.00,2.62
2017.08.16 02:52:55.091,0.86713,0.86723,1.00,1.87
2017.08.16 02:52:55.142,0.86711,0.86723,1.12,3.00
2017.08.16 02:52:55.549,0.86713,0.86723,1.00,1.12
2017.08.16 02:52:56.057,0.86712,0.86723,1.50,1.12
2017.08.16 02:53:01.744,0.86714,0.86723,1.00,1.12
2017.08.16 02:53:02.603,0.86714,0.86722,1.00,1.00
2017.08.16 02:53:03.127,0.86714,0.86724,1.00,4.12
2017.08.16 02:53:03.649,0.86714,0.86724,1.00,1.87
2017.08.16 02:53:12.782,0.86713,0.86724,1.00,2.25
2017.08.16 02:53:13.840,0.86713,0.86723,1.00,1.00
2017.08.16 02:53:14.807,0.86713,0.86724,1.00,2.25
2017.08.16 02:53:20.140,0.86713,0.86724,1.00,2.25
2017.08.16 02:53:20.675,0.86712,0.86724,1.00,3.00
2017.08.16 02:53:31.565,0.86713,0.86724,1.00,1.87
2017.08.16 02:53:37.945,0.86713,0.86725,1.00,3.00
2017.08.16 02:53:40.655,0.86713,0.86723,1.00,1.00
2017.08.16 02:53:42.615,0.86713,0.86724,1.00,1.87
2017.08.16 02:53:43.161,0.86714,0.86725,1.50,1.00
2017.08.16 02:53:43.466,0.86716,0.86726,1.00,2.25
2017.08.16 02:53:43.907,0.86714,0.86724,1.50,1.00
2017.08.16 02:53:44.441,0.86714,0.86724,1.50,1.00
2017.08.16 02:53:48.364,0.86713,0.86724,1.12,1.00
2017.08.16 02:53:48.926,0.86717,0.86725,1.00,1.12
2017.08.16 02:53:49.080,0.86717,0.86727,1.00,1.87
2017.08.16 02:53:49.935,0.86716,0.86727,1.00,1.50
2017.08.16 02:53:51.888,0.86715,0.86727,1.12,1.87
2017.08.16 02:53:52.402,0.86714,0.86726,3.37,1.50
2017.08.16 02:53:56.513,0.86714,0.86724,4.12,1.00
2017.08.16 02:53:59.806,0.86713,0.86724,1.50,1.00
2017.08.16 02:54:01.415,0.86715,0.86724,1.12,1.00
2017.08.16 02:54:01.568,0.86717,0.86728,1.50,1.37
2017.08.16 02:54:01.670,0.86719,0.8673,1.00,3.00
2017.08.16 02:54:01.722,0.86719,0.8673,1.00,1.12
2017.08.16 02:54:02.631,0.86719,0.86729,1.50,1.00
2017.08.16 02:54:03.215,0.86719,0.86731,1.00,4.50
2017.08.16 02:54:03.726,0.8672,0.86731,1.00,3.37
2017.08.16 02:54:07.080,0.86721,0.86731,1.00,2.62
2017.08.16 02:54:07.132,0.86723,0.86731,1.00,2.62
2017.08.16 02:54:07.234,0.86723,0.86733,1.00,2.25
2017.08.16 02:54:14.707,0.86723,0.86732,1.00,1.00
2017.08.16 02:54:15.247,0.86722,0.86732,1.00,1.00
2017.08.16 02:54:15.836,0.86722,0.86733,1.00,3.37
2017.08.16 02:54:22.169,0.86722,0.86732,1.00,1.00
2017.08.16 02:54:32.062,0.86722,0.86733,1.12,1.12
2017.08.16 02:54:32.593,0.86722,0.86732,1.87,1.00
2017.08.16 02:54:35.173,0.86722,0.86731,1.12,1.00
2017.08.16 02:54:43.943,0.86722,0.86732,1.12,1.00
2017.08.16 02:54:45.502,0.8672,0.86732,1.12,3.37
2017.08.16 02:54:45.604,0.8672,0.86732,1.00,5.62
2017.08.16 02:54:49.583,0.8672,0.86728,1.00,1.00
2017.08.16 02:54:49.635,0.86717,0.86727,2.25,1.50
2017.08.16 02:54:49.686,0.86715,0.86726,2.62,1.00
2017.08.16 02:54:49.830,0.86714,0.86725,1.00,1.00
2017.08.16 02:54:54.438,0.86713,0.86725,2.25,1.00
2017.08.16 02:55:00.583,0.86714,0.86725,1.50,1.00
2017.08.16 02:55:00.787,0.86715,0.86727,2.25,2.25
2017.08.16 02:55:11.163,0.86717,0.86727,1.00,1.50
2017.08.16 02:55:14.218,0.86715,0.86727,1.00,1.87
2017.08.16 02:55:14.749,0.86714,0.86726,1.87,1.12
2017.08.16 02:55:18.451,0.86714,0.86725,1.12,1.00
2017.08.16 02:55:27.886,0.86712,0.86723,1.37,1.12
2017.08.16 02:55:28.090,0.86711,0.86723,1.50,1.50
2017.08.16 02:55:35.623,0.86712,0.86723,1.00,1.00
2017.08.16 02:55:37.982,0.86712,0.86723,1.00,2.62
2017.08.16 02:55:42.086,0.86712,0.86725,3.75,4.12
2017.08.16 02:55:58.010,0.86712,0.86724,1.00,1.50
2017.08.16 02:56:09.547,0.86712,0.86723,1.00,1.50
2017.08.16 02:56:17.938,0.86712,0.86723,1.00,1.12
2017.08.16 02:56:24.185,0.86711,0.86724,1.12,3.00
2017.08.16 02:56:26.622,0.86711,0.86723,1.12,3.00
2017.08.16 02:56:27.129,0.86711,0.86722,1.00,2.62
2017.08.16 02:56:53.503,0.86712,0.86722,1.00,2.62
2017.08.16 02:56:57.993,0.86712,0.86723,1.00,2.62
2017.08.16 02:57:00.034,0.86712,0.86721,1.00,2.62
2017.08.16 02:57:06.405,0.86712,0.86722,1.00,1.00
2017.08.16 02:57:20.273,0.86712,0.86722,1.00,3.37
2017.08.16 02:57:37.948,0.86712,0.86721,1.00,1.00
2017.08.16 02:57:44.250,0.86711,0.86721,1.00,1.00
2017.08.16 02:57:47.038,0.86712,0.86721,1.00,1.00
2017.08.16 02:57:47.394,0.86713,0.86724,1.00,2.62
2017.08.16 02:57:47.927,0.86713,0.86724,1.00,2.62
2017.08.16 02:57:55.880,0.86713,0.86723,1.50,1.00
2017.08.16 02:57:59.944,0.86717,0.86724,1.00,2.25
2017.08.16 02:58:00.098,0.86717,0.86726,1.00,2.62
2017.08.16 02:58:00.699,0.86716,0.86725,1.00,1.00
2017.08.16 02:58:01.682,0.86715,0.86725,1.00,1.00
2017.08.16 02:58:01.784,0.86717,0.86725,1.00,1.00
2017.08.16 02:58:01.835,0.86715,0.86725,1.00,1.00
2017.08.16 02:58:01.937,0.86717,0.86725,1.00,1.00
2017.08.16 02:58:02.089,0.86715,0.86725,1.00,1.00
2017.08.16 02:58:02.604,0.86715,0.86726,1.50,1.00
2017.08.16 02:58:03.009,0.86718,0.86727,1.00,1.50
2017.08.16 02:58:03.801,0.86716,0.86726,3.37,1.00
2017.08.16 02:58:03.903,0.86716,0.86725,1.12,1.00
2017.08.16 02:58:03.955,0.86716,0.86723,1.00,1.00
2017.08.16 02:58:04.262,0.86716,0.86725,1.12,1.00
2017.08.16 02:58:04.415,0.86716,0.86727,4.12,1.00
2017.08.16 02:58:04.917,0.86716,0.86726,4.12,1.00
2017.08.16 02:58:06.181,0.86716,0.86724,2.62,1.00
2017.08.16 02:58:06.283,0.86715,0.86724,1.12,1.00
2017.08.16 02:58:06.812,0.86716,0.86725,1.00,1.00
2017.08.16 02:58:07.320,0.86716,0.86726,1.87,1.00
2017.08.16 02:58:08.237,0.86715,0.86725,4.12,1.00
2017.08.16 02:58:08.740,0.86715,0.86726,1.87,1.12
2017.08.16 02:58:09.246,0.86715,0.86726,4.87,1.00
2017.08.16 02:58:18.751,0.86716,0.86726,1.50,1.00
2017.08.16 02:58:21.955,0.86717,0.86728,1.00,1.12
2017.08.16 02:58:22.495,0.86718,0.86729,1.12,1.00
2017.08.16 02:58:26.153,0.86719,0.86729,1.00,1.00
2017.08.16 02:58:29.653,0.86719,0.8673,1.00,1.12
2017.08.16 02:58:30.725,0.86718,0.8673,1.12,1.12
2017.08.16 02:58:31.832,0.8672,0.8673,1.00,1.12
2017.08.16 02:58:32.834,0.86718,0.8673,1.12,1.12
2017.08.16 02:58:33.477,0.86719,0.8673,1.50,1.12
2017.08.16 02:58:34.032,0.8672,0.8673,1.00,1.12
2017.08.16 02:58:34.185,0.8672,0.86732,1.12,1.12
2017.08.16 02:58:34.532,0.86722,0.86732,1.00,1.12
2017.08.16 02:58:41.223,0.86721,0.86732,1.00,1.12
2017.08.16 02:58:42.107,0.86722,0.86733,1.00,3.37
2017.08.16 02:58:43.869,0.8672,0.86733,2.62,3.37
2017.08.16 02:58:43.920,0.8672,0.8673,1.87,1.00
2017.08.16 02:58:47.581,0.8672,0.86732,1.12,1.12
2017.08.16 02:58:48.138,0.8672,0.86731,1.12,1.00
2017.08.16 02:58:52.669,0.86718,0.86727,3.37,1.00
2017.08.16 02:58:52.917,0.86713,0.86723,2.62,1.00
2017.08.16 02:58:52.968,0.86712,0.86721,1.00,1.50
2017.08.16 02:58:53.172,0.8671,0.86721,2.25,1.50
2017.08.16 02:58:53.728,0.86711,0.86721,1.00,1.50
2017.08.16 02:58:56.970,0.86711,0.8672,1.00,1.00
2017.08.16 02:59:01.555,0.8671,0.8672,1.00,1.00
2017.08.16 02:59:05.056,0.8671,0.8672,1.87,1.00
2017.08.16 02:59:06.229,0.8671,0.8672,1.50,1.00
2017.08.16 02:59:06.882,0.8671,0.86719,1.00,1.00
2017.08.16 02:59:07.389,0.86709,0.86719,1.00,1.00
2017.08.16 02:59:08.228,0.8671,0.86719,1.00,1.00
2017.08.16 02:59:08.948,0.86708,0.86718,1.87,1.00
2017.08.16 02:59:12.170,0.86707,0.86718,2.25,1.12
2017.08.16 02:59:14.642,0.86708,0.86719,2.25,1.12
2017.08.16 02:59:16.644,0.86708,0.86718,1.87,1.00
2017.08.16 02:59:17.203,0.86708,0.86718,1.12,1.50
2017.08.16 02:59:43.854,0.86713,0.86721,1.00,2.62
2017.08.16 02:59:51.328,0.86711,0.86721,1.00,2.62
2017.08.16 02:59:58.679,0.86712,0.86721,1.00,2.25
2017.08.16 02:59:59.296,0.86709,0.86721,1.37,4.12
2017.08.16 02:59:59.400,0.86709,0.86717,1.00,2.25
2017.08.16 02:59:59.855,0.86711,0.86719,1.00,2.62
