2010.06.08 03:00:00.243,0.86785,0.86815,2.40,1.20
2010.06.08 03:00:01.270,0.86785,0.86815,2.40,2.80
2010.06.08 03:00:01.494,0.86785,0.86815,2.40,1.20
2010.06.08 03:00:01.727,0.86785,0.86815,8.70,1.00
2010.06.08 03:00:01.958,0.86785,0.86815,2.40,1.00
2010.06.08 03:00:02.183,0.86785,0.86815,4.00,1.20
2010.06.08 03:00:02.524,0.86785,0.8682,4.00,5.10
2010.06.08 03:00:02.862,0.86785,0.8682,4.00,3.50
2010.06.08 03:00:04.382,0.86785,0.8682,10.80,3.50
2010.06.08 03:00:04.593,0.86785,0.8682,10.80,2.70
2010.06.08 03:00:05.322,0.86785,0.8682,10.80,1.00
2010.06.08 03:00:08.182,0.8679,0.8682,2.40,1.00
2010.06.08 03:00:11.129,0.8679,0.8682,4.00,1.00
2010.06.08 03:00:11.183,0.8679,0.8682,2.40,1.00
2010.06.08 03:00:11.635,0.8679,0.8682,2.40,1.20
2010.06.08 03:00:11.660,0.8679,0.86815,2.40,1.00
2010.06.08 03:00:11.763,0.86785,0.86815,4.00,1.00
2010.06.08 03:00:13.916,0.8679,0.8682,1.60,1.00
2010.06.08 03:00:14.360,0.86785,0.8682,7.20,1.00
2010.06.08 03:00:14.636,0.86785,0.86815,4.00,1.00
2010.06.08 03:00:15.244,0.86785,0.86815,4.00,1.20
2010.06.08 03:00:16.103,0.86785,0.8681,2.40,1.00
2010.06.08 03:00:19.772,0.8678,0.8681,2.40,1.00
2010.06.08 03:00:20.054,0.8678,0.8681,1.00,2.80
2010.06.08 03:00:20.614,0.86775,0.8681,4.10,3.50
2010.06.08 03:00:21.112,0.86775,0.8681,4.00,2.40
2010.06.08 03:00:21.278,0.8678,0.86815,1.00,5.10
2010.06.08 03:00:21.444,0.8678,0.86815,2.40,3.50
2010.06.08 03:00:21.604,0.8678,0.86815,3.40,3.50
2010.06.08 03:00:21.765,0.8678,0.86815,9.20,1.90
2010.06.08 03:00:21.924,0.86785,0.86815,1.60,1.90
2010.06.08 03:00:22.860,0.86785,0.8682,4.10,3.50
2010.06.08 03:00:22.973,0.86785,0.8682,2.40,4.30
2010.06.08 03:00:24.612,0.86785,0.8682,2.40,5.10
2010.06.08 03:00:25.274,0.86785,0.8682,2.40,4.30
2010.06.08 03:00:28.804,0.86785,0.8682,2.40,5.10
2010.06.08 03:00:28.872,0.86785,0.86815,2.40,1.00
2010.06.08 03:00:29.022,0.86785,0.86815,2.40,1.20
2010.06.08 03:00:31.007,0.86785,0.86815,2.40,1.00
2010.06.08 03:00:31.223,0.86785,0.8682,4.10,5.10
2010.06.08 03:00:31.512,0.86785,0.8682,4.10,4.30
2010.06.08 03:00:31.605,0.86785,0.8682,4.10,5.10
2010.06.08 03:00:31.703,0.86785,0.8682,4.00,5.10
2010.06.08 03:00:32.048,0.86785,0.8682,4.10,5.10
2010.06.08 03:00:32.254,0.86785,0.8682,2.40,4.30
2010.06.08 03:00:32.463,0.86785,0.8682,4.00,4.30
2010.06.08 03:00:32.674,0.86785,0.8682,2.40,5.10
2010.06.08 03:00:35.083,0.86785,0.8682,2.50,5.10
2010.06.08 03:00:35.224,0.86785,0.8682,4.10,5.10
2010.06.08 03:00:35.362,0.86785,0.8682,4.10,2.80
2010.06.08 03:00:35.793,0.86785,0.8682,4.00,2.00
2010.06.08 03:00:42.712,0.86785,0.8682,4.10,2.00
2010.06.08 03:00:43.046,0.86785,0.8682,4.00,2.00
2010.06.08 03:00:56.785,0.86785,0.8682,2.40,2.00
2010.06.08 03:00:57.041,0.86785,0.8682,4.00,2.00
2010.06.08 03:01:02.533,0.86785,0.8682,4.10,2.00
2010.06.08 03:01:04.323,0.86785,0.8682,4.10,1.60
2010.06.08 03:01:04.662,0.86785,0.8682,4.00,1.60
2010.06.08 03:01:04.842,0.86785,0.8682,4.00,2.00
2010.06.08 03:01:14.334,0.8679,0.8682,1.60,2.00
2010.06.08 03:01:14.432,0.8679,0.8682,2.40,2.00
2010.06.08 03:01:15.103,0.8679,0.8682,2.40,1.60
2010.06.08 03:01:15.432,0.8679,0.8682,2.40,2.00
2010.06.08 03:01:20.222,0.8679,0.8682,2.40,1.00
2010.06.08 03:01:21.212,0.8679,0.86825,2.40,4.70
2010.06.08 03:01:21.352,0.86795,0.86825,2.40,1.00
2010.06.08 03:01:21.964,0.86795,0.8683,2.40,5.10
2010.06.08 03:01:28.924,0.86795,0.8683,2.40,5.90
2010.06.08 03:01:29.124,0.86795,0.86825,2.40,2.80
2010.06.08 03:01:29.322,0.8679,0.86825,2.40,5.10
2010.06.08 03:01:33.673,0.8679,0.8682,2.40,1.60
2010.06.08 03:01:33.834,0.8679,0.8682,2.40,2.80
2010.06.08 03:01:33.993,0.86785,0.86815,4.00,2.00
2010.06.08 03:01:34.153,0.86785,0.8681,4.00,1.00
2010.06.08 03:01:34.950,0.8678,0.86805,2.40,1.00
2010.06.08 03:01:38.123,0.86775,0.86805,4.00,1.20
2010.06.08 03:01:38.324,0.86775,0.86805,5.60,1.20
2010.06.08 03:01:38.522,0.86775,0.86805,4.00,2.80
2010.06.08 03:01:38.723,0.86775,0.868,3.20,1.00
2010.06.08 03:01:38.924,0.8677,0.868,4.00,1.20
2010.06.08 03:01:43.395,0.86775,0.868,1.60,1.20
2010.06.08 03:01:43.997,0.8677,0.868,4.00,1.20
2010.06.08 03:01:52.912,0.8677,0.86805,4.00,2.30
2010.06.08 03:01:57.493,0.8677,0.86805,1.00,3.90
2010.06.08 03:01:57.642,0.8677,0.86805,1.00,4.30
2010.06.08 03:02:06.152,0.8677,0.86805,1.00,2.70
2010.06.08 03:02:06.472,0.8677,0.86805,1.00,2.30
2010.06.08 03:02:14.044,0.8677,0.86805,1.00,3.90
2010.06.08 03:02:14.182,0.8677,0.86805,4.00,1.00
2010.06.08 03:02:14.527,0.8678,0.8681,1.00,1.00
2010.06.08 03:02:14.878,0.86785,0.86815,1.60,1.00
2010.06.08 03:02:15.230,0.86785,0.8682,2.40,3.90
2010.06.08 03:02:15.574,0.86785,0.8682,4.00,2.30
2010.06.08 03:02:15.912,0.86785,0.8682,2.40,2.30
2010.06.08 03:02:16.365,0.86785,0.8682,4.00,2.30
2010.06.08 03:02:16.652,0.86785,0.8682,2.40,2.30
2010.06.08 03:02:17.028,0.86785,0.8682,4.00,2.30
2010.06.08 03:02:17.687,0.86785,0.8682,4.00,3.90
2010.06.08 03:02:22.575,0.86785,0.8682,4.10,3.90
2010.06.08 03:02:23.923,0.86785,0.8682,4.00,3.90
2010.06.08 03:02:24.498,0.86785,0.8682,4.10,3.90
2010.06.08 03:02:24.692,0.86785,0.8682,4.10,2.30
2010.06.08 03:02:25.896,0.86785,0.8682,4.00,2.30
2010.06.08 03:02:26.163,0.86785,0.8682,4.00,3.90
2010.06.08 03:02:26.328,0.86785,0.8682,4.10,3.90
2010.06.08 03:02:26.443,0.86785,0.8682,4.00,3.90
2010.06.08 03:02:26.532,0.86785,0.8682,4.10,3.90
2010.06.08 03:02:26.784,0.8679,0.8682,3.20,2.30
2010.06.08 03:02:27.208,0.8679,0.8682,1.60,3.90
2010.06.08 03:02:27.377,0.8679,0.8681,1.60,3.60
2010.06.08 03:02:27.547,0.8679,0.8681,1.60,3.90
2010.06.08 03:02:27.714,0.8679,0.8681,1.60,2.30
2010.06.08 03:02:28.493,0.86775,0.8681,4.00,2.30
2010.06.08 03:02:29.390,0.86775,0.8681,4.00,3.90
2010.06.08 03:02:29.586,0.86775,0.8681,4.00,2.30
2010.06.08 03:02:30.556,0.8678,0.8681,3.20,2.30
2010.06.08 03:02:31.057,0.8678,0.86815,4.00,2.30
2010.06.08 03:02:31.223,0.8678,0.8681,2.40,1.60
2010.06.08 03:02:32.782,0.8678,0.8681,4.00,1.60
2010.06.08 03:02:38.713,0.8678,0.86815,5.60,2.30
2010.06.08 03:02:39.062,0.8678,0.8681,5.60,1.60
2010.06.08 03:02:44.435,0.8679,0.8682,1.60,3.90
2010.06.08 03:02:44.705,0.86785,0.8682,4.10,3.90
2010.06.08 03:02:44.953,0.86785,0.8682,2.40,3.90
2010.06.08 03:02:45.203,0.86785,0.8682,4.00,3.90
2010.06.08 03:02:47.905,0.8679,0.8682,1.00,3.20
2010.06.08 03:02:48.103,0.8679,0.8682,1.00,1.60
2010.06.08 03:02:54.012,0.8679,0.8682,2.40,1.60
2010.06.08 03:02:55.872,0.8679,0.8682,4.00,1.60
2010.06.08 03:03:00.202,0.8679,0.8682,2.40,1.60
2010.06.08 03:03:00.543,0.8679,0.8682,2.50,1.60
2010.06.08 03:03:00.892,0.8679,0.8682,2.40,1.60
2010.06.08 03:03:05.155,0.8679,0.8682,2.50,1.60
2010.06.08 03:03:07.572,0.8679,0.8682,4.10,1.60
2010.06.08 03:03:08.002,0.8679,0.8682,5.70,1.60
2010.06.08 03:03:10.595,0.8679,0.86825,5.70,3.90
2010.06.08 03:03:15.814,0.8679,0.8682,5.70,1.60
2010.06.08 03:03:15.987,0.8679,0.8682,5.60,1.60
2010.06.08 03:03:18.595,0.86785,0.8682,2.40,3.10
2010.06.08 03:03:18.734,0.86785,0.8682,2.40,6.30
2010.06.08 03:03:18.874,0.86785,0.8682,1.00,6.30
2010.06.08 03:03:19.703,0.86785,0.86815,1.00,1.60
2010.06.08 03:03:23.384,0.8678,0.86815,2.40,3.90
2010.06.08 03:03:23.643,0.8678,0.86815,4.00,3.90
2010.06.08 03:03:23.993,0.8678,0.86815,2.40,4.70
2010.06.08 03:03:24.392,0.8678,0.86815,2.40,3.90
2010.06.08 03:03:24.574,0.8678,0.86815,4.00,3.90
2010.06.08 03:03:25.582,0.8678,0.86815,2.40,3.90
2010.06.08 03:03:25.962,0.8678,0.8681,2.40,1.00
2010.06.08 03:03:26.026,0.8678,0.8681,2.40,2.40
2010.06.08 03:03:26.073,0.8678,0.8681,2.40,4.00
2010.06.08 03:03:26.123,0.86775,0.8681,4.00,6.30
2010.06.08 03:03:26.333,0.86775,0.8681,2.40,6.30
2010.06.08 03:03:26.382,0.86775,0.8681,1.60,6.30
2010.06.08 03:03:26.465,0.86775,0.8681,1.60,5.50
2010.06.08 03:03:26.750,0.86775,0.8681,1.60,3.90
2010.06.08 03:03:26.958,0.8678,0.8681,1.60,1.00
2010.06.08 03:03:27.168,0.8678,0.86815,1.60,2.30
2010.06.08 03:03:27.374,0.8678,0.86815,4.00,1.60
2010.06.08 03:03:27.783,0.8678,0.8682,4.00,6.30
2010.06.08 03:03:28.354,0.8678,0.8682,4.00,5.50
2010.06.08 03:03:28.702,0.86785,0.8682,4.00,2.30
2010.06.08 03:03:30.614,0.86785,0.8682,2.40,3.90
2010.06.08 03:03:30.833,0.86785,0.8682,4.00,2.30
2010.06.08 03:03:40.197,0.86785,0.8682,4.00,3.90
2010.06.08 03:03:40.343,0.86785,0.86815,3.20,1.00
2010.06.08 03:03:40.494,0.8678,0.86815,4.00,3.90
2010.06.08 03:03:41.040,0.8678,0.86815,4.00,2.30
2010.06.08 03:03:41.185,0.86785,0.8682,2.40,3.90
2010.06.08 03:03:41.334,0.86785,0.8682,4.00,2.30
2010.06.08 03:03:43.239,0.86785,0.86825,4.00,4.70
2010.06.08 03:03:45.122,0.86785,0.8682,4.00,1.60
2010.06.08 03:03:45.602,0.86785,0.86825,4.00,4.70
2010.06.08 03:03:46.022,0.86785,0.8682,4.00,1.60
2010.06.08 03:03:46.184,0.86785,0.8682,2.40,1.60
2010.06.08 03:03:46.342,0.86785,0.8682,4.00,1.60
2010.06.08 03:03:48.080,0.86785,0.86815,2.40,1.60
2010.06.08 03:03:48.280,0.86775,0.8681,2.40,1.00
2010.06.08 03:03:50.842,0.86775,0.8681,2.40,2.30
2010.06.08 03:03:53.667,0.86775,0.8681,2.40,2.70
2010.06.08 03:03:54.113,0.86775,0.8681,2.40,5.10
2010.06.08 03:03:58.285,0.86775,0.8681,4.00,3.50
2010.06.08 03:04:00.432,0.86775,0.8681,4.00,2.70
2010.06.08 03:04:08.243,0.86775,0.86805,4.00,1.00
2010.06.08 03:04:13.046,0.8677,0.86805,2.40,2.70
2010.06.08 03:04:13.418,0.8677,0.868,2.40,1.00
2010.06.08 03:04:13.540,0.86765,0.868,4.00,1.90
2010.06.08 03:04:23.392,0.86765,0.868,4.00,1.00
2010.06.08 03:04:30.303,0.86765,0.868,2.40,2.30
2010.06.08 03:04:30.455,0.8676,0.86795,4.00,1.10
2010.06.08 03:04:31.575,0.8676,0.86795,4.00,3.50
2010.06.08 03:04:40.162,0.8676,0.86795,5.00,1.50
2010.06.08 03:04:40.253,0.8676,0.86795,7.60,1.00
2010.06.08 03:04:40.524,0.8676,0.86795,16.40,1.00
2010.06.08 03:04:40.818,0.8676,0.86795,17.20,1.00
2010.06.08 03:04:41.065,0.86765,0.868,5.60,1.00
2010.06.08 03:04:43.145,0.86765,0.868,7.20,1.00
2010.06.08 03:04:43.258,0.8677,0.86805,1.00,3.90
2010.06.08 03:04:43.356,0.86775,0.86805,1.00,1.60
2010.06.08 03:04:43.454,0.86775,0.8681,1.00,4.30
2010.06.08 03:04:43.554,0.86775,0.8681,1.00,3.90
2010.06.08 03:04:43.653,0.86775,0.8681,1.60,3.90
2010.06.08 03:04:44.008,0.8678,0.8681,1.00,1.60
2010.06.08 03:04:44.358,0.8678,0.86815,2.40,1.50
2010.06.08 03:04:44.703,0.8678,0.86815,2.40,1.00
2010.06.08 03:04:45.484,0.86785,0.86815,1.60,1.00
2010.06.08 03:04:46.075,0.8678,0.86815,9.20,1.00
2010.06.08 03:04:46.563,0.8678,0.86815,6.60,1.00
2010.06.08 03:04:46.693,0.8678,0.86815,2.40,1.00
2010.06.08 03:04:49.094,0.8678,0.86815,2.40,2.70
2010.06.08 03:04:49.393,0.8678,0.86815,4.00,1.10
2010.06.08 03:04:49.692,0.8678,0.86815,2.40,2.70
2010.06.08 03:04:55.854,0.8678,0.8681,2.40,1.60
2010.06.08 03:04:56.213,0.8678,0.8681,2.50,1.60
2010.06.08 03:04:56.305,0.86785,0.86815,1.60,1.90
2010.06.08 03:04:56.395,0.86785,0.86815,3.20,1.50
2010.06.08 03:04:56.483,0.86785,0.86815,4.00,1.00
2010.06.08 03:04:56.812,0.86785,0.8682,4.00,3.90
2010.06.08 03:05:01.913,0.86785,0.8682,4.00,2.30
2010.06.08 03:05:03.457,0.86785,0.8682,4.10,2.30
2010.06.08 03:05:04.175,0.8679,0.8682,4.00,3.20
2010.06.08 03:05:04.399,0.8679,0.86825,5.60,3.60
2010.06.08 03:05:04.736,0.86795,0.8683,2.40,3.90
2010.06.08 03:05:05.703,0.86795,0.8683,4.00,3.90
2010.06.08 03:05:06.013,0.86795,0.8683,4.00,2.30
2010.06.08 03:05:06.633,0.86795,0.8683,4.00,3.90
2010.06.08 03:05:06.713,0.86795,0.8683,2.40,4.30
2010.06.08 03:05:07.013,0.86795,0.86825,2.40,1.60
2010.06.08 03:05:07.396,0.86795,0.86825,1.60,2.00
2010.06.08 03:05:07.473,0.8679,0.86825,5.60,2.00
2010.06.08 03:05:08.354,0.86795,0.86825,1.60,1.00
2010.06.08 03:05:10.484,0.8679,0.8682,5.60,1.60
2010.06.08 03:05:10.755,0.8679,0.8682,5.70,1.60
2010.06.08 03:05:11.475,0.8679,0.86825,5.70,1.60
2010.06.08 03:05:11.664,0.86795,0.86825,2.40,1.60
2010.06.08 03:05:12.336,0.86795,0.86835,6.50,3.90
2010.06.08 03:05:12.674,0.868,0.86835,4.90,2.30
2010.06.08 03:05:15.873,0.868,0.8683,3.30,1.60
2010.06.08 03:05:16.012,0.868,0.8683,3.50,1.60
2010.06.08 03:05:16.326,0.868,0.86835,5.10,3.90
2010.06.08 03:05:16.497,0.8681,0.86835,1.00,1.60
2010.06.08 03:05:16.865,0.8681,0.8684,1.00,1.60
2010.06.08 03:05:17.764,0.8681,0.86845,1.00,6.30
2010.06.08 03:05:18.285,0.8681,0.86845,1.00,6.30
2010.06.08 03:05:18.549,0.86815,0.8684,1.00,2.40
2010.06.08 03:05:19.064,0.86815,0.86845,2.50,3.10
2010.06.08 03:05:19.408,0.86825,0.86845,1.60,1.00
2010.06.08 03:05:19.766,0.86815,0.86845,2.40,1.00
2010.06.08 03:05:20.370,0.8681,0.86845,2.40,3.10
2010.06.08 03:05:20.705,0.8681,0.8684,2.40,1.60
2010.06.08 03:05:22.063,0.8681,0.8684,2.40,2.40
2010.06.08 03:05:22.295,0.86805,0.8684,2.40,4.70
2010.06.08 03:05:22.525,0.868,0.8684,2.40,5.10
2010.06.08 03:05:22.754,0.868,0.86835,4.50,1.00
2010.06.08 03:05:23.033,0.868,0.86835,7.10,1.00
2010.06.08 03:05:23.351,0.868,0.8684,2.40,11.50
2010.06.08 03:05:23.665,0.868,0.86835,2.40,2.40
2010.06.08 03:05:23.983,0.868,0.86835,4.00,1.00
2010.06.08 03:05:24.304,0.868,0.8684,2.40,4.70
2010.06.08 03:05:24.645,0.868,0.8684,4.50,3.90
2010.06.08 03:05:24.985,0.868,0.8684,8.70,3.90
2010.06.08 03:05:25.872,0.868,0.8684,4.00,4.70
2010.06.08 03:05:26.490,0.868,0.8683,2.40,1.00
2010.06.08 03:05:26.804,0.86795,0.8683,4.00,1.00
2010.06.08 03:05:27.436,0.86795,0.8683,4.00,3.10
2010.06.08 03:05:27.758,0.86795,0.8683,4.00,2.30
2010.06.08 03:05:28.344,0.86795,0.8683,4.50,2.30
2010.06.08 03:05:28.691,0.868,0.86835,2.40,2.30
2010.06.08 03:05:33.726,0.868,0.86835,8.70,1.00
2010.06.08 03:05:35.919,0.86805,0.86835,1.60,1.00
2010.06.08 03:05:36.187,0.868,0.86835,4.00,1.00
2010.06.08 03:05:36.636,0.86805,0.8684,4.00,3.90
2010.06.08 03:05:37.472,0.86805,0.86835,1.60,1.00
2010.06.08 03:05:37.492,0.86805,0.86835,2.40,1.60
2010.06.08 03:05:37.750,0.86805,0.8684,6.50,2.30
2010.06.08 03:05:38.007,0.86805,0.86845,7.10,3.90
2010.06.08 03:05:38.255,0.8681,0.86845,2.40,3.90
2010.06.08 03:05:38.620,0.8681,0.86845,6.50,3.90
2010.06.08 03:05:39.330,0.8681,0.86845,6.50,4.10
2010.06.08 03:05:39.977,0.8681,0.86845,6.50,3.90
2010.06.08 03:05:40.173,0.8681,0.86845,6.90,3.90
2010.06.08 03:05:40.375,0.86815,0.86845,1.00,1.00
2010.06.08 03:05:40.573,0.86815,0.8685,1.00,5.20
2010.06.08 03:05:40.784,0.86815,0.86845,1.00,3.20
2010.06.08 03:05:41.245,0.86815,0.86845,1.00,3.90
2010.06.08 03:05:41.974,0.8681,0.86845,4.00,4.70
2010.06.08 03:05:42.134,0.86805,0.8684,4.00,1.60
2010.06.08 03:05:42.453,0.86805,0.8684,4.00,2.30
2010.06.08 03:05:42.613,0.86805,0.8684,4.00,3.90
2010.06.08 03:05:42.905,0.86805,0.8684,4.00,4.70
2010.06.08 03:05:43.418,0.86805,0.8684,2.40,3.90
2010.06.08 03:05:46.461,0.86805,0.86835,2.40,1.00
2010.06.08 03:05:46.581,0.86805,0.86835,1.00,3.90
2010.06.08 03:05:46.854,0.86805,0.86835,2.40,3.90
2010.06.08 03:05:47.135,0.86805,0.86835,2.40,2.30
2010.06.08 03:05:49.271,0.86805,0.86835,4.10,1.00
2010.06.08 03:05:49.389,0.86805,0.8684,8.30,1.60
2010.06.08 03:05:49.505,0.8681,0.8684,1.60,1.60
2010.06.08 03:05:49.746,0.8681,0.86835,1.60,1.00
2010.06.08 03:05:49.864,0.8681,0.8683,1.60,1.60
2010.06.08 03:05:50.490,0.8679,0.86825,5.60,3.20
2010.06.08 03:05:50.837,0.86795,0.86825,1.60,2.30
2010.06.08 03:05:51.176,0.86795,0.8682,1.60,1.00
2010.06.08 03:05:51.297,0.8679,0.8682,1.60,3.10
2010.06.08 03:05:51.418,0.86785,0.8681,1.00,1.00
2010.06.08 03:05:51.820,0.8678,0.8681,1.00,3.90
2010.06.08 03:05:52.043,0.8678,0.8681,1.00,2.30
2010.06.08 03:05:52.816,0.8678,0.8681,2.40,2.40
2010.06.08 03:05:53.156,0.86775,0.8681,2.40,2.30
2010.06.08 03:05:53.823,0.86775,0.8681,4.00,2.30
2010.06.08 03:05:54.483,0.86775,0.8681,4.10,2.30
2010.06.08 03:05:54.734,0.8678,0.86815,2.40,1.00
2010.06.08 03:05:55.462,0.8678,0.86815,4.00,1.00
2010.06.08 03:05:56.274,0.8678,0.86815,4.00,2.30
2010.06.08 03:05:58.584,0.8678,0.86815,2.40,1.00
2010.06.08 03:05:58.992,0.8678,0.86815,4.00,1.00
2010.06.08 03:06:00.575,0.8678,0.86815,2.40,2.30
2010.06.08 03:06:00.754,0.8678,0.86815,4.00,2.30
2010.06.08 03:06:00.932,0.8678,0.86815,4.00,1.00
2010.06.08 03:06:01.554,0.8678,0.86815,4.00,2.30
2010.06.08 03:06:01.742,0.8678,0.86815,4.00,1.00
2010.06.08 03:06:01.922,0.8678,0.86815,4.00,2.30
2010.06.08 03:06:02.281,0.8678,0.86815,4.00,1.00
2010.06.08 03:06:02.702,0.8678,0.86815,2.40,2.30
2010.06.08 03:06:02.873,0.8678,0.86815,4.00,1.00
2010.06.08 03:06:09.356,0.8678,0.86815,2.40,1.00
2010.06.08 03:06:10.666,0.8678,0.86815,1.00,3.10
2010.06.08 03:06:10.794,0.8678,0.86815,1.00,2.30
2010.06.08 03:06:10.924,0.8678,0.86815,4.00,1.00
2010.06.08 03:06:11.054,0.86785,0.8682,1.00,2.30
2010.06.08 03:06:11.186,0.86785,0.8682,1.00,1.00
2010.06.08 03:06:11.605,0.86785,0.8682,2.40,3.10
2010.06.08 03:06:11.733,0.86785,0.8682,2.40,4.70
2010.06.08 03:06:11.863,0.86785,0.86815,2.40,1.00
2010.06.08 03:06:12.282,0.86785,0.86815,1.00,1.00
2010.06.08 03:06:14.995,0.86785,0.8682,4.00,2.30
2010.06.08 03:06:15.707,0.86785,0.8682,4.00,3.90
2010.06.08 03:06:16.059,0.86785,0.8682,4.00,4.70
2010.06.08 03:06:16.235,0.86785,0.8682,1.00,6.30
2010.06.08 03:06:20.673,0.86785,0.8682,1.00,5.50
2010.06.08 03:06:20.854,0.8679,0.86825,1.00,4.70
2010.06.08 03:06:21.033,0.8679,0.86825,1.00,2.30
2010.06.08 03:06:21.213,0.86795,0.86825,1.00,2.30
2010.06.08 03:06:22.271,0.86795,0.8683,1.00,2.30
2010.06.08 03:06:22.806,0.86795,0.8683,4.00,2.30
2010.06.08 03:06:23.045,0.86795,0.8683,2.40,2.30
2010.06.08 03:06:23.548,0.86795,0.8683,4.00,2.30
2010.06.08 03:06:24.634,0.86795,0.86825,2.40,1.60
2010.06.08 03:06:25.353,0.86795,0.8683,2.40,3.90
2010.06.08 03:06:25.611,0.86805,0.86835,1.00,2.30
2010.06.08 03:06:25.915,0.86805,0.86835,1.00,1.00
2010.06.08 03:06:26.224,0.86805,0.86835,2.40,1.00
2010.06.08 03:06:26.532,0.86805,0.86835,1.00,1.00
2010.06.08 03:06:27.925,0.86805,0.8684,2.40,5.50
2010.06.08 03:06:28.105,0.86805,0.8684,1.00,5.50
2010.06.08 03:06:28.286,0.8681,0.8684,1.00,1.60
2010.06.08 03:06:28.635,0.8681,0.86845,1.00,12.70
2010.06.08 03:06:28.819,0.8681,0.86845,1.00,2.30
2010.06.08 03:06:30.024,0.8681,0.8684,1.00,1.60
2010.06.08 03:06:30.733,0.8681,0.86845,1.00,4.10
2010.06.08 03:06:31.229,0.8681,0.8684,1.00,1.60
2010.06.08 03:06:32.934,0.8681,0.8684,2.40,1.60
2010.06.08 03:06:33.303,0.8681,0.8684,1.00,1.60
2010.06.08 03:06:33.434,0.86805,0.8684,2.40,3.90
2010.06.08 03:06:33.943,0.86805,0.8684,4.00,3.90
2010.06.08 03:06:38.792,0.86805,0.8684,6.50,3.90
2010.06.08 03:06:38.842,0.86805,0.8684,8.10,3.90
2010.06.08 03:06:38.892,0.8681,0.8684,1.60,3.90
2010.06.08 03:06:39.384,0.86805,0.8684,8.10,3.90
2010.06.08 03:06:41.176,0.86805,0.8684,8.10,4.10
2010.06.08 03:06:41.386,0.86805,0.86835,2.50,2.30
2010.06.08 03:06:41.553,0.868,0.86835,5.60,2.30
2010.06.08 03:06:42.367,0.86805,0.86835,2.40,1.60
2010.06.08 03:06:42.542,0.86805,0.86835,8.30,1.60
2010.06.08 03:06:42.876,0.86805,0.8684,8.10,3.90
2010.06.08 03:06:43.299,0.8681,0.8684,1.00,1.60
2010.06.08 03:06:43.464,0.8681,0.86845,2.40,3.90
2010.06.08 03:06:51.404,0.8681,0.8684,1.60,2.30
2010.06.08 03:06:51.614,0.86805,0.8684,4.00,2.30
2010.06.08 03:06:52.293,0.86805,0.8684,2.40,3.90
2010.06.08 03:06:58.008,0.86805,0.8684,2.40,4.70
2010.06.08 03:06:58.487,0.868,0.86835,8.10,2.30
2010.06.08 03:06:58.701,0.868,0.86835,5.60,3.90
2010.06.08 03:06:59.963,0.86805,0.86835,1.00,1.60
2010.06.08 03:07:00.223,0.86805,0.8684,1.00,3.90
2010.06.08 03:07:10.332,0.86805,0.8684,2.40,3.90
2010.06.08 03:07:11.235,0.8681,0.86845,1.00,3.90
2010.06.08 03:07:21.073,0.8681,0.86845,4.90,1.60
2010.06.08 03:07:21.554,0.86815,0.8685,1.60,3.90
2010.06.08 03:07:21.842,0.86825,0.86855,2.40,3.20
2010.06.08 03:07:22.127,0.86825,0.8686,2.40,3.90
2010.06.08 03:07:22.405,0.86825,0.8686,8.70,1.00
2010.06.08 03:07:22.684,0.8683,0.8686,1.00,1.00
2010.06.08 03:07:23.764,0.8683,0.8686,1.00,1.50
2010.06.08 03:07:24.107,0.86825,0.8686,2.40,3.90
2010.06.08 03:07:24.225,0.8682,0.86855,2.40,1.60
2010.06.08 03:07:24.686,0.8682,0.8685,1.00,1.00
2010.06.08 03:07:25.906,0.8681,0.8685,4.00,11.10
2010.06.08 03:07:26.503,0.8681,0.86845,4.00,2.30
2010.06.08 03:07:27.973,0.8681,0.86845,2.40,3.90
2010.06.08 03:07:30.355,0.8681,0.86845,2.40,2.30
2010.06.08 03:07:38.177,0.8681,0.86845,4.00,2.30
2010.06.08 03:07:39.994,0.86815,0.8685,2.40,11.10
2010.06.08 03:07:40.186,0.86815,0.8685,2.40,10.30
2010.06.08 03:07:40.475,0.86815,0.8685,4.00,2.30
2010.06.08 03:07:40.763,0.86815,0.8685,4.00,1.00
2010.06.08 03:07:43.674,0.86815,0.8685,2.40,1.00
2010.06.08 03:07:43.794,0.86815,0.8685,4.00,1.00
2010.06.08 03:07:44.154,0.86815,0.8685,4.00,3.10
2010.06.08 03:07:44.566,0.86815,0.8685,4.00,4.70
2010.06.08 03:07:44.904,0.86815,0.8685,2.40,11.20
2010.06.08 03:07:45.572,0.86815,0.8685,2.40,11.10
2010.06.08 03:07:46.816,0.86815,0.8685,2.40,10.30
2010.06.08 03:07:47.134,0.86815,0.8685,4.90,8.70
2010.06.08 03:07:47.294,0.86815,0.8685,4.00,2.30
2010.06.08 03:07:48.634,0.86815,0.8685,4.00,1.00
2010.06.08 03:07:56.176,0.86815,0.8685,4.10,1.00
2010.06.08 03:07:56.274,0.86815,0.8685,4.00,1.00
2010.06.08 03:07:56.376,0.86815,0.8685,5.60,1.00
2010.06.08 03:07:56.475,0.8682,0.86855,1.00,2.30
2010.06.08 03:07:56.811,0.8682,0.86855,4.00,2.30
2010.06.08 03:07:59.014,0.8682,0.86855,4.00,3.90
2010.06.08 03:07:59.198,0.86815,0.8685,5.60,2.30
2010.06.08 03:07:59.384,0.86815,0.8685,4.00,2.30
2010.06.08 03:07:59.563,0.86815,0.8685,2.40,2.30
2010.06.08 03:07:59.743,0.8681,0.8685,6.50,2.30
2010.06.08 03:08:00.473,0.8681,0.86845,6.50,1.60
2010.06.08 03:08:00.792,0.8681,0.86845,6.50,2.30
2010.06.08 03:08:01.453,0.86825,0.86845,1.60,2.30
2010.06.08 03:08:01.696,0.86815,0.8685,9.20,1.00
2010.06.08 03:08:01.814,0.86815,0.8685,4.00,1.00
2010.06.08 03:08:02.206,0.86815,0.86845,1.60,2.30
2010.06.08 03:08:03.628,0.8681,0.86845,2.40,2.30
2010.06.08 03:08:04.605,0.8681,0.8684,1.60,2.30
2010.06.08 03:08:07.136,0.86805,0.8684,4.00,2.30
2010.06.08 03:08:07.274,0.8681,0.8684,1.60,2.30
2010.06.08 03:08:09.591,0.86805,0.8684,4.00,2.30
2010.06.08 03:08:09.973,0.8681,0.8684,1.60,2.30
2010.06.08 03:08:11.454,0.86805,0.8684,4.00,2.30
2010.06.08 03:08:11.783,0.8681,0.8684,1.60,2.30
2010.06.08 03:08:12.074,0.86805,0.8684,4.00,2.30
2010.06.08 03:08:26.043,0.86805,0.8684,2.40,3.90
2010.06.08 03:08:26.374,0.86805,0.8684,4.00,2.30
2010.06.08 03:08:26.657,0.86805,0.8684,4.00,3.90
2010.06.08 03:08:28.692,0.86805,0.8684,4.00,2.30
2010.06.08 03:08:36.813,0.8681,0.86845,1.00,2.30
2010.06.08 03:08:39.035,0.86805,0.8684,4.00,2.30
2010.06.08 03:08:39.712,0.8681,0.8684,1.60,2.30
2010.06.08 03:08:40.394,0.86805,0.8684,4.00,2.30
2010.06.08 03:08:41.284,0.86815,0.8684,1.60,2.30
2010.06.08 03:08:41.663,0.8681,0.8684,1.60,2.30
2010.06.08 03:08:42.275,0.86805,0.8684,6.90,2.30
2010.06.08 03:08:42.444,0.86805,0.8684,4.00,3.90
2010.06.08 03:08:43.102,0.86805,0.8684,4.00,2.30
2010.06.08 03:08:43.894,0.8681,0.8684,1.60,2.30
2010.06.08 03:08:46.733,0.86805,0.8684,4.00,3.90
2010.06.08 03:08:47.054,0.8681,0.8684,1.60,2.30
2010.06.08 03:08:47.841,0.8681,0.8684,1.60,1.00
2010.06.08 03:08:47.980,0.8681,0.86845,1.60,2.30
2010.06.08 03:08:48.115,0.8681,0.86845,4.00,2.30
2010.06.08 03:08:48.455,0.8681,0.86845,2.40,2.30
2010.06.08 03:08:52.352,0.8681,0.86845,2.40,3.90
2010.06.08 03:08:53.364,0.86815,0.86845,1.60,2.30
2010.06.08 03:08:53.533,0.86815,0.86845,2.40,2.30
2010.06.08 03:08:53.775,0.8682,0.8685,1.60,2.30
2010.06.08 03:08:54.013,0.86815,0.8685,7.90,1.00
2010.06.08 03:08:54.564,0.8682,0.86855,2.40,2.30
2010.06.08 03:08:55.346,0.8682,0.86855,1.00,2.30
2010.06.08 03:08:55.674,0.8682,0.86855,2.40,2.30
2010.06.08 03:08:56.625,0.8682,0.86855,2.40,3.90
2010.06.08 03:08:57.064,0.8682,0.86855,2.40,2.30
2010.06.08 03:08:59.675,0.8682,0.86855,3.30,2.30
2010.06.08 03:08:59.795,0.8682,0.86855,8.50,1.60
2010.06.08 03:08:59.974,0.86825,0.8686,1.00,2.30
2010.06.08 03:09:00.153,0.86825,0.8686,1.60,2.30
2010.06.08 03:09:00.557,0.86825,0.8686,1.60,2.30
2010.06.08 03:09:00.735,0.8682,0.8686,7.60,2.30
2010.06.08 03:09:00.946,0.8682,0.8686,4.00,2.30
2010.06.08 03:09:01.553,0.8682,0.8686,4.00,3.90
2010.06.08 03:09:02.155,0.8682,0.86855,2.40,1.60
2010.06.08 03:09:02.274,0.8682,0.86855,1.00,2.30
2010.06.08 03:09:03.773,0.86815,0.8685,4.10,2.30
2010.06.08 03:09:04.003,0.86815,0.8685,4.00,2.30
2010.06.08 03:09:06.033,0.86815,0.8685,2.40,2.30
2010.06.08 03:09:07.251,0.86815,0.8685,2.40,3.90
2010.06.08 03:09:07.343,0.86815,0.8685,4.00,2.30
2010.06.08 03:09:08.103,0.86815,0.8685,2.40,2.30
2010.06.08 03:09:10.963,0.86815,0.8685,2.40,3.90
2010.06.08 03:09:12.079,0.86815,0.8685,2.40,5.50
2010.06.08 03:09:12.138,0.86815,0.86845,2.40,1.60
2010.06.08 03:09:12.396,0.86815,0.86845,4.00,1.60
2010.06.08 03:09:12.827,0.86815,0.86845,2.40,1.60
2010.06.08 03:09:19.584,0.86815,0.86845,8.10,1.60
2010.06.08 03:09:20.053,0.86825,0.86855,3.20,3.90
2010.06.08 03:09:20.265,0.86835,0.86855,1.60,1.00
2010.06.08 03:09:20.467,0.8684,0.8686,1.60,1.60
2010.06.08 03:09:20.735,0.8684,0.8687,2.40,1.60
2010.06.08 03:09:21.004,0.8684,0.86865,1.00,1.60
2010.06.08 03:09:22.162,0.86835,0.86865,5.60,1.60
2010.06.08 03:09:22.784,0.86835,0.86865,2.40,1.60
2010.06.08 03:09:26.866,0.86835,0.8686,2.40,1.60
2010.06.08 03:09:26.959,0.8683,0.8686,4.00,1.60
2010.06.08 03:09:28.665,0.86835,0.8686,2.40,1.60
2010.06.08 03:09:28.845,0.86835,0.8686,1.00,1.60
2010.06.08 03:09:29.693,0.86835,0.86865,1.00,1.60
2010.06.08 03:09:30.684,0.86835,0.8686,1.00,3.20
2010.06.08 03:09:30.924,0.86835,0.8686,1.00,1.60
2010.06.08 03:09:31.163,0.86835,0.86865,1.00,1.60
2010.06.08 03:09:35.334,0.86835,0.86865,5.60,1.60
2010.06.08 03:09:35.646,0.8684,0.8687,1.60,3.20
2010.06.08 03:09:35.956,0.86845,0.8688,5.60,6.30
2010.06.08 03:09:36.291,0.8685,0.8688,2.40,1.60
2010.06.08 03:09:36.610,0.86855,0.8689,4.00,3.90
2010.06.08 03:09:36.899,0.8686,0.8689,2.40,1.60
2010.06.08 03:09:37.766,0.8686,0.86895,2.40,3.90
2010.06.08 03:09:38.332,0.8686,0.86895,2.40,2.30
2010.06.08 03:09:41.357,0.8686,0.86895,2.40,3.90
2010.06.08 03:09:41.665,0.86855,0.86885,4.00,1.60
2010.06.08 03:09:43.413,0.86855,0.86885,2.40,1.60
2010.06.08 03:09:43.763,0.8685,0.86885,4.00,1.60
2010.06.08 03:09:44.413,0.8685,0.8688,2.40,1.60
2010.06.08 03:09:45.041,0.8685,0.86885,2.40,1.60
2010.06.08 03:09:45.555,0.8685,0.8688,2.40,1.60
2010.06.08 03:09:51.967,0.8685,0.86885,2.40,1.60
2010.06.08 03:09:52.513,0.8685,0.8688,2.40,1.60
2010.06.08 03:09:54.127,0.8685,0.8689,6.10,4.70
2010.06.08 03:09:54.549,0.8685,0.86885,2.40,2.30
2010.06.08 03:09:54.739,0.8685,0.8688,1.00,1.60
2010.06.08 03:09:54.923,0.8685,0.86885,1.00,3.90
2010.06.08 03:09:57.850,0.8685,0.86885,1.30,3.90
2010.06.08 03:09:58.183,0.86855,0.86885,4.10,3.90
2010.06.08 03:09:58.514,0.8685,0.86885,4.00,3.90
2010.06.08 03:09:58.842,0.8685,0.86885,1.00,3.90
2010.06.08 03:10:06.075,0.86845,0.8688,5.60,2.30
2010.06.08 03:10:06.579,0.86845,0.8688,2.40,3.90
2010.06.08 03:10:07.375,0.86845,0.8688,5.60,3.90
2010.06.08 03:10:07.823,0.86845,0.86875,2.40,1.60
2010.06.08 03:10:12.360,0.86845,0.86875,5.60,1.60
2010.06.08 03:10:29.383,0.86845,0.86875,4.00,1.60
2010.06.08 03:10:29.563,0.86845,0.86875,2.40,1.60
2010.06.08 03:10:33.564,0.8684,0.86875,4.00,3.90
2010.06.08 03:10:46.882,0.8684,0.86875,2.40,3.90
2010.06.08 03:10:47.229,0.8684,0.86875,1.00,3.90
2010.06.08 03:10:49.732,0.86835,0.8687,2.40,1.00
2010.06.08 03:10:50.192,0.86835,0.8687,2.40,2.30
2010.06.08 03:10:50.878,0.86835,0.8687,2.40,3.90
2010.06.08 03:10:54.354,0.86835,0.86865,2.40,1.60
2010.06.08 03:10:55.517,0.86835,0.8687,2.40,3.90
2010.06.08 03:10:56.132,0.8683,0.86865,4.00,1.00
2010.06.08 03:10:56.666,0.8683,0.86865,10.80,1.00
2010.06.08 03:10:56.953,0.8683,0.86865,7.20,1.00
2010.06.08 03:10:57.083,0.8683,0.86865,4.00,1.00
2010.06.08 03:10:57.342,0.8683,0.86865,4.00,2.30
2010.06.08 03:10:57.472,0.8683,0.86865,6.50,1.00
2010.06.08 03:10:57.602,0.8683,0.86865,10.80,1.00
2010.06.08 03:10:57.863,0.8683,0.86865,10.80,2.30
2010.06.08 03:10:58.113,0.8683,0.86865,4.00,2.30
2010.06.08 03:10:58.627,0.8683,0.86865,10.80,2.30
2010.06.08 03:10:58.875,0.8683,0.86865,10.80,1.00
2010.06.08 03:10:59.113,0.8683,0.86865,4.00,1.00
2010.06.08 03:10:59.353,0.8683,0.86865,7.60,1.00
2010.06.08 03:10:59.592,0.8683,0.86865,10.80,1.00
2010.06.08 03:11:00.074,0.8683,0.86865,4.00,2.30
2010.06.08 03:11:00.522,0.8683,0.86865,9.70,1.00
2010.06.08 03:11:00.813,0.8683,0.86865,10.80,1.00
2010.06.08 03:11:01.037,0.8683,0.86865,5.00,2.30
2010.06.08 03:11:01.264,0.8683,0.86865,4.00,2.30
2010.06.08 03:11:01.493,0.8683,0.86865,7.20,1.00
2010.06.08 03:11:01.722,0.8683,0.86865,10.80,1.00
2010.06.08 03:11:01.943,0.8683,0.86865,7.20,2.30
2010.06.08 03:11:02.172,0.8683,0.86865,4.00,2.30
2010.06.08 03:11:02.432,0.8683,0.86865,5.00,1.00
2010.06.08 03:11:02.572,0.8683,0.86865,7.60,1.00
2010.06.08 03:11:02.712,0.8683,0.86865,10.80,1.00
2010.06.08 03:11:03.075,0.8683,0.86865,10.80,1.50
2010.06.08 03:11:03.234,0.8683,0.86865,1.00,6.30
2010.06.08 03:11:03.559,0.8683,0.86865,1.00,4.70
2010.06.08 03:11:03.886,0.86825,0.8686,4.00,4.70
2010.06.08 03:11:04.468,0.86825,0.8686,4.00,3.90
2010.06.08 03:11:04.807,0.86825,0.8686,11.90,3.90
2010.06.08 03:11:05.147,0.8683,0.8686,1.60,3.90
2010.06.08 03:11:05.485,0.86835,0.8686,1.00,1.60
2010.06.08 03:11:05.825,0.86835,0.8687,1.00,2.30
2010.06.08 03:11:06.164,0.86835,0.86865,1.00,1.60
2010.06.08 03:11:09.876,0.86835,0.8687,4.00,2.30
2010.06.08 03:11:10.898,0.86835,0.86865,2.40,1.60
2010.06.08 03:11:11.074,0.86835,0.8687,2.40,2.30
2010.06.08 03:11:12.452,0.86835,0.86865,2.40,1.00
2010.06.08 03:11:12.794,0.8683,0.8686,2.40,2.40
2010.06.08 03:11:13.134,0.86825,0.86855,4.00,1.60
2010.06.08 03:11:13.282,0.86825,0.86855,2.40,1.60
2010.06.08 03:11:14.553,0.86825,0.8686,4.00,3.90
2010.06.08 03:11:14.775,0.8683,0.8686,2.50,3.90
2010.06.08 03:11:14.994,0.8683,0.86865,3.30,3.90
2010.06.08 03:11:15.546,0.8683,0.86865,4.90,3.90
2010.06.08 03:11:16.792,0.8683,0.86865,3.30,3.90
2010.06.08 03:11:17.166,0.8683,0.8686,2.50,1.00
2010.06.08 03:11:17.243,0.8683,0.8686,2.50,3.90
2010.06.08 03:11:17.323,0.86825,0.8686,10.90,3.90
2010.06.08 03:11:17.403,0.86825,0.8686,8.50,3.90
2010.06.08 03:11:17.483,0.86825,0.8686,4.80,2.30
2010.06.08 03:11:17.563,0.86825,0.8686,1.60,3.90
2010.06.08 03:11:18.018,0.86825,0.86855,1.60,1.00
2010.06.08 03:11:18.095,0.8682,0.86855,2.40,3.90
2010.06.08 03:11:18.515,0.8682,0.86855,1.00,4.70
2010.06.08 03:11:18.854,0.8682,0.86855,1.00,3.90
2010.06.08 03:11:20.057,0.86815,0.8685,4.00,3.10
2010.06.08 03:11:20.325,0.86815,0.8685,2.40,2.30
2010.06.08 03:11:20.632,0.86815,0.8685,4.00,2.30
2010.06.08 03:11:20.955,0.8682,0.8685,1.00,3.10
2010.06.08 03:11:21.114,0.86815,0.8685,2.40,3.10
2010.06.08 03:11:23.277,0.86815,0.8685,2.40,2.30
2010.06.08 03:11:24.112,0.8682,0.86855,10.30,1.00
2010.06.08 03:11:24.454,0.86825,0.86855,1.00,1.00
2010.06.08 03:11:25.244,0.86825,0.8686,8.10,2.30
2010.06.08 03:11:25.756,0.86825,0.8686,6.50,2.30
2010.06.08 03:11:25.954,0.86825,0.8686,4.00,2.30
2010.06.08 03:11:26.221,0.86825,0.8686,2.40,2.30
2010.06.08 03:11:26.537,0.8682,0.86855,9.70,1.00
2010.06.08 03:11:37.923,0.8682,0.86855,2.40,1.00
2010.06.08 03:11:38.063,0.8682,0.86855,1.00,2.30
2010.06.08 03:11:38.203,0.86815,0.86855,7.20,2.30
2010.06.08 03:11:38.343,0.86815,0.86855,4.00,2.30
2010.06.08 03:11:38.672,0.86815,0.8685,4.00,2.30
2010.06.08 03:11:47.705,0.86815,0.8685,4.00,3.10
2010.06.08 03:11:47.895,0.86815,0.8685,4.00,4.70
2010.06.08 03:11:48.076,0.86815,0.8685,4.00,6.70
2010.06.08 03:11:48.256,0.8681,0.86845,4.00,1.00
2010.06.08 03:11:48.612,0.8681,0.86845,4.00,2.30
2010.06.08 03:11:49.545,0.8681,0.86845,4.00,1.00
2010.06.08 03:11:57.003,0.8681,0.86845,2.40,2.30
2010.06.08 03:12:02.259,0.8681,0.86845,4.00,1.00
2010.06.08 03:12:10.050,0.8681,0.86845,1.60,3.10
2010.06.08 03:12:10.160,0.86805,0.8683,4.00,1.60
2010.06.08 03:12:10.266,0.868,0.8683,4.00,1.60
2010.06.08 03:12:10.608,0.86795,0.86835,10.40,3.90
2010.06.08 03:12:10.957,0.86795,0.8683,4.00,1.00
2010.06.08 03:12:12.194,0.86795,0.8683,10.40,1.00
2010.06.08 03:12:12.496,0.86795,0.8683,2.40,6.30
2010.06.08 03:12:12.675,0.86795,0.8683,2.40,5.50
2010.06.08 03:12:12.854,0.86795,0.8683,2.40,2.30
2010.06.08 03:12:13.245,0.86795,0.8683,2.40,3.90
2010.06.08 03:12:13.424,0.86795,0.8683,2.40,2.30
2010.06.08 03:12:13.735,0.86795,0.8683,2.40,3.10
2010.06.08 03:12:14.075,0.8679,0.86825,2.40,2.30
2010.06.08 03:12:14.412,0.8679,0.86825,4.00,2.30
2010.06.08 03:12:18.069,0.8679,0.86825,2.40,2.30
2010.06.08 03:12:19.312,0.8679,0.86825,4.00,2.30
2010.06.08 03:12:20.382,0.8679,0.86825,2.40,2.30
2010.06.08 03:12:20.672,0.8679,0.86825,2.40,3.90
2010.06.08 03:12:29.812,0.8679,0.86825,1.00,3.90
2010.06.08 03:12:44.023,0.8679,0.86825,1.00,2.30
2010.06.08 03:12:44.544,0.8679,0.86825,1.00,4.10
2010.06.08 03:12:44.883,0.8679,0.86825,1.00,3.90
2010.06.08 03:12:45.248,0.8679,0.86825,1.00,4.10
2010.06.08 03:12:45.922,0.8679,0.86825,1.00,3.90
2010.06.08 03:12:48.916,0.8679,0.86825,1.00,4.10
2010.06.08 03:12:49.522,0.8679,0.8682,1.00,1.60
2010.06.08 03:12:51.670,0.8679,0.8682,1.00,3.20
2010.06.08 03:12:51.854,0.86785,0.8682,4.00,3.90
2010.06.08 03:12:52.045,0.8678,0.8682,4.00,2.30
2010.06.08 03:12:52.382,0.8678,0.8682,4.00,3.90
2010.06.08 03:12:52.493,0.8678,0.86815,4.00,2.30
2010.06.08 03:12:59.174,0.8678,0.86815,2.40,3.10
2010.06.08 03:12:59.306,0.8678,0.86815,1.00,3.10
2010.06.08 03:12:59.848,0.86775,0.8681,2.40,1.00
2010.06.08 03:13:00.128,0.86775,0.8681,2.40,2.30
2010.06.08 03:13:01.234,0.86775,0.8681,2.40,3.10
2010.06.08 03:13:01.525,0.8677,0.8681,4.00,2.30
2010.06.08 03:13:03.246,0.86775,0.8681,4.00,2.30
2010.06.08 03:13:05.097,0.86775,0.8681,1.00,3.10
2010.06.08 03:13:08.474,0.86775,0.8681,1.00,10.50
2010.06.08 03:13:08.683,0.86775,0.8681,1.00,10.90
2010.06.08 03:13:13.692,0.86775,0.8681,1.00,9.30
2010.06.08 03:13:13.853,0.86775,0.8681,1.00,3.10
2010.06.08 03:13:14.045,0.86775,0.8681,1.00,5.10
2010.06.08 03:13:14.233,0.86775,0.8681,1.00,10.90
2010.06.08 03:13:14.844,0.86775,0.8681,2.40,8.10
2010.06.08 03:13:15.059,0.86775,0.8681,5.60,2.30
2010.06.08 03:13:15.267,0.8678,0.86815,1.60,3.90
2010.06.08 03:13:15.793,0.8678,0.86815,2.40,3.90
2010.06.08 03:13:15.993,0.8678,0.86815,4.00,3.90
2010.06.08 03:13:41.406,0.86785,0.86815,2.40,3.20
2010.06.08 03:13:41.534,0.86785,0.8682,2.40,5.50
2010.06.08 03:13:41.664,0.8679,0.8682,1.00,1.60
2010.06.08 03:13:42.192,0.8679,0.86825,1.00,2.30
2010.06.08 03:13:42.536,0.86795,0.86825,1.00,1.00
2010.06.08 03:13:42.876,0.86795,0.86825,5.60,1.00
2010.06.08 03:13:43.217,0.86795,0.8683,2.40,1.00
2010.06.08 03:13:43.555,0.86795,0.8683,1.00,4.70
2010.06.08 03:13:43.894,0.8679,0.86825,2.40,2.30
2010.06.08 03:13:45.569,0.86785,0.86825,4.00,3.90
2010.06.08 03:13:45.765,0.86785,0.86825,4.00,2.30
2010.06.08 03:13:46.243,0.86785,0.8682,4.00,1.60
2010.06.08 03:13:46.434,0.86785,0.8682,4.00,3.20
2010.06.08 03:13:46.777,0.86785,0.8682,2.40,6.30
2010.06.08 03:13:47.117,0.86785,0.86815,1.00,1.00
2010.06.08 03:13:48.229,0.8678,0.86815,2.40,1.00
2010.06.08 03:13:48.368,0.8678,0.86815,2.40,3.90
2010.06.08 03:13:50.042,0.8678,0.86815,1.00,4.70
2010.06.08 03:13:50.144,0.86775,0.8681,4.00,2.30
2010.06.08 03:13:51.378,0.86775,0.8681,5.60,2.30
2010.06.08 03:13:56.474,0.86775,0.8681,4.00,2.30
2010.06.08 03:13:56.755,0.86775,0.86805,5.60,1.60
2010.06.08 03:13:56.975,0.86775,0.8681,1.60,3.90
2010.06.08 03:13:57.564,0.86775,0.8681,2.40,3.90
2010.06.08 03:13:57.783,0.86775,0.8681,4.00,3.90
2010.06.08 03:14:01.713,0.86775,0.8681,4.00,2.30
2010.06.08 03:14:01.944,0.8678,0.86815,2.40,7.10
2010.06.08 03:14:02.184,0.8678,0.86815,4.00,3.90
2010.06.08 03:14:10.852,0.86785,0.86815,2.40,1.60
2010.06.08 03:14:11.796,0.86785,0.8681,2.40,1.00
2010.06.08 03:14:12.167,0.8678,0.86805,2.40,3.20
2010.06.08 03:14:12.343,0.86775,0.86805,2.40,3.20
2010.06.08 03:14:13.093,0.86775,0.868,2.40,1.60
2010.06.08 03:14:36.063,0.86775,0.868,4.00,1.60
2010.06.08 03:14:40.225,0.8678,0.86815,4.00,2.30
2010.06.08 03:14:40.466,0.86785,0.8682,2.40,1.00
2010.06.08 03:14:40.694,0.86785,0.86825,2.40,2.30
2010.06.08 03:14:40.923,0.86795,0.86825,1.00,2.30
2010.06.08 03:14:45.632,0.86795,0.8682,1.00,1.60
2010.06.08 03:14:46.313,0.86795,0.86825,1.00,2.30
2010.06.08 03:14:47.733,0.86795,0.86825,1.00,1.00
2010.06.08 03:14:55.132,0.86795,0.8683,1.00,2.30
2010.06.08 03:14:55.666,0.86795,0.8683,1.00,3.10
2010.06.08 03:14:55.873,0.86795,0.8683,2.40,4.70
2010.06.08 03:14:56.177,0.86795,0.86835,4.00,3.90
2010.06.08 03:14:56.533,0.868,0.86835,1.60,3.90
2010.06.08 03:14:56.839,0.868,0.86835,5.60,1.60
2010.06.08 03:14:57.134,0.86805,0.86835,1.00,1.60
2010.06.08 03:15:04.185,0.86805,0.86835,1.00,2.40
2010.06.08 03:15:04.463,0.86805,0.8683,1.00,1.60
2010.06.08 03:15:04.534,0.868,0.8683,2.40,2.40
2010.06.08 03:15:04.674,0.868,0.8683,1.60,2.40
2010.06.08 03:15:04.743,0.86795,0.8683,4.00,4.00
2010.06.08 03:15:05.069,0.86795,0.86825,4.00,1.60
2010.06.08 03:15:05.885,0.86795,0.8683,2.40,5.50
2010.06.08 03:15:06.164,0.86795,0.8683,4.00,3.90
2010.06.08 03:15:06.384,0.86795,0.8683,4.00,2.30
2010.06.08 03:15:08.545,0.868,0.86835,1.60,3.90
2010.06.08 03:15:08.686,0.86805,0.86835,1.00,1.60
2010.06.08 03:15:09.082,0.86805,0.8684,2.40,4.70
2010.06.08 03:15:11.293,0.86805,0.8684,2.40,3.90
2010.06.08 03:15:11.538,0.86805,0.8684,4.00,3.90
2010.06.08 03:15:11.776,0.86805,0.8684,4.00,2.30
2010.06.08 03:15:12.563,0.86805,0.8684,4.00,3.10
2010.06.08 03:15:12.734,0.86805,0.8684,2.40,5.10
2010.06.08 03:15:18.989,0.86805,0.8684,1.60,5.10
2010.06.08 03:15:19.102,0.868,0.8684,4.00,5.10
2010.06.08 03:15:19.404,0.868,0.8683,1.60,1.50
2010.06.08 03:15:19.523,0.868,0.8683,1.60,3.10
2010.06.08 03:15:19.645,0.86795,0.8683,1.60,4.70
2010.06.08 03:15:19.763,0.8679,0.8683,2.40,4.70
2010.06.08 03:15:20.255,0.8679,0.86825,8.10,1.00
2010.06.08 03:15:20.647,0.86795,0.8683,2.40,2.30
2010.06.08 03:15:20.845,0.86795,0.8683,5.30,2.30
2010.06.08 03:15:21.043,0.86795,0.8683,4.80,3.10
2010.06.08 03:15:21.243,0.86795,0.8683,1.00,3.10
2010.06.08 03:15:21.585,0.86795,0.8683,1.00,4.70
2010.06.08 03:15:25.724,0.86795,0.86825,1.00,4.00
2010.06.08 03:15:25.917,0.8679,0.86825,1.00,3.90
2010.06.08 03:15:27.614,0.86795,0.8683,1.00,4.70
2010.06.08 03:15:30.343,0.86795,0.8683,1.00,3.90
2010.06.08 03:15:30.646,0.86795,0.8683,2.40,3.90
2010.06.08 03:15:31.174,0.86795,0.8683,2.40,4.70
2010.06.08 03:15:32.282,0.8679,0.86825,2.40,1.00
2010.06.08 03:15:39.422,0.8679,0.86825,1.00,2.30
2010.06.08 03:15:51.133,0.8679,0.86825,2.40,1.00
2010.06.08 03:15:53.952,0.8679,0.86825,2.40,2.30
2010.06.08 03:15:56.653,0.8679,0.86825,5.60,1.00
2010.06.08 03:15:57.286,0.86795,0.86825,1.60,1.00
2010.06.08 03:15:57.455,0.86795,0.8683,2.40,3.90
2010.06.08 03:15:59.214,0.86795,0.8683,4.00,2.30
2010.06.08 03:15:59.354,0.86795,0.8683,7.20,2.30
2010.06.08 03:16:00.517,0.86795,0.8683,2.40,3.90
2010.06.08 03:16:00.725,0.86795,0.8683,2.40,2.30
2010.06.08 03:16:01.583,0.86795,0.8683,2.40,3.90
2010.06.08 03:16:04.925,0.86795,0.8683,2.40,4.70
2010.06.08 03:16:06.293,0.86795,0.8683,2.40,3.90
2010.06.08 03:16:06.442,0.86795,0.8683,2.40,4.70
2010.06.08 03:16:07.446,0.86795,0.8683,1.00,4.70
2010.06.08 03:16:07.523,0.8679,0.86825,2.40,1.00
2010.06.08 03:16:14.233,0.86795,0.8683,2.40,1.00
2010.06.08 03:16:14.598,0.86795,0.86835,2.40,3.90
2010.06.08 03:16:14.905,0.86805,0.86835,2.40,1.60
2010.06.08 03:16:15.216,0.8681,0.8684,1.00,1.60
2010.06.08 03:16:15.618,0.8681,0.8684,2.40,1.60
2010.06.08 03:16:15.957,0.86815,0.8685,2.40,3.90
2010.06.08 03:16:16.295,0.86815,0.8685,2.40,4.30
2010.06.08 03:16:16.635,0.8681,0.86845,2.40,3.90
2010.06.08 03:16:16.976,0.8681,0.86845,1.00,3.90
2010.06.08 03:16:17.595,0.8681,0.8684,1.00,1.60
2010.06.08 03:16:19.658,0.868,0.86835,1.00,2.40
2010.06.08 03:16:19.865,0.868,0.8683,1.00,1.00
2010.06.08 03:16:21.944,0.86795,0.8683,2.40,1.00
2010.06.08 03:16:23.127,0.86795,0.8683,2.40,3.90
2010.06.08 03:16:23.280,0.86795,0.86825,2.40,1.60
2010.06.08 03:16:23.344,0.8679,0.86825,5.60,1.60
2010.06.08 03:16:23.413,0.8679,0.86825,2.40,1.60
2010.06.08 03:16:23.484,0.8679,0.86825,1.00,3.90
2010.06.08 03:16:23.883,0.8679,0.8682,1.00,1.60
2010.06.08 03:16:26.817,0.86785,0.8682,2.40,3.90
2010.06.08 03:16:27.136,0.86785,0.8682,4.00,5.50
2010.06.08 03:16:28.173,0.86785,0.86815,4.00,1.60
2010.06.08 03:16:28.663,0.86785,0.86815,2.40,1.60
2010.06.08 03:16:28.973,0.86785,0.8682,2.40,6.30
2010.06.08 03:16:29.134,0.8678,0.86815,2.40,2.30
2010.06.08 03:16:30.963,0.8678,0.86815,1.00,3.90
2010.06.08 03:16:38.923,0.8678,0.86815,1.00,4.70
2010.06.08 03:16:38.982,0.8678,0.8681,1.00,1.60
2010.06.08 03:16:40.224,0.8678,0.86815,1.00,3.90
2010.06.08 03:16:42.693,0.8678,0.8681,1.00,1.60
2010.06.08 03:16:45.503,0.8678,0.86815,1.00,3.90
2010.06.08 03:16:46.113,0.8678,0.86815,1.00,4.70
2010.06.08 03:16:46.414,0.8678,0.8681,1.00,1.60
2010.06.08 03:16:46.664,0.8677,0.86805,2.40,1.60
2010.06.08 03:16:46.913,0.8677,0.86805,2.40,3.90
2010.06.08 03:16:49.818,0.86765,0.868,5.60,1.00
2010.06.08 03:16:49.925,0.86765,0.868,5.60,2.30
2010.06.08 03:16:51.603,0.86765,0.868,5.60,1.00
2010.06.08 03:16:52.482,0.86765,0.868,5.70,1.00
2010.06.08 03:16:58.502,0.86765,0.868,5.60,1.00
2010.06.08 03:16:59.042,0.86765,0.868,5.70,1.00
2010.06.08 03:17:02.382,0.8677,0.86805,1.00,3.90
2010.06.08 03:17:02.463,0.8677,0.86805,2.40,3.90
2010.06.08 03:17:04.805,0.8677,0.86805,4.00,3.90
2010.06.08 03:17:08.840,0.8677,0.86805,2.40,3.90
2010.06.08 03:17:11.144,0.86765,0.868,5.60,2.30
2010.06.08 03:17:11.363,0.86765,0.868,5.60,3.90
2010.06.08 03:17:12.435,0.86765,0.868,6.40,3.90
2010.06.08 03:17:12.634,0.86765,0.868,6.50,2.30
2010.06.08 03:17:13.236,0.8677,0.868,1.00,1.60
2010.06.08 03:17:13.433,0.8677,0.86805,1.00,3.90
2010.06.08 03:17:17.093,0.8677,0.86805,1.00,5.50
2010.06.08 03:17:17.377,0.8677,0.868,2.40,1.60
2010.06.08 03:17:18.454,0.8677,0.868,1.00,1.60
2010.06.08 03:17:18.894,0.8677,0.868,2.40,1.60
2010.06.08 03:17:22.513,0.8677,0.868,1.00,3.20
2010.06.08 03:17:22.588,0.86765,0.868,5.60,3.90
2010.06.08 03:17:30.924,0.86765,0.868,6.50,3.90
2010.06.08 03:17:31.034,0.8677,0.868,1.60,2.30
2010.06.08 03:17:31.306,0.8677,0.868,3.20,2.30
2010.06.08 03:17:31.536,0.8677,0.868,1.60,1.00
2010.06.08 03:17:31.763,0.8677,0.868,1.60,2.30
2010.06.08 03:17:36.313,0.8677,0.868,1.60,1.00
2010.06.08 03:17:36.497,0.8677,0.868,1.60,2.30
2010.06.08 03:17:36.715,0.86765,0.868,5.60,2.30
2010.06.08 03:17:36.892,0.86765,0.868,5.60,3.90
2010.06.08 03:17:48.404,0.86765,0.868,5.70,3.90
2010.06.08 03:17:53.493,0.86765,0.868,5.70,2.30
2010.06.08 03:17:54.603,0.86765,0.868,5.70,1.00
2010.06.08 03:17:54.901,0.8677,0.868,1.00,1.00
2010.06.08 03:17:55.064,0.8677,0.86805,4.10,3.20
2010.06.08 03:17:55.238,0.86775,0.86805,1.60,1.60
2010.06.08 03:17:55.557,0.86775,0.86805,5.70,1.60
2010.06.08 03:17:55.878,0.8678,0.86805,3.20,1.60
2010.06.08 03:17:56.195,0.8678,0.86805,1.60,1.60
2010.06.08 03:17:56.515,0.86775,0.86805,5.60,1.60
2010.06.08 03:17:57.193,0.86775,0.86805,5.70,1.60
2010.06.08 03:17:58.397,0.86775,0.86805,5.60,1.60
2010.06.08 03:17:58.995,0.86775,0.86805,4.00,1.60
2010.06.08 03:18:02.414,0.86775,0.86805,1.60,2.30
2010.06.08 03:18:02.513,0.8677,0.86805,2.50,3.90
2010.06.08 03:18:02.612,0.8677,0.86805,4.10,3.90
2010.06.08 03:18:03.518,0.8677,0.86805,4.00,3.90
2010.06.08 03:18:03.626,0.8677,0.86805,4.00,5.50
2010.06.08 03:18:05.255,0.86775,0.868,3.20,1.60
2010.06.08 03:18:05.515,0.8677,0.86805,4.00,5.50
2010.06.08 03:18:05.775,0.86775,0.868,1.60,1.60
2010.06.08 03:18:06.094,0.8677,0.86805,4.00,5.50
2010.06.08 03:18:06.577,0.8677,0.86805,4.10,3.90
2010.06.08 03:18:07.825,0.8677,0.86805,4.10,3.90
2010.06.08 03:18:08.112,0.8677,0.86805,4.10,3.90
2010.06.08 03:18:09.543,0.8677,0.86805,4.00,3.90
2010.06.08 03:18:09.887,0.8677,0.86805,2.40,3.90
2010.06.08 03:18:10.625,0.8677,0.868,2.40,1.60
2010.06.08 03:18:10.965,0.8677,0.868,1.00,1.60
2010.06.08 03:18:15.402,0.86765,0.868,5.60,1.60
2010.06.08 03:18:22.464,0.86775,0.868,1.60,1.60
2010.06.08 03:18:22.764,0.86775,0.86795,1.60,1.60
2010.06.08 03:18:23.547,0.86765,0.868,5.60,3.90
2010.06.08 03:18:24.395,0.86765,0.86795,5.60,1.60
2010.06.08 03:18:31.223,0.8677,0.86795,1.60,1.60
2010.06.08 03:18:31.354,0.86775,0.86795,1.60,1.60
2010.06.08 03:18:33.365,0.86765,0.868,5.60,3.90
2010.06.08 03:18:33.818,0.86765,0.868,6.40,3.90
2010.06.08 03:18:34.154,0.86765,0.868,6.50,3.90
2010.06.08 03:18:39.979,0.8677,0.868,1.00,3.90
2010.06.08 03:18:40.126,0.8677,0.868,1.00,3.90
2010.06.08 03:18:40.193,0.8677,0.868,2.50,2.30
2010.06.08 03:18:40.315,0.8677,0.868,1.70,1.00
2010.06.08 03:18:40.445,0.8677,0.86805,2.40,3.90
2010.06.08 03:18:40.573,0.8677,0.86805,1.00,3.90
2010.06.08 03:18:47.135,0.8677,0.86805,1.60,3.90
2010.06.08 03:18:47.232,0.8677,0.86805,4.10,3.90
2010.06.08 03:18:47.354,0.8678,0.86805,3.20,3.90
2010.06.08 03:18:47.473,0.8678,0.86805,3.20,2.30
2010.06.08 03:18:48.127,0.86785,0.86805,3.20,1.60
2010.06.08 03:18:48.365,0.8678,0.86805,1.60,1.60
2010.06.08 03:18:49.774,0.86785,0.86805,1.60,1.60
2010.06.08 03:18:49.964,0.86785,0.86805,3.20,1.60
2010.06.08 03:18:52.883,0.86785,0.8681,3.20,1.60
2010.06.08 03:19:00.603,0.86785,0.86805,3.20,1.60
2010.06.08 03:19:02.584,0.86785,0.8681,3.20,1.60
2010.06.08 03:19:12.532,0.86785,0.8681,1.60,1.60
2010.06.08 03:19:16.223,0.86785,0.86805,1.60,1.60
2010.06.08 03:19:16.353,0.86785,0.86805,3.20,1.60
2010.06.08 03:19:18.100,0.86785,0.86815,3.20,2.30
2010.06.08 03:19:18.344,0.86785,0.86815,5.70,2.30
2010.06.08 03:19:18.384,0.8679,0.86815,1.60,2.30
2010.06.08 03:19:18.657,0.8679,0.86815,1.60,1.00
2010.06.08 03:19:18.696,0.8679,0.8682,1.60,2.30
2010.06.08 03:19:18.953,0.8679,0.8682,2.40,2.30
2010.06.08 03:19:21.514,0.8679,0.8682,2.40,1.60
2010.06.08 03:19:21.724,0.8679,0.8682,4.00,1.60
2010.06.08 03:19:24.785,0.86785,0.86815,14.90,1.60
2010.06.08 03:19:24.954,0.86785,0.86815,7.20,1.60
2010.06.08 03:19:25.123,0.86785,0.86815,4.00,1.60
2010.06.08 03:19:25.294,0.86785,0.86815,1.60,3.90
2010.06.08 03:19:28.366,0.8679,0.86815,1.60,3.90
2010.06.08 03:19:28.884,0.8679,0.8681,1.60,1.60
2010.06.08 03:19:29.107,0.8678,0.8681,5.60,1.60
2010.06.08 03:19:29.324,0.8678,0.8681,4.00,1.60
2010.06.08 03:19:31.200,0.8678,0.86815,4.00,3.90
2010.06.08 03:19:32.742,0.8678,0.86815,4.80,3.90
2010.06.08 03:19:32.943,0.86785,0.86815,3.20,3.90
2010.06.08 03:19:33.045,0.86795,0.86815,1.60,3.90
2010.06.08 03:19:33.144,0.86795,0.86815,1.60,2.30
2010.06.08 03:19:33.245,0.86785,0.86815,8.10,2.30
2010.06.08 03:19:33.343,0.86785,0.86815,1.00,2.30
2010.06.08 03:19:33.755,0.8678,0.86815,5.70,2.30
2010.06.08 03:19:34.004,0.8678,0.86815,4.10,3.90
2010.06.08 03:19:34.253,0.8678,0.86815,4.00,3.90
2010.06.08 03:19:34.954,0.8678,0.86815,5.70,2.30
2010.06.08 03:19:35.544,0.8678,0.86815,5.70,2.30
2010.06.08 03:19:35.768,0.86785,0.86815,4.00,1.00
2010.06.08 03:19:36.107,0.86795,0.86825,1.60,1.60
2010.06.08 03:19:36.447,0.868,0.8683,4.00,1.60
2010.06.08 03:19:39.447,0.86795,0.8683,4.00,3.90
2010.06.08 03:19:39.646,0.86795,0.86825,2.40,1.60
2010.06.08 03:19:44.386,0.8679,0.86825,2.40,1.60
2010.06.08 03:19:45.714,0.8679,0.8682,5.60,1.60
2010.06.08 03:19:46.780,0.8679,0.86825,5.60,1.60
2010.06.08 03:19:46.938,0.86795,0.86825,1.60,1.60
2010.06.08 03:19:47.084,0.86795,0.86825,2.40,1.60
2010.06.08 03:19:48.043,0.86795,0.8682,2.40,1.60
2010.06.08 03:19:54.857,0.86795,0.86825,4.00,1.60
2010.06.08 03:19:55.134,0.86795,0.86825,5.60,1.60
2010.06.08 03:19:55.693,0.86795,0.8682,2.40,1.60
2010.06.08 03:19:57.363,0.86795,0.86825,2.40,1.60
2010.06.08 03:19:57.915,0.86795,0.86825,5.60,1.60
2010.06.08 03:19:58.156,0.86805,0.8683,1.60,1.60
2010.06.08 03:19:58.395,0.86805,0.8683,3.20,1.60
2010.06.08 03:19:58.635,0.868,0.8683,5.60,1.60
2010.06.08 03:19:58.876,0.868,0.8683,2.40,1.60
2010.06.08 03:20:00.773,0.868,0.8683,2.50,1.60
2010.06.08 03:20:00.953,0.868,0.8683,2.40,1.60
2010.06.08 03:20:02.350,0.868,0.8683,1.00,1.60
2010.06.08 03:20:03.483,0.8679,0.8682,2.40,1.60
2010.06.08 03:20:03.706,0.8679,0.8682,1.00,1.60
2010.06.08 03:20:06.604,0.86785,0.8682,4.00,6.30
2010.06.08 03:20:06.804,0.8678,0.86815,7.20,1.60
2010.06.08 03:20:07.103,0.8678,0.86815,2.40,1.60
2010.06.08 03:20:07.475,0.8678,0.86815,4.00,2.30
2010.06.08 03:20:07.778,0.8678,0.86815,4.00,1.00
2010.06.08 03:20:08.034,0.8678,0.86815,2.40,2.30
2010.06.08 03:20:09.578,0.8678,0.86815,2.40,1.00
2010.06.08 03:20:10.554,0.86785,0.8682,1.00,3.90
2010.06.08 03:20:10.855,0.86785,0.8682,2.40,3.90
2010.06.08 03:20:12.123,0.86785,0.86815,2.40,1.60
2010.06.08 03:20:12.575,0.86785,0.8682,2.40,3.90
2010.06.08 03:20:13.012,0.86785,0.8682,4.00,3.90
2010.06.08 03:20:13.165,0.86785,0.8682,2.40,3.90
2010.06.08 03:20:13.865,0.8679,0.86825,1.00,3.90
2010.06.08 03:20:14.104,0.8679,0.8682,1.00,1.60
2010.06.08 03:20:22.905,0.8679,0.86825,1.00,3.90
2010.06.08 03:20:23.194,0.8679,0.86825,2.40,2.30
2010.06.08 03:20:25.399,0.8679,0.86825,2.40,1.00
2010.06.08 03:20:26.190,0.86795,0.8683,2.40,3.90
2010.06.08 03:20:27.476,0.86795,0.86825,1.00,1.00
2010.06.08 03:20:27.637,0.8679,0.86825,2.40,2.40
2010.06.08 03:20:27.795,0.86785,0.86825,10.40,4.70
2010.06.08 03:20:28.384,0.86785,0.8682,2.40,1.60
2010.06.08 03:20:28.710,0.86785,0.86815,2.40,1.20
2010.06.08 03:20:32.473,0.86785,0.86815,4.00,1.20
2010.06.08 03:20:35.702,0.8678,0.86815,4.00,1.90
2010.06.08 03:20:36.035,0.8678,0.8681,4.00,1.00
2010.06.08 03:20:36.330,0.8678,0.8681,4.00,1.20
2010.06.08 03:20:37.231,0.8678,0.8681,2.40,1.20
2010.06.08 03:20:38.933,0.8678,0.8681,2.40,1.00
2010.06.08 03:20:39.173,0.8678,0.86815,2.40,3.50
2010.06.08 03:20:39.413,0.8678,0.86815,4.00,3.50
2010.06.08 03:20:39.813,0.8678,0.86815,4.00,1.90
2010.06.08 03:20:40.075,0.86785,0.8682,2.40,2.70
2010.06.08 03:20:42.745,0.86785,0.8682,2.40,4.30
2010.06.08 03:20:43.363,0.8678,0.8682,4.00,4.30
2010.06.08 03:20:43.562,0.8678,0.8682,2.40,5.10
2010.06.08 03:20:46.556,0.8678,0.86815,2.40,1.60
2010.06.08 03:20:46.747,0.8678,0.8682,4.00,4.70
2010.06.08 03:20:46.938,0.86785,0.8682,2.40,2.30
2010.06.08 03:20:47.127,0.86785,0.86825,6.50,3.90
2010.06.08 03:20:47.647,0.86795,0.8683,2.40,3.90
2010.06.08 03:20:49.441,0.86795,0.8683,2.40,4.30
2010.06.08 03:20:49.679,0.86795,0.86825,2.40,1.60
2010.06.08 03:20:49.887,0.86795,0.8683,2.40,5.10
2010.06.08 03:20:50.095,0.86795,0.8683,2.40,4.30
2010.06.08 03:20:52.167,0.86795,0.8683,2.40,5.10
2010.06.08 03:20:52.364,0.86795,0.86825,2.40,1.60
2010.06.08 03:20:52.753,0.86795,0.86825,2.40,2.00
2010.06.08 03:20:53.016,0.86795,0.86825,2.40,1.60
2010.06.08 03:20:54.012,0.86795,0.86825,1.00,3.20
2010.06.08 03:20:54.175,0.8679,0.86825,1.00,3.90
2010.06.08 03:20:54.514,0.8679,0.8682,1.00,1.60
2010.06.08 03:20:56.505,0.8679,0.86825,5.60,3.90
2010.06.08 03:20:58.695,0.86795,0.86825,2.40,1.60
2010.06.08 03:21:08.594,0.86795,0.8682,2.40,1.60
2010.06.08 03:21:09.056,0.86795,0.86825,2.40,1.60
2010.06.08 03:21:11.158,0.86795,0.8682,2.40,1.60
2010.06.08 03:21:13.534,0.86795,0.86825,2.40,1.60
2010.06.08 03:21:13.693,0.86795,0.86825,1.60,2.30
2010.06.08 03:21:13.733,0.8679,0.86825,2.40,3.90
2010.06.08 03:21:16.805,0.8679,0.86825,2.40,4.00
2010.06.08 03:21:17.037,0.8679,0.8682,2.40,1.60
2010.06.08 03:21:17.265,0.8679,0.8682,1.00,1.60
2010.06.08 03:21:17.834,0.86785,0.8682,2.40,3.90
2010.06.08 03:21:18.323,0.86785,0.86815,2.40,1.60
2010.06.08 03:21:19.483,0.86785,0.8681,2.40,1.60
2010.06.08 03:21:19.725,0.8678,0.8681,2.40,1.60
2010.06.08 03:21:24.622,0.8678,0.86815,2.40,2.30
2010.06.08 03:21:26.133,0.86785,0.86815,2.40,1.60
2010.06.08 03:21:26.368,0.86785,0.86815,4.00,1.60
2010.06.08 03:21:37.976,0.8679,0.86815,1.00,1.60
2010.06.08 03:21:38.081,0.8679,0.8682,1.00,1.60
2010.06.08 03:21:38.188,0.8679,0.86825,4.00,2.30
2010.06.08 03:21:38.285,0.8679,0.86825,5.60,2.30
2010.06.08 03:21:38.386,0.86795,0.86825,1.00,2.30
2010.06.08 03:21:41.016,0.86795,0.86825,1.00,3.10
2010.06.08 03:21:41.345,0.86795,0.8682,1.00,1.60
2010.06.08 03:21:42.124,0.8679,0.8682,2.40,1.60
2010.06.08 03:21:42.996,0.8679,0.86825,2.40,3.10
2010.06.08 03:21:43.106,0.8679,0.8682,2.40,1.60
2010.06.08 03:21:47.067,0.8679,0.86825,2.40,3.10
2010.06.08 03:21:48.014,0.8679,0.8682,2.40,1.60
2010.06.08 03:21:50.034,0.86785,0.8682,2.40,1.60
2010.06.08 03:21:52.614,0.86785,0.8682,2.40,3.90
2010.06.08 03:21:53.723,0.86785,0.8682,2.40,4.70
2010.06.08 03:21:53.804,0.86785,0.8681,2.40,1.60
2010.06.08 03:21:54.244,0.86785,0.8681,1.00,1.60
2010.06.08 03:21:54.836,0.8678,0.8681,2.40,1.60
2010.06.08 03:21:55.177,0.86775,0.8681,2.40,2.30
2010.06.08 03:21:56.701,0.86775,0.86805,5.60,1.60
2010.06.08 03:21:58.836,0.86785,0.86815,2.40,8.00
2010.06.08 03:21:59.434,0.8679,0.86815,1.00,1.60
2010.06.08 03:22:01.975,0.8679,0.8682,1.00,1.60
2010.06.08 03:22:02.304,0.8679,0.86825,1.00,4.70
2010.06.08 03:22:02.633,0.8679,0.8682,1.00,1.60
2010.06.08 03:22:03.773,0.8679,0.86825,1.00,4.70
2010.06.08 03:22:08.018,0.8679,0.86815,1.00,1.60
2010.06.08 03:22:08.833,0.8679,0.8682,1.00,1.60
2010.06.08 03:22:11.233,0.8679,0.8682,1.00,2.40
2010.06.08 03:22:11.335,0.8679,0.8682,1.00,4.00
2010.06.08 03:22:11.433,0.8679,0.86815,1.00,1.60
2010.06.08 03:22:18.285,0.86785,0.86815,2.40,1.60
2010.06.08 03:22:20.543,0.86785,0.86815,4.00,1.60
2010.06.08 03:22:21.307,0.86785,0.86815,2.40,1.60
2010.06.08 03:22:22.197,0.86785,0.8682,3.20,3.90
2010.06.08 03:22:22.476,0.86795,0.86825,1.00,2.30
2010.06.08 03:22:23.873,0.86795,0.8682,1.00,1.60
2010.06.08 03:22:24.194,0.8679,0.8682,5.60,1.60
2010.06.08 03:22:24.355,0.8679,0.8682,1.00,1.60
2010.06.08 03:22:26.974,0.8679,0.8682,1.00,2.40
2010.06.08 03:22:27.144,0.86785,0.86815,2.40,1.60
2010.06.08 03:22:27.485,0.86785,0.86815,4.00,1.60
2010.06.08 03:22:27.654,0.86785,0.86815,2.40,1.60
2010.06.08 03:22:28.205,0.86785,0.8682,2.40,3.90
2010.06.08 03:22:28.403,0.86785,0.86815,2.40,1.60
2010.06.08 03:22:28.604,0.86785,0.8682,2.40,3.90
2010.06.08 03:22:31.695,0.86785,0.86815,2.40,1.60
2010.06.08 03:22:32.084,0.86785,0.8682,2.40,3.90
2010.06.08 03:22:42.397,0.86785,0.8682,2.40,4.70
2010.06.08 03:22:42.791,0.86785,0.86815,2.40,1.60
2010.06.08 03:22:42.848,0.8678,0.86815,2.40,3.90
2010.06.08 03:22:45.064,0.8678,0.86815,4.00,3.90
2010.06.08 03:22:45.275,0.8678,0.86815,5.60,3.90
2010.06.08 03:22:45.384,0.8678,0.86815,2.40,3.90
2010.06.08 03:22:47.733,0.8678,0.86815,4.00,3.90
2010.06.08 03:22:48.065,0.8678,0.86815,2.40,3.90
2010.06.08 03:22:48.515,0.86785,0.86815,2.40,1.60
2010.06.08 03:22:52.065,0.86785,0.8681,2.40,1.60
2010.06.08 03:22:52.142,0.8678,0.86815,2.40,2.30
2010.06.08 03:22:52.510,0.8678,0.8681,2.40,1.60
2010.06.08 03:22:54.155,0.8678,0.86815,2.40,2.30
2010.06.08 03:22:56.619,0.8678,0.86815,4.00,2.30
2010.06.08 03:22:57.584,0.8678,0.8681,2.40,1.60
2010.06.08 03:22:58.243,0.8678,0.8681,1.00,1.60
2010.06.08 03:23:02.047,0.86775,0.8681,4.00,2.30
2010.06.08 03:23:02.386,0.86775,0.8681,5.60,3.90
2010.06.08 03:23:02.723,0.86775,0.8681,4.00,3.90
2010.06.08 03:23:04.633,0.86775,0.8681,5.60,3.90
2010.06.08 03:23:04.824,0.8678,0.8681,1.00,3.20
2010.06.08 03:23:05.325,0.8678,0.8681,1.00,1.60
2010.06.08 03:23:06.406,0.8678,0.8681,2.40,1.60
2010.06.08 03:23:06.914,0.8678,0.86815,2.40,2.30
2010.06.08 03:23:12.906,0.8678,0.86815,1.00,3.90
2010.06.08 03:23:13.066,0.8678,0.8681,1.00,1.60
2010.06.08 03:23:13.225,0.8678,0.86815,1.00,4.70
2010.06.08 03:23:13.385,0.8678,0.86815,1.00,3.90
2010.06.08 03:23:13.818,0.8678,0.8681,1.00,1.60
2010.06.08 03:23:14.465,0.8678,0.86815,1.00,4.70
2010.06.08 03:23:14.634,0.8678,0.8681,1.00,1.60
2010.06.08 03:23:21.006,0.86775,0.86805,2.40,1.60
2010.06.08 03:23:24.775,0.8677,0.868,1.00,2.30
2010.06.08 03:23:25.106,0.8676,0.86785,1.00,1.60
2010.06.08 03:23:25.439,0.86755,0.86785,2.40,1.60
2010.06.08 03:23:25.826,0.86755,0.86785,1.60,1.00
2010.06.08 03:23:26.169,0.8675,0.86785,2.40,3.90
2010.06.08 03:23:26.516,0.8675,0.86785,2.40,2.30
2010.06.08 03:23:27.235,0.8675,0.8678,2.40,1.60
2010.06.08 03:23:27.914,0.8675,0.8678,1.00,3.20
2010.06.08 03:23:28.256,0.86745,0.8678,8.80,3.90
2010.06.08 03:23:28.587,0.86745,0.8678,8.90,3.90
2010.06.08 03:23:28.805,0.8675,0.8678,1.00,1.60
2010.06.08 03:23:29.025,0.8675,0.8678,2.40,1.60
2010.06.08 03:23:29.364,0.8675,0.8678,1.00,1.60
2010.06.08 03:23:29.704,0.8675,0.8678,2.40,1.60
2010.06.08 03:23:30.046,0.8675,0.86785,4.00,1.00
2010.06.08 03:23:30.385,0.8676,0.8679,1.00,3.90
2010.06.08 03:23:30.724,0.8676,0.8679,1.00,1.60
2010.06.08 03:23:31.324,0.8676,0.86795,1.00,3.90
2010.06.08 03:23:50.564,0.8676,0.86795,2.50,3.20
2010.06.08 03:23:50.795,0.8676,0.868,5.60,3.90
2010.06.08 03:23:51.254,0.86765,0.868,1.00,3.90
2010.06.08 03:23:51.593,0.86765,0.868,2.40,3.90
2010.06.08 03:23:52.387,0.86765,0.868,7.20,3.90
2010.06.08 03:23:52.614,0.8677,0.86805,1.00,3.90
2010.06.08 03:23:52.845,0.8677,0.86805,2.40,2.30
2010.06.08 03:23:52.964,0.86775,0.86805,1.00,1.60
2010.06.08 03:23:53.084,0.86775,0.86805,2.40,1.60
2010.06.08 03:23:55.094,0.86775,0.86805,1.00,1.60
2010.06.08 03:23:55.253,0.8677,0.86805,2.40,2.30
2010.06.08 03:23:57.354,0.8677,0.868,1.00,1.60
2010.06.08 03:23:57.616,0.8677,0.86805,1.00,3.90
2010.06.08 03:24:03.614,0.8677,0.868,1.00,1.60
2010.06.08 03:24:15.586,0.8677,0.86805,1.00,3.90
2010.06.08 03:24:16.144,0.8677,0.868,1.00,1.60
2010.06.08 03:24:16.624,0.86765,0.868,4.00,2.30
2010.06.08 03:24:26.414,0.86765,0.868,4.10,2.30
2010.06.08 03:24:26.553,0.86765,0.868,4.10,1.00
2010.06.08 03:24:28.085,0.86765,0.868,2.50,3.90
2010.06.08 03:24:28.883,0.86765,0.868,4.10,3.90
2010.06.08 03:24:31.466,0.86765,0.868,4.00,3.90
2010.06.08 03:24:31.683,0.86765,0.868,4.10,3.90
2010.06.08 03:24:39.793,0.86765,0.868,4.00,3.90
2010.06.08 03:24:40.878,0.86765,0.868,2.50,3.90
2010.06.08 03:24:41.189,0.86765,0.868,2.40,3.90
2010.06.08 03:24:41.797,0.86765,0.868,4.00,1.60
2010.06.08 03:24:43.022,0.86765,0.868,4.10,1.60
2010.06.08 03:24:43.164,0.86765,0.868,4.00,1.60
2010.06.08 03:24:45.236,0.86765,0.868,4.10,1.60
2010.06.08 03:24:52.623,0.86765,0.868,4.00,1.60
2010.06.08 03:24:52.704,0.86765,0.868,4.00,3.90
2010.06.08 03:24:52.784,0.86765,0.86795,4.00,1.60
2010.06.08 03:24:53.141,0.8676,0.8679,4.80,1.00
2010.06.08 03:24:53.434,0.8675,0.86785,4.00,2.30
2010.06.08 03:24:53.719,0.86755,0.86785,1.60,2.30
2010.06.08 03:24:54.535,0.86755,0.8679,4.00,2.30
2010.06.08 03:24:58.314,0.86755,0.8679,2.40,2.30
2010.06.08 03:25:01.284,0.86755,0.8679,4.00,2.30
2010.06.08 03:25:01.880,0.86755,0.8679,2.40,2.30
2010.06.08 03:25:02.813,0.86755,0.8679,4.00,2.30
2010.06.08 03:25:04.586,0.86755,0.8679,2.40,2.30
2010.06.08 03:25:04.696,0.86755,0.8679,4.00,2.30
2010.06.08 03:25:06.245,0.8676,0.86795,2.40,2.30
2010.06.08 03:25:07.356,0.8676,0.86795,2.40,3.90
2010.06.08 03:25:08.926,0.8676,0.86795,2.40,4.70
2010.06.08 03:25:09.114,0.8676,0.86795,1.00,4.70
2010.06.08 03:25:13.465,0.8676,0.86795,1.00,3.90
2010.06.08 03:25:13.898,0.8676,0.86795,2.40,3.90
2010.06.08 03:25:25.794,0.8676,0.86795,2.40,2.30
2010.06.08 03:25:26.386,0.86765,0.868,1.70,3.90
2010.06.08 03:25:26.617,0.8677,0.86805,1.00,3.90
2010.06.08 03:25:26.845,0.8677,0.868,1.00,1.60
2010.06.08 03:25:27.570,0.8677,0.868,2.40,1.60
2010.06.08 03:25:27.881,0.8678,0.8681,1.00,4.80
2010.06.08 03:25:28.191,0.86785,0.86815,1.60,1.60
2010.06.08 03:25:28.499,0.86795,0.86815,1.60,1.60
2010.06.08 03:25:28.809,0.86795,0.8682,3.20,1.60
2010.06.08 03:25:29.150,0.86795,0.8682,1.60,3.20
2010.06.08 03:25:29.496,0.86785,0.86815,5.70,1.60
2010.06.08 03:25:29.836,0.86785,0.86815,4.00,1.60
2010.06.08 03:25:30.175,0.8678,0.86815,5.60,1.60
2010.06.08 03:25:30.857,0.8678,0.86815,2.40,3.90
2010.06.08 03:25:31.085,0.8678,0.8681,1.00,1.60
2010.06.08 03:25:31.605,0.8678,0.8681,1.00,2.30
2010.06.08 03:25:32.515,0.8678,0.86815,2.40,3.90
2010.06.08 03:25:33.351,0.8678,0.86815,1.00,3.90
2010.06.08 03:25:33.575,0.86775,0.8681,2.40,1.60
2010.06.08 03:25:33.788,0.86775,0.86805,2.40,1.60
2010.06.08 03:25:35.199,0.8677,0.868,2.40,1.60
2010.06.08 03:25:35.409,0.86765,0.868,2.40,3.90
2010.06.08 03:25:35.885,0.8677,0.868,1.60,2.30
2010.06.08 03:25:36.219,0.86775,0.86805,1.60,1.60
2010.06.08 03:25:36.559,0.8678,0.8681,1.60,2.30
2010.06.08 03:25:36.897,0.8678,0.8681,2.40,1.60
2010.06.08 03:25:37.238,0.86785,0.8682,2.40,3.90
2010.06.08 03:25:37.577,0.86785,0.8682,2.40,2.30
2010.06.08 03:25:38.775,0.86785,0.8682,2.40,3.90
2010.06.08 03:25:42.441,0.8678,0.86815,1.00,3.90
2010.06.08 03:25:42.637,0.86775,0.8681,7.20,1.60
2010.06.08 03:25:42.826,0.86775,0.8681,7.20,2.30
2010.06.08 03:25:46.403,0.86775,0.8681,7.20,1.00
2010.06.08 03:25:46.557,0.8678,0.86815,2.40,3.90
2010.06.08 03:25:46.714,0.8678,0.86815,3.20,1.60
2010.06.08 03:25:46.876,0.86785,0.86815,1.00,1.60
2010.06.08 03:25:47.137,0.86785,0.8682,2.40,2.30
2010.06.08 03:25:56.205,0.86785,0.86815,2.40,1.60
2010.06.08 03:26:13.343,0.86785,0.8682,2.40,3.90
2010.06.08 03:26:23.685,0.86785,0.86815,1.60,1.00
2010.06.08 03:26:23.783,0.8678,0.86815,2.40,2.30
2010.06.08 03:26:25.123,0.8678,0.86815,2.40,3.90
2010.06.08 03:26:32.793,0.8678,0.86815,2.40,2.30
2010.06.08 03:26:32.888,0.86775,0.8681,1.00,2.30
2010.06.08 03:26:33.369,0.86775,0.8681,1.00,3.90
2010.06.08 03:26:35.064,0.86775,0.86805,1.00,1.60
2010.06.08 03:26:35.404,0.86775,0.8681,1.00,3.90
2010.06.08 03:26:35.683,0.86775,0.86805,1.00,1.60
2010.06.08 03:26:36.837,0.86775,0.8681,1.00,3.90
2010.06.08 03:26:37.583,0.86775,0.86805,1.00,1.60
2010.06.08 03:26:37.844,0.86775,0.8681,1.00,3.90
2010.06.08 03:26:38.135,0.86775,0.86805,1.00,1.60
2010.06.08 03:26:39.567,0.86775,0.8681,1.00,3.90
2010.06.08 03:26:39.694,0.86775,0.8681,1.00,4.00
2010.06.08 03:26:39.824,0.86775,0.8681,1.00,3.90
2010.06.08 03:26:49.815,0.86775,0.86805,1.00,1.60
2010.06.08 03:26:51.216,0.86775,0.8681,2.40,3.90
2010.06.08 03:26:51.700,0.86775,0.8681,4.00,3.90
2010.06.08 03:26:52.875,0.86775,0.8681,4.00,2.30
2010.06.08 03:26:53.577,0.86775,0.8681,4.00,3.90
2010.06.08 03:26:55.909,0.8678,0.8681,1.00,3.20
2010.06.08 03:26:56.215,0.86785,0.8682,2.40,3.90
2010.06.08 03:27:00.628,0.8678,0.86815,2.40,3.90
2010.06.08 03:27:07.844,0.8678,0.86815,2.40,4.70
2010.06.08 03:27:08.265,0.86775,0.8681,2.40,1.00
2010.06.08 03:27:09.045,0.86775,0.8681,2.40,2.30
2010.06.08 03:27:11.357,0.86775,0.8681,4.00,1.00
2010.06.08 03:27:11.917,0.86775,0.8681,2.40,2.30
2010.06.08 03:27:16.724,0.86775,0.8681,2.40,3.90
2010.06.08 03:27:22.816,0.8678,0.86815,1.00,3.90
2010.06.08 03:27:26.286,0.8678,0.8681,1.00,1.60
2010.06.08 03:27:28.754,0.8678,0.8681,2.40,1.60
2010.06.08 03:27:32.825,0.8678,0.86815,2.40,3.90
2010.06.08 03:27:33.245,0.8678,0.86815,4.80,2.30
2010.06.08 03:27:33.304,0.8679,0.8682,1.00,1.60
2010.06.08 03:27:37.224,0.8679,0.8682,2.40,1.60
2010.06.08 03:27:40.274,0.8679,0.86825,2.40,3.90
2010.06.08 03:27:40.383,0.8679,0.8682,2.40,1.60
2010.06.08 03:27:40.895,0.8679,0.86825,2.40,3.90
2010.06.08 03:27:41.223,0.8679,0.8682,2.40,1.60
2010.06.08 03:27:42.955,0.8679,0.86825,2.40,3.90
2010.06.08 03:27:46.064,0.8679,0.8682,2.40,1.60
2010.06.08 03:27:46.584,0.8679,0.8682,1.00,1.60
2010.06.08 03:27:47.894,0.86785,0.8682,4.00,3.90
2010.06.08 03:27:48.775,0.86785,0.8682,2.40,3.90
2010.06.08 03:27:48.985,0.86785,0.8682,2.40,4.70
2010.06.08 03:27:49.196,0.86785,0.86815,2.40,1.60
2010.06.08 03:27:49.636,0.8678,0.86815,2.40,3.90
2010.06.08 03:27:54.266,0.8678,0.86815,2.40,4.70
2010.06.08 03:27:54.849,0.8678,0.8681,1.00,1.60
2010.06.08 03:27:54.906,0.8678,0.8681,1.00,4.00
2010.06.08 03:27:55.250,0.86775,0.86805,2.40,1.60
2010.06.08 03:27:55.598,0.8677,0.86805,3.90,2.30
2010.06.08 03:27:55.965,0.8677,0.86805,2.30,2.30
2010.06.08 03:27:56.304,0.8677,0.868,2.30,1.60
2010.06.08 03:27:56.649,0.8677,0.86805,1.00,6.30
2010.06.08 03:27:57.184,0.86765,0.868,3.90,1.00
2010.06.08 03:27:57.449,0.86765,0.868,2.40,3.90
2010.06.08 03:28:02.328,0.86765,0.868,5.60,2.30
2010.06.08 03:28:02.497,0.8677,0.868,1.00,2.30
2010.06.08 03:28:12.545,0.86775,0.86805,1.00,1.60
2010.06.08 03:28:12.754,0.86785,0.8681,1.60,1.60
2010.06.08 03:28:12.953,0.8679,0.86815,1.60,1.60
2010.06.08 03:28:13.403,0.86785,0.8682,13.70,1.60
2010.06.08 03:28:13.600,0.86785,0.8682,2.30,2.40
2010.06.08 03:28:14.289,0.86785,0.86815,1.00,1.60
2010.06.08 03:28:15.020,0.86785,0.8682,1.00,4.00
2010.06.08 03:28:19.105,0.86785,0.8682,2.30,4.00
2010.06.08 03:28:33.403,0.86785,0.8682,1.00,4.00
2010.06.08 03:28:43.748,0.86785,0.86815,1.00,1.60
2010.06.08 03:28:43.844,0.8678,0.86815,2.30,2.40
2010.06.08 03:28:43.944,0.8678,0.86815,2.30,4.00
2010.06.08 03:28:46.549,0.8678,0.8681,1.00,1.60
2010.06.08 03:28:46.706,0.86775,0.8681,3.90,2.40
2010.06.08 03:28:46.857,0.86775,0.8681,2.30,4.00
2010.06.08 03:28:47.537,0.86775,0.86805,2.30,1.60
2010.06.08 03:28:47.878,0.8677,0.86805,2.30,2.40
2010.06.08 03:28:48.115,0.8677,0.86805,1.00,4.00
2010.06.08 03:29:02.874,0.8677,0.868,1.00,1.60
2010.06.08 03:29:03.014,0.86765,0.868,5.50,2.40
2010.06.08 03:29:03.154,0.86765,0.868,5.50,4.00
2010.06.08 03:29:03.295,0.86765,0.868,1.00,4.00
2010.06.08 03:29:07.348,0.86765,0.868,1.00,4.10
2010.06.08 03:29:07.443,0.86765,0.86795,1.00,1.60
2010.06.08 03:29:07.984,0.86765,0.868,1.00,4.10
2010.06.08 03:29:09.557,0.86765,0.868,1.00,4.10
2010.06.08 03:29:10.216,0.86765,0.86795,1.00,1.00
2010.06.08 03:29:10.428,0.86765,0.86795,1.00,1.70
2010.06.08 03:29:14.004,0.86765,0.86795,1.00,1.60
2010.06.08 03:29:14.064,0.8676,0.86795,2.30,4.00
2010.06.08 03:29:14.224,0.8676,0.86795,5.50,4.00
2010.06.08 03:29:14.601,0.8676,0.86795,3.90,4.00
2010.06.08 03:29:14.956,0.86755,0.8679,2.30,2.40
2010.06.08 03:29:16.184,0.86755,0.8679,2.30,4.00
2010.06.08 03:29:16.864,0.86755,0.8679,3.90,4.00
2010.06.08 03:29:18.724,0.86755,0.8679,2.30,4.00
2010.06.08 03:29:21.011,0.86755,0.8679,2.30,2.40
2010.06.08 03:29:21.996,0.86755,0.8679,2.30,4.00
2010.06.08 03:29:29.698,0.86755,0.8679,5.50,2.40
2010.06.08 03:29:33.442,0.86755,0.8679,5.50,4.00
2010.06.08 03:29:34.394,0.86755,0.8679,3.90,4.00
2010.06.08 03:29:34.731,0.86755,0.8679,2.30,4.00
2010.06.08 03:29:35.196,0.86755,0.8679,1.00,4.00
2010.06.08 03:29:40.017,0.8675,0.86785,2.30,3.20
2010.06.08 03:29:40.144,0.8675,0.86785,2.30,4.80
2010.06.08 03:29:40.199,0.8675,0.86785,1.00,4.80
2010.06.08 03:29:40.435,0.8675,0.86785,1.00,4.00
2010.06.08 03:29:40.635,0.8675,0.86785,2.30,4.00
2010.06.08 03:29:42.455,0.8675,0.86785,2.30,2.40
2010.06.08 03:29:42.695,0.8675,0.86785,3.90,2.40
2010.06.08 03:29:43.664,0.8675,0.86785,2.30,2.40
2010.06.08 03:29:43.818,0.8675,0.86785,1.00,4.00
2010.06.08 03:29:44.228,0.86745,0.8678,3.90,2.40
2010.06.08 03:29:44.546,0.86745,0.8678,1.60,2.40
2010.06.08 03:29:44.715,0.86745,0.8678,1.60,4.00
2010.06.08 03:29:46.055,0.86745,0.86775,1.60,2.40
2010.06.08 03:29:46.226,0.8674,0.86775,2.30,4.00
2010.06.08 03:29:46.396,0.8674,0.86775,1.00,6.40
2010.06.08 03:29:46.565,0.8674,0.86765,1.00,1.60
2010.06.08 03:29:46.949,0.86735,0.8677,3.90,2.40
2010.06.08 03:29:47.216,0.86735,0.86765,3.90,1.60
2010.06.08 03:29:48.828,0.86735,0.86765,2.30,1.60
2010.06.08 03:29:51.393,0.86735,0.86765,3.90,1.60
2010.06.08 03:29:52.003,0.86735,0.86765,1.60,1.60
2010.06.08 03:29:52.244,0.8673,0.86765,3.90,1.60
2010.06.08 03:29:52.764,0.8673,0.86765,4.10,1.60
2010.06.08 03:29:53.395,0.86735,0.86765,1.70,1.60
2010.06.08 03:29:53.645,0.86735,0.86765,3.30,1.60
2010.06.08 03:29:53.804,0.86735,0.8677,3.20,4.00
2010.06.08 03:29:56.765,0.86735,0.8677,3.30,4.00
2010.06.08 03:29:57.250,0.86735,0.8677,5.70,4.00
2010.06.08 03:29:58.373,0.86735,0.8677,5.50,4.00
2010.06.08 03:29:58.524,0.86735,0.8677,5.70,4.00
2010.06.08 03:29:59.387,0.86735,0.86765,5.70,1.60
2010.06.08 03:29:59.918,0.86745,0.8677,1.60,1.60
2010.06.08 03:30:00.096,0.86745,0.8677,3.20,1.60
2010.06.08 03:30:00.275,0.86745,0.86775,5.50,1.60
2010.06.08 03:30:01.378,0.8675,0.8678,1.00,4.00
2010.06.08 03:30:01.865,0.8675,0.8678,2.30,2.40
2010.06.08 03:30:02.114,0.8675,0.8678,2.30,1.60
2010.06.08 03:30:02.365,0.8675,0.86785,2.30,4.00
2010.06.08 03:30:02.803,0.8675,0.86785,3.90,4.00
2010.06.08 03:30:04.314,0.8675,0.86785,3.90,2.40
2010.06.08 03:30:04.454,0.8675,0.86785,3.90,4.00
2010.06.08 03:30:07.515,0.8675,0.86785,3.90,3.20
2010.06.08 03:30:08.041,0.86755,0.86785,1.60,1.60
2010.06.08 03:30:08.297,0.86755,0.8679,1.60,4.00
2010.06.08 03:30:12.413,0.8675,0.86785,11.30,1.60
2010.06.08 03:30:12.849,0.8675,0.86785,9.70,1.60
2010.06.08 03:30:12.965,0.8675,0.86785,11.30,1.60
2010.06.08 03:30:15.324,0.86755,0.86785,1.60,1.60
2010.06.08 03:30:31.114,0.86755,0.86785,3.90,1.60
2010.06.08 03:30:31.294,0.86755,0.8679,3.90,4.00
2010.06.08 03:30:36.928,0.8676,0.8679,1.00,1.60
2010.06.08 03:30:37.715,0.8676,0.86795,2.30,4.00
2010.06.08 03:30:41.264,0.8676,0.8679,1.00,1.60
2010.06.08 03:30:48.043,0.8676,0.86795,5.50,4.00
2010.06.08 03:30:48.136,0.86765,0.86795,1.60,2.40
2010.06.08 03:30:48.239,0.86765,0.86795,1.60,1.60
2010.06.08 03:30:48.524,0.86765,0.86795,3.20,1.60
2010.06.08 03:30:49.128,0.8677,0.868,3.90,1.60
2010.06.08 03:30:49.470,0.8677,0.86805,2.30,1.60
2010.06.08 03:30:50.294,0.8677,0.86805,2.30,4.00
2010.06.08 03:30:53.387,0.86775,0.86805,1.60,2.40
2010.06.08 03:30:54.035,0.86775,0.8681,1.60,4.00
2010.06.08 03:30:54.365,0.86775,0.86805,1.00,1.60
2010.06.08 03:30:55.160,0.86775,0.86805,2.30,1.60
2010.06.08 03:30:55.506,0.86775,0.8681,5.50,4.00
2010.06.08 03:30:55.845,0.8678,0.8681,1.60,4.00
2010.06.08 03:30:57.038,0.8678,0.86815,2.30,4.00
2010.06.08 03:30:57.271,0.8678,0.8681,2.30,1.60
2010.06.08 03:30:57.558,0.8678,0.86815,2.30,4.00
2010.06.08 03:30:58.410,0.8678,0.8681,3.90,1.60
2010.06.08 03:30:58.674,0.86785,0.8681,1.00,1.60
2010.06.08 03:30:58.927,0.86785,0.86815,2.30,1.60
2010.06.08 03:30:59.513,0.86785,0.86815,3.90,1.60
2010.06.08 03:31:01.345,0.86785,0.86815,5.50,1.60
2010.06.08 03:31:02.116,0.86785,0.8682,5.70,4.00
2010.06.08 03:31:02.455,0.8679,0.8682,1.60,4.00
2010.06.08 03:31:04.175,0.8679,0.8682,1.60,5.60
2010.06.08 03:31:05.784,0.8679,0.86815,1.60,1.60
2010.06.08 03:31:06.818,0.86785,0.86815,5.50,1.60
2010.06.08 03:31:07.717,0.86785,0.86815,3.90,1.60
2010.06.08 03:31:07.965,0.86785,0.86815,2.30,1.60
2010.06.08 03:31:09.359,0.8679,0.8682,3.90,1.60
2010.06.08 03:31:09.667,0.8679,0.86825,3.90,4.00
2010.06.08 03:31:09.949,0.86795,0.86825,2.30,1.60
2010.06.08 03:31:10.520,0.868,0.86835,3.90,2.40
2010.06.08 03:31:12.585,0.868,0.8683,3.90,1.60
2010.06.08 03:31:12.973,0.868,0.8683,2.30,1.60
2010.06.08 03:31:13.117,0.868,0.86825,1.00,1.60
2010.06.08 03:31:13.366,0.868,0.8682,1.00,1.60
2010.06.08 03:31:13.615,0.86795,0.8682,2.30,1.60
2010.06.08 03:31:14.619,0.8679,0.8682,3.90,1.60
2010.06.08 03:31:14.840,0.8679,0.8682,2.30,1.60
2010.06.08 03:31:15.057,0.8679,0.86815,1.00,1.60
2010.06.08 03:31:15.277,0.8679,0.86815,2.30,1.60
2010.06.08 03:31:16.702,0.8679,0.86815,2.50,1.60
2010.06.08 03:31:16.920,0.86795,0.86825,3.90,1.60
2010.06.08 03:31:17.135,0.86795,0.86825,5.50,1.60
2010.06.08 03:31:17.355,0.86795,0.8683,5.50,4.00
2010.06.08 03:31:17.837,0.86795,0.86825,5.50,1.60
2010.06.08 03:31:19.027,0.86795,0.86825,1.00,1.60
2010.06.08 03:31:20.546,0.86795,0.86825,2.30,1.60
2010.06.08 03:31:20.727,0.86795,0.86825,3.90,1.60
2010.06.08 03:31:22.388,0.868,0.86825,1.60,1.60
2010.06.08 03:31:22.724,0.86795,0.8682,3.90,1.60
2010.06.08 03:31:24.535,0.86795,0.8682,4.10,1.60
2010.06.08 03:31:26.968,0.86795,0.8682,3.90,1.60
2010.06.08 03:31:29.480,0.86795,0.8682,4.10,1.60
2010.06.08 03:31:29.684,0.86795,0.8682,3.90,1.60
2010.06.08 03:31:29.825,0.86795,0.8682,2.30,1.60
2010.06.08 03:31:29.964,0.8679,0.8682,2.30,1.60
2010.06.08 03:31:30.104,0.8679,0.8682,1.00,1.60
2010.06.08 03:31:30.384,0.86785,0.8682,5.70,1.60
2010.06.08 03:31:30.795,0.86785,0.8682,5.70,4.00
2010.06.08 03:31:31.408,0.86785,0.8682,5.50,4.00
2010.06.08 03:31:31.646,0.86785,0.86815,3.90,1.60
2010.06.08 03:31:31.886,0.86785,0.86815,1.00,2.40
2010.06.08 03:31:32.136,0.86785,0.86815,2.30,2.40
2010.06.08 03:31:33.116,0.86785,0.86815,1.00,2.40
2010.06.08 03:31:33.285,0.86785,0.8681,1.00,1.60
2010.06.08 03:31:33.614,0.8678,0.8681,3.90,1.60
2010.06.08 03:31:36.994,0.8678,0.8681,1.00,1.60
2010.06.08 03:31:37.106,0.86775,0.8681,3.90,1.60
2010.06.08 03:31:37.215,0.86775,0.8681,3.90,4.00
2010.06.08 03:31:40.774,0.8678,0.8681,1.60,4.00
2010.06.08 03:31:41.585,0.8678,0.8681,1.60,3.20
2010.06.08 03:31:41.925,0.8678,0.8681,1.60,2.40
2010.06.08 03:31:42.264,0.8678,0.8681,1.60,4.00
2010.06.08 03:31:42.785,0.86775,0.8681,5.50,4.00
2010.06.08 03:31:42.969,0.86775,0.8681,2.30,4.00
2010.06.08 03:31:48.554,0.86775,0.8681,3.90,4.00
2010.06.08 03:31:48.685,0.8678,0.8681,1.60,4.00
2010.06.08 03:31:51.777,0.86775,0.8681,4.10,4.00
2010.06.08 03:31:52.051,0.8678,0.8681,1.60,4.00
2010.06.08 03:31:52.587,0.86775,0.8681,5.50,4.00
2010.06.08 03:31:52.858,0.86775,0.8681,3.90,4.00
2010.06.08 03:31:55.415,0.86775,0.8681,4.10,4.00
2010.06.08 03:31:55.645,0.8678,0.8681,1.60,2.40
2010.06.08 03:31:56.113,0.86785,0.86815,2.30,1.60
2010.06.08 03:31:56.343,0.8679,0.8682,1.60,2.40
2010.06.08 03:31:56.692,0.86795,0.86825,1.00,1.60
2010.06.08 03:31:57.288,0.86795,0.8683,2.30,4.00
2010.06.08 03:31:57.624,0.86795,0.8683,2.30,2.40
2010.06.08 03:31:58.725,0.86795,0.8683,3.90,4.00
2010.06.08 03:31:59.573,0.86795,0.8683,2.30,4.00
2010.06.08 03:31:59.749,0.8679,0.86825,2.30,1.00
2010.06.08 03:31:59.928,0.8679,0.8682,2.30,2.40
2010.06.08 03:32:00.106,0.8679,0.8682,1.00,2.40
2010.06.08 03:32:00.975,0.8679,0.8682,1.00,4.00
2010.06.08 03:32:01.318,0.86785,0.8682,3.90,4.00
2010.06.08 03:32:08.136,0.86785,0.86815,1.00,1.60
2010.06.08 03:32:08.434,0.8678,0.86815,3.90,1.60
2010.06.08 03:32:09.458,0.86785,0.8682,1.60,4.00
2010.06.08 03:32:09.899,0.86785,0.8682,2.30,4.00
2010.06.08 03:32:10.172,0.868,0.8682,1.00,2.40
2010.06.08 03:32:10.451,0.868,0.8683,1.00,1.00
2010.06.08 03:32:10.802,0.86815,0.8684,1.00,2.40
2010.06.08 03:32:11.150,0.86815,0.8684,1.00,1.00
2010.06.08 03:32:11.497,0.86815,0.8684,1.00,2.40
2010.06.08 03:32:12.516,0.86815,0.8684,1.00,1.00
2010.06.08 03:32:13.253,0.8681,0.8684,1.60,1.00
2010.06.08 03:32:14.874,0.8681,0.8684,1.60,2.40
2010.06.08 03:32:15.804,0.86805,0.8684,5.50,2.40
2010.06.08 03:32:16.708,0.86805,0.86835,1.60,4.00
2010.06.08 03:32:17.034,0.868,0.8683,3.90,1.60
2010.06.08 03:32:17.351,0.868,0.8683,1.00,1.60
2010.06.08 03:32:18.087,0.8679,0.86825,3.90,1.60
2010.06.08 03:32:18.374,0.8679,0.8682,2.30,1.60
2010.06.08 03:32:21.263,0.8679,0.86825,2.30,4.00
2010.06.08 03:32:21.442,0.86795,0.86825,1.60,2.40
2010.06.08 03:32:21.619,0.86795,0.8683,5.50,2.40
2010.06.08 03:32:23.615,0.868,0.8683,1.60,2.40
2010.06.08 03:32:23.856,0.868,0.8683,2.30,1.60
2010.06.08 03:32:27.624,0.868,0.86835,2.50,5.60
2010.06.08 03:32:28.484,0.868,0.86835,2.30,5.60
2010.06.08 03:32:28.774,0.868,0.86835,2.50,5.60
2010.06.08 03:32:30.103,0.868,0.8683,2.50,1.00
2010.06.08 03:32:30.431,0.868,0.8683,1.60,1.00
2010.06.08 03:32:30.781,0.8679,0.86825,3.90,4.00
2010.06.08 03:32:31.392,0.8679,0.8682,1.60,1.60
2010.06.08 03:32:31.670,0.86785,0.86815,1.00,1.60
2010.06.08 03:32:32.684,0.86785,0.8682,2.30,4.00
2010.06.08 03:32:34.446,0.86785,0.8682,3.90,4.00
2010.06.08 03:32:34.858,0.8679,0.8682,1.60,2.40
2010.06.08 03:32:35.103,0.86785,0.8682,3.90,2.40
2010.06.08 03:32:35.346,0.86785,0.8682,3.90,4.00
2010.06.08 03:32:36.386,0.86785,0.8682,2.30,4.00
2010.06.08 03:32:36.786,0.86785,0.86815,1.00,1.60
2010.06.08 03:32:36.929,0.8678,0.86815,2.30,4.00
2010.06.08 03:32:37.067,0.8678,0.86815,1.00,5.60
2010.06.08 03:32:37.207,0.86775,0.86815,3.90,5.60
2010.06.08 03:32:37.346,0.86775,0.8681,3.90,1.60
2010.06.08 03:32:37.486,0.86775,0.8681,3.90,2.40
2010.06.08 03:32:37.624,0.86775,0.8681,3.90,4.00
2010.06.08 03:32:41.435,0.86775,0.8681,3.90,2.40
2010.06.08 03:32:41.706,0.86785,0.8681,1.60,2.40
2010.06.08 03:32:42.048,0.8678,0.8681,1.60,2.40
2010.06.08 03:32:42.317,0.8678,0.86815,3.90,4.00
2010.06.08 03:32:49.875,0.8678,0.86815,2.30,4.00
2010.06.08 03:32:50.105,0.8678,0.86815,3.90,5.60
2010.06.08 03:32:51.365,0.8678,0.8681,2.30,1.60
2010.06.08 03:32:51.525,0.86775,0.8681,3.90,2.40
2010.06.08 03:32:51.955,0.86775,0.8681,3.90,1.00
2010.06.08 03:32:53.387,0.86775,0.8681,3.90,2.40
2010.06.08 03:32:53.787,0.8678,0.8681,1.60,1.00
2010.06.08 03:32:55.432,0.86785,0.86815,1.60,1.00
2010.06.08 03:32:55.768,0.86795,0.8682,1.60,1.60
2010.06.08 03:32:56.224,0.86795,0.86825,1.60,4.00
2010.06.08 03:33:01.797,0.86795,0.86825,1.60,2.40
2010.06.08 03:33:02.076,0.86795,0.86825,1.60,4.00
2010.06.08 03:33:04.204,0.8679,0.86825,2.30,5.60
2010.06.08 03:33:04.405,0.8679,0.8682,1.60,1.00
2010.06.08 03:33:04.606,0.86785,0.8682,3.90,4.00
2010.06.08 03:33:04.805,0.86785,0.86815,3.20,1.00
2010.06.08 03:33:05.005,0.86785,0.86815,1.60,1.00
2010.06.08 03:33:06.278,0.8679,0.86815,1.60,1.00
2010.06.08 03:33:06.454,0.8679,0.8682,1.60,2.40
2010.06.08 03:33:06.656,0.86795,0.8682,1.60,2.40
2010.06.08 03:33:07.525,0.86795,0.86825,1.60,4.00
2010.06.08 03:33:08.518,0.86795,0.86825,1.60,5.60
2010.06.08 03:33:08.955,0.8679,0.8682,1.60,2.40
2010.06.08 03:33:09.451,0.86795,0.86825,1.60,1.00
2010.06.08 03:33:10.535,0.8679,0.86825,3.90,1.00
2010.06.08 03:33:16.135,0.86795,0.86825,1.60,1.00
2010.06.08 03:33:19.967,0.868,0.86825,1.00,1.00
2010.06.08 03:33:20.311,0.868,0.8683,1.60,4.00
2010.06.08 03:33:20.388,0.868,0.8683,1.60,2.40
2010.06.08 03:33:23.666,0.86805,0.8683,3.20,2.40
2010.06.08 03:33:23.838,0.86805,0.86835,3.20,2.40
2010.06.08 03:33:24.307,0.8681,0.86835,1.60,2.40
2010.06.08 03:33:24.582,0.8681,0.86835,1.60,1.00
2010.06.08 03:33:24.859,0.86815,0.8684,2.00,2.40
2010.06.08 03:33:25.268,0.86825,0.86845,1.60,5.60
2010.06.08 03:33:25.614,0.8683,0.8686,2.00,2.40
2010.06.08 03:33:26.207,0.86835,0.8686,4.40,1.00
2010.06.08 03:33:26.550,0.86845,0.8687,1.60,6.50
2010.06.08 03:33:26.897,0.86845,0.8687,1.60,4.00
2010.06.08 03:33:27.577,0.86845,0.8687,2.00,4.00
2010.06.08 03:33:28.257,0.86845,0.86865,1.00,2.40
2010.06.08 03:33:28.436,0.8684,0.86865,1.60,2.40
2010.06.08 03:33:28.844,0.8683,0.8686,5.10,1.60
2010.06.08 03:33:29.018,0.8683,0.8686,2.00,2.40
2010.06.08 03:33:29.358,0.86825,0.8686,5.10,2.40
2010.06.08 03:33:29.697,0.86825,0.86855,3.50,1.00
2010.06.08 03:33:30.038,0.86825,0.86855,3.10,1.00
2010.06.08 03:33:30.356,0.86825,0.86855,2.30,1.00
2010.06.08 03:33:31.567,0.86825,0.86855,1.60,1.60
2010.06.08 03:33:32.194,0.8682,0.86855,1.60,3.20
2010.06.08 03:33:32.531,0.86825,0.8685,1.60,2.40
2010.06.08 03:33:32.866,0.8682,0.8685,1.60,2.40
2010.06.08 03:33:34.635,0.86815,0.8685,4.10,2.40
2010.06.08 03:33:34.805,0.86815,0.8685,3.90,2.40
2010.06.08 03:33:34.977,0.86825,0.86855,2.00,2.40
2010.06.08 03:33:35.418,0.8683,0.8686,1.60,8.80
2010.06.08 03:33:35.716,0.8683,0.8686,1.60,2.40
2010.06.08 03:33:36.016,0.8683,0.8686,1.60,1.00
2010.06.08 03:33:37.766,0.86835,0.86865,2.30,1.60
2010.06.08 03:33:38.084,0.8684,0.86875,2.30,5.60
2010.06.08 03:33:38.399,0.8684,0.86875,3.50,2.40
2010.06.08 03:33:38.707,0.86845,0.86875,1.60,2.40
2010.06.08 03:33:39.969,0.86845,0.86875,1.60,1.00
2010.06.08 03:33:40.152,0.8684,0.86875,1.00,2.40
2010.06.08 03:33:40.339,0.8684,0.8687,1.00,1.00
2010.06.08 03:33:42.216,0.86845,0.8688,1.60,2.40
2010.06.08 03:33:42.467,0.8685,0.86885,2.30,2.40
2010.06.08 03:33:42.890,0.8685,0.8689,3.90,4.00
2010.06.08 03:33:43.152,0.86865,0.86895,1.00,2.50
2010.06.08 03:33:43.450,0.86865,0.869,1.60,1.60
2010.06.08 03:33:43.937,0.8687,0.869,1.00,1.60
2010.06.08 03:33:44.906,0.86875,0.869,2.40,1.60
2010.06.08 03:33:45.247,0.8688,0.86905,1.00,5.60
2010.06.08 03:33:45.593,0.8688,0.8691,2.00,5.60
2010.06.08 03:33:45.910,0.86885,0.8691,1.60,2.40
2010.06.08 03:33:46.238,0.86885,0.86915,2.00,5.60
2010.06.08 03:33:47.239,0.8688,0.8691,5.10,1.60
2010.06.08 03:33:47.575,0.8688,0.86915,5.10,5.60
2010.06.08 03:33:47.920,0.8688,0.8691,1.00,1.00
2010.06.08 03:33:48.511,0.86885,0.8691,1.60,1.00
2010.06.08 03:33:48.802,0.8688,0.8691,1.00,3.20
2010.06.08 03:33:49.089,0.86875,0.8691,5.10,3.20
2010.06.08 03:33:49.478,0.86875,0.86905,3.10,2.40
2010.06.08 03:33:49.758,0.86875,0.8691,5.10,3.20
2010.06.08 03:33:50.775,0.86875,0.8691,4.90,2.40
2010.06.08 03:33:51.284,0.8688,0.86915,2.30,2.40
2010.06.08 03:33:51.548,0.8688,0.86915,2.70,3.20
2010.06.08 03:33:51.845,0.8688,0.86915,2.70,6.40
2010.06.08 03:33:52.275,0.8688,0.86915,3.50,6.40
2010.06.08 03:33:52.915,0.8688,0.86915,3.50,4.80
2010.06.08 03:33:53.890,0.86885,0.86915,1.00,2.40
2010.06.08 03:33:56.378,0.86885,0.86915,1.00,3.20
2010.06.08 03:33:56.719,0.86875,0.86905,3.90,2.40
2010.06.08 03:33:57.884,0.8688,0.8691,1.00,9.60
2010.06.08 03:33:58.467,0.86875,0.86905,2.30,2.40
2010.06.08 03:33:59.842,0.8687,0.86905,5.10,3.20
2010.06.08 03:34:00.166,0.86875,0.86905,1.60,3.20
2010.06.08 03:34:00.825,0.86875,0.86905,1.60,2.40
2010.06.08 03:34:01.297,0.86875,0.86905,1.60,1.00
2010.06.08 03:34:01.517,0.8687,0.86905,6.70,3.20
2010.06.08 03:34:01.735,0.86875,0.86905,1.60,3.20
2010.06.08 03:34:02.195,0.86875,0.86905,1.60,1.60
2010.06.08 03:34:02.420,0.86875,0.86905,2.00,1.00
2010.06.08 03:34:02.636,0.86875,0.8691,5.10,3.20
2010.06.08 03:34:03.079,0.86875,0.86905,3.10,3.20
2010.06.08 03:34:03.292,0.86875,0.86905,1.00,3.20
2010.06.08 03:34:05.375,0.86875,0.86905,2.30,3.20
2010.06.08 03:34:05.546,0.86875,0.86905,1.00,4.80
2010.06.08 03:34:07.275,0.8688,0.86905,1.60,4.00
2010.06.08 03:34:07.616,0.8688,0.86905,2.00,2.40
2010.06.08 03:34:08.467,0.86875,0.86905,3.50,4.00
2010.06.08 03:34:09.012,0.8688,0.86905,2.00,2.40
2010.06.08 03:34:09.359,0.86875,0.86905,2.70,4.80
2010.06.08 03:34:09.697,0.86875,0.86905,1.00,4.80
2010.06.08 03:34:09.976,0.8687,0.869,3.50,1.60
2010.06.08 03:34:10.493,0.8687,0.869,2.70,1.60
2010.06.08 03:34:12.190,0.8687,0.86905,2.70,6.40
2010.06.08 03:34:13.465,0.8687,0.869,2.70,1.60
2010.06.08 03:34:13.949,0.8687,0.869,1.10,1.60
2010.06.08 03:34:14.186,0.8687,0.869,2.70,1.60
2010.06.08 03:34:15.206,0.8687,0.869,1.10,1.60
2010.06.08 03:34:15.779,0.86875,0.86905,1.60,4.80
2010.06.08 03:34:19.215,0.8687,0.86905,3.50,6.40
2010.06.08 03:34:22.985,0.8687,0.869,1.90,1.60
2010.06.08 03:34:23.344,0.8687,0.869,1.10,2.40
2010.06.08 03:34:23.705,0.8687,0.86905,2.30,6.40
2010.06.08 03:34:24.195,0.8687,0.86905,3.50,6.40
2010.06.08 03:34:25.783,0.86885,0.86905,1.60,1.60
2010.06.08 03:34:26.121,0.8688,0.86905,1.60,1.60
2010.06.08 03:34:27.071,0.8688,0.8691,1.60,5.60
2010.06.08 03:34:28.953,0.8688,0.8691,1.60,4.00
2010.06.08 03:34:29.279,0.8688,0.8691,1.60,5.60
2010.06.08 03:34:29.556,0.8688,0.86905,1.60,3.20
2010.06.08 03:34:30.102,0.86885,0.86915,6.30,1.60
2010.06.08 03:34:30.382,0.86895,0.86925,4.30,4.90
2010.06.08 03:34:30.727,0.86895,0.86925,2.70,2.40
2010.06.08 03:34:31.067,0.86895,0.86925,2.30,2.40
2010.06.08 03:34:31.747,0.86895,0.86925,3.90,1.00
2010.06.08 03:34:32.351,0.86895,0.86925,3.90,2.40
2010.06.08 03:34:34.129,0.86895,0.8692,2.30,1.60
2010.06.08 03:34:34.509,0.8689,0.86925,3.90,2.40
2010.06.08 03:34:34.739,0.8689,0.8692,3.90,1.60
2010.06.08 03:34:35.366,0.8689,0.86925,3.90,2.40
2010.06.08 03:34:37.266,0.8689,0.8692,3.90,1.60
2010.06.08 03:34:37.606,0.8689,0.86925,4.50,2.40
2010.06.08 03:34:37.928,0.86895,0.86925,1.60,2.40
2010.06.08 03:34:38.231,0.869,0.8693,3.20,4.00
2010.06.08 03:34:38.527,0.86905,0.8693,1.60,2.40
2010.06.08 03:34:39.253,0.86915,0.8693,1.60,2.40
2010.06.08 03:34:39.601,0.86915,0.86935,1.60,4.00
2010.06.08 03:34:40.277,0.86915,0.86935,1.60,2.40
2010.06.08 03:34:40.398,0.86915,0.86935,3.20,1.60
2010.06.08 03:34:40.520,0.86915,0.86945,3.20,1.00
2010.06.08 03:34:40.924,0.8692,0.8695,1.60,4.00
2010.06.08 03:34:50.405,0.86915,0.86945,5.50,1.60
2010.06.08 03:34:50.567,0.8692,0.86945,1.60,1.60
2010.06.08 03:34:51.526,0.86915,0.86945,3.90,1.60
2010.06.08 03:34:52.053,0.8692,0.8695,1.60,4.00
2010.06.08 03:34:52.394,0.86905,0.86935,1.60,1.60
2010.06.08 03:34:52.729,0.86905,0.86935,1.60,4.00
2010.06.08 03:34:53.066,0.869,0.86935,3.90,4.00
2010.06.08 03:34:53.745,0.86905,0.86935,1.60,4.00
2010.06.08 03:34:55.786,0.86905,0.8693,1.60,1.60
2010.06.08 03:34:56.134,0.86905,0.8693,1.60,3.20
2010.06.08 03:34:58.576,0.86905,0.86935,1.60,5.60
2010.06.08 03:35:01.675,0.86905,0.8693,1.60,1.60
2010.06.08 03:35:12.118,0.86905,0.86935,1.60,5.60
2010.06.08 03:35:17.738,0.86905,0.8693,1.60,1.60
2010.06.08 03:35:18.404,0.8691,0.8694,1.60,5.60
2010.06.08 03:35:18.754,0.8692,0.8694,1.60,1.60
2010.06.08 03:35:19.354,0.8692,0.86945,1.60,5.60
2010.06.08 03:35:21.225,0.86915,0.8694,1.60,1.60
2010.06.08 03:35:22.046,0.86915,0.8694,1.60,3.20
2010.06.08 03:35:22.899,0.8691,0.8694,2.30,4.00
2010.06.08 03:35:23.566,0.8691,0.8694,1.00,4.00
2010.06.08 03:35:24.244,0.8691,0.8694,2.30,4.00
2010.06.08 03:35:25.246,0.8691,0.8694,2.50,4.00
2010.06.08 03:35:25.803,0.86915,0.8694,1.60,2.40
2010.06.08 03:35:26.135,0.8691,0.8694,2.30,4.00
2010.06.08 03:35:27.849,0.86915,0.8694,1.60,4.00
2010.06.08 03:35:29.056,0.8692,0.8695,2.00,7.20
2010.06.08 03:35:29.398,0.8692,0.8695,2.00,2.40
2010.06.08 03:35:29.741,0.8692,0.8695,1.60,4.00
2010.06.08 03:35:30.557,0.86915,0.8695,3.90,4.00
2010.06.08 03:35:30.878,0.86915,0.86945,3.90,1.60
2010.06.08 03:35:34.367,0.86915,0.86945,3.90,1.70
2010.06.08 03:35:34.705,0.86915,0.86945,3.90,1.60
2010.06.08 03:35:35.046,0.86915,0.86945,1.60,4.10
2010.06.08 03:35:35.385,0.86915,0.86945,1.60,4.00
2010.06.08 03:35:36.345,0.86915,0.86945,1.60,4.10
2010.06.08 03:35:36.687,0.86915,0.8694,1.60,1.60
2010.06.08 03:35:36.855,0.86915,0.86945,1.60,4.00
2010.06.08 03:35:38.215,0.86915,0.86945,1.60,2.40
2010.06.08 03:35:39.038,0.86915,0.86945,2.80,2.40
2010.06.08 03:35:39.181,0.86925,0.8695,1.60,4.00
2010.06.08 03:35:39.319,0.8692,0.8695,3.20,4.00
2010.06.08 03:35:39.456,0.8692,0.8695,1.60,4.00
2010.06.08 03:35:39.860,0.86915,0.8695,3.90,4.00
2010.06.08 03:35:40.202,0.8692,0.8695,1.60,2.40
2010.06.08 03:35:41.658,0.8692,0.8695,1.60,4.00
2010.06.08 03:35:41.908,0.8692,0.8695,1.60,2.40
2010.06.08 03:35:42.157,0.86915,0.8695,3.90,4.00
2010.06.08 03:35:42.406,0.8692,0.8695,1.60,2.40
2010.06.08 03:35:43.005,0.8692,0.8695,1.60,4.00
2010.06.08 03:35:43.345,0.86915,0.8695,3.90,4.00
2010.06.08 03:35:43.684,0.8692,0.8695,1.60,4.00
2010.06.08 03:35:45.057,0.8692,0.8695,1.60,5.60
2010.06.08 03:35:45.235,0.86915,0.86945,3.90,1.60
2010.06.08 03:35:48.476,0.86915,0.8695,3.90,4.00
2010.06.08 03:35:50.142,0.86915,0.86945,2.30,1.60
2010.06.08 03:35:55.620,0.86915,0.8694,2.30,1.60
2010.06.08 03:35:56.031,0.86915,0.8694,1.60,1.60
2010.06.08 03:36:02.101,0.86915,0.86945,1.60,5.60
2010.06.08 03:36:02.446,0.86915,0.8694,1.60,1.60
2010.06.08 03:36:12.356,0.86915,0.8694,1.60,2.40
2010.06.08 03:36:12.595,0.8691,0.8693,1.60,1.60
2010.06.08 03:36:12.718,0.86905,0.8693,3.90,1.60
2010.06.08 03:36:12.836,0.86905,0.86925,1.60,1.60
2010.06.08 03:36:12.957,0.869,0.86925,3.90,1.60
2010.06.08 03:36:13.075,0.869,0.86925,2.30,1.60
2010.06.08 03:36:13.376,0.86895,0.86925,5.50,1.60
2010.06.08 03:36:14.866,0.86895,0.8692,5.50,1.60
2010.06.08 03:36:15.376,0.86895,0.8692,3.20,1.60
2010.06.08 03:36:15.538,0.8689,0.8692,2.30,1.60
2010.06.08 03:36:15.963,0.86885,0.86915,5.50,1.60
2010.06.08 03:36:16.128,0.86885,0.86915,3.20,2.40
2010.06.08 03:36:20.696,0.86885,0.86915,1.60,2.40
2010.06.08 03:36:20.861,0.8688,0.8691,1.60,1.00
2010.06.08 03:36:21.028,0.86875,0.8691,5.50,2.40
2010.06.08 03:36:21.196,0.8688,0.8691,1.60,2.40
2010.06.08 03:36:22.326,0.86875,0.8691,3.90,2.40
2010.06.08 03:36:25.485,0.86875,0.8691,4.10,2.40
2010.06.08 03:36:25.827,0.86875,0.8691,3.90,4.00
2010.06.08 03:36:26.166,0.8688,0.8691,1.60,2.40
2010.06.08 03:36:26.883,0.8688,0.86915,1.60,4.00
2010.06.08 03:36:29.749,0.8688,0.86915,2.00,4.00
2010.06.08 03:36:33.097,0.8688,0.86915,1.60,4.00
2010.06.08 03:36:35.382,0.8688,0.86915,1.60,5.60
2010.06.08 03:36:35.575,0.8688,0.8691,1.60,1.60
2010.06.08 03:36:35.776,0.86885,0.8691,1.60,4.00
2010.06.08 03:36:36.228,0.8689,0.86915,1.60,4.00
2010.06.08 03:36:36.330,0.86885,0.86915,3.20,4.00
2010.06.08 03:36:39.715,0.86885,0.86915,3.20,2.40
2010.06.08 03:36:40.054,0.86885,0.8692,3.20,4.00
2010.06.08 03:36:43.127,0.8689,0.8692,1.60,4.00
2010.06.08 03:37:24.774,0.86885,0.8692,5.50,4.00
2010.06.08 03:37:24.947,0.8689,0.8692,1.60,4.00
2010.06.08 03:37:25.110,0.86895,0.8692,1.60,1.60
2010.06.08 03:37:25.554,0.86895,0.8692,3.20,1.60
2010.06.08 03:37:25.902,0.86895,0.86925,3.20,2.40
2010.06.08 03:37:26.254,0.86905,0.86925,1.60,1.60
2010.06.08 03:37:26.607,0.86905,0.86935,3.20,4.00
2010.06.08 03:37:27.884,0.86905,0.8693,3.20,1.60
2010.06.08 03:37:32.758,0.869,0.8693,2.30,1.60
2010.06.08 03:37:33.037,0.86895,0.86925,2.30,1.60
2010.06.08 03:37:33.195,0.86895,0.86925,1.60,1.60
2010.06.08 03:37:33.654,0.8689,0.86925,3.90,1.60
2010.06.08 03:37:33.805,0.8689,0.86925,3.90,2.40
2010.06.08 03:37:34.650,0.86885,0.86915,6.40,2.40
2010.06.08 03:37:34.890,0.86885,0.86915,1.60,1.00
2010.06.08 03:37:35.720,0.86885,0.86915,1.60,2.40
2010.06.08 03:37:35.964,0.86885,0.86915,9.00,1.60
2010.06.08 03:37:36.204,0.86895,0.86925,1.60,2.40
2010.06.08 03:37:37.060,0.8689,0.86925,3.90,4.00
2010.06.08 03:37:37.862,0.8689,0.86925,4.10,4.00
2010.06.08 03:37:40.826,0.86895,0.86925,1.60,2.40
2010.06.08 03:37:41.096,0.869,0.86925,1.60,2.40
2010.06.08 03:37:41.776,0.86895,0.86925,3.30,2.40
2010.06.08 03:37:41.975,0.86895,0.86925,4.10,1.60
2010.06.08 03:37:42.175,0.869,0.8693,1.60,4.00
2010.06.08 03:37:44.807,0.869,0.8693,1.60,1.60
2010.06.08 03:37:50.888,0.86895,0.8693,5.70,1.60
2010.06.08 03:37:50.967,0.86895,0.8693,5.50,2.40
2010.06.08 03:37:51.184,0.86895,0.8693,5.50,4.00
2010.06.08 03:37:51.529,0.86895,0.8693,3.90,4.00
2010.06.08 03:37:52.437,0.86895,0.86925,1.60,2.40
2010.06.08 03:37:52.715,0.8689,0.86925,4.10,2.40
2010.06.08 03:37:56.751,0.8689,0.86925,3.90,2.40
2010.06.08 03:37:57.137,0.8689,0.86925,2.30,2.40
2010.06.08 03:37:57.290,0.8689,0.86915,1.00,1.60
2010.06.08 03:38:00.427,0.86885,0.86915,2.30,1.60
2010.06.08 03:38:00.740,0.86885,0.86915,5.50,1.60
2010.06.08 03:38:00.947,0.86885,0.86915,3.20,1.60
2010.06.08 03:38:01.700,0.86885,0.86915,3.90,1.60
2010.06.08 03:38:01.906,0.86885,0.86915,5.50,1.60
2010.06.08 03:38:04.125,0.86885,0.86915,3.90,1.60
2010.06.08 03:38:06.736,0.86885,0.86915,5.50,1.60
2010.06.08 03:38:07.356,0.86885,0.86915,5.90,1.60
2010.06.08 03:38:08.038,0.86885,0.86915,3.90,1.60
2010.06.08 03:38:08.380,0.86885,0.86915,1.00,1.60
2010.06.08 03:38:08.680,0.86895,0.8692,1.60,1.60
2010.06.08 03:38:11.617,0.86895,0.86915,1.60,1.60
2010.06.08 03:38:11.956,0.86885,0.86915,6.70,1.60
2010.06.08 03:38:12.119,0.86885,0.86915,3.50,1.60
2010.06.08 03:38:12.279,0.86885,0.86915,2.70,1.60
2010.06.08 03:38:12.436,0.86885,0.86915,4.30,1.60
2010.06.08 03:38:12.938,0.8689,0.8692,2.70,1.60
2010.06.08 03:38:15.604,0.86895,0.8692,4.40,1.60
2010.06.08 03:38:15.637,0.86895,0.8692,5.10,1.60
2010.06.08 03:38:16.777,0.86895,0.86925,5.10,2.40
2010.06.08 03:38:16.958,0.86895,0.8692,5.10,1.60
2010.06.08 03:38:17.137,0.86895,0.8692,4.30,1.60
2010.06.08 03:38:17.462,0.86895,0.8692,3.90,1.60
2010.06.08 03:38:17.641,0.8689,0.8692,1.60,2.40
2010.06.08 03:38:23.242,0.86885,0.8692,5.70,2.40
2010.06.08 03:38:25.575,0.8689,0.8692,1.60,2.40
2010.06.08 03:38:25.885,0.86885,0.86915,5.70,1.60
2010.06.08 03:38:29.778,0.86885,0.86915,5.50,1.60
2010.06.08 03:38:30.108,0.86885,0.86915,5.70,1.60
2010.06.08 03:38:30.643,0.8689,0.86915,1.00,1.60
2010.06.08 03:38:31.453,0.869,0.8692,1.00,2.40
2010.06.08 03:38:31.802,0.86905,0.86925,1.60,1.60
2010.06.08 03:38:32.129,0.86905,0.86925,2.00,1.60
2010.06.08 03:38:32.457,0.86905,0.8693,4.40,1.60
2010.06.08 03:38:32.786,0.86905,0.8693,4.30,1.60
2010.06.08 03:38:33.455,0.86905,0.86925,2.30,1.60
2010.06.08 03:38:33.797,0.86905,0.8693,4.00,1.60
2010.06.08 03:38:34.735,0.86905,0.8693,4.10,1.60
2010.06.08 03:38:35.219,0.86905,0.8693,4.00,1.60
2010.06.08 03:38:37.594,0.8691,0.8693,1.00,1.60
2010.06.08 03:38:39.584,0.86915,0.8693,1.00,1.60
2010.06.08 03:38:40.026,0.8691,0.8693,1.00,1.60
2010.06.08 03:38:41.929,0.8691,0.86935,1.70,1.60
2010.06.08 03:38:42.355,0.8691,0.86935,1.70,3.20
2010.06.08 03:38:42.475,0.8691,0.86935,1.00,3.20
2010.06.08 03:38:43.257,0.8691,0.86935,1.70,1.60
2010.06.08 03:38:43.850,0.8691,0.86935,1.60,1.60
2010.06.08 03:38:45.695,0.8691,0.86935,1.70,1.60
2010.06.08 03:38:47.485,0.86915,0.86935,1.00,1.60
2010.06.08 03:38:47.637,0.86915,0.86935,1.00,1.60
2010.06.08 03:38:47.926,0.8691,0.86935,1.70,1.60
2010.06.08 03:39:00.677,0.86915,0.86945,2.30,3.20
2010.06.08 03:39:00.839,0.86915,0.86945,2.30,1.60
2010.06.08 03:39:01.182,0.8692,0.86955,3.90,4.00
2010.06.08 03:39:01.527,0.86925,0.86955,2.30,1.60
2010.06.08 03:39:02.397,0.86925,0.86955,3.90,1.60
2010.06.08 03:39:03.116,0.86925,0.86955,4.10,1.60
2010.06.08 03:39:04.455,0.86925,0.86955,3.90,1.60
2010.06.08 03:39:05.425,0.86925,0.86955,2.30,1.60
2010.06.08 03:39:05.646,0.86925,0.86955,3.90,1.60
2010.06.08 03:39:06.140,0.86925,0.8695,1.00,1.60
2010.06.08 03:39:06.371,0.8692,0.8695,3.90,1.60
2010.06.08 03:39:10.255,0.8692,0.8695,2.30,1.60
2010.06.08 03:39:10.415,0.8692,0.8695,1.00,1.60
2010.06.08 03:39:14.078,0.8692,0.8695,1.00,1.60
2010.06.08 03:39:14.415,0.8692,0.8695,1.00,1.60
2010.06.08 03:39:14.756,0.8692,0.8695,1.00,1.60
2010.06.08 03:39:15.246,0.8692,0.8695,2.50,1.60
2010.06.08 03:39:16.285,0.8692,0.8695,2.30,1.60
2010.06.08 03:39:20.489,0.8692,0.8695,1.00,1.60
2010.06.08 03:39:26.175,0.8692,0.8695,2.30,1.60
2010.06.08 03:39:26.450,0.8692,0.8695,5.50,1.60
2010.06.08 03:39:26.680,0.86925,0.86955,1.60,4.00
2010.06.08 03:39:27.626,0.8692,0.86955,3.90,2.40
2010.06.08 03:39:28.266,0.86925,0.86955,1.60,2.40
2010.06.08 03:39:35.834,0.8692,0.86955,5.50,2.40
2010.06.08 03:39:36.075,0.8692,0.86955,3.90,2.40
2010.06.08 03:39:41.677,0.8692,0.86955,2.30,2.40
2010.06.08 03:39:43.095,0.8692,0.86955,2.30,3.30
2010.06.08 03:39:43.249,0.8692,0.8695,2.30,3.20
2010.06.08 03:39:43.945,0.8692,0.8695,2.30,1.60
2010.06.08 03:40:08.706,0.8692,0.86955,2.30,4.00
2010.06.08 03:40:10.587,0.8692,0.86955,3.90,2.40
2010.06.08 03:40:10.756,0.86925,0.86955,1.60,2.40
2010.06.08 03:40:16.547,0.8692,0.86955,5.50,2.40
2010.06.08 03:40:17.936,0.86925,0.86955,1.00,1.60
2010.06.08 03:40:18.046,0.86925,0.86955,3.90,1.60
2010.06.08 03:40:18.701,0.86925,0.8696,3.90,5.60
2010.06.08 03:40:19.158,0.86925,0.8696,5.50,5.60
2010.06.08 03:40:19.498,0.8693,0.8696,1.60,4.00
2010.06.08 03:40:19.836,0.8693,0.8696,1.00,1.60
2010.06.08 03:40:28.481,0.8693,0.8696,2.30,1.60
2010.06.08 03:40:28.905,0.8693,0.8696,3.90,1.60
2010.06.08 03:40:29.137,0.8693,0.86965,3.90,2.40
2010.06.08 03:40:34.737,0.8693,0.86965,4.10,2.40
2010.06.08 03:40:38.235,0.8693,0.86965,3.90,2.40
2010.06.08 03:40:38.315,0.8693,0.86965,4.10,2.40
2010.06.08 03:40:38.529,0.8693,0.86965,3.90,2.40
2010.06.08 03:40:38.815,0.8693,0.86965,4.10,2.40
2010.06.08 03:40:39.234,0.8693,0.86965,3.90,2.40
2010.06.08 03:40:39.403,0.8693,0.8696,1.00,1.60
2010.06.08 03:40:44.626,0.8693,0.8696,1.00,3.20
2010.06.08 03:40:44.796,0.8693,0.8696,1.00,1.60
2010.06.08 03:40:46.388,0.8693,0.86955,1.00,1.60
2010.06.08 03:40:46.619,0.8693,0.8696,1.00,1.60
2010.06.08 03:40:47.767,0.8693,0.86965,2.30,4.00
2010.06.08 03:40:48.886,0.8693,0.8696,2.30,1.60
2010.06.08 03:40:53.311,0.86935,0.86965,3.20,4.00
2010.06.08 03:40:53.559,0.86935,0.86965,3.20,1.60
2010.06.08 03:40:54.487,0.8694,0.8697,1.60,5.60
2010.06.08 03:40:55.805,0.86945,0.8697,1.60,5.60
2010.06.08 03:40:58.946,0.86945,0.8697,1.60,2.40
2010.06.08 03:40:59.368,0.86945,0.86975,1.60,4.00
2010.06.08 03:40:59.679,0.86945,0.86975,1.60,1.00
2010.06.08 03:40:59.988,0.86945,0.8698,2.30,2.40
2010.06.08 03:41:00.298,0.8695,0.86985,1.00,4.00
2010.06.08 03:41:00.628,0.8695,0.86985,2.30,1.60
2010.06.08 03:41:00.957,0.86955,0.8699,3.90,4.80
2010.06.08 03:41:06.394,0.86955,0.86985,3.90,1.60
2010.06.08 03:41:07.276,0.8696,0.8699,1.60,2.40
2010.06.08 03:41:07.791,0.86955,0.8699,5.50,3.20
2010.06.08 03:41:08.031,0.8696,0.8699,2.30,2.40
2010.06.08 03:41:08.265,0.8696,0.8699,2.30,1.00
2010.06.08 03:41:09.575,0.8696,0.8699,1.00,2.40
2010.06.08 03:41:09.916,0.8696,0.8699,1.00,1.60
2010.06.08 03:41:10.345,0.8696,0.8699,1.00,1.60
2010.06.08 03:41:10.566,0.86965,0.86995,1.60,4.00
2010.06.08 03:41:10.786,0.86965,0.86995,1.60,1.60
2010.06.08 03:41:11.006,0.86965,0.87,1.60,4.00
2010.06.08 03:41:11.846,0.8696,0.86995,4.00,4.00
2010.06.08 03:41:12.100,0.86965,0.86995,1.60,4.00
2010.06.08 03:41:12.927,0.86965,0.8699,1.60,1.60
2010.06.08 03:41:18.577,0.86965,0.86995,1.60,4.00
2010.06.08 03:41:19.267,0.86965,0.8699,1.60,1.60
2010.06.08 03:41:21.549,0.86965,0.86995,1.60,4.00
2010.06.08 03:41:23.254,0.86965,0.8699,1.60,1.00
2010.06.08 03:41:24.847,0.86965,0.86995,1.60,4.80
2010.06.08 03:41:25.189,0.86965,0.8699,1.60,1.60
2010.06.08 03:41:25.555,0.86965,0.86995,1.60,4.00
2010.06.08 03:41:26.914,0.86965,0.87,3.90,4.00
2010.06.08 03:41:28.757,0.86965,0.86995,2.30,1.60
2010.06.08 03:41:29.535,0.86965,0.87,3.90,4.00
2010.06.08 03:41:30.527,0.86965,0.87,3.90,5.60
2010.06.08 03:41:30.866,0.8697,0.87,1.60,4.00
2010.06.08 03:41:31.077,0.86965,0.86995,2.30,1.60
2010.06.08 03:41:31.449,0.86965,0.87,4.10,5.60
2010.06.08 03:41:31.663,0.8697,0.87,1.00,3.20
2010.06.08 03:41:31.959,0.8697,0.86995,1.00,1.60
2010.06.08 03:41:32.248,0.8697,0.87,1.00,3.20
2010.06.08 03:41:32.539,0.8697,0.86995,1.00,1.60
2010.06.08 03:41:33.512,0.8697,0.86995,2.30,1.60
2010.06.08 03:41:33.860,0.8698,0.87005,1.00,1.60
2010.06.08 03:41:34.651,0.8698,0.87015,2.30,4.00
2010.06.08 03:41:34.820,0.8698,0.87005,2.30,1.60
2010.06.08 03:41:36.777,0.8698,0.87005,1.00,1.60
2010.06.08 03:41:36.916,0.8698,0.87015,1.00,4.00
2010.06.08 03:41:37.394,0.86995,0.8702,1.60,1.60
2010.06.08 03:41:37.552,0.86985,0.8701,2.40,1.60
2010.06.08 03:41:37.711,0.86985,0.87015,4.00,1.60
2010.06.08 03:41:37.867,0.86985,0.8702,6.50,4.00
2010.06.08 03:41:38.148,0.86985,0.8702,5.70,4.00
2010.06.08 03:41:38.496,0.86985,0.8702,9.40,1.60
2010.06.08 03:41:38.840,0.8699,0.8702,3.90,1.60
2010.06.08 03:41:39.176,0.8699,0.8702,2.30,1.60
2010.06.08 03:41:40.747,0.86995,0.8702,1.00,1.60
2010.06.08 03:41:41.136,0.86995,0.87025,1.00,1.60
2010.06.08 03:41:43.717,0.86995,0.8702,1.00,1.60
2010.06.08 03:41:46.256,0.8699,0.87015,1.00,1.60
2010.06.08 03:41:46.625,0.8699,0.8702,1.00,1.60
2010.06.08 03:41:46.747,0.8699,0.87015,1.00,1.60
2010.06.08 03:41:47.088,0.8699,0.8702,1.00,1.60
2010.06.08 03:41:51.984,0.8699,0.87025,2.30,4.00
2010.06.08 03:41:52.134,0.8699,0.87025,2.50,4.00
2010.06.08 03:41:52.284,0.8699,0.87025,8.90,4.00
2010.06.08 03:41:52.435,0.8699,0.87025,11.30,4.00
2010.06.08 03:41:52.585,0.8699,0.87025,5.70,4.00
2010.06.08 03:41:53.349,0.86995,0.87025,1.00,4.00
2010.06.08 03:41:53.626,0.86995,0.8703,1.00,4.00
2010.06.08 03:41:53.905,0.86995,0.8703,2.50,2.40
2010.06.08 03:41:55.147,0.86995,0.8703,5.50,4.00
2010.06.08 03:41:55.500,0.86995,0.8703,3.90,4.00
2010.06.08 03:41:55.761,0.87,0.8703,8.00,2.40
2010.06.08 03:41:56.573,0.86995,0.8703,8.70,2.40
2010.06.08 03:41:56.897,0.86995,0.8703,11.10,2.40
2010.06.08 03:41:57.218,0.86995,0.8703,14.30,2.40
2010.06.08 03:41:58.385,0.86995,0.8703,11.90,2.40
2010.06.08 03:41:58.925,0.86995,0.8703,8.70,2.40
2010.06.08 03:41:59.371,0.86995,0.8703,9.50,2.40
2010.06.08 03:41:59.582,0.87005,0.8703,1.60,1.60
2010.06.08 03:42:00.383,0.87005,0.87035,1.60,4.10
2010.06.08 03:42:00.807,0.87,0.87035,2.30,4.00
2010.06.08 03:42:03.048,0.87005,0.87035,1.60,4.00
2010.06.08 03:42:04.070,0.87005,0.87035,1.60,5.60
2010.06.08 03:42:04.398,0.87005,0.8703,1.60,1.60
2010.06.08 03:42:04.730,0.87,0.8703,2.00,4.00
2010.06.08 03:42:05.058,0.87,0.8703,4.30,1.60
2010.06.08 03:42:05.648,0.87005,0.87035,1.60,4.00
2010.06.08 03:42:06.325,0.87005,0.8703,1.60,1.60
2010.06.08 03:42:08.065,0.87,0.8703,4.30,1.60
2010.06.08 03:42:08.357,0.87,0.87025,3.90,1.60
2010.06.08 03:42:08.506,0.86995,0.8702,7.90,1.60
2010.06.08 03:42:08.957,0.86995,0.87015,1.00,1.60
2010.06.08 03:42:09.109,0.8699,0.87015,3.90,1.60
2010.06.08 03:42:09.452,0.8698,0.8701,10.30,1.60
2010.06.08 03:42:09.799,0.8698,0.87005,1.00,1.60
2010.06.08 03:42:10.138,0.86975,0.87,2.30,1.60
2010.06.08 03:42:10.587,0.86975,0.87005,2.30,1.60
2010.06.08 03:42:10.870,0.8697,0.87005,2.30,4.00
2010.06.08 03:42:11.150,0.8697,0.87005,2.30,4.80
2010.06.08 03:42:11.379,0.8697,0.87,2.30,1.60
2010.06.08 03:42:11.606,0.8697,0.86995,2.30,1.60
2010.06.08 03:42:12.789,0.86965,0.86995,3.90,1.60
2010.06.08 03:42:14.386,0.86965,0.8699,3.90,1.60
2010.06.08 03:42:14.667,0.8696,0.8699,3.90,1.60
2010.06.08 03:42:14.948,0.86955,0.8699,3.90,4.00
2010.06.08 03:42:17.949,0.8696,0.8699,2.30,1.60
2010.06.08 03:42:18.046,0.8696,0.8699,3.90,1.60
2010.06.08 03:42:18.146,0.8696,0.86995,3.90,3.20
2010.06.08 03:42:18.245,0.8696,0.86995,3.90,1.60
2010.06.08 03:42:20.676,0.86965,0.86995,1.00,1.60
2010.06.08 03:42:26.173,0.86965,0.87,3.90,4.00
2010.06.08 03:42:26.336,0.86965,0.87,5.50,4.00
2010.06.08 03:42:27.682,0.86965,0.87,5.50,1.00
2010.06.08 03:42:28.030,0.8697,0.87,1.00,1.60
2010.06.08 03:42:28.366,0.8697,0.86995,1.00,1.00
2010.06.08 03:42:30.755,0.86965,0.86995,2.30,2.00
2010.06.08 03:42:31.097,0.86965,0.86995,3.90,1.00
2010.06.08 03:42:31.437,0.86965,0.86995,1.60,1.20
2010.06.08 03:42:33.450,0.8696,0.86995,3.90,1.20
2010.06.08 03:42:34.238,0.86965,0.86995,1.60,2.80
2010.06.08 03:42:34.577,0.86965,0.8699,1.60,1.00
2010.06.08 03:42:34.919,0.86965,0.86995,3.20,5.20
2010.06.08 03:42:35.598,0.86965,0.86995,5.50,4.40
2010.06.08 03:42:36.901,0.86965,0.86995,5.50,2.80
2010.06.08 03:42:37.253,0.8697,0.87,2.30,2.80
2010.06.08 03:42:37.596,0.8697,0.87005,2.30,6.80
2010.06.08 03:42:39.395,0.8697,0.87,1.00,1.60
2010.06.08 03:42:39.626,0.8697,0.87,1.00,2.80
2010.06.08 03:42:39.736,0.8697,0.87,2.30,1.20
2010.06.08 03:42:40.066,0.8697,0.86995,1.00,2.00
2010.06.08 03:42:40.178,0.86965,0.86995,5.50,2.00
2010.06.08 03:42:41.566,0.86965,0.8699,1.60,1.00
2010.06.08 03:42:41.786,0.86965,0.8699,3.20,1.00
2010.06.08 03:42:42.006,0.86965,0.86995,3.20,2.00
2010.06.08 03:42:43.483,0.8696,0.8699,1.00,2.00
2010.06.08 03:42:43.699,0.86955,0.86985,11.90,1.00
2010.06.08 03:42:43.917,0.86955,0.86985,3.20,2.00
2010.06.08 03:42:44.200,0.86955,0.86985,3.20,2.80
2010.06.08 03:42:44.421,0.86955,0.8698,1.60,1.60
2010.06.08 03:42:44.983,0.86945,0.86975,3.90,2.80
2010.06.08 03:42:45.644,0.8694,0.8697,2.30,1.00
2010.06.08 03:42:45.830,0.86935,0.86965,3.20,2.80
2010.06.08 03:42:46.188,0.86935,0.8696,3.20,1.60
2010.06.08 03:42:46.776,0.86935,0.8696,3.20,1.00
2010.06.08 03:42:47.119,0.86935,0.86955,3.20,1.00
2010.06.08 03:42:47.463,0.86925,0.86955,2.30,4.40
2010.06.08 03:42:48.021,0.86915,0.86945,1.00,3.20
2010.06.08 03:42:48.383,0.86905,0.86925,6.40,1.00
2010.06.08 03:42:49.000,0.86885,0.86925,1.60,1.00
2010.06.08 03:42:49.344,0.86875,0.86915,5.50,2.00
2010.06.08 03:42:49.691,0.86885,0.86905,1.60,2.80
2010.06.08 03:42:50.041,0.86875,0.86905,1.60,5.20
2010.06.08 03:42:50.388,0.8687,0.86905,3.90,6.80
2010.06.08 03:42:50.731,0.86875,0.86905,3.90,5.20
2010.06.08 03:42:51.321,0.8688,0.86915,1.00,6.80
2010.06.08 03:42:51.671,0.86885,0.86915,2.30,1.20
2010.06.08 03:42:52.021,0.86895,0.86915,1.00,1.00
2010.06.08 03:42:52.372,0.869,0.86925,3.20,1.20
2010.06.08 03:42:52.712,0.86905,0.8694,1.60,4.80
2010.06.08 03:42:53.052,0.8691,0.86945,6.00,4.00
2010.06.08 03:42:53.660,0.86915,0.86945,2.30,1.60
2010.06.08 03:42:54.000,0.8692,0.86955,1.00,1.00
2010.06.08 03:42:54.339,0.86925,0.86955,1.00,1.00
2010.06.08 03:42:55.952,0.86925,0.86955,1.00,1.60
2010.06.08 03:42:56.529,0.86925,0.86955,2.30,1.60
2010.06.08 03:42:56.816,0.86925,0.8696,2.30,4.80
2010.06.08 03:42:57.376,0.86925,0.86955,1.00,1.60
2010.06.08 03:42:58.852,0.86925,0.8696,1.00,4.80
2010.06.08 03:43:00.811,0.86925,0.8696,1.00,4.00
2010.06.08 03:43:00.968,0.86925,0.8696,7.30,4.00
2010.06.08 03:43:01.112,0.86925,0.8696,12.60,1.60
2010.06.08 03:43:01.260,0.86935,0.86965,1.60,4.00
2010.06.08 03:43:01.892,0.86935,0.86965,3.20,4.00
2010.06.08 03:43:02.582,0.86935,0.86965,8.40,1.60
2010.06.08 03:43:02.907,0.8694,0.8697,2.30,1.60
2010.06.08 03:43:03.596,0.8694,0.8697,3.90,1.60
2010.06.08 03:43:03.917,0.8694,0.8697,2.30,1.60
2010.06.08 03:43:04.147,0.8694,0.86975,3.90,4.00
2010.06.08 03:43:04.621,0.86945,0.86975,1.00,1.60
2010.06.08 03:43:06.527,0.86945,0.8697,1.00,1.60
2010.06.08 03:43:07.051,0.8694,0.8697,2.30,1.60
2010.06.08 03:43:07.588,0.8694,0.8697,3.90,1.60
2010.06.08 03:43:08.173,0.8694,0.8697,2.30,1.60
2010.06.08 03:43:09.277,0.8694,0.86965,2.30,1.60
2010.06.08 03:43:09.497,0.86935,0.86965,3.90,1.60
2010.06.08 03:43:09.785,0.86935,0.8697,3.90,1.60
2010.06.08 03:43:10.136,0.86935,0.8696,1.00,1.60
2010.06.08 03:43:10.477,0.86935,0.86965,1.00,1.60
2010.06.08 03:43:11.681,0.8693,0.8696,1.00,1.60
2010.06.08 03:43:18.991,0.86935,0.8696,1.00,1.60
2010.06.08 03:43:19.310,0.86935,0.8696,2.30,1.60
2010.06.08 03:43:19.830,0.8693,0.8696,2.30,1.60
2010.06.08 03:43:20.717,0.8693,0.8696,1.00,1.60
2010.06.08 03:43:21.058,0.86925,0.8696,2.30,2.40
2010.06.08 03:43:21.536,0.86925,0.8696,2.30,4.00
2010.06.08 03:43:21.900,0.86925,0.86955,2.30,1.60
2010.06.08 03:43:22.191,0.86925,0.8696,2.30,4.00
2010.06.08 03:43:22.767,0.86925,0.8696,3.90,2.40
2010.06.08 03:43:23.062,0.86935,0.8696,1.00,1.60
2010.06.08 03:43:24.645,0.86935,0.86965,1.00,2.40
2010.06.08 03:43:28.098,0.8693,0.8696,1.00,1.60
2010.06.08 03:43:28.517,0.8693,0.86955,1.00,1.60
2010.06.08 03:43:28.771,0.8692,0.86955,3.90,1.60
2010.06.08 03:43:29.078,0.8692,0.86955,2.30,4.00
2010.06.08 03:43:29.379,0.8692,0.86955,3.90,2.40
2010.06.08 03:43:29.702,0.8692,0.86955,2.30,4.00
2010.06.08 03:43:30.050,0.8692,0.86955,3.90,2.40
2010.06.08 03:43:30.867,0.8692,0.86955,2.30,4.00
2010.06.08 03:43:31.148,0.8692,0.86955,3.90,2.40
2010.06.08 03:43:31.563,0.86925,0.86955,2.30,1.60
2010.06.08 03:43:32.508,0.86925,0.8695,2.30,1.60
2010.06.08 03:43:35.513,0.86925,0.86955,2.30,1.60
2010.06.08 03:43:35.795,0.8693,0.8696,1.00,1.60
2010.06.08 03:43:36.936,0.86925,0.8696,3.90,4.00
2010.06.08 03:43:37.996,0.86925,0.86955,3.90,1.60
2010.06.08 03:43:48.587,0.86925,0.86955,2.30,1.60
2010.06.08 03:43:49.210,0.86925,0.86955,1.00,1.60
2010.06.08 03:43:49.457,0.86925,0.8695,1.00,1.60
2010.06.08 03:43:49.706,0.8692,0.8695,3.90,1.60
2010.06.08 03:43:51.251,0.86915,0.8695,3.90,2.40
2010.06.08 03:43:52.936,0.86915,0.8695,3.90,4.80
2010.06.08 03:43:53.277,0.86915,0.86945,3.90,1.60
2010.06.08 03:43:53.956,0.86915,0.86945,1.60,2.40
2010.06.08 03:43:54.302,0.8691,0.86945,3.90,4.00
2010.06.08 03:43:56.835,0.8691,0.8694,3.90,1.60
2010.06.08 03:43:58.706,0.8691,0.8694,2.30,1.60
2010.06.08 03:44:02.154,0.8691,0.8694,3.90,1.60
2010.06.08 03:44:02.287,0.8691,0.8694,5.50,1.60
2010.06.08 03:44:08.851,0.8691,0.8694,1.00,1.60
2010.06.08 03:44:09.796,0.8691,0.86945,2.30,4.00
2010.06.08 03:44:10.066,0.86915,0.86945,1.60,2.40
2010.06.08 03:44:12.486,0.8691,0.86945,3.90,3.20
2010.06.08 03:44:12.695,0.8691,0.8694,2.30,1.60
2010.06.08 03:44:13.600,0.8691,0.8694,1.00,1.60
2010.06.08 03:44:13.821,0.86915,0.86945,3.60,4.00
2010.06.08 03:44:14.041,0.86925,0.8695,1.60,2.40
2010.06.08 03:44:14.358,0.86925,0.8695,1.60,1.60
2010.06.08 03:44:14.582,0.8692,0.86945,2.30,1.60
2010.06.08 03:44:14.927,0.8692,0.8695,3.90,1.60
2010.06.08 03:44:15.606,0.8692,0.8695,2.30,1.60
2010.06.08 03:44:17.259,0.8692,0.86945,2.30,1.60
2010.06.08 03:44:19.564,0.8692,0.86945,2.50,1.60
2010.06.08 03:44:20.536,0.8692,0.86945,2.30,1.60
2010.06.08 03:44:21.767,0.8692,0.8695,2.30,1.60
2010.06.08 03:44:23.204,0.8692,0.86945,2.30,1.60
2010.06.08 03:44:26.608,0.8692,0.86945,2.40,1.60
2010.06.08 03:44:26.718,0.86925,0.8695,1.60,1.60
2010.06.08 03:44:26.831,0.8692,0.8695,7.70,1.60
2010.06.08 03:44:26.936,0.86925,0.86955,1.60,1.60
2010.06.08 03:44:27.285,0.86925,0.86955,3.90,1.60
2010.06.08 03:44:30.379,0.86925,0.86955,4.10,1.60
2010.06.08 03:44:31.700,0.86925,0.86955,4.30,1.60
2010.06.08 03:44:32.038,0.8693,0.8696,1.60,1.60
2010.06.08 03:44:33.507,0.86925,0.8696,5.50,1.60
2010.06.08 03:44:34.308,0.86925,0.86955,5.50,1.60
2010.06.08 03:44:35.266,0.86925,0.86955,5.70,1.60
2010.06.08 03:44:35.505,0.8693,0.8696,1.00,1.60
2010.06.08 03:44:35.873,0.8693,0.86955,1.00,1.60
2010.06.08 03:44:39.237,0.86935,0.8696,1.00,1.60
2010.06.08 03:44:39.506,0.86935,0.86965,1.70,1.60
2010.06.08 03:44:40.016,0.86935,0.86965,3.30,1.60
2010.06.08 03:44:40.303,0.86935,0.8696,1.00,1.60
2010.06.08 03:44:40.577,0.86935,0.86965,1.00,1.60
2010.06.08 03:44:42.237,0.8693,0.86965,4.10,1.60
2010.06.08 03:44:42.485,0.8693,0.8696,2.30,1.60
2010.06.08 03:44:43.528,0.8693,0.8696,2.50,1.60
2010.06.08 03:44:48.783,0.8693,0.8696,2.30,1.60
2010.06.08 03:44:49.395,0.8693,0.8696,2.50,1.60
2010.06.08 03:44:49.700,0.8693,0.8696,4.10,1.60
2010.06.08 03:44:50.158,0.86935,0.8696,1.00,1.60
2010.06.08 03:44:50.635,0.8694,0.86975,8.50,1.00
2010.06.08 03:44:50.863,0.86945,0.86975,4.30,1.60
2010.06.08 03:44:51.208,0.86945,0.86975,3.90,1.60
2010.06.08 03:44:51.552,0.86945,0.86975,1.00,1.60
2010.06.08 03:44:52.226,0.86945,0.86975,2.30,1.60
2010.06.08 03:44:52.567,0.86945,0.86975,4.10,1.60
2010.06.08 03:44:52.906,0.86945,0.8697,1.60,1.60
2010.06.08 03:44:53.188,0.86945,0.86975,1.60,1.60
2010.06.08 03:44:53.733,0.86945,0.86975,3.90,1.60
2010.06.08 03:44:54.012,0.86945,0.8698,2.30,1.60
2010.06.08 03:44:54.269,0.86945,0.86975,4.10,1.60
2010.06.08 03:44:54.508,0.86945,0.86975,3.90,1.60
2010.06.08 03:44:55.010,0.86945,0.86975,2.30,1.60
2010.06.08 03:44:55.695,0.86945,0.86975,2.50,1.60
2010.06.08 03:44:56.053,0.86945,0.86975,2.40,1.60
2010.06.08 03:44:56.336,0.86945,0.86975,2.30,1.60
2010.06.08 03:44:57.275,0.86945,0.86975,2.50,1.60
2010.06.08 03:44:57.535,0.86945,0.86975,4.10,1.60
2010.06.08 03:44:57.757,0.86945,0.86975,3.90,1.60
2010.06.08 03:44:57.934,0.86945,0.86975,2.30,1.60
2010.06.08 03:44:58.273,0.86945,0.86975,3.90,1.60
2010.06.08 03:44:58.623,0.86945,0.86985,18.20,1.60
2010.06.08 03:44:58.967,0.86945,0.86985,15.70,1.60
2010.06.08 03:44:59.306,0.86945,0.86985,18.20,1.60
2010.06.08 03:44:59.647,0.86945,0.86985,18.10,1.60
2010.06.08 03:45:00.605,0.86945,0.86985,18.20,1.60
2010.06.08 03:45:01.146,0.86945,0.86985,18.10,1.60
2010.06.08 03:45:01.696,0.86945,0.86985,18.20,1.60
2010.06.08 03:45:02.224,0.8695,0.86985,1.00,1.60
2010.06.08 03:45:02.793,0.86945,0.86985,15.80,1.60
2010.06.08 03:45:03.458,0.86945,0.8698,12.00,1.60
2010.06.08 03:45:04.052,0.86955,0.8699,1.60,2.40
2010.06.08 03:45:04.400,0.8696,0.86995,3.20,2.40
2010.06.08 03:45:04.749,0.86955,0.86995,13.20,1.60
2010.06.08 03:45:05.027,0.86955,0.86995,10.30,1.60
2010.06.08 03:45:05.935,0.8696,0.87,1.60,4.00
2010.06.08 03:45:07.397,0.86965,0.87,1.60,4.00
2010.06.08 03:45:07.535,0.8696,0.87,1.60,4.00
2010.06.08 03:45:12.865,0.8696,0.87,2.30,4.00
2010.06.08 03:45:12.955,0.86965,0.87,1.60,4.00
2010.06.08 03:45:13.045,0.8696,0.86995,3.90,1.60
2010.06.08 03:45:13.420,0.86965,0.87,1.60,1.60
2010.06.08 03:45:13.508,0.86965,0.87,2.30,1.60
2010.06.08 03:45:15.787,0.86965,0.87,4.00,1.00
2010.06.08 03:45:15.832,0.86965,0.87,1.60,1.60
2010.06.08 03:45:16.177,0.8696,0.86985,6.40,1.60
2010.06.08 03:45:16.600,0.8696,0.86985,3.20,1.60
2010.06.08 03:45:16.952,0.86955,0.86985,1.60,1.60
2010.06.08 03:45:17.299,0.86955,0.86985,1.60,2.40
2010.06.08 03:45:17.894,0.86945,0.8698,1.00,1.60
2010.06.08 03:45:18.238,0.86945,0.8698,1.70,1.60
2010.06.08 03:45:19.396,0.86945,0.8698,1.60,1.60
2010.06.08 03:45:19.648,0.86945,0.8698,1.70,1.60
2010.06.08 03:45:20.678,0.86955,0.86985,1.00,1.60
2010.06.08 03:45:21.095,0.8695,0.86985,1.60,1.60
2010.06.08 03:45:21.449,0.86955,0.8699,1.60,1.60
2010.06.08 03:45:22.687,0.86955,0.8699,1.60,2.40
2010.06.08 03:45:23.377,0.8695,0.86985,2.50,1.60
2010.06.08 03:45:23.587,0.86955,0.8699,1.60,2.40
2010.06.08 03:45:24.756,0.8695,0.8699,1.70,4.00
2010.06.08 03:45:25.066,0.8695,0.86985,1.60,1.60
2010.06.08 03:45:25.577,0.8695,0.86985,1.60,3.20
2010.06.08 03:45:25.881,0.8695,0.8698,1.60,1.60
2010.06.08 03:45:26.482,0.8694,0.8698,3.90,1.60
2010.06.08 03:45:27.056,0.8694,0.86975,1.60,1.60
2010.06.08 03:45:27.370,0.8694,0.8697,3.90,1.60
2010.06.08 03:45:27.717,0.86935,0.8697,5.70,2.40
2010.06.08 03:45:28.298,0.86935,0.8697,5.50,2.40
2010.06.08 03:45:28.642,0.8694,0.8697,1.00,2.40
2010.06.08 03:45:30.370,0.86935,0.8697,3.90,2.40
2010.06.08 03:45:30.649,0.86935,0.86965,2.30,3.20
2010.06.08 03:45:35.586,0.86935,0.8697,2.30,4.40
2010.06.08 03:45:36.104,0.86935,0.8697,2.30,4.00
2010.06.08 03:45:38.415,0.86935,0.8697,3.90,4.00
2010.06.08 03:45:40.117,0.86935,0.8697,3.90,4.80
2010.06.08 03:45:40.577,0.86935,0.86965,3.90,3.20
2010.06.08 03:45:41.646,0.86935,0.8697,3.90,4.00
2010.06.08 03:45:47.387,0.86935,0.86965,3.90,3.20
2010.06.08 03:45:51.274,0.86935,0.86965,1.60,3.20
2010.06.08 03:46:02.168,0.86935,0.8696,3.20,1.60
2010.06.08 03:46:04.806,0.86935,0.8696,3.90,1.60
2010.06.08 03:46:04.966,0.86935,0.86965,5.50,1.60
2010.06.08 03:46:18.975,0.8694,0.86965,1.00,1.60
2010.06.08 03:46:19.055,0.8694,0.8697,1.00,1.60
2010.06.08 03:46:19.678,0.8694,0.86965,1.00,1.60
2010.06.08 03:46:20.149,0.86935,0.86965,5.50,1.60
2010.06.08 03:46:20.359,0.86935,0.8696,5.50,1.60
2010.06.08 03:46:20.569,0.86935,0.8696,2.30,1.60
2010.06.08 03:46:20.987,0.86935,0.8696,1.00,1.60
2010.06.08 03:46:27.741,0.86935,0.86955,1.00,1.60
2010.06.08 03:46:27.977,0.86935,0.8696,1.00,1.60
2010.06.08 03:46:32.337,0.8693,0.86955,5.50,1.60
2010.06.08 03:46:33.145,0.8693,0.86955,3.90,1.60
2010.06.08 03:46:33.492,0.8693,0.86945,1.60,1.60
2010.06.08 03:46:34.096,0.86925,0.8694,1.00,1.60
2010.06.08 03:46:34.443,0.8691,0.8694,5.50,2.00
2010.06.08 03:46:34.791,0.869,0.8694,2.30,4.80
2010.06.08 03:46:35.139,0.869,0.86935,3.90,2.40
2010.06.08 03:46:37.156,0.869,0.86935,3.90,4.00
2010.06.08 03:46:37.226,0.869,0.86935,2.30,2.40
2010.06.08 03:46:37.647,0.8691,0.86935,1.60,4.00
2010.06.08 03:46:37.947,0.8691,0.8694,3.20,3.20
2010.06.08 03:46:38.246,0.8691,0.8694,3.20,1.60
2010.06.08 03:46:39.057,0.8691,0.8694,1.60,4.00
2010.06.08 03:46:39.198,0.86905,0.8694,3.90,4.00
2010.06.08 03:46:40.155,0.86905,0.8694,2.30,4.00
2010.06.08 03:46:41.056,0.86915,0.8694,3.20,1.60
2010.06.08 03:46:43.181,0.86915,0.86935,1.60,1.60
2010.06.08 03:46:43.667,0.86915,0.86935,3.20,1.60
2010.06.08 03:46:44.184,0.86915,0.86935,1.60,1.60
2010.06.08 03:46:47.145,0.86905,0.86935,5.90,1.60
2010.06.08 03:46:47.196,0.86905,0.86935,3.60,2.40
2010.06.08 03:46:47.245,0.86905,0.86935,3.20,2.40
2010.06.08 03:46:48.855,0.86905,0.8693,3.20,1.60
2010.06.08 03:46:50.106,0.86905,0.86925,3.20,1.60
2010.06.08 03:46:50.408,0.86905,0.86925,1.60,1.60
2010.06.08 03:46:50.707,0.86905,0.86925,1.60,2.40
2010.06.08 03:46:51.575,0.869,0.86915,1.60,1.00
2010.06.08 03:46:51.822,0.8689,0.86915,1.60,2.40
2010.06.08 03:46:52.149,0.8689,0.86915,3.20,4.00
2010.06.08 03:46:53.159,0.8689,0.86915,1.60,4.00
2010.06.08 03:46:53.626,0.8689,0.8691,1.60,1.60
2010.06.08 03:46:56.534,0.8689,0.86915,1.60,4.00
2010.06.08 03:46:56.698,0.8689,0.8691,1.60,1.60
2010.06.08 03:46:57.025,0.8689,0.86915,1.60,4.00
2010.06.08 03:47:03.215,0.8689,0.8691,1.60,1.60
2010.06.08 03:47:06.666,0.8689,0.86915,1.60,2.40
2010.06.08 03:47:09.434,0.86885,0.86915,3.30,2.40
2010.06.08 03:47:09.782,0.8689,0.86915,1.70,1.60
2010.06.08 03:47:10.129,0.86895,0.86925,5.50,1.60
2010.06.08 03:47:11.902,0.86895,0.86925,5.60,1.60
2010.06.08 03:47:12.499,0.86895,0.8692,5.50,1.60
2010.06.08 03:47:16.877,0.86895,0.86925,5.50,1.60
2010.06.08 03:47:20.650,0.86895,0.8692,5.50,1.60
2010.06.08 03:47:20.852,0.86895,0.86925,5.50,1.60
2010.06.08 03:47:23.277,0.86895,0.8692,5.50,1.60
2010.06.08 03:47:27.334,0.86895,0.86925,5.50,1.60
2010.06.08 03:47:27.504,0.869,0.86925,1.00,1.60
2010.06.08 03:47:27.845,0.869,0.86925,1.20,1.60
2010.06.08 03:47:31.073,0.869,0.8692,1.20,1.60
2010.06.08 03:47:31.178,0.869,0.86925,1.20,1.60
2010.06.08 03:47:32.093,0.86905,0.8693,1.00,2.40
2010.06.08 03:47:33.135,0.869,0.8693,4.40,2.40
2010.06.08 03:47:33.980,0.869,0.86925,2.80,1.60
2010.06.08 03:47:34.218,0.869,0.8693,4.40,2.40
2010.06.08 03:47:34.680,0.869,0.8693,2.80,2.40
2010.06.08 03:47:35.198,0.869,0.86925,2.80,1.60
2010.06.08 03:47:35.459,0.869,0.8693,2.80,2.40
2010.06.08 03:47:37.549,0.8691,0.8693,1.00,1.60
2010.06.08 03:47:40.085,0.8691,0.86935,1.00,1.60
2010.06.08 03:47:40.720,0.8691,0.8693,1.00,1.60
2010.06.08 03:47:41.049,0.8691,0.86935,1.00,1.60
2010.06.08 03:47:42.858,0.8691,0.86935,1.00,2.40
2010.06.08 03:47:43.037,0.86905,0.86925,4.70,1.60
2010.06.08 03:47:43.216,0.86905,0.86925,2.00,1.60
2010.06.08 03:47:43.546,0.86905,0.86925,1.00,1.60
2010.06.08 03:47:43.851,0.86905,0.8693,1.90,1.60
2010.06.08 03:47:46.120,0.8691,0.8693,1.00,1.60
2010.06.08 03:47:50.535,0.86905,0.8693,5.10,1.60
2010.06.08 03:47:50.949,0.86905,0.86925,2.80,1.60
2010.06.08 03:47:52.072,0.86905,0.8693,2.80,1.60
2010.06.08 03:48:00.478,0.86905,0.8693,4.40,1.60
2010.06.08 03:48:01.282,0.86905,0.8693,5.10,1.60
2010.06.08 03:48:01.620,0.86905,0.8693,1.00,1.60
2010.06.08 03:48:01.776,0.869,0.86925,2.70,1.60
2010.06.08 03:48:01.956,0.869,0.86925,2.30,1.60
2010.06.08 03:48:02.297,0.869,0.86925,1.00,1.60
2010.06.08 03:48:10.679,0.869,0.86925,2.30,1.60
2010.06.08 03:48:11.089,0.86905,0.8693,3.20,1.60
2010.06.08 03:48:11.378,0.869,0.8693,2.30,1.60
2010.06.08 03:48:14.121,0.869,0.86925,2.30,1.60
2010.06.08 03:48:33.208,0.869,0.86925,1.60,1.60
2010.06.08 03:48:41.321,0.869,0.8692,1.60,1.60
2010.06.08 03:48:41.529,0.869,0.86925,1.60,1.60
2010.06.08 03:48:41.728,0.869,0.8692,1.60,1.60
2010.06.08 03:48:41.927,0.869,0.86925,1.60,1.60
2010.06.08 03:48:42.127,0.869,0.8692,1.60,1.60
2010.06.08 03:48:42.467,0.869,0.86925,1.60,1.60
2010.06.08 03:48:49.150,0.869,0.8692,1.60,1.60
2010.06.08 03:48:57.727,0.86895,0.8692,1.00,1.60
2010.06.08 03:48:58.059,0.86895,0.86915,1.00,1.60
2010.06.08 03:48:58.201,0.86885,0.8691,1.00,1.60
2010.06.08 03:48:58.338,0.8688,0.8691,1.00,1.60
2010.06.08 03:48:58.477,0.8688,0.8691,1.00,3.20
2010.06.08 03:48:58.819,0.8688,0.8691,1.00,4.00
2010.06.08 03:48:59.431,0.86875,0.86905,2.30,1.00
2010.06.08 03:48:59.703,0.86865,0.869,3.20,4.80
2010.06.08 03:48:59.969,0.8686,0.86895,5.50,2.40
2010.06.08 03:49:00.422,0.8686,0.86895,2.30,2.40
2010.06.08 03:49:01.110,0.86865,0.869,2.30,2.40
2010.06.08 03:49:01.449,0.86865,0.869,3.10,2.40
2010.06.08 03:49:01.959,0.8688,0.869,1.60,2.40
2010.06.08 03:49:02.255,0.86875,0.86905,3.90,1.00
2010.06.08 03:49:02.539,0.86875,0.8691,3.90,4.00
2010.06.08 03:49:02.866,0.86875,0.86905,3.90,1.60
2010.06.08 03:49:03.195,0.86875,0.8691,3.90,4.00
2010.06.08 03:49:03.518,0.8688,0.8691,1.60,4.00
2010.06.08 03:49:08.585,0.86875,0.8691,4.10,4.00
2010.06.08 03:49:08.933,0.86875,0.8691,3.90,4.00
2010.06.08 03:49:09.260,0.86875,0.8691,5.50,1.60
2010.06.08 03:49:09.589,0.86885,0.86915,2.30,5.60
2010.06.08 03:49:09.919,0.86885,0.86915,1.00,6.40
2010.06.08 03:49:10.247,0.86885,0.86915,1.00,4.00
2010.06.08 03:49:11.988,0.86885,0.86915,1.00,2.40
2010.06.08 03:49:12.630,0.86885,0.8692,2.30,4.00
2010.06.08 03:49:14.419,0.86885,0.8692,3.90,4.00
2010.06.08 03:49:14.650,0.86885,0.8692,2.30,4.00
2010.06.08 03:49:14.875,0.86885,0.8692,3.90,4.00
2010.06.08 03:49:18.548,0.86885,0.8692,4.10,4.00
2010.06.08 03:49:24.533,0.86885,0.8692,3.90,4.00
2010.06.08 03:49:27.669,0.86885,0.86915,1.60,3.60
2010.06.08 03:49:27.837,0.86875,0.8691,3.90,4.00
2010.06.08 03:49:28.005,0.86875,0.86905,2.30,1.60
2010.06.08 03:49:28.346,0.8687,0.86905,3.90,1.60
2010.06.08 03:49:28.516,0.8687,0.86905,3.90,4.00
2010.06.08 03:49:30.465,0.8687,0.869,3.90,1.60
2010.06.08 03:49:31.201,0.8687,0.869,1.00,1.60
2010.06.08 03:49:31.407,0.86865,0.869,3.90,2.40
2010.06.08 03:49:31.620,0.86865,0.86895,2.30,1.60
2010.06.08 03:49:31.756,0.86865,0.86895,3.90,1.60
2010.06.08 03:49:33.716,0.86865,0.86895,2.30,1.60
2010.06.08 03:49:37.619,0.8686,0.86895,2.30,4.80
2010.06.08 03:49:37.837,0.8686,0.86895,2.30,4.00
2010.06.08 03:49:42.737,0.8686,0.86895,3.90,4.00
2010.06.08 03:49:43.366,0.8686,0.86895,3.90,2.40
2010.06.08 03:49:45.278,0.86865,0.86895,1.60,1.00
2010.06.08 03:49:45.762,0.86865,0.869,3.90,4.00
2010.06.08 03:49:47.346,0.86865,0.86895,2.30,1.60
2010.06.08 03:49:47.450,0.86865,0.869,3.90,4.00
2010.06.08 03:49:50.197,0.86865,0.869,2.30,4.00
2010.06.08 03:49:50.388,0.86865,0.869,2.30,4.80
2010.06.08 03:49:50.876,0.8686,0.86895,3.90,2.40
2010.06.08 03:49:52.106,0.86865,0.869,1.00,4.00
2010.06.08 03:49:52.225,0.86865,0.86895,1.00,1.60
2010.06.08 03:49:52.798,0.86865,0.869,3.90,2.40
2010.06.08 03:50:00.657,0.86865,0.869,5.50,2.40
2010.06.08 03:50:02.106,0.8687,0.869,2.30,1.60
2010.06.08 03:50:02.680,0.86875,0.86905,1.00,1.60
2010.06.08 03:50:03.080,0.86875,0.86905,3.90,1.60
2010.06.08 03:50:03.521,0.86875,0.86905,5.50,1.60
2010.06.08 03:50:03.868,0.8688,0.8691,1.60,1.60
2010.06.08 03:50:04.208,0.8688,0.86915,3.90,4.00
2010.06.08 03:50:07.336,0.8688,0.8691,3.90,1.60
2010.06.08 03:50:07.446,0.8688,0.86915,4.00,2.40
2010.06.08 03:50:07.786,0.8688,0.86915,3.90,2.40
2010.06.08 03:50:08.041,0.86885,0.8692,1.00,4.00
2010.06.08 03:50:10.446,0.86885,0.8692,2.30,4.00
2010.06.08 03:50:10.537,0.86885,0.8692,3.90,2.40
2010.06.08 03:50:10.915,0.86885,0.86925,3.90,4.80
2010.06.08 03:50:14.050,0.86885,0.8692,3.90,1.60
2010.06.08 03:50:16.446,0.86885,0.86925,3.90,4.80
2010.06.08 03:50:16.786,0.86885,0.8692,3.90,1.60
2010.06.08 03:50:19.517,0.86885,0.86925,3.90,4.80
2010.06.08 03:50:19.885,0.86885,0.8692,2.30,1.60
2010.06.08 03:50:21.125,0.86885,0.8692,3.90,1.60
2010.06.08 03:50:23.127,0.86885,0.8692,2.30,1.60
2010.06.08 03:50:28.655,0.86885,0.8692,3.90,1.60
2010.06.08 03:50:36.536,0.86885,0.8692,2.30,1.60
2010.06.08 03:50:37.847,0.86885,0.8692,1.00,5.20
2010.06.08 03:50:37.978,0.86885,0.86915,1.00,3.20
2010.06.08 03:50:38.107,0.8688,0.8691,1.60,1.00
2010.06.08 03:50:39.036,0.86875,0.8691,5.70,2.40
2010.06.08 03:50:42.395,0.86875,0.8691,5.50,2.40
2010.06.08 03:50:42.495,0.86875,0.8691,5.50,1.00
2010.06.08 03:50:42.596,0.86875,0.8691,14.50,1.00
2010.06.08 03:50:42.772,0.86875,0.8691,14.30,1.00
2010.06.08 03:50:43.320,0.86875,0.8691,14.50,1.00
2010.06.08 03:50:44.661,0.8688,0.86915,2.30,4.00
2010.06.08 03:50:44.930,0.8688,0.8691,2.30,1.60
2010.06.08 03:50:45.200,0.86875,0.8691,9.50,2.40
2010.06.08 03:50:45.398,0.86875,0.8691,2.30,2.40
2010.06.08 03:50:45.587,0.86875,0.86905,2.30,2.40
2010.06.08 03:50:45.990,0.86875,0.86905,1.60,2.40
2010.06.08 03:50:46.189,0.8687,0.86905,2.30,4.00
2010.06.08 03:50:47.638,0.86865,0.869,2.30,2.40
2010.06.08 03:50:49.368,0.86865,0.869,2.30,4.00
2010.06.08 03:50:49.539,0.8686,0.86895,2.30,1.60
2010.06.08 03:50:49.935,0.8686,0.86895,2.30,2.40
2010.06.08 03:50:50.136,0.8686,0.86895,2.30,4.00
2010.06.08 03:50:58.160,0.8686,0.8689,1.00,2.40
2010.06.08 03:50:58.465,0.8686,0.8689,1.00,1.00
2010.06.08 03:51:03.155,0.8686,0.8689,1.00,2.40
2010.06.08 03:51:04.794,0.8686,0.8689,1.00,3.20
2010.06.08 03:51:05.175,0.86855,0.8689,3.90,4.80
2010.06.08 03:51:12.838,0.86855,0.8689,3.90,4.00
2010.06.08 03:51:14.536,0.86855,0.8689,5.50,4.00
2010.06.08 03:51:14.646,0.8686,0.8689,1.60,2.40
2010.06.08 03:51:14.858,0.86855,0.8689,5.50,2.40
2010.06.08 03:51:15.066,0.8686,0.8689,1.60,2.40
2010.06.08 03:51:25.938,0.8686,0.8689,2.30,1.60
2010.06.08 03:51:26.075,0.8686,0.86885,1.00,1.60
2010.06.08 03:51:26.197,0.86855,0.86885,2.30,1.60
2010.06.08 03:51:26.876,0.86855,0.86885,1.00,1.60
2010.06.08 03:51:30.706,0.8685,0.8688,3.90,1.60
2010.06.08 03:51:31.288,0.8685,0.8688,5.50,1.60
2010.06.08 03:51:31.626,0.8685,0.8688,3.90,1.60
2010.06.08 03:51:32.305,0.8685,0.86885,5.50,4.00
2010.06.08 03:51:32.525,0.8685,0.8688,3.90,1.60
2010.06.08 03:51:32.816,0.8685,0.86885,5.50,4.00
2010.06.08 03:51:33.244,0.86855,0.86885,1.60,4.00
2010.06.08 03:51:33.867,0.8685,0.86885,5.50,4.00
2010.06.08 03:51:34.077,0.86855,0.86885,1.60,4.00
2010.06.08 03:51:37.377,0.8685,0.86885,5.50,4.00
2010.06.08 03:51:42.221,0.86855,0.86885,1.60,4.00
2010.06.08 03:51:42.348,0.86855,0.86885,3.90,1.60
2010.06.08 03:51:42.535,0.86855,0.8689,3.90,5.60
2010.06.08 03:51:43.167,0.8686,0.86885,2.30,1.60
2010.06.08 03:51:45.177,0.8686,0.8689,2.30,1.60
2010.06.08 03:51:48.119,0.8686,0.8689,2.50,1.60
2010.06.08 03:51:48.295,0.8686,0.8689,3.90,1.60
2010.06.08 03:51:48.461,0.8686,0.86895,4.10,2.40
2010.06.08 03:51:49.084,0.86865,0.86895,1.60,2.40
2010.06.08 03:51:50.645,0.86865,0.86895,1.70,2.40
2010.06.08 03:51:52.366,0.86865,0.86895,1.60,2.40
2010.06.08 03:51:52.572,0.86865,0.86895,1.70,2.40
2010.06.08 03:51:52.916,0.86865,0.86895,1.60,2.40
2010.06.08 03:51:54.039,0.86865,0.86895,1.70,2.40
2010.06.08 03:51:54.258,0.86865,0.86895,1.60,2.40
2010.06.08 03:51:54.575,0.86865,0.86895,1.70,2.40
2010.06.08 03:51:54.725,0.86865,0.86895,1.60,2.40
2010.06.08 03:51:55.085,0.86865,0.86895,1.60,2.40
2010.06.08 03:51:55.265,0.86865,0.86895,1.70,2.40
2010.06.08 03:51:57.907,0.86865,0.86895,1.60,2.40
2010.06.08 03:51:58.196,0.8686,0.86895,4.10,1.00
2010.06.08 03:51:58.296,0.86865,0.869,1.00,4.00
2010.06.08 03:51:58.671,0.86865,0.869,4.70,4.00
2010.06.08 03:51:58.773,0.8687,0.86905,3.90,2.40
2010.06.08 03:51:59.121,0.8688,0.86915,2.30,4.00
2010.06.08 03:51:59.470,0.86885,0.8692,2.30,4.00
2010.06.08 03:51:59.809,0.86885,0.8692,2.30,2.40
2010.06.08 03:52:00.341,0.86885,0.8692,2.30,4.00
2010.06.08 03:52:03.357,0.86885,0.8692,5.50,4.00
2010.06.08 03:52:03.655,0.86885,0.8692,5.50,1.60
2010.06.08 03:52:07.935,0.86885,0.86925,5.70,4.80
2010.06.08 03:52:08.117,0.86885,0.86925,4.10,4.00
2010.06.08 03:52:08.297,0.8689,0.86925,3.90,2.40
2010.06.08 03:52:08.656,0.86895,0.86925,1.00,2.40
2010.06.08 03:52:08.936,0.8689,0.86925,4.10,2.40
2010.06.08 03:52:10.686,0.8689,0.86925,3.90,4.00
2010.06.08 03:52:10.785,0.8689,0.86925,2.30,4.00
2010.06.08 03:52:11.106,0.86885,0.8692,5.50,1.00
2010.06.08 03:52:13.136,0.86885,0.8692,2.30,4.00
2010.06.08 03:52:13.276,0.86885,0.8692,2.30,2.40
2010.06.08 03:52:13.417,0.86885,0.8692,1.00,4.00
2010.06.08 03:52:13.559,0.86885,0.8692,3.90,2.40
2010.06.08 03:52:13.696,0.86885,0.8692,2.30,2.40
2010.06.08 03:52:13.837,0.86885,0.8692,2.30,4.00
2010.06.08 03:52:14.721,0.86895,0.8692,1.60,1.60
2010.06.08 03:52:15.071,0.86895,0.86925,1.00,2.40
2010.06.08 03:52:17.935,0.86885,0.86925,3.90,4.00
2010.06.08 03:52:18.092,0.86885,0.8692,3.90,1.60
2010.06.08 03:52:19.056,0.86885,0.8692,3.90,4.00
2010.06.08 03:52:19.346,0.86885,0.8692,2.30,4.00
2010.06.08 03:52:20.116,0.86885,0.86915,2.30,1.60
2010.06.08 03:52:23.503,0.86885,0.8692,2.30,4.00
2010.06.08 03:52:27.257,0.86885,0.8692,2.40,4.00
2010.06.08 03:52:27.595,0.86885,0.8692,2.30,4.00
2010.06.08 03:52:27.895,0.86885,0.8692,2.30,1.60
2010.06.08 03:52:28.243,0.86885,0.8692,3.90,1.60
2010.06.08 03:52:28.446,0.86885,0.8692,4.10,1.60
2010.06.08 03:52:28.687,0.8689,0.86925,5.70,1.60
2010.06.08 03:52:28.928,0.869,0.8693,1.70,1.60
2010.06.08 03:52:29.166,0.869,0.86935,5.70,2.40
2010.06.08 03:52:29.406,0.869,0.86935,8.90,2.40
2010.06.08 03:52:30.746,0.869,0.86935,5.70,2.40
2010.06.08 03:52:30.870,0.869,0.8693,2.30,1.00
2010.06.08 03:52:30.988,0.869,0.8693,1.60,2.40
2010.06.08 03:52:31.109,0.8689,0.86925,2.30,1.60
2010.06.08 03:52:31.346,0.8689,0.8692,2.30,1.60
2010.06.08 03:52:31.585,0.8689,0.86925,2.30,1.60
2010.06.08 03:52:33.175,0.8689,0.86925,2.50,1.60
2010.06.08 03:52:33.425,0.8689,0.86925,2.30,1.60
2010.06.08 03:52:33.725,0.8689,0.86925,2.50,1.60
2010.06.08 03:52:33.875,0.8689,0.86925,2.30,1.60
2010.06.08 03:52:34.026,0.8689,0.86925,2.50,1.60
2010.06.08 03:52:34.242,0.8689,0.86925,2.30,1.60
2010.06.08 03:52:34.675,0.8689,0.86925,2.40,1.60
2010.06.08 03:52:34.945,0.8689,0.86925,2.30,1.60
2010.06.08 03:52:37.876,0.86895,0.86925,1.60,1.60
2010.06.08 03:52:37.917,0.86895,0.86925,2.30,1.60
2010.06.08 03:52:39.217,0.86895,0.8693,3.90,4.00
2010.06.08 03:52:44.215,0.86895,0.8693,2.30,4.00
2010.06.08 03:52:45.336,0.86895,0.8693,2.30,4.10
2010.06.08 03:52:45.437,0.8689,0.86925,8.70,4.00
2010.06.08 03:52:45.537,0.8689,0.86925,5.50,4.00
2010.06.08 03:52:45.635,0.8689,0.8692,5.50,1.60
2010.06.08 03:52:47.497,0.86895,0.86925,1.60,2.40
2010.06.08 03:52:47.646,0.8689,0.86925,5.50,4.00
2010.06.08 03:52:47.937,0.8689,0.8692,2.30,1.60
2010.06.08 03:52:48.306,0.86885,0.8692,3.90,2.40
2010.06.08 03:52:48.536,0.86885,0.8692,4.10,2.40
2010.06.08 03:52:48.936,0.8689,0.8692,1.60,2.40
2010.06.08 03:52:49.167,0.8689,0.8692,3.20,2.40
2010.06.08 03:52:51.238,0.8689,0.8692,4.80,2.40
2010.06.08 03:52:51.357,0.8689,0.8692,5.50,1.60
2010.06.08 03:52:51.526,0.86895,0.8693,1.60,4.00
2010.06.08 03:52:51.968,0.86895,0.8693,3.90,4.00
2010.06.08 03:52:52.829,0.86895,0.86925,2.30,1.60
2010.06.08 03:52:54.360,0.86895,0.86925,1.60,2.40
2010.06.08 03:52:54.577,0.8689,0.86925,6.40,4.00
2010.06.08 03:52:54.917,0.86885,0.8692,2.30,1.60
2010.06.08 03:52:55.512,0.86885,0.8692,2.30,4.00
2010.06.08 03:52:58.227,0.86885,0.8692,3.90,4.00
2010.06.08 03:53:00.097,0.86885,0.86915,2.30,1.60
2010.06.08 03:53:00.758,0.86885,0.8692,3.90,4.00
2010.06.08 03:53:01.276,0.86885,0.8692,3.90,4.80
2010.06.08 03:53:01.537,0.86885,0.86915,2.30,1.60
2010.06.08 03:53:02.147,0.86885,0.8692,2.30,4.00
2010.06.08 03:53:02.907,0.86885,0.8692,3.90,4.00
2010.06.08 03:53:03.177,0.86885,0.8692,3.90,2.40
2010.06.08 03:53:03.396,0.86885,0.8692,3.90,1.60
2010.06.08 03:53:03.618,0.8689,0.86925,1.00,4.00
2010.06.08 03:53:04.168,0.8689,0.8692,1.00,1.60
2010.06.08 03:53:04.898,0.8689,0.86925,1.00,4.00
2010.06.08 03:53:05.464,0.8689,0.86925,2.30,4.00
2010.06.08 03:53:08.265,0.8689,0.8692,2.30,1.60
2010.06.08 03:53:14.558,0.8689,0.86925,4.10,1.00
2010.06.08 03:53:15.048,0.8689,0.86925,2.30,2.40
2010.06.08 03:53:15.389,0.869,0.86935,3.90,5.60
2010.06.08 03:53:15.727,0.869,0.86935,5.50,1.60
2010.06.08 03:53:16.666,0.869,0.86935,3.90,1.60
2010.06.08 03:53:18.545,0.869,0.86935,4.00,1.60
2010.06.08 03:53:18.845,0.869,0.86935,5.50,1.60
2010.06.08 03:53:19.145,0.869,0.86935,5.60,1.60
2010.06.08 03:53:19.445,0.86905,0.86935,1.00,1.60
2010.06.08 03:53:19.855,0.869,0.86935,5.50,1.60
2010.06.08 03:53:20.999,0.869,0.86935,3.90,1.60
2010.06.08 03:53:21.456,0.869,0.86935,4.10,1.60
2010.06.08 03:53:24.406,0.869,0.86935,4.00,1.60
2010.06.08 03:53:27.709,0.869,0.86935,3.90,1.60
2010.06.08 03:53:28.297,0.869,0.86935,4.10,1.60
2010.06.08 03:53:29.919,0.869,0.86935,3.90,1.60
2010.06.08 03:53:30.255,0.869,0.86935,4.00,1.60
2010.06.08 03:53:30.595,0.869,0.86935,4.10,1.60
2010.06.08 03:53:32.256,0.869,0.86935,3.90,1.60
2010.06.08 03:53:32.369,0.869,0.8693,1.00,1.60
2010.06.08 03:53:32.709,0.869,0.86925,1.00,1.60
2010.06.08 03:53:33.092,0.86895,0.86925,2.50,1.60
2010.06.08 03:53:33.430,0.86895,0.86925,2.30,1.60
2010.06.08 03:53:34.187,0.8689,0.86925,2.30,4.00
2010.06.08 03:53:39.445,0.8689,0.8692,2.30,1.60
2010.06.08 03:54:17.696,0.8689,0.86915,2.30,1.60
2010.06.08 03:54:18.068,0.8689,0.8692,2.30,1.60
2010.06.08 03:54:18.620,0.8689,0.86915,2.30,1.60
2010.06.08 03:54:19.057,0.8689,0.86915,1.60,1.60
2010.06.08 03:54:19.397,0.86885,0.86915,2.30,1.60
2010.06.08 03:54:22.006,0.86885,0.86915,1.00,1.60
2010.06.08 03:54:22.447,0.86885,0.8691,1.00,1.60
2010.06.08 03:54:22.758,0.8688,0.86915,7.10,4.00
2010.06.08 03:54:23.070,0.8688,0.8691,3.90,1.60
2010.06.08 03:54:23.385,0.8688,0.8691,2.30,1.60
2010.06.08 03:54:29.139,0.8688,0.86915,8.70,4.00
2010.06.08 03:54:31.096,0.8688,0.8691,2.30,1.60
2010.06.08 03:54:31.300,0.8688,0.86915,2.30,4.00
2010.06.08 03:54:32.537,0.8688,0.8691,2.30,1.60
2010.06.08 03:54:32.876,0.8688,0.86915,2.30,4.00
2010.06.08 03:54:33.218,0.8688,0.86915,7.10,4.00
2010.06.08 03:54:33.557,0.8688,0.86915,2.30,4.00
2010.06.08 03:54:33.991,0.8688,0.86915,3.90,4.00
2010.06.08 03:54:34.226,0.8688,0.86915,8.70,4.00
2010.06.08 03:54:37.749,0.8688,0.86915,8.90,4.00
2010.06.08 03:54:39.501,0.8688,0.86915,8.70,4.00
2010.06.08 03:54:39.838,0.8688,0.86915,8.90,4.00
2010.06.08 03:54:41.740,0.8688,0.86915,7.10,4.00
2010.06.08 03:54:41.878,0.8688,0.8691,2.30,1.60
2010.06.08 03:54:42.279,0.8688,0.8691,2.30,2.40
2010.06.08 03:54:42.436,0.8687,0.86905,2.30,4.00
2010.06.08 03:54:43.064,0.86865,0.869,6.30,1.00
2010.06.08 03:54:43.408,0.86865,0.869,3.90,1.00
2010.06.08 03:54:44.567,0.86865,0.869,6.80,1.00
2010.06.08 03:54:44.836,0.86865,0.869,15.60,1.00
2010.06.08 03:54:48.446,0.86865,0.869,15.70,1.00
2010.06.08 03:54:48.792,0.86865,0.869,15.60,1.00
2010.06.08 03:54:52.648,0.8687,0.869,1.60,1.00
2010.06.08 03:54:58.169,0.86865,0.869,14.80,1.00
2010.06.08 03:54:58.368,0.86865,0.869,5.50,1.00
2010.06.08 03:54:58.566,0.86865,0.869,5.70,1.00
2010.06.08 03:54:58.966,0.86865,0.869,5.70,2.40
2010.06.08 03:54:59.165,0.86865,0.869,5.70,1.00
2010.06.08 03:54:59.800,0.8688,0.8691,1.60,2.40
2010.06.08 03:55:00.137,0.86885,0.86915,1.60,4.00
2010.06.08 03:55:00.477,0.8688,0.86915,3.90,2.40
2010.06.08 03:55:01.005,0.86885,0.8692,1.60,4.00
2010.06.08 03:55:01.256,0.86885,0.8692,2.30,2.40
2010.06.08 03:55:01.506,0.86885,0.8692,3.90,2.40
2010.06.08 03:55:02.007,0.86885,0.8692,7.10,2.40
2010.06.08 03:55:03.262,0.86885,0.8692,7.10,4.00
2010.06.08 03:55:03.498,0.86885,0.8692,7.10,2.40
2010.06.08 03:55:06.217,0.86885,0.8692,7.20,2.40
2010.06.08 03:55:06.771,0.86885,0.8692,7.10,2.40
2010.06.08 03:55:07.551,0.86885,0.8692,7.20,2.40
2010.06.08 03:55:07.760,0.86885,0.8692,7.10,2.40
2010.06.08 03:55:11.143,0.86885,0.8692,7.20,2.40
2010.06.08 03:55:11.290,0.86885,0.8692,7.10,2.40
2010.06.08 03:55:13.822,0.86885,0.8692,7.20,2.40
2010.06.08 03:55:15.401,0.86885,0.8692,7.10,4.00
2010.06.08 03:55:15.609,0.86885,0.8692,4.00,4.00
2010.06.08 03:55:15.856,0.86885,0.8692,3.90,4.00
2010.06.08 03:55:16.142,0.86885,0.8692,4.00,4.00
2010.06.08 03:55:16.998,0.86885,0.8692,3.90,4.00
2010.06.08 03:55:17.281,0.8688,0.86915,3.90,4.00
2010.06.08 03:55:17.557,0.8688,0.86915,2.30,4.00
2010.06.08 03:55:17.837,0.8688,0.86915,1.00,4.00
2010.06.08 03:55:25.345,0.8688,0.86915,2.30,4.00
2010.06.08 03:55:33.089,0.8688,0.86915,1.00,4.00
2010.06.08 03:55:36.994,0.8688,0.8691,1.00,1.60
2010.06.08 03:55:37.319,0.86875,0.8691,5.50,4.00
2010.06.08 03:55:38.186,0.8688,0.86915,1.00,4.00
2010.06.08 03:55:39.282,0.8688,0.8691,1.00,1.60
2010.06.08 03:55:39.560,0.86875,0.8691,2.30,4.00
2010.06.08 03:55:44.066,0.8687,0.86905,3.90,1.00
2010.06.08 03:55:46.916,0.86875,0.8691,2.30,4.00
2010.06.08 03:55:47.159,0.86875,0.8691,5.50,4.00
2010.06.08 03:55:50.828,0.86875,0.8691,5.70,4.00
2010.06.08 03:55:53.344,0.86875,0.8691,5.50,4.00
2010.06.08 03:55:53.421,0.86875,0.8691,3.90,4.00
2010.06.08 03:55:53.497,0.86875,0.8691,2.30,4.00
2010.06.08 03:55:57.850,0.86875,0.86905,2.30,1.60
2010.06.08 03:55:58.565,0.8687,0.86905,3.90,2.40
2010.06.08 03:55:59.329,0.8687,0.86905,3.90,1.00
2010.06.08 03:56:09.077,0.8687,0.86905,3.90,2.40
2010.06.08 03:56:13.922,0.8687,0.86905,2.30,2.40
2010.06.08 03:56:14.293,0.86865,0.86895,1.60,1.00
2010.06.08 03:56:14.363,0.8686,0.86895,2.30,2.40
2010.06.08 03:56:14.486,0.8686,0.86895,3.20,2.40
2010.06.08 03:56:14.863,0.86855,0.86895,3.90,4.00
2010.06.08 03:56:15.212,0.86855,0.8689,3.90,2.40
2010.06.08 03:56:15.562,0.8685,0.8688,8.00,2.40
2010.06.08 03:56:16.052,0.86845,0.8688,7.30,2.40
2010.06.08 03:56:16.372,0.86845,0.8688,2.30,2.40
2010.06.08 03:56:16.687,0.86845,0.8688,2.30,4.00
2010.06.08 03:56:17.007,0.86845,0.86875,2.30,1.00
2010.06.08 03:56:17.945,0.86845,0.86875,1.00,1.00
2010.06.08 03:56:18.277,0.86845,0.86875,2.30,1.00
2010.06.08 03:56:21.169,0.86845,0.86875,1.60,1.00
2010.06.08 03:56:21.841,0.8684,0.86875,5.50,4.00
2010.06.08 03:56:23.714,0.8683,0.8686,3.90,1.60
2010.06.08 03:56:23.892,0.8683,0.8686,3.90,2.40
2010.06.08 03:56:24.261,0.8683,0.8686,3.90,1.00
2010.06.08 03:56:26.775,0.8682,0.8685,10.30,1.60
2010.06.08 03:56:27.063,0.8682,0.8685,3.20,4.00
2010.06.08 03:56:27.648,0.8682,0.86845,1.60,1.60
2010.06.08 03:56:29.426,0.8682,0.8684,1.60,1.60
2010.06.08 03:56:30.616,0.8682,0.86835,1.60,1.00
2010.06.08 03:56:30.818,0.8681,0.86835,1.60,4.80
2010.06.08 03:56:31.483,0.86775,0.86815,1.00,2.40
2010.06.08 03:56:31.880,0.86765,0.8681,3.90,2.40
2010.06.08 03:56:32.200,0.86765,0.8681,3.90,4.00
2010.06.08 03:56:32.542,0.8677,0.86805,5.50,2.40
2010.06.08 03:56:32.890,0.8677,0.86805,3.90,2.40
2010.06.08 03:56:33.798,0.86765,0.868,3.90,2.40
2010.06.08 03:56:34.136,0.86765,0.868,3.90,4.00
2010.06.08 03:56:34.476,0.86765,0.868,3.90,2.40
2010.06.08 03:56:36.847,0.86765,0.868,3.90,4.00
2010.06.08 03:56:37.927,0.8677,0.86805,3.90,2.40
2010.06.08 03:56:38.260,0.86775,0.86805,1.60,1.00
2010.06.08 03:56:38.597,0.86775,0.86805,3.90,1.00
2010.06.08 03:56:40.295,0.86775,0.86805,2.30,1.00
2010.06.08 03:56:40.489,0.86775,0.8681,2.30,2.40
2010.06.08 03:56:40.687,0.86775,0.8681,3.90,4.00
2010.06.08 03:56:40.886,0.86775,0.8681,3.90,2.40
2010.06.08 03:56:41.086,0.86775,0.8681,3.90,4.00
2010.06.08 03:56:41.286,0.86775,0.8681,4.00,4.00
2010.06.08 03:56:41.476,0.86775,0.8681,4.00,2.40
2010.06.08 03:56:44.437,0.8678,0.86815,3.90,4.00
2010.06.08 03:56:45.627,0.8678,0.86815,3.90,2.40
2010.06.08 03:56:45.968,0.8678,0.86815,1.00,4.00
2010.06.08 03:56:48.246,0.8678,0.86815,1.00,4.10
2010.06.08 03:56:48.507,0.8678,0.86815,1.00,4.00
2010.06.08 03:56:48.778,0.8678,0.86815,2.30,4.00
2010.06.08 03:56:49.232,0.8678,0.86815,3.90,4.00
2010.06.08 03:56:49.512,0.8678,0.86815,2.30,4.00
2010.06.08 03:56:49.780,0.8678,0.86815,3.90,4.00
2010.06.08 03:56:51.267,0.8678,0.86815,5.10,4.00
2010.06.08 03:56:51.610,0.86785,0.8682,5.50,1.60
2010.06.08 03:56:51.819,0.8679,0.8682,1.60,1.60
2010.06.08 03:56:52.027,0.8679,0.8682,2.30,1.60
2010.06.08 03:56:52.518,0.8679,0.8682,1.00,1.60
2010.06.08 03:56:52.788,0.8679,0.8682,2.30,1.60
2010.06.08 03:56:53.326,0.8679,0.86825,2.30,4.00
2010.06.08 03:56:53.773,0.8679,0.8682,2.30,1.60
2010.06.08 03:56:54.129,0.86795,0.8682,1.60,1.60
2010.06.08 03:56:56.549,0.8679,0.8682,2.50,1.60
2010.06.08 03:56:59.677,0.86795,0.8682,1.60,1.60
2010.06.08 03:57:00.148,0.86795,0.86825,1.60,4.00
2010.06.08 03:57:00.750,0.86795,0.8682,1.60,1.60
2010.06.08 03:57:01.048,0.868,0.8683,1.00,2.40
2010.06.08 03:57:02.200,0.868,0.86835,2.30,4.00
2010.06.08 03:57:02.488,0.868,0.8683,2.30,1.60
2010.06.08 03:57:03.468,0.868,0.86835,2.30,4.00
2010.06.08 03:57:04.566,0.868,0.8683,2.30,1.60
2010.06.08 03:57:06.288,0.868,0.8683,2.50,1.60
2010.06.08 03:57:07.596,0.868,0.86825,2.30,1.60
2010.06.08 03:57:07.881,0.868,0.8683,2.30,1.60
2010.06.08 03:57:10.238,0.868,0.8683,2.50,1.60
2010.06.08 03:57:10.763,0.868,0.86835,3.90,4.00
2010.06.08 03:57:11.100,0.868,0.8683,2.30,1.60
2010.06.08 03:57:14.678,0.86805,0.8683,1.60,1.60
2010.06.08 03:57:14.869,0.86805,0.86835,3.90,1.60
2010.06.08 03:57:16.457,0.86805,0.86835,5.70,1.60
2010.06.08 03:57:16.586,0.86805,0.8684,5.70,4.00
2010.06.08 03:57:16.982,0.86805,0.86835,5.70,1.60
2010.06.08 03:57:17.106,0.86805,0.86835,5.50,1.60
2010.06.08 03:57:17.655,0.86805,0.86835,5.70,1.60
2010.06.08 03:57:18.366,0.8681,0.86835,1.00,1.60
2010.06.08 03:57:22.890,0.8681,0.86845,1.00,4.00
2010.06.08 03:57:23.088,0.8681,0.86845,2.30,3.20
2010.06.08 03:57:23.287,0.8681,0.86845,2.30,1.60
2010.06.08 03:57:23.486,0.86815,0.86845,1.00,1.60
2010.06.08 03:57:23.687,0.86815,0.86845,2.30,1.60
2010.06.08 03:57:25.312,0.86815,0.8684,1.60,1.60
2010.06.08 03:57:25.477,0.8681,0.86845,3.90,2.40
2010.06.08 03:57:25.914,0.8681,0.8684,2.30,1.60
2010.06.08 03:57:26.084,0.8681,0.8684,1.00,1.60
2010.06.08 03:57:26.432,0.86805,0.8684,2.30,2.40
2010.06.08 03:57:26.779,0.86805,0.8684,2.30,4.80
2010.06.08 03:57:27.125,0.86805,0.86835,1.60,1.00
2010.06.08 03:57:27.438,0.868,0.86835,3.90,2.40
2010.06.08 03:57:28.059,0.86805,0.86835,1.60,1.00
2010.06.08 03:57:28.372,0.86805,0.86835,3.90,1.00
2010.06.08 03:57:28.718,0.86805,0.86835,2.30,1.00
2010.06.08 03:57:30.776,0.86805,0.8684,3.90,4.00
2010.06.08 03:57:31.007,0.86805,0.8684,3.90,2.40
2010.06.08 03:57:32.687,0.86805,0.8684,4.10,2.40
2010.06.08 03:57:33.254,0.86805,0.8684,4.10,4.00
2010.06.08 03:57:33.636,0.86805,0.8684,3.90,4.00
2010.06.08 03:57:34.758,0.86805,0.8684,5.50,4.00
2010.06.08 03:57:35.017,0.8681,0.8684,1.00,1.60
2010.06.08 03:57:35.798,0.8681,0.86845,2.30,2.40
2010.06.08 03:57:36.201,0.8681,0.86845,3.90,2.40
2010.06.08 03:57:36.408,0.86815,0.86845,2.30,1.60
2010.06.08 03:57:36.940,0.86815,0.8685,3.90,2.40
2010.06.08 03:57:39.286,0.86815,0.86845,1.60,2.40
2010.06.08 03:57:40.091,0.8681,0.8684,1.60,2.40
2010.06.08 03:57:40.431,0.86805,0.8684,3.90,2.40
2010.06.08 03:57:44.500,0.8681,0.86845,1.60,4.00
2010.06.08 03:57:44.840,0.86805,0.86845,3.90,4.90
2010.06.08 03:57:45.414,0.86805,0.8684,2.30,3.20
2010.06.08 03:57:45.706,0.86805,0.86835,3.90,1.00
2010.06.08 03:57:47.909,0.86805,0.8684,3.90,4.00
2010.06.08 03:57:48.615,0.86805,0.8684,3.90,2.40
2010.06.08 03:57:49.835,0.86805,0.8684,3.90,4.00
2010.06.08 03:57:50.277,0.86805,0.8684,3.90,2.40
2010.06.08 03:57:51.208,0.86805,0.8684,3.90,3.20
2010.06.08 03:57:51.693,0.86805,0.86835,3.90,1.00
2010.06.08 03:57:53.708,0.86805,0.86835,2.30,1.00
2010.06.08 03:57:54.328,0.86805,0.86835,2.30,2.40
2010.06.08 03:57:54.579,0.86805,0.86835,1.60,1.00
2010.06.08 03:57:57.357,0.868,0.86835,3.90,1.00
2010.06.08 03:57:57.765,0.86805,0.8684,2.30,4.00
2010.06.08 03:57:58.150,0.86805,0.8684,3.90,4.00
2010.06.08 03:57:58.415,0.86805,0.8684,3.90,2.40
2010.06.08 03:57:58.798,0.86805,0.86835,1.60,1.00
2010.06.08 03:57:59.458,0.868,0.86835,3.90,1.00
2010.06.08 03:57:59.788,0.868,0.86835,3.90,2.40
2010.06.08 03:58:00.047,0.868,0.86835,3.90,1.00
2010.06.08 03:58:00.833,0.86805,0.86835,1.60,1.00
2010.06.08 03:58:01.077,0.86805,0.86845,5.50,4.00
2010.06.08 03:58:01.303,0.8681,0.8684,3.90,1.60
2010.06.08 03:58:01.815,0.8682,0.86855,1.00,11.20
2010.06.08 03:58:02.082,0.86835,0.8686,1.60,2.40
2010.06.08 03:58:02.433,0.86835,0.8687,2.30,4.00
2010.06.08 03:58:03.192,0.8683,0.86865,1.00,4.00
2010.06.08 03:58:08.955,0.8683,0.8686,1.00,1.60
2010.06.08 03:58:09.157,0.8683,0.8686,1.00,1.60
2010.06.08 03:58:09.256,0.8683,0.8686,4.10,1.60
2010.06.08 03:58:10.056,0.8683,0.8686,3.90,1.60
2010.06.08 03:58:13.037,0.8683,0.8686,1.00,1.60
2010.06.08 03:58:14.091,0.8683,0.86855,1.00,1.60
2010.06.08 03:58:14.446,0.86825,0.86855,2.30,1.60
2010.06.08 03:58:14.619,0.86825,0.8685,1.60,1.60
2010.06.08 03:58:15.129,0.8682,0.8685,2.30,1.60
2010.06.08 03:58:16.948,0.8682,0.86855,3.90,4.00
2010.06.08 03:58:17.137,0.8682,0.86855,2.30,4.00
2010.06.08 03:58:19.588,0.8682,0.8685,2.30,1.60
2010.06.08 03:58:21.386,0.8682,0.8685,1.00,1.60
2010.06.08 03:58:22.794,0.8682,0.86845,1.00,1.60
2010.06.08 03:58:23.455,0.8682,0.8685,1.00,2.40
2010.06.08 03:58:25.377,0.86815,0.8685,2.30,2.40
2010.06.08 03:58:29.027,0.8681,0.86845,3.90,1.60
2010.06.08 03:58:34.305,0.86815,0.86845,1.00,1.60
2010.06.08 03:58:34.367,0.86815,0.86845,2.30,1.60
2010.06.08 03:58:34.496,0.86815,0.8685,2.30,4.00
2010.06.08 03:58:34.566,0.86815,0.8685,3.90,4.00
2010.06.08 03:58:34.687,0.86815,0.8685,3.20,4.00
2010.06.08 03:58:34.756,0.86815,0.8685,1.60,4.00
2010.06.08 03:58:34.826,0.86815,0.86845,1.60,1.60
2010.06.08 03:58:35.016,0.86815,0.86845,3.20,1.60
2010.06.08 03:58:35.928,0.86815,0.86845,1.60,4.00
2010.06.08 03:58:36.217,0.86815,0.86845,3.20,4.00
2010.06.08 03:58:36.742,0.86815,0.86845,1.60,4.00
2010.06.08 03:58:36.906,0.8681,0.86845,3.90,4.00
2010.06.08 03:58:53.616,0.8681,0.86845,3.90,1.60
2010.06.08 03:58:57.036,0.86815,0.86845,1.00,1.60
2010.06.08 03:58:57.138,0.86815,0.86845,2.30,1.60
2010.06.08 03:58:57.346,0.86815,0.8685,2.30,2.40
2010.06.08 03:58:57.687,0.8682,0.8685,1.00,2.40
2010.06.08 03:58:58.026,0.8682,0.8685,1.00,1.00
2010.06.08 03:58:58.366,0.8682,0.8685,1.00,2.40
2010.06.08 03:58:58.708,0.8682,0.86845,1.00,1.60
2010.06.08 03:58:59.622,0.8682,0.8685,1.00,1.60
2010.06.08 03:58:59.973,0.86825,0.8686,3.90,5.70
2010.06.08 03:59:00.320,0.86825,0.8686,2.30,2.40
2010.06.08 03:59:00.657,0.8683,0.8686,1.00,2.40
2010.06.08 03:59:00.899,0.8683,0.86855,1.00,1.60
2010.06.08 03:59:02.319,0.8683,0.8686,1.00,1.60
2010.06.08 03:59:05.507,0.8683,0.86865,1.00,4.00
2010.06.08 03:59:07.164,0.8683,0.86865,2.30,4.00
2010.06.08 03:59:07.390,0.8683,0.86865,5.50,1.60
2010.06.08 03:59:07.610,0.8683,0.8686,5.50,1.60
2010.06.08 03:59:07.828,0.8683,0.86865,5.50,1.60
2010.06.08 03:59:08.649,0.8683,0.8686,3.90,1.60
2010.06.08 03:59:08.730,0.8683,0.86855,1.00,1.60
2010.06.08 03:59:09.068,0.8683,0.8686,1.00,1.60
2010.06.08 03:59:10.678,0.8683,0.86855,1.00,1.60
2010.06.08 03:59:11.066,0.8683,0.86855,1.00,2.40
2010.06.08 03:59:11.078,0.86825,0.86855,3.20,3.20
2010.06.08 03:59:11.213,0.8682,0.86845,1.00,1.60
2010.06.08 03:59:13.388,0.8682,0.8685,1.00,1.60
2010.06.08 03:59:20.866,0.8682,0.8685,2.30,1.60
2010.06.08 03:59:21.226,0.8682,0.86855,2.30,2.40
2010.06.08 03:59:22.498,0.8682,0.8685,2.30,1.60
2010.06.08 03:59:23.342,0.8682,0.8685,1.00,1.60
2010.06.08 03:59:25.277,0.8682,0.86855,2.30,2.40
2010.06.08 03:59:25.402,0.8682,0.86855,1.00,2.40
2010.06.08 03:59:25.871,0.86825,0.86855,1.00,1.00
2010.06.08 03:59:26.206,0.86825,0.86855,2.30,1.00
2010.06.08 03:59:28.997,0.86825,0.86855,2.30,2.40
2010.06.08 03:59:29.807,0.86825,0.8685,2.30,1.60
2010.06.08 03:59:30.370,0.8682,0.8685,1.00,1.60
2010.06.08 03:59:35.527,0.8682,0.8685,1.00,2.40
2010.06.08 03:59:35.798,0.86815,0.86845,2.30,1.60
2010.06.08 03:59:37.207,0.86815,0.8685,2.30,4.00
2010.06.08 03:59:42.097,0.86815,0.8685,5.50,4.00
2010.06.08 03:59:42.175,0.8682,0.8685,1.00,3.20
2010.06.08 03:59:42.248,0.8682,0.8685,1.00,1.60
2010.06.08 03:59:42.419,0.86825,0.8685,2.30,1.60
2010.06.08 03:59:42.589,0.8682,0.8685,2.30,1.60
2010.06.08 03:59:42.758,0.8682,0.86845,2.30,1.60
2010.06.08 03:59:53.078,0.86815,0.86845,3.90,1.60
2010.06.08 03:59:53.409,0.86815,0.86845,2.30,1.60
2010.06.08 03:59:53.495,0.86815,0.8685,3.90,1.60
2010.06.08 03:59:53.617,0.86815,0.86855,3.90,5.20
2010.06.08 03:59:53.666,0.8682,0.86855,2.30,5.20
2010.06.08 03:59:54.008,0.8682,0.86845,2.30,1.60
2010.06.08 03:59:54.348,0.86815,0.86845,5.50,1.60
2010.06.08 03:59:55.917,0.86815,0.86845,2.30,1.60
2010.06.08 03:59:57.958,0.86815,0.8684,2.30,1.60
2010.06.08 03:59:58.416,0.86815,0.86835,2.30,1.60
2010.06.08 03:59:58.624,0.86805,0.8684,3.90,1.60
