2011.01.26 09:00:01.506,0.824,0.82425,1.17,1.50
2011.01.26 09:00:02.118,0.82406,0.82429,1.50,1.50
2011.01.26 09:00:03.959,0.82406,0.82426,1.50,1.50
2011.01.26 09:00:04.180,0.82399,0.82426,1.28,1.50
2011.01.26 09:00:06.478,0.82399,0.82422,1.28,1.50
2011.01.26 09:00:07.131,0.82399,0.82424,1.28,2.25
2011.01.26 09:00:08.418,0.82406,0.82426,1.50,3.00
2011.01.26 09:00:09.360,0.82406,0.8242,1.50,1.50
2011.01.26 09:00:10.155,0.82393,0.8242,1.28,1.50
2011.01.26 09:00:10.988,0.82396,0.8242,1.50,1.69
2011.01.26 09:00:11.108,0.82388,0.82416,2.78,2.25
2011.01.26 09:00:11.780,0.82388,0.82413,1.28,1.50
2011.01.26 09:00:13.093,0.82391,0.82415,3.19,1.50
2011.01.26 09:00:13.429,0.82401,0.82426,1.28,1.50
2011.01.26 09:00:13.992,0.82401,0.82429,1.28,2.25
2011.01.26 09:00:14.117,0.82406,0.82425,1.50,3.00
2011.01.26 09:00:14.450,0.82399,0.82425,1.09,1.50
2011.01.26 09:00:15.137,0.82395,0.82421,3.57,1.50
2011.01.26 09:00:15.880,0.82388,0.82414,1.28,1.50
2011.01.26 09:00:15.993,0.82396,0.82414,1.50,1.50
2011.01.26 09:00:16.691,0.82388,0.82413,3.72,2.25
2011.01.26 09:00:16.817,0.82397,0.82417,1.50,1.50
2011.01.26 09:00:17.600,0.82397,0.82418,1.50,2.25
2011.01.26 09:00:21.768,0.82398,0.82425,1.28,1.50
2011.01.26 09:00:23.999,0.82396,0.82423,1.28,3.75
2011.01.26 09:00:24.118,0.82395,0.82421,1.28,2.25
2011.01.26 09:00:24.918,0.82395,0.82414,1.28,1.50
2011.01.26 09:00:25.718,0.82398,0.82414,2.03,1.50
2011.01.26 09:00:26.287,0.824,0.82426,1.28,2.25
2011.01.26 09:00:27.692,0.82396,0.82421,1.50,2.25
2011.01.26 09:00:28.259,0.82393,0.82419,1.47,1.50
2011.01.26 09:00:28.842,0.82393,0.82422,1.47,1.50
2011.01.26 09:00:30.204,0.82401,0.82423,1.09,2.25
2011.01.26 09:00:30.320,0.82402,0.82429,1.47,1.50
2011.01.26 09:00:33.386,0.82406,0.82433,1.28,1.50
2011.01.26 09:00:33.719,0.82406,0.82426,1.28,1.50
2011.01.26 09:00:34.638,0.82406,0.82428,1.28,1.50
2011.01.26 09:00:37.179,0.82406,0.82427,1.28,1.50
2011.01.26 09:00:38.351,0.82407,0.82428,1.65,1.50
2011.01.26 09:00:38.471,0.82411,0.82426,3.19,1.50
2011.01.26 09:00:39.050,0.82411,0.82426,1.47,1.50
2011.01.26 09:00:39.166,0.82412,0.82439,1.28,3.00
2011.01.26 09:00:40.055,0.82412,0.82437,1.28,1.50
2011.01.26 09:00:40.610,0.82412,0.82436,1.28,1.50
2011.01.26 09:00:42.748,0.82411,0.82439,1.28,2.25
2011.01.26 09:00:45.158,0.82416,0.8244,1.50,1.50
2011.01.26 09:00:48.840,0.82411,0.82434,1.28,1.50
2011.01.26 09:00:50.211,0.82415,0.82439,2.97,2.25
2011.01.26 09:00:50.331,0.82417,0.82439,1.05,1.50
2011.01.26 09:00:50.559,0.82417,0.82442,1.05,1.50
2011.01.26 09:00:51.289,0.82418,0.82441,1.43,1.50
2011.01.26 09:00:52.209,0.82416,0.82439,1.50,2.25
2011.01.26 09:00:52.542,0.82419,0.82443,1.28,1.50
2011.01.26 09:00:53.341,0.82419,0.82444,1.28,1.50
2011.01.26 09:00:54.164,0.82421,0.82446,1.28,1.50
2011.01.26 09:00:54.277,0.82422,0.82446,1.28,1.50
2011.01.26 09:00:56.578,0.82422,0.82445,1.28,1.50
2011.01.26 09:00:57.554,0.82422,0.82444,1.28,1.50
2011.01.26 09:00:59.039,0.82422,0.82445,1.28,1.50
2011.01.26 09:00:59.294,0.82422,0.82447,1.28,2.25
2011.01.26 09:00:59.410,0.82443,0.82453,3.38,3.00
2011.01.26 09:00:59.640,0.8248,0.82501,1.47,1.50
2011.01.26 09:01:00.224,0.82485,0.82501,2.25,1.50
2011.01.26 09:01:00.347,0.82487,0.82512,2.03,1.50
2011.01.26 09:01:00.460,0.8249,0.82511,1.28,1.50
2011.01.26 09:01:01.023,0.82494,0.8252,1.47,1.50
2011.01.26 09:01:02.042,0.8251,0.82524,1.65,3.75
2011.01.26 09:01:02.281,0.82517,0.82543,2.97,2.25
2011.01.26 09:01:02.509,0.82517,0.82531,2.97,1.50
2011.01.26 09:01:03.060,0.82517,0.82543,1.47,2.25
2011.01.26 09:01:03.173,0.82511,0.82541,1.47,1.50
2011.01.26 09:01:03.511,0.82509,0.82539,2.78,2.25
2011.01.26 09:01:03.628,0.82509,0.82535,1.28,1.50
2011.01.26 09:01:04.067,0.82509,0.82535,4.47,1.50
2011.01.26 09:01:05.508,0.82506,0.82532,1.50,2.25
2011.01.26 09:01:06.460,0.82507,0.82536,2.22,3.00
2011.01.26 09:01:06.570,0.82507,0.82536,2.22,2.25
2011.01.26 09:01:07.602,0.82507,0.82533,2.22,1.50
2011.01.26 09:01:08.516,0.82503,0.82531,1.28,2.25
2011.01.26 09:01:09.563,0.82514,0.82541,1.28,3.08
2011.01.26 09:01:09.680,0.82514,0.82541,1.28,3.00
2011.01.26 09:01:10.370,0.82517,0.82541,1.50,3.00
2011.01.26 09:01:10.600,0.82514,0.82539,1.28,2.40
2011.01.26 09:01:10.818,0.82506,0.82535,2.78,1.50
2011.01.26 09:01:13.110,0.82507,0.82528,2.03,2.25
2011.01.26 09:01:13.228,0.82503,0.82528,1.28,3.19
2011.01.26 09:01:13.450,0.82503,0.82523,1.65,1.50
2011.01.26 09:01:14.158,0.82509,0.82533,2.03,2.25
2011.01.26 09:01:18.632,0.82506,0.8253,2.22,1.13
2011.01.26 09:01:18.753,0.82506,0.8253,1.50,2.22
2011.01.26 09:01:19.376,0.82502,0.82525,1.50,1.50
2011.01.26 09:01:19.497,0.82496,0.8252,1.50,1.50
2011.01.26 09:01:19.723,0.82496,0.82522,2.03,2.25
2011.01.26 09:01:20.575,0.82497,0.82523,1.28,1.50
2011.01.26 09:01:21.226,0.82496,0.82517,1.50,1.13
2011.01.26 09:01:21.450,0.82489,0.82518,1.28,5.07
2011.01.26 09:01:22.135,0.82489,0.82513,1.28,1.50
2011.01.26 09:01:22.480,0.82493,0.8252,1.47,1.50
2011.01.26 09:01:23.368,0.82493,0.82514,1.28,1.50
2011.01.26 09:01:23.748,0.82495,0.82514,2.59,1.50
2011.01.26 09:01:24.416,0.82502,0.82514,1.28,1.50
2011.01.26 09:01:24.641,0.82502,0.82529,1.28,3.57
2011.01.26 09:01:24.761,0.82502,0.82529,1.28,3.57
2011.01.26 09:01:25.345,0.82499,0.82523,1.28,1.50
2011.01.26 09:01:29.076,0.82505,0.82523,1.28,1.50
2011.01.26 09:01:29.895,0.82505,0.82529,1.28,2.25
2011.01.26 09:01:30.015,0.825,0.82524,1.28,1.50
2011.01.26 09:01:31.120,0.82502,0.82533,1.09,2.25
2011.01.26 09:01:31.233,0.82504,0.82534,1.47,2.25
2011.01.26 09:01:31.464,0.82504,0.82534,1.28,3.19
2011.01.26 09:01:32.071,0.82503,0.8252,3.00,1.50
2011.01.26 09:01:32.199,0.82497,0.8252,1.28,1.88
2011.01.26 09:01:32.314,0.82493,0.82519,1.28,2.25
2011.01.26 09:01:32.431,0.82493,0.82518,1.28,1.13
2011.01.26 09:01:32.919,0.82492,0.82518,1.28,1.13
2011.01.26 09:01:33.038,0.82489,0.82514,1.28,1.50
2011.01.26 09:01:34.193,0.82489,0.82513,1.28,1.50
2011.01.26 09:01:34.930,0.82489,0.82514,1.28,1.50
2011.01.26 09:01:35.044,0.82492,0.82518,1.28,3.00
2011.01.26 09:01:35.162,0.82492,0.82522,1.28,1.50
2011.01.26 09:01:35.694,0.82493,0.82523,1.28,3.75
2011.01.26 09:01:35.817,0.82497,0.82514,1.50,1.50
2011.01.26 09:01:36.596,0.8249,0.82509,1.28,1.50
2011.01.26 09:01:36.823,0.82487,0.82509,1.28,1.50
2011.01.26 09:01:37.542,0.82487,0.8251,1.28,1.50
2011.01.26 09:01:37.803,0.82487,0.82507,1.28,1.50
2011.01.26 09:01:38.483,0.82483,0.82509,1.47,1.50
2011.01.26 09:01:39.699,0.82483,0.82508,1.47,1.50
2011.01.26 09:01:40.661,0.82483,0.82509,1.47,1.50
2011.01.26 09:01:41.611,0.82486,0.82508,1.50,3.00
2011.01.26 09:01:45.414,0.82487,0.82512,2.78,1.50
2011.01.26 09:01:45.530,0.82487,0.8251,2.78,1.50
2011.01.26 09:01:46.245,0.82487,0.82512,2.78,1.50
2011.01.26 09:01:47.056,0.82487,0.82509,1.28,1.50
2011.01.26 09:01:47.175,0.8248,0.82509,1.28,1.50
2011.01.26 09:01:47.289,0.82487,0.82509,1.50,2.25
2011.01.26 09:01:49.531,0.8248,0.82503,1.47,1.50
2011.01.26 09:01:50.087,0.82486,0.82503,1.50,1.50
2011.01.26 09:01:50.814,0.82486,0.82503,1.50,2.82
2011.01.26 09:01:50.935,0.82472,0.82493,1.28,1.50
2011.01.26 09:01:51.654,0.82475,0.82493,1.28,1.50
2011.01.26 09:01:51.787,0.82478,0.82501,1.28,1.50
2011.01.26 09:01:52.609,0.8248,0.82503,1.28,1.50
2011.01.26 09:01:53.736,0.82484,0.82508,1.28,1.50
2011.01.26 09:01:53.962,0.82484,0.82512,1.28,1.13
2011.01.26 09:01:54.771,0.82484,0.82508,1.28,1.50
2011.01.26 09:01:54.895,0.82481,0.82509,1.28,1.13
2011.01.26 09:01:55.117,0.82481,0.82507,1.28,1.50
2011.01.26 09:01:56.010,0.82481,0.82504,1.28,1.50
2011.01.26 09:01:56.131,0.82477,0.82503,1.28,1.50
2011.01.26 09:01:57.171,0.82472,0.82501,1.43,1.50
2011.01.26 09:02:00.766,0.82476,0.82502,1.28,1.50
2011.01.26 09:02:01.360,0.82478,0.82499,1.28,1.50
2011.01.26 09:02:01.478,0.82472,0.82499,1.28,3.00
2011.01.26 09:02:02.283,0.82466,0.82491,1.28,1.13
2011.01.26 09:02:03.084,0.82465,0.82489,1.47,1.50
2011.01.26 09:02:03.333,0.82471,0.82495,1.50,1.50
2011.01.26 09:02:04.044,0.82471,0.82491,1.50,1.13
2011.01.26 09:02:04.153,0.82463,0.82492,1.28,1.50
2011.01.26 09:02:05.800,0.82468,0.82493,2.78,1.50
2011.01.26 09:02:06.748,0.82472,0.82493,1.28,1.50
2011.01.26 09:02:07.546,0.82476,0.82493,1.28,1.50
2011.01.26 09:02:07.668,0.82478,0.82503,1.28,1.50
2011.01.26 09:02:09.334,0.82471,0.82498,1.28,1.50
2011.01.26 09:02:10.043,0.82476,0.82498,1.50,1.50
2011.01.26 09:02:10.953,0.82475,0.82497,1.50,1.32
2011.01.26 09:02:11.409,0.82473,0.82494,1.50,2.25
2011.01.26 09:02:11.980,0.82482,0.82494,1.50,1.50
2011.01.26 09:02:12.108,0.8248,0.82501,1.50,1.50
2011.01.26 09:02:12.438,0.82478,0.82501,1.50,1.69
2011.01.26 09:02:13.253,0.82476,0.82501,1.50,1.69
2011.01.26 09:02:14.708,0.82476,0.82496,1.50,1.13
2011.01.26 09:02:14.819,0.82471,0.82496,2.78,1.32
2011.01.26 09:02:15.040,0.82476,0.82494,1.50,1.50
2011.01.26 09:02:16.021,0.82486,0.82503,1.50,2.25
2011.01.26 09:02:16.613,0.82494,0.82511,1.50,1.50
2011.01.26 09:02:16.734,0.82494,0.82514,1.50,3.00
2011.01.26 09:02:17.546,0.82496,0.82514,1.50,3.00
2011.01.26 09:02:18.408,0.82495,0.82514,1.50,3.00
2011.01.26 09:02:18.958,0.82499,0.82514,1.50,3.00
2011.01.26 09:02:19.481,0.82499,0.82514,1.50,1.50
2011.01.26 09:02:19.603,0.82497,0.82519,1.50,1.50
2011.01.26 09:02:19.830,0.82499,0.82519,1.50,1.50
2011.01.26 09:02:20.063,0.82496,0.82519,1.50,1.69
2011.01.26 09:02:20.663,0.82495,0.82519,1.50,1.69
2011.01.26 09:02:22.696,0.82493,0.82514,1.50,2.25
2011.01.26 09:02:23.418,0.82485,0.82509,2.03,1.13
2011.01.26 09:02:23.661,0.8248,0.82502,1.50,1.69
2011.01.26 09:02:24.423,0.82481,0.825,1.50,1.50
2011.01.26 09:02:24.979,0.82482,0.82503,1.65,1.50
2011.01.26 09:02:25.597,0.8249,0.82514,2.03,3.00
2011.01.26 09:02:26.278,0.82493,0.82514,1.50,3.00
2011.01.26 09:02:27.429,0.82495,0.82514,1.50,1.50
2011.01.26 09:02:28.076,0.82497,0.82519,1.50,1.50
2011.01.26 09:02:29.100,0.82499,0.82521,1.50,1.50
2011.01.26 09:02:29.815,0.825,0.82521,1.50,1.50
2011.01.26 09:02:30.839,0.825,0.82517,1.50,1.50
2011.01.26 09:02:31.299,0.82484,0.82511,2.03,1.50
2011.01.26 09:02:31.858,0.82484,0.82506,1.50,1.50
2011.01.26 09:02:32.976,0.82486,0.82506,1.50,1.50
2011.01.26 09:02:34.017,0.82483,0.82506,1.50,1.50
2011.01.26 09:02:36.498,0.82483,0.82506,2.82,1.50
2011.01.26 09:02:37.868,0.82491,0.82512,1.50,1.50
2011.01.26 09:02:38.308,0.82487,0.82512,1.50,1.50
2011.01.26 09:02:39.364,0.82488,0.82512,1.50,1.50
2011.01.26 09:02:39.490,0.82486,0.82512,3.53,1.50
2011.01.26 09:02:40.967,0.82488,0.82512,1.50,1.50
2011.01.26 09:02:41.621,0.82485,0.82512,3.15,1.50
2011.01.26 09:02:41.744,0.82489,0.82512,1.50,1.50
2011.01.26 09:02:41.859,0.82487,0.82512,1.50,1.50
2011.01.26 09:02:43.572,0.82488,0.82512,1.50,1.50
2011.01.26 09:02:46.389,0.82492,0.82512,1.50,1.50
2011.01.26 09:02:46.617,0.82492,0.82514,1.50,2.25
2011.01.26 09:02:47.962,0.8249,0.82514,2.03,2.25
2011.01.26 09:02:50.278,0.82494,0.82514,1.50,2.25
2011.01.26 09:02:51.154,0.82492,0.82513,1.50,2.25
2011.01.26 09:02:51.270,0.82495,0.82513,1.50,2.25
2011.01.26 09:02:54.778,0.82493,0.82513,1.50,2.25
2011.01.26 09:02:56.717,0.82498,0.8252,1.50,1.50
2011.01.26 09:02:56.827,0.82498,0.82523,1.50,1.50
2011.01.26 09:02:59.050,0.82503,0.82523,1.50,1.50
2011.01.26 09:02:59.661,0.82499,0.82523,1.50,1.50
2011.01.26 09:02:59.998,0.82502,0.82523,1.50,1.50
2011.01.26 09:03:01.654,0.82501,0.82523,1.50,1.50
2011.01.26 09:03:03.602,0.82501,0.82524,1.50,1.50
2011.01.26 09:03:03.938,0.82503,0.82526,1.50,1.50
2011.01.26 09:03:04.880,0.82502,0.82526,1.50,1.50
2011.01.26 09:03:05.610,0.82501,0.82526,2.44,1.50
2011.01.26 09:03:05.738,0.82505,0.8253,2.97,1.50
2011.01.26 09:03:05.853,0.82506,0.82533,1.69,3.00
2011.01.26 09:03:06.560,0.82507,0.82533,1.50,1.50
2011.01.26 09:03:07.348,0.82507,0.82527,1.50,1.50
2011.01.26 09:03:07.731,0.82497,0.82524,2.78,1.69
2011.01.26 09:03:08.570,0.82493,0.82523,2.03,2.25
2011.01.26 09:03:15.282,0.82507,0.82533,1.28,2.25
2011.01.26 09:03:15.512,0.82506,0.82534,2.03,1.13
2011.01.26 09:03:15.630,0.82506,0.82532,2.03,1.50
2011.01.26 09:03:16.540,0.82505,0.82529,3.94,1.50
2011.01.26 09:03:16.868,0.82508,0.82529,1.50,1.50
2011.01.26 09:03:16.979,0.82508,0.82532,1.50,1.50
2011.01.26 09:03:17.488,0.82506,0.82532,2.03,1.50
2011.01.26 09:03:18.410,0.82507,0.82532,3.00,1.50
2011.01.26 09:03:19.286,0.8251,0.82532,1.50,1.50
2011.01.26 09:03:19.843,0.82507,0.82532,1.50,1.50
2011.01.26 09:03:19.965,0.82511,0.8254,1.47,2.33
2011.01.26 09:03:20.193,0.82526,0.82547,1.50,1.50
2011.01.26 09:03:20.421,0.8252,0.82547,4.28,1.50
2011.01.26 09:03:21.550,0.82528,0.82547,2.07,1.50
2011.01.26 09:03:21.660,0.82528,0.82552,4.32,1.50
2011.01.26 09:03:22.605,0.82527,0.82552,1.50,1.50
2011.01.26 09:03:23.219,0.82527,0.82549,1.50,1.50
2011.01.26 09:03:24.098,0.82524,0.82549,2.03,1.50
2011.01.26 09:03:27.133,0.82526,0.82549,1.50,1.50
2011.01.26 09:03:27.827,0.82524,0.82549,2.03,1.69
2011.01.26 09:03:28.163,0.82522,0.82543,2.25,1.50
2011.01.26 09:03:29.119,0.82518,0.82549,2.97,1.50
2011.01.26 09:03:30.248,0.82526,0.82552,2.03,1.50
2011.01.26 09:03:30.760,0.82527,0.82552,1.50,1.50
2011.01.26 09:03:31.546,0.82528,0.82552,1.50,2.07
2011.01.26 09:03:31.779,0.82526,0.82552,2.03,1.65
2011.01.26 09:03:32.984,0.82527,0.82552,1.50,1.50
2011.01.26 09:03:34.225,0.82527,0.82548,1.50,1.50
2011.01.26 09:03:34.344,0.8252,0.82548,2.03,1.50
2011.01.26 09:03:34.681,0.82517,0.82542,1.50,1.50
2011.01.26 09:03:35.570,0.82513,0.82542,2.97,1.50
2011.01.26 09:03:36.426,0.82516,0.82542,1.47,1.50
2011.01.26 09:03:37.078,0.82523,0.82548,1.50,1.50
2011.01.26 09:03:37.865,0.82521,0.82549,2.03,1.50
2011.01.26 09:03:41.935,0.82523,0.82549,1.50,1.50
2011.01.26 09:03:42.050,0.82525,0.82549,1.50,1.50
2011.01.26 09:03:42.273,0.8252,0.82549,2.78,1.50
2011.01.26 09:03:42.502,0.82522,0.82546,1.50,1.50
2011.01.26 09:03:42.621,0.82519,0.82546,2.03,1.50
2011.01.26 09:03:43.204,0.82516,0.82542,2.03,1.50
2011.01.26 09:03:44.999,0.82516,0.82542,3.00,1.50
2011.01.26 09:03:45.673,0.82514,0.82539,2.03,1.50
2011.01.26 09:03:45.790,0.82517,0.82539,1.50,1.50
2011.01.26 09:03:47.327,0.82517,0.82543,3.53,1.50
2011.01.26 09:03:49.280,0.82517,0.82543,2.22,1.50
2011.01.26 09:03:49.975,0.82517,0.82543,2.03,1.50
2011.01.26 09:03:50.498,0.82517,0.82541,1.50,1.50
2011.01.26 09:03:51.799,0.82517,0.82544,2.03,1.50
2011.01.26 09:03:52.473,0.82517,0.82544,2.22,1.50
2011.01.26 09:03:55.754,0.82517,0.82542,2.03,1.32
2011.01.26 09:03:56.088,0.82508,0.82534,1.50,1.50
2011.01.26 09:03:57.030,0.82507,0.82533,1.50,1.50
2011.01.26 09:03:58.374,0.82506,0.82527,1.50,1.50
2011.01.26 09:03:58.830,0.82506,0.82525,1.50,1.50
2011.01.26 09:03:59.509,0.825,0.82525,2.44,1.50
2011.01.26 09:04:00.867,0.82509,0.82531,2.82,1.50
2011.01.26 09:04:00.980,0.82509,0.82531,2.82,1.50
2011.01.26 09:04:15.138,0.82508,0.82531,1.88,1.50
2011.01.26 09:04:15.249,0.82508,0.82531,2.82,1.50
2011.01.26 09:04:20.090,0.82508,0.82531,2.25,1.50
2011.01.26 09:04:22.463,0.82509,0.82531,1.50,1.50
2011.01.26 09:04:23.059,0.82507,0.82531,1.69,1.50
2011.01.26 09:04:24.317,0.8251,0.82531,1.50,1.50
2011.01.26 09:04:25.123,0.82508,0.82531,1.50,1.50
2011.01.26 09:04:26.176,0.82511,0.82531,1.50,1.50
2011.01.26 09:04:26.791,0.8251,0.82531,1.50,1.50
2011.01.26 09:04:28.590,0.82509,0.82531,1.50,1.50
2011.01.26 09:04:29.244,0.82506,0.82524,1.50,1.50
2011.01.26 09:04:30.289,0.82498,0.82524,1.50,1.50
2011.01.26 09:04:30.839,0.82496,0.82524,2.78,1.50
2011.01.26 09:04:31.764,0.82492,0.8252,1.28,2.25
2011.01.26 09:04:32.690,0.82495,0.82521,1.50,1.50
2011.01.26 09:04:33.039,0.82503,0.82523,1.28,1.50
2011.01.26 09:04:33.149,0.82503,0.8253,1.28,1.50
2011.01.26 09:04:36.557,0.82505,0.8253,1.50,1.50
2011.01.26 09:04:36.667,0.82508,0.8253,1.50,1.50
2011.01.26 09:04:36.780,0.82508,0.82532,2.03,2.25
2011.01.26 09:04:38.187,0.8251,0.82533,1.50,1.50
2011.01.26 09:04:39.956,0.82508,0.82532,1.28,2.82
2011.01.26 09:04:40.291,0.82504,0.82529,1.28,2.44
2011.01.26 09:04:40.894,0.82504,0.82532,1.28,1.69
2011.01.26 09:04:42.040,0.82504,0.82533,1.28,1.13
2011.01.26 09:04:42.158,0.82511,0.82538,1.28,1.50
2011.01.26 09:04:46.211,0.82511,0.82535,1.28,2.25
2011.01.26 09:04:46.558,0.82506,0.82532,1.28,1.50
2011.01.26 09:04:59.140,0.82506,0.8253,1.28,3.34
2011.01.26 09:04:59.468,0.82506,0.8253,1.28,3.00
2011.01.26 09:05:00.203,0.82495,0.82521,1.28,1.50
2011.01.26 09:05:00.321,0.82494,0.82521,1.28,3.00
2011.01.26 09:05:00.440,0.82493,0.82521,1.28,3.00
2011.01.26 09:05:03.030,0.82494,0.82523,1.28,2.25
2011.01.26 09:05:03.648,0.82496,0.82523,2.03,1.50
2011.01.26 09:05:04.276,0.825,0.82523,2.22,1.50
2011.01.26 09:05:10.386,0.82503,0.82532,2.03,1.50
2011.01.26 09:05:10.611,0.82504,0.82533,1.09,4.50
2011.01.26 09:05:10.949,0.82514,0.82541,1.28,2.25
2011.01.26 09:05:11.722,0.82489,0.82502,15.00,29.67
2011.01.26 09:05:11.849,0.82434,0.82458,2.03,3.00
2011.01.26 09:05:11.962,0.82434,0.82458,2.03,2.25
2011.01.26 09:05:12.630,0.82442,0.82469,1.28,1.50
2011.01.26 09:05:14.086,0.82442,0.82464,1.28,1.50
2011.01.26 09:05:16.758,0.82438,0.82463,1.28,1.50
2011.01.26 09:05:18.424,0.8246,0.82483,1.28,1.50
2011.01.26 09:05:18.759,0.82465,0.82483,1.28,1.50
2011.01.26 09:05:19.944,0.82465,0.82493,1.47,3.00
2011.01.26 09:05:20.448,0.82465,0.82493,1.47,3.00
2011.01.26 09:05:20.566,0.82471,0.82493,1.28,1.50
2011.01.26 09:05:21.013,0.82471,0.82493,1.28,2.07
2011.01.26 09:05:21.238,0.82467,0.82493,1.28,4.32
2011.01.26 09:05:25.512,0.82467,0.82491,1.28,1.32
2011.01.26 09:05:25.739,0.82467,0.82494,1.28,2.25
2011.01.26 09:05:26.460,0.82467,0.82491,1.28,1.32
2011.01.26 09:05:27.124,0.82468,0.82489,1.28,2.44
2011.01.26 09:05:27.911,0.82468,0.82483,1.28,1.50
2011.01.26 09:05:28.360,0.82463,0.8249,1.28,1.50
2011.01.26 09:05:29.460,0.82468,0.82493,1.28,2.25
2011.01.26 09:05:29.809,0.8247,0.82493,1.28,2.25
2011.01.26 09:05:30.520,0.82467,0.82489,1.28,2.44
2011.01.26 09:05:30.859,0.82473,0.82494,1.28,1.50
2011.01.26 09:05:30.975,0.82476,0.82494,1.28,1.50
2011.01.26 09:05:31.553,0.8248,0.82494,1.28,1.50
2011.01.26 09:05:32.008,0.82477,0.82494,1.28,1.50
2011.01.26 09:05:33.328,0.82472,0.82494,1.28,3.94
2011.01.26 09:05:33.442,0.82472,0.82494,1.28,3.75
2011.01.26 09:05:35.210,0.82472,0.82494,1.28,1.50
2011.01.26 09:05:36.172,0.82472,0.82494,1.28,1.69
2011.01.26 09:05:36.510,0.82468,0.82494,1.28,4.32
2011.01.26 09:05:37.144,0.82469,0.82494,1.28,5.82
2011.01.26 09:05:37.623,0.82469,0.82494,1.28,5.63
2011.01.26 09:05:38.298,0.82468,0.82497,1.28,1.69
2011.01.26 09:05:40.861,0.82468,0.82494,1.50,2.07
2011.01.26 09:05:40.987,0.82459,0.82488,1.28,1.50
2011.01.26 09:05:42.071,0.8246,0.82483,2.82,1.50
2011.01.26 09:05:42.304,0.82461,0.82487,2.03,1.50
2011.01.26 09:05:43.100,0.82456,0.82483,3.53,3.19
2011.01.26 09:05:43.438,0.8246,0.82483,4.32,1.50
2011.01.26 09:05:43.548,0.8246,0.82486,4.84,1.50
2011.01.26 09:05:44.507,0.82463,0.8249,1.28,1.69
2011.01.26 09:05:46.569,0.82467,0.82493,1.28,2.25
2011.01.26 09:05:46.789,0.82469,0.82493,1.84,1.50
2011.01.26 09:05:47.118,0.82474,0.82493,1.28,1.50
2011.01.26 09:05:47.339,0.82474,0.82499,1.28,1.50
2011.01.26 09:05:48.529,0.82473,0.82503,1.28,3.19
2011.01.26 09:05:49.695,0.82476,0.8251,1.65,1.50
2011.01.26 09:05:50.032,0.82483,0.8251,1.28,1.50
2011.01.26 09:05:50.150,0.82483,0.82512,1.28,1.50
2011.01.26 09:05:50.261,0.82484,0.82513,1.28,1.50
2011.01.26 09:05:50.847,0.82486,0.82514,1.28,3.00
2011.01.26 09:05:51.182,0.82486,0.82514,1.65,2.25
2011.01.26 09:05:51.411,0.82487,0.82514,1.65,1.50
2011.01.26 09:05:53.528,0.82487,0.82514,1.65,1.50
2011.01.26 09:05:53.640,0.82486,0.82514,2.40,2.25
2011.01.26 09:05:54.445,0.82486,0.82511,1.88,1.50
2011.01.26 09:05:55.280,0.82486,0.82507,1.50,1.50
2011.01.26 09:05:57.009,0.82486,0.82507,1.50,2.44
2011.01.26 09:05:58.304,0.82476,0.82504,2.78,1.69
2011.01.26 09:05:58.535,0.82476,0.82504,2.25,1.69
2011.01.26 09:05:59.450,0.82476,0.82504,2.25,1.69
2011.01.26 09:05:59.559,0.82483,0.82508,1.47,4.88
2011.01.26 09:05:59.671,0.82485,0.82512,1.09,1.50
2011.01.26 09:05:59.789,0.82484,0.82516,2.40,1.50
2011.01.26 09:06:00.009,0.82486,0.82516,2.40,1.50
2011.01.26 09:06:00.583,0.82488,0.82516,1.65,1.50
2011.01.26 09:06:02.635,0.82486,0.82513,2.40,1.50
2011.01.26 09:06:08.017,0.82486,0.82507,1.50,1.50
2011.01.26 09:06:15.460,0.82487,0.82509,2.25,1.50
2011.01.26 09:06:16.224,0.82497,0.82517,1.50,1.50
2011.01.26 09:06:17.168,0.82488,0.82517,1.65,1.50
2011.01.26 09:06:19.870,0.82491,0.82517,5.03,1.50
2011.01.26 09:06:20.199,0.82498,0.82527,1.32,3.00
2011.01.26 09:06:20.311,0.82498,0.82528,3.34,1.50
2011.01.26 09:06:20.908,0.82499,0.82528,3.15,1.50
2011.01.26 09:06:22.399,0.82496,0.82525,3.15,1.50
2011.01.26 09:06:34.808,0.82499,0.82525,1.50,1.50
2011.01.26 09:06:35.140,0.82499,0.82525,1.88,1.50
2011.01.26 09:06:40.449,0.82498,0.82525,2.78,1.50
2011.01.26 09:06:41.358,0.82501,0.8253,3.15,1.69
2011.01.26 09:06:44.694,0.82501,0.82528,1.65,3.00
2011.01.26 09:06:49.038,0.82505,0.8253,1.50,1.69
2011.01.26 09:06:50.082,0.82502,0.8253,2.40,1.69
2011.01.26 09:07:04.142,0.82506,0.82532,1.28,3.94
2011.01.26 09:07:04.589,0.82511,0.82538,1.65,3.19
2011.01.26 09:07:05.140,0.82509,0.82536,1.65,2.44
2011.01.26 09:07:05.249,0.82507,0.82536,3.15,3.19
2011.01.26 09:07:09.419,0.82507,0.82532,3.15,1.50
2011.01.26 09:07:09.748,0.82507,0.82532,1.88,3.00
2011.01.26 09:07:14.418,0.82499,0.82524,2.78,1.50
2011.01.26 09:07:14.529,0.82497,0.82524,1.28,1.50
2011.01.26 09:07:14.749,0.82497,0.82525,1.65,1.50
2011.01.26 09:07:14.972,0.825,0.82529,1.28,1.50
2011.01.26 09:07:15.651,0.82503,0.82529,1.09,1.50
2011.01.26 09:07:18.307,0.82508,0.82533,1.28,1.50
2011.01.26 09:07:19.043,0.82508,0.82534,1.28,1.50
2011.01.26 09:07:22.179,0.82504,0.82532,1.28,2.25
2011.01.26 09:07:22.398,0.82502,0.82531,1.84,2.25
2011.01.26 09:07:23.587,0.82502,0.8253,1.32,1.50
2011.01.26 09:07:23.978,0.825,0.82526,1.84,1.50
2011.01.26 09:07:24.309,0.82504,0.8253,2.25,1.50
2011.01.26 09:07:24.832,0.82502,0.8253,2.59,1.50
2011.01.26 09:07:24.949,0.82507,0.8253,1.50,1.50
2011.01.26 09:07:25.362,0.82507,0.82527,1.50,2.44
2011.01.26 09:07:25.481,0.82499,0.82526,1.28,1.69
2011.01.26 09:07:26.187,0.82496,0.82526,2.97,3.00
2011.01.26 09:07:33.715,0.82499,0.82527,1.28,1.50
2011.01.26 09:07:33.828,0.82498,0.82527,1.28,1.50
2011.01.26 09:07:34.377,0.82497,0.82526,1.28,1.50
2011.01.26 09:07:37.062,0.825,0.82532,2.78,3.19
2011.01.26 09:07:37.187,0.82504,0.82532,1.28,3.00
2011.01.26 09:07:39.655,0.82501,0.82528,1.28,1.50
2011.01.26 09:07:42.052,0.82497,0.82529,1.28,3.00
2011.01.26 09:07:54.160,0.82502,0.82527,1.28,1.50
2011.01.26 09:07:56.430,0.82501,0.82531,1.28,1.69
2011.01.26 09:08:05.370,0.82504,0.82533,1.28,2.25
2011.01.26 09:08:39.559,0.82507,0.82534,2.03,1.69
2011.01.26 09:08:40.365,0.82502,0.82533,1.28,1.39
2011.01.26 09:08:40.486,0.82501,0.82532,1.28,1.69
2011.01.26 09:08:40.598,0.82501,0.82532,1.28,1.69
2011.01.26 09:08:44.246,0.82498,0.82527,1.28,1.50
2011.01.26 09:08:46.310,0.825,0.82531,1.65,3.19
2011.01.26 09:08:46.947,0.82505,0.82531,2.97,2.25
2011.01.26 09:08:47.065,0.8251,0.82538,1.28,1.50
2011.01.26 09:08:48.168,0.82507,0.82536,2.78,1.69
2011.01.26 09:08:48.288,0.82507,0.82534,2.78,1.50
2011.01.26 09:09:04.139,0.82507,0.82533,2.03,2.25
2011.01.26 09:09:04.360,0.82522,0.82545,1.28,2.25
2011.01.26 09:09:05.010,0.82514,0.82543,1.28,2.14
2011.01.26 09:09:05.340,0.8251,0.8254,1.28,2.25
2011.01.26 09:09:05.780,0.8251,0.82537,1.28,1.69
2011.01.26 09:09:06.428,0.82506,0.82532,1.50,1.50
2011.01.26 09:09:09.990,0.82506,0.82532,2.25,1.50
2011.01.26 09:09:10.685,0.8252,0.8255,1.28,1.50
2011.01.26 09:09:11.669,0.8252,0.82547,1.28,1.50
2011.01.26 09:09:12.095,0.8252,0.82547,1.65,1.50
2011.01.26 09:09:12.686,0.82525,0.82551,1.28,1.50
2011.01.26 09:09:12.807,0.8252,0.82549,1.28,1.50
2011.01.26 09:09:13.980,0.82519,0.82548,1.28,1.50
2011.01.26 09:09:16.200,0.8252,0.82548,1.09,1.50
2011.01.26 09:09:16.310,0.82523,0.82548,2.25,1.50
2011.01.26 09:09:16.936,0.82519,0.82548,1.28,1.50
2011.01.26 09:09:22.781,0.82525,0.82554,1.65,4.50
2011.01.26 09:09:23.556,0.82526,0.82551,2.78,1.50
2011.01.26 09:09:25.511,0.82527,0.82554,4.47,1.50
2011.01.26 09:09:26.079,0.82533,0.82554,2.07,1.50
2011.01.26 09:09:26.219,0.82537,0.82566,2.78,3.00
2011.01.26 09:09:26.772,0.82537,0.82564,2.78,4.69
2011.01.26 09:09:26.889,0.82535,0.82562,1.28,2.44
2011.01.26 09:09:27.479,0.82537,0.82561,1.28,1.50
2011.01.26 09:09:27.922,0.82535,0.82563,1.28,3.75
2011.01.26 09:09:28.853,0.82535,0.8256,1.28,1.50
2011.01.26 09:09:29.528,0.82534,0.8256,1.28,2.25
2011.01.26 09:09:30.601,0.82534,0.8256,1.28,2.25
2011.01.26 09:09:31.453,0.82531,0.82558,1.28,3.00
2011.01.26 09:09:31.574,0.82531,0.82557,1.28,1.50
2011.01.26 09:09:33.747,0.82528,0.82557,2.78,3.19
2011.01.26 09:09:34.900,0.82529,0.82553,2.03,1.50
2011.01.26 09:09:36.369,0.8253,0.82553,2.78,1.50
2011.01.26 09:09:38.715,0.8253,0.82559,1.28,2.25
2011.01.26 09:09:40.209,0.8253,0.82554,1.28,1.50
2011.01.26 09:09:40.319,0.8253,0.82553,1.28,1.50
2011.01.26 09:09:41.470,0.8253,0.82559,1.28,2.25
2011.01.26 09:09:50.221,0.82516,0.82542,1.50,1.50
2011.01.26 09:09:51.357,0.82512,0.82542,1.43,1.50
2011.01.26 09:09:53.064,0.82517,0.82543,1.28,2.25
2011.01.26 09:09:53.652,0.82528,0.82543,2.25,1.50
2011.01.26 09:09:53.780,0.82528,0.82558,2.78,2.25
2011.01.26 09:09:53.890,0.82528,0.82557,3.53,1.32
2011.01.26 09:09:54.480,0.82528,0.82551,3.53,3.00
2011.01.26 09:09:54.710,0.82529,0.82556,1.28,4.50
2011.01.26 09:09:54.822,0.82531,0.82556,1.28,3.75
2011.01.26 09:09:55.051,0.82531,0.82554,1.28,1.50
2011.01.26 09:09:55.710,0.82527,0.82554,1.28,3.00
2011.01.26 09:09:55.823,0.82529,0.82554,1.28,1.50
2011.01.26 09:09:57.041,0.82525,0.82547,1.28,1.50
2011.01.26 09:09:58.037,0.82527,0.82549,1.50,3.00
2011.01.26 09:09:58.482,0.82527,0.82552,1.50,1.50
2011.01.26 09:09:59.604,0.82527,0.82548,1.50,1.69
2011.01.26 09:09:59.829,0.82525,0.82551,1.28,2.25
2011.01.26 09:10:00.159,0.82527,0.82558,1.28,4.69
2011.01.26 09:10:00.271,0.8253,0.82554,1.28,1.50
2011.01.26 09:10:00.892,0.82531,0.82557,1.28,2.25
2011.01.26 09:10:01.121,0.82531,0.82554,1.28,1.50
2011.01.26 09:10:02.878,0.82536,0.82554,1.28,1.50
2011.01.26 09:10:02.989,0.82536,0.8256,1.28,1.50
2011.01.26 09:10:03.099,0.82536,0.82563,1.28,1.69
2011.01.26 09:10:03.539,0.82537,0.82562,2.03,2.44
2011.01.26 09:10:03.868,0.82537,0.82558,1.50,2.25
2011.01.26 09:10:04.428,0.82531,0.82554,1.28,1.50
2011.01.26 09:10:05.025,0.82531,0.82552,1.28,1.50
2011.01.26 09:10:05.142,0.82526,0.82552,1.28,1.50
2011.01.26 09:10:05.815,0.82526,0.82551,2.78,1.50
2011.01.26 09:10:05.930,0.82526,0.82549,2.78,1.50
2011.01.26 09:10:06.203,0.82526,0.82551,2.78,1.50
2011.01.26 09:10:06.845,0.82526,0.82549,2.78,1.50
2011.01.26 09:10:07.070,0.82526,0.82551,2.78,1.50
2011.01.26 09:10:07.400,0.82526,0.82553,2.78,2.25
2011.01.26 09:10:10.786,0.82527,0.82545,1.50,1.50
2011.01.26 09:10:11.351,0.82518,0.82545,1.28,1.50
2011.01.26 09:10:12.025,0.82518,0.82543,1.28,1.69
2011.01.26 09:10:18.991,0.82514,0.82541,1.28,3.19
2011.01.26 09:10:19.320,0.8251,0.82539,1.28,1.69
2011.01.26 09:10:19.431,0.8251,0.82534,1.28,1.50
2011.01.26 09:10:19.539,0.8251,0.82539,1.28,1.50
2011.01.26 09:10:23.344,0.82512,0.82542,1.28,1.69
2011.01.26 09:10:23.467,0.82515,0.82542,1.28,1.50
2011.01.26 09:10:23.802,0.82515,0.82533,1.28,1.50
2011.01.26 09:10:24.550,0.82515,0.82535,1.28,1.50
2011.01.26 09:10:25.104,0.82515,0.82542,1.28,1.50
2011.01.26 09:10:25.229,0.82517,0.82543,2.78,3.00
2011.01.26 09:10:26.059,0.82515,0.82533,1.28,1.50
2011.01.26 09:10:26.169,0.82515,0.82533,1.28,1.50
2011.01.26 09:10:26.590,0.82515,0.82542,1.28,1.50
2011.01.26 09:10:27.774,0.82515,0.82542,1.28,1.50
2011.01.26 09:10:28.003,0.82517,0.82543,1.84,2.25
2011.01.26 09:10:28.574,0.82518,0.82548,1.47,1.50
2011.01.26 09:10:28.695,0.82527,0.82548,1.50,1.50
2011.01.26 09:10:30.073,0.82522,0.82548,1.28,1.69
2011.01.26 09:10:30.198,0.82521,0.82552,1.28,3.00
2011.01.26 09:10:30.311,0.82527,0.82552,1.50,3.75
2011.01.26 09:10:31.004,0.82527,0.82545,1.50,1.69
2011.01.26 09:10:31.123,0.82517,0.82545,2.03,1.69
2011.01.26 09:10:31.241,0.82517,0.82542,2.03,1.50
2011.01.26 09:10:32.018,0.82517,0.82542,2.78,2.25
2011.01.26 09:10:32.354,0.82517,0.82538,1.50,1.50
2011.01.26 09:10:32.472,0.82512,0.8254,1.28,3.00
2011.01.26 09:10:33.158,0.82516,0.8254,1.50,1.50
2011.01.26 09:10:33.270,0.82512,0.8254,1.47,1.50
2011.01.26 09:10:33.492,0.82516,0.8254,1.50,1.69
2011.01.26 09:10:34.090,0.82506,0.82532,1.50,1.50
2011.01.26 09:10:34.204,0.82506,0.82532,1.50,2.25
2011.01.26 09:10:34.321,0.82506,0.82532,1.50,1.50
2011.01.26 09:10:34.430,0.82506,0.82532,2.03,1.50
2011.01.26 09:10:35.095,0.82507,0.82532,1.28,1.50
2011.01.26 09:10:36.411,0.82507,0.82532,1.28,1.50
2011.01.26 09:10:36.971,0.82507,0.82532,1.28,1.50
2011.01.26 09:10:47.511,0.82507,0.82536,2.97,1.50
2011.01.26 09:10:47.633,0.8251,0.82537,1.28,1.50
2011.01.26 09:10:49.704,0.82507,0.82538,2.97,1.50
2011.01.26 09:10:49.819,0.82507,0.82538,2.97,1.50
2011.01.26 09:10:50.968,0.82511,0.8254,1.28,1.50
2011.01.26 09:10:51.093,0.82513,0.82541,1.28,2.25
2011.01.26 09:11:03.169,0.82518,0.82543,1.28,1.50
2011.01.26 09:11:03.500,0.82517,0.82548,1.47,1.13
2011.01.26 09:11:03.612,0.8252,0.82548,1.47,1.13
2011.01.26 09:11:04.218,0.82521,0.82551,1.28,1.13
2011.01.26 09:11:04.333,0.82526,0.8255,1.28,1.13
2011.01.26 09:11:07.635,0.82519,0.82541,1.28,1.13
2011.01.26 09:11:09.398,0.82518,0.82543,1.28,1.50
2011.01.26 09:11:09.521,0.82522,0.82544,1.28,1.50
2011.01.26 09:11:09.754,0.82522,0.82546,1.28,2.25
2011.01.26 09:11:10.434,0.82522,0.82549,1.28,1.13
2011.01.26 09:11:10.549,0.82523,0.82548,1.28,1.50
2011.01.26 09:11:11.922,0.82523,0.82546,1.28,1.13
2011.01.26 09:11:12.041,0.82523,0.82546,1.28,1.13
2011.01.26 09:11:12.151,0.82517,0.82545,2.78,1.50
2011.01.26 09:11:12.595,0.82526,0.82545,1.50,1.50
2011.01.26 09:11:13.202,0.82526,0.82544,1.50,2.63
2011.01.26 09:11:13.312,0.82517,0.82542,1.28,1.88
2011.01.26 09:11:16.374,0.82518,0.82545,1.28,1.88
2011.01.26 09:11:16.928,0.82517,0.82541,1.28,1.50
2011.01.26 09:11:17.040,0.82517,0.82543,2.78,1.50
2011.01.26 09:11:18.986,0.82517,0.82544,1.28,2.25
2011.01.26 09:11:20.571,0.82517,0.82543,2.78,1.50
2011.01.26 09:11:20.800,0.82517,0.82543,2.78,1.88
2011.01.26 09:11:21.572,0.82517,0.82541,1.50,1.50
2011.01.26 09:11:22.340,0.82517,0.82541,1.50,1.50
2011.01.26 09:11:22.889,0.82511,0.82537,1.28,1.88
2011.01.26 09:11:23.530,0.82516,0.82537,1.50,1.88
2011.01.26 09:11:25.543,0.82516,0.82541,3.53,1.50
2011.01.26 09:11:26.110,0.82517,0.82541,1.50,1.50
2011.01.26 09:11:26.220,0.82517,0.82536,1.50,1.13
2011.01.26 09:11:26.440,0.82511,0.82536,1.28,1.88
2011.01.26 09:11:29.925,0.82514,0.8254,1.28,1.50
2011.01.26 09:11:30.451,0.82514,0.8254,1.28,1.50
2011.01.26 09:11:31.505,0.82512,0.82537,1.28,1.50
2011.01.26 09:11:31.622,0.8251,0.82537,1.47,1.50
2011.01.26 09:11:31.963,0.82506,0.82536,2.78,1.88
2011.01.26 09:11:32.645,0.82506,0.82536,2.78,2.63
2011.01.26 09:11:38.252,0.82508,0.82533,1.47,2.25
2011.01.26 09:11:39.071,0.82513,0.82537,1.02,2.25
2011.01.26 09:11:40.125,0.82514,0.82539,1.47,1.50
2011.01.26 09:11:41.584,0.8251,0.82537,1.47,1.50
2011.01.26 09:11:41.808,0.82516,0.82537,1.50,1.50
2011.01.26 09:11:41.921,0.8251,0.82537,1.47,1.50
2011.01.26 09:11:43.007,0.8251,0.82537,1.47,1.50
2011.01.26 09:11:47.561,0.82514,0.82539,1.28,1.50
2011.01.26 09:11:50.490,0.82514,0.82539,1.28,1.69
2011.01.26 09:11:51.206,0.82509,0.82536,1.28,1.13
2011.01.26 09:11:53.234,0.82509,0.82533,1.28,1.50
2011.01.26 09:11:54.200,0.82509,0.82537,2.78,1.88
2011.01.26 09:11:55.007,0.82507,0.82534,2.78,1.50
2011.01.26 09:11:57.506,0.82517,0.82534,1.50,1.50
2011.01.26 09:11:57.621,0.82517,0.82536,1.50,1.50
2011.01.26 09:11:58.415,0.82517,0.82534,1.50,1.50
2011.01.26 09:11:58.641,0.82507,0.82534,1.28,1.50
2011.01.26 09:11:59.234,0.82517,0.82534,1.50,1.50
2011.01.26 09:12:00.222,0.82517,0.82533,1.50,1.13
2011.01.26 09:12:00.350,0.82507,0.82531,1.50,1.50
2011.01.26 09:12:02.799,0.82517,0.82531,1.50,1.50
2011.01.26 09:12:03.878,0.82506,0.82531,1.50,1.50
2011.01.26 09:12:05.253,0.82507,0.82531,1.50,1.50
2011.01.26 09:12:07.439,0.82506,0.82531,1.50,1.50
2011.01.26 09:12:08.351,0.82507,0.82531,1.50,1.50
2011.01.26 09:12:14.606,0.82504,0.82531,1.28,1.50
2011.01.26 09:12:15.711,0.82506,0.82531,1.50,1.50
2011.01.26 09:12:16.312,0.82504,0.82531,1.28,1.50
2011.01.26 09:12:17.358,0.82506,0.82531,1.50,1.50
2011.01.26 09:12:18.378,0.82507,0.82531,1.50,1.50
2011.01.26 09:12:20.259,0.82507,0.82536,1.35,2.25
2011.01.26 09:12:20.588,0.82517,0.82536,1.50,1.50
2011.01.26 09:12:21.270,0.82507,0.82536,2.93,1.50
2011.01.26 09:12:21.490,0.82517,0.82536,1.50,1.50
2011.01.26 09:12:26.093,0.8251,0.82536,1.28,1.50
2011.01.26 09:12:27.901,0.82513,0.82536,1.28,1.50
2011.01.26 09:12:28.028,0.82514,0.82537,1.28,1.13
2011.01.26 09:12:31.433,0.82514,0.82539,1.28,1.50
2011.01.26 09:12:32.361,0.82514,0.82539,1.28,1.50
2011.01.26 09:12:33.105,0.82514,0.82539,1.28,1.50
2011.01.26 09:12:33.834,0.82514,0.82538,1.28,1.13
2011.01.26 09:12:37.218,0.82514,0.82538,1.28,1.13
2011.01.26 09:12:41.252,0.82514,0.82539,1.28,1.50
2011.01.26 09:12:41.893,0.82517,0.82543,1.35,1.50
2011.01.26 09:12:49.619,0.82518,0.82543,2.03,1.50
2011.01.26 09:12:50.340,0.82518,0.82543,2.03,1.50
2011.01.26 09:12:52.190,0.82517,0.82543,1.28,1.50
2011.01.26 09:12:56.765,0.82517,0.82543,2.78,1.50
2011.01.26 09:12:57.278,0.82517,0.82543,2.78,1.50
2011.01.26 09:12:58.372,0.82517,0.82543,2.78,1.50
2011.01.26 09:13:03.058,0.82517,0.82543,2.78,1.50
2011.01.26 09:13:03.852,0.82517,0.82543,2.78,1.50
2011.01.26 09:13:06.258,0.82517,0.82543,2.78,1.50
2011.01.26 09:13:09.168,0.82517,0.82543,2.85,1.50
2011.01.26 09:13:10.573,0.82523,0.82553,1.28,3.38
2011.01.26 09:13:12.596,0.82523,0.82547,1.28,2.63
2011.01.26 09:13:12.710,0.82521,0.82547,1.28,3.38
2011.01.26 09:13:28.480,0.82521,0.82547,1.28,1.32
2011.01.26 09:13:29.956,0.82521,0.82548,1.47,1.50
2011.01.26 09:13:30.290,0.82522,0.82548,2.22,1.50
2011.01.26 09:13:34.337,0.82524,0.82551,1.28,1.50
2011.01.26 09:13:34.880,0.82524,0.8255,1.28,1.13
2011.01.26 09:13:35.562,0.8252,0.82549,1.28,1.50
2011.01.26 09:13:36.341,0.82523,0.82552,1.28,1.50
2011.01.26 09:13:41.491,0.82523,0.82548,1.28,1.50
2011.01.26 09:13:42.400,0.82524,0.82552,2.78,1.50
2011.01.26 09:13:42.619,0.82528,0.82555,1.28,1.50
2011.01.26 09:13:43.280,0.82528,0.82553,1.28,1.50
2011.01.26 09:13:43.868,0.82523,0.82552,1.28,1.50
2011.01.26 09:13:44.867,0.82523,0.82552,2.22,1.88
2011.01.26 09:13:44.987,0.82523,0.82552,1.47,3.00
2011.01.26 09:13:45.100,0.82524,0.82552,2.97,3.00
2011.01.26 09:13:46.074,0.82523,0.82549,1.28,1.50
2011.01.26 09:13:46.446,0.82524,0.82549,1.47,1.50
2011.01.26 09:13:46.780,0.82523,0.82551,3.53,1.32
2011.01.26 09:13:46.890,0.82523,0.82546,2.25,1.50
2011.01.26 09:13:47.448,0.82517,0.82542,2.29,1.50
2011.01.26 09:13:47.890,0.82517,0.82545,3.72,1.50
2011.01.26 09:13:47.999,0.82517,0.82546,4.47,3.00
2011.01.26 09:13:49.118,0.82521,0.82546,1.50,1.50
2011.01.26 09:13:51.618,0.8252,0.82546,2.10,1.50
2011.01.26 09:13:51.728,0.8252,0.82546,2.03,1.50
2011.01.26 09:14:03.754,0.82519,0.82546,2.10,1.50
2011.01.26 09:14:04.320,0.82519,0.82546,2.03,1.50
2011.01.26 09:14:04.541,0.8252,0.82546,2.10,3.00
2011.01.26 09:14:05.215,0.8252,0.82546,2.03,1.50
2011.01.26 09:14:05.331,0.8252,0.82546,2.10,1.50
2011.01.26 09:14:05.780,0.8252,0.82546,2.03,1.50
2011.01.26 09:14:06.109,0.82517,0.82546,10.62,1.50
2011.01.26 09:14:09.631,0.82518,0.82546,2.22,1.50
2011.01.26 09:14:10.591,0.82519,0.82546,2.18,3.00
2011.01.26 09:14:13.051,0.8252,0.82546,2.03,1.50
2011.01.26 09:14:13.381,0.82519,0.82546,2.18,1.50
2011.01.26 09:14:15.891,0.82521,0.82546,1.65,1.50
2011.01.26 09:14:16.741,0.82518,0.82542,1.65,1.50
2011.01.26 09:14:19.320,0.82516,0.82542,2.03,1.50
2011.01.26 09:14:20.449,0.82519,0.82544,1.09,1.50
2011.01.26 09:14:20.781,0.8252,0.82544,2.67,1.50
2011.01.26 09:14:20.894,0.82522,0.82552,3.23,1.50
2011.01.26 09:14:21.119,0.82526,0.82552,1.50,1.50
2011.01.26 09:14:23.322,0.82523,0.82552,1.28,1.50
2011.01.26 09:14:24.817,0.8252,0.8255,3.15,1.50
2011.01.26 09:14:24.935,0.8252,0.82547,1.65,1.50
2011.01.26 09:14:26.283,0.82516,0.82544,1.65,1.50
2011.01.26 09:14:26.982,0.82517,0.82544,2.48,1.50
2011.01.26 09:14:28.644,0.82519,0.82548,1.65,1.50
2011.01.26 09:14:32.948,0.82517,0.82544,2.40,1.50
2011.01.26 09:14:35.282,0.82517,0.82541,1.88,1.50
2011.01.26 09:14:39.869,0.82514,0.82541,1.28,1.50
2011.01.26 09:14:45.106,0.82516,0.82541,1.50,1.50
2011.01.26 09:14:46.891,0.82516,0.82541,1.69,1.50
2011.01.26 09:14:47.008,0.8252,0.82549,2.22,1.50
2011.01.26 09:14:47.120,0.82522,0.8255,1.28,1.50
2011.01.26 09:14:47.961,0.82525,0.82554,1.28,3.00
2011.01.26 09:14:48.183,0.82525,0.82554,1.28,1.50
2011.01.26 09:14:48.791,0.82531,0.8256,1.28,1.50
2011.01.26 09:14:49.009,0.82531,0.8256,1.28,1.50
2011.01.26 09:14:49.230,0.82531,0.8256,1.28,1.50
2011.01.26 09:14:50.358,0.8253,0.82559,1.28,3.00
2011.01.26 09:14:51.591,0.82528,0.82557,1.28,3.57
2011.01.26 09:14:51.701,0.82528,0.82556,1.28,1.69
2011.01.26 09:14:51.920,0.82528,0.82553,1.28,1.50
2011.01.26 09:15:00.527,0.82525,0.82553,1.28,2.25
2011.01.26 09:15:04.126,0.82528,0.82554,1.28,1.50
2011.01.26 09:15:08.368,0.82528,0.82554,2.14,1.50
2011.01.26 09:15:08.911,0.82528,0.82554,3.42,1.50
2011.01.26 09:15:09.786,0.82528,0.82554,1.99,1.50
2011.01.26 09:15:10.122,0.82536,0.82565,2.44,3.00
2011.01.26 09:15:10.241,0.82536,0.82565,2.97,1.50
2011.01.26 09:15:10.879,0.82538,0.82564,1.09,2.25
2011.01.26 09:15:10.996,0.82539,0.82564,1.28,1.50
2011.01.26 09:15:11.225,0.82537,0.82564,1.24,2.25
2011.01.26 09:15:15.045,0.82537,0.82561,1.50,1.50
2011.01.26 09:15:21.022,0.82534,0.82561,1.28,1.50
2011.01.26 09:15:32.723,0.82533,0.82561,1.28,1.69
2011.01.26 09:15:33.476,0.82531,0.82558,1.28,2.07
2011.01.26 09:15:33.810,0.82531,0.82554,1.28,1.50
2011.01.26 09:15:37.021,0.82533,0.82558,2.03,1.88
2011.01.26 09:15:37.351,0.82535,0.82564,1.28,2.25
2011.01.26 09:15:45.899,0.8254,0.82567,1.28,1.50
2011.01.26 09:15:46.009,0.82546,0.82567,1.50,1.50
2011.01.26 09:15:57.076,0.8254,0.82567,1.28,1.69
2011.01.26 09:16:05.129,0.82536,0.82562,1.28,1.50
2011.01.26 09:16:06.059,0.82536,0.82564,1.28,3.75
2011.01.26 09:16:07.909,0.82536,0.82564,1.28,4.69
2011.01.26 09:16:08.161,0.82536,0.82564,1.28,2.25
2011.01.26 09:16:10.351,0.82536,0.82564,1.28,3.00
2011.01.26 09:16:14.960,0.82539,0.82568,1.28,1.88
2011.01.26 09:16:16.100,0.82534,0.82564,1.28,3.00
2011.01.26 09:16:16.788,0.82534,0.82564,1.28,3.00
2011.01.26 09:16:17.690,0.82534,0.82562,1.28,1.50
2011.01.26 09:16:18.292,0.82534,0.82561,1.28,1.50
2011.01.26 09:16:27.000,0.82537,0.82564,1.28,3.00
2011.01.26 09:16:27.890,0.82539,0.82564,1.28,1.50
2011.01.26 09:16:29.755,0.82539,0.82568,1.47,1.50
2011.01.26 09:16:29.874,0.82544,0.82571,1.28,1.50
2011.01.26 09:16:30.960,0.8254,0.8257,1.28,1.69
2011.01.26 09:16:31.544,0.8254,0.82569,1.28,1.50
2011.01.26 09:16:31.664,0.82538,0.82564,1.28,2.25
2011.01.26 09:16:33.800,0.82534,0.82554,1.28,1.50
2011.01.26 09:16:34.021,0.82527,0.82548,1.28,1.69
2011.01.26 09:16:34.460,0.82523,0.82547,1.28,1.50
2011.01.26 09:16:37.104,0.82523,0.8255,1.28,1.50
2011.01.26 09:16:37.715,0.82523,0.8255,1.47,1.50
2011.01.26 09:16:37.840,0.82527,0.82554,1.28,3.00
2011.01.26 09:16:38.552,0.8253,0.82559,1.28,1.50
2011.01.26 09:16:39.979,0.82533,0.82562,1.28,1.50
2011.01.26 09:16:40.750,0.82531,0.82555,2.03,1.69
2011.01.26 09:16:40.867,0.82531,0.82548,1.50,1.50
2011.01.26 09:16:40.985,0.82529,0.82555,1.28,1.32
2011.01.26 09:16:41.663,0.82529,0.82554,1.28,1.88
2011.01.26 09:16:41.789,0.82524,0.82549,1.28,1.13
2011.01.26 09:16:44.248,0.82524,0.82551,1.28,1.50
2011.01.26 09:16:45.114,0.82527,0.82551,1.50,1.50
2011.01.26 09:16:46.155,0.82524,0.82549,1.28,1.13
2011.01.26 09:16:47.232,0.82521,0.82549,2.78,1.50
2011.01.26 09:16:48.723,0.82521,0.82544,1.28,1.13
2011.01.26 09:16:49.921,0.82521,0.82547,1.47,3.75
2011.01.26 09:16:50.766,0.82526,0.8255,1.50,1.50
2011.01.26 09:16:51.212,0.82526,0.82554,2.78,1.88
2011.01.26 09:16:51.838,0.82526,0.82549,1.50,1.88
2011.01.26 09:17:00.542,0.82522,0.82546,1.28,1.88
2011.01.26 09:17:00.662,0.82517,0.82543,1.28,1.50
2011.01.26 09:17:01.310,0.82517,0.82547,10.24,1.50
2011.01.26 09:17:03.739,0.82528,0.82552,1.28,2.25
2011.01.26 09:17:03.856,0.82528,0.8256,1.28,3.19
2011.01.26 09:17:04.418,0.82528,0.82558,1.28,2.07
2011.01.26 09:17:04.559,0.82528,0.82552,1.28,1.69
2011.01.26 09:17:07.058,0.82528,0.82553,1.28,1.88
2011.01.26 09:17:07.393,0.82528,0.82553,1.28,1.50
2011.01.26 09:17:08.001,0.82528,0.82552,1.28,2.82
2011.01.26 09:17:08.441,0.82525,0.82552,1.28,4.32
2011.01.26 09:17:08.988,0.82523,0.82547,1.28,1.88
2011.01.26 09:17:09.653,0.82521,0.82541,1.28,1.50
2011.01.26 09:17:09.879,0.82521,0.82546,1.28,1.50
2011.01.26 09:17:10.609,0.82521,0.82547,1.28,2.25
2011.01.26 09:17:12.880,0.82521,0.82547,1.28,1.32
2011.01.26 09:17:18.131,0.82521,0.8255,4.62,1.50
2011.01.26 09:17:18.349,0.82526,0.82553,1.28,3.00
2011.01.26 09:17:19.011,0.82528,0.82553,1.28,1.50
2011.01.26 09:17:19.826,0.82532,0.82559,1.43,1.50
2011.01.26 09:17:21.299,0.82528,0.82554,1.28,1.50
2011.01.26 09:17:23.072,0.82528,0.82551,1.28,1.50
2011.01.26 09:17:23.182,0.82528,0.82555,1.28,2.82
2011.01.26 09:17:23.307,0.82528,0.82555,1.28,2.82
2011.01.26 09:17:25.581,0.82533,0.82562,1.28,2.07
2011.01.26 09:17:28.593,0.82535,0.82562,1.28,2.82
2011.01.26 09:17:28.712,0.82536,0.82562,1.28,1.32
2011.01.26 09:17:32.235,0.82535,0.82562,1.28,1.32
2011.01.26 09:17:32.899,0.82534,0.82553,1.28,1.50
2011.01.26 09:17:33.168,0.82534,0.8256,1.28,1.32
2011.01.26 09:17:41.784,0.82534,0.8256,1.28,1.32
2011.01.26 09:17:50.553,0.82531,0.82554,1.28,2.63
2011.01.26 09:17:52.143,0.82528,0.82553,1.28,1.32
2011.01.26 09:17:58.535,0.82528,0.82552,1.28,2.07
2011.01.26 09:17:59.248,0.82523,0.82546,1.28,1.50
2011.01.26 09:17:59.362,0.82523,0.82551,1.47,1.50
2011.01.26 09:18:00.154,0.82523,0.82553,1.47,1.50
2011.01.26 09:18:00.270,0.82526,0.82554,1.28,2.25
2011.01.26 09:18:01.602,0.8253,0.82554,1.28,1.50
2011.01.26 09:18:03.990,0.8253,0.82557,1.28,1.50
2011.01.26 09:18:05.659,0.82533,0.82558,1.28,1.50
2011.01.26 09:18:06.580,0.82533,0.8256,1.28,3.00
2011.01.26 09:18:07.801,0.82533,0.82557,1.28,1.50
2011.01.26 09:18:11.546,0.82533,0.8256,1.28,1.50
2011.01.26 09:18:11.970,0.82533,0.82559,1.28,1.13
2011.01.26 09:18:12.678,0.82529,0.82556,1.28,1.13
2011.01.26 09:18:12.901,0.82529,0.82554,1.28,3.38
2011.01.26 09:18:13.013,0.82526,0.82552,1.28,1.13
2011.01.26 09:18:13.586,0.82526,0.82554,1.28,2.25
2011.01.26 09:18:15.253,0.82529,0.82554,1.28,1.50
2011.01.26 09:18:15.485,0.82529,0.82558,1.28,1.50
2011.01.26 09:18:17.298,0.82529,0.82559,2.78,1.50
2011.01.26 09:18:18.071,0.82534,0.82561,1.28,1.88
2011.01.26 09:18:19.876,0.82537,0.82562,4.28,1.13
2011.01.26 09:18:19.998,0.82536,0.82566,2.97,2.25
2011.01.26 09:18:20.113,0.82546,0.82568,1.50,1.50
2011.01.26 09:18:20.685,0.82539,0.82568,1.47,3.75
2011.01.26 09:18:21.679,0.82539,0.82568,1.28,1.88
2011.01.26 09:18:24.782,0.82539,0.82558,1.28,1.50
2011.01.26 09:18:25.512,0.82536,0.82557,1.28,1.50
2011.01.26 09:18:25.637,0.82533,0.8256,1.28,2.63
2011.01.26 09:18:25.750,0.82533,0.82559,1.28,1.13
2011.01.26 09:18:28.162,0.82533,0.82561,1.28,2.63
2011.01.26 09:18:28.282,0.82533,0.82559,1.28,1.13
2011.01.26 09:18:29.709,0.82531,0.82553,1.28,1.88
2011.01.26 09:18:31.839,0.82531,0.82553,1.28,1.50
2011.01.26 09:18:32.810,0.82531,0.82553,1.28,1.50
2011.01.26 09:18:32.929,0.82533,0.8256,1.28,1.13
2011.01.26 09:18:33.152,0.82534,0.82564,1.28,3.38
2011.01.26 09:18:41.504,0.82534,0.82564,1.28,3.00
2011.01.26 09:18:43.400,0.82536,0.82564,1.50,1.50
2011.01.26 09:18:48.869,0.82534,0.82561,1.28,1.50
2011.01.26 09:18:57.191,0.82539,0.82563,1.28,1.50
2011.01.26 09:19:00.042,0.82545,0.82571,1.28,2.25
2011.01.26 09:19:00.270,0.82544,0.82573,1.28,1.50
2011.01.26 09:19:00.379,0.82547,0.82573,1.28,1.50
2011.01.26 09:19:01.165,0.82546,0.82568,1.28,1.50
2011.01.26 09:19:02.026,0.82544,0.82568,1.28,1.50
2011.01.26 09:19:03.051,0.82544,0.82573,1.28,3.00
2011.01.26 09:19:05.187,0.82544,0.82571,1.35,2.25
2011.01.26 09:19:05.301,0.82544,0.82569,1.28,1.50
2011.01.26 09:19:05.980,0.82544,0.82572,1.47,2.25
2011.01.26 09:19:06.675,0.82544,0.82572,1.47,2.25
2011.01.26 09:19:10.186,0.82552,0.82577,1.28,1.13
2011.01.26 09:19:10.305,0.82552,0.82573,1.28,3.00
2011.01.26 09:19:10.640,0.82546,0.82573,1.43,3.75
2011.01.26 09:19:12.104,0.82547,0.82573,2.03,3.00
2011.01.26 09:19:12.230,0.82543,0.82563,1.28,3.00
2011.01.26 09:19:14.462,0.82541,0.82563,1.28,3.75
2011.01.26 09:19:15.160,0.82543,0.82566,1.28,1.50
2011.01.26 09:19:15.595,0.8254,0.8256,1.28,1.69
2011.01.26 09:19:18.954,0.82532,0.82557,1.28,1.50
2011.01.26 09:19:19.294,0.82537,0.82561,1.28,1.50
2011.01.26 09:19:19.963,0.82536,0.82561,1.43,1.50
2011.01.26 09:19:20.086,0.82538,0.82564,1.28,1.50
2011.01.26 09:19:20.421,0.82535,0.82558,1.28,1.50
2011.01.26 09:19:21.106,0.82535,0.82559,1.28,1.50
2011.01.26 09:19:21.603,0.82535,0.82561,1.28,1.50
2011.01.26 09:19:22.482,0.82535,0.82564,1.28,3.00
2011.01.26 09:19:22.712,0.82538,0.82564,1.28,1.50
2011.01.26 09:19:23.368,0.82535,0.82562,1.28,1.50
2011.01.26 09:19:33.211,0.82537,0.82564,1.28,2.25
2011.01.26 09:19:33.319,0.82539,0.82564,1.28,1.50
2011.01.26 09:19:33.641,0.82539,0.82562,1.28,1.50
2011.01.26 09:19:34.268,0.82536,0.82563,1.28,3.57
2011.01.26 09:19:34.382,0.82536,0.82558,1.28,1.50
2011.01.26 09:19:35.181,0.82536,0.82553,1.28,1.50
2011.01.26 09:19:35.296,0.82533,0.82559,1.28,2.44
2011.01.26 09:19:35.987,0.82533,0.8256,1.28,1.50
2011.01.26 09:19:41.148,0.82533,0.82561,1.28,1.50
2011.01.26 09:19:41.900,0.82535,0.82564,1.28,3.00
2011.01.26 09:19:43.571,0.82538,0.82564,1.28,2.25
2011.01.26 09:19:44.318,0.82541,0.82564,1.28,1.50
2011.01.26 09:19:45.931,0.82541,0.82564,1.28,3.75
2011.01.26 09:19:46.041,0.82538,0.82562,1.28,1.50
2011.01.26 09:19:46.637,0.82535,0.82564,1.28,3.00
2011.01.26 09:19:50.816,0.82535,0.82561,1.28,1.13
2011.01.26 09:19:51.386,0.82533,0.82558,1.28,2.82
2011.01.26 09:19:51.509,0.82533,0.8256,1.28,1.50
2011.01.26 09:19:51.952,0.82533,0.82554,1.28,1.50
2011.01.26 09:19:52.280,0.82531,0.82554,1.28,1.50
2011.01.26 09:19:52.953,0.82534,0.82554,1.28,1.50
2011.01.26 09:19:54.071,0.8253,0.82554,1.28,3.00
2011.01.26 09:19:55.499,0.8253,0.82552,1.28,1.50
2011.01.26 09:19:55.609,0.82523,0.82552,1.28,3.00
2011.01.26 09:19:56.794,0.82527,0.82554,1.28,2.25
2011.01.26 09:19:57.670,0.82527,0.82553,1.28,1.13
2011.01.26 09:19:59.116,0.82527,0.8255,1.28,1.50
2011.01.26 09:20:00.049,0.82527,0.82554,1.28,2.25
2011.01.26 09:20:00.603,0.82527,0.82552,1.28,1.50
2011.01.26 09:20:01.560,0.82527,0.82553,1.28,2.40
2011.01.26 09:20:02.515,0.82527,0.82552,1.28,1.50
2011.01.26 09:20:02.631,0.82527,0.82547,1.28,1.50
2011.01.26 09:20:02.854,0.82522,0.82545,1.28,1.50
2011.01.26 09:20:02.971,0.82522,0.82543,1.28,2.25
2011.01.26 09:20:04.187,0.8252,0.82541,1.28,1.50
2011.01.26 09:20:04.765,0.82519,0.82543,1.28,1.50
2011.01.26 09:20:04.883,0.82524,0.82543,1.28,1.50
2011.01.26 09:20:06.081,0.82524,0.82542,1.28,1.50
2011.01.26 09:20:06.823,0.8252,0.82543,1.28,3.00
2011.01.26 09:20:08.721,0.8252,0.8254,1.28,1.50
2011.01.26 09:20:09.313,0.8252,0.82543,1.28,1.50
2011.01.26 09:20:09.763,0.8252,0.82541,1.28,1.69
2011.01.26 09:20:10.473,0.8252,0.82543,1.28,1.50
2011.01.26 09:20:11.020,0.8252,0.82543,1.28,4.69
2011.01.26 09:20:11.241,0.82516,0.82541,1.28,1.69
2011.01.26 09:20:11.350,0.82516,0.82538,1.28,1.50
2011.01.26 09:20:12.403,0.82516,0.82536,1.28,1.50
2011.01.26 09:20:15.318,0.82512,0.82532,1.28,2.44
2011.01.26 09:20:15.441,0.82503,0.82527,1.28,1.69
2011.01.26 09:20:17.032,0.82502,0.82527,1.28,2.25
2011.01.26 09:20:17.533,0.82501,0.82526,1.28,1.50
2011.01.26 09:20:17.750,0.82501,0.82529,1.28,2.25
2011.01.26 09:20:19.306,0.82501,0.82524,1.28,1.50
2011.01.26 09:20:20.243,0.82501,0.82523,1.28,3.00
2011.01.26 09:20:21.284,0.82501,0.82532,2.03,1.50
2011.01.26 09:20:21.522,0.82504,0.82532,1.84,1.50
2011.01.26 09:20:22.233,0.82509,0.82534,1.28,2.25
2011.01.26 09:20:23.421,0.82509,0.82533,1.28,1.50
2011.01.26 09:20:26.377,0.82509,0.82532,1.28,1.50
2011.01.26 09:20:27.931,0.82509,0.82527,1.28,1.50
2011.01.26 09:20:28.586,0.82509,0.82523,1.28,1.50
2011.01.26 09:20:30.304,0.82508,0.82523,1.28,1.50
2011.01.26 09:20:30.429,0.82507,0.82533,1.28,1.88
2011.01.26 09:20:30.761,0.82507,0.82526,1.28,1.32
2011.01.26 09:20:31.091,0.82498,0.82524,1.28,5.82
2011.01.26 09:20:31.806,0.82498,0.82524,1.28,6.57
2011.01.26 09:20:32.142,0.82501,0.82524,1.28,3.00
2011.01.26 09:20:34.683,0.82501,0.82523,1.28,1.50
2011.01.26 09:20:35.330,0.82501,0.82521,1.28,1.50
2011.01.26 09:20:35.445,0.82501,0.82524,1.28,1.50
2011.01.26 09:20:35.562,0.82501,0.82521,1.28,1.50
2011.01.26 09:20:37.611,0.82501,0.82524,1.28,3.00
2011.01.26 09:20:39.087,0.82501,0.82524,1.28,3.08
2011.01.26 09:20:39.413,0.82501,0.82519,1.28,1.50
2011.01.26 09:20:39.631,0.82501,0.82524,1.28,1.50
2011.01.26 09:20:42.844,0.82501,0.82523,1.28,1.50
2011.01.26 09:20:50.292,0.82501,0.82523,1.28,1.88
2011.01.26 09:20:50.733,0.82499,0.8252,1.28,2.07
2011.01.26 09:20:50.845,0.82499,0.82517,1.28,1.88
2011.01.26 09:20:51.535,0.82494,0.82513,1.28,1.50
2011.01.26 09:20:55.849,0.82492,0.82513,1.28,1.50
2011.01.26 09:20:57.927,0.82492,0.82519,1.28,2.82
2011.01.26 09:20:58.046,0.82492,0.82514,1.28,1.50
2011.01.26 09:21:00.499,0.82488,0.82514,1.28,1.50
2011.01.26 09:21:03.305,0.82488,0.82515,1.28,1.50
2011.01.26 09:21:03.910,0.82488,0.82514,1.28,1.50
2011.01.26 09:21:06.291,0.82488,0.82515,1.28,1.50
2011.01.26 09:21:06.843,0.82493,0.82518,1.28,1.50
2011.01.26 09:21:07.458,0.82493,0.82521,1.28,1.13
2011.01.26 09:21:16.801,0.82496,0.82524,1.47,2.25
2011.01.26 09:21:16.914,0.82496,0.82524,1.47,1.50
2011.01.26 09:21:17.513,0.82501,0.82524,1.28,1.50
2011.01.26 09:21:17.843,0.82501,0.82524,1.28,2.07
2011.01.26 09:21:18.061,0.82497,0.82521,1.28,1.88
2011.01.26 09:21:19.720,0.82497,0.82524,1.28,2.25
2011.01.26 09:21:20.272,0.82497,0.82524,1.28,4.32
2011.01.26 09:21:20.866,0.82493,0.82523,1.28,1.69
2011.01.26 09:21:21.311,0.82497,0.82522,1.50,2.44
2011.01.26 09:21:23.757,0.82493,0.82523,1.28,3.19
2011.01.26 09:21:24.310,0.82497,0.82523,1.50,3.19
2011.01.26 09:21:26.895,0.82493,0.82523,1.28,1.69
2011.01.26 09:21:27.384,0.82497,0.82523,1.50,3.19
2011.01.26 09:21:33.340,0.82493,0.82521,1.28,1.13
2011.01.26 09:21:35.511,0.82493,0.82521,1.28,1.13
2011.01.26 09:21:35.625,0.82493,0.82521,1.28,1.50
2011.01.26 09:21:36.335,0.82487,0.82514,1.28,1.13
2011.01.26 09:21:39.042,0.82485,0.82512,1.28,1.50
2011.01.26 09:21:45.996,0.8249,0.82517,1.28,1.50
2011.01.26 09:21:50.399,0.8249,0.82514,1.28,1.50
2011.01.26 09:22:03.243,0.8249,0.82517,1.28,1.50
2011.01.26 09:22:03.774,0.8249,0.82512,1.28,1.50
2011.01.26 09:22:04.460,0.82487,0.82515,2.97,1.50
2011.01.26 09:22:05.661,0.82487,0.82513,2.03,2.25
2011.01.26 09:22:06.100,0.82485,0.82509,1.28,1.50
2011.01.26 09:22:08.600,0.82485,0.82511,1.47,1.50
2011.01.26 09:22:08.715,0.82486,0.82513,1.09,2.25
2011.01.26 09:22:08.832,0.82489,0.82513,1.47,1.50
2011.01.26 09:22:11.122,0.82489,0.82513,1.28,1.50
2011.01.26 09:22:14.658,0.82485,0.82504,1.65,1.50
2011.01.26 09:22:14.772,0.82485,0.82513,1.65,2.25
2011.01.26 09:22:18.647,0.8249,0.82513,1.28,1.50
2011.01.26 09:22:20.472,0.8249,0.82514,1.28,1.50
2011.01.26 09:22:21.298,0.8249,0.82513,1.28,1.50
2011.01.26 09:22:22.961,0.82486,0.82504,1.28,1.50
2011.01.26 09:22:23.624,0.82486,0.82513,1.28,2.25
2011.01.26 09:22:30.876,0.82485,0.82512,1.28,1.13
2011.01.26 09:22:31.001,0.82485,0.82512,1.28,1.50
2011.01.26 09:22:56.234,0.82487,0.82514,2.03,1.50
2011.01.26 09:22:56.352,0.82488,0.82517,1.28,1.88
2011.01.26 09:23:07.742,0.82488,0.82513,1.28,1.50
2011.01.26 09:23:08.770,0.82488,0.82514,1.28,2.82
2011.01.26 09:23:08.881,0.82488,0.82514,1.28,3.94
2011.01.26 09:23:08.992,0.82486,0.82514,1.28,3.75
2011.01.26 09:23:09.103,0.82485,0.82512,1.28,3.00
2011.01.26 09:23:09.744,0.82485,0.82514,1.28,2.25
2011.01.26 09:23:10.101,0.82488,0.82514,1.28,2.25
2011.01.26 09:23:11.425,0.82487,0.8251,2.03,1.13
2011.01.26 09:23:12.006,0.82485,0.82504,1.28,1.50
2011.01.26 09:23:12.122,0.82485,0.82509,1.28,1.50
2011.01.26 09:23:15.472,0.82485,0.82512,1.47,1.50
2011.01.26 09:23:16.115,0.82491,0.82514,1.28,1.50
2011.01.26 09:23:20.501,0.82488,0.8251,1.28,1.32
2011.01.26 09:23:21.160,0.82482,0.82503,1.28,1.50
2011.01.26 09:23:21.276,0.82482,0.82507,1.28,1.88
2011.01.26 09:23:21.948,0.82485,0.82513,1.28,1.50
2011.01.26 09:23:22.062,0.82485,0.82503,1.28,1.50
2011.01.26 09:23:22.898,0.82485,0.82512,1.28,1.69
2011.01.26 09:23:23.022,0.82483,0.82504,2.03,1.50
2011.01.26 09:23:23.725,0.82483,0.82503,2.03,1.50
2011.01.26 09:23:28.446,0.82484,0.82513,1.28,3.00
2011.01.26 09:23:28.561,0.82484,0.82513,1.28,3.00
2011.01.26 09:23:29.278,0.82484,0.82503,1.28,1.50
2011.01.26 09:23:31.676,0.82484,0.82503,1.28,1.88
2011.01.26 09:23:31.905,0.82473,0.82502,1.50,2.07
2011.01.26 09:23:32.132,0.8247,0.82494,1.28,1.50
2011.01.26 09:23:33.097,0.8247,0.82494,1.28,1.50
2011.01.26 09:23:33.901,0.82473,0.82494,1.28,1.50
2011.01.26 09:23:34.231,0.82474,0.82494,1.28,1.50
2011.01.26 09:23:35.271,0.8247,0.82494,1.28,1.50
2011.01.26 09:23:41.304,0.82467,0.82493,1.28,2.97
2011.01.26 09:23:41.427,0.82463,0.82488,1.28,1.28
2011.01.26 09:23:42.105,0.82461,0.82484,1.28,1.50
2011.01.26 09:23:50.237,0.82464,0.82491,1.47,1.50
2011.01.26 09:23:50.713,0.82466,0.82483,1.28,1.50
2011.01.26 09:23:51.042,0.82471,0.82493,2.25,1.32
2011.01.26 09:23:51.153,0.82467,0.82493,1.28,1.32
2011.01.26 09:23:51.753,0.82463,0.82484,1.47,1.50
2011.01.26 09:23:51.864,0.82463,0.82492,1.47,1.50
2011.01.26 09:23:55.743,0.82467,0.82492,1.50,1.50
2011.01.26 09:23:56.529,0.82467,0.82494,1.47,2.25
2011.01.26 09:23:59.513,0.82474,0.82494,1.28,1.50
2011.01.26 09:24:00.545,0.82474,0.82493,1.28,1.50
2011.01.26 09:24:00.674,0.82471,0.82494,1.28,1.50
2011.01.26 09:24:04.983,0.82471,0.82494,1.28,3.19
2011.01.26 09:24:05.312,0.82466,0.8249,1.28,1.88
2011.01.26 09:24:05.421,0.82466,0.82484,1.28,1.50
2011.01.26 09:24:06.248,0.82466,0.8249,1.28,1.88
2011.01.26 09:24:06.369,0.82466,0.82494,1.28,2.25
2011.01.26 09:24:06.704,0.8247,0.82494,1.28,1.50
2011.01.26 09:24:08.215,0.82469,0.82494,1.28,2.25
2011.01.26 09:24:08.554,0.82468,0.82497,1.28,1.50
2011.01.26 09:24:09.167,0.82471,0.82493,1.28,1.50
2011.01.26 09:24:10.250,0.82469,0.82483,1.28,1.50
2011.01.26 09:24:10.587,0.82469,0.82493,1.28,5.25
2011.01.26 09:24:20.690,0.8247,0.82494,1.47,1.50
2011.01.26 09:24:22.047,0.82473,0.82503,1.28,3.38
2011.01.26 09:24:22.166,0.82473,0.82494,1.28,1.50
2011.01.26 09:24:24.021,0.82473,0.82503,1.28,4.88
2011.01.26 09:24:27.951,0.82476,0.82503,1.47,2.25
2011.01.26 09:24:28.061,0.82478,0.82503,1.28,1.50
2011.01.26 09:24:28.939,0.82478,0.82504,1.28,2.25
2011.01.26 09:24:29.483,0.82478,0.82503,1.28,1.50
2011.01.26 09:24:31.295,0.82478,0.82504,1.28,3.75
2011.01.26 09:24:32.344,0.82478,0.82503,1.28,1.50
2011.01.26 09:24:33.055,0.82478,0.82504,1.28,3.75
2011.01.26 09:24:34.764,0.82476,0.82503,2.03,2.25
2011.01.26 09:24:35.550,0.82476,0.82502,1.50,1.50
2011.01.26 09:24:35.690,0.82468,0.82499,1.28,3.38
2011.01.26 09:24:35.803,0.82468,0.82494,1.28,1.50
2011.01.26 09:24:36.801,0.82468,0.82497,1.28,1.50
2011.01.26 09:24:37.024,0.82468,0.82497,1.58,1.50
2011.01.26 09:24:37.133,0.82468,0.82497,1.28,1.50
2011.01.26 09:24:39.584,0.82468,0.82497,1.43,1.50
2011.01.26 09:24:39.783,0.82468,0.82497,1.35,1.50
2011.01.26 09:24:40.584,0.82468,0.82493,1.43,1.50
2011.01.26 09:24:40.692,0.82468,0.82493,1.28,1.50
2011.01.26 09:24:41.609,0.82477,0.82497,1.50,1.50
2011.01.26 09:24:46.534,0.8247,0.82497,2.18,1.50
2011.01.26 09:24:47.230,0.82468,0.82497,1.43,1.69
2011.01.26 09:24:47.377,0.82467,0.82497,2.93,1.69
2011.01.26 09:24:48.499,0.82467,0.82493,2.03,2.25
2011.01.26 09:24:50.593,0.82467,0.82493,2.10,2.25
2011.01.26 09:24:51.206,0.82467,0.82493,2.03,2.25
2011.01.26 09:24:53.730,0.82472,0.82493,1.28,1.50
2011.01.26 09:24:55.462,0.82472,0.82494,1.28,1.50
2011.01.26 09:24:56.066,0.82469,0.82494,1.28,1.50
2011.01.26 09:24:57.311,0.82476,0.82503,1.28,2.25
2011.01.26 09:24:57.684,0.82476,0.82494,1.28,1.50
2011.01.26 09:24:58.732,0.82476,0.82501,1.28,2.63
2011.01.26 09:24:59.476,0.82476,0.82494,1.28,1.50
2011.01.26 09:25:01.916,0.82476,0.82501,1.28,2.82
2011.01.26 09:25:02.264,0.82476,0.82493,1.28,1.50
2011.01.26 09:25:02.388,0.82476,0.82504,1.28,3.00
2011.01.26 09:25:09.281,0.82479,0.82504,1.28,2.25
2011.01.26 09:25:09.983,0.82481,0.82503,1.28,1.50
2011.01.26 09:25:10.102,0.82481,0.82514,1.47,3.00
2011.01.26 09:25:10.219,0.82485,0.82513,1.28,1.32
2011.01.26 09:25:11.065,0.82485,0.82504,1.28,1.50
2011.01.26 09:25:25.582,0.8249,0.82513,1.28,1.50
2011.01.26 09:25:26.417,0.82493,0.82514,1.28,1.50
2011.01.26 09:25:26.540,0.82494,0.82515,1.28,1.50
2011.01.26 09:25:26.873,0.82498,0.82515,1.28,1.50
2011.01.26 09:25:27.582,0.82494,0.82513,1.28,2.82
2011.01.26 09:25:27.702,0.82495,0.82515,1.28,1.50
2011.01.26 09:25:27.923,0.82495,0.82513,1.28,1.50
2011.01.26 09:25:28.874,0.82495,0.82513,1.28,1.88
2011.01.26 09:25:29.764,0.8249,0.82513,1.28,1.50
2011.01.26 09:25:31.191,0.82487,0.82513,1.28,2.25
2011.01.26 09:25:45.659,0.82497,0.82519,1.50,1.50
2011.01.26 09:25:58.534,0.82497,0.82523,1.50,3.19
2011.01.26 09:25:58.763,0.82497,0.82523,1.50,2.25
2011.01.26 09:25:58.983,0.82498,0.82523,1.28,2.25
2011.01.26 09:26:00.020,0.82498,0.82524,1.47,1.50
2011.01.26 09:26:00.159,0.82501,0.82524,1.28,1.50
2011.01.26 09:26:08.413,0.82501,0.82532,1.28,1.50
2011.01.26 09:26:08.742,0.82501,0.82523,1.28,1.50
2011.01.26 09:26:11.165,0.82501,0.82532,1.28,1.50
2011.01.26 09:26:11.754,0.82504,0.82532,1.28,1.50
2011.01.26 09:26:14.293,0.82506,0.82534,2.40,2.25
2011.01.26 09:26:15.602,0.82508,0.82534,1.28,1.50
2011.01.26 09:26:15.825,0.82513,0.82538,1.28,1.50
2011.01.26 09:26:16.454,0.82515,0.8254,1.28,1.50
2011.01.26 09:26:21.650,0.82511,0.8254,1.28,1.32
2011.01.26 09:26:21.769,0.82511,0.82533,1.28,1.50
2011.01.26 09:26:25.132,0.82511,0.82541,1.28,1.50
2011.01.26 09:26:29.253,0.82499,0.82514,1.28,1.50
2011.01.26 09:26:30.326,0.8249,0.82514,1.28,1.50
2011.01.26 09:26:30.444,0.82489,0.82516,1.28,1.69
2011.01.26 09:26:32.531,0.82487,0.82513,2.03,2.44
2011.01.26 09:26:35.637,0.82487,0.82511,1.50,1.50
2011.01.26 09:26:38.727,0.82481,0.82511,2.78,1.50
2011.01.26 09:26:38.847,0.82486,0.82511,1.50,1.50
2011.01.26 09:26:42.224,0.82481,0.82508,2.78,2.82
2011.01.26 09:26:43.268,0.82479,0.82503,1.28,1.69
2011.01.26 09:26:48.430,0.82476,0.82503,1.65,2.25
2011.01.26 09:26:50.022,0.82476,0.825,1.28,2.07
2011.01.26 09:26:50.245,0.82476,0.82502,1.28,3.00
2011.01.26 09:26:50.857,0.82476,0.82504,1.28,3.00
2011.01.26 09:26:50.974,0.82476,0.825,1.28,1.50
2011.01.26 09:26:51.091,0.82476,0.82504,1.28,3.00
2011.01.26 09:26:52.122,0.82478,0.82504,1.65,2.25
2011.01.26 09:26:52.691,0.82478,0.82504,1.65,1.50
2011.01.26 09:26:53.173,0.82478,0.82508,1.65,1.50
2011.01.26 09:26:54.968,0.82478,0.82509,1.84,1.50
2011.01.26 09:26:55.758,0.82483,0.8251,1.84,1.50
2011.01.26 09:26:58.034,0.82483,0.82507,1.28,1.50
2011.01.26 09:26:58.638,0.82479,0.82506,1.28,3.00
2011.01.26 09:26:58.972,0.82479,0.82503,1.28,1.50
2011.01.26 09:26:59.081,0.82479,0.82503,1.28,1.50
2011.01.26 09:26:59.699,0.82479,0.82506,1.28,1.50
2011.01.26 09:27:02.264,0.82475,0.82494,1.28,1.50
2011.01.26 09:27:11.779,0.82475,0.82497,1.28,1.69
2011.01.26 09:27:11.898,0.82472,0.82497,1.28,1.69
2011.01.26 09:27:12.850,0.82472,0.82497,1.28,1.50
2011.01.26 09:27:13.363,0.82472,0.82496,1.28,1.50
2011.01.26 09:27:14.512,0.82475,0.82498,1.28,1.50
2011.01.26 09:27:14.631,0.82475,0.82504,1.28,3.00
2011.01.26 09:27:16.533,0.82475,0.825,1.28,1.50
2011.01.26 09:27:17.069,0.8247,0.825,1.28,3.00
2011.01.26 09:27:19.533,0.8247,0.82494,1.28,1.50
2011.01.26 09:27:20.110,0.8247,0.825,1.28,3.00
2011.01.26 09:27:20.523,0.8247,0.82494,1.28,1.50
2011.01.26 09:27:21.349,0.82467,0.82497,2.03,2.25
2011.01.26 09:27:21.463,0.82466,0.82494,3.15,1.50
2011.01.26 09:27:22.174,0.82472,0.82498,1.28,1.50
2011.01.26 09:27:22.501,0.82472,0.82494,1.28,1.50
2011.01.26 09:27:23.540,0.82472,0.82493,1.28,1.50
2011.01.26 09:27:23.657,0.82472,0.82497,1.28,2.25
2011.01.26 09:27:24.451,0.82472,0.82494,1.28,1.50
2011.01.26 09:27:25.765,0.8247,0.82497,1.28,2.07
2011.01.26 09:27:25.886,0.8247,0.82491,1.28,1.50
2011.01.26 09:27:26.005,0.82467,0.82491,1.28,1.50
2011.01.26 09:27:28.786,0.82467,0.8249,1.28,1.50
2011.01.26 09:27:30.023,0.82467,0.82488,1.28,1.50
2011.01.26 09:27:30.946,0.82467,0.82488,1.28,1.69
2011.01.26 09:27:31.060,0.8246,0.82483,1.28,1.50
2011.01.26 09:27:31.788,0.8246,0.82484,1.28,1.50
2011.01.26 09:27:32.134,0.82464,0.82484,1.28,1.50
2011.01.26 09:27:35.017,0.8246,0.82484,1.28,1.50
2011.01.26 09:27:35.820,0.8246,0.82485,1.28,1.50
2011.01.26 09:27:36.506,0.82467,0.8249,1.50,1.50
2011.01.26 09:27:37.542,0.82467,0.82489,1.50,1.50
2011.01.26 09:27:37.886,0.82461,0.82482,1.28,1.50
2011.01.26 09:27:38.006,0.82457,0.82482,1.28,1.50
2011.01.26 09:27:39.984,0.82457,0.82483,2.78,3.75
2011.01.26 09:27:40.117,0.82457,0.82481,2.78,1.50
2011.01.26 09:27:44.094,0.82457,0.82482,2.78,1.69
2011.01.26 09:27:45.153,0.82457,0.82483,2.78,3.75
2011.01.26 09:27:52.462,0.82459,0.82486,1.09,1.50
2011.01.26 09:27:56.056,0.82467,0.82493,3.15,1.50
2011.01.26 09:28:05.123,0.82467,0.82495,1.65,1.50
2011.01.26 09:28:05.808,0.82467,0.82493,3.15,1.50
2011.01.26 09:28:07.553,0.82471,0.82493,1.28,1.50
2011.01.26 09:28:08.543,0.82471,0.82498,1.28,1.50
2011.01.26 09:28:09.061,0.82471,0.82493,1.28,1.50
2011.01.26 09:28:15.023,0.82471,0.82497,1.28,2.25
2011.01.26 09:28:15.638,0.82471,0.82494,1.28,1.50
2011.01.26 09:28:23.933,0.82469,0.82494,1.28,3.75
2011.01.26 09:28:24.045,0.82467,0.82494,1.28,3.75
2011.01.26 09:28:24.383,0.82466,0.82491,1.69,1.50
2011.01.26 09:28:25.042,0.82466,0.82491,1.69,3.00
2011.01.26 09:28:35.453,0.82467,0.82492,2.40,3.00
2011.01.26 09:28:36.019,0.82467,0.82495,2.40,3.00
2011.01.26 09:28:42.395,0.82467,0.82491,2.03,2.25
2011.01.26 09:28:42.623,0.82467,0.8249,1.50,1.50
2011.01.26 09:28:49.642,0.82463,0.8249,1.28,1.50
2011.01.26 09:28:49.863,0.82463,0.82483,1.28,1.50
2011.01.26 09:28:59.952,0.82467,0.82483,1.28,1.50
2011.01.26 09:29:00.171,0.82467,0.82493,1.28,2.25
2011.01.26 09:29:03.874,0.82467,0.82491,1.50,1.50
2011.01.26 09:29:05.159,0.82464,0.82491,1.28,1.50
2011.01.26 09:29:08.572,0.8246,0.82487,1.28,1.50
2011.01.26 09:29:13.265,0.82468,0.82487,2.25,1.50
2011.01.26 09:29:13.383,0.82468,0.82491,2.25,1.50
2011.01.26 09:29:14.051,0.82466,0.82487,1.50,1.50
2011.01.26 09:29:16.444,0.82467,0.82487,1.50,1.50
2011.01.26 09:29:17.562,0.82466,0.82487,1.50,1.50
2011.01.26 09:29:19.403,0.82467,0.82487,1.50,1.50
2011.01.26 09:29:20.268,0.82466,0.82487,1.50,1.50
2011.01.26 09:29:21.534,0.82467,0.82487,1.50,1.50
2011.01.26 09:29:26.304,0.8246,0.82487,1.28,1.88
2011.01.26 09:29:26.939,0.82462,0.82491,1.28,1.50
2011.01.26 09:29:27.276,0.82462,0.82483,1.28,1.50
2011.01.26 09:29:27.394,0.82459,0.82487,3.53,1.50
2011.01.26 09:29:28.426,0.82459,0.82483,1.28,1.50
2011.01.26 09:29:30.372,0.82459,0.82487,1.28,1.50
2011.01.26 09:29:30.720,0.82459,0.82484,1.28,1.50
2011.01.26 09:29:34.048,0.82459,0.82487,1.28,1.50
2011.01.26 09:29:40.101,0.82459,0.82487,1.28,1.50
2011.01.26 09:29:40.682,0.82456,0.82483,2.78,1.50
2011.01.26 09:29:42.610,0.82456,0.82467,1.28,1.13
2011.01.26 09:29:42.732,0.82434,0.82466,1.28,1.50
2011.01.26 09:29:42.844,0.82434,0.82464,1.28,1.50
2011.01.26 09:29:43.759,0.82438,0.82463,1.28,1.50
2011.01.26 09:29:44.093,0.82442,0.82463,1.28,1.50
2011.01.26 09:29:45.034,0.82446,0.82464,1.28,1.50
2011.01.26 09:29:45.147,0.82446,0.82474,1.65,2.25
2011.01.26 09:29:46.942,0.82443,0.82472,1.28,1.50
2011.01.26 09:29:57.122,0.82447,0.82474,1.28,3.00
2011.01.26 09:29:58.130,0.82447,0.82474,1.28,1.50
2011.01.26 09:30:03.007,0.8247,0.82494,1.28,1.50
2011.01.26 09:30:04.048,0.8247,0.82494,1.28,1.50
2011.01.26 09:30:04.282,0.82472,0.82493,1.28,1.50
2011.01.26 09:30:04.787,0.82469,0.82494,1.28,1.50
2011.01.26 09:30:04.909,0.82466,0.82492,2.78,1.58
2011.01.26 09:30:05.945,0.82466,0.82483,1.28,1.50
2011.01.26 09:30:06.667,0.82463,0.82483,1.28,1.50
2011.01.26 09:30:06.785,0.82463,0.82489,1.28,1.88
2011.01.26 09:30:06.906,0.82462,0.82489,1.28,5.63
2011.01.26 09:30:07.774,0.82462,0.82483,1.28,1.50
2011.01.26 09:30:07.886,0.82462,0.82489,1.28,3.00
2011.01.26 09:30:08.411,0.82462,0.82489,1.28,2.25
2011.01.26 09:30:08.631,0.82467,0.82492,1.50,1.50
2011.01.26 09:30:09.399,0.82467,0.82493,1.50,2.70
2011.01.26 09:30:09.513,0.82459,0.82491,1.28,1.50
2011.01.26 09:30:09.622,0.82464,0.82489,1.28,2.25
2011.01.26 09:30:10.450,0.82469,0.82495,1.28,1.50
2011.01.26 09:30:10.564,0.82469,0.82493,1.28,1.50
2011.01.26 09:30:11.271,0.82459,0.82491,1.65,1.50
2011.01.26 09:30:11.386,0.82459,0.82491,1.65,1.50
2011.01.26 09:30:11.981,0.82467,0.82493,2.40,1.50
2011.01.26 09:30:12.835,0.8247,0.82493,1.28,1.50
2011.01.26 09:30:13.556,0.82469,0.82493,1.28,2.25
2011.01.26 09:30:13.663,0.82467,0.82493,2.03,2.25
2011.01.26 09:30:16.584,0.8247,0.82493,1.28,1.50
2011.01.26 09:30:16.689,0.8247,0.82497,1.28,1.50
2011.01.26 09:30:19.753,0.82476,0.82501,1.50,1.50
2011.01.26 09:30:20.723,0.82473,0.82501,2.03,1.50
2011.01.26 09:30:21.395,0.8247,0.82497,2.78,1.50
2011.01.26 09:30:22.235,0.82476,0.82497,1.50,1.50
2011.01.26 09:30:23.394,0.82469,0.82497,1.28,1.50
2011.01.26 09:30:24.601,0.8247,0.82499,1.28,1.50
2011.01.26 09:30:25.608,0.8247,0.82499,1.28,1.50
2011.01.26 09:30:31.787,0.82469,0.825,1.28,1.50
2011.01.26 09:30:32.014,0.82474,0.82499,1.28,1.50
2011.01.26 09:30:32.926,0.8247,0.825,1.28,1.88
2011.01.26 09:30:36.051,0.82475,0.82503,1.28,2.25
2011.01.26 09:30:36.947,0.82475,0.82503,1.28,1.50
2011.01.26 09:30:37.060,0.82483,0.82511,1.28,4.13
2011.01.26 09:30:37.996,0.82483,0.82508,1.28,2.25
2011.01.26 09:30:38.954,0.82483,0.8251,1.28,3.00
2011.01.26 09:30:39.282,0.82476,0.82512,1.50,2.78
2011.01.26 09:30:39.984,0.82476,0.8251,1.50,2.25
2011.01.26 09:30:40.844,0.82476,0.82512,1.50,1.88
2011.01.26 09:30:41.748,0.82476,0.8251,1.50,1.88
2011.01.26 09:30:42.249,0.82476,0.82509,1.50,1.50
2011.01.26 09:30:43.342,0.82477,0.82503,1.50,1.50
2011.01.26 09:30:48.989,0.82476,0.82509,1.88,1.50
2011.01.26 09:30:49.110,0.82476,0.82504,1.88,1.50
2011.01.26 09:30:51.303,0.82478,0.82512,1.13,1.65
2011.01.26 09:30:52.006,0.82478,0.82514,1.13,1.50
2011.01.26 09:30:52.542,0.82478,0.82513,1.13,1.50
2011.01.26 09:30:54.336,0.82478,0.82514,3.38,3.00
2011.01.26 09:30:54.928,0.82478,0.82514,1.13,3.08
2011.01.26 09:30:55.800,0.82479,0.82514,2.63,3.00
2011.01.26 09:30:56.075,0.82479,0.82514,2.63,3.15
2011.01.26 09:30:56.754,0.82479,0.82514,2.63,1.58
2011.01.26 09:30:56.868,0.82479,0.82514,2.25,1.58
2011.01.26 09:30:57.621,0.82479,0.82514,1.13,3.00
2011.01.26 09:30:58.243,0.82478,0.82514,2.63,3.08
2011.01.26 09:30:58.360,0.82479,0.82514,3.38,1.50
2011.01.26 09:30:58.476,0.82479,0.82514,3.38,1.50
2011.01.26 09:30:59.097,0.82479,0.82514,3.38,1.65
2011.01.26 09:31:00.639,0.82463,0.82493,2.78,1.50
2011.01.26 09:31:02.353,0.82467,0.82498,1.50,3.75
2011.01.26 09:31:04.209,0.82467,0.825,1.50,1.50
2011.01.26 09:31:05.059,0.82467,0.82498,1.50,1.50
2011.01.26 09:31:05.906,0.82467,0.82499,3.00,1.50
2011.01.26 09:31:06.860,0.82467,0.82501,1.50,1.50
2011.01.26 09:31:09.317,0.82469,0.82503,1.50,3.15
2011.01.26 09:31:10.249,0.82467,0.82499,3.38,3.83
2011.01.26 09:31:10.870,0.82473,0.82502,1.50,1.65
2011.01.26 09:31:11.458,0.82472,0.82501,2.25,1.50
2011.01.26 09:31:15.773,0.82469,0.82501,2.03,1.50
2011.01.26 09:31:16.366,0.82466,0.82499,3.90,1.50
2011.01.26 09:31:17.402,0.82466,0.82501,2.40,1.50
2011.01.26 09:31:17.939,0.82466,0.82501,2.03,1.50
2011.01.26 09:31:18.542,0.82466,0.82501,2.40,1.50
2011.01.26 09:31:19.496,0.82467,0.825,1.88,1.50
2011.01.26 09:31:19.619,0.82469,0.82503,1.50,1.50
2011.01.26 09:31:19.734,0.82466,0.82503,3.90,2.25
2011.01.26 09:31:20.642,0.82466,0.82497,2.03,1.50
2011.01.26 09:31:20.971,0.82466,0.82494,2.03,1.50
2011.01.26 09:31:21.825,0.82468,0.82494,1.50,1.50
2011.01.26 09:31:22.728,0.82468,0.82501,1.50,1.50
2011.01.26 09:31:24.463,0.82467,0.825,1.58,1.50
2011.01.26 09:31:25.257,0.82467,0.82501,1.50,1.50
2011.01.26 09:31:25.840,0.82467,0.825,1.50,1.50
2011.01.26 09:31:26.705,0.82467,0.825,3.08,1.50
2011.01.26 09:31:27.339,0.82467,0.825,3.08,1.50
2011.01.26 09:31:28.371,0.82468,0.82499,1.50,1.50
2011.01.26 09:31:30.078,0.82467,0.82499,1.50,1.50
2011.01.26 09:31:31.865,0.82467,0.82498,1.50,1.50
2011.01.26 09:31:32.434,0.82467,0.82499,1.65,1.50
2011.01.26 09:31:33.119,0.82466,0.82498,3.53,1.50
2011.01.26 09:31:34.016,0.82466,0.82498,3.68,1.50
2011.01.26 09:31:35.573,0.82466,0.82498,2.55,1.50
2011.01.26 09:31:35.683,0.82467,0.82501,1.65,1.50
2011.01.26 09:31:35.792,0.82466,0.82498,2.18,1.50
2011.01.26 09:31:36.572,0.82466,0.82498,2.18,1.50
2011.01.26 09:31:37.003,0.82466,0.82498,2.03,1.50
2011.01.26 09:31:37.813,0.82467,0.82498,1.65,1.50
2011.01.26 09:31:38.155,0.82467,0.82498,1.65,1.50
2011.01.26 09:31:38.888,0.82468,0.825,1.50,1.50
2011.01.26 09:31:39.306,0.82468,0.825,1.58,1.50
2011.01.26 09:31:39.421,0.82468,0.825,1.58,1.50
2011.01.26 09:31:41.182,0.82468,0.82503,1.58,3.57
2011.01.26 09:31:41.291,0.82468,0.82503,1.65,3.57
2011.01.26 09:31:41.402,0.82468,0.82503,1.50,3.57
2011.01.26 09:31:42.089,0.82471,0.82503,1.50,1.69
2011.01.26 09:31:42.423,0.82476,0.82504,1.50,1.50
2011.01.26 09:31:43.107,0.82473,0.82502,2.25,1.50
2011.01.26 09:31:43.607,0.82473,0.82503,2.25,1.50
2011.01.26 09:31:44.248,0.82469,0.82503,1.50,1.69
2011.01.26 09:31:44.366,0.82467,0.82502,3.53,1.50
2011.01.26 09:31:45.085,0.82469,0.82503,1.50,1.69
2011.01.26 09:31:45.384,0.82469,0.82503,1.58,1.69
2011.01.26 09:31:46.061,0.8247,0.82503,1.65,2.07
2011.01.26 09:31:46.182,0.8247,0.82503,1.50,1.69
2011.01.26 09:31:46.512,0.82469,0.82503,1.50,3.19
2011.01.26 09:31:47.199,0.82467,0.82499,1.88,1.50
2011.01.26 09:31:48.078,0.82472,0.82496,2.25,1.50
2011.01.26 09:31:48.194,0.82469,0.825,1.50,1.50
2011.01.26 09:31:48.827,0.82466,0.82498,2.63,1.50
2011.01.26 09:31:49.213,0.82473,0.82498,2.25,1.50
2011.01.26 09:31:50.623,0.82473,0.82499,2.25,1.50
2011.01.26 09:31:51.663,0.8247,0.82499,1.50,1.50
2011.01.26 09:31:51.885,0.82467,0.82499,2.22,1.50
2011.01.26 09:31:52.655,0.82467,0.825,2.07,1.50
2011.01.26 09:31:53.683,0.82467,0.82499,1.95,1.50
2011.01.26 09:31:54.014,0.82467,0.82495,1.50,1.50
2011.01.26 09:31:54.668,0.82465,0.82493,1.50,1.50
2011.01.26 09:31:55.005,0.82467,0.82493,1.50,1.50
2011.01.26 09:31:55.708,0.82466,0.82493,1.50,1.50
2011.01.26 09:31:56.035,0.82472,0.82499,1.50,1.50
2011.01.26 09:31:56.153,0.82467,0.82499,1.50,1.50
2011.01.26 09:31:56.764,0.82467,0.825,1.50,1.50
2011.01.26 09:31:56.881,0.82467,0.82496,1.50,1.32
2011.01.26 09:31:56.996,0.82466,0.82498,1.50,1.69
2011.01.26 09:31:57.226,0.8246,0.82494,1.65,1.50
2011.01.26 09:31:57.822,0.82467,0.82496,1.50,1.50
2011.01.26 09:31:58.508,0.82467,0.82495,1.50,1.50
2011.01.26 09:31:58.632,0.82458,0.82494,1.50,1.69
2011.01.26 09:31:58.746,0.8246,0.82493,1.50,2.82
2011.01.26 09:31:59.461,0.82459,0.82493,1.50,2.82
2011.01.26 09:32:00.223,0.82458,0.82492,1.50,2.07
2011.01.26 09:32:00.563,0.82458,0.8249,1.50,3.38
2011.01.26 09:32:01.310,0.82463,0.8249,1.50,1.32
2011.01.26 09:32:01.654,0.82458,0.8249,1.50,1.69
2011.01.26 09:32:02.386,0.82457,0.82489,1.50,1.69
2011.01.26 09:32:02.502,0.82457,0.8249,1.50,1.69
2011.01.26 09:32:03.310,0.82457,0.8249,3.00,1.69
2011.01.26 09:32:05.618,0.82458,0.82493,1.50,2.44
2011.01.26 09:32:06.536,0.82457,0.82493,1.50,2.44
2011.01.26 09:32:07.299,0.82458,0.82492,1.50,1.69
2011.01.26 09:32:08.277,0.82457,0.82493,3.00,4.32
2011.01.26 09:32:08.504,0.82457,0.82493,5.82,3.75
2011.01.26 09:32:10.178,0.82457,0.82493,3.00,2.44
2011.01.26 09:32:11.045,0.82457,0.82493,3.00,4.69
2011.01.26 09:32:12.657,0.82457,0.82493,3.00,2.44
2011.01.26 09:32:15.092,0.82454,0.82483,1.50,1.50
2011.01.26 09:32:15.741,0.82456,0.82483,1.50,1.50
2011.01.26 09:32:16.497,0.82451,0.82478,1.50,1.69
2011.01.26 09:32:16.620,0.82447,0.82478,3.00,1.69
2011.01.26 09:32:16.737,0.82447,0.8248,1.50,2.07
2011.01.26 09:32:16.853,0.8245,0.82481,1.50,2.07
2011.01.26 09:32:17.426,0.8245,0.82483,1.50,2.82
2011.01.26 09:32:17.551,0.82457,0.82486,1.50,3.57
2011.01.26 09:32:18.260,0.82456,0.82483,1.50,1.69
2011.01.26 09:32:19.029,0.82456,0.82483,1.50,2.82
2011.01.26 09:32:19.145,0.82454,0.82483,1.50,3.57
2011.01.26 09:32:19.749,0.82452,0.82483,1.50,3.57
2011.01.26 09:32:19.866,0.82453,0.82483,1.50,3.57
2011.01.26 09:32:20.955,0.82455,0.82483,1.50,3.57
2011.01.26 09:32:21.564,0.82453,0.82483,1.50,3.57
2011.01.26 09:32:22.479,0.82455,0.82483,1.50,3.57
2011.01.26 09:32:23.348,0.82448,0.82479,1.50,1.69
2011.01.26 09:32:23.466,0.82448,0.82479,1.50,2.07
2011.01.26 09:32:24.069,0.82447,0.82479,1.50,1.32
2011.01.26 09:32:25.066,0.82448,0.82479,1.50,1.32
2011.01.26 09:32:25.779,0.82449,0.82479,1.50,1.32
2011.01.26 09:32:26.702,0.82447,0.82479,1.50,1.32
2011.01.26 09:32:27.995,0.82448,0.8248,1.50,1.69
2011.01.26 09:32:30.631,0.8245,0.82481,1.50,2.44
2011.01.26 09:32:31.443,0.82451,0.82482,1.50,2.07
2011.01.26 09:32:32.292,0.82452,0.82483,1.50,1.50
2011.01.26 09:32:33.017,0.82451,0.82483,1.69,1.50
2011.01.26 09:32:33.138,0.82453,0.82483,1.50,1.50
2011.01.26 09:32:33.252,0.82451,0.82483,1.69,1.50
2011.01.26 09:32:33.365,0.82453,0.82483,1.50,1.50
2011.01.26 09:32:34.059,0.82455,0.82483,1.50,1.50
2011.01.26 09:32:34.177,0.82456,0.82486,1.50,1.50
2011.01.26 09:32:37.347,0.82457,0.8249,1.50,1.69
2011.01.26 09:32:38.034,0.82457,0.8249,1.65,1.69
2011.01.26 09:32:38.472,0.82462,0.82489,1.50,1.50
2011.01.26 09:32:38.582,0.82463,0.82491,1.50,1.50
2011.01.26 09:32:39.163,0.82461,0.8249,2.25,1.50
2011.01.26 09:32:39.278,0.82461,0.82488,2.25,1.50
2011.01.26 09:32:40.208,0.82462,0.8249,1.50,1.50
2011.01.26 09:32:40.742,0.82461,0.82489,2.25,1.50
2011.01.26 09:32:41.944,0.82461,0.8249,2.25,1.50
2011.01.26 09:32:44.043,0.82461,0.82489,2.25,1.50
2011.01.26 09:32:44.924,0.82461,0.82488,3.75,1.50
2011.01.26 09:32:46.258,0.82458,0.82489,1.50,1.69
2011.01.26 09:32:46.885,0.82459,0.8249,1.50,1.69
2011.01.26 09:32:47.722,0.82459,0.8249,1.50,1.69
2011.01.26 09:32:49.314,0.82462,0.82492,1.69,1.50
2011.01.26 09:32:49.825,0.82463,0.82493,1.84,1.50
2011.01.26 09:32:50.162,0.82467,0.82497,1.50,2.25
2011.01.26 09:32:50.272,0.82467,0.82494,1.50,1.50
2011.01.26 09:32:50.843,0.82467,0.82497,1.50,2.25
2011.01.26 09:32:51.341,0.82467,0.82494,1.50,1.50
2011.01.26 09:32:52.212,0.82467,0.82496,1.50,1.50
2011.01.26 09:32:52.324,0.82467,0.82499,1.50,1.50
2011.01.26 09:32:52.787,0.82467,0.82497,1.50,1.50
2011.01.26 09:32:53.376,0.82467,0.82498,1.50,1.50
2011.01.26 09:32:53.493,0.82467,0.825,1.50,1.50
2011.01.26 09:32:54.424,0.82467,0.82498,1.50,1.69
2011.01.26 09:32:54.542,0.82468,0.82497,1.50,1.50
2011.01.26 09:32:54.761,0.82468,0.82499,1.50,1.50
2011.01.26 09:32:54.872,0.82468,0.82494,1.50,1.50
2011.01.26 09:32:55.535,0.82467,0.82494,1.50,1.50
2011.01.26 09:32:55.896,0.82467,0.82499,3.00,1.50
2011.01.26 09:32:56.742,0.82467,0.82498,1.50,1.50
2011.01.26 09:32:57.243,0.82468,0.82498,1.50,1.50
2011.01.26 09:32:58.023,0.82468,0.825,1.50,1.50
2011.01.26 09:32:58.911,0.82471,0.82501,2.25,2.25
2011.01.26 09:32:59.242,0.82473,0.82502,1.50,1.69
2011.01.26 09:33:00.680,0.82474,0.82503,1.50,1.69
2011.01.26 09:33:01.631,0.82472,0.82498,3.19,1.50
2011.01.26 09:33:01.744,0.82472,0.82498,2.44,1.50
2011.01.26 09:33:02.389,0.82473,0.82503,1.69,1.50
2011.01.26 09:33:02.512,0.82475,0.82503,1.69,1.50
2011.01.26 09:33:04.186,0.82476,0.82503,1.50,1.50
2011.01.26 09:33:05.491,0.82483,0.82514,1.50,1.50
2011.01.26 09:33:05.611,0.82483,0.82514,1.50,6.19
2011.01.26 09:33:06.284,0.82481,0.82513,1.50,2.52
2011.01.26 09:33:06.400,0.82478,0.82511,1.50,3.94
2011.01.26 09:33:07.595,0.82479,0.82509,1.50,1.50
2011.01.26 09:33:08.235,0.82479,0.82514,1.50,1.50
2011.01.26 09:33:08.352,0.82481,0.82514,1.50,1.50
2011.01.26 09:33:09.254,0.8248,0.82513,1.50,1.50
2011.01.26 09:33:10.512,0.8248,0.82512,1.50,1.50
2011.01.26 09:33:10.853,0.82481,0.82514,1.50,1.50
2011.01.26 09:33:11.648,0.82481,0.82514,1.50,4.69
2011.01.26 09:33:11.982,0.8248,0.82514,1.65,5.25
2011.01.26 09:33:13.323,0.82481,0.82514,1.58,1.50
2011.01.26 09:33:13.917,0.82481,0.82514,1.58,1.50
2011.01.26 09:33:14.033,0.82481,0.82514,1.50,1.50
2011.01.26 09:33:14.984,0.82482,0.82514,1.50,1.50
2011.01.26 09:33:15.484,0.82483,0.82514,1.50,2.44
2011.01.26 09:33:16.188,0.82481,0.82512,1.50,2.44
2011.01.26 09:33:18.886,0.82481,0.82514,1.69,3.19
2011.01.26 09:33:19.223,0.82483,0.82514,1.50,1.69
2011.01.26 09:33:19.333,0.82481,0.82514,1.69,1.69
2011.01.26 09:33:20.673,0.82478,0.82503,1.65,1.50
2011.01.26 09:33:21.263,0.82476,0.82503,1.50,1.50
2011.01.26 09:33:22.322,0.82475,0.82503,1.50,3.00
2011.01.26 09:33:22.947,0.82473,0.82502,2.25,1.50
2011.01.26 09:33:23.583,0.82474,0.82503,1.50,3.00
2011.01.26 09:33:27.856,0.82473,0.825,3.75,1.50
2011.01.26 09:33:28.528,0.82475,0.82502,1.50,1.50
2011.01.26 09:33:28.757,0.82473,0.82502,3.75,1.50
2011.01.26 09:33:31.191,0.82473,0.825,2.25,1.50
2011.01.26 09:33:32.641,0.82473,0.82503,3.75,3.00
2011.01.26 09:33:36.123,0.82483,0.82508,2.25,1.50
2011.01.26 09:33:36.332,0.82483,0.8251,2.25,1.69
2011.01.26 09:33:36.947,0.82478,0.8251,1.50,1.69
2011.01.26 09:33:38.069,0.82479,0.8251,1.50,1.69
2011.01.26 09:33:38.189,0.82479,0.82512,1.50,3.19
2011.01.26 09:33:39.137,0.8248,0.82512,1.50,3.19
2011.01.26 09:33:40.287,0.8248,0.82512,1.50,5.44
2011.01.26 09:33:41.427,0.8248,0.82512,1.50,1.50
2011.01.26 09:33:42.360,0.82478,0.82511,2.40,1.69
2011.01.26 09:33:42.583,0.8248,0.82511,1.50,1.69
2011.01.26 09:33:43.884,0.82481,0.82514,1.50,1.69
2011.01.26 09:33:44.666,0.82482,0.82514,1.50,1.69
2011.01.26 09:33:45.037,0.82484,0.82514,1.50,1.69
2011.01.26 09:33:45.567,0.82483,0.82514,1.50,1.69
2011.01.26 09:33:45.686,0.82481,0.82514,1.50,3.19
2011.01.26 09:33:45.806,0.82483,0.82514,1.50,1.50
2011.01.26 09:33:45.925,0.82488,0.82514,1.50,1.50
2011.01.26 09:33:46.497,0.82486,0.82514,1.50,2.44
2011.01.26 09:33:47.418,0.82485,0.82514,1.50,2.44
2011.01.26 09:33:49.762,0.82483,0.82514,1.50,2.44
2011.01.26 09:33:51.305,0.82484,0.82514,1.50,2.44
2011.01.26 09:33:52.407,0.82484,0.82514,1.50,1.50
2011.01.26 09:33:52.525,0.82483,0.82514,1.50,1.69
2011.01.26 09:33:53.414,0.82484,0.82514,1.50,1.69
2011.01.26 09:33:53.526,0.82482,0.82514,3.75,1.69
2011.01.26 09:33:58.933,0.82482,0.82513,2.40,3.19
2011.01.26 09:33:59.044,0.82485,0.82513,2.25,3.00
2011.01.26 09:33:59.573,0.82481,0.82513,2.25,3.19
2011.01.26 09:34:00.014,0.82486,0.82512,2.25,1.50
2011.01.26 09:34:00.691,0.82478,0.8251,1.50,1.50
2011.01.26 09:34:00.915,0.82477,0.82505,1.50,1.69
2011.01.26 09:34:01.625,0.82478,0.82504,1.50,1.50
2011.01.26 09:34:01.855,0.82476,0.82504,1.50,1.50
2011.01.26 09:34:02.716,0.82483,0.82512,2.44,1.50
2011.01.26 09:34:03.402,0.82489,0.82513,2.25,1.50
2011.01.26 09:34:03.844,0.82489,0.82511,2.25,1.50
2011.01.26 09:34:04.342,0.82482,0.82512,2.25,1.69
2011.01.26 09:34:05.388,0.82478,0.82512,1.50,1.69
2011.01.26 09:34:11.824,0.82482,0.82512,2.25,1.50
2011.01.26 09:34:12.773,0.82482,0.82512,2.25,2.44
2011.01.26 09:34:12.888,0.82477,0.82512,1.50,2.44
2011.01.26 09:34:17.192,0.82477,0.8251,1.69,1.50
2011.01.26 09:34:17.667,0.82483,0.82511,2.25,1.50
2011.01.26 09:34:17.923,0.82483,0.82513,2.25,3.00
2011.01.26 09:34:18.542,0.82483,0.82511,2.25,1.50
2011.01.26 09:34:19.464,0.82483,0.82513,2.25,1.69
2011.01.26 09:34:20.469,0.82485,0.82513,2.25,1.50
2011.01.26 09:34:22.355,0.82485,0.82514,2.44,1.50
2011.01.26 09:34:23.309,0.82487,0.82521,1.50,1.69
2011.01.26 09:34:23.534,0.82485,0.82513,2.25,1.50
2011.01.26 09:34:25.660,0.82488,0.82516,2.25,1.50
2011.01.26 09:34:25.994,0.82491,0.82513,2.25,1.50
2011.01.26 09:34:27.616,0.8249,0.82524,2.44,1.50
2011.01.26 09:34:28.780,0.82489,0.82524,1.69,1.50
2011.01.26 09:34:30.551,0.82488,0.82524,1.50,1.50
2011.01.26 09:34:31.377,0.8249,0.82524,1.50,1.69
2011.01.26 09:34:32.937,0.8249,0.82524,2.44,1.50
2011.01.26 09:34:36.479,0.82502,0.82531,2.25,1.50
2011.01.26 09:34:36.815,0.82504,0.82532,2.44,1.50
2011.01.26 09:34:37.747,0.825,0.82531,1.69,1.50
2011.01.26 09:34:37.865,0.82504,0.82533,2.44,3.00
2011.01.26 09:34:38.832,0.82506,0.82532,1.50,1.50
2011.01.26 09:34:39.756,0.82506,0.82531,1.50,1.50
2011.01.26 09:34:41.965,0.82506,0.82532,1.50,1.50
2011.01.26 09:34:42.877,0.82506,0.82531,1.50,1.50
2011.01.26 09:34:43.574,0.82497,0.82534,2.44,3.94
2011.01.26 09:34:43.693,0.82496,0.82528,1.50,1.69
2011.01.26 09:34:45.769,0.82491,0.82523,1.50,1.50
2011.01.26 09:34:46.294,0.82489,0.82523,1.69,1.50
2011.01.26 09:34:48.051,0.82491,0.82523,1.50,1.69
2011.01.26 09:34:48.383,0.82493,0.82523,3.94,1.50
2011.01.26 09:34:49.397,0.82493,0.82523,3.75,1.69
2011.01.26 09:34:49.624,0.82488,0.82523,1.69,1.69
2011.01.26 09:34:50.308,0.82493,0.82523,3.75,1.50
2011.01.26 09:34:50.644,0.82497,0.8253,5.25,1.50
2011.01.26 09:34:51.192,0.82497,0.82528,3.75,1.65
2011.01.26 09:34:51.535,0.82497,0.82525,1.50,1.50
2011.01.26 09:34:52.832,0.82497,0.82524,1.50,1.50
2011.01.26 09:34:52.941,0.82489,0.82526,1.50,1.69
2011.01.26 09:34:53.590,0.82488,0.82524,1.50,1.69
2011.01.26 09:34:53.706,0.82488,0.82523,3.34,1.50
2011.01.26 09:34:53.826,0.82488,0.82526,4.69,1.69
2011.01.26 09:34:54.557,0.8249,0.82526,1.50,1.69
2011.01.26 09:34:57.622,0.82488,0.82525,1.50,2.44
2011.01.26 09:34:58.285,0.82486,0.82523,2.22,1.69
2011.01.26 09:34:59.273,0.82486,0.82517,2.03,1.69
2011.01.26 09:34:59.603,0.82484,0.82513,1.50,1.69
2011.01.26 09:35:00.573,0.82486,0.82513,1.50,1.69
2011.01.26 09:35:01.639,0.82484,0.82513,1.50,1.69
2011.01.26 09:35:03.966,0.82476,0.82506,1.50,1.69
2011.01.26 09:35:04.295,0.82473,0.82501,1.50,1.50
2011.01.26 09:35:04.404,0.82472,0.82503,1.50,1.50
2011.01.26 09:35:05.007,0.82475,0.82504,1.50,1.69
2011.01.26 09:35:05.792,0.82474,0.82504,1.50,1.69
2011.01.26 09:35:06.814,0.82475,0.82504,1.50,3.19
2011.01.26 09:35:06.928,0.82472,0.82503,1.50,1.50
2011.01.26 09:35:07.045,0.82475,0.82504,1.50,3.19
2011.01.26 09:35:07.739,0.82474,0.82504,1.50,1.69
2011.01.26 09:35:10.042,0.82477,0.82504,1.50,1.69
2011.01.26 09:35:10.934,0.82476,0.82504,1.50,1.69
2011.01.26 09:35:11.275,0.82456,0.82483,1.50,1.69
2011.01.26 09:35:11.888,0.82458,0.82483,1.50,1.69
2011.01.26 09:35:12.431,0.82458,0.82483,2.25,1.50
2011.01.26 09:35:13.045,0.82458,0.82483,1.50,1.50
2011.01.26 09:35:13.861,0.82458,0.82483,1.50,1.69
2011.01.26 09:35:14.451,0.82457,0.82483,1.50,1.69
2011.01.26 09:35:18.451,0.82458,0.82483,1.50,1.69
2011.01.26 09:35:19.070,0.82458,0.82483,1.50,1.50
2011.01.26 09:35:19.421,0.82456,0.82486,3.00,3.94
2011.01.26 09:35:20.764,0.82457,0.82484,1.50,1.69
2011.01.26 09:35:21.273,0.82456,0.82484,1.50,1.69
2011.01.26 09:35:23.145,0.82457,0.82484,1.50,1.69
2011.01.26 09:35:26.668,0.82458,0.82484,1.50,1.69
2011.01.26 09:35:27.418,0.82457,0.82484,1.50,1.69
2011.01.26 09:35:29.523,0.82458,0.82484,1.50,1.69
2011.01.26 09:35:30.186,0.82457,0.82484,1.50,1.69
2011.01.26 09:35:30.793,0.82455,0.82484,1.50,1.69
2011.01.26 09:35:30.901,0.82457,0.82484,1.50,1.69
2011.01.26 09:35:31.963,0.82454,0.82484,1.50,1.69
2011.01.26 09:35:34.022,0.82453,0.82484,1.50,1.69
2011.01.26 09:35:35.980,0.82452,0.82484,1.50,4.69
2011.01.26 09:35:36.812,0.82451,0.82484,2.03,4.69
2011.01.26 09:35:38.953,0.82453,0.82483,1.50,2.25
2011.01.26 09:35:39.425,0.82455,0.82483,1.50,2.25
2011.01.26 09:35:42.176,0.82457,0.82483,1.50,2.25
2011.01.26 09:35:49.419,0.82456,0.82484,1.50,3.00
2011.01.26 09:35:51.600,0.82454,0.82483,1.50,2.44
2011.01.26 09:35:54.305,0.82452,0.82483,1.50,2.59
2011.01.26 09:35:55.491,0.82453,0.82482,1.50,1.09
2011.01.26 09:35:56.507,0.82453,0.82483,1.50,2.44
2011.01.26 09:35:57.576,0.82451,0.82483,2.03,2.44
2011.01.26 09:35:59.229,0.82453,0.82483,1.32,3.75
2011.01.26 09:35:59.455,0.82459,0.82484,2.44,1.50
2011.01.26 09:35:59.575,0.82461,0.82485,1.50,3.19
2011.01.26 09:36:01.030,0.82457,0.82489,2.03,3.94
2011.01.26 09:36:03.017,0.82451,0.82484,2.03,3.19
2011.01.26 09:36:06.506,0.82457,0.82484,1.50,1.50
2011.01.26 09:36:06.752,0.82457,0.82488,1.50,1.58
2011.01.26 09:36:09.741,0.82458,0.82487,1.50,1.09
2011.01.26 09:36:10.516,0.82457,0.82487,3.00,1.09
2011.01.26 09:36:11.993,0.82459,0.82487,1.50,1.02
2011.01.26 09:36:12.517,0.82457,0.82487,1.50,1.02
2011.01.26 09:36:15.631,0.82457,0.8249,2.03,1.69
2011.01.26 09:36:17.414,0.8246,0.82489,1.50,1.09
2011.01.26 09:36:17.998,0.82457,0.82485,2.03,2.44
2011.01.26 09:36:18.333,0.82458,0.8249,1.69,1.69
2011.01.26 09:36:18.554,0.82462,0.82492,2.03,1.69
2011.01.26 09:36:19.151,0.82462,0.82493,2.03,2.44
2011.01.26 09:36:20.431,0.82458,0.82489,1.58,4.69
2011.01.26 09:36:21.160,0.82457,0.82488,3.53,1.69
2011.01.26 09:36:22.643,0.82459,0.82488,1.50,1.69
2011.01.26 09:36:23.692,0.82458,0.82489,1.50,3.19
2011.01.26 09:36:24.568,0.82459,0.82489,1.50,3.19
2011.01.26 09:36:27.905,0.82458,0.82489,1.50,4.69
2011.01.26 09:36:30.686,0.82459,0.82488,1.50,1.69
2011.01.26 09:36:32.399,0.82461,0.82489,1.50,3.19
2011.01.26 09:36:33.235,0.8246,0.82489,1.58,3.19
2011.01.26 09:36:33.349,0.8246,0.82489,1.50,4.69
2011.01.26 09:36:35.547,0.82459,0.82489,1.50,3.19
2011.01.26 09:36:36.884,0.82461,0.82489,1.50,3.19
2011.01.26 09:36:37.505,0.82462,0.82489,1.50,3.19
2011.01.26 09:36:38.934,0.8246,0.82489,1.50,4.69
2011.01.26 09:36:39.411,0.82462,0.82489,1.50,3.19
2011.01.26 09:36:39.521,0.8246,0.82489,1.50,4.69
2011.01.26 09:36:39.742,0.82458,0.82489,1.50,4.69
2011.01.26 09:36:40.003,0.8246,0.82489,1.50,3.19
2011.01.26 09:36:40.112,0.82459,0.82491,1.50,1.69
2011.01.26 09:36:40.336,0.8246,0.82491,1.69,1.50
2011.01.26 09:36:41.043,0.82469,0.82497,1.50,1.69
2011.01.26 09:36:41.413,0.82465,0.82494,1.28,1.50
2011.01.26 09:36:42.974,0.82467,0.82497,1.50,1.69
2011.01.26 09:36:45.803,0.82467,0.82497,1.50,1.50
2011.01.26 09:36:45.913,0.82466,0.82496,2.03,1.50
2011.01.26 09:36:46.562,0.82454,0.82481,1.28,2.44
2011.01.26 09:36:46.894,0.82452,0.8248,2.03,1.69
2011.01.26 09:36:48.793,0.82453,0.82481,1.50,2.44
2011.01.26 09:36:49.012,0.82455,0.82481,1.50,2.44
2011.01.26 09:36:49.122,0.82453,0.82481,1.50,2.44
2011.01.26 09:36:50.034,0.8245,0.82481,2.78,2.44
2011.01.26 09:36:53.143,0.82453,0.82481,1.50,2.44
2011.01.26 09:36:53.702,0.82451,0.82481,2.03,2.44
2011.01.26 09:36:55.612,0.82453,0.82481,1.50,3.94
2011.01.26 09:36:56.536,0.82452,0.82481,2.03,3.94
2011.01.26 09:36:57.093,0.82454,0.8248,1.50,2.44
2011.01.26 09:36:58.193,0.82451,0.8248,2.03,2.44
2011.01.26 09:36:59.157,0.82454,0.82482,1.50,2.07
2011.01.26 09:36:59.281,0.82456,0.82486,1.09,2.25
2011.01.26 09:36:59.396,0.8246,0.82486,1.28,2.25
2011.01.26 09:36:59.976,0.8246,0.82489,1.28,1.50
2011.01.26 09:37:00.098,0.82464,0.82493,1.28,1.50
2011.01.26 09:37:01.286,0.82464,0.82494,1.28,1.50
2011.01.26 09:37:03.233,0.82464,0.82494,2.78,1.58
2011.01.26 09:37:04.035,0.82464,0.82494,1.28,1.50
2011.01.26 09:37:04.342,0.82464,0.82494,1.28,1.58
2011.01.26 09:37:05.180,0.82464,0.82494,1.28,1.50
2011.01.26 09:37:05.297,0.82464,0.82494,1.28,1.58
2011.01.26 09:37:10.088,0.82464,0.82494,1.28,1.58
2011.01.26 09:37:10.794,0.82464,0.82494,1.28,3.00
2011.01.26 09:37:11.932,0.82464,0.82494,1.28,3.00
2011.01.26 09:37:13.012,0.82464,0.82494,1.28,3.08
2011.01.26 09:37:13.922,0.82464,0.82494,1.28,3.00
2011.01.26 09:37:14.032,0.82464,0.82494,1.28,3.08
2011.01.26 09:37:16.079,0.82464,0.82494,1.28,1.50
2011.01.26 09:37:16.966,0.82464,0.82494,1.28,1.58
2011.01.26 09:37:18.103,0.82464,0.82494,1.28,3.00
2011.01.26 09:37:19.011,0.82464,0.82494,1.28,3.15
2011.01.26 09:37:19.684,0.82464,0.82492,1.28,1.50
2011.01.26 09:37:20.357,0.82469,0.82496,2.03,1.50
2011.01.26 09:37:21.728,0.82468,0.82497,2.03,2.22
2011.01.26 09:37:22.769,0.82468,0.82497,2.03,1.84
2011.01.26 09:37:23.912,0.82467,0.82499,4.28,5.03
2011.01.26 09:37:24.133,0.82467,0.82497,2.78,1.77
2011.01.26 09:37:24.352,0.82468,0.82497,2.03,1.69
2011.01.26 09:37:25.056,0.82467,0.82497,2.78,2.22
2011.01.26 09:37:25.286,0.82467,0.82497,1.50,2.22
2011.01.26 09:37:26.097,0.82467,0.82495,1.50,4.47
2011.01.26 09:37:26.652,0.82467,0.82496,1.50,2.07
2011.01.26 09:37:27.393,0.82467,0.82496,1.50,1.77
2011.01.26 09:37:27.712,0.82465,0.82494,1.28,1.50
2011.01.26 09:37:28.002,0.82465,0.82494,1.28,1.58
2011.01.26 09:37:28.112,0.82465,0.82494,1.28,1.50
2011.01.26 09:37:29.665,0.82465,0.82494,1.28,1.58
2011.01.26 09:37:30.814,0.82465,0.82494,1.28,1.58
2011.01.26 09:37:32.214,0.82465,0.8249,1.28,1.13
2011.01.26 09:37:32.809,0.82451,0.82483,2.03,1.50
2011.01.26 09:37:33.360,0.82451,0.82483,2.78,2.25
2011.01.26 09:37:35.265,0.82455,0.82483,2.25,2.25
2011.01.26 09:37:35.602,0.82457,0.82485,1.50,1.50
2011.01.26 09:37:37.241,0.82457,0.82486,2.03,2.25
2011.01.26 09:37:38.238,0.82459,0.82487,2.03,1.50
2011.01.26 09:37:39.162,0.8246,0.82489,2.03,1.50
2011.01.26 09:37:40.174,0.82459,0.82483,2.78,1.50
2011.01.26 09:37:42.358,0.82461,0.82483,1.28,1.50
2011.01.26 09:37:46.514,0.82464,0.82489,2.03,3.57
2011.01.26 09:37:47.170,0.82458,0.82489,2.03,3.19
2011.01.26 09:37:47.289,0.82458,0.82484,2.03,1.50
2011.01.26 09:37:48.986,0.82457,0.8249,1.47,1.13
2011.01.26 09:37:49.215,0.82456,0.82485,2.03,1.50
2011.01.26 09:37:49.437,0.82443,0.82472,1.35,2.25
2011.01.26 09:37:49.557,0.82445,0.82477,2.03,2.25
2011.01.26 09:37:50.163,0.82446,0.82476,1.50,2.07
2011.01.26 09:37:51.193,0.82446,0.82474,1.50,1.50
2011.01.26 09:37:51.312,0.82441,0.82473,2.78,2.07
2011.01.26 09:37:51.545,0.82441,0.8247,1.28,1.50
2011.01.26 09:37:52.210,0.82441,0.82473,1.28,4.32
2011.01.26 09:37:53.574,0.82438,0.82463,1.65,1.50
2011.01.26 09:38:00.046,0.82439,0.82469,2.03,1.69
2011.01.26 09:38:00.381,0.82439,0.82463,2.03,1.50
2011.01.26 09:38:00.604,0.82442,0.82471,1.50,2.25
2011.01.26 09:38:01.150,0.82444,0.82472,2.40,1.50
2011.01.26 09:38:01.656,0.82449,0.82473,1.09,1.50
2011.01.26 09:38:02.712,0.82449,0.82479,1.09,1.50
2011.01.26 09:38:03.354,0.82449,0.82473,1.09,1.50
2011.01.26 09:38:05.053,0.82449,0.82483,1.84,3.00
2011.01.26 09:38:05.684,0.82457,0.82483,1.50,1.50
2011.01.26 09:38:10.518,0.82456,0.82489,2.07,1.50
2011.01.26 09:38:10.638,0.82456,0.82484,2.07,1.50
2011.01.26 09:38:26.162,0.82457,0.82488,1.88,3.00
2011.01.26 09:38:27.219,0.82446,0.82474,2.03,1.50
2011.01.26 09:38:28.941,0.82446,0.82474,3.90,1.50
2011.01.26 09:38:29.733,0.82446,0.82474,2.03,1.50
2011.01.26 09:38:33.371,0.82447,0.82479,2.03,1.69
2011.01.26 09:38:37.211,0.82445,0.82474,3.15,1.50
2011.01.26 09:38:37.733,0.82445,0.82474,1.28,2.63
2011.01.26 09:38:38.394,0.82444,0.82474,1.28,4.13
2011.01.26 09:38:38.512,0.82446,0.82475,1.47,3.38
2011.01.26 09:38:39.308,0.82451,0.8248,1.50,1.50
2011.01.26 09:38:39.432,0.82447,0.8248,1.28,2.07
2011.01.26 09:38:41.983,0.82447,0.8248,1.65,1.50
2011.01.26 09:38:42.093,0.8245,0.8248,1.50,1.50
2011.01.26 09:38:42.815,0.82451,0.8248,1.50,1.50
2011.01.26 09:38:43.403,0.82451,0.82483,1.50,1.69
2011.01.26 09:38:44.042,0.82452,0.82483,1.50,1.69
2011.01.26 09:38:44.553,0.8245,0.82483,1.50,1.69
2011.01.26 09:38:45.960,0.8245,0.82483,2.03,1.69
2011.01.26 09:38:46.193,0.82452,0.82484,2.25,1.50
2011.01.26 09:38:46.413,0.82452,0.82484,2.78,1.50
2011.01.26 09:38:49.036,0.82452,0.82484,1.28,1.69
2011.01.26 09:38:50.369,0.82451,0.82484,2.03,1.69
2011.01.26 09:38:51.062,0.82452,0.82483,2.03,1.69
2011.01.26 09:38:51.181,0.82455,0.82483,1.50,1.50
2011.01.26 09:38:51.492,0.82455,0.82484,2.03,1.50
2011.01.26 09:38:53.126,0.82457,0.82484,1.50,1.50
2011.01.26 09:38:53.352,0.82457,0.82488,1.50,1.50
2011.01.26 09:38:53.463,0.82457,0.8249,2.78,1.50
2011.01.26 09:38:54.365,0.82457,0.8249,3.15,1.50
2011.01.26 09:38:54.869,0.82458,0.8249,2.03,1.50
2011.01.26 09:38:56.943,0.82456,0.82486,1.50,1.69
2011.01.26 09:38:57.653,0.82456,0.82484,1.50,1.50
2011.01.26 09:38:58.092,0.82447,0.82482,2.78,1.69
2011.01.26 09:38:58.680,0.82451,0.82479,1.50,1.50
2011.01.26 09:38:59.013,0.82457,0.82479,1.50,1.50
2011.01.26 09:38:59.130,0.82457,0.8248,1.50,1.50
2011.01.26 09:38:59.932,0.82457,0.82482,1.50,1.50
2011.01.26 09:39:03.066,0.82459,0.82482,1.88,1.50
2011.01.26 09:39:03.297,0.8246,0.82484,1.50,1.32
2011.01.26 09:39:03.854,0.82453,0.82484,2.03,1.32
2011.01.26 09:39:03.968,0.82457,0.82483,1.50,2.44
2011.01.26 09:39:04.086,0.82451,0.82481,1.50,1.50
2011.01.26 09:39:06.226,0.82451,0.82481,1.65,1.50
2011.01.26 09:39:07.102,0.82451,0.82481,1.58,1.50
2011.01.26 09:39:07.217,0.82451,0.82481,1.50,1.50
2011.01.26 09:39:08.118,0.8245,0.82481,1.88,1.50
2011.01.26 09:39:11.636,0.82452,0.82481,1.50,1.50
2011.01.26 09:39:12.638,0.8245,0.82481,1.88,1.50
2011.01.26 09:39:14.213,0.82451,0.82481,1.58,1.50
2011.01.26 09:39:15.573,0.82457,0.82481,1.50,1.50
2011.01.26 09:39:16.194,0.82458,0.82481,1.50,1.50
2011.01.26 09:39:16.314,0.82456,0.82485,1.50,1.50
2011.01.26 09:39:16.428,0.8245,0.82484,2.18,2.44
2011.01.26 09:39:17.195,0.82457,0.82485,1.50,1.50
2011.01.26 09:39:17.812,0.82456,0.82485,1.50,1.50
2011.01.26 09:39:18.647,0.82457,0.82483,1.50,2.25
2011.01.26 09:39:19.580,0.82457,0.8249,2.03,3.19
2011.01.26 09:39:19.806,0.82457,0.8249,2.03,3.00
2011.01.26 09:39:22.965,0.8246,0.82492,1.50,1.50
2011.01.26 09:39:23.568,0.82458,0.82492,2.22,1.50
2011.01.26 09:39:23.685,0.82467,0.82492,1.50,1.50
2011.01.26 09:39:25.933,0.82467,0.82496,1.50,1.50
2011.01.26 09:39:31.513,0.82458,0.82492,1.28,1.50
2011.01.26 09:39:36.110,0.82459,0.82493,1.28,2.25
2011.01.26 09:39:36.610,0.82462,0.82493,2.03,2.25
2011.01.26 09:39:39.020,0.82467,0.82495,1.50,1.50
2011.01.26 09:39:41.995,0.82467,0.825,2.03,1.50
2011.01.26 09:39:44.004,0.82467,0.82499,4.47,2.25
2011.01.26 09:39:44.445,0.82469,0.825,2.97,2.25
2011.01.26 09:39:45.038,0.82471,0.82503,1.47,2.25
2011.01.26 09:39:51.681,0.82468,0.82501,2.97,2.25
2011.01.26 09:40:02.246,0.82473,0.82503,1.50,3.00
2011.01.26 09:40:03.572,0.82472,0.82503,1.50,3.00
2011.01.26 09:40:03.794,0.82469,0.82503,2.03,3.00
2011.01.26 09:40:04.013,0.82473,0.82503,1.50,3.00
2011.01.26 09:40:04.992,0.82469,0.82503,2.03,3.00
2011.01.26 09:40:06.389,0.82469,0.82503,5.22,3.00
2011.01.26 09:40:06.505,0.82471,0.82503,1.28,1.50
2011.01.26 09:40:06.834,0.82469,0.82502,1.28,1.50
2011.01.26 09:40:10.632,0.82473,0.82502,1.50,1.50
2011.01.26 09:40:10.853,0.82473,0.82504,2.03,2.25
2011.01.26 09:40:11.452,0.8248,0.82504,1.50,2.25
2011.01.26 09:40:11.674,0.82478,0.82504,1.50,1.50
2011.01.26 09:40:12.225,0.82476,0.82504,2.03,1.50
2011.01.26 09:40:15.807,0.82476,0.82509,2.03,1.50
2011.01.26 09:40:24.628,0.82476,0.82509,2.07,1.50
2011.01.26 09:40:25.427,0.82476,0.82508,1.88,2.44
2011.01.26 09:40:25.549,0.82476,0.82505,2.07,1.50
2011.01.26 09:40:26.459,0.82476,0.82506,1.88,1.50
2011.01.26 09:40:27.310,0.82478,0.82509,2.25,1.50
2011.01.26 09:40:28.018,0.82476,0.82509,2.59,1.50
2011.01.26 09:40:29.506,0.82476,0.82509,2.59,1.50
2011.01.26 09:40:30.228,0.82477,0.82511,1.47,1.50
2011.01.26 09:40:33.812,0.82476,0.82509,2.59,1.50
2011.01.26 09:40:33.932,0.82476,0.82508,2.40,1.50
2011.01.26 09:40:34.588,0.82476,0.82508,2.59,1.50
2011.01.26 09:40:35.341,0.82476,0.82508,2.03,1.50
2011.01.26 09:40:36.582,0.82476,0.82507,2.40,2.25
2011.01.26 09:40:37.632,0.82476,0.82508,2.03,1.50
2011.01.26 09:40:41.144,0.82476,0.82508,2.40,1.50
2011.01.26 09:40:42.233,0.82476,0.82507,2.03,1.32
2011.01.26 09:40:42.910,0.82469,0.82502,2.78,1.32
2011.01.26 09:40:45.419,0.82467,0.82499,2.25,1.32
2011.01.26 09:40:45.976,0.82465,0.82493,1.50,1.50
2011.01.26 09:40:46.097,0.82462,0.82493,2.03,2.44
2011.01.26 09:40:48.312,0.82464,0.82493,1.50,2.25
2011.01.26 09:40:48.536,0.82459,0.82488,1.50,1.50
2011.01.26 09:40:48.876,0.82459,0.82492,1.88,1.50
2011.01.26 09:40:49.530,0.82459,0.82491,1.65,1.50
2011.01.26 09:40:50.464,0.82462,0.82493,3.34,2.25
2011.01.26 09:40:50.574,0.82464,0.82493,1.65,1.50
2011.01.26 09:40:51.156,0.82466,0.82495,2.10,2.25
2011.01.26 09:40:51.762,0.82466,0.82497,2.03,1.50
2011.01.26 09:40:52.417,0.82466,0.82497,2.18,3.00
2011.01.26 09:40:53.437,0.82466,0.82494,2.03,1.50
2011.01.26 09:40:55.667,0.82464,0.82494,2.78,3.00
2011.01.26 09:40:59.703,0.82464,0.82493,1.28,1.69
2011.01.26 09:40:59.821,0.82462,0.82493,1.28,2.44
2011.01.26 09:41:00.532,0.82461,0.82493,2.03,1.69
2011.01.26 09:41:00.753,0.82466,0.82493,1.50,1.50
2011.01.26 09:41:01.082,0.82464,0.82493,1.50,1.50
2011.01.26 09:41:02.370,0.82462,0.82493,2.40,1.50
2011.01.26 09:41:03.069,0.82463,0.82493,1.50,1.50
2011.01.26 09:41:03.897,0.82464,0.82493,1.50,1.50
2011.01.26 09:41:05.159,0.82465,0.82493,1.50,1.50
2011.01.26 09:41:06.181,0.82464,0.82493,1.50,1.50
2011.01.26 09:41:07.495,0.82465,0.82493,1.50,1.50
2011.01.26 09:41:07.724,0.82467,0.82494,1.50,1.69
2011.01.26 09:41:08.274,0.82465,0.82494,2.03,1.69
2011.01.26 09:41:09.376,0.82469,0.82496,1.50,1.50
2011.01.26 09:41:09.980,0.82469,0.82496,2.82,1.50
2011.01.26 09:41:10.107,0.82474,0.82504,2.07,2.25
2011.01.26 09:41:10.973,0.82475,0.82504,3.15,1.50
2011.01.26 09:41:13.368,0.82478,0.82504,1.50,1.50
2011.01.26 09:41:14.580,0.82482,0.82513,2.07,3.00
2011.01.26 09:41:14.804,0.82483,0.82513,1.50,4.69
2011.01.26 09:41:14.913,0.8248,0.82513,2.22,2.44
2011.01.26 09:41:16.744,0.82479,0.82513,1.65,2.25
2011.01.26 09:41:17.340,0.82479,0.82513,1.65,2.25
2011.01.26 09:41:23.499,0.82479,0.82507,1.28,1.50
2011.01.26 09:41:23.834,0.82476,0.82509,2.59,4.50
2011.01.26 09:41:24.747,0.82476,0.8251,2.03,1.50
2011.01.26 09:41:25.085,0.82476,0.8251,2.59,1.50
2011.01.26 09:41:27.374,0.82476,0.82509,2.03,2.82
2011.01.26 09:41:27.875,0.82476,0.82507,2.03,1.69
2011.01.26 09:41:28.216,0.82471,0.82494,2.78,1.50
2011.01.26 09:41:28.892,0.82478,0.82503,1.50,2.25
2011.01.26 09:41:29.691,0.82479,0.82503,2.78,1.50
2011.01.26 09:41:30.478,0.82479,0.82511,4.28,1.50
2011.01.26 09:41:30.598,0.8248,0.82511,1.09,1.50
2011.01.26 09:41:30.714,0.82482,0.82514,2.22,3.00
2011.01.26 09:41:30.824,0.82482,0.82514,2.22,2.25
2011.01.26 09:41:35.586,0.82483,0.82514,2.25,2.25
2011.01.26 09:41:36.208,0.82483,0.82514,3.57,2.25
2011.01.26 09:41:37.101,0.82487,0.82518,1.88,1.50
2011.01.26 09:41:40.994,0.82488,0.82518,1.28,1.50
2011.01.26 09:41:41.213,0.8249,0.82522,1.88,1.50
2011.01.26 09:41:41.799,0.82487,0.82519,1.88,1.50
2011.01.26 09:41:48.697,0.82491,0.82519,2.63,1.50
2011.01.26 09:41:48.814,0.82491,0.82523,2.63,3.19
2011.01.26 09:41:50.537,0.82489,0.82523,1.28,3.19
2011.01.26 09:41:52.115,0.8249,0.82523,1.09,3.00
2011.01.26 09:41:52.714,0.82492,0.82522,1.80,1.50
2011.01.26 09:41:53.506,0.82492,0.82523,1.99,1.50
2011.01.26 09:41:54.863,0.82492,0.82524,1.99,1.50
2011.01.26 09:42:00.371,0.82501,0.82526,2.82,1.50
2011.01.26 09:42:00.597,0.82496,0.82529,4.47,1.50
2011.01.26 09:42:01.344,0.82496,0.82529,2.03,1.69
2011.01.26 09:42:05.497,0.82496,0.82524,1.50,1.69
2011.01.26 09:42:06.319,0.82496,0.82527,1.50,1.69
2011.01.26 09:42:07.454,0.82496,0.82527,3.15,1.69
2011.01.26 09:42:07.785,0.82502,0.82527,2.07,1.50
2011.01.26 09:42:08.499,0.82507,0.82534,1.50,1.50
2011.01.26 09:42:08.942,0.82507,0.82534,1.50,1.69
2011.01.26 09:42:10.335,0.825,0.82533,1.28,2.25
2011.01.26 09:42:11.270,0.82504,0.82533,1.50,2.25
2011.01.26 09:42:12.118,0.82507,0.82534,1.50,1.50
2011.01.26 09:42:14.843,0.82507,0.82534,1.50,1.69
2011.01.26 09:42:15.569,0.825,0.82534,1.28,3.19
2011.01.26 09:42:16.124,0.82501,0.82534,3.34,3.00
2011.01.26 09:42:16.233,0.82504,0.82534,1.50,3.00
2011.01.26 09:42:16.343,0.82502,0.82534,1.88,3.00
2011.01.26 09:42:16.484,0.82506,0.82534,1.50,1.50
2011.01.26 09:42:17.164,0.825,0.82533,1.28,2.25
2011.01.26 09:42:19.192,0.825,0.82533,1.65,2.25
2011.01.26 09:42:19.792,0.82507,0.82534,1.50,1.50
2011.01.26 09:42:20.872,0.825,0.82534,1.28,3.19
2011.01.26 09:42:26.833,0.825,0.82531,1.28,1.50
2011.01.26 09:42:28.592,0.825,0.82533,1.28,2.25
2011.01.26 09:42:29.320,0.825,0.82532,1.28,1.50
2011.01.26 09:42:31.354,0.825,0.82532,1.28,1.88
2011.01.26 09:42:32.256,0.825,0.82523,1.28,1.50
2011.01.26 09:42:32.378,0.82497,0.82523,1.28,1.50
2011.01.26 09:42:38.359,0.82492,0.82523,1.28,3.00
2011.01.26 09:42:41.291,0.82492,0.82523,1.28,3.19
2011.01.26 09:42:41.625,0.82496,0.82523,1.50,1.50
2011.01.26 09:42:42.408,0.82496,0.82526,3.15,1.50
2011.01.26 09:42:42.526,0.825,0.82529,1.28,1.50
2011.01.26 09:42:44.493,0.825,0.82523,1.28,1.50
2011.01.26 09:42:49.885,0.82508,0.82534,1.28,2.25
2011.01.26 09:42:51.408,0.82509,0.82534,1.65,2.25
2011.01.26 09:42:51.745,0.8251,0.82539,1.28,3.00
2011.01.26 09:42:54.495,0.82507,0.82536,2.78,1.69
2011.01.26 09:42:56.896,0.82507,0.82532,1.50,1.50
2011.01.26 09:42:58.389,0.82502,0.82529,1.28,1.50
2011.01.26 09:43:00.624,0.82504,0.82533,1.28,1.50
2011.01.26 09:43:01.316,0.82501,0.82528,1.28,1.50
2011.01.26 09:43:02.104,0.82502,0.8253,1.28,1.50
2011.01.26 09:43:04.342,0.82503,0.8253,1.28,1.50
2011.01.26 09:43:04.707,0.82505,0.8253,1.84,1.50
2011.01.26 09:43:05.293,0.8251,0.82541,1.65,1.50
2011.01.26 09:43:05.403,0.8251,0.82541,1.65,1.50
2011.01.26 09:43:06.494,0.82519,0.82544,1.28,1.50
2011.01.26 09:43:07.517,0.82517,0.82547,1.28,1.50
2011.01.26 09:43:08.472,0.82509,0.82536,1.28,1.50
2011.01.26 09:43:12.570,0.82516,0.82544,1.65,2.25
2011.01.26 09:43:12.685,0.82522,0.82545,1.13,1.50
2011.01.26 09:43:13.620,0.82522,0.8255,1.28,2.25
2011.01.26 09:43:15.584,0.82522,0.82548,1.28,3.00
2011.01.26 09:43:15.700,0.82517,0.82548,2.78,2.25
2011.01.26 09:43:17.965,0.82517,0.82545,2.78,1.50
2011.01.26 09:43:21.230,0.82515,0.82543,1.28,2.25
2011.01.26 09:43:22.272,0.82516,0.82541,1.32,1.50
2011.01.26 09:43:22.605,0.82518,0.82544,1.09,2.25
2011.01.26 09:43:28.021,0.82516,0.82542,2.03,1.69
2011.01.26 09:43:29.443,0.82518,0.82544,1.28,2.25
2011.01.26 09:43:31.043,0.82518,0.82543,1.28,1.50
2011.01.26 09:43:33.029,0.8252,0.82543,2.07,1.50
2011.01.26 09:43:33.821,0.82517,0.82544,2.03,1.50
2011.01.26 09:43:33.942,0.82517,0.82543,1.50,1.50
2011.01.26 09:43:36.266,0.82514,0.82543,2.78,1.50
2011.01.26 09:43:38.201,0.82514,0.82544,2.78,2.25
2011.01.26 09:43:38.319,0.82518,0.82547,2.03,1.50
2011.01.26 09:43:46.102,0.82524,0.82547,1.50,1.50
2011.01.26 09:43:46.220,0.82525,0.82549,1.50,1.50
2011.01.26 09:43:46.889,0.82521,0.82549,1.28,1.50
2011.01.26 09:43:50.283,0.82519,0.82547,1.65,1.50
2011.01.26 09:43:50.393,0.82519,0.82546,1.65,1.50
2011.01.26 09:43:50.833,0.82519,0.82546,1.65,1.50
2011.01.26 09:43:51.178,0.82527,0.8255,1.88,1.50
2011.01.26 09:43:51.714,0.82526,0.8255,1.50,1.50
2011.01.26 09:43:51.830,0.82521,0.8255,1.65,1.50
2011.01.26 09:43:52.164,0.8252,0.8255,1.28,1.69
2011.01.26 09:43:52.687,0.82518,0.82547,3.15,1.50
2011.01.26 09:43:54.194,0.82518,0.82547,3.15,1.50
2011.01.26 09:43:55.967,0.82527,0.82547,1.50,1.50
2011.01.26 09:43:58.398,0.82521,0.82547,1.88,1.50
2011.01.26 09:43:58.518,0.82527,0.82547,1.50,1.50
2011.01.26 09:43:58.971,0.82518,0.82547,1.65,1.69
2011.01.26 09:43:59.562,0.8252,0.82547,1.09,1.50
2011.01.26 09:43:59.788,0.8252,0.8255,1.65,1.50
2011.01.26 09:44:01.416,0.8252,0.8255,1.65,1.50
2011.01.26 09:44:08.731,0.8252,0.8255,1.13,1.50
2011.01.26 09:44:08.854,0.82517,0.82544,1.50,1.50
2011.01.26 09:44:09.724,0.82513,0.82542,1.65,1.50
2011.01.26 09:44:12.464,0.82513,0.82542,2.03,1.50
2011.01.26 09:44:17.250,0.82516,0.82542,1.50,1.50
2011.01.26 09:44:17.853,0.82513,0.82542,1.65,1.50
2011.01.26 09:44:20.992,0.82516,0.82542,1.88,1.50
2011.01.26 09:44:22.714,0.82517,0.82546,1.65,1.50
2011.01.26 09:44:23.534,0.82516,0.82544,3.53,1.50
2011.01.26 09:44:23.652,0.82516,0.82543,2.03,1.50
2011.01.26 09:44:24.371,0.82517,0.82543,1.50,3.00
2011.01.26 09:44:25.320,0.82516,0.82543,2.03,1.50
2011.01.26 09:44:25.443,0.82518,0.82543,1.88,1.50
2011.01.26 09:44:26.446,0.82517,0.82543,1.50,3.00
2011.01.26 09:44:27.514,0.82516,0.82543,2.03,1.50
2011.01.26 09:44:28.848,0.82517,0.82543,1.50,1.50
2011.01.26 09:44:30.324,0.82517,0.82543,1.50,1.50
2011.01.26 09:44:30.911,0.82512,0.8254,1.65,1.50
2011.01.26 09:44:31.245,0.82517,0.8254,1.88,1.50
2011.01.26 09:44:33.180,0.82517,0.82546,3.15,1.50
2011.01.26 09:44:33.295,0.82517,0.82543,1.88,1.50
2011.01.26 09:44:33.514,0.82517,0.82546,1.88,1.50
2011.01.26 09:44:37.864,0.82517,0.82547,3.15,1.50
2011.01.26 09:44:49.610,0.82516,0.82537,1.88,1.50
2011.01.26 09:44:50.421,0.82516,0.82542,1.50,1.50
2011.01.26 09:44:51.413,0.82509,0.82542,2.78,1.69
2011.01.26 09:44:53.806,0.82514,0.82541,1.28,1.50
2011.01.26 09:44:55.226,0.82514,0.8254,1.28,1.32
2011.01.26 09:44:55.903,0.82507,0.82536,1.28,1.88
2011.01.26 09:44:56.625,0.82507,0.82537,1.28,1.50
2011.01.26 09:44:57.321,0.82506,0.82533,2.40,1.50
2011.01.26 09:44:58.351,0.82509,0.82534,1.09,1.50
2011.01.26 09:44:59.523,0.82511,0.8254,1.65,1.50
2011.01.26 09:44:59.966,0.82511,0.8254,1.65,1.50
2011.01.26 09:45:00.634,0.82516,0.82547,2.03,1.69
2011.01.26 09:45:00.855,0.82516,0.82543,2.03,1.50
2011.01.26 09:45:02.143,0.82517,0.82543,1.50,1.50
2011.01.26 09:45:02.922,0.82516,0.82543,2.03,1.50
2011.01.26 09:45:04.074,0.82518,0.82543,1.50,1.50
2011.01.26 09:45:04.733,0.82518,0.82544,2.78,2.25
2011.01.26 09:45:12.674,0.82531,0.8256,2.78,2.25
2011.01.26 09:45:14.141,0.82537,0.82563,1.50,1.50
2011.01.26 09:45:14.688,0.82536,0.82563,1.28,3.00
2011.01.26 09:45:18.058,0.82536,0.82559,1.50,1.50
2011.01.26 09:45:18.295,0.8253,0.82558,1.28,3.94
2011.01.26 09:45:18.952,0.82529,0.82556,1.28,1.69
2011.01.26 09:45:19.842,0.82527,0.82555,2.03,1.69
2011.01.26 09:45:21.011,0.82527,0.82553,2.03,1.50
2011.01.26 09:45:22.725,0.82527,0.82549,1.50,1.50
2011.01.26 09:45:22.834,0.82523,0.82549,2.03,1.50
2011.01.26 09:45:23.563,0.82519,0.82546,1.28,1.50
2011.01.26 09:45:25.446,0.82519,0.82546,1.28,1.69
2011.01.26 09:45:26.349,0.82518,0.82546,1.28,2.25
2011.01.26 09:45:30.312,0.82522,0.8255,3.00,2.44
2011.01.26 09:45:30.546,0.82528,0.82554,2.03,1.50
2011.01.26 09:45:31.129,0.82528,0.82557,2.40,1.69
2011.01.26 09:45:31.253,0.82534,0.82559,1.28,1.50
2011.01.26 09:45:31.588,0.82534,0.82551,1.28,2.44
2011.01.26 09:45:31.708,0.82524,0.82557,3.72,2.25
2011.01.26 09:45:32.194,0.82526,0.82556,3.53,1.50
2011.01.26 09:45:32.309,0.82528,0.82555,1.28,1.50
2011.01.26 09:45:33.350,0.82531,0.82555,1.28,1.50
2011.01.26 09:45:34.304,0.82529,0.82555,2.03,1.69
2011.01.26 09:45:35.368,0.82521,0.82548,1.50,1.50
2011.01.26 09:45:35.959,0.8252,0.82548,2.10,1.50
2011.01.26 09:45:36.794,0.82527,0.8255,1.50,1.50
2011.01.26 09:45:36.913,0.82527,0.82557,3.30,1.50
2011.01.26 09:45:41.021,0.82531,0.82557,1.09,1.50
2011.01.26 09:45:41.247,0.82531,0.82562,2.59,1.50
2011.01.26 09:45:41.842,0.82536,0.82557,1.50,1.50
2011.01.26 09:45:42.759,0.82532,0.82561,2.03,1.50
2011.01.26 09:45:42.876,0.82537,0.82561,1.50,1.50
2011.01.26 09:45:43.780,0.8253,0.82557,1.65,1.50
2011.01.26 09:45:45.311,0.82532,0.82557,1.88,1.50
2011.01.26 09:45:45.784,0.82537,0.82557,1.50,1.50
2011.01.26 09:45:46.431,0.8253,0.82557,1.28,1.50
2011.01.26 09:45:49.669,0.82527,0.82554,1.50,1.50
2011.01.26 09:45:50.224,0.82526,0.82554,2.78,3.00
2011.01.26 09:45:50.950,0.82527,0.82553,1.50,2.25
2011.01.26 09:45:51.178,0.82523,0.8255,3.15,1.69
2011.01.26 09:45:51.299,0.8252,0.82551,1.28,1.69
2011.01.26 09:45:51.873,0.8252,0.8255,1.28,1.50
2011.01.26 09:45:52.000,0.82526,0.82546,1.50,1.50
2011.01.26 09:45:54.158,0.82523,0.82552,2.40,1.50
2011.01.26 09:45:54.273,0.82527,0.82553,2.03,3.00
2011.01.26 09:45:54.934,0.82526,0.82551,1.50,1.50
2011.01.26 09:45:55.527,0.82516,0.82547,2.78,3.19
2011.01.26 09:45:56.087,0.82517,0.82544,2.78,3.00
2011.01.26 09:45:56.711,0.82518,0.82544,2.40,1.50
2011.01.26 09:45:57.542,0.82521,0.82543,1.50,2.44
2011.01.26 09:45:57.654,0.82518,0.82543,2.03,2.44
2011.01.26 09:46:00.314,0.82519,0.82544,1.50,1.50
2011.01.26 09:46:01.017,0.82517,0.82542,1.28,1.50
2011.01.26 09:46:01.133,0.82517,0.8254,1.50,1.50
2011.01.26 09:46:01.983,0.82515,0.8254,1.50,1.69
2011.01.26 09:46:02.103,0.8251,0.82533,1.28,1.50
2011.01.26 09:46:03.225,0.82521,0.82533,1.69,1.50
2011.01.26 09:46:03.343,0.82529,0.82555,1.69,1.50
2011.01.26 09:46:03.455,0.82536,0.82556,1.50,1.50
2011.01.26 09:46:04.436,0.82537,0.82563,1.50,2.25
2011.01.26 09:46:05.371,0.82534,0.82561,1.65,1.50
2011.01.26 09:46:07.033,0.82534,0.82554,1.28,1.50
2011.01.26 09:46:08.589,0.82534,0.82561,1.28,1.69
2011.01.26 09:46:08.747,0.82534,0.82554,1.28,1.50
2011.01.26 09:46:09.561,0.82537,0.82563,1.50,2.25
2011.01.26 09:46:10.954,0.82533,0.82564,1.65,3.00
2011.01.26 09:46:11.063,0.82537,0.82563,1.50,2.25
2011.01.26 09:46:13.509,0.82537,0.82563,2.40,2.25
2011.01.26 09:46:15.600,0.82541,0.82564,1.28,1.50
2011.01.26 09:46:16.648,0.82541,0.82567,1.65,1.69
2011.01.26 09:46:17.438,0.82539,0.82563,1.28,1.50
2011.01.26 09:46:17.663,0.82537,0.82563,4.28,1.50
2011.01.26 09:46:27.443,0.82536,0.82563,2.40,1.50
2011.01.26 09:46:28.204,0.82532,0.82561,1.65,1.50
2011.01.26 09:46:29.230,0.82532,0.82561,1.28,1.69
2011.01.26 09:46:36.343,0.82531,0.82557,1.47,1.50
2011.01.26 09:46:36.461,0.82534,0.8256,2.40,1.50
2011.01.26 09:46:36.581,0.82534,0.8256,2.03,1.50
2011.01.26 09:46:39.069,0.82537,0.8256,1.50,1.50
2011.01.26 09:46:39.183,0.82537,0.82565,3.90,1.50
2011.01.26 09:46:41.744,0.82537,0.82565,2.03,1.69
2011.01.26 09:46:42.548,0.82537,0.8256,1.50,1.50
2011.01.26 09:46:48.221,0.8253,0.82558,1.28,1.50
2011.01.26 09:46:49.508,0.8253,0.82558,1.65,1.50
2011.01.26 09:46:50.146,0.8253,0.82558,1.47,1.50
2011.01.26 09:46:50.266,0.82534,0.82561,1.65,1.50
2011.01.26 09:46:53.826,0.82534,0.82561,1.28,1.50
2011.01.26 09:46:58.556,0.82536,0.82563,1.28,2.25
2011.01.26 09:47:05.184,0.82534,0.82561,1.28,1.50
2011.01.26 09:47:25.077,0.82537,0.82563,1.28,2.25
2011.01.26 09:47:25.403,0.82541,0.82569,1.28,1.50
2011.01.26 09:47:34.008,0.82539,0.82569,1.28,1.50
2011.01.26 09:47:34.126,0.82537,0.82565,1.28,1.50
2011.01.26 09:47:34.722,0.82536,0.82565,2.03,1.50
2011.01.26 09:47:41.924,0.82535,0.82564,2.40,3.00
2011.01.26 09:47:42.034,0.82537,0.82564,1.50,1.50
2011.01.26 09:47:42.366,0.82539,0.82563,1.28,1.50
2011.01.26 09:47:42.952,0.82542,0.82567,1.28,1.50
2011.01.26 09:47:43.173,0.82541,0.82572,1.28,1.69
2011.01.26 09:47:48.151,0.82541,0.82572,1.28,1.69
2011.01.26 09:47:48.376,0.82539,0.82569,2.03,1.69
2011.01.26 09:47:48.487,0.82538,0.82568,2.03,2.07
2011.01.26 09:47:49.178,0.82537,0.82564,2.78,1.50
2011.01.26 09:47:53.112,0.82536,0.82564,1.28,3.38
2011.01.26 09:47:53.231,0.82537,0.82567,3.00,1.69
2011.01.26 09:47:53.563,0.82537,0.82564,1.50,1.50
2011.01.26 09:47:54.199,0.82534,0.82563,2.78,2.25
2011.01.26 09:47:59.243,0.82537,0.82563,1.50,2.25
2011.01.26 09:47:59.827,0.82537,0.82567,1.28,1.69
2011.01.26 09:48:00.650,0.82537,0.82564,1.28,1.50
2011.01.26 09:48:05.097,0.82537,0.82567,2.78,1.50
2011.01.26 09:48:05.938,0.82537,0.82564,1.28,1.50
2011.01.26 09:48:06.518,0.82536,0.82563,2.03,1.50
2011.01.26 09:48:07.331,0.8254,0.82563,1.50,1.50
2011.01.26 09:48:07.451,0.82536,0.82563,2.03,1.50
2011.01.26 09:48:07.567,0.82538,0.82563,1.28,1.50
2011.01.26 09:48:10.175,0.82541,0.82567,1.50,1.50
2011.01.26 09:48:10.287,0.8254,0.82567,1.50,1.50
2011.01.26 09:48:10.944,0.82538,0.82567,2.03,1.50
2011.01.26 09:48:25.195,0.82543,0.82573,2.78,2.25
2011.01.26 09:48:25.853,0.82543,0.82573,1.28,3.75
2011.01.26 09:48:26.679,0.82538,0.82568,1.28,1.50
2011.01.26 09:48:30.012,0.82541,0.82568,1.50,1.50
2011.01.26 09:48:31.468,0.82542,0.82568,1.50,1.50
2011.01.26 09:48:31.826,0.8254,0.82568,2.03,1.50
2011.01.26 09:48:32.408,0.82541,0.82568,1.50,1.50
2011.01.26 09:48:33.324,0.82542,0.82569,2.25,1.88
2011.01.26 09:48:33.434,0.82542,0.82569,2.78,1.88
2011.01.26 09:48:38.746,0.82544,0.82569,1.50,1.88
2011.01.26 09:48:39.624,0.82542,0.82569,1.28,1.88
2011.01.26 09:48:40.960,0.82537,0.82562,1.50,1.13
2011.01.26 09:48:41.076,0.82537,0.82564,1.50,1.50
2011.01.26 09:48:41.621,0.82537,0.82564,3.19,1.50
2011.01.26 09:48:41.733,0.82548,0.82573,1.28,1.50
2011.01.26 09:48:41.848,0.82552,0.8258,1.28,1.50
2011.01.26 09:48:42.392,0.82552,0.8258,1.28,1.50
2011.01.26 09:48:43.992,0.82552,0.8258,1.28,1.50
2011.01.26 09:48:44.678,0.82558,0.82578,1.28,1.50
2011.01.26 09:48:44.800,0.82558,0.82584,1.47,2.25
2011.01.26 09:48:45.906,0.82557,0.82583,1.50,1.50
2011.01.26 09:48:46.764,0.82557,0.82582,1.50,1.13
2011.01.26 09:48:46.884,0.82547,0.8257,2.03,1.13
2011.01.26 09:48:47.814,0.82552,0.82574,1.50,1.13
2011.01.26 09:48:47.928,0.82552,0.82572,1.50,1.13
2011.01.26 09:48:48.832,0.82545,0.82572,2.03,1.13
2011.01.26 09:48:50.385,0.82542,0.82568,2.93,1.13
2011.01.26 09:48:50.495,0.82542,0.82568,2.03,1.13
2011.01.26 09:48:51.093,0.82551,0.82572,1.50,1.50
2011.01.26 09:48:51.315,0.82548,0.82571,2.78,1.50
2011.01.26 09:48:51.929,0.82546,0.82571,1.50,1.50
2011.01.26 09:48:52.378,0.82546,0.82571,1.65,1.50
2011.01.26 09:48:53.028,0.82548,0.82572,2.03,1.50
2011.01.26 09:48:54.514,0.82548,0.82573,1.50,1.50
2011.01.26 09:48:54.632,0.82548,0.82575,2.78,1.50
2011.01.26 09:48:54.748,0.82549,0.82577,2.78,1.13
2011.01.26 09:48:55.473,0.82555,0.82581,1.50,1.50
2011.01.26 09:48:56.024,0.82553,0.82581,2.03,1.50
2011.01.26 09:49:00.574,0.82557,0.82581,1.50,1.50
2011.01.26 09:49:01.094,0.82556,0.82581,2.03,1.50
2011.01.26 09:49:04.497,0.82556,0.82581,2.03,1.50
2011.01.26 09:49:05.712,0.82552,0.82579,1.28,1.32
2011.01.26 09:49:05.827,0.82552,0.82581,1.28,1.50
2011.01.26 09:49:07.375,0.82556,0.82581,1.50,1.50
2011.01.26 09:49:07.951,0.82557,0.82582,1.28,1.13
2011.01.26 09:49:08.283,0.82556,0.82581,1.50,1.88
2011.01.26 09:49:08.954,0.82556,0.82578,1.50,1.13
2011.01.26 09:49:09.174,0.82549,0.82577,1.28,1.88
2011.01.26 09:49:09.763,0.82549,0.82576,2.78,1.13
2011.01.26 09:49:13.948,0.82548,0.82576,2.22,1.50
2011.01.26 09:49:14.070,0.82549,0.82577,1.47,1.50
2011.01.26 09:49:19.907,0.82549,0.82577,1.28,1.88
2011.01.26 09:49:22.725,0.82551,0.8258,1.28,1.50
2011.01.26 09:49:31.456,0.82553,0.8258,1.28,1.50
2011.01.26 09:49:31.572,0.82554,0.8258,1.28,1.50
2011.01.26 09:49:31.688,0.82554,0.82581,1.28,1.13
2011.01.26 09:49:37.658,0.82554,0.8258,1.28,1.13
2011.01.26 09:49:40.177,0.82554,0.8258,1.47,2.25
2011.01.26 09:49:40.405,0.82556,0.82585,1.47,2.25
2011.01.26 09:49:43.233,0.82559,0.82586,1.28,1.13
2011.01.26 09:49:44.203,0.82559,0.82587,1.47,1.13
2011.01.26 09:49:44.321,0.82564,0.82591,1.28,1.50
2011.01.26 09:49:48.761,0.82561,0.82591,1.28,1.50
2011.01.26 09:49:52.911,0.82566,0.82591,1.50,1.50
2011.01.26 09:49:57.373,0.82561,0.82591,1.28,1.50
2011.01.26 09:49:57.675,0.82567,0.82591,1.50,1.50
2011.01.26 09:50:00.528,0.82561,0.82591,3.53,1.50
2011.01.26 09:50:00.645,0.82561,0.82583,3.53,1.50
2011.01.26 09:50:05.335,0.82559,0.82589,1.28,1.65
2011.01.26 09:50:05.444,0.82559,0.82586,1.28,1.50
2011.01.26 09:50:06.393,0.82559,0.82583,1.28,1.50
2011.01.26 09:50:10.054,0.82557,0.82583,2.03,3.00
2011.01.26 09:50:29.114,0.82556,0.82582,1.50,1.50
2011.01.26 09:50:33.854,0.82556,0.82582,1.50,1.69
2011.01.26 09:50:34.186,0.82556,0.82578,1.50,1.69
2011.01.26 09:50:34.807,0.82557,0.82578,1.50,1.50
2011.01.26 09:50:39.522,0.82557,0.82582,1.50,1.50
2011.01.26 09:50:41.605,0.82556,0.82582,3.19,1.50
2011.01.26 09:50:44.290,0.82558,0.82582,1.50,1.50
2011.01.26 09:50:44.406,0.82558,0.82584,2.03,2.25
2011.01.26 09:51:00.465,0.8256,0.82586,1.50,1.50
2011.01.26 09:51:02.484,0.82561,0.82586,1.50,1.50
2011.01.26 09:51:05.575,0.82562,0.82586,1.50,1.50
2011.01.26 09:51:05.684,0.82562,0.82587,2.03,1.50
2011.01.26 09:51:06.381,0.82562,0.82589,2.03,1.69
2011.01.26 09:51:12.746,0.8256,0.82587,2.03,1.50
2011.01.26 09:51:16.143,0.82558,0.82583,2.03,1.50
2011.01.26 09:51:20.225,0.82562,0.82583,1.28,1.50
2011.01.26 09:51:24.676,0.82564,0.82583,1.28,1.50
2011.01.26 09:51:25.359,0.82566,0.82594,2.03,3.19
2011.01.26 09:51:42.096,0.82563,0.8259,1.28,1.50
2011.01.26 09:51:42.865,0.82563,0.82583,1.28,1.50
2011.01.26 09:51:42.984,0.82557,0.82586,1.28,1.50
2011.01.26 09:51:44.476,0.82561,0.82588,1.28,1.50
2011.01.26 09:51:44.587,0.82561,0.82584,1.47,1.50
2011.01.26 09:51:45.495,0.82566,0.82588,1.50,1.50
2011.01.26 09:51:45.606,0.82561,0.82588,1.28,1.50
2011.01.26 09:51:46.223,0.82566,0.8259,2.03,1.50
2011.01.26 09:51:46.557,0.82562,0.8259,1.28,2.44
2011.01.26 09:51:46.665,0.82561,0.82588,1.28,1.50
2011.01.26 09:51:47.385,0.82561,0.82583,1.28,1.50
2011.01.26 09:51:48.580,0.82561,0.82589,1.28,2.25
2011.01.26 09:51:48.705,0.82569,0.82596,2.03,1.32
2011.01.26 09:51:48.927,0.82569,0.82596,1.28,2.63
2011.01.26 09:51:49.034,0.82569,0.82593,1.28,1.50
2011.01.26 09:51:49.256,0.82566,0.82593,2.78,1.50
2011.01.26 09:51:51.636,0.82566,0.82583,1.28,1.50
2011.01.26 09:51:55.797,0.8256,0.82583,1.28,1.50
2011.01.26 09:51:57.608,0.8256,0.82583,1.28,3.94
2011.01.26 09:51:57.725,0.82559,0.82583,1.28,3.94
2011.01.26 09:51:57.836,0.82556,0.82573,1.28,1.50
2011.01.26 09:51:58.461,0.82554,0.82573,1.28,1.50
2011.01.26 09:51:59.159,0.82555,0.82573,1.28,1.50
2011.01.26 09:52:00.987,0.82553,0.82573,1.28,1.50
2011.01.26 09:52:01.319,0.82548,0.82573,1.28,1.50
2011.01.26 09:52:02.032,0.82547,0.82573,2.78,1.50
2011.01.26 09:52:03.895,0.82547,0.82574,1.28,2.25
2011.01.26 09:52:06.278,0.82547,0.82573,1.28,1.50
2011.01.26 09:52:06.968,0.82545,0.82572,1.28,1.13
2011.01.26 09:52:07.090,0.82545,0.82571,1.28,1.13
2011.01.26 09:52:07.789,0.82547,0.82571,1.50,1.13
2011.01.26 09:52:09.025,0.82547,0.82571,1.50,1.13
2011.01.26 09:52:13.328,0.82545,0.82573,1.28,1.50
2011.01.26 09:52:13.853,0.82547,0.82573,2.78,2.25
2011.01.26 09:52:14.492,0.82547,0.82573,2.78,2.63
2011.01.26 09:52:17.638,0.82547,0.82573,1.50,3.00
2011.01.26 09:52:19.465,0.82548,0.82573,1.28,1.50
2011.01.26 09:52:23.276,0.82548,0.82573,1.28,1.88
2011.01.26 09:52:24.302,0.82552,0.82573,2.03,1.50
2011.01.26 09:52:26.044,0.8255,0.82574,1.28,1.50
2011.01.26 09:52:35.465,0.8255,0.82579,1.28,1.50
2011.01.26 09:52:36.174,0.82552,0.82579,2.03,1.50
2011.01.26 09:52:36.874,0.82557,0.82581,1.50,1.50
2011.01.26 09:52:37.451,0.82557,0.82581,1.50,1.69
2011.01.26 09:52:37.573,0.82551,0.82578,1.28,1.69
2011.01.26 09:52:37.690,0.82551,0.82574,1.28,1.50
2011.01.26 09:52:38.490,0.82556,0.82583,1.28,3.00
2011.01.26 09:52:39.586,0.82557,0.82583,2.40,3.00
2011.01.26 09:52:39.706,0.82557,0.82583,2.40,3.00
2011.01.26 09:52:39.816,0.82557,0.82583,2.40,3.00
2011.01.26 09:52:40.144,0.82556,0.82573,1.65,1.50
2011.01.26 09:52:40.257,0.82556,0.82583,1.65,3.00
2011.01.26 09:52:44.504,0.82557,0.82583,2.40,3.00
2011.01.26 09:52:47.542,0.82556,0.82583,1.28,3.00
2011.01.26 09:52:53.086,0.82556,0.82583,2.78,1.69
2011.01.26 09:52:53.803,0.82556,0.8258,1.50,1.69
2011.01.26 09:52:54.404,0.82551,0.82574,1.28,1.50
2011.01.26 09:52:58.057,0.82551,0.8258,1.65,1.50
2011.01.26 09:52:58.504,0.82557,0.8258,1.50,1.50
2011.01.26 09:53:12.819,0.82551,0.8258,1.65,1.50
2011.01.26 09:53:13.355,0.82557,0.8258,1.50,1.50
2011.01.26 09:53:16.662,0.82557,0.8258,1.88,1.50
2011.01.26 09:53:16.885,0.82557,0.82582,1.88,1.50
2011.01.26 09:53:17.495,0.82556,0.82582,2.03,1.50
2011.01.26 09:53:18.311,0.82549,0.82574,1.28,1.50
2011.01.26 09:53:18.539,0.8255,0.82574,2.10,1.50
2011.01.26 09:53:19.136,0.8255,0.82576,2.10,1.50
2011.01.26 09:53:19.467,0.82551,0.82573,1.50,1.50
2011.01.26 09:53:20.302,0.8255,0.82573,2.10,1.50
2011.01.26 09:53:20.415,0.8255,0.82573,2.03,1.50
2011.01.26 09:53:20.854,0.82551,0.82573,1.58,1.50
2011.01.26 09:53:20.964,0.82551,0.82573,1.50,1.50
2011.01.26 09:53:21.511,0.8255,0.82573,2.03,1.50
2011.01.26 09:53:22.245,0.8255,0.82573,2.10,1.50
2011.01.26 09:53:23.917,0.8255,0.82573,2.03,1.50
2011.01.26 09:53:24.037,0.8255,0.82573,2.18,1.50
2011.01.26 09:53:24.916,0.82551,0.82576,1.65,1.50
2011.01.26 09:53:25.852,0.82551,0.82574,1.50,1.50
2011.01.26 09:53:26.603,0.8255,0.82574,2.03,1.50
2011.01.26 09:53:27.312,0.82555,0.8258,2.25,1.50
2011.01.26 09:53:27.684,0.82557,0.8258,1.50,1.50
2011.01.26 09:53:38.425,0.82552,0.8258,1.65,3.00
2011.01.26 09:53:39.896,0.82556,0.8258,1.50,1.50
2011.01.26 09:53:40.294,0.82556,0.8258,1.88,1.50
2011.01.26 09:53:41.326,0.82557,0.8258,1.50,1.50
2011.01.26 09:53:43.389,0.82552,0.8258,1.65,1.50
2011.01.26 09:53:46.275,0.82557,0.8258,1.88,1.50
2011.01.26 09:53:46.933,0.82557,0.8258,1.50,1.50
2011.01.26 09:53:48.773,0.82552,0.8258,3.15,1.50
2011.01.26 09:53:51.387,0.82552,0.8258,3.15,1.50
2011.01.26 09:53:54.828,0.82553,0.8258,1.28,1.50
2011.01.26 09:53:55.056,0.82556,0.8258,3.00,1.50
2011.01.26 09:53:56.972,0.82552,0.8258,1.65,1.50
2011.01.26 09:54:00.024,0.82553,0.8258,2.55,1.50
2011.01.26 09:54:01.054,0.82553,0.8258,2.03,1.50
2011.01.26 09:54:17.905,0.82553,0.8258,1.05,1.50
2011.01.26 09:54:18.943,0.82553,0.82581,1.05,1.50
2011.01.26 09:54:21.539,0.82554,0.82581,1.28,1.50
2011.01.26 09:54:21.657,0.82557,0.82583,2.40,3.00
2011.01.26 09:54:28.365,0.82557,0.82584,2.40,2.25
2011.01.26 09:54:28.475,0.82558,0.82585,1.65,2.25
2011.01.26 09:54:29.261,0.82558,0.82584,1.65,1.50
2011.01.26 09:54:29.836,0.82558,0.82586,1.65,2.25
2011.01.26 09:54:39.591,0.82558,0.82583,1.65,1.50
2011.01.26 09:54:40.254,0.82558,0.82584,1.65,1.50
2011.01.26 09:54:41.851,0.82552,0.82579,3.34,1.50
2011.01.26 09:54:41.967,0.82552,0.82579,3.15,1.50
2011.01.26 09:54:42.515,0.82548,0.82576,3.15,1.50
2011.01.26 09:54:45.601,0.82547,0.82571,1.88,1.50
2011.01.26 09:55:06.209,0.82544,0.82571,1.28,1.50
2011.01.26 09:55:06.924,0.82539,0.82568,3.15,3.00
2011.01.26 09:55:08.295,0.82536,0.82565,3.30,1.50
2011.01.26 09:55:08.883,0.82536,0.82565,2.40,3.00
2011.01.26 09:55:10.388,0.82538,0.82564,1.88,1.50
2011.01.26 09:55:14.143,0.82541,0.82568,2.24,1.50
2011.01.26 09:55:14.366,0.82545,0.82569,1.09,1.50
2011.01.26 09:55:15.218,0.82547,0.82571,1.88,1.50
2011.01.26 09:55:17.418,0.82547,0.82571,1.50,1.50
2011.01.26 09:55:26.224,0.82541,0.82567,1.05,2.25
2011.01.26 09:55:27.179,0.82539,0.82567,1.65,2.25
2011.01.26 09:55:28.764,0.82538,0.82565,2.48,2.25
2011.01.26 09:55:32.821,0.82537,0.82563,2.78,2.25
2011.01.26 09:55:33.871,0.82537,0.82562,2.78,3.75
2011.01.26 09:55:33.990,0.82534,0.82562,2.40,1.50
2011.01.26 09:55:35.448,0.82536,0.82562,2.40,3.00
2011.01.26 09:55:36.040,0.82536,0.82562,2.40,3.00
2011.01.26 09:55:48.688,0.82533,0.82561,1.65,2.25
2011.01.26 09:55:49.476,0.8253,0.82555,1.28,1.50
2011.01.26 09:55:49.612,0.8253,0.82557,1.28,2.25
2011.01.26 09:55:49.731,0.82534,0.82558,1.28,1.50
2011.01.26 09:55:50.748,0.82534,0.8256,1.28,2.25
2011.01.26 09:56:00.594,0.82534,0.82558,1.28,1.50
2011.01.26 09:56:01.038,0.82534,0.82556,1.28,1.50
2011.01.26 09:56:01.698,0.82534,0.82557,1.28,1.50
2011.01.26 09:56:03.641,0.82534,0.82556,1.28,1.50
2011.01.26 09:56:03.863,0.82534,0.82558,1.28,1.50
2011.01.26 09:56:04.194,0.82534,0.82556,1.28,1.50
2011.01.26 09:56:04.994,0.82534,0.82557,1.28,1.50
2011.01.26 09:56:05.505,0.82534,0.82558,1.65,1.50
2011.01.26 09:56:06.509,0.82536,0.82561,2.40,3.00
2011.01.26 09:56:07.044,0.82536,0.82558,2.40,1.50
2011.01.26 09:56:07.984,0.82536,0.8256,2.40,2.25
2011.01.26 09:56:09.476,0.82536,0.82559,2.48,2.25
2011.01.26 09:56:10.566,0.82536,0.82559,2.40,2.25
2011.01.26 09:56:10.900,0.82536,0.82559,2.48,2.25
2011.01.26 09:56:12.023,0.82536,0.8256,2.40,2.25
2011.01.26 09:56:12.164,0.82536,0.8256,2.48,2.25
2011.01.26 09:56:12.525,0.82536,0.8256,2.40,2.25
2011.01.26 09:56:18.374,0.82536,0.82561,2.48,3.00
2011.01.26 09:56:18.596,0.82536,0.82561,2.40,3.00
2011.01.26 09:56:20.841,0.82536,0.82561,2.55,3.00
2011.01.26 09:56:21.758,0.82536,0.82561,2.40,3.00
2011.01.26 09:56:23.664,0.82537,0.82561,1.50,3.00
2011.01.26 09:56:25.256,0.82537,0.8256,1.58,2.25
2011.01.26 09:56:25.812,0.82537,0.8256,1.58,2.25
2011.01.26 09:56:28.017,0.82537,0.82561,3.34,1.50
2011.01.26 09:56:28.131,0.82537,0.82566,3.34,2.25
2011.01.26 09:56:28.248,0.82541,0.82566,1.65,1.50
2011.01.26 09:56:28.788,0.82541,0.82571,1.84,1.50
2011.01.26 09:56:29.244,0.82548,0.82576,1.65,2.25
2011.01.26 09:56:30.061,0.82551,0.82578,1.28,1.50
2011.01.26 09:56:30.288,0.82551,0.82579,1.65,1.50
2011.01.26 09:56:30.883,0.82552,0.82581,1.65,1.50
2011.01.26 09:56:33.113,0.82552,0.82581,1.65,1.50
2011.01.26 09:56:33.233,0.82561,0.82588,1.28,1.50
2011.01.26 09:56:37.632,0.82557,0.82584,1.28,1.50
2011.01.26 09:56:39.623,0.82548,0.82573,1.65,1.50
2011.01.26 09:56:40.297,0.82549,0.82576,1.28,1.69
2011.01.26 09:56:40.408,0.82549,0.82573,1.28,2.44
2011.01.26 09:56:40.745,0.82541,0.82564,1.28,2.25
2011.01.26 09:56:44.583,0.82539,0.82563,1.50,1.50
2011.01.26 09:56:44.700,0.82537,0.82563,2.03,1.50
2011.01.26 09:56:48.900,0.82536,0.82559,1.28,3.19
2011.01.26 09:56:49.016,0.82527,0.82554,1.28,2.44
2011.01.26 09:56:49.234,0.82528,0.82553,1.28,3.00
2011.01.26 09:56:52.012,0.8253,0.82555,2.59,1.50
2011.01.26 09:56:52.126,0.8253,0.82561,2.59,2.25
2011.01.26 09:56:52.235,0.82536,0.82561,1.50,2.25
2011.01.26 09:56:55.357,0.82531,0.8256,2.03,1.13
2011.01.26 09:56:56.043,0.82524,0.82554,1.28,4.32
2011.01.26 09:56:56.781,0.82524,0.82554,1.28,3.94
2011.01.26 09:56:57.127,0.82524,0.82554,1.28,2.25
2011.01.26 09:56:59.306,0.82524,0.82554,1.28,1.88
2011.01.26 09:57:00.151,0.82524,0.82554,1.28,1.50
2011.01.26 09:57:00.972,0.8252,0.82554,1.28,2.63
2011.01.26 09:57:04.436,0.8252,0.82554,3.90,3.75
2011.01.26 09:57:05.457,0.82527,0.82556,1.50,1.50
2011.01.26 09:57:06.041,0.82526,0.82556,3.00,3.00
2011.01.26 09:57:07.305,0.82526,0.82556,3.53,3.00
2011.01.26 09:57:07.957,0.82527,0.82557,1.50,4.50
2011.01.26 09:57:10.245,0.82527,0.82557,1.69,4.50
2011.01.26 09:57:14.095,0.8253,0.82556,1.50,2.25
2011.01.26 09:57:16.084,0.82529,0.82554,1.69,1.50
2011.01.26 09:57:16.696,0.82526,0.82555,3.72,2.25
2011.01.26 09:57:17.263,0.8253,0.82556,1.50,2.25
2011.01.26 09:57:17.814,0.82528,0.82555,1.69,2.25
2011.01.26 09:57:19.105,0.82529,0.82555,1.50,3.57
2011.01.26 09:57:19.217,0.82524,0.82553,2.97,1.50
2011.01.26 09:57:19.326,0.82523,0.82553,2.22,4.65
2011.01.26 09:57:19.657,0.82524,0.82553,1.32,2.25
2011.01.26 09:57:20.328,0.82526,0.82555,1.47,1.50
2011.01.26 09:57:20.639,0.8253,0.82555,1.50,1.50
2011.01.26 09:57:21.694,0.82526,0.82554,1.50,1.50
2011.01.26 09:57:22.611,0.82526,0.82553,1.50,1.50
2011.01.26 09:57:24.043,0.82522,0.82553,2.22,1.50
2011.01.26 09:57:25.931,0.82523,0.82551,2.03,1.50
2011.01.26 09:57:26.049,0.82522,0.82547,1.50,1.50
2011.01.26 09:57:26.975,0.8252,0.82548,2.03,1.50
2011.01.26 09:57:27.991,0.82522,0.82548,2.03,1.50
2011.01.26 09:57:29.136,0.82523,0.82548,2.03,1.58
2011.01.26 09:57:30.427,0.82523,0.82548,2.03,1.50
2011.01.26 09:57:31.896,0.82522,0.82548,1.28,1.65
2011.01.26 09:57:32.006,0.82521,0.82548,1.50,1.65
2011.01.26 09:57:32.695,0.8252,0.82552,3.72,1.65
2011.01.26 09:57:32.805,0.8252,0.8255,3.72,1.50
2011.01.26 09:57:33.371,0.8252,0.82552,2.97,1.65
2011.01.26 09:57:33.493,0.8252,0.82553,2.78,11.97
2011.01.26 09:57:33.828,0.82524,0.8255,1.47,1.50
2011.01.26 09:57:33.947,0.82524,0.82557,1.47,3.15
2011.01.26 09:57:34.527,0.82526,0.82555,1.50,1.50
2011.01.26 09:57:37.653,0.82526,0.82556,1.50,2.25
2011.01.26 09:57:41.534,0.82526,0.82555,3.00,1.50
2011.01.26 09:57:42.298,0.82526,0.82554,1.50,1.50
2011.01.26 09:57:42.413,0.82526,0.82557,1.50,3.00
2011.01.26 09:57:47.137,0.82527,0.82556,1.50,2.25
2011.01.26 09:57:53.165,0.82527,0.82556,2.78,1.50
2011.01.26 09:57:57.044,0.82527,0.82558,2.78,2.14
2011.01.26 09:57:57.666,0.82527,0.82556,2.78,1.50
2011.01.26 09:57:58.694,0.82527,0.82557,1.28,1.58
2011.01.26 09:58:02.759,0.82528,0.82556,2.03,1.50
2011.01.26 09:58:03.599,0.82527,0.82558,3.00,2.22
2011.01.26 09:58:05.295,0.82529,0.82558,1.50,3.57
2011.01.26 09:58:08.107,0.8253,0.82559,2.03,2.22
2011.01.26 09:58:09.117,0.8253,0.82559,2.03,2.07
2011.01.26 09:58:10.695,0.82529,0.82557,2.03,1.50
2011.01.26 09:58:11.411,0.82529,0.8256,2.03,4.69
2011.01.26 09:58:11.533,0.82531,0.82563,2.03,2.07
2011.01.26 09:58:13.086,0.8253,0.82563,2.78,2.18
2011.01.26 09:58:13.796,0.8253,0.82562,1.28,1.65
2011.01.26 09:58:19.366,0.82536,0.82564,1.50,2.33
2011.01.26 09:58:20.078,0.82536,0.82564,1.50,2.25
2011.01.26 09:58:21.771,0.82536,0.82564,1.50,2.33
2011.01.26 09:58:21.894,0.8253,0.8256,1.28,6.34
2011.01.26 09:58:22.005,0.82528,0.8256,2.03,3.57
2011.01.26 09:58:28.298,0.82531,0.8256,1.50,5.07
2011.01.26 09:58:29.465,0.82531,0.8256,2.78,4.32
2011.01.26 09:58:30.870,0.82532,0.8256,2.03,2.63
2011.01.26 09:58:31.571,0.82531,0.82561,1.28,1.50
2011.01.26 09:58:31.694,0.82533,0.82563,1.69,2.25
2011.01.26 09:58:31.807,0.82535,0.82563,1.50,2.25
2011.01.26 09:58:32.597,0.82536,0.82565,2.03,2.44
2011.01.26 09:58:32.713,0.82536,0.82565,2.03,2.25
2011.01.26 09:58:33.751,0.82536,0.82566,2.97,2.63
2011.01.26 09:58:33.873,0.82539,0.82572,1.50,1.32
2011.01.26 09:58:33.987,0.82539,0.82572,2.03,1.32
2011.01.26 09:58:34.436,0.8254,0.82567,1.28,1.13
2011.01.26 09:58:35.375,0.82541,0.82574,2.78,5.82
2011.01.26 09:58:35.488,0.82541,0.82568,2.78,1.13
2011.01.26 09:58:35.719,0.82538,0.82564,1.84,5.25
2011.01.26 09:58:37.402,0.82543,0.8257,1.50,1.50
2011.01.26 09:58:37.520,0.82543,0.82573,1.50,2.44
2011.01.26 09:58:38.098,0.82541,0.8257,1.28,1.50
2011.01.26 09:58:38.436,0.82538,0.82564,1.50,4.13
2011.01.26 09:58:39.042,0.82542,0.82564,1.50,1.50
2011.01.26 09:58:39.747,0.82542,0.82564,1.50,1.88
2011.01.26 09:58:40.342,0.8254,0.82563,1.28,2.82
2011.01.26 09:58:40.463,0.82538,0.82563,1.50,2.82
2011.01.26 09:58:40.797,0.82541,0.82563,1.50,2.82
2011.01.26 09:58:41.590,0.8254,0.82564,2.78,1.50
2011.01.26 09:58:41.924,0.8254,0.82572,1.28,2.97
2011.01.26 09:58:43.236,0.8254,0.82572,1.28,1.47
2011.01.26 09:58:44.351,0.82539,0.82567,2.78,1.13
2011.01.26 09:58:45.271,0.82539,0.8257,1.28,1.88
2011.01.26 09:58:45.624,0.82539,0.82563,1.28,1.50
2011.01.26 09:58:46.295,0.82539,0.82567,1.28,1.13
2011.01.26 09:58:48.200,0.8254,0.8257,2.03,1.50
2011.01.26 09:58:48.823,0.82542,0.82567,1.28,1.32
2011.01.26 09:58:49.047,0.82538,0.82564,1.28,1.88
2011.01.26 09:58:49.435,0.82538,0.82564,1.28,1.88
2011.01.26 09:58:49.986,0.82536,0.82561,2.25,1.13
2011.01.26 09:58:50.103,0.82534,0.82561,1.28,1.13
2011.01.26 09:58:50.217,0.82534,0.82562,1.28,1.50
2011.01.26 09:58:51.511,0.82534,0.82559,1.28,1.32
2011.01.26 09:58:51.846,0.8253,0.82557,1.28,3.38
2011.01.26 09:58:55.858,0.8253,0.82558,1.28,1.13
2011.01.26 09:58:57.147,0.8253,0.82557,1.28,1.50
2011.01.26 09:58:57.474,0.8253,0.82555,1.28,1.32
2011.01.26 09:58:58.393,0.82528,0.82554,1.28,2.25
2011.01.26 09:58:59.239,0.82527,0.82554,1.28,1.50
2011.01.26 09:59:00.487,0.82527,0.82559,2.78,1.13
2011.01.26 09:59:03.257,0.82527,0.82559,2.78,1.28
2011.01.26 09:59:04.655,0.82525,0.82548,1.28,1.50
2011.01.26 09:59:04.769,0.82523,0.82549,1.28,2.07
2011.01.26 09:59:08.667,0.8252,0.8255,1.28,1.32
2011.01.26 09:59:08.886,0.82521,0.82551,2.03,1.88
2011.01.26 09:59:09.768,0.82524,0.82554,1.28,3.00
2011.01.26 09:59:10.115,0.82526,0.82554,1.84,3.00
2011.01.26 09:59:10.335,0.82527,0.82557,2.97,1.50
2011.01.26 09:59:11.896,0.82528,0.82557,1.47,1.50
2011.01.26 09:59:13.236,0.82528,0.82557,1.47,1.50
2011.01.26 09:59:13.456,0.82531,0.8256,1.47,3.00
2011.01.26 09:59:15.104,0.82534,0.8256,1.50,1.50
2011.01.26 09:59:16.247,0.82532,0.8256,2.03,1.50
2011.01.26 09:59:16.909,0.82533,0.82559,2.03,1.69
2011.01.26 09:59:17.248,0.82531,0.82557,1.28,2.25
2011.01.26 09:59:17.925,0.82531,0.82559,1.28,1.13
2011.01.26 09:59:46.351,0.82531,0.8256,1.28,3.34
2011.01.26 09:59:47.546,0.82531,0.8256,1.28,3.27
2011.01.26 09:59:53.630,0.82535,0.8256,1.28,2.25
2011.01.26 09:59:55.198,0.82535,0.82561,1.35,2.25
2011.01.26 09:59:55.848,0.82535,0.82561,1.28,2.25
2011.01.26 09:59:59.936,0.82535,0.82559,1.28,1.50
