2012.06.06 21:00:00.062,0.77043,0.77083,1.58,0.75
2012.06.06 21:00:00.199,0.77041,0.77082,2.33,0.39
2012.06.06 21:00:00.736,0.77041,0.77083,0.75,1.58
2012.06.06 21:00:00.796,0.77041,0.7708,0.75,1.58
2012.06.06 21:00:00.856,0.77041,0.77085,0.75,1.58
2012.06.06 21:00:00.966,0.77037,0.77084,0.37,0.75
2012.06.06 21:00:01.497,0.77036,0.77084,0.75,0.75
2012.06.06 21:00:02.446,0.77036,0.77075,0.75,0.39
2012.06.06 21:00:03.017,0.77037,0.77074,0.75,1.58
2012.06.06 21:00:03.193,0.77031,0.77075,0.75,1.59
2012.06.06 21:00:04.743,0.7703,0.77075,0.75,1.59
2012.06.06 21:00:04.802,0.77026,0.77075,0.75,1.59
2012.06.06 21:00:05.706,0.77032,0.77075,0.75,1.59
2012.06.06 21:00:07.528,0.77027,0.77075,0.75,1.59
2012.06.06 21:00:07.636,0.77032,0.77075,0.75,1.59
2012.06.06 21:00:08.015,0.77027,0.77075,0.75,1.59
2012.06.06 21:00:08.076,0.77032,0.77075,0.75,1.59
2012.06.06 21:00:13.422,0.77031,0.77075,0.75,0.39
2012.06.06 21:00:14.029,0.77036,0.77075,0.75,1.59
2012.06.06 21:00:24.577,0.77041,0.77075,0.75,1.20
2012.06.06 21:00:26.785,0.77036,0.77075,0.75,1.20
2012.06.06 21:00:26.895,0.77042,0.77075,0.75,1.20
2012.06.06 21:00:28.354,0.77037,0.77075,0.75,1.20
2012.06.06 21:00:29.464,0.77042,0.77075,0.75,1.20
2012.06.06 21:00:29.694,0.77037,0.77075,0.75,1.20
2012.06.06 21:00:31.782,0.77041,0.77076,0.75,1.20
2012.06.06 21:00:31.842,0.77041,0.77078,0.75,1.20
2012.06.06 21:00:31.988,0.77046,0.77078,0.75,1.20
2012.06.06 21:00:32.464,0.77042,0.77078,0.75,1.95
2012.06.06 21:00:32.525,0.77047,0.77078,0.75,1.20
2012.06.06 21:00:33.964,0.77037,0.77078,0.75,1.95
2012.06.06 21:00:35.797,0.77036,0.77078,0.75,1.20
2012.06.06 21:00:37.642,0.77036,0.77089,0.75,0.75
2012.06.06 21:00:39.612,0.77037,0.77072,0.75,1.20
2012.06.06 21:00:40.211,0.77036,0.77073,0.75,1.20
2012.06.06 21:00:47.113,0.77036,0.77075,0.75,1.20
2012.06.06 21:00:47.232,0.77036,0.77079,0.75,0.75
2012.06.06 21:00:47.293,0.77036,0.77084,0.75,0.75
2012.06.06 21:00:48.982,0.77036,0.7707,0.75,1.20
2012.06.06 21:00:49.042,0.77032,0.77068,0.75,0.75
2012.06.06 21:00:51.125,0.77036,0.7707,0.75,1.20
2012.06.06 21:00:51.242,0.77036,0.77099,0.75,0.75
2012.06.06 21:00:51.492,0.77032,0.77098,1.20,0.75
2012.06.06 21:00:51.551,0.7703,0.77098,0.75,0.75
2012.06.06 21:00:52.189,0.77032,0.77093,0.75,0.75
2012.06.06 21:00:52.634,0.77032,0.77069,0.75,1.20
2012.06.06 21:00:56.161,0.7703,0.77069,0.75,1.95
2012.06.06 21:00:58.577,0.77031,0.77069,0.75,1.20
2012.06.06 21:01:01.147,0.77027,0.77063,0.75,0.75
2012.06.06 21:01:02.402,0.77021,0.77059,0.75,0.75
2012.06.06 21:01:02.522,0.77026,0.77064,0.75,0.75
2012.06.06 21:01:12.302,0.77021,0.77059,0.75,0.75
2012.06.06 21:01:13.638,0.77027,0.77063,0.75,0.75
2012.06.06 21:01:22.042,0.77021,0.77059,0.75,0.75
2012.06.06 21:01:25.366,0.77027,0.77063,0.75,0.75
2012.06.06 21:01:29.853,0.77027,0.77056,0.75,0.75
2012.06.06 21:01:29.911,0.77016,0.77054,1.50,0.75
2012.06.06 21:01:41.066,0.77022,0.77056,0.75,0.75
2012.06.06 21:01:43.594,0.77022,0.77055,0.75,0.75
2012.06.06 21:01:43.652,0.77011,0.77055,0.75,0.75
2012.06.06 21:01:43.892,0.77017,0.77053,0.75,0.75
2012.06.06 21:01:58.153,0.77017,0.77052,0.75,1.20
2012.06.06 21:01:58.672,0.77017,0.77041,0.75,0.75
2012.06.06 21:01:58.732,0.77012,0.77041,0.75,0.75
2012.06.06 21:01:59.412,0.77007,0.77041,0.75,0.75
2012.06.06 21:02:01.680,0.77012,0.77041,0.75,0.75
2012.06.06 21:02:03.372,0.77007,0.77041,0.75,0.75
2012.06.06 21:02:05.473,0.77012,0.77041,0.75,0.75
2012.06.06 21:02:07.905,0.77007,0.77041,0.75,0.75
2012.06.06 21:02:08.344,0.77012,0.77041,0.75,0.75
2012.06.06 21:02:10.573,0.77012,0.77048,0.75,0.75
2012.06.06 21:02:11.388,0.77016,0.77054,0.75,1.50
2012.06.06 21:02:16.226,0.77011,0.77049,0.75,0.75
2012.06.06 21:02:21.946,0.77017,0.77053,0.75,0.75
2012.06.06 21:02:22.303,0.77012,0.77048,1.95,0.75
2012.06.06 21:02:24.903,0.77012,0.77069,1.20,0.75
2012.06.06 21:02:24.962,0.77014,0.77069,0.37,0.75
2012.06.06 21:02:25.146,0.77014,0.77077,0.37,0.75
2012.06.06 21:02:25.204,0.77011,0.77079,1.12,0.75
2012.06.06 21:02:26.903,0.77011,0.77074,0.37,0.75
2012.06.06 21:02:31.465,0.77012,0.77078,0.75,0.75
2012.06.06 21:02:44.436,0.77016,0.77084,0.75,0.75
2012.06.06 21:02:54.333,0.77021,0.77089,0.75,0.75
2012.06.06 21:02:57.325,0.77017,0.77083,0.75,0.75
2012.06.06 21:03:15.155,0.77022,0.77088,0.75,0.75
2012.06.06 21:03:16.138,0.77016,0.77084,1.12,0.75
2012.06.06 21:03:24.853,0.77021,0.77089,0.75,0.75
2012.06.06 21:03:29.114,0.77016,0.77084,0.75,0.75
2012.06.06 21:03:32.255,0.77031,0.77098,0.75,0.39
2012.06.06 21:03:32.801,0.77032,0.77098,0.75,0.75
2012.06.06 21:03:33.913,0.77026,0.77088,0.75,0.75
2012.06.06 21:03:37.756,0.77026,0.77094,1.50,0.75
2012.06.06 21:03:49.883,0.77032,0.77103,0.75,0.39
2012.06.06 21:03:50.063,0.77036,0.77103,0.75,0.39
2012.06.06 21:03:51.493,0.77037,0.77103,0.75,1.14
2012.06.06 21:03:55.235,0.77031,0.77099,0.75,0.75
2012.06.06 21:03:56.444,0.77037,0.77103,0.75,0.75
2012.06.06 21:03:56.984,0.77031,0.77099,0.75,0.75
2012.06.06 21:04:02.266,0.77027,0.77111,1.12,1.14
2012.06.06 21:04:05.129,0.77026,0.77111,1.12,1.14
2012.06.06 21:04:06.153,0.77026,0.77116,2.32,1.14
2012.06.06 21:04:10.503,0.77026,0.77116,2.32,1.14
2012.06.06 21:04:10.826,0.77026,0.77106,1.95,1.14
2012.06.06 21:04:10.883,0.77026,0.77106,1.20,1.14
2012.06.06 21:04:11.223,0.77021,0.77106,1.50,1.14
2012.06.06 21:04:13.204,0.77027,0.77114,1.12,1.14
2012.06.06 21:04:13.495,0.77031,0.7712,1.12,1.14
2012.06.06 21:04:16.064,0.7703,0.7712,1.57,1.14
2012.06.06 21:04:16.124,0.77023,0.77115,1.57,1.14
2012.06.06 21:04:18.335,0.77023,0.7711,1.57,1.14
2012.06.06 21:04:18.394,0.77023,0.7711,1.57,1.14
2012.06.06 21:04:19.266,0.77023,0.77115,1.57,1.14
2012.06.06 21:04:20.514,0.77026,0.77118,1.12,1.95
2012.06.06 21:04:20.965,0.77027,0.77119,2.32,1.14
2012.06.06 21:04:21.774,0.77027,0.77119,1.57,1.14
2012.06.06 21:04:22.495,0.77027,0.77115,1.57,1.14
2012.06.06 21:04:24.374,0.77027,0.77115,1.57,1.14
2012.06.06 21:04:25.713,0.77027,0.77115,1.57,1.14
2012.06.06 21:04:27.758,0.77033,0.77115,1.20,1.14
2012.06.06 21:04:28.423,0.77035,0.77118,1.12,1.14
2012.06.06 21:04:38.405,0.77033,0.77118,1.57,1.14
2012.06.06 21:04:38.466,0.77035,0.77118,1.12,1.14
2012.06.06 21:04:44.126,0.77035,0.77118,1.12,1.14
2012.06.06 21:04:46.846,0.77039,0.77117,1.12,1.14
2012.06.06 21:04:46.944,0.77039,0.77117,1.12,1.14
2012.06.06 21:04:47.380,0.77039,0.77117,1.12,1.14
2012.06.06 21:05:00.253,0.77048,0.77114,1.13,1.88
2012.06.06 21:05:23.439,0.7705,0.77116,1.13,1.88
2012.06.06 21:05:23.623,0.77049,0.77115,1.88,1.88
2012.06.06 21:05:24.194,0.77052,0.77118,1.13,1.88
2012.06.06 21:05:24.857,0.77051,0.77119,1.88,1.88
2012.06.06 21:05:26.925,0.77051,0.77119,1.88,1.88
2012.06.06 21:05:27.413,0.77046,0.77094,1.88,1.13
2012.06.06 21:05:27.653,0.77048,0.77094,1.95,1.88
2012.06.06 21:05:39.126,0.77048,0.77094,1.95,1.88
2012.06.06 21:05:44.403,0.77048,0.77094,1.95,1.88
2012.06.06 21:05:44.512,0.77048,0.77094,1.95,1.88
2012.06.06 21:05:46.108,0.77052,0.771,1.13,1.14
2012.06.06 21:05:46.238,0.77052,0.77118,1.13,1.88
2012.06.06 21:05:46.437,0.77052,0.77118,1.88,1.88
2012.06.06 21:05:47.859,0.77052,0.77118,1.13,1.88
2012.06.06 21:05:50.686,0.77051,0.77117,1.13,1.88
2012.06.06 21:05:53.423,0.77051,0.77117,1.88,1.88
2012.06.06 21:05:55.977,0.77051,0.77117,1.88,1.13
2012.06.06 21:05:58.027,0.77051,0.77117,1.88,1.88
2012.06.06 21:06:03.668,0.77051,0.77115,1.88,1.59
2012.06.06 21:06:11.267,0.77051,0.77114,1.88,1.14
2012.06.06 21:06:17.198,0.77051,0.77115,1.88,1.59
2012.06.06 21:06:20.344,0.77051,0.77114,1.88,1.14
2012.06.06 21:06:43.236,0.77052,0.77114,1.13,1.95
2012.06.06 21:06:52.416,0.77052,0.77115,1.88,1.20
2012.06.06 21:06:52.536,0.77052,0.77118,1.88,1.14
2012.06.06 21:06:59.086,0.77052,0.77119,1.88,2.34
2012.06.06 21:07:12.466,0.77052,0.7712,1.88,3.47
2012.06.06 21:07:14.875,0.77052,0.7711,1.88,1.20
2012.06.06 21:07:15.198,0.77051,0.77099,3.08,1.13
2012.06.06 21:07:17.607,0.77051,0.77099,3.08,1.13
2012.06.06 21:07:18.127,0.77051,0.77098,3.08,1.13
2012.06.06 21:07:26.517,0.77051,0.77098,3.08,1.13
2012.06.06 21:07:27.375,0.77051,0.77098,3.08,1.13
2012.06.06 21:07:39.130,0.77051,0.77098,1.88,1.13
2012.06.06 21:07:39.696,0.77051,0.77098,1.88,1.13
2012.06.06 21:07:51.450,0.77051,0.77098,1.88,1.13
2012.06.06 21:07:52.768,0.77051,0.77098,1.88,1.13
2012.06.06 21:08:08.776,0.77049,0.77105,1.95,1.20
2012.06.06 21:08:08.838,0.77063,0.77107,1.12,1.20
2012.06.06 21:08:08.898,0.77065,0.77113,1.20,1.20
2012.06.06 21:08:09.020,0.77065,0.77113,1.95,1.20
2012.06.06 21:08:09.089,0.77064,0.77119,1.50,1.95
2012.06.06 21:08:09.408,0.77074,0.77119,1.13,1.95
2012.06.06 21:08:17.790,0.77071,0.7712,1.88,1.88
2012.06.06 21:08:20.950,0.77071,0.77119,1.13,1.95
2012.06.06 21:08:21.593,0.7707,0.77117,1.88,1.13
2012.06.06 21:08:22.286,0.7707,0.77117,1.88,1.13
2012.06.06 21:08:27.970,0.7707,0.77117,1.13,1.88
2012.06.06 21:08:28.457,0.77068,0.77116,1.13,1.88
2012.06.06 21:08:28.516,0.77068,0.77116,1.88,1.13
2012.06.06 21:08:33.941,0.7707,0.77117,1.88,1.13
2012.06.06 21:08:34.459,0.7707,0.77117,1.88,1.13
2012.06.06 21:08:36.417,0.7707,0.77117,1.88,1.13
2012.06.06 21:08:36.536,0.77071,0.7712,1.88,1.13
2012.06.06 21:08:36.777,0.77073,0.77122,1.88,1.13
2012.06.06 21:08:44.445,0.77075,0.77123,1.88,3.08
2012.06.06 21:08:44.686,0.77075,0.77123,1.88,1.13
2012.06.06 21:08:44.919,0.77075,0.77123,1.88,1.13
2012.06.06 21:08:47.771,0.77072,0.7712,1.88,1.13
2012.06.06 21:08:56.856,0.77072,0.77121,1.88,1.13
2012.06.06 21:08:58.057,0.77066,0.77114,1.88,1.13
2012.06.06 21:08:58.118,0.77066,0.77114,1.88,1.13
2012.06.06 21:08:58.500,0.77066,0.77114,1.88,1.13
2012.06.06 21:09:00.507,0.77066,0.77113,1.88,1.13
2012.06.06 21:09:13.897,0.77065,0.77112,1.88,1.13
2012.06.06 21:09:14.857,0.77063,0.77111,1.88,1.13
2012.06.06 21:09:16.128,0.77062,0.77111,1.13,1.88
2012.06.06 21:09:21.910,0.77063,0.77111,1.13,1.95
2012.06.06 21:09:22.042,0.77063,0.77111,1.88,1.20
2012.06.06 21:09:22.110,0.77063,0.77113,1.88,1.13
2012.06.06 21:09:30.348,0.77063,0.77113,1.13,1.88
2012.06.06 21:09:30.569,0.77063,0.77113,1.88,1.88
2012.06.06 21:09:34.721,0.77063,0.77113,1.13,1.88
2012.06.06 21:09:35.050,0.77063,0.77111,1.13,1.13
2012.06.06 21:09:35.120,0.77063,0.77111,1.13,1.88
2012.06.06 21:09:35.188,0.77057,0.77102,1.20,1.13
2012.06.06 21:09:35.248,0.77054,0.77102,1.20,1.13
2012.06.06 21:09:38.512,0.77055,0.77102,1.13,1.13
2012.06.06 21:09:38.941,0.77052,0.77101,1.88,1.13
2012.06.06 21:09:39.012,0.77042,0.77098,1.95,1.20
2012.06.06 21:09:39.948,0.77042,0.77098,1.95,1.20
2012.06.06 21:09:41.221,0.77042,0.77098,1.95,1.95
2012.06.06 21:09:42.220,0.77049,0.77098,1.12,1.20
2012.06.06 21:09:42.291,0.77052,0.77108,1.95,1.95
2012.06.06 21:09:46.001,0.77052,0.77108,1.95,1.95
2012.06.06 21:09:51.061,0.77052,0.77108,1.95,1.95
2012.06.06 21:09:53.711,0.77052,0.77108,1.95,1.20
2012.06.06 21:09:54.432,0.77052,0.77108,1.95,1.20
2012.06.06 21:09:55.229,0.77052,0.77108,1.95,1.20
2012.06.06 21:09:57.955,0.77052,0.77108,1.95,1.20
2012.06.06 21:10:02.288,0.77052,0.7711,1.95,1.20
2012.06.06 21:10:05.669,0.77061,0.77109,1.88,1.13
2012.06.06 21:10:05.981,0.77061,0.77107,1.88,1.20
2012.06.06 21:10:06.340,0.77061,0.77105,1.88,1.20
2012.06.06 21:10:08.410,0.7706,0.77109,1.88,1.20
2012.06.06 21:10:11.710,0.77061,0.77108,1.88,1.13
2012.06.06 21:10:18.905,0.77061,0.77108,1.88,1.88
2012.06.06 21:10:19.370,0.77054,0.77101,1.88,1.13
2012.06.06 21:10:19.441,0.77054,0.77101,1.88,1.13
2012.06.06 21:10:23.886,0.77054,0.77103,1.88,1.13
2012.06.06 21:10:42.770,0.77054,0.77101,1.13,1.13
2012.06.06 21:10:44.387,0.7705,0.771,1.88,1.13
2012.06.06 21:10:44.906,0.77052,0.77101,1.13,1.13
2012.06.06 21:11:00.499,0.77052,0.77101,1.13,1.88
2012.06.06 21:11:01.025,0.77052,0.77101,1.79,1.88
2012.06.06 21:11:01.244,0.77052,0.77101,1.79,1.13
2012.06.06 21:11:01.576,0.77052,0.77101,1.79,1.88
2012.06.06 21:11:01.856,0.77052,0.77101,1.79,1.13
2012.06.06 21:11:01.964,0.77052,0.77101,1.79,1.88
2012.06.06 21:11:02.512,0.77052,0.77101,1.79,1.13
2012.06.06 21:11:03.225,0.77052,0.77101,1.79,1.88
2012.06.06 21:11:04.015,0.77052,0.77102,1.79,3.08
2012.06.06 21:11:04.881,0.77052,0.77102,1.87,1.88
2012.06.06 21:11:09.284,0.77052,0.77102,1.49,1.88
2012.06.06 21:11:20.140,0.77053,0.77102,1.13,1.88
2012.06.06 21:11:25.173,0.77053,0.77102,1.87,1.88
2012.06.06 21:11:57.123,0.77053,0.77102,1.49,1.88
2012.06.06 21:11:57.667,0.77053,0.77102,1.49,1.88
2012.06.06 21:11:57.820,0.77053,0.77102,1.49,1.88
2012.06.06 21:11:57.950,0.77053,0.77102,1.49,1.88
2012.06.06 21:11:58.171,0.77053,0.77102,1.49,1.88
2012.06.06 21:11:58.242,0.77053,0.77102,1.72,1.88
2012.06.06 21:11:58.432,0.77053,0.77102,1.49,1.88
2012.06.06 21:12:00.454,0.77053,0.77102,1.49,1.88
2012.06.06 21:12:05.916,0.77053,0.77102,1.13,1.88
2012.06.06 21:12:06.876,0.77053,0.77102,1.13,1.88
2012.06.06 21:12:07.235,0.77053,0.77102,1.13,1.88
2012.06.06 21:12:08.763,0.77053,0.77102,1.13,1.88
2012.06.06 21:12:19.881,0.77053,0.77102,1.49,1.88
2012.06.06 21:12:20.750,0.77053,0.77102,1.49,1.13
2012.06.06 21:12:21.891,0.77051,0.77098,2.24,1.13
2012.06.06 21:12:22.401,0.77051,0.77098,1.13,1.88
2012.06.06 21:12:22.471,0.77051,0.77098,1.13,1.88
2012.06.06 21:12:22.932,0.77051,0.77098,1.13,1.88
2012.06.06 21:12:30.023,0.77051,0.77098,1.88,1.88
2012.06.06 21:12:33.220,0.77051,0.77098,1.13,1.88
2012.06.06 21:12:37.849,0.77053,0.771,1.13,1.88
2012.06.06 21:12:37.921,0.77066,0.77111,1.13,2.34
2012.06.06 21:12:38.000,0.77066,0.77112,1.88,1.59
2012.06.06 21:12:38.076,0.77068,0.77114,1.13,1.14
2012.06.06 21:12:38.382,0.7707,0.77111,1.13,1.14
2012.06.06 21:12:40.204,0.77056,0.7711,1.13,1.14
2012.06.06 21:12:40.397,0.77053,0.77105,1.49,1.95
2012.06.06 21:12:40.819,0.77056,0.77105,1.13,3.02
2012.06.06 21:12:41.196,0.77056,0.77105,1.13,3.02
2012.06.06 21:12:41.743,0.77056,0.77105,1.13,1.89
2012.06.06 21:12:41.812,0.77054,0.77105,1.13,1.89
2012.06.06 21:12:42.241,0.77057,0.77103,1.13,1.14
2012.06.06 21:12:45.141,0.77057,0.77103,1.13,1.14
2012.06.06 21:12:49.851,0.77057,0.77103,1.13,1.14
2012.06.06 21:12:49.927,0.77047,0.77106,1.12,1.14
2012.06.06 21:12:49.992,0.77056,0.77106,1.13,1.14
2012.06.06 21:12:53.446,0.77056,0.77108,1.13,2.27
2012.06.06 21:12:53.934,0.77056,0.77105,1.13,1.14
2012.06.06 21:12:58.504,0.77042,0.77104,1.57,2.34
2012.06.06 21:12:58.574,0.77042,0.77103,1.57,1.14
2012.06.06 21:12:58.651,0.77041,0.77087,1.13,1.59
2012.06.06 21:12:58.727,0.77041,0.77089,1.13,1.20
2012.06.06 21:12:58.803,0.77041,0.77098,1.13,1.52
2012.06.06 21:12:58.876,0.77041,0.77098,1.13,1.52
2012.06.06 21:12:58.946,0.77041,0.77098,1.49,1.13
2012.06.06 21:12:59.438,0.77042,0.77104,1.57,1.44
2012.06.06 21:12:59.504,0.77057,0.77104,1.13,1.44
2012.06.06 21:13:05.182,0.77057,0.77103,1.13,1.14
2012.06.06 21:13:05.848,0.77057,0.77103,1.13,1.14
2012.06.06 21:13:08.068,0.77047,0.77109,2.32,1.89
2012.06.06 21:13:08.134,0.77047,0.77104,1.57,1.05
2012.06.06 21:13:11.235,0.77047,0.77108,2.32,1.44
2012.06.06 21:13:11.928,0.77052,0.77108,1.12,1.44
2012.06.06 21:13:12.232,0.77058,0.77107,1.49,1.13
2012.06.06 21:13:13.015,0.77058,0.77117,1.12,1.37
2012.06.06 21:13:13.297,0.77056,0.77108,1.20,1.14
2012.06.06 21:13:13.423,0.77054,0.77108,1.20,1.14
2012.06.06 21:13:13.493,0.77052,0.77108,1.95,1.14
2012.06.06 21:13:15.133,0.77052,0.77108,1.12,1.14
2012.06.06 21:13:20.754,0.77052,0.77108,1.12,1.14
2012.06.06 21:13:21.623,0.77052,0.77115,1.12,1.89
2012.06.06 21:13:22.283,0.77051,0.77114,1.57,1.52
2012.06.06 21:13:22.357,0.77057,0.77119,1.57,2.72
2012.06.06 21:13:24.595,0.77057,0.77119,1.57,2.72
2012.06.06 21:13:25.054,0.77057,0.77119,1.57,2.72
2012.06.06 21:13:25.245,0.7706,0.77123,1.57,1.52
2012.06.06 21:13:25.552,0.7706,0.77118,1.57,1.14
2012.06.06 21:13:26.432,0.7706,0.77114,1.57,1.14
2012.06.06 21:13:26.623,0.7705,0.77106,1.57,1.88
2012.06.06 21:13:26.694,0.77051,0.77112,1.12,1.14
2012.06.06 21:13:26.825,0.77057,0.77119,1.57,1.44
2012.06.06 21:13:26.893,0.77057,0.77119,1.57,1.44
2012.06.06 21:13:28.725,0.77057,0.77119,1.57,1.44
2012.06.06 21:13:39.951,0.77056,0.77118,1.57,1.52
2012.06.06 21:13:40.503,0.77058,0.77109,1.13,1.20
2012.06.06 21:13:40.573,0.77058,0.77115,1.49,1.59
2012.06.06 21:13:41.572,0.77058,0.77115,1.49,1.20
2012.06.06 21:13:41.772,0.77064,0.77119,1.57,1.44
2012.06.06 21:13:42.283,0.77063,0.77119,1.20,1.44
2012.06.06 21:13:42.357,0.7706,0.77119,1.57,1.44
2012.06.06 21:13:43.723,0.77062,0.77124,1.57,2.64
2012.06.06 21:13:45.045,0.77064,0.77124,1.57,1.44
2012.06.06 21:13:45.931,0.77064,0.77124,1.57,1.37
2012.06.06 21:13:54.838,0.77064,0.77124,1.57,1.37
2012.06.06 21:13:55.457,0.77063,0.77124,1.57,1.37
2012.06.06 21:13:56.683,0.77063,0.77124,1.57,1.37
2012.06.06 21:13:57.236,0.77063,0.77124,1.57,1.52
2012.06.06 21:14:00.376,0.77063,0.77123,1.20,1.52
2012.06.06 21:14:00.544,0.77058,0.77123,1.13,2.72
2012.06.06 21:14:02.606,0.77058,0.77123,1.49,1.52
2012.06.06 21:14:02.912,0.77068,0.77123,1.13,1.44
2012.06.06 21:14:03.204,0.7706,0.77123,1.12,3.35
2012.06.06 21:14:03.396,0.77059,0.77123,1.49,3.35
2012.06.06 21:14:05.555,0.7706,0.77123,2.24,2.60
2012.06.06 21:14:07.364,0.7706,0.77118,1.49,1.37
2012.06.06 21:14:13.633,0.77057,0.77118,1.13,1.37
2012.06.06 21:14:13.703,0.77056,0.77114,1.87,1.37
2012.06.06 21:14:14.254,0.77056,0.77114,2.24,1.44
2012.06.06 21:14:15.733,0.77061,0.77118,1.13,2.57
2012.06.06 21:14:18.406,0.77061,0.77118,1.13,2.57
2012.06.06 21:14:18.473,0.77051,0.77113,1.87,1.82
2012.06.06 21:14:18.543,0.77051,0.77113,1.12,1.82
2012.06.06 21:14:28.840,0.7705,0.77114,1.12,1.52
2012.06.06 21:14:31.020,0.7705,0.77112,1.12,1.41
2012.06.06 21:14:41.375,0.77052,0.77112,1.13,1.41
2012.06.06 21:14:41.502,0.77052,0.77114,1.13,1.44
2012.06.06 21:14:42.231,0.77052,0.77114,1.49,1.44
2012.06.06 21:14:43.765,0.77052,0.77114,1.49,1.44
2012.06.06 21:14:43.952,0.77052,0.77114,1.49,1.52
2012.06.06 21:14:45.147,0.77052,0.77114,1.49,1.52
2012.06.06 21:14:47.561,0.77052,0.77114,1.49,1.50
2012.06.06 21:14:47.875,0.7705,0.77107,2.25,1.14
2012.06.06 21:14:54.262,0.77047,0.77107,1.49,1.14
2012.06.06 21:14:54.594,0.77046,0.77107,1.88,1.14
2012.06.06 21:15:04.124,0.77046,0.77107,1.13,1.14
2012.06.06 21:15:05.097,0.77046,0.77108,1.13,2.88
2012.06.06 21:15:07.633,0.77046,0.77108,1.13,2.88
2012.06.06 21:15:07.702,0.77041,0.77108,1.13,2.88
2012.06.06 21:15:07.773,0.77041,0.771,1.13,1.82
2012.06.06 21:15:07.844,0.7704,0.77099,1.13,1.82
2012.06.06 21:15:07.974,0.77032,0.77099,1.12,1.82
2012.06.06 21:15:08.043,0.77031,0.77099,1.12,1.82
2012.06.06 21:15:08.692,0.77031,0.77094,1.12,1.97
2012.06.06 21:15:16.988,0.77026,0.77094,1.12,1.97
2012.06.06 21:15:21.185,0.77031,0.77094,1.12,1.97
2012.06.06 21:15:35.503,0.77025,0.77093,1.12,1.14
2012.06.06 21:15:35.692,0.77025,0.77091,1.12,1.40
2012.06.06 21:15:36.102,0.77028,0.77093,1.12,2.76
2012.06.06 21:15:50.000,0.77032,0.77092,1.12,1.07
2012.06.06 21:15:50.072,0.77034,0.77092,1.49,1.07
2012.06.06 21:15:50.141,0.77032,0.77092,1.13,1.07
2012.06.06 21:15:51.053,0.77029,0.77092,1.12,1.07
2012.06.06 21:15:51.184,0.77029,0.77092,1.12,1.07
2012.06.06 21:15:51.251,0.77029,0.77092,1.12,1.07
2012.06.06 21:15:51.903,0.77031,0.77092,1.12,1.07
2012.06.06 21:15:56.731,0.77032,0.77092,1.94,1.14
2012.06.06 21:15:57.102,0.77031,0.77092,1.87,1.14
2012.06.06 21:15:57.170,0.77031,0.77092,1.12,1.14
2012.06.06 21:16:02.794,0.77031,0.77092,1.12,1.07
2012.06.06 21:16:04.993,0.77027,0.77086,1.57,1.05
2012.06.06 21:16:05.603,0.77027,0.77084,1.57,1.14
2012.06.06 21:16:06.026,0.77027,0.77084,1.57,1.14
2012.06.06 21:16:06.738,0.77025,0.77084,1.57,1.52
2012.06.06 21:16:12.422,0.77029,0.77092,1.12,1.14
2012.06.06 21:16:12.530,0.77027,0.77088,1.12,1.52
2012.06.06 21:16:25.370,0.77027,0.77088,1.12,1.37
2012.06.06 21:16:26.492,0.7703,0.77093,1.12,2.86
2012.06.06 21:16:26.949,0.77033,0.77093,1.12,2.11
2012.06.06 21:16:27.080,0.77033,0.77092,1.12,1.07
2012.06.06 21:16:28.084,0.77031,0.77092,1.12,1.07
2012.06.06 21:16:30.762,0.77031,0.77094,1.12,2.12
2012.06.06 21:16:32.884,0.77035,0.77094,1.12,1.37
2012.06.06 21:16:34.529,0.77032,0.77093,1.12,1.74
2012.06.06 21:16:36.142,0.77032,0.77093,1.12,1.74
2012.06.06 21:16:45.099,0.77032,0.77093,1.12,1.74
2012.06.06 21:16:53.656,0.77032,0.77093,1.12,1.74
2012.06.06 21:16:53.971,0.77033,0.77093,1.57,1.52
2012.06.06 21:16:55.066,0.77033,0.77093,1.57,1.52
2012.06.06 21:16:56.304,0.77033,0.77093,1.57,1.52
2012.06.06 21:16:57.982,0.77033,0.77094,1.57,1.14
2012.06.06 21:17:03.237,0.77038,0.77099,1.57,1.14
2012.06.06 21:17:03.790,0.77033,0.77094,1.94,1.14
2012.06.06 21:17:04.985,0.77033,0.77094,1.94,1.14
2012.06.06 21:17:08.331,0.77039,0.77098,1.57,1.14
2012.06.06 21:17:08.459,0.77039,0.77098,1.57,1.14
2012.06.06 21:17:08.811,0.77037,0.77098,1.12,1.14
2012.06.06 21:17:14.025,0.77037,0.77098,1.12,1.14
2012.06.06 21:17:14.350,0.7704,0.77103,1.57,1.14
2012.06.06 21:17:15.971,0.7704,0.77103,1.57,1.14
2012.06.06 21:17:16.671,0.77044,0.77117,1.57,2.36
2012.06.06 21:17:16.742,0.77044,0.77119,1.57,2.33
2012.06.06 21:17:17.305,0.77044,0.77122,1.57,1.14
2012.06.06 21:17:17.857,0.7704,0.77123,1.57,1.50
2012.06.06 21:17:20.590,0.77039,0.77124,1.57,1.14
2012.06.06 21:17:20.845,0.77037,0.77132,1.12,1.13
2012.06.06 21:17:20.913,0.77037,0.77132,1.12,1.50
2012.06.06 21:17:24.022,0.77042,0.77132,1.12,1.50
2012.06.06 21:17:26.891,0.77042,0.77131,1.12,1.50
2012.06.06 21:17:33.423,0.7704,0.77129,1.57,1.13
2012.06.06 21:17:33.552,0.7704,0.77129,1.57,1.13
2012.06.06 21:17:35.735,0.7704,0.77129,1.57,1.82
2012.06.06 21:17:42.401,0.77041,0.77121,1.57,1.52
2012.06.06 21:17:42.771,0.77032,0.77119,1.12,1.14
2012.06.06 21:17:46.522,0.77037,0.77122,1.12,1.14
2012.06.06 21:17:57.971,0.77037,0.77122,1.12,1.52
2012.06.06 21:17:58.043,0.77037,0.77122,1.12,1.37
2012.06.06 21:18:01.915,0.77037,0.77122,1.12,1.37
2012.06.06 21:18:05.273,0.77032,0.77119,1.12,1.13
2012.06.06 21:18:06.757,0.77036,0.77122,1.12,1.37
2012.06.06 21:18:07.414,0.77032,0.77119,1.12,1.13
2012.06.06 21:18:08.464,0.77044,0.77119,1.12,1.13
2012.06.06 21:18:08.887,0.77047,0.77119,1.12,1.13
2012.06.06 21:18:10.516,0.77042,0.7712,1.12,1.14
2012.06.06 21:18:13.001,0.77042,0.7712,1.12,1.14
2012.06.06 21:18:15.262,0.77042,0.7712,1.12,1.14
2012.06.06 21:18:43.741,0.77042,0.7712,1.12,1.14
2012.06.06 21:18:48.103,0.77042,0.7712,1.12,1.14
2012.06.06 21:18:48.514,0.77042,0.77122,1.12,1.37
2012.06.06 21:18:48.640,0.77042,0.77122,1.12,1.37
2012.06.06 21:18:52.040,0.77047,0.77122,1.12,1.44
2012.06.06 21:18:54.165,0.77046,0.77119,1.94,1.13
2012.06.06 21:19:02.342,0.77046,0.77119,1.94,1.13
2012.06.06 21:19:03.752,0.77053,0.77119,1.57,1.13
2012.06.06 21:19:04.112,0.77043,0.77118,1.12,1.14
2012.06.06 21:19:04.272,0.77043,0.77119,1.12,1.13
2012.06.06 21:19:19.374,0.77052,0.7712,1.57,1.13
2012.06.06 21:19:22.382,0.77054,0.77119,1.57,1.13
2012.06.06 21:19:37.601,0.77049,0.77119,1.57,1.13
2012.06.06 21:19:37.911,0.77042,0.77113,1.57,1.50
2012.06.06 21:19:42.485,0.77042,0.77111,1.20,1.14
2012.06.06 21:19:42.552,0.77042,0.77113,1.57,1.50
2012.06.06 21:19:43.003,0.77054,0.77116,1.57,1.13
2012.06.06 21:19:43.071,0.77055,0.77119,1.57,1.35
2012.06.06 21:19:49.270,0.77055,0.77119,1.57,1.35
2012.06.06 21:19:53.433,0.77055,0.77119,1.57,1.73
2012.06.06 21:19:53.563,0.77055,0.77122,1.57,1.73
2012.06.06 21:19:53.633,0.77056,0.77125,1.57,1.14
2012.06.06 21:19:57.764,0.77059,0.77126,1.57,1.50
2012.06.06 21:20:03.633,0.77059,0.77124,1.57,1.13
2012.06.06 21:20:06.290,0.77053,0.77124,1.57,1.50
2012.06.06 21:20:12.480,0.77053,0.77124,1.57,1.50
2012.06.06 21:20:12.853,0.77054,0.77124,1.20,1.89
2012.06.06 21:20:12.982,0.77041,0.77124,1.12,1.89
2012.06.06 21:20:22.040,0.77041,0.77124,1.12,1.14
2012.06.06 21:20:24.174,0.77038,0.77124,1.12,1.14
2012.06.06 21:20:26.427,0.77038,0.77122,1.12,1.14
2012.06.06 21:20:26.492,0.77039,0.77121,1.12,1.14
2012.06.06 21:20:26.801,0.77039,0.77116,1.12,1.14
2012.06.06 21:20:28.601,0.77037,0.77116,1.49,1.14
2012.06.06 21:20:28.671,0.77037,0.77117,1.49,1.14
2012.06.06 21:20:30.002,0.77037,0.77117,1.49,1.14
2012.06.06 21:20:30.695,0.77041,0.77106,1.12,1.14
2012.06.06 21:20:34.060,0.77044,0.77106,1.12,1.14
2012.06.06 21:20:34.662,0.77047,0.77106,1.12,1.14
2012.06.06 21:20:44.240,0.77047,0.77107,1.12,1.14
2012.06.06 21:20:48.972,0.77049,0.77107,1.12,1.14
2012.06.06 21:20:50.383,0.77046,0.77107,1.12,1.14
2012.06.06 21:21:02.811,0.77046,0.77107,1.12,1.14
2012.06.06 21:21:19.151,0.77046,0.77106,1.12,1.14
2012.06.06 21:21:23.193,0.77045,0.77106,1.12,2.27
2012.06.06 21:21:24.278,0.77046,0.77106,1.12,2.27
2012.06.06 21:21:32.475,0.77043,0.77104,1.49,1.52
2012.06.06 21:21:35.926,0.77043,0.77102,1.49,1.14
2012.06.06 21:21:37.247,0.77043,0.77103,1.49,1.52
2012.06.06 21:21:39.997,0.77043,0.77102,1.49,1.14
2012.06.06 21:21:40.566,0.77043,0.77103,1.49,1.52
2012.06.06 21:21:44.344,0.77043,0.77103,1.49,1.52
2012.06.06 21:21:47.397,0.77044,0.77103,1.57,1.52
2012.06.06 21:21:47.820,0.77044,0.77103,1.57,1.52
2012.06.06 21:22:04.382,0.77044,0.77103,1.57,1.14
2012.06.06 21:22:05.253,0.77043,0.77103,1.49,1.14
2012.06.06 21:22:10.332,0.77042,0.77103,3.44,1.14
2012.06.06 21:22:10.881,0.77047,0.77103,2.24,1.14
2012.06.06 21:22:11.381,0.77053,0.77103,1.13,1.52
2012.06.06 21:22:11.692,0.77055,0.77103,1.13,1.89
2012.06.06 21:22:12.352,0.77055,0.77103,1.13,1.89
2012.06.06 21:22:15.265,0.77055,0.77103,1.13,1.50
2012.06.06 21:22:21.487,0.77055,0.77103,1.13,2.25
2012.06.06 21:22:21.761,0.77055,0.77103,1.13,1.50
2012.06.06 21:22:41.875,0.77059,0.77104,1.13,1.52
2012.06.06 21:22:42.472,0.77059,0.77104,1.13,1.14
2012.06.06 21:22:54.503,0.77062,0.77109,1.13,1.89
2012.06.06 21:22:54.931,0.77062,0.77109,1.13,1.14
2012.06.06 21:22:56.424,0.77064,0.77112,1.13,1.89
2012.06.06 21:23:11.405,0.77067,0.77113,1.13,1.89
2012.06.06 21:23:11.471,0.77067,0.77113,1.13,1.50
2012.06.06 21:23:11.543,0.77067,0.77113,1.13,1.13
2012.06.06 21:23:15.781,0.77067,0.77113,1.13,1.89
2012.06.06 21:23:21.875,0.77067,0.77111,1.13,1.14
2012.06.06 21:23:24.605,0.77067,0.77113,1.88,1.07
2012.06.06 21:23:24.794,0.77077,0.77123,1.13,1.52
2012.06.06 21:23:25.365,0.77077,0.77123,1.13,1.14
2012.06.06 21:23:35.123,0.77077,0.77123,1.13,1.14
2012.06.06 21:23:50.361,0.77078,0.77123,1.13,1.14
2012.06.06 21:23:53.452,0.77066,0.77125,1.49,1.74
2012.06.06 21:23:55.336,0.77066,0.77125,1.49,1.74
2012.06.06 21:23:57.636,0.77067,0.77125,1.12,1.74
2012.06.06 21:23:57.942,0.77082,0.77129,1.13,1.37
2012.06.06 21:23:58.252,0.77082,0.77129,1.13,1.37
2012.06.06 21:24:05.077,0.77082,0.77129,1.13,1.37
2012.06.06 21:24:08.633,0.77082,0.77126,1.13,1.14
2012.06.06 21:24:09.182,0.77081,0.77126,1.13,1.14
2012.06.06 21:24:09.608,0.77081,0.77129,1.13,1.14
2012.06.06 21:24:12.232,0.77078,0.77127,1.13,1.52
2012.06.06 21:24:12.302,0.77078,0.77127,1.13,1.89
2012.06.06 21:24:13.363,0.77078,0.77124,1.13,1.14
2012.06.06 21:24:20.557,0.77078,0.77119,1.13,1.20
2012.06.06 21:24:21.918,0.77078,0.77117,1.13,1.20
2012.06.06 21:24:27.901,0.77077,0.77117,1.20,1.20
2012.06.06 21:24:28.931,0.77075,0.77113,1.58,1.20
2012.06.06 21:24:30.310,0.77074,0.77113,1.13,1.20
2012.06.06 21:24:48.942,0.77074,0.77114,2.33,1.20
2012.06.06 21:24:58.743,0.77074,0.77111,1.20,1.13
2012.06.06 21:24:58.815,0.77067,0.77107,1.20,1.20
2012.06.06 21:25:07.904,0.7707,0.77107,1.13,1.20
2012.06.06 21:25:08.033,0.77071,0.77111,1.20,1.20
2012.06.06 21:25:13.746,0.77074,0.77116,2.33,1.20
2012.06.06 21:25:33.802,0.77076,0.77116,1.20,1.20
2012.06.06 21:25:56.220,0.77074,0.77116,1.20,1.20
2012.06.06 21:26:13.961,0.77074,0.77114,1.20,1.20
2012.06.06 21:26:14.031,0.77072,0.77113,1.13,1.20
2012.06.06 21:26:18.878,0.77071,0.77113,1.20,1.20
2012.06.06 21:26:20.259,0.7707,0.77109,1.20,1.20
2012.06.06 21:26:20.323,0.77067,0.77109,2.33,1.20
2012.06.06 21:26:20.662,0.77075,0.77111,1.13,1.20
2012.06.06 21:26:20.792,0.77075,0.77114,1.13,1.20
2012.06.06 21:26:40.851,0.77075,0.77115,2.33,1.20
2012.06.06 21:27:00.872,0.77076,0.77115,1.20,1.20
2012.06.06 21:27:01.143,0.77078,0.77118,1.20,2.34
2012.06.06 21:27:06.143,0.77078,0.77117,1.20,1.13
2012.06.06 21:27:06.211,0.77076,0.77112,1.20,1.20
2012.06.06 21:27:06.283,0.7707,0.77112,1.20,1.20
2012.06.06 21:27:26.217,0.77069,0.77109,1.20,1.20
2012.06.06 21:27:46.441,0.77071,0.77113,1.20,1.20
2012.06.06 21:27:49.062,0.77068,0.77108,1.20,1.20
2012.06.06 21:28:09.107,0.77066,0.77108,1.20,1.95
2012.06.06 21:28:29.190,0.77066,0.77106,1.20,1.20
2012.06.06 21:28:34.383,0.77066,0.77106,1.20,1.95
2012.06.06 21:28:34.573,0.77063,0.77102,1.13,1.20
2012.06.06 21:28:36.902,0.77063,0.77102,1.13,1.95
2012.06.06 21:28:38.161,0.77064,0.77102,1.13,1.95
2012.06.06 21:28:38.237,0.77065,0.77107,1.20,1.95
2012.06.06 21:28:38.412,0.77065,0.77107,1.20,1.20
2012.06.06 21:28:46.990,0.77068,0.77108,1.20,1.95
2012.06.06 21:28:47.331,0.77068,0.77111,1.20,2.70
2012.06.06 21:28:52.185,0.77065,0.77107,1.20,1.95
2012.06.06 21:28:58.243,0.77065,0.77107,1.20,1.20
2012.06.06 21:28:58.492,0.7707,0.7711,1.20,1.20
2012.06.06 21:29:05.005,0.77065,0.77105,1.20,1.20
2012.06.06 21:29:06.253,0.77069,0.77109,1.20,1.20
2012.06.06 21:29:09.157,0.77066,0.77112,1.20,1.20
2012.06.06 21:29:09.224,0.77061,0.77122,1.12,1.37
2012.06.06 21:29:15.060,0.77061,0.77122,1.12,1.37
2012.06.06 21:29:25.141,0.77061,0.77122,1.12,1.14
2012.06.06 21:29:27.329,0.77066,0.77114,1.57,1.20
2012.06.06 21:29:27.787,0.77068,0.77112,1.57,1.20
2012.06.06 21:29:31.113,0.77068,0.77112,1.20,1.20
2012.06.06 21:29:36.512,0.77065,0.77109,1.20,1.20
2012.06.06 21:29:45.334,0.77069,0.77109,1.20,1.20
2012.06.06 21:30:05.461,0.77067,0.77107,1.20,1.20
2012.06.06 21:30:25.473,0.77063,0.77106,1.20,1.20
2012.06.06 21:30:45.492,0.77064,0.77107,1.20,1.20
2012.06.06 21:30:56.225,0.77068,0.7711,1.20,1.20
2012.06.06 21:30:56.532,0.77068,0.7711,1.95,1.20
2012.06.06 21:31:02.607,0.77068,0.7711,1.20,1.20
2012.06.06 21:31:03.995,0.77073,0.77112,1.20,1.20
2012.06.06 21:31:04.541,0.77073,0.77113,1.20,1.20
2012.06.06 21:31:05.513,0.77073,0.77112,1.20,1.20
2012.06.06 21:31:05.582,0.77069,0.77109,1.20,1.20
2012.06.06 21:31:11.763,0.77062,0.77104,1.95,1.20
2012.06.06 21:31:17.676,0.77062,0.77104,1.20,1.20
2012.06.06 21:31:31.775,0.77062,0.77102,1.20,1.20
2012.06.06 21:31:40.937,0.77062,0.77102,1.95,1.20
2012.06.06 21:31:49.297,0.77062,0.77102,1.95,1.20
2012.06.06 21:31:51.803,0.77062,0.77104,1.95,1.20
2012.06.06 21:32:11.871,0.77061,0.77103,1.95,1.20
2012.06.06 21:32:16.576,0.77061,0.77103,1.95,1.20
2012.06.06 21:32:19.924,0.77061,0.77103,1.95,1.20
2012.06.06 21:33:02.900,0.77063,0.77103,1.95,1.20
2012.06.06 21:33:02.973,0.77063,0.77103,1.95,1.20
2012.06.06 21:33:03.540,0.77063,0.77103,1.95,1.20
2012.06.06 21:33:12.071,0.77064,0.77104,3.08,1.20
2012.06.06 21:34:00.714,0.77074,0.77112,1.35,1.59
2012.06.06 21:34:00.783,0.77074,0.77112,1.35,1.20
2012.06.06 21:34:00.914,0.77076,0.77118,1.95,1.20
2012.06.06 21:34:19.706,0.77075,0.77114,1.95,1.20
2012.06.06 21:34:43.454,0.77075,0.77114,1.12,1.20
2012.06.06 21:34:43.584,0.77075,0.77114,1.12,1.20
2012.06.06 21:34:43.713,0.77078,0.77114,1.87,1.20
2012.06.06 21:34:44.262,0.77081,0.77114,1.12,1.20
2012.06.06 21:34:44.332,0.77082,0.77122,1.95,1.20
2012.06.06 21:34:44.461,0.77085,0.77122,1.12,1.20
2012.06.06 21:34:49.374,0.77085,0.77122,1.12,1.20
2012.06.06 21:34:50.142,0.77085,0.77122,1.12,1.20
2012.06.06 21:35:03.445,0.77085,0.77122,1.12,1.20
2012.06.06 21:35:03.571,0.77085,0.77122,1.12,1.20
2012.06.06 21:35:03.643,0.77085,0.77122,1.12,1.20
2012.06.06 21:35:03.961,0.77085,0.77122,1.12,1.20
2012.06.06 21:35:04.621,0.77085,0.77123,1.12,1.20
2012.06.06 21:35:04.695,0.77083,0.77123,1.57,1.20
2012.06.06 21:35:05.225,0.77085,0.77123,1.12,1.20
2012.06.06 21:35:06.695,0.77085,0.77123,1.12,1.20
2012.06.06 21:35:08.247,0.77085,0.77123,1.12,1.20
2012.06.06 21:35:09.113,0.77085,0.77123,1.12,1.20
2012.06.06 21:35:13.431,0.77082,0.77119,1.42,1.20
2012.06.06 21:35:15.975,0.7708,0.77119,1.12,1.20
2012.06.06 21:35:18.625,0.77077,0.77119,2.32,1.20
2012.06.06 21:35:18.696,0.7708,0.77119,1.12,1.20
2012.06.06 21:35:22.358,0.7708,0.77119,1.12,1.20
2012.06.06 21:35:22.934,0.77078,0.77115,1.12,1.20
2012.06.06 21:35:29.682,0.77077,0.77115,1.12,1.20
2012.06.06 21:35:29.812,0.77082,0.77122,1.50,1.20
2012.06.06 21:35:30.514,0.77086,0.77122,1.12,1.20
2012.06.06 21:35:30.642,0.77087,0.77122,1.12,1.20
2012.06.06 21:35:31.288,0.77087,0.77122,1.12,1.20
2012.06.06 21:35:32.122,0.77087,0.77122,1.12,1.20
2012.06.06 21:35:33.333,0.77087,0.77122,1.12,1.20
2012.06.06 21:35:34.037,0.77087,0.77122,1.12,1.20
2012.06.06 21:35:35.859,0.77087,0.77122,1.12,1.20
2012.06.06 21:35:36.255,0.77089,0.77122,2.47,1.20
2012.06.06 21:35:36.641,0.77089,0.77122,2.47,1.20
2012.06.06 21:35:36.720,0.77087,0.77127,1.94,1.20
2012.06.06 21:35:36.793,0.77087,0.77123,1.94,1.20
2012.06.06 21:35:37.313,0.77086,0.77122,1.12,1.20
2012.06.06 21:35:37.442,0.77086,0.77126,1.12,1.20
2012.06.06 21:35:43.140,0.77086,0.77126,1.12,1.20
2012.06.06 21:35:44.065,0.77087,0.77126,1.34,1.20
2012.06.06 21:35:44.923,0.77086,0.77126,1.12,1.20
2012.06.06 21:35:46.564,0.77084,0.77126,1.57,1.20
2012.06.06 21:35:52.940,0.77086,0.77126,1.12,1.20
2012.06.06 21:35:53.011,0.77087,0.77126,1.34,1.20
2012.06.06 21:35:53.762,0.77091,0.77132,1.12,1.20
2012.06.06 21:35:53.953,0.77095,0.77135,1.95,1.20
2012.06.06 21:35:54.270,0.77099,0.77139,1.20,1.20
2012.06.06 21:35:54.827,0.77099,0.7715,1.20,1.20
2012.06.06 21:35:54.898,0.77102,0.77151,1.20,1.20
2012.06.06 21:36:05.180,0.77102,0.77151,1.57,1.20
2012.06.06 21:36:05.491,0.77102,0.77151,1.57,1.20
2012.06.06 21:36:12.886,0.77102,0.77151,1.57,1.20
2012.06.06 21:36:13.131,0.77107,0.7715,1.20,1.20
2012.06.06 21:36:13.442,0.77103,0.77146,1.20,1.20
2012.06.06 21:36:20.866,0.77103,0.77146,1.57,1.20
2012.06.06 21:36:21.113,0.77113,0.77156,1.20,1.20
2012.06.06 21:36:21.764,0.77109,0.77153,1.20,1.20
2012.06.06 21:36:41.510,0.77108,0.77152,1.20,1.20
2012.06.06 21:36:49.673,0.77106,0.77149,1.20,1.20
2012.06.06 21:36:49.745,0.77103,0.77149,1.20,1.20
2012.06.06 21:37:00.193,0.77103,0.77145,1.20,1.20
2012.06.06 21:37:00.266,0.77095,0.77144,1.57,1.20
2012.06.06 21:37:00.793,0.77095,0.77144,1.20,1.20
2012.06.06 21:37:20.321,0.77095,0.77143,1.20,1.20
2012.06.06 21:37:20.390,0.77092,0.77141,1.20,1.20
2012.06.06 21:37:40.155,0.77093,0.77142,1.20,1.20
2012.06.06 21:37:41.945,0.771,0.77142,1.12,1.20
2012.06.06 21:37:42.252,0.77107,0.77147,1.20,1.20
2012.06.06 21:37:42.324,0.77102,0.77144,1.95,1.20
2012.06.06 21:37:42.512,0.771,0.77141,1.20,1.20
2012.06.06 21:37:42.582,0.77092,0.77141,1.20,1.20
2012.06.06 21:37:44.671,0.77092,0.77141,1.95,1.20
2012.06.06 21:37:44.981,0.77103,0.77143,1.20,1.20
2012.06.06 21:37:45.293,0.77092,0.7714,1.12,1.20
2012.06.06 21:37:45.602,0.77092,0.7714,1.12,1.20
2012.06.06 21:37:51.660,0.77091,0.7714,1.95,1.20
2012.06.06 21:37:52.234,0.77099,0.77141,1.95,1.20
2012.06.06 21:37:52.812,0.77099,0.77141,1.95,1.20
2012.06.06 21:37:52.973,0.77099,0.77141,1.95,1.20
2012.06.06 21:37:54.909,0.77099,0.77141,1.95,1.20
2012.06.06 21:37:55.232,0.77108,0.77145,1.13,1.20
2012.06.06 21:37:58.802,0.77106,0.77145,1.88,1.20
2012.06.06 21:38:01.664,0.77106,0.77145,1.13,1.20
2012.06.06 21:38:15.263,0.77106,0.77143,1.13,1.20
2012.06.06 21:38:21.555,0.77112,0.77143,1.13,1.20
2012.06.06 21:38:21.742,0.77112,0.77151,2.63,1.20
2012.06.06 21:38:25.095,0.77115,0.77151,1.50,1.20
2012.06.06 21:38:25.406,0.77114,0.77151,1.12,1.95
2012.06.06 21:38:25.715,0.77108,0.77147,1.13,1.95
2012.06.06 21:38:25.784,0.77108,0.77146,1.13,1.20
2012.06.06 21:38:25.852,0.7711,0.77145,1.13,1.20
2012.06.06 21:38:26.054,0.77111,0.77148,1.13,1.20
2012.06.06 21:38:26.642,0.77111,0.77146,1.13,1.20
2012.06.06 21:38:26.951,0.77106,0.77145,1.13,1.20
2012.06.06 21:38:27.141,0.77104,0.77145,1.12,1.20
2012.06.06 21:38:27.343,0.77103,0.77141,1.13,1.20
2012.06.06 21:38:30.433,0.77103,0.7714,1.13,1.20
2012.06.06 21:38:30.569,0.77092,0.77137,1.12,1.20
2012.06.06 21:38:30.703,0.77091,0.77137,1.88,1.20
2012.06.06 21:38:30.894,0.77092,0.77137,1.12,1.20
2012.06.06 21:38:31.204,0.77099,0.77144,1.88,1.20
2012.06.06 21:38:34.144,0.77113,0.77144,1.13,1.20
2012.06.06 21:38:34.271,0.77114,0.77152,1.12,1.58
2012.06.06 21:38:34.803,0.77114,0.77152,1.12,1.20
2012.06.06 21:38:37.865,0.77108,0.77143,1.95,1.20
2012.06.06 21:38:38.272,0.77105,0.77144,2.24,1.20
2012.06.06 21:38:47.838,0.77105,0.77144,2.63,1.20
2012.06.06 21:38:47.964,0.77105,0.77144,1.87,1.95
2012.06.06 21:38:48.094,0.77105,0.77139,1.12,1.20
2012.06.06 21:38:49.634,0.77104,0.77139,1.88,1.20
2012.06.06 21:38:51.584,0.77104,0.77139,1.88,1.20
2012.06.06 21:38:57.997,0.77101,0.77139,1.88,1.20
2012.06.06 21:39:00.016,0.77103,0.77139,1.13,1.95
2012.06.06 21:39:01.118,0.77103,0.77139,1.88,1.20
2012.06.06 21:39:01.535,0.77103,0.77139,1.88,1.20
2012.06.06 21:39:01.959,0.77103,0.77139,1.88,1.20
2012.06.06 21:39:02.947,0.77103,0.77139,1.88,1.20
2012.06.06 21:39:07.963,0.77103,0.77138,1.88,1.20
2012.06.06 21:39:17.026,0.77103,0.77138,1.13,1.20
2012.06.06 21:39:45.452,0.77104,0.77138,1.13,1.20
2012.06.06 21:39:48.152,0.77104,0.77139,1.13,1.20
2012.06.06 21:39:49.818,0.77103,0.77139,1.13,1.20
2012.06.06 21:39:50.354,0.77103,0.77139,1.13,1.95
2012.06.06 21:39:52.883,0.77103,0.77139,1.13,1.20
2012.06.06 21:39:52.950,0.771,0.77139,1.12,1.20
2012.06.06 21:39:53.022,0.77099,0.77134,1.57,1.20
2012.06.06 21:39:53.468,0.77088,0.77133,1.13,1.59
2012.06.06 21:39:53.539,0.77081,0.77119,1.20,1.20
2012.06.06 21:39:53.663,0.77071,0.77119,1.57,1.20
2012.06.06 21:39:53.736,0.77068,0.77115,1.57,1.20
2012.06.06 21:39:53.865,0.77063,0.77116,1.57,1.20
2012.06.06 21:39:57.724,0.77067,0.7712,1.12,1.20
2012.06.06 21:39:58.374,0.77091,0.7712,1.13,1.20
2012.06.06 21:39:58.564,0.77091,0.77129,1.88,1.89
2012.06.06 21:39:59.052,0.77091,0.77129,1.13,1.20
2012.06.06 21:40:12.432,0.7708,0.7712,1.88,1.20
2012.06.06 21:40:12.692,0.7708,0.77117,1.88,1.20
2012.06.06 21:40:18.723,0.7708,0.77117,1.88,1.20
2012.06.06 21:40:21.771,0.77085,0.77118,1.88,1.20
2012.06.06 21:40:21.842,0.77085,0.77122,1.88,1.20
2012.06.06 21:40:26.694,0.77085,0.77122,1.88,1.20
2012.06.06 21:40:41.781,0.77085,0.77124,1.88,1.20
2012.06.06 21:40:41.915,0.77084,0.7712,1.12,1.13
2012.06.06 21:40:41.981,0.77082,0.7712,2.32,1.13
2012.06.06 21:40:42.051,0.77082,0.77116,1.57,1.20
2012.06.06 21:40:42.182,0.77073,0.77115,1.20,1.59
2012.06.06 21:40:42.372,0.77063,0.77103,1.12,1.20
2012.06.06 21:40:43.194,0.77063,0.77102,1.12,1.20
2012.06.06 21:40:43.264,0.77063,0.77105,1.12,1.20
2012.06.06 21:40:43.391,0.77067,0.77105,1.12,1.20
2012.06.06 21:40:43.464,0.77067,0.77108,1.12,1.20
2012.06.06 21:40:43.594,0.77067,0.7711,1.12,1.20
2012.06.06 21:40:43.671,0.77067,0.7711,1.12,1.20
2012.06.06 21:40:45.566,0.77067,0.7711,1.12,1.20
2012.06.06 21:40:45.889,0.77067,0.7711,1.12,1.20
2012.06.06 21:40:46.933,0.77097,0.7711,0.75,1.20
2012.06.06 21:40:47.423,0.77085,0.77124,1.88,1.59
2012.06.06 21:40:48.094,0.77085,0.77124,1.88,1.20
2012.06.06 21:40:50.146,0.77085,0.77124,1.88,1.20
2012.06.06 21:40:57.999,0.77085,0.77124,1.88,1.20
2012.06.06 21:41:03.032,0.77092,0.77129,1.12,1.20
2012.06.06 21:41:23.052,0.77093,0.77131,1.12,1.20
2012.06.06 21:41:27.366,0.77093,0.77131,1.12,1.20
2012.06.06 21:41:40.433,0.77093,0.77131,1.12,1.20
2012.06.06 21:41:41.427,0.77093,0.77131,1.12,1.20
2012.06.06 21:41:44.907,0.77093,0.77131,1.12,1.20
2012.06.06 21:41:52.912,0.77093,0.77131,1.12,1.20
2012.06.06 21:41:53.162,0.77097,0.77135,1.12,1.20
2012.06.06 21:41:53.617,0.77097,0.77127,1.12,1.13
2012.06.06 21:41:53.885,0.77072,0.77115,1.12,1.20
2012.06.06 21:41:54.413,0.77072,0.77115,1.12,1.20
2012.06.06 21:41:55.374,0.77072,0.77115,1.12,1.20
2012.06.06 21:41:57.422,0.77072,0.77119,1.57,1.20
2012.06.06 21:41:57.943,0.77072,0.77119,1.57,1.20
2012.06.06 21:42:05.095,0.77072,0.77119,1.57,1.20
2012.06.06 21:42:05.167,0.77072,0.77119,1.57,1.20
2012.06.06 21:42:17.232,0.77074,0.7712,1.57,2.40
2012.06.06 21:42:19.627,0.77072,0.77118,1.20,1.20
2012.06.06 21:42:20.140,0.77069,0.77118,1.57,1.20
2012.06.06 21:42:25.049,0.77069,0.77118,1.20,1.20
2012.06.06 21:42:36.931,0.77073,0.77121,1.20,1.20
2012.06.06 21:42:56.953,0.77074,0.77121,1.20,1.20
2012.06.06 21:43:26.069,0.77076,0.77121,1.20,1.20
2012.06.06 21:43:26.132,0.77078,0.77124,1.20,1.59
2012.06.06 21:43:32.311,0.77076,0.77121,1.20,1.20
2012.06.06 21:43:32.382,0.77073,0.77121,1.20,1.20
2012.06.06 21:43:52.430,0.77075,0.77121,1.20,1.20
2012.06.06 21:44:32.411,0.77076,0.77124,1.20,1.52
2012.06.06 21:44:35.314,0.77076,0.77124,1.20,1.52
2012.06.06 21:44:42.050,0.77076,0.77126,1.20,1.20
2012.06.06 21:44:42.180,0.77081,0.77126,1.20,1.52
2012.06.06 21:44:56.003,0.77081,0.77124,1.20,1.13
2012.06.06 21:44:56.192,0.77078,0.77124,1.20,1.13
2012.06.06 21:45:16.200,0.7708,0.77124,1.20,1.13
2012.06.06 21:45:45.169,0.77078,0.77124,1.20,1.52
2012.06.06 21:45:45.241,0.77076,0.77124,1.20,1.52
2012.06.06 21:45:47.472,0.77076,0.77118,1.20,2.10
2012.06.06 21:46:05.321,0.77077,0.77118,1.20,2.10
2012.06.06 21:46:14.901,0.77075,0.77114,1.20,1.80
2012.06.06 21:46:14.976,0.77067,0.77109,1.20,1.13
2012.06.06 21:46:34.913,0.77066,0.77109,1.95,1.13
2012.06.06 21:46:37.302,0.77066,0.77106,1.20,1.13
2012.06.06 21:46:38.454,0.77066,0.77106,1.95,1.13
2012.06.06 21:46:55.001,0.77068,0.77106,1.20,1.13
2012.06.06 21:47:49.503,0.77068,0.77107,1.20,1.13
2012.06.06 21:47:50.983,0.77068,0.77108,1.20,1.13
2012.06.06 21:47:51.310,0.77072,0.77108,1.20,1.13
2012.06.06 21:47:51.713,0.77082,0.77123,1.20,1.88
2012.06.06 21:47:52.026,0.77086,0.77123,1.20,1.13
2012.06.06 21:47:55.634,0.77086,0.77123,1.20,1.52
2012.06.06 21:47:55.785,0.77083,0.77122,1.20,1.52
2012.06.06 21:47:55.864,0.77083,0.77122,1.20,1.52
2012.06.06 21:47:55.995,0.77078,0.77122,1.20,1.52
2012.06.06 21:47:56.064,0.77083,0.77122,1.20,1.52
2012.06.06 21:48:05.074,0.77083,0.77122,1.20,1.52
2012.06.06 21:48:05.965,0.77083,0.7712,1.20,1.13
2012.06.06 21:48:06.593,0.77085,0.7712,1.20,1.13
2012.06.06 21:48:07.278,0.77086,0.7712,1.20,1.13
2012.06.06 21:48:23.322,0.77086,0.77118,1.20,1.13
2012.06.06 21:48:26.587,0.77085,0.77118,1.20,1.13
2012.06.06 21:48:51.823,0.77085,0.7712,1.20,1.13
2012.06.06 21:49:04.702,0.77085,0.77121,1.20,1.52
2012.06.06 21:49:06.535,0.77087,0.77121,1.20,1.13
2012.06.06 21:49:08.132,0.77087,0.77122,1.20,1.13
2012.06.06 21:49:30.475,0.77087,0.77121,1.20,1.13
2012.06.06 21:50:05.281,0.77087,0.77121,1.20,1.88
2012.06.06 21:50:05.354,0.77087,0.77121,1.20,1.13
2012.06.06 21:50:05.937,0.77087,0.7712,1.20,1.13
2012.06.06 21:50:06.592,0.77061,0.7712,2.62,1.13
2012.06.06 21:50:06.821,0.7709,0.7712,1.20,1.13
2012.06.06 21:50:11.382,0.7709,0.77128,1.57,1.50
2012.06.06 21:50:11.454,0.77099,0.77129,1.20,1.88
2012.06.06 21:50:11.644,0.77099,0.7713,1.20,1.13
2012.06.06 21:50:11.771,0.77099,0.77135,1.20,1.14
2012.06.06 21:50:22.884,0.77102,0.77136,1.20,1.14
2012.06.06 21:50:23.474,0.77102,0.77136,1.20,1.14
2012.06.06 21:50:27.661,0.77102,0.77136,1.20,1.14
2012.06.06 21:50:31.102,0.77102,0.77136,1.20,1.14
2012.06.06 21:50:36.112,0.77102,0.77136,1.20,1.14
2012.06.06 21:50:36.442,0.77102,0.77137,1.20,1.14
2012.06.06 21:50:42.960,0.77103,0.77137,1.20,1.14
2012.06.06 21:51:04.132,0.77103,0.7714,1.20,1.14
2012.06.06 21:51:04.262,0.77107,0.77141,1.20,1.89
2012.06.06 21:51:13.649,0.77107,0.77141,1.20,1.89
2012.06.06 21:51:20.394,0.77107,0.7714,1.20,1.14
2012.06.06 21:51:23.876,0.77107,0.77141,1.95,1.14
2012.06.06 21:51:32.679,0.77107,0.7714,1.20,1.14
2012.06.06 21:51:44.332,0.77106,0.7714,1.20,1.14
2012.06.06 21:52:04.284,0.77106,0.77138,1.20,1.50
2012.06.06 21:52:04.592,0.77106,0.77135,1.20,1.14
2012.06.06 21:52:04.663,0.771,0.77135,1.20,1.14
2012.06.06 21:52:17.708,0.771,0.77137,1.20,1.50
2012.06.06 21:52:18.145,0.771,0.77136,1.20,1.50
2012.06.06 21:52:35.464,0.771,0.77132,1.20,1.14
2012.06.06 21:52:35.533,0.77095,0.77132,1.20,1.14
2012.06.06 21:52:42.171,0.77095,0.77127,1.20,1.13
2012.06.06 21:52:47.576,0.771,0.77127,1.20,1.13
2012.06.06 21:52:47.704,0.771,0.77132,1.20,1.88
2012.06.06 21:52:48.214,0.771,0.77131,1.20,1.13
2012.06.06 21:52:52.263,0.771,0.77131,1.20,1.88
2012.06.06 21:52:55.575,0.771,0.77131,1.20,1.13
2012.06.06 21:53:02.526,0.77093,0.77131,1.95,1.88
2012.06.06 21:53:04.526,0.77093,0.77131,1.20,2.63
2012.06.06 21:53:18.416,0.77093,0.77128,1.20,1.13
2012.06.06 21:53:18.606,0.77089,0.77128,1.20,2.27
2012.06.06 21:53:19.185,0.77089,0.77128,1.20,2.27
2012.06.06 21:53:42.137,0.77089,0.77128,1.20,1.13
2012.06.06 21:53:58.783,0.7709,0.77128,1.20,1.88
2012.06.06 21:53:58.851,0.77093,0.77128,1.20,1.88
2012.06.06 21:54:07.095,0.77095,0.77128,1.20,1.88
2012.06.06 21:54:07.611,0.77096,0.77132,1.20,1.88
2012.06.06 21:54:39.235,0.77096,0.77132,1.20,1.88
2012.06.06 21:54:42.746,0.77096,0.77132,1.20,1.88
2012.06.06 21:54:45.141,0.77096,0.77132,1.20,1.88
2012.06.06 21:54:45.455,0.77096,0.77132,1.20,1.88
2012.06.06 21:54:46.055,0.77096,0.77132,1.20,1.88
2012.06.06 21:54:47.609,0.77096,0.77132,1.20,1.88
2012.06.06 21:55:00.276,0.77101,0.77132,1.20,1.88
2012.06.06 21:55:01.732,0.77099,0.77132,1.20,1.88
2012.06.06 21:55:01.801,0.77095,0.77132,1.20,1.88
2012.06.06 21:55:21.723,0.77094,0.77132,1.20,1.88
2012.06.06 21:55:41.762,0.77093,0.77132,1.20,1.88
2012.06.06 21:55:42.547,0.77093,0.77132,1.20,1.88
2012.06.06 21:55:42.613,0.77093,0.77132,1.20,1.88
2012.06.06 21:56:01.831,0.77092,0.77132,1.20,1.88
2012.06.06 21:56:12.176,0.77092,0.77132,1.20,1.88
2012.06.06 21:56:15.578,0.77092,0.77132,1.20,1.88
2012.06.06 21:56:22.012,0.77091,0.77132,1.20,1.88
2012.06.06 21:56:24.782,0.77087,0.77132,1.95,1.88
2012.06.06 21:56:24.912,0.7709,0.77132,1.20,1.88
2012.06.06 21:56:28.303,0.77087,0.77128,1.20,1.52
2012.06.06 21:56:29.163,0.77087,0.77128,1.20,1.52
2012.06.06 21:56:29.725,0.77087,0.77125,1.20,1.14
2012.06.06 21:56:31.775,0.77087,0.77128,1.20,2.27
2012.06.06 21:56:43.633,0.77091,0.77123,1.20,1.14
2012.06.06 21:56:44.185,0.77091,0.77123,1.20,1.14
2012.06.06 21:56:44.505,0.77088,0.77123,1.20,1.14
2012.06.06 21:56:44.574,0.7709,0.77123,1.20,1.14
2012.06.06 21:56:44.942,0.77088,0.77123,1.20,1.14
2012.06.06 21:56:45.192,0.77092,0.77123,1.20,1.14
2012.06.06 21:56:45.505,0.77092,0.77126,1.20,1.14
2012.06.06 21:56:45.908,0.77095,0.77126,1.20,1.14
2012.06.06 21:56:46.053,0.77095,0.77127,1.20,1.14
2012.06.06 21:56:46.124,0.77098,0.77133,1.20,2.27
2012.06.06 21:56:46.255,0.771,0.77133,1.20,1.14
2012.06.06 21:56:46.806,0.771,0.77134,1.20,1.14
2012.06.06 21:56:47.233,0.771,0.77137,1.20,1.52
2012.06.06 21:56:48.852,0.771,0.77138,1.20,1.14
2012.06.06 21:56:49.594,0.77104,0.77141,1.20,1.52
2012.06.06 21:56:52.653,0.77104,0.77136,1.20,2.27
2012.06.06 21:56:53.022,0.77104,0.77136,1.20,1.52
2012.06.06 21:57:09.992,0.77104,0.77136,1.20,1.52
2012.06.06 21:57:49.781,0.77103,0.77138,1.20,1.52
2012.06.06 21:57:51.807,0.77103,0.77138,1.20,1.52
2012.06.06 21:59:01.851,0.77103,0.77132,1.20,0.75
2012.06.06 21:59:29.904,0.771,0.77132,1.20,0.75
2012.06.06 21:59:29.970,0.77093,0.77132,0.37,0.75
2012.06.06 21:59:30.099,0.77101,0.77132,1.20,0.75
