2016.03.22 08:00:00.448,0.85392,0.85413,1.13,1.10
2016.03.22 08:00:00.499,0.85392,0.85413,1.03,1.50
2016.03.22 08:00:00.804,0.85389,0.85406,3.41,1.12
2016.03.22 08:00:01.020,0.85383,0.85403,1.00,1.75
2016.03.22 08:00:01.071,0.85376,0.85394,4.16,1.00
2016.03.22 08:00:01.225,0.85376,0.85398,2.79,1.12
2016.03.22 08:00:01.530,0.85376,0.85397,1.12,1.00
2016.03.22 08:00:01.581,0.85377,0.85393,1.10,1.00
2016.03.22 08:00:01.632,0.85378,0.85396,1.00,1.10
2016.03.22 08:00:01.815,0.85373,0.85396,2.62,1.12
2016.03.22 08:00:01.867,0.85372,0.85392,1.37,1.00
2016.03.22 08:00:01.919,0.85372,0.85392,1.00,1.10
2016.03.22 08:00:02.022,0.8537,0.85387,2.13,1.00
2016.03.22 08:00:02.175,0.85369,0.85387,1.10,1.00
2016.03.22 08:00:02.227,0.85366,0.85385,1.50,1.00
2016.03.22 08:00:02.380,0.85363,0.85383,1.00,1.12
2016.03.22 08:00:02.635,0.85361,0.85379,1.50,1.00
2016.03.22 08:00:02.686,0.85361,0.85378,1.00,1.00
2016.03.22 08:00:02.737,0.85361,0.85378,1.00,1.75
2016.03.22 08:00:02.941,0.85349,0.85368,1.12,1.10
2016.03.22 08:00:03.250,0.85343,0.85366,1.87,1.57
2016.03.22 08:00:03.304,0.85342,0.85361,1.50,1.50
2016.03.22 08:00:03.609,0.85337,0.85353,1.12,1.00
2016.03.22 08:00:03.811,0.85334,0.85353,1.12,1.00
2016.03.22 08:00:03.863,0.85336,0.85358,1.00,1.75
2016.03.22 08:00:04.083,0.85334,0.85355,1.00,1.12
2016.03.22 08:00:04.134,0.85332,0.85356,1.10,2.62
2016.03.22 08:00:04.539,0.85334,0.85354,1.00,1.75
2016.03.22 08:00:04.823,0.85342,0.85362,1.00,1.85
2016.03.22 08:00:04.875,0.85347,0.85367,1.00,1.12
2016.03.22 08:00:04.926,0.8535,0.85368,1.00,1.75
2016.03.22 08:00:04.977,0.85352,0.85369,1.00,1.75
2016.03.22 08:00:05.028,0.85352,0.85369,1.12,1.00
2016.03.22 08:00:05.231,0.85354,0.85369,1.12,1.00
2016.03.22 08:00:05.434,0.8535,0.85369,1.37,1.00
2016.03.22 08:00:05.587,0.85352,0.85369,1.37,1.50
2016.03.22 08:00:05.803,0.85352,0.85373,1.37,1.12
2016.03.22 08:00:05.956,0.85357,0.85375,1.00,1.12
2016.03.22 08:00:06.108,0.85358,0.85378,1.00,1.75
2016.03.22 08:00:06.363,0.85357,0.85379,1.12,1.12
2016.03.22 08:00:07.223,0.85359,0.85381,1.00,1.75
2016.03.22 08:00:07.501,0.85363,0.85385,1.00,1.75
2016.03.22 08:00:07.552,0.85363,0.85385,1.00,1.75
2016.03.22 08:00:08.087,0.85361,0.85383,1.12,1.12
2016.03.22 08:00:08.239,0.85359,0.85381,1.12,1.10
2016.03.22 08:00:08.341,0.85355,0.85379,1.12,1.00
2016.03.22 08:00:08.525,0.85353,0.85379,1.12,2.25
2016.03.22 08:00:08.737,0.85351,0.85375,1.37,1.50
2016.03.22 08:00:09.098,0.85349,0.85375,1.50,1.75
2016.03.22 08:00:09.835,0.85349,0.85374,1.12,1.50
2016.03.22 08:00:09.987,0.85349,0.85374,1.12,2.25
2016.03.22 08:00:10.491,0.85348,0.85366,1.50,1.37
2016.03.22 08:00:10.593,0.85346,0.85365,1.80,1.87
2016.03.22 08:00:10.745,0.85344,0.85363,1.72,1.50
2016.03.22 08:00:11.049,0.85341,0.85361,1.87,1.20
2016.03.22 08:00:11.353,0.85347,0.85364,1.00,1.87
2016.03.22 08:00:11.860,0.85351,0.85364,1.00,1.37
2016.03.22 08:00:11.962,0.85351,0.85368,1.00,1.50
2016.03.22 08:00:12.279,0.85352,0.85368,1.50,1.12
2016.03.22 08:00:12.582,0.8535,0.85364,1.47,1.37
2016.03.22 08:00:12.886,0.85353,0.85363,1.00,1.37
2016.03.22 08:00:13.294,0.85352,0.85366,1.87,1.12
2016.03.22 08:00:14.003,0.85354,0.85367,1.37,3.75
2016.03.22 08:00:14.054,0.85355,0.85369,1.37,1.37
2016.03.22 08:00:14.206,0.85356,0.85371,1.12,3.75
2016.03.22 08:00:14.258,0.85358,0.85373,1.37,1.47
2016.03.22 08:00:15.429,0.85356,0.85372,1.12,1.12
2016.03.22 08:00:15.480,0.85356,0.8537,1.37,1.37
2016.03.22 08:00:15.582,0.85354,0.85368,1.37,1.37
2016.03.22 08:00:15.936,0.85356,0.8537,1.35,1.12
2016.03.22 08:00:15.987,0.85359,0.85372,1.00,1.75
2016.03.22 08:00:16.038,0.85359,0.85372,1.00,1.00
2016.03.22 08:00:16.729,0.85359,0.85374,1.37,1.12
2016.03.22 08:00:16.831,0.8536,0.85374,1.97,1.37
2016.03.22 08:00:18.254,0.8536,0.85374,1.37,1.37
2016.03.22 08:00:18.587,0.85359,0.85371,1.30,1.12
2016.03.22 08:00:19.108,0.85359,0.85373,1.37,1.37
2016.03.22 08:00:19.747,0.8536,0.85374,1.12,1.12
2016.03.22 08:00:20.262,0.85361,0.85375,1.00,1.12
2016.03.22 08:00:20.675,0.85363,0.85376,1.87,3.75
2016.03.22 08:00:20.776,0.85369,0.85381,1.00,1.12
2016.03.22 08:00:21.283,0.85369,0.85384,1.12,1.37
2016.03.22 08:00:21.742,0.85371,0.85386,1.12,4.20
2016.03.22 08:00:21.794,0.85374,0.85386,1.00,1.10
2016.03.22 08:00:22.355,0.85371,0.85386,1.12,1.37
2016.03.22 08:00:22.406,0.85371,0.85385,1.37,1.37
2016.03.22 08:00:23.231,0.85372,0.85387,1.72,4.12
2016.03.22 08:00:23.282,0.85373,0.85387,1.37,1.37
2016.03.22 08:00:23.886,0.85373,0.85387,4.12,1.00
2016.03.22 08:00:24.090,0.85377,0.85391,1.37,1.37
2016.03.22 08:00:24.242,0.85378,0.85392,1.87,1.12
2016.03.22 08:00:24.293,0.8538,0.85392,1.00,1.00
2016.03.22 08:00:24.798,0.85378,0.85392,1.12,4.12
2016.03.22 08:00:24.849,0.85376,0.8539,1.12,1.12
2016.03.22 08:00:25.209,0.85375,0.8539,1.87,1.12
2016.03.22 08:00:25.664,0.85376,0.8539,1.37,1.37
2016.03.22 08:00:26.037,0.85372,0.85387,3.22,1.12
2016.03.22 08:00:26.730,0.85372,0.85385,1.30,1.37
2016.03.22 08:00:27.305,0.85371,0.85387,6.97,1.12
2016.03.22 08:00:27.356,0.85375,0.85387,1.00,1.00
2016.03.22 08:00:28.065,0.85375,0.85387,1.60,1.00
2016.03.22 08:00:28.167,0.85376,0.8539,1.72,1.37
2016.03.22 08:00:28.814,0.85376,0.85391,1.12,1.37
2016.03.22 08:00:29.320,0.85378,0.85392,1.37,1.37
2016.03.22 08:00:30.297,0.85378,0.85392,1.00,1.12
2016.03.22 08:00:30.653,0.85375,0.85387,1.00,1.00
2016.03.22 08:00:30.958,0.85373,0.85385,1.37,1.37
2016.03.22 08:00:31.262,0.8537,0.85383,1.50,1.12
2016.03.22 08:00:31.313,0.8537,0.85384,1.75,1.37
2016.03.22 08:00:31.704,0.85371,0.85386,1.12,1.37
2016.03.22 08:00:32.232,0.85373,0.85387,1.37,1.37
2016.03.22 08:00:33.301,0.85372,0.85387,1.87,1.12
2016.03.22 08:00:33.842,0.85372,0.85385,1.12,1.37
2016.03.22 08:00:35.005,0.85371,0.85386,1.87,1.37
2016.03.22 08:00:35.510,0.85373,0.85387,1.37,1.37
2016.03.22 08:00:39.041,0.85375,0.85387,1.00,1.56
2016.03.22 08:00:39.346,0.85378,0.85391,1.37,1.02
2016.03.22 08:00:40.259,0.85378,0.85391,1.37,1.02
2016.03.22 08:00:40.631,0.85374,0.85385,1.75,3.75
2016.03.22 08:00:40.683,0.85374,0.85382,1.00,1.37
2016.03.22 08:00:41.462,0.85368,0.8538,1.00,1.37
2016.03.22 08:00:42.569,0.85362,0.85374,1.95,1.12
2016.03.22 08:00:42.924,0.85362,0.85373,1.00,3.75
2016.03.22 08:00:43.076,0.85361,0.85373,1.14,1.00
2016.03.22 08:00:43.632,0.85364,0.85375,1.50,1.12
2016.03.22 08:00:43.734,0.85364,0.85379,1.87,1.77
2016.03.22 08:00:44.258,0.85366,0.8538,1.37,1.37
2016.03.22 08:00:44.663,0.85366,0.8538,4.12,1.00
2016.03.22 08:00:45.457,0.85366,0.85381,1.26,1.75
2016.03.22 08:00:45.508,0.85365,0.85379,1.51,1.37
2016.03.22 08:00:45.559,0.85364,0.85378,2.01,3.75
2016.03.22 08:00:45.861,0.85364,0.85373,1.26,1.37
2016.03.22 08:00:46.791,0.8536,0.85373,1.26,1.37
2016.03.22 08:00:47.650,0.8536,0.85373,1.89,1.00
2016.03.22 08:00:48.371,0.85362,0.85376,1.89,1.37
2016.03.22 08:00:48.675,0.85365,0.85377,1.00,1.00
2016.03.22 08:00:48.776,0.85366,0.8538,1.37,1.37
2016.03.22 08:00:49.491,0.85368,0.8538,1.00,1.37
2016.03.22 08:00:49.643,0.85368,0.85382,2.25,1.50
2016.03.22 08:00:49.897,0.85371,0.85383,1.00,1.12
2016.03.22 08:00:50.141,0.85373,0.85387,1.37,1.37
2016.03.22 08:00:50.203,0.85375,0.85388,1.50,1.12
2016.03.22 08:00:50.355,0.85377,0.8539,1.37,1.32
2016.03.22 08:00:50.558,0.85376,0.85389,1.00,1.00
2016.03.22 08:00:50.660,0.85374,0.85388,1.37,1.37
2016.03.22 08:00:53.059,0.85377,0.85388,1.00,1.37
2016.03.22 08:00:53.211,0.85374,0.85388,2.62,1.37
2016.03.22 08:00:53.371,0.85374,0.85389,5.62,1.37
2016.03.22 08:00:53.776,0.85374,0.85388,2.62,1.37
2016.03.22 08:00:53.878,0.85376,0.85386,1.00,1.37
2016.03.22 08:00:53.981,0.85377,0.85389,1.12,1.12
2016.03.22 08:00:54.032,0.85379,0.85391,1.00,4.50
2016.03.22 08:00:54.083,0.85379,0.85391,1.00,1.37
2016.03.22 08:00:54.237,0.85381,0.85391,1.00,1.00
2016.03.22 08:00:54.539,0.85385,0.85391,1.00,1.00
2016.03.22 08:00:54.691,0.85385,0.85394,1.00,1.37
2016.03.22 08:00:55.454,0.85388,0.85396,1.00,1.37
2016.03.22 08:00:55.657,0.85388,0.85399,1.00,2.70
2016.03.22 08:00:55.708,0.85388,0.85397,1.00,1.37
2016.03.22 08:00:56.012,0.8539,0.85399,1.00,1.12
2016.03.22 08:00:56.164,0.85388,0.85399,1.00,1.12
2016.03.22 08:00:56.331,0.8539,0.85399,1.00,1.12
2016.03.22 08:00:56.854,0.85389,0.85397,1.00,1.37
2016.03.22 08:00:57.158,0.85388,0.85394,1.00,1.37
2016.03.22 08:00:57.666,0.85387,0.85394,1.00,1.37
2016.03.22 08:00:58.477,0.85387,0.85395,1.00,1.37
2016.03.22 08:00:58.984,0.85387,0.85396,1.00,1.37
2016.03.22 08:00:59.088,0.85387,0.854,1.12,1.87
2016.03.22 08:00:59.587,0.85394,0.854,1.00,1.37
2016.03.22 08:00:59.890,0.85394,0.85398,1.00,1.12
2016.03.22 08:00:59.992,0.85394,0.85401,1.00,1.37
2016.03.22 08:01:00.196,0.85396,0.85401,1.00,1.37
2016.03.22 08:01:00.297,0.85395,0.85403,1.00,1.37
2016.03.22 08:01:00.682,0.85392,0.85403,1.00,1.37
2016.03.22 08:01:00.835,0.85391,0.85402,1.00,1.12
2016.03.22 08:01:00.887,0.85386,0.854,1.56,1.87
2016.03.22 08:01:00.989,0.85384,0.85398,3.89,1.37
2016.03.22 08:01:01.927,0.85386,0.85397,1.18,1.37
2016.03.22 08:01:02.129,0.85385,0.85397,1.37,1.75
2016.03.22 08:01:02.180,0.85382,0.85394,2.39,1.37
2016.03.22 08:01:02.900,0.85384,0.85396,1.12,1.12
2016.03.22 08:01:03.255,0.85386,0.85396,1.00,1.12
2016.03.22 08:01:03.473,0.85386,0.854,1.87,1.47
2016.03.22 08:01:03.979,0.85388,0.854,1.50,1.37
2016.03.22 08:01:04.233,0.85388,0.85402,2.62,1.37
2016.03.22 08:01:04.641,0.85391,0.85402,1.00,1.37
2016.03.22 08:01:05.510,0.85391,0.85405,2.25,1.12
2016.03.22 08:01:05.561,0.85394,0.85405,1.00,1.00
2016.03.22 08:01:06.076,0.85393,0.85405,1.50,1.00
2016.03.22 08:01:06.380,0.85393,0.85405,1.12,1.12
2016.03.22 08:01:06.803,0.85391,0.85404,1.12,1.37
2016.03.22 08:01:07.311,0.85392,0.85404,1.00,1.37
2016.03.22 08:01:07.514,0.85393,0.85404,1.50,1.00
2016.03.22 08:01:08.402,0.85393,0.85405,1.12,1.37
2016.03.22 08:01:08.760,0.85393,0.85406,1.12,1.37
2016.03.22 08:01:09.693,0.85394,0.85406,1.00,1.37
2016.03.22 08:01:10.218,0.85395,0.85406,1.00,1.37
2016.03.22 08:01:11.273,0.85394,0.85406,1.00,1.37
2016.03.22 08:01:11.425,0.85392,0.85404,1.12,1.12
2016.03.22 08:01:11.579,0.8539,0.85401,1.38,1.00
2016.03.22 08:01:11.972,0.85393,0.85401,1.00,1.00
2016.03.22 08:01:12.226,0.85394,0.85405,1.00,1.87
2016.03.22 08:01:12.277,0.85398,0.85405,1.00,1.37
2016.03.22 08:01:12.329,0.85399,0.85411,1.12,1.12
2016.03.22 08:01:12.484,0.85406,0.85413,1.00,1.46
2016.03.22 08:01:12.587,0.85409,0.8542,1.00,1.12
2016.03.22 08:01:12.791,0.85411,0.8542,1.00,1.12
2016.03.22 08:01:12.843,0.85411,0.85423,1.50,1.00
2016.03.22 08:01:14.959,0.85413,0.85423,1.00,1.00
2016.03.22 08:01:15.378,0.85411,0.85423,1.50,1.00
2016.03.22 08:01:15.530,0.85411,0.85422,1.00,1.37
2016.03.22 08:01:15.834,0.8541,0.85419,1.00,1.37
2016.03.22 08:01:15.885,0.85406,0.85419,1.77,1.37
2016.03.22 08:01:15.936,0.85406,0.85418,1.65,1.12
2016.03.22 08:01:16.190,0.85405,0.85418,1.00,1.12
2016.03.22 08:01:16.241,0.85405,0.85415,1.00,1.37
2016.03.22 08:01:16.292,0.85402,0.85415,1.12,1.37
2016.03.22 08:01:16.344,0.85402,0.85413,1.00,1.37
2016.03.22 08:01:16.546,0.854,0.85413,1.12,1.37
2016.03.22 08:01:17.202,0.85401,0.85413,1.00,1.37
2016.03.22 08:01:18.471,0.85399,0.85413,1.87,1.37
2016.03.22 08:01:19.128,0.854,0.85413,1.50,1.12
2016.03.22 08:01:19.695,0.85399,0.85411,1.00,1.37
2016.03.22 08:01:20.684,0.854,0.85411,1.00,1.37
2016.03.22 08:01:21.189,0.85399,0.85411,1.00,1.37
2016.03.22 08:01:21.492,0.85402,0.85411,1.00,1.37
2016.03.22 08:01:21.976,0.85403,0.85413,1.00,1.00
2016.03.22 08:01:22.515,0.85404,0.85413,1.00,1.00
2016.03.22 08:01:22.768,0.85404,0.85416,1.00,1.42
2016.03.22 08:01:23.292,0.85405,0.85416,1.00,1.37
2016.03.22 08:01:23.907,0.85404,0.85416,1.00,1.37
2016.03.22 08:01:24.458,0.85401,0.85412,1.65,1.37
2016.03.22 08:01:24.963,0.854,0.85411,1.65,1.37
2016.03.22 08:01:25.812,0.85399,0.85411,1.40,1.37
2016.03.22 08:01:26.318,0.85399,0.85412,2.52,1.37
2016.03.22 08:01:26.864,0.854,0.85412,1.00,1.37
2016.03.22 08:01:27.168,0.85402,0.85416,1.37,1.50
2016.03.22 08:01:27.270,0.85405,0.85417,1.00,1.04
2016.03.22 08:01:29.173,0.85407,0.85419,1.00,1.00
2016.03.22 08:01:29.477,0.85409,0.85419,1.00,1.00
2016.03.22 08:01:29.629,0.8541,0.85422,1.12,1.37
2016.03.22 08:01:30.179,0.85411,0.85424,1.00,1.12
2016.03.22 08:01:32.148,0.85411,0.85423,1.79,1.00
2016.03.22 08:01:33.463,0.85411,0.85426,4.16,1.87
2016.03.22 08:01:33.982,0.85414,0.85426,1.00,1.00
2016.03.22 08:01:34.883,0.85412,0.85424,1.00,1.00
2016.03.22 08:01:36.660,0.85412,0.85422,1.00,1.00
2016.03.22 08:01:36.813,0.85407,0.85419,1.00,1.37
2016.03.22 08:01:37.319,0.85408,0.85419,1.60,1.37
2016.03.22 08:01:37.623,0.85409,0.85421,1.72,1.37
2016.03.22 08:01:38.352,0.85409,0.85424,4.72,4.95
2016.03.22 08:01:38.403,0.85412,0.85424,1.00,1.50
2016.03.22 08:01:38.454,0.8541,0.85424,1.12,1.87
2016.03.22 08:01:38.505,0.85409,0.85423,1.72,1.37
2016.03.22 08:01:38.555,0.85409,0.85424,4.72,1.87
2016.03.22 08:01:38.808,0.85409,0.85423,1.72,1.37
2016.03.22 08:01:39.989,0.85411,0.85425,1.12,1.95
2016.03.22 08:01:40.585,0.8541,0.85424,1.50,1.37
2016.03.22 08:01:41.192,0.85409,0.85422,1.72,1.37
2016.03.22 08:01:41.956,0.85408,0.85421,2.47,3.75
2016.03.22 08:01:42.576,0.85406,0.85419,1.67,1.12
2016.03.22 08:01:43.385,0.85408,0.85419,1.00,1.87
2016.03.22 08:01:43.889,0.85408,0.8542,1.12,1.87
2016.03.22 08:01:44.435,0.85407,0.85421,1.50,1.87
2016.03.22 08:01:45.236,0.85409,0.8542,1.00,1.12
2016.03.22 08:01:45.793,0.85408,0.8542,1.00,1.50
2016.03.22 08:01:46.494,0.85407,0.85419,1.50,1.50
2016.03.22 08:01:46.546,0.85406,0.85419,1.72,1.87
2016.03.22 08:01:46.800,0.85406,0.85417,1.35,1.75
2016.03.22 08:01:47.053,0.85404,0.85417,3.97,1.12
2016.03.22 08:01:47.557,0.85405,0.85417,1.30,1.12
2016.03.22 08:01:48.261,0.85406,0.85416,1.00,1.00
2016.03.22 08:01:48.362,0.85403,0.85415,1.00,1.50
2016.03.22 08:01:48.464,0.85402,0.85413,2.47,1.00
2016.03.22 08:01:48.970,0.85403,0.85414,1.72,1.50
2016.03.22 08:01:49.274,0.85406,0.85416,1.35,1.37
2016.03.22 08:01:49.638,0.85406,0.85418,1.35,1.37
2016.03.22 08:01:50.063,0.85408,0.85418,1.00,1.37
2016.03.22 08:01:52.062,0.85409,0.85418,1.00,1.37
2016.03.22 08:01:52.163,0.85409,0.8542,1.00,1.37
2016.03.22 08:01:52.712,0.8541,0.8542,1.00,1.37
2016.03.22 08:01:53.218,0.85407,0.8542,1.12,1.87
2016.03.22 08:01:53.319,0.85406,0.85417,1.30,1.50
2016.03.22 08:01:53.472,0.85405,0.85417,2.10,1.50
2016.03.22 08:01:54.040,0.85405,0.85416,1.60,1.00
2016.03.22 08:01:54.496,0.85404,0.85415,1.37,1.50
2016.03.22 08:01:54.598,0.85401,0.85414,2.47,1.50
2016.03.22 08:01:54.649,0.854,0.85411,1.37,1.00
2016.03.22 08:01:55.108,0.85398,0.85409,1.12,1.00
2016.03.22 08:01:55.616,0.85399,0.85411,1.50,1.50
2016.03.22 08:01:56.163,0.85401,0.85411,1.00,1.50
2016.03.22 08:01:56.316,0.85402,0.85413,1.00,1.37
2016.03.22 08:01:56.822,0.85402,0.85414,1.00,1.37
2016.03.22 08:01:57.025,0.854,0.85411,1.37,1.00
2016.03.22 08:01:57.185,0.85399,0.85411,1.00,1.50
2016.03.22 08:01:58.045,0.85399,0.8541,1.00,1.00
2016.03.22 08:01:58.738,0.85399,0.85411,1.00,1.50
2016.03.22 08:01:58.892,0.85399,0.85411,1.87,1.12
2016.03.22 08:01:59.237,0.85401,0.85414,1.87,1.00
2016.03.22 08:01:59.745,0.85403,0.85414,1.87,1.00
2016.03.22 08:02:00.341,0.85403,0.85413,1.37,1.00
2016.03.22 08:02:00.443,0.85402,0.8541,1.37,1.00
2016.03.22 08:02:00.544,0.85399,0.85409,1.77,1.00
2016.03.22 08:02:01.050,0.85399,0.85409,1.40,1.00
2016.03.22 08:02:01.532,0.85397,0.85409,1.50,1.00
2016.03.22 08:02:01.633,0.85397,0.8541,1.87,1.37
2016.03.22 08:02:02.809,0.85399,0.8541,1.37,1.00
2016.03.22 08:02:03.315,0.85402,0.85411,1.00,1.00
2016.03.22 08:02:03.619,0.85403,0.85412,1.12,1.12
2016.03.22 08:02:03.952,0.85403,0.85417,1.87,1.87
2016.03.22 08:02:04.719,0.85403,0.85416,1.12,1.87
2016.03.22 08:02:04.822,0.85404,0.85418,1.12,3.00
2016.03.22 08:02:04.873,0.85404,0.85415,1.12,1.00
2016.03.22 08:02:05.177,0.854,0.85412,1.00,1.37
2016.03.22 08:02:05.686,0.85399,0.85412,1.16,1.87
2016.03.22 08:02:06.198,0.854,0.85412,1.00,1.37
2016.03.22 08:02:06.552,0.85397,0.8541,1.12,1.87
2016.03.22 08:02:07.582,0.85398,0.8541,1.00,1.87
2016.03.22 08:02:07.979,0.85398,0.85411,1.87,1.12
2016.03.22 08:02:08.485,0.85398,0.8541,1.87,1.00
2016.03.22 08:02:08.637,0.85398,0.8541,1.12,1.75
2016.03.22 08:02:09.143,0.85397,0.85409,1.12,1.87
2016.03.22 08:02:09.654,0.85401,0.85408,1.00,1.37
2016.03.22 08:02:09.756,0.85401,0.85412,1.87,1.00
2016.03.22 08:02:09.859,0.85404,0.85413,2.05,1.00
2016.03.22 08:02:10.362,0.85401,0.85413,1.12,1.12
2016.03.22 08:02:10.870,0.85401,0.85414,1.37,1.12
2016.03.22 08:02:11.423,0.85401,0.85414,1.50,1.50
2016.03.22 08:02:12.084,0.85403,0.85414,1.00,1.37
2016.03.22 08:02:12.887,0.85402,0.85414,1.00,1.87
2016.03.22 08:02:13.342,0.85399,0.85413,3.50,1.75
2016.03.22 08:02:13.656,0.85397,0.8541,1.16,1.87
2016.03.22 08:02:14.377,0.85397,0.8541,1.12,1.37
2016.03.22 08:02:14.429,0.85399,0.85412,1.50,1.18
2016.03.22 08:02:14.683,0.85402,0.85414,1.00,3.14
2016.03.22 08:02:14.835,0.85401,0.85416,2.47,1.87
2016.03.22 08:02:14.987,0.85403,0.85416,1.12,1.50
2016.03.22 08:02:15.372,0.85403,0.85417,2.73,1.12
2016.03.22 08:02:15.574,0.85403,0.85415,1.14,1.37
2016.03.22 08:02:15.878,0.85399,0.85411,2.58,1.37
2016.03.22 08:02:16.204,0.854,0.8541,1.03,1.37
2016.03.22 08:02:16.255,0.85399,0.85412,1.16,1.75
2016.03.22 08:02:16.660,0.85399,0.85411,1.50,1.00
2016.03.22 08:02:17.116,0.85401,0.85411,1.60,1.00
2016.03.22 08:02:17.293,0.85404,0.85418,1.87,1.87
2016.03.22 08:02:19.010,0.85406,0.85418,1.00,1.37
2016.03.22 08:02:19.213,0.85406,0.8542,1.87,1.87
2016.03.22 08:02:20.270,0.85408,0.8542,1.00,1.37
2016.03.22 08:02:20.771,0.85409,0.8542,1.00,1.00
2016.03.22 08:02:21.278,0.85409,0.85421,1.50,1.00
2016.03.22 08:02:21.531,0.85409,0.85421,4.35,1.00
2016.03.22 08:02:21.764,0.85412,0.85425,1.72,1.87
2016.03.22 08:02:22.274,0.85414,0.85425,1.00,1.37
2016.03.22 08:02:22.826,0.85415,0.85425,1.00,1.37
2016.03.22 08:02:23.244,0.85413,0.85425,1.35,1.37
2016.03.22 08:02:27.922,0.85414,0.85425,1.00,1.37
2016.03.22 08:02:29.131,0.85412,0.85425,1.72,1.87
2016.03.22 08:02:29.731,0.85414,0.85425,1.00,1.37
2016.03.22 08:02:30.069,0.85414,0.85426,1.50,1.00
2016.03.22 08:02:30.121,0.85415,0.85427,1.50,1.37
2016.03.22 08:02:30.628,0.85417,0.85427,1.12,1.12
2016.03.22 08:02:31.038,0.85417,0.8543,1.12,1.87
2016.03.22 08:02:31.291,0.85416,0.85427,1.37,1.00
2016.03.22 08:02:31.494,0.85414,0.85426,1.00,1.87
2016.03.22 08:02:32.112,0.85415,0.85425,1.00,1.12
2016.03.22 08:02:32.221,0.85413,0.85425,1.72,1.12
2016.03.22 08:02:32.322,0.85415,0.85425,1.00,1.12
2016.03.22 08:02:32.854,0.85415,0.85427,1.12,1.12
2016.03.22 08:02:33.006,0.85417,0.85427,1.00,1.12
2016.03.22 08:02:33.428,0.85415,0.85428,1.87,1.75
2016.03.22 08:02:33.934,0.85414,0.85426,1.50,1.50
2016.03.22 08:02:34.237,0.85413,0.85423,1.12,1.00
2016.03.22 08:02:34.751,0.85413,0.85425,1.87,1.12
2016.03.22 08:02:36.937,0.85414,0.85425,1.00,1.50
2016.03.22 08:02:37.139,0.85415,0.85426,1.37,1.00
2016.03.22 08:02:37.645,0.85414,0.85426,1.50,1.50
2016.03.22 08:02:37.747,0.85416,0.85426,1.00,1.50
2016.03.22 08:02:38.280,0.85415,0.85426,1.00,1.00
2016.03.22 08:02:38.635,0.85415,0.85427,1.87,1.12
2016.03.22 08:02:38.736,0.85414,0.85426,1.50,1.50
2016.03.22 08:02:39.342,0.85414,0.85425,1.00,1.00
2016.03.22 08:02:40.306,0.85412,0.85425,1.75,1.50
2016.03.22 08:02:40.360,0.85411,0.85423,1.12,1.12
2016.03.22 08:02:40.866,0.85411,0.85421,1.12,1.00
2016.03.22 08:02:41.421,0.85412,0.85422,1.00,1.00
2016.03.22 08:02:41.725,0.85411,0.85424,1.87,1.00
2016.03.22 08:02:42.263,0.85412,0.85425,1.12,1.12
2016.03.22 08:02:42.771,0.85411,0.85424,1.87,1.00
2016.03.22 08:02:43.283,0.85413,0.85424,1.00,1.00
2016.03.22 08:02:43.789,0.85412,0.85425,1.12,1.12
2016.03.22 08:02:44.825,0.85413,0.85425,1.00,1.12
2016.03.22 08:02:45.280,0.85412,0.85424,1.00,1.37
2016.03.22 08:02:47.054,0.85412,0.85425,1.50,1.50
2016.03.22 08:02:47.370,0.85411,0.85423,1.50,1.00
2016.03.22 08:02:47.889,0.85412,0.85423,1.00,1.50
2016.03.22 08:02:48.427,0.85413,0.85425,4.50,1.75
2016.03.22 08:02:48.478,0.85417,0.85429,1.00,1.10
2016.03.22 08:02:50.550,0.85417,0.85428,1.00,1.00
2016.03.22 08:02:50.651,0.85414,0.85427,1.00,1.87
2016.03.22 08:02:50.854,0.85415,0.85427,1.00,1.50
2016.03.22 08:02:51.962,0.85415,0.85426,1.00,1.00
2016.03.22 08:02:52.666,0.85414,0.85426,1.30,1.12
2016.03.22 08:02:54.466,0.85414,0.85425,1.30,1.00
2016.03.22 08:02:54.670,0.85411,0.85423,1.35,1.50
2016.03.22 08:02:54.772,0.85409,0.85421,1.72,1.12
2016.03.22 08:02:55.231,0.85408,0.85419,1.37,1.00
2016.03.22 08:02:55.738,0.85408,0.8542,1.37,1.00
2016.03.22 08:02:59.602,0.85408,0.85421,1.87,1.12
2016.03.22 08:02:59.991,0.85409,0.8542,1.12,1.50
2016.03.22 08:03:00.092,0.8541,0.85422,1.00,1.37
2016.03.22 08:03:00.617,0.85408,0.8542,1.87,1.00
2016.03.22 08:03:01.074,0.8541,0.8542,1.37,1.00
2016.03.22 08:03:01.175,0.85412,0.85422,1.00,1.00
2016.03.22 08:03:01.704,0.85411,0.85424,1.12,1.87
2016.03.22 08:03:03.566,0.8541,0.85421,1.87,1.00
2016.03.22 08:03:03.883,0.8541,0.85415,1.00,1.37
2016.03.22 08:03:04.392,0.85409,0.85416,1.00,1.87
2016.03.22 08:03:05.253,0.85403,0.85416,1.50,1.87
2016.03.22 08:03:05.405,0.85405,0.85417,1.12,1.12
2016.03.22 08:03:05.507,0.85406,0.85419,1.87,1.12
2016.03.22 08:03:06.020,0.85408,0.85418,1.00,1.00
2016.03.22 08:03:06.552,0.85406,0.85419,1.87,1.12
2016.03.22 08:03:06.906,0.85406,0.85418,1.00,1.37
2016.03.22 08:03:07.437,0.85404,0.85416,1.37,1.00
2016.03.22 08:03:07.742,0.85404,0.85414,1.87,1.00
2016.03.22 08:03:07.843,0.85405,0.85417,1.12,1.12
2016.03.22 08:03:08.970,0.85404,0.85416,1.87,1.00
2016.03.22 08:03:14.293,0.85404,0.85417,1.87,1.12
2016.03.22 08:03:15.246,0.85406,0.85417,1.37,1.00
2016.03.22 08:03:15.766,0.85407,0.85417,1.00,1.37
2016.03.22 08:03:16.271,0.85407,0.85417,1.12,1.00
2016.03.22 08:03:16.851,0.85406,0.85418,1.37,1.00
2016.03.22 08:03:17.155,0.85405,0.85417,1.50,1.37
2016.03.22 08:03:17.358,0.85404,0.85417,1.87,1.87
2016.03.22 08:03:17.859,0.85404,0.85415,1.87,1.00
2016.03.22 08:03:18.921,0.85402,0.85415,1.50,1.12
2016.03.22 08:03:18.972,0.85402,0.85414,1.00,1.37
2016.03.22 08:03:19.377,0.85401,0.85412,1.00,1.37
2016.03.22 08:03:19.951,0.85398,0.85412,4.87,1.75
2016.03.22 08:03:20.002,0.85398,0.85411,1.12,1.37
2016.03.22 08:03:21.372,0.85396,0.85409,1.12,1.37
2016.03.22 08:03:22.383,0.85395,0.85407,1.72,1.00
2016.03.22 08:03:22.585,0.85393,0.85407,1.87,1.87
2016.03.22 08:03:23.059,0.85393,0.85405,1.12,1.87
2016.03.22 08:03:23.695,0.85389,0.85403,1.87,1.87
2016.03.22 08:03:23.797,0.85388,0.85399,1.50,1.37
2016.03.22 08:03:24.101,0.85385,0.85398,1.72,1.37
2016.03.22 08:03:24.602,0.85386,0.85398,1.00,1.37
2016.03.22 08:03:26.434,0.85387,0.85398,1.00,1.37
2016.03.22 08:03:27.027,0.85385,0.85398,1.72,1.87
2016.03.22 08:03:27.692,0.85386,0.85398,1.00,1.37
2016.03.22 08:03:28.240,0.85385,0.85398,1.12,1.87
2016.03.22 08:03:28.806,0.85386,0.85398,1.00,1.37
2016.03.22 08:03:30.015,0.85388,0.85399,1.00,1.00
2016.03.22 08:03:30.605,0.85388,0.85398,1.50,1.00
2016.03.22 08:03:30.807,0.85388,0.854,1.50,1.18
2016.03.22 08:03:30.909,0.8539,0.85401,1.37,1.26
2016.03.22 08:03:31.321,0.85392,0.85403,1.12,2.01
2016.03.22 08:03:31.519,0.85394,0.85403,1.00,1.26
2016.03.22 08:03:32.025,0.85396,0.85403,1.12,1.26
2016.03.22 08:03:32.456,0.85396,0.85407,1.37,1.00
2016.03.22 08:03:32.967,0.85396,0.85408,1.87,1.18
2016.03.22 08:03:33.120,0.854,0.85409,1.00,1.26
2016.03.22 08:03:33.482,0.85402,0.85409,1.37,1.26
2016.03.22 08:03:33.971,0.85402,0.85413,1.37,1.14
2016.03.22 08:03:34.670,0.854,0.85412,1.37,1.18
2016.03.22 08:03:35.126,0.854,0.8541,1.87,1.00
2016.03.22 08:03:35.727,0.854,0.85412,1.87,1.18
2016.03.22 08:03:36.237,0.854,0.85411,1.37,1.00
2016.03.22 08:03:36.936,0.85398,0.85411,2.47,1.50
2016.03.22 08:03:37.241,0.85396,0.85409,1.12,1.87
2016.03.22 08:03:37.800,0.85395,0.85407,1.87,1.00
2016.03.22 08:03:38.932,0.85395,0.85408,1.87,1.12
2016.03.22 08:03:39.436,0.85395,0.85408,1.12,1.87
2016.03.22 08:03:39.946,0.85393,0.85404,1.12,1.00
2016.03.22 08:03:40.150,0.85391,0.85403,1.37,1.50
2016.03.22 08:03:40.561,0.85389,0.85402,1.87,1.12
2016.03.22 08:03:41.739,0.85389,0.85401,1.87,1.00
2016.03.22 08:03:41.941,0.85388,0.854,2.25,1.00
2016.03.22 08:03:42.194,0.85391,0.854,1.00,1.00
2016.03.22 08:03:42.498,0.85395,0.85407,1.37,1.41
2016.03.22 08:03:42.959,0.85397,0.85409,1.37,3.41
2016.03.22 08:03:43.455,0.85397,0.85411,1.37,1.91
2016.03.22 08:03:43.860,0.85401,0.85413,1.37,1.03
2016.03.22 08:03:43.978,0.85401,0.85413,1.37,1.00
2016.03.22 08:03:44.029,0.85404,0.85415,1.00,3.30
2016.03.22 08:03:44.334,0.85406,0.85415,1.87,2.18
2016.03.22 08:03:44.892,0.85408,0.85416,1.12,2.79
2016.03.22 08:03:45.393,0.85407,0.8542,1.50,1.12
2016.03.22 08:03:48.150,0.85408,0.85421,2.62,3.75
2016.03.22 08:03:48.201,0.85409,0.85423,1.87,1.12
2016.03.22 08:03:48.354,0.85411,0.85426,1.87,1.12
2016.03.22 08:03:52.717,0.8541,0.85424,1.37,1.37
2016.03.22 08:03:58.614,0.85412,0.85424,1.00,1.87
2016.03.22 08:03:59.165,0.8541,0.85424,2.62,1.87
2016.03.22 08:04:00.374,0.8541,0.85421,1.87,1.00
2016.03.22 08:04:00.679,0.8541,0.85418,1.00,1.00
2016.03.22 08:04:01.286,0.8541,0.85419,1.00,1.12
2016.03.22 08:04:02.202,0.85408,0.85419,1.87,1.00
2016.03.22 08:04:02.711,0.85408,0.85418,1.37,1.00
2016.03.22 08:04:03.317,0.85408,0.85416,1.37,1.00
2016.03.22 08:04:03.419,0.85406,0.85416,1.12,1.00
2016.03.22 08:04:03.789,0.85405,0.85414,1.37,1.00
2016.03.22 08:04:03.941,0.85403,0.85414,1.00,1.00
2016.03.22 08:04:03.994,0.85403,0.85412,1.00,1.00
2016.03.22 08:04:04.198,0.85403,0.85414,1.00,1.00
2016.03.22 08:04:05.081,0.85403,0.85412,1.00,1.00
2016.03.22 08:04:05.486,0.85403,0.85414,1.00,1.00
2016.03.22 08:04:05.840,0.85404,0.85416,1.37,1.00
2016.03.22 08:04:06.235,0.85407,0.85417,1.37,1.00
2016.03.22 08:04:06.983,0.85407,0.85418,1.37,1.00
2016.03.22 08:04:07.520,0.85407,0.85417,1.37,1.00
2016.03.22 08:04:08.026,0.85407,0.85418,1.37,1.00
2016.03.22 08:04:08.330,0.85406,0.85419,1.12,1.12
2016.03.22 08:04:08.431,0.85408,0.85419,1.00,1.00
2016.03.22 08:04:08.958,0.85408,0.85418,1.00,1.00
2016.03.22 08:04:09.009,0.85408,0.8542,1.00,1.53
2016.03.22 08:04:09.314,0.8541,0.8542,1.00,1.00
2016.03.22 08:04:09.606,0.85412,0.85425,1.12,2.28
2016.03.22 08:04:10.156,0.85412,0.85424,1.00,1.16
2016.03.22 08:04:10.730,0.85412,0.85421,1.00,1.00
2016.03.22 08:04:11.238,0.85411,0.85421,1.00,1.00
2016.03.22 08:04:11.441,0.85407,0.8542,1.77,1.37
2016.03.22 08:04:11.745,0.85407,0.85418,1.65,1.37
2016.03.22 08:04:12.594,0.85406,0.85418,1.00,1.37
2016.03.22 08:04:13.338,0.85405,0.85418,1.77,1.37
2016.03.22 08:04:14.584,0.85405,0.85418,1.77,1.37
2016.03.22 08:04:16.594,0.85406,0.85418,1.65,1.37
2016.03.22 08:04:17.691,0.85406,0.85418,1.40,1.37
2016.03.22 08:04:19.426,0.85405,0.85418,1.02,1.37
2016.03.22 08:04:19.679,0.85403,0.85415,1.65,1.00
2016.03.22 08:04:19.983,0.85402,0.85414,1.65,1.37
2016.03.22 08:04:20.626,0.85402,0.85414,1.65,1.37
2016.03.22 08:04:21.270,0.85399,0.85411,3.65,1.00
2016.03.22 08:04:21.585,0.85399,0.85409,1.77,1.00
2016.03.22 08:04:21.889,0.85397,0.85409,3.27,1.00
2016.03.22 08:04:22.294,0.854,0.85413,1.02,1.12
2016.03.22 08:04:22.552,0.85403,0.85415,1.00,1.00
2016.03.22 08:04:22.755,0.85404,0.85418,1.37,1.42
2016.03.22 08:04:23.059,0.85402,0.85415,1.37,1.12
2016.03.22 08:04:23.363,0.85401,0.85414,1.30,1.37
2016.03.22 08:04:25.974,0.854,0.85411,1.77,1.00
2016.03.22 08:04:27.704,0.85403,0.85411,1.00,1.00
2016.03.22 08:04:27.806,0.85404,0.85418,1.87,1.37
2016.03.22 08:04:29.596,0.85406,0.85418,1.00,1.37
2016.03.22 08:04:29.647,0.85409,0.85418,1.60,1.37
2016.03.22 08:04:29.910,0.85415,0.85427,1.50,1.16
2016.03.22 08:04:30.012,0.85417,0.85429,1.50,1.16
2016.03.22 08:04:30.996,0.85416,0.8543,1.12,1.12
2016.03.22 08:04:32.492,0.85419,0.85431,1.00,1.00
2016.03.22 08:04:32.998,0.85415,0.85429,2.39,1.37
2016.03.22 08:04:34.117,0.85416,0.85428,1.00,1.37
2016.03.22 08:04:34.421,0.85416,0.85426,1.00,1.37
2016.03.22 08:04:35.572,0.85412,0.85426,2.62,1.37
2016.03.22 08:04:35.891,0.85414,0.85428,1.87,1.87
2016.03.22 08:04:36.396,0.85415,0.85428,1.50,1.37
2016.03.22 08:04:36.902,0.85416,0.8543,1.20,1.87
2016.03.22 08:04:37.004,0.85414,0.85428,2.70,1.37
2016.03.22 08:04:37.105,0.85414,0.85426,1.87,1.37
2016.03.22 08:04:37.801,0.85418,0.85429,1.00,1.37
2016.03.22 08:04:38.004,0.85418,0.8543,1.50,1.00
2016.03.22 08:04:38.534,0.8542,0.85433,1.12,1.37
2016.03.22 08:04:39.512,0.85422,0.85434,1.50,1.50
2016.03.22 08:04:39.614,0.85423,0.85435,1.50,1.12
2016.03.22 08:04:41.824,0.85424,0.85438,1.37,1.91
2016.03.22 08:04:42.584,0.85424,0.85436,1.37,1.00
2016.03.22 08:04:42.635,0.85423,0.85436,1.12,1.87
2016.03.22 08:04:42.937,0.85423,0.85434,1.00,1.37
2016.03.22 08:04:43.240,0.85423,0.85435,1.12,1.12
2016.03.22 08:04:43.291,0.85425,0.85436,1.00,1.37
2016.03.22 08:04:43.342,0.85425,0.85437,1.87,1.00
2016.03.22 08:04:43.444,0.85426,0.85439,1.12,1.14
2016.03.22 08:04:44.005,0.85426,0.85439,1.50,2.01
2016.03.22 08:04:44.208,0.85424,0.85437,2.62,1.56
2016.03.22 08:04:44.512,0.85424,0.85439,3.37,3.14
2016.03.22 08:04:46.291,0.85427,0.85439,1.00,2.39
2016.03.22 08:04:46.802,0.85427,0.85439,1.00,1.37
2016.03.22 08:04:47.567,0.85426,0.85439,1.12,1.87
2016.03.22 08:04:48.738,0.85424,0.85437,2.25,1.12
2016.03.22 08:04:49.083,0.85424,0.85433,1.50,1.37
2016.03.22 08:04:49.387,0.85422,0.85427,1.00,1.50
2016.03.22 08:04:49.438,0.85412,0.85424,1.46,1.12
2016.03.22 08:04:49.513,0.85411,0.85422,4.87,1.00
2016.03.22 08:04:49.762,0.85408,0.8542,1.12,1.12
2016.03.22 08:04:49.813,0.85408,0.85421,2.25,1.37
2016.03.22 08:04:49.915,0.85408,0.85422,2.62,1.00
2016.03.22 08:04:50.016,0.85411,0.85423,1.50,1.12
2016.03.22 08:04:50.448,0.8541,0.85423,1.12,1.37
2016.03.22 08:04:56.361,0.85412,0.85426,1.37,1.87
2016.03.22 08:04:57.025,0.85414,0.85426,1.00,1.37
2016.03.22 08:04:57.077,0.85414,0.85429,1.87,1.37
2016.03.22 08:04:57.627,0.85418,0.8543,1.00,1.37
2016.03.22 08:04:57.780,0.85418,0.85432,1.87,1.37
2016.03.22 08:04:58.438,0.8542,0.85432,1.00,1.37
2016.03.22 08:04:58.944,0.85418,0.85432,1.87,1.37
2016.03.22 08:04:59.455,0.8542,0.85432,1.00,1.37
2016.03.22 08:04:59.805,0.85421,0.85435,1.12,1.12
2016.03.22 08:05:00.170,0.85421,0.85432,1.00,1.37
2016.03.22 08:05:00.372,0.85418,0.85432,1.37,1.37
2016.03.22 08:05:00.883,0.8542,0.85434,1.87,1.12
2016.03.22 08:05:00.985,0.85422,0.85436,1.37,1.87
2016.03.22 08:05:03.260,0.85425,0.85436,1.00,1.37
2016.03.22 08:05:03.614,0.85425,0.85438,1.12,1.37
2016.03.22 08:05:04.119,0.85426,0.85438,1.00,1.37
2016.03.22 08:05:04.710,0.85425,0.85438,1.12,1.37
2016.03.22 08:05:05.265,0.85426,0.85438,1.00,1.37
2016.03.22 08:05:05.676,0.85425,0.85439,1.87,1.75
2016.03.22 08:05:05.727,0.85428,0.85439,1.00,1.00
2016.03.22 08:05:06.234,0.85428,0.8544,1.00,1.50
2016.03.22 08:05:07.363,0.85424,0.85438,4.20,1.12
2016.03.22 08:05:07.414,0.85423,0.85438,3.97,1.87
2016.03.22 08:05:07.515,0.85423,0.85436,1.12,1.37
2016.03.22 08:05:09.593,0.85425,0.85436,1.00,1.87
2016.03.22 08:05:09.792,0.85423,0.85436,1.12,1.37
2016.03.22 08:05:12.199,0.85425,0.85436,1.00,1.37
2016.03.22 08:05:12.402,0.85423,0.85436,1.12,1.37
2016.03.22 08:05:12.958,0.85424,0.85436,1.00,1.37
2016.03.22 08:05:14.080,0.85425,0.85436,1.00,1.37
2016.03.22 08:05:14.684,0.85425,0.85436,1.00,1.00
2016.03.22 08:05:15.680,0.85426,0.85436,1.00,1.00
2016.03.22 08:05:16.187,0.85425,0.85436,1.00,1.37
2016.03.22 08:05:16.778,0.85426,0.85438,1.12,1.12
2016.03.22 08:05:24.180,0.85426,0.85439,1.50,1.37
2016.03.22 08:05:24.616,0.85425,0.85438,1.87,1.37
2016.03.22 08:05:24.667,0.85427,0.85438,1.00,1.37
2016.03.22 08:05:25.194,0.85426,0.85438,1.00,1.37
2016.03.22 08:05:25.295,0.85426,0.8544,1.87,1.37
2016.03.22 08:05:25.397,0.85426,0.85438,1.00,1.37
2016.03.22 08:05:25.730,0.85426,0.85436,1.00,1.12
2016.03.22 08:05:25.883,0.85422,0.85436,2.62,1.12
2016.03.22 08:05:25.985,0.85422,0.85436,1.50,1.12
2016.03.22 08:05:26.907,0.85423,0.85435,1.00,1.37
2016.03.22 08:05:27.009,0.8542,0.85432,2.10,1.00
2016.03.22 08:05:27.110,0.8542,0.8543,1.00,1.00
2016.03.22 08:05:28.132,0.85418,0.8543,2.10,1.00
2016.03.22 08:05:29.308,0.85421,0.85433,1.37,1.18
2016.03.22 08:05:29.652,0.85419,0.85433,1.12,2.01
2016.03.22 08:05:29.804,0.85418,0.8543,2.10,1.00
2016.03.22 08:05:31.413,0.85414,0.85428,1.95,1.12
2016.03.22 08:05:31.516,0.85413,0.85425,1.50,1.00
2016.03.22 08:05:32.031,0.85412,0.85425,1.12,1.37
2016.03.22 08:05:32.615,0.85412,0.85423,1.00,1.37
2016.03.22 08:05:32.817,0.85412,0.85425,1.12,1.37
2016.03.22 08:05:33.805,0.85412,0.85425,1.50,1.00
2016.03.22 08:05:33.907,0.85413,0.85425,1.00,1.12
2016.03.22 08:05:34.008,0.85411,0.85425,2.62,1.00
2016.03.22 08:05:34.658,0.85414,0.85426,1.00,1.37
2016.03.22 08:05:35.178,0.85412,0.85426,1.87,1.37
2016.03.22 08:05:35.721,0.85414,0.85426,1.00,1.37
2016.03.22 08:05:37.086,0.85413,0.85426,1.12,1.37
2016.03.22 08:05:38.404,0.85414,0.85426,1.00,1.37
2016.03.22 08:05:38.919,0.85412,0.85426,1.37,1.37
2016.03.22 08:05:39.447,0.85412,0.85424,1.50,1.00
2016.03.22 08:05:40.750,0.85412,0.85426,1.87,1.37
2016.03.22 08:05:40.801,0.85412,0.85425,1.37,1.12
2016.03.22 08:05:41.059,0.85412,0.85426,1.87,1.37
2016.03.22 08:05:41.593,0.85414,0.85426,1.50,1.37
2016.03.22 08:05:42.510,0.85412,0.85425,1.37,1.12
2016.03.22 08:05:42.561,0.8541,0.85424,1.95,1.37
2016.03.22 08:05:42.928,0.8541,0.8542,1.37,1.00
2016.03.22 08:05:42.980,0.85407,0.85418,4.50,1.12
2016.03.22 08:05:43.486,0.85405,0.85418,1.37,1.12
2016.03.22 08:05:44.784,0.85407,0.85419,1.00,1.37
2016.03.22 08:05:44.987,0.85409,0.8542,1.00,1.00
2016.03.22 08:05:45.862,0.85409,0.85421,1.75,1.87
2016.03.22 08:05:46.434,0.85409,0.85423,1.95,1.87
2016.03.22 08:05:47.282,0.85408,0.85421,1.87,4.50
2016.03.22 08:05:47.485,0.85408,0.8542,1.20,1.12
2016.03.22 08:05:47.590,0.85412,0.85423,1.00,1.12
2016.03.22 08:05:47.693,0.85411,0.85423,1.95,1.12
2016.03.22 08:05:48.243,0.85412,0.85424,1.00,1.37
2016.03.22 08:05:48.400,0.85411,0.85423,2.32,1.00
2016.03.22 08:05:48.922,0.85413,0.85424,1.57,1.12
2016.03.22 08:05:49.693,0.85413,0.85425,1.00,1.50
2016.03.22 08:05:49.997,0.85415,0.85425,1.00,1.87
2016.03.22 08:05:50.710,0.85415,0.85425,1.00,1.00
2016.03.22 08:05:53.635,0.85416,0.85426,1.00,1.37
2016.03.22 08:05:55.979,0.85413,0.85426,1.87,1.87
2016.03.22 08:05:56.030,0.85415,0.85426,1.00,1.37
2016.03.22 08:05:57.110,0.85414,0.85426,1.00,1.87
2016.03.22 08:05:57.590,0.85413,0.85426,1.50,4.87
2016.03.22 08:05:57.894,0.85412,0.85421,1.00,1.37
2016.03.22 08:05:58.298,0.8541,0.85421,1.12,1.37
2016.03.22 08:05:58.994,0.8541,0.85422,1.12,1.37
2016.03.22 08:05:59.644,0.8541,0.85423,1.12,1.37
2016.03.22 08:06:00.033,0.85412,0.85423,1.00,1.87
2016.03.22 08:06:00.308,0.8541,0.85423,1.12,1.37
2016.03.22 08:06:00.713,0.85412,0.85423,1.00,1.37
2016.03.22 08:06:01.244,0.85411,0.85423,1.00,1.37
2016.03.22 08:06:02.012,0.8541,0.85423,1.12,1.37
2016.03.22 08:06:02.535,0.85411,0.85425,1.87,1.87
2016.03.22 08:06:02.839,0.85411,0.85425,4.50,1.37
2016.03.22 08:06:03.384,0.85413,0.85425,1.37,1.08
2016.03.22 08:06:03.900,0.85413,0.85424,1.37,1.00
2016.03.22 08:06:04.611,0.85413,0.85426,1.37,1.12
2016.03.22 08:06:05.517,0.85413,0.85421,1.37,1.00
2016.03.22 08:06:05.737,0.85405,0.85418,1.87,1.00
2016.03.22 08:06:05.838,0.85405,0.85418,1.37,1.75
2016.03.22 08:06:06.041,0.85403,0.85416,1.77,1.37
2016.03.22 08:06:06.639,0.85402,0.85414,1.02,3.75
2016.03.22 08:06:06.842,0.85402,0.85414,1.12,1.37
2016.03.22 08:06:07.146,0.854,0.85412,1.40,4.50
2016.03.22 08:06:07.719,0.85398,0.85409,1.02,1.37
2016.03.22 08:06:08.075,0.85399,0.85411,1.02,1.12
2016.03.22 08:06:08.530,0.85398,0.8541,1.12,1.75
2016.03.22 08:06:08.632,0.85395,0.85408,1.37,1.12
2016.03.22 08:06:08.852,0.85397,0.85411,1.75,1.12
2016.03.22 08:06:08.903,0.85398,0.85412,1.37,1.87
2016.03.22 08:06:14.472,0.85401,0.85414,1.50,1.12
2016.03.22 08:06:14.573,0.85403,0.85416,1.50,1.87
2016.03.22 08:06:15.123,0.85404,0.85416,1.00,1.00
2016.03.22 08:06:15.174,0.85404,0.85417,4.12,1.87
2016.03.22 08:06:15.376,0.85407,0.85419,1.00,1.00
2016.03.22 08:06:16.052,0.85407,0.85421,1.12,1.12
2016.03.22 08:06:16.154,0.85408,0.85422,1.37,1.50
2016.03.22 08:06:16.477,0.8541,0.85425,1.75,1.95
2016.03.22 08:06:16.528,0.85411,0.85425,1.37,1.20
2016.03.22 08:06:17.531,0.85413,0.85426,3.75,1.12
2016.03.22 08:06:17.633,0.85414,0.85428,1.12,1.12
2016.03.22 08:06:17.836,0.85415,0.8543,1.12,1.37
2016.03.22 08:06:18.351,0.85418,0.8543,1.00,1.00
2016.03.22 08:06:18.921,0.85418,0.85427,1.00,1.00
2016.03.22 08:06:19.045,0.85415,0.85427,1.12,1.75
2016.03.22 08:06:19.149,0.85413,0.85426,1.02,1.37
2016.03.22 08:06:20.545,0.85412,0.85427,1.87,1.87
2016.03.22 08:06:20.848,0.85416,0.8543,4.12,1.57
2016.03.22 08:06:21.578,0.85416,0.85431,1.75,1.75
2016.03.22 08:06:21.848,0.85416,0.85429,1.00,1.50
2016.03.22 08:06:22.361,0.85416,0.8543,1.37,1.37
2016.03.22 08:06:23.086,0.85416,0.8543,4.12,1.00
2016.03.22 08:06:23.492,0.85416,0.85432,1.75,1.87
2016.03.22 08:06:23.695,0.85415,0.85429,2.15,4.20
2016.03.22 08:06:23.746,0.85415,0.85425,1.40,1.00
2016.03.22 08:06:23.877,0.85415,0.85429,2.52,1.12
2016.03.22 08:06:25.682,0.85416,0.85431,5.25,1.95
2016.03.22 08:06:25.985,0.8542,0.85431,1.37,1.00
2016.03.22 08:06:26.685,0.8542,0.85431,4.12,1.00
2016.03.22 08:06:26.837,0.85424,0.85435,1.12,1.50
2016.03.22 08:06:26.888,0.85426,0.85435,1.00,1.00
2016.03.22 08:06:27.232,0.85426,0.85438,1.00,1.00
2016.03.22 08:06:27.283,0.85427,0.8544,1.37,1.12
2016.03.22 08:06:28.144,0.85427,0.85438,1.37,1.00
2016.03.22 08:06:28.195,0.85426,0.85437,1.00,1.00
2016.03.22 08:06:28.322,0.85426,0.85436,1.50,3.75
2016.03.22 08:06:28.373,0.85426,0.8544,2.62,1.37
2016.03.22 08:06:28.475,0.85427,0.85442,1.12,1.87
2016.03.22 08:06:29.195,0.85427,0.8544,1.12,1.00
2016.03.22 08:06:29.598,0.85425,0.85439,2.62,1.37
2016.03.22 08:06:29.700,0.85425,0.85436,1.50,1.37
2016.03.22 08:06:30.201,0.85424,0.85436,1.00,1.87
2016.03.22 08:06:30.612,0.85424,0.85433,1.00,1.12
2016.03.22 08:06:30.815,0.8542,0.85434,1.67,1.87
2016.03.22 08:06:32.016,0.8542,0.85432,1.67,1.00
2016.03.22 08:06:32.519,0.8542,0.85434,2.10,1.87
2016.03.22 08:06:32.874,0.85424,0.85438,1.37,1.95
2016.03.22 08:06:33.380,0.85425,0.85439,1.37,1.50
2016.03.22 08:06:33.736,0.85423,0.85435,1.00,1.50
2016.03.22 08:06:34.041,0.85422,0.85433,1.00,1.37
2016.03.22 08:06:34.902,0.85419,0.85433,1.87,1.87
2016.03.22 08:06:36.021,0.85421,0.85433,1.00,1.37
2016.03.22 08:06:36.686,0.85419,0.85433,1.87,1.87
2016.03.22 08:06:40.055,0.85419,0.85431,1.37,1.00
2016.03.22 08:06:40.107,0.85417,0.85431,1.77,1.87
2016.03.22 08:06:40.658,0.85417,0.85429,1.77,1.00
2016.03.22 08:06:41.304,0.85414,0.85428,1.37,1.37
2016.03.22 08:06:41.506,0.85416,0.85429,1.37,1.50
2016.03.22 08:06:42.209,0.85414,0.85428,1.37,1.37
2016.03.22 08:06:45.035,0.85413,0.85425,1.00,1.00
2016.03.22 08:06:45.339,0.85411,0.85425,1.87,1.87
2016.03.22 08:06:45.440,0.85413,0.85425,1.37,1.00
2016.03.22 08:06:45.959,0.85413,0.85427,1.37,1.37
2016.03.22 08:06:46.210,0.85411,0.85423,1.00,1.00
2016.03.22 08:06:46.715,0.85408,0.85419,1.12,1.00
2016.03.22 08:06:46.817,0.85405,0.85418,4.12,1.37
2016.03.22 08:06:47.737,0.85402,0.85416,3.30,1.37
2016.03.22 08:06:48.041,0.85404,0.85418,1.47,1.37
2016.03.22 08:06:48.442,0.85403,0.85416,1.50,1.12
2016.03.22 08:06:49.938,0.85404,0.85418,1.37,1.37
2016.03.22 08:06:50.039,0.85407,0.85421,1.37,1.37
2016.03.22 08:06:51.717,0.85411,0.85425,1.87,1.95
2016.03.22 08:06:52.322,0.85411,0.85423,1.47,1.00
2016.03.22 08:06:52.424,0.85408,0.85422,1.95,1.37
2016.03.22 08:06:53.319,0.8541,0.85424,1.37,1.87
2016.03.22 08:06:55.159,0.8541,0.85422,1.37,1.00
2016.03.22 08:06:55.464,0.85414,0.85424,1.00,1.67
2016.03.22 08:06:55.767,0.85417,0.85425,1.37,1.54
2016.03.22 08:06:56.764,0.85415,0.85426,1.00,1.37
2016.03.22 08:06:56.815,0.85413,0.85426,1.12,1.37
2016.03.22 08:06:57.990,0.85412,0.85424,1.37,1.00
2016.03.22 08:06:58.041,0.85411,0.85424,1.00,1.87
2016.03.22 08:06:58.589,0.85409,0.85424,1.87,1.87
2016.03.22 08:06:58.945,0.85411,0.85425,1.37,3.65
2016.03.22 08:07:02.181,0.85412,0.85426,1.87,1.50
2016.03.22 08:07:02.687,0.85413,0.85426,1.37,1.12
2016.03.22 08:07:02.991,0.85412,0.85424,1.37,1.37
2016.03.22 08:07:03.092,0.85409,0.85424,1.37,1.12
2016.03.22 08:07:03.628,0.85407,0.85423,5.47,1.12
2016.03.22 08:07:03.679,0.85407,0.85422,2.47,1.12
2016.03.22 08:07:05.276,0.85407,0.8542,1.30,1.37
2016.03.22 08:07:06.149,0.85407,0.85419,1.02,1.37
2016.03.22 08:07:06.655,0.85405,0.85418,1.02,1.37
2016.03.22 08:07:07.172,0.85406,0.85418,1.87,1.37
2016.03.22 08:07:07.902,0.85404,0.85418,1.72,1.37
2016.03.22 08:07:10.673,0.85406,0.8542,1.37,1.50
2016.03.22 08:07:11.750,0.85409,0.85422,1.50,1.12
2016.03.22 08:07:11.802,0.8541,0.85422,1.37,1.37
2016.03.22 08:07:12.106,0.85412,0.85426,1.37,1.87
2016.03.22 08:07:12.867,0.8541,0.85425,1.75,1.87
2016.03.22 08:07:12.918,0.8541,0.85423,1.12,1.37
2016.03.22 08:07:14.142,0.8541,0.85421,1.12,1.00
2016.03.22 08:07:14.649,0.8541,0.85423,1.12,1.87
2016.03.22 08:07:14.750,0.8541,0.85425,1.87,1.75
2016.03.22 08:07:14.801,0.85411,0.85425,1.12,1.12
2016.03.22 08:07:15.309,0.8541,0.85424,2.62,1.37
2016.03.22 08:07:18.107,0.8541,0.85425,1.87,1.37
2016.03.22 08:07:18.553,0.8541,0.85424,1.87,1.37
2016.03.22 08:07:19.874,0.8541,0.85422,1.87,1.00
2016.03.22 08:07:20.077,0.85408,0.85422,1.67,1.87
2016.03.22 08:07:20.607,0.8541,0.85422,1.50,1.00
2016.03.22 08:07:21.901,0.8541,0.85424,2.62,1.12
2016.03.22 08:07:22.002,0.85411,0.85425,1.37,1.37
2016.03.22 08:07:22.435,0.85411,0.85425,1.00,4.12
2016.03.22 08:07:22.862,0.85407,0.85421,1.72,1.87
2016.03.22 08:07:22.913,0.85407,0.85421,1.30,4.87
2016.03.22 08:07:24.250,0.85405,0.85419,1.37,1.37
2016.03.22 08:07:24.647,0.85403,0.85417,1.37,1.87
2016.03.22 08:07:25.326,0.85403,0.85417,1.12,1.00
2016.03.22 08:07:26.215,0.85404,0.85418,1.00,1.87
2016.03.22 08:07:26.519,0.85397,0.8541,1.50,3.75
2016.03.22 08:07:26.620,0.85396,0.85409,1.24,1.87
2016.03.22 08:07:27.449,0.85394,0.85408,1.97,1.12
2016.03.22 08:07:27.551,0.85396,0.85408,1.30,1.37
2016.03.22 08:07:28.160,0.85394,0.85409,1.87,1.87
2016.03.22 08:07:28.262,0.85391,0.85407,2.62,4.12
2016.03.22 08:07:28.313,0.85391,0.85403,2.25,1.00
2016.03.22 08:07:28.363,0.85391,0.85405,1.87,1.12
2016.03.22 08:07:28.414,0.85392,0.85406,1.37,1.37
2016.03.22 08:07:29.954,0.85392,0.85406,5.62,1.00
2016.03.22 08:07:30.453,0.85394,0.85408,4.12,1.00
2016.03.22 08:07:30.763,0.85397,0.85412,5.92,1.87
2016.03.22 08:07:30.814,0.854,0.85414,1.12,1.87
2016.03.22 08:07:31.069,0.854,0.85414,2.25,1.50
2016.03.22 08:07:31.584,0.85401,0.85415,1.37,1.87
2016.03.22 08:07:33.083,0.85401,0.85413,1.00,1.37
2016.03.22 08:07:33.598,0.854,0.85413,1.12,1.37
2016.03.22 08:07:35.782,0.854,0.85415,2.25,1.87
2016.03.22 08:07:35.833,0.85402,0.85415,1.37,1.12
2016.03.22 08:07:36.289,0.85404,0.85418,1.12,1.87
2016.03.22 08:07:36.740,0.85402,0.85416,1.37,1.37
2016.03.22 08:07:36.893,0.85404,0.85418,1.37,1.87
2016.03.22 08:07:37.197,0.85406,0.8542,1.87,2.62
2016.03.22 08:07:37.753,0.85406,0.8542,4.12,1.50
2016.03.22 08:07:38.766,0.85408,0.85421,1.00,1.12
2016.03.22 08:07:39.027,0.85406,0.85418,1.00,1.50
2016.03.22 08:07:39.281,0.85404,0.85418,2.47,1.87
2016.03.22 08:07:39.332,0.85404,0.85417,1.30,1.37
2016.03.22 08:07:40.809,0.85403,0.85415,1.37,1.00
2016.03.22 08:07:41.432,0.85403,0.85417,1.37,2.01
2016.03.22 08:07:42.080,0.85403,0.85418,4.12,3.14
2016.03.22 08:07:43.150,0.85405,0.85418,1.37,1.64
2016.03.22 08:07:43.712,0.85407,0.85418,1.00,1.64
2016.03.22 08:07:44.230,0.85408,0.85418,1.12,1.26
2016.03.22 08:07:44.534,0.85409,0.8542,1.87,1.26
2016.03.22 08:07:45.762,0.85409,0.85421,1.37,1.26
2016.03.22 08:07:46.305,0.85412,0.85421,1.12,1.26
2016.03.22 08:07:46.610,0.85416,0.85421,1.00,1.26
2016.03.22 08:07:46.914,0.85416,0.85421,1.00,1.26
2016.03.22 08:07:46.965,0.85419,0.85428,1.00,2.39
2016.03.22 08:07:47.153,0.85417,0.85428,1.00,2.39
2016.03.22 08:07:47.659,0.85417,0.85428,1.00,2.01
2016.03.22 08:07:48.947,0.85418,0.85427,1.00,1.18
2016.03.22 08:07:49.424,0.85415,0.85427,1.00,2.39
2016.03.22 08:07:49.627,0.85416,0.85425,1.00,1.37
2016.03.22 08:07:50.125,0.85413,0.85424,1.00,1.37
2016.03.22 08:07:50.611,0.85414,0.85424,1.37,1.12
2016.03.22 08:07:50.815,0.85416,0.85427,1.00,1.14
2016.03.22 08:07:51.343,0.85415,0.85427,1.12,1.26
2016.03.22 08:07:51.848,0.85414,0.85425,1.87,1.00
2016.03.22 08:07:52.152,0.85414,0.85423,1.37,1.00
2016.03.22 08:07:52.254,0.85411,0.85422,1.37,1.00
2016.03.22 08:07:52.449,0.85408,0.8542,1.77,1.12
2016.03.22 08:07:52.854,0.85408,0.85418,1.02,1.37
2016.03.22 08:07:52.956,0.85404,0.85414,1.12,1.00
2016.03.22 08:07:53.007,0.85402,0.85414,2.25,1.75
2016.03.22 08:07:53.058,0.85401,0.85413,1.00,1.87
2016.03.22 08:07:53.109,0.85401,0.85413,1.00,1.87
2016.03.22 08:07:53.632,0.85401,0.85411,1.00,1.00
2016.03.22 08:07:54.038,0.85402,0.85413,1.00,1.10
2016.03.22 08:07:54.443,0.85401,0.85412,1.00,1.37
2016.03.22 08:07:54.494,0.85399,0.8541,1.12,1.00
2016.03.22 08:07:54.950,0.85396,0.85409,1.87,1.12
2016.03.22 08:07:55.804,0.85398,0.8541,1.00,1.87
2016.03.22 08:07:56.307,0.85398,0.8541,1.87,1.00
2016.03.22 08:07:56.858,0.85398,0.8541,1.00,1.37
2016.03.22 08:07:56.959,0.85399,0.85411,1.00,1.00
2016.03.22 08:07:57.468,0.854,0.85411,1.00,1.00
2016.03.22 08:07:58.333,0.85399,0.85411,1.00,1.00
2016.03.22 08:07:58.802,0.85399,0.85409,1.00,1.00
2016.03.22 08:07:59.143,0.85393,0.85405,2.52,1.37
2016.03.22 08:07:59.347,0.85393,0.85407,1.37,1.94
2016.03.22 08:08:00.244,0.85392,0.85406,1.47,1.12
2016.03.22 08:08:00.851,0.85394,0.85406,1.00,1.00
2016.03.22 08:08:01.534,0.85395,0.85408,1.50,1.12
2016.03.22 08:08:01.587,0.85395,0.85409,1.87,1.94
2016.03.22 08:08:03.257,0.85394,0.85407,1.50,1.37
2016.03.22 08:08:03.453,0.85396,0.8541,1.12,1.12
2016.03.22 08:08:04.549,0.85394,0.85408,1.12,1.87
2016.03.22 08:08:04.860,0.85393,0.85405,1.37,1.37
2016.03.22 08:08:06.966,0.8539,0.85404,1.72,1.37
2016.03.22 08:08:08.633,0.8539,0.85402,1.37,1.00
2016.03.22 08:08:09.172,0.8539,0.85403,1.37,1.12
2016.03.22 08:08:11.259,0.85391,0.85405,1.12,1.37
2016.03.22 08:08:11.361,0.8539,0.85404,1.87,1.37
2016.03.22 08:08:14.858,0.8539,0.85402,1.37,1.00
2016.03.22 08:08:14.959,0.85388,0.85401,1.37,1.12
2016.03.22 08:08:15.010,0.85385,0.854,1.37,1.12
2016.03.22 08:08:17.210,0.85387,0.85401,1.12,1.87
2016.03.22 08:08:21.419,0.8539,0.85402,1.37,1.37
2016.03.22 08:08:21.723,0.85387,0.85402,1.47,1.12
2016.03.22 08:08:22.323,0.85386,0.854,1.37,1.37
2016.03.22 08:08:22.424,0.85385,0.85398,1.10,1.30
2016.03.22 08:08:22.476,0.85383,0.85394,1.47,1.00
2016.03.22 08:08:22.679,0.85382,0.85395,1.30,1.37
2016.03.22 08:08:22.883,0.85381,0.85394,1.00,1.75
2016.03.22 08:08:22.984,0.85379,0.85394,1.87,1.87
2016.03.22 08:08:23.531,0.85381,0.85394,1.37,1.12
2016.03.22 08:08:24.423,0.85381,0.85393,1.37,1.50
2016.03.22 08:08:24.524,0.85378,0.85389,1.37,1.00
2016.03.22 08:08:24.626,0.85374,0.85387,3.65,1.12
2016.03.22 08:08:24.728,0.85374,0.85385,3.65,1.00
2016.03.22 08:08:25.032,0.85373,0.85385,2.90,1.87
2016.03.22 08:08:26.997,0.85374,0.85384,1.37,1.00
2016.03.22 08:08:27.200,0.8537,0.85382,1.72,1.00
2016.03.22 08:08:27.301,0.85372,0.85386,1.37,1.87
2016.03.22 08:08:28.840,0.85374,0.85384,1.37,1.00
2016.03.22 08:08:29.134,0.85371,0.85384,1.37,1.12
2016.03.22 08:08:29.510,0.85372,0.85384,1.12,1.00
2016.03.22 08:08:30.023,0.85372,0.85383,1.12,3.14
2016.03.22 08:08:30.352,0.85378,0.85383,1.12,3.14
2016.03.22 08:08:30.656,0.85379,0.85385,1.12,3.14
2016.03.22 08:08:30.808,0.85377,0.85383,1.00,3.14
2016.03.22 08:08:30.909,0.85378,0.85383,1.37,3.14
2016.03.22 08:08:31.973,0.85378,0.8539,1.37,1.64
2016.03.22 08:08:32.628,0.85379,0.8539,1.37,1.64
2016.03.22 08:08:32.831,0.85377,0.85389,1.00,1.56
2016.03.22 08:08:32.933,0.85378,0.8539,1.37,1.64
2016.03.22 08:08:33.237,0.85375,0.85388,1.87,1.64
2016.03.22 08:08:33.557,0.85374,0.85386,1.37,1.87
2016.03.22 08:08:33.608,0.85371,0.85385,2.25,1.37
2016.03.22 08:08:33.811,0.85373,0.85386,1.37,1.12
2016.03.22 08:08:34.118,0.85376,0.85388,1.00,1.64
2016.03.22 08:08:34.510,0.85372,0.85384,3.75,1.00
2016.03.22 08:08:34.562,0.85371,0.85384,2.25,1.12
2016.03.22 08:08:34.664,0.85373,0.85386,1.95,1.12
2016.03.22 08:08:34.816,0.85376,0.85388,1.37,2.39
2016.03.22 08:08:35.718,0.85376,0.85386,1.37,1.64
2016.03.22 08:08:36.916,0.85376,0.85388,1.37,2.39
2016.03.22 08:08:37.422,0.85374,0.85388,1.12,2.76
2016.03.22 08:08:38.318,0.85376,0.85389,1.37,2.76
2016.03.22 08:08:38.527,0.85378,0.85389,1.12,2.39
2016.03.22 08:08:39.083,0.85378,0.85387,1.12,1.00
2016.03.22 08:08:39.134,0.85376,0.85387,1.37,1.00
2016.03.22 08:08:39.681,0.85376,0.85388,1.37,1.18
2016.03.22 08:08:40.221,0.85376,0.85387,1.37,1.26
2016.03.22 08:08:40.323,0.85374,0.85387,1.37,1.64
2016.03.22 08:08:40.860,0.85375,0.85387,2.47,2.39
2016.03.22 08:08:41.166,0.85388,0.85395,1.05,1.64
2016.03.22 08:08:41.471,0.85391,0.85397,1.12,3.75
2016.03.22 08:08:41.926,0.85389,0.85394,1.00,1.26
2016.03.22 08:08:42.129,0.85389,0.85396,1.00,2.01
2016.03.22 08:08:43.556,0.85388,0.85394,1.00,2.61
2016.03.22 08:08:43.759,0.85386,0.85391,1.00,1.37
2016.03.22 08:08:44.268,0.8538,0.85392,1.12,1.12
2016.03.22 08:08:45.811,0.85377,0.85391,1.12,3.14
2016.03.22 08:08:45.862,0.85376,0.85387,1.57,1.00
2016.03.22 08:08:46.369,0.85379,0.85391,1.00,2.01
2016.03.22 08:08:46.921,0.85379,0.85391,1.00,1.64
2016.03.22 08:08:47.427,0.85379,0.8539,1.00,1.00
2016.03.22 08:08:47.629,0.85376,0.85389,1.20,1.00
2016.03.22 08:08:47.781,0.85378,0.8539,1.95,1.37
2016.03.22 08:08:48.669,0.85379,0.85391,1.37,1.14
2016.03.22 08:08:49.125,0.8538,0.85392,1.12,1.12
2016.03.22 08:08:49.278,0.85381,0.85391,1.37,1.00
2016.03.22 08:08:49.415,0.8538,0.85391,1.00,1.12
2016.03.22 08:08:49.467,0.8538,0.8539,1.00,1.37
2016.03.22 08:08:49.721,0.85377,0.85391,1.87,1.87
2016.03.22 08:08:50.227,0.85377,0.85389,1.37,1.00
2016.03.22 08:08:52.382,0.85375,0.85388,1.37,1.12
2016.03.22 08:08:52.485,0.85377,0.85389,1.37,1.18
2016.03.22 08:08:54.743,0.85377,0.85389,1.37,1.26
2016.03.22 08:08:55.095,0.85374,0.85387,1.87,1.00
2016.03.22 08:08:55.198,0.85374,0.85382,1.37,1.00
2016.03.22 08:08:55.299,0.85372,0.85382,1.00,1.00
2016.03.22 08:08:55.904,0.85373,0.85385,1.37,1.50
2016.03.22 08:08:57.204,0.85373,0.85384,1.37,1.00
2016.03.22 08:08:57.256,0.85375,0.85384,1.37,1.00
2016.03.22 08:08:58.927,0.85375,0.85388,1.37,1.12
2016.03.22 08:08:59.454,0.85375,0.85387,1.37,1.00
2016.03.22 08:09:00.022,0.85375,0.85386,1.37,1.00
2016.03.22 08:09:00.174,0.85373,0.85385,1.87,1.35
2016.03.22 08:09:00.226,0.85373,0.8538,1.87,1.00
2016.03.22 08:09:00.637,0.85371,0.8538,1.00,1.00
2016.03.22 08:09:02.137,0.85368,0.85378,1.50,1.00
2016.03.22 08:09:02.188,0.85368,0.85376,1.00,1.00
2016.03.22 08:09:02.290,0.85366,0.85378,1.50,1.50
2016.03.22 08:09:02.792,0.85367,0.85377,1.37,1.00
2016.03.22 08:09:03.100,0.85365,0.85376,1.37,1.00
2016.03.22 08:09:03.202,0.85363,0.85374,1.87,1.00
2016.03.22 08:09:03.709,0.85363,0.85374,1.00,1.12
2016.03.22 08:09:04.114,0.85362,0.85371,1.00,1.00
2016.03.22 08:09:04.215,0.85361,0.85373,1.12,1.12
2016.03.22 08:09:04.266,0.85362,0.85372,1.50,1.00
2016.03.22 08:09:04.367,0.85363,0.85374,1.37,1.12
2016.03.22 08:09:04.487,0.85361,0.85371,1.50,1.00
2016.03.22 08:09:04.791,0.85363,0.85372,1.00,1.00
2016.03.22 08:09:05.297,0.8536,0.8537,1.87,1.00
2016.03.22 08:09:05.398,0.85361,0.85373,1.50,1.00
2016.03.22 08:09:06.009,0.85362,0.85373,1.12,1.00
2016.03.22 08:09:06.585,0.85362,0.85373,1.00,1.37
2016.03.22 08:09:07.919,0.85361,0.85373,1.00,1.37
2016.03.22 08:09:08.122,0.85362,0.85374,1.12,1.16
2016.03.22 08:09:08.173,0.85362,0.85374,1.12,1.91
2016.03.22 08:09:08.623,0.85362,0.85374,1.50,1.53
2016.03.22 08:09:09.482,0.85362,0.85374,1.12,1.12
2016.03.22 08:09:09.900,0.85364,0.85374,1.00,1.12
2016.03.22 08:09:11.677,0.85365,0.85374,1.00,1.12
2016.03.22 08:09:12.587,0.85363,0.85374,1.00,1.12
2016.03.22 08:09:13.030,0.85362,0.85374,1.50,4.12
2016.03.22 08:09:13.334,0.85367,0.85375,1.00,1.87
2016.03.22 08:09:13.688,0.85367,0.85377,1.00,1.37
2016.03.22 08:09:13.789,0.85367,0.85378,1.00,1.12
2016.03.22 08:09:14.319,0.85368,0.85379,1.00,1.37
2016.03.22 08:09:16.171,0.85367,0.85378,1.00,1.12
2016.03.22 08:09:16.764,0.85366,0.85378,1.12,1.12
2016.03.22 08:09:17.105,0.85369,0.85379,1.00,1.12
2016.03.22 08:09:17.611,0.85368,0.85379,1.00,1.12
2016.03.22 08:09:18.096,0.85369,0.8538,1.50,1.00
2016.03.22 08:09:18.299,0.85369,0.85382,1.87,1.00
2016.03.22 08:09:18.809,0.85369,0.85381,1.87,1.00
2016.03.22 08:09:19.396,0.85371,0.85381,1.37,1.00
2016.03.22 08:09:19.499,0.85371,0.85383,1.87,1.00
2016.03.22 08:09:19.803,0.85375,0.85385,1.00,1.37
2016.03.22 08:09:19.905,0.85376,0.85387,1.00,1.00
2016.03.22 08:09:20.411,0.85376,0.85385,1.00,1.00
2016.03.22 08:09:20.919,0.85376,0.85386,1.00,1.00
2016.03.22 08:09:22.021,0.85376,0.85385,1.00,1.00
2016.03.22 08:09:22.540,0.85374,0.85386,1.12,1.12
2016.03.22 08:09:22.693,0.85373,0.85378,1.12,1.00
2016.03.22 08:09:22.845,0.85364,0.85375,1.87,1.00
2016.03.22 08:09:22.897,0.85366,0.85378,1.00,1.00
2016.03.22 08:09:22.947,0.85366,0.85376,1.00,1.37
2016.03.22 08:09:23.247,0.85371,0.85383,1.12,1.12
2016.03.22 08:09:23.349,0.8537,0.85382,1.00,1.87
2016.03.22 08:09:23.653,0.85378,0.85387,1.00,1.12
2016.03.22 08:09:24.160,0.85378,0.85388,1.12,1.94
2016.03.22 08:09:25.033,0.85379,0.8539,1.00,1.12
2016.03.22 08:09:25.236,0.8538,0.85392,1.50,1.50
2016.03.22 08:09:25.338,0.8538,0.85392,1.87,1.00
2016.03.22 08:09:25.815,0.85382,0.85394,1.87,1.00
2016.03.22 08:09:26.220,0.8538,0.85393,1.95,1.12
2016.03.22 08:09:27.071,0.85382,0.85394,1.00,1.87
2016.03.22 08:09:27.172,0.8538,0.85391,1.37,1.00
2016.03.22 08:09:27.273,0.85378,0.85391,2.25,1.12
2016.03.22 08:09:27.526,0.8538,0.85392,1.37,1.00
2016.03.22 08:09:28.125,0.85382,0.85394,1.00,2.62
2016.03.22 08:09:28.631,0.85383,0.85395,1.12,1.12
2016.03.22 08:09:29.163,0.85382,0.85394,1.87,1.00
2016.03.22 08:09:30.011,0.85382,0.85395,1.87,1.12
2016.03.22 08:09:30.717,0.85385,0.85396,1.00,1.37
2016.03.22 08:09:31.022,0.85387,0.85399,1.00,1.87
2016.03.22 08:09:31.528,0.85385,0.85397,1.12,1.12
2016.03.22 08:09:31.731,0.85387,0.85399,1.00,1.87
2016.03.22 08:09:32.147,0.85387,0.854,1.87,1.50
2016.03.22 08:09:32.652,0.85387,0.85399,1.12,1.87
2016.03.22 08:09:34.304,0.85389,0.85399,1.00,1.12
2016.03.22 08:09:34.456,0.85389,0.85401,1.12,1.12
2016.03.22 08:09:34.658,0.85389,0.854,1.00,1.12
2016.03.22 08:09:35.392,0.85388,0.854,1.12,1.12
2016.03.22 08:09:36.930,0.85389,0.854,1.00,1.12
2016.03.22 08:09:37.435,0.85388,0.854,1.12,1.12
2016.03.22 08:09:37.781,0.85386,0.85398,1.12,1.12
2016.03.22 08:09:37.934,0.85388,0.85399,1.00,1.87
2016.03.22 08:09:38.440,0.85388,0.85399,1.00,1.12
2016.03.22 08:09:39.230,0.85389,0.854,1.00,1.37
2016.03.22 08:09:39.281,0.85389,0.85401,1.50,1.50
2016.03.22 08:09:39.787,0.8539,0.854,1.00,1.00
2016.03.22 08:09:40.335,0.85389,0.854,1.00,1.00
2016.03.22 08:09:41.824,0.8539,0.854,1.00,1.00
2016.03.22 08:09:42.329,0.85389,0.854,1.00,1.00
2016.03.22 08:09:42.837,0.85389,0.85401,1.50,1.50
2016.03.22 08:09:43.343,0.85389,0.854,1.00,1.00
2016.03.22 08:09:43.394,0.85388,0.854,1.87,1.87
2016.03.22 08:09:44.221,0.85389,0.854,1.00,1.12
2016.03.22 08:09:46.720,0.85389,0.85399,1.00,1.12
2016.03.22 08:09:46.974,0.85386,0.85398,1.00,1.50
2016.03.22 08:09:47.449,0.85388,0.85399,1.00,1.87
2016.03.22 08:09:47.752,0.85388,0.85397,1.00,1.12
2016.03.22 08:09:48.009,0.85389,0.85399,1.00,1.37
2016.03.22 08:09:48.415,0.85393,0.854,1.00,1.00
2016.03.22 08:09:48.517,0.85389,0.85398,1.00,1.37
2016.03.22 08:09:48.568,0.85387,0.85398,1.00,1.37
2016.03.22 08:09:48.873,0.85385,0.85398,1.12,1.87
2016.03.22 08:09:49.173,0.85386,0.85396,1.00,1.12
2016.03.22 08:09:49.608,0.85388,0.85396,1.00,1.12
2016.03.22 08:09:49.811,0.85386,0.85396,1.00,1.12
2016.03.22 08:09:49.913,0.85386,0.85398,1.00,1.37
2016.03.22 08:09:50.165,0.85388,0.85398,1.00,1.37
2016.03.22 08:09:50.707,0.85388,0.85398,1.50,1.12
2016.03.22 08:09:51.163,0.85391,0.85399,1.00,1.37
2016.03.22 08:09:51.214,0.85391,0.854,1.00,1.40
2016.03.22 08:09:51.729,0.85391,0.85401,1.00,1.00
2016.03.22 08:09:52.279,0.85394,0.85401,1.00,1.00
2016.03.22 08:09:52.785,0.85393,0.85401,1.00,1.00
2016.03.22 08:09:53.118,0.85395,0.85401,1.00,1.00
2016.03.22 08:09:53.623,0.85394,0.85401,1.00,1.00
2016.03.22 08:09:54.478,0.85395,0.85401,1.00,1.00
2016.03.22 08:09:54.655,0.85396,0.85405,1.00,1.37
2016.03.22 08:09:55.161,0.85396,0.85407,1.00,1.12
2016.03.22 08:09:56.789,0.85394,0.85407,1.50,1.87
2016.03.22 08:09:57.389,0.85393,0.85403,1.87,1.00
2016.03.22 08:09:57.440,0.85393,0.85403,1.00,1.00
2016.03.22 08:09:57.941,0.85392,0.85403,1.00,1.37
2016.03.22 08:09:58.455,0.85393,0.85403,1.00,1.37
2016.03.22 08:09:58.513,0.85397,0.85404,1.00,1.00
2016.03.22 08:09:58.665,0.85394,0.85405,1.00,1.00
2016.03.22 08:09:58.868,0.85397,0.85405,1.00,1.50
2016.03.22 08:09:59.373,0.854,0.85405,1.00,1.37
2016.03.22 08:09:59.424,0.85402,0.85412,1.00,3.41
2016.03.22 08:09:59.832,0.854,0.85411,1.00,1.53
2016.03.22 08:09:59.883,0.854,0.85411,1.00,1.50
2016.03.22 08:10:00.137,0.85398,0.8541,1.12,1.12
2016.03.22 08:10:00.340,0.85401,0.85411,1.00,1.37
2016.03.22 08:10:00.623,0.85401,0.85412,1.00,1.12
2016.03.22 08:10:00.725,0.85401,0.85412,1.00,1.75
2016.03.22 08:10:00.776,0.85399,0.85409,1.12,1.00
2016.03.22 08:10:01.130,0.85399,0.85412,1.87,1.12
2016.03.22 08:10:01.534,0.854,0.85411,1.00,1.50
2016.03.22 08:10:01.761,0.85398,0.8541,1.12,1.12
2016.03.22 08:10:02.268,0.85399,0.85409,1.00,1.00
2016.03.22 08:10:02.774,0.85398,0.8541,1.12,1.12
2016.03.22 08:10:03.335,0.85399,0.85409,1.00,1.00
2016.03.22 08:10:03.853,0.85397,0.8541,1.87,1.12
2016.03.22 08:10:04.113,0.85398,0.85408,1.12,1.00
2016.03.22 08:10:04.989,0.85397,0.8541,1.87,1.12
2016.03.22 08:10:05.090,0.85397,0.85408,1.37,1.00
2016.03.22 08:10:05.141,0.85396,0.85408,1.12,1.12
2016.03.22 08:10:05.783,0.85395,0.85407,1.37,1.00
2016.03.22 08:10:06.491,0.85395,0.85405,1.37,1.00
2016.03.22 08:10:06.814,0.85392,0.85403,1.12,1.00
2016.03.22 08:10:07.040,0.85391,0.85402,1.37,1.12
2016.03.22 08:10:07.647,0.85388,0.85399,1.00,1.12
2016.03.22 08:10:09.450,0.85385,0.85399,1.12,1.12
2016.03.22 08:10:09.757,0.85387,0.854,1.37,1.12
2016.03.22 08:10:09.858,0.85385,0.85398,1.37,1.12
2016.03.22 08:10:10.162,0.85382,0.85396,1.12,1.12
2016.03.22 08:10:10.483,0.8538,0.85396,4.87,1.87
2016.03.22 08:10:10.537,0.85382,0.85397,1.12,1.87
2016.03.22 08:10:11.762,0.85382,0.85394,1.12,1.00
2016.03.22 08:10:12.061,0.85382,0.85396,1.12,1.12
2016.03.22 08:10:12.566,0.85388,0.85397,1.00,1.00
2016.03.22 08:10:12.870,0.85393,0.85402,1.00,1.77
2016.03.22 08:10:13.372,0.85395,0.85404,1.00,1.65
2016.03.22 08:10:13.878,0.85396,0.85404,1.00,1.65
2016.03.22 08:10:13.929,0.85396,0.85404,1.00,1.00
2016.03.22 08:10:14.183,0.85397,0.85407,1.00,1.37
2016.03.22 08:10:14.723,0.85396,0.85407,1.00,1.37
2016.03.22 08:10:15.271,0.85395,0.85407,1.00,1.37
2016.03.22 08:10:15.895,0.85397,0.85407,1.00,1.37
2016.03.22 08:10:16.419,0.85398,0.85407,1.00,1.50
2016.03.22 08:10:16.949,0.85397,0.85407,1.00,1.50
2016.03.22 08:10:17.455,0.85398,0.85407,1.00,1.56
2016.03.22 08:10:18.044,0.85397,0.85407,1.00,1.56
2016.03.22 08:10:20.087,0.854,0.85407,1.00,1.37
2016.03.22 08:10:20.290,0.85397,0.85407,1.00,1.37
2016.03.22 08:10:21.151,0.85396,0.85407,1.00,1.37
2016.03.22 08:10:21.254,0.85399,0.85407,1.00,1.37
2016.03.22 08:10:21.409,0.85399,0.8541,1.00,1.56
2016.03.22 08:10:21.764,0.85397,0.85409,1.00,1.37
2016.03.22 08:10:22.270,0.85398,0.85409,1.00,1.37
2016.03.22 08:10:22.574,0.854,0.85409,1.00,1.37
2016.03.22 08:10:23.079,0.85401,0.85411,1.00,4.87
2016.03.22 08:10:23.414,0.85403,0.85411,1.00,4.87
2016.03.22 08:10:23.820,0.85401,0.85411,1.00,1.51
2016.03.22 08:10:24.073,0.85402,0.85414,1.12,4.50
2016.03.22 08:10:24.124,0.85405,0.85414,1.00,4.50
2016.03.22 08:10:24.632,0.85402,0.85414,1.87,3.75
2016.03.22 08:10:25.139,0.85402,0.85413,1.00,1.14
2016.03.22 08:10:25.241,0.85405,0.85413,1.00,1.00
2016.03.22 08:10:25.746,0.85406,0.85414,1.00,1.00
2016.03.22 08:10:26.251,0.85405,0.85414,1.00,1.00
2016.03.22 08:10:26.883,0.85405,0.85416,1.00,3.51
2016.03.22 08:10:27.398,0.85404,0.85416,1.12,3.51
2016.03.22 08:10:27.752,0.85406,0.85416,1.00,3.51
2016.03.22 08:10:28.115,0.85405,0.85414,1.00,1.26
2016.03.22 08:10:29.085,0.85407,0.85414,1.00,2.01
2016.03.22 08:10:29.604,0.85406,0.85414,1.00,1.00
2016.03.22 08:10:30.212,0.85406,0.85416,1.00,1.26
2016.03.22 08:10:30.755,0.85406,0.85416,1.00,1.26
2016.03.22 08:10:31.293,0.85406,0.85417,1.00,2.90
2016.03.22 08:10:31.616,0.85406,0.85418,1.00,1.65
2016.03.22 08:10:32.324,0.85407,0.85418,1.00,1.65
2016.03.22 08:10:32.835,0.85406,0.85418,1.00,2.90
2016.03.22 08:10:32.886,0.85408,0.85418,1.00,2.90
2016.03.22 08:10:33.191,0.85411,0.85418,1.00,1.77
2016.03.22 08:10:33.697,0.8541,0.85418,1.00,1.77
2016.03.22 08:10:34.209,0.85409,0.85418,1.12,1.77
2016.03.22 08:10:34.415,0.85409,0.85422,1.12,2.90
2016.03.22 08:10:34.516,0.85414,0.85422,1.00,2.90
2016.03.22 08:10:34.821,0.85416,0.85422,1.87,1.77
2016.03.22 08:10:35.023,0.85415,0.85422,1.00,1.77
2016.03.22 08:10:35.174,0.85413,0.85422,1.00,1.77
2016.03.22 08:10:35.428,0.85411,0.85421,1.00,1.02
2016.03.22 08:10:35.631,0.85409,0.85419,1.00,1.02
2016.03.22 08:10:35.934,0.85408,0.85419,1.00,1.77
2016.03.22 08:10:36.206,0.85406,0.85419,1.00,1.77
2016.03.22 08:10:36.308,0.85407,0.85419,1.50,1.40
2016.03.22 08:10:36.713,0.85403,0.85416,1.12,1.37
2016.03.22 08:10:37.200,0.85405,0.85416,1.00,2.90
2016.03.22 08:10:37.724,0.85404,0.85415,1.00,1.40
2016.03.22 08:10:38.232,0.85403,0.85415,1.00,1.40
2016.03.22 08:10:38.825,0.85404,0.85415,1.00,1.40
2016.03.22 08:10:39.619,0.85403,0.85413,1.00,1.12
2016.03.22 08:10:40.144,0.85402,0.85413,1.00,1.12
2016.03.22 08:10:40.448,0.85403,0.85415,1.12,1.02
2016.03.22 08:10:40.549,0.85406,0.85415,1.00,1.02
2016.03.22 08:10:41.098,0.85405,0.85417,1.12,1.02
2016.03.22 08:10:41.654,0.85405,0.85418,1.12,1.37
2016.03.22 08:10:42.059,0.85403,0.85413,1.00,1.00
2016.03.22 08:10:42.598,0.85403,0.85414,1.00,1.12
2016.03.22 08:10:42.750,0.85401,0.85413,1.50,1.00
2016.03.22 08:10:43.752,0.85402,0.85414,1.00,1.00
2016.03.22 08:10:44.944,0.85403,0.85416,1.37,1.02
2016.03.22 08:10:45.362,0.85405,0.85418,1.37,1.40
2016.03.22 08:10:45.868,0.85406,0.85419,1.37,1.02
2016.03.22 08:10:46.618,0.85406,0.8542,1.37,1.87
2016.03.22 08:10:48.478,0.85409,0.85419,1.00,1.02
2016.03.22 08:10:48.781,0.85412,0.85423,1.37,1.02
2016.03.22 08:10:49.136,0.85416,0.85423,1.00,1.02
2016.03.22 08:10:49.238,0.85414,0.85423,1.00,1.02
2016.03.22 08:10:49.446,0.85414,0.85426,1.00,1.00
2016.03.22 08:10:50.436,0.85417,0.85426,1.00,1.00
2016.03.22 08:10:50.639,0.85416,0.85429,1.67,1.12
2016.03.22 08:10:51.096,0.85416,0.85427,1.67,1.00
2016.03.22 08:10:51.298,0.85416,0.85429,1.67,1.12
2016.03.22 08:10:51.349,0.85415,0.85428,1.72,1.37
2016.03.22 08:10:52.096,0.85414,0.85428,1.87,2.25
2016.03.22 08:10:52.400,0.85414,0.85423,1.00,1.00
2016.03.22 08:10:52.800,0.8541,0.85421,1.25,1.12
2016.03.22 08:10:52.952,0.85408,0.85421,2.10,1.12
2016.03.22 08:10:53.457,0.85407,0.85421,2.47,1.12
2016.03.22 08:10:55.173,0.85412,0.85421,1.00,2.62
2016.03.22 08:10:55.468,0.85414,0.85425,1.72,1.00
2016.03.22 08:10:55.569,0.85415,0.85425,2.47,1.00
2016.03.22 08:10:56.075,0.85416,0.85425,1.12,1.00
2016.03.22 08:10:56.617,0.85416,0.85426,1.12,1.00
2016.03.22 08:10:57.145,0.85416,0.85427,1.12,1.00
2016.03.22 08:10:57.915,0.85416,0.85428,1.12,1.00
2016.03.22 08:10:58.421,0.85416,0.85427,1.12,1.00
2016.03.22 08:10:58.816,0.85416,0.85429,1.87,1.12
2016.03.22 08:10:59.018,0.85416,0.85427,1.12,1.00
2016.03.22 08:10:59.820,0.85416,0.85424,1.12,1.00
2016.03.22 08:10:59.871,0.85415,0.85424,1.37,1.00
2016.03.22 08:10:59.973,0.85413,0.85424,1.41,1.00
2016.03.22 08:11:00.170,0.85411,0.85422,1.16,1.00
2016.03.22 08:11:00.677,0.8541,0.85422,1.12,1.12
2016.03.22 08:11:00.728,0.85412,0.85423,1.00,1.37
2016.03.22 08:11:00.880,0.85414,0.85425,1.00,1.50
2016.03.22 08:11:01.285,0.85411,0.85423,1.00,1.37
2016.03.22 08:11:01.639,0.85409,0.8542,1.37,1.00
2016.03.22 08:11:01.942,0.85406,0.85416,1.37,1.00
2016.03.22 08:11:01.994,0.85404,0.85416,1.37,1.00
2016.03.22 08:11:02.046,0.85404,0.85413,1.37,1.00
2016.03.22 08:11:02.208,0.85403,0.85413,1.00,1.00
2016.03.22 08:11:02.714,0.85403,0.85412,1.00,1.00
2016.03.22 08:11:03.231,0.85403,0.85413,1.00,1.00
2016.03.22 08:11:03.738,0.85403,0.85414,1.00,1.00
2016.03.22 08:11:03.892,0.85401,0.85414,1.50,1.87
2016.03.22 08:11:04.348,0.85405,0.85414,1.00,1.37
2016.03.22 08:11:04.449,0.85402,0.85414,1.12,1.37
2016.03.22 08:11:04.501,0.85405,0.85416,1.37,1.00
2016.03.22 08:11:04.805,0.85402,0.85414,1.37,1.00
2016.03.22 08:11:05.312,0.85402,0.85413,1.37,1.00
2016.03.22 08:11:05.464,0.85402,0.85415,1.87,1.12
2016.03.22 08:11:06.375,0.85402,0.85414,1.37,1.00
2016.03.22 08:11:06.628,0.854,0.85414,2.47,1.87
2016.03.22 08:11:06.987,0.854,0.85413,1.00,1.12
2016.03.22 08:11:07.493,0.85398,0.8541,1.37,1.00
2016.03.22 08:11:07.797,0.85396,0.8541,1.87,1.37
2016.03.22 08:11:08.446,0.85398,0.8541,1.00,1.37
2016.03.22 08:11:08.497,0.85399,0.85411,1.37,1.00
2016.03.22 08:11:09.336,0.85402,0.85411,1.37,1.00
2016.03.22 08:11:09.387,0.85402,0.85415,1.37,1.87
2016.03.22 08:11:10.051,0.85404,0.85415,1.00,1.12
2016.03.22 08:11:10.204,0.85406,0.85415,1.12,1.00
2016.03.22 08:11:10.539,0.8541,0.85417,1.50,1.26
2016.03.22 08:11:10.794,0.85411,0.85423,1.37,1.14
2016.03.22 08:11:10.947,0.85409,0.85423,1.37,2.01
2016.03.22 08:11:11.855,0.85409,0.85421,1.37,1.00
2016.03.22 08:11:12.360,0.85409,0.85422,1.87,1.26
2016.03.22 08:11:12.691,0.85409,0.8542,1.37,1.00
2016.03.22 08:11:12.996,0.85406,0.85419,1.50,2.25
2016.03.22 08:11:13.097,0.85404,0.85417,1.12,1.37
2016.03.22 08:11:13.603,0.85403,0.85418,1.87,2.01
2016.03.22 08:11:15.007,0.85406,0.85418,1.30,1.26
2016.03.22 08:11:15.516,0.85405,0.85418,1.35,1.64
2016.03.22 08:11:15.821,0.85404,0.85415,1.60,1.00
2016.03.22 08:11:16.322,0.85404,0.85415,1.00,1.00
2016.03.22 08:11:16.849,0.85405,0.85415,1.00,1.00
2016.03.22 08:11:17.279,0.85403,0.85415,1.00,1.00
2016.03.22 08:11:17.481,0.85403,0.85415,1.00,1.51
2016.03.22 08:11:17.633,0.85396,0.85408,1.50,1.00
2016.03.22 08:11:19.316,0.85396,0.85408,1.12,1.37
2016.03.22 08:11:19.977,0.85397,0.85407,1.00,1.37
2016.03.22 08:11:20.282,0.85397,0.85408,1.00,1.12
2016.03.22 08:11:20.787,0.85395,0.85408,1.87,1.12
2016.03.22 08:11:21.576,0.85395,0.85407,1.87,1.00
2016.03.22 08:11:22.143,0.85395,0.85405,1.87,1.00
2016.03.22 08:11:22.648,0.85397,0.85407,1.00,1.37
2016.03.22 08:11:23.155,0.85395,0.85407,1.00,1.87
2016.03.22 08:11:24.297,0.85396,0.85406,1.00,1.12
2016.03.22 08:11:24.500,0.85393,0.85405,2.62,1.00
2016.03.22 08:11:24.652,0.85393,0.85403,1.00,1.00
2016.03.22 08:11:24.754,0.85389,0.85402,2.47,1.12
2016.03.22 08:11:25.158,0.8539,0.854,1.00,1.12
2016.03.22 08:11:25.361,0.85388,0.854,1.12,1.12
2016.03.22 08:11:26.152,0.85387,0.85399,2.47,1.00
2016.03.22 08:11:26.459,0.85387,0.85396,1.00,1.37
2016.03.22 08:11:26.612,0.85384,0.85396,1.00,1.37
2016.03.22 08:11:26.663,0.85384,0.85393,1.00,1.37
2016.03.22 08:11:26.765,0.85382,0.85393,1.00,1.37
2016.03.22 08:11:27.181,0.85382,0.85395,1.12,1.87
2016.03.22 08:11:28.246,0.85383,0.85395,1.00,1.87
2016.03.22 08:11:29.010,0.85385,0.85395,1.00,1.87
2016.03.22 08:11:29.525,0.85381,0.85391,1.47,1.00
2016.03.22 08:11:29.677,0.8538,0.85391,1.00,1.12
2016.03.22 08:11:30.371,0.85379,0.85392,2.62,2.01
2016.03.22 08:11:32.126,0.85379,0.85389,1.12,1.00
2016.03.22 08:11:32.479,0.85375,0.85386,1.03,1.12
2016.03.22 08:11:33.087,0.85374,0.85383,1.03,1.00
2016.03.22 08:11:33.189,0.85374,0.85383,1.00,1.00
2016.03.22 08:11:33.241,0.85371,0.85383,1.53,1.87
2016.03.22 08:11:33.292,0.85371,0.85381,1.04,1.12
2016.03.22 08:11:33.495,0.8537,0.85382,1.91,1.12
2016.03.22 08:11:33.546,0.85374,0.85384,1.00,1.87
2016.03.22 08:11:34.096,0.85373,0.85384,1.00,1.12
2016.03.22 08:11:36.006,0.85374,0.85384,1.00,1.12
2016.03.22 08:11:36.057,0.85374,0.85385,1.00,1.37
2016.03.22 08:11:36.604,0.85373,0.85385,1.00,1.87
2016.03.22 08:11:36.757,0.85373,0.85385,1.00,4.87
2016.03.22 08:11:37.277,0.85372,0.85383,1.00,1.12
2016.03.22 08:11:37.889,0.85371,0.85383,1.12,1.87
2016.03.22 08:11:38.395,0.85372,0.85383,1.00,1.12
2016.03.22 08:11:38.699,0.85368,0.85379,1.03,1.37
2016.03.22 08:11:39.135,0.85367,0.85379,1.00,1.37
2016.03.22 08:11:39.591,0.8537,0.85379,1.00,1.37
2016.03.22 08:11:39.895,0.85372,0.85382,1.00,2.01
2016.03.22 08:11:40.501,0.8537,0.8538,1.00,1.37
2016.03.22 08:11:40.906,0.85368,0.8538,1.00,1.87
2016.03.22 08:11:41.679,0.85368,0.8538,1.00,2.25
2016.03.22 08:11:42.598,0.85368,0.85379,1.00,1.12
2016.03.22 08:11:42.901,0.85368,0.85377,1.00,1.12
2016.03.22 08:11:42.952,0.85365,0.85376,1.00,1.12
2016.03.22 08:11:43.458,0.85368,0.85376,1.00,1.12
2016.03.22 08:11:43.510,0.85368,0.85377,1.00,1.00
2016.03.22 08:11:43.611,0.85365,0.85377,1.50,1.00
2016.03.22 08:11:44.092,0.85366,0.85379,2.25,1.12
2016.03.22 08:11:44.449,0.85366,0.85379,1.12,1.87
2016.03.22 08:11:44.908,0.85365,0.85376,1.37,1.00
2016.03.22 08:11:45.212,0.85365,0.85374,1.00,1.12
2016.03.22 08:11:45.515,0.85368,0.85379,1.00,1.12
2016.03.22 08:11:46.554,0.85367,0.85379,1.00,1.87
2016.03.22 08:11:47.723,0.85367,0.85376,1.00,1.37
2016.03.22 08:11:47.926,0.85365,0.85376,1.00,1.37
2016.03.22 08:11:48.229,0.85367,0.85378,1.00,1.12
2016.03.22 08:11:48.832,0.85366,0.85378,1.12,1.12
2016.03.22 08:11:49.797,0.85365,0.85377,1.00,1.75
2016.03.22 08:11:50.254,0.85367,0.85377,1.00,1.12
2016.03.22 08:11:50.406,0.85367,0.85378,1.00,1.37
2016.03.22 08:11:50.457,0.85369,0.85379,1.00,1.37
2016.03.22 08:11:50.659,0.8537,0.85382,1.00,2.01
2016.03.22 08:11:51.207,0.8537,0.85383,1.12,3.14
2016.03.22 08:11:51.308,0.85369,0.85377,1.37,1.00
2016.03.22 08:11:51.521,0.85363,0.85376,1.12,1.50
2016.03.22 08:11:52.030,0.85367,0.85374,1.00,1.00
2016.03.22 08:11:52.233,0.85368,0.85379,1.00,2.39
2016.03.22 08:11:52.739,0.85363,0.85376,5.79,2.25
2016.03.22 08:11:52.860,0.85363,0.85374,2.04,1.37
2016.03.22 08:11:52.911,0.85365,0.85374,1.00,1.37
2016.03.22 08:11:53.216,0.85367,0.85376,1.00,1.12
2016.03.22 08:11:57.104,0.85368,0.85378,1.00,4.12
2016.03.22 08:11:57.249,0.85368,0.85378,1.00,1.12
2016.03.22 08:11:57.554,0.85369,0.8538,1.00,1.26
2016.03.22 08:11:58.111,0.85369,0.8538,1.00,1.12
2016.03.22 08:11:59.000,0.85368,0.85381,1.12,1.87
2016.03.22 08:11:59.999,0.85369,0.8538,1.00,1.26
2016.03.22 08:12:00.303,0.85373,0.85381,1.00,1.51
2016.03.22 08:12:00.506,0.85373,0.85385,1.50,1.87
2016.03.22 08:12:00.557,0.85373,0.85385,1.50,1.87
2016.03.22 08:12:01.303,0.85373,0.85383,1.00,1.50
2016.03.22 08:12:01.608,0.85373,0.85379,1.00,1.37
2016.03.22 08:12:02.338,0.85368,0.85379,1.00,1.37
2016.03.22 08:12:03.104,0.85369,0.85379,1.00,1.87
2016.03.22 08:12:03.708,0.85367,0.85379,1.50,1.37
2016.03.22 08:12:05.374,0.85368,0.85379,1.00,1.37
2016.03.22 08:12:05.921,0.85369,0.85379,1.00,1.37
2016.03.22 08:12:06.483,0.85368,0.85379,1.00,1.37
2016.03.22 08:12:07.071,0.85367,0.8538,1.87,1.64
2016.03.22 08:12:08.876,0.85369,0.85379,1.12,2.25
2016.03.22 08:12:09.079,0.85353,0.85366,3.51,1.50
2016.03.22 08:12:09.180,0.85353,0.85366,2.76,1.87
2016.03.22 08:12:09.441,0.85356,0.85368,1.00,1.37
2016.03.22 08:12:09.543,0.85356,0.85369,1.87,1.37
2016.03.22 08:12:10.054,0.85357,0.85369,1.00,1.37
2016.03.22 08:12:10.674,0.85357,0.85369,1.18,2.25
2016.03.22 08:12:10.978,0.85351,0.85357,1.26,1.50
2016.03.22 08:12:11.079,0.85354,0.85359,1.26,1.37
2016.03.22 08:12:11.181,0.85355,0.85362,1.26,1.87
2016.03.22 08:12:11.283,0.85355,0.85365,1.26,1.87
2016.03.22 08:12:11.593,0.85353,0.85365,1.00,1.55
2016.03.22 08:12:12.099,0.85349,0.8536,1.75,1.00
2016.03.22 08:12:12.151,0.85349,0.8536,1.12,1.00
2016.03.22 08:12:12.252,0.85347,0.85359,1.64,1.37
2016.03.22 08:12:12.569,0.85348,0.85362,2.52,1.87
2016.03.22 08:12:13.026,0.85349,0.8536,1.00,1.37
2016.03.22 08:12:13.575,0.8535,0.85361,1.00,1.37
2016.03.22 08:12:14.087,0.85352,0.85361,1.00,1.00
2016.03.22 08:12:14.596,0.85351,0.85361,1.00,1.00
2016.03.22 08:12:15.184,0.85352,0.85361,1.00,1.00
2016.03.22 08:12:15.799,0.85351,0.85361,1.00,1.00
2016.03.22 08:12:16.337,0.85354,0.85363,1.00,1.37
2016.03.22 08:12:16.388,0.85354,0.85363,1.00,1.00
2016.03.22 08:12:16.540,0.85352,0.85363,1.00,1.00
2016.03.22 08:12:16.793,0.85352,0.85363,1.00,1.12
2016.03.22 08:12:16.995,0.85348,0.8536,1.87,1.00
2016.03.22 08:12:17.123,0.85346,0.85359,2.52,1.12
2016.03.22 08:12:17.225,0.85346,0.85359,2.14,4.87
2016.03.22 08:12:17.530,0.85343,0.85356,1.53,1.87
2016.03.22 08:12:17.886,0.8534,0.85351,1.15,1.00
2016.03.22 08:12:18.212,0.8534,0.8535,1.53,1.37
2016.03.22 08:12:18.728,0.8534,0.8535,1.00,1.37
2016.03.22 08:12:18.981,0.8534,0.85348,1.04,1.12
2016.03.22 08:12:19.188,0.85341,0.85352,1.00,1.37
2016.03.22 08:12:19.694,0.8534,0.85352,1.00,2.25
2016.03.22 08:12:20.695,0.85341,0.85352,1.00,1.37
2016.03.22 08:12:21.200,0.85341,0.85353,1.12,1.12
2016.03.22 08:12:21.611,0.85341,0.85352,1.00,1.87
2016.03.22 08:12:22.117,0.8534,0.85352,1.00,1.87
2016.03.22 08:12:22.652,0.85339,0.8535,1.12,1.00
2016.03.22 08:12:23.305,0.8534,0.85352,1.00,1.87
2016.03.22 08:12:23.838,0.85337,0.8535,1.87,1.00
2016.03.22 08:12:24.495,0.85337,0.8535,1.37,1.87
2016.03.22 08:12:24.814,0.85343,0.85354,1.00,1.77
2016.03.22 08:12:25.218,0.8534,0.85347,1.37,1.00
2016.03.22 08:12:25.421,0.85332,0.85343,1.12,1.00
2016.03.22 08:12:25.554,0.85331,0.85341,2.55,1.12
2016.03.22 08:12:26.064,0.85332,0.85341,1.26,1.12
2016.03.22 08:12:26.620,0.8533,0.85343,1.12,1.50
2016.03.22 08:12:26.927,0.85332,0.85344,1.00,1.87
2016.03.22 08:12:27.535,0.85335,0.85345,1.00,1.87
2016.03.22 08:12:28.041,0.85335,0.85345,1.12,1.00
2016.03.22 08:12:28.566,0.85335,0.85345,1.50,1.00
2016.03.22 08:12:28.618,0.85336,0.85347,1.00,1.00
2016.03.22 08:12:28.977,0.85338,0.85349,1.00,1.64
2016.03.22 08:12:29.231,0.85339,0.85351,1.12,1.12
2016.03.22 08:12:29.810,0.85339,0.85351,1.05,1.12
2016.03.22 08:12:30.013,0.85338,0.85351,1.80,1.87
2016.03.22 08:12:30.115,0.85337,0.8535,1.05,1.37
2016.03.22 08:12:30.420,0.85337,0.85348,1.00,1.37
2016.03.22 08:12:30.565,0.85337,0.8535,1.12,1.87
2016.03.22 08:12:30.667,0.8534,0.8535,1.00,1.37
2016.03.22 08:12:30.869,0.85338,0.8535,1.00,1.37
2016.03.22 08:12:31.143,0.8534,0.8535,1.00,1.37
2016.03.22 08:12:31.524,0.8534,0.8535,1.00,1.12
2016.03.22 08:12:31.575,0.85334,0.85346,1.50,1.12
2016.03.22 08:12:31.677,0.85333,0.85343,1.12,1.00
2016.03.22 08:12:31.980,0.85331,0.85344,1.00,1.95
2016.03.22 08:12:32.032,0.85331,0.85344,1.12,1.95
2016.03.22 08:12:32.133,0.85333,0.85344,1.00,1.37
2016.03.22 08:12:32.562,0.85334,0.85342,1.00,1.12
2016.03.22 08:12:33.115,0.85334,0.85343,1.00,1.37
2016.03.22 08:12:33.167,0.85331,0.85344,1.12,1.87
2016.03.22 08:12:33.702,0.85332,0.85344,1.00,1.37
2016.03.22 08:12:33.854,0.85334,0.85345,2.10,1.50
2016.03.22 08:12:34.159,0.8534,0.85349,1.00,1.03
2016.03.22 08:12:34.210,0.8534,0.85349,1.00,1.00
2016.03.22 08:12:34.261,0.85343,0.85349,1.00,1.00
2016.03.22 08:12:34.463,0.85343,0.85353,1.00,1.87
2016.03.22 08:12:34.968,0.85341,0.85351,1.00,4.50
2016.03.22 08:12:35.070,0.85337,0.85348,1.00,1.37
2016.03.22 08:12:35.573,0.85336,0.85347,1.00,1.87
2016.03.22 08:12:35.978,0.85333,0.85345,1.12,1.12
2016.03.22 08:12:36.130,0.85335,0.85345,1.00,1.12
2016.03.22 08:12:36.231,0.85333,0.85345,1.12,1.12
2016.03.22 08:12:36.511,0.85335,0.85347,1.00,1.87
2016.03.22 08:12:36.562,0.85335,0.85347,1.00,1.87
2016.03.22 08:12:36.665,0.85335,0.85345,1.00,1.37
2016.03.22 08:12:37.173,0.85334,0.85347,1.37,1.87
2016.03.22 08:12:37.635,0.85337,0.85347,1.00,1.12
2016.03.22 08:12:37.737,0.85338,0.85348,1.00,1.37
2016.03.22 08:12:38.042,0.85336,0.85348,1.00,1.87
2016.03.22 08:12:38.589,0.85337,0.85348,1.00,1.37
2016.03.22 08:12:38.640,0.8534,0.85348,1.00,1.37
2016.03.22 08:12:38.742,0.8534,0.85351,1.00,1.12
2016.03.22 08:12:38.844,0.85342,0.85351,1.00,1.12
2016.03.22 08:12:39.175,0.85343,0.85355,1.00,1.12
2016.03.22 08:12:39.480,0.85344,0.85356,1.50,1.00
2016.03.22 08:12:39.632,0.85348,0.85356,1.00,1.00
2016.03.22 08:12:39.784,0.85348,0.85359,1.00,1.00
2016.03.22 08:12:40.648,0.85347,0.85359,1.50,1.00
2016.03.22 08:12:41.262,0.85348,0.85359,1.00,1.00
2016.03.22 08:12:41.466,0.85349,0.85362,1.12,1.37
2016.03.22 08:12:42.327,0.85348,0.85361,1.50,1.12
2016.03.22 08:12:42.530,0.85347,0.85359,1.50,1.00
2016.03.22 08:12:43.049,0.85348,0.85359,1.00,1.00
2016.03.22 08:12:43.404,0.85347,0.85359,1.12,1.12
2016.03.22 08:12:43.707,0.85344,0.85357,1.50,1.12
2016.03.22 08:12:44.818,0.85342,0.85355,4.42,1.12
2016.03.22 08:12:44.870,0.85341,0.85353,1.60,1.00
2016.03.22 08:12:46.640,0.85341,0.85353,1.50,1.00
2016.03.22 08:12:47.827,0.85342,0.85353,1.00,1.00
2016.03.22 08:12:48.080,0.85342,0.85356,1.37,1.37
2016.03.22 08:12:48.131,0.8534,0.85355,1.85,1.37
2016.03.22 08:12:48.182,0.85339,0.85353,1.50,1.37
2016.03.22 08:12:48.234,0.85337,0.85352,4.50,1.12
2016.03.22 08:12:48.385,0.85335,0.8535,1.87,1.37
2016.03.22 08:12:48.638,0.85334,0.85349,1.87,1.12
2016.03.22 08:12:48.941,0.85333,0.85347,1.12,1.12
2016.03.22 08:12:49.246,0.85333,0.85347,1.15,1.12
2016.03.22 08:12:49.602,0.85332,0.85345,4.90,1.12
2016.03.22 08:12:49.855,0.85331,0.85345,1.87,1.12
2016.03.22 08:12:50.209,0.85329,0.85344,1.37,1.12
2016.03.22 08:12:50.656,0.85327,0.85341,4.53,1.12
2016.03.22 08:12:50.960,0.85324,0.85338,1.37,1.37
2016.03.22 08:12:51.528,0.85327,0.85338,1.00,1.37
2016.03.22 08:12:51.731,0.85328,0.8534,1.00,1.37
2016.03.22 08:12:51.984,0.85329,0.85342,1.12,1.37
2016.03.22 08:12:52.085,0.8533,0.85344,1.87,1.12
2016.03.22 08:12:52.591,0.85331,0.85341,1.00,1.00
2016.03.22 08:12:52.642,0.85329,0.85341,1.00,1.00
2016.03.22 08:12:54.142,0.85331,0.85341,1.00,1.00
2016.03.22 08:12:54.244,0.85331,0.85345,1.50,1.37
2016.03.22 08:12:55.400,0.85331,0.85345,1.00,4.87
2016.03.22 08:12:56.015,0.85331,0.85344,1.37,1.12
2016.03.22 08:12:56.066,0.85332,0.85344,1.00,1.00
2016.03.22 08:12:58.225,0.85332,0.85344,1.12,1.12
2016.03.22 08:12:58.528,0.85332,0.85341,1.00,1.37
2016.03.22 08:12:58.680,0.85329,0.85339,1.00,1.37
2016.03.22 08:12:59.035,0.85328,0.85336,1.00,1.00
2016.03.22 08:12:59.544,0.85327,0.85336,1.50,1.00
2016.03.22 08:13:00.157,0.85325,0.85336,1.00,1.00
2016.03.22 08:13:00.307,0.85327,0.85336,1.00,1.00
2016.03.22 08:13:00.359,0.85327,0.85338,1.00,1.00
2016.03.22 08:13:01.764,0.85329,0.85339,1.00,1.00
2016.03.22 08:13:01.866,0.85329,0.85342,1.12,1.37
2016.03.22 08:13:01.968,0.85331,0.85342,1.00,1.37
2016.03.22 08:13:02.278,0.85329,0.85342,1.12,1.87
2016.03.22 08:13:02.520,0.85327,0.8534,1.12,1.37
2016.03.22 08:13:03.042,0.85328,0.85339,1.35,1.12
2016.03.22 08:13:03.630,0.85329,0.8534,1.00,1.37
2016.03.22 08:13:04.869,0.85328,0.8534,1.00,1.37
2016.03.22 08:13:05.175,0.85332,0.8534,1.00,1.00
2016.03.22 08:13:05.479,0.85332,0.85343,1.12,1.37
2016.03.22 08:13:06.372,0.85333,0.85343,1.00,1.37
2016.03.22 08:13:06.661,0.85331,0.85342,1.00,1.12
2016.03.22 08:13:07.182,0.85331,0.8534,1.00,1.37
2016.03.22 08:13:07.733,0.85329,0.85342,1.50,1.87
2016.03.22 08:13:07.936,0.85331,0.85345,1.75,1.87
2016.03.22 08:13:08.441,0.85333,0.85346,1.12,1.87
2016.03.22 08:13:09.379,0.85332,0.85344,1.87,1.00
2016.03.22 08:13:10.247,0.85332,0.85345,1.87,1.12
2016.03.22 08:13:12.758,0.85332,0.85344,1.12,1.50
2016.03.22 08:13:13.100,0.85332,0.8534,1.00,1.12
2016.03.22 08:13:13.455,0.85332,0.8534,1.00,1.00
2016.03.22 08:13:13.557,0.85332,0.85343,1.00,1.37
2016.03.22 08:13:14.107,0.85332,0.85343,1.00,1.00
2016.03.22 08:13:14.663,0.85335,0.85346,1.00,4.12
2016.03.22 08:13:14.714,0.85335,0.85347,1.50,1.37
2016.03.22 08:13:14.766,0.85337,0.8535,3.82,4.87
2016.03.22 08:13:14.817,0.85342,0.85351,1.00,1.50
2016.03.22 08:13:15.081,0.85347,0.85352,1.12,2.17
2016.03.22 08:13:15.285,0.85348,0.85361,1.50,1.12
2016.03.22 08:13:15.386,0.85345,0.8536,1.95,1.87
2016.03.22 08:13:15.488,0.85345,0.85357,1.00,1.00
2016.03.22 08:13:15.981,0.85346,0.85361,1.87,2.62
2016.03.22 08:13:16.184,0.85349,0.85361,1.00,1.37
2016.03.22 08:13:16.542,0.85347,0.85361,1.12,1.37
2016.03.22 08:13:16.795,0.85348,0.85362,1.37,1.37
2016.03.22 08:13:17.300,0.85348,0.85362,1.87,2.38
2016.03.22 08:13:18.109,0.85348,0.85362,1.37,1.37
2016.03.22 08:13:19.332,0.85347,0.8536,1.87,1.37
2016.03.22 08:13:19.636,0.85347,0.85358,1.00,1.37
2016.03.22 08:13:19.789,0.85347,0.85361,2.62,1.77
2016.03.22 08:13:19.992,0.8535,0.85363,1.87,1.02
2016.03.22 08:13:20.298,0.85352,0.85365,1.37,1.02
2016.03.22 08:13:20.602,0.85356,0.85367,1.00,3.75
2016.03.22 08:13:21.006,0.85356,0.85368,1.00,1.00
2016.03.22 08:13:21.309,0.85358,0.85371,1.37,1.77
2016.03.22 08:13:21.412,0.85356,0.8537,1.87,1.77
2016.03.22 08:13:21.523,0.85358,0.85368,1.12,1.00
2016.03.22 08:13:21.625,0.85355,0.85367,1.00,1.12
2016.03.22 08:13:22.547,0.85353,0.85366,1.87,1.50
2016.03.22 08:13:23.409,0.85354,0.85366,1.37,1.00
2016.03.22 08:13:23.662,0.8535,0.85364,1.37,1.87
2016.03.22 08:13:24.526,0.85349,0.85357,1.00,1.00
2016.03.22 08:13:24.577,0.85345,0.85357,1.64,2.25
2016.03.22 08:13:24.628,0.85343,0.85355,1.64,1.37
2016.03.22 08:13:24.730,0.85343,0.85357,1.77,1.87
2016.03.22 08:13:25.237,0.85343,0.85356,1.77,1.12
2016.03.22 08:13:25.288,0.85343,0.85356,1.12,1.87
2016.03.22 08:13:25.681,0.85346,0.85356,1.12,1.00
2016.03.22 08:13:26.186,0.85346,0.85359,1.12,2.38
2016.03.22 08:13:26.490,0.8534,0.85353,1.74,4.50
2016.03.22 08:13:27.608,0.85338,0.8535,1.50,1.37
2016.03.22 08:13:27.766,0.85341,0.8535,1.00,1.37
2016.03.22 08:13:27.818,0.85341,0.85354,1.50,1.26
2016.03.22 08:13:30.794,0.8534,0.8535,1.12,1.00
2016.03.22 08:13:30.845,0.85339,0.8535,1.00,1.50
2016.03.22 08:13:30.896,0.85338,0.85347,1.39,1.00
2016.03.22 08:13:31.315,0.85335,0.85344,1.02,1.12
2016.03.22 08:13:31.366,0.85332,0.85345,1.00,1.87
2016.03.22 08:13:31.620,0.8533,0.85342,2.14,1.50
2016.03.22 08:13:32.126,0.85332,0.85343,1.12,1.37
2016.03.22 08:13:32.716,0.8533,0.85343,1.50,1.87
2016.03.22 08:13:33.436,0.85329,0.85339,1.39,1.12
2016.03.22 08:13:33.741,0.85326,0.85338,1.77,1.87
2016.03.22 08:13:33.997,0.85326,0.85338,1.12,1.87
2016.03.22 08:13:35.102,0.85326,0.85338,1.26,1.87
2016.03.22 08:13:35.809,0.85325,0.85335,2.76,1.00
2016.03.22 08:13:36.166,0.85325,0.85333,1.26,1.12
2016.03.22 08:13:36.218,0.85321,0.85333,1.13,1.87
2016.03.22 08:13:37.192,0.8532,0.85331,1.63,1.75
2016.03.22 08:13:38.291,0.85318,0.85329,1.50,1.50
2016.03.22 08:13:39.202,0.85316,0.85328,1.50,1.12
2016.03.22 08:13:39.304,0.85314,0.85326,1.87,1.00
2016.03.22 08:13:39.609,0.85314,0.85327,1.50,1.87
2016.03.22 08:13:39.660,0.85315,0.85327,1.00,1.50
2016.03.22 08:13:39.711,0.85315,0.85325,1.00,1.00
2016.03.22 08:13:40.169,0.85314,0.85327,1.87,1.12
2016.03.22 08:13:40.686,0.85314,0.85326,1.87,1.00
2016.03.22 08:13:40.787,0.85317,0.85327,1.00,1.12
2016.03.22 08:13:40.939,0.85318,0.85329,1.12,1.15
2016.03.22 08:13:40.990,0.8532,0.85329,1.00,1.15
2016.03.22 08:13:41.551,0.85319,0.85332,1.87,2.04
2016.03.22 08:13:41.602,0.85319,0.85331,1.87,1.12
2016.03.22 08:13:43.335,0.85319,0.8533,2.01,1.00
2016.03.22 08:13:43.860,0.85319,0.85332,2.76,1.50
2016.03.22 08:13:45.955,0.85321,0.85334,1.37,1.12
2016.03.22 08:13:46.143,0.85325,0.85337,1.12,3.75
2016.03.22 08:13:46.195,0.85325,0.85339,1.87,1.87
2016.03.22 08:13:47.157,0.85324,0.85337,1.12,1.37
2016.03.22 08:13:47.332,0.85321,0.85334,3.13,1.00
2016.03.22 08:13:47.688,0.85321,0.85333,1.63,1.12
2016.03.22 08:13:47.890,0.85321,0.85335,1.63,1.87
2016.03.22 08:13:48.878,0.85322,0.85335,1.51,1.12
2016.03.22 08:13:49.412,0.85321,0.85335,1.26,1.87
2016.03.22 08:13:49.923,0.85321,0.85334,1.55,1.37
2016.03.22 08:13:53.291,0.85322,0.85335,1.37,1.12
2016.03.22 08:13:53.393,0.85323,0.85337,1.12,1.87
2016.03.22 08:13:53.494,0.85325,0.85337,1.00,1.00
2016.03.22 08:13:55.101,0.85327,0.85338,1.00,1.00
2016.03.22 08:13:55.406,0.85325,0.85338,1.12,1.75
2016.03.22 08:13:55.507,0.85323,0.85337,2.62,1.37
2016.03.22 08:13:55.609,0.85323,0.85337,1.87,1.12
2016.03.22 08:13:56.014,0.85322,0.85333,1.50,1.37
2016.03.22 08:13:56.526,0.85323,0.85335,1.50,1.12
2016.03.22 08:13:57.032,0.85323,0.85334,1.00,1.50
2016.03.22 08:13:57.366,0.85325,0.85338,1.37,1.50
2016.03.22 08:13:57.873,0.85326,0.85338,1.37,1.00
2016.03.22 08:13:58.405,0.85326,0.85337,1.37,1.00
2016.03.22 08:13:58.810,0.85326,0.85339,1.37,1.12
2016.03.22 08:13:59.509,0.85325,0.85339,1.37,1.87
2016.03.22 08:14:00.136,0.85325,0.85339,1.00,1.87
2016.03.22 08:14:00.956,0.85323,0.85337,1.87,1.12
2016.03.22 08:14:01.344,0.85322,0.85335,1.00,1.87
2016.03.22 08:14:01.395,0.85322,0.85326,1.00,1.00
2016.03.22 08:14:01.619,0.85312,0.85323,1.00,1.87
2016.03.22 08:14:01.671,0.85312,0.85323,1.00,1.50
2016.03.22 08:14:02.582,0.85312,0.85322,1.00,1.00
2016.03.22 08:14:02.759,0.85312,0.85322,1.00,1.87
2016.03.22 08:14:02.810,0.85308,0.85319,1.50,1.00
2016.03.22 08:14:03.183,0.85308,0.85317,1.50,1.00
2016.03.22 08:14:03.688,0.85308,0.85316,1.12,1.00
2016.03.22 08:14:04.410,0.85308,0.85315,1.12,1.00
2016.03.22 08:14:04.613,0.85304,0.85314,1.37,1.00
2016.03.22 08:14:04.714,0.85303,0.85314,1.00,1.00
2016.03.22 08:14:04.917,0.85303,0.85312,1.00,1.00
2016.03.22 08:14:05.425,0.85302,0.85312,1.50,1.12
2016.03.22 08:14:06.262,0.853,0.85312,1.87,1.50
2016.03.22 08:14:06.618,0.853,0.8531,1.50,1.00
2016.03.22 08:14:07.073,0.853,0.85308,1.12,1.50
2016.03.22 08:14:07.225,0.85292,0.853,1.00,1.00
2016.03.22 08:14:07.327,0.85287,0.853,3.37,1.12
2016.03.22 08:14:07.681,0.85287,0.853,3.37,1.00
2016.03.22 08:14:08.253,0.85285,0.85295,1.00,1.00
2016.03.22 08:14:08.355,0.85283,0.85293,1.50,1.00
2016.03.22 08:14:08.664,0.85286,0.85296,1.00,1.87
2016.03.22 08:14:08.866,0.85286,0.85296,1.00,1.12
2016.03.22 08:14:08.968,0.85285,0.85298,1.75,1.12
2016.03.22 08:14:09.491,0.85286,0.85299,1.87,1.12
2016.03.22 08:14:10.458,0.85289,0.853,1.00,1.87
2016.03.22 08:14:10.763,0.85291,0.85303,1.87,1.12
2016.03.22 08:14:11.068,0.85289,0.853,1.20,1.00
2016.03.22 08:14:11.119,0.85289,0.853,4.50,1.00
2016.03.22 08:14:11.170,0.85291,0.85302,1.37,1.00
2016.03.22 08:14:11.333,0.8529,0.85299,1.37,1.00
2016.03.22 08:14:11.856,0.8529,0.85299,1.00,1.00
2016.03.22 08:14:12.160,0.85283,0.85293,1.37,1.00
2016.03.22 08:14:12.346,0.85279,0.85292,1.87,1.12
2016.03.22 08:14:12.600,0.85282,0.85292,1.00,1.12
2016.03.22 08:14:13.156,0.85283,0.85292,1.00,1.12
2016.03.22 08:14:13.729,0.8528,0.85292,1.00,2.25
2016.03.22 08:14:14.234,0.85278,0.85289,1.50,1.12
2016.03.22 08:14:14.740,0.85277,0.8529,1.87,1.12
2016.03.22 08:14:15.246,0.85277,0.85289,1.87,1.00
2016.03.22 08:14:15.755,0.85278,0.8529,1.12,1.12
2016.03.22 08:14:16.380,0.8528,0.8529,1.00,1.12
2016.03.22 08:14:16.886,0.85279,0.85289,1.00,1.00
2016.03.22 08:14:17.372,0.8528,0.85292,1.12,1.12
2016.03.22 08:14:17.423,0.8528,0.85293,1.00,1.87
2016.03.22 08:14:17.575,0.85282,0.85294,1.00,1.50
2016.03.22 08:14:17.626,0.85284,0.85295,1.00,1.12
2016.03.22 08:14:17.778,0.85288,0.85299,1.00,1.87
2016.03.22 08:14:17.880,0.85288,0.85301,1.87,1.87
2016.03.22 08:14:18.149,0.85289,0.853,1.37,1.00
2016.03.22 08:14:18.452,0.85292,0.853,1.00,1.00
2016.03.22 08:14:18.756,0.85289,0.853,1.37,1.00
2016.03.22 08:14:19.391,0.85289,0.85297,1.37,1.00
2016.03.22 08:14:19.644,0.85286,0.85295,1.37,1.00
2016.03.22 08:14:19.796,0.85286,0.85297,1.37,1.00
2016.03.22 08:14:20.325,0.85286,0.85296,1.37,1.00
2016.03.22 08:14:21.396,0.85286,0.85294,1.37,1.00
2016.03.22 08:14:21.447,0.85284,0.85294,1.12,1.00
2016.03.22 08:14:21.978,0.85283,0.85293,1.37,1.00
2016.03.22 08:14:22.180,0.85284,0.85297,1.12,1.87
2016.03.22 08:14:22.282,0.85283,0.85293,1.87,1.00
2016.03.22 08:14:22.384,0.85285,0.85295,1.00,1.00
2016.03.22 08:14:22.909,0.85283,0.85296,2.70,1.12
2016.03.22 08:14:23.921,0.85283,0.85295,1.95,1.00
2016.03.22 08:14:24.023,0.85282,0.85295,2.25,1.50
2016.03.22 08:14:24.175,0.85281,0.85294,1.12,1.50
2016.03.22 08:14:24.883,0.85282,0.85293,1.00,1.12
2016.03.22 08:14:24.934,0.85282,0.85295,2.25,1.37
2016.03.22 08:14:25.444,0.85283,0.85295,1.87,1.00
2016.03.22 08:14:25.950,0.85283,0.85294,1.87,1.00
2016.03.22 08:14:26.640,0.85283,0.85291,1.37,1.00
2016.03.22 08:14:26.792,0.8528,0.8529,1.12,1.00
2016.03.22 08:14:27.146,0.8528,0.8529,1.00,1.87
2016.03.22 08:14:27.483,0.8528,0.85286,1.00,1.12
2016.03.22 08:14:27.838,0.85273,0.85286,2.68,1.75
2016.03.22 08:14:27.939,0.85273,0.85284,2.31,1.12
2016.03.22 08:14:28.274,0.85273,0.85286,2.68,1.87
2016.03.22 08:14:28.988,0.85272,0.85284,2.25,1.00
2016.03.22 08:14:29.274,0.85272,0.85282,2.25,1.00
2016.03.22 08:14:29.808,0.8527,0.85282,1.37,1.00
2016.03.22 08:14:30.163,0.85272,0.85284,2.62,1.00
2016.03.22 08:14:31.450,0.85273,0.85285,3.75,1.00
2016.03.22 08:14:31.989,0.85275,0.85288,1.50,1.87
2016.03.22 08:14:32.921,0.85274,0.85284,1.87,1.00
2016.03.22 08:14:33.073,0.85272,0.85284,2.62,1.00
2016.03.22 08:14:34.573,0.85272,0.85285,2.62,1.12
2016.03.22 08:14:35.077,0.85272,0.85284,1.87,1.00
2016.03.22 08:14:36.077,0.85272,0.85283,3.00,1.00
2016.03.22 08:14:36.481,0.8527,0.8528,4.95,1.00
2016.03.22 08:14:36.885,0.85268,0.85278,1.00,1.00
2016.03.22 08:14:37.116,0.85267,0.85277,1.00,1.37
2016.03.22 08:14:37.167,0.85264,0.85275,1.93,1.00
2016.03.22 08:14:37.268,0.85267,0.85274,1.00,1.00
2016.03.22 08:14:37.522,0.85268,0.85277,1.00,1.37
2016.03.22 08:14:37.827,0.85264,0.85275,3.75,1.50
2016.03.22 08:14:38.227,0.85264,0.85271,3.75,1.00
2016.03.22 08:14:38.430,0.85262,0.85271,1.12,1.00
2016.03.22 08:14:38.936,0.8526,0.8527,1.12,1.00
2016.03.22 08:14:39.352,0.85259,0.8527,1.37,1.00
2016.03.22 08:14:39.859,0.85259,0.8527,1.00,1.00
2016.03.22 08:14:40.384,0.85259,0.85269,1.00,1.00
2016.03.22 08:14:40.546,0.85259,0.85267,1.00,1.00
2016.03.22 08:14:41.054,0.85257,0.85266,1.37,1.00
2016.03.22 08:14:41.106,0.85254,0.85266,1.87,1.00
2016.03.22 08:14:41.576,0.85253,0.85265,1.00,1.50
2016.03.22 08:14:42.105,0.85253,0.85264,1.00,1.00
2016.03.22 08:14:42.258,0.85253,0.85262,1.00,1.00
2016.03.22 08:14:42.852,0.85253,0.85263,1.00,1.00
2016.03.22 08:14:43.156,0.8525,0.85256,1.02,1.00
2016.03.22 08:14:43.459,0.85249,0.85253,1.02,1.00
2016.03.22 08:14:43.769,0.85247,0.85251,1.02,1.00
2016.03.22 08:14:43.820,0.85249,0.85254,1.02,1.00
2016.03.22 08:14:43.871,0.85245,0.85254,1.37,1.10
2016.03.22 08:14:43.922,0.85243,0.85248,1.37,1.00
2016.03.22 08:14:44.024,0.85238,0.85242,1.00,1.00
2016.03.22 08:14:44.075,0.85235,0.85242,1.37,1.00
2016.03.22 08:14:44.126,0.85234,0.85244,4.50,1.00
2016.03.22 08:14:44.432,0.85233,0.85241,3.75,1.50
2016.03.22 08:14:44.781,0.85233,0.8524,3.75,1.87
2016.03.22 08:14:44.983,0.85226,0.85239,1.87,1.12
2016.03.22 08:14:46.166,0.85228,0.8524,1.50,1.87
2016.03.22 08:14:46.267,0.85232,0.85242,1.50,1.37
2016.03.22 08:14:46.369,0.85232,0.85245,1.87,1.87
2016.03.22 08:14:46.852,0.85233,0.85244,1.12,1.00
2016.03.22 08:14:47.156,0.85235,0.85246,1.37,1.00
2016.03.22 08:14:47.207,0.85233,0.85242,4.12,1.00
2016.03.22 08:14:47.258,0.85233,0.85242,1.37,1.00
2016.03.22 08:14:47.309,0.85233,0.85244,1.37,1.00
2016.03.22 08:14:47.604,0.85232,0.85237,1.37,1.00
2016.03.22 08:14:47.655,0.85228,0.85237,1.12,1.00
2016.03.22 08:14:47.808,0.85226,0.85237,1.00,1.00
2016.03.22 08:14:48.011,0.85228,0.85237,1.00,1.00
2016.03.22 08:14:48.214,0.85228,0.85239,1.87,1.12
2016.03.22 08:14:48.315,0.85229,0.85239,1.37,1.00
2016.03.22 08:14:48.519,0.8523,0.85241,1.37,1.00
2016.03.22 08:14:48.721,0.85229,0.85239,1.12,1.00
2016.03.22 08:14:49.227,0.85229,0.85239,1.37,1.00
2016.03.22 08:14:49.764,0.85228,0.85239,1.37,1.00
2016.03.22 08:14:50.068,0.85228,0.85236,2.85,1.00
2016.03.22 08:14:50.321,0.85232,0.8524,1.00,1.00
2016.03.22 08:14:50.799,0.85232,0.85242,1.00,1.00
2016.03.22 08:14:51.054,0.85233,0.85242,1.12,1.00
2016.03.22 08:14:51.257,0.85231,0.85241,1.37,1.00
2016.03.22 08:14:51.409,0.85231,0.85239,1.37,1.00
2016.03.22 08:14:51.510,0.85231,0.85241,1.37,1.00
2016.03.22 08:14:51.641,0.85232,0.85243,1.37,1.00
2016.03.22 08:14:51.793,0.85233,0.8524,1.37,1.00
2016.03.22 08:14:52.098,0.85232,0.85236,1.39,1.00
2016.03.22 08:14:52.554,0.85227,0.85234,1.02,1.00
2016.03.22 08:14:52.707,0.85224,0.85234,1.12,1.00
2016.03.22 08:14:52.758,0.85224,0.85232,1.12,1.00
2016.03.22 08:14:52.860,0.85224,0.85232,1.00,1.00
2016.03.22 08:14:53.447,0.85222,0.85229,1.02,1.00
2016.03.22 08:14:53.904,0.8522,0.85229,1.64,1.00
2016.03.22 08:14:54.450,0.8522,0.85228,1.39,1.00
2016.03.22 08:14:55.548,0.8522,0.85229,1.00,1.00
2016.03.22 08:14:56.067,0.85219,0.85226,1.37,1.00
2016.03.22 08:14:56.574,0.85217,0.85226,1.12,1.00
2016.03.22 08:14:57.081,0.85216,0.85225,1.02,1.00
2016.03.22 08:14:57.284,0.85215,0.85221,1.02,1.00
2016.03.22 08:14:57.689,0.85211,0.8522,1.37,1.00
2016.03.22 08:14:58.593,0.85211,0.8522,4.12,1.00
2016.03.22 08:14:58.796,0.85213,0.85223,1.12,1.00
2016.03.22 08:14:58.999,0.85214,0.85224,3.75,1.00
2016.03.22 08:14:59.100,0.85216,0.85226,1.12,1.00
2016.03.22 08:14:59.601,0.85216,0.85225,1.12,1.00
2016.03.22 08:14:59.702,0.85215,0.85225,1.37,1.00
2016.03.22 08:15:00.224,0.85214,0.85226,1.37,1.00
2016.03.22 08:15:00.701,0.85214,0.85223,1.37,1.00
2016.03.22 08:15:01.310,0.85211,0.85222,1.02,1.00
2016.03.22 08:15:01.615,0.85207,0.85217,1.64,1.00
2016.03.22 08:15:01.919,0.85206,0.85212,3.75,1.00
2016.03.22 08:15:02.245,0.85206,0.8521,3.75,1.00
2016.03.22 08:15:02.398,0.85197,0.8521,2.59,1.00
2016.03.22 08:15:02.551,0.85202,0.8521,1.00,1.00
2016.03.22 08:15:02.602,0.85202,0.85212,1.00,1.00
2016.03.22 08:15:02.907,0.85198,0.85212,1.02,1.00
2016.03.22 08:15:03.760,0.85202,0.85212,1.00,1.00
2016.03.22 08:15:04.132,0.85203,0.8521,1.30,1.00
2016.03.22 08:15:04.336,0.85203,0.85215,1.12,1.00
2016.03.22 08:15:04.842,0.85204,0.85215,1.00,1.00
2016.03.22 08:15:05.390,0.85202,0.85215,2.37,1.00
2016.03.22 08:15:05.543,0.85203,0.85213,1.39,1.00
2016.03.22 08:15:06.200,0.85203,0.85212,1.00,1.00
2016.03.22 08:15:06.532,0.85203,0.85215,1.00,1.00
2016.03.22 08:15:06.736,0.85203,0.85218,1.57,1.00
2016.03.22 08:15:06.838,0.85202,0.85216,1.50,1.00
2016.03.22 08:15:07.144,0.85207,0.8522,1.00,1.12
2016.03.22 08:15:07.292,0.85208,0.85221,1.64,1.00
2016.03.22 08:15:07.452,0.8521,0.85223,1.00,1.00
2016.03.22 08:15:07.705,0.85212,0.85224,1.00,1.00
2016.03.22 08:15:08.618,0.85211,0.85224,1.64,1.00
2016.03.22 08:15:08.974,0.85208,0.8522,1.64,1.37
2016.03.22 08:15:09.341,0.85207,0.85217,1.64,1.00
2016.03.22 08:15:09.797,0.85207,0.85218,1.00,1.87
2016.03.22 08:15:10.322,0.85208,0.85218,1.35,1.87
2016.03.22 08:15:10.475,0.85207,0.85219,1.72,1.12
2016.03.22 08:15:11.447,0.85209,0.8522,2.10,1.00
2016.03.22 08:15:11.600,0.85212,0.85221,1.00,1.37
2016.03.22 08:15:12.323,0.85209,0.85221,1.72,1.87
2016.03.22 08:15:12.578,0.85212,0.85221,1.00,1.87
2016.03.22 08:15:12.730,0.85212,0.85223,1.12,1.50
2016.03.22 08:15:13.084,0.85212,0.85223,2.62,1.00
2016.03.22 08:15:13.585,0.85212,0.85224,1.87,1.12
2016.03.22 08:15:14.595,0.85212,0.85223,1.87,1.00
2016.03.22 08:15:15.523,0.85214,0.85226,1.72,1.12
2016.03.22 08:15:15.574,0.85214,0.85227,2.10,1.87
2016.03.22 08:15:15.625,0.85217,0.85227,1.60,1.12
2016.03.22 08:15:15.949,0.85219,0.8523,1.60,1.50
2016.03.22 08:15:16.000,0.85222,0.8523,1.00,1.50
2016.03.22 08:15:16.202,0.85218,0.85229,1.35,1.00
2016.03.22 08:15:16.304,0.85218,0.85227,1.35,1.00
2016.03.22 08:15:16.879,0.85215,0.85227,2.05,1.12
2016.03.22 08:15:17.426,0.85215,0.85226,2.05,1.00
2016.03.22 08:15:17.680,0.85215,0.85226,1.30,1.12
2016.03.22 08:15:19.045,0.85213,0.85223,1.90,1.00
2016.03.22 08:15:19.594,0.85213,0.85223,1.04,1.00
2016.03.22 08:15:20.140,0.85214,0.85225,1.00,1.37
2016.03.22 08:15:20.646,0.85213,0.85225,1.00,1.37
2016.03.22 08:15:20.950,0.85212,0.85222,1.15,1.00
2016.03.22 08:15:21.355,0.85213,0.85219,1.00,1.00
2016.03.22 08:15:21.862,0.85212,0.8522,1.12,1.00
2016.03.22 08:15:22.268,0.85211,0.85218,1.37,1.00
2016.03.22 08:15:23.379,0.85211,0.8522,1.37,1.00
2016.03.22 08:15:26.461,0.85211,0.85222,1.37,1.12
2016.03.22 08:15:26.967,0.85212,0.85223,1.12,1.00
2016.03.22 08:15:27.482,0.85211,0.85221,1.87,1.00
2016.03.22 08:15:29.029,0.85211,0.85222,1.37,1.00
2016.03.22 08:15:29.131,0.85209,0.85221,1.50,1.00
2016.03.22 08:15:29.232,0.85211,0.85221,1.00,1.50
2016.03.22 08:15:29.438,0.85209,0.85221,1.50,1.00
2016.03.22 08:15:29.845,0.85211,0.85221,1.00,1.50
2016.03.22 08:15:30.251,0.85209,0.85221,1.50,1.00
2016.03.22 08:15:30.656,0.85208,0.8522,1.00,1.87
2016.03.22 08:15:30.961,0.85207,0.85218,1.00,1.87
2016.03.22 08:15:31.062,0.85207,0.85219,1.87,1.12
2016.03.22 08:15:31.569,0.85206,0.85218,1.00,2.62
2016.03.22 08:15:32.159,0.85203,0.85215,1.12,1.12
2016.03.22 08:15:32.464,0.85203,0.85213,1.00,1.87
2016.03.22 08:15:33.222,0.85201,0.85211,1.12,1.12
2016.03.22 08:15:33.971,0.85198,0.8521,2.62,1.00
2016.03.22 08:15:34.578,0.85198,0.85209,1.00,1.12
2016.03.22 08:15:35.227,0.85197,0.85209,1.87,1.12
2016.03.22 08:15:35.732,0.85198,0.8521,1.00,1.37
2016.03.22 08:15:36.267,0.85197,0.85209,1.87,1.12
2016.03.22 08:15:38.021,0.85199,0.8521,1.00,1.41
2016.03.22 08:15:38.478,0.85197,0.8521,1.12,1.90
2016.03.22 08:15:39.025,0.852,0.8521,1.00,1.37
2016.03.22 08:15:39.788,0.85199,0.8521,1.00,1.37
2016.03.22 08:15:40.423,0.85198,0.8521,1.00,1.37
2016.03.22 08:15:40.932,0.85199,0.8521,1.00,1.37
2016.03.22 08:15:41.456,0.85198,0.8521,1.00,1.37
2016.03.22 08:15:41.980,0.85199,0.8521,1.00,1.37
2016.03.22 08:15:42.389,0.85201,0.8521,1.00,1.37
2016.03.22 08:15:42.917,0.85202,0.8521,1.00,1.37
2016.03.22 08:15:43.446,0.85203,0.85212,1.00,1.12
2016.03.22 08:15:43.497,0.85203,0.85214,1.00,1.37
2016.03.22 08:15:43.799,0.85205,0.85214,1.00,1.37
2016.03.22 08:15:45.125,0.85204,0.85214,1.00,1.37
2016.03.22 08:15:45.432,0.852,0.85212,1.00,1.37
2016.03.22 08:15:45.484,0.852,0.8521,1.00,1.37
2016.03.22 08:15:45.991,0.85199,0.8521,1.00,1.37
2016.03.22 08:15:46.342,0.85196,0.852,1.12,1.00
2016.03.22 08:15:46.393,0.85192,0.852,1.00,1.37
2016.03.22 08:15:46.444,0.85189,0.852,1.07,1.37
2016.03.22 08:15:46.798,0.85187,0.85198,1.32,1.37
2016.03.22 08:15:46.900,0.85185,0.85196,1.12,1.37
2016.03.22 08:15:47.099,0.85184,0.85194,1.00,1.37
2016.03.22 08:15:47.909,0.85187,0.85194,1.00,1.37
2016.03.22 08:15:48.011,0.85187,0.85197,1.00,1.12
2016.03.22 08:15:48.496,0.85185,0.85197,1.12,1.87
2016.03.22 08:15:49.204,0.85186,0.85197,1.00,1.12
2016.03.22 08:15:49.830,0.85185,0.85197,1.12,1.87
2016.03.22 08:15:50.034,0.85187,0.85197,1.00,1.87
2016.03.22 08:15:50.287,0.85187,0.85199,1.00,1.87
2016.03.22 08:15:50.338,0.8519,0.85199,1.00,1.37
2016.03.22 08:15:51.033,0.85191,0.85199,1.00,1.37
2016.03.22 08:15:51.134,0.85188,0.85199,1.00,1.37
2016.03.22 08:15:51.185,0.85188,0.85197,1.00,1.37
2016.03.22 08:15:51.489,0.85187,0.85195,1.00,1.37
2016.03.22 08:15:51.696,0.85187,0.85196,1.00,1.00
2016.03.22 08:15:52.102,0.85185,0.85196,1.00,1.00
2016.03.22 08:15:52.305,0.85184,0.85194,1.00,1.00
2016.03.22 08:15:52.631,0.85181,0.8519,1.00,1.00
2016.03.22 08:15:52.733,0.85178,0.8519,1.00,1.50
2016.03.22 08:15:52.835,0.85178,0.85188,1.00,1.00
2016.03.22 08:15:53.241,0.8518,0.8519,1.00,1.37
2016.03.22 08:15:53.839,0.85179,0.8519,1.00,1.37
2016.03.22 08:15:53.941,0.85176,0.85188,1.12,1.37
2016.03.22 08:15:54.194,0.85176,0.85185,1.00,1.00
2016.03.22 08:15:54.548,0.85173,0.85185,1.50,1.00
2016.03.22 08:15:54.599,0.85173,0.85184,1.00,1.12
2016.03.22 08:15:54.797,0.85174,0.85185,1.00,1.37
2016.03.22 08:15:55.050,0.85172,0.85185,2.25,1.37
2016.03.22 08:15:55.101,0.85177,0.85185,1.00,1.37
2016.03.22 08:15:55.305,0.85177,0.85187,1.00,1.37
2016.03.22 08:15:55.558,0.85173,0.85187,1.87,1.37
2016.03.22 08:15:56.412,0.85177,0.85187,1.00,1.37
2016.03.22 08:15:56.767,0.85182,0.85196,1.87,1.12
2016.03.22 08:15:56.974,0.85188,0.85196,1.00,1.12
2016.03.22 08:15:57.328,0.85187,0.85198,1.00,1.00
2016.03.22 08:15:57.430,0.85188,0.85202,1.50,1.37
2016.03.22 08:15:57.900,0.85187,0.85201,1.75,1.37
2016.03.22 08:15:57.951,0.85185,0.852,1.37,1.12
2016.03.22 08:15:58.205,0.85188,0.85202,1.37,1.87
2016.03.22 08:15:58.931,0.85185,0.85198,1.37,1.00
2016.03.22 08:15:59.236,0.85178,0.8519,1.50,1.37
2016.03.22 08:15:59.338,0.85178,0.85192,1.87,1.37
2016.03.22 08:15:59.822,0.85176,0.8519,1.37,1.37
2016.03.22 08:16:01.178,0.85178,0.8519,1.50,1.37
2016.03.22 08:16:01.330,0.85184,0.85196,1.00,1.00
2016.03.22 08:16:02.285,0.85187,0.85196,1.00,1.00
2016.03.22 08:16:02.336,0.85188,0.85202,1.50,1.50
2016.03.22 08:16:02.692,0.85192,0.85202,1.00,1.37
2016.03.22 08:16:02.844,0.85196,0.8521,1.12,1.12
2016.03.22 08:16:03.141,0.85198,0.85212,1.12,1.12
2016.03.22 08:16:04.234,0.85196,0.8521,1.15,1.12
2016.03.22 08:16:06.171,0.85195,0.85208,1.63,1.37
2016.03.22 08:16:06.323,0.85195,0.85207,1.63,1.12
2016.03.22 08:16:06.765,0.8519,0.85203,2.28,1.37
2016.03.22 08:16:07.018,0.85189,0.85203,1.40,1.37
2016.03.22 08:16:07.555,0.85189,0.85203,1.37,1.37
2016.03.22 08:16:08.932,0.8519,0.85204,1.87,1.12
2016.03.22 08:16:08.983,0.85192,0.85204,1.37,1.00
2016.03.22 08:16:09.153,0.85193,0.85207,1.50,1.37
2016.03.22 08:16:11.677,0.8519,0.85204,1.47,1.37
2016.03.22 08:16:12.082,0.85188,0.852,1.12,1.00
2016.03.22 08:16:12.946,0.85189,0.85203,1.12,1.12
2016.03.22 08:16:13.149,0.85194,0.85208,1.37,1.95
2016.03.22 08:16:13.453,0.85196,0.85211,1.12,1.40
2016.03.22 08:16:13.757,0.85198,0.85212,1.75,4.53
2016.03.22 08:16:14.003,0.85198,0.85212,1.12,1.15
2016.03.22 08:16:14.156,0.85196,0.8521,1.50,1.37
2016.03.22 08:16:14.359,0.85193,0.85207,1.50,1.12
2016.03.22 08:16:16.296,0.85195,0.85209,1.37,1.41
2016.03.22 08:16:21.370,0.85197,0.85209,1.00,1.37
2016.03.22 08:16:21.472,0.85201,0.85209,1.35,1.37
2016.03.22 08:16:21.574,0.85204,0.85215,2.47,3.13
2016.03.22 08:16:21.828,0.85208,0.85215,1.00,3.13
2016.03.22 08:16:22.031,0.85213,0.85227,2.25,4.50
2016.03.22 08:16:22.082,0.85214,0.85228,1.37,2.25
2016.03.22 08:16:22.281,0.85215,0.8523,3.75,1.50
2016.03.22 08:16:22.383,0.85214,0.85231,3.75,1.57
2016.03.22 08:16:22.434,0.85214,0.85231,3.75,1.87
2016.03.22 08:16:22.485,0.85213,0.85231,1.00,1.50
2016.03.22 08:16:22.688,0.85213,0.85231,1.00,1.12
2016.03.22 08:16:23.196,0.85214,0.85232,1.00,2.25
2016.03.22 08:16:23.732,0.85215,0.85232,1.00,2.25
2016.03.22 08:16:24.544,0.85216,0.85233,1.00,1.75
2016.03.22 08:16:24.646,0.85218,0.85234,1.00,2.25
2016.03.22 08:16:24.950,0.85216,0.85233,1.00,1.50
2016.03.22 08:16:25.484,0.85218,0.85233,1.00,1.50
2016.03.22 08:16:25.736,0.85218,0.85235,1.00,1.57
2016.03.22 08:16:25.787,0.8522,0.85236,1.00,4.87
2016.03.22 08:16:25.839,0.8522,0.85237,1.00,1.50
2016.03.22 08:16:26.412,0.85219,0.85235,1.00,1.10
2016.03.22 08:16:26.615,0.85221,0.85237,1.00,2.25
2016.03.22 08:16:26.717,0.85221,0.85237,1.00,1.10
2016.03.22 08:16:26.819,0.85219,0.85237,1.00,1.10
2016.03.22 08:16:27.072,0.85218,0.85236,1.12,1.12
2016.03.22 08:16:27.610,0.85219,0.85237,1.00,1.12
2016.03.22 08:16:28.168,0.85222,0.85237,1.00,1.10
2016.03.22 08:16:28.270,0.85222,0.85239,1.00,1.10
2016.03.22 08:16:28.321,0.85222,0.85235,1.00,1.00
2016.03.22 08:16:28.868,0.85221,0.85235,1.00,1.00
2016.03.22 08:16:29.121,0.85219,0.85235,1.00,1.00
2016.03.22 08:16:29.762,0.8522,0.85235,1.00,1.00
2016.03.22 08:16:30.268,0.85221,0.85235,1.00,1.00
2016.03.22 08:16:30.427,0.85223,0.85235,1.00,1.00
2016.03.22 08:16:30.945,0.85222,0.85234,1.00,1.00
2016.03.22 08:16:31.097,0.85219,0.85234,1.00,1.00
2016.03.22 08:16:31.148,0.85217,0.85229,1.50,1.00
2016.03.22 08:16:31.452,0.85206,0.85221,4.87,1.10
2016.03.22 08:16:31.971,0.85212,0.85222,1.00,1.00
2016.03.22 08:16:32.022,0.85212,0.85224,1.00,1.20
2016.03.22 08:16:32.225,0.85212,0.85226,1.00,1.50
2016.03.22 08:16:32.747,0.85212,0.85227,1.00,2.62
2016.03.22 08:16:32.849,0.8521,0.85226,1.00,1.12
2016.03.22 08:16:33.254,0.85208,0.85225,1.00,1.20
2016.03.22 08:16:34.534,0.85209,0.85226,1.00,2.52
2016.03.22 08:16:34.787,0.85207,0.85225,1.50,2.59
2016.03.22 08:16:35.217,0.85211,0.85225,3.75,2.22
2016.03.22 08:16:35.322,0.85213,0.85226,1.00,1.02
2016.03.22 08:16:35.373,0.85209,0.85226,1.00,1.02
2016.03.22 08:16:35.424,0.85213,0.85227,1.00,1.77
2016.03.22 08:16:35.525,0.85209,0.85224,1.50,1.00
2016.03.22 08:16:35.627,0.85207,0.85224,1.00,1.00
2016.03.22 08:16:35.830,0.8521,0.85224,1.37,1.00
2016.03.22 08:16:35.931,0.85207,0.85224,1.00,1.00
2016.03.22 08:16:36.160,0.85203,0.85221,1.50,1.00
2016.03.22 08:16:36.666,0.85203,0.85219,1.12,1.00
2016.03.22 08:16:37.193,0.85203,0.85219,1.00,2.14
2016.03.22 08:16:37.496,0.85207,0.85219,1.75,1.39
2016.03.22 08:16:37.800,0.85209,0.85221,1.12,1.02
2016.03.22 08:16:38.230,0.85211,0.85223,1.00,1.12
2016.03.22 08:16:38.332,0.85209,0.85221,1.00,1.00
2016.03.22 08:16:38.838,0.85207,0.85218,1.00,1.37
2016.03.22 08:16:38.940,0.85207,0.85221,1.12,1.95
2016.03.22 08:16:39.143,0.85207,0.85218,1.00,1.12
2016.03.22 08:16:39.549,0.85202,0.85217,1.87,1.87
2016.03.22 08:16:39.600,0.85202,0.85215,1.50,1.50
2016.03.22 08:16:39.910,0.85202,0.85214,1.12,1.12
2016.03.22 08:16:40.261,0.85203,0.8521,1.00,1.37
2016.03.22 08:16:40.363,0.85203,0.85213,1.00,1.37
2016.03.22 08:16:40.565,0.85199,0.85212,1.12,1.37
2016.03.22 08:16:40.870,0.85202,0.85214,1.00,1.47
2016.03.22 08:16:41.620,0.85202,0.85213,1.00,1.37
2016.03.22 08:16:41.772,0.852,0.85212,1.00,1.37
2016.03.22 08:16:42.138,0.85197,0.85209,1.50,1.00
2016.03.22 08:16:42.442,0.85194,0.85206,1.00,1.37
2016.03.22 08:16:42.644,0.85191,0.85203,2.92,1.00
2016.03.22 08:16:42.746,0.85191,0.85202,2.17,1.37
2016.03.22 08:16:43.184,0.85192,0.85206,1.50,1.37
2016.03.22 08:16:44.453,0.85193,0.85207,1.87,1.77
2016.03.22 08:16:44.757,0.85198,0.85211,1.37,1.02
2016.03.22 08:16:45.128,0.852,0.85213,1.57,1.15
2016.03.22 08:16:45.230,0.85199,0.85213,1.12,1.12
2016.03.22 08:16:45.281,0.85199,0.85213,1.87,1.37
2016.03.22 08:16:45.384,0.85197,0.85211,2.62,1.37
2016.03.22 08:16:46.723,0.85198,0.85214,1.12,4.12
2016.03.22 08:16:46.774,0.85201,0.85215,1.37,3.00
2016.03.22 08:16:46.825,0.85202,0.85215,1.87,1.12
2016.03.22 08:16:46.876,0.85203,0.85217,1.12,1.20
2016.03.22 08:16:47.029,0.85206,0.85219,1.87,1.12
2016.03.22 08:16:47.167,0.8521,0.85222,1.37,1.00
2016.03.22 08:16:47.674,0.8521,0.85224,1.87,1.37
2016.03.22 08:16:48.645,0.85208,0.85223,1.87,1.50
2016.03.22 08:16:48.697,0.85208,0.85222,1.37,1.37
2016.03.22 08:16:49.204,0.85206,0.85221,1.12,1.37
2016.03.22 08:16:49.357,0.85207,0.85221,6.00,1.37
2016.03.22 08:16:50.892,0.85208,0.85222,1.00,5.25
2016.03.22 08:16:51.573,0.85205,0.8522,1.37,1.12
2016.03.22 08:16:51.855,0.85202,0.85215,1.50,1.12
2016.03.22 08:16:54.077,0.85199,0.85215,1.87,4.87
2016.03.22 08:16:54.129,0.85199,0.85212,1.12,1.37
2016.03.22 08:16:56.706,0.852,0.85213,1.37,1.37
2016.03.22 08:16:57.211,0.85201,0.85214,2.25,1.00
2016.03.22 08:16:57.918,0.85203,0.85215,1.00,1.37
2016.03.22 08:16:58.311,0.85202,0.85214,1.00,3.75
2016.03.22 08:16:58.413,0.85202,0.85214,1.12,1.37
2016.03.22 08:16:58.615,0.85202,0.85217,1.12,5.25
2016.03.22 08:16:58.666,0.85204,0.85217,1.37,1.50
2016.03.22 08:16:59.174,0.85204,0.85218,1.37,1.37
2016.03.22 08:16:59.887,0.85205,0.85219,4.50,1.37
2016.03.22 08:16:59.989,0.85208,0.85221,1.12,1.12
2016.03.22 08:17:00.090,0.85209,0.85223,1.37,1.37
2016.03.22 08:17:00.242,0.85212,0.85223,1.00,1.37
2016.03.22 08:17:00.293,0.85212,0.85226,1.75,1.60
2016.03.22 08:17:00.445,0.85211,0.85226,1.37,1.37
2016.03.22 08:17:00.496,0.85211,0.85225,1.00,1.12
2016.03.22 08:17:00.800,0.85209,0.85221,1.00,1.00
2016.03.22 08:17:01.104,0.85211,0.85225,1.37,1.47
2016.03.22 08:17:01.790,0.85212,0.85225,1.12,1.00
2016.03.22 08:17:02.195,0.85212,0.85225,1.50,4.12
2016.03.22 08:17:02.701,0.85212,0.85221,1.00,1.00
2016.03.22 08:17:03.156,0.85211,0.85226,2.62,1.95
2016.03.22 08:17:03.207,0.85211,0.85226,2.62,1.57
2016.03.22 08:17:03.562,0.85211,0.85224,1.75,2.25
2016.03.22 08:17:03.613,0.85211,0.85223,1.12,1.75
2016.03.22 08:17:03.870,0.85211,0.85219,1.12,1.12
2016.03.22 08:17:04.174,0.8521,0.85216,1.00,1.12
2016.03.22 08:17:04.461,0.85202,0.85216,1.37,1.12
2016.03.22 08:17:04.715,0.85201,0.85214,1.12,1.37
2016.03.22 08:17:06.177,0.852,0.85213,1.63,1.37
2016.03.22 08:17:06.683,0.85198,0.85212,3.13,1.37
2016.03.22 08:17:07.247,0.85199,0.85212,1.00,1.37
2016.03.22 08:17:07.706,0.85197,0.85211,2.25,1.12
2016.03.22 08:17:09.107,0.85199,0.85213,1.37,1.87
2016.03.22 08:17:09.259,0.85202,0.85213,1.00,1.37
2016.03.22 08:17:09.829,0.85199,0.85213,3.00,1.37
2016.03.22 08:17:10.204,0.85202,0.85214,1.00,1.00
2016.03.22 08:17:11.113,0.85199,0.85213,1.75,1.37
2016.03.22 08:17:11.636,0.85199,0.85213,1.37,1.37
2016.03.22 08:17:11.941,0.85198,0.8521,1.00,2.25
2016.03.22 08:17:12.246,0.85193,0.85205,1.37,1.37
2016.03.22 08:17:12.448,0.85193,0.85207,3.00,1.37
2016.03.22 08:17:12.551,0.85196,0.85209,1.00,1.37
2016.03.22 08:17:13.057,0.85197,0.85209,1.12,1.37
2016.03.22 08:17:13.109,0.85198,0.8521,1.37,1.37
2016.03.22 08:17:13.706,0.852,0.85212,1.87,1.37
2016.03.22 08:17:13.910,0.85201,0.85215,1.87,1.37
2016.03.22 08:17:14.113,0.85204,0.85218,1.37,1.87
2016.03.22 08:17:14.558,0.85206,0.8522,1.37,1.37
2016.03.22 08:17:14.914,0.85206,0.85216,1.00,1.37
2016.03.22 08:17:15.015,0.85203,0.85216,2.25,1.37
2016.03.22 08:17:15.117,0.85204,0.85217,1.37,1.12
2016.03.22 08:17:15.528,0.85205,0.85219,1.37,1.37
2016.03.22 08:17:15.734,0.85208,0.85219,1.00,1.37
2016.03.22 08:17:16.242,0.85209,0.85219,1.00,1.37
2016.03.22 08:17:16.842,0.85209,0.85222,1.12,1.37
2016.03.22 08:17:18.118,0.8521,0.85222,1.00,1.37
2016.03.22 08:17:18.219,0.85212,0.85224,1.12,1.12
2016.03.22 08:17:18.523,0.85213,0.85224,1.87,1.00
2016.03.22 08:17:18.827,0.85215,0.85224,1.37,1.00
2016.03.22 08:17:19.296,0.85215,0.85226,1.37,1.00
2016.03.22 08:17:19.347,0.85213,0.85226,1.12,1.50
2016.03.22 08:17:19.651,0.85211,0.85225,1.87,1.12
2016.03.22 08:17:19.753,0.85209,0.85223,1.37,1.37
2016.03.22 08:17:19.854,0.85207,0.85221,1.87,1.37
2016.03.22 08:17:20.252,0.85206,0.8522,2.62,1.87
2016.03.22 08:17:20.659,0.85203,0.85217,1.87,1.37
2016.03.22 08:17:21.740,0.85207,0.85219,1.00,1.00
2016.03.22 08:17:22.146,0.8521,0.85222,1.12,1.02
2016.03.22 08:17:22.476,0.85212,0.85223,1.87,1.02
2016.03.22 08:17:22.831,0.85209,0.85221,1.12,1.02
2016.03.22 08:17:22.932,0.85208,0.85221,1.50,1.12
2016.03.22 08:17:25.373,0.85209,0.85223,1.37,2.38
2016.03.22 08:17:25.903,0.85209,0.85222,1.37,1.18
2016.03.22 08:17:25.955,0.85207,0.85221,1.50,1.37
2016.03.22 08:17:26.261,0.85207,0.85219,1.00,1.37
2016.03.22 08:17:26.767,0.85205,0.85219,1.37,1.87
2016.03.22 08:17:27.069,0.85203,0.85217,1.37,1.12
2016.03.22 08:17:27.575,0.85203,0.85216,1.37,1.00
2016.03.22 08:17:28.354,0.85203,0.85214,1.00,1.00
2016.03.22 08:17:28.658,0.85198,0.85212,1.37,1.87
2016.03.22 08:17:31.441,0.85197,0.85211,2.62,1.12
2016.03.22 08:17:31.492,0.85197,0.85209,2.25,1.00
2016.03.22 08:17:32.733,0.85203,0.85209,1.00,1.00
2016.03.22 08:17:32.987,0.85203,0.85212,1.00,1.37
2016.03.22 08:17:33.088,0.85202,0.85214,1.00,1.55
2016.03.22 08:17:33.357,0.85202,0.8521,1.00,1.00
2016.03.22 08:17:34.268,0.85202,0.85214,1.00,1.12
2016.03.22 08:17:34.370,0.85202,0.85215,1.12,1.37
2016.03.22 08:17:34.858,0.85204,0.85217,1.37,1.63
2016.03.22 08:17:35.721,0.85204,0.85218,2.62,1.37
2016.03.22 08:17:36.240,0.85206,0.85218,1.00,1.37
2016.03.22 08:17:36.392,0.85207,0.85219,1.00,1.00
2016.03.22 08:17:36.646,0.85209,0.85222,1.00,1.12
2016.03.22 08:17:36.768,0.8521,0.85223,1.37,1.02
2016.03.22 08:17:38.766,0.85212,0.85226,1.12,1.12
2016.03.22 08:17:39.878,0.85214,0.85228,1.37,1.37
2016.03.22 08:17:39.979,0.85215,0.8523,1.12,1.37
2016.03.22 08:17:40.291,0.85214,0.85224,1.00,1.00
2016.03.22 08:17:40.343,0.85212,0.85224,1.00,1.00
2016.03.22 08:17:40.496,0.85209,0.85224,1.37,1.12
2016.03.22 08:17:41.415,0.85211,0.85225,1.37,1.37
2016.03.22 08:17:41.770,0.85214,0.85228,1.37,1.87
2016.03.22 08:17:42.277,0.85215,0.8523,2.62,1.37
2016.03.22 08:17:42.625,0.85222,0.8523,1.00,1.00
2016.03.22 08:17:42.828,0.85221,0.85233,1.00,1.00
2016.03.22 08:17:42.930,0.85223,0.85233,1.00,1.00
2016.03.22 08:17:43.236,0.85223,0.85232,1.00,1.37
2016.03.22 08:17:43.287,0.85218,0.85232,1.87,1.37
2016.03.22 08:17:44.137,0.85222,0.85232,1.00,1.37
2016.03.22 08:17:44.188,0.85222,0.85235,1.12,1.37
2016.03.22 08:17:44.290,0.85227,0.85238,1.00,1.95
2016.03.22 08:17:44.493,0.85227,0.8524,1.12,1.37
2016.03.22 08:17:44.775,0.85227,0.85239,1.12,1.12
2016.03.22 08:17:45.283,0.85227,0.85237,1.00,1.37
2016.03.22 08:17:46.170,0.85228,0.85237,1.00,1.37
2016.03.22 08:17:46.709,0.85227,0.85237,1.00,1.37
2016.03.22 08:17:47.247,0.85225,0.85237,1.37,1.37
2016.03.22 08:17:47.399,0.85223,0.85235,1.00,1.00
2016.03.22 08:17:49.191,0.85225,0.85237,1.00,1.00
2016.03.22 08:17:49.878,0.85223,0.85237,1.75,1.37
2016.03.22 08:17:49.929,0.85223,0.85236,1.12,1.37
2016.03.22 08:17:50.706,0.85222,0.85234,1.50,1.37
2016.03.22 08:17:51.226,0.85221,0.85234,1.12,1.37
2016.03.22 08:17:55.712,0.8522,0.85235,1.87,1.37
2016.03.22 08:17:55.918,0.8522,0.85234,3.37,1.37
2016.03.22 08:17:56.438,0.8522,0.85234,1.12,1.87
2016.03.22 08:17:57.109,0.8522,0.85232,1.00,1.12
2016.03.22 08:17:57.211,0.85216,0.8523,2.62,1.37
2016.03.22 08:17:58.529,0.85216,0.85231,2.62,1.37
2016.03.22 08:17:59.035,0.85218,0.85232,1.87,1.37
2016.03.22 08:18:01.250,0.85217,0.85232,1.87,1.75
2016.03.22 08:18:01.578,0.85217,0.8523,1.00,1.12
2016.03.22 08:18:01.882,0.85217,0.85224,1.00,1.37
2016.03.22 08:18:02.237,0.85217,0.85225,1.00,4.12
2016.03.22 08:18:02.339,0.85212,0.85223,1.00,1.37
2016.03.22 08:18:02.889,0.85212,0.85224,1.00,1.37
2016.03.22 08:18:03.243,0.85212,0.85224,1.00,1.12
2016.03.22 08:18:04.055,0.8521,0.85222,1.00,1.37
2016.03.22 08:18:04.207,0.85212,0.85222,1.00,1.37
2016.03.22 08:18:05.487,0.85213,0.85222,1.00,1.37
2016.03.22 08:18:05.538,0.85213,0.85225,1.00,1.50
2016.03.22 08:18:05.589,0.85216,0.85226,1.00,1.12
2016.03.22 08:18:05.640,0.85216,0.85227,1.00,1.37
2016.03.22 08:18:05.792,0.85213,0.85227,1.37,2.25
2016.03.22 08:18:06.058,0.85202,0.85211,4.15,1.00
2016.03.22 08:18:06.362,0.85202,0.8521,3.40,1.37
2016.03.22 08:18:06.615,0.85198,0.8521,1.00,1.37
2016.03.22 08:18:07.123,0.85198,0.85211,1.50,1.37
2016.03.22 08:18:07.962,0.85201,0.85213,1.00,1.00
2016.03.22 08:18:08.065,0.85203,0.85215,1.37,2.79
2016.03.22 08:18:08.437,0.85205,0.85215,1.37,2.79
2016.03.22 08:18:08.639,0.85203,0.85215,1.87,2.79
2016.03.22 08:18:08.741,0.85202,0.85215,1.50,3.91
2016.03.22 08:18:09.237,0.85199,0.85211,1.00,1.37
2016.03.22 08:18:09.342,0.85196,0.85208,1.12,1.12
2016.03.22 08:18:09.444,0.85195,0.8521,1.37,1.87
2016.03.22 08:18:09.546,0.85193,0.85207,4.04,1.37
2016.03.22 08:18:10.740,0.85195,0.85209,1.37,1.37
2016.03.22 08:18:11.270,0.85193,0.85207,1.12,1.12
2016.03.22 08:18:11.944,0.85195,0.85209,1.12,3.99
2016.03.22 08:18:12.045,0.85194,0.85208,1.37,1.37
2016.03.22 08:18:12.450,0.8519,0.85202,1.50,1.00
2016.03.22 08:18:13.362,0.85192,0.85204,1.87,1.00
2016.03.22 08:18:13.464,0.85194,0.85208,1.37,1.50
2016.03.22 08:18:13.982,0.85196,0.85208,1.00,1.37
2016.03.22 08:18:14.184,0.852,0.85212,1.00,1.50
2016.03.22 08:18:16.177,0.852,0.85215,1.12,4.12
2016.03.22 08:18:16.278,0.85203,0.85215,1.00,1.00
2016.03.22 08:18:16.793,0.85202,0.85214,1.00,1.00
2016.03.22 08:18:16.894,0.852,0.85213,1.12,1.37
2016.03.22 08:18:22.987,0.85201,0.85215,1.37,1.37
2016.03.22 08:18:24.102,0.85201,0.85215,1.37,1.75
2016.03.22 08:18:24.407,0.85198,0.85212,1.37,1.75
2016.03.22 08:18:24.509,0.85198,0.85212,1.37,1.37
2016.03.22 08:18:24.944,0.85195,0.85209,1.37,1.87
2016.03.22 08:18:25.298,0.85193,0.85207,1.37,1.37
2016.03.22 08:18:25.704,0.85195,0.85209,1.37,1.37
2016.03.22 08:18:28.625,0.85192,0.85206,1.37,1.50
2016.03.22 08:18:29.082,0.85192,0.85204,1.12,1.37
2016.03.22 08:18:29.611,0.85193,0.85203,1.00,1.37
2016.03.22 08:18:29.663,0.85191,0.85203,1.00,1.37
2016.03.22 08:18:30.193,0.85192,0.85206,1.87,1.37
2016.03.22 08:18:31.511,0.8519,0.85204,1.87,1.12
2016.03.22 08:18:33.112,0.85193,0.85207,1.87,1.37
2016.03.22 08:18:33.214,0.85195,0.85209,1.37,1.37
2016.03.22 08:18:37.715,0.85194,0.85207,2.38,1.12
2016.03.22 08:18:41.247,0.85193,0.85204,1.00,1.12
2016.03.22 08:18:41.593,0.852,0.8521,1.00,1.12
2016.03.22 08:18:41.745,0.85202,0.85216,2.25,1.37
2016.03.22 08:18:41.796,0.85205,0.85216,1.00,1.37
2016.03.22 08:18:41.848,0.85205,0.85217,1.50,1.00
2016.03.22 08:18:42.051,0.85206,0.8522,1.37,1.37
2016.03.22 08:18:42.355,0.85206,0.85219,1.00,1.12
2016.03.22 08:18:42.880,0.85205,0.85219,1.12,1.12
2016.03.22 08:18:43.185,0.85207,0.85219,1.00,1.00
2016.03.22 08:18:43.691,0.85207,0.85219,1.00,1.03
2016.03.22 08:18:44.020,0.85207,0.85218,1.00,1.26
2016.03.22 08:18:44.526,0.85207,0.85217,1.00,1.00
2016.03.22 08:18:44.728,0.85204,0.85217,1.87,1.12
2016.03.22 08:18:47.943,0.85207,0.85218,1.37,1.00
2016.03.22 08:18:48.284,0.8521,0.8522,1.00,1.02
2016.03.22 08:18:48.795,0.85212,0.85222,1.00,1.02
2016.03.22 08:18:49.300,0.85212,0.85225,1.12,1.37
2016.03.22 08:18:50.134,0.85212,0.85226,1.37,1.75
2016.03.22 08:18:50.185,0.85213,0.85226,1.12,1.50
2016.03.22 08:18:51.075,0.85212,0.85225,1.63,1.37
2016.03.22 08:18:53.587,0.85214,0.85225,1.00,1.37
2016.03.22 08:18:53.689,0.85213,0.85227,2.76,1.37
2016.03.22 08:18:54.295,0.85215,0.85227,1.00,1.37
2016.03.22 08:18:54.346,0.85215,0.85226,1.00,1.12
2016.03.22 08:18:54.861,0.85213,0.85224,2.01,1.00
2016.03.22 08:18:54.962,0.85214,0.85226,1.18,1.00
2016.03.22 08:18:55.417,0.85216,0.85226,1.00,1.00
2016.03.22 08:18:55.772,0.85217,0.8523,1.12,1.37
2016.03.22 08:18:56.034,0.85219,0.8523,1.00,1.37
2016.03.22 08:18:56.086,0.85219,0.85232,1.12,1.37
2016.03.22 08:18:56.238,0.85218,0.85231,1.37,1.12
2016.03.22 08:18:56.574,0.85218,0.85232,1.50,1.37
2016.03.22 08:19:02.077,0.85218,0.85229,1.13,1.37
2016.03.22 08:19:02.380,0.85217,0.85226,1.26,1.00
2016.03.22 08:19:02.743,0.85214,0.85226,2.23,1.00
2016.03.22 08:19:02.997,0.85217,0.85229,1.37,1.00
2016.03.22 08:19:03.300,0.85213,0.85223,1.26,1.12
2016.03.22 08:19:03.812,0.85213,0.8522,1.26,1.00
2016.03.22 08:19:04.066,0.85208,0.8522,2.01,1.00
2016.03.22 08:19:04.787,0.85209,0.85223,1.51,1.87
2016.03.22 08:19:05.303,0.85211,0.85223,1.00,1.37
2016.03.22 08:19:05.517,0.85212,0.85226,1.87,1.37
2016.03.22 08:19:09.067,0.85214,0.85226,1.00,1.37
2016.03.22 08:19:09.215,0.85217,0.85229,1.00,1.00
2016.03.22 08:19:10.211,0.85219,0.85232,1.12,1.37
2016.03.22 08:19:12.578,0.85219,0.85232,1.37,1.50
2016.03.22 08:19:13.083,0.8522,0.85233,1.37,1.12
2016.03.22 08:19:13.235,0.85222,0.85235,1.37,1.12
2016.03.22 08:19:13.540,0.85219,0.85232,1.37,1.12
2016.03.22 08:19:13.844,0.85221,0.85235,1.37,1.50
2016.03.22 08:19:15.289,0.85222,0.85236,1.87,1.50
2016.03.22 08:19:15.340,0.85224,0.85237,1.37,1.12
2016.03.22 08:19:15.902,0.85225,0.85238,1.37,1.50
2016.03.22 08:19:16.425,0.85227,0.85238,1.00,1.00
2016.03.22 08:19:16.968,0.85227,0.85239,1.00,1.50
2016.03.22 08:19:17.524,0.85227,0.85238,1.00,1.00
2016.03.22 08:19:18.049,0.85227,0.85239,1.00,1.50
2016.03.22 08:19:22.213,0.85224,0.85239,4.12,1.37
2016.03.22 08:19:22.404,0.85222,0.85235,1.12,1.37
2016.03.22 08:19:22.556,0.85224,0.85237,1.12,1.87
2016.03.22 08:19:24.839,0.85222,0.85232,1.00,1.37
2016.03.22 08:19:25.448,0.85222,0.85235,1.12,1.50
2016.03.22 08:19:32.765,0.85219,0.8523,1.26,1.37
2016.03.22 08:19:33.282,0.85219,0.85229,1.26,1.37
2016.03.22 08:19:33.586,0.85219,0.85227,1.26,1.37
2016.03.22 08:19:33.803,0.85212,0.85227,1.12,1.37
2016.03.22 08:19:34.166,0.85212,0.85224,1.00,1.00
2016.03.22 08:19:34.671,0.85209,0.85223,1.37,1.37
2016.03.22 08:19:36.884,0.85207,0.85222,1.37,1.12
2016.03.22 08:19:37.432,0.85206,0.8522,1.87,1.37
2016.03.22 08:19:38.468,0.85205,0.85219,1.12,1.12
2016.03.22 08:19:38.519,0.85205,0.85217,1.00,1.00
2016.03.22 08:19:39.068,0.85204,0.85217,1.50,1.37
2016.03.22 08:19:39.119,0.85203,0.85216,1.87,1.12
2016.03.22 08:19:39.430,0.852,0.85213,1.50,1.12
2016.03.22 08:19:41.234,0.85199,0.85213,1.87,1.12
2016.03.22 08:19:41.336,0.85203,0.85213,1.00,1.12
2016.03.22 08:19:41.437,0.85203,0.85216,1.12,1.12
2016.03.22 08:19:41.488,0.85206,0.85217,1.00,1.87
2016.03.22 08:19:41.540,0.85206,0.85218,1.87,1.26
2016.03.22 08:19:41.591,0.85208,0.8522,1.37,1.26
2016.03.22 08:19:42.102,0.85204,0.85217,1.12,1.37
2016.03.22 08:19:45.693,0.85205,0.85216,1.00,1.12
2016.03.22 08:19:46.772,0.85205,0.85217,1.37,1.37
2016.03.22 08:19:46.874,0.85205,0.85217,1.00,1.37
2016.03.22 08:19:46.975,0.85205,0.85217,1.87,1.37
2016.03.22 08:19:47.128,0.85207,0.8522,2.62,1.12
2016.03.22 08:19:49.423,0.85209,0.8522,1.00,1.12
2016.03.22 08:19:49.525,0.85208,0.85222,2.62,1.37
2016.03.22 08:19:52.200,0.85209,0.85224,1.37,4.12
2016.03.22 08:19:52.252,0.8521,0.85224,1.37,1.37
2016.03.22 08:19:52.786,0.85211,0.85225,1.12,1.75
2016.03.22 08:19:52.837,0.85213,0.85227,1.87,1.50
2016.03.22 08:19:53.285,0.85214,0.85228,1.12,1.75
2016.03.22 08:19:53.538,0.85213,0.85227,1.87,1.57
2016.03.22 08:19:53.640,0.85215,0.85227,1.37,1.10
2016.03.22 08:19:53.843,0.85213,0.85227,1.87,1.57
2016.03.22 08:19:55.497,0.85214,0.85229,1.37,1.87
2016.03.22 08:19:56.036,0.85213,0.85226,1.12,1.50
2016.03.22 08:19:56.786,0.85211,0.85225,1.12,1.87
2016.03.22 08:19:59.753,0.85209,0.85223,1.37,1.37
2016.03.22 08:19:59.956,0.85208,0.85221,1.12,1.37
2016.03.22 08:20:00.159,0.85209,0.85224,1.87,1.37
2016.03.22 08:20:00.716,0.85208,0.85223,2.62,1.37
2016.03.22 08:20:01.235,0.85211,0.85224,1.00,1.37
2016.03.22 08:20:03.067,0.85211,0.85225,2.62,1.12
2016.03.22 08:20:05.174,0.85209,0.85223,2.25,1.87
2016.03.22 08:20:05.225,0.85209,0.85222,1.87,1.12
2016.03.22 08:20:05.761,0.85209,0.8522,1.50,1.37
2016.03.22 08:20:06.116,0.8521,0.85223,1.12,1.37
2016.03.22 08:20:10.129,0.8521,0.85225,1.37,4.87
2016.03.22 08:20:10.230,0.85211,0.85225,1.37,1.87
2016.03.22 08:20:12.016,0.8521,0.85224,1.50,1.37
2016.03.22 08:20:12.640,0.85212,0.85227,1.75,4.50
2016.03.22 08:20:12.741,0.85215,0.85227,1.00,1.00
2016.03.22 08:20:14.013,0.85215,0.85227,1.37,1.12
2016.03.22 08:20:14.267,0.85214,0.85226,1.00,1.50
2016.03.22 08:20:15.817,0.85214,0.85227,1.12,1.50
2016.03.22 08:20:15.868,0.85215,0.85229,1.37,1.47
2016.03.22 08:20:19.870,0.85217,0.85228,1.37,1.00
2016.03.22 08:20:20.174,0.85208,0.85216,1.03,1.37
2016.03.22 08:20:20.276,0.85209,0.85219,1.03,1.37
2016.03.22 08:20:20.377,0.85209,0.85223,1.90,1.37
2016.03.22 08:20:20.927,0.85214,0.85223,1.00,1.37
2016.03.22 08:20:20.978,0.85214,0.85227,1.50,1.37
2016.03.22 08:20:21.232,0.85216,0.85229,1.12,1.75
2016.03.22 08:20:21.746,0.85216,0.85229,1.12,1.37
2016.03.22 08:20:23.353,0.85216,0.85229,1.50,1.37
2016.03.22 08:20:23.614,0.85216,0.85229,1.12,1.37
2016.03.22 08:20:24.372,0.85213,0.85227,1.37,1.37
2016.03.22 08:20:24.718,0.85211,0.85225,1.90,1.87
2016.03.22 08:20:25.173,0.85213,0.85227,1.37,1.37
2016.03.22 08:20:26.160,0.8521,0.85224,1.37,1.37
2016.03.22 08:20:27.245,0.8521,0.85221,1.37,1.00
2016.03.22 08:20:27.296,0.85208,0.8522,1.00,1.00
2016.03.22 08:20:27.852,0.85206,0.85218,1.00,1.00
2016.03.22 08:20:28.591,0.85207,0.85218,1.00,1.00
2016.03.22 08:20:28.886,0.85211,0.85224,1.12,1.40
2016.03.22 08:20:31.737,0.85213,0.85224,1.00,1.37
2016.03.22 08:20:32.041,0.85215,0.85228,1.87,1.02
2016.03.22 08:20:32.294,0.85219,0.85232,1.15,1.37
2016.03.22 08:20:32.500,0.85221,0.85233,1.00,1.00
2016.03.22 08:20:35.999,0.85222,0.85235,1.37,1.12
2016.03.22 08:20:36.880,0.85222,0.85234,1.37,1.00
2016.03.22 08:20:37.387,0.85222,0.85236,1.87,2.46
2016.03.22 08:20:38.096,0.85224,0.85236,1.87,1.26
2016.03.22 08:20:38.467,0.85226,0.85236,1.37,1.26
2016.03.22 08:20:39.064,0.85226,0.8524,1.87,1.87
2016.03.22 08:20:39.216,0.85228,0.85242,1.37,1.87
2016.03.22 08:20:39.533,0.8523,0.85243,1.12,1.57
2016.03.22 08:20:40.814,0.85232,0.85245,1.37,1.57
2016.03.22 08:20:45.353,0.85234,0.85246,4.53,1.37
2016.03.22 08:20:46.669,0.85235,0.85244,3.78,1.00
2016.03.22 08:20:47.530,0.85235,0.85243,3.40,1.47
2016.03.22 08:20:48.046,0.85234,0.85245,1.55,2.25
2016.03.22 08:20:48.147,0.85231,0.85244,1.37,1.20
2016.03.22 08:20:49.848,0.85234,0.85248,1.37,3.75
2016.03.22 08:20:50.354,0.85233,0.85247,1.37,1.87
2016.03.22 08:20:51.633,0.85233,0.85247,2.55,1.95
2016.03.22 08:20:51.976,0.85233,0.85244,2.17,1.87
2016.03.22 08:20:52.481,0.85229,0.85242,2.55,1.37
2016.03.22 08:20:53.026,0.85231,0.85243,1.05,1.37
2016.03.22 08:20:53.329,0.85229,0.85241,2.17,1.37
2016.03.22 08:20:53.583,0.85231,0.85243,1.42,1.37
2016.03.22 08:20:53.684,0.85232,0.85245,1.87,1.37
2016.03.22 08:20:53.735,0.85234,0.85245,1.00,1.37
2016.03.22 08:20:53.888,0.85234,0.85247,1.37,1.50
2016.03.22 08:20:54.040,0.85233,0.85247,1.37,1.75
2016.03.22 08:20:54.544,0.85234,0.85247,2.25,1.87
2016.03.22 08:20:55.050,0.85233,0.85246,1.05,1.37
2016.03.22 08:20:55.303,0.85234,0.85248,2.55,1.37
2016.03.22 08:20:55.965,0.85236,0.85248,1.00,1.37
2016.03.22 08:20:56.172,0.85237,0.85251,2.92,1.37
2016.03.22 08:20:56.476,0.85239,0.85253,1.87,1.20
2016.03.22 08:20:57.243,0.85239,0.85252,1.00,1.12
2016.03.22 08:20:59.772,0.85238,0.85251,1.50,1.00
2016.03.22 08:21:00.428,0.85242,0.85251,1.00,1.00
2016.03.22 08:21:00.630,0.85242,0.85253,1.00,1.12
2016.03.22 08:21:00.782,0.8524,0.85252,1.37,1.50
2016.03.22 08:21:00.883,0.85238,0.85253,2.47,2.62
2016.03.22 08:21:01.389,0.85237,0.85252,1.87,1.95
2016.03.22 08:21:02.375,0.8524,0.85251,1.35,1.00
2016.03.22 08:21:02.681,0.85245,0.85252,1.07,1.00
2016.03.22 08:21:03.460,0.85245,0.85253,1.70,1.00
2016.03.22 08:21:03.611,0.85245,0.85258,1.70,1.12
2016.03.22 08:21:05.873,0.85244,0.85257,1.37,1.50
2016.03.22 08:21:06.441,0.85243,0.85257,1.37,2.32
2016.03.22 08:21:06.896,0.85242,0.85257,1.37,2.62
2016.03.22 08:21:07.455,0.85241,0.85255,1.37,1.37
2016.03.22 08:21:10.430,0.85241,0.85254,1.37,1.87
2016.03.22 08:21:10.700,0.85235,0.85248,1.00,1.87
2016.03.22 08:21:10.853,0.85232,0.85246,1.45,1.37
2016.03.22 08:21:11.006,0.85232,0.85245,1.37,1.37
2016.03.22 08:21:11.159,0.8523,0.85244,1.87,1.50
2016.03.22 08:21:11.312,0.85229,0.85242,1.37,1.87
2016.03.22 08:21:11.726,0.85229,0.85243,1.37,1.95
2016.03.22 08:21:12.433,0.85227,0.85241,1.50,1.12
2016.03.22 08:21:12.938,0.85228,0.85241,1.00,1.12
2016.03.22 08:21:13.140,0.85229,0.85243,1.37,1.95
2016.03.22 08:21:14.133,0.85232,0.85244,1.00,1.00
2016.03.22 08:21:14.437,0.85235,0.85248,1.37,1.12
2016.03.22 08:21:14.740,0.85232,0.85246,1.37,1.37
2016.03.22 08:21:16.168,0.85232,0.85244,1.37,1.10
2016.03.22 08:21:16.270,0.85227,0.85241,1.37,1.37
2016.03.22 08:21:19.616,0.85228,0.85242,1.75,1.37
2016.03.22 08:21:19.920,0.85229,0.85244,5.62,1.37
2016.03.22 08:21:20.247,0.85234,0.85247,1.12,1.40
2016.03.22 08:21:21.287,0.85233,0.85247,2.62,1.37
2016.03.22 08:21:21.592,0.85237,0.85252,2.62,1.40
2016.03.22 08:21:22.111,0.8524,0.85252,1.00,1.03
2016.03.22 08:21:22.658,0.8524,0.85254,1.37,3.10
2016.03.22 08:21:22.759,0.8524,0.85254,1.37,1.95
2016.03.22 08:21:24.571,0.85239,0.85251,1.37,1.37
2016.03.22 08:21:25.575,0.8524,0.85253,1.37,1.20
2016.03.22 08:21:25.677,0.85238,0.85252,1.87,1.12
2016.03.22 08:21:26.747,0.85236,0.8525,1.37,1.87
2016.03.22 08:21:27.199,0.85236,0.85248,1.37,1.37
2016.03.22 08:21:27.250,0.85229,0.85243,1.07,1.37
2016.03.22 08:21:27.352,0.85229,0.85241,1.07,1.12
2016.03.22 08:21:27.605,0.85223,0.85237,1.37,2.62
2016.03.22 08:21:27.657,0.8522,0.85234,1.37,1.37
2016.03.22 08:21:27.958,0.85218,0.85231,1.37,1.12
2016.03.22 08:21:29.495,0.85219,0.85233,2.62,1.12
2016.03.22 08:21:29.546,0.85221,0.85233,1.00,1.00
2016.03.22 08:21:29.648,0.85221,0.85236,1.12,4.50
2016.03.22 08:21:29.750,0.85223,0.85236,1.37,1.12
2016.03.22 08:21:31.389,0.85225,0.85237,1.00,1.37
2016.03.22 08:21:31.917,0.85224,0.85237,1.12,1.37
2016.03.22 08:21:33.576,0.85221,0.85235,1.37,1.37
2016.03.22 08:21:33.880,0.85219,0.85233,3.90,1.37
2016.03.22 08:21:36.476,0.85219,0.85231,1.37,1.00
2016.03.22 08:21:37.084,0.85219,0.85231,1.00,1.75
2016.03.22 08:21:37.385,0.85211,0.85222,1.00,3.75
2016.03.22 08:21:37.490,0.85207,0.85218,1.00,1.37
2016.03.22 08:21:37.591,0.85204,0.85218,2.20,1.37
2016.03.22 08:21:37.997,0.85207,0.85218,1.00,1.37
2016.03.22 08:21:38.343,0.85203,0.85218,1.37,1.75
2016.03.22 08:21:38.852,0.85202,0.85215,1.37,1.12
2016.03.22 08:21:38.954,0.85202,0.85213,1.37,1.00
2016.03.22 08:21:39.005,0.85199,0.85211,1.00,1.00
2016.03.22 08:21:39.106,0.85198,0.85209,1.00,1.00
2016.03.22 08:21:39.430,0.85199,0.85211,1.37,1.37
2016.03.22 08:21:39.582,0.85197,0.85209,1.00,1.12
2016.03.22 08:21:39.786,0.85194,0.85208,1.37,1.47
2016.03.22 08:21:40.699,0.85194,0.85206,1.37,1.00
2016.03.22 08:21:40.902,0.85191,0.85207,1.87,1.50
2016.03.22 08:21:41.428,0.85191,0.85207,1.87,1.10
2016.03.22 08:21:41.529,0.85191,0.85204,1.37,1.00
2016.03.22 08:21:42.035,0.85189,0.85203,1.12,1.00
2016.03.22 08:21:42.549,0.85192,0.85202,1.00,1.12
2016.03.22 08:21:42.600,0.85189,0.85202,1.37,1.12
2016.03.22 08:21:42.702,0.85187,0.85201,1.37,1.50
2016.03.22 08:21:44.339,0.85189,0.85203,1.37,2.52
2016.03.22 08:21:44.645,0.85192,0.85205,2.85,1.37
2016.03.22 08:21:44.747,0.85195,0.85209,1.37,1.37
2016.03.22 08:21:45.151,0.85198,0.85209,1.00,1.37
2016.03.22 08:21:45.511,0.85194,0.85208,1.87,1.37
2016.03.22 08:21:45.612,0.85196,0.85209,1.12,1.37
2016.03.22 08:21:45.916,0.85191,0.85204,1.12,1.37
2016.03.22 08:21:46.336,0.85196,0.85208,1.00,1.37
2016.03.22 08:21:46.438,0.85198,0.8521,1.37,1.00
2016.03.22 08:21:46.744,0.85193,0.85203,1.00,1.12
2016.03.22 08:21:46.848,0.85194,0.85208,1.37,1.87
2016.03.22 08:21:47.727,0.85195,0.85208,1.37,1.12
2016.03.22 08:21:47.829,0.85197,0.85208,1.12,1.00
2016.03.22 08:21:48.336,0.85197,0.85211,1.12,1.12
2016.03.22 08:21:50.727,0.85196,0.85211,1.87,1.20
2016.03.22 08:21:51.232,0.85197,0.85209,1.00,1.00
2016.03.22 08:21:51.652,0.85198,0.8521,1.37,1.10
2016.03.22 08:21:52.347,0.85198,0.85212,1.37,2.25
2016.03.22 08:21:54.360,0.852,0.85214,1.37,1.87
2016.03.22 08:21:54.772,0.85198,0.85212,1.87,1.37
2016.03.22 08:21:55.077,0.85203,0.85217,1.37,1.87
2016.03.22 08:21:55.381,0.852,0.85214,1.87,1.87
2016.03.22 08:21:55.685,0.85198,0.85212,1.87,1.37
2016.03.22 08:21:56.028,0.852,0.85214,1.12,1.12
2016.03.22 08:21:56.079,0.85199,0.85211,1.00,1.00
2016.03.22 08:21:56.686,0.852,0.85213,1.37,1.12
2016.03.22 08:21:56.995,0.85198,0.85211,1.37,1.12
2016.03.22 08:21:59.039,0.85198,0.8521,1.37,1.00
2016.03.22 08:21:59.288,0.85196,0.85208,1.00,1.00
2016.03.22 08:22:00.780,0.85196,0.85208,1.00,1.37
2016.03.22 08:22:01.441,0.85196,0.85202,1.00,1.00
2016.03.22 08:22:01.493,0.8519,0.85202,1.00,1.50
2016.03.22 08:22:03.090,0.85189,0.85201,1.00,1.37
2016.03.22 08:22:03.597,0.85188,0.85201,1.12,1.37
2016.03.22 08:22:04.363,0.85188,0.85201,1.12,2.25
2016.03.22 08:22:04.670,0.85178,0.85188,3.75,1.00
2016.03.22 08:22:04.721,0.85175,0.85188,1.87,1.00
2016.03.22 08:22:05.093,0.85181,0.85193,1.37,1.00
2016.03.22 08:22:05.396,0.85183,0.85195,1.37,1.00
2016.03.22 08:22:05.955,0.85183,0.85197,1.37,1.87
2016.03.22 08:22:07.092,0.85183,0.85195,1.37,1.00
2016.03.22 08:22:07.497,0.85183,0.85192,1.37,1.00
2016.03.22 08:22:07.599,0.85181,0.85192,1.37,1.00
2016.03.22 08:22:08.004,0.85178,0.85192,1.37,2.62
2016.03.22 08:22:09.225,0.85176,0.8519,1.37,1.37
2016.03.22 08:22:09.529,0.85178,0.85192,1.75,1.87
2016.03.22 08:22:09.631,0.8518,0.85194,1.12,1.12
2016.03.22 08:22:10.029,0.8518,0.85192,1.12,1.00
2016.03.22 08:22:10.333,0.8518,0.85195,1.12,1.87
2016.03.22 08:22:10.434,0.8518,0.85192,1.12,1.50
2016.03.22 08:22:10.536,0.85178,0.85191,1.37,1.12
2016.03.22 08:22:11.079,0.85178,0.8519,1.37,1.00
2016.03.22 08:22:11.393,0.85178,0.8519,1.00,1.75
2016.03.22 08:22:11.940,0.85176,0.85188,1.12,1.50
2016.03.22 08:22:11.993,0.85175,0.85188,1.37,1.50
2016.03.22 08:22:12.044,0.85174,0.85184,1.37,1.00
2016.03.22 08:22:12.249,0.85172,0.85185,1.37,1.12
2016.03.22 08:22:12.300,0.85172,0.85185,1.12,1.00
2016.03.22 08:22:12.699,0.85165,0.85172,1.55,1.20
2016.03.22 08:22:12.750,0.85159,0.85173,1.37,1.47
2016.03.22 08:22:13.003,0.85159,0.85174,1.87,1.37
2016.03.22 08:22:13.155,0.8516,0.85173,1.12,1.37
2016.03.22 08:22:13.814,0.85159,0.85173,3.00,1.37
2016.03.22 08:22:13.915,0.85162,0.85175,1.50,1.50
2016.03.22 08:22:14.017,0.85165,0.85175,1.37,1.00
2016.03.22 08:22:14.118,0.85163,0.85175,1.37,1.00
2016.03.22 08:22:14.220,0.85161,0.85175,1.37,1.50
2016.03.22 08:22:14.322,0.85163,0.85173,1.00,1.37
2016.03.22 08:22:14.437,0.85162,0.85174,1.00,1.00
2016.03.22 08:22:15.317,0.85159,0.85173,1.37,1.37
2016.03.22 08:22:15.621,0.85157,0.85168,1.00,1.00
2016.03.22 08:22:16.240,0.85157,0.85169,1.00,1.50
2016.03.22 08:22:16.545,0.85154,0.85168,1.87,2.25
2016.03.22 08:22:16.849,0.85151,0.85165,1.37,1.87
2016.03.22 08:22:17.248,0.85154,0.85168,1.37,4.12
2016.03.22 08:22:17.451,0.85156,0.85168,1.00,1.00
2016.03.22 08:22:17.856,0.85153,0.85167,1.37,1.37
2016.03.22 08:22:18.161,0.85158,0.85169,1.00,1.37
2016.03.22 08:22:18.441,0.8516,0.85175,1.12,2.19
2016.03.22 08:22:18.638,0.85164,0.85176,1.00,1.50
2016.03.22 08:22:19.042,0.85161,0.85173,1.00,1.00
2016.03.22 08:22:20.345,0.85159,0.85173,1.50,1.37
2016.03.22 08:22:20.649,0.85157,0.85171,1.87,1.37
2016.03.22 08:22:21.052,0.85157,0.8517,1.00,1.12
2016.03.22 08:22:21.457,0.85154,0.85168,1.87,1.12
2016.03.22 08:22:23.955,0.85152,0.85166,1.37,1.37
2016.03.22 08:22:24.108,0.85152,0.85163,1.37,1.00
2016.03.22 08:22:24.456,0.8515,0.85163,1.12,2.62
2016.03.22 08:22:24.557,0.85147,0.85157,1.00,1.37
2016.03.22 08:22:24.608,0.85143,0.85157,1.37,1.37
2016.03.22 08:22:24.760,0.85145,0.85159,1.37,1.37
2016.03.22 08:22:25.107,0.85153,0.85167,1.37,1.87
2016.03.22 08:22:25.411,0.85163,0.85176,1.37,1.10
2016.03.22 08:22:25.766,0.85161,0.85172,1.00,1.00
2016.03.22 08:22:26.277,0.8516,0.85172,1.00,1.00
2016.03.22 08:22:26.834,0.85157,0.85171,1.12,1.20
2016.03.22 08:22:26.986,0.85159,0.85173,1.37,1.87
2016.03.22 08:22:27.088,0.85161,0.85175,1.37,1.95
2016.03.22 08:22:28.481,0.85165,0.85179,1.37,2.25
2016.03.22 08:22:28.854,0.85166,0.85179,3.75,1.00
2016.03.22 08:22:29.107,0.85163,0.85178,1.12,1.37
2016.03.22 08:22:29.564,0.85163,0.85175,1.00,1.00
2016.03.22 08:22:29.868,0.85164,0.85178,1.37,1.37
2016.03.22 08:22:30.172,0.85162,0.85176,1.12,1.12
2016.03.22 08:22:30.861,0.85161,0.85176,1.37,1.12
2016.03.22 08:22:31.064,0.8516,0.85174,4.72,1.00
2016.03.22 08:22:31.375,0.85164,0.85179,1.12,1.37
2016.03.22 08:22:31.780,0.85162,0.85177,1.37,1.12
2016.03.22 08:22:32.168,0.85164,0.85178,1.37,2.62
2016.03.22 08:22:32.475,0.8516,0.85174,1.37,1.37
2016.03.22 08:22:33.206,0.85162,0.85176,1.12,1.12
2016.03.22 08:22:33.712,0.85163,0.85178,1.12,1.37
2016.03.22 08:22:34.296,0.85162,0.85176,1.12,1.12
2016.03.22 08:22:34.500,0.85164,0.85178,1.87,1.12
2016.03.22 08:22:34.804,0.85167,0.85181,1.37,1.37
2016.03.22 08:22:35.585,0.85165,0.85179,2.47,1.12
2016.03.22 08:22:35.687,0.85167,0.85182,1.12,4.87
2016.03.22 08:22:36.239,0.85167,0.85179,1.12,1.00
2016.03.22 08:22:36.290,0.85164,0.85178,1.37,2.25
2016.03.22 08:22:36.392,0.85161,0.85174,1.12,1.37
2016.03.22 08:22:36.696,0.85156,0.8517,1.37,1.37
2016.03.22 08:22:37.017,0.85159,0.85173,1.37,1.57
2016.03.22 08:22:37.321,0.85157,0.85171,1.37,1.37
2016.03.22 08:22:37.626,0.85154,0.85168,1.72,1.37
2016.03.22 08:22:37.984,0.85152,0.85164,3.75,1.75
2016.03.22 08:22:38.037,0.85148,0.85162,1.37,1.37
2016.03.22 08:22:38.088,0.85151,0.85165,1.12,1.87
2016.03.22 08:22:38.392,0.85153,0.85167,1.97,1.12
2016.03.22 08:22:38.493,0.85154,0.85168,1.72,1.37
2016.03.22 08:22:38.696,0.85153,0.85165,1.00,1.00
2016.03.22 08:22:39.047,0.85147,0.85161,1.37,1.47
2016.03.22 08:22:39.655,0.85147,0.85161,1.40,1.37
2016.03.22 08:22:40.166,0.85147,0.85161,1.37,1.37
2016.03.22 08:22:40.470,0.8515,0.85164,1.12,1.12
2016.03.22 08:22:40.622,0.85153,0.85167,1.37,1.37
2016.03.22 08:22:42.928,0.85154,0.85168,1.12,1.12
2016.03.22 08:22:43.446,0.85156,0.85168,1.37,1.37
2016.03.22 08:22:43.903,0.85158,0.8517,1.37,1.37
2016.03.22 08:22:44.639,0.85155,0.85169,1.37,1.37
2016.03.22 08:22:45.409,0.85152,0.85166,1.37,1.37
2016.03.22 08:22:46.333,0.85148,0.85161,1.94,1.37
2016.03.22 08:22:46.536,0.85149,0.85163,1.99,1.37
2016.03.22 08:22:46.637,0.8515,0.85164,1.12,1.12
2016.03.22 08:22:46.940,0.85152,0.85166,2.05,1.12
2016.03.22 08:22:48.148,0.85151,0.85163,1.00,1.00
2016.03.22 08:22:48.656,0.85149,0.85163,1.39,1.37
2016.03.22 08:22:48.707,0.85149,0.85163,1.39,4.12
2016.03.22 08:22:49.011,0.85144,0.85157,1.02,1.37
2016.03.22 08:22:49.518,0.85143,0.85157,1.37,1.37
2016.03.22 08:22:49.621,0.85141,0.85154,1.62,1.37
2016.03.22 08:22:50.076,0.8514,0.85148,1.37,1.00
2016.03.22 08:22:50.127,0.85137,0.85148,1.00,1.12
2016.03.22 08:22:50.363,0.85132,0.85145,1.30,1.37
2016.03.22 08:22:50.414,0.85134,0.85147,3.75,1.12
2016.03.22 08:22:50.465,0.85135,0.85149,1.12,1.12
2016.03.22 08:22:50.517,0.85134,0.85149,1.37,1.12
2016.03.22 08:22:51.022,0.85133,0.85147,1.37,1.87
2016.03.22 08:22:51.326,0.85132,0.85146,1.30,1.12
2016.03.22 08:22:51.731,0.85135,0.85147,1.00,1.00
2016.03.22 08:22:52.034,0.8513,0.85144,1.97,1.37
2016.03.22 08:22:52.560,0.85133,0.85144,1.30,1.37
2016.03.22 08:22:52.662,0.85133,0.85147,1.30,1.12
2016.03.22 08:22:52.864,0.85135,0.85149,1.37,1.37
2016.03.22 08:22:53.226,0.85135,0.85148,2.85,1.37
2016.03.22 08:22:53.328,0.85137,0.85151,3.22,1.37
2016.03.22 08:22:53.836,0.85138,0.85153,1.97,1.12
2016.03.22 08:22:54.056,0.8514,0.85155,2.05,1.37
2016.03.22 08:22:54.263,0.85143,0.85156,1.12,1.12
2016.03.22 08:22:54.770,0.85143,0.85156,1.87,1.50
2016.03.22 08:22:55.097,0.85145,0.85156,1.37,1.12
2016.03.22 08:22:55.452,0.85143,0.85153,1.00,1.12
2016.03.22 08:22:55.553,0.85139,0.85153,1.37,2.25
2016.03.22 08:22:55.843,0.85142,0.85156,1.37,2.25
2016.03.22 08:22:56.148,0.85148,0.85155,1.37,1.12
2016.03.22 08:22:56.351,0.85149,0.85162,1.30,1.75
2016.03.22 08:22:56.554,0.8515,0.85163,1.37,1.12
2016.03.22 08:22:56.758,0.85147,0.85161,1.37,1.37
2016.03.22 08:22:57.215,0.85147,0.85158,1.37,1.00
2016.03.22 08:22:57.478,0.85145,0.85158,1.47,1.12
2016.03.22 08:22:58.187,0.85144,0.85156,1.10,1.00
2016.03.22 08:22:58.744,0.85144,0.85159,1.12,1.12
2016.03.22 08:22:58.795,0.85147,0.85159,1.00,1.00
2016.03.22 08:23:00.068,0.85143,0.85157,1.37,1.37
2016.03.22 08:23:00.402,0.85146,0.85158,1.00,1.87
2016.03.22 08:23:00.907,0.85143,0.85158,1.12,2.25
2016.03.22 08:23:01.257,0.85139,0.85154,1.37,3.75
2016.03.22 08:23:01.316,0.85138,0.85152,1.37,1.37
2016.03.22 08:23:01.911,0.85138,0.8515,1.37,1.37
2016.03.22 08:23:02.012,0.85136,0.8515,1.37,2.25
2016.03.22 08:23:02.063,0.85133,0.85147,1.12,1.00
2016.03.22 08:23:03.399,0.85132,0.85144,1.35,1.00
2016.03.22 08:23:03.703,0.85135,0.85147,1.50,1.00
2016.03.22 08:23:04.007,0.85138,0.85152,1.80,1.87
2016.03.22 08:23:04.566,0.85138,0.85153,1.95,1.37
2016.03.22 08:23:04.719,0.85137,0.85151,1.37,1.37
2016.03.22 08:23:04.770,0.85135,0.85151,1.12,4.12
2016.03.22 08:23:04.822,0.85135,0.85147,1.00,1.00
2016.03.22 08:23:05.454,0.85133,0.85147,1.50,1.37
2016.03.22 08:23:05.707,0.85135,0.85149,1.37,1.37
2016.03.22 08:23:06.011,0.85137,0.85152,1.12,1.87
2016.03.22 08:23:06.375,0.85137,0.8515,1.37,1.37
2016.03.22 08:23:06.530,0.85134,0.85147,1.37,1.00
2016.03.22 08:23:06.887,0.85131,0.85146,1.20,1.37
2016.03.22 08:23:08.113,0.85131,0.85143,1.47,1.37
2016.03.22 08:23:08.313,0.85128,0.8514,1.00,1.00
2016.03.22 08:23:08.516,0.85125,0.85139,1.87,1.12
2016.03.22 08:23:08.819,0.85129,0.85141,1.00,1.00
2016.03.22 08:23:09.160,0.85126,0.85141,3.75,1.87
2016.03.22 08:23:09.211,0.85125,0.85138,1.67,1.12
2016.03.22 08:23:09.717,0.85127,0.8514,1.30,1.37
2016.03.22 08:23:09.819,0.85128,0.85142,1.12,1.12
2016.03.22 08:23:10.023,0.85131,0.85145,1.37,1.37
2016.03.22 08:23:10.227,0.85128,0.8514,1.00,1.00
2016.03.22 08:23:10.582,0.85128,0.85143,2.25,1.37
2016.03.22 08:23:10.633,0.8513,0.85144,1.37,1.37
2016.03.22 08:23:11.086,0.85128,0.85142,1.12,1.12
2016.03.22 08:23:11.138,0.85127,0.85141,1.67,1.37
2016.03.22 08:23:11.189,0.85127,0.85141,1.30,4.12
2016.03.22 08:23:11.695,0.85124,0.85138,2.55,1.37
2016.03.22 08:23:11.947,0.85127,0.8514,1.30,1.37
2016.03.22 08:23:12.454,0.85125,0.85138,1.12,1.12
2016.03.22 08:23:12.981,0.85124,0.85137,2.70,1.00
2016.03.22 08:23:13.335,0.85126,0.8514,1.37,1.37
2016.03.22 08:23:13.538,0.85129,0.85141,1.00,1.00
2016.03.22 08:23:13.908,0.85126,0.85141,1.37,1.12
2016.03.22 08:23:14.213,0.8512,0.85134,1.12,1.12
2016.03.22 08:23:15.333,0.85119,0.85131,1.14,1.37
2016.03.22 08:23:15.644,0.85118,0.85129,1.00,1.12
2016.03.22 08:23:15.848,0.85118,0.8513,1.37,1.37
2016.03.22 08:23:17.721,0.85121,0.8513,1.00,1.37
2016.03.22 08:23:17.824,0.8512,0.85132,1.50,1.00
2016.03.22 08:23:18.048,0.85117,0.85131,1.50,1.37
2016.03.22 08:23:18.353,0.85115,0.85129,1.37,1.37
2016.03.22 08:23:18.758,0.85113,0.85127,1.87,1.37
2016.03.22 08:23:19.106,0.85113,0.8512,1.00,1.37
2016.03.22 08:23:19.562,0.85113,0.85123,1.00,1.37
2016.03.22 08:23:19.613,0.85113,0.85125,1.50,1.12
2016.03.22 08:23:19.735,0.85114,0.85128,1.37,1.37
2016.03.22 08:23:20.244,0.85113,0.85123,1.00,1.12
2016.03.22 08:23:20.599,0.85113,0.85121,1.00,1.37
2016.03.22 08:23:20.650,0.85107,0.85121,1.47,1.37
2016.03.22 08:23:20.753,0.85112,0.85122,1.00,1.00
2016.03.22 08:23:20.878,0.85116,0.85129,1.47,1.37
2016.03.22 08:23:20.929,0.85116,0.8513,4.87,1.68
2016.03.22 08:23:21.183,0.85116,0.85128,1.12,1.00
2016.03.22 08:23:21.234,0.85118,0.85124,1.00,1.37
2016.03.22 08:23:21.335,0.8511,0.85125,1.37,1.12
2016.03.22 08:23:21.437,0.85112,0.85121,1.00,1.00
2016.03.22 08:23:21.540,0.85112,0.85123,1.00,1.00
2016.03.22 08:23:21.641,0.85109,0.85119,1.00,1.37
2016.03.22 08:23:22.254,0.85106,0.85121,1.87,1.12
2016.03.22 08:23:23.197,0.85108,0.85121,1.50,1.12
2016.03.22 08:23:23.249,0.85108,0.85122,2.62,1.37
2016.03.22 08:23:23.453,0.85108,0.85121,1.72,1.37
2016.03.22 08:23:23.554,0.85107,0.85119,1.60,1.37
2016.03.22 08:23:23.656,0.85105,0.85119,2.25,1.37
2016.03.22 08:23:23.858,0.85102,0.85114,1.50,1.37
2016.03.22 08:23:24.054,0.85103,0.85115,1.50,1.00
2016.03.22 08:23:24.358,0.85104,0.85118,1.37,1.37
2016.03.22 08:23:24.755,0.85102,0.85116,1.87,1.12
2016.03.22 08:23:24.857,0.85103,0.85117,1.95,1.37
2016.03.22 08:23:24.959,0.85105,0.85119,1.37,1.37
2016.03.22 08:23:25.263,0.85103,0.85115,1.10,1.00
2016.03.22 08:23:25.778,0.85103,0.85115,1.12,1.00
2016.03.22 08:23:25.879,0.85106,0.85118,1.00,1.00
2016.03.22 08:23:25.981,0.85103,0.85115,1.00,1.00
2016.03.22 08:23:27.891,0.85104,0.85118,1.37,1.37
2016.03.22 08:23:28.196,0.85108,0.85122,1.37,1.37
2016.03.22 08:23:28.775,0.85111,0.85123,1.00,1.00
2016.03.22 08:23:29.079,0.85112,0.85126,1.37,1.37
2016.03.22 08:23:29.468,0.85116,0.85128,4.12,1.50
2016.03.22 08:23:29.519,0.85115,0.85126,1.37,1.12
2016.03.22 08:23:29.571,0.8511,0.85122,1.00,1.00
2016.03.22 08:23:29.672,0.85111,0.85125,1.37,1.37
2016.03.22 08:23:30.077,0.85113,0.85127,1.12,1.37
2016.03.22 08:23:30.376,0.8512,0.85134,1.50,1.37
2016.03.22 08:23:30.481,0.85122,0.85136,1.37,1.37
2016.03.22 08:23:30.786,0.85117,0.8513,1.12,1.37
2016.03.22 08:23:31.090,0.85114,0.85128,1.50,1.37
2016.03.22 08:23:31.687,0.85113,0.85127,1.37,1.37
2016.03.22 08:23:31.990,0.8511,0.85123,1.87,1.37
2016.03.22 08:23:32.398,0.85113,0.85127,1.12,1.87
2016.03.22 08:23:32.601,0.85111,0.85126,1.12,1.37
2016.03.22 08:23:33.005,0.8511,0.85124,1.37,1.12
2016.03.22 08:23:33.107,0.85112,0.85126,1.47,1.37
2016.03.22 08:23:33.610,0.85115,0.85129,1.37,1.37
2016.03.22 08:23:33.915,0.85112,0.85125,1.57,1.50
2016.03.22 08:23:34.018,0.85109,0.85123,1.37,1.50
2016.03.22 08:23:34.218,0.85107,0.85121,1.37,1.37
2016.03.22 08:23:34.926,0.85104,0.85118,1.12,1.12
2016.03.22 08:23:35.242,0.851,0.85114,1.47,1.37
2016.03.22 08:23:35.597,0.85098,0.85111,3.91,1.12
2016.03.22 08:23:35.698,0.85099,0.85113,1.37,1.37
2016.03.22 08:23:35.901,0.85098,0.85114,2.78,1.37
2016.03.22 08:23:36.514,0.85098,0.85116,1.50,1.37
2016.03.22 08:23:36.716,0.85098,0.85118,1.50,2.25
2016.03.22 08:23:36.919,0.85096,0.85116,2.47,1.37
2016.03.22 08:23:37.429,0.85098,0.85117,1.50,1.87
2016.03.22 08:23:37.733,0.85097,0.85116,1.20,1.12
2016.03.22 08:23:38.493,0.85098,0.85114,1.87,1.00
2016.03.22 08:23:38.544,0.85099,0.85118,1.50,1.87
2016.03.22 08:23:39.002,0.85102,0.85118,1.00,1.37
2016.03.22 08:23:39.154,0.85101,0.85121,2.55,2.62
2016.03.22 08:23:39.631,0.85101,0.85118,1.05,1.00
2016.03.22 08:23:39.935,0.85096,0.85113,2.17,1.12
2016.03.22 08:23:40.283,0.85098,0.85111,1.00,1.37
2016.03.22 08:23:40.437,0.85101,0.85116,1.37,1.00
2016.03.22 08:23:40.488,0.85101,0.85119,1.50,1.12
2016.03.22 08:23:41.018,0.85103,0.85121,1.12,1.12
2016.03.22 08:23:41.323,0.85103,0.85119,1.12,1.00
2016.03.22 08:23:41.526,0.85102,0.85119,1.12,1.37
2016.03.22 08:23:42.674,0.85103,0.85119,1.50,1.37
2016.03.22 08:23:42.725,0.85103,0.85122,2.25,1.87
2016.03.22 08:23:42.826,0.85102,0.85118,1.50,1.00
2016.03.22 08:23:43.124,0.851,0.85118,2.10,1.37
2016.03.22 08:23:43.639,0.85102,0.8512,1.00,2.25
2016.03.22 08:23:44.142,0.851,0.85117,1.80,1.12
2016.03.22 08:23:44.650,0.85097,0.85117,3.97,1.37
2016.03.22 08:23:45.157,0.85097,0.85117,3.60,2.62
2016.03.22 08:23:45.677,0.85097,0.85117,3.60,3.00
2016.03.22 08:23:46.189,0.85097,0.85113,3.60,1.00
2016.03.22 08:23:46.734,0.85098,0.85113,1.37,1.00
2016.03.22 08:23:46.836,0.85098,0.85117,1.37,1.87
2016.03.22 08:23:46.887,0.85098,0.85114,1.37,1.37
2016.03.22 08:23:46.988,0.85096,0.85113,1.37,1.12
2016.03.22 08:23:47.154,0.85093,0.85108,1.00,1.50
2016.03.22 08:23:47.206,0.8509,0.85108,2.10,1.87
2016.03.22 08:23:47.358,0.8509,0.85107,1.00,1.37
2016.03.22 08:23:47.663,0.85091,0.85109,1.37,1.12
2016.03.22 08:23:48.191,0.8509,0.85107,2.25,1.37
2016.03.22 08:23:48.293,0.8509,0.85107,1.57,1.37
2016.03.22 08:23:49.269,0.8509,0.85109,1.20,1.87
2016.03.22 08:23:50.176,0.85089,0.85108,2.55,1.75
2016.03.22 08:23:50.483,0.85089,0.85108,3.22,2.25
2016.03.22 08:23:50.686,0.85091,0.85108,1.50,1.50
2016.03.22 08:23:50.788,0.85091,0.85107,1.00,1.50
2016.03.22 08:23:50.991,0.85089,0.85107,1.87,1.37
2016.03.22 08:23:51.288,0.85088,0.85105,1.35,1.37
2016.03.22 08:23:51.643,0.85087,0.85101,1.00,1.37
2016.03.22 08:23:51.946,0.85086,0.85104,1.03,1.37
2016.03.22 08:23:52.438,0.85088,0.85105,1.00,1.37
2016.03.22 08:23:53.046,0.85089,0.85105,1.00,1.37
2016.03.22 08:23:53.551,0.85088,0.85107,1.50,1.12
2016.03.22 08:23:54.055,0.85088,0.85107,1.15,1.37
2016.03.22 08:23:54.359,0.85089,0.85109,1.37,1.50
2016.03.22 08:23:54.861,0.85089,0.85109,1.50,2.25
2016.03.22 08:23:55.414,0.85091,0.85109,1.50,1.00
2016.03.22 08:23:55.465,0.85091,0.85108,1.12,1.12
2016.03.22 08:23:56.072,0.85089,0.85107,1.10,1.37
2016.03.22 08:23:56.235,0.85089,0.85107,1.00,1.40
2016.03.22 08:23:56.741,0.8509,0.85107,1.00,1.90
2016.03.22 08:23:57.108,0.8509,0.85103,1.00,1.12
2016.03.22 08:23:57.362,0.85088,0.85103,1.00,1.75
2016.03.22 08:23:57.768,0.85088,0.85098,1.00,1.37
2016.03.22 08:23:58.273,0.85088,0.851,1.00,1.12
2016.03.22 08:23:58.833,0.85088,0.85101,1.00,1.12
2016.03.22 08:23:58.989,0.85082,0.85099,1.57,1.50
2016.03.22 08:23:59.040,0.85082,0.85099,1.57,1.87
2016.03.22 08:23:59.142,0.85082,0.85099,2.32,1.50
2016.03.22 08:23:59.465,0.85082,0.85102,1.95,2.25
2016.03.22 08:23:59.614,0.85082,0.85101,1.57,1.20
2016.03.22 08:24:00.070,0.85083,0.85102,1.72,1.50
2016.03.22 08:24:00.369,0.85083,0.85101,1.05,1.75
2016.03.22 08:24:00.786,0.85083,0.851,1.72,1.12
2016.03.22 08:24:00.887,0.85083,0.85097,1.12,1.00
2016.03.22 08:24:01.226,0.85081,0.85093,1.26,1.50
2016.03.22 08:24:01.529,0.85081,0.85088,1.26,2.25
2016.03.22 08:24:02.037,0.8508,0.85086,1.26,1.37
2016.03.22 08:24:02.089,0.8507,0.85086,1.00,1.37
2016.03.22 08:24:02.595,0.85068,0.85087,2.25,1.37
2016.03.22 08:24:03.280,0.85069,0.85087,1.50,1.87
2016.03.22 08:24:03.783,0.8507,0.85087,1.12,1.37
2016.03.22 08:24:03.986,0.8507,0.85088,1.50,1.12
2016.03.22 08:24:04.138,0.8507,0.85088,1.87,1.12
2016.03.22 08:24:04.342,0.8507,0.85088,1.50,1.12
2016.03.22 08:24:04.852,0.8507,0.85087,1.50,1.00
2016.03.22 08:24:04.903,0.85072,0.85083,1.37,1.00
2016.03.22 08:24:05.106,0.8507,0.85083,1.00,1.00
2016.03.22 08:24:05.207,0.85066,0.85083,1.57,1.87
2016.03.22 08:24:05.258,0.85065,0.85078,1.12,1.00
2016.03.22 08:24:05.555,0.85067,0.85083,1.87,1.00
2016.03.22 08:24:05.808,0.85066,0.85083,1.10,1.87
2016.03.22 08:24:06.011,0.85063,0.85078,1.10,1.87
2016.03.22 08:24:06.318,0.85054,0.85071,1.10,1.37
2016.03.22 08:24:06.420,0.85054,0.85069,1.10,1.37
2016.03.22 08:24:06.572,0.85053,0.85072,2.55,1.87
2016.03.22 08:24:06.725,0.85055,0.85073,2.10,1.00
2016.03.22 08:24:06.818,0.85055,0.85073,1.65,1.87
2016.03.22 08:24:07.021,0.85056,0.85076,2.10,1.69
2016.03.22 08:24:07.224,0.85059,0.85078,1.37,1.69
2016.03.22 08:24:07.438,0.85057,0.85077,1.95,1.69
2016.03.22 08:24:07.609,0.85059,0.85078,1.37,2.25
2016.03.22 08:24:07.914,0.85057,0.85076,1.87,1.12
2016.03.22 08:24:08.218,0.85056,0.85071,1.35,1.37
2016.03.22 08:24:08.437,0.85056,0.85073,1.35,1.12
2016.03.22 08:24:08.943,0.85057,0.85075,1.50,1.00
2016.03.22 08:24:08.994,0.85057,0.85072,1.50,1.00
2016.03.22 08:24:09.304,0.85051,0.85063,1.00,1.12
2016.03.22 08:24:09.356,0.85047,0.85063,1.87,1.12
2016.03.22 08:24:09.458,0.85043,0.85063,4.87,2.25
2016.03.22 08:24:09.560,0.85043,0.85061,4.12,1.87
2016.03.22 08:24:09.865,0.85036,0.85053,1.87,1.00
2016.03.22 08:24:10.061,0.85036,0.85056,1.87,1.37
2016.03.22 08:24:10.214,0.85039,0.85058,1.12,1.20
2016.03.22 08:24:10.315,0.85039,0.85059,1.87,1.37
2016.03.22 08:24:10.417,0.85042,0.85059,1.00,1.00
2016.03.22 08:24:10.813,0.85046,0.8506,1.37,1.37
2016.03.22 08:24:10.965,0.8505,0.85068,1.12,1.12
2016.03.22 08:24:11.067,0.8505,0.8507,1.87,1.37
2016.03.22 08:24:11.118,0.85052,0.8507,1.37,1.12
2016.03.22 08:24:11.422,0.8505,0.85067,1.37,1.00
2016.03.22 08:24:11.747,0.85053,0.85071,1.00,1.12
2016.03.22 08:24:12.051,0.85053,0.85072,2.25,1.12
2016.03.22 08:24:12.461,0.85057,0.85076,1.12,1.87
2016.03.22 08:24:12.764,0.85056,0.85074,1.12,1.37
2016.03.22 08:24:13.739,0.85054,0.85072,2.05,1.00
2016.03.22 08:24:13.993,0.8505,0.85068,1.87,1.12
2016.03.22 08:24:14.610,0.85052,0.85069,1.00,1.37
2016.03.22 08:24:14.966,0.85053,0.85071,1.00,1.37
2016.03.22 08:24:15.068,0.85051,0.85068,1.37,1.37
2016.03.22 08:24:15.380,0.85051,0.85066,1.00,1.37
2016.03.22 08:24:15.583,0.8505,0.85068,1.12,1.37
2016.03.22 08:24:15.937,0.85049,0.85066,1.30,1.37
2016.03.22 08:24:16.242,0.85046,0.85062,3.97,1.00
2016.03.22 08:24:16.495,0.85047,0.85065,1.72,1.37
2016.03.22 08:24:16.850,0.85047,0.85065,1.72,1.87
2016.03.22 08:24:17.061,0.85042,0.85061,1.80,1.37
2016.03.22 08:24:17.369,0.85042,0.85058,1.70,1.37
2016.03.22 08:24:17.471,0.85042,0.85061,1.70,1.87
2016.03.22 08:24:17.573,0.85042,0.85059,1.80,1.37
2016.03.22 08:24:17.675,0.85042,0.85061,2.92,1.37
2016.03.22 08:24:18.077,0.85045,0.85062,1.12,1.12
2016.03.22 08:24:18.180,0.85044,0.85061,1.05,1.00
2016.03.22 08:24:18.383,0.85043,0.85059,1.60,1.00
2016.03.22 08:24:18.896,0.85043,0.85061,1.72,1.37
2016.03.22 08:24:18.997,0.85044,0.85062,1.30,1.12
2016.03.22 08:24:19.504,0.85045,0.85063,1.00,1.37
2016.03.22 08:24:20.018,0.85043,0.85058,1.37,1.00
2016.03.22 08:24:20.069,0.85041,0.85058,1.12,1.00
2016.03.22 08:24:20.171,0.85041,0.85057,1.00,1.12
2016.03.22 08:24:20.692,0.8504,0.85058,1.37,1.00
2016.03.22 08:24:20.794,0.85043,0.85058,1.00,1.00
2016.03.22 08:24:20.896,0.85039,0.85058,1.12,1.50
2016.03.22 08:24:21.200,0.85037,0.85057,1.37,1.37
2016.03.22 08:24:22.274,0.85036,0.85055,2.05,1.12
2016.03.22 08:24:23.592,0.8504,0.85055,1.00,1.12
2016.03.22 08:24:23.898,0.85048,0.85066,1.12,1.12
2016.03.22 08:24:23.948,0.8505,0.85066,1.00,1.12
2016.03.22 08:24:23.999,0.8505,0.85068,1.00,1.37
2016.03.22 08:24:24.101,0.85051,0.85071,1.72,1.37
2016.03.22 08:24:24.375,0.85053,0.85072,1.87,1.37
2016.03.22 08:24:24.679,0.85052,0.85067,1.00,1.37
2016.03.22 08:24:24.983,0.85056,0.8507,1.00,1.12
2016.03.22 08:24:25.116,0.85056,0.85073,1.00,1.37
2016.03.22 08:24:25.218,0.85056,0.85075,1.87,1.37
2016.03.22 08:24:25.876,0.85056,0.85072,1.37,1.00
2016.03.22 08:24:26.121,0.85047,0.85067,2.25,1.37
2016.03.22 08:24:26.324,0.85045,0.85065,1.50,1.37
2016.03.22 08:24:26.897,0.85048,0.85067,1.50,1.37
2016.03.22 08:24:28.515,0.85049,0.85069,2.62,1.37
2016.03.22 08:24:28.616,0.85051,0.8507,1.12,1.37
2016.03.22 08:24:28.845,0.85049,0.85069,1.12,1.12
2016.03.22 08:24:29.099,0.85052,0.85072,1.12,1.87
2016.03.22 08:24:29.201,0.85049,0.85068,1.12,1.12
2016.03.22 08:24:29.608,0.85051,0.8507,1.50,1.12
2016.03.22 08:24:29.786,0.85056,0.85072,1.00,1.12
2016.03.22 08:24:29.837,0.85056,0.85072,1.00,1.37
2016.03.22 08:24:29.938,0.85056,0.85075,1.87,1.37
2016.03.22 08:24:30.242,0.85059,0.85075,1.00,1.37
2016.03.22 08:24:30.344,0.85059,0.85077,1.00,1.37
2016.03.22 08:24:30.446,0.85059,0.85078,1.87,1.12
2016.03.22 08:24:30.644,0.85059,0.85078,1.12,1.75
2016.03.22 08:24:31.151,0.85057,0.85076,1.37,1.37
2016.03.22 08:24:31.507,0.85059,0.85078,1.50,1.12
2016.03.22 08:24:31.720,0.8506,0.85079,1.37,1.37
2016.03.22 08:24:31.923,0.85059,0.85077,1.42,1.37
2016.03.22 08:24:32.227,0.8506,0.85079,1.37,1.12
2016.03.22 08:24:32.329,0.85061,0.85081,1.37,1.37
2016.03.22 08:24:33.315,0.8506,0.85079,1.47,1.37
2016.03.22 08:24:35.026,0.85063,0.85082,1.87,1.50
2016.03.22 08:24:35.229,0.85064,0.85083,1.37,1.12
2016.03.22 08:24:35.533,0.85064,0.85081,1.00,1.00
2016.03.22 08:24:35.945,0.85061,0.85078,3.60,1.00
2016.03.22 08:24:36.158,0.85061,0.85081,3.97,1.37
2016.03.22 08:24:36.210,0.85061,0.8508,1.37,1.87
2016.03.22 08:24:36.717,0.85061,0.85078,1.50,1.00
2016.03.22 08:24:37.022,0.85061,0.8508,1.97,1.75
2016.03.22 08:24:37.073,0.85063,0.8508,1.30,1.00
2016.03.22 08:24:37.377,0.85061,0.85078,1.97,1.00
2016.03.22 08:24:37.681,0.85059,0.85077,1.67,1.12
2016.03.22 08:24:38.567,0.8506,0.85077,1.72,1.00
2016.03.22 08:24:38.670,0.8506,0.85079,2.47,1.12
2016.03.22 08:24:38.772,0.8506,0.85079,1.12,1.87
2016.03.22 08:24:39.311,0.85059,0.85077,1.12,1.50
2016.03.22 08:24:39.665,0.85059,0.85077,1.72,1.87
2016.03.22 08:24:39.767,0.85058,0.85077,1.37,1.87
2016.03.22 08:24:39.869,0.85057,0.85075,2.10,1.12
2016.03.22 08:24:40.201,0.85055,0.85073,2.10,2.62
2016.03.22 08:24:40.353,0.85056,0.85073,2.47,1.00
2016.03.22 08:24:40.870,0.85056,0.85074,2.47,1.12
2016.03.22 08:24:41.476,0.85053,0.85071,1.72,1.12
2016.03.22 08:24:41.780,0.85049,0.85068,2.47,1.50
2016.03.22 08:24:41.882,0.85048,0.85067,1.72,1.87
2016.03.22 08:24:41.933,0.85048,0.85066,1.30,1.12
2016.03.22 08:24:42.439,0.85047,0.85063,1.00,1.00
2016.03.22 08:24:42.692,0.85044,0.85061,1.00,1.00
2016.03.22 08:24:42.793,0.85042,0.8506,1.12,1.37
2016.03.22 08:24:43.106,0.85044,0.85061,1.37,1.37
2016.03.22 08:24:43.359,0.85043,0.85061,1.00,1.87
2016.03.22 08:24:43.866,0.85042,0.85062,1.37,2.25
2016.03.22 08:24:44.068,0.85042,0.85058,1.37,1.00
2016.03.22 08:24:44.373,0.85031,0.85048,1.12,1.00
2016.03.22 08:24:44.579,0.85029,0.85048,2.47,1.12
2016.03.22 08:24:44.681,0.8503,0.85045,1.00,1.37
2016.03.22 08:24:44.934,0.85027,0.85045,1.72,1.37
2016.03.22 08:24:45.188,0.85025,0.85042,1.57,1.00
2016.03.22 08:24:45.366,0.85023,0.85041,1.12,1.50
2016.03.22 08:24:45.418,0.85023,0.8504,1.00,1.50
2016.03.22 08:24:45.469,0.8502,0.85039,1.95,1.37
2016.03.22 08:24:45.774,0.8502,0.85036,1.00,1.37
2016.03.22 08:24:46.282,0.85023,0.85039,1.00,1.12
2016.03.22 08:24:46.383,0.85023,0.85042,1.87,1.12
2016.03.22 08:24:46.891,0.85025,0.85043,1.30,1.87
2016.03.22 08:24:47.313,0.85027,0.85044,1.00,1.87
2016.03.22 08:24:47.515,0.85025,0.85044,1.72,1.37
2016.03.22 08:24:47.667,0.85027,0.85044,1.00,1.37
2016.03.22 08:24:48.325,0.85027,0.85045,2.85,1.37
2016.03.22 08:24:48.528,0.85032,0.85047,1.00,1.37
2016.03.22 08:24:48.579,0.85034,0.85048,1.60,1.12
2016.03.22 08:24:48.867,0.85037,0.85056,1.50,4.12
2016.03.22 08:24:48.922,0.85038,0.85056,1.87,1.37
2016.03.22 08:24:49.075,0.85039,0.85058,1.87,1.50
2016.03.22 08:24:49.126,0.85039,0.85058,1.87,1.87
2016.03.22 08:24:49.380,0.85037,0.85055,1.00,1.87
2016.03.22 08:24:49.431,0.85034,0.85054,1.50,4.87
2016.03.22 08:24:49.483,0.85033,0.85051,1.10,1.12
2016.03.22 08:24:50.002,0.85032,0.85051,1.12,1.37
2016.03.22 08:24:50.103,0.85032,0.85051,1.00,1.12
2016.03.22 08:24:50.407,0.85032,0.85051,1.12,1.37
2016.03.22 08:24:50.874,0.85034,0.85051,1.00,1.37
2016.03.22 08:24:51.026,0.85036,0.85055,1.37,1.87
2016.03.22 08:24:51.128,0.85038,0.85055,1.37,1.12
2016.03.22 08:24:51.488,0.85039,0.85057,1.37,1.95
2016.03.22 08:24:52.317,0.8504,0.8506,1.37,2.62
2016.03.22 08:24:52.370,0.85043,0.8506,1.00,1.37
2016.03.22 08:24:52.522,0.85043,0.85061,1.50,1.00
2016.03.22 08:24:53.384,0.85042,0.85061,1.50,1.37
2016.03.22 08:24:53.738,0.85045,0.85061,1.00,1.37
2016.03.22 08:24:53.930,0.85045,0.85065,1.87,3.37
2016.03.22 08:24:53.982,0.85044,0.8506,1.12,1.00
2016.03.22 08:24:54.137,0.85041,0.8506,2.62,1.47
2016.03.22 08:24:54.698,0.85042,0.85059,1.00,1.37
2016.03.22 08:24:54.750,0.8504,0.85059,1.87,1.37
2016.03.22 08:24:54.903,0.85041,0.85057,1.00,1.37
2016.03.22 08:24:55.217,0.85041,0.8506,1.12,1.37
2016.03.22 08:24:55.318,0.85041,0.85057,1.00,1.00
2016.03.22 08:24:56.046,0.85042,0.85059,1.00,1.12
2016.03.22 08:24:56.147,0.85041,0.8506,1.37,2.62
2016.03.22 08:24:56.198,0.85041,0.85057,1.37,1.00
2016.03.22 08:24:56.350,0.85038,0.85057,2.25,1.87
2016.03.22 08:24:56.990,0.85038,0.85053,1.50,1.00
2016.03.22 08:24:57.142,0.85035,0.85053,1.37,3.00
2016.03.22 08:24:57.317,0.85034,0.85052,1.50,1.12
2016.03.22 08:24:58.333,0.85031,0.85047,1.00,1.37
2016.03.22 08:24:58.839,0.85032,0.85051,1.35,1.37
2016.03.22 08:24:58.992,0.85035,0.85051,1.00,1.37
2016.03.22 08:24:59.043,0.85035,0.85053,1.12,1.37
2016.03.22 08:24:59.556,0.85036,0.85051,1.00,1.00
2016.03.22 08:24:59.607,0.85034,0.85051,1.00,1.00
2016.03.22 08:25:00.017,0.85036,0.85053,1.00,1.37
2016.03.22 08:25:00.323,0.85029,0.85045,1.06,1.00
2016.03.22 08:25:00.651,0.85031,0.8505,2.25,1.37
2016.03.22 08:25:01.187,0.85035,0.85051,1.00,1.12
2016.03.22 08:25:01.729,0.85036,0.85051,1.00,1.12
2016.03.22 08:25:02.092,0.85039,0.85051,1.00,1.12
2016.03.22 08:25:02.248,0.85042,0.85055,1.00,1.37
2016.03.22 08:25:02.451,0.85043,0.85058,1.50,1.69
2016.03.22 08:25:02.502,0.85047,0.85058,1.00,1.69
2016.03.22 08:25:02.604,0.85048,0.85063,1.00,1.37
2016.03.22 08:25:02.756,0.85048,0.85066,1.57,1.37
2016.03.22 08:25:02.858,0.85049,0.85063,1.10,1.37
2016.03.22 08:25:03.169,0.85057,0.85072,1.00,1.69
2016.03.22 08:25:03.221,0.85054,0.85072,1.57,1.69
2016.03.22 08:25:03.425,0.85057,0.85072,1.00,2.19
2016.03.22 08:25:03.971,0.85058,0.85073,1.00,4.12
2016.03.22 08:25:04.177,0.85058,0.85074,1.00,1.37
2016.03.22 08:25:04.797,0.85059,0.85074,1.00,1.37
2016.03.22 08:25:04.848,0.85059,0.85076,1.12,1.37
2016.03.22 08:25:04.951,0.85059,0.85079,1.37,1.12
2016.03.22 08:25:05.154,0.85058,0.85076,1.20,1.12
2016.03.22 08:25:05.257,0.85058,0.85075,1.00,1.37
2016.03.22 08:25:05.571,0.85058,0.85072,1.00,1.37
2016.03.22 08:25:05.877,0.8506,0.85071,1.00,1.37
2016.03.22 08:25:06.384,0.8506,0.85072,1.00,1.37
2016.03.22 08:25:06.689,0.85061,0.8507,1.00,1.37
2016.03.22 08:25:06.942,0.85051,0.8507,1.12,2.62
2016.03.22 08:25:07.154,0.85049,0.85067,1.30,1.37
2016.03.22 08:25:07.256,0.85048,0.85066,1.44,1.12
2016.03.22 08:25:07.662,0.85047,0.85067,2.62,2.25
2016.03.22 08:25:08.376,0.85049,0.85069,1.87,1.37
2016.03.22 08:25:08.478,0.85051,0.85069,1.37,1.12
2016.03.22 08:25:08.783,0.85052,0.85068,1.00,1.50
2016.03.22 08:25:08.963,0.85048,0.85066,1.00,1.87
2016.03.22 08:25:09.418,0.85051,0.85067,1.00,1.37
2016.03.22 08:25:09.946,0.8505,0.85069,1.50,1.12
2016.03.22 08:25:11.194,0.85048,0.85066,1.50,1.37
2016.03.22 08:25:11.446,0.8505,0.85066,1.00,1.37
2016.03.22 08:25:11.801,0.85051,0.8507,1.50,1.87
2016.03.22 08:25:12.055,0.8505,0.85068,1.12,2.62
2016.03.22 08:25:12.106,0.8505,0.85064,1.12,1.00
2016.03.22 08:25:12.424,0.8505,0.85063,1.00,1.87
2016.03.22 08:25:12.476,0.8505,0.85063,1.00,1.50
2016.03.22 08:25:12.578,0.85046,0.85063,1.00,1.50
2016.03.22 08:25:12.883,0.85046,0.85061,1.00,1.37
2016.03.22 08:25:13.289,0.85046,0.85062,1.00,1.00
2016.03.22 08:25:13.963,0.85046,0.85063,1.00,1.50
2016.03.22 08:25:14.475,0.85046,0.85062,1.00,1.00
2016.03.22 08:25:14.778,0.85046,0.85064,1.87,1.12
2016.03.22 08:25:15.130,0.85046,0.85062,1.87,1.00
2016.03.22 08:25:15.636,0.85046,0.85061,1.87,1.00
2016.03.22 08:25:16.152,0.85046,0.8506,1.87,1.00
2016.03.22 08:25:16.507,0.85045,0.8506,1.12,1.00
2016.03.22 08:25:16.659,0.85045,0.85063,1.12,2.25
2016.03.22 08:25:17.457,0.85047,0.85062,1.00,1.12
2016.03.22 08:25:18.067,0.85047,0.8506,1.00,1.00
2016.03.22 08:25:18.169,0.85047,0.85063,1.00,1.87
2016.03.22 08:25:18.676,0.85047,0.8506,1.00,1.00
2016.03.22 08:25:18.878,0.85047,0.85062,1.00,1.12
2016.03.22 08:25:19.081,0.85047,0.8506,1.00,1.00
2016.03.22 08:25:20.264,0.85047,0.85061,1.00,1.00
2016.03.22 08:25:20.773,0.85047,0.8506,1.00,1.00
2016.03.22 08:25:21.897,0.85047,0.85062,1.00,1.50
2016.03.22 08:25:22.398,0.85047,0.85061,2.47,1.00
2016.03.22 08:25:22.803,0.85047,0.85058,1.87,1.00
2016.03.22 08:25:23.307,0.85041,0.85057,1.64,1.00
2016.03.22 08:25:23.358,0.85041,0.85057,1.39,1.00
2016.03.22 08:25:23.712,0.85039,0.85054,1.94,1.00
2016.03.22 08:25:24.900,0.85038,0.85054,1.64,1.00
2016.03.22 08:25:25.449,0.85037,0.85053,1.37,1.00
2016.03.22 08:25:25.501,0.85037,0.85049,1.37,1.00
2016.03.22 08:25:25.754,0.85032,0.85046,2.78,1.50
2016.03.22 08:25:26.188,0.85028,0.85046,1.50,1.87
2016.03.22 08:25:26.441,0.85027,0.85042,1.75,1.00
2016.03.22 08:25:26.543,0.85024,0.85042,1.12,1.12
2016.03.22 08:25:26.644,0.85029,0.85041,1.00,1.37
2016.03.22 08:25:26.847,0.85032,0.8505,1.72,1.37
2016.03.22 08:25:26.898,0.85034,0.85051,1.12,1.87
2016.03.22 08:25:27.421,0.85035,0.85052,1.00,3.42
2016.03.22 08:25:27.934,0.85034,0.8505,1.12,1.00
2016.03.22 08:25:28.036,0.85032,0.8505,1.12,1.50
2016.03.22 08:25:28.441,0.8503,0.85047,1.37,1.00
2016.03.22 08:25:28.543,0.85028,0.85047,1.37,1.12
2016.03.22 08:25:28.644,0.85027,0.85046,3.91,1.87
2016.03.22 08:25:28.969,0.85027,0.85041,1.37,1.00
2016.03.22 08:25:29.724,0.85027,0.85041,1.12,1.00
2016.03.22 08:25:29.859,0.85027,0.85044,1.87,1.00
2016.03.22 08:25:29.910,0.85029,0.85046,1.50,1.00
2016.03.22 08:25:30.213,0.85027,0.85042,1.12,1.00
2016.03.22 08:25:30.264,0.85026,0.85042,1.37,1.00
2016.03.22 08:25:30.569,0.85029,0.85041,2.10,1.00
2016.03.22 08:25:30.733,0.85031,0.85047,1.60,1.00
2016.03.22 08:25:31.240,0.85031,0.85048,1.60,1.00
2016.03.22 08:25:32.267,0.85032,0.8505,1.97,1.12
2016.03.22 08:25:32.641,0.85032,0.85047,1.37,1.00
2016.03.22 08:25:32.742,0.85029,0.85045,1.37,1.00
2016.03.22 08:25:32.844,0.85027,0.85045,1.12,1.12
2016.03.22 08:25:33.148,0.85026,0.85042,1.00,1.00
2016.03.22 08:25:33.249,0.85024,0.85041,1.00,1.00
2016.03.22 08:25:33.453,0.85022,0.85039,1.30,1.12
2016.03.22 08:25:33.771,0.85022,0.85038,1.24,1.50
2016.03.22 08:25:34.176,0.85022,0.85039,1.24,1.00
2016.03.22 08:25:34.694,0.85021,0.85039,1.50,1.00
2016.03.22 08:25:34.745,0.85022,0.85042,1.37,3.75
2016.03.22 08:25:35.049,0.85027,0.85042,1.12,1.12
2016.03.22 08:25:35.559,0.85024,0.85042,1.95,1.50
2016.03.22 08:25:37.248,0.85023,0.85041,1.87,1.00
2016.03.22 08:25:37.757,0.85023,0.85039,1.00,1.00
2016.03.22 08:25:38.263,0.85023,0.8504,1.00,1.00
2016.03.22 08:25:38.774,0.85023,0.85041,1.00,1.50
2016.03.22 08:25:39.078,0.85021,0.85037,1.37,1.00
2016.03.22 08:25:39.382,0.85019,0.85038,1.37,1.87
2016.03.22 08:25:39.895,0.85019,0.85036,1.37,1.00
2016.03.22 08:25:40.402,0.85019,0.85038,1.87,1.37
2016.03.22 08:25:40.958,0.8502,0.85039,1.87,2.25
2016.03.22 08:25:41.262,0.85018,0.85035,1.10,1.37
2016.03.22 08:25:41.364,0.85018,0.85037,1.20,1.37
2016.03.22 08:25:41.466,0.85019,0.85038,1.50,1.37
2016.03.22 08:25:41.600,0.8502,0.85039,1.37,1.87
2016.03.22 08:25:41.651,0.85019,0.85039,1.37,1.75
2016.03.22 08:25:42.159,0.85019,0.85038,1.75,1.50
2016.03.22 08:25:42.674,0.8502,0.85038,1.20,1.12
2016.03.22 08:25:43.180,0.8502,0.85038,1.57,1.12
2016.03.22 08:25:43.495,0.85024,0.85038,1.00,1.00
2016.03.22 08:25:43.799,0.85028,0.85038,1.12,1.00
2016.03.22 08:25:44.103,0.85033,0.8504,1.12,1.00
2016.03.22 08:25:44.205,0.85033,0.85043,2.25,1.00
2016.03.22 08:25:44.394,0.85036,0.85048,1.37,1.55
2016.03.22 08:25:44.496,0.85038,0.85054,1.00,1.00
2016.03.22 08:25:45.002,0.85036,0.85055,1.87,1.12
2016.03.22 08:25:45.258,0.85036,0.85055,1.87,1.12
2016.03.22 08:25:45.775,0.85039,0.85054,1.00,1.00
2016.03.22 08:25:45.877,0.85039,0.85058,1.87,1.12
2016.03.22 08:25:46.181,0.85039,0.85058,1.12,1.12
2016.03.22 08:25:47.404,0.85039,0.85058,1.37,1.37
2016.03.22 08:25:47.911,0.85037,0.85056,1.12,2.25
2016.03.22 08:25:47.962,0.85037,0.85056,1.37,2.62
2016.03.22 08:25:48.064,0.85035,0.85055,1.47,1.87
2016.03.22 08:25:48.715,0.85035,0.85054,1.50,2.62
2016.03.22 08:25:48.867,0.85034,0.85052,1.00,1.00
2016.03.22 08:25:49.386,0.85033,0.85051,1.37,1.75
2016.03.22 08:25:49.488,0.85033,0.85053,1.37,2.62
2016.03.22 08:25:51.309,0.85032,0.8505,1.12,1.00
2016.03.22 08:25:51.411,0.8503,0.85048,1.12,1.00
2016.03.22 08:25:51.462,0.8503,0.85048,1.87,1.00
2016.03.22 08:25:51.885,0.8503,0.85047,1.37,1.37
2016.03.22 08:25:52.393,0.8503,0.8505,1.50,1.12
2016.03.22 08:25:52.697,0.85034,0.85051,1.37,1.37
2016.03.22 08:25:53.000,0.85035,0.85054,1.37,1.50
2016.03.22 08:25:53.102,0.85036,0.85055,1.12,1.12
2016.03.22 08:25:54.155,0.85036,0.85054,1.12,1.00
2016.03.22 08:25:54.207,0.85035,0.85049,1.75,1.75
2016.03.22 08:25:54.340,0.85032,0.85045,1.00,1.00
2016.03.22 08:25:54.393,0.85025,0.85045,2.85,1.37
2016.03.22 08:25:55.101,0.85025,0.85045,2.79,1.87
2016.03.22 08:25:55.611,0.85028,0.85045,1.99,1.00
2016.03.22 08:25:55.713,0.85029,0.85047,2.19,1.87
2016.03.22 08:25:55.865,0.85031,0.8505,1.37,1.87
2016.03.22 08:25:55.916,0.85032,0.8505,1.12,1.50
2016.03.22 08:25:56.018,0.85034,0.8505,1.37,1.12
2016.03.22 08:25:56.323,0.8503,0.85046,1.12,1.00
2016.03.22 08:25:56.476,0.85029,0.85048,2.04,1.87
2016.03.22 08:25:56.881,0.85032,0.85046,1.00,1.00
2016.03.22 08:25:57.383,0.85032,0.85051,1.37,2.47
2016.03.22 08:25:57.434,0.85032,0.85048,1.37,1.00
2016.03.22 08:25:57.689,0.85027,0.85047,3.00,1.87
2016.03.22 08:25:57.993,0.85029,0.85047,1.37,1.12
2016.03.22 08:25:58.196,0.85028,0.85047,1.87,1.87
2016.03.22 08:25:58.247,0.8503,0.85047,1.00,1.87
2016.03.22 08:25:58.579,0.85031,0.85049,1.12,1.87
2016.03.22 08:25:59.239,0.85032,0.85049,1.00,1.37
2016.03.22 08:25:59.747,0.85033,0.8505,1.00,1.75
2016.03.22 08:25:59.798,0.85033,0.8505,1.00,1.12
2016.03.22 08:25:59.899,0.85033,0.85051,1.95,1.50
2016.03.22 08:26:01.471,0.85034,0.85053,1.37,1.12
2016.03.22 08:26:01.976,0.85036,0.85054,1.00,1.87
2016.03.22 08:26:02.540,0.85036,0.85053,1.00,1.37
2016.03.22 08:26:02.793,0.85036,0.85052,1.37,1.37
2016.03.22 08:26:03.301,0.85037,0.85054,1.12,1.37
2016.03.22 08:26:03.561,0.8504,0.85055,1.00,1.12
2016.03.22 08:26:03.714,0.85043,0.85062,1.12,1.87
2016.03.22 08:26:03.815,0.85045,0.85063,1.37,1.87
2016.03.22 08:26:04.119,0.85045,0.85061,1.37,1.00
2016.03.22 08:26:04.222,0.85042,0.85061,1.87,1.87
2016.03.22 08:26:04.409,0.85042,0.85059,1.00,1.37
2016.03.22 08:26:04.915,0.85043,0.85059,1.00,1.37
2016.03.22 08:26:05.221,0.85047,0.8506,1.00,1.37
2016.03.22 08:26:05.339,0.85047,0.85065,1.00,1.12
2016.03.22 08:26:05.442,0.85047,0.85066,1.12,1.95
2016.03.22 08:26:05.747,0.85047,0.85068,1.87,2.25
2016.03.22 08:26:06.296,0.85049,0.85067,2.25,1.37
2016.03.22 08:26:06.550,0.85048,0.85066,1.00,1.37
2016.03.22 08:26:06.652,0.8505,0.85066,1.00,1.37
2016.03.22 08:26:06.754,0.85048,0.85066,1.87,1.37
2016.03.22 08:26:06.957,0.85049,0.85067,1.50,1.00
2016.03.22 08:26:07.302,0.85048,0.85067,1.87,1.87
2016.03.22 08:26:07.454,0.85047,0.85065,2.25,1.00
2016.03.22 08:26:08.323,0.85048,0.85065,1.00,1.00
2016.03.22 08:26:08.906,0.85049,0.85065,1.00,1.00
2016.03.22 08:26:09.144,0.85052,0.85065,1.00,1.00
2016.03.22 08:26:09.247,0.85049,0.85066,1.50,1.50
2016.03.22 08:26:09.754,0.85048,0.85065,1.00,1.37
2016.03.22 08:26:10.519,0.85049,0.85065,1.00,1.37
2016.03.22 08:26:10.721,0.85052,0.85069,1.00,1.37
2016.03.22 08:26:10.924,0.85052,0.85067,1.00,1.37
2016.03.22 08:26:10.975,0.85049,0.85067,1.87,1.37
2016.03.22 08:26:11.173,0.85051,0.85069,1.87,1.12
2016.03.22 08:26:11.682,0.85052,0.85069,3.00,1.37
2016.03.22 08:26:12.454,0.85052,0.85069,1.87,1.37
2016.03.22 08:26:12.659,0.85052,0.8507,1.12,1.37
2016.03.22 08:26:14.787,0.85057,0.85074,1.37,1.10
2016.03.22 08:26:15.091,0.85057,0.85073,1.00,1.37
2016.03.22 08:26:15.243,0.85055,0.85073,1.50,1.37
2016.03.22 08:26:15.396,0.85058,0.85076,1.37,1.12
2016.03.22 08:26:15.706,0.85063,0.85077,1.00,1.12
2016.03.22 08:26:15.808,0.85063,0.8508,1.00,1.87
2016.03.22 08:26:15.859,0.85063,0.85079,1.00,1.12
2016.03.22 08:26:16.063,0.8506,0.85078,1.87,1.12
2016.03.22 08:26:16.115,0.85062,0.85078,1.00,1.12
2016.03.22 08:26:16.167,0.85062,0.85079,1.87,1.37
2016.03.22 08:26:16.373,0.85064,0.85083,1.50,1.12
2016.03.22 08:26:16.424,0.85064,0.85084,1.87,1.37
2016.03.22 08:26:17.031,0.85065,0.85079,1.12,1.00
2016.03.22 08:26:17.341,0.85062,0.85078,1.00,1.12
2016.03.22 08:26:17.394,0.85062,0.85079,1.00,1.87
2016.03.22 08:26:17.647,0.85064,0.85079,1.00,1.37
2016.03.22 08:26:17.699,0.85064,0.85083,1.95,1.37
2016.03.22 08:26:17.801,0.85066,0.85086,1.87,2.62
2016.03.22 08:26:18.105,0.85071,0.85088,1.12,1.12
2016.03.22 08:26:18.307,0.85071,0.8509,1.37,1.49
2016.03.22 08:26:18.409,0.85073,0.85092,1.37,1.87
2016.03.22 08:26:18.714,0.85076,0.85094,1.12,1.12
2016.03.22 08:26:19.069,0.85077,0.85096,1.75,1.87
2016.03.22 08:26:19.375,0.85077,0.85095,2.25,1.12
2016.03.22 08:26:20.084,0.85079,0.85095,1.00,1.12
2016.03.22 08:26:20.387,0.85073,0.8509,1.50,1.50
2016.03.22 08:26:20.793,0.85072,0.85089,1.50,1.37
2016.03.22 08:26:21.103,0.85067,0.85082,3.75,1.50
2016.03.22 08:26:21.561,0.85065,0.85083,1.00,1.87
2016.03.22 08:26:21.612,0.85067,0.85083,1.00,1.87
2016.03.22 08:26:22.294,0.85065,0.8508,1.00,1.00
2016.03.22 08:26:23.107,0.85066,0.8508,1.00,1.00
2016.03.22 08:26:23.940,0.85066,0.8508,1.00,1.37
2016.03.22 08:26:24.041,0.85062,0.85076,1.50,1.00
2016.03.22 08:26:24.836,0.85062,0.85072,1.00,1.37
2016.03.22 08:26:25.345,0.85062,0.85069,1.00,1.00
2016.03.22 08:26:25.699,0.85062,0.85068,1.00,1.37
2016.03.22 08:26:25.750,0.85062,0.8507,1.00,1.47
2016.03.22 08:26:25.851,0.8506,0.85072,1.00,1.37
2016.03.22 08:26:25.953,0.85058,0.85073,1.00,1.37
2016.03.22 08:26:26.911,0.85057,0.85075,1.57,1.87
2016.03.22 08:26:26.962,0.85062,0.85075,1.00,1.87
2016.03.22 08:26:27.114,0.85059,0.85075,1.60,1.87
2016.03.22 08:26:27.216,0.85062,0.85075,1.00,1.00
2016.03.22 08:26:27.622,0.85067,0.85077,1.00,1.37
2016.03.22 08:26:27.774,0.85064,0.85077,1.00,1.37
2016.03.22 08:26:27.825,0.85062,0.85078,1.50,1.00
2016.03.22 08:26:27.928,0.85061,0.85077,1.00,1.87
2016.03.22 08:26:28.334,0.85061,0.85079,1.12,1.87
2016.03.22 08:26:28.600,0.85064,0.85079,1.00,1.87
2016.03.22 08:26:28.752,0.85062,0.85079,1.00,1.12
2016.03.22 08:26:29.258,0.85063,0.8508,1.00,1.87
2016.03.22 08:26:29.715,0.85064,0.8508,1.00,2.62
2016.03.22 08:26:29.918,0.85064,0.85081,1.50,1.95
2016.03.22 08:26:30.224,0.85064,0.85079,1.00,1.37
2016.03.22 08:26:30.720,0.85058,0.85076,1.87,1.37
2016.03.22 08:26:30.821,0.85057,0.85073,1.00,1.37
2016.03.22 08:26:31.334,0.85058,0.85073,1.00,1.37
2016.03.22 08:26:31.739,0.85061,0.85074,1.00,1.37
2016.03.22 08:26:32.266,0.85062,0.85074,1.00,1.37
2016.03.22 08:26:32.734,0.85062,0.85079,1.00,1.87
2016.03.22 08:26:32.886,0.85064,0.85079,1.00,1.12
2016.03.22 08:26:33.156,0.85066,0.85081,1.00,1.00
2016.03.22 08:26:33.207,0.85068,0.85081,1.00,1.00
2016.03.22 08:26:33.409,0.85064,0.85082,1.87,1.87
2016.03.22 08:26:33.662,0.85064,0.85079,1.00,1.12
2016.03.22 08:26:33.713,0.85062,0.85079,1.87,1.87
2016.03.22 08:26:34.206,0.85066,0.85079,1.00,1.12
2016.03.22 08:26:34.718,0.85067,0.85079,1.00,1.12
2016.03.22 08:26:35.173,0.85065,0.85079,1.00,1.12
2016.03.22 08:26:35.383,0.85067,0.85079,1.00,1.12
2016.03.22 08:26:35.737,0.85067,0.85081,1.00,1.37
2016.03.22 08:26:35.789,0.85069,0.85081,1.00,1.37
2016.03.22 08:26:35.840,0.85069,0.85082,1.00,1.00
2016.03.22 08:26:36.285,0.85068,0.85085,1.50,1.57
2016.03.22 08:26:36.487,0.85068,0.85084,1.00,1.37
2016.03.22 08:26:36.589,0.85065,0.85081,1.12,1.00
2016.03.22 08:26:36.640,0.85065,0.85079,1.12,1.00
2016.03.22 08:26:36.694,0.85063,0.8508,1.12,1.00
2016.03.22 08:26:36.745,0.85063,0.85079,1.00,1.50
2016.03.22 08:26:36.847,0.85059,0.85076,1.12,1.12
2016.03.22 08:26:37.020,0.85061,0.85077,1.00,3.37
2016.03.22 08:26:37.325,0.85064,0.85077,1.00,1.37
2016.03.22 08:26:37.376,0.85064,0.85079,1.00,3.00
2016.03.22 08:26:37.982,0.85063,0.85079,1.00,1.50
2016.03.22 08:26:38.390,0.85065,0.8508,1.00,2.25
2016.03.22 08:26:38.441,0.85063,0.8508,1.00,2.25
2016.03.22 08:26:38.594,0.85063,0.85078,1.00,1.12
2016.03.22 08:26:39.124,0.85064,0.85078,1.00,1.00
2016.03.22 08:26:39.428,0.85066,0.85078,1.00,1.00
2016.03.22 08:26:39.480,0.85066,0.85081,1.00,1.37
2016.03.22 08:26:40.084,0.85067,0.85082,1.00,1.12
2016.03.22 08:26:40.286,0.85069,0.85082,1.00,1.12
2016.03.22 08:26:40.388,0.85069,0.85084,1.00,1.37
2016.03.22 08:26:40.590,0.85067,0.85082,1.00,1.12
2016.03.22 08:26:40.798,0.85062,0.85079,2.70,1.37
2016.03.22 08:26:40.900,0.85061,0.85078,1.00,1.37
2016.03.22 08:26:41.356,0.85058,0.85075,1.12,1.00
2016.03.22 08:26:41.684,0.85053,0.85068,1.00,1.37
2016.03.22 08:26:42.229,0.85054,0.85068,1.00,1.50
2016.03.22 08:26:42.280,0.85052,0.85068,1.00,1.50
2016.03.22 08:26:42.799,0.85053,0.85068,1.00,1.50
2016.03.22 08:26:43.153,0.85051,0.85068,1.00,2.25
2016.03.22 08:26:43.407,0.85053,0.85068,1.00,1.50
2016.03.22 08:26:43.711,0.85058,0.8507,1.00,1.75
2016.03.22 08:26:44.069,0.85055,0.8507,1.00,1.75
2016.03.22 08:26:44.272,0.85051,0.85069,1.87,1.50
2016.03.22 08:26:44.424,0.85051,0.85068,1.00,2.62
2016.03.22 08:26:44.929,0.85053,0.85067,1.00,2.25
2016.03.22 08:26:45.453,0.85052,0.85066,1.00,1.47
2016.03.22 08:26:46.061,0.85051,0.85066,1.00,1.87
2016.03.22 08:26:46.213,0.85047,0.85063,1.50,1.12
2016.03.22 08:26:46.264,0.85046,0.85062,1.87,1.12
2016.03.22 08:26:46.366,0.85044,0.8506,1.00,1.37
2016.03.22 08:26:46.417,0.85044,0.85058,1.00,1.12
2016.03.22 08:26:46.686,0.85039,0.85056,1.50,2.25
2016.03.22 08:26:47.227,0.8504,0.85055,1.12,1.00
2016.03.22 08:26:48.241,0.85038,0.85056,1.87,1.87
2016.03.22 08:26:48.764,0.8504,0.85058,1.87,2.38
2016.03.22 08:26:49.625,0.85042,0.85056,1.00,1.18
2016.03.22 08:26:50.173,0.85041,0.85059,2.47,2.08
2016.03.22 08:26:50.682,0.85043,0.85059,1.00,1.23
2016.03.22 08:26:51.186,0.85041,0.85057,2.10,1.00
2016.03.22 08:26:51.692,0.85042,0.85059,1.12,2.01
2016.03.22 08:26:52.205,0.85043,0.85059,1.00,1.65
2016.03.22 08:26:52.812,0.85042,0.85058,1.00,1.47
2016.03.22 08:26:52.914,0.85044,0.85058,1.00,1.10
2016.03.22 08:26:53.512,0.85044,0.85058,1.00,1.37
2016.03.22 08:26:54.134,0.85045,0.85058,1.00,1.37
2016.03.22 08:26:57.029,0.85047,0.85059,1.00,1.12
2016.03.22 08:26:57.767,0.85045,0.85059,1.50,1.12
2016.03.22 08:26:58.283,0.85046,0.85059,1.00,1.12
2016.03.22 08:26:58.334,0.85046,0.85061,1.00,1.47
2016.03.22 08:26:58.883,0.85045,0.85061,1.00,1.47
2016.03.22 08:26:59.945,0.85045,0.85058,1.00,1.00
2016.03.22 08:27:00.169,0.85043,0.85058,1.00,1.00
2016.03.22 08:27:00.676,0.85043,0.85058,1.00,1.12
2016.03.22 08:27:01.171,0.8504,0.85058,1.50,3.64
2016.03.22 08:27:01.222,0.85041,0.85055,1.00,1.12
2016.03.22 08:27:01.374,0.85037,0.85053,1.00,1.00
2016.03.22 08:27:01.425,0.85037,0.85052,1.00,1.12
2016.03.22 08:27:01.729,0.85033,0.8505,1.12,3.75
2016.03.22 08:27:02.063,0.85035,0.85049,1.00,1.37
2016.03.22 08:27:02.468,0.85034,0.85047,1.00,1.37
2016.03.22 08:27:03.174,0.85037,0.85046,1.00,4.12
2016.03.22 08:27:03.680,0.85038,0.85046,1.00,3.75
2016.03.22 08:27:04.207,0.85039,0.85046,1.00,3.75
2016.03.22 08:27:04.715,0.8504,0.85046,1.00,3.75
2016.03.22 08:27:04.930,0.8504,0.85053,1.00,3.75
2016.03.22 08:27:05.031,0.85042,0.85053,1.00,3.75
2016.03.22 08:27:05.354,0.8504,0.85053,1.12,3.75
2016.03.22 08:27:05.859,0.85039,0.85053,1.00,3.75
2016.03.22 08:27:06.241,0.85039,0.8505,1.00,2.52
2016.03.22 08:27:07.866,0.85039,0.85053,1.00,1.39
2016.03.22 08:27:08.378,0.85037,0.85052,1.00,1.00
2016.03.22 08:27:08.884,0.85039,0.85052,1.00,1.00
2016.03.22 08:27:09.485,0.8504,0.85052,1.00,1.00
2016.03.22 08:27:09.587,0.85037,0.85052,1.00,1.10
2016.03.22 08:27:10.092,0.85037,0.85053,1.00,1.12
2016.03.22 08:27:10.143,0.85039,0.85051,1.00,1.00
2016.03.22 08:27:10.309,0.85039,0.85054,1.00,1.87
2016.03.22 08:27:10.664,0.85041,0.85054,1.37,1.37
2016.03.22 08:27:10.816,0.85045,0.8506,1.00,2.78
2016.03.22 08:27:11.059,0.85049,0.8506,1.00,2.78
2016.03.22 08:27:11.566,0.85048,0.8506,1.00,2.78
2016.03.22 08:27:12.106,0.85051,0.8506,1.00,2.78
2016.03.22 08:27:12.157,0.85051,0.85064,1.00,1.00
2016.03.22 08:27:13.777,0.8505,0.85064,1.10,1.00
2016.03.22 08:27:14.231,0.85048,0.85063,1.00,1.37
2016.03.22 08:27:14.545,0.85054,0.85065,1.00,1.37
2016.03.22 08:27:14.849,0.85051,0.85066,1.00,1.50
2016.03.22 08:27:14.951,0.85049,0.85067,1.12,1.95
2016.03.22 08:27:15.195,0.85047,0.85064,1.00,1.87
2016.03.22 08:27:15.709,0.85046,0.85062,1.00,1.12
2016.03.22 08:27:16.020,0.85048,0.85064,1.00,1.47
2016.03.22 08:27:16.126,0.85049,0.85066,1.00,2.25
2016.03.22 08:27:16.380,0.85047,0.85063,1.95,1.00
2016.03.22 08:27:16.735,0.85046,0.85063,1.00,1.12
2016.03.22 08:27:17.231,0.85045,0.85062,1.00,1.87
2016.03.22 08:27:17.535,0.85043,0.85059,1.00,1.00
2016.03.22 08:27:17.885,0.85039,0.85056,2.25,1.00
2016.03.22 08:27:18.189,0.85043,0.85058,1.00,1.00
2016.03.22 08:27:18.442,0.85043,0.8506,1.00,1.12
2016.03.22 08:27:18.969,0.85043,0.85059,1.00,1.00
2016.03.22 08:27:19.374,0.85042,0.85057,1.12,1.00
2016.03.22 08:27:19.560,0.85042,0.85059,1.12,1.50
2016.03.22 08:27:19.714,0.85043,0.85059,1.37,1.10
2016.03.22 08:27:20.221,0.85043,0.8506,1.37,1.00
2016.03.22 08:27:20.771,0.85042,0.85059,1.12,1.95
2016.03.22 08:27:21.448,0.85043,0.85058,1.00,1.12
2016.03.22 08:27:21.955,0.85041,0.85058,1.12,1.20
2016.03.22 08:27:22.261,0.85042,0.85059,1.50,1.10
2016.03.22 08:27:22.565,0.85044,0.85061,1.12,2.32
2016.03.22 08:27:22.718,0.85044,0.85061,1.50,1.12
2016.03.22 08:27:22.820,0.85045,0.85061,1.12,1.12
2016.03.22 08:27:22.871,0.85045,0.85061,1.12,1.00
2016.03.22 08:27:23.433,0.85047,0.85063,1.37,1.00
2016.03.22 08:27:23.635,0.85047,0.85065,1.87,1.87
2016.03.22 08:27:24.169,0.85049,0.85065,1.12,1.00
2016.03.22 08:27:24.220,0.8505,0.85067,1.50,1.12
2016.03.22 08:27:24.423,0.85051,0.85065,1.12,1.00
2016.03.22 08:27:24.727,0.8505,0.85067,1.50,1.12
2016.03.22 08:27:24.930,0.8505,0.85065,1.50,1.00
2016.03.22 08:27:25.130,0.85048,0.85065,1.00,1.87
2016.03.22 08:27:25.636,0.85047,0.85066,1.87,2.70
2016.03.22 08:27:26.183,0.85047,0.85065,1.75,1.00
2016.03.22 08:27:26.436,0.85048,0.85067,1.95,1.95
2016.03.22 08:27:26.537,0.85051,0.85067,1.00,1.20
2016.03.22 08:27:27.043,0.85052,0.85068,1.00,1.57
2016.03.22 08:27:27.458,0.8505,0.85068,1.12,1.95
2016.03.22 08:27:27.761,0.85049,0.85065,1.12,1.00
2016.03.22 08:27:28.620,0.85047,0.85065,2.25,1.00
2016.03.22 08:27:28.923,0.85048,0.85062,1.00,1.00
2016.03.22 08:27:29.473,0.85046,0.85062,1.00,1.50
2016.03.22 08:27:30.030,0.85048,0.85063,1.00,1.12
2016.03.22 08:27:30.553,0.85046,0.85063,1.26,1.95
2016.03.22 08:27:30.806,0.85045,0.85064,2.76,2.25
2016.03.22 08:27:30.958,0.85045,0.85061,1.63,1.00
2016.03.22 08:27:31.501,0.85045,0.85061,1.26,1.50
2016.03.22 08:27:31.855,0.85043,0.85061,1.26,2.25
2016.03.22 08:27:32.261,0.85043,0.85057,1.55,1.12
2016.03.22 08:27:32.781,0.85041,0.85058,1.26,1.87
2016.03.22 08:27:33.388,0.85042,0.85058,1.26,2.62
2016.03.22 08:27:33.541,0.85042,0.85059,2.01,1.87
2016.03.22 08:27:34.047,0.85043,0.85059,1.63,1.12
2016.03.22 08:27:34.582,0.85045,0.85061,1.18,2.25
2016.03.22 08:27:34.888,0.85044,0.8506,2.01,1.20
2016.03.22 08:27:35.091,0.8504,0.85058,1.02,3.00
2016.03.22 08:27:35.243,0.85038,0.85056,4.12,2.62
2016.03.22 08:27:35.605,0.85037,0.85055,1.50,1.87
2016.03.22 08:27:35.658,0.85041,0.85055,1.00,1.37
2016.03.22 08:27:36.387,0.85042,0.85056,1.00,1.37
2016.03.22 08:27:36.876,0.85038,0.85055,1.00,1.47
2016.03.22 08:27:36.978,0.85036,0.85053,1.12,1.00
2016.03.22 08:27:37.030,0.85036,0.85053,1.00,1.75
2016.03.22 08:27:37.131,0.85034,0.85051,1.00,1.50
2016.03.22 08:27:37.233,0.85032,0.8505,1.87,1.95
2016.03.22 08:27:37.334,0.85032,0.8505,1.87,1.87
2016.03.22 08:27:37.479,0.85036,0.85051,1.00,1.37
2016.03.22 08:27:37.682,0.85036,0.85053,1.00,1.47
2016.03.22 08:27:38.039,0.85038,0.85053,1.00,1.47
2016.03.22 08:27:38.550,0.85037,0.85053,1.00,1.37
2016.03.22 08:27:38.955,0.85034,0.85051,1.50,1.00
2016.03.22 08:27:39.057,0.85033,0.8505,1.50,2.25
2016.03.22 08:27:39.566,0.85035,0.85052,1.00,1.12
2016.03.22 08:27:40.073,0.85035,0.85051,1.00,1.36
2016.03.22 08:27:41.788,0.85035,0.8505,1.00,3.16
2016.03.22 08:27:42.321,0.85035,0.85049,1.00,3.40
2016.03.22 08:27:42.626,0.85033,0.85048,1.00,1.12
2016.03.22 08:27:43.138,0.85034,0.85047,1.00,3.88
2016.03.22 08:27:43.442,0.85035,0.85047,1.50,3.13
2016.03.22 08:27:43.745,0.85034,0.85045,1.12,1.00
2016.03.22 08:27:43.847,0.85032,0.85046,1.75,1.57
2016.03.22 08:27:43.898,0.85029,0.85046,1.00,1.95
2016.03.22 08:27:43.999,0.85028,0.85043,1.12,1.00
2016.03.22 08:27:44.192,0.85031,0.85049,1.00,4.63
2016.03.22 08:27:44.244,0.85033,0.85049,1.00,3.51
2016.03.22 08:27:44.548,0.85035,0.85049,1.00,3.13
2016.03.22 08:27:44.852,0.85034,0.85042,1.00,1.00
2016.03.22 08:27:45.198,0.85033,0.85041,1.00,1.50
2016.03.22 08:27:45.249,0.85026,0.85041,1.00,1.50
2016.03.22 08:27:45.654,0.85029,0.85041,1.00,1.37
2016.03.22 08:27:45.756,0.85027,0.85041,1.00,1.37
2016.03.22 08:27:45.857,0.85027,0.85043,1.00,3.51
2016.03.22 08:27:45.959,0.85027,0.85043,1.00,3.96
2016.03.22 08:27:46.268,0.85025,0.85041,1.00,1.50
2016.03.22 08:27:46.875,0.85026,0.8504,1.00,3.51
2016.03.22 08:27:47.972,0.85026,0.85039,1.00,3.75
2016.03.22 08:27:48.175,0.85026,0.85039,1.00,4.50
2016.03.22 08:27:48.380,0.85026,0.85039,1.00,3.75
2016.03.22 08:27:48.888,0.85028,0.8504,1.00,1.24
2016.03.22 08:27:49.210,0.8503,0.85044,1.00,1.37
2016.03.22 08:27:49.363,0.85027,0.85043,1.00,2.62
2016.03.22 08:27:49.515,0.85027,0.85042,1.00,1.37
2016.03.22 08:27:49.717,0.85027,0.85045,1.00,1.87
2016.03.22 08:27:49.970,0.85029,0.85044,1.00,1.00
2016.03.22 08:27:50.475,0.85029,0.85044,1.00,1.12
2016.03.22 08:27:50.627,0.85029,0.85046,1.00,1.87
2016.03.22 08:27:51.408,0.8503,0.85047,1.00,1.12
2016.03.22 08:27:51.712,0.85032,0.85047,1.00,1.37
2016.03.22 08:27:52.075,0.85037,0.85052,1.00,1.12
2016.03.22 08:27:52.127,0.85036,0.85053,1.00,1.37
2016.03.22 08:27:52.482,0.85034,0.85051,1.12,1.00
2016.03.22 08:27:52.634,0.85034,0.8505,1.00,1.37
2016.03.22 08:27:53.082,0.85034,0.85051,1.00,2.25
2016.03.22 08:27:53.589,0.85035,0.85051,1.00,1.95
2016.03.22 08:27:53.953,0.85035,0.85052,1.50,1.00
2016.03.22 08:27:54.589,0.85037,0.85053,1.50,1.00
2016.03.22 08:27:55.103,0.85037,0.85055,1.87,1.87
2016.03.22 08:27:55.609,0.85038,0.85055,1.57,1.00
2016.03.22 08:27:55.963,0.85038,0.85055,1.87,1.00
2016.03.22 08:27:56.336,0.85038,0.85055,1.00,1.00
2016.03.22 08:27:56.842,0.8504,0.85057,1.00,1.87
2016.03.22 08:27:57.473,0.8504,0.85057,1.12,1.50
2016.03.22 08:27:57.982,0.8504,0.85057,1.75,1.00
2016.03.22 08:27:58.716,0.85041,0.85059,1.50,1.50
2016.03.22 08:27:59.515,0.85044,0.85059,1.00,1.50
2016.03.22 08:28:00.093,0.85044,0.85059,1.00,1.00
2016.03.22 08:28:00.559,0.8504,0.85057,1.95,1.50
2016.03.22 08:28:00.610,0.8504,0.85057,1.20,2.25
2016.03.22 08:28:00.661,0.85038,0.85054,1.00,1.37
2016.03.22 08:28:00.864,0.85038,0.85055,1.12,1.00
2016.03.22 08:28:01.326,0.85043,0.85056,1.00,1.00
2016.03.22 08:28:01.529,0.85042,0.85059,1.10,1.37
2016.03.22 08:28:01.580,0.85045,0.85061,1.00,1.87
2016.03.22 08:28:01.631,0.85045,0.85061,1.00,1.50
2016.03.22 08:28:01.682,0.85044,0.85061,1.00,2.62
2016.03.22 08:28:02.394,0.85045,0.8506,1.00,1.37
2016.03.22 08:28:02.901,0.85045,0.85061,1.00,1.37
2016.03.22 08:28:03.207,0.8505,0.85064,1.00,1.37
2016.03.22 08:28:03.765,0.85051,0.85067,1.00,1.12
2016.03.22 08:28:03.816,0.85051,0.85067,1.00,1.12
2016.03.22 08:28:04.021,0.85051,0.85068,1.00,1.37
2016.03.22 08:28:04.072,0.85057,0.85073,1.00,3.47
2016.03.22 08:28:04.594,0.85056,0.85073,1.00,4.97
2016.03.22 08:28:05.197,0.85056,0.85071,1.00,1.00
2016.03.22 08:28:05.551,0.85056,0.85073,1.00,1.00
2016.03.22 08:28:05.959,0.85058,0.85073,1.00,1.00
2016.03.22 08:28:08.424,0.85058,0.85074,1.00,1.12
2016.03.22 08:28:08.728,0.85056,0.85073,1.00,1.50
2016.03.22 08:28:09.328,0.85058,0.85074,1.00,1.87
2016.03.22 08:28:09.429,0.85056,0.85073,1.12,1.12
2016.03.22 08:28:09.531,0.85057,0.85073,1.00,1.12
2016.03.22 08:28:09.683,0.85057,0.85075,1.00,2.62
2016.03.22 08:28:10.337,0.85059,0.85075,1.00,1.37
2016.03.22 08:28:10.843,0.85057,0.85073,1.37,1.50
2016.03.22 08:28:10.894,0.85056,0.85073,1.12,2.32
2016.03.22 08:28:11.411,0.85055,0.85072,1.50,1.00
2016.03.22 08:28:11.917,0.85057,0.85074,1.00,1.37
2016.03.22 08:28:12.282,0.85059,0.85075,1.00,2.25
2016.03.22 08:28:12.638,0.85061,0.85076,1.00,1.87
2016.03.22 08:28:12.841,0.85059,0.85076,1.12,2.62
2016.03.22 08:28:13.314,0.85054,0.85072,1.90,1.12
2016.03.22 08:28:13.467,0.85057,0.85072,1.00,1.37
2016.03.22 08:28:13.720,0.85056,0.85074,1.12,1.12
2016.03.22 08:28:13.973,0.85058,0.85076,1.00,2.25
2016.03.22 08:28:14.305,0.8506,0.85078,1.00,2.70
2016.03.22 08:28:14.559,0.85063,0.85078,1.00,1.87
2016.03.22 08:28:14.863,0.85073,0.85082,1.00,3.75
2016.03.22 08:28:14.914,0.85076,0.85085,1.00,2.34
2016.03.22 08:28:15.066,0.8508,0.85095,1.00,1.12
2016.03.22 08:28:15.180,0.8508,0.85095,1.00,1.37
2016.03.22 08:28:15.539,0.85082,0.85097,1.00,1.00
2016.03.22 08:28:15.641,0.8508,0.85097,1.20,1.00
2016.03.22 08:28:15.843,0.85082,0.85099,1.00,1.37
2016.03.22 08:28:16.093,0.8508,0.85097,1.20,1.12
2016.03.22 08:28:16.348,0.85081,0.85098,1.50,1.50
2016.03.22 08:28:16.501,0.85078,0.85095,2.01,1.00
2016.03.22 08:28:16.755,0.85078,0.85092,1.51,1.00
2016.03.22 08:28:16.857,0.85078,0.85094,1.13,1.00
2016.03.22 08:28:16.908,0.85078,0.85094,1.13,1.12
2016.03.22 08:28:17.307,0.85072,0.85089,1.95,1.00
2016.03.22 08:28:17.409,0.85073,0.85087,1.00,1.37
2016.03.22 08:28:17.612,0.85074,0.8509,1.00,1.37
2016.03.22 08:28:18.121,0.85075,0.8509,1.00,1.37
2016.03.22 08:28:18.223,0.85075,0.85092,1.00,1.87
2016.03.22 08:28:18.830,0.85077,0.85092,1.00,1.37
2016.03.22 08:28:19.368,0.85078,0.85093,1.00,1.12
2016.03.22 08:28:19.925,0.85079,0.85093,1.00,1.12
2016.03.22 08:28:20.459,0.8508,0.85092,1.00,1.39
2016.03.22 08:28:20.864,0.85084,0.85095,1.00,1.64
2016.03.22 08:28:21.383,0.85083,0.85099,1.00,1.02
2016.03.22 08:28:21.637,0.85085,0.85099,1.00,1.02
2016.03.22 08:28:22.144,0.85085,0.85103,1.50,4.87
2016.03.22 08:28:22.346,0.85089,0.85105,1.00,1.02
2016.03.22 08:28:22.450,0.85087,0.85105,1.20,1.77
2016.03.22 08:28:22.653,0.85088,0.85102,1.00,1.00
2016.03.22 08:28:22.704,0.85086,0.85102,1.12,1.00
2016.03.22 08:28:22.805,0.85084,0.85102,1.12,1.12
2016.03.22 08:28:22.907,0.85084,0.85101,1.12,1.50
2016.03.22 08:28:23.214,0.85083,0.851,1.00,1.87
2016.03.22 08:28:23.266,0.85083,0.851,1.00,1.87
2016.03.22 08:28:23.317,0.85083,0.85099,1.00,1.12
2016.03.22 08:28:23.849,0.85082,0.85097,1.00,1.37
2016.03.22 08:28:24.203,0.85082,0.85095,1.00,1.12
2016.03.22 08:28:24.355,0.85082,0.85095,1.00,1.00
2016.03.22 08:28:24.406,0.85081,0.85095,1.00,1.20
2016.03.22 08:28:24.507,0.85079,0.85094,1.00,1.12
2016.03.22 08:28:24.662,0.85079,0.85095,1.00,1.95
2016.03.22 08:28:25.170,0.85083,0.85094,1.00,1.37
2016.03.22 08:28:25.476,0.85085,0.85099,1.00,1.02
2016.03.22 08:28:25.780,0.85087,0.851,1.00,3.02
2016.03.22 08:28:26.318,0.85091,0.851,1.00,1.90
2016.03.22 08:28:26.370,0.85091,0.85102,1.00,1.00
2016.03.22 08:28:26.573,0.85091,0.85106,1.00,1.22
2016.03.22 08:28:27.044,0.85091,0.85103,1.00,1.37
2016.03.22 08:28:27.095,0.85089,0.85103,1.00,1.37
2016.03.22 08:28:27.146,0.85089,0.85105,1.00,1.41
2016.03.22 08:28:27.197,0.85091,0.85105,1.00,1.41
2016.03.22 08:28:27.400,0.85089,0.85105,1.00,1.41
2016.03.22 08:28:27.703,0.85091,0.85105,1.00,1.41
2016.03.22 08:28:28.415,0.85089,0.85105,1.00,1.41
2016.03.22 08:28:28.617,0.85091,0.85106,1.00,1.40
2016.03.22 08:28:28.819,0.85089,0.85105,1.00,1.41
2016.03.22 08:28:29.297,0.85091,0.85105,1.00,1.41
2016.03.22 08:28:29.826,0.8509,0.85105,1.00,1.41
2016.03.22 08:28:30.377,0.85089,0.85105,1.00,1.41
2016.03.22 08:28:31.077,0.85087,0.85104,1.00,1.87
2016.03.22 08:28:31.128,0.85087,0.85104,1.00,3.00
2016.03.22 08:28:31.179,0.85085,0.85101,1.00,1.37
2016.03.22 08:28:31.708,0.85086,0.85101,1.00,1.41
2016.03.22 08:28:31.759,0.85086,0.85098,1.00,1.00
2016.03.22 08:28:32.616,0.85086,0.85097,1.00,1.00
2016.03.22 08:28:32.920,0.85086,0.85093,1.00,1.12
2016.03.22 08:28:34.042,0.85082,0.85091,1.00,1.87
2016.03.22 08:28:34.537,0.85078,0.8509,1.00,1.00
2016.03.22 08:28:34.591,0.85074,0.8509,1.00,1.37
2016.03.22 08:28:35.250,0.85072,0.8509,1.12,1.87
2016.03.22 08:28:35.352,0.85071,0.85089,2.17,1.12
2016.03.22 08:28:36.113,0.85071,0.85086,1.05,1.00
2016.03.22 08:28:36.417,0.85072,0.85084,1.00,1.37
2016.03.22 08:28:36.806,0.85072,0.85081,1.00,1.37
2016.03.22 08:28:37.312,0.85072,0.8508,1.00,1.37
2016.03.22 08:28:37.514,0.85067,0.85082,1.00,1.26
2016.03.22 08:28:37.860,0.85069,0.85084,1.00,2.38
2016.03.22 08:28:37.915,0.8507,0.85084,1.00,1.77
2016.03.22 08:28:38.017,0.85072,0.85086,1.00,1.02
2016.03.22 08:28:38.270,0.85073,0.85087,1.00,1.37
2016.03.22 08:28:38.474,0.85074,0.85084,1.00,1.37
2016.03.22 08:28:39.847,0.85072,0.85084,1.00,1.37
2016.03.22 08:28:40.356,0.8507,0.85084,1.00,1.37
2016.03.22 08:28:40.911,0.85071,0.85086,1.00,1.12
2016.03.22 08:28:41.316,0.85066,0.85083,1.12,1.12
2016.03.22 08:28:41.519,0.85067,0.85082,1.00,1.37
2016.03.22 08:28:42.619,0.8507,0.85082,1.00,1.37
2016.03.22 08:28:42.720,0.8507,0.85086,1.00,1.47
2016.03.22 08:28:43.177,0.85072,0.85086,1.00,1.37
2016.03.22 08:28:43.228,0.8507,0.85086,1.00,1.37
2016.03.22 08:28:43.431,0.8507,0.85084,1.00,1.37
2016.03.22 08:28:43.735,0.85072,0.85084,1.00,1.37
2016.03.22 08:28:44.344,0.85071,0.85084,1.00,1.37
2016.03.22 08:28:45.192,0.85073,0.85086,1.00,1.37
2016.03.22 08:28:45.293,0.85074,0.85088,1.00,1.37
2016.03.22 08:28:45.554,0.85068,0.85085,1.87,1.50
2016.03.22 08:28:45.656,0.85066,0.85082,1.87,1.00
2016.03.22 08:28:45.960,0.85066,0.85081,1.00,1.37
2016.03.22 08:28:46.484,0.85065,0.85079,1.00,1.00
2016.03.22 08:28:46.941,0.85065,0.85082,1.00,1.12
2016.03.22 08:28:47.042,0.85065,0.85082,1.00,1.87
2016.03.22 08:28:47.707,0.85065,0.8508,1.00,1.37
2016.03.22 08:28:48.696,0.85063,0.8508,1.50,1.37
2016.03.22 08:28:49.255,0.85064,0.8508,1.00,1.00
2016.03.22 08:28:49.407,0.85064,0.85079,1.00,1.37
2016.03.22 08:28:49.509,0.85065,0.85081,1.00,1.87
2016.03.22 08:28:49.611,0.85063,0.8508,1.50,1.87
2016.03.22 08:28:49.814,0.85063,0.85078,1.50,1.37
2016.03.22 08:28:49.915,0.85063,0.85079,1.00,1.12
2016.03.22 08:28:50.017,0.85061,0.85078,1.12,1.00
2016.03.22 08:28:50.070,0.85063,0.8508,1.00,1.95
2016.03.22 08:28:50.184,0.85061,0.85078,1.12,1.00
2016.03.22 08:28:50.394,0.85063,0.85079,1.00,1.37
2016.03.22 08:28:50.899,0.85064,0.85078,1.00,1.37
2016.03.22 08:28:51.220,0.85065,0.8508,1.00,1.37
2016.03.22 08:28:51.725,0.85066,0.85081,1.00,1.00
2016.03.22 08:28:51.826,0.85065,0.8508,1.00,1.37
2016.03.22 08:28:52.869,0.85066,0.8508,1.00,1.37
2016.03.22 08:28:53.374,0.85065,0.8508,1.50,1.37
2016.03.22 08:28:53.731,0.85064,0.85082,1.50,1.87
2016.03.22 08:28:54.035,0.85065,0.8508,1.00,1.37
2016.03.22 08:28:54.339,0.85063,0.85079,1.00,1.12
2016.03.22 08:28:54.644,0.85063,0.85076,1.00,1.37
2016.03.22 08:28:55.201,0.85061,0.85076,1.50,1.37
2016.03.22 08:28:56.066,0.85061,0.85075,1.00,1.75
2016.03.22 08:28:56.379,0.85061,0.8507,1.00,1.00
2016.03.22 08:28:56.482,0.85056,0.8507,1.00,1.75
2016.03.22 08:28:56.533,0.85056,0.8507,1.00,1.50
2016.03.22 08:28:57.041,0.85056,0.85068,1.12,1.00
2016.03.22 08:28:57.189,0.85056,0.85071,1.12,1.50
2016.03.22 08:28:57.240,0.85056,0.85068,1.00,4.50
2016.03.22 08:28:57.342,0.85056,0.85066,1.00,1.00
2016.03.22 08:28:57.494,0.8505,0.85068,2.14,1.87
2016.03.22 08:28:57.697,0.85051,0.85066,1.39,1.00
2016.03.22 08:28:57.849,0.85051,0.85069,1.77,1.50
2016.03.22 08:28:58.264,0.85053,0.85069,1.00,1.50
2016.03.22 08:28:58.618,0.85051,0.85068,2.14,1.00
2016.03.22 08:28:58.821,0.85053,0.85068,1.00,1.00
2016.03.22 08:28:58.922,0.85051,0.85068,1.00,1.00
2016.03.22 08:28:59.224,0.85053,0.8507,1.00,1.37
2016.03.22 08:28:59.426,0.85051,0.85069,1.00,1.50
2016.03.22 08:28:59.477,0.85051,0.85069,1.00,1.50
2016.03.22 08:28:59.629,0.85055,0.85072,1.00,1.50
2016.03.22 08:28:59.680,0.85055,0.85072,1.00,1.50
2016.03.22 08:28:59.934,0.85053,0.85069,1.00,1.00
2016.03.22 08:29:00.117,0.85055,0.85069,1.00,1.00
2016.03.22 08:29:00.219,0.85052,0.85069,1.50,1.00
2016.03.22 08:29:00.320,0.8505,0.85068,2.14,1.50
2016.03.22 08:29:00.422,0.85052,0.85068,1.00,1.00
2016.03.22 08:29:00.726,0.8505,0.85067,1.02,1.12
2016.03.22 08:29:01.266,0.85051,0.85067,1.00,1.12
2016.03.22 08:29:01.367,0.85051,0.85068,1.00,1.37
2016.03.22 08:29:01.469,0.85049,0.85068,1.12,1.85
2016.03.22 08:29:01.571,0.85047,0.85063,1.37,1.00
2016.03.22 08:29:01.882,0.85043,0.85057,1.55,2.25
2016.03.22 08:29:02.338,0.85043,0.85057,1.55,1.20
2016.03.22 08:29:02.591,0.85038,0.85057,3.00,1.12
2016.03.22 08:29:02.642,0.85041,0.85058,1.00,1.47
2016.03.22 08:29:03.168,0.85042,0.85058,1.00,1.50
2016.03.22 08:29:03.681,0.85041,0.85058,1.00,1.00
2016.03.22 08:29:03.996,0.8504,0.85056,1.50,1.50
2016.03.22 08:29:04.098,0.85036,0.85054,1.00,1.87
2016.03.22 08:29:04.960,0.85037,0.85054,1.00,1.37
2016.03.22 08:29:05.882,0.85034,0.85052,2.62,1.00
2016.03.22 08:29:06.389,0.85036,0.85052,1.00,1.00
2016.03.22 08:29:06.690,0.85036,0.85052,1.12,1.00
2016.03.22 08:29:06.792,0.85037,0.85054,1.50,1.12
2016.03.22 08:29:06.994,0.85036,0.85052,1.12,1.00
2016.03.22 08:29:07.298,0.8504,0.85056,1.00,1.87
2016.03.22 08:29:07.493,0.85038,0.85056,1.12,1.87
2016.03.22 08:29:07.544,0.85039,0.85056,1.12,1.12
2016.03.22 08:29:08.151,0.85038,0.85057,1.87,5.11
2016.03.22 08:29:08.202,0.85038,0.85055,1.50,1.00
2016.03.22 08:29:08.404,0.85038,0.85055,1.50,1.27
2016.03.22 08:29:08.506,0.85038,0.85055,1.50,1.00
2016.03.22 08:29:09.073,0.85038,0.85056,1.37,1.39
2016.03.22 08:29:09.225,0.85041,0.85056,1.00,1.39
2016.03.22 08:29:09.529,0.85043,0.85061,2.62,1.64
2016.03.22 08:29:10.064,0.85043,0.85059,1.50,1.02
2016.03.22 08:29:10.115,0.85043,0.8506,1.50,1.39
2016.03.22 08:29:11.495,0.85044,0.8506,1.47,1.39
2016.03.22 08:29:11.799,0.85046,0.85063,1.37,1.64
2016.03.22 08:29:11.900,0.85045,0.85063,1.12,1.77
2016.03.22 08:29:12.030,0.85047,0.85064,1.12,1.64
2016.03.22 08:29:12.334,0.85049,0.85065,1.12,1.02
2016.03.22 08:29:13.213,0.85048,0.85064,1.50,1.39
2016.03.22 08:29:13.728,0.85049,0.85064,1.12,1.26
2016.03.22 08:29:14.902,0.85051,0.85064,1.00,1.13
2016.03.22 08:29:15.209,0.85053,0.85065,1.50,1.26
2016.03.22 08:29:15.513,0.85055,0.85065,1.37,1.26
2016.03.22 08:29:15.614,0.85057,0.85074,1.00,2.38
2016.03.22 08:29:16.162,0.85059,0.85074,1.00,1.26
2016.03.22 08:29:16.668,0.85058,0.85074,2.25,1.26
2016.03.22 08:29:17.009,0.85061,0.85077,1.10,2.01
2016.03.22 08:29:17.313,0.85063,0.85077,1.00,1.26
2016.03.22 08:29:18.235,0.85063,0.85078,1.00,2.38
2016.03.22 08:29:18.286,0.85059,0.85077,1.50,1.63
2016.03.22 08:29:18.388,0.85058,0.85077,1.87,2.01
2016.03.22 08:29:18.489,0.85058,0.85076,1.12,1.37
2016.03.22 08:29:19.002,0.85056,0.85074,3.42,1.37
2016.03.22 08:29:19.472,0.85057,0.85075,1.00,1.50
2016.03.22 08:29:19.650,0.85057,0.85075,1.00,2.76
2016.03.22 08:29:20.644,0.85054,0.85074,1.87,1.26
2016.03.22 08:29:21.154,0.85052,0.85072,2.25,1.37
2016.03.22 08:29:21.803,0.85056,0.85072,1.37,1.37
2016.03.22 08:29:22.316,0.85058,0.85074,1.87,1.26
2016.03.22 08:29:22.823,0.85059,0.85074,3.37,1.26
2016.03.22 08:29:23.385,0.85063,0.85074,1.00,1.26
2016.03.22 08:29:23.436,0.85063,0.85078,1.00,2.01
2016.03.22 08:29:23.638,0.85061,0.85077,1.20,1.12
2016.03.22 08:29:23.740,0.85063,0.85077,1.00,1.12
2016.03.22 08:29:23.942,0.8506,0.85077,2.62,1.12
2016.03.22 08:29:24.416,0.85063,0.85077,1.00,1.12
2016.03.22 08:29:25.074,0.85064,0.85078,1.00,1.50
2016.03.22 08:29:25.479,0.85062,0.85078,1.12,1.00
2016.03.22 08:29:25.935,0.85065,0.85078,1.00,1.12
2016.03.22 08:29:26.037,0.85061,0.85078,1.57,1.12
2016.03.22 08:29:26.558,0.85062,0.85078,1.37,1.12
2016.03.22 08:29:27.115,0.85061,0.85078,1.20,1.87
2016.03.22 08:29:27.166,0.8506,0.85076,1.50,1.00
2016.03.22 08:29:27.529,0.85061,0.85078,1.00,1.50
2016.03.22 08:29:28.036,0.85061,0.85077,1.00,1.00
2016.03.22 08:29:28.499,0.85063,0.85077,1.00,1.00
2016.03.22 08:29:28.653,0.85062,0.8508,1.87,1.87
2016.03.22 08:29:29.260,0.85063,0.8508,1.00,1.87
2016.03.22 08:29:29.564,0.85063,0.85081,1.50,1.18
2016.03.22 08:29:30.129,0.85063,0.85082,1.87,2.01
2016.03.22 08:29:31.237,0.85064,0.85081,1.37,1.02
2016.03.22 08:29:31.490,0.85066,0.85081,1.00,1.12
2016.03.22 08:29:31.592,0.85066,0.85081,1.00,1.00
2016.03.22 08:29:31.643,0.85066,0.85079,1.00,1.12
2016.03.22 08:29:32.068,0.85063,0.85077,1.00,1.39
2016.03.22 08:29:33.284,0.85063,0.85079,1.50,2.14
2016.03.22 08:29:34.340,0.85064,0.85079,1.00,1.39
2016.03.22 08:29:34.897,0.85064,0.8508,1.00,1.00
2016.03.22 08:29:35.723,0.85064,0.85081,1.12,1.39
2016.03.22 08:29:36.229,0.85064,0.8508,1.12,1.12
2016.03.22 08:29:36.483,0.85064,0.8508,1.00,1.87
2016.03.22 08:29:36.579,0.85064,0.8508,1.00,1.12
2016.03.22 08:29:37.084,0.85064,0.85081,1.50,1.02
2016.03.22 08:29:37.595,0.85065,0.85081,1.00,1.02
2016.03.22 08:29:39.396,0.85065,0.85081,1.50,1.02
2016.03.22 08:29:39.905,0.85065,0.85081,1.12,1.39
2016.03.22 08:29:40.412,0.85065,0.85081,1.87,1.02
2016.03.22 08:29:41.311,0.85065,0.85081,1.50,1.02
2016.03.22 08:29:41.889,0.85066,0.85081,1.00,1.02
2016.03.22 08:29:42.344,0.85065,0.85079,1.12,1.12
2016.03.22 08:29:42.649,0.85065,0.85076,1.00,1.00
2016.03.22 08:29:43.159,0.85062,0.85077,1.00,1.02
2016.03.22 08:29:43.470,0.8506,0.85078,2.25,1.77
2016.03.22 08:29:44.022,0.85062,0.85076,1.00,1.02
2016.03.22 08:29:44.565,0.85062,0.85078,1.00,1.64
2016.03.22 08:29:44.870,0.8506,0.85072,1.00,4.87
2016.03.22 08:29:45.174,0.85056,0.85064,1.50,1.12
2016.03.22 08:29:45.225,0.85058,0.85063,1.00,1.12
2016.03.22 08:29:45.570,0.85057,0.85062,1.50,1.37
2016.03.22 08:29:45.876,0.85059,0.85064,1.00,1.12
2016.03.22 08:29:45.977,0.85052,0.85064,1.12,1.02
2016.03.22 08:29:46.029,0.85056,0.85069,1.12,1.64
2016.03.22 08:29:46.338,0.85062,0.8507,1.10,3.75
2016.03.22 08:29:46.389,0.8506,0.8507,2.62,2.78
2016.03.22 08:29:46.997,0.85062,0.85077,1.00,1.87
2016.03.22 08:29:47.149,0.85061,0.85079,1.10,1.87
2016.03.22 08:29:47.330,0.85063,0.85079,1.00,1.37
2016.03.22 08:29:47.837,0.85061,0.85079,1.10,1.87
2016.03.22 08:29:47.989,0.85063,0.85079,1.00,1.87
2016.03.22 08:29:48.293,0.85063,0.85078,1.00,1.75
2016.03.22 08:29:48.474,0.8506,0.85078,1.10,1.75
2016.03.22 08:29:49.365,0.85059,0.85077,2.62,1.00
2016.03.22 08:29:49.601,0.85059,0.85078,2.25,1.87
2016.03.22 08:29:50.108,0.8506,0.85076,1.10,1.37
2016.03.22 08:29:50.612,0.8506,0.85078,1.20,1.12
2016.03.22 08:29:51.759,0.8506,0.85078,2.25,1.12
2016.03.22 08:29:51.962,0.85062,0.85078,2.25,1.12
2016.03.22 08:29:52.013,0.85064,0.85079,1.47,1.00
2016.03.22 08:29:52.544,0.85065,0.85079,2.25,1.00
2016.03.22 08:29:52.849,0.85063,0.85077,2.62,1.00
2016.03.22 08:29:53.371,0.85065,0.85077,1.12,1.00
2016.03.22 08:29:53.423,0.85065,0.85082,1.87,1.37
2016.03.22 08:29:53.525,0.85067,0.85084,1.10,1.87
2016.03.22 08:29:53.627,0.85067,0.85084,2.25,1.12
2016.03.22 08:29:54.135,0.85068,0.85086,1.87,1.87
2016.03.22 08:29:54.460,0.85071,0.85086,1.00,1.20
2016.03.22 08:29:54.666,0.85069,0.85086,1.00,1.20
2016.03.22 08:29:55.122,0.85069,0.85088,1.00,1.87
2016.03.22 08:29:55.173,0.85072,0.85088,1.00,1.10
2016.03.22 08:29:55.693,0.85073,0.85089,1.00,1.12
2016.03.22 08:29:56.277,0.8507,0.85088,1.00,1.10
2016.03.22 08:29:56.379,0.85067,0.85086,1.10,1.12
2016.03.22 08:29:56.835,0.85068,0.85087,1.00,1.10
2016.03.22 08:29:57.153,0.85068,0.85084,1.00,1.10
2016.03.22 08:29:57.409,0.85066,0.85083,1.18,1.00
2016.03.22 08:29:57.612,0.85064,0.85082,1.00,1.00
2016.03.22 08:29:58.177,0.85063,0.85082,1.18,1.57
2016.03.22 08:29:58.431,0.85063,0.8508,1.18,1.00
2016.03.22 08:29:59.046,0.85062,0.8508,2.01,1.12
2016.03.22 08:29:59.552,0.85062,0.85081,2.01,1.40
2016.03.22 08:30:00.404,0.85063,0.85081,1.18,1.90
2016.03.22 08:30:00.924,0.8506,0.85079,2.01,2.27
2016.03.22 08:30:01.025,0.85063,0.8508,1.00,1.15
2016.03.22 08:30:01.534,0.85064,0.85083,1.00,1.40
2016.03.22 08:30:02.071,0.85063,0.85083,1.50,1.52
2016.03.22 08:30:02.327,0.85064,0.85083,2.01,1.15
2016.03.22 08:30:03.484,0.85063,0.85082,1.63,1.90
2016.03.22 08:30:03.990,0.85063,0.8508,1.50,1.77
2016.03.22 08:30:04.345,0.85061,0.85077,1.26,1.37
2016.03.22 08:30:04.650,0.85061,0.85073,1.26,1.87
2016.03.22 08:30:04.802,0.85056,0.85072,1.18,1.02
2016.03.22 08:30:05.343,0.85054,0.85067,1.26,1.00
2016.03.22 08:30:05.648,0.85054,0.85064,1.26,1.50
2016.03.22 08:30:06.170,0.85055,0.85063,1.26,1.37
2016.03.22 08:30:06.324,0.85044,0.85062,1.26,1.33
2016.03.22 08:30:06.830,0.85042,0.85061,1.64,1.10
2016.03.22 08:30:06.881,0.85042,0.85059,1.64,1.00
2016.03.22 08:30:06.981,0.85042,0.85059,1.00,1.00
2016.03.22 08:30:07.033,0.85039,0.85058,1.00,1.10
2016.03.22 08:30:07.538,0.85039,0.8506,1.10,1.12
2016.03.22 08:30:07.589,0.85039,0.8506,1.10,2.14
2016.03.22 08:30:07.912,0.85041,0.8506,1.00,2.14
2016.03.22 08:30:08.267,0.85041,0.85056,1.00,1.37
2016.03.22 08:30:08.369,0.85035,0.85056,1.00,1.37
2016.03.22 08:30:08.471,0.85034,0.85054,1.10,1.37
2016.03.22 08:30:08.797,0.85036,0.85054,1.00,1.37
2016.03.22 08:30:08.900,0.85036,0.85055,1.00,1.12
2016.03.22 08:30:09.053,0.85033,0.85054,1.87,1.10
2016.03.22 08:30:09.104,0.85033,0.85052,1.87,1.00
2016.03.22 08:30:09.451,0.85032,0.85049,1.50,1.00
2016.03.22 08:30:09.558,0.85029,0.85049,1.44,1.50
2016.03.22 08:30:09.609,0.85027,0.85048,1.89,1.87
2016.03.22 08:30:09.914,0.85028,0.85047,1.31,1.50
2016.03.22 08:30:10.016,0.85026,0.85047,1.00,1.50
2016.03.22 08:30:10.519,0.85026,0.85045,1.37,3.00
2016.03.22 08:30:10.570,0.85026,0.85041,1.37,1.77
2016.03.22 08:30:10.672,0.85021,0.85038,1.00,1.10
2016.03.22 08:30:10.824,0.85021,0.85039,1.75,1.12
2016.03.22 08:30:11.341,0.85021,0.8504,1.12,1.87
2016.03.22 08:30:11.443,0.8502,0.85037,1.00,1.00
2016.03.22 08:30:11.950,0.8502,0.85037,1.00,1.15
2016.03.22 08:30:12.558,0.85022,0.85037,1.00,1.02
2016.03.22 08:30:12.859,0.85024,0.85039,1.00,1.40
2016.03.22 08:30:13.264,0.85025,0.85041,1.00,1.40
2016.03.22 08:30:14.144,0.85026,0.85042,1.00,1.90
2016.03.22 08:30:14.245,0.85022,0.85038,1.75,1.00
2016.03.22 08:30:14.496,0.85022,0.85038,1.00,1.50
2016.03.22 08:30:15.001,0.85022,0.85038,2.32,1.00
2016.03.22 08:30:15.507,0.85022,0.85035,1.50,1.12
2016.03.22 08:30:15.811,0.85022,0.85034,1.00,1.50
2016.03.22 08:30:15.912,0.85018,0.85034,1.00,3.00
2016.03.22 08:30:16.267,0.85017,0.85033,1.50,1.15
2016.03.22 08:30:16.496,0.85023,0.85033,1.00,1.03
2016.03.22 08:30:16.800,0.85018,0.85036,1.50,1.15
2016.03.22 08:30:17.306,0.85018,0.85035,1.50,1.15
2016.03.22 08:30:17.809,0.85018,0.85035,1.50,1.12
2016.03.22 08:30:18.164,0.85019,0.85036,1.12,1.00
2016.03.22 08:30:18.570,0.8502,0.85038,1.10,1.00
2016.03.22 08:30:19.099,0.85021,0.85039,1.00,1.20
2016.03.22 08:30:19.251,0.85019,0.85036,1.12,1.00
2016.03.22 08:30:19.504,0.85021,0.85039,1.00,2.25
2016.03.22 08:30:20.002,0.85023,0.85038,1.00,1.12
2016.03.22 08:30:20.205,0.85028,0.85044,1.50,1.00
2016.03.22 08:30:20.256,0.8503,0.85045,1.00,1.75
2016.03.22 08:30:20.621,0.85033,0.85048,1.00,1.00
2016.03.22 08:30:20.672,0.85034,0.85051,1.00,1.20
2016.03.22 08:30:21.482,0.85034,0.85051,1.50,1.12
2016.03.22 08:30:22.092,0.85037,0.85051,1.00,1.00
2016.03.22 08:30:22.807,0.85035,0.85051,1.50,1.00
2016.03.22 08:30:23.314,0.85034,0.85051,1.87,1.00
2016.03.22 08:30:23.820,0.85034,0.85051,1.00,1.50
2016.03.22 08:30:24.341,0.85033,0.85051,1.00,1.50
2016.03.22 08:30:24.928,0.85034,0.85051,1.00,1.50
2016.03.22 08:30:25.461,0.85035,0.85052,1.00,1.00
2016.03.22 08:30:26.338,0.85035,0.85051,1.10,1.00
2016.03.22 08:30:26.440,0.8503,0.85048,1.12,1.00
2016.03.22 08:30:26.643,0.85033,0.85049,1.00,1.00
2016.03.22 08:30:26.744,0.85033,0.85051,1.50,1.10
2016.03.22 08:30:26.846,0.85038,0.85052,1.00,1.12
2016.03.22 08:30:27.043,0.85044,0.8506,1.00,1.10
2016.03.22 08:30:27.146,0.85042,0.8506,1.50,1.50
2016.03.22 08:30:27.450,0.85044,0.85061,1.00,2.43
2016.03.22 08:30:27.755,0.85046,0.85062,1.00,2.62
2016.03.22 08:30:28.126,0.85044,0.85062,1.00,2.62
2016.03.22 08:30:28.430,0.85046,0.85062,1.00,1.12
2016.03.22 08:30:28.939,0.85045,0.85061,1.00,1.95
2016.03.22 08:30:29.252,0.85045,0.85058,1.00,2.25
2016.03.22 08:30:29.405,0.8504,0.85057,1.00,1.37
2016.03.22 08:30:29.924,0.85039,0.85057,1.00,2.62
2016.03.22 08:30:30.928,0.85038,0.85056,1.00,1.87
2016.03.22 08:30:31.435,0.85038,0.85055,1.00,1.75
2016.03.22 08:30:32.055,0.85038,0.85055,1.00,2.25
2016.03.22 08:30:32.579,0.8504,0.85055,1.00,1.50
2016.03.22 08:30:33.331,0.8504,0.85053,1.00,1.00
2016.03.22 08:30:33.381,0.85035,0.85053,1.20,1.87
2016.03.22 08:30:33.433,0.85035,0.85051,1.10,1.75
2016.03.22 08:30:33.484,0.85032,0.85049,1.50,1.00
2016.03.22 08:30:34.034,0.85033,0.85051,1.50,1.87
2016.03.22 08:30:34.540,0.85032,0.8505,1.10,1.20
2016.03.22 08:30:35.296,0.85032,0.85048,1.00,1.00
2016.03.22 08:30:35.397,0.85029,0.85047,1.12,1.00
2016.03.22 08:30:35.901,0.8503,0.85048,1.00,1.95
2016.03.22 08:30:36.407,0.85031,0.85049,1.00,1.87
2016.03.22 08:30:36.969,0.85034,0.85051,1.00,1.10
2016.03.22 08:30:37.273,0.85038,0.85054,1.12,1.87
2016.03.22 08:30:37.578,0.85042,0.85055,1.00,1.24
2016.03.22 08:30:38.127,0.85043,0.85055,1.00,1.24
2016.03.22 08:30:38.279,0.85043,0.8506,1.00,1.75
2016.03.22 08:30:38.532,0.85044,0.85062,1.00,1.50
2016.03.22 08:30:39.046,0.85043,0.85062,1.12,2.25
2016.03.22 08:30:39.363,0.85045,0.85062,1.00,1.95
2016.03.22 08:30:39.717,0.85044,0.85061,1.12,1.20
2016.03.22 08:30:40.172,0.85043,0.85062,1.87,1.87
2016.03.22 08:30:40.688,0.85045,0.85062,1.50,1.50
2016.03.22 08:30:41.434,0.85045,0.85064,1.87,2.25
2016.03.22 08:30:41.485,0.85047,0.85064,1.12,1.50
2016.03.22 08:30:41.789,0.85049,0.85067,1.37,1.44
2016.03.22 08:30:42.205,0.85048,0.85067,1.12,3.31
2016.03.22 08:30:43.160,0.85047,0.85066,1.87,1.87
2016.03.22 08:30:43.464,0.85047,0.85065,1.87,1.12
2016.03.22 08:30:43.913,0.85047,0.85064,1.37,1.47
2016.03.22 08:30:44.066,0.85046,0.85063,1.50,1.87
2016.03.22 08:30:44.270,0.85046,0.85063,1.00,2.62
2016.03.22 08:30:44.726,0.85044,0.85062,1.50,1.87
2016.03.22 08:30:45.561,0.85044,0.85059,1.00,1.00
2016.03.22 08:30:45.662,0.85046,0.85062,1.00,1.37
2016.03.22 08:30:45.713,0.85046,0.85062,1.00,1.10
2016.03.22 08:30:46.169,0.85044,0.85062,2.25,1.57
2016.03.22 08:30:46.271,0.85046,0.85062,3.00,1.20
2016.03.22 08:30:46.677,0.85051,0.85066,1.87,1.00
2016.03.22 08:30:46.982,0.85053,0.85067,1.12,1.00
2016.03.22 08:30:47.225,0.85059,0.8507,1.00,1.24
2016.03.22 08:30:47.276,0.85059,0.8507,1.12,1.24
2016.03.22 08:30:47.834,0.85059,0.8507,1.37,2.78
2016.03.22 08:30:47.935,0.85056,0.8507,1.37,2.78
2016.03.22 08:30:48.087,0.85056,0.85071,1.37,2.25
2016.03.22 08:30:48.594,0.85056,0.85069,1.00,1.00
2016.03.22 08:30:48.898,0.85054,0.85069,1.00,1.00
2016.03.22 08:30:49.080,0.85052,0.85067,1.12,1.10
2016.03.22 08:30:49.131,0.85051,0.85067,1.37,1.10
2016.03.22 08:30:49.687,0.85054,0.85069,1.12,1.37
2016.03.22 08:30:49.789,0.85054,0.85071,1.12,1.37
2016.03.22 08:30:50.197,0.85054,0.85072,3.00,1.20
2016.03.22 08:30:50.248,0.85058,0.85074,1.00,1.81
2016.03.22 08:30:50.705,0.85055,0.8507,1.20,1.00
2016.03.22 08:30:50.756,0.85054,0.8507,1.87,1.00
2016.03.22 08:30:50.951,0.85054,0.85068,1.37,1.00
2016.03.22 08:30:52.054,0.85052,0.85067,1.37,1.00
2016.03.22 08:30:52.106,0.85048,0.85065,3.75,1.00
2016.03.22 08:30:52.157,0.85048,0.85065,1.50,1.00
2016.03.22 08:30:52.259,0.85047,0.85065,1.95,1.95
2016.03.22 08:30:52.563,0.85045,0.85061,1.00,1.57
2016.03.22 08:30:53.109,0.85044,0.8506,3.53,1.12
2016.03.22 08:30:53.413,0.85044,0.85057,1.00,1.87
2016.03.22 08:30:53.464,0.85041,0.85055,1.10,1.00
2016.03.22 08:30:53.566,0.85038,0.85055,1.87,1.00
2016.03.22 08:30:54.017,0.85038,0.85053,1.50,1.00
2016.03.22 08:30:54.447,0.85038,0.85055,1.00,1.50
2016.03.22 08:30:55.252,0.85039,0.85055,1.00,1.00
2016.03.22 08:30:55.354,0.85039,0.85053,1.00,1.00
2016.03.22 08:30:55.557,0.85039,0.85055,1.00,1.00
2016.03.22 08:30:56.063,0.85038,0.85055,2.25,1.00
2016.03.22 08:30:56.115,0.85038,0.85052,2.25,1.00
2016.03.22 08:30:56.419,0.85035,0.85048,1.00,1.47
2016.03.22 08:30:56.470,0.85032,0.85048,1.24,1.50
2016.03.22 08:30:56.988,0.85032,0.85046,1.24,1.00
2016.03.22 08:30:57.090,0.85032,0.85046,1.24,1.37
2016.03.22 08:30:57.394,0.85028,0.85042,1.12,1.00
2016.03.22 08:30:57.445,0.85028,0.85045,1.12,1.50
2016.03.22 08:30:57.980,0.85028,0.85045,2.25,1.20
2016.03.22 08:30:59.392,0.85029,0.85047,1.87,1.57
2016.03.22 08:30:59.544,0.85031,0.85049,1.12,2.25
2016.03.22 08:30:59.595,0.85031,0.85049,1.75,1.50
2016.03.22 08:30:59.748,0.85033,0.8505,1.87,1.20
2016.03.22 08:31:00.309,0.85033,0.8505,1.50,1.50
2016.03.22 08:31:00.360,0.85032,0.85045,1.37,1.00
2016.03.22 08:31:00.563,0.85027,0.85043,1.00,1.50
2016.03.22 08:31:00.919,0.85024,0.85042,1.12,1.87
2016.03.22 08:31:01.627,0.85025,0.85042,1.50,1.57
2016.03.22 08:31:01.957,0.85028,0.85042,1.00,1.00
2016.03.22 08:31:02.463,0.85025,0.85042,1.37,1.10
2016.03.22 08:31:02.722,0.85024,0.85041,1.87,1.12
2016.03.22 08:31:03.027,0.85024,0.85033,1.00,1.00
2016.03.22 08:31:03.129,0.85024,0.85036,1.00,1.87
2016.03.22 08:31:03.281,0.85024,0.85038,1.00,1.12
2016.03.22 08:31:03.526,0.85024,0.8504,1.00,2.05
2016.03.22 08:31:04.032,0.85024,0.8504,2.62,1.24
2016.03.22 08:31:04.285,0.85024,0.85042,2.62,1.50
2016.03.22 08:31:04.492,0.85025,0.85042,1.12,1.00
2016.03.22 08:31:04.997,0.85027,0.85042,1.87,1.00
2016.03.22 08:31:05.452,0.85027,0.85042,2.25,1.00
2016.03.22 08:31:05.587,0.85029,0.85044,1.12,1.00
2016.03.22 08:31:06.144,0.85029,0.85043,1.12,1.00
2016.03.22 08:31:07.215,0.85029,0.85047,1.12,1.12
2016.03.22 08:31:07.367,0.85032,0.85048,1.12,1.57
2016.03.22 08:31:07.468,0.85029,0.85048,1.12,3.00
2016.03.22 08:31:07.521,0.85029,0.85047,1.00,1.12
2016.03.22 08:31:08.431,0.85029,0.85047,1.12,1.12
2016.03.22 08:31:08.634,0.85029,0.85048,1.37,1.12
2016.03.22 08:31:09.163,0.8503,0.85049,1.37,2.25
2016.03.22 08:31:09.415,0.8503,0.85049,1.75,2.25
2016.03.22 08:31:09.618,0.85033,0.8505,1.00,2.25
2016.03.22 08:31:10.818,0.85032,0.85052,2.25,2.62
2016.03.22 08:31:11.122,0.85032,0.85052,1.85,2.25
2016.03.22 08:31:11.223,0.85034,0.85052,1.00,1.87
2016.03.22 08:31:11.437,0.85037,0.85051,1.00,1.12
2016.03.22 08:31:11.546,0.85034,0.85051,1.50,1.00
2016.03.22 08:31:11.648,0.85038,0.85051,1.00,1.00
2016.03.22 08:31:11.749,0.85034,0.85051,1.00,1.00
2016.03.22 08:31:12.002,0.85031,0.85051,1.72,1.50
2016.03.22 08:31:12.154,0.85031,0.85048,1.00,1.00
2016.03.22 08:31:12.457,0.85029,0.85047,2.07,1.12
2016.03.22 08:31:12.861,0.85029,0.85048,1.75,1.12
2016.03.22 08:31:13.230,0.85027,0.85046,2.27,4.50
2016.03.22 08:31:13.334,0.85027,0.85042,1.03,1.12
2016.03.22 08:31:13.537,0.85023,0.85041,2.87,1.12
2016.03.22 08:31:13.841,0.85032,0.85041,1.00,1.12
2016.03.22 08:31:14.044,0.85032,0.85045,1.35,1.00
2016.03.22 08:31:14.096,0.85032,0.85048,1.35,1.47
2016.03.22 08:31:14.277,0.8503,0.85048,1.00,3.60
2016.03.22 08:31:14.530,0.85027,0.85045,1.75,1.37
2016.03.22 08:31:15.137,0.85028,0.85046,1.02,1.87
2016.03.22 08:31:15.388,0.85028,0.85047,1.02,1.12
2016.03.22 08:31:15.491,0.85027,0.85048,2.10,3.75
2016.03.22 08:31:16.287,0.85027,0.85048,2.47,2.25
2016.03.22 08:31:16.554,0.85024,0.85044,1.87,1.12
2016.03.22 08:31:16.655,0.85022,0.85041,4.60,1.00
2016.03.22 08:31:16.858,0.85019,0.85041,1.00,3.00
2016.03.22 08:31:17.061,0.85022,0.8504,1.12,1.50
2016.03.22 08:31:17.162,0.85022,0.85042,1.50,1.57
2016.03.22 08:31:17.377,0.85022,0.85044,2.25,1.50
2016.03.22 08:31:17.498,0.85022,0.85044,2.25,1.12
2016.03.22 08:31:17.775,0.85023,0.85042,1.87,1.00
2016.03.22 08:31:18.029,0.85017,0.85039,1.87,1.95
2016.03.22 08:31:18.130,0.85017,0.85036,1.12,1.50
2016.03.22 08:31:18.364,0.85013,0.85035,2.65,2.32
2016.03.22 08:31:18.869,0.85013,0.85035,2.35,3.37
2016.03.22 08:31:19.378,0.85012,0.8503,2.32,3.13
2016.03.22 08:31:21.057,0.85014,0.85031,1.00,1.13
2016.03.22 08:31:21.360,0.85016,0.85031,1.37,1.13
2016.03.22 08:31:21.900,0.85017,0.85032,1.37,1.13
2016.03.22 08:31:22.204,0.85017,0.85032,1.37,1.13
2016.03.22 08:31:22.708,0.85022,0.85032,1.37,1.13
2016.03.22 08:31:23.011,0.85023,0.85032,2.25,1.13
2016.03.22 08:31:23.113,0.85023,0.8504,2.25,1.18
2016.03.22 08:31:24.017,0.85024,0.85041,1.12,2.25
2016.03.22 08:31:24.522,0.85022,0.85041,2.25,2.25
2016.03.22 08:31:25.064,0.85023,0.85041,1.37,1.00
2016.03.22 08:31:25.625,0.85022,0.85043,3.00,1.57
2016.03.22 08:31:26.136,0.85023,0.85043,1.50,1.37
2016.03.22 08:31:26.237,0.85023,0.85037,1.50,1.60
2016.03.22 08:31:26.339,0.85023,0.85038,1.50,1.00
2016.03.22 08:31:27.323,0.85019,0.8504,1.57,1.57
2016.03.22 08:31:27.525,0.85019,0.8504,2.25,1.87
2016.03.22 08:31:28.164,0.85022,0.8504,1.10,1.12
2016.03.22 08:31:28.679,0.85022,0.85043,1.50,5.70
2016.03.22 08:31:28.730,0.85022,0.85043,1.50,4.11
2016.03.22 08:31:29.236,0.85022,0.85043,2.25,2.91
2016.03.22 08:31:29.742,0.85024,0.85044,1.57,1.00
2016.03.22 08:31:29.844,0.85025,0.85044,1.50,1.00
2016.03.22 08:31:29.945,0.85027,0.85048,1.87,2.91
2016.03.22 08:31:30.048,0.85028,0.85048,1.10,2.16
2016.03.22 08:31:30.558,0.85028,0.85048,2.62,2.16
2016.03.22 08:31:30.765,0.85028,0.85041,1.87,1.00
2016.03.22 08:31:31.985,0.85031,0.85041,1.00,1.00
2016.03.22 08:31:32.392,0.85027,0.85041,1.00,1.00
2016.03.22 08:31:34.120,0.85027,0.85045,1.50,1.50
2016.03.22 08:31:34.956,0.85027,0.85044,1.00,1.00
2016.03.22 08:31:35.482,0.85027,0.85045,1.00,1.20
2016.03.22 08:31:35.988,0.85027,0.85044,1.20,1.00
2016.03.22 08:31:36.901,0.85028,0.85044,1.00,1.00
2016.03.22 08:31:38.091,0.85027,0.85044,1.10,1.00
2016.03.22 08:31:38.392,0.85027,0.85043,1.00,1.87
2016.03.22 08:31:38.898,0.85027,0.85042,1.00,1.87
2016.03.22 08:31:39.416,0.85027,0.85042,1.00,1.10
2016.03.22 08:31:39.941,0.85027,0.85044,1.00,1.10
2016.03.22 08:31:40.738,0.85027,0.85043,1.00,1.00
2016.03.22 08:31:41.265,0.85027,0.85041,1.00,1.00
2016.03.22 08:31:42.351,0.85027,0.85042,1.00,1.87
2016.03.22 08:31:42.579,0.85022,0.85041,1.50,1.12
2016.03.22 08:31:42.934,0.85021,0.85039,1.37,1.50
2016.03.22 08:31:43.035,0.85019,0.85039,1.80,1.95
2016.03.22 08:31:43.187,0.85018,0.85035,1.50,1.00
2016.03.22 08:31:43.491,0.85015,0.85028,2.78,1.37
2016.03.22 08:31:44.321,0.85014,0.85029,2.78,1.12
2016.03.22 08:31:44.726,0.85013,0.8503,1.72,1.03
2016.03.22 08:31:45.663,0.85013,0.8503,1.30,1.37
2016.03.22 08:31:46.413,0.85012,0.85029,1.00,1.12
2016.03.22 08:31:46.464,0.85009,0.85027,1.05,1.37
2016.03.22 08:31:47.638,0.85012,0.85027,1.00,2.40
2016.03.22 08:31:48.461,0.85009,0.85027,1.72,1.37
2016.03.22 08:31:48.765,0.85012,0.85027,1.00,1.87
2016.03.22 08:31:49.072,0.85016,0.85023,1.00,1.28
2016.03.22 08:31:49.225,0.85005,0.85023,1.35,2.03
2016.03.22 08:31:49.277,0.85004,0.85022,1.72,1.50
2016.03.22 08:31:49.580,0.85001,0.85012,1.54,1.37
2016.03.22 08:31:49.891,0.85001,0.8501,1.54,1.37
2016.03.22 08:31:50.297,0.85001,0.85013,1.54,3.75
2016.03.22 08:31:50.501,0.85001,0.85015,1.54,1.95
2016.03.22 08:31:50.862,0.85002,0.85018,1.00,1.12
2016.03.22 08:31:51.166,0.85004,0.8502,1.00,1.47
2016.03.22 08:31:51.369,0.85005,0.85021,1.00,1.54
2016.03.22 08:31:51.522,0.85004,0.85021,1.10,1.92
2016.03.22 08:31:51.802,0.84994,0.85013,1.37,1.50
2016.03.22 08:31:51.854,0.84993,0.85011,1.24,1.50
2016.03.22 08:31:51.905,0.84993,0.85008,1.24,1.00
2016.03.22 08:31:52.210,0.84993,0.85004,1.24,1.47
2016.03.22 08:31:52.561,0.84993,0.85007,1.24,1.10
2016.03.22 08:31:52.734,0.84988,0.85007,1.70,2.25
2016.03.22 08:31:52.888,0.84987,0.85006,1.10,1.00
2016.03.22 08:31:53.092,0.84985,0.85006,1.80,2.62
2016.03.22 08:31:53.194,0.84987,0.85006,1.00,2.62
2016.03.22 08:31:53.707,0.84988,0.85004,1.00,1.00
2016.03.22 08:31:54.011,0.84991,0.8501,1.00,1.50
2016.03.22 08:31:54.427,0.84987,0.85008,2.25,1.50
2016.03.22 08:31:54.731,0.84987,0.85008,1.00,1.75
2016.03.22 08:31:55.304,0.84985,0.85006,1.42,1.12
2016.03.22 08:31:55.507,0.84987,0.85006,1.00,1.12
2016.03.22 08:31:55.812,0.84985,0.85007,1.80,3.37
2016.03.22 08:31:56.014,0.84983,0.85005,1.47,2.25
2016.03.22 08:31:56.549,0.84982,0.85004,3.00,2.62
2016.03.22 08:31:57.003,0.84982,0.85002,1.50,1.50
2016.03.22 08:31:57.410,0.84983,0.85,1.00,1.37
2016.03.22 08:31:57.614,0.8498,0.84998,1.00,1.37
2016.03.22 08:31:57.809,0.84981,0.84999,1.00,1.95
2016.03.22 08:31:57.860,0.84977,0.84997,1.81,1.00
2016.03.22 08:31:57.911,0.84977,0.84997,1.68,1.75
2016.03.22 08:31:58.217,0.84973,0.84991,3.75,1.12
2016.03.22 08:31:58.318,0.84972,0.84992,1.12,1.87
2016.03.22 08:31:58.420,0.84971,0.84992,1.37,1.75
2016.03.22 08:31:58.941,0.84971,0.84992,1.87,3.26
2016.03.22 08:31:59.195,0.84971,0.84991,1.37,1.75
2016.03.22 08:31:59.567,0.84968,0.84987,1.06,1.50
2016.03.22 08:31:59.621,0.84965,0.84984,1.00,1.75
2016.03.22 08:32:00.076,0.84962,0.84981,1.68,1.10
2016.03.22 08:32:00.180,0.84962,0.84979,1.68,1.50
2016.03.22 08:32:01.293,0.84959,0.84981,1.43,1.87
2016.03.22 08:32:01.448,0.84958,0.84978,1.50,1.50
2016.03.22 08:32:01.600,0.84956,0.84977,1.50,2.25
2016.03.22 08:32:01.804,0.84954,0.84974,2.26,1.20
2016.03.22 08:32:01.957,0.84953,0.84971,1.13,1.00
2016.03.22 08:32:02.273,0.8495,0.84969,4.95,1.00
2016.03.22 08:32:02.476,0.84949,0.84971,1.13,3.00
2016.03.22 08:32:02.577,0.84949,0.84969,1.81,1.50
2016.03.22 08:32:02.830,0.84947,0.84966,1.50,1.00
2016.03.22 08:32:02.932,0.84945,0.84962,1.50,1.00
2016.03.22 08:32:03.200,0.84936,0.84957,1.95,1.12
2016.03.22 08:32:03.353,0.84934,0.84954,1.85,2.25
2016.03.22 08:32:03.403,0.84932,0.84954,3.75,2.25
2016.03.22 08:32:04.009,0.84932,0.84953,1.37,1.87
2016.03.22 08:32:04.212,0.84931,0.84952,1.20,1.12
2016.03.22 08:32:04.263,0.84931,0.84952,1.37,2.62
2016.03.22 08:32:04.567,0.8493,0.84951,1.10,1.75
2016.03.22 08:32:04.820,0.84929,0.8495,1.12,1.10
2016.03.22 08:32:05.023,0.84928,0.84949,2.47,1.10
2016.03.22 08:32:05.124,0.84933,0.8495,1.00,1.10
2016.03.22 08:32:05.278,0.84932,0.84954,1.12,3.00
2016.03.22 08:32:05.380,0.84938,0.84955,1.00,1.87
2016.03.22 08:32:05.642,0.84942,0.84958,1.87,1.50
2016.03.22 08:32:05.693,0.84942,0.84958,2.62,1.50
2016.03.22 08:32:05.998,0.8494,0.84958,1.10,1.50
2016.03.22 08:32:06.365,0.8494,0.84958,1.85,1.50
2016.03.22 08:32:06.568,0.84938,0.84958,1.47,1.50
2016.03.22 08:32:06.771,0.8494,0.84962,1.70,1.87
2016.03.22 08:32:07.126,0.84941,0.84963,3.60,2.16
2016.03.22 08:32:07.444,0.84952,0.84968,1.87,1.23
2016.03.22 08:32:07.495,0.84952,0.84972,3.00,1.50
2016.03.22 08:32:07.546,0.84954,0.84972,1.10,1.12
2016.03.22 08:32:07.850,0.84955,0.84973,1.37,2.95
2016.03.22 08:32:08.156,0.84953,0.84973,1.37,1.37
2016.03.22 08:32:08.258,0.84951,0.84973,1.20,1.37
2016.03.22 08:32:08.309,0.84951,0.84973,1.95,1.37
2016.03.22 08:32:08.461,0.84951,0.84973,1.20,1.37
2016.03.22 08:32:08.967,0.84953,0.84974,1.35,1.87
2016.03.22 08:32:09.222,0.84956,0.84976,1.10,1.10
2016.03.22 08:32:09.477,0.84953,0.84976,2.25,1.50
2016.03.22 08:32:09.529,0.84953,0.84975,1.95,1.37
2016.03.22 08:32:09.833,0.84954,0.84976,1.87,1.12
2016.03.22 08:32:10.156,0.84958,0.84977,1.00,1.87
2016.03.22 08:32:10.308,0.84959,0.84978,1.00,1.50
2016.03.22 08:32:10.410,0.84961,0.8498,1.00,1.12
2016.03.22 08:32:10.461,0.84961,0.84981,1.00,1.37
2016.03.22 08:32:10.965,0.84962,0.84982,1.00,1.50
2016.03.22 08:32:11.506,0.8496,0.84982,1.57,1.87
2016.03.22 08:32:12.031,0.84963,0.84983,1.00,1.87
2016.03.22 08:32:12.335,0.84967,0.84983,1.12,1.37
2016.03.22 08:32:12.386,0.84968,0.84986,1.12,2.62
2016.03.22 08:32:12.488,0.84969,0.84988,1.00,1.50
2016.03.22 08:32:12.753,0.84972,0.8499,1.00,2.25
2016.03.22 08:32:13.260,0.84972,0.8499,1.00,1.12
2016.03.22 08:32:13.564,0.84974,0.84993,1.00,1.50
2016.03.22 08:32:13.914,0.84972,0.84991,1.00,1.87
2016.03.22 08:32:14.419,0.84971,0.84992,1.10,1.50
2016.03.22 08:32:14.760,0.84973,0.84994,1.12,2.55
2016.03.22 08:32:14.811,0.84973,0.84991,1.12,1.00
2016.03.22 08:32:15.115,0.84969,0.84986,1.12,1.12
2016.03.22 08:32:15.369,0.84969,0.84987,1.00,1.50
2016.03.22 08:32:15.469,0.84969,0.84987,1.85,1.00
2016.03.22 08:32:15.571,0.84972,0.84991,1.50,1.50
2016.03.22 08:32:15.824,0.84971,0.8499,1.87,2.55
2016.03.22 08:32:16.077,0.8497,0.84988,1.00,1.70
2016.03.22 08:32:16.450,0.8497,0.84988,1.00,1.57
2016.03.22 08:32:16.905,0.84967,0.84987,2.25,1.47
2016.03.22 08:32:17.209,0.84967,0.84985,1.12,1.37
2016.03.22 08:32:17.674,0.84968,0.84987,1.37,1.50
2016.03.22 08:32:18.186,0.84968,0.84986,1.10,1.37
2016.03.22 08:32:18.491,0.84966,0.84981,1.37,1.60
2016.03.22 08:32:18.593,0.8496,0.84979,1.12,2.25
2016.03.22 08:32:18.695,0.84957,0.84977,1.87,1.37
2016.03.22 08:32:18.797,0.84957,0.84975,1.12,1.37
2016.03.22 08:32:19.078,0.84959,0.84976,1.00,1.00
2016.03.22 08:32:20.254,0.8496,0.84976,1.00,1.00
2016.03.22 08:32:21.161,0.8496,0.84979,1.57,1.12
2016.03.22 08:32:21.819,0.84958,0.84977,1.87,1.12
2016.03.22 08:32:22.102,0.84957,0.84975,1.12,1.37
2016.03.22 08:32:22.608,0.84957,0.84975,1.10,1.37
2016.03.22 08:32:22.711,0.84957,0.84974,1.00,1.12
2016.03.22 08:32:23.215,0.84957,0.84974,1.12,1.12
2016.03.22 08:32:23.734,0.84956,0.84975,1.87,1.20
2016.03.22 08:32:24.095,0.84959,0.84976,1.12,1.12
2016.03.22 08:32:24.146,0.84961,0.84977,2.10,1.12
2016.03.22 08:32:24.197,0.84963,0.84979,1.60,1.12
2016.03.22 08:32:24.248,0.84968,0.84979,1.00,1.12
2016.03.22 08:32:24.400,0.84968,0.84987,1.12,6.27
2016.03.22 08:32:24.596,0.84965,0.84985,1.50,1.37
2016.03.22 08:32:24.799,0.84962,0.84981,1.75,1.87
2016.03.22 08:32:25.104,0.84959,0.84975,1.37,1.00
2016.03.22 08:32:25.206,0.84956,0.84974,1.47,1.00
2016.03.22 08:32:25.610,0.84955,0.84974,1.76,1.87
2016.03.22 08:32:26.767,0.84958,0.84974,1.00,1.12
2016.03.22 08:32:26.817,0.84958,0.84976,1.12,1.12
2016.03.22 08:32:27.406,0.84958,0.84977,2.25,1.20
2016.03.22 08:32:27.510,0.84961,0.84979,1.12,1.37
2016.03.22 08:32:28.016,0.84962,0.84981,2.62,1.37
2016.03.22 08:32:28.118,0.84966,0.84983,1.00,1.10
2016.03.22 08:32:29.336,0.84963,0.84981,1.20,1.12
2016.03.22 08:32:29.943,0.8496,0.8498,1.75,1.12
2016.03.22 08:32:30.314,0.84963,0.84981,1.12,1.37
2016.03.22 08:32:30.871,0.84962,0.84981,1.75,1.37
2016.03.22 08:32:31.182,0.84964,0.84982,1.50,1.37
2016.03.22 08:32:31.233,0.84968,0.84984,1.12,1.00
2016.03.22 08:32:31.285,0.84968,0.84986,1.12,1.95
2016.03.22 08:32:31.336,0.84967,0.84984,1.12,1.37
2016.03.22 08:32:31.438,0.84968,0.84986,1.12,1.00
2016.03.22 08:32:31.540,0.84969,0.84988,1.20,1.50
2016.03.22 08:32:31.863,0.84971,0.84988,1.12,1.12
2016.03.22 08:32:31.965,0.84969,0.84987,1.50,1.00
2016.03.22 08:32:32.520,0.84969,0.84988,1.37,1.87
2016.03.22 08:32:32.672,0.84971,0.84988,1.37,1.50
2016.03.22 08:32:32.722,0.84971,0.84988,1.37,1.10
2016.03.22 08:32:32.875,0.84969,0.84988,1.37,1.20
2016.03.22 08:32:32.926,0.84971,0.84988,1.37,1.10
2016.03.22 08:32:33.254,0.84971,0.84984,1.55,1.00
2016.03.22 08:32:33.558,0.84966,0.84971,1.50,1.00
2016.03.22 08:32:34.072,0.84966,0.84972,1.50,1.20
2016.03.22 08:32:34.276,0.84967,0.84973,1.50,1.00
2016.03.22 08:32:34.327,0.8496,0.84973,1.00,1.00
2016.03.22 08:32:35.043,0.8496,0.84972,1.00,1.37
2016.03.22 08:32:35.094,0.84957,0.84972,2.25,1.37
2016.03.22 08:32:35.348,0.84958,0.84969,1.12,1.00
2016.03.22 08:32:35.651,0.84957,0.84967,2.25,1.37
2016.03.22 08:32:36.160,0.84957,0.84967,1.50,1.37
2016.03.22 08:32:36.666,0.84957,0.84967,1.50,1.87
2016.03.22 08:32:36.868,0.8495,0.84966,1.50,1.50
2016.03.22 08:32:37.266,0.8495,0.84969,3.37,1.50
2016.03.22 08:32:37.785,0.8495,0.84968,2.70,1.26
2016.03.22 08:32:38.150,0.84954,0.84969,1.12,1.63
2016.03.22 08:32:38.460,0.84958,0.84968,1.50,1.00
2016.03.22 08:32:38.765,0.8496,0.84968,1.50,1.00
2016.03.22 08:32:39.173,0.84957,0.84968,2.25,1.00
2016.03.22 08:32:39.378,0.84955,0.84972,1.87,1.00
2016.03.22 08:32:39.783,0.84957,0.84972,1.12,1.26
2016.03.22 08:32:40.057,0.84957,0.84975,1.12,1.40
2016.03.22 08:32:40.563,0.84959,0.84976,1.37,1.13
2016.03.22 08:32:40.664,0.84958,0.84974,1.72,1.00
2016.03.22 08:32:41.179,0.84958,0.84976,2.55,1.40
2016.03.22 08:32:41.483,0.84959,0.84977,1.12,2.14
2016.03.22 08:32:41.585,0.84958,0.84975,1.80,1.00
2016.03.22 08:32:42.116,0.84959,0.84976,1.50,1.00
2016.03.22 08:32:43.169,0.84959,0.84977,1.87,1.37
2016.03.22 08:32:43.674,0.84959,0.84978,2.65,1.37
2016.03.22 08:32:43.978,0.84958,0.84976,2.50,1.12
2016.03.22 08:32:44.500,0.84957,0.84973,3.02,1.00
2016.03.22 08:32:44.955,0.84958,0.84973,1.72,1.00
2016.03.22 08:32:45.107,0.84959,0.84977,1.37,1.01
2016.03.22 08:32:45.389,0.84956,0.84973,1.02,1.37
2016.03.22 08:32:46.412,0.84956,0.84974,1.50,1.01
2016.03.22 08:32:46.918,0.84957,0.84974,2.25,1.01
2016.03.22 08:32:47.172,0.84956,0.84973,1.47,1.01
2016.03.22 08:32:47.365,0.84952,0.84972,2.87,1.39
2016.03.22 08:32:47.416,0.84952,0.84969,1.15,1.37
2016.03.22 08:32:47.620,0.84953,0.84971,1.52,1.37
2016.03.22 08:32:48.379,0.84955,0.84973,2.17,1.01
2016.03.22 08:32:48.683,0.8496,0.84976,1.87,3.75
2016.03.22 08:32:49.218,0.84958,0.84971,1.12,1.33
2016.03.22 08:32:49.320,0.84957,0.84971,1.00,1.76
2016.03.22 08:32:49.492,0.84954,0.84971,1.37,1.01
2016.03.22 08:32:49.593,0.84957,0.84972,1.00,1.01
2016.03.22 08:32:49.695,0.84955,0.84972,1.12,1.01
2016.03.22 08:32:50.099,0.84952,0.84971,3.02,1.01
2016.03.22 08:32:50.200,0.84955,0.84973,1.72,1.01
2016.03.22 08:32:50.704,0.84955,0.84973,1.82,1.01
2016.03.22 08:32:51.385,0.84957,0.84973,1.00,1.01
2016.03.22 08:32:51.739,0.84955,0.84973,1.22,1.01
2016.03.22 08:32:51.790,0.84955,0.84973,1.13,1.39
2016.03.22 08:32:52.294,0.84953,0.8497,2.50,1.37
2016.03.22 08:32:52.598,0.84956,0.84971,1.12,1.00
2016.03.22 08:32:52.800,0.84958,0.84973,1.10,1.01
2016.03.22 08:32:53.320,0.84958,0.84974,1.12,1.37
2016.03.22 08:32:53.724,0.84959,0.84977,1.13,1.76
2016.03.22 08:32:54.251,0.8496,0.84977,1.00,1.76
2016.03.22 08:32:54.757,0.84961,0.84976,1.72,1.39
2016.03.22 08:32:55.060,0.84972,0.8498,1.35,1.76
2016.03.22 08:32:55.387,0.84969,0.8498,1.10,1.76
2016.03.22 08:32:55.893,0.84968,0.8498,1.42,1.76
2016.03.22 08:32:56.221,0.84967,0.84984,2.87,1.64
2016.03.22 08:32:56.531,0.84963,0.84982,2.27,1.87
2016.03.22 08:32:56.834,0.84962,0.84977,1.15,1.37
2016.03.22 08:32:57.142,0.84957,0.84976,2.27,1.01
2016.03.22 08:32:57.193,0.84957,0.84976,1.52,1.39
2016.03.22 08:32:57.499,0.8496,0.84976,1.12,1.01
2016.03.22 08:32:57.706,0.84959,0.84976,1.12,1.01
2016.03.22 08:32:57.909,0.84957,0.84975,1.15,1.20
2016.03.22 08:32:58.216,0.84955,0.84973,1.97,1.75
2016.03.22 08:32:58.674,0.84953,0.8497,1.40,1.87
2016.03.22 08:32:58.725,0.84953,0.84967,1.00,1.00
2016.03.22 08:32:58.826,0.8495,0.84967,1.78,1.12
2016.03.22 08:32:58.877,0.8495,0.84965,1.03,2.25
2016.03.22 08:32:58.929,0.8495,0.84963,1.03,1.50
2016.03.22 08:32:59.322,0.84945,0.8496,1.02,1.87
2016.03.22 08:32:59.374,0.84945,0.84961,1.02,1.50
2016.03.22 08:32:59.729,0.84947,0.84964,1.75,1.95
2016.03.22 08:33:00.440,0.84947,0.84966,1.97,1.37
2016.03.22 08:33:00.844,0.84945,0.84965,3.02,1.37
2016.03.22 08:33:00.946,0.84944,0.84963,2.87,1.37
2016.03.22 08:33:01.455,0.84944,0.84962,1.37,1.50
2016.03.22 08:33:01.556,0.84945,0.84962,1.50,1.10
2016.03.22 08:33:01.714,0.84946,0.84964,1.12,1.00
2016.03.22 08:33:01.815,0.84944,0.84963,1.12,2.25
2016.03.22 08:33:02.138,0.84938,0.8495,1.90,1.00
2016.03.22 08:33:02.240,0.84938,0.84954,1.90,1.10
2016.03.22 08:33:02.545,0.84939,0.84953,1.00,1.00
2016.03.22 08:33:02.646,0.84939,0.84956,1.10,1.37
2016.03.22 08:33:02.748,0.84943,0.84958,1.00,1.12
2016.03.22 08:33:03.262,0.84941,0.84958,1.12,1.12
2016.03.22 08:33:03.414,0.84939,0.84958,1.42,1.12
2016.03.22 08:33:03.819,0.84938,0.84954,1.33,1.37
2016.03.22 08:33:04.170,0.84943,0.84954,1.00,1.37
2016.03.22 08:33:04.272,0.84937,0.84954,1.76,1.37
2016.03.22 08:33:04.373,0.84942,0.84954,1.00,1.37
2016.03.22 08:33:04.475,0.84938,0.84954,1.24,1.87
2016.03.22 08:33:05.135,0.84942,0.84957,1.60,1.50
2016.03.22 08:33:05.237,0.84944,0.84959,1.60,3.45
2016.03.22 08:33:05.288,0.84946,0.84959,1.50,3.37
2016.03.22 08:33:05.340,0.84948,0.84964,1.01,1.00
2016.03.22 08:33:05.492,0.84952,0.84967,1.33,1.00
2016.03.22 08:33:05.645,0.84947,0.84965,1.91,1.12
2016.03.22 08:33:05.951,0.8494,0.84957,1.00,1.12
2016.03.22 08:33:06.002,0.84936,0.84957,2.32,4.87
2016.03.22 08:33:06.053,0.84936,0.84952,1.57,1.00
2016.03.22 08:33:06.408,0.84936,0.84955,1.87,1.12
2016.03.22 08:33:06.939,0.84935,0.84952,1.33,1.37
2016.03.22 08:33:07.444,0.84937,0.84954,1.10,1.12
2016.03.22 08:33:07.495,0.84937,0.84954,1.87,1.12
2016.03.22 08:33:08.041,0.84938,0.84955,1.37,1.37
2016.03.22 08:33:08.278,0.84938,0.84955,1.10,1.37
2016.03.22 08:33:08.380,0.8494,0.84955,1.00,1.37
2016.03.22 08:33:08.738,0.84938,0.84952,1.00,1.37
2016.03.22 08:33:09.044,0.84936,0.84953,1.95,1.37
2016.03.22 08:33:09.352,0.84933,0.8495,1.37,1.37
2016.03.22 08:33:09.657,0.8494,0.8495,1.00,1.37
2016.03.22 08:33:09.853,0.84941,0.84959,2.10,1.87
2016.03.22 08:33:10.359,0.84941,0.84958,1.10,1.50
2016.03.22 08:33:10.410,0.8494,0.84956,1.12,1.12
2016.03.22 08:33:10.751,0.84933,0.84948,1.57,1.37
2016.03.22 08:33:10.854,0.84932,0.8495,2.25,1.37
2016.03.22 08:33:11.158,0.84935,0.8495,1.00,1.37
2016.03.22 08:33:11.671,0.84935,0.84951,1.00,1.37
2016.03.22 08:33:12.541,0.84935,0.8495,1.00,1.87
2016.03.22 08:33:12.700,0.84929,0.84946,3.42,1.00
2016.03.22 08:33:12.802,0.84929,0.84945,2.29,1.12
2016.03.22 08:33:13.107,0.84929,0.84938,1.23,1.00
2016.03.22 08:33:13.411,0.84927,0.84936,3.53,3.75
2016.03.22 08:33:13.462,0.84924,0.84931,1.00,1.37
2016.03.22 08:33:13.594,0.84916,0.84934,1.20,1.20
2016.03.22 08:33:13.796,0.84914,0.84934,1.50,1.50
2016.03.22 08:33:14.201,0.84916,0.84936,1.37,2.25
2016.03.22 08:33:14.663,0.84924,0.84938,1.00,1.50
2016.03.22 08:33:14.764,0.84922,0.84938,1.00,1.50
2016.03.22 08:33:14.815,0.84922,0.84937,1.00,1.20
2016.03.22 08:33:14.866,0.8492,0.84935,1.00,1.00
2016.03.22 08:33:15.372,0.84919,0.84937,1.12,1.50
2016.03.22 08:33:15.581,0.84916,0.84935,1.95,1.37
2016.03.22 08:33:15.683,0.84919,0.84934,1.00,1.12
2016.03.22 08:33:15.785,0.8492,0.84937,1.75,1.00
2016.03.22 08:33:15.887,0.84923,0.8494,1.00,1.00
2016.03.22 08:33:16.141,0.84925,0.8494,1.00,1.00
2016.03.22 08:33:16.294,0.84925,0.84942,1.00,1.00
2016.03.22 08:33:16.541,0.84925,0.84939,1.00,1.00
2016.03.22 08:33:16.844,0.84906,0.84926,2.25,1.47
2016.03.22 08:33:16.946,0.84906,0.84925,1.87,1.12
2016.03.22 08:33:17.098,0.84904,0.84921,1.37,1.50
2016.03.22 08:33:17.199,0.84903,0.84921,1.12,1.50
2016.03.22 08:33:17.553,0.84906,0.84922,1.00,1.12
2016.03.22 08:33:17.807,0.84904,0.84923,3.00,1.37
2016.03.22 08:33:18.523,0.84903,0.84922,2.25,1.75
2016.03.22 08:33:18.675,0.84901,0.8492,1.20,1.50
2016.03.22 08:33:19.738,0.84901,0.84917,1.20,1.00
2016.03.22 08:33:19.789,0.84901,0.84917,1.20,1.37
2016.03.22 08:33:19.891,0.84899,0.84912,1.00,1.50
2016.03.22 08:33:20.197,0.84899,0.8491,1.00,1.50
2016.03.22 08:33:20.514,0.849,0.84908,1.00,1.12
2016.03.22 08:33:20.615,0.849,0.84913,1.00,1.37
2016.03.22 08:33:20.717,0.849,0.84917,1.00,1.50
2016.03.22 08:33:21.239,0.849,0.84916,1.00,1.47
2016.03.22 08:33:21.595,0.849,0.84912,1.00,1.00
2016.03.22 08:33:21.900,0.84901,0.84909,1.00,2.25
2016.03.22 08:33:22.246,0.84896,0.84904,1.00,1.37
2016.03.22 08:33:22.702,0.84896,0.84905,1.00,1.20
2016.03.22 08:33:23.130,0.84895,0.84903,1.00,1.10
2016.03.22 08:33:23.435,0.84895,0.84902,1.00,1.37
2016.03.22 08:33:23.638,0.84895,0.84903,1.00,1.57
2016.03.22 08:33:23.740,0.84895,0.84903,1.00,1.95
2016.03.22 08:33:23.893,0.84889,0.84905,1.00,11.10
2016.03.22 08:33:23.945,0.84883,0.84908,1.00,2.25
2016.03.22 08:33:24.100,0.84857,0.84875,1.20,1.00
2016.03.22 08:33:24.303,0.84862,0.84885,1.87,2.62
2016.03.22 08:33:24.354,0.84863,0.84885,1.50,1.50
2016.03.22 08:33:24.557,0.84865,0.84887,1.12,1.50
2016.03.22 08:33:24.947,0.84866,0.84888,4.50,1.12
2016.03.22 08:33:24.999,0.84867,0.84888,1.12,1.20
2016.03.22 08:33:25.050,0.84867,0.84888,1.12,1.85
2016.03.22 08:33:25.354,0.84865,0.84886,1.10,2.25
2016.03.22 08:33:25.405,0.84865,0.84886,1.12,1.95
2016.03.22 08:33:25.557,0.84866,0.84888,1.50,1.50
2016.03.22 08:33:25.903,0.84865,0.84883,1.75,1.00
2016.03.22 08:33:26.207,0.84858,0.84874,1.30,1.37
2016.03.22 08:33:26.308,0.84862,0.84881,1.00,1.87
2016.03.22 08:33:26.951,0.84862,0.84883,1.10,1.87
2016.03.22 08:33:27.154,0.84861,0.84881,1.12,1.50
2016.03.22 08:33:27.257,0.84858,0.84878,1.88,1.95
2016.03.22 08:33:27.359,0.84856,0.84875,1.40,1.00
2016.03.22 08:33:27.663,0.8486,0.84879,1.75,1.00
2016.03.22 08:33:28.066,0.84862,0.8488,1.37,1.00
2016.03.22 08:33:28.218,0.84862,0.84884,2.25,1.87
2016.03.22 08:33:28.269,0.84867,0.84888,1.12,7.02
2016.03.22 08:33:28.320,0.84868,0.84888,1.50,2.78
2016.03.22 08:33:28.371,0.8487,0.84888,1.67,2.78
2016.03.22 08:33:28.675,0.8487,0.84883,1.87,1.87
2016.03.22 08:33:28.726,0.84862,0.8488,1.12,1.47
2016.03.22 08:33:29.063,0.84859,0.84878,1.37,2.70
2016.03.22 08:33:29.366,0.84857,0.84874,1.72,1.10
2016.03.22 08:33:29.771,0.84859,0.84878,2.10,1.14
2016.03.22 08:33:30.177,0.84865,0.84879,1.87,1.89
2016.03.22 08:33:30.482,0.8487,0.84878,1.00,2.27
2016.03.22 08:33:30.534,0.84869,0.84876,1.00,1.39
2016.03.22 08:33:30.585,0.84857,0.84876,1.87,1.77
2016.03.22 08:33:30.636,0.84857,0.84875,1.37,1.39
2016.03.22 08:33:30.687,0.84857,0.84872,1.37,1.37
2016.03.22 08:33:30.969,0.84849,0.84867,1.37,1.12
2016.03.22 08:33:31.576,0.84849,0.84867,1.37,1.10
2016.03.22 08:33:31.678,0.84849,0.84854,1.00,1.12
2016.03.22 08:33:31.929,0.84822,0.84837,1.00,1.37
2016.03.22 08:33:31.985,0.84822,0.84837,1.00,1.12
2016.03.22 08:33:32.036,0.84817,0.84837,1.50,1.75
2016.03.22 08:33:32.088,0.84817,0.84832,1.50,1.12
2016.03.22 08:33:32.140,0.84812,0.84829,1.00,1.12
2016.03.22 08:33:32.293,0.84807,0.8483,2.62,1.75
2016.03.22 08:33:32.395,0.84807,0.84831,2.62,2.25
2016.03.22 08:33:32.446,0.84808,0.84831,1.12,1.37
2016.03.22 08:33:32.757,0.84817,0.84836,1.00,3.82
2016.03.22 08:33:32.809,0.84817,0.84836,1.87,1.00
2016.03.22 08:33:32.860,0.84819,0.84837,1.12,1.00
2016.03.22 08:33:32.961,0.84817,0.84838,2.25,1.10
2016.03.22 08:33:33.114,0.84818,0.84839,1.12,1.12
2016.03.22 08:33:33.469,0.84817,0.84839,3.00,1.10
2016.03.22 08:33:33.636,0.8482,0.84839,1.50,1.10
2016.03.22 08:33:34.043,0.84819,0.84837,2.25,1.00
2016.03.22 08:33:34.549,0.84819,0.84836,1.57,1.00
2016.03.22 08:33:35.006,0.84816,0.8483,1.37,1.00
2016.03.22 08:33:35.107,0.8481,0.84828,1.75,1.20
2016.03.22 08:33:35.158,0.84808,0.84828,1.10,1.20
2016.03.22 08:33:35.310,0.84809,0.84828,1.00,3.00
2016.03.22 08:33:35.475,0.84806,0.84827,1.10,2.25
2016.03.22 08:33:35.628,0.84806,0.84827,2.62,1.37
2016.03.22 08:33:35.679,0.84809,0.84829,1.50,2.16
2016.03.22 08:33:36.034,0.84812,0.8483,1.00,1.99
2016.03.22 08:33:36.383,0.84815,0.8483,1.50,1.54
2016.03.22 08:33:36.688,0.84815,0.8483,2.62,1.54
2016.03.22 08:33:36.993,0.84817,0.84838,1.12,4.50
2016.03.22 08:33:37.166,0.84819,0.8484,1.50,1.87
2016.03.22 08:33:37.267,0.84819,0.84841,1.75,1.95
2016.03.22 08:33:37.369,0.84821,0.84842,1.12,1.10
2016.03.22 08:33:37.420,0.84822,0.84843,1.50,1.00
2016.03.22 08:33:37.875,0.84825,0.84844,1.87,1.54
2016.03.22 08:33:38.072,0.84824,0.84844,1.10,3.11
2016.03.22 08:33:38.276,0.84824,0.84847,1.37,1.37
2016.03.22 08:33:38.580,0.84827,0.84845,2.62,1.00
2016.03.22 08:33:38.985,0.84827,0.84847,2.25,1.00
2016.03.22 08:33:39.191,0.8483,0.84851,1.37,1.00
2016.03.22 08:33:39.292,0.84832,0.84852,1.37,1.00
2016.03.22 08:33:39.596,0.8484,0.84858,1.12,2.25
2016.03.22 08:33:39.698,0.84841,0.84858,1.12,1.00
2016.03.22 08:33:39.872,0.84836,0.84858,1.50,1.50
2016.03.22 08:33:40.074,0.84838,0.84861,1.50,2.25
2016.03.22 08:33:40.378,0.8484,0.84858,1.00,1.12
2016.03.22 08:33:40.479,0.84838,0.84857,1.12,1.37
2016.03.22 08:33:40.581,0.8484,0.84856,1.00,1.12
2016.03.22 08:33:40.726,0.84837,0.8486,1.87,1.50
2016.03.22 08:33:40.828,0.84837,0.84858,2.25,1.37
2016.03.22 08:33:41.183,0.84838,0.8486,1.50,1.57
2016.03.22 08:33:41.486,0.84842,0.84864,1.12,1.50
2016.03.22 08:33:41.997,0.84842,0.84861,2.25,1.00
2016.03.22 08:33:42.251,0.84833,0.84852,1.57,1.00
2016.03.22 08:33:42.353,0.8483,0.84852,3.53,2.62
2016.03.22 08:33:42.404,0.8483,0.8485,2.40,1.47
2016.03.22 08:33:42.912,0.8483,0.84849,2.33,1.75
2016.03.22 08:33:43.115,0.84828,0.84849,1.00,1.75
2016.03.22 08:33:43.267,0.84828,0.8485,1.72,1.50
2016.03.22 08:33:43.786,0.84829,0.8485,1.72,1.47
2016.03.22 08:33:44.342,0.8483,0.8485,1.72,1.37
2016.03.22 08:33:44.645,0.84827,0.84842,1.12,1.00
2016.03.22 08:33:44.764,0.84824,0.84842,1.37,2.25
2016.03.22 08:33:44.817,0.84818,0.8484,1.12,1.10
2016.03.22 08:33:45.224,0.84819,0.8484,1.75,1.37
2016.03.22 08:33:45.731,0.8482,0.84842,1.87,1.85
2016.03.22 08:33:46.079,0.84817,0.84832,1.12,4.50
2016.03.22 08:33:46.130,0.84817,0.84833,1.10,1.00
2016.03.22 08:33:46.435,0.84815,0.84837,2.25,4.12
2016.03.22 08:33:46.537,0.84816,0.84837,1.87,4.12
2016.03.22 08:33:46.847,0.84817,0.84834,1.12,1.00
2016.03.22 08:33:46.899,0.84815,0.84834,1.47,1.00
2016.03.22 08:33:47.408,0.84815,0.84835,1.37,1.00
2016.03.22 08:33:47.560,0.84815,0.84837,1.47,3.82
2016.03.22 08:33:47.762,0.84819,0.84841,1.50,1.10
2016.03.22 08:33:48.072,0.84814,0.84836,3.00,1.00
2016.03.22 08:33:48.123,0.84814,0.84836,2.25,1.37
2016.03.22 08:33:49.232,0.84816,0.84837,1.12,1.50
2016.03.22 08:33:49.737,0.84816,0.84835,1.10,1.10
2016.03.22 08:33:49.911,0.84813,0.84834,1.47,1.00
2016.03.22 08:33:49.962,0.84814,0.84827,1.12,1.00
2016.03.22 08:33:50.215,0.84809,0.84828,1.47,1.12
2016.03.22 08:33:50.317,0.84807,0.84827,1.47,1.00
2016.03.22 08:33:50.822,0.84807,0.84828,2.25,1.12
2016.03.22 08:33:51.226,0.84808,0.84831,3.22,1.95
2016.03.22 08:33:51.277,0.8481,0.84831,1.12,1.50
2016.03.22 08:33:51.328,0.84811,0.84832,1.37,1.00
2016.03.22 08:33:51.379,0.84813,0.84834,1.50,1.75
2016.03.22 08:33:51.430,0.84813,0.84834,2.25,1.00
2016.03.22 08:33:51.845,0.84816,0.84836,1.00,1.00
2016.03.22 08:33:51.947,0.84817,0.84837,1.12,4.12
2016.03.22 08:33:52.249,0.84805,0.84815,2.25,1.27
2016.03.22 08:33:52.300,0.84797,0.84815,1.00,1.27
2016.03.22 08:33:52.351,0.84797,0.84817,3.60,1.12
2016.03.22 08:33:52.402,0.848,0.84818,1.27,1.47
2016.03.22 08:33:52.505,0.84799,0.8482,2.85,1.00
2016.03.22 08:33:52.607,0.84802,0.84823,2.10,4.50
2016.03.22 08:33:53.115,0.84805,0.84823,1.12,2.94
2016.03.22 08:33:53.419,0.84799,0.84821,2.47,1.37
2016.03.22 08:33:53.470,0.84799,0.84821,2.10,1.75
2016.03.22 08:33:53.833,0.84799,0.84821,1.67,1.37
2016.03.22 08:33:54.035,0.84801,0.84823,2.10,1.75
2016.03.22 08:33:54.338,0.84805,0.84823,2.92,1.12
2016.03.22 08:33:54.440,0.84807,0.84825,2.10,1.12
2016.03.22 08:33:54.491,0.84808,0.84826,2.10,1.12
2016.03.22 08:33:54.542,0.84808,0.84829,2.25,3.69
2016.03.22 08:33:54.644,0.84811,0.84829,1.10,3.32
2016.03.22 08:33:54.695,0.84809,0.84828,2.62,2.94
2016.03.22 08:33:54.918,0.84811,0.84832,1.50,1.12
2016.03.22 08:33:55.245,0.84811,0.84817,1.50,1.00
2016.03.22 08:33:55.346,0.84809,0.84818,1.12,1.12
2016.03.22 08:33:55.448,0.84797,0.84815,1.10,1.37
2016.03.22 08:33:55.549,0.84797,0.84818,1.20,1.87
2016.03.22 08:33:55.731,0.84798,0.84818,1.50,1.37
2016.03.22 08:33:56.037,0.84794,0.84817,1.47,2.62
2016.03.22 08:33:56.587,0.84794,0.84814,1.87,1.37
2016.03.22 08:33:57.123,0.84793,0.84813,1.87,1.50
2016.03.22 08:33:57.326,0.84793,0.84813,1.87,1.87
2016.03.22 08:33:57.427,0.84795,0.84815,1.10,1.12
2016.03.22 08:33:57.478,0.84795,0.84816,1.10,1.95
2016.03.22 08:33:57.881,0.84796,0.84816,2.25,1.37
2016.03.22 08:33:58.085,0.84799,0.84819,1.12,1.37
2016.03.22 08:33:58.591,0.84797,0.84819,1.50,1.12
2016.03.22 08:33:59.138,0.84798,0.84813,1.37,1.00
2016.03.22 08:33:59.189,0.84797,0.84813,2.27,1.00
2016.03.22 08:33:59.240,0.84798,0.84813,1.85,1.00
2016.03.22 08:33:59.341,0.84797,0.84817,3.77,1.00
2016.03.22 08:33:59.493,0.84797,0.84817,3.02,1.37
2016.03.22 08:33:59.595,0.84797,0.84817,3.02,1.00
2016.03.22 08:34:00.005,0.84797,0.84813,2.27,1.00
2016.03.22 08:34:00.309,0.84797,0.84817,1.50,1.60
2016.03.22 08:34:00.461,0.848,0.84818,1.30,1.00
2016.03.22 08:34:00.765,0.84805,0.84823,1.27,2.10
2016.03.22 08:34:01.071,0.84798,0.84818,1.50,1.20
2016.03.22 08:34:01.528,0.848,0.84821,1.76,1.87
2016.03.22 08:34:01.579,0.84801,0.84823,1.95,1.20
2016.03.22 08:34:01.631,0.84801,0.84824,3.37,1.37
2016.03.22 08:34:01.682,0.84802,0.84826,2.25,1.47
2016.03.22 08:34:02.190,0.84805,0.84826,1.10,1.37
2016.03.22 08:34:02.393,0.84804,0.84826,1.50,1.37
2016.03.22 08:34:02.696,0.84814,0.84833,1.01,1.50
2016.03.22 08:34:03.089,0.84814,0.84835,1.09,1.10
2016.03.22 08:34:03.342,0.84814,0.84835,1.84,1.20
2016.03.22 08:34:03.494,0.84815,0.84837,1.12,1.50
2016.03.22 08:34:03.697,0.84815,0.84838,1.75,2.25
2016.03.22 08:34:04.031,0.84821,0.84838,3.07,1.12
2016.03.22 08:34:04.082,0.84821,0.8484,3.07,1.37
2016.03.22 08:34:04.183,0.84822,0.84843,1.89,1.10
2016.03.22 08:34:04.487,0.84822,0.84842,1.89,2.25
2016.03.22 08:34:04.589,0.84822,0.84842,1.89,1.87
2016.03.22 08:34:04.741,0.84822,0.84838,1.89,1.00
2016.03.22 08:34:05.060,0.84812,0.84829,1.37,1.10
2016.03.22 08:34:05.364,0.84809,0.84821,3.39,1.87
2016.03.22 08:34:05.668,0.84808,0.84817,3.39,1.50
2016.03.22 08:34:05.823,0.84809,0.84817,3.39,1.10
2016.03.22 08:34:06.026,0.84809,0.8482,3.39,1.57
2016.03.22 08:34:06.229,0.84809,0.84821,3.39,1.37
2016.03.22 08:34:06.532,0.84809,0.84823,3.39,2.62
2016.03.22 08:34:06.864,0.84802,0.84821,3.39,1.12
2016.03.22 08:34:06.915,0.84802,0.84821,3.39,1.50
2016.03.22 08:34:07.016,0.84802,0.8482,3.39,1.00
2016.03.22 08:34:07.168,0.84802,0.84822,3.39,1.10
2016.03.22 08:34:07.371,0.84804,0.84823,1.60,1.87
2016.03.22 08:34:07.523,0.84806,0.84825,1.35,1.37
2016.03.22 08:34:07.725,0.84806,0.84827,1.35,1.80
2016.03.22 08:34:08.096,0.84809,0.84827,3.39,1.50
2016.03.22 08:34:08.671,0.8481,0.84827,3.39,1.50
2016.03.22 08:34:08.995,0.8481,0.84824,3.39,1.10
2016.03.22 08:34:09.344,0.84807,0.84823,3.39,2.25
2016.03.22 08:34:09.849,0.84808,0.84823,3.39,3.37
2016.03.22 08:34:10.106,0.84808,0.84823,3.39,2.62
2016.03.22 08:34:10.565,0.84806,0.84822,3.99,1.20
2016.03.22 08:34:11.033,0.84809,0.84823,2.10,2.25
2016.03.22 08:34:11.337,0.84806,0.84823,5.01,1.37
2016.03.22 08:34:11.753,0.84812,0.84823,2.10,1.00
2016.03.22 08:34:11.898,0.84814,0.84832,2.10,3.64
2016.03.22 08:34:12.893,0.84812,0.84832,1.86,1.64
2016.03.22 08:34:13.451,0.84812,0.84831,1.76,1.01
2016.03.22 08:34:13.799,0.84806,0.84822,3.88,1.00
2016.03.22 08:34:14.053,0.84804,0.84822,2.10,1.00
2016.03.22 08:34:14.205,0.84807,0.84823,2.85,1.01
2016.03.22 08:34:14.720,0.84809,0.84827,2.47,1.64
2016.03.22 08:34:15.177,0.84812,0.84831,1.00,1.64
2016.03.22 08:34:15.430,0.84811,0.84827,2.55,1.00
2016.03.22 08:34:15.696,0.84809,0.84828,1.37,1.12
2016.03.22 08:34:15.850,0.84808,0.84826,1.47,1.00
2016.03.22 08:34:16.053,0.84805,0.84823,3.21,1.00
2016.03.22 08:34:16.104,0.84805,0.84827,3.21,2.62
2016.03.22 08:34:16.417,0.84805,0.84823,2.61,1.00
2016.03.22 08:34:16.832,0.84807,0.84823,1.00,1.00
2016.03.22 08:34:16.883,0.84807,0.84827,1.00,1.89
2016.03.22 08:34:17.136,0.8481,0.8483,1.00,1.49
2016.03.22 08:34:17.443,0.84813,0.84831,1.00,4.52
2016.03.22 08:34:17.640,0.84807,0.84831,2.25,5.27
2016.03.22 08:34:17.692,0.84807,0.8483,2.25,1.14
2016.03.22 08:34:17.793,0.84807,0.8483,4.41,1.14
2016.03.22 08:34:18.273,0.84809,0.8483,1.00,1.52
2016.03.22 08:34:18.805,0.84814,0.84831,1.00,1.49
2016.03.22 08:34:19.109,0.84827,0.84839,2.25,1.00
2016.03.22 08:34:19.362,0.8483,0.84841,1.00,1.00
2016.03.22 08:34:19.463,0.84829,0.84845,1.00,1.02
2016.03.22 08:34:19.980,0.8483,0.84851,1.20,4.52
2016.03.22 08:34:20.385,0.84829,0.84851,1.50,2.64
2016.03.22 08:34:20.537,0.84828,0.84849,1.12,1.89
2016.03.22 08:34:21.034,0.84826,0.84848,1.57,1.59
2016.03.22 08:34:21.542,0.84827,0.84848,1.00,1.10
2016.03.22 08:34:22.046,0.84826,0.84848,1.57,1.10
2016.03.22 08:34:22.199,0.84825,0.84847,2.32,1.12
2016.03.22 08:34:22.503,0.84827,0.84849,1.50,1.87
2016.03.22 08:34:22.857,0.84827,0.84849,1.50,1.77
2016.03.22 08:34:23.387,0.84829,0.84851,3.28,1.12
2016.03.22 08:34:23.438,0.84829,0.84851,3.28,1.37
2016.03.22 08:34:23.641,0.84829,0.8485,3.28,1.12
2016.03.22 08:34:24.582,0.84829,0.8485,2.98,1.20
2016.03.22 08:34:25.088,0.8483,0.8485,1.00,1.50
2016.03.22 08:34:25.268,0.84831,0.84851,1.12,1.12
2016.03.22 08:34:25.327,0.84833,0.84852,1.00,1.12
2016.03.22 08:34:25.530,0.84834,0.84855,1.00,1.47
2016.03.22 08:34:25.581,0.84836,0.84855,1.00,1.37
2016.03.22 08:34:26.150,0.84835,0.84856,1.42,2.98
2016.03.22 08:34:26.565,0.84837,0.84856,1.00,1.10
2016.03.22 08:34:27.070,0.84836,0.84858,1.50,1.50
2016.03.22 08:34:27.375,0.84838,0.84858,1.12,1.37
2016.03.22 08:34:27.704,0.84843,0.84862,1.00,1.12
2016.03.22 08:34:27.755,0.84843,0.84862,1.00,1.00
2016.03.22 08:34:28.275,0.84842,0.84862,1.91,1.12
2016.03.22 08:34:28.775,0.84843,0.84863,1.61,1.75
2016.03.22 08:34:28.826,0.84843,0.84863,2.74,1.00
2016.03.22 08:34:29.232,0.84847,0.84863,1.35,1.00
2016.03.22 08:34:29.538,0.84853,0.84874,1.09,1.00
2016.03.22 08:34:30.097,0.84853,0.84873,2.51,1.00
2016.03.22 08:34:30.400,0.84853,0.84873,1.76,1.12
2016.03.22 08:34:30.903,0.84853,0.84871,1.01,1.37
2016.03.22 08:34:31.156,0.84854,0.84874,1.01,1.12
2016.03.22 08:34:31.257,0.84854,0.84875,1.76,1.00
2016.03.22 08:34:31.552,0.84854,0.84875,1.39,1.75
2016.03.22 08:34:31.952,0.84853,0.84873,2.21,1.87
2016.03.22 08:34:32.256,0.84853,0.8487,1.54,1.12
2016.03.22 08:34:32.307,0.8485,0.84869,1.91,1.37
2016.03.22 08:34:32.870,0.84852,0.84873,1.01,1.12
2016.03.22 08:34:32.972,0.84852,0.84873,1.71,1.37
2016.03.22 08:34:33.377,0.84851,0.84872,1.79,1.37
2016.03.22 08:34:33.580,0.8485,0.84872,3.26,1.87
2016.03.22 08:34:34.088,0.84854,0.84872,1.28,1.87
2016.03.22 08:34:34.620,0.84853,0.84872,1.89,1.37
2016.03.22 08:34:35.676,0.84855,0.8487,1.89,1.37
2016.03.22 08:34:35.777,0.84855,0.84869,1.89,1.12
2016.03.22 08:34:36.165,0.84855,0.84868,1.89,1.37
2016.03.22 08:34:36.367,0.84855,0.84872,1.89,1.87
2016.03.22 08:34:36.881,0.84855,0.8487,1.89,1.00
2016.03.22 08:34:37.338,0.84854,0.84868,3.39,1.00
2016.03.22 08:34:37.845,0.84854,0.84867,3.39,1.00
2016.03.22 08:34:38.382,0.84854,0.8487,3.39,1.87
2016.03.22 08:34:40.905,0.84855,0.8487,3.75,1.87
2016.03.22 08:34:41.058,0.84855,0.8487,3.75,1.00
2016.03.22 08:34:41.109,0.84858,0.84871,1.26,1.50
2016.03.22 08:34:41.619,0.84857,0.84871,1.26,1.37
2016.03.22 08:34:42.133,0.84857,0.84873,1.71,1.12
2016.03.22 08:34:42.472,0.8486,0.84875,3.75,1.37
2016.03.22 08:34:42.776,0.8486,0.84872,3.75,1.00
2016.03.22 08:34:43.282,0.8486,0.84872,2.64,1.00
2016.03.22 08:34:43.966,0.8486,0.84868,2.64,1.00
2016.03.22 08:34:44.068,0.8486,0.84873,2.64,1.72
2016.03.22 08:34:44.120,0.84853,0.84873,1.14,1.72
2016.03.22 08:34:44.222,0.84857,0.84874,2.64,1.10
2016.03.22 08:34:44.735,0.84857,0.84874,2.64,1.37
2016.03.22 08:34:45.039,0.84857,0.84872,2.64,1.50
2016.03.22 08:34:46.380,0.84857,0.84874,1.14,1.37
2016.03.22 08:34:46.887,0.84858,0.84874,1.14,1.37
2016.03.22 08:34:47.707,0.84858,0.84872,1.14,1.00
2016.03.22 08:34:48.219,0.84856,0.84873,1.89,2.25
2016.03.22 08:34:48.371,0.84856,0.84873,1.89,1.50
2016.03.22 08:34:49.311,0.84854,0.84872,1.14,1.00
2016.03.22 08:34:49.510,0.84854,0.84871,1.14,1.50
2016.03.22 08:34:50.631,0.84852,0.84872,1.00,1.87
2016.03.22 08:34:51.289,0.84852,0.84874,1.00,3.00
2016.03.22 08:34:51.446,0.84857,0.84875,1.00,3.28
2016.03.22 08:34:51.550,0.84857,0.84875,1.00,2.16
2016.03.22 08:34:51.904,0.84858,0.84879,1.35,1.47
2016.03.22 08:34:52.504,0.84858,0.84879,1.72,3.98
2016.03.22 08:34:53.605,0.84858,0.84877,1.29,1.00
2016.03.22 08:34:53.656,0.84855,0.84874,2.87,1.00
2016.03.22 08:34:53.960,0.84854,0.8487,3.39,1.95
2016.03.22 08:34:54.314,0.84848,0.8487,2.10,1.97
2016.03.22 08:34:54.730,0.84848,0.8487,3.22,1.89
2016.03.22 08:34:55.034,0.84852,0.84871,3.22,4.52
2016.03.22 08:34:55.535,0.84855,0.84873,1.30,1.39
2016.03.22 08:34:56.298,0.84855,0.84873,1.67,1.39
2016.03.22 08:34:57.117,0.84855,0.84873,1.81,1.39
2016.03.22 08:34:57.421,0.84857,0.84876,1.42,1.14
2016.03.22 08:34:58.323,0.84858,0.84873,1.18,1.00
2016.03.22 08:34:59.280,0.84857,0.84873,2.01,1.00
2016.03.22 08:34:59.584,0.84855,0.84872,1.26,1.87
2016.03.22 08:35:00.179,0.84856,0.84872,1.51,1.12
2016.03.22 08:35:01.034,0.84859,0.84874,1.26,1.87
2016.03.22 08:35:01.455,0.84858,0.84875,1.63,1.87
2016.03.22 08:35:01.607,0.84858,0.84875,1.01,1.12
2016.03.22 08:35:02.116,0.84857,0.84875,1.09,1.50
2016.03.22 08:35:02.657,0.84856,0.84874,1.01,1.37
2016.03.22 08:35:02.708,0.84855,0.84874,1.09,1.12
2016.03.22 08:35:03.114,0.84854,0.84871,1.01,1.50
2016.03.22 08:35:03.431,0.84852,0.84868,3.75,4.87
2016.03.22 08:35:03.735,0.84852,0.84862,3.75,1.37
2016.03.22 08:35:03.938,0.84845,0.84862,1.89,1.00
2016.03.22 08:35:04.242,0.84843,0.84862,1.50,1.12
2016.03.22 08:35:04.389,0.84842,0.8486,4.13,1.00
2016.03.22 08:35:04.441,0.84842,0.84859,2.78,1.75
2016.03.22 08:35:04.746,0.84842,0.84853,1.54,1.37
2016.03.22 08:35:05.439,0.84842,0.84854,1.54,1.00
2016.03.22 08:35:05.490,0.84839,0.84856,1.00,1.12
2016.03.22 08:35:05.541,0.84839,0.84857,1.12,1.37
2016.03.22 08:35:06.061,0.84838,0.84858,1.10,1.87
2016.03.22 08:35:06.756,0.84838,0.84856,1.85,1.00
2016.03.22 08:35:07.464,0.8484,0.84858,1.50,1.12
2016.03.22 08:35:08.007,0.8484,0.84857,1.87,1.00
2016.03.22 08:35:08.158,0.84837,0.84857,2.32,1.75
2016.03.22 08:35:08.209,0.84837,0.84856,1.10,1.37
2016.03.22 08:35:08.361,0.84836,0.84856,2.25,1.20
2016.03.22 08:35:08.884,0.84836,0.84853,1.54,1.37
2016.03.22 08:35:09.373,0.84834,0.84853,1.57,1.37
2016.03.22 08:35:09.694,0.84834,0.84853,1.20,1.37
2016.03.22 08:35:09.997,0.84836,0.84853,1.37,1.37
2016.03.22 08:35:10.313,0.84839,0.84856,1.50,1.39
2016.03.22 08:35:10.617,0.84848,0.84862,1.37,1.01
2016.03.22 08:35:10.718,0.8485,0.84866,1.10,1.01
2016.03.22 08:35:10.971,0.84851,0.84868,1.12,3.15
2016.03.22 08:35:11.937,0.84851,0.84868,1.50,2.78
2016.03.22 08:35:12.039,0.84851,0.84871,1.37,1.37
2016.03.22 08:35:12.574,0.84851,0.84871,1.00,1.12
2016.03.22 08:35:14.750,0.8485,0.84868,1.57,1.37
2016.03.22 08:35:15.052,0.84851,0.84868,1.00,1.12
2016.03.22 08:35:15.104,0.84849,0.84866,1.10,1.37
2016.03.22 08:35:15.613,0.84848,0.84867,2.25,1.37
2016.03.22 08:35:16.017,0.8485,0.84869,1.20,1.37
2016.03.22 08:35:16.787,0.84849,0.84869,1.37,1.12
2016.03.22 08:35:18.191,0.84851,0.84867,1.00,1.12
2016.03.22 08:35:18.706,0.8485,0.84867,1.50,1.12
2016.03.22 08:35:19.450,0.84851,0.84867,1.50,1.12
2016.03.22 08:35:19.754,0.84851,0.84868,1.87,1.37
2016.03.22 08:35:20.242,0.84853,0.84871,1.50,1.37
2016.03.22 08:35:20.598,0.84852,0.84871,1.12,1.37
2016.03.22 08:35:21.104,0.84853,0.84871,1.20,1.37
2016.03.22 08:35:21.635,0.84854,0.84871,1.00,1.37
2016.03.22 08:35:21.838,0.84857,0.84871,1.00,1.37
2016.03.22 08:35:22.090,0.84858,0.84875,1.12,1.37
2016.03.22 08:35:22.290,0.84859,0.84876,1.10,1.00
2016.03.22 08:35:22.813,0.84859,0.84876,1.12,1.00
2016.03.22 08:35:22.965,0.84859,0.84876,1.50,1.00
2016.03.22 08:35:23.066,0.84859,0.84876,1.87,1.00
2016.03.22 08:35:23.473,0.8486,0.84876,1.47,1.00
2016.03.22 08:35:23.575,0.84861,0.84876,1.00,1.00
2016.03.22 08:35:24.114,0.84859,0.84878,2.25,1.87
2016.03.22 08:35:24.165,0.84858,0.84876,1.87,1.87
2016.03.22 08:35:24.215,0.84856,0.84876,2.25,1.87
2016.03.22 08:35:24.368,0.84857,0.84874,1.00,1.12
2016.03.22 08:35:24.790,0.84858,0.84876,1.12,1.87
2016.03.22 08:35:24.892,0.84858,0.84874,1.00,1.12
2016.03.22 08:35:24.993,0.84858,0.84875,1.00,1.37
2016.03.22 08:35:25.544,0.84857,0.84875,1.00,1.37
2016.03.22 08:35:26.048,0.84859,0.84877,1.00,1.87
2016.03.22 08:35:26.200,0.8486,0.84877,1.00,1.00
2016.03.22 08:35:26.772,0.84861,0.84877,1.00,1.00
2016.03.22 08:35:27.091,0.84862,0.84881,1.00,1.12
2016.03.22 08:35:28.063,0.84862,0.84881,1.30,1.12
2016.03.22 08:35:28.467,0.84859,0.84877,1.50,1.12
2016.03.22 08:35:28.771,0.84859,0.84878,2.18,1.87
2016.03.22 08:35:29.318,0.84859,0.84876,1.30,1.00
2016.03.22 08:35:30.177,0.84858,0.84876,1.40,1.50
2016.03.22 08:35:30.471,0.84857,0.84875,1.43,1.87
2016.03.22 08:35:31.667,0.84859,0.84874,1.23,1.87
2016.03.22 08:35:33.096,0.8486,0.84875,1.23,1.12
2016.03.22 08:35:33.987,0.84861,0.84875,1.54,1.12
2016.03.22 08:35:34.786,0.8486,0.84875,3.39,1.12
2016.03.22 08:35:35.517,0.8486,0.84874,3.39,1.12
2016.03.22 08:35:35.720,0.8486,0.84875,3.39,1.87
2016.03.22 08:35:36.301,0.84862,0.84875,3.39,1.87
2016.03.22 08:35:36.905,0.84862,0.84874,3.39,1.87
2016.03.22 08:35:37.916,0.84859,0.84872,3.39,1.87
2016.03.22 08:35:38.419,0.84859,0.84869,3.39,1.00
2016.03.22 08:35:38.723,0.84859,0.84867,3.39,1.87
2016.03.22 08:35:38.824,0.8486,0.84869,3.39,1.37
2016.03.22 08:35:39.618,0.84859,0.84869,3.75,1.37
2016.03.22 08:35:39.719,0.84855,0.84869,3.75,1.37
2016.03.22 08:35:40.075,0.84855,0.84869,4.72,1.37
2016.03.22 08:35:40.227,0.8486,0.8488,1.37,1.95
2016.03.22 08:35:40.335,0.84862,0.8488,1.12,1.00
2016.03.22 08:35:40.488,0.8487,0.84882,3.75,1.37
2016.03.22 08:35:40.640,0.8487,0.84885,3.75,1.00
2016.03.22 08:35:40.742,0.8487,0.84887,3.75,1.12
2016.03.22 08:35:41.519,0.8487,0.84889,4.50,1.00
2016.03.22 08:35:41.570,0.8487,0.84889,5.62,1.00
2016.03.22 08:35:41.672,0.8487,0.84891,6.07,1.12
2016.03.22 08:35:42.177,0.8487,0.84889,6.37,1.00
2016.03.22 08:35:42.829,0.84872,0.84892,3.75,1.00
2016.03.22 08:35:43.335,0.84872,0.84891,4.20,1.00
2016.03.22 08:35:43.487,0.84871,0.84889,4.50,1.00
2016.03.22 08:35:43.885,0.84871,0.84891,3.75,1.20
2016.03.22 08:35:43.936,0.84871,0.84889,3.75,1.00
2016.03.22 08:35:44.239,0.84871,0.84886,3.75,1.95
2016.03.22 08:35:44.441,0.84873,0.84895,1.72,1.37
2016.03.22 08:35:44.492,0.84877,0.84896,1.10,1.37
2016.03.22 08:35:44.841,0.84884,0.84897,1.12,1.00
2016.03.22 08:35:45.095,0.84885,0.84904,1.57,1.00
2016.03.22 08:35:45.196,0.84885,0.84907,1.57,2.62
2016.03.22 08:35:46.313,0.84887,0.84907,3.75,1.57
2016.03.22 08:35:46.841,0.84888,0.84907,1.00,1.57
2016.03.22 08:35:47.452,0.84888,0.84907,4.50,1.87
2016.03.22 08:35:47.985,0.84889,0.84907,1.00,1.87
2016.03.22 08:35:48.239,0.84889,0.84908,1.50,1.00
2016.03.22 08:35:48.593,0.84892,0.84909,1.00,1.20
2016.03.22 08:35:49.115,0.84892,0.84908,1.00,1.00
2016.03.22 08:35:49.621,0.84892,0.84909,1.00,1.20
2016.03.22 08:35:50.163,0.84893,0.84909,1.00,1.20
2016.03.22 08:35:50.896,0.84894,0.8491,3.75,2.25
2016.03.22 08:35:51.775,0.84894,0.84913,3.75,3.00
2016.03.22 08:35:51.876,0.84894,0.84913,3.75,1.12
2016.03.22 08:35:52.558,0.84897,0.84913,1.00,1.00
2016.03.22 08:35:52.864,0.84897,0.84916,1.12,1.12
2016.03.22 08:35:53.369,0.84897,0.84918,3.00,1.50
2016.03.22 08:35:53.420,0.84897,0.84918,3.37,1.10
2016.03.22 08:35:53.626,0.84898,0.84918,1.05,1.10
2016.03.22 08:35:53.930,0.84903,0.84924,2.92,2.25
2016.03.22 08:35:53.981,0.84906,0.84924,1.27,1.50
2016.03.22 08:35:54.133,0.84904,0.84926,1.42,2.25
2016.03.22 08:35:54.539,0.84906,0.84927,1.67,1.50
2016.03.22 08:35:55.752,0.84907,0.84928,1.47,5.25
2016.03.22 08:35:55.804,0.84907,0.84928,1.75,4.87
2016.03.22 08:35:55.907,0.84912,0.84928,1.26,1.12
2016.03.22 08:35:56.654,0.84912,0.84929,1.26,1.20
2016.03.22 08:35:56.705,0.84914,0.84931,3.75,2.25
2016.03.22 08:35:56.858,0.84914,0.84931,3.75,1.20
2016.03.22 08:35:57.060,0.84914,0.84933,3.75,1.10
2016.03.22 08:35:57.111,0.84914,0.8493,3.75,1.00
2016.03.22 08:35:57.617,0.84914,0.84929,3.75,1.50
2016.03.22 08:35:58.126,0.84915,0.84931,1.26,1.57
2016.03.22 08:35:58.648,0.84915,0.84931,1.26,1.00
2016.03.22 08:35:59.191,0.84915,0.84933,1.26,1.50
2016.03.22 08:35:59.702,0.84915,0.84934,1.26,1.10
2016.03.22 08:35:59.804,0.84917,0.84934,3.75,1.10
2016.03.22 08:36:00.341,0.84917,0.84936,4.12,1.87
2016.03.22 08:36:00.645,0.84918,0.84939,2.62,1.00
2016.03.22 08:36:00.747,0.84918,0.84932,1.87,1.00
2016.03.22 08:36:00.996,0.84918,0.84932,1.37,1.00
2016.03.22 08:36:01.097,0.84917,0.84932,4.12,1.00
2016.03.22 08:36:01.603,0.84916,0.84933,3.75,1.12
2016.03.22 08:36:02.308,0.84915,0.84933,1.54,1.12
2016.03.22 08:36:02.813,0.84915,0.84934,1.92,1.37
2016.03.22 08:36:02.864,0.84915,0.84934,2.29,1.00
2016.03.22 08:36:02.959,0.84915,0.84934,1.92,1.10
2016.03.22 08:36:03.061,0.84915,0.84935,1.92,1.87
2016.03.22 08:36:03.264,0.84915,0.84935,1.92,2.25
2016.03.22 08:36:03.365,0.84915,0.84932,1.92,1.12
2016.03.22 08:36:03.517,0.84913,0.84931,1.54,1.20
2016.03.22 08:36:03.871,0.84913,0.84933,2.37,1.10
2016.03.22 08:36:03.972,0.84914,0.84935,1.72,2.62
2016.03.22 08:36:04.174,0.84914,0.84935,2.10,1.12
2016.03.22 08:36:04.681,0.84914,0.84934,3.22,1.00
2016.03.22 08:36:05.254,0.84916,0.84935,2.74,1.37
2016.03.22 08:36:05.406,0.84917,0.84939,2.25,1.37
2016.03.22 08:36:05.608,0.84918,0.8494,2.25,1.12
2016.03.22 08:36:05.811,0.84919,0.84939,1.37,1.87
2016.03.22 08:36:06.139,0.84919,0.84936,1.37,1.00
2016.03.22 08:36:06.292,0.84917,0.84935,1.54,1.37
2016.03.22 08:36:06.596,0.84917,0.84933,1.54,1.50
2016.03.22 08:36:07.326,0.8492,0.84934,1.54,1.50
2016.03.22 08:36:07.429,0.8492,0.84939,1.54,1.87
2016.03.22 08:36:07.480,0.8492,0.8494,1.54,2.62
2016.03.22 08:36:07.990,0.8492,0.84942,2.67,1.75
2016.03.22 08:36:08.593,0.8492,0.84941,2.29,1.50
2016.03.22 08:36:08.644,0.84923,0.84941,1.54,1.50
2016.03.22 08:36:08.897,0.84924,0.84943,1.62,1.12
2016.03.22 08:36:09.400,0.84924,0.84944,1.92,1.87
2016.03.22 08:36:10.143,0.84928,0.84943,1.54,1.12
2016.03.22 08:36:10.735,0.84928,0.84942,1.54,1.00
2016.03.22 08:36:11.089,0.84928,0.8494,1.54,1.00
2016.03.22 08:36:11.341,0.84919,0.84935,1.54,1.95
2016.03.22 08:36:11.616,0.84919,0.84931,1.54,1.00
2016.03.22 08:36:12.022,0.84919,0.84933,1.54,1.00
2016.03.22 08:36:13.013,0.84919,0.84934,1.54,1.12
2016.03.22 08:36:13.518,0.84918,0.84935,1.92,1.00
2016.03.22 08:36:13.986,0.84918,0.84935,1.62,1.12
2016.03.22 08:36:14.290,0.84919,0.84938,1.92,2.25
2016.03.22 08:36:14.341,0.84919,0.84939,1.92,1.00
2016.03.22 08:36:14.442,0.8492,0.8494,1.50,1.00
2016.03.22 08:36:14.768,0.84924,0.84943,1.37,1.00
2016.03.22 08:36:15.274,0.84922,0.84942,1.87,1.00
2016.03.22 08:36:15.579,0.84919,0.84939,1.92,1.87
2016.03.22 08:36:15.934,0.84922,0.84943,1.37,1.00
2016.03.22 08:36:16.035,0.84923,0.84945,2.25,1.95
2016.03.22 08:36:16.086,0.84924,0.84945,1.37,1.87
2016.03.22 08:36:16.638,0.84928,0.84946,1.62,1.12
2016.03.22 08:36:17.172,0.84928,0.84946,1.92,1.12
2016.03.22 08:36:17.426,0.84928,0.84949,3.04,1.12
2016.03.22 08:36:17.477,0.84928,0.84947,3.04,1.00
2016.03.22 08:36:17.943,0.84931,0.84949,1.37,1.12
2016.03.22 08:36:18.946,0.84931,0.84948,1.37,1.00
2016.03.22 08:36:19.047,0.84932,0.84949,1.50,1.12
2016.03.22 08:36:19.553,0.84933,0.8495,1.72,1.37
2016.03.22 08:36:19.654,0.84934,0.84951,1.37,1.00
2016.03.22 08:36:19.705,0.84935,0.84953,1.75,1.00
2016.03.22 08:36:20.253,0.84936,0.84954,1.75,1.50
2016.03.22 08:36:20.685,0.84935,0.84953,1.50,1.00
2016.03.22 08:36:20.838,0.84936,0.84956,1.75,1.00
2016.03.22 08:36:20.889,0.84937,0.84957,1.87,1.00
2016.03.22 08:36:21.395,0.84939,0.84956,1.50,1.00
2016.03.22 08:36:21.749,0.84939,0.84959,3.42,1.50
2016.03.22 08:36:21.902,0.84942,0.84959,1.12,1.00
2016.03.22 08:36:22.430,0.84942,0.84959,1.12,1.00
2016.03.22 08:36:22.531,0.84942,0.84959,1.50,1.00
2016.03.22 08:36:23.042,0.84943,0.84959,1.50,1.00
2016.03.22 08:36:23.144,0.84945,0.84961,1.27,1.50
2016.03.22 08:36:23.348,0.84949,0.84965,1.12,1.00
2016.03.22 08:36:23.399,0.84949,0.84968,1.12,1.87
2016.03.22 08:36:23.450,0.84948,0.84964,1.50,1.00
2016.03.22 08:36:23.501,0.84949,0.84967,1.37,1.12
2016.03.22 08:36:23.855,0.84951,0.84966,1.04,1.00
2016.03.22 08:36:24.159,0.84949,0.84964,1.04,1.00
2016.03.22 08:36:24.704,0.84951,0.84963,1.28,1.00
2016.03.22 08:36:25.245,0.84946,0.84963,1.75,1.00
2016.03.22 08:36:25.501,0.84945,0.84966,5.63,1.37
2016.03.22 08:36:25.653,0.84949,0.84971,1.50,1.87
2016.03.22 08:36:25.856,0.8495,0.84968,1.75,1.00
2016.03.22 08:36:25.959,0.84949,0.84969,1.50,1.37
2016.03.22 08:36:26.162,0.84953,0.84972,2.10,3.75
2016.03.22 08:36:26.458,0.84958,0.84976,3.45,1.00
2016.03.22 08:36:26.614,0.84958,0.84976,4.13,1.00
2016.03.22 08:36:26.970,0.84959,0.84978,1.27,1.00
2016.03.22 08:36:27.274,0.84959,0.84978,2.10,1.00
2016.03.22 08:36:27.632,0.84964,0.84981,2.78,1.87
2016.03.22 08:36:28.159,0.84964,0.84981,3.15,1.00
2016.03.22 08:36:29.465,0.84965,0.84981,2.85,1.50
2016.03.22 08:36:29.921,0.84965,0.84984,3.15,1.50
2016.03.22 08:36:30.175,0.84969,0.84986,2.78,1.87
2016.03.22 08:36:30.479,0.84969,0.84984,2.78,1.37
2016.03.22 08:36:30.580,0.84969,0.84985,2.78,1.00
2016.03.22 08:36:31.195,0.84969,0.84987,2.24,1.50
2016.03.22 08:36:31.498,0.8497,0.84988,2.24,1.12
2016.03.22 08:36:32.583,0.84971,0.84989,3.75,1.87
2016.03.22 08:36:32.785,0.84971,0.84989,4.12,1.87
2016.03.22 08:36:33.113,0.84971,0.8499,4.12,1.00
2016.03.22 08:36:33.215,0.84971,0.84989,5.25,1.00
2016.03.22 08:36:33.518,0.84971,0.84984,4.50,1.00
2016.03.22 08:36:33.569,0.84971,0.84984,3.82,1.00
2016.03.22 08:36:34.078,0.84972,0.84989,1.05,1.00
2016.03.22 08:36:34.129,0.84973,0.84989,1.35,1.00
2016.03.22 08:36:34.433,0.84973,0.84989,1.10,1.50
2016.03.22 08:36:34.636,0.84971,0.84986,3.47,1.00
2016.03.22 08:36:34.788,0.84968,0.84986,1.12,1.00
2016.03.22 08:36:34.915,0.84968,0.84986,1.12,1.75
2016.03.22 08:36:35.118,0.84967,0.84988,1.50,1.50
2016.03.22 08:36:35.220,0.8497,0.84988,1.75,1.00
2016.03.22 08:36:35.525,0.84971,0.84986,1.37,1.00
2016.03.22 08:36:35.815,0.84967,0.84987,2.25,1.00
2016.03.22 08:36:36.220,0.84969,0.84989,1.75,1.00
2016.03.22 08:36:36.831,0.84969,0.84988,1.37,1.00
2016.03.22 08:36:37.089,0.84966,0.84986,1.90,1.00
2016.03.22 08:36:38.309,0.84966,0.84986,2.25,1.12
2016.03.22 08:36:38.512,0.84969,0.84988,1.35,1.00
2016.03.22 08:36:38.563,0.84975,0.84992,1.00,2.05
2016.03.22 08:36:38.865,0.8498,0.84993,1.37,1.54
2016.03.22 08:36:39.068,0.84978,0.84997,1.75,1.12
2016.03.22 08:36:39.171,0.84976,0.84996,1.75,1.50
2016.03.22 08:36:39.274,0.84974,0.84994,1.50,1.12
2016.03.22 08:36:39.580,0.84972,0.8499,1.75,1.12
2016.03.22 08:36:39.733,0.84969,0.84989,3.75,1.00
2016.03.22 08:36:39.834,0.8497,0.84986,1.12,1.00
2016.03.22 08:36:40.037,0.84969,0.84987,2.32,1.12
2016.03.22 08:36:40.544,0.8497,0.84987,2.16,1.00
2016.03.22 08:36:41.053,0.84967,0.84989,2.25,1.50
2016.03.22 08:36:41.206,0.84972,0.84989,1.00,1.00
2016.03.22 08:36:41.515,0.84967,0.84984,1.37,1.00
2016.03.22 08:36:42.039,0.84967,0.84984,1.50,1.00
2016.03.22 08:36:42.339,0.84966,0.84984,1.37,1.00
2016.03.22 08:36:42.441,0.84967,0.84987,1.27,1.00
2016.03.22 08:36:42.543,0.84968,0.84989,1.50,2.13
2016.03.22 08:36:42.594,0.84968,0.84989,1.87,2.05
2016.03.22 08:36:42.948,0.84968,0.84987,1.87,1.00
2016.03.22 08:36:43.281,0.84968,0.84987,1.37,1.87
2016.03.22 08:36:43.585,0.84968,0.84983,1.37,1.00
2016.03.22 08:36:43.788,0.84962,0.84982,2.10,1.12
2016.03.22 08:36:43.991,0.84963,0.84982,1.37,1.12
2016.03.22 08:36:44.305,0.84963,0.84982,1.75,1.12
2016.03.22 08:36:44.813,0.84965,0.84985,1.37,1.50
2016.03.22 08:36:45.016,0.84965,0.84986,1.75,1.50
2016.03.22 08:36:45.343,0.84963,0.84982,2.25,1.12
2016.03.22 08:36:45.648,0.84961,0.84979,1.50,1.00
2016.03.22 08:36:45.953,0.84961,0.84978,1.37,1.87
2016.03.22 08:36:46.206,0.84957,0.84976,2.25,1.00
2016.03.22 08:36:46.626,0.8496,0.84975,1.50,1.00
2016.03.22 08:36:46.778,0.84958,0.84975,1.37,1.00
2016.03.22 08:36:47.339,0.84956,0.84973,1.50,1.00
2016.03.22 08:36:47.946,0.84956,0.84972,1.37,1.00
2016.03.22 08:36:48.047,0.84955,0.84974,1.50,1.00
2016.03.22 08:36:48.098,0.84955,0.84973,1.12,1.00
2016.03.22 08:36:48.150,0.84955,0.84976,1.12,1.87
2016.03.22 08:36:48.202,0.84957,0.84976,1.12,1.87
2016.03.22 08:36:48.493,0.84958,0.84977,1.12,1.00
2016.03.22 08:36:48.544,0.84958,0.84977,1.50,1.12
2016.03.22 08:36:48.798,0.84962,0.84981,1.50,2.05
2016.03.22 08:36:49.004,0.84963,0.84981,1.12,1.30
2016.03.22 08:36:49.215,0.84963,0.84978,1.12,1.00
2016.03.22 08:36:49.624,0.84964,0.84981,1.87,1.00
2016.03.22 08:36:49.827,0.84965,0.84983,1.87,1.37
2016.03.22 08:36:50.226,0.84967,0.84984,1.75,1.50
2016.03.22 08:36:50.383,0.84966,0.84982,1.37,1.00
2016.03.22 08:36:50.788,0.84967,0.84986,1.50,1.87
2016.03.22 08:36:50.839,0.84967,0.84986,1.87,1.87
2016.03.22 08:36:52.217,0.84968,0.84986,1.50,1.90
2016.03.22 08:36:53.354,0.84968,0.84986,1.75,1.40
2016.03.22 08:36:54.206,0.84968,0.84985,1.75,1.01
2016.03.22 08:36:55.277,0.84969,0.84986,1.87,1.00
2016.03.22 08:36:55.530,0.8497,0.84987,1.00,1.12
2016.03.22 08:36:55.682,0.8497,0.84987,1.50,1.12
2016.03.22 08:36:56.182,0.8497,0.84985,1.37,1.50
2016.03.22 08:36:56.696,0.84968,0.84985,1.87,1.50
2016.03.22 08:36:57.111,0.8497,0.8499,1.87,1.37
2016.03.22 08:36:57.162,0.84972,0.84989,1.10,1.75
2016.03.22 08:36:57.466,0.8497,0.84988,1.87,1.87
2016.03.22 08:36:57.771,0.8497,0.84987,1.75,1.12
2016.03.22 08:36:58.656,0.8497,0.84986,1.75,1.75
2016.03.22 08:36:58.757,0.84969,0.84985,1.37,1.37
2016.03.22 08:36:59.314,0.84967,0.84984,1.37,1.50
2016.03.22 08:36:59.516,0.84967,0.84982,1.12,1.00
2016.03.22 08:37:00.047,0.84963,0.84982,1.87,2.25
2016.03.22 08:37:00.149,0.84963,0.84979,1.87,1.00
2016.03.22 08:37:00.199,0.84963,0.84979,1.50,1.00
2016.03.22 08:37:00.381,0.84962,0.84978,1.37,1.37
2016.03.22 08:37:00.482,0.8496,0.84978,1.10,1.50
2016.03.22 08:37:00.988,0.8496,0.84977,1.12,1.00
2016.03.22 08:37:01.449,0.84958,0.84975,1.50,1.00
2016.03.22 08:37:01.601,0.84957,0.84975,1.37,1.00
2016.03.22 08:37:02.023,0.84957,0.84975,2.25,1.00
2016.03.22 08:37:03.053,0.8496,0.84977,1.72,1.37
2016.03.22 08:37:03.155,0.84961,0.84979,1.67,1.87
2016.03.22 08:37:03.257,0.84961,0.84979,1.87,1.37
2016.03.22 08:37:03.804,0.84963,0.8498,1.37,1.37
2016.03.22 08:37:03.957,0.84963,0.84982,2.62,1.37
2016.03.22 08:37:04.211,0.84963,0.84981,2.25,1.75
2016.03.22 08:37:04.364,0.84963,0.84981,1.50,1.87
2016.03.22 08:37:05.121,0.84962,0.84978,1.37,1.00
2016.03.22 08:37:05.793,0.84962,0.84978,1.50,1.00
2016.03.22 08:37:05.945,0.84965,0.84981,1.12,1.37
2016.03.22 08:37:06.046,0.84965,0.84984,1.50,1.12
2016.03.22 08:37:06.098,0.84965,0.84984,1.87,1.12
2016.03.22 08:37:06.251,0.84967,0.84984,1.50,1.00
2016.03.22 08:37:06.555,0.84966,0.84984,1.37,1.50
2016.03.22 08:37:07.108,0.84966,0.84983,1.37,1.00
2016.03.22 08:37:07.661,0.84966,0.84983,1.12,1.00
2016.03.22 08:37:08.203,0.84966,0.84984,1.75,1.00
2016.03.22 08:37:09.090,0.84968,0.84985,1.10,1.37
2016.03.22 08:37:09.141,0.84968,0.84987,1.57,1.50
2016.03.22 08:37:09.192,0.84971,0.84987,1.87,1.00
2016.03.22 08:37:09.496,0.84972,0.84989,1.87,3.90
2016.03.22 08:37:10.114,0.84972,0.84989,1.87,1.12
2016.03.22 08:37:11.075,0.84972,0.84989,1.50,1.12
2016.03.22 08:37:12.159,0.84972,0.84989,1.37,1.12
2016.03.22 08:37:12.602,0.84972,0.84988,1.12,1.87
2016.03.22 08:37:12.704,0.84969,0.84988,1.87,1.87
2016.03.22 08:37:12.956,0.8497,0.84988,1.37,1.87
2016.03.22 08:37:13.427,0.8497,0.84988,1.75,1.00
2016.03.22 08:37:15.752,0.84971,0.84987,1.37,1.00
2016.03.22 08:37:15.854,0.8497,0.84985,1.75,1.12
2016.03.22 08:37:15.905,0.84968,0.84985,1.12,1.12
2016.03.22 08:37:15.956,0.84967,0.84985,1.37,1.37
2016.03.22 08:37:16.612,0.84967,0.84987,2.25,1.87
2016.03.22 08:37:17.118,0.84969,0.84986,1.12,1.12
2016.03.22 08:37:17.219,0.84969,0.84985,1.12,1.50
2016.03.22 08:37:17.734,0.84967,0.84984,1.12,1.12
2016.03.22 08:37:17.785,0.84966,0.84984,2.62,1.12
2016.03.22 08:37:18.311,0.84966,0.84983,1.87,1.00
2016.03.22 08:37:19.104,0.84966,0.84984,2.62,1.12
2016.03.22 08:37:19.307,0.84967,0.84985,1.87,1.50
2016.03.22 08:37:19.409,0.84967,0.84985,1.50,1.50
2016.03.22 08:37:19.918,0.84966,0.84984,1.75,1.12
2016.03.22 08:37:20.845,0.8497,0.84986,1.75,1.12
2016.03.22 08:37:20.948,0.84972,0.8499,1.12,2.05
2016.03.22 08:37:21.100,0.84972,0.8499,2.62,1.30
2016.03.22 08:37:21.606,0.84972,0.84989,2.25,1.00
2016.03.22 08:37:22.192,0.84972,0.84989,2.25,1.37
2016.03.22 08:37:22.394,0.84971,0.84987,1.12,1.00
2016.03.22 08:37:22.647,0.8497,0.84987,1.37,2.25
2016.03.22 08:37:23.182,0.84969,0.84987,1.87,1.87
2016.03.22 08:37:23.485,0.8497,0.84989,2.47,1.87
2016.03.22 08:37:23.992,0.84972,0.84987,1.87,1.00
2016.03.22 08:37:24.043,0.84971,0.84987,2.25,1.75
2016.03.22 08:37:24.144,0.84971,0.84987,1.87,1.75
2016.03.22 08:37:24.449,0.84969,0.84985,1.50,1.75
2016.03.22 08:37:24.958,0.84969,0.84987,1.50,1.37
2016.03.22 08:37:25.152,0.84972,0.8499,1.12,1.75
2016.03.22 08:37:25.355,0.84974,0.84992,1.50,4.04
2016.03.22 08:37:25.457,0.84974,0.84992,1.87,4.15
2016.03.22 08:37:25.971,0.84974,0.84991,1.12,1.90
2016.03.22 08:37:26.392,0.84974,0.84991,1.12,1.40
2016.03.22 08:37:26.443,0.84973,0.84991,2.25,1.40
2016.03.22 08:37:26.949,0.84979,0.84995,1.12,1.02
2016.03.22 08:37:27.781,0.84977,0.84995,3.00,1.02
2016.03.22 08:37:28.555,0.84982,0.84998,1.37,4.52
2016.03.22 08:37:28.758,0.84983,0.84998,1.37,1.37
2016.03.22 08:37:28.810,0.84984,0.84999,1.12,3.53
2016.03.22 08:37:28.861,0.84985,0.84999,1.97,3.15
2016.03.22 08:37:28.963,0.84986,0.85004,1.35,1.12
2016.03.22 08:37:29.014,0.84987,0.85005,1.67,1.37
2016.03.22 08:37:29.428,0.84986,0.85005,1.35,1.87
2016.03.22 08:37:29.479,0.84986,0.85002,1.27,1.00
2016.03.22 08:37:30.027,0.84984,0.85002,2.47,1.00
2016.03.22 08:37:30.802,0.84985,0.85001,1.12,1.12
2016.03.22 08:37:31.005,0.84986,0.85004,1.50,1.37
2016.03.22 08:37:31.531,0.84986,0.85004,1.50,1.37
2016.03.22 08:37:32.623,0.84985,0.85004,2.25,1.37
2016.03.22 08:37:32.978,0.84987,0.85006,1.35,1.37
2016.03.22 08:37:33.029,0.84986,0.85006,2.85,1.87
2016.03.22 08:37:33.081,0.84988,0.85004,1.75,1.37
2016.03.22 08:37:33.233,0.84988,0.85004,1.12,1.37
2016.03.22 08:37:33.635,0.84986,0.85004,1.05,1.37
2016.03.22 08:37:34.293,0.84986,0.85004,1.07,1.37
2016.03.22 08:37:34.394,0.84986,0.85004,1.05,1.37
2016.03.22 08:37:34.692,0.84986,0.85004,1.72,1.37
2016.03.22 08:37:35.200,0.84988,0.85006,1.75,1.12
2016.03.22 08:37:35.402,0.84987,0.85005,1.87,1.12
2016.03.22 08:37:35.722,0.8499,0.85006,1.10,1.87
2016.03.22 08:37:35.824,0.84989,0.85004,1.50,1.37
2016.03.22 08:37:35.926,0.84989,0.85005,1.47,1.00
2016.03.22 08:37:36.027,0.84987,0.85006,2.25,1.12
2016.03.22 08:37:36.556,0.84987,0.85007,2.25,1.87
2016.03.22 08:37:37.563,0.84989,0.85007,2.10,1.37
2016.03.22 08:37:37.615,0.8499,0.85009,1.87,1.37
2016.03.22 08:37:37.717,0.84993,0.85011,1.12,1.50
2016.03.22 08:37:38.124,0.84991,0.8501,2.25,1.50
2016.03.22 08:37:38.611,0.84989,0.85006,1.50,1.00
2016.03.22 08:37:38.914,0.84991,0.85008,1.12,1.12
2016.03.22 08:37:39.634,0.84992,0.8501,1.20,1.12
2016.03.22 08:37:39.938,0.84988,0.85005,1.12,1.50
2016.03.22 08:37:42.062,0.84988,0.85006,1.50,1.12
2016.03.22 08:37:43.436,0.84989,0.85008,1.57,1.12
2016.03.22 08:37:43.538,0.84991,0.8501,1.80,1.87
2016.03.22 08:37:43.639,0.84992,0.85011,2.10,1.87
2016.03.22 08:37:43.842,0.84995,0.85013,1.50,1.50
2016.03.22 08:37:43.944,0.84997,0.85014,1.10,2.54
2016.03.22 08:37:44.045,0.84998,0.85014,1.75,2.16
2016.03.22 08:37:44.353,0.84998,0.85014,1.75,2.16
2016.03.22 08:37:44.606,0.84999,0.85018,1.12,1.75
2016.03.22 08:37:44.758,0.84998,0.85015,1.50,1.00
2016.03.22 08:37:44.859,0.84998,0.85018,2.85,1.50
2016.03.22 08:37:45.381,0.84999,0.85018,1.50,1.50
2016.03.22 08:37:45.903,0.84999,0.85018,1.37,1.50
2016.03.22 08:37:46.333,0.84999,0.85015,1.87,1.37
2016.03.22 08:37:46.435,0.85,0.85018,1.35,1.12
2016.03.22 08:37:46.940,0.85002,0.85018,1.10,1.12
2016.03.22 08:37:48.254,0.85002,0.85019,1.20,1.37
2016.03.22 08:37:48.355,0.85004,0.85019,1.00,1.00
2016.03.22 08:37:48.507,0.85004,0.85022,1.87,1.37
2016.03.22 08:37:48.558,0.85007,0.85023,1.72,1.87
2016.03.22 08:37:48.868,0.85016,0.85024,1.00,3.15
2016.03.22 08:37:48.970,0.85014,0.85024,1.00,3.15
2016.03.22 08:37:49.021,0.85014,0.85024,1.00,1.01
2016.03.22 08:37:49.579,0.85013,0.85025,1.00,4.12
2016.03.22 08:37:49.782,0.85013,0.85024,1.00,1.01
2016.03.22 08:37:49.986,0.85015,0.85024,1.00,1.64
2016.03.22 08:37:50.647,0.85014,0.85025,1.00,1.64
2016.03.22 08:37:50.952,0.85012,0.85024,1.00,1.39
2016.03.22 08:37:51.357,0.85009,0.85022,1.00,2.25
2016.03.22 08:37:51.870,0.85008,0.8502,1.00,1.37
2016.03.22 08:37:52.275,0.85011,0.8502,1.00,1.37
2016.03.22 08:37:52.427,0.85013,0.85022,1.00,1.00
2016.03.22 08:37:52.656,0.85015,0.85025,1.00,1.01
2016.03.22 08:37:52.960,0.85018,0.85027,1.00,1.01
2016.03.22 08:37:53.778,0.85018,0.85031,1.00,1.01
2016.03.22 08:37:54.286,0.85019,0.85032,1.00,2.51
2016.03.22 08:37:54.642,0.85017,0.8503,1.00,1.64
2016.03.22 08:37:54.693,0.85017,0.85029,1.00,1.39
2016.03.22 08:37:55.048,0.8502,0.85028,1.00,1.12
2016.03.22 08:37:55.150,0.8502,0.85029,1.00,1.39
2016.03.22 08:37:55.475,0.85024,0.85032,1.00,1.64
2016.03.22 08:37:56.184,0.85023,0.85033,1.00,1.01
2016.03.22 08:37:56.285,0.85023,0.85033,1.00,1.01
2016.03.22 08:37:57.387,0.85026,0.85034,1.00,1.01
2016.03.22 08:37:57.488,0.85024,0.85036,1.00,1.39
2016.03.22 08:37:57.777,0.85026,0.85036,1.00,1.01
2016.03.22 08:37:58.283,0.85027,0.85039,1.00,1.02
2016.03.22 08:37:58.795,0.85023,0.85037,1.00,2.89
2016.03.22 08:37:58.849,0.85021,0.85036,1.10,1.87
2016.03.22 08:37:58.951,0.85023,0.85036,1.00,1.37
2016.03.22 08:37:59.254,0.85027,0.85037,1.00,1.02
2016.03.22 08:37:59.811,0.85027,0.85038,1.00,2.38
2016.03.22 08:38:00.115,0.85029,0.85038,1.00,1.63
2016.03.22 08:38:00.419,0.85029,0.85036,1.00,1.26
2016.03.22 08:38:00.521,0.85026,0.85035,1.00,1.12
2016.03.22 08:38:00.622,0.85023,0.85035,1.00,1.12
2016.03.22 08:38:01.145,0.85024,0.85033,1.00,1.37
2016.03.22 08:38:01.651,0.85023,0.85033,1.00,1.55
2016.03.22 08:38:02.115,0.85025,0.85034,1.00,1.26
2016.03.22 08:38:02.471,0.85027,0.85034,1.00,1.26
2016.03.22 08:38:02.998,0.85023,0.85033,1.00,1.63
2016.03.22 08:38:03.302,0.8502,0.85031,1.00,1.87
2016.03.22 08:38:03.607,0.85016,0.85025,1.00,1.12
2016.03.22 08:38:04.135,0.85016,0.85023,1.00,1.63
2016.03.22 08:38:04.593,0.85013,0.85022,1.00,1.26
2016.03.22 08:38:05.103,0.85012,0.8502,1.00,1.00
2016.03.22 08:38:05.609,0.85012,0.85022,1.00,1.63
2016.03.22 08:38:06.286,0.85013,0.85022,1.00,1.63
2016.03.22 08:38:06.488,0.85015,0.85022,1.00,1.63
2016.03.22 08:38:06.691,0.85013,0.85022,1.00,1.63
2016.03.22 08:38:06.994,0.85015,0.85022,1.00,1.26
2016.03.22 08:38:07.497,0.85013,0.85024,1.00,1.50
2016.03.22 08:38:07.700,0.85011,0.85023,1.00,1.87
2016.03.22 08:38:07.802,0.85009,0.85021,1.00,1.50
2016.03.22 08:38:07.903,0.85006,0.85019,1.00,1.00
2016.03.22 08:38:08.005,0.85009,0.85021,1.00,4.87
2016.03.22 08:38:08.157,0.85009,0.85021,1.00,1.87
2016.03.22 08:38:08.416,0.85011,0.85022,1.00,1.37
2016.03.22 08:38:08.619,0.85009,0.85022,1.00,1.87
2016.03.22 08:38:08.670,0.85009,0.85019,1.00,1.00
2016.03.22 08:38:09.024,0.85007,0.85019,1.00,1.00
2016.03.22 08:38:09.563,0.85008,0.85018,1.00,1.00
2016.03.22 08:38:10.131,0.85009,0.85018,1.00,1.00
2016.03.22 08:38:11.297,0.85009,0.85018,1.00,1.37
2016.03.22 08:38:11.827,0.85008,0.85017,1.00,1.12
2016.03.22 08:38:11.980,0.85009,0.85019,1.00,1.12
2016.03.22 08:38:12.031,0.85011,0.85019,1.00,1.12
2016.03.22 08:38:13.249,0.85011,0.8502,1.00,1.12
2016.03.22 08:38:13.817,0.8501,0.8502,1.00,1.12
2016.03.22 08:38:14.122,0.85012,0.8502,1.00,1.12
2016.03.22 08:38:14.426,0.85015,0.8502,1.00,1.12
2016.03.22 08:38:14.579,0.85014,0.85023,1.00,1.12
2016.03.22 08:38:15.142,0.85015,0.85025,1.00,1.01
2016.03.22 08:38:15.728,0.85016,0.85025,1.00,1.01
2016.03.22 08:38:16.258,0.85017,0.85025,1.00,1.01
2016.03.22 08:38:16.562,0.8502,0.85027,1.00,1.01
2016.03.22 08:38:17.070,0.8502,0.8503,1.00,1.76
2016.03.22 08:38:17.677,0.85021,0.8503,1.00,1.77
2016.03.22 08:38:18.082,0.85019,0.85029,1.00,1.02
2016.03.22 08:38:18.277,0.85016,0.85028,1.10,1.00
2016.03.22 08:38:18.378,0.85014,0.85026,1.87,1.00
2016.03.22 08:38:18.682,0.85012,0.85022,1.37,1.00
2016.03.22 08:38:18.733,0.85012,0.85022,1.00,1.00
2016.03.22 08:38:19.472,0.85012,0.85024,1.00,1.00
2016.03.22 08:38:19.675,0.85014,0.85024,1.00,1.00
2016.03.22 08:38:19.928,0.85019,0.85031,1.00,1.00
2016.03.22 08:38:20.655,0.85018,0.8503,1.10,1.00
2016.03.22 08:38:20.756,0.85016,0.85028,1.37,1.00
2016.03.22 08:38:22.177,0.85016,0.85027,1.37,1.64
2016.03.22 08:38:22.690,0.8501,0.85022,1.75,1.00
2016.03.22 08:38:22.994,0.85011,0.85017,1.00,1.00
2016.03.22 08:38:23.301,0.85009,0.8502,1.75,1.00
2016.03.22 08:38:23.807,0.85015,0.85019,1.00,1.00
2016.03.22 08:38:24.061,0.8501,0.85017,1.00,1.00
2016.03.22 08:38:24.365,0.85006,0.85013,1.00,1.12
2016.03.22 08:38:24.909,0.85004,0.85012,1.00,1.12
2016.03.22 08:38:25.418,0.85005,0.85013,1.00,1.76
2016.03.22 08:38:25.818,0.85009,0.85015,1.00,1.39
2016.03.22 08:38:26.892,0.85014,0.85025,1.75,1.00
2016.03.22 08:38:27.827,0.85015,0.85027,1.50,1.12
2016.03.22 08:38:28.334,0.85019,0.85028,1.00,1.12
2016.03.22 08:38:28.841,0.85014,0.85027,1.75,1.87
2016.03.22 08:38:29.739,0.85014,0.85027,1.10,1.87
2016.03.22 08:38:29.992,0.85013,0.85025,1.00,1.12
2016.03.22 08:38:30.044,0.85013,0.85026,1.00,1.50
2016.03.22 08:38:30.552,0.85012,0.85026,1.00,1.50
2016.03.22 08:38:31.139,0.85013,0.85027,1.00,2.51
2016.03.22 08:38:31.496,0.85011,0.85025,1.00,1.12
2016.03.22 08:38:31.699,0.85009,0.85023,1.10,1.00
2016.03.22 08:38:32.003,0.85012,0.85025,1.00,1.37
2016.03.22 08:38:32.315,0.85014,0.85025,1.00,1.37
2016.03.22 08:38:32.417,0.85015,0.85027,1.00,1.39
2016.03.22 08:38:32.974,0.85014,0.85027,1.00,1.39
2016.03.22 08:38:33.653,0.85016,0.85027,1.00,1.39
2016.03.22 08:38:33.957,0.85018,0.85027,1.00,1.01
2016.03.22 08:38:34.467,0.85026,0.85033,1.00,3.75
2016.03.22 08:38:34.957,0.85028,0.85033,1.00,3.75
2016.03.22 08:38:35.008,0.85028,0.85038,1.00,1.76
2016.03.22 08:38:36.529,0.85028,0.85039,1.00,1.01
2016.03.22 08:38:36.760,0.8503,0.8504,1.00,1.01
2016.03.22 08:38:37.168,0.85032,0.85042,1.00,1.64
2016.03.22 08:38:37.959,0.85033,0.85042,1.00,1.64
2016.03.22 08:38:38.271,0.85033,0.85042,1.00,1.39
2016.03.22 08:38:39.557,0.85032,0.85042,1.00,1.00
2016.03.22 08:38:40.252,0.85033,0.85042,1.00,1.00
2016.03.22 08:38:41.183,0.85034,0.85042,1.00,1.00
2016.03.22 08:38:41.706,0.85033,0.85042,1.00,1.00
2016.03.22 08:38:42.176,0.85035,0.85042,1.00,1.00
2016.03.22 08:38:43.352,0.85035,0.85045,1.00,1.37
2016.03.22 08:38:44.162,0.85034,0.85044,1.00,1.37
2016.03.22 08:38:44.466,0.85031,0.85041,1.00,1.37
2016.03.22 08:38:44.670,0.85029,0.8504,1.00,1.12
2016.03.22 08:38:44.818,0.85031,0.85041,1.00,1.37
2016.03.22 08:38:45.122,0.8503,0.85039,1.00,1.37
2016.03.22 08:38:45.376,0.8503,0.85041,1.00,2.62
2016.03.22 08:38:45.478,0.85032,0.85041,1.00,2.62
2016.03.22 08:38:45.782,0.85035,0.8504,1.00,1.00
2016.03.22 08:38:46.311,0.85033,0.8504,1.00,1.00
2016.03.22 08:38:47.009,0.85033,0.85042,1.00,1.00
2016.03.22 08:38:47.515,0.85034,0.85042,1.00,1.12
2016.03.22 08:38:48.182,0.85033,0.85042,1.00,1.12
2016.03.22 08:38:48.688,0.85032,0.85042,1.00,1.37
2016.03.22 08:38:49.093,0.85036,0.85043,1.00,1.47
2016.03.22 08:38:49.276,0.85037,0.85044,1.00,1.12
2016.03.22 08:38:49.680,0.85035,0.85045,1.00,1.37
2016.03.22 08:38:50.378,0.85035,0.85044,1.00,1.37
2016.03.22 08:38:50.430,0.85035,0.85043,1.00,1.12
2016.03.22 08:38:50.979,0.85034,0.85043,1.00,1.12
2016.03.22 08:38:51.150,0.85032,0.85044,1.00,1.20
2016.03.22 08:38:51.613,0.85031,0.85041,1.00,1.87
2016.03.22 08:38:51.715,0.85031,0.85041,1.00,1.50
2016.03.22 08:38:51.766,0.85026,0.85041,1.00,3.00
2016.03.22 08:38:52.275,0.85027,0.85039,1.00,2.25
2016.03.22 08:38:52.478,0.85031,0.85037,1.00,1.00
2016.03.22 08:38:53.086,0.85032,0.85037,1.00,1.00
2016.03.22 08:38:53.589,0.85032,0.85041,1.00,1.00
2016.03.22 08:38:54.246,0.85033,0.85041,1.00,1.00
2016.03.22 08:38:54.795,0.85034,0.85042,1.00,1.00
2016.03.22 08:38:55.250,0.85038,0.85042,1.00,1.00
2016.03.22 08:38:55.552,0.85045,0.85049,1.00,1.87
2016.03.22 08:38:56.540,0.85045,0.85054,1.00,1.00
2016.03.22 08:38:57.056,0.85046,0.85054,1.00,1.00
2016.03.22 08:38:57.360,0.85044,0.85054,1.00,1.00
2016.03.22 08:38:57.908,0.85044,0.85053,1.00,1.00
2016.03.22 08:38:58.417,0.85043,0.85053,1.00,1.00
2016.03.22 08:38:58.991,0.85046,0.85053,1.00,1.00
2016.03.22 08:38:59.266,0.85043,0.85055,1.00,1.63
2016.03.22 08:38:59.772,0.85042,0.85055,1.00,1.71
2016.03.22 08:39:00.457,0.85041,0.85055,1.00,2.46
2016.03.22 08:39:00.895,0.85041,0.85051,1.00,1.26
2016.03.22 08:39:01.466,0.8504,0.85051,1.00,1.26
2016.03.22 08:39:01.976,0.85041,0.85051,1.00,1.26
2016.03.22 08:39:02.281,0.85041,0.8505,1.00,1.13
2016.03.22 08:39:02.460,0.85039,0.8505,1.00,1.13
2016.03.22 08:39:02.992,0.85036,0.85049,1.00,1.26
2016.03.22 08:39:03.195,0.85033,0.85046,1.00,1.00
2016.03.22 08:39:03.600,0.85032,0.85045,1.00,1.33
2016.03.22 08:39:04.143,0.85031,0.85045,1.00,1.33
2016.03.22 08:39:04.497,0.85033,0.85045,1.00,1.33
2016.03.22 08:39:05.002,0.85033,0.85046,1.00,1.33
2016.03.22 08:39:05.509,0.85034,0.85046,1.00,1.26
2016.03.22 08:39:05.827,0.85034,0.85046,1.00,1.63
2016.03.22 08:39:06.340,0.85033,0.85045,1.00,1.63
2016.03.22 08:39:06.877,0.85032,0.85045,1.00,1.63
2016.03.22 08:39:07.412,0.85033,0.85045,1.00,1.63
2016.03.22 08:39:07.513,0.85033,0.85046,1.00,1.26
2016.03.22 08:39:08.048,0.85034,0.85046,1.00,1.26
2016.03.22 08:39:09.413,0.85034,0.85045,1.00,1.26
2016.03.22 08:39:11.489,0.85036,0.85045,1.00,1.26
2016.03.22 08:39:11.793,0.85038,0.85045,1.00,1.26
2016.03.22 08:39:11.945,0.85038,0.85049,1.00,1.26
2016.03.22 08:39:12.097,0.85036,0.85049,1.00,1.26
2016.03.22 08:39:13.151,0.85036,0.85047,1.00,1.26
2016.03.22 08:39:13.201,0.85039,0.85047,1.00,1.26
2016.03.22 08:39:13.538,0.85043,0.85047,1.00,1.12
2016.03.22 08:39:13.842,0.85046,0.8505,1.00,1.12
2016.03.22 08:39:14.349,0.85047,0.85052,1.00,1.12
2016.03.22 08:39:15.145,0.85047,0.8506,1.00,1.12
2016.03.22 08:39:15.494,0.8505,0.8506,1.00,1.12
2016.03.22 08:39:15.899,0.85052,0.8506,1.00,1.12
2016.03.22 08:39:15.950,0.85052,0.85066,1.00,1.10
2016.03.22 08:39:16.104,0.85052,0.85064,1.00,1.00
2016.03.22 08:39:16.307,0.85049,0.85064,1.00,1.87
2016.03.22 08:39:16.510,0.85046,0.85061,1.00,1.00
2016.03.22 08:39:17.027,0.85047,0.85061,1.00,1.00
2016.03.22 08:39:17.230,0.85045,0.8506,1.00,1.10
2016.03.22 08:39:17.768,0.85046,0.85059,1.00,1.00
2016.03.22 08:39:18.269,0.85045,0.85059,1.00,1.37
2016.03.22 08:39:18.587,0.85048,0.8506,1.00,1.10
2016.03.22 08:39:19.116,0.85048,0.85061,1.00,1.12
2016.03.22 08:39:19.623,0.85049,0.85062,1.00,1.00
2016.03.22 08:39:20.171,0.85049,0.85061,1.00,1.00
2016.03.22 08:39:20.677,0.85049,0.85062,1.00,1.50
2016.03.22 08:39:21.306,0.85049,0.85061,1.00,1.00
2016.03.22 08:39:21.814,0.8505,0.85062,1.00,1.00
2016.03.22 08:39:22.217,0.8505,0.8506,1.00,1.00
2016.03.22 08:39:22.622,0.85048,0.85061,1.00,1.00
2016.03.22 08:39:23.329,0.85049,0.85061,1.00,1.00
2016.03.22 08:39:23.794,0.85051,0.85063,1.00,1.95
2016.03.22 08:39:23.997,0.85053,0.85065,1.00,1.10
2016.03.22 08:39:24.200,0.85051,0.85064,1.00,1.50
2016.03.22 08:39:24.301,0.85042,0.85061,1.95,1.00
2016.03.22 08:39:24.582,0.8504,0.8506,3.78,1.00
2016.03.22 08:39:24.784,0.8504,0.85057,2.43,1.00
2016.03.22 08:39:24.987,0.85034,0.85052,1.20,2.62
2016.03.22 08:39:25.139,0.85031,0.8505,2.05,1.50
2016.03.22 08:39:25.190,0.85031,0.85049,1.35,1.00
2016.03.22 08:39:25.702,0.85031,0.85048,1.00,1.00
2016.03.22 08:39:25.804,0.85032,0.85048,1.37,1.00
2016.03.22 08:39:26.311,0.85036,0.8505,1.30,1.12
2016.03.22 08:39:26.615,0.85037,0.85055,1.05,1.12
2016.03.22 08:39:26.920,0.85039,0.85057,2.17,1.50
2016.03.22 08:39:27.224,0.8504,0.85053,1.27,1.00
2016.03.22 08:39:27.326,0.8504,0.85052,1.42,1.50
2016.03.22 08:39:27.429,0.85034,0.85051,1.05,1.00
2016.03.22 08:39:27.569,0.85033,0.85049,1.42,1.00
2016.03.22 08:39:28.075,0.85033,0.8505,1.32,1.00
2016.03.22 08:39:28.580,0.85033,0.8505,1.47,1.50
2016.03.22 08:39:29.116,0.85033,0.8505,1.47,1.50
2016.03.22 08:39:29.622,0.85033,0.85049,1.62,1.00
2016.03.22 08:39:30.132,0.85033,0.85048,1.62,1.00
2016.03.22 08:39:30.639,0.85038,0.85048,1.00,1.00
2016.03.22 08:39:30.841,0.85038,0.8505,1.00,2.25
2016.03.22 08:39:31.012,0.85038,0.85048,1.00,1.00
2016.03.22 08:39:31.908,0.85044,0.85053,1.00,1.75
2016.03.22 08:39:32.065,0.85046,0.85059,1.00,1.12
2016.03.22 08:39:32.222,0.85048,0.8506,1.00,1.00
2016.03.22 08:39:32.729,0.85049,0.85061,1.00,1.12
2016.03.22 08:39:33.348,0.85048,0.85061,1.00,1.87
2016.03.22 08:39:34.143,0.85047,0.8506,1.00,1.37
2016.03.22 08:39:34.245,0.85047,0.8506,1.00,1.00
2016.03.22 08:39:34.654,0.85045,0.85056,1.10,1.00
2016.03.22 08:39:34.756,0.85043,0.85056,1.00,1.00
2016.03.22 08:39:34.858,0.85043,0.85055,1.00,1.37
2016.03.22 08:39:35.231,0.8504,0.85052,1.47,1.00
2016.03.22 08:39:35.732,0.8504,0.85053,1.47,1.00
2016.03.22 08:39:36.454,0.8504,0.85052,1.47,1.00
2016.03.22 08:39:36.799,0.85039,0.85052,1.10,1.00
2016.03.22 08:39:36.952,0.85038,0.85051,1.50,1.00
2016.03.22 08:39:37.458,0.85039,0.85052,1.87,1.00
2016.03.22 08:39:37.762,0.85046,0.85059,1.12,1.00
2016.03.22 08:39:38.220,0.85049,0.85061,1.00,1.00
2016.03.22 08:39:38.726,0.85049,0.85062,1.10,1.12
2016.03.22 08:39:39.071,0.85052,0.85063,1.00,1.37
2016.03.22 08:39:39.173,0.85053,0.85065,1.00,2.62
2016.03.22 08:39:39.680,0.85052,0.85066,1.12,1.50
2016.03.22 08:39:40.181,0.85053,0.85066,1.10,1.00
2016.03.22 08:39:40.705,0.85051,0.85065,1.37,1.00
2016.03.22 08:39:41.005,0.85051,0.85066,1.10,1.00
2016.03.22 08:39:41.777,0.85049,0.85064,1.50,1.00
2016.03.22 08:39:42.273,0.8505,0.85066,1.95,1.00
2016.03.22 08:39:42.799,0.8505,0.85065,1.12,1.00
2016.03.22 08:39:43.309,0.85049,0.85064,1.87,1.12
2016.03.22 08:39:43.834,0.85049,0.85064,1.10,1.12
2016.03.22 08:39:43.885,0.85051,0.85066,1.00,1.87
2016.03.22 08:39:44.393,0.85051,0.85066,1.10,1.87
2016.03.22 08:39:44.748,0.85047,0.85063,1.52,1.50
2016.03.22 08:39:44.905,0.85047,0.85061,1.40,1.37
2016.03.22 08:39:45.158,0.85047,0.85062,1.40,1.50
2016.03.22 08:39:46.081,0.85048,0.85062,1.12,1.13
2016.03.22 08:39:46.183,0.85054,0.85062,1.00,1.13
2016.03.22 08:39:46.487,0.85056,0.85063,1.00,1.26
2016.03.22 08:39:46.857,0.85058,0.85063,1.00,1.26
2016.03.22 08:39:47.010,0.85058,0.85071,1.00,2.01
2016.03.22 08:39:47.162,0.85056,0.85071,1.00,2.01
2016.03.22 08:39:47.898,0.85057,0.8507,1.00,1.26
2016.03.22 08:39:48.000,0.85057,0.85069,1.00,1.37
2016.03.22 08:39:48.465,0.85055,0.8507,1.10,2.01
2016.03.22 08:39:48.773,0.85057,0.85072,1.00,3.13
2016.03.22 08:39:49.186,0.85055,0.85068,1.10,1.00
2016.03.22 08:39:49.791,0.85054,0.85068,1.00,1.50
2016.03.22 08:39:50.704,0.85054,0.85065,1.00,1.00
2016.03.22 08:39:51.235,0.85055,0.85065,1.00,1.00
2016.03.22 08:39:51.541,0.85059,0.85065,1.00,1.00
2016.03.22 08:39:52.098,0.85058,0.85065,1.00,1.00
2016.03.22 08:39:52.667,0.85059,0.85065,1.00,1.00
2016.03.22 08:39:52.768,0.85059,0.85069,1.00,1.12
2016.03.22 08:39:53.769,0.85058,0.85069,1.00,1.00
2016.03.22 08:39:54.284,0.85057,0.85069,1.00,1.00
2016.03.22 08:39:54.792,0.85056,0.85069,1.00,1.00
2016.03.22 08:39:55.199,0.85054,0.85068,1.10,1.00
2016.03.22 08:39:55.302,0.85052,0.85064,1.10,1.00
2016.03.22 08:39:55.607,0.85048,0.85062,1.00,1.37
2016.03.22 08:39:55.709,0.85048,0.85059,1.00,1.00
2016.03.22 08:39:55.811,0.85046,0.85059,1.10,1.00
2016.03.22 08:39:56.301,0.85048,0.85059,1.00,1.00
2016.03.22 08:39:57.296,0.8505,0.85059,1.00,1.50
2016.03.22 08:39:57.702,0.85048,0.85059,1.00,1.00
2016.03.22 08:39:58.249,0.85049,0.8506,1.00,1.00
2016.03.22 08:40:00.131,0.85049,0.8506,1.00,2.62
2016.03.22 08:40:00.682,0.8505,0.85058,1.00,1.00
2016.03.22 08:40:00.834,0.8505,0.85057,1.00,1.37
2016.03.22 08:40:01.087,0.85048,0.85057,1.00,1.37
2016.03.22 08:40:01.596,0.85048,0.85059,1.00,1.87
2016.03.22 08:40:01.967,0.8505,0.85058,1.00,1.37
2016.03.22 08:40:02.477,0.85053,0.85058,1.00,1.00
2016.03.22 08:40:02.984,0.85052,0.85058,1.00,1.00
2016.03.22 08:40:03.287,0.85054,0.85063,1.00,1.12
2016.03.22 08:40:03.411,0.85054,0.85064,1.00,1.12
2016.03.22 08:40:03.919,0.85054,0.85063,1.00,1.00
2016.03.22 08:40:04.582,0.85054,0.85064,1.00,1.12
2016.03.22 08:40:05.538,0.85053,0.85064,1.00,1.12
2016.03.22 08:40:06.054,0.85054,0.85063,1.00,1.00
2016.03.22 08:40:06.841,0.85054,0.85065,1.00,2.62
2016.03.22 08:40:07.347,0.85055,0.85064,1.00,1.12
2016.03.22 08:40:07.801,0.85053,0.85064,1.00,1.12
2016.03.22 08:40:07.954,0.85055,0.85064,1.00,1.12
2016.03.22 08:40:09.261,0.85055,0.85066,1.00,1.37
2016.03.22 08:40:09.848,0.85056,0.85068,1.00,1.87
2016.03.22 08:40:10.153,0.85056,0.85068,1.00,1.12
2016.03.22 08:40:10.660,0.85061,0.8507,1.00,1.37
2016.03.22 08:40:10.761,0.85063,0.85072,1.00,1.92
2016.03.22 08:40:11.042,0.85065,0.85072,1.00,1.55
2016.03.22 08:40:11.447,0.85067,0.85072,1.00,1.55
2016.03.22 08:40:11.751,0.85071,0.85075,1.00,1.55
2016.03.22 08:40:11.929,0.85069,0.85073,1.00,1.55
2016.03.22 08:40:12.233,0.85068,0.8508,1.00,1.50
2016.03.22 08:40:13.458,0.85068,0.85079,1.00,1.37
2016.03.22 08:40:13.661,0.85066,0.85078,1.00,1.12
2016.03.22 08:40:15.525,0.85067,0.85078,1.00,1.12
2016.03.22 08:40:16.030,0.85068,0.85079,1.00,1.00
2016.03.22 08:40:16.741,0.85071,0.85082,1.00,2.62
2016.03.22 08:40:16.844,0.85066,0.85078,1.00,1.87
2016.03.22 08:40:17.048,0.85064,0.85073,1.00,1.87
2016.03.22 08:40:17.251,0.85064,0.85074,1.00,1.12
2016.03.22 08:40:17.353,0.85064,0.85072,1.00,1.00
2016.03.22 08:40:17.456,0.85064,0.85074,1.00,1.12
2016.03.22 08:40:18.005,0.85063,0.85075,1.00,1.00
2016.03.22 08:40:18.461,0.85063,0.85072,1.00,1.00
2016.03.22 08:40:18.871,0.8506,0.85071,1.00,1.00
2016.03.22 08:40:19.073,0.85056,0.85068,1.12,1.00
2016.03.22 08:40:19.377,0.85056,0.85065,1.00,1.00
2016.03.22 08:40:19.609,0.85057,0.85068,1.00,1.00
2016.03.22 08:40:20.115,0.85058,0.85069,1.00,1.00
2016.03.22 08:40:20.267,0.8506,0.85071,1.00,1.00
2016.03.22 08:40:20.369,0.85061,0.85073,1.00,1.00
2016.03.22 08:40:20.571,0.85059,0.8507,1.57,1.00
2016.03.22 08:40:21.112,0.85059,0.85069,1.00,1.00
2016.03.22 08:40:21.366,0.85059,0.85071,1.50,1.00
2016.03.22 08:40:21.958,0.8506,0.85071,1.00,1.00
2016.03.22 08:40:22.468,0.85059,0.85071,1.00,1.00
2016.03.22 08:40:22.670,0.85061,0.85071,1.00,1.00
2016.03.22 08:40:22.873,0.8506,0.85073,1.00,1.12
2016.03.22 08:40:23.374,0.85061,0.85073,1.00,1.00
2016.03.22 08:40:24.068,0.85062,0.85073,1.00,1.00
2016.03.22 08:40:24.770,0.85062,0.85074,1.00,1.12
2016.03.22 08:40:24.872,0.85064,0.85075,1.00,1.00
2016.03.22 08:40:25.075,0.85065,0.85077,1.00,1.00
2016.03.22 08:40:25.177,0.85064,0.85075,1.00,1.00
2016.03.22 08:40:25.760,0.85064,0.85076,1.00,1.00
2016.03.22 08:40:26.368,0.85066,0.85076,1.00,1.00
2016.03.22 08:40:26.676,0.85065,0.85074,1.00,1.00
2016.03.22 08:40:26.879,0.85063,0.85075,1.50,1.00
2016.03.22 08:40:27.577,0.85065,0.85074,1.00,1.00
2016.03.22 08:40:27.678,0.85064,0.85076,1.00,1.00
2016.03.22 08:40:29.190,0.85068,0.85077,1.00,1.00
2016.03.22 08:40:29.292,0.85067,0.85079,1.10,1.00
2016.03.22 08:40:29.825,0.85067,0.85078,1.10,1.00
2016.03.22 08:40:30.331,0.85066,0.85078,1.10,1.00
2016.03.22 08:40:30.845,0.85067,0.85078,1.10,1.00
2016.03.22 08:40:31.357,0.85067,0.85079,1.10,1.00
2016.03.22 08:40:31.864,0.85069,0.85081,1.00,1.12
2016.03.22 08:40:32.454,0.8507,0.85081,1.00,1.00
2016.03.22 08:40:33.961,0.8507,0.8508,1.00,1.00
2016.03.22 08:40:34.270,0.8507,0.85082,1.00,1.00
2016.03.22 08:40:34.503,0.85072,0.85084,1.00,1.12
2016.03.22 08:40:34.857,0.85075,0.85085,1.00,1.00
2016.03.22 08:40:35.162,0.85074,0.85087,1.10,1.00
2016.03.22 08:40:35.681,0.85075,0.85087,1.00,1.00
2016.03.22 08:40:35.783,0.85077,0.85086,1.00,1.00
2016.03.22 08:40:35.986,0.85074,0.85087,1.10,1.00
2016.03.22 08:40:36.189,0.85077,0.85089,1.00,1.12
2016.03.22 08:40:36.550,0.85077,0.85089,1.37,1.12
2016.03.22 08:40:37.413,0.85077,0.8509,1.37,1.12
2016.03.22 08:40:38.080,0.8508,0.85093,1.00,1.87
2016.03.22 08:40:38.386,0.85082,0.85094,1.00,1.50
2016.03.22 08:40:38.740,0.85082,0.85092,1.00,1.26
2016.03.22 08:40:39.585,0.85082,0.85094,1.00,1.26
2016.03.22 08:40:39.899,0.85084,0.85094,1.00,1.26
2016.03.22 08:40:40.749,0.85084,0.85097,1.00,1.18
2016.03.22 08:40:42.005,0.85085,0.85097,1.00,2.01
2016.03.22 08:40:42.764,0.85083,0.85097,2.25,2.01
2016.03.22 08:40:44.469,0.85083,0.85096,1.12,1.18
2016.03.22 08:40:44.571,0.85081,0.85095,1.87,1.00
2016.03.22 08:40:45.077,0.85082,0.85096,1.10,1.18
2016.03.22 08:40:45.589,0.85083,0.85096,1.00,1.18
2016.03.22 08:40:46.096,0.85082,0.85096,1.10,1.18
2016.03.22 08:40:46.387,0.85085,0.85097,1.00,1.26
2016.03.22 08:40:46.995,0.85082,0.85095,2.25,1.00
2016.03.22 08:40:47.539,0.85083,0.85095,1.10,1.00
2016.03.22 08:40:48.046,0.85084,0.85095,1.00,1.00
2016.03.22 08:40:48.563,0.85083,0.85095,1.00,2.01
2016.03.22 08:40:49.077,0.85082,0.85092,1.00,1.00
2016.03.22 08:40:49.179,0.85079,0.85092,1.10,2.01
2016.03.22 08:40:49.382,0.85076,0.85089,1.10,1.00
2016.03.22 08:40:49.690,0.85075,0.85087,1.00,1.00
2016.03.22 08:40:50.706,0.85076,0.85088,1.00,1.87
2016.03.22 08:40:51.212,0.85077,0.85088,1.00,1.00
2016.03.22 08:40:52.088,0.85079,0.85088,1.00,1.00
2016.03.22 08:40:53.427,0.85078,0.85089,1.10,1.63
2016.03.22 08:40:53.966,0.85079,0.8509,1.00,1.26
2016.03.22 08:40:54.622,0.8508,0.85091,1.00,2.38
2016.03.22 08:40:54.775,0.8508,0.85091,1.00,1.26
2016.03.22 08:40:55.206,0.85082,0.85093,1.00,2.76
2016.03.22 08:40:55.613,0.85084,0.85093,1.00,2.01
2016.03.22 08:40:55.908,0.85082,0.85093,1.00,2.01
2016.03.22 08:40:55.960,0.85082,0.85093,1.00,1.18
2016.03.22 08:40:56.262,0.85078,0.8509,1.10,1.00
2016.03.22 08:40:56.414,0.85076,0.85088,1.10,1.00
2016.03.22 08:40:57.021,0.85077,0.85088,1.00,1.00
2016.03.22 08:40:57.409,0.85079,0.85089,1.00,1.18
2016.03.22 08:40:58.485,0.85079,0.85091,1.00,1.00
2016.03.22 08:40:58.618,0.8508,0.85093,1.00,1.00
2016.03.22 08:40:58.923,0.85079,0.85091,1.12,1.00
2016.03.22 08:40:59.441,0.85079,0.85092,1.12,1.00
2016.03.22 08:40:59.977,0.85081,0.85092,1.00,1.18
2016.03.22 08:41:00.618,0.85078,0.85091,1.37,1.00
2016.03.22 08:41:00.770,0.85077,0.8509,1.10,1.50
2016.03.22 08:41:00.949,0.85075,0.85088,2.25,1.00
2016.03.22 08:41:01.407,0.85074,0.85086,1.00,1.00
2016.03.22 08:41:01.812,0.85077,0.85088,1.00,2.52
2016.03.22 08:41:02.118,0.85081,0.85091,1.10,1.02
2016.03.22 08:41:02.372,0.85081,0.85093,1.10,1.39
2016.03.22 08:41:02.524,0.85078,0.8509,1.87,1.00
2016.03.22 08:41:02.625,0.85078,0.8509,1.10,1.00
2016.03.22 08:41:03.498,0.85078,0.8509,1.12,1.00
2016.03.22 08:41:04.110,0.85078,0.85091,1.12,1.18
2016.03.22 08:41:04.617,0.85077,0.85091,1.12,1.00
2016.03.22 08:41:04.821,0.85076,0.85089,1.37,1.00
2016.03.22 08:41:05.328,0.85075,0.85088,1.87,1.00
2016.03.22 08:41:06.018,0.85075,0.85088,1.37,1.00
2016.03.22 08:41:06.120,0.85073,0.85088,2.25,1.00
2016.03.22 08:41:06.670,0.85072,0.85087,2.25,1.00
2016.03.22 08:41:07.175,0.85072,0.85086,1.75,1.87
2016.03.22 08:41:08.916,0.85074,0.85088,1.10,1.50
2016.03.22 08:41:09.114,0.85074,0.85088,1.37,1.00
2016.03.22 08:41:09.640,0.85075,0.85088,1.37,1.00
2016.03.22 08:41:09.952,0.8508,0.85089,1.00,1.26
2016.03.22 08:41:10.812,0.8508,0.85088,1.10,1.26
2016.03.22 08:41:11.115,0.8508,0.85093,1.10,1.12
2016.03.22 08:41:12.625,0.85081,0.85096,1.00,2.01
2016.03.22 08:41:12.727,0.85083,0.85096,1.00,1.26
2016.03.22 08:41:13.369,0.85084,0.85096,1.00,1.26
2016.03.22 08:41:13.673,0.85086,0.85096,1.00,1.26
2016.03.22 08:41:13.826,0.8509,0.85104,1.12,1.26
2016.03.22 08:41:14.072,0.85095,0.85104,1.00,1.26
2016.03.22 08:41:14.981,0.85095,0.8511,1.10,1.18
2016.03.22 08:41:15.147,0.85095,0.8511,1.37,1.18
2016.03.22 08:41:16.578,0.85096,0.85111,1.12,1.18
2016.03.22 08:41:17.088,0.85096,0.8511,1.12,1.00
2016.03.22 08:41:17.594,0.85094,0.85109,3.37,1.00
2016.03.22 08:41:18.109,0.85094,0.85109,3.00,1.00
2016.03.22 08:41:18.614,0.85095,0.8511,1.10,1.12
2016.03.22 08:41:19.194,0.85095,0.85109,1.10,1.00
2016.03.22 08:41:19.976,0.85095,0.85109,1.12,1.00
2016.03.22 08:41:20.582,0.85097,0.85109,1.00,1.00
2016.03.22 08:41:21.956,0.85097,0.85108,1.00,1.00
2016.03.22 08:41:22.159,0.85098,0.85109,2.10,1.00
2016.03.22 08:41:22.664,0.851,0.85112,1.10,1.77
2016.03.22 08:41:23.013,0.851,0.85112,1.10,1.12
2016.03.22 08:41:25.846,0.85099,0.85112,1.00,1.12
2016.03.22 08:41:26.354,0.85098,0.85111,1.03,1.00
2016.03.22 08:41:26.665,0.85101,0.85111,1.00,1.00
2016.03.22 08:41:26.766,0.851,0.85113,1.00,1.00
2016.03.22 08:41:26.868,0.85103,0.85115,1.00,1.50
2016.03.22 08:41:27.373,0.85104,0.85115,1.00,1.00
2016.03.22 08:41:27.879,0.85104,0.85117,1.00,1.64
2016.03.22 08:41:28.381,0.85105,0.85118,1.00,1.50
2016.03.22 08:41:31.677,0.85106,0.85118,1.00,1.50
2016.03.22 08:41:32.463,0.85105,0.85118,1.00,1.50
2016.03.22 08:41:32.615,0.85105,0.85118,1.00,1.87
2016.03.22 08:41:34.202,0.85106,0.85118,1.00,1.87
2016.03.22 08:41:34.712,0.85105,0.85118,1.00,1.87
2016.03.22 08:41:35.218,0.85106,0.85118,1.00,1.12
2016.03.22 08:41:37.441,0.85106,0.85119,1.00,1.77
2016.03.22 08:41:37.492,0.85108,0.85119,1.00,1.02
2016.03.22 08:41:37.872,0.85106,0.85119,1.10,1.77
2016.03.22 08:41:38.378,0.85107,0.85119,1.00,1.02
2016.03.22 08:41:39.366,0.8511,0.8512,1.00,1.12
2016.03.22 08:41:39.901,0.85112,0.85121,1.00,1.39
2016.03.22 08:41:40.255,0.85112,0.85123,1.00,1.37
2016.03.22 08:41:41.537,0.85112,0.8512,1.00,1.00
2016.03.22 08:41:41.890,0.8511,0.8512,1.10,1.00
2016.03.22 08:41:42.143,0.85109,0.85119,1.10,1.37
2016.03.22 08:41:42.562,0.8511,0.85121,1.00,1.37
2016.03.22 08:41:43.384,0.85108,0.85121,1.50,1.87
2016.03.22 08:41:43.848,0.85108,0.85119,1.12,1.12
2016.03.22 08:41:45.382,0.85108,0.8512,1.12,1.37
2016.03.22 08:41:45.972,0.85107,0.8512,1.05,1.37
2016.03.22 08:41:46.836,0.85107,0.8512,1.05,1.87
2016.03.22 08:41:46.938,0.85105,0.85118,2.02,1.37
2016.03.22 08:41:49.044,0.85109,0.85118,1.00,1.37
2016.03.22 08:41:49.148,0.85109,0.8512,1.00,1.37
2016.03.22 08:41:49.250,0.85111,0.8512,1.00,1.37
2016.03.22 08:41:49.468,0.85113,0.85124,1.00,1.15
2016.03.22 08:41:49.772,0.85115,0.85126,1.00,1.15
2016.03.22 08:41:50.278,0.85112,0.85122,1.10,1.00
2016.03.22 08:41:50.379,0.85114,0.85124,1.00,1.37
2016.03.22 08:41:50.590,0.85115,0.85128,1.00,1.90
2016.03.22 08:41:51.111,0.85115,0.85126,1.00,1.37
2016.03.22 08:41:51.769,0.85114,0.85126,1.10,1.37
2016.03.22 08:41:52.474,0.85116,0.85126,1.00,1.37
2016.03.22 08:41:52.778,0.85107,0.85119,1.37,1.37
2016.03.22 08:41:52.880,0.85107,0.85119,1.00,1.87
2016.03.22 08:41:53.384,0.85106,0.85119,1.12,1.87
2016.03.22 08:41:53.891,0.85106,0.85117,1.12,1.00
2016.03.22 08:41:55.393,0.85107,0.85118,1.00,1.12
2016.03.22 08:41:56.680,0.85104,0.85117,1.87,1.87
2016.03.22 08:41:56.833,0.85103,0.85115,1.95,1.00
2016.03.22 08:41:57.360,0.85104,0.85114,1.00,1.12
2016.03.22 08:41:58.158,0.85103,0.85115,1.10,1.37
2016.03.22 08:41:58.259,0.85103,0.85115,1.75,1.37
2016.03.22 08:42:00.314,0.85106,0.85118,1.10,2.65
2016.03.22 08:42:00.365,0.85108,0.85118,1.00,1.90
2016.03.22 08:42:00.669,0.85112,0.85123,1.00,1.40
2016.03.22 08:42:01.836,0.85112,0.85123,1.00,1.37
2016.03.22 08:42:02.343,0.85112,0.85123,1.12,1.37
2016.03.22 08:42:03.694,0.85114,0.85123,1.00,1.37
2016.03.22 08:42:03.896,0.85114,0.85124,1.00,1.00
2016.03.22 08:42:03.998,0.85117,0.85127,1.00,1.50
2016.03.22 08:42:04.100,0.85118,0.85127,1.00,1.12
2016.03.22 08:42:04.570,0.85114,0.85125,2.62,1.00
2016.03.22 08:42:05.076,0.85117,0.85127,1.12,1.37
2016.03.22 08:42:05.230,0.85117,0.85128,1.12,1.50
2016.03.22 08:42:05.894,0.85119,0.85128,1.10,1.00
2016.03.22 08:42:05.996,0.8512,0.8513,1.10,1.00
2016.03.22 08:42:06.512,0.85119,0.85128,1.10,1.00
2016.03.22 08:42:06.766,0.85116,0.85128,2.62,1.37
2016.03.22 08:42:07.020,0.85114,0.85126,1.87,1.87
2016.03.22 08:42:07.332,0.85119,0.85128,1.00,4.12
2016.03.22 08:42:07.434,0.85119,0.85128,1.00,1.37
2016.03.22 08:42:08.001,0.85121,0.85128,1.00,1.37
2016.03.22 08:42:08.173,0.85119,0.85128,1.10,1.37
2016.03.22 08:42:09.489,0.85119,0.85128,1.12,1.37
2016.03.22 08:42:10.018,0.85121,0.8513,1.00,1.37
2016.03.22 08:42:10.525,0.85118,0.85129,1.50,1.37
2016.03.22 08:42:11.021,0.85118,0.85131,1.75,1.50
2016.03.22 08:42:11.527,0.85117,0.85129,2.25,1.00
2016.03.22 08:42:11.830,0.85116,0.85127,1.75,1.00
2016.03.22 08:42:12.386,0.85115,0.85127,3.00,1.00
2016.03.22 08:42:12.756,0.85116,0.85126,1.50,1.12
2016.03.22 08:42:12.857,0.85116,0.85128,1.50,1.12
2016.03.22 08:42:13.364,0.85115,0.85127,2.25,1.00
2016.03.22 08:42:13.465,0.85117,0.8513,1.37,1.37
2016.03.22 08:42:15.085,0.8512,0.8513,1.00,1.37
2016.03.22 08:42:15.136,0.85121,0.85135,1.50,1.37
2016.03.22 08:42:15.237,0.85124,0.85138,1.37,1.87
2016.03.22 08:42:15.642,0.85126,0.85138,1.12,1.37
2016.03.22 08:42:16.448,0.85125,0.85138,1.20,1.37
2016.03.22 08:42:16.987,0.85124,0.85136,1.12,1.37
2016.03.22 08:42:17.474,0.85121,0.85134,1.37,1.37
2016.03.22 08:42:19.184,0.85121,0.85134,1.50,1.37
2016.03.22 08:42:20.394,0.85123,0.85134,1.00,1.37
2016.03.22 08:42:20.648,0.85123,0.85135,1.00,1.00
2016.03.22 08:42:21.551,0.85124,0.85138,1.37,1.50
2016.03.22 08:42:21.855,0.85127,0.85141,2.25,1.12
2016.03.22 08:42:22.266,0.85126,0.85139,1.50,1.37
2016.03.22 08:42:22.319,0.8513,0.85139,1.00,1.37
2016.03.22 08:42:22.370,0.8513,0.8514,1.00,1.00
2016.03.22 08:42:22.575,0.8513,0.85143,1.50,1.37
2016.03.22 08:42:23.458,0.85132,0.85143,1.00,1.37
2016.03.22 08:42:24.115,0.8513,0.85143,1.50,1.37
2016.03.22 08:42:25.563,0.85132,0.85143,1.00,1.37
2016.03.22 08:42:26.381,0.8513,0.85143,1.50,1.87
2016.03.22 08:42:26.918,0.8513,0.85143,1.87,1.37
2016.03.22 08:42:27.502,0.85135,0.85145,1.50,1.37
2016.03.22 08:42:27.604,0.85137,0.85149,1.87,1.37
2016.03.22 08:42:27.857,0.85138,0.85149,1.12,1.87
2016.03.22 08:42:28.312,0.85136,0.85147,1.75,1.37
2016.03.22 08:42:28.413,0.85136,0.85147,1.12,1.87
2016.03.22 08:42:28.589,0.85134,0.85145,2.25,1.37
2016.03.22 08:42:28.640,0.85134,0.85145,1.12,1.37
2016.03.22 08:42:30.155,0.85137,0.85145,2.25,1.12
2016.03.22 08:42:30.206,0.85139,0.85151,1.75,1.50
2016.03.22 08:42:30.308,0.8514,0.85154,2.62,1.37
2016.03.22 08:42:30.409,0.85143,0.85154,1.12,1.37
2016.03.22 08:42:30.862,0.85143,0.85154,1.75,1.37
2016.03.22 08:42:30.964,0.85141,0.85154,2.62,1.37
2016.03.22 08:42:31.470,0.85141,0.85154,1.87,1.37
2016.03.22 08:42:31.622,0.85142,0.85154,2.25,1.37
2016.03.22 08:42:31.887,0.85144,0.85157,1.50,1.37
2016.03.22 08:42:32.040,0.85144,0.85157,1.87,1.37
2016.03.22 08:42:32.192,0.85146,0.85158,1.50,1.00
2016.03.22 08:42:32.498,0.85149,0.85161,1.50,1.87
2016.03.22 08:42:32.650,0.85151,0.85163,1.47,1.37
2016.03.22 08:42:32.787,0.85151,0.85165,1.10,1.00
2016.03.22 08:42:33.293,0.85148,0.85164,2.28,1.00
2016.03.22 08:42:33.798,0.85151,0.85164,1.12,1.00
2016.03.22 08:42:33.900,0.8515,0.85166,1.50,1.00
2016.03.22 08:42:34.245,0.85152,0.85166,1.50,1.00
2016.03.22 08:42:34.765,0.85152,0.85166,1.75,1.00
2016.03.22 08:42:35.127,0.85153,0.85168,1.50,1.50
2016.03.22 08:42:35.640,0.8515,0.85167,2.28,1.00
2016.03.22 08:42:35.691,0.8515,0.85167,2.28,1.00
2016.03.22 08:42:37.505,0.8515,0.85166,2.25,1.00
2016.03.22 08:42:37.758,0.8515,0.85166,2.25,1.00
2016.03.22 08:42:38.267,0.85152,0.85166,1.75,1.00
2016.03.22 08:42:39.221,0.85153,0.85166,1.12,1.00
2016.03.22 08:42:39.475,0.85151,0.85162,1.75,1.00
2016.03.22 08:42:39.527,0.85151,0.85162,1.10,1.00
2016.03.22 08:42:39.629,0.85149,0.8516,1.13,1.00
2016.03.22 08:42:39.936,0.85143,0.85158,4.15,1.12
2016.03.22 08:42:39.987,0.85142,0.85157,2.25,1.26
2016.03.22 08:42:40.544,0.85142,0.85157,1.12,2.01
2016.03.22 08:42:41.782,0.85138,0.85151,1.15,1.00
2016.03.22 08:42:41.933,0.85137,0.85151,1.53,1.00
2016.03.22 08:42:41.988,0.85136,0.85153,1.78,1.00
2016.03.22 08:42:42.292,0.85138,0.85155,2.28,1.18
2016.03.22 08:42:42.596,0.85137,0.85154,2.62,2.01
2016.03.22 08:42:43.294,0.85136,0.85154,2.28,3.88
2016.03.22 08:42:43.699,0.85138,0.85154,2.25,1.26
2016.03.22 08:42:44.023,0.8514,0.85156,2.25,2.01
2016.03.22 08:42:45.345,0.8514,0.85156,1.75,1.26
2016.03.22 08:42:45.649,0.85144,0.85156,1.12,2.01
2016.03.22 08:42:45.952,0.8515,0.85156,1.10,1.26
2016.03.22 08:42:46.261,0.85152,0.85158,1.75,1.26
2016.03.22 08:42:47.075,0.85153,0.85166,1.50,2.76
2016.03.22 08:42:47.595,0.85152,0.85166,1.37,3.51
2016.03.22 08:42:49.561,0.85152,0.85164,1.37,3.51
2016.03.22 08:42:50.068,0.85151,0.85164,1.37,5.01
2016.03.22 08:42:50.169,0.85149,0.85162,1.87,1.50
2016.03.22 08:42:50.220,0.85148,0.85161,3.27,1.12
2016.03.22 08:42:50.271,0.85148,0.85157,1.39,1.37
2016.03.22 08:42:50.373,0.85148,0.8516,1.39,2.62
2016.03.22 08:42:50.475,0.85147,0.85156,1.02,1.37
2016.03.22 08:42:51.164,0.85144,0.85156,2.62,1.37
2016.03.22 08:42:51.317,0.85146,0.85156,3.00,1.37
2016.03.22 08:42:51.368,0.85147,0.8516,1.87,3.51
2016.03.22 08:42:51.419,0.85149,0.8516,1.75,3.51
2016.03.22 08:42:52.046,0.85149,0.8516,2.62,3.13
2016.03.22 08:42:52.349,0.8515,0.85163,1.37,1.37
2016.03.22 08:42:52.913,0.85149,0.85163,1.87,1.37
2016.03.22 08:42:53.239,0.85149,0.85163,1.37,4.87
2016.03.22 08:42:56.011,0.85147,0.85161,2.62,1.55
2016.03.22 08:42:56.338,0.85148,0.85161,1.12,4.26
2016.03.22 08:42:57.675,0.85148,0.8516,1.12,3.51
2016.03.22 08:42:59.222,0.85148,0.85159,1.37,1.18
2016.03.22 08:42:59.527,0.85142,0.85152,1.02,1.37
2016.03.22 08:43:00.127,0.85141,0.85152,1.02,1.37
2016.03.22 08:43:00.467,0.85141,0.85149,1.02,1.00
2016.03.22 08:43:00.569,0.85139,0.85148,1.10,1.12
2016.03.22 08:43:00.670,0.85136,0.85145,1.12,1.37
2016.03.22 08:43:00.914,0.85133,0.85145,1.02,1.37
2016.03.22 08:43:01.423,0.85134,0.85145,1.33,1.37
2016.03.22 08:43:01.626,0.85134,0.85145,2.14,1.37
2016.03.22 08:43:01.677,0.85135,0.85148,1.12,1.37
2016.03.22 08:43:01.893,0.85137,0.85151,1.87,1.51
2016.03.22 08:43:02.096,0.85135,0.85148,1.87,1.37
2016.03.22 08:43:04.184,0.85136,0.85148,1.75,1.37
2016.03.22 08:43:04.286,0.85137,0.85149,1.50,1.00
2016.03.22 08:43:05.358,0.85137,0.85149,1.75,1.00
2016.03.22 08:43:05.931,0.8514,0.85152,1.37,1.26
2016.03.22 08:43:06.438,0.8514,0.85153,1.87,1.63
2016.03.22 08:43:06.793,0.85144,0.85153,1.12,1.26
2016.03.22 08:43:06.894,0.85143,0.85154,1.10,1.26
2016.03.22 08:43:07.149,0.8514,0.85154,1.50,3.88
2016.03.22 08:43:07.302,0.85138,0.8515,1.12,1.50
2016.03.22 08:43:07.403,0.85136,0.85148,1.13,1.00
2016.03.22 08:43:07.911,0.85136,0.85148,1.13,1.00
2016.03.22 08:43:08.446,0.85136,0.85148,1.10,1.00
2016.03.22 08:43:08.497,0.85137,0.8515,1.37,1.12
2016.03.22 08:43:10.507,0.85135,0.85149,1.87,1.87
2016.03.22 08:43:11.319,0.85136,0.85149,1.12,1.37
2016.03.22 08:43:11.978,0.85138,0.85149,1.87,2.28
2016.03.22 08:43:12.307,0.85139,0.85149,1.87,2.28
2016.03.22 08:43:12.815,0.85139,0.85149,1.87,1.90
2016.03.22 08:43:13.484,0.85139,0.85149,1.37,1.15
2016.03.22 08:43:13.990,0.85138,0.85149,1.87,1.15
2016.03.22 08:43:14.514,0.85139,0.85149,1.37,1.15
2016.03.22 08:43:15.040,0.8514,0.85149,1.47,1.15
2016.03.22 08:43:15.394,0.85137,0.85149,1.37,2.28
2016.03.22 08:43:15.896,0.85136,0.85149,1.87,1.53
2016.03.22 08:43:15.947,0.85136,0.85147,1.87,1.15
2016.03.22 08:43:16.951,0.85137,0.85147,1.37,1.15
2016.03.22 08:43:18.471,0.85137,0.85148,1.37,1.90
2016.03.22 08:43:18.573,0.85136,0.85148,1.12,3.40
2016.03.22 08:43:18.624,0.85134,0.85146,1.87,1.12
2016.03.22 08:43:18.676,0.85133,0.85146,1.50,1.12
2016.03.22 08:43:19.162,0.85133,0.85143,1.50,1.15
2016.03.22 08:43:19.707,0.85132,0.85144,1.37,1.53
2016.03.22 08:43:24.116,0.85133,0.85145,1.12,1.53
2016.03.22 08:43:24.719,0.85135,0.85145,1.50,1.15
2016.03.22 08:43:24.770,0.85135,0.85148,1.50,1.53
2016.03.22 08:43:24.871,0.85136,0.85148,1.87,1.53
2016.03.22 08:43:25.381,0.85137,0.85147,1.75,1.15
2016.03.22 08:43:26.078,0.85138,0.85147,1.87,1.15
2016.03.22 08:43:26.586,0.85138,0.8515,1.37,2.28
2016.03.22 08:43:28.387,0.85137,0.8515,2.25,1.37
2016.03.22 08:43:28.843,0.85137,0.85148,1.10,5.62
2016.03.22 08:43:28.944,0.85133,0.85144,1.33,1.12
2016.03.22 08:43:29.046,0.85131,0.85143,2.14,4.50
2016.03.22 08:43:29.708,0.85129,0.85141,1.50,1.37
2016.03.22 08:43:29.759,0.85131,0.85143,1.10,1.37
2016.03.22 08:43:29.861,0.85134,0.85144,1.37,1.15
2016.03.22 08:43:30.396,0.85134,0.85144,1.87,1.15
2016.03.22 08:43:30.902,0.85132,0.85142,1.12,1.15
2016.03.22 08:43:31.003,0.85131,0.85142,1.87,1.15
2016.03.22 08:43:31.260,0.85132,0.85142,1.75,1.15
2016.03.22 08:43:32.070,0.85132,0.85145,2.25,3.02
2016.03.22 08:43:32.427,0.85133,0.85145,1.12,2.27
2016.03.22 08:43:32.883,0.85134,0.85145,1.12,1.90
2016.03.22 08:43:33.187,0.85137,0.85145,1.87,1.90
2016.03.22 08:43:33.981,0.85137,0.85147,1.75,1.00
2016.03.22 08:43:34.510,0.85135,0.85147,2.25,1.00
2016.03.22 08:43:35.073,0.85135,0.85147,2.25,1.00
2016.03.22 08:43:37.776,0.85135,0.85146,1.50,3.00
2016.03.22 08:43:38.609,0.85131,0.85146,1.75,3.00
2016.03.22 08:43:39.235,0.85131,0.85145,1.75,3.00
2016.03.22 08:43:40.051,0.85131,0.85145,1.87,3.75
2016.03.22 08:43:40.253,0.8513,0.85144,3.00,4.87
2016.03.22 08:43:41.171,0.85129,0.85144,1.75,9.37
2016.03.22 08:43:41.272,0.85128,0.85141,1.50,1.37
2016.03.22 08:43:41.374,0.85128,0.8514,1.10,4.50
2016.03.22 08:43:41.893,0.85125,0.85139,2.25,1.37
2016.03.22 08:43:43.863,0.85125,0.85138,2.25,4.12
2016.03.22 08:43:44.168,0.85121,0.85135,3.00,1.37
2016.03.22 08:43:44.472,0.85119,0.85132,2.25,1.75
2016.03.22 08:43:44.980,0.85117,0.85129,1.87,1.00
2016.03.22 08:43:46.471,0.85116,0.85129,1.87,1.12
2016.03.22 08:43:46.883,0.85114,0.85127,1.50,1.37
2016.03.22 08:43:49.164,0.85113,0.85127,1.47,1.37
2016.03.22 08:43:49.932,0.85113,0.85127,2.25,1.37
2016.03.22 08:43:52.562,0.85113,0.85127,1.50,1.12
2016.03.22 08:43:55.017,0.85114,0.85125,1.50,1.37
2016.03.22 08:43:56.071,0.85111,0.85125,1.87,1.87
2016.03.22 08:43:56.122,0.85111,0.85125,1.50,1.87
2016.03.22 08:43:57.007,0.8511,0.85123,4.35,1.00
2016.03.22 08:43:57.109,0.85112,0.85123,3.00,1.00
2016.03.22 08:43:57.621,0.85114,0.85126,1.50,1.12
2016.03.22 08:43:59.043,0.85112,0.85123,1.37,1.37
2016.03.22 08:43:59.094,0.85112,0.85125,1.50,1.75
2016.03.22 08:43:59.196,0.85116,0.85127,3.75,1.75
2016.03.22 08:43:59.247,0.85118,0.85127,1.12,1.00
2016.03.22 08:43:59.299,0.85115,0.85128,1.12,1.75
2016.03.22 08:43:59.351,0.85113,0.85127,1.87,1.37
2016.03.22 08:43:59.453,0.85116,0.85128,1.12,1.00
2016.03.22 08:43:59.504,0.85118,0.85131,1.12,4.12
2016.03.22 08:43:59.555,0.85118,0.85132,1.75,1.37
2016.03.22 08:44:00.086,0.8512,0.85132,1.12,1.37
2016.03.22 08:44:00.627,0.8512,0.85132,1.37,1.37
2016.03.22 08:44:01.230,0.85119,0.85132,1.50,1.37
2016.03.22 08:44:01.736,0.85118,0.85132,1.75,1.37
2016.03.22 08:44:02.789,0.85119,0.85132,1.50,1.37
2016.03.22 08:44:03.303,0.85121,0.85134,1.12,1.12
2016.03.22 08:44:03.825,0.85122,0.85136,1.50,1.37
2016.03.22 08:44:04.085,0.85122,0.85136,1.50,1.50
2016.03.22 08:44:05.513,0.85123,0.85137,1.00,1.12
2016.03.22 08:44:08.128,0.85123,0.85138,1.85,1.12
2016.03.22 08:44:08.179,0.85125,0.85139,1.57,1.37
2016.03.22 08:44:09.389,0.85124,0.85136,1.12,1.00
2016.03.22 08:44:09.695,0.85118,0.85126,1.10,1.00
2016.03.22 08:44:09.796,0.8511,0.85123,4.50,1.37
2016.03.22 08:44:09.847,0.8511,0.85123,4.12,1.37
2016.03.22 08:44:09.999,0.8511,0.85122,3.75,1.75
2016.03.22 08:44:10.101,0.85106,0.8512,1.50,1.37
2016.03.22 08:44:12.471,0.85106,0.8512,3.37,1.37
2016.03.22 08:44:12.940,0.85111,0.85125,1.12,1.37
2016.03.22 08:44:13.445,0.85112,0.85126,1.47,1.37
2016.03.22 08:44:16.051,0.85117,0.85126,1.60,1.37
2016.03.22 08:44:16.304,0.85128,0.85142,1.20,1.15
2016.03.22 08:44:16.355,0.8513,0.85143,1.12,1.40
2016.03.22 08:44:16.944,0.85129,0.85143,1.50,1.15
2016.03.22 08:44:17.197,0.85128,0.85142,1.47,1.90
2016.03.22 08:44:17.350,0.85127,0.85141,1.37,3.77
2016.03.22 08:44:17.862,0.85125,0.85139,1.50,1.12
2016.03.22 08:44:18.420,0.85124,0.85139,1.12,5.62
2016.03.22 08:44:19.203,0.85122,0.85136,2.25,1.37
2016.03.22 08:44:19.756,0.85123,0.85137,1.12,1.37
2016.03.22 08:44:20.259,0.85125,0.85137,1.00,1.00
2016.03.22 08:44:20.564,0.85124,0.85137,1.12,1.37
2016.03.22 08:44:20.868,0.85119,0.85131,2.25,1.37
2016.03.22 08:44:25.413,0.85122,0.85131,1.00,1.37
2016.03.22 08:44:25.616,0.85119,0.85131,1.37,1.37
2016.03.22 08:44:28.008,0.8512,0.85131,2.47,1.37
2016.03.22 08:44:28.312,0.85133,0.8514,1.35,1.00
2016.03.22 08:44:28.363,0.85135,0.85143,1.00,5.01
2016.03.22 08:44:28.667,0.85136,0.85144,1.87,1.26
2016.03.22 08:44:29.372,0.85137,0.85151,1.87,2.67
2016.03.22 08:44:30.745,0.85137,0.85151,1.50,1.37
2016.03.22 08:44:30.796,0.85136,0.85151,1.75,1.87
2016.03.22 08:44:30.949,0.85135,0.8515,2.25,1.87
2016.03.22 08:44:31.203,0.85132,0.85141,1.37,1.00
2016.03.22 08:44:31.507,0.85126,0.85136,1.02,1.37
2016.03.22 08:44:32.051,0.85126,0.85135,1.02,1.37
2016.03.22 08:44:32.356,0.85121,0.85135,1.47,1.37
2016.03.22 08:44:33.475,0.85122,0.85136,1.12,1.37
2016.03.22 08:44:33.981,0.85123,0.85137,1.47,1.37
2016.03.22 08:44:34.482,0.85123,0.85137,2.25,1.37
2016.03.22 08:44:34.787,0.85125,0.85139,2.62,1.37
2016.03.22 08:44:35.390,0.85133,0.85139,1.00,1.00
2016.03.22 08:44:35.544,0.85136,0.85147,1.35,3.67
2016.03.22 08:44:35.595,0.85138,0.85147,1.75,2.54
2016.03.22 08:44:35.848,0.85136,0.8515,3.22,1.37
2016.03.22 08:44:36.152,0.85136,0.8515,2.85,1.37
2016.03.22 08:44:38.304,0.85136,0.85151,4.50,1.37
2016.03.22 08:44:38.457,0.85139,0.85154,1.50,1.37
2016.03.22 08:44:39.771,0.8514,0.85154,1.12,1.37
2016.03.22 08:44:39.930,0.85142,0.85156,1.47,1.37
2016.03.22 08:44:40.091,0.85144,0.85156,1.12,1.00
2016.03.22 08:44:40.597,0.85145,0.85158,1.12,1.12
2016.03.22 08:44:42.105,0.85146,0.85159,1.12,1.37
2016.03.22 08:44:42.207,0.85148,0.85162,1.12,1.12
2016.03.22 08:44:42.258,0.8515,0.85162,1.00,1.00
2016.03.22 08:44:42.593,0.85147,0.85156,1.37,1.00
2016.03.22 08:44:42.644,0.85147,0.85156,1.10,1.00
2016.03.22 08:44:42.746,0.85147,0.85159,1.50,1.12
2016.03.22 08:44:42.797,0.85148,0.85161,1.12,1.12
2016.03.22 08:44:42.848,0.85148,0.85162,1.50,1.87
2016.03.22 08:44:42.950,0.85148,0.85162,1.87,1.87
2016.03.22 08:44:43.051,0.85151,0.85163,1.10,1.00
2016.03.22 08:44:43.204,0.85149,0.85161,1.12,1.12
2016.03.22 08:44:43.255,0.85148,0.85161,1.47,1.12
2016.03.22 08:44:44.106,0.85148,0.85161,4.12,1.00
2016.03.22 08:44:44.207,0.8515,0.85163,1.37,1.12
2016.03.22 08:44:44.942,0.85152,0.85166,1.50,1.37
2016.03.22 08:44:45.246,0.85154,0.85168,1.37,1.87
2016.03.22 08:44:45.550,0.85156,0.85169,1.47,1.12
2016.03.22 08:44:46.069,0.85158,0.85172,1.37,1.87
2016.03.22 08:44:46.629,0.85157,0.85172,1.37,4.87
2016.03.22 08:44:47.135,0.85156,0.8517,1.47,1.37
2016.03.22 08:44:49.751,0.85158,0.85172,1.37,1.37
2016.03.22 08:44:50.346,0.85159,0.85172,1.37,1.12
2016.03.22 08:44:50.857,0.85158,0.85171,1.37,1.12
2016.03.22 08:44:51.161,0.85156,0.8517,1.12,1.87
2016.03.22 08:44:51.846,0.85156,0.8517,1.12,1.00
2016.03.22 08:44:51.947,0.85157,0.85171,1.37,2.62
2016.03.22 08:44:54.910,0.85156,0.85167,1.12,1.00
2016.03.22 08:44:55.058,0.85154,0.85167,1.47,1.12
2016.03.22 08:44:57.085,0.85157,0.85169,1.00,1.50
2016.03.22 08:45:00.484,0.85158,0.8517,1.00,1.50
2016.03.22 08:45:01.046,0.85156,0.8517,1.47,1.87
2016.03.22 08:45:01.452,0.85156,0.8517,2.62,1.87
2016.03.22 08:45:01.503,0.85158,0.85172,1.63,1.87
2016.03.22 08:45:03.111,0.85156,0.8517,2.38,1.37
2016.03.22 08:45:03.481,0.85155,0.85167,1.50,1.37
2016.03.22 08:45:04.385,0.85152,0.85166,1.47,1.87
2016.03.22 08:45:04.892,0.85152,0.85164,1.00,1.50
2016.03.22 08:45:05.714,0.85148,0.85162,1.50,1.37
2016.03.22 08:45:06.019,0.85151,0.85164,1.12,1.12
2016.03.22 08:45:06.633,0.8515,0.85162,1.20,1.00
2016.03.22 08:45:06.735,0.85148,0.85162,1.47,1.87
2016.03.22 08:45:08.432,0.85145,0.85159,1.47,1.37
2016.03.22 08:45:08.940,0.85143,0.85157,1.12,1.12
2016.03.22 08:45:10.720,0.85146,0.85159,1.12,1.50
2016.03.22 08:45:10.923,0.85145,0.85158,1.37,1.87
2016.03.22 08:45:11.025,0.85144,0.85156,1.37,1.37
2016.03.22 08:45:11.325,0.85146,0.85159,1.37,1.12
2016.03.22 08:45:12.083,0.85146,0.85158,1.37,1.00
2016.03.22 08:45:12.299,0.85144,0.85157,1.20,1.50
2016.03.22 08:45:12.653,0.85143,0.85155,1.37,1.37
2016.03.22 08:45:15.261,0.8514,0.85152,1.47,1.37
2016.03.22 08:45:15.464,0.85141,0.85155,1.47,1.87
2016.03.22 08:45:16.767,0.8514,0.85152,1.10,1.00
2016.03.22 08:45:17.334,0.85141,0.85154,1.37,1.12
2016.03.22 08:45:17.638,0.85139,0.85153,1.75,1.37
2016.03.22 08:45:17.841,0.85141,0.85155,1.47,1.37
2016.03.22 08:45:19.257,0.8514,0.85153,1.12,1.12
2016.03.22 08:45:19.467,0.85141,0.85155,2.25,1.37
2016.03.22 08:45:20.663,0.8514,0.85152,1.75,1.37
2016.03.22 08:45:20.765,0.85142,0.85154,1.00,1.00
2016.03.22 08:45:23.545,0.85141,0.85154,1.12,1.12
2016.03.22 08:45:24.051,0.85141,0.85155,1.20,1.12
2016.03.22 08:45:24.254,0.85139,0.85153,2.25,1.37
2016.03.22 08:45:24.598,0.85141,0.85155,1.47,1.37
2016.03.22 08:45:25.457,0.8514,0.85152,1.87,1.00
2016.03.22 08:45:25.839,0.85142,0.85154,1.37,1.37
2016.03.22 08:45:25.890,0.8514,0.85152,1.12,1.00
2016.03.22 08:45:26.397,0.8514,0.85152,1.10,1.00
2016.03.22 08:45:27.469,0.8514,0.8515,1.00,1.00
2016.03.22 08:45:27.570,0.8514,0.85152,1.00,1.50
2016.03.22 08:45:27.672,0.85136,0.8515,1.50,1.37
2016.03.22 08:45:27.975,0.85138,0.85152,1.37,1.37
2016.03.22 08:45:28.953,0.85136,0.85151,4.50,1.37
2016.03.22 08:45:29.004,0.85136,0.8515,1.50,1.37
2016.03.22 08:45:31.074,0.85137,0.8515,1.47,3.00
2016.03.22 08:45:31.596,0.85138,0.8515,1.37,2.25
2016.03.22 08:45:32.002,0.85138,0.85148,1.37,1.00
2016.03.22 08:45:32.471,0.85137,0.85146,1.12,1.50
2016.03.22 08:45:32.609,0.85129,0.85143,1.50,1.87
2016.03.22 08:45:32.711,0.85127,0.85141,1.47,1.37
2016.03.22 08:45:33.317,0.85127,0.85139,1.37,1.00
2016.03.22 08:45:33.830,0.85127,0.85138,1.37,3.75
2016.03.22 08:45:34.184,0.85125,0.85135,1.12,1.12
2016.03.22 08:45:34.235,0.85121,0.85135,1.75,1.87
2016.03.22 08:45:34.286,0.85121,0.85131,1.12,1.00
2016.03.22 08:45:34.540,0.85118,0.85131,1.50,1.50
2016.03.22 08:45:34.692,0.85117,0.85128,1.92,1.37
2016.03.22 08:45:34.889,0.85114,0.85127,1.12,1.12
2016.03.22 08:45:35.396,0.85109,0.85122,1.50,1.37
2016.03.22 08:45:37.048,0.85107,0.8512,1.87,1.37
2016.03.22 08:45:37.352,0.85107,0.85119,1.87,1.12
2016.03.22 08:45:38.617,0.85106,0.85119,1.87,1.12
2016.03.22 08:45:38.925,0.85107,0.8512,1.10,1.37
2016.03.22 08:45:38.976,0.85114,0.8512,4.12,1.00
2016.03.22 08:45:39.299,0.85119,0.85132,2.25,1.12
2016.03.22 08:45:39.351,0.85119,0.85133,3.00,1.12
2016.03.22 08:45:39.403,0.85123,0.85135,1.75,6.75
2016.03.22 08:45:39.454,0.85125,0.85135,1.37,3.37
2016.03.22 08:45:40.063,0.85123,0.85135,1.50,3.37
2016.03.22 08:45:40.270,0.85121,0.85135,1.75,5.25
2016.03.22 08:45:40.574,0.85117,0.8513,2.62,1.37
2016.03.22 08:45:40.878,0.85121,0.85132,1.87,4.12
2016.03.22 08:45:41.180,0.85124,0.85132,1.12,3.75
2016.03.22 08:45:42.238,0.85124,0.85137,1.87,1.37
2016.03.22 08:45:42.539,0.85127,0.85136,1.00,3.75
2016.03.22 08:45:42.691,0.85129,0.85139,1.00,4.12
2016.03.22 08:45:43.197,0.85128,0.85139,1.87,3.00
2016.03.22 08:45:43.742,0.85128,0.85141,1.87,1.37
2016.03.22 08:45:43.894,0.85127,0.85141,1.47,1.37
2016.03.22 08:45:44.046,0.85126,0.85141,1.12,4.12
2016.03.22 08:45:44.501,0.85126,0.8514,1.95,1.37
2016.03.22 08:45:46.435,0.85126,0.85138,1.37,1.00
2016.03.22 08:45:46.487,0.85124,0.85137,1.13,1.37
2016.03.22 08:45:46.589,0.85122,0.85135,1.52,1.12
2016.03.22 08:45:46.794,0.85123,0.85137,2.65,1.50
2016.03.22 08:45:47.483,0.85124,0.85137,1.50,1.12
2016.03.22 08:45:48.542,0.85123,0.85136,1.15,1.12
2016.03.22 08:45:49.200,0.8512,0.85133,2.25,1.12
2016.03.22 08:45:49.487,0.85118,0.85133,2.25,1.12
2016.03.22 08:45:49.996,0.85116,0.85131,1.50,1.37
2016.03.22 08:45:50.097,0.85116,0.85129,1.12,1.12
2016.03.22 08:45:50.302,0.8512,0.85134,1.47,1.87
2016.03.22 08:45:50.560,0.85122,0.85135,1.37,1.12
2016.03.22 08:45:50.863,0.85117,0.85131,1.47,1.37
2016.03.22 08:45:51.167,0.85116,0.85128,1.24,1.37
2016.03.22 08:45:51.482,0.85112,0.85127,1.50,1.12
2016.03.22 08:45:52.464,0.85113,0.85127,2.25,1.12
2016.03.22 08:45:52.515,0.85115,0.85127,1.10,1.00
2016.03.22 08:45:52.939,0.85117,0.85127,1.10,1.00
2016.03.22 08:45:53.041,0.85118,0.8513,1.00,1.37
2016.03.22 08:45:53.396,0.85115,0.8513,1.87,1.12
2016.03.22 08:45:53.699,0.85114,0.85129,1.47,1.12
2016.03.22 08:45:54.223,0.85115,0.85129,1.37,1.12
2016.03.22 08:45:56.082,0.85117,0.85129,1.05,1.87
2016.03.22 08:45:56.386,0.85129,0.85134,1.00,1.26
2016.03.22 08:45:56.742,0.85127,0.85134,1.20,1.26
2016.03.22 08:45:57.467,0.85126,0.8514,1.50,1.87
2016.03.22 08:45:58.405,0.85127,0.8514,1.50,1.37
2016.03.22 08:45:58.910,0.85126,0.8514,1.47,1.87
2016.03.22 08:46:01.048,0.85126,0.85138,1.37,1.00
2016.03.22 08:46:01.357,0.85124,0.85141,1.87,1.26
2016.03.22 08:46:01.408,0.85128,0.85141,1.00,1.26
2016.03.22 08:46:01.509,0.85124,0.85141,1.87,1.18
2016.03.22 08:46:01.668,0.85124,0.85139,1.50,1.00
2016.03.22 08:46:01.972,0.85118,0.85128,1.55,1.00
2016.03.22 08:46:02.512,0.85118,0.85127,1.55,1.00
2016.03.22 08:46:02.765,0.85113,0.85125,1.00,3.13
2016.03.22 08:46:03.271,0.85112,0.85125,1.20,3.27
2016.03.22 08:46:04.982,0.85114,0.85127,1.87,2.89
2016.03.22 08:46:06.682,0.85117,0.85131,1.37,1.87
2016.03.22 08:46:07.019,0.85121,0.85135,1.75,1.87
2016.03.22 08:46:07.324,0.85122,0.85135,1.12,1.37
2016.03.22 08:46:07.831,0.85124,0.85137,1.12,1.12
2016.03.22 08:46:08.383,0.85125,0.85139,1.50,1.87
2016.03.22 08:46:09.217,0.85124,0.85138,1.12,1.87
2016.03.22 08:46:09.272,0.85124,0.85137,1.12,1.12
2016.03.22 08:46:09.778,0.85125,0.85138,1.47,1.12
2016.03.22 08:46:10.396,0.85122,0.85136,4.12,1.37
2016.03.22 08:46:10.499,0.85122,0.85136,1.50,1.87
2016.03.22 08:46:11.059,0.85119,0.85134,5.25,1.75
2016.03.22 08:46:11.110,0.85119,0.85131,1.87,1.00
2016.03.22 08:46:11.570,0.8512,0.85134,1.47,1.37
2016.03.22 08:46:11.722,0.85121,0.85134,1.87,1.37
2016.03.22 08:46:11.773,0.85124,0.85136,1.10,1.00
2016.03.22 08:46:11.875,0.85122,0.85135,1.37,1.37
2016.03.22 08:46:12.382,0.85121,0.85135,1.50,1.37
2016.03.22 08:46:16.019,0.85121,0.85135,1.87,1.37
2016.03.22 08:46:16.475,0.8512,0.85135,1.50,2.62
2016.03.22 08:46:16.692,0.85117,0.85131,1.75,1.37
2016.03.22 08:46:17.199,0.85117,0.85131,2.62,1.37
2016.03.22 08:46:17.250,0.85117,0.85131,2.25,1.37
2016.03.22 08:46:17.301,0.85119,0.85133,1.37,1.37
2016.03.22 08:46:17.606,0.85119,0.85133,1.87,1.37
2016.03.22 08:46:18.008,0.85123,0.85136,1.80,1.12
2016.03.22 08:46:18.312,0.8513,0.85143,1.12,1.12
2016.03.22 08:46:18.414,0.85131,0.85143,1.10,1.00
2016.03.22 08:46:18.566,0.85131,0.85143,1.50,1.00
2016.03.22 08:46:18.871,0.85135,0.85147,1.12,1.32
2016.03.22 08:46:18.973,0.85135,0.85147,1.37,1.00
2016.03.22 08:46:19.176,0.85137,0.85149,1.12,1.00
2016.03.22 08:46:19.379,0.85141,0.85149,1.00,1.00
2016.03.22 08:46:19.481,0.85143,0.85157,1.37,1.37
2016.03.22 08:46:19.622,0.85144,0.85159,1.75,4.87
2016.03.22 08:46:19.676,0.85145,0.85159,1.50,1.87
2016.03.22 08:46:20.183,0.85147,0.85161,1.37,1.37
2016.03.22 08:46:20.561,0.85148,0.85163,1.20,1.37
2016.03.22 08:46:20.866,0.8515,0.85164,1.50,1.12
2016.03.22 08:46:21.373,0.85152,0.85164,1.47,1.37
2016.03.22 08:46:22.419,0.85154,0.85164,1.12,1.37
2016.03.22 08:46:22.725,0.85158,0.85171,3.82,1.75
2016.03.22 08:46:22.827,0.85155,0.85169,2.62,1.37
2016.03.22 08:46:23.332,0.85155,0.85169,1.75,1.37
2016.03.22 08:46:23.875,0.85155,0.85169,2.25,1.37
2016.03.22 08:46:24.409,0.85157,0.85169,1.50,1.37
2016.03.22 08:46:24.510,0.85164,0.85172,1.00,3.75
2016.03.22 08:46:24.612,0.85166,0.85182,1.20,4.12
2016.03.22 08:46:24.714,0.85166,0.85183,4.12,5.25
2016.03.22 08:46:24.867,0.85165,0.85183,1.87,4.50
2016.03.22 08:46:25.384,0.85165,0.85183,2.25,4.50
2016.03.22 08:46:25.842,0.85165,0.85183,1.87,9.75
2016.03.22 08:46:26.155,0.85164,0.85178,1.87,1.37
2016.03.22 08:46:26.678,0.85164,0.85178,1.75,1.37
2016.03.22 08:46:27.191,0.85164,0.85178,1.47,1.37
2016.03.22 08:46:28.307,0.85164,0.85174,1.47,1.37
2016.03.22 08:46:28.612,0.85152,0.85161,1.50,1.00
2016.03.22 08:46:28.663,0.85151,0.85161,1.37,1.00
2016.03.22 08:46:28.866,0.85147,0.85161,1.75,1.37
2016.03.22 08:46:29.018,0.85148,0.85161,1.37,1.37
2016.03.22 08:46:29.555,0.85152,0.85163,1.50,1.12
2016.03.22 08:46:29.657,0.85153,0.85166,1.12,1.12
2016.03.22 08:46:29.709,0.85154,0.85167,1.12,1.37
2016.03.22 08:46:29.862,0.85156,0.85168,1.50,1.37
2016.03.22 08:46:29.964,0.85157,0.8517,1.37,1.37
2016.03.22 08:46:30.166,0.85159,0.85171,1.12,1.00
2016.03.22 08:46:31.189,0.85159,0.85171,1.50,1.00
2016.03.22 08:46:31.341,0.85161,0.85175,1.75,1.75
2016.03.22 08:46:31.443,0.85162,0.85176,1.12,1.87
2016.03.22 08:46:31.979,0.85162,0.85175,1.50,1.37
2016.03.22 08:46:32.333,0.85164,0.85177,1.57,1.12
2016.03.22 08:46:32.536,0.85165,0.85179,2.25,1.37
2016.03.22 08:46:33.082,0.85165,0.85179,2.62,1.37
2016.03.22 08:46:33.601,0.85165,0.85179,2.25,1.37
2016.03.22 08:46:33.805,0.85168,0.85181,1.47,1.12
2016.03.22 08:46:35.360,0.85168,0.8518,3.30,1.00
2016.03.22 08:46:35.614,0.85168,0.85181,1.37,1.12
2016.03.22 08:46:35.817,0.85166,0.8518,1.50,1.87
2016.03.22 08:46:36.266,0.85164,0.85179,1.50,1.12
2016.03.22 08:46:36.571,0.85163,0.85176,1.39,1.37
2016.03.22 08:46:36.876,0.8516,0.85171,1.02,1.00
2016.03.22 08:46:37.385,0.8516,0.85172,1.02,1.87
2016.03.22 08:46:37.789,0.85158,0.85171,1.20,1.18
2016.03.22 08:46:37.891,0.85157,0.85169,3.75,1.00
2016.03.22 08:46:37.942,0.85156,0.85169,1.20,1.37
2016.03.22 08:46:38.044,0.85155,0.85169,1.77,1.87
2016.03.22 08:46:38.146,0.85156,0.85169,1.20,1.50
2016.03.22 08:46:38.559,0.85155,0.85167,1.77,1.00
2016.03.22 08:46:38.913,0.85157,0.8517,1.50,3.75
2016.03.22 08:46:38.964,0.85157,0.85171,2.25,1.55
2016.03.22 08:46:39.015,0.85157,0.85171,2.62,1.55
2016.03.22 08:46:39.536,0.85158,0.85171,1.87,1.55
2016.03.22 08:46:40.332,0.85157,0.85171,2.62,1.37
2016.03.22 08:46:40.535,0.85157,0.85171,3.00,1.37
2016.03.22 08:46:41.412,0.85156,0.8517,1.50,2.76
2016.03.22 08:46:41.463,0.85155,0.85169,1.12,1.26
2016.03.22 08:46:41.564,0.85154,0.85166,1.50,1.37
2016.03.22 08:46:43.165,0.85152,0.85164,1.12,1.00
2016.03.22 08:46:43.268,0.85149,0.85164,2.52,1.12
2016.03.22 08:46:43.978,0.85149,0.85163,1.75,1.50
2016.03.22 08:46:44.526,0.85149,0.85162,1.50,1.12
2016.03.22 08:46:45.033,0.85149,0.85163,1.75,1.50
2016.03.22 08:46:45.338,0.85153,0.85164,1.00,1.26
2016.03.22 08:46:45.691,0.85149,0.8516,2.62,1.00
2016.03.22 08:46:45.995,0.85147,0.85161,1.75,1.12
2016.03.22 08:46:46.508,0.85147,0.8516,1.87,2.01
2016.03.22 08:46:47.032,0.85147,0.8516,1.50,2.01
2016.03.22 08:46:47.595,0.85147,0.85159,1.50,1.63
2016.03.22 08:46:48.303,0.85145,0.85158,1.87,1.55
2016.03.22 08:46:48.805,0.85144,0.85158,2.62,1.37
2016.03.22 08:46:50.873,0.85144,0.85157,1.50,1.50
2016.03.22 08:46:51.379,0.85144,0.85156,1.50,1.12
2016.03.22 08:46:52.439,0.85144,0.85157,1.75,1.87
2016.03.22 08:46:53.492,0.85144,0.85157,1.75,1.00
2016.03.22 08:46:54.833,0.85144,0.85158,1.50,1.50
2016.03.22 08:46:55.122,0.85143,0.85155,1.10,1.00
2016.03.22 08:46:56.289,0.85143,0.85155,1.10,2.25
2016.03.22 08:46:56.934,0.85143,0.85155,1.12,2.25
2016.03.22 08:46:57.238,0.85144,0.85155,1.12,1.87
2016.03.22 08:46:57.414,0.85145,0.85158,1.75,1.00
2016.03.22 08:46:57.921,0.85143,0.85157,1.87,1.37
2016.03.22 08:46:58.428,0.85145,0.85158,1.12,1.12
2016.03.22 08:46:58.530,0.85147,0.85159,1.47,1.87
2016.03.22 08:46:58.935,0.8515,0.85159,1.12,1.50
2016.03.22 08:46:59.241,0.85153,0.8516,2.25,1.50
2016.03.22 08:47:00.105,0.85155,0.85162,1.20,1.50
2016.03.22 08:47:00.606,0.85158,0.85169,1.00,1.50
2016.03.22 08:47:01.533,0.85158,0.85168,1.00,1.50
2016.03.22 08:47:01.837,0.85155,0.85168,1.12,1.00
2016.03.22 08:47:02.345,0.85155,0.85168,1.12,1.00
2016.03.22 08:47:02.442,0.85154,0.85168,1.87,1.12
2016.03.22 08:47:02.948,0.85156,0.85168,1.47,1.12
2016.03.22 08:47:03.201,0.85156,0.85167,1.47,1.37
2016.03.22 08:47:03.731,0.85156,0.85167,1.75,1.37
2016.03.22 08:47:04.238,0.85156,0.85167,1.47,1.37
2016.03.22 08:47:04.573,0.85158,0.8517,2.25,2.25
2016.03.22 08:47:05.079,0.8516,0.8517,1.12,1.37
2016.03.22 08:47:05.833,0.85161,0.85173,1.37,1.37
2016.03.22 08:47:06.087,0.85159,0.85172,1.20,1.50
2016.03.22 08:47:06.331,0.85155,0.85169,2.08,1.12
2016.03.22 08:47:07.611,0.85156,0.85169,1.87,2.38
2016.03.22 08:47:07.967,0.85161,0.85169,1.37,1.26
2016.03.22 08:47:08.541,0.85159,0.85169,1.20,1.26
2016.03.22 08:47:08.592,0.85158,0.85169,1.50,1.26
2016.03.22 08:47:08.744,0.85158,0.85171,1.50,1.63
2016.03.22 08:47:09.048,0.85156,0.85169,1.50,1.37
2016.03.22 08:47:09.678,0.85156,0.8517,1.50,1.55
2016.03.22 08:47:10.190,0.85156,0.8517,2.25,2.38
2016.03.22 08:47:10.493,0.85159,0.8517,1.47,1.26
2016.03.22 08:47:11.010,0.85158,0.8517,1.50,1.26
2016.03.22 08:47:11.718,0.85158,0.85171,1.47,1.63
2016.03.22 08:47:11.956,0.85159,0.85171,4.12,1.26
2016.03.22 08:47:12.462,0.85161,0.85171,1.12,1.26
2016.03.22 08:47:12.564,0.85161,0.85171,1.50,1.26
2016.03.22 08:47:12.954,0.85162,0.85176,1.47,3.13
2016.03.22 08:47:13.258,0.8516,0.85176,1.26,6.88
2016.03.22 08:47:13.309,0.8516,0.85172,1.18,1.00
2016.03.22 08:47:13.462,0.8516,0.85174,1.90,1.37
2016.03.22 08:47:13.513,0.85161,0.85175,1.47,1.55
2016.03.22 08:47:13.564,0.85161,0.85176,1.50,3.13
2016.03.22 08:47:13.869,0.85165,0.85176,1.37,1.26
2016.03.22 08:47:14.324,0.85165,0.85178,1.37,2.38
2016.03.22 08:47:15.357,0.85165,0.85178,4.20,1.26
2016.03.22 08:47:15.610,0.85167,0.8518,1.12,1.63
2016.03.22 08:47:17.325,0.85167,0.8518,1.12,1.63
2016.03.22 08:47:19.174,0.85167,0.8518,1.12,1.88
2016.03.22 08:47:19.225,0.85169,0.85179,1.00,1.37
2016.03.22 08:47:19.377,0.85168,0.85181,2.32,1.37
2016.03.22 08:47:19.784,0.85166,0.8518,1.47,1.37
2016.03.22 08:47:19.885,0.85168,0.85181,1.37,1.12
2016.03.22 08:47:20.189,0.85166,0.8518,1.47,1.37
2016.03.22 08:47:20.529,0.85164,0.85178,1.74,1.87
2016.03.22 08:47:20.631,0.85162,0.85176,2.25,1.55
2016.03.22 08:47:21.237,0.85162,0.85176,1.47,2.01
2016.03.22 08:47:21.289,0.85161,0.85173,1.12,1.00
2016.03.22 08:47:21.791,0.85159,0.85172,1.77,1.37
2016.03.22 08:47:22.984,0.85159,0.85172,1.20,1.37
2016.03.22 08:47:23.085,0.85159,0.85172,1.10,4.12
2016.03.22 08:47:23.490,0.85155,0.85169,1.12,1.75
2016.03.22 08:47:23.602,0.85158,0.8517,1.00,1.00
2016.03.22 08:47:25.602,0.85158,0.85172,1.47,1.55
2016.03.22 08:47:26.002,0.85156,0.85171,1.47,1.12
2016.03.22 08:47:26.306,0.85158,0.85172,1.37,1.55
2016.03.22 08:47:26.609,0.85156,0.85171,1.47,1.12
2016.03.22 08:47:27.697,0.85156,0.85171,4.20,2.76
2016.03.22 08:47:27.900,0.85157,0.85169,1.00,1.00
2016.03.22 08:47:28.103,0.85157,0.85166,1.00,1.00
2016.03.22 08:47:28.205,0.85153,0.85164,1.77,1.00
2016.03.22 08:47:28.306,0.85151,0.85163,1.02,1.87
2016.03.22 08:47:28.715,0.85147,0.8516,1.37,1.87
2016.03.22 08:47:28.817,0.85145,0.85158,1.02,1.37
2016.03.22 08:47:30.263,0.85144,0.85158,1.12,2.38
2016.03.22 08:47:31.624,0.85145,0.85159,1.50,2.01
2016.03.22 08:47:32.116,0.85143,0.85156,1.09,1.37
2016.03.22 08:47:34.995,0.85143,0.85156,1.50,1.55
2016.03.22 08:47:35.506,0.85146,0.85158,1.00,2.01
2016.03.22 08:47:35.709,0.85146,0.85158,1.10,1.00
2016.03.22 08:47:35.810,0.85146,0.8516,1.50,1.26
2016.03.22 08:47:35.861,0.85147,0.85161,1.47,2.38
2016.03.22 08:47:36.235,0.85149,0.85161,2.32,1.26
2016.03.22 08:47:36.540,0.85153,0.85161,2.25,1.26
2016.03.22 08:47:37.051,0.85154,0.85168,1.63,1.37
2016.03.22 08:47:37.410,0.85156,0.85168,1.37,1.37
2016.03.22 08:47:37.461,0.85159,0.8517,1.00,1.00
2016.03.22 08:47:37.766,0.85156,0.8517,1.37,1.50
2016.03.22 08:47:39.123,0.85157,0.85171,1.63,1.87
2016.03.22 08:47:39.331,0.85159,0.85173,1.37,1.87
2016.03.22 08:47:39.432,0.85157,0.85171,2.76,1.12
2016.03.22 08:47:39.635,0.85159,0.85173,1.37,1.87
2016.03.22 08:47:41.484,0.85159,0.85173,2.25,1.37
2016.03.22 08:47:41.535,0.8516,0.85173,4.87,1.00
2016.03.22 08:47:42.017,0.85161,0.85175,1.50,1.12
2016.03.22 08:47:42.271,0.8516,0.85174,2.62,1.37
2016.03.22 08:47:42.372,0.8516,0.85174,1.50,1.37
2016.03.22 08:47:42.581,0.85162,0.85176,1.47,3.13
2016.03.22 08:47:42.938,0.85161,0.85175,1.37,1.93
2016.03.22 08:47:43.242,0.85158,0.85172,2.14,1.12
2016.03.22 08:47:43.676,0.85156,0.8517,1.50,1.12
2016.03.22 08:47:44.549,0.85158,0.85171,1.37,1.12
2016.03.22 08:47:44.839,0.85158,0.85171,1.37,1.63
2016.03.22 08:47:47.413,0.85158,0.85172,1.37,3.13
2016.03.22 08:47:48.160,0.85155,0.85169,4.63,1.37
2016.03.22 08:47:50.069,0.85157,0.85171,1.37,3.13
2016.03.22 08:47:50.281,0.85158,0.85171,1.12,1.55
2016.03.22 08:47:50.382,0.85156,0.85171,1.65,1.26
2016.03.22 08:47:51.442,0.85156,0.85169,1.37,1.63
2016.03.22 08:47:51.494,0.85154,0.85168,1.47,1.51
2016.03.22 08:47:51.797,0.85151,0.85165,1.51,1.37
2016.03.22 08:47:53.835,0.85153,0.85167,1.55,1.37
2016.03.22 08:47:54.397,0.85153,0.85165,1.55,1.00
2016.03.22 08:47:54.701,0.85151,0.85163,1.26,1.37
2016.03.22 08:47:55.047,0.85149,0.85163,1.51,3.13
2016.03.22 08:47:55.098,0.85148,0.85157,1.26,1.37
2016.03.22 08:47:56.167,0.85143,0.85157,1.65,1.37
2016.03.22 08:47:56.675,0.85146,0.85158,1.12,1.39
2016.03.22 08:47:57.019,0.85153,0.85165,1.12,4.12
2016.03.22 08:47:57.323,0.8515,0.85163,1.33,1.00
2016.03.22 08:47:58.392,0.8515,0.85164,1.33,1.12
2016.03.22 08:47:59.111,0.8515,0.85162,1.26,1.00
2016.03.22 08:47:59.655,0.8515,0.85162,1.55,1.00
2016.03.22 08:47:59.859,0.85152,0.85166,1.50,1.87
2016.03.22 08:47:59.961,0.85152,0.85166,2.62,1.37
2016.03.22 08:48:00.013,0.85154,0.85168,1.50,2.52
2016.03.22 08:48:00.165,0.85154,0.85168,1.87,2.52
2016.03.22 08:48:00.463,0.85157,0.85169,1.10,1.50
2016.03.22 08:48:01.293,0.85157,0.85169,1.20,1.12
2016.03.22 08:48:01.844,0.85159,0.8517,1.00,1.00
2016.03.22 08:48:03.139,0.85159,0.85171,1.10,1.50
2016.03.22 08:48:03.726,0.85159,0.8517,1.10,1.00
2016.03.22 08:48:04.076,0.85163,0.85172,1.37,1.00
2016.03.22 08:48:04.127,0.8516,0.85172,1.20,1.12
2016.03.22 08:48:04.743,0.85159,0.85169,1.37,1.00
2016.03.22 08:48:04.844,0.85157,0.85169,1.37,1.00
2016.03.22 08:48:05.447,0.8516,0.85172,1.00,2.14
2016.03.22 08:48:06.137,0.85157,0.85171,2.25,1.77
2016.03.22 08:48:06.639,0.85157,0.8517,1.50,1.12
2016.03.22 08:48:06.943,0.85155,0.8517,1.75,1.87
2016.03.22 08:48:07.348,0.85157,0.85171,1.47,2.52
2016.03.22 08:48:07.821,0.85157,0.85172,1.20,1.77
2016.03.22 08:48:08.332,0.85159,0.85172,1.47,1.02
2016.03.22 08:48:08.843,0.85159,0.85172,1.47,1.02
2016.03.22 08:48:09.837,0.85159,0.85172,1.47,1.02
2016.03.22 08:48:10.343,0.85159,0.85172,1.50,1.02
2016.03.22 08:48:11.277,0.85159,0.85172,1.37,1.12
2016.03.22 08:48:12.466,0.85157,0.85172,2.46,1.87
2016.03.22 08:48:15.194,0.85157,0.85172,1.50,2.01
2016.03.22 08:48:15.701,0.85156,0.8517,1.93,1.37
2016.03.22 08:48:16.786,0.85159,0.85172,1.12,1.26
2016.03.22 08:48:17.090,0.85161,0.85173,1.47,2.38
2016.03.22 08:48:17.639,0.85161,0.85175,1.47,2.01
2016.03.22 08:48:18.347,0.85161,0.85173,1.50,1.12
2016.03.22 08:48:18.398,0.85161,0.85171,1.12,1.00
2016.03.22 08:48:18.702,0.85158,0.85168,1.26,1.37
2016.03.22 08:48:18.864,0.85158,0.8517,2.38,1.12
2016.03.22 08:48:19.383,0.85156,0.85168,1.26,1.12
2016.03.22 08:48:19.484,0.85154,0.85168,2.46,1.87
2016.03.22 08:48:20.537,0.85154,0.85168,1.47,1.87
2016.03.22 08:48:21.899,0.85155,0.85169,1.12,1.12
2016.03.22 08:48:22.001,0.85158,0.85171,1.00,1.50
2016.03.22 08:48:22.052,0.85159,0.85171,1.37,1.50
2016.03.22 08:48:22.205,0.85161,0.85174,1.37,1.66
2016.03.22 08:48:23.611,0.85161,0.85172,1.37,1.00
2016.03.22 08:48:24.295,0.85161,0.85175,1.37,1.37
2016.03.22 08:48:25.993,0.85159,0.85173,1.63,1.87
2016.03.22 08:48:26.871,0.85159,0.8517,1.12,1.00
2016.03.22 08:48:26.922,0.85156,0.8517,1.51,1.50
2016.03.22 08:48:28.404,0.85154,0.85165,1.33,1.00
2016.03.22 08:48:28.915,0.85153,0.85165,1.63,1.12
2016.03.22 08:48:30.095,0.85152,0.85165,1.37,1.12
2016.03.22 08:48:30.197,0.85149,0.85164,1.20,1.87
2016.03.22 08:48:30.502,0.85146,0.85161,1.75,1.12
2016.03.22 08:48:31.084,0.85146,0.8516,1.47,1.50
2016.03.22 08:48:31.692,0.85145,0.85159,1.50,1.37
2016.03.22 08:48:32.078,0.8514,0.85154,1.47,2.62
2016.03.22 08:48:32.382,0.85138,0.85151,2.62,1.12
2016.03.22 08:48:32.686,0.85136,0.85148,1.07,1.37
2016.03.22 08:48:32.839,0.85136,0.8515,2.57,1.37
2016.03.22 08:48:33.364,0.85136,0.85149,1.87,1.37
2016.03.22 08:48:33.416,0.85136,0.85149,1.50,1.37
2016.03.22 08:48:33.517,0.85135,0.85148,1.50,1.12
2016.03.22 08:48:33.832,0.85136,0.85149,1.50,1.37
2016.03.22 08:48:34.036,0.85135,0.85147,1.12,1.37
2016.03.22 08:48:34.833,0.85134,0.85147,1.50,1.37
2016.03.22 08:48:35.541,0.85134,0.85147,1.12,4.12
2016.03.22 08:48:36.057,0.85132,0.85147,2.25,4.12
2016.03.22 08:48:36.562,0.85132,0.85147,1.47,4.72
2016.03.22 08:48:36.865,0.8513,0.85142,1.12,1.37
2016.03.22 08:48:37.407,0.85129,0.85142,1.37,4.12
2016.03.22 08:48:37.458,0.85129,0.85142,1.10,4.12
2016.03.22 08:48:37.510,0.85127,0.85138,1.87,3.75
2016.03.22 08:48:37.561,0.85127,0.85138,1.00,3.75
2016.03.22 08:48:37.612,0.85126,0.85136,1.10,3.75
2016.03.22 08:48:38.144,0.85124,0.85133,1.44,1.00
2016.03.22 08:48:38.599,0.85125,0.85133,1.37,1.00
2016.03.22 08:48:38.700,0.85126,0.85139,1.50,1.37
2016.03.22 08:48:39.055,0.85125,0.85139,1.50,4.12
2016.03.22 08:48:41.322,0.85126,0.85138,1.12,1.00
2016.03.22 08:48:41.872,0.85126,0.85138,1.50,1.00
2016.03.22 08:48:42.403,0.85128,0.85138,1.00,1.00
2016.03.22 08:48:42.455,0.85128,0.8514,1.50,1.00
2016.03.22 08:48:42.963,0.85129,0.85143,1.95,1.37
2016.03.22 08:48:44.545,0.85132,0.85146,1.37,1.72
2016.03.22 08:48:47.749,0.85135,0.85147,1.00,1.00
2016.03.22 08:48:48.053,0.85132,0.85146,1.47,1.37
2016.03.22 08:48:49.250,0.85134,0.85148,1.37,1.37
2016.03.22 08:48:49.555,0.85133,0.85145,1.37,1.37
2016.03.22 08:48:49.933,0.85134,0.85148,1.37,1.37
2016.03.22 08:48:50.460,0.85134,0.85146,1.37,1.00
2016.03.22 08:48:50.663,0.8513,0.85144,1.20,1.12
2016.03.22 08:48:50.764,0.85131,0.85145,1.37,1.37
2016.03.22 08:48:52.434,0.85133,0.85145,1.87,1.37
2016.03.22 08:48:52.739,0.85139,0.85151,1.37,1.37
2016.03.22 08:48:53.748,0.85139,0.8515,1.00,1.12
2016.03.22 08:48:54.053,0.8515,0.85157,1.87,1.00
2016.03.22 08:48:54.205,0.85153,0.85167,1.20,1.12
2016.03.22 08:48:55.542,0.85154,0.85169,1.87,1.87
2016.03.22 08:48:55.752,0.85154,0.85167,1.57,1.12
2016.03.22 08:48:56.057,0.85162,0.8517,1.00,1.12
2016.03.22 08:48:56.159,0.85162,0.85174,1.00,1.87
2016.03.22 08:48:56.685,0.85162,0.85176,1.87,1.12
2016.03.22 08:48:57.592,0.85162,0.85176,1.50,1.12
2016.03.22 08:48:59.261,0.85162,0.85176,2.62,1.12
2016.03.22 08:48:59.363,0.85167,0.85178,1.37,1.12
2016.03.22 08:49:00.372,0.85168,0.85182,1.50,1.37
2016.03.22 08:49:00.575,0.85171,0.85185,1.37,1.37
2016.03.22 08:49:01.256,0.85171,0.85185,3.00,1.37
2016.03.22 08:49:01.358,0.85173,0.85187,1.95,1.37
2016.03.22 08:49:01.460,0.85175,0.85189,1.37,1.87
2016.03.22 08:49:01.764,0.85171,0.85185,3.00,1.37
2016.03.22 08:49:02.281,0.85171,0.85177,1.00,1.00
2016.03.22 08:49:02.484,0.85163,0.85174,1.00,1.12
2016.03.22 08:49:02.586,0.85163,0.85175,1.00,1.37
2016.03.22 08:49:03.144,0.85161,0.85174,1.63,1.37
2016.03.22 08:49:03.665,0.85162,0.85174,1.00,1.00
2016.03.22 08:49:03.970,0.85165,0.85177,1.00,1.37
2016.03.22 08:49:04.475,0.85163,0.85177,1.47,1.37
2016.03.22 08:49:06.197,0.85165,0.85179,1.95,1.37
2016.03.22 08:49:06.500,0.85168,0.85181,1.50,1.12
2016.03.22 08:49:07.509,0.85166,0.8518,1.57,1.37
2016.03.22 08:49:08.023,0.85168,0.8518,1.10,1.37
2016.03.22 08:49:08.490,0.85168,0.85182,1.37,1.37
2016.03.22 08:49:11.624,0.8517,0.85182,1.00,1.37
2016.03.22 08:49:11.808,0.8517,0.85184,2.25,1.12
2016.03.22 08:49:12.766,0.85172,0.85184,1.50,1.12
2016.03.22 08:49:12.818,0.85173,0.85186,1.57,1.12
2016.03.22 08:49:13.102,0.85174,0.85188,2.25,1.37
2016.03.22 08:49:14.121,0.85177,0.85188,1.12,1.37
2016.03.22 08:49:14.223,0.85181,0.85194,1.20,1.07
2016.03.22 08:49:14.517,0.85185,0.85199,1.37,1.69
2016.03.22 08:49:15.225,0.85186,0.852,1.87,4.12
2016.03.22 08:49:15.377,0.85186,0.85201,1.87,1.87
2016.03.22 08:49:15.428,0.85184,0.85198,1.95,1.37
2016.03.22 08:49:15.915,0.85182,0.85195,1.12,1.12
2016.03.22 08:49:17.612,0.8518,0.85192,1.00,1.00
2016.03.22 08:49:17.815,0.85177,0.85191,3.75,1.37
2016.03.22 08:49:18.118,0.85183,0.85196,1.12,1.37
2016.03.22 08:49:22.524,0.85184,0.85198,1.37,1.37
2016.03.22 08:49:24.536,0.85184,0.85193,1.37,1.00
2016.03.22 08:49:24.587,0.85184,0.85195,1.37,2.10
2016.03.22 08:49:24.638,0.85181,0.85191,1.37,1.00
2016.03.22 08:49:24.740,0.85179,0.8519,1.37,1.00
2016.03.22 08:49:24.841,0.85176,0.85188,1.00,1.50
2016.03.22 08:49:24.943,0.85173,0.85185,1.37,1.00
2016.03.22 08:49:25.044,0.8517,0.85184,3.98,1.37
2016.03.22 08:49:25.247,0.85173,0.85185,1.00,1.00
2016.03.22 08:49:27.594,0.85175,0.85185,1.00,1.00
2016.03.22 08:49:27.645,0.85175,0.85187,1.50,1.00
2016.03.22 08:49:28.053,0.85176,0.8519,1.47,1.37
2016.03.22 08:49:28.358,0.85182,0.85194,1.50,1.00
2016.03.22 08:49:28.661,0.85183,0.85197,1.37,1.87
2016.03.22 08:49:29.118,0.85181,0.85195,1.12,1.37
2016.03.22 08:49:29.449,0.8518,0.85194,1.47,2.62
2016.03.22 08:49:30.213,0.8518,0.85195,4.12,1.37
2016.03.22 08:49:30.760,0.85182,0.85196,1.37,1.37
2016.03.22 08:49:31.215,0.85184,0.85196,1.12,1.37
2016.03.22 08:49:31.266,0.85184,0.85198,2.25,1.37
2016.03.22 08:49:33.167,0.85183,0.85196,1.57,1.37
2016.03.22 08:49:33.471,0.85186,0.85199,1.20,1.37
2016.03.22 08:49:34.080,0.85187,0.85199,1.00,1.37
2016.03.22 08:49:34.582,0.85187,0.85199,2.25,1.37
2016.03.22 08:49:35.025,0.85188,0.85201,1.50,1.37
2016.03.22 08:49:35.490,0.85187,0.85196,1.47,1.00
2016.03.22 08:49:35.795,0.85184,0.85188,1.12,1.00
2016.03.22 08:49:36.099,0.85174,0.85188,1.37,1.37
2016.03.22 08:49:38.340,0.85173,0.85185,2.32,1.00
2016.03.22 08:49:39.844,0.85175,0.85187,1.00,1.00
2016.03.22 08:49:42.555,0.85175,0.8519,1.95,1.12
2016.03.22 08:49:43.088,0.85176,0.85188,1.10,1.37
2016.03.22 08:49:44.403,0.85178,0.85188,1.00,1.37
2016.03.22 08:49:44.533,0.85174,0.85188,4.12,1.37
2016.03.22 08:49:45.041,0.85176,0.85189,1.87,1.12
2016.03.22 08:49:45.647,0.85174,0.85188,1.87,1.37
2016.03.22 08:49:45.967,0.85173,0.85186,1.12,1.37
2016.03.22 08:49:46.575,0.85173,0.85184,1.00,1.37
2016.03.22 08:49:46.779,0.85173,0.85188,1.87,1.47
2016.03.22 08:49:46.880,0.85173,0.85186,1.12,1.37
2016.03.22 08:49:47.209,0.85173,0.85188,1.87,1.37
2016.03.22 08:49:47.527,0.85173,0.85186,1.50,1.12
2016.03.22 08:49:50.289,0.85174,0.85187,1.37,1.12
2016.03.22 08:49:50.340,0.85174,0.85188,1.87,1.47
2016.03.22 08:49:50.593,0.85177,0.85189,1.37,1.10
2016.03.22 08:49:50.695,0.85174,0.85188,1.37,1.12
2016.03.22 08:49:50.797,0.85172,0.85186,1.37,1.12
2016.03.22 08:49:51.348,0.85172,0.85185,1.12,1.47
2016.03.22 08:49:52.192,0.85174,0.85186,1.37,1.47
2016.03.22 08:49:52.597,0.8517,0.85184,1.87,1.37
2016.03.22 08:49:52.900,0.85172,0.85186,1.37,1.47
2016.03.22 08:49:53.753,0.85172,0.85185,1.37,1.87
2016.03.22 08:49:53.804,0.8517,0.85183,1.37,2.25
2016.03.22 08:49:53.906,0.85169,0.85181,1.00,1.50
2016.03.22 08:49:54.059,0.85167,0.85178,1.37,1.00
2016.03.22 08:49:54.375,0.85162,0.85176,1.12,1.87
2016.03.22 08:49:54.780,0.8516,0.85174,1.87,1.12
2016.03.22 08:49:55.381,0.8516,0.85171,1.00,1.37
2016.03.22 08:49:55.533,0.85157,0.85171,1.37,1.37
2016.03.22 08:49:55.584,0.85156,0.85169,1.12,1.37
2016.03.22 08:49:58.022,0.85157,0.85169,1.12,1.37
2016.03.22 08:49:58.124,0.85161,0.85174,1.12,1.79
2016.03.22 08:49:58.882,0.8516,0.85172,1.12,1.37
2016.03.22 08:49:59.085,0.85161,0.85175,1.87,1.87
2016.03.22 08:49:59.621,0.85163,0.85175,1.00,1.37
2016.03.22 08:49:59.986,0.85165,0.85175,1.00,1.37
2016.03.22 08:50:00.088,0.85165,0.85178,1.12,1.75
2016.03.22 08:50:00.190,0.85165,0.85176,1.00,1.12
2016.03.22 08:50:00.374,0.85159,0.85174,1.87,1.50
2016.03.22 08:50:00.881,0.85157,0.85171,1.12,1.50
2016.03.22 08:50:00.932,0.85157,0.85169,1.00,1.00
2016.03.22 08:50:01.084,0.85157,0.85171,1.12,1.50
2016.03.22 08:50:01.460,0.85158,0.85172,1.87,1.37
2016.03.22 08:50:01.512,0.8516,0.85174,1.37,3.00
2016.03.22 08:50:01.818,0.85155,0.85168,1.12,1.37
2016.03.22 08:50:02.222,0.85152,0.85166,1.37,1.75
2016.03.22 08:50:02.643,0.85152,0.85166,2.25,1.37
2016.03.22 08:50:02.795,0.85165,0.85177,1.37,1.00
2016.03.22 08:50:02.897,0.85163,0.85175,1.00,1.00
2016.03.22 08:50:03.100,0.85161,0.85173,1.00,1.00
2016.03.22 08:50:03.404,0.85158,0.85172,1.37,1.37
2016.03.22 08:50:03.718,0.8516,0.85174,1.12,1.95
2016.03.22 08:50:04.400,0.85157,0.85169,1.12,1.12
2016.03.22 08:50:04.455,0.85156,0.85167,1.37,1.00
2016.03.22 08:50:04.506,0.85153,0.85164,1.00,1.12
2016.03.22 08:50:05.013,0.85149,0.85161,1.00,1.00
2016.03.22 08:50:07.043,0.85146,0.85163,1.50,1.87
2016.03.22 08:50:07.145,0.85145,0.85161,1.20,1.00
2016.03.22 08:50:07.196,0.85147,0.85163,1.00,1.00
2016.03.22 08:50:07.298,0.85148,0.85165,1.12,1.57
2016.03.22 08:50:07.399,0.85148,0.85163,1.00,1.00
2016.03.22 08:50:07.737,0.85149,0.85167,1.87,2.46
2016.03.22 08:50:09.331,0.85149,0.85158,1.12,1.00
2016.03.22 08:50:09.433,0.85147,0.85164,1.37,1.10
2016.03.22 08:50:09.484,0.85151,0.85166,1.00,1.75
2016.03.22 08:50:09.586,0.85149,0.85167,1.00,1.12
2016.03.22 08:50:10.105,0.85149,0.85166,1.37,1.10
2016.03.22 08:50:10.704,0.85148,0.85166,1.87,1.10
2016.03.22 08:50:11.255,0.85148,0.85166,1.12,1.10
2016.03.22 08:50:12.384,0.85149,0.85166,1.00,1.10
2016.03.22 08:50:13.123,0.8515,0.85168,1.10,1.12
2016.03.22 08:50:13.377,0.85152,0.85167,1.00,1.00
2016.03.22 08:50:13.428,0.85154,0.85171,1.00,1.12
2016.03.22 08:50:13.935,0.85155,0.8517,1.00,1.00
2016.03.22 08:50:14.085,0.85153,0.85171,1.00,1.12
2016.03.22 08:50:14.238,0.85153,0.85171,1.37,1.12
2016.03.22 08:50:15.627,0.85152,0.85168,1.50,1.00
2016.03.22 08:50:15.730,0.8515,0.85168,1.50,1.00
2016.03.22 08:50:16.085,0.85152,0.85169,1.12,1.00
2016.03.22 08:50:16.591,0.85153,0.85168,1.10,2.17
2016.03.22 08:50:17.032,0.85153,0.85166,1.10,1.25
2016.03.22 08:50:17.336,0.85155,0.85166,1.00,1.25
2016.03.22 08:50:17.841,0.85155,0.85167,1.00,1.25
2016.03.22 08:50:18.355,0.85154,0.85167,1.00,1.25
2016.03.22 08:50:18.860,0.85154,0.85168,1.00,1.25
2016.03.22 08:50:19.419,0.8516,0.85168,1.50,1.25
2016.03.22 08:50:19.927,0.85162,0.85171,1.12,1.25
2016.03.22 08:50:20.079,0.85161,0.85171,1.37,1.25
2016.03.22 08:50:20.181,0.85159,0.85171,1.10,1.25
2016.03.22 08:50:20.712,0.8516,0.85171,1.00,1.25
2016.03.22 08:50:21.245,0.85161,0.85172,1.12,1.25
2016.03.22 08:50:21.750,0.85162,0.85172,1.87,1.25
2016.03.22 08:50:22.558,0.85161,0.85172,1.50,1.25
2016.03.22 08:50:22.911,0.85159,0.85172,1.95,1.25
2016.03.22 08:50:23.453,0.85158,0.85172,1.50,1.25
2016.03.22 08:50:24.327,0.85158,0.85172,1.20,1.25
2016.03.22 08:50:25.244,0.85158,0.85171,1.12,1.25
2016.03.22 08:50:25.964,0.85161,0.85171,1.12,1.25
2016.03.22 08:50:26.268,0.85166,0.85172,1.12,1.25
2016.03.22 08:50:26.573,0.85166,0.85181,1.12,1.25
2016.03.22 08:50:27.035,0.85163,0.85181,1.10,1.68
2016.03.22 08:50:27.137,0.85164,0.85179,1.00,1.00
2016.03.22 08:50:27.390,0.85161,0.85178,1.37,1.00
2016.03.22 08:50:27.492,0.8516,0.85178,1.87,1.12
2016.03.22 08:50:27.745,0.85159,0.85175,1.00,1.00
2016.03.22 08:50:28.259,0.85159,0.85173,1.00,1.25
2016.03.22 08:50:29.452,0.85159,0.85174,1.00,3.75
2016.03.22 08:50:30.060,0.8516,0.85174,1.00,3.75
2016.03.22 08:50:30.568,0.85161,0.85174,1.50,3.75
2016.03.22 08:50:30.669,0.85162,0.85177,1.20,3.75
2016.03.22 08:50:30.720,0.85164,0.85177,1.00,3.75
2016.03.22 08:50:31.376,0.85164,0.85177,1.00,3.75
2016.03.22 08:50:31.877,0.85163,0.85177,1.00,3.75
2016.03.22 08:50:32.382,0.85163,0.85176,1.00,3.75
2016.03.22 08:50:32.703,0.85164,0.85176,1.37,3.75
2016.03.22 08:50:33.251,0.85163,0.85176,1.37,4.50
2016.03.22 08:50:33.757,0.85163,0.85175,1.00,1.00
2016.03.22 08:50:35.564,0.85163,0.85176,1.12,1.37
2016.03.22 08:50:36.077,0.85164,0.85178,1.12,1.12
2016.03.22 08:50:38.681,0.85164,0.85178,2.62,1.00
2016.03.22 08:50:38.985,0.85166,0.85179,4.50,1.07
2016.03.22 08:50:43.355,0.85167,0.85178,1.12,1.00
2016.03.22 08:50:43.406,0.85166,0.85178,1.00,1.50
2016.03.22 08:50:43.711,0.85168,0.85181,1.12,1.50
2016.03.22 08:50:44.015,0.85166,0.8518,1.12,1.87
2016.03.22 08:50:44.116,0.85165,0.85179,1.37,1.37
2016.03.22 08:50:47.823,0.85166,0.85179,1.12,1.00
2016.03.22 08:50:48.919,0.85166,0.8518,1.12,2.06
2016.03.22 08:50:49.324,0.85165,0.85179,1.37,2.06
2016.03.22 08:50:50.038,0.85167,0.85179,1.37,1.25
2016.03.22 08:50:50.543,0.85167,0.8518,1.87,1.31
2016.03.22 08:50:52.844,0.85165,0.85179,1.12,1.12
2016.03.22 08:50:53.501,0.85165,0.85176,1.12,1.00
2016.03.22 08:50:53.876,0.85152,0.85162,1.50,1.00
2016.03.22 08:50:53.981,0.85145,0.85158,1.12,1.37
2016.03.22 08:50:54.032,0.85145,0.85157,1.00,3.75
2016.03.22 08:50:54.083,0.85143,0.85155,1.12,1.12
2016.03.22 08:50:54.742,0.85139,0.85152,1.12,1.37
2016.03.22 08:50:55.092,0.85139,0.8515,1.00,1.37
2016.03.22 08:50:55.598,0.85138,0.8515,1.25,1.37
2016.03.22 08:50:56.109,0.85136,0.8515,2.62,1.37
2016.03.22 08:50:56.859,0.85139,0.85151,1.00,1.00
2016.03.22 08:50:57.163,0.85141,0.85155,1.12,1.12
2016.03.22 08:50:57.681,0.85142,0.85155,1.12,1.37
2016.03.22 08:50:58.651,0.85142,0.85155,2.25,1.00
2016.03.22 08:50:58.854,0.85142,0.85157,2.25,1.12
2016.03.22 08:50:59.007,0.85144,0.85156,1.00,1.00
2016.03.22 08:50:59.159,0.85143,0.85154,1.00,1.37
2016.03.22 08:50:59.210,0.85141,0.85154,1.12,1.37
2016.03.22 08:50:59.918,0.85142,0.85154,1.00,1.37
2016.03.22 08:50:59.969,0.85142,0.85156,1.87,1.37
2016.03.22 08:51:01.222,0.8514,0.85154,1.87,1.12
2016.03.22 08:51:03.243,0.85139,0.85152,1.37,1.75
2016.03.22 08:51:03.943,0.85138,0.85149,1.12,1.00
2016.03.22 08:51:04.493,0.85138,0.85152,1.12,1.12
2016.03.22 08:51:05.125,0.85145,0.85152,1.00,1.12
2016.03.22 08:51:05.227,0.85147,0.85154,1.00,3.40
2016.03.22 08:51:06.512,0.85147,0.85159,1.50,1.28
2016.03.22 08:51:09.463,0.85145,0.85159,1.12,1.12
2016.03.22 08:51:09.514,0.85144,0.85158,2.62,1.37
2016.03.22 08:51:09.817,0.85146,0.8516,1.37,4.12
2016.03.22 08:51:11.483,0.85146,0.85158,1.37,3.75
2016.03.22 08:51:11.634,0.85143,0.85158,1.87,4.87
2016.03.22 08:51:12.395,0.85141,0.85154,4.50,3.75
2016.03.22 08:51:12.446,0.8514,0.85152,1.12,1.12
2016.03.22 08:51:12.801,0.85137,0.85149,1.50,1.00
2016.03.22 08:51:12.902,0.85137,0.85149,1.12,1.12
2016.03.22 08:51:13.420,0.85137,0.8515,1.12,1.12
2016.03.22 08:51:13.926,0.85138,0.8515,1.00,1.12
2016.03.22 08:51:14.469,0.85137,0.8515,1.12,1.12
2016.03.22 08:51:14.773,0.8514,0.85151,1.00,1.37
2016.03.22 08:51:15.026,0.85141,0.85152,1.00,1.50
2016.03.22 08:51:15.178,0.85143,0.85152,1.00,1.50
2016.03.22 08:51:15.492,0.85144,0.85158,1.87,1.87
2016.03.22 08:51:15.594,0.85146,0.85158,1.50,1.12
2016.03.22 08:51:16.203,0.85145,0.85157,1.50,1.75
2016.03.22 08:51:16.744,0.85145,0.85156,1.00,1.12
2016.03.22 08:51:16.795,0.85145,0.85157,1.12,1.87
2016.03.22 08:51:17.301,0.85145,0.85157,1.12,1.12
2016.03.22 08:51:17.837,0.85146,0.85157,1.87,1.00
2016.03.22 08:51:18.141,0.85148,0.85159,1.87,3.75
2016.03.22 08:51:18.831,0.85148,0.85162,1.87,1.51
2016.03.22 08:51:19.317,0.85151,0.85163,1.12,4.87
2016.03.22 08:51:19.621,0.85151,0.85163,1.87,3.75
2016.03.22 08:51:20.220,0.85153,0.85163,1.12,3.75
2016.03.22 08:51:20.321,0.85151,0.85165,1.87,4.50
2016.03.22 08:51:21.017,0.85154,0.85165,1.00,4.50
2016.03.22 08:51:21.321,0.85159,0.85165,1.37,3.75
2016.03.22 08:51:21.423,0.85159,0.85174,1.87,1.51
2016.03.22 08:51:21.626,0.85163,0.85175,5.25,4.50
2016.03.22 08:51:22.849,0.85166,0.85178,1.00,4.50
2016.03.22 08:51:22.953,0.85163,0.85177,2.62,1.55
2016.03.22 08:51:23.637,0.85164,0.85178,3.75,4.87
2016.03.22 08:51:23.973,0.8517,0.85178,1.37,3.75
2016.03.22 08:51:24.024,0.8517,0.85183,1.37,4.12
2016.03.22 08:51:24.539,0.85168,0.85182,1.12,1.26
2016.03.22 08:51:26.133,0.85168,0.85183,1.87,1.51
2016.03.22 08:51:26.639,0.85172,0.85183,1.00,1.18
2016.03.22 08:51:26.870,0.85174,0.85185,1.50,3.75
2016.03.22 08:51:27.173,0.85176,0.85185,1.37,3.75
2016.03.22 08:51:27.630,0.85176,0.85188,1.37,3.75
2016.03.22 08:51:27.840,0.85176,0.85188,4.87,3.75
2016.03.22 08:51:28.347,0.85179,0.85188,1.87,3.75
2016.03.22 08:51:28.652,0.85186,0.8519,1.00,3.75
2016.03.22 08:51:29.007,0.85184,0.85197,1.37,4.12
2016.03.22 08:51:29.512,0.85185,0.85195,1.00,1.55
2016.03.22 08:51:30.023,0.85185,0.85197,1.87,3.75
2016.03.22 08:51:30.175,0.85187,0.85197,1.37,3.75
2016.03.22 08:51:30.227,0.85188,0.85202,1.37,4.50
2016.03.22 08:51:30.430,0.8519,0.85202,1.87,4.12
2016.03.22 08:51:30.804,0.8519,0.85202,4.87,4.12
2016.03.22 08:51:30.856,0.8519,0.85202,1.00,4.50
2016.03.22 08:51:31.059,0.85188,0.85201,1.12,1.55
2016.03.22 08:51:31.262,0.85189,0.85202,1.12,4.50
2016.03.22 08:51:31.363,0.8519,0.85204,1.87,3.51
2016.03.22 08:51:31.414,0.85194,0.85204,1.12,3.51
2016.03.22 08:51:31.769,0.85196,0.85204,1.37,3.13
2016.03.22 08:51:32.282,0.85196,0.85204,1.00,3.13
2016.03.22 08:51:32.531,0.85196,0.85207,1.00,3.13
2016.03.22 08:51:32.684,0.85196,0.85207,1.37,3.13
2016.03.22 08:51:32.851,0.85195,0.85207,1.37,3.13
2016.03.22 08:51:32.902,0.85193,0.85207,3.75,8.38
2016.03.22 08:51:32.954,0.85191,0.85203,1.00,1.00
2016.03.22 08:51:33.259,0.8519,0.85202,1.12,1.12
2016.03.22 08:51:33.776,0.85186,0.85204,2.62,1.10
2016.03.22 08:51:34.399,0.85187,0.85205,1.12,1.10
2016.03.22 08:51:34.642,0.85187,0.85203,1.12,3.13
2016.03.22 08:51:35.159,0.85188,0.85203,1.50,3.13
2016.03.22 08:51:35.675,0.85186,0.85202,1.87,1.00
2016.03.22 08:51:36.275,0.85186,0.85202,1.37,1.00
2016.03.22 08:51:36.782,0.85185,0.85203,1.87,2.59
2016.03.22 08:51:36.884,0.85188,0.85203,1.00,1.77
2016.03.22 08:51:37.230,0.85189,0.85202,1.37,1.04
2016.03.22 08:51:38.333,0.85192,0.85206,1.37,1.87
2016.03.22 08:51:39.104,0.85193,0.85207,1.37,1.37
2016.03.22 08:51:39.320,0.85195,0.85208,1.37,1.87
2016.03.22 08:51:39.624,0.85197,0.85208,1.37,1.00
2016.03.22 08:51:39.928,0.85197,0.8521,1.37,1.20
2016.03.22 08:51:40.886,0.85197,0.85209,1.37,1.00
2016.03.22 08:51:40.987,0.85195,0.85209,1.37,1.87
2016.03.22 08:51:42.434,0.85193,0.85208,4.87,1.37
2016.03.22 08:51:42.485,0.85193,0.85207,1.37,1.37
2016.03.22 08:51:43.531,0.85191,0.85206,3.75,1.12
2016.03.22 08:51:43.633,0.8519,0.85204,1.72,1.37
2016.03.22 08:51:43.735,0.85192,0.85204,1.60,1.37
2016.03.22 08:51:44.018,0.85197,0.85211,1.37,1.37
2016.03.22 08:51:44.221,0.852,0.85212,1.00,2.54
2016.03.22 08:51:44.727,0.852,0.85212,1.87,2.17
2016.03.22 08:51:45.209,0.85198,0.85212,1.37,1.87
2016.03.22 08:51:45.260,0.85196,0.8521,1.12,3.75
2016.03.22 08:51:45.311,0.85193,0.85207,1.12,1.12
2016.03.22 08:51:45.413,0.85191,0.85205,1.50,1.37
2016.03.22 08:51:45.514,0.85189,0.85203,1.87,1.37
2016.03.22 08:51:45.818,0.85187,0.85201,4.71,1.12
2016.03.22 08:51:46.359,0.85189,0.85203,1.87,3.75
2016.03.22 08:51:46.410,0.8519,0.85204,2.62,1.37
2016.03.22 08:51:46.512,0.85193,0.85204,1.00,1.37
2016.03.22 08:51:46.815,0.85195,0.85209,1.00,1.12
2016.03.22 08:51:47.336,0.85196,0.8521,1.87,3.29
2016.03.22 08:51:47.640,0.85199,0.85212,1.12,1.37
2016.03.22 08:51:47.988,0.85202,0.85214,1.00,1.37
2016.03.22 08:51:48.241,0.85203,0.85215,1.00,1.00
2016.03.22 08:51:48.646,0.852,0.85214,1.37,1.37
2016.03.22 08:51:49.331,0.85198,0.85212,1.87,1.37
2016.03.22 08:51:49.635,0.85196,0.8521,1.12,1.37
2016.03.22 08:51:50.115,0.85196,0.85209,1.00,1.50
2016.03.22 08:51:50.423,0.85193,0.85207,1.37,1.37
2016.03.22 08:51:50.727,0.85189,0.85203,1.87,1.12
2016.03.22 08:51:51.315,0.85192,0.85203,1.00,1.12
2016.03.22 08:51:51.419,0.85193,0.85205,1.12,1.12
2016.03.22 08:51:51.521,0.85194,0.85208,1.87,1.37
2016.03.22 08:51:51.622,0.85195,0.8521,1.12,1.50
2016.03.22 08:51:52.027,0.85194,0.85208,1.37,1.37
2016.03.22 08:51:52.340,0.85191,0.85205,1.87,1.37
2016.03.22 08:51:53.533,0.85188,0.85203,1.87,1.37
2016.03.22 08:51:53.637,0.85188,0.85202,1.87,1.37
2016.03.22 08:51:54.043,0.85189,0.85204,1.12,1.87
2016.03.22 08:51:55.280,0.85189,0.85203,1.37,1.12
2016.03.22 08:51:55.332,0.85189,0.85201,1.00,1.00
2016.03.22 08:51:55.686,0.85187,0.85201,1.75,1.37
2016.03.22 08:51:55.737,0.85186,0.852,1.12,1.12
2016.03.22 08:51:56.266,0.85187,0.85201,1.37,1.87
2016.03.22 08:51:56.772,0.85188,0.85203,1.37,1.12
2016.03.22 08:51:56.874,0.85189,0.85203,1.37,1.37
2016.03.22 08:51:58.454,0.85187,0.85202,1.87,1.87
2016.03.22 08:51:58.556,0.85187,0.85201,1.12,1.12
2016.03.22 08:51:58.761,0.85189,0.85203,1.37,1.37
2016.03.22 08:51:58.862,0.8519,0.85204,1.12,1.12
2016.03.22 08:51:58.964,0.85192,0.85204,1.00,1.00
2016.03.22 08:51:59.750,0.85189,0.85204,1.87,1.37
2016.03.22 08:51:59.852,0.85189,0.85203,1.12,1.12
2016.03.22 08:52:01.663,0.85187,0.85201,1.37,1.37
2016.03.22 08:52:01.967,0.85185,0.85199,1.37,1.37
2016.03.22 08:52:05.094,0.85186,0.85201,1.37,4.87
2016.03.22 08:52:05.196,0.85187,0.85201,1.37,1.37
2016.03.22 08:52:05.747,0.85187,0.85203,2.25,4.12
2016.03.22 08:52:05.798,0.85188,0.85203,1.12,1.37
2016.03.22 08:52:06.305,0.85189,0.85203,1.12,1.37
2016.03.22 08:52:06.467,0.85189,0.85203,1.00,1.12
2016.03.22 08:52:06.619,0.85191,0.85205,1.75,3.75
2016.03.22 08:52:06.671,0.85193,0.85207,1.37,1.37
2016.03.22 08:52:07.278,0.85195,0.85208,1.37,1.02
2016.03.22 08:52:07.793,0.85195,0.85209,1.37,1.37
2016.03.22 08:52:08.096,0.852,0.85212,1.00,1.64
2016.03.22 08:52:08.816,0.85197,0.8521,1.37,1.02
2016.03.22 08:52:08.918,0.85195,0.85209,1.12,1.37
2016.03.22 08:52:09.121,0.85195,0.85207,1.00,1.00
2016.03.22 08:52:09.324,0.85192,0.85206,2.25,1.37
2016.03.22 08:52:10.022,0.85193,0.85208,2.62,1.12
2016.03.22 08:52:10.225,0.85197,0.85211,2.25,1.47
2016.03.22 08:52:11.274,0.85199,0.85211,1.00,1.37
2016.03.22 08:52:11.325,0.85199,0.85212,4.50,1.75
2016.03.22 08:52:11.528,0.85199,0.85213,1.12,1.12
2016.03.22 08:52:11.629,0.85199,0.85213,1.87,1.37
2016.03.22 08:52:13.539,0.85199,0.85212,1.87,1.12
2016.03.22 08:52:14.058,0.85199,0.8521,1.50,1.37
2016.03.22 08:52:14.210,0.85199,0.85211,1.00,1.00
2016.03.22 08:52:14.513,0.85199,0.85213,1.12,1.37
2016.03.22 08:52:14.615,0.85201,0.85213,1.00,1.00
2016.03.22 08:52:14.985,0.85203,0.85213,1.00,1.00
2016.03.22 08:52:15.137,0.85203,0.85216,1.87,1.02
2016.03.22 08:52:15.340,0.85201,0.85216,4.87,4.12
2016.03.22 08:52:15.391,0.85201,0.85213,1.00,1.00
2016.03.22 08:52:16.731,0.85198,0.85213,2.62,1.37
2016.03.22 08:52:16.869,0.85198,0.85211,1.50,1.12
2016.03.22 08:52:17.022,0.85198,0.85212,2.25,1.37
2016.03.22 08:52:17.533,0.852,0.85214,1.87,1.37
2016.03.22 08:52:17.929,0.85202,0.85216,2.25,1.37
2016.03.22 08:52:18.233,0.85204,0.85218,1.12,1.37
2016.03.22 08:52:18.537,0.85221,0.85229,3.75,5.25
2016.03.22 08:52:18.639,0.85225,0.85232,1.00,1.00
2016.03.22 08:52:18.741,0.85225,0.85232,1.12,1.00
2016.03.22 08:52:18.945,0.85228,0.85241,1.37,1.12
2016.03.22 08:52:19.097,0.85228,0.85237,1.37,1.00
2016.03.22 08:52:19.199,0.85224,0.85236,1.37,1.00
2016.03.22 08:52:19.258,0.85224,0.85234,1.37,1.00
2016.03.22 08:52:19.410,0.85221,0.85234,2.25,1.12
2016.03.22 08:52:19.614,0.85221,0.85234,1.87,1.87
2016.03.22 08:52:19.867,0.8522,0.85232,1.00,1.00
2016.03.22 08:52:20.136,0.85219,0.85234,1.12,1.37
2016.03.22 08:52:20.238,0.85219,0.85233,1.37,1.37
2016.03.22 08:52:20.895,0.85219,0.8523,1.37,1.00
2016.03.22 08:52:21.199,0.8522,0.85228,1.00,1.37
2016.03.22 08:52:21.351,0.85222,0.85233,1.00,1.37
2016.03.22 08:52:21.402,0.85224,0.85233,1.00,1.37
2016.03.22 08:52:21.554,0.85225,0.85237,1.50,1.37
2016.03.22 08:52:21.908,0.85227,0.85237,1.00,1.37
2016.03.22 08:52:22.287,0.85224,0.85237,1.15,1.37
2016.03.22 08:52:23.275,0.85225,0.85237,1.00,1.37
2016.03.22 08:52:23.986,0.85224,0.85237,1.15,1.37
2016.03.22 08:52:24.744,0.85223,0.85236,2.28,1.12
2016.03.22 08:52:24.896,0.85222,0.85234,1.04,1.37
2016.03.22 08:52:25.250,0.85219,0.85233,1.78,1.12
2016.03.22 08:52:25.767,0.8522,0.85234,1.90,4.12
2016.03.22 08:52:25.818,0.8522,0.85234,2.65,1.37
2016.03.22 08:52:26.279,0.85219,0.85233,1.78,1.12
2016.03.22 08:52:26.380,0.85219,0.85231,1.00,1.37
2016.03.22 08:52:26.889,0.8522,0.85231,1.00,1.37
2016.03.22 08:52:27.041,0.8522,0.85233,1.12,1.37
2016.03.22 08:52:27.243,0.8522,0.85231,1.00,1.37
2016.03.22 08:52:27.805,0.85222,0.85234,1.00,4.12
2016.03.22 08:52:27.857,0.85222,0.85234,1.00,1.37
2016.03.22 08:52:28.404,0.8522,0.85234,1.87,1.37
2016.03.22 08:52:28.657,0.8522,0.85232,1.12,1.12
2016.03.22 08:52:28.860,0.85217,0.8523,1.87,1.37
2016.03.22 08:52:29.317,0.85215,0.85228,1.50,1.00
2016.03.22 08:52:29.368,0.85215,0.85227,1.12,1.37
2016.03.22 08:52:29.672,0.85213,0.85224,2.57,1.00
2016.03.22 08:52:30.079,0.85217,0.85223,1.37,1.37
2016.03.22 08:52:30.232,0.85222,0.85229,1.37,1.00
2016.03.22 08:52:30.334,0.8522,0.85233,1.87,1.12
2016.03.22 08:52:30.435,0.85221,0.85235,1.37,1.37
2016.03.22 08:52:30.537,0.8522,0.85233,1.12,1.37
2016.03.22 08:52:31.058,0.85219,0.85232,1.50,1.12
2016.03.22 08:52:31.201,0.85218,0.8523,2.25,1.00
2016.03.22 08:52:31.356,0.85219,0.85232,1.50,1.37
2016.03.22 08:52:31.763,0.85217,0.85231,1.87,1.37
2016.03.22 08:52:32.117,0.8522,0.85231,1.00,1.37
2016.03.22 08:52:32.328,0.85219,0.85233,1.37,1.37
2016.03.22 08:52:33.187,0.85216,0.85232,4.87,1.87
2016.03.22 08:52:33.567,0.85216,0.8523,1.87,1.12
2016.03.22 08:52:34.277,0.85214,0.85228,1.50,1.12
2016.03.22 08:52:34.581,0.85212,0.85226,1.12,1.12
2016.03.22 08:52:34.992,0.85214,0.85228,1.87,4.12
2016.03.22 08:52:35.043,0.85216,0.85228,1.00,1.00
2016.03.22 08:52:35.399,0.85217,0.85232,1.87,1.12
2016.03.22 08:52:35.450,0.85218,0.85232,1.37,1.37
2016.03.22 08:52:37.400,0.85221,0.85235,1.12,4.20
2016.03.22 08:52:37.452,0.85221,0.85235,1.87,1.37
2016.03.22 08:52:38.079,0.85224,0.85237,1.37,1.12
2016.03.22 08:52:38.491,0.85225,0.8524,4.87,3.75
2016.03.22 08:52:38.593,0.85228,0.85242,1.37,1.50
2016.03.22 08:52:39.748,0.85228,0.85243,4.87,1.95
2016.03.22 08:52:40.262,0.85231,0.85243,1.00,1.00
2016.03.22 08:52:42.337,0.85234,0.85243,1.60,1.00
2016.03.22 08:52:42.388,0.85237,0.8525,1.50,1.20
2016.03.22 08:52:42.505,0.8524,0.85247,1.00,1.12
2016.03.22 08:52:42.557,0.8524,0.8525,1.00,4.12
2016.03.22 08:52:42.608,0.85241,0.85251,1.00,1.45
2016.03.22 08:52:42.659,0.85241,0.85252,1.75,1.07
2016.03.22 08:52:42.811,0.85242,0.85255,1.37,1.12
2016.03.22 08:52:43.569,0.85242,0.85254,1.37,2.85
2016.03.22 08:52:43.818,0.85239,0.85253,1.12,2.47
2016.03.22 08:52:43.869,0.85239,0.85252,1.00,1.67
2016.03.22 08:52:44.679,0.85238,0.85253,1.12,1.37
2016.03.22 08:52:45.193,0.8524,0.85254,1.37,1.37
2016.03.22 08:52:46.702,0.85237,0.85249,1.50,1.00
2016.03.22 08:52:47.040,0.85229,0.85244,1.87,1.37
2016.03.22 08:52:49.137,0.85228,0.85243,1.12,1.87
2016.03.22 08:52:49.683,0.85228,0.85242,1.37,1.37
2016.03.22 08:52:50.194,0.85226,0.85241,1.12,2.62
2016.03.22 08:52:50.296,0.85225,0.85239,1.37,1.37
2016.03.22 08:52:50.807,0.85225,0.85238,1.37,1.09
2016.03.22 08:52:50.909,0.85223,0.85237,1.37,1.77
2016.03.22 08:52:51.928,0.85221,0.85236,1.12,1.37
2016.03.22 08:52:51.979,0.85221,0.85235,1.37,1.37
2016.03.22 08:52:53.627,0.85219,0.85235,4.12,1.75
2016.03.22 08:52:53.728,0.85218,0.85232,1.75,1.12
2016.03.22 08:52:53.830,0.85216,0.8523,1.57,1.37
2016.03.22 08:52:53.983,0.85214,0.85228,1.37,1.37
2016.03.22 08:53:00.570,0.85214,0.85227,1.37,1.50
2016.03.22 08:53:01.077,0.85214,0.85228,1.37,1.87
2016.03.22 08:53:05.366,0.85213,0.85225,1.00,1.00
2016.03.22 08:53:06.299,0.85213,0.85223,1.00,1.00
2016.03.22 08:53:06.585,0.852,0.85214,1.37,1.87
2016.03.22 08:53:08.934,0.85203,0.85215,1.75,1.50
2016.03.22 08:53:08.985,0.85205,0.85216,1.37,3.75
2016.03.22 08:53:09.185,0.85203,0.85216,1.37,4.12
2016.03.22 08:53:09.694,0.85201,0.85215,1.00,3.75
2016.03.22 08:53:10.587,0.85202,0.85215,1.00,3.75
2016.03.22 08:53:11.372,0.85203,0.85215,1.00,3.75
2016.03.22 08:53:11.423,0.85206,0.85215,4.50,3.75
2016.03.22 08:53:11.727,0.85214,0.85218,1.00,3.75
2016.03.22 08:53:12.245,0.85215,0.85225,1.12,3.75
2016.03.22 08:53:12.347,0.85215,0.85229,1.12,3.75
2016.03.22 08:53:12.853,0.85216,0.8523,1.12,2.79
2016.03.22 08:53:13.751,0.85215,0.85231,3.45,1.29
2016.03.22 08:53:14.310,0.85214,0.85231,1.20,1.29
2016.03.22 08:53:14.464,0.85212,0.85231,1.57,2.04
2016.03.22 08:53:14.566,0.85212,0.85231,1.10,2.79
2016.03.22 08:53:14.668,0.8521,0.85229,1.50,1.87
2016.03.22 08:53:14.973,0.8521,0.85226,1.00,1.29
2016.03.22 08:53:15.497,0.85211,0.85226,1.50,1.29
2016.03.22 08:53:15.801,0.85212,0.85226,1.87,1.29
2016.03.22 08:53:16.169,0.85212,0.85229,1.87,1.29
2016.03.22 08:53:16.321,0.85211,0.85229,1.10,1.29
2016.03.22 08:53:16.423,0.85209,0.85227,1.75,1.50
2016.03.22 08:53:16.524,0.85207,0.85227,1.87,2.62
2016.03.22 08:53:16.576,0.85207,0.85227,1.12,2.62
2016.03.22 08:53:16.830,0.85205,0.85222,1.25,1.00
2016.03.22 08:53:17.147,0.85205,0.85218,1.25,2.25
2016.03.22 08:53:17.359,0.85194,0.85215,3.37,2.62
2016.03.22 08:53:17.461,0.85192,0.85209,3.00,1.12
2016.03.22 08:53:17.512,0.85191,0.85207,1.12,1.00
2016.03.22 08:53:17.563,0.85191,0.85203,1.12,1.00
2016.03.22 08:53:17.953,0.8519,0.85202,1.25,1.12
2016.03.22 08:53:18.358,0.85182,0.85201,1.57,2.79
2016.03.22 08:53:18.865,0.8518,0.85199,1.87,2.25
2016.03.22 08:53:19.030,0.85178,0.85197,1.01,1.00
2016.03.22 08:53:19.480,0.85183,0.85197,1.00,1.00
2016.03.22 08:53:19.633,0.85184,0.85199,1.00,1.00
2016.03.22 08:53:19.734,0.85184,0.85203,1.12,1.66
2016.03.22 08:53:20.034,0.85185,0.85203,1.87,1.66
2016.03.22 08:53:20.541,0.85184,0.85202,2.25,1.00
2016.03.22 08:53:20.941,0.8518,0.85199,1.87,1.87
2016.03.22 08:53:21.045,0.85178,0.85198,2.62,1.00
2016.03.22 08:53:21.603,0.85179,0.85197,1.10,1.00
2016.03.22 08:53:23.185,0.85177,0.85197,3.00,4.28
2016.03.22 08:53:23.338,0.85176,0.85196,1.20,1.87
2016.03.22 08:53:23.876,0.85177,0.85196,1.00,1.87
2016.03.22 08:53:24.078,0.85177,0.85197,1.50,4.66
2016.03.22 08:53:24.589,0.85178,0.85197,1.10,1.12
2016.03.22 08:53:25.095,0.85178,0.85196,1.10,1.00
2016.03.22 08:53:25.607,0.85179,0.85196,1.00,1.00
2016.03.22 08:53:26.504,0.85175,0.85192,1.12,1.50
2016.03.22 08:53:26.659,0.85173,0.85192,1.44,1.50
2016.03.22 08:53:26.812,0.85175,0.85191,1.00,1.37
2016.03.22 08:53:27.016,0.85174,0.85193,1.10,2.62
2016.03.22 08:53:27.068,0.85177,0.85191,1.00,3.75
2016.03.22 08:53:27.272,0.85177,0.85189,1.00,1.00
2016.03.22 08:53:27.323,0.85172,0.85188,1.07,1.00
2016.03.22 08:53:27.459,0.85174,0.8519,1.00,1.57
2016.03.22 08:53:27.817,0.85172,0.8519,1.44,1.00
2016.03.22 08:53:28.324,0.85172,0.8519,1.00,5.41
2016.03.22 08:53:28.625,0.85174,0.8519,1.00,3.16
2016.03.22 08:53:28.930,0.85178,0.8519,1.00,2.78
2016.03.22 08:53:29.234,0.85182,0.8519,1.00,2.78
2016.03.22 08:53:29.387,0.85182,0.852,1.00,4.66
2016.03.22 08:53:29.534,0.85183,0.85198,1.00,1.00
2016.03.22 08:53:29.938,0.85182,0.852,1.50,3.23
2016.03.22 08:53:30.141,0.85184,0.852,1.00,3.16
2016.03.22 08:53:33.610,0.85185,0.852,1.00,3.16
2016.03.22 08:53:33.914,0.85187,0.852,1.00,3.16
2016.03.22 08:53:35.347,0.85186,0.852,1.00,3.16
2016.03.22 08:53:35.824,0.85191,0.85201,1.00,2.78
2016.03.22 08:53:36.128,0.85193,0.85201,1.00,2.78
2016.03.22 08:53:36.331,0.8519,0.852,1.50,2.78
2016.03.22 08:53:36.837,0.8519,0.852,1.10,2.78
2016.03.22 08:53:37.384,0.8519,0.85205,1.00,2.78
2016.03.22 08:53:37.891,0.8519,0.85206,1.00,3.16
2016.03.22 08:53:38.241,0.85194,0.85206,1.00,2.78
2016.03.22 08:53:38.475,0.85196,0.85209,1.00,3.16
2016.03.22 08:53:38.627,0.85194,0.85209,1.00,3.16
2016.03.22 08:53:39.214,0.85195,0.85209,1.00,2.78
2016.03.22 08:53:40.406,0.85195,0.8521,1.00,3.16
2016.03.22 08:53:40.812,0.85192,0.85209,1.00,1.00
2016.03.22 08:53:41.116,0.85192,0.85209,1.00,1.87
2016.03.22 08:53:41.218,0.8519,0.85208,1.10,2.62
2016.03.22 08:53:41.420,0.85189,0.85202,1.10,2.78
2016.03.22 08:53:41.961,0.8519,0.85202,1.10,3.75
2016.03.22 08:53:42.490,0.85191,0.85202,1.00,3.75
2016.03.22 08:53:42.692,0.8519,0.85204,1.10,1.12
2016.03.22 08:53:43.670,0.85189,0.85204,1.00,1.12
2016.03.22 08:53:44.210,0.85188,0.85204,1.00,3.00
2016.03.22 08:53:44.760,0.85189,0.85204,1.00,3.00
2016.03.22 08:53:45.237,0.8519,0.85207,1.50,3.00
2016.03.22 08:53:45.339,0.85192,0.85207,1.00,3.00
2016.03.22 08:53:46.630,0.85191,0.85207,1.00,3.00
2016.03.22 08:53:47.305,0.8519,0.85207,1.20,3.75
2016.03.22 08:53:47.910,0.85187,0.85206,1.10,1.12
2016.03.22 08:53:48.315,0.85186,0.85201,1.20,3.00
2016.03.22 08:53:48.884,0.85185,0.85203,1.10,2.86
2016.03.22 08:53:49.644,0.85183,0.85199,1.87,1.35
2016.03.22 08:53:49.746,0.85179,0.85198,1.00,1.12
2016.03.22 08:53:49.847,0.8518,0.852,1.00,2.85
2016.03.22 08:53:50.937,0.85181,0.85198,1.00,2.78
2016.03.22 08:53:51.448,0.85179,0.85197,1.12,3.53
2016.03.22 08:53:51.955,0.85176,0.85195,1.12,1.66
2016.03.22 08:53:52.008,0.85176,0.85191,1.12,2.78
2016.03.22 08:53:52.312,0.85169,0.85187,4.12,1.12
2016.03.22 08:53:52.363,0.85169,0.85187,1.00,1.37
2016.03.22 08:53:52.516,0.85167,0.85186,1.00,1.12
2016.03.22 08:53:53.022,0.85166,0.85186,1.50,2.62
2016.03.22 08:53:53.174,0.85166,0.85186,1.50,3.00
2016.03.22 08:53:53.675,0.85165,0.85184,1.12,1.50
2016.03.22 08:53:54.181,0.85166,0.85185,1.50,5.03
2016.03.22 08:53:54.485,0.85167,0.85185,1.00,2.86
2016.03.22 08:53:54.936,0.85169,0.85183,1.37,1.37
2016.03.22 08:53:56.825,0.85169,0.85182,1.37,2.47
2016.03.22 08:53:57.087,0.85159,0.85171,5.25,1.00
2016.03.22 08:53:57.138,0.85159,0.85169,3.75,1.00
2016.03.22 08:53:57.240,0.85158,0.85172,1.37,1.37
2016.03.22 08:53:58.419,0.85157,0.85171,1.12,1.12
2016.03.22 08:53:58.470,0.85157,0.85169,1.00,1.00
2016.03.22 08:53:58.521,0.85153,0.85169,4.87,1.12
2016.03.22 08:53:58.572,0.85153,0.85167,1.37,1.37
2016.03.22 08:54:00.307,0.85154,0.85168,1.87,1.12
2016.03.22 08:54:00.358,0.85156,0.85168,1.00,1.00
2016.03.22 08:54:00.763,0.85159,0.85171,1.00,1.12
2016.03.22 08:54:01.090,0.85167,0.85173,1.37,1.55
2016.03.22 08:54:01.141,0.85165,0.85173,1.50,1.55
2016.03.22 08:54:01.243,0.85162,0.85173,1.87,1.55
2016.03.22 08:54:01.548,0.85161,0.85173,1.00,1.55
2016.03.22 08:54:02.155,0.8516,0.85173,1.00,1.55
2016.03.22 08:54:02.207,0.8516,0.85175,1.00,1.55
2016.03.22 08:54:02.562,0.85162,0.85175,1.00,1.55
2016.03.22 08:54:03.066,0.85163,0.85175,1.00,1.55
2016.03.22 08:54:03.535,0.85161,0.85176,1.00,1.55
2016.03.22 08:54:04.141,0.8516,0.85176,1.00,1.55
2016.03.22 08:54:05.138,0.85161,0.85176,1.00,1.55
2016.03.22 08:54:05.239,0.85163,0.85176,1.00,1.55
2016.03.22 08:54:05.679,0.85161,0.85176,1.50,1.55
2016.03.22 08:54:05.782,0.85161,0.85176,1.75,1.93
2016.03.22 08:54:08.653,0.85163,0.85177,1.12,1.93
2016.03.22 08:54:09.439,0.85165,0.85179,1.87,1.37
2016.03.22 08:54:11.702,0.85166,0.8518,1.50,2.06
2016.03.22 08:54:12.207,0.85166,0.85181,1.87,2.06
2016.03.22 08:54:13.499,0.85167,0.8518,1.87,1.25
2016.03.22 08:54:13.847,0.8517,0.85183,1.50,1.69
2016.03.22 08:54:14.261,0.8517,0.85184,1.87,1.37
2016.03.22 08:54:16.022,0.8517,0.85182,1.37,1.00
2016.03.22 08:54:16.073,0.85165,0.85179,1.37,1.37
2016.03.22 08:54:16.175,0.85164,0.85178,1.20,1.12
2016.03.22 08:54:16.479,0.85168,0.8518,1.00,1.37
2016.03.22 08:54:16.580,0.85169,0.85181,1.00,1.00
2016.03.22 08:54:22.500,0.85171,0.85181,1.00,1.00
2016.03.22 08:54:22.601,0.8517,0.85185,1.87,1.12
2016.03.22 08:54:24.104,0.85169,0.85183,1.87,1.37
2016.03.22 08:54:24.306,0.85167,0.85181,1.87,1.37
2016.03.22 08:54:24.611,0.85162,0.85172,1.00,1.00
2016.03.22 08:54:25.144,0.85162,0.85175,2.25,1.12
2016.03.22 08:54:26.193,0.85162,0.85175,2.25,1.00
2016.03.22 08:54:26.717,0.85162,0.85175,1.95,1.37
2016.03.22 08:54:27.211,0.8516,0.85174,1.12,1.12
2016.03.22 08:54:27.818,0.85162,0.85174,1.50,1.12
2016.03.22 08:54:28.020,0.85165,0.85178,1.00,1.12
2016.03.22 08:54:28.122,0.85165,0.85179,1.37,1.37
2016.03.22 08:54:28.235,0.85165,0.85178,1.37,2.47
2016.03.22 08:54:28.336,0.85163,0.85178,1.87,1.00
2016.03.22 08:54:28.387,0.85163,0.85175,1.37,1.00
2016.03.22 08:54:28.489,0.85163,0.85177,1.00,1.00
2016.03.22 08:54:28.540,0.85161,0.85175,1.37,1.37
2016.03.22 08:54:28.845,0.85164,0.85177,1.12,1.37
2016.03.22 08:54:29.350,0.85165,0.85177,1.00,1.37
2016.03.22 08:54:29.857,0.85164,0.85177,1.12,1.37
2016.03.22 08:54:30.727,0.85165,0.85179,1.87,1.37
2016.03.22 08:54:31.233,0.85165,0.85177,1.37,1.25
2016.03.22 08:54:34.331,0.85164,0.85177,1.37,1.68
2016.03.22 08:54:34.839,0.85163,0.85177,1.37,1.37
2016.03.22 08:54:35.846,0.85164,0.85179,1.87,1.12
2016.03.22 08:54:36.353,0.85164,0.85176,1.87,1.37
2016.03.22 08:54:39.732,0.85164,0.85177,1.12,1.37
2016.03.22 08:54:40.240,0.85166,0.8518,1.75,1.37
2016.03.22 08:54:40.783,0.85168,0.8518,1.00,1.00
2016.03.22 08:54:41.253,0.85168,0.85183,1.12,4.12
2016.03.22 08:54:41.304,0.8517,0.85184,1.37,1.37
2016.03.22 08:54:41.558,0.85173,0.85184,1.50,1.37
2016.03.22 08:54:41.878,0.85179,0.85188,1.87,3.59
2016.03.22 08:54:42.855,0.85179,0.85193,1.87,1.37
2016.03.22 08:54:43.058,0.85178,0.85192,1.37,1.75
2016.03.22 08:54:43.362,0.85174,0.85189,1.12,1.12
2016.03.22 08:54:44.577,0.85178,0.85188,1.00,1.25
2016.03.22 08:54:44.922,0.85179,0.85188,1.37,1.25
2016.03.22 08:54:46.574,0.85179,0.85193,1.37,3.29
2016.03.22 08:54:47.361,0.85178,0.85193,1.37,6.29
2016.03.22 08:54:47.912,0.85177,0.85192,1.37,1.12
2016.03.22 08:54:50.480,0.8518,0.85193,1.50,1.37
2016.03.22 08:54:50.531,0.8518,0.85194,1.87,1.37
2016.03.22 08:54:50.582,0.85181,0.85195,4.50,3.29
2016.03.22 08:54:51.096,0.85183,0.85195,1.12,2.54
2016.03.22 08:54:52.977,0.85185,0.85198,1.50,1.37
2016.03.22 08:54:53.483,0.85185,0.85199,1.87,3.29
2016.03.22 08:54:53.806,0.85182,0.85194,2.25,1.00
2016.03.22 08:54:54.110,0.85184,0.85197,1.12,1.37
2016.03.22 08:54:56.056,0.85187,0.85197,1.00,1.37
2016.03.22 08:54:56.361,0.85187,0.85198,1.00,1.00
2016.03.22 08:54:56.616,0.85187,0.85202,2.25,1.00
2016.03.22 08:54:57.070,0.85185,0.85199,2.01,1.35
2016.03.22 08:54:57.376,0.85185,0.85195,1.26,1.95
2016.03.22 08:54:58.009,0.85178,0.85193,3.51,1.00
2016.03.22 08:54:58.060,0.85178,0.85195,3.51,1.00
2016.03.22 08:54:58.162,0.85182,0.85197,1.00,1.95
2016.03.22 08:54:58.263,0.8518,0.85197,1.63,1.87
2016.03.22 08:54:58.365,0.85183,0.852,2.25,1.50
2016.03.22 08:54:58.669,0.85191,0.852,1.00,1.12
2016.03.22 08:54:58.836,0.85191,0.85201,1.87,1.87
2016.03.22 08:54:59.248,0.85189,0.85203,1.87,1.37
2016.03.22 08:54:59.299,0.85189,0.85202,1.12,1.75
2016.03.22 08:54:59.888,0.85188,0.85201,1.12,1.87
2016.03.22 08:55:00.293,0.85187,0.85198,1.37,1.00
2016.03.22 08:55:00.344,0.85185,0.85197,2.76,1.00
2016.03.22 08:55:00.497,0.85183,0.85197,1.12,1.87
2016.03.22 08:55:01.014,0.8518,0.85191,1.26,1.75
2016.03.22 08:55:01.268,0.85183,0.85192,1.00,1.37
2016.03.22 08:55:01.471,0.8518,0.85192,2.76,1.37
2016.03.22 08:55:01.572,0.8518,0.85194,3.13,1.37
2016.03.22 08:55:02.119,0.85182,0.85195,3.60,1.37
2016.03.22 08:55:02.373,0.85184,0.85199,2.62,1.12
2016.03.22 08:55:02.534,0.85184,0.852,2.62,2.25
2016.03.22 08:55:02.889,0.8519,0.852,1.00,1.37
2016.03.22 08:55:02.992,0.8519,0.85204,2.62,1.37
2016.03.22 08:55:03.466,0.85193,0.85205,1.00,1.00
2016.03.22 08:55:03.923,0.85193,0.85202,1.00,1.00
2016.03.22 08:55:04.228,0.85189,0.85202,1.12,1.37
2016.03.22 08:55:04.279,0.85188,0.85203,1.87,1.12
2016.03.22 08:55:04.440,0.8519,0.85204,1.37,1.87
2016.03.22 08:55:04.896,0.8519,0.852,1.37,1.00
2016.03.22 08:55:04.947,0.85188,0.852,1.26,1.12
2016.03.22 08:55:05.050,0.85189,0.85203,1.37,1.95
2016.03.22 08:55:05.857,0.85188,0.85201,2.01,1.37
2016.03.22 08:55:06.322,0.85186,0.85201,1.50,4.87
2016.03.22 08:55:06.424,0.85184,0.85198,1.51,1.37
2016.03.22 08:55:06.526,0.85183,0.85198,2.38,4.95
2016.03.22 08:55:07.033,0.85183,0.85195,1.13,1.12
2016.03.22 08:55:07.474,0.85183,0.85195,1.13,1.37
2016.03.22 08:55:07.525,0.85181,0.85195,3.13,1.37
2016.03.22 08:55:08.227,0.85184,0.85196,1.37,1.37
2016.03.22 08:55:08.531,0.85183,0.85196,1.63,4.12
2016.03.22 08:55:09.073,0.85183,0.85194,1.00,1.12
2016.03.22 08:55:12.267,0.85183,0.85195,1.12,1.37
2016.03.22 08:55:12.782,0.85183,0.85196,1.12,1.37
2016.03.22 08:55:13.692,0.85183,0.85194,1.00,1.37
2016.03.22 08:55:15.398,0.85185,0.85194,1.00,1.37
2016.03.22 08:55:15.500,0.85185,0.85198,1.12,1.37
2016.03.22 08:55:17.108,0.85185,0.85198,2.38,1.37
2016.03.22 08:55:18.284,0.85187,0.85198,1.00,1.37
2016.03.22 08:55:18.537,0.8519,0.852,1.00,1.37
2016.03.22 08:55:18.639,0.8519,0.85201,1.00,1.00
2016.03.22 08:55:19.637,0.8519,0.85201,1.13,1.00
2016.03.22 08:55:20.502,0.85189,0.85201,1.63,4.12
2016.03.22 08:55:20.705,0.85187,0.85199,1.13,1.37
2016.03.22 08:55:22.538,0.85187,0.85199,1.00,1.37
2016.03.22 08:55:24.284,0.85185,0.85199,1.37,1.87
2016.03.22 08:55:24.335,0.85184,0.85197,1.26,1.37
2016.03.22 08:55:24.654,0.85182,0.8519,1.26,1.00
2016.03.22 08:55:25.010,0.85179,0.8519,1.00,1.00
2016.03.22 08:55:25.518,0.85179,0.8519,1.26,1.00
2016.03.22 08:55:26.119,0.85179,0.8519,1.26,1.12
2016.03.22 08:55:26.321,0.85176,0.85188,1.26,1.37
2016.03.22 08:55:27.158,0.85177,0.8519,1.63,1.87
2016.03.22 08:55:27.260,0.85177,0.8519,2.01,1.12
2016.03.22 08:55:27.513,0.85179,0.85191,1.26,1.37
2016.03.22 08:55:27.867,0.85179,0.8519,1.26,1.12
2016.03.22 08:55:28.275,0.85179,0.85185,1.26,1.00
2016.03.22 08:55:28.579,0.85179,0.85184,1.26,1.37
2016.03.22 08:55:28.731,0.8517,0.85184,1.87,1.87
2016.03.22 08:55:30.711,0.85172,0.85184,1.00,1.37
2016.03.22 08:55:30.863,0.85172,0.85186,1.87,2.25
2016.03.22 08:55:31.372,0.85174,0.85186,1.00,2.25
2016.03.22 08:55:32.753,0.85174,0.85186,1.93,1.00
2016.03.22 08:55:32.957,0.85177,0.85189,1.12,1.37
2016.03.22 08:55:33.464,0.85177,0.8519,1.12,1.37
2016.03.22 08:55:33.618,0.85177,0.8519,1.00,4.87
2016.03.22 08:55:34.125,0.85175,0.85187,2.01,1.37
2016.03.22 08:55:34.378,0.85176,0.85188,1.18,1.00
2016.03.22 08:55:35.036,0.85177,0.85188,1.37,1.00
2016.03.22 08:55:35.343,0.85194,0.85205,1.12,1.00
2016.03.22 08:55:35.597,0.85196,0.8521,1.75,3.00
2016.03.22 08:55:35.648,0.85197,0.8521,1.37,2.25
2016.03.22 08:55:36.150,0.85197,0.8521,1.00,5.62
2016.03.22 08:55:36.455,0.85194,0.85207,1.50,1.87
2016.03.22 08:55:36.928,0.85193,0.85206,1.12,1.37
2016.03.22 08:55:38.180,0.85194,0.85206,1.50,1.37
2016.03.22 08:55:38.444,0.85195,0.85208,1.87,1.50
2016.03.22 08:55:38.951,0.85197,0.85208,1.00,1.50
2016.03.22 08:55:40.541,0.85195,0.85209,1.87,3.00
2016.03.22 08:55:40.593,0.85195,0.85208,1.50,3.75
2016.03.22 08:55:40.694,0.85193,0.85207,1.50,1.87
2016.03.22 08:55:41.389,0.85193,0.85207,2.25,1.37
2016.03.22 08:55:41.917,0.85194,0.85208,1.37,1.37
2016.03.22 08:55:43.812,0.85195,0.85209,2.25,1.37
2016.03.22 08:55:44.344,0.85197,0.8521,1.87,2.25
2016.03.22 08:55:44.648,0.85203,0.8521,1.87,1.12
2016.03.22 08:55:44.965,0.85205,0.85217,1.00,1.00
2016.03.22 08:55:46.477,0.85203,0.85217,1.87,1.87
2016.03.22 08:55:46.781,0.85198,0.85211,1.90,1.12
2016.03.22 08:55:47.733,0.85198,0.85211,1.50,1.12
2016.03.22 08:55:49.242,0.85197,0.85208,1.12,1.00
2016.03.22 08:55:49.293,0.85194,0.85208,3.78,4.50
2016.03.22 08:55:49.395,0.85193,0.85204,1.03,1.00
2016.03.22 08:55:50.750,0.85193,0.85204,1.00,1.00
2016.03.22 08:55:52.100,0.85193,0.85207,1.12,1.12
2016.03.22 08:55:52.600,0.85193,0.85206,1.75,1.00
2016.03.22 08:55:53.894,0.85195,0.8521,6.75,1.87
2016.03.22 08:55:54.036,0.85198,0.8521,1.87,1.12
2016.03.22 08:55:54.512,0.852,0.8521,1.75,1.12
2016.03.22 08:55:54.866,0.85203,0.85215,1.00,1.00
2016.03.22 08:55:56.631,0.85203,0.85217,1.87,1.12
2016.03.22 08:55:56.682,0.85204,0.85218,1.37,1.87
2016.03.22 08:55:58.129,0.85204,0.85218,1.00,1.12
2016.03.22 08:55:58.333,0.85204,0.85218,4.12,1.12
2016.03.22 08:55:58.485,0.85205,0.85219,1.37,1.87
2016.03.22 08:55:59.148,0.85205,0.85219,1.37,2.01
2016.03.22 08:56:00.667,0.85204,0.85218,1.51,1.87
2016.03.22 08:56:00.920,0.85203,0.85218,2.38,1.12
2016.03.22 08:56:01.631,0.85203,0.85216,2.01,1.00
2016.03.22 08:56:02.815,0.85203,0.85219,2.38,2.25
2016.03.22 08:56:03.120,0.85205,0.8522,4.63,3.88
2016.03.22 08:56:03.222,0.85208,0.85222,1.12,1.63
2016.03.22 08:56:03.425,0.85208,0.85221,1.37,1.26
2016.03.22 08:56:03.903,0.85207,0.85219,1.18,1.00
2016.03.22 08:56:04.459,0.85205,0.85219,2.38,1.87
2016.03.22 08:56:04.782,0.85205,0.85216,1.26,1.12
2016.03.22 08:56:04.984,0.85202,0.85216,1.12,2.76
2016.03.22 08:56:05.238,0.85199,0.85214,4.39,3.88
2016.03.22 08:56:05.341,0.85198,0.85213,1.64,1.26
2016.03.22 08:56:05.544,0.85199,0.85214,1.75,2.25
2016.03.22 08:56:05.912,0.85201,0.85214,5.62,1.50
2016.03.22 08:56:06.216,0.8521,0.85215,1.37,1.00
2016.03.22 08:56:07.104,0.8521,0.85223,1.37,1.12
2016.03.22 08:56:08.525,0.8521,0.85222,1.37,1.00
2016.03.22 08:56:08.933,0.85208,0.85222,1.39,1.87
2016.03.22 08:56:10.170,0.85207,0.85221,1.37,1.75
2016.03.22 08:56:10.423,0.85204,0.85218,1.37,1.37
2016.03.22 08:56:11.086,0.85203,0.85217,1.37,1.75
2016.03.22 08:56:11.594,0.85202,0.85216,1.37,1.37
2016.03.22 08:56:13.157,0.85201,0.85216,1.37,1.12
2016.03.22 08:56:13.360,0.85198,0.85212,1.87,3.75
2016.03.22 08:56:14.088,0.852,0.85211,4.50,1.87
2016.03.22 08:56:14.633,0.85201,0.85215,1.87,1.87
2016.03.22 08:56:15.482,0.852,0.85215,1.37,5.62
2016.03.22 08:56:16.062,0.85199,0.85213,1.37,1.87
2016.03.22 08:56:16.830,0.85199,0.85211,1.37,1.00
2016.03.22 08:56:19.129,0.85199,0.85212,1.37,1.12
2016.03.22 08:56:19.281,0.85204,0.85212,1.00,1.12
2016.03.22 08:56:19.787,0.85202,0.85212,1.37,1.00
2016.03.22 08:56:20.332,0.852,0.85212,1.00,1.00
2016.03.22 08:56:27.190,0.85197,0.85212,4.12,1.12
2016.03.22 08:56:27.292,0.85196,0.8521,1.37,1.37
2016.03.22 08:56:29.297,0.85195,0.8521,1.87,1.87
2016.03.22 08:56:29.602,0.85197,0.85209,1.00,1.00
2016.03.22 08:56:30.007,0.85193,0.85207,1.75,3.75
2016.03.22 08:56:30.059,0.85193,0.85204,1.00,1.00
2016.03.22 08:56:30.110,0.85193,0.85206,5.25,1.12
2016.03.22 08:56:30.161,0.85194,0.85208,1.12,1.12
2016.03.22 08:56:32.449,0.85193,0.85208,1.37,1.12
2016.03.22 08:56:32.977,0.85191,0.85206,1.87,1.37
2016.03.22 08:56:35.128,0.85192,0.85206,1.00,4.12
2016.03.22 08:56:35.642,0.8519,0.85204,1.87,1.37
2016.03.22 08:56:36.534,0.8519,0.85205,1.87,1.37
2016.03.22 08:56:37.049,0.85191,0.85206,1.12,1.37
2016.03.22 08:56:39.970,0.8519,0.85204,1.37,1.37
2016.03.22 08:56:41.039,0.85187,0.85201,2.62,1.37
2016.03.22 08:56:41.343,0.85189,0.85203,1.40,1.37
2016.03.22 08:56:41.900,0.8519,0.85205,1.41,4.12
2016.03.22 08:56:41.952,0.85191,0.85205,1.37,1.37
2016.03.22 08:56:42.112,0.85195,0.85207,1.00,1.00
2016.03.22 08:56:42.620,0.85195,0.8521,1.12,3.75
2016.03.22 08:56:42.671,0.85197,0.85211,1.37,1.37
2016.03.22 08:56:42.874,0.85198,0.85213,1.12,2.68
2016.03.22 08:56:45.942,0.852,0.85215,1.55,4.12
2016.03.22 08:56:45.993,0.85201,0.85215,1.37,1.37
2016.03.22 08:56:46.397,0.85199,0.85213,1.26,1.12
2016.03.22 08:56:54.927,0.852,0.85214,1.75,1.37
2016.03.22 08:56:55.231,0.852,0.85213,1.12,1.37
2016.03.22 08:56:55.736,0.85201,0.85213,1.00,1.37
2016.03.22 08:56:56.272,0.85199,0.85213,1.37,1.37
2016.03.22 08:56:56.374,0.85197,0.85212,1.75,1.12
2016.03.22 08:56:56.425,0.85196,0.8521,1.37,1.37
2016.03.22 08:56:56.476,0.85194,0.85209,3.75,1.12
2016.03.22 08:56:56.527,0.85193,0.85207,1.37,1.37
2016.03.22 08:56:56.578,0.85192,0.85206,3.54,1.12
2016.03.22 08:56:56.629,0.85192,0.85204,2.79,1.37
2016.03.22 08:56:57.859,0.8519,0.85204,1.37,1.37
2016.03.22 08:56:59.561,0.85188,0.85203,1.12,1.50
2016.03.22 08:56:59.663,0.85188,0.85202,1.12,1.37
2016.03.22 08:57:00.018,0.85185,0.85199,1.37,1.37
2016.03.22 08:57:00.523,0.85185,0.85197,1.37,1.00
2016.03.22 08:57:01.333,0.85185,0.85197,1.00,1.75
2016.03.22 08:57:03.042,0.85181,0.85196,1.12,2.38
2016.03.22 08:57:03.844,0.85181,0.85195,1.12,1.63
2016.03.22 08:57:03.946,0.8518,0.85194,1.37,1.55
2016.03.22 08:57:03.997,0.85179,0.85192,1.12,1.37
2016.03.22 08:57:04.048,0.85179,0.85191,1.00,1.00
2016.03.22 08:57:04.099,0.85176,0.8519,4.12,1.50
2016.03.22 08:57:04.150,0.85176,0.85188,1.00,1.00
2016.03.22 08:57:07.015,0.85175,0.85188,1.37,2.01
2016.03.22 08:57:07.547,0.85175,0.85187,1.00,1.00
2016.03.22 08:57:12.157,0.85177,0.8519,1.50,2.38
2016.03.22 08:57:12.485,0.85179,0.8519,1.37,1.26
2016.03.22 08:57:12.789,0.85181,0.8519,1.37,1.26
2016.03.22 08:57:13.472,0.85181,0.85194,1.37,1.02
2016.03.22 08:57:13.578,0.85181,0.85195,1.37,2.52
2016.03.22 08:57:15.079,0.85184,0.85196,1.37,1.37
2016.03.22 08:57:15.383,0.85184,0.85198,1.37,1.50
2016.03.22 08:57:18.040,0.85185,0.852,1.37,6.43
2016.03.22 08:57:18.091,0.85186,0.852,1.37,3.43
2016.03.22 08:57:18.192,0.85184,0.85199,1.37,1.87
2016.03.22 08:57:18.496,0.85186,0.852,1.37,2.68
2016.03.22 08:57:19.149,0.85186,0.852,1.37,1.43
2016.03.22 08:57:20.816,0.85184,0.85198,1.37,1.43
2016.03.22 08:57:21.120,0.85186,0.852,1.12,2.68
2016.03.22 08:57:21.807,0.85188,0.85201,1.37,2.00
2016.03.22 08:57:22.111,0.8519,0.85201,1.37,1.55
2016.03.22 08:57:22.415,0.85193,0.85201,1.37,1.55
2016.03.22 08:57:22.959,0.85194,0.85207,1.37,1.93
2016.03.22 08:57:24.171,0.85194,0.85208,1.37,1.43
2016.03.22 08:57:25.370,0.85194,0.85208,1.37,1.43
2016.03.22 08:57:26.333,0.85191,0.85205,1.37,1.43
2016.03.22 08:57:26.523,0.8519,0.85202,1.00,1.00
2016.03.22 08:57:26.828,0.85186,0.852,1.37,1.43
2016.03.22 08:57:27.132,0.85183,0.85197,1.37,1.37
2016.03.22 08:57:27.386,0.85185,0.85199,1.37,2.68
2016.03.22 08:57:27.696,0.85183,0.85197,1.12,1.12
2016.03.22 08:57:28.203,0.85183,0.85195,1.12,1.18
2016.03.22 08:57:29.097,0.85188,0.85202,1.12,1.87
2016.03.22 08:57:29.558,0.85191,0.85203,1.37,1.37
2016.03.22 08:57:29.609,0.85188,0.85203,1.12,1.37
2016.03.22 08:57:34.410,0.8519,0.85204,1.37,1.37
2016.03.22 08:57:38.022,0.85188,0.85202,1.37,1.37
2016.03.22 08:57:39.324,0.85186,0.852,1.37,1.37
2016.03.22 08:57:40.182,0.85184,0.852,1.87,5.62
2016.03.22 08:57:40.233,0.85184,0.85197,1.12,1.37
2016.03.22 08:57:40.847,0.85189,0.85201,1.37,1.37
2016.03.22 08:57:40.999,0.85189,0.85203,1.37,1.37
2016.03.22 08:57:41.050,0.85187,0.85199,1.37,1.37
2016.03.22 08:57:44.248,0.85185,0.85197,1.00,1.00
2016.03.22 08:57:45.931,0.85182,0.85196,1.87,1.37
2016.03.22 08:57:46.931,0.85184,0.85198,1.12,1.77
2016.03.22 08:57:48.064,0.85187,0.85201,1.12,1.15
2016.03.22 08:57:48.475,0.85192,0.85203,1.37,1.90
2016.03.22 08:57:49.017,0.85192,0.85206,1.37,1.41
2016.03.22 08:57:49.170,0.85194,0.85208,1.37,1.40
2016.03.22 08:57:49.476,0.85197,0.85211,1.37,2.28
2016.03.22 08:57:50.423,0.85197,0.85211,1.37,1.40
2016.03.22 08:57:53.590,0.85195,0.85209,1.87,1.37
2016.03.22 08:57:54.100,0.85195,0.85209,1.12,1.12
2016.03.22 08:57:54.656,0.85194,0.85206,1.00,1.00
2016.03.22 08:57:56.127,0.85195,0.85206,1.00,1.00
2016.03.22 08:57:56.178,0.85195,0.85209,1.87,1.41
2016.03.22 08:57:56.279,0.85198,0.8521,1.37,1.03
2016.03.22 08:57:57.010,0.85198,0.85211,1.37,1.12
2016.03.22 08:57:57.163,0.85197,0.8521,1.50,1.87
2016.03.22 08:57:57.366,0.85199,0.85211,1.37,1.00
2016.03.22 08:57:57.575,0.85202,0.85214,1.12,1.53
2016.03.22 08:57:59.193,0.85202,0.85214,1.12,2.76
2016.03.22 08:57:59.698,0.85202,0.85215,1.12,3.13
2016.03.22 08:58:00.503,0.852,0.85214,1.37,2.01
2016.03.22 08:58:00.805,0.852,0.8521,1.37,1.00
2016.03.22 08:58:00.906,0.85199,0.8521,1.00,1.87
2016.03.22 08:58:01.282,0.85199,0.85211,1.50,1.00
2016.03.22 08:58:03.151,0.85201,0.85211,1.00,1.00
2016.03.22 08:58:03.202,0.85202,0.85215,1.50,1.87
2016.03.22 08:58:03.303,0.85206,0.85219,1.00,2.01
2016.03.22 08:58:03.809,0.85206,0.85219,1.37,1.26
2016.03.22 08:58:04.318,0.85206,0.8522,1.87,1.87
2016.03.22 08:58:05.824,0.85208,0.85222,1.12,1.12
2016.03.22 08:58:06.895,0.85211,0.85223,1.00,1.00
2016.03.22 08:58:07.403,0.85211,0.85225,1.37,1.87
2016.03.22 08:58:09.054,0.85212,0.85223,1.12,1.00
2016.03.22 08:58:09.105,0.85212,0.85223,1.00,1.87
2016.03.22 08:58:09.908,0.85209,0.85223,1.37,1.87
2016.03.22 08:58:12.175,0.85207,0.85221,1.37,1.87
2016.03.22 08:58:12.429,0.85206,0.85218,1.00,1.00
2016.03.22 08:58:12.934,0.85204,0.85216,1.39,1.00
2016.03.22 08:58:14.766,0.85205,0.85216,1.50,1.00
2016.03.22 08:58:14.817,0.85207,0.85219,1.12,1.00
2016.03.22 08:58:14.919,0.85209,0.8522,1.37,1.00
2016.03.22 08:58:15.122,0.8521,0.85224,1.37,1.37
2016.03.22 08:58:15.375,0.85213,0.85224,1.00,1.37
2016.03.22 08:58:15.623,0.85213,0.85225,2.62,1.12
2016.03.22 08:58:15.725,0.85216,0.85225,1.12,1.12
2016.03.22 08:58:16.029,0.85221,0.85227,1.12,1.12
2016.03.22 08:58:16.383,0.85221,0.85235,1.87,1.37
2016.03.22 08:58:16.646,0.85221,0.85232,1.00,1.00
2016.03.22 08:58:16.748,0.85221,0.8523,1.00,1.00
2016.03.22 08:58:16.850,0.85218,0.8523,1.51,1.00
2016.03.22 08:58:17.052,0.85217,0.85226,1.26,1.12
2016.03.22 08:58:17.447,0.85209,0.85223,1.55,1.87
2016.03.22 08:58:17.984,0.85209,0.85221,1.55,1.00
2016.03.22 08:58:18.638,0.85208,0.8522,1.13,1.00
2016.03.22 08:58:19.144,0.85205,0.85219,2.38,1.87
2016.03.22 08:58:19.448,0.85207,0.85221,1.26,1.12
2016.03.22 08:58:19.549,0.85211,0.85223,1.00,2.62
2016.03.22 08:58:21.075,0.85214,0.85227,1.37,1.12
2016.03.22 08:58:21.530,0.85213,0.85228,1.37,1.87
2016.03.22 08:58:22.043,0.85212,0.85226,1.37,1.37
2016.03.22 08:58:23.038,0.85212,0.85227,1.12,1.87
2016.03.22 08:58:23.183,0.85212,0.85226,1.37,1.37
2016.03.22 08:58:23.854,0.85215,0.85229,1.12,1.12
2016.03.22 08:58:24.056,0.85217,0.85231,1.12,1.50
2016.03.22 08:58:24.460,0.8522,0.85231,3.75,1.50
2016.03.22 08:58:24.663,0.85222,0.85231,1.00,1.12
2016.03.22 08:58:24.866,0.85222,0.85234,1.00,1.00
2016.03.22 08:58:25.372,0.85223,0.85236,1.12,1.50
2016.03.22 08:58:27.386,0.85226,0.85237,1.00,1.12
2016.03.22 08:58:27.487,0.85226,0.8524,1.37,1.50
2016.03.22 08:58:27.640,0.85228,0.8524,1.37,1.12
2016.03.22 08:58:28.043,0.85227,0.8524,1.00,1.87
2016.03.22 08:58:28.679,0.85227,0.85237,1.00,1.12
2016.03.22 08:58:29.758,0.85227,0.8524,1.00,1.87
2016.03.22 08:58:30.163,0.85228,0.8524,1.12,1.50
2016.03.22 08:58:31.374,0.85228,0.85239,1.12,1.00
2016.03.22 08:58:31.475,0.85225,0.85239,1.37,1.87
2016.03.22 08:58:32.166,0.85225,0.85239,1.75,1.37
2016.03.22 08:58:32.269,0.85229,0.85239,1.00,1.37
2016.03.22 08:58:32.574,0.8523,0.8524,1.87,1.12
2016.03.22 08:58:33.296,0.8523,0.85244,1.12,2.25
2016.03.22 08:58:35.562,0.85232,0.85243,1.37,1.00
2016.03.22 08:58:36.105,0.85232,0.85245,1.37,1.26
2016.03.22 08:58:36.709,0.85232,0.85245,1.37,1.26
2016.03.22 08:58:37.008,0.85231,0.85245,1.12,2.01
2016.03.22 08:58:37.110,0.85231,0.85243,1.00,1.00
2016.03.22 08:58:43.808,0.85231,0.85244,1.12,1.87
2016.03.22 08:58:44.310,0.85232,0.85246,1.37,1.87
2016.03.22 08:58:44.412,0.85232,0.85246,1.30,1.87
2016.03.22 08:58:44.463,0.85231,0.85244,2.47,1.37
2016.03.22 08:58:44.565,0.85232,0.85246,1.50,1.37
2016.03.22 08:58:45.192,0.85231,0.85244,1.12,1.00
2016.03.22 08:58:45.697,0.85231,0.85245,1.12,1.12
2016.03.22 08:58:45.798,0.85231,0.85243,1.12,1.12
2016.03.22 08:58:47.805,0.8523,0.85243,1.12,1.50
2016.03.22 08:58:48.321,0.85229,0.85243,1.12,1.50
2016.03.22 08:58:48.849,0.85232,0.85243,1.00,1.12
2016.03.22 08:58:49.731,0.85229,0.85243,1.37,2.25
2016.03.22 08:58:51.632,0.85227,0.85243,1.12,6.00
2016.03.22 08:58:51.683,0.85226,0.8524,1.37,1.37
2016.03.22 08:58:52.230,0.85225,0.85238,1.87,1.50
2016.03.22 08:58:52.533,0.85226,0.85236,1.00,1.87
2016.03.22 08:58:53.039,0.85224,0.85235,1.00,1.37
2016.03.22 08:58:53.187,0.85227,0.85235,1.00,1.37
2016.03.22 08:58:54.938,0.85227,0.85237,1.00,1.37
2016.03.22 08:58:55.448,0.85227,0.85238,1.00,1.37
2016.03.22 08:58:56.004,0.85227,0.85238,2.25,1.00
2016.03.22 08:58:59.751,0.85227,0.85242,4.87,2.62
2016.03.22 08:58:59.912,0.85227,0.85239,1.00,1.37
2016.03.22 08:59:00.065,0.85227,0.85241,1.87,1.87
2016.03.22 08:59:02.084,0.85232,0.85241,1.00,1.37
2016.03.22 08:59:02.342,0.85233,0.85243,2.10,1.12
2016.03.22 08:59:02.446,0.85233,0.85243,2.05,1.00
2016.03.22 08:59:02.850,0.85234,0.85249,1.12,2.62
2016.03.22 08:59:03.356,0.85237,0.85249,1.12,1.12
2016.03.22 08:59:03.756,0.85239,0.85249,1.12,1.00
2016.03.22 08:59:04.561,0.85239,0.85252,1.37,2.25
2016.03.22 08:59:04.612,0.85236,0.8525,1.75,1.50
2016.03.22 08:59:05.187,0.85237,0.85249,1.00,1.50
2016.03.22 08:59:07.447,0.85236,0.85249,1.37,1.87
2016.03.22 08:59:07.700,0.85232,0.85246,1.15,1.12
2016.03.22 08:59:07.751,0.85233,0.85248,3.75,2.01
2016.03.22 08:59:07.802,0.85236,0.85248,1.00,1.13
2016.03.22 08:59:08.546,0.85234,0.85248,1.12,1.26
2016.03.22 08:59:08.597,0.85233,0.85246,1.37,1.12
2016.03.22 08:59:11.761,0.85233,0.85247,1.00,1.87
2016.03.22 08:59:12.153,0.85231,0.85244,1.37,1.50
2016.03.22 08:59:12.204,0.85231,0.85243,1.00,1.00
2016.03.22 08:59:12.255,0.85231,0.85244,1.12,1.37
2016.03.22 08:59:12.663,0.85229,0.85242,1.12,1.50
2016.03.22 08:59:12.714,0.85228,0.85242,1.37,1.87
2016.03.22 08:59:15.472,0.85226,0.85239,1.12,1.37
2016.03.22 08:59:15.523,0.85225,0.85239,1.37,1.50
2016.03.22 08:59:16.471,0.85222,0.85234,4.12,1.12
2016.03.22 08:59:16.523,0.85221,0.85234,1.37,1.12
2016.03.22 08:59:16.881,0.85222,0.85237,4.50,1.87
2016.03.22 08:59:17.152,0.85224,0.85238,1.37,1.90
2016.03.22 08:59:18.470,0.85224,0.8524,4.12,2.65
2016.03.22 08:59:18.776,0.85234,0.85245,3.75,2.17
2016.03.22 08:59:19.081,0.85236,0.85245,1.12,2.17
2016.03.22 08:59:19.790,0.85237,0.85245,1.37,2.17
2016.03.22 08:59:20.410,0.85236,0.85247,1.37,1.00
2016.03.22 08:59:20.462,0.85238,0.8525,1.37,1.00
2016.03.22 08:59:21.171,0.85238,0.85249,1.37,1.00
2016.03.22 08:59:21.323,0.85236,0.85249,1.37,1.12
2016.03.22 08:59:21.374,0.85236,0.85249,1.12,1.00
2016.03.22 08:59:21.981,0.85238,0.85251,1.37,1.12
2016.03.22 08:59:22.488,0.85237,0.8525,1.63,1.37
2016.03.22 08:59:22.589,0.85236,0.8525,1.55,1.37
2016.03.22 08:59:24.739,0.85238,0.8525,1.50,1.87
2016.03.22 08:59:24.842,0.85239,0.85252,2.25,1.75
2016.03.22 08:59:24.893,0.8524,0.85255,1.37,1.12
2016.03.22 08:59:24.994,0.85242,0.85256,1.37,1.37
2016.03.22 08:59:25.297,0.85244,0.85257,1.37,1.12
2016.03.22 08:59:26.373,0.85246,0.85258,1.00,1.37
2016.03.22 08:59:26.576,0.85247,0.85259,1.00,1.00
2016.03.22 08:59:27.296,0.85247,0.85258,1.00,1.00
2016.03.22 08:59:27.804,0.85246,0.85261,1.37,1.12
2016.03.22 08:59:27.956,0.85248,0.85262,1.75,1.87
2016.03.22 08:59:28.007,0.8525,0.85262,1.00,1.00
2016.03.22 08:59:28.252,0.85251,0.85265,1.12,1.12
2016.03.22 08:59:28.304,0.85251,0.85265,1.37,1.87
2016.03.22 08:59:30.630,0.85254,0.85265,1.00,1.37
2016.03.22 08:59:30.682,0.85255,0.85267,1.00,1.00
2016.03.22 08:59:32.373,0.85255,0.85266,1.00,1.00
2016.03.22 08:59:32.580,0.85252,0.85263,1.39,1.12
2016.03.22 08:59:35.422,0.85249,0.85263,1.37,1.87
2016.03.22 08:59:40.132,0.85249,0.85263,1.12,1.00
2016.03.22 08:59:42.527,0.8525,0.85264,4.12,1.00
2016.03.22 08:59:42.831,0.85251,0.85263,1.37,1.12
2016.03.22 08:59:43.341,0.8525,0.85264,1.37,1.37
2016.03.22 08:59:46.571,0.85247,0.85261,1.87,1.87
2016.03.22 08:59:47.077,0.85246,0.85257,1.37,1.00
2016.03.22 08:59:47.279,0.85246,0.85259,1.37,1.12
2016.03.22 08:59:49.550,0.85244,0.85259,2.62,1.37
2016.03.22 08:59:50.700,0.85244,0.85257,1.12,1.00
2016.03.22 08:59:50.802,0.85242,0.85254,4.12,1.00
2016.03.22 08:59:50.853,0.85242,0.85254,1.37,1.00
2016.03.22 08:59:51.359,0.85242,0.85256,1.37,1.37
2016.03.22 08:59:52.329,0.85244,0.85257,1.37,1.12
2016.03.22 08:59:55.175,0.8524,0.85258,1.50,1.00
2016.03.22 08:59:55.769,0.8524,0.85257,1.50,1.00
2016.03.22 08:59:56.074,0.8524,0.85254,1.00,1.00
2016.03.22 08:59:56.328,0.85238,0.85255,1.00,1.00
2016.03.22 08:59:56.963,0.85238,0.85256,1.50,1.00
2016.03.22 08:59:59.145,0.85238,0.85255,1.50,1.00
2016.03.22 08:59:59.799,0.85238,0.85254,1.50,1.00
