2012.08.10 17:00:00.000,0.7891,0.78929,1.11,1.73
2012.08.10 17:00:00.121,0.78912,0.78932,1.33,1.88
2012.08.10 17:00:00.660,0.78915,0.78934,1.33,1.50
2012.08.10 17:00:01.019,0.78915,0.78934,1.11,1.50
2012.08.10 17:00:01.316,0.78915,0.78934,1.11,1.50
2012.08.10 17:00:01.438,0.78915,0.78934,1.11,1.50
2012.08.10 17:00:03.583,0.78915,0.78934,1.11,2.48
2012.08.10 17:00:04.109,0.78915,0.78934,1.11,2.48
2012.08.10 17:00:04.639,0.78915,0.78934,1.11,2.88
2012.08.10 17:00:06.150,0.78915,0.78934,1.11,2.13
2012.08.10 17:00:06.825,0.78915,0.78934,1.11,2.13
2012.08.10 17:00:09.345,0.78916,0.78935,1.11,2.13
2012.08.10 17:00:10.174,0.78916,0.78933,1.11,1.38
2012.08.10 17:00:10.839,0.78916,0.7893,1.11,1.13
2012.08.10 17:00:11.335,0.78912,0.78928,1.11,1.50
2012.08.10 17:00:11.879,0.78912,0.78928,1.11,1.90
2012.08.10 17:00:12.458,0.78913,0.78928,1.11,1.90
2012.08.10 17:00:12.871,0.78911,0.78929,1.11,1.38
2012.08.10 17:00:15.177,0.78911,0.7893,1.11,2.13
2012.08.10 17:00:17.628,0.78911,0.7893,1.11,1.38
2012.08.10 17:00:17.750,0.78911,0.7893,1.11,2.13
2012.08.10 17:00:18.146,0.78911,0.7893,1.11,2.13
2012.08.10 17:00:18.209,0.78911,0.7893,1.11,2.13
2012.08.10 17:00:19.080,0.7891,0.78929,1.11,1.73
2012.08.10 17:00:23.967,0.7891,0.78928,1.11,2.13
2012.08.10 17:00:24.515,0.7891,0.78928,1.11,2.48
2012.08.10 17:00:35.520,0.7891,0.78928,1.11,1.73
2012.08.10 17:00:37.171,0.7891,0.7893,1.11,2.88
2012.08.10 17:00:38.426,0.7891,0.7893,1.86,2.13
2012.08.10 17:00:39.497,0.7891,0.7893,1.86,1.73
2012.08.10 17:00:39.621,0.78913,0.78933,1.11,2.48
2012.08.10 17:00:53.970,0.78912,0.78932,1.11,1.50
2012.08.10 17:00:54.036,0.78912,0.78932,1.11,1.73
2012.08.10 17:01:01.396,0.7891,0.78931,1.11,1.38
2012.08.10 17:01:24.005,0.7891,0.78929,1.33,1.50
2012.08.10 17:01:30.505,0.7891,0.78931,2.08,1.15
2012.08.10 17:01:31.438,0.7891,0.7893,1.86,1.15
2012.08.10 17:01:32.195,0.78912,0.78932,1.11,1.73
2012.08.10 17:01:32.721,0.78912,0.78932,1.33,1.50
2012.08.10 17:01:35.563,0.7891,0.78926,1.86,1.15
2012.08.10 17:01:36.723,0.7891,0.78929,1.11,1.38
2012.08.10 17:01:36.787,0.7891,0.78929,1.11,1.15
2012.08.10 17:01:36.970,0.78911,0.78929,1.11,1.38
2012.08.10 17:01:37.035,0.7891,0.78928,1.86,1.38
2012.08.10 17:01:37.271,0.7891,0.78931,1.11,1.38
2012.08.10 17:01:46.419,0.7891,0.78931,2.08,1.15
2012.08.10 17:02:05.558,0.78911,0.78929,1.11,1.50
2012.08.10 17:02:07.244,0.78911,0.78929,1.11,1.50
2012.08.10 17:02:08.265,0.78911,0.78929,1.11,1.50
2012.08.10 17:02:13.720,0.78911,0.78929,1.11,1.50
2012.08.10 17:02:15.483,0.78911,0.78929,1.11,1.50
2012.08.10 17:02:16.034,0.78911,0.7893,1.11,2.63
2012.08.10 17:02:17.374,0.78911,0.78929,1.11,1.50
2012.08.10 17:02:26.483,0.78911,0.78931,1.11,2.65
2012.08.10 17:02:26.606,0.78913,0.78931,1.11,1.50
2012.08.10 17:02:26.729,0.78913,0.78931,1.11,1.50
2012.08.10 17:02:27.360,0.78913,0.78932,1.33,1.50
2012.08.10 17:02:27.483,0.78913,0.78932,1.33,1.50
2012.08.10 17:02:27.547,0.78913,0.78931,1.33,1.50
2012.08.10 17:02:28.077,0.78911,0.78928,1.11,1.50
2012.08.10 17:02:31.424,0.78911,0.78928,1.11,1.50
2012.08.10 17:02:41.334,0.78911,0.78928,1.11,1.50
2012.08.10 17:02:48.984,0.78911,0.78928,1.11,1.50
2012.08.10 17:03:03.346,0.78911,0.78928,1.11,1.90
2012.08.10 17:03:03.409,0.78911,0.78928,1.11,1.90
2012.08.10 17:03:11.326,0.7891,0.78928,1.11,1.90
2012.08.10 17:03:13.151,0.78908,0.78927,1.11,1.50
2012.08.10 17:03:21.250,0.7891,0.78927,1.11,1.15
2012.08.10 17:03:21.313,0.7891,0.78928,1.11,1.50
2012.08.10 17:03:21.892,0.78907,0.78926,2.83,1.50
2012.08.10 17:03:22.210,0.78908,0.78926,1.11,1.38
2012.08.10 17:03:41.895,0.78907,0.78924,1.11,1.50
2012.08.10 17:03:42.075,0.78904,0.78921,1.11,1.50
2012.08.10 17:03:42.253,0.78904,0.78923,1.11,1.38
2012.08.10 17:03:45.998,0.78904,0.78925,1.11,1.73
2012.08.10 17:03:51.338,0.78905,0.78926,1.33,1.15
2012.08.10 17:04:04.274,0.78906,0.78923,1.33,1.50
2012.08.10 17:04:04.338,0.78906,0.78923,1.11,1.50
2012.08.10 17:04:04.459,0.78905,0.78921,1.11,1.15
2012.08.10 17:04:04.523,0.78905,0.78921,1.11,1.38
2012.08.10 17:04:07.436,0.78905,0.78922,1.11,1.38
2012.08.10 17:04:07.615,0.78905,0.78922,1.11,1.15
2012.08.10 17:04:08.296,0.78905,0.78923,1.11,1.50
2012.08.10 17:04:14.249,0.78904,0.7892,1.11,1.15
2012.08.10 17:04:14.314,0.78904,0.7892,1.11,1.15
2012.08.10 17:04:14.824,0.78902,0.78918,1.11,1.50
2012.08.10 17:04:16.176,0.78902,0.78918,1.11,1.50
2012.08.10 17:04:16.241,0.789,0.78918,1.86,1.90
2012.08.10 17:04:16.365,0.78898,0.78913,1.11,1.50
2012.08.10 17:04:16.429,0.78897,0.78913,1.11,1.50
2012.08.10 17:04:16.957,0.78896,0.78912,1.11,1.15
2012.08.10 17:04:32.732,0.78897,0.78916,1.11,1.38
2012.08.10 17:04:32.797,0.78897,0.78916,1.11,1.15
2012.08.10 17:04:33.865,0.78897,0.78915,1.11,1.15
2012.08.10 17:04:41.945,0.78897,0.78914,1.86,1.15
2012.08.10 17:04:42.488,0.78897,0.78916,1.86,1.15
2012.08.10 17:04:43.416,0.78897,0.78917,1.86,1.90
2012.08.10 17:04:51.732,0.78897,0.78917,1.86,1.90
2012.08.10 17:05:03.205,0.78897,0.78917,1.86,1.50
2012.08.10 17:05:03.383,0.78897,0.78917,2.61,1.50
2012.08.10 17:05:03.504,0.78897,0.78917,2.83,1.50
2012.08.10 17:05:03.567,0.78897,0.78917,2.83,1.90
2012.08.10 17:05:11.395,0.78897,0.78917,1.86,2.13
2012.08.10 17:05:14.634,0.789,0.78914,1.58,2.33
2012.08.10 17:05:22.217,0.78897,0.78913,1.11,2.33
2012.08.10 17:05:22.340,0.78899,0.78916,1.93,2.33
2012.08.10 17:05:22.749,0.789,0.78915,1.58,2.33
2012.08.10 17:05:45.318,0.78897,0.78912,1.93,2.33
2012.08.10 17:05:45.382,0.78896,0.78912,1.11,2.33
2012.08.10 17:05:47.253,0.78895,0.78912,2.68,2.55
2012.08.10 17:05:48.124,0.78895,0.78912,2.68,2.55
2012.08.10 17:05:48.361,0.78899,0.78913,1.93,2.33
2012.08.10 17:05:49.006,0.78899,0.78914,1.93,2.33
2012.08.10 17:05:51.440,0.78899,0.78914,1.58,2.33
2012.08.10 17:05:51.788,0.78896,0.78911,2.68,2.33
2012.08.10 17:05:56.311,0.78896,0.7891,2.33,1.15
2012.08.10 17:05:56.835,0.78896,0.78908,1.11,2.33
2012.08.10 17:06:01.259,0.78896,0.78911,2.33,2.55
2012.08.10 17:06:08.127,0.78896,0.78911,2.33,2.55
2012.08.10 17:06:08.189,0.78896,0.78911,2.68,2.55
2012.08.10 17:06:10.959,0.78896,0.78911,2.33,2.55
2012.08.10 17:06:34.579,0.78899,0.78913,1.58,2.73
2012.08.10 17:06:35.048,0.78895,0.7891,2.68,2.33
2012.08.10 17:06:41.015,0.78897,0.78914,1.93,2.95
2012.08.10 17:06:43.098,0.78897,0.78914,1.93,2.33
2012.08.10 17:06:43.758,0.78897,0.78914,1.58,2.73
2012.08.10 17:06:44.304,0.78896,0.78911,1.11,2.33
2012.08.10 17:06:52.995,0.78896,0.78911,1.86,1.58
2012.08.10 17:06:53.549,0.78897,0.78914,1.93,2.33
2012.08.10 17:07:00.093,0.78901,0.78915,1.58,2.33
2012.08.10 17:07:02.046,0.78898,0.78913,1.93,2.33
2012.08.10 17:07:04.331,0.78898,0.78913,1.93,2.33
2012.08.10 17:07:04.881,0.78896,0.7891,1.11,2.33
2012.08.10 17:07:11.061,0.78895,0.7891,1.58,2.33
2012.08.10 17:07:12.432,0.78898,0.78913,1.58,4.53
2012.08.10 17:07:13.090,0.78895,0.7891,3.15,2.33
2012.08.10 17:07:24.713,0.78895,0.7891,2.68,1.58
2012.08.10 17:07:24.776,0.78898,0.78912,1.58,1.58
2012.08.10 17:07:25.216,0.78901,0.78916,1.58,1.15
2012.08.10 17:07:25.517,0.78899,0.78913,2.68,2.33
2012.08.10 17:07:42.330,0.78899,0.78913,2.91,1.58
2012.08.10 17:07:42.874,0.789,0.78917,1.93,2.33
2012.08.10 17:08:01.270,0.789,0.78917,1.93,2.33
2012.08.10 17:08:04.489,0.78899,0.78915,2.91,1.15
2012.08.10 17:08:04.555,0.78899,0.78911,1.33,1.58
2012.08.10 17:08:05.079,0.78899,0.78913,1.11,2.33
2012.08.10 17:08:05.632,0.78898,0.78913,1.93,2.33
2012.08.10 17:08:08.610,0.78896,0.78911,1.93,1.58
2012.08.10 17:08:08.959,0.78894,0.78911,2.16,4.23
2012.08.10 17:08:09.627,0.78892,0.78907,1.33,1.58
2012.08.10 17:08:10.336,0.78891,0.78907,1.33,1.58
2012.08.10 17:08:10.935,0.78893,0.7891,1.93,2.33
2012.08.10 17:08:16.908,0.78893,0.7891,1.93,2.33
2012.08.10 17:08:17.144,0.78891,0.78906,2.68,2.33
2012.08.10 17:08:24.110,0.78893,0.78909,1.58,1.38
2012.08.10 17:08:31.627,0.7889,0.78907,2.68,2.33
2012.08.10 17:08:32.098,0.78888,0.78903,1.93,2.33
2012.08.10 17:08:37.192,0.78888,0.78903,1.58,2.73
2012.08.10 17:08:37.371,0.78887,0.78901,1.11,1.58
2012.08.10 17:08:37.702,0.78884,0.78901,2.68,2.33
2012.08.10 17:08:38.594,0.78884,0.78901,2.68,2.33
2012.08.10 17:08:41.343,0.78884,0.78901,2.68,2.33
2012.08.10 17:08:44.772,0.78884,0.78901,2.68,2.33
2012.08.10 17:08:50.683,0.78884,0.78901,2.68,2.33
2012.08.10 17:08:55.135,0.78884,0.789,2.68,1.50
2012.08.10 17:08:56.151,0.78884,0.78901,2.68,2.33
2012.08.10 17:08:56.586,0.78884,0.78899,1.58,1.90
2012.08.10 17:09:08.453,0.78884,0.78898,1.58,2.33
2012.08.10 17:09:08.748,0.78884,0.78898,3.06,2.33
2012.08.10 17:09:09.172,0.78887,0.78898,1.11,1.58
2012.08.10 17:09:09.237,0.78888,0.78901,1.93,1.58
2012.08.10 17:09:09.303,0.78892,0.78906,1.58,2.33
2012.08.10 17:09:15.445,0.78892,0.78905,1.58,1.15
2012.08.10 17:09:15.624,0.7889,0.78905,2.33,2.95
2012.08.10 17:09:27.355,0.7889,0.78905,1.58,2.95
2012.08.10 17:09:27.477,0.7889,0.78905,1.58,2.95
2012.08.10 17:09:27.600,0.78893,0.78906,1.58,1.38
2012.08.10 17:09:27.958,0.78893,0.78908,1.58,2.95
2012.08.10 17:09:29.114,0.78893,0.78908,1.58,2.95
2012.08.10 17:09:30.341,0.78893,0.78908,1.93,2.55
2012.08.10 17:09:38.353,0.78893,0.78908,1.93,2.33
2012.08.10 17:09:43.743,0.78893,0.78908,1.93,2.33
2012.08.10 17:09:44.189,0.78889,0.78905,1.11,2.33
2012.08.10 17:09:46.904,0.78889,0.78905,1.11,2.33
2012.08.10 17:09:51.014,0.78888,0.78905,3.43,2.33
2012.08.10 17:09:51.077,0.78888,0.78902,1.86,1.58
2012.08.10 17:09:51.536,0.78888,0.78902,1.11,2.33
2012.08.10 17:09:53.815,0.78886,0.78902,1.86,2.33
2012.08.10 17:10:16.787,0.78887,0.78904,1.86,1.38
2012.08.10 17:10:19.275,0.78887,0.78904,1.86,1.38
2012.08.10 17:10:21.574,0.78887,0.78904,1.86,1.38
2012.08.10 17:10:27.787,0.78886,0.78904,1.11,1.38
2012.08.10 17:10:28.871,0.78882,0.78903,2.08,1.15
2012.08.10 17:10:29.054,0.78882,0.789,1.33,1.15
2012.08.10 17:10:29.179,0.78882,0.789,1.11,1.38
2012.08.10 17:10:29.544,0.78882,0.789,1.86,1.38
2012.08.10 17:10:32.557,0.78881,0.78899,1.11,1.15
2012.08.10 17:10:33.063,0.78879,0.78898,1.11,1.50
2012.08.10 17:10:33.284,0.78878,0.78896,1.11,1.38
2012.08.10 17:10:33.348,0.78878,0.78896,1.11,1.38
2012.08.10 17:10:33.745,0.78876,0.78897,1.11,1.73
2012.08.10 17:10:33.808,0.78876,0.78897,1.11,1.73
2012.08.10 17:10:34.545,0.78881,0.78899,1.86,1.15
2012.08.10 17:10:35.071,0.78882,0.78899,1.11,1.15
2012.08.10 17:10:35.617,0.78881,0.78899,3.36,1.15
2012.08.10 17:10:37.220,0.78884,0.78899,2.10,1.15
2012.08.10 17:10:37.460,0.7889,0.78906,1.86,1.15
2012.08.10 17:10:37.642,0.78886,0.78907,2.68,1.50
2012.08.10 17:10:37.827,0.78886,0.78904,1.86,1.38
2012.08.10 17:10:38.352,0.78886,0.78903,1.11,1.38
2012.08.10 17:10:38.474,0.78885,0.78902,1.50,1.15
2012.08.10 17:10:38.538,0.78883,0.789,2.08,1.90
2012.08.10 17:10:42.216,0.78882,0.789,1.11,2.13
2012.08.10 17:10:46.475,0.78884,0.789,1.35,2.13
2012.08.10 17:10:46.658,0.78888,0.78907,1.50,2.73
2012.08.10 17:10:46.781,0.78884,0.78902,1.33,1.50
2012.08.10 17:10:46.846,0.78883,0.78902,1.11,2.13
2012.08.10 17:10:50.078,0.78884,0.78902,1.11,2.13
2012.08.10 17:10:50.332,0.7889,0.78906,1.11,1.98
2012.08.10 17:10:51.156,0.78889,0.78906,1.11,1.15
2012.08.10 17:10:51.397,0.78882,0.78901,1.86,1.73
2012.08.10 17:10:51.945,0.78882,0.78901,1.11,2.13
2012.08.10 17:11:00.714,0.78882,0.78901,1.86,1.73
2012.08.10 17:11:00.976,0.78884,0.78903,1.11,2.13
2012.08.10 17:11:01.858,0.78884,0.78903,1.11,1.38
2012.08.10 17:11:10.960,0.78881,0.78899,2.08,1.15
2012.08.10 17:11:11.083,0.7888,0.78898,1.11,1.38
2012.08.10 17:11:11.854,0.78878,0.78897,1.11,1.38
2012.08.10 17:11:12.373,0.78877,0.78895,1.11,1.50
2012.08.10 17:11:12.614,0.78876,0.78894,1.11,1.15
2012.08.10 17:11:12.851,0.78875,0.78891,1.11,1.15
2012.08.10 17:11:20.315,0.78875,0.78893,1.86,1.38
2012.08.10 17:11:27.715,0.78875,0.78893,2.61,1.38
2012.08.10 17:11:28.071,0.78878,0.78895,1.11,1.50
2012.08.10 17:11:30.992,0.78878,0.78895,1.11,1.50
2012.08.10 17:11:32.151,0.78882,0.789,1.11,1.15
2012.08.10 17:11:32.507,0.78877,0.78898,4.11,1.38
2012.08.10 17:11:32.985,0.78881,0.78901,1.11,2.13
2012.08.10 17:11:33.280,0.78879,0.78897,1.86,1.38
2012.08.10 17:11:33.406,0.78879,0.78897,1.86,1.38
2012.08.10 17:11:39.676,0.78879,0.789,1.86,1.38
2012.08.10 17:11:39.799,0.78881,0.789,1.11,1.15
2012.08.10 17:11:41.286,0.78881,0.789,1.11,1.15
2012.08.10 17:11:45.051,0.7888,0.78899,1.11,1.15
2012.08.10 17:11:45.404,0.78876,0.78896,2.68,2.13
2012.08.10 17:11:45.527,0.78876,0.78894,1.11,1.15
2012.08.10 17:11:49.119,0.78877,0.78895,1.11,1.90
2012.08.10 17:11:49.497,0.78879,0.78895,1.11,1.15
2012.08.10 17:11:50.589,0.78881,0.78898,1.11,1.15
2012.08.10 17:11:50.828,0.78881,0.78901,1.86,2.13
2012.08.10 17:11:50.893,0.78884,0.78901,1.11,1.15
2012.08.10 17:11:51.557,0.78884,0.78901,1.11,1.38
2012.08.10 17:11:52.077,0.78884,0.78901,1.11,1.15
2012.08.10 17:11:52.486,0.78885,0.78901,1.11,1.15
2012.08.10 17:11:53.142,0.78886,0.78904,1.11,2.65
2012.08.10 17:11:54.687,0.78884,0.78902,1.33,1.50
2012.08.10 17:11:54.752,0.78883,0.78899,3.08,1.15
2012.08.10 17:11:55.556,0.78881,0.78898,2.61,1.15
2012.08.10 17:11:57.066,0.78884,0.78902,1.86,1.38
2012.08.10 17:11:57.854,0.78878,0.78896,2.61,1.38
2012.08.10 17:11:58.150,0.78881,0.78898,1.11,1.15
2012.08.10 17:11:58.755,0.78881,0.789,1.11,1.38
2012.08.10 17:11:58.934,0.78884,0.789,1.11,1.15
2012.08.10 17:12:01.245,0.78886,0.78902,1.11,1.15
2012.08.10 17:12:02.164,0.78887,0.78906,3.08,1.90
2012.08.10 17:12:05.772,0.78888,0.78906,1.50,1.15
2012.08.10 17:12:06.970,0.78886,0.78903,1.11,1.15
2012.08.10 17:12:07.092,0.78884,0.78903,1.33,1.15
2012.08.10 17:12:09.056,0.78885,0.78904,1.11,1.38
2012.08.10 17:12:10.928,0.78883,0.78901,2.08,1.15
2012.08.10 17:12:11.524,0.78884,0.78901,1.11,1.15
2012.08.10 17:12:13.217,0.78883,0.78901,1.86,1.15
2012.08.10 17:12:13.281,0.78883,0.78901,1.11,1.15
2012.08.10 17:12:13.746,0.78883,0.78901,1.50,1.15
2012.08.10 17:12:14.343,0.78883,0.78901,1.50,1.15
2012.08.10 17:12:23.987,0.78883,0.789,1.50,1.15
2012.08.10 17:12:25.950,0.78882,0.789,1.11,1.15
2012.08.10 17:12:26.073,0.78881,0.78898,1.50,1.15
2012.08.10 17:12:26.195,0.78879,0.78895,1.50,1.15
2012.08.10 17:12:27.817,0.78882,0.78898,1.50,1.15
2012.08.10 17:12:28.339,0.78881,0.78898,1.50,1.90
2012.08.10 17:12:28.460,0.78879,0.78896,1.73,1.15
2012.08.10 17:13:15.982,0.7888,0.78896,1.11,1.15
2012.08.10 17:13:16.516,0.78881,0.78898,1.50,1.15
2012.08.10 17:13:25.051,0.78882,0.789,1.86,1.15
2012.08.10 17:13:25.592,0.78885,0.789,1.50,1.15
2012.08.10 17:13:29.268,0.78885,0.789,1.50,1.15
2012.08.10 17:13:30.486,0.78884,0.789,1.11,1.15
2012.08.10 17:13:37.741,0.78881,0.78898,1.11,1.15
2012.08.10 17:13:39.815,0.78881,0.78898,1.11,1.15
2012.08.10 17:14:06.400,0.78882,0.78898,1.11,1.15
2012.08.10 17:14:30.967,0.78881,0.78899,1.11,2.13
2012.08.10 17:15:01.153,0.78881,0.78898,1.50,1.15
2012.08.10 17:15:02.967,0.78881,0.78899,2.23,1.50
2012.08.10 17:15:03.032,0.78884,0.78899,1.11,1.50
2012.08.10 17:15:03.508,0.78884,0.789,2.33,1.73
2012.08.10 17:15:09.339,0.78883,0.78901,1.11,1.15
2012.08.10 17:15:10.898,0.78885,0.78901,1.58,1.15
2012.08.10 17:15:10.962,0.78887,0.78901,1.58,1.15
2012.08.10 17:15:15.882,0.78887,0.78901,1.58,1.15
2012.08.10 17:15:40.074,0.78887,0.78902,1.58,1.90
2012.08.10 17:15:50.603,0.78885,0.78902,3.51,1.90
2012.08.10 17:16:01.687,0.78882,0.78899,2.68,1.50
2012.08.10 17:16:09.268,0.78883,0.78899,1.58,1.50
2012.08.10 17:16:09.330,0.78885,0.78899,1.58,1.50
2012.08.10 17:16:10.223,0.78885,0.78899,1.58,1.50
2012.08.10 17:16:10.287,0.78881,0.78896,2.33,1.15
2012.08.10 17:16:18.789,0.78882,0.78897,1.13,2.13
2012.08.10 17:16:18.969,0.78886,0.789,1.58,2.13
2012.08.10 17:16:19.207,0.78887,0.78901,1.58,1.73
2012.08.10 17:16:19.447,0.78884,0.78901,1.93,1.50
2012.08.10 17:16:20.173,0.78884,0.78899,2.33,1.50
2012.08.10 17:16:20.243,0.78889,0.78902,1.58,2.13
2012.08.10 17:16:20.371,0.78889,0.78903,1.58,1.50
2012.08.10 17:16:20.436,0.78889,0.78903,1.58,1.50
2012.08.10 17:16:20.560,0.78889,0.78903,1.58,1.50
2012.08.10 17:16:20.685,0.78885,0.78903,3.43,1.50
2012.08.10 17:16:20.749,0.78885,0.78903,3.43,1.50
2012.08.10 17:16:21.372,0.78885,0.78902,3.43,1.15
2012.08.10 17:16:24.978,0.78885,0.78901,3.43,1.15
2012.08.10 17:16:25.368,0.78889,0.78901,1.58,1.15
2012.08.10 17:16:26.619,0.78887,0.78902,1.58,1.90
2012.08.10 17:16:28.927,0.78887,0.78902,1.58,1.90
2012.08.10 17:16:29.338,0.78884,0.78898,1.58,1.50
2012.08.10 17:16:29.518,0.78884,0.78897,1.58,1.15
2012.08.10 17:16:29.739,0.7888,0.78897,3.08,1.15
2012.08.10 17:16:30.289,0.7888,0.78897,3.08,1.90
2012.08.10 17:16:30.810,0.7888,0.78894,2.33,1.90
2012.08.10 17:16:30.932,0.7888,0.78893,1.58,1.15
2012.08.10 17:16:31.114,0.78878,0.78893,1.93,1.15
2012.08.10 17:16:44.836,0.78879,0.78893,1.58,1.15
2012.08.10 17:16:44.901,0.78881,0.78893,1.58,1.15
2012.08.10 17:16:45.024,0.78881,0.78897,2.68,1.38
2012.08.10 17:16:45.237,0.78884,0.78898,1.58,2.25
2012.08.10 17:16:46.230,0.78884,0.78897,1.58,1.50
2012.08.10 17:16:46.524,0.78884,0.78897,1.58,1.50
2012.08.10 17:16:49.443,0.78884,0.78897,1.58,1.50
2012.08.10 17:16:49.651,0.78884,0.78897,1.58,1.50
2012.08.10 17:16:49.884,0.78881,0.78897,1.11,1.90
2012.08.10 17:16:55.262,0.7888,0.78895,1.58,1.50
2012.08.10 17:16:55.991,0.78878,0.78895,2.68,1.50
2012.08.10 17:17:03.955,0.78881,0.78895,1.58,1.50
2012.08.10 17:17:11.423,0.78881,0.78896,1.93,1.73
2012.08.10 17:17:11.487,0.78881,0.78897,1.93,1.73
2012.08.10 17:17:12.182,0.78883,0.78898,1.58,2.25
2012.08.10 17:17:25.251,0.78886,0.78898,1.58,1.50
2012.08.10 17:17:34.490,0.78884,0.78898,1.58,2.25
2012.08.10 17:17:35.312,0.78883,0.78898,1.93,2.25
2012.08.10 17:17:40.827,0.78883,0.78898,1.93,2.25
2012.08.10 17:17:42.378,0.78883,0.78898,1.93,2.25
2012.08.10 17:17:46.797,0.78883,0.78897,1.93,1.73
2012.08.10 17:17:46.864,0.7888,0.78897,1.11,1.73
2012.08.10 17:17:46.929,0.78879,0.78897,2.68,1.73
2012.08.10 17:17:47.108,0.78883,0.78899,1.58,1.90
2012.08.10 17:18:02.743,0.78887,0.78899,1.58,1.90
2012.08.10 17:18:03.168,0.78887,0.78901,1.58,2.48
2012.08.10 17:18:03.702,0.78887,0.78903,1.93,1.38
2012.08.10 17:18:03.824,0.78887,0.78905,1.93,2.33
2012.08.10 17:18:03.888,0.78888,0.78905,1.11,1.58
2012.08.10 17:18:04.459,0.78891,0.78906,1.58,1.15
2012.08.10 17:18:05.694,0.78891,0.78906,1.58,1.75
2012.08.10 17:18:05.817,0.78887,0.78904,2.33,2.20
2012.08.10 17:18:06.453,0.78887,0.78901,1.58,1.90
2012.08.10 17:18:16.116,0.78883,0.78901,3.43,1.90
2012.08.10 17:18:24.555,0.78883,0.78897,2.33,1.15
2012.08.10 17:18:30.392,0.78881,0.78897,1.11,1.38
2012.08.10 17:18:44.643,0.78883,0.78897,1.58,1.50
2012.08.10 17:18:45.439,0.78881,0.78895,1.11,1.50
2012.08.10 17:18:45.986,0.78881,0.78895,1.11,1.50
2012.08.10 17:18:48.952,0.7888,0.78895,1.11,3.08
2012.08.10 17:18:50.530,0.7888,0.78895,1.11,3.08
2012.08.10 17:18:51.503,0.7888,0.78895,2.33,1.50
2012.08.10 17:18:52.978,0.7888,0.78894,2.33,1.15
2012.08.10 17:18:53.446,0.7888,0.78894,1.93,1.50
2012.08.10 17:18:54.262,0.7888,0.78896,2.68,1.15
2012.08.10 17:19:53.514,0.78881,0.78899,2.68,1.98
2012.08.10 17:19:55.347,0.78881,0.78899,2.68,1.98
2012.08.10 17:19:55.751,0.78881,0.78899,2.68,2.73
2012.08.10 17:19:56.294,0.78881,0.78899,2.68,2.73
2012.08.10 17:19:56.898,0.78881,0.78899,3.43,1.98
2012.08.10 17:19:57.020,0.78884,0.789,1.58,2.13
2012.08.10 17:19:57.200,0.78882,0.789,2.68,2.95
2012.08.10 17:19:57.319,0.78885,0.789,1.58,1.38
2012.08.10 17:19:57.438,0.78883,0.789,1.58,2.13
2012.08.10 17:19:58.168,0.78882,0.789,1.11,2.13
2012.08.10 17:19:59.114,0.78881,0.78899,3.43,1.15
2012.08.10 17:20:06.132,0.78882,0.789,1.11,2.13
2012.08.10 17:20:06.814,0.78882,0.789,1.11,1.38
2012.08.10 17:20:13.053,0.78881,0.789,3.43,2.13
2012.08.10 17:20:26.974,0.78881,0.78899,2.68,1.15
2012.08.10 17:20:27.093,0.78883,0.78901,1.50,2.73
2012.08.10 17:20:27.624,0.78886,0.78901,1.58,1.15
2012.08.10 17:20:27.981,0.78882,0.78899,3.43,2.73
2012.08.10 17:20:28.284,0.78885,0.789,1.58,1.50
2012.08.10 17:20:30.029,0.78883,0.78899,2.33,1.15
2012.08.10 17:20:49.063,0.78881,0.78899,4.18,1.90
2012.08.10 17:20:53.047,0.78883,0.789,1.86,2.55
2012.08.10 17:21:27.831,0.78884,0.78901,2.68,1.98
2012.08.10 17:21:31.356,0.78884,0.78901,1.93,3.48
2012.08.10 17:21:31.838,0.78876,0.7889,1.11,1.58
2012.08.10 17:21:31.906,0.78873,0.7889,2.68,2.73
2012.08.10 17:21:32.142,0.78873,0.7889,2.68,2.73
2012.08.10 17:21:32.553,0.78873,0.7889,2.68,2.73
2012.08.10 17:21:33.094,0.78873,0.7889,2.68,2.33
2012.08.10 17:21:34.678,0.78873,0.7889,2.68,2.33
2012.08.10 17:21:34.800,0.78873,0.78888,1.58,2.65
2012.08.10 17:21:34.921,0.7887,0.78888,1.11,2.65
2012.08.10 17:21:37.090,0.7887,0.78887,1.11,1.50
2012.08.10 17:21:37.571,0.7887,0.78887,1.11,1.50
2012.08.10 17:21:54.201,0.78868,0.78887,1.86,1.15
2012.08.10 17:21:54.323,0.78868,0.78885,1.11,1.15
2012.08.10 17:21:54.678,0.78868,0.78884,1.11,1.15
2012.08.10 17:21:54.801,0.78865,0.78883,1.86,1.15
2012.08.10 17:22:01.351,0.78865,0.78884,1.86,1.90
2012.08.10 17:22:11.437,0.78865,0.78884,1.86,1.50
2012.08.10 17:22:14.908,0.78865,0.78884,1.86,1.50
2012.08.10 17:22:15.146,0.78862,0.78879,1.33,1.15
2012.08.10 17:22:15.326,0.78864,0.7888,1.11,1.90
2012.08.10 17:22:15.391,0.78864,0.7888,1.11,1.90
2012.08.10 17:22:15.514,0.78861,0.7888,1.11,2.13
2012.08.10 17:22:23.760,0.7886,0.78876,1.11,1.15
2012.08.10 17:22:24.497,0.7886,0.78876,1.11,1.15
2012.08.10 17:22:32.158,0.78861,0.78878,1.50,1.38
2012.08.10 17:22:33.135,0.78859,0.78876,1.50,1.15
2012.08.10 17:22:33.200,0.78858,0.78876,1.33,1.15
2012.08.10 17:22:34.683,0.78858,0.78874,1.11,1.38
2012.08.10 17:22:34.805,0.78854,0.78872,1.11,1.38
2012.08.10 17:22:38.762,0.78855,0.78874,1.11,1.38
2012.08.10 17:22:38.940,0.78855,0.78874,1.33,1.15
2012.08.10 17:22:41.388,0.78854,0.7887,1.11,1.15
2012.08.10 17:22:47.187,0.78855,0.78873,2.61,1.15
2012.08.10 17:22:47.251,0.78855,0.78876,2.61,1.15
2012.08.10 17:22:47.316,0.78858,0.78876,1.11,1.15
2012.08.10 17:22:47.437,0.78855,0.78875,1.73,1.15
2012.08.10 17:22:47.558,0.78854,0.78872,1.11,1.38
2012.08.10 17:22:49.994,0.78857,0.78875,1.11,2.13
2012.08.10 17:22:50.058,0.78859,0.78875,1.11,1.38
2012.08.10 17:22:50.296,0.78856,0.78873,1.11,1.15
2012.08.10 17:22:50.361,0.78855,0.78873,1.11,1.15
2012.08.10 17:22:50.541,0.78854,0.78872,1.11,1.15
2012.08.10 17:22:57.457,0.78857,0.78875,1.11,1.73
2012.08.10 17:22:57.637,0.78858,0.78876,1.33,1.90
2012.08.10 17:22:57.760,0.78855,0.78875,1.33,1.15
2012.08.10 17:22:57.881,0.78855,0.78871,1.11,1.15
2012.08.10 17:23:06.887,0.78855,0.78871,1.50,1.15
2012.08.10 17:23:07.123,0.78856,0.78874,1.11,1.15
2012.08.10 17:23:07.246,0.78856,0.78874,1.11,1.15
2012.08.10 17:23:10.287,0.78855,0.78872,1.11,1.38
2012.08.10 17:23:14.487,0.78855,0.78872,1.50,1.38
2012.08.10 17:23:22.730,0.78855,0.7887,1.50,1.38
2012.08.10 17:23:22.854,0.78853,0.78871,1.11,2.88
2012.08.10 17:23:22.977,0.78851,0.78867,1.11,1.38
2012.08.10 17:23:31.942,0.78851,0.78868,1.11,1.38
2012.08.10 17:23:35.829,0.78852,0.78868,1.48,1.15
2012.08.10 17:23:35.893,0.78854,0.7887,1.11,2.13
2012.08.10 17:23:37.099,0.78856,0.78874,1.50,1.38
2012.08.10 17:23:37.345,0.78859,0.78876,1.86,1.15
2012.08.10 17:23:37.866,0.78859,0.78876,1.86,1.15
2012.08.10 17:23:48.696,0.78859,0.78876,1.50,1.15
2012.08.10 17:23:48.760,0.78858,0.78876,1.33,1.15
2012.08.10 17:23:49.279,0.78858,0.78874,1.11,1.15
2012.08.10 17:23:54.147,0.78859,0.78877,1.50,2.13
2012.08.10 17:23:54.326,0.78859,0.78877,1.86,1.38
2012.08.10 17:23:54.901,0.78859,0.78877,1.86,1.15
2012.08.10 17:24:01.329,0.78859,0.78877,1.86,1.15
2012.08.10 17:24:08.936,0.78859,0.78877,1.50,1.15
2012.08.10 17:24:08.999,0.78858,0.78876,1.11,1.15
2012.08.10 17:24:17.081,0.78859,0.78877,1.86,1.90
2012.08.10 17:24:32.022,0.78859,0.78877,1.86,1.15
2012.08.10 17:24:47.264,0.78858,0.78877,1.86,1.15
2012.08.10 17:25:01.307,0.78858,0.78877,1.86,1.15
2012.08.10 17:25:04.623,0.78861,0.78879,1.73,1.15
2012.08.10 17:25:04.688,0.78865,0.78881,1.11,1.15
2012.08.10 17:25:04.929,0.78865,0.78882,1.11,1.15
2012.08.10 17:25:06.454,0.78864,0.78882,1.33,1.15
2012.08.10 17:25:06.809,0.78863,0.7888,1.11,1.90
2012.08.10 17:25:08.209,0.78862,0.78879,1.11,1.15
2012.08.10 17:25:08.447,0.7886,0.78878,1.11,1.90
2012.08.10 17:25:11.405,0.7886,0.78878,1.11,1.90
2012.08.10 17:25:38.230,0.7886,0.78878,1.11,2.65
2012.08.10 17:25:39.375,0.7886,0.78877,1.11,1.15
2012.08.10 17:25:41.351,0.78859,0.78877,1.11,1.15
2012.08.10 17:27:24.132,0.78859,0.78877,1.11,1.15
2012.08.10 17:27:30.751,0.78859,0.78879,1.11,1.90
2012.08.10 17:27:30.816,0.78863,0.78879,1.11,1.90
2012.08.10 17:27:30.879,0.78863,0.78879,1.11,1.50
2012.08.10 17:27:31.424,0.78865,0.78882,1.11,1.90
2012.08.10 17:27:31.969,0.78865,0.78882,1.33,1.90
2012.08.10 17:27:46.752,0.78863,0.78882,1.33,1.90
2012.08.10 17:27:46.930,0.78862,0.78879,2.61,1.15
2012.08.10 17:27:52.816,0.78863,0.78879,1.11,1.15
2012.08.10 17:27:53.052,0.78865,0.78882,1.11,2.65
2012.08.10 17:27:53.173,0.78865,0.78882,1.11,2.65
2012.08.10 17:27:53.407,0.78865,0.78882,1.11,2.65
2012.08.10 17:27:56.815,0.78865,0.78882,1.11,2.65
2012.08.10 17:27:56.996,0.78865,0.78882,1.11,2.65
2012.08.10 17:27:57.524,0.78865,0.78882,1.11,2.65
2012.08.10 17:27:57.587,0.78865,0.78882,1.11,2.65
2012.08.10 17:27:57.802,0.78865,0.78882,1.11,2.65
2012.08.10 17:27:58.541,0.78865,0.78882,1.11,2.65
2012.08.10 17:28:11.465,0.78865,0.78882,1.11,2.65
2012.08.10 17:28:21.383,0.78865,0.78882,1.11,2.65
2012.08.10 17:28:47.200,0.78865,0.78882,1.11,1.15
2012.08.10 17:28:55.556,0.78873,0.78886,1.11,1.73
2012.08.10 17:28:55.794,0.78869,0.78888,1.33,1.90
2012.08.10 17:28:56.323,0.78869,0.78888,1.11,1.90
2012.08.10 17:28:59.244,0.7887,0.78888,1.11,1.15
2012.08.10 17:29:07.893,0.78872,0.78888,1.58,1.90
2012.08.10 17:29:09.381,0.78872,0.78888,1.58,1.90
2012.08.10 17:29:09.617,0.78869,0.78885,1.11,1.15
2012.08.10 17:29:10.165,0.78868,0.78885,1.93,1.15
2012.08.10 17:29:11.355,0.78868,0.78884,2.68,1.15
2012.08.10 17:29:28.870,0.78866,0.78882,1.11,1.15
2012.08.10 17:29:30.646,0.78866,0.78882,1.11,1.90
2012.08.10 17:29:31.091,0.78866,0.78882,1.11,1.90
2012.08.10 17:29:31.212,0.78866,0.78882,1.11,1.90
2012.08.10 17:29:31.560,0.78866,0.78882,1.11,1.50
2012.08.10 17:29:56.905,0.78867,0.78884,1.11,3.48
2012.08.10 17:30:05.656,0.78867,0.78884,1.50,3.48
2012.08.10 17:30:06.429,0.78867,0.78884,1.50,2.73
2012.08.10 17:30:07.009,0.78868,0.78884,1.58,1.15
2012.08.10 17:30:10.834,0.78868,0.78885,1.58,1.15
2012.08.10 17:30:11.164,0.78868,0.78885,1.58,2.73
2012.08.10 17:30:11.706,0.78867,0.78883,3.43,2.73
2012.08.10 17:30:12.586,0.78867,0.78883,2.68,1.98
2012.08.10 17:30:30.086,0.78866,0.7888,1.33,1.58
2012.08.10 17:30:37.439,0.78866,0.7888,1.33,1.58
2012.08.10 17:30:42.547,0.78868,0.78883,1.58,2.33
2012.08.10 17:30:47.720,0.78868,0.78883,1.58,2.55
2012.08.10 17:30:48.004,0.78864,0.78881,2.33,2.95
2012.08.10 17:30:59.209,0.78864,0.78881,2.68,2.55
2012.08.10 17:30:59.718,0.78867,0.78881,1.11,1.58
2012.08.10 17:31:00.051,0.78869,0.78883,1.58,1.15
2012.08.10 17:31:01.286,0.78871,0.78883,1.58,1.15
2012.08.10 17:31:02.623,0.78871,0.78884,1.58,1.90
2012.08.10 17:31:03.049,0.78871,0.78884,1.58,1.90
2012.08.10 17:31:05.296,0.78869,0.78884,1.58,3.48
2012.08.10 17:31:05.361,0.78867,0.78884,2.33,3.48
2012.08.10 17:31:10.952,0.7887,0.78884,1.58,1.90
2012.08.10 17:31:15.850,0.7887,0.78884,1.58,1.15
2012.08.10 17:31:16.421,0.7887,0.78884,1.58,1.90
2012.08.10 17:31:19.795,0.7887,0.78884,1.58,1.15
2012.08.10 17:31:20.427,0.7887,0.78884,1.58,1.90
2012.08.10 17:31:23.956,0.7887,0.78884,1.58,1.90
2012.08.10 17:31:24.560,0.7887,0.78884,1.58,1.90
2012.08.10 17:31:25.296,0.7887,0.78884,1.58,1.90
2012.08.10 17:31:27.472,0.7887,0.78884,1.58,1.90
2012.08.10 17:31:31.096,0.78869,0.78884,1.58,1.15
2012.08.10 17:31:47.994,0.78869,0.78884,1.58,1.15
2012.08.10 17:31:48.114,0.78872,0.78884,1.58,1.15
2012.08.10 17:31:51.382,0.7887,0.78884,1.58,2.73
2012.08.10 17:31:51.570,0.7887,0.78884,1.58,2.73
2012.08.10 17:31:51.687,0.7887,0.78884,1.58,1.98
2012.08.10 17:32:01.348,0.7887,0.78884,1.58,2.73
2012.08.10 17:32:11.550,0.78868,0.78884,1.58,1.15
2012.08.10 17:32:22.043,0.78868,0.78883,1.58,1.15
2012.08.10 17:32:24.909,0.78867,0.78881,1.58,2.73
2012.08.10 17:32:25.027,0.78864,0.78881,2.68,2.73
2012.08.10 17:32:32.822,0.78871,0.78885,1.58,1.15
2012.08.10 17:32:32.943,0.78871,0.78888,1.58,1.98
2012.08.10 17:32:33.472,0.78871,0.78888,1.58,2.73
2012.08.10 17:32:51.365,0.78871,0.78888,1.93,1.58
2012.08.10 17:32:52.894,0.78871,0.78886,1.93,1.58
2012.08.10 17:32:57.009,0.78871,0.78886,1.58,1.58
2012.08.10 17:32:57.073,0.78871,0.78884,1.58,1.50
2012.08.10 17:32:57.195,0.78866,0.78883,1.93,1.58
2012.08.10 17:32:58.874,0.78865,0.78879,2.68,1.58
2012.08.10 17:33:02.163,0.78866,0.78883,1.93,1.58
2012.08.10 17:33:05.339,0.78866,0.78883,1.93,1.58
2012.08.10 17:33:05.766,0.78866,0.78883,1.93,1.58
2012.08.10 17:33:05.886,0.78866,0.78883,1.93,1.58
2012.08.10 17:33:09.626,0.78866,0.78883,1.93,1.58
2012.08.10 17:33:09.745,0.78866,0.78883,1.93,1.58
2012.08.10 17:33:15.020,0.78866,0.78883,1.93,1.58
2012.08.10 17:33:15.589,0.78866,0.78883,1.93,1.80
2012.08.10 17:33:21.213,0.78866,0.78883,1.93,1.80
2012.08.10 17:33:21.737,0.78866,0.78883,1.93,2.20
2012.08.10 17:33:22.364,0.78865,0.78881,1.11,1.58
2012.08.10 17:34:02.123,0.78864,0.7888,3.43,1.58
2012.08.10 17:34:08.596,0.78863,0.78877,1.93,2.33
2012.08.10 17:34:08.670,0.78863,0.78877,1.58,2.33
2012.08.10 17:34:09.180,0.78862,0.78877,1.58,2.33
2012.08.10 17:34:10.901,0.78861,0.78874,1.11,1.58
2012.08.10 17:34:11.196,0.78859,0.78874,1.93,2.55
2012.08.10 17:34:17.382,0.78857,0.78872,2.33,1.58
2012.08.10 17:34:17.800,0.78856,0.78871,1.93,2.33
2012.08.10 17:34:19.594,0.78855,0.7887,1.11,2.33
2012.08.10 17:34:21.400,0.78855,0.7887,1.11,2.33
2012.08.10 17:34:24.493,0.78857,0.78871,1.58,2.33
2012.08.10 17:34:25.020,0.78857,0.78872,1.58,1.58
2012.08.10 17:34:25.540,0.78857,0.78872,1.93,1.58
2012.08.10 17:34:29.821,0.78857,0.78872,1.93,2.33
2012.08.10 17:34:30.328,0.78857,0.78872,1.58,2.33
2012.08.10 17:34:30.484,0.78857,0.78872,1.58,2.33
2012.08.10 17:34:30.937,0.78857,0.78872,1.58,2.33
2012.08.10 17:34:31.056,0.78855,0.78869,1.11,2.33
2012.08.10 17:34:31.626,0.78855,0.78869,1.11,2.33
2012.08.10 17:34:33.767,0.78855,0.78869,1.11,1.58
2012.08.10 17:34:34.277,0.78856,0.78873,1.93,3.08
2012.08.10 17:34:35.752,0.78856,0.78873,1.93,3.08
2012.08.10 17:34:37.657,0.78856,0.78873,1.93,3.08
2012.08.10 17:34:39.154,0.78856,0.78873,1.93,3.08
2012.08.10 17:34:46.534,0.78856,0.78873,2.68,3.83
2012.08.10 17:34:47.054,0.78856,0.78873,2.68,3.08
2012.08.10 17:34:53.660,0.78857,0.78873,1.58,2.25
2012.08.10 17:34:57.107,0.78857,0.78873,1.58,2.25
2012.08.10 17:34:57.227,0.78857,0.78873,1.58,2.25
2012.08.10 17:34:57.459,0.78857,0.78873,1.58,2.25
2012.08.10 17:35:00.411,0.78857,0.78873,1.58,2.25
2012.08.10 17:35:00.717,0.78857,0.78873,1.58,2.25
2012.08.10 17:35:01.833,0.78857,0.78873,1.93,2.25
2012.08.10 17:35:02.341,0.7886,0.78877,1.58,4.45
2012.08.10 17:35:03.231,0.78859,0.78873,3.51,2.33
2012.08.10 17:35:06.885,0.78856,0.78872,1.11,1.58
2012.08.10 17:35:07.767,0.78858,0.78875,1.58,2.73
2012.08.10 17:35:11.046,0.78858,0.78875,1.58,3.48
2012.08.10 17:35:11.605,0.78858,0.78874,1.93,1.58
2012.08.10 17:35:11.668,0.78856,0.78871,2.68,1.58
2012.08.10 17:35:17.347,0.78856,0.78871,2.68,1.58
2012.08.10 17:35:21.948,0.78856,0.78869,1.11,1.58
2012.08.10 17:35:24.602,0.78856,0.78869,1.11,2.33
2012.08.10 17:35:25.338,0.78856,0.78869,1.11,1.58
2012.08.10 17:35:30.404,0.78856,0.78872,1.93,1.58
2012.08.10 17:35:35.810,0.78859,0.78872,1.11,1.58
2012.08.10 17:35:35.874,0.78861,0.78874,2.33,1.58
2012.08.10 17:35:36.113,0.78863,0.78879,1.93,2.73
2012.08.10 17:35:41.430,0.78863,0.78879,1.93,2.33
2012.08.10 17:35:42.491,0.78863,0.78879,1.93,2.73
2012.08.10 17:35:42.613,0.78863,0.78877,1.93,2.33
2012.08.10 17:35:42.735,0.78863,0.78877,1.93,1.58
2012.08.10 17:35:42.798,0.78862,0.78875,1.86,1.58
2012.08.10 17:35:43.035,0.78864,0.78877,1.58,1.58
2012.08.10 17:35:43.668,0.78864,0.78878,1.58,1.58
2012.08.10 17:35:44.234,0.78862,0.78877,1.11,1.58
2012.08.10 17:35:45.383,0.78861,0.78877,1.11,2.33
2012.08.10 17:35:51.400,0.78861,0.78877,1.11,2.95
2012.08.10 17:35:56.273,0.78861,0.78877,1.86,1.80
2012.08.10 17:36:00.023,0.78863,0.78877,1.11,1.58
2012.08.10 17:36:00.562,0.78865,0.78878,1.11,1.58
2012.08.10 17:36:08.016,0.78865,0.78878,1.11,1.58
2012.08.10 17:36:19.989,0.78865,0.7888,1.11,3.15
2012.08.10 17:36:21.261,0.78864,0.7888,1.93,2.33
2012.08.10 17:36:21.557,0.78862,0.78877,3.43,1.58
2012.08.10 17:36:22.070,0.78864,0.78878,1.93,1.58
2012.08.10 17:36:30.813,0.78862,0.78876,1.11,1.58
2012.08.10 17:36:31.403,0.78862,0.78876,1.11,1.58
2012.08.10 17:36:41.988,0.78863,0.78879,1.93,2.55
2012.08.10 17:36:44.348,0.78861,0.78876,1.93,1.58
2012.08.10 17:36:44.413,0.78861,0.78876,1.58,1.58
2012.08.10 17:36:44.535,0.78861,0.78876,1.58,2.95
2012.08.10 17:36:50.561,0.78861,0.78876,1.58,2.20
2012.08.10 17:36:51.749,0.78861,0.78876,1.58,2.95
2012.08.10 17:36:52.344,0.78861,0.78876,1.58,2.20
2012.08.10 17:36:52.956,0.78861,0.78876,1.58,2.95
2012.08.10 17:36:53.495,0.78861,0.78876,1.58,2.20
2012.08.10 17:36:54.589,0.78861,0.78876,1.58,2.95
2012.08.10 17:36:55.152,0.78861,0.78876,1.58,2.20
2012.08.10 17:36:55.621,0.78864,0.78876,1.58,1.15
2012.08.10 17:36:55.858,0.78864,0.78878,1.58,1.58
2012.08.10 17:36:56.956,0.78862,0.78876,2.68,1.58
2012.08.10 17:36:57.483,0.78861,0.78876,1.58,2.95
2012.08.10 17:36:58.478,0.78861,0.78876,1.93,2.55
2012.08.10 17:36:58.773,0.78863,0.78879,1.58,1.15
2012.08.10 17:37:01.168,0.78863,0.7888,1.93,4.45
2012.08.10 17:37:01.724,0.78862,0.78877,1.11,1.58
2012.08.10 17:37:01.845,0.78863,0.78879,2.33,2.33
2012.08.10 17:37:02.674,0.78862,0.78873,1.11,1.58
2012.08.10 17:37:03.534,0.78861,0.78873,1.11,1.58
2012.08.10 17:37:03.656,0.78858,0.78873,2.68,1.58
2012.08.10 17:37:05.089,0.7886,0.78873,1.11,1.58
2012.08.10 17:37:05.613,0.78858,0.78873,2.68,1.58
2012.08.10 17:37:05.853,0.78862,0.78877,1.58,2.95
2012.08.10 17:37:06.379,0.78863,0.78877,1.58,2.33
2012.08.10 17:37:06.444,0.78865,0.78878,1.58,1.38
2012.08.10 17:37:11.017,0.78867,0.7888,1.58,3.48
2012.08.10 17:37:11.082,0.78867,0.7888,1.58,2.73
2012.08.10 17:37:11.622,0.78868,0.78882,1.58,1.38
2012.08.10 17:37:12.136,0.78868,0.78882,1.58,1.38
2012.08.10 17:37:31.089,0.78867,0.78882,1.58,1.38
2012.08.10 17:37:40.739,0.78867,0.78883,1.58,1.50
2012.08.10 17:37:41.322,0.78867,0.78884,1.93,2.95
2012.08.10 17:37:42.370,0.78867,0.78883,1.93,1.15
2012.08.10 17:37:47.639,0.7886,0.78865,4.05,1.58
2012.08.10 17:37:48.195,0.78852,0.78864,1.50,1.58
2012.08.10 17:37:48.260,0.78855,0.78864,1.11,1.58
2012.08.10 17:37:48.618,0.78859,0.78864,1.11,1.58
2012.08.10 17:37:49.037,0.78853,0.78857,1.11,1.58
2012.08.10 17:37:49.160,0.78859,0.78868,2.68,2.40
2012.08.10 17:37:49.224,0.78859,0.78875,2.68,2.33
2012.08.10 17:37:49.288,0.78862,0.78876,1.58,1.50
2012.08.10 17:37:49.706,0.7886,0.78874,3.51,1.58
2012.08.10 17:37:50.380,0.78863,0.78876,1.58,2.73
2012.08.10 17:37:52.735,0.78863,0.78876,1.58,1.15
2012.08.10 17:37:53.041,0.78861,0.78875,1.58,2.95
2012.08.10 17:37:53.276,0.78859,0.78874,1.58,2.55
2012.08.10 17:38:00.056,0.78857,0.78871,3.51,1.58
2012.08.10 17:38:00.237,0.78857,0.78871,1.58,2.33
2012.08.10 17:38:00.362,0.78853,0.78869,2.68,2.13
2012.08.10 17:38:00.485,0.78853,0.78869,2.68,2.13
2012.08.10 17:38:02.936,0.78853,0.7887,1.58,2.73
2012.08.10 17:38:03.238,0.78856,0.78871,1.58,1.50
2012.08.10 17:38:03.419,0.78856,0.78872,1.58,2.73
2012.08.10 17:38:08.575,0.78856,0.78872,1.93,3.08
2012.08.10 17:38:08.776,0.78859,0.78872,1.58,1.50
2012.08.10 17:38:09.422,0.78857,0.78871,3.51,1.58
2012.08.10 17:38:24.986,0.78857,0.78871,2.68,1.58
2012.08.10 17:38:25.050,0.78859,0.78873,1.11,1.58
2012.08.10 17:38:25.118,0.78859,0.78875,1.11,3.08
2012.08.10 17:38:26.430,0.78859,0.78875,1.11,3.83
2012.08.10 17:38:26.495,0.78858,0.78874,2.16,1.50
2012.08.10 17:38:26.807,0.78856,0.78871,1.93,1.58
2012.08.10 17:38:27.896,0.78859,0.78874,1.58,2.33
2012.08.10 17:38:33.837,0.78856,0.78872,1.93,2.33
2012.08.10 17:38:38.308,0.78858,0.78873,1.58,2.33
2012.08.10 17:38:38.430,0.78854,0.78869,1.58,2.95
2012.08.10 17:38:38.494,0.78854,0.78869,1.58,2.95
2012.08.10 17:38:46.490,0.78856,0.7887,1.58,1.15
2012.08.10 17:39:08.630,0.78856,0.7887,1.58,1.15
2012.08.10 17:39:12.572,0.78854,0.7887,1.93,2.73
2012.08.10 17:39:12.692,0.78856,0.7887,1.58,1.15
2012.08.10 17:39:13.096,0.78853,0.7887,1.93,2.73
2012.08.10 17:39:13.808,0.78856,0.7887,1.58,1.15
2012.08.10 17:39:20.211,0.78855,0.7887,1.58,2.73
2012.08.10 17:39:20.793,0.78858,0.7887,1.58,1.15
2012.08.10 17:39:38.422,0.78858,0.78873,3.51,1.58
2012.08.10 17:39:38.562,0.7886,0.78875,1.58,1.90
2012.08.10 17:39:41.404,0.7886,0.78875,1.58,1.50
2012.08.10 17:39:56.894,0.78859,0.78873,1.58,1.58
2012.08.10 17:40:01.269,0.7886,0.78875,1.58,1.50
2012.08.10 17:40:07.584,0.78863,0.78875,1.58,1.50
2012.08.10 17:40:07.704,0.78863,0.78879,1.58,1.90
2012.08.10 17:40:43.192,0.78863,0.78878,1.58,2.33
2012.08.10 17:40:47.692,0.78865,0.78879,1.58,1.90
2012.08.10 17:40:51.382,0.78865,0.78879,1.58,1.90
2012.08.10 17:40:58.513,0.78865,0.78879,1.58,1.90
2012.08.10 17:41:01.788,0.7887,0.78881,1.58,1.50
2012.08.10 17:41:01.912,0.78871,0.78882,1.58,1.50
2012.08.10 17:41:23.379,0.78868,0.78882,1.58,1.90
2012.08.10 17:41:23.730,0.78868,0.78882,1.58,2.13
2012.08.10 17:41:24.926,0.78866,0.7888,1.58,3.48
2012.08.10 17:41:28.447,0.78866,0.7888,1.58,3.48
2012.08.10 17:41:39.901,0.78867,0.7888,1.58,1.90
2012.08.10 17:41:39.965,0.78869,0.7888,1.58,1.50
2012.08.10 17:41:40.090,0.78871,0.78885,1.58,1.15
2012.08.10 17:41:40.211,0.78871,0.78885,1.58,1.15
2012.08.10 17:41:50.974,0.78869,0.78884,3.51,1.58
2012.08.10 17:41:55.444,0.78871,0.78885,1.58,1.15
2012.08.10 17:41:57.245,0.78872,0.78888,1.58,2.20
2012.08.10 17:41:57.424,0.78874,0.78889,1.58,1.15
2012.08.10 17:42:01.169,0.78874,0.7889,1.58,1.90
2012.08.10 17:42:01.471,0.78871,0.78886,1.58,2.55
2012.08.10 17:42:20.738,0.78873,0.78888,1.58,2.48
2012.08.10 17:42:21.095,0.78877,0.78891,1.58,1.38
2012.08.10 17:42:21.159,0.78877,0.78891,1.58,1.15
2012.08.10 17:42:33.445,0.7888,0.78892,1.58,3.48
2012.08.10 17:42:33.802,0.78883,0.78896,1.58,1.73
2012.08.10 17:42:33.865,0.78883,0.78897,1.58,2.13
2012.08.10 17:42:42.680,0.78883,0.78896,1.58,2.13
2012.08.10 17:42:42.804,0.7888,0.78893,1.58,1.15
2012.08.10 17:42:43.234,0.78884,0.78895,1.58,1.15
2012.08.10 17:42:43.303,0.78882,0.78896,1.58,2.95
2012.08.10 17:42:44.172,0.78882,0.78896,1.58,2.95
2012.08.10 17:42:44.698,0.78882,0.78896,1.58,2.95
2012.08.10 17:42:45.216,0.78882,0.78895,1.58,1.15
2012.08.10 17:42:45.547,0.78879,0.7889,1.58,1.58
2012.08.10 17:42:45.611,0.78876,0.7889,1.58,1.58
2012.08.10 17:42:45.852,0.78876,0.7889,1.58,2.73
2012.08.10 17:42:46.092,0.78874,0.78888,1.58,2.55
2012.08.10 17:42:46.277,0.78871,0.78888,3.03,2.55
2012.08.10 17:42:46.863,0.78871,0.78887,2.68,1.38
2012.08.10 17:42:46.985,0.78869,0.78883,2.25,1.58
2012.08.10 17:42:47.348,0.78872,0.78887,1.58,2.55
2012.08.10 17:42:47.946,0.78872,0.78887,2.33,1.80
2012.08.10 17:42:48.392,0.78874,0.78887,1.93,1.58
2012.08.10 17:42:48.459,0.78875,0.78891,1.93,2.95
2012.08.10 17:42:53.330,0.78877,0.78892,1.58,3.30
2012.08.10 17:42:53.631,0.78881,0.78894,1.58,1.50
2012.08.10 17:42:54.155,0.78878,0.78894,1.93,1.50
2012.08.10 17:42:54.709,0.78878,0.78894,1.58,1.50
2012.08.10 17:42:58.600,0.78881,0.78894,1.58,1.50
2012.08.10 17:42:59.112,0.78881,0.78895,1.58,1.15
2012.08.10 17:43:01.134,0.78881,0.78894,1.58,2.13
2012.08.10 17:43:01.256,0.78878,0.78894,1.93,2.13
2012.08.10 17:43:06.512,0.78878,0.78892,1.58,1.38
2012.08.10 17:43:06.812,0.78878,0.78893,1.58,1.38
2012.08.10 17:43:07.366,0.78878,0.78894,1.58,2.13
2012.08.10 17:43:17.773,0.78878,0.78895,1.93,3.70
2012.08.10 17:43:18.700,0.78882,0.78895,1.58,2.13
2012.08.10 17:43:21.344,0.7888,0.78894,1.58,2.33
2012.08.10 17:43:21.752,0.78876,0.78893,2.68,1.58
2012.08.10 17:43:22.283,0.7888,0.78891,1.58,1.15
2012.08.10 17:43:22.641,0.7888,0.78894,1.58,2.33
2012.08.10 17:43:25.418,0.7888,0.78894,1.58,3.08
2012.08.10 17:43:25.482,0.7888,0.78892,1.58,1.15
2012.08.10 17:43:25.603,0.78875,0.78891,1.58,3.48
2012.08.10 17:43:25.724,0.78875,0.7889,1.58,1.98
2012.08.10 17:43:25.845,0.78873,0.78888,1.58,1.80
2012.08.10 17:43:26.363,0.78873,0.78888,1.58,2.55
2012.08.10 17:43:29.625,0.78873,0.78888,2.33,1.80
2012.08.10 17:43:29.802,0.78876,0.7889,1.58,4.88
2012.08.10 17:43:29.865,0.78876,0.7889,1.58,4.65
2012.08.10 17:43:31.297,0.78876,0.7889,3.51,1.58
2012.08.10 17:43:31.419,0.78878,0.78893,1.93,1.58
2012.08.10 17:43:36.441,0.78878,0.78893,1.93,1.58
2012.08.10 17:43:47.128,0.78878,0.78893,2.68,1.58
2012.08.10 17:43:48.450,0.78881,0.78896,1.93,1.50
2012.08.10 17:43:49.561,0.7888,0.78894,1.93,1.58
2012.08.10 17:43:51.400,0.78877,0.78892,2.68,1.58
2012.08.10 17:43:51.944,0.78877,0.78892,1.58,3.08
2012.08.10 17:43:53.406,0.78877,0.78892,1.58,3.08
2012.08.10 17:43:53.588,0.78869,0.78885,2.68,3.30
2012.08.10 17:43:53.652,0.78869,0.78885,2.68,3.30
2012.08.10 17:43:53.948,0.78873,0.78888,1.58,1.90
2012.08.10 17:44:02.984,0.7887,0.78885,1.58,1.50
2012.08.10 17:44:04.915,0.7887,0.78884,1.58,1.38
2012.08.10 17:44:05.109,0.78867,0.78882,2.68,2.55
2012.08.10 17:44:11.346,0.78867,0.78882,2.33,2.55
2012.08.10 17:44:23.380,0.78869,0.78884,1.93,2.95
2012.08.10 17:44:25.474,0.78869,0.78884,1.58,1.38
2012.08.10 17:44:31.531,0.78866,0.78883,2.68,2.95
2012.08.10 17:44:39.812,0.7887,0.78883,1.58,1.38
2012.08.10 17:44:40.630,0.78866,0.78883,2.68,2.95
2012.08.10 17:44:42.643,0.78869,0.78883,1.58,2.95
2012.08.10 17:44:42.948,0.78871,0.78883,1.58,1.38
2012.08.10 17:44:44.762,0.78868,0.78883,1.58,2.95
2012.08.10 17:44:47.025,0.78869,0.78883,1.58,2.95
2012.08.10 17:44:47.381,0.7887,0.78885,1.58,2.88
2012.08.10 17:44:48.468,0.78869,0.78883,1.58,2.55
2012.08.10 17:44:49.292,0.78868,0.78883,1.58,2.55
2012.08.10 17:44:49.507,0.78868,0.78878,1.58,1.50
2012.08.10 17:44:49.808,0.78857,0.78868,2.40,1.38
2012.08.10 17:44:49.933,0.78852,0.78867,1.58,3.70
2012.08.10 17:44:50.422,0.78852,0.78867,1.93,2.33
2012.08.10 17:44:53.945,0.78859,0.78872,1.58,1.38
2012.08.10 17:44:54.358,0.78856,0.78872,2.68,1.38
2012.08.10 17:44:55.083,0.78856,0.78873,2.68,2.55
2012.08.10 17:44:55.147,0.7886,0.78874,1.58,1.73
2012.08.10 17:44:57.099,0.7886,0.78874,2.68,1.73
2012.08.10 17:45:00.188,0.7886,0.78874,1.93,1.73
2012.08.10 17:45:02.885,0.7886,0.78874,2.68,1.73
2012.08.10 17:45:03.398,0.7886,0.78874,1.93,1.73
2012.08.10 17:45:05.020,0.78861,0.78874,1.93,1.73
2012.08.10 17:45:05.319,0.78862,0.78875,1.93,1.73
2012.08.10 17:45:33.030,0.78864,0.78878,2.33,1.73
2012.08.10 17:45:33.096,0.78867,0.78879,2.33,1.73
2012.08.10 17:45:33.160,0.78867,0.78882,1.58,3.30
2012.08.10 17:45:50.361,0.7887,0.78882,1.58,1.50
2012.08.10 17:45:50.423,0.7887,0.78884,1.58,1.38
2012.08.10 17:45:59.932,0.78868,0.78883,3.15,2.55
2012.08.10 17:46:03.382,0.78868,0.78883,1.58,2.55
2012.08.10 17:46:19.861,0.78869,0.78884,1.58,2.95
2012.08.10 17:46:33.664,0.78869,0.78883,1.58,1.38
2012.08.10 17:46:40.041,0.78867,0.78883,1.93,1.38
2012.08.10 17:47:20.386,0.78867,0.78881,1.11,1.58
2012.08.10 17:47:44.269,0.78871,0.78881,1.58,1.50
2012.08.10 17:47:44.447,0.78871,0.78886,1.58,3.70
2012.08.10 17:47:50.018,0.78871,0.78882,1.58,1.38
2012.08.10 17:47:50.081,0.78868,0.78882,1.58,1.38
2012.08.10 17:47:50.592,0.78866,0.78881,1.93,2.33
2012.08.10 17:47:51.685,0.78866,0.78881,1.93,2.33
2012.08.10 17:47:52.346,0.78866,0.78881,1.93,2.33
2012.08.10 17:47:58.176,0.78866,0.78881,1.58,2.33
2012.08.10 17:48:00.561,0.78862,0.78879,1.93,2.33
2012.08.10 17:48:00.683,0.78862,0.78879,1.58,2.73
2012.08.10 17:48:07.305,0.78859,0.78876,1.93,2.55
2012.08.10 17:48:14.459,0.78858,0.78872,1.11,1.58
2012.08.10 17:48:30.631,0.78857,0.78872,2.33,1.58
2012.08.10 17:48:34.369,0.78858,0.78873,1.58,1.58
2012.08.10 17:48:44.499,0.78858,0.78873,1.58,1.98
2012.08.10 17:48:45.020,0.78858,0.78873,1.58,1.98
2012.08.10 17:49:00.161,0.78858,0.78872,1.58,1.38
2012.08.10 17:49:00.281,0.78858,0.78873,1.58,2.20
2012.08.10 17:49:00.887,0.78858,0.78873,1.58,1.98
2012.08.10 17:49:03.468,0.78858,0.78873,1.58,1.98
2012.08.10 17:49:03.810,0.78858,0.78871,1.58,1.15
2012.08.10 17:49:08.897,0.78855,0.7887,2.68,2.33
2012.08.10 17:49:33.474,0.78855,0.7887,2.33,1.58
2012.08.10 17:49:48.840,0.78856,0.78872,2.33,1.38
2012.08.10 17:49:57.423,0.78856,0.78872,2.68,1.38
2012.08.10 17:50:16.089,0.78855,0.78869,1.58,1.58
2012.08.10 17:50:21.983,0.78856,0.78872,1.58,1.15
2012.08.10 17:50:27.298,0.78856,0.78872,1.58,1.15
2012.08.10 17:50:29.745,0.78856,0.78872,2.33,1.15
2012.08.10 17:50:30.965,0.78856,0.78872,1.58,1.15
2012.08.10 17:50:35.134,0.78856,0.78872,2.33,1.15
2012.08.10 17:50:51.414,0.78854,0.78868,1.11,1.58
2012.08.10 17:50:59.014,0.78855,0.78872,1.93,2.73
2012.08.10 17:51:01.285,0.78854,0.78868,2.68,1.58
2012.08.10 17:51:01.926,0.78855,0.78872,1.93,2.73
2012.08.10 17:51:04.956,0.78856,0.78872,1.11,2.73
2012.08.10 17:51:21.981,0.78855,0.78872,1.93,2.33
2012.08.10 17:51:22.101,0.78854,0.78869,3.43,1.58
2012.08.10 17:51:22.450,0.78854,0.78868,2.68,2.33
2012.08.10 17:51:22.684,0.78854,0.78868,2.68,1.58
2012.08.10 17:51:22.948,0.78855,0.78872,1.58,2.95
2012.08.10 17:51:43.013,0.78854,0.78869,2.68,1.58
2012.08.10 17:51:51.319,0.78854,0.78869,2.68,1.58
2012.08.10 17:52:00.377,0.78855,0.78869,1.11,1.58
2012.08.10 17:52:03.018,0.78854,0.78868,3.08,1.58
2012.08.10 17:52:03.879,0.78854,0.78868,2.33,1.58
2012.08.10 17:52:26.782,0.78854,0.78868,1.58,2.33
2012.08.10 17:52:26.847,0.78851,0.78866,1.93,2.33
2012.08.10 17:52:27.029,0.78849,0.78863,2.61,1.58
2012.08.10 17:52:27.565,0.78849,0.78862,1.86,1.58
2012.08.10 17:52:31.357,0.78849,0.78862,1.86,1.58
2012.08.10 17:52:43.248,0.7885,0.78864,1.58,1.58
2012.08.10 17:53:03.281,0.78849,0.78864,2.33,1.58
2012.08.10 17:53:27.107,0.78849,0.78864,1.11,1.58
2012.08.10 17:53:43.294,0.7885,0.78863,1.11,1.58
2012.08.10 17:54:03.714,0.7885,0.78864,1.11,1.58
2012.08.10 17:54:23.580,0.7885,0.78863,1.11,1.58
2012.08.10 17:54:43.011,0.78848,0.78863,1.11,1.58
2012.08.10 17:54:49.730,0.78847,0.78863,1.50,1.98
2012.08.10 17:54:49.850,0.78847,0.78863,1.50,1.98
2012.08.10 17:55:03.576,0.78847,0.7886,2.25,1.58
2012.08.10 17:55:06.342,0.78849,0.7886,1.11,1.58
2012.08.10 17:55:06.582,0.78854,0.78868,1.58,2.20
2012.08.10 17:55:06.646,0.78854,0.78868,1.58,2.20
2012.08.10 17:55:06.825,0.78854,0.78868,2.33,2.20
2012.08.10 17:55:07.336,0.78854,0.78868,2.33,1.98
2012.08.10 17:55:27.604,0.78855,0.7887,2.33,1.98
2012.08.10 17:55:37.245,0.78853,0.78869,1.86,1.98
2012.08.10 17:55:49.344,0.78853,0.7887,3.43,1.98
2012.08.10 17:56:21.718,0.78853,0.78869,2.33,1.58
2012.08.10 17:56:21.839,0.78853,0.78869,2.33,1.98
2012.08.10 17:56:22.197,0.78849,0.78863,1.86,1.58
2012.08.10 17:56:29.238,0.7885,0.78864,2.33,1.98
2012.08.10 17:56:30.397,0.78853,0.78867,2.33,1.15
2012.08.10 17:56:31.379,0.78851,0.78866,2.33,1.98
2012.08.10 17:56:52.165,0.78851,0.78866,2.33,1.98
2012.08.10 17:56:57.591,0.7885,0.78864,1.11,1.58
2012.08.10 17:57:06.482,0.78847,0.78864,3.66,1.98
2012.08.10 17:57:06.661,0.78849,0.78864,1.93,2.95
2012.08.10 17:57:07.117,0.78843,0.78859,2.68,1.58
2012.08.10 17:57:11.335,0.78843,0.78859,2.68,1.58
2012.08.10 17:57:26.162,0.78844,0.78859,1.11,1.58
2012.08.10 17:57:26.811,0.78845,0.7886,2.33,2.20
2012.08.10 17:57:29.309,0.78848,0.78862,1.58,1.38
2012.08.10 17:57:35.389,0.78848,0.78862,1.58,1.38
2012.08.10 17:57:35.576,0.78845,0.7886,1.58,2.20
2012.08.10 17:57:45.288,0.78845,0.7886,2.33,1.98
2012.08.10 17:57:48.728,0.78845,0.78859,2.33,1.58
2012.08.10 17:57:48.793,0.78843,0.78857,2.33,1.58
2012.08.10 17:57:56.198,0.78845,0.78861,2.33,3.55
2012.08.10 17:57:56.654,0.78848,0.78862,1.58,1.38
2012.08.10 17:57:57.120,0.78845,0.78861,2.33,2.20
2012.08.10 17:58:02.255,0.78848,0.78862,2.33,2.95
2012.08.10 17:58:02.611,0.78851,0.78864,1.58,1.38
2012.08.10 17:58:18.534,0.78851,0.78864,1.58,1.38
2012.08.10 17:58:18.773,0.78851,0.78866,2.91,2.33
2012.08.10 17:58:19.296,0.78857,0.78866,2.33,1.58
2012.08.10 17:58:19.362,0.7886,0.78873,1.58,1.38
2012.08.10 17:58:21.481,0.7886,0.78873,1.58,1.38
2012.08.10 17:58:22.059,0.78857,0.78871,3.15,1.98
2012.08.10 17:58:47.522,0.78858,0.78873,1.58,1.38
2012.08.10 17:58:56.311,0.78858,0.78873,1.58,1.15
2012.08.10 17:59:01.484,0.78858,0.78873,1.58,1.38
2012.08.10 17:59:11.268,0.78858,0.78872,1.58,1.15
2012.08.10 17:59:28.206,0.78858,0.78874,1.93,1.73
2012.08.10 17:59:28.270,0.78861,0.78874,1.58,1.73
2012.08.10 17:59:28.625,0.78861,0.78873,1.58,2.13
2012.08.10 17:59:28.932,0.78859,0.78873,1.58,2.13
2012.08.10 17:59:29.397,0.78862,0.78873,1.58,2.13
2012.08.10 17:59:30.510,0.78861,0.78873,1.58,1.38
2012.08.10 17:59:31.038,0.78859,0.78873,3.15,2.13
2012.08.10 17:59:31.541,0.78859,0.78873,1.58,2.13
2012.08.10 17:59:33.346,0.78859,0.78873,1.58,2.13
2012.08.10 17:59:38.736,0.78859,0.78873,1.58,2.13
2012.08.10 17:59:39.909,0.78859,0.78873,1.58,2.13
2012.08.10 17:59:40.798,0.7886,0.78873,1.58,2.13
2012.08.10 17:59:40.919,0.78864,0.78875,1.58,1.38
2012.08.10 17:59:41.154,0.78864,0.78877,1.58,1.38
2012.08.10 17:59:42.142,0.78862,0.78876,1.58,1.98
2012.08.10 17:59:42.380,0.7886,0.78873,2.33,1.15
2012.08.10 17:59:42.618,0.78857,0.78873,3.08,1.38
2012.08.10 17:59:44.031,0.78857,0.78873,3.08,1.38
2012.08.10 17:59:44.471,0.78857,0.78873,3.08,1.38
2012.08.10 17:59:48.439,0.78857,0.78872,3.08,1.38
2012.08.10 17:59:50.013,0.78857,0.78872,3.08,1.38
2012.08.10 17:59:57.933,0.78855,0.78869,3.90,1.58
2012.08.10 17:59:59.149,0.78855,0.78869,2.33,1.58
