2012.01.27 03:00:02.515,0.77199,0.77217,1.58,1.58
2012.01.27 03:00:07.051,0.77199,0.77217,2.93,1.58
2012.01.27 03:00:07.788,0.77199,0.77217,2.93,1.58
2012.01.27 03:00:07.860,0.77203,0.77221,2.33,1.58
2012.01.27 03:00:15.736,0.77201,0.77217,2.33,1.58
2012.01.27 03:00:16.264,0.77201,0.77217,2.33,1.58
2012.01.27 03:00:16.806,0.77203,0.77221,2.33,1.58
2012.01.27 03:00:19.859,0.77203,0.77221,2.33,1.58
2012.01.27 03:00:22.718,0.77203,0.77221,2.33,1.58
2012.01.27 03:00:27.070,0.77201,0.77217,2.33,1.58
2012.01.27 03:00:27.198,0.77201,0.77217,2.33,1.58
2012.01.27 03:00:29.109,0.77203,0.77221,2.33,1.58
2012.01.27 03:00:29.358,0.77203,0.77221,2.33,1.58
2012.01.27 03:00:29.559,0.77203,0.77221,2.33,1.58
2012.01.27 03:00:30.473,0.77204,0.77221,3.00,1.58
2012.01.27 03:00:30.728,0.77215,0.77231,1.58,2.33
2012.01.27 03:00:34.668,0.77215,0.77231,1.58,2.33
2012.01.27 03:00:36.830,0.77215,0.77231,1.58,2.33
2012.01.27 03:00:42.999,0.77215,0.77231,1.58,2.33
2012.01.27 03:00:49.957,0.77215,0.77231,2.33,1.58
2012.01.27 03:00:50.028,0.77216,0.77234,2.33,1.58
2012.01.27 03:00:51.333,0.77216,0.77234,3.08,1.58
2012.01.27 03:00:59.961,0.77216,0.77231,1.50,1.58
2012.01.27 03:01:00.092,0.77215,0.77231,2.33,1.58
2012.01.27 03:01:04.578,0.77215,0.77231,2.33,1.58
2012.01.27 03:01:22.196,0.77215,0.77231,2.33,1.58
2012.01.27 03:01:49.773,0.77215,0.77231,2.33,1.58
2012.01.27 03:01:50.182,0.77217,0.77235,1.58,1.58
2012.01.27 03:01:50.489,0.77214,0.7723,2.33,1.58
2012.01.27 03:01:50.737,0.77218,0.77234,2.33,1.58
2012.01.27 03:02:07.629,0.77218,0.77234,3.08,1.58
2012.01.27 03:02:08.064,0.77218,0.77234,3.08,1.58
2012.01.27 03:02:09.026,0.77218,0.77234,3.08,1.58
2012.01.27 03:02:09.580,0.77218,0.77234,3.08,1.58
2012.01.27 03:02:10.204,0.77219,0.77234,1.50,1.58
2012.01.27 03:02:10.888,0.77221,0.77239,2.33,2.18
2012.01.27 03:02:10.992,0.77225,0.77243,1.58,2.93
2012.01.27 03:02:11.325,0.77225,0.77243,2.33,2.18
2012.01.27 03:02:12.777,0.77225,0.77243,2.33,1.58
2012.01.27 03:02:13.223,0.77225,0.77243,2.33,1.58
2012.01.27 03:02:13.741,0.77225,0.77243,2.33,1.58
2012.01.27 03:02:14.775,0.77225,0.77243,2.33,1.58
2012.01.27 03:02:14.916,0.77229,0.77245,1.58,1.58
2012.01.27 03:02:15.514,0.77229,0.77245,2.33,1.58
2012.01.27 03:02:17.129,0.77226,0.77242,2.33,1.58
2012.01.27 03:02:17.262,0.77226,0.77242,2.33,1.58
2012.01.27 03:02:18.250,0.77226,0.77242,2.33,1.58
2012.01.27 03:02:21.594,0.77227,0.77245,2.33,1.58
2012.01.27 03:02:21.983,0.77231,0.77249,2.33,1.58
2012.01.27 03:02:22.054,0.77231,0.77249,2.33,2.33
2012.01.27 03:02:22.740,0.77228,0.77245,1.50,1.58
2012.01.27 03:02:22.897,0.77226,0.77242,3.08,1.58
2012.01.27 03:02:23.429,0.77226,0.77242,2.33,1.58
2012.01.27 03:02:25.198,0.77228,0.77242,1.35,1.58
2012.01.27 03:02:25.332,0.77228,0.77244,2.93,1.58
2012.01.27 03:02:27.983,0.77228,0.77244,2.18,1.58
2012.01.27 03:02:29.294,0.77224,0.7724,2.93,1.58
2012.01.27 03:02:29.369,0.77227,0.77243,2.33,1.58
2012.01.27 03:02:30.114,0.77227,0.77243,2.33,1.58
2012.01.27 03:02:30.753,0.77231,0.77247,1.58,1.58
2012.01.27 03:02:33.989,0.77234,0.77252,2.33,1.58
2012.01.27 03:02:34.840,0.77234,0.77252,2.33,1.58
2012.01.27 03:02:35.458,0.77234,0.77252,2.33,1.58
2012.01.27 03:02:35.850,0.77231,0.77247,2.33,1.58
2012.01.27 03:02:37.269,0.77231,0.77247,2.33,1.58
2012.01.27 03:02:37.959,0.77231,0.77247,2.33,1.58
2012.01.27 03:02:38.795,0.77231,0.77247,1.58,1.58
2012.01.27 03:02:42.987,0.77231,0.77247,2.33,1.58
2012.01.27 03:02:46.187,0.77233,0.77251,2.33,1.58
2012.01.27 03:02:46.749,0.77233,0.77251,2.33,1.58
2012.01.27 03:03:01.138,0.77233,0.77251,2.33,1.58
2012.01.27 03:03:04.022,0.77239,0.77255,1.58,2.33
2012.01.27 03:03:05.954,0.77239,0.77255,1.58,1.58
2012.01.27 03:03:11.417,0.77239,0.77255,2.33,1.58
2012.01.27 03:03:33.980,0.77239,0.77255,2.33,1.58
2012.01.27 03:03:34.288,0.77235,0.77251,2.33,1.58
2012.01.27 03:03:35.660,0.77235,0.77251,2.33,1.58
2012.01.27 03:03:36.302,0.77235,0.77251,2.33,1.58
2012.01.27 03:03:36.369,0.77233,0.77247,2.10,1.58
2012.01.27 03:03:36.880,0.77235,0.77251,2.33,1.58
2012.01.27 03:03:37.188,0.77235,0.77251,2.33,1.58
2012.01.27 03:03:37.439,0.77236,0.77254,2.33,1.58
2012.01.27 03:03:42.375,0.77241,0.77257,1.58,1.58
2012.01.27 03:03:46.382,0.77237,0.77255,2.33,1.58
2012.01.27 03:03:46.741,0.77234,0.77252,2.33,1.58
2012.01.27 03:03:51.070,0.77234,0.77252,2.33,1.58
2012.01.27 03:03:51.568,0.77234,0.77252,2.33,1.58
2012.01.27 03:03:54.010,0.77233,0.77248,1.35,1.58
2012.01.27 03:03:54.454,0.77235,0.77251,2.33,2.33
2012.01.27 03:03:57.649,0.77232,0.77248,2.93,1.58
2012.01.27 03:03:57.839,0.77232,0.77248,2.33,1.58
2012.01.27 03:03:58.140,0.77232,0.77248,2.33,1.58
2012.01.27 03:03:58.645,0.77232,0.77248,2.33,1.58
2012.01.27 03:03:59.274,0.77232,0.77248,2.33,1.58
2012.01.27 03:04:03.175,0.77233,0.77248,1.35,1.58
2012.01.27 03:04:03.258,0.77236,0.77252,2.33,1.58
2012.01.27 03:04:14.663,0.77236,0.77252,2.33,1.58
2012.01.27 03:04:14.879,0.77236,0.77252,2.33,1.58
2012.01.27 03:04:15.397,0.77236,0.77252,2.33,1.58
2012.01.27 03:04:15.978,0.77236,0.77252,2.33,1.58
2012.01.27 03:04:43.650,0.77239,0.77257,1.58,2.33
2012.01.27 03:04:43.778,0.77239,0.77257,2.33,2.33
2012.01.27 03:04:44.088,0.77239,0.77257,3.08,1.58
2012.01.27 03:04:44.760,0.7724,0.77254,1.50,1.58
2012.01.27 03:04:44.948,0.77241,0.77257,2.33,1.58
2012.01.27 03:04:55.310,0.77236,0.77252,2.33,1.58
2012.01.27 03:05:09.813,0.77236,0.77252,2.93,1.58
2012.01.27 03:05:15.509,0.77236,0.77252,2.93,1.58
2012.01.27 03:05:15.703,0.77237,0.77252,1.50,1.58
2012.01.27 03:05:15.889,0.77237,0.77252,1.50,1.58
2012.01.27 03:05:24.823,0.77236,0.77252,2.93,1.58
2012.01.27 03:05:25.329,0.77236,0.77252,2.93,1.58
2012.01.27 03:05:25.737,0.77236,0.77252,2.93,1.58
2012.01.27 03:05:26.642,0.77236,0.77252,2.93,1.58
2012.01.27 03:05:31.492,0.77241,0.77257,2.33,1.58
2012.01.27 03:05:31.935,0.77244,0.77262,1.58,2.93
2012.01.27 03:05:41.465,0.77244,0.77262,1.58,2.93
2012.01.27 03:05:41.551,0.77242,0.77257,1.50,1.58
2012.01.27 03:05:43.300,0.77244,0.77262,1.58,2.33
2012.01.27 03:05:49.137,0.77244,0.77262,2.33,2.33
2012.01.27 03:05:54.791,0.77248,0.77266,1.58,2.33
2012.01.27 03:05:55.415,0.77249,0.77267,2.33,1.58
2012.01.27 03:05:55.510,0.77249,0.77267,2.33,1.58
2012.01.27 03:05:56.850,0.77253,0.77271,1.58,2.33
2012.01.27 03:05:57.553,0.77253,0.77271,2.33,1.58
2012.01.27 03:05:58.647,0.77253,0.77271,2.33,1.58
2012.01.27 03:06:00.689,0.77253,0.77271,2.33,1.58
2012.01.27 03:06:02.800,0.77249,0.77267,2.33,1.58
2012.01.27 03:06:02.928,0.77249,0.77267,2.33,1.58
2012.01.27 03:06:04.902,0.77254,0.7727,1.58,1.35
2012.01.27 03:06:05.088,0.77254,0.77272,2.33,1.58
2012.01.27 03:06:05.158,0.77254,0.77272,2.33,2.33
2012.01.27 03:06:05.708,0.77254,0.7727,2.33,1.58
2012.01.27 03:06:09.161,0.77251,0.77267,2.33,1.58
2012.01.27 03:06:09.409,0.77251,0.77267,2.33,1.58
2012.01.27 03:06:22.353,0.77253,0.77269,1.58,1.35
2012.01.27 03:06:22.480,0.77253,0.77271,2.33,2.33
2012.01.27 03:06:22.920,0.77253,0.77271,1.58,3.08
2012.01.27 03:06:23.625,0.77253,0.77271,1.58,3.08
2012.01.27 03:06:26.321,0.77258,0.77273,1.58,1.50
2012.01.27 03:06:28.001,0.77254,0.7727,1.58,1.58
2012.01.27 03:06:29.749,0.7725,0.77268,2.33,1.58
2012.01.27 03:06:35.318,0.77254,0.7727,1.58,2.33
2012.01.27 03:06:37.119,0.77254,0.7727,1.58,2.33
2012.01.27 03:06:37.188,0.77251,0.77267,2.33,1.58
2012.01.27 03:06:48.002,0.77256,0.77269,1.58,1.35
2012.01.27 03:06:48.132,0.77256,0.77273,1.58,1.50
2012.01.27 03:06:48.620,0.77252,0.7727,1.58,4.58
2012.01.27 03:06:49.979,0.77252,0.7727,1.58,3.83
2012.01.27 03:06:50.049,0.77249,0.77267,2.33,1.58
2012.01.27 03:06:55.005,0.77249,0.77267,3.08,1.58
2012.01.27 03:06:55.072,0.77257,0.77272,1.58,2.25
2012.01.27 03:06:55.262,0.77253,0.77271,1.58,2.33
2012.01.27 03:06:56.518,0.77253,0.77271,1.58,2.33
2012.01.27 03:06:57.248,0.77249,0.77267,1.58,2.33
2012.01.27 03:07:02.281,0.77254,0.77268,1.58,1.50
2012.01.27 03:07:02.351,0.77254,0.7727,1.58,3.08
2012.01.27 03:07:05.558,0.77258,0.7727,1.58,1.50
2012.01.27 03:07:05.629,0.77254,0.7727,1.58,3.08
2012.01.27 03:07:05.701,0.77254,0.7727,2.33,1.58
2012.01.27 03:07:05.771,0.77258,0.77274,1.58,1.35
2012.01.27 03:07:07.260,0.77258,0.77274,1.58,1.35
2012.01.27 03:07:07.335,0.77255,0.77271,1.58,1.58
2012.01.27 03:07:07.399,0.77257,0.77274,1.58,1.35
2012.01.27 03:07:08.068,0.77253,0.77269,1.58,1.35
2012.01.27 03:07:09.291,0.77253,0.77271,1.58,3.08
2012.01.27 03:07:09.600,0.77253,0.77269,1.58,1.50
2012.01.27 03:07:10.000,0.77249,0.77267,1.58,2.33
2012.01.27 03:07:12.998,0.77256,0.77272,1.58,4.43
2012.01.27 03:07:14.902,0.77252,0.7727,1.58,2.33
2012.01.27 03:07:16.253,0.77256,0.77271,1.58,1.50
2012.01.27 03:07:16.319,0.77256,0.77271,1.58,1.50
2012.01.27 03:07:16.838,0.77256,0.77274,1.58,3.83
2012.01.27 03:07:18.569,0.77254,0.7727,1.58,1.58
2012.01.27 03:07:20.949,0.77254,0.7727,1.58,2.33
2012.01.27 03:07:21.297,0.77254,0.7727,1.58,2.33
2012.01.27 03:07:25.788,0.77254,0.7727,1.58,2.33
2012.01.27 03:07:25.990,0.77249,0.77267,1.73,2.33
2012.01.27 03:07:30.580,0.77254,0.77272,1.58,3.83
2012.01.27 03:07:35.981,0.77254,0.77268,1.58,1.50
2012.01.27 03:07:36.108,0.77251,0.77267,1.58,2.33
2012.01.27 03:07:46.938,0.77251,0.77267,2.33,1.58
2012.01.27 03:07:47.070,0.77259,0.77271,1.58,2.25
2012.01.27 03:07:47.199,0.77259,0.77273,1.58,2.25
2012.01.27 03:07:47.269,0.77254,0.77272,1.58,1.58
2012.01.27 03:07:47.718,0.77254,0.77272,1.58,2.33
2012.01.27 03:07:48.388,0.77254,0.77272,1.58,2.33
2012.01.27 03:07:48.920,0.77254,0.77271,1.58,1.50
2012.01.27 03:07:59.086,0.7725,0.77268,2.33,2.33
2012.01.27 03:07:59.678,0.7725,0.77267,2.33,1.50
2012.01.27 03:08:07.947,0.7725,0.77266,1.58,2.25
2012.01.27 03:08:09.027,0.7725,0.77266,1.58,1.50
2012.01.27 03:08:10.766,0.7725,0.77266,1.58,1.50
2012.01.27 03:08:12.673,0.7725,0.77268,1.58,2.93
2012.01.27 03:08:21.520,0.77254,0.77268,1.58,1.35
2012.01.27 03:08:22.533,0.77246,0.77264,3.08,1.58
2012.01.27 03:08:23.309,0.77246,0.77264,2.33,3.08
2012.01.27 03:08:24.693,0.77246,0.77264,1.58,3.08
2012.01.27 03:08:28.014,0.77246,0.77261,1.58,1.50
2012.01.27 03:08:28.746,0.77243,0.77261,1.58,2.33
2012.01.27 03:08:29.012,0.77248,0.77262,1.58,1.50
2012.01.27 03:08:29.081,0.77248,0.77266,1.58,2.33
2012.01.27 03:08:34.800,0.77248,0.77266,1.58,2.33
2012.01.27 03:08:35.304,0.77247,0.77263,1.58,2.33
2012.01.27 03:08:35.958,0.77247,0.77263,1.58,2.33
2012.01.27 03:08:40.004,0.77244,0.7726,1.58,1.58
2012.01.27 03:08:44.721,0.77245,0.77263,1.58,2.33
2012.01.27 03:08:45.262,0.77245,0.77263,1.58,2.33
2012.01.27 03:08:47.710,0.77245,0.77263,1.58,1.58
2012.01.27 03:08:47.899,0.77248,0.77266,1.58,2.33
2012.01.27 03:08:48.090,0.77243,0.77261,2.18,2.33
2012.01.27 03:08:48.220,0.77247,0.77264,1.58,1.50
2012.01.27 03:08:48.291,0.77247,0.77265,1.58,2.33
2012.01.27 03:08:48.421,0.77244,0.7726,2.18,1.58
2012.01.27 03:08:49.004,0.77248,0.77264,1.58,2.33
2012.01.27 03:09:01.259,0.77248,0.77264,1.58,2.33
2012.01.27 03:09:10.239,0.77252,0.7727,1.58,2.33
2012.01.27 03:09:11.954,0.77252,0.7727,1.58,2.33
2012.01.27 03:09:12.139,0.77248,0.77266,2.93,2.33
2012.01.27 03:09:21.760,0.77252,0.7727,1.58,3.08
2012.01.27 03:09:22.382,0.77252,0.7727,1.58,2.33
2012.01.27 03:09:23.652,0.77252,0.7727,1.58,2.33
2012.01.27 03:09:32.029,0.77252,0.7727,1.58,2.33
2012.01.27 03:09:32.895,0.77252,0.7727,1.58,2.33
2012.01.27 03:09:32.989,0.77252,0.7727,2.33,1.58
2012.01.27 03:09:42.600,0.77253,0.7727,1.50,1.58
2012.01.27 03:09:42.672,0.77255,0.77273,3.08,1.58
2012.01.27 03:09:42.871,0.77253,0.77269,2.33,1.58
2012.01.27 03:09:42.941,0.77256,0.77272,1.58,1.58
2012.01.27 03:09:43.527,0.77256,0.77272,2.33,1.58
2012.01.27 03:09:43.604,0.77258,0.77274,1.58,1.58
2012.01.27 03:09:44.069,0.77258,0.77274,2.33,1.58
2012.01.27 03:09:47.334,0.77258,0.77274,2.33,1.58
2012.01.27 03:09:48.175,0.77262,0.77278,2.33,1.58
2012.01.27 03:09:48.348,0.77258,0.77276,2.33,1.58
2012.01.27 03:09:48.718,0.77258,0.77276,2.33,1.58
2012.01.27 03:10:11.870,0.77258,0.77276,2.93,1.58
2012.01.27 03:10:13.398,0.77258,0.77276,2.93,1.58
2012.01.27 03:10:14.704,0.77258,0.77276,1.58,1.58
2012.01.27 03:10:48.890,0.77255,0.77282,1.35,4.88
2012.01.27 03:10:52.265,0.77255,0.77282,1.35,4.88
2012.01.27 03:10:54.244,0.77252,0.77278,2.10,1.88
2012.01.27 03:10:57.601,0.77252,0.77278,2.10,1.50
2012.01.27 03:10:57.909,0.77253,0.77278,1.35,1.50
2012.01.27 03:11:00.559,0.77252,0.77277,1.35,1.50
2012.01.27 03:11:01.110,0.77254,0.77272,1.58,2.33
2012.01.27 03:11:07.738,0.77253,0.77269,1.58,1.58
2012.01.27 03:11:08.419,0.77255,0.77271,1.58,3.08
2012.01.27 03:11:08.491,0.77255,0.77271,1.58,2.33
2012.01.27 03:11:09.920,0.77255,0.77271,1.58,2.33
2012.01.27 03:11:20.220,0.77255,0.77271,1.58,2.33
2012.01.27 03:11:21.416,0.77255,0.77271,1.58,2.33
2012.01.27 03:11:22.381,0.77255,0.77271,1.58,2.33
2012.01.27 03:11:22.956,0.77255,0.77271,1.58,2.33
2012.01.27 03:11:23.481,0.77252,0.7727,1.58,2.33
2012.01.27 03:11:23.555,0.77252,0.7727,1.58,2.33
2012.01.27 03:11:24.163,0.77252,0.7727,1.58,2.33
2012.01.27 03:11:24.814,0.77255,0.77271,1.58,3.08
2012.01.27 03:11:28.312,0.77255,0.77271,1.58,3.08
2012.01.27 03:11:28.381,0.77252,0.77269,1.58,1.50
2012.01.27 03:11:30.713,0.77252,0.77269,1.58,1.50
2012.01.27 03:11:31.326,0.77252,0.7727,1.58,2.33
2012.01.27 03:11:43.575,0.7725,0.77266,1.58,2.33
2012.01.27 03:11:46.439,0.77251,0.77269,1.58,2.33
2012.01.27 03:11:49.570,0.77251,0.77269,1.58,1.58
2012.01.27 03:11:49.649,0.77256,0.77272,1.58,2.33
2012.01.27 03:11:52.879,0.77253,0.77269,2.18,1.58
2012.01.27 03:11:53.408,0.77253,0.77269,1.58,2.33
2012.01.27 03:11:54.660,0.77253,0.77269,1.58,2.33
2012.01.27 03:11:55.361,0.77253,0.77269,1.58,2.33
2012.01.27 03:11:57.000,0.77249,0.77267,2.18,1.58
2012.01.27 03:11:57.131,0.77253,0.77271,1.58,3.08
2012.01.27 03:11:57.429,0.77249,0.77267,2.18,1.58
2012.01.27 03:11:59.790,0.77249,0.77267,2.33,1.58
2012.01.27 03:12:02.620,0.77249,0.77267,2.33,2.33
2012.01.27 03:12:03.340,0.77249,0.77267,2.93,1.58
2012.01.27 03:12:10.921,0.77249,0.77267,2.93,2.33
2012.01.27 03:12:58.260,0.77248,0.77273,2.10,2.25
2012.01.27 03:12:59.178,0.77251,0.77269,1.58,2.33
2012.01.27 03:12:59.490,0.77255,0.77271,1.58,3.08
2012.01.27 03:12:59.680,0.77251,0.77269,2.78,2.33
2012.01.27 03:13:00.642,0.77254,0.77272,1.58,2.33
2012.01.27 03:13:05.109,0.7725,0.77268,2.18,2.33
2012.01.27 03:13:12.691,0.77248,0.77265,1.35,1.58
2012.01.27 03:13:12.761,0.77248,0.77265,1.35,1.58
2012.01.27 03:13:13.475,0.77247,0.77265,2.93,1.58
2012.01.27 03:13:14.364,0.77247,0.77265,2.18,2.33
2012.01.27 03:13:14.434,0.77247,0.77265,2.18,2.33
2012.01.27 03:13:14.959,0.77247,0.77265,1.58,2.33
2012.01.27 03:13:16.291,0.77247,0.77265,1.58,2.33
2012.01.27 03:13:17.101,0.77247,0.77265,1.58,2.33
2012.01.27 03:13:18.131,0.77247,0.77265,1.58,1.58
2012.01.27 03:13:18.201,0.77247,0.77265,2.18,1.58
2012.01.27 03:13:18.860,0.77251,0.77266,1.58,1.50
2012.01.27 03:13:22.111,0.77251,0.77267,1.58,2.33
2012.01.27 03:13:23.319,0.77251,0.77267,1.58,2.33
2012.01.27 03:13:23.925,0.77251,0.77267,1.58,2.33
2012.01.27 03:13:33.032,0.77251,0.77267,1.58,2.33
2012.01.27 03:14:18.241,0.77248,0.77272,1.20,1.50
2012.01.27 03:14:18.997,0.77248,0.77272,1.20,2.25
2012.01.27 03:14:21.640,0.77248,0.77269,1.20,1.50
2012.01.27 03:14:25.690,0.77248,0.77269,1.20,1.50
2012.01.27 03:14:27.104,0.77248,0.77269,1.20,1.50
2012.01.27 03:14:30.322,0.77248,0.77269,1.95,1.50
2012.01.27 03:14:31.402,0.77248,0.77268,1.35,1.50
2012.01.27 03:14:31.949,0.77245,0.77268,3.83,2.25
2012.01.27 03:14:36.701,0.77245,0.77262,3.83,1.50
2012.01.27 03:14:36.889,0.77241,0.77261,1.35,1.50
2012.01.27 03:14:36.960,0.77238,0.77258,3.75,1.50
2012.01.27 03:14:37.033,0.77243,0.77258,1.58,1.50
2012.01.27 03:14:37.222,0.77238,0.77256,1.58,3.08
2012.01.27 03:14:37.759,0.77238,0.77254,1.58,1.50
2012.01.27 03:14:38.434,0.77234,0.77252,2.18,2.33
2012.01.27 03:14:41.585,0.77234,0.77252,2.18,2.33
2012.01.27 03:14:44.538,0.77234,0.77252,2.18,2.33
2012.01.27 03:14:45.823,0.77236,0.77252,1.35,1.58
2012.01.27 03:14:46.360,0.77238,0.77255,1.58,1.35
2012.01.27 03:14:51.472,0.77238,0.77255,1.58,1.35
2012.01.27 03:15:02.555,0.77238,0.77256,1.58,2.33
2012.01.27 03:15:03.391,0.77238,0.77256,2.33,2.33
2012.01.27 03:15:06.450,0.77238,0.77256,1.58,2.33
2012.01.27 03:15:25.842,0.77238,0.77256,1.58,1.58
2012.01.27 03:15:26.162,0.77242,0.7726,1.58,3.08
2012.01.27 03:15:35.952,0.77242,0.7726,1.58,2.33
2012.01.27 03:15:36.200,0.77239,0.77255,1.58,2.33
2012.01.27 03:16:15.672,0.77239,0.77255,2.33,2.93
2012.01.27 03:16:29.320,0.77239,0.77255,2.33,2.18
2012.01.27 03:16:30.196,0.77239,0.77255,1.58,2.93
2012.01.27 03:16:32.343,0.77239,0.77255,1.58,2.93
2012.01.27 03:16:32.471,0.77235,0.77251,5.18,1.58
2012.01.27 03:16:33.075,0.77235,0.77251,1.58,1.58
2012.01.27 03:16:45.110,0.77237,0.77253,1.58,2.33
2012.01.27 03:16:45.302,0.77235,0.77251,2.33,1.58
2012.01.27 03:16:50.302,0.77237,0.77253,1.58,2.33
2012.01.27 03:16:51.148,0.77237,0.77253,1.58,1.58
2012.01.27 03:16:54.251,0.77234,0.77252,5.18,2.33
2012.01.27 03:17:02.200,0.77234,0.77252,3.68,1.58
2012.01.27 03:17:02.424,0.77234,0.77252,4.43,2.33
2012.01.27 03:17:02.871,0.77234,0.77252,3.68,2.33
2012.01.27 03:17:05.252,0.77234,0.77252,3.68,1.58
2012.01.27 03:17:05.441,0.77237,0.77253,1.58,1.58
2012.01.27 03:17:07.672,0.77237,0.77253,4.28,1.58
2012.01.27 03:17:08.575,0.77237,0.77253,4.28,1.58
2012.01.27 03:17:18.019,0.77237,0.77253,2.93,1.58
2012.01.27 03:17:18.753,0.77237,0.77253,2.93,1.58
2012.01.27 03:17:20.410,0.77237,0.77253,2.93,1.58
2012.01.27 03:17:52.208,0.7724,0.77256,1.58,2.33
2012.01.27 03:17:58.795,0.7724,0.77256,1.58,2.33
2012.01.27 03:17:59.851,0.7724,0.77256,1.58,1.58
2012.01.27 03:18:00.304,0.77243,0.77261,1.58,3.08
2012.01.27 03:18:06.719,0.77243,0.77261,1.58,2.33
2012.01.27 03:18:10.960,0.7724,0.77256,2.93,2.33
2012.01.27 03:18:11.463,0.7724,0.77256,1.58,1.58
2012.01.27 03:18:14.409,0.77242,0.7726,1.58,2.33
2012.01.27 03:18:14.720,0.77246,0.77262,1.58,2.33
2012.01.27 03:18:14.792,0.77246,0.77262,1.58,2.33
2012.01.27 03:18:26.911,0.77246,0.77262,1.58,2.33
2012.01.27 03:18:26.984,0.77242,0.77258,4.58,2.33
2012.01.27 03:18:27.360,0.77245,0.77263,1.58,3.08
2012.01.27 03:18:28.098,0.77245,0.77263,1.58,2.33
2012.01.27 03:18:30.180,0.77242,0.77256,3.00,2.33
2012.01.27 03:18:30.382,0.7724,0.77256,3.08,2.33
2012.01.27 03:18:30.452,0.77243,0.77259,1.58,2.33
2012.01.27 03:18:30.942,0.77245,0.77263,1.58,2.33
2012.01.27 03:18:34.348,0.77244,0.7726,2.18,2.33
2012.01.27 03:18:40.051,0.77244,0.7726,2.18,2.33
2012.01.27 03:18:40.432,0.7724,0.77256,2.33,1.58
2012.01.27 03:18:45.212,0.77242,0.7726,1.58,2.33
2012.01.27 03:18:48.041,0.77242,0.7726,1.58,2.33
2012.01.27 03:18:53.072,0.77241,0.77257,3.08,2.33
2012.01.27 03:18:53.622,0.77242,0.7726,1.58,2.33
2012.01.27 03:18:59.921,0.77243,0.7726,2.25,2.33
2012.01.27 03:19:00.233,0.77247,0.77263,1.58,2.33
2012.01.27 03:19:03.659,0.77247,0.77263,1.58,2.33
2012.01.27 03:19:03.984,0.77251,0.77263,2.85,2.33
2012.01.27 03:19:04.234,0.77258,0.77273,1.58,1.13
2012.01.27 03:19:04.861,0.77258,0.77274,1.58,2.33
2012.01.27 03:19:05.642,0.7726,0.77278,1.58,2.70
2012.01.27 03:19:06.069,0.7726,0.77278,1.58,2.33
2012.01.27 03:19:06.619,0.7726,0.77278,1.58,2.33
2012.01.27 03:19:06.811,0.7726,0.77278,1.58,2.33
2012.01.27 03:19:07.831,0.7726,0.77278,1.58,2.33
2012.01.27 03:19:15.402,0.7726,0.77278,1.58,2.33
2012.01.27 03:19:25.050,0.7726,0.77278,1.58,2.33
2012.01.27 03:19:25.721,0.77259,0.77275,1.58,2.33
2012.01.27 03:19:42.409,0.77259,0.77275,1.58,2.33
2012.01.27 03:19:49.611,0.77262,0.7728,1.58,3.08
2012.01.27 03:19:50.531,0.77262,0.7728,1.58,2.33
2012.01.27 03:19:50.869,0.77258,0.77276,1.58,2.33
2012.01.27 03:19:54.251,0.77262,0.7728,1.58,2.33
2012.01.27 03:19:55.744,0.77262,0.7728,2.18,2.33
2012.01.27 03:19:56.012,0.77266,0.77284,1.58,2.33
2012.01.27 03:20:29.180,0.77266,0.77284,1.58,2.33
2012.01.27 03:20:29.722,0.7727,0.77286,1.58,2.70
2012.01.27 03:20:29.910,0.77266,0.77282,1.58,2.33
2012.01.27 03:20:40.620,0.77266,0.77282,1.58,2.33
2012.01.27 03:21:00.122,0.77261,0.77279,2.33,2.33
2012.01.27 03:21:26.537,0.77261,0.77279,2.93,2.33
2012.01.27 03:21:28.342,0.77261,0.77279,1.58,2.33
2012.01.27 03:21:31.241,0.77261,0.77279,2.93,2.33
2012.01.27 03:21:34.540,0.77262,0.77279,1.35,2.33
2012.01.27 03:21:37.903,0.77261,0.77279,2.33,2.93
2012.01.27 03:21:39.373,0.77264,0.77279,1.58,1.35
2012.01.27 03:22:33.039,0.77264,0.7728,1.58,2.33
2012.01.27 03:22:39.349,0.77262,0.77284,1.35,2.10
2012.01.27 03:22:46.073,0.77261,0.77283,2.85,1.35
2012.01.27 03:22:53.451,0.77263,0.77285,2.10,1.80
2012.01.27 03:22:54.081,0.77263,0.77285,2.85,1.05
2012.01.27 03:22:54.162,0.77267,0.77285,1.58,2.33
2012.01.27 03:22:54.367,0.77267,0.77285,2.18,1.58
2012.01.27 03:22:54.432,0.77267,0.77285,3.08,1.58
2012.01.27 03:22:54.983,0.77273,0.77289,1.58,2.33
2012.01.27 03:22:56.938,0.77273,0.77289,1.58,2.33
2012.01.27 03:22:57.144,0.77263,0.77281,2.18,2.33
2012.01.27 03:22:57.809,0.77261,0.77276,1.35,1.58
2012.01.27 03:22:58.521,0.7726,0.77276,2.93,1.58
2012.01.27 03:22:59.423,0.7726,0.77276,2.18,1.58
2012.01.27 03:23:00.183,0.7726,0.77276,2.18,1.58
2012.01.27 03:23:00.690,0.7726,0.77276,2.18,1.58
2012.01.27 03:23:01.625,0.7726,0.77276,2.18,2.33
2012.01.27 03:23:02.308,0.77255,0.77273,3.30,1.58
2012.01.27 03:23:02.388,0.7726,0.77276,2.18,2.33
2012.01.27 03:23:03.279,0.7726,0.77276,2.18,2.33
2012.01.27 03:23:04.741,0.7726,0.77276,2.93,2.33
2012.01.27 03:23:05.570,0.7726,0.77276,2.93,2.33
2012.01.27 03:23:06.111,0.77258,0.77274,1.95,1.58
2012.01.27 03:23:06.180,0.77258,0.77274,1.95,1.58
2012.01.27 03:23:08.470,0.77258,0.77274,1.95,1.58
2012.01.27 03:23:09.334,0.77258,0.77274,1.95,1.58
2012.01.27 03:23:10.052,0.7726,0.77278,1.58,2.33
2012.01.27 03:23:11.190,0.7726,0.77278,2.18,2.33
2012.01.27 03:23:13.830,0.7726,0.77278,2.18,2.33
2012.01.27 03:23:14.337,0.7726,0.77278,2.18,2.33
2012.01.27 03:23:14.400,0.7726,0.77278,2.93,2.33
2012.01.27 03:23:14.919,0.7726,0.77278,2.18,2.33
2012.01.27 03:23:15.838,0.77261,0.77278,1.35,2.33
2012.01.27 03:23:16.935,0.7726,0.77278,2.93,2.33
2012.01.27 03:23:17.444,0.7726,0.77276,1.58,1.58
2012.01.27 03:23:17.813,0.77257,0.77273,2.93,1.58
2012.01.27 03:23:18.182,0.77261,0.77279,1.58,2.33
2012.01.27 03:23:18.251,0.77259,0.77276,1.20,1.58
2012.01.27 03:23:18.382,0.7726,0.77278,2.18,2.33
2012.01.27 03:23:19.021,0.7726,0.77278,2.18,2.33
2012.01.27 03:23:22.203,0.7726,0.77278,2.18,2.33
2012.01.27 03:23:23.404,0.7726,0.77278,2.18,2.33
2012.01.27 03:23:23.991,0.7726,0.77278,2.18,2.33
2012.01.27 03:23:24.498,0.7726,0.77278,2.18,2.33
2012.01.27 03:23:25.280,0.7726,0.77278,2.18,2.33
2012.01.27 03:23:26.093,0.7726,0.77278,2.18,2.33
2012.01.27 03:23:27.311,0.7726,0.77278,2.18,2.33
2012.01.27 03:23:27.828,0.7726,0.77278,2.18,2.33
2012.01.27 03:23:28.685,0.7726,0.77278,2.93,2.33
2012.01.27 03:23:29.400,0.7726,0.77278,2.93,2.33
2012.01.27 03:23:39.208,0.7726,0.77278,2.93,2.33
2012.01.27 03:23:45.209,0.7726,0.77278,2.93,2.33
2012.01.27 03:23:45.402,0.7726,0.77278,2.93,2.33
2012.01.27 03:23:46.045,0.77264,0.7728,1.58,2.33
2012.01.27 03:23:52.953,0.77262,0.77278,2.33,2.33
2012.01.27 03:24:02.959,0.77259,0.77275,1.58,2.33
2012.01.27 03:24:04.766,0.77259,0.77275,2.18,2.33
2012.01.27 03:24:05.418,0.77259,0.77275,2.18,2.33
2012.01.27 03:24:05.993,0.77259,0.77275,2.18,2.33
2012.01.27 03:24:06.728,0.77259,0.77275,2.18,2.33
2012.01.27 03:24:07.663,0.77259,0.77275,2.18,2.33
2012.01.27 03:24:08.804,0.77259,0.77275,2.18,2.33
2012.01.27 03:24:09.448,0.77259,0.77275,2.18,2.33
2012.01.27 03:24:10.376,0.77259,0.77275,2.18,2.33
2012.01.27 03:24:11.351,0.7726,0.77278,1.58,3.08
2012.01.27 03:24:14.240,0.7726,0.77278,1.58,2.33
2012.01.27 03:24:14.552,0.77259,0.77275,1.58,2.33
2012.01.27 03:24:14.842,0.77259,0.77275,1.58,2.33
2012.01.27 03:24:17.174,0.77259,0.77275,1.58,2.33
2012.01.27 03:24:17.302,0.77255,0.77273,1.58,2.33
2012.01.27 03:24:17.493,0.77255,0.77273,1.58,2.33
2012.01.27 03:24:19.894,0.77255,0.77273,1.58,2.33
2012.01.27 03:24:20.141,0.77252,0.77268,1.58,2.33
2012.01.27 03:24:31.765,0.77252,0.77268,1.58,2.93
2012.01.27 03:24:32.192,0.77248,0.77266,1.58,3.23
2012.01.27 03:24:32.261,0.77248,0.77266,1.58,3.08
2012.01.27 03:24:32.511,0.77246,0.77261,1.35,1.58
2012.01.27 03:24:34.673,0.77246,0.77261,2.10,1.58
2012.01.27 03:24:45.982,0.77244,0.77258,1.50,1.58
2012.01.27 03:24:46.565,0.77244,0.77262,1.58,2.33
2012.01.27 03:24:48.792,0.77242,0.77257,2.10,1.58
2012.01.27 03:24:49.352,0.77242,0.77257,1.50,1.58
2012.01.27 03:24:49.423,0.77244,0.77262,2.33,1.58
2012.01.27 03:24:55.338,0.77244,0.77262,3.08,1.58
2012.01.27 03:24:55.532,0.77248,0.77266,1.58,2.33
2012.01.27 03:24:55.851,0.77248,0.77266,2.33,1.58
2012.01.27 03:25:20.885,0.77248,0.77266,2.33,2.33
2012.01.27 03:25:20.951,0.77247,0.77262,1.50,1.58
2012.01.27 03:25:21.268,0.77246,0.77262,1.50,1.58
2012.01.27 03:25:29.673,0.77242,0.77259,1.35,1.58
2012.01.27 03:25:36.332,0.77242,0.77259,1.35,1.58
2012.01.27 03:25:36.965,0.77241,0.77259,4.05,1.58
2012.01.27 03:25:48.499,0.77244,0.77259,1.50,1.58
2012.01.27 03:25:48.874,0.77242,0.77259,2.10,1.58
2012.01.27 03:25:50.286,0.77245,0.77259,1.35,1.58
2012.01.27 03:25:50.590,0.77247,0.77262,1.35,1.58
2012.01.27 03:25:50.659,0.77247,0.77262,1.35,1.58
2012.01.27 03:25:50.744,0.77247,0.77265,2.93,1.58
2012.01.27 03:25:52.181,0.77246,0.77261,1.35,1.58
2012.01.27 03:25:53.098,0.77245,0.77261,1.35,1.58
2012.01.27 03:25:54.503,0.77245,0.77261,1.35,1.58
2012.01.27 03:25:54.571,0.77246,0.77264,2.33,1.58
2012.01.27 03:25:55.162,0.77246,0.77264,2.33,1.58
2012.01.27 03:25:55.782,0.77246,0.77264,2.33,1.58
2012.01.27 03:25:57.373,0.77247,0.77264,1.35,1.58
2012.01.27 03:25:57.623,0.77247,0.77264,1.35,1.58
2012.01.27 03:26:20.863,0.77246,0.77264,2.93,1.58
2012.01.27 03:26:38.943,0.77247,0.77261,1.35,1.58
2012.01.27 03:26:39.012,0.77245,0.77263,2.33,1.58
2012.01.27 03:26:41.401,0.77245,0.77263,2.33,1.58
2012.01.27 03:26:53.533,0.77245,0.77263,1.58,1.58
2012.01.27 03:27:23.068,0.77245,0.77263,2.33,1.58
2012.01.27 03:27:39.295,0.77243,0.77271,2.10,3.15
2012.01.27 03:27:44.705,0.77243,0.7727,1.35,3.00
2012.01.27 03:28:07.147,0.77245,0.77269,1.35,1.50
2012.01.27 03:28:07.450,0.77244,0.7726,2.33,1.58
2012.01.27 03:28:12.910,0.77244,0.7726,2.33,1.58
2012.01.27 03:28:21.837,0.77243,0.77253,1.35,1.58
2012.01.27 03:28:21.907,0.77238,0.77253,1.13,1.58
2012.01.27 03:28:22.092,0.77237,0.77253,2.33,1.58
2012.01.27 03:28:22.984,0.77237,0.77253,2.33,1.58
2012.01.27 03:28:23.501,0.77237,0.77253,2.93,1.58
2012.01.27 03:28:30.302,0.77237,0.77253,2.33,1.58
2012.01.27 03:28:32.063,0.77237,0.77253,2.33,1.58
2012.01.27 03:28:32.593,0.77237,0.77253,2.33,1.58
2012.01.27 03:28:38.443,0.77237,0.77253,2.33,1.58
2012.01.27 03:29:21.943,0.77236,0.7726,1.35,1.35
2012.01.27 03:29:29.364,0.77235,0.7726,1.35,2.10
2012.01.27 03:29:33.700,0.77234,0.77259,1.35,2.10
2012.01.27 03:29:51.102,0.77235,0.77259,1.35,2.10
2012.01.27 03:30:00.992,0.77234,0.77259,1.35,1.35
2012.01.27 03:30:01.326,0.77235,0.77258,1.35,1.50
2012.01.27 03:30:03.327,0.77234,0.77258,1.35,1.50
2012.01.27 03:30:07.545,0.77232,0.77258,1.35,2.25
2012.01.27 03:30:25.890,0.77229,0.77255,2.40,1.50
2012.01.27 03:30:26.383,0.77226,0.7725,3.60,1.35
2012.01.27 03:30:26.454,0.77234,0.7725,1.58,2.93
2012.01.27 03:30:26.883,0.77234,0.7725,1.58,2.93
2012.01.27 03:30:27.263,0.77227,0.77243,2.33,1.58
2012.01.27 03:30:28.216,0.77227,0.77243,1.58,1.58
2012.01.27 03:30:50.828,0.77227,0.77243,1.58,2.33
2012.01.27 03:31:02.492,0.77227,0.77243,1.58,1.58
2012.01.27 03:31:22.794,0.77227,0.77243,1.58,2.33
2012.01.27 03:31:23.364,0.77227,0.77243,1.58,2.33
2012.01.27 03:31:24.133,0.77227,0.77243,1.58,2.33
2012.01.27 03:31:24.684,0.77227,0.77243,1.58,1.58
2012.01.27 03:31:27.273,0.77224,0.77247,1.50,3.00
2012.01.27 03:32:03.635,0.77222,0.77247,1.50,3.00
2012.01.27 03:32:12.210,0.77223,0.77247,1.50,3.00
2012.01.27 03:32:12.546,0.77227,0.77247,2.25,2.25
2012.01.27 03:32:12.678,0.77227,0.77251,2.25,1.50
2012.01.27 03:32:12.747,0.77233,0.77249,1.58,2.33
2012.01.27 03:32:12.946,0.77236,0.77254,1.58,2.33
2012.01.27 03:32:14.824,0.77236,0.77253,1.58,1.35
2012.01.27 03:32:15.078,0.77232,0.77248,2.33,1.58
2012.01.27 03:32:17.218,0.77233,0.77251,1.58,2.33
2012.01.27 03:32:17.893,0.77233,0.77251,1.58,1.58
2012.01.27 03:32:18.962,0.77236,0.77254,1.58,2.33
2012.01.27 03:32:26.302,0.77236,0.77254,1.58,1.58
2012.01.27 03:32:30.078,0.77236,0.77254,1.58,2.93
2012.01.27 03:32:30.383,0.77234,0.77252,1.58,2.33
2012.01.27 03:32:32.003,0.77234,0.77252,1.58,2.33
2012.01.27 03:32:36.326,0.77231,0.77247,2.33,1.58
2012.01.27 03:32:36.575,0.77231,0.77247,1.58,2.33
2012.01.27 03:32:37.804,0.77231,0.77247,1.58,2.33
2012.01.27 03:32:38.802,0.77234,0.7725,1.58,2.33
2012.01.27 03:32:46.923,0.77234,0.7725,1.58,2.33
2012.01.27 03:32:56.912,0.77231,0.77249,1.58,2.33
2012.01.27 03:33:11.724,0.77231,0.77248,1.58,1.50
2012.01.27 03:33:12.633,0.77231,0.77249,1.58,2.33
2012.01.27 03:33:14.645,0.77231,0.77249,1.58,2.33
2012.01.27 03:33:15.314,0.77231,0.77248,1.58,1.50
2012.01.27 03:33:17.674,0.77231,0.77249,1.58,2.33
2012.01.27 03:33:17.925,0.77227,0.77245,1.58,1.58
2012.01.27 03:33:17.995,0.77227,0.77245,1.58,2.33
2012.01.27 03:33:44.327,0.77227,0.77245,1.58,2.93
2012.01.27 03:33:49.810,0.7723,0.77245,1.58,1.35
2012.01.27 03:33:52.526,0.7723,0.77245,1.58,1.35
2012.01.27 03:33:53.315,0.7723,0.77245,1.58,1.35
2012.01.27 03:33:55.916,0.77228,0.77246,1.58,3.08
2012.01.27 03:33:56.047,0.77234,0.77246,1.58,1.50
2012.01.27 03:33:56.184,0.77234,0.77248,1.58,2.10
2012.01.27 03:33:56.698,0.77234,0.77248,1.58,1.35
2012.01.27 03:33:57.416,0.77234,0.77248,1.58,1.35
2012.01.27 03:33:57.545,0.77237,0.77251,1.58,2.25
2012.01.27 03:33:58.927,0.77237,0.77252,1.58,1.35
2012.01.27 03:34:00.282,0.77237,0.77253,1.58,2.93
2012.01.27 03:34:00.797,0.77237,0.77251,1.58,1.50
2012.01.27 03:34:02.684,0.77237,0.77251,1.58,1.50
2012.01.27 03:34:02.816,0.77239,0.77251,1.58,1.50
2012.01.27 03:34:03.017,0.77236,0.77252,1.58,2.33
2012.01.27 03:34:03.086,0.77236,0.77252,1.58,2.33
2012.01.27 03:34:03.418,0.77239,0.77251,1.58,1.50
2012.01.27 03:34:03.490,0.77235,0.77251,1.58,1.50
2012.01.27 03:34:03.616,0.77239,0.77253,1.58,2.85
2012.01.27 03:34:03.690,0.77239,0.77253,1.58,2.85
2012.01.27 03:34:04.244,0.77239,0.77253,1.58,2.25
2012.01.27 03:34:14.374,0.77239,0.7725,1.58,1.50
2012.01.27 03:34:14.506,0.77236,0.77249,1.58,1.50
2012.01.27 03:34:20.864,0.77236,0.77249,1.58,2.25
2012.01.27 03:34:21.064,0.77236,0.7725,1.58,1.50
2012.01.27 03:34:21.743,0.77236,0.77251,1.58,1.35
2012.01.27 03:34:32.413,0.77238,0.77255,1.58,1.50
2012.01.27 03:34:32.722,0.77238,0.77255,1.58,1.50
2012.01.27 03:34:32.911,0.77238,0.77255,1.58,1.50
2012.01.27 03:34:34.231,0.77238,0.77254,1.58,1.50
2012.01.27 03:34:36.111,0.77235,0.77253,1.58,2.33
2012.01.27 03:34:36.692,0.77235,0.77252,1.58,1.50
2012.01.27 03:34:46.376,0.77235,0.77251,1.58,1.50
2012.01.27 03:35:08.491,0.77232,0.7725,1.58,2.33
2012.01.27 03:35:26.622,0.77232,0.77249,1.58,1.50
2012.01.27 03:35:27.542,0.77232,0.77248,1.58,1.50
2012.01.27 03:35:30.973,0.7723,0.77246,1.58,2.33
2012.01.27 03:35:31.913,0.77222,0.77238,2.33,1.58
2012.01.27 03:35:31.986,0.77222,0.77238,1.58,2.33
2012.01.27 03:35:32.252,0.77222,0.77238,1.58,2.33
2012.01.27 03:35:32.892,0.77222,0.77238,1.58,3.08
2012.01.27 03:35:34.093,0.77222,0.77238,1.58,2.33
2012.01.27 03:35:34.643,0.77222,0.77238,1.58,2.33
2012.01.27 03:35:44.832,0.77218,0.77236,1.58,2.33
2012.01.27 03:35:45.203,0.77218,0.77236,1.58,2.33
2012.01.27 03:35:47.272,0.77218,0.77236,1.58,2.33
2012.01.27 03:35:48.591,0.77218,0.77236,1.58,2.33
2012.01.27 03:35:49.333,0.77218,0.77236,1.58,2.33
2012.01.27 03:35:49.573,0.77215,0.77233,1.58,2.33
2012.01.27 03:35:49.642,0.77219,0.77235,1.58,2.33
2012.01.27 03:35:49.782,0.77219,0.77235,1.58,2.33
2012.01.27 03:35:50.392,0.77219,0.77235,1.58,2.33
2012.01.27 03:36:02.052,0.77219,0.77235,1.58,2.33
2012.01.27 03:36:05.536,0.77219,0.77235,1.58,2.33
2012.01.27 03:36:08.652,0.77219,0.77235,1.58,2.33
2012.01.27 03:36:08.783,0.77215,0.77233,1.58,2.33
2012.01.27 03:36:08.852,0.77215,0.77233,1.58,2.33
2012.01.27 03:36:09.221,0.77215,0.77233,1.58,2.33
2012.01.27 03:36:22.003,0.77215,0.77233,1.58,2.33
2012.01.27 03:36:22.192,0.77215,0.77233,1.58,2.33
2012.01.27 03:36:25.032,0.77215,0.77233,1.58,2.33
2012.01.27 03:36:26.352,0.77215,0.77233,1.58,2.33
2012.01.27 03:36:29.283,0.77215,0.77233,1.58,2.33
2012.01.27 03:36:29.353,0.77215,0.77233,1.58,2.33
2012.01.27 03:36:29.662,0.77215,0.77233,1.58,2.33
2012.01.27 03:36:32.764,0.77215,0.77233,1.58,3.08
2012.01.27 03:36:33.614,0.77215,0.77233,1.58,2.33
2012.01.27 03:36:34.111,0.77215,0.77233,1.58,1.58
2012.01.27 03:36:34.904,0.77215,0.77233,1.58,2.33
2012.01.27 03:36:35.632,0.77215,0.77233,1.58,2.33
2012.01.27 03:36:48.484,0.77215,0.77229,1.58,1.35
2012.01.27 03:36:48.556,0.77206,0.7722,1.50,1.58
2012.01.27 03:36:48.696,0.77202,0.7722,3.08,2.33
2012.01.27 03:36:49.770,0.77202,0.7722,1.58,2.33
2012.01.27 03:36:50.343,0.77202,0.7722,2.33,2.33
2012.01.27 03:36:52.285,0.77202,0.7722,1.58,2.33
2012.01.27 03:36:52.475,0.77202,0.7722,1.58,2.33
2012.01.27 03:37:04.046,0.77205,0.77222,1.58,1.50
2012.01.27 03:37:17.330,0.77202,0.77218,1.58,2.33
2012.01.27 03:37:17.409,0.772,0.77216,1.58,2.33
2012.01.27 03:37:17.534,0.772,0.77216,1.58,2.33
2012.01.27 03:37:21.422,0.772,0.77216,1.58,2.33
2012.01.27 03:37:23.014,0.77201,0.77219,1.58,2.33
2012.01.27 03:37:23.083,0.77201,0.77219,1.58,2.33
2012.01.27 03:37:23.572,0.77201,0.77219,1.58,2.33
2012.01.27 03:37:27.392,0.77201,0.77219,1.58,2.33
2012.01.27 03:37:31.981,0.77199,0.77215,1.58,2.33
2012.01.27 03:37:32.604,0.77202,0.77218,1.58,2.33
2012.01.27 03:37:32.734,0.77199,0.77217,1.58,2.33
2012.01.27 03:37:32.923,0.77199,0.77217,1.58,2.33
2012.01.27 03:37:33.222,0.77199,0.77217,2.33,1.58
2012.01.27 03:37:33.413,0.77203,0.77221,1.58,2.33
2012.01.27 03:37:39.444,0.77207,0.77224,1.58,1.50
2012.01.27 03:37:39.514,0.77207,0.77224,1.58,1.50
2012.01.27 03:37:39.703,0.77204,0.7722,2.33,1.58
2012.01.27 03:37:39.955,0.77204,0.7722,1.58,2.33
2012.01.27 03:37:49.176,0.77204,0.7722,1.58,1.58
2012.01.27 03:38:00.983,0.772,0.77218,2.33,1.58
2012.01.27 03:38:01.534,0.772,0.77218,2.33,2.33
2012.01.27 03:38:03.913,0.772,0.77218,2.33,1.58
2012.01.27 03:38:07.245,0.772,0.77218,2.33,1.58
2012.01.27 03:38:13.034,0.772,0.77218,1.58,2.33
2012.01.27 03:38:18.324,0.772,0.77218,1.58,2.33
2012.01.27 03:38:18.574,0.77198,0.77214,1.58,2.33
2012.01.27 03:38:18.649,0.77195,0.77211,1.58,1.58
2012.01.27 03:38:19.431,0.77195,0.77211,1.58,2.33
2012.01.27 03:38:20.773,0.77192,0.77208,1.58,2.33
2012.01.27 03:38:22.372,0.77192,0.77208,1.58,2.33
2012.01.27 03:38:33.591,0.77192,0.77208,1.58,2.33
2012.01.27 03:38:34.255,0.77192,0.77208,1.58,2.33
2012.01.27 03:38:34.444,0.77195,0.77212,1.58,2.10
2012.01.27 03:38:34.514,0.77192,0.7721,1.58,2.33
2012.01.27 03:38:34.734,0.77192,0.7721,1.58,2.33
2012.01.27 03:38:34.804,0.7719,0.77208,2.33,2.33
2012.01.27 03:38:35.762,0.7719,0.77208,1.58,2.93
2012.01.27 03:38:37.705,0.7719,0.77208,1.58,2.33
2012.01.27 03:38:37.776,0.77192,0.7721,1.58,2.33
2012.01.27 03:38:39.295,0.77196,0.77214,1.58,2.33
2012.01.27 03:38:39.364,0.77196,0.77214,1.58,2.33
2012.01.27 03:38:39.495,0.77196,0.77214,1.58,2.33
2012.01.27 03:38:44.633,0.77196,0.77214,2.33,1.58
2012.01.27 03:38:44.703,0.77201,0.77218,1.58,1.50
2012.01.27 03:38:47.424,0.77196,0.77212,2.33,1.58
2012.01.27 03:39:13.244,0.77196,0.77212,1.58,2.33
2012.01.27 03:39:13.708,0.77193,0.77209,1.58,1.88
2012.01.27 03:39:14.465,0.77189,0.77207,1.58,2.33
2012.01.27 03:39:16.803,0.77189,0.77207,1.58,2.33
2012.01.27 03:39:38.782,0.77194,0.7721,1.58,2.33
2012.01.27 03:39:39.454,0.77194,0.7721,1.58,2.33
2012.01.27 03:39:54.064,0.77188,0.77208,1.58,2.33
2012.01.27 03:39:54.447,0.77188,0.77203,1.58,1.13
2012.01.27 03:39:55.057,0.77188,0.77203,1.58,1.88
2012.01.27 03:39:55.131,0.77182,0.77198,5.33,1.58
2012.01.27 03:39:55.204,0.77189,0.77207,1.58,2.33
2012.01.27 03:39:55.272,0.77189,0.77207,1.58,2.33
2012.01.27 03:39:55.772,0.77189,0.77207,1.58,2.33
2012.01.27 03:40:04.603,0.77187,0.77205,1.58,2.33
2012.01.27 03:40:10.266,0.77183,0.77201,2.33,2.33
2012.01.27 03:40:43.915,0.77183,0.77201,2.33,1.58
2012.01.27 03:40:47.664,0.77183,0.77201,1.58,1.58
2012.01.27 03:40:53.912,0.77183,0.77201,2.33,1.58
2012.01.27 03:40:56.344,0.77187,0.77203,1.58,2.33
2012.01.27 03:40:57.349,0.77183,0.77199,2.33,1.58
2012.01.27 03:41:04.439,0.77183,0.77199,2.33,1.58
2012.01.27 03:41:08.874,0.77186,0.772,1.50,1.58
2012.01.27 03:41:09.357,0.77188,0.77204,1.50,1.58
2012.01.27 03:41:09.966,0.77188,0.77204,1.50,1.58
2012.01.27 03:41:10.224,0.7719,0.77208,1.58,1.58
2012.01.27 03:41:13.426,0.7719,0.77207,2.33,3.00
2012.01.27 03:41:13.499,0.77184,0.77201,1.50,1.58
2012.01.27 03:41:13.627,0.77187,0.77203,1.58,1.58
2012.01.27 03:41:14.206,0.77187,0.77203,2.33,1.58
2012.01.27 03:41:31.935,0.77187,0.77203,1.58,1.58
2012.01.27 03:41:32.247,0.77184,0.772,2.33,1.58
2012.01.27 03:41:32.768,0.77184,0.772,1.58,1.58
2012.01.27 03:41:36.239,0.77187,0.77204,1.58,1.50
2012.01.27 03:41:36.367,0.77187,0.77205,2.33,2.33
2012.01.27 03:41:37.443,0.77182,0.772,2.33,1.58
2012.01.27 03:41:37.512,0.77182,0.772,2.33,1.58
2012.01.27 03:41:40.082,0.77182,0.772,2.33,1.58
2012.01.27 03:41:41.653,0.77182,0.772,2.33,1.58
2012.01.27 03:42:01.505,0.7718,0.77197,1.35,1.58
2012.01.27 03:42:14.343,0.77179,0.77197,2.33,1.58
2012.01.27 03:42:25.795,0.77179,0.77197,2.33,1.58
2012.01.27 03:42:30.574,0.77179,0.77197,2.33,1.58
2012.01.27 03:42:47.847,0.77179,0.77197,2.33,1.58
2012.01.27 03:42:48.094,0.77179,0.77197,1.58,2.33
2012.01.27 03:42:48.858,0.77176,0.77194,2.33,2.33
2012.01.27 03:42:55.555,0.77176,0.77194,2.33,1.58
2012.01.27 03:42:58.353,0.77176,0.77194,3.68,1.58
2012.01.27 03:42:59.198,0.77177,0.77194,1.50,1.58
2012.01.27 03:43:00.620,0.7718,0.77198,2.33,1.58
2012.01.27 03:43:00.754,0.7718,0.77198,2.33,1.58
2012.01.27 03:43:13.748,0.77185,0.77201,1.58,1.58
2012.01.27 03:44:07.767,0.77185,0.77201,2.33,1.58
2012.01.27 03:44:13.752,0.77182,0.77207,1.50,3.75
2012.01.27 03:44:14.662,0.77182,0.77206,1.50,1.50
2012.01.27 03:44:15.348,0.77182,0.77205,1.50,1.50
2012.01.27 03:44:15.874,0.77181,0.77205,1.35,1.50
2012.01.27 03:44:15.946,0.77181,0.77205,1.35,1.50
2012.01.27 03:44:16.507,0.77182,0.77206,1.50,2.25
2012.01.27 03:44:17.135,0.77181,0.77205,1.35,1.50
2012.01.27 03:44:17.747,0.77179,0.77203,1.50,1.50
2012.01.27 03:44:26.351,0.77179,0.77205,1.65,2.10
2012.01.27 03:44:37.275,0.77179,0.77204,1.65,1.50
2012.01.27 03:44:37.852,0.77179,0.77203,1.65,1.50
2012.01.27 03:44:49.244,0.7718,0.77203,1.50,1.50
2012.01.27 03:44:51.757,0.7718,0.77204,1.50,1.50
2012.01.27 03:45:00.445,0.77178,0.77205,1.20,1.35
2012.01.27 03:45:01.396,0.7718,0.77205,1.50,2.10
2012.01.27 03:45:15.154,0.77181,0.77206,1.50,2.25
2012.01.27 03:45:15.685,0.77186,0.77204,2.33,1.58
2012.01.27 03:45:16.203,0.77186,0.77204,2.33,1.58
2012.01.27 03:45:16.757,0.7719,0.77208,2.33,2.33
2012.01.27 03:45:16.825,0.7719,0.77208,2.33,1.58
2012.01.27 03:45:18.593,0.77193,0.77209,1.58,2.33
2012.01.27 03:45:19.487,0.77191,0.77207,1.58,1.58
2012.01.27 03:45:19.794,0.77193,0.77209,1.58,1.58
2012.01.27 03:45:20.598,0.77195,0.77213,1.58,3.83
2012.01.27 03:45:20.726,0.77195,0.77213,1.58,3.83
2012.01.27 03:45:20.916,0.77195,0.77213,1.58,3.83
2012.01.27 03:45:21.314,0.77195,0.77213,1.58,3.83
2012.01.27 03:45:22.173,0.77193,0.77211,2.33,1.58
2012.01.27 03:45:24.036,0.7719,0.77208,2.33,1.58
2012.01.27 03:45:25.956,0.77193,0.77209,1.58,1.58
2012.01.27 03:45:28.100,0.7719,0.77208,2.33,1.58
2012.01.27 03:45:29.926,0.77192,0.7721,1.58,1.58
2012.01.27 03:45:34.373,0.7719,0.77208,2.33,1.58
2012.01.27 03:45:35.791,0.77192,0.7721,1.58,1.58
2012.01.27 03:45:36.034,0.77191,0.77207,2.33,1.58
2012.01.27 03:45:37.794,0.77193,0.77209,1.58,1.58
2012.01.27 03:45:38.355,0.7719,0.77208,2.33,1.58
2012.01.27 03:45:39.757,0.77192,0.7721,2.33,1.58
2012.01.27 03:45:40.065,0.7719,0.77208,2.33,1.58
2012.01.27 03:45:40.134,0.7719,0.77208,2.33,1.58
2012.01.27 03:45:41.753,0.77192,0.7721,2.33,1.58
2012.01.27 03:45:41.947,0.77191,0.77207,2.33,1.58
2012.01.27 03:45:43.623,0.77193,0.77209,1.58,1.58
2012.01.27 03:45:45.086,0.7719,0.77208,2.33,1.58
2012.01.27 03:45:45.457,0.7719,0.77208,2.33,1.58
2012.01.27 03:45:45.604,0.77194,0.7721,2.33,1.58
2012.01.27 03:45:45.677,0.77196,0.77212,1.58,2.33
2012.01.27 03:45:46.105,0.77192,0.77208,2.33,1.58
2012.01.27 03:45:47.024,0.77192,0.77208,1.58,1.58
2012.01.27 03:45:50.746,0.77192,0.77208,2.33,1.58
2012.01.27 03:45:50.877,0.77194,0.77211,2.33,1.50
2012.01.27 03:45:56.519,0.77197,0.77212,1.35,2.33
2012.01.27 03:45:56.835,0.77196,0.77212,1.50,1.58
2012.01.27 03:45:56.906,0.77196,0.77212,1.50,1.58
2012.01.27 03:45:57.219,0.77202,0.77215,1.58,1.35
2012.01.27 03:45:57.287,0.77198,0.77214,2.33,1.58
2012.01.27 03:45:57.419,0.77195,0.77211,2.33,1.58
2012.01.27 03:45:59.450,0.77197,0.77215,2.33,1.58
2012.01.27 03:46:00.968,0.77197,0.77215,1.58,1.58
2012.01.27 03:46:01.503,0.77197,0.77215,1.58,3.08
2012.01.27 03:46:09.645,0.77197,0.77215,1.58,2.33
2012.01.27 03:46:09.714,0.77193,0.77211,2.33,2.33
2012.01.27 03:46:20.816,0.77193,0.77211,2.33,2.33
2012.01.27 03:46:25.784,0.77193,0.77211,1.58,2.33
2012.01.27 03:46:40.077,0.77191,0.77207,2.33,1.58
2012.01.27 03:46:40.498,0.77195,0.77211,1.58,2.33
2012.01.27 03:46:41.055,0.77198,0.77214,1.58,1.58
2012.01.27 03:46:41.605,0.77198,0.77214,2.33,1.58
2012.01.27 03:46:42.669,0.77198,0.77214,2.33,1.58
2012.01.27 03:46:44.663,0.77198,0.77214,2.33,1.58
2012.01.27 03:47:15.140,0.77193,0.77211,2.33,1.58
2012.01.27 03:47:32.986,0.77193,0.77211,2.33,1.58
2012.01.27 03:47:42.595,0.77195,0.77213,2.33,1.58
2012.01.27 03:48:23.276,0.77195,0.77213,2.33,1.58
2012.01.27 03:48:25.211,0.77195,0.77213,1.58,1.58
2012.01.27 03:48:31.295,0.77195,0.77213,2.33,1.58
2012.01.27 03:48:42.566,0.77188,0.77214,4.50,1.50
2012.01.27 03:49:31.332,0.77188,0.77217,4.35,1.65
2012.01.27 03:49:34.444,0.7719,0.77217,1.50,4.28
2012.01.27 03:49:34.754,0.77192,0.7721,2.33,2.33
2012.01.27 03:49:39.945,0.77192,0.7721,1.58,2.33
2012.01.27 03:49:40.485,0.77192,0.7721,1.58,2.33
2012.01.27 03:49:42.911,0.7719,0.77208,2.33,2.33
2012.01.27 03:49:47.007,0.77195,0.77211,1.58,2.33
2012.01.27 03:49:56.486,0.77195,0.77211,1.58,2.33
2012.01.27 03:49:57.538,0.77191,0.77208,1.58,2.48
2012.01.27 03:49:57.889,0.77185,0.77201,1.58,2.33
2012.01.27 03:49:58.436,0.77185,0.77201,1.58,2.33
2012.01.27 03:50:01.916,0.77185,0.77201,1.58,2.33
2012.01.27 03:50:02.106,0.77181,0.77197,1.58,2.33
2012.01.27 03:50:02.295,0.77184,0.77202,1.58,2.33
2012.01.27 03:50:02.368,0.7718,0.77198,1.58,2.33
2012.01.27 03:50:02.704,0.77184,0.77202,1.58,2.33
2012.01.27 03:50:02.778,0.77184,0.77202,1.58,2.33
2012.01.27 03:50:02.968,0.77193,0.77203,1.58,2.63
2012.01.27 03:50:03.039,0.77193,0.77203,1.58,1.88
2012.01.27 03:50:03.167,0.77182,0.77198,1.50,1.58
2012.01.27 03:50:03.235,0.7718,0.77198,1.58,2.33
2012.01.27 03:50:04.145,0.77184,0.77202,1.58,2.33
2012.01.27 03:50:04.737,0.77184,0.77202,1.58,2.33
2012.01.27 03:50:05.535,0.77184,0.77202,1.58,2.33
2012.01.27 03:50:06.025,0.77188,0.77204,1.58,1.50
2012.01.27 03:50:09.576,0.77188,0.77206,1.58,2.33
2012.01.27 03:50:13.668,0.77188,0.77206,1.58,2.33
2012.01.27 03:50:14.967,0.77188,0.77206,3.08,2.33
2012.01.27 03:50:15.038,0.77193,0.7721,1.58,1.50
2012.01.27 03:50:15.546,0.77194,0.7721,1.58,2.33
2012.01.27 03:50:15.867,0.77194,0.77208,1.58,1.35
2012.01.27 03:50:16.886,0.77194,0.77208,1.58,1.35
2012.01.27 03:50:19.105,0.77194,0.77208,1.58,1.35
2012.01.27 03:50:19.606,0.7719,0.77208,1.58,2.93
2012.01.27 03:50:32.446,0.77194,0.7721,1.58,2.33
2012.01.27 03:50:32.514,0.77194,0.7721,1.58,2.33
2012.01.27 03:50:33.207,0.7719,0.77208,1.58,2.33
2012.01.27 03:50:37.343,0.77194,0.7721,1.58,2.70
2012.01.27 03:50:37.475,0.77191,0.77207,1.58,2.33
2012.01.27 03:50:37.705,0.77192,0.7721,1.58,2.33
2012.01.27 03:50:37.775,0.77195,0.77211,1.58,1.50
2012.01.27 03:50:41.942,0.77195,0.77211,1.58,1.50
2012.01.27 03:50:50.891,0.77195,0.77211,1.58,1.50
2012.01.27 03:50:57.036,0.77199,0.77214,1.58,1.13
2012.01.27 03:50:57.720,0.77199,0.77216,1.58,1.50
2012.01.27 03:50:57.906,0.77199,0.77217,1.58,2.33
2012.01.27 03:51:01.806,0.77199,0.77217,1.58,2.33
2012.01.27 03:51:08.068,0.77199,0.77217,1.58,3.08
2012.01.27 03:51:09.345,0.77199,0.77216,1.58,1.50
2012.01.27 03:51:09.415,0.77196,0.77212,1.58,2.33
2012.01.27 03:51:10.106,0.77196,0.77212,2.33,1.58
2012.01.27 03:51:10.506,0.77199,0.77217,1.58,2.33
2012.01.27 03:51:10.815,0.77199,0.77215,1.58,1.35
2012.01.27 03:51:10.946,0.77199,0.77217,1.58,2.33
2012.01.27 03:51:11.195,0.77199,0.77214,1.58,1.35
2012.01.27 03:51:11.605,0.77199,0.77217,1.58,2.33
2012.01.27 03:51:12.585,0.77196,0.77212,1.58,2.33
2012.01.27 03:51:13.153,0.77196,0.77212,1.58,2.33
2012.01.27 03:51:13.467,0.77196,0.77212,1.58,2.33
2012.01.27 03:51:15.158,0.77192,0.77209,1.13,2.33
2012.01.27 03:51:15.465,0.77191,0.77209,1.58,2.33
2012.01.27 03:52:04.028,0.77191,0.77209,1.58,2.33
2012.01.27 03:52:04.621,0.77187,0.77205,2.18,2.33
2012.01.27 03:52:07.056,0.77187,0.77205,1.58,2.33
2012.01.27 03:52:07.191,0.77189,0.77207,1.58,2.33
2012.01.27 03:52:07.500,0.77187,0.77205,1.58,2.33
2012.01.27 03:52:08.069,0.7719,0.77206,1.58,2.33
2012.01.27 03:52:08.137,0.77187,0.77205,1.58,2.33
2012.01.27 03:52:12.282,0.77189,0.77207,1.58,2.33
2012.01.27 03:52:14.058,0.77189,0.77207,1.58,2.93
2012.01.27 03:52:26.257,0.77187,0.77205,1.58,2.33
2012.01.27 03:52:28.560,0.77184,0.772,1.58,2.33
2012.01.27 03:52:29.048,0.77187,0.77205,1.58,3.68
2012.01.27 03:52:29.300,0.77185,0.77203,1.58,1.58
2012.01.27 03:53:18.670,0.77185,0.77203,1.58,2.33
2012.01.27 03:53:23.000,0.77185,0.77203,1.58,2.33
2012.01.27 03:53:29.230,0.77182,0.77209,3.00,1.35
2012.01.27 03:53:31.467,0.77189,0.77207,1.58,2.33
2012.01.27 03:53:31.997,0.77189,0.77207,1.58,2.33
2012.01.27 03:53:48.848,0.77189,0.77207,1.58,2.33
2012.01.27 03:53:48.979,0.77184,0.772,1.58,2.33
2012.01.27 03:53:49.639,0.77187,0.77205,1.58,3.68
2012.01.27 03:53:49.717,0.77188,0.77205,1.58,1.35
2012.01.27 03:53:55.550,0.77188,0.77206,1.58,2.33
2012.01.27 03:54:02.157,0.77188,0.77206,1.58,2.33
2012.01.27 03:54:04.469,0.77188,0.77206,1.58,2.33
2012.01.27 03:54:05.118,0.77188,0.77206,1.58,2.33
2012.01.27 03:54:41.980,0.77185,0.77203,2.33,1.58
2012.01.27 03:54:42.048,0.77185,0.77203,1.58,2.33
2012.01.27 03:54:42.557,0.77185,0.77203,1.58,2.33
2012.01.27 03:54:43.102,0.77185,0.77203,1.58,2.33
2012.01.27 03:54:44.987,0.77185,0.77203,2.33,1.58
2012.01.27 03:54:45.364,0.77189,0.77205,1.58,2.33
2012.01.27 03:54:45.881,0.77189,0.77205,1.58,2.33
2012.01.27 03:54:47.089,0.77192,0.77208,1.58,2.33
2012.01.27 03:54:52.989,0.77196,0.77211,1.58,1.50
2012.01.27 03:54:53.249,0.77196,0.77212,1.58,2.33
2012.01.27 03:54:53.618,0.77199,0.77217,1.58,2.63
2012.01.27 03:54:54.437,0.77199,0.77217,1.58,2.33
2012.01.27 03:55:07.693,0.77199,0.77217,1.58,2.70
2012.01.27 03:55:09.677,0.77199,0.77217,1.58,2.70
2012.01.27 03:55:10.439,0.77194,0.7721,1.58,2.33
2012.01.27 03:55:17.550,0.77194,0.7721,1.58,2.33
2012.01.27 03:55:19.637,0.77194,0.7721,1.58,2.33
2012.01.27 03:55:20.033,0.77189,0.77207,1.58,1.58
2012.01.27 03:55:38.410,0.77189,0.77207,2.33,1.58
2012.01.27 03:55:39.148,0.77193,0.77211,1.58,2.33
2012.01.27 03:55:41.612,0.77193,0.77211,1.58,1.58
2012.01.27 03:55:42.332,0.77198,0.77214,1.58,2.33
2012.01.27 03:55:49.458,0.77198,0.77214,1.58,2.33
2012.01.27 03:55:49.728,0.77198,0.77214,1.58,2.33
2012.01.27 03:55:51.320,0.77198,0.77214,1.58,2.33
2012.01.27 03:56:05.252,0.77198,0.77214,1.58,2.33
2012.01.27 03:56:05.323,0.7719,0.77206,3.83,2.33
2012.01.27 03:56:09.919,0.77191,0.77206,1.13,2.33
2012.01.27 03:56:10.545,0.77197,0.77213,1.58,2.33
2012.01.27 03:56:17.005,0.77191,0.77206,2.25,1.58
2012.01.27 03:56:17.606,0.7719,0.77206,1.58,1.58
2012.01.27 03:56:17.865,0.77194,0.77211,1.58,2.33
2012.01.27 03:56:19.673,0.77189,0.77207,2.33,1.58
2012.01.27 03:56:23.740,0.77189,0.77207,1.58,1.58
2012.01.27 03:56:28.148,0.77186,0.77204,2.33,1.58
2012.01.27 03:56:28.344,0.77186,0.77204,2.33,2.33
2012.01.27 03:56:29.277,0.77183,0.77198,1.50,1.58
2012.01.27 03:56:29.356,0.7718,0.77198,2.33,1.58
2012.01.27 03:56:30.030,0.7718,0.77198,2.33,1.58
2012.01.27 03:56:32.263,0.77184,0.77202,2.33,2.33
2012.01.27 03:56:32.508,0.77181,0.77199,2.33,1.58
2012.01.27 03:56:46.058,0.77181,0.77199,2.33,1.58
2012.01.27 03:56:47.233,0.77178,0.77194,2.33,1.58
2012.01.27 03:56:47.833,0.77178,0.77194,2.33,1.58
2012.01.27 03:56:52.967,0.77177,0.77191,1.50,1.58
2012.01.27 03:56:53.157,0.77175,0.77191,2.33,1.58
2012.01.27 03:57:17.787,0.77175,0.77191,1.58,2.33
2012.01.27 03:57:17.917,0.77174,0.77188,1.50,1.58
2012.01.27 03:57:18.230,0.77175,0.77191,1.50,1.58
2012.01.27 03:57:18.298,0.77174,0.77191,1.50,1.58
2012.01.27 03:57:18.887,0.77173,0.77191,3.83,1.58
2012.01.27 03:57:26.777,0.77173,0.77191,1.58,1.58
2012.01.27 03:57:40.318,0.77173,0.77191,2.33,2.33
2012.01.27 03:57:40.689,0.77171,0.77188,1.50,1.58
2012.01.27 03:57:41.238,0.7717,0.77188,3.68,1.58
2012.01.27 03:57:56.996,0.77171,0.77188,1.50,1.58
2012.01.27 03:57:57.129,0.77174,0.7719,1.58,1.58
2012.01.27 03:57:58.134,0.77174,0.7719,2.33,1.58
2012.01.27 03:57:58.208,0.77177,0.77193,2.33,1.58
2012.01.27 03:58:24.803,0.77179,0.77197,1.58,2.33
2012.01.27 03:58:30.233,0.77179,0.77197,2.93,2.33
2012.01.27 03:58:30.479,0.77183,0.77199,1.58,2.33
2012.01.27 03:58:31.559,0.77178,0.77196,2.33,1.58
2012.01.27 03:58:32.246,0.77178,0.77196,2.33,2.33
2012.01.27 03:58:36.210,0.77178,0.77196,1.58,2.33
2012.01.27 03:58:36.279,0.77175,0.77193,3.08,1.58
2012.01.27 03:58:45.549,0.77178,0.77196,2.33,2.33
2012.01.27 03:58:46.984,0.77178,0.77196,3.08,2.33
2012.01.27 03:58:51.330,0.77178,0.77196,1.58,2.33
2012.01.27 03:59:01.068,0.77175,0.77191,1.58,1.58
2012.01.27 03:59:01.598,0.77175,0.77191,1.58,2.33
2012.01.27 03:59:02.139,0.77175,0.77191,1.58,2.33
2012.01.27 03:59:03.940,0.77171,0.77189,1.58,2.33
2012.01.27 03:59:06.155,0.77171,0.77189,1.58,2.33
2012.01.27 03:59:08.649,0.77171,0.77189,1.58,2.33
2012.01.27 03:59:09.259,0.77175,0.77193,1.58,2.33
2012.01.27 03:59:09.392,0.77175,0.77193,1.58,2.33
2012.01.27 03:59:12.092,0.77179,0.77195,1.58,2.33
2012.01.27 03:59:12.400,0.77182,0.772,1.58,3.08
2012.01.27 03:59:12.471,0.77178,0.77196,1.58,2.33
2012.01.27 03:59:14.650,0.77176,0.77192,1.58,2.33
2012.01.27 03:59:14.965,0.77176,0.77192,1.58,2.33
2012.01.27 03:59:26.019,0.77176,0.77192,1.58,3.08
2012.01.27 03:59:26.430,0.7717,0.77188,2.33,2.33
2012.01.27 03:59:33.218,0.7717,0.77188,2.18,2.33
2012.01.27 03:59:33.290,0.77174,0.77192,1.58,2.33
2012.01.27 03:59:34.150,0.77174,0.77192,1.58,2.33
2012.01.27 03:59:37.034,0.77174,0.77192,3.08,2.33
2012.01.27 03:59:37.579,0.77174,0.77192,3.08,1.58
2012.01.27 03:59:37.899,0.77179,0.77195,1.58,2.33
2012.01.27 03:59:47.370,0.77179,0.77195,2.33,1.58
2012.01.27 03:59:47.440,0.77182,0.772,1.58,2.33
2012.01.27 03:59:47.870,0.77186,0.77204,1.58,2.33
2012.01.27 03:59:52.420,0.77182,0.77198,1.58,1.58
2012.01.27 03:59:53.151,0.77182,0.77198,1.58,2.33
2012.01.27 03:59:54.085,0.77178,0.77194,2.33,1.58
2012.01.27 03:59:58.522,0.77175,0.7719,1.50,1.58
2012.01.27 03:59:58.591,0.77175,0.7719,1.50,1.58
2012.01.27 03:59:58.940,0.77177,0.77195,1.58,1.58
2012.01.27 03:59:59.129,0.77181,0.77199,1.58,2.33
