2013.04.09 13:00:00.032,0.97521,0.97535,1.35,1.50
2013.04.09 13:00:00.341,0.97518,0.97535,1.50,1.50
2013.04.09 13:00:00.762,0.97518,0.97535,1.50,1.50
2013.04.09 13:00:02.011,0.97515,0.97534,1.88,1.88
2013.04.09 13:00:02.123,0.97516,0.97534,1.50,1.13
2013.04.09 13:00:02.371,0.97518,0.97535,1.13,1.50
2013.04.09 13:00:03.064,0.9752,0.97536,1.88,1.50
2013.04.09 13:00:03.581,0.97522,0.97538,1.28,3.00
2013.04.09 13:00:03.657,0.97522,0.97539,2.03,1.50
2013.04.09 13:00:03.902,0.97524,0.97543,1.28,1.50
2013.04.09 13:00:03.979,0.97526,0.97544,2.25,1.50
2013.04.09 13:00:04.044,0.97526,0.97544,3.38,1.50
2013.04.09 13:00:04.361,0.97528,0.97544,1.88,1.50
2013.04.09 13:00:04.483,0.97528,0.97546,1.88,1.50
2013.04.09 13:00:04.551,0.97528,0.97547,1.88,1.88
2013.04.09 13:00:04.988,0.97529,0.97546,1.13,1.50
2013.04.09 13:00:05.170,0.97528,0.97545,1.88,1.50
2013.04.09 13:00:05.490,0.97528,0.97545,1.88,1.50
2013.04.09 13:00:05.611,0.97525,0.97539,1.65,1.35
2013.04.09 13:00:05.863,0.97523,0.97539,1.50,1.35
2013.04.09 13:00:06.972,0.97523,0.9754,1.88,2.25
2013.04.09 13:00:07.040,0.97522,0.9754,2.63,2.25
2013.04.09 13:00:07.102,0.97523,0.9754,1.50,1.50
2013.04.09 13:00:07.652,0.97526,0.97545,1.50,2.70
2013.04.09 13:00:07.721,0.97527,0.97545,1.50,1.88
2013.04.09 13:00:08.330,0.97526,0.97543,1.88,1.50
2013.04.09 13:00:14.861,0.97526,0.97544,1.50,1.50
2013.04.09 13:00:15.420,0.97526,0.97546,2.48,2.25
2013.04.09 13:00:15.910,0.97527,0.97546,1.50,3.60
2013.04.09 13:00:16.350,0.97524,0.97542,1.13,1.50
2013.04.09 13:00:17.200,0.97524,0.97541,1.13,1.50
2013.04.09 13:00:20.101,0.97524,0.97541,1.50,1.50
2013.04.09 13:00:20.305,0.97527,0.97542,1.58,1.50
2013.04.09 13:00:20.432,0.9753,0.97544,1.35,1.50
2013.04.09 13:00:20.691,0.97532,0.9755,2.10,1.88
2013.04.09 13:00:21.585,0.97531,0.97548,2.25,1.88
2013.04.09 13:00:22.923,0.97532,0.9755,2.25,1.13
2013.04.09 13:00:23.881,0.97532,0.9755,3.00,1.13
2013.04.09 13:00:23.942,0.97535,0.9755,1.50,1.13
2013.04.09 13:00:27.990,0.97535,0.97551,2.25,1.73
2013.04.09 13:00:28.441,0.97535,0.97551,2.25,1.73
2013.04.09 13:00:34.429,0.97535,0.9755,2.25,1.13
2013.04.09 13:00:35.234,0.97535,0.97553,2.25,3.38
2013.04.09 13:00:35.363,0.97535,0.97553,2.25,3.00
2013.04.09 13:00:35.627,0.97536,0.97553,1.50,4.13
2013.04.09 13:00:35.952,0.9754,0.97558,1.50,2.63
2013.04.09 13:00:36.461,0.9754,0.97558,2.25,1.50
2013.04.09 13:00:36.880,0.9754,0.97558,2.25,2.48
2013.04.09 13:00:37.194,0.97536,0.97554,1.50,1.50
2013.04.09 13:00:38.411,0.97536,0.97554,1.50,1.50
2013.04.09 13:00:38.922,0.97536,0.97554,1.50,1.50
2013.04.09 13:00:39.043,0.97534,0.97547,2.03,1.35
2013.04.09 13:00:39.173,0.9753,0.97547,1.88,1.35
2013.04.09 13:00:39.243,0.9753,0.97547,1.88,1.35
2013.04.09 13:00:39.751,0.97528,0.97546,1.13,1.50
2013.04.09 13:00:40.495,0.97527,0.97546,1.50,1.13
2013.04.09 13:00:40.621,0.97527,0.97546,2.25,1.13
2013.04.09 13:00:41.060,0.97527,0.97545,2.25,1.13
2013.04.09 13:00:41.643,0.97527,0.97543,2.25,1.50
2013.04.09 13:00:41.714,0.97527,0.97543,1.50,1.50
2013.04.09 13:00:42.150,0.97525,0.97538,2.25,1.50
2013.04.09 13:00:42.270,0.97525,0.97538,1.50,2.25
2013.04.09 13:00:42.450,0.97525,0.97538,1.50,1.50
2013.04.09 13:00:42.511,0.97525,0.9754,1.50,1.50
2013.04.09 13:00:42.571,0.97525,0.97543,1.50,3.00
2013.04.09 13:00:45.092,0.97525,0.97536,1.50,1.35
2013.04.09 13:00:45.363,0.97524,0.97538,1.50,3.38
2013.04.09 13:00:45.432,0.97518,0.97538,1.50,3.38
2013.04.09 13:00:45.504,0.97518,0.97537,1.50,1.13
2013.04.09 13:00:45.572,0.97518,0.97533,1.50,1.50
2013.04.09 13:00:46.892,0.97518,0.97536,2.85,1.88
2013.04.09 13:00:47.081,0.9752,0.97537,1.50,1.50
2013.04.09 13:00:47.321,0.97522,0.97538,1.50,2.63
2013.04.09 13:00:48.020,0.97522,0.97538,1.88,2.63
2013.04.09 13:00:48.142,0.97522,0.97539,2.63,1.50
2013.04.09 13:00:48.440,0.97524,0.97542,2.63,2.25
2013.04.09 13:00:48.961,0.97526,0.97542,1.50,1.50
2013.04.09 13:00:49.220,0.97526,0.97542,1.50,1.50
2013.04.09 13:00:49.641,0.97526,0.97542,1.50,1.50
2013.04.09 13:00:50.382,0.97526,0.97542,1.50,1.50
2013.04.09 13:00:55.501,0.97526,0.97543,1.50,1.88
2013.04.09 13:00:57.711,0.97526,0.97542,2.10,1.50
2013.04.09 13:00:59.542,0.97526,0.97542,1.50,1.50
2013.04.09 13:00:59.900,0.97526,0.97542,2.25,1.50
2013.04.09 13:01:01.781,0.97526,0.97542,3.00,1.50
2013.04.09 13:01:01.841,0.97528,0.97542,1.50,1.50
2013.04.09 13:01:02.153,0.9753,0.97545,2.40,1.50
2013.04.09 13:01:02.661,0.9753,0.97545,2.40,1.50
2013.04.09 13:01:03.061,0.9753,0.97545,2.03,1.50
2013.04.09 13:01:05.668,0.97535,0.97545,1.50,1.50
2013.04.09 13:01:05.861,0.97536,0.97548,1.13,1.50
2013.04.09 13:01:05.983,0.97536,0.97551,3.75,1.50
2013.04.09 13:01:07.072,0.97538,0.97551,1.50,1.50
2013.04.09 13:01:07.321,0.97536,0.97551,2.63,1.50
2013.04.09 13:01:07.861,0.97535,0.97552,1.50,3.38
2013.04.09 13:01:08.170,0.97536,0.97552,1.50,3.38
2013.04.09 13:01:10.012,0.97536,0.97552,1.58,2.25
2013.04.09 13:01:10.082,0.97537,0.97554,1.50,2.25
2013.04.09 13:01:10.142,0.97539,0.97554,1.13,1.50
2013.04.09 13:01:10.425,0.97539,0.97557,2.25,1.50
2013.04.09 13:01:10.967,0.97543,0.97557,1.50,2.25
2013.04.09 13:01:11.569,0.97543,0.97557,1.50,2.25
2013.04.09 13:01:12.200,0.97543,0.97557,1.50,2.25
2013.04.09 13:01:12.323,0.97543,0.97557,1.50,2.25
2013.04.09 13:01:12.454,0.97543,0.97558,1.50,1.50
2013.04.09 13:01:12.643,0.97543,0.97558,1.50,1.50
2013.04.09 13:01:14.331,0.97544,0.97561,1.88,3.00
2013.04.09 13:01:14.571,0.97544,0.9756,1.13,2.25
2013.04.09 13:01:14.751,0.97542,0.97559,1.88,1.88
2013.04.09 13:01:14.870,0.97542,0.97559,1.50,2.63
2013.04.09 13:01:15.421,0.9754,0.97556,1.65,2.25
2013.04.09 13:01:15.731,0.97538,0.97554,1.13,1.50
2013.04.09 13:01:16.827,0.9754,0.97555,1.28,1.50
2013.04.09 13:01:17.032,0.97545,0.97564,5.10,1.50
2013.04.09 13:01:17.282,0.97547,0.97564,2.40,2.25
2013.04.09 13:01:17.415,0.97548,0.97566,1.65,1.50
2013.04.09 13:01:17.483,0.97548,0.97567,1.65,1.88
2013.04.09 13:01:17.672,0.97549,0.97566,1.65,1.50
2013.04.09 13:01:17.983,0.97549,0.97563,1.65,1.50
2013.04.09 13:01:18.173,0.97551,0.97568,1.13,2.25
2013.04.09 13:01:18.242,0.97551,0.97568,1.13,2.25
2013.04.09 13:01:18.734,0.97552,0.97566,1.50,1.50
2013.04.09 13:01:19.214,0.97551,0.97566,1.13,2.25
2013.04.09 13:01:19.961,0.97551,0.97564,1.13,1.50
2013.04.09 13:01:20.261,0.97548,0.97563,1.13,1.50
2013.04.09 13:01:20.392,0.97549,0.97565,1.95,1.50
2013.04.09 13:01:20.529,0.97552,0.97569,2.40,1.88
2013.04.09 13:01:20.661,0.97552,0.97567,1.65,1.50
2013.04.09 13:01:21.081,0.97552,0.97563,1.50,1.50
2013.04.09 13:01:21.213,0.97548,0.97563,1.13,1.50
2013.04.09 13:01:21.282,0.97548,0.97564,1.13,1.50
2013.04.09 13:01:21.531,0.97548,0.97563,1.13,1.50
2013.04.09 13:01:22.183,0.97549,0.97563,1.50,1.50
2013.04.09 13:01:22.632,0.97549,0.9756,1.50,1.50
2013.04.09 13:01:22.701,0.97549,0.97563,1.50,1.50
2013.04.09 13:01:22.763,0.97549,0.97566,1.50,1.50
2013.04.09 13:01:23.070,0.97549,0.97565,2.25,1.88
2013.04.09 13:01:23.680,0.97549,0.97565,2.25,1.88
2013.04.09 13:01:23.800,0.97549,0.97565,2.25,1.88
2013.04.09 13:01:24.161,0.97544,0.97563,1.50,1.13
2013.04.09 13:01:24.700,0.97547,0.97563,1.50,1.13
2013.04.09 13:01:25.455,0.97547,0.97558,1.50,1.50
2013.04.09 13:01:25.580,0.97547,0.97556,1.50,1.50
2013.04.09 13:01:25.992,0.97547,0.97556,1.50,1.50
2013.04.09 13:01:26.111,0.9755,0.97564,1.50,2.63
2013.04.09 13:01:26.703,0.97551,0.97565,1.50,1.88
2013.04.09 13:01:29.090,0.97551,0.97565,1.50,1.50
2013.04.09 13:01:29.300,0.97551,0.97565,1.50,1.50
2013.04.09 13:01:30.162,0.97551,0.97567,1.50,1.88
2013.04.09 13:01:31.013,0.97553,0.97567,1.50,1.50
2013.04.09 13:01:31.751,0.97553,0.97566,1.50,1.13
2013.04.09 13:01:32.401,0.97553,0.97566,1.50,1.13
2013.04.09 13:01:32.710,0.97553,0.97569,1.50,1.50
2013.04.09 13:01:36.164,0.97553,0.97569,1.50,1.50
2013.04.09 13:01:39.590,0.97553,0.97568,1.50,1.50
2013.04.09 13:01:39.712,0.97553,0.97567,1.50,1.50
2013.04.09 13:01:39.952,0.9755,0.97566,1.50,1.50
2013.04.09 13:01:40.643,0.97549,0.97564,2.25,1.88
2013.04.09 13:01:41.935,0.97549,0.97563,1.50,1.50
2013.04.09 13:01:42.522,0.97547,0.97561,1.65,1.13
2013.04.09 13:01:44.751,0.97547,0.97564,1.65,2.25
2013.04.09 13:01:49.052,0.97548,0.97564,1.73,1.50
2013.04.09 13:01:49.231,0.9755,0.97569,3.15,1.50
2013.04.09 13:01:49.291,0.97553,0.97569,1.28,1.50
2013.04.09 13:01:49.412,0.97556,0.97573,1.13,1.50
2013.04.09 13:01:49.471,0.97557,0.97574,1.50,1.13
2013.04.09 13:01:49.531,0.97557,0.97577,3.00,1.88
2013.04.09 13:01:50.071,0.97559,0.97576,1.50,1.50
2013.04.09 13:01:50.692,0.9756,0.97576,1.50,1.50
2013.04.09 13:01:51.041,0.9756,0.97576,1.50,1.50
2013.04.09 13:01:51.101,0.9756,0.97575,1.50,2.25
2013.04.09 13:01:51.221,0.9756,0.97574,1.50,1.65
2013.04.09 13:01:51.340,0.97554,0.97573,2.63,1.13
2013.04.09 13:01:51.640,0.97554,0.97573,2.63,1.13
2013.04.09 13:01:52.441,0.97558,0.97574,2.25,1.50
2013.04.09 13:01:52.502,0.97558,0.97575,3.15,1.13
2013.04.09 13:01:52.631,0.9756,0.97576,1.50,1.50
2013.04.09 13:01:53.634,0.97558,0.97576,2.25,1.88
2013.04.09 13:01:53.768,0.97558,0.97573,1.50,1.13
2013.04.09 13:01:53.902,0.97554,0.97571,1.50,1.13
2013.04.09 13:01:54.161,0.97554,0.9757,2.33,1.50
2013.04.09 13:01:54.462,0.97557,0.9757,3.45,1.50
2013.04.09 13:01:54.772,0.97561,0.97578,1.50,1.50
2013.04.09 13:01:55.191,0.97558,0.97576,3.38,1.50
2013.04.09 13:01:57.441,0.97556,0.97574,2.85,1.50
2013.04.09 13:01:59.790,0.97557,0.97574,1.50,2.63
2013.04.09 13:02:00.611,0.97557,0.97571,1.50,1.13
2013.04.09 13:02:01.155,0.97552,0.97569,1.65,1.50
2013.04.09 13:02:01.570,0.97551,0.97569,2.40,1.50
2013.04.09 13:02:01.932,0.97552,0.97569,1.65,1.50
2013.04.09 13:02:02.903,0.97555,0.97569,1.50,1.13
2013.04.09 13:02:03.164,0.97559,0.97575,1.50,2.63
2013.04.09 13:02:03.672,0.97557,0.97575,1.13,1.50
2013.04.09 13:02:03.742,0.97558,0.97575,1.50,1.50
2013.04.09 13:02:03.932,0.97558,0.97572,1.50,1.35
2013.04.09 13:02:04.471,0.97557,0.97573,1.50,1.13
2013.04.09 13:02:04.850,0.97558,0.97578,1.88,3.75
2013.04.09 13:02:04.912,0.97558,0.97579,3.38,2.63
2013.04.09 13:02:05.103,0.97558,0.97578,2.63,1.50
2013.04.09 13:02:05.423,0.97559,0.97578,2.10,1.13
2013.04.09 13:02:05.491,0.97559,0.97578,1.35,4.13
2013.04.09 13:02:05.672,0.97562,0.9758,1.50,1.13
2013.04.09 13:02:06.230,0.97562,0.9758,2.25,1.13
2013.04.09 13:02:06.532,0.97563,0.9758,1.88,1.88
2013.04.09 13:02:07.310,0.9756,0.97576,1.50,1.50
2013.04.09 13:02:08.701,0.9756,0.97578,1.50,1.88
2013.04.09 13:02:09.241,0.97563,0.9758,2.25,1.88
2013.04.09 13:02:09.434,0.97563,0.9758,2.25,2.63
2013.04.09 13:02:09.752,0.97563,0.97577,1.50,1.13
2013.04.09 13:02:10.941,0.97558,0.97575,1.50,1.50
2013.04.09 13:02:12.611,0.97559,0.97574,1.50,1.50
2013.04.09 13:02:13.883,0.97558,0.97573,1.50,1.13
2013.04.09 13:02:14.211,0.97556,0.97573,1.50,1.88
2013.04.09 13:02:14.426,0.97554,0.97571,1.50,1.13
2013.04.09 13:02:15.250,0.97555,0.97571,1.50,1.13
2013.04.09 13:02:15.429,0.97555,0.97572,1.50,1.13
2013.04.09 13:02:15.504,0.97555,0.97573,1.50,1.88
2013.04.09 13:02:16.181,0.97558,0.97573,1.50,1.13
2013.04.09 13:02:16.980,0.97562,0.97574,2.03,1.50
2013.04.09 13:02:17.115,0.97562,0.97579,2.40,1.50
2013.04.09 13:02:17.185,0.97563,0.9758,1.65,1.88
2013.04.09 13:02:17.639,0.97565,0.9758,1.50,1.50
2013.04.09 13:02:18.817,0.97564,0.97578,1.50,1.13
2013.04.09 13:02:18.902,0.97562,0.97574,1.50,1.13
2013.04.09 13:02:20.194,0.97558,0.97573,1.50,1.13
2013.04.09 13:02:20.317,0.97553,0.97569,1.50,1.50
2013.04.09 13:02:20.864,0.97553,0.97569,1.50,1.50
2013.04.09 13:02:21.413,0.97553,0.97568,1.50,1.13
2013.04.09 13:02:21.891,0.97555,0.97569,2.25,1.50
2013.04.09 13:02:22.194,0.97555,0.97573,3.00,2.25
2013.04.09 13:02:22.702,0.97557,0.97573,2.25,1.50
2013.04.09 13:02:22.892,0.97558,0.97573,1.50,1.50
2013.04.09 13:02:24.597,0.97558,0.97573,1.50,1.50
2013.04.09 13:02:25.330,0.97556,0.97573,1.50,1.50
2013.04.09 13:02:25.514,0.97556,0.97573,1.50,1.88
2013.04.09 13:02:26.881,0.97555,0.97573,1.50,3.38
2013.04.09 13:02:27.349,0.97554,0.97571,1.50,1.50
2013.04.09 13:02:27.901,0.97552,0.9757,2.25,1.13
2013.04.09 13:02:29.069,0.97554,0.9757,1.50,1.88
2013.04.09 13:02:29.512,0.97554,0.9757,1.50,1.13
2013.04.09 13:02:29.620,0.97554,0.9757,1.50,1.88
2013.04.09 13:02:32.672,0.97554,0.9757,1.58,1.50
2013.04.09 13:02:32.735,0.97554,0.9757,1.50,1.50
2013.04.09 13:02:33.468,0.97554,0.97571,3.00,1.50
2013.04.09 13:02:33.546,0.97554,0.97571,1.88,2.25
2013.04.09 13:02:37.103,0.97554,0.9757,1.50,1.28
2013.04.09 13:02:37.656,0.97552,0.97568,1.50,1.50
2013.04.09 13:02:39.652,0.97556,0.97571,2.85,1.50
2013.04.09 13:02:40.081,0.97558,0.97573,1.35,2.25
2013.04.09 13:02:40.141,0.97558,0.97573,1.35,1.50
2013.04.09 13:02:40.513,0.97559,0.97576,1.43,1.50
2013.04.09 13:02:40.584,0.97559,0.97576,2.93,1.50
2013.04.09 13:02:40.722,0.97559,0.97578,3.83,1.50
2013.04.09 13:02:40.913,0.97561,0.97579,2.18,1.88
2013.04.09 13:02:41.423,0.97564,0.97579,1.50,1.50
2013.04.09 13:02:44.592,0.97561,0.97579,1.35,2.25
2013.04.09 13:02:45.952,0.97561,0.97579,1.50,2.25
2013.04.09 13:02:46.022,0.97559,0.97578,2.63,1.88
2013.04.09 13:02:46.082,0.97559,0.97575,1.88,2.25
2013.04.09 13:02:48.328,0.97559,0.97573,1.50,1.50
2013.04.09 13:02:48.723,0.97555,0.9757,1.13,1.50
2013.04.09 13:02:49.042,0.97552,0.97567,2.55,1.50
2013.04.09 13:02:49.292,0.97549,0.97566,2.25,1.88
2013.04.09 13:02:49.853,0.97547,0.97565,1.13,1.50
2013.04.09 13:02:50.351,0.97549,0.97565,1.50,1.50
2013.04.09 13:02:50.591,0.97546,0.97564,1.88,1.50
2013.04.09 13:02:50.651,0.97545,0.97562,3.00,1.50
2013.04.09 13:02:52.385,0.97544,0.9756,2.18,1.50
2013.04.09 13:02:53.493,0.97543,0.97561,2.70,1.50
2013.04.09 13:02:53.680,0.97543,0.97561,2.70,1.50
2013.04.09 13:02:53.741,0.97543,0.97562,2.70,3.00
2013.04.09 13:02:54.162,0.97546,0.97564,2.10,1.88
2013.04.09 13:02:54.665,0.97546,0.97564,2.85,1.88
2013.04.09 13:02:55.862,0.97546,0.97564,2.85,1.50
2013.04.09 13:02:57.742,0.97546,0.97564,2.85,1.50
2013.04.09 13:02:58.414,0.97548,0.97567,2.25,1.13
2013.04.09 13:02:58.484,0.97548,0.97567,2.25,1.13
2013.04.09 13:02:58.614,0.97548,0.97567,2.25,1.13
2013.04.09 13:02:58.802,0.97549,0.97568,1.73,2.63
2013.04.09 13:02:59.114,0.97549,0.97568,1.73,2.63
2013.04.09 13:03:03.060,0.97549,0.97568,1.35,3.38
2013.04.09 13:03:03.522,0.97549,0.97566,1.35,1.50
2013.04.09 13:03:06.044,0.97549,0.97566,1.35,1.50
2013.04.09 13:03:10.613,0.97548,0.97565,1.88,1.50
2013.04.09 13:03:11.542,0.97548,0.97565,1.88,1.50
2013.04.09 13:03:11.661,0.97552,0.97568,1.50,1.88
2013.04.09 13:03:12.987,0.97552,0.97568,2.10,1.13
2013.04.09 13:03:14.141,0.97552,0.9757,1.35,1.50
2013.04.09 13:03:14.699,0.97552,0.97571,1.43,2.63
2013.04.09 13:03:15.171,0.97552,0.9757,2.10,1.88
2013.04.09 13:03:16.371,0.97552,0.9757,2.85,1.50
2013.04.09 13:03:16.672,0.97553,0.97571,1.50,2.25
2013.04.09 13:03:17.391,0.97554,0.97571,1.50,2.25
2013.04.09 13:03:17.752,0.97554,0.9757,1.50,1.13
2013.04.09 13:03:21.542,0.97553,0.9757,1.35,1.88
2013.04.09 13:03:22.041,0.97555,0.97573,3.23,1.50
2013.04.09 13:03:22.160,0.97556,0.97574,1.58,1.13
2013.04.09 13:03:22.455,0.97558,0.97574,1.50,1.88
2013.04.09 13:03:22.921,0.97557,0.97572,2.25,1.50
2013.04.09 13:03:23.770,0.97558,0.97572,1.50,1.88
2013.04.09 13:03:24.819,0.97558,0.97573,1.50,1.13
2013.04.09 13:03:24.951,0.9756,0.97576,1.35,1.13
2013.04.09 13:03:25.072,0.9756,0.97576,1.35,1.13
2013.04.09 13:03:25.202,0.9756,0.97577,2.85,1.88
2013.04.09 13:03:27.280,0.97562,0.97578,2.25,1.13
2013.04.09 13:03:27.841,0.97562,0.97578,2.25,3.38
2013.04.09 13:03:29.491,0.97562,0.97577,1.50,1.13
2013.04.09 13:03:30.373,0.97562,0.97578,1.50,3.38
2013.04.09 13:03:30.882,0.97562,0.97577,1.50,2.63
2013.04.09 13:03:30.943,0.9756,0.97577,1.50,2.63
2013.04.09 13:03:31.011,0.9756,0.97574,1.50,1.50
2013.04.09 13:03:31.132,0.97556,0.97573,2.85,1.13
2013.04.09 13:03:32.322,0.97557,0.97571,1.35,1.50
2013.04.09 13:03:32.630,0.97553,0.97571,1.50,3.53
2013.04.09 13:03:32.931,0.97557,0.97571,1.35,1.13
2013.04.09 13:03:33.268,0.97557,0.97572,1.35,1.13
2013.04.09 13:03:34.375,0.97557,0.97573,2.10,1.13
2013.04.09 13:03:34.623,0.97557,0.97573,2.10,1.13
2013.04.09 13:03:35.342,0.97556,0.97572,2.10,1.13
2013.04.09 13:03:37.792,0.97557,0.97573,1.35,1.88
2013.04.09 13:03:39.207,0.97556,0.97572,1.35,1.13
2013.04.09 13:03:39.271,0.97556,0.97568,1.35,2.25
2013.04.09 13:03:39.332,0.97554,0.97568,1.13,2.25
2013.04.09 13:03:39.531,0.9755,0.97569,2.93,1.88
2013.04.09 13:03:43.341,0.97552,0.97569,1.50,1.88
2013.04.09 13:03:43.862,0.97551,0.97567,2.25,1.50
2013.04.09 13:03:44.375,0.97551,0.97568,2.25,2.25
2013.04.09 13:03:47.880,0.97551,0.97568,2.25,1.13
2013.04.09 13:03:48.280,0.97551,0.97566,2.25,1.13
2013.04.09 13:03:49.850,0.97552,0.97567,1.50,1.13
2013.04.09 13:03:50.181,0.97552,0.97567,1.50,1.13
2013.04.09 13:03:52.235,0.97552,0.97569,2.25,1.50
2013.04.09 13:03:52.551,0.97552,0.97567,3.00,1.50
2013.04.09 13:03:53.392,0.97551,0.97566,1.50,1.13
2013.04.09 13:03:53.523,0.97554,0.97568,1.50,1.13
2013.04.09 13:03:54.026,0.97556,0.97568,1.50,1.13
2013.04.09 13:03:55.121,0.97556,0.97572,1.50,2.25
2013.04.09 13:03:56.458,0.97555,0.97571,2.18,1.50
2013.04.09 13:03:56.983,0.97557,0.97571,2.85,1.50
2013.04.09 13:03:57.916,0.97557,0.97571,1.43,2.25
2013.04.09 13:03:58.705,0.97557,0.97571,1.35,2.25
2013.04.09 13:03:59.129,0.97557,0.97571,1.35,1.50
2013.04.09 13:03:59.383,0.97557,0.9757,1.35,1.13
2013.04.09 13:04:01.543,0.97556,0.97569,2.10,1.50
2013.04.09 13:04:01.611,0.97556,0.9757,1.35,1.13
2013.04.09 13:04:02.001,0.97554,0.9757,1.43,1.13
2013.04.09 13:04:03.863,0.97555,0.97571,3.00,1.13
2013.04.09 13:04:04.291,0.97557,0.97572,1.50,1.13
2013.04.09 13:04:04.720,0.97557,0.97573,1.50,1.13
2013.04.09 13:04:05.912,0.97555,0.97572,2.33,1.50
2013.04.09 13:04:05.981,0.97556,0.97574,1.50,1.88
2013.04.09 13:04:06.810,0.97555,0.97574,2.25,1.88
2013.04.09 13:04:06.930,0.97555,0.97572,1.50,1.50
2013.04.09 13:04:09.801,0.97555,0.97568,1.58,1.13
2013.04.09 13:04:10.994,0.97555,0.9757,2.93,1.13
2013.04.09 13:04:11.562,0.97557,0.97571,2.18,1.13
2013.04.09 13:04:14.881,0.97557,0.97572,2.18,1.13
2013.04.09 13:04:17.572,0.97558,0.97573,2.18,1.50
2013.04.09 13:04:18.111,0.97558,0.97573,1.35,1.88
2013.04.09 13:04:18.661,0.97557,0.97572,1.50,1.50
2013.04.09 13:04:18.720,0.97557,0.97572,1.50,1.88
2013.04.09 13:04:19.231,0.97554,0.97572,1.50,2.78
2013.04.09 13:04:19.291,0.97554,0.97571,1.50,1.28
2013.04.09 13:04:20.887,0.97554,0.97569,1.50,1.13
2013.04.09 13:04:22.082,0.97555,0.97569,2.25,1.13
2013.04.09 13:04:24.462,0.97552,0.97569,2.25,1.88
2013.04.09 13:04:25.122,0.97552,0.97568,2.25,1.13
2013.04.09 13:04:25.183,0.97552,0.97568,2.25,1.13
2013.04.09 13:04:25.252,0.97552,0.97568,2.25,1.13
2013.04.09 13:04:26.613,0.97552,0.97567,2.25,1.13
2013.04.09 13:04:26.938,0.97542,0.97548,1.50,1.13
2013.04.09 13:04:27.020,0.97533,0.97547,1.50,1.13
2013.04.09 13:04:27.218,0.97532,0.97547,2.25,1.13
2013.04.09 13:04:27.412,0.9753,0.97545,1.50,1.13
2013.04.09 13:04:27.543,0.97529,0.97543,1.50,1.13
2013.04.09 13:04:27.912,0.97525,0.97543,1.50,1.88
2013.04.09 13:04:28.492,0.97525,0.97543,1.50,1.13
2013.04.09 13:04:29.044,0.97525,0.97543,2.25,1.13
2013.04.09 13:04:29.392,0.97526,0.97541,1.50,1.13
2013.04.09 13:04:29.732,0.97527,0.97543,1.50,1.13
2013.04.09 13:04:30.558,0.97529,0.97546,2.25,1.50
2013.04.09 13:04:30.843,0.97529,0.97546,2.25,1.50
2013.04.09 13:04:33.383,0.9753,0.97547,1.50,1.88
2013.04.09 13:04:37.722,0.97531,0.97545,1.50,1.13
2013.04.09 13:04:37.792,0.97529,0.97545,1.50,1.13
2013.04.09 13:04:37.862,0.97529,0.97543,1.50,1.88
2013.04.09 13:04:37.931,0.97528,0.97543,2.25,1.88
2013.04.09 13:04:38.052,0.97528,0.97543,2.25,1.88
2013.04.09 13:04:38.614,0.97528,0.97544,2.25,1.13
2013.04.09 13:04:41.321,0.97526,0.97544,1.50,2.03
2013.04.09 13:04:41.598,0.97525,0.97538,2.25,2.03
2013.04.09 13:04:41.721,0.97519,0.97536,1.50,1.13
2013.04.09 13:04:42.273,0.97519,0.97537,1.65,1.88
2013.04.09 13:04:42.414,0.97519,0.97535,1.65,1.13
2013.04.09 13:04:42.721,0.97516,0.97532,2.55,3.00
2013.04.09 13:04:43.381,0.97516,0.97532,1.80,3.00
2013.04.09 13:04:43.921,0.97514,0.97529,1.58,1.50
2013.04.09 13:04:44.623,0.97514,0.97529,2.18,1.50
2013.04.09 13:04:44.692,0.97513,0.97529,1.13,1.50
2013.04.09 13:04:44.810,0.97512,0.97529,1.35,1.50
2013.04.09 13:04:45.097,0.97512,0.97529,2.10,2.25
2013.04.09 13:04:45.344,0.97512,0.97529,1.35,3.38
2013.04.09 13:04:45.894,0.9751,0.97526,1.65,1.50
2013.04.09 13:04:46.652,0.97511,0.97526,1.50,1.88
2013.04.09 13:04:47.082,0.97511,0.97528,3.00,1.50
2013.04.09 13:04:47.379,0.97512,0.97529,1.50,2.63
2013.04.09 13:04:47.862,0.97511,0.97528,1.50,2.25
2013.04.09 13:04:55.532,0.97512,0.97527,2.18,1.13
2013.04.09 13:04:55.590,0.97512,0.97529,2.18,1.13
2013.04.09 13:04:57.511,0.97515,0.97531,1.50,1.88
2013.04.09 13:04:59.521,0.97516,0.97532,1.50,2.63
2013.04.09 13:05:01.152,0.97516,0.97532,1.50,1.88
2013.04.09 13:05:02.062,0.97516,0.97532,1.58,1.88
2013.04.09 13:05:02.181,0.97515,0.97532,2.85,2.63
2013.04.09 13:05:03.410,0.97515,0.97531,1.50,1.88
2013.04.09 13:05:03.492,0.97516,0.97532,1.50,1.88
2013.04.09 13:05:05.635,0.97516,0.97534,1.50,2.63
2013.04.09 13:05:05.701,0.97516,0.97534,1.50,2.63
2013.04.09 13:05:09.061,0.97518,0.97537,1.35,4.88
2013.04.09 13:05:10.315,0.97518,0.97537,2.10,3.38
2013.04.09 13:05:10.390,0.97519,0.97537,1.50,1.88
2013.04.09 13:05:12.163,0.97522,0.97539,1.50,1.13
2013.04.09 13:05:12.413,0.97527,0.97543,1.50,1.50
2013.04.09 13:05:12.481,0.97527,0.97544,2.25,1.13
2013.04.09 13:05:13.381,0.97527,0.97543,2.25,1.50
2013.04.09 13:05:13.447,0.97527,0.97542,1.50,1.50
2013.04.09 13:05:13.693,0.97524,0.97541,1.50,1.50
2013.04.09 13:05:14.499,0.97524,0.97541,1.50,2.25
2013.04.09 13:05:14.880,0.97524,0.97541,3.60,2.25
2013.04.09 13:05:15.020,0.97527,0.97543,1.35,1.50
2013.04.09 13:05:15.159,0.97527,0.97544,2.10,1.50
2013.04.09 13:05:15.435,0.97533,0.97552,1.73,3.38
2013.04.09 13:05:15.501,0.97535,0.97552,1.35,1.88
2013.04.09 13:05:16.891,0.97535,0.97553,3.23,1.50
2013.04.09 13:05:17.912,0.97536,0.97554,1.50,1.50
2013.04.09 13:05:18.031,0.97537,0.97556,2.25,1.13
2013.04.09 13:05:18.211,0.97538,0.97557,3.00,1.50
2013.04.09 13:05:18.764,0.97538,0.97557,1.50,2.25
2013.04.09 13:05:21.041,0.97538,0.97557,1.50,1.50
2013.04.09 13:05:22.573,0.97538,0.97556,1.50,1.50
2013.04.09 13:05:22.701,0.97538,0.97556,1.50,1.88
2013.04.09 13:05:23.207,0.97537,0.97554,1.13,1.50
2013.04.09 13:05:23.682,0.97535,0.97553,2.10,1.88
2013.04.09 13:05:23.925,0.97534,0.97553,1.88,1.88
2013.04.09 13:05:24.177,0.97532,0.9755,2.40,1.50
2013.04.09 13:05:25.517,0.97533,0.9755,1.50,2.78
2013.04.09 13:05:26.352,0.97532,0.9755,1.50,2.78
2013.04.09 13:05:26.695,0.97528,0.97547,1.35,2.63
2013.04.09 13:05:27.089,0.97527,0.97545,1.50,2.03
2013.04.09 13:05:27.525,0.97525,0.97543,1.50,2.63
2013.04.09 13:05:27.861,0.97523,0.97542,3.23,1.13
2013.04.09 13:05:28.171,0.97524,0.97542,1.50,1.13
2013.04.09 13:05:28.435,0.97524,0.97543,1.50,3.38
2013.04.09 13:05:29.012,0.97524,0.97543,1.50,2.63
2013.04.09 13:05:29.243,0.97524,0.97543,1.50,2.63
2013.04.09 13:05:33.151,0.97524,0.97542,1.50,1.13
2013.04.09 13:05:33.272,0.97524,0.97543,2.10,2.63
2013.04.09 13:05:34.643,0.97524,0.97543,2.10,3.38
2013.04.09 13:05:36.675,0.97524,0.97543,2.48,2.63
2013.04.09 13:05:40.138,0.97525,0.97543,1.50,2.63
2013.04.09 13:05:40.635,0.97528,0.97545,1.50,2.03
2013.04.09 13:05:41.151,0.97527,0.97543,2.25,1.13
2013.04.09 13:05:41.934,0.97527,0.97543,1.50,1.13
2013.04.09 13:05:45.028,0.97527,0.97543,1.50,1.13
2013.04.09 13:05:46.084,0.97524,0.97536,1.20,1.50
2013.04.09 13:05:46.162,0.97516,0.97536,3.38,2.25
2013.04.09 13:05:46.233,0.97516,0.97536,3.38,1.50
2013.04.09 13:05:46.537,0.97516,0.97536,3.38,1.50
2013.04.09 13:05:47.813,0.97516,0.97535,2.85,1.13
2013.04.09 13:05:48.012,0.97515,0.97531,2.25,1.50
2013.04.09 13:05:48.263,0.97512,0.9753,1.88,1.50
2013.04.09 13:05:48.901,0.97513,0.9753,1.50,1.50
2013.04.09 13:05:50.763,0.97512,0.97529,1.50,2.03
2013.04.09 13:05:50.833,0.97508,0.97528,2.63,2.40
2013.04.09 13:05:50.903,0.97508,0.97528,2.63,1.65
2013.04.09 13:05:51.422,0.9751,0.97528,2.10,1.50
2013.04.09 13:05:52.212,0.9751,0.97528,2.10,1.50
2013.04.09 13:05:53.670,0.97511,0.97528,1.13,1.50
2013.04.09 13:05:53.791,0.97511,0.97529,1.88,1.50
2013.04.09 13:05:54.021,0.97515,0.9753,1.50,3.38
2013.04.09 13:05:54.141,0.97515,0.9753,2.25,1.13
2013.04.09 13:05:54.615,0.97515,0.9753,2.25,1.88
2013.04.09 13:05:57.329,0.97515,0.9753,1.50,1.50
2013.04.09 13:06:01.141,0.97512,0.9753,1.50,1.50
2013.04.09 13:06:03.177,0.97516,0.97531,1.50,1.88
2013.04.09 13:06:03.494,0.97522,0.97537,1.35,1.13
2013.04.09 13:06:03.562,0.97522,0.9754,2.10,1.88
2013.04.09 13:06:03.695,0.97523,0.97542,3.60,1.13
2013.04.09 13:06:03.769,0.97523,0.97541,1.35,1.13
2013.04.09 13:06:03.933,0.97523,0.97541,2.10,1.13
2013.04.09 13:06:04.253,0.97531,0.97545,3.23,1.50
2013.04.09 13:06:04.325,0.97531,0.97545,1.35,1.50
2013.04.09 13:06:04.393,0.97531,0.97549,2.10,1.13
2013.04.09 13:06:04.653,0.97532,0.9755,1.50,1.88
2013.04.09 13:06:07.225,0.97532,0.97549,1.50,1.88
2013.04.09 13:06:07.292,0.97532,0.97546,1.50,1.13
2013.04.09 13:06:07.486,0.97528,0.97545,1.50,1.88
2013.04.09 13:06:08.014,0.97529,0.97545,1.50,1.88
2013.04.09 13:06:08.141,0.97529,0.97545,1.50,1.13
2013.04.09 13:06:08.563,0.97529,0.97546,1.50,1.13
2013.04.09 13:06:10.538,0.97532,0.97548,1.50,1.13
2013.04.09 13:06:10.965,0.97531,0.97548,2.25,1.50
2013.04.09 13:06:12.577,0.97531,0.97548,2.25,1.88
2013.04.09 13:06:15.912,0.97532,0.97546,1.35,1.28
2013.04.09 13:06:15.987,0.97531,0.97543,2.10,1.50
2013.04.09 13:06:16.173,0.97523,0.9754,1.35,1.50
2013.04.09 13:06:16.622,0.97523,0.9754,1.35,3.00
2013.04.09 13:06:16.693,0.97521,0.97538,1.95,1.50
2013.04.09 13:06:16.822,0.97521,0.97537,1.50,1.88
2013.04.09 13:06:17.013,0.97521,0.97537,1.65,1.88
2013.04.09 13:06:17.143,0.97521,0.97537,1.65,3.38
2013.04.09 13:06:17.212,0.97522,0.97537,1.50,1.88
2013.04.09 13:06:17.273,0.97522,0.97536,1.50,1.50
2013.04.09 13:06:17.893,0.97519,0.97535,2.25,1.50
2013.04.09 13:06:18.202,0.97517,0.97532,1.88,2.10
2013.04.09 13:06:18.503,0.97511,0.97524,1.50,1.50
2013.04.09 13:06:18.872,0.97511,0.97526,1.73,2.25
2013.04.09 13:06:18.992,0.97512,0.97528,1.80,2.25
2013.04.09 13:06:19.121,0.97513,0.9753,1.65,1.13
2013.04.09 13:06:19.775,0.97515,0.97531,2.33,2.25
2013.04.09 13:06:19.902,0.97514,0.97529,1.50,1.50
2013.04.09 13:06:20.092,0.97512,0.97529,1.50,1.50
2013.04.09 13:06:20.227,0.97511,0.97527,1.43,1.50
2013.04.09 13:06:21.181,0.97511,0.97527,2.10,2.63
2013.04.09 13:06:22.308,0.97509,0.97525,2.25,1.50
2013.04.09 13:06:22.375,0.97509,0.97525,1.50,1.50
2013.04.09 13:06:23.162,0.97509,0.97526,2.25,1.13
2013.04.09 13:06:24.192,0.9751,0.97526,1.13,1.13
2013.04.09 13:06:24.322,0.9751,0.97528,1.13,2.25
2013.04.09 13:06:26.612,0.97512,0.97529,2.40,2.25
2013.04.09 13:06:27.432,0.97515,0.97531,1.50,1.13
2013.04.09 13:06:27.782,0.97515,0.97529,1.50,1.50
2013.04.09 13:06:28.260,0.97513,0.97529,2.25,1.50
2013.04.09 13:06:29.522,0.97513,0.97529,1.50,1.50
2013.04.09 13:06:31.007,0.97513,0.97529,1.50,2.25
2013.04.09 13:06:31.310,0.97516,0.97532,2.25,1.13
2013.04.09 13:06:31.554,0.97516,0.97532,2.25,1.13
2013.04.09 13:06:33.052,0.97516,0.97533,2.25,3.38
2013.04.09 13:06:33.125,0.97516,0.97532,2.25,1.13
2013.04.09 13:06:33.693,0.97516,0.97533,2.25,2.63
2013.04.09 13:06:35.281,0.97516,0.97533,2.25,1.88
2013.04.09 13:06:35.672,0.97516,0.97533,1.50,1.88
2013.04.09 13:06:35.793,0.97516,0.97533,2.25,1.88
2013.04.09 13:06:36.361,0.97516,0.97533,2.25,1.88
2013.04.09 13:06:38.606,0.97519,0.97533,1.50,1.88
2013.04.09 13:06:38.673,0.97519,0.97536,1.50,4.28
2013.04.09 13:06:38.814,0.97521,0.97536,1.50,2.63
2013.04.09 13:06:38.941,0.97521,0.97539,2.25,1.88
2013.04.09 13:06:39.003,0.97521,0.97538,1.50,1.88
2013.04.09 13:06:39.311,0.97518,0.97536,2.25,1.73
2013.04.09 13:06:39.493,0.97518,0.97534,1.50,1.35
2013.04.09 13:06:40.573,0.97517,0.97533,2.25,1.13
2013.04.09 13:06:41.781,0.97517,0.97533,2.25,1.13
2013.04.09 13:06:44.482,0.97517,0.97534,2.25,1.73
2013.04.09 13:06:47.045,0.97522,0.97538,2.25,1.13
2013.04.09 13:06:47.962,0.97524,0.97538,1.50,1.13
2013.04.09 13:06:48.243,0.97523,0.97539,1.50,1.13
2013.04.09 13:06:48.443,0.97525,0.97541,1.50,1.88
2013.04.09 13:06:48.514,0.97526,0.97541,1.50,1.88
2013.04.09 13:06:48.586,0.97528,0.97544,1.50,1.13
2013.04.09 13:06:48.782,0.97528,0.97546,1.50,1.13
2013.04.09 13:06:49.281,0.97531,0.97546,2.25,1.13
2013.04.09 13:06:51.182,0.97532,0.97548,1.50,1.13
2013.04.09 13:06:51.492,0.97528,0.97547,2.25,1.13
2013.04.09 13:06:51.672,0.97526,0.97544,4.35,1.13
2013.04.09 13:06:52.264,0.97528,0.97544,1.50,1.13
2013.04.09 13:06:56.127,0.9753,0.97544,1.50,1.50
2013.04.09 13:06:56.736,0.9753,0.97545,1.50,1.13
2013.04.09 13:06:59.733,0.97528,0.97544,2.25,1.88
2013.04.09 13:07:01.181,0.97528,0.97546,2.25,1.73
2013.04.09 13:07:02.520,0.97528,0.97546,2.25,1.13
2013.04.09 13:07:02.761,0.97528,0.97546,2.25,1.13
2013.04.09 13:07:04.662,0.97529,0.97548,1.28,1.13
2013.04.09 13:07:05.512,0.97531,0.97548,2.40,1.13
2013.04.09 13:07:06.076,0.97531,0.97548,2.40,2.63
2013.04.09 13:07:06.145,0.97531,0.97547,1.65,1.80
2013.04.09 13:07:06.460,0.97528,0.97543,1.50,1.13
2013.04.09 13:07:06.523,0.97527,0.97543,1.65,1.13
2013.04.09 13:07:06.792,0.97527,0.97542,1.65,3.00
2013.04.09 13:07:08.580,0.97526,0.97542,1.65,3.00
2013.04.09 13:07:08.944,0.97524,0.97538,1.13,2.25
2013.04.09 13:07:09.143,0.97517,0.97534,1.28,1.50
2013.04.09 13:07:09.212,0.97516,0.97533,1.65,3.00
2013.04.09 13:07:09.714,0.97515,0.97533,1.65,3.00
2013.04.09 13:07:10.093,0.97516,0.97532,1.65,1.13
2013.04.09 13:07:10.722,0.97515,0.97532,2.40,1.13
2013.04.09 13:07:16.201,0.97517,0.97533,2.40,2.25
2013.04.09 13:07:16.261,0.97517,0.97534,2.40,1.88
2013.04.09 13:07:16.442,0.97516,0.97534,1.65,1.88
2013.04.09 13:07:17.374,0.97516,0.97534,1.65,1.13
2013.04.09 13:07:18.672,0.97516,0.97534,1.65,2.85
2013.04.09 13:07:22.674,0.97517,0.97531,1.50,2.48
2013.04.09 13:07:23.161,0.97515,0.97531,1.50,2.70
2013.04.09 13:07:23.752,0.97513,0.97528,1.50,1.35
2013.04.09 13:07:23.992,0.97507,0.97527,2.40,2.48
2013.04.09 13:07:24.051,0.97507,0.97525,1.65,1.35
2013.04.09 13:07:24.172,0.97506,0.97525,2.03,2.10
2013.04.09 13:07:24.982,0.97506,0.97525,2.03,2.85
2013.04.09 13:07:26.111,0.97506,0.97523,2.03,2.85
2013.04.09 13:07:26.188,0.97503,0.97521,1.65,2.48
2013.04.09 13:07:26.372,0.97503,0.9752,1.65,1.35
2013.04.09 13:07:26.491,0.97501,0.97519,1.13,1.20
2013.04.09 13:07:26.551,0.97498,0.97518,6.38,1.35
2013.04.09 13:07:27.041,0.975,0.97517,1.50,1.73
2013.04.09 13:07:27.734,0.97499,0.97517,1.50,1.88
2013.04.09 13:07:28.563,0.975,0.97517,2.25,1.88
2013.04.09 13:07:28.621,0.97501,0.97517,1.50,1.88
2013.04.09 13:07:30.154,0.97501,0.97517,1.50,2.63
2013.04.09 13:07:31.093,0.97501,0.97515,1.50,1.13
2013.04.09 13:07:35.310,0.975,0.97515,3.00,1.13
2013.04.09 13:07:35.382,0.975,0.97515,1.50,1.50
2013.04.09 13:07:35.623,0.97497,0.97511,1.50,1.13
2013.04.09 13:07:36.181,0.97497,0.97511,2.25,1.13
2013.04.09 13:07:36.793,0.97497,0.97512,2.25,1.13
2013.04.09 13:07:40.191,0.97498,0.97513,1.50,1.13
2013.04.09 13:07:43.501,0.97498,0.97513,2.25,1.50
2013.04.09 13:07:43.813,0.97503,0.97519,1.50,1.50
2013.04.09 13:07:43.882,0.97503,0.9752,1.50,1.13
2013.04.09 13:07:44.011,0.97504,0.97522,1.50,1.13
2013.04.09 13:07:44.251,0.97505,0.97523,1.50,2.03
2013.04.09 13:07:46.990,0.97506,0.97523,2.25,2.25
2013.04.09 13:07:58.942,0.97506,0.97524,2.25,2.25
2013.04.09 13:08:02.102,0.97506,0.97524,1.50,2.25
2013.04.09 13:08:03.752,0.97506,0.97524,1.50,3.60
2013.04.09 13:08:04.638,0.97506,0.97524,1.50,3.68
2013.04.09 13:08:05.454,0.97492,0.9751,1.65,2.40
2013.04.09 13:08:05.702,0.97487,0.97504,1.50,1.73
2013.04.09 13:08:05.822,0.97484,0.97504,1.88,2.85
2013.04.09 13:08:06.475,0.97484,0.97503,1.13,2.10
2013.04.09 13:08:06.545,0.97484,0.975,1.13,1.73
2013.04.09 13:08:07.194,0.97484,0.97498,1.50,1.35
2013.04.09 13:08:07.383,0.97479,0.97495,1.65,2.18
2013.04.09 13:08:07.453,0.97479,0.97494,1.50,2.25
2013.04.09 13:08:07.514,0.97476,0.97494,1.50,2.25
2013.04.09 13:08:07.701,0.97472,0.9749,2.40,1.50
2013.04.09 13:08:08.700,0.97475,0.9749,1.50,1.50
2013.04.09 13:08:09.082,0.97475,0.97489,1.50,1.13
2013.04.09 13:08:10.991,0.97475,0.97492,1.50,1.50
2013.04.09 13:08:12.491,0.97475,0.9749,1.50,1.28
2013.04.09 13:08:12.612,0.97472,0.9749,2.40,1.28
2013.04.09 13:08:13.130,0.97474,0.9749,1.50,1.28
2013.04.09 13:08:13.461,0.97472,0.9749,2.40,1.28
2013.04.09 13:08:13.521,0.97472,0.9749,2.40,1.28
2013.04.09 13:08:13.961,0.97475,0.97491,1.50,1.28
2013.04.09 13:08:14.203,0.97475,0.97491,1.50,1.28
2013.04.09 13:08:14.392,0.97475,0.97491,1.50,1.28
2013.04.09 13:08:16.871,0.97475,0.97494,1.88,1.88
2013.04.09 13:08:20.212,0.97475,0.97492,1.88,1.13
2013.04.09 13:08:22.823,0.97481,0.97494,1.13,1.13
2013.04.09 13:08:22.953,0.97481,0.97496,2.48,1.13
2013.04.09 13:08:23.023,0.97481,0.97499,3.23,1.13
2013.04.09 13:08:23.153,0.97483,0.97501,1.88,1.88
2013.04.09 13:08:23.281,0.97485,0.97501,1.13,1.13
2013.04.09 13:08:23.462,0.97485,0.97503,2.63,1.13
2013.04.09 13:08:23.582,0.97487,0.97505,1.65,1.13
2013.04.09 13:08:24.062,0.97487,0.97504,1.65,1.88
2013.04.09 13:08:24.132,0.97487,0.97504,2.40,1.88
2013.04.09 13:08:24.251,0.97487,0.97504,2.40,1.88
2013.04.09 13:08:24.611,0.97487,0.97502,1.50,1.35
2013.04.09 13:08:24.672,0.97486,0.97501,1.50,1.28
2013.04.09 13:08:25.041,0.97485,0.97499,1.50,1.13
2013.04.09 13:08:28.512,0.97485,0.97498,1.50,1.13
2013.04.09 13:08:28.703,0.97481,0.97497,1.50,1.13
2013.04.09 13:08:28.772,0.9748,0.97497,1.50,1.88
2013.04.09 13:08:29.503,0.97478,0.97493,1.13,1.58
2013.04.09 13:08:29.577,0.97472,0.97492,2.40,1.88
2013.04.09 13:08:30.132,0.97477,0.97492,1.50,1.88
2013.04.09 13:08:30.254,0.97471,0.9749,1.50,1.20
2013.04.09 13:08:30.563,0.97466,0.9748,1.13,2.63
2013.04.09 13:08:30.632,0.97463,0.97481,1.88,1.13
2013.04.09 13:08:30.702,0.97463,0.97481,2.25,1.13
2013.04.09 13:08:31.062,0.97472,0.97488,2.78,1.50
2013.04.09 13:08:31.183,0.97472,0.97489,2.78,1.50
2013.04.09 13:08:31.372,0.97475,0.97491,1.13,1.13
2013.04.09 13:08:31.672,0.97475,0.97492,1.88,1.13
2013.04.09 13:08:32.362,0.97478,0.97492,1.50,1.13
2013.04.09 13:08:32.961,0.97478,0.97492,1.50,1.88
2013.04.09 13:08:33.802,0.97474,0.97489,2.25,1.50
2013.04.09 13:08:33.921,0.97474,0.97488,1.50,1.88
2013.04.09 13:08:36.867,0.97462,0.97477,1.50,1.50
2013.04.09 13:08:36.991,0.97462,0.97478,1.50,1.88
2013.04.09 13:08:37.186,0.97462,0.97478,2.25,1.88
2013.04.09 13:08:39.487,0.97462,0.97477,2.25,1.13
2013.04.09 13:08:40.011,0.97462,0.97477,2.25,1.13
2013.04.09 13:08:40.603,0.97462,0.97478,2.25,1.88
2013.04.09 13:08:42.252,0.97462,0.97479,2.40,1.50
2013.04.09 13:08:42.803,0.97463,0.97479,1.50,1.50
2013.04.09 13:08:43.374,0.97463,0.97479,1.50,2.63
2013.04.09 13:08:44.083,0.97463,0.97479,1.50,2.63
2013.04.09 13:08:44.272,0.97463,0.97479,1.50,2.63
2013.04.09 13:08:45.331,0.97464,0.9748,1.50,1.50
2013.04.09 13:08:45.713,0.97462,0.97478,1.50,1.88
2013.04.09 13:08:45.901,0.9746,0.97478,2.25,1.88
2013.04.09 13:08:49.132,0.97462,0.97476,1.50,1.13
2013.04.09 13:08:50.042,0.97462,0.97476,1.50,1.13
2013.04.09 13:08:50.282,0.9746,0.97473,1.50,1.13
2013.04.09 13:08:50.813,0.97458,0.97473,1.50,1.13
2013.04.09 13:08:51.395,0.97458,0.97473,1.50,1.13
2013.04.09 13:08:51.870,0.97456,0.97474,1.50,2.85
2013.04.09 13:08:52.391,0.97457,0.97474,1.50,2.85
2013.04.09 13:08:52.895,0.97457,0.97473,2.25,2.10
2013.04.09 13:08:53.325,0.97457,0.97472,1.50,1.13
2013.04.09 13:08:54.104,0.97457,0.97473,2.25,2.03
2013.04.09 13:08:54.913,0.97457,0.97472,1.50,1.13
2013.04.09 13:08:57.490,0.9746,0.97472,1.50,1.13
2013.04.09 13:08:57.564,0.97459,0.97472,1.50,1.13
2013.04.09 13:08:58.062,0.97456,0.97472,1.50,1.13
2013.04.09 13:08:58.575,0.97457,0.97472,1.50,1.13
2013.04.09 13:08:59.433,0.97456,0.97472,1.50,1.13
2013.04.09 13:09:00.223,0.97457,0.97472,1.50,1.13
2013.04.09 13:09:00.362,0.97459,0.97473,2.25,1.43
2013.04.09 13:09:00.663,0.97462,0.97476,1.50,1.88
2013.04.09 13:09:01.572,0.97462,0.97476,2.25,1.13
2013.04.09 13:09:01.632,0.97462,0.97477,1.50,1.35
2013.04.09 13:09:01.753,0.97462,0.97478,1.50,1.88
2013.04.09 13:09:01.813,0.97464,0.97478,1.50,1.88
2013.04.09 13:09:03.352,0.97464,0.97478,1.50,1.13
2013.04.09 13:09:07.592,0.97463,0.97479,1.50,1.13
2013.04.09 13:09:07.713,0.97467,0.97483,1.65,1.50
2013.04.09 13:09:07.843,0.97466,0.97485,1.50,1.13
2013.04.09 13:09:08.353,0.97467,0.97484,2.40,1.50
2013.04.09 13:09:08.496,0.97468,0.97484,1.65,1.50
2013.04.09 13:09:08.644,0.97468,0.97484,1.65,1.50
2013.04.09 13:09:08.715,0.97468,0.9748,1.50,1.50
2013.04.09 13:09:08.908,0.97465,0.9748,1.50,1.50
2013.04.09 13:09:09.134,0.97463,0.97481,1.88,2.48
2013.04.09 13:09:09.322,0.97461,0.97476,2.25,1.35
2013.04.09 13:09:09.561,0.97461,0.97476,1.50,1.35
2013.04.09 13:09:09.771,0.97462,0.97476,1.50,1.35
2013.04.09 13:09:10.072,0.97459,0.97476,1.50,1.35
2013.04.09 13:09:14.683,0.97462,0.97478,1.88,1.50
2013.04.09 13:09:15.306,0.97462,0.9748,2.63,2.85
2013.04.09 13:09:15.713,0.97462,0.9748,2.63,2.10
2013.04.09 13:09:16.462,0.97462,0.97479,1.50,1.50
2013.04.09 13:09:17.092,0.97462,0.97478,2.25,1.13
2013.04.09 13:09:17.653,0.97462,0.97478,1.50,1.13
2013.04.09 13:09:18.202,0.97462,0.97479,1.50,1.13
2013.04.09 13:09:18.262,0.97462,0.97479,1.50,1.13
2013.04.09 13:09:18.575,0.97459,0.97477,1.50,1.13
2013.04.09 13:09:20.032,0.9746,0.97479,1.50,2.63
2013.04.09 13:09:20.151,0.97462,0.97479,1.50,1.13
2013.04.09 13:09:20.331,0.97462,0.97479,1.50,1.13
2013.04.09 13:09:22.726,0.97462,0.97478,1.88,1.50
2013.04.09 13:09:23.500,0.97462,0.97478,2.63,1.50
2013.04.09 13:09:24.113,0.97462,0.97478,2.63,3.60
2013.04.09 13:09:24.641,0.97462,0.97478,2.63,1.50
2013.04.09 13:09:24.890,0.97462,0.97478,1.88,1.50
2013.04.09 13:09:28.121,0.97462,0.97478,2.63,1.50
2013.04.09 13:09:28.675,0.97462,0.9748,3.38,1.50
2013.04.09 13:09:29.062,0.97463,0.9748,1.13,1.50
2013.04.09 13:09:29.371,0.97466,0.9748,3.00,1.50
2013.04.09 13:09:29.985,0.97467,0.9748,1.28,1.50
2013.04.09 13:09:31.632,0.97467,0.97485,2.03,3.00
2013.04.09 13:09:33.101,0.97468,0.97484,1.50,1.13
2013.04.09 13:09:33.221,0.97467,0.97484,1.13,1.13
2013.04.09 13:09:33.683,0.97467,0.97485,2.03,2.10
2013.04.09 13:09:36.751,0.97466,0.97485,1.13,2.55
2013.04.09 13:09:37.104,0.97467,0.97485,1.65,2.10
2013.04.09 13:09:38.319,0.97469,0.97485,1.88,1.43
2013.04.09 13:09:38.398,0.97474,0.9749,1.13,1.43
2013.04.09 13:09:38.487,0.97476,0.97492,1.13,1.35
2013.04.09 13:09:38.554,0.97477,0.97493,1.50,2.25
2013.04.09 13:09:38.626,0.97481,0.97494,2.40,1.50
2013.04.09 13:09:38.873,0.97485,0.97501,1.13,1.50
2013.04.09 13:09:38.944,0.97485,0.97503,1.13,1.50
2013.04.09 13:09:39.072,0.97487,0.97506,1.28,1.65
2013.04.09 13:09:39.732,0.97489,0.97507,1.88,1.13
2013.04.09 13:09:40.125,0.9749,0.97508,1.73,2.25
2013.04.09 13:09:40.193,0.9749,0.97508,2.10,1.50
2013.04.09 13:09:40.514,0.97493,0.97511,2.03,1.13
2013.04.09 13:09:40.644,0.97497,0.97513,1.13,1.50
2013.04.09 13:09:40.962,0.97506,0.97519,1.50,1.50
2013.04.09 13:09:41.023,0.97509,0.97519,1.13,1.50
2013.04.09 13:09:41.153,0.97509,0.97523,1.13,1.50
2013.04.09 13:09:41.226,0.97512,0.97525,1.13,1.65
2013.04.09 13:09:44.481,0.97512,0.97528,2.63,1.95
2013.04.09 13:09:45.011,0.97513,0.97528,1.28,1.50
2013.04.09 13:09:45.662,0.97513,0.97529,2.03,1.50
2013.04.09 13:09:46.181,0.97514,0.97532,1.13,2.25
2013.04.09 13:09:46.241,0.97514,0.97529,1.13,1.13
2013.04.09 13:09:46.481,0.97512,0.97529,1.13,1.88
2013.04.09 13:09:48.228,0.97512,0.97529,1.88,1.88
2013.04.09 13:09:48.305,0.97512,0.97529,1.88,1.88
2013.04.09 13:09:48.933,0.97512,0.97529,2.03,1.50
2013.04.09 13:09:49.002,0.97514,0.97529,1.13,1.50
2013.04.09 13:09:49.313,0.97517,0.97533,2.85,1.50
2013.04.09 13:09:49.621,0.97521,0.97536,1.13,1.65
2013.04.09 13:09:50.662,0.97522,0.97538,1.13,1.13
2013.04.09 13:09:51.474,0.97521,0.97538,1.13,1.13
2013.04.09 13:09:51.655,0.97522,0.97538,1.13,1.13
2013.04.09 13:09:54.285,0.9752,0.97536,1.28,1.65
2013.04.09 13:09:55.031,0.97519,0.97536,2.03,1.65
2013.04.09 13:09:55.362,0.97519,0.97534,1.88,1.13
2013.04.09 13:09:55.561,0.97517,0.97533,1.13,1.73
2013.04.09 13:09:56.147,0.97517,0.97531,1.13,1.13
2013.04.09 13:09:56.214,0.97517,0.97525,1.13,2.48
2013.04.09 13:09:56.283,0.97514,0.97525,2.63,2.48
2013.04.09 13:09:56.532,0.9751,0.97527,1.13,2.48
2013.04.09 13:09:56.593,0.97509,0.97527,1.13,3.23
2013.04.09 13:09:56.782,0.97511,0.97527,1.13,2.48
2013.04.09 13:10:00.324,0.97511,0.97526,1.13,1.13
2013.04.09 13:10:00.962,0.9751,0.97526,1.88,1.13
2013.04.09 13:10:01.874,0.9751,0.97527,1.13,3.23
2013.04.09 13:10:05.033,0.97508,0.97526,2.03,1.13
2013.04.09 13:10:05.963,0.97508,0.97526,2.03,1.13
2013.04.09 13:10:06.093,0.97507,0.97523,1.13,1.73
2013.04.09 13:10:06.673,0.97507,0.97523,1.88,1.73
2013.04.09 13:10:10.061,0.97505,0.97523,1.88,2.48
2013.04.09 13:10:10.674,0.97502,0.97519,1.50,1.13
2013.04.09 13:10:10.923,0.97501,0.97516,1.50,2.25
2013.04.09 13:10:10.992,0.97499,0.97515,2.25,1.13
2013.04.09 13:10:11.172,0.97494,0.97514,1.13,2.63
2013.04.09 13:10:12.131,0.97494,0.97512,1.88,1.13
2013.04.09 13:10:14.088,0.97494,0.97512,1.50,1.13
2013.04.09 13:10:18.892,0.97491,0.97509,1.50,1.28
2013.04.09 13:10:18.952,0.9749,0.97509,1.13,1.50
2013.04.09 13:10:19.012,0.97488,0.97508,1.43,1.50
2013.04.09 13:10:19.962,0.97486,0.97505,1.13,1.50
2013.04.09 13:10:20.931,0.97486,0.97505,1.65,3.38
2013.04.09 13:10:20.992,0.97488,0.97503,1.65,1.13
2013.04.09 13:10:21.111,0.97488,0.97507,2.40,2.03
2013.04.09 13:10:21.355,0.97488,0.97508,1.28,3.00
2013.04.09 13:10:23.889,0.97495,0.97515,1.88,1.28
2013.04.09 13:10:24.392,0.97496,0.97515,1.65,1.28
2013.04.09 13:10:24.693,0.97496,0.97512,1.50,1.50
2013.04.09 13:10:24.762,0.97495,0.97512,1.50,1.50
2013.04.09 13:10:24.881,0.97491,0.97511,1.80,2.70
2013.04.09 13:10:25.061,0.9749,0.97509,1.05,1.13
2013.04.09 13:10:27.122,0.9749,0.97509,1.28,1.88
2013.04.09 13:10:27.242,0.97493,0.97512,2.25,1.58
2013.04.09 13:10:27.372,0.97497,0.97514,1.88,1.50
2013.04.09 13:10:27.433,0.97498,0.97514,1.88,1.50
2013.04.09 13:10:27.502,0.97498,0.97514,1.13,1.50
2013.04.09 13:10:28.202,0.97498,0.97517,1.88,1.88
2013.04.09 13:10:28.703,0.97498,0.97517,1.13,2.63
2013.04.09 13:10:31.791,0.97498,0.97513,1.50,3.00
2013.04.09 13:10:31.912,0.97493,0.97513,1.28,3.75
2013.04.09 13:10:32.102,0.97489,0.97508,1.50,2.25
2013.04.09 13:10:32.161,0.97488,0.97508,2.78,2.25
2013.04.09 13:10:33.512,0.97487,0.97505,1.65,1.88
2013.04.09 13:10:35.723,0.97487,0.97505,1.65,1.88
2013.04.09 13:10:39.502,0.97486,0.97503,1.65,1.13
2013.04.09 13:10:40.212,0.97486,0.97503,1.50,1.95
2013.04.09 13:10:40.332,0.97485,0.97501,1.50,1.13
2013.04.09 13:10:40.692,0.9748,0.97498,1.50,1.13
2013.04.09 13:10:42.921,0.97481,0.97498,1.50,1.88
2013.04.09 13:10:44.822,0.9748,0.97497,2.25,1.13
2013.04.09 13:10:47.343,0.97482,0.97497,1.50,1.13
2013.04.09 13:10:47.412,0.97485,0.97497,2.40,1.13
2013.04.09 13:10:47.533,0.97491,0.97502,1.50,1.50
2013.04.09 13:10:47.661,0.97495,0.97505,1.65,2.25
2013.04.09 13:10:47.722,0.97495,0.97511,1.65,1.13
2013.04.09 13:10:48.466,0.97493,0.97511,1.88,1.13
2013.04.09 13:10:49.879,0.97496,0.97514,1.50,1.88
2013.04.09 13:10:50.181,0.97498,0.97518,1.13,2.78
2013.04.09 13:10:50.802,0.97501,0.97517,1.50,1.28
2013.04.09 13:10:51.211,0.97501,0.97517,2.25,1.28
2013.04.09 13:10:52.775,0.97501,0.97517,1.50,1.28
2013.04.09 13:10:53.321,0.97496,0.97515,2.25,1.28
2013.04.09 13:10:53.382,0.97496,0.97515,2.25,1.28
2013.04.09 13:10:53.592,0.97496,0.97515,2.25,1.28
2013.04.09 13:10:53.910,0.97496,0.97514,2.25,1.13
2013.04.09 13:10:54.974,0.97494,0.97512,1.13,1.13
2013.04.09 13:10:57.911,0.97493,0.97512,2.78,1.88
2013.04.09 13:10:58.031,0.97492,0.9751,3.15,1.13
2013.04.09 13:10:58.271,0.97491,0.9751,1.13,1.13
2013.04.09 13:10:58.451,0.97492,0.9751,1.50,1.13
2013.04.09 13:10:58.751,0.97494,0.97513,1.13,1.88
2013.04.09 13:10:59.952,0.97494,0.97513,1.13,1.13
2013.04.09 13:11:00.271,0.97494,0.97513,1.13,1.13
2013.04.09 13:11:01.021,0.97494,0.97513,1.13,1.13
2013.04.09 13:11:01.511,0.97497,0.97514,1.65,1.28
2013.04.09 13:11:02.061,0.97496,0.97514,1.65,2.03
2013.04.09 13:11:02.362,0.97496,0.97514,2.40,1.28
2013.04.09 13:11:03.241,0.97497,0.97513,1.65,1.73
2013.04.09 13:11:03.301,0.97497,0.97513,1.65,2.48
2013.04.09 13:11:04.752,0.97497,0.97512,1.50,1.50
2013.04.09 13:11:04.871,0.97497,0.97512,1.50,1.50
2013.04.09 13:11:05.052,0.97498,0.97517,2.25,2.55
2013.04.09 13:11:05.521,0.97498,0.97517,2.25,2.55
2013.04.09 13:11:06.101,0.97499,0.9751,1.50,2.10
2013.04.09 13:11:06.162,0.97498,0.97508,1.50,1.35
2013.04.09 13:11:06.283,0.97494,0.97508,1.13,1.35
2013.04.09 13:11:06.353,0.97492,0.97508,1.50,3.30
2013.04.09 13:11:07.106,0.97488,0.97508,2.25,3.30
2013.04.09 13:11:07.293,0.97488,0.97508,2.25,4.05
2013.04.09 13:11:08.261,0.97488,0.97506,3.00,1.13
2013.04.09 13:11:08.981,0.97488,0.97508,3.00,2.70
2013.04.09 13:11:09.528,0.97491,0.97509,1.50,1.88
2013.04.09 13:11:09.831,0.97492,0.97509,1.50,1.88
2013.04.09 13:11:10.232,0.97491,0.97508,1.50,1.73
2013.04.09 13:11:11.172,0.97489,0.97508,1.50,3.30
2013.04.09 13:11:11.352,0.97485,0.975,1.50,1.05
2013.04.09 13:11:11.412,0.97482,0.975,1.50,1.43
2013.04.09 13:11:11.473,0.97481,0.97498,1.50,1.43
2013.04.09 13:11:11.553,0.9748,0.97497,3.00,1.28
2013.04.09 13:11:11.763,0.97479,0.97498,1.50,1.88
2013.04.09 13:11:12.132,0.97483,0.97498,1.50,1.88
2013.04.09 13:11:12.773,0.9748,0.97497,1.50,1.13
2013.04.09 13:11:12.962,0.97479,0.97496,1.50,1.50
2013.04.09 13:11:13.022,0.97479,0.97493,1.50,1.35
2013.04.09 13:11:14.364,0.97472,0.9749,3.30,1.13
2013.04.09 13:11:15.461,0.97475,0.97491,1.50,1.88
2013.04.09 13:11:16.651,0.97473,0.97491,1.50,1.13
2013.04.09 13:11:16.717,0.97473,0.9749,1.50,2.85
2013.04.09 13:11:16.784,0.97471,0.97487,2.25,1.35
2013.04.09 13:11:16.912,0.97471,0.97487,1.50,1.35
2013.04.09 13:11:16.973,0.97471,0.97489,1.65,2.18
2013.04.09 13:11:17.393,0.97473,0.97489,1.50,1.28
2013.04.09 13:11:17.514,0.97471,0.97489,1.65,2.03
2013.04.09 13:11:18.052,0.97471,0.97489,1.65,1.28
2013.04.09 13:11:18.110,0.97473,0.9749,1.50,2.03
2013.04.09 13:11:18.351,0.97471,0.97489,1.65,1.28
2013.04.09 13:11:19.312,0.97473,0.9749,1.50,2.03
2013.04.09 13:11:22.120,0.97472,0.97489,2.40,1.28
2013.04.09 13:11:22.412,0.9747,0.97488,1.28,2.33
2013.04.09 13:11:22.652,0.97467,0.97487,1.65,2.10
2013.04.09 13:11:22.923,0.9747,0.97487,1.65,1.13
2013.04.09 13:11:24.012,0.97471,0.97487,1.65,1.13
2013.04.09 13:11:25.191,0.97468,0.97487,1.50,1.50
2013.04.09 13:11:26.663,0.97466,0.97482,1.65,1.73
2013.04.09 13:11:26.792,0.97466,0.97482,1.65,1.73
2013.04.09 13:11:27.529,0.97464,0.97481,1.13,1.13
2013.04.09 13:11:29.112,0.97467,0.97481,1.65,1.13
2013.04.09 13:11:30.170,0.97467,0.97481,1.50,1.50
2013.04.09 13:11:30.252,0.97462,0.9748,1.65,1.65
2013.04.09 13:11:32.471,0.97465,0.97481,1.50,1.50
2013.04.09 13:11:32.680,0.97469,0.97484,2.70,1.88
2013.04.09 13:11:32.815,0.97472,0.97489,2.10,3.00
2013.04.09 13:11:32.942,0.97472,0.9749,1.50,1.88
2013.04.09 13:11:33.121,0.97472,0.97492,1.50,3.98
2013.04.09 13:11:36.232,0.97476,0.97492,1.50,1.13
2013.04.09 13:11:36.412,0.97478,0.97494,1.13,1.13
2013.04.09 13:11:36.972,0.97478,0.97496,2.63,1.13
2013.04.09 13:11:37.151,0.97478,0.97496,1.50,1.50
2013.04.09 13:11:37.271,0.97478,0.97496,1.50,2.10
2013.04.09 13:11:37.752,0.97478,0.97496,1.50,1.50
2013.04.09 13:11:37.992,0.97476,0.97493,1.65,2.78
2013.04.09 13:11:38.172,0.97474,0.97489,1.50,1.50
2013.04.09 13:11:38.533,0.97474,0.9749,1.50,1.28
2013.04.09 13:11:39.049,0.97474,0.97492,1.50,1.50
2013.04.09 13:11:39.173,0.97473,0.9749,1.50,1.65
2013.04.09 13:11:39.694,0.97471,0.97489,2.25,1.50
2013.04.09 13:11:41.131,0.97476,0.9749,1.50,2.63
2013.04.09 13:11:41.430,0.97476,0.97494,2.25,1.50
2013.04.09 13:11:41.951,0.97476,0.97494,2.63,1.73
2013.04.09 13:11:43.112,0.97476,0.97494,1.50,1.73
2013.04.09 13:11:43.171,0.97476,0.97494,1.88,1.35
2013.04.09 13:11:44.019,0.97479,0.97494,1.65,1.35
2013.04.09 13:11:44.232,0.97476,0.97494,1.50,1.73
2013.04.09 13:11:46.376,0.97476,0.97494,1.50,1.73
2013.04.09 13:11:46.455,0.97482,0.97497,1.13,3.30
2013.04.09 13:11:46.522,0.97486,0.97499,1.50,1.13
2013.04.09 13:11:46.582,0.97486,0.97504,1.88,2.25
2013.04.09 13:11:46.652,0.9749,0.97506,1.50,2.25
2013.04.09 13:11:46.782,0.97492,0.97509,1.65,1.28
2013.04.09 13:11:47.164,0.97492,0.97512,2.63,1.35
2013.04.09 13:11:48.194,0.97493,0.97512,1.50,1.73
2013.04.09 13:11:48.412,0.97493,0.97512,1.50,1.73
2013.04.09 13:11:48.715,0.97492,0.97508,1.50,1.13
2013.04.09 13:11:49.517,0.97492,0.97509,1.50,1.88
2013.04.09 13:11:49.702,0.97492,0.97511,3.00,1.13
2013.04.09 13:11:50.971,0.97492,0.97509,2.25,1.35
2013.04.09 13:11:51.211,0.97492,0.97508,1.50,1.50
2013.04.09 13:11:52.153,0.97492,0.97508,2.25,1.50
2013.04.09 13:11:53.114,0.97492,0.97508,1.50,1.88
2013.04.09 13:12:00.208,0.97484,0.97502,2.25,1.28
2013.04.09 13:12:02.164,0.97484,0.97501,1.50,1.65
2013.04.09 13:12:02.374,0.97482,0.97498,1.65,1.50
2013.04.09 13:12:02.562,0.97482,0.97498,2.78,1.50
2013.04.09 13:12:03.642,0.97482,0.97498,2.40,1.50
2013.04.09 13:12:08.071,0.97482,0.97498,1.50,3.08
2013.04.09 13:12:08.132,0.9748,0.97495,1.50,1.13
2013.04.09 13:12:08.312,0.97478,0.97495,1.88,1.88
2013.04.09 13:12:08.601,0.97479,0.97495,1.50,1.13
2013.04.09 13:12:09.493,0.97481,0.97497,1.50,1.13
2013.04.09 13:12:11.601,0.97481,0.97497,1.50,1.13
2013.04.09 13:12:11.923,0.97478,0.97493,1.50,1.13
2013.04.09 13:12:12.281,0.97469,0.97488,1.50,1.13
2013.04.09 13:12:12.851,0.97477,0.97491,1.50,1.50
2013.04.09 13:12:13.396,0.97477,0.97491,1.50,1.50
2013.04.09 13:12:13.522,0.97476,0.97491,1.50,1.50
2013.04.09 13:12:14.682,0.97472,0.97489,1.50,1.50
2013.04.09 13:12:14.743,0.97472,0.97488,1.50,1.13
2013.04.09 13:12:14.812,0.97471,0.97486,1.50,1.13
2013.04.09 13:12:14.932,0.97468,0.97486,1.50,1.13
2013.04.09 13:12:15.473,0.97466,0.97485,2.48,1.13
2013.04.09 13:12:15.781,0.97467,0.97485,1.65,1.13
2013.04.09 13:12:17.932,0.9747,0.97488,2.25,1.13
2013.04.09 13:12:17.992,0.97471,0.97489,1.50,1.13
2013.04.09 13:12:18.052,0.97471,0.9749,2.25,1.13
2013.04.09 13:12:18.646,0.97473,0.9749,1.65,1.13
2013.04.09 13:12:19.260,0.97474,0.97491,1.50,1.13
2013.04.09 13:12:19.974,0.97475,0.97492,1.88,1.13
2013.04.09 13:12:20.043,0.97476,0.97493,1.50,1.65
2013.04.09 13:12:20.591,0.97477,0.97493,1.50,2.78
2013.04.09 13:12:21.500,0.97476,0.97492,1.50,1.88
2013.04.09 13:12:22.189,0.97476,0.97491,1.50,1.13
2013.04.09 13:12:26.390,0.97472,0.97489,1.88,1.50
2013.04.09 13:12:27.121,0.97472,0.97489,1.50,1.50
2013.04.09 13:12:27.900,0.97472,0.97489,1.50,1.50
2013.04.09 13:12:42.373,0.97473,0.97491,1.50,1.13
2013.04.09 13:12:43.640,0.97472,0.97488,2.25,1.50
2013.04.09 13:12:45.900,0.97472,0.97488,1.50,1.13
2013.04.09 13:12:46.021,0.97469,0.97487,1.50,2.25
2013.04.09 13:12:46.202,0.97466,0.97485,2.40,1.28
2013.04.09 13:12:46.801,0.97466,0.97485,1.65,1.28
2013.04.09 13:12:47.452,0.97466,0.97485,2.40,1.28
2013.04.09 13:12:49.621,0.97468,0.97486,1.13,3.38
2013.04.09 13:12:49.960,0.97468,0.97485,1.73,1.50
2013.04.09 13:12:51.071,0.97468,0.97483,1.73,1.50
2013.04.09 13:12:52.401,0.97468,0.97484,1.50,1.50
2013.04.09 13:12:52.591,0.97467,0.97484,1.50,1.13
2013.04.09 13:12:52.770,0.97464,0.97484,3.00,1.88
2013.04.09 13:12:53.300,0.97464,0.97484,2.25,1.88
2013.04.09 13:12:53.671,0.97464,0.97484,2.25,1.88
2013.04.09 13:12:55.590,0.97464,0.97483,2.25,1.50
2013.04.09 13:12:55.794,0.97464,0.97483,2.25,1.50
2013.04.09 13:12:56.102,0.97468,0.97484,1.05,1.50
2013.04.09 13:12:56.171,0.97466,0.97484,1.65,1.65
2013.04.09 13:12:57.783,0.97465,0.97482,1.50,1.13
2013.04.09 13:12:58.373,0.97466,0.97481,1.50,1.13
2013.04.09 13:12:59.532,0.97466,0.97482,2.25,1.13
2013.04.09 13:13:00.360,0.97466,0.97482,1.50,2.25
2013.04.09 13:13:00.603,0.97459,0.97479,1.50,2.25
2013.04.09 13:13:00.852,0.97456,0.97476,2.25,1.13
2013.04.09 13:13:01.621,0.97456,0.97474,3.00,1.50
2013.04.09 13:13:02.040,0.9746,0.97479,1.13,3.00
2013.04.09 13:13:02.162,0.97466,0.9748,1.13,1.50
2013.04.09 13:13:02.231,0.97466,0.97484,1.88,2.03
2013.04.09 13:13:02.412,0.97467,0.97486,1.13,1.13
2013.04.09 13:13:02.481,0.97469,0.97486,1.28,1.13
2013.04.09 13:13:02.901,0.97472,0.97489,1.88,2.25
2013.04.09 13:13:03.751,0.97472,0.97489,3.75,1.88
2013.04.09 13:13:03.990,0.97472,0.97489,3.75,1.88
2013.04.09 13:13:04.691,0.97472,0.97489,3.00,1.88
2013.04.09 13:13:04.991,0.97472,0.97486,1.50,1.13
2013.04.09 13:13:05.354,0.97466,0.97481,2.25,1.35
2013.04.09 13:13:05.424,0.97463,0.97481,2.33,1.35
2013.04.09 13:13:05.492,0.97463,0.9748,1.50,1.50
2013.04.09 13:13:05.800,0.97457,0.97474,1.50,2.25
2013.04.09 13:13:05.920,0.97456,0.97474,2.63,2.25
2013.04.09 13:13:10.820,0.97459,0.97475,1.50,1.88
2013.04.09 13:13:11.354,0.97461,0.97476,1.50,1.13
2013.04.09 13:13:11.422,0.97462,0.97476,1.50,1.13
2013.04.09 13:13:12.041,0.97462,0.97476,1.50,1.13
2013.04.09 13:13:12.402,0.97462,0.97476,1.50,1.50
2013.04.09 13:13:15.313,0.97464,0.97477,1.50,1.88
2013.04.09 13:13:15.502,0.97464,0.9748,2.10,1.88
2013.04.09 13:13:16.051,0.97466,0.97483,1.65,1.50
2013.04.09 13:13:16.590,0.97467,0.97485,2.25,3.38
2013.04.09 13:13:18.470,0.97467,0.97484,2.63,1.50
2013.04.09 13:13:19.261,0.97466,0.97478,1.50,1.50
2013.04.09 13:13:19.500,0.97466,0.97481,1.50,1.50
2013.04.09 13:13:21.440,0.97466,0.97481,1.50,1.50
2013.04.09 13:13:21.501,0.97466,0.97483,1.50,1.50
2013.04.09 13:13:22.060,0.97471,0.97484,1.50,1.50
2013.04.09 13:13:22.119,0.97471,0.97484,1.50,1.50
2013.04.09 13:13:23.680,0.97471,0.97485,1.50,2.25
2013.04.09 13:13:23.801,0.97471,0.97482,1.50,1.50
2013.04.09 13:13:24.112,0.97466,0.9748,1.50,1.50
2013.04.09 13:13:24.651,0.97463,0.97481,2.25,1.88
2013.04.09 13:13:25.011,0.97463,0.9748,1.50,1.88
2013.04.09 13:13:25.143,0.97459,0.97477,1.95,1.50
2013.04.09 13:13:27.533,0.97459,0.97475,1.88,1.50
2013.04.09 13:13:29.772,0.9746,0.97477,1.73,1.50
2013.04.09 13:13:29.900,0.97461,0.97479,1.58,1.88
2013.04.09 13:13:30.142,0.97462,0.97479,1.43,1.13
2013.04.09 13:13:31.061,0.97464,0.9748,1.50,1.13
2013.04.09 13:13:31.600,0.97465,0.97481,1.50,1.50
2013.04.09 13:13:31.782,0.97464,0.97482,1.58,1.50
2013.04.09 13:13:32.091,0.97466,0.97484,2.33,1.88
2013.04.09 13:13:32.210,0.97467,0.97484,1.50,1.13
2013.04.09 13:13:33.171,0.97469,0.97487,1.50,1.13
2013.04.09 13:13:33.592,0.97471,0.97485,1.50,1.50
2013.04.09 13:13:35.747,0.97471,0.97484,1.35,1.50
2013.04.09 13:13:36.083,0.97473,0.9749,2.18,1.13
2013.04.09 13:13:36.152,0.97473,0.9749,2.18,1.88
2013.04.09 13:13:36.220,0.97473,0.9749,2.18,1.50
2013.04.09 13:13:36.341,0.97474,0.97489,1.50,1.50
2013.04.09 13:13:36.460,0.97475,0.97493,1.50,1.50
2013.04.09 13:13:37.241,0.97475,0.97493,2.25,1.50
2013.04.09 13:13:37.554,0.97474,0.9749,1.50,1.65
2013.04.09 13:13:37.752,0.97473,0.97485,1.50,1.50
2013.04.09 13:13:38.861,0.9747,0.97485,1.50,1.88
2013.04.09 13:13:39.380,0.97469,0.97485,1.65,1.88
2013.04.09 13:13:40.182,0.97469,0.97484,1.50,2.10
2013.04.09 13:13:40.253,0.97467,0.97483,1.50,1.50
2013.04.09 13:13:40.322,0.97463,0.9748,2.25,1.50
2013.04.09 13:13:40.392,0.97463,0.9748,1.50,1.50
2013.04.09 13:13:40.465,0.97462,0.97478,2.25,1.88
2013.04.09 13:13:41.011,0.97463,0.97478,1.50,1.13
2013.04.09 13:13:41.700,0.97464,0.97482,1.50,1.13
2013.04.09 13:13:41.761,0.97464,0.97483,1.50,1.13
2013.04.09 13:13:44.864,0.97467,0.97484,1.50,1.13
2013.04.09 13:13:46.971,0.97467,0.97481,1.50,1.88
2013.04.09 13:13:48.400,0.97467,0.97481,1.50,1.13
2013.04.09 13:13:52.949,0.97467,0.9748,1.50,1.50
2013.04.09 13:13:53.295,0.97463,0.97478,1.50,1.13
2013.04.09 13:13:53.427,0.9746,0.97476,1.50,1.88
2013.04.09 13:13:53.496,0.97459,0.97475,2.25,1.13
2013.04.09 13:13:53.682,0.97456,0.97473,1.88,1.13
2013.04.09 13:13:54.215,0.97456,0.97473,2.48,1.13
2013.04.09 13:13:54.463,0.97457,0.97476,1.65,1.88
2013.04.09 13:13:54.534,0.97459,0.97476,1.35,1.88
2013.04.09 13:13:55.091,0.97462,0.97476,3.00,1.50
2013.04.09 13:13:55.793,0.97462,0.97474,2.25,1.50
2013.04.09 13:13:55.922,0.97462,0.97474,1.50,1.88
2013.04.09 13:13:55.993,0.97461,0.97474,1.50,1.88
2013.04.09 13:13:56.061,0.97461,0.97474,1.50,1.88
2013.04.09 13:13:56.241,0.97456,0.97471,1.65,1.50
2013.04.09 13:13:59.137,0.97458,0.97471,1.50,1.88
2013.04.09 13:14:06.132,0.97458,0.9747,1.50,1.88
2013.04.09 13:14:06.321,0.97453,0.97469,2.63,1.88
2013.04.09 13:14:06.380,0.97453,0.97468,2.63,1.88
2013.04.09 13:14:14.113,0.97454,0.97468,1.50,1.50
2013.04.09 13:14:14.240,0.97454,0.97469,1.50,1.50
2013.04.09 13:14:17.054,0.97458,0.9747,1.50,1.88
2013.04.09 13:14:17.124,0.97458,0.9747,1.50,1.88
2013.04.09 13:14:17.312,0.97459,0.97473,1.50,1.50
2013.04.09 13:14:17.500,0.97459,0.97474,1.50,1.50
2013.04.09 13:14:18.050,0.97461,0.97472,1.50,1.50
2013.04.09 13:14:18.241,0.97461,0.97474,1.50,1.50
2013.04.09 13:14:18.674,0.97463,0.97476,1.50,1.50
2013.04.09 13:14:19.490,0.97463,0.97476,1.50,1.50
2013.04.09 13:14:19.791,0.97463,0.97476,1.50,1.50
2013.04.09 13:14:20.703,0.97463,0.97476,1.50,1.50
2013.04.09 13:14:22.472,0.97454,0.9747,1.50,2.85
2013.04.09 13:14:22.602,0.97453,0.97457,1.50,1.50
2013.04.09 13:14:22.664,0.97447,0.97452,1.50,1.50
2013.04.09 13:14:22.732,0.97448,0.97463,3.75,1.13
2013.04.09 13:14:22.862,0.97446,0.97458,2.25,2.40
2013.04.09 13:14:22.990,0.9744,0.97459,2.25,3.23
2013.04.09 13:14:23.052,0.97432,0.97452,3.83,1.65
2013.04.09 13:14:24.012,0.97432,0.97447,3.00,1.50
2013.04.09 13:14:24.700,0.97435,0.9745,1.50,1.88
2013.04.09 13:14:26.280,0.97438,0.97453,1.50,1.13
2013.04.09 13:14:26.400,0.97441,0.97455,1.58,1.50
2013.04.09 13:14:26.521,0.97442,0.97458,1.58,2.25
2013.04.09 13:14:27.072,0.97442,0.97457,2.25,1.50
2013.04.09 13:14:27.401,0.97443,0.97457,1.50,1.50
2013.04.09 13:14:28.202,0.97442,0.97457,2.25,1.50
2013.04.09 13:14:28.392,0.97442,0.97456,1.50,1.13
2013.04.09 13:14:28.882,0.97437,0.97454,1.50,1.50
2013.04.09 13:14:28.944,0.97435,0.9745,1.50,1.50
2013.04.09 13:14:29.131,0.97431,0.97449,2.40,1.28
2013.04.09 13:14:29.251,0.97431,0.97447,1.65,1.13
2013.04.09 13:14:29.553,0.97432,0.9745,2.25,1.28
2013.04.09 13:14:29.861,0.97436,0.97453,1.50,1.28
2013.04.09 13:14:30.528,0.97436,0.97453,1.88,1.13
2013.04.09 13:14:30.725,0.97438,0.97453,1.65,1.13
2013.04.09 13:14:30.791,0.97438,0.97455,1.65,1.13
2013.04.09 13:14:33.511,0.97438,0.97456,2.25,1.88
2013.04.09 13:14:33.632,0.97441,0.97456,1.73,1.13
2013.04.09 13:14:34.189,0.97441,0.97458,2.25,1.28
2013.04.09 13:14:34.310,0.97441,0.97457,2.25,2.03
2013.04.09 13:14:35.460,0.97438,0.97456,2.25,1.28
2013.04.09 13:14:35.952,0.97438,0.97454,1.50,1.50
2013.04.09 13:14:36.011,0.9744,0.97456,2.25,2.25
2013.04.09 13:14:36.132,0.97441,0.97457,2.25,1.13
2013.04.09 13:14:36.190,0.97441,0.9746,2.25,1.50
2013.04.09 13:14:36.324,0.97441,0.97461,1.50,1.13
2013.04.09 13:14:38.158,0.97446,0.97462,2.25,1.13
2013.04.09 13:14:39.153,0.97447,0.97461,2.25,1.13
2013.04.09 13:14:39.861,0.97447,0.97463,2.25,1.13
2013.04.09 13:14:40.393,0.97447,0.97463,2.40,1.13
2013.04.09 13:14:40.641,0.97447,0.97467,2.40,1.28
2013.04.09 13:14:41.070,0.97447,0.97467,2.40,1.28
2013.04.09 13:14:42.186,0.97447,0.97467,2.25,1.50
2013.04.09 13:14:42.371,0.97447,0.97463,2.25,1.88
2013.04.09 13:14:42.432,0.97447,0.97461,2.25,1.13
2013.04.09 13:14:42.622,0.97447,0.97461,1.50,1.13
2013.04.09 13:14:43.440,0.97447,0.97461,1.50,1.13
2013.04.09 13:14:44.221,0.9745,0.97464,1.65,1.13
2013.04.09 13:14:44.771,0.9745,0.97465,1.50,1.28
2013.04.09 13:14:45.343,0.9745,0.97466,1.50,1.28
2013.04.09 13:14:50.702,0.97448,0.97466,1.50,1.28
2013.04.09 13:14:50.771,0.97447,0.97464,2.63,1.50
2013.04.09 13:14:51.331,0.97447,0.97465,2.25,1.28
2013.04.09 13:14:51.533,0.97448,0.97465,1.50,1.28
2013.04.09 13:14:52.080,0.97448,0.97464,1.50,1.13
2013.04.09 13:14:53.504,0.97448,0.97467,1.50,3.00
2013.04.09 13:14:53.861,0.97448,0.97466,1.50,1.28
2013.04.09 13:14:54.043,0.97447,0.97463,1.50,1.13
2013.04.09 13:14:55.216,0.97447,0.97462,1.50,1.13
2013.04.09 13:14:56.372,0.97447,0.9746,1.50,1.13
2013.04.09 13:14:57.064,0.97445,0.9746,1.50,1.20
2013.04.09 13:14:57.778,0.97444,0.9746,1.50,1.88
2013.04.09 13:14:57.974,0.97437,0.97455,3.75,1.20
2013.04.09 13:14:58.174,0.97436,0.97453,1.50,1.13
2013.04.09 13:14:58.241,0.97436,0.97451,1.50,1.13
2013.04.09 13:15:00.283,0.97437,0.97454,1.50,2.70
2013.04.09 13:15:00.414,0.97438,0.97455,1.50,2.63
2013.04.09 13:15:00.732,0.97441,0.97457,1.50,1.73
2013.04.09 13:15:00.970,0.9744,0.97458,1.50,2.03
2013.04.09 13:15:01.520,0.97442,0.97458,1.50,1.88
2013.04.09 13:15:01.581,0.97442,0.97458,1.50,1.13
2013.04.09 13:15:02.150,0.97443,0.97458,1.50,1.13
2013.04.09 13:15:02.620,0.97444,0.97459,1.50,1.13
2013.04.09 13:15:03.751,0.97444,0.97461,1.50,1.13
2013.04.09 13:15:05.331,0.97444,0.97458,1.50,1.13
2013.04.09 13:15:05.691,0.97442,0.97456,1.50,1.13
2013.04.09 13:15:05.871,0.97439,0.97455,1.50,1.13
2013.04.09 13:15:06.112,0.97436,0.97454,1.50,1.28
2013.04.09 13:15:06.241,0.97436,0.97452,1.50,1.13
2013.04.09 13:15:06.620,0.97437,0.97452,1.50,1.13
2013.04.09 13:15:07.260,0.97437,0.97453,2.25,2.03
2013.04.09 13:15:09.521,0.97437,0.97453,1.50,2.03
2013.04.09 13:15:10.750,0.97437,0.97452,2.25,1.13
2013.04.09 13:15:13.062,0.97437,0.97453,2.25,1.28
2013.04.09 13:15:15.468,0.97437,0.97453,2.25,1.28
2013.04.09 13:15:16.232,0.97437,0.97453,2.25,1.28
2013.04.09 13:15:17.202,0.97437,0.97453,2.25,2.03
2013.04.09 13:15:17.980,0.97437,0.97453,1.50,2.03
2013.04.09 13:15:18.040,0.97437,0.97451,1.50,1.13
2013.04.09 13:15:18.511,0.97434,0.97449,1.50,1.88
2013.04.09 13:15:18.751,0.97434,0.97448,1.50,1.73
2013.04.09 13:15:18.991,0.97429,0.97446,2.25,1.13
2013.04.09 13:15:19.111,0.97428,0.97446,1.50,1.50
2013.04.09 13:15:19.412,0.97431,0.97444,1.50,1.28
2013.04.09 13:15:19.651,0.97426,0.97444,1.65,1.28
2013.04.09 13:15:20.210,0.97427,0.97443,1.65,1.28
2013.04.09 13:15:21.051,0.97426,0.97443,1.50,1.28
2013.04.09 13:15:21.115,0.97426,0.97441,1.50,1.13
2013.04.09 13:15:21.374,0.9742,0.97438,1.50,1.50
2013.04.09 13:15:21.503,0.97418,0.97438,1.88,1.50
2013.04.09 13:15:21.631,0.97418,0.97433,1.50,1.88
2013.04.09 13:15:22.182,0.97416,0.97433,1.65,1.88
2013.04.09 13:15:22.582,0.97416,0.97433,1.65,1.88
2013.04.09 13:15:25.180,0.97416,0.97431,1.65,1.13
2013.04.09 13:15:25.310,0.97415,0.97429,1.50,1.50
2013.04.09 13:15:25.753,0.97416,0.97429,1.50,1.50
2013.04.09 13:15:26.082,0.97416,0.97429,1.50,1.50
2013.04.09 13:15:26.631,0.97414,0.9743,1.13,1.13
2013.04.09 13:15:27.041,0.97414,0.97431,1.13,1.13
2013.04.09 13:15:27.160,0.97414,0.97432,1.13,1.73
2013.04.09 13:15:27.461,0.97413,0.97425,3.00,1.28
2013.04.09 13:15:27.641,0.97412,0.97428,1.13,1.88
2013.04.09 13:15:28.002,0.97414,0.97429,1.50,1.13
2013.04.09 13:15:28.121,0.97414,0.97428,1.50,1.50
2013.04.09 13:15:28.481,0.97414,0.97419,2.25,1.35
2013.04.09 13:15:28.723,0.97405,0.97418,1.50,1.35
2013.04.09 13:15:28.790,0.974,0.97418,2.25,1.73
2013.04.09 13:15:28.851,0.974,0.97415,1.50,1.50
2013.04.09 13:15:30.140,0.974,0.97414,1.50,1.13
2013.04.09 13:15:31.672,0.97397,0.97415,1.13,1.88
2013.04.09 13:15:33.085,0.97398,0.97415,1.50,1.13
2013.04.09 13:15:34.501,0.97396,0.97413,1.50,1.13
2013.04.09 13:15:34.682,0.97396,0.97414,2.25,2.63
2013.04.09 13:15:35.221,0.97398,0.97415,2.63,1.50
2013.04.09 13:15:35.341,0.97398,0.97414,1.50,1.13
2013.04.09 13:15:35.461,0.97398,0.97414,1.50,1.13
2013.04.09 13:15:37.213,0.97399,0.97417,2.33,1.50
2013.04.09 13:15:37.807,0.97402,0.97417,1.50,1.50
2013.04.09 13:15:38.161,0.97402,0.97417,1.50,1.50
2013.04.09 13:15:38.223,0.97405,0.97418,1.50,1.13
2013.04.09 13:15:38.770,0.97406,0.97419,1.50,1.50
2013.04.09 13:15:39.191,0.97406,0.97417,2.25,1.50
2013.04.09 13:15:39.610,0.97406,0.97419,1.50,1.13
2013.04.09 13:15:40.260,0.97406,0.97417,2.25,1.50
2013.04.09 13:15:40.802,0.97406,0.97419,2.25,1.13
2013.04.09 13:15:42.171,0.97406,0.97421,2.25,1.50
2013.04.09 13:15:42.751,0.97406,0.97421,2.25,1.50
2013.04.09 13:15:43.380,0.97408,0.9742,1.50,1.50
2013.04.09 13:15:43.501,0.97408,0.9742,1.50,1.50
2013.04.09 13:15:44.302,0.97408,0.9742,2.25,1.50
2013.04.09 13:15:44.950,0.97408,0.97423,2.25,1.88
2013.04.09 13:15:45.252,0.97408,0.97419,1.50,1.50
2013.04.09 13:15:45.790,0.97408,0.97423,1.50,1.13
2013.04.09 13:15:46.090,0.97408,0.97424,1.50,2.63
2013.04.09 13:15:46.392,0.97411,0.97427,1.50,1.50
2013.04.09 13:15:46.451,0.97413,0.97428,1.50,1.13
2013.04.09 13:15:46.959,0.97415,0.9743,1.50,1.50
2013.04.09 13:15:47.940,0.97415,0.97429,1.50,1.50
2013.04.09 13:15:48.145,0.97414,0.97428,1.50,1.13
2013.04.09 13:15:48.461,0.97415,0.97424,1.50,1.50
2013.04.09 13:15:48.640,0.97416,0.9743,1.50,1.50
2013.04.09 13:15:49.372,0.97415,0.97432,2.25,1.50
2013.04.09 13:15:49.440,0.97415,0.97432,2.25,1.50
2013.04.09 13:15:49.800,0.97417,0.97426,1.50,1.50
2013.04.09 13:15:55.210,0.97417,0.97428,1.50,1.50
2013.04.09 13:15:55.271,0.97417,0.9743,1.50,1.50
2013.04.09 13:15:55.426,0.97416,0.97428,2.25,1.50
2013.04.09 13:15:55.961,0.97417,0.97426,1.50,1.50
2013.04.09 13:15:56.330,0.97415,0.97431,2.63,1.50
2013.04.09 13:15:56.851,0.97418,0.97431,1.88,1.50
2013.04.09 13:15:57.151,0.9742,0.97431,1.50,1.50
2013.04.09 13:16:06.081,0.9742,0.97436,1.50,1.50
2013.04.09 13:16:09.731,0.97422,0.97436,1.50,1.50
2013.04.09 13:16:10.362,0.97426,0.97436,1.50,1.50
2013.04.09 13:16:11.052,0.97425,0.97436,2.25,1.50
2013.04.09 13:16:11.603,0.97425,0.97436,1.50,1.50
2013.04.09 13:16:12.219,0.97425,0.97436,2.25,1.50
2013.04.09 13:16:14.551,0.97426,0.97439,1.50,1.50
2013.04.09 13:16:14.611,0.97426,0.9744,1.50,1.50
2013.04.09 13:16:14.672,0.97426,0.97439,1.50,1.50
2013.04.09 13:16:15.210,0.97427,0.97436,1.50,1.50
2013.04.09 13:16:16.612,0.97427,0.97436,2.63,1.50
2013.04.09 13:16:16.793,0.97427,0.97442,2.63,1.50
2013.04.09 13:16:19.551,0.97427,0.97442,2.25,1.65
2013.04.09 13:16:19.672,0.97428,0.97442,1.65,1.88
2013.04.09 13:16:19.730,0.97428,0.97442,1.65,1.88
2013.04.09 13:16:19.911,0.97427,0.97443,1.50,1.28
2013.04.09 13:16:21.991,0.97428,0.97443,1.65,1.13
2013.04.09 13:16:22.171,0.97427,0.97443,3.00,1.13
2013.04.09 13:16:22.304,0.97427,0.97441,1.50,1.13
2013.04.09 13:16:23.341,0.97424,0.97441,3.00,1.13
2013.04.09 13:16:23.892,0.97424,0.97439,1.50,1.28
2013.04.09 13:16:25.652,0.97422,0.97439,2.25,2.78
2013.04.09 13:16:27.851,0.97422,0.97438,1.50,1.88
2013.04.09 13:16:27.911,0.97421,0.97438,1.50,1.88
2013.04.09 13:16:28.712,0.97421,0.97438,2.40,1.13
2013.04.09 13:16:28.781,0.97424,0.97442,1.50,1.88
2013.04.09 13:16:31.221,0.97424,0.97436,1.50,1.13
2013.04.09 13:16:31.401,0.97419,0.97436,1.13,3.23
2013.04.09 13:16:31.461,0.97417,0.97433,1.13,1.13
2013.04.09 13:16:31.522,0.97413,0.97433,1.50,1.88
2013.04.09 13:16:31.582,0.97413,0.97431,1.50,1.13
2013.04.09 13:16:32.000,0.97415,0.97432,1.50,1.13
2013.04.09 13:16:32.502,0.97417,0.97432,1.50,1.13
2013.04.09 13:16:36.061,0.97417,0.97433,2.25,1.28
2013.04.09 13:16:36.863,0.97414,0.97428,1.50,1.13
2013.04.09 13:16:36.947,0.97399,0.97417,1.50,1.13
2013.04.09 13:16:37.493,0.974,0.97417,1.50,1.13
2013.04.09 13:16:38.041,0.97401,0.97417,1.50,1.13
2013.04.09 13:16:38.712,0.974,0.97416,1.50,1.13
2013.04.09 13:16:39.792,0.97402,0.97418,1.50,2.03
2013.04.09 13:16:44.241,0.97398,0.97418,3.00,1.28
2013.04.09 13:16:44.350,0.97398,0.97418,3.00,1.28
2013.04.09 13:16:46.691,0.97398,0.97417,1.65,1.28
2013.04.09 13:16:47.731,0.97398,0.97414,1.65,1.13
2013.04.09 13:16:48.150,0.97396,0.97416,2.63,2.63
2013.04.09 13:16:50.941,0.97396,0.97414,2.63,1.13
2013.04.09 13:16:52.102,0.97396,0.97414,1.65,1.28
2013.04.09 13:16:54.482,0.97396,0.97414,1.65,1.28
2013.04.09 13:16:55.110,0.97396,0.97413,1.65,1.13
2013.04.09 13:16:56.562,0.97396,0.97412,1.65,1.73
2013.04.09 13:16:56.862,0.9739,0.97403,2.63,1.13
2013.04.09 13:16:56.981,0.97385,0.97403,2.25,1.13
2013.04.09 13:16:57.040,0.97385,0.97403,1.50,1.13
2013.04.09 13:16:57.791,0.97385,0.97403,2.25,1.13
2013.04.09 13:16:59.971,0.97385,0.97403,2.25,1.73
2013.04.09 13:17:00.293,0.97379,0.97399,1.65,2.03
2013.04.09 13:17:00.552,0.97383,0.97399,1.13,1.88
2013.04.09 13:17:00.851,0.97385,0.97403,2.40,1.28
2013.04.09 13:17:01.272,0.97387,0.97405,1.50,1.50
2013.04.09 13:17:01.332,0.97387,0.97405,1.65,1.13
2013.04.09 13:17:01.911,0.97387,0.97405,2.40,1.13
2013.04.09 13:17:02.754,0.97387,0.97404,1.65,2.63
2013.04.09 13:17:03.296,0.97385,0.97404,1.88,2.63
2013.04.09 13:17:03.662,0.97385,0.974,1.50,1.13
2013.04.09 13:17:03.842,0.9738,0.97397,1.50,1.35
2013.04.09 13:17:04.031,0.97379,0.97397,1.50,2.10
2013.04.09 13:17:04.560,0.97379,0.97397,1.50,1.50
2013.04.09 13:17:04.830,0.97379,0.97397,1.50,1.50
2013.04.09 13:17:06.542,0.97378,0.97397,1.65,1.73
2013.04.09 13:17:06.991,0.97376,0.97394,2.03,1.28
2013.04.09 13:17:07.175,0.97375,0.97392,2.25,1.50
2013.04.09 13:17:07.363,0.97372,0.9739,1.65,2.03
2013.04.09 13:17:07.432,0.9737,0.97389,1.13,1.28
2013.04.09 13:17:07.614,0.97368,0.97385,1.50,2.03
2013.04.09 13:17:07.683,0.97367,0.97385,1.65,2.03
2013.04.09 13:17:08.192,0.97367,0.97385,3.00,1.28
2013.04.09 13:17:08.473,0.97367,0.97385,3.00,1.28
2013.04.09 13:17:09.012,0.97367,0.97385,3.75,1.28
2013.04.09 13:17:09.373,0.97373,0.97389,1.13,1.50
2013.04.09 13:17:09.451,0.97373,0.97391,1.13,1.88
2013.04.09 13:17:09.516,0.97374,0.97394,1.13,1.88
2013.04.09 13:17:09.643,0.97374,0.97394,1.88,1.88
2013.04.09 13:17:09.833,0.97374,0.97394,1.88,3.38
2013.04.09 13:17:09.901,0.97374,0.97392,1.50,1.13
2013.04.09 13:17:10.082,0.97373,0.97392,1.28,1.13
2013.04.09 13:17:10.360,0.97372,0.97389,1.65,1.28
2013.04.09 13:17:11.091,0.9737,0.97389,2.25,2.93
2013.04.09 13:17:11.151,0.9737,0.97386,1.50,1.80
2013.04.09 13:17:11.211,0.97368,0.97384,1.50,1.35
2013.04.09 13:17:11.634,0.97367,0.97384,1.13,1.50
2013.04.09 13:17:12.061,0.97367,0.97384,1.50,1.13
2013.04.09 13:17:13.673,0.97367,0.97383,1.50,1.88
2013.04.09 13:17:14.253,0.97367,0.97385,1.50,1.13
2013.04.09 13:17:15.043,0.97367,0.97385,1.50,1.73
2013.04.09 13:17:15.291,0.97367,0.97385,1.50,1.73
2013.04.09 13:17:15.831,0.97367,0.97385,1.50,1.73
2013.04.09 13:17:17.023,0.9737,0.97386,1.65,1.50
2013.04.09 13:17:17.212,0.9737,0.97388,3.75,1.50
2013.04.09 13:17:17.392,0.97371,0.97392,2.03,1.13
2013.04.09 13:17:17.711,0.97373,0.97392,1.50,1.13
2013.04.09 13:17:18.232,0.97376,0.97392,1.50,1.13
2013.04.09 13:17:18.552,0.97371,0.97389,2.40,1.88
2013.04.09 13:17:18.673,0.97371,0.97389,1.65,1.88
2013.04.09 13:17:18.860,0.97371,0.97389,2.40,1.88
2013.04.09 13:17:19.962,0.97371,0.97389,3.00,1.88
2013.04.09 13:17:20.270,0.97374,0.97389,1.50,1.13
2013.04.09 13:17:20.773,0.97376,0.97389,1.50,1.13
2013.04.09 13:17:21.571,0.97376,0.97391,1.50,1.88
2013.04.09 13:17:22.124,0.97379,0.97391,1.13,1.13
2013.04.09 13:17:22.251,0.97379,0.97394,1.88,1.13
2013.04.09 13:17:22.792,0.9738,0.97395,1.65,1.13
2013.04.09 13:17:23.242,0.97382,0.97395,1.50,1.13
2013.04.09 13:17:23.321,0.97382,0.97398,1.50,1.13
2013.04.09 13:17:23.561,0.97383,0.97399,2.40,1.88
2013.04.09 13:17:23.682,0.97388,0.97402,1.35,1.13
2013.04.09 13:17:23.742,0.97391,0.97403,1.13,1.13
2013.04.09 13:17:23.861,0.97391,0.97406,1.13,1.13
2013.04.09 13:17:24.160,0.97391,0.97409,1.13,1.88
2013.04.09 13:17:25.861,0.97393,0.97409,2.40,1.13
2013.04.09 13:17:25.981,0.97393,0.97411,2.40,1.88
2013.04.09 13:17:26.102,0.97397,0.97411,1.13,1.88
2013.04.09 13:17:26.461,0.97398,0.97413,1.28,1.88
2013.04.09 13:17:26.822,0.97396,0.97413,1.13,1.88
2013.04.09 13:17:26.881,0.97396,0.97413,1.50,3.38
2013.04.09 13:17:27.240,0.97394,0.97413,1.50,4.13
2013.04.09 13:17:27.301,0.97392,0.97409,2.40,1.50
2013.04.09 13:17:27.662,0.9739,0.97407,1.65,1.13
2013.04.09 13:17:28.451,0.97391,0.97409,1.65,2.25
2013.04.09 13:17:29.421,0.97392,0.97409,2.40,1.50
2013.04.09 13:17:29.497,0.97394,0.97409,1.13,1.13
2013.04.09 13:17:30.190,0.97394,0.97409,1.13,1.13
2013.04.09 13:17:30.924,0.97395,0.9741,1.65,1.13
2013.04.09 13:17:31.474,0.97394,0.97408,1.13,1.13
2013.04.09 13:17:34.395,0.97392,0.97409,2.55,1.50
2013.04.09 13:17:34.524,0.97392,0.97407,2.40,1.13
2013.04.09 13:17:35.050,0.97391,0.97407,1.65,1.13
2013.04.09 13:17:35.921,0.97389,0.97406,1.88,1.13
2013.04.09 13:17:36.943,0.97391,0.97407,1.65,1.13
2013.04.09 13:17:37.809,0.97389,0.97406,1.88,1.13
2013.04.09 13:17:38.821,0.97392,0.97406,1.65,1.13
2013.04.09 13:17:39.064,0.97393,0.97409,2.03,1.88
2013.04.09 13:17:56.974,0.97394,0.9741,1.13,1.13
2013.04.09 13:17:57.611,0.97395,0.9741,1.65,1.13
2013.04.09 13:17:57.791,0.97396,0.9741,1.65,1.13
2013.04.09 13:17:58.571,0.97398,0.97414,1.50,1.13
2013.04.09 13:17:59.411,0.97397,0.97413,2.40,2.25
2013.04.09 13:17:59.771,0.97396,0.97411,1.65,2.25
2013.04.09 13:17:59.950,0.97396,0.97412,1.65,1.13
2013.04.09 13:18:00.432,0.97395,0.97412,1.65,1.13
2013.04.09 13:18:00.994,0.97394,0.9741,1.13,1.13
2013.04.09 13:18:06.973,0.97394,0.97408,1.13,1.13
2013.04.09 13:18:07.104,0.97393,0.97409,1.50,1.13
2013.04.09 13:18:07.353,0.97393,0.97409,1.50,1.13
2013.04.09 13:18:07.912,0.97395,0.9741,1.50,1.13
2013.04.09 13:18:10.203,0.97396,0.97411,1.50,1.13
2013.04.09 13:18:10.391,0.97397,0.97414,1.50,1.13
2013.04.09 13:18:10.632,0.97401,0.97415,1.50,1.13
2013.04.09 13:18:10.692,0.97401,0.97418,1.50,1.13
2013.04.09 13:18:10.756,0.97401,0.97419,1.65,2.25
2013.04.09 13:18:11.761,0.97402,0.97421,3.83,1.13
2013.04.09 13:18:12.062,0.97404,0.9742,1.50,1.13
2013.04.09 13:18:12.372,0.97404,0.97419,1.88,1.13
2013.04.09 13:18:12.802,0.97402,0.9742,1.65,1.28
2013.04.09 13:18:13.772,0.97404,0.9742,1.50,1.28
2013.04.09 13:18:13.962,0.97402,0.97419,1.65,1.28
2013.04.09 13:18:16.052,0.97401,0.97418,2.40,1.65
2013.04.09 13:18:16.173,0.97401,0.97418,1.65,1.65
2013.04.09 13:18:16.333,0.97401,0.97419,2.40,1.65
2013.04.09 13:18:20.890,0.97401,0.97418,2.25,1.13
2013.04.09 13:18:21.761,0.974,0.97417,1.50,2.18
2013.04.09 13:18:21.882,0.97397,0.97412,1.65,1.73
2013.04.09 13:18:22.071,0.97393,0.97411,1.50,1.50
2013.04.09 13:18:22.251,0.97393,0.9741,1.13,1.13
2013.04.09 13:18:22.431,0.97392,0.9741,1.88,1.13
2013.04.09 13:18:29.872,0.97392,0.97409,1.88,2.48
2013.04.09 13:18:30.421,0.97392,0.97409,1.13,1.50
2013.04.09 13:18:30.724,0.97386,0.97404,2.40,1.13
2013.04.09 13:18:31.031,0.97387,0.97404,1.50,1.13
2013.04.09 13:18:31.271,0.97387,0.97406,1.50,2.63
2013.04.09 13:18:31.331,0.97389,0.97406,1.43,1.50
2013.04.09 13:18:31.451,0.9739,0.97409,1.50,5.03
2013.04.09 13:18:31.511,0.9739,0.97409,2.25,2.78
2013.04.09 13:18:32.091,0.9739,0.97409,1.50,3.53
2013.04.09 13:18:32.271,0.97387,0.97406,3.00,1.13
2013.04.09 13:18:32.593,0.97387,0.97404,1.50,1.73
2013.04.09 13:18:33.204,0.97387,0.97404,2.25,1.73
2013.04.09 13:18:33.877,0.97387,0.97403,1.50,1.35
2013.04.09 13:18:34.912,0.97386,0.97403,1.50,2.48
2013.04.09 13:18:35.460,0.97384,0.97403,1.50,3.60
2013.04.09 13:18:37.975,0.97389,0.97405,1.13,1.28
2013.04.09 13:18:38.042,0.97389,0.97406,1.13,1.88
2013.04.09 13:18:38.103,0.97391,0.97408,2.40,1.88
2013.04.09 13:18:38.174,0.97392,0.97409,1.13,1.88
2013.04.09 13:18:40.101,0.97394,0.97412,2.63,1.13
2013.04.09 13:18:40.161,0.97394,0.97412,2.25,1.28
2013.04.09 13:18:41.472,0.97394,0.9741,2.25,1.28
2013.04.09 13:18:43.051,0.97394,0.97408,1.50,1.88
2013.04.09 13:18:48.153,0.97394,0.97408,2.25,1.13
2013.04.09 13:18:48.462,0.97403,0.97417,1.20,1.13
2013.04.09 13:18:48.532,0.97404,0.97418,1.65,1.13
2013.04.09 13:18:48.602,0.97404,0.9742,1.35,1.13
2013.04.09 13:18:48.793,0.97406,0.97422,2.85,1.13
2013.04.09 13:18:48.864,0.97406,0.97423,2.93,1.13
2013.04.09 13:18:50.081,0.97409,0.97423,1.50,1.13
2013.04.09 13:18:51.930,0.97407,0.97425,1.50,1.13
2013.04.09 13:18:52.112,0.97405,0.97424,2.25,1.73
2013.04.09 13:18:52.615,0.97407,0.97424,1.50,2.85
2013.04.09 13:18:52.872,0.974,0.9742,2.03,1.35
2013.04.09 13:18:52.942,0.97399,0.97418,1.65,1.13
2013.04.09 13:18:54.040,0.97398,0.97418,2.25,2.63
2013.04.09 13:18:55.835,0.97409,0.97418,1.13,1.50
2013.04.09 13:18:55.918,0.97409,0.97425,1.50,1.28
2013.04.09 13:18:56.443,0.97407,0.97425,1.50,1.28
2013.04.09 13:18:58.962,0.97407,0.97425,1.50,1.50
2013.04.09 13:19:13.048,0.97412,0.97431,1.65,1.13
2013.04.09 13:19:13.692,0.97413,0.97431,2.40,1.13
2013.04.09 13:19:13.752,0.97414,0.97433,1.50,2.03
2013.04.09 13:19:14.692,0.97416,0.97433,1.50,1.28
2013.04.09 13:19:18.083,0.97414,0.97433,1.50,2.18
2013.04.09 13:19:18.272,0.97412,0.9743,1.50,1.50
2013.04.09 13:19:18.593,0.97411,0.97427,1.13,1.13
2013.04.09 13:19:18.663,0.97413,0.97431,1.65,1.88
2013.04.09 13:19:18.853,0.97416,0.97434,2.25,2.03
2013.04.09 13:19:19.533,0.97416,0.97434,3.00,1.28
2013.04.09 13:19:24.270,0.97416,0.97434,3.98,1.13
2013.04.09 13:19:24.574,0.97419,0.97436,1.65,1.13
2013.04.09 13:19:25.172,0.97421,0.97436,1.50,1.13
2013.04.09 13:19:25.683,0.97421,0.97437,1.50,2.03
2013.04.09 13:19:26.668,0.97421,0.97437,1.50,1.28
2013.04.09 13:19:36.140,0.97422,0.9744,2.25,1.50
2013.04.09 13:19:36.261,0.97425,0.9744,2.25,1.13
2013.04.09 13:19:36.443,0.97425,0.97445,1.88,1.05
2013.04.09 13:19:37.002,0.97429,0.97445,1.50,1.65
2013.04.09 13:19:42.173,0.97428,0.97446,1.50,1.88
2013.04.09 13:19:42.600,0.97425,0.97445,2.63,1.65
2013.04.09 13:19:43.122,0.97425,0.97444,1.50,2.18
2013.04.09 13:19:43.392,0.97427,0.97443,1.50,1.13
2013.04.09 13:19:43.463,0.97427,0.97444,2.25,1.50
2013.04.09 13:19:43.660,0.97429,0.97447,1.50,1.50
2013.04.09 13:19:43.841,0.97427,0.97447,2.63,1.50
2013.04.09 13:19:44.141,0.97427,0.97444,1.65,1.35
2013.04.09 13:19:44.442,0.97425,0.97442,1.50,2.25
2013.04.09 13:19:44.712,0.97422,0.97442,1.88,2.25
2013.04.09 13:19:46.634,0.97422,0.97439,1.50,1.13
2013.04.09 13:19:47.451,0.97423,0.97439,1.73,1.13
2013.04.09 13:19:48.258,0.97423,0.97442,2.10,1.88
2013.04.09 13:19:48.331,0.97426,0.97441,1.50,1.13
2013.04.09 13:19:50.554,0.97426,0.97443,1.50,1.28
2013.04.09 13:19:50.761,0.97426,0.97442,1.50,1.88
2013.04.09 13:19:51.001,0.97426,0.97443,1.50,1.13
2013.04.09 13:19:51.563,0.97426,0.97444,2.25,2.63
2013.04.09 13:19:51.753,0.97427,0.97444,1.35,2.63
2013.04.09 13:19:52.181,0.97426,0.97447,3.75,1.95
2013.04.09 13:19:52.241,0.97426,0.97446,4.50,1.13
2013.04.09 13:19:52.301,0.97426,0.97446,1.50,1.88
2013.04.09 13:19:56.935,0.97426,0.97445,3.38,1.13
2013.04.09 13:19:57.554,0.97426,0.97444,1.88,1.50
2013.04.09 13:19:58.452,0.97426,0.97444,1.50,2.85
2013.04.09 13:20:02.121,0.97422,0.97442,2.78,1.50
2013.04.09 13:20:02.182,0.97422,0.97442,2.03,1.50
2013.04.09 13:20:03.890,0.97421,0.9744,1.65,2.40
2013.04.09 13:20:04.776,0.9742,0.97437,1.50,1.13
2013.04.09 13:20:05.633,0.9742,0.97437,1.50,1.88
2013.04.09 13:20:10.341,0.97417,0.97433,1.65,2.03
2013.04.09 13:20:11.192,0.97417,0.9743,1.65,1.13
2013.04.09 13:20:11.311,0.97414,0.97429,1.50,1.28
2013.04.09 13:20:11.553,0.97412,0.97427,1.13,1.13
2013.04.09 13:20:12.127,0.97408,0.97427,1.13,1.13
2013.04.09 13:20:12.192,0.97407,0.97427,1.50,1.50
2013.04.09 13:20:12.502,0.97403,0.97423,1.65,1.28
2013.04.09 13:20:13.913,0.97406,0.97423,1.50,1.28
2013.04.09 13:20:16.400,0.97407,0.97423,1.50,1.28
2013.04.09 13:20:16.911,0.97407,0.97423,1.50,1.28
2013.04.09 13:20:17.413,0.97405,0.97423,1.50,1.28
2013.04.09 13:20:17.721,0.97406,0.97421,1.50,1.13
2013.04.09 13:20:18.301,0.97403,0.97421,3.00,1.13
2013.04.09 13:20:19.142,0.97406,0.97422,1.50,1.28
2013.04.09 13:20:19.321,0.97414,0.97423,1.50,1.13
2013.04.09 13:20:19.621,0.97417,0.97432,1.50,1.13
2013.04.09 13:20:19.692,0.97417,0.97433,1.50,1.88
2013.04.09 13:20:21.114,0.97419,0.97435,3.00,1.13
2013.04.09 13:20:21.433,0.97422,0.97438,2.25,1.28
2013.04.09 13:20:21.862,0.97417,0.97436,2.25,2.03
2013.04.09 13:20:21.924,0.97417,0.97435,1.50,1.13
2013.04.09 13:20:22.291,0.97415,0.97434,1.50,1.65
2013.04.09 13:20:23.323,0.97415,0.97435,2.25,2.40
2013.04.09 13:20:23.404,0.97419,0.97437,1.50,1.65
2013.04.09 13:20:30.108,0.9742,0.97437,1.73,1.88
2013.04.09 13:20:32.682,0.97419,0.97436,1.73,1.13
2013.04.09 13:20:45.841,0.97419,0.97437,1.88,1.13
2013.04.09 13:20:47.708,0.97419,0.97438,2.03,2.03
2013.04.09 13:20:50.472,0.97419,0.97438,2.25,2.03
2013.04.09 13:20:50.532,0.97426,0.97438,1.35,1.28
2013.04.09 13:20:50.712,0.97426,0.97439,3.38,1.50
2013.04.09 13:20:50.771,0.97426,0.97443,3.38,1.65
2013.04.09 13:20:50.831,0.97429,0.97443,1.50,1.65
2013.04.09 13:20:51.133,0.9743,0.97449,1.50,2.03
2013.04.09 13:20:51.321,0.9743,0.97449,1.50,2.03
2013.04.09 13:20:51.622,0.97428,0.97447,1.50,1.50
2013.04.09 13:20:52.321,0.97428,0.97445,1.50,1.28
2013.04.09 13:20:58.262,0.97426,0.97445,2.63,1.28
2013.04.09 13:20:58.562,0.97422,0.97443,1.88,2.78
2013.04.09 13:20:58.695,0.97419,0.97438,2.03,1.88
2013.04.09 13:20:59.001,0.97417,0.97437,3.00,1.50
2013.04.09 13:20:59.866,0.9742,0.97437,1.50,1.50
2013.04.09 13:20:59.992,0.9742,0.97437,1.65,1.13
2013.04.09 13:21:00.172,0.9742,0.97435,1.65,1.13
2013.04.09 13:21:01.936,0.97418,0.97436,3.60,1.13
2013.04.09 13:21:02.361,0.9742,0.97436,2.25,1.88
2013.04.09 13:21:02.421,0.97422,0.97436,1.50,1.13
2013.04.09 13:21:02.481,0.97422,0.97438,1.50,1.88
2013.04.09 13:21:02.672,0.97422,0.9744,2.25,1.88
2013.04.09 13:21:02.792,0.97422,0.97438,3.00,1.13
2013.04.09 13:21:03.981,0.97422,0.97438,1.50,1.88
2013.04.09 13:21:04.282,0.9742,0.97433,1.50,1.13
2013.04.09 13:21:04.521,0.97417,0.97433,1.88,1.13
2013.04.09 13:21:04.581,0.97417,0.97433,1.50,1.28
2013.04.09 13:21:05.994,0.97416,0.9743,1.50,1.50
2013.04.09 13:21:06.303,0.97407,0.97423,1.50,1.28
2013.04.09 13:21:06.372,0.97405,0.97423,3.15,1.28
2013.04.09 13:21:06.792,0.97406,0.97424,2.25,1.50
2013.04.09 13:21:06.853,0.97406,0.97424,2.40,1.13
2013.04.09 13:21:07.033,0.9741,0.97426,2.25,1.13
2013.04.09 13:21:07.341,0.97412,0.97428,2.25,1.13
2013.04.09 13:21:07.402,0.97412,0.97432,2.25,2.63
2013.04.09 13:21:08.741,0.97413,0.97431,1.50,1.13
2013.04.09 13:21:08.952,0.97412,0.97431,2.63,1.88
2013.04.09 13:21:09.421,0.97411,0.97429,1.50,1.88
2013.04.09 13:21:11.351,0.97407,0.97427,3.15,1.13
2013.04.09 13:21:11.652,0.97407,0.97425,3.00,1.13
2013.04.09 13:21:11.711,0.97407,0.97425,3.00,1.13
2013.04.09 13:21:12.432,0.97404,0.97422,1.65,1.28
2013.04.09 13:21:12.700,0.97402,0.9742,1.88,1.13
2013.04.09 13:21:18.182,0.97402,0.9742,1.50,1.65
2013.04.09 13:21:18.253,0.974,0.97419,1.88,1.28
2013.04.09 13:21:18.382,0.97398,0.97419,3.53,3.15
2013.04.09 13:21:18.740,0.97398,0.97417,3.15,1.50
2013.04.09 13:21:19.524,0.97396,0.97416,3.00,2.03
2013.04.09 13:21:21.112,0.97396,0.97413,1.65,1.13
2013.04.09 13:21:21.351,0.97392,0.97413,2.25,3.00
2013.04.09 13:21:21.860,0.97391,0.97413,3.15,3.00
2013.04.09 13:21:22.162,0.97395,0.97413,1.50,2.63
2013.04.09 13:21:22.700,0.97396,0.97413,1.65,1.13
2013.04.09 13:21:23.453,0.97396,0.97413,2.40,1.13
2013.04.09 13:21:26.292,0.97396,0.97416,2.40,2.03
2013.04.09 13:21:30.103,0.97396,0.97416,2.40,2.03
2013.04.09 13:21:30.412,0.97396,0.97414,1.50,1.88
2013.04.09 13:21:30.961,0.97392,0.9741,1.65,1.28
2013.04.09 13:21:31.662,0.9739,0.97409,1.13,2.25
2013.04.09 13:21:35.312,0.97388,0.97407,1.65,3.00
2013.04.09 13:21:36.382,0.97387,0.97403,3.15,1.13
2013.04.09 13:21:36.692,0.97387,0.974,1.50,2.63
2013.04.09 13:21:37.257,0.97381,0.97399,1.50,1.13
2013.04.09 13:21:37.324,0.97379,0.97398,1.88,1.13
2013.04.09 13:21:37.751,0.97379,0.97398,1.50,2.48
2013.04.09 13:21:38.661,0.97379,0.97398,2.63,1.73
2013.04.09 13:21:39.221,0.97382,0.97401,1.50,1.28
2013.04.09 13:21:39.491,0.97382,0.974,2.25,1.88
2013.04.09 13:21:39.703,0.97383,0.974,1.50,1.13
2013.04.09 13:21:40.072,0.97383,0.974,1.50,1.80
2013.04.09 13:21:40.193,0.97382,0.97398,2.25,1.35
2013.04.09 13:21:40.741,0.97382,0.97398,1.50,2.10
2013.04.09 13:21:41.162,0.97383,0.974,1.50,1.13
2013.04.09 13:21:42.491,0.97381,0.974,1.88,1.88
2013.04.09 13:21:45.671,0.9738,0.97399,1.58,1.88
2013.04.09 13:21:46.031,0.97378,0.97396,1.35,1.13
2013.04.09 13:21:47.078,0.97378,0.97395,1.35,1.50
2013.04.09 13:21:47.402,0.97373,0.97391,1.50,1.20
2013.04.09 13:21:47.941,0.97374,0.97392,1.50,1.58
2013.04.09 13:21:49.281,0.97373,0.97392,3.38,1.13
2013.04.09 13:21:51.212,0.97374,0.9739,1.50,1.65
2013.04.09 13:21:51.691,0.97374,0.97392,2.25,1.50
2013.04.09 13:21:55.390,0.97375,0.97391,1.13,1.13
2013.04.09 13:21:55.691,0.97377,0.97393,1.65,1.13
2013.04.09 13:21:56.483,0.97377,0.97396,3.15,1.28
2013.04.09 13:21:56.601,0.97379,0.97397,1.50,2.03
2013.04.09 13:21:56.661,0.97381,0.97398,1.13,2.55
2013.04.09 13:21:56.901,0.97382,0.97401,2.40,2.03
2013.04.09 13:21:57.202,0.97382,0.974,1.65,1.28
2013.04.09 13:21:58.194,0.97384,0.974,2.40,1.28
2013.04.09 13:22:00.613,0.97384,0.974,1.65,2.03
2013.04.09 13:22:02.901,0.97384,0.974,1.65,1.88
2013.04.09 13:22:03.217,0.97387,0.97408,3.98,1.88
2013.04.09 13:22:03.721,0.97391,0.97406,3.00,1.13
2013.04.09 13:22:08.422,0.97392,0.97408,1.88,2.48
2013.04.09 13:22:08.603,0.97396,0.9741,1.50,3.00
2013.04.09 13:22:08.791,0.97396,0.97413,3.00,1.50
2013.04.09 13:22:09.543,0.97396,0.97413,3.00,2.25
2013.04.09 13:22:10.541,0.97401,0.97413,1.50,2.25
2013.04.09 13:22:10.601,0.97401,0.97416,3.00,1.50
2013.04.09 13:22:10.721,0.97402,0.97417,2.25,1.13
2013.04.09 13:22:10.782,0.97402,0.97419,2.85,1.50
2013.04.09 13:22:10.961,0.97405,0.97422,1.88,1.13
2013.04.09 13:22:11.081,0.97408,0.97426,2.25,1.13
2013.04.09 13:22:11.202,0.97411,0.97429,2.10,1.13
2013.04.09 13:22:11.382,0.97412,0.9743,2.25,1.13
2013.04.09 13:22:11.861,0.97415,0.97433,1.50,1.88
2013.04.09 13:22:12.403,0.97416,0.97433,1.35,1.88
2013.04.09 13:22:12.762,0.97418,0.97436,1.35,1.13
2013.04.09 13:22:13.271,0.97418,0.97438,2.85,1.13
2013.04.09 13:22:14.532,0.97419,0.97438,2.25,1.88
2013.04.09 13:22:15.084,0.9742,0.97437,1.50,1.13
2013.04.09 13:22:15.213,0.97419,0.97437,2.25,1.13
2013.04.09 13:22:17.463,0.97419,0.97436,2.25,2.63
2013.04.09 13:22:18.452,0.97419,0.97436,2.25,1.88
2013.04.09 13:22:22.694,0.97419,0.97435,2.25,1.50
2013.04.09 13:22:22.943,0.97416,0.97433,2.25,1.88
2013.04.09 13:22:23.132,0.97416,0.97431,1.50,1.13
2013.04.09 13:22:23.266,0.97412,0.9743,2.63,1.35
2013.04.09 13:22:23.522,0.97414,0.9743,1.50,1.13
2013.04.09 13:22:23.762,0.97414,0.97431,2.25,1.13
2013.04.09 13:22:23.822,0.97414,0.9743,2.25,1.50
2013.04.09 13:22:24.523,0.97414,0.9743,2.25,1.50
2013.04.09 13:22:24.641,0.97413,0.97427,3.00,2.10
2013.04.09 13:22:24.822,0.97407,0.97425,1.50,1.13
2013.04.09 13:22:24.881,0.97407,0.97424,1.50,1.88
2013.04.09 13:22:24.941,0.97406,0.97424,1.50,1.88
2013.04.09 13:22:25.005,0.97404,0.9742,3.00,1.95
2013.04.09 13:22:25.141,0.97402,0.97418,3.00,1.13
2013.04.09 13:22:25.261,0.97402,0.97418,1.50,1.88
2013.04.09 13:22:25.442,0.97401,0.97416,1.50,1.35
2013.04.09 13:22:25.571,0.97401,0.97418,1.50,1.13
2013.04.09 13:22:25.631,0.97397,0.97418,1.88,1.88
2013.04.09 13:22:25.812,0.97397,0.97416,2.10,1.13
2013.04.09 13:22:26.692,0.97399,0.97416,2.40,1.13
2013.04.09 13:22:27.111,0.97399,0.97415,1.65,2.63
2013.04.09 13:22:27.652,0.97393,0.97406,1.88,1.13
2013.04.09 13:22:27.893,0.97387,0.97403,1.50,1.28
2013.04.09 13:22:28.081,0.97387,0.97403,1.50,1.95
2013.04.09 13:22:28.442,0.97382,0.97401,1.88,1.50
2013.04.09 13:22:30.213,0.97375,0.97394,3.75,1.13
2013.04.09 13:22:31.391,0.97379,0.97397,1.50,1.13
2013.04.09 13:22:32.513,0.97381,0.97399,3.75,1.13
2013.04.09 13:22:32.641,0.97381,0.974,3.38,1.13
2013.04.09 13:22:32.822,0.97382,0.974,3.00,1.13
2013.04.09 13:22:33.340,0.97382,0.97401,2.25,1.13
2013.04.09 13:22:33.823,0.97381,0.97402,3.38,1.28
2013.04.09 13:22:34.011,0.97382,0.97402,2.25,1.28
2013.04.09 13:22:34.372,0.97382,0.97402,2.25,1.28
2013.04.09 13:22:36.153,0.97384,0.97402,1.13,1.65
2013.04.09 13:22:36.461,0.97381,0.97399,3.75,1.13
2013.04.09 13:22:36.581,0.97381,0.97399,3.75,1.13
2013.04.09 13:22:37.122,0.97381,0.97402,4.13,2.03
2013.04.09 13:22:37.302,0.97386,0.97402,1.50,1.13
2013.04.09 13:22:37.482,0.97386,0.97403,3.00,1.13
2013.04.09 13:22:37.782,0.97388,0.97407,1.50,2.03
2013.04.09 13:22:38.971,0.9739,0.97405,1.50,1.13
2013.04.09 13:22:39.511,0.97391,0.97408,1.50,2.25
2013.04.09 13:22:43.374,0.97389,0.97408,2.25,3.60
2013.04.09 13:22:44.414,0.97391,0.97408,1.50,1.88
2013.04.09 13:22:44.972,0.97389,0.97406,1.50,1.28
2013.04.09 13:22:45.049,0.97387,0.97404,1.50,1.13
2013.04.09 13:22:45.352,0.97385,0.97402,1.13,1.95
2013.04.09 13:22:45.913,0.97386,0.97402,1.50,1.13
2013.04.09 13:22:45.984,0.97386,0.97402,1.50,1.13
2013.04.09 13:22:46.952,0.97383,0.97402,1.88,1.13
2013.04.09 13:22:47.509,0.97382,0.97401,3.38,1.28
2013.04.09 13:22:50.292,0.97382,0.97401,2.25,2.03
2013.04.09 13:22:51.752,0.97382,0.974,1.50,1.65
2013.04.09 13:22:52.111,0.97381,0.97397,1.50,1.43
2013.04.09 13:22:52.471,0.9738,0.97398,3.00,3.38
2013.04.09 13:22:52.532,0.9738,0.97398,2.25,3.38
2013.04.09 13:22:53.045,0.9738,0.97398,1.50,2.63
2013.04.09 13:22:54.192,0.97381,0.97398,3.00,2.63
2013.04.09 13:22:54.621,0.97383,0.97401,1.50,1.28
2013.04.09 13:22:54.941,0.97383,0.97401,2.25,1.28
2013.04.09 13:22:55.312,0.97383,0.97401,1.50,1.28
2013.04.09 13:22:55.373,0.97383,0.974,1.50,2.40
2013.04.09 13:22:56.322,0.97381,0.97396,1.50,2.48
2013.04.09 13:22:56.656,0.97379,0.97395,1.50,1.50
2013.04.09 13:22:57.581,0.97376,0.97394,2.40,1.50
2013.04.09 13:22:58.624,0.97376,0.97391,1.50,1.13
2013.04.09 13:22:58.751,0.97375,0.9739,2.25,1.50
2013.04.09 13:22:58.932,0.97372,0.97388,1.50,1.50
2013.04.09 13:22:59.441,0.9737,0.9739,1.50,2.63
2013.04.09 13:22:59.561,0.97372,0.9739,2.25,1.28
2013.04.09 13:22:59.622,0.97372,0.9739,3.00,1.28
2013.04.09 13:22:59.987,0.97372,0.9739,1.50,2.03
2013.04.09 13:23:01.342,0.97372,0.9739,1.50,2.03
2013.04.09 13:23:02.033,0.97372,0.97389,2.25,1.50
2013.04.09 13:23:02.573,0.97372,0.97389,1.50,2.25
2013.04.09 13:23:02.912,0.97373,0.97389,1.50,1.50
2013.04.09 13:23:03.862,0.97371,0.97387,2.25,2.25
2013.04.09 13:23:03.936,0.97371,0.97382,2.25,2.10
2013.04.09 13:23:04.182,0.97365,0.97378,1.50,1.13
2013.04.09 13:23:04.924,0.97363,0.97379,1.50,1.28
2013.04.09 13:23:05.052,0.97361,0.97379,3.00,2.03
2013.04.09 13:23:06.120,0.97362,0.97378,1.50,1.28
2013.04.09 13:23:06.660,0.97365,0.97379,1.50,1.65
2013.04.09 13:23:07.912,0.97365,0.9738,2.40,1.13
2013.04.09 13:23:08.044,0.97369,0.97384,1.50,1.13
2013.04.09 13:23:08.176,0.9737,0.97386,1.50,1.13
2013.04.09 13:23:08.722,0.97371,0.97386,1.50,1.13
2013.04.09 13:23:10.145,0.9737,0.97386,1.50,1.50
2013.04.09 13:23:10.332,0.97368,0.97386,1.13,1.50
2013.04.09 13:23:11.421,0.97367,0.97383,2.25,1.73
2013.04.09 13:23:11.601,0.97367,0.97383,1.50,2.85
2013.04.09 13:23:14.215,0.97367,0.97383,1.50,3.23
2013.04.09 13:23:14.358,0.97368,0.97383,2.25,2.63
2013.04.09 13:23:14.661,0.97367,0.97383,1.50,2.25
2013.04.09 13:23:15.246,0.97366,0.97383,4.65,2.25
2013.04.09 13:23:15.531,0.97369,0.97383,2.25,1.50
2013.04.09 13:23:15.832,0.97369,0.97387,3.38,1.88
2013.04.09 13:23:16.372,0.9737,0.97387,1.50,1.88
2013.04.09 13:23:18.261,0.97375,0.97394,1.13,1.50
2013.04.09 13:23:18.322,0.97375,0.97395,1.13,1.88
2013.04.09 13:23:18.382,0.97375,0.97395,1.13,1.13
2013.04.09 13:23:18.562,0.97376,0.97396,2.78,3.23
2013.04.09 13:23:18.921,0.97375,0.97394,1.88,1.13
2013.04.09 13:23:19.373,0.97374,0.97392,2.63,1.50
2013.04.09 13:23:19.683,0.97374,0.97391,2.25,1.13
2013.04.09 13:23:21.606,0.97373,0.9739,2.25,1.65
2013.04.09 13:23:22.612,0.97374,0.9739,1.50,1.65
2013.04.09 13:23:24.760,0.97372,0.97389,3.53,1.65
2013.04.09 13:23:25.309,0.97372,0.97388,2.78,1.65
2013.04.09 13:23:25.434,0.97377,0.97393,2.40,1.88
2013.04.09 13:23:28.734,0.97374,0.97393,1.88,2.63
2013.04.09 13:23:28.861,0.97371,0.97392,2.03,2.10
2013.04.09 13:23:29.246,0.97372,0.97391,1.50,1.65
2013.04.09 13:23:29.597,0.97378,0.97399,1.35,1.65
2013.04.09 13:23:30.143,0.9738,0.974,1.65,2.03
2013.04.09 13:23:31.823,0.9738,0.97399,1.65,2.40
2013.04.09 13:23:32.692,0.97381,0.97399,1.13,2.25
2013.04.09 13:23:33.280,0.97382,0.97401,2.03,1.50
2013.04.09 13:23:34.272,0.97382,0.974,1.28,1.50
2013.04.09 13:23:34.582,0.9738,0.97397,2.03,1.65
2013.04.09 13:23:34.833,0.97373,0.97393,2.03,1.28
2013.04.09 13:23:35.085,0.97373,0.97391,1.28,1.50
2013.04.09 13:23:36.483,0.97372,0.97391,2.03,2.63
2013.04.09 13:23:36.623,0.97372,0.9739,1.65,1.13
2013.04.09 13:23:38.033,0.97372,0.97391,2.03,2.63
2013.04.09 13:23:38.102,0.97376,0.97391,1.50,1.13
2013.04.09 13:23:38.683,0.97374,0.97394,1.65,1.28
2013.04.09 13:23:38.813,0.97373,0.97392,2.25,1.50
2013.04.09 13:23:39.062,0.97372,0.97391,1.13,1.28
2013.04.09 13:23:39.921,0.97375,0.97392,1.65,1.28
2013.04.09 13:23:41.602,0.97371,0.97391,3.23,1.88
2013.04.09 13:23:41.663,0.97371,0.97382,1.73,1.50
2013.04.09 13:23:41.973,0.97359,0.97374,2.25,2.78
2013.04.09 13:23:42.104,0.97357,0.97376,1.28,1.28
2013.04.09 13:23:42.173,0.97357,0.97376,1.65,1.13
2013.04.09 13:23:42.674,0.97362,0.97378,1.65,1.88
2013.04.09 13:23:42.862,0.97362,0.97378,1.65,1.13
2013.04.09 13:23:43.276,0.97362,0.9738,1.65,2.03
2013.04.09 13:23:43.607,0.97362,0.9738,1.65,1.28
2013.04.09 13:23:44.603,0.97365,0.9738,1.50,1.28
2013.04.09 13:23:44.973,0.97366,0.97384,1.50,2.25
2013.04.09 13:23:45.162,0.97367,0.97386,2.25,1.28
2013.04.09 13:23:45.962,0.97369,0.97387,1.50,1.50
2013.04.09 13:23:47.467,0.97368,0.97383,1.50,1.05
2013.04.09 13:23:47.533,0.97361,0.97379,3.75,1.88
2013.04.09 13:23:47.602,0.9736,0.97379,1.13,2.63
2013.04.09 13:23:47.722,0.97358,0.97377,2.78,1.50
2013.04.09 13:23:48.283,0.97356,0.97375,2.03,1.28
2013.04.09 13:23:48.423,0.9736,0.97376,1.13,1.13
2013.04.09 13:23:48.611,0.9736,0.97379,2.63,2.78
2013.04.09 13:23:48.671,0.9736,0.97379,3.00,2.03
2013.04.09 13:23:49.232,0.9736,0.97378,2.25,1.35
2013.04.09 13:23:49.772,0.97362,0.97379,1.28,1.65
2013.04.09 13:23:51.242,0.9736,0.97378,1.13,1.50
2013.04.09 13:23:52.072,0.9736,0.97378,1.13,3.38
2013.04.09 13:23:52.194,0.97357,0.9737,1.50,1.58
2013.04.09 13:23:52.262,0.97353,0.97369,1.50,2.03
2013.04.09 13:23:52.322,0.9735,0.97368,1.13,1.50
2013.04.09 13:23:52.443,0.97351,0.97368,1.13,1.13
2013.04.09 13:23:52.973,0.97352,0.97369,1.50,1.50
2013.04.09 13:23:53.507,0.9735,0.97369,1.28,1.50
2013.04.09 13:23:54.681,0.97352,0.97367,1.50,1.13
2013.04.09 13:23:55.232,0.97351,0.97368,1.50,2.78
2013.04.09 13:23:56.012,0.97351,0.97368,1.50,1.65
2013.04.09 13:23:56.771,0.97352,0.97369,1.88,1.50
2013.04.09 13:23:57.012,0.97353,0.9737,1.13,1.13
2013.04.09 13:23:59.226,0.97355,0.97371,1.50,1.73
2013.04.09 13:23:59.802,0.97355,0.97373,2.25,1.65
2013.04.09 13:23:59.924,0.97355,0.97374,2.25,1.28
2013.04.09 13:24:00.301,0.97356,0.97373,1.50,1.65
2013.04.09 13:24:01.664,0.97357,0.97372,1.50,1.65
2013.04.09 13:24:02.373,0.97357,0.97373,1.50,1.65
2013.04.09 13:24:04.002,0.97356,0.97373,1.50,2.03
2013.04.09 13:24:04.083,0.97356,0.97371,1.50,1.50
2013.04.09 13:24:04.456,0.97356,0.97371,1.50,1.88
2013.04.09 13:24:06.885,0.97356,0.97368,1.50,1.50
2013.04.09 13:24:07.202,0.97356,0.97373,1.50,2.03
2013.04.09 13:24:08.060,0.97359,0.97373,1.50,1.28
2013.04.09 13:24:08.793,0.97358,0.97373,2.25,1.50
2013.04.09 13:24:09.772,0.97362,0.97377,1.50,1.13
2013.04.09 13:24:10.922,0.97361,0.97377,1.88,1.13
2013.04.09 13:24:10.982,0.97361,0.97379,2.63,1.13
2013.04.09 13:24:11.161,0.97365,0.97382,1.13,1.88
2013.04.09 13:24:11.641,0.97372,0.97386,1.13,3.38
2013.04.09 13:24:11.824,0.97372,0.97386,1.13,1.50
2013.04.09 13:24:12.012,0.97372,0.97389,1.13,1.13
2013.04.09 13:24:13.620,0.97373,0.9739,1.65,1.88
2013.04.09 13:24:14.145,0.97369,0.97387,1.50,1.13
2013.04.09 13:24:14.923,0.9737,0.97387,1.50,1.88
2013.04.09 13:24:15.724,0.97367,0.97379,1.50,1.13
2013.04.09 13:24:15.912,0.97364,0.97379,1.88,1.13
2013.04.09 13:24:16.033,0.97362,0.97376,3.00,1.13
2013.04.09 13:24:16.102,0.9736,0.97376,1.50,1.13
2013.04.09 13:24:20.544,0.9736,0.97376,1.50,1.13
2013.04.09 13:24:21.085,0.9736,0.97376,1.50,1.88
2013.04.09 13:24:22.464,0.9736,0.97376,1.50,2.63
2013.04.09 13:24:23.224,0.9736,0.97376,1.50,2.63
2013.04.09 13:24:23.981,0.97357,0.97374,1.50,1.50
2013.04.09 13:24:24.174,0.97357,0.97373,1.50,2.48
2013.04.09 13:24:24.241,0.97356,0.97373,1.50,3.23
2013.04.09 13:24:24.781,0.97355,0.97373,1.50,3.60
2013.04.09 13:24:26.193,0.97355,0.97373,1.88,1.88
2013.04.09 13:24:27.701,0.97358,0.97375,1.65,2.03
2013.04.09 13:24:28.297,0.97358,0.97376,2.40,1.28
2013.04.09 13:24:28.953,0.97361,0.97379,1.65,2.18
2013.04.09 13:24:29.261,0.97362,0.97381,1.28,2.03
2013.04.09 13:24:31.072,0.97362,0.97381,1.28,1.28
2013.04.09 13:24:31.253,0.97367,0.97385,1.13,1.28
2013.04.09 13:24:31.503,0.97368,0.97388,2.03,2.63
2013.04.09 13:24:32.041,0.97369,0.97388,1.65,2.63
2013.04.09 13:24:33.245,0.97371,0.97388,1.88,1.65
2013.04.09 13:24:33.312,0.97372,0.97388,1.13,1.50
2013.04.09 13:24:33.373,0.97371,0.9739,1.88,2.48
2013.04.09 13:24:37.862,0.97371,0.9739,1.13,3.60
2013.04.09 13:24:38.161,0.97368,0.97387,1.65,2.03
2013.04.09 13:24:39.691,0.97369,0.97387,1.65,1.28
2013.04.09 13:24:44.942,0.97372,0.97386,1.13,1.13
2013.04.09 13:24:45.062,0.97368,0.97385,1.13,1.65
2013.04.09 13:24:49.781,0.97369,0.97385,1.50,1.65
2013.04.09 13:24:54.483,0.9737,0.97385,1.88,1.65
2013.04.09 13:24:56.013,0.97371,0.97388,1.50,2.25
2013.04.09 13:24:56.181,0.97373,0.97388,1.50,2.25
2013.04.09 13:24:56.241,0.97373,0.97388,1.50,1.88
2013.04.09 13:24:59.441,0.97375,0.97391,1.50,1.28
2013.04.09 13:24:59.822,0.97377,0.97393,2.40,2.78
2013.04.09 13:25:00.285,0.97377,0.97393,2.40,2.78
2013.04.09 13:25:00.651,0.97377,0.97393,1.65,2.78
2013.04.09 13:25:01.931,0.97379,0.97393,1.50,2.03
2013.04.09 13:25:02.213,0.97378,0.97393,1.50,2.03
2013.04.09 13:25:02.522,0.97381,0.97397,1.50,2.33
2013.04.09 13:25:03.041,0.9738,0.97396,2.25,1.13
2013.04.09 13:25:04.112,0.97377,0.97395,2.78,2.25
2013.04.09 13:25:05.288,0.97377,0.97393,2.40,2.25
2013.04.09 13:25:05.821,0.97377,0.97393,1.65,2.25
2013.04.09 13:25:06.493,0.97377,0.97393,1.65,2.33
2013.04.09 13:25:07.013,0.97377,0.97392,1.65,1.43
2013.04.09 13:25:07.522,0.97377,0.97393,2.40,2.03
2013.04.09 13:25:07.701,0.97377,0.97393,3.15,1.65
2013.04.09 13:25:11.602,0.97377,0.97393,1.65,2.03
2013.04.09 13:25:11.662,0.97375,0.97391,2.25,1.13
2013.04.09 13:25:11.963,0.97372,0.97388,2.25,1.13
2013.04.09 13:25:12.271,0.9737,0.97387,1.50,1.50
2013.04.09 13:25:12.801,0.97367,0.97387,4.50,2.33
2013.04.09 13:25:13.561,0.97369,0.97383,1.50,1.88
2013.04.09 13:25:13.752,0.97365,0.9738,2.25,1.13
2013.04.09 13:25:13.811,0.97365,0.97378,3.00,1.13
2013.04.09 13:25:14.052,0.9736,0.97377,1.50,1.50
2013.04.09 13:25:14.672,0.9736,0.97375,1.50,1.13
2013.04.09 13:25:14.823,0.97358,0.97374,1.50,1.65
2013.04.09 13:25:14.941,0.9736,0.97374,1.50,1.65
2013.04.09 13:25:15.698,0.97362,0.97374,1.50,1.65
2013.04.09 13:25:24.812,0.97362,0.97375,1.50,1.13
2013.04.09 13:25:24.992,0.97366,0.97379,1.50,1.65
2013.04.09 13:25:25.233,0.97366,0.97384,1.50,1.50
2013.04.09 13:25:25.352,0.97363,0.97379,1.88,1.13
2013.04.09 13:25:25.652,0.97361,0.97378,1.13,1.50
2013.04.09 13:25:25.712,0.9736,0.97376,3.38,1.50
2013.04.09 13:25:26.263,0.97361,0.97378,1.50,1.28
2013.04.09 13:25:26.821,0.97361,0.97374,1.50,1.50
2013.04.09 13:25:28.374,0.97362,0.97377,1.50,1.50
2013.04.09 13:25:33.706,0.97361,0.97374,1.50,1.50
2013.04.09 13:25:37.433,0.97361,0.97374,1.50,1.50
2013.04.09 13:25:37.973,0.97361,0.97376,1.50,1.50
2013.04.09 13:25:38.152,0.9736,0.97376,1.50,1.50
2013.04.09 13:25:38.822,0.97362,0.97374,1.50,1.88
2013.04.09 13:25:41.561,0.97362,0.97377,1.50,1.88
2013.04.09 13:25:52.074,0.97362,0.97374,1.50,1.50
2013.04.09 13:25:52.734,0.97362,0.97377,1.50,1.13
2013.04.09 13:25:53.174,0.97364,0.97377,1.50,1.13
2013.04.09 13:25:53.423,0.97361,0.97379,3.00,2.25
2013.04.09 13:25:56.233,0.97361,0.97377,3.00,1.50
2013.04.09 13:25:57.017,0.97364,0.97377,1.50,1.13
2013.04.09 13:25:57.582,0.97364,0.97378,1.50,1.65
2013.04.09 13:25:59.171,0.97366,0.97379,1.50,1.50
2013.04.09 13:25:59.232,0.97371,0.9738,2.25,1.13
2013.04.09 13:25:59.292,0.97374,0.97384,1.50,2.10
2013.04.09 13:25:59.352,0.97374,0.97391,1.65,1.50
2013.04.09 13:25:59.474,0.97381,0.97396,1.50,1.50
2013.04.09 13:25:59.602,0.97384,0.97399,1.50,1.88
2013.04.09 13:25:59.782,0.97387,0.97403,1.50,1.50
2013.04.09 13:26:00.291,0.97387,0.97403,1.50,1.50
2013.04.09 13:26:00.532,0.97388,0.97406,1.50,1.35
2013.04.09 13:26:00.652,0.97386,0.97404,3.38,1.50
2013.04.09 13:26:00.711,0.97387,0.97405,1.13,3.68
2013.04.09 13:26:00.774,0.97386,0.97403,2.63,2.33
2013.04.09 13:26:01.082,0.97382,0.97399,1.50,1.58
2013.04.09 13:26:01.262,0.97382,0.97398,1.50,1.13
2013.04.09 13:26:01.802,0.9738,0.97394,1.50,1.50
2013.04.09 13:26:04.451,0.9738,0.97393,1.50,1.50
2013.04.09 13:26:04.992,0.9738,0.97393,1.50,1.50
2013.04.09 13:26:05.172,0.97378,0.9739,1.50,1.50
2013.04.09 13:26:06.202,0.97377,0.97394,1.50,3.38
2013.04.09 13:26:08.012,0.97377,0.97394,1.50,2.63
2013.04.09 13:26:08.075,0.97377,0.97394,1.50,1.50
2013.04.09 13:26:08.149,0.97378,0.97394,1.50,1.50
2013.04.09 13:26:08.283,0.97377,0.97394,2.25,1.50
2013.04.09 13:26:08.351,0.97378,0.97394,1.13,1.50
2013.04.09 13:26:09.823,0.9738,0.97393,1.50,1.50
2013.04.09 13:26:10.592,0.97381,0.97393,1.50,1.50
2013.04.09 13:26:11.002,0.97382,0.97393,1.50,1.50
2013.04.09 13:26:14.899,0.97385,0.97398,1.50,1.65
2013.04.09 13:26:15.083,0.97386,0.97399,1.50,1.88
2013.04.09 13:26:15.321,0.97383,0.97399,1.13,1.13
2013.04.09 13:26:15.502,0.97381,0.97399,1.88,1.88
2013.04.09 13:26:15.562,0.97383,0.97399,1.50,1.88
2013.04.09 13:26:15.741,0.97381,0.97397,1.88,1.65
2013.04.09 13:26:16.052,0.97381,0.97397,1.88,1.65
2013.04.09 13:26:18.443,0.97379,0.97393,1.50,1.13
2013.04.09 13:26:18.782,0.97381,0.97395,1.50,2.03
2013.04.09 13:26:19.082,0.97379,0.97394,1.50,1.35
2013.04.09 13:26:19.143,0.97377,0.97394,2.63,2.10
2013.04.09 13:26:19.202,0.97377,0.97394,1.88,2.10
2013.04.09 13:26:19.262,0.97384,0.97394,1.50,1.50
2013.04.09 13:26:19.382,0.97382,0.97394,1.50,2.10
2013.04.09 13:26:19.903,0.9738,0.97393,1.50,1.35
2013.04.09 13:26:23.603,0.97382,0.97394,1.50,1.50
2013.04.09 13:26:23.672,0.97382,0.97397,1.50,1.50
2013.04.09 13:26:23.793,0.97381,0.97397,1.88,1.50
2013.04.09 13:26:30.204,0.97381,0.97397,1.50,2.25
2013.04.09 13:26:34.912,0.97386,0.97399,1.50,2.25
2013.04.09 13:26:39.272,0.97385,0.97399,1.50,1.50
2013.04.09 13:26:40.072,0.97383,0.97397,1.50,1.50
2013.04.09 13:26:40.192,0.97382,0.97397,2.25,1.50
2013.04.09 13:26:40.712,0.97382,0.97395,1.50,1.35
2013.04.09 13:26:42.919,0.97378,0.97394,1.50,1.50
2013.04.09 13:26:42.994,0.97386,0.97397,1.50,1.05
2013.04.09 13:26:43.065,0.97382,0.974,2.25,1.88
2013.04.09 13:26:43.443,0.97382,0.97398,1.50,1.05
2013.04.09 13:26:44.213,0.97382,0.97398,1.50,1.05
2013.04.09 13:26:44.761,0.97381,0.97398,1.50,1.43
2013.04.09 13:26:46.912,0.97381,0.97399,1.50,1.28
2013.04.09 13:26:47.155,0.97378,0.97397,1.65,1.43
2013.04.09 13:26:47.223,0.97378,0.97397,1.50,2.25
2013.04.09 13:26:47.761,0.97378,0.97395,1.50,2.25
2013.04.09 13:26:48.902,0.9738,0.97394,1.50,1.65
2013.04.09 13:26:49.211,0.97381,0.97399,1.50,2.63
2013.04.09 13:26:49.653,0.97381,0.97397,1.50,1.28
2013.04.09 13:26:49.771,0.97377,0.97394,2.63,1.13
2013.04.09 13:26:51.354,0.97377,0.97393,2.25,2.03
2013.04.09 13:26:51.663,0.97383,0.97402,2.25,1.28
2013.04.09 13:26:51.732,0.97383,0.974,2.25,1.50
2013.04.09 13:26:51.912,0.97383,0.974,2.25,1.50
2013.04.09 13:26:52.031,0.97383,0.974,2.25,1.50
2013.04.09 13:26:53.352,0.97383,0.97399,2.25,1.35
2013.04.09 13:26:53.413,0.97384,0.97399,1.50,1.35
2013.04.09 13:26:53.733,0.97386,0.97401,2.25,2.70
2013.04.09 13:26:54.115,0.97386,0.97401,2.25,2.70
2013.04.09 13:26:58.878,0.97389,0.97404,1.50,1.50
2013.04.09 13:27:04.192,0.97391,0.97405,1.65,1.35
2013.04.09 13:27:04.313,0.97391,0.97406,1.65,1.50
2013.04.09 13:27:04.433,0.97394,0.97407,1.50,1.50
2013.04.09 13:27:08.502,0.97398,0.97409,1.50,1.65
2013.04.09 13:27:08.622,0.97395,0.97409,1.50,1.65
2013.04.09 13:27:08.683,0.97396,0.9741,1.50,1.65
2013.04.09 13:27:08.922,0.97396,0.97413,1.65,2.93
2013.04.09 13:27:08.982,0.97396,0.97413,1.65,2.93
2013.04.09 13:27:09.293,0.97403,0.97415,1.50,1.13
2013.04.09 13:27:09.605,0.97397,0.97413,1.50,1.20
2013.04.09 13:27:09.732,0.97396,0.97412,1.50,1.50
2013.04.09 13:27:09.912,0.97396,0.97412,2.25,2.25
2013.04.09 13:27:13.699,0.97397,0.97413,2.25,1.28
2013.04.09 13:27:13.842,0.97397,0.97413,2.25,1.28
2013.04.09 13:27:13.902,0.97397,0.97413,2.40,1.13
2013.04.09 13:27:14.442,0.97401,0.97416,1.50,1.28
2013.04.09 13:27:14.973,0.97401,0.97417,1.50,1.13
2013.04.09 13:27:15.528,0.97401,0.97416,1.50,1.28
2013.04.09 13:27:16.083,0.97401,0.97417,2.25,1.13
2013.04.09 13:27:16.211,0.97401,0.97417,2.25,1.13
2013.04.09 13:27:22.191,0.97401,0.97417,2.63,1.35
2013.04.09 13:27:22.371,0.97403,0.97419,1.65,1.50
2013.04.09 13:27:22.672,0.97403,0.97418,1.50,1.13
2013.04.09 13:27:27.693,0.97406,0.97418,1.50,1.50
2013.04.09 13:27:27.761,0.97407,0.97418,1.50,1.50
2013.04.09 13:27:28.362,0.97407,0.97423,1.50,1.28
2013.04.09 13:27:28.543,0.97408,0.97426,3.15,1.28
2013.04.09 13:27:28.612,0.97408,0.97428,3.15,3.53
2013.04.09 13:27:29.121,0.97411,0.97428,1.50,1.28
2013.04.09 13:27:29.672,0.97411,0.97428,1.88,1.13
2013.04.09 13:27:30.604,0.97416,0.97432,2.25,1.13
2013.04.09 13:27:30.682,0.97416,0.97431,4.50,1.05
2013.04.09 13:27:30.743,0.97416,0.97431,2.25,1.28
2013.04.09 13:27:30.803,0.97414,0.97431,1.13,1.28
2013.04.09 13:27:30.922,0.97414,0.97431,1.28,1.65
2013.04.09 13:27:31.042,0.97416,0.97432,1.50,1.13
2013.04.09 13:27:31.402,0.97418,0.97432,1.50,1.13
2013.04.09 13:27:31.705,0.97416,0.97432,4.50,1.13
2013.04.09 13:27:32.013,0.97416,0.97432,3.00,1.13
2013.04.09 13:27:34.112,0.97422,0.97435,1.50,2.03
2013.04.09 13:27:34.351,0.97423,0.97437,1.50,1.13
2013.04.09 13:27:34.411,0.97423,0.97438,1.50,1.65
2013.04.09 13:27:34.841,0.97423,0.97438,1.50,1.65
2013.04.09 13:27:35.201,0.97422,0.97436,1.50,1.13
2013.04.09 13:27:39.922,0.9742,0.97437,1.65,1.13
2013.04.09 13:27:40.043,0.97424,0.97437,1.50,1.13
2013.04.09 13:27:40.282,0.97424,0.97438,1.50,1.50
2013.04.09 13:27:40.931,0.97424,0.97438,1.50,2.25
2013.04.09 13:27:41.621,0.97424,0.97438,1.50,2.25
2013.04.09 13:27:41.742,0.97419,0.97435,1.88,1.13
2013.04.09 13:27:41.862,0.97419,0.97434,1.50,2.25
2013.04.09 13:27:41.921,0.9742,0.97435,1.50,1.73
2013.04.09 13:27:42.222,0.97418,0.97434,1.50,1.50
2013.04.09 13:27:42.761,0.97417,0.97435,2.25,2.25
2013.04.09 13:27:43.121,0.97417,0.97433,2.25,1.13
2013.04.09 13:27:43.664,0.97417,0.97433,1.50,1.88
2013.04.09 13:27:43.983,0.97417,0.97433,1.50,1.13
2013.04.09 13:27:44.102,0.97417,0.97434,2.40,1.65
2013.04.09 13:27:44.161,0.97417,0.97434,3.90,1.65
2013.04.09 13:27:44.678,0.97421,0.97437,1.50,1.50
2013.04.09 13:27:44.993,0.97426,0.97438,1.50,1.13
2013.04.09 13:27:45.542,0.97427,0.97443,1.50,1.58
2013.04.09 13:27:45.662,0.97427,0.97443,1.65,1.13
2013.04.09 13:27:45.783,0.97428,0.97445,1.50,1.28
2013.04.09 13:27:46.640,0.97431,0.97446,1.50,2.03
2013.04.09 13:27:47.196,0.97431,0.97446,1.50,1.28
2013.04.09 13:27:48.458,0.97431,0.97444,1.50,1.13
2013.04.09 13:27:48.894,0.97428,0.97443,2.25,1.13
2013.04.09 13:27:49.523,0.97428,0.97441,1.50,1.28
2013.04.09 13:27:52.141,0.97424,0.97441,1.50,1.28
2013.04.09 13:27:52.302,0.97422,0.97438,3.15,1.50
2013.04.09 13:27:54.942,0.97422,0.97438,2.25,3.60
2013.04.09 13:27:55.062,0.9742,0.97437,2.25,1.28
2013.04.09 13:27:55.611,0.97419,0.97438,1.50,1.65
2013.04.09 13:27:55.731,0.97418,0.97433,1.50,2.10
2013.04.09 13:27:56.153,0.97415,0.97433,1.50,1.35
2013.04.09 13:27:56.602,0.97412,0.9743,1.50,1.28
2013.04.09 13:27:58.745,0.97413,0.9743,1.50,1.65
2013.04.09 13:27:59.052,0.97409,0.97424,1.50,2.85
2013.04.09 13:28:02.542,0.97411,0.97427,1.50,2.03
2013.04.09 13:28:03.922,0.97413,0.97429,1.65,2.03
2013.04.09 13:28:04.653,0.97416,0.97431,1.50,1.28
2013.04.09 13:28:10.922,0.97417,0.97434,1.88,1.95
2013.04.09 13:28:10.982,0.97421,0.97436,1.50,1.28
2013.04.09 13:28:12.247,0.97418,0.97435,2.25,1.50
2013.04.09 13:28:12.312,0.97418,0.97435,2.25,1.50
2013.04.09 13:28:12.851,0.97422,0.97437,1.50,1.50
2013.04.09 13:28:13.762,0.97427,0.97437,2.25,1.13
2013.04.09 13:28:13.883,0.97427,0.97443,2.25,2.78
2013.04.09 13:28:14.063,0.97427,0.97443,2.25,1.28
2013.04.09 13:28:14.591,0.97427,0.97443,2.25,2.03
2013.04.09 13:28:18.131,0.97427,0.97441,2.25,1.50
2013.04.09 13:28:18.372,0.97427,0.97441,1.50,1.88
2013.04.09 13:28:18.912,0.97425,0.9744,1.50,1.65
2013.04.09 13:28:19.202,0.97427,0.9744,1.50,1.65
2013.04.09 13:28:23.036,0.9743,0.9744,1.50,1.50
2013.04.09 13:28:23.163,0.97431,0.97442,1.50,1.88
2013.04.09 13:28:23.641,0.97428,0.9744,1.50,1.65
2013.04.09 13:28:25.224,0.97426,0.9744,1.50,1.65
2013.04.09 13:28:29.081,0.97422,0.97439,2.25,1.50
2013.04.09 13:28:29.262,0.97421,0.97437,1.50,3.00
2013.04.09 13:28:30.342,0.97417,0.97432,1.50,1.65
2013.04.09 13:28:32.733,0.97417,0.97432,1.50,1.88
2013.04.09 13:28:32.802,0.97416,0.97432,3.00,1.88
2013.04.09 13:28:32.862,0.97416,0.97433,2.25,1.35
2013.04.09 13:28:33.222,0.97423,0.97436,1.50,1.50
2013.04.09 13:28:33.342,0.97421,0.97438,1.50,1.13
2013.04.09 13:28:34.263,0.97423,0.97435,1.50,1.50
2013.04.09 13:28:35.354,0.97421,0.97435,1.50,1.50
2013.04.09 13:28:39.524,0.9742,0.97435,1.50,1.88
2013.04.09 13:28:39.651,0.9742,0.97435,1.50,1.88
2013.04.09 13:28:40.374,0.97418,0.97433,1.50,1.50
2013.04.09 13:28:41.371,0.9742,0.97433,1.50,1.50
2013.04.09 13:28:46.154,0.9742,0.97433,1.50,1.13
2013.04.09 13:28:46.224,0.9742,0.97432,1.50,1.13
2013.04.09 13:28:46.412,0.97421,0.97434,1.50,1.13
2013.04.09 13:28:46.969,0.97421,0.97434,1.50,1.88
2013.04.09 13:28:48.851,0.97421,0.97434,1.50,1.58
2013.04.09 13:28:50.039,0.97421,0.97434,1.50,1.95
2013.04.09 13:28:51.912,0.97418,0.97432,1.50,1.13
2013.04.09 13:28:53.006,0.97419,0.97432,1.50,1.13
2013.04.09 13:28:55.212,0.97419,0.97433,1.50,1.50
2013.04.09 13:28:55.272,0.9742,0.97435,1.50,1.13
2013.04.09 13:28:55.632,0.97423,0.97438,1.50,1.65
2013.04.09 13:29:00.522,0.97421,0.9744,2.25,1.88
2013.04.09 13:29:00.641,0.9742,0.97437,1.50,1.13
2013.04.09 13:29:04.424,0.97421,0.97435,1.50,1.50
2013.04.09 13:29:08.504,0.97421,0.97432,1.50,1.13
2013.04.09 13:29:08.692,0.97415,0.97432,1.50,1.50
2013.04.09 13:29:08.998,0.97412,0.9743,1.50,1.50
2013.04.09 13:29:09.064,0.97412,0.9743,1.50,1.50
2013.04.09 13:29:10.076,0.97418,0.97429,1.50,1.65
2013.04.09 13:29:11.133,0.97417,0.97428,1.50,1.13
2013.04.09 13:29:11.192,0.97416,0.97426,1.50,1.05
2013.04.09 13:29:11.253,0.97411,0.97426,1.50,1.05
2013.04.09 13:29:11.315,0.97409,0.97425,2.25,1.35
2013.04.09 13:29:11.562,0.97411,0.97425,2.25,1.50
2013.04.09 13:29:16.083,0.97409,0.97425,1.50,2.48
2013.04.09 13:29:17.092,0.9741,0.97423,1.50,1.88
2013.04.09 13:29:21.634,0.97408,0.97423,1.50,1.13
2013.04.09 13:29:23.223,0.97408,0.97425,1.50,1.50
2013.04.09 13:29:25.383,0.97407,0.97425,3.00,1.50
2013.04.09 13:29:26.245,0.97407,0.97425,3.15,1.50
2013.04.09 13:29:34.832,0.97406,0.97424,1.65,1.28
2013.04.09 13:29:38.157,0.97406,0.97424,3.00,1.88
2013.04.09 13:29:38.472,0.97401,0.97419,3.38,1.50
2013.04.09 13:29:39.053,0.97401,0.97419,4.13,2.25
2013.04.09 13:29:40.234,0.97402,0.97419,1.13,1.50
2013.04.09 13:29:45.202,0.97401,0.97419,2.78,2.40
2013.04.09 13:29:45.741,0.97401,0.97419,3.53,1.65
2013.04.09 13:29:57.422,0.97403,0.9742,1.50,1.73
2013.04.09 13:30:00.832,0.97407,0.9742,1.50,1.13
2013.04.09 13:30:00.959,0.97409,0.97423,1.50,1.50
2013.04.09 13:30:01.168,0.97412,0.97425,1.50,1.13
2013.04.09 13:30:01.235,0.97409,0.97427,1.50,1.13
2013.04.09 13:30:01.302,0.97409,0.97428,1.88,1.13
2013.04.09 13:30:01.364,0.9741,0.97429,1.13,1.65
2013.04.09 13:30:02.289,0.97413,0.97432,1.50,2.70
2013.04.09 13:30:02.358,0.97421,0.97433,1.50,2.03
2013.04.09 13:30:02.663,0.97422,0.97435,1.50,1.88
2013.04.09 13:30:02.783,0.97421,0.97438,3.00,2.03
2013.04.09 13:30:03.323,0.9742,0.97436,2.25,1.50
2013.04.09 13:30:03.632,0.97409,0.97421,1.13,3.23
2013.04.09 13:30:03.691,0.97402,0.97421,1.50,2.70
2013.04.09 13:30:03.812,0.97401,0.97421,1.50,1.95
2013.04.09 13:30:03.933,0.97401,0.97421,2.85,1.88
2013.04.09 13:30:04.052,0.97403,0.97422,1.13,1.13
2013.04.09 13:30:04.483,0.97405,0.97424,1.13,1.28
2013.04.09 13:30:04.842,0.97409,0.97424,1.50,1.13
2013.04.09 13:30:04.903,0.97409,0.97425,1.50,1.13
2013.04.09 13:30:05.082,0.97411,0.97428,1.13,1.88
2013.04.09 13:30:05.203,0.97411,0.9743,1.13,2.78
2013.04.09 13:30:05.594,0.97415,0.97434,1.13,1.88
2013.04.09 13:30:05.901,0.97423,0.97441,1.50,1.13
2013.04.09 13:30:05.963,0.97425,0.97442,2.25,1.13
2013.04.09 13:30:06.023,0.97429,0.97442,1.65,1.13
2013.04.09 13:30:06.444,0.97431,0.97447,2.63,1.13
2013.04.09 13:30:06.513,0.97431,0.97448,3.38,1.13
2013.04.09 13:30:06.691,0.97431,0.97451,2.25,2.25
2013.04.09 13:30:06.933,0.97427,0.97447,2.25,1.13
2013.04.09 13:30:07.414,0.97427,0.97442,3.15,1.50
2013.04.09 13:30:07.542,0.97427,0.9744,1.50,1.50
2013.04.09 13:30:07.662,0.97424,0.97442,1.50,1.50
2013.04.09 13:30:07.783,0.97422,0.97443,3.23,3.53
2013.04.09 13:30:07.843,0.97426,0.97443,1.13,1.88
2013.04.09 13:30:08.035,0.97427,0.97446,1.88,1.50
2013.04.09 13:30:08.592,0.97429,0.97446,1.88,1.50
2013.04.09 13:30:10.833,0.97429,0.97446,2.10,1.50
2013.04.09 13:30:11.015,0.97436,0.97455,1.95,1.28
2013.04.09 13:30:11.085,0.9744,0.97458,1.65,1.28
2013.04.09 13:30:11.274,0.97446,0.97459,1.50,1.28
2013.04.09 13:30:11.402,0.97447,0.97462,2.10,1.50
2013.04.09 13:30:11.463,0.97451,0.97469,2.10,1.50
2013.04.09 13:30:11.532,0.97452,0.97472,1.35,1.88
2013.04.09 13:30:11.592,0.97452,0.97475,2.48,1.28
2013.04.09 13:30:12.122,0.97453,0.97475,1.13,1.28
2013.04.09 13:30:13.038,0.97453,0.97474,1.13,1.28
2013.04.09 13:30:13.430,0.97447,0.97465,2.25,1.88
2013.04.09 13:30:13.733,0.97447,0.97467,2.63,1.50
2013.04.09 13:30:13.862,0.9745,0.97468,1.50,1.13
2013.04.09 13:30:14.046,0.97454,0.97473,1.13,1.13
2013.04.09 13:30:14.303,0.97456,0.97472,1.50,1.13
2013.04.09 13:30:14.493,0.97449,0.9747,1.13,1.28
2013.04.09 13:30:14.552,0.97449,0.97468,1.13,1.13
2013.04.09 13:30:14.612,0.97447,0.97464,1.50,1.50
2013.04.09 13:30:14.792,0.97446,0.9746,1.50,1.50
2013.04.09 13:30:14.853,0.97442,0.9746,1.13,1.50
2013.04.09 13:30:15.052,0.97444,0.97461,1.50,1.13
2013.04.09 13:30:15.293,0.97446,0.97465,1.50,2.63
2013.04.09 13:30:15.414,0.97448,0.97465,1.50,1.50
2013.04.09 13:30:15.605,0.9745,0.97469,1.13,1.88
2013.04.09 13:30:16.412,0.97452,0.97468,2.63,1.50
2013.04.09 13:30:16.911,0.97453,0.97469,1.50,1.65
2013.04.09 13:30:17.332,0.97452,0.97471,2.25,1.28
2013.04.09 13:30:17.512,0.97452,0.97471,1.50,1.28
2013.04.09 13:30:18.294,0.97452,0.97471,2.25,2.78
2013.04.09 13:30:18.781,0.97452,0.97471,2.25,2.78
2013.04.09 13:30:19.092,0.97454,0.97469,1.50,1.28
2013.04.09 13:30:19.646,0.97454,0.97469,1.50,2.03
2013.04.09 13:30:20.056,0.97456,0.97469,1.50,1.28
2013.04.09 13:30:20.768,0.97451,0.97467,1.50,1.13
2013.04.09 13:30:22.753,0.97452,0.97467,1.50,1.50
2013.04.09 13:30:22.873,0.9745,0.97469,1.88,1.43
2013.04.09 13:30:22.932,0.97452,0.9747,1.65,2.93
2013.04.09 13:30:23.173,0.9745,0.97469,4.05,1.28
2013.04.09 13:30:23.239,0.9745,0.97469,3.00,1.50
2013.04.09 13:30:25.573,0.97448,0.97469,2.03,2.25
2013.04.09 13:30:27.682,0.9745,0.97467,1.50,1.50
2013.04.09 13:30:27.862,0.97449,0.97467,1.88,1.13
2013.04.09 13:30:27.982,0.97451,0.97472,2.03,2.10
2013.04.09 13:30:28.042,0.97453,0.97472,1.65,1.73
2013.04.09 13:30:28.583,0.9745,0.9747,1.50,1.28
2013.04.09 13:30:29.703,0.9745,0.97468,2.25,1.50
2013.04.09 13:30:30.982,0.97449,0.97467,1.88,1.13
2013.04.09 13:30:31.652,0.97447,0.97467,2.78,1.20
2013.04.09 13:30:32.221,0.97447,0.97466,2.78,2.03
2013.04.09 13:30:37.332,0.9745,0.97467,1.50,2.25
2013.04.09 13:30:38.206,0.97447,0.97465,2.40,1.65
2013.04.09 13:30:40.322,0.97448,0.97465,1.65,1.65
2013.04.09 13:30:43.813,0.97447,0.97465,2.40,1.28
2013.04.09 13:30:44.752,0.97449,0.97464,1.50,1.28
2013.04.09 13:30:45.273,0.97447,0.97464,1.65,1.28
2013.04.09 13:30:46.332,0.97446,0.97464,2.40,1.28
2013.04.09 13:30:46.394,0.97446,0.97463,2.25,1.35
2013.04.09 13:30:46.583,0.97441,0.9746,1.80,1.50
2013.04.09 13:30:46.643,0.97441,0.9746,1.65,1.73
2013.04.09 13:30:46.943,0.97437,0.97456,1.65,1.28
2013.04.09 13:30:50.095,0.97438,0.97456,1.28,1.65
2013.04.09 13:30:50.792,0.97437,0.97456,3.53,1.65
2013.04.09 13:30:50.952,0.97439,0.97457,1.13,1.73
2013.04.09 13:30:51.312,0.97444,0.97462,1.13,1.65
2013.04.09 13:30:51.431,0.97444,0.97463,1.13,1.13
2013.04.09 13:30:51.953,0.97446,0.97465,1.65,1.88
2013.04.09 13:30:52.332,0.97446,0.97465,2.03,1.50
2013.04.09 13:30:53.677,0.97448,0.97467,1.50,1.28
2013.04.09 13:30:54.269,0.97448,0.97467,2.25,1.28
2013.04.09 13:30:54.702,0.97449,0.9747,1.50,2.03
2013.04.09 13:30:54.763,0.97448,0.97468,1.50,2.25
2013.04.09 13:30:56.050,0.97448,0.97464,1.50,1.13
2013.04.09 13:30:56.612,0.97447,0.97464,1.65,1.13
2013.04.09 13:30:57.423,0.97448,0.97464,1.50,1.13
2013.04.09 13:30:58.783,0.97447,0.97462,2.25,1.13
2013.04.09 13:30:58.961,0.97441,0.97462,1.50,1.73
2013.04.09 13:30:59.084,0.97441,0.97458,1.50,1.13
2013.04.09 13:30:59.655,0.97441,0.97456,1.50,1.13
2013.04.09 13:31:02.182,0.97441,0.97456,1.50,1.13
2013.04.09 13:31:02.854,0.97441,0.97457,1.50,1.13
2013.04.09 13:31:03.654,0.97438,0.97456,2.25,1.13
2013.04.09 13:31:03.842,0.97438,0.97454,1.50,1.50
2013.04.09 13:31:04.145,0.97428,0.97443,1.13,1.73
2013.04.09 13:31:04.273,0.97426,0.9744,1.50,1.13
2013.04.09 13:31:04.392,0.97421,0.97438,1.65,1.13
2013.04.09 13:31:04.513,0.97425,0.97441,1.13,1.13
2013.04.09 13:31:04.632,0.97425,0.97444,1.13,1.88
2013.04.09 13:31:04.934,0.97433,0.97448,1.13,1.35
2013.04.09 13:31:05.242,0.97437,0.97454,1.50,1.28
2013.04.09 13:31:05.601,0.97437,0.97454,1.50,2.03
2013.04.09 13:31:06.852,0.97437,0.97453,1.50,1.28
2013.04.09 13:31:07.332,0.97437,0.9745,1.50,1.13
2013.04.09 13:31:08.240,0.97431,0.97449,1.73,1.88
2013.04.09 13:31:08.319,0.97427,0.97446,1.88,1.13
2013.04.09 13:31:08.626,0.97427,0.97441,1.50,1.13
2013.04.09 13:31:08.934,0.97421,0.97436,1.65,1.13
2013.04.09 13:31:09.064,0.97416,0.97436,2.03,1.50
2013.04.09 13:31:09.474,0.97419,0.97436,1.50,1.50
2013.04.09 13:31:10.351,0.9742,0.97437,1.65,1.13
2013.04.09 13:31:10.591,0.97422,0.97439,1.13,1.13
2013.04.09 13:31:10.652,0.97423,0.97443,1.50,2.40
2013.04.09 13:31:10.952,0.97422,0.97443,1.13,2.25
2013.04.09 13:31:11.072,0.97422,0.97443,1.13,2.25
2013.04.09 13:31:11.253,0.97421,0.97442,2.25,2.03
2013.04.09 13:31:11.612,0.97417,0.97435,1.65,1.88
2013.04.09 13:31:11.673,0.97417,0.97434,1.65,1.28
2013.04.09 13:31:11.853,0.97417,0.97434,1.50,1.50
2013.04.09 13:31:13.672,0.97418,0.97435,1.50,2.25
2013.04.09 13:31:13.914,0.97429,0.97446,1.13,1.50
2013.04.09 13:31:14.163,0.97428,0.97446,1.50,1.50
2013.04.09 13:31:14.473,0.97426,0.97444,1.50,1.28
2013.04.09 13:31:17.273,0.97427,0.97443,2.25,1.13
2013.04.09 13:31:17.393,0.97427,0.97443,2.10,1.13
2013.04.09 13:31:17.572,0.97429,0.97445,1.50,1.13
2013.04.09 13:31:17.874,0.97429,0.97444,2.25,1.28
2013.04.09 13:31:18.062,0.97426,0.97444,1.50,2.03
2013.04.09 13:31:18.773,0.97426,0.97443,2.25,1.13
2013.04.09 13:31:20.172,0.97427,0.97444,1.65,1.13
2013.04.09 13:31:20.531,0.9743,0.97446,1.50,1.28
2013.04.09 13:31:21.031,0.97427,0.97446,2.78,1.28
2013.04.09 13:31:22.117,0.97427,0.97446,2.25,2.25
2013.04.09 13:31:33.624,0.97428,0.97446,1.88,1.28
2013.04.09 13:31:33.743,0.97429,0.97446,1.50,1.28
2013.04.09 13:31:33.863,0.97426,0.97446,1.88,1.28
2013.04.09 13:31:35.181,0.97427,0.97446,2.25,2.03
2013.04.09 13:31:36.524,0.97427,0.97446,1.50,2.03
2013.04.09 13:31:36.991,0.97427,0.97446,1.50,2.40
2013.04.09 13:31:37.602,0.9743,0.97446,1.50,1.65
2013.04.09 13:31:37.963,0.97426,0.97443,2.25,1.13
2013.04.09 13:31:38.958,0.97428,0.97443,1.50,1.13
2013.04.09 13:31:39.492,0.97425,0.97443,1.88,1.88
2013.04.09 13:31:39.675,0.97424,0.9744,1.50,1.13
2013.04.09 13:31:39.743,0.97423,0.9744,1.50,1.50
2013.04.09 13:31:39.803,0.97418,0.97438,4.13,1.50
2013.04.09 13:31:39.872,0.97422,0.97439,1.50,1.88
2013.04.09 13:31:40.172,0.97424,0.97439,1.50,1.13
2013.04.09 13:31:40.292,0.97426,0.9744,1.50,1.50
2013.04.09 13:31:40.412,0.97425,0.97442,1.50,1.50
2013.04.09 13:31:40.472,0.97425,0.9744,1.50,1.88
2013.04.09 13:31:40.531,0.97424,0.9744,1.13,1.88
2013.04.09 13:31:40.952,0.97422,0.9744,1.50,1.88
2013.04.09 13:31:41.013,0.97422,0.9744,1.50,1.88
2013.04.09 13:31:41.253,0.97419,0.97436,1.50,1.13
2013.04.09 13:31:41.553,0.97421,0.97436,1.50,1.13
2013.04.09 13:31:41.613,0.97422,0.97438,1.50,1.50
2013.04.09 13:31:41.792,0.97423,0.97439,1.50,1.28
2013.04.09 13:31:41.852,0.97422,0.97439,1.50,1.28
2013.04.09 13:31:42.032,0.97421,0.97438,1.50,1.13
2013.04.09 13:31:42.391,0.97425,0.97439,1.50,1.65
2013.04.09 13:31:43.200,0.97425,0.9744,1.50,2.25
2013.04.09 13:31:43.376,0.97424,0.9744,1.50,2.25
2013.04.09 13:31:43.931,0.97423,0.97439,1.50,1.65
2013.04.09 13:31:49.237,0.97423,0.97438,1.50,1.73
2013.04.09 13:31:49.493,0.97419,0.97434,1.50,1.28
2013.04.09 13:31:49.553,0.97419,0.97433,1.50,2.85
2013.04.09 13:31:49.853,0.97415,0.97433,1.50,3.30
2013.04.09 13:31:49.972,0.97415,0.97433,1.50,3.30
2013.04.09 13:31:50.532,0.97415,0.97433,2.25,3.30
2013.04.09 13:31:52.721,0.97413,0.97431,1.65,1.35
2013.04.09 13:31:54.044,0.97415,0.97431,1.50,1.65
2013.04.09 13:31:54.112,0.97412,0.97431,2.25,1.65
2013.04.09 13:31:54.177,0.97412,0.97429,1.50,1.50
2013.04.09 13:31:54.731,0.97412,0.97429,1.50,1.50
2013.04.09 13:31:55.094,0.97412,0.97429,1.65,1.13
2013.04.09 13:31:55.273,0.97414,0.97429,1.65,1.88
2013.04.09 13:31:55.969,0.97414,0.97432,1.65,2.03
2013.04.09 13:31:56.382,0.97417,0.97432,1.50,2.03
2013.04.09 13:31:56.634,0.9742,0.97433,1.50,1.50
2013.04.09 13:31:56.932,0.9742,0.97438,1.50,3.00
2013.04.09 13:31:58.710,0.97421,0.97437,1.50,1.28
2013.04.09 13:31:58.832,0.97421,0.97438,2.48,1.88
2013.04.09 13:31:58.893,0.97422,0.97439,1.65,1.50
2013.04.09 13:31:59.452,0.97427,0.97442,1.50,1.28
2013.04.09 13:32:00.642,0.97424,0.9744,1.65,2.03
2013.04.09 13:32:00.764,0.97421,0.97438,1.50,1.28
2013.04.09 13:32:00.955,0.97417,0.97434,1.65,1.88
2013.04.09 13:32:01.028,0.97417,0.97434,1.65,1.88
2013.04.09 13:32:01.157,0.97416,0.97434,2.63,1.13
2013.04.09 13:32:01.661,0.9742,0.97434,1.50,1.88
2013.04.09 13:32:02.262,0.97419,0.97434,2.25,1.88
2013.04.09 13:32:02.443,0.97417,0.97434,2.63,1.88
2013.04.09 13:32:05.591,0.97414,0.97433,1.13,2.63
2013.04.09 13:32:06.811,0.97414,0.97433,1.13,3.00
2013.04.09 13:32:06.872,0.97413,0.9743,2.25,1.13
2013.04.09 13:32:07.056,0.97413,0.97431,3.38,1.50
2013.04.09 13:32:07.362,0.97415,0.97432,1.50,2.10
2013.04.09 13:32:08.208,0.97413,0.97431,2.63,1.58
2013.04.09 13:32:08.743,0.97413,0.9743,1.50,1.88
2013.04.09 13:32:09.543,0.97411,0.97428,1.50,1.50
2013.04.09 13:32:09.662,0.97408,0.97427,2.40,1.28
2013.04.09 13:32:17.003,0.97411,0.97428,1.50,1.28
2013.04.09 13:32:20.053,0.97411,0.97426,1.50,2.25
2013.04.09 13:32:20.174,0.97406,0.97426,2.25,1.65
2013.04.09 13:32:20.305,0.97409,0.97425,1.65,1.28
2013.04.09 13:32:27.162,0.9741,0.97425,1.50,1.13
2013.04.09 13:32:27.701,0.97408,0.97423,1.50,1.88
2013.04.09 13:32:28.484,0.97408,0.97423,1.50,2.48
2013.04.09 13:32:28.612,0.97407,0.97422,1.50,1.88
2013.04.09 13:32:28.913,0.97407,0.97422,2.25,1.88
2013.04.09 13:32:29.496,0.97407,0.97422,2.25,2.63
2013.04.09 13:32:30.154,0.97407,0.9742,2.25,1.50
2013.04.09 13:32:30.749,0.97407,0.97421,2.25,1.13
2013.04.09 13:32:35.295,0.97407,0.97421,2.25,1.13
2013.04.09 13:32:36.554,0.97407,0.9742,1.50,1.50
2013.04.09 13:32:36.992,0.97407,0.97421,1.50,1.88
2013.04.09 13:32:38.153,0.97406,0.97421,2.25,1.88
2013.04.09 13:32:38.681,0.97406,0.97419,1.50,1.50
2013.04.09 13:32:42.112,0.97406,0.9742,2.25,1.88
2013.04.09 13:32:42.482,0.97407,0.97423,1.50,2.03
2013.04.09 13:32:43.032,0.97407,0.97423,1.50,2.03
2013.04.09 13:32:44.716,0.97407,0.97423,1.50,2.03
2013.04.09 13:32:44.905,0.97409,0.97423,1.88,1.13
2013.04.09 13:32:45.093,0.97416,0.97429,1.50,1.65
2013.04.09 13:32:45.862,0.97416,0.97432,1.65,1.88
2013.04.09 13:32:45.922,0.97418,0.97432,1.50,1.13
2013.04.09 13:32:49.063,0.97415,0.97432,2.40,1.13
2013.04.09 13:32:51.686,0.97415,0.97432,2.40,1.88
2013.04.09 13:32:52.146,0.97415,0.97425,1.65,2.25
2013.04.09 13:32:52.273,0.97405,0.97422,4.65,1.13
2013.04.09 13:32:52.333,0.97405,0.97422,3.15,1.13
2013.04.09 13:32:52.393,0.97402,0.97418,1.13,1.13
2013.04.09 13:32:52.453,0.97401,0.97418,1.50,1.50
2013.04.09 13:32:52.634,0.97398,0.97415,1.50,1.13
2013.04.09 13:32:53.083,0.97397,0.97414,1.50,1.13
2013.04.09 13:32:55.883,0.97398,0.97415,1.50,1.13
2013.04.09 13:32:55.942,0.97398,0.97415,1.88,1.13
2013.04.09 13:32:56.653,0.97399,0.97415,1.13,1.13
2013.04.09 13:32:56.832,0.97402,0.97419,1.13,2.25
2013.04.09 13:32:56.892,0.97401,0.97419,2.40,2.63
2013.04.09 13:32:57.013,0.97401,0.97414,1.65,1.13
2013.04.09 13:32:57.563,0.97398,0.97414,1.50,1.13
2013.04.09 13:32:58.833,0.97396,0.97413,3.08,1.13
2013.04.09 13:32:59.143,0.97396,0.97411,3.00,1.13
2013.04.09 13:32:59.445,0.97396,0.97411,1.65,1.13
2013.04.09 13:32:59.574,0.97394,0.97409,1.50,1.13
2013.04.09 13:32:59.814,0.97386,0.97405,1.50,2.48
2013.04.09 13:32:59.877,0.97383,0.97401,1.65,1.13
2013.04.09 13:33:00.194,0.97381,0.97399,1.13,1.50
2013.04.09 13:33:00.387,0.97378,0.97394,1.13,1.13
2013.04.09 13:33:00.525,0.97376,0.97393,1.88,1.13
2013.04.09 13:33:00.593,0.97376,0.97393,1.50,1.28
2013.04.09 13:33:00.714,0.97376,0.97391,1.50,1.13
2013.04.09 13:33:01.023,0.97377,0.97393,1.13,1.13
2013.04.09 13:33:01.632,0.97381,0.97394,1.50,1.13
2013.04.09 13:33:01.813,0.97381,0.97399,1.50,2.40
2013.04.09 13:33:03.221,0.97379,0.97398,1.65,1.65
2013.04.09 13:33:03.403,0.97379,0.97399,1.65,1.65
2013.04.09 13:33:03.585,0.97383,0.974,1.13,1.13
2013.04.09 13:33:03.893,0.97383,0.97401,1.88,2.03
2013.04.09 13:33:04.386,0.97386,0.97401,1.65,1.28
2013.04.09 13:33:05.712,0.97386,0.97402,1.65,1.28
2013.04.09 13:33:06.836,0.97383,0.97402,1.88,1.28
2013.04.09 13:33:06.905,0.9738,0.97398,2.40,2.03
2013.04.09 13:33:07.154,0.97377,0.97397,2.63,1.13
2013.04.09 13:33:07.223,0.97377,0.97395,1.50,1.50
2013.04.09 13:33:08.071,0.97377,0.97393,1.50,2.03
2013.04.09 13:33:08.597,0.9738,0.97393,2.25,2.03
2013.04.09 13:33:10.319,0.97381,0.97393,1.50,1.13
2013.04.09 13:33:10.526,0.97387,0.97399,1.50,1.13
2013.04.09 13:33:11.964,0.97387,0.97399,1.50,1.13
2013.04.09 13:33:12.154,0.97387,0.97402,1.65,1.13
2013.04.09 13:33:12.211,0.97387,0.97403,1.65,2.63
2013.04.09 13:33:13.152,0.97391,0.97402,1.50,1.13
2013.04.09 13:33:13.742,0.97391,0.97405,1.50,1.50
2013.04.09 13:33:16.162,0.97391,0.97404,1.50,1.13
2013.04.09 13:33:16.404,0.97385,0.974,1.50,1.50
2013.04.09 13:33:17.782,0.97385,0.974,1.50,1.50
2013.04.09 13:33:17.842,0.97385,0.97399,1.50,1.28
2013.04.09 13:33:18.143,0.97377,0.97391,1.50,1.13
2013.04.09 13:33:18.382,0.97377,0.97391,1.88,1.13
2013.04.09 13:33:18.743,0.97386,0.97395,1.50,1.13
2013.04.09 13:33:18.804,0.97386,0.97397,1.50,1.13
2013.04.09 13:33:19.442,0.97382,0.97397,2.25,1.13
2013.04.09 13:33:19.501,0.97382,0.97397,1.50,1.13
2013.04.09 13:33:19.863,0.97382,0.97397,1.50,1.13
2013.04.09 13:33:21.832,0.9738,0.97397,2.40,1.13
2013.04.09 13:33:22.133,0.97382,0.97397,1.50,1.13
2013.04.09 13:33:22.432,0.97378,0.97394,1.13,1.28
2013.04.09 13:33:22.733,0.97378,0.97395,1.50,1.13
2013.04.09 13:33:23.034,0.97378,0.97398,1.50,2.03
2013.04.09 13:33:23.582,0.97382,0.97398,1.50,1.28
2013.04.09 13:33:25.982,0.97382,0.97398,1.65,1.13
2013.04.09 13:33:26.042,0.97382,0.974,1.65,1.13
2013.04.09 13:33:26.934,0.97383,0.97399,1.35,1.50
2013.04.09 13:33:28.907,0.97383,0.97401,2.10,1.13
2013.04.09 13:33:29.292,0.97383,0.97401,2.10,1.13
2013.04.09 13:33:29.864,0.97387,0.97398,1.50,2.25
2013.04.09 13:33:29.986,0.97383,0.97398,1.13,2.25
2013.04.09 13:33:30.422,0.97383,0.974,2.25,1.28
2013.04.09 13:33:31.302,0.97385,0.974,1.50,1.28
2013.04.09 13:33:36.373,0.97383,0.97398,1.50,1.13
2013.04.09 13:33:42.663,0.97383,0.974,1.50,1.58
2013.04.09 13:33:43.022,0.97386,0.97404,2.25,2.03
2013.04.09 13:33:45.732,0.97387,0.97403,1.50,1.28
2013.04.09 13:33:45.912,0.97395,0.97409,1.50,1.13
2013.04.09 13:33:46.462,0.97396,0.97411,1.50,1.65
2013.04.09 13:33:47.022,0.97395,0.97412,2.25,2.70
2013.04.09 13:33:47.942,0.97395,0.97411,2.25,1.28
2013.04.09 13:33:48.984,0.97395,0.97411,2.25,1.28
2013.04.09 13:33:49.582,0.97395,0.97411,1.50,2.78
2013.04.09 13:33:49.982,0.97393,0.97409,1.50,1.13
2013.04.09 13:33:51.524,0.97393,0.9741,2.25,1.28
2013.04.09 13:33:57.862,0.97393,0.97411,2.63,2.40
2013.04.09 13:34:01.402,0.97393,0.9741,1.88,1.13
2013.04.09 13:34:13.302,0.97394,0.9741,2.25,1.13
2013.04.09 13:34:15.694,0.97394,0.9741,1.50,3.38
2013.04.09 13:34:15.933,0.97388,0.97407,1.28,1.35
2013.04.09 13:34:17.467,0.97388,0.97406,1.65,1.28
2013.04.09 13:34:18.145,0.97386,0.97404,2.25,3.75
2013.04.09 13:34:18.212,0.97384,0.97403,1.50,3.00
2013.04.09 13:34:18.273,0.97384,0.974,1.50,1.28
2013.04.09 13:34:18.513,0.9738,0.97399,2.25,2.10
2013.04.09 13:34:25.176,0.9738,0.97395,2.25,1.28
2013.04.09 13:34:28.692,0.9738,0.97393,2.25,1.50
2013.04.09 13:34:28.873,0.97377,0.97393,2.25,1.50
2013.04.09 13:34:38.233,0.97377,0.97393,3.00,1.28
2013.04.09 13:34:38.364,0.97384,0.97395,1.50,1.13
2013.04.09 13:34:38.433,0.97384,0.97399,1.50,2.40
2013.04.09 13:34:38.612,0.97384,0.97399,1.50,2.78
2013.04.09 13:34:38.677,0.97381,0.97399,2.25,2.78
2013.04.09 13:34:38.864,0.97381,0.97398,1.50,1.65
2013.04.09 13:34:41.323,0.97378,0.97395,1.50,1.65
2013.04.09 13:34:41.852,0.97377,0.97394,2.25,2.40
2013.04.09 13:34:43.174,0.97378,0.97394,1.65,1.50
2013.04.09 13:34:43.356,0.97383,0.97397,1.50,1.50
2013.04.09 13:34:43.664,0.97382,0.97398,2.25,1.65
2013.04.09 13:34:43.852,0.97382,0.97401,2.25,2.10
2013.04.09 13:34:43.973,0.97383,0.97401,1.50,1.35
2013.04.09 13:34:44.153,0.97382,0.97401,2.25,1.35
2013.04.09 13:34:44.222,0.97382,0.97401,2.25,3.08
2013.04.09 13:34:44.525,0.97377,0.97394,1.88,1.50
2013.04.09 13:34:44.593,0.97377,0.97394,1.50,1.65
2013.04.09 13:34:45.598,0.97378,0.97394,2.25,1.73
2013.04.09 13:34:45.723,0.97378,0.97394,2.25,1.73
2013.04.09 13:34:45.783,0.97378,0.97394,1.50,1.65
2013.04.09 13:34:51.935,0.97378,0.97393,1.50,1.58
2013.04.09 13:34:52.255,0.97376,0.97391,1.50,1.05
2013.04.09 13:34:56.402,0.97374,0.97391,2.25,1.05
2013.04.09 13:34:56.764,0.97376,0.97392,1.50,1.35
2013.04.09 13:35:03.266,0.97374,0.97392,1.50,2.25
2013.04.09 13:35:03.338,0.97371,0.97389,1.50,1.50
2013.04.09 13:35:03.523,0.97366,0.97383,1.50,1.50
2013.04.09 13:35:04.094,0.97367,0.97383,1.50,1.50
2013.04.09 13:35:07.613,0.97368,0.97383,1.50,1.50
2013.04.09 13:35:07.672,0.97368,0.97383,1.50,1.13
2013.04.09 13:35:07.793,0.97367,0.97385,2.40,1.28
2013.04.09 13:35:07.869,0.97367,0.97385,2.40,1.28
2013.04.09 13:35:07.993,0.97367,0.97385,2.40,1.28
2013.04.09 13:35:08.306,0.97369,0.97386,1.50,2.03
2013.04.09 13:35:08.382,0.97371,0.97386,1.50,2.03
2013.04.09 13:35:08.502,0.97368,0.97386,1.50,2.03
2013.04.09 13:35:09.701,0.97369,0.97386,1.50,2.03
2013.04.09 13:35:10.123,0.97369,0.97386,3.75,1.65
2013.04.09 13:35:10.184,0.97374,0.97388,1.50,1.88
2013.04.09 13:35:10.243,0.97371,0.97388,3.00,1.88
2013.04.09 13:35:10.365,0.97372,0.97388,1.50,1.88
2013.04.09 13:35:10.434,0.97371,0.97388,1.50,1.13
2013.04.09 13:35:10.624,0.97371,0.97389,2.40,2.10
2013.04.09 13:35:11.052,0.97373,0.97392,1.50,1.50
2013.04.09 13:35:11.356,0.97373,0.97391,1.50,2.33
2013.04.09 13:35:11.673,0.97373,0.97393,2.25,1.95
2013.04.09 13:35:16.218,0.97375,0.97389,1.13,1.88
2013.04.09 13:35:16.347,0.97371,0.97387,1.50,1.65
2013.04.09 13:35:17.291,0.97367,0.97386,1.88,1.13
2013.04.09 13:35:17.385,0.97367,0.97384,1.50,1.13
2013.04.09 13:35:18.042,0.97368,0.97384,1.50,1.13
2013.04.09 13:35:19.945,0.97367,0.97384,1.50,1.13
2013.04.09 13:35:24.213,0.97368,0.97386,1.58,1.88
2013.04.09 13:35:24.273,0.97372,0.97388,1.50,2.40
2013.04.09 13:35:28.116,0.97372,0.97388,2.25,1.65
2013.04.09 13:35:30.355,0.97372,0.97388,1.50,1.65
2013.04.09 13:35:30.483,0.9737,0.97388,1.13,2.40
2013.04.09 13:35:30.608,0.97367,0.97385,1.88,1.50
2013.04.09 13:35:30.673,0.97367,0.97385,1.13,1.50
2013.04.09 13:35:32.683,0.97365,0.97384,2.03,2.78
2013.04.09 13:35:34.223,0.97365,0.9738,1.88,1.13
2013.04.09 13:35:34.464,0.97362,0.9738,1.50,2.25
2013.04.09 13:35:34.836,0.97358,0.97378,1.50,1.65
2013.04.09 13:35:35.203,0.97357,0.97375,1.50,2.25
2013.04.09 13:35:35.263,0.97356,0.97375,2.78,2.25
2013.04.09 13:35:35.383,0.97357,0.97375,1.50,2.25
2013.04.09 13:35:35.573,0.97356,0.97375,2.03,2.25
2013.04.09 13:35:35.935,0.97356,0.97373,1.13,1.28
2013.04.09 13:35:36.123,0.97352,0.97372,2.63,1.13
2013.04.09 13:35:36.654,0.97353,0.97372,1.50,1.80
2013.04.09 13:35:38.265,0.97351,0.9737,1.28,1.13
2013.04.09 13:35:39.021,0.97349,0.97368,1.65,1.28
2013.04.09 13:35:39.097,0.97349,0.97368,1.28,1.28
2013.04.09 13:35:40.663,0.97349,0.97367,1.50,1.28
2013.04.09 13:35:41.443,0.97351,0.97366,1.50,1.28
2013.04.09 13:35:41.684,0.97347,0.97365,1.88,1.65
2013.04.09 13:35:42.223,0.97344,0.97363,1.50,2.48
2013.04.09 13:35:42.284,0.97343,0.97362,1.13,1.13
2013.04.09 13:35:44.602,0.97343,0.97361,1.50,1.28
2013.04.09 13:35:45.152,0.97342,0.9736,2.25,1.28
2013.04.09 13:35:48.442,0.97343,0.97362,1.50,2.25
2013.04.09 13:35:49.149,0.97346,0.97362,1.50,2.25
2013.04.09 13:35:50.764,0.9734,0.97358,1.28,1.58
2013.04.09 13:35:50.884,0.97339,0.97356,1.88,1.50
2013.04.09 13:35:51.005,0.97336,0.97353,2.03,1.50
2013.04.09 13:35:51.074,0.97337,0.97353,1.50,2.33
2013.04.09 13:35:51.670,0.97333,0.97353,1.88,1.88
2013.04.09 13:35:52.903,0.97333,0.97352,1.50,2.70
2013.04.09 13:35:53.082,0.97331,0.97349,2.63,1.50
2013.04.09 13:35:53.443,0.97333,0.97351,1.88,2.85
2013.04.09 13:35:53.683,0.97331,0.97349,1.28,1.65
2013.04.09 13:35:53.743,0.97331,0.97348,1.13,1.13
2013.04.09 13:35:54.135,0.97326,0.97345,1.28,1.28
2013.04.09 13:35:54.204,0.97326,0.97343,1.28,1.50
2013.04.09 13:35:54.932,0.97327,0.97343,1.50,1.50
2013.04.09 13:35:55.474,0.97325,0.97342,1.65,1.50
2013.04.09 13:35:56.135,0.97324,0.97341,1.28,1.50
2013.04.09 13:35:56.384,0.97323,0.97339,1.88,1.65
2013.04.09 13:35:56.505,0.97322,0.97339,1.50,1.65
2013.04.09 13:35:57.363,0.97321,0.97338,1.28,1.50
2013.04.09 13:35:57.882,0.97322,0.97339,1.50,1.65
2013.04.09 13:35:58.544,0.97321,0.97339,1.28,2.40
2013.04.09 13:36:01.755,0.97321,0.97339,1.28,3.15
2013.04.09 13:36:01.883,0.97318,0.97335,1.13,1.65
2013.04.09 13:36:02.003,0.97316,0.97335,2.03,1.65
2013.04.09 13:36:02.543,0.97316,0.97334,1.65,2.03
2013.04.09 13:36:03.564,0.97315,0.97331,1.28,1.50
2013.04.09 13:36:03.694,0.97316,0.97332,1.65,1.50
2013.04.09 13:36:04.223,0.97316,0.97332,1.65,1.50
2013.04.09 13:36:05.045,0.97315,0.97332,1.28,2.25
2013.04.09 13:36:05.412,0.97311,0.9733,1.13,4.73
2013.04.09 13:36:05.953,0.97311,0.9733,1.88,1.88
2013.04.09 13:36:13.933,0.97313,0.97331,2.25,1.50
2013.04.09 13:36:14.252,0.97317,0.97338,3.38,1.13
2013.04.09 13:36:14.613,0.97319,0.97339,1.13,1.65
2013.04.09 13:36:15.183,0.97319,0.97339,1.50,2.78
2013.04.09 13:36:15.702,0.9732,0.9734,1.13,1.13
2013.04.09 13:36:17.191,0.97322,0.97339,2.63,1.65
2013.04.09 13:36:23.844,0.97323,0.97339,1.50,1.50
2013.04.09 13:36:23.986,0.97329,0.97346,1.13,1.88
2013.04.09 13:36:24.113,0.97331,0.97348,1.65,1.28
2013.04.09 13:36:24.174,0.97332,0.97352,1.28,1.50
2013.04.09 13:36:25.110,0.97332,0.97351,1.28,1.50
2013.04.09 13:36:26.012,0.97332,0.97351,1.28,1.13
2013.04.09 13:36:26.653,0.97332,0.97351,2.63,1.13
2013.04.09 13:36:27.386,0.97334,0.97351,1.50,1.13
2013.04.09 13:36:27.515,0.97335,0.97354,1.73,1.50
2013.04.09 13:36:27.704,0.97337,0.97358,2.78,2.03
2013.04.09 13:36:27.763,0.97339,0.97358,1.13,1.28
2013.04.09 13:36:28.184,0.97341,0.9736,1.88,1.13
2013.04.09 13:36:28.363,0.97343,0.97359,1.13,1.13
2013.04.09 13:36:31.674,0.97343,0.97359,1.13,1.50
2013.04.09 13:36:32.185,0.97343,0.97361,1.50,1.50
2013.04.09 13:36:33.562,0.97343,0.97364,1.50,2.03
2013.04.09 13:36:33.683,0.97346,0.97365,1.13,2.03
2013.04.09 13:36:33.984,0.97351,0.97368,1.50,1.28
2013.04.09 13:36:34.527,0.97357,0.97373,1.50,1.13
2013.04.09 13:36:38.604,0.97356,0.97371,1.50,1.13
2013.04.09 13:36:38.852,0.97348,0.97366,1.88,1.13
2013.04.09 13:36:38.914,0.97349,0.97367,1.13,1.13
2013.04.09 13:36:39.033,0.97348,0.97366,1.13,1.88
2013.04.09 13:36:39.553,0.97348,0.97364,1.13,1.65
2013.04.09 13:36:42.094,0.97349,0.97365,1.50,1.65
2013.04.09 13:36:42.453,0.97347,0.97364,1.65,1.65
2013.04.09 13:36:42.633,0.97347,0.97363,1.65,1.65
2013.04.09 13:36:42.934,0.97347,0.97366,1.65,1.73
2013.04.09 13:36:46.205,0.97345,0.97367,2.03,4.50
2013.04.09 13:36:46.506,0.97341,0.97363,2.03,3.00
2013.04.09 13:36:47.702,0.97341,0.97359,1.28,2.40
2013.04.09 13:36:48.003,0.97336,0.97353,1.13,1.13
2013.04.09 13:36:48.400,0.97332,0.97353,1.43,1.88
2013.04.09 13:36:49.963,0.97334,0.97351,1.13,1.50
2013.04.09 13:36:50.886,0.97334,0.97352,2.03,1.65
2013.04.09 13:36:52.022,0.97332,0.97351,1.28,1.28
2013.04.09 13:36:52.562,0.97334,0.97352,2.25,1.28
2013.04.09 13:36:52.864,0.97333,0.9735,1.65,1.65
2013.04.09 13:36:57.253,0.97334,0.97352,1.65,2.03
2013.04.09 13:36:57.734,0.97337,0.97354,1.13,1.13
2013.04.09 13:36:57.973,0.97336,0.97354,2.63,1.88
2013.04.09 13:36:58.416,0.97337,0.97354,1.13,1.13
2013.04.09 13:36:59.107,0.97339,0.97356,1.50,2.03
2013.04.09 13:36:59.353,0.97342,0.97357,1.58,1.28
2013.04.09 13:36:59.413,0.97343,0.9736,1.95,2.48
2013.04.09 13:36:59.472,0.97344,0.9736,1.50,1.50
2013.04.09 13:36:59.833,0.97346,0.97365,1.65,1.65
2013.04.09 13:37:00.544,0.97346,0.97365,2.40,1.65
2013.04.09 13:37:03.194,0.97347,0.97364,1.13,1.65
2013.04.09 13:37:03.493,0.97346,0.97363,1.50,1.13
2013.04.09 13:37:09.673,0.97341,0.97358,1.50,1.50
2013.04.09 13:37:09.733,0.97341,0.97357,1.50,1.13
2013.04.09 13:37:09.985,0.97336,0.97354,1.50,1.50
2013.04.09 13:37:11.692,0.97338,0.97354,1.13,1.88
2013.04.09 13:37:11.812,0.97339,0.97354,1.50,1.50
2013.04.09 13:37:11.932,0.9734,0.9736,1.65,2.03
2013.04.09 13:37:12.445,0.97342,0.97361,2.03,1.88
2013.04.09 13:37:16.334,0.97343,0.97361,1.88,1.88
2013.04.09 13:37:16.577,0.97344,0.97361,1.13,1.50
2013.04.09 13:37:17.813,0.97347,0.97362,1.28,1.50
2013.04.09 13:37:17.872,0.97348,0.97362,1.50,1.50
2013.04.09 13:37:18.173,0.97353,0.97371,1.13,2.40
2013.04.09 13:37:18.902,0.97352,0.97371,1.50,2.78
2013.04.09 13:37:20.073,0.97352,0.97369,1.50,2.03
2013.04.09 13:37:20.758,0.97352,0.97369,1.50,3.00
2013.04.09 13:37:20.953,0.9735,0.97365,1.50,1.50
2013.04.09 13:37:21.024,0.9735,0.97365,1.50,1.13
2013.04.09 13:37:21.915,0.9735,0.97367,1.50,2.78
2013.04.09 13:37:23.572,0.9735,0.97365,1.50,1.13
2013.04.09 13:37:23.933,0.97345,0.97364,3.00,1.88
2013.04.09 13:37:23.992,0.97345,0.97364,2.63,2.25
2013.04.09 13:37:24.173,0.9734,0.97358,1.13,1.65
2013.04.09 13:37:24.294,0.97337,0.97358,2.78,2.78
2013.04.09 13:37:24.363,0.97337,0.97353,2.40,2.10
2013.04.09 13:37:24.664,0.97335,0.97346,1.13,1.73
2013.04.09 13:37:24.723,0.97326,0.97345,1.65,1.13
2013.04.09 13:37:24.963,0.97326,0.97345,1.65,1.13
2013.04.09 13:37:25.832,0.97325,0.97344,2.78,2.03
2013.04.09 13:37:26.372,0.97326,0.97343,1.65,1.13
2013.04.09 13:37:26.762,0.97325,0.97342,1.50,2.25
2013.04.09 13:37:26.823,0.97324,0.97341,1.50,1.35
2013.04.09 13:37:27.002,0.97319,0.97338,1.28,1.28
2013.04.09 13:37:28.212,0.97317,0.97335,3.53,1.13
2013.04.09 13:37:28.722,0.97318,0.97335,2.40,1.13
2013.04.09 13:37:29.242,0.97317,0.97335,3.38,1.13
2013.04.09 13:37:32.424,0.97321,0.97336,1.50,1.13
2013.04.09 13:37:32.543,0.97321,0.97339,1.50,1.35
2013.04.09 13:37:33.299,0.97326,0.9734,1.50,1.73
2013.04.09 13:37:34.974,0.97326,0.9734,1.50,1.13
2013.04.09 13:37:36.763,0.97323,0.9734,1.28,1.50
2013.04.09 13:37:36.823,0.97322,0.9734,2.03,1.50
2013.04.09 13:37:36.942,0.97322,0.97338,1.88,1.95
2013.04.09 13:37:37.303,0.97318,0.97337,1.35,1.13
2013.04.09 13:37:37.664,0.97319,0.97333,1.13,1.13
2013.04.09 13:37:37.725,0.97317,0.97331,1.13,1.13
2013.04.09 13:37:37.783,0.97314,0.97331,1.50,1.95
2013.04.09 13:37:37.843,0.97312,0.97329,1.65,1.05
2013.04.09 13:37:37.963,0.97312,0.97329,1.50,1.73
2013.04.09 13:37:38.504,0.97308,0.97328,1.50,1.50
2013.04.09 13:37:39.052,0.97306,0.97325,1.88,1.65
2013.04.09 13:37:39.953,0.97308,0.97325,1.50,2.03
2013.04.09 13:37:40.133,0.97306,0.97324,1.50,1.65
2013.04.09 13:37:40.765,0.97306,0.97324,1.50,1.65
2013.04.09 13:37:41.013,0.97306,0.97324,1.50,1.65
2013.04.09 13:37:41.968,0.97307,0.97325,1.50,1.65
2013.04.09 13:37:43.554,0.97308,0.97325,1.50,1.28
2013.04.09 13:37:46.084,0.9731,0.97327,1.50,1.13
2013.04.09 13:37:46.619,0.97311,0.97328,1.50,2.25
2013.04.09 13:37:47.563,0.97309,0.97325,1.50,1.65
2013.04.09 13:37:48.042,0.97312,0.97329,1.50,1.28
2013.04.09 13:37:48.103,0.97314,0.97329,1.35,1.28
2013.04.09 13:37:48.164,0.97314,0.9733,1.50,1.13
2013.04.09 13:37:48.342,0.97314,0.97333,1.50,1.50
2013.04.09 13:37:48.403,0.97314,0.97333,2.25,1.50
2013.04.09 13:37:48.864,0.97316,0.97333,1.50,1.50
2013.04.09 13:37:49.712,0.97316,0.97333,1.50,1.50
2013.04.09 13:37:50.043,0.97317,0.97333,1.50,1.50
2013.04.09 13:37:53.122,0.97316,0.97332,1.50,1.13
2013.04.09 13:37:53.243,0.97316,0.97332,1.50,1.13
2013.04.09 13:37:53.483,0.97312,0.97328,1.50,1.28
2013.04.09 13:37:54.023,0.97313,0.97329,1.50,1.50
2013.04.09 13:38:00.044,0.97315,0.97332,2.25,1.28
2013.04.09 13:38:00.224,0.97316,0.97333,1.50,1.88
2013.04.09 13:38:00.283,0.97317,0.97333,1.50,1.88
2013.04.09 13:38:00.524,0.97317,0.97333,1.50,1.88
2013.04.09 13:38:00.742,0.97316,0.97333,1.50,1.88
2013.04.09 13:38:01.288,0.97317,0.9733,1.50,1.13
2013.04.09 13:38:01.843,0.97318,0.97328,1.50,1.35
2013.04.09 13:38:01.963,0.97317,0.97329,1.50,1.13
2013.04.09 13:38:02.083,0.97312,0.97328,1.50,1.28
2013.04.09 13:38:02.203,0.9731,0.97328,2.25,1.28
2013.04.09 13:38:02.383,0.9731,0.97328,2.25,1.28
2013.04.09 13:38:02.564,0.97307,0.97327,2.63,1.88
2013.04.09 13:38:02.743,0.9731,0.97325,1.50,1.28
2013.04.09 13:38:03.598,0.97312,0.97328,2.25,1.28
2013.04.09 13:38:06.383,0.97312,0.97329,2.25,3.00
2013.04.09 13:38:06.442,0.97314,0.97329,1.50,3.00
2013.04.09 13:38:06.623,0.97313,0.97329,1.50,1.13
2013.04.09 13:38:06.985,0.97313,0.97328,1.50,2.03
2013.04.09 13:38:10.654,0.97312,0.97328,2.25,2.03
2013.04.09 13:38:10.723,0.97312,0.97328,2.25,2.03
2013.04.09 13:38:14.673,0.97315,0.97331,1.50,1.50
2013.04.09 13:38:14.732,0.97315,0.97333,1.50,2.03
2013.04.09 13:38:14.792,0.97317,0.97333,1.50,2.03
2013.04.09 13:38:15.032,0.97318,0.97333,1.50,1.13
2013.04.09 13:38:15.153,0.97316,0.97333,1.50,1.13
2013.04.09 13:38:15.212,0.97315,0.97333,1.50,1.13
2013.04.09 13:38:15.514,0.97316,0.97328,1.50,1.13
2013.04.09 13:38:15.694,0.97316,0.97329,1.50,1.28
2013.04.09 13:38:16.987,0.97316,0.97329,1.50,1.13
2013.04.09 13:38:17.566,0.97314,0.97331,1.50,2.03
2013.04.09 13:38:18.102,0.97316,0.97331,2.25,1.28
2013.04.09 13:38:18.223,0.97313,0.97331,1.50,2.03
2013.04.09 13:38:18.763,0.97312,0.97329,2.40,2.63
2013.04.09 13:38:18.953,0.97315,0.97329,1.50,2.63
2013.04.09 13:38:22.447,0.97315,0.9733,1.50,1.28
2013.04.09 13:38:25.341,0.97315,0.97329,1.50,1.13
2013.04.09 13:38:25.408,0.9731,0.97329,3.60,1.13
2013.04.09 13:38:25.476,0.9731,0.97328,1.50,1.35
2013.04.09 13:38:26.022,0.9731,0.97325,1.50,3.00
2013.04.09 13:38:27.294,0.97306,0.97323,1.65,2.03
2013.04.09 13:38:29.463,0.97307,0.97326,1.50,2.33
2013.04.09 13:38:29.644,0.97307,0.97323,1.50,1.28
2013.04.09 13:38:30.633,0.97307,0.97324,1.65,1.13
2013.04.09 13:38:30.815,0.97308,0.97325,2.40,1.13
2013.04.09 13:38:32.316,0.97308,0.97325,1.65,1.13
2013.04.09 13:38:33.043,0.9731,0.97326,1.50,1.13
2013.04.09 13:38:33.222,0.97311,0.97329,1.50,3.53
2013.04.09 13:38:33.343,0.97311,0.97329,2.63,2.63
2013.04.09 13:38:33.644,0.97315,0.97329,1.50,1.50
2013.04.09 13:38:35.153,0.97317,0.97331,1.50,1.13
2013.04.09 13:38:35.898,0.97317,0.97334,1.88,1.50
2013.04.09 13:38:38.183,0.97316,0.97333,1.88,1.13
2013.04.09 13:38:38.844,0.97314,0.97333,1.50,1.88
2013.04.09 13:38:39.393,0.97316,0.97333,1.50,1.13
2013.04.09 13:38:40.255,0.97317,0.97335,1.50,1.13
2013.04.09 13:38:40.444,0.9732,0.97337,2.25,1.50
2013.04.09 13:38:40.503,0.9732,0.9734,2.25,2.03
2013.04.09 13:38:41.044,0.97322,0.9734,1.28,1.65
2013.04.09 13:38:41.165,0.97321,0.97339,1.13,1.65
2013.04.09 13:38:41.298,0.97317,0.97338,1.13,1.13
2013.04.09 13:38:41.545,0.97319,0.97338,1.35,1.88
2013.04.09 13:38:42.773,0.97319,0.97338,1.35,1.13
2013.04.09 13:38:43.013,0.9732,0.97339,1.50,1.28
2013.04.09 13:38:43.192,0.97322,0.97343,2.63,2.63
2013.04.09 13:38:43.373,0.97323,0.97343,1.13,1.28
2013.04.09 13:38:44.553,0.97324,0.97343,1.88,1.65
2013.04.09 13:38:44.885,0.97324,0.97339,1.50,1.50
2013.04.09 13:38:45.134,0.97321,0.97339,1.13,1.50
2013.04.09 13:38:45.653,0.97321,0.97341,1.50,2.63
2013.04.09 13:38:46.243,0.97321,0.97341,2.25,1.88
2013.04.09 13:38:47.365,0.97323,0.97341,1.13,1.50
2013.04.09 13:38:47.673,0.97328,0.97344,1.88,1.50
2013.04.09 13:38:47.794,0.97327,0.97344,2.25,1.50
2013.04.09 13:38:52.354,0.97327,0.97343,2.48,1.50
2013.04.09 13:38:52.904,0.97328,0.97348,1.13,1.88
2013.04.09 13:38:53.433,0.97329,0.97348,1.73,2.63
2013.04.09 13:38:56.905,0.97329,0.97347,1.35,1.13
2013.04.09 13:38:56.974,0.97327,0.97344,1.88,1.65
2013.04.09 13:38:57.454,0.97327,0.97344,2.63,1.65
2013.04.09 13:38:58.137,0.97327,0.97343,2.25,1.65
2013.04.09 13:38:58.454,0.97327,0.97345,2.03,1.50
2013.04.09 13:38:58.521,0.97328,0.97348,2.25,1.28
2013.04.09 13:38:58.870,0.97332,0.97351,2.25,1.88
2013.04.09 13:38:59.455,0.97336,0.97351,2.10,1.88
2013.04.09 13:38:59.584,0.97337,0.97355,1.35,2.25
2013.04.09 13:38:59.954,0.97338,0.97355,1.35,1.13
2013.04.09 13:39:00.147,0.97336,0.97357,3.98,1.50
2013.04.09 13:39:00.273,0.97338,0.97357,1.50,1.13
2013.04.09 13:39:00.524,0.97338,0.97358,2.25,1.28
2013.04.09 13:39:01.053,0.97338,0.97357,2.25,1.13
2013.04.09 13:39:01.453,0.97338,0.97355,2.25,1.13
2013.04.09 13:39:02.054,0.97337,0.97355,1.65,1.88
2013.04.09 13:39:02.572,0.97336,0.97355,3.00,1.88
2013.04.09 13:39:04.012,0.97332,0.97349,1.28,1.65
2013.04.09 13:39:04.514,0.97333,0.97351,2.25,1.50
2013.04.09 13:39:05.063,0.97337,0.97353,1.50,1.28
2013.04.09 13:39:05.604,0.97334,0.97349,1.50,1.65
2013.04.09 13:39:05.735,0.9733,0.9735,3.23,1.28
2013.04.09 13:39:06.174,0.97334,0.97351,1.50,1.13
2013.04.09 13:39:08.864,0.97334,0.97349,1.50,3.15
2013.04.09 13:39:09.174,0.9733,0.97349,1.50,2.40
2013.04.09 13:39:09.233,0.9733,0.97349,1.73,2.03
2013.04.09 13:39:09.294,0.97332,0.97352,1.13,2.25
2013.04.09 13:39:09.653,0.97337,0.97353,1.35,1.50
2013.04.09 13:39:09.994,0.97338,0.97353,1.50,1.50
2013.04.09 13:39:10.174,0.97337,0.97353,2.85,2.25
2013.04.09 13:39:10.245,0.97338,0.97353,1.50,1.50
2013.04.09 13:39:11.605,0.97338,0.97353,1.50,2.40
2013.04.09 13:39:12.317,0.97339,0.97353,1.50,1.65
2013.04.09 13:39:12.399,0.97339,0.97356,1.50,1.50
2013.04.09 13:39:16.904,0.97341,0.97358,1.73,1.13
2013.04.09 13:39:17.024,0.97342,0.97359,1.35,1.65
2013.04.09 13:39:17.563,0.97345,0.97363,1.35,1.13
2013.04.09 13:39:17.693,0.97345,0.97364,1.58,2.03
2013.04.09 13:39:18.194,0.97346,0.97365,2.70,1.28
2013.04.09 13:39:18.445,0.97349,0.97366,1.50,1.28
2013.04.09 13:39:19.515,0.97347,0.97366,2.48,1.28
2013.04.09 13:39:20.015,0.97349,0.97368,1.50,3.15
2013.04.09 13:39:20.144,0.97349,0.97368,2.63,2.93
2013.04.09 13:39:21.370,0.97351,0.97368,1.50,1.80
2013.04.09 13:39:23.977,0.97352,0.97371,1.28,2.25
2013.04.09 13:39:24.684,0.97352,0.97371,1.28,2.25
2013.04.09 13:39:25.465,0.97352,0.97371,2.03,2.25
2013.04.09 13:39:26.191,0.97351,0.97369,1.50,1.28
2013.04.09 13:39:26.734,0.97351,0.97369,1.35,2.25
2013.04.09 13:39:26.865,0.97347,0.97367,1.88,1.65
2013.04.09 13:39:26.933,0.97347,0.97365,1.50,1.13
2013.04.09 13:39:26.996,0.97347,0.97365,1.50,1.88
2013.04.09 13:39:27.424,0.97351,0.97365,1.35,2.63
2013.04.09 13:39:27.663,0.97351,0.97368,1.43,1.50
2013.04.09 13:39:28.184,0.97352,0.97368,1.50,2.25
2013.04.09 13:39:28.694,0.97352,0.97368,2.25,1.65
2013.04.09 13:39:29.313,0.97352,0.97368,2.25,1.65
2013.04.09 13:39:30.535,0.97353,0.97369,1.35,1.28
2013.04.09 13:39:31.083,0.97353,0.97368,1.35,2.03
2013.04.09 13:39:31.993,0.97352,0.97368,2.25,1.28
2013.04.09 13:39:32.454,0.97351,0.97367,1.58,1.50
2013.04.09 13:39:32.583,0.97348,0.97365,1.35,1.28
2013.04.09 13:39:36.404,0.9735,0.97365,1.50,1.28
2013.04.09 13:39:37.003,0.97348,0.97364,1.35,1.28
2013.04.09 13:39:39.523,0.9735,0.97366,1.50,1.50
2013.04.09 13:39:41.302,0.97347,0.97365,2.25,1.65
2013.04.09 13:39:42.786,0.97348,0.97366,1.35,1.50
2013.04.09 13:39:44.642,0.97349,0.97366,1.13,1.13
2013.04.09 13:39:44.943,0.9735,0.9737,1.28,1.28
2013.04.09 13:39:48.264,0.97354,0.9737,1.28,1.50
2013.04.09 13:39:48.454,0.97352,0.9737,2.78,1.65
2013.04.09 13:39:49.563,0.97351,0.9737,1.28,1.65
2013.04.09 13:39:51.112,0.97351,0.97368,1.13,1.13
2013.04.09 13:39:51.433,0.9735,0.97367,1.65,1.88
2013.04.09 13:39:51.493,0.9735,0.97367,1.65,1.88
2013.04.09 13:39:52.874,0.9735,0.97369,1.50,1.13
2013.04.09 13:39:52.933,0.9735,0.97367,1.50,1.88
2013.04.09 13:39:53.054,0.97347,0.97363,1.50,1.13
2013.04.09 13:39:53.173,0.97344,0.97363,1.28,2.48
2013.04.09 13:39:53.234,0.97344,0.9736,1.13,1.13
2013.04.09 13:39:53.364,0.97342,0.97361,1.50,2.40
2013.04.09 13:39:53.604,0.97339,0.97357,1.28,1.65
2013.04.09 13:39:54.113,0.97341,0.97361,1.13,2.40
2013.04.09 13:39:54.374,0.97341,0.9736,2.25,1.43
2013.04.09 13:39:54.793,0.97342,0.97361,1.88,1.65
2013.04.09 13:39:54.853,0.97342,0.97362,1.88,1.65
2013.04.09 13:39:55.153,0.97342,0.9736,1.50,1.65
2013.04.09 13:39:55.714,0.97342,0.97361,1.50,2.03
2013.04.09 13:39:56.222,0.97341,0.97358,1.50,2.25
2013.04.09 13:39:57.173,0.97341,0.97358,1.65,1.88
2013.04.09 13:39:57.413,0.97341,0.97358,1.88,1.13
2013.04.09 13:39:58.116,0.97341,0.97357,1.50,1.13
2013.04.09 13:39:59.234,0.97341,0.97359,1.50,1.13
2013.04.09 13:40:02.663,0.97335,0.97353,1.28,1.65
2013.04.09 13:40:02.723,0.97335,0.97353,1.13,1.88
2013.04.09 13:40:02.964,0.97331,0.97351,1.73,1.13
2013.04.09 13:40:03.994,0.97331,0.9735,1.73,1.13
2013.04.09 13:40:04.985,0.97332,0.97351,3.00,1.13
2013.04.09 13:40:05.055,0.97332,0.97352,3.00,1.88
2013.04.09 13:40:05.265,0.97333,0.97353,1.13,1.65
2013.04.09 13:40:05.787,0.97332,0.97352,3.38,1.88
2013.04.09 13:40:09.555,0.97333,0.97352,1.13,1.88
2013.04.09 13:40:15.394,0.97332,0.97352,2.03,1.50
2013.04.09 13:40:15.954,0.97332,0.97352,2.78,1.50
2013.04.09 13:40:16.824,0.97332,0.97348,1.50,1.65
2013.04.09 13:40:21.432,0.9733,0.97348,1.28,1.65
2013.04.09 13:40:24.133,0.97327,0.97346,1.88,2.03
2013.04.09 13:40:24.675,0.97327,0.97345,1.88,1.50
2013.04.09 13:40:24.743,0.97327,0.97345,1.50,1.65
2013.04.09 13:40:24.804,0.97326,0.97344,1.50,2.40
2013.04.09 13:40:25.612,0.97326,0.97339,1.50,1.13
2013.04.09 13:40:25.794,0.97321,0.97338,1.50,1.13
2013.04.09 13:40:26.424,0.97321,0.97338,2.25,1.13
2013.04.09 13:40:26.555,0.97321,0.97339,2.48,2.18
2013.04.09 13:40:26.623,0.97322,0.9734,1.65,2.03
2013.04.09 13:40:28.034,0.97322,0.9734,1.65,2.03
2013.04.09 13:40:28.854,0.97322,0.97342,1.65,1.50
2013.04.09 13:40:31.385,0.97322,0.9734,1.65,1.65
2013.04.09 13:40:31.922,0.97322,0.9734,1.65,1.65
2013.04.09 13:40:32.834,0.97322,0.97338,1.50,1.88
2013.04.09 13:40:32.955,0.97321,0.97338,1.50,1.88
2013.04.09 13:40:36.253,0.97317,0.97334,1.65,1.13
2013.04.09 13:40:36.663,0.97318,0.97336,1.50,1.43
2013.04.09 13:40:38.584,0.97321,0.97337,1.50,1.28
2013.04.09 13:40:38.703,0.97321,0.97337,1.65,1.13
2013.04.09 13:40:38.763,0.97323,0.9734,1.65,1.28
2013.04.09 13:40:39.665,0.97323,0.9734,1.65,1.28
2013.04.09 13:40:40.107,0.97323,0.9734,2.40,1.28
2013.04.09 13:40:40.293,0.97324,0.97342,1.73,1.13
2013.04.09 13:40:49.574,0.97327,0.97343,2.70,1.13
2013.04.09 13:40:49.694,0.97331,0.97346,1.35,1.50
2013.04.09 13:40:49.814,0.97332,0.97347,1.35,1.13
2013.04.09 13:40:51.933,0.97331,0.97347,1.50,1.88
2013.04.09 13:40:52.563,0.97328,0.97347,1.65,1.88
2013.04.09 13:40:53.493,0.97331,0.97345,1.50,1.13
2013.04.09 13:40:53.954,0.9733,0.97349,1.28,1.28
2013.04.09 13:40:54.496,0.97332,0.97351,1.13,1.28
2013.04.09 13:40:54.913,0.97332,0.97351,1.73,1.28
2013.04.09 13:40:55.213,0.97336,0.97351,1.65,1.13
2013.04.09 13:40:55.533,0.97334,0.97352,1.50,1.28
2013.04.09 13:40:55.593,0.97334,0.97352,1.50,1.65
2013.04.09 13:40:55.653,0.97335,0.97352,1.13,1.28
2013.04.09 13:40:55.773,0.97336,0.97355,2.03,1.13
2013.04.09 13:40:55.892,0.97336,0.97354,1.88,1.13
2013.04.09 13:40:56.766,0.97337,0.97354,1.50,2.25
2013.04.09 13:40:57.463,0.97336,0.97354,1.50,3.00
2013.04.09 13:41:02.403,0.97335,0.97353,2.40,1.65
2013.04.09 13:41:02.663,0.97336,0.97354,1.50,1.88
2013.04.09 13:41:03.117,0.97335,0.97354,1.65,2.63
2013.04.09 13:41:03.183,0.97335,0.97352,1.50,1.28
2013.04.09 13:41:04.034,0.97331,0.97346,1.50,1.50
2013.04.09 13:41:04.153,0.97325,0.97344,1.50,1.28
2013.04.09 13:41:04.523,0.97323,0.97344,1.28,1.28
2013.04.09 13:41:05.479,0.97325,0.97342,1.50,1.65
2013.04.09 13:41:06.024,0.97325,0.97342,1.50,1.65
2013.04.09 13:41:06.413,0.97325,0.97342,1.50,1.65
2013.04.09 13:41:06.715,0.97327,0.97342,1.50,1.65
2013.04.09 13:41:06.983,0.97326,0.97342,1.50,1.65
2013.04.09 13:41:08.050,0.97324,0.97342,1.28,1.65
2013.04.09 13:41:08.523,0.97322,0.97343,2.78,2.03
2013.04.09 13:41:10.364,0.97322,0.97342,1.50,2.78
2013.04.09 13:41:10.895,0.97322,0.9734,2.10,1.50
2013.04.09 13:41:12.175,0.97322,0.97339,1.35,1.13
2013.04.09 13:41:13.193,0.97323,0.97339,1.13,1.50
2013.04.09 13:41:14.763,0.97323,0.97338,1.13,1.50
2013.04.09 13:41:16.149,0.97323,0.97338,1.13,1.50
2013.04.09 13:41:16.457,0.97318,0.97336,1.28,1.13
2013.04.09 13:41:16.645,0.97314,0.97333,1.13,1.13
2013.04.09 13:41:16.714,0.97312,0.97333,2.18,1.50
2013.04.09 13:41:17.570,0.97312,0.97331,1.13,2.48
2013.04.09 13:41:17.658,0.97305,0.97324,1.13,1.50
2013.04.09 13:41:18.316,0.97306,0.97323,1.50,1.50
2013.04.09 13:41:19.443,0.97304,0.97324,1.28,2.63
2013.04.09 13:41:19.803,0.97302,0.97321,3.75,1.50
2013.04.09 13:41:22.223,0.97302,0.97321,3.00,1.50
2013.04.09 13:41:22.712,0.97302,0.97321,3.75,1.50
2013.04.09 13:41:22.892,0.97305,0.97321,1.13,1.50
2013.04.09 13:41:23.074,0.97307,0.97324,1.35,2.63
2013.04.09 13:41:23.374,0.97307,0.97324,1.35,1.50
2013.04.09 13:41:24.263,0.97307,0.97324,2.48,2.25
2013.04.09 13:41:24.625,0.97309,0.97329,1.13,2.78
2013.04.09 13:41:24.934,0.97311,0.97329,1.58,1.28
2013.04.09 13:41:25.474,0.97311,0.9733,2.33,2.03
2013.04.09 13:41:26.304,0.97313,0.9733,2.10,1.28
2013.04.09 13:41:26.495,0.97313,0.97333,2.18,1.50
2013.04.09 13:41:26.684,0.97317,0.97334,1.73,1.50
2013.04.09 13:41:26.806,0.97319,0.97338,1.58,1.28
2013.04.09 13:41:27.113,0.97322,0.97339,1.13,1.88
2013.04.09 13:41:28.460,0.97319,0.97337,1.88,1.13
2013.04.09 13:41:29.094,0.97319,0.97337,1.50,1.50
2013.04.09 13:41:29.152,0.97318,0.97337,3.08,1.50
2013.04.09 13:41:29.513,0.97316,0.97334,2.25,1.28
2013.04.09 13:41:30.050,0.97316,0.97334,1.50,2.03
2013.04.09 13:41:33.118,0.97315,0.97334,1.28,1.65
2013.04.09 13:41:33.188,0.97315,0.97333,1.13,1.13
2013.04.09 13:41:33.614,0.97312,0.97331,1.65,1.65
2013.04.09 13:41:35.392,0.97315,0.9733,1.13,1.13
2013.04.09 13:41:35.647,0.97316,0.97334,1.65,2.78
2013.04.09 13:41:35.904,0.97316,0.97333,1.65,1.65
2013.04.09 13:41:41.112,0.97318,0.97331,1.65,1.13
2013.04.09 13:41:43.464,0.97317,0.97331,1.65,1.13
2013.04.09 13:41:44.293,0.97318,0.97331,1.65,1.13
2013.04.09 13:41:46.115,0.97321,0.97331,1.50,1.13
2013.04.09 13:41:46.233,0.97321,0.97333,1.50,1.65
2013.04.09 13:41:46.294,0.97322,0.97333,2.25,1.65
2013.04.09 13:41:46.593,0.97324,0.97338,1.50,1.28
2013.04.09 13:41:47.283,0.97324,0.97338,1.50,2.03
2013.04.09 13:41:47.343,0.97322,0.97338,2.25,2.03
2013.04.09 13:41:47.403,0.97322,0.97336,1.50,1.50
2013.04.09 13:41:47.584,0.97316,0.97334,1.50,1.28
2013.04.09 13:41:48.133,0.97315,0.97333,1.50,2.25
2013.04.09 13:41:48.673,0.97315,0.9733,1.50,2.03
2013.04.09 13:41:49.033,0.97312,0.97328,1.65,1.50
2013.04.09 13:41:49.093,0.97313,0.97328,1.50,1.50
2013.04.09 13:41:49.445,0.97317,0.9733,1.50,2.03
2013.04.09 13:41:51.373,0.97312,0.97328,1.65,1.50
2013.04.09 13:41:51.511,0.97312,0.97328,2.40,1.50
2013.04.09 13:41:51.827,0.97316,0.9733,1.50,2.03
2013.04.09 13:41:52.397,0.97316,0.9733,1.50,2.03
2013.04.09 13:41:52.935,0.97315,0.9733,1.50,2.78
2013.04.09 13:41:55.724,0.97315,0.97329,1.50,1.13
2013.04.09 13:41:58.943,0.97315,0.9733,1.50,2.78
2013.04.09 13:41:59.004,0.97315,0.97329,1.50,1.13
2013.04.09 13:41:59.243,0.97311,0.97328,1.50,1.50
2013.04.09 13:41:59.363,0.97309,0.97327,1.50,1.28
2013.04.09 13:42:00.004,0.97309,0.97325,1.50,1.13
2013.04.09 13:42:00.126,0.97306,0.97324,1.13,1.13
2013.04.09 13:42:00.254,0.97305,0.97321,1.13,1.65
2013.04.09 13:42:00.374,0.97302,0.97318,1.88,1.88
2013.04.09 13:42:00.974,0.97301,0.97318,1.50,1.13
2013.04.09 13:42:01.093,0.97305,0.97319,1.35,1.50
2013.04.09 13:42:01.154,0.97305,0.97322,1.35,2.78
2013.04.09 13:42:01.333,0.97305,0.97322,1.50,2.03
2013.04.09 13:42:01.883,0.97304,0.97319,1.50,1.50
2013.04.09 13:42:02.003,0.97301,0.97319,2.10,2.25
2013.04.09 13:42:02.122,0.97301,0.97319,1.35,2.25
2013.04.09 13:42:04.896,0.973,0.97319,1.73,2.63
2013.04.09 13:42:05.084,0.97294,0.97309,1.88,1.13
2013.04.09 13:42:05.324,0.97291,0.97309,1.50,1.65
2013.04.09 13:42:05.845,0.9729,0.97309,1.13,1.50
2013.04.09 13:42:05.914,0.9729,0.9731,1.13,2.25
2013.04.09 13:42:07.985,0.97292,0.97308,1.50,2.25
2013.04.09 13:42:08.176,0.97289,0.97304,1.13,1.50
2013.04.09 13:42:08.436,0.97287,0.97303,1.50,1.13
2013.04.09 13:42:09.055,0.97281,0.97301,2.10,1.28
2013.04.09 13:42:10.886,0.97283,0.97302,2.25,1.28
2013.04.09 13:42:11.193,0.97282,0.97302,1.35,2.03
2013.04.09 13:42:11.373,0.97281,0.97299,1.50,3.38
2013.04.09 13:42:12.027,0.9728,0.97299,1.88,2.63
2013.04.09 13:42:15.462,0.9728,0.97299,3.38,1.13
2013.04.09 13:42:15.882,0.97281,0.97299,1.50,1.13
2013.04.09 13:42:16.804,0.97281,0.97299,1.50,1.88
2013.04.09 13:42:17.696,0.97281,0.97299,1.50,1.13
2013.04.09 13:42:19.925,0.97282,0.973,1.50,1.88
2013.04.09 13:42:20.114,0.97291,0.97305,1.50,1.28
2013.04.09 13:42:20.414,0.97292,0.9731,3.23,1.65
2013.04.09 13:42:20.655,0.97298,0.97316,1.65,2.03
2013.04.09 13:42:21.576,0.97301,0.97319,1.50,1.65
2013.04.09 13:42:22.381,0.97301,0.97321,1.65,2.03
2013.04.09 13:42:22.685,0.97305,0.97323,1.35,2.25
2013.04.09 13:42:23.055,0.97309,0.97328,2.85,1.50
2013.04.09 13:42:23.125,0.9731,0.9733,1.65,1.28
2013.04.09 13:42:23.673,0.9731,0.97328,1.65,1.50
2013.04.09 13:42:24.034,0.97309,0.97324,1.13,1.50
2013.04.09 13:42:24.153,0.97306,0.97323,1.88,1.13
2013.04.09 13:42:25.189,0.97301,0.9732,1.28,1.28
2013.04.09 13:42:25.883,0.97301,0.9732,1.28,1.28
2013.04.09 13:42:27.605,0.973,0.97319,1.50,1.13
2013.04.09 13:42:27.665,0.97299,0.97318,2.25,1.13
2013.04.09 13:42:27.784,0.97296,0.97317,2.03,1.28
2013.04.09 13:42:27.845,0.97296,0.97315,1.28,1.28
2013.04.09 13:42:28.153,0.97295,0.97314,3.38,1.13
2013.04.09 13:42:29.872,0.97295,0.97313,2.03,1.50
2013.04.09 13:42:29.936,0.97295,0.97313,1.88,1.88
2013.04.09 13:42:30.594,0.97292,0.97313,1.50,3.75
2013.04.09 13:42:31.214,0.97292,0.97312,1.50,1.28
2013.04.09 13:42:32.793,0.97292,0.97309,1.50,1.88
2013.04.09 13:42:35.433,0.97292,0.97309,1.50,1.88
2013.04.09 13:42:43.133,0.97292,0.97309,3.00,1.88
2013.04.09 13:42:43.973,0.97296,0.97311,1.50,1.28
2013.04.09 13:42:48.633,0.97296,0.97312,1.65,1.28
2013.04.09 13:42:49.882,0.97298,0.97313,1.50,1.28
2013.04.09 13:42:50.254,0.97301,0.97317,1.50,1.28
2013.04.09 13:42:50.773,0.973,0.9732,1.50,1.50
2013.04.09 13:42:51.694,0.97301,0.9732,2.25,1.50
2013.04.09 13:42:52.244,0.97301,0.9732,2.63,1.50
2013.04.09 13:42:52.304,0.97301,0.9732,2.63,1.50
2013.04.09 13:42:52.424,0.97304,0.9732,1.50,1.13
2013.04.09 13:42:52.485,0.97307,0.9732,1.13,1.13
2013.04.09 13:42:52.617,0.97308,0.97328,1.28,2.78
2013.04.09 13:42:52.986,0.9731,0.97328,1.50,3.00
2013.04.09 13:42:53.174,0.97306,0.97323,4.28,1.50
2013.04.09 13:42:53.235,0.97306,0.97323,1.65,1.88
2013.04.09 13:42:53.363,0.97306,0.97323,1.65,1.88
2013.04.09 13:42:53.544,0.97303,0.97323,1.88,2.63
2013.04.09 13:42:54.164,0.97303,0.97323,2.10,1.50
2013.04.09 13:42:56.937,0.97301,0.97318,1.65,1.65
2013.04.09 13:42:58.275,0.973,0.97318,1.65,1.65
2013.04.09 13:42:59.105,0.97301,0.97318,1.65,1.65
2013.04.09 13:43:03.205,0.97299,0.97315,1.13,1.13
2013.04.09 13:43:03.514,0.97294,0.97313,1.28,1.88
2013.04.09 13:43:03.574,0.97293,0.97313,1.50,1.88
2013.04.09 13:43:03.633,0.97294,0.97313,1.28,1.88
2013.04.09 13:43:04.174,0.97295,0.97313,1.50,1.50
2013.04.09 13:43:04.233,0.97293,0.97312,2.25,1.50
2013.04.09 13:43:05.284,0.97292,0.97309,1.13,1.65
2013.04.09 13:43:05.343,0.97291,0.97309,2.63,1.65
2013.04.09 13:43:05.526,0.97291,0.97307,2.25,1.13
2013.04.09 13:43:05.836,0.97287,0.97305,1.88,1.13
2013.04.09 13:43:08.546,0.97287,0.97304,1.88,1.13
2013.04.09 13:43:08.797,0.97287,0.97302,1.88,1.13
2013.04.09 13:43:09.414,0.97283,0.97302,1.80,2.03
2013.04.09 13:43:09.473,0.97283,0.97298,1.80,1.13
2013.04.09 13:43:09.534,0.97282,0.97298,2.40,1.13
2013.04.09 13:43:10.746,0.97281,0.97296,1.65,1.13
2013.04.09 13:43:11.755,0.97281,0.97296,1.50,1.28
2013.04.09 13:43:15.667,0.97282,0.97297,1.13,1.13
2013.04.09 13:43:15.737,0.97284,0.97302,1.13,2.03
2013.04.09 13:43:16.103,0.97285,0.97304,1.28,1.13
2013.04.09 13:43:16.944,0.97286,0.97304,2.40,1.88
2013.04.09 13:43:18.294,0.97287,0.97304,1.50,2.63
2013.04.09 13:43:18.372,0.97287,0.97304,1.65,1.50
2013.04.09 13:43:18.624,0.97293,0.97311,1.88,1.13
2013.04.09 13:43:20.293,0.97296,0.97312,2.63,1.88
2013.04.09 13:43:20.594,0.97298,0.97313,1.65,1.13
2013.04.09 13:43:23.344,0.97297,0.97314,1.13,1.13
2013.04.09 13:43:23.403,0.97296,0.97314,1.13,1.13
2013.04.09 13:43:23.463,0.97295,0.97311,1.65,2.03
2013.04.09 13:43:23.523,0.97295,0.97311,2.25,2.33
2013.04.09 13:43:23.885,0.97291,0.97305,1.50,1.28
2013.04.09 13:43:24.314,0.97286,0.97305,1.88,1.28
2013.04.09 13:43:24.386,0.97286,0.97302,1.88,1.13
2013.04.09 13:43:24.694,0.97287,0.97302,2.40,1.13
2013.04.09 13:43:24.766,0.97291,0.97305,1.50,1.28
2013.04.09 13:43:25.254,0.97288,0.97303,1.65,1.88
2013.04.09 13:43:25.564,0.97286,0.97299,1.50,1.13
2013.04.09 13:43:25.622,0.97283,0.97299,2.25,1.13
2013.04.09 13:43:25.874,0.97283,0.97303,3.00,2.10
2013.04.09 13:43:26.124,0.9728,0.97298,3.00,1.88
2013.04.09 13:43:26.246,0.97281,0.97296,1.50,1.13
2013.04.09 13:43:27.154,0.97282,0.97296,1.50,1.13
2013.04.09 13:43:27.224,0.97282,0.97299,1.50,1.13
2013.04.09 13:43:27.694,0.97282,0.97299,2.25,1.13
2013.04.09 13:43:28.193,0.97282,0.97299,1.50,1.13
2013.04.09 13:43:29.024,0.97285,0.97301,1.50,1.88
2013.04.09 13:43:29.791,0.97285,0.97301,1.50,1.88
2013.04.09 13:43:29.918,0.97287,0.97301,1.50,1.13
2013.04.09 13:43:30.344,0.97287,0.97304,1.50,1.50
2013.04.09 13:43:30.406,0.97287,0.97305,1.50,1.43
2013.04.09 13:43:36.017,0.97291,0.97303,1.50,1.50
2013.04.09 13:43:36.613,0.97287,0.97303,2.25,1.65
2013.04.09 13:43:36.683,0.97287,0.97301,2.25,1.28
2013.04.09 13:43:37.205,0.97287,0.97302,1.50,1.65
2013.04.09 13:43:37.613,0.97287,0.97302,1.50,1.65
2013.04.09 13:43:41.353,0.97282,0.97302,1.65,2.03
2013.04.09 13:43:41.714,0.97279,0.97298,1.28,2.25
2013.04.09 13:43:42.153,0.97282,0.97296,1.50,2.03
2013.04.09 13:43:42.573,0.97279,0.97296,2.40,2.03
2013.04.09 13:43:42.694,0.97279,0.97293,1.65,1.13
2013.04.09 13:43:42.874,0.97274,0.97293,1.50,1.28
2013.04.09 13:43:43.575,0.9727,0.97293,3.75,1.28
2013.04.09 13:43:44.224,0.97271,0.97288,1.65,1.50
2013.04.09 13:43:45.762,0.97272,0.97291,2.10,2.40
2013.04.09 13:43:45.827,0.97272,0.97291,2.03,2.40
2013.04.09 13:43:46.133,0.97272,0.9729,1.88,1.65
2013.04.09 13:43:47.083,0.97273,0.9729,1.28,1.65
2013.04.09 13:43:48.177,0.97272,0.9729,1.13,1.65
2013.04.09 13:43:48.244,0.97272,0.97287,1.13,1.50
2013.04.09 13:43:56.325,0.97271,0.97286,1.88,1.50
2013.04.09 13:43:56.515,0.97271,0.97289,1.95,2.63
2013.04.09 13:43:56.764,0.97271,0.97291,3.30,2.78
2013.04.09 13:44:00.183,0.97272,0.97291,1.50,2.78
2013.04.09 13:44:00.484,0.97273,0.97291,1.50,2.78
2013.04.09 13:44:01.243,0.97272,0.97291,2.48,2.63
2013.04.09 13:44:02.875,0.97273,0.97291,3.00,2.63
2013.04.09 13:44:04.139,0.97273,0.97291,2.25,2.25
2013.04.09 13:44:04.744,0.97273,0.97291,3.00,2.25
2013.04.09 13:44:05.395,0.97277,0.97291,1.13,2.25
2013.04.09 13:44:05.465,0.97277,0.97293,1.13,2.63
2013.04.09 13:44:05.526,0.97277,0.97293,1.13,1.13
2013.04.09 13:44:05.655,0.97277,0.97293,1.73,2.25
2013.04.09 13:44:06.653,0.97277,0.97295,3.23,2.25
2013.04.09 13:44:07.235,0.97279,0.97295,3.38,1.50
2013.04.09 13:44:07.816,0.9728,0.97295,2.03,1.50
2013.04.09 13:44:15.424,0.97283,0.97295,1.13,1.50
2013.04.09 13:44:15.544,0.97283,0.973,1.13,2.25
2013.04.09 13:44:15.723,0.97283,0.97299,1.13,1.50
2013.04.09 13:44:18.845,0.97282,0.97297,2.25,1.50
2013.04.09 13:44:19.914,0.97283,0.97297,1.13,1.50
2013.04.09 13:44:25.683,0.97281,0.97297,3.98,1.50
2013.04.09 13:44:25.815,0.97279,0.97294,1.13,1.50
2013.04.09 13:44:25.886,0.97278,0.97293,1.13,1.88
2013.04.09 13:44:25.955,0.97275,0.97293,1.65,2.63
2013.04.09 13:44:27.364,0.97273,0.97289,1.50,1.65
2013.04.09 13:44:27.436,0.9727,0.97287,1.88,1.65
2013.04.09 13:44:29.614,0.9727,0.97287,2.25,3.15
2013.04.09 13:44:30.922,0.97271,0.97287,1.65,1.65
2013.04.09 13:44:31.924,0.97272,0.97287,1.50,1.65
2013.04.09 13:44:33.327,0.97271,0.97287,1.65,1.65
2013.04.09 13:44:33.576,0.97268,0.97284,1.28,1.50
2013.04.09 13:44:34.004,0.97268,0.97288,3.38,2.63
2013.04.09 13:44:34.064,0.97268,0.97284,3.38,1.50
2013.04.09 13:44:34.614,0.97269,0.97284,1.65,1.50
2013.04.09 13:44:35.284,0.97266,0.97283,1.50,1.50
2013.04.09 13:44:37.824,0.97268,0.97284,1.65,1.50
2013.04.09 13:44:38.130,0.97268,0.97284,1.65,1.50
2013.04.09 13:44:38.271,0.97268,0.97285,1.65,1.65
2013.04.09 13:44:41.095,0.97269,0.97283,2.25,1.50
2013.04.09 13:44:41.945,0.97269,0.97285,1.65,1.65
2013.04.09 13:44:44.256,0.97273,0.97285,1.65,1.50
2013.04.09 13:44:44.327,0.97273,0.97288,2.40,1.88
2013.04.09 13:44:44.753,0.97273,0.97289,3.38,1.50
2013.04.09 13:44:45.137,0.97274,0.97289,1.65,1.50
2013.04.09 13:44:45.265,0.97274,0.97289,1.65,1.50
2013.04.09 13:44:45.525,0.97271,0.97291,1.50,2.40
2013.04.09 13:44:45.654,0.97271,0.97287,1.50,1.50
2013.04.09 13:44:45.956,0.97268,0.97285,1.65,1.50
2013.04.09 13:44:46.275,0.97267,0.97282,1.50,1.50
2013.04.09 13:44:46.574,0.97268,0.97282,1.13,1.50
2013.04.09 13:44:47.636,0.97266,0.97282,1.88,1.50
2013.04.09 13:44:48.113,0.97266,0.97284,1.88,1.50
2013.04.09 13:44:48.234,0.97266,0.97285,1.88,1.50
2013.04.09 13:44:52.176,0.97267,0.97285,1.35,1.50
2013.04.09 13:44:52.486,0.97272,0.9729,2.10,1.50
2013.04.09 13:44:52.793,0.97272,0.97288,2.10,1.50
2013.04.09 13:45:03.835,0.97272,0.97288,1.65,1.50
2013.04.09 13:45:04.145,0.97267,0.97282,1.88,1.65
2013.04.09 13:45:04.683,0.97267,0.97283,1.65,2.25
2013.04.09 13:45:05.250,0.97267,0.97281,2.78,1.50
2013.04.09 13:45:05.557,0.97267,0.97283,2.03,1.50
2013.04.09 13:45:06.325,0.97267,0.97283,2.03,1.50
2013.04.09 13:45:06.505,0.97267,0.97283,2.78,2.25
2013.04.09 13:45:20.154,0.97267,0.97283,2.78,2.25
2013.04.09 13:45:20.683,0.97267,0.97285,2.78,1.50
2013.04.09 13:45:23.873,0.97268,0.97286,1.28,1.65
2013.04.09 13:45:24.933,0.97267,0.97285,2.78,1.50
2013.04.09 13:45:28.594,0.97268,0.97286,1.28,1.65
2013.04.09 13:45:29.684,0.97272,0.97287,1.50,1.13
2013.04.09 13:45:29.744,0.97272,0.97288,1.50,1.88
2013.04.09 13:45:29.804,0.97274,0.97289,2.18,1.50
2013.04.09 13:45:29.996,0.9728,0.97296,1.35,1.13
2013.04.09 13:45:32.044,0.97281,0.97298,1.50,2.25
2013.04.09 13:45:32.834,0.97281,0.97299,1.65,3.53
2013.04.09 13:45:33.194,0.97283,0.97299,1.35,2.03
2013.04.09 13:45:33.373,0.97284,0.97302,1.13,1.13
2013.04.09 13:45:33.493,0.97285,0.97305,1.95,1.80
2013.04.09 13:45:33.554,0.97285,0.97303,1.95,1.50
2013.04.09 13:45:33.675,0.97287,0.97304,1.50,1.50
2013.04.09 13:45:34.224,0.97288,0.97306,1.73,1.13
2013.04.09 13:45:34.286,0.97289,0.97307,1.35,1.50
2013.04.09 13:45:34.595,0.97284,0.97298,1.50,1.65
2013.04.09 13:45:34.666,0.97282,0.97298,1.50,1.28
2013.04.09 13:45:34.734,0.97281,0.97298,1.35,1.28
2013.04.09 13:45:36.704,0.97281,0.97297,1.35,1.50
2013.04.09 13:45:37.005,0.97277,0.97294,2.10,1.50
2013.04.09 13:45:40.208,0.9728,0.97295,1.50,1.28
2013.04.09 13:45:41.827,0.97277,0.97294,2.10,1.50
2013.04.09 13:45:42.014,0.97272,0.97289,1.50,1.65
2013.04.09 13:45:42.704,0.97272,0.97288,1.50,2.03
2013.04.09 13:45:43.234,0.97271,0.97288,1.35,2.03
2013.04.09 13:45:44.315,0.97271,0.97287,1.35,1.50
2013.04.09 13:45:59.354,0.97272,0.97287,1.50,1.28
2013.04.09 13:46:00.895,0.97272,0.97287,2.25,1.73
2013.04.09 13:46:05.055,0.97268,0.97285,1.65,1.50
2013.04.09 13:46:06.016,0.97268,0.97286,2.40,1.65
2013.04.09 13:46:08.864,0.97268,0.97285,1.65,1.50
2013.04.09 13:46:09.466,0.97268,0.97286,2.40,1.65
2013.04.09 13:46:09.999,0.97269,0.97289,1.50,1.50
2013.04.09 13:46:13.104,0.97274,0.97288,1.13,1.50
2013.04.09 13:46:13.163,0.97274,0.97292,1.13,3.00
2013.04.09 13:46:13.283,0.97273,0.97292,1.13,2.10
2013.04.09 13:46:13.824,0.97277,0.97293,1.50,1.50
2013.04.09 13:46:14.324,0.97277,0.9729,1.50,1.35
2013.04.09 13:46:14.624,0.97262,0.97284,1.88,1.50
2013.04.09 13:46:15.167,0.97265,0.97283,1.35,1.50
2013.04.09 13:46:15.414,0.97267,0.97283,2.25,1.50
2013.04.09 13:46:16.186,0.97267,0.97283,1.50,1.50
2013.04.09 13:46:16.315,0.97266,0.97283,1.50,2.10
2013.04.09 13:46:16.675,0.9726,0.9728,1.65,1.20
2013.04.09 13:46:16.733,0.9726,0.9728,1.65,1.20
2013.04.09 13:46:17.493,0.97261,0.97279,1.50,1.65
2013.04.09 13:46:17.553,0.97261,0.97279,1.50,1.65
2013.04.09 13:46:17.824,0.97261,0.97279,1.50,1.65
2013.04.09 13:46:18.163,0.97261,0.97277,1.50,1.50
2013.04.09 13:46:18.404,0.97261,0.97277,1.50,1.50
2013.04.09 13:46:18.644,0.97257,0.97275,3.15,1.13
2013.04.09 13:46:18.764,0.97257,0.97275,2.40,1.13
2013.04.09 13:46:19.304,0.97256,0.97278,2.40,2.03
2013.04.09 13:46:19.854,0.97257,0.97275,1.65,1.88
2013.04.09 13:46:21.723,0.97257,0.97275,1.50,3.15
2013.04.09 13:46:22.244,0.97258,0.97275,1.50,2.40
2013.04.09 13:46:23.375,0.97256,0.97273,1.65,1.50
2013.04.09 13:46:23.497,0.97256,0.97275,1.65,3.90
2013.04.09 13:46:23.564,0.97256,0.97274,2.78,3.15
2013.04.09 13:46:23.984,0.97257,0.97278,1.13,1.13
2013.04.09 13:46:24.723,0.97262,0.9728,1.50,1.13
2013.04.09 13:46:25.560,0.97262,0.9728,1.50,1.50
2013.04.09 13:46:25.638,0.97266,0.97282,1.50,1.28
2013.04.09 13:46:25.944,0.97266,0.97283,1.50,1.13
2013.04.09 13:46:26.546,0.97266,0.97283,1.50,1.50
2013.04.09 13:46:27.214,0.97266,0.97283,1.50,1.50
2013.04.09 13:46:27.634,0.97266,0.97282,1.50,1.13
2013.04.09 13:46:29.194,0.97262,0.97281,1.13,1.13
2013.04.09 13:46:29.315,0.97261,0.9728,1.88,1.28
2013.04.09 13:46:29.496,0.97261,0.9728,1.88,1.28
2013.04.09 13:46:30.041,0.97263,0.9728,1.50,1.50
2013.04.09 13:46:30.404,0.97265,0.97283,1.88,2.25
2013.04.09 13:46:30.944,0.97266,0.97281,1.50,1.13
2013.04.09 13:46:33.570,0.97266,0.97283,1.50,1.50
2013.04.09 13:46:33.633,0.97266,0.97284,1.50,2.55
2013.04.09 13:46:33.774,0.97267,0.97284,1.50,1.80
2013.04.09 13:46:35.184,0.97266,0.97284,2.63,2.18
2013.04.09 13:46:35.244,0.97266,0.97284,1.88,2.93
2013.04.09 13:46:36.745,0.97266,0.97284,2.25,2.55
2013.04.09 13:46:37.544,0.97267,0.97284,1.50,2.55
2013.04.09 13:46:38.045,0.97268,0.97284,1.50,1.80
2013.04.09 13:46:38.166,0.97267,0.97283,2.25,1.13
2013.04.09 13:46:41.113,0.97267,0.97284,1.50,2.55
2013.04.09 13:46:41.423,0.97267,0.97284,1.50,1.80
2013.04.09 13:46:41.996,0.97267,0.97284,1.50,2.10
2013.04.09 13:46:42.234,0.97262,0.97282,1.65,1.28
2013.04.09 13:46:42.615,0.97262,0.97282,1.65,1.28
2013.04.09 13:46:42.734,0.97264,0.97282,3.00,2.03
2013.04.09 13:46:56.853,0.97267,0.97286,2.40,1.88
2013.04.09 13:46:57.213,0.9727,0.97289,1.13,2.78
2013.04.09 13:46:58.744,0.97271,0.97289,1.88,2.40
2013.04.09 13:47:00.434,0.97272,0.97289,1.13,1.65
2013.04.09 13:47:01.598,0.97272,0.97288,1.13,1.65
2013.04.09 13:47:02.395,0.97272,0.97288,1.88,1.65
2013.04.09 13:47:03.104,0.97272,0.97288,2.25,1.50
2013.04.09 13:47:03.344,0.97273,0.97293,1.28,1.65
2013.04.09 13:47:03.856,0.97273,0.97288,1.28,1.35
2013.04.09 13:47:04.054,0.97271,0.97288,2.63,1.35
2013.04.09 13:47:04.446,0.9727,0.97288,1.13,2.10
2013.04.09 13:47:07.885,0.9727,0.97288,1.13,2.10
2013.04.09 13:47:08.479,0.97269,0.97288,1.88,2.10
2013.04.09 13:47:08.724,0.97265,0.97284,1.13,1.35
2013.04.09 13:47:08.903,0.97265,0.97285,1.13,2.48
2013.04.09 13:47:09.084,0.97267,0.97284,1.50,1.13
2013.04.09 13:47:09.764,0.97272,0.97288,1.13,1.50
2013.04.09 13:47:10.006,0.97272,0.9729,1.13,2.85
2013.04.09 13:47:10.563,0.9727,0.97288,1.50,1.50
2013.04.09 13:47:10.884,0.97269,0.97288,1.50,1.50
2013.04.09 13:47:11.065,0.97268,0.97285,1.13,2.25
2013.04.09 13:47:13.935,0.97266,0.97284,1.13,1.50
2013.04.09 13:47:17.547,0.97265,0.97284,2.63,2.25
2013.04.09 13:47:17.794,0.97265,0.97284,2.63,2.63
2013.04.09 13:47:18.095,0.97264,0.97279,1.50,1.88
2013.04.09 13:47:18.605,0.97262,0.97279,1.13,1.88
2013.04.09 13:47:20.885,0.97264,0.97279,1.50,1.13
2013.04.09 13:47:21.617,0.97264,0.97279,1.88,1.13
2013.04.09 13:47:22.234,0.97263,0.97279,1.13,1.88
2013.04.09 13:47:23.615,0.97263,0.97271,1.13,1.50
2013.04.09 13:47:23.695,0.9726,0.97272,1.50,2.40
2013.04.09 13:47:23.768,0.9726,0.97273,1.50,3.15
2013.04.09 13:47:23.896,0.97261,0.97274,1.50,1.50
2013.04.09 13:47:24.024,0.97263,0.97274,1.50,1.50
2013.04.09 13:47:24.085,0.97263,0.97277,1.50,1.65
2013.04.09 13:47:24.970,0.97265,0.97278,1.50,1.88
2013.04.09 13:47:26.074,0.97263,0.97278,1.50,1.13
2013.04.09 13:47:26.194,0.97263,0.97283,1.65,2.18
2013.04.09 13:47:26.734,0.97266,0.97283,1.13,1.65
2013.04.09 13:47:27.394,0.97268,0.97283,1.50,1.50
2013.04.09 13:47:27.757,0.97272,0.97289,1.13,1.65
2013.04.09 13:47:28.123,0.97273,0.97292,2.25,1.65
2013.04.09 13:47:29.715,0.97276,0.97295,1.28,2.25
2013.04.09 13:47:29.894,0.97279,0.97296,1.28,1.50
2013.04.09 13:47:30.073,0.97279,0.97298,1.28,1.50
2013.04.09 13:47:30.515,0.9728,0.97298,1.13,1.50
2013.04.09 13:47:30.935,0.9728,0.97299,1.88,1.13
2013.04.09 13:47:31.114,0.97282,0.973,1.88,1.65
2013.04.09 13:47:31.303,0.97282,0.97301,1.88,1.13
2013.04.09 13:47:32.045,0.97282,0.973,1.88,1.65
2013.04.09 13:47:32.644,0.97282,0.97301,1.88,1.13
2013.04.09 13:47:34.124,0.97283,0.97301,1.13,1.13
2013.04.09 13:47:35.654,0.97283,0.97299,1.13,1.50
2013.04.09 13:47:36.200,0.97285,0.97301,1.13,1.13
2013.04.09 13:47:36.945,0.97285,0.97301,1.13,1.13
2013.04.09 13:47:42.105,0.97283,0.97303,1.13,3.60
2013.04.09 13:47:42.463,0.97287,0.97303,1.50,1.50
2013.04.09 13:47:45.624,0.97289,0.97307,1.50,2.63
2013.04.09 13:47:46.404,0.97288,0.97303,1.50,1.50
2013.04.09 13:47:47.545,0.97288,0.973,1.50,1.13
2013.04.09 13:47:47.724,0.97283,0.97299,1.50,2.63
2013.04.09 13:47:47.844,0.97281,0.97299,1.50,2.63
2013.04.09 13:47:48.545,0.97281,0.97299,1.50,3.38
2013.04.09 13:47:52.314,0.9728,0.97294,1.50,1.13
2013.04.09 13:47:52.498,0.97279,0.97294,1.50,1.88
2013.04.09 13:47:52.684,0.97276,0.97294,1.65,2.25
2013.04.09 13:47:53.394,0.97275,0.97294,1.65,3.00
2013.04.09 13:47:54.675,0.97277,0.97295,1.50,1.65
2013.04.09 13:47:54.803,0.9728,0.97297,1.50,2.03
2013.04.09 13:47:55.620,0.97284,0.97298,1.13,2.40
2013.04.09 13:47:55.708,0.97287,0.97307,1.13,1.13
2013.04.09 13:47:56.964,0.97289,0.97306,1.88,1.88
2013.04.09 13:48:00.974,0.97289,0.97305,1.13,1.88
2013.04.09 13:48:01.490,0.97289,0.97304,1.13,1.65
2013.04.09 13:48:01.796,0.97282,0.97298,1.13,1.20
2013.04.09 13:48:01.914,0.97278,0.97298,1.50,1.13
2013.04.09 13:48:04.013,0.97277,0.97294,1.28,1.50
2013.04.09 13:48:04.445,0.97277,0.97293,1.13,1.13
2013.04.09 13:48:04.686,0.97273,0.97293,3.38,1.88
2013.04.09 13:48:05.354,0.97273,0.97292,1.88,2.40
2013.04.09 13:48:05.953,0.97273,0.97288,2.25,1.13
2013.04.09 13:48:06.464,0.97271,0.97288,1.13,1.95
2013.04.09 13:48:10.744,0.97271,0.97288,1.88,1.13
2013.04.09 13:48:10.803,0.97272,0.97289,1.50,1.43
2013.04.09 13:48:10.867,0.97272,0.97289,3.00,1.43
2013.04.09 13:48:11.176,0.97278,0.97285,1.88,2.40
2013.04.09 13:48:11.304,0.97278,0.97286,1.13,1.73
2013.04.09 13:48:11.365,0.97272,0.97286,2.25,1.73
2013.04.09 13:48:11.483,0.97267,0.97285,1.88,1.73
2013.04.09 13:48:11.545,0.97268,0.97284,1.13,1.50
2013.04.09 13:48:11.974,0.97271,0.97286,3.38,1.13
2013.04.09 13:48:12.454,0.97271,0.97286,1.88,1.13
2013.04.09 13:48:15.504,0.97271,0.97289,3.23,1.50
2013.04.09 13:48:15.564,0.97274,0.97292,1.13,1.58
2013.04.09 13:48:15.685,0.97278,0.97294,1.13,1.50
2013.04.09 13:48:16.246,0.97279,0.97298,1.13,1.13
2013.04.09 13:48:17.455,0.9728,0.97298,2.03,1.50
2013.04.09 13:48:17.515,0.97281,0.97298,1.28,1.50
2013.04.09 13:48:17.644,0.97283,0.973,1.50,1.65
2013.04.09 13:48:17.824,0.97286,0.97304,2.03,1.73
2013.04.09 13:48:18.064,0.9729,0.97306,1.13,1.50
2013.04.09 13:48:18.595,0.97291,0.97308,2.63,1.20
2013.04.09 13:48:18.935,0.97292,0.97307,1.13,1.13
2013.04.09 13:48:19.925,0.97292,0.97308,1.13,1.65
2013.04.09 13:48:20.953,0.97285,0.973,1.50,1.50
2013.04.09 13:48:21.037,0.97274,0.97289,1.13,2.63
2013.04.09 13:48:21.224,0.97271,0.97289,1.50,1.13
2013.04.09 13:48:21.284,0.9727,0.97289,1.13,1.13
2013.04.09 13:48:21.345,0.9727,0.9729,1.50,1.65
2013.04.09 13:48:21.589,0.97272,0.97289,1.28,1.65
2013.04.09 13:48:21.907,0.97272,0.97286,1.28,1.50
2013.04.09 13:48:23.939,0.97279,0.97294,1.13,1.65
2013.04.09 13:48:24.549,0.97279,0.97296,1.88,1.65
2013.04.09 13:48:27.235,0.97279,0.97296,1.13,1.65
2013.04.09 13:48:27.355,0.97279,0.97296,1.88,1.65
2013.04.09 13:48:29.294,0.97282,0.97298,1.13,1.13
2013.04.09 13:48:29.355,0.97283,0.97299,1.13,1.50
2013.04.09 13:48:29.475,0.97286,0.97302,1.35,1.65
2013.04.09 13:48:29.606,0.97288,0.97306,2.25,1.28
2013.04.09 13:48:29.735,0.97289,0.97308,1.50,2.25
2013.04.09 13:48:31.425,0.9729,0.97308,1.13,3.38
2013.04.09 13:48:32.097,0.97291,0.97308,1.13,3.38
2013.04.09 13:48:32.166,0.97291,0.97303,1.13,1.13
2013.04.09 13:48:32.477,0.97287,0.97303,1.13,1.88
2013.04.09 13:48:33.396,0.97291,0.97302,1.13,1.50
2013.04.09 13:48:33.586,0.97292,0.9731,1.13,1.13
2013.04.09 13:48:35.576,0.97292,0.97307,1.13,1.13
2013.04.09 13:48:35.645,0.9729,0.97307,1.13,1.13
2013.04.09 13:48:35.708,0.97288,0.97307,1.50,1.65
2013.04.09 13:48:36.217,0.97287,0.97305,1.13,1.13
2013.04.09 13:48:36.287,0.97287,0.97304,2.10,1.50
2013.04.09 13:48:36.601,0.97291,0.97309,1.13,1.13
2013.04.09 13:48:37.104,0.97292,0.97309,2.63,1.88
2013.04.09 13:48:43.574,0.97292,0.97309,1.88,1.13
2013.04.09 13:48:43.994,0.97291,0.97306,1.13,1.65
2013.04.09 13:48:44.837,0.97291,0.97308,1.13,1.65
2013.04.09 13:48:44.906,0.97293,0.97308,1.13,1.65
2013.04.09 13:48:46.263,0.97292,0.97309,1.88,1.88
2013.04.09 13:48:47.544,0.97293,0.97308,1.13,1.65
2013.04.09 13:48:49.436,0.97293,0.9731,1.28,1.50
2013.04.09 13:48:49.495,0.97296,0.97312,1.88,1.50
2013.04.09 13:48:49.615,0.97296,0.97314,1.88,3.15
2013.04.09 13:48:53.266,0.97299,0.97314,1.13,2.40
2013.04.09 13:48:54.416,0.97297,0.97314,1.50,1.65
2013.04.09 13:48:56.004,0.97298,0.97316,1.50,1.13
2013.04.09 13:48:56.794,0.97301,0.97316,1.13,1.13
2013.04.09 13:48:59.425,0.97299,0.97316,1.13,1.13
2013.04.09 13:48:59.485,0.97297,0.97316,1.13,1.13
2013.04.09 13:49:00.084,0.97296,0.97314,1.13,1.65
2013.04.09 13:49:01.424,0.97295,0.97313,1.88,1.50
2013.04.09 13:49:01.495,0.97297,0.97313,1.13,1.50
2013.04.09 13:49:03.816,0.97299,0.97313,1.13,1.50
2013.04.09 13:49:05.274,0.97301,0.97318,1.88,1.65
2013.04.09 13:49:05.776,0.97302,0.9732,1.13,1.88
2013.04.09 13:49:07.345,0.97304,0.97322,1.13,1.28
2013.04.09 13:49:07.414,0.97304,0.97323,1.50,1.65
2013.04.09 13:49:07.654,0.97309,0.97324,1.13,1.65
2013.04.09 13:49:08.245,0.97308,0.97324,1.13,1.65
2013.04.09 13:49:08.566,0.97304,0.97313,1.13,1.35
2013.04.09 13:49:08.877,0.97297,0.97315,1.50,1.28
2013.04.09 13:49:09.064,0.97297,0.97313,1.13,1.50
2013.04.09 13:49:09.184,0.97297,0.97315,1.13,1.65
2013.04.09 13:49:09.247,0.97297,0.97316,1.50,1.13
2013.04.09 13:49:09.317,0.97301,0.97318,1.88,4.73
2013.04.09 13:49:09.386,0.97301,0.97318,1.88,1.50
2013.04.09 13:49:09.575,0.97301,0.9732,2.25,1.35
2013.04.09 13:49:09.755,0.97301,0.97319,1.88,1.13
2013.04.09 13:49:10.114,0.97302,0.9732,1.50,4.05
2013.04.09 13:49:10.234,0.97301,0.9732,1.50,4.80
2013.04.09 13:49:10.516,0.973,0.97318,1.28,1.50
2013.04.09 13:49:10.764,0.973,0.97317,1.28,1.50
2013.04.09 13:49:15.124,0.97297,0.9731,1.13,1.73
2013.04.09 13:49:15.195,0.97288,0.97306,1.88,1.58
2013.04.09 13:49:18.295,0.97288,0.97305,1.13,1.50
2013.04.09 13:49:18.938,0.97289,0.97305,1.13,1.50
2013.04.09 13:49:21.854,0.97287,0.97305,2.03,2.25
2013.04.09 13:49:23.663,0.97288,0.97305,1.50,1.50
2013.04.09 13:49:25.105,0.97289,0.97305,1.50,1.50
2013.04.09 13:49:27.908,0.97289,0.97305,1.50,1.50
2013.04.09 13:49:29.485,0.97287,0.97303,2.03,1.50
2013.04.09 13:49:29.667,0.97287,0.97303,1.28,1.50
2013.04.09 13:49:29.735,0.97286,0.97303,1.28,1.58
2013.04.09 13:49:30.034,0.97282,0.97301,1.28,1.35
2013.04.09 13:49:30.274,0.97282,0.97299,1.28,1.50
2013.04.09 13:49:31.265,0.97277,0.97297,2.03,1.13
2013.04.09 13:49:32.294,0.97279,0.97296,1.50,2.33
2013.04.09 13:49:32.843,0.97278,0.97296,1.65,2.70
2013.04.09 13:49:32.963,0.97277,0.97295,2.40,1.65
2013.04.09 13:49:33.464,0.97278,0.97296,1.65,2.70
2013.04.09 13:49:35.904,0.97276,0.97294,1.28,1.65
2013.04.09 13:49:36.086,0.97276,0.97288,1.13,1.65
2013.04.09 13:49:36.155,0.97276,0.97288,1.13,1.65
2013.04.09 13:49:36.214,0.9727,0.97288,1.13,1.65
2013.04.09 13:49:36.796,0.9727,0.97288,1.13,2.48
2013.04.09 13:49:37.765,0.97272,0.97288,2.40,1.50
2013.04.09 13:49:38.077,0.97276,0.97293,2.63,1.50
2013.04.09 13:49:38.565,0.97278,0.97295,1.13,1.50
2013.04.09 13:49:39.568,0.97279,0.97295,1.50,1.50
2013.04.09 13:49:39.716,0.97279,0.97295,1.50,1.50
2013.04.09 13:49:43.563,0.97279,0.97295,1.50,1.50
2013.04.09 13:49:43.745,0.97279,0.97295,1.50,3.08
2013.04.09 13:49:43.984,0.97272,0.97289,1.13,1.50
2013.04.09 13:49:45.285,0.97272,0.97288,1.50,1.50
2013.04.09 13:49:45.466,0.97273,0.9729,1.50,1.28
2013.04.09 13:49:45.775,0.97276,0.97293,1.50,1.13
2013.04.09 13:49:45.895,0.97276,0.97295,1.65,1.65
2013.04.09 13:49:46.194,0.97277,0.97295,1.65,1.65
2013.04.09 13:49:47.205,0.9728,0.97297,1.50,2.10
2013.04.09 13:49:49.799,0.97281,0.97297,1.50,2.10
2013.04.09 13:49:53.938,0.97281,0.97297,1.50,1.13
2013.04.09 13:49:54.065,0.97277,0.97294,1.28,1.65
2013.04.09 13:49:54.126,0.97277,0.97293,1.13,1.88
2013.04.09 13:49:54.244,0.97277,0.97293,1.13,1.13
2013.04.09 13:49:54.484,0.97272,0.97289,2.03,1.50
2013.04.09 13:49:56.956,0.97272,0.97289,1.65,1.50
2013.04.09 13:49:57.418,0.97271,0.97289,1.65,1.50
2013.04.09 13:49:57.685,0.97269,0.97288,1.13,1.50
2013.04.09 13:49:57.865,0.97268,0.97287,2.03,1.13
2013.04.09 13:49:58.496,0.9727,0.97288,1.50,2.63
2013.04.09 13:49:59.572,0.9727,0.97287,1.50,1.13
2013.04.09 13:50:01.347,0.97271,0.97288,1.13,2.10
2013.04.09 13:50:01.655,0.97284,0.97297,1.50,1.50
2013.04.09 13:50:01.716,0.97282,0.97297,2.03,1.50
2013.04.09 13:50:01.782,0.97282,0.97298,1.88,1.65
2013.04.09 13:50:01.967,0.97279,0.97297,1.50,1.88
2013.04.09 13:50:02.507,0.97279,0.97297,1.50,1.13
2013.04.09 13:50:03.025,0.97281,0.97298,1.50,1.28
2013.04.09 13:50:04.167,0.97281,0.97299,1.50,1.50
2013.04.09 13:50:05.694,0.97282,0.973,2.25,1.28
2013.04.09 13:50:08.531,0.97283,0.97301,1.13,1.88
2013.04.09 13:50:08.834,0.97283,0.97303,1.50,1.88
2013.04.09 13:50:09.014,0.97284,0.97303,1.28,1.88
2013.04.09 13:50:09.260,0.97283,0.97303,1.50,1.88
2013.04.09 13:50:09.594,0.97283,0.97301,1.13,1.13
2013.04.09 13:50:10.015,0.97283,0.97302,1.50,2.25
2013.04.09 13:50:10.617,0.97285,0.973,1.13,1.65
2013.04.09 13:50:10.924,0.97284,0.973,1.13,1.65
2013.04.09 13:50:11.385,0.97284,0.973,1.13,1.65
2013.04.09 13:50:12.416,0.97281,0.973,2.03,1.28
2013.04.09 13:50:12.724,0.97279,0.97298,1.50,2.03
2013.04.09 13:50:13.515,0.97279,0.97297,1.13,1.13
2013.04.09 13:50:16.067,0.97277,0.97294,1.28,1.65
2013.04.09 13:50:16.315,0.97277,0.97293,1.13,1.13
2013.04.09 13:50:16.505,0.97274,0.97293,1.13,1.13
2013.04.09 13:50:16.755,0.97271,0.97289,1.88,1.88
2013.04.09 13:50:16.954,0.9727,0.97289,1.88,3.00
2013.04.09 13:50:20.164,0.9727,0.97286,1.13,1.65
2013.04.09 13:50:20.225,0.97267,0.97286,3.00,2.40
2013.04.09 13:50:20.464,0.97263,0.97279,1.13,1.13
2013.04.09 13:50:20.584,0.97259,0.97278,2.03,1.65
2013.04.09 13:50:20.903,0.97258,0.97276,1.88,1.13
2013.04.09 13:50:21.025,0.97256,0.97276,2.63,1.50
2013.04.09 13:50:21.574,0.97255,0.97275,1.65,2.25
2013.04.09 13:50:22.475,0.97255,0.97272,1.65,1.65
2013.04.09 13:50:23.846,0.97256,0.97273,2.03,1.65
2013.04.09 13:50:25.815,0.97255,0.97273,2.40,1.65
2013.04.09 13:50:26.656,0.97258,0.97273,1.13,1.50
2013.04.09 13:50:27.504,0.97259,0.97276,2.40,1.50
2013.04.09 13:50:31.597,0.97259,0.97276,2.78,1.50
2013.04.09 13:50:31.845,0.97257,0.97277,1.28,2.63
2013.04.09 13:50:36.088,0.97266,0.97282,1.35,1.13
2013.04.09 13:50:36.215,0.97265,0.97283,1.50,1.50
2013.04.09 13:50:36.274,0.97265,0.97283,1.58,1.50
2013.04.09 13:50:36.576,0.97265,0.97283,3.00,2.40
2013.04.09 13:50:36.645,0.97264,0.97281,1.13,1.65
2013.04.09 13:50:36.884,0.97263,0.97281,1.35,1.65
2013.04.09 13:50:37.186,0.97263,0.97282,2.10,1.13
2013.04.09 13:50:37.745,0.97265,0.97282,1.50,1.13
2013.04.09 13:50:45.615,0.97265,0.97282,1.50,1.88
2013.04.09 13:50:45.954,0.97263,0.9728,2.03,1.65
2013.04.09 13:50:46.074,0.97263,0.9728,2.03,1.65
2013.04.09 13:50:46.134,0.97263,0.97281,2.25,2.25
2013.04.09 13:50:46.435,0.97263,0.9728,2.78,1.65
2013.04.09 13:50:46.564,0.97263,0.9728,2.78,2.40
2013.04.09 13:50:46.684,0.97263,0.97277,1.50,1.65
2013.04.09 13:50:46.864,0.9726,0.97272,1.50,1.50
2013.04.09 13:50:47.285,0.97258,0.9727,1.65,1.50
2013.04.09 13:50:47.535,0.9726,0.97276,1.13,2.40
2013.04.09 13:50:47.835,0.97261,0.97276,1.50,1.65
2013.04.09 13:50:48.337,0.97261,0.97274,1.50,1.65
2013.04.09 13:50:50.654,0.97261,0.97274,1.13,1.65
2013.04.09 13:50:50.775,0.97272,0.97279,1.50,1.13
2013.04.09 13:50:50.835,0.97272,0.97286,2.25,1.50
2013.04.09 13:50:50.960,0.97272,0.97288,2.25,2.03
2013.04.09 13:50:51.085,0.97272,0.97286,2.85,2.25
2013.04.09 13:50:51.396,0.97273,0.9729,1.13,1.13
2013.04.09 13:50:51.525,0.97275,0.97293,2.63,1.65
2013.04.09 13:50:51.585,0.97275,0.97294,2.63,1.28
2013.04.09 13:50:51.825,0.97279,0.97292,2.63,1.50
2013.04.09 13:50:51.899,0.97279,0.97296,2.63,1.65
2013.04.09 13:50:52.334,0.97282,0.97295,1.13,2.25
2013.04.09 13:50:52.644,0.97282,0.97297,1.13,1.13
2013.04.09 13:50:53.406,0.97282,0.97299,1.28,2.25
2013.04.09 13:50:53.774,0.97285,0.97299,1.13,1.13
2013.04.09 13:50:54.193,0.97282,0.97299,2.63,1.88
2013.04.09 13:50:54.374,0.97282,0.97299,2.78,1.50
2013.04.09 13:50:55.633,0.97284,0.97301,1.28,2.25
2013.04.09 13:51:08.647,0.97286,0.97303,1.13,2.63
2013.04.09 13:51:08.776,0.97286,0.97303,1.13,1.13
2013.04.09 13:51:09.026,0.97287,0.97304,4.20,1.50
2013.04.09 13:51:09.565,0.97289,0.97307,1.73,1.50
2013.04.09 13:51:10.184,0.9729,0.97309,1.88,1.50
2013.04.09 13:51:10.244,0.97292,0.97309,1.13,1.13
2013.04.09 13:51:11.425,0.97292,0.9731,1.88,1.50
2013.04.09 13:51:11.485,0.97292,0.97312,1.88,1.88
2013.04.09 13:51:11.545,0.97292,0.97312,1.88,1.13
2013.04.09 13:51:11.617,0.97292,0.97312,1.88,1.13
2013.04.09 13:51:11.925,0.97294,0.9731,1.13,1.88
2013.04.09 13:51:12.285,0.97292,0.9731,1.65,1.28
2013.04.09 13:51:12.525,0.97291,0.9731,2.03,1.28
2013.04.09 13:51:14.064,0.973,0.97312,1.50,1.50
2013.04.09 13:51:15.598,0.973,0.97313,1.50,1.88
2013.04.09 13:51:16.143,0.973,0.97313,1.50,1.88
2013.04.09 13:51:16.257,0.973,0.97313,1.50,1.88
2013.04.09 13:51:16.582,0.973,0.97313,1.50,1.88
2013.04.09 13:51:16.975,0.97297,0.97311,1.50,1.13
2013.04.09 13:51:17.095,0.97299,0.9731,1.50,1.50
2013.04.09 13:51:17.283,0.97295,0.9731,1.65,1.50
2013.04.09 13:51:17.494,0.97297,0.9731,1.50,1.50
2013.04.09 13:51:17.826,0.973,0.9731,1.50,1.50
2013.04.09 13:51:18.435,0.973,0.97313,1.50,1.65
2013.04.09 13:51:20.859,0.97296,0.97313,1.65,2.03
2013.04.09 13:51:21.045,0.97296,0.97313,1.65,2.03
2013.04.09 13:51:21.373,0.97296,0.97311,1.50,1.13
2013.04.09 13:51:21.565,0.97294,0.97305,1.50,1.28
2013.04.09 13:51:22.623,0.97294,0.97305,1.50,2.03
2013.04.09 13:51:26.394,0.97294,0.97307,1.50,1.13
2013.04.09 13:51:26.454,0.97294,0.97308,1.50,1.88
2013.04.09 13:51:27.184,0.97294,0.97311,1.50,2.03
2013.04.09 13:51:29.534,0.97295,0.97311,2.25,1.28
2013.04.09 13:51:29.897,0.97298,0.97314,1.50,1.50
2013.04.09 13:51:31.785,0.97301,0.97315,1.50,3.00
2013.04.09 13:51:31.904,0.97301,0.97315,1.50,2.78
2013.04.09 13:51:31.965,0.97301,0.97317,1.50,1.50
2013.04.09 13:51:32.144,0.97305,0.97318,1.50,1.13
2013.04.09 13:51:34.885,0.97305,0.97319,1.50,2.78
2013.04.09 13:51:35.443,0.97305,0.97319,1.50,1.50
2013.04.09 13:51:38.586,0.97306,0.97323,1.50,3.15
2013.04.09 13:51:38.714,0.97307,0.97323,1.65,3.00
2013.04.09 13:51:38.774,0.97307,0.97323,1.65,3.00
2013.04.09 13:51:38.894,0.97309,0.97323,1.50,2.25
2013.04.09 13:51:39.205,0.97309,0.97323,1.50,1.65
2013.04.09 13:51:39.326,0.97306,0.9732,1.50,1.50
2013.04.09 13:51:41.936,0.97306,0.97322,1.50,1.28
2013.04.09 13:51:42.104,0.97306,0.9732,1.50,1.50
2013.04.09 13:51:44.055,0.97304,0.97324,2.03,3.00
2013.04.09 13:51:44.175,0.97304,0.97323,1.65,1.28
2013.04.09 13:51:44.296,0.97306,0.97321,1.50,2.03
2013.04.09 13:51:44.738,0.97306,0.9732,1.50,1.13
2013.04.09 13:51:46.936,0.97306,0.97318,1.50,1.50
2013.04.09 13:51:48.377,0.97304,0.97318,1.65,1.50
2013.04.09 13:51:48.563,0.97304,0.9732,1.65,1.88
2013.04.09 13:51:49.264,0.97307,0.97321,1.13,1.50
2013.04.09 13:51:49.325,0.97307,0.97322,1.88,1.13
2013.04.09 13:51:49.506,0.97311,0.97327,1.88,1.13
2013.04.09 13:51:50.539,0.97314,0.97329,1.65,1.13
2013.04.09 13:51:50.615,0.97315,0.97332,1.50,1.28
2013.04.09 13:51:51.294,0.97315,0.97331,1.50,1.28
2013.04.09 13:51:57.181,0.97315,0.97331,1.50,1.28
2013.04.09 13:51:57.435,0.97314,0.97329,1.50,1.13
2013.04.09 13:51:57.555,0.97311,0.97329,1.50,1.65
2013.04.09 13:51:57.685,0.97308,0.97326,1.50,1.28
2013.04.09 13:51:58.536,0.97308,0.97324,1.50,2.03
2013.04.09 13:51:58.974,0.97308,0.97323,1.50,1.50
2013.04.09 13:51:59.654,0.97308,0.97322,1.50,1.13
2013.04.09 13:51:59.955,0.973,0.97315,1.50,1.65
2013.04.09 13:52:00.014,0.973,0.97314,1.50,1.65
2013.04.09 13:52:00.824,0.973,0.97314,1.50,1.28
2013.04.09 13:52:03.054,0.97296,0.9731,1.65,1.50
2013.04.09 13:52:03.235,0.97292,0.97308,1.13,1.13
2013.04.09 13:52:03.295,0.97291,0.97308,2.63,1.73
2013.04.09 13:52:04.390,0.9729,0.97303,1.50,1.13
2013.04.09 13:52:04.467,0.9729,0.97303,1.50,1.88
2013.04.09 13:52:04.665,0.97285,0.973,1.50,1.13
2013.04.09 13:52:04.786,0.97283,0.973,1.50,1.13
2013.04.09 13:52:05.205,0.97283,0.97298,1.50,1.88
2013.04.09 13:52:05.324,0.97283,0.97298,1.50,1.88
2013.04.09 13:52:05.684,0.97283,0.97297,1.50,1.13
2013.04.09 13:52:06.817,0.97283,0.97296,1.50,1.50
2013.04.09 13:52:07.125,0.97282,0.97296,1.50,1.50
2013.04.09 13:52:07.307,0.97281,0.97296,1.50,1.88
2013.04.09 13:52:07.675,0.97276,0.97296,1.50,1.88
2013.04.09 13:52:08.350,0.97277,0.97296,1.50,1.88
2013.04.09 13:52:08.415,0.97279,0.97297,1.28,1.50
2013.04.09 13:52:08.617,0.97281,0.97302,1.73,1.43
2013.04.09 13:52:08.689,0.97281,0.97302,1.73,1.43
2013.04.09 13:52:09.407,0.97284,0.97302,1.73,1.65
2013.04.09 13:52:09.774,0.97284,0.97303,1.13,2.03
2013.04.09 13:52:09.895,0.97284,0.97302,1.13,1.65
2013.04.09 13:52:10.714,0.97283,0.97302,1.13,1.65
2013.04.09 13:52:11.176,0.97283,0.97303,1.73,2.03
2013.04.09 13:52:11.237,0.97284,0.97303,2.25,1.50
2013.04.09 13:52:12.655,0.97281,0.97302,1.20,1.88
2013.04.09 13:52:12.725,0.97281,0.973,1.13,1.28
2013.04.09 13:52:14.186,0.97277,0.97295,2.10,1.50
2013.04.09 13:52:14.726,0.97276,0.97293,1.58,1.50
2013.04.09 13:52:15.285,0.97275,0.97293,2.18,2.25
2013.04.09 13:52:15.676,0.97277,0.97294,1.88,2.25
2013.04.09 13:52:15.947,0.97277,0.97297,3.38,1.50
2013.04.09 13:52:16.017,0.97278,0.97298,1.35,1.88
2013.04.09 13:52:16.595,0.97281,0.97299,1.43,1.50
2013.04.09 13:52:16.654,0.97281,0.973,1.43,1.65
2013.04.09 13:52:17.175,0.97282,0.973,1.43,2.40
2013.04.09 13:52:18.016,0.9728,0.97299,1.13,1.50
2013.04.09 13:52:18.317,0.9728,0.97299,1.13,1.50
2013.04.09 13:52:18.625,0.97277,0.97294,1.50,1.50
2013.04.09 13:52:18.746,0.97277,0.97297,2.10,3.38
2013.04.09 13:52:19.284,0.97277,0.97295,2.10,2.25
2013.04.09 13:52:19.838,0.97276,0.97294,2.63,1.50
2013.04.09 13:52:19.906,0.97276,0.97294,1.50,1.88
2013.04.09 13:52:20.505,0.97274,0.97293,2.10,2.25
2013.04.09 13:52:21.055,0.97275,0.97293,1.13,2.25
2013.04.09 13:52:23.305,0.97276,0.97291,1.50,1.50
2013.04.09 13:52:23.827,0.97276,0.97291,1.50,1.50
2013.04.09 13:52:24.398,0.97274,0.97291,1.50,1.50
2013.04.09 13:52:25.326,0.97276,0.97293,1.50,1.88
2013.04.09 13:52:25.635,0.97282,0.97299,1.50,1.65
2013.04.09 13:52:25.875,0.97282,0.97299,2.25,1.65
2013.04.09 13:52:26.055,0.97282,0.973,2.25,1.28
2013.04.09 13:52:26.577,0.97282,0.97302,3.38,1.88
2013.04.09 13:52:27.444,0.97283,0.973,1.28,1.65
2013.04.09 13:52:28.218,0.97282,0.97298,1.28,1.50
2013.04.09 13:52:28.440,0.97278,0.97296,1.88,1.13
2013.04.09 13:52:28.566,0.97277,0.97295,1.88,1.65
2013.04.09 13:52:29.104,0.97277,0.97293,1.13,1.65
2013.04.09 13:52:30.435,0.97277,0.97293,1.13,1.65
2013.04.09 13:52:30.625,0.97279,0.97295,2.10,1.50
2013.04.09 13:52:30.865,0.97282,0.97298,1.28,1.50
2013.04.09 13:52:31.106,0.97283,0.97299,1.28,1.65
2013.04.09 13:52:31.475,0.97286,0.97301,1.50,1.50
2013.04.09 13:52:32.682,0.97287,0.97299,1.50,1.50
2013.04.09 13:52:33.116,0.97286,0.97303,1.13,2.40
2013.04.09 13:52:33.184,0.97286,0.973,1.88,1.50
2013.04.09 13:52:33.245,0.97286,0.97302,1.88,1.65
2013.04.09 13:52:34.089,0.97289,0.97302,1.13,1.50
2013.04.09 13:52:34.595,0.97288,0.97302,1.13,1.65
2013.04.09 13:52:34.775,0.97286,0.97302,1.13,1.65
2013.04.09 13:52:35.015,0.97286,0.97302,1.13,1.65
2013.04.09 13:52:35.316,0.97289,0.97304,1.73,1.50
2013.04.09 13:52:35.376,0.97289,0.97307,1.73,1.88
2013.04.09 13:52:35.436,0.97289,0.97305,1.13,1.65
2013.04.09 13:52:35.866,0.97288,0.97304,2.63,1.50
2013.04.09 13:52:37.154,0.97288,0.97304,1.88,1.50
2013.04.09 13:52:37.447,0.9729,0.97304,1.13,1.50
2013.04.09 13:52:38.847,0.97289,0.97303,1.13,1.50
2013.04.09 13:52:39.394,0.97284,0.97303,1.88,1.50
2013.04.09 13:52:39.454,0.97284,0.97303,1.13,2.25
2013.04.09 13:52:39.575,0.97284,0.97299,1.13,1.50
2013.04.09 13:52:39.934,0.97285,0.97302,1.35,1.50
2013.04.09 13:52:40.858,0.97287,0.97301,1.13,1.50
2013.04.09 13:52:41.045,0.97289,0.97306,1.28,1.50
2013.04.09 13:52:41.175,0.9729,0.97307,1.28,1.50
2013.04.09 13:52:41.245,0.97291,0.9731,1.13,1.50
2013.04.09 13:52:41.307,0.97291,0.9731,1.73,1.50
2013.04.09 13:52:41.802,0.97293,0.97312,1.58,1.50
2013.04.09 13:52:42.135,0.97293,0.97312,2.25,2.25
2013.04.09 13:52:43.329,0.97293,0.97307,2.25,1.50
2013.04.09 13:52:44.615,0.97293,0.97307,1.88,1.50
2013.04.09 13:52:44.736,0.97293,0.97299,1.13,1.50
2013.04.09 13:52:44.855,0.9729,0.97308,1.88,1.50
2013.04.09 13:52:45.405,0.97292,0.97308,1.13,1.50
2013.04.09 13:52:45.464,0.97292,0.97308,3.23,1.50
2013.04.09 13:52:45.524,0.97292,0.97309,3.23,2.25
2013.04.09 13:52:46.015,0.97292,0.97309,3.98,1.50
2013.04.09 13:52:46.255,0.97294,0.97311,2.10,1.50
2013.04.09 13:52:46.927,0.97295,0.97311,1.13,1.65
2013.04.09 13:52:47.055,0.97293,0.97309,1.28,1.65
2013.04.09 13:52:47.695,0.9729,0.97308,1.13,2.25
2013.04.09 13:52:47.755,0.9729,0.97307,1.13,2.78
2013.04.09 13:52:47.815,0.97287,0.97299,1.95,1.50
2013.04.09 13:52:48.065,0.97287,0.97306,1.95,1.50
2013.04.09 13:52:48.626,0.97288,0.97306,1.13,1.50
2013.04.09 13:52:49.186,0.97291,0.97308,2.10,2.25
2013.04.09 13:52:49.365,0.97293,0.97313,2.10,2.63
2013.04.09 13:52:49.425,0.97296,0.97313,1.50,2.25
2013.04.09 13:52:49.784,0.97297,0.97308,1.50,1.50
2013.04.09 13:52:50.295,0.97297,0.97313,3.00,1.50
2013.04.09 13:52:50.356,0.97302,0.97316,1.13,1.88
2013.04.09 13:52:51.665,0.97303,0.97317,1.73,1.50
2013.04.09 13:52:53.346,0.97302,0.97317,2.48,1.50
2013.04.09 13:52:54.326,0.97303,0.97317,1.73,1.50
2013.04.09 13:52:54.958,0.97303,0.97317,1.73,1.50
2013.04.09 13:52:55.734,0.97303,0.97317,1.73,1.50
2013.04.09 13:52:56.705,0.97302,0.97317,2.25,1.50
2013.04.09 13:52:57.126,0.973,0.97317,1.65,1.88
2013.04.09 13:52:57.258,0.97298,0.9731,2.03,1.50
2013.04.09 13:52:57.324,0.97297,0.9731,1.28,1.50
2013.04.09 13:52:59.245,0.97295,0.97311,1.58,1.50
2013.04.09 13:52:59.306,0.97298,0.97314,1.13,1.88
2013.04.09 13:52:59.864,0.97302,0.97317,1.88,1.50
2013.04.09 13:53:00.355,0.97302,0.97317,1.88,1.50
2013.04.09 13:53:00.670,0.97306,0.97322,1.28,1.50
2013.04.09 13:53:00.739,0.97306,0.97322,1.28,1.50
2013.04.09 13:53:00.821,0.97307,0.97319,1.28,1.50
2013.04.09 13:53:00.886,0.97307,0.97324,1.28,2.40
2013.04.09 13:53:01.246,0.97306,0.97324,2.25,1.50
2013.04.09 13:53:01.605,0.97308,0.97327,1.35,1.13
2013.04.09 13:53:03.625,0.97311,0.97328,1.65,1.50
2013.04.09 13:53:03.984,0.97306,0.97321,2.25,1.50
2013.04.09 13:53:04.536,0.97303,0.97318,2.85,1.50
2013.04.09 13:53:06.587,0.97301,0.97318,2.40,1.65
2013.04.09 13:53:07.068,0.97299,0.97316,1.28,1.50
2013.04.09 13:53:07.208,0.97299,0.97309,1.13,1.50
2013.04.09 13:53:07.275,0.97296,0.97309,1.50,1.50
2013.04.09 13:53:07.335,0.97295,0.97309,1.50,1.50
2013.04.09 13:53:07.796,0.97296,0.9731,1.50,1.50
2013.04.09 13:53:09.535,0.97294,0.9731,2.03,1.50
2013.04.09 13:53:09.594,0.97294,0.9731,2.03,1.50
2013.04.09 13:53:09.654,0.97294,0.97307,1.13,1.50
2013.04.09 13:53:09.834,0.97294,0.97307,1.13,1.50
2013.04.09 13:53:10.425,0.97294,0.97306,1.50,1.50
2013.04.09 13:53:10.547,0.97294,0.97305,1.50,1.13
2013.04.09 13:53:10.736,0.97287,0.97299,1.13,1.50
2013.04.09 13:53:10.926,0.97288,0.97299,1.50,1.50
2013.04.09 13:53:11.055,0.97288,0.97301,1.50,1.50
2013.04.09 13:53:11.416,0.9729,0.97305,2.25,1.50
2013.04.09 13:53:12.295,0.97291,0.97307,1.43,2.25
2013.04.09 13:53:12.535,0.97287,0.97305,2.63,1.50
2013.04.09 13:53:12.595,0.97287,0.97304,1.50,1.50
2013.04.09 13:53:13.845,0.97286,0.97301,1.50,1.50
2013.04.09 13:53:18.307,0.97286,0.97301,2.25,1.50
2013.04.09 13:53:18.378,0.97289,0.97304,1.28,2.25
2013.04.09 13:53:18.517,0.97296,0.97304,1.50,1.50
2013.04.09 13:53:18.647,0.97296,0.97313,1.50,1.50
2013.04.09 13:53:18.896,0.97293,0.97313,2.10,2.40
2013.04.09 13:53:18.966,0.97293,0.97313,1.28,1.80
2013.04.09 13:53:19.037,0.97291,0.97309,2.25,1.50
2013.04.09 13:53:19.227,0.97291,0.97308,2.25,1.50
2013.04.09 13:53:19.537,0.97293,0.97309,1.50,1.50
2013.04.09 13:53:19.846,0.97297,0.97316,3.00,1.50
2013.04.09 13:53:19.965,0.973,0.97318,1.28,1.50
2013.04.09 13:53:20.608,0.97302,0.97319,1.35,1.50
2013.04.09 13:53:24.416,0.97302,0.97319,3.00,2.25
2013.04.09 13:53:25.733,0.97302,0.97319,3.00,2.25
2013.04.09 13:53:29.018,0.97301,0.97318,1.65,2.03
2013.04.09 13:53:29.086,0.97301,0.97318,1.50,2.03
2013.04.09 13:53:29.205,0.97301,0.97313,1.50,1.50
2013.04.09 13:53:29.722,0.97301,0.97315,1.50,1.50
2013.04.09 13:53:30.326,0.97301,0.97315,1.50,1.50
2013.04.09 13:53:30.876,0.97297,0.97309,1.13,1.50
2013.04.09 13:53:33.655,0.97297,0.97312,1.13,1.50
2013.04.09 13:53:37.065,0.97297,0.97313,1.13,2.63
2013.04.09 13:53:37.261,0.97301,0.97316,1.73,1.88
2013.04.09 13:53:37.332,0.97301,0.97318,1.88,2.25
2013.04.09 13:53:37.534,0.97302,0.97318,1.73,1.50
2013.04.09 13:53:38.015,0.97307,0.97323,1.50,1.50
2013.04.09 13:53:38.084,0.97307,0.97324,1.50,1.50
2013.04.09 13:53:38.278,0.97307,0.97323,1.50,1.50
2013.04.09 13:53:38.825,0.97307,0.97321,1.13,1.50
2013.04.09 13:53:39.005,0.97302,0.97319,1.65,1.65
2013.04.09 13:53:40.355,0.97302,0.97321,1.65,2.03
2013.04.09 13:53:40.416,0.97305,0.97321,1.13,1.88
2013.04.09 13:53:41.620,0.97305,0.97321,1.13,1.88
2013.04.09 13:53:42.534,0.97304,0.9732,1.13,1.65
2013.04.09 13:53:42.835,0.97301,0.97313,1.65,1.50
2013.04.09 13:53:43.636,0.97301,0.97312,1.65,1.50
2013.04.09 13:53:43.814,0.97298,0.97314,1.13,1.50
2013.04.09 13:53:44.174,0.973,0.97318,1.88,1.88
2013.04.09 13:53:46.444,0.97302,0.9732,1.65,2.78
2013.04.09 13:53:48.088,0.97302,0.9732,1.65,2.78
2013.04.09 13:53:48.902,0.97297,0.9731,1.50,1.50
2013.04.09 13:53:48.982,0.97296,0.97314,1.50,3.00
2013.04.09 13:53:49.225,0.97296,0.97313,1.50,1.50
2013.04.09 13:53:49.345,0.97296,0.97313,1.50,1.88
2013.04.09 13:53:49.707,0.97292,0.97309,1.50,1.50
2013.04.09 13:53:49.895,0.97291,0.9731,1.13,1.88
2013.04.09 13:53:54.926,0.97292,0.9731,1.88,1.88
2013.04.09 13:53:55.159,0.97292,0.9731,1.13,1.88
2013.04.09 13:53:57.616,0.97292,0.97309,1.13,1.65
2013.04.09 13:53:58.166,0.97291,0.97306,1.50,1.50
2013.04.09 13:53:59.155,0.97291,0.97309,1.50,1.65
2013.04.09 13:53:59.288,0.97288,0.97307,1.50,1.13
2013.04.09 13:54:00.756,0.97289,0.97308,2.85,1.28
2013.04.09 13:54:05.606,0.97291,0.97307,1.50,1.13
2013.04.09 13:54:05.785,0.97293,0.9731,1.13,1.88
2013.04.09 13:54:06.310,0.97293,0.9731,1.13,2.63
2013.04.09 13:54:06.376,0.97291,0.97309,1.65,1.13
2013.04.09 13:54:06.438,0.97291,0.97306,1.65,2.10
2013.04.09 13:54:06.504,0.9729,0.97306,3.15,2.85
2013.04.09 13:54:06.565,0.9729,0.97303,1.65,1.50
2013.04.09 13:54:06.864,0.9729,0.97308,1.05,1.28
2013.04.09 13:54:07.106,0.9729,0.97307,2.40,1.13
2013.04.09 13:54:07.674,0.9729,0.97304,1.50,1.35
2013.04.09 13:54:07.734,0.97288,0.97304,2.25,2.10
2013.04.09 13:54:07.794,0.97287,0.97303,1.20,2.10
2013.04.09 13:54:08.095,0.9729,0.97304,1.28,1.50
2013.04.09 13:54:08.216,0.9729,0.97307,2.55,1.28
2013.04.09 13:54:08.516,0.97292,0.97307,1.50,1.28
2013.04.09 13:54:08.835,0.97292,0.97305,1.50,2.03
2013.04.09 13:54:09.205,0.97292,0.97306,1.50,1.13
2013.04.09 13:54:10.159,0.97292,0.97304,1.50,2.10
2013.04.09 13:54:10.369,0.97285,0.973,2.63,1.13
2013.04.09 13:54:10.986,0.97289,0.973,1.13,1.13
2013.04.09 13:54:11.061,0.97289,0.97303,1.13,1.50
2013.04.09 13:54:11.188,0.97294,0.97305,1.13,1.13
2013.04.09 13:54:11.315,0.97294,0.97307,1.13,1.13
2013.04.09 13:54:11.375,0.97294,0.97312,1.13,1.13
2013.04.09 13:54:11.435,0.97294,0.97315,1.13,2.63
2013.04.09 13:54:11.498,0.97294,0.97315,2.63,1.28
2013.04.09 13:54:12.026,0.97297,0.97316,1.50,2.10
2013.04.09 13:54:12.276,0.97294,0.97313,1.88,1.43
2013.04.09 13:54:12.395,0.97292,0.97309,1.50,1.65
2013.04.09 13:54:12.515,0.97291,0.97305,1.50,1.35
2013.04.09 13:54:12.576,0.97289,0.97305,1.35,1.50
2013.04.09 13:54:12.635,0.9729,0.97306,1.32,1.50
2013.04.09 13:54:12.937,0.97295,0.97311,1.50,1.50
2013.04.09 13:54:13.125,0.97295,0.97313,1.50,1.88
2013.04.09 13:54:13.365,0.97295,0.97313,1.50,1.13
2013.04.09 13:54:14.450,0.97301,0.97313,1.13,1.13
2013.04.09 13:54:14.526,0.97301,0.97321,2.03,2.10
2013.04.09 13:54:15.064,0.97302,0.97319,1.50,1.13
2013.04.09 13:54:15.127,0.97302,0.97319,1.50,1.88
2013.04.09 13:54:15.434,0.97298,0.97311,1.88,1.50
2013.04.09 13:54:15.616,0.97301,0.97315,1.50,1.13
2013.04.09 13:54:15.805,0.97301,0.97319,1.50,3.53
2013.04.09 13:54:17.062,0.97303,0.97319,1.50,2.03
2013.04.09 13:54:17.705,0.97303,0.97319,1.88,1.13
2013.04.09 13:54:17.765,0.97303,0.97321,1.88,1.50
2013.04.09 13:54:23.726,0.97307,0.97322,1.13,1.88
2013.04.09 13:54:23.795,0.97307,0.97323,1.13,1.50
2013.04.09 13:54:24.336,0.97307,0.97325,3.00,1.88
2013.04.09 13:54:25.347,0.97306,0.97323,2.25,1.65
2013.04.09 13:54:25.427,0.97307,0.97323,1.88,1.50
2013.04.09 13:54:28.836,0.9731,0.97325,1.65,1.50
2013.04.09 13:54:29.385,0.97306,0.97324,1.13,1.88
2013.04.09 13:54:29.746,0.973,0.97318,1.50,1.13
2013.04.09 13:54:29.985,0.97297,0.97318,1.28,1.35
2013.04.09 13:54:30.105,0.97297,0.97318,1.13,1.50
2013.04.09 13:54:30.406,0.97293,0.97313,1.28,1.73
2013.04.09 13:54:30.527,0.97293,0.97313,1.28,1.73
2013.04.09 13:54:31.214,0.97295,0.97313,1.50,1.73
2013.04.09 13:54:32.466,0.97294,0.97313,1.88,2.85
2013.04.09 13:54:33.094,0.97294,0.97313,1.13,2.85
2013.04.09 13:54:33.154,0.97295,0.97313,1.50,2.10
2013.04.09 13:54:33.717,0.97295,0.97313,2.25,2.10
2013.04.09 13:54:34.145,0.97297,0.97314,1.50,2.48
2013.04.09 13:54:34.204,0.97297,0.97314,1.88,2.10
2013.04.09 13:54:34.326,0.97297,0.97315,1.88,1.28
2013.04.09 13:54:35.804,0.97301,0.97315,1.13,1.88
2013.04.09 13:54:35.887,0.97305,0.97322,2.40,1.50
2013.04.09 13:54:35.955,0.97306,0.97324,1.50,2.85
2013.04.09 13:54:36.257,0.97309,0.97327,1.50,1.13
2013.04.09 13:54:36.325,0.97309,0.97327,1.50,1.13
2013.04.09 13:54:36.746,0.97307,0.97326,3.00,1.50
2013.04.09 13:54:37.487,0.97309,0.97326,2.25,1.50
2013.04.09 13:54:37.754,0.97309,0.97326,1.50,2.25
2013.04.09 13:54:39.454,0.97309,0.97327,1.50,1.50
2013.04.09 13:54:39.975,0.97311,0.97328,1.50,2.03
2013.04.09 13:54:40.324,0.97311,0.97326,1.50,1.50
2013.04.09 13:54:42.324,0.97311,0.97327,1.50,1.50
2013.04.09 13:54:43.016,0.97311,0.97328,1.50,2.78
2013.04.09 13:54:43.635,0.97311,0.97327,1.50,1.50
2013.04.09 13:54:44.134,0.97308,0.97326,1.50,1.50
2013.04.09 13:54:44.255,0.97307,0.97324,3.38,1.50
2013.04.09 13:54:47.005,0.97309,0.97327,1.13,1.50
2013.04.09 13:54:47.656,0.97308,0.97326,2.63,1.50
2013.04.09 13:54:48.045,0.97309,0.97327,1.13,1.50
2013.04.09 13:54:49.028,0.97311,0.97328,1.50,2.03
2013.04.09 13:54:52.827,0.97309,0.97323,1.50,1.50
2013.04.09 13:54:53.136,0.97303,0.97321,1.65,1.13
2013.04.09 13:54:54.446,0.97302,0.9732,1.65,2.78
2013.04.09 13:54:55.077,0.97302,0.97318,1.65,1.50
2013.04.09 13:54:57.185,0.97301,0.97316,1.13,1.50
2013.04.09 13:54:57.306,0.97298,0.97314,1.50,2.55
2013.04.09 13:54:57.865,0.97294,0.97313,1.88,2.10
2013.04.09 13:54:58.105,0.97294,0.97312,3.00,1.65
2013.04.09 13:54:58.164,0.97294,0.97312,3.75,1.65
2013.04.09 13:54:58.926,0.97301,0.97314,1.65,1.58
2013.04.09 13:54:59.003,0.97301,0.97318,1.65,1.65
2013.04.09 13:54:59.545,0.97301,0.97319,1.65,1.88
2013.04.09 13:55:00.725,0.97301,0.97319,2.03,1.13
2013.04.09 13:55:01.885,0.97301,0.97319,2.03,1.88
2013.04.09 13:55:02.423,0.97301,0.97318,2.03,1.65
2013.04.09 13:55:04.385,0.97299,0.97316,1.13,1.50
2013.04.09 13:55:05.805,0.97301,0.97319,2.03,1.88
2013.04.09 13:55:08.896,0.97301,0.97318,2.03,1.65
2013.04.09 13:55:08.965,0.97302,0.97318,1.13,1.50
2013.04.09 13:55:09.085,0.97303,0.97323,2.25,2.55
2013.04.09 13:55:09.267,0.97303,0.97321,2.03,1.13
2013.04.09 13:55:12.835,0.97301,0.97318,1.88,1.50
2013.04.09 13:55:12.896,0.97301,0.97318,1.88,1.35
2013.04.09 13:55:15.195,0.97304,0.97321,1.13,1.13
2013.04.09 13:55:18.525,0.97304,0.97321,1.13,1.13
2013.04.09 13:55:20.554,0.97304,0.97323,1.13,1.28
2013.04.09 13:55:20.947,0.97304,0.97323,1.13,2.03
2013.04.09 13:55:21.436,0.97304,0.97322,1.13,1.65
2013.04.09 13:55:23.689,0.97304,0.97321,1.13,1.13
2013.04.09 13:55:23.886,0.97307,0.97324,1.50,1.50
2013.04.09 13:55:25.666,0.97311,0.97327,1.13,1.28
2013.04.09 13:55:30.525,0.97311,0.97327,1.13,2.25
2013.04.09 13:55:36.515,0.97309,0.97326,1.50,1.50
2013.04.09 13:55:36.635,0.97307,0.97323,2.03,1.50
2013.04.09 13:55:37.175,0.97306,0.97323,1.13,1.50
2013.04.09 13:55:38.619,0.97306,0.97323,1.13,1.50
2013.04.09 13:55:38.685,0.97306,0.97323,1.13,1.50
2013.04.09 13:55:39.806,0.97306,0.97322,1.13,1.13
2013.04.09 13:55:41.069,0.97306,0.97322,1.13,1.13
2013.04.09 13:55:42.467,0.97306,0.97322,1.13,1.13
2013.04.09 13:55:42.986,0.97306,0.97322,1.13,1.13
2013.04.09 13:55:46.545,0.97306,0.97323,1.13,1.88
2013.04.09 13:55:47.026,0.97306,0.97321,1.88,1.50
2013.04.09 13:55:50.109,0.97306,0.97321,1.88,1.50
2013.04.09 13:55:53.497,0.97306,0.9732,1.13,1.50
2013.04.09 13:55:53.985,0.97301,0.97318,1.50,1.65
2013.04.09 13:55:54.224,0.97301,0.97315,1.50,1.50
2013.04.09 13:55:54.767,0.97301,0.97315,1.50,1.50
2013.04.09 13:55:55.139,0.97302,0.97315,1.50,1.50
2013.04.09 13:55:56.150,0.97301,0.97315,1.50,1.50
2013.04.09 13:55:58.936,0.97302,0.97315,1.50,1.50
2013.04.09 13:55:59.515,0.97302,0.97318,1.50,1.28
2013.04.09 13:56:00.291,0.97306,0.97319,1.13,1.50
2013.04.09 13:56:00.535,0.97306,0.97324,1.88,1.28
2013.04.09 13:56:01.095,0.97306,0.97325,2.25,1.28
2013.04.09 13:56:05.418,0.97318,0.97332,1.13,3.00
2013.04.09 13:56:05.726,0.97314,0.97324,1.50,1.50
2013.04.09 13:56:05.796,0.97312,0.97328,1.88,1.65
2013.04.09 13:56:06.336,0.97315,0.97328,1.65,1.50
2013.04.09 13:56:06.886,0.97319,0.97334,2.63,1.65
2013.04.09 13:56:07.415,0.97319,0.97334,1.13,1.50
2013.04.09 13:56:08.016,0.9732,0.97334,1.65,1.50
2013.04.09 13:56:09.855,0.9732,0.97334,1.50,1.50
2013.04.09 13:56:10.214,0.97317,0.97329,1.50,1.50
2013.04.09 13:56:10.817,0.97317,0.97333,1.50,1.65
2013.04.09 13:56:10.888,0.97319,0.97335,1.65,1.20
2013.04.09 13:56:11.196,0.97319,0.97333,1.50,1.65
2013.04.09 13:56:11.555,0.97317,0.97334,1.50,2.63
2013.04.09 13:56:11.614,0.97318,0.97334,1.13,1.13
2013.04.09 13:56:11.674,0.97318,0.97334,1.13,1.13
2013.04.09 13:56:11.794,0.97318,0.97335,1.13,2.25
2013.04.09 13:56:12.467,0.97319,0.97335,1.65,1.50
2013.04.09 13:56:12.986,0.97319,0.97336,1.65,1.50
2013.04.09 13:56:13.776,0.97319,0.97335,1.65,1.50
2013.04.09 13:56:14.285,0.97319,0.97335,2.03,1.50
2013.04.09 13:56:16.362,0.97319,0.97335,2.03,1.50
2013.04.09 13:56:19.377,0.97319,0.97335,3.53,1.50
2013.04.09 13:56:19.815,0.97319,0.97335,3.53,1.50
2013.04.09 13:56:24.706,0.97321,0.97335,1.50,1.50
2013.04.09 13:56:24.894,0.97321,0.97339,1.50,1.50
2013.04.09 13:56:26.686,0.97321,0.9734,2.25,2.63
2013.04.09 13:56:29.227,0.97319,0.97334,2.25,1.50
2013.04.09 13:56:29.529,0.97321,0.97338,1.13,1.50
2013.04.09 13:56:35.215,0.97323,0.97339,1.13,1.50
2013.04.09 13:56:35.335,0.97323,0.97341,1.88,1.65
2013.04.09 13:56:35.935,0.97326,0.97343,1.50,1.88
2013.04.09 13:56:36.416,0.97327,0.97343,1.13,1.50
2013.04.09 13:56:37.105,0.97327,0.97343,1.88,1.50
2013.04.09 13:56:37.466,0.97327,0.97346,1.88,1.50
2013.04.09 13:56:44.544,0.9733,0.97348,1.50,3.15
2013.04.09 13:56:44.724,0.9733,0.97346,1.50,1.50
2013.04.09 13:56:45.024,0.97327,0.97346,1.88,1.50
2013.04.09 13:56:47.869,0.97329,0.97346,1.65,1.50
2013.04.09 13:56:48.756,0.97329,0.9735,2.40,2.25
2013.04.09 13:56:49.125,0.97332,0.97352,1.88,1.50
2013.04.09 13:56:49.425,0.97335,0.97353,1.13,1.73
2013.04.09 13:56:49.485,0.97335,0.97353,1.88,1.13
2013.04.09 13:56:49.605,0.97335,0.97355,2.25,1.28
2013.04.09 13:56:50.759,0.97337,0.97354,1.65,1.13
2013.04.09 13:56:51.075,0.97336,0.97354,2.03,1.50
2013.04.09 13:56:51.195,0.97339,0.97356,1.50,1.65
2013.04.09 13:56:51.506,0.9734,0.97357,1.88,1.50
2013.04.09 13:56:52.124,0.9734,0.97361,2.63,1.13
2013.04.09 13:56:52.665,0.97344,0.97364,1.50,3.00
2013.04.09 13:56:53.674,0.97344,0.97362,1.50,1.28
2013.04.09 13:56:53.916,0.97341,0.97355,1.13,1.50
2013.04.09 13:56:53.975,0.97341,0.97354,1.13,1.50
2013.04.09 13:56:54.621,0.97341,0.97357,1.50,1.50
2013.04.09 13:56:54.686,0.97341,0.97358,1.50,2.25
2013.04.09 13:56:54.864,0.97342,0.97353,1.13,1.50
2013.04.09 13:56:55.285,0.97339,0.97357,2.03,1.50
2013.04.09 13:56:56.706,0.97339,0.97356,2.03,1.50
2013.04.09 13:56:57.184,0.97339,0.97356,2.03,1.50
2013.04.09 13:56:57.709,0.97339,0.97358,2.03,2.25
2013.04.09 13:56:57.775,0.97339,0.97353,1.13,1.73
2013.04.09 13:56:57.955,0.97335,0.9735,1.65,1.50
2013.04.09 13:56:58.075,0.97334,0.97351,1.65,1.65
2013.04.09 13:56:58.865,0.97336,0.97353,1.88,1.13
2013.04.09 13:56:59.897,0.97336,0.97354,2.33,3.00
2013.04.09 13:57:00.146,0.9734,0.97358,1.65,3.38
2013.04.09 13:57:00.816,0.97342,0.97358,2.25,1.88
2013.04.09 13:57:03.044,0.97342,0.97358,1.50,1.88
2013.04.09 13:57:03.225,0.97344,0.9736,1.13,1.88
2013.04.09 13:57:05.775,0.97346,0.97364,1.28,1.65
2013.04.09 13:57:06.075,0.97346,0.97361,1.28,1.50
2013.04.09 13:57:06.636,0.97347,0.97361,1.50,1.50
2013.04.09 13:57:06.765,0.97347,0.97363,1.50,1.50
2013.04.09 13:57:06.825,0.97347,0.97364,1.88,1.65
2013.04.09 13:57:07.635,0.97348,0.97364,1.28,1.50
2013.04.09 13:57:07.816,0.97351,0.97368,1.13,1.88
2013.04.09 13:57:08.348,0.97352,0.97367,1.13,1.50
2013.04.09 13:57:08.418,0.9735,0.97365,1.65,1.13
2013.04.09 13:57:08.904,0.9735,0.97365,1.50,1.13
2013.04.09 13:57:09.368,0.97349,0.97364,1.50,1.65
2013.04.09 13:57:09.915,0.9735,0.97365,1.50,1.13
2013.04.09 13:57:12.266,0.9735,0.97363,1.50,1.65
2013.04.09 13:57:13.288,0.97347,0.97365,2.78,2.63
2013.04.09 13:57:15.816,0.97348,0.97365,1.13,1.13
2013.04.09 13:57:19.246,0.97347,0.97365,1.65,1.13
2013.04.09 13:57:20.886,0.97347,0.97364,1.65,2.40
2013.04.09 13:57:21.137,0.97342,0.97358,1.50,1.13
2013.04.09 13:57:21.546,0.97343,0.97359,1.88,1.13
2013.04.09 13:57:21.605,0.97343,0.9736,2.25,1.50
2013.04.09 13:57:21.665,0.97346,0.97364,1.50,3.98
2013.04.09 13:57:22.190,0.97346,0.97363,2.25,1.13
2013.04.09 13:57:29.139,0.9735,0.97368,1.50,4.50
2013.04.09 13:57:29.449,0.97347,0.97364,1.13,1.88
2013.04.09 13:57:35.805,0.97346,0.97364,1.50,1.88
2013.04.09 13:57:36.540,0.97346,0.97363,1.50,1.58
2013.04.09 13:57:37.695,0.97342,0.97361,2.78,2.25
2013.04.09 13:57:38.729,0.97342,0.97361,2.03,3.00
2013.04.09 13:57:39.204,0.9734,0.97359,2.25,2.03
2013.04.09 13:57:39.656,0.97347,0.97358,1.13,1.50
2013.04.09 13:57:40.532,0.97358,0.97372,1.28,1.50
2013.04.09 13:57:40.613,0.97363,0.9738,2.03,2.25
2013.04.09 13:57:40.685,0.97363,0.97383,2.03,1.13
2013.04.09 13:57:41.185,0.97363,0.97383,2.03,1.88
2013.04.09 13:57:41.495,0.97361,0.9738,1.88,1.65
2013.04.09 13:57:41.817,0.97362,0.97381,1.28,1.13
2013.04.09 13:57:42.245,0.97362,0.97381,2.03,1.88
2013.04.09 13:57:42.306,0.97363,0.97381,1.28,1.50
2013.04.09 13:57:42.487,0.97363,0.97384,2.03,1.65
2013.04.09 13:57:42.617,0.97363,0.97383,2.40,1.35
2013.04.09 13:57:42.826,0.97363,0.97383,3.15,2.03
2013.04.09 13:57:43.374,0.97366,0.97383,1.50,2.78
2013.04.09 13:57:45.756,0.97366,0.97383,1.50,2.78
2013.04.09 13:57:46.065,0.97362,0.97381,1.13,1.88
2013.04.09 13:57:46.246,0.97361,0.97379,1.88,1.13
2013.04.09 13:57:46.328,0.97361,0.97379,1.50,1.50
2013.04.09 13:57:46.876,0.97358,0.97377,1.65,2.03
2013.04.09 13:57:47.385,0.97361,0.97377,1.50,2.03
2013.04.09 13:57:48.175,0.97361,0.97377,1.50,1.28
2013.04.09 13:57:49.706,0.97358,0.97377,1.50,1.28
2013.04.09 13:57:50.744,0.97358,0.97377,1.88,1.28
2013.04.09 13:57:52.968,0.97357,0.97374,1.88,1.13
2013.04.09 13:57:53.486,0.97357,0.97373,1.50,1.13
2013.04.09 13:57:53.548,0.97356,0.97373,1.50,1.13
2013.04.09 13:57:53.723,0.97357,0.97374,1.13,1.88
2013.04.09 13:57:54.206,0.97358,0.97375,1.88,1.50
2013.04.09 13:57:55.216,0.97358,0.97375,1.88,1.50
2013.04.09 13:57:56.120,0.97359,0.97377,1.65,1.28
2013.04.09 13:57:56.975,0.97358,0.97373,1.13,1.50
2013.04.09 13:57:58.187,0.97359,0.97375,1.65,1.13
2013.04.09 13:57:59.896,0.97359,0.97374,1.65,1.13
2013.04.09 13:58:01.206,0.97358,0.97374,1.13,1.13
2013.04.09 13:58:01.758,0.97358,0.97374,1.88,1.13
2013.04.09 13:58:02.445,0.97358,0.97375,1.88,1.50
2013.04.09 13:58:04.079,0.97362,0.97375,1.50,1.13
2013.04.09 13:58:04.384,0.97367,0.97379,1.65,1.88
2013.04.09 13:58:04.446,0.97367,0.97384,2.03,3.75
2013.04.09 13:58:04.566,0.97367,0.97385,1.50,2.85
2013.04.09 13:58:04.627,0.97366,0.97385,1.50,3.68
2013.04.09 13:58:04.696,0.97366,0.97385,1.13,3.30
2013.04.09 13:58:04.887,0.97366,0.97385,1.73,1.88
2013.04.09 13:58:05.436,0.97368,0.97387,1.88,1.13
2013.04.09 13:58:05.615,0.97367,0.97387,1.13,1.50
2013.04.09 13:58:06.174,0.97368,0.97387,1.65,1.50
2013.04.09 13:58:06.958,0.97369,0.97384,1.50,1.50
2013.04.09 13:58:07.207,0.97366,0.97384,1.50,1.50
2013.04.09 13:58:08.025,0.97364,0.97382,1.65,1.28
2013.04.09 13:58:08.818,0.97362,0.97381,1.88,1.50
2013.04.09 13:58:09.044,0.97361,0.97379,2.25,1.35
2013.04.09 13:58:09.946,0.97362,0.97377,1.13,1.88
2013.04.09 13:58:10.127,0.97358,0.97374,1.13,1.35
2013.04.09 13:58:10.197,0.97356,0.97374,2.63,2.18
2013.04.09 13:58:10.698,0.97356,0.97375,2.25,1.13
2013.04.09 13:58:11.925,0.97355,0.97373,1.65,1.50
2013.04.09 13:58:12.285,0.97353,0.97373,1.73,1.50
2013.04.09 13:58:12.345,0.97352,0.9737,2.48,1.13
2013.04.09 13:58:13.155,0.97353,0.97369,1.35,1.13
2013.04.09 13:58:13.275,0.97351,0.97367,1.50,1.28
2013.04.09 13:58:13.635,0.97349,0.97367,1.65,1.28
2013.04.09 13:58:16.136,0.9735,0.97364,1.50,1.13
2013.04.09 13:58:16.377,0.97349,0.97363,1.65,1.13
2013.04.09 13:58:16.885,0.97349,0.97363,1.65,1.88
2013.04.09 13:58:17.065,0.97349,0.97365,1.65,1.13
2013.04.09 13:58:17.529,0.97349,0.97365,1.65,1.13
2013.04.09 13:58:18.468,0.97348,0.97365,1.73,1.13
2013.04.09 13:58:18.657,0.97347,0.97364,1.13,1.13
2013.04.09 13:58:18.965,0.97346,0.97363,1.50,2.25
2013.04.09 13:58:19.025,0.97345,0.97362,1.13,1.65
2013.04.09 13:58:19.337,0.97343,0.97357,1.13,1.13
2013.04.09 13:58:19.405,0.97343,0.97358,1.13,1.13
2013.04.09 13:58:21.026,0.97343,0.97359,1.13,1.88
2013.04.09 13:58:22.355,0.97341,0.97358,1.13,1.88
2013.04.09 13:58:22.647,0.97341,0.97358,1.13,2.48
2013.04.09 13:58:22.835,0.97338,0.97354,1.28,1.50
2013.04.09 13:58:22.896,0.97338,0.97354,1.28,1.50
2013.04.09 13:58:23.445,0.97338,0.97357,1.50,2.63
2013.04.09 13:58:23.758,0.97339,0.97355,1.50,1.73
2013.04.09 13:58:24.067,0.97341,0.97356,1.13,1.13
2013.04.09 13:58:24.376,0.97339,0.97356,1.88,1.88
2013.04.09 13:58:26.186,0.97336,0.97354,2.25,1.50
2013.04.09 13:58:26.383,0.97333,0.97349,3.38,1.13
2013.04.09 13:58:26.697,0.97333,0.97351,2.63,1.13
2013.04.09 13:58:28.443,0.97331,0.97344,1.50,1.28
2013.04.09 13:58:28.638,0.97328,0.97344,1.50,1.28
2013.04.09 13:58:29.137,0.9733,0.97347,1.65,2.03
2013.04.09 13:58:29.629,0.97331,0.97347,1.65,2.03
2013.04.09 13:58:29.877,0.97326,0.97345,1.65,1.13
2013.04.09 13:58:30.316,0.97325,0.97344,1.65,1.88
2013.04.09 13:58:30.638,0.97327,0.97341,1.50,1.13
2013.04.09 13:58:31.006,0.97329,0.97342,1.50,1.28
2013.04.09 13:58:31.436,0.9733,0.97344,1.73,1.50
2013.04.09 13:58:31.906,0.97329,0.97344,1.35,2.03
2013.04.09 13:58:32.086,0.97327,0.97343,2.10,1.50
2013.04.09 13:58:32.149,0.97326,0.9734,1.50,1.88
2013.04.09 13:58:32.359,0.97321,0.97338,1.13,1.13
2013.04.09 13:58:33.391,0.97319,0.97334,2.10,2.63
2013.04.09 13:58:33.504,0.97315,0.97331,1.50,2.03
2013.04.09 13:58:33.707,0.97313,0.9733,2.48,1.13
2013.04.09 13:58:34.267,0.97316,0.97334,1.13,2.63
2013.04.09 13:58:34.765,0.97315,0.97331,1.13,1.13
2013.04.09 13:58:35.069,0.97312,0.97331,1.88,2.03
2013.04.09 13:58:35.209,0.97311,0.9733,1.88,1.65
2013.04.09 13:58:35.521,0.97314,0.97328,1.13,1.88
2013.04.09 13:58:35.588,0.97312,0.97328,1.50,2.03
2013.04.09 13:58:35.657,0.97312,0.97328,1.50,2.03
2013.04.09 13:58:36.208,0.97312,0.97328,1.50,2.03
2013.04.09 13:58:36.660,0.97312,0.97327,1.50,1.13
2013.04.09 13:58:37.028,0.97308,0.97325,1.13,1.13
2013.04.09 13:58:37.535,0.97308,0.97325,1.13,1.13
2013.04.09 13:58:37.919,0.97307,0.97325,1.88,2.10
2013.04.09 13:58:38.048,0.97306,0.97324,1.50,2.10
2013.04.09 13:58:38.198,0.97305,0.97318,1.50,1.13
2013.04.09 13:58:38.630,0.97307,0.97318,1.50,1.13
2013.04.09 13:58:38.949,0.97304,0.97318,1.50,1.50
2013.04.09 13:58:39.015,0.97304,0.97315,1.50,1.28
2013.04.09 13:58:39.136,0.97298,0.97315,1.13,1.28
2013.04.09 13:58:39.195,0.97296,0.97315,4.58,1.28
2013.04.09 13:58:39.256,0.97298,0.97317,1.50,1.13
2013.04.09 13:58:40.462,0.97297,0.97317,1.13,1.13
2013.04.09 13:58:41.242,0.97297,0.97312,1.88,1.13
2013.04.09 13:58:41.317,0.97289,0.97304,1.88,1.13
2013.04.09 13:58:42.666,0.97291,0.97307,1.65,1.88
2013.04.09 13:58:42.727,0.97291,0.97307,1.65,1.88
2013.04.09 13:58:43.037,0.97287,0.97303,1.50,1.50
2013.04.09 13:58:43.105,0.97285,0.97303,2.63,1.65
2013.04.09 13:58:44.996,0.97283,0.973,1.50,1.28
2013.04.09 13:58:45.066,0.97283,0.97297,1.50,1.13
2013.04.09 13:58:46.406,0.97283,0.97297,1.50,1.13
2013.04.09 13:58:46.608,0.97285,0.973,1.50,1.50
2013.04.09 13:58:46.736,0.97286,0.97303,2.25,1.50
2013.04.09 13:58:46.857,0.97286,0.97303,2.25,1.13
2013.04.09 13:58:49.659,0.97278,0.97296,1.50,2.25
2013.04.09 13:58:51.817,0.97278,0.97293,1.50,1.13
2013.04.09 13:58:54.824,0.97276,0.97291,1.65,1.13
2013.04.09 13:58:56.076,0.97278,0.97293,2.25,1.13
2013.04.09 13:58:58.435,0.97282,0.97296,1.35,1.88
2013.04.09 13:58:58.519,0.97281,0.97299,1.65,1.28
2013.04.09 13:59:00.418,0.97282,0.97296,1.65,1.13
2013.04.09 13:59:00.766,0.9728,0.97298,1.13,2.78
2013.04.09 13:59:01.038,0.97282,0.97298,1.50,2.78
2013.04.09 13:59:01.346,0.97286,0.97303,1.13,1.50
2013.04.09 13:59:01.406,0.97287,0.97304,1.65,1.50
2013.04.09 13:59:01.657,0.97289,0.97306,1.50,1.13
2013.04.09 13:59:01.852,0.9729,0.97309,1.50,1.65
2013.04.09 13:59:02.409,0.97291,0.97309,1.50,1.65
2013.04.09 13:59:02.735,0.97291,0.97309,1.50,1.65
2013.04.09 13:59:02.915,0.97291,0.97309,1.88,1.65
2013.04.09 13:59:03.169,0.97292,0.9731,2.10,1.50
2013.04.09 13:59:03.237,0.97296,0.97313,1.65,1.28
2013.04.09 13:59:03.788,0.97295,0.97313,3.00,1.50
2013.04.09 13:59:04.046,0.97296,0.97313,1.88,1.13
2013.04.09 13:59:04.407,0.973,0.97318,1.13,1.50
2013.04.09 13:59:04.476,0.97298,0.97319,2.63,1.50
2013.04.09 13:59:04.861,0.97298,0.97317,1.35,1.13
2013.04.09 13:59:06.930,0.97295,0.97313,1.13,1.13
2013.04.09 13:59:07.009,0.97295,0.97313,1.50,1.50
2013.04.09 13:59:07.258,0.97296,0.97313,1.88,1.13
2013.04.09 13:59:07.446,0.97297,0.97316,1.88,1.28
2013.04.09 13:59:08.328,0.97299,0.97317,1.65,1.50
2013.04.09 13:59:09.117,0.97298,0.97318,1.28,2.25
2013.04.09 13:59:09.246,0.97302,0.97319,2.03,1.50
2013.04.09 13:59:09.425,0.97304,0.97324,1.13,3.75
2013.04.09 13:59:09.915,0.97307,0.97327,1.50,1.88
2013.04.09 13:59:09.976,0.97307,0.97325,1.50,1.80
2013.04.09 13:59:10.036,0.97307,0.97323,1.13,1.13
2013.04.09 13:59:10.626,0.97306,0.97323,1.88,1.13
2013.04.09 13:59:10.880,0.97308,0.97324,1.13,1.13
2013.04.09 13:59:11.017,0.97311,0.97329,1.13,1.88
2013.04.09 13:59:11.946,0.9731,0.97327,1.13,1.13
2013.04.09 13:59:12.649,0.9731,0.97324,1.13,1.50
2013.04.09 13:59:12.969,0.97308,0.97323,1.88,1.13
2013.04.09 13:59:13.040,0.97307,0.97323,1.50,1.13
2013.04.09 13:59:13.536,0.97303,0.97322,1.28,1.13
2013.04.09 13:59:14.399,0.97302,0.97318,1.13,2.25
2013.04.09 13:59:14.466,0.973,0.97318,2.70,2.25
2013.04.09 13:59:14.525,0.973,0.97314,2.25,1.13
2013.04.09 13:59:16.078,0.97299,0.97314,1.50,1.13
2013.04.09 13:59:16.168,0.97299,0.97318,1.50,2.63
2013.04.09 13:59:16.557,0.97299,0.97318,1.50,2.63
2013.04.09 13:59:16.806,0.97296,0.97316,1.88,1.65
2013.04.09 13:59:17.287,0.97296,0.97316,2.63,1.65
2013.04.09 13:59:17.775,0.97296,0.97315,1.50,2.40
2013.04.09 13:59:18.314,0.97298,0.97316,2.03,1.65
2013.04.09 13:59:19.196,0.97298,0.97311,2.78,1.50
2013.04.09 13:59:24.410,0.97297,0.97313,1.13,1.50
2013.04.09 13:59:24.519,0.97301,0.97319,2.10,1.50
2013.04.09 13:59:25.027,0.97301,0.97319,3.60,1.50
2013.04.09 13:59:25.217,0.97302,0.97317,2.40,1.50
2013.04.09 13:59:25.479,0.97299,0.97315,1.50,1.50
2013.04.09 13:59:28.595,0.97298,0.97314,1.50,1.28
2013.04.09 13:59:28.716,0.97295,0.97313,1.50,1.88
2013.04.09 13:59:28.835,0.97294,0.97312,2.25,1.73
2013.04.09 13:59:28.967,0.97295,0.97313,1.50,1.50
2013.04.09 13:59:29.037,0.97298,0.97313,1.50,1.13
2013.04.09 13:59:32.137,0.97297,0.97313,1.50,1.13
2013.04.09 13:59:32.676,0.97295,0.97313,1.50,1.88
2013.04.09 13:59:34.795,0.97297,0.97313,1.50,1.50
2013.04.09 13:59:34.915,0.97297,0.97315,2.25,1.50
2013.04.09 13:59:35.216,0.97297,0.97313,2.25,1.13
2013.04.09 13:59:36.623,0.97296,0.97314,1.50,1.73
2013.04.09 13:59:36.731,0.97299,0.97316,1.50,1.05
2013.04.09 13:59:37.267,0.973,0.97318,1.50,1.13
2013.04.09 13:59:37.938,0.97302,0.97319,2.25,1.13
2013.04.09 13:59:38.067,0.97307,0.97321,1.65,1.35
2013.04.09 13:59:38.186,0.97307,0.97328,3.15,2.10
2013.04.09 13:59:38.365,0.97308,0.97328,1.13,1.80
2013.04.09 13:59:38.426,0.9731,0.97328,1.65,1.80
2013.04.09 13:59:38.917,0.9731,0.97328,1.35,1.13
2013.04.09 13:59:39.000,0.97307,0.97327,1.88,1.13
2013.04.09 13:59:39.245,0.97304,0.97325,1.35,1.65
2013.04.09 13:59:39.305,0.97304,0.97325,1.35,1.65
2013.04.09 13:59:40.447,0.97306,0.97323,1.50,1.50
2013.04.09 13:59:40.524,0.97296,0.97313,1.50,1.65
2013.04.09 13:59:40.596,0.97294,0.97313,2.25,1.65
2013.04.09 13:59:40.717,0.97296,0.97317,1.65,1.05
2013.04.09 13:59:41.037,0.97294,0.97314,1.50,1.13
2013.04.09 13:59:41.658,0.97296,0.97315,1.50,1.65
2013.04.09 13:59:41.727,0.97297,0.97315,1.13,1.50
2013.04.09 13:59:42.087,0.97307,0.9733,1.65,1.28
2013.04.09 13:59:42.949,0.97306,0.97329,1.50,3.38
2013.04.09 13:59:44.095,0.97309,0.97327,1.50,2.25
2013.04.09 13:59:44.156,0.97309,0.97325,1.50,1.58
2013.04.09 13:59:44.290,0.97304,0.97319,1.50,1.50
2013.04.09 13:59:44.356,0.97304,0.97317,1.50,1.58
2013.04.09 13:59:44.477,0.97297,0.97312,1.50,2.18
2013.04.09 13:59:44.608,0.97297,0.97312,1.50,2.18
2013.04.09 13:59:45.660,0.97291,0.97311,2.25,2.18
2013.04.09 13:59:45.785,0.97292,0.97308,1.50,2.25
2013.04.09 13:59:46.325,0.97291,0.97308,1.50,3.00
2013.04.09 13:59:47.366,0.97285,0.97306,1.50,1.73
2013.04.09 13:59:47.608,0.97281,0.97296,2.25,1.35
2013.04.09 13:59:47.676,0.97277,0.97295,1.50,2.18
2013.04.09 13:59:47.980,0.97277,0.97293,1.50,1.35
2013.04.09 13:59:48.168,0.97275,0.97293,1.50,1.35
2013.04.09 13:59:48.366,0.97272,0.97293,1.50,2.10
2013.04.09 13:59:48.858,0.97275,0.97293,1.50,2.10
2013.04.09 13:59:49.106,0.97273,0.97292,1.13,1.35
2013.04.09 13:59:49.797,0.97276,0.97293,2.25,1.50
2013.04.09 13:59:49.866,0.97277,0.97295,2.25,1.50
2013.04.09 13:59:50.176,0.97285,0.97303,1.35,1.50
2013.04.09 13:59:50.236,0.97284,0.97303,1.58,1.50
2013.04.09 13:59:50.360,0.9729,0.97308,1.35,2.25
2013.04.09 13:59:50.606,0.97292,0.97309,2.18,1.50
2013.04.09 13:59:51.029,0.97287,0.97308,2.25,1.35
2013.04.09 13:59:51.577,0.97288,0.97308,1.50,2.10
2013.04.09 13:59:52.149,0.97288,0.97307,1.50,1.50
2013.04.09 13:59:52.286,0.97288,0.97308,1.50,2.18
2013.04.09 13:59:52.347,0.97288,0.97308,1.50,2.18
2013.04.09 13:59:52.776,0.97286,0.97304,1.50,1.50
2013.04.09 13:59:52.848,0.97286,0.97299,1.50,1.50
2013.04.09 13:59:54.342,0.97276,0.97291,2.25,2.10
2013.04.09 13:59:54.432,0.97273,0.97284,3.30,1.35
2013.04.09 13:59:54.498,0.97272,0.97283,3.60,1.35
2013.04.09 13:59:54.684,0.97272,0.97284,2.10,1.43
2013.04.09 13:59:54.747,0.97262,0.97283,2.25,1.35
2013.04.09 13:59:54.878,0.97262,0.97283,1.50,1.35
2013.04.09 13:59:55.427,0.97262,0.97283,1.50,1.35
2013.04.09 13:59:55.621,0.97266,0.97288,1.35,2.63
2013.04.09 13:59:55.746,0.97267,0.97288,2.10,2.63
2013.04.09 13:59:56.291,0.97268,0.97289,1.13,1.50
2013.04.09 13:59:56.488,0.97268,0.97289,1.13,1.50
2013.04.09 13:59:56.747,0.97267,0.97289,1.50,2.10
2013.04.09 13:59:57.096,0.97267,0.97289,2.48,1.50
2013.04.09 13:59:57.519,0.97266,0.97282,2.25,2.18
2013.04.09 13:59:57.829,0.9726,0.97283,1.50,1.43
2013.04.09 13:59:57.959,0.97258,0.9728,1.50,1.50
2013.04.09 13:59:58.309,0.9726,0.97279,1.35,1.50
2013.04.09 13:59:58.452,0.97257,0.97279,1.50,2.10
2013.04.09 13:59:58.517,0.97259,0.97279,1.50,1.35
2013.04.09 13:59:58.587,0.97259,0.97279,1.50,2.10
2013.04.09 13:59:59.005,0.97256,0.97276,1.50,1.50
2013.04.09 13:59:59.846,0.9726,0.97276,1.50,1.50
