2013.04.17 23:00:01.670,0.95582,0.95609,2.25,1.88
2013.04.17 23:00:01.789,0.95586,0.95609,1.50,1.88
2013.04.17 23:00:01.909,0.9559,0.95614,1.50,1.13
2013.04.17 23:00:02.569,0.95589,0.95614,1.50,1.13
2013.04.17 23:00:02.809,0.95587,0.9561,1.88,1.50
2013.04.17 23:00:03.048,0.95587,0.95613,1.88,1.50
2013.04.17 23:00:03.347,0.95589,0.95614,1.50,1.50
2013.04.17 23:00:03.648,0.95591,0.95613,1.50,1.50
2013.04.17 23:00:04.528,0.9559,0.95613,1.50,1.50
2013.04.17 23:00:04.978,0.95585,0.95609,1.88,1.50
2013.04.17 23:00:05.098,0.95586,0.9561,1.50,1.50
2013.04.17 23:00:05.158,0.95585,0.9561,1.50,2.25
2013.04.17 23:00:05.338,0.95581,0.95607,1.50,1.50
2013.04.17 23:00:06.908,0.95582,0.95604,1.50,2.25
2013.04.17 23:00:14.170,0.95582,0.95603,1.50,1.50
2013.04.17 23:00:14.628,0.95582,0.95599,1.50,1.50
2013.04.17 23:00:20.330,0.95581,0.95599,2.25,1.50
2013.04.17 23:00:20.903,0.95581,0.95598,1.50,1.50
2013.04.17 23:00:21.918,0.95581,0.95598,2.25,1.50
2013.04.17 23:00:43.470,0.95581,0.95599,2.25,1.50
2013.04.17 23:00:44.750,0.95581,0.95599,1.50,1.50
2013.04.17 23:00:45.320,0.95581,0.95601,2.25,1.50
2013.04.17 23:00:45.619,0.95581,0.95601,2.25,1.50
2013.04.17 23:00:48.210,0.95584,0.95601,1.50,1.50
2013.04.17 23:00:51.290,0.95585,0.956,1.50,1.50
2013.04.17 23:00:51.579,0.95585,0.95603,1.50,1.50
2013.04.17 23:00:51.821,0.95584,0.95603,1.50,1.50
2013.04.17 23:00:52.370,0.95586,0.95607,1.50,1.13
2013.04.17 23:00:52.490,0.9559,0.95607,1.50,1.13
2013.04.17 23:00:56.290,0.95593,0.95609,1.50,1.50
2013.04.17 23:00:56.589,0.95591,0.95608,1.50,1.50
2013.04.17 23:00:57.824,0.95591,0.95608,1.50,1.50
2013.04.17 23:00:58.209,0.95592,0.95608,2.25,1.50
2013.04.17 23:01:00.951,0.95593,0.95611,1.50,1.50
2013.04.17 23:01:02.081,0.95594,0.95616,1.50,2.25
2013.04.17 23:01:02.403,0.95595,0.95616,3.45,1.50
2013.04.17 23:01:02.829,0.95601,0.95616,1.50,1.50
2013.04.17 23:01:03.746,0.95597,0.95616,1.50,1.50
2013.04.17 23:01:04.640,0.95597,0.95616,3.83,1.50
2013.04.17 23:01:04.999,0.95601,0.95616,1.50,1.50
2013.04.17 23:01:05.994,0.95604,0.95619,1.50,1.50
2013.04.17 23:01:06.059,0.95604,0.9562,1.50,1.50
2013.04.17 23:01:06.469,0.95602,0.95618,2.25,1.50
2013.04.17 23:01:06.780,0.95601,0.9562,1.50,2.25
2013.04.17 23:01:06.839,0.95601,0.9562,1.50,2.25
2013.04.17 23:01:08.089,0.95604,0.95622,2.25,1.50
2013.04.17 23:01:08.148,0.95604,0.95622,2.25,1.50
2013.04.17 23:01:08.389,0.95606,0.95624,2.25,1.50
2013.04.17 23:01:09.950,0.9561,0.95624,1.50,1.50
2013.04.17 23:01:10.249,0.95609,0.95624,1.50,1.50
2013.04.17 23:01:10.369,0.95607,0.95624,1.50,1.69
2013.04.17 23:01:10.489,0.95602,0.95619,2.25,1.50
2013.04.17 23:01:10.729,0.95602,0.95617,1.50,1.50
2013.04.17 23:01:13.659,0.95599,0.95617,1.50,1.50
2013.04.17 23:01:14.176,0.956,0.95617,1.50,1.50
2013.04.17 23:01:16.851,0.95599,0.95617,1.50,1.50
2013.04.17 23:01:17.739,0.95596,0.95616,1.50,1.50
2013.04.17 23:01:17.919,0.95596,0.95616,1.50,1.50
2013.04.17 23:01:17.979,0.95596,0.95616,1.50,1.50
2013.04.17 23:01:18.749,0.95597,0.95611,1.50,1.50
2013.04.17 23:01:22.643,0.95597,0.95616,1.50,1.50
2013.04.17 23:01:22.889,0.95597,0.95615,1.50,1.50
2013.04.17 23:01:23.190,0.95597,0.95611,1.50,1.50
2013.04.17 23:01:24.940,0.95597,0.95613,1.50,1.50
2013.04.17 23:01:27.180,0.956,0.95613,1.50,1.50
2013.04.17 23:01:27.309,0.956,0.95614,1.50,1.50
2013.04.17 23:01:27.378,0.95597,0.95616,1.50,1.50
2013.04.17 23:01:28.229,0.95597,0.95616,1.50,1.50
2013.04.17 23:01:30.079,0.95597,0.95611,1.50,1.50
2013.04.17 23:01:31.673,0.95597,0.95611,1.50,1.50
2013.04.17 23:01:32.519,0.95596,0.95611,1.50,1.50
2013.04.17 23:01:34.649,0.95597,0.95612,1.50,1.50
2013.04.17 23:01:34.789,0.95597,0.95614,1.50,1.50
2013.04.17 23:01:42.499,0.95597,0.95616,1.88,1.50
2013.04.17 23:02:14.469,0.95597,0.95614,1.50,1.50
2013.04.17 23:02:14.589,0.95596,0.95614,1.50,1.50
2013.04.17 23:02:15.124,0.95597,0.95619,1.50,1.50
2013.04.17 23:02:18.890,0.95596,0.9562,1.50,1.50
2013.04.17 23:02:18.949,0.95597,0.9562,1.50,1.50
2013.04.17 23:02:19.070,0.95603,0.95628,1.69,1.13
2013.04.17 23:02:19.189,0.95605,0.95627,1.50,1.13
2013.04.17 23:02:19.309,0.95605,0.95627,1.69,1.13
2013.04.17 23:02:19.608,0.95605,0.95627,1.69,1.50
2013.04.17 23:02:19.947,0.95607,0.95627,1.50,1.50
2013.04.17 23:02:25.921,0.95609,0.95627,2.25,1.50
2013.04.17 23:02:26.641,0.95609,0.95627,1.50,1.50
2013.04.17 23:02:26.709,0.95609,0.95627,1.50,1.50
2013.04.17 23:02:32.729,0.95609,0.95628,2.25,1.50
2013.04.17 23:02:43.569,0.95609,0.95626,1.50,1.50
2013.04.17 23:02:49.065,0.95608,0.95626,1.50,1.50
2013.04.17 23:02:49.146,0.95609,0.95626,1.50,1.50
2013.04.17 23:02:49.599,0.95608,0.95626,1.50,1.50
2013.04.17 23:02:51.298,0.95609,0.95626,1.50,1.50
2013.04.17 23:02:52.820,0.95608,0.95626,1.50,1.50
2013.04.17 23:02:53.069,0.95609,0.95626,1.50,1.50
2013.04.17 23:02:53.730,0.95608,0.95626,1.50,1.50
2013.04.17 23:02:54.360,0.95609,0.95626,1.50,1.50
2013.04.17 23:02:57.950,0.95609,0.95629,1.50,1.50
2013.04.17 23:02:58.250,0.95608,0.95634,2.25,1.88
2013.04.17 23:02:59.049,0.95611,0.95636,1.50,1.50
2013.04.17 23:03:02.661,0.95614,0.95636,2.25,1.50
2013.04.17 23:03:04.000,0.95621,0.95636,1.50,1.50
2013.04.17 23:03:05.024,0.95621,0.95638,2.25,1.50
2013.04.17 23:03:05.152,0.95621,0.95644,1.69,1.50
2013.04.17 23:03:05.221,0.95627,0.95646,1.50,1.50
2013.04.17 23:03:07.819,0.95626,0.95644,1.32,1.50
2013.04.17 23:03:08.940,0.95626,0.95646,1.32,1.50
2013.04.17 23:03:09.300,0.95628,0.95648,1.88,1.50
2013.04.17 23:03:09.359,0.95627,0.95647,1.32,1.50
2013.04.17 23:03:09.419,0.95627,0.95645,2.07,1.50
2013.04.17 23:03:09.769,0.95627,0.95644,2.07,1.50
2013.04.17 23:03:10.279,0.95627,0.95645,1.32,1.50
2013.04.17 23:03:11.024,0.95629,0.95645,1.69,1.50
2013.04.17 23:03:11.089,0.95627,0.95645,2.82,1.50
2013.04.17 23:03:11.729,0.95631,0.95645,1.50,1.50
2013.04.17 23:03:13.290,0.9563,0.95645,1.13,1.50
2013.04.17 23:03:21.469,0.95631,0.95648,1.88,2.25
2013.04.17 23:03:21.829,0.95631,0.95652,1.32,1.50
2013.04.17 23:03:22.130,0.95631,0.95653,2.07,1.50
2013.04.17 23:03:22.251,0.95633,0.95653,1.69,1.50
2013.04.17 23:03:22.372,0.95636,0.95655,1.32,1.50
2013.04.17 23:03:23.759,0.95637,0.95655,1.69,1.50
2013.04.17 23:03:24.090,0.95637,0.95647,1.69,1.50
2013.04.17 23:03:24.270,0.95635,0.95647,1.13,1.50
2013.04.17 23:03:24.390,0.95635,0.95653,1.13,1.50
2013.04.17 23:03:24.450,0.95635,0.95653,1.88,1.50
2013.04.17 23:03:25.781,0.95637,0.95654,1.88,1.50
2013.04.17 23:03:27.111,0.95637,0.95655,1.88,1.50
2013.04.17 23:03:28.019,0.95637,0.95655,1.88,1.50
2013.04.17 23:03:28.139,0.95637,0.95655,2.82,1.50
2013.04.17 23:03:28.320,0.95641,0.9566,1.50,1.13
2013.04.17 23:03:28.740,0.95642,0.95662,1.50,1.50
2013.04.17 23:03:32.719,0.95642,0.95662,1.50,1.50
2013.04.17 23:03:32.840,0.95642,0.95662,1.50,2.25
2013.04.17 23:03:34.369,0.95641,0.95656,1.50,1.50
2013.04.17 23:03:37.039,0.95641,0.95658,1.50,2.25
2013.04.17 23:03:37.604,0.95641,0.95659,1.50,1.50
2013.04.17 23:03:38.801,0.95642,0.95659,1.50,2.25
2013.04.17 23:03:38.979,0.95639,0.95657,1.50,1.50
2013.04.17 23:03:39.520,0.95638,0.95656,1.13,1.50
2013.04.17 23:03:48.730,0.95639,0.95657,1.50,1.50
2013.04.17 23:03:49.989,0.9564,0.95657,1.50,1.50
2013.04.17 23:03:52.740,0.95639,0.95658,1.50,2.25
2013.04.17 23:03:52.802,0.95637,0.95658,1.50,2.25
2013.04.17 23:03:53.249,0.95637,0.95656,1.50,1.50
2013.04.17 23:03:53.629,0.95637,0.95656,1.50,1.50
2013.04.17 23:04:09.349,0.95637,0.95654,1.50,2.25
2013.04.17 23:04:18.159,0.95637,0.95654,1.50,1.50
2013.04.17 23:04:20.770,0.95634,0.95654,1.50,1.50
2013.04.17 23:04:26.899,0.95633,0.95653,1.69,1.50
2013.04.17 23:04:32.779,0.95634,0.95654,1.50,2.25
2013.04.17 23:04:33.109,0.95635,0.95654,1.50,2.25
2013.04.17 23:04:33.710,0.95634,0.95654,1.50,1.50
2013.04.17 23:04:39.818,0.95633,0.95653,1.13,1.50
2013.04.17 23:04:45.639,0.95634,0.95652,1.50,1.50
2013.04.17 23:04:46.079,0.95633,0.95653,1.50,1.50
2013.04.17 23:04:46.500,0.95637,0.95655,1.50,1.50
2013.04.17 23:04:47.093,0.95636,0.95654,1.50,1.50
2013.04.17 23:04:51.610,0.95636,0.95654,1.50,1.50
2013.04.17 23:04:51.969,0.95642,0.95663,1.69,2.25
2013.04.17 23:04:52.029,0.95643,0.95663,1.69,2.25
2013.04.17 23:04:55.709,0.95646,0.95664,1.69,1.50
2013.04.17 23:04:55.769,0.95646,0.95664,1.69,1.50
2013.04.17 23:04:56.280,0.95646,0.95665,2.44,1.50
2013.04.17 23:05:04.230,0.95646,0.95665,2.44,2.25
2013.04.17 23:05:06.599,0.95648,0.95665,1.50,2.25
2013.04.17 23:05:06.779,0.95648,0.9567,1.50,1.50
2013.04.17 23:05:06.840,0.95648,0.9567,1.50,1.50
2013.04.17 23:05:07.019,0.95648,0.95674,1.69,1.13
2013.04.17 23:05:09.570,0.95653,0.95672,1.69,1.50
2013.04.17 23:05:10.079,0.95654,0.95674,1.69,1.88
2013.04.17 23:05:15.239,0.95653,0.95672,1.69,1.50
2013.04.17 23:05:21.859,0.95653,0.95672,1.50,2.25
2013.04.17 23:05:22.179,0.95651,0.95669,1.88,1.50
2013.04.17 23:05:22.299,0.95651,0.9567,1.88,1.50
2013.04.17 23:05:22.550,0.95651,0.95672,1.88,1.50
2013.04.17 23:05:30.317,0.95653,0.95673,1.50,2.25
2013.04.17 23:05:30.385,0.95652,0.95673,1.69,1.50
2013.04.17 23:05:30.940,0.95651,0.95674,1.50,2.25
2013.04.17 23:05:34.539,0.95655,0.95674,1.50,2.25
2013.04.17 23:05:37.999,0.95651,0.95674,1.69,1.50
2013.04.17 23:05:43.019,0.95652,0.95672,1.32,1.50
2013.04.17 23:05:47.731,0.95653,0.95673,1.69,1.50
2013.04.17 23:05:47.790,0.95653,0.95676,1.69,1.50
2013.04.17 23:05:47.911,0.95656,0.95676,1.50,1.50
2013.04.17 23:05:48.270,0.95657,0.95681,1.69,2.25
2013.04.17 23:05:48.329,0.95657,0.95681,1.69,2.25
2013.04.17 23:05:49.519,0.95657,0.95681,1.69,1.50
2013.04.17 23:05:50.040,0.95658,0.9568,1.69,1.50
2013.04.17 23:05:50.642,0.95661,0.9568,1.69,1.50
2013.04.17 23:06:22.941,0.95661,0.9568,1.50,1.50
2013.04.17 23:06:23.179,0.95649,0.9567,1.65,1.50
2013.04.17 23:06:23.240,0.95648,0.9567,1.65,1.88
2013.04.17 23:06:23.421,0.95647,0.95667,1.69,1.50
2013.04.17 23:06:23.541,0.95645,0.95667,1.69,1.50
2013.04.17 23:06:23.967,0.9564,0.95664,1.69,1.50
2013.04.17 23:06:24.041,0.95636,0.95657,1.69,1.50
2013.04.17 23:06:24.290,0.95637,0.95658,1.69,1.50
2013.04.17 23:06:24.531,0.95639,0.95662,1.69,1.88
2013.04.17 23:06:24.593,0.95639,0.95662,1.69,1.88
2013.04.17 23:06:25.911,0.95641,0.95661,1.69,1.50
2013.04.17 23:06:27.189,0.95641,0.95661,1.69,1.50
2013.04.17 23:06:27.251,0.95639,0.9566,1.13,2.25
2013.04.17 23:06:27.490,0.95636,0.95657,1.50,1.50
2013.04.17 23:06:27.610,0.95636,0.95658,1.50,2.63
2013.04.17 23:06:27.856,0.95628,0.95654,1.69,1.50
2013.04.17 23:06:27.931,0.95628,0.95653,1.32,1.50
2013.04.17 23:06:28.170,0.95626,0.95647,1.69,1.50
2013.04.17 23:06:28.290,0.95626,0.95647,1.69,1.50
2013.04.17 23:06:28.590,0.95622,0.95645,1.88,1.50
2013.04.17 23:06:31.259,0.95622,0.95643,2.82,1.50
2013.04.17 23:06:31.852,0.95626,0.95643,1.69,1.50
2013.04.17 23:06:33.765,0.95622,0.95643,2.44,1.50
2013.04.17 23:06:34.069,0.95622,0.95644,1.69,1.50
2013.04.17 23:06:42.459,0.95622,0.95641,2.44,1.50
2013.04.17 23:06:42.520,0.95622,0.95641,1.69,1.50
2013.04.17 23:06:43.424,0.95623,0.95641,1.69,1.50
2013.04.17 23:06:44.540,0.95623,0.95641,2.44,1.50
2013.04.17 23:06:45.760,0.95623,0.9564,1.69,1.50
2013.04.17 23:06:46.171,0.95622,0.95639,1.69,1.50
2013.04.17 23:06:59.840,0.95619,0.95637,1.50,1.50
2013.04.17 23:07:00.391,0.95622,0.95641,1.69,1.88
2013.04.17 23:07:00.750,0.95622,0.95641,1.69,1.88
2013.04.17 23:07:01.930,0.95622,0.95641,1.50,1.50
2013.04.17 23:07:01.991,0.9562,0.95639,1.50,1.50
2013.04.17 23:07:02.176,0.95611,0.95629,2.25,1.50
2013.04.17 23:07:02.362,0.95602,0.95626,1.32,1.50
2013.04.17 23:07:02.610,0.95603,0.95629,1.69,1.50
2013.04.17 23:07:02.732,0.95606,0.95628,1.69,1.50
2013.04.17 23:07:03.050,0.95602,0.95626,1.32,1.50
2013.04.17 23:07:03.350,0.95602,0.95626,1.32,1.50
2013.04.17 23:07:03.590,0.95604,0.95626,1.32,1.50
2013.04.17 23:07:05.270,0.95605,0.95624,1.50,1.50
2013.04.17 23:07:05.501,0.95601,0.95624,2.63,1.50
2013.04.17 23:07:05.654,0.95601,0.95624,1.88,1.50
2013.04.17 23:07:05.999,0.95604,0.95624,1.50,1.50
2013.04.17 23:07:06.450,0.95607,0.95624,1.13,1.50
2013.04.17 23:07:06.511,0.9561,0.95627,1.88,1.13
2013.04.17 23:07:06.629,0.95612,0.95627,1.13,1.13
2013.04.17 23:07:06.691,0.95612,0.95635,2.70,1.50
2013.04.17 23:07:06.751,0.95612,0.95635,2.52,1.13
2013.04.17 23:07:06.811,0.95615,0.95642,1.50,2.25
2013.04.17 23:07:06.870,0.95616,0.95643,2.25,1.50
2013.04.17 23:07:07.050,0.95621,0.95645,1.13,1.50
2013.04.17 23:07:07.110,0.95621,0.95647,1.88,1.50
2013.04.17 23:07:07.510,0.95621,0.95647,1.88,1.50
2013.04.17 23:07:10.090,0.95624,0.95646,1.50,1.50
2013.04.17 23:07:12.955,0.95623,0.95644,1.50,1.50
2013.04.17 23:07:13.190,0.95622,0.95644,1.50,1.50
2013.04.17 23:07:17.441,0.95617,0.9564,1.13,2.25
2013.04.17 23:07:17.740,0.95618,0.9564,1.65,1.50
2013.04.17 23:07:17.803,0.95617,0.95638,1.28,1.50
2013.04.17 23:07:17.933,0.95622,0.95644,1.50,1.88
2013.04.17 23:07:18.000,0.95622,0.95644,1.50,1.88
2013.04.17 23:07:18.061,0.9562,0.95644,1.50,1.50
2013.04.17 23:07:18.181,0.95623,0.95646,1.13,1.50
2013.04.17 23:07:18.240,0.95623,0.95647,1.13,1.50
2013.04.17 23:07:18.890,0.95623,0.95648,1.13,1.50
2013.04.17 23:07:18.957,0.95623,0.95648,1.13,1.50
2013.04.17 23:07:19.691,0.95627,0.95652,1.50,2.63
2013.04.17 23:07:19.870,0.95627,0.95652,1.50,2.63
2013.04.17 23:07:21.660,0.9563,0.95651,1.50,1.50
2013.04.17 23:07:27.959,0.9563,0.95652,1.50,1.50
2013.04.17 23:07:28.209,0.95632,0.95652,1.50,1.88
2013.04.17 23:07:35.399,0.95632,0.95652,1.69,1.50
2013.04.17 23:07:40.469,0.95632,0.95652,2.44,1.50
2013.04.17 23:07:43.470,0.95632,0.95651,1.50,1.50
2013.04.17 23:07:44.009,0.95626,0.9565,1.69,1.50
2013.04.17 23:07:44.750,0.95626,0.95649,1.69,1.50
2013.04.17 23:07:45.340,0.95626,0.95649,2.44,1.50
2013.04.17 23:07:45.908,0.95626,0.95649,1.69,1.88
2013.04.17 23:07:46.230,0.95626,0.95649,1.69,1.88
2013.04.17 23:07:47.200,0.95626,0.95649,1.69,1.88
2013.04.17 23:07:47.320,0.95626,0.95648,1.50,1.13
2013.04.17 23:07:47.448,0.95626,0.95648,1.69,1.88
2013.04.17 23:07:49.730,0.95626,0.95648,1.50,1.50
2013.04.17 23:07:51.930,0.95626,0.95648,1.69,1.88
2013.04.17 23:08:05.400,0.95626,0.95648,1.69,1.88
2013.04.17 23:08:08.950,0.95626,0.95645,2.44,1.50
2013.04.17 23:08:09.510,0.95626,0.95645,1.69,1.50
2013.04.17 23:08:10.542,0.95626,0.95645,2.63,1.50
2013.04.17 23:08:10.659,0.95626,0.95645,1.69,1.50
2013.04.17 23:08:12.141,0.95625,0.95645,1.69,1.50
2013.04.17 23:08:12.669,0.95625,0.95645,1.69,1.50
2013.04.17 23:08:24.020,0.95624,0.95645,1.69,1.88
2013.04.17 23:08:24.200,0.95622,0.95644,1.69,1.88
2013.04.17 23:08:24.559,0.95622,0.95642,1.69,1.50
2013.04.17 23:08:35.460,0.95616,0.95642,1.69,1.50
2013.04.17 23:08:35.790,0.95618,0.95642,1.69,1.50
2013.04.17 23:08:36.358,0.95618,0.95642,1.69,2.63
2013.04.17 23:08:39.340,0.95618,0.95642,1.69,1.50
2013.04.17 23:08:46.540,0.9562,0.95642,1.69,1.50
2013.04.17 23:08:46.600,0.95619,0.95642,1.69,1.13
2013.04.17 23:08:46.787,0.95621,0.9564,1.50,1.50
2013.04.17 23:08:47.460,0.95617,0.95638,1.69,2.25
2013.04.17 23:08:48.630,0.95617,0.95638,1.69,2.25
2013.04.17 23:08:49.131,0.95617,0.95638,1.69,1.50
2013.04.17 23:08:51.033,0.95617,0.95638,1.69,1.50
2013.04.17 23:08:53.471,0.95617,0.95637,2.44,1.13
2013.04.17 23:08:53.542,0.95616,0.95637,1.69,1.88
2013.04.17 23:08:54.061,0.95614,0.95636,1.69,1.13
2013.04.17 23:08:54.610,0.95614,0.95635,1.69,1.13
2013.04.17 23:08:54.971,0.95614,0.95635,1.69,1.13
2013.04.17 23:08:57.420,0.95614,0.95634,1.50,1.50
2013.04.17 23:09:21.341,0.95614,0.95634,2.44,1.13
2013.04.17 23:09:23.098,0.95614,0.95634,2.25,1.13
2013.04.17 23:09:23.725,0.95614,0.95634,2.44,1.13
2013.04.17 23:09:31.250,0.95615,0.95635,1.69,1.13
2013.04.17 23:09:33.549,0.95615,0.95637,1.69,1.50
2013.04.17 23:09:37.888,0.95615,0.95636,1.69,1.88
2013.04.17 23:09:43.143,0.95615,0.95636,1.69,1.50
2013.04.17 23:09:51.369,0.95615,0.95636,2.44,1.13
2013.04.17 23:09:59.888,0.95615,0.95636,2.44,1.50
2013.04.17 23:10:00.071,0.95615,0.95636,1.69,1.50
2013.04.17 23:10:07.780,0.95615,0.95635,1.69,1.13
2013.04.17 23:10:07.908,0.95615,0.95635,2.25,1.13
2013.04.17 23:10:08.518,0.95615,0.95635,2.63,1.13
2013.04.17 23:10:09.489,0.95615,0.95635,2.25,1.13
2013.04.17 23:10:09.550,0.95615,0.95635,2.44,1.13
2013.04.17 23:10:20.363,0.95615,0.95636,1.50,1.13
2013.04.17 23:10:20.490,0.95608,0.95636,1.69,1.13
2013.04.17 23:10:20.550,0.95608,0.95635,1.69,1.50
2013.04.17 23:10:21.961,0.95608,0.95632,1.69,1.50
2013.04.17 23:10:33.721,0.95608,0.95632,1.69,1.50
2013.04.17 23:10:34.332,0.95609,0.95632,1.69,1.50
2013.04.17 23:10:38.370,0.95609,0.95631,1.69,1.50
2013.04.17 23:10:38.854,0.95609,0.95629,1.69,1.50
2013.04.17 23:10:41.510,0.95609,0.95631,1.69,2.25
2013.04.17 23:10:44.631,0.95611,0.95631,1.50,2.25
2013.04.17 23:10:44.691,0.9561,0.95631,1.50,1.50
2013.04.17 23:10:51.883,0.95611,0.95633,1.50,1.50
2013.04.17 23:10:57.298,0.95611,0.95632,1.50,1.50
2013.04.17 23:10:57.956,0.9561,0.95626,1.50,1.50
2013.04.17 23:10:59.300,0.9561,0.95632,2.25,1.50
2013.04.17 23:11:03.031,0.9561,0.95633,1.50,2.63
2013.04.17 23:11:03.611,0.95612,0.95632,1.50,1.50
2013.04.17 23:11:05.020,0.95611,0.95632,2.25,1.50
2013.04.17 23:11:06.280,0.95612,0.95632,1.50,1.50
2013.04.17 23:11:10.452,0.9561,0.95632,1.50,1.50
2013.04.17 23:11:10.525,0.9561,0.95632,1.50,1.50
2013.04.17 23:11:13.881,0.9561,0.95633,2.25,2.63
2013.04.17 23:11:14.311,0.95612,0.95633,1.69,2.25
2013.04.17 23:11:14.671,0.95614,0.95636,1.50,1.88
2013.04.17 23:11:14.971,0.95614,0.95637,1.69,1.50
2013.04.17 23:11:15.090,0.95618,0.95637,1.50,1.50
2013.04.17 23:11:15.401,0.95617,0.95631,1.69,1.50
2013.04.17 23:11:15.460,0.95615,0.95632,1.69,1.50
2013.04.17 23:11:15.641,0.95614,0.95633,1.69,1.50
2013.04.17 23:11:15.701,0.95615,0.95633,1.50,1.50
2013.04.17 23:11:15.882,0.95613,0.95633,1.50,1.50
2013.04.17 23:11:15.951,0.95612,0.95633,1.88,1.50
2013.04.17 23:11:16.011,0.95611,0.95633,2.25,2.25
2013.04.17 23:11:16.541,0.9561,0.95631,1.50,1.50
2013.04.17 23:11:17.590,0.95609,0.9563,1.50,1.50
2013.04.17 23:11:28.210,0.95608,0.9563,2.25,1.50
2013.04.17 23:11:34.138,0.95607,0.95629,1.50,2.25
2013.04.17 23:11:34.803,0.95607,0.95629,1.50,2.25
2013.04.17 23:11:36.452,0.95607,0.95627,1.50,1.50
2013.04.17 23:11:39.784,0.95607,0.9563,2.25,1.50
2013.04.17 23:11:40.462,0.95612,0.95635,3.00,1.50
2013.04.17 23:11:40.822,0.95616,0.95636,1.50,1.13
2013.04.17 23:11:45.341,0.95615,0.95635,1.50,1.50
2013.04.17 23:11:50.386,0.95615,0.95637,1.50,1.50
2013.04.17 23:11:50.511,0.95618,0.9564,1.50,2.25
2013.04.17 23:11:50.751,0.95618,0.9564,1.50,1.50
2013.04.17 23:11:51.002,0.95618,0.95639,2.25,1.50
2013.04.17 23:11:56.895,0.95618,0.95639,1.50,2.25
2013.04.17 23:12:04.731,0.95615,0.95637,1.50,1.50
2013.04.17 23:12:13.382,0.95615,0.95638,1.50,2.25
2013.04.17 23:12:13.680,0.95617,0.95638,1.50,1.50
2013.04.17 23:12:14.520,0.95619,0.9564,1.69,1.50
2013.04.17 23:12:15.071,0.9562,0.95641,2.25,1.50
2013.04.17 23:12:15.372,0.95621,0.95641,1.69,1.50
2013.04.17 23:12:15.610,0.95623,0.95645,1.69,1.50
2013.04.17 23:12:16.662,0.95624,0.95645,1.69,2.25
2013.04.17 23:12:17.881,0.95624,0.95645,1.50,2.25
2013.04.17 23:12:18.434,0.95624,0.95645,1.50,1.50
2013.04.17 23:12:24.742,0.95624,0.95645,1.69,1.50
2013.04.17 23:12:25.289,0.95627,0.95649,1.69,2.25
2013.04.17 23:12:25.362,0.95629,0.95648,1.13,1.50
2013.04.17 23:12:27.401,0.95627,0.95649,1.69,1.50
2013.04.17 23:12:33.272,0.95629,0.9565,1.69,2.25
2013.04.17 23:12:33.511,0.95631,0.95652,3.00,1.50
2013.04.17 23:12:33.571,0.95632,0.95653,1.50,1.50
2013.04.17 23:12:33.931,0.95632,0.95653,2.25,3.00
2013.04.17 23:12:34.643,0.95631,0.95652,1.50,1.50
2013.04.17 23:12:35.303,0.95631,0.95652,2.44,1.50
2013.04.17 23:12:35.372,0.95633,0.95656,1.69,1.88
2013.04.17 23:12:35.441,0.95634,0.95656,1.69,1.13
2013.04.17 23:12:35.932,0.95635,0.95658,1.69,1.88
2013.04.17 23:12:38.200,0.95637,0.95658,1.50,1.50
2013.04.17 23:12:39.322,0.95635,0.95656,2.44,1.50
2013.04.17 23:12:39.442,0.95635,0.95656,1.69,3.00
2013.04.17 23:12:39.501,0.95634,0.95654,2.07,1.50
2013.04.17 23:12:40.122,0.95634,0.95654,1.13,1.50
2013.04.17 23:12:40.652,0.95634,0.95654,2.07,2.25
2013.04.17 23:12:40.952,0.95635,0.95654,1.69,2.25
2013.04.17 23:12:41.071,0.95636,0.95659,1.50,2.25
2013.04.17 23:12:41.941,0.95637,0.95658,1.50,1.50
2013.04.17 23:12:42.808,0.95637,0.95659,1.69,2.25
2013.04.17 23:12:43.111,0.9564,0.95661,1.69,1.50
2013.04.17 23:12:43.554,0.9564,0.95657,1.50,1.50
2013.04.17 23:12:43.874,0.95638,0.95655,1.13,1.50
2013.04.17 23:12:44.181,0.95633,0.9565,2.07,1.50
2013.04.17 23:12:44.482,0.95627,0.95642,1.13,1.50
2013.04.17 23:12:44.721,0.95621,0.9564,1.88,1.50
2013.04.17 23:12:44.781,0.95621,0.95637,1.13,1.50
2013.04.17 23:12:45.083,0.95616,0.95637,1.69,1.50
2013.04.17 23:12:47.882,0.95617,0.95637,1.69,2.25
2013.04.17 23:12:48.073,0.95614,0.95633,1.32,1.50
2013.04.17 23:12:48.261,0.95614,0.95629,1.32,1.50
2013.04.17 23:12:48.321,0.95606,0.95628,1.88,1.50
2013.04.17 23:12:48.851,0.95606,0.95625,1.88,1.50
2013.04.17 23:12:48.912,0.95606,0.95628,2.63,2.25
2013.04.17 23:12:49.411,0.95606,0.95628,1.88,2.25
2013.04.17 23:12:50.000,0.95606,0.95628,2.63,2.25
2013.04.17 23:12:50.431,0.95606,0.95627,2.63,1.50
2013.04.17 23:12:51.441,0.95606,0.95628,1.88,2.25
2013.04.17 23:12:51.631,0.95606,0.95626,1.88,1.50
2013.04.17 23:12:54.861,0.95608,0.95626,1.88,1.50
2013.04.17 23:13:11.678,0.95609,0.95629,1.50,2.25
2013.04.17 23:13:37.793,0.95605,0.95627,1.50,1.50
2013.04.17 23:13:38.331,0.95604,0.95627,2.25,2.25
2013.04.17 23:13:42.901,0.95607,0.95628,1.50,2.25
2013.04.17 23:13:43.202,0.95606,0.95628,3.38,1.50
2013.04.17 23:13:43.740,0.95606,0.95629,1.13,1.50
2013.04.17 23:13:49.601,0.95605,0.95627,2.25,1.50
2013.04.17 23:13:49.901,0.95607,0.95627,1.69,1.50
2013.04.17 23:13:51.502,0.95607,0.95629,1.69,1.50
2013.04.17 23:13:51.621,0.95608,0.95629,1.50,1.50
2013.04.17 23:13:51.746,0.95608,0.95629,1.50,2.25
2013.04.17 23:13:55.910,0.95608,0.95629,1.50,2.25
2013.04.17 23:14:17.147,0.95608,0.95629,1.50,1.50
2013.04.17 23:14:18.090,0.95607,0.95629,2.25,1.50
2013.04.17 23:14:18.211,0.95607,0.95629,3.00,1.50
2013.04.17 23:14:23.970,0.95611,0.95633,1.50,1.88
2013.04.17 23:14:25.751,0.9561,0.95629,1.50,1.50
2013.04.17 23:15:11.563,0.95607,0.95628,2.63,1.50
2013.04.17 23:15:26.532,0.95608,0.95628,2.25,1.50
2013.04.17 23:15:30.565,0.95609,0.95629,1.50,2.25
2013.04.17 23:15:30.811,0.95609,0.95629,1.50,2.25
2013.04.17 23:15:49.177,0.95611,0.9563,1.50,1.50
2013.04.17 23:15:49.482,0.95611,0.9563,1.84,1.50
2013.04.17 23:15:50.021,0.95611,0.9563,1.65,1.50
2013.04.17 23:15:50.082,0.95611,0.95633,2.40,1.13
2013.04.17 23:15:50.382,0.95611,0.95632,1.50,1.65
2013.04.17 23:15:50.682,0.95612,0.95634,1.84,1.88
2013.04.17 23:15:51.041,0.95614,0.95632,1.50,1.50
2013.04.17 23:15:51.221,0.95612,0.95634,2.44,1.50
2013.04.17 23:15:51.732,0.95613,0.95636,1.69,1.88
2013.04.17 23:15:52.116,0.95614,0.95634,1.69,1.50
2013.04.17 23:16:03.300,0.95614,0.95636,2.44,1.50
2013.04.17 23:16:03.361,0.95614,0.95635,2.44,1.50
2013.04.17 23:16:05.261,0.95617,0.95637,2.25,1.13
2013.04.17 23:16:05.322,0.95617,0.95638,2.25,1.13
2013.04.17 23:16:05.646,0.95617,0.95637,3.00,1.13
2013.04.17 23:16:32.101,0.95615,0.95638,2.44,1.50
2013.04.17 23:16:45.502,0.95616,0.95637,1.50,1.50
2013.04.17 23:17:03.232,0.95615,0.95636,1.50,1.50
2013.04.17 23:17:06.281,0.95615,0.95636,1.50,1.50
2013.04.17 23:17:12.501,0.95615,0.95636,1.88,1.50
2013.04.17 23:17:13.033,0.95616,0.95637,1.13,2.25
2013.04.17 23:17:23.085,0.95615,0.95635,1.88,1.50
2013.04.17 23:17:28.501,0.95614,0.95635,2.03,1.50
2013.04.17 23:17:28.621,0.95614,0.95634,2.03,1.50
2013.04.17 23:17:28.802,0.9561,0.95632,1.69,1.50
2013.04.17 23:17:28.861,0.9561,0.95631,1.69,1.50
2013.04.17 23:17:29.243,0.9561,0.95631,1.50,3.00
2013.04.17 23:17:29.315,0.95608,0.95631,2.25,1.50
2013.04.17 23:17:30.652,0.95609,0.9563,1.65,1.50
2013.04.17 23:17:42.449,0.95608,0.95629,2.63,1.50
2013.04.17 23:17:53.544,0.95609,0.95629,1.09,1.50
2013.04.17 23:17:54.091,0.95608,0.95628,1.88,1.50
2013.04.17 23:17:54.642,0.95609,0.95628,1.65,1.50
2013.04.17 23:17:56.733,0.95608,0.95627,1.13,1.50
2013.04.17 23:18:56.741,0.95607,0.95628,3.34,1.50
2013.04.17 23:18:56.980,0.95607,0.95628,3.34,1.50
2013.04.17 23:18:57.282,0.95612,0.95628,1.69,1.50
2013.04.17 23:18:57.641,0.95614,0.95636,2.07,1.65
2013.04.17 23:18:57.770,0.95615,0.95637,1.69,1.88
2013.04.17 23:18:59.335,0.95616,0.95637,1.69,2.63
2013.04.17 23:19:12.411,0.95615,0.95637,1.69,2.40
2013.04.17 23:19:37.552,0.95617,0.95637,1.50,1.50
2013.04.17 23:19:39.306,0.95615,0.95637,1.88,1.50
2013.04.17 23:19:39.382,0.95612,0.95633,1.88,1.65
2013.04.17 23:19:39.453,0.95611,0.95633,1.50,3.15
2013.04.17 23:19:39.521,0.95608,0.95629,2.25,1.50
2013.04.17 23:19:41.144,0.95608,0.95628,2.63,1.50
2013.04.17 23:19:55.501,0.95608,0.95628,2.25,1.50
2013.04.17 23:20:06.902,0.95607,0.95627,1.50,3.00
2013.04.17 23:20:07.341,0.95606,0.95627,1.13,3.15
2013.04.17 23:20:18.731,0.95605,0.95625,1.13,1.50
2013.04.17 23:20:18.791,0.95605,0.95624,1.13,1.13
2013.04.17 23:20:19.033,0.95599,0.95619,1.88,1.88
2013.04.17 23:20:19.462,0.95597,0.95617,1.13,1.65
2013.04.17 23:20:20.100,0.95597,0.95615,1.13,1.50
2013.04.17 23:20:22.281,0.95594,0.95614,1.50,1.13
2013.04.17 23:20:23.872,0.95593,0.95612,1.88,1.13
2013.04.17 23:20:25.453,0.95593,0.95613,1.88,1.50
2013.04.17 23:20:25.512,0.95595,0.95615,1.88,1.50
2013.04.17 23:20:26.052,0.95596,0.95618,1.88,1.88
2013.04.17 23:20:26.112,0.95597,0.95618,1.50,1.13
2013.04.17 23:20:38.612,0.95598,0.9562,1.50,1.13
2013.04.17 23:21:06.333,0.956,0.9562,1.50,1.88
2013.04.17 23:21:13.271,0.956,0.9562,1.50,1.88
2013.04.17 23:21:26.401,0.95599,0.95619,1.50,2.40
2013.04.17 23:21:31.911,0.95599,0.95619,1.50,2.40
2013.04.17 23:22:07.412,0.95599,0.9562,1.50,1.65
2013.04.17 23:22:11.754,0.956,0.9562,1.50,1.65
2013.04.17 23:22:14.505,0.95599,0.9562,1.50,1.65
2013.04.17 23:22:14.811,0.95595,0.95616,1.88,1.50
2013.04.17 23:22:15.511,0.95596,0.95616,1.50,1.50
2013.04.17 23:22:24.206,0.95595,0.95614,1.50,1.50
2013.04.17 23:22:34.280,0.95595,0.95613,1.50,1.13
2013.04.17 23:22:34.582,0.9559,0.9561,2.25,1.13
2013.04.17 23:22:34.642,0.95589,0.9561,1.50,1.88
2013.04.17 23:22:34.717,0.95589,0.9561,1.50,1.88
2013.04.17 23:22:35.233,0.95588,0.9561,1.50,1.13
2013.04.17 23:22:35.663,0.95589,0.9561,1.50,1.13
2013.04.17 23:22:36.257,0.95589,0.9561,2.25,1.13
2013.04.17 23:22:36.333,0.95589,0.9561,1.50,1.13
2013.04.17 23:22:42.712,0.95589,0.9561,1.50,1.88
2013.04.17 23:22:42.893,0.95588,0.9561,1.50,1.88
2013.04.17 23:22:43.523,0.95588,0.95608,1.50,1.50
2013.04.17 23:22:44.272,0.95588,0.95608,1.50,1.50
2013.04.17 23:22:48.566,0.95585,0.95607,2.40,1.50
2013.04.17 23:22:50.532,0.95584,0.95603,1.50,1.13
2013.04.17 23:22:50.772,0.9558,0.956,1.13,1.13
2013.04.17 23:22:51.652,0.95578,0.956,1.50,1.13
2013.04.17 23:22:52.172,0.95578,0.95599,2.25,1.65
2013.04.17 23:22:52.902,0.95578,0.95599,1.50,2.40
2013.04.17 23:22:53.022,0.95578,0.95598,1.50,1.50
2013.04.17 23:22:53.264,0.95574,0.95594,1.50,1.50
2013.04.17 23:22:53.452,0.95571,0.95593,1.13,1.50
2013.04.17 23:22:53.812,0.95568,0.9559,1.50,1.50
2013.04.17 23:22:56.252,0.95566,0.95588,2.25,2.25
2013.04.17 23:23:04.092,0.95567,0.95586,1.50,1.50
2013.04.17 23:23:05.924,0.95566,0.95586,2.25,1.50
2013.04.17 23:23:07.582,0.95567,0.95586,1.88,1.50
2013.04.17 23:23:07.642,0.95568,0.95588,1.13,1.50
2013.04.17 23:23:07.762,0.95568,0.95591,1.13,2.25
2013.04.17 23:23:07.822,0.95569,0.95591,1.65,1.50
2013.04.17 23:23:08.121,0.95569,0.95591,1.65,1.13
2013.04.17 23:23:08.182,0.95569,0.95591,1.65,1.50
2013.04.17 23:23:09.842,0.95567,0.95589,2.25,2.25
2013.04.17 23:23:11.295,0.95567,0.95587,2.25,1.50
2013.04.17 23:23:11.423,0.95567,0.95587,2.25,2.25
2013.04.17 23:23:12.024,0.95564,0.95587,1.88,1.50
2013.04.17 23:23:14.062,0.95564,0.95583,1.50,1.50
2013.04.17 23:23:15.492,0.95562,0.95584,2.25,1.50
2013.04.17 23:23:17.642,0.95562,0.95584,2.25,1.50
2013.04.17 23:23:22.951,0.95562,0.95584,2.25,1.50
2013.04.17 23:23:23.501,0.95562,0.95584,2.25,2.25
2013.04.17 23:23:25.912,0.95562,0.95583,1.50,1.50
2013.04.17 23:23:26.032,0.9556,0.95583,1.50,2.25
2013.04.17 23:23:26.212,0.95558,0.95581,1.13,1.50
2013.04.17 23:23:26.952,0.95559,0.9558,1.88,1.50
2013.04.17 23:23:27.471,0.95559,0.95581,1.88,2.63
2013.04.17 23:23:28.001,0.9556,0.95581,1.50,1.13
2013.04.17 23:23:28.436,0.95559,0.95581,1.88,1.88
2013.04.17 23:23:28.988,0.95556,0.95578,2.25,1.50
2013.04.17 23:23:30.012,0.95558,0.95578,1.50,2.25
2013.04.17 23:23:36.912,0.95553,0.95575,2.63,2.25
2013.04.17 23:23:37.822,0.95554,0.95575,1.13,2.25
2013.04.17 23:23:38.002,0.95554,0.95575,1.13,1.50
2013.04.17 23:23:38.869,0.95557,0.95577,1.50,1.88
2013.04.17 23:23:39.902,0.95554,0.95575,1.13,1.50
2013.04.17 23:23:40.513,0.95554,0.95574,1.13,1.50
2013.04.17 23:23:40.832,0.95557,0.95576,2.25,1.50
2013.04.17 23:23:41.012,0.95559,0.9558,2.40,1.13
2013.04.17 23:23:41.073,0.95559,0.95582,2.40,1.88
2013.04.17 23:23:41.252,0.9556,0.95583,1.65,1.50
2013.04.17 23:23:42.902,0.95561,0.95582,1.50,1.50
2013.04.17 23:23:50.703,0.95561,0.95582,1.50,2.63
2013.04.17 23:23:54.404,0.95561,0.95581,1.50,1.13
2013.04.17 23:23:55.596,0.95561,0.9558,1.50,1.13
2013.04.17 23:23:56.102,0.95561,0.95581,1.50,1.13
2013.04.17 23:23:56.714,0.9556,0.95582,1.50,2.63
2013.04.17 23:23:57.472,0.9556,0.95581,1.50,1.13
2013.04.17 23:23:57.712,0.95557,0.9558,2.25,2.25
2013.04.17 23:23:57.951,0.95556,0.9558,1.50,2.25
2013.04.17 23:23:58.372,0.95556,0.95576,1.50,1.13
2013.04.17 23:23:58.692,0.95557,0.95576,1.50,1.88
2013.04.17 23:24:07.343,0.95557,0.95576,1.50,1.50
2013.04.17 23:24:16.933,0.95557,0.95576,1.50,1.88
2013.04.17 23:24:27.162,0.95557,0.95577,1.50,1.50
2013.04.17 23:24:39.512,0.95556,0.95576,1.65,1.50
2013.04.17 23:24:58.831,0.95555,0.95577,1.65,1.50
2013.04.17 23:24:59.422,0.95556,0.95579,1.50,2.25
2013.04.17 23:25:01.131,0.95555,0.95577,1.88,1.50
2013.04.17 23:25:11.231,0.95556,0.95577,1.65,1.50
2013.04.17 23:25:21.442,0.95556,0.95576,1.65,1.50
2013.04.17 23:25:37.135,0.95557,0.95576,1.50,1.88
2013.04.17 23:25:37.455,0.95557,0.95579,4.13,1.13
2013.04.17 23:25:37.823,0.95559,0.95579,1.13,1.13
2013.04.17 23:25:38.183,0.95561,0.95579,1.50,1.13
2013.04.17 23:25:38.752,0.95561,0.95581,1.50,1.50
2013.04.17 23:25:39.272,0.95563,0.95581,1.50,1.50
2013.04.17 23:25:48.404,0.95562,0.95581,1.50,1.50
2013.04.17 23:25:57.361,0.95563,0.95581,1.50,2.25
2013.04.17 23:26:11.491,0.95561,0.95581,1.50,1.50
2013.04.17 23:26:19.982,0.95561,0.95581,2.25,1.50
2013.04.17 23:26:38.409,0.95561,0.95583,2.25,1.50
2013.04.17 23:26:41.193,0.95561,0.95581,1.50,1.13
2013.04.17 23:26:41.313,0.95557,0.95579,1.88,1.84
2013.04.17 23:26:41.613,0.95557,0.95579,1.13,2.59
2013.04.17 23:26:41.995,0.95556,0.95577,1.88,1.50
2013.04.17 23:26:43.163,0.95556,0.95576,2.25,1.50
2013.04.17 23:26:44.333,0.95554,0.95572,1.32,1.50
2013.04.17 23:26:44.393,0.95553,0.95572,1.69,1.50
2013.04.17 23:26:44.753,0.95554,0.95572,1.09,1.50
2013.04.17 23:26:44.814,0.95554,0.95576,1.84,1.50
2013.04.17 23:26:46.393,0.95556,0.95576,1.69,1.50
2013.04.17 23:26:46.763,0.95556,0.9558,3.19,2.03
2013.04.17 23:26:46.883,0.95558,0.9558,1.32,1.88
2013.04.17 23:26:47.184,0.9556,0.9558,1.09,1.13
2013.04.17 23:26:47.733,0.9556,0.95581,1.09,1.50
2013.04.17 23:27:07.413,0.9556,0.95582,2.03,2.25
2013.04.17 23:27:09.377,0.95561,0.95582,1.13,1.50
2013.04.17 23:27:09.964,0.95561,0.95579,1.13,1.50
2013.04.17 23:27:11.205,0.9556,0.95579,1.28,1.50
2013.04.17 23:27:11.394,0.95559,0.95579,3.34,1.50
2013.04.17 23:27:13.472,0.9556,0.95581,1.28,1.50
2013.04.17 23:27:17.142,0.9556,0.95581,1.28,1.50
2013.04.17 23:27:19.065,0.9556,0.95581,1.50,1.50
2013.04.17 23:27:24.578,0.9556,0.95581,1.69,1.50
2013.04.17 23:27:31.385,0.95562,0.95582,1.69,1.50
2013.04.17 23:27:31.574,0.95562,0.95584,1.69,1.50
2013.04.17 23:27:31.833,0.95562,0.95584,1.69,1.50
2013.04.17 23:27:33.874,0.95562,0.95583,1.69,1.50
2013.04.17 23:27:38.804,0.95562,0.95584,1.69,1.50
2013.04.17 23:27:42.783,0.95562,0.95584,2.63,1.50
2013.04.17 23:27:42.903,0.95565,0.95587,1.50,1.50
2013.04.17 23:27:43.731,0.95565,0.95587,1.50,1.50
2013.04.17 23:27:45.192,0.95565,0.95585,1.50,1.13
2013.04.17 23:27:45.555,0.95565,0.95587,1.50,2.25
2013.04.17 23:27:45.675,0.95565,0.95587,1.65,1.88
2013.04.17 23:27:45.761,0.95567,0.95588,2.82,1.13
2013.04.17 23:27:46.063,0.95573,0.95593,1.50,1.50
2013.04.17 23:27:49.095,0.95575,0.95595,1.50,1.13
2013.04.17 23:27:49.784,0.95572,0.95593,1.69,1.50
2013.04.17 23:27:52.883,0.95572,0.95593,1.32,1.50
2013.04.17 23:27:53.466,0.95572,0.95593,2.07,2.25
2013.04.17 23:27:53.979,0.95572,0.95594,2.82,1.65
2013.04.17 23:27:55.974,0.95575,0.95597,1.50,1.50
2013.04.17 23:27:56.748,0.95576,0.95598,1.69,2.25
2013.04.17 23:27:56.813,0.95576,0.95598,1.69,1.50
2013.04.17 23:27:57.114,0.9558,0.95602,1.09,1.50
2013.04.17 23:27:57.175,0.9558,0.95603,1.09,1.50
2013.04.17 23:27:57.554,0.95584,0.95604,1.13,1.50
2013.04.17 23:27:57.674,0.95585,0.95607,1.09,1.88
2013.04.17 23:27:57.855,0.95585,0.95608,1.09,1.50
2013.04.17 23:27:58.055,0.95587,0.95608,1.69,1.50
2013.04.17 23:27:58.364,0.95591,0.95613,1.50,1.50
2013.04.17 23:27:58.493,0.95591,0.95613,1.69,1.50
2013.04.17 23:27:58.614,0.95592,0.95614,1.50,2.40
2013.04.17 23:28:01.464,0.9559,0.95611,1.65,2.25
2013.04.17 23:28:01.582,0.95589,0.95611,1.13,3.75
2013.04.17 23:28:08.939,0.95587,0.95605,1.13,1.50
2013.04.17 23:28:09.323,0.95585,0.95605,1.05,1.50
2013.04.17 23:28:09.875,0.95582,0.95605,2.63,1.50
2013.04.17 23:28:11.782,0.95584,0.95604,1.13,1.50
2013.04.17 23:28:17.705,0.95584,0.95604,1.13,2.25
2013.04.17 23:28:18.308,0.95584,0.95604,1.13,1.50
2013.04.17 23:28:19.401,0.95584,0.95605,1.13,2.25
2013.04.17 23:28:20.803,0.95584,0.95605,1.13,2.25
2013.04.17 23:28:21.233,0.95584,0.95605,1.13,1.50
2013.04.17 23:28:22.826,0.95584,0.95604,1.13,1.50
2013.04.17 23:28:28.933,0.95584,0.95604,1.13,2.25
2013.04.17 23:28:29.273,0.95584,0.95604,1.13,2.25
2013.04.17 23:28:30.424,0.95584,0.95604,1.13,1.50
2013.04.17 23:28:35.004,0.95584,0.95604,1.13,2.25
2013.04.17 23:28:39.813,0.95584,0.95604,1.13,2.25
2013.04.17 23:28:42.405,0.95584,0.95603,1.13,1.50
2013.04.17 23:28:49.454,0.95583,0.95603,1.13,2.25
2013.04.17 23:28:56.325,0.95583,0.95601,1.13,2.25
2013.04.17 23:28:57.976,0.95582,0.95599,1.50,1.50
2013.04.17 23:28:59.393,0.9558,0.95599,1.28,1.50
2013.04.17 23:28:59.574,0.95579,0.95597,1.13,2.25
2013.04.17 23:28:59.693,0.95577,0.95593,1.28,1.50
2013.04.17 23:29:00.195,0.95574,0.95593,1.50,1.50
2013.04.17 23:29:00.265,0.9557,0.95592,2.25,2.25
2013.04.17 23:29:00.394,0.95566,0.95588,1.88,1.50
2013.04.17 23:29:00.753,0.95566,0.95584,1.13,1.50
2013.04.17 23:29:01.998,0.95567,0.95584,1.65,1.50
2013.04.17 23:29:02.432,0.95567,0.95584,1.65,1.50
2013.04.17 23:29:02.933,0.95567,0.95584,1.65,1.50
2013.04.17 23:29:03.477,0.95567,0.95584,2.40,1.50
2013.04.17 23:29:11.123,0.95567,0.95584,1.65,1.50
2013.04.17 23:29:16.064,0.95567,0.95587,1.88,1.50
2013.04.17 23:29:18.376,0.95567,0.95585,1.88,2.25
2013.04.17 23:29:18.877,0.95565,0.95583,1.88,1.50
2013.04.17 23:29:25.184,0.95561,0.95581,1.88,1.50
2013.04.17 23:29:26.325,0.95557,0.95577,1.13,1.50
2013.04.17 23:29:26.564,0.95557,0.95576,1.13,1.50
2013.04.17 23:29:26.624,0.95556,0.95574,1.13,1.13
2013.04.17 23:29:26.933,0.95552,0.95571,1.50,1.50
2013.04.17 23:29:28.737,0.95553,0.95571,1.50,2.25
2013.04.17 23:29:33.764,0.95549,0.95569,1.88,1.50
2013.04.17 23:29:34.124,0.95546,0.95563,1.50,2.25
2013.04.17 23:29:34.375,0.95542,0.95563,1.13,1.50
2013.04.17 23:29:36.154,0.95542,0.95563,1.13,1.50
2013.04.17 23:29:37.873,0.95539,0.95562,2.25,3.00
2013.04.17 23:29:44.305,0.95539,0.95559,1.50,1.50
2013.04.17 23:29:44.434,0.9554,0.95558,1.13,1.32
2013.04.17 23:29:44.494,0.95537,0.95557,1.13,1.32
2013.04.17 23:29:44.736,0.95534,0.95554,1.50,1.50
2013.04.17 23:29:45.045,0.95533,0.9555,1.50,1.50
2013.04.17 23:29:45.344,0.95532,0.95549,1.50,3.19
2013.04.17 23:29:45.404,0.95532,0.95547,1.50,1.50
2013.04.17 23:29:45.943,0.95524,0.95544,3.96,2.59
2013.04.17 23:29:46.065,0.95524,0.95541,1.13,1.13
2013.04.17 23:29:46.133,0.95523,0.95541,1.47,1.13
2013.04.17 23:29:46.254,0.9552,0.95541,1.50,1.13
2013.04.17 23:29:46.315,0.95519,0.95541,2.25,1.13
2013.04.17 23:29:46.624,0.95524,0.95541,1.12,1.13
2013.04.17 23:29:47.163,0.9553,0.95541,1.35,1.32
2013.04.17 23:29:47.403,0.95519,0.95541,1.88,1.13
2013.04.17 23:29:47.465,0.95519,0.95541,1.50,1.13
2013.04.17 23:29:47.603,0.95519,0.95541,1.88,1.13
2013.04.17 23:29:47.904,0.95532,0.95543,1.20,1.50
2013.04.17 23:29:48.023,0.95532,0.95547,1.20,1.88
2013.04.17 23:29:48.404,0.95521,0.95543,1.13,1.65
2013.04.17 23:29:48.465,0.9552,0.95538,1.13,1.88
2013.04.17 23:29:48.595,0.95518,0.95537,1.50,1.13
2013.04.17 23:29:48.654,0.95512,0.95536,3.00,1.65
2013.04.17 23:29:48.834,0.95523,0.95536,1.59,1.65
2013.04.17 23:29:49.276,0.95512,0.95536,1.50,1.65
2013.04.17 23:29:49.721,0.95514,0.95537,2.25,1.13
2013.04.17 23:29:49.794,0.95516,0.95539,1.50,2.63
2013.04.17 23:29:50.045,0.95517,0.95539,1.88,2.25
2013.04.17 23:29:50.355,0.95518,0.9554,1.13,1.50
2013.04.17 23:29:50.788,0.95519,0.9554,1.65,1.50
2013.04.17 23:29:51.704,0.95522,0.95543,1.50,1.50
2013.04.17 23:29:51.763,0.95523,0.95544,1.13,1.50
2013.04.17 23:29:52.305,0.95523,0.95544,1.13,1.50
2013.04.17 23:29:53.053,0.95523,0.95544,1.13,1.50
2013.04.17 23:29:55.253,0.95523,0.95548,1.50,2.25
2013.04.17 23:29:55.505,0.95523,0.95549,1.50,2.40
2013.04.17 23:29:58.514,0.95528,0.95549,1.32,1.50
2013.04.17 23:30:00.264,0.95529,0.9555,1.09,1.50
2013.04.17 23:30:00.524,0.95527,0.95549,1.50,1.50
2013.04.17 23:30:00.656,0.95526,0.95549,1.13,1.50
2013.04.17 23:30:00.903,0.95522,0.95546,1.50,1.13
2013.04.17 23:30:01.246,0.95522,0.95545,1.50,1.50
2013.04.17 23:30:01.495,0.95526,0.95546,1.50,1.13
2013.04.17 23:30:01.744,0.95526,0.95549,1.50,1.88
2013.04.17 23:30:02.654,0.95526,0.95549,1.50,1.88
2013.04.17 23:30:03.815,0.95526,0.95549,1.50,1.13
2013.04.17 23:30:05.246,0.95526,0.95549,1.69,1.88
2013.04.17 23:30:05.623,0.95526,0.95549,1.69,1.88
2013.04.17 23:30:06.183,0.95526,0.95549,1.69,1.13
2013.04.17 23:30:07.813,0.9553,0.95553,1.50,1.28
2013.04.17 23:30:08.714,0.95532,0.95553,1.13,1.13
2013.04.17 23:30:09.024,0.95533,0.95553,1.84,1.13
2013.04.17 23:30:09.554,0.95533,0.95553,1.84,1.13
2013.04.17 23:30:10.785,0.95533,0.95554,1.65,2.63
2013.04.17 23:30:10.904,0.95533,0.95553,2.44,1.13
2013.04.17 23:30:11.083,0.95533,0.95552,1.50,1.28
2013.04.17 23:30:11.213,0.95531,0.95553,1.50,1.50
2013.04.17 23:30:11.333,0.95531,0.95552,2.25,1.28
2013.04.17 23:30:16.404,0.95531,0.95554,1.50,2.25
2013.04.17 23:30:16.654,0.9553,0.95553,1.50,1.50
2013.04.17 23:30:17.450,0.95532,0.9555,1.50,1.50
2013.04.17 23:30:17.953,0.95532,0.95553,2.40,1.88
2013.04.17 23:30:18.880,0.95533,0.95554,1.50,1.50
2013.04.17 23:30:19.423,0.95534,0.95555,2.25,1.13
2013.04.17 23:30:20.094,0.95535,0.95555,1.50,1.88
2013.04.17 23:30:20.334,0.95536,0.95557,1.32,1.13
2013.04.17 23:30:20.863,0.95537,0.95557,1.09,1.13
2013.04.17 23:30:21.404,0.95537,0.95557,1.13,1.13
2013.04.17 23:30:21.466,0.95537,0.95558,2.07,1.88
2013.04.17 23:30:21.984,0.95539,0.95558,1.50,1.50
2013.04.17 23:30:23.061,0.95539,0.9556,2.44,1.88
2013.04.17 23:30:27.185,0.95543,0.9556,1.50,1.50
2013.04.17 23:30:27.495,0.95543,0.9556,1.50,1.50
2013.04.17 23:30:27.754,0.95543,0.95562,1.50,1.28
2013.04.17 23:30:29.244,0.95545,0.95565,1.50,1.50
2013.04.17 23:30:29.423,0.95546,0.95565,1.50,1.50
2013.04.17 23:30:32.803,0.95545,0.95565,2.25,2.25
2013.04.17 23:30:33.164,0.95543,0.95564,1.50,1.88
2013.04.17 23:30:33.343,0.95541,0.95561,2.25,1.50
2013.04.17 23:30:33.403,0.95539,0.95561,2.78,1.50
2013.04.17 23:30:33.953,0.95541,0.95561,1.50,2.25
2013.04.17 23:30:36.543,0.95545,0.95561,1.50,1.50
2013.04.17 23:30:38.464,0.95542,0.95561,3.00,1.50
2013.04.17 23:30:38.524,0.95542,0.95561,1.50,1.50
2013.04.17 23:31:13.913,0.9554,0.95557,1.50,1.13
2013.04.17 23:31:13.973,0.95538,0.95557,2.25,1.13
2013.04.17 23:31:14.034,0.95537,0.95555,1.50,1.65
2013.04.17 23:31:14.164,0.95536,0.95553,1.50,1.50
2013.04.17 23:31:16.835,0.95535,0.95553,1.69,1.50
2013.04.17 23:31:19.605,0.95534,0.95554,1.50,2.25
2013.04.17 23:31:19.784,0.95535,0.95554,1.50,2.25
2013.04.17 23:31:20.365,0.95534,0.95554,1.50,2.25
2013.04.17 23:31:20.673,0.95534,0.95554,1.50,2.25
2013.04.17 23:31:25.844,0.95534,0.95554,1.50,2.25
2013.04.17 23:31:25.964,0.95536,0.95554,1.13,2.25
2013.04.17 23:31:26.024,0.95534,0.95554,2.40,1.50
2013.04.17 23:31:28.403,0.95537,0.95558,1.13,2.63
2013.04.17 23:31:28.464,0.95537,0.95558,2.63,2.63
2013.04.17 23:31:28.584,0.95539,0.95558,1.50,1.50
2013.04.17 23:31:33.515,0.95539,0.95557,1.69,1.50
2013.04.17 23:31:33.755,0.95536,0.95554,1.65,1.50
2013.04.17 23:31:34.055,0.95533,0.95553,1.50,1.65
2013.04.17 23:31:34.184,0.9553,0.95553,2.25,1.65
2013.04.17 23:31:34.944,0.9553,0.9555,1.50,1.13
2013.04.17 23:31:35.585,0.9553,0.95551,1.50,1.13
2013.04.17 23:31:35.914,0.95526,0.95545,1.50,1.50
2013.04.17 23:31:36.036,0.95522,0.95542,1.50,1.50
2013.04.17 23:31:36.165,0.95519,0.95542,2.25,2.25
2013.04.17 23:31:36.562,0.95519,0.9554,1.50,1.50
2013.04.17 23:31:37.634,0.95517,0.95537,1.88,1.13
2013.04.17 23:31:37.838,0.95517,0.95537,1.50,1.13
2013.04.17 23:31:47.343,0.95518,0.95536,1.88,1.13
2013.04.17 23:31:47.404,0.95518,0.95536,1.50,1.13
2013.04.17 23:31:48.244,0.95518,0.95536,1.50,1.13
2013.04.17 23:32:00.235,0.95518,0.9554,1.50,2.25
2013.04.17 23:32:02.869,0.95518,0.9554,1.50,2.25
2013.04.17 23:32:02.995,0.95518,0.9554,1.50,2.25
2013.04.17 23:32:03.535,0.95518,0.9554,1.50,2.25
2013.04.17 23:32:03.913,0.95518,0.9554,1.50,1.50
2013.04.17 23:32:04.444,0.95521,0.9554,1.50,2.25
2013.04.17 23:32:04.983,0.95523,0.9554,1.50,1.50
2013.04.17 23:32:06.954,0.95519,0.9554,1.50,2.63
2013.04.17 23:32:09.643,0.95518,0.95537,1.50,1.50
2013.04.17 23:32:17.713,0.9552,0.95538,1.50,1.50
2013.04.17 23:32:19.824,0.95516,0.9553,1.50,1.50
2013.04.17 23:32:21.054,0.95512,0.9553,1.88,1.50
2013.04.17 23:32:21.428,0.95512,0.9553,1.50,1.50
2013.04.17 23:32:21.968,0.95511,0.9553,1.88,1.50
2013.04.17 23:32:22.514,0.95511,0.9553,1.50,1.50
2013.04.17 23:32:22.635,0.95509,0.95529,1.65,1.50
2013.04.17 23:32:22.754,0.95509,0.95529,1.65,1.50
2013.04.17 23:32:24.164,0.95511,0.95529,1.50,1.50
2013.04.17 23:32:24.285,0.95513,0.95528,1.50,1.50
2013.04.17 23:32:24.465,0.95513,0.95531,1.88,1.50
2013.04.17 23:32:24.584,0.95516,0.95534,1.50,1.50
2013.04.17 23:32:24.644,0.95516,0.95535,1.50,3.00
2013.04.17 23:32:25.245,0.95516,0.95538,1.50,3.75
2013.04.17 23:32:25.725,0.95517,0.95538,1.50,3.75
2013.04.17 23:32:26.633,0.95517,0.95538,1.50,3.75
2013.04.17 23:32:28.307,0.95517,0.95538,1.50,2.25
2013.04.17 23:32:29.493,0.95519,0.95538,1.13,2.25
2013.04.17 23:32:31.145,0.95516,0.95537,2.25,1.50
2013.04.17 23:32:31.444,0.95516,0.95539,2.25,1.65
2013.04.17 23:32:31.976,0.95516,0.95539,2.63,1.65
2013.04.17 23:32:33.405,0.95518,0.95539,1.50,2.40
2013.04.17 23:32:36.104,0.95518,0.95539,1.50,2.40
2013.04.17 23:32:36.619,0.95521,0.95539,1.50,1.65
2013.04.17 23:32:42.204,0.95522,0.95539,2.25,1.65
2013.04.17 23:32:53.065,0.95524,0.95542,1.50,2.63
2013.04.17 23:33:02.513,0.95522,0.95542,1.50,3.38
2013.04.17 23:33:04.734,0.95523,0.95542,1.88,2.25
2013.04.17 23:33:05.311,0.95525,0.95541,2.25,1.50
2013.04.17 23:33:12.604,0.95523,0.95541,1.50,1.50
2013.04.17 23:33:31.585,0.95523,0.95544,1.50,2.25
2013.04.17 23:33:32.174,0.95522,0.95544,2.78,2.25
2013.04.17 23:33:33.978,0.95523,0.95543,1.50,1.50
2013.04.17 23:33:36.135,0.95524,0.95543,1.50,1.50
2013.04.17 23:33:42.763,0.95524,0.95543,1.50,1.50
2013.04.17 23:33:49.064,0.95526,0.95543,1.50,1.50
2013.04.17 23:33:49.124,0.95526,0.95545,1.50,1.50
2013.04.17 23:33:49.435,0.95528,0.95547,1.88,1.65
2013.04.17 23:33:49.554,0.9553,0.9555,1.50,2.25
2013.04.17 23:33:49.735,0.95534,0.9555,1.50,1.50
2013.04.17 23:33:49.864,0.95534,0.95553,1.50,1.50
2013.04.17 23:33:50.223,0.95537,0.95553,1.50,1.50
2013.04.17 23:33:50.983,0.95539,0.95553,1.50,1.50
2013.04.17 23:33:51.444,0.95537,0.95553,2.25,1.50
2013.04.17 23:33:52.284,0.95537,0.95553,3.00,1.50
2013.04.17 23:33:57.151,0.95537,0.95557,2.25,1.50
2013.04.17 23:33:57.217,0.95537,0.95558,2.25,2.25
2013.04.17 23:33:59.303,0.95537,0.95558,2.25,2.25
2013.04.17 23:33:59.851,0.95537,0.95556,2.25,1.50
2013.04.17 23:34:00.034,0.95537,0.95555,2.25,1.50
2013.04.17 23:34:00.153,0.95534,0.95555,1.50,2.25
2013.04.17 23:34:00.884,0.95534,0.95555,1.50,2.25
2013.04.17 23:34:01.444,0.95534,0.95555,2.25,1.50
2013.04.17 23:34:01.954,0.95534,0.95555,1.50,1.50
2013.04.17 23:34:04.815,0.95532,0.95552,2.25,1.50
2013.04.17 23:34:04.874,0.95532,0.95551,2.25,1.13
2013.04.17 23:34:05.115,0.95528,0.9555,2.25,1.88
2013.04.17 23:34:05.355,0.95529,0.9555,1.50,1.13
2013.04.17 23:34:05.666,0.95529,0.9555,1.50,1.13
2013.04.17 23:34:05.794,0.95528,0.95548,1.88,2.25
2013.04.17 23:34:07.576,0.95528,0.95545,2.25,1.50
2013.04.17 23:34:08.545,0.95529,0.95541,2.25,1.50
2013.04.17 23:34:08.605,0.95527,0.95541,1.50,1.50
2013.04.17 23:34:08.753,0.95526,0.95541,2.25,1.50
2013.04.17 23:34:15.263,0.95526,0.95539,1.50,1.50
2013.04.17 23:34:16.441,0.95525,0.95539,1.50,1.50
2013.04.17 23:34:17.275,0.95525,0.95543,1.50,1.50
2013.04.17 23:34:22.845,0.95526,0.95542,1.50,1.50
2013.04.17 23:34:29.555,0.95523,0.95542,2.25,1.50
2013.04.17 23:34:30.094,0.95523,0.95544,2.25,1.50
2013.04.17 23:34:30.215,0.95523,0.95542,2.25,1.50
2013.04.17 23:34:30.574,0.95521,0.95533,1.50,1.50
2013.04.17 23:34:30.764,0.95518,0.95533,2.25,1.50
2013.04.17 23:34:31.054,0.95516,0.95533,1.88,1.50
2013.04.17 23:34:31.514,0.95517,0.95537,1.65,2.25
2013.04.17 23:34:31.634,0.95516,0.95536,1.13,1.50
2013.04.17 23:34:32.434,0.95516,0.95536,1.13,1.50
2013.04.17 23:34:32.836,0.95517,0.95537,1.65,2.25
2013.04.17 23:34:35.664,0.95517,0.95536,1.50,1.50
2013.04.17 23:34:35.725,0.95514,0.95534,1.50,2.03
2013.04.17 23:34:35.844,0.95514,0.95527,1.50,1.50
2013.04.17 23:34:36.148,0.95509,0.95522,1.50,1.50
2013.04.17 23:34:43.214,0.95509,0.95528,3.00,2.40
2013.04.17 23:34:43.274,0.95511,0.95528,1.50,1.65
2013.04.17 23:34:43.394,0.95512,0.9553,1.50,2.25
2013.04.17 23:34:43.754,0.95516,0.95533,1.50,1.65
2013.04.17 23:34:44.114,0.95517,0.95533,2.25,1.65
2013.04.17 23:34:45.514,0.95516,0.95533,2.25,1.50
2013.04.17 23:34:50.044,0.95516,0.95533,1.50,1.50
2013.04.17 23:34:50.284,0.95515,0.95529,1.50,1.50
2013.04.17 23:34:50.524,0.95512,0.95529,3.00,1.50
2013.04.17 23:34:51.176,0.95512,0.95529,3.00,1.50
2013.04.17 23:34:51.434,0.95512,0.95534,3.00,2.63
2013.04.17 23:34:52.964,0.95513,0.95534,2.25,1.88
2013.04.17 23:34:53.513,0.95516,0.95534,1.50,1.13
2013.04.17 23:34:53.897,0.95516,0.95532,1.50,1.50
2013.04.17 23:35:00.914,0.95517,0.95532,1.50,1.50
2013.04.17 23:35:01.435,0.95517,0.95532,1.50,1.50
2013.04.17 23:35:02.893,0.95517,0.95532,1.50,1.50
2013.04.17 23:35:03.208,0.95517,0.95532,1.50,1.50
2013.04.17 23:35:12.485,0.95517,0.95535,1.50,1.50
2013.04.17 23:35:12.544,0.95517,0.95535,1.69,1.50
2013.04.17 23:35:12.665,0.95517,0.95537,1.84,1.50
2013.04.17 23:35:12.725,0.95521,0.95537,1.50,1.50
2013.04.17 23:35:13.155,0.9552,0.95538,1.50,1.50
2013.04.17 23:35:13.453,0.95521,0.95539,2.25,1.13
2013.04.17 23:35:13.575,0.95523,0.95541,1.50,1.50
2013.04.17 23:35:13.647,0.95523,0.95543,2.25,1.50
2013.04.17 23:35:13.715,0.95524,0.95544,2.25,1.88
2013.04.17 23:35:14.016,0.95527,0.95544,1.50,1.13
2013.04.17 23:35:14.324,0.95528,0.95548,1.50,1.50
2013.04.17 23:35:14.564,0.95529,0.95548,1.50,1.50
2013.04.17 23:35:18.564,0.95531,0.95547,2.25,1.50
2013.04.17 23:35:19.254,0.95531,0.95544,1.50,1.50
2013.04.17 23:35:19.434,0.95529,0.95544,1.50,1.50
2013.04.17 23:35:19.986,0.95527,0.95544,1.50,1.50
2013.04.17 23:35:22.394,0.95528,0.95544,1.50,1.50
2013.04.17 23:35:42.854,0.95528,0.95544,2.25,1.50
2013.04.17 23:35:43.396,0.95528,0.95544,2.25,1.50
2013.04.17 23:35:47.405,0.95528,0.95544,1.50,1.50
2013.04.17 23:35:48.156,0.95528,0.95543,1.50,1.50
2013.04.17 23:35:52.764,0.95528,0.95546,2.25,1.50
2013.04.17 23:35:52.885,0.95528,0.95546,2.25,1.50
2013.04.17 23:35:56.833,0.95529,0.95549,1.13,1.50
2013.04.17 23:35:58.875,0.9553,0.9555,1.65,1.50
2013.04.17 23:36:00.086,0.95529,0.95549,1.13,1.50
2013.04.17 23:36:00.874,0.95529,0.95549,1.13,1.50
2013.04.17 23:36:02.315,0.95531,0.95551,1.50,2.25
2013.04.17 23:36:02.915,0.95532,0.95551,1.50,1.50
2013.04.17 23:36:04.804,0.95531,0.95549,1.50,1.50
2013.04.17 23:36:04.924,0.95531,0.95549,1.50,1.50
2013.04.17 23:36:07.394,0.95531,0.95549,2.25,1.50
2013.04.17 23:36:07.824,0.95532,0.95553,1.28,3.75
2013.04.17 23:36:11.775,0.95532,0.95552,2.03,1.50
2013.04.17 23:36:12.164,0.95532,0.95552,2.03,1.50
2013.04.17 23:36:18.244,0.95532,0.95552,2.03,2.63
2013.04.17 23:36:21.625,0.95532,0.95548,2.03,1.50
2013.04.17 23:36:22.174,0.95531,0.95548,2.63,1.50
2013.04.17 23:36:23.334,0.95532,0.95551,1.50,1.88
2013.04.17 23:36:23.535,0.95531,0.95549,1.65,1.50
2013.04.17 23:36:23.596,0.9553,0.95549,1.13,1.50
2013.04.17 23:36:25.827,0.9553,0.95546,1.88,1.50
2013.04.17 23:36:25.955,0.9553,0.95549,1.88,2.25
2013.04.17 23:36:26.497,0.9553,0.95549,1.88,2.25
2013.04.17 23:36:29.565,0.95532,0.95549,1.50,1.50
2013.04.17 23:36:30.087,0.95532,0.95549,1.50,1.50
2013.04.17 23:36:30.493,0.95532,0.95549,1.50,1.50
2013.04.17 23:36:31.485,0.95532,0.95549,1.50,1.50
2013.04.17 23:36:32.916,0.95532,0.95551,2.25,1.88
2013.04.17 23:36:32.985,0.95536,0.95551,1.65,1.13
2013.04.17 23:36:33.045,0.95536,0.95553,1.65,1.50
2013.04.17 23:36:33.224,0.95535,0.95551,1.50,1.50
2013.04.17 23:36:33.626,0.95535,0.95553,1.50,1.50
2013.04.17 23:36:35.616,0.95534,0.95551,1.13,1.50
2013.04.17 23:36:35.675,0.95532,0.95551,2.25,1.50
2013.04.17 23:36:35.738,0.95532,0.95546,2.25,1.50
2013.04.17 23:36:36.065,0.95532,0.95546,2.25,1.50
2013.04.17 23:36:36.835,0.95532,0.95546,1.50,1.50
2013.04.17 23:36:37.766,0.95532,0.95546,2.25,1.50
2013.04.17 23:36:39.684,0.95532,0.95548,2.25,1.50
2013.04.17 23:36:39.804,0.95532,0.95551,2.25,1.13
2013.04.17 23:36:40.296,0.95533,0.95552,1.13,1.13
2013.04.17 23:36:42.221,0.95533,0.95553,1.13,2.25
2013.04.17 23:36:47.736,0.95533,0.95553,1.50,2.25
2013.04.17 23:36:58.673,0.95534,0.95553,1.50,1.50
2013.04.17 23:36:58.735,0.95534,0.95551,1.50,1.50
2013.04.17 23:36:59.046,0.95534,0.95549,1.50,1.50
2013.04.17 23:36:59.405,0.95531,0.95544,1.50,1.50
2013.04.17 23:37:00.066,0.95532,0.95544,1.50,1.50
2013.04.17 23:37:24.805,0.95532,0.95544,1.50,1.50
2013.04.17 23:37:27.675,0.95532,0.95544,1.50,1.50
2013.04.17 23:37:42.375,0.95532,0.95544,1.50,1.50
2013.04.17 23:37:46.575,0.95532,0.9555,1.50,1.50
2013.04.17 23:38:03.375,0.95528,0.95548,2.97,1.50
2013.04.17 23:38:03.614,0.95532,0.9555,2.25,1.50
2013.04.17 23:38:47.436,0.95532,0.95551,2.40,1.50
2013.04.17 23:38:47.565,0.95532,0.95551,1.65,1.50
2013.04.17 23:38:47.925,0.95528,0.9554,1.50,1.50
2013.04.17 23:38:48.045,0.95525,0.9554,1.50,1.50
2013.04.17 23:38:49.473,0.95526,0.9554,1.50,1.50
2013.04.17 23:38:49.725,0.95525,0.9554,2.25,1.50
2013.04.17 23:38:50.084,0.95526,0.9554,1.50,1.50
2013.04.17 23:38:50.794,0.95525,0.9554,2.25,1.50
2013.04.17 23:38:51.334,0.95526,0.9554,1.50,1.50
2013.04.17 23:39:05.076,0.95526,0.95544,1.50,1.50
2013.04.17 23:39:05.134,0.95526,0.95545,1.50,2.25
2013.04.17 23:39:07.875,0.95526,0.95544,1.50,1.50
2013.04.17 23:39:12.625,0.95526,0.95543,1.50,2.25
2013.04.17 23:39:13.029,0.95526,0.95541,1.50,1.50
2013.04.17 23:39:13.764,0.95526,0.95543,1.88,2.25
2013.04.17 23:39:13.884,0.95526,0.95543,1.50,1.50
2013.04.17 23:39:14.386,0.95526,0.95543,1.50,1.50
2013.04.17 23:39:15.644,0.95528,0.95543,1.65,1.50
2013.04.17 23:39:16.195,0.95528,0.95543,1.28,2.25
2013.04.17 23:39:16.325,0.95528,0.95543,1.28,2.25
2013.04.17 23:39:16.805,0.95528,0.95543,1.28,2.25
2013.04.17 23:39:17.230,0.95528,0.95543,1.28,2.25
2013.04.17 23:39:18.777,0.95528,0.95543,1.28,2.25
2013.04.17 23:39:19.144,0.95532,0.95543,1.50,1.50
2013.04.17 23:39:26.054,0.95531,0.95544,1.50,1.50
2013.04.17 23:39:33.565,0.9553,0.95544,1.50,1.50
2013.04.17 23:39:34.134,0.95529,0.95544,1.13,1.50
2013.04.17 23:39:39.075,0.95529,0.95543,1.13,2.25
2013.04.17 23:39:39.605,0.95529,0.95542,1.13,1.50
2013.04.17 23:39:40.104,0.95526,0.95547,2.63,2.25
2013.04.17 23:39:40.455,0.95526,0.95541,3.00,1.50
2013.04.17 23:39:40.634,0.9553,0.95548,1.50,1.50
2013.04.17 23:39:40.694,0.9553,0.95548,1.50,1.50
2013.04.17 23:39:40.814,0.9553,0.95551,2.25,1.50
2013.04.17 23:39:40.875,0.95531,0.95551,1.13,1.50
2013.04.17 23:39:41.242,0.95535,0.95552,1.50,1.50
2013.04.17 23:39:41.304,0.95537,0.95557,1.13,4.50
2013.04.17 23:39:41.425,0.95537,0.95557,1.13,2.25
2013.04.17 23:39:41.544,0.9554,0.95557,1.50,1.50
2013.04.17 23:39:43.424,0.95541,0.95558,1.50,1.50
2013.04.17 23:39:44.111,0.95541,0.9556,1.50,1.50
2013.04.17 23:39:44.184,0.95541,0.95563,1.50,3.00
2013.04.17 23:39:44.485,0.95546,0.9556,1.13,1.50
2013.04.17 23:39:44.545,0.95546,0.95566,3.00,1.13
2013.04.17 23:39:44.604,0.95549,0.95568,1.50,2.25
2013.04.17 23:39:44.666,0.95549,0.95568,2.25,1.50
2013.04.17 23:39:44.735,0.95551,0.95571,1.13,1.50
2013.04.17 23:39:45.045,0.95556,0.95575,1.50,1.50
2013.04.17 23:39:45.164,0.95558,0.95578,1.13,2.25
2013.04.17 23:39:45.225,0.95558,0.95578,1.13,1.50
2013.04.17 23:39:45.285,0.95558,0.95578,1.13,2.25
2013.04.17 23:39:45.612,0.95551,0.95568,1.13,2.40
2013.04.17 23:39:45.685,0.95548,0.95563,1.50,1.50
2013.04.17 23:39:45.750,0.95545,0.9556,1.13,1.50
2013.04.17 23:39:45.995,0.95543,0.95554,1.50,1.50
2013.04.17 23:39:46.236,0.9554,0.95554,1.13,1.50
2013.04.17 23:39:46.484,0.95533,0.95553,1.50,1.50
2013.04.17 23:39:47.715,0.95533,0.9555,1.50,1.50
2013.04.17 23:39:49.634,0.95533,0.9555,1.50,1.50
2013.04.17 23:39:51.195,0.95533,0.9555,2.25,1.50
2013.04.17 23:39:51.254,0.95533,0.9555,2.25,1.50
2013.04.17 23:39:53.614,0.95533,0.9555,2.25,1.50
2013.04.17 23:39:53.954,0.95533,0.9555,2.25,1.50
2013.04.17 23:40:01.045,0.9553,0.9555,1.50,2.25
2013.04.17 23:40:01.634,0.95532,0.95551,1.50,2.63
2013.04.17 23:40:01.694,0.95532,0.95551,1.50,2.63
2013.04.17 23:40:02.426,0.95528,0.95549,1.50,2.25
2013.04.17 23:40:04.295,0.95528,0.95549,3.00,1.50
2013.04.17 23:40:04.655,0.95531,0.95549,2.25,1.50
2013.04.17 23:40:04.955,0.95528,0.95549,3.00,2.25
2013.04.17 23:40:05.016,0.95528,0.95549,2.25,2.25
2013.04.17 23:40:08.044,0.95528,0.95549,3.00,1.50
2013.04.17 23:40:08.105,0.95529,0.9555,1.50,1.65
2013.04.17 23:40:08.345,0.95531,0.95553,2.25,1.50
2013.04.17 23:40:08.704,0.95536,0.95554,1.50,1.50
2013.04.17 23:40:09.624,0.95534,0.95553,1.50,1.50
2013.04.17 23:40:09.924,0.95534,0.95554,1.50,1.50
2013.04.17 23:40:21.145,0.95536,0.95557,2.78,1.50
2013.04.17 23:40:21.386,0.95539,0.95557,1.50,1.50
2013.04.17 23:40:21.515,0.9554,0.95558,1.50,1.50
2013.04.17 23:40:21.575,0.95542,0.95559,1.50,1.50
2013.04.17 23:40:21.755,0.95547,0.95564,1.50,1.50
2013.04.17 23:40:21.935,0.95548,0.95566,1.50,1.65
2013.04.17 23:40:23.724,0.95548,0.95561,1.50,1.50
2013.04.17 23:40:23.904,0.95545,0.95561,1.65,1.50
2013.04.17 23:40:25.585,0.95544,0.95561,1.50,1.50
2013.04.17 23:40:26.185,0.95545,0.95561,1.50,1.50
2013.04.17 23:40:26.785,0.95545,0.95561,1.50,1.50
2013.04.17 23:40:30.802,0.95545,0.95559,1.50,1.50
2013.04.17 23:40:30.935,0.95544,0.95559,1.50,1.50
2013.04.17 23:40:31.114,0.95544,0.95559,1.50,1.50
2013.04.17 23:40:31.294,0.95542,0.95558,1.13,1.50
2013.04.17 23:40:31.746,0.9554,0.95557,1.65,1.50
2013.04.17 23:40:32.105,0.95542,0.95558,1.50,2.25
2013.04.17 23:40:32.406,0.95545,0.9556,1.50,1.50
2013.04.17 23:40:32.909,0.95545,0.9556,1.50,1.50
2013.04.17 23:40:33.405,0.95546,0.9556,1.50,1.50
2013.04.17 23:40:35.004,0.95546,0.95562,1.50,1.13
2013.04.17 23:40:35.065,0.95546,0.95563,1.50,1.50
2013.04.17 23:40:35.124,0.95546,0.95563,1.50,1.50
2013.04.17 23:40:35.305,0.95546,0.95561,1.50,1.50
2013.04.17 23:40:35.816,0.95546,0.95561,1.50,1.50
2013.04.17 23:40:37.205,0.95546,0.95565,2.63,1.65
2013.04.17 23:40:38.845,0.95551,0.95567,1.50,1.50
2013.04.17 23:40:38.905,0.95551,0.95568,1.50,1.50
2013.04.17 23:40:51.155,0.95547,0.95569,1.50,3.00
2013.04.17 23:40:51.574,0.95547,0.95568,1.13,1.50
2013.04.17 23:40:52.751,0.95547,0.95568,1.13,1.50
2013.04.17 23:40:53.347,0.95547,0.95568,1.13,1.50
2013.04.17 23:40:53.688,0.95547,0.95568,1.13,1.50
2013.04.17 23:40:54.021,0.95547,0.95568,1.13,1.50
2013.04.17 23:40:54.896,0.95546,0.95568,1.50,1.50
2013.04.17 23:40:59.855,0.95546,0.95568,1.88,1.50
2013.04.17 23:41:00.384,0.95546,0.95566,1.88,1.50
2013.04.17 23:41:02.039,0.95546,0.95566,1.13,2.25
2013.04.17 23:41:02.169,0.95544,0.95565,1.50,1.50
2013.04.17 23:41:02.236,0.95544,0.95564,1.13,1.50
2013.04.17 23:41:02.355,0.95541,0.95564,2.40,2.25
2013.04.17 23:41:02.596,0.95541,0.95561,1.65,2.25
2013.04.17 23:41:03.145,0.95542,0.95562,1.50,1.50
2013.04.17 23:41:03.847,0.95544,0.95562,1.50,2.25
2013.04.17 23:41:05.006,0.95544,0.95562,1.50,1.50
2013.04.17 23:41:10.335,0.9554,0.95562,1.65,2.25
2013.04.17 23:41:10.454,0.95539,0.95561,2.25,1.50
2013.04.17 23:41:11.866,0.9554,0.95561,1.65,1.50
2013.04.17 23:41:18.378,0.95538,0.95559,1.28,1.50
2013.04.17 23:41:18.825,0.95539,0.95559,1.13,1.50
2013.04.17 23:41:19.124,0.95539,0.95559,1.13,1.50
2013.04.17 23:41:20.035,0.95538,0.95559,1.28,1.50
2013.04.17 23:41:20.627,0.95538,0.95559,1.28,2.25
2013.04.17 23:41:21.365,0.95538,0.95559,1.28,1.50
2013.04.17 23:41:24.284,0.95537,0.95559,1.88,1.50
2013.04.17 23:41:28.424,0.95537,0.95559,1.88,1.50
2013.04.17 23:41:28.545,0.95541,0.95561,1.50,2.25
2013.04.17 23:41:28.604,0.95541,0.95562,2.25,2.40
2013.04.17 23:41:28.724,0.95541,0.95562,2.25,2.40
2013.04.17 23:41:28.784,0.95544,0.95564,1.50,1.88
2013.04.17 23:41:29.254,0.95546,0.95566,1.50,1.88
2013.04.17 23:41:30.094,0.95547,0.95566,1.50,1.88
2013.04.17 23:41:30.544,0.95547,0.95566,1.88,1.88
2013.04.17 23:41:30.866,0.95547,0.95567,1.88,1.65
2013.04.17 23:41:31.144,0.95547,0.95567,1.50,1.65
2013.04.17 23:41:31.794,0.95547,0.95567,1.65,1.50
2013.04.17 23:41:37.845,0.95548,0.95567,1.13,1.50
2013.04.17 23:41:38.324,0.95547,0.95567,1.65,1.50
2013.04.17 23:41:39.354,0.95551,0.95567,1.50,1.50
2013.04.17 23:41:39.594,0.95551,0.9557,1.50,1.50
2013.04.17 23:41:45.064,0.95552,0.95573,1.65,3.00
2013.04.17 23:41:47.075,0.95555,0.95573,1.50,1.50
2013.04.17 23:41:47.136,0.95556,0.95575,1.13,2.25
2013.04.17 23:41:47.385,0.9556,0.9558,1.50,2.63
2013.04.17 23:41:47.447,0.9556,0.9558,1.50,1.50
2013.04.17 23:41:47.565,0.95562,0.95583,1.13,1.50
2013.04.17 23:41:48.735,0.95563,0.95583,1.13,1.50
2013.04.17 23:41:49.895,0.95562,0.95583,1.88,1.50
2013.04.17 23:41:50.686,0.95563,0.95583,1.13,1.50
2013.04.17 23:41:56.865,0.95563,0.95583,1.13,1.50
2013.04.17 23:42:03.914,0.95561,0.9558,2.25,1.50
2013.04.17 23:42:04.905,0.95561,0.9558,1.88,2.25
2013.04.17 23:42:04.964,0.95561,0.9558,1.88,3.00
2013.04.17 23:42:05.266,0.95561,0.95578,1.13,1.50
2013.04.17 23:42:05.635,0.95555,0.95575,1.50,2.25
2013.04.17 23:42:06.635,0.95556,0.95575,1.50,3.00
2013.04.17 23:42:07.759,0.95556,0.95575,1.50,2.25
2013.04.17 23:42:08.084,0.95559,0.95575,1.13,2.25
2013.04.17 23:42:08.614,0.95556,0.95575,1.88,2.25
2013.04.17 23:42:08.864,0.95556,0.95575,1.88,2.25
2013.04.17 23:42:14.795,0.95556,0.95572,1.50,1.50
2013.04.17 23:42:15.035,0.95553,0.9557,1.13,1.50
2013.04.17 23:42:15.156,0.95551,0.95568,1.13,1.50
2013.04.17 23:42:15.216,0.95549,0.95566,1.28,1.50
2013.04.17 23:42:17.155,0.95549,0.95566,1.65,1.50
2013.04.17 23:42:18.816,0.95551,0.95566,1.50,1.50
2013.04.17 23:42:20.596,0.95551,0.95566,1.50,1.50
2013.04.17 23:42:20.839,0.95551,0.9557,1.50,1.50
2013.04.17 23:42:20.967,0.95554,0.95572,1.50,1.50
2013.04.17 23:42:21.155,0.95556,0.95578,2.25,2.25
2013.04.17 23:42:21.334,0.95558,0.95578,1.13,1.50
2013.04.17 23:42:21.695,0.95558,0.95578,1.88,1.50
2013.04.17 23:42:27.475,0.95562,0.9558,1.50,1.50
2013.04.17 23:42:28.094,0.95562,0.9558,1.50,1.50
2013.04.17 23:42:28.425,0.95561,0.95579,1.50,1.50
2013.04.17 23:42:28.486,0.95561,0.95578,1.50,1.50
2013.04.17 23:42:28.786,0.95558,0.95578,1.13,2.25
2013.04.17 23:42:29.151,0.95558,0.95578,1.13,2.25
2013.04.17 23:42:31.865,0.95558,0.95578,1.13,2.25
2013.04.17 23:42:33.945,0.95557,0.95573,1.50,1.50
2013.04.17 23:42:34.454,0.95556,0.95573,1.50,1.50
2013.04.17 23:42:34.674,0.95556,0.95577,1.50,1.50
2013.04.17 23:42:35.255,0.95557,0.95577,1.50,2.25
2013.04.17 23:42:36.175,0.95552,0.95572,1.88,2.40
2013.04.17 23:42:36.784,0.95549,0.95565,1.88,1.50
2013.04.17 23:42:37.266,0.95549,0.9557,2.63,1.50
2013.04.17 23:42:37.325,0.95549,0.95573,2.63,2.25
2013.04.17 23:42:37.485,0.95549,0.9557,1.13,1.50
2013.04.17 23:42:37.803,0.95549,0.95566,1.13,1.50
2013.04.17 23:42:38.266,0.95549,0.95566,1.88,1.50
2013.04.17 23:42:39.526,0.95552,0.9557,2.25,1.50
2013.04.17 23:42:39.589,0.95552,0.9557,2.25,1.50
2013.04.17 23:42:39.655,0.95552,0.95567,2.25,1.50
2013.04.17 23:42:39.835,0.95552,0.95573,2.25,3.00
2013.04.17 23:42:39.955,0.95555,0.95573,1.50,2.25
2013.04.17 23:42:40.462,0.95557,0.95573,1.50,1.50
2013.04.17 23:42:41.024,0.95558,0.95573,1.50,1.50
2013.04.17 23:42:56.195,0.95558,0.95575,1.50,1.50
2013.04.17 23:42:56.255,0.95558,0.95576,1.50,1.50
2013.04.17 23:42:56.853,0.95558,0.95576,1.50,1.50
2013.04.17 23:42:57.412,0.95558,0.95578,1.50,3.00
2013.04.17 23:43:01.067,0.95556,0.95572,1.50,1.50
2013.04.17 23:43:01.135,0.95553,0.95572,2.40,1.50
2013.04.17 23:43:01.495,0.95553,0.95573,1.13,1.50
2013.04.17 23:43:01.554,0.95553,0.95574,1.13,1.50
2013.04.17 23:43:01.674,0.95553,0.95574,1.13,2.25
2013.04.17 23:43:09.356,0.95553,0.95574,1.13,2.25
2013.04.17 23:43:10.156,0.95552,0.95574,1.50,2.40
2013.04.17 23:43:10.336,0.95552,0.95574,1.50,2.40
2013.04.17 23:43:10.635,0.95554,0.95574,1.13,3.00
2013.04.17 23:43:10.694,0.95554,0.95574,1.13,3.00
2013.04.17 23:43:12.946,0.95554,0.9557,1.13,1.50
2013.04.17 23:43:13.015,0.95552,0.9557,1.50,1.50
2013.04.17 23:43:13.555,0.95552,0.9557,1.50,1.50
2013.04.17 23:43:15.388,0.95549,0.95569,1.65,1.50
2013.04.17 23:43:15.456,0.95548,0.95569,1.13,1.50
2013.04.17 23:43:15.706,0.95547,0.95566,1.88,1.50
2013.04.17 23:43:16.286,0.95548,0.95566,1.13,1.50
2013.04.17 23:43:16.769,0.95548,0.95567,1.50,1.50
2013.04.17 23:43:20.835,0.95552,0.95571,1.50,1.50
2013.04.17 23:43:20.955,0.95553,0.95573,1.13,2.25
2013.04.17 23:43:21.015,0.95554,0.95572,1.65,1.50
2013.04.17 23:43:21.346,0.95554,0.95575,1.65,1.50
2013.04.17 23:43:21.507,0.95555,0.95577,1.50,3.00
2013.04.17 23:43:21.846,0.95557,0.95573,1.50,1.50
2013.04.17 23:43:22.745,0.95557,0.95573,1.50,1.50
2013.04.17 23:43:30.827,0.95558,0.95573,1.50,1.50
2013.04.17 23:43:31.080,0.95562,0.95578,1.13,1.50
2013.04.17 23:43:31.326,0.95564,0.95584,1.13,1.88
2013.04.17 23:43:31.515,0.95562,0.95583,2.44,1.50
2013.04.17 23:43:31.636,0.95562,0.95583,3.19,2.25
2013.04.17 23:43:32.145,0.95563,0.95579,1.50,1.50
2013.04.17 23:43:32.794,0.95564,0.95579,1.50,1.50
2013.04.17 23:43:34.394,0.95564,0.95584,1.69,2.25
2013.04.17 23:43:34.915,0.95566,0.95584,1.13,1.50
2013.04.17 23:43:35.286,0.95568,0.9559,2.07,1.50
2013.04.17 23:43:35.356,0.95571,0.9559,1.50,1.50
2013.04.17 23:43:42.074,0.95576,0.95593,1.13,2.25
2013.04.17 23:43:42.925,0.95576,0.95593,1.13,1.50
2013.04.17 23:43:45.986,0.95574,0.95593,1.13,1.50
2013.04.17 23:43:46.254,0.95574,0.95593,1.13,1.50
2013.04.17 23:43:46.315,0.95573,0.95591,1.50,1.50
2013.04.17 23:43:46.855,0.95571,0.95591,1.50,1.50
2013.04.17 23:43:54.414,0.95568,0.95588,1.50,2.25
2013.04.17 23:43:54.475,0.9557,0.95587,1.50,1.50
2013.04.17 23:43:58.884,0.95574,0.95592,1.50,2.25
2013.04.17 23:43:59.185,0.95579,0.95592,1.13,1.50
2013.04.17 23:43:59.363,0.95579,0.95596,1.13,1.50
2013.04.17 23:44:03.385,0.95579,0.95594,1.13,1.50
2013.04.17 23:44:03.446,0.95577,0.95594,2.44,1.50
2013.04.17 23:44:04.037,0.95575,0.95592,1.28,1.50
2013.04.17 23:44:04.108,0.95572,0.95592,1.50,1.50
2013.04.17 23:44:08.844,0.95573,0.9559,1.13,1.50
2013.04.17 23:44:09.372,0.95575,0.9559,1.65,1.50
2013.04.17 23:44:14.914,0.95574,0.95592,1.13,1.50
2013.04.17 23:44:14.974,0.95572,0.95592,2.07,1.50
2013.04.17 23:44:15.040,0.95572,0.95591,1.32,1.50
2013.04.17 23:44:15.283,0.9557,0.95591,1.50,1.50
2013.04.17 23:44:15.764,0.95572,0.95589,1.50,1.50
2013.04.17 23:44:16.244,0.95576,0.95591,1.50,1.50
2013.04.17 23:44:17.033,0.95573,0.95591,1.13,1.50
2013.04.17 23:44:17.964,0.95573,0.95591,1.13,1.50
2013.04.17 23:44:22.824,0.95576,0.95591,2.25,1.50
2013.04.17 23:44:23.333,0.95576,0.95591,1.50,1.50
2013.04.17 23:44:25.794,0.95576,0.95591,1.50,1.50
2013.04.17 23:44:26.035,0.95576,0.95593,1.69,1.50
2013.04.17 23:44:26.214,0.95577,0.95597,1.69,2.25
2013.04.17 23:44:26.794,0.95575,0.95597,1.84,1.50
2013.04.17 23:44:27.234,0.95576,0.95597,1.69,1.50
2013.04.17 23:44:27.294,0.95579,0.95598,1.50,1.50
2013.04.17 23:44:27.654,0.95581,0.95595,1.50,1.50
2013.04.17 23:44:28.892,0.95581,0.95595,2.25,1.50
2013.04.17 23:44:31.144,0.95581,0.95599,2.63,1.50
2013.04.17 23:44:34.574,0.95581,0.956,2.44,1.50
2013.04.17 23:44:34.635,0.95586,0.956,1.50,1.50
2013.04.17 23:44:35.151,0.95585,0.95602,2.25,1.50
2013.04.17 23:44:35.433,0.95586,0.95602,1.50,1.50
2013.04.17 23:44:39.574,0.95586,0.95604,1.50,1.50
2013.04.17 23:44:42.065,0.95586,0.95605,1.69,1.50
2013.04.17 23:44:42.125,0.95588,0.95607,1.32,2.25
2013.04.17 23:44:42.184,0.95587,0.95607,1.28,1.50
2013.04.17 23:44:42.245,0.95591,0.95607,1.09,1.50
2013.04.17 23:44:42.484,0.95595,0.95615,1.69,2.25
2013.04.17 23:44:42.674,0.95598,0.95617,1.69,1.50
2013.04.17 23:44:42.795,0.95598,0.95617,1.69,1.50
2013.04.17 23:44:42.915,0.95599,0.95617,1.69,1.50
2013.04.17 23:44:43.280,0.95601,0.95617,1.69,1.50
2013.04.17 23:44:43.634,0.95601,0.95617,1.69,1.50
2013.04.17 23:44:44.352,0.95601,0.95617,1.69,1.50
2013.04.17 23:44:44.655,0.95601,0.95617,1.69,1.50
2013.04.17 23:44:44.895,0.95602,0.95618,1.50,1.50
2013.04.17 23:44:45.587,0.95601,0.9562,2.44,1.50
2013.04.17 23:44:48.435,0.95602,0.9562,1.69,1.50
2013.04.17 23:44:48.496,0.95603,0.9562,1.32,1.50
2013.04.17 23:44:48.805,0.95601,0.95616,2.25,1.50
2013.04.17 23:44:52.015,0.95601,0.95617,2.25,1.50
2013.04.17 23:44:52.565,0.95601,0.9562,2.25,1.50
2013.04.17 23:44:55.147,0.95602,0.9562,1.13,1.50
2013.04.17 23:44:55.275,0.95605,0.95621,1.50,1.50
2013.04.17 23:44:55.795,0.95604,0.95623,1.09,1.50
2013.04.17 23:44:56.264,0.95601,0.9562,2.63,1.50
2013.04.17 23:44:57.954,0.95601,0.9562,2.63,1.50
2013.04.17 23:45:00.736,0.95601,0.9562,2.25,1.50
2013.04.17 23:45:01.824,0.95601,0.9562,2.25,1.50
2013.04.17 23:45:01.885,0.95601,0.95613,2.25,1.50
2013.04.17 23:45:02.064,0.95599,0.95613,1.84,1.50
2013.04.17 23:45:02.125,0.95597,0.95613,2.44,1.50
2013.04.17 23:45:02.365,0.95598,0.95612,1.13,1.50
2013.04.17 23:45:02.724,0.95593,0.9561,1.69,1.50
2013.04.17 23:45:02.844,0.95592,0.95607,1.50,1.50
2013.04.17 23:45:03.295,0.95592,0.95605,1.50,1.50
2013.04.17 23:45:03.378,0.95586,0.95603,3.38,1.50
2013.04.17 23:45:05.075,0.95586,0.95608,2.63,1.50
2013.04.17 23:45:05.195,0.95589,0.95605,1.50,1.50
2013.04.17 23:45:05.555,0.95586,0.95601,3.38,1.50
2013.04.17 23:45:05.617,0.95586,0.95601,2.63,1.50
2013.04.17 23:45:06.214,0.95586,0.95606,1.88,1.50
2013.04.17 23:45:06.334,0.95586,0.95606,1.88,1.50
2013.04.17 23:45:06.454,0.95587,0.95608,1.65,2.25
2013.04.17 23:45:06.805,0.95589,0.95608,1.50,2.25
2013.04.17 23:45:07.184,0.95588,0.95607,1.50,1.50
2013.04.17 23:45:08.542,0.95589,0.95608,1.50,2.25
2013.04.17 23:45:08.845,0.95594,0.95608,1.09,1.50
2013.04.17 23:45:09.146,0.95601,0.95615,1.50,1.50
2013.04.17 23:45:09.514,0.95598,0.95609,1.88,1.50
2013.04.17 23:45:10.044,0.95599,0.95612,1.65,1.50
2013.04.17 23:45:10.294,0.95602,0.95614,1.50,1.50
2013.04.17 23:45:10.354,0.95602,0.95617,1.50,1.50
2013.04.17 23:45:12.284,0.95597,0.95614,2.25,1.50
2013.04.17 23:45:12.464,0.95597,0.95609,1.50,1.50
2013.04.17 23:45:12.775,0.95592,0.95607,1.88,1.50
2013.04.17 23:45:12.965,0.95591,0.95607,1.13,1.50
2013.04.17 23:45:13.325,0.95588,0.95601,1.13,1.50
2013.04.17 23:45:13.395,0.95585,0.95601,1.13,1.50
2013.04.17 23:45:13.455,0.95585,0.956,1.13,1.50
2013.04.17 23:45:16.145,0.95582,0.956,1.13,1.50
2013.04.17 23:45:16.936,0.95578,0.95599,2.78,1.50
2013.04.17 23:45:17.305,0.95577,0.95594,1.13,1.50
2013.04.17 23:45:17.730,0.95576,0.95594,1.50,1.50
2013.04.17 23:45:18.524,0.95576,0.95594,2.25,1.50
2013.04.17 23:45:18.947,0.95576,0.95597,2.25,1.88
2013.04.17 23:45:19.074,0.95576,0.95597,2.25,1.13
2013.04.17 23:45:19.134,0.95576,0.95596,2.25,1.65
2013.04.17 23:45:19.254,0.95577,0.95596,3.00,1.65
2013.04.17 23:45:19.887,0.95581,0.95595,1.50,1.50
2013.04.17 23:45:19.962,0.95585,0.95604,1.50,1.65
2013.04.17 23:45:20.025,0.95586,0.95604,2.25,1.50
2013.04.17 23:45:20.334,0.95589,0.95604,1.50,1.50
2013.04.17 23:45:24.594,0.95591,0.95607,1.50,1.50
2013.04.17 23:45:24.894,0.95592,0.95607,2.25,1.50
2013.04.17 23:45:25.476,0.95597,0.95607,1.50,1.50
2013.04.17 23:45:26.523,0.95597,0.95607,1.50,1.50
2013.04.17 23:45:26.824,0.95597,0.95615,1.50,1.50
2013.04.17 23:45:26.886,0.95598,0.95615,1.13,1.50
2013.04.17 23:45:29.228,0.95605,0.95621,1.50,1.50
2013.04.17 23:45:30.444,0.95607,0.95625,1.13,1.50
2013.04.17 23:45:30.565,0.95607,0.95625,1.13,1.50
2013.04.17 23:45:30.624,0.95608,0.95625,1.13,1.50
2013.04.17 23:45:30.745,0.95608,0.95625,1.13,1.50
2013.04.17 23:45:31.225,0.95605,0.95623,2.25,1.50
2013.04.17 23:45:31.534,0.95602,0.95618,1.13,1.50
2013.04.17 23:45:32.084,0.95601,0.95618,1.50,1.50
2013.04.17 23:45:33.974,0.95606,0.95618,1.13,1.50
2013.04.17 23:45:34.095,0.95607,0.95622,1.13,1.50
2013.04.17 23:45:34.165,0.95606,0.95622,1.88,1.50
2013.04.17 23:45:34.224,0.95606,0.95623,1.88,1.50
2013.04.17 23:45:34.284,0.95606,0.95626,1.88,1.50
2013.04.17 23:45:34.344,0.95606,0.95627,1.88,1.50
2013.04.17 23:45:34.872,0.95606,0.95626,2.63,1.50
2013.04.17 23:45:35.341,0.95607,0.95625,1.65,2.25
2013.04.17 23:45:36.725,0.95607,0.95622,1.65,1.50
2013.04.17 23:45:36.904,0.95601,0.95619,4.88,1.50
2013.04.17 23:45:37.955,0.95601,0.95619,1.13,2.25
2013.04.17 23:45:39.684,0.95597,0.95611,1.50,1.50
2013.04.17 23:45:39.864,0.95594,0.95611,1.88,1.50
2013.04.17 23:45:40.044,0.95591,0.95611,1.13,2.25
2013.04.17 23:45:40.404,0.95596,0.95611,1.13,1.50
2013.04.17 23:45:40.940,0.956,0.95614,1.13,1.50
2013.04.17 23:45:41.013,0.95599,0.95619,1.13,1.50
2013.04.17 23:45:41.556,0.95602,0.95622,1.65,1.50
2013.04.17 23:45:45.497,0.95609,0.95622,1.13,2.25
2013.04.17 23:45:45.626,0.95609,0.95625,1.13,2.25
2013.04.17 23:45:45.695,0.95609,0.95627,1.13,2.25
2013.04.17 23:45:47.924,0.95611,0.95629,1.88,1.50
2013.04.17 23:45:47.985,0.95611,0.95632,1.88,1.50
2013.04.17 23:45:48.164,0.95614,0.95633,1.65,1.50
2013.04.17 23:45:48.655,0.95617,0.95636,1.13,1.50
2013.04.17 23:45:48.775,0.95617,0.95636,1.13,1.50
2013.04.17 23:45:48.895,0.95618,0.95636,1.13,1.50
2013.04.17 23:45:50.155,0.95619,0.95636,1.65,1.50
2013.04.17 23:45:53.177,0.95618,0.95636,1.88,2.25
2013.04.17 23:46:00.585,0.95618,0.95636,1.50,2.40
2013.04.17 23:46:00.706,0.95618,0.95632,1.50,1.50
2013.04.17 23:46:01.318,0.95617,0.95632,1.50,1.50
2013.04.17 23:46:01.391,0.95617,0.95634,1.50,1.50
2013.04.17 23:46:01.774,0.95617,0.95634,1.50,1.50
2013.04.17 23:46:04.024,0.95617,0.95635,1.50,2.25
2013.04.17 23:46:08.436,0.95617,0.95635,1.50,1.50
2013.04.17 23:46:08.984,0.9562,0.95639,2.25,2.25
2013.04.17 23:46:09.105,0.95621,0.95639,1.50,1.13
2013.04.17 23:46:09.665,0.95621,0.95639,1.50,1.13
2013.04.17 23:46:11.215,0.95621,0.95639,1.50,1.50
2013.04.17 23:46:11.344,0.95621,0.95638,1.50,1.50
2013.04.17 23:46:11.700,0.95622,0.95641,1.50,1.65
2013.04.17 23:46:14.424,0.95621,0.95641,1.50,1.65
2013.04.17 23:46:15.135,0.95622,0.95641,1.50,1.65
2013.04.17 23:46:20.026,0.95624,0.95642,1.50,1.88
2013.04.17 23:46:21.505,0.95622,0.95642,2.25,1.88
2013.04.17 23:46:23.178,0.95624,0.95641,1.50,1.65
2013.04.17 23:46:23.724,0.95622,0.95639,1.50,1.50
2013.04.17 23:46:23.844,0.95618,0.95639,2.25,1.50
2013.04.17 23:46:24.346,0.9562,0.95639,1.50,2.25
2013.04.17 23:46:25.278,0.95621,0.9564,1.65,2.25
2013.04.17 23:46:25.847,0.95621,0.9564,1.65,2.25
2013.04.17 23:46:25.918,0.95621,0.9564,1.65,2.25
2013.04.17 23:46:26.104,0.95621,0.95641,1.65,1.50
2013.04.17 23:46:26.315,0.9562,0.95639,1.50,1.50
2013.04.17 23:46:26.956,0.9562,0.95639,1.50,1.50
2013.04.17 23:46:31.775,0.9562,0.9564,1.50,3.00
2013.04.17 23:46:32.024,0.95617,0.95637,1.28,1.50
2013.04.17 23:46:33.295,0.95616,0.95633,2.63,1.50
2013.04.17 23:46:33.618,0.95616,0.95629,1.50,1.50
2013.04.17 23:46:36.345,0.95617,0.95636,1.50,1.65
2013.04.17 23:46:37.784,0.95617,0.95638,1.50,2.25
2013.04.17 23:46:38.084,0.95617,0.95638,1.50,2.25
2013.04.17 23:46:40.824,0.95617,0.95638,1.50,2.25
2013.04.17 23:46:41.015,0.95619,0.9564,1.50,1.50
2013.04.17 23:46:41.077,0.95619,0.9564,1.50,1.50
2013.04.17 23:46:49.354,0.95619,0.9564,1.88,2.25
2013.04.17 23:46:55.595,0.95619,0.95637,1.13,1.50
2013.04.17 23:46:55.917,0.95617,0.95637,1.13,2.25
2013.04.17 23:46:56.345,0.95616,0.95634,1.13,1.50
2013.04.17 23:46:56.914,0.95615,0.95628,1.13,1.50
2013.04.17 23:46:56.977,0.95612,0.95628,1.13,1.50
2013.04.17 23:46:58.524,0.95611,0.95628,1.50,1.50
2013.04.17 23:46:59.080,0.95611,0.95624,1.50,1.50
2013.04.17 23:47:01.315,0.95611,0.95625,2.25,1.50
2013.04.17 23:47:01.859,0.95611,0.95627,2.25,1.50
2013.04.17 23:47:04.545,0.95611,0.95627,1.50,1.50
2013.04.17 23:47:06.328,0.95611,0.95624,1.50,1.50
2013.04.17 23:47:07.765,0.95611,0.95629,1.50,2.25
2013.04.17 23:47:08.384,0.95607,0.95628,1.50,1.50
2013.04.17 23:47:08.630,0.95607,0.95628,1.50,1.50
2013.04.17 23:47:08.755,0.95604,0.95625,1.88,2.25
2013.04.17 23:47:08.832,0.95604,0.95624,1.50,1.88
2013.04.17 23:47:09.157,0.95597,0.95612,2.25,1.50
2013.04.17 23:47:09.285,0.95594,0.95612,1.50,1.50
2013.04.17 23:47:09.346,0.95593,0.95609,1.13,1.50
2013.04.17 23:47:09.649,0.9559,0.9561,1.50,2.25
2013.04.17 23:47:09.715,0.9559,0.9561,1.50,1.50
2013.04.17 23:47:09.894,0.95588,0.9561,1.13,2.25
2013.04.17 23:47:09.955,0.95588,0.95609,1.13,1.50
2013.04.17 23:47:10.075,0.95588,0.95609,1.13,1.50
2013.04.17 23:47:10.195,0.95588,0.9561,1.13,2.25
2013.04.17 23:47:12.602,0.9559,0.9561,1.50,2.25
2013.04.17 23:47:13.144,0.95591,0.9561,1.50,1.50
2013.04.17 23:47:15.235,0.95593,0.9561,1.13,1.50
2013.04.17 23:47:15.854,0.95593,0.95613,1.13,1.13
2013.04.17 23:47:16.584,0.95593,0.95613,1.13,1.13
2013.04.17 23:47:16.948,0.95593,0.95613,1.13,1.13
2013.04.17 23:47:17.609,0.95593,0.95612,1.13,1.50
2013.04.17 23:47:19.115,0.95597,0.95613,1.50,1.50
2013.04.17 23:47:19.176,0.95597,0.95617,1.50,1.50
2013.04.17 23:47:19.354,0.95597,0.95617,1.50,1.50
2013.04.17 23:47:19.596,0.95597,0.95617,1.50,1.50
2013.04.17 23:47:19.844,0.95597,0.95617,1.50,2.25
2013.04.17 23:47:20.145,0.95595,0.95613,1.50,1.50
2013.04.17 23:47:20.505,0.95592,0.9561,1.88,1.50
2013.04.17 23:47:20.625,0.95592,0.95611,1.13,2.25
2013.04.17 23:47:22.035,0.95592,0.95611,1.50,2.25
2013.04.17 23:47:24.783,0.95592,0.95608,1.50,1.50
2013.04.17 23:47:25.104,0.95592,0.95608,1.50,1.50
2013.04.17 23:47:28.545,0.95595,0.95608,1.50,1.50
2013.04.17 23:47:28.666,0.95594,0.95615,1.50,1.50
2013.04.17 23:47:37.715,0.956,0.95615,1.50,2.25
2013.04.17 23:47:37.847,0.95596,0.95612,1.13,1.50
2013.04.17 23:47:37.916,0.95594,0.95607,1.50,1.50
2013.04.17 23:47:37.996,0.9559,0.95607,1.50,1.50
2013.04.17 23:47:38.065,0.9559,0.95603,1.50,1.50
2013.04.17 23:47:38.125,0.95589,0.95603,1.28,1.50
2013.04.17 23:47:39.834,0.95589,0.95603,1.28,1.50
2013.04.17 23:47:40.204,0.95589,0.95603,1.28,1.50
2013.04.17 23:47:40.604,0.95589,0.95603,1.28,1.50
2013.04.17 23:47:51.826,0.95588,0.95603,1.13,1.50
2013.04.17 23:47:52.797,0.95588,0.95609,1.13,2.25
2013.04.17 23:47:56.265,0.95591,0.95611,2.25,1.50
2013.04.17 23:48:11.657,0.95591,0.95611,2.25,1.69
2013.04.17 23:48:12.164,0.95591,0.95612,1.50,1.65
2013.04.17 23:48:12.906,0.95591,0.95611,3.00,1.50
2013.04.17 23:48:13.325,0.95591,0.95611,3.00,1.50
2013.04.17 23:48:15.335,0.95591,0.95611,3.00,1.69
2013.04.17 23:48:15.516,0.95591,0.95611,1.50,1.50
2013.04.17 23:48:15.815,0.95591,0.95611,3.00,1.50
2013.04.17 23:48:16.176,0.95595,0.95613,1.50,1.50
2013.04.17 23:48:16.237,0.95595,0.95614,1.50,1.69
2013.04.17 23:48:17.236,0.95597,0.95615,1.50,1.50
2013.04.17 23:48:17.735,0.95597,0.95615,1.50,1.50
2013.04.17 23:48:35.346,0.95597,0.95617,2.25,1.50
2013.04.17 23:48:35.415,0.95597,0.95618,2.25,1.65
2013.04.17 23:48:36.835,0.95597,0.95617,1.88,1.50
2013.04.17 23:48:36.954,0.95597,0.95617,1.88,2.25
2013.04.17 23:48:37.492,0.95598,0.95613,1.13,1.50
2013.04.17 23:48:53.149,0.95595,0.95613,1.13,1.50
2013.04.17 23:48:58.106,0.95595,0.95613,1.13,1.50
2013.04.17 23:48:58.245,0.95592,0.9561,1.50,1.13
2013.04.17 23:49:06.605,0.95592,0.9561,1.50,1.13
2013.04.17 23:49:10.117,0.95592,0.9561,1.50,1.50
2013.04.17 23:49:12.955,0.9559,0.9561,1.50,1.88
2013.04.17 23:49:13.076,0.95587,0.95609,1.65,2.25
2013.04.17 23:49:13.197,0.95586,0.95609,2.63,3.19
2013.04.17 23:49:13.385,0.95583,0.95606,1.50,1.65
2013.04.17 23:49:13.865,0.95581,0.95604,1.88,2.25
2013.04.17 23:49:13.941,0.95581,0.95602,1.50,1.13
2013.04.17 23:49:14.077,0.95577,0.95598,1.50,1.50
2013.04.17 23:49:17.305,0.95577,0.95598,1.50,2.25
2013.04.17 23:49:21.485,0.95578,0.95597,1.50,1.13
2013.04.17 23:49:21.848,0.95579,0.956,1.50,1.50
2013.04.17 23:49:22.275,0.95581,0.95604,1.50,1.65
2013.04.17 23:49:24.078,0.95581,0.95604,2.25,1.65
2013.04.17 23:49:24.918,0.95582,0.95605,1.50,2.25
2013.04.17 23:49:26.216,0.95586,0.95608,1.50,1.09
2013.04.17 23:49:27.852,0.95586,0.95609,1.50,3.38
2013.04.17 23:49:28.552,0.95586,0.95608,1.50,1.65
2013.04.17 23:49:28.995,0.95583,0.95606,3.00,1.50
2013.04.17 23:49:29.234,0.95582,0.95603,1.50,2.63
2013.04.17 23:49:29.295,0.95577,0.95601,2.63,1.50
2013.04.17 23:49:29.355,0.95577,0.95599,1.13,1.50
2013.04.17 23:49:29.770,0.95577,0.95598,1.13,1.50
2013.04.17 23:49:30.324,0.95577,0.95596,1.13,1.50
2013.04.17 23:49:33.085,0.95578,0.95598,1.88,1.50
2013.04.17 23:49:33.147,0.95579,0.95598,1.65,1.50
2013.04.17 23:49:33.708,0.95579,0.95598,1.65,1.50
2013.04.17 23:49:34.244,0.95578,0.956,2.63,1.50
2013.04.17 23:49:35.375,0.95578,0.95601,2.63,1.50
2013.04.17 23:49:35.825,0.95578,0.95601,2.63,1.50
2013.04.17 23:49:39.595,0.95581,0.95601,1.50,1.50
2013.04.17 23:49:42.656,0.95586,0.95605,1.50,1.88
2013.04.17 23:49:44.146,0.95586,0.95604,1.13,1.50
2013.04.17 23:49:44.855,0.95587,0.95608,1.88,1.50
2013.04.17 23:49:45.214,0.95591,0.95612,2.63,1.13
2013.04.17 23:49:46.387,0.95593,0.95613,1.13,1.13
2013.04.17 23:49:46.456,0.95591,0.95612,1.50,2.44
2013.04.17 23:49:46.704,0.95591,0.95613,2.25,1.88
2013.04.17 23:49:47.246,0.95595,0.95613,1.50,1.50
2013.04.17 23:49:47.807,0.95593,0.95614,1.50,1.65
2013.04.17 23:49:48.635,0.95594,0.95613,1.13,1.50
2013.04.17 23:49:55.555,0.95597,0.95617,1.50,1.88
2013.04.17 23:49:55.856,0.95598,0.95617,2.25,1.13
2013.04.17 23:49:56.181,0.95603,0.95623,1.13,1.13
2013.04.17 23:49:56.307,0.95604,0.95624,1.50,1.13
2013.04.17 23:49:57.155,0.95604,0.95626,1.50,1.88
2013.04.17 23:49:58.944,0.95607,0.95626,1.50,1.50
2013.04.17 23:50:00.575,0.95607,0.95624,1.50,1.13
2013.04.17 23:50:00.755,0.95602,0.95623,3.00,1.69
2013.04.17 23:50:00.875,0.95599,0.95621,1.50,1.13
2013.04.17 23:50:01.236,0.95598,0.95621,1.88,1.88
2013.04.17 23:50:02.356,0.95599,0.95621,1.50,1.88
2013.04.17 23:50:03.694,0.95598,0.95621,1.50,1.88
2013.04.17 23:50:03.825,0.95599,0.95621,1.50,1.13
2013.04.17 23:50:04.450,0.95601,0.95621,1.50,1.88
2013.04.17 23:50:05.445,0.95602,0.95621,1.50,1.13
2013.04.17 23:50:10.245,0.95601,0.95621,1.50,1.13
2013.04.17 23:50:12.126,0.95601,0.95621,1.50,1.13
2013.04.17 23:50:12.305,0.95601,0.95621,1.50,1.13
2013.04.17 23:50:12.905,0.95598,0.9562,2.25,2.40
2013.04.17 23:50:12.965,0.95596,0.95619,2.40,2.25
2013.04.17 23:50:13.347,0.95596,0.95617,1.28,1.50
2013.04.17 23:50:13.627,0.95584,0.95604,1.50,1.13
2013.04.17 23:50:13.755,0.95581,0.956,1.13,1.13
2013.04.17 23:50:14.005,0.95572,0.95593,1.88,1.50
2013.04.17 23:50:14.065,0.9557,0.95593,1.88,1.65
2013.04.17 23:50:14.425,0.95565,0.95584,1.50,1.13
2013.04.17 23:50:14.630,0.95556,0.95578,2.78,1.50
2013.04.17 23:50:14.766,0.95554,0.95576,1.50,1.50
2013.04.17 23:50:14.947,0.9555,0.95574,1.50,1.50
2013.04.17 23:50:15.196,0.9555,0.95573,2.25,1.13
2013.04.17 23:50:15.445,0.95548,0.95573,2.25,1.13
2013.04.17 23:50:15.626,0.95547,0.95567,1.50,1.50
2013.04.17 23:50:15.984,0.95542,0.95558,1.50,1.50
2013.04.17 23:50:16.105,0.95542,0.9556,1.50,1.50
2013.04.17 23:50:16.174,0.95538,0.9556,1.50,1.50
2013.04.17 23:50:16.235,0.95537,0.95559,1.65,1.50
2013.04.17 23:50:16.297,0.95536,0.95556,1.13,1.50
2013.04.17 23:50:16.605,0.95536,0.95556,1.13,1.50
2013.04.17 23:50:17.075,0.95525,0.95544,1.13,1.50
2013.04.17 23:50:17.616,0.95523,0.95546,1.50,1.50
2013.04.17 23:50:17.735,0.95523,0.95547,1.50,1.50
2013.04.17 23:50:18.060,0.95523,0.95543,1.50,1.50
2013.04.17 23:50:18.128,0.95523,0.95547,1.50,1.50
2013.04.17 23:50:18.375,0.95523,0.95543,2.82,1.50
2013.04.17 23:50:18.645,0.95526,0.95545,1.50,1.50
2013.04.17 23:50:19.357,0.95527,0.95548,1.50,1.50
2013.04.17 23:50:19.485,0.95527,0.95549,1.50,1.88
2013.04.17 23:50:19.964,0.95531,0.95553,1.50,1.88
2013.04.17 23:50:20.034,0.95532,0.95553,2.25,1.88
2013.04.17 23:50:20.369,0.95534,0.95553,1.50,1.88
2013.04.17 23:50:21.717,0.95536,0.95553,1.13,1.50
2013.04.17 23:50:21.908,0.9554,0.9556,1.50,2.25
2013.04.17 23:50:21.978,0.9554,0.95563,1.69,1.65
2013.04.17 23:50:22.285,0.95546,0.9557,1.69,1.50
2013.04.17 23:50:22.525,0.95551,0.9557,1.09,1.50
2013.04.17 23:50:23.075,0.9555,0.9557,2.03,1.50
2013.04.17 23:50:23.357,0.9555,0.9557,2.78,1.50
2013.04.17 23:50:23.706,0.95553,0.95575,1.69,1.88
2013.04.17 23:50:23.765,0.95555,0.95576,2.07,1.50
2013.04.17 23:50:24.068,0.95556,0.95574,1.84,1.50
2013.04.17 23:50:24.135,0.95556,0.95577,2.59,1.50
2013.04.17 23:50:24.546,0.95556,0.95577,1.84,1.50
2013.04.17 23:50:24.738,0.95557,0.9558,1.50,1.65
2013.04.17 23:50:24.805,0.95558,0.95581,1.32,1.88
2013.04.17 23:50:25.165,0.95565,0.95585,1.69,1.50
2013.04.17 23:50:25.225,0.95567,0.95587,1.32,1.50
2013.04.17 23:50:25.345,0.95568,0.95592,1.09,1.13
2013.04.17 23:50:25.885,0.95569,0.95592,1.09,1.13
2013.04.17 23:50:25.945,0.95569,0.9559,1.09,1.50
2013.04.17 23:50:26.004,0.95569,0.95591,1.09,1.50
2013.04.17 23:50:26.544,0.95571,0.95593,1.69,1.88
2013.04.17 23:50:26.996,0.95571,0.95591,1.69,3.68
2013.04.17 23:50:27.067,0.9557,0.95581,1.50,1.50
2013.04.17 23:50:27.136,0.95568,0.95577,1.13,1.50
2013.04.17 23:50:27.494,0.95558,0.9557,2.33,1.50
2013.04.17 23:50:27.615,0.95554,0.95563,1.50,1.50
2013.04.17 23:50:27.675,0.95558,0.95563,1.58,1.50
2013.04.17 23:50:27.737,0.95554,0.95566,1.50,1.50
2013.04.17 23:50:28.045,0.95542,0.95556,1.50,1.50
2013.04.17 23:50:28.225,0.95536,0.95556,2.07,1.50
2013.04.17 23:50:28.916,0.95536,0.95556,1.88,1.50
2013.04.17 23:50:29.046,0.95541,0.95562,1.50,1.13
2013.04.17 23:50:29.107,0.95542,0.95563,1.50,1.50
2013.04.17 23:50:29.415,0.95544,0.95565,1.50,1.50
2013.04.17 23:50:29.476,0.95544,0.95566,1.50,1.50
2013.04.17 23:50:30.013,0.95552,0.95569,1.50,1.50
2013.04.17 23:50:30.316,0.95554,0.95576,2.25,2.25
2013.04.17 23:50:30.445,0.95554,0.95576,2.25,2.25
2013.04.17 23:50:31.347,0.95554,0.95574,2.25,1.50
2013.04.17 23:50:31.835,0.95554,0.95576,1.69,1.50
2013.04.17 23:50:31.895,0.9556,0.95578,1.50,1.50
2013.04.17 23:50:31.956,0.9556,0.95581,2.25,1.88
2013.04.17 23:50:32.027,0.95561,0.95582,1.50,1.13
2013.04.17 23:50:32.096,0.95564,0.95584,1.50,1.50
2013.04.17 23:50:32.155,0.95565,0.95586,1.50,1.50
2013.04.17 23:50:32.216,0.95565,0.95586,1.88,1.50
2013.04.17 23:50:32.576,0.95567,0.95587,1.50,1.50
2013.04.17 23:50:33.055,0.95568,0.95584,1.50,1.50
2013.04.17 23:50:33.116,0.95567,0.95584,1.50,1.50
2013.04.17 23:50:33.618,0.95566,0.95585,1.50,1.50
2013.04.17 23:50:33.688,0.95566,0.95587,1.50,1.50
2013.04.17 23:50:34.055,0.95567,0.95587,1.50,1.50
2013.04.17 23:50:34.235,0.95567,0.95587,1.50,1.50
2013.04.17 23:50:34.776,0.95567,0.95588,1.50,1.50
2013.04.17 23:50:34.895,0.95565,0.95584,1.65,2.25
2013.04.17 23:50:35.196,0.95563,0.95579,1.50,1.50
2013.04.17 23:50:35.319,0.95559,0.95579,1.50,1.50
2013.04.17 23:50:35.625,0.95559,0.95579,2.25,1.50
2013.04.17 23:50:36.316,0.95559,0.95579,1.50,2.25
2013.04.17 23:50:36.375,0.95557,0.95576,2.63,1.50
2013.04.17 23:50:36.925,0.95559,0.95575,2.25,1.50
2013.04.17 23:50:37.265,0.95562,0.95575,1.50,1.50
2013.04.17 23:50:37.565,0.95562,0.95578,1.50,1.50
2013.04.17 23:50:37.814,0.95562,0.95579,1.50,1.50
2013.04.17 23:50:37.935,0.95565,0.95581,1.50,1.50
2013.04.17 23:50:38.471,0.95565,0.95581,1.50,2.25
2013.04.17 23:50:38.542,0.95565,0.95581,1.50,1.50
2013.04.17 23:50:39.045,0.95565,0.95583,1.50,1.50
2013.04.17 23:50:39.165,0.95568,0.95583,1.50,1.50
2013.04.17 23:50:39.285,0.95571,0.95585,1.50,1.50
2013.04.17 23:50:39.344,0.95571,0.95587,1.50,1.50
2013.04.17 23:50:39.405,0.95571,0.95589,1.50,1.50
2013.04.17 23:50:39.470,0.95573,0.95589,1.50,1.50
2013.04.17 23:50:39.715,0.95573,0.95593,1.65,1.50
2013.04.17 23:50:39.777,0.95573,0.95593,2.40,1.50
2013.04.17 23:50:41.075,0.95576,0.95593,1.50,1.50
2013.04.17 23:50:41.436,0.95576,0.95596,1.50,1.50
2013.04.17 23:50:42.125,0.95576,0.95596,1.50,1.50
2013.04.17 23:50:42.544,0.95577,0.95596,1.50,1.50
2013.04.17 23:50:43.515,0.95576,0.95595,2.25,1.50
2013.04.17 23:50:43.635,0.95576,0.95596,2.25,2.25
2013.04.17 23:50:44.154,0.95581,0.95598,1.50,2.25
2013.04.17 23:50:46.477,0.9558,0.95598,1.50,1.50
2013.04.17 23:50:46.786,0.95577,0.95594,1.50,1.50
2013.04.17 23:50:48.584,0.95574,0.95593,3.00,1.50
2013.04.17 23:50:48.651,0.95574,0.95593,3.00,1.50
2013.04.17 23:50:48.954,0.95573,0.95589,1.50,1.50
2013.04.17 23:50:49.015,0.95572,0.95589,3.00,1.50
2013.04.17 23:50:49.075,0.95572,0.95589,2.25,2.25
2013.04.17 23:50:49.376,0.95568,0.95581,1.13,1.50
2013.04.17 23:50:49.497,0.95565,0.95581,1.50,1.50
2013.04.17 23:50:49.745,0.95559,0.95581,2.25,1.50
2013.04.17 23:50:51.144,0.95559,0.95581,1.50,2.25
2013.04.17 23:50:51.265,0.95559,0.95579,1.50,1.50
2013.04.17 23:50:51.624,0.95557,0.95575,1.13,1.50
2013.04.17 23:50:52.515,0.95555,0.95575,1.13,1.50
2013.04.17 23:50:53.038,0.95556,0.95575,1.50,1.50
2013.04.17 23:50:54.985,0.95554,0.95564,1.13,1.50
2013.04.17 23:50:55.045,0.95552,0.95564,1.13,1.50
2013.04.17 23:50:55.165,0.95546,0.95564,1.28,2.25
2013.04.17 23:50:55.226,0.95544,0.95562,1.50,1.65
2013.04.17 23:50:55.285,0.95542,0.95559,1.13,1.50
2013.04.17 23:50:55.404,0.95537,0.95558,1.50,1.50
2013.04.17 23:50:55.465,0.95535,0.95558,1.88,1.50
2013.04.17 23:50:55.766,0.95535,0.95553,1.88,1.50
2013.04.17 23:50:56.067,0.95533,0.9555,1.50,1.50
2013.04.17 23:50:56.585,0.95532,0.9555,2.63,1.50
2013.04.17 23:50:56.914,0.95533,0.95553,1.50,2.25
2013.04.17 23:50:56.975,0.95534,0.95552,1.50,1.50
2013.04.17 23:50:57.094,0.95533,0.95546,1.50,1.50
2013.04.17 23:50:57.157,0.95529,0.95546,1.50,1.50
2013.04.17 23:50:57.346,0.95532,0.95546,1.13,1.50
2013.04.17 23:50:57.536,0.95537,0.95558,1.50,2.25
2013.04.17 23:50:57.606,0.95538,0.95558,1.13,1.50
2013.04.17 23:50:57.965,0.95538,0.95562,1.13,1.50
2013.04.17 23:50:58.146,0.9554,0.9556,1.50,2.25
2013.04.17 23:50:58.512,0.95542,0.95562,1.50,1.50
2013.04.17 23:50:59.105,0.95542,0.95563,2.25,1.50
2013.04.17 23:50:59.889,0.95549,0.95568,1.50,1.50
2013.04.17 23:51:00.074,0.95551,0.9557,1.50,1.50
2013.04.17 23:51:00.375,0.95554,0.9557,1.50,1.50
2013.04.17 23:51:00.875,0.95554,0.95573,1.50,1.50
2013.04.17 23:51:01.415,0.95558,0.95573,1.50,1.50
2013.04.17 23:51:03.675,0.95561,0.95579,1.13,1.50
2013.04.17 23:51:03.746,0.95562,0.95581,1.09,1.50
2013.04.17 23:51:03.868,0.95562,0.95583,1.84,1.13
2013.04.17 23:51:03.935,0.95562,0.95583,2.40,1.50
2013.04.17 23:51:04.236,0.95563,0.95582,1.50,1.50
2013.04.17 23:51:04.416,0.95563,0.95582,1.50,1.50
2013.04.17 23:51:04.714,0.95563,0.95585,1.88,1.65
2013.04.17 23:51:04.775,0.95564,0.95586,2.25,1.32
2013.04.17 23:51:04.954,0.95567,0.95589,2.40,2.25
2013.04.17 23:51:05.076,0.95568,0.9559,3.15,1.50
2013.04.17 23:51:05.375,0.95572,0.95593,1.50,2.03
2013.04.17 23:51:06.785,0.95572,0.95592,2.25,1.50
2013.04.17 23:51:07.226,0.95572,0.95592,1.50,1.50
2013.04.17 23:51:07.784,0.95572,0.95593,2.25,2.40
2013.04.17 23:51:08.334,0.95572,0.95592,2.25,1.50
2013.04.17 23:51:08.987,0.95572,0.95591,1.50,1.50
2013.04.17 23:51:09.156,0.9557,0.95592,1.50,2.25
2013.04.17 23:51:13.114,0.95571,0.95592,1.50,1.50
2013.04.17 23:51:13.235,0.95571,0.95592,1.50,1.50
2013.04.17 23:51:13.295,0.9557,0.95591,1.50,3.00
2013.04.17 23:51:14.085,0.95568,0.95589,2.40,2.25
2013.04.17 23:51:15.567,0.95568,0.95588,2.25,1.69
2013.04.17 23:51:16.132,0.95568,0.95588,1.50,1.69
2013.04.17 23:51:17.025,0.95568,0.95589,1.50,1.50
2013.04.17 23:51:18.306,0.95568,0.95588,1.65,1.50
2013.04.17 23:51:18.819,0.95565,0.95585,1.28,1.50
2013.04.17 23:51:19.304,0.95562,0.95582,1.13,1.50
2013.04.17 23:51:24.735,0.95564,0.95583,1.65,1.50
2013.04.17 23:51:25.275,0.95564,0.95583,1.50,1.88
2013.04.17 23:51:25.838,0.95562,0.95581,1.50,1.50
2013.04.17 23:51:28.374,0.9556,0.95579,1.50,2.25
2013.04.17 23:51:30.535,0.95557,0.95578,1.88,1.50
2013.04.17 23:51:30.594,0.95557,0.95578,1.88,1.50
2013.04.17 23:51:31.015,0.95552,0.95572,1.88,1.50
2013.04.17 23:51:31.145,0.95551,0.95572,1.50,1.50
2013.04.17 23:51:31.445,0.95549,0.95569,1.13,1.50
2013.04.17 23:51:31.624,0.95547,0.95569,2.25,1.50
2013.04.17 23:51:33.494,0.95548,0.95569,1.50,2.25
2013.04.17 23:51:36.816,0.95549,0.95569,1.13,1.13
2013.04.17 23:51:37.357,0.95549,0.95568,1.13,1.50
2013.04.17 23:51:40.116,0.95549,0.95568,1.13,2.25
2013.04.17 23:51:40.426,0.95543,0.95564,1.50,2.25
2013.04.17 23:51:40.488,0.95542,0.95561,2.25,1.50
2013.04.17 23:51:40.615,0.95539,0.95561,1.65,1.50
2013.04.17 23:51:41.035,0.95538,0.95561,1.65,1.50
2013.04.17 23:51:41.574,0.95538,0.95561,1.65,1.50
2013.04.17 23:51:42.567,0.95538,0.95561,1.65,1.50
2013.04.17 23:51:42.825,0.95539,0.95561,1.50,1.88
2013.04.17 23:51:42.885,0.9554,0.95561,1.50,1.88
2013.04.17 23:51:46.097,0.95546,0.95561,1.13,1.50
2013.04.17 23:51:46.166,0.95542,0.95561,2.63,1.50
2013.04.17 23:51:46.775,0.95546,0.95563,1.50,1.50
2013.04.17 23:51:49.054,0.95546,0.95563,1.88,1.50
2013.04.17 23:51:49.595,0.95547,0.95566,1.13,1.88
2013.04.17 23:51:50.195,0.95547,0.95566,1.50,2.25
2013.04.17 23:51:50.725,0.95546,0.95566,2.25,1.50
2013.04.17 23:51:51.412,0.95546,0.95568,2.25,1.88
2013.04.17 23:51:51.485,0.95547,0.95568,1.50,1.88
2013.04.17 23:51:51.958,0.95547,0.95568,1.50,1.88
2013.04.17 23:51:52.504,0.95547,0.95568,1.65,1.88
2013.04.17 23:51:53.136,0.95547,0.95568,2.40,1.88
2013.04.17 23:51:56.887,0.95548,0.95568,1.28,1.50
2013.04.17 23:51:57.078,0.9555,0.9557,1.50,1.88
2013.04.17 23:51:58.234,0.9555,0.9557,2.25,1.50
2013.04.17 23:51:59.058,0.9555,0.9557,2.25,1.50
2013.04.17 23:52:03.793,0.9555,0.9557,1.50,1.50
2013.04.17 23:52:04.335,0.9555,0.9557,1.50,1.50
2013.04.17 23:52:06.645,0.9555,0.9557,1.50,1.50
2013.04.17 23:52:17.985,0.95552,0.95572,1.50,1.50
2013.04.17 23:52:21.075,0.9555,0.95571,1.50,1.13
2013.04.17 23:52:21.455,0.95549,0.95569,1.13,1.50
2013.04.17 23:52:22.158,0.95549,0.95569,1.13,1.50
2013.04.17 23:52:25.546,0.95551,0.95573,2.25,1.88
2013.04.17 23:52:25.604,0.95551,0.95573,2.44,1.13
2013.04.17 23:52:25.965,0.95555,0.95573,1.13,1.13
2013.04.17 23:52:26.280,0.95557,0.95579,1.69,1.50
2013.04.17 23:52:26.726,0.95557,0.95579,2.25,1.50
2013.04.17 23:52:26.845,0.95555,0.95575,1.50,1.50
2013.04.17 23:52:27.035,0.95555,0.95575,1.88,1.50
2013.04.17 23:52:27.274,0.95557,0.95578,1.50,2.25
2013.04.17 23:52:27.394,0.95558,0.95578,1.50,1.50
2013.04.17 23:52:27.857,0.95559,0.95578,1.50,1.50
2013.04.17 23:52:28.265,0.95558,0.95579,1.50,1.50
2013.04.17 23:52:28.446,0.95558,0.95579,1.50,1.50
2013.04.17 23:52:28.805,0.95555,0.95575,1.13,1.50
2013.04.17 23:52:28.865,0.95553,0.95575,2.25,1.50
2013.04.17 23:52:29.385,0.95553,0.95575,1.50,1.50
2013.04.17 23:52:29.444,0.95552,0.95575,1.88,1.50
2013.04.17 23:52:29.565,0.95553,0.95575,1.50,1.50
2013.04.17 23:52:30.207,0.95556,0.95576,1.50,1.50
2013.04.17 23:52:32.586,0.95556,0.95577,1.50,1.50
2013.04.17 23:52:35.015,0.95558,0.95578,1.50,1.50
2013.04.17 23:52:36.357,0.95558,0.95578,1.50,2.44
2013.04.17 23:52:38.227,0.95558,0.95578,1.50,2.82
2013.04.17 23:52:38.535,0.95558,0.95578,1.50,1.50
2013.04.17 23:52:41.837,0.95558,0.95578,1.50,2.25
2013.04.17 23:52:43.797,0.95558,0.95577,1.50,1.13
2013.04.17 23:52:43.866,0.95557,0.95578,1.50,2.07
2013.04.17 23:52:43.995,0.95555,0.95574,1.50,1.65
2013.04.17 23:52:44.296,0.95551,0.95574,2.25,1.65
2013.04.17 23:52:44.964,0.95551,0.95573,1.50,1.69
2013.04.17 23:52:47.417,0.95548,0.9557,1.50,1.84
2013.04.17 23:52:47.686,0.95548,0.9557,1.50,2.59
2013.04.17 23:52:50.117,0.95548,0.95569,1.50,1.13
2013.04.17 23:52:50.245,0.95546,0.95569,2.25,2.97
2013.04.17 23:52:50.305,0.95545,0.95565,1.50,1.50
2013.04.17 23:52:50.846,0.95544,0.95565,1.50,1.50
2013.04.17 23:52:51.707,0.95545,0.95565,1.50,2.44
2013.04.17 23:52:52.785,0.95545,0.95562,1.50,1.13
2013.04.17 23:52:56.266,0.95545,0.95564,1.50,1.88
2013.04.17 23:52:59.925,0.95541,0.95563,2.25,1.88
2013.04.17 23:53:07.269,0.95541,0.95562,1.13,1.84
2013.04.17 23:53:07.340,0.95541,0.95562,1.13,2.59
2013.04.17 23:53:07.766,0.95536,0.95559,1.65,1.50
2013.04.17 23:53:07.835,0.95537,0.95559,1.50,1.50
2013.04.17 23:53:08.196,0.95536,0.95559,2.03,1.50
2013.04.17 23:53:08.435,0.95536,0.95559,1.65,1.50
2013.04.17 23:53:08.735,0.95532,0.95555,2.25,1.50
2013.04.17 23:53:10.286,0.95532,0.95553,1.50,1.50
2013.04.17 23:53:10.765,0.95532,0.95552,1.50,1.50
2013.04.17 23:53:12.826,0.95532,0.95552,1.50,1.88
2013.04.17 23:53:14.937,0.95537,0.95552,1.50,1.50
2013.04.17 23:53:24.284,0.95534,0.95555,1.13,1.50
2013.04.17 23:53:28.215,0.95538,0.95557,1.50,1.13
2013.04.17 23:53:32.744,0.95538,0.95558,1.50,1.13
2013.04.17 23:53:35.827,0.95538,0.95558,1.50,1.88
2013.04.17 23:53:44.572,0.95538,0.95557,1.50,2.25
2013.04.17 23:53:53.486,0.95538,0.95558,1.50,1.50
2013.04.17 23:53:59.585,0.95538,0.95557,1.50,1.88
2013.04.17 23:54:00.676,0.95538,0.95555,1.50,1.13
2013.04.17 23:54:00.856,0.95534,0.95554,1.50,1.13
2013.04.17 23:54:00.976,0.95536,0.95554,1.50,1.13
2013.04.17 23:54:01.234,0.95534,0.95554,1.50,1.13
2013.04.17 23:54:01.844,0.95535,0.95554,1.50,1.88
2013.04.17 23:54:02.365,0.95536,0.95554,1.50,1.13
2013.04.17 23:54:03.135,0.95532,0.95552,2.03,1.13
2013.04.17 23:54:03.196,0.95531,0.95551,1.88,1.50
2013.04.17 23:54:03.555,0.95527,0.95549,3.75,1.50
2013.04.17 23:54:03.677,0.95526,0.95547,3.00,1.13
2013.04.17 23:54:03.995,0.95523,0.95544,1.13,1.50
2013.04.17 23:54:04.235,0.95522,0.95543,2.25,1.50
2013.04.17 23:54:05.525,0.95522,0.9554,1.50,1.50
2013.04.17 23:54:06.655,0.95522,0.9554,2.63,1.50
2013.04.17 23:54:06.775,0.95523,0.9554,1.50,1.50
2013.04.17 23:54:06.958,0.95524,0.95543,1.65,1.50
2013.04.17 23:54:07.026,0.95523,0.95543,3.00,1.50
2013.04.17 23:54:07.536,0.95525,0.95543,1.50,1.50
2013.04.17 23:54:07.595,0.95525,0.95545,1.50,2.63
2013.04.17 23:54:08.755,0.95525,0.95544,1.50,1.50
2013.04.17 23:54:09.015,0.95524,0.95543,1.65,1.88
2013.04.17 23:54:09.516,0.95523,0.95542,1.13,1.50
2013.04.17 23:54:09.934,0.9552,0.95542,2.25,1.50
2013.04.17 23:54:10.377,0.95516,0.95539,1.50,2.25
2013.04.17 23:54:11.045,0.95517,0.95537,1.50,1.88
2013.04.17 23:54:11.104,0.95517,0.95537,1.50,1.88
2013.04.17 23:54:11.355,0.95516,0.95537,2.25,1.88
2013.04.17 23:54:11.785,0.95517,0.95537,1.50,1.88
2013.04.17 23:54:14.036,0.95516,0.95537,2.25,1.88
2013.04.17 23:54:14.215,0.95516,0.95536,1.50,1.13
2013.04.17 23:54:14.395,0.95512,0.95533,1.88,1.50
2013.04.17 23:54:16.466,0.95512,0.95533,2.25,1.50
2013.04.17 23:54:17.278,0.95512,0.95533,1.50,2.25
2013.04.17 23:54:17.625,0.95509,0.95529,2.63,1.50
2013.04.17 23:54:17.987,0.95508,0.95528,1.50,1.50
2013.04.17 23:54:18.535,0.95506,0.95528,1.13,2.63
2013.04.17 23:54:18.656,0.95503,0.95524,1.50,1.69
2013.04.17 23:54:18.715,0.95502,0.95524,2.25,1.69
2013.04.17 23:54:18.776,0.955,0.9552,1.88,2.25
2013.04.17 23:54:19.334,0.955,0.9552,1.50,1.88
2013.04.17 23:54:19.575,0.955,0.9552,1.50,1.88
2013.04.17 23:54:19.936,0.95504,0.9552,1.50,1.13
2013.04.17 23:54:21.626,0.95504,0.9552,1.50,1.50
2013.04.17 23:54:21.866,0.95502,0.9552,1.50,1.50
2013.04.17 23:54:22.505,0.95502,0.95523,1.50,1.50
2013.04.17 23:54:22.747,0.95504,0.95523,1.50,2.25
2013.04.17 23:54:23.107,0.95504,0.9552,1.50,1.50
2013.04.17 23:54:24.583,0.95504,0.95521,1.50,1.13
2013.04.17 23:54:25.555,0.95504,0.9552,1.50,1.50
2013.04.17 23:54:25.915,0.95504,0.95523,1.50,1.88
2013.04.17 23:54:27.855,0.95503,0.95522,1.50,1.50
2013.04.17 23:54:28.846,0.95503,0.95523,1.50,1.88
2013.04.17 23:54:29.333,0.95502,0.95523,1.88,1.88
2013.04.17 23:54:29.725,0.95502,0.95523,2.25,2.07
2013.04.17 23:54:30.264,0.955,0.9552,1.88,1.50
2013.04.17 23:54:32.875,0.955,0.9552,1.50,3.00
2013.04.17 23:54:33.115,0.95498,0.95519,2.25,1.32
2013.04.17 23:54:33.175,0.95498,0.95518,2.25,1.32
2013.04.17 23:54:33.357,0.95497,0.95514,1.50,1.32
2013.04.17 23:54:33.476,0.95495,0.95514,1.35,2.07
2013.04.17 23:54:33.906,0.95493,0.95512,1.50,1.13
2013.04.17 23:54:34.160,0.95493,0.95513,1.50,1.13
2013.04.17 23:54:35.785,0.95495,0.9551,1.50,1.50
2013.04.17 23:54:36.385,0.9549,0.9551,1.88,1.50
2013.04.17 23:54:36.505,0.9549,0.9551,1.50,1.50
2013.04.17 23:54:36.805,0.95489,0.95508,2.25,1.50
2013.04.17 23:54:37.105,0.95489,0.95508,2.25,1.50
2013.04.17 23:54:40.505,0.95493,0.95508,1.50,1.50
2013.04.17 23:54:40.925,0.9549,0.9551,1.50,2.25
2013.04.17 23:54:41.054,0.95488,0.9551,4.13,1.69
2013.04.17 23:54:41.509,0.95488,0.95508,1.88,1.50
2013.04.17 23:54:42.376,0.95488,0.95508,1.88,1.50
2013.04.17 23:54:42.935,0.95488,0.95508,2.25,1.50
2013.04.17 23:54:44.875,0.95488,0.95508,2.63,1.50
2013.04.17 23:54:44.994,0.95488,0.95508,2.63,1.50
2013.04.17 23:54:49.467,0.9549,0.95512,1.50,1.50
2013.04.17 23:54:49.774,0.95488,0.95508,2.63,1.50
2013.04.17 23:54:51.887,0.95488,0.95508,2.25,1.50
2013.04.17 23:54:52.455,0.95488,0.95508,2.25,1.50
2013.04.17 23:54:53.419,0.95488,0.95508,2.25,1.50
2013.04.17 23:54:55.145,0.95492,0.95512,1.50,2.25
2013.04.17 23:54:55.565,0.95492,0.95513,1.50,3.00
2013.04.17 23:54:59.921,0.95494,0.95513,1.50,2.25
2013.04.17 23:55:00.165,0.95494,0.95514,1.50,1.50
2013.04.17 23:55:00.698,0.95494,0.95516,1.88,1.50
2013.04.17 23:55:01.005,0.95494,0.95516,1.88,2.25
2013.04.17 23:55:03.535,0.95498,0.9552,1.50,1.88
2013.04.17 23:55:03.955,0.95501,0.9552,1.50,1.13
2013.04.17 23:55:04.016,0.95501,0.95523,2.25,1.13
2013.04.17 23:55:05.234,0.95503,0.95523,1.50,1.50
2013.04.17 23:55:06.947,0.95504,0.95523,1.13,1.50
2013.04.17 23:55:07.075,0.95507,0.95527,1.50,1.88
2013.04.17 23:55:07.315,0.95512,0.95533,1.50,1.88
2013.04.17 23:55:07.436,0.95511,0.95534,1.50,1.50
2013.04.17 23:55:07.858,0.95515,0.95537,1.50,3.00
2013.04.17 23:55:09.085,0.95514,0.95535,1.50,1.13
2013.04.17 23:55:09.945,0.95515,0.95535,1.50,1.13
2013.04.17 23:55:10.185,0.95515,0.95535,1.50,1.13
2013.04.17 23:55:12.557,0.95516,0.95537,1.50,3.00
2013.04.17 23:55:16.226,0.95515,0.95536,1.50,1.84
2013.04.17 23:55:16.821,0.95516,0.95536,1.50,1.09
2013.04.17 23:55:17.494,0.95515,0.95536,1.50,1.84
2013.04.17 23:55:18.886,0.95515,0.95534,1.50,1.50
2013.04.17 23:55:19.005,0.95515,0.95534,1.50,2.63
2013.04.17 23:55:19.856,0.95512,0.95534,1.50,2.63
2013.04.17 23:55:21.705,0.95511,0.95532,1.88,2.25
2013.04.17 23:55:23.877,0.95511,0.95532,2.63,1.50
2013.04.17 23:55:26.695,0.95516,0.95533,1.50,2.40
2013.04.17 23:55:28.246,0.95512,0.95532,1.50,1.13
2013.04.17 23:55:30.655,0.95511,0.95533,1.50,1.88
2013.04.17 23:55:30.715,0.95511,0.95533,1.50,1.88
2013.04.17 23:55:31.375,0.95512,0.95533,1.50,2.63
2013.04.17 23:55:46.306,0.95512,0.95531,1.50,1.13
2013.04.17 23:55:50.855,0.95511,0.95531,1.50,1.88
2013.04.17 23:55:51.095,0.95512,0.95531,1.50,1.13
2013.04.17 23:56:06.285,0.95509,0.95531,2.63,2.25
2013.04.17 23:56:06.345,0.95509,0.95528,1.88,1.50
2013.04.17 23:56:06.405,0.95507,0.95528,1.88,2.25
2013.04.17 23:56:06.585,0.95504,0.95526,2.63,1.13
2013.04.17 23:56:11.016,0.95507,0.95526,1.50,1.13
2013.04.17 23:56:11.525,0.95504,0.95526,1.69,1.88
2013.04.17 23:56:15.685,0.95506,0.95528,1.69,2.25
2013.04.17 23:56:15.865,0.95506,0.95529,2.44,1.65
2013.04.17 23:56:15.985,0.95508,0.95529,1.69,1.65
2013.04.17 23:56:16.105,0.95509,0.95529,1.09,1.50
2013.04.17 23:56:16.482,0.95514,0.95534,1.69,1.50
2013.04.17 23:56:18.253,0.95516,0.95535,1.50,1.50
2013.04.17 23:56:20.743,0.95516,0.95537,1.50,2.25
2013.04.17 23:56:22.011,0.95516,0.95537,1.50,2.25
2013.04.17 23:56:22.196,0.95519,0.95539,2.25,2.40
2013.04.17 23:56:26.446,0.95521,0.95541,2.25,1.50
2013.04.17 23:56:26.576,0.95523,0.95545,1.50,2.03
2013.04.17 23:56:26.935,0.95527,0.95549,1.88,1.50
2013.04.17 23:56:27.245,0.95531,0.95551,1.50,1.50
2013.04.17 23:56:27.305,0.95531,0.95552,1.50,1.13
2013.04.17 23:56:29.195,0.95531,0.95551,1.50,1.50
2013.04.17 23:56:30.226,0.95531,0.95551,1.50,1.50
2013.04.17 23:56:30.286,0.95529,0.95549,1.65,3.75
2013.04.17 23:56:31.935,0.95527,0.95547,1.50,1.50
2013.04.17 23:56:32.195,0.95536,0.95547,1.13,1.50
2013.04.17 23:56:32.892,0.95531,0.95549,1.65,1.50
2013.04.17 23:56:34.385,0.9553,0.95551,1.13,1.50
2013.04.17 23:56:34.995,0.95531,0.95551,1.65,1.50
2013.04.17 23:56:35.916,0.95531,0.95551,1.65,1.50
2013.04.17 23:56:36.095,0.95531,0.95551,1.65,1.50
2013.04.17 23:56:36.635,0.95531,0.95551,1.65,1.50
2013.04.17 23:56:37.237,0.95531,0.95551,1.65,1.50
2013.04.17 23:56:37.479,0.95531,0.95551,1.65,1.50
2013.04.17 23:56:38.666,0.95531,0.95551,1.65,2.25
2013.04.17 23:56:38.965,0.95532,0.95553,1.50,1.50
2013.04.17 23:56:40.875,0.95534,0.95554,1.50,1.50
2013.04.17 23:56:44.036,0.95534,0.95554,1.50,1.50
2013.04.17 23:56:44.096,0.95536,0.95554,1.13,1.50
2013.04.17 23:56:44.156,0.95536,0.95554,1.13,1.50
2013.04.17 23:56:44.275,0.95537,0.95558,1.50,1.13
2013.04.17 23:56:44.576,0.95536,0.95554,1.88,1.50
2013.04.17 23:56:45.325,0.95536,0.95554,1.50,1.50
2013.04.17 23:56:46.365,0.95536,0.95554,1.50,1.50
2013.04.17 23:56:47.205,0.95534,0.95551,1.50,1.50
2013.04.17 23:56:47.696,0.95533,0.95551,1.50,1.50
2013.04.17 23:56:54.409,0.95531,0.95552,1.50,1.50
2013.04.17 23:56:54.655,0.95531,0.95552,1.50,1.69
2013.04.17 23:56:55.206,0.95535,0.95552,1.50,1.50
2013.04.17 23:56:55.765,0.95533,0.95552,1.65,1.50
2013.04.17 23:56:57.556,0.95535,0.95552,1.50,1.50
2013.04.17 23:56:58.216,0.95536,0.95552,1.50,1.50
2013.04.17 23:57:00.315,0.95532,0.95552,2.25,1.50
2013.04.17 23:57:01.076,0.95532,0.95551,2.63,1.50
2013.04.17 23:57:05.706,0.95531,0.95551,1.50,1.50
2013.04.17 23:57:06.127,0.9553,0.95551,1.50,2.25
2013.04.17 23:57:06.556,0.95528,0.95549,3.15,1.69
2013.04.17 23:57:07.188,0.95528,0.95547,1.65,1.69
2013.04.17 23:57:07.436,0.95527,0.95548,3.38,2.44
2013.04.17 23:57:07.996,0.95527,0.95547,2.25,1.50
2013.04.17 23:57:09.278,0.95527,0.95547,2.25,2.25
2013.04.17 23:57:09.788,0.95527,0.95546,1.50,1.50
2013.04.17 23:57:14.985,0.95525,0.95545,1.50,1.50
2013.04.17 23:57:17.192,0.95527,0.95545,1.50,1.50
2013.04.17 23:57:17.987,0.95526,0.95545,1.50,1.50
2013.04.17 23:57:18.732,0.95524,0.95545,1.50,1.50
2013.04.17 23:57:18.975,0.95524,0.95545,2.25,1.50
2013.04.17 23:57:19.344,0.95527,0.95545,1.50,1.69
2013.04.17 23:57:19.585,0.95522,0.95544,1.88,1.69
2013.04.17 23:57:20.515,0.95522,0.95545,1.88,2.44
2013.04.17 23:57:23.175,0.95523,0.95545,2.25,1.69
2013.04.17 23:57:23.686,0.95526,0.95546,1.50,2.59
2013.04.17 23:57:24.377,0.95524,0.95545,1.88,1.50
2013.04.17 23:57:24.626,0.95524,0.95544,1.50,1.50
2013.04.17 23:57:25.112,0.95522,0.95543,1.50,1.50
2013.04.17 23:57:25.296,0.95519,0.95543,2.63,1.69
2013.04.17 23:57:25.416,0.95519,0.95539,1.13,3.75
2013.04.17 23:57:25.671,0.95517,0.95538,1.50,2.25
2013.04.17 23:57:26.186,0.95515,0.95536,1.50,1.13
2013.04.17 23:57:26.367,0.95512,0.95533,1.50,2.25
2013.04.17 23:57:26.680,0.95514,0.95533,1.13,1.50
2013.04.17 23:57:27.086,0.95511,0.95533,1.65,1.50
2013.04.17 23:57:27.489,0.95511,0.95533,1.65,1.50
2013.04.17 23:57:28.375,0.9551,0.95532,1.50,1.88
2013.04.17 23:57:30.878,0.9551,0.95531,1.50,2.25
2013.04.17 23:57:30.949,0.9551,0.95531,2.25,1.50
2013.04.17 23:57:31.666,0.95511,0.95532,1.50,1.88
2013.04.17 23:57:32.655,0.95512,0.95532,1.50,1.13
2013.04.17 23:57:33.366,0.95511,0.95532,2.25,1.13
2013.04.17 23:57:33.485,0.95512,0.95532,1.50,1.13
2013.04.17 23:57:34.885,0.95512,0.95532,1.50,1.13
2013.04.17 23:57:42.145,0.95512,0.95532,1.50,1.88
2013.04.17 23:57:53.677,0.95512,0.95531,1.50,1.50
2013.04.17 23:57:53.867,0.95508,0.95529,1.50,2.03
2013.04.17 23:57:53.937,0.95506,0.95526,2.63,1.50
2013.04.17 23:57:54.245,0.95502,0.95523,1.50,2.25
2013.04.17 23:57:59.289,0.955,0.95521,1.50,2.25
2013.04.17 23:57:59.878,0.95502,0.95521,1.50,2.25
2013.04.17 23:58:08.446,0.95499,0.95521,2.44,1.50
2013.04.17 23:58:08.754,0.95499,0.9552,1.69,1.50
2013.04.17 23:58:09.935,0.95499,0.95519,1.50,2.40
2013.04.17 23:58:14.006,0.95496,0.95517,2.44,1.50
2013.04.17 23:58:16.386,0.95496,0.95517,2.44,1.50
2013.04.17 23:58:16.927,0.95496,0.95517,3.19,1.50
2013.04.17 23:58:19.587,0.95496,0.95517,2.44,1.50
2013.04.17 23:58:21.906,0.95498,0.95518,1.69,1.50
2013.04.17 23:58:26.876,0.95498,0.95518,1.50,1.50
2013.04.17 23:58:30.428,0.95497,0.95518,2.25,1.50
2013.04.17 23:58:37.696,0.95498,0.95519,1.28,3.00
2013.04.17 23:58:38.489,0.95498,0.95519,2.03,1.50
2013.04.17 23:58:39.976,0.95498,0.95519,2.03,1.50
2013.04.17 23:58:40.531,0.95498,0.95519,2.03,1.50
2013.04.17 23:58:44.636,0.95498,0.95519,2.03,1.50
2013.04.17 23:58:46.585,0.95498,0.95521,2.78,2.25
2013.04.17 23:58:50.496,0.95502,0.95522,1.50,1.50
2013.04.17 23:58:50.556,0.95502,0.95523,2.25,2.25
2013.04.17 23:58:50.955,0.95503,0.95523,1.65,1.50
2013.04.17 23:58:51.537,0.95504,0.95525,1.50,2.25
2013.04.17 23:58:54.917,0.95506,0.95525,1.50,2.25
2013.04.17 23:58:55.187,0.95506,0.95525,1.50,2.25
2013.04.17 23:58:55.916,0.95506,0.95525,1.50,2.25
2013.04.17 23:58:56.335,0.95503,0.95524,1.50,2.40
2013.04.17 23:58:56.395,0.95502,0.95521,1.13,1.50
2013.04.17 23:58:57.997,0.95502,0.95521,1.88,1.50
2013.04.17 23:58:58.556,0.95501,0.95521,1.50,1.50
2013.04.17 23:58:59.025,0.95502,0.95523,1.50,1.88
2013.04.17 23:58:59.167,0.95503,0.95523,1.13,1.50
2013.04.17 23:58:59.866,0.95503,0.95524,1.13,1.50
2013.04.17 23:59:01.027,0.95503,0.95524,1.13,1.50
2013.04.17 23:59:01.576,0.95503,0.95524,1.13,1.50
2013.04.17 23:59:02.506,0.95506,0.95525,1.50,1.50
2013.04.17 23:59:02.806,0.95506,0.95527,1.50,1.13
2013.04.17 23:59:03.337,0.95506,0.95526,1.50,1.13
2013.04.17 23:59:04.086,0.95506,0.95526,1.50,1.13
2013.04.17 23:59:04.406,0.95509,0.95526,2.25,1.13
2013.04.17 23:59:06.145,0.95508,0.95529,3.00,1.88
2013.04.17 23:59:06.265,0.95508,0.95529,2.25,1.88
2013.04.17 23:59:11.156,0.95506,0.95529,1.50,2.25
2013.04.17 23:59:11.335,0.95506,0.95526,1.50,1.50
2013.04.17 23:59:11.516,0.95505,0.95526,1.13,2.63
2013.04.17 23:59:11.576,0.95501,0.95524,2.25,1.13
2013.04.17 23:59:11.945,0.95501,0.95523,1.50,1.65
2013.04.17 23:59:12.275,0.95499,0.95521,1.65,1.50
2013.04.17 23:59:14.396,0.95501,0.95521,1.50,1.88
2013.04.17 23:59:14.936,0.95499,0.9552,1.50,1.65
2013.04.17 23:59:15.097,0.95499,0.95519,1.50,1.65
2013.04.17 23:59:15.901,0.95499,0.9552,1.50,2.40
2013.04.17 23:59:16.484,0.95498,0.95518,2.25,1.50
2013.04.17 23:59:20.746,0.95498,0.95518,1.50,1.50
2013.04.17 23:59:20.865,0.95496,0.95517,2.25,1.50
2013.04.17 23:59:21.105,0.95494,0.95517,1.13,3.00
2013.04.17 23:59:21.755,0.95494,0.95514,1.88,1.50
2013.04.17 23:59:22.437,0.95495,0.95517,1.50,2.25
2013.04.17 23:59:22.996,0.95496,0.95517,1.50,1.50
2013.04.17 23:59:23.796,0.95497,0.9552,1.50,1.65
2013.04.17 23:59:24.207,0.95499,0.95519,1.50,1.65
2013.04.17 23:59:29.767,0.95499,0.95519,3.00,1.50
2013.04.17 23:59:30.396,0.95503,0.95519,1.50,1.50
2013.04.17 23:59:30.777,0.95503,0.95523,1.50,1.13
2013.04.17 23:59:30.905,0.95503,0.95524,1.50,1.50
2013.04.17 23:59:30.965,0.95504,0.95526,1.50,2.25
2013.04.17 23:59:31.325,0.95511,0.95529,1.50,1.13
2013.04.17 23:59:31.906,0.95512,0.95531,1.50,1.13
2013.04.17 23:59:32.346,0.95512,0.95534,2.25,2.25
2013.04.17 23:59:32.466,0.95514,0.95534,1.69,1.13
2013.04.17 23:59:32.526,0.95517,0.95537,1.50,1.28
2013.04.17 23:59:32.706,0.95518,0.95538,1.50,1.88
2013.04.17 23:59:32.957,0.95521,0.95541,1.50,1.50
2013.04.17 23:59:33.386,0.95522,0.95541,2.25,1.50
2013.04.17 23:59:33.446,0.95524,0.95542,1.50,1.28
2013.04.17 23:59:33.808,0.95527,0.95547,1.50,1.28
2013.04.17 23:59:33.935,0.95527,0.95547,1.50,1.28
2013.04.17 23:59:34.295,0.95533,0.95549,1.50,1.13
2013.04.17 23:59:34.356,0.95533,0.95552,1.50,1.50
2013.04.17 23:59:34.416,0.95534,0.95554,1.50,1.28
2013.04.17 23:59:34.477,0.95536,0.95556,2.25,3.00
2013.04.17 23:59:34.538,0.95537,0.95557,1.50,1.13
2013.04.17 23:59:34.847,0.95542,0.95561,1.50,1.50
2013.04.17 23:59:34.918,0.95542,0.95563,2.25,3.00
2013.04.17 23:59:37.355,0.95544,0.95563,1.50,1.13
2013.04.17 23:59:37.606,0.95545,0.95564,1.50,1.13
2013.04.17 23:59:37.726,0.95546,0.95566,2.44,1.65
2013.04.17 23:59:37.906,0.95547,0.95569,2.25,2.78
2013.04.17 23:59:37.966,0.95549,0.95569,1.50,2.03
2013.04.17 23:59:38.325,0.95551,0.95571,1.50,1.13
2013.04.17 23:59:38.626,0.95556,0.95578,3.19,1.13
2013.04.17 23:59:38.686,0.95556,0.95579,2.44,1.88
2013.04.17 23:59:38.806,0.95559,0.95579,1.50,1.13
2013.04.17 23:59:39.646,0.95563,0.95584,1.50,1.65
2013.04.17 23:59:39.706,0.95563,0.95584,1.50,1.65
2013.04.17 23:59:39.765,0.95564,0.95585,1.50,1.88
2013.04.17 23:59:40.006,0.95563,0.95585,1.69,1.13
2013.04.17 23:59:40.746,0.95562,0.95583,2.25,1.88
2013.04.17 23:59:40.985,0.95559,0.95579,1.88,1.50
2013.04.17 23:59:41.165,0.95559,0.95579,1.88,1.50
2013.04.17 23:59:41.706,0.95559,0.95574,1.88,1.13
2013.04.17 23:59:41.886,0.95554,0.95571,1.50,1.13
2013.04.17 23:59:41.947,0.95553,0.95571,1.50,1.13
2013.04.17 23:59:42.135,0.9555,0.95571,1.50,1.88
2013.04.17 23:59:42.498,0.9555,0.95569,1.50,1.80
2013.04.17 23:59:42.807,0.95541,0.95563,2.25,2.03
2013.04.17 23:59:42.878,0.95541,0.95562,1.50,1.28
2013.04.17 23:59:43.066,0.95537,0.95559,3.57,1.50
2013.04.17 23:59:43.186,0.95537,0.95558,3.38,1.13
2013.04.17 23:59:43.487,0.95533,0.95553,1.88,1.88
2013.04.17 23:59:43.606,0.9553,0.95553,1.50,1.88
2013.04.17 23:59:43.971,0.95529,0.95551,1.50,1.13
2013.04.17 23:59:44.455,0.95527,0.9555,1.69,1.65
2013.04.17 23:59:44.697,0.95525,0.95547,1.88,1.13
2013.04.17 23:59:44.947,0.95524,0.95547,1.13,1.13
2013.04.17 23:59:45.127,0.95523,0.95543,1.13,1.13
2013.04.17 23:59:45.246,0.95522,0.95543,1.50,1.13
2013.04.17 23:59:46.236,0.95522,0.95546,2.25,1.88
2013.04.17 23:59:46.596,0.95522,0.95543,1.50,1.13
2013.04.17 23:59:47.496,0.95517,0.95541,1.69,1.65
2013.04.17 23:59:48.585,0.95519,0.95542,1.50,1.13
2013.04.17 23:59:48.957,0.95519,0.95539,2.25,1.13
2013.04.17 23:59:49.196,0.95519,0.95539,2.25,1.13
2013.04.17 23:59:49.436,0.95523,0.95541,1.50,1.35
2013.04.17 23:59:49.496,0.95527,0.95544,1.50,1.13
2013.04.17 23:59:49.629,0.95528,0.95547,1.32,2.25
2013.04.17 23:59:49.756,0.95531,0.9555,1.50,1.13
2013.04.17 23:59:49.936,0.95531,0.95554,3.94,1.50
2013.04.17 23:59:50.001,0.95533,0.95555,1.50,1.50
2013.04.17 23:59:50.067,0.95536,0.95557,1.50,1.13
2013.04.17 23:59:50.137,0.95533,0.95556,2.25,1.65
2013.04.17 23:59:50.617,0.95536,0.95557,1.50,1.88
2013.04.17 23:59:52.455,0.95538,0.95557,1.50,1.13
2013.04.17 23:59:53.749,0.95538,0.95559,1.50,1.50
2013.04.17 23:59:53.816,0.95539,0.95561,1.50,2.25
2013.04.17 23:59:54.393,0.95541,0.95563,2.25,1.50
2013.04.17 23:59:54.914,0.95541,0.95561,3.00,1.50
2013.04.17 23:59:55.855,0.95541,0.95559,2.25,1.50
2013.04.17 23:59:56.096,0.95538,0.9556,2.25,2.40
2013.04.17 23:59:56.635,0.95538,0.95558,1.50,1.50
2013.04.17 23:59:58.296,0.95538,0.95558,1.50,1.50
2013.04.17 23:59:58.507,0.95538,0.95558,1.50,1.50
2013.04.17 23:59:58.825,0.95538,0.95558,1.69,1.50
2013.04.17 23:59:59.006,0.95538,0.95558,1.69,1.50
2013.04.17 23:59:59.515,0.95538,0.95558,1.69,1.50
