2009.09.10 19:00:00.655,0.84995,0.8502,4.80,3.30
2009.09.10 19:00:00.885,0.84995,0.8502,1.00,3.30
2009.09.10 19:00:01.105,0.8499,0.85015,2.40,1.00
2009.09.10 19:00:01.335,0.8499,0.8501,2.40,1.00
2009.09.10 19:00:01.625,0.8499,0.85005,2.40,1.00
2009.09.10 19:00:01.845,0.8499,0.85015,2.80,5.60
2009.09.10 19:00:02.065,0.8499,0.85015,2.80,4.00
2009.09.10 19:00:02.596,0.8499,0.8502,2.40,8.80
2009.09.10 19:00:04.314,0.8499,0.8501,2.40,4.00
2009.09.10 19:00:04.704,0.8499,0.85015,2.40,4.40
2009.09.10 19:00:06.723,0.8499,0.85015,2.40,4.50
2009.09.10 19:00:07.973,0.8498,0.8501,2.90,2.40
2009.09.10 19:00:15.451,0.8498,0.8501,2.50,2.40
2009.09.10 19:00:15.621,0.8498,0.8501,2.40,2.40
2009.09.10 19:00:15.801,0.8498,0.8501,2.40,6.40
2009.09.10 19:00:16.941,0.8498,0.8501,2.40,6.80
2009.09.10 19:00:17.051,0.8498,0.85005,2.40,4.00
2009.09.10 19:00:18.710,0.8498,0.8501,2.40,6.40
2009.09.10 19:00:19.000,0.8498,0.8501,2.90,6.40
2009.09.10 19:00:19.350,0.8498,0.8501,2.90,2.40
2009.09.10 19:00:20.830,0.8498,0.8501,2.40,2.40
2009.09.10 19:00:21.070,0.8498,0.8501,2.40,6.40
2009.09.10 19:00:23.099,0.8498,0.8501,2.40,6.80
2009.09.10 19:00:23.550,0.8498,0.85005,2.40,4.00
2009.09.10 19:00:23.950,0.84975,0.85,1.00,2.40
2009.09.10 19:00:24.299,0.84975,0.85,4.40,2.40
2009.09.10 19:00:25.319,0.84975,0.85,1.00,2.40
2009.09.10 19:00:27.898,0.84975,0.85,4.40,2.40
2009.09.10 19:00:29.288,0.84975,0.85,1.00,2.40
2009.09.10 19:00:31.828,0.84975,0.85,4.40,2.40
2009.09.10 19:00:35.087,0.8498,0.85,1.00,2.40
2009.09.10 19:00:37.176,0.8498,0.85005,2.50,1.00
2009.09.10 19:00:38.916,0.8498,0.8501,2.90,7.20
2009.09.10 19:00:49.103,0.8498,0.8501,3.30,2.40
2009.09.10 19:01:06.229,0.8498,0.8501,4.90,2.40
2009.09.10 19:01:16.557,0.8499,0.8501,1.00,2.40
2009.09.10 19:01:25.135,0.84985,0.8501,1.00,4.80
2009.09.10 19:01:28.044,0.84985,0.85,1.00,2.40
2009.09.10 19:01:29.674,0.8498,0.85,1.00,2.40
2009.09.10 19:01:32.443,0.8498,0.85,1.00,2.40
2009.09.10 19:01:32.603,0.8498,0.85,1.00,2.40
2009.09.10 19:01:35.352,0.8498,0.85,1.00,2.40
2009.09.10 19:01:39.521,0.8498,0.85,1.00,2.40
2009.09.10 19:01:42.980,0.8498,0.8501,2.90,4.90
2009.09.10 19:01:43.900,0.8498,0.8501,2.90,3.30
2009.09.10 19:01:44.240,0.8498,0.8501,5.70,3.30
2009.09.10 19:01:44.610,0.8499,0.8501,1.00,2.40
2009.09.10 19:01:45.450,0.8499,0.8502,2.90,10.50
2009.09.10 19:01:45.730,0.8499,0.85015,2.50,4.80
2009.09.10 19:01:46.250,0.8499,0.8501,1.00,2.40
2009.09.10 19:01:47.829,0.84985,0.8501,4.50,2.40
2009.09.10 19:01:54.107,0.84985,0.8501,1.00,2.40
2009.09.10 19:01:54.437,0.84985,0.8501,1.00,2.80
2009.09.10 19:01:55.707,0.84985,0.8501,1.00,2.90
2009.09.10 19:01:56.697,0.84985,0.8501,1.00,2.80
2009.09.10 19:01:57.617,0.8498,0.8501,6.10,2.90
2009.09.10 19:01:57.727,0.8498,0.8501,4.50,2.90
2009.09.10 19:01:57.837,0.8498,0.8501,2.90,4.50
2009.09.10 19:01:58.076,0.8498,0.8501,2.90,8.50
2009.09.10 19:01:58.657,0.8498,0.85005,2.50,1.00
2009.09.10 19:01:58.997,0.84975,0.85,1.00,7.20
2009.09.10 19:02:00.746,0.84975,0.85,1.00,7.30
2009.09.10 19:02:01.716,0.8497,0.85,2.90,7.30
2009.09.10 19:02:02.645,0.8497,0.84995,2.50,1.00
2009.09.10 19:02:03.045,0.84975,0.84995,4.00,1.00
2009.09.10 19:02:03.505,0.84975,0.84995,4.00,1.00
2009.09.10 19:02:04.325,0.8497,0.84995,3.70,1.00
2009.09.10 19:02:04.655,0.84975,0.85,4.00,2.40
2009.09.10 19:02:06.205,0.84975,0.85,4.80,2.40
2009.09.10 19:02:06.315,0.8498,0.85,2.40,2.40
2009.09.10 19:02:06.494,0.8498,0.85,2.90,2.40
2009.09.10 19:02:06.955,0.84985,0.8501,4.00,2.40
2009.09.10 19:02:07.304,0.84985,0.8502,4.00,8.10
2009.09.10 19:02:07.694,0.8499,0.85015,2.40,1.00
2009.09.10 19:02:08.044,0.8499,0.85015,2.40,4.00
2009.09.10 19:02:08.394,0.8499,0.8502,2.40,10.50
2009.09.10 19:02:08.734,0.8499,0.8502,2.40,9.70
2009.09.10 19:02:09.694,0.8499,0.85015,2.40,1.00
2009.09.10 19:02:10.044,0.8499,0.85015,2.40,1.60
2009.09.10 19:02:10.394,0.84985,0.8501,4.00,2.80
2009.09.10 19:02:10.734,0.84985,0.85005,4.00,1.00
2009.09.10 19:02:11.073,0.8498,0.8501,3.30,6.40
2009.09.10 19:02:14.702,0.84985,0.8501,4.90,2.40
2009.09.10 19:02:15.762,0.84985,0.8501,4.80,2.40
2009.09.10 19:02:16.842,0.84985,0.8501,4.90,2.40
2009.09.10 19:02:18.732,0.84985,0.8501,7.50,2.40
2009.09.10 19:02:18.792,0.84985,0.8501,9.10,2.40
2009.09.10 19:02:18.912,0.8499,0.8502,3.20,4.00
2009.09.10 19:02:19.262,0.8499,0.8502,3.20,2.40
2009.09.10 19:02:19.961,0.8499,0.8502,2.40,2.50
2009.09.10 19:02:20.581,0.8499,0.8502,2.40,6.50
2009.09.10 19:02:20.911,0.8499,0.8502,2.50,6.40
2009.09.10 19:02:21.261,0.8499,0.8502,2.40,6.50
2009.09.10 19:02:22.201,0.8499,0.85015,2.40,4.00
2009.09.10 19:02:23.631,0.84995,0.8502,1.00,2.50
2009.09.10 19:02:24.330,0.84995,0.8502,1.00,2.40
2009.09.10 19:02:25.960,0.8499,0.8502,6.10,2.90
2009.09.10 19:02:26.310,0.8499,0.8502,4.50,6.90
2009.09.10 19:02:26.820,0.8499,0.8502,2.90,6.90
2009.09.10 19:02:27.170,0.8499,0.85015,2.90,1.00
2009.09.10 19:02:27.630,0.8499,0.8502,2.90,6.90
2009.09.10 19:02:28.090,0.8499,0.8502,2.90,2.50
2009.09.10 19:02:28.429,0.8499,0.8502,2.90,6.90
2009.09.10 19:02:30.169,0.8499,0.85015,2.90,1.00
2009.09.10 19:02:30.739,0.8499,0.8502,2.90,6.90
2009.09.10 19:02:34.688,0.84995,0.8502,1.60,6.90
2009.09.10 19:02:35.258,0.85,0.8502,1.00,6.80
2009.09.10 19:02:35.608,0.8501,0.8503,1.00,2.40
2009.09.10 19:02:38.187,0.8501,0.8503,1.00,2.40
2009.09.10 19:02:41.266,0.8501,0.8503,1.00,2.40
2009.09.10 19:02:43.296,0.85005,0.8503,4.50,2.40
2009.09.10 19:02:43.526,0.8501,0.8503,1.00,2.40
2009.09.10 19:02:44.795,0.8501,0.8503,1.00,2.40
2009.09.10 19:02:47.465,0.8501,0.8503,3.10,2.40
2009.09.10 19:02:47.515,0.85015,0.8503,1.00,2.40
2009.09.10 19:02:47.635,0.8502,0.8503,1.00,2.40
2009.09.10 19:02:47.745,0.8502,0.8504,1.00,6.40
2009.09.10 19:02:47.805,0.8502,0.8504,1.00,2.40
2009.09.10 19:02:48.704,0.85015,0.8504,4.90,2.40
2009.09.10 19:02:49.184,0.85015,0.8504,1.00,2.40
2009.09.10 19:02:49.706,0.85015,0.8504,1.00,2.50
2009.09.10 19:02:50.694,0.85015,0.8504,1.00,2.40
2009.09.10 19:02:51.044,0.85015,0.8504,1.00,4.00
2009.09.10 19:02:52.304,0.85015,0.8504,1.00,4.80
2009.09.10 19:02:52.584,0.8501,0.8503,1.00,2.40
2009.09.10 19:03:01.711,0.8501,0.8503,1.00,2.40
2009.09.10 19:03:01.762,0.8501,0.8503,1.00,2.40
2009.09.10 19:03:02.101,0.8501,0.8504,3.20,2.40
2009.09.10 19:03:02.691,0.8501,0.8504,3.30,2.40
2009.09.10 19:03:07.070,0.8501,0.8504,2.50,2.40
2009.09.10 19:03:07.120,0.8501,0.8504,2.50,4.90
2009.09.10 19:03:07.240,0.8501,0.85035,2.50,1.00
2009.09.10 19:03:07.650,0.8501,0.85035,2.40,1.00
2009.09.10 19:03:07.890,0.8501,0.8504,2.40,6.50
2009.09.10 19:03:11.339,0.8501,0.85035,2.40,2.50
2009.09.10 19:03:11.569,0.8501,0.8503,2.40,1.00
2009.09.10 19:03:11.799,0.85,0.8503,3.30,11.50
2009.09.10 19:03:12.029,0.85,0.85025,2.40,4.80
2009.09.10 19:03:12.319,0.85,0.85025,2.40,1.00
2009.09.10 19:03:14.748,0.85,0.8502,2.40,1.00
2009.09.10 19:03:15.088,0.8499,0.8502,6.50,7.30
2009.09.10 19:03:15.438,0.8499,0.8502,4.90,7.30
2009.09.10 19:03:16.498,0.8499,0.8502,4.10,7.30
2009.09.10 19:03:16.668,0.8499,0.8502,2.40,7.30
2009.09.10 19:03:16.728,0.8499,0.8502,2.40,8.90
2009.09.10 19:03:17.457,0.8499,0.8502,2.40,7.30
2009.09.10 19:03:17.747,0.8499,0.8502,2.50,6.40
2009.09.10 19:03:18.087,0.8499,0.8502,2.50,2.40
2009.09.10 19:03:25.555,0.84995,0.8502,1.00,2.40
2009.09.10 19:03:26.015,0.84995,0.8502,4.90,2.40
2009.09.10 19:03:26.485,0.84995,0.8502,1.00,2.40
2009.09.10 19:03:28.395,0.84995,0.8502,4.90,2.40
2009.09.10 19:03:32.254,0.85,0.85025,2.40,4.80
2009.09.10 19:03:33.044,0.85,0.8502,2.40,2.50
2009.09.10 19:03:33.154,0.85,0.8501,2.40,1.00
2009.09.10 19:03:33.274,0.84995,0.8501,4.00,3.30
2009.09.10 19:03:33.684,0.8499,0.8501,4.00,7.30
2009.09.10 19:03:34.023,0.8498,0.8501,3.30,7.30
2009.09.10 19:03:36.903,0.8498,0.8501,3.30,3.30
2009.09.10 19:03:37.543,0.8498,0.8501,4.10,3.30
2009.09.10 19:03:37.713,0.84985,0.8501,1.20,2.50
2009.09.10 19:03:37.763,0.8499,0.8501,2.40,1.00
2009.09.10 19:03:37.883,0.8499,0.85015,2.40,4.10
2009.09.10 19:03:38.163,0.8499,0.8502,2.40,6.50
2009.09.10 19:03:38.942,0.8499,0.8502,2.40,2.50
2009.09.10 19:03:40.672,0.8499,0.8502,4.00,2.50
2009.09.10 19:03:47.560,0.8499,0.8502,4.10,7.30
2009.09.10 19:03:47.800,0.8499,0.8502,3.30,7.30
2009.09.10 19:03:50.020,0.84995,0.8502,1.00,6.40
2009.09.10 19:03:50.600,0.85,0.8502,1.00,2.40
2009.09.10 19:03:51.069,0.85,0.8503,2.90,8.90
2009.09.10 19:03:51.180,0.85,0.85025,2.40,1.00
2009.09.10 19:03:51.289,0.85,0.8503,2.90,11.70
2009.09.10 19:03:51.409,0.85,0.85025,2.40,1.00
2009.09.10 19:03:51.529,0.85,0.85025,2.40,4.50
2009.09.10 19:03:51.879,0.85,0.8503,2.40,12.90
2009.09.10 19:03:51.989,0.85,0.8503,2.40,8.90
2009.09.10 19:03:52.229,0.85,0.8503,2.40,8.10
2009.09.10 19:03:52.639,0.85,0.8503,2.90,8.00
2009.09.10 19:03:52.879,0.85,0.8503,2.90,2.40
2009.09.10 19:03:55.328,0.85,0.8503,2.50,2.40
2009.09.10 19:03:55.678,0.85,0.8503,2.40,2.50
2009.09.10 19:03:55.858,0.85,0.8503,2.40,6.50
2009.09.10 19:03:56.948,0.85,0.8503,3.20,6.40
2009.09.10 19:03:57.128,0.85,0.8503,4.80,6.40
2009.09.10 19:03:57.238,0.85,0.8503,4.80,2.40
2009.09.10 19:03:58.038,0.85,0.8503,4.90,2.40
2009.09.10 19:03:59.717,0.85005,0.8503,1.00,2.40
2009.09.10 19:04:00.067,0.85005,0.8503,1.00,2.50
2009.09.10 19:04:25.591,0.8499,0.8502,2.40,6.90
2009.09.10 19:04:26.791,0.8499,0.85015,4.50,1.00
2009.09.10 19:04:27.411,0.8499,0.85015,2.40,1.00
2009.09.10 19:04:28.461,0.8499,0.8502,2.90,6.90
2009.09.10 19:04:28.570,0.8499,0.8501,2.40,1.00
2009.09.10 19:04:29.380,0.8499,0.85015,2.40,4.10
2009.09.10 19:04:29.670,0.8499,0.85015,2.40,1.00
2009.09.10 19:04:31.410,0.8499,0.8502,3.20,7.30
2009.09.10 19:04:31.640,0.8499,0.8501,2.40,1.00
2009.09.10 19:04:32.729,0.8499,0.85005,2.40,1.00
2009.09.10 19:04:33.699,0.8499,0.8501,2.40,1.00
2009.09.10 19:04:34.939,0.8499,0.85015,2.40,4.10
2009.09.10 19:04:35.289,0.8499,0.85015,2.40,1.00
2009.09.10 19:04:37.458,0.8499,0.8501,2.40,1.00
2009.09.10 19:04:38.058,0.84985,0.8501,4.40,2.50
2009.09.10 19:04:38.728,0.84985,0.8501,4.50,2.50
2009.09.10 19:04:40.018,0.84985,0.8501,4.50,2.40
2009.09.10 19:04:40.197,0.8499,0.8501,1.00,2.40
2009.09.10 19:04:40.598,0.84995,0.8502,1.00,6.50
2009.09.10 19:04:40.827,0.84995,0.8502,1.00,2.40
2009.09.10 19:04:40.998,0.85,0.85025,2.40,1.00
2009.09.10 19:04:41.227,0.85,0.85025,2.40,4.10
2009.09.10 19:04:42.947,0.85,0.85025,2.40,6.70
2009.09.10 19:04:43.127,0.85,0.8502,2.40,1.00
2009.09.10 19:04:43.417,0.8499,0.8502,3.30,3.20
2009.09.10 19:04:43.697,0.8499,0.8502,3.20,7.30
2009.09.10 19:04:46.696,0.8499,0.8502,2.40,6.90
2009.09.10 19:04:47.096,0.8499,0.8502,2.40,7.70
2009.09.10 19:04:47.806,0.8499,0.85015,2.40,1.00
2009.09.10 19:04:48.825,0.8499,0.8502,2.40,9.30
2009.09.10 19:04:48.945,0.8499,0.8502,2.40,8.50
2009.09.10 19:04:54.735,0.85,0.8502,1.00,2.40
2009.09.10 19:04:55.014,0.85005,0.8503,4.00,2.90
2009.09.10 19:04:55.654,0.85,0.8503,4.90,6.90
2009.09.10 19:04:56.004,0.85,0.8503,6.50,6.90
2009.09.10 19:04:58.903,0.85,0.8503,4.90,6.90
2009.09.10 19:05:01.013,0.84995,0.8502,8.40,2.80
2009.09.10 19:05:01.312,0.8499,0.8502,4.80,2.80
2009.09.10 19:05:01.602,0.8499,0.85015,2.40,4.40
2009.09.10 19:05:02.692,0.8499,0.85015,2.40,4.50
2009.09.10 19:05:04.632,0.8499,0.8501,2.40,1.00
2009.09.10 19:05:05.271,0.8499,0.85015,2.40,4.00
2009.09.10 19:05:05.611,0.8499,0.8502,2.40,6.90
2009.09.10 19:05:06.521,0.8499,0.8501,2.40,1.00
2009.09.10 19:05:07.211,0.8499,0.85015,2.40,4.40
2009.09.10 19:05:07.561,0.8499,0.8502,2.40,6.90
2009.09.10 19:05:08.321,0.8499,0.85015,2.40,4.40
2009.09.10 19:05:09.630,0.8499,0.85015,2.40,4.00
2009.09.10 19:05:09.930,0.8499,0.8502,2.40,6.90
2009.09.10 19:05:11.400,0.8499,0.8502,4.00,6.90
2009.09.10 19:05:12.150,0.8499,0.85015,4.00,1.00
2009.09.10 19:05:12.440,0.8499,0.85015,4.00,4.40
2009.09.10 19:05:12.960,0.8499,0.85015,2.40,4.40
2009.09.10 19:05:13.609,0.8499,0.85015,2.40,4.50
2009.09.10 19:05:14.419,0.8499,0.85015,4.40,1.00
2009.09.10 19:05:16.179,0.8499,0.8501,4.00,1.00
2009.09.10 19:05:16.409,0.8499,0.8501,2.40,1.00
2009.09.10 19:05:16.579,0.8499,0.8501,2.40,1.00
2009.09.10 19:05:17.659,0.8499,0.8501,2.40,2.10
2009.09.10 19:05:17.889,0.8498,0.8501,4.90,4.50
2009.09.10 19:05:22.927,0.8498,0.8501,4.90,4.40
2009.09.10 19:05:23.387,0.8498,0.8501,4.90,4.50
2009.09.10 19:05:23.557,0.8498,0.8501,4.80,4.50
2009.09.10 19:05:23.787,0.8498,0.85,4.00,1.00
2009.09.10 19:05:24.077,0.8498,0.85005,2.40,1.60
2009.09.10 19:05:24.357,0.8498,0.85005,2.40,1.00
2009.09.10 19:05:25.856,0.8498,0.85005,2.50,1.00
2009.09.10 19:05:26.086,0.8498,0.85,2.40,1.00
2009.09.10 19:05:26.366,0.8498,0.85005,2.40,1.00
2009.09.10 19:05:26.597,0.8498,0.85,2.40,1.00
2009.09.10 19:05:26.897,0.8498,0.85005,2.40,1.00
2009.09.10 19:05:27.127,0.8498,0.85,2.40,1.00
2009.09.10 19:05:27.416,0.8498,0.85,2.40,1.00
2009.09.10 19:05:27.996,0.8498,0.85,2.40,1.00
2009.09.10 19:05:28.446,0.8498,0.84995,2.40,1.00
2009.09.10 19:05:29.126,0.8498,0.85,2.40,1.00
2009.09.10 19:05:31.235,0.8498,0.85,2.40,1.00
2009.09.10 19:05:31.575,0.8498,0.8501,3.20,8.90
2009.09.10 19:05:31.955,0.8498,0.8501,3.20,4.80
2009.09.10 19:05:32.355,0.8498,0.8501,3.20,4.90
2009.09.10 19:05:32.595,0.8498,0.8501,3.20,3.30
2009.09.10 19:05:32.875,0.84985,0.8501,2.40,2.50
2009.09.10 19:05:32.935,0.84985,0.8501,6.40,2.50
2009.09.10 19:05:33.045,0.84985,0.8501,8.00,2.50
2009.09.10 19:05:33.105,0.8499,0.8501,2.40,1.00
2009.09.10 19:05:34.625,0.8499,0.85,2.40,1.60
2009.09.10 19:05:35.325,0.8499,0.84995,2.40,1.60
2009.09.10 19:05:35.674,0.84985,0.8499,7.20,1.60
2009.09.10 19:05:36.254,0.8499,0.8501,2.40,1.00
2009.09.10 19:05:36.704,0.8499,0.8501,2.40,1.00
2009.09.10 19:05:36.824,0.8499,0.8501,2.40,1.00
2009.09.10 19:05:36.944,0.8499,0.8501,2.40,1.00
2009.09.10 19:05:37.694,0.8499,0.85005,2.40,1.00
2009.09.10 19:05:38.783,0.8499,0.8501,2.40,1.00
2009.09.10 19:05:44.112,0.8499,0.85015,2.40,4.90
2009.09.10 19:05:45.572,0.8499,0.85015,2.40,4.80
2009.09.10 19:05:45.912,0.8499,0.8501,2.40,1.00
2009.09.10 19:05:46.262,0.84985,0.8501,4.80,2.50
2009.09.10 19:05:49.731,0.8499,0.8501,2.40,1.00
2009.09.10 19:05:50.880,0.8499,0.85015,2.40,4.80
2009.09.10 19:05:52.930,0.8499,0.8501,2.40,1.00
2009.09.10 19:05:53.440,0.8499,0.85015,2.40,4.80
2009.09.10 19:05:55.070,0.8499,0.8501,2.40,1.00
2009.09.10 19:05:55.829,0.8499,0.85015,2.40,4.80
2009.09.10 19:05:56.179,0.8499,0.8501,2.40,1.00
2009.09.10 19:05:56.519,0.8499,0.85015,2.40,4.80
2009.09.10 19:05:57.089,0.8499,0.8501,2.40,1.00
2009.09.10 19:06:00.438,0.8499,0.85005,2.40,1.00
2009.09.10 19:06:00.668,0.8498,0.85,2.40,1.00
2009.09.10 19:06:01.198,0.8498,0.85,2.40,4.40
2009.09.10 19:06:02.048,0.84975,0.85,1.00,6.80
2009.09.10 19:06:04.277,0.8497,0.85,4.00,6.90
2009.09.10 19:06:04.677,0.8497,0.84985,2.40,1.00
2009.09.10 19:06:05.027,0.8496,0.84985,2.50,4.40
2009.09.10 19:06:07.396,0.84965,0.8499,1.00,8.80
2009.09.10 19:06:07.506,0.8497,0.8499,2.40,4.00
2009.09.10 19:06:07.617,0.8497,0.84995,2.40,6.50
2009.09.10 19:06:07.787,0.8497,0.84995,2.40,2.50
2009.09.10 19:06:07.896,0.8497,0.84995,4.00,1.00
2009.09.10 19:06:10.856,0.8497,0.85,4.10,6.90
2009.09.10 19:06:11.206,0.8498,0.85,1.00,6.40
2009.09.10 19:06:11.436,0.84985,0.85,1.00,2.40
2009.09.10 19:06:11.676,0.84985,0.8501,4.80,2.40
2009.09.10 19:06:12.695,0.84985,0.8501,4.90,2.40
2009.09.10 19:06:13.755,0.84985,0.8501,4.80,2.50
2009.09.10 19:06:14.685,0.84985,0.8501,4.90,2.50
2009.09.10 19:06:15.695,0.8498,0.8501,4.50,2.90
2009.09.10 19:06:15.985,0.84985,0.8501,4.40,2.50
2009.09.10 19:06:16.775,0.8498,0.8501,4.00,6.40
2009.09.10 19:06:16.894,0.8498,0.85005,4.00,1.00
2009.09.10 19:06:17.884,0.8498,0.85005,2.40,1.00
2009.09.10 19:06:19.074,0.8498,0.8501,2.80,7.30
2009.09.10 19:06:19.714,0.8498,0.8501,2.80,3.30
2009.09.10 19:06:20.173,0.8498,0.8501,2.90,3.30
2009.09.10 19:06:21.723,0.84985,0.8501,1.00,3.30
2009.09.10 19:06:22.713,0.8498,0.8501,2.90,3.30
2009.09.10 19:06:25.662,0.84985,0.8501,1.00,3.20
2009.09.10 19:06:26.512,0.8498,0.8501,2.90,3.30
2009.09.10 19:06:30.361,0.84985,0.8501,1.00,3.20
2009.09.10 19:06:30.641,0.8498,0.8501,2.90,3.30
2009.09.10 19:06:34.610,0.8498,0.8501,2.80,3.30
2009.09.10 19:06:34.960,0.8498,0.85005,2.40,1.00
2009.09.10 19:06:39.749,0.8498,0.85,2.40,1.00
2009.09.10 19:06:41.678,0.8498,0.85,2.40,4.40
2009.09.10 19:06:41.858,0.84975,0.85,1.60,6.80
2009.09.10 19:06:41.918,0.8497,0.85,4.50,6.80
2009.09.10 19:06:41.978,0.8497,0.85,4.40,2.90
2009.09.10 19:06:43.608,0.8497,0.85,4.50,2.90
2009.09.10 19:06:43.968,0.84975,0.85,1.00,2.80
2009.09.10 19:06:44.988,0.84975,0.85,1.00,2.90
2009.09.10 19:06:45.328,0.8498,0.85,2.40,1.00
2009.09.10 19:06:54.885,0.8498,0.85,2.40,1.00
2009.09.10 19:07:07.362,0.8498,0.84995,2.50,1.60
2009.09.10 19:07:07.762,0.8498,0.84995,2.40,1.60
2009.09.10 19:07:09.772,0.84975,0.8499,4.80,1.60
2009.09.10 19:07:10.062,0.84975,0.84995,1.00,1.60
2009.09.10 19:07:10.461,0.8498,0.85,1.00,4.00
2009.09.10 19:07:10.761,0.8498,0.85,3.20,1.60
2009.09.10 19:07:12.721,0.8498,0.85,3.30,1.60
2009.09.10 19:07:13.121,0.8498,0.84995,3.30,1.60
2009.09.10 19:07:13.341,0.8498,0.8501,3.30,4.00
2009.09.10 19:07:16.550,0.8498,0.8501,2.40,8.80
2009.09.10 19:07:17.120,0.8498,0.85,2.40,1.00
2009.09.10 19:07:17.410,0.8498,0.85005,2.40,4.10
2009.09.10 19:07:17.709,0.8498,0.85005,2.40,1.00
2009.09.10 19:07:17.870,0.8498,0.8501,2.40,8.90
2009.09.10 19:07:26.288,0.8498,0.85,2.40,1.00
2009.09.10 19:07:28.617,0.8498,0.84995,2.40,1.00
2009.09.10 19:07:28.777,0.8497,0.84995,2.40,1.00
2009.09.10 19:07:28.897,0.8497,0.84995,2.40,4.10
2009.09.10 19:07:29.307,0.8497,0.84995,2.40,1.00
2009.09.10 19:07:30.946,0.8497,0.84995,2.40,4.50
2009.09.10 19:07:33.086,0.84965,0.8499,1.00,2.40
2009.09.10 19:07:39.434,0.8496,0.8499,2.40,6.70
2009.09.10 19:07:39.664,0.8496,0.84985,2.40,1.00
2009.09.10 19:07:40.534,0.8496,0.84985,2.50,1.00
2009.09.10 19:07:41.654,0.8496,0.84985,2.50,2.00
2009.09.10 19:07:41.824,0.8496,0.84985,2.50,1.00
2009.09.10 19:07:41.934,0.8496,0.84985,2.50,1.00
2009.09.10 19:07:42.944,0.8496,0.84985,2.40,1.00
2009.09.10 19:07:45.013,0.8495,0.8498,3.30,8.80
2009.09.10 19:07:45.373,0.8495,0.8498,3.30,4.00
2009.09.10 19:07:46.403,0.8495,0.8498,3.30,2.40
2009.09.10 19:07:47.753,0.84955,0.8498,1.00,2.40
2009.09.10 19:07:47.922,0.84955,0.8498,4.40,2.40
2009.09.10 19:07:49.492,0.84955,0.8498,4.50,2.40
2009.09.10 19:07:51.442,0.84955,0.8498,4.00,2.40
2009.09.10 19:07:51.722,0.8495,0.8498,2.90,2.40
2009.09.10 19:07:54.431,0.84955,0.8498,4.40,2.40
2009.09.10 19:07:54.711,0.84955,0.8498,4.50,2.40
2009.09.10 19:07:55.161,0.84955,0.8498,4.90,2.40
2009.09.10 19:07:55.501,0.8496,0.8499,2.40,8.90
2009.09.10 19:07:56.720,0.8496,0.8499,2.40,8.80
2009.09.10 19:07:57.650,0.8496,0.8499,2.50,8.80
2009.09.10 19:07:59.220,0.8496,0.84985,2.40,1.00
2009.09.10 19:07:59.270,0.8496,0.84985,2.40,1.00
2009.09.10 19:08:00.929,0.8496,0.8498,2.40,1.00
2009.09.10 19:08:01.159,0.84955,0.8498,1.00,3.20
2009.09.10 19:08:01.319,0.84955,0.8498,1.00,3.20
2009.09.10 19:08:01.549,0.8496,0.8498,1.00,2.40
2009.09.10 19:08:05.308,0.84955,0.8498,8.50,2.40
2009.09.10 19:08:05.598,0.84955,0.8498,4.50,2.40
2009.09.10 19:08:06.738,0.8496,0.8498,1.00,2.40
2009.09.10 19:08:07.828,0.84955,0.8498,4.50,2.40
2009.09.10 19:08:08.098,0.84955,0.8498,1.00,2.80
2009.09.10 19:08:09.017,0.8495,0.8498,4.50,2.90
2009.09.10 19:08:09.257,0.8495,0.84975,4.10,1.00
2009.09.10 19:08:09.497,0.8495,0.84975,2.50,1.00
2009.09.10 19:08:11.687,0.8495,0.84975,2.50,1.00
2009.09.10 19:08:12.706,0.8495,0.84975,2.50,1.00
2009.09.10 19:08:24.763,0.8495,0.8498,3.30,6.40
2009.09.10 19:08:25.113,0.8495,0.8498,3.30,2.40
2009.09.10 19:08:27.883,0.8495,0.84975,2.50,1.00
2009.09.10 19:08:29.602,0.8495,0.8498,3.30,6.50
2009.09.10 19:08:29.952,0.8495,0.8498,5.90,2.40
2009.09.10 19:08:30.292,0.8496,0.84985,2.40,4.50
2009.09.10 19:08:30.692,0.8496,0.8499,4.90,2.40
2009.09.10 19:08:31.342,0.84965,0.8499,1.00,2.40
2009.09.10 19:08:31.692,0.8497,0.85,3.20,4.90
2009.09.10 19:08:32.042,0.8497,0.84995,2.40,1.30
2009.09.10 19:08:32.442,0.8496,0.8499,3.30,2.40
2009.09.10 19:08:32.792,0.8496,0.8499,3.20,2.40
2009.09.10 19:08:33.091,0.8496,0.8499,2.40,6.80
2009.09.10 19:08:33.551,0.8496,0.8499,2.40,6.90
2009.09.10 19:08:33.901,0.8496,0.8499,2.40,7.30
2009.09.10 19:08:35.211,0.84965,0.8499,1.00,7.20
2009.09.10 19:08:35.501,0.84965,0.8499,6.50,2.40
2009.09.10 19:08:35.781,0.8497,0.85,2.40,8.10
2009.09.10 19:08:40.880,0.8497,0.85,4.00,3.30
2009.09.10 19:08:41.389,0.8497,0.85,4.00,7.30
2009.09.10 19:08:41.679,0.8497,0.85,2.40,9.30
2009.09.10 19:08:42.020,0.8497,0.85,2.50,8.90
2009.09.10 19:08:42.139,0.8497,0.85,2.90,4.90
2009.09.10 19:08:42.479,0.8497,0.85,2.80,4.90
2009.09.10 19:08:42.599,0.8497,0.85,2.90,4.90
2009.09.10 19:08:43.009,0.8497,0.85,2.40,4.90
2009.09.10 19:08:43.419,0.8497,0.85,2.40,8.90
2009.09.10 19:08:43.599,0.8497,0.85,2.40,7.30
2009.09.10 19:08:45.939,0.8497,0.85,2.40,7.70
2009.09.10 19:08:46.978,0.8497,0.84995,2.40,1.00
2009.09.10 19:08:50.357,0.8497,0.8499,2.40,1.00
2009.09.10 19:08:51.867,0.8496,0.8499,3.30,3.30
2009.09.10 19:08:51.977,0.8496,0.8499,3.30,3.20
2009.09.10 19:08:52.027,0.84965,0.8499,4.00,3.20
2009.09.10 19:09:00.475,0.84965,0.8499,4.80,2.50
2009.09.10 19:09:00.815,0.8496,0.8499,4.90,4.50
2009.09.10 19:09:01.545,0.84965,0.8499,4.80,2.40
2009.09.10 19:09:04.964,0.8496,0.8499,8.80,2.40
2009.09.10 19:09:05.244,0.8496,0.8499,3.20,2.40
2009.09.10 19:09:06.583,0.8496,0.8499,3.20,2.50
2009.09.10 19:09:12.262,0.8496,0.8499,3.20,2.40
2009.09.10 19:09:12.382,0.8496,0.8499,2.40,3.20
2009.09.10 19:09:12.542,0.8496,0.8499,2.40,7.20
2009.09.10 19:09:12.662,0.8496,0.8499,2.40,6.80
2009.09.10 19:09:13.642,0.8496,0.8499,2.40,6.90
2009.09.10 19:09:15.481,0.8496,0.8499,3.20,2.50
2009.09.10 19:09:16.111,0.8496,0.8499,3.20,2.40
2009.09.10 19:09:16.341,0.8496,0.8499,3.20,2.50
2009.09.10 19:09:17.321,0.84965,0.8499,4.80,2.40
2009.09.10 19:09:17.991,0.84965,0.8499,4.80,2.50
2009.09.10 19:09:19.291,0.84965,0.8499,4.80,2.40
2009.09.10 19:09:29.678,0.8497,0.8499,1.00,2.40
2009.09.10 19:09:30.038,0.84975,0.84995,4.00,1.60
2009.09.10 19:09:30.388,0.84975,0.85,4.00,4.00
2009.09.10 19:09:30.728,0.8497,0.84995,2.40,1.00
2009.09.10 19:09:32.057,0.8497,0.85,2.40,2.40
2009.09.10 19:09:32.447,0.8497,0.85,2.40,6.40
2009.09.10 19:09:32.747,0.8497,0.84995,2.40,4.00
2009.09.10 19:09:32.847,0.8497,0.85,2.40,6.40
2009.09.10 19:09:39.986,0.8497,0.85,6.90,6.40
2009.09.10 19:09:40.326,0.84975,0.85,4.00,2.40
2009.09.10 19:09:40.715,0.8498,0.85005,2.40,4.00
2009.09.10 19:09:41.005,0.8498,0.8501,2.40,8.00
2009.09.10 19:09:43.584,0.8498,0.85005,2.40,1.60
2009.09.10 19:09:43.705,0.84975,0.85,4.00,2.40
2009.09.10 19:09:44.114,0.84975,0.85,4.80,2.40
2009.09.10 19:09:45.984,0.8499,0.85,1.00,2.40
2009.09.10 19:09:46.324,0.8499,0.8501,1.00,2.40
2009.09.10 19:09:48.633,0.8498,0.8501,3.20,2.40
2009.09.10 19:09:50.653,0.8498,0.8501,2.40,2.40
2009.09.10 19:09:51.003,0.8498,0.8501,2.40,8.80
2009.09.10 19:09:57.661,0.8498,0.8501,3.20,8.80
2009.09.10 19:09:57.771,0.8498,0.8501,3.20,6.40
2009.09.10 19:09:57.832,0.8498,0.8501,3.20,2.40
2009.09.10 19:09:59.331,0.8498,0.8501,3.30,2.40
2009.09.10 19:10:01.510,0.8498,0.8501,3.20,2.40
2009.09.10 19:10:04.110,0.8498,0.8501,3.30,2.40
2009.09.10 19:10:04.459,0.8499,0.8501,1.00,2.40
2009.09.10 19:10:05.589,0.85,0.85015,1.00,1.60
2009.09.10 19:10:05.929,0.84995,0.8502,8.40,2.40
2009.09.10 19:10:06.159,0.84995,0.8502,4.40,4.00
2009.09.10 19:10:10.228,0.84995,0.8502,4.40,2.40
2009.09.10 19:10:27.494,0.84995,0.8502,4.40,3.20
2009.09.10 19:10:27.614,0.84995,0.85015,4.40,2.50
2009.09.10 19:10:27.664,0.84995,0.85015,1.00,6.50
2009.09.10 19:10:27.774,0.8499,0.8501,2.40,1.00
2009.09.10 19:10:27.884,0.8499,0.8501,2.40,4.40
2009.09.10 19:10:28.004,0.8498,0.8501,4.00,7.60
2009.09.10 19:10:28.234,0.8498,0.8501,2.40,7.60
2009.09.10 19:10:30.073,0.8498,0.8501,2.40,7.70
2009.09.10 19:10:32.063,0.8498,0.85005,2.40,1.00
2009.09.10 19:10:36.812,0.8498,0.85005,2.40,4.50
2009.09.10 19:10:37.741,0.8498,0.85,2.40,1.00
2009.09.10 19:10:38.021,0.8498,0.8501,2.40,7.70
2009.09.10 19:10:38.251,0.8498,0.8501,2.40,6.90
2009.09.10 19:10:40.001,0.8498,0.85005,2.40,1.00
2009.09.10 19:10:40.231,0.8498,0.85,2.40,1.00
2009.09.10 19:10:40.471,0.8497,0.85,5.60,6.80
2009.09.10 19:10:40.921,0.8498,0.85,3.20,2.40
2009.09.10 19:10:41.201,0.8499,0.8501,1.60,4.40
2009.09.10 19:10:41.431,0.8499,0.8502,1.60,9.30
2009.09.10 19:10:41.711,0.8499,0.8502,1.60,4.50
2009.09.10 19:10:42.670,0.8499,0.85015,1.60,1.00
2009.09.10 19:10:42.910,0.8499,0.8502,1.60,4.50
2009.09.10 19:10:43.540,0.8499,0.8502,2.40,4.50
2009.09.10 19:10:43.770,0.8499,0.8502,4.00,4.50
2009.09.10 19:10:44.240,0.8499,0.8501,3.20,1.00
2009.09.10 19:10:45.659,0.8499,0.85015,3.20,1.00
2009.09.10 19:10:47.399,0.8499,0.8501,3.20,1.00
2009.09.10 19:10:47.519,0.8499,0.85015,3.20,1.00
2009.09.10 19:10:49.009,0.8499,0.85015,1.60,1.00
2009.09.10 19:10:50.078,0.8499,0.85015,3.20,1.00
2009.09.10 19:10:50.438,0.85,0.85025,2.40,4.00
2009.09.10 19:10:50.769,0.85,0.8503,8.00,2.40
2009.09.10 19:10:51.118,0.8501,0.85035,2.80,1.00
2009.09.10 19:10:51.518,0.8502,0.8504,1.00,2.40
2009.09.10 19:10:51.858,0.8502,0.85045,2.80,1.00
2009.09.10 19:10:53.008,0.8502,0.8505,2.40,1.00
2009.09.10 19:10:53.408,0.8502,0.8505,2.40,4.50
2009.09.10 19:10:54.627,0.8502,0.8504,2.40,1.00
2009.09.10 19:10:55.697,0.8502,0.8504,2.40,1.00
2009.09.10 19:10:56.567,0.8502,0.85035,2.40,1.00
2009.09.10 19:10:57.547,0.8501,0.85035,3.30,1.00
2009.09.10 19:10:57.837,0.8501,0.85035,2.40,1.00
2009.09.10 19:11:02.775,0.8501,0.8504,2.50,6.90
2009.09.10 19:11:03.005,0.8501,0.8504,2.90,6.90
2009.09.10 19:11:03.225,0.8501,0.85035,2.80,1.00
2009.09.10 19:11:03.505,0.8501,0.85035,2.40,1.00
2009.09.10 19:11:06.005,0.8501,0.85035,2.40,4.50
2009.09.10 19:11:08.214,0.8501,0.85035,2.40,1.00
2009.09.10 19:11:08.663,0.8501,0.85035,2.40,1.00
2009.09.10 19:11:09.003,0.8501,0.8504,4.00,6.40
2009.09.10 19:11:12.113,0.8501,0.8503,4.00,1.00
2009.09.10 19:11:16.201,0.8501,0.8503,2.40,1.00
2009.09.10 19:11:17.441,0.8501,0.8503,2.40,1.00
2009.09.10 19:11:31.068,0.8501,0.8504,2.40,6.40
2009.09.10 19:11:31.468,0.85015,0.8504,1.00,2.40
2009.09.10 19:11:31.878,0.8501,0.8504,2.80,3.20
2009.09.10 19:11:32.038,0.8501,0.8504,2.40,6.80
2009.09.10 19:11:32.548,0.8501,0.8504,3.20,6.80
2009.09.10 19:11:32.717,0.8501,0.8504,3.20,2.90
2009.09.10 19:11:32.828,0.8501,0.8504,3.20,5.30
2009.09.10 19:11:32.887,0.8501,0.8504,2.40,8.30
2009.09.10 19:11:33.008,0.8501,0.85035,2.40,1.00
2009.09.10 19:11:33.357,0.8501,0.85035,2.40,6.00
2009.09.10 19:11:33.718,0.85,0.8503,3.30,2.40
2009.09.10 19:11:34.977,0.85,0.8503,3.20,2.40
2009.09.10 19:11:35.317,0.85,0.8503,3.30,2.50
2009.09.10 19:11:35.617,0.85,0.85025,3.20,1.00
2009.09.10 19:11:35.917,0.85,0.8503,3.30,2.50
2009.09.10 19:11:36.207,0.85,0.85025,3.30,1.00
2009.09.10 19:11:37.746,0.85,0.85025,3.20,1.00
2009.09.10 19:11:39.206,0.85,0.8503,3.20,2.50
2009.09.10 19:11:41.866,0.85,0.8503,3.30,2.40
2009.09.10 19:11:50.803,0.84995,0.8502,1.00,2.40
2009.09.10 19:11:51.154,0.84995,0.8502,1.00,2.50
2009.09.10 19:11:52.143,0.84995,0.8502,1.00,2.40
2009.09.10 19:11:52.483,0.84995,0.8502,8.90,2.40
2009.09.10 19:11:56.012,0.84995,0.8502,1.00,2.40
2009.09.10 19:11:57.322,0.84995,0.8502,1.00,2.40
2009.09.10 19:11:58.831,0.84995,0.8502,1.00,2.50
2009.09.10 19:11:59.511,0.84995,0.8502,4.90,2.50
2009.09.10 19:11:59.851,0.84995,0.8502,1.00,2.40
2009.09.10 19:12:00.541,0.84995,0.8502,1.00,2.40
2009.09.10 19:12:00.871,0.84995,0.8502,4.50,2.40
2009.09.10 19:12:01.680,0.85,0.8502,1.00,2.40
2009.09.10 19:12:02.430,0.84995,0.8502,4.50,2.40
2009.09.10 19:12:05.020,0.84995,0.8502,4.10,2.40
2009.09.10 19:12:05.320,0.84995,0.8502,4.00,2.40
2009.09.10 19:12:05.890,0.8499,0.85015,6.80,1.60
2009.09.10 19:12:06.280,0.84985,0.8501,4.90,2.40
2009.09.10 19:12:06.580,0.84985,0.8501,4.00,2.40
2009.09.10 19:12:06.870,0.8498,0.8501,6.50,4.00
2009.09.10 19:12:07.230,0.84985,0.8501,4.40,4.00
2009.09.10 19:12:07.460,0.84985,0.8501,4.00,4.00
2009.09.10 19:12:08.839,0.84985,0.8501,4.00,4.40
2009.09.10 19:12:09.009,0.84985,0.8501,4.00,4.50
2009.09.10 19:12:09.179,0.8498,0.8501,2.80,8.50
2009.09.10 19:12:09.529,0.8498,0.8501,2.80,8.90
2009.09.10 19:12:09.819,0.84975,0.85,4.00,2.40
2009.09.10 19:12:12.328,0.8497,0.85,4.80,2.40
2009.09.10 19:12:12.438,0.8497,0.85,4.00,4.00
2009.09.10 19:12:12.498,0.8497,0.85,2.40,4.00
2009.09.10 19:12:12.958,0.8497,0.84995,2.40,1.60
2009.09.10 19:12:13.078,0.84965,0.8499,4.80,2.40
2009.09.10 19:12:14.178,0.84965,0.8499,4.00,2.40
2009.09.10 19:12:14.678,0.8496,0.8499,3.20,2.40
2009.09.10 19:12:16.437,0.8496,0.8499,3.20,4.00
2009.09.10 19:12:17.497,0.8496,0.8499,2.40,8.40
2009.09.10 19:12:17.707,0.8496,0.84985,2.40,1.60
2009.09.10 19:12:18.527,0.8496,0.84985,2.80,1.60
2009.09.10 19:12:20.676,0.8496,0.84985,2.90,1.60
2009.09.10 19:12:25.785,0.8496,0.8499,2.90,4.00
2009.09.10 19:12:26.135,0.8496,0.8499,3.30,4.00
2009.09.10 19:12:27.125,0.8496,0.8499,2.90,4.00
2009.09.10 19:12:31.134,0.8496,0.8498,1.00,2.40
2009.09.10 19:12:31.483,0.84955,0.8498,4.00,2.40
2009.09.10 19:12:31.783,0.84955,0.8498,4.10,4.00
2009.09.10 19:12:31.963,0.8496,0.8498,1.00,4.00
2009.09.10 19:12:32.193,0.8496,0.8498,1.00,2.40
2009.09.10 19:12:36.922,0.8497,0.8499,1.00,8.00
2009.09.10 19:12:37.142,0.84965,0.8499,2.50,8.00
2009.09.10 19:12:37.742,0.8496,0.8499,2.90,6.40
2009.09.10 19:12:37.862,0.8496,0.8499,2.90,4.00
2009.09.10 19:13:14.063,0.8496,0.8499,2.80,4.10
2009.09.10 19:13:14.243,0.8496,0.8499,2.40,8.50
2009.09.10 19:13:29.220,0.84965,0.8499,1.00,8.10
2009.09.10 19:13:29.330,0.84965,0.8499,1.00,4.00
2009.09.10 19:13:38.648,0.84955,0.8498,8.90,2.40
2009.09.10 19:13:38.827,0.84955,0.8498,4.90,2.40
2009.09.10 19:13:43.246,0.84965,0.8498,1.00,2.40
2009.09.10 19:13:43.466,0.84965,0.8499,1.00,4.00
2009.09.10 19:13:44.936,0.84965,0.8499,1.00,4.10
2009.09.10 19:13:45.286,0.84965,0.8499,1.00,4.00
2009.09.10 19:13:49.655,0.84965,0.8499,1.00,2.40
2009.09.10 19:13:52.124,0.84965,0.8499,1.00,2.80
2009.09.10 19:13:52.354,0.8496,0.8499,2.40,2.50
2009.09.10 19:13:52.474,0.84965,0.8499,1.00,4.00
2009.09.10 19:13:52.814,0.8496,0.8499,2.40,4.50
2009.09.10 19:13:52.924,0.84965,0.8499,1.00,4.00
2009.09.10 19:13:53.274,0.8496,0.8499,2.40,4.50
2009.09.10 19:13:56.613,0.84965,0.8499,1.00,4.10
2009.09.10 19:13:56.943,0.84965,0.8499,1.00,4.00
2009.09.10 19:13:57.223,0.84965,0.8499,1.00,4.40
2009.09.10 19:13:57.403,0.84965,0.8499,1.00,4.00
2009.09.10 19:13:58.143,0.8496,0.8499,2.40,4.50
2009.09.10 19:13:58.263,0.8496,0.8499,2.40,8.50
2009.09.10 19:13:59.012,0.8496,0.8499,2.40,4.50
2009.09.10 19:13:59.482,0.8496,0.8499,2.40,8.50
2009.09.10 19:13:59.652,0.8496,0.8499,2.40,4.50
2009.09.10 19:14:00.122,0.8496,0.84985,2.40,1.00
2009.09.10 19:14:02.222,0.84965,0.8499,1.00,8.40
2009.09.10 19:14:02.392,0.84965,0.8499,1.00,4.40
2009.09.10 19:14:02.632,0.84965,0.8499,1.00,4.00
2009.09.10 19:14:02.862,0.84965,0.8499,4.10,4.00
2009.09.10 19:14:03.491,0.84965,0.8499,4.10,2.40
2009.09.10 19:14:09.930,0.8496,0.8499,2.50,2.80
2009.09.10 19:14:10.260,0.84965,0.8499,4.00,2.40
2009.09.10 19:14:12.559,0.84965,0.8499,4.10,2.40
2009.09.10 19:14:27.495,0.84965,0.8499,4.10,2.80
2009.09.10 19:14:28.685,0.84965,0.8499,4.00,2.80
2009.09.10 19:14:36.533,0.8496,0.84985,2.40,2.90
2009.09.10 19:14:36.883,0.8495,0.8498,2.40,2.80
2009.09.10 19:14:41.782,0.84955,0.8498,4.00,2.40
2009.09.10 19:14:43.552,0.84955,0.8498,4.10,2.40
2009.09.10 19:14:44.531,0.84955,0.8498,4.50,2.40
2009.09.10 19:14:44.981,0.84955,0.8498,8.90,2.40
2009.09.10 19:14:45.661,0.8496,0.8498,1.00,2.40
2009.09.10 19:14:46.871,0.84955,0.8498,8.90,2.40
2009.09.10 19:14:50.870,0.84955,0.8498,10.50,2.40
2009.09.10 19:14:54.019,0.8496,0.8498,1.00,2.40
2009.09.10 19:14:56.608,0.84965,0.8499,4.00,2.80
2009.09.10 19:14:57.708,0.84965,0.8499,4.10,2.80
2009.09.10 19:14:58.648,0.84965,0.8499,4.00,2.80
2009.09.10 19:15:03.777,0.84965,0.84985,4.00,1.00
2009.09.10 19:15:04.007,0.8496,0.84985,2.50,1.00
2009.09.10 19:15:04.217,0.84965,0.8499,4.00,2.80
2009.09.10 19:15:04.677,0.8496,0.8499,3.30,2.80
2009.09.10 19:15:06.906,0.84965,0.8499,4.00,2.80
2009.09.10 19:15:11.475,0.8496,0.84985,2.50,1.00
2009.09.10 19:15:11.715,0.8496,0.8499,2.90,8.40
2009.09.10 19:15:11.995,0.84965,0.8499,4.00,4.40
2009.09.10 19:15:16.444,0.84965,0.84985,4.00,1.00
2009.09.10 19:15:16.794,0.84965,0.8499,4.00,4.40
2009.09.10 19:15:17.024,0.84965,0.8499,4.00,4.50
2009.09.10 19:15:17.254,0.8496,0.8499,2.40,4.50
2009.09.10 19:15:17.544,0.8496,0.8499,2.50,4.40
2009.09.10 19:15:17.773,0.8496,0.8499,2.40,4.50
2009.09.10 19:15:18.683,0.8496,0.8499,2.80,4.50
2009.09.10 19:15:18.913,0.84965,0.8499,4.00,4.40
2009.09.10 19:15:19.073,0.84965,0.8499,4.00,6.90
2009.09.10 19:15:19.183,0.84965,0.84985,4.00,2.90
2009.09.10 19:15:19.353,0.8496,0.84985,2.40,2.90
2009.09.10 19:15:19.523,0.8496,0.84985,2.40,1.00
2009.09.10 19:15:19.703,0.8496,0.8499,2.40,8.50
2009.09.10 19:15:19.813,0.8496,0.8499,2.40,4.50
2009.09.10 19:15:20.153,0.8496,0.8499,2.40,8.50
2009.09.10 19:15:21.923,0.8496,0.84985,2.40,1.00
2009.09.10 19:15:23.052,0.8496,0.8499,2.40,8.50
2009.09.10 19:15:30.990,0.8496,0.8499,2.40,4.50
2009.09.10 19:15:32.320,0.8496,0.8499,2.40,8.50
2009.09.10 19:15:40.808,0.8496,0.8499,2.40,4.00
2009.09.10 19:15:41.158,0.8496,0.8499,2.40,8.40
2009.09.10 19:15:43.417,0.8496,0.8499,2.40,8.50
2009.09.10 19:15:50.116,0.8496,0.8499,3.30,10.90
2009.09.10 19:15:50.406,0.8496,0.84985,2.50,1.00
2009.09.10 19:15:51.505,0.8496,0.84985,2.40,1.00
2009.09.10 19:15:51.745,0.8496,0.84985,2.50,1.00
2009.09.10 19:15:54.564,0.8496,0.84985,2.40,1.00
2009.09.10 19:15:55.255,0.8496,0.84985,2.50,1.00
2009.09.10 19:15:55.554,0.8496,0.84985,2.40,3.10
2009.09.10 19:15:55.834,0.8496,0.84985,2.40,1.00
2009.09.10 19:15:56.124,0.8496,0.84985,2.50,1.00
2009.09.10 19:15:57.164,0.8496,0.8499,3.30,4.80
2009.09.10 19:15:59.053,0.8496,0.8499,3.20,4.80
2009.09.10 19:16:23.948,0.8497,0.84995,2.40,1.00
2009.09.10 19:16:26.757,0.8497,0.84995,2.40,1.00
2009.09.10 19:16:31.706,0.8497,0.84995,2.40,1.00
2009.09.10 19:16:34.366,0.84975,0.84995,1.00,1.00
2009.09.10 19:16:34.535,0.84975,0.84995,4.90,1.00
2009.09.10 19:16:34.645,0.8498,0.85,1.00,6.40
2009.09.10 19:16:34.705,0.8498,0.85,3.20,4.00
2009.09.10 19:16:34.815,0.84985,0.8501,4.00,2.40
2009.09.10 19:16:38.894,0.84985,0.8501,4.10,2.50
2009.09.10 19:16:39.644,0.84985,0.8501,4.10,2.40
2009.09.10 19:16:40.163,0.84985,0.8501,4.00,2.50
2009.09.10 19:16:40.513,0.8498,0.8501,2.40,5.90
2009.09.10 19:16:40.873,0.8498,0.85005,2.40,1.00
2009.09.10 19:16:41.453,0.84985,0.8501,4.00,2.50
2009.09.10 19:16:42.943,0.8499,0.85015,2.40,1.00
2009.09.10 19:16:45.832,0.8499,0.85015,2.40,1.00
2009.09.10 19:16:46.662,0.8499,0.8501,2.40,1.00
2009.09.10 19:16:47.652,0.8499,0.85015,2.40,1.00
2009.09.10 19:16:49.511,0.8499,0.85015,2.80,1.00
2009.09.10 19:16:49.801,0.8499,0.85015,4.40,1.00
2009.09.10 19:16:50.091,0.8499,0.8502,4.50,2.90
2009.09.10 19:16:51.761,0.85,0.85025,2.40,4.90
2009.09.10 19:16:52.101,0.85,0.85025,2.40,1.00
2009.09.10 19:16:53.940,0.85,0.85025,2.50,1.00
2009.09.10 19:16:55.270,0.85,0.85025,2.50,1.00
2009.09.10 19:16:56.250,0.85,0.85025,2.40,1.00
2009.09.10 19:17:00.509,0.85,0.8502,2.40,1.00
2009.09.10 19:17:01.309,0.85,0.85025,2.40,4.50
2009.09.10 19:17:01.648,0.85,0.85025,2.40,3.10
2009.09.10 19:17:01.998,0.85,0.85025,2.40,1.00
2009.09.10 19:17:02.358,0.85,0.85025,2.40,1.00
2009.09.10 19:17:02.698,0.85,0.85025,2.40,1.00
2009.09.10 19:17:03.648,0.85,0.85025,2.50,1.00
2009.09.10 19:17:03.948,0.85,0.85025,2.50,1.00
2009.09.10 19:17:04.068,0.85,0.85025,4.10,1.00
2009.09.10 19:17:05.448,0.85,0.85005,2.50,2.50
2009.09.10 19:17:05.668,0.8498,0.84995,2.40,1.00
2009.09.10 19:17:05.837,0.84975,0.85,1.00,2.80
2009.09.10 19:17:06.178,0.84975,0.8499,8.10,2.90
2009.09.10 19:17:06.458,0.84965,0.8499,4.00,1.00
2009.09.10 19:17:07.207,0.84955,0.8499,11.20,1.00
2009.09.10 19:17:07.587,0.84965,0.8499,1.60,1.00
2009.09.10 19:17:10.906,0.8496,0.8499,1.00,1.00
2009.09.10 19:17:11.256,0.84965,0.8499,4.00,1.00
2009.09.10 19:17:11.606,0.8496,0.8499,1.60,1.00
2009.09.10 19:17:12.776,0.84955,0.8499,11.30,1.00
2009.09.10 19:17:12.996,0.84965,0.8499,4.00,1.00
2009.09.10 19:17:13.056,0.84965,0.8499,4.00,1.00
2009.09.10 19:17:13.276,0.8496,0.84995,1.60,2.90
2009.09.10 19:17:13.625,0.84965,0.84995,4.00,2.10
2009.09.10 19:17:13.965,0.84965,0.84995,8.00,2.00
2009.09.10 19:17:14.315,0.84975,0.84995,1.00,1.60
2009.09.10 19:17:14.655,0.84975,0.84995,4.10,1.00
2009.09.10 19:17:15.055,0.84975,0.85,4.10,4.50
2009.09.10 19:17:15.405,0.84975,0.85,8.40,2.40
2009.09.10 19:17:15.755,0.84975,0.85,4.40,2.40
2009.09.10 19:17:16.105,0.84975,0.85,8.40,2.40
2009.09.10 19:17:16.795,0.84975,0.85,8.50,2.40
2009.09.10 19:17:17.605,0.8498,0.85,1.00,2.40
2009.09.10 19:17:18.124,0.8498,0.85,1.00,4.00
2009.09.10 19:17:18.355,0.84975,0.84995,8.00,1.00
2009.09.10 19:17:18.414,0.8497,0.84995,2.50,1.00
2009.09.10 19:17:19.255,0.8497,0.85,2.50,8.80
2009.09.10 19:17:19.784,0.8497,0.85,2.50,4.80
2009.09.10 19:17:20.294,0.8497,0.85,2.50,3.20
2009.09.10 19:17:36.980,0.84975,0.85,4.00,4.00
2009.09.10 19:17:37.210,0.8498,0.85,1.00,2.40
2009.09.10 19:17:37.480,0.8498,0.85005,2.50,1.00
2009.09.10 19:17:42.689,0.8498,0.85005,2.40,1.00
2009.09.10 19:17:42.979,0.84975,0.85,8.10,3.20
2009.09.10 19:17:43.089,0.84975,0.85,4.10,3.20
2009.09.10 19:17:44.758,0.84975,0.85,4.10,3.30
2009.09.10 19:17:44.988,0.84975,0.85,4.10,3.20
2009.09.10 19:17:50.257,0.84975,0.85,4.10,5.70
2009.09.10 19:17:50.537,0.84975,0.84995,4.00,1.00
2009.09.10 19:17:50.877,0.8497,0.84995,2.40,1.00
2009.09.10 19:17:52.836,0.8497,0.84985,2.40,1.00
2009.09.10 19:17:53.296,0.8496,0.84985,4.00,1.00
2009.09.10 19:17:55.625,0.84965,0.8499,4.80,2.40
2009.09.10 19:17:55.975,0.8497,0.84995,2.40,1.00
2009.09.10 19:17:56.675,0.8497,0.84995,2.80,1.00
2009.09.10 19:17:57.015,0.8498,0.85005,2.40,1.00
2009.09.10 19:17:57.345,0.84985,0.8501,4.00,3.30
2009.09.10 19:18:00.724,0.84985,0.8501,4.10,3.30
2009.09.10 19:18:01.604,0.84985,0.8501,4.10,3.20
2009.09.10 19:18:34.446,0.8497,0.8499,2.40,1.00
2009.09.10 19:18:34.736,0.8496,0.8499,2.50,3.20
2009.09.10 19:18:40.065,0.8496,0.8499,4.80,2.40
2009.09.10 19:18:40.415,0.84965,0.8499,4.00,2.40
2009.09.10 19:18:41.984,0.8497,0.84995,2.50,1.00
2009.09.10 19:18:42.284,0.84975,0.85,4.00,2.50
2009.09.10 19:18:42.524,0.84975,0.84995,4.00,1.00
2009.09.10 19:18:42.764,0.8497,0.84995,2.50,1.00
2009.09.10 19:18:43.004,0.8497,0.84995,2.40,1.00
2009.09.10 19:18:44.854,0.8497,0.84995,2.40,1.00
2009.09.10 19:18:45.603,0.8497,0.84995,2.50,1.00
2009.09.10 19:18:46.343,0.8497,0.84995,2.40,1.00
2009.09.10 19:18:46.573,0.8497,0.84995,2.40,2.10
2009.09.10 19:18:46.963,0.8497,0.8499,2.40,1.00
2009.09.10 19:18:47.613,0.8497,0.84995,2.40,8.70
2009.09.10 19:18:48.023,0.8497,0.84995,2.40,4.40
2009.09.10 19:18:48.373,0.84965,0.8498,5.60,1.00
2009.09.10 19:18:48.703,0.8495,0.84985,2.80,4.00
2009.09.10 19:18:49.003,0.84955,0.8499,4.00,1.00
2009.09.10 19:18:49.493,0.8496,0.8498,2.40,1.00
2009.09.10 19:18:50.853,0.8496,0.8498,2.40,1.00
2009.09.10 19:18:52.922,0.8496,0.8498,2.40,1.00
2009.09.10 19:18:53.381,0.8496,0.84985,2.40,4.80
2009.09.10 19:18:53.662,0.8496,0.84985,2.40,1.00
2009.09.10 19:19:10.208,0.8495,0.8497,2.40,1.00
2009.09.10 19:19:10.498,0.8495,0.8497,2.50,1.00
2009.09.10 19:19:10.787,0.8495,0.84975,2.50,1.00
2009.09.10 19:19:11.127,0.8495,0.84975,2.40,1.00
2009.09.10 19:19:11.407,0.8495,0.8497,2.40,1.00
2009.09.10 19:19:12.417,0.8495,0.84975,2.40,1.00
2009.09.10 19:19:12.757,0.8495,0.84975,2.50,1.00
2009.09.10 19:19:17.606,0.8495,0.84975,4.10,1.00
2009.09.10 19:19:17.816,0.8495,0.8498,2.90,2.90
2009.09.10 19:19:18.375,0.84955,0.8498,4.00,2.90
2009.09.10 19:19:18.695,0.84955,0.8498,4.10,2.90
2009.09.10 19:19:19.055,0.84955,0.84975,4.00,1.00
2009.09.10 19:19:19.435,0.8495,0.8497,2.40,1.00
2009.09.10 19:19:19.615,0.8495,0.84965,2.40,1.00
2009.09.10 19:19:20.205,0.8495,0.8497,2.40,1.00
2009.09.10 19:19:20.705,0.84935,0.8495,8.00,1.00
2009.09.10 19:19:21.395,0.8493,0.8495,6.40,1.00
2009.09.10 19:19:21.745,0.8493,0.8495,2.40,1.00
2009.09.10 19:19:22.424,0.84925,0.8495,4.10,3.20
2009.09.10 19:19:28.733,0.8493,0.8495,2.40,1.00
2009.09.10 19:19:30.013,0.84935,0.8495,1.00,1.00
2009.09.10 19:19:30.073,0.84935,0.8496,4.10,3.20
2009.09.10 19:19:30.313,0.84935,0.8496,5.70,3.20
2009.09.10 19:19:30.363,0.8494,0.8496,2.40,1.00
2009.09.10 19:19:34.162,0.8494,0.84965,2.40,4.50
2009.09.10 19:19:34.282,0.8494,0.84965,2.40,1.00
2009.09.10 19:19:35.841,0.8494,0.84965,2.50,1.00
2009.09.10 19:19:36.601,0.8494,0.8497,2.90,7.30
2009.09.10 19:19:36.901,0.8494,0.8497,2.90,3.30
2009.09.10 19:19:37.591,0.84945,0.8497,1.00,3.30
2009.09.10 19:19:38.401,0.84945,0.8497,1.00,2.50
2009.09.10 19:19:38.521,0.84945,0.8497,1.00,2.40
2009.09.10 19:19:38.581,0.8495,0.84975,2.40,1.00
2009.09.10 19:19:39.021,0.8495,0.84975,2.50,1.00
2009.09.10 19:19:39.310,0.8495,0.8498,2.50,2.90
2009.09.10 19:19:39.770,0.8495,0.8498,2.50,2.80
2009.09.10 19:19:40.000,0.8495,0.8498,2.50,2.90
2009.09.10 19:19:42.610,0.84955,0.8498,1.00,2.80
2009.09.10 19:19:42.890,0.8495,0.8498,2.50,2.80
2009.09.10 19:19:44.909,0.84955,0.8498,4.00,2.80
2009.09.10 19:19:45.839,0.84955,0.8498,4.10,2.80
2009.09.10 19:19:46.069,0.84955,0.8498,4.10,2.90
2009.09.10 19:19:46.599,0.84955,0.8498,4.10,2.80
2009.09.10 19:19:47.449,0.84955,0.8498,4.00,2.80
2009.09.10 19:19:47.688,0.8495,0.8498,4.50,2.40
2009.09.10 19:19:48.179,0.84955,0.8498,4.00,2.40
2009.09.10 19:19:49.758,0.84955,0.8498,4.10,2.40
2009.09.10 19:19:52.327,0.84955,0.8498,8.10,2.40
2009.09.10 19:19:54.627,0.84955,0.8498,8.50,2.40
2009.09.10 19:19:54.677,0.84965,0.8498,1.00,2.40
2009.09.10 19:19:54.977,0.84965,0.8498,4.10,2.40
2009.09.10 19:19:55.197,0.84965,0.8499,4.50,2.40
2009.09.10 19:19:55.467,0.84965,0.8499,4.00,2.40
2009.09.10 19:19:56.096,0.8496,0.8499,4.50,2.40
2009.09.10 19:19:57.207,0.84965,0.8499,1.00,2.80
2009.09.10 19:19:57.436,0.8496,0.8499,4.40,2.90
2009.09.10 19:20:00.615,0.8496,0.8499,4.00,2.90
2009.09.10 19:20:01.485,0.84965,0.8499,4.00,2.90
2009.09.10 19:20:01.825,0.84965,0.8499,4.10,2.80
2009.09.10 19:20:02.185,0.8496,0.8498,6.40,1.00
2009.09.10 19:20:02.475,0.84955,0.8498,1.00,3.20
2009.09.10 19:20:02.655,0.84955,0.8498,4.10,3.20
2009.09.10 19:20:03.005,0.84955,0.8498,1.00,3.20
2009.09.10 19:20:03.125,0.84955,0.8498,4.10,3.20
2009.09.10 19:20:03.295,0.84955,0.8498,1.00,3.20
2009.09.10 19:20:03.635,0.84955,0.8498,4.10,3.20
2009.09.10 19:20:07.634,0.84965,0.8498,1.00,2.40
2009.09.10 19:20:08.273,0.8496,0.8498,1.00,3.20
2009.09.10 19:20:09.363,0.84965,0.8498,1.00,3.20
2009.09.10 19:20:10.423,0.8496,0.8498,1.00,3.20
2009.09.10 19:20:11.173,0.84965,0.8498,1.00,3.20
2009.09.10 19:20:12.963,0.84965,0.8498,1.00,2.40
2009.09.10 19:20:21.311,0.84965,0.8498,4.00,2.40
2009.09.10 19:20:21.640,0.84955,0.84975,8.00,1.00
2009.09.10 19:20:21.990,0.84965,0.8498,4.00,4.00
2009.09.10 19:20:22.340,0.84955,0.8498,8.00,2.40
2009.09.10 19:20:22.740,0.84955,0.8498,4.00,2.40
2009.09.10 19:20:23.200,0.84955,0.8498,8.00,2.40
2009.09.10 19:20:25.109,0.84955,0.8498,4.00,2.40
2009.09.10 19:20:25.729,0.84955,0.8498,8.00,2.40
2009.09.10 19:20:35.007,0.84955,0.8498,4.00,2.40
2009.09.10 19:20:35.237,0.84955,0.8498,8.50,2.40
2009.09.10 19:20:36.437,0.84955,0.8498,8.00,2.40
2009.09.10 19:20:36.667,0.84955,0.8498,4.00,2.90
2009.09.10 19:20:36.907,0.8495,0.8498,2.40,2.90
2009.09.10 19:20:41.485,0.84955,0.8498,4.00,3.30
2009.09.10 19:20:42.825,0.84955,0.8498,4.10,3.20
2009.09.10 19:20:52.163,0.8495,0.84975,2.40,4.80
2009.09.10 19:20:52.553,0.8494,0.8497,4.10,2.40
2009.09.10 19:21:00.491,0.84945,0.8496,4.00,2.40
2009.09.10 19:21:00.841,0.84935,0.8496,4.00,2.40
2009.09.10 19:21:01.891,0.84935,0.8496,4.00,2.50
2009.09.10 19:21:02.181,0.84935,0.8496,4.00,3.30
2009.09.10 19:21:03.430,0.8493,0.8495,2.40,1.00
2009.09.10 19:21:04.000,0.8492,0.8495,4.50,3.30
2009.09.10 19:21:06.110,0.8492,0.8495,6.10,3.30
2009.09.10 19:21:07.629,0.8492,0.84935,4.00,1.00
2009.09.10 19:21:07.929,0.8491,0.84935,2.50,1.00
2009.09.10 19:21:08.279,0.8491,0.84935,4.10,4.80
2009.09.10 19:21:08.399,0.8491,0.84935,2.50,4.80
2009.09.10 19:21:08.459,0.8492,0.84935,2.40,1.00
2009.09.10 19:21:08.629,0.8492,0.8494,2.40,1.00
2009.09.10 19:21:08.919,0.8492,0.84945,2.40,1.00
2009.09.10 19:21:10.539,0.8492,0.84945,4.00,1.00
2009.09.10 19:21:12.558,0.8492,0.8495,4.40,2.90
2009.09.10 19:21:13.798,0.8492,0.8495,4.50,2.90
2009.09.10 19:21:14.657,0.84925,0.8495,1.00,2.90
2009.09.10 19:21:16.027,0.84925,0.8495,1.00,2.80
2009.09.10 19:21:16.777,0.8492,0.8495,4.50,2.90
2009.09.10 19:21:17.747,0.8492,0.84945,4.10,1.00
2009.09.10 19:21:18.656,0.8492,0.84945,4.10,1.00
2009.09.10 19:21:19.666,0.8492,0.84945,4.10,1.00
2009.09.10 19:21:22.886,0.84925,0.8495,4.00,2.40
2009.09.10 19:21:49.489,0.84925,0.8495,4.10,2.40
2009.09.10 19:21:50.609,0.84925,0.8495,4.00,2.40
2009.09.10 19:21:59.557,0.84925,0.8495,4.40,2.40
2009.09.10 19:22:00.007,0.8493,0.84955,2.40,1.00
2009.09.10 19:22:01.806,0.8493,0.84955,2.40,1.00
2009.09.10 19:22:02.576,0.8493,0.8496,2.40,7.50
2009.09.10 19:22:03.147,0.8493,0.8496,2.40,5.90
2009.09.10 19:22:03.436,0.8493,0.8496,2.50,5.70
2009.09.10 19:22:14.073,0.84935,0.8494,4.00,1.60
2009.09.10 19:22:15.643,0.84925,0.8494,4.00,1.60
2009.09.10 19:22:15.883,0.8492,0.8494,2.40,1.60
2009.09.10 19:22:18.382,0.8492,0.84935,2.40,1.60
2009.09.10 19:22:18.902,0.8492,0.8494,2.40,1.60
2009.09.10 19:22:19.612,0.8492,0.8493,2.40,1.60
2009.09.10 19:22:20.252,0.8491,0.8493,2.50,1.60
2009.09.10 19:22:21.231,0.8491,0.84925,2.40,1.60
2009.09.10 19:22:21.521,0.84905,0.8492,1.00,1.60
2009.09.10 19:22:22.551,0.849,0.8492,2.90,1.60
2009.09.10 19:22:25.371,0.849,0.8492,2.50,1.60
2009.09.10 19:22:27.610,0.849,0.8492,2.40,1.60
2009.09.10 19:22:30.030,0.8491,0.8493,2.90,1.60
2009.09.10 19:22:30.379,0.84915,0.8493,4.00,1.60
2009.09.10 19:22:30.739,0.8491,0.84925,2.50,1.60
2009.09.10 19:22:32.409,0.8491,0.8493,2.50,1.60
2009.09.10 19:22:32.649,0.8491,0.8493,2.40,1.60
2009.09.10 19:22:44.206,0.8491,0.84925,2.40,1.60
2009.09.10 19:22:48.655,0.8491,0.8492,2.40,1.60
2009.09.10 19:22:56.583,0.8491,0.84925,2.40,1.60
2009.09.10 19:22:59.482,0.8491,0.84935,2.40,1.00
2009.09.10 19:23:00.572,0.8491,0.84935,2.40,7.30
2009.09.10 19:23:01.972,0.8491,0.84935,2.40,7.50
2009.09.10 19:23:12.249,0.8491,0.84935,2.40,3.50
2009.09.10 19:23:12.599,0.849,0.84925,2.50,3.30
2009.09.10 19:23:12.949,0.849,0.84925,2.50,4.00
2009.09.10 19:23:13.299,0.84905,0.8493,1.00,3.20
2009.09.10 19:23:17.098,0.849,0.8493,2.50,9.90
2009.09.10 19:23:17.318,0.849,0.84925,2.50,1.00
2009.09.10 19:23:18.598,0.849,0.84925,2.50,1.00
2009.09.10 19:23:18.938,0.849,0.84925,2.50,1.00
2009.09.10 19:23:19.568,0.849,0.8493,2.90,3.30
2009.09.10 19:23:20.607,0.84905,0.8493,1.00,3.30
2009.09.10 19:23:20.997,0.84905,0.8493,1.00,4.90
2009.09.10 19:23:21.637,0.84905,0.8493,1.00,4.80
2009.09.10 19:23:23.936,0.849,0.84925,2.50,1.00
2009.09.10 19:23:24.616,0.849,0.8493,2.90,7.30
2009.09.10 19:23:24.726,0.849,0.8493,2.90,3.30
2009.09.10 19:23:24.786,0.849,0.8493,2.90,3.20
2009.09.10 19:23:25.146,0.849,0.8493,2.90,3.30
2009.09.10 19:23:25.386,0.849,0.8493,2.90,3.20
2009.09.10 19:23:25.896,0.84905,0.8493,1.00,3.20
2009.09.10 19:23:31.625,0.84905,0.8493,4.50,2.40
2009.09.10 19:23:35.833,0.84915,0.8493,1.00,2.40
2009.09.10 19:23:36.174,0.84915,0.8494,1.00,5.70
2009.09.10 19:23:36.803,0.8491,0.84935,2.40,3.30
2009.09.10 19:23:37.343,0.84905,0.8493,4.50,2.40
2009.09.10 19:23:52.160,0.8491,0.84935,2.40,3.30
2009.09.10 19:23:52.329,0.84915,0.84935,1.00,2.50
2009.09.10 19:23:52.559,0.84915,0.8494,1.00,8.10
2009.09.10 19:23:52.730,0.84915,0.8494,1.00,5.70
2009.09.10 19:23:53.479,0.8491,0.84935,2.40,3.30
2009.09.10 19:23:54.639,0.8491,0.84935,2.40,2.50
2009.09.10 19:23:54.749,0.8491,0.8494,2.40,11.30
2009.09.10 19:23:54.809,0.8491,0.8494,2.40,7.30
2009.09.10 19:23:54.989,0.8491,0.8494,2.40,3.20
2009.09.10 19:23:55.629,0.8491,0.8494,2.50,3.20
2009.09.10 19:23:55.749,0.8491,0.8494,2.50,4.80
2009.09.10 19:23:58.108,0.84915,0.8494,4.50,2.40
2009.09.10 19:23:59.508,0.84915,0.8494,6.10,2.40
2009.09.10 19:23:59.788,0.8492,0.84945,2.40,1.00
2009.09.10 19:24:00.708,0.8492,0.84945,2.50,1.00
2009.09.10 19:24:01.677,0.84925,0.84945,1.00,1.00
2009.09.10 19:24:02.847,0.8492,0.84945,2.40,2.40
2009.09.10 19:24:09.176,0.8492,0.84945,2.40,2.50
2009.09.10 19:24:09.406,0.8492,0.84935,2.40,3.30
2009.09.10 19:24:09.575,0.8491,0.84935,2.40,3.30
2009.09.10 19:24:09.745,0.8491,0.84935,2.40,7.30
2009.09.10 19:24:12.675,0.8491,0.84935,2.40,7.50
2009.09.10 19:24:18.683,0.8491,0.84935,2.40,7.30
2009.09.10 19:24:18.733,0.8491,0.84935,2.40,6.50
2009.09.10 19:24:18.793,0.8491,0.84935,2.40,4.00
2009.09.10 19:24:18.913,0.8491,0.8494,2.40,3.60
2009.09.10 19:24:19.023,0.8491,0.8494,2.40,2.80
2009.09.10 19:24:19.083,0.8491,0.8494,4.00,2.80
2009.09.10 19:24:38.938,0.84915,0.8494,1.00,2.80
2009.09.10 19:24:39.048,0.8492,0.8494,1.00,2.40
2009.09.10 19:24:39.168,0.8492,0.84945,2.50,1.00
2009.09.10 19:24:39.288,0.8492,0.84945,4.10,1.00
2009.09.10 19:24:39.468,0.8492,0.84945,2.50,1.00
2009.09.10 19:24:40.718,0.84925,0.84945,1.00,1.00
2009.09.10 19:24:41.698,0.8492,0.84945,2.50,1.00
2009.09.10 19:24:42.537,0.8492,0.84945,4.10,1.00
2009.09.10 19:24:42.867,0.8492,0.84945,5.70,1.00
2009.09.10 19:24:43.737,0.8492,0.84945,4.10,2.00
2009.09.10 19:24:46.336,0.8493,0.84945,2.40,1.60
2009.09.10 19:24:47.026,0.8493,0.8496,4.00,8.10
2009.09.10 19:24:47.656,0.84945,0.8496,4.00,2.40
2009.09.10 19:24:47.996,0.84945,0.84965,4.00,1.60
2009.09.10 19:24:49.856,0.84945,0.84965,4.10,1.60
2009.09.10 19:24:50.326,0.84945,0.8496,4.10,1.60
2009.09.10 19:24:51.006,0.84945,0.8496,1.00,1.60
2009.09.10 19:24:53.645,0.8494,0.8496,2.90,1.60
2009.09.10 19:25:09.931,0.8494,0.8496,2.80,1.60
2009.09.10 19:25:10.161,0.8494,0.8496,2.90,1.60
2009.09.10 19:25:14.320,0.8494,0.84955,2.90,1.60
2009.09.10 19:25:14.800,0.8494,0.84955,2.50,1.60
2009.09.10 19:25:14.970,0.84935,0.84945,4.00,1.60
2009.09.10 19:25:15.080,0.8493,0.84945,2.50,1.60
2009.09.10 19:25:15.940,0.8493,0.84945,2.40,1.60
2009.09.10 19:25:16.110,0.8493,0.8495,2.40,1.60
2009.09.10 19:25:17.889,0.8493,0.8495,2.50,1.60
2009.09.10 19:25:18.449,0.8493,0.84955,2.50,1.60
2009.09.10 19:25:32.246,0.8494,0.84965,2.80,1.60
2009.09.10 19:25:32.595,0.8494,0.84955,2.40,1.60
2009.09.10 19:25:33.225,0.8493,0.84955,2.40,1.60
2009.09.10 19:25:37.544,0.8493,0.84955,2.50,1.60
2009.09.10 19:25:38.234,0.8493,0.84955,2.40,1.60
2009.09.10 19:25:50.511,0.8493,0.8496,2.50,4.00
2009.09.10 19:25:58.349,0.8494,0.8496,1.00,4.00
2009.09.10 19:25:58.809,0.8494,0.8496,1.00,2.40
2009.09.10 19:26:00.699,0.8494,0.8496,1.00,2.40
2009.09.10 19:26:01.628,0.84945,0.8496,1.00,2.40
2009.09.10 19:26:02.988,0.8494,0.8496,1.00,2.40
2009.09.10 19:26:07.707,0.84945,0.8496,1.00,2.40
2009.09.10 19:26:08.957,0.84945,0.8497,1.00,8.80
2009.09.10 19:26:09.707,0.84945,0.8497,1.00,4.80
2009.09.10 19:26:22.233,0.84945,0.8497,1.00,3.20
2009.09.10 19:26:26.683,0.84945,0.8497,4.10,3.20
2009.09.10 19:26:39.200,0.84945,0.8497,4.10,2.80
2009.09.10 19:26:39.420,0.84945,0.8497,1.00,2.80
2009.09.10 19:26:39.719,0.84945,0.8497,1.00,2.40
2009.09.10 19:26:40.289,0.8495,0.84975,2.50,4.00
2009.09.10 19:26:40.469,0.8495,0.8498,2.50,6.80
2009.09.10 19:26:41.349,0.8495,0.84975,2.50,1.00
2009.09.10 19:26:41.739,0.8495,0.84975,2.40,4.50
2009.09.10 19:26:46.178,0.84955,0.8498,10.10,2.40
2009.09.10 19:26:46.418,0.84955,0.8498,8.50,4.00
2009.09.10 19:26:46.708,0.84955,0.84975,4.10,1.60
2009.09.10 19:26:48.357,0.84955,0.84975,4.00,1.60
2009.09.10 19:26:48.467,0.8495,0.84975,2.50,1.60
2009.09.10 19:26:48.587,0.84955,0.84975,1.00,1.60
2009.09.10 19:26:51.127,0.8495,0.84975,2.50,1.60
2009.09.10 19:26:51.177,0.8495,0.84975,2.90,1.60
2009.09.10 19:26:52.876,0.8495,0.84975,2.80,1.60
2009.09.10 19:26:53.276,0.8495,0.84975,2.90,1.60
2009.09.10 19:26:53.906,0.8495,0.84975,2.80,1.60
2009.09.10 19:26:54.026,0.8495,0.84975,2.90,1.60
2009.09.10 19:26:56.286,0.8495,0.8497,2.80,1.60
2009.09.10 19:26:56.405,0.8495,0.8497,2.40,1.60
2009.09.10 19:26:57.485,0.8495,0.84975,2.90,1.60
2009.09.10 19:26:58.155,0.8495,0.84975,2.80,1.60
2009.09.10 19:26:58.495,0.8495,0.8497,2.50,1.60
2009.09.10 19:26:58.665,0.8495,0.84975,2.50,1.60
2009.09.10 19:26:58.775,0.8495,0.84975,2.90,1.60
2009.09.10 19:27:00.314,0.84955,0.84975,1.00,1.60
2009.09.10 19:27:00.604,0.8495,0.84975,2.90,1.60
2009.09.10 19:27:02.594,0.8495,0.8497,2.90,1.60
2009.09.10 19:27:02.934,0.8495,0.8497,2.40,1.60
2009.09.10 19:27:03.274,0.8495,0.84975,2.40,1.60
2009.09.10 19:27:03.623,0.8495,0.84975,2.90,1.60
2009.09.10 19:27:04.153,0.8495,0.84975,2.80,1.60
2009.09.10 19:27:04.433,0.8495,0.8497,2.40,1.60
2009.09.10 19:27:05.213,0.8495,0.84975,2.40,1.60
2009.09.10 19:27:05.334,0.8495,0.84975,2.80,1.60
2009.09.10 19:27:05.443,0.8495,0.84975,2.90,1.60
2009.09.10 19:27:08.513,0.84955,0.8497,1.00,1.60
2009.09.10 19:27:08.682,0.8495,0.8497,2.40,1.60
2009.09.10 19:27:09.772,0.8495,0.8497,2.50,1.60
2009.09.10 19:27:10.582,0.8495,0.8497,2.80,1.60
2009.09.10 19:27:10.862,0.84955,0.84975,4.40,1.60
2009.09.10 19:27:11.492,0.84955,0.84975,4.50,1.60
2009.09.10 19:27:12.731,0.8496,0.84975,1.00,1.60
2009.09.10 19:27:29.167,0.8496,0.8498,1.00,4.00
2009.09.10 19:27:35.936,0.84955,0.8498,4.50,4.00
2009.09.10 19:27:36.106,0.8496,0.8498,2.50,1.60
2009.09.10 19:27:43.554,0.8496,0.84975,2.50,1.60
2009.09.10 19:27:56.131,0.84955,0.8498,1.00,3.20
2009.09.10 19:27:57.351,0.84955,0.8498,4.10,3.20
2009.09.10 19:27:58.380,0.84955,0.84975,4.10,1.60
2009.09.10 19:28:16.525,0.84955,0.8498,1.00,4.00
2009.09.10 19:28:18.265,0.84955,0.8498,4.10,4.00
2009.09.10 19:28:19.715,0.8496,0.8498,1.00,4.00
2009.09.10 19:28:20.247,0.84955,0.8498,4.10,4.00
2009.09.10 19:28:20.585,0.8496,0.8498,1.00,4.00
2009.09.10 19:28:20.935,0.84955,0.8497,4.10,1.60
2009.09.10 19:28:21.574,0.84955,0.8497,1.00,1.60
2009.09.10 19:28:32.452,0.84955,0.84975,1.00,1.60
2009.09.10 19:29:13.452,0.84955,0.8498,1.00,3.20
2009.09.10 19:29:13.792,0.84955,0.8498,1.00,2.40
2009.09.10 19:29:14.132,0.84955,0.8498,6.00,2.40
2009.09.10 19:29:14.421,0.8496,0.84985,2.40,1.00
2009.09.10 19:29:16.921,0.8496,0.84985,2.50,1.00
2009.09.10 19:29:27.958,0.8496,0.84985,2.50,3.30
2009.09.10 19:29:28.288,0.8496,0.84985,2.50,7.30
2009.09.10 19:29:32.487,0.8496,0.84985,2.50,4.80
2009.09.10 19:29:32.897,0.8496,0.84985,2.50,1.00
2009.09.10 19:29:33.257,0.8496,0.8499,2.50,9.60
2009.09.10 19:29:33.607,0.84965,0.8499,1.00,9.60
2009.09.10 19:29:37.136,0.84965,0.8499,1.00,9.60
2009.09.10 19:29:37.486,0.84965,0.8498,1.00,1.60
2009.09.10 19:29:37.826,0.8497,0.8499,1.00,4.00
2009.09.10 19:29:38.176,0.84975,0.84995,1.00,1.60
2009.09.10 19:29:42.625,0.8497,0.84985,2.90,1.60
2009.09.10 19:29:43.015,0.8497,0.84985,2.50,1.60
2009.09.10 19:29:43.815,0.8497,0.8499,2.50,1.60
2009.09.10 19:29:44.754,0.8497,0.8499,2.90,1.60
2009.09.10 19:29:46.254,0.8497,0.8499,2.50,1.60
2009.09.10 19:29:47.094,0.8497,0.8499,2.90,1.60
2009.09.10 19:29:48.483,0.8497,0.8499,2.50,1.60
2009.09.10 19:29:48.833,0.8497,0.8499,2.90,1.60
2009.09.10 19:29:49.173,0.8497,0.84985,2.50,1.60
2009.09.10 19:29:49.293,0.8497,0.84985,2.40,1.60
2009.09.10 19:30:00.121,0.8497,0.8498,2.40,1.60
2009.09.10 19:30:01.440,0.8497,0.84985,2.40,1.60
2009.09.10 19:30:01.490,0.84965,0.84985,1.00,1.60
2009.09.10 19:30:01.550,0.84965,0.8499,1.00,4.00
2009.09.10 19:30:01.610,0.8497,0.8499,1.00,4.00
2009.09.10 19:30:01.730,0.8497,0.8499,1.00,2.40
2009.09.10 19:30:02.080,0.8497,0.84995,2.80,1.60
2009.09.10 19:30:02.420,0.8497,0.8499,2.80,1.60
2009.09.10 19:30:03.760,0.8497,0.8499,2.50,1.60
2009.09.10 19:30:04.609,0.8497,0.8498,2.50,1.60
2009.09.10 19:30:04.780,0.8497,0.8498,2.40,1.60
2009.09.10 19:30:05.130,0.8495,0.84975,3.30,1.60
2009.09.10 19:30:05.809,0.84945,0.84975,4.10,4.40
2009.09.10 19:30:05.919,0.8494,0.8496,2.10,1.60
2009.09.10 19:30:06.039,0.8494,0.8496,2.50,1.60
2009.09.10 19:30:06.329,0.8494,0.8496,1.00,1.60
2009.09.10 19:30:06.489,0.8495,0.8496,1.00,1.60
2009.09.10 19:30:06.549,0.8495,0.84965,1.00,1.60
2009.09.10 19:30:06.649,0.8495,0.8497,1.00,1.60
2009.09.10 19:30:06.819,0.8495,0.8497,2.90,1.60
2009.09.10 19:30:07.959,0.8495,0.8497,2.50,1.60
2009.09.10 19:30:08.299,0.84955,0.8498,1.00,4.00
2009.09.10 19:30:08.649,0.8495,0.8497,2.50,1.60
2009.09.10 19:30:09.009,0.8496,0.8497,2.40,1.60
2009.09.10 19:30:09.188,0.8496,0.8497,2.80,1.60
2009.09.10 19:30:09.758,0.8496,0.84975,2.80,1.60
2009.09.10 19:30:10.848,0.8496,0.84975,2.90,1.60
2009.09.10 19:30:11.548,0.8496,0.8498,2.40,1.60
2009.09.10 19:30:12.528,0.84965,0.84985,4.00,1.60
2009.09.10 19:30:12.878,0.8496,0.84985,2.50,1.60
2009.09.10 19:30:13.228,0.8496,0.8498,2.40,1.60
2009.09.10 19:30:13.937,0.8497,0.8498,1.00,1.60
2009.09.10 19:30:14.277,0.8497,0.84985,1.00,1.60
2009.09.10 19:30:14.617,0.8496,0.84985,6.40,1.60
2009.09.10 19:30:14.717,0.8496,0.8498,2.40,1.60
2009.09.10 19:30:15.847,0.84965,0.8498,1.00,1.60
2009.09.10 19:30:16.007,0.8497,0.84985,1.00,1.60
2009.09.10 19:30:16.237,0.84975,0.8499,1.00,4.00
2009.09.10 19:30:16.756,0.8497,0.8499,2.40,1.60
2009.09.10 19:30:19.936,0.84975,0.8499,1.00,1.60
2009.09.10 19:30:20.276,0.84975,0.8499,1.00,1.60
2009.09.10 19:30:20.516,0.8497,0.8499,2.40,1.60
2009.09.10 19:30:39.791,0.8497,0.8498,2.40,1.60
2009.09.10 19:30:40.241,0.8497,0.8499,2.40,1.60
2009.09.10 19:30:50.379,0.8497,0.84995,6.50,1.60
2009.09.10 19:30:50.439,0.84975,0.84995,4.40,1.60
2009.09.10 19:30:52.278,0.84975,0.84995,4.50,1.60
2009.09.10 19:30:59.946,0.84975,0.84995,4.40,1.60
2009.09.10 19:31:00.126,0.84975,0.84995,4.50,1.60
2009.09.10 19:31:00.736,0.8498,0.84995,1.00,1.60
2009.09.10 19:31:01.086,0.84975,0.84995,8.50,1.60
2009.09.10 19:31:01.376,0.84975,0.84995,4.40,1.60
2009.09.10 19:31:01.706,0.84975,0.84995,4.50,1.60
2009.09.10 19:31:02.796,0.8498,0.84995,1.00,1.60
2009.09.10 19:31:03.135,0.8498,0.85,1.00,4.00
2009.09.10 19:31:03.425,0.8498,0.85,1.00,4.00
2009.09.10 19:31:03.705,0.84975,0.84995,4.50,1.60
2009.09.10 19:31:07.145,0.84985,0.84995,4.00,1.60
2009.09.10 19:31:09.404,0.84985,0.84995,8.00,1.60
2009.09.10 19:31:09.574,0.84985,0.84995,4.00,1.60
2009.09.10 19:31:12.283,0.84975,0.84995,4.50,1.60
2009.09.10 19:31:12.983,0.84975,0.84995,4.40,1.60
2009.09.10 19:31:14.423,0.84975,0.8499,4.00,1.60
2009.09.10 19:31:14.763,0.8497,0.8499,4.50,1.60
2009.09.10 19:31:15.153,0.84975,0.8499,1.00,1.60
2009.09.10 19:31:15.272,0.8497,0.8499,8.50,1.60
2009.09.10 19:31:15.382,0.8497,0.84995,4.50,1.60
2009.09.10 19:31:16.093,0.8497,0.8499,4.50,1.60
2009.09.10 19:31:16.482,0.84975,0.8499,1.00,1.60
2009.09.10 19:31:16.822,0.8497,0.8499,4.50,1.60
2009.09.10 19:31:17.402,0.84975,0.84995,1.00,1.60
2009.09.10 19:31:17.752,0.84965,0.84985,1.00,1.60
2009.09.10 19:31:18.142,0.8497,0.84985,2.40,1.60
2009.09.10 19:31:19.482,0.84975,0.84985,1.00,1.60
2009.09.10 19:31:27.480,0.84975,0.84995,1.00,1.60
2009.09.10 19:31:30.919,0.84975,0.84995,4.50,1.60
2009.09.10 19:31:31.220,0.84975,0.84995,1.00,1.60
2009.09.10 19:31:37.027,0.84975,0.84985,1.00,1.60
2009.09.10 19:31:37.307,0.8497,0.84985,2.50,1.60
2009.09.10 19:31:37.578,0.8496,0.8498,2.40,1.60
2009.09.10 19:31:38.207,0.8496,0.84975,2.40,1.60
2009.09.10 19:31:38.527,0.84965,0.84985,1.00,1.60
2009.09.10 19:31:38.887,0.84965,0.84985,4.50,1.60
2009.09.10 19:31:39.287,0.84965,0.84985,4.40,1.60
2009.09.10 19:31:39.457,0.84965,0.84985,4.50,1.60
2009.09.10 19:31:39.576,0.84965,0.8499,4.50,2.40
2009.09.10 19:31:41.096,0.8497,0.8499,1.00,2.40
2009.09.10 19:31:41.327,0.8497,0.8499,1.00,2.40
2009.09.10 19:31:41.566,0.8497,0.85,2.40,2.90
2009.09.10 19:31:41.686,0.8497,0.85,2.40,6.90
2009.09.10 19:31:44.246,0.8497,0.85,2.90,2.90
2009.09.10 19:31:44.476,0.8497,0.85,2.80,2.90
2009.09.10 19:31:44.705,0.8497,0.85,2.40,6.90
2009.09.10 19:31:49.994,0.8497,0.85,2.40,2.90
2009.09.10 19:31:50.454,0.8497,0.85,2.40,6.90
2009.09.10 19:31:59.342,0.8497,0.85,2.40,6.80
2009.09.10 19:31:59.402,0.8497,0.85,4.00,6.80
2009.09.10 19:31:59.462,0.8497,0.85,4.40,2.40
2009.09.10 19:31:59.582,0.84975,0.85,4.40,2.40
2009.09.10 19:32:00.682,0.84975,0.85,1.00,2.40
2009.09.10 19:32:01.551,0.84975,0.85,1.00,2.40
2009.09.10 19:32:03.541,0.84975,0.85,4.50,2.40
2009.09.10 19:32:03.901,0.84975,0.85,8.50,2.40
2009.09.10 19:32:09.379,0.8498,0.8501,3.20,6.40
2009.09.10 19:32:09.679,0.8498,0.8501,2.80,2.40
2009.09.10 19:32:10.249,0.84985,0.8501,4.00,2.40
2009.09.10 19:32:11.729,0.8498,0.8501,2.40,6.40
2009.09.10 19:32:13.688,0.8498,0.8501,2.40,2.40
2009.09.10 19:32:13.909,0.8498,0.8501,3.20,2.40
2009.09.10 19:32:14.669,0.84985,0.8501,4.40,2.40
2009.09.10 19:32:15.138,0.8498,0.8501,3.20,2.40
2009.09.10 19:32:17.577,0.84985,0.8501,1.00,2.40
2009.09.10 19:32:17.868,0.84985,0.8501,4.50,2.40
2009.09.10 19:32:20.107,0.8499,0.8501,1.00,2.40
2009.09.10 19:32:21.427,0.84995,0.8501,1.00,2.40
2009.09.10 19:32:21.717,0.84995,0.8502,1.00,8.00
2009.09.10 19:32:21.996,0.8499,0.8502,2.80,2.40
2009.09.10 19:32:22.226,0.8499,0.8502,2.90,4.00
2009.09.10 19:32:24.966,0.8499,0.8502,2.90,4.80
2009.09.10 19:32:25.086,0.8499,0.8501,2.80,1.00
2009.09.10 19:32:25.196,0.8499,0.8501,2.40,2.50
2009.09.10 19:32:25.306,0.84985,0.8501,4.00,4.90
2009.09.10 19:32:25.426,0.8498,0.8501,6.90,8.90
2009.09.10 19:32:25.596,0.8498,0.8501,2.90,8.90
2009.09.10 19:32:25.766,0.8498,0.8501,2.90,10.50
2009.09.10 19:32:27.785,0.8498,0.8501,2.90,10.40
2009.09.10 19:32:28.185,0.8498,0.8501,2.90,2.40
2009.09.10 19:32:29.505,0.8499,0.8501,1.00,2.40
2009.09.10 19:32:30.794,0.84985,0.8501,8.50,2.40
2009.09.10 19:32:31.244,0.8499,0.85015,2.40,1.00
2009.09.10 19:32:31.644,0.8499,0.85015,2.50,1.00
2009.09.10 19:32:32.004,0.8499,0.85015,2.40,1.00
2009.09.10 19:32:32.384,0.8499,0.85015,2.40,1.00
2009.09.10 19:32:33.743,0.8499,0.85015,2.50,1.00
2009.09.10 19:32:34.963,0.8499,0.85015,2.40,1.00
2009.09.10 19:32:35.143,0.8499,0.85015,2.40,1.00
2009.09.10 19:32:36.053,0.84985,0.8501,4.10,2.40
2009.09.10 19:32:43.041,0.84985,0.8501,4.00,2.40
2009.09.10 19:32:43.381,0.8498,0.8501,4.50,2.80
2009.09.10 19:32:44.661,0.8498,0.8501,4.50,2.90
2009.09.10 19:32:47.890,0.84985,0.8501,1.00,2.80
2009.09.10 19:32:48.870,0.8498,0.8501,4.50,2.80
2009.09.10 19:32:49.110,0.8498,0.8501,10.10,2.40
2009.09.10 19:32:49.280,0.84985,0.8501,4.00,2.40
2009.09.10 19:32:50.639,0.84985,0.8501,4.10,2.40
2009.09.10 19:32:53.969,0.8499,0.85015,2.40,1.00
2009.09.10 19:32:59.588,0.8499,0.8502,2.90,6.40
2009.09.10 19:32:59.887,0.8499,0.8502,2.90,2.40
2009.09.10 19:33:00.897,0.84995,0.8502,1.00,2.40
2009.09.10 19:33:04.696,0.8499,0.8502,2.50,2.80
2009.09.10 19:33:04.986,0.8499,0.8502,2.50,6.80
2009.09.10 19:33:09.785,0.8499,0.8502,2.90,6.80
2009.09.10 19:33:16.993,0.84995,0.8502,1.00,2.40
2009.09.10 19:33:17.613,0.84995,0.8502,4.10,2.40
2009.09.10 19:33:17.953,0.84995,0.8502,1.00,2.40
2009.09.10 19:33:23.392,0.84995,0.8502,4.10,2.40
2009.09.10 19:33:25.021,0.84995,0.8502,4.00,2.40
2009.09.10 19:33:27.880,0.85,0.8503,2.40,7.20
2009.09.10 19:33:33.119,0.85,0.8503,2.40,9.70
2009.09.10 19:33:33.529,0.85,0.85025,2.40,7.30
2009.09.10 19:33:33.869,0.8499,0.8502,2.50,2.80
2009.09.10 19:33:34.159,0.8499,0.8502,2.50,6.80
2009.09.10 19:33:36.069,0.8499,0.8502,2.50,2.80
2009.09.10 19:33:36.418,0.8499,0.8502,2.50,6.80
2009.09.10 19:33:44.706,0.84995,0.8502,4.10,2.80
2009.09.10 19:33:55.404,0.84995,0.8502,4.00,2.80
2009.09.10 19:33:55.634,0.8499,0.8502,2.90,3.20
2009.09.10 19:34:26.936,0.85005,0.8502,6.00,2.40
2009.09.10 19:34:27.326,0.85,0.8503,2.80,3.20
2009.09.10 19:34:27.676,0.85,0.85025,2.40,1.00
2009.09.10 19:34:28.007,0.85,0.85025,2.40,4.80
2009.09.10 19:34:30.606,0.85,0.85025,2.40,1.00
2009.09.10 19:34:41.293,0.85,0.8502,2.40,1.00
2009.09.10 19:34:44.032,0.85,0.8503,2.50,9.20
2009.09.10 19:34:44.252,0.85,0.8503,2.50,8.40
2009.09.10 19:34:46.272,0.85005,0.8503,1.00,8.40
2009.09.10 19:34:46.602,0.85005,0.8503,1.00,4.40
2009.09.10 19:34:57.129,0.85,0.8503,2.50,4.40
2009.09.10 19:34:57.369,0.85,0.8503,2.50,8.40
2009.09.10 19:34:57.599,0.85,0.8503,2.40,8.40
2009.09.10 19:34:57.869,0.85,0.8503,2.40,4.40
2009.09.10 19:34:58.209,0.85,0.8503,2.40,8.40
2009.09.10 19:34:58.569,0.85,0.8503,2.40,4.40
2009.09.10 19:34:58.919,0.85,0.8503,2.50,4.40
2009.09.10 19:35:04.747,0.85,0.8503,2.40,4.40
2009.09.10 19:35:04.917,0.85,0.8503,2.40,8.40
2009.09.10 19:35:06.957,0.85,0.85025,2.40,4.00
2009.09.10 19:35:08.687,0.85,0.85025,2.50,4.00
2009.09.10 19:35:09.956,0.85,0.85015,2.50,1.60
2009.09.10 19:35:10.226,0.85,0.85015,2.40,1.60
2009.09.10 19:35:11.496,0.85,0.85025,2.40,4.00
2009.09.10 19:35:18.824,0.85,0.8503,2.40,9.30
2009.09.10 19:35:19.154,0.85,0.85025,2.40,4.00
2009.09.10 19:35:22.883,0.85,0.8501,2.40,1.60
2009.09.10 19:35:23.223,0.84995,0.8501,1.00,1.60
2009.09.10 19:35:34.630,0.84995,0.8502,1.00,6.40
2009.09.10 19:35:36.360,0.84995,0.8502,1.00,2.40
2009.09.10 19:35:37.680,0.8499,0.8502,4.10,6.40
2009.09.10 19:35:38.959,0.84995,0.8502,1.00,6.40
2009.09.10 19:35:43.138,0.84995,0.8502,1.00,2.40
2009.09.10 19:35:43.838,0.8499,0.8502,4.10,2.40
2009.09.10 19:35:44.198,0.84995,0.8502,1.00,2.40
2009.09.10 19:35:44.378,0.8499,0.8502,4.10,2.40
2009.09.10 19:35:44.618,0.84995,0.8502,1.00,2.40
2009.09.10 19:35:44.838,0.84995,0.8501,1.00,1.60
2009.09.10 19:35:46.527,0.8499,0.8501,4.10,1.60
2009.09.10 19:35:46.937,0.84995,0.8501,1.00,1.60
2009.09.10 19:35:48.837,0.8499,0.8501,4.10,1.60
2009.09.10 19:35:49.067,0.84995,0.8501,1.00,1.60
2009.09.10 19:35:49.466,0.8499,0.8501,4.10,1.60
2009.09.10 19:35:52.846,0.8499,0.8501,4.00,1.60
2009.09.10 19:35:54.955,0.84995,0.8501,1.00,1.60
2009.09.10 19:35:57.185,0.8499,0.8501,4.10,1.60
2009.09.10 19:35:57.874,0.8499,0.85015,4.10,1.60
2009.09.10 19:35:58.224,0.8499,0.85015,4.50,1.60
2009.09.10 19:35:58.934,0.84995,0.85015,1.00,1.60
2009.09.10 19:36:01.004,0.84995,0.8502,1.00,4.00
2009.09.10 19:36:01.114,0.84995,0.8502,4.10,4.00
2009.09.10 19:36:01.284,0.85,0.8502,2.40,1.60
2009.09.10 19:36:02.043,0.85,0.8503,2.40,8.80
2009.09.10 19:36:02.953,0.85,0.8503,2.50,8.80
2009.09.10 19:36:07.272,0.85005,0.8503,4.00,4.00
2009.09.10 19:36:07.452,0.85005,0.8503,4.00,2.40
2009.09.10 19:36:08.622,0.85005,0.8503,4.10,2.40
2009.09.10 19:36:08.912,0.85005,0.8503,1.00,2.40
2009.09.10 19:36:09.272,0.85005,0.8503,1.00,2.40
2009.09.10 19:36:09.622,0.85005,0.85025,4.10,1.60
2009.09.10 19:36:09.902,0.85005,0.8503,4.10,2.40
2009.09.10 19:36:10.072,0.85005,0.8503,8.50,2.40
2009.09.10 19:36:22.299,0.8501,0.8504,2.40,4.00
2009.09.10 19:36:22.649,0.8501,0.8504,2.50,4.00
2009.09.10 19:36:23.338,0.8501,0.8504,2.40,4.00
2009.09.10 19:36:25.578,0.8501,0.8504,2.40,4.80
2009.09.10 19:36:25.698,0.8501,0.85035,2.40,1.60
2009.09.10 19:36:26.748,0.8501,0.85035,2.40,5.60
2009.09.10 19:36:30.287,0.8501,0.85035,2.40,1.60
2009.09.10 19:36:31.386,0.8501,0.8502,2.40,1.60
2009.09.10 19:36:33.286,0.8501,0.85015,2.40,1.60
2009.09.10 19:36:33.576,0.85,0.85015,4.00,1.60
2009.09.10 19:36:38.775,0.85,0.85025,4.00,1.60
2009.09.10 19:36:39.644,0.85,0.85025,4.10,1.60
2009.09.10 19:36:48.362,0.85,0.85025,4.10,1.60
2009.09.10 19:37:14.676,0.85005,0.85025,1.00,1.60
2009.09.10 19:37:48.678,0.8501,0.85035,2.40,1.60
2009.09.10 19:37:49.028,0.8501,0.85035,2.40,5.60
2009.09.10 19:37:49.488,0.8501,0.85035,2.40,1.60
2009.09.10 19:38:07.693,0.8501,0.85035,2.50,1.60
2009.09.10 19:38:13.552,0.85015,0.85035,4.00,1.60
2009.09.10 19:38:14.682,0.85015,0.85035,4.10,1.60
2009.09.10 19:38:15.541,0.8502,0.85035,1.00,1.60
2009.09.10 19:38:17.981,0.85025,0.85035,1.00,1.60
2009.09.10 19:38:18.731,0.8502,0.85035,1.00,1.60
2009.09.10 19:38:24.209,0.8502,0.8504,1.70,2.40
2009.09.10 19:38:24.389,0.8502,0.85045,4.10,1.60
2009.09.10 19:38:25.549,0.85025,0.85045,1.00,1.60
2009.09.10 19:38:32.708,0.8503,0.85045,1.00,1.60
2009.09.10 19:38:33.057,0.85025,0.85045,4.10,1.60
2009.09.10 19:38:33.397,0.8503,0.85045,1.00,1.60
2009.09.10 19:38:34.437,0.85025,0.85045,1.00,1.60
2009.09.10 19:38:35.366,0.8502,0.8504,2.90,1.60
2009.09.10 19:38:42.235,0.8502,0.8504,3.30,1.60
2009.09.10 19:38:42.465,0.85025,0.85045,1.00,1.60
2009.09.10 19:38:42.685,0.85025,0.85045,1.00,1.60
2009.09.10 19:38:42.955,0.85035,0.8505,1.00,4.00
2009.09.10 19:38:43.165,0.85035,0.8506,8.40,4.00
2009.09.10 19:38:43.825,0.85035,0.8506,8.50,4.00
2009.09.10 19:38:45.444,0.85035,0.8506,8.50,2.40
2009.09.10 19:38:45.744,0.8504,0.8506,1.00,2.40
2009.09.10 19:38:46.724,0.85045,0.8506,1.00,2.40
2009.09.10 19:38:49.023,0.85045,0.85065,1.00,1.00
2009.09.10 19:38:52.203,0.85035,0.8506,1.00,7.20
2009.09.10 19:39:02.710,0.85035,0.85055,1.00,4.00
2009.09.10 19:39:03.050,0.85035,0.8506,1.00,7.20
2009.09.10 19:39:08.369,0.8504,0.8506,1.00,2.40
2009.09.10 19:39:09.658,0.85045,0.8506,1.00,2.40
2009.09.10 19:39:45.000,0.8504,0.8506,1.00,2.40
2009.09.10 19:39:45.120,0.8504,0.8506,1.00,3.20
2009.09.10 19:39:52.548,0.85035,0.8506,1.00,3.20
2009.09.10 19:39:52.718,0.85035,0.8506,1.00,6.80
2009.09.10 19:39:54.408,0.85045,0.85065,1.00,1.20
2009.09.10 19:39:54.767,0.85045,0.85065,1.00,1.00
2009.09.10 19:39:56.377,0.85045,0.8507,4.10,3.20
2009.09.10 19:39:57.837,0.8505,0.8507,1.00,3.20
2009.09.10 19:40:00.566,0.8505,0.8507,2.50,1.00
2009.09.10 19:40:01.086,0.8505,0.85065,2.40,1.00
2009.09.10 19:40:01.436,0.85045,0.85065,1.00,1.00
2009.09.10 19:40:11.033,0.85045,0.8507,1.00,3.20
2009.09.10 19:40:11.144,0.85045,0.8507,4.10,3.20
2009.09.10 19:40:11.833,0.85045,0.85065,4.10,1.00
2009.09.10 19:40:12.073,0.85045,0.85065,1.00,1.00
2009.09.10 19:40:14.213,0.8504,0.85065,2.50,1.00
2009.09.10 19:40:15.233,0.8504,0.85065,2.40,1.00
2009.09.10 19:40:15.402,0.8504,0.85065,2.40,3.30
2009.09.10 19:40:15.572,0.8504,0.8506,2.40,1.00
2009.09.10 19:40:15.792,0.85035,0.8506,1.00,3.20
2009.09.10 19:40:19.591,0.8503,0.8506,2.90,3.20
2009.09.10 19:40:19.931,0.8503,0.8505,2.50,1.00
2009.09.10 19:40:30.829,0.8503,0.8505,1.00,2.80
2009.09.10 19:40:31.069,0.8503,0.8505,1.00,2.40
2009.09.10 19:40:31.189,0.8503,0.8505,2.10,2.40
2009.09.10 19:40:31.299,0.8503,0.8506,4.50,3.20
2009.09.10 19:40:32.638,0.85035,0.8506,1.00,3.20
2009.09.10 19:40:38.197,0.85035,0.85055,1.00,1.00
2009.09.10 19:40:40.317,0.8503,0.8505,2.50,1.00
2009.09.10 19:40:40.606,0.8503,0.8505,1.00,3.20
2009.09.10 19:40:41.836,0.85025,0.8505,4.10,3.20
2009.09.10 19:40:44.305,0.85045,0.8505,1.00,2.40
2009.09.10 19:40:44.645,0.85045,0.8506,1.00,2.40
2009.09.10 19:40:45.285,0.85035,0.8505,1.00,2.40
2009.09.10 19:40:47.815,0.8503,0.8505,1.00,2.40
2009.09.10 19:40:47.985,0.8503,0.8505,1.00,2.40
2009.09.10 19:40:48.225,0.85035,0.8505,1.00,2.40
2009.09.10 19:40:59.062,0.85035,0.8506,1.00,3.20
2009.09.10 19:41:07.180,0.85035,0.8506,1.00,4.80
2009.09.10 19:41:07.880,0.85035,0.8505,1.00,2.40
2009.09.10 19:41:13.069,0.8503,0.8505,1.00,2.40
2009.09.10 19:41:13.479,0.8503,0.8505,1.00,2.40
2009.09.10 19:41:26.026,0.85035,0.8505,1.00,2.40
2009.09.10 19:41:26.145,0.8503,0.8505,1.00,2.40
2009.09.10 19:41:54.009,0.85035,0.8506,1.00,4.00
2009.09.10 19:41:54.349,0.8504,0.8506,1.00,4.00
2009.09.10 19:41:54.578,0.8504,0.8506,1.00,2.40
2009.09.10 19:42:02.297,0.8504,0.8505,1.00,1.60
2009.09.10 19:42:02.647,0.85035,0.85055,4.10,1.60
2009.09.10 19:42:02.987,0.8504,0.85055,1.00,1.60
2009.09.10 19:42:03.337,0.8504,0.8506,1.00,4.00
2009.09.10 19:42:04.676,0.8504,0.8506,1.00,4.00
2009.09.10 19:42:06.386,0.8504,0.85055,1.00,1.60
2009.09.10 19:42:08.935,0.8504,0.8506,1.00,4.00
2009.09.10 19:42:12.275,0.8504,0.85055,1.00,1.60
2009.09.10 19:42:12.394,0.8504,0.85055,1.00,1.60
2009.09.10 19:42:12.614,0.8504,0.85055,1.00,1.60
2009.09.10 19:42:12.784,0.8504,0.85055,1.00,1.60
2009.09.10 19:42:13.194,0.8504,0.85055,1.00,1.60
2009.09.10 19:42:13.434,0.85035,0.85055,4.10,1.60
2009.09.10 19:42:13.784,0.85035,0.85055,1.00,1.60
2009.09.10 19:42:23.962,0.85035,0.8506,1.00,4.00
2009.09.10 19:42:30.590,0.8503,0.8504,2.40,1.60
2009.09.10 19:42:30.810,0.8503,0.85045,2.40,1.60
2009.09.10 19:42:31.950,0.8503,0.8505,2.40,1.60
2009.09.10 19:42:32.239,0.8503,0.85045,2.50,1.60
2009.09.10 19:42:32.450,0.8503,0.85045,2.40,1.60
2009.09.10 19:42:33.090,0.8503,0.85035,2.40,1.60
2009.09.10 19:42:33.439,0.8502,0.85025,2.40,1.60
2009.09.10 19:42:33.789,0.85005,0.85025,1.60,1.60
2009.09.10 19:42:34.129,0.84995,0.8502,5.70,1.60
2009.09.10 19:42:34.469,0.84995,0.85015,5.70,1.60
2009.09.10 19:42:34.799,0.84995,0.8501,4.00,1.60
2009.09.10 19:42:35.089,0.8499,0.8501,1.70,1.60
2009.09.10 19:42:35.379,0.8499,0.8501,2.50,1.60
2009.09.10 19:42:35.659,0.84995,0.85015,4.00,1.60
2009.09.10 19:42:36.689,0.85,0.8502,1.00,1.60
2009.09.10 19:42:36.978,0.85,0.8502,1.00,1.60
2009.09.10 19:42:37.848,0.85,0.8502,1.00,1.60
2009.09.10 19:42:37.968,0.85,0.8502,1.00,1.60
2009.09.10 19:42:39.808,0.85,0.8502,1.00,1.60
2009.09.10 19:42:45.397,0.8501,0.8502,1.00,1.60
2009.09.10 19:42:45.577,0.8501,0.85025,1.00,1.60
2009.09.10 19:42:45.806,0.8501,0.8503,1.00,4.00
2009.09.10 19:42:45.967,0.8501,0.85035,1.00,5.60
2009.09.10 19:42:46.136,0.8501,0.85035,1.00,1.60
2009.09.10 19:42:51.875,0.8501,0.85035,2.90,1.60
2009.09.10 19:43:05.891,0.8501,0.85035,2.50,1.60
2009.09.10 19:43:06.002,0.8501,0.8503,1.00,2.40
2009.09.10 19:43:06.301,0.8501,0.8503,1.00,2.40
2009.09.10 19:43:07.451,0.85015,0.8503,4.40,2.40
2009.09.10 19:43:09.650,0.85015,0.8503,4.50,2.40
2009.09.10 19:43:10.570,0.85015,0.8503,4.40,2.40
2009.09.10 19:43:10.850,0.85015,0.8503,4.50,2.40
2009.09.10 19:43:11.360,0.85015,0.8503,4.40,2.40
2009.09.10 19:43:11.530,0.85015,0.8503,4.50,2.40
2009.09.10 19:43:12.570,0.85015,0.85035,4.50,1.60
2009.09.10 19:43:15.529,0.85015,0.8504,4.50,4.00
2009.09.10 19:43:17.898,0.85015,0.8504,4.00,4.00
2009.09.10 19:43:18.059,0.8501,0.8504,2.90,4.00
2009.09.10 19:43:24.937,0.8501,0.8504,2.40,8.00
2009.09.10 19:43:25.167,0.85005,0.8503,4.00,2.40
2009.09.10 19:43:42.063,0.85,0.8503,4.00,2.40
2009.09.10 19:43:44.252,0.85,0.8503,2.40,6.40
2009.09.10 19:43:58.459,0.85,0.8503,2.90,2.40
2009.09.10 19:44:01.508,0.85005,0.8503,1.00,2.40
2009.09.10 19:44:01.688,0.85,0.8503,4.50,2.40
2009.09.10 19:44:01.748,0.85,0.8503,2.80,2.40
2009.09.10 19:44:04.007,0.85,0.8503,2.40,6.40
2009.09.10 19:44:05.677,0.85,0.8503,2.50,2.40
2009.09.10 19:44:06.027,0.85,0.8503,3.30,2.40
2009.09.10 19:44:06.137,0.85,0.8503,2.40,2.40
2009.09.10 19:44:06.467,0.85,0.8503,2.40,6.40
2009.09.10 19:44:10.296,0.85,0.8503,2.50,6.40
2009.09.10 19:44:10.516,0.85,0.8503,3.30,2.40
2009.09.10 19:44:11.336,0.8501,0.8504,2.40,8.00
2009.09.10 19:44:11.456,0.8501,0.8504,2.40,4.00
2009.09.10 19:44:11.686,0.8501,0.8504,2.40,2.40
2009.09.10 19:44:20.793,0.8502,0.8504,1.00,2.40
2009.09.10 19:44:22.643,0.8502,0.8504,1.00,2.40
2009.09.10 19:44:23.663,0.85025,0.8504,1.00,2.40
2009.09.10 19:44:24.352,0.85015,0.8504,4.50,2.40
2009.09.10 19:44:24.692,0.85015,0.8504,4.00,2.40
2009.09.10 19:44:25.083,0.8501,0.8504,2.40,2.40
2009.09.10 19:44:30.931,0.8501,0.8504,2.40,8.00
2009.09.10 19:44:38.889,0.8501,0.85035,2.40,4.40
2009.09.10 19:45:03.573,0.8501,0.8504,2.40,4.80
2009.09.10 19:45:04.243,0.8501,0.8504,2.40,8.80
2009.09.10 19:45:12.331,0.8501,0.8504,2.40,2.40
2009.09.10 19:45:21.418,0.8501,0.8504,2.40,4.80
2009.09.10 19:45:21.588,0.8501,0.8504,2.40,8.80
2009.09.10 19:45:23.088,0.8501,0.8504,2.50,8.80
2009.09.10 19:45:23.438,0.8501,0.8504,2.50,4.80
2009.09.10 19:45:23.828,0.8501,0.8504,2.40,8.80
2009.09.10 19:45:28.407,0.8501,0.8504,2.40,4.80
2009.09.10 19:45:28.677,0.8501,0.8504,2.40,8.80
2009.09.10 19:45:49.142,0.8501,0.8504,2.40,10.40
2009.09.10 19:45:49.482,0.8501,0.8503,2.40,1.00
2009.09.10 19:45:49.832,0.8501,0.85035,2.40,4.00
2009.09.10 19:45:50.172,0.8501,0.8504,2.40,8.80
2009.09.10 19:45:51.591,0.8501,0.8504,2.40,4.80
2009.09.10 19:45:51.891,0.8501,0.8504,2.40,8.80
2009.09.10 19:45:53.501,0.8501,0.8504,2.40,4.80
2009.09.10 19:46:00.569,0.8501,0.8504,2.40,4.80
2009.09.10 19:46:01.789,0.8501,0.8503,2.40,1.00
2009.09.10 19:46:02.149,0.85005,0.8503,4.00,4.00
2009.09.10 19:46:02.498,0.85005,0.8503,4.00,3.20
2009.09.10 19:46:07.397,0.85,0.8503,2.50,3.20
2009.09.10 19:46:08.108,0.85005,0.8503,4.00,3.20
2009.09.10 19:46:08.437,0.85,0.8503,2.50,3.20
2009.09.10 19:46:30.872,0.8501,0.8504,4.00,3.20
2009.09.10 19:46:31.112,0.85015,0.8504,1.00,2.40
2009.09.10 19:46:31.172,0.8502,0.8504,1.00,2.40
2009.09.10 19:46:31.352,0.8502,0.8505,2.50,2.40
2009.09.10 19:46:31.702,0.8502,0.8505,2.50,6.40
2009.09.10 19:46:31.762,0.8502,0.8505,2.40,6.40
2009.09.10 19:46:32.121,0.8502,0.8505,2.40,8.00
2009.09.10 19:46:32.521,0.8502,0.85045,2.40,4.40
2009.09.10 19:46:34.761,0.8502,0.8505,2.40,8.40
2009.09.10 19:46:36.591,0.8502,0.8505,2.40,6.80
2009.09.10 19:46:45.598,0.8502,0.85045,2.40,4.80
2009.09.10 19:46:58.495,0.8502,0.8505,2.40,13.60
2009.09.10 19:46:58.835,0.8502,0.8505,2.40,8.80
2009.09.10 19:46:59.845,0.85015,0.8504,4.00,2.40
2009.09.10 19:47:00.635,0.85015,0.8504,4.10,2.40
2009.09.10 19:47:00.855,0.85015,0.8504,4.00,2.40
2009.09.10 19:47:01.304,0.8501,0.8504,8.10,2.40
2009.09.10 19:47:01.364,0.8501,0.8504,4.10,2.40
2009.09.10 19:47:03.904,0.8501,0.8504,4.10,6.80
2009.09.10 19:47:04.664,0.8501,0.8504,4.00,6.80
2009.09.10 19:47:05.004,0.8501,0.85035,2.40,1.00
2009.09.10 19:47:09.702,0.8501,0.8503,2.40,1.00
2009.09.10 19:47:10.052,0.85,0.8503,4.10,2.80
2009.09.10 19:47:10.733,0.8501,0.8503,2.40,1.00
2009.09.10 19:47:16.441,0.85005,0.8503,4.00,2.40
2009.09.10 19:47:20.530,0.85005,0.8503,4.00,2.80
2009.09.10 19:47:20.940,0.85,0.8503,4.10,2.80
2009.09.10 19:47:28.648,0.85,0.8503,6.10,2.40
2009.09.10 19:47:28.998,0.8501,0.8504,2.40,2.80
2009.09.10 19:47:31.077,0.8501,0.85035,2.40,1.00
2009.09.10 19:47:32.687,0.8501,0.85035,2.50,1.00
2009.09.10 19:47:35.936,0.8501,0.85035,2.50,1.00
2009.09.10 19:47:36.516,0.8501,0.85035,2.40,1.00
2009.09.10 19:47:36.696,0.8501,0.8503,2.50,1.00
2009.09.10 19:47:36.866,0.8501,0.85035,2.50,1.00
2009.09.10 19:47:36.986,0.8501,0.8503,2.40,1.00
2009.09.10 19:47:40.545,0.8501,0.8503,2.50,1.00
2009.09.10 19:47:40.785,0.8501,0.85035,2.40,2.90
2009.09.10 19:47:41.015,0.8501,0.85035,2.50,6.90
2009.09.10 19:47:41.245,0.8501,0.8503,2.40,1.00
2009.09.10 19:47:41.475,0.8501,0.85035,2.50,1.00
2009.09.10 19:47:41.705,0.8501,0.85035,2.40,1.00
2009.09.10 19:47:42.005,0.8501,0.8503,2.40,1.00
2009.09.10 19:47:42.634,0.8501,0.85035,2.50,1.00
2009.09.10 19:47:49.363,0.8501,0.8503,1.00,2.40
2009.09.10 19:47:53.752,0.85005,0.8503,4.00,3.20
2009.09.10 19:47:54.092,0.8501,0.8503,1.00,2.40
2009.09.10 19:47:54.502,0.8501,0.8503,2.40,1.00
2009.09.10 19:47:59.380,0.8501,0.8503,2.50,1.00
2009.09.10 19:47:59.770,0.8501,0.85035,2.50,1.00
2009.09.10 19:48:00.120,0.8501,0.8503,2.40,1.00
2009.09.10 19:48:03.150,0.8501,0.85035,2.40,6.90
2009.09.10 19:48:03.270,0.8501,0.85035,2.50,1.00
2009.09.10 19:48:03.439,0.8501,0.85035,2.40,1.00
2009.09.10 19:48:03.790,0.8501,0.8504,2.40,2.80
2009.09.10 19:48:11.627,0.85015,0.8504,4.00,2.80
2009.09.10 19:48:13.647,0.85015,0.8504,4.10,2.80
2009.09.10 19:48:13.997,0.8503,0.8504,2.00,2.40
2009.09.10 19:48:14.347,0.8504,0.8506,2.40,1.00
2009.09.10 19:48:15.037,0.8504,0.85065,2.40,1.00
2009.09.10 19:48:16.646,0.8504,0.85065,2.50,1.00
2009.09.10 19:48:17.166,0.8504,0.85065,2.40,1.00
2009.09.10 19:48:17.216,0.8504,0.8506,2.40,1.00
2009.09.10 19:48:17.276,0.8504,0.85065,2.40,1.00
2009.09.10 19:48:18.306,0.85045,0.8507,1.00,2.80
2009.09.10 19:48:18.646,0.85045,0.8507,4.00,2.80
2009.09.10 19:48:19.296,0.8504,0.8507,4.00,2.80
2009.09.10 19:48:19.686,0.85035,0.8506,4.00,2.40
2009.09.10 19:48:20.366,0.8503,0.8506,4.00,2.80
2009.09.10 19:48:25.206,0.8503,0.85055,2.50,1.00
2009.09.10 19:48:26.874,0.8503,0.85055,2.40,1.00
2009.09.10 19:48:32.303,0.8503,0.85055,2.40,4.40
2009.09.10 19:48:32.523,0.8503,0.85055,2.40,1.00
2009.09.10 19:48:42.670,0.8503,0.85055,2.50,1.00
2009.09.10 19:48:59.116,0.8503,0.85055,2.40,1.00
2009.09.10 19:48:59.706,0.8503,0.85055,2.50,1.00
2009.09.10 19:49:02.245,0.8503,0.8505,2.50,1.60
2009.09.10 19:49:02.645,0.8503,0.85055,2.50,1.00
2009.09.10 19:49:06.904,0.8503,0.85055,2.40,1.00
2009.09.10 19:49:09.204,0.8503,0.85055,2.50,1.00
2009.09.10 19:49:12.973,0.8503,0.85055,2.40,1.00
2009.09.10 19:49:13.473,0.8503,0.85055,2.40,1.00
2009.09.10 19:49:14.802,0.8503,0.85055,2.50,1.00
2009.09.10 19:49:15.832,0.8503,0.85055,2.40,1.00
2009.09.10 19:49:16.232,0.8503,0.85055,2.50,1.00
2009.09.10 19:49:19.381,0.8503,0.8505,1.00,2.40
2009.09.10 19:49:20.761,0.85025,0.8505,4.50,2.40
2009.09.10 19:49:21.121,0.8503,0.8505,1.00,2.40
2009.09.10 19:49:25.729,0.85025,0.8505,4.50,2.40
2009.09.10 19:49:26.029,0.85025,0.8505,1.00,6.80
2009.09.10 19:49:32.248,0.8502,0.85045,2.40,1.00
2009.09.10 19:49:35.407,0.8502,0.85045,2.50,1.00
2009.09.10 19:49:35.867,0.8502,0.85045,2.40,1.00
2009.09.10 19:49:36.047,0.8502,0.85045,2.50,1.00
2009.09.10 19:49:37.777,0.8502,0.85045,2.40,1.00
2009.09.10 19:49:37.937,0.8502,0.85045,2.50,1.00
2009.09.10 19:49:39.956,0.8502,0.8505,2.90,11.10
2009.09.10 19:49:40.306,0.8502,0.8505,2.80,8.50
2009.09.10 19:49:40.666,0.8502,0.8505,2.90,8.50
2009.09.10 19:49:43.275,0.8502,0.8505,2.80,8.50
2009.09.10 19:49:43.445,0.8502,0.8505,2.90,8.50
2009.09.10 19:49:45.215,0.8502,0.8505,2.90,11.10
2009.09.10 19:49:45.495,0.8502,0.85045,2.50,4.40
2009.09.10 19:49:45.725,0.8502,0.85045,2.40,4.40
2009.09.10 19:49:52.093,0.85015,0.85035,8.10,1.60
2009.09.10 19:49:54.863,0.85025,0.8504,4.00,2.40
2009.09.10 19:49:56.322,0.8502,0.8504,1.00,2.40
2009.09.10 19:50:01.301,0.8502,0.8505,2.90,8.90
2009.09.10 19:50:02.781,0.8502,0.8505,2.90,11.50
2009.09.10 19:50:03.121,0.8502,0.85045,2.50,1.00
2009.09.10 19:50:08.180,0.8502,0.85045,2.40,1.00
2009.09.10 19:50:11.259,0.8502,0.8505,2.80,6.40
2009.09.10 19:50:11.479,0.8502,0.8505,2.80,2.40
2009.09.10 19:50:14.178,0.85035,0.8505,1.60,2.40
2009.09.10 19:50:14.458,0.8504,0.8505,1.60,2.40
2009.09.10 19:50:14.798,0.85045,0.8505,1.60,2.40
2009.09.10 19:50:15.128,0.85045,0.8506,1.60,4.80
2009.09.10 19:50:35.253,0.85045,0.8506,1.60,3.20
2009.09.10 19:50:35.713,0.8504,0.8506,1.60,3.20
2009.09.10 19:50:41.012,0.8505,0.8506,1.60,2.40
2009.09.10 19:50:42.411,0.8504,0.8506,1.60,2.40
2009.09.10 19:50:55.778,0.8504,0.85055,1.60,1.00
2009.09.10 19:51:00.647,0.85045,0.8506,1.60,6.80
2009.09.10 19:51:00.997,0.85045,0.8506,1.60,2.80
2009.09.10 19:51:01.357,0.8504,0.85055,1.60,1.00
2009.09.10 19:51:16.993,0.85045,0.85055,1.60,1.00
2009.09.10 19:51:32.030,0.8505,0.8507,1.60,2.80
2009.09.10 19:51:32.149,0.8505,0.8507,1.60,3.20
2009.09.10 19:51:36.988,0.8505,0.85065,1.60,1.00
2009.09.10 19:51:48.745,0.8504,0.8506,4.00,1.00
2009.09.10 19:51:50.125,0.8504,0.8506,2.40,1.00
2009.09.10 19:51:50.505,0.8504,0.85045,2.40,8.00
2009.09.10 19:51:50.855,0.8504,0.85045,1.60,8.00
2009.09.10 19:51:51.205,0.8504,0.8506,1.60,3.20
2009.09.10 19:51:54.824,0.8504,0.85055,1.60,1.00
2009.09.10 19:51:58.123,0.8504,0.8506,1.70,6.80
2009.09.10 19:51:58.353,0.85045,0.8506,1.60,6.80
2009.09.10 19:51:58.573,0.8504,0.85055,1.60,1.00
2009.09.10 19:52:00.523,0.8504,0.85055,1.70,1.00
2009.09.10 19:52:00.862,0.8504,0.8506,1.00,2.80
2009.09.10 19:52:06.571,0.8504,0.8506,2.50,1.00
2009.09.10 19:52:16.558,0.85035,0.85055,1.00,1.00
2009.09.10 19:52:26.056,0.8503,0.85055,4.10,1.00
2009.09.10 19:52:26.406,0.8503,0.85055,4.10,1.00
2009.09.10 19:52:29.165,0.8503,0.85055,2.50,1.00
2009.09.10 19:52:30.815,0.85035,0.85055,1.00,1.00
2009.09.10 19:52:31.155,0.8503,0.85055,2.50,1.00
2009.09.10 19:52:32.355,0.8503,0.8505,2.50,1.00
2009.09.10 19:52:32.655,0.8503,0.8505,2.40,1.00
2009.09.10 19:52:33.394,0.85025,0.8505,1.00,2.80
2009.09.10 19:52:51.870,0.8503,0.8505,1.00,2.40
2009.09.10 19:52:52.150,0.85025,0.8505,4.10,1.00
2009.09.10 19:52:52.380,0.85025,0.8505,1.00,2.80
2009.09.10 19:52:52.610,0.85025,0.8505,4.10,2.40
2009.09.10 19:52:56.429,0.85025,0.8505,1.00,2.80
2009.09.10 19:52:56.719,0.85025,0.8505,1.00,2.40
2009.09.10 19:52:57.359,0.85025,0.8505,4.10,2.40
2009.09.10 19:53:03.757,0.85025,0.8505,1.00,2.80
2009.09.10 19:53:04.107,0.85025,0.8505,1.00,2.40
2009.09.10 19:53:04.467,0.85025,0.8505,4.10,2.40
2009.09.10 19:53:11.625,0.8503,0.8505,2.40,1.00
2009.09.10 19:53:14.165,0.85035,0.8505,1.00,1.00
2009.09.10 19:53:14.784,0.8503,0.85055,2.40,1.00
2009.09.10 19:53:40.218,0.8503,0.8505,2.40,1.60
2009.09.10 19:53:58.844,0.8503,0.8504,2.40,1.60
2009.09.10 19:53:59.734,0.85025,0.8504,4.10,1.60
2009.09.10 19:54:00.083,0.85025,0.8504,1.00,1.60
2009.09.10 19:54:05.272,0.85025,0.8505,1.00,4.00
2009.09.10 19:54:05.612,0.85025,0.8504,4.10,1.60
2009.09.10 19:54:05.902,0.85025,0.8504,1.00,1.60
2009.09.10 19:54:06.172,0.85025,0.8505,1.00,4.00
2009.09.10 19:54:06.452,0.8503,0.8505,2.40,1.60
2009.09.10 19:54:30.976,0.8503,0.8504,2.40,1.60
2009.09.10 19:54:44.963,0.85025,0.85035,1.60,1.60
2009.09.10 19:54:45.323,0.8502,0.85035,2.40,1.60
2009.09.10 19:54:45.683,0.8502,0.8504,2.50,1.60
2009.09.10 19:54:47.182,0.8502,0.8504,2.40,1.60
2009.09.10 19:54:47.462,0.8502,0.85035,2.40,1.60
2009.09.10 19:54:55.410,0.8502,0.8505,2.40,4.40
2009.09.10 19:54:55.740,0.8502,0.8505,4.00,4.00
2009.09.10 19:54:56.030,0.8503,0.8505,2.40,1.60
2009.09.10 19:55:30.862,0.8503,0.85035,2.40,1.60
2009.09.10 19:55:31.202,0.8502,0.85035,2.50,1.60
2009.09.10 19:55:31.442,0.8502,0.85035,2.40,1.60
2009.09.10 19:55:31.722,0.8502,0.8503,2.40,1.60
2009.09.10 19:55:34.151,0.8502,0.8504,2.40,1.60
2009.09.10 19:55:34.271,0.8502,0.8504,2.80,1.60
2009.09.10 19:55:34.611,0.8502,0.8505,2.80,4.00
2009.09.10 19:55:46.838,0.8503,0.8505,2.40,1.60
2009.09.10 19:56:30.178,0.8503,0.8504,2.40,1.60
2009.09.10 19:56:30.527,0.8503,0.8505,2.40,1.60
2009.09.10 19:56:35.696,0.8503,0.8504,2.40,1.60
2009.09.10 19:56:36.056,0.85025,0.8504,1.00,1.60
2009.09.10 19:56:36.396,0.85025,0.8504,1.00,1.60
2009.09.10 19:56:36.516,0.85025,0.8505,4.50,4.00
2009.09.10 19:56:50.963,0.8502,0.8505,4.10,6.80
2009.09.10 19:56:56.511,0.8502,0.8504,2.40,1.00
2009.09.10 19:56:57.201,0.85015,0.8504,1.00,6.80
2009.09.10 19:56:57.431,0.8501,0.8504,4.00,6.80
2009.09.10 19:56:57.551,0.8501,0.8504,4.10,8.40
2009.09.10 19:56:57.671,0.8501,0.8504,4.10,6.80
2009.09.10 19:57:01.440,0.8501,0.8504,4.00,6.90
2009.09.10 19:57:02.370,0.8501,0.8504,6.50,6.80
2009.09.10 19:57:02.490,0.85015,0.8504,4.50,2.40
2009.09.10 19:57:02.650,0.8502,0.8505,2.80,4.80
2009.09.10 19:57:02.760,0.8502,0.8505,2.80,4.00
2009.09.10 19:57:07.029,0.8502,0.8505,2.80,2.40
2009.09.10 19:57:23.885,0.8502,0.8505,4.40,2.40
2009.09.10 19:57:24.924,0.8502,0.8505,4.00,2.40
2009.09.10 19:57:30.713,0.85025,0.8505,4.00,2.40
2009.09.10 19:57:51.858,0.8504,0.85055,1.00,4.00
2009.09.10 19:57:52.038,0.85035,0.8506,8.00,2.40
2009.09.10 19:57:52.218,0.8503,0.85055,2.40,4.00
2009.09.10 19:57:52.388,0.8503,0.8506,2.40,8.00
2009.09.10 19:58:03.695,0.8502,0.8505,3.20,2.40
2009.09.10 19:58:04.135,0.8502,0.8505,3.30,2.40
2009.09.10 19:58:04.945,0.8502,0.8505,2.40,2.40
2009.09.10 19:58:10.763,0.8502,0.8505,2.40,6.40
2009.09.10 19:58:15.532,0.8502,0.8505,2.40,2.40
2009.09.10 19:58:18.302,0.8502,0.8505,2.80,2.40
2009.09.10 19:58:18.541,0.8502,0.8505,2.90,2.40
2009.09.10 19:58:20.121,0.85025,0.8505,4.00,2.40
2009.09.10 19:58:32.058,0.8503,0.85055,2.40,1.60
2009.09.10 19:58:43.066,0.8503,0.8505,2.40,1.60
2009.09.10 19:58:48.254,0.85035,0.8505,1.00,1.60
2009.09.10 19:58:48.364,0.8503,0.8505,2.90,1.60
2009.09.10 19:58:49.244,0.8503,0.8505,2.80,1.60
2009.09.10 19:58:49.364,0.8503,0.8505,2.40,1.60
2009.09.10 19:58:49.484,0.8503,0.8505,2.90,1.60
2009.09.10 19:58:49.714,0.8503,0.8505,2.80,1.60
2009.09.10 19:58:50.054,0.85035,0.8505,1.00,1.60
2009.09.10 19:58:50.434,0.8503,0.8505,2.90,1.60
2009.09.10 19:58:51.123,0.8503,0.8505,2.40,1.60
2009.09.10 19:58:51.453,0.8503,0.85045,2.40,1.60
2009.09.10 19:58:51.853,0.8502,0.8503,2.40,1.60
2009.09.10 19:58:53.953,0.85025,0.8505,1.60,4.80
2009.09.10 19:58:54.113,0.8503,0.8505,2.40,1.60
2009.09.10 19:58:55.943,0.8503,0.85055,2.40,1.60
2009.09.10 19:58:56.242,0.8503,0.8505,2.40,1.60
2009.09.10 19:58:59.202,0.8503,0.8505,2.50,1.60
2009.09.10 19:59:00.592,0.8503,0.8505,2.40,1.60
2009.09.10 19:59:02.511,0.8503,0.8504,2.40,1.60
2009.09.10 19:59:02.681,0.8503,0.8505,2.40,2.00
2009.09.10 19:59:02.741,0.8503,0.8505,2.40,1.60
2009.09.10 19:59:02.921,0.8503,0.8504,2.40,1.60
2009.09.10 19:59:02.981,0.8502,0.8504,4.50,1.60
2009.09.10 19:59:03.031,0.8502,0.85045,4.10,1.60
2009.09.10 19:59:03.151,0.85025,0.85045,1.00,1.60
2009.09.10 19:59:03.261,0.85025,0.8505,1.00,4.40
2009.09.10 19:59:03.601,0.85025,0.8504,4.00,1.60
2009.09.10 19:59:04.401,0.8502,0.8504,2.40,1.60
2009.09.10 19:59:04.690,0.8502,0.8504,2.50,1.60
2009.09.10 19:59:15.648,0.8502,0.8504,2.40,2.00
2009.09.10 19:59:15.948,0.8502,0.8503,2.40,1.60
2009.09.10 19:59:21.676,0.8502,0.8504,2.40,4.00
2009.09.10 19:59:21.906,0.8502,0.85045,2.40,1.00
2009.09.10 19:59:22.696,0.8502,0.85045,2.40,1.00
2009.09.10 19:59:23.486,0.8502,0.85045,2.50,1.00
2009.09.10 19:59:30.644,0.8502,0.85045,2.40,4.90
2009.09.10 19:59:33.033,0.8502,0.85045,2.40,1.00
2009.09.10 19:59:33.613,0.8502,0.85045,2.50,1.00
2009.09.10 19:59:42.683,0.8502,0.8504,2.40,4.00
2009.09.10 19:59:46.300,0.8502,0.8504,2.80,1.60
2009.09.10 19:59:47.630,0.8502,0.8504,2.90,1.60
2009.09.10 19:59:50.289,0.8503,0.8505,2.90,1.60
2009.09.10 19:59:50.579,0.8503,0.8505,2.80,1.60
2009.09.10 19:59:54.618,0.8503,0.8505,2.90,1.60
2009.09.10 19:59:59.377,0.8503,0.8505,2.80,1.60
2009.09.10 19:59:59.667,0.8503,0.8505,2.90,1.60
