2007.11.18 22:18:52.214,1.134,1.1352,0.50,0.50
2007.11.18 22:18:53.770,1.1341,1.1352,0.50,0.50
2007.11.18 22:18:55.510,1.1341,1.1352,0.50,0.50
2007.11.18 22:18:59.016,1.1341,1.1352,0.50,0.50
2007.11.18 22:19:00.526,1.1341,1.1352,0.50,0.50
2007.11.18 22:19:03.004,1.1341,1.1352,0.50,0.50
2007.11.18 22:19:04.017,1.1341,1.1352,0.50,0.50
2007.11.18 22:19:05.511,1.1341,1.1352,0.50,0.50
2007.11.18 22:19:09.144,1.1341,1.1352,0.50,0.50
2007.11.18 22:19:10.529,1.1341,1.1352,0.50,0.50
2007.11.18 22:19:10.611,1.1341,1.1353,0.50,8.50
2007.11.18 22:19:14.040,1.1341,1.1352,0.50,0.50
2007.11.18 22:19:15.518,1.1341,1.1353,0.50,8.50
2007.11.18 22:19:20.528,1.1341,1.1353,0.50,8.50
2007.11.18 22:19:36.156,1.1341,1.1353,1.00,8.50
2007.11.18 22:19:39.031,1.1341,1.1352,1.00,0.50
2007.11.18 22:19:40.537,1.1342,1.1352,0.50,0.50
2007.11.18 22:19:44.034,1.1342,1.1352,0.50,0.50
2007.11.18 22:19:44.735,1.1341,1.1351,1.00,0.50
2007.11.18 22:19:45.542,1.1341,1.1351,1.00,0.50
2007.11.18 22:19:46.284,1.134,1.1351,1.00,0.50
2007.11.18 22:19:47.099,1.1341,1.1351,0.50,0.50
2007.11.18 22:19:49.037,1.134,1.1351,1.00,0.50
2007.11.18 22:19:50.571,1.1341,1.1351,0.50,0.50
2007.11.18 22:19:54.023,1.1341,1.1351,0.50,0.50
2007.11.18 22:19:55.551,1.134,1.1351,1.00,0.50
2007.11.18 22:19:58.292,1.1341,1.1351,0.50,0.50
2007.11.18 22:19:59.034,1.1341,1.1351,0.50,0.50
2007.11.18 22:20:00.580,1.1341,1.1351,0.50,0.50
2007.11.18 22:20:04.042,1.1341,1.1351,0.50,0.50
2007.11.18 22:20:05.042,1.1341,1.1351,0.50,0.50
2007.11.18 22:20:05.553,1.1341,1.1351,0.50,0.50
2007.11.18 22:20:09.035,1.1341,1.1351,0.50,0.50
2007.11.18 22:20:09.843,1.1341,1.1351,0.50,0.50
2007.11.18 22:20:10.567,1.1341,1.1352,0.50,1.00
2007.11.18 22:20:14.043,1.1341,1.1351,0.50,0.50
2007.11.18 22:20:15.578,1.1341,1.1351,0.50,0.50
2007.11.18 22:20:23.275,1.1342,1.1352,0.50,1.00
2007.11.18 22:20:24.033,1.1342,1.1352,0.50,1.00
2007.11.18 22:20:25.589,1.1342,1.1352,0.50,1.00
2007.11.18 22:20:26.271,1.1342,1.1351,0.50,0.50
2007.11.18 22:20:26.438,1.1344,1.1353,0.50,0.50
2007.11.18 22:20:27.796,1.1342,1.1353,0.50,0.50
2007.11.18 22:20:29.055,1.1342,1.1354,0.50,8.50
2007.11.18 22:20:29.801,1.1344,1.1353,0.50,0.50
2007.11.18 22:20:30.359,1.1344,1.1353,0.50,0.50
2007.11.18 22:20:30.574,1.1344,1.1353,0.50,0.50
2007.11.18 22:20:30.754,1.1344,1.1353,0.50,1.00
2007.11.18 22:20:31.906,1.1344,1.1352,0.50,0.50
2007.11.18 22:20:33.788,1.1342,1.1353,0.50,0.50
2007.11.18 22:20:33.920,1.1342,1.1353,8.00,0.50
2007.11.18 22:20:34.038,1.1342,1.1353,8.00,0.50
2007.11.18 22:20:34.233,1.1342,1.1353,0.50,0.50
2007.11.18 22:20:35.557,1.1342,1.1353,0.50,0.50
2007.11.18 22:20:36.330,1.1344,1.1353,0.50,0.50
2007.11.18 22:20:37.085,1.1344,1.1353,0.50,0.50
2007.11.18 22:20:39.051,1.1344,1.1353,0.50,0.50
2007.11.18 22:20:39.810,1.1344,1.1352,0.50,0.50
2007.11.18 22:20:40.584,1.1344,1.1352,0.50,0.50
2007.11.18 22:20:42.435,1.1344,1.1352,0.50,0.50
2007.11.18 22:20:42.931,1.1343,1.1352,1.00,0.50
2007.11.18 22:20:44.047,1.1344,1.1352,0.50,0.50
2007.11.18 22:20:45.604,1.1344,1.1352,0.50,0.50
2007.11.18 22:20:49.053,1.1344,1.1352,0.50,0.50
2007.11.18 22:20:50.594,1.1344,1.1352,0.50,0.50
2007.11.18 22:20:52.096,1.1344,1.1352,0.50,0.50
2007.11.18 22:20:52.225,1.1343,1.1352,0.50,0.50
2007.11.18 22:20:52.357,1.1342,1.1351,0.50,0.50
2007.11.18 22:20:54.014,1.1342,1.1351,0.50,0.50
2007.11.18 22:20:54.066,1.1342,1.1351,0.50,0.50
2007.11.18 22:20:55.603,1.1342,1.1351,0.50,0.50
2007.11.18 22:20:56.227,1.1342,1.1352,0.50,0.50
2007.11.18 22:20:59.058,1.1342,1.1352,0.50,0.50
2007.11.18 22:21:00.601,1.1342,1.1352,0.50,0.50
2007.11.18 22:21:02.312,1.1344,1.1352,0.50,0.50
2007.11.18 22:21:04.059,1.1344,1.1352,0.50,0.50
2007.11.18 22:21:05.035,1.1344,1.1352,0.50,0.50
2007.11.18 22:21:05.608,1.1344,1.1352,0.50,0.50
2007.11.18 22:21:09.069,1.1344,1.1352,0.50,0.50
2007.11.18 22:21:10.633,1.1344,1.1352,0.50,0.50
2007.11.18 22:21:13.299,1.1342,1.1352,0.50,0.50
2007.11.18 22:21:14.056,1.1342,1.1352,0.50,0.50
2007.11.18 22:21:14.505,1.1342,1.1352,0.50,0.50
2007.11.18 22:21:15.622,1.1342,1.1352,0.50,0.50
2007.11.18 22:21:16.065,1.1342,1.1353,0.50,1.00
2007.11.18 22:21:16.304,1.1344,1.1353,0.50,1.00
2007.11.18 22:21:19.067,1.1344,1.1353,0.50,1.00
2007.11.18 22:21:20.627,1.1344,1.1353,0.50,1.00
2007.11.18 22:21:24.074,1.1344,1.1353,0.50,1.00
2007.11.18 22:21:25.627,1.1344,1.1353,0.50,1.00
2007.11.18 22:21:27.106,1.1344,1.1353,0.50,1.00
2007.11.18 22:21:29.067,1.1344,1.1353,0.50,1.00
2007.11.18 22:21:30.627,1.1344,1.1352,0.50,0.50
2007.11.18 22:21:34.078,1.1344,1.1352,0.50,0.50
2007.11.18 22:21:35.625,1.1344,1.1352,0.50,0.50
2007.11.18 22:21:37.313,1.1342,1.1353,0.50,1.00
2007.11.18 22:21:38.133,1.1342,1.1352,0.50,0.50
2007.11.18 22:21:39.079,1.1342,1.1353,0.50,1.00
2007.11.18 22:21:40.643,1.1342,1.1353,0.50,1.00
2007.11.18 22:21:41.625,1.1342,1.1352,0.50,0.50
2007.11.18 22:21:42.739,1.1344,1.1353,0.50,1.00
2007.11.18 22:21:44.073,1.1344,1.1353,0.50,1.00
2007.11.18 22:21:44.746,1.1342,1.1353,0.50,1.00
2007.11.18 22:21:44.866,1.1342,1.1351,0.50,0.50
2007.11.18 22:21:45.634,1.1342,1.1351,0.50,0.50
2007.11.18 22:21:46.775,1.1343,1.1352,0.50,1.00
2007.11.18 22:21:48.670,1.1343,1.1353,0.50,1.30
2007.11.18 22:21:48.753,1.1343,1.1352,0.50,0.50
2007.11.18 22:21:49.068,1.1343,1.1352,0.50,0.50
2007.11.18 22:21:49.337,1.1344,1.1353,0.50,1.00
2007.11.18 22:21:50.652,1.1344,1.1352,0.50,0.50
2007.11.18 22:21:54.089,1.1344,1.1352,0.50,0.50
2007.11.18 22:21:55.654,1.1344,1.1352,0.50,0.50
2007.11.18 22:21:56.764,1.1343,1.1352,0.50,0.50
2007.11.18 22:21:57.695,1.1344,1.1352,0.50,0.50
2007.11.18 22:21:58.291,1.1343,1.1352,0.50,1.00
2007.11.18 22:21:59.085,1.1343,1.1352,0.50,1.00
2007.11.18 22:22:00.266,1.1343,1.1352,0.50,0.50
2007.11.18 22:22:00.656,1.1343,1.1353,0.50,1.00
2007.11.18 22:22:02.251,1.1343,1.1352,0.50,1.00
2007.11.18 22:22:02.682,1.1344,1.1352,0.50,1.00
2007.11.18 22:22:02.788,1.1344,1.1353,0.50,1.00
2007.11.18 22:22:03.744,1.1344,1.1354,0.50,0.50
2007.11.18 22:22:04.027,1.1344,1.1355,0.50,8.50
2007.11.18 22:22:04.295,1.1344,1.1355,0.50,0.50
2007.11.18 22:22:05.683,1.1344,1.1355,0.50,0.50
2007.11.18 22:22:08.702,1.1344,1.1356,0.50,1.00
2007.11.18 22:22:08.764,1.1344,1.1357,0.50,0.50
2007.11.18 22:22:09.014,1.1344,1.1357,0.50,0.50
2007.11.18 22:22:09.302,1.1344,1.1358,0.50,8.00
2007.11.18 22:22:10.659,1.1344,1.1358,0.50,8.00
2007.11.18 22:22:11.400,1.1344,1.1358,0.50,8.00
2007.11.18 22:22:14.178,1.1344,1.1358,0.50,8.00
2007.11.18 22:22:15.672,1.1344,1.1358,0.50,8.00
2007.11.18 22:22:15.919,1.1345,1.1358,0.50,0.50
2007.11.18 22:22:19.186,1.1345,1.1358,0.50,0.50
2007.11.18 22:22:19.755,1.1344,1.1355,0.50,7.60
2007.11.18 22:22:20.671,1.1344,1.1355,0.50,7.60
2007.11.18 22:22:21.813,1.1344,1.1354,0.50,0.50
2007.11.18 22:22:21.937,1.1344,1.1352,0.50,0.50
2007.11.18 22:22:22.434,1.1344,1.1352,0.50,0.50
2007.11.18 22:22:23.803,1.1344,1.1354,0.50,0.50
2007.11.18 22:22:24.177,1.1344,1.1354,0.50,0.50
2007.11.18 22:22:24.244,1.1344,1.1356,0.50,8.00
2007.11.18 22:22:24.332,1.1344,1.1356,0.50,0.50
2007.11.18 22:22:24.761,1.1344,1.1358,0.50,8.00
2007.11.18 22:22:25.679,1.1344,1.1358,0.50,8.00
2007.11.18 22:22:25.981,1.1345,1.1358,0.50,0.50
2007.11.18 22:22:26.783,1.1344,1.1358,8.00,0.50
2007.11.18 22:22:26.962,1.1344,1.1356,0.50,7.60
2007.11.18 22:22:28.251,1.1344,1.1355,0.50,0.50
2007.11.18 22:22:28.778,1.1344,1.1354,0.50,0.50
2007.11.18 22:22:29.163,1.1344,1.1354,0.50,0.50
2007.11.18 22:22:30.234,1.1346,1.1354,0.50,0.50
2007.11.18 22:22:30.666,1.1346,1.1354,0.50,0.50
2007.11.18 22:22:30.843,1.1344,1.1354,0.50,0.50
2007.11.18 22:22:33.276,1.1345,1.1354,0.50,0.50
2007.11.18 22:22:33.463,1.1345,1.1354,0.50,0.50
2007.11.18 22:22:34.165,1.1345,1.1354,0.50,0.50
2007.11.18 22:22:34.872,1.1345,1.1353,0.50,0.50
2007.11.18 22:22:35.229,1.1345,1.1353,0.50,0.50
2007.11.18 22:22:35.687,1.1345,1.1353,0.50,0.50
2007.11.18 22:22:36.757,1.1345,1.1354,0.50,0.50
2007.11.18 22:22:36.958,1.1345,1.1354,0.50,0.50
2007.11.18 22:22:37.167,1.1344,1.1354,0.50,0.50
2007.11.18 22:22:39.249,1.1344,1.1354,0.50,0.50
2007.11.18 22:22:39.266,1.1344,1.1353,0.50,0.50
2007.11.18 22:22:40.124,1.1344,1.1353,0.50,0.50
2007.11.18 22:22:40.516,1.1344,1.1352,0.50,0.50
2007.11.18 22:22:41.520,1.1344,1.1351,0.50,0.50
2007.11.18 22:22:42.138,1.1345,1.135,0.50,0.50
2007.11.18 22:22:44.172,1.1345,1.135,0.50,0.50
2007.11.18 22:22:44.496,1.1345,1.135,0.50,0.50
2007.11.18 22:22:45.694,1.1345,1.135,0.50,0.50
2007.11.18 22:22:46.394,1.1345,1.135,0.50,0.50
2007.11.18 22:22:49.180,1.1345,1.1351,0.50,1.00
2007.11.18 22:22:50.702,1.1345,1.135,0.50,0.50
2007.11.18 22:22:54.178,1.1345,1.1351,0.50,1.00
2007.11.18 22:22:54.772,1.1344,1.135,0.50,1.00
2007.11.18 22:22:55.516,1.1344,1.135,0.50,1.00
2007.11.18 22:22:55.695,1.1344,1.135,0.50,1.00
2007.11.18 22:22:58.789,1.1345,1.1351,0.50,1.00
2007.11.18 22:22:59.188,1.1345,1.135,0.50,0.50
2007.11.18 22:22:59.644,1.1344,1.1351,0.50,1.00
2007.11.18 22:23:00.704,1.1344,1.135,0.50,0.50
2007.11.18 22:23:03.262,1.1345,1.1351,0.50,1.00
2007.11.18 22:23:04.179,1.1345,1.135,0.50,0.50
2007.11.18 22:23:04.312,1.1344,1.135,0.50,0.50
2007.11.18 22:23:05.648,1.1344,1.1351,0.50,1.00
2007.11.18 22:23:06.252,1.1344,1.1351,0.50,1.00
2007.11.18 22:23:06.541,1.1344,1.1351,0.50,1.00
2007.11.18 22:23:07.756,1.1341,1.1348,0.50,0.50
2007.11.18 22:23:07.823,1.1341,1.1348,0.50,0.50
2007.11.18 22:23:09.209,1.1341,1.1349,0.50,1.00
2007.11.18 22:23:10.720,1.1341,1.1348,0.50,0.50
2007.11.18 22:23:11.194,1.134,1.1348,0.50,0.50
2007.11.18 22:23:12.067,1.134,1.1349,0.50,1.00
2007.11.18 22:23:14.196,1.134,1.1348,0.50,0.50
2007.11.18 22:23:14.685,1.1341,1.1348,0.50,0.50
2007.11.18 22:23:15.214,1.1341,1.1349,0.50,0.50
2007.11.18 22:23:15.423,1.1341,1.1349,0.50,0.50
2007.11.18 22:23:15.714,1.1341,1.1349,0.50,0.50
2007.11.18 22:23:16.126,1.1341,1.1349,0.50,0.50
2007.11.18 22:23:16.335,1.1341,1.1349,0.50,0.50
2007.11.18 22:23:17.571,1.1341,1.1349,0.50,0.50
2007.11.18 22:23:18.295,1.1341,1.1349,0.50,0.50
2007.11.18 22:23:19.126,1.1341,1.1349,0.50,0.50
2007.11.18 22:23:20.721,1.1341,1.1349,0.50,0.50
2007.11.18 22:23:21.259,1.1341,1.1349,0.50,0.50
2007.11.18 22:23:22.264,1.1342,1.1349,0.50,0.50
2007.11.18 22:23:22.688,1.1344,1.1349,0.50,0.50
2007.11.18 22:23:24.194,1.1344,1.1349,0.50,0.50
2007.11.18 22:23:24.750,1.1343,1.1349,0.50,0.50
2007.11.18 22:23:24.927,1.1343,1.1349,0.50,0.50
2007.11.18 22:23:25.716,1.1343,1.1349,0.50,0.50
2007.11.18 22:23:25.909,1.1343,1.1348,0.50,0.50
2007.11.18 22:23:26.207,1.1344,1.1349,0.50,0.50
2007.11.18 22:23:26.359,1.1344,1.1349,0.50,0.50
2007.11.18 22:23:26.562,1.1344,1.1349,0.50,0.50
2007.11.18 22:23:27.473,1.1344,1.1349,0.50,0.50
2007.11.18 22:23:27.683,1.1341,1.1349,0.50,0.50
2007.11.18 22:23:28.219,1.134,1.135,0.50,1.00
2007.11.18 22:23:28.597,1.134,1.1349,0.50,0.50
2007.11.18 22:23:29.193,1.134,1.135,0.50,1.00
2007.11.18 22:23:30.727,1.134,1.135,0.50,1.00
2007.11.18 22:23:31.703,1.1342,1.1349,0.50,0.50
2007.11.18 22:23:34.211,1.1342,1.135,0.50,1.00
2007.11.18 22:23:35.721,1.1342,1.135,0.50,1.00
2007.11.18 22:23:39.211,1.1342,1.135,0.50,1.00
2007.11.18 22:23:39.621,1.1342,1.1349,0.50,0.50
2007.11.18 22:23:40.736,1.1342,1.1349,0.50,0.50
2007.11.18 22:23:44.203,1.1342,1.135,0.50,1.00
2007.11.18 22:23:45.740,1.1342,1.135,0.50,1.00
2007.11.18 22:23:46.254,1.1341,1.135,0.50,1.00
2007.11.18 22:23:46.401,1.134,1.135,0.50,1.00
2007.11.18 22:23:49.196,1.134,1.135,0.50,1.00
2007.11.18 22:23:50.656,1.134,1.135,0.50,1.00
2007.11.18 22:23:54.211,1.134,1.1349,0.50,0.50
2007.11.18 22:23:55.753,1.134,1.135,0.50,1.00
2007.11.18 22:23:56.775,1.134,1.1348,0.50,0.50
2007.11.18 22:23:57.730,1.134,1.1349,0.50,1.00
2007.11.18 22:23:59.214,1.134,1.1348,0.50,0.50
2007.11.18 22:24:00.747,1.134,1.1348,0.50,0.50
2007.11.18 22:24:01.629,1.134,1.1347,0.50,0.50
2007.11.18 22:24:02.267,1.134,1.1347,0.50,0.50
2007.11.18 22:24:04.211,1.134,1.1347,0.50,0.50
2007.11.18 22:24:05.764,1.134,1.1347,0.50,0.50
2007.11.18 22:24:08.272,1.1341,1.1347,0.50,0.50
2007.11.18 22:24:09.214,1.1341,1.1347,0.50,0.50
2007.11.18 22:24:10.750,1.1341,1.1347,0.50,0.50
2007.11.18 22:24:12.723,1.1341,1.1347,0.50,0.50
2007.11.18 22:24:14.203,1.1341,1.1347,0.50,0.50
2007.11.18 22:24:15.766,1.1341,1.1347,0.50,0.50
2007.11.18 22:24:18.266,1.1341,1.1346,0.50,0.50
2007.11.18 22:24:18.770,1.1341,1.1346,0.50,0.50
2007.11.18 22:24:19.210,1.1341,1.1347,0.50,1.00
2007.11.18 22:24:20.766,1.1341,1.1346,0.50,0.50
2007.11.18 22:24:23.750,1.1341,1.1347,0.50,1.00
2007.11.18 22:24:24.216,1.1341,1.1347,0.50,1.00
2007.11.18 22:24:25.771,1.1341,1.1346,0.50,0.50
2007.11.18 22:24:29.207,1.1341,1.1347,0.50,1.00
2007.11.18 22:24:30.768,1.1341,1.1347,0.50,1.00
2007.11.18 22:24:34.223,1.1341,1.1347,0.50,1.00
2007.11.18 22:24:34.776,1.1341,1.1347,0.50,1.00
2007.11.18 22:24:35.783,1.1341,1.1346,0.50,0.50
2007.11.18 22:24:39.225,1.1341,1.1347,0.50,1.00
2007.11.18 22:24:40.775,1.1341,1.1346,0.50,0.50
2007.11.18 22:24:44.225,1.1341,1.1347,0.50,1.00
2007.11.18 22:24:45.799,1.1341,1.1347,0.50,1.00
2007.11.18 22:25:04.264,1.1341,1.1345,0.50,0.50
2007.11.18 22:25:05.808,1.1341,1.1345,0.50,0.50
2007.11.18 22:25:07.875,1.1341,1.1345,0.50,0.50
2007.11.18 22:25:09.234,1.1341,1.1345,0.50,0.50
2007.11.18 22:25:10.806,1.1341,1.1345,0.50,0.50
2007.11.18 22:25:14.232,1.1341,1.1345,0.50,0.50
2007.11.18 22:25:15.802,1.1341,1.1345,0.50,0.50
2007.11.18 22:25:19.047,1.1341,1.1345,0.50,0.50
2007.11.18 22:25:19.235,1.1341,1.1345,0.50,0.50
2007.11.18 22:25:20.815,1.1341,1.1345,0.50,0.50
2007.11.18 22:25:24.114,1.1341,1.1345,0.50,0.50
2007.11.18 22:25:24.231,1.1341,1.1346,0.50,1.00
2007.11.18 22:25:25.815,1.1341,1.1346,0.50,1.00
2007.11.18 22:25:29.244,1.1341,1.1346,0.50,1.00
2007.11.18 22:25:30.061,1.1341,1.1345,0.50,0.50
2007.11.18 22:25:30.826,1.1341,1.1345,0.50,0.50
2007.11.18 22:25:31.835,1.1341,1.1345,0.50,0.50
2007.11.18 22:25:31.943,1.1339,1.1346,0.50,1.00
2007.11.18 22:25:32.050,1.1339,1.1346,0.50,1.00
2007.11.18 22:25:34.253,1.1339,1.1346,0.50,1.00
2007.11.18 22:25:35.823,1.1339,1.1345,0.50,0.50
2007.11.18 22:25:37.321,1.1341,1.1346,0.50,1.00
2007.11.18 22:25:39.255,1.1341,1.1346,0.50,1.00
2007.11.18 22:25:40.829,1.1341,1.1346,0.50,1.00
2007.11.18 22:25:41.092,1.1341,1.1346,0.50,1.00
2007.11.18 22:25:41.476,1.134,1.1346,1.00,1.50
2007.11.18 22:25:44.257,1.1341,1.1345,0.50,0.50
2007.11.18 22:25:45.837,1.134,1.1346,1.00,1.00
2007.11.18 22:25:49.245,1.134,1.1346,1.00,1.00
2007.11.18 22:25:50.831,1.134,1.1346,1.00,1.00
2007.11.18 22:25:52.123,1.134,1.1345,1.00,0.50
2007.11.18 22:25:54.259,1.134,1.1345,1.00,0.50
2007.11.18 22:25:55.908,1.134,1.1345,1.00,0.50
2007.11.18 22:25:59.259,1.134,1.1345,1.00,0.50
2007.11.18 22:26:00.849,1.134,1.1345,1.00,0.50
2007.11.18 22:26:03.154,1.1341,1.1345,0.50,0.50
2007.11.18 22:26:03.971,1.134,1.1344,1.00,0.50
2007.11.18 22:26:04.255,1.134,1.1344,1.00,0.50
2007.11.18 22:26:04.916,1.134,1.1345,1.00,0.80
2007.11.18 22:26:05.089,1.1341,1.1345,0.50,0.50
2007.11.18 22:26:05.846,1.134,1.1345,1.00,0.50
2007.11.18 22:26:09.254,1.1341,1.1345,0.50,0.50
2007.11.18 22:26:10.861,1.1341,1.1345,0.50,0.50
2007.11.18 22:26:14.348,1.1341,1.1345,0.50,0.50
2007.11.18 22:26:15.859,1.1341,1.1345,0.50,0.50
2007.11.18 22:26:19.269,1.1341,1.1345,0.50,0.50
2007.11.18 22:26:20.852,1.1341,1.1345,0.50,0.50
2007.11.18 22:26:24.261,1.1341,1.1345,0.50,0.50
2007.11.18 22:26:25.377,1.1341,1.1345,0.50,0.50
2007.11.18 22:26:25.868,1.1341,1.1345,0.50,0.50
2007.11.18 22:26:29.272,1.1341,1.1345,0.50,0.50
2007.11.18 22:26:30.869,1.1341,1.1345,0.50,0.50
2007.11.18 22:26:34.273,1.1341,1.1345,0.50,0.50
2007.11.18 22:26:40.250,1.1341,1.1347,0.50,0.50
2007.11.18 22:26:40.885,1.1341,1.1347,0.50,0.50
2007.11.18 22:26:42.240,1.1341,1.1346,0.50,0.50
2007.11.18 22:26:43.998,1.1341,1.1347,0.50,1.00
2007.11.18 22:26:44.282,1.1341,1.1346,0.50,0.50
2007.11.18 22:26:45.884,1.1341,1.1346,0.50,0.50
2007.11.18 22:26:47.428,1.1341,1.1346,0.50,0.50
2007.11.18 22:26:49.270,1.1341,1.1346,0.50,0.50
2007.11.18 22:26:50.893,1.1341,1.1346,0.50,0.50
2007.11.18 22:26:54.269,1.1341,1.1346,0.50,0.50
2007.11.18 22:26:55.885,1.1341,1.1346,0.50,0.50
2007.11.18 22:26:58.458,1.1341,1.1346,0.50,0.50
2007.11.18 22:26:59.271,1.1341,1.1346,0.50,0.50
2007.11.18 22:27:00.900,1.1341,1.1346,0.50,0.50
2007.11.18 22:27:04.284,1.1341,1.1346,0.50,0.50
2007.11.18 22:27:05.890,1.1341,1.1346,0.50,0.50
2007.11.18 22:27:09.295,1.1341,1.1346,0.50,0.50
2007.11.18 22:27:09.670,1.1341,1.1346,0.50,0.50
2007.11.18 22:27:10.909,1.1341,1.1346,0.50,0.50
2007.11.18 22:27:13.250,1.134,1.1346,1.00,0.50
2007.11.18 22:28:20.711,1.1342,1.1347,0.50,1.00
2007.11.18 22:28:20.951,1.1342,1.1346,0.50,0.50
2007.11.18 22:28:21.003,1.1342,1.1346,0.50,0.50
2007.11.18 22:28:24.390,1.1342,1.1346,0.50,0.50
2007.11.18 22:28:25.955,1.1342,1.1347,0.50,1.00
2007.11.18 22:28:27.017,1.1342,1.1347,0.50,1.00
2007.11.18 22:28:29.393,1.1342,1.1346,0.50,0.50
2007.11.18 22:28:30.244,1.1341,1.1347,0.50,1.00
2007.11.18 22:28:30.467,1.1341,1.1347,0.50,1.00
2007.11.18 22:28:30.969,1.1341,1.1346,0.50,0.50
2007.11.18 22:28:34.393,1.1341,1.1346,0.50,0.50
2007.11.18 22:28:35.970,1.1341,1.1347,0.50,1.00
2007.11.18 22:28:38.023,1.134,1.1347,1.00,1.50
2007.11.18 22:28:38.056,1.134,1.1347,1.00,1.00
2007.11.18 22:28:39.398,1.1341,1.1347,0.50,1.00
2007.11.18 22:28:40.981,1.1341,1.1347,0.50,1.00
2007.11.18 22:28:44.403,1.1341,1.1346,0.50,0.50
2007.11.18 22:28:45.980,1.1341,1.1346,0.50,0.50
2007.11.18 22:28:49.079,1.1341,1.1346,0.50,0.50
2007.11.18 22:28:49.404,1.1341,1.1346,0.50,0.50
2007.11.18 22:28:50.988,1.1341,1.1346,0.50,0.50
2007.11.18 22:28:54.396,1.1341,1.1346,0.50,0.50
2007.11.18 22:28:55.147,1.1341,1.1346,0.50,0.50
2007.11.18 22:28:55.989,1.1341,1.1346,0.50,0.50
2007.11.18 22:28:56.802,1.1341,1.1347,0.50,0.50
2007.11.18 22:28:59.397,1.1341,1.1347,0.50,0.50
2007.11.18 22:29:00.311,1.1341,1.1347,0.50,0.50
2007.11.18 22:29:00.528,1.1341,1.1347,0.50,0.50
2007.11.18 22:29:00.988,1.1341,1.1347,0.50,0.50
2007.11.18 22:29:03.220,1.1341,1.1346,0.50,0.50
2007.11.18 22:29:04.408,1.1341,1.1346,0.50,0.50
2007.11.18 22:29:06.003,1.1341,1.1346,0.50,0.50
2007.11.18 22:29:09.421,1.1341,1.1346,0.50,0.50
2007.11.18 22:29:11.004,1.1341,1.1346,0.50,0.50
2007.11.18 22:29:11.336,1.1341,1.1346,0.50,0.50
2007.11.18 22:29:14.420,1.1341,1.1346,0.50,0.50
2007.11.18 22:29:15.998,1.1341,1.1346,0.50,0.50
2007.11.18 22:29:16.186,1.1341,1.1347,0.50,1.00
2007.11.18 22:29:19.420,1.1341,1.1347,0.50,1.00
2007.11.18 22:29:21.009,1.1341,1.1347,0.50,1.00
2007.11.18 22:29:22.380,1.1341,1.1346,0.50,0.50
2007.11.18 22:29:24.426,1.1341,1.1347,0.50,1.00
2007.11.18 22:29:26.014,1.1341,1.1347,0.50,1.00
2007.11.18 22:29:29.444,1.1341,1.1347,0.50,1.00
2007.11.18 22:29:31.040,1.1341,1.1347,0.50,1.00
2007.11.18 22:29:45.934,1.1341,1.1349,0.50,0.50
2007.11.18 22:29:46.048,1.1341,1.135,0.50,1.00
2007.11.18 22:29:46.353,1.1341,1.1351,0.50,0.50
2007.11.18 22:29:46.954,1.1341,1.1351,0.50,0.50
2007.11.18 22:29:48.512,1.1342,1.1351,0.50,0.50
2007.11.18 22:29:49.028,1.1344,1.1351,0.50,0.50
2007.11.18 22:29:49.479,1.1344,1.1351,0.50,0.50
2007.11.18 22:29:51.023,1.1344,1.1351,0.50,0.50
2007.11.18 22:29:54.434,1.1344,1.1352,0.50,1.00
2007.11.18 22:29:55.637,1.1344,1.1351,0.50,0.50
2007.11.18 22:29:56.027,1.1344,1.1351,0.50,0.50
2007.11.18 22:29:59.434,1.1344,1.1352,0.50,1.00
2007.11.18 22:30:01.043,1.1344,1.1351,0.50,0.50
2007.11.18 22:30:04.438,1.1344,1.1352,0.50,1.00
2007.11.18 22:30:06.048,1.1344,1.1352,0.50,1.00
2007.11.18 22:30:06.669,1.1344,1.1352,0.50,1.00
2007.11.18 22:30:09.450,1.1344,1.1351,0.50,0.50
2007.11.18 22:30:11.044,1.1344,1.1351,0.50,0.50
2007.11.18 22:30:14.439,1.1344,1.1352,0.50,1.00
2007.11.18 22:30:16.055,1.1344,1.1352,0.50,1.00
2007.11.18 22:30:17.708,1.1344,1.1352,0.50,1.00
2007.11.18 22:31:21.103,1.1344,1.1349,0.50,0.50
2007.11.18 22:31:23.997,1.1344,1.1349,0.50,0.50
2007.11.18 22:31:24.046,1.1344,1.1349,0.50,0.50
2007.11.18 22:31:24.093,1.1344,1.1351,0.50,0.50
2007.11.18 22:31:24.468,1.1344,1.1351,0.50,0.50
2007.11.18 22:31:26.110,1.1344,1.1351,0.50,0.50
2007.11.18 22:31:29.467,1.1344,1.1351,0.50,0.50
2007.11.18 22:31:31.126,1.1344,1.1351,0.50,0.50
2007.11.18 22:31:34.469,1.1344,1.1351,0.50,0.50
2007.11.18 22:31:35.072,1.1344,1.1351,0.50,0.50
2007.11.18 22:31:36.130,1.1344,1.1351,0.50,0.50
2007.11.18 22:31:39.480,1.1344,1.1351,0.50,0.50
2007.11.18 22:31:41.121,1.1344,1.1351,0.50,0.50
2007.11.18 22:31:44.471,1.1344,1.1351,0.50,0.50
2007.11.18 22:31:46.137,1.1344,1.1351,0.50,0.50
2007.11.18 22:31:46.303,1.1344,1.1351,0.50,0.50
2007.11.18 22:31:49.487,1.1344,1.1351,0.50,0.50
2007.11.18 22:31:51.130,1.1344,1.1351,0.50,0.50
2007.11.18 22:31:52.434,1.1344,1.1351,0.50,0.50
2007.11.18 22:32:50.290,1.1344,1.1352,0.50,0.50
2007.11.18 22:32:50.512,1.1344,1.1352,0.50,0.50
2007.11.18 22:32:51.180,1.1344,1.1352,0.50,0.50
2007.11.18 22:32:52.658,1.1344,1.1352,0.50,0.50
2007.11.18 22:32:54.502,1.1344,1.1352,0.50,0.50
2007.11.18 22:32:56.182,1.1344,1.1352,0.50,0.50
2007.11.18 22:32:57.913,1.1343,1.1352,1.00,0.50
2007.11.18 22:32:59.500,1.1343,1.1352,1.00,0.50
2007.11.18 22:33:01.198,1.1344,1.1352,0.50,0.50
2007.11.18 22:33:03.673,1.1344,1.1352,0.50,0.50
2007.11.18 22:33:04.616,1.1343,1.1352,1.00,0.50
2007.11.18 22:33:06.200,1.1344,1.1352,0.50,0.50
2007.11.18 22:33:09.621,1.1343,1.1352,1.00,0.50
2007.11.18 22:33:11.201,1.1343,1.1352,1.00,0.50
2007.11.18 22:33:13.173,1.1343,1.1352,1.00,0.50
2007.11.18 22:33:13.299,1.1345,1.1352,0.50,0.50
2007.11.18 22:33:13.481,1.1344,1.1352,1.00,0.50
2007.11.18 22:33:13.788,1.1344,1.1352,1.00,0.50
2007.11.18 22:33:13.837,1.1344,1.1354,1.00,0.50
2007.11.18 22:33:14.622,1.1345,1.1354,0.50,0.50
2007.11.18 22:33:14.703,1.1344,1.1354,1.00,0.50
2007.11.18 22:33:16.212,1.1344,1.1354,1.00,0.50
2007.11.18 22:33:17.236,1.1344,1.1354,1.00,0.50
2007.11.18 22:33:17.369,1.1344,1.1358,8.50,7.60
2007.11.18 22:33:17.740,1.1344,1.136,8.50,8.00
2007.11.18 22:33:17.873,1.1345,1.136,2.70,8.00
2007.11.18 22:33:17.950,1.1344,1.136,8.50,8.00
2007.11.18 22:33:18.952,1.1344,1.1361,16.50,8.50
2007.11.18 22:33:19.634,1.1345,1.136,0.60,0.70
2007.11.18 22:33:21.212,1.1344,1.1361,8.50,8.50
2007.11.18 22:33:24.636,1.1344,1.1361,8.50,8.50
2007.11.18 22:33:25.723,1.1344,1.1361,8.50,8.50
2007.11.18 22:33:26.234,1.1345,1.1361,8.00,8.50
2007.11.18 22:33:29.638,1.1345,1.1361,8.00,8.50
2007.11.18 22:33:31.217,1.1345,1.136,8.00,0.50
2007.11.18 22:33:34.639,1.1345,1.1361,8.00,8.50
2007.11.18 22:33:36.229,1.1345,1.1361,8.00,8.50
2007.11.18 22:33:36.946,1.1345,1.1361,8.00,8.50
2007.11.18 22:33:39.634,1.1345,1.136,8.00,0.70
2007.11.18 22:33:41.237,1.1345,1.1361,8.00,8.50
2007.11.18 22:33:44.635,1.1345,1.1361,8.00,8.50
2007.11.18 22:33:46.243,1.1345,1.136,8.00,0.50
2007.11.18 22:33:48.756,1.1345,1.1359,8.00,0.50
2007.11.18 22:33:49.628,1.1345,1.1359,8.00,0.50
2007.11.18 22:33:51.232,1.1345,1.1359,8.00,0.50
2007.11.18 22:33:54.638,1.1345,1.1359,8.00,0.50
2007.11.18 22:33:56.234,1.1345,1.1359,8.00,0.50
2007.11.18 22:33:59.005,1.1345,1.1359,8.00,0.50
2007.11.18 22:33:59.636,1.1345,1.1359,8.00,0.50
2007.11.18 22:34:01.245,1.1345,1.1359,8.00,0.50
2007.11.18 22:34:04.640,1.1345,1.1359,8.00,0.50
2007.11.18 22:34:06.249,1.1345,1.1359,8.00,0.50
2007.11.18 22:34:09.639,1.1345,1.1359,8.00,0.50
2007.11.18 22:34:10.023,1.1345,1.1359,8.00,0.50
2007.11.18 22:34:11.255,1.1345,1.1359,8.00,0.50
2007.11.18 22:34:12.344,1.1345,1.1359,8.00,0.50
2007.11.18 22:34:12.468,1.1346,1.1359,8.00,0.50
2007.11.18 22:34:13.617,1.1346,1.1359,0.50,0.50
2007.11.18 22:34:13.816,1.1346,1.1359,8.00,0.50
2007.11.18 22:34:14.183,1.1346,1.1359,8.00,0.50
2007.11.18 22:34:14.281,1.1346,1.136,8.00,8.00
2007.11.18 22:34:14.640,1.1346,1.136,8.00,8.00
2007.11.18 22:34:16.244,1.1346,1.136,8.00,8.00
2007.11.18 22:34:19.647,1.1346,1.136,8.00,8.00
2007.11.18 22:34:21.060,1.1346,1.136,8.00,8.00
2007.11.18 22:34:21.259,1.1346,1.136,8.00,8.00
2007.11.18 22:34:21.427,1.1346,1.1361,8.00,8.50
2007.11.18 22:34:24.653,1.1346,1.1361,8.00,8.50
2007.11.18 22:34:26.270,1.1346,1.1361,8.00,8.50
2007.11.18 22:34:29.655,1.1346,1.136,8.00,0.90
2007.11.18 22:34:31.276,1.1346,1.1361,8.00,8.50
2007.11.18 22:34:31.687,1.1346,1.1359,8.00,1.00
2007.11.18 22:34:31.840,1.1346,1.1358,0.50,0.50
2007.11.18 22:34:32.267,1.1346,1.1358,0.50,0.50
2007.11.18 22:34:34.676,1.1346,1.1358,0.50,0.50
2007.11.18 22:34:36.278,1.1346,1.1358,0.50,0.50
2007.11.18 22:34:39.657,1.1346,1.1359,0.50,8.50
2007.11.18 22:34:39.689,1.1346,1.1359,0.50,8.50
2007.11.18 22:34:39.767,1.1345,1.1359,8.00,8.50
2007.11.18 22:34:41.276,1.1345,1.1358,8.00,0.50
2007.11.18 22:34:43.309,1.1345,1.1358,8.00,0.50
2007.11.18 22:34:44.664,1.1345,1.1359,8.00,8.50
2007.11.18 22:34:46.293,1.1345,1.1359,8.00,8.50
2007.11.18 22:34:49.659,1.1345,1.1358,8.00,0.50
2007.11.18 22:34:51.285,1.1345,1.1358,8.00,0.50
2007.11.18 22:34:54.329,1.1345,1.1358,8.00,0.50
2007.11.18 22:34:54.658,1.1345,1.1358,8.00,0.50
2007.11.18 22:34:56.284,1.1345,1.1358,8.00,0.50
2007.11.18 22:34:59.674,1.1345,1.1358,8.00,0.50
2007.11.18 22:35:01.293,1.1345,1.1358,8.00,0.50
2007.11.18 22:35:04.668,1.1345,1.1358,8.00,0.50
2007.11.18 22:35:05.341,1.1345,1.1358,8.00,0.50
2007.11.18 22:35:06.302,1.1345,1.1358,8.00,0.50
2007.11.18 22:35:09.677,1.1345,1.1358,8.00,0.50
2007.11.18 22:35:09.992,1.1345,1.1358,2.30,0.50
2007.11.18 22:35:18.238,1.1344,1.1359,8.50,7.60
2007.11.18 22:35:18.375,1.1344,1.1359,8.50,7.60
2007.11.18 22:35:18.497,1.1345,1.136,8.10,8.00
2007.11.18 22:35:18.654,1.1345,1.136,8.10,7.60
2007.11.18 22:35:18.776,1.1345,1.136,8.10,7.60
2007.11.18 22:35:19.680,1.1346,1.136,2.80,7.60
2007.11.18 22:35:21.436,1.1346,1.136,2.50,7.60
2007.11.18 22:35:24.682,1.1346,1.136,0.80,7.60
2007.11.18 22:35:26.313,1.1346,1.136,2.20,7.60
2007.11.18 22:35:27.579,1.1345,1.136,8.10,7.60
2007.11.18 22:35:28.179,1.1346,1.136,3.20,7.60
2007.11.18 22:35:28.312,1.1346,1.1361,8.10,8.00
2007.11.18 22:35:28.449,1.1347,1.1361,1.40,8.00
2007.11.18 22:35:29.674,1.1346,1.1361,8.10,8.00
2007.11.18 22:35:31.311,1.1347,1.1361,1.20,8.00
2007.11.18 22:35:34.167,1.1347,1.1361,3.00,8.00
2007.11.18 22:35:34.302,1.1346,1.1359,0.50,7.60
2007.11.18 22:35:34.474,1.1346,1.1359,0.50,7.60
2007.11.18 22:35:34.667,1.1345,1.1359,8.50,7.60
2007.11.18 22:35:35.758,1.1345,1.1359,8.50,8.00
2007.11.18 22:35:36.269,1.1345,1.1358,8.50,0.50
2007.11.18 22:35:38.614,1.1346,1.1358,0.50,0.50
2007.11.18 22:35:39.162,1.1346,1.1358,0.50,0.50
2007.11.18 22:35:39.306,1.1345,1.1358,8.00,0.50
2007.11.18 22:35:39.677,1.1345,1.1358,8.00,0.50
2007.11.18 22:35:41.317,1.1345,1.1358,8.00,0.50
2007.11.18 22:35:43.667,1.1345,1.1358,8.00,0.50
2007.11.18 22:35:43.812,1.1345,1.1359,8.00,7.60
2007.11.18 22:35:43.922,1.1346,1.136,7.60,8.00
2007.11.18 22:35:44.245,1.1346,1.136,7.60,7.60
2007.11.18 22:35:44.276,1.1346,1.136,7.60,7.60
2007.11.18 22:35:44.680,1.1346,1.136,7.60,7.60
2007.11.18 22:35:46.326,1.1346,1.136,7.60,7.60
2007.11.18 22:35:49.638,1.1346,1.136,7.60,7.60
2007.11.18 22:35:49.683,1.1346,1.136,7.60,7.60
2007.11.18 22:35:51.073,1.1346,1.136,3.20,7.60
2007.11.18 22:35:51.339,1.1346,1.136,2.10,7.60
2007.11.18 22:35:54.703,1.1345,1.136,8.10,7.60
2007.11.18 22:35:56.202,1.1345,1.136,8.10,7.60
2007.11.18 22:35:56.332,1.1345,1.1359,2.00,8.00
2007.11.18 22:35:59.696,1.1345,1.1359,0.80,8.00
2007.11.18 22:36:00.662,1.1345,1.1359,2.80,8.00
2007.11.18 22:36:01.345,1.1344,1.1359,8.50,8.00
2007.11.18 22:36:03.656,1.1344,1.1359,8.50,8.00
2007.11.18 22:36:03.728,1.1344,1.1357,8.50,0.50
2007.11.18 22:36:03.823,1.1344,1.1357,8.50,0.50
2007.11.18 22:36:03.963,1.1344,1.1357,8.50,0.50
2007.11.18 22:36:04.688,1.1344,1.1357,8.50,0.50
2007.11.18 22:36:06.017,1.1344,1.1357,8.50,0.50
2007.11.18 22:36:06.218,1.1344,1.1357,8.50,0.50
2007.11.18 22:36:06.357,1.1344,1.1359,8.50,8.00
2007.11.18 22:36:08.760,1.1345,1.1359,2.90,8.00
2007.11.18 22:36:08.797,1.1344,1.1357,8.50,0.50
2007.11.18 22:36:08.961,1.1344,1.1357,8.50,0.50
2007.11.18 22:36:09.686,1.1344,1.1357,8.50,0.50
2007.11.18 22:36:11.178,1.1344,1.1358,8.50,8.00
2007.11.18 22:36:11.215,1.1345,1.1358,0.50,8.00
2007.11.18 22:36:11.299,1.1345,1.1358,1.70,0.50
2007.11.18 22:36:11.362,1.1344,1.1358,8.50,0.50
2007.11.18 22:36:11.690,1.1344,1.1358,8.50,0.50
2007.11.18 22:36:14.696,1.1344,1.1358,8.50,0.50
2007.11.18 22:36:16.342,1.1345,1.1358,2.20,0.50
2007.11.18 22:36:19.695,1.1345,1.1358,3.40,0.50
2007.11.18 22:36:21.368,1.1345,1.1358,8.00,0.50
2007.11.18 22:36:22.906,1.1345,1.1358,8.00,0.50
2007.11.18 22:36:24.706,1.1345,1.1358,8.00,0.50
2007.11.18 22:36:25.356,1.1345,1.1359,8.00,8.50
2007.11.18 22:36:26.351,1.1345,1.1358,8.00,0.50
2007.11.18 22:36:29.714,1.1345,1.1358,8.00,0.50
2007.11.18 22:36:31.364,1.1345,1.1358,8.00,0.50
2007.11.18 22:36:33.927,1.1345,1.1358,8.00,0.50
2007.11.18 22:36:34.698,1.1345,1.1358,8.00,0.50
2007.11.18 22:36:36.358,1.1345,1.1358,8.00,0.50
2007.11.18 22:36:39.713,1.1345,1.1358,8.00,0.50
2007.11.18 22:36:47.477,1.1346,1.1358,0.50,0.50
2007.11.18 22:36:49.701,1.1346,1.1358,0.50,0.50
2007.11.18 22:36:51.379,1.1346,1.1358,0.50,0.50
2007.11.18 22:36:54.702,1.1346,1.1358,0.50,0.50
2007.11.18 22:36:55.987,1.1346,1.1358,0.50,0.50
2007.11.18 22:36:56.202,1.1345,1.1358,8.00,0.50
2007.11.18 22:36:56.370,1.1345,1.1358,8.00,0.50
2007.11.18 22:36:56.537,1.1345,1.1358,8.00,0.50
2007.11.18 22:36:59.164,1.1345,1.1358,8.00,0.50
2007.11.18 22:36:59.282,1.1345,1.1356,0.50,0.50
2007.11.18 22:36:59.771,1.1345,1.1356,0.50,0.50
2007.11.18 22:37:01.380,1.1345,1.1356,0.50,0.50
2007.11.18 22:37:04.719,1.1345,1.1356,0.50,0.50
2007.11.18 22:37:06.401,1.1345,1.1356,0.50,0.50
2007.11.18 22:37:07.003,1.1345,1.1356,0.50,0.50
2007.11.18 22:37:09.711,1.1345,1.1356,0.50,0.50
2007.11.18 22:37:11.397,1.1345,1.1356,0.50,0.50
2007.11.18 22:37:14.714,1.1345,1.1356,0.50,0.50
2007.11.18 22:37:16.398,1.1345,1.1356,0.50,0.50
2007.11.18 22:37:18.232,1.1345,1.1356,0.50,0.50
2007.11.18 22:37:19.721,1.1345,1.1356,0.50,0.50
2007.11.18 22:37:21.396,1.1345,1.1356,0.50,0.50
2007.11.18 22:37:22.675,1.1345,1.1356,0.50,0.50
2007.11.18 22:37:24.171,1.1345,1.1357,0.50,8.50
2007.11.18 22:37:24.366,1.1347,1.1358,0.50,8.50
2007.11.18 22:37:24.399,1.1347,1.1358,0.50,8.50
2007.11.18 22:37:24.480,1.1347,1.1357,0.50,0.50
2007.11.18 22:37:24.718,1.1347,1.1357,0.50,0.50
2007.11.18 22:37:26.411,1.1347,1.1358,0.50,8.50
2007.11.18 22:37:29.240,1.1347,1.1358,0.50,8.50
2007.11.18 22:37:29.720,1.1347,1.1357,0.50,0.50
2007.11.18 22:37:31.408,1.1347,1.1358,0.50,8.50
2007.11.18 22:37:32.193,1.1348,1.1359,0.50,8.10
2007.11.18 22:37:32.379,1.1348,1.1359,0.50,8.10
2007.11.18 22:37:32.561,1.1348,1.136,0.50,1.00
2007.11.18 22:37:33.249,1.1348,1.136,0.50,1.00
2007.11.18 22:37:33.663,1.1348,1.136,0.50,1.00
2007.11.18 22:37:33.806,1.1347,1.1359,7.60,0.50
2007.11.18 22:37:33.960,1.1347,1.1359,7.60,0.50
2007.11.18 22:37:34.169,1.1347,1.136,7.60,1.00
2007.11.18 22:37:34.313,1.1346,1.136,7.60,8.50
2007.11.18 22:37:34.673,1.1346,1.136,7.60,0.50
2007.11.18 22:37:34.806,1.1346,1.1361,7.60,8.10
2007.11.18 22:37:34.939,1.1346,1.1362,7.60,8.50
2007.11.18 22:37:35.071,1.1346,1.1362,7.60,8.50
2007.11.18 22:37:35.204,1.1346,1.1362,7.60,8.50
2007.11.18 22:37:35.765,1.1349,1.1363,7.60,0.90
2007.11.18 22:37:36.213,1.1349,1.1364,7.60,8.50
2007.11.18 22:37:37.644,1.1349,1.1364,8.00,8.50
2007.11.18 22:37:39.234,1.1349,1.1363,0.50,8.10
2007.11.18 22:37:39.472,1.1349,1.1363,0.50,8.10
2007.11.18 22:37:39.673,1.1349,1.1361,0.50,0.60
2007.11.18 22:37:39.720,1.1349,1.1363,0.50,8.10
2007.11.18 22:37:40.177,1.1349,1.1361,0.50,0.50
2007.11.18 22:37:40.698,1.1349,1.136,0.50,0.50
2007.11.18 22:37:40.991,1.1349,1.1361,0.50,8.50
2007.11.18 22:37:41.284,1.1351,1.1361,0.50,0.80
2007.11.18 22:37:41.577,1.1351,1.1362,0.50,1.00
2007.11.18 22:37:41.870,1.1349,1.1361,0.50,0.50
2007.11.18 22:37:42.239,1.1349,1.1362,0.50,8.50
2007.11.18 22:37:42.952,1.1349,1.1361,0.50,0.50
2007.11.18 22:37:43.148,1.1349,1.1361,0.50,0.50
2007.11.18 22:37:44.296,1.1349,1.136,0.50,0.50
2007.11.18 22:37:44.475,1.1349,1.1361,0.50,1.00
2007.11.18 22:37:44.677,1.1349,1.136,0.50,0.50
2007.11.18 22:37:45.185,1.1349,1.1361,0.50,1.00
2007.11.18 22:37:45.693,1.1349,1.136,0.50,0.50
2007.11.18 22:37:46.429,1.1349,1.1361,0.50,1.00
2007.11.18 22:37:47.732,1.1349,1.136,0.50,0.50
2007.11.18 22:37:49.734,1.1349,1.1361,0.50,1.00
2007.11.18 22:37:51.292,1.1349,1.136,0.50,0.50
2007.11.18 22:37:52.129,1.1349,1.136,0.50,0.50
2007.11.18 22:37:52.344,1.1351,1.136,0.50,0.50
2007.11.18 22:37:54.753,1.1351,1.136,0.50,0.50
2007.11.18 22:37:55.185,1.1351,1.136,0.50,0.50
2007.11.18 22:37:55.327,1.1349,1.136,0.50,0.50
2007.11.18 22:37:56.436,1.1349,1.136,0.50,0.50
2007.11.18 22:37:59.738,1.1349,1.136,0.50,0.50
2007.11.18 22:38:01.438,1.1349,1.136,0.50,0.50
2007.11.18 22:38:02.230,1.1349,1.1359,0.50,0.50
2007.11.18 22:38:02.398,1.1349,1.1359,0.50,0.50
2007.11.18 22:38:04.754,1.1349,1.1359,0.50,0.50
2007.11.18 22:38:06.437,1.1349,1.1359,0.50,0.50
2007.11.18 22:38:09.749,1.1349,1.1359,0.50,0.50
2007.11.18 22:38:11.449,1.1349,1.1359,0.50,0.50
2007.11.18 22:38:13.572,1.1349,1.1359,0.50,0.50
2007.11.18 22:38:14.753,1.1349,1.1359,0.50,0.50
2007.11.18 22:38:16.450,1.1349,1.1359,0.50,0.50
2007.11.18 22:38:17.019,1.1349,1.136,0.50,1.00
2007.11.18 22:38:19.169,1.1349,1.1359,0.50,0.50
2007.11.18 22:38:19.268,1.1347,1.1359,7.60,0.50
2007.11.18 22:38:19.370,1.1346,1.1359,8.80,0.50
2007.11.18 22:38:19.478,1.1346,1.1359,8.80,0.50
2007.11.18 22:38:19.708,1.1346,1.1359,8.80,0.50
2007.11.18 22:38:19.806,1.1346,1.1358,0.80,7.60
2007.11.18 22:38:20.321,1.1345,1.1357,1.20,7.60
2007.11.18 22:38:20.473,1.1345,1.1357,1.20,7.60
2007.11.18 22:38:21.450,1.1345,1.1357,1.20,7.60
2007.11.18 22:38:21.790,1.1345,1.1358,1.20,8.00
2007.11.18 22:38:22.048,1.1345,1.1357,1.20,0.50
2007.11.18 22:38:22.236,1.1345,1.1357,1.20,0.50
2007.11.18 22:38:23.240,1.1345,1.1357,1.20,0.50
2007.11.18 22:38:23.752,1.1345,1.1357,1.20,0.50
2007.11.18 22:38:23.875,1.1345,1.1357,8.80,0.50
2007.11.18 22:38:24.163,1.1345,1.1357,8.80,0.50
2007.11.18 22:38:24.325,1.1346,1.1355,0.80,0.50
2007.11.18 22:38:24.488,1.1346,1.1355,0.80,0.50
2007.11.18 22:38:24.735,1.1346,1.1355,0.80,0.50
2007.11.18 22:38:24.898,1.1345,1.1355,1.20,0.50
2007.11.18 22:38:25.061,1.1345,1.1355,1.20,0.50
2007.11.18 22:38:25.354,1.1346,1.1355,0.50,0.50
2007.11.18 22:38:25.853,1.1348,1.1355,0.50,0.50
2007.11.18 22:38:26.445,1.1348,1.1355,0.50,0.50
2007.11.18 22:38:29.859,1.1348,1.1355,0.50,0.50
2007.11.18 22:38:31.473,1.1348,1.1355,0.50,0.50
2007.11.18 22:38:34.053,1.1348,1.1355,0.50,0.50
2007.11.18 22:38:34.863,1.1348,1.1355,0.50,0.50
2007.11.18 22:38:35.629,1.1348,1.1355,0.50,0.50
2007.11.18 22:38:36.469,1.1348,1.1355,0.50,0.50
2007.11.18 22:38:39.841,1.1348,1.1355,0.50,0.50
2007.11.18 22:38:41.464,1.1348,1.1355,0.50,0.50
2007.11.18 22:38:44.845,1.1348,1.1355,0.50,0.50
2007.11.18 22:38:46.459,1.1348,1.1355,0.50,0.50
2007.11.18 22:38:46.659,1.1348,1.1355,0.50,0.50
2007.11.18 22:38:49.851,1.1348,1.1355,0.50,0.50
2007.11.18 22:38:51.477,1.1348,1.1355,0.50,0.50
2007.11.18 22:38:54.858,1.1348,1.1355,0.50,0.50
2007.11.18 22:39:12.837,1.1347,1.1355,0.50,0.50
2007.11.18 22:39:14.864,1.1347,1.1355,0.50,0.50
2007.11.18 22:39:16.499,1.1347,1.1355,0.50,0.50
2007.11.18 22:39:19.882,1.1347,1.1355,0.50,0.50
2007.11.18 22:39:19.928,1.1347,1.1355,0.50,0.50
2007.11.18 22:39:20.679,1.1347,1.1355,0.50,0.50
2007.11.18 22:39:20.959,1.1347,1.1357,0.50,0.50
2007.11.18 22:39:21.237,1.1347,1.1357,0.50,0.50
2007.11.18 22:39:21.499,1.1347,1.1357,0.50,0.50
2007.11.18 22:39:22.723,1.1347,1.1357,0.50,0.50
2007.11.18 22:39:22.911,1.1346,1.1357,0.50,0.50
2007.11.18 22:39:23.098,1.1346,1.1357,0.50,0.50
2007.11.18 22:39:23.286,1.1346,1.1357,0.50,0.50
2007.11.18 22:39:23.383,1.1346,1.1356,0.50,0.50
2007.11.18 22:39:24.874,1.1346,1.1356,0.50,0.50
2007.11.18 22:39:26.508,1.1346,1.1356,0.50,0.50
2007.11.18 22:39:29.880,1.1346,1.1356,0.50,0.50
2007.11.18 22:39:30.944,1.1346,1.1356,0.50,0.50
2007.11.18 22:39:31.498,1.1346,1.1356,0.50,0.50
2007.11.18 22:39:34.886,1.1346,1.1356,0.50,0.50
2007.11.18 22:39:36.515,1.1346,1.1356,0.50,0.50
2007.11.18 22:39:38.232,1.1347,1.1356,0.50,0.50
2007.11.18 22:39:38.323,1.1347,1.1356,0.50,0.50
2007.11.18 22:39:39.874,1.1347,1.1356,0.50,0.50
2007.11.18 22:39:41.520,1.1347,1.1356,0.50,0.50
2007.11.18 22:39:41.971,1.1347,1.1356,0.50,0.50
2007.11.18 22:39:44.883,1.1347,1.1356,0.50,0.50
2007.11.18 22:39:46.528,1.1347,1.1356,0.50,0.50
2007.11.18 22:39:48.504,1.1347,1.1357,0.50,1.00
2007.11.18 22:39:49.888,1.1347,1.1356,0.50,0.50
2007.11.18 22:39:51.522,1.1347,1.1356,0.50,0.50
2007.11.18 22:39:53.004,1.1347,1.1356,0.50,0.50
2007.11.18 22:39:54.883,1.1347,1.1356,0.50,0.50
2007.11.18 22:39:56.519,1.1347,1.1356,0.50,0.50
2007.11.18 22:39:59.887,1.1347,1.1356,0.50,0.50
2007.11.18 22:40:01.536,1.1347,1.1356,0.50,0.50
2007.11.18 22:40:04.253,1.1347,1.1356,0.50,0.50
2007.11.18 22:40:04.886,1.1347,1.1356,0.50,0.50
2007.11.18 22:40:06.528,1.1347,1.1356,0.50,0.50
2007.11.18 22:40:08.545,1.1347,1.1356,0.50,0.50
2007.11.18 22:40:16.526,1.1346,1.1356,0.50,0.50
2007.11.18 22:40:19.878,1.1345,1.1356,1.70,0.50
2007.11.18 22:40:21.554,1.1346,1.1356,0.50,0.50
2007.11.18 22:40:24.891,1.1346,1.1356,0.50,0.50
2007.11.18 22:40:26.314,1.1345,1.1356,1.70,0.50
2007.11.18 22:40:26.535,1.1345,1.1356,1.70,0.50
2007.11.18 22:40:29.270,1.1345,1.1356,1.70,0.50
2007.11.18 22:40:29.354,1.1346,1.1356,1.00,0.50
2007.11.18 22:40:29.673,1.1347,1.1356,0.50,0.50
2007.11.18 22:40:29.889,1.1347,1.1356,0.50,0.50
2007.11.18 22:40:31.030,1.1348,1.1356,0.50,0.50
2007.11.18 22:40:31.558,1.1348,1.1356,0.50,0.50
2007.11.18 22:40:31.715,1.1349,1.1356,1.00,0.50
2007.11.18 22:40:34.109,1.1352,1.1356,0.50,0.50
2007.11.18 22:40:34.262,1.1352,1.1356,0.50,0.50
2007.11.18 22:40:34.336,1.135,1.1356,0.50,0.50
2007.11.18 22:40:34.752,1.1351,1.1355,0.50,0.50
2007.11.18 22:40:34.969,1.135,1.1355,1.00,0.50
2007.11.18 22:40:35.021,1.135,1.1355,1.00,0.50
2007.11.18 22:40:35.162,1.135,1.1356,1.00,0.50
2007.11.18 22:40:35.488,1.1351,1.1356,0.50,0.50
2007.11.18 22:40:36.552,1.135,1.1356,1.00,0.50
2007.11.18 22:40:36.663,1.1351,1.1356,1.00,0.50
2007.11.18 22:40:37.155,1.1354,1.1359,0.50,0.50
2007.11.18 22:40:37.269,1.1354,1.1359,0.50,0.50
2007.11.18 22:40:37.974,1.1354,1.1359,0.50,0.50
2007.11.18 22:40:38.251,1.1354,1.136,0.50,1.00
2007.11.18 22:40:39.723,1.1353,1.136,0.50,1.00
2007.11.18 22:40:39.893,1.1353,1.136,0.50,1.00
2007.11.18 22:40:41.559,1.1353,1.1359,0.50,0.50
2007.11.18 22:40:43.043,1.1353,1.136,0.50,1.00
2007.11.18 22:40:44.901,1.1353,1.1359,0.50,0.50
2007.11.18 22:40:45.703,1.1353,1.136,0.50,1.00
2007.11.18 22:40:46.251,1.1354,1.136,0.50,1.00
2007.11.18 22:40:46.568,1.1354,1.136,0.50,1.00
2007.11.18 22:40:47.268,1.1354,1.1359,0.50,0.50
2007.11.18 22:40:48.239,1.1353,1.136,0.50,1.00
2007.11.18 22:40:48.357,1.1353,1.1359,0.50,0.50
2007.11.18 22:40:49.899,1.1353,1.1359,0.50,0.50
2007.11.18 22:40:51.566,1.1353,1.1359,0.50,0.50
2007.11.18 22:40:54.703,1.1353,1.1359,0.50,0.50
2007.11.18 22:40:54.747,1.1353,1.1358,0.50,0.50
2007.11.18 22:40:54.899,1.1353,1.1358,0.50,0.50
2007.11.18 22:40:56.586,1.1353,1.1359,0.50,1.00
2007.11.18 22:40:59.579,1.1353,1.1359,0.50,1.00
2007.11.18 22:40:59.894,1.1353,1.1358,0.50,0.50
2007.11.18 22:41:01.578,1.1353,1.1358,0.50,0.50
2007.11.18 22:41:04.909,1.1353,1.1359,0.50,1.00
2007.11.18 22:41:06.179,1.1353,1.1358,0.50,0.50
2007.11.18 22:41:06.588,1.1353,1.1358,0.50,0.50
2007.11.18 22:41:08.173,1.1353,1.1358,0.50,0.50
2007.11.18 22:41:08.300,1.1352,1.1358,0.50,0.50
2007.11.18 22:41:09.918,1.1351,1.1358,1.00,0.50
2007.11.18 22:41:10.600,1.1351,1.1358,1.00,0.50
2007.11.18 22:41:12.131,1.1351,1.1358,1.00,0.50
2007.11.18 22:41:12.703,1.1352,1.1358,1.00,0.50
2007.11.18 22:41:14.910,1.1352,1.1358,1.00,0.50
2007.11.18 22:41:16.594,1.1352,1.1358,1.00,0.50
2007.11.18 22:41:19.929,1.1352,1.1358,1.00,0.50
2007.11.18 22:41:20.285,1.1353,1.1358,0.50,0.50
2007.11.18 22:41:20.347,1.1353,1.1359,1.00,0.50
2007.11.18 22:41:20.483,1.1353,1.1359,1.00,0.50
2007.11.18 22:41:20.757,1.1352,1.1359,1.00,0.50
2007.11.18 22:41:21.196,1.1352,1.1359,1.00,0.50
2007.11.18 22:41:21.587,1.1352,1.1359,1.00,0.50
2007.11.18 22:41:24.913,1.1352,1.1359,1.00,0.50
2007.11.18 22:41:25.676,1.1352,1.1358,1.00,0.50
2007.11.18 22:41:25.874,1.1353,1.1358,0.50,0.50
2007.11.18 22:41:26.609,1.1353,1.1358,0.50,0.50
2007.11.18 22:41:29.911,1.1353,1.1358,0.50,0.50
2007.11.18 22:41:31.589,1.1352,1.1358,1.00,0.50
2007.11.18 22:41:32.658,1.1352,1.1358,1.00,0.50
2007.11.18 22:41:34.922,1.1352,1.1358,1.00,0.50
2007.11.18 22:41:36.724,1.1353,1.1358,0.50,0.50
2007.11.18 22:41:39.922,1.1353,1.1358,0.50,0.50
2007.11.18 22:41:41.618,1.1353,1.1358,0.50,0.50
2007.11.18 22:41:43.696,1.1353,1.1358,0.50,0.50
2007.11.18 22:41:44.924,1.1353,1.1358,0.50,0.50
2007.11.18 22:41:46.621,1.1353,1.1358,0.50,0.50
2007.11.18 22:41:49.915,1.1353,1.1358,0.50,0.50
2007.11.18 22:41:50.335,1.1353,1.1358,0.50,0.50
2007.11.18 22:41:51.621,1.1353,1.1358,0.50,0.50
2007.11.18 22:41:52.137,1.1353,1.1358,0.50,0.50
2007.11.18 22:41:52.231,1.1353,1.1358,0.50,0.50
2007.11.18 22:41:52.268,1.1352,1.1357,0.50,0.50
2007.11.18 22:41:52.445,1.1352,1.1357,0.50,0.50
2007.11.18 22:41:53.260,1.1352,1.1357,0.50,0.50
2007.11.18 22:41:54.726,1.1352,1.1357,0.50,0.50
2007.11.18 22:41:54.919,1.1352,1.1357,0.50,0.50
2007.11.18 22:41:56.615,1.1352,1.1357,0.50,0.50
2007.11.18 22:41:59.921,1.1352,1.1357,0.50,0.50
2007.11.18 22:42:00.715,1.1352,1.1357,0.50,0.50
2007.11.18 22:42:00.855,1.1352,1.1358,0.50,0.50
2007.11.18 22:42:01.632,1.1352,1.1358,0.50,0.50
2007.11.18 22:42:04.944,1.1352,1.1358,0.50,0.50
2007.11.18 22:42:05.739,1.1352,1.1358,0.50,0.50
2007.11.18 22:42:06.628,1.1352,1.1358,0.50,0.50
2007.11.18 22:42:09.789,1.1353,1.1358,0.50,0.50
2007.11.18 22:42:09.927,1.1353,1.1358,0.50,0.50
2007.11.18 22:42:09.996,1.1353,1.1358,0.50,0.50
2007.11.18 22:42:11.150,1.1352,1.1358,0.50,0.50
2007.11.18 22:42:11.627,1.1352,1.1358,0.50,0.50
2007.11.18 22:42:14.940,1.1352,1.1358,0.50,0.50
2007.11.18 22:42:16.644,1.1352,1.1358,0.50,0.50
2007.11.18 22:42:16.773,1.1352,1.1358,0.50,0.50
2007.11.18 22:42:17.229,1.1352,1.1358,0.50,0.50
2007.11.18 22:42:17.368,1.1352,1.136,0.50,0.50
2007.11.18 22:42:19.934,1.1352,1.136,0.50,0.50
2007.11.18 22:42:24.942,1.1352,1.136,0.50,0.50
2007.11.18 22:42:27.807,1.1352,1.136,0.50,0.50
2007.11.18 22:42:29.942,1.1352,1.136,0.50,0.50
2007.11.18 22:42:34.934,1.1352,1.136,0.50,0.50
2007.11.18 22:42:38.820,1.1352,1.136,0.50,0.50
2007.11.18 22:42:39.945,1.1352,1.136,0.50,0.50
2007.11.18 22:42:42.805,1.1351,1.136,1.00,0.50
2007.11.18 22:42:44.945,1.1352,1.136,0.50,0.50
2007.11.18 22:44:00.753,1.1353,1.1361,0.50,8.50
2007.11.18 22:44:00.996,1.1353,1.1361,0.50,8.50
2007.11.18 22:44:02.296,1.1353,1.136,0.50,0.50
2007.11.18 22:44:03.188,1.1353,1.136,0.50,0.50
2007.11.18 22:44:03.630,1.1352,1.1361,1.00,8.50
2007.11.18 22:44:05.087,1.1352,1.1361,1.00,8.50
2007.11.18 22:44:07.095,1.1353,1.136,0.50,0.50
2007.11.18 22:44:10.083,1.1352,1.1361,1.00,8.50
2007.11.18 22:44:14.431,1.1353,1.136,0.50,0.50
2007.11.18 22:44:14.463,1.1353,1.136,0.50,0.50
2007.11.18 22:44:14.763,1.1352,1.136,1.00,0.50
2007.11.18 22:44:14.977,1.1352,1.136,1.00,0.50
2007.11.18 22:44:15.033,1.1353,1.1359,0.50,0.50
2007.11.18 22:44:15.084,1.1353,1.1359,0.50,0.50
2007.11.18 22:44:15.348,1.1352,1.1359,1.00,0.50
2007.11.18 22:44:16.053,1.1353,1.1357,0.50,0.50
2007.11.18 22:44:16.579,1.1352,1.1356,1.00,0.50
2007.11.18 22:44:18.119,1.1352,1.1356,1.00,0.50
2007.11.18 22:44:20.076,1.1352,1.1356,1.00,0.50
2007.11.18 22:44:22.008,1.1353,1.1356,0.50,0.50
2007.11.18 22:44:23.527,1.1352,1.1356,1.00,0.50
2007.11.18 22:44:25.101,1.1352,1.1356,1.00,0.50
2007.11.18 22:44:25.629,1.1352,1.1356,1.00,0.50
2007.11.18 22:44:29.143,1.1352,1.1356,1.00,0.50
2007.11.18 22:44:30.089,1.1353,1.1356,0.50,0.50
2007.11.18 22:44:32.250,1.1353,1.1356,0.50,0.50
2007.11.18 22:44:35.091,1.1353,1.1356,0.50,0.50
2007.11.18 22:44:37.013,1.1353,1.1356,0.50,0.50
2007.11.18 22:44:37.035,1.1353,1.1356,0.50,0.50
2007.11.18 22:44:37.122,1.1353,1.1356,0.50,0.50
2007.11.18 22:44:37.291,1.1354,1.1358,0.50,0.50
2007.11.18 22:44:37.316,1.1354,1.1358,0.50,0.50
2007.11.18 22:44:37.651,1.1354,1.1358,0.50,0.50
2007.11.18 22:44:38.550,1.1354,1.1358,0.50,0.50
2007.11.18 22:44:38.570,1.1354,1.136,0.50,0.50
2007.11.18 22:44:40.024,1.1354,1.136,0.50,0.50
2007.11.18 22:44:40.155,1.1354,1.136,0.50,0.50
2007.11.18 22:44:41.241,1.1356,1.136,0.50,0.50
2007.11.18 22:44:41.408,1.1356,1.136,0.50,0.50
2007.11.18 22:44:42.010,1.1356,1.136,0.50,0.50
2007.11.18 22:44:42.318,1.1356,1.136,0.50,0.50
2007.11.18 22:44:44.242,1.1356,1.1359,0.50,0.50
2007.11.18 22:44:44.559,1.1356,1.1359,0.50,0.50
2007.11.18 22:44:44.771,1.1356,1.1359,0.50,0.50
2007.11.18 22:44:44.803,1.1357,1.136,0.50,0.50
2007.11.18 22:44:45.090,1.1357,1.136,0.50,0.50
2007.11.18 22:44:45.700,1.1357,1.136,0.50,0.50
2007.11.18 22:44:47.899,1.1357,1.136,0.50,0.50
2007.11.18 22:44:48.343,1.1357,1.136,0.50,0.50
2007.11.18 22:44:48.395,1.1356,1.136,0.50,0.50
2007.11.18 22:44:48.634,1.1356,1.136,0.50,0.50
2007.11.18 22:44:48.872,1.1356,1.1359,0.50,0.50
2007.11.18 22:44:49.142,1.1356,1.136,0.50,0.80
2007.11.18 22:44:49.380,1.1356,1.136,0.50,0.50
2007.11.18 22:44:49.618,1.1356,1.136,0.50,0.50
2007.11.18 22:44:49.776,1.1356,1.136,0.50,0.50
2007.11.18 22:44:50.098,1.1356,1.136,0.50,0.50
2007.11.18 22:44:51.184,1.1356,1.136,0.50,0.50
2007.11.18 22:44:51.379,1.1356,1.136,0.50,0.50
2007.11.18 22:44:52.665,1.1356,1.136,0.50,0.50
2007.11.18 22:44:52.783,1.1356,1.1359,0.50,0.50
2007.11.18 22:44:53.043,1.1356,1.1359,0.50,0.50
2007.11.18 22:44:55.102,1.1356,1.1359,0.50,0.50
2007.11.18 22:44:55.763,1.1357,1.136,0.50,0.50
2007.11.18 22:44:55.926,1.1357,1.136,0.50,0.50
2007.11.18 22:44:56.093,1.1357,1.136,0.50,0.50
2007.11.18 22:44:57.636,1.1357,1.136,0.50,0.50
2007.11.18 22:44:57.742,1.1357,1.136,0.50,0.50
2007.11.18 22:44:57.785,1.1354,1.136,0.50,0.50
2007.11.18 22:44:57.958,1.1354,1.136,0.50,0.50
2007.11.18 22:44:58.285,1.1353,1.136,0.50,0.50
2007.11.18 22:45:00.134,1.1353,1.136,0.50,0.50
2007.11.18 22:45:02.215,1.1353,1.136,0.50,0.50
2007.11.18 22:45:05.117,1.1353,1.136,0.50,0.50
2007.11.18 22:45:09.880,1.1352,1.136,1.00,0.50
2007.11.18 22:45:10.116,1.1352,1.136,1.00,0.50
2007.11.18 22:45:13.236,1.1353,1.136,0.50,0.50
2007.11.18 22:45:15.114,1.1353,1.136,0.50,0.50
2007.11.18 22:45:20.114,1.1353,1.136,0.50,0.50
2007.11.18 22:45:22.618,1.1353,1.136,0.50,0.50
2007.11.18 22:45:22.636,1.1353,1.136,0.50,0.50
2007.11.18 22:45:22.717,1.1353,1.1363,0.50,8.00
2007.11.18 22:45:23.114,1.1353,1.1363,0.50,7.60
2007.11.18 22:45:23.343,1.1353,1.1363,0.50,7.60
2007.11.18 22:45:24.255,1.1353,1.1363,0.50,7.60
2007.11.18 22:45:25.115,1.1353,1.1363,0.50,7.60
2007.11.18 22:45:30.106,1.1353,1.1363,0.50,7.60
2007.11.18 22:45:31.121,1.1353,1.1363,0.50,7.60
2007.11.18 22:45:31.228,1.1353,1.1364,0.50,0.50
2007.11.18 22:45:31.336,1.1353,1.1364,0.50,0.50
2007.11.18 22:45:32.768,1.1354,1.1364,0.50,0.50
2007.11.18 22:45:33.176,1.1356,1.1364,0.50,0.50
2007.11.18 22:45:35.133,1.1356,1.1364,0.50,0.50
2007.11.18 22:45:35.276,1.1356,1.1364,0.50,0.50
2007.11.18 22:45:40.119,1.1356,1.1364,0.50,0.50
2007.11.18 22:45:45.129,1.1356,1.1364,0.50,0.50
2007.11.18 22:45:46.301,1.1356,1.1364,0.50,0.50
2007.11.18 22:45:50.130,1.1356,1.1364,0.50,0.50
2007.11.18 22:45:53.639,1.1356,1.1364,0.50,0.50
2007.11.18 22:45:53.806,1.1355,1.1364,0.50,0.50
2007.11.18 22:45:54.038,1.1355,1.1364,0.50,0.50
2007.11.18 22:45:54.059,1.1355,1.1364,0.50,0.50
2007.11.18 22:45:55.124,1.1355,1.1364,0.50,0.50
2007.11.18 22:45:57.333,1.1355,1.1364,0.50,0.50
2007.11.18 22:45:57.674,1.1355,1.1364,0.50,0.50
2007.11.18 22:45:57.738,1.1354,1.1364,0.50,0.50
2007.11.18 22:45:57.823,1.1354,1.1364,0.50,0.50
2007.11.18 22:45:58.335,1.1354,1.1364,0.50,0.50
2007.11.18 22:45:59.145,1.1354,1.1364,0.50,0.50
2007.11.18 22:45:59.418,1.1355,1.1364,1.00,0.50
2007.11.18 22:46:00.120,1.1355,1.1364,1.00,0.50
2007.11.18 22:46:01.287,1.1355,1.1364,1.00,0.50
2007.11.18 22:46:01.460,1.1353,1.1364,1.00,0.50
2007.11.18 22:46:05.127,1.1354,1.1364,0.50,0.50
2007.11.18 22:46:08.363,1.1354,1.1364,0.50,0.50
2007.11.18 22:46:10.124,1.1354,1.1364,0.50,0.50
2007.11.18 22:46:15.152,1.1355,1.1364,1.00,0.50
2007.11.18 22:46:15.174,1.1355,1.1364,1.00,0.50
2007.11.18 22:46:17.618,1.1355,1.1364,1.00,0.50
2007.11.18 22:46:17.774,1.1353,1.1364,1.00,0.50
2007.11.18 22:46:17.819,1.1354,1.1364,0.50,0.50
2007.11.18 22:46:19.391,1.1353,1.1364,1.00,0.50
2007.11.18 22:46:20.134,1.1354,1.1364,0.50,0.50
2007.11.18 22:46:25.132,1.1354,1.1364,0.50,0.50
2007.11.18 22:46:26.389,1.1354,1.1365,0.50,8.50
2007.11.18 22:46:27.097,1.1354,1.1365,0.50,8.50
2007.11.18 22:46:27.284,1.1355,1.1365,0.50,8.50
2007.11.18 22:46:30.144,1.1355,1.1364,0.50,0.50
2007.11.18 22:46:30.166,1.1355,1.1365,0.50,8.50
2007.11.18 22:46:30.201,1.1356,1.1365,0.50,8.50
2007.11.18 22:46:30.414,1.1356,1.1365,0.50,8.50
2007.11.18 22:46:30.721,1.1353,1.1365,1.20,8.50
2007.11.18 22:46:30.783,1.1353,1.1365,1.20,8.50
2007.11.18 22:46:30.816,1.1353,1.1365,0.50,8.50
2007.11.18 22:46:32.006,1.1353,1.1364,0.50,0.50
2007.11.18 22:46:32.358,1.1353,1.1364,0.50,0.50
2007.11.18 22:46:32.395,1.1352,1.1364,0.50,8.10
2007.11.18 22:46:32.716,1.1352,1.1362,0.50,0.70
2007.11.18 22:46:32.777,1.1352,1.1363,0.50,0.80
2007.11.18 22:46:32.911,1.1352,1.1364,0.50,10.00
2007.11.18 22:46:33.295,1.1352,1.1364,0.50,8.50
2007.11.18 22:46:33.528,1.1352,1.1364,0.50,8.50
2007.11.18 22:46:33.760,1.1352,1.1363,0.50,1.00
2007.11.18 22:46:35.136,1.1352,1.1362,0.50,0.50
2007.11.18 22:46:35.303,1.1352,1.1361,0.50,0.50
2007.11.18 22:46:36.115,1.1352,1.1361,0.50,0.50
2007.11.18 22:46:36.275,1.1351,1.1361,0.50,0.50
2007.11.18 22:46:36.403,1.1351,1.1362,0.50,1.00
2007.11.18 22:46:36.947,1.1351,1.1361,0.50,0.50
2007.11.18 22:46:38.323,1.1351,1.1362,0.50,1.00
2007.11.18 22:46:39.232,1.1351,1.1362,0.50,1.00
2007.11.18 22:46:39.250,1.1351,1.1361,0.50,0.50
2007.11.18 22:46:39.427,1.1351,1.1362,0.50,8.50
2007.11.18 22:46:39.545,1.1351,1.1362,0.50,8.50
2007.11.18 22:46:40.133,1.1351,1.1362,0.50,8.50
2007.11.18 22:46:40.778,1.1351,1.1361,0.50,0.50
2007.11.18 22:46:41.523,1.1351,1.1362,0.50,8.50
2007.11.18 22:46:44.003,1.1351,1.1361,0.50,0.90
2007.11.18 22:46:44.204,1.135,1.1362,0.50,8.50
2007.11.18 22:46:44.289,1.135,1.1359,0.50,0.70
2007.11.18 22:46:44.349,1.135,1.1359,0.50,0.70
2007.11.18 22:46:44.656,1.135,1.1361,0.50,9.60
2007.11.18 22:46:45.131,1.135,1.1361,0.50,9.60
2007.11.18 22:46:45.313,1.1351,1.136,0.50,8.10
2007.11.18 22:46:45.645,1.1351,1.1359,0.50,0.70
2007.11.18 22:46:46.159,1.1351,1.1359,0.50,8.50
2007.11.18 22:46:47.109,1.1351,1.1358,0.50,0.50
2007.11.18 22:46:47.292,1.135,1.1358,0.50,0.50
2007.11.18 22:46:47.729,1.1351,1.1359,0.50,8.50
2007.11.18 22:46:47.823,1.1351,1.1359,0.50,8.50
2007.11.18 22:46:47.926,1.1351,1.1359,0.50,8.50
2007.11.18 22:46:48.137,1.1351,1.1359,0.50,8.50
2007.11.18 22:46:48.217,1.1351,1.1358,0.50,0.50
2007.11.18 22:46:48.369,1.135,1.1359,0.50,8.50
2007.11.18 22:46:50.140,1.135,1.1358,0.50,0.50
2007.11.18 22:46:50.635,1.135,1.1358,0.50,0.50
2007.11.18 22:46:50.814,1.1351,1.1359,0.50,8.50
2007.11.18 22:46:52.558,1.1351,1.1359,0.50,8.50
2007.11.18 22:46:52.660,1.1351,1.1358,0.50,0.50
2007.11.18 22:46:52.807,1.1351,1.1359,0.50,8.50
2007.11.18 22:46:52.955,1.135,1.1358,0.50,1.00
2007.11.18 22:46:53.335,1.135,1.1357,0.50,0.50
2007.11.18 22:46:54.154,1.135,1.1357,0.50,0.50
2007.11.18 22:46:54.317,1.135,1.1358,0.50,0.70
2007.11.18 22:46:54.480,1.135,1.1358,0.50,0.50
2007.11.18 22:46:54.666,1.135,1.1358,0.50,0.50
2007.11.18 22:46:54.828,1.1349,1.1359,0.50,8.50
2007.11.18 22:46:54.964,1.1349,1.1358,0.50,0.50
2007.11.18 22:46:55.087,1.1349,1.1359,0.50,8.50
2007.11.18 22:46:55.210,1.1349,1.1356,0.50,0.50
2007.11.18 22:46:55.333,1.1349,1.1357,0.50,1.00
2007.11.18 22:46:55.690,1.1349,1.1356,0.50,0.50
2007.11.18 22:46:55.812,1.1349,1.1356,0.50,0.50
2007.11.18 22:46:55.935,1.1349,1.1358,0.50,8.00
2007.11.18 22:46:56.262,1.135,1.1358,0.50,0.50
2007.11.18 22:46:56.589,1.135,1.1358,0.50,0.50
2007.11.18 22:46:56.962,1.1349,1.1358,0.50,8.00
2007.11.18 22:46:58.289,1.135,1.1358,0.50,0.50
2007.11.18 22:46:58.352,1.135,1.1358,0.50,0.50
2007.11.18 22:46:58.821,1.1349,1.1358,0.50,8.00
2007.11.18 22:46:58.885,1.1349,1.1358,0.50,8.00
2007.11.18 22:46:59.148,1.1349,1.1358,0.50,8.00
2007.11.18 22:46:59.339,1.1348,1.1358,0.50,8.00
2007.11.18 22:46:59.663,1.1348,1.1358,0.50,8.00
2007.11.18 22:46:59.847,1.135,1.1358,0.50,0.50
2007.11.18 22:47:00.080,1.135,1.1358,0.50,0.50
2007.11.18 22:47:00.282,1.135,1.1358,0.50,0.50
2007.11.18 22:47:01.713,1.135,1.1358,0.50,0.50
2007.11.18 22:47:01.846,1.1349,1.1358,0.50,8.00
2007.11.18 22:47:01.979,1.1349,1.1358,0.50,8.00
2007.11.18 22:47:02.112,1.1349,1.1358,0.50,8.00
2007.11.18 22:47:02.414,1.1349,1.1358,0.50,8.00
2007.11.18 22:47:03.129,1.135,1.1358,0.50,8.00
2007.11.18 22:47:03.261,1.135,1.1358,0.50,0.50
2007.11.18 22:47:03.343,1.135,1.1358,0.50,0.50
2007.11.18 22:47:03.583,1.135,1.1358,0.50,0.50
2007.11.18 22:47:03.690,1.1349,1.1358,0.50,0.50
2007.11.18 22:47:03.798,1.1349,1.1358,0.50,8.00
2007.11.18 22:47:05.152,1.1349,1.1358,0.50,8.00
2007.11.18 22:47:10.163,1.1349,1.1358,0.50,8.00
2007.11.18 22:47:10.685,1.1349,1.1358,0.50,8.00
2007.11.18 22:47:10.764,1.1349,1.1357,0.50,0.50
2007.11.18 22:47:10.842,1.1349,1.1357,0.50,0.50
2007.11.18 22:47:13.731,1.1349,1.1358,0.50,8.00
2007.11.18 22:47:13.851,1.1349,1.1358,0.50,8.00
2007.11.18 22:47:14.065,1.1349,1.1358,0.50,8.00
2007.11.18 22:47:14.263,1.1349,1.1358,0.50,8.00
2007.11.18 22:47:14.616,1.1349,1.1358,0.50,8.00
2007.11.18 22:47:15.152,1.1349,1.1358,0.50,8.00
2007.11.18 22:47:20.171,1.1349,1.1358,0.50,8.00
2007.11.18 22:47:23.819,1.1349,1.1358,0.50,8.00
2007.11.18 22:47:23.848,1.1349,1.1358,0.50,8.00
2007.11.18 22:47:24.098,1.1349,1.1358,0.50,0.50
2007.11.18 22:47:24.880,1.1349,1.1359,0.50,1.00
2007.11.18 22:47:25.138,1.135,1.1358,0.50,0.50
2007.11.18 22:47:25.267,1.135,1.1359,0.50,1.00
2007.11.18 22:47:25.649,1.135,1.1359,0.50,1.00
2007.11.18 22:47:30.171,1.135,1.1359,0.50,1.00
2007.11.18 22:47:35.168,1.135,1.1358,0.50,0.50
2007.11.18 22:47:35.939,1.135,1.1358,0.50,0.50
2007.11.18 22:47:36.673,1.135,1.1358,0.50,0.50
2007.11.18 22:47:37.925,1.135,1.1359,0.50,1.00
2007.11.18 22:47:38.093,1.135,1.1359,0.50,1.00
2007.11.18 22:47:40.183,1.135,1.1358,0.50,0.50
2007.11.18 22:47:45.168,1.135,1.1358,0.50,0.50
2007.11.18 22:47:47.719,1.135,1.1359,0.50,1.00
2007.11.18 22:47:50.170,1.135,1.1359,0.50,1.00
2007.11.18 22:48:01.220,1.135,1.1359,0.50,1.00
2007.11.18 22:48:05.173,1.135,1.1359,0.50,1.00
2007.11.18 22:48:05.986,1.135,1.1357,0.50,0.50
2007.11.18 22:48:06.134,1.135,1.1357,0.50,0.50
2007.11.18 22:48:06.282,1.1349,1.1357,0.50,0.50
2007.11.18 22:48:09.747,1.1349,1.1358,0.50,1.00
2007.11.18 22:48:10.174,1.1349,1.1358,0.50,1.00
2007.11.18 22:48:15.181,1.1349,1.1358,0.50,1.00
2007.11.18 22:48:20.187,1.1349,1.1358,0.50,1.00
2007.11.18 22:48:20.767,1.1349,1.1357,0.50,0.50
2007.11.18 22:48:22.613,1.1349,1.1357,0.50,0.50
2007.11.18 22:48:22.722,1.1349,1.1357,0.50,0.50
2007.11.18 22:48:22.758,1.1349,1.1358,0.50,0.50
2007.11.18 22:48:23.020,1.1349,1.1358,0.50,0.50
2007.11.18 22:48:23.188,1.1351,1.1358,0.50,0.50
2007.11.18 22:48:23.366,1.1351,1.1358,0.50,0.50
2007.11.18 22:48:25.184,1.1351,1.1358,0.50,0.50
2007.11.18 22:48:30.193,1.1351,1.1358,0.50,0.50
2007.11.18 22:48:31.822,1.1351,1.1358,0.50,0.50
2007.11.18 22:48:35.181,1.1351,1.1358,0.50,0.50
2007.11.18 22:48:36.800,1.135,1.1358,1.00,0.50
2007.11.18 22:48:38.962,1.1351,1.1358,0.50,0.50
2007.11.18 22:48:39.038,1.1351,1.1358,0.50,0.50
2007.11.18 22:48:39.349,1.1351,1.1358,0.50,0.50
2007.11.18 22:48:40.182,1.1351,1.1358,0.50,0.50
2007.11.18 22:48:42.839,1.1351,1.1358,0.50,0.50
2007.11.18 22:48:45.188,1.1351,1.1358,0.50,0.50
2007.11.18 22:48:48.264,1.1351,1.1359,0.50,0.50
2007.11.18 22:48:48.331,1.1351,1.1359,0.50,0.50
2007.11.18 22:48:48.639,1.1351,1.1359,0.50,0.50
2007.11.18 22:48:48.766,1.1352,1.1359,0.50,0.50
2007.11.18 22:48:48.890,1.1352,1.1359,0.50,0.50
2007.11.18 22:48:50.180,1.1352,1.1359,0.50,0.50
2007.11.18 22:48:53.867,1.1352,1.1359,0.50,0.50
2007.11.18 22:48:55.198,1.1352,1.1359,0.50,0.50
2007.11.18 22:49:00.204,1.1352,1.1359,0.50,0.50
2007.11.18 22:49:03.039,1.1352,1.1359,0.50,0.50
2007.11.18 22:49:03.204,1.1351,1.1359,0.50,0.50
2007.11.18 22:49:03.242,1.1351,1.1359,0.50,0.50
2007.11.18 22:49:04.892,1.1351,1.1359,0.50,0.50
2007.11.18 22:49:05.201,1.1351,1.1359,0.50,0.50
2007.11.18 22:49:10.195,1.1351,1.1359,0.50,0.50
2007.11.18 22:49:15.191,1.1351,1.1359,0.50,0.50
2007.11.18 22:49:15.915,1.1351,1.1359,0.50,0.50
2007.11.18 22:49:20.332,1.1351,1.1359,0.50,0.50
2007.11.18 22:49:20.983,1.1351,1.1359,0.50,0.50
2007.11.18 22:49:25.316,1.1351,1.1359,0.50,0.50
2007.11.18 22:49:26.959,1.1351,1.1359,0.50,0.50
2007.11.18 22:49:30.323,1.1351,1.1359,0.50,0.50
2007.11.18 22:49:39.712,1.1351,1.1358,0.50,0.50
2007.11.18 22:49:40.328,1.1351,1.1358,0.50,0.50
2007.11.18 22:49:45.333,1.1351,1.1358,0.50,0.50
2007.11.18 22:49:45.945,1.1351,1.1358,0.50,0.50
2007.11.18 22:49:49.005,1.1351,1.1358,0.50,0.50
2007.11.18 22:49:50.325,1.1351,1.1358,0.50,0.50
2007.11.18 22:49:55.322,1.1351,1.1358,0.50,0.50
2007.11.18 22:49:58.590,1.1351,1.1358,0.50,0.50
2007.11.18 22:49:58.780,1.135,1.1358,0.50,0.50
2007.11.18 22:49:58.917,1.135,1.1358,0.50,0.50
2007.11.18 22:50:00.149,1.135,1.1358,0.50,0.50
2007.11.18 22:50:00.327,1.135,1.1358,0.50,0.50
2007.11.18 22:50:05.331,1.135,1.1358,0.50,0.50
2007.11.18 22:50:10.336,1.135,1.1358,0.50,0.50
2007.11.18 22:50:11.186,1.135,1.1358,0.50,0.50
2007.11.18 22:50:15.331,1.135,1.1358,0.50,0.50
2007.11.18 22:50:20.347,1.135,1.1358,0.50,0.50
2007.11.18 22:50:22.211,1.135,1.1358,0.50,0.50
2007.11.18 22:50:25.337,1.135,1.1358,0.50,0.50
2007.11.18 22:50:27.189,1.1349,1.1358,1.00,0.50
2007.11.18 22:50:42.332,1.135,1.1356,0.50,0.50
2007.11.18 22:50:43.613,1.135,1.1356,0.50,0.50
2007.11.18 22:50:43.780,1.1348,1.1356,1.30,0.50
2007.11.18 22:50:43.947,1.1349,1.1356,0.50,0.50
2007.11.18 22:50:44.247,1.1349,1.1356,0.50,0.50
2007.11.18 22:50:45.338,1.1349,1.1356,0.50,0.50
2007.11.18 22:50:50.354,1.1348,1.1356,1.30,0.50
2007.11.18 22:50:51.594,1.1348,1.1356,1.00,0.50
2007.11.18 22:50:51.804,1.1348,1.1358,1.00,0.50
2007.11.18 22:50:55.282,1.1348,1.1358,1.00,0.50
2007.11.18 22:50:55.369,1.1349,1.1358,0.50,0.50
2007.11.18 22:50:55.622,1.1349,1.1357,0.50,0.50
2007.11.18 22:50:59.612,1.1349,1.1358,0.50,1.00
2007.11.18 22:51:00.365,1.1349,1.1358,0.50,1.00
2007.11.18 22:51:05.353,1.1349,1.1358,0.50,1.00
2007.11.18 22:51:06.304,1.1349,1.1357,0.50,0.50
2007.11.18 22:51:08.721,1.1349,1.1357,0.50,0.50
2007.11.18 22:51:08.745,1.1349,1.1358,0.50,0.50
2007.11.18 22:51:08.830,1.1349,1.1358,0.50,0.50
2007.11.18 22:51:10.359,1.1349,1.1359,0.50,1.00
2007.11.18 22:51:10.668,1.1349,1.1359,0.50,1.00
2007.11.18 22:51:10.903,1.135,1.1358,0.50,0.50
2007.11.18 22:51:12.276,1.135,1.1357,0.50,0.50
2007.11.18 22:51:12.338,1.135,1.1358,0.50,1.00
2007.11.18 22:51:12.941,1.135,1.1357,0.50,0.50
2007.11.18 22:51:15.362,1.135,1.1357,0.50,0.50
2007.11.18 22:51:17.335,1.135,1.1357,0.50,0.50
2007.11.18 22:51:18.122,1.135,1.1358,0.50,1.00
2007.11.18 22:51:18.261,1.1351,1.1358,0.50,1.00
2007.11.18 22:51:19.155,1.1351,1.1357,0.50,0.50
2007.11.18 22:51:19.336,1.135,1.1356,0.50,0.50
2007.11.18 22:51:19.500,1.135,1.1357,0.50,1.00
2007.11.18 22:51:20.357,1.135,1.1357,0.50,1.00
2007.11.18 22:51:25.361,1.135,1.1357,0.50,1.00
2007.11.18 22:51:27.291,1.135,1.1356,0.50,0.50
2007.11.18 22:51:27.667,1.135,1.1356,0.50,0.50
2007.11.18 22:51:27.792,1.1349,1.1357,0.50,1.00
2007.11.18 22:51:27.970,1.1349,1.1357,0.50,1.00
2007.11.18 22:51:28.174,1.1349,1.1357,0.50,1.00
2007.11.18 22:51:28.298,1.1349,1.1357,0.50,0.50
2007.11.18 22:51:28.420,1.1349,1.1357,0.50,0.50
2007.11.18 22:51:30.364,1.1349,1.1357,0.50,0.50
2007.11.18 22:51:30.663,1.1349,1.1357,0.50,0.50
2007.11.18 22:51:30.741,1.1349,1.1358,0.50,0.50
2007.11.18 22:51:31.080,1.1349,1.1358,0.50,0.50
2007.11.18 22:51:31.649,1.135,1.1358,0.50,0.50
2007.11.18 22:51:31.862,1.135,1.1358,0.50,0.50
2007.11.18 22:51:33.207,1.135,1.1358,0.50,0.50
2007.11.18 22:51:33.303,1.1349,1.1358,0.50,0.50
2007.11.18 22:51:35.144,1.1349,1.1358,0.50,0.50
2007.11.18 22:51:35.289,1.1349,1.1356,0.50,0.50
2007.11.18 22:51:35.505,1.1349,1.1356,0.50,0.50
2007.11.18 22:51:35.562,1.1349,1.1356,0.50,0.50
2007.11.18 22:51:39.129,1.1349,1.1356,0.50,0.50
2007.11.18 22:51:39.206,1.1349,1.1357,0.50,0.50
2007.11.18 22:51:39.373,1.1349,1.1357,0.50,0.50
2007.11.18 22:51:39.725,1.1349,1.1358,0.50,0.50
2007.11.18 22:51:40.008,1.1349,1.1358,0.50,0.50
2007.11.18 22:51:40.374,1.1349,1.1358,0.50,0.50
2007.11.18 22:51:40.659,1.1349,1.1358,0.50,0.50
2007.11.18 22:51:40.871,1.1349,1.1357,0.50,0.50
2007.11.18 22:51:45.377,1.1349,1.1357,0.50,0.50
2007.11.18 22:51:50.385,1.1349,1.1357,0.50,0.50
2007.11.18 22:51:54.651,1.1349,1.1357,0.50,0.50
2007.11.18 22:51:54.709,1.1349,1.1357,0.50,0.50
2007.11.18 22:51:54.757,1.1348,1.1357,0.50,0.50
2007.11.18 22:51:54.852,1.1348,1.1357,0.50,0.50
2007.11.18 22:51:54.925,1.1348,1.1357,0.50,0.50
2007.11.18 22:51:55.366,1.1348,1.1357,0.50,0.50
2007.11.18 22:51:55.662,1.1348,1.1357,0.50,0.50
2007.11.18 22:51:55.796,1.1348,1.1355,0.50,0.50
2007.11.18 22:51:56.162,1.1348,1.1355,0.50,0.50
2007.11.18 22:52:00.381,1.1348,1.1355,0.50,0.50
2007.11.18 22:52:01.428,1.1348,1.1355,0.50,0.50
2007.11.18 22:52:05.381,1.1348,1.1355,0.50,0.50
2007.11.18 22:52:10.385,1.1348,1.1355,0.50,0.50
2007.11.18 22:52:12.467,1.1348,1.1355,0.50,0.50
2007.11.18 22:52:15.386,1.1348,1.1355,0.50,0.50
2007.11.18 22:52:20.386,1.1348,1.1355,0.50,0.50
2007.11.18 22:52:22.265,1.1348,1.1355,0.50,0.50
2007.11.18 22:52:23.491,1.1348,1.1356,0.50,1.00
2007.11.18 22:52:25.387,1.1348,1.1356,0.50,1.00
2007.11.18 22:52:26.166,1.1349,1.1355,0.50,0.50
2007.11.18 22:52:26.336,1.1349,1.1355,0.50,0.50
2007.11.18 22:52:26.564,1.1349,1.1355,0.50,1.00
2007.11.18 22:52:26.791,1.1349,1.1355,0.50,1.00
2007.11.18 22:52:27.018,1.1349,1.1355,0.50,1.00
2007.11.18 22:52:27.246,1.1348,1.1354,0.50,0.50
2007.11.18 22:52:27.473,1.1348,1.1354,0.50,0.50
2007.11.18 22:52:27.545,1.1348,1.1354,0.50,1.00
2007.11.18 22:52:28.452,1.1348,1.1353,0.50,1.00
2007.11.18 22:52:28.960,1.1348,1.1352,0.50,1.00
2007.11.18 22:52:30.399,1.1348,1.1352,0.50,1.00
2007.11.18 22:52:31.409,1.1348,1.1352,0.50,1.00
2007.11.18 22:52:31.526,1.1348,1.1352,0.50,1.00
2007.11.18 22:52:31.645,1.1349,1.1356,0.50,1.00
2007.11.18 22:52:31.922,1.1349,1.1355,0.50,0.50
2007.11.18 22:52:32.040,1.1348,1.1355,0.50,0.50
2007.11.18 22:52:32.476,1.1348,1.1354,0.50,0.50
2007.11.18 22:52:32.997,1.1348,1.1355,0.50,1.00
2007.11.18 22:52:33.309,1.1348,1.1354,0.50,0.50
2007.11.18 22:52:33.500,1.1348,1.1352,0.50,0.50
2007.11.18 22:52:34.014,1.1348,1.1352,0.50,1.00
2007.11.18 22:52:34.515,1.1348,1.1352,0.50,1.00
2007.11.18 22:52:35.395,1.1348,1.1352,0.50,1.00
2007.11.18 22:52:36.174,1.1348,1.1351,0.50,0.50
2007.11.18 22:52:36.311,1.1348,1.1352,0.50,1.00
2007.11.18 22:52:36.448,1.1348,1.1352,0.50,1.00
2007.11.18 22:52:36.586,1.1348,1.1352,0.50,1.00
2007.11.18 22:52:36.784,1.1347,1.135,0.50,0.50
2007.11.18 22:52:37.133,1.1348,1.1351,0.50,1.00
2007.11.18 22:52:37.330,1.1348,1.1352,0.50,1.00
2007.11.18 22:52:37.528,1.1348,1.1354,0.50,0.80
2007.11.18 22:52:37.726,1.1348,1.1356,0.50,1.00
2007.11.18 22:52:37.884,1.1348,1.1356,0.50,1.00
2007.11.18 22:52:38.107,1.1348,1.1356,0.50,1.00
2007.11.18 22:52:40.394,1.1348,1.1356,0.50,1.00
2007.11.18 22:52:42.304,1.1347,1.1356,1.30,1.50
2007.11.18 22:52:44.151,1.1348,1.1356,0.50,1.00
2007.11.18 22:52:44.308,1.1349,1.1356,0.50,1.00
2007.11.18 22:52:45.399,1.1349,1.1356,0.50,1.00
2007.11.18 22:52:45.545,1.1349,1.1356,0.50,1.00
2007.11.18 22:52:46.653,1.1349,1.1356,0.50,1.00
2007.11.18 22:52:46.870,1.1348,1.1356,0.50,1.00
2007.11.18 22:52:50.395,1.1348,1.1355,0.50,0.50
2007.11.18 22:52:55.409,1.1348,1.1355,0.50,0.50
2007.11.18 22:52:56.574,1.1348,1.1355,0.50,0.50
2007.11.18 22:53:00.399,1.1348,1.1355,0.50,0.50
2007.11.18 22:53:05.401,1.1348,1.1355,0.50,0.50
2007.11.18 22:53:07.710,1.1348,1.1355,0.50,0.50
2007.11.18 22:53:10.408,1.1348,1.1355,0.50,0.50
2007.11.18 22:53:11.439,1.1347,1.1355,1.30,0.50
2007.11.18 22:53:12.470,1.13475,1.1355,1.00,0.50
2007.11.18 22:53:12.598,1.13475,1.1355,1.00,0.50
2007.11.18 22:53:12.701,1.13475,1.1354,1.00,0.50
2007.11.18 22:53:15.409,1.13475,1.1354,1.00,0.50
2007.11.18 22:53:15.467,1.1347,1.1354,1.30,0.50
2007.11.18 22:53:15.551,1.1347,1.1354,1.30,0.50
2007.11.18 22:53:15.621,1.1347,1.1355,1.30,0.50
2007.11.18 22:53:18.733,1.1348,1.1355,0.50,0.50
2007.11.18 22:53:20.412,1.1348,1.1355,0.50,0.50
2007.11.18 22:53:25.413,1.1348,1.1355,0.50,0.50
2007.11.18 22:53:29.754,1.1347,1.1355,1.30,0.50
2007.11.18 22:53:30.428,1.1347,1.1355,1.30,0.50
2007.11.18 22:53:31.629,1.1348,1.1355,0.50,0.50
2007.11.18 22:53:31.769,1.1349,1.1355,0.50,0.50
2007.11.18 22:53:35.416,1.1348,1.1355,1.00,0.50
2007.11.18 22:53:35.695,1.1349,1.1355,0.50,0.50
2007.11.18 22:53:35.803,1.1348,1.1355,0.50,0.50
2007.11.18 22:53:40.426,1.1347,1.1355,1.30,0.50
2007.11.18 22:53:40.769,1.1348,1.1355,0.50,0.50
2007.11.18 22:53:45.424,1.1347,1.1355,1.30,0.50
2007.11.18 22:53:50.419,1.1347,1.1355,1.30,0.50
2007.11.18 22:53:51.818,1.1347,1.1355,1.30,0.50
2007.11.18 22:53:55.417,1.1347,1.1355,1.30,0.50
2007.11.18 22:53:57.963,1.1348,1.1355,0.50,0.50
2007.11.18 22:54:00.434,1.1348,1.1355,0.50,0.50
2007.11.18 22:54:03.047,1.1348,1.1355,0.50,0.50
2007.11.18 22:54:05.424,1.1348,1.1355,0.50,0.50
2007.11.18 22:54:21.305,1.1348,1.1356,0.50,0.50
2007.11.18 22:54:21.471,1.1348,1.1356,0.50,0.50
2007.11.18 22:54:21.590,1.1348,1.1356,0.50,0.50
2007.11.18 22:54:21.818,1.1348,1.1358,0.50,0.50
2007.11.18 22:54:23.254,1.1348,1.1356,0.50,0.50
2007.11.18 22:54:23.371,1.1348,1.1356,0.50,0.50
2007.11.18 22:54:25.087,1.1348,1.1356,0.50,0.50
2007.11.18 22:54:25.439,1.1348,1.1356,0.50,0.50
2007.11.18 22:54:30.199,1.1349,1.1356,0.50,0.50
2007.11.18 22:54:30.434,1.1349,1.1356,0.50,0.50
2007.11.18 22:54:35.437,1.1349,1.1356,0.50,0.50
2007.11.18 22:54:36.099,1.1349,1.1356,0.50,0.50
2007.11.18 22:54:37.818,1.1348,1.1356,1.00,0.50
2007.11.18 22:54:39.915,1.1349,1.1356,0.50,0.50
2007.11.18 22:54:39.966,1.1349,1.1355,0.50,0.50
2007.11.18 22:54:40.365,1.1349,1.1356,0.50,0.50
2007.11.18 22:54:40.526,1.1348,1.1356,1.00,0.50
2007.11.18 22:54:40.974,1.1348,1.1356,1.30,0.50
2007.11.18 22:54:41.684,1.1349,1.1356,0.50,0.50
2007.11.18 22:54:41.927,1.1349,1.1357,0.50,0.50
2007.11.18 22:54:42.169,1.1349,1.1357,0.50,0.50
2007.11.18 22:54:42.412,1.1348,1.1357,1.00,0.50
2007.11.18 22:54:44.252,1.1348,1.1357,1.00,0.50
2007.11.18 22:54:44.281,1.1349,1.1356,0.50,0.50
2007.11.18 22:54:45.558,1.1348,1.1356,1.00,0.50
2007.11.18 22:54:47.136,1.1349,1.1356,0.50,0.50
2007.11.18 22:54:50.545,1.1349,1.1356,0.50,0.50
2007.11.18 22:54:55.551,1.1348,1.1356,1.00,0.50
2007.11.18 22:54:57.302,1.1349,1.1356,0.50,0.50
2007.11.18 22:54:57.440,1.1348,1.1357,1.00,0.50
2007.11.18 22:54:58.373,1.1348,1.1357,1.00,0.50
2007.11.18 22:55:00.548,1.1349,1.1357,0.50,0.50
2007.11.18 22:55:05.570,1.1349,1.1357,0.50,0.50
2007.11.18 22:55:08.883,1.1349,1.1357,0.50,0.50
2007.11.18 22:55:09.400,1.1349,1.1357,0.50,0.50
2007.11.18 22:55:10.658,1.1349,1.1357,0.50,0.50
2007.11.18 22:55:15.558,1.1349,1.1357,0.50,0.50
2007.11.18 22:55:20.424,1.1349,1.1357,0.50,0.50
2007.11.18 22:55:20.561,1.1349,1.1357,0.50,0.50
2007.11.18 22:55:20.702,1.1349,1.1357,0.50,0.50
2007.11.18 22:55:21.261,1.1348,1.1357,0.50,0.50
2007.11.18 22:55:21.589,1.1348,1.1357,0.50,0.50
2007.11.18 22:55:25.562,1.1348,1.1357,0.50,0.50
2007.11.18 22:55:30.569,1.1348,1.1357,0.50,0.50
2007.11.18 22:55:31.153,1.1348,1.1358,0.50,1.00
2007.11.18 22:55:31.459,1.1348,1.1357,0.50,0.50
2007.11.18 22:55:35.572,1.1348,1.1357,0.50,0.50
2007.11.18 22:55:38.813,1.1348,1.1358,0.50,1.00
2007.11.18 22:55:39.122,1.1348,1.1358,0.50,1.00
2007.11.18 22:55:40.566,1.1348,1.1357,0.50,0.50
2007.11.18 22:55:41.623,1.1348,1.1357,0.50,0.50
2007.11.18 22:55:41.791,1.1347,1.1358,0.50,1.00
2007.11.18 22:55:42.483,1.1347,1.1358,0.50,1.00
2007.11.18 22:55:45.593,1.1347,1.1358,0.50,1.00
2007.11.18 22:55:45.686,1.1348,1.1358,0.50,1.00
2007.11.18 22:55:48.910,1.1348,1.1358,0.50,1.00
2007.11.18 22:55:49.124,1.1348,1.1358,0.50,1.00
2007.11.18 22:55:49.202,1.135,1.1357,0.80,0.50
2007.11.18 22:55:49.335,1.135,1.1358,1.60,1.00
2007.11.18 22:55:50.434,1.135,1.1358,2.00,1.00
2007.11.18 22:55:50.568,1.135,1.1357,2.00,0.50
2007.11.18 22:55:50.957,1.1352,1.1357,0.50,0.50
2007.11.18 22:55:53.693,1.1352,1.1357,0.50,0.50
2007.11.18 22:55:55.574,1.1352,1.1358,0.50,1.00
2007.11.18 22:55:56.765,1.1352,1.1357,0.50,0.50
2007.11.18 22:55:56.979,1.1352,1.1358,0.50,0.50
2007.11.18 22:55:57.191,1.1352,1.1359,0.50,1.30
2007.11.18 22:56:00.577,1.1352,1.1358,0.50,0.50
2007.11.18 22:56:04.720,1.1352,1.1358,0.50,0.50
2007.11.18 22:56:05.352,1.1352,1.1358,0.50,0.50
2007.11.18 22:56:05.375,1.1352,1.1358,0.50,0.50
2007.11.18 22:56:05.452,1.1352,1.1363,0.50,0.50
2007.11.18 22:56:05.561,1.1352,1.1363,0.50,0.50
2007.11.18 22:56:05.973,1.1352,1.1361,0.50,7.60
2007.11.18 22:56:06.066,1.1352,1.1361,0.50,7.60
2007.11.18 22:56:06.575,1.1352,1.1361,0.50,7.60
2007.11.18 22:56:06.944,1.1352,1.1361,0.50,8.00
2007.11.18 22:56:07.403,1.1352,1.136,0.50,0.50
2007.11.18 22:56:07.905,1.1352,1.136,0.50,0.50
2007.11.18 22:56:07.993,1.1352,1.1363,0.50,0.50
2007.11.18 22:56:08.818,1.1352,1.1363,0.50,0.50
2007.11.18 22:56:08.975,1.1352,1.1361,0.50,7.60
2007.11.18 22:56:09.143,1.1352,1.1361,0.50,7.60
2007.11.18 22:56:09.546,1.1352,1.1361,0.50,7.60
2007.11.18 22:56:09.928,1.1352,1.1361,0.50,8.00
2007.11.18 22:56:10.344,1.1352,1.136,0.50,0.50
2007.11.18 22:56:10.569,1.1352,1.136,0.50,0.50
2007.11.18 22:56:10.870,1.1352,1.1358,0.50,0.50
2007.11.18 22:56:12.406,1.1352,1.1358,0.50,0.50
2007.11.18 22:56:12.474,1.1352,1.1363,0.50,0.50
2007.11.18 22:56:12.848,1.1352,1.1361,0.50,7.60
2007.11.18 22:56:13.113,1.1352,1.1361,0.50,7.60
2007.11.18 22:56:13.435,1.1352,1.1361,0.50,7.60
2007.11.18 22:56:13.946,1.1352,1.1361,0.50,8.00
2007.11.18 22:56:14.365,1.1352,1.136,0.50,0.50
2007.11.18 22:56:14.889,1.1352,1.1358,0.50,0.50
2007.11.18 22:56:15.580,1.1352,1.1358,0.50,0.50
2007.11.18 22:56:15.745,1.1352,1.1358,0.50,0.50
2007.11.18 22:56:17.425,1.1352,1.1358,0.50,0.50
2007.11.18 22:56:17.910,1.1352,1.1363,0.50,0.50
2007.11.18 22:56:18.265,1.1352,1.1363,0.50,0.50
2007.11.18 22:56:18.442,1.1352,1.1361,0.50,0.50
2007.11.18 22:56:18.546,1.1352,1.1361,0.50,0.50
2007.11.18 22:56:18.951,1.1352,1.1361,0.50,0.50
2007.11.18 22:56:19.008,1.1352,1.1361,0.50,8.00
2007.11.18 22:56:19.066,1.1352,1.1361,0.50,8.00
2007.11.18 22:56:19.440,1.1352,1.136,0.50,0.50
2007.11.18 22:56:20.351,1.1352,1.1359,0.50,0.50
2007.11.18 22:56:20.572,1.1352,1.1359,0.50,0.50
2007.11.18 22:56:20.920,1.1352,1.1358,0.50,0.50
2007.11.18 22:56:21.423,1.1352,1.1358,0.50,0.50
2007.11.18 22:56:21.586,1.1352,1.1362,0.50,0.50
2007.11.18 22:56:21.835,1.1352,1.1362,0.50,0.50
2007.11.18 22:56:22.039,1.1352,1.1362,0.50,0.50
2007.11.18 22:56:22.121,1.1352,1.1363,0.50,0.50
2007.11.18 22:56:25.581,1.1352,1.1363,0.50,0.50
2007.11.18 22:56:26.776,1.1352,1.1363,0.50,0.50
2007.11.18 22:56:30.591,1.1352,1.1363,0.50,0.50
2007.11.18 22:56:34.564,1.1352,1.1364,0.50,9.30
2007.11.18 22:56:35.597,1.1352,1.1364,0.50,9.30
2007.11.18 22:56:37.807,1.1352,1.1364,0.50,9.30
2007.11.18 22:56:40.144,1.1352,1.1364,0.50,9.30
2007.11.18 22:56:40.297,1.1353,1.1364,0.50,8.50
2007.11.18 22:56:40.350,1.1353,1.1363,0.50,0.50
2007.11.18 22:56:40.591,1.1353,1.1364,0.50,8.50
2007.11.18 22:56:40.867,1.1353,1.1364,0.50,8.50
2007.11.18 22:56:43.220,1.1352,1.1363,0.50,0.50
2007.11.18 22:56:43.358,1.1352,1.1364,0.50,1.00
2007.11.18 22:56:45.588,1.1352,1.1364,0.50,1.00
2007.11.18 22:56:47.658,1.1353,1.1364,0.50,8.50
2007.11.18 22:56:47.766,1.1353,1.1364,0.50,8.50
2007.11.18 22:56:47.879,1.1353,1.1364,0.50,8.50
2007.11.18 22:56:49.013,1.1353,1.1363,0.50,0.50
2007.11.18 22:56:50.588,1.1353,1.1363,0.50,0.50
2007.11.18 22:56:55.620,1.1353,1.1363,0.50,0.50
2007.11.18 22:56:55.949,1.1353,1.1364,0.50,8.50
2007.11.18 22:56:56.234,1.1353,1.1364,0.50,0.50
2007.11.18 22:56:56.432,1.1353,1.1365,0.50,8.50
2007.11.18 22:56:59.572,1.1353,1.1365,0.50,8.50
2007.11.18 22:56:59.680,1.1352,1.1365,0.50,8.50
2007.11.18 22:56:59.856,1.1352,1.1364,0.50,0.50
2007.11.18 22:57:00.046,1.1352,1.1364,0.50,0.50
2007.11.18 22:57:00.601,1.1352,1.1365,0.50,8.50
2007.11.18 22:57:05.589,1.1352,1.1364,0.50,0.50
2007.11.18 22:57:10.600,1.1352,1.1364,0.50,0.50
2007.11.18 22:57:11.073,1.1352,1.1364,0.50,0.50
2007.11.18 22:57:12.199,1.1352,1.1364,0.50,0.50
2007.11.18 22:57:12.323,1.1353,1.1364,0.50,0.50
2007.11.18 22:57:15.611,1.1353,1.1364,0.50,0.50
2007.11.18 22:57:20.597,1.1353,1.1364,0.50,0.50
2007.11.18 22:57:22.125,1.1353,1.1364,0.50,0.50
2007.11.18 22:57:25.609,1.1353,1.1364,0.50,0.50
2007.11.18 22:57:30.625,1.1353,1.1364,0.50,0.50
2007.11.18 22:57:33.151,1.1353,1.1364,0.50,0.50
2007.11.18 22:57:35.610,1.1353,1.1364,0.50,0.50
2007.11.18 22:57:35.892,1.1352,1.1364,1.00,0.50
2007.11.18 22:57:40.615,1.1353,1.1364,0.50,0.50
2007.11.18 22:57:44.674,1.1355,1.1364,0.50,0.50
2007.11.18 22:57:44.859,1.1355,1.1364,0.50,0.50
2007.11.18 22:57:44.987,1.1355,1.1364,0.50,0.50
2007.11.18 22:57:45.241,1.1355,1.1364,0.50,0.50
2007.11.18 22:57:45.494,1.1355,1.1364,0.50,0.50
2007.11.18 22:57:46.029,1.1355,1.1364,0.50,0.50
2007.11.18 22:57:46.287,1.1353,1.1364,2.00,0.50
2007.11.18 22:57:46.460,1.1353,1.1364,0.50,0.50
2007.11.18 22:57:48.624,1.1353,1.1364,0.50,0.50
2007.11.18 22:57:48.699,1.1353,1.1364,0.50,0.50
2007.11.18 22:57:48.748,1.1353,1.1365,0.50,8.00
2007.11.18 22:57:48.830,1.1353,1.1365,0.50,0.50
2007.11.18 22:57:49.137,1.1353,1.1365,0.50,0.50
2007.11.18 22:57:49.316,1.1354,1.1365,0.80,0.50
2007.11.18 22:57:49.494,1.13545,1.1365,0.80,0.50
2007.11.18 22:57:50.614,1.13545,1.1365,0.80,0.50
2007.11.18 22:57:50.731,1.13545,1.1365,0.80,0.50
2007.11.18 22:57:51.282,1.13545,1.1365,0.80,0.50
2007.11.18 22:57:51.385,1.1354,1.1365,0.50,0.50
2007.11.18 22:57:51.625,1.1354,1.1365,0.50,0.50
2007.11.18 22:57:51.878,1.1352,1.1365,2.80,8.00
2007.11.18 22:57:52.135,1.1352,1.1365,1.20,8.00
2007.11.18 22:57:55.149,1.1352,1.1365,1.20,8.00
2007.11.18 22:57:55.275,1.1353,1.1365,7.60,0.50
2007.11.18 22:57:55.353,1.1353,1.1365,7.60,0.50
2007.11.18 22:57:55.380,1.1353,1.1365,9.20,0.50
2007.11.18 22:57:55.614,1.1353,1.1365,9.20,0.50
2007.11.18 22:57:56.626,1.1353,1.1365,9.60,0.50
2007.11.18 22:57:57.149,1.1355,1.1365,0.50,0.50
2007.11.18 22:58:00.626,1.1355,1.1365,0.50,0.50
2007.11.18 22:58:02.303,1.1355,1.1365,0.50,0.50
2007.11.18 22:58:02.326,1.1353,1.1365,0.80,8.00
2007.11.18 22:58:02.406,1.1352,1.1365,1.20,8.00
2007.11.18 22:58:03.954,1.1352,1.1366,1.20,8.50
2007.11.18 22:58:05.626,1.1352,1.1366,1.20,8.50
2007.11.18 22:58:06.372,1.1352,1.1365,1.20,0.50
2007.11.18 22:58:10.637,1.1352,1.1366,1.20,8.50
2007.11.18 22:58:15.625,1.1352,1.1366,1.20,8.50
2007.11.18 22:58:16.170,1.1352,1.1365,1.20,0.80
2007.11.18 22:58:16.313,1.1353,1.1366,0.50,8.50
2007.11.18 22:58:16.456,1.1353,1.1366,0.50,8.50
2007.11.18 22:58:16.599,1.1353,1.1366,0.50,8.50
2007.11.18 22:58:17.412,1.1353,1.1366,0.50,8.50
2007.11.18 22:58:20.629,1.1353,1.1366,0.50,8.50
2007.11.18 22:58:20.665,1.1353,1.1366,0.50,8.50
2007.11.18 22:58:20.762,1.1354,1.1365,0.80,0.50
2007.11.18 22:58:20.932,1.13545,1.1366,0.80,1.00
2007.11.18 22:58:21.190,1.13545,1.1366,0.80,1.00
2007.11.18 22:58:21.388,1.13545,1.1365,0.80,0.50
2007.11.18 22:58:21.590,1.13545,1.1366,0.80,1.00
2007.11.18 22:58:21.873,1.13545,1.1365,0.80,0.50
2007.11.18 22:58:22.024,1.1353,1.1366,0.50,8.50
2007.11.18 22:58:22.296,1.1353,1.1366,0.50,8.50
2007.11.18 22:58:22.930,1.1353,1.1365,0.50,0.50
2007.11.18 22:58:23.098,1.1353,1.1365,0.50,0.50
2007.11.18 22:58:25.630,1.1353,1.1366,0.50,8.50
2007.11.18 22:58:28.437,1.1353,1.1366,0.50,8.50
2007.11.18 22:58:30.632,1.1353,1.1365,0.50,0.50
2007.11.18 22:58:31.635,1.1355,1.1365,0.50,0.50
2007.11.18 22:58:31.763,1.1355,1.1366,0.50,8.50
2007.11.18 22:58:31.896,1.1355,1.1365,0.50,0.50
2007.11.18 22:58:35.626,1.1355,1.1365,0.50,0.50
2007.11.18 22:58:39.644,1.1355,1.1365,0.50,0.50
2007.11.18 22:58:40.571,1.1355,1.1365,0.50,0.50
2007.11.18 22:58:42.190,1.1355,1.1365,0.50,0.50
2007.11.18 22:58:42.597,1.1355,1.1365,0.50,0.50
2007.11.18 22:58:44.233,1.1355,1.1365,0.50,0.50
2007.11.18 22:58:45.644,1.1355,1.1365,0.50,0.50
2007.11.18 22:58:50.645,1.1355,1.1365,0.50,0.50
2007.11.18 22:58:55.649,1.13535,1.1365,1.30,0.50
2007.11.18 22:59:00.647,1.13535,1.1365,1.30,0.50
2007.11.18 22:59:05.845,1.1355,1.1367,0.50,8.00
2007.11.18 22:59:05.899,1.1355,1.1367,0.50,8.00
2007.11.18 22:59:08.660,1.1354,1.1367,1.00,8.00
2007.11.18 22:59:08.784,1.1355,1.1366,0.50,0.50
2007.11.18 22:59:08.864,1.1354,1.1366,1.00,0.50
2007.11.18 22:59:08.902,1.1354,1.1366,1.00,8.00
2007.11.18 22:59:10.650,1.1354,1.1366,1.00,8.00
2007.11.18 22:59:11.725,1.1354,1.1366,1.00,8.00
2007.11.18 22:59:11.864,1.1356,1.1366,1.00,0.50
2007.11.18 22:59:12.001,1.1357,1.1366,0.50,0.50
2007.11.18 22:59:12.145,1.1357,1.1366,0.50,0.50
2007.11.18 22:59:12.728,1.1357,1.1366,0.50,0.50
2007.11.18 22:59:13.644,1.1356,1.1366,0.50,0.50
2007.11.18 22:59:13.792,1.13555,1.1365,0.80,0.50
2007.11.18 22:59:13.990,1.1355,1.1365,0.50,0.50
2007.11.18 22:59:15.638,1.1355,1.1365,0.50,0.50
2007.11.18 22:59:20.652,1.1355,1.1365,0.50,0.50
2007.11.18 22:59:21.655,1.1355,1.1365,0.50,0.50
2007.11.18 22:59:21.693,1.1355,1.1365,0.50,0.50
2007.11.18 22:59:21.831,1.1356,1.1365,0.50,0.50
2007.11.18 22:59:21.969,1.1356,1.1365,0.50,0.50
2007.11.18 22:59:23.156,1.1356,1.1365,0.50,0.50
2007.11.18 22:59:23.264,1.1355,1.1365,0.50,0.50
2007.11.18 22:59:23.396,1.1355,1.1365,0.50,0.50
2007.11.18 22:59:23.761,1.1355,1.1365,0.50,0.50
2007.11.18 22:59:24.531,1.1355,1.1366,0.50,8.50
2007.11.18 22:59:25.655,1.1355,1.1365,0.50,0.50
2007.11.18 22:59:30.656,1.1355,1.1365,0.50,0.50
2007.11.18 22:59:34.977,1.1355,1.1365,0.50,0.50
2007.11.18 22:59:35.654,1.1355,1.1365,0.50,0.50
2007.11.18 22:59:40.660,1.1355,1.1365,0.50,0.50
2007.11.18 22:59:41.606,1.1355,1.1365,0.50,0.50
2007.11.18 22:59:41.805,1.1355,1.1365,0.50,0.50
2007.11.18 22:59:41.952,1.1356,1.1365,0.50,0.50
2007.11.18 22:59:45.675,1.1356,1.1365,0.50,0.50
2007.11.18 22:59:45.996,1.1356,1.1365,0.50,0.50
2007.11.18 22:59:50.669,1.1356,1.1365,0.50,0.50
2007.11.18 22:59:55.666,1.1356,1.1365,0.50,0.50
2007.11.18 22:59:57.048,1.1356,1.1365,0.50,0.50
