2013.09.03 09:00:00.013,0.94092,0.94106,1.43,1.35
2013.09.03 09:00:00.553,0.94093,0.94106,2.10,1.05
2013.09.03 09:00:00.735,0.941,0.94112,1.43,2.61
2013.09.03 09:00:00.793,0.941,0.94112,2.10,2.55
2013.09.03 09:00:00.853,0.94103,0.94112,2.85,1.13
2013.09.03 09:00:00.975,0.94098,0.94111,2.10,1.13
2013.09.03 09:00:01.154,0.94097,0.94107,1.50,1.13
2013.09.03 09:00:01.274,0.94089,0.94104,1.43,1.80
2013.09.03 09:00:01.333,0.94088,0.94104,2.10,2.10
2013.09.03 09:00:01.393,0.94087,0.941,1.43,1.35
2013.09.03 09:00:01.905,0.94087,0.941,1.43,1.05
2013.09.03 09:00:02.206,0.94085,0.94098,1.43,1.35
2013.09.03 09:00:02.394,0.94081,0.94094,1.35,1.43
2013.09.03 09:00:02.453,0.94081,0.94092,1.35,1.13
2013.09.03 09:00:02.792,0.9408,0.94092,1.35,1.13
2013.09.03 09:00:03.115,0.94074,0.94087,1.35,1.80
2013.09.03 09:00:03.234,0.94074,0.94087,1.35,1.43
2013.09.03 09:00:03.294,0.94076,0.94089,1.43,1.05
2013.09.03 09:00:03.603,0.94081,0.94094,2.10,1.35
2013.09.03 09:00:03.723,0.94084,0.94096,1.43,1.43
2013.09.03 09:00:03.783,0.94084,0.94099,2.10,1.73
2013.09.03 09:00:04.323,0.94084,0.94098,3.00,2.10
2013.09.03 09:00:04.443,0.94086,0.94099,2.10,1.43
2013.09.03 09:00:04.503,0.9409,0.94104,1.35,2.10
2013.09.03 09:00:04.743,0.94092,0.94104,1.50,2.10
2013.09.03 09:00:04.803,0.94093,0.94107,2.10,1.05
2013.09.03 09:00:05.117,0.94093,0.94107,1.35,1.05
2013.09.03 09:00:05.212,0.9408,0.94089,4.13,1.50
2013.09.03 09:00:05.276,0.94076,0.94089,1.35,1.50
2013.09.03 09:00:05.395,0.94077,0.94091,1.43,1.13
2013.09.03 09:00:05.703,0.94076,0.94089,1.73,1.50
2013.09.03 09:00:06.014,0.94078,0.94092,2.18,1.43
2013.09.03 09:00:06.282,0.94079,0.94093,1.43,1.43
2013.09.03 09:00:06.653,0.94078,0.94092,2.85,1.80
2013.09.03 09:00:07.013,0.94079,0.94092,1.43,1.05
2013.09.03 09:00:07.073,0.94079,0.94093,1.43,2.48
2013.09.03 09:00:07.637,0.94082,0.94096,1.43,2.10
2013.09.03 09:00:07.711,0.94081,0.94094,1.50,1.35
2013.09.03 09:00:07.895,0.94078,0.94093,2.18,1.43
2013.09.03 09:00:08.024,0.94078,0.94092,1.50,1.35
2013.09.03 09:00:08.144,0.94078,0.94092,1.50,1.35
2013.09.03 09:00:08.443,0.94078,0.9409,1.43,1.35
2013.09.03 09:00:08.745,0.94077,0.94087,1.43,1.35
2013.09.03 09:00:08.864,0.94078,0.9409,1.50,1.35
2013.09.03 09:00:08.984,0.94079,0.94092,1.35,1.43
2013.09.03 09:00:09.044,0.9408,0.94093,1.43,1.35
2013.09.03 09:00:09.402,0.9408,0.94092,1.50,1.35
2013.09.03 09:00:09.523,0.94077,0.9409,1.43,1.35
2013.09.03 09:00:09.705,0.94077,0.94088,1.50,1.05
2013.09.03 09:00:09.894,0.94073,0.94086,1.35,1.05
2013.09.03 09:00:10.075,0.9407,0.94085,1.35,2.03
2013.09.03 09:00:10.194,0.94068,0.94085,2.85,3.15
2013.09.03 09:00:10.254,0.94068,0.94083,2.18,1.35
2013.09.03 09:00:10.494,0.94068,0.94082,2.10,1.43
2013.09.03 09:00:10.853,0.94073,0.94086,2.85,2.10
2013.09.03 09:00:10.913,0.94077,0.94092,2.10,1.43
2013.09.03 09:00:11.033,0.9408,0.94097,2.10,1.35
2013.09.03 09:00:11.154,0.94079,0.94095,1.35,1.35
2013.09.03 09:00:11.213,0.94082,0.94097,2.03,2.10
2013.09.03 09:00:11.583,0.94084,0.94099,1.35,1.35
2013.09.03 09:00:11.944,0.94088,0.94102,1.43,1.35
2013.09.03 09:00:12.062,0.94088,0.94103,2.10,1.35
2013.09.03 09:00:12.124,0.94088,0.94103,1.43,1.35
2013.09.03 09:00:12.663,0.94088,0.94102,2.10,1.35
2013.09.03 09:00:13.325,0.94091,0.94105,1.35,1.35
2013.09.03 09:00:13.683,0.94096,0.9411,1.80,2.10
2013.09.03 09:00:13.743,0.94098,0.94112,1.43,1.35
2013.09.03 09:00:13.862,0.94099,0.94112,1.43,1.35
2013.09.03 09:00:13.987,0.941,0.94113,1.43,2.10
2013.09.03 09:00:14.319,0.94098,0.94112,2.10,1.35
2013.09.03 09:00:14.383,0.94098,0.94111,2.10,2.10
2013.09.03 09:00:14.803,0.94097,0.94108,1.35,2.18
2013.09.03 09:00:14.984,0.94093,0.94107,2.78,1.50
2013.09.03 09:00:15.044,0.94091,0.94105,1.35,2.10
2013.09.03 09:00:15.405,0.94095,0.94107,2.93,1.35
2013.09.03 09:00:15.661,0.94101,0.94113,1.13,1.35
2013.09.03 09:00:15.731,0.94103,0.94113,1.50,1.35
2013.09.03 09:00:15.796,0.94104,0.94116,1.43,1.35
2013.09.03 09:00:15.917,0.94102,0.94115,2.18,1.35
2013.09.03 09:00:16.103,0.94103,0.94118,2.10,1.35
2013.09.03 09:00:16.403,0.94103,0.94116,1.43,1.35
2013.09.03 09:00:16.704,0.94101,0.94114,1.43,1.35
2013.09.03 09:00:17.002,0.94097,0.94111,1.35,1.35
2013.09.03 09:00:17.064,0.94097,0.9411,1.35,1.35
2013.09.03 09:00:17.184,0.94095,0.94108,1.35,1.43
2013.09.03 09:00:17.245,0.94092,0.94107,2.85,1.43
2013.09.03 09:00:17.304,0.94092,0.94105,1.43,1.35
2013.09.03 09:00:17.603,0.94093,0.94108,1.35,1.43
2013.09.03 09:00:17.662,0.94093,0.9411,2.10,2.03
2013.09.03 09:00:17.783,0.94091,0.94106,2.10,2.03
2013.09.03 09:00:18.142,0.94088,0.94103,1.43,1.35
2013.09.03 09:00:18.383,0.9409,0.94105,1.35,1.35
2013.09.03 09:00:18.562,0.94088,0.94104,2.85,1.35
2013.09.03 09:00:18.742,0.94089,0.94104,1.43,1.35
2013.09.03 09:00:19.103,0.94088,0.94104,2.85,1.35
2013.09.03 09:00:19.403,0.94087,0.94102,1.43,1.35
2013.09.03 09:00:19.762,0.94089,0.94104,2.10,2.10
2013.09.03 09:00:20.064,0.94093,0.94106,1.43,1.43
2013.09.03 09:00:20.423,0.94095,0.94107,1.43,1.35
2013.09.03 09:00:20.483,0.94096,0.94109,1.65,1.35
2013.09.03 09:00:20.602,0.94098,0.94111,1.80,1.35
2013.09.03 09:00:20.782,0.94099,0.94113,1.35,1.35
2013.09.03 09:00:21.083,0.94098,0.94112,2.18,1.35
2013.09.03 09:00:21.324,0.94096,0.94109,1.43,2.10
2013.09.03 09:00:21.443,0.94094,0.94107,1.35,1.35
2013.09.03 09:00:21.804,0.94087,0.94099,2.85,1.35
2013.09.03 09:00:21.864,0.94086,0.94099,2.18,1.35
2013.09.03 09:00:21.984,0.94085,0.94099,1.35,1.35
2013.09.03 09:00:22.103,0.94082,0.94096,2.55,1.35
2013.09.03 09:00:22.223,0.94081,0.94094,1.80,1.35
2013.09.03 09:00:22.463,0.94083,0.94097,2.55,1.35
2013.09.03 09:00:22.582,0.94083,0.94097,2.55,1.35
2013.09.03 09:00:22.833,0.94088,0.94101,1.88,1.35
2013.09.03 09:00:22.968,0.94088,0.94103,2.85,2.78
2013.09.03 09:00:23.035,0.94089,0.94102,2.18,1.35
2013.09.03 09:00:23.546,0.9409,0.94102,1.43,2.78
2013.09.03 09:00:23.938,0.94088,0.94099,1.13,1.35
2013.09.03 09:00:24.125,0.94088,0.941,1.88,1.35
2013.09.03 09:00:24.244,0.94088,0.94101,1.50,1.35
2013.09.03 09:00:24.363,0.94088,0.94102,2.18,1.35
2013.09.03 09:00:24.543,0.94089,0.94102,1.50,1.35
2013.09.03 09:00:24.663,0.94092,0.94105,1.43,1.35
2013.09.03 09:00:24.904,0.94094,0.94107,1.35,1.43
2013.09.03 09:00:25.263,0.94097,0.9411,1.13,1.35
2013.09.03 09:00:25.623,0.94095,0.94108,1.43,1.35
2013.09.03 09:00:26.524,0.94096,0.94109,2.18,1.35
2013.09.03 09:00:27.229,0.94096,0.9411,2.93,2.10
2013.09.03 09:00:27.844,0.94098,0.9411,2.55,1.35
2013.09.03 09:00:28.140,0.94103,0.94117,2.10,1.35
2013.09.03 09:00:28.634,0.94103,0.94117,1.35,1.43
2013.09.03 09:00:28.873,0.941,0.94113,2.10,1.43
2013.09.03 09:00:29.353,0.941,0.94113,1.43,1.43
2013.09.03 09:00:29.532,0.94098,0.94113,2.25,1.43
2013.09.03 09:00:29.652,0.94098,0.94112,2.25,1.43
2013.09.03 09:00:29.713,0.94098,0.94112,2.25,1.43
2013.09.03 09:00:29.833,0.94094,0.94107,1.86,1.43
2013.09.03 09:00:30.014,0.94094,0.94107,1.11,2.10
2013.09.03 09:00:30.074,0.94094,0.94105,1.50,1.35
2013.09.03 09:00:30.375,0.94099,0.94109,1.43,1.35
2013.09.03 09:00:30.493,0.94103,0.94112,1.43,1.43
2013.09.03 09:00:30.552,0.94103,0.94115,1.43,1.43
2013.09.03 09:00:30.673,0.94103,0.94117,2.10,1.43
2013.09.03 09:00:30.733,0.94105,0.94118,1.35,1.43
2013.09.03 09:00:30.855,0.94103,0.94116,1.43,1.35
2013.09.03 09:00:30.973,0.94103,0.94116,1.43,1.35
2013.09.03 09:00:31.333,0.941,0.94116,1.03,1.35
2013.09.03 09:00:31.574,0.94099,0.94112,1.78,1.43
2013.09.03 09:00:31.934,0.94099,0.94111,1.03,1.35
2013.09.03 09:00:32.293,0.94103,0.94112,1.50,1.43
2013.09.03 09:00:32.595,0.94107,0.9412,1.43,1.35
2013.09.03 09:00:32.716,0.9411,0.94123,1.05,2.10
2013.09.03 09:00:32.783,0.94113,0.94124,1.03,1.35
2013.09.03 09:00:32.903,0.94113,0.94127,2.08,1.35
2013.09.03 09:00:33.083,0.94116,0.94128,1.05,1.35
2013.09.03 09:00:33.505,0.94118,0.94133,2.10,1.35
2013.09.03 09:00:33.580,0.94123,0.94137,1.35,1.43
2013.09.03 09:00:33.884,0.94122,0.94135,1.43,1.35
2013.09.03 09:00:34.426,0.94123,0.94135,1.50,1.35
2013.09.03 09:00:34.546,0.94123,0.94135,1.50,1.35
2013.09.03 09:00:34.605,0.94119,0.94132,2.10,1.43
2013.09.03 09:00:35.143,0.94117,0.94132,1.35,2.10
2013.09.03 09:00:35.202,0.94117,0.94131,1.35,1.35
2013.09.03 09:00:35.753,0.94118,0.9413,1.43,1.43
2013.09.03 09:00:36.052,0.94111,0.94125,1.35,1.35
2013.09.03 09:00:36.233,0.94115,0.94127,1.54,1.35
2013.09.03 09:00:36.293,0.94116,0.94127,1.54,1.35
2013.09.03 09:00:36.413,0.94118,0.94132,1.46,2.10
2013.09.03 09:00:36.473,0.9412,0.94133,1.39,1.43
2013.09.03 09:00:36.712,0.94119,0.94132,1.35,3.53
2013.09.03 09:00:37.013,0.94114,0.94129,2.10,2.10
2013.09.03 09:00:37.076,0.94114,0.94129,2.10,2.10
2013.09.03 09:00:37.138,0.94112,0.94126,1.35,1.35
2013.09.03 09:00:37.206,0.94109,0.94126,2.10,2.78
2013.09.03 09:00:37.335,0.94108,0.94123,2.10,1.35
2013.09.03 09:00:37.456,0.94108,0.94123,1.43,1.35
2013.09.03 09:00:37.765,0.94106,0.94121,2.85,1.35
2013.09.03 09:00:38.003,0.94109,0.94123,1.43,2.10
2013.09.03 09:00:38.544,0.94108,0.94121,1.43,1.35
2013.09.03 09:00:38.786,0.94108,0.94118,1.50,1.35
2013.09.03 09:00:39.154,0.94106,0.94121,2.18,1.35
2013.09.03 09:00:39.214,0.94108,0.94124,1.43,2.03
2013.09.03 09:00:39.275,0.94111,0.94124,1.43,1.35
2013.09.03 09:00:39.574,0.94108,0.94121,1.43,1.35
2013.09.03 09:00:39.633,0.94108,0.94123,2.10,1.35
2013.09.03 09:00:39.753,0.94109,0.94123,1.43,2.03
2013.09.03 09:00:39.993,0.94108,0.94121,1.50,1.35
2013.09.03 09:00:40.292,0.94107,0.94119,1.50,1.35
2013.09.03 09:00:41.052,0.94107,0.94118,1.50,1.35
2013.09.03 09:00:41.442,0.94107,0.94116,1.50,1.35
2013.09.03 09:00:41.973,0.94106,0.94116,1.50,1.35
2013.09.03 09:00:42.093,0.94107,0.94116,1.50,1.35
2013.09.03 09:00:42.662,0.94107,0.94113,1.50,1.35
2013.09.03 09:00:43.428,0.94099,0.94113,1.50,1.35
2013.09.03 09:00:43.554,0.94099,0.94111,1.13,1.35
2013.09.03 09:00:43.672,0.94097,0.94109,2.63,1.35
2013.09.03 09:00:44.212,0.94097,0.94108,1.50,1.35
2013.09.03 09:00:44.824,0.94098,0.94108,1.50,1.35
2013.09.03 09:00:45.363,0.94098,0.94107,1.50,1.35
2013.09.03 09:00:45.696,0.94102,0.94112,1.50,2.10
2013.09.03 09:00:45.895,0.94103,0.94114,1.50,1.03
2013.09.03 09:00:46.433,0.94102,0.94115,1.80,1.35
2013.09.03 09:00:46.553,0.94103,0.94117,1.43,1.35
2013.09.03 09:00:46.673,0.94102,0.94117,2.48,1.35
2013.09.03 09:00:46.973,0.94105,0.94117,1.05,1.35
2013.09.03 09:00:47.185,0.94107,0.9412,1.05,1.35
2013.09.03 09:00:47.852,0.94104,0.9412,3.53,1.35
2013.09.03 09:00:47.912,0.94104,0.94119,2.10,1.35
2013.09.03 09:00:47.972,0.94103,0.94117,2.10,1.35
2013.09.03 09:00:48.315,0.94106,0.9412,1.35,1.43
2013.09.03 09:00:48.613,0.94108,0.94121,1.88,1.35
2013.09.03 09:00:48.794,0.94109,0.94123,2.10,1.35
2013.09.03 09:00:48.974,0.94108,0.94121,1.43,1.35
2013.09.03 09:00:49.555,0.94107,0.9412,1.50,1.35
2013.09.03 09:00:50.654,0.94108,0.9412,1.43,2.10
2013.09.03 09:00:51.012,0.94108,0.94122,2.10,1.43
2013.09.03 09:00:51.562,0.94109,0.94122,1.35,1.43
2013.09.03 09:00:51.683,0.94111,0.94124,1.35,1.35
2013.09.03 09:00:52.042,0.94105,0.94113,1.43,1.50
2013.09.03 09:00:52.222,0.94097,0.9411,1.35,2.55
2013.09.03 09:00:52.283,0.94097,0.94109,1.35,2.63
2013.09.03 09:00:52.402,0.94094,0.94108,1.35,1.43
2013.09.03 09:00:52.702,0.94094,0.94109,2.03,1.35
2013.09.03 09:00:52.823,0.94097,0.94112,1.35,2.10
2013.09.03 09:00:53.332,0.94096,0.94111,1.35,1.35
2013.09.03 09:00:53.872,0.94096,0.9411,1.35,1.35
2013.09.03 09:00:54.742,0.94097,0.9411,1.80,1.35
2013.09.03 09:00:54.983,0.94098,0.94107,1.50,1.35
2013.09.03 09:00:55.102,0.94096,0.94109,1.88,1.35
2013.09.03 09:00:55.554,0.94096,0.94109,1.13,1.35
2013.09.03 09:00:55.912,0.94098,0.9411,1.88,1.35
2013.09.03 09:00:56.491,0.94098,0.94111,1.88,1.35
2013.09.03 09:00:56.915,0.94098,0.94111,1.13,1.35
2013.09.03 09:00:57.034,0.94096,0.9411,1.43,1.35
2013.09.03 09:00:57.392,0.94091,0.94102,1.11,1.35
2013.09.03 09:00:57.572,0.94088,0.94102,2.10,1.35
2013.09.03 09:00:57.692,0.94089,0.94102,1.80,1.35
2013.09.03 09:00:57.875,0.94091,0.94105,1.43,2.38
2013.09.03 09:00:58.113,0.9409,0.94103,1.43,1.35
2013.09.03 09:00:58.233,0.94093,0.94106,2.18,1.03
2013.09.03 09:00:58.354,0.94093,0.94104,1.13,1.35
2013.09.03 09:00:58.475,0.94094,0.94106,1.05,1.03
2013.09.03 09:00:58.652,0.94096,0.9411,1.43,1.35
2013.09.03 09:00:58.712,0.94098,0.9411,1.13,1.35
2013.09.03 09:00:58.952,0.94099,0.94112,1.43,1.35
2013.09.03 09:00:59.313,0.94101,0.94115,1.43,1.73
2013.09.03 09:00:59.945,0.94105,0.94115,1.13,1.35
2013.09.03 09:01:00.304,0.9411,0.94122,1.43,1.35
2013.09.03 09:01:00.877,0.9411,0.94123,1.43,1.87
2013.09.03 09:01:01.064,0.94107,0.9412,1.43,1.73
2013.09.03 09:01:01.124,0.94106,0.94119,1.43,1.05
2013.09.03 09:01:01.423,0.9411,0.94123,2.18,1.35
2013.09.03 09:01:01.603,0.94113,0.94127,2.10,2.62
2013.09.03 09:01:02.023,0.9411,0.94123,1.43,1.35
2013.09.03 09:01:03.025,0.94112,0.94125,1.43,1.43
2013.09.03 09:01:03.144,0.94112,0.94125,2.18,2.18
2013.09.03 09:01:03.264,0.94115,0.94125,1.50,1.43
2013.09.03 09:01:03.453,0.94116,0.94127,1.35,1.13
2013.09.03 09:01:03.517,0.94116,0.94125,1.35,1.13
2013.09.03 09:01:03.583,0.94108,0.94121,1.50,1.35
2013.09.03 09:01:03.644,0.94108,0.94121,1.50,1.35
2013.09.03 09:01:04.003,0.94106,0.94121,1.80,1.35
2013.09.03 09:01:04.302,0.94111,0.94123,1.43,1.94
2013.09.03 09:01:04.542,0.94117,0.94123,1.50,1.19
2013.09.03 09:01:04.888,0.94118,0.94131,1.35,1.13
2013.09.03 09:01:05.354,0.94118,0.94132,1.54,2.10
2013.09.03 09:01:05.414,0.94118,0.94132,1.54,1.35
2013.09.03 09:01:05.952,0.9412,0.94133,1.54,1.35
2013.09.03 09:01:06.253,0.94124,0.94135,1.50,1.35
2013.09.03 09:01:07.604,0.94123,0.94135,1.88,1.35
2013.09.03 09:01:07.843,0.94121,0.94134,1.80,1.35
2013.09.03 09:01:07.965,0.94118,0.94133,2.18,2.03
2013.09.03 09:01:08.324,0.94115,0.94129,2.46,1.35
2013.09.03 09:01:08.685,0.94116,0.9413,1.43,1.35
2013.09.03 09:01:09.233,0.94118,0.94131,1.43,1.35
2013.09.03 09:01:09.653,0.9412,0.94132,1.13,2.10
2013.09.03 09:01:09.954,0.94122,0.94134,1.43,1.43
2013.09.03 09:01:10.199,0.94125,0.94137,1.43,1.87
2013.09.03 09:01:10.722,0.94126,0.94139,1.43,1.19
2013.09.03 09:01:11.394,0.94126,0.94139,1.43,2.10
2013.09.03 09:01:11.958,0.94126,0.9414,1.43,1.35
2013.09.03 09:01:12.352,0.94126,0.9414,1.43,1.35
2013.09.03 09:01:12.533,0.94129,0.94142,2.55,2.10
2013.09.03 09:01:12.652,0.94133,0.94146,1.43,1.35
2013.09.03 09:01:12.712,0.94133,0.94145,1.43,1.05
2013.09.03 09:01:12.893,0.94128,0.94142,2.78,1.80
2013.09.03 09:01:12.953,0.94128,0.94141,2.78,1.05
2013.09.03 09:01:13.194,0.94125,0.94139,1.79,2.10
2013.09.03 09:01:13.313,0.94126,0.94139,1.19,2.10
2013.09.03 09:01:13.493,0.94133,0.94146,1.35,1.43
2013.09.03 09:01:13.616,0.94135,0.94147,1.35,1.13
2013.09.03 09:01:14.275,0.94134,0.94147,1.35,1.43
2013.09.03 09:01:15.019,0.94133,0.94145,1.43,1.35
2013.09.03 09:01:15.144,0.94128,0.94143,2.10,1.35
2013.09.03 09:01:15.263,0.94126,0.94141,1.35,1.35
2013.09.03 09:01:15.856,0.94127,0.94139,1.13,1.35
2013.09.03 09:01:16.164,0.94138,0.94151,1.80,1.35
2013.09.03 09:01:16.283,0.94139,0.94153,1.73,1.35
2013.09.03 09:01:16.344,0.94143,0.94156,1.05,1.35
2013.09.03 09:01:16.537,0.94139,0.94154,1.35,1.35
2013.09.03 09:01:16.604,0.94138,0.94152,1.35,2.10
2013.09.03 09:01:16.962,0.94135,0.94147,1.19,1.35
2013.09.03 09:01:17.682,0.94135,0.94147,2.31,1.35
2013.09.03 09:01:17.742,0.94138,0.94151,1.80,2.18
2013.09.03 09:01:17.923,0.94141,0.94154,1.13,2.10
2013.09.03 09:01:18.282,0.9414,0.94152,1.13,1.35
2013.09.03 09:01:18.523,0.94138,0.94153,2.99,1.35
2013.09.03 09:01:18.703,0.94138,0.94151,2.31,1.35
2013.09.03 09:01:19.002,0.94148,0.94163,1.19,2.10
2013.09.03 09:01:19.243,0.94145,0.9416,1.11,1.35
2013.09.03 09:01:19.783,0.94143,0.94156,1.94,1.35
2013.09.03 09:01:19.985,0.94143,0.94157,2.85,1.35
2013.09.03 09:01:20.408,0.94145,0.94157,1.50,1.35
2013.09.03 09:01:20.533,0.94149,0.94163,1.35,1.43
2013.09.03 09:01:21.078,0.94149,0.94164,1.35,1.35
2013.09.03 09:01:23.402,0.94149,0.94163,2.10,1.43
2013.09.03 09:01:23.822,0.94149,0.94164,2.46,2.10
2013.09.03 09:01:24.744,0.9415,0.94164,1.35,1.80
2013.09.03 09:01:24.983,0.94148,0.9416,1.43,1.95
2013.09.03 09:01:25.284,0.94152,0.94164,1.43,1.50
2013.09.03 09:01:25.822,0.94152,0.94163,1.43,1.05
2013.09.03 09:01:26.122,0.94147,0.94161,1.43,1.73
2013.09.03 09:01:26.362,0.94146,0.94161,2.10,1.73
2013.09.03 09:01:26.663,0.94144,0.94157,1.43,2.03
2013.09.03 09:01:27.022,0.94142,0.94155,1.43,1.35
2013.09.03 09:01:27.412,0.94141,0.94155,1.35,1.35
2013.09.03 09:01:27.476,0.94139,0.94153,1.35,1.05
2013.09.03 09:01:27.953,0.94141,0.94154,1.35,1.05
2013.09.03 09:01:28.313,0.94146,0.94156,1.80,2.85
2013.09.03 09:01:28.374,0.94147,0.9416,1.43,1.35
2013.09.03 09:01:29.113,0.94148,0.94162,2.10,1.43
2013.09.03 09:01:29.642,0.94148,0.94163,2.10,2.48
2013.09.03 09:01:30.432,0.94148,0.94162,2.10,1.80
2013.09.03 09:01:30.733,0.94147,0.94159,1.35,1.05
2013.09.03 09:01:30.913,0.94143,0.94155,1.11,1.35
2013.09.03 09:01:31.034,0.94143,0.94153,1.11,1.35
2013.09.03 09:01:31.392,0.94153,0.94163,1.13,1.35
2013.09.03 09:01:31.573,0.94155,0.94169,1.35,1.35
2013.09.03 09:01:31.813,0.94154,0.94168,1.43,1.35
2013.09.03 09:01:31.994,0.94155,0.9417,2.03,1.95
2013.09.03 09:01:32.354,0.94159,0.94172,1.03,1.35
2013.09.03 09:01:32.712,0.94155,0.94168,1.03,1.35
2013.09.03 09:01:33.252,0.94153,0.94167,3.28,1.35
2013.09.03 09:01:33.493,0.94153,0.94165,2.61,1.35
2013.09.03 09:01:33.792,0.94152,0.94165,2.18,1.35
2013.09.03 09:01:33.852,0.94152,0.94163,1.50,1.35
2013.09.03 09:01:34.164,0.94152,0.94165,1.88,1.35
2013.09.03 09:01:36.143,0.94151,0.94163,1.50,1.35
2013.09.03 09:01:36.383,0.94148,0.94161,2.93,1.35
2013.09.03 09:01:36.623,0.94144,0.94159,2.10,2.03
2013.09.03 09:01:36.982,0.94141,0.94154,1.78,1.35
2013.09.03 09:01:37.483,0.94141,0.94153,1.78,1.35
2013.09.03 09:01:37.603,0.94139,0.94152,1.03,1.35
2013.09.03 09:01:37.665,0.94138,0.9415,1.43,1.05
2013.09.03 09:01:37.724,0.94135,0.94149,1.35,1.05
2013.09.03 09:01:37.783,0.94135,0.9415,1.35,2.40
2013.09.03 09:01:38.033,0.94137,0.9415,1.35,1.05
2013.09.03 09:01:38.153,0.94136,0.94149,1.43,1.35
2013.09.03 09:01:38.273,0.9414,0.94155,1.35,2.62
2013.09.03 09:01:38.332,0.9414,0.94154,1.35,1.43
2013.09.03 09:01:38.692,0.94134,0.94148,2.10,1.05
2013.09.03 09:01:38.998,0.94134,0.94148,1.35,1.05
2013.09.03 09:01:39.242,0.94132,0.94144,1.43,1.05
2013.09.03 09:01:39.855,0.94133,0.94144,2.18,1.05
2013.09.03 09:01:39.973,0.94133,0.94147,2.85,1.73
2013.09.03 09:01:40.215,0.94137,0.94147,1.43,1.35
2013.09.03 09:01:40.517,0.94138,0.9415,1.43,2.10
2013.09.03 09:01:40.584,0.94138,0.94152,1.43,1.05
2013.09.03 09:01:40.705,0.9414,0.94153,1.35,1.80
2013.09.03 09:01:41.003,0.94138,0.94151,2.10,1.05
2013.09.03 09:01:41.063,0.94137,0.9415,2.18,1.35
2013.09.03 09:01:42.284,0.94137,0.94151,1.43,1.65
2013.09.03 09:01:42.608,0.94135,0.94149,1.43,1.35
2013.09.03 09:01:42.872,0.94133,0.94148,2.18,1.65
2013.09.03 09:01:43.173,0.94134,0.94149,1.35,1.05
2013.09.03 09:01:43.533,0.94133,0.94148,2.18,1.73
2013.09.03 09:01:43.902,0.94135,0.94148,1.43,1.05
2013.09.03 09:01:44.204,0.94138,0.94152,1.27,1.43
2013.09.03 09:01:44.564,0.9414,0.94152,1.27,1.80
2013.09.03 09:01:44.625,0.94139,0.94151,1.19,1.13
2013.09.03 09:01:45.114,0.94138,0.94148,1.64,2.10
2013.09.03 09:01:45.233,0.9414,0.94152,1.27,1.43
2013.09.03 09:01:45.712,0.94139,0.94153,1.94,2.10
2013.09.03 09:01:46.343,0.94139,0.94153,1.94,2.10
2013.09.03 09:01:47.713,0.94139,0.94152,2.69,1.35
2013.09.03 09:01:48.252,0.94139,0.94152,2.02,1.35
2013.09.03 09:01:48.316,0.94139,0.94152,2.69,1.35
2013.09.03 09:01:48.873,0.94136,0.9415,1.80,2.03
2013.09.03 09:01:48.934,0.94136,0.94149,1.05,1.35
2013.09.03 09:01:48.994,0.94134,0.94146,1.80,1.35
2013.09.03 09:01:49.054,0.94133,0.94145,2.02,1.35
2013.09.03 09:01:49.232,0.94133,0.94147,2.62,1.35
2013.09.03 09:01:50.009,0.94133,0.94144,1.27,1.35
2013.09.03 09:01:50.854,0.94133,0.94145,1.27,1.35
2013.09.03 09:01:51.492,0.94133,0.94145,1.50,1.35
2013.09.03 09:01:51.993,0.94133,0.94143,1.88,1.35
2013.09.03 09:01:52.112,0.94135,0.9415,1.05,1.35
2013.09.03 09:01:52.173,0.94136,0.94151,1.35,1.35
2013.09.03 09:01:52.233,0.94143,0.94151,1.13,1.35
2013.09.03 09:01:52.592,0.94148,0.94159,1.13,1.35
2013.09.03 09:01:53.632,0.94146,0.94159,1.50,1.35
2013.09.03 09:01:54.343,0.9415,0.94159,1.13,1.35
2013.09.03 09:01:54.404,0.94155,0.94165,1.50,1.35
2013.09.03 09:01:54.643,0.94157,0.9417,1.43,1.35
2013.09.03 09:01:54.824,0.94158,0.94171,1.88,1.35
2013.09.03 09:01:55.182,0.9416,0.9417,1.88,1.35
2013.09.03 09:01:55.422,0.94158,0.94171,1.88,1.35
2013.09.03 09:01:55.543,0.94158,0.94169,1.50,1.35
2013.09.03 09:01:55.603,0.94158,0.94169,1.50,1.35
2013.09.03 09:01:55.903,0.94155,0.94166,1.50,1.35
2013.09.03 09:01:56.143,0.94154,0.94167,1.50,1.73
2013.09.03 09:01:56.323,0.94153,0.94166,1.50,2.78
2013.09.03 09:01:56.383,0.94151,0.94163,2.10,1.35
2013.09.03 09:01:56.922,0.94151,0.94163,1.35,1.35
2013.09.03 09:01:57.102,0.94151,0.94159,1.35,1.35
2013.09.03 09:01:57.642,0.94148,0.94159,2.10,1.35
2013.09.03 09:01:58.263,0.94153,0.9416,1.50,1.35
2013.09.03 09:01:58.447,0.94155,0.94165,1.50,2.10
2013.09.03 09:01:58.693,0.94153,0.94165,3.75,1.35
2013.09.03 09:01:58.812,0.94153,0.94165,2.25,1.73
2013.09.03 09:01:58.872,0.94152,0.94165,1.50,2.40
2013.09.03 09:01:59.413,0.94151,0.94164,1.43,1.05
2013.09.03 09:01:59.472,0.9415,0.94164,1.43,1.05
2013.09.03 09:01:59.593,0.94148,0.94162,3.05,1.35
2013.09.03 09:02:01.043,0.94147,0.9416,1.43,1.35
2013.09.03 09:02:01.372,0.94148,0.9416,1.88,1.35
2013.09.03 09:02:01.673,0.94155,0.94166,1.50,1.43
2013.09.03 09:02:01.733,0.94155,0.94167,1.50,1.35
2013.09.03 09:02:02.458,0.94152,0.94164,2.18,1.05
2013.09.03 09:02:02.524,0.94152,0.94166,2.18,1.73
2013.09.03 09:02:02.643,0.94148,0.94161,2.18,1.35
2013.09.03 09:02:03.254,0.94148,0.94161,2.18,1.35
2013.09.03 09:02:03.612,0.94149,0.94161,1.13,1.35
2013.09.03 09:02:03.972,0.94155,0.94163,1.50,1.35
2013.09.03 09:02:04.093,0.94155,0.94167,1.50,1.35
2013.09.03 09:02:04.272,0.94157,0.94169,1.13,1.35
2013.09.03 09:02:04.452,0.94157,0.94167,1.13,1.35
2013.09.03 09:02:04.693,0.94158,0.9417,2.63,1.35
2013.09.03 09:02:04.872,0.9416,0.94173,1.80,1.35
2013.09.03 09:02:05.412,0.94158,0.94172,1.80,1.35
2013.09.03 09:02:05.533,0.94158,0.9417,1.88,1.35
2013.09.03 09:02:05.975,0.94158,0.9417,3.30,1.35
2013.09.03 09:02:06.213,0.94166,0.94179,1.43,1.73
2013.09.03 09:02:06.332,0.94164,0.94175,1.43,1.35
2013.09.03 09:02:06.394,0.94168,0.9418,1.43,1.05
2013.09.03 09:02:06.513,0.94167,0.94176,1.35,1.50
2013.09.03 09:02:06.633,0.94163,0.94176,1.35,2.18
2013.09.03 09:02:06.694,0.94163,0.94176,2.10,1.43
2013.09.03 09:02:07.114,0.94167,0.94179,1.43,1.35
2013.09.03 09:02:07.474,0.94164,0.94178,1.35,1.43
2013.09.03 09:02:07.912,0.94165,0.94179,1.43,1.35
2013.09.03 09:02:08.455,0.94167,0.94179,1.43,1.35
2013.09.03 09:02:08.774,0.94167,0.9418,2.18,1.35
2013.09.03 09:02:08.954,0.94171,0.9418,1.43,1.05
2013.09.03 09:02:09.074,0.94167,0.94176,1.35,1.50
2013.09.03 09:02:09.194,0.94166,0.94176,1.50,1.35
2013.09.03 09:02:09.314,0.94163,0.94177,1.35,1.43
2013.09.03 09:02:09.553,0.94158,0.94167,4.88,1.88
2013.09.03 09:02:09.673,0.94154,0.94167,1.43,1.35
2013.09.03 09:02:09.734,0.94153,0.94166,2.22,1.43
2013.09.03 09:02:09.913,0.94156,0.9417,1.35,1.43
2013.09.03 09:02:09.973,0.94158,0.94172,1.43,2.10
2013.09.03 09:02:10.333,0.94163,0.94177,1.43,3.23
2013.09.03 09:02:10.513,0.94158,0.94173,2.10,1.35
2013.09.03 09:02:10.756,0.94165,0.9418,1.50,2.85
2013.09.03 09:02:10.814,0.94163,0.94174,1.13,1.35
2013.09.03 09:02:10.875,0.94173,0.94179,1.43,2.18
2013.09.03 09:02:10.943,0.94175,0.94184,1.43,1.50
2013.09.03 09:02:11.003,0.94172,0.94185,1.62,1.43
2013.09.03 09:02:11.063,0.94175,0.94185,1.70,1.43
2013.09.03 09:02:11.183,0.94176,0.9419,1.62,3.15
2013.09.03 09:02:11.242,0.94177,0.9419,1.43,1.73
2013.09.03 09:02:11.902,0.94175,0.94188,1.62,1.35
2013.09.03 09:02:11.962,0.94176,0.94189,1.62,1.05
2013.09.03 09:02:12.543,0.94175,0.94188,1.62,1.35
2013.09.03 09:02:13.333,0.94178,0.94191,2.93,1.35
2013.09.03 09:02:13.394,0.9418,0.94191,1.43,1.35
2013.09.03 09:02:13.573,0.94184,0.94197,1.35,1.80
2013.09.03 09:02:13.633,0.94184,0.94198,2.10,1.35
2013.09.03 09:02:13.754,0.94188,0.942,1.43,1.05
2013.09.03 09:02:14.056,0.94188,0.942,1.43,1.73
2013.09.03 09:02:14.594,0.94184,0.94198,1.43,1.73
2013.09.03 09:02:14.783,0.94183,0.94197,2.10,1.43
2013.09.03 09:02:14.843,0.94183,0.94197,2.10,1.80
2013.09.03 09:02:15.143,0.9418,0.94194,2.10,1.80
2013.09.03 09:02:15.263,0.94183,0.94195,1.43,2.48
2013.09.03 09:02:15.623,0.94186,0.94197,1.35,1.13
2013.09.03 09:02:15.924,0.94184,0.94197,1.35,1.80
2013.09.03 09:02:16.453,0.94184,0.94195,2.10,1.13
2013.09.03 09:02:16.514,0.94184,0.94195,1.35,1.13
2013.09.03 09:02:16.633,0.94184,0.94195,1.43,1.05
2013.09.03 09:02:16.813,0.94188,0.94202,1.43,1.35
2013.09.03 09:02:16.874,0.94189,0.94203,1.35,1.73
2013.09.03 09:02:17.053,0.9419,0.94205,2.78,1.05
2013.09.03 09:02:17.114,0.94193,0.94207,1.35,1.80
2013.09.03 09:02:17.174,0.94193,0.94207,1.35,1.13
2013.09.03 09:02:17.413,0.94193,0.94207,1.35,2.10
2013.09.03 09:02:18.013,0.94191,0.94206,1.35,1.35
2013.09.03 09:02:19.063,0.94191,0.94202,1.71,1.13
2013.09.03 09:02:19.423,0.94187,0.94192,1.35,1.13
2013.09.03 09:02:19.662,0.94184,0.94195,2.46,1.50
2013.09.03 09:02:19.723,0.94182,0.94194,1.03,1.43
2013.09.03 09:02:20.023,0.94182,0.94195,1.03,1.43
2013.09.03 09:02:20.476,0.94178,0.94191,1.78,1.35
2013.09.03 09:02:21.002,0.94182,0.94197,2.10,3.98
2013.09.03 09:02:21.363,0.9418,0.94194,2.14,1.43
2013.09.03 09:02:21.423,0.94179,0.94193,1.39,1.43
2013.09.03 09:02:21.986,0.94178,0.94192,1.39,2.10
2013.09.03 09:02:22.914,0.94179,0.94192,1.46,2.10
2013.09.03 09:02:23.475,0.94177,0.94191,1.39,1.05
2013.09.03 09:02:23.714,0.94174,0.94189,1.39,2.10
2013.09.03 09:02:23.895,0.94176,0.94191,1.35,1.35
2013.09.03 09:02:24.134,0.94177,0.94192,1.43,2.85
2013.09.03 09:02:24.434,0.94173,0.94187,2.10,1.43
2013.09.03 09:02:24.733,0.94178,0.9419,1.43,1.50
2013.09.03 09:02:24.913,0.94178,0.94192,1.43,3.23
2013.09.03 09:02:25.153,0.94177,0.9419,1.35,1.43
2013.09.03 09:02:25.515,0.94173,0.94185,2.10,2.78
2013.09.03 09:02:25.665,0.94169,0.94184,1.35,1.35
2013.09.03 09:02:25.724,0.94169,0.94184,1.35,1.35
2013.09.03 09:02:25.846,0.94177,0.94184,2.93,1.35
2013.09.03 09:02:26.025,0.94181,0.94193,2.25,1.35
2013.09.03 09:02:26.084,0.94182,0.94196,1.43,1.35
2013.09.03 09:02:26.203,0.94184,0.94197,1.43,1.35
2013.09.03 09:02:26.505,0.94188,0.94195,1.13,1.35
2013.09.03 09:02:26.564,0.94187,0.94197,1.50,1.35
2013.09.03 09:02:26.623,0.94183,0.94195,2.70,1.35
2013.09.03 09:02:27.163,0.94185,0.94196,1.50,1.35
2013.09.03 09:02:27.705,0.94183,0.94195,1.13,1.35
2013.09.03 09:02:28.242,0.9418,0.94194,2.18,2.03
2013.09.03 09:02:28.302,0.9418,0.94194,1.50,2.03
2013.09.03 09:02:28.603,0.94192,0.94198,1.50,1.43
2013.09.03 09:02:28.724,0.94192,0.94198,1.50,1.43
2013.09.03 09:02:28.782,0.94192,0.94202,1.50,4.43
2013.09.03 09:02:28.902,0.94191,0.94205,1.46,1.35
2013.09.03 09:02:29.203,0.94188,0.94199,1.50,1.35
2013.09.03 09:02:29.572,0.94188,0.94201,1.50,2.10
2013.09.03 09:02:30.013,0.94188,0.94199,1.50,1.35
2013.09.03 09:02:31.224,0.94188,0.942,1.50,1.35
2013.09.03 09:02:31.754,0.94187,0.94201,2.55,1.35
2013.09.03 09:02:31.996,0.94196,0.94207,1.13,2.10
2013.09.03 09:02:32.233,0.94203,0.94211,1.13,1.43
2013.09.03 09:02:32.353,0.94203,0.94215,1.13,1.35
2013.09.03 09:02:32.473,0.94204,0.94217,1.19,1.35
2013.09.03 09:02:32.714,0.94209,0.94222,1.79,1.13
2013.09.03 09:02:33.072,0.94208,0.94219,1.11,1.05
2013.09.03 09:02:33.204,0.942,0.94213,1.88,1.35
2013.09.03 09:02:33.383,0.94199,0.94212,1.43,1.35
2013.09.03 09:02:33.863,0.94197,0.94208,1.19,1.35
2013.09.03 09:02:34.342,0.94194,0.94207,2.31,2.10
2013.09.03 09:02:34.643,0.94193,0.94206,1.11,2.03
2013.09.03 09:02:34.763,0.94193,0.94206,1.19,3.83
2013.09.03 09:02:34.943,0.94193,0.94205,1.86,1.35
2013.09.03 09:02:35.372,0.9419,0.94205,1.71,1.35
2013.09.03 09:02:35.913,0.94188,0.94202,1.54,1.35
2013.09.03 09:02:36.095,0.94187,0.94201,1.35,1.35
2013.09.03 09:02:36.153,0.94186,0.942,2.10,1.35
2013.09.03 09:02:36.692,0.94188,0.94201,1.80,1.35
2013.09.03 09:02:37.246,0.94188,0.942,1.88,1.35
2013.09.03 09:02:37.423,0.94188,0.94203,3.23,2.10
2013.09.03 09:02:37.783,0.94188,0.94203,2.55,1.35
2013.09.03 09:02:39.352,0.94189,0.94202,1.43,1.35
2013.09.03 09:02:39.663,0.9419,0.94204,1.05,1.35
2013.09.03 09:02:39.723,0.94192,0.94205,1.43,1.35
2013.09.03 09:02:40.026,0.94186,0.94199,1.43,1.35
2013.09.03 09:02:40.205,0.94183,0.94196,1.24,1.35
2013.09.03 09:02:40.386,0.94183,0.94196,1.24,1.35
2013.09.03 09:02:40.692,0.94184,0.94198,2.55,1.35
2013.09.03 09:02:41.244,0.94188,0.94201,1.88,2.10
2013.09.03 09:02:41.303,0.94188,0.94202,1.88,2.10
2013.09.03 09:02:41.542,0.94188,0.942,1.50,1.35
2013.09.03 09:02:42.193,0.94186,0.942,1.24,1.35
2013.09.03 09:02:42.375,0.94186,0.942,1.92,1.35
2013.09.03 09:02:42.884,0.94187,0.942,1.24,1.35
2013.09.03 09:02:43.842,0.94186,0.942,1.80,1.35
2013.09.03 09:02:44.484,0.94186,0.94199,1.43,1.35
2013.09.03 09:02:45.003,0.94184,0.94198,1.54,1.35
2013.09.03 09:02:47.413,0.94186,0.942,1.43,1.35
2013.09.03 09:02:48.434,0.94186,0.942,2.18,1.35
2013.09.03 09:02:48.735,0.94191,0.942,1.13,1.35
2013.09.03 09:02:48.923,0.94189,0.942,1.50,1.35
2013.09.03 09:02:48.983,0.94187,0.942,1.43,1.35
2013.09.03 09:02:49.043,0.94185,0.94197,1.46,1.43
2013.09.03 09:02:49.345,0.9418,0.94196,1.46,2.78
2013.09.03 09:02:49.863,0.94178,0.94192,3.71,1.35
2013.09.03 09:02:50.164,0.9419,0.94198,1.50,2.10
2013.09.03 09:02:50.224,0.9419,0.94198,1.88,1.35
2013.09.03 09:02:50.344,0.9419,0.94198,1.91,1.35
2013.09.03 09:02:50.523,0.94188,0.94202,1.46,1.35
2013.09.03 09:02:51.104,0.94189,0.94203,1.46,1.35
2013.09.03 09:02:51.584,0.94194,0.94207,1.43,1.35
2013.09.03 09:02:51.893,0.94194,0.94206,1.43,1.35
2013.09.03 09:02:52.133,0.9419,0.94202,2.18,1.80
2013.09.03 09:02:52.192,0.9419,0.94202,2.93,1.05
2013.09.03 09:02:52.493,0.94184,0.94195,1.13,1.35
2013.09.03 09:02:52.552,0.94185,0.94197,1.50,1.73
2013.09.03 09:02:52.674,0.94185,0.94194,1.50,1.35
2013.09.03 09:02:53.032,0.94186,0.94199,1.50,1.35
2013.09.03 09:02:53.213,0.94186,0.94198,1.50,1.35
2013.09.03 09:02:53.765,0.94185,0.94196,1.50,1.35
2013.09.03 09:02:54.122,0.94182,0.94192,1.13,1.35
2013.09.03 09:02:54.653,0.94182,0.94192,1.50,1.35
2013.09.03 09:02:54.896,0.94182,0.94189,1.50,1.35
2013.09.03 09:02:55.213,0.94182,0.94189,1.13,1.35
2013.09.03 09:02:55.333,0.94182,0.94193,1.88,1.35
2013.09.03 09:02:56.913,0.94182,0.94193,1.88,1.35
2013.09.03 09:02:57.123,0.94182,0.94193,3.00,1.35
2013.09.03 09:02:57.363,0.94186,0.94196,1.43,1.43
2013.09.03 09:02:57.485,0.94186,0.942,1.43,1.71
2013.09.03 09:02:57.544,0.94185,0.942,1.43,3.13
2013.09.03 09:02:57.662,0.94187,0.942,1.43,1.35
2013.09.03 09:02:59.243,0.94188,0.94202,1.43,1.35
2013.09.03 09:02:59.302,0.94188,0.94203,2.10,1.35
2013.09.03 09:02:59.592,0.9419,0.94204,1.35,1.35
2013.09.03 09:02:59.832,0.94194,0.94208,1.05,1.35
2013.09.03 09:02:59.953,0.94198,0.94209,1.43,1.03
2013.09.03 09:03:00.134,0.94194,0.94207,1.05,1.35
2013.09.03 09:03:00.196,0.94193,0.94205,1.13,1.35
2013.09.03 09:03:00.264,0.94192,0.94205,1.50,1.35
2013.09.03 09:03:00.563,0.94193,0.94207,1.43,1.35
2013.09.03 09:03:00.683,0.94192,0.94205,1.43,2.10
2013.09.03 09:03:01.043,0.94194,0.94206,1.43,1.35
2013.09.03 09:03:01.283,0.94189,0.94201,1.19,1.35
2013.09.03 09:03:01.402,0.94189,0.94199,1.19,1.35
2013.09.03 09:03:01.762,0.94186,0.94199,3.38,1.35
2013.09.03 09:03:03.092,0.94188,0.942,1.50,1.35
2013.09.03 09:03:03.332,0.94188,0.94203,2.18,1.43
2013.09.03 09:03:03.392,0.94188,0.94203,2.18,1.43
2013.09.03 09:03:03.932,0.94188,0.94202,2.18,1.35
2013.09.03 09:03:04.254,0.94188,0.94198,1.43,1.13
2013.09.03 09:03:04.435,0.94182,0.94194,2.25,1.35
2013.09.03 09:03:04.787,0.94183,0.94197,2.10,1.73
2013.09.03 09:03:04.858,0.94185,0.94199,1.43,1.73
2013.09.03 09:03:04.927,0.94185,0.94199,1.43,1.35
2013.09.03 09:03:05.466,0.94183,0.94198,2.10,1.35
2013.09.03 09:03:05.584,0.94186,0.94199,1.43,1.43
2013.09.03 09:03:06.023,0.94188,0.94202,1.35,2.93
2013.09.03 09:03:06.084,0.94189,0.94202,1.35,2.18
2013.09.03 09:03:06.623,0.94189,0.94202,1.35,2.18
2013.09.03 09:03:07.656,0.94189,0.94201,2.10,1.50
2013.09.03 09:03:08.013,0.94188,0.942,1.43,1.43
2013.09.03 09:03:08.072,0.94188,0.94202,2.10,1.43
2013.09.03 09:03:08.133,0.94189,0.94203,1.43,1.35
2013.09.03 09:03:08.193,0.94191,0.94204,1.43,1.43
2013.09.03 09:03:08.846,0.94193,0.94204,1.35,1.13
2013.09.03 09:03:09.082,0.94191,0.94204,1.35,1.13
2013.09.03 09:03:09.666,0.94191,0.94202,2.10,1.13
2013.09.03 09:03:10.211,0.94192,0.94202,1.43,1.13
2013.09.03 09:03:10.843,0.94191,0.94201,1.35,1.13
2013.09.03 09:03:11.382,0.94192,0.94203,1.43,1.13
2013.09.03 09:03:11.442,0.94193,0.94203,1.35,1.13
2013.09.03 09:03:11.803,0.94188,0.94202,2.10,1.50
2013.09.03 09:03:11.924,0.94188,0.94202,3.90,1.50
2013.09.03 09:03:12.402,0.94193,0.94206,1.35,3.38
2013.09.03 09:03:12.702,0.94193,0.94207,2.10,1.88
2013.09.03 09:03:12.882,0.94193,0.94206,1.35,1.50
2013.09.03 09:03:13.482,0.94193,0.94207,1.35,1.50
2013.09.03 09:03:14.042,0.94194,0.94209,1.43,2.18
2013.09.03 09:03:14.242,0.94197,0.94209,1.13,2.18
2013.09.03 09:03:14.304,0.94199,0.9421,2.10,1.50
2013.09.03 09:03:14.483,0.94199,0.94215,2.03,1.43
2013.09.03 09:03:14.663,0.942,0.94216,1.05,1.35
2013.09.03 09:03:14.722,0.94204,0.94218,1.35,1.43
2013.09.03 09:03:14.782,0.94204,0.94219,1.35,2.10
2013.09.03 09:03:14.902,0.94206,0.94222,2.03,2.85
2013.09.03 09:03:15.024,0.94206,0.94222,3.45,2.18
2013.09.03 09:03:15.383,0.94213,0.94226,1.43,1.43
2013.09.03 09:03:15.503,0.94216,0.94231,1.35,1.50
2013.09.03 09:03:15.684,0.94219,0.94232,1.35,1.50
2013.09.03 09:03:15.742,0.94219,0.94233,1.35,1.50
2013.09.03 09:03:15.802,0.94219,0.94233,1.35,1.50
2013.09.03 09:03:15.983,0.94219,0.94235,1.35,1.43
2013.09.03 09:03:16.342,0.94214,0.9423,1.35,1.43
2013.09.03 09:03:16.534,0.94214,0.94231,1.35,1.43
2013.09.03 09:03:16.904,0.94215,0.94231,1.35,1.43
2013.09.03 09:03:17.243,0.94218,0.94233,2.03,1.50
2013.09.03 09:03:17.483,0.94222,0.94236,1.05,1.50
2013.09.03 09:03:17.602,0.94223,0.94236,1.80,1.50
2013.09.03 09:03:17.663,0.94224,0.9424,1.35,1.80
2013.09.03 09:03:17.723,0.94227,0.9424,1.05,1.43
2013.09.03 09:03:17.843,0.94227,0.94242,1.73,1.43
2013.09.03 09:03:17.962,0.94227,0.94242,1.43,1.05
2013.09.03 09:03:18.264,0.94223,0.94232,1.35,1.50
2013.09.03 09:03:18.324,0.94222,0.94232,1.35,1.50
2013.09.03 09:03:18.384,0.9422,0.94232,1.43,2.18
2013.09.03 09:03:18.443,0.94216,0.9423,1.43,1.35
2013.09.03 09:03:18.623,0.94217,0.94231,1.43,1.35
2013.09.03 09:03:18.803,0.94217,0.94232,2.10,3.68
2013.09.03 09:03:18.862,0.94217,0.94232,2.10,3.68
2013.09.03 09:03:19.043,0.94218,0.94232,1.43,2.18
2013.09.03 09:03:19.654,0.9422,0.94234,1.43,1.43
2013.09.03 09:03:20.013,0.94218,0.94231,1.43,2.78
2013.09.03 09:03:20.254,0.94217,0.9423,1.43,2.03
2013.09.03 09:03:20.313,0.94213,0.94226,1.50,1.35
2013.09.03 09:03:20.613,0.9421,0.94224,2.10,1.35
2013.09.03 09:03:20.972,0.94208,0.94221,2.18,1.35
2013.09.03 09:03:21.853,0.94208,0.94221,2.18,1.35
2013.09.03 09:03:22.184,0.94208,0.94221,2.93,1.35
2013.09.03 09:03:22.864,0.94208,0.94221,2.18,1.35
2013.09.03 09:03:22.982,0.94208,0.94221,1.50,1.35
2013.09.03 09:03:23.223,0.94208,0.94221,1.50,1.35
2013.09.03 09:03:23.644,0.94209,0.94223,1.43,1.35
2013.09.03 09:03:23.704,0.94209,0.94223,2.18,1.35
2013.09.03 09:03:24.236,0.94211,0.94224,2.18,1.35
2013.09.03 09:03:26.868,0.94212,0.94226,1.43,2.48
2013.09.03 09:03:27.423,0.94214,0.94227,1.43,1.35
2013.09.03 09:03:27.724,0.94219,0.94232,1.35,1.80
2013.09.03 09:03:28.265,0.94219,0.94232,1.35,1.80
2013.09.03 09:03:28.383,0.94219,0.94232,1.35,1.80
2013.09.03 09:03:28.503,0.94221,0.94233,1.73,1.43
2013.09.03 09:03:28.832,0.94241,0.94255,2.85,1.88
2013.09.03 09:03:28.911,0.94245,0.94259,2.48,1.05
2013.09.03 09:03:28.977,0.94245,0.94255,2.48,2.48
2013.09.03 09:03:29.283,0.94248,0.94255,1.35,1.35
2013.09.03 09:03:29.403,0.94252,0.94261,1.13,1.43
2013.09.03 09:03:29.524,0.94253,0.94267,1.35,1.46
2013.09.03 09:03:30.003,0.94251,0.94266,1.73,1.35
2013.09.03 09:03:30.242,0.94252,0.94267,1.05,2.10
2013.09.03 09:03:30.795,0.94253,0.94267,1.35,1.43
2013.09.03 09:03:31.154,0.9426,0.94272,1.05,1.43
2013.09.03 09:03:31.333,0.94263,0.94277,1.13,2.10
2013.09.03 09:03:31.393,0.94263,0.94279,1.13,1.35
2013.09.03 09:03:31.453,0.9426,0.94278,1.43,1.05
2013.09.03 09:03:31.513,0.94259,0.94277,1.35,1.13
2013.09.03 09:03:31.573,0.94259,0.94277,1.35,1.13
2013.09.03 09:03:31.694,0.94258,0.94276,2.10,1.35
2013.09.03 09:03:31.814,0.94253,0.94276,1.50,1.05
2013.09.03 09:03:32.113,0.94253,0.94274,1.50,1.13
2013.09.03 09:03:32.653,0.94254,0.94271,2.18,1.13
2013.09.03 09:03:33.073,0.94254,0.9427,2.18,1.05
2013.09.03 09:03:33.133,0.94254,0.94268,1.43,1.13
2013.09.03 09:03:33.253,0.94253,0.94263,2.25,1.35
2013.09.03 09:03:33.493,0.94248,0.94261,1.43,1.35
2013.09.03 09:03:33.733,0.94249,0.94265,2.10,2.78
2013.09.03 09:03:33.854,0.94252,0.94266,1.35,2.03
2013.09.03 09:03:33.914,0.94252,0.94265,1.35,1.43
2013.09.03 09:03:34.453,0.94249,0.94261,2.10,1.35
2013.09.03 09:03:34.513,0.94245,0.9426,2.10,1.35
2013.09.03 09:03:34.843,0.94246,0.94259,1.43,1.35
2013.09.03 09:03:35.023,0.94246,0.94259,1.43,1.35
2013.09.03 09:03:35.324,0.94243,0.94257,2.18,1.35
2013.09.03 09:03:35.684,0.94247,0.94256,1.50,1.35
2013.09.03 09:03:36.148,0.94248,0.94262,1.80,1.43
2013.09.03 09:03:36.333,0.9425,0.94265,1.43,1.43
2013.09.03 09:03:36.692,0.94246,0.9426,2.10,1.43
2013.09.03 09:03:36.753,0.94246,0.94259,1.43,1.35
2013.09.03 09:03:37.253,0.94246,0.94259,2.55,1.35
2013.09.03 09:03:37.553,0.94259,0.94272,2.10,2.55
2013.09.03 09:03:37.853,0.94259,0.94272,1.35,1.80
2013.09.03 09:03:37.912,0.94259,0.94272,1.35,1.80
2013.09.03 09:03:38.094,0.94258,0.94272,1.05,2.40
2013.09.03 09:03:38.706,0.94257,0.94272,1.35,2.10
2013.09.03 09:03:39.013,0.94283,0.94295,5.93,1.50
2013.09.03 09:03:39.075,0.94288,0.94302,1.35,2.18
2013.09.03 09:03:39.195,0.94287,0.94303,1.28,1.35
2013.09.03 09:03:39.254,0.94287,0.94302,1.28,1.35
2013.09.03 09:03:39.613,0.94287,0.94302,1.28,1.35
2013.09.03 09:03:39.852,0.94287,0.943,1.95,1.35
2013.09.03 09:03:39.973,0.94288,0.94302,1.58,1.35
2013.09.03 09:03:40.153,0.94288,0.94303,1.80,1.35
2013.09.03 09:03:40.593,0.94291,0.94305,1.35,1.35
2013.09.03 09:03:41.073,0.94288,0.94302,2.10,1.05
2013.09.03 09:03:41.134,0.94288,0.94301,1.43,1.35
2013.09.03 09:03:41.313,0.94283,0.94297,2.85,1.35
2013.09.03 09:03:41.674,0.94282,0.94297,1.35,2.10
2013.09.03 09:03:41.794,0.94278,0.94297,2.10,2.10
2013.09.03 09:03:41.853,0.94277,0.94295,1.50,1.35
2013.09.03 09:03:42.153,0.94278,0.94296,1.80,1.80
2013.09.03 09:03:42.393,0.94278,0.94294,1.13,1.35
2013.09.03 09:03:42.693,0.94276,0.94294,1.43,1.35
2013.09.03 09:03:43.199,0.94275,0.9429,1.50,1.35
2013.09.03 09:03:43.280,0.94265,0.94282,1.50,1.35
2013.09.03 09:03:43.407,0.94263,0.94282,2.10,2.10
2013.09.03 09:03:43.773,0.94263,0.94281,2.10,1.73
2013.09.03 09:03:43.954,0.9426,0.94276,1.43,1.35
2013.09.03 09:03:44.074,0.94264,0.94277,1.05,1.35
2013.09.03 09:03:44.375,0.94267,0.94282,1.35,2.18
2013.09.03 09:03:44.915,0.94266,0.9428,2.10,1.35
2013.09.03 09:03:45.154,0.94265,0.94278,1.43,1.35
2013.09.03 09:03:45.453,0.94262,0.94276,1.43,1.73
2013.09.03 09:03:45.635,0.94264,0.94278,1.35,1.35
2013.09.03 09:03:46.057,0.94262,0.94275,1.35,1.43
2013.09.03 09:03:46.130,0.94256,0.9427,2.03,1.35
2013.09.03 09:03:46.197,0.94258,0.94272,1.35,2.10
2013.09.03 09:03:46.504,0.94261,0.94273,1.43,1.43
2013.09.03 09:03:46.983,0.94255,0.94269,3.45,1.43
2013.09.03 09:03:47.043,0.94255,0.94268,2.03,1.43
2013.09.03 09:03:47.283,0.94253,0.94267,2.10,2.10
2013.09.03 09:03:47.343,0.94251,0.94267,1.35,2.10
2013.09.03 09:03:47.403,0.9425,0.94265,2.10,1.35
2013.09.03 09:03:47.523,0.94253,0.94267,1.35,1.43
2013.09.03 09:03:48.063,0.94254,0.94268,1.35,1.35
2013.09.03 09:03:48.882,0.94254,0.94267,1.35,1.43
2013.09.03 09:03:49.002,0.94254,0.94268,1.35,2.10
2013.09.03 09:03:49.123,0.94253,0.94266,1.43,1.35
2013.09.03 09:03:49.363,0.94249,0.94263,2.10,1.43
2013.09.03 09:03:49.663,0.94251,0.94266,1.35,1.43
2013.09.03 09:03:50.022,0.94258,0.94272,1.35,2.18
2013.09.03 09:03:50.322,0.94255,0.9427,1.43,2.10
2013.09.03 09:03:50.382,0.94255,0.94268,1.43,1.35
2013.09.03 09:03:50.902,0.9425,0.94267,2.18,1.43
2013.09.03 09:03:50.963,0.9425,0.94266,1.43,1.43
2013.09.03 09:03:51.203,0.94246,0.94262,1.43,2.78
2013.09.03 09:03:51.323,0.94246,0.94263,1.43,2.18
2013.09.03 09:03:51.443,0.94245,0.94262,1.43,1.43
2013.09.03 09:03:51.502,0.94245,0.94262,1.35,2.10
2013.09.03 09:03:51.563,0.94246,0.94262,1.43,1.35
2013.09.03 09:03:51.923,0.94251,0.94265,2.03,1.43
2013.09.03 09:03:52.283,0.94261,0.94273,1.05,1.58
2013.09.03 09:03:52.583,0.94262,0.94274,1.35,1.43
2013.09.03 09:03:52.643,0.94259,0.94272,1.43,2.10
2013.09.03 09:03:52.943,0.94258,0.9427,1.35,3.68
2013.09.03 09:03:53.303,0.94254,0.94265,2.10,1.43
2013.09.03 09:03:53.364,0.94251,0.94265,1.35,1.43
2013.09.03 09:03:53.483,0.94252,0.94266,1.43,2.10
2013.09.03 09:03:53.664,0.94254,0.94268,1.05,1.35
2013.09.03 09:03:53.784,0.94256,0.94271,2.03,1.35
2013.09.03 09:03:54.145,0.94258,0.94272,1.35,1.43
2013.09.03 09:03:54.553,0.94257,0.94271,1.35,2.10
2013.09.03 09:03:55.382,0.94256,0.9427,1.43,1.35
2013.09.03 09:03:55.443,0.94255,0.94268,1.43,1.35
2013.09.03 09:03:55.624,0.94256,0.9427,1.05,1.35
2013.09.03 09:03:55.683,0.94257,0.94271,2.03,1.35
2013.09.03 09:03:55.743,0.94258,0.94271,1.35,1.35
2013.09.03 09:03:55.986,0.9426,0.94275,1.35,1.35
2013.09.03 09:03:56.104,0.94262,0.94276,1.35,1.35
2013.09.03 09:03:56.463,0.94257,0.9427,2.18,1.35
2013.09.03 09:03:56.825,0.94261,0.94274,1.35,1.43
2013.09.03 09:03:57.074,0.94258,0.94272,1.35,2.18
2013.09.03 09:03:57.254,0.94257,0.94271,2.10,1.35
2013.09.03 09:04:01.123,0.94257,0.9427,1.43,1.43
2013.09.03 09:04:01.303,0.94258,0.94272,1.43,2.10
2013.09.03 09:04:01.422,0.94258,0.94273,1.35,2.10
2013.09.03 09:04:01.974,0.94258,0.94271,1.35,1.80
2013.09.03 09:04:02.033,0.94256,0.94268,1.43,1.43
2013.09.03 09:04:02.333,0.94251,0.94262,1.35,1.13
2013.09.03 09:04:02.633,0.94249,0.94261,1.35,1.50
2013.09.03 09:04:02.873,0.94251,0.94263,1.43,1.05
2013.09.03 09:04:03.414,0.94253,0.94264,1.50,1.35
2013.09.03 09:04:03.722,0.94248,0.94263,2.10,1.35
2013.09.03 09:04:04.343,0.94249,0.94263,1.43,1.35
2013.09.03 09:04:04.645,0.94255,0.94267,1.35,2.85
2013.09.03 09:04:04.762,0.94258,0.94273,2.10,1.35
2013.09.03 09:04:05.503,0.94258,0.94272,1.35,2.48
2013.09.03 09:04:05.623,0.94255,0.9427,4.20,1.43
2013.09.03 09:04:05.983,0.94258,0.94272,2.85,1.35
2013.09.03 09:04:06.523,0.9426,0.94275,1.73,1.35
2013.09.03 09:04:06.582,0.94262,0.94277,1.35,2.10
2013.09.03 09:04:06.883,0.94261,0.94275,1.35,1.35
2013.09.03 09:04:07.353,0.94263,0.94277,1.43,1.35
2013.09.03 09:04:07.593,0.94264,0.94277,1.35,1.43
2013.09.03 09:04:07.953,0.94263,0.94276,1.43,1.35
2013.09.03 09:04:08.393,0.94264,0.94278,1.35,2.10
2013.09.03 09:04:08.875,0.94261,0.94275,1.43,1.43
2013.09.03 09:04:09.125,0.9426,0.94275,2.10,1.80
2013.09.03 09:04:09.546,0.9426,0.94274,1.35,2.10
2013.09.03 09:04:10.164,0.94261,0.94274,1.35,1.43
2013.09.03 09:04:10.702,0.94262,0.94275,1.35,1.43
2013.09.03 09:04:11.883,0.9426,0.94274,1.35,2.10
2013.09.03 09:04:12.902,0.94261,0.94277,3.45,2.85
2013.09.03 09:04:12.963,0.94265,0.94279,1.35,1.43
2013.09.03 09:04:13.033,0.94268,0.94281,1.43,1.35
2013.09.03 09:04:13.392,0.94273,0.94287,1.35,1.43
2013.09.03 09:04:13.692,0.94275,0.94287,1.35,1.43
2013.09.03 09:04:14.234,0.94275,0.9429,2.10,1.35
2013.09.03 09:04:14.773,0.94275,0.94289,1.43,1.43
2013.09.03 09:04:15.313,0.94275,0.94289,2.10,1.35
2013.09.03 09:04:15.614,0.9428,0.94295,1.35,1.35
2013.09.03 09:04:15.673,0.94282,0.94296,1.35,1.35
2013.09.03 09:04:16.443,0.94282,0.94295,1.35,1.05
2013.09.03 09:04:16.505,0.9428,0.94293,1.35,1.43
2013.09.03 09:04:16.683,0.94279,0.94293,2.10,1.80
2013.09.03 09:04:16.984,0.94278,0.94291,1.50,1.35
2013.09.03 09:04:17.522,0.94278,0.94293,2.93,2.10
2013.09.03 09:04:17.642,0.94279,0.94293,1.35,2.48
2013.09.03 09:04:17.883,0.94278,0.94291,1.43,1.43
2013.09.03 09:04:18.423,0.94277,0.94291,1.43,1.35
2013.09.03 09:04:19.008,0.94278,0.94291,2.10,1.05
2013.09.03 09:04:20.035,0.94282,0.94296,1.35,5.48
2013.09.03 09:04:20.536,0.94283,0.94297,1.35,1.80
2013.09.03 09:04:20.608,0.94281,0.94295,1.35,1.43
2013.09.03 09:04:20.674,0.94281,0.94294,1.43,1.35
2013.09.03 09:04:20.980,0.94283,0.94298,2.10,2.78
2013.09.03 09:04:21.044,0.94283,0.94298,2.10,1.35
2013.09.03 09:04:21.166,0.94284,0.94299,1.35,1.35
2013.09.03 09:04:22.082,0.94283,0.94298,1.43,1.35
2013.09.03 09:04:22.143,0.94283,0.94297,1.43,1.80
2013.09.03 09:04:22.383,0.94281,0.94295,2.18,1.73
2013.09.03 09:04:22.923,0.94283,0.94296,1.43,1.35
2013.09.03 09:04:22.982,0.94283,0.94299,2.10,2.10
2013.09.03 09:04:23.043,0.94286,0.94301,1.35,1.73
2013.09.03 09:04:23.463,0.94284,0.94298,1.35,1.43
2013.09.03 09:04:23.822,0.94283,0.94297,2.85,1.35
2013.09.03 09:04:24.613,0.94284,0.94296,1.43,1.43
2013.09.03 09:04:24.793,0.94288,0.94303,1.43,2.10
2013.09.03 09:04:24.852,0.9429,0.94302,1.35,1.43
2013.09.03 09:04:25.273,0.94288,0.94301,1.43,2.10
2013.09.03 09:04:25.633,0.9429,0.94303,1.43,1.35
2013.09.03 09:04:25.933,0.94293,0.94307,2.10,1.35
2013.09.03 09:04:26.473,0.94292,0.94306,1.43,1.35
2013.09.03 09:04:27.016,0.94292,0.94305,1.43,1.43
2013.09.03 09:04:27.076,0.94291,0.94304,1.80,1.43
2013.09.03 09:04:27.317,0.94291,0.94306,1.88,2.10
2013.09.03 09:04:27.863,0.94291,0.94307,5.48,1.35
2013.09.03 09:04:27.925,0.94293,0.9431,2.10,1.35
2013.09.03 09:04:28.283,0.94293,0.94309,2.85,1.35
2013.09.03 09:04:28.644,0.94287,0.94297,1.05,2.10
2013.09.03 09:04:29.003,0.94281,0.94291,1.13,1.35
2013.09.03 09:04:29.553,0.94278,0.94291,1.50,1.35
2013.09.03 09:04:29.733,0.94282,0.94294,1.50,1.35
2013.09.03 09:04:30.093,0.94277,0.94292,1.50,1.35
2013.09.03 09:04:30.334,0.94277,0.9429,1.50,1.35
2013.09.03 09:04:31.734,0.94274,0.9429,2.93,1.35
2013.09.03 09:04:31.793,0.94274,0.9429,2.18,1.35
2013.09.03 09:04:32.035,0.94275,0.94291,3.23,1.35
2013.09.03 09:04:32.317,0.94278,0.94291,2.18,1.35
2013.09.03 09:04:32.454,0.94275,0.94287,2.25,1.35
2013.09.03 09:04:33.023,0.94275,0.94287,1.50,1.35
2013.09.03 09:04:33.642,0.94276,0.94289,1.43,2.10
2013.09.03 09:04:34.463,0.94277,0.94291,1.43,2.10
2013.09.03 09:04:35.183,0.94278,0.94291,1.43,2.10
2013.09.03 09:04:35.698,0.94278,0.94291,2.10,1.43
2013.09.03 09:04:36.235,0.94278,0.94292,2.85,1.35
2013.09.03 09:04:36.592,0.94278,0.94292,1.43,4.20
2013.09.03 09:04:36.653,0.94275,0.94289,1.35,1.35
2013.09.03 09:04:37.013,0.94273,0.94287,2.91,1.35
2013.09.03 09:04:37.133,0.94273,0.94287,2.16,1.35
2013.09.03 09:04:37.793,0.94273,0.94284,1.11,1.35
2013.09.03 09:04:38.103,0.94273,0.94286,1.11,1.35
2013.09.03 09:04:39.464,0.94273,0.94286,1.80,1.35
2013.09.03 09:04:39.765,0.94278,0.94289,1.43,2.10
2013.09.03 09:04:39.824,0.94279,0.94294,1.35,2.30
2013.09.03 09:04:40.446,0.94278,0.94293,2.10,1.35
2013.09.03 09:04:40.744,0.9428,0.94294,1.35,2.10
2013.09.03 09:04:41.103,0.94278,0.94289,1.35,1.43
2013.09.03 09:04:41.286,0.94273,0.94286,2.93,1.35
2013.09.03 09:04:41.403,0.94273,0.94284,1.50,1.35
2013.09.03 09:04:41.823,0.9427,0.94283,1.43,2.78
2013.09.03 09:04:42.003,0.9427,0.94283,1.43,1.35
2013.09.03 09:04:42.246,0.94269,0.94283,1.35,1.35
2013.09.03 09:04:42.302,0.9427,0.94283,1.43,1.35
2013.09.03 09:04:42.663,0.94273,0.94285,1.50,1.35
2013.09.03 09:04:43.103,0.94273,0.94285,2.25,1.35
2013.09.03 09:04:44.866,0.94273,0.94286,2.18,1.43
2013.09.03 09:04:44.984,0.94273,0.94285,1.50,1.35
2013.09.03 09:04:45.833,0.94274,0.94287,1.80,1.35
2013.09.03 09:04:46.433,0.94276,0.94289,1.43,1.35
2013.09.03 09:04:46.553,0.94278,0.9429,2.18,1.35
2013.09.03 09:04:46.733,0.9428,0.94294,1.43,1.35
2013.09.03 09:04:47.633,0.94278,0.94291,2.93,1.35
2013.09.03 09:04:47.993,0.94275,0.94288,1.50,1.35
2013.09.03 09:04:48.172,0.94273,0.94285,1.50,1.35
2013.09.03 09:04:48.545,0.94275,0.94288,1.05,1.35
2013.09.03 09:04:48.604,0.94275,0.94289,1.73,2.10
2013.09.03 09:04:48.663,0.94276,0.94289,1.80,2.10
2013.09.03 09:04:49.023,0.94278,0.9429,1.43,1.54
2013.09.03 09:04:49.564,0.94278,0.94292,1.43,1.35
2013.09.03 09:04:49.964,0.94277,0.94289,1.43,1.35
2013.09.03 09:04:50.273,0.94273,0.94286,1.78,1.35
2013.09.03 09:04:50.454,0.94272,0.94285,1.35,1.35
2013.09.03 09:04:50.513,0.9427,0.94284,1.35,1.35
2013.09.03 09:04:51.052,0.94271,0.94285,1.05,1.35
2013.09.03 09:04:51.333,0.94269,0.94285,2.10,1.35
2013.09.03 09:04:51.920,0.9427,0.94285,1.43,1.35
2013.09.03 09:04:51.984,0.94271,0.94285,1.50,1.35
2013.09.03 09:04:55.592,0.9427,0.94284,1.43,1.35
2013.09.03 09:04:55.773,0.94269,0.94283,2.46,1.35
2013.09.03 09:04:56.132,0.94271,0.94285,1.35,1.35
2013.09.03 09:04:56.693,0.94272,0.94285,1.43,1.35
2013.09.03 09:04:58.222,0.94271,0.94283,2.18,1.43
2013.09.03 09:04:58.642,0.94268,0.94281,1.11,1.35
2013.09.03 09:04:59.256,0.94267,0.94281,1.80,1.35
2013.09.03 09:04:59.666,0.94267,0.94281,1.80,2.03
2013.09.03 09:04:59.906,0.94267,0.94278,1.50,1.35
2013.09.03 09:04:59.973,0.94264,0.94277,2.18,1.43
2013.09.03 09:05:00.513,0.94262,0.94276,1.35,1.35
2013.09.03 09:05:00.572,0.94261,0.94276,1.35,1.35
2013.09.03 09:05:00.932,0.94263,0.94277,1.43,1.35
2013.09.03 09:05:01.352,0.94264,0.94277,1.43,1.35
2013.09.03 09:05:01.693,0.94264,0.94279,2.10,1.43
2013.09.03 09:05:02.306,0.94266,0.9428,1.35,1.43
2013.09.03 09:05:02.841,0.94265,0.94279,1.35,2.10
2013.09.03 09:05:04.713,0.94266,0.94281,2.10,2.10
2013.09.03 09:05:05.823,0.94267,0.94281,1.43,1.35
2013.09.03 09:05:06.004,0.94269,0.94284,2.10,2.22
2013.09.03 09:05:06.065,0.94273,0.94287,1.35,2.18
2013.09.03 09:05:06.183,0.94273,0.94287,1.35,1.43
2013.09.03 09:05:06.723,0.94273,0.94287,1.43,1.35
2013.09.03 09:05:07.083,0.94272,0.94286,1.35,1.43
2013.09.03 09:05:07.384,0.94269,0.94282,1.43,1.43
2013.09.03 09:05:07.443,0.94268,0.94282,1.78,2.10
2013.09.03 09:05:07.744,0.94264,0.94276,1.11,1.35
2013.09.03 09:05:08.144,0.94263,0.94275,1.78,1.05
2013.09.03 09:05:08.264,0.94262,0.94276,2.18,1.73
2013.09.03 09:05:08.503,0.94263,0.94277,2.10,1.80
2013.09.03 09:05:08.683,0.94263,0.94275,1.43,3.15
2013.09.03 09:05:09.205,0.94261,0.94273,1.43,1.35
2013.09.03 09:05:09.322,0.94263,0.94275,1.43,1.35
2013.09.03 09:05:09.803,0.94263,0.94275,1.50,1.47
2013.09.03 09:05:10.103,0.94263,0.94277,2.10,2.29
2013.09.03 09:05:10.163,0.94262,0.94275,2.10,1.62
2013.09.03 09:05:10.283,0.94259,0.94273,2.85,1.43
2013.09.03 09:05:10.643,0.9426,0.94273,1.43,1.35
2013.09.03 09:05:11.064,0.94259,0.94274,1.43,3.27
2013.09.03 09:05:11.313,0.94259,0.94273,1.35,2.22
2013.09.03 09:05:12.364,0.94261,0.94274,1.35,1.43
2013.09.03 09:05:12.723,0.94266,0.94276,1.35,1.24
2013.09.03 09:05:13.072,0.94266,0.94274,1.35,1.13
2013.09.03 09:05:13.493,0.94261,0.94274,1.35,1.13
2013.09.03 09:05:14.032,0.9426,0.94273,1.43,1.43
2013.09.03 09:05:14.473,0.94262,0.94273,1.35,1.13
2013.09.03 09:05:14.772,0.94259,0.94272,2.10,2.48
2013.09.03 09:05:15.323,0.94258,0.94272,1.35,2.10
2013.09.03 09:05:15.443,0.9426,0.94273,1.35,1.80
2013.09.03 09:05:16.122,0.9426,0.94274,1.35,2.22
2013.09.03 09:05:16.423,0.94262,0.94275,1.35,1.54
2013.09.03 09:05:16.663,0.9426,0.94274,1.35,1.47
2013.09.03 09:05:16.723,0.94262,0.94276,1.35,1.47
2013.09.03 09:05:17.762,0.94262,0.94275,1.35,1.62
2013.09.03 09:05:18.062,0.94257,0.94271,1.43,1.35
2013.09.03 09:05:18.534,0.94257,0.94269,1.43,1.05
2013.09.03 09:05:18.654,0.94255,0.94267,1.43,1.43
2013.09.03 09:05:18.834,0.94251,0.94267,1.35,3.90
2013.09.03 09:05:19.193,0.94248,0.94262,2.85,2.10
2013.09.03 09:05:19.312,0.94248,0.94262,2.10,1.43
2013.09.03 09:05:20.385,0.94248,0.9426,1.43,1.05
2013.09.03 09:05:20.886,0.94234,0.94247,2.10,2.02
2013.09.03 09:05:20.944,0.94233,0.94246,2.18,1.65
2013.09.03 09:05:21.123,0.94234,0.94247,1.35,2.32
2013.09.03 09:05:21.423,0.94234,0.94247,1.35,2.02
2013.09.03 09:05:21.483,0.94234,0.94247,1.35,1.65
2013.09.03 09:05:21.662,0.94233,0.94247,2.10,3.68
2013.09.03 09:05:21.723,0.94232,0.94245,1.43,1.65
2013.09.03 09:05:21.783,0.94232,0.94245,1.43,1.35
2013.09.03 09:05:22.083,0.94233,0.94247,1.80,2.40
2013.09.03 09:05:22.142,0.94235,0.94247,1.35,1.73
2013.09.03 09:05:22.263,0.94233,0.94247,2.10,2.70
2013.09.03 09:05:22.443,0.94233,0.94247,1.43,2.10
2013.09.03 09:05:22.803,0.94228,0.94243,2.18,1.43
2013.09.03 09:05:22.924,0.94228,0.9424,1.50,1.05
2013.09.03 09:05:23.225,0.94218,0.94232,1.50,1.35
2013.09.03 09:05:23.463,0.94216,0.94229,1.43,1.35
2013.09.03 09:05:23.524,0.94218,0.94231,1.43,1.35
2013.09.03 09:05:23.643,0.9422,0.94235,1.35,2.10
2013.09.03 09:05:23.824,0.94223,0.94237,2.10,1.86
2013.09.03 09:05:24.362,0.94224,0.94239,1.35,1.35
2013.09.03 09:05:24.662,0.94225,0.94239,2.10,1.35
2013.09.03 09:05:24.912,0.94227,0.9424,1.35,1.43
2013.09.03 09:05:25.212,0.94228,0.94243,2.85,2.10
2013.09.03 09:05:25.452,0.94228,0.94241,2.10,1.13
2013.09.03 09:05:25.993,0.94228,0.9424,1.43,1.43
2013.09.03 09:05:26.112,0.94228,0.94243,3.53,2.10
2013.09.03 09:05:26.233,0.94231,0.94246,1.43,1.41
2013.09.03 09:05:26.772,0.94233,0.94246,1.43,1.03
2013.09.03 09:05:27.132,0.94231,0.94245,1.43,1.35
2013.09.03 09:05:27.492,0.94236,0.94248,1.43,1.35
2013.09.03 09:05:27.705,0.94235,0.94249,1.35,1.35
2013.09.03 09:05:28.223,0.94233,0.94247,2.10,1.73
2013.09.03 09:05:28.283,0.94233,0.94246,1.43,2.48
2013.09.03 09:05:28.464,0.9423,0.94245,1.35,1.35
2013.09.03 09:05:28.643,0.94232,0.94245,1.05,1.35
2013.09.03 09:05:29.003,0.94237,0.94247,1.35,1.11
2013.09.03 09:05:30.093,0.94238,0.94251,1.43,1.43
2013.09.03 09:05:30.393,0.94238,0.9425,1.43,1.35
2013.09.03 09:05:30.752,0.94241,0.94254,1.35,1.41
2013.09.03 09:05:30.813,0.94238,0.94252,2.10,1.35
2013.09.03 09:05:31.314,0.94238,0.94251,1.50,1.35
2013.09.03 09:05:32.275,0.94238,0.94251,2.18,1.35
2013.09.03 09:05:32.706,0.94235,0.9425,2.10,1.73
2013.09.03 09:05:33.340,0.94238,0.9425,1.43,1.80
2013.09.03 09:05:35.413,0.94236,0.9425,1.43,1.35
2013.09.03 09:05:35.574,0.94235,0.94248,1.43,1.35
2013.09.03 09:05:35.886,0.94236,0.94248,1.50,1.35
2013.09.03 09:05:36.423,0.94236,0.9425,2.18,1.35
2013.09.03 09:05:37.034,0.94238,0.94251,1.43,2.10
2013.09.03 09:05:37.214,0.94239,0.94252,1.43,1.43
2013.09.03 09:05:37.572,0.94243,0.94256,1.43,1.35
2013.09.03 09:05:37.632,0.94243,0.94257,1.43,1.43
2013.09.03 09:05:37.694,0.94247,0.94259,1.50,2.10
2013.09.03 09:05:37.872,0.94249,0.94262,1.43,1.35
2013.09.03 09:05:37.934,0.94249,0.94263,1.43,1.35
2013.09.03 09:05:38.113,0.94248,0.94263,2.10,1.35
2013.09.03 09:05:38.292,0.9425,0.94265,2.78,1.71
2013.09.03 09:05:38.653,0.9425,0.94265,1.35,1.71
2013.09.03 09:05:38.773,0.9425,0.94265,1.35,1.35
2013.09.03 09:05:39.324,0.94249,0.94261,1.43,1.78
2013.09.03 09:05:39.842,0.94247,0.9426,2.18,1.35
2013.09.03 09:05:42.135,0.94246,0.94259,1.50,2.10
2013.09.03 09:05:42.499,0.94246,0.94257,1.50,1.35
2013.09.03 09:05:42.576,0.94245,0.94257,1.50,1.35
2013.09.03 09:05:42.813,0.94243,0.94257,3.60,1.35
2013.09.03 09:05:44.362,0.94244,0.94258,1.35,1.43
2013.09.03 09:05:44.543,0.94243,0.94257,2.10,2.18
2013.09.03 09:05:44.903,0.94238,0.94253,2.89,1.35
2013.09.03 09:05:45.417,0.94238,0.94252,2.89,1.35
2013.09.03 09:05:46.098,0.9424,0.94254,1.35,2.78
2013.09.03 09:05:46.285,0.94238,0.94253,1.43,1.35
2013.09.03 09:05:46.344,0.94237,0.94251,1.46,1.35
2013.09.03 09:05:46.525,0.94236,0.94251,1.39,1.35
2013.09.03 09:05:47.343,0.94236,0.94251,1.39,1.35
2013.09.03 09:05:49.753,0.94236,0.94251,2.10,2.10
2013.09.03 09:05:51.906,0.94235,0.94248,2.85,1.43
2013.09.03 09:05:55.813,0.94236,0.94248,1.43,1.43
2013.09.03 09:05:56.055,0.94237,0.9425,2.10,1.43
2013.09.03 09:05:56.177,0.94238,0.94252,1.35,1.50
2013.09.03 09:05:56.484,0.94239,0.94252,1.35,1.43
2013.09.03 09:05:57.175,0.94238,0.94252,1.35,1.43
2013.09.03 09:05:57.533,0.94235,0.94247,1.43,1.43
2013.09.03 09:05:57.593,0.94234,0.94247,1.35,1.43
2013.09.03 09:05:57.773,0.94232,0.94244,1.35,1.43
2013.09.03 09:05:58.285,0.94231,0.94244,1.35,1.43
2013.09.03 09:05:59.924,0.94232,0.94244,1.35,1.43
2013.09.03 09:06:00.253,0.94228,0.94243,1.35,2.10
2013.09.03 09:06:00.313,0.94228,0.94242,1.73,1.43
2013.09.03 09:06:00.553,0.94229,0.94242,2.78,1.43
2013.09.03 09:06:00.614,0.94233,0.94247,2.10,1.35
2013.09.03 09:06:00.674,0.94233,0.94247,2.10,1.35
2013.09.03 09:06:00.977,0.94238,0.94252,1.35,3.60
2013.09.03 09:06:02.798,0.94238,0.94251,1.35,1.43
2013.09.03 09:06:02.926,0.94238,0.94251,1.35,1.43
2013.09.03 09:06:02.983,0.94236,0.94251,2.10,2.10
2013.09.03 09:06:03.103,0.94236,0.94249,1.43,1.35
2013.09.03 09:06:03.404,0.94237,0.94251,1.35,2.10
2013.09.03 09:06:03.823,0.94239,0.94253,1.35,1.43
2013.09.03 09:06:04.183,0.94241,0.94252,1.43,1.43
2013.09.03 09:06:04.244,0.94243,0.94257,1.35,2.18
2013.09.03 09:06:04.363,0.94241,0.94255,1.35,2.10
2013.09.03 09:06:05.093,0.94242,0.94255,1.35,1.43
2013.09.03 09:06:05.404,0.94243,0.94256,1.35,1.43
2013.09.03 09:06:06.147,0.94242,0.94256,1.35,1.43
2013.09.03 09:06:06.623,0.94241,0.94255,2.10,1.43
2013.09.03 09:06:09.744,0.94239,0.94252,1.35,1.43
2013.09.03 09:06:09.806,0.94237,0.9425,2.18,1.35
2013.09.03 09:06:10.325,0.94237,0.9425,1.43,1.35
2013.09.03 09:06:11.113,0.94237,0.9425,1.43,1.43
2013.09.03 09:06:12.623,0.94238,0.94252,1.35,2.85
2013.09.03 09:06:13.182,0.94239,0.94252,1.35,1.50
2013.09.03 09:06:13.575,0.94241,0.94254,1.35,2.18
2013.09.03 09:06:13.754,0.94239,0.94253,2.10,1.43
2013.09.03 09:06:14.093,0.94241,0.94253,1.35,1.50
2013.09.03 09:06:14.503,0.94239,0.94253,2.10,1.43
2013.09.03 09:06:15.823,0.9424,0.94254,1.35,2.10
2013.09.03 09:06:16.183,0.94243,0.94257,1.35,1.35
2013.09.03 09:06:16.303,0.94244,0.94257,1.35,1.35
2013.09.03 09:06:16.684,0.94245,0.94257,2.03,1.35
2013.09.03 09:06:17.043,0.94249,0.94262,1.35,3.15
2013.09.03 09:06:17.223,0.94244,0.94256,1.43,1.43
2013.09.03 09:06:17.826,0.94241,0.94253,1.35,1.43
2013.09.03 09:06:17.905,0.9424,0.94253,2.10,1.43
2013.09.03 09:06:18.364,0.9424,0.94253,2.03,1.43
2013.09.03 09:06:18.724,0.94243,0.94255,1.43,1.28
2013.09.03 09:06:18.905,0.94243,0.94256,1.43,2.03
2013.09.03 09:06:18.964,0.94243,0.94255,1.43,1.28
2013.09.03 09:06:19.523,0.94243,0.94255,2.18,1.28
2013.09.03 09:06:20.133,0.94243,0.94256,2.18,1.35
2013.09.03 09:06:20.193,0.94244,0.94257,2.10,1.03
2013.09.03 09:06:21.053,0.94245,0.94257,1.43,1.03
2013.09.03 09:06:22.323,0.94245,0.94259,1.43,1.35
2013.09.03 09:06:22.443,0.94247,0.94261,1.35,1.63
2013.09.03 09:06:22.503,0.94248,0.94263,1.43,1.63
2013.09.03 09:06:22.863,0.9425,0.94261,1.35,1.03
2013.09.03 09:06:23.403,0.94249,0.94262,1.35,2.45
2013.09.03 09:06:24.173,0.9425,0.94262,1.43,1.43
2013.09.03 09:06:24.732,0.94251,0.94264,1.43,1.70
2013.09.03 09:06:26.314,0.94249,0.94262,2.10,1.43
2013.09.03 09:06:27.043,0.9425,0.94262,2.85,1.43
2013.09.03 09:06:27.163,0.94252,0.94265,1.05,1.35
2013.09.03 09:06:27.223,0.94254,0.94266,1.35,1.05
2013.09.03 09:06:27.523,0.94259,0.94272,1.05,2.10
2013.09.03 09:06:27.584,0.94259,0.94273,2.40,2.00
2013.09.03 09:06:27.643,0.94262,0.94273,1.35,1.32
2013.09.03 09:06:27.705,0.94262,0.94276,1.73,1.55
2013.09.03 09:06:27.824,0.94264,0.94278,1.35,1.43
2013.09.03 09:06:27.883,0.94266,0.9428,1.35,1.05
2013.09.03 09:06:28.123,0.94266,0.9428,1.35,1.80
2013.09.03 09:06:28.303,0.94266,0.94281,1.35,1.73
2013.09.03 09:06:28.363,0.94266,0.9428,1.35,1.05
2013.09.03 09:06:28.483,0.94268,0.94281,1.35,1.05
2013.09.03 09:06:29.363,0.94268,0.94282,2.10,1.35
2013.09.03 09:06:29.722,0.94275,0.94287,1.35,1.70
2013.09.03 09:06:30.904,0.94275,0.94287,1.35,1.50
2013.09.03 09:06:31.323,0.94275,0.94287,1.35,1.50
2013.09.03 09:06:31.524,0.94275,0.94287,1.35,1.50
2013.09.03 09:06:32.053,0.94276,0.94288,1.43,2.18
2013.09.03 09:06:33.313,0.94276,0.94288,1.43,1.43
2013.09.03 09:06:33.853,0.94277,0.9429,1.35,1.43
2013.09.03 09:06:36.256,0.94275,0.94288,1.43,1.43
2013.09.03 09:06:36.793,0.94275,0.94288,1.43,1.43
2013.09.03 09:06:37.493,0.94274,0.94288,1.35,1.43
2013.09.03 09:06:37.614,0.94272,0.94283,1.43,1.43
2013.09.03 09:06:37.734,0.94269,0.94282,1.35,1.43
2013.09.03 09:06:37.793,0.94269,0.94282,1.35,1.43
2013.09.03 09:06:38.395,0.94266,0.94278,1.43,2.18
2013.09.03 09:06:38.454,0.94264,0.94278,2.78,2.18
2013.09.03 09:06:38.575,0.94262,0.94274,2.10,1.43
2013.09.03 09:06:38.694,0.94264,0.94278,1.35,1.43
2013.09.03 09:06:38.936,0.94263,0.94278,2.85,1.35
2013.09.03 09:06:39.063,0.94268,0.94282,1.35,2.10
2013.09.03 09:06:39.425,0.94267,0.9428,1.43,1.43
2013.09.03 09:06:39.483,0.94266,0.9428,1.35,1.43
2013.09.03 09:06:39.783,0.94267,0.94281,2.10,1.35
2013.09.03 09:06:39.843,0.94267,0.94282,2.10,4.35
2013.09.03 09:06:40.144,0.94271,0.94282,1.43,1.43
2013.09.03 09:06:40.265,0.94269,0.94281,1.43,1.43
2013.09.03 09:06:41.082,0.94267,0.9428,1.43,1.35
2013.09.03 09:06:42.013,0.94267,0.9428,1.35,1.35
2013.09.03 09:06:42.354,0.94274,0.94287,1.35,1.05
2013.09.03 09:06:42.413,0.94276,0.94291,1.35,2.78
2013.09.03 09:06:42.533,0.9428,0.94293,1.35,2.55
2013.09.03 09:06:43.704,0.94278,0.94292,1.35,1.43
2013.09.03 09:06:43.885,0.94278,0.94291,1.35,1.50
2013.09.03 09:06:44.005,0.94276,0.9429,2.10,1.43
2013.09.03 09:06:44.123,0.94276,0.9429,2.10,1.43
2013.09.03 09:06:44.483,0.94271,0.94284,5.55,1.43
2013.09.03 09:06:44.602,0.9427,0.94283,1.43,1.43
2013.09.03 09:06:45.944,0.9427,0.94282,1.43,1.43
2013.09.03 09:06:46.010,0.9427,0.94282,1.43,1.43
2013.09.03 09:06:46.253,0.94271,0.94282,1.50,1.43
2013.09.03 09:06:46.373,0.94275,0.94282,1.05,1.43
2013.09.03 09:06:46.553,0.94278,0.94292,2.03,1.43
2013.09.03 09:06:46.613,0.9428,0.94294,2.03,1.35
2013.09.03 09:06:46.733,0.94281,0.94296,1.35,1.43
2013.09.03 09:06:46.793,0.94284,0.94297,1.35,2.18
2013.09.03 09:06:47.153,0.94287,0.94298,1.13,1.39
2013.09.03 09:06:47.333,0.9429,0.943,1.50,1.35
2013.09.03 09:06:47.453,0.94293,0.94304,1.50,1.43
2013.09.03 09:06:47.513,0.94293,0.94307,2.18,2.10
2013.09.03 09:06:47.753,0.94294,0.94308,2.10,1.43
2013.09.03 09:06:48.113,0.94298,0.94312,1.43,2.48
2013.09.03 09:06:48.293,0.94296,0.9431,2.18,1.35
2013.09.03 09:06:48.953,0.94298,0.94311,1.43,1.35
2013.09.03 09:06:50.334,0.94297,0.9431,1.35,1.80
2013.09.03 09:06:50.694,0.94295,0.94303,1.43,1.35
2013.09.03 09:06:50.874,0.94287,0.94299,1.50,1.35
2013.09.03 09:06:50.993,0.94288,0.94301,1.43,1.35
2013.09.03 09:06:51.173,0.94288,0.94303,2.10,1.35
2013.09.03 09:06:51.413,0.94288,0.94304,5.70,1.35
2013.09.03 09:06:52.015,0.94292,0.94305,1.43,1.35
2013.09.03 09:06:52.504,0.94288,0.94304,4.35,1.35
2013.09.03 09:06:53.054,0.9429,0.94303,1.50,1.35
2013.09.03 09:06:54.153,0.94293,0.94307,1.43,3.23
2013.09.03 09:06:54.482,0.94293,0.94306,1.43,1.05
2013.09.03 09:06:54.783,0.94291,0.94302,1.43,1.13
2013.09.03 09:06:55.143,0.94288,0.94301,2.18,1.35
2013.09.03 09:06:55.263,0.94288,0.94301,1.43,1.35
2013.09.03 09:06:56.144,0.94288,0.94302,2.18,2.48
2013.09.03 09:06:56.323,0.94288,0.94302,2.10,2.18
2013.09.03 09:06:56.564,0.9429,0.94302,1.73,1.43
2013.09.03 09:06:56.624,0.94293,0.94305,2.10,1.13
2013.09.03 09:06:56.684,0.94294,0.94308,1.35,2.02
2013.09.03 09:06:56.805,0.94293,0.94306,2.18,1.43
2013.09.03 09:06:56.923,0.94296,0.94308,1.35,1.35
2013.09.03 09:06:57.673,0.94295,0.94308,1.35,2.02
2013.09.03 09:06:58.163,0.94295,0.94308,2.10,2.02
2013.09.03 09:06:58.403,0.94297,0.9431,1.35,1.43
2013.09.03 09:06:59.063,0.94296,0.94308,1.43,1.43
2013.09.03 09:06:59.454,0.94295,0.94308,1.35,1.43
2013.09.03 09:06:59.996,0.94296,0.94308,1.35,1.35
2013.09.03 09:07:00.664,0.94297,0.94309,1.43,1.43
2013.09.03 09:07:00.724,0.94302,0.94314,1.43,4.28
2013.09.03 09:07:00.785,0.94302,0.94314,1.43,1.43
2013.09.03 09:07:00.843,0.94301,0.94312,2.10,1.13
2013.09.03 09:07:01.145,0.94296,0.94304,1.43,1.43
2013.09.03 09:07:01.205,0.94293,0.94304,1.50,1.43
2013.09.03 09:07:01.264,0.94292,0.94305,1.43,2.10
2013.09.03 09:07:01.623,0.94294,0.94307,1.05,2.10
2013.09.03 09:07:01.743,0.94293,0.94305,1.13,1.35
2013.09.03 09:07:02.163,0.94289,0.94303,1.73,1.43
2013.09.03 09:07:02.344,0.9429,0.94302,1.50,2.10
2013.09.03 09:07:02.403,0.94289,0.94302,1.80,2.85
2013.09.03 09:07:02.583,0.94288,0.943,1.50,1.43
2013.09.03 09:07:02.703,0.94284,0.94299,1.35,1.43
2013.09.03 09:07:02.763,0.94284,0.94298,1.35,1.43
2013.09.03 09:07:03.303,0.94283,0.94295,1.50,1.43
2013.09.03 09:07:03.363,0.94282,0.94295,1.80,1.43
2013.09.03 09:07:03.424,0.94284,0.94295,1.43,1.43
2013.09.03 09:07:03.542,0.94285,0.94298,2.10,1.43
2013.09.03 09:07:03.783,0.94288,0.943,2.10,1.43
2013.09.03 09:07:04.114,0.94291,0.94302,2.10,1.50
2013.09.03 09:07:04.711,0.9429,0.94302,1.43,1.50
2013.09.03 09:07:05.263,0.94289,0.94302,1.35,1.50
2013.09.03 09:07:05.596,0.94292,0.94304,1.50,1.35
2013.09.03 09:07:05.893,0.9429,0.94297,1.35,1.50
2013.09.03 09:07:06.074,0.94278,0.94291,3.53,2.10
2013.09.03 09:07:06.133,0.94278,0.9429,2.18,1.35
2013.09.03 09:07:06.255,0.94276,0.94287,1.43,2.55
2013.09.03 09:07:06.315,0.94275,0.94284,1.43,1.05
2013.09.03 09:07:06.435,0.94273,0.94282,1.43,1.43
2013.09.03 09:07:06.614,0.94268,0.94279,1.43,1.43
2013.09.03 09:07:06.854,0.94268,0.94279,1.50,1.35
2013.09.03 09:07:07.174,0.94267,0.94279,1.50,1.35
2013.09.03 09:07:07.723,0.94268,0.94279,1.50,1.35
2013.09.03 09:07:07.963,0.94267,0.94279,1.50,1.35
2013.09.03 09:07:09.543,0.94266,0.94278,1.43,1.35
2013.09.03 09:07:09.723,0.94263,0.94277,3.53,1.35
2013.09.03 09:07:10.694,0.94264,0.94277,2.18,2.10
2013.09.03 09:07:10.813,0.94264,0.94277,1.43,2.10
2013.09.03 09:07:10.936,0.94264,0.94278,2.85,1.43
2013.09.03 09:07:10.995,0.94267,0.94278,1.50,1.43
2013.09.03 09:07:11.055,0.94268,0.94281,1.43,1.43
2013.09.03 09:07:11.174,0.94269,0.94282,1.35,1.43
2013.09.03 09:07:11.480,0.94273,0.94285,1.50,1.35
2013.09.03 09:07:11.547,0.94273,0.94285,1.50,1.35
2013.09.03 09:07:11.614,0.94273,0.94287,2.85,1.27
2013.09.03 09:07:11.734,0.94277,0.94289,1.35,1.35
2013.09.03 09:07:12.284,0.94279,0.94289,1.35,1.35
2013.09.03 09:07:12.655,0.94279,0.94292,1.35,1.43
2013.09.03 09:07:12.927,0.94284,0.94293,1.43,1.43
2013.09.03 09:07:13.053,0.94285,0.94297,1.43,2.18
2013.09.03 09:07:13.113,0.94284,0.94292,1.35,1.50
2013.09.03 09:07:13.354,0.94281,0.94292,1.35,1.50
2013.09.03 09:07:13.533,0.94279,0.94292,1.35,2.18
2013.09.03 09:07:14.943,0.9428,0.9429,1.43,1.13
2013.09.03 09:07:15.183,0.94275,0.94285,1.35,1.13
2013.09.03 09:07:15.303,0.94274,0.94286,1.35,1.13
2013.09.03 09:07:15.542,0.94273,0.94285,1.35,1.43
2013.09.03 09:07:15.782,0.94271,0.94284,1.35,1.43
2013.09.03 09:07:16.194,0.94272,0.94286,1.35,1.80
2013.09.03 09:07:17.133,0.94273,0.94286,1.43,2.55
2013.09.03 09:07:17.253,0.94277,0.94286,1.50,1.80
2013.09.03 09:07:17.373,0.94278,0.9429,1.43,1.88
2013.09.03 09:07:17.555,0.94277,0.9429,1.35,1.88
2013.09.03 09:07:17.914,0.94273,0.94286,2.10,1.80
2013.09.03 09:07:17.974,0.9427,0.94284,1.35,1.43
2013.09.03 09:07:18.355,0.94273,0.94286,2.18,1.43
2013.09.03 09:07:18.656,0.94277,0.94289,1.43,2.18
2013.09.03 09:07:19.006,0.94279,0.94293,1.35,1.43
2013.09.03 09:07:19.683,0.94278,0.94291,1.43,1.43
2013.09.03 09:07:19.810,0.94277,0.94291,2.10,1.43
2013.09.03 09:07:19.993,0.94285,0.94293,1.50,1.35
2013.09.03 09:07:20.053,0.94285,0.94296,1.50,1.35
2013.09.03 09:07:20.173,0.94284,0.94297,1.35,1.05
2013.09.03 09:07:20.233,0.94282,0.94295,1.43,2.10
2013.09.03 09:07:20.773,0.94282,0.94295,2.18,1.43
2013.09.03 09:07:21.193,0.94286,0.94298,2.10,1.35
2013.09.03 09:07:21.433,0.94293,0.94306,1.43,2.18
2013.09.03 09:07:21.495,0.94293,0.94306,1.43,1.43
2013.09.03 09:07:21.813,0.94292,0.94305,1.43,1.35
2013.09.03 09:07:21.873,0.94293,0.94306,2.10,1.43
2013.09.03 09:07:21.993,0.94296,0.94307,1.43,1.35
2013.09.03 09:07:22.173,0.94299,0.94313,1.35,1.35
2013.09.03 09:07:22.353,0.94302,0.94315,1.35,1.80
2013.09.03 09:07:22.413,0.94298,0.94313,2.10,2.10
2013.09.03 09:07:23.696,0.94299,0.94312,1.35,1.43
2013.09.03 09:07:23.756,0.943,0.94312,1.35,1.50
2013.09.03 09:07:23.874,0.94298,0.94311,1.35,1.43
2013.09.03 09:07:23.934,0.94302,0.94312,1.50,2.10
2013.09.03 09:07:24.294,0.94302,0.94307,1.35,1.50
2013.09.03 09:07:24.474,0.94301,0.94311,1.35,2.18
2013.09.03 09:07:24.533,0.94296,0.9431,1.46,2.10
2013.09.03 09:07:24.714,0.94298,0.9431,1.50,2.10
2013.09.03 09:07:25.013,0.94303,0.94313,1.13,1.43
2013.09.03 09:07:25.193,0.94305,0.94317,1.05,1.43
2013.09.03 09:07:25.699,0.94304,0.94321,1.13,1.43
2013.09.03 09:07:26.183,0.94299,0.94315,2.14,1.13
2013.09.03 09:07:26.365,0.94298,0.94314,1.54,1.80
2013.09.03 09:07:27.385,0.94297,0.94312,1.43,1.88
2013.09.03 09:07:27.564,0.94298,0.94312,1.43,1.50
2013.09.03 09:07:27.634,0.94299,0.94315,1.43,1.50
2013.09.03 09:07:27.755,0.943,0.94317,1.50,1.80
2013.09.03 09:07:28.113,0.94303,0.94319,1.43,1.35
2013.09.03 09:07:28.173,0.94303,0.9432,1.43,2.10
2013.09.03 09:07:28.233,0.94304,0.9432,1.39,2.10
2013.09.03 09:07:28.729,0.94308,0.9432,1.43,2.10
2013.09.03 09:07:28.986,0.94311,0.94324,1.43,1.35
2013.09.03 09:07:29.233,0.94308,0.94323,2.85,1.35
2013.09.03 09:07:29.775,0.94308,0.94322,1.35,2.18
2013.09.03 09:07:30.315,0.94307,0.94321,2.18,1.35
2013.09.03 09:07:30.677,0.94305,0.94318,2.18,1.35
2013.09.03 09:07:30.985,0.94309,0.9432,1.13,2.10
2013.09.03 09:07:31.415,0.9431,0.94323,1.43,2.10
2013.09.03 09:07:31.773,0.94309,0.94318,1.35,1.13
2013.09.03 09:07:31.953,0.94306,0.94317,3.26,1.43
2013.09.03 09:07:32.013,0.94306,0.94317,1.16,2.10
2013.09.03 09:07:32.193,0.94308,0.94318,1.13,1.43
2013.09.03 09:07:32.613,0.94309,0.94322,1.13,1.80
2013.09.03 09:07:32.733,0.94309,0.94322,1.80,1.80
2013.09.03 09:07:33.314,0.94309,0.94322,2.55,1.80
2013.09.03 09:07:33.823,0.94309,0.94322,1.05,2.55
2013.09.03 09:07:34.344,0.94308,0.9432,1.80,1.05
2013.09.03 09:07:34.643,0.94309,0.9432,1.73,1.05
2013.09.03 09:07:34.883,0.94309,0.94322,2.48,1.80
2013.09.03 09:07:35.243,0.94309,0.94322,1.84,1.80
2013.09.03 09:07:35.563,0.94309,0.9432,1.84,1.05
2013.09.03 09:07:36.095,0.94309,0.94319,1.16,1.05
2013.09.03 09:07:38.653,0.94311,0.94321,1.39,1.13
2013.09.03 09:07:39.252,0.94311,0.94322,1.39,1.13
2013.09.03 09:07:39.313,0.94311,0.94317,1.39,1.13
2013.09.03 09:07:39.435,0.9431,0.94316,1.39,1.13
2013.09.03 09:07:39.553,0.94309,0.94315,1.35,1.13
2013.09.03 09:07:39.613,0.943,0.94313,1.43,1.43
2013.09.03 09:07:39.794,0.94299,0.94312,3.23,1.13
2013.09.03 09:07:40.155,0.943,0.94314,1.43,1.73
2013.09.03 09:07:40.633,0.943,0.94312,1.50,1.73
2013.09.03 09:07:41.053,0.94297,0.94311,1.84,1.35
2013.09.03 09:07:41.453,0.94299,0.94311,1.13,1.35
2013.09.03 09:07:41.693,0.943,0.94312,1.80,1.43
2013.09.03 09:07:42.693,0.943,0.94314,2.18,2.48
2013.09.03 09:07:43.053,0.94308,0.94315,1.43,1.35
2013.09.03 09:07:43.173,0.94308,0.94318,1.73,1.50
2013.09.03 09:07:43.413,0.9431,0.94318,1.35,1.50
2013.09.03 09:07:43.593,0.94308,0.94318,1.73,1.50
2013.09.03 09:07:44.223,0.94308,0.94317,1.35,1.13
2013.09.03 09:07:44.403,0.94307,0.94314,1.35,1.13
2013.09.03 09:07:44.463,0.94303,0.94313,1.43,1.50
2013.09.03 09:07:44.583,0.943,0.94313,2.14,2.18
2013.09.03 09:07:44.643,0.943,0.94313,1.54,2.48
2013.09.03 09:07:45.003,0.94299,0.94312,1.39,1.43
2013.09.03 09:07:45.243,0.94297,0.94311,2.59,1.35
2013.09.03 09:07:45.425,0.94297,0.94311,2.55,1.35
2013.09.03 09:07:47.013,0.94298,0.94311,1.50,1.35
2013.09.03 09:07:47.314,0.94302,0.94311,2.10,1.50
2013.09.03 09:07:47.373,0.943,0.94312,1.43,1.13
2013.09.03 09:07:47.503,0.94299,0.94312,1.84,2.48
2013.09.03 09:07:48.013,0.94299,0.94312,1.80,2.48
2013.09.03 09:07:48.073,0.94299,0.9431,1.80,1.50
2013.09.03 09:07:48.314,0.94299,0.94311,1.46,1.05
2013.09.03 09:07:49.080,0.94299,0.94311,2.18,1.05
2013.09.03 09:07:49.443,0.94301,0.94314,2.21,1.43
2013.09.03 09:07:49.993,0.94303,0.94316,1.80,2.48
2013.09.03 09:07:50.173,0.94305,0.94317,1.50,1.13
2013.09.03 09:07:50.533,0.94305,0.94318,2.21,1.05
2013.09.03 09:07:50.593,0.94305,0.94317,1.46,1.13
2013.09.03 09:07:50.654,0.94304,0.94315,1.54,1.13
2013.09.03 09:07:52.152,0.94303,0.94313,1.16,1.05
2013.09.03 09:07:52.626,0.94303,0.94313,1.16,1.05
2013.09.03 09:07:53.375,0.94303,0.94314,1.16,1.35
2013.09.03 09:07:53.778,0.94306,0.94316,1.16,1.43
2013.09.03 09:07:54.206,0.94307,0.94317,1.05,1.50
2013.09.03 09:07:54.514,0.94307,0.94318,1.05,1.50
2013.09.03 09:07:55.203,0.94307,0.94317,1.80,1.50
2013.09.03 09:07:55.753,0.94307,0.94317,1.43,1.50
2013.09.03 09:07:56.403,0.94307,0.94317,1.80,1.50
2013.09.03 09:07:56.524,0.94308,0.94322,1.84,2.18
2013.09.03 09:07:56.583,0.94309,0.94322,1.46,2.18
2013.09.03 09:07:56.945,0.94313,0.94327,1.80,2.10
2013.09.03 09:07:57.573,0.94313,0.94326,1.80,1.43
2013.09.03 09:07:57.753,0.94312,0.94325,2.48,1.50
2013.09.03 09:07:58.112,0.94315,0.94325,1.35,1.50
2013.09.03 09:07:58.353,0.94315,0.94328,1.35,1.88
2013.09.03 09:07:58.894,0.94314,0.94327,1.35,1.43
2013.09.03 09:07:59.429,0.94315,0.94327,1.43,1.43
2013.09.03 09:08:00.143,0.94316,0.94327,1.16,1.43
2013.09.03 09:08:00.444,0.94318,0.9433,1.50,1.35
2013.09.03 09:08:00.623,0.94323,0.94334,1.13,1.35
2013.09.03 09:08:00.804,0.94323,0.94335,1.50,2.10
2013.09.03 09:08:01.324,0.94325,0.94337,1.05,2.18
2013.09.03 09:08:01.650,0.94325,0.94337,1.05,2.18
2013.09.03 09:08:02.308,0.94325,0.94337,1.05,2.18
2013.09.03 09:08:02.815,0.94325,0.94337,1.05,2.18
2013.09.03 09:08:03.345,0.94325,0.94336,1.05,1.43
2013.09.03 09:08:03.523,0.94323,0.94336,2.93,1.43
2013.09.03 09:08:03.583,0.94323,0.94335,1.50,1.43
2013.09.03 09:08:03.943,0.94318,0.94328,1.73,1.50
2013.09.03 09:08:04.213,0.94314,0.94327,1.05,1.43
2013.09.03 09:08:04.513,0.94313,0.94326,2.55,1.35
2013.09.03 09:08:04.573,0.94315,0.94328,1.05,2.18
2013.09.03 09:08:05.201,0.94315,0.94328,1.05,2.18
2013.09.03 09:08:06.486,0.94315,0.94328,1.80,2.18
2013.09.03 09:08:08.603,0.94315,0.94328,1.80,2.18
2013.09.03 09:08:08.685,0.94315,0.94328,1.80,2.18
2013.09.03 09:08:08.864,0.94315,0.94326,1.13,2.10
2013.09.03 09:08:08.983,0.94313,0.94326,2.55,2.10
2013.09.03 09:08:11.314,0.94313,0.94326,2.55,2.10
2013.09.03 09:08:12.484,0.94312,0.94325,1.35,1.43
2013.09.03 09:08:12.545,0.94311,0.94323,2.48,2.18
2013.09.03 09:08:13.034,0.94312,0.94325,1.05,1.35
2013.09.03 09:08:13.593,0.94312,0.94326,2.48,1.35
2013.09.03 09:08:14.193,0.94313,0.94326,1.05,1.35
2013.09.03 09:08:14.314,0.94319,0.94326,1.13,1.35
2013.09.03 09:08:14.554,0.94324,0.94335,1.05,1.43
2013.09.03 09:08:14.854,0.94325,0.94337,1.05,1.43
2013.09.03 09:08:15.213,0.94325,0.94338,1.80,1.35
2013.09.03 09:08:15.274,0.94327,0.94339,1.05,1.43
2013.09.03 09:08:15.454,0.94327,0.94342,1.73,2.10
2013.09.03 09:08:15.514,0.94328,0.94342,1.05,2.10
2013.09.03 09:08:16.395,0.94328,0.94341,1.80,1.43
2013.09.03 09:08:16.515,0.94327,0.94338,1.43,1.43
2013.09.03 09:08:16.635,0.94326,0.94333,1.43,1.50
2013.09.03 09:08:16.813,0.94324,0.94336,1.43,1.43
2013.09.03 09:08:17.234,0.94326,0.94337,1.35,1.50
2013.09.03 09:08:17.353,0.94326,0.94337,1.35,1.50
2013.09.03 09:08:17.413,0.94327,0.94337,1.05,1.50
2013.09.03 09:08:17.473,0.94327,0.94341,1.05,1.35
2013.09.03 09:08:17.833,0.94326,0.94341,1.73,2.10
2013.09.03 09:08:17.893,0.94326,0.94339,1.80,1.43
2013.09.03 09:08:18.433,0.94326,0.94338,1.73,1.50
2013.09.03 09:08:18.983,0.94327,0.94338,1.43,1.50
2013.09.03 09:08:19.563,0.94327,0.94339,1.05,1.43
2013.09.03 09:08:19.924,0.94338,0.94351,1.05,1.43
2013.09.03 09:08:20.283,0.94337,0.94347,1.35,1.50
2013.09.03 09:08:20.403,0.94338,0.9435,1.05,1.43
2013.09.03 09:08:20.526,0.94339,0.94352,1.05,2.18
2013.09.03 09:08:20.704,0.94341,0.94353,1.05,2.18
2013.09.03 09:08:21.235,0.94339,0.94353,1.05,1.43
2013.09.03 09:08:21.537,0.94341,0.94356,1.73,2.10
2013.09.03 09:08:21.596,0.94344,0.94357,1.80,1.88
2013.09.03 09:08:21.894,0.94345,0.94361,1.05,2.10
2013.09.03 09:08:21.954,0.94344,0.94358,1.80,1.43
2013.09.03 09:08:22.493,0.94343,0.94357,1.05,2.18
2013.09.03 09:08:22.913,0.9435,0.94359,1.05,1.50
2013.09.03 09:08:23.333,0.94344,0.94357,1.88,2.48
2013.09.03 09:08:23.393,0.94344,0.94356,1.88,1.43
2013.09.03 09:08:23.754,0.94343,0.94357,2.18,3.15
2013.09.03 09:08:23.874,0.94343,0.94356,2.18,1.35
2013.09.03 09:08:24.175,0.94342,0.94352,1.50,2.10
2013.09.03 09:08:24.476,0.94336,0.94346,1.13,1.73
2013.09.03 09:08:24.595,0.94333,0.94342,2.18,1.35
2013.09.03 09:08:25.128,0.94334,0.94342,1.50,1.35
2013.09.03 09:08:26.373,0.94335,0.94343,1.13,1.35
2013.09.03 09:08:26.674,0.9434,0.94345,1.50,1.43
2013.09.03 09:08:26.735,0.94341,0.9435,1.50,1.43
2013.09.03 09:08:26.794,0.94339,0.94352,2.48,2.21
2013.09.03 09:08:26.855,0.94339,0.94352,1.80,1.46
2013.09.03 09:08:27.393,0.94338,0.9435,1.80,2.18
2013.09.03 09:08:27.695,0.94336,0.94347,2.10,1.50
2013.09.03 09:08:27.753,0.94335,0.94347,2.10,1.50
2013.09.03 09:08:27.993,0.94327,0.9434,1.35,1.43
2013.09.03 09:08:28.476,0.94327,0.94337,1.35,1.50
2013.09.03 09:08:29.003,0.94326,0.94337,1.35,1.50
2013.09.03 09:08:30.153,0.94328,0.9434,1.13,1.43
2013.09.03 09:08:30.333,0.94331,0.94343,2.18,2.85
2013.09.03 09:08:30.394,0.94331,0.94343,2.18,2.18
2013.09.03 09:08:30.753,0.94328,0.94339,1.43,1.50
2013.09.03 09:08:30.993,0.94325,0.94339,1.35,2.18
2013.09.03 09:08:31.366,0.94326,0.94339,1.43,1.43
2013.09.03 09:08:31.548,0.94327,0.94338,1.50,1.50
2013.09.03 09:08:31.796,0.94319,0.94332,1.35,1.50
2013.09.03 09:08:31.856,0.94318,0.94331,2.10,1.43
2013.09.03 09:08:32.096,0.94321,0.94333,1.05,1.43
2013.09.03 09:08:32.396,0.94326,0.94341,1.73,1.35
2013.09.03 09:08:32.464,0.94326,0.94341,1.73,1.35
2013.09.03 09:08:32.585,0.94326,0.94339,1.05,1.35
2013.09.03 09:08:32.943,0.94326,0.94341,2.48,1.43
2013.09.03 09:08:33.003,0.94327,0.9434,1.43,1.43
2013.09.03 09:08:33.897,0.94328,0.9434,1.13,1.43
2013.09.03 09:08:33.964,0.94328,0.94341,1.50,1.35
2013.09.03 09:08:34.144,0.94331,0.94344,1.80,1.80
2013.09.03 09:08:34.264,0.94331,0.94343,1.05,1.05
2013.09.03 09:08:34.624,0.94327,0.94336,2.18,1.13
2013.09.03 09:08:35.163,0.94326,0.94338,1.50,1.80
2013.09.03 09:08:35.283,0.94325,0.94337,1.43,1.50
2013.09.03 09:08:35.405,0.94323,0.94336,2.48,1.05
2013.09.03 09:08:35.643,0.94321,0.94335,1.05,1.35
2013.09.03 09:08:35.764,0.94319,0.94331,1.80,1.05
2013.09.03 09:08:35.883,0.94319,0.94331,1.05,1.05
2013.09.03 09:08:36.803,0.94318,0.94331,1.80,1.73
2013.09.03 09:08:37.103,0.94319,0.94332,1.05,1.80
2013.09.03 09:08:37.163,0.94317,0.9433,1.05,1.35
2013.09.03 09:08:37.904,0.94318,0.9433,1.13,1.35
2013.09.03 09:08:38.264,0.94328,0.94335,1.50,1.43
2013.09.03 09:08:38.324,0.94328,0.94339,1.50,1.35
2013.09.03 09:08:38.383,0.94328,0.94339,1.50,1.35
2013.09.03 09:08:38.563,0.94328,0.9434,1.50,1.35
2013.09.03 09:08:38.684,0.94327,0.94339,1.80,1.43
2013.09.03 09:08:38.745,0.94328,0.9434,1.50,1.35
2013.09.03 09:08:38.924,0.94327,0.94337,1.80,1.13
2013.09.03 09:08:38.987,0.94327,0.94337,1.05,1.13
2013.09.03 09:08:39.106,0.94326,0.94335,1.35,1.05
2013.09.03 09:08:39.225,0.94324,0.94334,1.35,1.13
2013.09.03 09:08:39.285,0.94318,0.94332,2.93,2.10
2013.09.03 09:08:39.404,0.94317,0.94332,2.48,2.10
2013.09.03 09:08:39.942,0.94316,0.9433,2.10,1.35
2013.09.03 09:08:40.733,0.94317,0.9433,1.05,1.35
2013.09.03 09:08:40.853,0.94323,0.94334,1.80,1.50
2013.09.03 09:08:41.033,0.94323,0.94337,2.48,1.35
2013.09.03 09:08:41.391,0.94322,0.94334,1.05,1.05
2013.09.03 09:08:41.455,0.94321,0.94334,1.50,1.73
2013.09.03 09:08:42.333,0.94319,0.94334,2.48,2.10
2013.09.03 09:08:43.013,0.94319,0.94333,1.80,1.35
2013.09.03 09:08:43.193,0.94318,0.94332,1.80,2.03
2013.09.03 09:08:43.373,0.94316,0.94329,1.43,1.35
2013.09.03 09:08:43.613,0.94314,0.94328,1.05,1.35
2013.09.03 09:08:43.853,0.94313,0.94326,1.80,1.35
2013.09.03 09:08:44.094,0.94313,0.94328,1.80,2.03
2013.09.03 09:08:44.643,0.94313,0.94327,1.80,1.35
2013.09.03 09:08:44.704,0.94313,0.94326,1.80,1.35
2013.09.03 09:08:45.210,0.94313,0.94324,1.13,1.35
2013.09.03 09:08:45.513,0.94326,0.94336,1.13,5.18
2013.09.03 09:08:45.694,0.94325,0.94337,1.13,1.35
2013.09.03 09:08:46.423,0.94323,0.94336,1.80,1.35
2013.09.03 09:08:46.483,0.94321,0.94335,1.80,1.35
2013.09.03 09:08:47.448,0.94321,0.94334,2.18,1.05
2013.09.03 09:08:47.883,0.9432,0.94333,1.43,1.35
2013.09.03 09:08:48.183,0.94323,0.94333,1.13,1.35
2013.09.03 09:08:48.243,0.94323,0.94336,1.80,1.05
2013.09.03 09:08:48.304,0.94325,0.94338,1.13,1.35
2013.09.03 09:08:48.484,0.94324,0.94338,1.73,1.35
2013.09.03 09:08:48.964,0.94323,0.94336,1.50,1.73
2013.09.03 09:08:49.516,0.94322,0.94335,2.18,1.05
2013.09.03 09:08:49.933,0.9432,0.94333,1.43,1.05
2013.09.03 09:08:53.126,0.9432,0.94334,1.43,2.48
2013.09.03 09:08:53.486,0.94324,0.94336,1.35,1.13
2013.09.03 09:08:53.796,0.94326,0.94336,1.35,1.13
2013.09.03 09:08:54.153,0.94324,0.94336,1.35,3.38
2013.09.03 09:08:54.333,0.94324,0.94335,2.10,1.13
2013.09.03 09:08:54.614,0.94324,0.94336,2.10,1.88
2013.09.03 09:08:55.094,0.94326,0.94336,1.35,1.50
2013.09.03 09:08:55.273,0.94324,0.94336,2.10,1.50
2013.09.03 09:08:55.633,0.94326,0.94336,1.13,1.43
2013.09.03 09:08:55.813,0.94328,0.94341,1.80,1.43
2013.09.03 09:08:57.312,0.94328,0.94341,2.55,1.43
2013.09.03 09:08:57.613,0.94329,0.94341,1.35,1.05
2013.09.03 09:08:57.972,0.94334,0.94347,1.35,2.55
2013.09.03 09:08:58.562,0.94333,0.94346,2.10,1.80
2013.09.03 09:08:59.085,0.94333,0.94346,1.43,1.80
2013.09.03 09:08:59.983,0.94334,0.94346,1.35,1.13
2013.09.03 09:09:00.103,0.94334,0.94347,1.35,2.18
2013.09.03 09:09:00.163,0.94336,0.94346,1.35,1.13
2013.09.03 09:09:00.343,0.94337,0.9435,2.18,2.10
2013.09.03 09:09:00.463,0.94339,0.94351,1.73,1.50
2013.09.03 09:09:00.822,0.94342,0.94353,1.43,1.13
2013.09.03 09:09:01.123,0.94341,0.94352,2.03,1.05
2013.09.03 09:09:01.363,0.94339,0.94351,2.10,1.05
2013.09.03 09:09:01.422,0.94338,0.94351,2.40,1.80
2013.09.03 09:09:01.783,0.94338,0.9435,1.43,1.50
2013.09.03 09:09:02.023,0.94333,0.94346,1.80,2.48
2013.09.03 09:09:02.203,0.94333,0.94346,3.90,2.10
2013.09.03 09:09:02.743,0.94335,0.94347,2.03,1.50
2013.09.03 09:09:03.494,0.94338,0.94347,1.43,1.50
2013.09.03 09:09:03.553,0.94338,0.94351,2.85,1.80
2013.09.03 09:09:03.614,0.94339,0.94351,3.15,1.80
2013.09.03 09:09:03.973,0.94343,0.94352,1.35,1.50
2013.09.03 09:09:04.413,0.94342,0.94352,1.28,1.50
2013.09.03 09:09:04.653,0.94342,0.94353,3.15,1.50
2013.09.03 09:09:05.125,0.94345,0.94353,1.35,1.50
2013.09.03 09:09:05.543,0.94344,0.94356,1.28,1.43
2013.09.03 09:09:05.723,0.94344,0.94352,1.28,1.50
2013.09.03 09:09:05.843,0.94342,0.94352,1.35,2.18
2013.09.03 09:09:06.143,0.94341,0.94352,2.03,1.43
2013.09.03 09:09:06.383,0.94343,0.94354,2.40,1.43
2013.09.03 09:09:06.814,0.94343,0.94354,1.65,1.50
2013.09.03 09:09:07.173,0.94344,0.94355,1.73,1.43
2013.09.03 09:09:07.293,0.94347,0.94357,1.28,1.50
2013.09.03 09:09:07.353,0.94349,0.94359,2.10,1.43
2013.09.03 09:09:07.414,0.9435,0.94361,1.35,1.43
2013.09.03 09:09:07.648,0.94352,0.94363,1.65,2.93
2013.09.03 09:09:07.897,0.9435,0.94362,1.43,1.50
2013.09.03 09:09:08.024,0.94348,0.9436,1.43,1.43
2013.09.03 09:09:08.264,0.94347,0.94358,1.73,1.35
2013.09.03 09:09:08.324,0.94347,0.94359,1.35,1.35
2013.09.03 09:09:08.443,0.94346,0.94362,1.05,3.15
2013.09.03 09:09:08.503,0.94346,0.94362,3.15,2.40
2013.09.03 09:09:08.563,0.94346,0.9436,1.73,1.35
2013.09.03 09:09:08.684,0.94347,0.94359,1.73,1.35
2013.09.03 09:09:09.112,0.94348,0.94361,1.35,1.35
2013.09.03 09:09:09.175,0.9435,0.94361,1.13,1.35
2013.09.03 09:09:09.535,0.9435,0.94362,1.80,1.05
2013.09.03 09:09:10.073,0.94351,0.94364,2.03,1.05
2013.09.03 09:09:10.254,0.94351,0.94363,1.28,1.13
2013.09.03 09:09:10.984,0.9435,0.94362,1.13,1.80
2013.09.03 09:09:11.385,0.94348,0.9436,3.30,1.35
2013.09.03 09:09:11.924,0.94348,0.94361,2.48,1.35
2013.09.03 09:09:12.343,0.94348,0.94359,1.73,1.43
2013.09.03 09:09:12.643,0.94342,0.94354,1.43,1.43
2013.09.03 09:09:12.705,0.9434,0.94353,2.03,1.43
2013.09.03 09:09:12.883,0.94342,0.94355,1.43,1.35
2013.09.03 09:09:13.183,0.94343,0.94357,2.03,2.48
2013.09.03 09:09:13.423,0.94346,0.94357,1.13,1.73
2013.09.03 09:09:13.605,0.94348,0.9436,2.10,1.43
2013.09.03 09:09:14.153,0.94348,0.94359,2.10,1.35
2013.09.03 09:09:14.925,0.94348,0.94358,1.88,1.35
2013.09.03 09:09:15.104,0.94346,0.94358,2.93,1.43
2013.09.03 09:09:15.670,0.94345,0.94357,1.50,1.43
2013.09.03 09:09:16.184,0.94344,0.94356,3.53,1.35
2013.09.03 09:09:16.305,0.94347,0.9436,1.43,2.10
2013.09.03 09:09:16.663,0.94346,0.94359,1.35,1.43
2013.09.03 09:09:16.846,0.94345,0.94358,1.43,1.43
2013.09.03 09:09:17.434,0.94344,0.94357,1.35,1.88
2013.09.03 09:09:17.613,0.94343,0.94355,1.50,1.05
2013.09.03 09:09:17.673,0.94342,0.94354,1.50,1.35
2013.09.03 09:09:18.223,0.94341,0.94353,1.80,1.43
2013.09.03 09:09:18.765,0.94341,0.94354,1.05,1.35
2013.09.03 09:09:19.435,0.9434,0.94354,1.35,2.10
2013.09.03 09:09:20.304,0.9434,0.94353,1.35,1.43
2013.09.03 09:09:20.623,0.94341,0.94353,1.05,1.43
2013.09.03 09:09:20.843,0.94341,0.94353,1.05,2.18
2013.09.03 09:09:20.964,0.94341,0.94353,1.05,2.18
2013.09.03 09:09:21.083,0.94338,0.94351,2.40,1.35
2013.09.03 09:09:21.644,0.94337,0.94351,1.43,3.15
2013.09.03 09:09:21.703,0.94336,0.94348,1.73,1.35
2013.09.03 09:09:21.883,0.94336,0.94348,1.35,1.35
2013.09.03 09:09:22.397,0.94336,0.94349,3.53,1.35
2013.09.03 09:09:23.110,0.94336,0.94349,3.53,1.35
2013.09.03 09:09:23.699,0.94338,0.94349,1.13,1.35
2013.09.03 09:09:23.943,0.94337,0.94351,1.43,2.10
2013.09.03 09:09:24.333,0.94337,0.94351,1.50,3.90
2013.09.03 09:09:25.154,0.94337,0.94349,2.18,1.35
2013.09.03 09:09:25.673,0.94337,0.9435,2.18,1.35
2013.09.03 09:09:26.213,0.94335,0.94348,1.05,1.35
2013.09.03 09:09:26.746,0.94334,0.94347,1.88,1.35
2013.09.03 09:09:27.153,0.94333,0.94347,2.55,1.35
2013.09.03 09:09:27.454,0.94331,0.94345,3.23,1.05
2013.09.03 09:09:27.993,0.94334,0.94347,1.43,1.35
2013.09.03 09:09:28.114,0.94335,0.94348,1.43,1.43
2013.09.03 09:09:28.323,0.94337,0.94349,1.43,1.13
2013.09.03 09:09:28.883,0.94337,0.94346,1.43,1.13
2013.09.03 09:09:29.835,0.94335,0.94347,1.43,1.88
2013.09.03 09:09:30.014,0.94333,0.94344,1.43,1.80
2013.09.03 09:09:30.073,0.9433,0.94343,2.85,1.43
2013.09.03 09:09:30.314,0.94328,0.9434,2.18,1.43
2013.09.03 09:09:31.406,0.94328,0.9434,2.85,1.43
2013.09.03 09:09:31.707,0.94334,0.94346,1.43,2.93
2013.09.03 09:09:32.059,0.94331,0.94346,1.43,1.43
2013.09.03 09:09:32.185,0.9433,0.94344,2.18,1.35
2013.09.03 09:09:32.366,0.94328,0.94342,3.68,1.35
2013.09.03 09:09:32.675,0.94328,0.9434,1.50,1.35
2013.09.03 09:09:33.034,0.94324,0.94335,1.50,1.35
2013.09.03 09:09:33.093,0.94322,0.94335,2.93,1.35
2013.09.03 09:09:33.793,0.94323,0.94337,2.18,1.35
2013.09.03 09:09:34.175,0.94323,0.94336,2.18,1.35
2013.09.03 09:09:34.293,0.9432,0.94333,1.43,1.35
2013.09.03 09:09:34.533,0.94318,0.94333,2.10,1.35
2013.09.03 09:09:34.659,0.94319,0.94333,2.48,1.35
2013.09.03 09:09:34.965,0.94327,0.94339,1.35,2.10
2013.09.03 09:09:35.265,0.94327,0.94342,2.70,2.10
2013.09.03 09:09:35.384,0.94327,0.9434,2.03,1.35
2013.09.03 09:09:36.504,0.94326,0.94339,1.35,1.05
2013.09.03 09:09:36.684,0.94323,0.94336,2.78,1.35
2013.09.03 09:09:39.303,0.94325,0.94339,1.35,1.35
2013.09.03 09:09:39.823,0.94324,0.94338,2.03,1.35
2013.09.03 09:09:42.044,0.94324,0.94337,1.28,1.35
2013.09.03 09:09:42.701,0.94323,0.94336,2.10,1.35
2013.09.03 09:09:47.963,0.94323,0.94335,1.35,1.80
2013.09.03 09:09:48.263,0.94318,0.9433,1.88,1.35
2013.09.03 09:09:48.503,0.94318,0.94332,2.55,2.10
2013.09.03 09:09:48.684,0.94318,0.9433,1.88,1.35
2013.09.03 09:09:49.193,0.94318,0.9433,2.63,1.35
2013.09.03 09:09:49.703,0.94318,0.94331,3.30,1.35
2013.09.03 09:09:50.244,0.94315,0.94328,2.78,1.35
2013.09.03 09:09:50.673,0.94315,0.94326,2.10,1.35
2013.09.03 09:09:52.087,0.94315,0.94326,1.35,1.35
2013.09.03 09:09:52.443,0.94311,0.94326,1.35,1.73
2013.09.03 09:09:52.974,0.94312,0.94326,2.10,1.35
2013.09.03 09:09:53.273,0.94314,0.94326,1.43,1.35
2013.09.03 09:09:53.393,0.94318,0.94332,1.35,1.80
2013.09.03 09:09:53.694,0.94316,0.94329,1.43,2.48
2013.09.03 09:09:53.813,0.94316,0.9433,1.35,1.05
2013.09.03 09:09:53.933,0.94319,0.94331,1.35,1.05
2013.09.03 09:09:54.473,0.94316,0.94329,1.43,1.35
2013.09.03 09:09:54.653,0.94314,0.94329,1.35,1.80
2013.09.03 09:09:56.303,0.94315,0.94329,1.43,1.80
2013.09.03 09:09:58.814,0.94314,0.94328,1.43,1.35
2013.09.03 09:09:59.353,0.94313,0.94327,1.43,2.10
2013.09.03 09:09:59.473,0.94312,0.94327,2.70,2.85
2013.09.03 09:10:00.504,0.94312,0.94325,3.53,1.35
2013.09.03 09:10:00.744,0.94318,0.9433,1.13,1.43
2013.09.03 09:10:01.043,0.94318,0.94333,2.10,2.10
2013.09.03 09:10:01.593,0.94323,0.94332,2.40,1.43
2013.09.03 09:10:01.653,0.94325,0.94337,1.13,1.05
2013.09.03 09:10:01.713,0.94323,0.94337,3.45,1.05
2013.09.03 09:10:01.773,0.94324,0.94338,1.35,1.35
2013.09.03 09:10:01.834,0.94327,0.9434,1.35,2.77
2013.09.03 09:10:02.198,0.94322,0.94332,1.13,2.10
2013.09.03 09:10:02.503,0.94319,0.94331,1.43,1.43
2013.09.03 09:10:02.563,0.94318,0.94331,1.80,1.43
2013.09.03 09:10:03.123,0.94317,0.9433,3.23,1.35
2013.09.03 09:10:04.623,0.94317,0.9433,2.10,1.35
2013.09.03 09:10:04.863,0.94321,0.94332,1.50,1.35
2013.09.03 09:10:05.103,0.94323,0.94334,2.25,1.35
2013.09.03 09:10:05.284,0.94323,0.94337,3.60,1.35
2013.09.03 09:10:05.854,0.94324,0.94337,1.43,1.35
2013.09.03 09:10:06.156,0.94329,0.9434,1.50,1.35
2013.09.03 09:10:07.304,0.94331,0.94342,1.50,2.03
2013.09.03 09:10:07.975,0.94328,0.94342,2.78,1.35
2013.09.03 09:10:09.023,0.94329,0.94342,1.50,1.35
2013.09.03 09:10:09.383,0.94331,0.94343,1.50,1.35
2013.09.03 09:10:09.443,0.94328,0.94342,3.53,1.35
2013.09.03 09:10:09.623,0.9433,0.94342,1.50,1.35
2013.09.03 09:10:09.933,0.94333,0.94347,2.03,1.35
2013.09.03 09:10:10.643,0.94333,0.94347,1.50,3.15
2013.09.03 09:10:10.823,0.9433,0.94344,1.43,1.35
2013.09.03 09:10:10.883,0.94329,0.94341,1.50,1.35
2013.09.03 09:10:10.943,0.94328,0.94341,2.18,1.35
2013.09.03 09:10:11.303,0.94328,0.94339,1.50,1.35
2013.09.03 09:10:13.483,0.94326,0.94339,2.18,1.35
2013.09.03 09:10:14.173,0.94326,0.94339,2.18,1.35
2013.09.03 09:10:14.293,0.94327,0.94341,2.18,1.35
2013.09.03 09:10:14.353,0.94328,0.94342,1.35,2.10
2013.09.03 09:10:14.414,0.94335,0.94343,1.13,1.35
2013.09.03 09:10:14.534,0.94335,0.94344,1.88,1.50
2013.09.03 09:10:14.654,0.94335,0.94345,1.50,1.43
2013.09.03 09:10:14.833,0.9433,0.94345,1.35,1.35
2013.09.03 09:10:14.897,0.9433,0.94345,1.35,2.03
2013.09.03 09:10:15.264,0.94328,0.94342,2.10,1.43
2013.09.03 09:10:15.565,0.94324,0.94338,1.43,2.10
2013.09.03 09:10:15.744,0.94325,0.9434,1.35,1.35
2013.09.03 09:10:16.285,0.94327,0.94342,2.48,2.85
2013.09.03 09:10:16.403,0.94327,0.94342,3.23,2.85
2013.09.03 09:10:16.823,0.94329,0.94342,1.35,2.18
2013.09.03 09:10:17.003,0.94325,0.94337,2.93,1.43
2013.09.03 09:10:17.063,0.94323,0.94337,3.53,2.10
2013.09.03 09:10:17.123,0.94323,0.94337,2.03,2.10
2013.09.03 09:10:17.694,0.94323,0.94337,2.78,2.10
2013.09.03 09:10:18.054,0.94322,0.94336,1.05,1.35
2013.09.03 09:10:18.114,0.94321,0.94334,1.80,1.35
2013.09.03 09:10:18.356,0.94328,0.94334,1.35,1.35
2013.09.03 09:10:18.544,0.94329,0.94337,1.73,1.43
2013.09.03 09:10:18.604,0.94329,0.94341,1.73,2.18
2013.09.03 09:10:18.904,0.94326,0.94339,1.05,1.35
2013.09.03 09:10:19.443,0.94326,0.94339,3.15,1.35
2013.09.03 09:10:20.143,0.94327,0.94341,1.95,1.35
2013.09.03 09:10:21.505,0.94326,0.9434,1.80,1.43
2013.09.03 09:10:21.807,0.94327,0.9434,2.93,1.35
2013.09.03 09:10:21.877,0.94327,0.9434,2.18,1.73
2013.09.03 09:10:22.003,0.94326,0.94339,1.35,2.18
2013.09.03 09:10:22.123,0.94324,0.94336,1.73,1.43
2013.09.03 09:10:22.303,0.94322,0.94335,1.43,2.10
2013.09.03 09:10:23.696,0.94323,0.94335,1.43,1.43
2013.09.03 09:10:24.053,0.94328,0.94339,1.05,1.43
2013.09.03 09:10:24.113,0.94327,0.94339,1.80,1.43
2013.09.03 09:10:24.173,0.94325,0.94339,1.35,1.43
2013.09.03 09:10:24.674,0.94326,0.94339,1.43,1.43
2013.09.03 09:10:24.913,0.9433,0.94343,1.73,1.43
2013.09.03 09:10:25.425,0.94329,0.94343,1.80,1.35
2013.09.03 09:10:26.183,0.94331,0.94343,1.13,2.10
2013.09.03 09:10:26.543,0.94333,0.94345,1.88,1.35
2013.09.03 09:10:26.603,0.94333,0.94345,1.88,1.35
2013.09.03 09:10:27.113,0.94333,0.94345,1.88,1.35
2013.09.03 09:10:28.523,0.94331,0.94337,2.48,1.13
2013.09.03 09:10:28.704,0.94329,0.94337,1.43,1.43
2013.09.03 09:10:28.764,0.94323,0.94335,1.50,1.35
2013.09.03 09:10:28.824,0.94321,0.94335,1.43,2.10
2013.09.03 09:10:29.425,0.94321,0.94334,1.43,2.10
2013.09.03 09:10:30.633,0.94321,0.94333,1.43,1.43
2013.09.03 09:10:30.693,0.9432,0.94332,1.35,1.50
2013.09.03 09:10:30.873,0.94318,0.94331,1.80,1.43
2013.09.03 09:10:32.703,0.94317,0.94327,1.43,1.13
2013.09.03 09:10:33.321,0.94315,0.94327,1.80,1.80
2013.09.03 09:10:35.644,0.94315,0.94327,1.05,2.55
2013.09.03 09:10:36.194,0.94315,0.94327,1.80,1.80
2013.09.03 09:10:40.413,0.94315,0.94326,1.13,2.10
2013.09.03 09:10:40.820,0.94314,0.94322,1.13,1.35
2013.09.03 09:10:42.174,0.94315,0.94324,1.13,1.35
2013.09.03 09:10:43.683,0.94315,0.94326,1.13,2.10
2013.09.03 09:10:44.193,0.94315,0.94327,1.50,1.35
2013.09.03 09:10:44.374,0.94318,0.94328,1.13,1.35
2013.09.03 09:10:44.613,0.94321,0.94329,1.13,1.35
2013.09.03 09:10:44.673,0.94321,0.94332,1.13,1.35
2013.09.03 09:10:44.973,0.94318,0.94331,2.10,1.43
2013.09.03 09:10:45.485,0.94316,0.94328,1.43,1.43
2013.09.03 09:10:46.253,0.94316,0.94328,1.43,1.43
2013.09.03 09:10:46.791,0.94318,0.9433,1.43,2.10
2013.09.03 09:10:47.353,0.9432,0.9433,1.43,1.50
2013.09.03 09:10:47.533,0.94321,0.94332,1.13,1.35
2013.09.03 09:10:47.593,0.94323,0.94332,1.13,1.35
2013.09.03 09:10:47.775,0.94325,0.94337,1.35,2.10
2013.09.03 09:10:47.895,0.94325,0.94337,1.13,1.43
2013.09.03 09:10:48.195,0.94328,0.94339,1.43,1.43
2013.09.03 09:10:49.453,0.94327,0.94339,1.43,1.43
2013.09.03 09:10:50.363,0.94325,0.94337,1.43,1.50
2013.09.03 09:10:50.663,0.94325,0.94337,1.43,2.10
2013.09.03 09:10:51.613,0.94324,0.94337,2.10,2.25
2013.09.03 09:10:52.154,0.94324,0.94336,2.10,2.18
2013.09.03 09:10:53.444,0.94321,0.94333,1.13,1.35
2013.09.03 09:10:54.153,0.94322,0.94335,2.10,2.85
2013.09.03 09:10:54.274,0.94324,0.94335,1.43,1.43
2013.09.03 09:10:54.513,0.94326,0.94337,1.43,1.50
2013.09.03 09:10:55.053,0.94328,0.94341,2.10,1.35
2013.09.03 09:10:57.024,0.94328,0.94338,2.18,1.43
2013.09.03 09:10:57.143,0.94328,0.94338,1.50,1.43
2013.09.03 09:10:57.623,0.94328,0.94341,2.31,1.35
2013.09.03 09:10:57.803,0.94328,0.94341,2.31,2.10
2013.09.03 09:11:00.353,0.94328,0.94338,1.50,1.43
2013.09.03 09:11:00.713,0.94325,0.94336,1.19,1.35
2013.09.03 09:11:01.128,0.94325,0.94334,1.56,1.35
2013.09.03 09:11:04.733,0.94323,0.94336,1.13,1.35
2013.09.03 09:11:04.973,0.94325,0.94334,1.50,1.35
2013.09.03 09:11:05.214,0.94322,0.94334,1.88,1.73
2013.09.03 09:11:05.273,0.94321,0.94329,1.19,1.43
2013.09.03 09:11:05.748,0.94323,0.94333,1.13,1.43
2013.09.03 09:11:05.993,0.94323,0.94335,2.18,1.43
2013.09.03 09:11:06.293,0.94321,0.94332,1.86,1.50
2013.09.03 09:11:06.473,0.94321,0.94333,1.19,2.48
2013.09.03 09:11:06.593,0.94318,0.94331,2.61,1.35
2013.09.03 09:11:07.533,0.94318,0.94328,1.94,1.35
2013.09.03 09:11:07.593,0.94319,0.94331,1.43,1.43
2013.09.03 09:11:08.893,0.94321,0.94334,1.43,1.43
2013.09.03 09:11:09.423,0.94322,0.94334,1.43,1.80
2013.09.03 09:11:09.834,0.94322,0.94334,1.43,1.80
2013.09.03 09:11:10.374,0.94322,0.94334,1.43,1.80
2013.09.03 09:11:11.235,0.94322,0.94334,1.43,1.80
2013.09.03 09:11:11.593,0.94319,0.9433,1.19,1.35
2013.09.03 09:11:12.887,0.94319,0.94329,1.19,1.05
2013.09.03 09:11:13.134,0.94318,0.94328,1.19,1.13
2013.09.03 09:11:14.014,0.94318,0.94326,1.19,1.13
2013.09.03 09:11:14.533,0.94315,0.94326,1.43,1.13
2013.09.03 09:11:22.863,0.94313,0.94326,1.43,2.85
2013.09.03 09:11:22.983,0.94313,0.94326,1.43,2.48
2013.09.03 09:11:23.703,0.94311,0.94324,2.78,1.35
2013.09.03 09:11:24.003,0.94312,0.94326,2.18,2.10
2013.09.03 09:11:28.667,0.94312,0.94326,1.43,2.10
2013.09.03 09:11:29.084,0.94317,0.94327,1.43,1.43
2013.09.03 09:11:30.324,0.94313,0.94325,2.10,1.35
2013.09.03 09:11:31.256,0.94313,0.94325,1.86,1.35
2013.09.03 09:11:31.373,0.94313,0.94325,1.86,1.35
2013.09.03 09:11:34.663,0.94311,0.94324,2.25,1.35
2013.09.03 09:11:35.013,0.94311,0.94322,1.13,1.35
2013.09.03 09:11:35.353,0.94312,0.94324,1.50,1.35
2013.09.03 09:11:36.553,0.94312,0.94326,2.18,1.35
2013.09.03 09:11:36.613,0.94313,0.94326,1.43,1.35
2013.09.03 09:11:36.673,0.94313,0.94325,1.43,1.43
2013.09.03 09:11:40.023,0.9431,0.94323,2.10,2.25
2013.09.03 09:11:40.083,0.94311,0.94322,1.05,1.43
2013.09.03 09:11:40.203,0.9431,0.94323,3.60,1.43
2013.09.03 09:11:40.263,0.94311,0.94323,2.55,1.43
2013.09.03 09:11:40.443,0.94314,0.94326,1.43,1.43
2013.09.03 09:11:40.504,0.94315,0.94326,1.13,1.35
2013.09.03 09:11:40.983,0.94313,0.94325,2.25,2.10
2013.09.03 09:11:41.043,0.94313,0.9432,1.50,1.35
2013.09.03 09:11:41.583,0.94313,0.9432,1.88,1.35
2013.09.03 09:11:42.123,0.94306,0.94317,1.13,1.35
2013.09.03 09:11:42.303,0.94306,0.94316,1.13,2.03
2013.09.03 09:11:42.424,0.94306,0.94313,1.13,1.35
2013.09.03 09:11:42.543,0.94306,0.94315,1.13,1.35
2013.09.03 09:11:42.723,0.94305,0.94311,1.13,1.35
2013.09.03 09:11:43.414,0.94303,0.94311,1.13,1.35
2013.09.03 09:11:43.475,0.943,0.94311,1.88,1.35
2013.09.03 09:11:43.713,0.94298,0.94306,1.13,1.35
2013.09.03 09:11:45.547,0.94299,0.94306,1.13,1.35
2013.09.03 09:11:45.785,0.943,0.94309,1.50,1.35
2013.09.03 09:11:48.585,0.94298,0.94309,2.10,1.35
2013.09.03 09:11:48.823,0.943,0.94309,1.50,1.35
2013.09.03 09:11:49.445,0.943,0.9431,1.50,1.35
2013.09.03 09:11:49.793,0.94298,0.9431,1.50,1.35
2013.09.03 09:11:50.179,0.943,0.94309,1.50,1.35
2013.09.03 09:11:50.305,0.94303,0.94312,1.13,1.35
2013.09.03 09:11:50.484,0.94302,0.94314,1.13,1.35
2013.09.03 09:11:50.784,0.943,0.94312,1.13,1.35
2013.09.03 09:11:51.515,0.943,0.9431,1.13,1.35
2013.09.03 09:11:52.917,0.94298,0.9431,2.85,1.35
2013.09.03 09:11:53.456,0.94298,0.94309,1.13,1.35
2013.09.03 09:11:53.894,0.94297,0.94308,1.50,1.35
2013.09.03 09:11:56.363,0.94298,0.94308,1.13,1.35
2013.09.03 09:11:56.603,0.94301,0.94312,1.50,1.35
2013.09.03 09:11:56.663,0.94298,0.94312,1.50,1.35
2013.09.03 09:11:57.023,0.94298,0.94308,1.13,1.35
2013.09.03 09:11:58.613,0.94297,0.94307,1.35,1.35
2013.09.03 09:11:58.674,0.94297,0.94305,1.35,1.35
2013.09.03 09:11:59.867,0.94293,0.94305,3.98,1.35
2013.09.03 09:11:59.986,0.94293,0.94305,1.88,1.35
2013.09.03 09:12:00.105,0.94293,0.94303,1.13,1.35
2013.09.03 09:12:00.406,0.94294,0.94303,1.50,1.35
2013.09.03 09:12:00.953,0.94287,0.94302,1.65,3.53
2013.09.03 09:12:01.134,0.94288,0.94299,1.13,1.35
2013.09.03 09:12:01.254,0.94288,0.94301,1.80,1.35
2013.09.03 09:12:02.116,0.94288,0.94301,1.88,1.35
2013.09.03 09:12:05.335,0.94286,0.94299,1.73,2.78
2013.09.03 09:12:07.744,0.94286,0.94297,1.73,1.35
2013.09.03 09:12:09.063,0.94286,0.94296,1.35,1.35
2013.09.03 09:12:10.014,0.94286,0.94296,1.73,1.35
2013.09.03 09:12:10.373,0.94288,0.94298,1.13,1.35
2013.09.03 09:12:11.205,0.94288,0.94298,1.50,1.35
2013.09.03 09:12:11.263,0.94289,0.94298,1.13,1.35
2013.09.03 09:12:11.443,0.94288,0.94301,2.18,1.43
2013.09.03 09:12:11.504,0.94289,0.94302,1.13,1.39
2013.09.03 09:12:11.806,0.94287,0.94296,1.35,1.43
2013.09.03 09:12:11.865,0.94283,0.94296,2.93,1.43
2013.09.03 09:12:11.984,0.94283,0.94294,1.50,1.43
2013.09.03 09:12:12.045,0.94282,0.94292,1.50,1.46
2013.09.03 09:12:12.403,0.94272,0.94286,1.43,1.35
2013.09.03 09:12:12.463,0.94273,0.94286,1.50,1.35
2013.09.03 09:12:12.704,0.94273,0.94284,1.13,1.35
2013.09.03 09:12:12.946,0.94278,0.94287,1.13,1.35
2013.09.03 09:12:13.005,0.94281,0.94288,1.13,1.35
2013.09.03 09:12:13.067,0.94281,0.94292,1.13,2.10
2013.09.03 09:12:13.137,0.94282,0.94293,1.13,1.35
2013.09.03 09:12:13.496,0.94284,0.94296,1.13,1.35
2013.09.03 09:12:13.733,0.94285,0.94298,1.50,1.39
2013.09.03 09:12:14.113,0.94287,0.94299,1.13,1.39
2013.09.03 09:12:14.233,0.94287,0.94298,1.13,1.46
2013.09.03 09:12:14.354,0.94286,0.94298,1.43,2.10
2013.09.03 09:12:14.714,0.94284,0.94297,1.43,2.85
2013.09.03 09:12:14.953,0.94283,0.94294,1.43,1.43
2013.09.03 09:12:15.493,0.94278,0.94291,1.43,2.10
2013.09.03 09:12:16.065,0.94276,0.9429,1.43,1.35
2013.09.03 09:12:18.336,0.94276,0.9429,1.43,1.35
2013.09.03 09:12:18.395,0.94281,0.9429,1.13,1.35
2013.09.03 09:12:18.465,0.94281,0.94294,1.43,1.35
2013.09.03 09:12:18.584,0.94282,0.94295,1.43,2.18
2013.09.03 09:12:18.775,0.94277,0.9429,1.43,1.43
2013.09.03 09:12:19.274,0.94276,0.94289,1.35,2.25
2013.09.03 09:12:19.666,0.94272,0.94285,1.35,1.43
2013.09.03 09:12:20.425,0.9427,0.94283,2.10,2.03
2013.09.03 09:12:20.783,0.94265,0.9428,3.15,1.43
2013.09.03 09:12:20.844,0.94265,0.94279,1.35,1.35
2013.09.03 09:12:21.343,0.94267,0.9428,1.80,2.10
2013.09.03 09:12:21.886,0.94268,0.94281,1.43,1.43
2013.09.03 09:12:22.364,0.94266,0.94278,1.35,2.10
2013.09.03 09:12:22.723,0.94261,0.94272,2.78,1.50
2013.09.03 09:12:22.845,0.94259,0.94273,1.73,2.18
2013.09.03 09:12:22.904,0.94263,0.94275,1.80,1.43
2013.09.03 09:12:23.205,0.9427,0.94282,1.35,1.50
2013.09.03 09:12:23.564,0.94266,0.94278,1.43,1.43
2013.09.03 09:12:23.923,0.94259,0.94272,1.35,1.50
2013.09.03 09:12:24.463,0.94258,0.94272,1.35,2.85
2013.09.03 09:12:24.523,0.94259,0.94272,1.05,2.10
2013.09.03 09:12:24.644,0.94259,0.94272,1.73,2.10
2013.09.03 09:12:24.704,0.94259,0.94272,1.73,1.43
2013.09.03 09:12:24.825,0.9426,0.94272,1.43,1.50
2013.09.03 09:12:25.373,0.94258,0.94271,1.35,1.43
2013.09.03 09:12:25.613,0.94254,0.94269,2.18,1.35
2013.09.03 09:12:26.136,0.94254,0.94269,2.18,1.35
2013.09.03 09:12:26.613,0.94256,0.94271,1.35,2.10
2013.09.03 09:12:26.975,0.94256,0.94271,2.10,2.10
2013.09.03 09:12:27.334,0.94257,0.94271,2.55,2.10
2013.09.03 09:12:28.011,0.94258,0.94272,2.10,2.93
2013.09.03 09:12:28.393,0.94258,0.94272,4.20,1.50
2013.09.03 09:12:28.694,0.94264,0.94277,1.35,4.43
2013.09.03 09:12:28.874,0.94266,0.94278,1.73,1.50
2013.09.03 09:12:28.996,0.94266,0.94277,1.73,1.50
2013.09.03 09:12:29.173,0.94265,0.94278,1.80,1.35
2013.09.03 09:12:29.234,0.94264,0.94275,2.25,1.43
2013.09.03 09:12:29.654,0.94264,0.94277,1.43,1.35
2013.09.03 09:12:30.210,0.94263,0.94275,1.43,1.43
2013.09.03 09:12:30.554,0.94262,0.94275,1.35,2.10
2013.09.03 09:12:30.734,0.9426,0.94273,1.43,2.18
2013.09.03 09:12:30.853,0.94257,0.94272,3.23,2.10
2013.09.03 09:12:31.206,0.94259,0.94272,1.13,1.35
2013.09.03 09:12:31.514,0.94264,0.94274,1.05,1.35
2013.09.03 09:12:31.636,0.94267,0.9428,1.35,1.50
2013.09.03 09:12:32.706,0.94268,0.94282,1.05,2.18
2013.09.03 09:12:32.825,0.94268,0.94282,1.73,2.18
2013.09.03 09:12:33.933,0.94268,0.9428,1.13,2.10
2013.09.03 09:12:34.174,0.94268,0.94281,2.10,1.43
2013.09.03 09:12:37.645,0.94269,0.94284,2.48,2.10
2013.09.03 09:12:37.704,0.94271,0.94284,1.05,1.43
2013.09.03 09:12:37.763,0.94271,0.94284,1.73,1.43
2013.09.03 09:12:37.883,0.94274,0.94287,1.73,2.18
2013.09.03 09:12:38.244,0.94276,0.94287,1.13,1.43
2013.09.03 09:12:38.423,0.94278,0.94289,1.43,1.43
2013.09.03 09:12:39.826,0.94278,0.94289,1.43,1.43
2013.09.03 09:12:40.124,0.94278,0.94288,2.10,1.50
2013.09.03 09:12:40.482,0.94282,0.94294,1.80,1.43
2013.09.03 09:12:40.554,0.94283,0.94297,1.35,2.10
2013.09.03 09:12:40.975,0.94285,0.94298,1.35,1.43
2013.09.03 09:12:41.035,0.94284,0.94299,1.35,2.10
2013.09.03 09:12:41.164,0.94283,0.94299,3.53,2.10
2013.09.03 09:12:41.524,0.94288,0.94302,1.35,3.30
2013.09.03 09:12:41.953,0.94284,0.94298,2.10,1.35
2013.09.03 09:12:42.734,0.94285,0.94297,1.80,1.43
2013.09.03 09:12:42.914,0.94288,0.94299,1.13,1.43
2013.09.03 09:12:44.884,0.94288,0.94299,1.05,1.50
2013.09.03 09:12:45.123,0.94283,0.94293,1.43,1.50
2013.09.03 09:12:45.363,0.94279,0.94292,1.43,2.10
2013.09.03 09:12:45.784,0.94282,0.94294,1.43,1.35
2013.09.03 09:12:46.146,0.94287,0.94299,1.35,2.25
2013.09.03 09:12:46.597,0.94288,0.94297,1.43,1.50
2013.09.03 09:12:46.773,0.94283,0.94296,1.35,1.43
2013.09.03 09:12:46.834,0.94281,0.94295,1.35,1.43
2013.09.03 09:12:46.954,0.94281,0.94294,1.35,1.50
2013.09.03 09:12:47.174,0.94282,0.94295,1.05,1.43
2013.09.03 09:12:47.295,0.94282,0.94295,1.80,1.43
2013.09.03 09:12:47.535,0.94284,0.94298,1.43,2.10
2013.09.03 09:12:48.093,0.94286,0.94298,1.43,1.43
2013.09.03 09:12:48.765,0.94286,0.94298,1.43,2.18
2013.09.03 09:12:48.944,0.94285,0.94297,1.35,1.13
2013.09.03 09:12:49.183,0.94279,0.94286,1.13,1.43
2013.09.03 09:12:49.364,0.94279,0.9429,1.43,1.43
2013.09.03 09:12:49.424,0.94279,0.94293,2.10,1.35
2013.09.03 09:12:49.604,0.94282,0.94295,1.80,1.35
2013.09.03 09:12:50.024,0.94283,0.94297,1.35,2.85
2013.09.03 09:12:50.775,0.94284,0.94297,2.48,1.43
2013.09.03 09:12:51.194,0.94285,0.94294,1.35,1.43
2013.09.03 09:12:51.534,0.94282,0.94292,2.10,2.10
2013.09.03 09:12:51.612,0.94275,0.94285,1.43,1.13
2013.09.03 09:12:51.677,0.94276,0.94285,1.35,1.13
2013.09.03 09:12:51.984,0.94271,0.94277,1.43,1.28
2013.09.03 09:12:52.104,0.94263,0.94272,2.10,1.35
2013.09.03 09:12:52.164,0.94263,0.94271,1.43,1.35
2013.09.03 09:12:52.404,0.94258,0.94269,1.05,1.43
2013.09.03 09:12:52.524,0.94256,0.94268,1.05,1.43
2013.09.03 09:12:52.944,0.94252,0.94266,1.35,1.35
2013.09.03 09:12:53.123,0.9425,0.94264,1.73,1.35
2013.09.03 09:12:53.368,0.94249,0.94263,1.80,1.35
2013.09.03 09:12:54.696,0.9425,0.94264,1.50,2.10
2013.09.03 09:12:54.996,0.94248,0.94262,1.35,2.70
2013.09.03 09:12:55.115,0.94243,0.94259,3.53,1.35
2013.09.03 09:12:55.175,0.94243,0.94257,2.48,1.35
2013.09.03 09:12:55.425,0.94244,0.94259,2.70,2.10
2013.09.03 09:12:55.783,0.94248,0.94259,1.35,1.50
2013.09.03 09:12:55.966,0.94246,0.94259,1.35,2.78
2013.09.03 09:12:56.084,0.94244,0.94258,1.35,1.43
2013.09.03 09:12:57.503,0.94244,0.94257,1.35,1.43
2013.09.03 09:12:57.624,0.94238,0.94252,3.98,1.35
2013.09.03 09:12:57.743,0.94239,0.94254,1.73,1.43
2013.09.03 09:12:57.803,0.94241,0.94254,1.35,1.43
2013.09.03 09:12:58.103,0.94245,0.94255,1.43,1.43
2013.09.03 09:12:58.793,0.94244,0.94257,2.03,2.18
2013.09.03 09:12:59.344,0.94244,0.94257,1.35,2.18
2013.09.03 09:13:00.083,0.94245,0.94257,1.35,1.50
2013.09.03 09:13:00.394,0.94245,0.94257,1.35,1.50
2013.09.03 09:13:00.453,0.94243,0.94257,2.10,2.18
2013.09.03 09:13:00.875,0.94243,0.94257,2.10,2.18
2013.09.03 09:13:01.054,0.94243,0.94257,2.03,2.18
2013.09.03 09:13:01.174,0.94245,0.94257,1.95,1.50
2013.09.03 09:13:01.474,0.94244,0.94257,1.28,2.85
2013.09.03 09:13:01.774,0.94244,0.94257,1.28,1.50
2013.09.03 09:13:02.104,0.94244,0.94256,1.43,1.43
2013.09.03 09:13:02.285,0.94243,0.94257,1.43,2.85
2013.09.03 09:13:02.533,0.94243,0.94256,1.05,2.03
2013.09.03 09:13:02.774,0.94242,0.94254,1.13,1.35
2013.09.03 09:13:03.293,0.94244,0.94256,1.80,1.35
2013.09.03 09:13:03.414,0.94245,0.94257,1.05,1.43
2013.09.03 09:13:03.723,0.94245,0.9426,2.48,2.10
2013.09.03 09:13:03.844,0.94245,0.94257,1.80,1.43
2013.09.03 09:13:05.544,0.94245,0.94259,1.43,1.35
2013.09.03 09:13:06.085,0.94244,0.94258,1.43,1.35
2013.09.03 09:13:07.253,0.94243,0.94257,2.10,2.70
2013.09.03 09:13:07.554,0.94241,0.94255,1.35,2.10
2013.09.03 09:13:07.855,0.94243,0.94257,1.35,2.85
2013.09.03 09:13:08.166,0.94243,0.94255,1.35,1.50
2013.09.03 09:13:08.493,0.94245,0.94257,1.35,2.85
2013.09.03 09:13:08.613,0.94243,0.94257,1.35,2.85
2013.09.03 09:13:08.673,0.94244,0.94257,1.05,2.10
2013.09.03 09:13:08.794,0.94244,0.94259,1.05,1.35
2013.09.03 09:13:08.913,0.94245,0.94258,1.35,1.43
2013.09.03 09:13:09.224,0.94243,0.94255,1.13,1.35
2013.09.03 09:13:09.343,0.94243,0.94257,2.48,2.70
2013.09.03 09:13:09.884,0.94243,0.94257,1.43,2.70
2013.09.03 09:13:10.543,0.94241,0.94255,1.35,1.35
2013.09.03 09:13:10.664,0.9424,0.94254,1.05,1.35
2013.09.03 09:13:10.723,0.94241,0.94255,1.35,1.35
2013.09.03 09:13:11.094,0.94244,0.94257,1.35,1.43
2013.09.03 09:13:11.453,0.94246,0.94259,1.35,1.43
2013.09.03 09:13:12.433,0.94246,0.9426,1.35,2.85
2013.09.03 09:13:12.613,0.94248,0.9426,2.10,1.50
2013.09.03 09:13:12.973,0.94251,0.94262,1.35,1.50
2013.09.03 09:13:13.393,0.94255,0.94262,1.28,1.50
2013.09.03 09:13:13.554,0.94255,0.94267,1.28,2.78
2013.09.03 09:13:13.843,0.94258,0.94268,1.35,1.50
2013.09.03 09:13:16.494,0.94257,0.9427,1.43,2.78
2013.09.03 09:13:17.904,0.94256,0.94266,1.35,1.50
2013.09.03 09:13:18.084,0.94251,0.94262,1.13,1.43
2013.09.03 09:13:18.144,0.94251,0.94262,1.05,1.43
2013.09.03 09:13:18.504,0.94258,0.94267,1.28,1.13
2013.09.03 09:13:18.805,0.9426,0.94267,1.35,1.13
2013.09.03 09:13:19.334,0.94258,0.94268,2.63,1.50
2013.09.03 09:13:20.203,0.94257,0.94268,1.28,1.50
2013.09.03 09:13:21.034,0.94258,0.94268,1.95,1.50
2013.09.03 09:13:21.574,0.94258,0.9427,1.95,1.50
2013.09.03 09:13:21.696,0.94258,0.9427,1.95,2.10
2013.09.03 09:13:22.254,0.94258,0.9427,1.28,2.18
2013.09.03 09:13:23.525,0.9426,0.94271,1.05,1.43
2013.09.03 09:13:23.646,0.9426,0.94272,1.05,1.43
2013.09.03 09:13:23.705,0.94261,0.94273,1.35,1.50
2013.09.03 09:13:24.004,0.9426,0.94272,1.05,1.43
2013.09.03 09:13:24.124,0.94261,0.94273,1.05,1.43
2013.09.03 09:13:24.244,0.94259,0.94274,1.73,1.35
2013.09.03 09:13:24.664,0.94263,0.94275,1.35,1.35
2013.09.03 09:13:25.024,0.94263,0.94277,1.35,2.18
2013.09.03 09:13:25.874,0.9426,0.94273,1.43,1.35
2013.09.03 09:13:26.425,0.94259,0.94273,2.10,1.35
2013.09.03 09:13:27.275,0.9426,0.94274,1.35,1.43
2013.09.03 09:13:27.663,0.94259,0.94274,1.35,1.43
2013.09.03 09:13:27.967,0.94262,0.94276,1.35,1.43
2013.09.03 09:13:28.324,0.94264,0.94278,1.35,2.70
2013.09.03 09:13:28.684,0.94268,0.94279,2.85,2.25
2013.09.03 09:13:28.743,0.94268,0.94279,1.43,2.25
2013.09.03 09:13:30.313,0.94265,0.94278,1.50,1.35
2013.09.03 09:13:30.663,0.94263,0.94277,2.48,1.43
2013.09.03 09:13:30.723,0.94262,0.94276,2.85,1.35
2013.09.03 09:13:31.024,0.94258,0.94266,1.13,1.35
2013.09.03 09:13:31.083,0.94258,0.94266,1.13,1.35
2013.09.03 09:13:31.205,0.94258,0.94268,1.13,1.35
2013.09.03 09:13:31.323,0.94258,0.94267,1.13,1.35
2013.09.03 09:13:31.563,0.94258,0.94268,1.50,1.35
2013.09.03 09:13:31.864,0.94254,0.94268,2.10,1.35
2013.09.03 09:13:32.103,0.94253,0.94266,1.80,1.35
2013.09.03 09:13:32.796,0.94253,0.94265,1.13,1.35
2013.09.03 09:13:34.894,0.94253,0.94267,2.55,1.35
2013.09.03 09:13:35.195,0.94259,0.94272,1.35,1.43
2013.09.03 09:13:35.256,0.94259,0.94273,2.03,1.43
2013.09.03 09:13:35.373,0.94259,0.94274,3.45,1.43
2013.09.03 09:13:35.493,0.9426,0.94273,1.35,1.43
2013.09.03 09:13:36.304,0.9426,0.94274,1.35,1.43
2013.09.03 09:13:36.790,0.9426,0.94274,1.35,1.43
2013.09.03 09:13:38.603,0.94259,0.94272,2.54,1.43
2013.09.03 09:13:39.613,0.9426,0.9427,2.10,1.13
2013.09.03 09:13:39.913,0.94261,0.9427,1.35,1.88
2013.09.03 09:13:40.214,0.94257,0.94264,1.43,1.13
2013.09.03 09:13:40.334,0.94254,0.94267,1.35,2.85
2013.09.03 09:13:40.395,0.94253,0.94264,1.05,1.05
2013.09.03 09:13:40.514,0.94249,0.94263,1.35,1.73
2013.09.03 09:13:40.574,0.94249,0.94262,1.35,1.43
2013.09.03 09:13:40.754,0.94247,0.94259,1.79,1.13
2013.09.03 09:13:41.057,0.94243,0.94255,1.11,1.43
2013.09.03 09:13:41.233,0.94242,0.94255,1.35,1.43
2013.09.03 09:13:41.294,0.94242,0.94252,1.35,1.13
2013.09.03 09:13:41.414,0.9424,0.94251,1.35,1.13
2013.09.03 09:13:41.533,0.94238,0.94252,3.53,1.43
2013.09.03 09:13:41.593,0.9424,0.94254,1.35,1.43
2013.09.03 09:13:41.714,0.94242,0.94256,1.35,2.48
2013.09.03 09:13:42.133,0.94243,0.94256,1.80,2.10
2013.09.03 09:13:42.434,0.94246,0.94258,1.43,1.43
2013.09.03 09:13:42.976,0.94246,0.94259,2.10,1.43
2013.09.03 09:13:45.125,0.94247,0.94259,1.43,1.43
2013.09.03 09:13:45.604,0.94245,0.94258,1.43,2.10
2013.09.03 09:13:46.113,0.94246,0.94258,1.13,2.10
2013.09.03 09:13:46.353,0.94251,0.94261,1.43,1.43
2013.09.03 09:13:46.414,0.94251,0.94263,1.43,1.43
2013.09.03 09:13:46.653,0.94253,0.94265,1.43,1.50
2013.09.03 09:13:47.074,0.94251,0.94264,1.35,1.43
2013.09.03 09:13:47.134,0.94248,0.94262,2.70,2.85
2013.09.03 09:13:47.194,0.94249,0.94262,1.43,2.85
2013.09.03 09:13:47.554,0.94255,0.94271,2.10,4.88
2013.09.03 09:13:47.614,0.94255,0.94271,2.10,3.83
2013.09.03 09:13:47.793,0.94255,0.94269,1.35,1.43
2013.09.03 09:13:47.854,0.94255,0.94269,1.35,1.43
2013.09.03 09:13:49.245,0.94255,0.94269,2.10,2.55
2013.09.03 09:13:49.604,0.94263,0.94272,1.35,1.50
2013.09.03 09:13:49.843,0.94263,0.94276,1.35,2.40
2013.09.03 09:13:50.024,0.94263,0.94275,1.35,1.50
2013.09.03 09:13:50.083,0.94263,0.94275,1.35,1.35
2013.09.03 09:13:50.143,0.94263,0.94274,1.35,1.35
2013.09.03 09:13:50.444,0.94259,0.94273,1.35,1.43
2013.09.03 09:13:50.565,0.94261,0.94272,1.35,1.50
2013.09.03 09:13:51.674,0.9426,0.94272,1.35,1.50
2013.09.03 09:13:51.985,0.94259,0.94272,2.10,2.18
2013.09.03 09:13:52.165,0.94257,0.9427,1.35,1.43
2013.09.03 09:13:55.583,0.94259,0.94272,1.35,2.18
2013.09.03 09:13:56.134,0.94262,0.94272,1.35,1.50
2013.09.03 09:13:56.254,0.94262,0.94276,2.40,1.43
2013.09.03 09:13:56.434,0.94264,0.94277,1.35,1.13
2013.09.03 09:13:56.614,0.94257,0.94271,1.43,2.40
2013.09.03 09:13:56.735,0.94257,0.9427,1.35,1.05
2013.09.03 09:13:56.914,0.94258,0.9427,1.43,1.80
2013.09.03 09:13:57.554,0.94255,0.94268,1.35,1.50
2013.09.03 09:13:58.083,0.94254,0.94267,1.43,1.43
2013.09.03 09:13:58.383,0.94253,0.94267,1.35,1.80
2013.09.03 09:13:58.685,0.9425,0.94262,2.10,1.50
2013.09.03 09:13:58.745,0.94248,0.94261,2.85,1.43
2013.09.03 09:13:58.805,0.94247,0.9426,1.35,1.43
2013.09.03 09:14:00.874,0.94248,0.9426,2.10,2.18
2013.09.03 09:14:01.426,0.9425,0.9426,1.43,1.50
2013.09.03 09:14:02.504,0.9425,0.94262,1.43,2.18
2013.09.03 09:14:02.623,0.9425,0.94262,1.43,1.43
2013.09.03 09:14:02.744,0.94249,0.94258,1.35,1.13
2013.09.03 09:14:02.924,0.94247,0.94259,1.35,1.50
2013.09.03 09:14:03.276,0.94249,0.94259,1.43,1.13
2013.09.03 09:14:03.334,0.94251,0.94257,1.43,1.50
2013.09.03 09:14:03.575,0.94249,0.94259,1.43,1.13
2013.09.03 09:14:03.813,0.94246,0.94258,1.05,1.13
2013.09.03 09:14:04.268,0.94245,0.94258,1.73,1.13
2013.09.03 09:14:04.514,0.94245,0.94258,1.73,1.88
2013.09.03 09:14:04.635,0.94248,0.94258,1.43,1.88
2013.09.03 09:14:07.053,0.94249,0.94262,1.43,2.55
2013.09.03 09:14:07.113,0.94249,0.94262,1.43,1.80
2013.09.03 09:14:07.354,0.94252,0.94264,1.35,1.13
2013.09.03 09:14:10.006,0.94253,0.94266,1.43,1.43
2013.09.03 09:14:10.125,0.94253,0.94266,1.43,1.43
2013.09.03 09:14:10.434,0.94253,0.94266,1.43,1.35
2013.09.03 09:14:10.674,0.94253,0.94267,2.03,2.18
2013.09.03 09:14:10.793,0.94258,0.94271,1.43,1.35
2013.09.03 09:14:11.034,0.9426,0.94272,1.35,1.43
2013.09.03 09:14:11.575,0.94261,0.94274,1.35,2.18
2013.09.03 09:14:11.754,0.94259,0.94273,1.35,1.43
2013.09.03 09:14:13.165,0.9426,0.94272,1.43,1.13
2013.09.03 09:14:14.074,0.94259,0.94272,1.43,2.48
2013.09.03 09:14:14.652,0.94259,0.94271,1.43,1.43
2013.09.03 09:14:14.833,0.94258,0.94271,2.10,1.80
2013.09.03 09:14:15.373,0.94258,0.94269,1.50,1.05
2013.09.03 09:14:15.877,0.94255,0.94269,1.43,2.10
2013.09.03 09:14:17.403,0.94256,0.94268,1.50,1.73
2013.09.03 09:14:17.943,0.94256,0.94267,1.50,1.35
2013.09.03 09:14:18.393,0.94258,0.94269,1.50,2.10
2013.09.03 09:14:18.913,0.94254,0.94266,1.35,1.35
2013.09.03 09:14:19.093,0.94255,0.94268,1.50,1.35
2013.09.03 09:14:20.104,0.94256,0.94268,2.03,1.43
2013.09.03 09:14:21.367,0.94256,0.94268,2.18,2.18
2013.09.03 09:14:21.553,0.94253,0.94266,1.43,1.73
2013.09.03 09:14:21.733,0.9425,0.94263,1.43,1.35
2013.09.03 09:14:21.913,0.94253,0.94265,1.43,1.43
2013.09.03 09:14:23.225,0.94253,0.94265,1.43,2.85
2013.09.03 09:14:23.741,0.94251,0.94264,1.43,2.10
2013.09.03 09:14:24.673,0.94252,0.94265,1.43,2.18
2013.09.03 09:14:28.243,0.94252,0.94265,2.10,1.43
2013.09.03 09:14:28.304,0.94253,0.94266,1.43,1.43
2013.09.03 09:14:28.785,0.94253,0.94265,2.10,1.50
2013.09.03 09:14:28.844,0.94253,0.94265,1.43,2.18
2013.09.03 09:14:29.784,0.9425,0.94263,2.10,1.43
2013.09.03 09:14:30.235,0.9425,0.94261,1.35,1.50
2013.09.03 09:14:30.535,0.94244,0.94257,1.05,2.93
2013.09.03 09:14:30.776,0.94243,0.94255,1.50,2.10
2013.09.03 09:14:31.453,0.94243,0.94256,2.18,1.43
2013.09.03 09:14:31.972,0.94243,0.94256,1.43,1.43
2013.09.03 09:14:33.254,0.94242,0.94255,1.35,1.50
2013.09.03 09:14:33.557,0.94241,0.94249,1.43,1.50
2013.09.03 09:14:33.684,0.94235,0.94247,1.43,1.13
2013.09.03 09:14:33.803,0.94235,0.94246,1.43,1.50
2013.09.03 09:14:34.343,0.94233,0.94242,1.50,1.35
2013.09.03 09:14:34.403,0.94233,0.94245,1.50,1.35
2013.09.03 09:14:34.548,0.94233,0.94246,2.18,1.43
2013.09.03 09:14:34.913,0.94233,0.94245,1.50,1.35
2013.09.03 09:14:35.383,0.94232,0.94245,1.43,1.35
2013.09.03 09:14:35.444,0.94231,0.94244,1.35,1.43
2013.09.03 09:14:35.745,0.9423,0.94242,1.43,1.80
2013.09.03 09:14:36.164,0.9423,0.94241,1.50,1.43
2013.09.03 09:14:36.285,0.94231,0.94242,1.13,1.35
2013.09.03 09:14:36.823,0.94231,0.94243,1.88,1.35
2013.09.03 09:14:36.944,0.94231,0.94245,2.55,1.35
2013.09.03 09:14:38.254,0.94231,0.94242,1.80,1.50
2013.09.03 09:14:38.565,0.94225,0.94234,1.43,1.43
2013.09.03 09:14:38.626,0.94221,0.94234,1.35,1.94
2013.09.03 09:14:38.684,0.94218,0.94232,2.78,1.43
2013.09.03 09:14:38.803,0.94218,0.94231,1.43,1.35
2013.09.03 09:14:39.393,0.94219,0.94232,1.35,1.43
2013.09.03 09:14:39.959,0.9422,0.94233,1.35,1.43
2013.09.03 09:14:40.354,0.9422,0.94227,1.35,1.50
2013.09.03 09:14:40.724,0.94216,0.94229,1.80,1.47
2013.09.03 09:14:41.623,0.94218,0.94231,1.43,1.35
2013.09.03 09:14:41.926,0.94221,0.94234,1.35,1.54
2013.09.03 09:14:42.103,0.94218,0.94232,2.18,3.45
2013.09.03 09:14:42.463,0.94217,0.94229,1.43,1.50
2013.09.03 09:14:42.874,0.94217,0.94226,1.43,1.50
2013.09.03 09:14:43.056,0.94213,0.94226,2.10,1.62
2013.09.03 09:14:43.234,0.94211,0.94223,1.73,1.54
2013.09.03 09:14:43.424,0.94212,0.94226,1.43,2.14
2013.09.03 09:14:43.543,0.94214,0.94226,1.13,1.35
2013.09.03 09:14:43.664,0.94215,0.94227,1.05,1.43
2013.09.03 09:14:44.195,0.94216,0.94229,1.43,2.10
2013.09.03 09:14:45.083,0.94215,0.94226,2.48,1.50
2013.09.03 09:14:45.383,0.94208,0.94222,4.35,1.43
2013.09.03 09:14:45.743,0.9421,0.94223,1.35,1.43
2013.09.03 09:14:46.053,0.94212,0.94225,1.43,1.35
2013.09.03 09:14:46.414,0.94211,0.94226,1.35,2.18
2013.09.03 09:14:46.653,0.9421,0.94223,1.35,1.43
2013.09.03 09:14:47.144,0.94211,0.94224,1.43,1.35
2013.09.03 09:14:47.693,0.94212,0.94223,1.05,1.50
2013.09.03 09:14:48.233,0.94211,0.94223,1.43,1.43
2013.09.03 09:14:48.653,0.94208,0.94222,2.10,2.48
2013.09.03 09:14:48.714,0.94208,0.94221,2.10,1.43
2013.09.03 09:14:49.074,0.94205,0.94218,1.43,1.35
2013.09.03 09:14:49.374,0.94204,0.94217,1.35,1.43
2013.09.03 09:14:50.274,0.94206,0.94218,1.80,1.35
2013.09.03 09:14:50.515,0.94207,0.94221,2.48,1.35
2013.09.03 09:14:50.574,0.9421,0.94223,1.35,1.50
2013.09.03 09:14:51.084,0.94209,0.94222,1.35,2.18
2013.09.03 09:14:52.495,0.94209,0.94222,1.35,2.18
2013.09.03 09:14:52.734,0.94205,0.94218,2.85,1.13
2013.09.03 09:14:52.974,0.94203,0.94217,2.10,1.80
2013.09.03 09:14:53.516,0.94203,0.94216,2.10,1.73
2013.09.03 09:14:54.974,0.94204,0.94218,1.43,2.10
2013.09.03 09:14:55.531,0.94206,0.94219,1.43,2.18
2013.09.03 09:14:56.633,0.94206,0.94219,1.43,1.50
2013.09.03 09:14:56.935,0.94211,0.94219,1.43,1.50
2013.09.03 09:14:57.055,0.94211,0.94223,1.43,1.35
2013.09.03 09:14:58.625,0.94211,0.94224,1.43,1.05
2013.09.03 09:14:59.555,0.94213,0.94224,1.50,1.43
2013.09.03 09:14:59.914,0.9422,0.94232,1.43,1.43
2013.09.03 09:14:59.974,0.94221,0.94234,1.43,1.35
2013.09.03 09:15:00.094,0.94221,0.94233,1.43,2.93
2013.09.03 09:15:00.377,0.94213,0.94224,2.25,1.05
2013.09.03 09:15:00.566,0.94208,0.9422,1.43,1.05
2013.09.03 09:15:00.925,0.94203,0.94216,2.18,1.43
2013.09.03 09:15:00.984,0.94202,0.94216,1.35,2.70
2013.09.03 09:15:01.104,0.94201,0.94215,1.35,1.35
2013.09.03 09:15:01.405,0.94203,0.94217,1.35,2.10
2013.09.03 09:15:01.764,0.94206,0.94219,1.35,1.43
2013.09.03 09:15:02.143,0.94205,0.94216,1.43,1.35
2013.09.03 09:15:02.624,0.94204,0.94218,2.10,2.18
2013.09.03 09:15:03.584,0.94206,0.94219,1.35,1.43
2013.09.03 09:15:04.356,0.94206,0.94219,1.35,2.18
2013.09.03 09:15:04.594,0.94204,0.94217,1.35,1.88
2013.09.03 09:15:04.714,0.94202,0.94215,1.35,1.05
2013.09.03 09:15:04.953,0.94201,0.94215,1.73,1.05
2013.09.03 09:15:05.473,0.94201,0.94215,1.35,1.05
2013.09.03 09:15:05.874,0.94201,0.94215,1.35,1.05
2013.09.03 09:15:06.126,0.94201,0.94215,1.35,1.80
2013.09.03 09:15:06.694,0.94202,0.94215,1.05,1.43
2013.09.03 09:15:06.814,0.94205,0.94216,1.05,1.50
2013.09.03 09:15:06.934,0.94206,0.94218,1.35,1.35
2013.09.03 09:15:07.056,0.94208,0.94219,1.35,1.35
2013.09.03 09:15:07.417,0.94207,0.94217,1.35,2.25
2013.09.03 09:15:07.606,0.94204,0.94216,1.35,1.13
2013.09.03 09:15:07.904,0.942,0.94214,1.05,2.10
2013.09.03 09:15:08.085,0.94201,0.94214,1.35,1.43
2013.09.03 09:15:08.444,0.94204,0.94215,1.05,1.35
2013.09.03 09:15:09.050,0.94203,0.94216,2.48,2.03
2013.09.03 09:15:09.873,0.94203,0.94219,4.20,2.70
2013.09.03 09:15:09.933,0.94206,0.94219,1.35,2.03
2013.09.03 09:15:09.994,0.94206,0.94217,1.35,1.50
2013.09.03 09:15:10.234,0.94203,0.94216,2.48,1.43
2013.09.03 09:15:10.744,0.94202,0.94216,1.05,2.85
2013.09.03 09:15:11.273,0.94201,0.94216,2.48,2.85
2013.09.03 09:15:13.073,0.94202,0.94216,1.35,2.18
2013.09.03 09:15:13.313,0.94205,0.94217,1.35,2.55
2013.09.03 09:15:13.614,0.94211,0.94224,1.73,1.50
2013.09.03 09:15:13.673,0.94211,0.94224,1.73,1.43
2013.09.03 09:15:13.734,0.94213,0.94226,2.03,2.03
2013.09.03 09:15:14.063,0.94215,0.94226,1.35,1.35
2013.09.03 09:15:14.383,0.94215,0.94226,1.35,1.35
2013.09.03 09:15:14.804,0.94213,0.94226,1.80,1.28
2013.09.03 09:15:14.923,0.94215,0.94227,1.35,1.35
2013.09.03 09:15:15.163,0.94214,0.94227,1.05,2.03
2013.09.03 09:15:16.024,0.94214,0.94227,1.43,1.28
2013.09.03 09:15:16.266,0.94216,0.94229,1.43,1.35
2013.09.03 09:15:16.444,0.94218,0.94232,2.48,3.98
2013.09.03 09:15:16.685,0.9422,0.94232,1.35,1.13
2013.09.03 09:15:18.183,0.94219,0.94232,1.43,2.48
2013.09.03 09:15:19.145,0.94219,0.94232,2.18,1.35
2013.09.03 09:15:19.813,0.9422,0.94234,1.43,2.10
2013.09.03 09:15:20.424,0.94222,0.94235,1.43,1.35
2013.09.03 09:15:22.673,0.94222,0.94234,1.43,1.43
2013.09.03 09:15:25.184,0.94221,0.94234,1.35,2.40
2013.09.03 09:15:25.364,0.94219,0.94233,1.35,1.43
2013.09.03 09:15:25.424,0.94218,0.94231,1.43,1.35
2013.09.03 09:15:25.964,0.94218,0.94232,2.10,2.18
2013.09.03 09:15:26.483,0.94218,0.94232,2.10,2.55
2013.09.03 09:15:27.121,0.94218,0.9423,1.43,1.43
2013.09.03 09:15:28.581,0.94217,0.9423,1.35,2.18
2013.09.03 09:15:30.463,0.94218,0.9423,1.35,1.50
2013.09.03 09:15:30.763,0.9422,0.94232,1.35,1.50
2013.09.03 09:15:31.063,0.9422,0.94233,1.35,2.25
2013.09.03 09:15:31.123,0.94218,0.94233,2.10,2.93
2013.09.03 09:15:32.155,0.94218,0.94232,2.10,1.88
2013.09.03 09:15:32.965,0.94218,0.94232,2.10,1.50
2013.09.03 09:15:34.283,0.94218,0.94232,2.48,1.50
2013.09.03 09:15:34.864,0.9422,0.94232,1.73,2.25
2013.09.03 09:15:35.226,0.9422,0.94231,1.35,1.50
2013.09.03 09:15:35.348,0.9422,0.94232,1.35,2.25
2013.09.03 09:15:35.475,0.94218,0.94232,2.10,2.25
2013.09.03 09:15:35.794,0.94218,0.94232,2.10,2.25
2013.09.03 09:15:36.661,0.94218,0.94232,2.10,2.25
2013.09.03 09:15:36.963,0.94217,0.94229,2.10,1.50
2013.09.03 09:15:38.444,0.94217,0.94229,1.35,2.18
2013.09.03 09:15:39.044,0.94215,0.94227,1.43,1.50
2013.09.03 09:15:39.104,0.94215,0.94227,1.43,2.18
2013.09.03 09:15:39.283,0.94212,0.94225,1.35,1.43
2013.09.03 09:15:39.694,0.94214,0.94227,1.35,2.93
2013.09.03 09:15:40.173,0.94214,0.94227,1.35,2.18
2013.09.03 09:15:41.473,0.94213,0.94226,2.18,1.43
2013.09.03 09:15:43.697,0.94213,0.94226,1.43,2.18
2013.09.03 09:15:43.755,0.94213,0.94225,1.43,1.13
2013.09.03 09:15:44.113,0.94205,0.94217,1.35,1.50
2013.09.03 09:15:44.233,0.94203,0.94216,1.43,2.18
2013.09.03 09:15:44.353,0.94202,0.94214,1.43,1.43
2013.09.03 09:15:45.073,0.94199,0.94213,1.35,2.10
2013.09.03 09:15:45.254,0.94199,0.94212,1.35,2.10
2013.09.03 09:15:45.433,0.94198,0.94209,1.35,2.10
2013.09.03 09:15:45.983,0.94198,0.94212,2.70,2.18
2013.09.03 09:15:47.035,0.94198,0.94209,1.35,2.10
2013.09.03 09:15:47.214,0.94194,0.94209,1.35,2.10
2013.09.03 09:15:47.333,0.94193,0.94207,2.10,1.35
2013.09.03 09:15:47.633,0.94194,0.94209,1.35,2.10
2013.09.03 09:15:47.753,0.94195,0.94209,1.43,2.10
2013.09.03 09:15:48.420,0.94195,0.94208,1.43,1.43
2013.09.03 09:15:50.115,0.94195,0.94209,1.43,2.85
2013.09.03 09:15:50.866,0.94198,0.94209,1.43,1.50
2013.09.03 09:15:56.024,0.94198,0.94209,1.43,1.50
2013.09.03 09:15:58.245,0.94198,0.94211,1.43,1.43
2013.09.03 09:15:59.504,0.94198,0.94207,1.35,2.25
2013.09.03 09:15:59.684,0.94195,0.94208,2.10,1.50
2013.09.03 09:15:59.743,0.94196,0.94209,1.43,1.43
2013.09.03 09:16:00.105,0.94195,0.94207,1.35,2.18
2013.09.03 09:16:00.644,0.94195,0.94207,1.35,2.25
2013.09.03 09:16:01.824,0.94193,0.94206,1.43,1.43
2013.09.03 09:16:02.185,0.9419,0.94202,1.35,1.50
2013.09.03 09:16:02.244,0.9419,0.94202,1.35,1.50
2013.09.03 09:16:02.304,0.94188,0.94202,2.85,2.18
2013.09.03 09:16:02.885,0.94187,0.942,1.43,2.18
2013.09.03 09:16:04.555,0.94185,0.94199,1.50,1.43
2013.09.03 09:16:04.794,0.94183,0.94195,1.43,1.50
2013.09.03 09:16:04.856,0.94183,0.94195,1.43,1.50
2013.09.03 09:16:04.976,0.94183,0.94195,1.43,1.50
2013.09.03 09:16:05.104,0.94182,0.94196,2.18,1.43
2013.09.03 09:16:05.164,0.94182,0.94197,1.88,1.35
2013.09.03 09:16:05.344,0.94185,0.94199,2.18,1.43
2013.09.03 09:16:05.463,0.94184,0.94198,1.43,1.43
2013.09.03 09:16:05.944,0.94183,0.94197,1.35,1.43
2013.09.03 09:16:06.004,0.94183,0.94197,1.35,2.18
2013.09.03 09:16:06.854,0.94182,0.94195,1.43,1.50
2013.09.03 09:16:07.034,0.94185,0.94197,1.13,1.43
2013.09.03 09:16:09.614,0.94184,0.94197,1.13,1.43
2013.09.03 09:16:10.154,0.94182,0.94198,2.55,2.10
2013.09.03 09:16:10.693,0.94186,0.942,1.43,1.50
2013.09.03 09:16:16.283,0.94188,0.94201,1.43,2.70
2013.09.03 09:16:16.343,0.94188,0.94201,1.43,2.03
2013.09.03 09:16:17.043,0.94188,0.94201,1.43,2.78
2013.09.03 09:16:19.934,0.94189,0.94201,1.13,1.43
2013.09.03 09:16:20.054,0.94192,0.94204,1.43,1.80
2013.09.03 09:16:20.114,0.94192,0.94204,1.43,2.18
2013.09.03 09:16:20.413,0.94189,0.94202,1.35,1.73
2013.09.03 09:16:20.473,0.94188,0.94202,1.43,2.48
2013.09.03 09:16:20.654,0.94189,0.94202,1.35,2.55
2013.09.03 09:16:22.684,0.9419,0.94202,1.43,1.43
2013.09.03 09:16:22.804,0.94192,0.94205,1.43,1.28
2013.09.03 09:16:23.343,0.94192,0.94205,1.43,1.65
2013.09.03 09:16:24.803,0.9419,0.94204,1.43,2.10
2013.09.03 09:16:25.424,0.94192,0.94204,1.43,1.43
2013.09.03 09:16:27.813,0.9419,0.94203,1.43,1.35
2013.09.03 09:16:29.084,0.94191,0.94204,1.43,2.10
2013.09.03 09:16:29.633,0.94191,0.94204,1.80,1.43
2013.09.03 09:16:29.934,0.94196,0.94206,1.13,1.35
2013.09.03 09:16:30.053,0.94197,0.94208,1.43,1.80
2013.09.03 09:16:30.630,0.94196,0.94208,1.43,1.80
2013.09.03 09:16:32.076,0.94195,0.94208,1.35,2.55
2013.09.03 09:16:32.823,0.94196,0.94208,1.43,1.43
2013.09.03 09:16:34.146,0.94198,0.94208,1.13,1.43
2013.09.03 09:16:34.205,0.94198,0.94208,1.13,1.43
2013.09.03 09:16:34.385,0.94199,0.94211,1.05,1.43
2013.09.03 09:16:34.504,0.94204,0.94214,1.05,1.35
2013.09.03 09:16:34.743,0.94204,0.94217,1.05,2.18
2013.09.03 09:16:36.583,0.94204,0.94216,1.05,1.50
2013.09.03 09:16:36.823,0.94203,0.94215,1.80,2.10
2013.09.03 09:16:36.883,0.942,0.94212,1.80,2.10
2013.09.03 09:16:37.064,0.94198,0.94212,2.18,2.85
2013.09.03 09:16:37.244,0.94194,0.94207,2.93,1.35
2013.09.03 09:16:37.304,0.94194,0.94207,2.18,2.78
2013.09.03 09:16:37.363,0.94193,0.94206,1.43,2.03
2013.09.03 09:16:37.723,0.9419,0.942,1.73,1.35
2013.09.03 09:16:38.334,0.9419,0.94202,1.73,1.35
2013.09.03 09:16:38.393,0.94192,0.94205,1.43,1.43
2013.09.03 09:16:38.633,0.94194,0.94205,1.13,1.43
2013.09.03 09:16:38.934,0.94193,0.94206,1.13,2.10
2013.09.03 09:16:39.113,0.94194,0.94208,1.05,1.35
2013.09.03 09:16:39.234,0.94195,0.9421,1.35,2.30
2013.09.03 09:16:39.584,0.94198,0.94211,1.43,1.55
2013.09.03 09:16:39.954,0.94197,0.9421,1.35,2.37
2013.09.03 09:16:42.343,0.94197,0.94207,1.35,1.50
2013.09.03 09:16:42.404,0.94194,0.94207,1.35,1.50
2013.09.03 09:16:42.774,0.94198,0.94207,1.35,1.50
2013.09.03 09:16:43.935,0.94199,0.94207,1.35,1.50
2013.09.03 09:16:44.294,0.94201,0.94208,1.35,1.50
2013.09.03 09:16:44.544,0.94201,0.94207,1.35,1.50
2013.09.03 09:16:45.455,0.94201,0.94207,1.35,1.50
2013.09.03 09:16:45.914,0.94199,0.94207,1.35,1.50
2013.09.03 09:16:46.364,0.94199,0.94207,1.35,1.88
2013.09.03 09:16:46.664,0.94197,0.94207,1.35,1.88
2013.09.03 09:16:46.904,0.94195,0.94207,1.35,1.88
2013.09.03 09:16:47.545,0.94193,0.94207,2.10,2.93
2013.09.03 09:16:47.913,0.94193,0.94205,1.35,1.13
2013.09.03 09:16:48.094,0.9419,0.94204,2.10,1.80
2013.09.03 09:16:48.277,0.94191,0.94204,1.43,1.05
2013.09.03 09:16:48.636,0.94196,0.94206,1.43,1.43
2013.09.03 09:16:48.757,0.94196,0.94208,1.43,1.43
2013.09.03 09:16:54.235,0.94197,0.9421,1.43,1.05
2013.09.03 09:16:54.786,0.94198,0.94211,2.10,1.80
2013.09.03 09:17:00.755,0.94198,0.94211,2.10,1.43
2013.09.03 09:17:04.614,0.94198,0.94212,2.10,2.55
2013.09.03 09:17:09.096,0.94199,0.94209,1.35,1.13
2013.09.03 09:17:09.154,0.94195,0.94209,1.35,1.80
2013.09.03 09:17:09.614,0.94195,0.94204,1.35,1.13
2013.09.03 09:17:09.734,0.94193,0.94204,1.43,1.13
2013.09.03 09:17:10.264,0.94192,0.94205,1.43,1.43
2013.09.03 09:17:11.564,0.94191,0.94202,1.35,1.13
2013.09.03 09:17:11.684,0.94187,0.942,1.43,1.43
2013.09.03 09:17:11.864,0.94188,0.94201,1.43,1.80
2013.09.03 09:17:12.366,0.94188,0.94201,1.43,1.43
2013.09.03 09:17:13.655,0.94188,0.94201,1.43,2.18
2013.09.03 09:17:14.382,0.94188,0.94201,1.43,2.18
2013.09.03 09:17:15.084,0.94188,0.94201,1.43,2.18
2013.09.03 09:17:15.144,0.94189,0.94201,1.35,1.50
2013.09.03 09:17:15.494,0.9419,0.94202,1.43,1.50
2013.09.03 09:17:16.434,0.9419,0.94203,1.43,2.18
2013.09.03 09:17:16.954,0.94189,0.94202,1.35,1.88
2013.09.03 09:17:17.074,0.94188,0.94199,1.43,1.43
2013.09.03 09:17:17.613,0.94185,0.94199,1.43,2.10
2013.09.03 09:17:17.974,0.94185,0.94199,2.18,2.10
2013.09.03 09:17:18.154,0.94189,0.94201,1.43,1.43
2013.09.03 09:17:19.886,0.94188,0.94202,2.10,4.58
2013.09.03 09:17:20.774,0.94189,0.94202,1.35,3.23
2013.09.03 09:17:21.394,0.94188,0.94202,2.10,4.20
2013.09.03 09:17:23.223,0.94189,0.94202,1.35,2.10
2013.09.03 09:17:23.524,0.9419,0.94202,1.43,1.35
2013.09.03 09:17:23.643,0.9419,0.94202,1.43,1.35
2013.09.03 09:17:23.703,0.9419,0.94202,1.43,1.35
2013.09.03 09:17:24.234,0.9419,0.94202,1.35,2.10
2013.09.03 09:17:24.764,0.9419,0.94202,1.35,1.35
2013.09.03 09:17:24.987,0.94199,0.94207,1.73,3.60
2013.09.03 09:17:25.045,0.94201,0.94207,1.35,2.85
2013.09.03 09:17:25.225,0.94205,0.94218,1.43,2.85
2013.09.03 09:17:25.286,0.94204,0.94217,1.35,1.80
2013.09.03 09:17:25.524,0.94203,0.94217,2.10,2.93
2013.09.03 09:17:25.944,0.94201,0.94214,1.43,1.35
2013.09.03 09:17:26.544,0.94203,0.94217,1.43,2.48
2013.09.03 09:17:30.864,0.94203,0.94216,1.43,1.05
2013.09.03 09:17:33.925,0.94203,0.94216,1.43,1.05
2013.09.03 09:17:35.536,0.94202,0.94216,2.10,1.43
2013.09.03 09:17:36.037,0.94201,0.94214,1.35,1.80
2013.09.03 09:17:36.713,0.94199,0.94213,1.35,1.80
2013.09.03 09:17:37.264,0.94201,0.94213,2.10,1.13
2013.09.03 09:17:37.805,0.94201,0.94213,1.43,1.43
2013.09.03 09:17:46.308,0.94202,0.94215,1.43,2.18
2013.09.03 09:17:46.615,0.94207,0.94218,1.43,1.43
2013.09.03 09:17:46.854,0.94208,0.94221,2.10,1.73
2013.09.03 09:17:46.914,0.94208,0.94221,2.78,1.05
2013.09.03 09:17:47.157,0.94212,0.94224,1.43,1.43
2013.09.03 09:17:47.515,0.94214,0.94226,1.43,1.43
2013.09.03 09:17:47.877,0.94224,0.94237,1.43,1.43
2013.09.03 09:17:48.054,0.94227,0.9424,2.10,1.35
2013.09.03 09:17:48.175,0.94228,0.94242,3.23,3.23
2013.09.03 09:17:48.235,0.94231,0.94242,1.35,1.13
2013.09.03 09:17:48.354,0.94232,0.94244,1.43,1.05
2013.09.03 09:17:48.476,0.94238,0.94245,1.13,1.35
2013.09.03 09:17:48.537,0.94238,0.94247,2.10,1.35
2013.09.03 09:17:48.858,0.94254,0.94261,2.93,2.78
2013.09.03 09:17:49.676,0.94259,0.94278,1.43,1.35
2013.09.03 09:17:49.734,0.94258,0.94277,1.43,2.18
2013.09.03 09:17:49.914,0.94256,0.94277,1.50,1.88
2013.09.03 09:17:50.035,0.94255,0.94275,1.50,1.13
2013.09.03 09:17:50.214,0.94253,0.94271,1.50,1.13
2013.09.03 09:17:50.334,0.9425,0.94271,1.43,1.13
2013.09.03 09:17:50.755,0.94249,0.94268,1.80,1.13
2013.09.03 09:17:50.816,0.94249,0.94267,1.43,1.13
2013.09.03 09:17:50.935,0.9425,0.94267,1.50,1.13
2013.09.03 09:17:50.998,0.94249,0.94267,1.50,1.80
2013.09.03 09:17:51.305,0.94253,0.94264,1.43,1.43
2013.09.03 09:17:51.366,0.94254,0.94267,1.35,1.50
2013.09.03 09:17:51.425,0.94255,0.94272,2.10,1.50
2013.09.03 09:17:51.485,0.94255,0.94271,2.78,1.80
2013.09.03 09:17:51.726,0.94258,0.94272,2.10,2.10
2013.09.03 09:17:52.085,0.94263,0.94277,1.43,2.10
2013.09.03 09:17:52.324,0.94262,0.94275,1.43,1.35
2013.09.03 09:17:52.685,0.94268,0.9428,1.43,2.48
2013.09.03 09:17:52.864,0.94268,0.94282,1.43,2.10
2013.09.03 09:17:52.924,0.94269,0.94282,1.35,1.43
2013.09.03 09:17:53.284,0.94268,0.9428,1.43,1.35
2013.09.03 09:17:53.738,0.94264,0.94276,1.13,1.43
2013.09.03 09:17:53.927,0.94263,0.94276,1.43,1.43
2013.09.03 09:17:54.404,0.94258,0.94272,1.43,2.48
2013.09.03 09:17:54.465,0.94258,0.9427,1.80,1.35
2013.09.03 09:17:54.666,0.9426,0.94272,1.80,2.10
2013.09.03 09:17:54.726,0.9426,0.94272,1.80,1.80
2013.09.03 09:17:55.084,0.94261,0.94272,1.35,1.50
2013.09.03 09:17:55.422,0.94256,0.94267,1.46,1.13
2013.09.03 09:17:55.489,0.94252,0.94266,1.46,1.35
2013.09.03 09:17:55.794,0.94262,0.94268,1.35,1.05
2013.09.03 09:17:56.037,0.94266,0.94274,1.73,2.18
2013.09.03 09:17:56.095,0.94266,0.94272,1.13,1.43
2013.09.03 09:17:56.156,0.94266,0.94276,1.13,1.35
2013.09.03 09:17:56.216,0.94265,0.94276,1.50,1.35
2013.09.03 09:17:56.574,0.9426,0.94267,1.73,1.35
2013.09.03 09:17:57.535,0.94263,0.94268,1.50,1.43
2013.09.03 09:17:57.715,0.94255,0.94264,1.13,1.35
2013.09.03 09:17:57.776,0.94256,0.94263,1.50,1.35
2013.09.03 09:17:57.837,0.94252,0.9426,1.50,1.35
2013.09.03 09:17:57.895,0.94252,0.9426,1.50,1.35
2013.09.03 09:17:58.075,0.94252,0.94258,1.50,1.35
2013.09.03 09:17:58.438,0.94246,0.94253,1.50,1.35
2013.09.03 09:17:58.864,0.94243,0.94251,1.35,1.35
2013.09.03 09:17:59.426,0.94247,0.94253,1.13,1.35
2013.09.03 09:17:59.555,0.9425,0.94255,1.73,1.43
2013.09.03 09:17:59.615,0.9425,0.94257,1.73,1.35
2013.09.03 09:17:59.734,0.9425,0.94259,1.73,1.35
2013.09.03 09:18:00.965,0.94253,0.94259,1.50,1.35
2013.09.03 09:18:01.085,0.94248,0.94259,2.25,1.35
2013.09.03 09:18:01.145,0.94248,0.94259,1.50,2.03
2013.09.03 09:18:01.446,0.94243,0.94252,1.50,2.03
2013.09.03 09:18:01.685,0.94236,0.94248,1.50,1.35
2013.09.03 09:18:01.807,0.94235,0.94247,1.50,1.35
2013.09.03 09:18:02.225,0.94237,0.94245,1.50,1.35
2013.09.03 09:18:02.467,0.94238,0.94248,1.50,1.35
2013.09.03 09:18:02.834,0.9424,0.9425,1.50,1.35
2013.09.03 09:18:03.156,0.94243,0.94252,1.50,1.43
2013.09.03 09:18:03.685,0.94242,0.94251,1.50,1.35
2013.09.03 09:18:03.805,0.94241,0.9425,1.50,2.03
2013.09.03 09:18:03.864,0.94241,0.94249,1.50,1.35
2013.09.03 09:18:04.224,0.94237,0.94245,1.50,1.35
2013.09.03 09:18:04.676,0.94238,0.9425,1.50,1.35
2013.09.03 09:18:04.796,0.94241,0.94252,1.50,1.35
2013.09.03 09:18:04.915,0.94243,0.94254,1.50,1.35
2013.09.03 09:18:05.154,0.94243,0.94254,1.50,1.35
2013.09.03 09:18:05.274,0.94239,0.94253,2.10,1.43
2013.09.03 09:18:05.855,0.94239,0.94252,1.73,1.43
2013.09.03 09:18:06.394,0.94239,0.94252,1.80,2.10
2013.09.03 09:18:06.635,0.94243,0.94255,1.13,1.35
2013.09.03 09:18:06.694,0.94243,0.94256,2.48,2.32
2013.09.03 09:18:06.814,0.94243,0.94256,1.43,1.49
2013.09.03 09:18:07.435,0.94242,0.94255,1.80,1.43
2013.09.03 09:18:07.614,0.94244,0.94258,1.35,2.70
2013.09.03 09:18:07.794,0.94243,0.94257,1.80,2.85
2013.09.03 09:18:07.854,0.94243,0.94257,1.80,2.85
2013.09.03 09:18:08.156,0.94246,0.94259,1.43,1.35
2013.09.03 09:18:08.457,0.94244,0.94253,1.88,1.35
2013.09.03 09:18:08.759,0.94249,0.94255,1.13,1.35
2013.09.03 09:18:09.126,0.94247,0.94259,2.85,1.35
2013.09.03 09:18:09.677,0.94249,0.94258,1.50,2.10
2013.09.03 09:18:10.626,0.9425,0.94259,1.13,1.35
2013.09.03 09:18:10.744,0.9425,0.9426,1.13,1.35
2013.09.03 09:18:10.864,0.94251,0.94261,1.50,1.35
2013.09.03 09:18:11.044,0.94254,0.94263,1.13,1.57
2013.09.03 09:18:11.514,0.94254,0.94263,2.25,1.35
2013.09.03 09:18:11.695,0.94258,0.94264,1.50,1.35
2013.09.03 09:18:11.754,0.94258,0.94267,1.50,1.35
2013.09.03 09:18:12.055,0.94263,0.94272,1.13,1.35
2013.09.03 09:18:12.354,0.94264,0.94277,2.10,2.10
2013.09.03 09:18:12.895,0.94266,0.9428,1.43,1.35
2013.09.03 09:18:13.014,0.94265,0.94278,1.43,1.35
2013.09.03 09:18:13.374,0.94267,0.94281,1.43,1.35
2013.09.03 09:18:14.306,0.94268,0.94282,2.10,2.10
2013.09.03 09:18:14.485,0.94268,0.94279,1.35,1.13
2013.09.03 09:18:14.604,0.94266,0.94279,1.35,1.80
2013.09.03 09:18:14.784,0.94265,0.94277,1.43,1.80
2013.09.03 09:18:14.904,0.94263,0.94275,1.43,1.13
2013.09.03 09:18:15.324,0.94262,0.94275,1.35,1.43
2013.09.03 09:18:15.685,0.94261,0.94275,1.43,2.10
2013.09.03 09:18:15.744,0.9426,0.94273,2.18,1.35
2013.09.03 09:18:17.204,0.94259,0.94273,2.18,2.10
2013.09.03 09:18:17.795,0.94258,0.94271,2.93,1.35
2013.09.03 09:18:18.034,0.94261,0.94271,1.50,1.35
2013.09.03 09:18:19.204,0.94261,0.94273,1.88,1.43
2013.09.03 09:18:19.504,0.94263,0.94274,1.50,1.35
2013.09.03 09:18:19.684,0.94264,0.94276,1.50,1.35
2013.09.03 09:18:20.223,0.94265,0.94277,1.50,1.35
2013.09.03 09:18:21.204,0.94265,0.94278,2.18,1.35
2013.09.03 09:18:23.354,0.94268,0.94278,1.50,2.10
2013.09.03 09:18:23.594,0.94268,0.9428,1.50,2.10
2013.09.03 09:18:23.834,0.94267,0.9428,1.50,2.10
2013.09.03 09:18:24.134,0.94277,0.94288,1.50,1.73
2013.09.03 09:18:24.314,0.94277,0.94291,2.18,1.35
2013.09.03 09:18:24.675,0.94282,0.94293,1.50,1.35
2013.09.03 09:18:25.226,0.94278,0.9429,1.50,1.35
2013.09.03 09:18:25.538,0.9428,0.94294,1.43,1.35
2013.09.03 09:18:25.607,0.9428,0.94295,1.43,1.35
2013.09.03 09:18:26.085,0.94283,0.94297,1.43,2.78
2013.09.03 09:18:26.644,0.94282,0.94296,1.43,2.10
2013.09.03 09:18:26.704,0.94282,0.94295,1.43,1.05
2013.09.03 09:18:26.944,0.94279,0.94292,1.43,1.73
2013.09.03 09:18:27.064,0.94279,0.94291,2.10,1.88
2013.09.03 09:18:27.304,0.94279,0.94292,1.43,1.73
2013.09.03 09:18:27.844,0.94281,0.94296,1.43,2.18
2013.09.03 09:18:28.024,0.94282,0.94296,1.50,1.43
2013.09.03 09:18:28.606,0.94283,0.94296,1.50,1.80
2013.09.03 09:18:28.784,0.94278,0.94291,1.43,1.80
2013.09.03 09:18:28.905,0.94278,0.94291,1.43,2.48
2013.09.03 09:18:29.084,0.94277,0.9429,1.43,1.35
2013.09.03 09:18:29.324,0.94274,0.94287,2.10,1.43
2013.09.03 09:18:29.444,0.94273,0.94287,2.55,2.10
2013.09.03 09:18:29.624,0.94273,0.94287,1.43,1.35
2013.09.03 09:18:30.164,0.94273,0.94286,1.43,1.35
2013.09.03 09:18:30.226,0.94272,0.94285,1.50,1.35
2013.09.03 09:18:31.096,0.94272,0.94284,1.50,3.45
2013.09.03 09:18:31.334,0.94268,0.94279,1.50,1.35
2013.09.03 09:18:31.877,0.94269,0.9428,1.13,2.48
2013.09.03 09:18:31.935,0.94269,0.9428,1.13,1.35
2013.09.03 09:18:32.054,0.94268,0.94281,1.13,1.35
2013.09.03 09:18:32.294,0.94266,0.94279,1.50,1.35
2013.09.03 09:18:32.610,0.94265,0.94276,1.50,1.35
2013.09.03 09:18:33.794,0.94265,0.94277,1.50,1.35
2013.09.03 09:18:35.854,0.94268,0.94275,1.50,1.05
2013.09.03 09:18:36.035,0.94263,0.94271,1.50,1.35
2013.09.03 09:18:36.154,0.94263,0.94275,1.50,1.35
2013.09.03 09:18:36.215,0.94264,0.94276,1.13,1.35
2013.09.03 09:18:36.574,0.94269,0.94282,1.43,1.43
2013.09.03 09:18:36.694,0.94271,0.94283,1.50,1.35
2013.09.03 09:18:37.054,0.94268,0.94277,1.50,1.35
2013.09.03 09:18:37.414,0.94271,0.94281,1.50,1.73
2013.09.03 09:18:37.475,0.94271,0.94281,1.50,1.05
2013.09.03 09:18:37.834,0.94272,0.94281,2.48,1.35
2013.09.03 09:18:38.014,0.94271,0.94284,2.18,1.35
2013.09.03 09:18:38.254,0.94272,0.94287,2.18,2.10
2013.09.03 09:18:38.375,0.94273,0.94286,1.43,2.48
2013.09.03 09:18:38.676,0.94271,0.94282,1.50,2.10
2013.09.03 09:18:38.984,0.94268,0.94277,1.50,1.35
2013.09.03 09:18:39.479,0.94268,0.9428,1.50,1.35
2013.09.03 09:18:39.924,0.94265,0.94278,1.88,1.35
2013.09.03 09:18:40.506,0.94266,0.94278,1.50,1.35
2013.09.03 09:18:41.468,0.94266,0.94279,2.18,1.35
2013.09.03 09:18:41.717,0.94268,0.94281,1.50,1.35
2013.09.03 09:18:41.956,0.9427,0.94283,1.43,1.35
2013.09.03 09:18:42.434,0.94272,0.94285,1.43,1.35
2013.09.03 09:18:43.834,0.94277,0.94285,1.13,1.35
2013.09.03 09:18:43.954,0.94281,0.94293,1.50,2.10
2013.09.03 09:18:44.074,0.94281,0.94295,2.18,1.35
2013.09.03 09:18:44.194,0.94284,0.94296,1.50,1.35
2013.09.03 09:18:44.717,0.94284,0.94298,2.18,1.35
2013.09.03 09:18:45.025,0.94289,0.94302,1.05,1.50
2013.09.03 09:18:45.084,0.94292,0.94306,1.43,1.35
2013.09.03 09:18:45.326,0.94289,0.94303,1.35,1.13
2013.09.03 09:18:45.686,0.94284,0.94297,1.80,3.53
2013.09.03 09:18:45.924,0.94287,0.94297,1.13,1.35
2013.09.03 09:18:46.044,0.94287,0.943,1.13,1.35
2013.09.03 09:18:46.342,0.94285,0.94299,1.35,1.43
2013.09.03 09:18:46.405,0.94283,0.94296,2.93,1.35
2013.09.03 09:18:46.464,0.94285,0.94296,1.13,1.35
2013.09.03 09:18:46.794,0.94285,0.94298,1.50,1.35
2013.09.03 09:18:46.935,0.94284,0.94297,1.13,1.43
2013.09.03 09:18:47.054,0.94283,0.94296,2.93,1.73
2013.09.03 09:18:47.357,0.94281,0.94291,1.13,1.35
2013.09.03 09:18:47.545,0.94278,0.94292,2.40,1.43
2013.09.03 09:18:47.604,0.9428,0.94295,2.78,1.43
2013.09.03 09:18:47.664,0.94281,0.94292,1.43,1.43
2013.09.03 09:18:48.204,0.94281,0.94294,1.50,1.35
2013.09.03 09:18:48.387,0.94279,0.94292,1.80,1.43
2013.09.03 09:18:48.695,0.9428,0.94293,1.43,1.43
2013.09.03 09:18:50.234,0.94279,0.94293,1.35,1.43
2013.09.03 09:18:50.355,0.94277,0.94291,1.43,1.95
2013.09.03 09:18:50.674,0.94276,0.94289,2.55,1.35
2013.09.03 09:18:51.284,0.94277,0.94291,1.43,1.95
2013.09.03 09:18:51.404,0.9428,0.94294,1.43,2.10
2013.09.03 09:18:51.524,0.94282,0.94295,1.43,2.03
2013.09.03 09:18:54.814,0.94281,0.94292,1.50,1.35
2013.09.03 09:18:55.235,0.94278,0.9429,2.25,1.73
2013.09.03 09:18:55.594,0.94277,0.94289,1.43,4.58
2013.09.03 09:18:55.954,0.94289,0.94295,1.50,1.43
2013.09.03 09:18:56.135,0.94289,0.94299,1.43,2.48
2013.09.03 09:18:56.254,0.94289,0.94297,1.43,1.13
2013.09.03 09:18:56.495,0.94283,0.94296,2.10,1.05
2013.09.03 09:18:56.676,0.94283,0.94297,2.10,2.10
2013.09.03 09:18:56.855,0.94285,0.94297,1.35,1.50
2013.09.03 09:18:57.385,0.94285,0.94297,1.35,1.50
2013.09.03 09:18:57.704,0.94286,0.94299,1.43,2.48
2013.09.03 09:18:58.069,0.9429,0.943,1.35,1.13
2013.09.03 09:18:58.374,0.94292,0.94302,1.35,1.73
2013.09.03 09:18:58.734,0.94288,0.94297,1.35,1.13
2013.09.03 09:18:59.466,0.94289,0.94299,1.35,1.88
2013.09.03 09:18:59.765,0.94289,0.94302,1.35,1.73
2013.09.03 09:18:59.884,0.9429,0.94302,1.35,1.43
2013.09.03 09:19:00.124,0.94296,0.94303,1.35,1.13
2013.09.03 09:19:00.624,0.94295,0.94303,2.10,1.13
2013.09.03 09:19:00.686,0.94295,0.94303,1.35,1.13
2013.09.03 09:19:00.744,0.94295,0.94302,1.35,1.50
2013.09.03 09:19:00.805,0.94289,0.94302,1.35,1.50
2013.09.03 09:19:00.924,0.94294,0.94302,1.35,1.50
2013.09.03 09:19:00.984,0.94294,0.94303,1.35,1.13
2013.09.03 09:19:01.164,0.94297,0.94307,1.35,1.13
2013.09.03 09:19:01.285,0.94297,0.94308,1.35,1.13
2013.09.03 09:19:01.644,0.94297,0.94307,1.35,1.13
2013.09.03 09:19:01.824,0.94295,0.94303,1.35,1.13
2013.09.03 09:19:01.884,0.94293,0.94303,2.10,1.13
2013.09.03 09:19:02.064,0.94292,0.94302,1.43,2.25
2013.09.03 09:19:02.124,0.94289,0.94302,1.35,2.25
2013.09.03 09:19:02.304,0.94291,0.94302,1.43,2.25
2013.09.03 09:19:02.605,0.94298,0.94305,2.03,2.18
2013.09.03 09:19:02.667,0.94305,0.94314,1.50,1.50
2013.09.03 09:19:02.786,0.94307,0.94319,1.35,2.25
2013.09.03 09:19:03.087,0.94305,0.94318,1.35,1.43
2013.09.03 09:19:03.636,0.94306,0.94318,1.43,1.43
2013.09.03 09:19:03.994,0.94311,0.94322,1.35,1.50
2013.09.03 09:19:04.294,0.94308,0.94322,2.10,2.18
2013.09.03 09:19:04.955,0.94308,0.94322,2.85,1.43
2013.09.03 09:19:05.496,0.94308,0.9432,1.50,1.35
2013.09.03 09:19:05.973,0.94308,0.94321,1.43,3.15
2013.09.03 09:19:06.554,0.94308,0.94321,1.43,1.35
2013.09.03 09:19:07.055,0.9431,0.94321,1.35,1.35
2013.09.03 09:19:07.294,0.94308,0.9432,1.50,1.35
2013.09.03 09:19:07.354,0.94308,0.9432,1.50,1.35
2013.09.03 09:19:07.654,0.94308,0.9432,1.50,1.35
2013.09.03 09:19:07.774,0.94307,0.94319,1.43,1.43
2013.09.03 09:19:08.134,0.94311,0.94322,1.35,1.50
2013.09.03 09:19:08.345,0.9431,0.94323,1.35,1.43
2013.09.03 09:19:08.408,0.94308,0.94322,2.18,2.10
2013.09.03 09:19:08.465,0.94308,0.94322,2.18,2.10
2013.09.03 09:19:09.004,0.9431,0.94323,1.43,1.43
2013.09.03 09:19:09.835,0.9431,0.94322,1.43,1.13
2013.09.03 09:19:10.177,0.94321,0.94327,1.05,1.43
2013.09.03 09:19:10.250,0.94324,0.94334,1.35,4.50
2013.09.03 09:19:10.376,0.94327,0.94341,2.48,1.35
2013.09.03 09:19:10.435,0.94327,0.94341,2.48,1.35
2013.09.03 09:19:10.555,0.94328,0.94342,2.70,1.43
2013.09.03 09:19:10.675,0.9433,0.94342,1.35,1.43
2013.09.03 09:19:10.796,0.94328,0.94341,1.43,1.35
2013.09.03 09:19:10.976,0.94328,0.94343,1.43,1.43
2013.09.03 09:19:11.487,0.94327,0.94339,1.35,2.03
2013.09.03 09:19:11.844,0.94318,0.94331,2.18,1.35
2013.09.03 09:19:11.905,0.94316,0.9433,2.03,2.10
2013.09.03 09:19:11.965,0.94316,0.94329,1.28,1.43
2013.09.03 09:19:12.324,0.94318,0.94332,2.10,2.10
2013.09.03 09:19:12.385,0.9432,0.94333,1.43,1.43
2013.09.03 09:19:12.564,0.94318,0.94332,2.18,1.43
2013.09.03 09:19:12.864,0.9432,0.94333,1.43,1.43
2013.09.03 09:19:13.109,0.94319,0.94333,1.35,2.10
2013.09.03 09:19:13.236,0.94319,0.9433,1.35,1.13
2013.09.03 09:19:13.534,0.94311,0.94325,3.53,1.35
2013.09.03 09:19:14.364,0.94313,0.94325,1.43,1.35
2013.09.03 09:19:14.993,0.94313,0.94326,2.18,1.35
2013.09.03 09:19:15.234,0.94316,0.94329,1.05,2.18
2013.09.03 09:19:15.594,0.94321,0.9433,1.35,1.13
2013.09.03 09:19:15.654,0.94319,0.9433,1.35,1.13
2013.09.03 09:19:16.014,0.94319,0.9433,1.35,1.13
2013.09.03 09:19:16.314,0.94315,0.94327,1.35,1.50
2013.09.03 09:19:17.125,0.94314,0.94324,1.35,1.50
2013.09.03 09:19:17.184,0.94314,0.94324,1.35,1.13
2013.09.03 09:19:17.244,0.94313,0.94324,2.70,1.80
2013.09.03 09:19:17.304,0.94313,0.94325,3.08,1.43
2013.09.03 09:19:17.604,0.94316,0.9433,2.10,1.43
2013.09.03 09:19:17.785,0.94318,0.94331,3.45,1.13
2013.09.03 09:19:18.574,0.94319,0.94329,1.35,2.10
2013.09.03 09:19:18.634,0.94318,0.94329,2.10,2.85
2013.09.03 09:19:18.874,0.94317,0.94329,1.43,3.23
2013.09.03 09:19:18.994,0.94317,0.94327,1.43,1.50
2013.09.03 09:19:19.354,0.94315,0.94327,1.35,2.10
2013.09.03 09:19:19.905,0.94314,0.94327,1.35,1.73
2013.09.03 09:19:20.144,0.94314,0.94327,1.35,1.35
2013.09.03 09:19:20.504,0.94316,0.94327,1.35,1.35
2013.09.03 09:19:20.564,0.94316,0.94327,1.35,1.35
2013.09.03 09:19:21.084,0.94315,0.94327,1.35,1.73
2013.09.03 09:19:21.146,0.94315,0.94327,1.35,1.73
2013.09.03 09:19:21.204,0.94313,0.94326,1.35,1.05
2013.09.03 09:19:21.264,0.94313,0.94326,1.35,1.05
2013.09.03 09:19:21.324,0.94313,0.94325,1.35,1.13
2013.09.03 09:19:22.021,0.94312,0.94325,1.35,1.43
2013.09.03 09:19:22.161,0.9431,0.94323,1.73,1.43
2013.09.03 09:19:22.477,0.94313,0.94325,1.35,1.50
2013.09.03 09:19:22.715,0.94314,0.94327,1.35,2.25
2013.09.03 09:19:22.834,0.94316,0.94328,1.05,2.63
2013.09.03 09:19:23.137,0.94324,0.94333,1.35,1.50
2013.09.03 09:19:23.494,0.94326,0.94338,1.35,1.13
2013.09.03 09:19:23.614,0.94324,0.94338,1.35,1.13
2013.09.03 09:19:23.824,0.94322,0.94338,1.35,1.13
2013.09.03 09:19:24.064,0.94322,0.94334,1.35,1.13
2013.09.03 09:19:24.124,0.94322,0.94335,1.35,1.50
2013.09.03 09:19:24.185,0.94321,0.94335,1.28,1.50
2013.09.03 09:19:24.245,0.94321,0.94336,1.43,1.73
2013.09.03 09:19:24.305,0.94321,0.94336,1.05,2.10
2013.09.03 09:19:24.665,0.94322,0.94337,1.43,1.05
2013.09.03 09:19:24.786,0.94321,0.94336,2.03,1.50
2013.09.03 09:19:24.915,0.94324,0.94335,1.35,1.13
2013.09.03 09:19:25.095,0.94322,0.94335,1.35,1.13
2013.09.03 09:19:25.335,0.94321,0.94332,2.10,1.35
2013.09.03 09:19:25.574,0.94318,0.94332,2.10,1.73
2013.09.03 09:19:26.114,0.94322,0.94334,1.35,1.73
2013.09.03 09:19:26.476,0.94322,0.94332,1.35,1.50
2013.09.03 09:19:26.658,0.94319,0.94332,1.35,2.10
2013.09.03 09:19:26.784,0.94318,0.94331,1.43,1.35
2013.09.03 09:19:26.844,0.94317,0.9433,1.35,1.13
2013.09.03 09:19:27.204,0.94319,0.94329,1.35,1.13
2013.09.03 09:19:27.654,0.94316,0.94327,2.10,1.13
2013.09.03 09:19:27.894,0.94314,0.94327,1.28,1.13
2013.09.03 09:19:28.921,0.94314,0.94327,1.28,1.13
2013.09.03 09:19:29.924,0.94315,0.94327,1.88,1.43
2013.09.03 09:19:30.284,0.94322,0.94337,4.05,1.80
2013.09.03 09:19:30.345,0.94325,0.94337,1.35,1.13
2013.09.03 09:19:30.406,0.94327,0.9434,1.35,1.35
2013.09.03 09:19:30.645,0.94328,0.94342,2.48,2.18
2013.09.03 09:19:30.765,0.94332,0.94344,1.43,1.80
2013.09.03 09:19:31.067,0.94335,0.94347,1.35,1.50
2013.09.03 09:19:31.126,0.94335,0.94347,1.35,1.88
2013.09.03 09:19:31.198,0.94335,0.94347,1.35,1.13
2013.09.03 09:19:32.640,0.94336,0.94349,1.43,1.05
2013.09.03 09:19:32.944,0.94341,0.94353,1.43,1.80
2013.09.03 09:19:33.064,0.94341,0.94354,1.43,1.43
2013.09.03 09:19:33.604,0.94343,0.94357,2.10,1.43
2013.09.03 09:19:33.664,0.94345,0.94358,1.35,1.43
2013.09.03 09:19:34.045,0.94343,0.94357,2.10,2.10
2013.09.03 09:19:36.274,0.94344,0.94357,1.35,2.18
2013.09.03 09:19:36.634,0.94346,0.9436,1.35,1.43
2013.09.03 09:19:36.994,0.94345,0.94357,1.35,1.13
2013.09.03 09:19:37.054,0.94344,0.94357,1.43,1.80
2013.09.03 09:19:37.234,0.94342,0.94355,1.79,1.43
2013.09.03 09:19:37.604,0.94343,0.94355,1.43,1.43
2013.09.03 09:19:39.244,0.94343,0.94355,1.43,1.43
2013.09.03 09:19:39.304,0.94346,0.94356,1.50,1.35
2013.09.03 09:19:39.424,0.94346,0.94358,1.50,1.35
2013.09.03 09:19:39.604,0.94348,0.94362,1.43,2.85
2013.09.03 09:19:40.966,0.94348,0.94362,2.18,2.10
2013.09.03 09:19:41.785,0.94348,0.94362,1.43,3.53
2013.09.03 09:19:41.844,0.94347,0.94362,2.18,4.95
2013.09.03 09:19:42.094,0.94347,0.94361,2.18,1.73
2013.09.03 09:19:42.214,0.94347,0.94359,1.43,1.35
2013.09.03 09:19:42.884,0.94344,0.94357,1.80,2.10
2013.09.03 09:19:43.244,0.94344,0.94358,1.73,1.43
2013.09.03 09:19:43.544,0.94343,0.94355,1.05,1.43
2013.09.03 09:19:44.444,0.94343,0.94355,1.43,1.43
2013.09.03 09:19:44.974,0.94341,0.94352,1.35,1.13
2013.09.03 09:19:45.666,0.94342,0.94352,1.43,1.13
2013.09.03 09:19:46.505,0.94341,0.94352,1.35,1.13
2013.09.03 09:19:46.906,0.94338,0.94352,2.85,1.80
2013.09.03 09:19:46.975,0.94336,0.94348,1.43,1.43
2013.09.03 09:19:47.404,0.94333,0.94347,2.10,1.43
2013.09.03 09:19:47.585,0.94336,0.94348,1.28,1.43
2013.09.03 09:19:47.706,0.94338,0.94352,2.78,2.10
2013.09.03 09:19:47.824,0.94339,0.94352,1.35,1.43
2013.09.03 09:19:48.304,0.94342,0.94354,1.43,2.18
2013.09.03 09:19:48.725,0.94339,0.94352,2.10,1.43
2013.09.03 09:19:48.784,0.94339,0.94352,1.43,2.10
2013.09.03 09:19:49.334,0.94339,0.94352,1.43,2.10
2013.09.03 09:19:49.454,0.94338,0.94352,1.43,2.10
2013.09.03 09:19:50.584,0.94337,0.94349,1.43,1.43
2013.09.03 09:19:52.196,0.94338,0.9435,1.50,1.35
2013.09.03 09:19:52.375,0.94338,0.94352,2.10,2.10
2013.09.03 09:19:52.824,0.94339,0.94351,1.43,1.43
2013.09.03 09:19:53.065,0.94337,0.94351,1.43,1.35
2013.09.03 09:19:53.185,0.94338,0.94352,1.35,2.85
2013.09.03 09:19:53.544,0.94342,0.94354,1.35,1.73
2013.09.03 09:19:53.664,0.94343,0.94355,1.43,2.03
2013.09.03 09:19:54.026,0.94343,0.94357,1.43,2.10
2013.09.03 09:19:54.584,0.94343,0.94357,2.10,1.43
2013.09.03 09:19:55.355,0.94343,0.94356,1.35,1.35
2013.09.03 09:19:55.535,0.9434,0.94353,1.73,1.43
2013.09.03 09:19:55.654,0.94341,0.94353,1.43,1.43
2013.09.03 09:19:55.954,0.94343,0.94356,1.50,1.35
2013.09.03 09:19:56.539,0.94343,0.94357,2.85,2.10
2013.09.03 09:19:57.415,0.94343,0.94357,2.85,1.43
2013.09.03 09:19:58.021,0.94345,0.94358,1.43,1.43
2013.09.03 09:19:58.955,0.94344,0.94358,1.35,1.43
2013.09.03 09:19:59.074,0.94343,0.94357,1.43,2.10
2013.09.03 09:19:59.175,0.94343,0.94357,2.18,2.10
2013.09.03 09:20:00.346,0.94343,0.94355,1.50,1.35
2013.09.03 09:20:01.125,0.94341,0.94355,1.43,1.35
2013.09.03 09:20:02.304,0.9434,0.94353,1.43,1.43
2013.09.03 09:20:02.425,0.94338,0.94352,2.18,1.43
2013.09.03 09:20:02.666,0.9434,0.94353,1.43,1.35
2013.09.03 09:20:02.844,0.94342,0.94356,1.43,2.10
2013.09.03 09:20:02.904,0.94341,0.94355,2.10,1.43
2013.09.03 09:20:03.025,0.94343,0.94354,1.50,1.35
2013.09.03 09:20:03.144,0.94343,0.94357,2.85,2.10
2013.09.03 09:20:03.386,0.94343,0.94356,2.10,1.80
2013.09.03 09:20:03.624,0.9434,0.94352,1.05,1.43
2013.09.03 09:20:04.155,0.94338,0.94352,2.10,2.10
2013.09.03 09:20:04.714,0.94339,0.94352,1.43,2.10
2013.09.03 09:20:05.398,0.94337,0.94349,1.43,1.43
2013.09.03 09:20:05.456,0.94336,0.94349,1.35,1.43
2013.09.03 09:20:05.984,0.94337,0.9435,1.43,1.95
2013.09.03 09:20:06.164,0.94338,0.94352,2.85,1.43
2013.09.03 09:20:06.616,0.94338,0.94352,1.35,2.48
2013.09.03 09:20:07.286,0.94335,0.94348,1.43,1.35
2013.09.03 09:20:07.836,0.94337,0.9435,1.50,1.35
2013.09.03 09:20:08.254,0.94337,0.9435,1.50,1.35
2013.09.03 09:20:08.554,0.94343,0.94354,1.13,1.35
2013.09.03 09:20:08.614,0.94344,0.94354,1.13,1.35
2013.09.03 09:20:08.735,0.94345,0.94357,1.43,1.35
2013.09.03 09:20:09.261,0.94344,0.94357,1.13,1.35
2013.09.03 09:20:09.624,0.94344,0.94355,1.13,1.35
2013.09.03 09:20:10.204,0.94344,0.94354,2.25,1.35
2013.09.03 09:20:10.384,0.94344,0.94356,1.50,1.35
2013.09.03 09:20:12.864,0.94345,0.94356,1.50,1.35
2013.09.03 09:20:14.466,0.94352,0.94358,1.35,1.35
2013.09.03 09:20:14.537,0.94353,0.94363,1.35,1.35
2013.09.03 09:20:14.714,0.94353,0.94365,1.35,1.35
2013.09.03 09:20:15.234,0.94353,0.94366,1.35,1.35
2013.09.03 09:20:15.414,0.94353,0.94366,1.35,1.35
2013.09.03 09:20:15.474,0.94353,0.94367,2.70,1.43
2013.09.03 09:20:15.594,0.94352,0.94366,1.43,1.35
2013.09.03 09:20:15.955,0.94353,0.94366,1.43,1.35
2013.09.03 09:20:16.015,0.94353,0.94367,1.43,2.10
2013.09.03 09:20:16.834,0.94353,0.94367,2.18,2.10
2013.09.03 09:20:16.954,0.94353,0.94367,1.50,4.20
2013.09.03 09:20:17.494,0.94352,0.94364,1.50,1.35
2013.09.03 09:20:18.315,0.94352,0.94363,1.50,1.35
2013.09.03 09:20:18.684,0.94348,0.94361,2.18,1.35
2013.09.03 09:20:18.984,0.94349,0.94363,2.18,1.35
2013.09.03 09:20:19.044,0.94348,0.94363,2.10,1.35
2013.09.03 09:20:19.104,0.94348,0.94361,1.43,1.35
2013.09.03 09:20:19.404,0.94348,0.94359,1.50,1.35
2013.09.03 09:20:19.985,0.94346,0.94359,2.18,1.35
2013.09.03 09:20:22.856,0.94347,0.9436,2.18,1.35
2013.09.03 09:20:23.394,0.94345,0.94359,1.43,1.35
2013.09.03 09:20:23.696,0.94349,0.94362,1.35,1.50
2013.09.03 09:20:23.754,0.94349,0.94363,1.35,1.35
2013.09.03 09:20:24.076,0.94351,0.94363,1.35,1.35
2013.09.03 09:20:25.664,0.94352,0.94364,1.43,1.80
2013.09.03 09:20:26.084,0.94351,0.94364,1.43,2.10
2013.09.03 09:20:26.205,0.94351,0.94364,1.43,1.43
2013.09.03 09:20:26.445,0.94352,0.94362,1.35,1.50
2013.09.03 09:20:26.755,0.9435,0.94361,1.43,1.50
2013.09.03 09:20:27.106,0.9435,0.9436,1.50,1.50
2013.09.03 09:20:27.164,0.9435,0.94362,1.50,2.18
2013.09.03 09:20:27.224,0.94351,0.9436,1.43,1.50
2013.09.03 09:20:27.764,0.9435,0.94362,1.43,1.50
2013.09.03 09:20:28.064,0.94347,0.9436,2.10,1.43
2013.09.03 09:20:29.095,0.94348,0.94359,1.43,2.63
2013.09.03 09:20:29.884,0.94348,0.94359,1.43,3.00
2013.09.03 09:20:30.514,0.94348,0.94359,1.43,2.63
2013.09.03 09:20:30.754,0.94345,0.94358,1.35,1.43
2013.09.03 09:20:31.295,0.94345,0.94358,1.35,1.43
2013.09.03 09:20:32.475,0.94344,0.94357,1.43,1.43
2013.09.03 09:20:33.119,0.94344,0.94357,1.43,1.43
2013.09.03 09:20:34.295,0.94342,0.94355,1.35,2.18
2013.09.03 09:20:34.415,0.9434,0.94352,1.43,1.43
2013.09.03 09:20:34.595,0.94338,0.94351,1.50,1.35
2013.09.03 09:20:34.965,0.94336,0.9435,2.10,1.43
2013.09.03 09:20:35.504,0.94335,0.94348,1.43,1.43
2013.09.03 09:20:37.114,0.94333,0.94347,2.18,2.10
2013.09.03 09:20:37.644,0.94333,0.94346,2.18,1.35
2013.09.03 09:20:40.864,0.94336,0.94347,1.50,1.43
2013.09.03 09:20:47.384,0.94333,0.94346,2.18,1.35
2013.09.03 09:20:48.984,0.94335,0.94347,1.80,2.85
2013.09.03 09:20:49.164,0.94333,0.94346,2.18,1.35
2013.09.03 09:20:49.224,0.94333,0.94346,1.50,1.35
2013.09.03 09:20:49.525,0.94331,0.94343,1.13,1.43
2013.09.03 09:20:49.584,0.94331,0.94343,1.80,1.43
2013.09.03 09:20:50.064,0.94329,0.94342,2.78,1.43
2013.09.03 09:20:50.244,0.94329,0.94342,2.78,1.43
2013.09.03 09:20:52.304,0.94331,0.94344,1.80,1.43
2013.09.03 09:20:53.155,0.94331,0.94345,2.55,1.35
2013.09.03 09:20:53.574,0.94333,0.94343,1.50,1.35
2013.09.03 09:20:55.606,0.94329,0.94341,1.13,1.35
2013.09.03 09:20:55.676,0.94328,0.94341,1.13,1.35
2013.09.03 09:20:56.199,0.94327,0.94341,1.43,1.35
2013.09.03 09:20:56.654,0.94328,0.94341,1.88,1.35
2013.09.03 09:20:56.834,0.94328,0.94341,1.88,1.35
2013.09.03 09:20:57.124,0.94331,0.94341,1.50,1.35
2013.09.03 09:20:57.494,0.94331,0.94345,1.43,1.35
2013.09.03 09:21:00.624,0.9433,0.94342,1.80,1.43
2013.09.03 09:21:01.146,0.94329,0.94342,1.05,2.10
2013.09.03 09:21:01.695,0.94329,0.94342,1.05,2.10
2013.09.03 09:21:02.626,0.94329,0.94342,1.05,2.10
2013.09.03 09:21:05.795,0.94329,0.94342,1.43,2.10
2013.09.03 09:21:06.998,0.94328,0.94342,2.10,2.10
2013.09.03 09:21:07.177,0.94327,0.9434,1.80,1.35
2013.09.03 09:21:09.505,0.94328,0.9434,1.88,1.35
2013.09.03 09:21:12.504,0.94328,0.94339,1.13,1.43
2013.09.03 09:21:14.854,0.94327,0.94338,1.13,1.43
2013.09.03 09:21:16.854,0.94328,0.94341,1.80,1.43
2013.09.03 09:21:16.914,0.94329,0.94342,1.13,2.10
2013.09.03 09:21:17.456,0.94329,0.94342,1.43,1.43
2013.09.03 09:21:17.575,0.94327,0.9434,1.43,1.35
2013.09.03 09:21:17.935,0.94326,0.94339,2.48,1.43
2013.09.03 09:21:18.054,0.94324,0.94337,1.73,1.43
2013.09.03 09:21:18.354,0.94323,0.94336,1.80,1.35
2013.09.03 09:21:18.564,0.94323,0.94336,1.80,1.35
2013.09.03 09:21:18.684,0.94323,0.94336,1.80,1.35
2013.09.03 09:21:18.868,0.94323,0.94336,1.80,1.35
2013.09.03 09:21:18.927,0.94325,0.94336,3.38,1.35
2013.09.03 09:21:19.046,0.94326,0.94337,1.13,1.43
2013.09.03 09:21:19.105,0.94328,0.9434,1.50,1.43
2013.09.03 09:21:19.344,0.94328,0.94341,1.88,1.35
2013.09.03 09:21:19.904,0.94329,0.94342,1.73,2.10
2013.09.03 09:21:20.205,0.94332,0.94344,1.35,1.50
2013.09.03 09:21:21.746,0.94332,0.94342,1.35,1.13
2013.09.03 09:21:21.865,0.94329,0.94342,2.78,1.73
2013.09.03 09:21:21.925,0.94328,0.94341,1.43,1.05
2013.09.03 09:21:22.045,0.94327,0.9434,1.35,1.43
2013.09.03 09:21:22.285,0.94325,0.94339,1.35,1.43
2013.09.03 09:21:22.764,0.94326,0.94339,1.43,1.43
2013.09.03 09:21:23.336,0.94326,0.94339,1.43,1.43
2013.09.03 09:21:23.455,0.94325,0.94338,1.35,1.13
2013.09.03 09:21:23.694,0.94323,0.94335,1.43,1.43
2013.09.03 09:21:24.114,0.9432,0.94334,2.10,1.43
2013.09.03 09:21:24.314,0.94322,0.94335,1.35,1.43
2013.09.03 09:21:26.144,0.94323,0.94335,1.43,1.43
2013.09.03 09:21:26.204,0.94325,0.94338,1.35,1.43
2013.09.03 09:21:26.324,0.94327,0.94341,1.35,2.18
2013.09.03 09:21:26.565,0.94329,0.94343,1.35,1.28
2013.09.03 09:21:27.095,0.94329,0.94343,1.35,1.43
2013.09.03 09:21:29.784,0.94333,0.94346,1.35,1.43
2013.09.03 09:21:29.965,0.94336,0.94348,1.35,1.43
2013.09.03 09:21:30.534,0.94335,0.94347,1.35,1.50
2013.09.03 09:21:30.774,0.94336,0.9435,1.35,2.40
2013.09.03 09:21:32.205,0.94337,0.9435,1.35,2.03
2013.09.03 09:21:32.564,0.94343,0.94356,1.35,2.48
2013.09.03 09:21:36.646,0.94343,0.94354,1.35,1.13
2013.09.03 09:21:37.024,0.94345,0.94354,1.35,1.13
2013.09.03 09:21:38.734,0.94344,0.94355,1.43,1.43
2013.09.03 09:21:38.915,0.94342,0.94355,1.35,1.43
2013.09.03 09:21:39.154,0.94341,0.94354,1.43,1.43
2013.09.03 09:21:40.875,0.9434,0.94352,1.35,1.43
2013.09.03 09:21:43.696,0.94339,0.94352,1.35,2.18
2013.09.03 09:21:43.755,0.94337,0.9435,1.35,1.13
2013.09.03 09:21:43.934,0.94338,0.94351,1.43,1.05
2013.09.03 09:21:44.176,0.94339,0.94352,1.35,1.43
2013.09.03 09:21:44.534,0.94341,0.94354,1.35,2.03
2013.09.03 09:21:45.995,0.94341,0.94351,1.35,1.13
2013.09.03 09:21:46.055,0.94336,0.94349,1.35,2.10
2013.09.03 09:21:46.114,0.94335,0.94349,1.35,2.10
2013.09.03 09:21:46.174,0.94333,0.94347,2.10,1.43
2013.09.03 09:21:46.476,0.94332,0.94345,1.35,1.43
2013.09.03 09:21:49.165,0.94333,0.94345,2.10,1.43
2013.09.03 09:21:49.854,0.94335,0.94348,1.35,2.18
2013.09.03 09:21:50.545,0.94333,0.94347,1.35,1.43
2013.09.03 09:21:56.896,0.94333,0.94347,2.10,2.18
2013.09.03 09:21:57.374,0.94335,0.94349,1.35,1.43
2013.09.03 09:21:57.746,0.94339,0.94351,1.35,1.13
2013.09.03 09:21:57.924,0.94337,0.9435,1.80,2.10
2013.09.03 09:21:58.284,0.94339,0.94353,1.35,1.43
2013.09.03 09:21:59.264,0.94339,0.94352,1.35,1.43
2013.09.03 09:22:01.864,0.94338,0.94352,2.85,1.43
2013.09.03 09:22:04.107,0.9434,0.94353,1.35,1.43
2013.09.03 09:22:04.654,0.94341,0.94354,1.35,1.43
2013.09.03 09:22:04.774,0.94343,0.94355,1.35,2.10
2013.09.03 09:22:05.136,0.94346,0.94358,3.45,1.43
2013.09.03 09:22:05.374,0.9435,0.94363,1.35,1.46
2013.09.03 09:22:05.574,0.94352,0.94365,1.35,1.84
2013.09.03 09:22:05.754,0.94349,0.94363,1.35,1.46
2013.09.03 09:22:07.345,0.94349,0.94363,2.10,1.43
2013.09.03 09:22:08.251,0.94348,0.94362,1.43,3.60
2013.09.03 09:22:08.316,0.94347,0.94361,1.35,1.43
2013.09.03 09:22:08.620,0.94349,0.94362,1.43,2.10
2013.09.03 09:22:10.074,0.9435,0.94364,1.35,2.18
2013.09.03 09:22:10.854,0.94349,0.94362,1.43,2.10
2013.09.03 09:22:11.974,0.94349,0.94362,1.35,1.43
2013.09.03 09:22:12.275,0.94352,0.94365,1.35,1.50
2013.09.03 09:22:12.785,0.94352,0.94365,1.35,1.43
2013.09.03 09:22:13.384,0.94351,0.94364,1.35,1.80
2013.09.03 09:22:13.564,0.94349,0.94363,2.10,1.43
2013.09.03 09:22:13.865,0.94351,0.94364,1.35,2.40
2013.09.03 09:22:14.215,0.9435,0.94363,1.43,1.43
2013.09.03 09:22:14.446,0.9435,0.94363,1.43,1.43
2013.09.03 09:22:15.514,0.9435,0.94364,1.43,1.80
2013.09.03 09:22:17.955,0.94352,0.94364,1.35,1.13
2013.09.03 09:22:18.134,0.94354,0.94367,1.05,1.43
2013.09.03 09:22:18.194,0.94354,0.94368,1.05,2.10
2013.09.03 09:22:19.274,0.94354,0.94367,1.80,1.43
2013.09.03 09:22:20.836,0.94353,0.94366,2.10,1.43
2013.09.03 09:22:21.140,0.94352,0.94364,1.35,1.35
2013.09.03 09:22:22.344,0.94352,0.94363,1.35,1.43
2013.09.03 09:22:25.438,0.94352,0.94362,2.10,2.18
2013.09.03 09:22:25.795,0.94354,0.94364,1.13,1.43
2013.09.03 09:22:25.855,0.94354,0.94364,1.13,1.43
2013.09.03 09:22:26.535,0.94353,0.94366,2.40,1.43
2013.09.03 09:22:26.655,0.94354,0.94366,1.05,1.43
2013.09.03 09:22:26.964,0.94355,0.94369,2.10,1.43
2013.09.03 09:22:27.885,0.94354,0.94365,1.35,1.13
2013.09.03 09:22:28.137,0.94343,0.94357,1.43,2.10
2013.09.03 09:22:28.196,0.94342,0.94356,2.10,1.43
2013.09.03 09:22:28.255,0.94341,0.94355,1.05,3.08
2013.09.03 09:22:28.374,0.94339,0.94352,3.83,1.43
2013.09.03 09:22:28.627,0.94343,0.94355,1.13,1.95
2013.09.03 09:22:28.686,0.94347,0.94355,1.13,1.95
2013.09.03 09:22:28.925,0.94347,0.94359,1.13,1.35
2013.09.03 09:22:29.167,0.94347,0.94356,1.13,1.35
2013.09.03 09:22:29.405,0.94343,0.94356,2.55,1.35
2013.09.03 09:22:29.464,0.94343,0.94356,1.80,1.35
2013.09.03 09:22:29.944,0.9434,0.94354,1.35,1.43
2013.09.03 09:22:30.245,0.94338,0.94352,1.43,2.85
2013.09.03 09:22:30.304,0.9434,0.94352,1.35,1.43
2013.09.03 09:22:32.625,0.9434,0.94354,2.10,1.43
2013.09.03 09:22:32.984,0.94341,0.94354,1.05,1.43
2013.09.03 09:22:33.285,0.94345,0.94356,1.43,1.43
2013.09.03 09:22:33.646,0.94349,0.94362,1.35,1.43
2013.09.03 09:22:34.156,0.9435,0.94364,1.35,1.43
2013.09.03 09:22:34.634,0.94352,0.94365,1.35,2.55
2013.09.03 09:22:35.164,0.94353,0.94365,1.35,1.13
2013.09.03 09:22:35.225,0.94353,0.94365,1.35,1.88
2013.09.03 09:22:35.345,0.94353,0.94365,2.03,1.13
2013.09.03 09:22:35.645,0.94356,0.94368,1.35,1.43
2013.09.03 09:22:35.826,0.94357,0.94367,1.05,1.13
2013.09.03 09:22:36.416,0.94364,0.94373,1.35,1.50
2013.09.03 09:22:36.654,0.94363,0.94376,1.05,1.43
2013.09.03 09:22:36.715,0.94366,0.94379,1.73,1.43
2013.09.03 09:22:37.374,0.94365,0.94378,1.05,2.10
2013.09.03 09:22:37.495,0.94361,0.94374,2.55,1.43
2013.09.03 09:22:38.065,0.94361,0.94374,1.80,1.43
2013.09.03 09:22:39.434,0.94361,0.94375,2.55,1.35
2013.09.03 09:22:39.736,0.94361,0.94373,1.88,1.35
2013.09.03 09:22:41.094,0.94361,0.94375,1.50,1.73
2013.09.03 09:22:41.154,0.9436,0.94374,2.55,1.43
2013.09.03 09:22:41.694,0.94361,0.94375,2.10,1.80
2013.09.03 09:22:42.064,0.94363,0.94376,1.35,3.30
2013.09.03 09:22:42.845,0.94364,0.94376,1.35,1.13
2013.09.03 09:22:43.386,0.9436,0.94372,1.13,1.43
2013.09.03 09:22:43.505,0.94356,0.94371,1.35,2.03
2013.09.03 09:22:43.626,0.94355,0.94369,2.10,1.43
2013.09.03 09:22:43.805,0.94353,0.94367,3.60,2.10
2013.09.03 09:22:44.851,0.94354,0.94367,1.05,2.10
2013.09.03 09:22:45.166,0.94354,0.94367,1.80,1.35
2013.09.03 09:22:47.575,0.94357,0.9437,1.43,1.35
2013.09.03 09:22:51.106,0.94356,0.94369,2.10,1.43
2013.09.03 09:22:51.464,0.94351,0.94362,3.75,2.70
2013.09.03 09:22:51.584,0.94348,0.94362,1.43,2.70
2013.09.03 09:22:51.704,0.94349,0.94362,1.35,2.10
2013.09.03 09:22:52.244,0.9435,0.94362,1.35,2.10
2013.09.03 09:22:52.545,0.94349,0.94361,1.35,2.85
2013.09.03 09:22:52.844,0.94349,0.94359,1.35,1.13
2013.09.03 09:22:52.965,0.94348,0.94362,1.43,3.08
2013.09.03 09:22:53.086,0.94349,0.94362,1.35,2.40
2013.09.03 09:22:53.617,0.94348,0.94362,1.80,3.08
2013.09.03 09:22:54.027,0.94348,0.94361,1.05,1.43
2013.09.03 09:22:55.056,0.94348,0.94362,1.80,3.83
2013.09.03 09:22:57.174,0.94348,0.94362,1.80,2.70
2013.09.03 09:22:57.534,0.9435,0.94361,1.43,1.28
2013.09.03 09:22:57.655,0.94347,0.9436,2.55,1.35
2013.09.03 09:22:57.894,0.94347,0.9436,1.43,1.35
2013.09.03 09:22:58.134,0.94349,0.94362,1.43,1.35
2013.09.03 09:22:59.188,0.9435,0.94363,1.43,1.05
2013.09.03 09:22:59.724,0.94349,0.94362,2.18,1.35
2013.09.03 09:23:00.514,0.94349,0.9436,1.50,1.35
2013.09.03 09:23:00.635,0.94348,0.9436,1.50,1.35
2013.09.03 09:23:00.815,0.94348,0.94362,2.18,2.10
2013.09.03 09:23:00.994,0.94349,0.94362,1.88,1.35
2013.09.03 09:23:02.094,0.94351,0.94363,1.13,1.35
2013.09.03 09:23:02.275,0.94352,0.94366,1.43,1.35
2013.09.03 09:23:02.535,0.94351,0.94365,2.10,1.43
2013.09.03 09:23:03.327,0.94349,0.94363,2.55,1.35
2013.09.03 09:23:04.415,0.94348,0.94363,2.10,1.35
2013.09.03 09:23:04.895,0.94348,0.94362,1.43,2.18
2013.09.03 09:23:05.316,0.94347,0.94358,1.43,1.43
2013.09.03 09:23:05.677,0.9434,0.94353,1.35,1.43
2013.09.03 09:23:05.736,0.94339,0.94353,1.35,1.43
2013.09.03 09:23:06.414,0.94339,0.94352,1.35,1.13
2013.09.03 09:23:06.535,0.94337,0.9435,1.35,1.43
2013.09.03 09:23:06.595,0.94336,0.9435,1.35,1.43
2013.09.03 09:23:06.775,0.94334,0.94347,1.35,1.43
2013.09.03 09:23:07.395,0.94335,0.94348,1.73,1.43
2013.09.03 09:23:07.936,0.94335,0.94348,1.73,1.43
2013.09.03 09:23:07.994,0.94335,0.94344,1.05,1.13
2013.09.03 09:23:08.115,0.94334,0.94347,1.80,1.35
2013.09.03 09:23:08.234,0.94336,0.94349,1.80,2.03
2013.09.03 09:23:08.867,0.94338,0.9435,2.10,1.43
2013.09.03 09:23:09.294,0.94335,0.94348,2.10,2.10
2013.09.03 09:23:09.844,0.94335,0.94348,1.43,2.10
2013.09.03 09:23:10.654,0.94335,0.94349,1.43,2.10
2013.09.03 09:23:11.814,0.94335,0.94347,1.35,2.18
2013.09.03 09:23:12.344,0.94334,0.94347,1.35,2.18
2013.09.03 09:23:13.697,0.94336,0.94347,1.35,1.50
2013.09.03 09:23:14.787,0.94336,0.94347,1.35,1.50
2013.09.03 09:23:14.905,0.94334,0.94343,1.35,1.13
2013.09.03 09:23:15.027,0.94333,0.94342,1.35,1.13
2013.09.03 09:23:15.146,0.94329,0.94342,1.35,1.13
2013.09.03 09:23:15.205,0.94326,0.94339,1.43,1.05
2013.09.03 09:23:15.385,0.94327,0.94337,1.35,1.13
2013.09.03 09:23:15.565,0.94324,0.94336,1.43,1.05
2013.09.03 09:23:15.625,0.94323,0.94336,1.80,1.05
2013.09.03 09:23:15.924,0.94323,0.94335,1.35,1.13
2013.09.03 09:23:16.427,0.94324,0.94334,1.35,2.10
2013.09.03 09:23:16.675,0.94322,0.94334,1.35,2.10
2013.09.03 09:23:16.794,0.94323,0.94337,1.43,4.73
2013.09.03 09:23:17.365,0.94322,0.94334,1.35,1.35
2013.09.03 09:23:17.544,0.94319,0.94332,1.35,1.50
2013.09.03 09:23:17.664,0.94318,0.94333,1.43,1.43
2013.09.03 09:23:18.115,0.94318,0.94333,1.43,1.05
2013.09.03 09:23:18.234,0.9432,0.94334,1.43,1.95
2013.09.03 09:23:19.035,0.94319,0.94332,1.35,2.10
2013.09.03 09:23:19.156,0.94318,0.94332,1.43,2.48
2013.09.03 09:23:19.215,0.94318,0.94331,1.43,1.73
2013.09.03 09:23:19.395,0.94318,0.94333,1.43,1.43
2013.09.03 09:23:20.086,0.94319,0.94332,1.35,1.50
2013.09.03 09:23:20.325,0.9432,0.94334,2.18,2.10
2013.09.03 09:23:20.505,0.94325,0.94336,1.50,1.35
2013.09.03 09:23:20.565,0.94328,0.94342,1.43,2.25
2013.09.03 09:23:21.345,0.94326,0.94342,1.43,1.35
2013.09.03 09:23:21.404,0.94328,0.94344,1.43,1.35
2013.09.03 09:23:22.247,0.94327,0.94343,1.43,2.85
2013.09.03 09:23:24.305,0.94327,0.94341,1.13,1.43
2013.09.03 09:23:25.276,0.94327,0.94341,1.13,1.43
2013.09.03 09:23:27.914,0.94324,0.9434,1.43,2.10
2013.09.03 09:23:27.975,0.94323,0.94339,2.10,1.43
2013.09.03 09:23:30.504,0.94324,0.94339,1.43,1.43
2013.09.03 09:23:30.684,0.94326,0.9434,1.35,2.10
2013.09.03 09:23:31.272,0.94327,0.9434,1.35,2.10
2013.09.03 09:23:31.865,0.94328,0.9434,1.43,1.35
2013.09.03 09:23:33.298,0.94327,0.9434,1.35,2.10
2013.09.03 09:23:33.595,0.94325,0.9434,2.10,2.10
2013.09.03 09:23:34.105,0.94325,0.9434,2.48,2.10
2013.09.03 09:23:37.455,0.94323,0.94338,2.18,1.43
2013.09.03 09:23:37.754,0.94325,0.94339,1.43,1.13
2013.09.03 09:23:38.140,0.94326,0.9434,2.10,1.13
2013.09.03 09:23:38.384,0.94327,0.94341,1.43,1.73
2013.09.03 09:23:38.685,0.94326,0.94341,2.10,2.10
2013.09.03 09:23:39.198,0.94326,0.9434,1.43,1.13
2013.09.03 09:23:42.604,0.94324,0.94337,1.43,1.13
2013.09.03 09:23:43.144,0.94322,0.94337,1.80,1.80
2013.09.03 09:23:44.105,0.94323,0.94337,2.10,1.50
2013.09.03 09:23:44.504,0.94325,0.94339,2.10,1.13
2013.09.03 09:23:45.524,0.94323,0.94338,2.18,3.53
2013.09.03 09:23:46.064,0.94323,0.94337,2.10,1.50
2013.09.03 09:23:46.575,0.94323,0.94337,2.85,1.13
2013.09.03 09:23:48.044,0.94323,0.94337,2.85,1.13
2013.09.03 09:23:50.914,0.94322,0.94336,1.73,1.50
2013.09.03 09:23:51.094,0.94321,0.94335,1.43,1.13
2013.09.03 09:23:51.275,0.94318,0.94333,1.13,1.35
2013.09.03 09:23:51.575,0.94318,0.94332,2.10,1.73
2013.09.03 09:23:52.120,0.94317,0.94332,1.43,1.73
2013.09.03 09:23:53.094,0.94317,0.94332,1.43,2.10
2013.09.03 09:23:54.124,0.94317,0.94333,2.18,2.03
2013.09.03 09:23:54.365,0.94322,0.94338,1.43,2.40
2013.09.03 09:23:54.904,0.9432,0.94337,1.80,3.23
2013.09.03 09:23:54.964,0.9432,0.94336,1.80,1.43
2013.09.03 09:23:55.275,0.94323,0.94336,1.43,1.13
2013.09.03 09:23:55.335,0.94324,0.94336,1.35,1.13
2013.09.03 09:23:55.394,0.94323,0.94336,1.43,1.13
2013.09.03 09:23:56.575,0.94323,0.94338,2.55,2.78
2013.09.03 09:23:58.625,0.94323,0.94337,2.55,1.50
2013.09.03 09:23:59.695,0.94323,0.94333,1.80,1.50
2013.09.03 09:23:59.995,0.94319,0.94333,1.73,1.50
2013.09.03 09:24:00.415,0.94318,0.94329,1.13,1.43
2013.09.03 09:24:00.595,0.94314,0.94327,1.13,1.43
2013.09.03 09:24:00.655,0.94314,0.94327,1.80,1.43
2013.09.03 09:24:00.775,0.94314,0.94327,1.05,2.18
2013.09.03 09:24:01.254,0.94314,0.94327,1.05,2.18
2013.09.03 09:24:01.675,0.94319,0.94329,1.05,1.43
2013.09.03 09:24:01.734,0.94319,0.94329,1.05,1.43
2013.09.03 09:24:02.275,0.94318,0.9433,2.10,1.50
2013.09.03 09:24:02.824,0.94316,0.94329,1.43,2.10
2013.09.03 09:24:03.244,0.94318,0.94329,1.43,1.50
2013.09.03 09:24:04.684,0.94318,0.94331,2.10,2.18
2013.09.03 09:24:05.534,0.94317,0.9433,1.43,1.43
2013.09.03 09:24:06.605,0.94317,0.94331,1.43,2.85
2013.09.03 09:24:08.774,0.94319,0.94331,1.43,2.85
2013.09.03 09:24:09.015,0.94323,0.94335,1.43,2.18
2013.09.03 09:24:09.074,0.94319,0.94333,1.35,1.43
2013.09.03 09:24:09.377,0.94318,0.94331,2.18,1.35
2013.09.03 09:24:09.734,0.94315,0.94327,1.35,1.43
2013.09.03 09:24:10.295,0.94315,0.94328,1.43,1.35
2013.09.03 09:24:11.614,0.94317,0.94331,1.43,2.10
2013.09.03 09:24:12.131,0.94317,0.9433,1.43,1.43
2013.09.03 09:24:12.467,0.94317,0.94328,1.43,1.43
2013.09.03 09:24:14.715,0.94314,0.94327,1.35,2.18
2013.09.03 09:24:15.586,0.94312,0.94325,2.10,1.35
2013.09.03 09:24:15.644,0.9431,0.94325,1.35,2.70
2013.09.03 09:24:15.765,0.9431,0.94324,1.35,1.43
2013.09.03 09:24:17.395,0.94308,0.94322,2.18,2.10
2013.09.03 09:24:17.456,0.94308,0.94322,2.85,1.35
2013.09.03 09:24:17.635,0.94312,0.94324,1.43,1.43
2013.09.03 09:24:18.209,0.94313,0.94326,2.10,4.43
2013.09.03 09:24:19.814,0.94313,0.94327,2.10,2.48
2013.09.03 09:24:20.234,0.94312,0.94325,1.43,1.43
2013.09.03 09:24:20.786,0.94313,0.94327,2.10,2.55
2013.09.03 09:24:21.644,0.94313,0.94325,2.10,1.13
2013.09.03 09:24:22.255,0.94313,0.94325,2.10,1.13
2013.09.03 09:24:23.515,0.94313,0.94327,2.78,2.18
2013.09.03 09:24:23.828,0.94315,0.94327,2.10,1.35
2013.09.03 09:24:24.075,0.94314,0.94327,1.35,2.10
2013.09.03 09:24:24.135,0.94313,0.94326,1.43,1.28
2013.09.03 09:24:24.197,0.94312,0.94325,1.43,1.35
2013.09.03 09:24:24.255,0.9431,0.94323,1.43,1.35
2013.09.03 09:24:24.315,0.94309,0.94323,1.35,1.35
2013.09.03 09:24:25.628,0.94309,0.94322,1.35,1.80
2013.09.03 09:24:25.828,0.94309,0.94322,1.35,2.18
2013.09.03 09:24:26.065,0.94306,0.94319,1.35,1.65
2013.09.03 09:24:26.125,0.94306,0.94319,1.35,2.40
2013.09.03 09:24:27.765,0.94308,0.94319,1.35,1.50
2013.09.03 09:24:29.415,0.94306,0.94319,1.35,2.18
2013.09.03 09:24:29.594,0.94304,0.94318,1.73,1.43
2013.09.03 09:24:29.775,0.94306,0.9432,2.48,1.43
2013.09.03 09:24:29.835,0.94307,0.9432,1.43,1.43
2013.09.03 09:24:29.956,0.94309,0.94323,1.35,1.43
2013.09.03 09:24:30.135,0.94309,0.94324,1.35,2.85
2013.09.03 09:24:30.195,0.94312,0.94324,1.73,1.35
2013.09.03 09:24:30.435,0.94315,0.94326,1.35,2.25
2013.09.03 09:24:30.556,0.9431,0.94324,1.43,1.35
2013.09.03 09:24:30.797,0.94309,0.94323,1.35,1.43
2013.09.03 09:24:32.155,0.94308,0.94321,1.43,1.35
2013.09.03 09:24:35.875,0.94308,0.94322,2.10,2.18
2013.09.03 09:24:37.454,0.94309,0.94322,1.73,2.18
2013.09.03 09:24:37.514,0.94311,0.94323,1.05,1.35
2013.09.03 09:24:37.575,0.94313,0.94325,1.43,1.43
2013.09.03 09:24:37.635,0.94313,0.94325,2.10,1.43
2013.09.03 09:24:37.695,0.94313,0.94325,1.43,1.43
2013.09.03 09:24:37.814,0.94313,0.94325,2.10,1.43
2013.09.03 09:24:38.315,0.94315,0.94327,1.35,1.50
2013.09.03 09:24:40.949,0.94315,0.94327,1.35,1.50
2013.09.03 09:24:41.006,0.94315,0.94327,1.35,1.50
2013.09.03 09:24:41.365,0.9431,0.9432,1.35,1.13
2013.09.03 09:24:41.485,0.94307,0.94318,1.35,1.13
2013.09.03 09:24:41.605,0.94304,0.94318,1.35,1.80
2013.09.03 09:24:41.905,0.94305,0.94319,1.80,1.35
2013.09.03 09:24:42.385,0.9431,0.94322,1.35,1.50
2013.09.03 09:24:42.505,0.94313,0.94322,1.35,1.50
2013.09.03 09:24:43.056,0.94313,0.94327,2.10,2.55
2013.09.03 09:24:43.235,0.94315,0.94327,1.35,1.50
2013.09.03 09:24:43.415,0.94316,0.9433,1.35,1.43
2013.09.03 09:24:43.944,0.94317,0.9433,1.43,1.43
2013.09.03 09:24:44.124,0.94318,0.94332,2.10,1.80
2013.09.03 09:24:44.185,0.94318,0.94332,2.10,3.90
2013.09.03 09:24:44.743,0.94315,0.94328,1.43,1.43
2013.09.03 09:24:46.595,0.94321,0.94329,1.13,1.35
2013.09.03 09:24:46.775,0.94323,0.94335,1.43,2.18
2013.09.03 09:24:46.834,0.94323,0.94335,1.43,1.43
2013.09.03 09:24:47.015,0.94323,0.94336,1.43,2.18
2013.09.03 09:24:47.315,0.94326,0.94339,1.43,1.35
2013.09.03 09:24:48.404,0.94325,0.94339,1.43,2.10
2013.09.03 09:24:49.284,0.94323,0.94336,2.10,1.43
2013.09.03 09:24:50.997,0.94324,0.94336,1.05,1.43
2013.09.03 09:24:51.296,0.94331,0.94343,1.80,1.43
2013.09.03 09:24:51.775,0.94334,0.94346,1.35,1.13
2013.09.03 09:24:51.894,0.9433,0.94342,1.43,1.43
2013.09.03 09:24:52.255,0.94329,0.94342,1.35,2.18
2013.09.03 09:24:53.464,0.9433,0.94342,1.73,2.18
2013.09.03 09:24:53.585,0.94333,0.94346,1.35,2.78
2013.09.03 09:24:53.825,0.94335,0.94347,1.05,1.86
2013.09.03 09:24:53.885,0.94335,0.94347,1.73,1.19
2013.09.03 09:24:55.638,0.94336,0.94348,1.35,1.50
2013.09.03 09:24:55.755,0.94338,0.94351,2.48,1.35
2013.09.03 09:24:55.815,0.94341,0.94353,1.43,1.43
2013.09.03 09:24:56.055,0.94344,0.94356,1.35,1.11
2013.09.03 09:24:56.295,0.94343,0.94356,2.10,1.04
2013.09.03 09:24:56.354,0.94343,0.94356,1.43,1.71
2013.09.03 09:24:56.655,0.94343,0.94356,1.80,1.71
2013.09.03 09:24:56.956,0.94349,0.94358,1.13,1.35
2013.09.03 09:24:57.075,0.94353,0.94366,1.43,1.95
2013.09.03 09:24:57.255,0.94353,0.94364,1.13,1.35
2013.09.03 09:24:57.376,0.94353,0.94366,2.18,1.35
2013.09.03 09:24:57.495,0.94354,0.94367,1.05,1.43
2013.09.03 09:24:57.615,0.94353,0.94366,1.13,1.35
2013.09.03 09:24:57.975,0.94353,0.94364,1.13,1.35
2013.09.03 09:24:58.155,0.94353,0.94366,1.13,1.35
2013.09.03 09:24:58.214,0.94353,0.94366,1.13,1.35
2013.09.03 09:24:58.394,0.94353,0.94366,1.80,1.35
2013.09.03 09:24:58.755,0.94353,0.94365,1.05,1.43
2013.09.03 09:25:01.865,0.94349,0.94362,1.05,2.10
2013.09.03 09:25:01.925,0.94349,0.94362,1.43,2.10
2013.09.03 09:25:02.464,0.94352,0.94365,1.05,2.18
2013.09.03 09:25:02.524,0.94351,0.94365,2.48,1.50
2013.09.03 09:25:02.885,0.94355,0.94367,1.35,1.35
2013.09.03 09:25:03.374,0.94355,0.94368,2.78,1.35
2013.09.03 09:25:03.994,0.94357,0.94367,1.35,1.35
2013.09.03 09:25:04.315,0.94356,0.94367,1.35,2.85
2013.09.03 09:25:04.816,0.94355,0.94367,1.43,2.18
2013.09.03 09:25:05.355,0.94355,0.94367,1.43,2.18
2013.09.03 09:25:05.535,0.94353,0.94366,1.80,1.43
2013.09.03 09:25:06.064,0.94353,0.94366,2.55,1.43
2013.09.03 09:25:06.614,0.94353,0.94364,1.13,1.43
2013.09.03 09:25:07.477,0.94351,0.94363,1.43,1.43
2013.09.03 09:25:07.655,0.94348,0.94361,2.18,1.35
2013.09.03 09:25:07.715,0.94348,0.9436,1.43,1.35
2013.09.03 09:25:07.775,0.94346,0.94358,1.43,1.43
2013.09.03 09:25:08.326,0.94345,0.94357,1.13,1.43
2013.09.03 09:25:08.766,0.94345,0.94357,1.13,1.43
2013.09.03 09:25:09.627,0.94347,0.94359,1.13,2.10
2013.09.03 09:25:09.934,0.94348,0.94359,2.10,1.35
2013.09.03 09:25:09.995,0.94348,0.9436,1.43,1.35
2013.09.03 09:25:10.055,0.94348,0.94361,1.43,2.10
2013.09.03 09:25:10.174,0.94348,0.94362,1.43,3.29
2013.09.03 09:25:10.684,0.94346,0.94359,1.13,1.35
2013.09.03 09:25:11.475,0.94346,0.94358,1.13,1.43
2013.09.03 09:25:11.997,0.94346,0.94359,1.13,1.35
2013.09.03 09:25:12.354,0.94343,0.94356,1.13,1.35
2013.09.03 09:25:12.415,0.94341,0.94355,1.43,1.35
2013.09.03 09:25:12.654,0.94338,0.94352,2.55,2.10
2013.09.03 09:25:13.195,0.94338,0.94352,2.55,2.10
2013.09.03 09:25:13.314,0.9434,0.94352,1.80,1.43
2013.09.03 09:25:13.564,0.9434,0.94352,1.05,1.43
2013.09.03 09:25:14.733,0.9434,0.94353,1.13,2.10
2013.09.03 09:25:14.855,0.94342,0.94355,1.13,1.35
2013.09.03 09:25:15.035,0.94344,0.94355,2.10,1.35
2013.09.03 09:25:16.734,0.94344,0.94356,1.35,1.43
2013.09.03 09:25:16.855,0.94344,0.94355,1.35,1.35
2013.09.03 09:25:17.446,0.94344,0.94355,2.40,1.35
2013.09.03 09:25:17.625,0.94346,0.94359,1.73,1.43
2013.09.03 09:25:18.225,0.94344,0.94357,1.65,2.18
2013.09.03 09:25:18.706,0.94342,0.94356,1.43,2.18
2013.09.03 09:25:18.888,0.94341,0.94353,1.43,2.18
2013.09.03 09:25:19.007,0.9434,0.94353,1.35,2.55
2013.09.03 09:25:19.246,0.94338,0.94351,1.05,1.43
2013.09.03 09:25:19.425,0.9434,0.94352,1.05,1.43
2013.09.03 09:25:19.975,0.94337,0.9435,1.05,1.43
2013.09.03 09:25:22.304,0.94339,0.94352,1.05,2.85
2013.09.03 09:25:22.724,0.94339,0.94352,1.80,2.85
2013.09.03 09:25:23.025,0.94339,0.94352,1.80,2.85
2013.09.03 09:25:24.664,0.94342,0.94352,1.05,2.18
2013.09.03 09:25:24.955,0.94342,0.94352,1.05,1.50
2013.09.03 09:25:26.615,0.94342,0.94353,1.05,1.13
2013.09.03 09:25:26.975,0.9434,0.94352,1.05,1.43
2013.09.03 09:25:27.465,0.9434,0.94351,1.05,1.50
2013.09.03 09:25:27.644,0.9434,0.94351,1.05,1.50
2013.09.03 09:25:28.314,0.94338,0.94351,1.43,2.18
2013.09.03 09:25:28.687,0.9434,0.94352,1.05,1.43
2013.09.03 09:25:29.054,0.9434,0.94352,1.05,1.50
2013.09.03 09:25:29.114,0.9434,0.94353,1.05,1.88
2013.09.03 09:25:29.174,0.94341,0.94353,1.05,1.88
2013.09.03 09:25:29.785,0.94342,0.94353,1.05,3.90
2013.09.03 09:25:30.205,0.9434,0.94351,1.05,2.10
2013.09.03 09:25:30.388,0.94339,0.94349,1.05,1.13
2013.09.03 09:25:30.518,0.94337,0.94347,1.35,1.35
2013.09.03 09:25:30.635,0.94336,0.94349,1.73,1.35
2013.09.03 09:25:30.995,0.94339,0.94347,1.05,1.35
2013.09.03 09:25:31.235,0.94337,0.94347,1.35,1.35
2013.09.03 09:25:31.294,0.94338,0.94347,1.05,1.35
2013.09.03 09:25:31.655,0.94337,0.94347,1.05,1.35
2013.09.03 09:25:31.834,0.94339,0.94347,1.05,1.35
2013.09.03 09:25:32.374,0.94339,0.9435,1.73,1.35
2013.09.03 09:25:32.615,0.94339,0.9435,1.05,1.35
2013.09.03 09:25:32.854,0.94336,0.94347,1.35,1.35
2013.09.03 09:25:33.334,0.94335,0.94347,1.35,1.35
2013.09.03 09:25:34.234,0.94336,0.94347,1.05,1.35
2013.09.03 09:25:35.116,0.94337,0.94347,1.05,1.35
2013.09.03 09:25:35.640,0.94337,0.94347,1.05,1.35
2013.09.03 09:25:37.276,0.94334,0.94347,1.35,1.35
2013.09.03 09:25:37.456,0.94336,0.94348,1.35,2.25
2013.09.03 09:25:37.515,0.94336,0.94348,1.35,1.50
2013.09.03 09:25:37.695,0.94336,0.9435,2.78,2.18
2013.09.03 09:25:38.565,0.94334,0.94347,1.35,2.18
2013.09.03 09:25:40.305,0.94333,0.94346,2.18,1.35
2013.09.03 09:25:40.485,0.94329,0.94342,4.80,1.43
2013.09.03 09:25:40.725,0.94328,0.94341,2.55,1.35
2013.09.03 09:25:41.215,0.94328,0.9434,1.43,1.35
2013.09.03 09:25:41.275,0.94324,0.94338,1.35,1.35
2013.09.03 09:25:41.395,0.94323,0.94337,2.18,1.35
2013.09.03 09:25:41.515,0.94324,0.94337,1.13,1.35
2013.09.03 09:25:41.816,0.94341,0.9435,1.13,1.73
2013.09.03 09:25:41.877,0.94338,0.94349,1.88,1.43
2013.09.03 09:25:42.418,0.94337,0.94349,1.73,1.43
2013.09.03 09:25:42.492,0.94336,0.94349,1.43,2.10
2013.09.03 09:25:42.616,0.94335,0.94346,1.13,1.35
2013.09.03 09:25:42.975,0.94328,0.94341,3.30,1.35
2013.09.03 09:25:43.096,0.94328,0.9434,2.18,1.35
2013.09.03 09:25:43.156,0.94326,0.94337,2.25,1.43
2013.09.03 09:25:43.335,0.94323,0.94336,1.80,1.35
2013.09.03 09:25:43.396,0.94323,0.94336,1.80,1.35
2013.09.03 09:25:43.755,0.94327,0.9434,1.35,2.18
2013.09.03 09:25:44.187,0.94329,0.9434,1.50,1.73
2013.09.03 09:25:44.246,0.94329,0.94342,1.43,2.85
2013.09.03 09:25:44.306,0.94329,0.94342,1.43,2.85
2013.09.03 09:25:44.426,0.94334,0.94342,1.35,1.50
2013.09.03 09:25:46.824,0.94331,0.94345,2.10,1.50
2013.09.03 09:25:46.884,0.94332,0.94345,1.35,2.18
2013.09.03 09:25:47.305,0.94327,0.94341,1.43,2.70
2013.09.03 09:25:47.365,0.94325,0.94339,1.35,1.43
2013.09.03 09:25:47.604,0.94323,0.94337,2.10,1.43
2013.09.03 09:25:47.906,0.94328,0.9434,1.05,1.43
2013.09.03 09:25:48.205,0.94333,0.94345,1.35,2.18
2013.09.03 09:25:48.265,0.94334,0.94345,1.35,1.50
2013.09.03 09:25:48.628,0.94338,0.94348,1.35,1.35
2013.09.03 09:25:49.425,0.94338,0.94347,1.35,1.35
2013.09.03 09:25:50.035,0.94336,0.94347,1.35,1.35
2013.09.03 09:25:50.644,0.94338,0.94347,1.35,1.35
2013.09.03 09:25:52.084,0.94336,0.94347,1.35,1.35
2013.09.03 09:25:52.515,0.94342,0.94352,1.35,2.48
2013.09.03 09:25:52.875,0.94349,0.94359,1.35,1.35
2013.09.03 09:25:54.016,0.9435,0.94359,1.35,1.35
2013.09.03 09:25:54.255,0.94348,0.94359,1.35,1.35
2013.09.03 09:25:56.066,0.94347,0.94358,1.35,1.35
2013.09.03 09:25:56.212,0.94345,0.94358,2.10,1.35
2013.09.03 09:25:56.565,0.94345,0.94358,2.10,1.35
2013.09.03 09:25:57.012,0.94347,0.94358,1.35,1.35
2013.09.03 09:25:57.075,0.94345,0.94358,2.10,1.35
2013.09.03 09:25:57.295,0.94345,0.94357,1.35,1.50
2013.09.03 09:25:57.834,0.94344,0.94357,1.35,1.43
2013.09.03 09:26:01.105,0.94346,0.94358,1.35,1.35
2013.09.03 09:26:01.495,0.94346,0.94358,1.35,1.35
2013.09.03 09:26:01.557,0.94348,0.94358,1.35,1.35
2013.09.03 09:26:01.676,0.94349,0.94362,1.05,2.85
2013.09.03 09:26:02.160,0.9435,0.94363,1.35,1.43
2013.09.03 09:26:02.693,0.94351,0.94364,1.35,1.43
2013.09.03 09:26:03.206,0.94349,0.94363,1.35,2.18
2013.09.03 09:26:05.046,0.9435,0.94363,1.43,1.43
2013.09.03 09:26:05.405,0.94351,0.94364,1.43,1.43
2013.09.03 09:26:05.645,0.94351,0.94365,2.10,1.43
2013.09.03 09:26:06.244,0.94351,0.94363,1.43,1.43
2013.09.03 09:26:06.647,0.94351,0.94364,1.43,1.35
2013.09.03 09:26:06.997,0.94369,0.94378,1.43,1.05
2013.09.03 09:26:07.068,0.94372,0.94382,1.43,1.43
2013.09.03 09:26:07.186,0.94371,0.94384,1.43,1.35
2013.09.03 09:26:07.247,0.94371,0.94384,2.10,1.35
2013.09.03 09:26:07.736,0.94369,0.94383,1.35,1.80
2013.09.03 09:26:07.795,0.9437,0.94383,1.43,1.05
2013.09.03 09:26:08.357,0.94372,0.94383,1.35,1.13
2013.09.03 09:26:08.895,0.94372,0.94387,1.35,2.10
2013.09.03 09:26:08.956,0.94374,0.94387,1.35,1.43
2013.09.03 09:26:09.377,0.94373,0.94386,1.43,1.35
2013.09.03 09:26:10.553,0.9437,0.94384,1.43,2.10
2013.09.03 09:26:11.143,0.94373,0.94386,1.43,1.35
2013.09.03 09:26:11.457,0.94381,0.94395,1.43,1.57
2013.09.03 09:26:11.756,0.94383,0.94396,2.10,1.05
2013.09.03 09:26:12.055,0.94383,0.94395,1.43,1.73
2013.09.03 09:26:12.595,0.94386,0.94398,1.43,1.43
2013.09.03 09:26:13.315,0.94384,0.94398,2.10,1.43
2013.09.03 09:26:13.615,0.94386,0.94399,1.43,1.73
2013.09.03 09:26:13.975,0.94384,0.94397,1.43,1.35
2013.09.03 09:26:14.335,0.94384,0.94396,1.43,1.05
2013.09.03 09:26:14.695,0.94387,0.944,1.43,1.58
2013.09.03 09:26:15.055,0.94388,0.94402,2.10,2.63
2013.09.03 09:26:15.235,0.94388,0.944,1.43,1.58
2013.09.03 09:26:15.294,0.94387,0.94401,1.43,3.38
2013.09.03 09:26:15.835,0.94384,0.94397,1.50,1.35
2013.09.03 09:26:16.350,0.94385,0.94398,1.43,1.58
2013.09.03 09:26:16.886,0.94384,0.94397,1.50,1.35
2013.09.03 09:26:17.394,0.94382,0.94397,1.80,1.35
2013.09.03 09:26:17.705,0.94386,0.94398,1.43,1.43
2013.09.03 09:26:17.884,0.94385,0.94398,1.35,2.18
2013.09.03 09:26:18.124,0.94383,0.94396,2.18,1.05
2013.09.03 09:26:18.185,0.94383,0.94394,1.50,1.35
2013.09.03 09:26:18.674,0.94382,0.94394,1.50,1.35
2013.09.03 09:26:19.654,0.94378,0.94392,2.18,2.10
2013.09.03 09:26:19.835,0.94376,0.94388,1.43,1.35
2013.09.03 09:26:20.135,0.94373,0.94385,1.43,1.35
2013.09.03 09:26:20.614,0.94371,0.94384,1.43,1.43
2013.09.03 09:26:20.918,0.9437,0.94382,1.13,1.35
2013.09.03 09:26:21.454,0.94373,0.94382,1.50,2.10
2013.09.03 09:26:21.965,0.94368,0.94379,2.85,1.35
2013.09.03 09:26:23.465,0.94371,0.9438,1.13,1.35
2013.09.03 09:26:24.365,0.94368,0.9438,1.13,1.35
2013.09.03 09:26:24.724,0.94365,0.94378,2.03,1.43
2013.09.03 09:26:24.905,0.94363,0.94376,2.18,2.03
2013.09.03 09:26:24.965,0.94363,0.94373,1.50,1.35
2013.09.03 09:26:25.505,0.94363,0.94374,1.50,1.35
2013.09.03 09:26:25.565,0.94361,0.94374,1.43,1.35
2013.09.03 09:26:26.875,0.94365,0.94375,1.05,1.43
2013.09.03 09:26:26.995,0.94365,0.94376,1.05,1.35
2013.09.03 09:26:27.055,0.94369,0.94378,1.73,1.50
2013.09.03 09:26:27.175,0.94369,0.94383,1.73,1.13
2013.09.03 09:26:27.474,0.94372,0.94384,1.43,1.43
2013.09.03 09:26:27.656,0.94369,0.9438,1.43,1.50
2013.09.03 09:26:28.167,0.94368,0.9438,1.43,2.18
2013.09.03 09:26:28.775,0.94365,0.94378,1.35,2.18
2013.09.03 09:26:29.495,0.94368,0.94379,1.13,1.35
2013.09.03 09:26:29.734,0.9437,0.94383,1.35,1.35
2013.09.03 09:26:29.794,0.94373,0.94386,1.35,1.65
2013.09.03 09:26:30.215,0.94373,0.94386,2.10,2.03
2013.09.03 09:26:30.275,0.94373,0.94386,2.10,2.03
2013.09.03 09:26:30.454,0.94369,0.94382,1.43,1.35
2013.09.03 09:26:30.635,0.94368,0.94382,2.85,2.10
2013.09.03 09:26:32.025,0.94369,0.94381,1.43,1.43
2013.09.03 09:26:33.646,0.94371,0.94383,1.43,2.18
2013.09.03 09:26:37.624,0.9437,0.94383,1.43,2.18
2013.09.03 09:26:38.164,0.94368,0.94381,1.50,1.35
2013.09.03 09:26:38.224,0.94368,0.94381,1.50,1.35
2013.09.03 09:26:38.466,0.94364,0.94379,3.15,1.35
2013.09.03 09:26:38.824,0.94361,0.94377,2.40,2.78
2013.09.03 09:26:39.607,0.9436,0.94374,1.13,1.35
2013.09.03 09:26:39.725,0.9436,0.94374,1.13,2.10
2013.09.03 09:26:40.595,0.9436,0.94373,1.43,1.35
2013.09.03 09:26:41.114,0.9436,0.94374,1.43,1.35
2013.09.03 09:26:41.426,0.9436,0.94373,1.43,1.43
2013.09.03 09:26:42.435,0.94359,0.94372,1.35,1.50
2013.09.03 09:26:43.545,0.94359,0.94371,1.35,1.50
2013.09.03 09:26:43.665,0.94362,0.94375,1.43,1.73
2013.09.03 09:26:43.904,0.94363,0.94376,2.10,1.05
2013.09.03 09:26:44.505,0.94363,0.94376,2.10,1.80
2013.09.03 09:26:45.505,0.94366,0.94379,1.43,1.43
2013.09.03 09:26:46.066,0.94368,0.9438,1.80,1.43
2013.09.03 09:26:46.604,0.94368,0.9438,1.43,1.43
2013.09.03 09:26:48.638,0.94368,0.9438,1.80,2.18
2013.09.03 09:26:49.525,0.94368,0.9438,1.43,2.18
2013.09.03 09:26:50.314,0.94368,0.94379,1.43,1.50
2013.09.03 09:26:50.555,0.94362,0.94376,1.43,2.10
2013.09.03 09:26:50.614,0.94361,0.94374,1.80,1.35
2013.09.03 09:26:50.795,0.9436,0.94373,1.35,1.43
2013.09.03 09:26:51.034,0.94358,0.94372,2.48,1.43
2013.09.03 09:26:51.457,0.94358,0.94371,1.88,1.35
2013.09.03 09:26:51.518,0.94359,0.94373,1.43,1.35
2013.09.03 09:27:01.134,0.94363,0.94375,1.43,1.43
2013.09.03 09:27:01.635,0.94363,0.94375,1.43,2.18
2013.09.03 09:27:03.385,0.94361,0.94374,1.43,2.10
2013.09.03 09:27:03.685,0.9436,0.94373,1.43,1.43
2013.09.03 09:27:04.225,0.9436,0.94372,1.43,1.43
2013.09.03 09:27:04.284,0.9436,0.94372,1.43,1.43
2013.09.03 09:27:04.525,0.94363,0.94374,1.43,1.50
2013.09.03 09:27:04.646,0.94363,0.94376,1.43,1.43
2013.09.03 09:27:04.824,0.94365,0.94377,1.35,1.80
2013.09.03 09:27:05.082,0.94364,0.94377,1.35,1.80
2013.09.03 09:27:05.636,0.94364,0.94377,1.35,2.55
2013.09.03 09:27:07.976,0.94364,0.94376,1.35,1.50
2013.09.03 09:27:08.216,0.94362,0.94375,1.05,2.93
2013.09.03 09:27:08.276,0.94363,0.94375,1.13,2.18
2013.09.03 09:27:08.396,0.94365,0.94378,2.10,1.35
2013.09.03 09:27:08.516,0.94369,0.94381,2.18,2.10
2013.09.03 09:27:08.755,0.94373,0.94387,1.43,1.35
2013.09.03 09:27:08.994,0.94376,0.94389,1.43,1.35
2013.09.03 09:27:09.544,0.94376,0.9439,1.43,1.35
2013.09.03 09:27:11.235,0.94376,0.94389,1.43,1.43
2013.09.03 09:27:11.964,0.94376,0.94389,1.43,1.80
2013.09.03 09:27:14.016,0.94373,0.94386,2.85,1.43
2013.09.03 09:27:18.115,0.94373,0.94386,1.43,2.10
2013.09.03 09:27:18.654,0.94373,0.94386,1.43,3.15
2013.09.03 09:27:18.776,0.9437,0.94384,1.43,1.35
2013.09.03 09:27:21.224,0.94369,0.94382,1.43,1.35
2013.09.03 09:27:22.525,0.94369,0.94381,1.43,1.80
2013.09.03 09:27:23.044,0.94366,0.9438,1.43,2.33
2013.09.03 09:27:23.206,0.94366,0.9438,1.43,2.33
2013.09.03 09:27:26.275,0.94366,0.94379,1.43,1.43
2013.09.03 09:27:26.785,0.94364,0.94376,1.43,1.43
2013.09.03 09:27:27.085,0.94368,0.94381,2.10,3.53
2013.09.03 09:27:27.892,0.94367,0.9438,1.43,1.65
2013.09.03 09:27:28.414,0.94367,0.9438,1.43,2.40
2013.09.03 09:27:28.655,0.94364,0.94377,1.43,1.35
2013.09.03 09:27:28.835,0.94362,0.94376,1.43,1.35
2013.09.03 09:27:29.135,0.94362,0.94375,1.43,1.65
2013.09.03 09:27:33.144,0.94362,0.94373,1.05,1.50
2013.09.03 09:27:33.714,0.94363,0.94374,1.43,1.50
2013.09.03 09:27:38.665,0.94363,0.94376,1.43,2.70
2013.09.03 09:27:39.165,0.94364,0.94377,1.43,1.43
2013.09.03 09:27:39.465,0.94366,0.94379,1.80,1.95
2013.09.03 09:27:39.585,0.94367,0.9438,1.43,2.18
2013.09.03 09:27:39.824,0.94369,0.94382,1.05,1.43
2013.09.03 09:27:40.005,0.9437,0.94383,1.05,2.78
2013.09.03 09:27:40.555,0.94369,0.94382,1.05,1.43
2013.09.03 09:27:41.095,0.94368,0.94381,1.43,1.43
2013.09.03 09:27:41.465,0.94368,0.94379,1.43,1.35
2013.09.03 09:27:42.965,0.94368,0.94381,2.10,3.15
2013.09.03 09:27:43.025,0.94368,0.94381,2.48,1.05
2013.09.03 09:27:43.085,0.94369,0.94381,1.43,1.05
2013.09.03 09:27:43.386,0.9437,0.94383,1.43,1.28
2013.09.03 09:27:43.925,0.9437,0.94383,1.35,2.03
2013.09.03 09:27:44.105,0.94369,0.94382,1.05,2.03
2013.09.03 09:27:44.165,0.94369,0.94382,1.05,1.35
2013.09.03 09:27:44.525,0.94373,0.94385,1.43,1.28
2013.09.03 09:27:48.146,0.94372,0.94384,1.43,2.03
2013.09.03 09:27:48.387,0.9437,0.94382,1.05,2.03
2013.09.03 09:27:49.205,0.94368,0.94381,1.43,1.28
2013.09.03 09:27:49.325,0.94368,0.9438,1.43,1.73
2013.09.03 09:27:49.689,0.94362,0.94376,2.18,1.35
2013.09.03 09:27:51.134,0.94364,0.94377,1.43,2.10
2013.09.03 09:27:54.157,0.94364,0.94377,1.43,2.10
2013.09.03 09:27:54.275,0.94363,0.94377,2.18,2.10
2013.09.03 09:27:55.455,0.94362,0.94375,1.43,1.95
2013.09.03 09:27:56.635,0.94362,0.94373,1.43,1.28
2013.09.03 09:27:56.994,0.94355,0.94368,1.80,1.35
2013.09.03 09:27:58.535,0.94353,0.94366,1.43,1.35
2013.09.03 09:27:59.196,0.94353,0.94365,1.13,1.35
2013.09.03 09:28:00.245,0.94355,0.94366,1.50,1.35
2013.09.03 09:28:01.646,0.94353,0.94366,2.18,1.35
2013.09.03 09:28:02.864,0.94353,0.94366,1.50,1.35
2013.09.03 09:28:05.434,0.94351,0.94364,1.43,1.43
2013.09.03 09:28:05.555,0.9435,0.94364,1.73,1.43
2013.09.03 09:28:06.193,0.9435,0.94362,1.05,1.43
2013.09.03 09:28:06.674,0.9435,0.94363,2.55,1.35
2013.09.03 09:28:19.244,0.94353,0.94365,1.13,2.70
2013.09.03 09:28:28.555,0.94351,0.94363,1.13,1.35
2013.09.03 09:28:30.966,0.9435,0.94362,1.80,1.43
2013.09.03 09:28:32.904,0.9435,0.94364,2.48,1.43
2013.09.03 09:28:33.426,0.94349,0.94362,1.43,1.43
2013.09.03 09:28:33.795,0.94348,0.94362,2.10,2.10
2013.09.03 09:28:34.155,0.94346,0.94359,1.13,1.35
2013.09.03 09:28:34.655,0.94348,0.94361,2.18,1.43
2013.09.03 09:28:35.175,0.94349,0.94362,2.10,2.18
2013.09.03 09:28:35.755,0.94349,0.94362,2.10,2.18
2013.09.03 09:28:42.835,0.94349,0.94359,1.35,1.43
2013.09.03 09:28:42.954,0.94345,0.94359,1.80,2.78
2013.09.03 09:28:43.015,0.94345,0.94356,1.13,1.35
2013.09.03 09:28:43.375,0.94344,0.94358,1.43,1.35
2013.09.03 09:28:46.578,0.94347,0.94359,1.80,1.35
2013.09.03 09:28:47.174,0.94347,0.94358,1.13,1.35
2013.09.03 09:28:51.365,0.94347,0.94359,1.13,2.10
2013.09.03 09:28:51.545,0.94347,0.94357,1.13,1.35
2013.09.03 09:28:52.065,0.94343,0.94356,1.88,1.35
2013.09.03 09:28:56.104,0.94345,0.94357,1.43,1.35
2013.09.03 09:28:56.626,0.94345,0.94358,1.43,1.35
2013.09.03 09:28:58.219,0.94344,0.94357,2.25,1.35
2013.09.03 09:29:00.059,0.94345,0.94358,1.43,2.10
2013.09.03 09:29:00.525,0.94348,0.94362,1.43,2.70
2013.09.03 09:29:01.067,0.9435,0.94363,1.35,1.50
2013.09.03 09:29:01.366,0.9435,0.94362,1.73,1.50
2013.09.03 09:29:01.981,0.9435,0.94362,1.05,2.18
2013.09.03 09:29:09.666,0.9435,0.94362,1.05,2.18
2013.09.03 09:29:10.375,0.94349,0.94362,1.35,2.18
2013.09.03 09:29:13.375,0.9435,0.94362,1.35,1.50
2013.09.03 09:29:14.065,0.94349,0.94362,1.35,2.18
2013.09.03 09:29:17.415,0.9435,0.94362,1.35,1.50
2013.09.03 09:29:19.245,0.94348,0.9436,1.35,1.88
2013.09.03 09:29:19.365,0.94344,0.94359,2.10,2.70
2013.09.03 09:29:19.425,0.94344,0.94358,2.10,1.43
2013.09.03 09:29:20.165,0.94343,0.94357,1.43,2.18
2013.09.03 09:29:20.226,0.94343,0.94356,1.43,1.43
2013.09.03 09:29:20.935,0.94341,0.94356,1.43,2.10
2013.09.03 09:29:21.115,0.94344,0.94357,1.43,1.43
2013.09.03 09:29:21.235,0.94345,0.94359,1.35,2.93
2013.09.03 09:29:21.355,0.94346,0.94359,1.43,1.43
2013.09.03 09:29:21.655,0.94348,0.94361,2.10,1.05
2013.09.03 09:29:21.715,0.94348,0.94361,2.10,1.05
2013.09.03 09:29:22.076,0.94345,0.94357,1.35,1.43
2013.09.03 09:29:22.135,0.94343,0.94357,2.10,1.43
2013.09.03 09:29:22.745,0.94343,0.94357,1.43,2.85
2013.09.03 09:29:34.139,0.94344,0.94357,1.73,2.18
2013.09.03 09:29:34.560,0.94345,0.94358,1.43,1.35
2013.09.03 09:29:34.633,0.94343,0.94356,2.18,1.35
2013.09.03 09:29:37.775,0.94343,0.94356,1.43,2.48
2013.09.03 09:29:37.895,0.94341,0.94354,2.18,1.35
2013.09.03 09:29:38.615,0.94343,0.94356,1.43,2.10
2013.09.03 09:29:39.150,0.94343,0.94356,1.80,2.10
2013.09.03 09:29:39.755,0.94343,0.94356,2.18,1.73
2013.09.03 09:29:39.947,0.94343,0.94354,1.50,1.35
2013.09.03 09:29:40.465,0.94341,0.94352,1.80,1.35
2013.09.03 09:29:41.096,0.94341,0.94352,2.18,1.35
2013.09.03 09:29:41.475,0.94343,0.94353,1.50,1.28
2013.09.03 09:29:52.935,0.94343,0.94356,2.18,2.10
2013.09.03 09:29:53.175,0.94345,0.94357,1.43,1.43
2013.09.03 09:29:55.805,0.94344,0.94357,1.35,1.43
2013.09.03 09:29:56.164,0.94343,0.94356,1.50,1.35
2013.09.03 09:29:57.455,0.94341,0.94354,1.43,2.63
2013.09.03 09:29:57.515,0.94338,0.94352,2.48,2.10
2013.09.03 09:29:57.755,0.94337,0.9435,1.43,1.35
2013.09.03 09:29:58.055,0.94333,0.94347,1.43,2.10
2013.09.03 09:29:58.115,0.94333,0.94346,1.43,1.35
2013.09.03 09:29:58.175,0.94334,0.94346,1.50,1.35
2013.09.03 09:29:58.534,0.94333,0.94346,1.43,1.35
2013.09.03 09:30:04.115,0.9433,0.94344,1.73,1.43
2013.09.03 09:30:04.176,0.9433,0.94342,1.35,2.85
2013.09.03 09:30:04.655,0.94328,0.9434,1.43,1.05
2013.09.03 09:30:04.715,0.94324,0.94338,2.10,1.43
2013.09.03 09:30:05.268,0.94326,0.94338,1.35,1.13
2013.09.03 09:30:06.176,0.94325,0.94337,1.35,1.43
2013.09.03 09:30:06.725,0.94324,0.94337,2.10,1.43
2013.09.03 09:30:07.445,0.94324,0.94337,2.10,1.80
2013.09.03 09:30:07.864,0.9432,0.94333,2.10,1.43
2013.09.03 09:30:08.385,0.94322,0.94335,1.43,1.43
2013.09.03 09:30:09.935,0.94322,0.94336,2.18,1.35
2013.09.03 09:30:10.175,0.94324,0.94337,1.35,2.18
2013.09.03 09:30:14.375,0.94325,0.94337,1.43,1.43
2013.09.03 09:30:20.205,0.94328,0.9434,1.13,1.35
2013.09.03 09:30:20.505,0.94331,0.94344,1.43,1.35
2013.09.03 09:30:21.105,0.94332,0.94345,1.43,1.43
2013.09.03 09:30:23.475,0.94329,0.94342,1.43,1.35
2013.09.03 09:30:23.715,0.94327,0.9434,1.43,1.35
2013.09.03 09:30:23.895,0.94325,0.94338,1.13,1.35
2013.09.03 09:30:25.335,0.94326,0.94338,1.43,1.35
2013.09.03 09:30:25.516,0.94328,0.94341,2.10,1.43
2013.09.03 09:30:25.636,0.94331,0.94344,1.43,1.43
2013.09.03 09:30:25.695,0.94332,0.94344,1.43,1.43
2013.09.03 09:30:25.815,0.94333,0.94345,1.43,1.50
2013.09.03 09:30:26.385,0.94337,0.9435,1.43,1.43
2013.09.03 09:30:27.495,0.94337,0.94351,1.43,1.35
2013.09.03 09:30:27.855,0.94335,0.94349,1.43,2.10
2013.09.03 09:30:34.296,0.94337,0.94351,1.43,1.35
2013.09.03 09:30:34.475,0.94339,0.94352,1.35,1.43
2013.09.03 09:30:34.835,0.9434,0.94353,1.43,1.95
2013.09.03 09:30:35.195,0.94339,0.94352,1.43,2.10
2013.09.03 09:30:35.735,0.94338,0.94352,2.18,1.35
2013.09.03 09:30:36.215,0.94342,0.94355,1.43,1.35
2013.09.03 09:30:41.505,0.94341,0.94353,1.50,1.35
2013.09.03 09:30:44.445,0.94341,0.94353,1.13,1.35
2013.09.03 09:30:44.505,0.94341,0.94353,1.13,1.35
2013.09.03 09:30:44.630,0.94341,0.94353,1.13,1.35
2013.09.03 09:30:44.755,0.94342,0.94356,1.43,1.35
2013.09.03 09:30:45.526,0.94342,0.94356,1.50,3.45
2013.09.03 09:30:45.766,0.9434,0.94352,1.43,1.43
2013.09.03 09:30:46.245,0.94338,0.94352,2.10,1.43
2013.09.03 09:30:46.606,0.9434,0.94353,1.35,2.18
2013.09.03 09:30:47.155,0.94341,0.94354,1.43,1.35
2013.09.03 09:30:47.519,0.94343,0.94356,1.43,1.35
2013.09.03 09:30:48.075,0.94342,0.94355,1.50,1.35
2013.09.03 09:30:54.146,0.94345,0.94355,1.88,1.35
2013.09.03 09:30:54.507,0.94356,0.94368,1.13,2.78
2013.09.03 09:30:54.567,0.94358,0.94371,1.43,2.10
2013.09.03 09:30:54.628,0.94358,0.94372,2.10,2.10
2013.09.03 09:30:55.354,0.94359,0.94372,1.43,1.35
2013.09.03 09:30:55.656,0.94363,0.94376,1.43,1.35
2013.09.03 09:31:03.195,0.94365,0.94377,1.43,1.35
2013.09.03 09:31:03.375,0.94368,0.9438,1.43,1.05
2013.09.03 09:31:03.435,0.94368,0.94381,1.43,1.05
2013.09.03 09:31:03.495,0.94368,0.94382,1.43,3.60
2013.09.03 09:31:03.675,0.94367,0.9438,1.43,2.48
2013.09.03 09:31:03.855,0.94368,0.9438,2.10,2.18
2013.09.03 09:31:04.335,0.94369,0.9438,1.05,1.43
2013.09.03 09:31:04.455,0.94367,0.9438,1.80,1.43
2013.09.03 09:31:05.005,0.94368,0.94381,1.73,3.15
2013.09.03 09:31:05.545,0.94369,0.94381,1.73,1.73
2013.09.03 09:31:05.725,0.94369,0.94382,1.73,1.73
2013.09.03 09:31:06.272,0.9437,0.94382,1.05,1.73
2013.09.03 09:31:10.305,0.94368,0.94381,3.23,1.28
2013.09.03 09:31:10.425,0.9437,0.94383,1.43,1.43
2013.09.03 09:31:10.485,0.94371,0.94384,1.50,1.35
2013.09.03 09:31:10.665,0.94373,0.94386,2.10,1.43
2013.09.03 09:31:10.725,0.94372,0.94385,1.80,1.73
2013.09.03 09:31:11.085,0.94372,0.94383,1.13,1.35
2013.09.03 09:31:11.325,0.94373,0.94385,1.43,1.05
2013.09.03 09:31:14.815,0.94372,0.94385,1.73,1.43
2013.09.03 09:31:15.116,0.94371,0.94383,1.13,1.43
2013.09.03 09:31:16.435,0.94371,0.94383,1.80,1.43
2013.09.03 09:31:16.856,0.9437,0.94382,1.35,1.43
2013.09.03 09:31:18.105,0.9437,0.94382,2.40,1.13
2013.09.03 09:31:18.651,0.9437,0.94382,1.80,1.80
2013.09.03 09:31:20.885,0.94369,0.94382,1.05,2.55
2013.09.03 09:31:24.337,0.94368,0.9438,1.13,1.28
2013.09.03 09:31:24.516,0.94365,0.94377,1.80,1.43
2013.09.03 09:31:24.635,0.94368,0.94378,1.13,2.10
2013.09.03 09:31:25.177,0.94366,0.94377,1.13,1.35
2013.09.03 09:31:25.726,0.94363,0.94377,2.93,2.10
2013.09.03 09:31:26.797,0.94363,0.94377,1.88,2.10
2013.09.03 09:31:28.596,0.94363,0.94375,1.88,1.35
2013.09.03 09:31:28.716,0.94362,0.94374,1.43,1.05
2013.09.03 09:31:28.896,0.94361,0.94373,2.48,1.43
2013.09.03 09:31:29.375,0.94358,0.9437,1.50,1.35
2013.09.03 09:31:30.905,0.94358,0.9437,1.50,1.35
2013.09.03 09:31:33.099,0.94358,0.9437,1.50,1.35
2013.09.03 09:31:35.877,0.94358,0.9437,1.50,1.35
2013.09.03 09:31:36.187,0.94358,0.9437,1.50,1.35
2013.09.03 09:31:36.725,0.94358,0.9437,1.50,1.43
2013.09.03 09:31:36.965,0.94359,0.94372,1.43,1.43
2013.09.03 09:31:37.446,0.94358,0.9437,1.50,1.35
2013.09.03 09:31:37.685,0.94359,0.94372,1.43,1.43
2013.09.03 09:31:38.155,0.94361,0.94373,1.13,2.10
2013.09.03 09:31:38.455,0.94363,0.94375,1.13,1.35
2013.09.03 09:31:38.896,0.94362,0.94373,1.35,1.88
2013.09.03 09:31:38.955,0.9436,0.94373,1.73,1.88
2013.09.03 09:31:39.075,0.94359,0.94371,1.05,1.05
2013.09.03 09:31:39.615,0.94356,0.94369,1.43,1.05
2013.09.03 09:31:40.146,0.94356,0.94369,1.80,1.05
2013.09.03 09:31:40.535,0.94357,0.94366,1.50,1.35
2013.09.03 09:31:40.715,0.94355,0.94367,1.13,1.43
2013.09.03 09:31:40.775,0.94354,0.94367,1.05,1.43
2013.09.03 09:31:40.836,0.94353,0.94367,2.10,1.80
2013.09.03 09:31:41.490,0.94352,0.94364,1.43,1.05
2013.09.03 09:31:42.675,0.9435,0.94364,1.80,1.73
2013.09.03 09:31:43.106,0.94348,0.9436,1.13,1.35
2013.09.03 09:31:43.645,0.94348,0.94361,1.80,1.73
2013.09.03 09:31:52.047,0.94348,0.94361,1.80,2.10
2013.09.03 09:31:52.678,0.94348,0.94361,2.18,2.10
2013.09.03 09:31:59.695,0.94348,0.9436,1.05,2.10
2013.09.03 09:31:59.756,0.94345,0.94357,1.43,1.13
2013.09.03 09:31:59.815,0.94344,0.94357,1.35,1.13
2013.09.03 09:31:59.875,0.94343,0.94357,1.43,1.80
2013.09.03 09:32:00.182,0.94341,0.94354,1.73,1.80
2013.09.03 09:32:00.425,0.94339,0.94352,1.73,1.80
2013.09.03 09:32:01.025,0.94339,0.94352,1.73,1.43
2013.09.03 09:32:02.057,0.9434,0.94352,1.05,1.43
2013.09.03 09:32:02.619,0.94338,0.94352,2.55,2.40
2013.09.03 09:32:05.427,0.94338,0.94352,2.55,2.10
2013.09.03 09:32:05.785,0.94338,0.94351,2.18,1.05
2013.09.03 09:32:06.107,0.94337,0.94349,1.05,1.43
2013.09.03 09:32:07.305,0.94337,0.94349,1.05,2.18
2013.09.03 09:32:07.665,0.94333,0.94347,2.18,1.43
2013.09.03 09:32:07.725,0.94335,0.94347,1.05,1.43
2013.09.03 09:32:07.785,0.94336,0.94348,1.05,1.43
2013.09.03 09:32:08.085,0.94338,0.9435,1.80,1.43
2013.09.03 09:32:08.205,0.94338,0.9435,1.80,1.43
2013.09.03 09:32:09.057,0.94338,0.9435,1.80,1.43
2013.09.03 09:32:09.305,0.94338,0.9435,1.80,1.43
2013.09.03 09:32:09.388,0.94338,0.9435,1.80,1.43
2013.09.03 09:32:11.025,0.94339,0.94352,1.05,1.43
2013.09.03 09:32:11.545,0.94342,0.94353,1.73,1.50
2013.09.03 09:32:12.095,0.94345,0.94358,1.73,1.43
2013.09.03 09:32:13.697,0.94346,0.94359,1.43,2.10
2013.09.03 09:32:14.185,0.94348,0.94361,1.43,1.05
2013.09.03 09:32:14.305,0.94347,0.9436,1.35,1.13
2013.09.03 09:32:14.485,0.94345,0.94359,2.10,1.43
2013.09.03 09:32:16.005,0.94344,0.94357,1.35,1.43
2013.09.03 09:32:16.747,0.94343,0.94357,2.85,1.43
2013.09.03 09:32:18.545,0.94343,0.94354,2.10,1.13
2013.09.03 09:32:18.725,0.94341,0.94353,1.35,1.80
2013.09.03 09:32:18.785,0.9434,0.94352,1.43,1.80
2013.09.03 09:32:19.416,0.94338,0.94351,2.10,1.05
2013.09.03 09:32:20.955,0.94338,0.94351,1.35,1.80
2013.09.03 09:32:21.351,0.94335,0.94348,1.05,1.43
2013.09.03 09:32:22.836,0.94335,0.94348,1.05,1.43
2013.09.03 09:32:28.656,0.94336,0.94349,1.13,2.10
2013.09.03 09:32:38.138,0.94333,0.94347,1.80,2.10
2013.09.03 09:32:38.255,0.94333,0.94346,1.80,1.73
2013.09.03 09:32:38.495,0.94332,0.94343,1.88,1.35
2013.09.03 09:32:38.855,0.94332,0.94341,1.13,1.35
2013.09.03 09:32:39.335,0.94337,0.94342,1.13,1.35
2013.09.03 09:32:39.636,0.94347,0.94353,1.43,1.43
2013.09.03 09:32:39.696,0.94348,0.94353,1.13,1.43
2013.09.03 09:32:39.936,0.94346,0.94356,1.05,1.35
2013.09.03 09:32:40.476,0.94341,0.94354,1.80,1.43
2013.09.03 09:32:40.536,0.94341,0.94354,1.05,2.10
2013.09.03 09:32:40.717,0.9434,0.94351,1.35,1.13
2013.09.03 09:32:41.016,0.94339,0.94347,1.05,1.43
2013.09.03 09:32:41.195,0.94333,0.94346,1.80,1.35
2013.09.03 09:32:45.409,0.94333,0.94346,1.80,1.35
2013.09.03 09:32:48.885,0.94334,0.94347,1.05,2.18
2013.09.03 09:32:53.005,0.94338,0.94348,1.80,1.43
2013.09.03 09:32:53.065,0.94341,0.94354,1.35,1.35
2013.09.03 09:32:53.125,0.94338,0.94352,2.48,2.10
2013.09.03 09:32:53.245,0.94341,0.94354,1.35,2.03
2013.09.03 09:32:54.435,0.94346,0.94354,1.13,1.28
2013.09.03 09:32:54.616,0.94349,0.94362,1.35,1.50
2013.09.03 09:32:54.675,0.94353,0.94363,1.43,1.50
2013.09.03 09:32:54.855,0.94351,0.94365,1.43,1.35
2013.09.03 09:32:54.915,0.94353,0.94366,1.43,1.65
2013.09.03 09:32:55.396,0.94352,0.94366,1.35,1.80
2013.09.03 09:32:55.516,0.94348,0.94362,1.80,2.10
2013.09.03 09:32:55.576,0.94348,0.94362,1.80,2.10
2013.09.03 09:32:55.875,0.94348,0.9436,1.13,1.35
2013.09.03 09:32:56.605,0.94348,0.94362,1.80,2.10
2013.09.03 09:32:56.878,0.94348,0.94363,1.80,2.10
2013.09.03 09:32:57.055,0.94355,0.94364,1.43,1.05
2013.09.03 09:32:57.115,0.94353,0.94366,2.25,1.35
2013.09.03 09:32:57.235,0.94353,0.94366,1.50,1.35
2013.09.03 09:32:57.295,0.94353,0.94367,2.85,1.43
2013.09.03 09:32:57.715,0.94356,0.94368,1.43,1.35
2013.09.03 09:32:57.835,0.94358,0.94372,2.10,2.10
2013.09.03 09:32:58.525,0.94359,0.94372,1.05,2.10
2013.09.03 09:32:59.205,0.94359,0.94372,1.05,2.10
2013.09.03 09:32:59.795,0.94359,0.94372,1.80,2.10
2013.09.03 09:32:59.915,0.9436,0.94372,1.50,1.35
2013.09.03 09:33:00.301,0.94363,0.94375,1.13,1.35
2013.09.03 09:33:00.489,0.94364,0.94377,1.05,2.10
2013.09.03 09:33:00.608,0.94363,0.94374,1.80,1.43
2013.09.03 09:33:00.668,0.94362,0.94374,1.13,1.43
2013.09.03 09:33:01.877,0.94363,0.94374,1.50,2.10
2013.09.03 09:33:01.997,0.94364,0.94374,1.50,1.35
2013.09.03 09:33:02.058,0.94364,0.94377,1.35,1.50
2013.09.03 09:33:02.356,0.94366,0.94379,1.13,1.35
2013.09.03 09:33:02.535,0.94368,0.94381,1.13,1.73
2013.09.03 09:33:03.565,0.94367,0.94381,1.13,1.73
2013.09.03 09:33:04.475,0.94365,0.94378,1.05,1.43
2013.09.03 09:33:04.657,0.94369,0.94378,1.13,1.43
2013.09.03 09:33:05.028,0.94375,0.94383,1.73,1.43
2013.09.03 09:33:05.108,0.9438,0.9439,1.13,1.35
2013.09.03 09:33:05.360,0.94382,0.9439,1.50,1.35
2013.09.03 09:33:05.476,0.94383,0.94393,1.50,2.03
2013.09.03 09:33:05.596,0.94382,0.9439,1.13,1.35
2013.09.03 09:33:05.776,0.9438,0.94393,1.88,1.35
2013.09.03 09:33:06.195,0.94382,0.9439,1.50,1.35
2013.09.03 09:33:06.255,0.94383,0.94388,1.50,1.35
2013.09.03 09:33:06.376,0.94378,0.94385,1.50,1.35
2013.09.03 09:33:06.436,0.94378,0.94386,1.50,1.35
2013.09.03 09:33:06.556,0.94375,0.94386,1.88,1.35
2013.09.03 09:33:06.616,0.94377,0.9439,1.43,1.43
2013.09.03 09:33:06.675,0.94377,0.94391,1.43,1.35
2013.09.03 09:33:06.796,0.94375,0.94389,1.80,1.35
2013.09.03 09:33:08.146,0.94378,0.94391,1.80,1.43
2013.09.03 09:33:08.206,0.9438,0.94393,1.43,1.43
2013.09.03 09:33:08.265,0.9438,0.94392,1.35,1.50
2013.09.03 09:33:08.566,0.94378,0.94392,2.10,2.10
2013.09.03 09:33:08.625,0.94378,0.94392,1.43,2.85
2013.09.03 09:33:09.345,0.94378,0.94391,2.10,2.18
2013.09.03 09:33:09.817,0.94378,0.94389,1.35,1.50
2013.09.03 09:33:10.115,0.94376,0.94389,1.35,2.55
2013.09.03 09:33:10.235,0.94377,0.94389,1.80,2.18
2013.09.03 09:33:10.368,0.94379,0.94393,2.18,3.15
2013.09.03 09:33:10.941,0.94381,0.94394,1.43,1.35
2013.09.03 09:33:11.927,0.9438,0.94393,1.35,1.43
2013.09.03 09:33:12.395,0.9438,0.94393,1.35,2.18
2013.09.03 09:33:12.575,0.94376,0.9439,1.35,1.43
2013.09.03 09:33:13.403,0.94378,0.94391,1.35,1.50
2013.09.03 09:33:15.496,0.9438,0.94392,1.35,1.50
2013.09.03 09:33:15.555,0.9438,0.94392,1.35,1.50
2013.09.03 09:33:15.616,0.9438,0.94392,1.35,1.50
2013.09.03 09:33:15.915,0.94379,0.94392,1.35,3.68
2013.09.03 09:33:16.095,0.94381,0.94394,1.35,2.93
2013.09.03 09:33:16.645,0.94382,0.94394,1.35,1.50
2013.09.03 09:33:16.946,0.9438,0.94392,2.10,1.50
2013.09.03 09:33:17.005,0.9438,0.94392,1.35,1.50
2013.09.03 09:33:17.125,0.94382,0.94394,1.35,1.50
2013.09.03 09:33:18.467,0.94383,0.94397,2.48,1.43
2013.09.03 09:33:18.585,0.94385,0.94397,2.70,1.43
2013.09.03 09:33:18.886,0.94391,0.94402,1.35,1.50
2013.09.03 09:33:19.341,0.9439,0.94403,1.35,1.43
2013.09.03 09:33:19.726,0.94388,0.94402,2.48,1.43
2013.09.03 09:33:20.475,0.94389,0.94402,1.35,1.43
2013.09.03 09:33:20.536,0.9439,0.94403,1.35,2.18
2013.09.03 09:33:20.596,0.9439,0.94403,1.35,2.55
2013.09.03 09:33:20.835,0.94388,0.94401,2.48,1.50
2013.09.03 09:33:21.255,0.94389,0.94401,1.35,1.50
2013.09.03 09:33:21.316,0.94391,0.94402,1.35,1.50
2013.09.03 09:33:21.735,0.94393,0.94406,1.35,1.43
2013.09.03 09:33:22.298,0.94394,0.94407,1.35,1.35
2013.09.03 09:33:22.815,0.94393,0.94406,1.35,2.18
2013.09.03 09:33:24.127,0.94393,0.94406,1.35,1.50
2013.09.03 09:33:24.665,0.94394,0.94407,1.35,2.78
2013.09.03 09:33:25.057,0.94393,0.94405,1.35,1.43
2013.09.03 09:33:25.795,0.94391,0.94404,2.78,1.43
2013.09.03 09:33:26.097,0.94393,0.94406,1.35,2.18
2013.09.03 09:33:26.906,0.94394,0.94405,1.35,1.50
2013.09.03 09:33:27.025,0.94396,0.94407,2.78,1.43
2013.09.03 09:33:27.937,0.94398,0.94408,1.35,1.13
2013.09.03 09:33:28.476,0.94394,0.94408,2.10,2.40
2013.09.03 09:33:30.176,0.94394,0.94407,2.10,1.13
2013.09.03 09:33:30.536,0.94391,0.94404,1.80,1.43
2013.09.03 09:33:31.188,0.94391,0.94404,1.43,1.43
2013.09.03 09:33:31.732,0.94392,0.94406,1.73,2.18
2013.09.03 09:33:33.897,0.94389,0.94402,2.10,1.73
2013.09.03 09:33:33.956,0.94389,0.944,2.10,1.13
2013.09.03 09:33:34.136,0.94386,0.94401,2.10,2.10
2013.09.03 09:33:34.255,0.94384,0.94398,2.10,1.43
2013.09.03 09:33:34.495,0.94383,0.94397,1.35,2.03
2013.09.03 09:33:35.167,0.94383,0.94396,1.35,1.43
2013.09.03 09:33:35.916,0.94384,0.94397,2.10,1.35
2013.09.03 09:33:38.976,0.94382,0.94395,1.35,1.13
2013.09.03 09:33:40.236,0.94381,0.94394,1.35,1.43
2013.09.03 09:33:40.535,0.94379,0.94391,1.35,2.18
2013.09.03 09:33:40.836,0.94374,0.94388,1.35,1.43
2013.09.03 09:33:43.845,0.94374,0.94388,2.10,2.03
2013.09.03 09:33:44.085,0.94372,0.94384,1.35,1.43
2013.09.03 09:33:44.666,0.94372,0.94385,1.43,1.35
2013.09.03 09:33:44.845,0.94373,0.94387,2.10,2.10
2013.09.03 09:33:48.347,0.94373,0.94386,2.10,1.05
2013.09.03 09:33:48.945,0.94372,0.94385,1.43,1.80
2013.09.03 09:33:51.186,0.94373,0.94387,2.10,2.85
2013.09.03 09:33:51.246,0.94375,0.94387,1.35,1.50
2013.09.03 09:33:51.547,0.94377,0.94389,1.35,1.50
2013.09.03 09:33:52.173,0.94376,0.94389,1.35,2.18
2013.09.03 09:33:53.125,0.94375,0.94388,1.43,1.43
2013.09.03 09:33:55.636,0.94375,0.94388,1.35,2.18
2013.09.03 09:33:56.255,0.94376,0.94389,1.35,2.18
2013.09.03 09:34:00.885,0.94377,0.94389,1.35,2.18
2013.09.03 09:34:01.287,0.94378,0.9439,2.78,1.50
2013.09.03 09:34:01.406,0.94381,0.94394,1.35,2.03
2013.09.03 09:34:01.765,0.94384,0.94394,1.35,1.35
2013.09.03 09:34:02.277,0.94385,0.94394,1.35,1.35
2013.09.03 09:34:02.667,0.94383,0.94394,1.35,1.35
2013.09.03 09:34:06.146,0.94381,0.94394,2.10,2.03
2013.09.03 09:34:08.176,0.94382,0.94394,1.43,1.28
2013.09.03 09:34:08.355,0.94384,0.94398,1.35,2.55
2013.09.03 09:34:08.476,0.94384,0.94397,1.35,1.88
2013.09.03 09:34:08.656,0.94382,0.94396,1.35,1.43
2013.09.03 09:34:08.715,0.94382,0.94395,2.10,1.43
2013.09.03 09:34:09.075,0.94381,0.94394,1.35,1.43
2013.09.03 09:34:09.766,0.94382,0.94396,2.10,2.40
2013.09.03 09:34:10.746,0.94383,0.94396,1.43,1.65
2013.09.03 09:34:10.866,0.94382,0.94395,1.43,2.10
2013.09.03 09:34:12.127,0.94381,0.94394,1.35,1.43
2013.09.03 09:34:12.365,0.94379,0.94392,1.73,1.43
2013.09.03 09:34:14.215,0.94381,0.94393,1.13,2.10
2013.09.03 09:34:14.765,0.94381,0.94393,1.35,1.50
2013.09.03 09:34:14.946,0.94379,0.94393,1.35,2.18
2013.09.03 09:34:16.555,0.9438,0.94393,1.35,2.18
2013.09.03 09:34:17.117,0.94381,0.94393,1.35,1.50
2013.09.03 09:34:24.696,0.94381,0.94394,1.35,2.93
2013.09.03 09:34:24.945,0.94377,0.94391,1.35,1.43
2013.09.03 09:34:25.185,0.94375,0.94389,1.35,1.43
2013.09.03 09:34:26.905,0.94377,0.94389,1.35,1.50
2013.09.03 09:34:30.516,0.94377,0.94387,1.35,1.13
2013.09.03 09:34:31.916,0.94377,0.94388,1.35,1.13
2013.09.03 09:34:36.515,0.94375,0.94387,2.10,1.43
2013.09.03 09:34:36.875,0.94374,0.94386,1.35,1.50
2013.09.03 09:34:41.215,0.94373,0.94386,1.43,2.18
2013.09.03 09:35:01.325,0.94373,0.94386,1.35,2.93
2013.09.03 09:35:01.685,0.94371,0.94383,1.35,1.35
2013.09.03 09:35:02.257,0.94369,0.94375,1.43,1.50
2013.09.03 09:35:02.375,0.94365,0.94374,2.18,1.35
2013.09.03 09:35:02.556,0.94365,0.94374,1.43,2.10
2013.09.03 09:35:02.615,0.94362,0.94374,1.35,1.35
2013.09.03 09:35:03.566,0.94361,0.94369,1.35,1.35
2013.09.03 09:35:03.751,0.94358,0.94369,1.35,1.35
2013.09.03 09:35:03.876,0.94355,0.94369,1.35,2.03
2013.09.03 09:35:03.936,0.94355,0.94368,1.35,1.43
2013.09.03 09:35:04.056,0.94353,0.94367,1.35,1.80
2013.09.03 09:35:04.477,0.94353,0.94367,2.10,1.80
2013.09.03 09:35:05.137,0.94354,0.94367,1.05,1.43
2013.09.03 09:35:05.557,0.94355,0.94366,1.35,2.10
2013.09.03 09:35:05.616,0.94353,0.94366,2.48,2.10
2013.09.03 09:35:05.675,0.94354,0.94367,1.35,1.43
2013.09.03 09:35:05.736,0.94354,0.94367,2.10,1.43
2013.09.03 09:35:06.267,0.94355,0.94369,2.10,2.03
2013.09.03 09:35:06.685,0.94355,0.94369,2.78,1.28
2013.09.03 09:35:06.745,0.94356,0.9437,1.35,1.43
2013.09.03 09:35:06.926,0.94359,0.94372,1.35,2.18
2013.09.03 09:35:07.105,0.94356,0.94371,1.35,1.35
2013.09.03 09:35:07.655,0.94356,0.94369,1.35,1.43
2013.09.03 09:35:07.955,0.94357,0.94371,1.35,1.43
2013.09.03 09:35:08.075,0.94356,0.9437,2.10,1.35
2013.09.03 09:35:08.315,0.94357,0.94371,1.35,1.43
2013.09.03 09:35:08.375,0.94356,0.9437,2.10,1.35
2013.09.03 09:35:08.945,0.94358,0.94371,1.35,1.43
2013.09.03 09:35:09.256,0.94355,0.94369,1.35,2.18
2013.09.03 09:35:09.617,0.94356,0.94369,1.35,1.50
2013.09.03 09:35:09.678,0.94354,0.94367,1.73,1.43
2013.09.03 09:35:09.736,0.94354,0.94367,1.05,1.43
2013.09.03 09:35:10.445,0.94354,0.94367,3.15,1.50
2013.09.03 09:35:10.806,0.94355,0.94367,1.35,1.35
2013.09.03 09:35:10.925,0.94354,0.94367,1.43,2.03
2013.09.03 09:35:11.466,0.94357,0.94367,1.35,1.35
2013.09.03 09:35:11.586,0.94355,0.94367,2.10,1.73
2013.09.03 09:35:11.646,0.94355,0.94367,2.10,1.73
2013.09.03 09:35:11.825,0.94355,0.94367,1.35,2.48
2013.09.03 09:35:12.125,0.94357,0.94367,1.35,1.35
2013.09.03 09:35:12.796,0.94355,0.94367,1.35,1.35
2013.09.03 09:35:12.855,0.94357,0.94367,1.35,1.35
2013.09.03 09:35:13.376,0.94356,0.94367,1.35,2.10
2013.09.03 09:35:13.435,0.94354,0.94368,2.10,2.18
2013.09.03 09:35:13.937,0.94354,0.94367,1.43,2.10
2013.09.03 09:35:14.535,0.94354,0.94366,1.43,1.43
2013.09.03 09:35:14.658,0.94352,0.94364,1.43,1.43
2013.09.03 09:35:15.195,0.94352,0.94365,1.80,1.43
2013.09.03 09:35:15.736,0.94352,0.94364,1.05,1.43
2013.09.03 09:35:16.376,0.94352,0.94365,1.73,2.18
2013.09.03 09:35:16.615,0.94351,0.94364,1.43,1.43
2013.09.03 09:35:16.855,0.94349,0.94362,1.13,2.10
2013.09.03 09:35:17.695,0.94348,0.94362,1.43,2.10
2013.09.03 09:35:18.505,0.94348,0.94361,1.43,1.05
2013.09.03 09:35:19.046,0.94348,0.9436,2.63,1.35
2013.09.03 09:35:19.165,0.94349,0.94362,1.43,2.85
2013.09.03 09:35:19.718,0.94349,0.94362,2.10,2.18
2013.09.03 09:35:20.295,0.94349,0.94363,2.85,1.43
2013.09.03 09:35:20.868,0.9435,0.94364,1.35,2.55
2013.09.03 09:35:22.537,0.94349,0.94362,2.18,2.10
2013.09.03 09:35:22.896,0.94351,0.94362,1.50,2.10
2013.09.03 09:35:27.957,0.9435,0.94362,1.50,2.10
2013.09.03 09:35:28.478,0.94349,0.94362,1.43,2.85
2013.09.03 09:35:29.048,0.94349,0.9436,1.13,2.10
2013.09.03 09:35:29.346,0.94347,0.9436,2.18,1.35
2013.09.03 09:35:29.406,0.94348,0.9436,1.13,2.78
2013.09.03 09:35:29.986,0.94347,0.94358,1.88,1.35
2013.09.03 09:35:32.896,0.94348,0.94358,1.13,2.10
2013.09.03 09:35:33.197,0.94359,0.94368,2.26,1.43
2013.09.03 09:35:33.257,0.94361,0.94368,1.13,1.35
2013.09.03 09:35:33.376,0.94364,0.94374,1.13,1.35
2013.09.03 09:35:33.496,0.94367,0.94377,1.13,1.35
2013.09.03 09:35:33.616,0.94366,0.94379,1.73,1.35
2013.09.03 09:35:33.856,0.94365,0.94377,1.88,1.35
2013.09.03 09:35:34.586,0.94365,0.94379,2.93,1.35
2013.09.03 09:35:35.246,0.94365,0.94377,1.88,1.35
2013.09.03 09:35:35.426,0.94363,0.94376,1.43,2.10
2013.09.03 09:35:35.487,0.94363,0.94375,1.50,1.35
2013.09.03 09:35:35.727,0.9436,0.94373,1.35,1.50
2013.09.03 09:35:36.087,0.94358,0.94372,2.18,2.10
2013.09.03 09:35:36.207,0.94358,0.94372,1.43,2.10
2013.09.03 09:35:36.527,0.94358,0.94372,1.43,2.18
2013.09.03 09:35:36.937,0.9436,0.94373,1.35,2.18
2013.09.03 09:35:37.115,0.94358,0.94371,2.48,1.43
2013.09.03 09:35:37.677,0.94357,0.94369,1.43,1.43
2013.09.03 09:35:38.675,0.94358,0.9437,1.50,1.35
2013.09.03 09:35:38.796,0.94358,0.9437,1.88,1.35
2013.09.03 09:35:38.855,0.94358,0.94372,1.80,2.10
2013.09.03 09:35:38.916,0.94358,0.94372,1.80,2.10
2013.09.03 09:35:38.975,0.9436,0.94373,1.35,2.18
2013.09.03 09:35:39.336,0.94358,0.94372,2.85,1.80
2013.09.03 09:35:39.695,0.94359,0.94372,1.05,2.18
2013.09.03 09:35:39.815,0.94358,0.94372,2.48,2.18
2013.09.03 09:35:39.936,0.94358,0.94371,1.80,2.10
2013.09.03 09:35:40.136,0.94359,0.94372,1.05,2.18
2013.09.03 09:35:40.874,0.94358,0.94372,2.48,2.18
2013.09.03 09:35:41.417,0.94358,0.9437,1.13,1.43
2013.09.03 09:35:41.987,0.94358,0.94371,1.13,2.10
2013.09.03 09:35:42.301,0.94359,0.94372,1.05,2.85
2013.09.03 09:35:42.838,0.94362,0.94376,1.35,1.43
2013.09.03 09:35:42.907,0.94364,0.94377,1.35,2.78
2013.09.03 09:35:43.166,0.94365,0.94378,1.80,1.35
2013.09.03 09:35:43.616,0.94368,0.94381,1.43,1.35
2013.09.03 09:35:45.157,0.94368,0.9438,1.43,1.43
2013.09.03 09:35:45.819,0.94368,0.9438,1.43,1.43
2013.09.03 09:35:46.896,0.94368,0.94379,1.43,1.35
2013.09.03 09:35:47.076,0.94364,0.94377,1.05,1.43
2013.09.03 09:35:47.136,0.94364,0.94377,1.73,1.43
2013.09.03 09:35:47.955,0.94363,0.94377,1.43,2.48
2013.09.03 09:35:48.445,0.94362,0.94375,1.43,2.10
2013.09.03 09:35:48.938,0.94358,0.94373,4.28,2.03
2013.09.03 09:35:48.996,0.94358,0.94372,2.85,1.43
2013.09.03 09:35:49.966,0.94358,0.94371,1.43,1.35
2013.09.03 09:35:54.478,0.94358,0.94371,1.43,1.43
2013.09.03 09:35:55.576,0.94358,0.94371,1.43,2.10
2013.09.03 09:36:01.156,0.94358,0.94371,1.43,1.43
2013.09.03 09:36:02.776,0.94358,0.94371,1.35,1.50
2013.09.03 09:36:03.315,0.94357,0.94368,2.10,1.13
2013.09.03 09:36:07.796,0.94358,0.94368,1.35,1.13
2013.09.03 09:36:11.304,0.94357,0.94368,1.35,1.13
2013.09.03 09:36:11.366,0.94354,0.94367,1.43,2.10
2013.09.03 09:36:11.888,0.94353,0.94365,1.50,1.05
2013.09.03 09:36:12.448,0.94352,0.94365,1.43,1.05
2013.09.03 09:36:12.987,0.94352,0.94366,1.43,1.73
2013.09.03 09:36:13.705,0.94352,0.94365,1.43,1.05
2013.09.03 09:36:14.126,0.94349,0.94363,2.10,1.80
2013.09.03 09:36:14.546,0.9435,0.94364,1.80,1.35
2013.09.03 09:36:16.125,0.94352,0.94365,1.43,1.43
2013.09.03 09:36:17.606,0.94353,0.94366,2.10,1.43
2013.09.03 09:36:18.165,0.94354,0.94367,1.35,1.13
2013.09.03 09:36:21.175,0.94354,0.94367,1.35,1.50
2013.09.03 09:36:25.377,0.94355,0.94367,1.35,1.50
2013.09.03 09:36:25.856,0.94354,0.94366,1.05,1.43
2013.09.03 09:36:26.375,0.94354,0.94367,1.05,2.10
2013.09.03 09:36:26.495,0.94355,0.94367,1.13,2.10
2013.09.03 09:36:26.795,0.94355,0.94367,1.13,2.10
2013.09.03 09:36:30.557,0.94354,0.94367,1.05,2.10
2013.09.03 09:36:31.267,0.94354,0.94367,1.05,2.10
2013.09.03 09:36:35.105,0.94353,0.94367,2.10,2.85
2013.09.03 09:36:35.318,0.94354,0.94366,1.05,1.43
2013.09.03 09:36:36.726,0.94351,0.94364,1.05,1.43
2013.09.03 09:36:40.205,0.9435,0.94362,2.10,1.80
2013.09.03 09:36:42.445,0.94348,0.94361,2.85,1.73
2013.09.03 09:36:42.745,0.94344,0.94358,1.35,2.03
2013.09.03 09:36:43.285,0.94343,0.94357,2.85,2.10
2013.09.03 09:36:43.795,0.94344,0.94358,1.35,2.40
2013.09.03 09:36:44.302,0.94343,0.94357,2.85,2.10
2013.09.03 09:36:45.749,0.94343,0.94357,3.60,1.43
2013.09.03 09:36:46.676,0.94344,0.94358,1.35,2.78
2013.09.03 09:36:47.336,0.94345,0.94358,1.35,2.85
2013.09.03 09:36:47.696,0.94352,0.9436,1.35,2.25
2013.09.03 09:36:47.998,0.94354,0.94363,1.35,1.35
2013.09.03 09:36:49.275,0.94352,0.94362,1.35,1.35
2013.09.03 09:36:50.435,0.94352,0.94362,1.35,1.35
2013.09.03 09:36:50.556,0.94354,0.94365,1.35,1.50
2013.09.03 09:37:02.326,0.94356,0.94366,2.03,1.35
2013.09.03 09:37:02.387,0.94356,0.94367,2.03,1.50
2013.09.03 09:37:02.508,0.94358,0.94369,1.35,2.10
2013.09.03 09:37:02.868,0.94361,0.94371,1.35,1.35
2013.09.03 09:37:03.376,0.94358,0.94369,1.35,1.50
2013.09.03 09:37:03.915,0.94358,0.94367,1.43,1.35
2013.09.03 09:37:06.657,0.94354,0.94367,1.35,1.35
2013.09.03 09:37:07.377,0.94353,0.94363,1.35,1.35
2013.09.03 09:37:09.286,0.94354,0.94366,1.05,1.50
2013.09.03 09:37:12.895,0.94354,0.94368,1.73,2.18
2013.09.03 09:37:14.935,0.94354,0.94368,1.35,2.18
2013.09.03 09:37:15.445,0.94353,0.94366,2.10,1.80
2013.09.03 09:37:15.988,0.94354,0.94363,1.35,1.35
2013.09.03 09:37:16.616,0.94352,0.94362,1.35,1.13
2013.09.03 09:37:16.676,0.94352,0.9436,1.35,1.50
2013.09.03 09:37:16.856,0.94348,0.94357,1.35,1.35
2013.09.03 09:37:16.977,0.94347,0.94356,1.35,1.35
2013.09.03 09:37:17.096,0.94346,0.94356,1.35,1.35
2013.09.03 09:37:25.419,0.94344,0.94356,1.35,1.35
2013.09.03 09:37:25.656,0.94346,0.94358,1.35,1.50
2013.09.03 09:37:43.637,0.94346,0.94358,1.35,1.50
2013.09.03 09:37:45.675,0.94345,0.94358,1.35,2.25
2013.09.03 09:37:50.807,0.94345,0.94357,1.35,1.13
2013.09.03 09:37:52.567,0.94345,0.94358,1.35,2.63
2013.09.03 09:37:58.196,0.94346,0.94358,1.43,1.88
2013.09.03 09:37:58.376,0.94347,0.9436,1.43,1.43
2013.09.03 09:37:58.915,0.94348,0.94361,2.18,1.35
2013.09.03 09:38:00.906,0.94347,0.9436,1.50,1.35
2013.09.03 09:38:13.937,0.94348,0.9436,1.43,1.35
2013.09.03 09:38:15.526,0.94348,0.9436,1.43,1.43
2013.09.03 09:38:16.076,0.94347,0.94359,1.50,2.10
2013.09.03 09:38:18.268,0.94347,0.94358,1.50,2.10
2013.09.03 09:38:20.285,0.94347,0.94358,1.50,1.43
2013.09.03 09:38:22.116,0.94347,0.94358,1.50,2.10
2013.09.03 09:38:27.826,0.94347,0.94357,1.50,1.43
2013.09.03 09:38:28.066,0.94343,0.94356,1.50,2.10
2013.09.03 09:38:28.306,0.9434,0.94352,1.50,1.43
2013.09.03 09:38:28.606,0.9434,0.94352,1.13,2.10
2013.09.03 09:38:30.566,0.94338,0.94351,1.50,1.28
2013.09.03 09:38:30.627,0.94337,0.94349,1.43,1.13
2013.09.03 09:38:30.686,0.94336,0.94349,1.35,1.13
2013.09.03 09:38:30.746,0.94333,0.94345,2.93,1.05
2013.09.03 09:38:30.806,0.94333,0.94345,1.50,1.73
2013.09.03 09:38:30.866,0.94331,0.94341,1.13,1.43
2013.09.03 09:38:30.929,0.94329,0.94341,1.35,1.80
2013.09.03 09:38:30.986,0.94325,0.94337,1.43,1.43
2013.09.03 09:38:32.096,0.94324,0.94337,1.80,1.43
2013.09.03 09:38:37.385,0.94323,0.94337,2.25,2.85
2013.09.03 09:38:38.270,0.94323,0.94335,1.88,1.35
2013.09.03 09:38:38.508,0.94319,0.94331,1.43,1.05
2013.09.03 09:38:38.757,0.94317,0.94327,1.50,1.35
2013.09.03 09:38:39.277,0.94316,0.94327,1.13,2.10
2013.09.03 09:38:42.336,0.94314,0.94326,1.43,1.35
2013.09.03 09:38:42.396,0.94314,0.94326,1.43,1.35
2013.09.03 09:38:42.516,0.94313,0.94324,1.50,1.35
2013.09.03 09:38:42.817,0.94305,0.94317,1.43,1.43
2013.09.03 09:38:42.936,0.94305,0.94317,1.80,2.10
2013.09.03 09:38:43.296,0.94308,0.94317,1.50,1.35
2013.09.03 09:38:43.416,0.94308,0.94319,1.50,1.35
2013.09.03 09:38:44.016,0.94308,0.94318,1.50,1.35
2013.09.03 09:38:45.715,0.94308,0.94319,1.50,1.35
2013.09.03 09:38:45.776,0.94308,0.94319,1.50,1.35
2013.09.03 09:38:46.017,0.94309,0.94321,1.13,1.43
2013.09.03 09:38:46.566,0.94308,0.9432,1.88,1.35
2013.09.03 09:38:48.356,0.94308,0.9432,1.88,1.35
2013.09.03 09:38:48.476,0.94308,0.94319,1.88,1.35
2013.09.03 09:38:48.775,0.94308,0.94319,1.88,1.35
2013.09.03 09:38:49.746,0.94308,0.94318,1.88,1.43
2013.09.03 09:38:50.757,0.94305,0.94318,1.80,2.18
2013.09.03 09:38:50.876,0.94305,0.94316,2.25,1.35
2013.09.03 09:38:51.002,0.94305,0.94317,1.80,2.10
2013.09.03 09:38:51.546,0.94305,0.94316,1.50,1.35
2013.09.03 09:38:51.966,0.94305,0.94316,1.13,1.35
2013.09.03 09:38:52.086,0.94307,0.94318,1.50,1.35
2013.09.03 09:38:52.701,0.94308,0.94318,1.50,1.35
2013.09.03 09:38:54.276,0.94305,0.94317,1.88,1.43
2013.09.03 09:38:54.636,0.94303,0.94315,1.88,1.35
2013.09.03 09:38:55.321,0.94303,0.94314,1.13,1.35
2013.09.03 09:38:55.396,0.94303,0.94316,1.80,1.35
2013.09.03 09:38:57.968,0.94303,0.94316,1.80,1.35
2013.09.03 09:38:58.747,0.94303,0.94316,1.43,1.35
2013.09.03 09:39:00.846,0.94303,0.94317,1.43,2.85
2013.09.03 09:39:01.377,0.94303,0.94317,2.10,2.18
2013.09.03 09:39:07.096,0.94306,0.94317,2.18,1.43
2013.09.03 09:39:07.456,0.94313,0.94325,1.05,1.50
2013.09.03 09:39:07.516,0.94313,0.94325,1.05,2.25
2013.09.03 09:39:08.065,0.94312,0.94325,1.73,1.43
2013.09.03 09:39:12.620,0.94313,0.94327,1.35,2.18
2013.09.03 09:39:14.416,0.94313,0.94327,2.10,2.18
2013.09.03 09:39:14.476,0.94313,0.94327,1.35,2.18
2013.09.03 09:39:17.997,0.94314,0.94327,1.73,2.18
2013.09.03 09:39:18.593,0.94315,0.94327,1.35,1.50
2013.09.03 09:39:23.566,0.94315,0.94328,2.85,2.18
2013.09.03 09:39:23.627,0.94319,0.9433,1.35,1.50
2013.09.03 09:39:23.876,0.94322,0.94333,1.43,1.50
2013.09.03 09:39:23.936,0.94322,0.94334,1.73,1.43
2013.09.03 09:39:26.206,0.94319,0.94332,1.43,1.43
2013.09.03 09:39:26.736,0.94317,0.9433,2.48,1.43
2013.09.03 09:39:30.906,0.94319,0.94332,1.35,2.18
2013.09.03 09:39:33.066,0.94318,0.9433,1.35,1.43
2013.09.03 09:39:33.366,0.94313,0.94327,3.30,2.10
2013.09.03 09:39:33.485,0.94313,0.94327,2.55,2.10
2013.09.03 09:39:39.745,0.94313,0.94327,2.93,2.10
2013.09.03 09:39:40.046,0.94317,0.9433,1.35,1.13
2013.09.03 09:39:40.616,0.94318,0.94331,1.35,1.43
2013.09.03 09:39:40.975,0.94322,0.94333,1.35,1.35
2013.09.03 09:39:41.756,0.9432,0.94333,1.35,1.35
2013.09.03 09:39:42.876,0.94319,0.94332,1.35,2.55
2013.09.03 09:39:42.936,0.94317,0.9433,1.35,1.43
2013.09.03 09:39:43.176,0.94313,0.94328,2.85,1.43
2013.09.03 09:39:43.235,0.94313,0.94327,2.85,1.43
2013.09.03 09:39:46.757,0.94313,0.94327,1.35,1.43
2013.09.03 09:39:47.306,0.94312,0.94325,1.73,1.43
2013.09.03 09:39:47.486,0.94311,0.94323,1.43,1.43
2013.09.03 09:39:47.666,0.94305,0.94319,1.43,1.43
2013.09.03 09:39:47.726,0.94304,0.94318,1.35,1.43
2013.09.03 09:39:48.236,0.94304,0.94317,1.05,2.10
2013.09.03 09:39:49.547,0.94304,0.94317,1.05,2.10
2013.09.03 09:39:50.876,0.94304,0.94317,1.05,2.10
2013.09.03 09:39:53.516,0.94304,0.94317,1.05,2.10
2013.09.03 09:39:54.045,0.94304,0.94318,1.35,1.43
2013.09.03 09:40:08.556,0.94305,0.94319,1.80,2.85
2013.09.03 09:40:15.477,0.94306,0.94317,1.35,1.43
2013.09.03 09:40:15.596,0.94304,0.94317,1.35,2.10
2013.09.03 09:40:15.716,0.943,0.94312,1.13,2.10
2013.09.03 09:40:15.776,0.94299,0.94312,1.05,2.10
2013.09.03 09:40:15.836,0.94299,0.94311,1.05,1.43
2013.09.03 09:40:16.746,0.943,0.94311,1.43,1.43
2013.09.03 09:40:16.806,0.94302,0.94312,1.13,2.10
2013.09.03 09:40:16.986,0.94305,0.94314,1.05,1.43
2013.09.03 09:40:17.346,0.94309,0.94324,1.35,2.03
2013.09.03 09:40:17.646,0.94309,0.94317,1.35,1.13
2013.09.03 09:40:17.706,0.94309,0.94318,1.35,1.05
2013.09.03 09:40:17.768,0.94307,0.94316,1.35,1.35
2013.09.03 09:40:17.827,0.94304,0.94316,1.80,1.35
2013.09.03 09:40:18.436,0.94303,0.94316,1.80,2.70
2013.09.03 09:40:18.856,0.94303,0.94316,1.43,2.10
2013.09.03 09:40:20.857,0.94302,0.94315,1.35,1.43
2013.09.03 09:40:21.036,0.94299,0.94312,1.35,1.43
2013.09.03 09:40:21.586,0.943,0.94314,1.35,2.78
2013.09.03 09:40:27.546,0.94298,0.94312,2.18,2.10
2013.09.03 09:40:28.227,0.94299,0.94312,1.50,2.10
2013.09.03 09:40:39.067,0.94297,0.9431,2.55,1.35
2013.09.03 09:40:40.486,0.94298,0.9431,1.50,1.35
2013.09.03 09:40:40.666,0.94299,0.94312,1.88,2.10
2013.09.03 09:40:41.216,0.94298,0.94312,2.93,2.10
2013.09.03 09:40:41.637,0.94298,0.94311,1.13,1.43
2013.09.03 09:40:41.939,0.94297,0.94308,1.13,1.43
2013.09.03 09:40:41.997,0.94295,0.94308,2.18,1.43
2013.09.03 09:40:42.118,0.94297,0.94309,1.43,1.35
2013.09.03 09:40:42.479,0.94296,0.9431,2.10,1.43
2013.09.03 09:40:42.797,0.943,0.94311,1.35,1.50
2013.09.03 09:40:44.088,0.94299,0.94311,1.35,1.50
2013.09.03 09:40:44.637,0.94298,0.94311,2.10,1.50
2013.09.03 09:40:48.556,0.94299,0.94311,1.05,1.50
2013.09.03 09:40:51.946,0.943,0.94313,2.10,1.88
2013.09.03 09:40:52.246,0.94303,0.94314,1.05,1.43
2013.09.03 09:40:52.606,0.94309,0.94322,1.35,3.23
2013.09.03 09:40:54.166,0.94308,0.94321,1.35,1.43
2013.09.03 09:40:55.467,0.94309,0.94321,1.35,1.43
2013.09.03 09:40:56.107,0.94308,0.94322,1.35,3.30
2013.09.03 09:40:58.286,0.94307,0.9432,2.10,1.43
2013.09.03 09:41:00.546,0.94308,0.94321,1.43,1.35
2013.09.03 09:41:09.757,0.94308,0.94321,1.80,1.35
2013.09.03 09:41:13.336,0.94308,0.9432,1.05,1.43
2013.09.03 09:41:21.418,0.94309,0.94322,1.05,3.60
2013.09.03 09:41:21.727,0.9431,0.94322,1.05,1.43
2013.09.03 09:41:22.086,0.94317,0.94327,1.43,2.10
2013.09.03 09:41:22.266,0.94319,0.94332,1.05,2.85
2013.09.03 09:41:23.676,0.94318,0.94331,2.10,1.43
2013.09.03 09:41:24.187,0.94317,0.9433,1.13,1.43
2013.09.03 09:41:26.756,0.94318,0.94331,1.13,1.35
2013.09.03 09:41:28.725,0.94318,0.94331,1.13,1.35
2013.09.03 09:41:30.506,0.94317,0.94331,2.18,1.05
2013.09.03 09:41:30.866,0.94313,0.94326,1.13,1.35
2013.09.03 09:41:30.926,0.94313,0.94324,1.13,1.35
2013.09.03 09:41:31.166,0.94309,0.94323,2.18,2.10
2013.09.03 09:41:31.287,0.94309,0.94323,1.43,2.10
2013.09.03 09:41:31.347,0.94308,0.94322,3.30,1.43
2013.09.03 09:41:31.466,0.94309,0.94323,2.10,1.43
2013.09.03 09:41:32.087,0.94308,0.94322,2.10,2.10
2013.09.03 09:41:35.997,0.94309,0.94322,1.43,1.35
2013.09.03 09:41:36.176,0.94311,0.94325,1.43,1.35
2013.09.03 09:41:46.678,0.94313,0.94325,1.43,1.28
2013.09.03 09:41:47.313,0.94312,0.94325,2.18,1.95
2013.09.03 09:41:56.538,0.94312,0.94324,1.43,1.43
2013.09.03 09:42:01.703,0.94313,0.94325,1.35,1.35
2013.09.03 09:42:01.770,0.94313,0.94327,2.10,1.43
2013.09.03 09:42:01.827,0.94318,0.94329,1.43,1.28
2013.09.03 09:42:01.886,0.94319,0.94332,1.35,2.55
2013.09.03 09:42:02.006,0.94321,0.94335,1.35,1.65
2013.09.03 09:42:02.307,0.94321,0.94336,2.10,2.32
2013.09.03 09:42:03.346,0.94323,0.94337,2.10,2.10
2013.09.03 09:42:16.967,0.94324,0.94336,1.35,1.43
2013.09.03 09:42:17.087,0.94327,0.9434,1.43,1.95
2013.09.03 09:42:17.207,0.94327,0.9434,1.43,1.35
2013.09.03 09:42:17.386,0.94328,0.94342,1.43,2.85
2013.09.03 09:42:18.126,0.94328,0.94342,2.10,1.43
2013.09.03 09:42:18.556,0.94328,0.94341,1.43,1.35
2013.09.03 09:42:18.929,0.94325,0.94338,1.50,1.35
2013.09.03 09:42:23.746,0.94326,0.94338,1.43,1.35
2013.09.03 09:42:23.986,0.94325,0.94338,2.48,1.43
2013.09.03 09:42:24.286,0.94326,0.94339,1.43,2.10
2013.09.03 09:42:24.466,0.94328,0.94341,1.43,1.35
2013.09.03 09:42:32.956,0.94328,0.94342,2.18,2.10
2013.09.03 09:42:33.562,0.94328,0.94342,2.85,1.43
2013.09.03 09:42:34.876,0.94328,0.94342,2.85,1.43
2013.09.03 09:42:48.096,0.9433,0.94342,1.43,1.43
2013.09.03 09:42:48.217,0.94333,0.94346,1.80,1.43
2013.09.03 09:42:48.276,0.94335,0.94348,1.43,1.43
2013.09.03 09:42:48.337,0.94336,0.94349,1.43,1.35
2013.09.03 09:42:48.396,0.94338,0.94351,1.43,1.43
2013.09.03 09:42:49.316,0.94338,0.94352,1.43,1.35
2013.09.03 09:42:50.606,0.94338,0.94352,1.43,2.10
2013.09.03 09:42:55.707,0.94337,0.94352,2.10,2.85
2013.09.03 09:42:56.066,0.94334,0.94347,1.35,1.43
2013.09.03 09:42:56.126,0.94333,0.94347,1.43,1.43
2013.09.03 09:42:56.646,0.94333,0.94345,1.43,1.35
2013.09.03 09:42:59.986,0.94331,0.94345,2.18,2.10
2013.09.03 09:43:03.016,0.94333,0.94346,1.43,1.35
2013.09.03 09:43:04.356,0.94331,0.94345,2.18,2.10
2013.09.03 09:43:06.746,0.94331,0.94344,1.43,1.35
2013.09.03 09:43:07.047,0.9433,0.94339,1.50,1.35
2013.09.03 09:43:07.167,0.94329,0.94339,1.50,1.35
2013.09.03 09:43:07.407,0.94325,0.94339,1.50,1.35
2013.09.03 09:43:07.467,0.94328,0.94339,1.50,1.35
2013.09.03 09:43:08.217,0.94325,0.94339,1.50,1.35
2013.09.03 09:43:09.296,0.94325,0.94338,2.25,1.35
2013.09.03 09:43:09.549,0.94323,0.94337,2.85,1.43
2013.09.03 09:43:09.846,0.94323,0.94335,2.10,1.35
2013.09.03 09:43:10.207,0.94323,0.94333,1.35,1.35
2013.09.03 09:43:10.976,0.94323,0.94333,1.35,1.35
2013.09.03 09:43:11.098,0.94327,0.94335,1.50,1.35
2013.09.03 09:43:11.956,0.94327,0.9434,1.50,1.35
2013.09.03 09:43:13.126,0.94327,0.94339,1.50,2.10
2013.09.03 09:43:13.437,0.94327,0.94334,1.50,1.35
2013.09.03 09:43:14.856,0.94325,0.94336,1.50,1.35
2013.09.03 09:43:17.376,0.94325,0.94337,2.25,1.35
2013.09.03 09:43:17.436,0.94325,0.94336,2.25,1.35
2013.09.03 09:43:23.879,0.94325,0.94336,2.25,2.10
2013.09.03 09:43:35.357,0.94325,0.94335,1.50,1.35
2013.09.03 09:43:36.486,0.94328,0.94338,1.88,1.35
2013.09.03 09:43:37.046,0.94325,0.94337,1.35,1.43
2013.09.03 09:43:37.166,0.94324,0.94336,1.50,1.35
2013.09.03 09:43:37.567,0.94323,0.94336,1.13,2.10
2013.09.03 09:43:38.616,0.94319,0.94335,1.13,1.35
2013.09.03 09:43:47.337,0.94318,0.94334,2.18,1.43
2013.09.03 09:43:47.516,0.94318,0.94332,1.43,1.43
2013.09.03 09:43:47.577,0.94318,0.94332,1.43,2.10
2013.09.03 09:43:48.151,0.94317,0.94331,2.48,1.35
2013.09.03 09:43:48.217,0.94317,0.94331,2.48,1.35
2013.09.03 09:43:55.377,0.94317,0.9433,2.10,1.35
2013.09.03 09:43:55.737,0.94316,0.94326,1.13,1.35
2013.09.03 09:43:57.266,0.94317,0.94328,1.50,1.35
2013.09.03 09:43:57.957,0.94318,0.94329,1.13,1.35
2013.09.03 09:43:58.078,0.9432,0.94332,1.50,1.35
2013.09.03 09:44:01.037,0.9432,0.94331,1.50,1.43
2013.09.03 09:44:03.140,0.9432,0.94332,1.50,1.35
2013.09.03 09:44:03.268,0.94321,0.94334,1.43,1.35
2013.09.03 09:44:03.708,0.94323,0.94336,1.43,1.35
2013.09.03 09:44:04.197,0.94324,0.94338,1.35,2.93
2013.09.03 09:44:05.283,0.94323,0.94337,1.43,2.18
2013.09.03 09:44:05.347,0.94323,0.94336,1.43,1.35
2013.09.03 09:44:05.646,0.94322,0.94335,1.43,1.43
2013.09.03 09:44:05.829,0.9432,0.94333,1.43,1.43
2013.09.03 09:44:07.096,0.94318,0.94332,2.10,2.10
2013.09.03 09:44:07.626,0.94319,0.94333,2.10,1.43
2013.09.03 09:44:10.148,0.9432,0.94334,1.43,2.10
2013.09.03 09:44:10.687,0.94322,0.94335,1.43,1.35
2013.09.03 09:44:11.257,0.94322,0.94334,1.43,1.35
2013.09.03 09:44:11.496,0.94319,0.94332,1.35,1.43
2013.09.03 09:44:20.128,0.94318,0.94332,2.85,1.43
2013.09.03 09:44:20.366,0.94319,0.94332,2.25,2.10
2013.09.03 09:44:20.666,0.94327,0.94339,1.05,2.18
2013.09.03 09:44:20.846,0.94328,0.9434,1.35,2.18
2013.09.03 09:44:21.147,0.94331,0.9434,1.35,1.50
2013.09.03 09:44:21.329,0.94328,0.9434,1.35,1.50
2013.09.03 09:44:21.837,0.94329,0.9434,1.35,1.50
2013.09.03 09:44:23.698,0.94326,0.94337,2.10,1.13
2013.09.03 09:44:23.759,0.94326,0.94337,2.10,1.13
2013.09.03 09:44:23.818,0.94326,0.94337,2.10,2.25
2013.09.03 09:44:23.947,0.94322,0.94333,1.35,1.50
2013.09.03 09:44:24.398,0.9432,0.9433,1.35,1.50
2013.09.03 09:44:25.306,0.94317,0.94328,1.73,1.50
2013.09.03 09:44:25.906,0.94316,0.94329,1.35,1.43
2013.09.03 09:44:26.147,0.94318,0.94332,1.35,1.43
2013.09.03 09:44:28.227,0.94318,0.94332,2.85,1.43
2013.09.03 09:44:28.872,0.94319,0.94332,1.43,1.43
2013.09.03 09:44:29.607,0.9432,0.94333,1.88,1.73
2013.09.03 09:44:29.966,0.94323,0.94336,1.80,1.35
2013.09.03 09:44:30.554,0.94323,0.94336,1.43,1.43
2013.09.03 09:44:32.884,0.94322,0.94336,2.10,1.43
2013.09.03 09:44:34.126,0.94321,0.94335,2.93,1.35
2013.09.03 09:44:35.317,0.9432,0.94334,1.50,1.35
2013.09.03 09:44:36.667,0.94318,0.94332,2.18,2.10
2013.09.03 09:44:38.876,0.94319,0.94332,1.50,1.35
2013.09.03 09:44:39.067,0.94322,0.94335,1.43,1.73
2013.09.03 09:44:39.735,0.94322,0.94335,1.43,1.43
2013.09.03 09:44:43.969,0.94323,0.94337,1.43,2.10
2013.09.03 09:44:44.482,0.94323,0.94337,3.23,1.43
2013.09.03 09:44:47.576,0.94323,0.94337,1.43,1.43
2013.09.03 09:44:47.877,0.94323,0.94336,2.18,1.73
2013.09.03 09:44:48.916,0.94323,0.94336,1.43,1.43
2013.09.03 09:44:49.456,0.94321,0.94334,2.10,1.43
2013.09.03 09:44:51.977,0.94318,0.94328,1.88,1.35
2013.09.03 09:44:52.036,0.94319,0.94333,2.10,1.43
2013.09.03 09:44:52.217,0.94318,0.94331,1.43,1.35
2013.09.03 09:44:57.566,0.94317,0.9433,2.85,1.35
2013.09.03 09:45:00.829,0.94316,0.94329,2.18,1.05
2013.09.03 09:45:01.157,0.94311,0.94321,2.25,1.05
2013.09.03 09:45:01.696,0.94313,0.94321,1.50,1.73
2013.09.03 09:45:01.757,0.94308,0.94321,5.63,1.73
2013.09.03 09:45:02.456,0.94308,0.94319,1.50,1.35
2013.09.03 09:45:04.416,0.94309,0.94322,1.43,1.35
2013.09.03 09:45:05.138,0.94309,0.94321,1.43,1.05
2013.09.03 09:45:05.842,0.94309,0.94322,1.43,1.73
2013.09.03 09:45:06.576,0.94309,0.94321,1.43,1.05
2013.09.03 09:45:07.206,0.94309,0.94322,1.43,1.73
2013.09.03 09:45:07.656,0.94311,0.94325,1.80,2.10
2013.09.03 09:45:08.447,0.94311,0.94323,1.43,1.05
2013.09.03 09:45:08.806,0.94309,0.94321,1.13,2.10
2013.09.03 09:45:08.986,0.94311,0.94323,1.80,1.43
2013.09.03 09:45:12.617,0.94313,0.94325,1.43,2.93
2013.09.03 09:45:12.926,0.94313,0.94325,1.80,2.18
2013.09.03 09:45:13.106,0.94315,0.94327,1.05,2.93
2013.09.03 09:45:13.916,0.94315,0.94327,1.73,1.50
2013.09.03 09:45:15.884,0.94315,0.94326,2.10,1.13
2013.09.03 09:45:17.079,0.94315,0.94327,2.48,1.50
2013.09.03 09:45:17.729,0.94315,0.94327,2.48,2.18
2013.09.03 09:45:23.818,0.94313,0.94326,1.80,1.43
2013.09.03 09:45:23.877,0.94313,0.94326,1.13,1.43
2013.09.03 09:45:24.444,0.94313,0.94324,1.13,1.43
2013.09.03 09:45:28.426,0.94313,0.94324,1.13,1.43
2013.09.03 09:45:29.746,0.94313,0.94325,1.43,1.05
2013.09.03 09:45:30.817,0.94313,0.94325,1.43,1.13
2013.09.03 09:45:31.756,0.94313,0.94325,2.10,1.13
2013.09.03 09:45:32.856,0.94313,0.94325,2.10,1.13
2013.09.03 09:45:33.555,0.94312,0.94325,1.80,1.80
2013.09.03 09:45:35.417,0.94312,0.94325,1.80,2.48
2013.09.03 09:45:35.937,0.94311,0.94323,1.13,2.10
2013.09.03 09:45:37.911,0.9431,0.94322,1.43,1.05
2013.09.03 09:45:37.980,0.94309,0.94321,2.18,1.05
2013.09.03 09:45:38.096,0.94308,0.94321,2.55,1.73
2013.09.03 09:45:38.217,0.94309,0.94322,1.35,1.80
2013.09.03 09:45:38.540,0.94308,0.94321,1.43,1.05
2013.09.03 09:45:38.667,0.94308,0.9432,1.43,1.05
2013.09.03 09:45:39.016,0.94308,0.94321,1.43,1.80
2013.09.03 09:45:39.147,0.94308,0.94321,1.43,1.80
2013.09.03 09:45:39.457,0.94312,0.94321,1.13,1.43
2013.09.03 09:45:41.307,0.94311,0.94323,1.43,3.23
2013.09.03 09:45:41.858,0.94309,0.94322,1.80,1.80
2013.09.03 09:45:43.756,0.94309,0.94322,1.05,2.18
2013.09.03 09:45:43.817,0.94309,0.94321,1.05,2.10
2013.09.03 09:45:43.937,0.94308,0.9432,2.10,1.73
2013.09.03 09:45:44.356,0.94305,0.94318,1.43,1.43
2013.09.03 09:45:44.657,0.94303,0.9431,1.43,1.13
2013.09.03 09:45:44.958,0.94298,0.94307,2.10,1.13
2013.09.03 09:45:45.017,0.94298,0.94306,1.43,1.13
2013.09.03 09:45:45.377,0.94294,0.94305,1.35,1.13
2013.09.03 09:45:45.559,0.94293,0.94306,1.43,1.65
2013.09.03 09:45:45.618,0.94293,0.94305,1.43,1.13
2013.09.03 09:45:45.978,0.94288,0.94296,1.43,1.13
2013.09.03 09:45:46.037,0.94288,0.94298,1.43,1.80
2013.09.03 09:45:46.157,0.94283,0.94295,1.43,1.05
2013.09.03 09:45:46.279,0.94283,0.94293,1.43,1.50
2013.09.03 09:45:46.517,0.94278,0.9429,2.10,1.13
2013.09.03 09:45:46.637,0.94278,0.94288,2.10,1.13
2013.09.03 09:45:46.758,0.94278,0.94287,1.35,1.50
2013.09.03 09:45:46.877,0.94275,0.94285,1.35,1.13
2013.09.03 09:45:47.057,0.94275,0.94283,1.35,1.13
2013.09.03 09:45:47.117,0.94273,0.94283,2.10,1.13
2013.09.03 09:45:47.657,0.94271,0.94283,1.43,1.80
2013.09.03 09:45:51.798,0.94276,0.94286,2.10,1.35
2013.09.03 09:45:51.879,0.94277,0.94289,1.43,2.25
2013.09.03 09:45:52.066,0.9428,0.94289,1.35,1.13
2013.09.03 09:45:52.367,0.94278,0.94288,1.35,1.88
2013.09.03 09:45:52.547,0.94276,0.94285,1.35,1.50
2013.09.03 09:45:52.787,0.94275,0.94285,1.43,1.50
2013.09.03 09:45:53.506,0.94276,0.94285,1.35,1.50
2013.09.03 09:45:53.566,0.94276,0.94285,1.35,1.50
2013.09.03 09:45:53.686,0.94277,0.94287,2.03,2.10
2013.09.03 09:45:53.747,0.94279,0.94287,1.35,2.48
2013.09.03 09:45:54.178,0.9428,0.9429,1.35,2.48
2013.09.03 09:45:54.770,0.9428,0.9429,1.35,1.88
2013.09.03 09:45:56.238,0.9428,0.9429,1.35,1.13
2013.09.03 09:45:56.773,0.94279,0.9429,1.35,1.13
2013.09.03 09:45:57.297,0.94279,0.9429,1.35,1.13
2013.09.03 09:45:57.357,0.94278,0.94287,1.43,1.13
2013.09.03 09:45:57.916,0.94278,0.9429,2.18,1.13
2013.09.03 09:45:58.157,0.94279,0.94292,1.35,1.80
2013.09.03 09:45:58.336,0.94281,0.94293,1.43,1.05
2013.09.03 09:45:58.456,0.94283,0.94294,1.43,1.13
2013.09.03 09:45:59.127,0.94282,0.94294,1.43,1.80
2013.09.03 09:45:59.407,0.94281,0.94294,1.35,2.55
2013.09.03 09:45:59.766,0.94278,0.9429,1.43,2.10
2013.09.03 09:46:00.916,0.94276,0.94288,2.48,1.50
2013.09.03 09:46:01.417,0.94277,0.94289,1.35,1.13
2013.09.03 09:46:01.718,0.94275,0.94287,1.05,1.80
2013.09.03 09:46:01.900,0.94273,0.94286,1.43,1.80
2013.09.03 09:46:02.267,0.94274,0.94287,1.05,2.55
2013.09.03 09:46:02.327,0.94275,0.94287,1.35,1.88
2013.09.03 09:46:02.667,0.94274,0.94286,1.35,2.55
2013.09.03 09:46:02.968,0.94272,0.94284,1.43,1.05
2013.09.03 09:46:03.030,0.94273,0.94285,1.13,1.35
2013.09.03 09:46:03.566,0.94272,0.94284,1.43,1.05
2013.09.03 09:46:03.767,0.9427,0.94282,1.13,1.35
2013.09.03 09:46:04.337,0.9427,0.94283,1.80,1.73
2013.09.03 09:46:04.636,0.94272,0.94284,1.13,1.43
2013.09.03 09:46:05.027,0.9427,0.94283,1.80,1.73
2013.09.03 09:46:05.547,0.94268,0.94281,1.13,2.10
2013.09.03 09:46:07.117,0.94271,0.9428,1.13,1.35
2013.09.03 09:46:07.476,0.9427,0.94282,1.43,1.43
2013.09.03 09:46:08.208,0.94269,0.94281,1.05,1.43
2013.09.03 09:46:08.267,0.94267,0.94279,1.43,1.43
2013.09.03 09:46:08.984,0.94267,0.94279,1.43,2.18
2013.09.03 09:46:09.746,0.94266,0.94279,2.10,1.43
2013.09.03 09:46:10.066,0.94264,0.94277,1.43,1.35
2013.09.03 09:46:11.297,0.94265,0.94278,1.43,1.43
2013.09.03 09:46:11.842,0.94265,0.94278,1.43,1.43
2013.09.03 09:46:12.707,0.94268,0.94279,1.80,2.10
2013.09.03 09:46:12.947,0.94271,0.94283,2.10,1.50
2013.09.03 09:46:13.486,0.94273,0.94285,2.10,1.88
2013.09.03 09:46:16.027,0.94272,0.94284,1.43,2.18
2013.09.03 09:46:16.567,0.94272,0.94284,1.43,2.18
2013.09.03 09:46:16.628,0.94273,0.94282,1.13,1.50
2013.09.03 09:46:16.867,0.94273,0.94284,1.13,1.43
2013.09.03 09:46:16.987,0.94274,0.94286,1.05,2.18
2013.09.03 09:46:17.636,0.94275,0.94286,1.05,1.50
2013.09.03 09:46:19.418,0.94275,0.94286,1.05,1.50
2013.09.03 09:46:20.028,0.94275,0.94286,1.05,1.50
2013.09.03 09:46:20.250,0.94274,0.94286,1.73,1.50
2013.09.03 09:46:20.806,0.94275,0.94286,1.05,1.50
2013.09.03 09:46:21.356,0.94275,0.94287,1.05,2.93
2013.09.03 09:46:21.417,0.94275,0.94287,1.05,1.43
2013.09.03 09:46:21.716,0.94278,0.9429,1.43,1.80
2013.09.03 09:46:22.136,0.94275,0.94288,1.43,1.35
2013.09.03 09:46:22.506,0.94276,0.94289,1.43,2.18
2013.09.03 09:46:24.169,0.94275,0.94288,1.43,1.35
2013.09.03 09:46:24.529,0.94277,0.94286,1.13,2.10
2013.09.03 09:46:24.769,0.94273,0.94286,1.80,1.35
2013.09.03 09:46:25.128,0.94275,0.94286,1.13,2.10
2013.09.03 09:46:26.428,0.94273,0.94286,1.13,1.43
2013.09.03 09:46:26.607,0.94273,0.94283,1.88,1.43
2013.09.03 09:46:26.786,0.94273,0.94283,1.13,1.43
2013.09.03 09:46:26.847,0.94273,0.94282,1.13,1.43
2013.09.03 09:46:27.818,0.9427,0.94281,1.13,2.10
2013.09.03 09:46:28.357,0.94269,0.94281,1.88,1.43
2013.09.03 09:46:29.666,0.94268,0.94281,2.18,1.43
2013.09.03 09:46:29.727,0.94268,0.94281,2.18,1.43
2013.09.03 09:46:30.147,0.94263,0.94277,1.43,1.43
2013.09.03 09:46:30.328,0.94264,0.94275,1.35,1.50
2013.09.03 09:46:30.387,0.94264,0.94276,1.35,1.50
2013.09.03 09:46:30.450,0.94265,0.94278,1.43,1.50
2013.09.03 09:46:30.867,0.94267,0.9428,1.43,2.18
2013.09.03 09:46:35.028,0.94265,0.94277,1.43,1.43
2013.09.03 09:46:35.338,0.94259,0.9427,1.50,1.35
2013.09.03 09:46:35.396,0.94258,0.94268,1.50,1.35
2013.09.03 09:46:35.576,0.94252,0.94267,3.45,1.35
2013.09.03 09:46:35.636,0.94252,0.94267,3.45,2.10
2013.09.03 09:46:37.477,0.94254,0.94265,1.80,1.50
2013.09.03 09:46:38.847,0.94255,0.94267,1.35,1.50
2013.09.03 09:46:40.059,0.94257,0.94268,1.43,1.50
2013.09.03 09:46:40.119,0.94258,0.9427,1.43,2.55
2013.09.03 09:46:40.300,0.94258,0.9427,1.43,2.55
2013.09.03 09:46:42.621,0.94258,0.9427,1.43,3.30
2013.09.03 09:46:42.926,0.94255,0.94266,1.50,1.28
2013.09.03 09:46:43.107,0.94255,0.94268,2.18,1.35
2013.09.03 09:46:43.167,0.94254,0.94267,1.35,1.43
2013.09.03 09:46:43.287,0.94254,0.94266,1.35,1.50
2013.09.03 09:46:43.407,0.94254,0.94267,1.35,2.18
2013.09.03 09:46:43.931,0.94254,0.94267,1.35,1.43
2013.09.03 09:46:44.607,0.94254,0.94267,1.35,2.18
2013.09.03 09:46:44.847,0.94253,0.94266,1.43,2.85
2013.09.03 09:46:45.288,0.94251,0.94261,1.35,1.35
2013.09.03 09:46:45.817,0.94251,0.94261,1.35,1.35
2013.09.03 09:46:48.906,0.94248,0.94258,2.85,1.43
2013.09.03 09:46:49.026,0.94247,0.94258,2.25,1.43
2013.09.03 09:46:49.476,0.94249,0.94258,1.35,1.43
2013.09.03 09:46:49.854,0.94249,0.9426,1.35,1.43
2013.09.03 09:46:49.918,0.94248,0.9426,1.35,1.43
2013.09.03 09:46:50.097,0.94246,0.94261,2.18,1.35
2013.09.03 09:46:50.637,0.94249,0.94263,1.28,1.35
2013.09.03 09:46:51.144,0.94249,0.94262,1.28,1.43
2013.09.03 09:46:51.812,0.94248,0.94261,2.03,2.10
2013.09.03 09:46:52.347,0.94248,0.94259,1.35,1.43
2013.09.03 09:46:56.497,0.94249,0.94262,2.40,1.35
2013.09.03 09:46:56.856,0.94253,0.94267,1.73,1.43
2013.09.03 09:46:58.117,0.94253,0.94267,1.35,2.18
2013.09.03 09:46:58.477,0.94257,0.94267,2.10,2.18
2013.09.03 09:46:58.837,0.94257,0.94263,1.35,1.50
2013.09.03 09:46:58.896,0.94256,0.94263,1.35,1.50
2013.09.03 09:46:59.136,0.94253,0.94263,1.13,1.43
2013.09.03 09:46:59.436,0.94254,0.94267,1.35,2.93
2013.09.03 09:46:59.556,0.94254,0.94267,1.35,3.60
2013.09.03 09:46:59.677,0.94251,0.94263,1.80,1.43
2013.09.03 09:46:59.987,0.94254,0.94264,1.35,1.50
2013.09.03 09:47:01.307,0.94253,0.94265,1.05,1.50
2013.09.03 09:47:01.818,0.94252,0.94264,1.05,1.43
2013.09.03 09:47:09.220,0.94253,0.94266,1.80,1.43
2013.09.03 09:47:10.978,0.94253,0.94265,1.05,1.50
2013.09.03 09:47:13.558,0.9425,0.94262,1.80,1.43
2013.09.03 09:47:14.096,0.94252,0.94264,1.05,1.43
2013.09.03 09:47:16.147,0.94252,0.94264,1.80,1.43
2013.09.03 09:47:16.696,0.94252,0.94265,1.73,1.43
2013.09.03 09:47:18.347,0.94253,0.94265,1.80,1.43
2013.09.03 09:47:18.527,0.94254,0.94267,1.05,1.43
2013.09.03 09:47:18.648,0.94254,0.94267,1.05,1.43
2013.09.03 09:47:18.767,0.94256,0.9427,1.80,2.10
2013.09.03 09:47:19.347,0.94256,0.94269,1.80,1.43
2013.09.03 09:47:19.911,0.94256,0.9427,2.40,1.35
2013.09.03 09:47:21.516,0.94256,0.94268,1.73,1.35
2013.09.03 09:47:23.167,0.94257,0.94269,1.13,1.43
2013.09.03 09:47:25.147,0.94258,0.94272,1.43,1.43
2013.09.03 09:47:25.206,0.94259,0.94272,1.35,1.43
2013.09.03 09:47:25.387,0.9426,0.94272,1.05,1.43
2013.09.03 09:47:25.508,0.94262,0.94275,1.43,2.10
2013.09.03 09:47:25.688,0.94264,0.94277,1.05,1.43
2013.09.03 09:47:25.747,0.94264,0.94277,1.73,1.43
2013.09.03 09:47:26.335,0.94266,0.94279,1.35,1.43
2013.09.03 09:47:27.617,0.94265,0.94278,1.05,1.43
2013.09.03 09:47:27.857,0.94267,0.9428,1.35,2.18
2013.09.03 09:47:32.586,0.94266,0.94279,1.05,2.18
2013.09.03 09:47:33.148,0.94264,0.94277,1.80,1.43
2013.09.03 09:47:33.876,0.94265,0.94276,1.05,1.43
2013.09.03 09:47:35.838,0.94263,0.94274,1.88,2.10
2013.09.03 09:47:36.246,0.94263,0.94277,2.18,2.10
2013.09.03 09:47:36.776,0.94262,0.94277,2.70,2.10
2013.09.03 09:47:39.467,0.94262,0.94274,2.03,1.35
2013.09.03 09:47:39.827,0.94261,0.94271,1.50,1.35
2013.09.03 09:47:40.006,0.94258,0.9427,4.28,1.35
2013.09.03 09:47:40.248,0.94256,0.94266,1.43,2.03
2013.09.03 09:47:40.308,0.94253,0.94264,2.10,1.35
2013.09.03 09:47:40.857,0.94252,0.94264,1.50,1.35
2013.09.03 09:47:41.487,0.94252,0.94266,2.18,1.35
2013.09.03 09:47:41.607,0.94253,0.94267,2.10,1.43
2013.09.03 09:47:42.157,0.94253,0.94267,2.10,2.18
2013.09.03 09:47:42.848,0.94253,0.94265,1.43,1.43
2013.09.03 09:47:43.707,0.94253,0.94265,1.43,1.43
2013.09.03 09:47:45.286,0.94253,0.94266,1.43,1.35
2013.09.03 09:47:45.406,0.94253,0.94266,1.43,1.35
2013.09.03 09:47:45.998,0.94253,0.94265,2.18,1.43
2013.09.03 09:47:46.417,0.94251,0.94264,2.55,1.35
2013.09.03 09:47:46.597,0.94254,0.94268,1.35,1.43
2013.09.03 09:47:47.837,0.94255,0.94269,1.43,1.35
2013.09.03 09:47:48.197,0.94262,0.94275,1.35,1.43
2013.09.03 09:47:49.958,0.94263,0.94276,2.03,1.35
2013.09.03 09:47:50.947,0.94263,0.94276,2.03,1.43
2013.09.03 09:47:54.237,0.94263,0.94276,2.70,1.50
2013.09.03 09:47:54.357,0.94263,0.94275,1.35,1.50
2013.09.03 09:47:54.417,0.94263,0.94276,2.10,1.50
2013.09.03 09:47:54.537,0.94262,0.94275,1.35,2.18
2013.09.03 09:47:54.657,0.9426,0.94274,1.95,1.43
2013.09.03 09:47:55.137,0.94258,0.94272,2.85,1.43
2013.09.03 09:47:55.197,0.94258,0.94271,1.50,1.35
2013.09.03 09:47:55.377,0.94256,0.94269,2.03,1.35
2013.09.03 09:47:55.437,0.94256,0.94268,1.28,1.43
2013.09.03 09:48:00.221,0.94256,0.94268,1.43,1.43
2013.09.03 09:48:00.748,0.94255,0.94268,1.35,2.18
2013.09.03 09:48:00.927,0.94253,0.94267,2.10,3.23
2013.09.03 09:48:01.047,0.9425,0.94263,1.43,1.43
2013.09.03 09:48:01.107,0.9425,0.94262,1.43,1.43
2013.09.03 09:48:01.468,0.9425,0.94262,1.05,1.43
2013.09.03 09:48:01.768,0.94255,0.94267,1.35,1.50
2013.09.03 09:48:01.888,0.94252,0.94266,2.78,1.50
2013.09.03 09:48:01.949,0.9425,0.94265,1.35,1.43
2013.09.03 09:48:02.008,0.9425,0.94264,1.35,1.43
2013.09.03 09:48:02.570,0.9425,0.94262,1.80,1.43
2013.09.03 09:48:02.627,0.9425,0.94262,2.48,1.43
2013.09.03 09:48:03.181,0.94252,0.94264,1.35,1.50
2013.09.03 09:48:04.677,0.94251,0.94262,1.35,1.35
2013.09.03 09:48:04.979,0.9424,0.94252,6.15,1.43
2013.09.03 09:48:05.040,0.94238,0.94247,1.43,1.43
2013.09.03 09:48:05.278,0.94235,0.94248,1.35,1.43
2013.09.03 09:48:06.926,0.94235,0.94248,1.35,2.18
2013.09.03 09:48:07.396,0.94234,0.94248,1.35,1.43
2013.09.03 09:48:07.463,0.94234,0.94248,1.35,1.43
2013.09.03 09:48:09.988,0.94234,0.94248,1.35,1.43
2013.09.03 09:48:10.108,0.94234,0.94249,1.73,1.43
2013.09.03 09:48:10.468,0.94236,0.94248,2.78,1.50
2013.09.03 09:48:10.587,0.94236,0.94248,1.35,1.50
2013.09.03 09:48:10.826,0.94234,0.94247,1.35,1.43
2013.09.03 09:48:11.376,0.94235,0.94248,1.35,1.50
2013.09.03 09:48:12.864,0.94235,0.94247,1.35,1.43
2013.09.03 09:48:13.448,0.94235,0.94248,1.05,1.43
2013.09.03 09:48:13.687,0.94238,0.9425,1.43,1.43
2013.09.03 09:48:13.993,0.94243,0.94255,1.43,2.48
2013.09.03 09:48:14.178,0.94246,0.94258,1.35,1.13
2013.09.03 09:48:14.478,0.94244,0.94257,1.43,2.10
2013.09.03 09:48:15.148,0.94245,0.94258,1.28,1.43
2013.09.03 09:48:16.157,0.94247,0.9426,1.35,1.43
2013.09.03 09:48:17.847,0.94249,0.94263,1.95,1.43
2013.09.03 09:48:17.907,0.94252,0.94264,1.43,1.43
2013.09.03 09:48:18.147,0.94254,0.94267,1.35,1.43
2013.09.03 09:48:18.957,0.94253,0.94267,1.43,2.10
2013.09.03 09:48:23.678,0.94252,0.94266,2.70,2.18
2013.09.03 09:48:24.216,0.94252,0.94264,2.03,1.80
2013.09.03 09:48:24.397,0.94253,0.94267,2.10,2.48
2013.09.03 09:48:24.697,0.94251,0.94265,2.93,2.10
2013.09.03 09:48:27.240,0.9425,0.94264,2.48,1.43
2013.09.03 09:48:27.786,0.94252,0.94265,1.35,3.30
2013.09.03 09:48:28.457,0.9425,0.94264,2.10,1.80
2013.09.03 09:48:28.877,0.94253,0.94265,1.35,2.63
2013.09.03 09:48:29.558,0.94253,0.94267,2.10,3.23
2013.09.03 09:48:29.676,0.94253,0.94267,2.10,2.55
2013.09.03 09:48:30.197,0.94255,0.94267,1.35,1.88
2013.09.03 09:48:30.987,0.94253,0.94266,2.85,1.05
2013.09.03 09:48:32.288,0.94253,0.94266,2.85,1.05
2013.09.03 09:48:32.812,0.94253,0.94266,2.85,1.05
2013.09.03 09:48:34.077,0.94253,0.94266,2.85,1.05
2013.09.03 09:48:34.817,0.94253,0.94266,2.85,1.05
2013.09.03 09:48:35.427,0.94253,0.94266,2.85,1.05
2013.09.03 09:48:36.133,0.94253,0.94266,2.85,1.05
2013.09.03 09:48:40.807,0.94253,0.94266,2.10,1.43
2013.09.03 09:48:43.488,0.9425,0.94264,2.10,1.43
2013.09.03 09:48:43.548,0.9425,0.94263,2.10,1.50
2013.09.03 09:48:44.747,0.94249,0.94262,1.35,1.43
2013.09.03 09:48:47.087,0.9425,0.94262,1.35,1.50
2013.09.03 09:48:47.607,0.9425,0.94262,1.43,1.43
2013.09.03 09:48:51.486,0.9425,0.94263,1.35,1.50
2013.09.03 09:48:57.436,0.9425,0.94263,1.35,2.25
2013.09.03 09:49:00.857,0.94253,0.94265,1.35,1.50
2013.09.03 09:49:04.017,0.94256,0.94269,1.43,1.35
2013.09.03 09:49:04.258,0.94258,0.9427,1.43,1.43
2013.09.03 09:49:04.797,0.94259,0.94272,2.10,2.18
2013.09.03 09:49:04.857,0.94262,0.94272,1.05,2.18
2013.09.03 09:49:05.158,0.94265,0.94277,1.35,2.18
2013.09.03 09:49:05.218,0.94266,0.94277,1.35,1.13
2013.09.03 09:49:05.516,0.94264,0.94277,1.35,1.88
2013.09.03 09:49:08.727,0.94264,0.94277,1.35,2.55
2013.09.03 09:49:09.228,0.94262,0.94276,1.13,2.48
2013.09.03 09:49:09.477,0.94262,0.94275,1.13,1.35
2013.09.03 09:49:09.657,0.94258,0.94272,1.88,2.10
2013.09.03 09:49:09.897,0.94258,0.9427,1.13,1.35
2013.09.03 09:49:10.768,0.94258,0.94271,1.80,1.35
2013.09.03 09:49:11.308,0.94258,0.94271,1.13,1.35
2013.09.03 09:49:11.931,0.94258,0.94271,2.48,1.43
2013.09.03 09:49:19.047,0.94258,0.94272,2.48,2.10
2013.09.03 09:49:19.362,0.9426,0.94273,1.35,1.43
2013.09.03 09:49:19.897,0.94261,0.94273,1.35,1.50
2013.09.03 09:49:22.167,0.94261,0.94272,1.35,1.50
2013.09.03 09:49:22.361,0.94259,0.94271,1.35,1.43
2013.09.03 09:49:22.907,0.94258,0.94271,2.48,1.43
2013.09.03 09:49:24.387,0.94258,0.94272,2.48,2.10
2013.09.03 09:49:26.547,0.94259,0.94272,1.43,2.10
2013.09.03 09:49:26.727,0.94263,0.94277,1.43,4.28
2013.09.03 09:49:26.787,0.94263,0.94277,2.10,2.85
2013.09.03 09:49:32.497,0.94265,0.94277,1.35,2.25
2013.09.03 09:49:35.536,0.94265,0.94277,1.35,2.25
2013.09.03 09:49:35.716,0.94263,0.94276,1.43,1.43
2013.09.03 09:49:39.267,0.94263,0.94277,2.10,2.85
2013.09.03 09:49:39.659,0.94266,0.94277,1.35,1.50
2013.09.03 09:49:51.657,0.94268,0.94277,1.35,1.88
2013.09.03 09:49:52.069,0.94266,0.94277,1.35,1.88
2013.09.03 09:49:52.187,0.94266,0.94277,1.35,1.50
2013.09.03 09:49:52.607,0.94265,0.94277,1.35,1.88
2013.09.03 09:49:52.667,0.94267,0.94277,1.35,1.50
2013.09.03 09:49:53.808,0.94265,0.94277,1.35,1.50
2013.09.03 09:49:53.989,0.94267,0.94277,1.35,1.88
2013.09.03 09:49:54.348,0.94267,0.94277,1.35,1.50
2013.09.03 09:49:54.469,0.94267,0.94277,1.35,1.50
2013.09.03 09:49:58.536,0.94268,0.9428,1.35,1.50
2013.09.03 09:49:58.957,0.9427,0.94282,1.35,1.13
2013.09.03 09:49:59.147,0.94272,0.94283,1.35,1.50
2013.09.03 09:50:01.509,0.94271,0.94284,1.05,2.18
2013.09.03 09:50:01.627,0.94271,0.94284,1.73,2.18
2013.09.03 09:50:03.189,0.94273,0.94283,1.35,1.13
2013.09.03 09:50:03.798,0.94275,0.94283,1.35,1.13
2013.09.03 09:50:05.258,0.94274,0.94283,1.35,1.13
2013.09.03 09:50:05.816,0.94273,0.94283,1.35,1.13
2013.09.03 09:50:06.409,0.94271,0.94283,1.35,1.13
2013.09.03 09:50:06.528,0.9427,0.94282,1.35,1.13
2013.09.03 09:50:07.097,0.9427,0.94282,1.35,1.50
2013.09.03 09:50:07.399,0.9427,0.94277,1.35,1.35
2013.09.03 09:50:07.578,0.94263,0.94275,2.93,1.05
2013.09.03 09:50:07.639,0.94263,0.94275,1.43,1.05
2013.09.03 09:50:07.700,0.94263,0.94275,1.35,1.13
2013.09.03 09:50:07.939,0.94267,0.94279,1.35,1.88
2013.09.03 09:50:08.448,0.94266,0.94279,1.35,2.55
2013.09.03 09:50:08.948,0.94266,0.94277,1.35,1.13
2013.09.03 09:50:09.247,0.94262,0.94274,1.35,1.43
2013.09.03 09:50:09.848,0.94262,0.94275,1.35,2.55
2013.09.03 09:50:09.967,0.94263,0.94276,2.10,2.18
2013.09.03 09:50:10.252,0.94263,0.94275,1.43,1.43
2013.09.03 09:50:10.807,0.94259,0.94272,1.35,1.43
2013.09.03 09:50:11.047,0.94261,0.94275,1.43,2.85
2013.09.03 09:50:11.591,0.94263,0.94275,1.43,1.43
2013.09.03 09:50:12.119,0.94262,0.94275,1.35,2.18
2013.09.03 09:50:12.657,0.94261,0.94274,1.43,1.43
2013.09.03 09:50:13.227,0.9426,0.94273,1.35,1.50
2013.09.03 09:50:13.407,0.94258,0.94272,2.10,1.43
2013.09.03 09:50:13.467,0.94256,0.9427,2.18,1.35
2013.09.03 09:50:14.067,0.94258,0.94272,2.10,2.85
2013.09.03 09:50:14.591,0.94258,0.94271,2.10,1.43
2013.09.03 09:50:14.948,0.94261,0.94272,1.35,1.50
2013.09.03 09:50:15.127,0.94258,0.94272,1.43,2.85
2013.09.03 09:50:15.427,0.94259,0.94272,1.35,1.50
2013.09.03 09:50:16.387,0.94257,0.94271,1.43,1.35
2013.09.03 09:50:16.707,0.94257,0.9427,1.43,1.43
2013.09.03 09:50:17.558,0.94257,0.94271,1.43,2.10
2013.09.03 09:50:17.857,0.94254,0.94267,2.03,1.35
2013.09.03 09:50:17.917,0.94254,0.94267,1.28,2.10
2013.09.03 09:50:17.977,0.94253,0.94265,1.35,1.35
2013.09.03 09:50:18.612,0.94252,0.94265,1.35,1.35
2013.09.03 09:50:19.927,0.94253,0.94264,1.43,1.43
2013.09.03 09:50:20.227,0.94253,0.94267,2.10,2.10
2013.09.03 09:50:25.467,0.94253,0.94267,1.43,2.85
2013.09.03 09:50:26.227,0.94254,0.94266,1.35,1.50
2013.09.03 09:50:26.769,0.94253,0.94266,1.43,2.18
2013.09.03 09:50:29.737,0.94251,0.94264,3.30,1.35
2013.09.03 09:50:29.927,0.94253,0.94265,1.43,1.43
2013.09.03 09:50:31.277,0.94253,0.94266,1.43,2.18
2013.09.03 09:50:33.017,0.94254,0.94267,3.45,1.50
2013.09.03 09:50:33.378,0.94253,0.94265,1.35,2.25
2013.09.03 09:50:33.857,0.94249,0.94262,1.35,2.18
2013.09.03 09:50:35.907,0.94249,0.94262,1.35,2.93
2013.09.03 09:50:36.446,0.94247,0.94259,1.35,1.43
2013.09.03 09:50:36.968,0.94246,0.94259,1.35,2.93
2013.09.03 09:50:37.837,0.94243,0.94257,2.10,1.43
2013.09.03 09:50:37.897,0.94243,0.94257,1.43,2.10
2013.09.03 09:50:38.228,0.94242,0.94257,2.18,3.53
2013.09.03 09:50:39.307,0.94243,0.94256,1.13,1.35
2013.09.03 09:50:39.607,0.94244,0.94258,3.08,1.43
2013.09.03 09:50:40.047,0.94244,0.94256,2.40,2.85
2013.09.03 09:50:40.167,0.94239,0.94252,1.35,1.43
2013.09.03 09:50:40.348,0.94238,0.94251,2.03,1.35
2013.09.03 09:50:40.707,0.9424,0.94254,1.35,1.43
2013.09.03 09:50:41.218,0.94239,0.94252,1.35,2.18
2013.09.03 09:50:43.237,0.94238,0.9425,1.13,1.35
2013.09.03 09:50:43.358,0.94238,0.94249,1.13,1.35
2013.09.03 09:50:43.537,0.94237,0.94246,1.35,1.35
2013.09.03 09:50:45.499,0.94235,0.94247,1.13,2.10
2013.09.03 09:50:46.255,0.94234,0.94247,2.78,2.10
2013.09.03 09:50:48.565,0.94235,0.94247,1.13,2.10
2013.09.03 09:50:48.808,0.94234,0.94247,2.40,2.85
2013.09.03 09:50:50.318,0.94234,0.94246,1.73,1.35
2013.09.03 09:50:50.439,0.94235,0.94247,1.73,1.50
2013.09.03 09:50:53.267,0.94236,0.94247,1.35,1.50
2013.09.03 09:50:53.327,0.94234,0.94247,1.80,2.85
2013.09.03 09:50:53.969,0.94235,0.94246,1.13,1.43
2013.09.03 09:50:56.870,0.94236,0.94249,1.50,1.35
2013.09.03 09:50:56.997,0.94238,0.9425,1.43,1.43
2013.09.03 09:50:57.177,0.94236,0.94249,2.78,1.43
2013.09.03 09:50:57.539,0.94238,0.94252,2.10,2.85
2013.09.03 09:50:58.080,0.94238,0.94251,2.10,1.43
2013.09.03 09:50:58.557,0.94238,0.94251,2.10,1.43
2013.09.03 09:50:59.376,0.94236,0.94248,1.50,1.43
2013.09.03 09:51:01.637,0.94235,0.94248,2.10,1.43
2013.09.03 09:51:01.877,0.9424,0.94253,1.35,2.78
2013.09.03 09:51:02.717,0.94239,0.94252,1.35,1.43
2013.09.03 09:51:02.778,0.94238,0.94252,2.10,2.18
2013.09.03 09:51:03.817,0.94238,0.9425,1.43,1.43
2013.09.03 09:51:04.357,0.94239,0.94252,1.35,2.18
2013.09.03 09:51:04.668,0.94241,0.94253,1.43,1.35
2013.09.03 09:51:06.357,0.94241,0.94255,1.43,2.10
2013.09.03 09:51:06.418,0.94244,0.94255,1.43,1.43
2013.09.03 09:51:06.597,0.94248,0.9426,1.43,2.18
2013.09.03 09:51:06.717,0.94248,0.9426,2.10,1.50
2013.09.03 09:51:06.778,0.94245,0.94258,1.43,1.73
2013.09.03 09:51:07.087,0.94244,0.94255,1.43,1.43
2013.09.03 09:51:07.747,0.94244,0.94258,1.43,1.35
2013.09.03 09:51:11.988,0.94244,0.94257,1.43,2.18
2013.09.03 09:51:13.336,0.94243,0.94257,2.18,2.18
2013.09.03 09:51:15.418,0.94242,0.94255,2.03,2.10
2013.09.03 09:51:16.177,0.94242,0.94254,1.28,1.43
2013.09.03 09:51:16.417,0.94242,0.94255,2.78,1.35
2013.09.03 09:51:16.717,0.94243,0.94257,2.10,2.18
2013.09.03 09:51:20.847,0.94245,0.94257,1.35,1.50
2013.09.03 09:51:23.167,0.94245,0.94257,1.35,1.50
2013.09.03 09:51:23.367,0.94245,0.94257,1.35,1.50
2013.09.03 09:51:25.888,0.94246,0.94258,1.05,1.43
2013.09.03 09:51:26.008,0.94251,0.94262,1.43,4.50
2013.09.03 09:51:26.188,0.94254,0.94267,1.35,1.43
2013.09.03 09:51:26.702,0.94256,0.94269,1.35,2.18
2013.09.03 09:51:32.937,0.94258,0.94269,1.35,1.50
2013.09.03 09:51:33.347,0.94262,0.94269,1.35,1.50
2013.09.03 09:51:44.907,0.94261,0.94267,1.35,1.50
2013.09.03 09:51:44.967,0.9426,0.94267,1.35,1.50
2013.09.03 09:52:04.618,0.94259,0.94268,1.35,2.10
2013.09.03 09:52:04.737,0.94255,0.94262,1.35,1.50
2013.09.03 09:52:04.797,0.94254,0.94263,1.35,1.50
2013.09.03 09:52:05.038,0.94252,0.9426,1.35,1.50
2013.09.03 09:52:05.687,0.94246,0.94256,3.53,1.50
2013.09.03 09:52:05.747,0.94247,0.94256,1.35,1.50
2013.09.03 09:52:06.268,0.94248,0.94257,1.35,1.50
2013.09.03 09:52:07.441,0.94246,0.94253,1.35,1.50
2013.09.03 09:52:10.110,0.94244,0.94255,1.35,1.50
2013.09.03 09:52:10.289,0.94244,0.94254,1.35,1.50
2013.09.03 09:52:10.351,0.94242,0.94253,1.35,1.50
2013.09.03 09:52:10.467,0.9424,0.94253,1.35,2.78
2013.09.03 09:52:10.648,0.94238,0.94248,1.35,1.50
2013.09.03 09:52:13.158,0.94237,0.94244,1.35,1.50
2013.09.03 09:52:13.457,0.94231,0.94244,2.10,2.18
2013.09.03 09:52:13.517,0.9423,0.94242,1.35,1.50
2013.09.03 09:52:14.047,0.9423,0.94242,1.35,1.50
2013.09.03 09:52:14.649,0.94233,0.94242,1.35,1.50
2013.09.03 09:52:14.948,0.94235,0.94247,1.35,1.43
2013.09.03 09:52:15.068,0.94239,0.94248,1.35,1.50
2013.09.03 09:52:15.407,0.94239,0.94248,1.35,1.50
2013.09.03 09:52:15.978,0.9424,0.94248,2.10,1.50
2013.09.03 09:52:16.488,0.94239,0.94248,1.35,1.50
2013.09.03 09:52:17.118,0.94239,0.94248,1.35,1.13
2013.09.03 09:52:17.178,0.94237,0.94247,1.35,1.73
2013.09.03 09:52:17.477,0.94234,0.94243,2.10,1.50
2013.09.03 09:52:17.597,0.94232,0.94243,2.78,1.50
2013.09.03 09:52:17.717,0.94232,0.94242,1.35,1.50
2013.09.03 09:52:18.018,0.94228,0.9424,1.43,1.43
2013.09.03 09:52:18.197,0.94228,0.9424,1.43,1.35
2013.09.03 09:52:18.318,0.94237,0.94242,1.50,1.43
2013.09.03 09:52:18.439,0.94238,0.94247,1.50,2.55
2013.09.03 09:52:18.498,0.94238,0.94248,1.50,1.43
2013.09.03 09:52:18.798,0.94238,0.94251,1.50,1.35
2013.09.03 09:52:19.426,0.94239,0.94252,1.43,2.10
2013.09.03 09:52:20.597,0.94238,0.94251,2.10,1.43
2013.09.03 09:52:20.777,0.94238,0.94251,2.10,1.43
2013.09.03 09:52:21.017,0.9424,0.94253,1.35,1.88
2013.09.03 09:52:22.438,0.9424,0.94251,1.35,1.13
2013.09.03 09:52:22.617,0.94234,0.94246,1.35,1.50
2013.09.03 09:52:22.678,0.94234,0.94246,1.35,1.50
2013.09.03 09:52:22.917,0.94235,0.94246,1.35,1.50
2013.09.03 09:52:23.598,0.9423,0.94243,2.10,1.88
2013.09.03 09:52:23.657,0.94227,0.94241,2.78,1.43
2013.09.03 09:52:23.717,0.94227,0.9424,1.35,1.43
2013.09.03 09:52:24.357,0.94227,0.94241,1.35,1.43
2013.09.03 09:52:29.347,0.9423,0.94242,1.35,2.25
2013.09.03 09:52:29.987,0.9423,0.94242,2.10,1.50
2013.09.03 09:52:30.107,0.94232,0.94242,1.35,1.50
2013.09.03 09:52:30.467,0.94234,0.94242,1.35,1.50
2013.09.03 09:52:31.517,0.94234,0.94242,1.35,1.50
2013.09.03 09:52:31.878,0.94241,0.94248,1.35,1.50
2013.09.03 09:52:31.998,0.9424,0.94247,1.35,1.50
2013.09.03 09:52:32.297,0.94238,0.94247,1.35,1.50
2013.09.03 09:52:32.478,0.94236,0.94247,2.10,2.10
2013.09.03 09:52:33.026,0.94236,0.94243,1.43,1.50
2013.09.03 09:52:33.407,0.94232,0.94242,2.10,1.50
2013.09.03 09:52:33.467,0.94232,0.9424,2.10,1.50
2013.09.03 09:52:35.037,0.94234,0.94241,1.35,1.50
2013.09.03 09:52:36.972,0.94226,0.94236,1.43,1.13
2013.09.03 09:52:37.037,0.94223,0.94236,2.85,1.80
2013.09.03 09:52:37.577,0.94222,0.94234,1.35,1.50
2013.09.03 09:52:37.938,0.94224,0.94234,1.35,1.50
2013.09.03 09:52:39.568,0.94225,0.94236,1.43,1.50
2013.09.03 09:52:39.928,0.94227,0.94238,1.35,1.50
2013.09.03 09:52:41.411,0.94227,0.94237,1.35,1.50
2013.09.03 09:52:43.367,0.94228,0.9424,1.43,1.43
2013.09.03 09:52:43.668,0.94229,0.94242,1.43,2.93
2013.09.03 09:52:43.907,0.94231,0.94245,1.43,1.35
2013.09.03 09:52:44.027,0.94233,0.94244,1.50,1.35
2013.09.03 09:52:44.208,0.94228,0.94241,2.18,1.35
2013.09.03 09:52:44.828,0.94228,0.9424,1.50,1.35
2013.09.03 09:52:46.057,0.94228,0.9424,2.93,1.35
2013.09.03 09:52:49.417,0.94229,0.94242,1.43,2.55
2013.09.03 09:52:49.937,0.94229,0.94242,1.43,3.30
2013.09.03 09:52:50.576,0.94231,0.94242,1.50,2.55
2013.09.03 09:52:51.318,0.9423,0.94242,1.43,2.55
2013.09.03 09:52:51.383,0.94235,0.94247,1.35,1.50
2013.09.03 09:52:51.509,0.94235,0.94248,1.35,1.43
2013.09.03 09:52:51.689,0.94233,0.94246,2.93,1.35
2013.09.03 09:52:51.809,0.94234,0.94247,1.43,1.43
2013.09.03 09:52:52.617,0.94234,0.94247,1.43,1.43
2013.09.03 09:52:53.008,0.94236,0.94249,1.35,2.10
2013.09.03 09:52:53.348,0.94238,0.9425,2.85,1.50
2013.09.03 09:52:53.587,0.94243,0.94255,1.43,1.43
2013.09.03 09:52:53.648,0.94245,0.94257,1.35,2.10
2013.09.03 09:52:53.767,0.94245,0.94257,1.35,1.35
2013.09.03 09:52:54.013,0.94245,0.94257,1.35,1.13
2013.09.03 09:52:54.317,0.94243,0.94256,2.10,1.80
2013.09.03 09:52:54.679,0.94243,0.94256,2.10,1.43
2013.09.03 09:52:54.918,0.94243,0.94255,1.43,1.43
2013.09.03 09:52:55.040,0.94241,0.94253,2.10,1.50
2013.09.03 09:52:55.339,0.9424,0.94252,1.43,2.18
2013.09.03 09:52:55.978,0.9424,0.94252,1.43,1.50
2013.09.03 09:52:57.197,0.94239,0.94252,1.35,1.50
2013.09.03 09:52:57.808,0.94238,0.94251,2.85,1.43
2013.09.03 09:52:58.338,0.94238,0.94251,2.85,1.43
2013.09.03 09:52:58.577,0.94238,0.94249,1.50,1.35
2013.09.03 09:53:06.389,0.94238,0.94251,2.18,2.10
2013.09.03 09:53:08.809,0.94238,0.9425,2.18,1.43
2013.09.03 09:53:09.167,0.94247,0.94257,1.35,1.50
2013.09.03 09:53:10.689,0.94247,0.94257,1.35,1.50
2013.09.03 09:53:11.218,0.94247,0.94257,1.43,1.50
2013.09.03 09:53:12.187,0.94246,0.94257,2.10,1.50
2013.09.03 09:53:12.489,0.9425,0.94262,1.43,1.50
2013.09.03 09:53:12.727,0.94255,0.94267,1.43,1.43
2013.09.03 09:53:13.150,0.94253,0.94266,1.50,1.35
2013.09.03 09:53:14.807,0.94253,0.94266,2.25,1.35
2013.09.03 09:53:14.869,0.94253,0.94265,1.50,1.43
2013.09.03 09:53:15.189,0.9425,0.9426,1.50,1.35
2013.09.03 09:53:15.487,0.94245,0.94258,1.43,1.43
2013.09.03 09:53:15.787,0.94245,0.94259,1.43,2.85
2013.09.03 09:53:22.479,0.94246,0.94257,2.10,1.50
2013.09.03 09:53:22.717,0.94243,0.94257,2.85,2.18
2013.09.03 09:53:23.294,0.94244,0.94257,1.43,2.18
2013.09.03 09:53:23.528,0.94244,0.94256,1.43,1.50
2013.09.03 09:53:32.077,0.94245,0.94256,2.10,1.50
2013.09.03 09:53:33.159,0.94245,0.94257,2.10,1.50
2013.09.03 09:53:38.942,0.94245,0.94258,2.10,1.43
2013.09.03 09:53:39.011,0.94248,0.94259,1.43,1.50
2013.09.03 09:53:39.078,0.94248,0.9426,2.18,1.43
2013.09.03 09:53:39.138,0.94248,0.94261,2.18,1.43
2013.09.03 09:53:39.497,0.94249,0.94262,1.35,1.43
2013.09.03 09:53:41.897,0.94248,0.94259,2.10,1.50
2013.09.03 09:53:42.137,0.94249,0.94261,1.43,1.43
2013.09.03 09:53:42.258,0.94249,0.94262,2.10,1.43
2013.09.03 09:53:42.318,0.9425,0.94262,1.43,1.43
2013.09.03 09:53:42.677,0.94253,0.94266,2.18,2.10
2013.09.03 09:53:42.848,0.94254,0.94267,1.43,2.10
2013.09.03 09:53:43.857,0.94255,0.94266,1.50,2.03
2013.09.03 09:53:44.217,0.94249,0.94261,1.50,2.18
2013.09.03 09:53:44.278,0.94248,0.94259,1.43,1.43
2013.09.03 09:53:44.777,0.94248,0.9426,1.50,1.35
2013.09.03 09:53:45.318,0.94248,0.94259,1.50,1.43
2013.09.03 09:53:49.311,0.94247,0.94259,1.43,1.43
2013.09.03 09:54:01.318,0.94246,0.94259,1.35,1.43
2013.09.03 09:54:01.437,0.94244,0.94258,1.35,1.43
2013.09.03 09:54:02.258,0.94245,0.94258,1.43,1.43
2013.09.03 09:54:03.350,0.94246,0.94259,1.50,1.35
2013.09.03 09:54:03.569,0.94245,0.94258,1.43,1.43
2013.09.03 09:54:18.307,0.94244,0.94257,2.10,1.13
2013.09.03 09:54:18.490,0.94243,0.94256,1.43,1.35
2013.09.03 09:54:18.848,0.94237,0.9425,2.18,1.43
2013.09.03 09:54:19.088,0.94238,0.94251,1.43,1.28
2013.09.03 09:54:19.678,0.94238,0.94251,1.43,1.28
2013.09.03 09:54:19.978,0.94242,0.94255,2.18,2.10
2013.09.03 09:54:20.097,0.94244,0.94255,1.43,1.43
2013.09.03 09:54:20.278,0.94245,0.94258,1.43,2.10
2013.09.03 09:54:20.638,0.9425,0.9426,1.43,1.35
2013.09.03 09:54:20.697,0.9425,0.94263,1.43,2.85
2013.09.03 09:54:20.938,0.94253,0.94265,1.50,1.35
2013.09.03 09:54:20.997,0.94254,0.94265,1.50,1.35
2013.09.03 09:54:21.417,0.94251,0.94265,1.43,1.35
2013.09.03 09:54:26.167,0.94249,0.94263,1.43,1.35
2013.09.03 09:54:26.468,0.94253,0.94266,1.43,1.43
2013.09.03 09:54:26.947,0.94257,0.9427,1.43,2.03
2013.09.03 09:54:27.940,0.94255,0.94269,1.43,1.35
2013.09.03 09:54:29.343,0.94257,0.9427,2.18,1.35
2013.09.03 09:54:29.468,0.94258,0.94272,2.10,2.10
2013.09.03 09:54:31.607,0.94258,0.94269,1.43,1.28
2013.09.03 09:54:31.858,0.94256,0.94268,1.43,1.43
2013.09.03 09:54:34.178,0.94256,0.94267,1.43,1.13
2013.09.03 09:54:34.417,0.94254,0.94267,1.35,2.55
2013.09.03 09:54:34.777,0.94253,0.94264,1.43,1.88
2013.09.03 09:54:38.190,0.94252,0.94262,1.35,1.35
2013.09.03 09:54:38.369,0.9425,0.94261,1.35,1.28
2013.09.03 09:54:38.670,0.94244,0.94254,1.50,1.35
2013.09.03 09:54:41.008,0.94244,0.94254,1.50,1.35
2013.09.03 09:54:41.190,0.94243,0.94254,1.50,1.35
2013.09.03 09:54:41.548,0.9424,0.94252,1.50,1.35
2013.09.03 09:54:46.917,0.94242,0.94253,1.50,1.35
2013.09.03 09:54:47.448,0.94242,0.94254,1.50,1.35
2013.09.03 09:54:49.449,0.94241,0.94253,2.18,1.43
2013.09.03 09:54:49.987,0.94237,0.9425,1.43,1.35
2013.09.03 09:54:53.277,0.94238,0.9425,2.25,1.35
2013.09.03 09:54:53.397,0.94238,0.9425,3.00,1.35
2013.09.03 09:54:53.519,0.94239,0.94251,1.43,1.35
2013.09.03 09:54:53.909,0.94239,0.94251,1.43,2.40
2013.09.03 09:54:54.208,0.94238,0.94251,3.60,1.65
2013.09.03 09:54:54.267,0.94238,0.94249,2.25,1.35
2013.09.03 09:54:56.228,0.94238,0.94251,2.93,2.33
2013.09.03 09:54:57.618,0.94238,0.94251,3.68,1.35
2013.09.03 09:54:57.977,0.9424,0.94252,2.93,1.43
2013.09.03 09:54:58.218,0.94242,0.94255,1.50,1.35
2013.09.03 09:54:58.337,0.94243,0.94256,1.43,1.43
2013.09.03 09:54:58.699,0.94246,0.94256,1.43,1.43
2013.09.03 09:54:58.878,0.9425,0.94262,1.43,2.78
2013.09.03 09:54:58.937,0.9425,0.94262,1.43,2.78
2013.09.03 09:55:00.948,0.9425,0.94262,1.43,2.78
2013.09.03 09:55:01.188,0.94253,0.94265,2.10,1.50
2013.09.03 09:55:01.248,0.94252,0.94264,2.18,1.43
2013.09.03 09:55:01.368,0.94254,0.94267,1.35,1.43
2013.09.03 09:55:01.428,0.94255,0.94268,1.43,1.35
2013.09.03 09:55:01.667,0.94257,0.9427,2.93,1.35
2013.09.03 09:55:01.787,0.94257,0.9427,1.43,1.80
2013.09.03 09:55:01.967,0.94254,0.94267,1.50,2.10
2013.09.03 09:55:02.027,0.94254,0.94265,1.50,1.35
2013.09.03 09:55:03.857,0.94253,0.94267,2.18,2.85
2013.09.03 09:55:09.008,0.94254,0.94267,1.50,2.10
2013.09.03 09:55:09.128,0.94258,0.94269,1.50,2.48
2013.09.03 09:55:09.307,0.94259,0.94272,1.50,2.48
2013.09.03 09:55:13.587,0.9426,0.94273,1.43,1.35
2013.09.03 09:55:13.647,0.9426,0.94274,2.10,1.05
2013.09.03 09:55:14.328,0.94262,0.94275,1.43,2.18
2013.09.03 09:55:14.448,0.94263,0.94275,2.18,1.80
2013.09.03 09:55:14.567,0.94265,0.94278,1.43,1.05
2013.09.03 09:55:14.687,0.94265,0.94279,1.43,1.73
2013.09.03 09:55:15.047,0.94269,0.94281,1.43,1.43
2013.09.03 09:55:15.550,0.94269,0.94281,1.43,1.43
2013.09.03 09:55:16.139,0.94269,0.94281,1.43,1.43
2013.09.03 09:55:19.119,0.94268,0.94279,1.50,1.35
2013.09.03 09:55:19.467,0.94268,0.94281,2.18,1.80
2013.09.03 09:55:19.708,0.94271,0.94282,1.35,1.13
2013.09.03 09:55:20.248,0.94274,0.94282,1.35,1.13
2013.09.03 09:55:20.368,0.94274,0.94285,1.35,1.35
2013.09.03 09:55:20.548,0.94274,0.94287,1.35,1.50
2013.09.03 09:55:20.727,0.94275,0.94287,1.43,1.50
2013.09.03 09:55:21.039,0.94275,0.94287,1.43,1.50
2013.09.03 09:55:21.559,0.94275,0.94287,1.43,1.50
2013.09.03 09:55:24.178,0.94277,0.94288,1.50,1.05
2013.09.03 09:55:24.922,0.94277,0.94289,2.18,1.05
2013.09.03 09:55:26.047,0.94278,0.94289,2.10,1.13
2013.09.03 09:55:26.591,0.94279,0.94291,1.43,1.80
2013.09.03 09:55:27.319,0.94279,0.94291,1.43,1.80
2013.09.03 09:55:29.008,0.94278,0.94289,1.50,1.80
2013.09.03 09:55:29.188,0.94279,0.94292,1.35,1.80
2013.09.03 09:55:31.609,0.94279,0.94291,1.35,1.13
2013.09.03 09:55:31.987,0.94279,0.94291,1.35,1.13
2013.09.03 09:55:32.288,0.94281,0.94292,1.35,1.50
2013.09.03 09:55:32.587,0.94282,0.94295,2.18,1.35
2013.09.03 09:55:32.933,0.94284,0.94297,1.35,1.88
2013.09.03 09:55:34.438,0.94285,0.94297,1.43,1.13
2013.09.03 09:55:34.748,0.94284,0.94295,1.35,1.13
2013.09.03 09:55:34.867,0.94283,0.94295,1.43,1.80
2013.09.03 09:55:35.378,0.94281,0.94293,1.43,1.05
2013.09.03 09:55:36.056,0.94281,0.94293,1.43,1.80
2013.09.03 09:55:37.528,0.9428,0.94292,1.35,1.13
2013.09.03 09:55:37.589,0.9428,0.94292,1.35,1.73
2013.09.03 09:55:37.888,0.94278,0.94289,1.43,1.05
2013.09.03 09:55:38.430,0.94277,0.94289,1.43,1.05
2013.09.03 09:55:38.958,0.94276,0.94287,2.10,1.13
2013.09.03 09:55:40.408,0.94276,0.94288,1.35,1.88
2013.09.03 09:55:40.618,0.94274,0.94287,1.43,2.18
2013.09.03 09:55:44.018,0.94276,0.94287,1.50,1.43
2013.09.03 09:55:47.579,0.94276,0.94285,1.50,1.73
2013.09.03 09:55:48.107,0.94276,0.94284,1.50,1.43
2013.09.03 09:55:48.457,0.94275,0.94282,1.50,1.35
2013.09.03 09:55:49.409,0.94275,0.94281,1.50,1.43
2013.09.03 09:55:51.340,0.94273,0.94281,1.50,1.43
2013.09.03 09:55:51.458,0.9427,0.94281,1.50,1.43
2013.09.03 09:55:51.517,0.9427,0.9428,1.50,1.13
2013.09.03 09:55:51.881,0.94269,0.94275,1.50,1.05
2013.09.03 09:55:51.952,0.94265,0.94271,1.50,1.35
2013.09.03 09:55:56.218,0.94266,0.94273,1.50,1.35
2013.09.03 09:55:56.337,0.94266,0.94275,1.50,2.10
2013.09.03 09:55:56.797,0.94266,0.94277,1.50,1.35
2013.09.03 09:55:57.337,0.94266,0.94276,1.50,1.73
2013.09.03 09:55:57.397,0.94263,0.94275,1.50,1.43
2013.09.03 09:55:57.637,0.94263,0.94273,1.50,1.13
2013.09.03 09:56:00.018,0.94263,0.94272,1.50,1.80
2013.09.03 09:56:00.579,0.94263,0.9427,1.50,1.80
2013.09.03 09:56:02.618,0.94263,0.9427,1.50,1.05
2013.09.03 09:56:03.158,0.94261,0.9427,1.50,1.05
2013.09.03 09:56:03.219,0.94258,0.9427,2.93,1.05
2013.09.03 09:56:03.338,0.94258,0.94267,2.18,1.35
2013.09.03 09:56:03.519,0.94255,0.94267,1.35,2.10
2013.09.03 09:56:04.071,0.94254,0.94267,2.10,2.78
2013.09.03 09:56:05.528,0.94253,0.94265,2.18,1.05
2013.09.03 09:56:05.798,0.94253,0.94265,2.18,1.05
2013.09.03 09:56:06.435,0.94253,0.94264,1.50,1.05
2013.09.03 09:56:07.342,0.94253,0.94264,1.50,1.43
2013.09.03 09:56:07.518,0.9425,0.9426,1.35,1.13
2013.09.03 09:56:07.638,0.94247,0.9426,2.10,1.80
2013.09.03 09:56:08.388,0.94246,0.94259,1.43,1.43
2013.09.03 09:56:11.607,0.94245,0.94257,2.18,2.10
2013.09.03 09:56:12.154,0.94245,0.94256,1.50,2.10
2013.09.03 09:56:12.667,0.94243,0.94256,2.25,2.48
2013.09.03 09:56:12.727,0.94243,0.94254,2.25,1.35
2013.09.03 09:56:12.907,0.94241,0.94253,1.43,1.43
2013.09.03 09:56:13.028,0.9424,0.94251,1.50,1.73
2013.09.03 09:56:13.147,0.94238,0.9425,2.18,1.35
2013.09.03 09:56:13.328,0.94238,0.9425,1.50,1.73
2013.09.03 09:56:13.388,0.94238,0.9425,1.50,1.73
2013.09.03 09:56:13.630,0.94238,0.94251,2.93,1.05
2013.09.03 09:56:13.688,0.94239,0.94251,1.43,1.05
2013.09.03 09:56:13.749,0.94242,0.94251,1.50,1.05
2013.09.03 09:56:14.108,0.94243,0.94256,2.18,1.35
2013.09.03 09:56:14.809,0.94243,0.94256,2.18,2.10
2013.09.03 09:56:14.988,0.94243,0.94255,1.43,1.43
2013.09.03 09:56:15.048,0.94242,0.94253,2.10,1.13
2013.09.03 09:56:15.287,0.9424,0.94253,2.10,1.80
2013.09.03 09:56:17.328,0.94239,0.94252,1.43,2.10
2013.09.03 09:56:17.508,0.94238,0.94251,2.93,1.35
2013.09.03 09:56:19.978,0.94238,0.94251,2.85,1.43
2013.09.03 09:56:20.278,0.94238,0.94249,1.50,1.35
2013.09.03 09:56:27.147,0.94238,0.94249,1.50,1.43
2013.09.03 09:56:37.617,0.94238,0.94251,2.85,1.43
2013.09.03 09:56:37.677,0.94238,0.94251,2.85,1.43
2013.09.03 09:56:38.169,0.94239,0.94252,2.10,2.10
2013.09.03 09:56:38.707,0.94243,0.94256,2.10,1.43
2013.09.03 09:56:39.887,0.94243,0.94257,2.85,3.23
2013.09.03 09:56:39.947,0.94244,0.94257,1.43,3.23
2013.09.03 09:56:40.487,0.94246,0.94257,1.43,1.13
2013.09.03 09:56:43.367,0.94246,0.94257,2.10,1.13
2013.09.03 09:56:49.958,0.94247,0.94261,2.18,1.73
2013.09.03 09:56:50.018,0.94248,0.94261,1.50,1.73
2013.09.03 09:56:50.377,0.94252,0.94264,1.50,1.05
2013.09.03 09:56:50.438,0.94252,0.94264,1.50,1.80
2013.09.03 09:56:50.578,0.94252,0.94264,1.50,1.05
2013.09.03 09:56:51.959,0.94253,0.94265,1.43,1.05
2013.09.03 09:56:52.508,0.94254,0.94267,1.43,1.05
2013.09.03 09:56:52.987,0.94258,0.94271,2.10,1.65
2013.09.03 09:56:54.378,0.94258,0.94272,2.10,5.03
2013.09.03 09:56:54.558,0.94259,0.94272,2.78,3.00
2013.09.03 09:56:55.097,0.94263,0.94275,1.43,1.13
2013.09.03 09:56:55.278,0.94263,0.94275,1.43,1.13
2013.09.03 09:56:55.951,0.94263,0.94276,1.43,1.43
2013.09.03 09:56:56.757,0.94263,0.94276,1.43,1.43
2013.09.03 09:56:57.322,0.94263,0.94276,1.43,1.43
2013.09.03 09:56:58.197,0.94262,0.94272,2.10,1.13
2013.09.03 09:56:59.605,0.94262,0.94272,1.43,1.13
2013.09.03 09:57:00.387,0.94262,0.94272,1.43,1.13
2013.09.03 09:57:01.569,0.94262,0.94274,2.18,1.80
2013.09.03 09:57:01.727,0.94263,0.94274,1.50,1.43
2013.09.03 09:57:02.240,0.94263,0.94274,1.50,2.48
2013.09.03 09:57:05.787,0.94263,0.94275,1.50,1.73
2013.09.03 09:57:07.959,0.94263,0.94274,1.50,1.05
2013.09.03 09:57:15.937,0.94263,0.94274,1.50,1.05
2013.09.03 09:57:16.698,0.94261,0.94274,1.35,1.43
2013.09.03 09:57:17.058,0.94256,0.94267,2.78,1.13
2013.09.03 09:57:17.178,0.94255,0.94267,1.43,1.13
2013.09.03 09:57:17.238,0.94255,0.94267,1.43,1.80
2013.09.03 09:57:17.787,0.94254,0.94267,1.35,1.80
2013.09.03 09:57:17.907,0.94254,0.94267,1.35,1.80
2013.09.03 09:57:19.408,0.94253,0.94266,1.43,1.05
2013.09.03 09:57:20.101,0.94253,0.94266,1.43,2.03
2013.09.03 09:57:20.839,0.94252,0.94265,1.43,1.73
2013.09.03 09:57:21.728,0.9425,0.94264,2.18,1.35
2013.09.03 09:57:22.027,0.9425,0.94263,1.43,1.43
2013.09.03 09:57:24.169,0.94253,0.94265,1.13,1.05
2013.09.03 09:57:24.229,0.94254,0.94267,1.43,1.43
2013.09.03 09:57:24.289,0.94255,0.94267,1.43,1.43
2013.09.03 09:57:24.408,0.94256,0.94269,1.43,1.28
2013.09.03 09:57:25.828,0.94255,0.94268,1.35,1.13
2013.09.03 09:57:26.337,0.94255,0.94267,1.35,1.50
2013.09.03 09:57:26.458,0.94253,0.94266,1.43,1.43
2013.09.03 09:57:32.498,0.94253,0.94266,1.43,1.43
2013.09.03 09:57:32.557,0.94252,0.94265,1.43,1.43
2013.09.03 09:57:33.139,0.9425,0.94263,2.18,1.43
2013.09.03 09:57:35.337,0.94252,0.94263,1.50,1.43
2013.09.03 09:57:35.397,0.94252,0.94264,2.18,1.35
2013.09.03 09:57:35.517,0.94254,0.94267,1.43,1.35
2013.09.03 09:57:36.440,0.94253,0.94266,1.43,1.43
2013.09.03 09:57:36.499,0.94253,0.94265,1.43,1.05
2013.09.03 09:57:36.679,0.94249,0.94261,1.43,1.05
2013.09.03 09:57:36.738,0.94248,0.9426,1.50,1.05
2013.09.03 09:57:37.309,0.94245,0.94259,2.18,1.35
2013.09.03 09:57:38.497,0.94245,0.94258,2.18,1.43
2013.09.03 09:57:43.857,0.94245,0.94259,2.55,1.35
2013.09.03 09:57:44.367,0.94245,0.94258,1.43,1.43
2013.09.03 09:57:47.838,0.94244,0.94257,1.35,1.50
2013.09.03 09:57:47.899,0.94244,0.94257,1.35,2.25
2013.09.03 09:57:48.018,0.94242,0.94254,1.43,1.05
2013.09.03 09:57:48.558,0.94239,0.94253,1.43,1.73
2013.09.03 09:57:49.637,0.94239,0.94252,1.43,1.43
2013.09.03 09:57:51.648,0.94241,0.94253,2.18,1.43
2013.09.03 09:57:51.828,0.94243,0.94256,2.18,1.73
2013.09.03 09:57:54.229,0.94243,0.94255,1.43,2.48
2013.09.03 09:57:54.789,0.94241,0.94254,1.50,1.35
2013.09.03 09:57:57.128,0.94241,0.94254,1.50,1.35
2013.09.03 09:57:57.369,0.94245,0.94258,1.50,1.05
2013.09.03 09:57:57.427,0.94245,0.94258,2.18,1.05
2013.09.03 09:57:57.608,0.94245,0.94258,2.18,1.80
2013.09.03 09:57:58.207,0.94245,0.94259,2.93,1.35
2013.09.03 09:57:58.570,0.94249,0.94264,1.43,3.45
2013.09.03 09:57:58.628,0.94248,0.94261,2.18,1.35
2013.09.03 09:58:00.839,0.9425,0.94261,1.50,1.35
2013.09.03 09:58:00.958,0.94248,0.94261,1.50,1.73
2013.09.03 09:58:01.717,0.94246,0.94259,2.18,2.10
2013.09.03 09:58:02.138,0.94249,0.94262,1.43,2.18
2013.09.03 09:58:02.657,0.94247,0.94259,2.18,1.80
2013.09.03 09:58:04.527,0.94247,0.94259,2.18,1.80
2013.09.03 09:58:05.057,0.94247,0.94259,2.18,1.80
2013.09.03 09:58:06.098,0.94247,0.94259,1.88,1.43
2013.09.03 09:58:06.920,0.94247,0.94258,1.50,1.05
2013.09.03 09:58:07.470,0.94247,0.94259,1.50,2.10
2013.09.03 09:58:15.319,0.94247,0.94259,1.50,2.10
2013.09.03 09:58:15.858,0.94249,0.94261,1.43,1.43
2013.09.03 09:58:21.108,0.94248,0.94261,2.48,1.43
2013.09.03 09:58:21.806,0.94247,0.94259,1.50,1.43
2013.09.03 09:58:24.627,0.94247,0.94259,1.50,2.10
2013.09.03 09:58:25.188,0.94247,0.94259,1.50,2.10
2013.09.03 09:58:29.337,0.94247,0.94259,2.18,1.43
2013.09.03 09:58:31.428,0.9425,0.94259,1.13,1.43
2013.09.03 09:58:31.787,0.94254,0.94267,1.43,1.43
2013.09.03 09:58:32.440,0.94256,0.94268,1.43,1.43
2013.09.03 09:58:33.045,0.94255,0.94267,1.35,1.50
2013.09.03 09:58:33.263,0.94256,0.94268,1.43,1.43
2013.09.03 09:58:33.387,0.94256,0.94268,1.43,1.43
2013.09.03 09:58:46.859,0.94254,0.94267,1.43,2.18
2013.09.03 09:58:57.087,0.94254,0.94267,1.43,1.43
2013.09.03 09:58:57.589,0.94257,0.94269,1.43,1.43
2013.09.03 09:58:58.838,0.94257,0.94269,1.43,2.18
2013.09.03 09:58:59.278,0.94257,0.94269,1.43,2.18
2013.09.03 09:58:59.397,0.94257,0.94267,1.43,1.50
2013.09.03 09:58:59.909,0.94258,0.94269,1.43,1.43
2013.09.03 09:58:59.968,0.94258,0.94269,2.10,1.35
2013.09.03 09:59:00.478,0.94258,0.94271,1.43,2.48
2013.09.03 09:59:00.723,0.94258,0.94269,1.43,1.73
2013.09.03 09:59:00.849,0.94258,0.94269,1.43,1.73
2013.09.03 09:59:01.370,0.94258,0.94271,2.10,1.13
2013.09.03 09:59:01.430,0.94258,0.94272,3.53,1.13
2013.09.03 09:59:01.907,0.94259,0.94272,1.35,1.80
2013.09.03 09:59:02.467,0.94259,0.94272,1.35,2.55
2013.09.03 09:59:02.968,0.94259,0.94272,1.35,1.80
2013.09.03 09:59:07.218,0.94259,0.94272,1.35,2.40
2013.09.03 09:59:07.458,0.94257,0.9427,1.50,1.73
2013.09.03 09:59:08.017,0.94258,0.94272,2.10,3.15
2013.09.03 09:59:08.197,0.94258,0.94272,2.10,2.55
2013.09.03 09:59:08.377,0.94258,0.94271,1.43,1.35
2013.09.03 09:59:09.208,0.94258,0.94271,2.18,1.35
2013.09.03 09:59:09.709,0.94258,0.94271,1.43,1.35
2013.09.03 09:59:10.218,0.94257,0.9427,1.50,1.35
2013.09.03 09:59:11.287,0.94258,0.94271,1.43,1.35
2013.09.03 09:59:19.997,0.94254,0.94267,1.43,1.35
2013.09.03 09:59:21.128,0.94256,0.94269,2.18,1.35
2013.09.03 09:59:21.307,0.94258,0.94271,1.43,1.95
2013.09.03 09:59:22.298,0.94258,0.94271,1.43,1.95
2013.09.03 09:59:22.537,0.94261,0.94274,1.43,1.95
2013.09.03 09:59:26.200,0.94263,0.94275,2.10,1.35
2013.09.03 09:59:26.263,0.94264,0.94275,1.43,1.35
2013.09.03 09:59:26.448,0.94264,0.94277,1.43,1.73
2013.09.03 09:59:30.030,0.94266,0.94278,1.43,1.28
2013.09.03 09:59:30.749,0.94268,0.94281,1.80,1.35
2013.09.03 09:59:30.810,0.9427,0.94282,1.43,1.43
2013.09.03 09:59:30.870,0.9427,0.94282,1.43,1.43
2013.09.03 09:59:30.988,0.94271,0.94283,1.43,2.10
2013.09.03 09:59:31.390,0.94264,0.94272,1.43,1.80
2013.09.03 09:59:31.461,0.94258,0.94271,1.43,1.28
2013.09.03 09:59:31.968,0.94258,0.94272,1.43,2.70
2013.09.03 09:59:33.248,0.94258,0.94272,2.18,2.70
2013.09.03 09:59:34.599,0.9426,0.94272,1.43,1.28
2013.09.03 09:59:36.527,0.9426,0.94272,1.43,1.35
2013.09.03 09:59:37.070,0.94258,0.94271,2.18,1.35
2013.09.03 09:59:40.378,0.94256,0.9427,2.18,1.35
2013.09.03 09:59:42.018,0.94256,0.9427,2.18,1.95
2013.09.03 09:59:44.018,0.94255,0.94268,1.43,1.35
2013.09.03 09:59:46.680,0.94256,0.94269,1.43,2.03
2013.09.03 09:59:55.110,0.94256,0.94269,1.43,2.70
2013.09.03 09:59:55.715,0.94255,0.94268,1.43,1.35
