2008.07.23 17:00:01.497,1.0672,1.0673,1.00,1.00
2008.07.23 17:00:01.773,1.0672,1.0675,1.80,10.30
2008.07.23 17:00:02.046,1.0672,1.0675,1.00,3.90
2008.07.23 17:00:02.467,1.06725,1.0675,1.30,7.10
2008.07.23 17:00:02.639,1.0673,1.0676,2.20,1.00
2008.07.23 17:00:03.933,1.06735,1.0676,1.30,1.00
2008.07.23 17:00:04.733,1.0673,1.0676,2.20,1.00
2008.07.23 17:00:06.356,1.06725,1.0675,1.30,1.00
2008.07.23 17:00:09.230,1.0672,1.0675,2.20,1.00
2008.07.23 17:00:09.681,1.0672,1.0675,4.00,1.00
2008.07.23 17:00:09.913,1.06715,1.0674,1.30,1.00
2008.07.23 17:00:31.675,1.0672,1.0675,4.00,1.00
2008.07.23 17:00:32.802,1.0672,1.0675,5.10,1.00
2008.07.23 17:00:32.905,1.0673,1.0676,1.00,1.00
2008.07.23 17:00:33.004,1.0673,1.0676,1.80,1.00
2008.07.23 17:00:34.584,1.0673,1.0676,1.00,1.00
2008.07.23 17:00:36.297,1.0673,1.0676,2.20,1.00
2008.07.23 17:00:38.714,1.0673,1.0676,4.00,1.00
2008.07.23 17:00:40.194,1.0673,1.0676,2.20,1.00
2008.07.23 17:00:40.342,1.0673,1.0676,1.30,1.00
2008.07.23 17:00:41.853,1.0673,1.0676,2.20,1.00
2008.07.23 17:00:43.385,1.0673,1.0676,4.00,1.00
2008.07.23 17:00:43.970,1.06725,1.0676,1.30,1.00
2008.07.23 17:00:49.225,1.06725,1.0676,1.30,6.00
2008.07.23 17:00:51.551,1.06725,1.0676,1.30,3.90
2008.07.23 17:00:52.243,1.06725,1.0675,1.30,3.90
2008.07.23 17:00:52.490,1.0672,1.0675,1.00,9.30
2008.07.23 17:00:52.888,1.0672,1.0675,1.00,6.00
2008.07.23 17:00:53.350,1.0672,1.0675,1.00,1.00
2008.07.23 17:00:55.162,1.0672,1.06745,1.00,1.00
2008.07.23 17:00:55.211,1.0672,1.06745,1.00,1.70
2008.07.23 17:00:55.463,1.0671,1.0674,1.80,1.00
2008.07.23 17:00:57.938,1.0671,1.0674,1.80,3.90
2008.07.23 17:00:58.991,1.0671,1.0674,2.90,3.90
2008.07.23 17:01:00.460,1.0671,1.0674,1.80,3.90
2008.07.23 17:01:00.567,1.06705,1.0673,1.30,1.00
2008.07.23 17:01:00.757,1.067,1.0673,1.80,1.00
2008.07.23 17:01:05.445,1.067,1.0673,2.20,1.00
2008.07.23 17:01:11.128,1.06705,1.0673,1.30,1.00
2008.07.23 17:01:11.534,1.0671,1.0674,1.00,1.00
2008.07.23 17:01:11.652,1.0671,1.0674,4.00,1.00
2008.07.23 17:01:11.792,1.0671,1.0674,2.20,1.00
2008.07.23 17:01:13.383,1.0671,1.0674,1.00,1.00
2008.07.23 17:01:13.615,1.0671,1.0674,4.00,1.00
2008.07.23 17:01:14.583,1.0671,1.0674,2.20,1.00
2008.07.23 17:01:25.542,1.0671,1.0674,5.50,1.00
2008.07.23 17:01:25.784,1.06715,1.0674,1.30,1.00
2008.07.23 17:01:25.850,1.0672,1.0675,4.00,1.00
2008.07.23 17:01:26.149,1.0672,1.0675,1.00,1.00
2008.07.23 17:01:30.170,1.06715,1.0673,5.40,1.00
2008.07.23 17:01:30.779,1.067,1.0673,5.10,1.00
2008.07.23 17:01:31.480,1.067,1.0673,2.20,1.00
2008.07.23 17:01:31.651,1.06705,1.0673,1.30,1.00
2008.07.23 17:01:33.310,1.0671,1.0674,1.00,1.00
2008.07.23 17:01:33.441,1.0671,1.0674,4.00,1.00
2008.07.23 17:01:33.592,1.0671,1.0674,2.20,1.00
2008.07.23 17:01:51.133,1.0672,1.0675,1.00,1.00
2008.07.23 17:01:57.423,1.0672,1.0675,4.00,1.00
2008.07.23 17:01:57.654,1.0672,1.0675,2.20,1.00
2008.07.23 17:02:16.527,1.06725,1.0675,1.30,1.00
2008.07.23 17:02:16.989,1.0673,1.0676,2.20,1.00
2008.07.23 17:02:20.215,1.0674,1.0677,1.00,1.30
2008.07.23 17:02:20.748,1.0674,1.0677,1.00,1.00
2008.07.23 17:02:21.298,1.06735,1.0677,1.30,1.00
2008.07.23 17:02:21.668,1.0674,1.0677,1.30,1.00
2008.07.23 17:02:21.860,1.0674,1.06785,1.30,6.00
2008.07.23 17:02:22.279,1.0674,1.06785,1.30,1.00
2008.07.23 17:02:25.302,1.0674,1.0678,1.30,3.20
2008.07.23 17:02:25.487,1.06735,1.0678,1.30,1.00
2008.07.23 17:02:26.008,1.06735,1.0677,1.30,1.00
2008.07.23 17:02:26.187,1.0674,1.0677,1.30,1.00
2008.07.23 17:02:33.088,1.06735,1.0677,1.30,1.00
2008.07.23 17:02:36.926,1.0673,1.0677,2.20,1.00
2008.07.23 17:02:37.856,1.0674,1.0677,6.20,1.00
2008.07.23 17:02:46.048,1.0674,1.0677,4.00,1.00
2008.07.23 17:02:46.481,1.0674,1.0677,2.20,1.00
2008.07.23 17:02:48.933,1.0674,1.0677,1.30,1.00
2008.07.23 17:02:49.019,1.06735,1.0677,1.30,1.00
2008.07.23 17:02:57.300,1.06735,1.0676,1.30,1.00
2008.07.23 17:02:58.030,1.0674,1.0677,1.00,1.00
2008.07.23 17:02:58.719,1.06735,1.0676,1.30,1.00
2008.07.23 17:02:58.792,1.0673,1.0676,2.20,1.00
2008.07.23 17:02:59.508,1.06725,1.0675,1.30,1.00
2008.07.23 17:03:00.278,1.0673,1.0676,2.20,1.00
2008.07.23 17:03:00.650,1.0673,1.0676,4.00,1.00
2008.07.23 17:03:00.765,1.0672,1.0675,5.50,1.00
2008.07.23 17:03:01.181,1.0672,1.0675,2.20,1.00
2008.07.23 17:03:01.767,1.06715,1.0674,2.40,1.00
2008.07.23 17:03:02.067,1.06715,1.0674,1.30,1.00
2008.07.23 17:03:02.408,1.06705,1.0674,6.70,1.00
2008.07.23 17:03:02.527,1.06705,1.0674,1.30,1.00
2008.07.23 17:03:05.148,1.0671,1.0674,1.30,1.00
2008.07.23 17:03:05.428,1.0671,1.0674,2.20,1.00
2008.07.23 17:03:05.741,1.0672,1.0675,1.00,1.00
2008.07.23 17:03:05.937,1.0672,1.0675,4.00,1.00
2008.07.23 17:03:07.697,1.0672,1.0675,4.00,1.30
2008.07.23 17:03:07.800,1.0672,1.0675,1.00,1.30
2008.07.23 17:03:07.910,1.0671,1.0674,4.00,1.00
2008.07.23 17:03:08.022,1.0671,1.0674,7.20,1.00
2008.07.23 17:03:08.125,1.0671,1.0674,6.20,1.00
2008.07.23 17:03:08.354,1.0671,1.0674,1.00,1.00
2008.07.23 17:03:09.834,1.067,1.0673,2.20,1.00
2008.07.23 17:03:10.748,1.067,1.0673,1.80,1.00
2008.07.23 17:03:12.705,1.0671,1.0674,1.00,1.30
2008.07.23 17:03:12.804,1.0671,1.0674,1.00,1.00
2008.07.23 17:03:17.850,1.067,1.0673,2.20,1.00
2008.07.23 17:03:18.356,1.06705,1.0673,1.30,1.00
2008.07.23 17:03:18.516,1.06705,1.0674,1.30,1.00
2008.07.23 17:03:19.050,1.0671,1.0675,1.30,1.30
2008.07.23 17:03:19.406,1.0672,1.06745,1.30,5.40
2008.07.23 17:03:19.754,1.0671,1.0675,2.20,6.00
2008.07.23 17:03:19.811,1.0671,1.0675,2.20,5.40
2008.07.23 17:03:19.902,1.0671,1.06755,2.20,6.00
2008.07.23 17:03:20.291,1.0671,1.06755,1.30,6.00
2008.07.23 17:03:20.580,1.0671,1.06755,1.30,1.00
2008.07.23 17:03:21.486,1.0671,1.0674,1.30,1.00
2008.07.23 17:03:21.646,1.06705,1.0674,1.30,1.00
2008.07.23 17:03:23.041,1.0671,1.0675,5.10,1.30
2008.07.23 17:03:23.122,1.0671,1.0675,2.20,1.70
2008.07.23 17:03:25.132,1.0671,1.0675,4.40,1.70
2008.07.23 17:03:25.582,1.0671,1.0675,3.30,1.70
2008.07.23 17:03:25.798,1.0671,1.0675,2.20,1.70
2008.07.23 17:03:32.374,1.0671,1.0674,2.20,1.00
2008.07.23 17:03:32.521,1.0671,1.0674,2.20,1.70
2008.07.23 17:03:32.673,1.0671,1.0674,1.80,1.70
2008.07.23 17:03:43.248,1.0671,1.0674,1.80,4.90
2008.07.23 17:03:43.295,1.0671,1.06725,1.00,1.00
2008.07.23 17:03:43.333,1.06705,1.06725,1.30,1.00
2008.07.23 17:03:43.408,1.067,1.06725,5.10,1.00
2008.07.23 17:03:43.458,1.067,1.06725,4.00,1.00
2008.07.23 17:03:43.507,1.067,1.0673,4.00,1.00
2008.07.23 17:03:43.668,1.067,1.0673,4.00,1.70
2008.07.23 17:03:43.731,1.067,1.0673,6.20,1.70
2008.07.23 17:03:43.769,1.067,1.0673,1.00,1.70
2008.07.23 17:03:43.878,1.0669,1.0672,2.20,1.00
2008.07.23 17:03:44.106,1.0669,1.0672,2.20,3.90
2008.07.23 17:03:44.758,1.0669,1.0673,4.00,1.30
2008.07.23 17:03:45.088,1.067,1.0673,1.00,1.30
2008.07.23 17:03:45.440,1.067,1.0673,1.00,3.90
2008.07.23 17:03:45.638,1.067,1.0673,1.00,1.70
2008.07.23 17:03:45.928,1.067,1.0673,1.00,1.00
2008.07.23 17:03:47.581,1.0671,1.06735,1.00,1.00
2008.07.23 17:03:48.903,1.0671,1.0674,1.00,1.30
2008.07.23 17:03:50.251,1.067,1.0673,1.00,1.00
2008.07.23 17:03:51.245,1.0671,1.0674,1.00,1.30
2008.07.23 17:03:53.945,1.0671,1.06735,1.00,1.00
2008.07.23 17:03:54.116,1.067,1.06735,1.00,1.00
2008.07.23 17:03:56.087,1.067,1.0674,1.00,1.30
2008.07.23 17:03:56.435,1.067,1.0674,1.80,1.30
2008.07.23 17:03:56.604,1.067,1.0673,1.80,1.00
2008.07.23 17:04:01.602,1.067,1.0673,1.00,1.00
2008.07.23 17:04:03.330,1.0671,1.0674,1.00,1.30
2008.07.23 17:04:05.102,1.0671,1.0674,1.00,6.00
2008.07.23 17:04:05.217,1.067,1.0674,2.20,6.00
2008.07.23 17:04:05.492,1.067,1.0674,1.00,1.30
2008.07.23 17:04:06.142,1.067,1.0674,2.90,1.30
2008.07.23 17:04:06.190,1.0671,1.0674,2.90,1.00
2008.07.23 17:04:06.391,1.0671,1.06745,2.20,6.40
2008.07.23 17:04:06.593,1.0671,1.0675,2.20,1.00
2008.07.23 17:04:06.807,1.0671,1.0675,2.20,6.00
2008.07.23 17:04:07.003,1.06715,1.0675,1.30,6.00
2008.07.23 17:04:07.239,1.06715,1.0674,1.30,1.00
2008.07.23 17:04:07.614,1.0672,1.0675,1.00,1.00
2008.07.23 17:04:07.743,1.0672,1.0675,1.00,6.00
2008.07.23 17:04:08.234,1.0672,1.0675,1.00,5.40
2008.07.23 17:04:08.368,1.0672,1.0676,2.20,5.40
2008.07.23 17:04:08.901,1.0672,1.0676,1.00,6.00
2008.07.23 17:04:09.041,1.0672,1.0676,6.20,1.00
2008.07.23 17:04:09.182,1.06725,1.06765,1.30,6.00
2008.07.23 17:04:09.604,1.06725,1.06765,1.30,1.00
2008.07.23 17:04:13.010,1.0673,1.0677,1.30,6.00
2008.07.23 17:04:13.317,1.0673,1.0677,1.30,1.00
2008.07.23 17:04:15.349,1.0673,1.06775,1.30,6.00
2008.07.23 17:04:15.765,1.06735,1.06775,1.30,5.40
2008.07.23 17:04:16.155,1.06745,1.0678,1.30,5.40
2008.07.23 17:04:16.493,1.0674,1.0678,1.30,5.40
2008.07.23 17:04:16.858,1.0674,1.06785,1.30,1.70
2008.07.23 17:04:17.211,1.06735,1.0678,1.30,1.30
2008.07.23 17:04:18.168,1.0675,1.06785,1.00,7.10
2008.07.23 17:04:18.353,1.0675,1.0679,2.20,3.90
2008.07.23 17:04:18.442,1.0675,1.0679,2.20,1.30
2008.07.23 17:04:18.554,1.0675,1.0679,2.20,6.70
2008.07.23 17:04:18.645,1.0675,1.0679,1.30,1.30
2008.07.23 17:04:18.970,1.0674,1.06785,2.20,1.00
2008.07.23 17:04:20.207,1.0674,1.0678,2.20,1.00
2008.07.23 17:04:20.786,1.0674,1.0678,2.20,1.30
2008.07.23 17:04:22.402,1.0674,1.0678,2.20,1.00
2008.07.23 17:04:22.581,1.0675,1.06785,1.00,6.00
2008.07.23 17:04:22.813,1.0675,1.06785,1.00,1.00
2008.07.23 17:04:22.981,1.0675,1.0678,1.00,1.00
2008.07.23 17:04:23.148,1.0675,1.0678,1.00,1.30
2008.07.23 17:04:23.458,1.0675,1.0678,1.00,1.00
2008.07.23 17:04:27.306,1.0676,1.0679,1.00,1.30
2008.07.23 17:04:27.458,1.0676,1.0679,1.00,6.00
2008.07.23 17:04:28.028,1.0676,1.0679,5.10,6.00
2008.07.23 17:04:28.218,1.0676,1.0679,2.20,6.00
2008.07.23 17:04:28.317,1.0677,1.068,1.00,6.00
2008.07.23 17:04:28.776,1.0677,1.068,1.00,1.70
2008.07.23 17:04:29.326,1.0677,1.068,1.00,1.30
2008.07.23 17:04:29.877,1.0676,1.0679,4.00,1.00
2008.07.23 17:04:30.251,1.0676,1.0679,1.00,3.90
2008.07.23 17:04:30.663,1.0676,1.0679,4.00,1.00
2008.07.23 17:04:32.187,1.0676,1.0679,2.20,1.00
2008.07.23 17:04:33.382,1.0677,1.06795,1.00,1.00
2008.07.23 17:04:33.531,1.0677,1.068,1.00,1.00
2008.07.23 17:04:37.741,1.0677,1.0681,1.00,1.30
2008.07.23 17:04:37.866,1.0677,1.0681,2.20,1.70
2008.07.23 17:04:39.834,1.06775,1.0681,1.30,1.70
2008.07.23 17:04:40.674,1.0677,1.0681,2.20,1.70
2008.07.23 17:04:41.955,1.0677,1.0681,2.20,1.30
2008.07.23 17:04:42.172,1.0677,1.0681,2.20,1.00
2008.07.23 17:04:42.352,1.0678,1.06815,1.00,1.00
2008.07.23 17:04:43.952,1.0678,1.0682,1.00,1.30
2008.07.23 17:04:44.624,1.0678,1.0681,1.00,1.00
2008.07.23 17:04:45.870,1.0678,1.0682,1.00,1.30
2008.07.23 17:04:46.926,1.0678,1.0681,1.00,1.00
2008.07.23 17:04:47.262,1.0678,1.0682,2.20,1.30
2008.07.23 17:04:48.464,1.0678,1.0681,1.00,1.00
2008.07.23 17:04:49.131,1.0678,1.0682,1.00,1.30
2008.07.23 17:04:49.242,1.0678,1.0682,1.00,2.40
2008.07.23 17:04:49.352,1.0678,1.0681,1.00,1.00
2008.07.23 17:04:49.701,1.0678,1.0681,1.00,2.10
2008.07.23 17:04:50.722,1.0678,1.0681,1.00,1.00
2008.07.23 17:04:50.961,1.0678,1.06815,1.00,1.00
2008.07.23 17:04:51.508,1.0678,1.0682,1.00,1.30
2008.07.23 17:04:53.850,1.0678,1.0682,2.20,1.70
2008.07.23 17:04:53.991,1.0678,1.06825,2.20,6.00
2008.07.23 17:04:54.661,1.0679,1.06825,1.00,6.00
2008.07.23 17:04:55.111,1.0679,1.06825,1.00,1.00
2008.07.23 17:04:56.042,1.0679,1.0683,1.00,1.30
2008.07.23 17:04:56.132,1.0679,1.0683,1.80,1.30
2008.07.23 17:04:56.622,1.0679,1.0682,1.80,1.00
2008.07.23 17:04:57.314,1.068,1.0683,1.00,4.90
2008.07.23 17:04:57.612,1.068,1.0683,4.00,1.70
2008.07.23 17:04:59.400,1.0679,1.0683,4.00,1.30
2008.07.23 17:05:00.292,1.0679,1.06825,4.00,1.00
2008.07.23 17:05:00.668,1.0679,1.0683,5.50,1.70
2008.07.23 17:05:00.887,1.068,1.0683,4.00,1.70
2008.07.23 17:05:01.769,1.068,1.0683,4.00,1.30
2008.07.23 17:05:02.119,1.0679,1.0683,4.00,1.30
2008.07.23 17:05:02.256,1.0679,1.0683,5.10,1.30
2008.07.23 17:05:04.058,1.06795,1.0683,1.00,1.30
2008.07.23 17:05:04.238,1.0679,1.06825,1.00,1.00
2008.07.23 17:05:04.932,1.0679,1.0682,1.00,1.00
2008.07.23 17:05:05.788,1.0679,1.06825,1.00,1.70
2008.07.23 17:05:05.984,1.0679,1.0683,4.00,1.30
2008.07.23 17:05:07.271,1.0679,1.0683,1.00,1.30
2008.07.23 17:05:07.780,1.0679,1.0682,1.00,1.00
2008.07.23 17:05:10.103,1.0678,1.0682,6.20,1.30
2008.07.23 17:05:10.366,1.0678,1.0682,1.00,1.30
2008.07.23 17:05:10.766,1.0679,1.0682,1.00,1.00
2008.07.23 17:05:10.858,1.0679,1.06825,1.00,7.10
2008.07.23 17:05:11.397,1.0679,1.06825,1.00,1.00
2008.07.23 17:05:13.623,1.0679,1.0682,1.00,1.00
2008.07.23 17:05:14.027,1.0679,1.06825,1.00,1.00
2008.07.23 17:05:14.137,1.0679,1.0682,1.00,1.00
2008.07.23 17:05:17.140,1.0678,1.0682,2.20,1.00
2008.07.23 17:05:18.065,1.06775,1.0682,1.30,1.30
2008.07.23 17:05:20.422,1.0677,1.0681,6.20,1.00
2008.07.23 17:05:20.644,1.0677,1.0681,1.00,1.00
2008.07.23 17:05:20.694,1.0677,1.0681,1.00,1.30
2008.07.23 17:05:25.781,1.06775,1.0681,1.30,1.00
2008.07.23 17:05:26.221,1.0678,1.0681,1.00,1.00
2008.07.23 17:05:35.375,1.0677,1.0681,2.20,1.00
2008.07.23 17:05:37.759,1.0678,1.0681,1.00,1.00
2008.07.23 17:05:41.174,1.0678,1.0681,2.20,1.00
2008.07.23 17:05:42.339,1.0678,1.0681,1.00,1.00
2008.07.23 17:05:47.156,1.0678,1.0681,1.00,6.00
2008.07.23 17:05:48.576,1.0678,1.0681,1.00,1.30
2008.07.23 17:05:50.506,1.0678,1.06815,1.00,7.10
2008.07.23 17:05:50.547,1.0678,1.06815,1.00,6.00
2008.07.23 17:05:50.765,1.0678,1.0682,1.00,1.30
2008.07.23 17:05:51.315,1.0678,1.0681,1.00,1.00
2008.07.23 17:05:51.415,1.0678,1.0681,1.00,6.00
2008.07.23 17:05:51.846,1.0677,1.0681,1.00,1.30
2008.07.23 17:06:02.984,1.0677,1.06805,1.00,1.00
2008.07.23 17:06:03.372,1.0677,1.06805,1.00,6.00
2008.07.23 17:06:03.502,1.0677,1.068,1.00,1.00
2008.07.23 17:06:10.722,1.0677,1.0681,1.00,1.30
2008.07.23 17:06:11.022,1.0677,1.0681,4.00,1.30
2008.07.23 17:06:11.370,1.0677,1.0681,2.20,6.00
2008.07.23 17:06:11.620,1.0678,1.0681,1.00,6.00
2008.07.23 17:06:11.853,1.0678,1.0681,1.00,1.00
2008.07.23 17:06:14.512,1.0678,1.0681,1.00,1.30
2008.07.23 17:06:15.233,1.0678,1.0681,1.00,1.00
2008.07.23 17:06:15.918,1.0678,1.0681,1.00,1.30
2008.07.23 17:06:16.778,1.0678,1.0681,1.00,1.00
2008.07.23 17:06:17.150,1.0679,1.0682,1.00,6.00
2008.07.23 17:06:17.520,1.0679,1.0682,1.00,1.30
2008.07.23 17:06:17.756,1.0678,1.0682,1.00,1.30
2008.07.23 17:06:17.858,1.0678,1.0682,6.20,1.30
2008.07.23 17:06:19.209,1.0678,1.06815,6.20,1.00
2008.07.23 17:06:19.659,1.0677,1.0681,7.60,1.00
2008.07.23 17:06:20.009,1.0677,1.0681,2.20,1.00
2008.07.23 17:06:21.281,1.0677,1.0681,2.20,1.30
2008.07.23 17:06:22.185,1.0677,1.0681,2.20,1.00
2008.07.23 17:06:22.321,1.0677,1.0681,6.20,1.30
2008.07.23 17:06:22.812,1.0677,1.068,6.20,1.00
2008.07.23 17:06:22.949,1.0677,1.068,2.20,1.00
2008.07.23 17:06:23.327,1.0677,1.0681,2.20,1.00
2008.07.23 17:06:30.196,1.0677,1.068,2.20,1.00
2008.07.23 17:06:38.970,1.0677,1.068,1.00,1.00
2008.07.23 17:06:40.626,1.0677,1.068,4.00,1.00
2008.07.23 17:06:49.113,1.0676,1.068,5.50,1.00
2008.07.23 17:07:00.180,1.0676,1.068,2.20,1.00
2008.07.23 17:07:00.629,1.0676,1.0679,2.20,1.00
2008.07.23 17:07:01.420,1.0676,1.0679,2.20,3.90
2008.07.23 17:07:02.168,1.0676,1.0679,2.20,1.00
2008.07.23 17:07:02.438,1.0676,1.068,2.20,6.00
2008.07.23 17:07:02.928,1.0676,1.068,2.20,1.00
2008.07.23 17:07:03.097,1.0677,1.0681,4.00,6.00
2008.07.23 17:07:03.378,1.0677,1.0681,2.20,5.40
2008.07.23 17:07:03.633,1.0677,1.06815,2.20,1.00
2008.07.23 17:07:07.318,1.06775,1.0681,5.40,1.00
2008.07.23 17:07:07.563,1.06765,1.0681,1.30,1.00
2008.07.23 17:07:08.146,1.0677,1.06815,1.30,6.00
2008.07.23 17:07:08.617,1.0677,1.06815,2.20,6.00
2008.07.23 17:07:08.846,1.0677,1.06815,2.20,1.00
2008.07.23 17:07:12.162,1.06775,1.0682,1.30,1.00
2008.07.23 17:07:12.876,1.0677,1.06815,2.20,1.00
2008.07.23 17:07:13.295,1.06775,1.06815,1.30,1.00
2008.07.23 17:07:15.140,1.0677,1.0681,2.20,1.00
2008.07.23 17:07:15.465,1.0677,1.0681,2.20,1.00
2008.07.23 17:07:16.966,1.0677,1.0681,2.20,1.30
2008.07.23 17:07:17.121,1.0677,1.068,2.20,1.00
2008.07.23 17:07:18.656,1.0677,1.0681,2.20,1.30
2008.07.23 17:07:21.094,1.0677,1.0681,2.20,1.00
2008.07.23 17:07:25.755,1.0677,1.0681,6.20,1.30
2008.07.23 17:07:25.935,1.0677,1.0681,4.00,1.30
2008.07.23 17:07:26.397,1.0677,1.068,4.00,1.00
2008.07.23 17:07:26.763,1.0677,1.068,2.20,1.00
2008.07.23 17:07:26.897,1.0677,1.0681,2.20,1.00
2008.07.23 17:07:28.012,1.0677,1.068,2.20,1.00
2008.07.23 17:07:30.398,1.0677,1.0681,2.20,1.00
2008.07.23 17:07:51.466,1.0677,1.068,2.20,1.00
2008.07.23 17:07:54.065,1.0677,1.0681,2.20,1.00
2008.07.23 17:07:57.923,1.06775,1.0681,1.30,1.00
2008.07.23 17:08:01.304,1.0678,1.0681,1.30,1.00
2008.07.23 17:08:01.756,1.0678,1.0681,2.20,1.00
2008.07.23 17:08:03.190,1.0678,1.0681,1.30,1.00
2008.07.23 17:08:22.428,1.06775,1.0681,1.30,1.00
2008.07.23 17:08:23.002,1.0677,1.0681,2.20,1.00
2008.07.23 17:08:27.013,1.0677,1.068,2.20,1.00
2008.07.23 17:08:27.698,1.0677,1.0681,2.20,1.00
2008.07.23 17:08:28.348,1.0678,1.0681,1.00,1.00
2008.07.23 17:08:29.587,1.0677,1.068,2.20,1.00
2008.07.23 17:08:30.417,1.0677,1.068,4.00,1.00
2008.07.23 17:08:32.558,1.0677,1.0681,2.20,1.00
2008.07.23 17:08:35.438,1.0678,1.0681,1.00,1.00
2008.07.23 17:08:35.971,1.0677,1.0681,2.20,1.00
2008.07.23 17:08:39.005,1.06775,1.0681,1.30,1.00
2008.07.23 17:08:39.210,1.0678,1.0681,1.00,1.00
2008.07.23 17:08:40.802,1.0677,1.0681,2.20,1.00
2008.07.23 17:08:41.332,1.0677,1.068,2.20,1.00
2008.07.23 17:08:45.698,1.0677,1.068,1.30,1.00
2008.07.23 17:08:46.341,1.06765,1.068,1.30,1.00
2008.07.23 17:08:46.522,1.06765,1.068,1.30,3.90
2008.07.23 17:08:46.624,1.06765,1.068,5.40,1.30
2008.07.23 17:08:47.191,1.0676,1.06795,6.20,1.00
2008.07.23 17:08:47.484,1.0676,1.06795,1.00,1.00
2008.07.23 17:08:47.786,1.0676,1.0679,1.00,1.00
2008.07.23 17:08:47.935,1.0676,1.06785,1.00,1.00
2008.07.23 17:08:48.264,1.0675,1.06785,1.00,1.00
2008.07.23 17:08:48.449,1.0675,1.0678,1.00,3.20
2008.07.23 17:08:48.605,1.0675,1.0678,1.00,3.90
2008.07.23 17:08:48.758,1.0675,1.0678,1.00,1.30
2008.07.23 17:08:48.912,1.0675,1.06775,1.00,1.00
2008.07.23 17:08:49.403,1.0675,1.0678,1.00,3.90
2008.07.23 17:08:49.654,1.0675,1.0678,1.00,1.00
2008.07.23 17:08:49.902,1.0675,1.06785,1.00,6.00
2008.07.23 17:08:50.764,1.0675,1.06785,1.00,1.00
2008.07.23 17:08:53.962,1.0675,1.06785,6.20,1.00
2008.07.23 17:08:54.422,1.0675,1.0679,1.00,1.30
2008.07.23 17:08:55.830,1.0675,1.06785,1.00,1.00
2008.07.23 17:08:56.021,1.0675,1.0679,2.20,3.90
2008.07.23 17:08:56.211,1.0675,1.0679,2.20,6.00
2008.07.23 17:08:56.533,1.0675,1.0679,2.20,1.00
2008.07.23 17:08:56.782,1.0676,1.0679,1.00,1.00
2008.07.23 17:08:57.981,1.0676,1.0679,1.00,1.30
2008.07.23 17:08:58.180,1.0675,1.0678,6.20,1.00
2008.07.23 17:08:58.379,1.0675,1.0678,1.00,1.00
2008.07.23 17:09:03.896,1.0675,1.0678,1.00,3.90
2008.07.23 17:09:05.548,1.0675,1.0678,1.00,1.00
2008.07.23 17:09:06.701,1.0674,1.0677,2.20,1.00
2008.07.23 17:09:12.779,1.0674,1.0677,1.00,1.00
2008.07.23 17:09:13.368,1.06735,1.0676,1.30,1.00
2008.07.23 17:09:13.517,1.0673,1.0676,2.20,1.00
2008.07.23 17:09:21.675,1.0674,1.0677,1.00,1.00
2008.07.23 17:09:26.285,1.0674,1.0677,1.00,7.10
2008.07.23 17:09:26.363,1.0674,1.0677,1.00,1.30
2008.07.23 17:09:26.671,1.0674,1.06765,1.00,1.00
2008.07.23 17:09:26.761,1.0673,1.0676,6.20,1.00
2008.07.23 17:09:26.874,1.0673,1.0676,1.00,1.00
2008.07.23 17:09:27.473,1.0673,1.0676,1.00,1.30
2008.07.23 17:09:33.376,1.0672,1.0675,4.00,1.00
2008.07.23 17:09:33.832,1.0671,1.0674,5.50,1.00
2008.07.23 17:09:33.982,1.0671,1.0674,2.20,1.00
2008.07.23 17:09:34.420,1.0671,1.0674,4.00,1.00
2008.07.23 17:09:40.130,1.0671,1.0674,1.00,1.00
2008.07.23 17:09:41.789,1.0671,1.0674,4.00,1.00
2008.07.23 17:09:42.401,1.0671,1.0674,5.50,1.00
2008.07.23 17:09:42.932,1.0672,1.0675,4.00,1.00
2008.07.23 17:09:44.297,1.0672,1.0675,1.00,1.00
2008.07.23 17:09:44.502,1.0673,1.0676,1.00,1.30
2008.07.23 17:09:44.688,1.0673,1.0676,1.00,6.00
2008.07.23 17:09:44.719,1.0673,1.0676,4.00,6.00
2008.07.23 17:09:44.910,1.0673,1.0676,2.20,6.00
2008.07.23 17:09:44.940,1.0673,1.0676,5.50,6.00
2008.07.23 17:09:44.976,1.0673,1.0676,5.50,1.00
2008.07.23 17:09:45.051,1.0674,1.06765,4.00,5.40
2008.07.23 17:09:45.170,1.0674,1.06765,1.00,5.40
2008.07.23 17:09:45.499,1.0674,1.0677,1.00,1.00
2008.07.23 17:09:46.469,1.0674,1.0677,2.20,1.00
2008.07.23 17:09:46.598,1.0675,1.0678,1.00,1.00
2008.07.23 17:09:46.947,1.0675,1.0679,1.00,1.30
2008.07.23 17:10:06.295,1.0675,1.0679,1.00,1.00
2008.07.23 17:10:06.466,1.0675,1.06795,2.20,6.00
2008.07.23 17:10:06.633,1.0675,1.06795,5.50,6.00
2008.07.23 17:10:06.936,1.0676,1.068,4.00,1.30
2008.07.23 17:10:07.235,1.06765,1.06795,1.30,5.40
2008.07.23 17:10:07.532,1.0678,1.068,1.00,5.40
2008.07.23 17:10:07.840,1.0678,1.0681,1.00,6.00
2008.07.23 17:10:08.009,1.0678,1.0681,2.20,6.00
2008.07.23 17:10:08.178,1.0678,1.0681,2.20,1.00
2008.07.23 17:10:11.796,1.0679,1.0682,1.00,1.30
2008.07.23 17:10:11.937,1.0679,1.0682,1.00,6.00
2008.07.23 17:10:12.552,1.0679,1.0682,1.00,1.00
2008.07.23 17:10:14.095,1.0678,1.0682,2.20,1.00
2008.07.23 17:10:16.546,1.0678,1.0682,2.20,1.30
2008.07.23 17:10:18.205,1.0678,1.0682,1.00,1.30
2008.07.23 17:10:18.934,1.0678,1.0681,1.00,1.00
2008.07.23 17:10:27.943,1.06775,1.0681,1.30,1.00
2008.07.23 17:10:28.083,1.0677,1.0681,2.20,1.00
2008.07.23 17:10:36.137,1.0677,1.0681,1.00,1.30
2008.07.23 17:10:38.536,1.06765,1.0681,1.30,1.30
2008.07.23 17:10:38.826,1.0676,1.06805,2.20,1.00
2008.07.23 17:10:40.415,1.0677,1.06805,1.00,1.00
2008.07.23 17:10:42.325,1.0677,1.06805,1.00,6.00
2008.07.23 17:10:42.759,1.0677,1.068,1.00,1.00
2008.07.23 17:10:48.652,1.0678,1.0681,1.00,1.30
2008.07.23 17:10:49.607,1.0677,1.0681,6.20,1.30
2008.07.23 17:10:49.753,1.0677,1.0681,1.00,1.30
2008.07.23 17:10:49.893,1.0677,1.0681,6.20,1.30
2008.07.23 17:10:50.265,1.0677,1.0681,1.00,1.30
2008.07.23 17:10:53.903,1.0678,1.0681,1.00,1.30
2008.07.23 17:10:54.294,1.0677,1.0681,1.00,1.30
2008.07.23 17:10:57.715,1.0677,1.06805,1.00,1.00
2008.07.23 17:11:01.051,1.06765,1.06805,1.30,1.00
2008.07.23 17:11:02.778,1.0677,1.06805,1.00,1.00
2008.07.23 17:11:12.671,1.06765,1.06805,1.30,1.00
2008.07.23 17:11:13.157,1.0676,1.06805,2.20,1.00
2008.07.23 17:11:13.530,1.0676,1.068,2.20,1.00
2008.07.23 17:11:19.710,1.0677,1.06805,1.00,6.00
2008.07.23 17:11:20.148,1.0677,1.06805,1.00,1.00
2008.07.23 17:11:22.744,1.0677,1.0681,1.00,1.30
2008.07.23 17:11:27.419,1.0677,1.068,1.00,1.00
2008.07.23 17:11:37.951,1.0677,1.0681,1.00,1.30
2008.07.23 17:11:38.352,1.0677,1.0681,4.00,1.30
2008.07.23 17:11:38.793,1.0677,1.06805,4.00,1.00
2008.07.23 17:11:38.975,1.0678,1.06805,1.00,1.00
2008.07.23 17:11:43.732,1.0678,1.0681,1.00,1.30
2008.07.23 17:11:45.059,1.0678,1.06805,1.00,1.00
2008.07.23 17:11:52.239,1.0677,1.06805,1.00,1.00
2008.07.23 17:11:53.388,1.0677,1.06805,4.00,1.00
2008.07.23 17:11:53.882,1.0678,1.06805,1.00,1.00
2008.07.23 17:11:55.351,1.0677,1.068,4.00,1.00
2008.07.23 17:11:56.333,1.0676,1.0679,5.50,1.00
2008.07.23 17:11:56.873,1.0676,1.0679,2.20,1.00
2008.07.23 17:11:58.008,1.06765,1.0679,1.30,1.00
2008.07.23 17:11:58.638,1.0677,1.068,4.00,1.00
2008.07.23 17:11:59.600,1.0677,1.068,1.00,1.00
2008.07.23 17:11:59.746,1.0677,1.068,2.20,1.00
2008.07.23 17:12:00.319,1.0678,1.0681,1.00,1.00
2008.07.23 17:12:10.520,1.0678,1.0681,2.20,1.00
2008.07.23 17:12:14.223,1.0678,1.0681,6.20,1.00
2008.07.23 17:12:14.607,1.06785,1.0681,1.30,1.00
2008.07.23 17:12:14.853,1.0678,1.0681,1.00,1.00
2008.07.23 17:12:15.187,1.0678,1.0681,6.20,1.00
2008.07.23 17:12:15.572,1.0678,1.0681,1.00,1.00
2008.07.23 17:12:17.862,1.0677,1.068,2.20,1.00
2008.07.23 17:12:21.235,1.0677,1.068,4.00,1.00
2008.07.23 17:12:21.494,1.0677,1.068,2.20,1.00
2008.07.23 17:12:23.164,1.0677,1.068,4.00,1.00
2008.07.23 17:12:35.359,1.0677,1.068,2.20,1.00
2008.07.23 17:13:04.243,1.0677,1.068,4.00,1.00
2008.07.23 17:13:14.707,1.0677,1.068,1.00,1.00
2008.07.23 17:13:30.334,1.0677,1.068,2.20,1.00
2008.07.23 17:13:34.565,1.0677,1.068,3.30,1.00
2008.07.23 17:13:34.647,1.0678,1.0681,1.80,1.70
2008.07.23 17:13:39.981,1.0678,1.0681,1.00,1.70
2008.07.23 17:13:42.742,1.0678,1.0681,1.80,1.70
2008.07.23 17:13:49.128,1.0678,1.0681,1.00,1.70
2008.07.23 17:13:49.191,1.06775,1.068,1.30,1.00
2008.07.23 17:13:52.160,1.0677,1.068,1.80,1.00
2008.07.23 17:13:52.911,1.0677,1.068,2.20,1.00
2008.07.23 17:13:54.481,1.0677,1.068,1.80,1.00
2008.07.23 17:14:19.177,1.0677,1.068,1.00,1.00
2008.07.23 17:14:19.386,1.0677,1.068,1.00,1.70
2008.07.23 17:14:19.990,1.0676,1.0679,2.20,1.00
2008.07.23 17:14:20.224,1.0676,1.0679,2.20,3.90
2008.07.23 17:14:20.464,1.0676,1.0679,6.20,3.90
2008.07.23 17:14:20.694,1.0676,1.0679,1.00,3.90
2008.07.23 17:14:28.658,1.0676,1.0679,1.00,1.00
2008.07.23 17:14:28.750,1.0676,1.0679,2.20,1.00
2008.07.23 17:14:28.866,1.0676,1.0679,2.20,3.90
2008.07.23 17:14:29.140,1.0676,1.0679,1.00,3.90
2008.07.23 17:14:32.592,1.0676,1.0679,2.20,3.90
2008.07.23 17:14:32.677,1.0676,1.0679,2.20,1.00
2008.07.23 17:14:33.171,1.0677,1.068,1.00,6.00
2008.07.23 17:14:33.441,1.0677,1.068,1.00,1.00
2008.07.23 17:14:33.710,1.06755,1.068,1.30,1.30
2008.07.23 17:14:34.500,1.06755,1.06795,1.30,1.00
2008.07.23 17:14:39.079,1.0676,1.068,2.20,6.00
2008.07.23 17:14:39.725,1.0676,1.068,2.20,5.40
2008.07.23 17:14:40.054,1.0676,1.06805,2.20,1.00
2008.07.23 17:14:40.379,1.0677,1.06805,1.00,1.00
2008.07.23 17:14:51.885,1.0676,1.068,2.20,1.00
2008.07.23 17:15:03.776,1.0676,1.06805,2.20,1.00
2008.07.23 17:15:06.856,1.0676,1.068,2.20,1.00
2008.07.23 17:15:07.024,1.0676,1.068,2.20,1.30
2008.07.23 17:15:09.867,1.0676,1.0679,2.20,1.00
2008.07.23 17:15:16.909,1.0676,1.0679,1.00,1.00
2008.07.23 17:15:17.879,1.0676,1.068,1.00,1.30
2008.07.23 17:15:20.942,1.0676,1.068,1.00,3.90
2008.07.23 17:15:21.180,1.0676,1.068,1.00,1.00
2008.07.23 17:15:21.441,1.0676,1.068,6.20,1.00
2008.07.23 17:15:51.481,1.0676,1.06795,6.20,1.00
2008.07.23 17:15:51.560,1.0676,1.0679,6.20,1.00
2008.07.23 17:15:52.028,1.0676,1.0679,1.00,1.00
2008.07.23 17:15:59.268,1.0676,1.0679,1.00,1.70
2008.07.23 17:15:59.828,1.0676,1.0679,2.20,1.00
2008.07.23 17:16:00.395,1.0677,1.068,1.00,1.00
2008.07.23 17:16:02.777,1.0678,1.06805,1.00,1.70
2008.07.23 17:16:02.890,1.0678,1.0681,1.00,1.70
2008.07.23 17:16:07.175,1.0678,1.06805,1.00,1.00
2008.07.23 17:16:07.353,1.0678,1.0681,1.00,1.00
2008.07.23 17:16:08.786,1.0678,1.0681,1.00,1.30
2008.07.23 17:16:10.517,1.0677,1.068,4.00,1.70
2008.07.23 17:16:10.756,1.0677,1.068,1.00,4.90
2008.07.23 17:16:10.998,1.0676,1.06785,6.20,1.00
2008.07.23 17:16:11.237,1.0676,1.0679,1.00,1.30
2008.07.23 17:16:11.477,1.0676,1.0679,1.00,2.40
2008.07.23 17:16:11.587,1.0676,1.0679,1.00,3.50
2008.07.23 17:16:15.775,1.0676,1.0679,1.00,1.30
2008.07.23 17:16:20.064,1.0676,1.06785,1.00,1.00
2008.07.23 17:16:20.169,1.0676,1.0678,1.00,1.00
2008.07.23 17:16:20.456,1.0676,1.0678,1.00,2.10
2008.07.23 17:16:25.319,1.0676,1.0677,1.00,2.10
2008.07.23 17:16:25.541,1.0676,1.0677,1.00,3.20
2008.07.23 17:16:25.653,1.0676,1.0678,1.00,3.90
2008.07.23 17:16:25.812,1.0675,1.0678,1.00,4.50
2008.07.23 17:16:32.685,1.0675,1.0678,1.00,2.40
2008.07.23 17:16:32.774,1.0676,1.0678,1.00,4.90
2008.07.23 17:16:32.823,1.0676,1.06785,1.00,1.70
2008.07.23 17:16:32.950,1.0676,1.0678,1.00,2.10
2008.07.23 17:16:33.984,1.0676,1.0678,1.00,1.00
2008.07.23 17:16:34.502,1.0676,1.0679,1.00,1.30
2008.07.23 17:16:36.121,1.0675,1.0678,6.20,1.00
2008.07.23 17:16:36.443,1.0675,1.0678,6.20,1.70
2008.07.23 17:16:36.664,1.0675,1.0678,1.00,1.30
2008.07.23 17:16:38.716,1.0675,1.0677,1.00,1.00
2008.07.23 17:16:38.830,1.0675,1.0678,1.00,1.30
2008.07.23 17:16:42.581,1.0674,1.0677,1.00,1.00
2008.07.23 17:16:42.900,1.0674,1.0677,1.00,1.30
2008.07.23 17:16:43.221,1.0674,1.0677,1.00,1.00
2008.07.23 17:16:46.742,1.0674,1.0677,1.00,1.30
2008.07.23 17:16:59.979,1.0676,1.0678,1.00,1.70
2008.07.23 17:17:00.066,1.0676,1.06785,1.00,6.00
2008.07.23 17:17:00.366,1.0676,1.0678,1.00,2.10
2008.07.23 17:17:00.452,1.06745,1.0677,1.30,1.00
2008.07.23 17:17:00.526,1.0674,1.0677,5.10,1.00
2008.07.23 17:17:00.604,1.06745,1.0677,6.40,1.00
2008.07.23 17:17:00.827,1.06745,1.0677,5.40,1.00
2008.07.23 17:17:01.133,1.0674,1.0677,1.00,1.00
2008.07.23 17:17:43.508,1.0674,1.0677,1.00,1.30
2008.07.23 17:17:50.311,1.0674,1.06765,1.00,1.00
2008.07.23 17:17:51.190,1.0674,1.0677,1.00,1.30
2008.07.23 17:17:54.844,1.0674,1.0677,1.00,6.00
2008.07.23 17:17:55.201,1.0674,1.0677,1.00,1.00
2008.07.23 17:17:56.821,1.0673,1.0676,2.20,1.00
2008.07.23 17:18:26.855,1.0674,1.0677,1.00,1.00
2008.07.23 17:18:33.786,1.0675,1.0678,1.00,1.30
2008.07.23 17:18:33.960,1.0675,1.06775,1.00,5.40
2008.07.23 17:18:34.302,1.0674,1.0677,2.20,1.00
2008.07.23 17:18:36.318,1.06745,1.0677,1.30,1.00
2008.07.23 17:18:36.882,1.0675,1.0678,1.00,1.00
2008.07.23 17:18:54.424,1.0674,1.0677,2.20,1.00
2008.07.23 17:18:57.665,1.0675,1.0678,1.00,6.00
2008.07.23 17:18:58.057,1.0675,1.0678,1.00,1.00
2008.07.23 17:19:11.574,1.0676,1.06785,1.00,6.00
2008.07.23 17:19:11.818,1.0676,1.0679,1.00,1.30
2008.07.23 17:19:12.086,1.0675,1.0678,1.00,1.00
2008.07.23 17:19:14.815,1.0676,1.0679,1.00,1.30
2008.07.23 17:19:15.062,1.0676,1.0679,1.00,6.00
2008.07.23 17:19:15.131,1.0676,1.06785,1.00,5.40
2008.07.23 17:19:15.267,1.0676,1.0679,1.00,1.00
2008.07.23 17:19:21.686,1.0675,1.0678,2.20,1.00
2008.07.23 17:19:27.801,1.06745,1.0677,1.30,1.00
2008.07.23 17:19:32.674,1.0674,1.0677,2.20,1.00
2008.07.23 17:19:42.355,1.0674,1.0677,4.00,1.00
2008.07.23 17:19:42.579,1.06735,1.0676,1.30,1.00
2008.07.23 17:19:42.736,1.0673,1.0676,5.50,1.00
2008.07.23 17:19:43.197,1.0673,1.0676,2.20,1.00
2008.07.23 17:19:48.462,1.0674,1.0677,1.00,1.00
2008.07.23 17:19:48.642,1.0674,1.0677,4.00,1.00
2008.07.23 17:19:48.972,1.0675,1.0677,1.00,1.00
2008.07.23 17:19:49.644,1.0674,1.0677,1.00,1.30
2008.07.23 17:19:49.897,1.0674,1.0677,1.00,1.00
2008.07.23 17:19:52.825,1.0674,1.0677,1.80,1.00
2008.07.23 17:19:52.977,1.0674,1.0677,2.20,1.00
2008.07.23 17:19:53.313,1.0675,1.0678,1.00,9.30
2008.07.23 17:19:53.644,1.0675,1.0678,2.20,1.00
2008.07.23 17:19:53.942,1.0675,1.0678,1.00,1.00
2008.07.23 17:19:54.740,1.0675,1.0678,1.80,1.00
2008.07.23 17:19:54.889,1.0676,1.0679,1.00,6.00
2008.07.23 17:19:55.041,1.0676,1.0679,1.00,3.90
2008.07.23 17:19:59.052,1.0676,1.0679,4.00,1.00
2008.07.23 17:19:59.282,1.0677,1.068,1.00,1.30
2008.07.23 17:20:03.301,1.0676,1.0679,5.10,1.00
2008.07.23 17:20:09.794,1.0676,1.0679,2.20,1.00
2008.07.23 17:20:10.169,1.06765,1.0679,1.30,1.00
2008.07.23 17:20:10.575,1.0677,1.068,4.00,1.00
2008.07.23 17:20:28.024,1.0677,1.068,4.00,1.70
2008.07.23 17:20:28.735,1.0676,1.0679,4.00,1.00
2008.07.23 17:20:57.902,1.0675,1.0678,5.50,1.00
2008.07.23 17:20:57.970,1.0675,1.0678,2.20,1.00
2008.07.23 17:21:04.232,1.0675,1.0678,1.80,1.00
2008.07.23 17:21:04.417,1.0675,1.0678,1.80,2.80
2008.07.23 17:21:04.529,1.06745,1.0677,1.30,1.00
2008.07.23 17:21:04.626,1.0674,1.0677,1.80,1.00
2008.07.23 17:21:04.915,1.0674,1.0677,6.20,1.00
2008.07.23 17:21:05.586,1.0674,1.0677,1.00,1.00
2008.07.23 17:21:05.868,1.0673,1.0676,2.20,1.00
2008.07.23 17:21:06.436,1.0673,1.0676,4.00,1.00
2008.07.23 17:21:07.848,1.0673,1.0676,6.20,1.00
2008.07.23 17:21:08.075,1.0674,1.0677,9.40,1.70
2008.07.23 17:21:08.206,1.0674,1.0677,2.20,1.70
2008.07.23 17:21:08.485,1.0675,1.0678,1.00,1.00
2008.07.23 17:21:08.755,1.0675,1.0678,1.00,4.90
2008.07.23 17:21:14.033,1.0675,1.0678,1.00,6.00
2008.07.23 17:21:14.554,1.0675,1.0678,1.00,2.40
2008.07.23 17:21:14.714,1.0675,1.0678,1.00,1.30
2008.07.23 17:21:14.791,1.0675,1.06765,1.00,1.00
2008.07.23 17:21:14.970,1.0675,1.0678,1.00,1.30
2008.07.23 17:21:15.343,1.0675,1.06775,1.00,1.70
2008.07.23 17:21:15.609,1.0675,1.0678,1.00,4.90
2008.07.23 17:21:15.932,1.0675,1.0678,1.00,1.30
2008.07.23 17:21:33.909,1.0675,1.0678,1.00,4.90
2008.07.23 17:21:37.829,1.0676,1.0679,1.00,6.00
2008.07.23 17:21:37.969,1.0676,1.0679,1.00,1.70
2008.07.23 17:21:38.307,1.0676,1.0679,1.00,1.30
2008.07.23 17:21:42.426,1.0676,1.0679,1.00,4.90
2008.07.23 17:21:56.562,1.0676,1.0679,1.00,1.30
2008.07.23 17:22:21.352,1.0676,1.0679,1.00,4.90
2008.07.23 17:22:22.244,1.0676,1.0679,2.20,1.00
2008.07.23 17:22:23.038,1.0677,1.068,1.00,1.30
2008.07.23 17:22:23.119,1.0677,1.068,1.00,1.00
2008.07.23 17:22:23.518,1.0677,1.068,1.00,1.30
2008.07.23 17:22:25.922,1.0677,1.068,1.00,1.00
2008.07.23 17:22:32.496,1.0676,1.0679,2.20,1.00
2008.07.23 17:22:34.320,1.0676,1.0679,4.00,1.00
2008.07.23 17:22:43.941,1.0676,1.0679,1.00,3.90
2008.07.23 17:22:44.169,1.0675,1.0678,2.20,1.00
2008.07.23 17:22:46.721,1.0676,1.0679,1.00,1.00
2008.07.23 17:22:48.806,1.0676,1.0679,1.00,3.90
2008.07.23 17:22:49.621,1.0676,1.0679,1.00,1.30
2008.07.23 17:22:49.797,1.0675,1.0678,1.00,1.00
2008.07.23 17:22:52.470,1.0675,1.0678,1.00,3.90
2008.07.23 17:22:58.929,1.0676,1.0678,1.00,3.20
2008.07.23 17:22:59.169,1.0676,1.0679,1.00,4.50
2008.07.23 17:22:59.325,1.0676,1.0679,1.00,1.30
2008.07.23 17:22:59.699,1.0676,1.0679,1.00,3.90
2008.07.23 17:23:00.278,1.0676,1.0679,1.00,1.30
2008.07.23 17:23:04.268,1.0676,1.0679,1.00,3.90
2008.07.23 17:23:09.725,1.0676,1.0679,1.00,1.00
2008.07.23 17:23:11.144,1.0676,1.0679,4.00,1.00
2008.07.23 17:23:11.786,1.0677,1.068,1.00,1.30
2008.07.23 17:23:22.946,1.0676,1.0679,1.00,1.00
2008.07.23 17:23:24.015,1.0676,1.0679,1.00,3.90
2008.07.23 17:23:24.301,1.0675,1.0678,2.20,1.00
2008.07.23 17:23:24.583,1.0675,1.0678,1.00,1.00
2008.07.23 17:23:29.089,1.0675,1.06785,1.00,1.00
2008.07.23 17:23:29.240,1.0675,1.0679,1.00,1.30
2008.07.23 17:23:29.969,1.0675,1.0678,1.00,1.00
2008.07.23 17:23:36.943,1.0676,1.0679,1.00,1.00
2008.07.23 17:23:37.430,1.0675,1.0679,2.20,1.00
2008.07.23 17:23:39.358,1.0675,1.0679,1.00,1.30
2008.07.23 17:23:44.186,1.0675,1.06785,1.00,1.00
2008.07.23 17:23:44.838,1.0675,1.0678,1.00,1.00
2008.07.23 17:23:45.396,1.0674,1.0678,2.20,1.00
2008.07.23 17:23:47.685,1.06745,1.0678,1.30,1.00
2008.07.23 17:23:48.111,1.0675,1.0678,1.00,1.00
2008.07.23 17:23:53.107,1.0675,1.0678,2.20,1.00
2008.07.23 17:24:08.135,1.0675,1.0678,1.00,1.00
2008.07.23 17:24:11.343,1.0675,1.0678,2.20,1.00
2008.07.23 17:24:15.813,1.0676,1.0679,1.00,1.00
2008.07.23 17:24:16.264,1.0676,1.0679,2.20,1.00
2008.07.23 17:24:20.253,1.0676,1.0679,1.00,1.00
2008.07.23 17:24:36.634,1.0675,1.0679,2.20,1.00
2008.07.23 17:24:37.063,1.0675,1.0679,2.20,1.30
2008.07.23 17:24:37.673,1.0675,1.0678,2.20,1.00
2008.07.23 17:24:40.345,1.0675,1.0678,1.00,1.00
2008.07.23 17:24:44.672,1.0675,1.0678,2.20,1.00
2008.07.23 17:24:47.093,1.0675,1.0679,2.20,1.30
2008.07.23 17:24:47.521,1.0675,1.0679,2.20,1.00
2008.07.23 17:25:01.521,1.06755,1.0679,1.30,1.00
2008.07.23 17:25:02.117,1.0676,1.0679,1.00,1.00
2008.07.23 17:25:06.661,1.0676,1.0679,2.20,1.00
2008.07.23 17:25:14.204,1.0676,1.0679,1.00,1.00
2008.07.23 17:25:14.595,1.06755,1.0679,1.30,1.00
2008.07.23 17:25:18.726,1.0676,1.0679,1.00,1.00
2008.07.23 17:25:28.605,1.06755,1.0679,1.30,1.00
2008.07.23 17:25:42.728,1.0675,1.0679,2.20,1.00
2008.07.23 17:26:04.087,1.0675,1.0679,2.20,1.70
2008.07.23 17:26:04.231,1.0675,1.0679,1.00,1.30
2008.07.23 17:26:04.722,1.0675,1.0678,1.00,1.00
2008.07.23 17:26:05.491,1.0675,1.0679,1.00,1.30
2008.07.23 17:26:05.632,1.0675,1.0679,2.20,1.30
2008.07.23 17:26:06.403,1.0675,1.0679,2.20,1.00
2008.07.23 17:26:13.089,1.0675,1.0678,2.20,1.00
2008.07.23 17:26:22.999,1.0675,1.0678,1.00,1.00
2008.07.23 17:26:24.148,1.0675,1.0678,1.00,3.90
2008.07.23 17:26:48.519,1.0675,1.0678,1.00,11.40
2008.07.23 17:26:48.623,1.0675,1.0678,1.00,1.30
2008.07.23 17:26:48.935,1.0674,1.0677,5.10,1.00
2008.07.23 17:26:50.363,1.0675,1.0678,1.00,1.30
2008.07.23 17:26:50.575,1.0675,1.0678,1.00,3.90
2008.07.23 17:26:50.917,1.0675,1.0678,1.00,1.00
2008.07.23 17:26:51.733,1.0675,1.0678,2.20,1.00
2008.07.23 17:26:54.002,1.0675,1.0678,1.00,3.90
2008.07.23 17:26:55.802,1.0675,1.0678,1.00,1.00
2008.07.23 17:26:56.071,1.0675,1.0678,2.20,1.00
2008.07.23 17:27:02.880,1.0675,1.0678,2.20,3.90
2008.07.23 17:27:03.139,1.0675,1.0678,1.00,3.90
2008.07.23 17:27:10.332,1.0676,1.0679,1.00,4.50
2008.07.23 17:27:19.285,1.0676,1.0679,1.00,1.30
2008.07.23 17:27:22.195,1.0676,1.0679,1.80,3.90
2008.07.23 17:27:22.590,1.0677,1.068,1.00,6.00
2008.07.23 17:27:23.500,1.0678,1.068,1.00,8.60
2008.07.23 17:27:23.791,1.0678,1.0681,1.00,9.30
2008.07.23 17:27:24.074,1.0678,1.0681,1.00,3.90
2008.07.23 17:27:24.685,1.0679,1.0681,1.00,3.20
2008.07.23 17:27:26.319,1.0678,1.0681,1.00,3.90
2008.07.23 17:27:26.842,1.0678,1.0681,1.00,1.00
2008.07.23 17:27:28.080,1.0678,1.0681,1.00,3.90
2008.07.23 17:27:28.134,1.0678,1.0681,1.00,4.50
2008.07.23 17:27:28.453,1.0678,1.0681,1.00,3.90
2008.07.23 17:27:31.252,1.0678,1.0681,1.00,4.50
2008.07.23 17:27:32.187,1.0678,1.068,1.00,3.20
2008.07.23 17:27:35.032,1.0678,1.0681,1.00,3.90
2008.07.23 17:27:35.982,1.0678,1.0681,1.00,4.50
2008.07.23 17:27:39.752,1.0678,1.068,1.00,3.20
2008.07.23 17:27:40.393,1.0677,1.068,1.00,1.00
2008.07.23 17:27:43.592,1.0677,1.068,2.90,1.00
2008.07.23 17:27:43.951,1.0677,1.068,6.20,1.00
2008.07.23 17:27:44.063,1.0677,1.068,5.10,1.00
2008.07.23 17:27:46.911,1.0677,1.068,1.80,3.90
2008.07.23 17:27:47.198,1.0677,1.068,1.00,3.90
2008.07.23 17:27:50.128,1.0677,1.068,1.00,1.00
2008.07.23 17:27:50.247,1.06765,1.0679,1.30,1.00
2008.07.23 17:27:52.737,1.0677,1.068,1.00,3.90
2008.07.23 17:27:57.533,1.0677,1.068,2.20,3.90
2008.07.23 17:27:57.877,1.0678,1.0681,1.00,1.30
2008.07.23 17:27:58.496,1.0678,1.0681,1.00,1.00
2008.07.23 17:28:00.987,1.0678,1.0681,1.00,4.50
2008.07.23 17:28:04.665,1.0678,1.0681,1.00,1.30
2008.07.23 17:28:04.774,1.0678,1.0681,1.00,1.00
2008.07.23 17:28:08.630,1.0678,1.0681,1.00,3.90
2008.07.23 17:28:09.426,1.0678,1.0681,1.00,1.00
2008.07.23 17:28:09.792,1.0678,1.0681,1.00,3.90
2008.07.23 17:28:09.985,1.0678,1.0681,1.00,4.50
2008.07.23 17:28:12.004,1.0677,1.068,1.00,3.90
2008.07.23 17:28:12.071,1.0677,1.068,1.00,1.00
2008.07.23 17:28:13.684,1.0677,1.068,1.00,1.30
2008.07.23 17:28:17.538,1.0677,1.068,1.00,1.00
2008.07.23 17:28:19.814,1.0677,1.068,1.00,3.90
2008.07.23 17:28:20.475,1.0678,1.0681,1.00,4.50
2008.07.23 17:28:35.548,1.0678,1.0681,1.00,1.30
2008.07.23 17:28:35.784,1.0678,1.0681,1.00,6.00
2008.07.23 17:28:35.958,1.0678,1.0681,1.00,1.00
2008.07.23 17:28:41.311,1.0677,1.0681,2.20,1.00
2008.07.23 17:28:45.067,1.0677,1.0681,2.20,6.00
2008.07.23 17:28:45.265,1.0677,1.0681,2.20,1.00
2008.07.23 17:28:51.166,1.0677,1.0681,2.20,3.90
2008.07.23 17:28:51.363,1.0677,1.0681,2.20,1.00
2008.07.23 17:28:53.988,1.0678,1.0681,1.00,1.00
2008.07.23 17:28:54.271,1.0678,1.0681,1.00,1.30
2008.07.23 17:28:54.423,1.0678,1.0681,1.00,4.50
2008.07.23 17:28:56.823,1.0677,1.068,1.00,3.90
2008.07.23 17:28:57.421,1.06765,1.068,1.30,1.00
2008.07.23 17:28:59.212,1.0677,1.068,1.00,3.90
2008.07.23 17:29:00.708,1.06765,1.068,1.30,3.90
2008.07.23 17:29:00.799,1.0676,1.068,2.20,3.90
2008.07.23 17:29:00.926,1.0676,1.068,2.20,1.70
2008.07.23 17:29:01.100,1.0676,1.068,2.20,4.90
2008.07.23 17:29:01.563,1.0676,1.0679,2.20,1.00
2008.07.23 17:29:06.212,1.0676,1.0678,1.30,1.00
2008.07.23 17:29:06.432,1.0675,1.0678,2.20,1.00
2008.07.23 17:29:06.524,1.0675,1.0678,5.50,1.00
2008.07.23 17:29:06.616,1.0676,1.0678,1.30,1.00
2008.07.23 17:29:06.725,1.0675,1.0678,5.50,1.00
2008.07.23 17:29:06.808,1.0675,1.0678,6.60,1.00
2008.07.23 17:29:06.899,1.0675,1.0678,7.60,1.00
2008.07.23 17:29:07.671,1.06755,1.0678,1.30,1.00
2008.07.23 17:29:08.024,1.0676,1.0678,3.20,1.00
2008.07.23 17:29:08.168,1.0675,1.0678,4.00,1.00
2008.07.23 17:29:10.931,1.0675,1.0678,5.50,1.00
2008.07.23 17:29:10.977,1.0676,1.0679,2.20,1.00
2008.07.23 17:29:11.705,1.0676,1.0679,1.30,1.00
2008.07.23 17:29:12.059,1.06755,1.0679,1.30,1.00
2008.07.23 17:29:13.938,1.0675,1.0679,7.60,1.00
2008.07.23 17:29:14.097,1.0675,1.0679,7.60,1.70
2008.07.23 17:29:14.257,1.0675,1.0678,7.60,1.00
2008.07.23 17:29:14.716,1.06755,1.0678,1.30,1.00
2008.07.23 17:29:15.041,1.06755,1.0679,1.30,1.00
2008.07.23 17:29:21.765,1.0676,1.0679,1.30,1.00
2008.07.23 17:29:24.728,1.0676,1.0679,2.20,1.00
2008.07.23 17:29:35.293,1.0676,1.0679,3.30,1.00
2008.07.23 17:29:35.351,1.0676,1.0679,5.50,1.00
2008.07.23 17:29:39.485,1.0676,1.0679,8.70,1.00
2008.07.23 17:29:39.698,1.06765,1.0679,1.30,1.00
2008.07.23 17:29:40.311,1.0676,1.0679,5.50,1.00
2008.07.23 17:29:48.768,1.0676,1.0679,4.40,1.00
2008.07.23 17:29:58.695,1.0676,1.0679,3.30,1.00
2008.07.23 17:29:58.715,1.0676,1.0679,2.20,1.00
2008.07.23 17:30:07.823,1.0676,1.0679,1.30,1.00
2008.07.23 17:30:08.535,1.06755,1.0679,6.70,1.00
2008.07.23 17:30:09.025,1.0676,1.0679,1.30,1.00
2008.07.23 17:30:09.355,1.0676,1.0679,4.00,1.00
2008.07.23 17:30:09.685,1.06755,1.0678,1.30,1.00
2008.07.23 17:30:10.572,1.0676,1.0679,4.00,1.00
2008.07.23 17:30:10.725,1.0676,1.0679,1.00,3.90
2008.07.23 17:30:10.874,1.0675,1.0678,2.20,1.00
2008.07.23 17:30:11.382,1.0675,1.0678,5.50,1.00
2008.07.23 17:30:11.751,1.0676,1.0679,4.00,1.00
2008.07.23 17:30:17.303,1.0676,1.0679,1.00,3.90
2008.07.23 17:30:17.602,1.0676,1.0679,1.00,1.30
2008.07.23 17:30:17.903,1.0675,1.0678,2.20,1.00
2008.07.23 17:30:20.486,1.0675,1.0678,5.50,1.00
2008.07.23 17:30:21.120,1.0676,1.0679,4.00,1.00
2008.07.23 17:30:22.233,1.0676,1.0679,5.10,1.00
2008.07.23 17:30:24.811,1.0676,1.0679,6.20,1.00
2008.07.23 17:30:33.371,1.0676,1.0679,4.00,1.00
2008.07.23 17:30:35.579,1.06755,1.0678,1.30,1.00
2008.07.23 17:30:35.642,1.0675,1.0678,2.20,1.00
2008.07.23 17:30:42.365,1.0675,1.0678,5.50,1.00
2008.07.23 17:30:43.124,1.0676,1.0679,4.00,1.00
2008.07.23 17:30:54.609,1.0676,1.0679,5.10,1.00
2008.07.23 17:30:55.911,1.0676,1.0679,4.00,1.00
2008.07.23 17:30:56.813,1.0676,1.0679,2.20,1.00
2008.07.23 17:31:03.839,1.0676,1.0679,5.10,1.00
2008.07.23 17:31:04.418,1.06755,1.0678,1.30,1.00
2008.07.23 17:31:05.508,1.0676,1.0679,5.10,1.00
2008.07.23 17:31:07.438,1.06755,1.0678,1.30,1.00
2008.07.23 17:31:07.750,1.0675,1.0678,3.30,1.00
2008.07.23 17:31:07.991,1.0675,1.0678,2.20,1.00
2008.07.23 17:31:08.700,1.0675,1.0678,2.20,3.90
2008.07.23 17:31:23.066,1.0675,1.0678,5.50,1.00
2008.07.23 17:31:23.284,1.0676,1.0679,4.00,7.10
2008.07.23 17:31:23.480,1.0676,1.0679,2.20,1.00
2008.07.23 17:31:23.949,1.0676,1.0678,1.30,1.00
2008.07.23 17:31:24.390,1.06755,1.0678,1.30,1.00
2008.07.23 17:31:24.785,1.0676,1.0679,4.00,1.00
2008.07.23 17:31:24.987,1.0676,1.0679,1.00,3.90
2008.07.23 17:31:25.519,1.06755,1.0678,1.30,1.00
2008.07.23 17:31:26.703,1.0676,1.0679,4.00,1.00
2008.07.23 17:31:26.804,1.0676,1.0679,2.20,1.00
2008.07.23 17:31:33.336,1.0676,1.0678,1.30,3.90
2008.07.23 17:31:33.484,1.06755,1.0678,1.30,3.90
2008.07.23 17:31:33.775,1.0675,1.0678,2.20,3.90
2008.07.23 17:31:36.206,1.0675,1.0678,5.50,1.00
2008.07.23 17:31:36.329,1.0676,1.0679,4.00,7.10
2008.07.23 17:31:36.597,1.0676,1.0679,4.00,6.00
2008.07.23 17:31:36.724,1.0676,1.0679,4.00,1.00
2008.07.23 17:31:37.532,1.06755,1.0678,1.30,1.00
2008.07.23 17:31:42.553,1.0675,1.0678,2.20,1.00
2008.07.23 17:31:42.889,1.0675,1.0678,2.20,3.90
2008.07.23 17:32:25.475,1.0676,1.0679,1.00,4.50
2008.07.23 17:32:37.709,1.0676,1.0679,1.00,1.30
2008.07.23 17:32:42.848,1.0676,1.0679,4.00,1.30
2008.07.23 17:32:43.051,1.0676,1.0679,5.10,1.30
2008.07.23 17:32:43.257,1.0677,1.06795,1.00,1.00
2008.07.23 17:32:43.645,1.0677,1.068,1.00,1.30
2008.07.23 17:33:14.854,1.0676,1.0679,4.00,1.00
2008.07.23 17:33:15.188,1.0676,1.0679,4.00,1.30
2008.07.23 17:33:15.359,1.0676,1.0679,1.00,4.50
2008.07.23 17:33:17.488,1.0676,1.0678,1.00,3.20
2008.07.23 17:33:19.256,1.0675,1.0678,1.00,3.90
2008.07.23 17:33:20.780,1.0676,1.0678,1.00,8.60
2008.07.23 17:33:20.996,1.0676,1.0678,1.00,4.90
2008.07.23 17:33:21.150,1.0675,1.0678,1.00,1.30
2008.07.23 17:33:26.705,1.0674,1.0677,4.00,1.00
2008.07.23 17:33:26.997,1.0674,1.0677,2.20,1.00
2008.07.23 17:33:27.172,1.0675,1.0678,1.00,4.90
2008.07.23 17:33:27.922,1.0675,1.0678,1.80,4.90
2008.07.23 17:33:28.650,1.0675,1.0678,1.80,3.90
2008.07.23 17:33:35.658,1.0674,1.0677,4.40,1.00
2008.07.23 17:33:35.735,1.0674,1.0677,3.30,1.00
2008.07.23 17:33:35.925,1.0674,1.0677,1.80,1.00
2008.07.23 17:33:35.993,1.0674,1.0677,4.00,1.00
2008.07.23 17:33:51.918,1.0674,1.0677,2.20,1.00
2008.07.23 17:33:52.035,1.0675,1.0678,1.00,7.10
2008.07.23 17:33:52.259,1.0675,1.0678,1.00,6.00
2008.07.23 17:33:53.070,1.06745,1.0678,1.30,1.00
2008.07.23 17:33:53.380,1.0674,1.0678,2.20,1.00
2008.07.23 17:33:53.687,1.0674,1.0678,1.00,1.00
2008.07.23 17:33:53.997,1.0674,1.0678,6.20,1.30
2008.07.23 17:33:54.796,1.0674,1.0678,1.00,1.30
2008.07.23 17:34:01.677,1.0674,1.06775,1.00,1.00
2008.07.23 17:34:02.441,1.0674,1.0677,1.00,1.00
2008.07.23 17:34:04.972,1.0674,1.0677,2.20,1.00
2008.07.23 17:34:06.178,1.0674,1.0677,1.00,1.00
2008.07.23 17:34:06.838,1.06735,1.0676,1.30,1.00
2008.07.23 17:34:08.938,1.06735,1.0676,2.40,1.00
2008.07.23 17:34:09.601,1.0674,1.0677,4.00,1.00
2008.07.23 17:34:10.926,1.0674,1.0677,2.20,1.00
2008.07.23 17:34:14.326,1.0675,1.0678,1.00,3.90
2008.07.23 17:34:14.393,1.0675,1.0678,1.00,1.00
2008.07.23 17:34:22.965,1.0676,1.0679,1.00,7.10
2008.07.23 17:34:23.319,1.0676,1.0679,1.00,6.00
2008.07.23 17:34:24.308,1.0675,1.0678,2.20,1.00
2008.07.23 17:34:26.613,1.0675,1.0678,1.00,1.00
2008.07.23 17:34:36.549,1.0675,1.0678,2.20,1.00
2008.07.23 17:34:37.274,1.0675,1.0678,1.00,1.00
2008.07.23 17:34:52.133,1.0675,1.0678,1.80,1.00
2008.07.23 17:34:53.416,1.0675,1.0678,1.00,1.00
2008.07.23 17:34:54.047,1.0674,1.0677,2.20,1.00
2008.07.23 17:34:54.776,1.0674,1.0677,1.80,1.00
2008.07.23 17:35:00.024,1.0674,1.0677,3.30,1.00
2008.07.23 17:35:00.111,1.06755,1.0677,1.00,1.00
2008.07.23 17:35:09.441,1.06745,1.0677,2.40,1.00
2008.07.23 17:35:09.582,1.0675,1.0678,1.80,1.00
2008.07.23 17:35:10.910,1.0675,1.0678,2.90,1.00
2008.07.23 17:35:11.538,1.0675,1.0678,4.40,1.00
2008.07.23 17:35:13.423,1.0675,1.0678,3.30,1.00
2008.07.23 17:35:13.640,1.0675,1.0678,2.20,1.00
2008.07.23 17:35:15.553,1.0675,1.0678,1.00,1.00
2008.07.23 17:35:15.874,1.0674,1.0677,2.20,1.00
2008.07.23 17:35:31.117,1.0674,1.0677,3.30,1.00
2008.07.23 17:35:31.338,1.06745,1.0677,1.30,1.00
2008.07.23 17:35:31.592,1.0675,1.0678,1.80,1.00
2008.07.23 17:35:31.687,1.0675,1.0678,1.80,3.90
2008.07.23 17:35:31.767,1.0675,1.0678,1.80,1.00
2008.07.23 17:35:33.559,1.0676,1.0679,1.00,1.30
2008.07.23 17:35:33.799,1.0676,1.0679,4.00,1.30
2008.07.23 17:35:34.014,1.0676,1.0679,1.00,1.30
2008.07.23 17:35:34.082,1.0676,1.06785,1.00,1.00
2008.07.23 17:35:34.135,1.0675,1.0678,1.80,1.00
2008.07.23 17:35:35.707,1.06765,1.0678,1.00,1.00
2008.07.23 17:35:35.958,1.0676,1.0679,4.00,1.70
2008.07.23 17:35:38.677,1.0676,1.0679,4.00,1.30
2008.07.23 17:35:39.405,1.0676,1.0679,4.00,1.70
2008.07.23 17:35:39.636,1.0676,1.0679,4.00,1.00
2008.07.23 17:35:41.966,1.0676,1.0679,5.10,1.00
2008.07.23 17:35:42.182,1.0676,1.0679,1.00,1.00
2008.07.23 17:35:42.262,1.0676,1.0679,1.80,1.00
2008.07.23 17:35:42.446,1.0676,1.0679,1.00,1.00
2008.07.23 17:35:42.587,1.0676,1.0679,1.00,3.90
2008.07.23 17:35:43.095,1.0676,1.0679,1.00,1.30
2008.07.23 17:35:47.584,1.0677,1.0679,1.00,1.00
2008.07.23 17:35:47.842,1.0677,1.06795,1.00,6.00
2008.07.23 17:35:48.060,1.0677,1.068,1.00,1.30
2008.07.23 17:35:48.979,1.0676,1.0679,1.00,1.00
2008.07.23 17:35:49.397,1.0676,1.0679,1.00,3.90
2008.07.23 17:35:49.828,1.0676,1.0679,1.00,1.00
2008.07.23 17:35:50.750,1.0676,1.0679,1.00,1.30
2008.07.23 17:35:51.665,1.0675,1.0678,1.00,1.00
2008.07.23 17:35:59.348,1.0675,1.0678,1.00,3.90
2008.07.23 17:35:59.556,1.0675,1.0678,1.00,4.90
2008.07.23 17:36:03.783,1.0675,1.06775,1.00,1.00
2008.07.23 17:36:04.528,1.0675,1.0678,1.00,4.90
2008.07.23 17:36:04.678,1.0675,1.06775,1.00,1.00
2008.07.23 17:36:05.115,1.0675,1.0678,1.00,4.90
2008.07.23 17:36:05.778,1.0674,1.0677,1.80,1.00
2008.07.23 17:36:07.288,1.0674,1.0677,5.10,1.00
2008.07.23 17:36:07.486,1.0674,1.0677,2.20,1.00
2008.07.23 17:36:11.286,1.0675,1.0678,1.00,1.00
2008.07.23 17:36:13.187,1.0675,1.0678,1.00,1.30
2008.07.23 17:36:15.213,1.0675,1.0678,1.00,3.50
2008.07.23 17:36:15.480,1.0675,1.0677,1.00,2.10
2008.07.23 17:36:15.768,1.0675,1.0678,1.00,2.40
2008.07.23 17:36:15.987,1.0674,1.0677,6.20,1.00
2008.07.23 17:36:16.206,1.0674,1.0677,7.20,1.00
2008.07.23 17:36:16.450,1.0674,1.0677,2.20,1.00
2008.07.23 17:36:19.693,1.0675,1.0678,1.00,1.70
2008.07.23 17:36:26.175,1.0675,1.0678,1.00,2.80
2008.07.23 17:36:26.275,1.0674,1.0677,2.20,1.70
2008.07.23 17:36:26.558,1.0674,1.0677,2.20,1.00
2008.07.23 17:36:31.750,1.0674,1.0677,3.30,1.00
2008.07.23 17:36:31.904,1.0676,1.06785,1.00,6.00
2008.07.23 17:36:31.983,1.0676,1.0679,1.00,6.00
2008.07.23 17:36:32.060,1.0676,1.06785,1.00,6.00
2008.07.23 17:36:32.142,1.0676,1.06785,1.00,1.00
2008.07.23 17:36:32.333,1.0675,1.0678,1.80,1.00
2008.07.23 17:36:32.523,1.0675,1.0678,1.00,1.00
2008.07.23 17:36:41.730,1.0675,1.0678,2.20,1.00
2008.07.23 17:36:42.329,1.0676,1.0679,1.00,1.70
2008.07.23 17:36:47.649,1.0676,1.0679,1.00,1.30
2008.07.23 17:36:59.728,1.0676,1.0679,1.00,1.00
2008.07.23 17:37:11.523,1.0676,1.0679,4.00,1.00
2008.07.23 17:37:11.636,1.0676,1.0679,2.20,1.00
2008.07.23 17:37:12.093,1.0677,1.068,1.00,1.30
2008.07.23 17:37:17.878,1.0677,1.068,1.00,2.40
2008.07.23 17:37:17.915,1.0677,1.0678,1.00,1.00
2008.07.23 17:37:17.949,1.0676,1.0679,6.20,1.70
2008.07.23 17:37:17.982,1.0676,1.0679,6.20,2.40
2008.07.23 17:37:18.496,1.0676,1.0679,1.00,2.40
2008.07.23 17:37:18.841,1.0675,1.0678,6.20,1.70
2008.07.23 17:37:19.191,1.0675,1.0678,1.00,1.30
2008.07.23 17:37:20.550,1.0675,1.0678,1.00,1.70
2008.07.23 17:37:21.140,1.0675,1.0678,1.00,1.00
2008.07.23 17:37:24.127,1.0676,1.06785,1.00,1.00
2008.07.23 17:37:24.338,1.0676,1.0679,1.00,1.30
2008.07.23 17:37:24.850,1.0676,1.0679,1.00,1.70
2008.07.23 17:37:25.265,1.0676,1.0679,4.00,1.70
2008.07.23 17:37:25.917,1.0676,1.0679,1.00,1.70
2008.07.23 17:37:26.212,1.0676,1.0679,4.00,1.00
2008.07.23 17:37:26.499,1.0677,1.068,1.00,1.30
2008.07.23 17:37:35.298,1.0677,1.068,1.00,1.70
2008.07.23 17:37:40.392,1.0677,1.068,1.00,1.00
2008.07.23 17:37:56.750,1.0677,1.068,1.00,1.30
2008.07.23 17:37:56.807,1.0676,1.0679,6.20,1.00
2008.07.23 17:37:59.013,1.0677,1.068,1.00,1.30
2008.07.23 17:37:59.290,1.0677,1.068,1.00,1.00
2008.07.23 17:38:03.580,1.0678,1.0681,1.00,6.00
2008.07.23 17:38:04.230,1.0678,1.0681,1.00,1.00
2008.07.23 17:38:04.464,1.0678,1.0681,1.00,1.30
2008.07.23 17:38:15.625,1.0677,1.068,1.00,1.00
2008.07.23 17:38:18.795,1.0677,1.068,4.00,1.00
2008.07.23 17:38:24.163,1.0677,1.068,2.20,1.00
2008.07.23 17:38:24.644,1.0678,1.0681,1.00,7.10
2008.07.23 17:38:24.802,1.0678,1.0681,1.00,6.00
2008.07.23 17:38:24.962,1.0678,1.0681,1.00,1.00
2008.07.23 17:38:47.488,1.0678,1.0681,1.00,1.30
2008.07.23 17:38:48.100,1.0678,1.0681,1.00,1.00
2008.07.23 17:38:55.087,1.0678,1.0681,1.00,6.00
2008.07.23 17:38:55.228,1.0678,1.0681,1.00,1.30
2008.07.23 17:38:57.287,1.0679,1.0681,1.00,7.10
2008.07.23 17:38:57.339,1.0679,1.0681,1.00,12.90
2008.07.23 17:38:57.455,1.0679,1.0681,1.00,6.40
2008.07.23 17:38:57.581,1.0679,1.0681,1.00,5.40
2008.07.23 17:38:57.793,1.0679,1.0682,1.00,6.70
2008.07.23 17:38:57.983,1.0679,1.0682,1.00,1.30
2008.07.23 17:39:00.744,1.0679,1.0682,1.00,1.00
2008.07.23 17:39:00.962,1.0679,1.0682,2.20,1.00
2008.07.23 17:39:01.104,1.068,1.0683,1.00,1.30
2008.07.23 17:39:04.138,1.0681,1.06835,1.00,1.00
2008.07.23 17:39:04.943,1.068,1.0683,4.00,1.00
2008.07.23 17:39:05.295,1.068,1.0683,1.00,1.30
2008.07.23 17:39:21.982,1.068,1.06825,1.00,1.00
2008.07.23 17:39:22.302,1.0679,1.0682,1.00,1.00
2008.07.23 17:39:22.321,1.0679,1.0682,1.00,1.30
2008.07.23 17:39:22.745,1.0679,1.06815,1.00,1.00
2008.07.23 17:39:26.128,1.0679,1.0682,1.00,1.30
2008.07.23 17:39:26.471,1.0678,1.0681,2.90,1.00
2008.07.23 17:39:34.479,1.0678,1.0682,2.20,6.00
2008.07.23 17:39:34.612,1.0678,1.0682,2.20,1.00
2008.07.23 17:39:38.756,1.0678,1.0682,2.90,1.30
2008.07.23 17:39:39.265,1.0678,1.0681,2.90,1.00
2008.07.23 17:39:42.665,1.0678,1.0681,2.20,1.00
2008.07.23 17:39:53.354,1.0679,1.0682,5.10,1.00
2008.07.23 17:39:53.989,1.0679,1.0682,4.00,1.00
2008.07.23 17:39:56.936,1.0679,1.0682,1.00,1.00
2008.07.23 17:39:57.173,1.06785,1.0682,1.30,1.00
2008.07.23 17:40:01.871,1.0678,1.0682,2.20,1.00
2008.07.23 17:40:04.084,1.0678,1.0682,2.20,1.30
2008.07.23 17:40:04.670,1.0678,1.0681,2.20,1.00
2008.07.23 17:40:08.595,1.0678,1.0682,2.20,1.70
2008.07.23 17:40:08.818,1.0678,1.0682,2.20,1.00
2008.07.23 17:40:09.053,1.0679,1.0682,4.00,1.00
2008.07.23 17:40:10.043,1.06785,1.0682,1.30,1.00
2008.07.23 17:40:10.130,1.0678,1.0682,2.20,1.00
2008.07.23 17:40:10.937,1.0679,1.0682,4.00,1.00
2008.07.23 17:40:11.610,1.0678,1.0682,2.20,1.00
2008.07.23 17:40:17.915,1.0679,1.0682,1.00,1.00
2008.07.23 17:40:18.027,1.0679,1.0682,4.00,1.00
2008.07.23 17:40:18.237,1.0679,1.0682,5.10,1.00
2008.07.23 17:40:18.371,1.0679,1.0682,2.20,1.00
2008.07.23 17:40:20.315,1.068,1.0683,1.00,1.70
2008.07.23 17:40:24.344,1.068,1.0683,1.00,1.30
2008.07.23 17:40:27.336,1.068,1.0683,1.00,1.70
2008.07.23 17:40:29.755,1.068,1.0683,1.00,1.30
2008.07.23 17:40:32.945,1.0679,1.0682,4.00,1.00
2008.07.23 17:40:33.483,1.0679,1.0682,1.00,1.00
2008.07.23 17:40:34.824,1.0679,1.0682,2.20,1.00
2008.07.23 17:40:35.383,1.068,1.0683,1.00,6.00
2008.07.23 17:40:35.612,1.068,1.0683,1.00,1.00
2008.07.23 17:40:36.102,1.068,1.0683,4.00,1.00
2008.07.23 17:40:36.632,1.0681,1.06835,1.00,1.00
2008.07.23 17:40:37.167,1.068,1.0683,1.00,1.00
2008.07.23 17:40:37.269,1.068,1.0683,1.00,1.30
2008.07.23 17:40:39.389,1.068,1.0683,1.00,1.00
2008.07.23 17:40:39.580,1.068,1.0683,4.00,1.00
2008.07.23 17:40:39.771,1.0681,1.06835,1.00,6.00
2008.07.23 17:40:40.519,1.0681,1.06835,1.00,1.00
2008.07.23 17:40:40.690,1.0681,1.0683,1.00,8.60
2008.07.23 17:40:40.791,1.068,1.0683,1.00,9.30
2008.07.23 17:40:41.060,1.068,1.06825,1.00,1.00
2008.07.23 17:40:41.366,1.0679,1.0682,2.90,1.00
2008.07.23 17:40:48.009,1.0679,1.0682,1.80,1.00
2008.07.23 17:40:48.477,1.0679,1.0682,1.00,1.00
2008.07.23 17:41:03.738,1.06785,1.0681,1.30,1.00
2008.07.23 17:41:04.049,1.0678,1.0681,2.20,1.00
2008.07.23 17:41:05.220,1.0678,1.0681,2.20,3.90
2008.07.23 17:41:14.933,1.0678,1.0681,3.30,3.90
2008.07.23 17:41:15.074,1.0678,1.0681,4.40,3.90
2008.07.23 17:41:17.023,1.0678,1.0681,7.60,1.00
2008.07.23 17:41:17.070,1.06785,1.0681,1.30,1.00
2008.07.23 17:41:17.133,1.0679,1.0682,5.10,1.00
2008.07.23 17:41:21.238,1.0679,1.0682,1.80,3.90
2008.07.23 17:41:21.402,1.06785,1.0681,1.30,1.00
2008.07.23 17:41:21.731,1.0678,1.0681,4.40,3.90
2008.07.23 17:41:27.732,1.06785,1.0681,1.30,3.90
2008.07.23 17:41:29.438,1.0678,1.0681,1.80,3.90
2008.07.23 17:41:29.739,1.0678,1.0681,2.20,3.90
2008.07.23 17:41:31.172,1.0677,1.068,5.50,3.90
2008.07.23 17:41:31.312,1.06785,1.068,1.00,3.90
2008.07.23 17:41:31.669,1.0678,1.0681,2.90,3.90
2008.07.23 17:41:31.954,1.0678,1.0681,1.80,3.90
2008.07.23 17:41:32.499,1.0678,1.0681,1.80,1.00
2008.07.23 17:41:34.450,1.06785,1.0679,1.00,1.00
2008.07.23 17:41:34.859,1.06775,1.0679,2.40,1.00
2008.07.23 17:41:34.911,1.0678,1.0681,1.00,1.00
2008.07.23 17:41:35.065,1.0678,1.06805,1.00,5.40
2008.07.23 17:41:35.187,1.0678,1.0681,1.00,1.30
2008.07.23 17:41:35.696,1.0678,1.0681,1.00,1.00
2008.07.23 17:41:38.189,1.0678,1.0681,1.80,1.00
2008.07.23 17:41:39.092,1.0678,1.0681,1.00,1.00
2008.07.23 17:41:39.267,1.0678,1.0681,1.80,1.00
2008.07.23 17:41:39.438,1.0679,1.0682,1.00,1.30
2008.07.23 17:41:39.946,1.0678,1.0681,1.00,1.00
2008.07.23 17:41:45.349,1.0678,1.0681,1.80,1.00
2008.07.23 17:41:50.438,1.0678,1.0681,1.80,3.90
2008.07.23 17:41:53.134,1.0678,1.0681,1.80,4.50
2008.07.23 17:42:03.739,1.0678,1.0681,1.00,4.50
2008.07.23 17:42:04.501,1.0677,1.068,2.90,3.90
2008.07.23 17:42:06.141,1.0678,1.0681,1.00,4.50
2008.07.23 17:42:06.801,1.0678,1.068,1.00,3.20
2008.07.23 17:42:07.142,1.0677,1.068,2.20,3.90
2008.07.23 17:42:07.603,1.0678,1.0681,1.00,4.50
2008.07.23 17:42:17.300,1.0677,1.068,1.00,3.90
2008.07.23 17:42:20.158,1.0678,1.0681,1.00,4.50
2008.07.23 17:42:54.360,1.0678,1.0681,1.00,1.30
2008.07.23 17:42:54.550,1.0677,1.068,1.00,3.90
2008.07.23 17:42:54.919,1.0677,1.068,1.00,9.30
2008.07.23 17:42:55.110,1.0676,1.0679,1.00,9.30
2008.07.23 17:42:55.298,1.0676,1.0679,1.00,3.90
2008.07.23 17:42:58.472,1.0676,1.0679,1.00,6.00
2008.07.23 17:42:59.518,1.0676,1.068,1.00,6.70
2008.07.23 17:42:59.632,1.0676,1.068,2.20,6.00
2008.07.23 17:43:00.049,1.0676,1.068,2.20,1.00
2008.07.23 17:43:00.897,1.0676,1.068,2.20,4.90
2008.07.23 17:43:01.117,1.0676,1.068,1.00,1.30
2008.07.23 17:43:01.667,1.0676,1.0679,1.00,1.00
2008.07.23 17:43:12.389,1.0676,1.0679,2.20,1.00
2008.07.23 17:43:12.513,1.0677,1.068,1.00,1.30
2008.07.23 17:43:12.681,1.0677,1.06795,1.00,5.40
2008.07.23 17:43:13.119,1.0677,1.068,1.00,1.00
2008.07.23 17:43:30.211,1.0677,1.068,4.00,1.00
2008.07.23 17:43:35.553,1.0676,1.0679,5.50,1.00
2008.07.23 17:43:35.591,1.0676,1.0679,2.20,1.00
2008.07.23 17:43:37.819,1.0676,1.0679,5.50,1.00
2008.07.23 17:43:37.953,1.06765,1.0679,1.30,1.00
2008.07.23 17:43:38.396,1.0677,1.068,4.00,6.00
2008.07.23 17:43:38.717,1.0677,1.068,4.00,1.00
2008.07.23 17:43:48.497,1.0677,1.068,1.00,1.00
2008.07.23 17:43:48.521,1.0676,1.0679,2.20,1.00
2008.07.23 17:44:11.592,1.0677,1.0679,1.30,1.00
2008.07.23 17:44:12.066,1.0677,1.068,2.20,6.00
2008.07.23 17:44:12.369,1.0678,1.0681,1.00,1.30
2008.07.23 17:44:17.237,1.0678,1.0681,1.00,7.10
2008.07.23 17:44:17.338,1.0678,1.0681,1.80,7.10
2008.07.23 17:44:17.592,1.0678,1.0681,1.80,1.70
2008.07.23 17:44:17.767,1.0678,1.0681,2.20,7.10
2008.07.23 17:44:17.865,1.0678,1.0681,2.20,6.00
2008.07.23 17:44:17.978,1.0679,1.0682,1.00,6.70
2008.07.23 17:44:18.038,1.0679,1.0682,1.00,1.30
2008.07.23 17:44:18.098,1.0679,1.0682,1.00,6.00
2008.07.23 17:44:18.267,1.0679,1.0682,1.00,1.00
2008.07.23 17:44:18.527,1.0679,1.0682,1.80,1.00
2008.07.23 17:44:19.269,1.068,1.06825,5.10,6.40
2008.07.23 17:44:19.616,1.068,1.0683,5.10,6.00
2008.07.23 17:44:19.980,1.068,1.0683,2.20,6.00
2008.07.23 17:44:20.233,1.0681,1.0684,1.80,6.00
2008.07.23 17:44:20.566,1.0681,1.0684,1.80,1.00
2008.07.23 17:44:20.689,1.0682,1.0685,1.80,11.40
2008.07.23 17:44:21.051,1.0682,1.0685,1.80,9.30
2008.07.23 17:44:21.409,1.0682,1.06845,5.10,5.40
2008.07.23 17:44:21.762,1.0682,1.0685,4.00,1.00
2008.07.23 17:44:21.910,1.0682,1.0685,5.10,1.00
2008.07.23 17:44:23.666,1.0682,1.0685,4.00,1.00
2008.07.23 17:44:23.806,1.0682,1.0685,5.10,1.00
2008.07.23 17:44:23.947,1.0681,1.0684,6.20,1.00
2008.07.23 17:44:24.290,1.0681,1.0684,2.90,1.00
2008.07.23 17:44:24.622,1.0681,1.06845,4.40,5.40
2008.07.23 17:44:24.955,1.0682,1.0685,1.80,6.00
2008.07.23 17:44:25.108,1.0682,1.0685,4.00,6.00
2008.07.23 17:44:25.245,1.0682,1.0685,4.00,1.00
2008.07.23 17:44:25.911,1.0683,1.0686,4.00,1.30
2008.07.23 17:44:26.500,1.0682,1.0685,5.10,1.00
2008.07.23 17:44:26.796,1.0682,1.0685,4.00,1.00
2008.07.23 17:44:27.246,1.0682,1.0685,6.20,1.00
2008.07.23 17:44:27.410,1.0682,1.0685,2.90,1.00
2008.07.23 17:44:27.726,1.0682,1.0685,1.80,1.00
2008.07.23 17:44:28.065,1.0682,1.0685,5.10,1.00
2008.07.23 17:44:30.434,1.0682,1.0685,1.80,3.90
2008.07.23 17:44:31.775,1.0682,1.0685,5.10,1.00
2008.07.23 17:44:32.247,1.0682,1.0685,4.00,1.00
2008.07.23 17:44:32.456,1.0682,1.0685,5.10,1.00
2008.07.23 17:44:32.685,1.0683,1.0686,1.00,1.30
2008.07.23 17:44:33.137,1.0682,1.0685,5.10,1.00
2008.07.23 17:44:35.941,1.06815,1.0685,1.30,1.00
2008.07.23 17:44:36.347,1.0682,1.0685,5.10,1.00
2008.07.23 17:44:39.053,1.0682,1.0685,4.00,1.00
2008.07.23 17:44:39.361,1.06815,1.0685,1.30,3.90
2008.07.23 17:44:42.403,1.0681,1.0685,2.20,3.90
2008.07.23 17:44:42.551,1.0681,1.06845,1.80,1.00
2008.07.23 17:44:42.633,1.06805,1.0684,1.30,1.00
2008.07.23 17:44:44.052,1.0681,1.0684,4.00,1.00
2008.07.23 17:44:44.401,1.06805,1.0684,1.30,1.00
2008.07.23 17:44:45.476,1.06805,1.0684,1.30,6.00
2008.07.23 17:44:45.746,1.068,1.0684,2.20,6.00
2008.07.23 17:44:45.988,1.068,1.0684,2.20,7.10
2008.07.23 17:44:46.236,1.068,1.0683,2.20,1.00
2008.07.23 17:44:46.475,1.068,1.0683,4.00,1.00
2008.07.23 17:44:47.120,1.06795,1.0683,1.30,1.00
2008.07.23 17:44:47.364,1.0679,1.0683,2.20,1.00
2008.07.23 17:44:47.583,1.068,1.0683,4.00,1.00
2008.07.23 17:44:49.600,1.0679,1.0683,2.20,1.00
2008.07.23 17:44:53.840,1.0679,1.0683,2.20,1.30
2008.07.23 17:44:54.430,1.06785,1.0682,1.30,1.00
2008.07.23 17:44:54.985,1.0679,1.0682,1.00,1.00
2008.07.23 17:44:55.869,1.068,1.06825,1.00,1.00
2008.07.23 17:44:56.193,1.068,1.0683,1.00,3.90
2008.07.23 17:44:56.609,1.068,1.0683,1.00,1.00
2008.07.23 17:44:57.283,1.068,1.0683,4.00,1.00
2008.07.23 17:44:57.800,1.0681,1.0684,1.00,1.30
2008.07.23 17:44:58.119,1.0681,1.0684,1.00,6.00
2008.07.23 17:44:58.505,1.0682,1.06835,1.00,5.40
2008.07.23 17:44:58.852,1.0682,1.06845,1.00,6.00
2008.07.23 17:44:59.198,1.0682,1.06845,1.00,1.00
2008.07.23 17:44:59.884,1.0682,1.0685,1.00,1.30
2008.07.23 17:45:02.332,1.0681,1.0684,1.00,1.00
2008.07.23 17:45:03.168,1.0681,1.0684,4.00,1.00
2008.07.23 17:45:04.181,1.0682,1.0685,1.00,1.30
2008.07.23 17:45:05.288,1.0682,1.0685,1.00,9.30
2008.07.23 17:45:05.887,1.0682,1.0685,4.00,1.00
2008.07.23 17:45:06.518,1.0682,1.0685,1.00,3.90
2008.07.23 17:45:06.965,1.0682,1.0685,1.00,9.30
2008.07.23 17:45:07.102,1.0682,1.0685,1.00,3.90
2008.07.23 17:45:07.238,1.0682,1.0685,1.00,1.30
2008.07.23 17:45:07.375,1.0682,1.0685,1.00,3.90
2008.07.23 17:45:07.506,1.0682,1.0685,4.00,1.00
2008.07.23 17:45:15.446,1.0682,1.0685,5.10,1.00
2008.07.23 17:45:17.288,1.0682,1.0685,2.20,1.00
2008.07.23 17:45:17.425,1.0683,1.0686,1.00,10.30
2008.07.23 17:45:17.578,1.0683,1.0686,1.00,4.90
2008.07.23 17:45:23.673,1.0683,1.0686,1.00,10.30
2008.07.23 17:45:23.764,1.0683,1.0686,1.00,1.30
2008.07.23 17:45:24.804,1.0683,1.06845,1.00,1.00
2008.07.23 17:45:25.122,1.0683,1.0685,1.00,2.10
2008.07.23 17:45:25.394,1.0683,1.06855,1.00,6.00
2008.07.23 17:45:25.869,1.0683,1.0686,1.00,1.30
2008.07.23 17:45:27.340,1.0682,1.0685,5.10,1.00
2008.07.23 17:45:27.953,1.0682,1.0685,4.00,1.00
2008.07.23 17:45:28.012,1.0682,1.0685,4.00,1.30
2008.07.23 17:45:28.441,1.0682,1.0685,1.00,1.30
2008.07.23 17:45:29.050,1.0681,1.0684,1.00,1.00
2008.07.23 17:45:29.361,1.0681,1.0684,1.00,1.30
2008.07.23 17:45:32.411,1.0681,1.06835,1.00,1.00
2008.07.23 17:45:32.519,1.0681,1.0684,1.00,1.00
2008.07.23 17:45:32.964,1.0681,1.0684,1.00,7.10
2008.07.23 17:45:33.084,1.0681,1.0684,1.00,1.30
2008.07.23 17:45:33.500,1.068,1.0683,4.00,1.00
2008.07.23 17:45:36.040,1.068,1.0683,5.10,1.00
2008.07.23 17:45:37.309,1.068,1.0683,5.50,1.00
2008.07.23 17:45:37.844,1.068,1.0683,2.20,1.00
2008.07.23 17:45:38.471,1.068,1.0683,5.10,1.00
2008.07.23 17:45:38.621,1.068,1.0683,4.00,6.00
2008.07.23 17:45:39.475,1.068,1.0683,4.00,1.00
2008.07.23 17:45:39.833,1.0679,1.0682,2.20,1.00
2008.07.23 17:45:41.274,1.06795,1.0682,1.30,1.00
2008.07.23 17:45:42.200,1.068,1.0682,1.30,1.00
2008.07.23 17:45:45.155,1.06795,1.0682,1.30,1.00
2008.07.23 17:45:46.012,1.0679,1.0682,5.50,1.00
2008.07.23 17:45:46.290,1.0679,1.0682,2.20,1.00
2008.07.23 17:45:47.107,1.0679,1.0682,5.50,1.00
2008.07.23 17:45:47.339,1.06795,1.0682,1.30,1.00
2008.07.23 17:45:54.397,1.068,1.0683,5.50,1.00
2008.07.23 17:45:54.875,1.068,1.0683,4.00,1.00
2008.07.23 17:45:56.016,1.068,1.0683,5.10,1.00
2008.07.23 17:45:56.208,1.068,1.0683,4.00,1.00
2008.07.23 17:46:03.266,1.068,1.0683,5.10,1.00
2008.07.23 17:46:08.592,1.068,1.0683,4.00,1.00
2008.07.23 17:46:10.653,1.068,1.0683,5.50,1.00
2008.07.23 17:46:12.145,1.068,1.0683,2.20,1.00
2008.07.23 17:46:12.822,1.068,1.0683,5.50,1.00
2008.07.23 17:46:12.971,1.068,1.0683,2.20,1.00
2008.07.23 17:46:13.620,1.068,1.0683,5.50,1.00
2008.07.23 17:46:14.659,1.068,1.0683,2.20,1.00
2008.07.23 17:46:17.280,1.068,1.0683,5.50,1.00
2008.07.23 17:46:17.990,1.06805,1.0683,1.30,1.00
2008.07.23 17:46:29.568,1.068,1.0683,2.20,1.00
2008.07.23 17:46:29.750,1.0681,1.0684,1.00,1.00
2008.07.23 17:46:32.325,1.0681,1.0684,1.00,3.90
2008.07.23 17:46:35.736,1.0681,1.0684,1.00,4.50
2008.07.23 17:46:36.130,1.068,1.0683,2.20,3.90
2008.07.23 17:46:39.745,1.0681,1.0684,1.00,4.50
2008.07.23 17:46:40.035,1.0681,1.0684,1.00,3.90
2008.07.23 17:46:42.004,1.0681,1.0684,1.00,4.50
2008.07.23 17:46:42.728,1.0681,1.0684,1.00,3.90
2008.07.23 17:46:43.676,1.0681,1.0684,4.00,7.10
2008.07.23 17:46:43.948,1.0681,1.0684,4.00,6.00
2008.07.23 17:46:44.200,1.0682,1.0685,1.00,6.70
2008.07.23 17:46:44.443,1.0682,1.0685,1.00,1.30
2008.07.23 17:46:46.801,1.0682,1.0685,1.00,4.90
2008.07.23 17:46:48.758,1.0682,1.0685,1.00,10.30
2008.07.23 17:46:58.525,1.0682,1.0685,1.00,4.90
2008.07.23 17:46:59.344,1.0682,1.0685,1.00,10.30
2008.07.23 17:47:01.290,1.0682,1.0685,1.00,9.30
2008.07.23 17:47:02.084,1.0682,1.0685,1.00,3.90
2008.07.23 17:47:02.539,1.0682,1.0685,4.00,6.00
2008.07.23 17:47:02.671,1.0682,1.0685,4.00,1.00
2008.07.23 17:47:04.953,1.0682,1.0685,2.20,1.00
2008.07.23 17:47:05.328,1.06825,1.0685,1.30,1.00
2008.07.23 17:47:05.450,1.0683,1.0686,1.00,3.90
2008.07.23 17:47:05.690,1.0683,1.0686,1.80,3.90
2008.07.23 17:47:06.607,1.0683,1.0686,2.20,3.90
2008.07.23 17:47:10.775,1.0683,1.0686,1.00,3.90
2008.07.23 17:47:12.057,1.0683,1.0686,1.00,9.30
2008.07.23 17:47:12.780,1.0683,1.0686,1.00,1.30
2008.07.23 17:47:13.297,1.0682,1.0685,4.00,1.00
2008.07.23 17:47:13.415,1.0682,1.0685,1.00,3.90
2008.07.23 17:47:14.025,1.0682,1.0685,1.00,10.30
2008.07.23 17:47:18.314,1.0682,1.0685,1.00,3.90
2008.07.23 17:47:18.458,1.0682,1.0685,4.00,1.00
2008.07.23 17:47:19.544,1.0682,1.0685,2.20,6.00
2008.07.23 17:47:20.053,1.0682,1.0685,4.00,6.00
2008.07.23 17:47:20.150,1.06815,1.0684,1.30,1.00
2008.07.23 17:47:29.860,1.0681,1.0684,5.50,1.00
2008.07.23 17:47:35.009,1.0681,1.0684,2.20,1.00
2008.07.23 17:47:35.454,1.0681,1.0684,5.50,1.00
2008.07.23 17:47:37.629,1.0681,1.0684,2.20,1.00
2008.07.23 17:47:39.669,1.0681,1.0684,4.00,1.00
2008.07.23 17:47:39.979,1.0681,1.0684,4.00,1.70
2008.07.23 17:47:40.128,1.0681,1.0684,1.00,3.90
2008.07.23 17:47:40.237,1.068,1.0683,1.00,3.90
2008.07.23 17:47:41.298,1.0679,1.0682,2.20,1.00
2008.07.23 17:47:42.024,1.0678,1.0681,2.20,1.00
2008.07.23 17:47:42.191,1.0678,1.0681,4.00,1.00
2008.07.23 17:47:42.649,1.0678,1.0681,1.80,1.00
2008.07.23 17:47:42.979,1.0678,1.0681,1.00,3.90
2008.07.23 17:47:43.233,1.0677,1.068,2.20,1.00
2008.07.23 17:47:43.961,1.06775,1.068,1.30,1.00
2008.07.23 17:47:44.242,1.0678,1.0681,5.50,1.00
2008.07.23 17:47:44.808,1.06785,1.0681,1.30,1.00
2008.07.23 17:47:45.097,1.0678,1.0681,1.80,3.90
2008.07.23 17:47:45.258,1.0678,1.0681,1.00,3.90
2008.07.23 17:47:46.423,1.0677,1.068,2.20,1.00
2008.07.23 17:47:46.857,1.0678,1.0681,1.00,1.00
2008.07.23 17:47:47.302,1.0678,1.0681,2.20,1.00
2008.07.23 17:47:47.905,1.0678,1.0681,5.50,1.00
2008.07.23 17:47:48.038,1.0679,1.0682,2.20,1.00
2008.07.23 17:47:49.558,1.0679,1.0682,1.00,1.00
2008.07.23 17:47:50.270,1.0679,1.0682,4.00,1.00
2008.07.23 17:47:50.404,1.0679,1.0682,2.20,1.00
2008.07.23 17:47:52.332,1.06795,1.0682,1.30,1.00
2008.07.23 17:47:52.529,1.068,1.0683,1.00,1.00
2008.07.23 17:47:52.857,1.068,1.0683,2.20,1.00
2008.07.23 17:47:56.162,1.06805,1.0683,1.30,1.00
2008.07.23 17:47:57.906,1.0681,1.0684,1.00,1.00
2008.07.23 17:47:59.366,1.0681,1.0684,2.20,1.00
2008.07.23 17:48:16.387,1.0681,1.0685,2.20,6.00
2008.07.23 17:48:16.991,1.06815,1.0685,1.30,1.00
2008.07.23 17:48:20.831,1.0682,1.0685,1.30,1.00
2008.07.23 17:48:21.004,1.0682,1.0685,1.30,3.90
2008.07.23 17:48:21.223,1.0682,1.0686,2.20,6.00
2008.07.23 17:48:21.442,1.0682,1.0686,2.20,3.90
2008.07.23 17:48:21.661,1.0682,1.0685,2.20,1.00
2008.07.23 17:48:21.871,1.0683,1.0685,1.30,1.00
2008.07.23 17:48:22.081,1.0683,1.0686,1.30,6.00
2008.07.23 17:48:22.272,1.0683,1.0686,1.30,1.00
2008.07.23 17:48:22.820,1.06825,1.0686,1.30,1.00
2008.07.23 17:48:24.271,1.0682,1.0686,2.20,1.00
2008.07.23 17:48:24.690,1.06825,1.0686,1.30,1.00
2008.07.23 17:48:25.222,1.0683,1.0686,1.00,1.00
2008.07.23 17:48:27.120,1.0683,1.0686,1.00,10.30
2008.07.23 17:48:27.248,1.0683,1.0686,1.00,1.30
2008.07.23 17:48:27.588,1.0682,1.0685,2.20,1.00
2008.07.23 17:48:28.935,1.0683,1.0686,1.00,10.30
2008.07.23 17:48:29.194,1.0683,1.06855,1.00,6.40
2008.07.23 17:48:29.438,1.0683,1.06855,1.00,5.40
2008.07.23 17:48:29.987,1.0683,1.0686,1.00,1.00
2008.07.23 17:48:32.376,1.0683,1.0686,5.10,1.00
2008.07.23 17:48:32.500,1.0683,1.0686,2.20,1.00
2008.07.23 17:48:32.842,1.0683,1.0686,5.10,1.00
2008.07.23 17:48:33.214,1.0683,1.0686,1.00,1.00
2008.07.23 17:48:35.878,1.0683,1.0686,1.00,9.30
2008.07.23 17:48:36.358,1.0683,1.0686,1.00,1.30
2008.07.23 17:48:36.538,1.0682,1.0685,4.00,1.00
2008.07.23 17:48:36.795,1.0682,1.0685,1.00,3.90
2008.07.23 17:48:38.645,1.0682,1.0685,1.80,3.90
2008.07.23 17:48:38.793,1.06835,1.0685,1.00,3.90
2008.07.23 17:48:39.115,1.06835,1.0685,1.00,1.00
2008.07.23 17:48:39.908,1.0683,1.0686,5.10,1.30
2008.07.23 17:48:40.849,1.0683,1.0686,4.00,1.30
2008.07.23 17:48:41.126,1.0682,1.0685,4.80,1.00
2008.07.23 17:48:41.336,1.0682,1.0685,1.00,3.90
2008.07.23 17:48:42.344,1.0681,1.0684,2.20,1.00
2008.07.23 17:48:43.400,1.0681,1.0683,1.30,1.00
2008.07.23 17:48:45.288,1.0681,1.0684,2.20,1.00
2008.07.23 17:48:53.402,1.0681,1.0684,1.00,1.00
2008.07.23 17:48:54.041,1.06805,1.0683,1.30,1.00
2008.07.23 17:48:55.357,1.0681,1.0684,2.20,1.00
2008.07.23 17:49:20.845,1.06815,1.0684,1.30,1.00
2008.07.23 17:49:37.155,1.0682,1.0685,2.20,1.00
2008.07.23 17:49:48.790,1.0682,1.0685,2.20,3.90
2008.07.23 17:49:49.019,1.0682,1.0685,1.00,3.90
2008.07.23 17:49:49.500,1.06815,1.0684,1.30,1.00
2008.07.23 17:49:55.704,1.0681,1.0684,2.20,1.00
2008.07.23 17:49:57.932,1.06815,1.0684,1.30,1.00
2008.07.23 17:49:58.173,1.06805,1.0683,1.30,1.00
2008.07.23 17:49:59.290,1.0681,1.0683,1.30,1.00
2008.07.23 17:49:59.720,1.0681,1.0684,2.20,1.00
2008.07.23 17:50:00.286,1.06815,1.0684,1.30,1.00
2008.07.23 17:50:00.840,1.0681,1.0684,2.20,1.00
2008.07.23 17:50:01.445,1.0681,1.0684,1.00,1.00
2008.07.23 17:50:01.836,1.0681,1.0684,2.20,1.00
2008.07.23 17:50:04.543,1.0681,1.0683,1.30,1.00
2008.07.23 17:50:04.957,1.0681,1.0684,2.20,1.00
2008.07.23 17:50:11.390,1.06815,1.0684,1.30,1.00
2008.07.23 17:50:16.264,1.0681,1.0684,2.20,1.00
2008.07.23 17:50:16.579,1.0681,1.0684,2.20,1.70
2008.07.23 17:50:16.822,1.0681,1.0684,1.00,1.70
2008.07.23 17:50:17.028,1.06805,1.0683,1.30,1.00
2008.07.23 17:50:17.877,1.0681,1.0684,1.00,1.70
2008.07.23 17:50:18.151,1.0681,1.0684,1.00,1.00
2008.07.23 17:50:18.932,1.0681,1.0684,1.00,1.70
2008.07.23 17:50:22.040,1.0681,1.0684,2.20,1.70
2008.07.23 17:50:22.462,1.0681,1.0684,1.80,1.70
2008.07.23 17:50:22.669,1.0681,1.0684,1.00,1.70
2008.07.23 17:50:22.758,1.0681,1.0684,1.00,1.00
2008.07.23 17:50:23.009,1.0681,1.0684,1.00,1.70
2008.07.23 17:50:24.121,1.0681,1.0684,1.80,1.70
2008.07.23 17:50:24.553,1.0681,1.0684,1.00,1.70
2008.07.23 17:50:29.468,1.0681,1.0684,1.80,1.70
2008.07.23 17:50:34.406,1.0681,1.0684,1.00,1.00
2008.07.23 17:50:35.855,1.0681,1.0684,2.20,1.00
2008.07.23 17:50:39.638,1.0682,1.0685,1.00,4.90
2008.07.23 17:50:39.935,1.0682,1.0685,1.00,1.30
2008.07.23 17:50:43.144,1.0682,1.0685,1.00,3.90
2008.07.23 17:50:45.754,1.0681,1.0684,2.20,1.00
2008.07.23 17:50:46.414,1.0682,1.0685,1.00,3.90
2008.07.23 17:50:47.483,1.0682,1.0685,4.00,1.00
2008.07.23 17:50:47.735,1.0682,1.0685,4.80,1.00
2008.07.23 17:50:47.984,1.0682,1.0685,5.90,1.00
2008.07.23 17:50:55.765,1.0682,1.0685,1.80,3.90
2008.07.23 17:50:56.634,1.0681,1.0684,4.40,1.00
2008.07.23 17:50:59.772,1.06815,1.0684,1.30,1.00
2008.07.23 17:51:00.055,1.0682,1.0685,1.80,3.90
2008.07.23 17:51:00.132,1.0682,1.0685,5.10,1.00
2008.07.23 17:51:00.368,1.0682,1.0685,2.20,1.00
2008.07.23 17:51:00.581,1.0683,1.0686,1.00,3.90
2008.07.23 17:51:01.436,1.0682,1.0686,2.20,3.90
2008.07.23 17:51:02.930,1.0682,1.0685,2.20,3.90
2008.07.23 17:51:03.703,1.0682,1.0685,1.00,3.90
2008.07.23 17:51:07.741,1.0681,1.0684,2.20,1.00
2008.07.23 17:51:08.025,1.06815,1.0684,1.30,1.00
2008.07.23 17:51:08.534,1.0682,1.0685,1.00,3.90
2008.07.23 17:51:10.780,1.06815,1.0684,1.30,1.00
2008.07.23 17:51:18.436,1.0682,1.0685,1.00,3.90
2008.07.23 17:51:23.656,1.06815,1.0684,1.30,1.00
2008.07.23 17:51:27.675,1.0682,1.0685,1.00,3.90
2008.07.23 17:51:30.664,1.0682,1.0685,1.80,3.90
2008.07.23 17:51:33.018,1.06815,1.0684,1.30,1.00
2008.07.23 17:51:36.534,1.0682,1.0686,2.20,3.90
2008.07.23 17:51:36.583,1.0683,1.0686,4.00,6.00
2008.07.23 17:51:37.310,1.0683,1.0686,1.00,1.00
2008.07.23 17:51:37.705,1.0683,1.0686,4.00,1.00
2008.07.23 17:51:38.054,1.0683,1.0686,4.00,1.70
2008.07.23 17:51:38.223,1.0682,1.0685,5.50,1.00
2008.07.23 17:51:38.836,1.0682,1.0685,4.00,1.00
2008.07.23 17:51:40.646,1.0682,1.0685,1.00,3.90
2008.07.23 17:51:46.127,1.0682,1.0685,4.00,1.00
2008.07.23 17:51:47.233,1.0682,1.0685,1.00,3.90
2008.07.23 17:51:49.979,1.0682,1.0685,5.10,1.00
2008.07.23 17:51:50.799,1.0682,1.0685,2.20,1.00
2008.07.23 17:51:51.109,1.0683,1.0686,1.00,1.30
2008.07.23 17:51:52.031,1.0682,1.0685,2.20,1.00
2008.07.23 17:51:52.808,1.0682,1.0685,5.10,1.00
2008.07.23 17:52:01.529,1.0683,1.0686,1.00,1.30
2008.07.23 17:52:03.861,1.0683,1.0686,1.80,1.30
2008.07.23 17:52:04.539,1.0683,1.0686,1.00,1.30
2008.07.23 17:52:04.885,1.0682,1.0685,5.10,1.00
2008.07.23 17:52:09.527,1.0682,1.0685,5.10,1.70
2008.07.23 17:52:09.555,1.0682,1.0685,5.10,1.00
2008.07.23 17:52:10.009,1.0681,1.0684,2.20,1.70
2008.07.23 17:52:10.378,1.0681,1.0684,4.00,1.70
2008.07.23 17:52:10.735,1.0681,1.0684,4.00,2.80
2008.07.23 17:52:10.981,1.0681,1.0684,1.00,3.50
2008.07.23 17:52:11.585,1.0681,1.0684,1.00,2.40
2008.07.23 17:52:12.037,1.0681,1.0684,1.00,1.30
2008.07.23 17:52:13.243,1.0681,1.0684,4.00,1.30
2008.07.23 17:52:13.567,1.0681,1.0684,4.00,2.40
2008.07.23 17:52:13.717,1.0681,1.0684,4.00,3.50
2008.07.23 17:52:14.071,1.068,1.0683,4.00,1.70
2008.07.23 17:52:16.395,1.0681,1.0684,1.00,3.50
2008.07.23 17:52:16.514,1.0681,1.0684,1.00,2.40
2008.07.23 17:52:16.723,1.0681,1.0684,1.00,1.30
2008.07.23 17:52:17.093,1.0681,1.0684,1.00,3.50
2008.07.23 17:52:17.643,1.068,1.0683,4.00,1.70
2008.07.23 17:52:19.952,1.0679,1.0682,4.00,1.00
2008.07.23 17:52:20.846,1.0679,1.0682,4.00,1.70
2008.07.23 17:52:23.019,1.0679,1.0682,1.00,1.70
2008.07.23 17:52:25.340,1.0679,1.0682,1.00,1.30
2008.07.23 17:52:25.500,1.06785,1.0681,5.40,1.00
2008.07.23 17:52:25.841,1.06785,1.0681,5.40,1.70
2008.07.23 17:52:25.994,1.0678,1.0681,1.00,1.70
2008.07.23 17:52:26.488,1.0678,1.0681,1.00,1.30
2008.07.23 17:52:26.991,1.0677,1.068,4.00,1.00
2008.07.23 17:52:27.551,1.0677,1.068,1.00,1.00
2008.07.23 17:52:27.871,1.0677,1.068,1.00,1.30
2008.07.23 17:52:29.229,1.0677,1.068,1.00,1.00
2008.07.23 17:52:29.425,1.0678,1.06805,1.00,6.00
2008.07.23 17:52:29.731,1.0678,1.0681,1.00,1.30
2008.07.23 17:52:30.327,1.0677,1.068,4.00,1.00
2008.07.23 17:52:32.384,1.0678,1.0681,1.00,1.30
2008.07.23 17:52:32.650,1.0678,1.0681,1.00,6.00
2008.07.23 17:52:33.180,1.0678,1.0681,1.00,1.00
2008.07.23 17:52:43.234,1.0678,1.0681,2.90,1.00
2008.07.23 17:52:43.332,1.0678,1.0681,4.40,1.00
2008.07.23 17:52:43.453,1.0679,1.0682,1.80,6.00
2008.07.23 17:52:43.808,1.068,1.0683,1.00,6.70
2008.07.23 17:52:43.910,1.068,1.0683,1.00,1.30
2008.07.23 17:52:47.495,1.068,1.0683,1.00,1.00
2008.07.23 17:52:47.964,1.068,1.0683,1.00,1.30
2008.07.23 17:52:50.558,1.068,1.06825,1.00,1.00
2008.07.23 17:52:50.656,1.068,1.06825,1.00,1.70
2008.07.23 17:52:50.948,1.068,1.0682,1.00,1.00
2008.07.23 17:52:51.329,1.0679,1.0682,4.00,1.70
2008.07.23 17:52:51.493,1.0679,1.0682,1.00,1.70
2008.07.23 17:52:53.744,1.068,1.0683,1.00,1.30
2008.07.23 17:52:55.626,1.068,1.0683,4.00,1.00
2008.07.23 17:52:56.253,1.068,1.0683,4.00,1.30
2008.07.23 17:52:57.322,1.068,1.0683,1.00,1.30
2008.07.23 17:53:00.174,1.06775,1.068,6.70,1.00
2008.07.23 17:53:00.522,1.0678,1.0681,2.20,1.00
2008.07.23 17:53:00.851,1.0678,1.0682,2.20,1.30
2008.07.23 17:53:02.372,1.0678,1.0681,1.30,1.00
2008.07.23 17:53:02.564,1.06775,1.0681,1.30,1.70
2008.07.23 17:53:02.795,1.0677,1.0681,2.20,9.30
2008.07.23 17:53:03.028,1.0677,1.0679,1.30,1.00
2008.07.23 17:53:03.884,1.0677,1.068,2.20,9.30
2008.07.23 17:53:04.005,1.0677,1.068,2.20,6.00
2008.07.23 17:53:04.232,1.0677,1.068,2.20,1.00
2008.07.23 17:53:06.254,1.06775,1.068,1.30,1.00
2008.07.23 17:53:07.442,1.0677,1.068,2.20,1.00
2008.07.23 17:53:08.873,1.0677,1.068,2.20,9.30
2008.07.23 17:53:09.160,1.0678,1.0681,1.00,9.30
2008.07.23 17:53:09.471,1.0678,1.0681,1.00,6.00
2008.07.23 17:53:09.794,1.0678,1.0682,1.00,6.70
2008.07.23 17:53:10.520,1.0678,1.0682,6.20,1.30
2008.07.23 17:53:11.460,1.0678,1.0682,1.00,1.30
2008.07.23 17:53:12.210,1.0678,1.0681,1.00,5.40
2008.07.23 17:53:12.582,1.06775,1.068,1.30,1.00
2008.07.23 17:53:13.786,1.0678,1.0681,2.20,6.00
2008.07.23 17:53:14.260,1.0678,1.0682,2.20,6.00
2008.07.23 17:53:14.309,1.0678,1.0682,1.00,1.30
2008.07.23 17:53:14.510,1.0678,1.0682,6.20,1.30
2008.07.23 17:53:15.198,1.0678,1.0682,1.00,1.30
2008.07.23 17:53:22.688,1.0678,1.0682,2.20,1.30
2008.07.23 17:53:22.891,1.0678,1.0682,2.20,3.90
2008.07.23 17:53:47.861,1.0678,1.06815,6.20,1.00
2008.07.23 17:53:47.962,1.0678,1.0682,6.20,1.30
2008.07.23 17:53:48.050,1.0678,1.0681,6.20,1.00
2008.07.23 17:53:49.082,1.0678,1.0681,1.00,1.00
2008.07.23 17:53:53.230,1.0678,1.0681,1.00,3.90
2008.07.23 17:53:53.893,1.06775,1.068,1.30,3.90
2008.07.23 17:53:56.471,1.0678,1.0681,1.00,6.00
2008.07.23 17:53:56.569,1.0678,1.0681,1.00,1.00
2008.07.23 17:53:57.137,1.0678,1.06815,1.00,6.00
2008.07.23 17:53:57.288,1.0678,1.0682,2.20,9.30
2008.07.23 17:53:57.438,1.0678,1.0682,2.20,3.90
2008.07.23 17:54:01.467,1.0678,1.0682,1.00,1.30
2008.07.23 17:54:01.739,1.0678,1.0681,1.00,1.00
2008.07.23 17:54:02.470,1.0677,1.068,2.20,1.00
2008.07.23 17:54:02.938,1.0677,1.068,1.00,1.00
2008.07.23 17:54:03.310,1.0677,1.068,1.00,1.70
2008.07.23 17:54:03.506,1.0676,1.0679,4.00,1.00
2008.07.23 17:54:03.691,1.0676,1.0679,1.00,3.90
2008.07.23 17:54:04.020,1.0675,1.0678,2.20,1.00
2008.07.23 17:54:07.644,1.06745,1.0677,1.30,1.00
2008.07.23 17:54:09.197,1.0675,1.0678,1.00,1.00
2008.07.23 17:54:10.236,1.0675,1.0678,1.00,3.90
2008.07.23 17:54:10.554,1.0674,1.0677,2.20,1.00
2008.07.23 17:54:11.317,1.0675,1.0677,1.30,1.00
2008.07.23 17:54:11.482,1.0675,1.0678,2.20,1.00
2008.07.23 17:54:12.888,1.0676,1.0679,1.00,3.90
2008.07.23 17:54:13.209,1.0676,1.0679,1.00,1.00
2008.07.23 17:54:14.793,1.0676,1.0679,1.00,3.90
2008.07.23 17:54:15.156,1.06755,1.0678,1.30,1.00
2008.07.23 17:54:15.516,1.0675,1.0678,2.20,1.00
2008.07.23 17:54:21.809,1.0675,1.0679,2.20,1.00
2008.07.23 17:54:23.283,1.06755,1.0679,1.30,1.00
2008.07.23 17:54:23.412,1.0676,1.0679,1.00,1.00
2008.07.23 17:54:23.501,1.0676,1.0679,1.00,3.90
2008.07.23 17:54:24.097,1.06755,1.0678,1.30,1.00
2008.07.23 17:54:25.823,1.0676,1.0679,1.00,1.00
2008.07.23 17:54:28.103,1.0676,1.0679,2.20,1.00
2008.07.23 17:54:37.048,1.0676,1.0679,1.00,1.00
2008.07.23 17:54:37.200,1.0676,1.0679,1.00,3.90
2008.07.23 17:54:37.599,1.06755,1.0678,1.30,1.00
2008.07.23 17:54:42.328,1.0675,1.0678,2.20,1.00
2008.07.23 17:54:44.388,1.06755,1.0678,1.30,1.00
2008.07.23 17:54:46.127,1.0675,1.0678,2.20,1.00
2008.07.23 17:54:47.571,1.0675,1.0678,2.20,3.90
2008.07.23 17:54:47.895,1.06755,1.0678,1.30,3.90
2008.07.23 17:54:48.436,1.0676,1.0679,1.00,3.90
2008.07.23 17:54:48.594,1.0676,1.0679,1.00,6.00
2008.07.23 17:54:49.048,1.0676,1.0679,1.00,1.00
2008.07.23 17:54:49.614,1.0676,1.0679,2.20,1.00
2008.07.23 17:54:49.974,1.06765,1.0679,1.30,1.00
2008.07.23 17:54:51.138,1.0677,1.068,1.00,3.90
2008.07.23 17:54:51.428,1.06775,1.068,1.30,1.00
2008.07.23 17:54:51.837,1.0677,1.068,2.20,1.00
2008.07.23 17:54:52.247,1.0678,1.06805,1.00,5.40
2008.07.23 17:54:53.244,1.0678,1.0681,1.00,1.00
2008.07.23 17:54:58.787,1.0677,1.068,2.20,1.00
2008.07.23 17:54:59.235,1.0677,1.0681,2.20,1.70
2008.07.23 17:54:59.882,1.0677,1.0681,1.00,1.30
2008.07.23 17:55:00.235,1.0677,1.06805,1.00,1.00
2008.07.23 17:55:02.466,1.0677,1.068,1.00,3.20
2008.07.23 17:55:02.602,1.0676,1.068,2.20,3.90
2008.07.23 17:55:06.906,1.0676,1.068,2.20,1.00
2008.07.23 17:55:08.889,1.06765,1.068,1.30,1.00
2008.07.23 17:55:10.111,1.06765,1.068,1.30,3.90
2008.07.23 17:55:10.291,1.0676,1.068,2.20,3.90
2008.07.23 17:55:11.976,1.0676,1.0678,2.20,3.20
2008.07.23 17:55:12.252,1.0676,1.0679,1.30,3.90
2008.07.23 17:55:12.416,1.0675,1.0679,2.20,3.90
2008.07.23 17:55:12.584,1.0675,1.0679,2.20,1.70
2008.07.23 17:55:12.751,1.0675,1.0679,2.20,7.10
2008.07.23 17:55:12.910,1.0675,1.0679,2.20,6.00
2008.07.23 17:55:16.718,1.0675,1.0679,2.20,1.00
2008.07.23 17:55:17.490,1.0675,1.0679,1.00,1.30
2008.07.23 17:55:23.320,1.06755,1.0679,1.30,6.00
2008.07.23 17:55:23.686,1.0675,1.0679,2.20,6.00
2008.07.23 17:55:24.019,1.0675,1.0679,2.20,1.00
2008.07.23 17:55:24.268,1.06755,1.0679,1.30,1.00
2008.07.23 17:55:28.249,1.0676,1.0679,1.30,1.00
2008.07.23 17:55:28.577,1.0676,1.0679,2.20,1.00
2008.07.23 17:55:30.309,1.06765,1.0679,1.30,1.00
2008.07.23 17:55:30.664,1.0677,1.068,1.00,1.00
2008.07.23 17:55:35.091,1.0676,1.0678,1.30,1.00
2008.07.23 17:55:35.450,1.06755,1.0678,5.40,1.00
2008.07.23 17:55:35.804,1.0675,1.0678,1.00,1.00
2008.07.23 17:55:41.137,1.0675,1.0678,2.20,1.00
2008.07.23 17:55:41.516,1.0676,1.0679,1.00,6.00
2008.07.23 17:55:41.717,1.0676,1.0679,1.00,1.00
2008.07.23 17:55:54.778,1.0675,1.0678,2.20,1.00
2008.07.23 17:55:56.581,1.0675,1.0678,1.00,3.90
2008.07.23 17:55:56.825,1.0675,1.0678,1.00,1.00
2008.07.23 17:55:56.933,1.0675,1.0678,1.00,6.00
2008.07.23 17:55:57.639,1.0675,1.0678,1.00,1.00
2008.07.23 17:56:02.647,1.0675,1.0678,1.00,1.30
2008.07.23 17:56:03.097,1.0676,1.0678,1.00,1.00
2008.07.23 17:56:03.313,1.0676,1.06775,1.00,5.40
2008.07.23 17:56:03.420,1.0675,1.06775,1.00,5.40
2008.07.23 17:56:03.528,1.0675,1.0678,1.00,1.00
2008.07.23 17:56:08.870,1.0675,1.0678,1.00,1.30
2008.07.23 17:56:10.109,1.0674,1.0677,4.00,1.00
2008.07.23 17:56:10.416,1.0674,1.0677,1.00,1.00
2008.07.23 17:56:13.051,1.0673,1.06765,1.00,1.00
2008.07.23 17:56:13.737,1.0672,1.0676,2.20,1.00
2008.07.23 17:56:13.916,1.06725,1.0676,1.30,1.00
2008.07.23 17:56:14.317,1.0672,1.0676,2.20,1.00
2008.07.23 17:56:15.055,1.06725,1.0676,1.30,1.00
2008.07.23 17:56:18.434,1.0673,1.0676,1.30,1.00
2008.07.23 17:56:22.244,1.0673,1.0676,2.20,1.00
2008.07.23 17:56:23.884,1.0674,1.0677,1.00,1.70
2008.07.23 17:56:25.313,1.0674,1.06765,1.00,1.00
2008.07.23 17:56:25.615,1.0675,1.0678,1.00,1.30
2008.07.23 17:56:26.055,1.0675,1.0678,1.00,1.70
2008.07.23 17:56:26.318,1.0676,1.0679,1.00,1.30
2008.07.23 17:56:26.552,1.0676,1.06785,1.00,6.00
2008.07.23 17:56:26.714,1.0676,1.06785,1.00,1.00
2008.07.23 17:56:28.173,1.0675,1.0678,1.00,1.00
2008.07.23 17:56:37.170,1.0674,1.0678,2.20,1.00
2008.07.23 17:56:38.372,1.0674,1.06775,1.80,1.00
2008.07.23 17:56:38.636,1.0673,1.0677,2.20,1.00
2008.07.23 17:56:39.310,1.06735,1.0677,1.30,1.00
2008.07.23 17:56:39.772,1.0673,1.0677,2.20,1.00
2008.07.23 17:56:43.144,1.0673,1.0676,2.20,1.00
2008.07.23 17:56:47.621,1.0673,1.0676,5.10,1.00
2008.07.23 17:56:47.868,1.0674,1.0677,2.20,1.00
2008.07.23 17:56:48.117,1.0674,1.0677,2.20,6.00
2008.07.23 17:56:48.367,1.0674,1.0677,2.20,1.00
2008.07.23 17:57:08.181,1.06745,1.0677,1.30,1.00
2008.07.23 17:57:08.285,1.0675,1.0678,1.00,1.00
2008.07.23 17:57:08.515,1.0675,1.0678,2.20,1.00
2008.07.23 17:57:19.030,1.0676,1.0679,1.00,1.30
2008.07.23 17:57:19.291,1.0676,1.0679,1.00,1.00
2008.07.23 17:57:20.972,1.0676,1.0679,4.00,1.00
2008.07.23 17:57:29.318,1.0676,1.0679,5.50,1.00
2008.07.23 17:57:37.183,1.0676,1.0678,4.50,1.00
2008.07.23 17:57:37.266,1.0676,1.0678,1.30,1.00
2008.07.23 17:57:37.436,1.06765,1.0678,1.00,1.00
2008.07.23 17:57:46.853,1.0676,1.0679,5.10,1.00
2008.07.23 17:57:49.154,1.0676,1.0679,4.00,1.00
2008.07.23 17:57:49.313,1.0676,1.0679,5.50,1.00
2008.07.23 17:57:50.403,1.0676,1.0679,4.00,1.00
2008.07.23 17:57:51.736,1.0676,1.0679,5.50,1.00
2008.07.23 17:57:52.739,1.0676,1.0679,6.60,1.00
2008.07.23 17:57:52.811,1.0676,1.0679,7.60,1.00
2008.07.23 17:57:53.832,1.0676,1.0679,4.40,1.00
2008.07.23 17:57:53.891,1.0677,1.068,1.80,1.00
2008.07.23 17:57:56.663,1.0677,1.068,5.10,1.00
2008.07.23 17:57:56.714,1.0677,1.068,1.80,1.00
2008.07.23 17:57:56.990,1.0678,1.0681,1.80,6.00
2008.07.23 17:57:57.221,1.0678,1.0681,1.80,1.00
2008.07.23 17:57:57.458,1.06785,1.0681,1.30,1.00
2008.07.23 17:57:57.700,1.0679,1.0682,1.80,1.70
2008.07.23 17:57:57.991,1.0679,1.0682,3.30,1.70
2008.07.23 17:57:58.385,1.06805,1.0683,1.00,9.30
2008.07.23 17:57:58.736,1.0681,1.0684,1.00,10.30
2008.07.23 17:57:59.086,1.0681,1.0684,1.00,6.00
2008.07.23 17:57:59.330,1.0681,1.0684,4.00,1.00
2008.07.23 17:57:59.754,1.0681,1.0684,5.10,1.70
2008.07.23 17:58:00.294,1.0681,1.0684,1.80,1.70
2008.07.23 17:58:02.302,1.0681,1.0684,4.00,1.70
2008.07.23 17:58:02.439,1.0681,1.0684,4.00,1.00
2008.07.23 17:58:02.847,1.0681,1.0684,5.50,1.00
2008.07.23 17:58:02.992,1.0682,1.0685,4.00,1.30
2008.07.23 17:58:03.470,1.0682,1.0685,1.00,1.30
2008.07.23 17:58:03.775,1.0682,1.0685,1.80,1.30
2008.07.23 17:58:04.088,1.0682,1.0685,1.80,1.00
2008.07.23 17:58:04.252,1.0683,1.0686,1.00,1.30
2008.07.23 17:58:05.594,1.0682,1.0685,1.80,1.70
2008.07.23 17:58:05.975,1.0682,1.0685,5.10,1.30
2008.07.23 17:58:06.300,1.0682,1.0685,4.00,1.30
2008.07.23 17:58:07.710,1.0682,1.06845,1.00,1.00
2008.07.23 17:58:08.188,1.0682,1.06845,1.00,1.70
2008.07.23 17:58:08.248,1.0682,1.0684,1.00,1.00
2008.07.23 17:58:09.469,1.0682,1.0684,1.00,1.70
2008.07.23 17:58:09.572,1.0682,1.0684,1.00,3.90
2008.07.23 17:58:09.669,1.0681,1.0684,1.00,4.50
2008.07.23 17:58:10.300,1.0681,1.0683,1.00,3.20
2008.07.23 17:58:11.156,1.0681,1.0684,1.00,4.50
2008.07.23 17:58:16.146,1.0681,1.0684,1.00,5.60
2008.07.23 17:58:16.424,1.0681,1.0684,1.00,6.70
2008.07.23 17:58:16.527,1.0681,1.0683,1.00,5.40
2008.07.23 17:58:16.924,1.068,1.0683,1.00,4.90
2008.07.23 17:58:17.791,1.0679,1.0682,2.20,1.00
2008.07.23 17:58:19.270,1.068,1.0683,1.00,10.30
2008.07.23 17:58:30.793,1.068,1.0683,1.00,3.50
2008.07.23 17:58:31.146,1.068,1.0683,1.00,1.30
2008.07.23 17:58:31.373,1.068,1.0683,1.00,1.70
2008.07.23 17:58:31.596,1.068,1.0682,1.00,1.00
2008.07.23 17:58:31.687,1.068,1.06825,1.00,1.70
2008.07.23 17:58:31.843,1.0679,1.0682,1.80,7.10
2008.07.23 17:58:32.090,1.0679,1.06815,1.80,1.00
2008.07.23 17:58:32.315,1.0679,1.0683,1.80,6.70
2008.07.23 17:58:32.553,1.0679,1.0683,1.80,1.30
2008.07.23 17:58:33.307,1.068,1.0683,1.00,1.30
2008.07.23 17:58:37.271,1.068,1.0683,1.00,3.90
2008.07.23 17:58:41.636,1.068,1.0683,1.00,4.90
2008.07.23 17:58:41.778,1.068,1.0683,1.00,10.30
2008.07.23 17:58:41.921,1.068,1.0683,1.00,1.30
2008.07.23 17:58:42.889,1.068,1.0683,1.00,4.90
2008.07.23 17:58:43.089,1.068,1.0683,1.00,3.90
2008.07.23 17:58:43.288,1.068,1.0683,1.00,4.90
2008.07.23 17:58:43.513,1.068,1.0683,1.00,1.30
2008.07.23 17:58:43.768,1.068,1.0683,1.00,4.90
2008.07.23 17:58:45.279,1.068,1.0683,1.00,1.30
2008.07.23 17:58:45.460,1.0679,1.0682,1.00,1.00
2008.07.23 17:58:46.129,1.0679,1.0682,1.00,4.90
2008.07.23 17:58:46.738,1.0679,1.0682,1.00,1.30
2008.07.23 17:58:50.897,1.0679,1.0682,1.00,4.90
2008.07.23 17:58:51.847,1.0679,1.0682,1.00,1.30
2008.07.23 17:58:52.231,1.0679,1.06815,1.00,1.00
2008.07.23 17:58:52.393,1.0678,1.0681,1.00,1.70
2008.07.23 17:58:52.771,1.0678,1.0681,1.00,1.30
2008.07.23 17:58:53.166,1.0677,1.068,4.00,1.00
2008.07.23 17:58:53.518,1.0677,1.068,1.00,1.00
2008.07.23 17:58:54.038,1.0677,1.068,4.00,1.00
2008.07.23 17:58:54.231,1.0677,1.068,2.20,1.00
2008.07.23 17:58:54.592,1.0678,1.0681,1.00,1.30
2008.07.23 17:58:55.249,1.0677,1.068,4.00,1.00
2008.07.23 17:58:55.612,1.0677,1.068,1.00,1.70
2008.07.23 17:58:56.126,1.0677,1.068,1.00,1.30
2008.07.23 17:58:57.457,1.0677,1.068,1.00,4.90
2008.07.23 17:58:57.706,1.0677,1.068,1.00,1.00
2008.07.23 17:59:01.808,1.0677,1.068,1.00,3.90
2008.07.23 17:59:01.980,1.0677,1.068,1.00,1.00
2008.07.23 17:59:05.955,1.0677,1.068,1.00,3.90
2008.07.23 17:59:06.147,1.0677,1.068,1.00,4.90
2008.07.23 17:59:09.505,1.0677,1.068,1.00,1.30
2008.07.23 17:59:10.122,1.0676,1.0679,2.20,1.00
2008.07.23 17:59:12.363,1.0677,1.068,1.00,6.00
2008.07.23 17:59:13.369,1.0677,1.068,1.00,1.00
2008.07.23 17:59:15.273,1.0677,1.068,1.00,6.00
2008.07.23 17:59:15.961,1.0676,1.0679,2.20,1.00
2008.07.23 17:59:17.660,1.06765,1.0679,1.30,1.00
2008.07.23 17:59:18.134,1.0677,1.068,2.20,3.90
2008.07.23 17:59:18.365,1.06775,1.068,1.30,1.00
2008.07.23 17:59:18.662,1.0678,1.0681,1.00,3.90
2008.07.23 17:59:18.986,1.0678,1.0681,2.20,3.90
2008.07.23 17:59:19.154,1.0679,1.0682,4.00,6.00
2008.07.23 17:59:19.454,1.0679,1.0682,4.00,1.00
2008.07.23 17:59:19.738,1.068,1.0683,1.00,4.90
2008.07.23 17:59:20.292,1.068,1.0683,1.00,1.30
2008.07.23 17:59:20.559,1.0679,1.0682,4.00,1.00
2008.07.23 17:59:20.869,1.0679,1.0682,1.00,3.90
2008.07.23 17:59:26.729,1.0679,1.0682,1.00,9.30
2008.07.23 17:59:26.914,1.0678,1.0681,2.20,1.00
2008.07.23 17:59:27.221,1.0678,1.0681,1.00,1.00
2008.07.23 17:59:29.839,1.06775,1.0681,1.30,1.00
2008.07.23 17:59:30.668,1.0677,1.0681,2.20,6.00
2008.07.23 17:59:31.381,1.0677,1.068,2.20,1.00
2008.07.23 17:59:31.526,1.0678,1.0681,1.00,6.00
2008.07.23 17:59:32.016,1.0678,1.0681,1.00,1.00
2008.07.23 17:59:34.701,1.0677,1.068,2.20,4.90
2008.07.23 17:59:34.821,1.0677,1.068,6.20,4.90
2008.07.23 17:59:34.892,1.0677,1.068,6.20,3.90
2008.07.23 17:59:34.955,1.0677,1.068,1.00,3.90
2008.07.23 17:59:35.098,1.0678,1.0681,1.00,5.60
2008.07.23 17:59:35.165,1.0678,1.0681,1.00,4.50
2008.07.23 17:59:38.686,1.0677,1.068,1.00,4.90
2008.07.23 17:59:39.312,1.0677,1.068,1.00,1.30
2008.07.23 17:59:39.768,1.0677,1.068,1.00,4.90
2008.07.23 17:59:39.917,1.0677,1.068,1.00,3.90
2008.07.23 17:59:40.237,1.0677,1.068,1.00,1.00
2008.07.23 17:59:41.544,1.0677,1.068,1.00,3.90
2008.07.23 17:59:41.897,1.0677,1.068,1.00,4.90
2008.07.23 17:59:43.285,1.0677,1.068,1.00,1.30
2008.07.23 17:59:43.455,1.0676,1.0679,1.00,3.90
2008.07.23 17:59:44.126,1.0676,1.0679,4.00,1.00
2008.07.23 17:59:44.309,1.0677,1.068,1.00,1.30
2008.07.23 17:59:45.867,1.0676,1.0679,1.00,3.90
2008.07.23 17:59:50.193,1.0676,1.0679,4.00,1.00
2008.07.23 17:59:50.894,1.0677,1.068,1.00,1.30
2008.07.23 17:59:52.619,1.0676,1.0679,1.00,3.90
2008.07.23 17:59:53.524,1.0677,1.068,1.00,1.30
2008.07.23 17:59:54.265,1.0677,1.068,1.00,4.90
