2009.03.24 03:00:00.456,0.8012,0.80165,5.40,3.20
2009.03.24 03:00:01.185,0.8012,0.8016,5.40,3.20
2009.03.24 03:00:01.305,0.8012,0.8016,4.00,3.20
2009.03.24 03:00:03.585,0.8012,0.80165,4.00,4.00
2009.03.24 03:00:03.765,0.8013,0.80165,2.80,4.00
2009.03.24 03:00:03.985,0.8013,0.80165,2.80,3.20
2009.03.24 03:00:17.431,0.8013,0.8016,2.80,3.20
2009.03.24 03:00:17.611,0.8012,0.8016,5.40,3.20
2009.03.24 03:00:17.791,0.8013,0.8016,1.00,3.20
2009.03.24 03:00:18.131,0.80115,0.8015,4.20,3.20
2009.03.24 03:00:18.361,0.8012,0.8015,2.40,3.20
2009.03.24 03:00:18.421,0.8011,0.8015,5.40,3.20
2009.03.24 03:00:18.821,0.8012,0.8015,1.00,3.20
2009.03.24 03:00:19.051,0.80105,0.8015,2.80,3.20
2009.03.24 03:00:25.349,0.80095,0.80135,2.80,3.20
2009.03.24 03:00:25.509,0.8009,0.80135,2.80,3.20
2009.03.24 03:00:26.079,0.80105,0.8015,2.80,3.20
2009.03.24 03:00:26.249,0.80105,0.80155,2.80,3.40
2009.03.24 03:00:26.649,0.8011,0.80155,2.80,3.20
2009.03.24 03:00:28.928,0.80105,0.80155,2.80,3.40
2009.03.24 03:00:29.089,0.80105,0.8015,2.80,3.20
2009.03.24 03:00:35.527,0.801,0.8015,2.80,3.20
2009.03.24 03:00:35.807,0.801,0.80145,2.80,3.20
2009.03.24 03:00:36.097,0.80105,0.8014,2.80,3.20
2009.03.24 03:00:36.317,0.80105,0.80145,2.80,3.20
2009.03.24 03:00:36.597,0.80105,0.8015,2.80,3.20
2009.03.24 03:00:37.237,0.80105,0.80145,2.80,3.20
2009.03.24 03:00:37.697,0.80095,0.8014,2.80,3.20
2009.03.24 03:00:37.926,0.8009,0.8014,4.20,3.20
2009.03.24 03:00:38.036,0.80105,0.8014,2.80,3.20
2009.03.24 03:00:38.307,0.80105,0.8015,2.80,3.20
2009.03.24 03:01:06.930,0.80105,0.80155,2.80,3.40
2009.03.24 03:01:07.150,0.8011,0.80155,2.80,3.20
2009.03.24 03:01:07.779,0.8011,0.80135,2.80,3.20
2009.03.24 03:01:07.889,0.801,0.80135,2.80,3.20
2009.03.24 03:01:14.567,0.801,0.8014,5.40,3.20
2009.03.24 03:01:31.493,0.801,0.80145,5.40,3.20
2009.03.24 03:01:31.843,0.80105,0.80145,2.80,3.20
2009.03.24 03:01:42.281,0.80095,0.80135,2.80,3.20
2009.03.24 03:01:44.680,0.80095,0.8014,2.80,3.20
2009.03.24 03:01:45.020,0.801,0.8014,2.80,3.20
2009.03.24 03:02:07.135,0.801,0.80135,2.80,3.20
2009.03.24 03:02:07.255,0.80095,0.80135,4.20,3.20
2009.03.24 03:02:18.312,0.801,0.80135,2.80,3.20
2009.03.24 03:02:18.652,0.80095,0.80135,4.20,3.20
2009.03.24 03:02:36.728,0.80095,0.8014,4.20,3.20
2009.03.24 03:02:36.907,0.801,0.8014,2.80,3.20
2009.03.24 03:02:57.843,0.801,0.8013,2.80,3.20
2009.03.24 03:02:58.003,0.801,0.8013,2.40,3.20
2009.03.24 03:03:01.612,0.801,0.80125,2.40,3.20
2009.03.24 03:03:01.781,0.8009,0.80125,5.40,3.20
2009.03.24 03:03:25.926,0.8009,0.80125,4.20,3.20
2009.03.24 03:03:26.165,0.80085,0.8012,4.20,3.20
2009.03.24 03:03:29.195,0.80085,0.8014,4.20,3.40
2009.03.24 03:03:29.305,0.801,0.8014,2.80,3.20
2009.03.24 03:03:29.535,0.80105,0.8014,2.80,3.20
2009.03.24 03:03:36.753,0.80105,0.80145,2.80,3.20
2009.03.24 03:03:37.213,0.8011,0.80145,2.80,3.20
2009.03.24 03:04:29.670,0.80105,0.80145,2.80,3.20
2009.03.24 03:04:38.228,0.80095,0.80135,2.80,3.20
2009.03.24 03:04:59.553,0.801,0.80125,2.40,3.20
2009.03.24 03:05:29.836,0.801,0.80125,2.40,3.20
2009.03.24 03:05:31.386,0.80095,0.80125,4.20,3.20
2009.03.24 03:06:12.675,0.801,0.80125,2.40,3.20
2009.03.24 03:06:12.905,0.801,0.8012,2.40,3.20
2009.03.24 03:06:12.955,0.801,0.8012,1.00,3.20
2009.03.24 03:06:13.745,0.801,0.80115,1.00,3.20
2009.03.24 03:06:13.985,0.8008,0.80115,5.40,3.20
2009.03.24 03:06:14.615,0.8008,0.8012,5.40,3.20
2009.03.24 03:06:15.015,0.80085,0.8012,2.80,3.20
2009.03.24 03:06:16.914,0.80085,0.80115,2.80,3.20
2009.03.24 03:06:17.074,0.8009,0.80115,1.00,3.20
2009.03.24 03:06:17.414,0.8008,0.80115,5.40,3.20
2009.03.24 03:06:23.872,0.80085,0.8012,2.80,3.20
2009.03.24 03:06:24.042,0.80085,0.8012,4.20,3.20
2009.03.24 03:06:24.473,0.80085,0.80125,4.20,3.20
2009.03.24 03:06:24.693,0.8009,0.80125,2.80,3.20
2009.03.24 03:06:31.661,0.8009,0.8013,2.80,3.20
2009.03.24 03:06:43.928,0.80085,0.8013,4.20,3.20
2009.03.24 03:06:54.835,0.80085,0.80125,4.20,3.20
2009.03.24 03:06:55.275,0.80085,0.80125,2.80,3.20
2009.03.24 03:07:08.992,0.80085,0.8012,2.80,3.20
2009.03.24 03:07:09.741,0.8009,0.8012,1.00,3.20
2009.03.24 03:07:15.870,0.8009,0.8012,1.00,4.00
2009.03.24 03:07:16.100,0.80075,0.8012,2.80,4.00
2009.03.24 03:07:16.330,0.8008,0.80115,1.00,3.20
2009.03.24 03:07:16.670,0.80075,0.80115,1.40,4.00
2009.03.24 03:07:16.840,0.80065,0.8011,4.20,3.20
2009.03.24 03:07:18.039,0.8007,0.8011,2.80,3.20
2009.03.24 03:07:19.239,0.8007,0.80105,2.80,3.20
2009.03.24 03:07:19.469,0.80065,0.80105,4.20,3.20
2009.03.24 03:07:20.089,0.8007,0.80105,2.80,3.20
2009.03.24 03:07:26.357,0.80065,0.80105,4.20,3.20
2009.03.24 03:07:30.916,0.80065,0.801,2.80,3.20
2009.03.24 03:07:31.036,0.80065,0.8009,2.80,3.20
2009.03.24 03:07:31.496,0.8006,0.8009,2.80,3.20
2009.03.24 03:07:31.726,0.8005,0.8009,5.40,3.20
2009.03.24 03:07:34.475,0.8005,0.80085,5.40,3.20
2009.03.24 03:07:34.715,0.80045,0.80085,3.00,3.20
2009.03.24 03:07:34.895,0.80045,0.80085,5.80,3.20
2009.03.24 03:07:36.115,0.8005,0.8009,2.80,3.20
2009.03.24 03:07:36.385,0.80045,0.80085,5.80,3.20
2009.03.24 03:07:37.745,0.8005,0.80085,2.80,3.20
2009.03.24 03:07:38.134,0.80045,0.80085,5.80,3.20
2009.03.24 03:07:39.964,0.80045,0.80075,4.20,3.20
2009.03.24 03:07:40.244,0.8005,0.80075,1.40,3.20
2009.03.24 03:07:40.484,0.80035,0.80075,4.20,3.20
2009.03.24 03:07:41.004,0.80035,0.80075,2.80,3.20
2009.03.24 03:07:42.633,0.80035,0.8008,2.80,4.00
2009.03.24 03:07:43.913,0.80045,0.8008,1.40,3.20
2009.03.24 03:07:44.083,0.8004,0.8008,4.20,3.20
2009.03.24 03:07:50.512,0.8004,0.80065,2.80,3.20
2009.03.24 03:07:50.802,0.8004,0.8006,2.80,3.20
2009.03.24 03:07:51.031,0.8003,0.8006,2.80,3.20
2009.03.24 03:07:51.492,0.8002,0.8006,4.20,3.20
2009.03.24 03:07:51.661,0.8003,0.8007,2.80,6.20
2009.03.24 03:07:53.821,0.8003,0.8007,2.80,4.00
2009.03.24 03:07:55.660,0.8003,0.80065,2.80,1.20
2009.03.24 03:07:55.720,0.8003,0.80075,2.80,4.00
2009.03.24 03:07:56.010,0.8003,0.8007,2.80,3.20
2009.03.24 03:07:56.350,0.8003,0.80065,2.80,3.20
2009.03.24 03:07:56.680,0.80025,0.80065,4.20,3.20
2009.03.24 03:07:58.769,0.80025,0.80065,2.80,3.20
2009.03.24 03:08:00.929,0.80025,0.8007,2.80,6.20
2009.03.24 03:08:01.260,0.80025,0.8007,4.20,5.20
2009.03.24 03:08:01.439,0.80025,0.80065,4.20,3.20
2009.03.24 03:08:01.619,0.80025,0.8006,4.20,3.20
2009.03.24 03:08:01.789,0.8003,0.8006,1.40,3.20
2009.03.24 03:08:01.959,0.80025,0.8007,4.20,3.20
2009.03.24 03:08:02.448,0.8003,0.80075,2.80,4.00
2009.03.24 03:08:04.408,0.8003,0.8007,2.80,3.00
2009.03.24 03:08:04.898,0.80035,0.8008,2.80,6.20
2009.03.24 03:08:05.659,0.8004,0.8008,2.80,5.20
2009.03.24 03:08:05.878,0.8004,0.8008,2.80,3.20
2009.03.24 03:08:08.128,0.80035,0.80075,4.20,3.20
2009.03.24 03:08:13.936,0.80035,0.8008,4.20,3.20
2009.03.24 03:08:14.226,0.8004,0.8008,2.80,3.20
2009.03.24 03:08:21.404,0.80035,0.80075,2.80,4.00
2009.03.24 03:08:21.814,0.80035,0.80075,2.80,3.20
2009.03.24 03:08:23.913,0.80035,0.80065,2.80,3.20
2009.03.24 03:08:24.033,0.8003,0.80065,4.00,3.20
2009.03.24 03:08:24.363,0.8003,0.80065,2.80,3.20
2009.03.24 03:08:24.593,0.80025,0.80065,2.80,3.20
2009.03.24 03:08:26.093,0.8002,0.80065,4.40,4.00
2009.03.24 03:08:26.513,0.8002,0.8006,4.40,3.20
2009.03.24 03:08:26.954,0.8002,0.80065,4.40,4.00
2009.03.24 03:08:27.343,0.80025,0.80065,2.80,4.00
2009.03.24 03:08:33.271,0.80025,0.80065,2.80,3.20
2009.03.24 03:08:37.090,0.8002,0.80065,4.20,3.20
2009.03.24 03:08:37.320,0.8002,0.8006,4.20,3.20
2009.03.24 03:08:37.430,0.8002,0.80065,4.20,3.20
2009.03.24 03:08:37.600,0.80025,0.80065,1.40,3.20
2009.03.24 03:08:41.659,0.8003,0.80065,2.80,3.20
2009.03.24 03:08:41.709,0.8003,0.8007,2.80,3.20
2009.03.24 03:08:42.189,0.8003,0.8007,4.20,3.20
2009.03.24 03:08:42.309,0.8003,0.80075,4.20,3.20
2009.03.24 03:08:42.409,0.80035,0.80075,2.80,3.20
2009.03.24 03:08:45.858,0.80035,0.8008,2.80,6.20
2009.03.24 03:08:46.358,0.80035,0.80075,2.80,3.20
2009.03.24 03:08:48.928,0.80035,0.8008,2.80,6.20
2009.03.24 03:08:58.525,0.80035,0.8008,4.20,3.00
2009.03.24 03:08:58.875,0.8004,0.8008,2.80,3.00
2009.03.24 03:08:59.275,0.80045,0.8008,2.80,3.00
2009.03.24 03:08:59.445,0.8004,0.8008,2.80,3.00
2009.03.24 03:09:00.345,0.80035,0.80085,4.20,4.00
2009.03.24 03:09:02.514,0.8004,0.8008,2.80,3.00
2009.03.24 03:09:17.180,0.80045,0.8008,2.80,3.00
2009.03.24 03:09:17.341,0.80045,0.8008,2.80,2.00
2009.03.24 03:09:17.751,0.80045,0.80085,2.80,1.20
2009.03.24 03:09:17.910,0.8005,0.8009,2.80,3.00
2009.03.24 03:09:23.129,0.8005,0.80095,2.80,4.00
2009.03.24 03:09:23.479,0.8005,0.8009,2.80,3.20
2009.03.24 03:09:23.749,0.8004,0.8009,5.40,4.00
2009.03.24 03:09:23.869,0.8004,0.8009,5.40,6.20
2009.03.24 03:09:37.146,0.80045,0.8009,1.40,6.40
2009.03.24 03:09:37.386,0.80035,0.8008,4.20,3.00
2009.03.24 03:09:37.736,0.8004,0.8008,2.40,3.00
2009.03.24 03:09:42.984,0.8004,0.8008,2.40,3.20
2009.03.24 03:09:43.104,0.8004,0.8008,2.40,5.20
2009.03.24 03:09:43.334,0.8004,0.8008,1.00,6.40
2009.03.24 03:10:11.907,0.8004,0.8008,1.00,3.20
2009.03.24 03:10:12.128,0.8003,0.8007,5.40,2.00
2009.03.24 03:10:13.107,0.8004,0.8008,1.00,3.20
2009.03.24 03:10:13.217,0.8004,0.8008,1.00,6.40
2009.03.24 03:10:14.027,0.8004,0.8007,1.00,3.00
2009.03.24 03:10:14.317,0.80025,0.8007,4.20,3.00
2009.03.24 03:10:14.367,0.80025,0.80075,4.20,4.00
2009.03.24 03:10:14.587,0.8003,0.80075,2.40,4.40
2009.03.24 03:10:14.816,0.8002,0.80065,5.40,1.20
2009.03.24 03:10:16.126,0.8002,0.8006,5.40,2.00
2009.03.24 03:10:35.052,0.8002,0.8007,5.40,3.20
2009.03.24 03:10:35.622,0.8002,0.8006,4.00,3.00
2009.03.24 03:10:36.651,0.8002,0.80065,4.00,4.00
2009.03.24 03:10:36.941,0.8003,0.80065,1.00,4.00
2009.03.24 03:10:37.271,0.8002,0.80065,2.40,4.40
2009.03.24 03:10:38.121,0.8001,0.80055,5.40,1.20
2009.03.24 03:10:38.281,0.8001,0.8005,5.40,2.00
2009.03.24 03:10:38.451,0.8001,0.8006,5.40,6.20
2009.03.24 03:10:38.851,0.8002,0.8006,1.00,6.40
2009.03.24 03:10:39.201,0.8001,0.8006,5.40,6.20
2009.03.24 03:10:40.470,0.80005,0.80055,4.20,4.00
2009.03.24 03:10:40.640,0.8001,0.80055,2.40,4.40
2009.03.24 03:10:49.068,0.80005,0.80055,4.20,4.00
2009.03.24 03:10:50.678,0.80005,0.8005,4.20,3.00
2009.03.24 03:10:51.088,0.8001,0.8005,2.80,3.00
2009.03.24 03:10:59.676,0.8001,0.8006,4.20,6.20
2009.03.24 03:11:01.665,0.8001,0.8006,5.40,6.20
2009.03.24 03:11:08.054,0.8001,0.8005,5.40,2.00
2009.03.24 03:11:08.294,0.80015,0.8005,2.80,2.00
2009.03.24 03:11:09.084,0.80015,0.80055,2.80,1.20
2009.03.24 03:11:14.102,0.8002,0.8007,4.20,6.20
2009.03.24 03:11:25.909,0.80025,0.80065,1.40,3.20
2009.03.24 03:11:52.933,0.8002,0.80065,4.20,3.20
2009.03.24 03:12:01.671,0.8002,0.80065,5.40,3.20
2009.03.24 03:12:02.860,0.8002,0.8007,5.40,6.20
2009.03.24 03:12:03.200,0.80025,0.8007,2.80,6.20
2009.03.24 03:12:03.370,0.80025,0.8007,4.20,5.20
2009.03.24 03:12:04.460,0.80025,0.8007,4.20,3.20
2009.03.24 03:12:13.448,0.80025,0.8007,4.20,5.20
2009.03.24 03:12:34.473,0.80025,0.80065,4.20,3.20
2009.03.24 03:12:34.583,0.8003,0.80065,2.40,3.20
2009.03.24 03:12:34.873,0.8002,0.80065,5.40,3.20
2009.03.24 03:12:38.941,0.8002,0.8006,5.40,3.20
2009.03.24 03:12:39.232,0.8003,0.8006,1.00,3.20
2009.03.24 03:12:39.292,0.8003,0.80055,1.00,3.20
2009.03.24 03:12:39.471,0.80015,0.80055,4.20,3.20
2009.03.24 03:12:39.692,0.8002,0.80055,2.40,3.20
2009.03.24 03:12:40.381,0.8002,0.8006,2.40,3.20
2009.03.24 03:12:40.851,0.80015,0.8006,4.20,3.20
2009.03.24 03:12:41.121,0.8002,0.8006,2.80,3.20
2009.03.24 03:12:42.171,0.80015,0.8006,4.20,3.20
2009.03.24 03:12:42.231,0.8002,0.8006,2.40,3.20
2009.03.24 03:12:42.451,0.8001,0.8006,5.40,4.00
2009.03.24 03:12:42.571,0.8001,0.8006,5.40,4.40
2009.03.24 03:12:42.971,0.8001,0.8006,5.40,6.40
2009.03.24 03:12:46.290,0.8002,0.8006,1.00,6.40
2009.03.24 03:12:46.400,0.8002,0.8005,1.00,3.20
2009.03.24 03:12:47.160,0.8002,0.80055,1.00,3.20
2009.03.24 03:12:47.500,0.8001,0.80055,5.40,3.20
2009.03.24 03:12:48.649,0.8001,0.8005,5.40,3.20
2009.03.24 03:12:48.829,0.8001,0.8005,4.20,3.20
2009.03.24 03:12:48.999,0.8001,0.8005,2.80,3.20
2009.03.24 03:12:49.399,0.80005,0.8005,4.20,3.20
2009.03.24 03:12:50.279,0.8001,0.8005,2.40,3.20
2009.03.24 03:12:51.369,0.8,0.8005,5.40,4.00
2009.03.24 03:12:52.058,0.8,0.8005,5.40,6.20
2009.03.24 03:12:52.798,0.8,0.80045,5.40,3.20
2009.03.24 03:12:53.248,0.8001,0.80045,1.00,3.20
2009.03.24 03:13:00.736,0.8,0.80045,5.40,3.20
2009.03.24 03:13:01.186,0.8,0.8005,5.40,6.20
2009.03.24 03:13:01.236,0.8,0.8005,4.00,6.20
2009.03.24 03:13:01.356,0.8,0.8004,4.00,3.00
2009.03.24 03:13:01.586,0.8,0.80045,4.00,4.00
2009.03.24 03:13:01.646,0.80005,0.80045,2.80,4.00
2009.03.24 03:13:01.936,0.8,0.80045,2.80,4.00
2009.03.24 03:13:02.266,0.8,0.8004,2.80,3.20
2009.03.24 03:13:02.566,0.8,0.8004,2.80,3.00
2009.03.24 03:13:02.846,0.80005,0.8004,2.80,3.00
2009.03.24 03:13:03.226,0.79995,0.8004,4.20,3.00
2009.03.24 03:13:03.406,0.80005,0.8004,2.80,3.00
2009.03.24 03:13:04.735,0.8,0.8004,2.80,3.00
2009.03.24 03:13:05.315,0.8,0.8004,2.80,3.20
2009.03.24 03:13:05.595,0.79995,0.8004,4.20,3.20
2009.03.24 03:13:05.885,0.79995,0.80035,4.20,3.20
2009.03.24 03:13:06.355,0.8,0.80035,2.40,3.20
2009.03.24 03:13:12.314,0.8,0.80035,1.00,3.40
2009.03.24 03:13:16.703,0.8,0.8003,1.00,2.20
2009.03.24 03:13:17.172,0.8,0.80035,1.00,3.40
2009.03.24 03:13:18.412,0.8,0.8003,1.00,2.20
2009.03.24 03:13:18.762,0.8,0.80035,1.00,3.40
2009.03.24 03:13:19.112,0.7999,0.80035,5.40,3.20
2009.03.24 03:13:27.010,0.7999,0.8003,5.40,2.00
2009.03.24 03:13:27.190,0.79995,0.8003,4.20,2.00
2009.03.24 03:13:27.310,0.79995,0.80045,4.20,4.00
2009.03.24 03:13:28.190,0.8,0.80045,2.40,4.40
2009.03.24 03:13:28.360,0.79995,0.80045,4.20,4.00
2009.03.24 03:13:28.589,0.8,0.80045,2.40,4.40
2009.03.24 03:13:29.330,0.79995,0.80045,4.20,4.00
2009.03.24 03:13:32.649,0.8,0.80045,2.40,4.40
2009.03.24 03:13:32.878,0.8,0.80035,2.40,3.20
2009.03.24 03:13:39.727,0.7999,0.80035,5.40,3.20
2009.03.24 03:13:47.525,0.7999,0.8003,5.40,3.20
2009.03.24 03:13:47.935,0.7999,0.8002,5.40,3.20
2009.03.24 03:13:48.105,0.8,0.8002,1.00,3.20
2009.03.24 03:13:48.445,0.79995,0.8002,1.40,3.20
2009.03.24 03:13:49.205,0.7999,0.8002,2.40,3.20
2009.03.24 03:13:52.984,0.7998,0.8002,5.40,3.20
2009.03.24 03:14:00.662,0.7999,0.8002,2.40,3.20
2009.03.24 03:14:00.822,0.79985,0.8002,4.20,3.20
2009.03.24 03:14:00.992,0.79985,0.80025,4.20,3.20
2009.03.24 03:14:01.392,0.7999,0.80025,2.80,3.20
2009.03.24 03:14:05.001,0.7999,0.80035,2.80,4.00
2009.03.24 03:14:05.241,0.79995,0.80035,2.80,4.00
2009.03.24 03:14:05.361,0.79995,0.8003,2.80,3.20
2009.03.24 03:14:05.701,0.79995,0.80025,2.80,3.20
2009.03.24 03:14:06.041,0.79995,0.8003,2.80,3.20
2009.03.24 03:14:06.321,0.79985,0.80035,4.20,4.00
2009.03.24 03:14:06.551,0.79995,0.80035,2.80,4.00
2009.03.24 03:14:10.979,0.7999,0.80025,2.80,3.20
2009.03.24 03:14:11.769,0.7999,0.8002,2.80,3.20
2009.03.24 03:14:12.819,0.79985,0.8002,2.80,3.20
2009.03.24 03:14:15.588,0.79985,0.80025,2.80,3.20
2009.03.24 03:14:16.278,0.79985,0.8002,2.80,3.20
2009.03.24 03:14:24.516,0.79985,0.80025,2.80,3.20
2009.03.24 03:14:27.926,0.79985,0.8002,2.80,3.20
2009.03.24 03:14:28.935,0.79985,0.80025,2.80,3.20
2009.03.24 03:14:29.895,0.79985,0.8002,2.80,3.20
2009.03.24 03:14:30.015,0.7998,0.8002,5.40,3.20
2009.03.24 03:14:30.245,0.7999,0.8002,1.00,3.20
2009.03.24 03:14:31.295,0.7999,0.80025,1.00,3.20
2009.03.24 03:14:31.584,0.7998,0.8002,5.40,3.20
2009.03.24 03:14:31.804,0.7999,0.8002,1.00,3.20
2009.03.24 03:14:44.392,0.7998,0.80025,5.40,3.20
2009.03.24 03:14:46.381,0.79985,0.80025,2.80,3.20
2009.03.24 03:14:47.580,0.79985,0.8002,2.80,3.20
2009.03.24 03:14:47.691,0.79985,0.80015,2.80,3.20
2009.03.24 03:14:47.920,0.7999,0.80015,1.00,3.20
2009.03.24 03:14:52.979,0.7998,0.80015,2.40,3.20
2009.03.24 03:14:56.718,0.79975,0.8002,4.20,3.20
2009.03.24 03:14:57.248,0.79985,0.8002,1.40,3.20
2009.03.24 03:14:57.528,0.7999,0.8002,1.00,3.20
2009.03.24 03:14:59.618,0.7999,0.80025,1.00,3.20
2009.03.24 03:15:00.077,0.7998,0.80025,5.40,3.20
2009.03.24 03:15:00.657,0.7998,0.8002,5.40,3.20
2009.03.24 03:15:00.827,0.7999,0.8002,1.00,3.20
2009.03.24 03:15:00.997,0.7999,0.80025,1.00,3.20
2009.03.24 03:15:01.167,0.7998,0.80025,5.40,3.20
2009.03.24 03:15:01.897,0.7999,0.8002,1.00,3.20
2009.03.24 03:15:05.146,0.7999,0.80025,1.00,3.20
2009.03.24 03:15:05.446,0.7998,0.80025,5.40,3.20
2009.03.24 03:15:06.286,0.7998,0.8002,5.40,3.20
2009.03.24 03:15:06.566,0.7999,0.8002,1.00,3.20
2009.03.24 03:15:14.424,0.7999,0.80015,1.00,3.20
2009.03.24 03:15:15.294,0.7999,0.8002,1.00,3.20
2009.03.24 03:15:19.683,0.7999,0.80015,1.00,3.20
2009.03.24 03:15:19.922,0.7998,0.80015,2.40,3.20
2009.03.24 03:15:21.482,0.7997,0.80015,5.40,3.20
2009.03.24 03:15:24.101,0.7998,0.8002,2.80,3.20
2009.03.24 03:15:37.128,0.7998,0.80015,2.80,3.20
2009.03.24 03:15:37.628,0.7998,0.80015,2.40,3.20
2009.03.24 03:15:42.667,0.79985,0.8002,2.80,3.20
2009.03.24 03:15:46.316,0.79985,0.80025,2.80,3.20
2009.03.24 03:15:52.585,0.7999,0.80025,2.80,3.20
2009.03.24 03:15:52.815,0.7999,0.8003,2.80,4.00
2009.03.24 03:15:53.035,0.79985,0.8003,4.20,3.20
2009.03.24 03:15:53.085,0.7999,0.8003,2.80,3.20
2009.03.24 03:15:54.504,0.7999,0.80025,2.80,3.20
2009.03.24 03:15:54.794,0.79985,0.80025,4.20,3.20
2009.03.24 03:15:54.954,0.7999,0.8003,2.80,3.20
2009.03.24 03:15:58.214,0.79995,0.80035,2.80,4.00
2009.03.24 03:15:58.393,0.79995,0.80035,2.80,3.20
2009.03.24 03:15:59.024,0.79995,0.80045,4.20,4.40
2009.03.24 03:15:59.483,0.80015,0.80045,2.80,4.00
2009.03.24 03:16:00.563,0.80015,0.8004,2.80,3.20
2009.03.24 03:16:00.673,0.8001,0.8004,2.80,3.20
2009.03.24 03:16:02.112,0.80005,0.8004,2.80,3.20
2009.03.24 03:16:02.343,0.8,0.80035,2.80,3.20
2009.03.24 03:16:08.881,0.8,0.80035,2.40,3.20
2009.03.24 03:16:11.680,0.8,0.8003,1.00,3.20
2009.03.24 03:16:21.248,0.7999,0.80035,5.40,3.20
2009.03.24 03:16:24.397,0.8,0.8003,1.00,3.20
2009.03.24 03:16:25.727,0.79995,0.8003,1.40,3.20
2009.03.24 03:16:29.216,0.7999,0.8003,4.20,3.20
2009.03.24 03:16:30.775,0.7999,0.8003,2.80,3.20
2009.03.24 03:16:31.275,0.79995,0.8003,2.80,3.20
2009.03.24 03:16:31.745,0.79995,0.8003,2.80,3.00
2009.03.24 03:16:33.945,0.8,0.8003,2.80,3.00
2009.03.24 03:16:34.115,0.8,0.8004,2.80,6.20
2009.03.24 03:16:34.745,0.79995,0.80035,2.80,3.20
2009.03.24 03:16:35.034,0.79995,0.8004,2.80,6.20
2009.03.24 03:16:35.444,0.8,0.8004,2.80,6.20
2009.03.24 03:16:36.085,0.8,0.80035,2.80,3.20
2009.03.24 03:16:36.254,0.79995,0.80035,2.80,3.20
2009.03.24 03:16:37.694,0.79995,0.8003,2.80,3.20
2009.03.24 03:16:38.154,0.7999,0.8003,2.80,3.20
2009.03.24 03:16:38.334,0.7999,0.80025,2.80,3.20
2009.03.24 03:16:38.684,0.79985,0.80025,2.80,3.20
2009.03.24 03:16:38.904,0.7999,0.8003,2.80,4.00
2009.03.24 03:16:39.313,0.79985,0.80025,2.80,3.20
2009.03.24 03:16:40.163,0.79985,0.8003,2.80,6.20
2009.03.24 03:16:40.343,0.7999,0.8003,2.80,6.20
2009.03.24 03:17:07.836,0.7999,0.8003,2.80,4.00
2009.03.24 03:17:32.091,0.79985,0.8003,2.80,6.20
2009.03.24 03:17:32.550,0.7999,0.8003,2.80,6.20
2009.03.24 03:17:48.876,0.7999,0.80025,2.80,3.20
2009.03.24 03:17:49.107,0.79985,0.80025,2.80,3.20
2009.03.24 03:17:49.646,0.7998,0.80025,5.40,3.20
2009.03.24 03:17:51.636,0.79985,0.80025,2.80,3.20
2009.03.24 03:17:54.635,0.7998,0.80025,5.40,3.20
2009.03.24 03:18:04.523,0.7999,0.80025,2.80,3.20
2009.03.24 03:18:29.257,0.7999,0.8002,2.80,3.20
2009.03.24 03:18:29.597,0.79985,0.8002,2.80,3.20
2009.03.24 03:18:29.707,0.7998,0.8002,5.40,3.20
2009.03.24 03:18:29.976,0.79985,0.8002,2.80,3.20
2009.03.24 03:18:35.815,0.7999,0.8002,2.80,3.20
2009.03.24 03:18:39.844,0.79985,0.8002,2.80,3.20
2009.03.24 03:18:40.334,0.7999,0.8002,2.80,3.20
2009.03.24 03:18:41.184,0.79985,0.8002,2.80,3.20
2009.03.24 03:18:41.574,0.7999,0.8002,2.80,3.20
2009.03.24 03:18:47.942,0.79985,0.8002,2.80,3.20
2009.03.24 03:18:48.282,0.7998,0.8002,5.40,3.20
2009.03.24 03:18:54.910,0.7998,0.8003,5.40,6.20
2009.03.24 03:18:55.181,0.79985,0.8003,2.80,6.20
2009.03.24 03:18:55.660,0.79985,0.8002,2.80,3.20
2009.03.24 03:18:55.830,0.7999,0.8002,1.00,3.20
2009.03.24 03:18:57.360,0.7998,0.8001,2.40,3.20
2009.03.24 03:18:57.750,0.79975,0.8001,4.20,3.20
2009.03.24 03:19:02.729,0.79975,0.80015,4.20,3.20
2009.03.24 03:19:03.018,0.7998,0.80015,2.80,3.20
2009.03.24 03:19:04.298,0.7998,0.8001,2.80,3.20
2009.03.24 03:19:04.418,0.7998,0.8001,2.40,3.20
2009.03.24 03:19:04.768,0.79975,0.8001,4.20,3.20
2009.03.24 03:19:05.048,0.79975,0.80015,4.20,3.20
2009.03.24 03:19:05.218,0.7998,0.80015,2.80,3.20
2009.03.24 03:19:23.184,0.7998,0.8001,2.80,3.20
2009.03.24 03:19:23.714,0.7998,0.8001,2.40,3.20
2009.03.24 03:19:23.773,0.79975,0.8001,4.20,3.20
2009.03.24 03:19:25.483,0.79975,0.80015,4.20,3.20
2009.03.24 03:19:25.543,0.7998,0.80015,2.80,3.20
2009.03.24 03:19:43.979,0.7998,0.8002,2.80,3.20
2009.03.24 03:19:48.637,0.79975,0.8002,4.20,3.20
2009.03.24 03:19:48.798,0.79975,0.80015,4.20,3.20
2009.03.24 03:20:01.184,0.79975,0.8002,4.20,3.20
2009.03.24 03:20:01.244,0.79985,0.8002,1.40,3.20
2009.03.24 03:20:14.791,0.79985,0.80015,1.40,3.20
2009.03.24 03:20:14.911,0.79985,0.8001,1.40,3.20
2009.03.24 03:20:15.261,0.7998,0.8001,2.40,3.20
2009.03.24 03:20:15.661,0.7998,0.80015,2.40,3.20
2009.03.24 03:20:15.831,0.79975,0.80015,4.20,3.20
2009.03.24 03:20:16.361,0.79975,0.8002,4.20,3.20
2009.03.24 03:20:21.890,0.7999,0.8002,1.00,3.20
2009.03.24 03:20:22.189,0.7999,0.80025,1.00,3.20
2009.03.24 03:20:22.419,0.7999,0.80025,2.40,3.20
2009.03.24 03:20:22.879,0.79985,0.80025,4.20,3.20
2009.03.24 03:20:23.419,0.79985,0.8002,4.20,3.20
2009.03.24 03:20:23.629,0.7999,0.8002,2.40,3.20
2009.03.24 03:20:25.929,0.7999,0.8002,1.00,3.20
2009.03.24 03:20:27.958,0.7998,0.8002,5.40,3.20
2009.03.24 03:20:30.728,0.7999,0.8002,1.00,3.20
2009.03.24 03:20:38.006,0.7999,0.8002,1.00,3.20
2009.03.24 03:20:45.994,0.7998,0.8002,5.40,3.20
2009.03.24 03:20:46.054,0.7998,0.80025,5.40,3.20
2009.03.24 03:20:46.274,0.7999,0.80025,2.40,3.20
2009.03.24 03:20:48.073,0.79995,0.80025,1.40,3.20
2009.03.24 03:20:48.773,0.79995,0.8003,1.40,3.20
2009.03.24 03:20:58.850,0.8,0.8003,1.00,3.20
2009.03.24 03:21:01.440,0.8,0.80035,1.00,3.20
2009.03.24 03:21:01.710,0.7999,0.80035,5.40,3.20
2009.03.24 03:21:04.069,0.7999,0.8003,5.40,3.20
2009.03.24 03:21:04.359,0.8,0.8003,1.00,3.20
2009.03.24 03:21:05.889,0.8,0.80035,1.00,3.20
2009.03.24 03:21:08.918,0.7999,0.80035,5.40,3.20
2009.03.24 03:21:11.048,0.79995,0.80035,2.80,3.20
2009.03.24 03:21:11.687,0.7999,0.80035,5.40,3.20
2009.03.24 03:21:27.463,0.8,0.80035,2.40,3.20
2009.03.24 03:21:34.622,0.79995,0.80035,4.20,3.20
2009.03.24 03:21:45.239,0.79995,0.8003,4.20,3.20
2009.03.24 03:21:45.289,0.8,0.8003,2.40,3.20
2009.03.24 03:21:54.877,0.7999,0.8003,5.40,3.20
2009.03.24 03:22:15.742,0.8,0.8003,1.00,3.20
2009.03.24 03:22:44.845,0.8,0.80035,1.00,3.20
2009.03.24 03:22:44.955,0.8,0.8003,1.00,3.20
2009.03.24 03:22:45.355,0.7999,0.8003,5.40,3.20
2009.03.24 03:22:57.362,0.8,0.8003,1.00,3.20
2009.03.24 03:22:57.882,0.7999,0.8003,5.40,3.20
2009.03.24 03:22:58.122,0.8,0.8003,1.00,3.20
2009.03.24 03:22:58.421,0.7999,0.8003,5.40,3.20
2009.03.24 03:23:00.641,0.8,0.8003,1.00,3.20
2009.03.24 03:23:01.251,0.7999,0.8003,5.40,3.20
2009.03.24 03:23:01.811,0.8,0.8003,1.00,3.20
2009.03.24 03:23:01.980,0.7999,0.8003,5.40,3.20
2009.03.24 03:23:03.620,0.7999,0.80035,5.40,3.20
2009.03.24 03:23:04.140,0.8,0.8003,1.00,3.20
2009.03.24 03:23:04.760,0.7999,0.8003,5.40,3.20
2009.03.24 03:23:04.880,0.8,0.8003,1.00,3.20
2009.03.24 03:23:08.849,0.7999,0.8003,5.40,3.20
2009.03.24 03:23:10.269,0.7999,0.80025,5.40,3.20
2009.03.24 03:23:10.549,0.8,0.80025,1.00,3.20
2009.03.24 03:23:10.838,0.7999,0.80025,5.40,3.20
2009.03.24 03:23:19.077,0.7999,0.8002,2.80,3.20
2009.03.24 03:23:19.946,0.79985,0.8002,4.20,3.20
2009.03.24 03:23:20.326,0.7999,0.8002,2.80,3.20
2009.03.24 03:23:35.952,0.79985,0.8002,4.20,3.20
2009.03.24 03:23:36.942,0.7999,0.8002,2.80,3.20
2009.03.24 03:23:41.691,0.7999,0.8002,2.40,3.20
2009.03.24 03:23:43.091,0.7999,0.8003,2.40,3.40
2009.03.24 03:23:43.211,0.79985,0.8003,4.20,3.20
2009.03.24 03:23:43.441,0.7999,0.8003,2.80,3.20
2009.03.24 03:23:43.560,0.7999,0.8003,5.40,3.20
2009.03.24 03:23:52.248,0.7999,0.80035,5.40,3.20
2009.03.24 03:23:52.298,0.8,0.80035,2.40,3.20
2009.03.24 03:23:52.988,0.8,0.8004,2.40,3.20
2009.03.24 03:23:53.288,0.79995,0.8004,4.20,3.20
2009.03.24 03:23:57.727,0.80005,0.8004,1.40,3.20
2009.03.24 03:23:58.027,0.8001,0.8004,1.00,3.20
2009.03.24 03:24:00.826,0.8001,0.80035,1.00,3.20
2009.03.24 03:24:05.245,0.80005,0.80035,1.40,3.20
2009.03.24 03:24:05.655,0.80005,0.80045,1.40,3.40
2009.03.24 03:24:05.765,0.8,0.80045,4.20,3.20
2009.03.24 03:24:05.815,0.8,0.80045,5.40,3.20
2009.03.24 03:24:05.995,0.8001,0.80045,2.40,3.20
2009.03.24 03:24:09.384,0.8001,0.8005,2.40,3.20
2009.03.24 03:24:09.784,0.80005,0.8005,4.20,3.20
2009.03.24 03:24:10.564,0.80015,0.8005,1.40,3.20
2009.03.24 03:24:10.854,0.8002,0.8005,1.00,3.20
2009.03.24 03:24:14.743,0.8002,0.80055,1.00,3.20
2009.03.24 03:24:14.903,0.8001,0.80055,5.40,3.20
2009.03.24 03:24:15.593,0.8001,0.8005,5.40,3.20
2009.03.24 03:24:15.713,0.8002,0.8005,1.00,3.20
2009.03.24 03:24:16.242,0.8001,0.8005,4.00,3.20
2009.03.24 03:24:23.531,0.8001,0.8005,2.80,3.20
2009.03.24 03:24:48.005,0.8001,0.80045,2.80,3.20
2009.03.24 03:24:48.225,0.8001,0.80045,2.40,3.20
2009.03.24 03:24:48.665,0.8001,0.80045,2.80,3.20
2009.03.24 03:24:48.895,0.8001,0.8005,2.80,3.20
2009.03.24 03:24:52.384,0.8001,0.80045,2.80,3.20
2009.03.24 03:24:52.604,0.8001,0.80045,2.40,3.20
2009.03.24 03:24:52.954,0.8001,0.80045,2.80,3.20
2009.03.24 03:25:12.529,0.8001,0.8005,2.80,3.20
2009.03.24 03:25:12.649,0.8001,0.8005,4.00,3.20
2009.03.24 03:25:12.769,0.8001,0.8005,5.40,3.20
2009.03.24 03:25:18.818,0.80025,0.8006,1.40,5.20
2009.03.24 03:25:18.928,0.8002,0.8006,4.20,5.20
2009.03.24 03:25:19.038,0.8002,0.8006,4.20,3.20
2009.03.24 03:25:21.177,0.8002,0.80055,4.20,3.20
2009.03.24 03:25:21.467,0.80015,0.80055,2.80,3.20
2009.03.24 03:25:59.598,0.8003,0.80065,1.00,3.20
2009.03.24 03:26:02.217,0.80025,0.8007,1.40,3.20
2009.03.24 03:26:02.547,0.8002,0.8006,5.40,2.00
2009.03.24 03:26:02.837,0.80015,0.80055,4.20,3.20
2009.03.24 03:26:03.187,0.8001,0.80055,5.40,3.20
2009.03.24 03:26:03.516,0.80015,0.80055,2.80,3.20
2009.03.24 03:26:08.595,0.80015,0.8006,2.80,6.20
2009.03.24 03:26:09.535,0.80015,0.8006,4.20,5.20
2009.03.24 03:26:09.815,0.80015,0.8006,4.20,3.20
2009.03.24 03:26:16.833,0.80015,0.80055,4.20,3.20
2009.03.24 03:26:16.953,0.80015,0.80055,2.80,3.20
2009.03.24 03:26:17.183,0.8001,0.80055,5.40,3.20
2009.03.24 03:26:17.464,0.80015,0.80055,2.80,3.20
2009.03.24 03:26:21.942,0.8001,0.80055,5.40,3.20
2009.03.24 03:26:23.732,0.80015,0.80055,2.80,3.20
2009.03.24 03:26:23.902,0.8001,0.80055,5.40,3.20
2009.03.24 03:26:24.372,0.80015,0.80055,2.80,3.20
2009.03.24 03:26:44.756,0.8001,0.80055,5.40,3.20
2009.03.24 03:26:46.236,0.8001,0.8005,5.40,3.20
2009.03.24 03:26:46.296,0.8001,0.8005,4.00,3.20
2009.03.24 03:26:46.466,0.80005,0.8005,4.20,3.20
2009.03.24 03:26:46.986,0.80005,0.8005,2.80,4.00
2009.03.24 03:26:47.046,0.80005,0.80045,2.80,1.20
2009.03.24 03:26:47.546,0.80005,0.8005,2.80,4.00
2009.03.24 03:26:48.006,0.80005,0.8005,4.20,3.00
2009.03.24 03:26:48.526,0.8001,0.8005,2.80,3.00
2009.03.24 03:27:06.411,0.8001,0.8006,4.20,6.40
2009.03.24 03:27:21.908,0.8001,0.8006,4.20,3.20
2009.03.24 03:27:22.188,0.8001,0.8006,5.40,3.20
2009.03.24 03:27:22.408,0.8001,0.8006,5.40,6.40
2009.03.24 03:27:22.628,0.80015,0.8006,2.80,6.20
2009.03.24 03:27:22.917,0.8001,0.8006,5.40,6.40
2009.03.24 03:27:39.853,0.8001,0.8006,5.40,3.20
2009.03.24 03:27:40.253,0.80015,0.8005,2.80,2.00
2009.03.24 03:27:40.533,0.80015,0.8006,4.20,3.00
2009.03.24 03:27:51.841,0.80015,0.80065,4.20,4.00
2009.03.24 03:27:51.950,0.8002,0.80065,2.40,4.40
2009.03.24 03:27:52.290,0.80015,0.80065,4.20,4.00
2009.03.24 03:27:52.450,0.80015,0.8006,4.20,3.00
2009.03.24 03:27:55.519,0.80025,0.8007,1.40,6.40
2009.03.24 03:27:55.569,0.8003,0.8007,1.00,6.40
2009.03.24 03:27:55.809,0.80025,0.8007,2.80,6.20
2009.03.24 03:27:56.029,0.80025,0.8006,4.20,2.00
2009.03.24 03:27:56.209,0.80025,0.8007,4.20,3.00
2009.03.24 03:27:56.379,0.8003,0.8007,2.80,3.00
2009.03.24 03:28:06.947,0.8003,0.8007,2.80,3.20
2009.03.24 03:28:07.247,0.80025,0.8007,4.20,3.20
2009.03.24 03:28:12.476,0.80025,0.80075,4.20,4.00
2009.03.24 03:28:15.884,0.80025,0.8007,4.20,3.00
2009.03.24 03:28:16.334,0.8003,0.8007,2.80,3.00
2009.03.24 03:28:22.013,0.8003,0.80075,2.80,4.00
2009.03.24 03:28:22.193,0.80025,0.80075,4.20,4.00
2009.03.24 03:28:23.093,0.80025,0.80065,2.80,1.20
2009.03.24 03:28:51.526,0.80035,0.8008,1.40,3.20
2009.03.24 03:28:51.586,0.80035,0.8007,2.80,2.00
2009.03.24 03:28:56.475,0.80035,0.8007,4.20,2.00
2009.03.24 03:28:56.944,0.8004,0.8008,2.80,3.00
2009.03.24 03:29:04.853,0.8004,0.8008,4.00,3.00
2009.03.24 03:29:06.632,0.8004,0.8008,2.80,3.00
2009.03.24 03:29:14.060,0.8004,0.80085,2.80,4.00
2009.03.24 03:29:14.350,0.80035,0.80085,4.20,4.00
2009.03.24 03:29:15.180,0.80035,0.80075,2.80,1.20
2009.03.24 03:29:15.460,0.80035,0.8007,2.80,2.00
2009.03.24 03:29:18.399,0.80035,0.8008,2.80,6.20
2009.03.24 03:29:18.979,0.8003,0.8008,5.40,6.20
2009.03.24 03:29:21.609,0.8004,0.80075,1.00,3.20
2009.03.24 03:29:24.138,0.8004,0.8008,1.00,6.40
2009.03.24 03:29:24.488,0.8003,0.8007,5.40,2.00
2009.03.24 03:29:24.728,0.80035,0.8007,2.80,2.00
2009.03.24 03:29:25.128,0.80035,0.8008,2.80,6.20
2009.03.24 03:29:25.368,0.8003,0.8008,5.40,6.20
2009.03.24 03:29:25.488,0.8003,0.8007,5.40,2.00
2009.03.24 03:29:25.768,0.80035,0.8007,2.80,2.00
2009.03.24 03:29:28.447,0.80035,0.80085,4.20,4.00
2009.03.24 03:29:29.986,0.80035,0.8008,4.20,3.00
2009.03.24 03:29:30.217,0.8004,0.8008,2.80,3.00
2009.03.24 03:29:30.446,0.8004,0.8008,4.20,2.00
2009.03.24 03:29:30.616,0.8004,0.8008,5.40,2.00
2009.03.24 03:29:32.087,0.80045,0.8008,2.80,2.00
2009.03.24 03:29:32.446,0.80045,0.80085,2.80,1.20
2009.03.24 03:29:34.146,0.8005,0.8009,4.20,2.00
2009.03.24 03:29:34.605,0.8005,0.8009,5.40,2.00
2009.03.24 03:29:35.675,0.80055,0.8009,2.80,2.00
2009.03.24 03:29:35.785,0.80055,0.8009,4.20,2.00
2009.03.24 03:29:35.895,0.80055,0.80105,4.20,4.00
2009.03.24 03:29:36.505,0.80065,0.80105,1.40,3.20
2009.03.24 03:29:37.025,0.80065,0.8011,1.40,6.40
2009.03.24 03:29:37.245,0.8006,0.8011,4.20,6.20
2009.03.24 03:29:39.094,0.80065,0.8011,2.80,6.20
2009.03.24 03:29:41.494,0.80065,0.80105,2.80,3.20
2009.03.24 03:29:41.664,0.8006,0.80105,4.20,3.20
2009.03.24 03:29:42.943,0.8006,0.8011,4.20,6.20
2009.03.24 03:29:43.124,0.80065,0.8011,2.80,6.20
2009.03.24 03:29:48.512,0.80065,0.801,2.80,2.00
2009.03.24 03:29:48.922,0.8007,0.801,2.80,2.00
2009.03.24 03:29:49.092,0.8007,0.80105,2.80,3.20
2009.03.24 03:29:49.332,0.8006,0.80105,5.40,3.20
2009.03.24 03:29:49.512,0.8007,0.80105,1.00,3.40
2009.03.24 03:29:49.692,0.8007,0.80105,2.40,3.40
2009.03.24 03:29:54.370,0.8008,0.8012,2.40,3.40
2009.03.24 03:29:54.781,0.8009,0.80125,1.00,4.40
2009.03.24 03:29:54.961,0.8009,0.80125,1.00,3.40
2009.03.24 03:29:55.260,0.8009,0.80125,1.00,3.20
2009.03.24 03:29:55.420,0.8009,0.80125,2.40,3.20
2009.03.24 03:29:57.320,0.8009,0.80125,1.00,3.20
2009.03.24 03:30:00.979,0.8009,0.8011,1.00,3.20
2009.03.24 03:30:01.089,0.8009,0.801,1.00,3.20
2009.03.24 03:30:01.199,0.8007,0.801,2.40,3.20
2009.03.24 03:30:01.859,0.8007,0.801,1.00,3.20
2009.03.24 03:30:02.139,0.80055,0.801,3.00,3.40
2009.03.24 03:30:02.259,0.80055,0.801,3.00,2.20
2009.03.24 03:30:02.429,0.8006,0.801,2.40,2.20
2009.03.24 03:30:03.488,0.8006,0.80105,2.40,3.40
2009.03.24 03:30:04.128,0.80055,0.8011,4.20,3.20
2009.03.24 03:30:04.638,0.8006,0.801,5.40,2.00
2009.03.24 03:30:04.808,0.8007,0.801,2.80,2.00
2009.03.24 03:30:05.258,0.8007,0.8011,2.80,3.00
2009.03.24 03:30:05.999,0.8008,0.8012,2.40,3.20
2009.03.24 03:30:06.228,0.80085,0.8012,1.40,2.20
2009.03.24 03:30:06.468,0.8009,0.8012,1.00,2.20
2009.03.24 03:30:06.808,0.8009,0.8013,1.00,3.20
2009.03.24 03:30:07.087,0.8009,0.8012,1.00,3.00
2009.03.24 03:30:07.738,0.80085,0.8012,1.40,3.00
2009.03.24 03:30:08.197,0.80085,0.80125,1.40,4.00
2009.03.24 03:30:08.538,0.80085,0.80125,1.40,4.40
2009.03.24 03:30:09.807,0.8008,0.80125,2.40,4.40
2009.03.24 03:30:09.917,0.8008,0.80115,2.40,3.20
2009.03.24 03:30:10.077,0.8008,0.80115,1.00,4.40
2009.03.24 03:30:10.357,0.8008,0.8011,1.00,3.00
2009.03.24 03:30:10.657,0.8007,0.8011,5.40,3.00
2009.03.24 03:30:10.877,0.8007,0.8011,4.20,3.00
2009.03.24 03:30:11.097,0.8007,0.8011,2.40,3.00
2009.03.24 03:30:11.337,0.8007,0.8011,2.80,3.00
2009.03.24 03:30:11.786,0.8007,0.8011,2.40,3.00
2009.03.24 03:30:12.806,0.8006,0.80105,5.40,1.20
2009.03.24 03:30:13.916,0.8007,0.8011,2.40,3.00
2009.03.24 03:30:14.316,0.80065,0.8011,4.20,3.00
2009.03.24 03:30:14.436,0.80065,0.8012,4.20,6.40
2009.03.24 03:30:14.666,0.80065,0.8012,4.20,3.20
2009.03.24 03:30:14.836,0.80065,0.8011,4.20,3.00
2009.03.24 03:30:16.555,0.80065,0.801,2.80,2.00
2009.03.24 03:30:16.845,0.8006,0.801,5.40,2.00
2009.03.24 03:30:19.035,0.8007,0.8011,1.00,6.40
2009.03.24 03:30:19.325,0.8006,0.801,1.00,3.20
2009.03.24 03:30:19.505,0.8006,0.8009,1.00,3.00
2009.03.24 03:30:19.735,0.8005,0.8009,2.40,3.00
2009.03.24 03:30:24.063,0.80045,0.8009,4.20,3.00
2009.03.24 03:30:28.023,0.80055,0.801,1.40,3.20
2009.03.24 03:30:28.142,0.8005,0.8009,4.20,2.00
2009.03.24 03:30:34.871,0.80055,0.801,1.40,3.20
2009.03.24 03:30:36.331,0.80045,0.8009,4.20,3.00
2009.03.24 03:30:36.560,0.8005,0.8009,2.40,3.00
2009.03.24 03:30:40.879,0.8004,0.8009,4.00,2.00
2009.03.24 03:30:41.589,0.8004,0.8009,2.80,2.00
2009.03.24 03:30:53.176,0.80035,0.80085,2.80,1.20
2009.03.24 03:30:53.677,0.80035,0.8008,2.80,2.00
2009.03.24 03:30:57.105,0.8003,0.8008,2.80,2.00
2009.03.24 03:30:57.626,0.80025,0.8008,2.80,2.20
2009.03.24 03:31:00.525,0.8003,0.8008,2.80,2.00
2009.03.24 03:31:06.193,0.80025,0.8008,4.20,2.20
2009.03.24 03:31:07.813,0.8003,0.8008,2.80,2.00
2009.03.24 03:31:09.082,0.80035,0.80085,2.80,1.20
2009.03.24 03:31:12.832,0.80035,0.80085,2.80,1.00
2009.03.24 03:31:16.011,0.80025,0.8008,4.20,1.00
2009.03.24 03:31:16.351,0.8003,0.8008,2.80,2.00
2009.03.24 03:31:20.350,0.80035,0.8008,2.80,2.00
2009.03.24 03:31:24.299,0.80025,0.8008,2.80,2.20
2009.03.24 03:31:25.349,0.80025,0.8008,4.20,2.20
2009.03.24 03:31:25.399,0.8003,0.8008,2.80,2.00
2009.03.24 03:31:32.467,0.80025,0.8008,4.20,2.20
2009.03.24 03:31:40.815,0.8002,0.80075,5.40,1.00
2009.03.24 03:31:42.145,0.8003,0.80085,2.80,3.40
2009.03.24 03:31:42.434,0.8003,0.80085,2.80,4.40
2009.03.24 03:31:47.063,0.8003,0.80085,2.80,3.40
2009.03.24 03:31:49.243,0.8003,0.80085,2.80,1.20
2009.03.24 03:31:49.693,0.80035,0.80085,2.80,1.20
2009.03.24 03:31:51.092,0.80035,0.80085,2.80,1.00
2009.03.24 03:32:06.219,0.8003,0.80085,2.80,1.00
2009.03.24 03:32:08.619,0.80035,0.80085,2.80,1.00
2009.03.24 03:32:14.507,0.8003,0.80085,2.80,1.00
2009.03.24 03:32:22.945,0.80035,0.80085,2.80,1.00
2009.03.24 03:32:32.772,0.8003,0.80085,2.80,1.00
2009.03.24 03:32:34.722,0.80025,0.8008,2.80,1.00
2009.03.24 03:32:49.528,0.8003,0.80085,2.80,10.20
2009.03.24 03:32:49.818,0.8003,0.80085,2.80,8.20
2009.03.24 03:32:49.988,0.8003,0.80085,2.80,1.00
2009.03.24 03:32:56.057,0.80025,0.8008,2.80,1.00
2009.03.24 03:33:13.732,0.8003,0.80085,2.80,10.20
2009.03.24 03:33:13.912,0.8003,0.80085,2.80,1.00
2009.03.24 03:33:20.621,0.8003,0.80085,2.80,1.20
2009.03.24 03:33:20.901,0.8003,0.80085,2.80,3.40
2009.03.24 03:33:21.021,0.80025,0.8008,2.80,1.00
2009.03.24 03:33:21.421,0.80025,0.8008,2.80,2.20
2009.03.24 03:33:40.706,0.8002,0.80075,2.80,1.00
2009.03.24 03:33:41.556,0.80025,0.8008,2.80,10.20
2009.03.24 03:33:41.856,0.80025,0.8008,2.80,2.20
2009.03.24 03:33:50.593,0.8002,0.80075,2.80,1.00
2009.03.24 03:34:07.230,0.8001,0.80065,2.80,1.00
2009.03.24 03:34:07.459,0.80015,0.8007,2.80,1.00
2009.03.24 03:34:08.499,0.8002,0.80075,2.80,1.00
2009.03.24 03:34:10.309,0.80015,0.8007,2.80,1.00
2009.03.24 03:34:16.047,0.8002,0.8007,2.80,1.00
2009.03.24 03:34:18.626,0.8002,0.80075,2.80,1.00
2009.03.24 03:34:22.006,0.8003,0.80085,2.80,3.40
2009.03.24 03:34:27.724,0.8003,0.80075,2.80,3.20
2009.03.24 03:34:27.785,0.8001,0.80065,12.00,1.00
2009.03.24 03:34:28.024,0.8001,0.8006,2.80,1.00
2009.03.24 03:34:28.515,0.80015,0.8007,2.80,1.00
2009.03.24 03:34:37.653,0.8002,0.80075,2.80,1.00
2009.03.24 03:34:42.141,0.8002,0.8007,2.80,1.00
2009.03.24 03:34:42.431,0.8002,0.80075,2.80,1.00
2009.03.24 03:34:47.670,0.80025,0.80075,1.60,1.00
2009.03.24 03:34:47.780,0.8004,0.80075,9.00,1.00
2009.03.24 03:34:48.059,0.80045,0.8009,2.80,3.20
2009.03.24 03:34:48.289,0.8005,0.8009,2.80,3.20
2009.03.24 03:34:53.268,0.8004,0.8009,2.80,3.20
2009.03.24 03:34:53.708,0.80045,0.8009,2.80,3.20
2009.03.24 03:35:10.414,0.80045,0.80085,2.80,3.20
2009.03.24 03:35:11.404,0.80045,0.8008,2.80,3.20
2009.03.24 03:35:11.624,0.80035,0.8008,2.80,3.20
2009.03.24 03:35:12.034,0.8004,0.80085,2.80,3.20
2009.03.24 03:35:17.793,0.8004,0.8009,2.80,3.20
2009.03.24 03:35:17.972,0.80045,0.8009,2.80,3.20
2009.03.24 03:36:01.532,0.80045,0.80085,2.80,3.20
2009.03.24 03:36:01.832,0.80035,0.80085,2.80,3.20
2009.03.24 03:36:08.680,0.80035,0.8008,2.80,3.20
2009.03.24 03:36:09.010,0.80035,0.80075,2.80,3.20
2009.03.24 03:36:09.310,0.8003,0.80075,2.80,3.20
2009.03.24 03:36:47.701,0.8003,0.8008,2.80,3.40
2009.03.24 03:36:47.921,0.8003,0.8008,2.80,3.20
2009.03.24 03:36:50.100,0.8003,0.80075,2.80,3.20
2009.03.24 03:36:50.220,0.8003,0.8008,2.80,3.40
2009.03.24 03:36:50.500,0.8003,0.8008,2.80,3.20
2009.03.24 03:36:52.329,0.8003,0.80075,2.80,3.20
2009.03.24 03:36:56.948,0.8003,0.8008,2.80,3.20
2009.03.24 03:36:57.788,0.80035,0.80085,2.80,3.20
2009.03.24 03:37:15.544,0.80035,0.8008,2.80,3.20
2009.03.24 03:37:15.654,0.8003,0.8008,2.80,3.20
2009.03.24 03:37:28.331,0.8003,0.8008,2.80,4.00
2009.03.24 03:37:29.440,0.8003,0.8007,2.80,3.20
2009.03.24 03:37:33.569,0.8003,0.80075,2.80,3.20
2009.03.24 03:37:38.938,0.8003,0.8007,2.80,3.20
2009.03.24 03:37:42.687,0.8003,0.80075,2.80,3.20
2009.03.24 03:37:54.625,0.8003,0.8007,2.80,3.20
2009.03.24 03:38:26.247,0.8003,0.8008,2.80,3.20
2009.03.24 03:38:26.467,0.80035,0.80085,2.80,4.00
2009.03.24 03:38:26.877,0.80035,0.80085,2.80,3.20
2009.03.24 03:39:01.518,0.80035,0.8008,2.80,3.20
2009.03.24 03:39:01.728,0.8003,0.80075,2.80,3.20
2009.03.24 03:39:06.907,0.8003,0.8008,2.80,3.40
2009.03.24 03:39:07.367,0.8003,0.8008,2.80,3.20
2009.03.24 03:39:14.205,0.8003,0.80075,2.80,3.20
2009.03.24 03:39:42.008,0.8003,0.8007,2.80,3.20
2009.03.24 03:39:51.976,0.8003,0.80075,2.80,3.20
2009.03.24 03:40:01.384,0.8003,0.8007,2.80,3.20
2009.03.24 03:40:01.683,0.80025,0.8007,2.80,3.20
2009.03.24 03:40:05.813,0.80025,0.8007,2.80,3.20
2009.03.24 03:40:07.022,0.8003,0.80075,2.80,3.20
2009.03.24 03:40:23.548,0.8003,0.8007,2.80,3.20
2009.03.24 03:40:27.877,0.8003,0.80075,2.80,3.20
2009.03.24 03:40:32.026,0.8003,0.8007,2.80,3.20
2009.03.24 03:40:33.466,0.80025,0.8007,2.80,3.20
2009.03.24 03:41:19.894,0.8003,0.8007,2.80,3.20
2009.03.24 03:41:24.984,0.80025,0.8007,2.80,3.20
2009.03.24 03:41:34.941,0.80025,0.80065,2.80,3.20
2009.03.24 03:41:35.061,0.8002,0.80065,2.80,3.20
2009.03.24 03:41:35.481,0.80015,0.80065,2.80,3.20
2009.03.24 03:41:36.270,0.80015,0.80065,2.80,4.00
2009.03.24 03:41:36.610,0.80015,0.8006,2.80,3.20
2009.03.24 03:41:40.680,0.80015,0.80065,2.80,4.00
2009.03.24 03:41:45.118,0.80015,0.8006,2.80,3.20
2009.03.24 03:41:53.096,0.80015,0.80065,2.80,4.00
2009.03.24 03:42:00.195,0.8001,0.8006,2.80,3.20
2009.03.24 03:42:00.784,0.8001,0.80065,2.80,4.40
2009.03.24 03:42:01.235,0.80015,0.80065,2.80,4.00
2009.03.24 03:42:10.342,0.8002,0.80065,2.80,3.20
2009.03.24 03:42:10.762,0.80015,0.80065,2.80,3.20
2009.03.24 03:42:35.436,0.8002,0.80065,2.80,3.20
2009.03.24 03:42:40.675,0.8002,0.8006,2.80,3.20
2009.03.24 03:42:41.015,0.8001,0.8006,2.80,3.20
2009.03.24 03:43:02.370,0.8001,0.8005,2.80,3.20
2009.03.24 03:43:02.950,0.80005,0.8005,2.80,3.20
2009.03.24 03:43:14.197,0.79995,0.80045,2.80,3.20
2009.03.24 03:43:16.706,0.7999,0.80045,2.80,3.40
2009.03.24 03:43:16.946,0.7999,0.80035,2.80,3.20
2009.03.24 03:43:22.275,0.79995,0.80045,2.80,4.00
2009.03.24 03:43:22.565,0.79995,0.8004,2.80,3.20
2009.03.24 03:43:23.195,0.7999,0.8004,2.80,3.20
2009.03.24 03:43:24.464,0.7999,0.80035,2.80,3.20
2009.03.24 03:43:34.842,0.7999,0.8004,2.80,6.40
2009.03.24 03:43:34.952,0.7999,0.8004,2.80,5.40
2009.03.24 03:43:35.352,0.7999,0.8004,2.80,5.20
2009.03.24 03:43:35.472,0.79995,0.80045,2.80,4.00
2009.03.24 03:43:36.271,0.79995,0.80045,2.80,3.20
2009.03.24 03:43:52.898,0.8,0.80045,2.80,3.20
2009.03.24 03:43:54.268,0.79995,0.80045,2.80,3.20
2009.03.24 03:43:55.997,0.8,0.80045,2.80,3.20
2009.03.24 03:44:21.301,0.80005,0.8004,2.80,2.00
2009.03.24 03:44:21.351,0.80005,0.80045,2.80,1.20
2009.03.24 03:44:21.751,0.8001,0.80045,2.80,1.20
2009.03.24 03:44:21.811,0.8001,0.80055,2.80,4.00
2009.03.24 03:44:24.190,0.8001,0.80055,2.80,3.20
2009.03.24 03:45:21.496,0.8001,0.80055,1.00,3.20
2009.03.24 03:45:27.925,0.8001,0.8005,1.00,3.20
2009.03.24 03:45:28.324,0.80005,0.8005,2.80,3.20
2009.03.24 03:45:29.124,0.80005,0.80055,2.80,3.20
2009.03.24 03:46:00.897,0.8001,0.8006,2.80,3.40
2009.03.24 03:46:10.004,0.8001,0.80055,2.80,3.20
2009.03.24 03:46:10.184,0.80005,0.80055,4.20,3.20
2009.03.24 03:46:10.634,0.80005,0.80055,2.80,3.20
2009.03.24 03:46:17.203,0.80005,0.80045,2.80,3.20
2009.03.24 03:46:17.322,0.80005,0.8005,2.80,3.20
2009.03.24 03:46:17.492,0.8,0.8005,2.80,3.40
2009.03.24 03:46:17.932,0.80005,0.8005,2.80,3.20
2009.03.24 03:46:40.727,0.80005,0.8005,2.80,3.20
2009.03.24 03:46:41.747,0.8001,0.80055,2.80,3.20
2009.03.24 03:46:51.724,0.8001,0.8005,2.80,3.20
2009.03.24 03:46:51.844,0.80005,0.8005,4.20,3.20
2009.03.24 03:46:52.364,0.80005,0.80055,4.20,3.40
2009.03.24 03:46:52.474,0.80005,0.80055,2.80,3.40
2009.03.24 03:46:52.594,0.8001,0.80055,2.80,3.20
2009.03.24 03:46:53.574,0.80015,0.8006,2.80,3.20
2009.03.24 03:46:55.613,0.80015,0.80055,2.80,3.20
2009.03.24 03:46:56.113,0.8001,0.80055,2.80,3.20
2009.03.24 03:46:58.902,0.8001,0.8006,2.80,3.20
2009.03.24 03:46:59.362,0.80015,0.8006,2.80,3.20
2009.03.24 03:47:06.631,0.80015,0.8005,2.80,3.20
2009.03.24 03:47:06.871,0.8001,0.8005,5.40,3.20
2009.03.24 03:47:07.440,0.8001,0.8005,2.80,3.20
2009.03.24 03:47:18.798,0.8001,0.80055,2.80,3.20
2009.03.24 03:47:26.616,0.8001,0.80055,4.20,3.20
2009.03.24 03:47:26.955,0.80015,0.80055,2.80,3.20
2009.03.24 03:47:28.965,0.80015,0.8006,2.80,3.20
2009.03.24 03:47:29.355,0.8002,0.8006,2.80,3.20
2009.03.24 03:48:08.186,0.80025,0.8006,2.80,3.20
2009.03.24 03:48:10.265,0.8002,0.8006,2.80,3.20
2009.03.24 03:48:11.535,0.8002,0.8006,2.40,3.40
2009.03.24 03:48:17.103,0.80015,0.8006,4.20,3.20
2009.03.24 03:48:17.623,0.8002,0.8006,2.80,3.20
2009.03.24 03:48:34.119,0.8002,0.80055,2.80,3.20
2009.03.24 03:48:34.689,0.8001,0.80055,5.40,3.20
2009.03.24 03:48:34.969,0.80015,0.80055,2.80,3.20
2009.03.24 03:48:41.598,0.8002,0.80055,2.80,3.20
2009.03.24 03:48:41.827,0.8001,0.80055,5.40,3.20
2009.03.24 03:48:43.617,0.8001,0.8006,5.40,3.20
2009.03.24 03:48:52.375,0.8002,0.8006,2.80,3.20
2009.03.24 03:48:57.254,0.8002,0.80065,2.80,3.20
2009.03.24 03:49:17.749,0.8002,0.8007,2.80,3.20
2009.03.24 03:49:18.258,0.80025,0.8007,2.80,3.20
2009.03.24 03:49:18.999,0.8002,0.8007,2.80,3.20
2009.03.24 03:49:19.978,0.80025,0.8007,2.80,3.20
2009.03.24 03:49:20.448,0.8002,0.8007,2.80,3.20
2009.03.24 03:49:21.208,0.80025,0.8007,2.80,3.20
2009.03.24 03:49:22.947,0.8002,0.8007,2.80,3.20
2009.03.24 03:49:24.027,0.80025,0.8007,2.80,3.20
2009.03.24 03:49:27.996,0.80025,0.80065,2.80,3.20
2009.03.24 03:49:28.406,0.8002,0.80065,2.80,3.20
2009.03.24 03:49:39.163,0.80025,0.80065,2.80,3.20
2009.03.24 03:50:24.963,0.8003,0.80065,2.80,3.20
2009.03.24 03:50:25.262,0.8003,0.8007,2.80,3.20
2009.03.24 03:50:27.032,0.8003,0.80065,2.80,3.20
2009.03.24 03:50:27.612,0.8003,0.80075,2.80,3.20
2009.03.24 03:50:27.892,0.8004,0.80075,2.80,3.20
2009.03.24 03:50:28.062,0.8004,0.8007,2.80,3.20
2009.03.24 03:50:28.302,0.8004,0.80075,2.80,3.20
2009.03.24 03:50:30.401,0.8003,0.80075,2.80,3.20
2009.03.24 03:50:31.141,0.8003,0.8007,2.80,3.20
2009.03.24 03:50:31.381,0.80025,0.8007,2.80,3.20
2009.03.24 03:50:33.630,0.8003,0.8007,2.80,3.20
2009.03.24 03:50:35.550,0.80025,0.8007,2.80,3.20
2009.03.24 03:50:36.120,0.8003,0.8007,2.80,3.20
2009.03.24 03:50:45.087,0.80025,0.8007,2.80,3.20
2009.03.24 03:50:56.845,0.80025,0.8006,2.80,3.20
2009.03.24 03:50:57.025,0.80025,0.8007,2.80,3.20
2009.03.24 03:50:58.515,0.8002,0.8007,2.80,3.20
2009.03.24 03:50:58.634,0.8002,0.80065,2.80,3.20
2009.03.24 03:51:09.632,0.8002,0.8006,2.80,3.20
2009.03.24 03:51:09.692,0.8001,0.8006,5.40,3.20
2009.03.24 03:51:10.161,0.8002,0.8006,2.80,3.20
2009.03.24 03:51:15.740,0.80015,0.8006,2.80,3.20
2009.03.24 03:51:21.499,0.8002,0.8006,2.80,3.20
2009.03.24 03:51:30.646,0.80015,0.8006,2.80,3.20
2009.03.24 03:51:33.156,0.80015,0.80055,2.80,3.20
2009.03.24 03:51:33.396,0.80015,0.8006,2.80,3.20
2009.03.24 03:51:33.996,0.80015,0.80055,2.80,3.20
2009.03.24 03:51:35.947,0.80015,0.8005,2.80,3.20
2009.03.24 03:51:36.395,0.80015,0.80055,2.80,3.20
2009.03.24 03:51:42.784,0.80015,0.80055,2.80,3.20
2009.03.24 03:51:51.931,0.80015,0.8005,2.80,3.20
2009.03.24 03:51:52.161,0.8002,0.8005,1.00,3.20
2009.03.24 03:51:52.511,0.80015,0.8005,2.80,3.20
2009.03.24 03:52:20.005,0.80015,0.80055,2.80,3.20
2009.03.24 03:52:20.065,0.80015,0.80055,4.20,3.20
2009.03.24 03:52:22.544,0.80015,0.8006,4.20,3.20
2009.03.24 03:52:22.994,0.80015,0.80065,4.20,4.00
2009.03.24 03:52:23.174,0.8002,0.80065,2.80,4.00
2009.03.24 03:52:30.822,0.80015,0.8006,4.20,3.20
2009.03.24 03:52:31.642,0.80015,0.80065,4.20,4.00
2009.03.24 03:52:31.872,0.8002,0.80065,2.80,4.00
2009.03.24 03:52:32.151,0.8002,0.80065,4.20,3.20
2009.03.24 03:52:32.441,0.8002,0.80065,5.40,3.20
2009.03.24 03:52:32.741,0.8002,0.8007,5.40,6.20
2009.03.24 03:52:33.131,0.8002,0.80065,5.40,3.20
2009.03.24 03:52:42.849,0.8005,0.80075,1.00,3.20
2009.03.24 03:52:43.069,0.80035,0.80075,4.20,3.20
2009.03.24 03:52:43.309,0.8004,0.80075,2.40,3.20
2009.03.24 03:52:43.719,0.8004,0.8008,2.40,3.20
2009.03.24 03:52:44.079,0.80035,0.8008,4.20,3.20
2009.03.24 03:52:45.378,0.80035,0.80075,4.20,3.20
2009.03.24 03:52:45.608,0.8004,0.80075,2.40,3.20
2009.03.24 03:52:46.758,0.8004,0.80085,2.40,4.40
2009.03.24 03:52:46.938,0.8004,0.80085,2.80,4.00
2009.03.24 03:52:47.108,0.8004,0.80085,4.00,4.00
2009.03.24 03:52:47.218,0.8004,0.80085,5.40,3.20
2009.03.24 03:53:03.314,0.80055,0.80095,4.20,3.20
2009.03.24 03:53:22.639,0.8006,0.80095,2.80,3.20
2009.03.24 03:53:35.016,0.8006,0.8009,2.80,3.20
2009.03.24 03:53:35.356,0.8005,0.8009,5.40,3.20
2009.03.24 03:53:36.576,0.80055,0.8009,2.80,3.20
2009.03.24 03:53:36.746,0.80055,0.80095,2.80,3.20
2009.03.24 03:53:37.026,0.80055,0.801,2.80,4.00
2009.03.24 03:53:37.606,0.80055,0.801,4.20,3.20
2009.03.24 03:53:45.464,0.80055,0.8009,4.20,3.20
2009.03.24 03:53:45.634,0.8006,0.8009,2.40,3.20
2009.03.24 03:53:51.992,0.80065,0.801,1.40,3.20
2009.03.24 03:53:52.512,0.8007,0.801,1.00,3.20
2009.03.24 03:53:54.692,0.8007,0.80105,1.00,3.20
2009.03.24 03:53:54.912,0.8007,0.8011,1.00,4.40
2009.03.24 03:53:55.202,0.8007,0.8011,2.40,3.40
2009.03.24 03:53:55.491,0.80065,0.8011,4.20,3.20
2009.03.24 03:53:55.711,0.8007,0.8011,4.20,3.20
2009.03.24 03:54:03.160,0.8007,0.8011,2.80,3.20
2009.03.24 03:54:03.949,0.8007,0.80105,2.80,3.20
2009.03.24 03:54:04.569,0.80065,0.80105,4.20,3.20
2009.03.24 03:54:04.689,0.8007,0.80105,2.40,3.20
2009.03.24 03:54:06.369,0.8007,0.801,2.40,3.20
2009.03.24 03:54:06.639,0.8007,0.80095,1.00,3.20
2009.03.24 03:54:06.929,0.80055,0.80095,4.20,3.20
2009.03.24 03:54:07.528,0.80055,0.801,4.20,3.20
2009.03.24 03:54:07.758,0.80065,0.801,1.40,3.20
2009.03.24 03:54:07.878,0.80065,0.80105,2.80,4.00
2009.03.24 03:54:08.208,0.80065,0.80105,2.80,3.20
2009.03.24 03:54:11.127,0.8007,0.801,1.00,3.20
2009.03.24 03:54:11.468,0.80065,0.801,2.80,3.20
2009.03.24 03:54:23.575,0.80055,0.801,4.20,3.20
2009.03.24 03:54:26.244,0.8005,0.8009,5.40,3.20
2009.03.24 03:54:26.574,0.80045,0.8009,4.20,3.20
2009.03.24 03:54:28.883,0.8005,0.8009,2.40,3.20
2009.03.24 03:54:29.043,0.8005,0.80085,2.40,3.20
2009.03.24 03:54:31.013,0.8005,0.8008,2.40,3.20
2009.03.24 03:54:31.353,0.8004,0.80085,5.40,3.20
2009.03.24 03:54:31.942,0.8004,0.80085,2.80,4.00
2009.03.24 03:54:33.772,0.8004,0.80085,5.40,3.20
2009.03.24 03:54:34.222,0.8004,0.8008,4.00,3.20
2009.03.24 03:54:34.332,0.8004,0.8008,2.80,3.20
2009.03.24 03:54:35.841,0.80035,0.80075,4.20,3.20
2009.03.24 03:54:35.951,0.80035,0.80075,2.80,3.20
2009.03.24 03:54:36.322,0.8003,0.80075,5.40,3.20
2009.03.24 03:54:41.920,0.8003,0.8007,5.40,3.20
2009.03.24 03:54:42.210,0.8004,0.8007,1.00,3.20
2009.03.24 03:54:42.320,0.80035,0.8007,1.40,3.20
2009.03.24 03:54:42.560,0.80025,0.8007,4.20,3.20
2009.03.24 03:54:43.190,0.80025,0.80075,4.20,4.00
2009.03.24 03:54:43.420,0.80025,0.8007,4.20,3.20
2009.03.24 03:54:43.590,0.8003,0.8007,2.80,3.20
2009.03.24 03:54:44.039,0.80025,0.8007,4.20,3.20
2009.03.24 03:54:46.919,0.80025,0.80075,4.20,4.00
2009.03.24 03:54:47.259,0.8003,0.80075,2.80,4.00
2009.03.24 03:54:47.369,0.80035,0.80075,2.80,4.00
2009.03.24 03:54:53.028,0.8004,0.8007,1.00,3.20
2009.03.24 03:54:54.117,0.80035,0.8007,1.40,3.20
2009.03.24 03:55:02.655,0.8004,0.80075,1.00,3.40
2009.03.24 03:55:02.875,0.8003,0.80075,5.40,3.20
2009.03.24 03:55:23.390,0.8005,0.80085,2.80,3.20
2009.03.24 03:55:23.510,0.8005,0.80085,2.80,4.00
2009.03.24 03:55:23.680,0.80045,0.80085,2.80,4.00
2009.03.24 03:55:24.820,0.80045,0.8008,2.80,3.00
2009.03.24 03:55:27.010,0.80045,0.80085,2.80,4.00
2009.03.24 03:55:35.218,0.80045,0.80085,2.80,3.20
2009.03.24 03:55:35.338,0.80045,0.8009,2.80,6.20
2009.03.24 03:55:35.578,0.8005,0.8009,2.80,6.20
2009.03.24 03:55:36.937,0.8005,0.80085,2.80,3.20
2009.03.24 03:55:37.177,0.80045,0.80085,2.80,4.00
2009.03.24 03:55:37.577,0.80045,0.8009,2.80,6.20
2009.03.24 03:55:37.757,0.8005,0.8009,2.80,6.20
2009.03.24 03:55:37.987,0.8005,0.8009,2.80,4.00
2009.03.24 03:55:38.497,0.8005,0.80085,2.80,4.00
2009.03.24 03:55:38.717,0.8004,0.80085,2.80,4.00
2009.03.24 03:55:39.127,0.80045,0.8009,2.80,6.20
2009.03.24 03:55:39.307,0.8005,0.8009,2.80,6.20
2009.03.24 03:55:40.047,0.80045,0.80085,2.80,3.20
2009.03.24 03:55:40.436,0.80045,0.80085,2.80,4.00
2009.03.24 03:55:40.547,0.80045,0.8009,2.80,6.20
2009.03.24 03:55:40.826,0.8005,0.8009,2.80,6.20
2009.03.24 03:55:41.866,0.80045,0.80085,2.80,3.20
2009.03.24 03:55:49.474,0.80045,0.8008,2.80,3.20
2009.03.24 03:55:49.644,0.8004,0.8008,4.20,3.20
2009.03.24 03:55:49.874,0.8004,0.8008,2.80,3.20
2009.03.24 03:55:53.543,0.8004,0.8008,4.20,3.20
2009.03.24 03:55:56.242,0.8004,0.8008,2.80,3.20
2009.03.24 03:55:56.872,0.80035,0.8008,4.20,3.20
2009.03.24 03:55:59.642,0.80045,0.8008,1.40,3.20
2009.03.24 03:56:06.660,0.8004,0.8008,5.40,3.20
2009.03.24 03:56:18.447,0.80045,0.8009,2.80,6.20
2009.03.24 03:56:18.727,0.80045,0.8009,4.20,5.20
2009.03.24 03:56:24.456,0.80045,0.80085,4.20,3.20
2009.03.24 03:56:24.626,0.80045,0.80085,2.80,3.20
2009.03.24 03:56:38.073,0.80045,0.8009,2.80,6.20
2009.03.24 03:56:38.992,0.80045,0.80085,2.80,3.20
2009.03.24 03:56:47.330,0.80045,0.8009,4.20,3.20
2009.03.24 03:56:47.680,0.8005,0.8009,2.80,3.20
2009.03.24 03:56:49.660,0.8005,0.80085,2.80,3.20
2009.03.24 03:56:49.950,0.80045,0.80085,2.80,3.20
2009.03.24 03:56:50.699,0.80045,0.8009,2.80,6.20
2009.03.24 03:56:50.979,0.8005,0.8009,2.80,6.20
2009.03.24 03:56:51.859,0.8005,0.80085,2.80,3.20
2009.03.24 03:56:52.129,0.80045,0.80085,2.80,3.20
2009.03.24 03:56:52.819,0.80045,0.8009,2.80,6.20
2009.03.24 03:56:52.989,0.8005,0.8009,2.80,6.20
2009.03.24 03:56:54.129,0.8005,0.8008,2.80,3.20
2009.03.24 03:56:54.349,0.8004,0.80085,5.40,3.20
2009.03.24 03:56:54.578,0.80045,0.80085,2.80,3.20
2009.03.24 03:56:55.038,0.80045,0.8009,2.80,6.20
2009.03.24 03:56:55.209,0.8005,0.8009,2.80,6.20
2009.03.24 03:56:56.368,0.8005,0.80085,2.80,3.20
2009.03.24 03:56:56.778,0.80045,0.80085,2.80,3.20
2009.03.24 03:56:57.599,0.80045,0.8009,2.80,6.20
2009.03.24 03:56:57.658,0.8005,0.8009,2.80,5.20
2009.03.24 03:56:59.987,0.8005,0.8009,2.80,6.20
2009.03.24 03:57:00.387,0.8005,0.8009,2.80,4.00
2009.03.24 03:57:00.897,0.8005,0.8009,2.80,3.20
2009.03.24 03:57:01.297,0.80045,0.8009,4.20,3.20
2009.03.24 03:57:04.946,0.80045,0.80085,4.20,3.20
2009.03.24 03:57:05.176,0.8005,0.80085,2.40,3.20
2009.03.24 03:57:08.365,0.8004,0.80085,5.40,3.20
2009.03.24 03:57:08.485,0.8004,0.8008,5.40,3.20
2009.03.24 03:57:12.604,0.8004,0.80085,5.40,3.20
2009.03.24 03:57:12.924,0.80045,0.80085,2.80,3.20
2009.03.24 03:57:19.902,0.80045,0.80085,2.80,4.00
2009.03.24 03:57:22.712,0.80045,0.8008,2.80,3.20
2009.03.24 03:57:22.952,0.8004,0.8008,2.80,3.20
2009.03.24 03:57:28.160,0.80035,0.8008,4.20,3.20
2009.03.24 03:57:28.270,0.8004,0.80075,2.40,3.20
2009.03.24 03:57:28.490,0.8003,0.8007,5.40,3.20
2009.03.24 03:57:28.670,0.8004,0.8007,1.00,3.20
2009.03.24 03:57:29.590,0.8004,0.8007,1.00,3.40
2009.03.24 03:57:33.639,0.8004,0.8007,1.00,2.20
2009.03.24 03:57:33.859,0.8004,0.80075,1.00,3.40
2009.03.24 03:57:34.209,0.8004,0.80075,1.00,3.20
2009.03.24 03:57:34.959,0.8003,0.80075,5.40,3.20
2009.03.24 03:57:35.238,0.8004,0.80075,1.00,3.20
2009.03.24 03:57:35.619,0.8003,0.80075,5.40,3.20
2009.03.24 03:57:43.077,0.8004,0.8008,2.80,3.20
2009.03.24 03:57:43.137,0.80035,0.8008,4.20,3.20
2009.03.24 03:57:44.846,0.8004,0.8008,2.80,3.20
2009.03.24 03:57:45.426,0.8004,0.8008,2.80,3.00
2009.03.24 03:57:45.588,0.8004,0.80085,2.80,4.00
2009.03.24 03:57:45.706,0.80045,0.80085,2.80,3.20
2009.03.24 03:57:46.576,0.80045,0.8009,2.80,6.20
2009.03.24 03:57:48.635,0.80045,0.80085,2.80,3.20
2009.03.24 03:57:48.805,0.8004,0.80085,5.40,3.20
2009.03.24 03:57:50.545,0.8004,0.80085,2.80,4.00
2009.03.24 03:57:56.693,0.8005,0.8008,2.80,3.00
2009.03.24 03:57:56.933,0.8005,0.8008,2.80,2.00
2009.03.24 03:58:04.531,0.8005,0.80085,2.80,3.20
2009.03.24 03:58:04.702,0.8004,0.80085,4.20,3.20
2009.03.24 03:58:04.862,0.8004,0.80085,4.20,4.00
2009.03.24 03:58:12.889,0.80045,0.80085,2.80,4.00
2009.03.24 03:58:17.709,0.80045,0.8008,2.80,3.20
2009.03.24 03:58:17.830,0.8004,0.8008,4.20,3.20
2009.03.24 03:58:19.928,0.8005,0.8009,2.80,6.20
2009.03.24 03:58:25.516,0.8005,0.80085,2.80,3.20
2009.03.24 03:58:26.436,0.8005,0.8009,2.80,6.20
2009.03.24 03:58:26.896,0.80055,0.8009,2.80,6.20
2009.03.24 03:58:27.656,0.80055,0.8008,2.80,3.20
2009.03.24 03:58:27.886,0.80045,0.8008,2.80,3.20
2009.03.24 03:58:27.996,0.8004,0.8008,2.80,3.20
2009.03.24 03:58:28.176,0.8004,0.8008,2.80,4.00
2009.03.24 03:58:28.906,0.8003,0.8007,5.40,3.20
2009.03.24 03:58:29.306,0.80035,0.8007,2.80,3.20
2009.03.24 03:58:29.485,0.80035,0.80075,2.80,3.20
2009.03.24 03:58:30.125,0.80035,0.8007,2.80,3.20
2009.03.24 03:59:05.417,0.80035,0.80075,2.80,3.20
2009.03.24 03:59:09.966,0.80035,0.8008,2.80,6.20
2009.03.24 03:59:10.136,0.8004,0.8008,2.80,6.20
2009.03.24 03:59:14.695,0.8004,0.80075,2.80,3.20
2009.03.24 03:59:14.935,0.80035,0.80075,2.80,3.20
2009.03.24 03:59:20.233,0.80035,0.8007,2.80,3.20
2009.03.24 03:59:20.334,0.8003,0.8007,2.80,3.20
2009.03.24 03:59:20.933,0.8003,0.8006,2.80,3.20
2009.03.24 03:59:20.993,0.8003,0.8006,1.00,3.20
2009.03.24 03:59:21.453,0.8002,0.8007,5.40,6.20
2009.03.24 03:59:21.793,0.8003,0.8007,2.80,6.20
2009.03.24 03:59:23.492,0.8003,0.8007,2.80,4.00
2009.03.24 03:59:24.052,0.80025,0.8007,2.80,4.00
2009.03.24 03:59:24.352,0.8003,0.8007,2.80,4.00
2009.03.24 03:59:25.102,0.80025,0.8007,2.80,4.00
2009.03.24 03:59:25.492,0.8003,0.8007,2.80,4.00
2009.03.24 03:59:32.320,0.8003,0.80075,2.80,4.00
2009.03.24 03:59:33.000,0.80025,0.8007,2.80,4.00
2009.03.24 03:59:33.290,0.8002,0.8007,5.40,4.00
2009.03.24 03:59:34.500,0.8003,0.8006,1.00,3.20
2009.03.24 03:59:35.069,0.80025,0.8006,2.80,3.20
2009.03.24 03:59:35.849,0.8003,0.8006,1.00,3.20
2009.03.24 03:59:37.979,0.8003,0.8006,2.80,3.20
2009.03.24 03:59:38.299,0.80025,0.8007,2.80,6.20
2009.03.24 03:59:39.248,0.8003,0.8007,2.80,6.20
2009.03.24 03:59:40.968,0.8003,0.8007,2.80,4.00
2009.03.24 03:59:41.538,0.8003,0.8006,2.80,3.20
2009.03.24 03:59:41.718,0.8003,0.8006,1.00,3.20
2009.03.24 03:59:44.087,0.8003,0.80055,1.00,3.20
2009.03.24 03:59:44.317,0.80015,0.80055,4.20,3.20
2009.03.24 03:59:44.547,0.8002,0.80055,2.40,3.20
2009.03.24 03:59:44.837,0.8001,0.8005,1.00,6.40
2009.03.24 03:59:51.925,0.8001,0.8004,1.00,3.20
2009.03.24 03:59:59.404,0.8001,0.8004,2.80,3.20
2009.03.24 03:59:59.624,0.8001,0.80045,2.80,3.20
